Date,Open,High,Low,Close,Volume,Dividends,Stock Splits
2002-05-02 00:00:00-04:00,2.1607265999137604,2.1648263931274414,2.1607265999137604,2.1648263931274414,3610,0.0,0.0
2002-05-03 00:00:00-04:00,2.1661932468414307,2.1661932468414307,2.1661932468414307,2.1661932468414307,4266,0.0,0.0
2002-05-06 00:00:00-04:00,2.1661932468414307,2.1730263780007886,2.1566261361529877,2.1661932468414307,15094,0.0,0.0
2002-05-07 00:00:00-04:00,2.166193560202377,2.17576003074646,2.166193560202377,2.17576003074646,10500,0.0,0.0
2002-05-08 00:00:00-04:00,2.183959615519817,2.186692953109741,2.16209270095771,2.186692953109741,47252,0.0,0.0
2002-05-09 00:00:00-04:00,2.1866934239721076,2.1948934385075947,2.1866934239721076,2.1935269832611084,24610,0.0,0.0
2002-05-10 00:00:00-04:00,2.1798609603003873,2.1825942993164062,2.1620938290106104,2.1825942993164062,13782,0.0,0.0
2002-05-13 00:00:00-04:00,2.1730260848999023,2.1730260848999023,2.1730260848999023,2.1730260848999023,7547,0.0,0.0
2002-05-14 00:00:00-04:00,2.166192954662207,2.1866929869034495,2.166192954662207,2.1730260848999023,31829,0.0,0.0
2002-05-15 00:00:00-04:00,2.17302643079491,2.17302643079491,2.16619329946954,2.170293092727661,27892,0.0,0.0
2002-05-16 00:00:00-04:00,2.170292747267737,2.1730260848999023,2.159359182896355,2.1730260848999023,40689,0.0,0.0
2002-05-17 00:00:00-04:00,2.1730268972891347,2.2140274047851562,2.1730268972891347,2.2140274047851562,318622,0.0,0.0
2002-05-20 00:00:00-04:00,2.194892965879513,2.194892965879513,2.186692953109741,2.186692953109741,6563,0.0,0.0
2002-05-21 00:00:00-04:00,2.159359182896355,2.1730260848999023,2.15252605265866,2.1730260848999023,11157,0.0,0.0
2002-05-22 00:00:00-04:00,2.1730270786177575,2.1730270786177575,2.15936017036438,2.15936017036438,8860,0.0,0.0
2002-05-23 00:00:00-04:00,2.173026456282689,2.173026456282689,2.132025957107544,2.132025957107544,20016,0.0,0.0
2002-05-24 00:00:00-04:00,2.145692825317383,2.1661932884025212,2.145692825317383,2.145692825317383,12797,0.0,0.0
2002-05-28 00:00:00-04:00,2.1661932468414307,2.179860150688389,2.15935947415383,2.1661932468414307,60706,0.0,0.0
2002-05-29 00:00:00-04:00,2.15936017036438,2.1798608535086714,2.15936017036438,2.15936017036438,12797,0.0,0.0
2002-05-30 00:00:00-04:00,2.1593603765229483,2.1593603765229483,2.0841931224028576,2.1115267276763916,65299,0.0,0.0
2002-05-31 00:00:00-04:00,2.122459487602718,2.132025957107544,2.122459487602718,2.132025957107544,15422,0.0,0.0
2002-06-03 00:00:00-04:00,2.1320255596570408,2.1456924614485677,2.022690773010254,2.022690773010254,45283,0.0,0.0
2002-06-04 00:00:00-04:00,2.0226911210899035,2.0226911210899035,2.0090248584747314,2.0090248584747314,4922,0.0,0.0
2002-06-05 00:00:00-04:00,2.002192735671997,2.002192735671997,2.002192735671997,2.002192735671997,8203,0.0,0.0
2002-06-06 00:00:00-04:00,2.0158576428785637,2.022690773010254,1.995357610955346,2.022690773010254,10829,0.0,0.0
2002-06-07 00:00:00-04:00,2.0431909245944095,2.0568578243255615,2.0363573678074918,2.0568578243255615,12141,0.0,0.0
2002-06-10 00:00:00-04:00,2.0636914393491637,2.1183588373032136,2.0568583086386663,2.0937585830688477,35111,0.0,0.0
2002-06-11 00:00:00-04:00,2.0841921121029636,2.0841921121029636,2.036357844915276,2.0500247478485107,31173,0.0,0.0
2002-06-12 00:00:00-04:00,2.0226909419820416,2.070525209169729,2.0226909419820416,2.0500247478485107,17391,0.0,0.0
2002-06-13 00:00:00-04:00,2.0226909419820416,2.0500247478485107,2.0158578112795245,2.0500247478485107,26251,0.0,0.0
2002-06-14 00:00:00-04:00,2.0295244251284075,2.0541246758299967,2.0295244251284075,2.045924663543701,6563,0.0,0.0
2002-06-17 00:00:00-04:00,2.056858242728497,2.070525145239749,2.056858242728497,2.065058469772339,20345,0.0,0.0
2002-06-18 00:00:00-04:00,2.0500243560421922,2.0500243560421922,2.029524326324463,2.029524326324463,7219,0.0,0.0
2002-06-19 00:00:00-04:00,2.0308906934521045,2.0568578243255615,2.0308906934521045,2.0568578243255615,6235,0.0,0.0
2002-06-20 00:00:00-04:00,2.077359387007276,2.077359387007276,2.050025781205483,2.0732595920562744,29532,0.0,0.0
2002-06-21 00:00:00-04:00,2.0705251154563644,2.0910251481642708,2.0705251154563644,2.0773582458496094,21985,0.0,0.0
2002-06-24 00:00:00-04:00,2.050024588625047,2.104691982269287,2.050024588625047,2.104691982269287,41674,0.0,0.0
2002-06-25 00:00:00-04:00,2.1183590115271484,2.1702930759312107,2.1183590115271484,2.152526378631592,46596,0.0,0.0
2002-06-26 00:00:00-04:00,2.1320265677004415,2.15936017036438,2.1320265677004415,2.15936017036438,32158,0.0,0.0
2002-06-27 00:00:00-04:00,2.170293739735645,2.1798608535086714,2.1046929650365027,2.15936017036438,66284,0.0,0.0
2002-06-28 00:00:00-04:00,2.1730262487732,2.1730262487732,2.0705252244662558,2.118358850479126,368171,0.0,0.0
2002-07-01 00:00:00-04:00,2.118359052768244,2.132025957107544,2.08829211983309,2.132025957107544,73175,0.0,0.0
2002-07-02 00:00:00-04:00,2.138859311951797,2.1661931180202014,2.118358850479126,2.118358850479126,32486,0.0,0.0
2002-07-03 00:00:00-04:00,2.1238269142126263,2.1238269142126263,2.1046933249233235,2.1128933429718018,43314,0.0,0.0
2002-07-05 00:00:00-04:00,2.1101584434509277,2.1101584434509277,2.1101584434509277,2.1101584434509277,656,0.0,0.0
2002-07-08 00:00:00-04:00,2.1046923622716993,2.163459986777863,2.1046923622716993,2.132025957107544,9516,0.0,0.0
2002-07-09 00:00:00-04:00,2.147060359237692,2.15936017036438,2.145693475953819,2.15936017036438,43314,0.0,0.0
2002-07-10 00:00:00-04:00,2.1456922564076826,2.1620924942217763,2.10879198862934,2.1101584434509277,43642,0.0,0.0
2002-07-11 00:00:00-04:00,2.090962251358611,2.1115288758242836,2.070394983280844,2.086848497390747,14110,0.015237,0.0
2002-07-12 00:00:00-04:00,2.0909626556198817,2.0909626556198817,2.070395383565692,2.084106683731079,5906,0.0,0.0
2002-07-15 00:00:00-04:00,2.056684760457331,2.056684760457331,1.9922422144387828,2.0128092765808105,89254,0.0,0.0
2002-07-16 00:00:00-04:00,2.012809927866882,2.088221369255484,1.9867582072732646,2.073138952255249,63002,0.0,0.0
2002-07-17 00:00:00-04:00,2.0703957080841064,2.0703957080841064,2.029262015677966,2.0703957080841064,8203,0.0,0.0
2002-07-18 00:00:00-04:00,2.0703963294800793,2.0950767239611365,2.022407293319702,2.022407293319702,26251,0.0,0.0
2002-07-19 00:00:00-04:00,2.0224078207829512,2.025150039876598,1.9195737466209568,1.9538516998291016,83347,0.0,0.0
2002-07-22 00:00:00-04:00,1.926427114027796,1.9332830838409758,1.783830364905665,1.816737174987793,126661,0.0,0.0
2002-07-23 00:00:00-04:00,1.8510170995251378,1.9099752291885188,1.7961721905410182,1.803027629852295,166694,0.0,0.0
2002-07-24 00:00:00-04:00,1.7961717196541005,1.9058616161346436,1.7810890920570501,1.9058616161346436,108942,0.0,0.0
2002-07-25 00:00:00-04:00,1.9099745327548094,1.9264280530849818,1.889407900513901,1.9209436178207397,98113,0.0,0.0
2002-07-26 00:00:00-04:00,1.922314385357574,1.973045825958252,1.922314385357574,1.973045825958252,90566,0.0,0.0
2002-07-29 00:00:00-04:00,1.9799037249604912,2.015553011519883,1.967563306756127,2.008697032928467,38392,0.0,0.0
2002-07-30 00:00:00-04:00,2.022406977073456,2.0566849159815006,2.022406977073456,2.037489175796509,28876,0.0,0.0
2002-07-31 00:00:00-04:00,2.0224075927439844,2.049829995125967,2.0224075927439844,2.0429742336273193,20345,0.0,0.0
2002-08-01 00:00:00-04:00,2.05942624451383,2.05942624451383,2.02926143102025,2.0402305126190186,363577,0.0,0.0
2002-08-02 00:00:00-04:00,2.0484577023042694,2.0525714576102594,2.041602373123169,2.041602373123169,19360,0.0,0.0
2002-08-05 00:00:00-04:00,2.056684569303946,2.056684569303946,2.0361179381483407,2.041602373123169,95488,0.0,0.0
2002-08-06 00:00:00-04:00,2.041602522628723,2.0553138256073,2.0361180872522726,2.0553138256073,43642,0.0,0.0
2002-08-07 00:00:00-04:00,2.0553135682261447,2.06354022026062,2.0306331830478728,2.06354022026062,28876,0.0,0.0
2002-08-08 00:00:00-04:00,2.0635409581334576,2.108787775039673,2.0594274161078925,2.108787775039673,96144,0.0,0.0
2002-08-09 00:00:00-04:00,2.111530982586679,2.118386745452881,2.111530982586679,2.118386745452881,6563,0.0,0.0
2002-08-12 00:00:00-04:00,2.1046736240386963,2.1046736240386963,2.1046736240386963,2.1046736240386963,328,0.0,0.0
2002-08-13 00:00:00-04:00,2.104673848887188,2.1211273670196533,2.104673848887188,2.1211273670196533,1969,0.0,0.0
2002-08-14 00:00:00-04:00,2.121127583221523,2.1471786499023438,2.121127583221523,2.1471786499023438,10500,0.0,0.0
2002-08-15 00:00:00-04:00,2.1526634086837606,2.1526634086837606,2.1252408027648926,2.1252408027648926,3610,0.0,0.0
2002-08-16 00:00:00-04:00,2.118385586232522,2.145807979078547,2.11152982711792,2.11152982711792,7547,0.0,0.0
2002-08-19 00:00:00-04:00,2.1458072009737212,2.169116258621216,2.1293538999548196,2.169116258621216,50533,0.0,0.0
2002-08-20 00:00:00-04:00,2.1691169904218275,2.1691169904218275,2.152663469314575,2.152663469314575,9844,0.0,0.0
2002-08-21 00:00:00-04:00,2.169116258621216,2.169116258621216,2.163631610410865,2.169116258621216,16735,0.0,0.0
2002-08-22 00:00:00-04:00,2.169116868673173,2.1732304096221924,2.159519107046164,2.1732304096221924,23298,0.0,0.0
2002-08-23 00:00:00-04:00,2.173231114576836,2.191055534808897,2.173231114576836,2.182828664779663,10172,0.0,0.0
2002-08-26 00:00:00-04:00,2.174600978804336,2.186941385269165,2.174600978804336,2.186941385269165,6891,0.0,0.0
2002-08-27 00:00:00-04:00,2.1869417121982213,2.189683929805938,2.1732304096221924,2.1732304096221924,39705,0.0,0.0
2002-08-28 00:00:00-04:00,2.1732304096221924,2.189683929805938,2.1732304096221924,2.1732304096221924,35767,0.0,0.0
2002-08-29 00:00:00-04:00,2.173231186169911,2.1855709552764893,2.173231186169911,2.1855709552764893,37408,0.0,0.0
2002-08-30 00:00:00-04:00,2.186942110206177,2.186942110206177,2.173230805134788,2.180086135864258,2297,0.0,0.0
2002-09-03 00:00:00-04:00,2.173231071836362,2.173231071836362,2.1252413909284065,2.145808458328247,46267,0.0,0.0
2002-09-04 00:00:00-04:00,2.15266414970395,2.159519910812378,2.132097509991237,2.159519910812378,7219,0.0,0.0
2002-09-05 00:00:00-04:00,2.1252408027648926,2.1416943234087236,2.1252408027648926,2.1252408027648926,30189,0.0,0.0
2002-09-06 00:00:00-04:00,2.126612511849706,2.1389524936676025,2.0991901154946686,2.1389524936676025,7875,0.0,0.0
2002-09-09 00:00:00-04:00,2.125241269471221,2.1320972442626953,2.1046746323217786,2.1320972442626953,8532,0.0,0.0
2002-09-10 00:00:00-04:00,2.133468444554407,2.133468444554407,2.063541224614557,2.090963840484619,11157,0.0,0.0
2002-09-11 00:00:00-04:00,2.073138967311228,2.0991904735565186,2.063541202037982,2.0991904735565186,32158,0.0,0.0
2002-09-12 00:00:00-04:00,2.097817897796631,2.0991892208405525,2.084106598193991,2.097817897796631,38720,0.0,0.0
2002-09-13 00:00:00-04:00,2.0923339760146806,2.1252408027648926,2.090963081709932,2.1252408027648926,16407,0.0,0.0
2002-09-16 00:00:00-04:00,2.1252407902317225,2.126612113603284,2.1238698959350586,2.1238698959350586,4594,0.0,0.0
2002-09-17 00:00:00-04:00,2.111529166470902,2.111529166470902,2.0978178670690966,2.1046736240386963,87941,0.0,0.0
2002-09-18 00:00:00-04:00,2.0978179709993,2.0991892940910737,2.0772513426837707,2.082735776901245,36751,0.0,0.0
2002-09-19 00:00:00-04:00,2.0566846203070193,2.0703957080841064,2.0553137260667507,2.0703957080841064,121739,0.0,0.0
2002-09-20 00:00:00-04:00,2.070395820961747,2.070395820961747,2.056684732437134,2.056684732437134,34783,0.0,0.0
2002-09-23 00:00:00-04:00,2.056684627297825,2.060798168182373,2.056684627297825,2.060798168182373,6891,0.0,0.0
2002-09-24 00:00:00-04:00,2.0621692076474734,2.0978184675744123,2.059426989889625,2.092334032058716,58080,0.0,0.0
2002-09-25 00:00:00-04:00,2.084107461547715,2.095076548681315,2.084107461547715,2.093705654144287,17719,0.0,0.0
2002-09-26 00:00:00-04:00,2.084106683731079,2.084106683731079,2.084106683731079,2.084106683731079,2625,0.0,0.0
2002-09-27 00:00:00-04:00,2.0909638618748003,2.0909638618748003,2.056685484417797,2.0662834644317627,16735,0.0,0.0
2002-09-30 00:00:00-04:00,2.056684370795952,2.070395456909649,2.056684370795952,2.0690245628356934,10500,0.0,0.0
2002-10-01 00:00:00-04:00,2.0607990059350563,2.09370605916412,2.0580567872555555,2.090963840484619,10500,0.0,0.0
2002-10-02 00:00:00-04:00,2.0909629750044734,2.0909629750044734,2.077251672744751,2.077251672744751,3610,0.0,0.0
2002-10-03 00:00:00-04:00,2.0772516810475294,2.090962983362056,2.0703957080841064,2.0703957080841064,1969,0.0,0.0
2002-10-04 00:00:00-04:00,2.0580570101136266,2.0580570101136266,2.0484588146209717,2.0484588146209717,14766,0.0,0.0
2002-10-07 00:00:00-04:00,2.0443447806170596,2.0443447806170596,2.0128092765808105,2.0128092765808105,35111,0.0,0.0
2002-10-08 00:00:00-04:00,2.0128107917134095,2.0141816870790303,2.0073261375628455,2.008697032928467,6891,0.0,0.0
2002-10-09 00:00:00-04:00,1.9949843559622706,2.001840114593506,1.9675617505122232,2.001840114593506,29532,0.0,0.0
2002-10-10 00:00:00-04:00,1.9949602986421524,2.0018393993377686,1.9729469611415533,2.0018393993377686,18704,0.015237,0.0
2002-10-11 00:00:00-04:00,1.9990881652801462,2.008719123485675,1.9990881652801462,2.0004642009735107,16407,0.0,0.0
2002-10-14 00:00:00-04:00,2.0004642009735107,2.0004642009735107,2.0004642009735107,2.0004642009735107,0,0.0,0.0
2002-10-15 00:00:00-04:00,2.0004642009735107,2.0018398061175344,1.994960704024064,2.0004642009735107,14438,0.0,0.0
2002-10-16 00:00:00-04:00,2.008719409321492,2.0155982971191406,1.9949609879020918,2.0155982971191406,2953,0.0,0.0
2002-10-17 00:00:00-04:00,2.0155979579669796,2.0155979579669796,2.003215789794922,2.003215789794922,5906,0.0,0.0
2002-10-18 00:00:00-04:00,2.0032161268636126,2.0155982971191406,2.0032161268636126,2.0155982971191406,2297,0.0,0.0
2002-10-21 00:00:00-04:00,2.0087194442749023,2.0087194442749023,2.0087194442749023,2.0087194442749023,1641,0.0,0.0
2002-10-22 00:00:00-04:00,1.9990888833999634,1.9990888833999634,1.9990888833999634,1.9990888833999634,328,0.0,0.0
2002-10-23 00:00:00-04:00,1.999088233050408,2.048618200351829,1.999088233050408,2.0472421646118164,3938,0.0,0.0
2002-10-24 00:00:00-04:00,2.033484511487607,2.0348601169057328,2.0307328701019287,2.0307328701019287,11813,0.0,0.0
2002-10-25 00:00:00-04:00,2.0334835756653757,2.036234785235503,2.0334835756653757,2.0348591804504395,1969,0.0,0.0
2002-10-28 00:00:00-05:00,2.029357433319092,2.029357433319092,2.027981827494807,2.029357433319092,1969,0.0,0.0
2002-10-29 00:00:00-05:00,2.029357396069064,2.03623628616333,2.029357396069064,2.03623628616333,11485,0.0,0.0
2002-10-30 00:00:00-05:00,2.0362357223238585,2.0362357223238585,2.0307328701019287,2.0307328701019287,21329,0.0,0.0
2002-10-31 00:00:00-05:00,2.03623628616333,2.03623628616333,2.029357396069064,2.03623628616333,25267,0.0,0.0
2002-11-01 00:00:00-05:00,2.0334838899676155,2.0637519359588623,2.0334838899676155,2.0637519359588623,10500,0.0,0.0
2002-11-04 00:00:00-05:00,2.0623763309611807,2.0637519359588623,2.0582486548695447,2.0637519359588623,5250,0.0,0.0
2002-11-05 00:00:00-05:00,2.0431153774261475,2.0431153774261475,2.0293569544076266,2.0431153774261475,16407,0.0,0.0
2002-11-06 00:00:00-05:00,2.045865956202477,2.0637516169782897,2.0321075403310838,2.0348591804504395,9516,0.0,0.0
2002-11-07 00:00:00-05:00,2.0334847141496106,2.0417394238546165,2.0334847141496106,2.037611961364746,119442,0.0,0.0
2002-11-08 00:00:00-05:00,2.063751810331854,2.063751810331854,2.0472417527942723,2.0513694286346436,38392,0.0,0.0
2002-11-11 00:00:00-05:00,2.061000208405933,2.061000208405933,2.041738510131836,2.041738510131836,10500,0.0,0.0
2002-11-12 00:00:00-05:00,2.0458663237620214,2.0637519877511656,2.0458663237620214,2.061000347137451,13782,0.0,0.0
2002-11-13 00:00:00-05:00,2.0499937656471503,2.0623765801435376,2.0499937656471503,2.056873083114624,4266,0.0,0.0
2002-11-14 00:00:00-05:00,2.0609999549129383,2.0692548751831055,2.054120854687799,2.0692548751831055,34126,0.0,0.0
2002-11-15 00:00:00-05:00,2.037611369559962,2.0678798495772894,2.0362353338549264,2.0499937534332275,14110,0.0,0.0
2002-11-18 00:00:00-05:00,2.0431144940483614,2.0527450200303585,2.0431144940483614,2.044490098953247,7547,0.0,0.0
2002-11-19 00:00:00-05:00,2.0568731231438404,2.0568731231438404,2.0472421646118164,2.0472421646118164,2297,0.0,0.0
2002-11-20 00:00:00-05:00,2.0541208356275757,2.0651276111602783,2.043114275369483,2.0651276111602783,21329,0.0,0.0
2002-11-21 00:00:00-05:00,2.0651276815571507,2.0665032863616943,2.0554965104537883,2.0665032863616943,15751,0.0,0.0
2002-11-22 00:00:00-05:00,2.062377691268921,2.062377691268921,2.062377691268921,2.062377691268921,328,0.0,0.0
2002-11-25 00:00:00-05:00,2.0623763309611807,2.0637519359588623,2.0623763309611807,2.0637519359588623,8203,0.0,0.0
2002-11-26 00:00:00-05:00,2.0568734144929826,2.0582492351531982,2.049994095917197,2.0582492351531982,13126,0.0,0.0
2002-11-27 00:00:00-05:00,2.063752389497468,2.1009001908380562,2.0568732866240413,2.091269016265869,60706,0.0,0.0
2002-11-29 00:00:00-05:00,2.099524736404419,2.099524736404419,2.099524736404419,2.099524736404419,1641,0.0,0.0
2002-12-02 00:00:00-05:00,2.099524931812834,2.099524931812834,2.0651291894445825,2.0747597217559814,22970,0.0,0.0
2002-12-03 00:00:00-05:00,2.0747582723147993,2.0747582723147993,2.0637517113341497,2.0706310272216797,20345,0.0,0.0
2002-12-04 00:00:00-05:00,2.0637523200898253,2.077510525373966,2.0637523200898253,2.0761349201202393,27564,0.0,0.0
2002-12-05 00:00:00-05:00,2.0706317949213564,2.0706317949213564,2.0651285123906553,2.067880153656006,10500,0.0,0.0
2002-12-06 00:00:00-05:00,2.0678793869765175,2.098147860222551,2.0678793869765175,2.0706310272216797,17719,0.0,0.0
2002-12-09 00:00:00-05:00,2.070631741867964,2.0981485843658447,2.0692557059958414,2.0981485843658447,7547,0.0,0.0
2002-12-10 00:00:00-05:00,2.0802624516683865,2.0926450521152495,2.077510595244321,2.091269016265869,7875,0.0,0.0
2002-12-11 00:00:00-05:00,2.0981480773428345,2.125664697916553,2.0981480773428345,2.1187853813171387,31829,0.0,0.0
2002-12-12 00:00:00-05:00,2.1256650015186187,2.1256650015186187,2.122913360595703,2.122913360595703,4266,0.0,0.0
2002-12-13 00:00:00-05:00,2.1201604532840723,2.1201604532840723,2.1050260066986084,2.1050260066986084,3610,0.0,0.0
2002-12-16 00:00:00-05:00,2.1091545880557647,2.12153697013855,2.106402947592924,2.12153697013855,6563,0.0,0.0
2002-12-17 00:00:00-05:00,2.121537021847046,2.121537021847046,2.117409776326831,2.1187853813171387,5250,0.0,0.0
2002-12-18 00:00:00-05:00,2.105026908735875,2.107778549194336,2.105026908735875,2.107778549194336,11157,0.0,0.0
2002-12-19 00:00:00-05:00,2.105026368910328,2.1201608180999756,2.092643990022666,2.1201608180999756,18376,0.0,0.0
2002-12-20 00:00:00-05:00,2.1201608180999756,2.1229124578527894,2.096771234377301,2.1201608180999756,16735,0.0,0.0
2002-12-23 00:00:00-05:00,2.1229128183542763,2.1600601766000107,2.1229128183542763,2.1531810760498047,15422,0.0,0.0
2002-12-24 00:00:00-05:00,2.157309001734799,2.1765707027049555,2.118785599794487,2.1463022232055664,28220,0.0,0.0
2002-12-26 00:00:00-05:00,2.1669383933598128,2.1669383933598128,2.147676706314087,2.147676706314087,4922,0.0,0.0
2002-12-27 00:00:00-05:00,2.1463026486308427,2.1463026486308427,2.135295867919922,2.135295867919922,5578,0.0,0.0
2002-12-30 00:00:00-05:00,2.135295867919922,2.1463026486308427,2.1325442265608694,2.135295867919922,25923,0.0,0.0
2002-12-31 00:00:00-05:00,2.160060882421402,2.1875775088881797,2.1325440406799316,2.1325440406799316,28220,0.0,0.0
2003-01-02 00:00:00-05:00,2.132543353378572,2.132543353378572,2.077509902907157,2.111906051635742,54799,0.0,0.0
2003-01-03 00:00:00-05:00,2.098147123774808,2.125663731842751,2.098147123774808,2.1050260066986084,10829,0.0,0.0
2003-01-06 00:00:00-05:00,2.105026735780176,2.111906051635742,2.096771599808421,2.111906051635742,26907,0.0,0.0
2003-01-07 00:00:00-05:00,2.107778514579272,2.1311678886413574,2.0981479884074576,2.1311678886413574,12797,0.0,0.0
2003-01-08 00:00:00-05:00,2.1187855159689843,2.1339197551199227,2.1187855159689843,2.12428879737854,33470,0.0,0.0
2003-01-09 00:00:00-05:00,2.1435513362516816,2.144927372417105,2.1256656646728516,2.1256656646728516,6891,0.0,0.0
2003-01-10 00:00:00-05:00,2.146302726288926,2.1806988903457456,2.146302726288926,2.171067714691162,34783,0.0,0.0
2003-01-13 00:00:00-05:00,2.1573094551606675,2.1806988375419616,2.1573094551606675,2.1738193035125732,15094,0.0,0.0
2003-01-14 00:00:00-05:00,2.1738178807157675,2.1875762939453125,2.1683146015337784,2.1875762939453125,28548,0.0,0.0
2003-01-15 00:00:00-05:00,2.1875772800665687,2.1875772800665687,2.1614366921684054,2.1669399738311768,4594,0.0,0.0
2003-01-16 00:00:00-05:00,2.18620226243791,2.18620226243791,2.1614372730255127,2.1614372730255127,10500,0.0,0.0
2003-01-17 00:00:00-05:00,2.1614366421801567,2.1834499835968018,2.1352954090625604,2.1834499835968018,6563,0.0,0.0
2003-01-21 00:00:00-05:00,2.1806986331939697,2.193080803022882,2.1806986331939697,2.1806986331939697,28548,0.0,0.0
2003-01-22 00:00:00-05:00,2.1669410448200823,2.1669410448200823,2.133920907974243,2.133920907974243,9844,0.0,0.0
2003-01-23 00:00:00-05:00,2.133919705542044,2.140798807144165,2.133919705542044,2.140798807144165,4922,0.0,0.0
2003-01-24 00:00:00-05:00,2.139423574027338,2.139423574027338,2.1325440406799316,2.1325440406799316,18048,0.0,0.0
2003-01-27 00:00:00-05:00,2.1325440406799316,2.1325440406799316,2.1325440406799316,2.1325440406799316,34126,0.0,0.0
2003-01-28 00:00:00-05:00,2.133920586787932,2.1394240856170654,2.1187863417386166,2.1394240856170654,6891,0.0,0.0
2003-01-29 00:00:00-05:00,2.1325445538515035,2.133920590016927,2.1201623811101347,2.1256656646728516,15422,0.0,0.0
2003-01-30 00:00:00-05:00,2.125665765111995,2.125665765111995,2.0981491307234856,2.099524736404419,47580,0.0,0.0
2003-01-31 00:00:00-05:00,2.1311683013123424,2.1311683013123424,2.1119065994150423,2.1270406246185303,17719,0.0,0.0
2003-02-03 00:00:00-05:00,2.127039336207872,2.127039336207872,2.1050260066986084,2.1050260066986084,167022,0.0,0.0
2003-02-04 00:00:00-05:00,2.111906311311723,2.1297919750213623,2.109154670741009,2.1297919750213623,36751,0.0,0.0
2003-02-05 00:00:00-05:00,2.1284173032335425,2.143551333008114,2.1284173032335425,2.1394240856170654,64971,0.0,0.0
2003-02-06 00:00:00-05:00,2.1325445538515035,2.1325445538515035,2.1256656646728516,2.1256656646728516,22970,0.0,0.0
2003-02-07 00:00:00-05:00,2.1187861359898252,2.120162172019544,2.08439040184021,2.08439040184021,23954,0.0,0.0
2003-02-10 00:00:00-05:00,2.0857660495793344,2.116034322077216,2.0692559849101597,2.1132826805114746,62018,0.0,0.0
2003-02-11 00:00:00-05:00,2.14767901094865,2.158685793332173,2.1325445506245906,2.1394240856170654,146021,0.0,0.0
2003-02-12 00:00:00-05:00,2.132521447615515,2.139422522865984,2.132521447615515,2.136662006378174,32486,0.015237,0.0
2003-02-13 00:00:00-05:00,2.133901551703285,2.133901551703285,2.0869723381129903,2.091113328933716,26907,0.0,0.0
2003-02-14 00:00:00-05:00,2.0980133757905826,2.1187176718363188,2.0980133757905826,2.111816167831421,27564,0.0,0.0
2003-02-18 00:00:00-05:00,2.1118173472488144,2.138042688369751,2.1118173472488144,2.138042688369751,56440,0.0,0.0
2003-02-19 00:00:00-05:00,2.1228586494611954,2.1325208865645813,2.118718091787888,2.126999855041504,43970,0.0,0.0
2003-02-20 00:00:00-05:00,2.1187189607296344,2.135282278060913,2.1187189607296344,2.135282278060913,18048,0.0,0.0
2003-02-21 00:00:00-05:00,2.1325215472793393,2.1532254219055176,2.1325215472793393,2.1532254219055176,25923,0.0,0.0
2003-02-24 00:00:00-05:00,2.1463248570652556,2.1463248570652556,2.139423131942749,2.139423131942749,13454,0.0,0.0
2003-02-25 00:00:00-05:00,2.139423183552281,2.139423183552281,2.1311416315313805,2.1325221061706543,3610,0.0,0.0
2003-02-26 00:00:00-05:00,2.1256193811917345,2.126999855041504,2.1256193811917345,2.126999855041504,1313,0.0,0.0
2003-02-27 00:00:00-05:00,2.1187190251682555,2.1200990676879883,2.1187190251682555,2.1200990676879883,18376,0.0,0.0
2003-02-28 00:00:00-05:00,2.1187176718363188,2.1228582286889255,2.111816167831421,2.111816167831421,4922,0.0,0.0
2003-03-03 00:00:00-05:00,2.1118177941801566,2.1325221061706543,2.1076772341388303,2.1325221061706543,12141,0.0,0.0
2003-03-04 00:00:00-05:00,2.124239921569824,2.124239921569824,2.122859231372584,2.124239921569824,1641,0.0,0.0
2003-03-05 00:00:00-05:00,2.124239921569824,2.124239921569824,2.124239921569824,2.124239921569824,0,0.0,0.0
2003-03-06 00:00:00-05:00,2.146324452435823,2.153225528349969,2.142183245367733,2.1504650115966797,109598,0.0,0.0
2003-03-07 00:00:00-05:00,2.151846385622646,2.153226428607205,2.1463253498077393,2.1463253498077393,14110,0.0,0.0
2003-03-10 00:00:00-05:00,2.1394229503397413,2.1408034248285333,2.1256203651428223,2.1256203651428223,21001,0.0,0.0
2003-03-11 00:00:00-05:00,2.1270015084863965,2.1463253498077393,2.118719738794868,2.1463253498077393,7875,0.0,0.0
2003-03-12 00:00:00-05:00,2.13942301028208,2.13942301028208,2.1118176231456944,2.1173386573791504,15751,0.0,0.0
2003-03-13 00:00:00-05:00,2.1325208865645813,2.1325208865645813,2.1256193811917345,2.126999855041504,18704,0.0,0.0
2003-03-14 00:00:00-05:00,2.1270010714900542,2.1408036581915546,2.1270010714900542,2.1325221061706543,10500,0.0,0.0
2003-03-17 00:00:00-05:00,2.144944312108157,2.1697891827257694,2.139423061772712,2.1670286655426025,84003,0.0,0.0
2003-03-18 00:00:00-05:00,2.153225428414584,2.1601269359465736,2.1325215537258195,2.133901596069336,34126,0.0,0.0
2003-03-19 00:00:00-05:00,2.1421841410082227,2.1463253498077393,2.1159592208874147,2.1463253498077393,18048,0.0,0.0
2003-03-20 00:00:00-05:00,2.1325216527002975,2.154606002695692,2.1325216527002975,2.1504650115966797,20345,0.0,0.0
2003-03-21 00:00:00-05:00,2.1463231282351534,2.15460467338562,2.1463231282351534,2.15460467338562,17391,0.0,0.0
2003-03-24 00:00:00-05:00,2.126999433448405,2.126999433448405,2.111816167831421,2.111816167831421,6235,0.0,0.0
2003-03-25 00:00:00-05:00,2.1118169030507175,2.1559855937957764,2.1118169030507175,2.1559855937957764,2625,0.0,0.0
2003-03-26 00:00:00-05:00,2.1394229503397413,2.1435641578370173,2.1256203651428223,2.1256203651428223,11157,0.0,0.0
2003-03-27 00:00:00-05:00,2.15736641279982,2.15736641279982,2.1270005140456916,2.1532254219055176,2953,0.0,0.0
2003-03-28 00:00:00-05:00,2.1877321167285877,2.1877321167285877,2.171168804168701,2.171168804168701,7875,0.0,0.0
2003-03-31 00:00:00-05:00,2.1532257515057602,2.1532257515057602,2.1159585555049794,2.1256203651428223,18048,0.0,0.0
2003-04-01 00:00:00-05:00,2.1187189607296344,2.135282278060913,2.1187189607296344,2.135282278060913,19032,0.0,0.0
2003-04-02 00:00:00-05:00,2.136662211861154,2.153225528349969,2.1283806616012853,2.1504650115966797,12469,0.0,0.0
2003-04-03 00:00:00-05:00,2.1504648047862833,2.1504648047862833,2.136662006378174,2.136662006378174,36423,0.0,0.0
2003-04-04 00:00:00-05:00,2.1463253498077393,2.1463253498077393,2.135283062208757,2.1463253498077393,6563,0.0,0.0
2003-04-07 00:00:00-04:00,2.1463243463325252,2.158746455139165,2.1394226228523316,2.1532254219055176,37736,0.0,0.0
2003-04-08 00:00:00-04:00,2.1725489068174317,2.1725489068174317,2.153225077620339,2.1559855937957764,3610,0.0,0.0
2003-04-09 00:00:00-04:00,2.160126955235752,2.160126955235752,2.1532254476421344,2.1587464809417725,1969,0.0,0.0
2003-04-10 00:00:00-04:00,2.1601269245147705,2.167028216041169,2.158746450240424,2.1601269245147705,5906,0.0,0.0
2003-04-11 00:00:00-04:00,2.153226428607205,2.153226428607205,2.1463253498077393,2.1463253498077393,1969,0.0,0.0
2003-04-14 00:00:00-04:00,2.160126955235752,2.1615069975915917,2.150464930992315,2.1587464809417725,7875,0.0,0.0
2003-04-15 00:00:00-04:00,2.1532254219055176,2.1532254219055176,2.1532254219055176,2.1532254219055176,16407,0.0,0.0
2003-04-16 00:00:00-04:00,2.1532254170193053,2.1615069668509834,2.1532254170193053,2.1601269245147705,11157,0.0,0.0
2003-04-17 00:00:00-04:00,2.1615069031796335,2.187732458114624,2.1559858701211474,2.187732458114624,7547,0.0,0.0
2003-04-21 00:00:00-04:00,2.1877329186380092,2.1877329186380092,2.1766906342275476,2.18083119392395,21001,0.0,0.0
2003-04-22 00:00:00-04:00,2.189113323443039,2.1932543157628372,2.1849727630615234,2.1849727630615234,15422,0.0,0.0
2003-04-23 00:00:00-04:00,2.184971625167508,2.2084360122680664,2.184971625167508,2.2084360122680664,47252,0.0,0.0
2003-04-24 00:00:00-04:00,2.21533864274442,2.311957836151123,2.194634329328783,2.311957836151123,89910,0.0,0.0
2003-04-25 00:00:00-04:00,2.310577312481701,2.3740698622416594,2.310577312481701,2.3450844287872314,146350,0.0,0.0
2003-04-28 00:00:00-04:00,2.3326609329553247,2.3575057983398438,2.3202388242166645,2.3575057983398438,81378,0.0,0.0
2003-04-29 00:00:00-04:00,2.357506433837426,2.3602671671524016,2.3478448390960693,2.3478448390960693,16407,0.0,0.0
2003-04-30 00:00:00-04:00,2.3326610804840366,2.3726892216477036,2.3326610804840366,2.3671681880950928,142412,0.0,0.0
2003-05-01 00:00:00-04:00,2.365787917796144,2.3933933039093476,2.364407875258037,2.3809711933135986,254307,0.0,0.0
2003-05-02 00:00:00-04:00,2.3768304960647164,2.436182704460592,2.3768304960647164,2.4113376140594482,231665,0.0,0.0
2003-05-05 00:00:00-04:00,2.4113358538474916,2.4320995807647705,2.4113358538474916,2.4320995807647705,177523,0.015237,0.0
2003-05-06 00:00:00-04:00,2.4417901855310977,2.4500957239841434,2.42517954180301,2.4431748390197754,41345,0.0,0.0
2003-05-07 00:00:00-04:00,2.4154876708131154,2.505462770616316,2.4154876708131154,2.4777779579162598,22970,0.0,0.0
2003-05-08 00:00:00-04:00,2.484701772823001,2.5026970723898145,2.484701772823001,2.4985439777374268,44299,0.0,0.0
2003-05-09 00:00:00-04:00,2.494391200538023,2.595440149307251,2.491622759923962,2.595440149307251,118458,0.0,0.0
2003-05-12 00:00:00-04:00,2.5608333703151964,2.5940548577802436,2.5608333703151964,2.5663702487945557,21329,0.0,0.0
2003-05-13 00:00:00-04:00,2.580213295059824,2.5885186148179335,2.5677548822447673,2.5719077587127686,49221,0.0,0.0
2003-05-14 00:00:00-04:00,2.552528790463215,2.552528790463215,2.493006458197606,2.501311779022217,63987,0.0,0.0
2003-05-15 00:00:00-04:00,2.4916224546491454,2.5317650552237385,2.4916224546491454,2.501311779022217,38392,0.0,0.0
2003-05-16 00:00:00-04:00,2.498542614804695,2.5096165892845113,2.491621732711792,2.491621732711792,83019,0.0,0.0
2003-05-19 00:00:00-04:00,2.4916218801031564,2.4916218801031564,2.4805479049682617,2.4805479049682617,4594,0.0,0.0
2003-05-20 00:00:00-04:00,2.4777792439066335,2.494390096830095,2.473626368234089,2.481931686401367,18704,0.0,0.0
2003-05-21 00:00:00-04:00,2.4819326502653487,2.491622625068107,2.457016469498355,2.4736273288726807,15094,0.0,0.0
2003-05-22 00:00:00-04:00,2.463936617154707,2.463936617154707,2.439020233821449,2.4487102031707764,39705,0.0,0.0
2003-05-23 00:00:00-04:00,2.4390208785240697,2.4639372684434386,2.4390208785240697,2.455631732940674,95488,0.0,0.0
2003-05-27 00:00:00-04:00,2.4570162296295166,2.4570162296295166,2.4542482226135025,2.4570162296295166,31173,0.0,0.0
2003-05-28 00:00:00-04:00,2.4667055608683457,2.491621732711792,2.4500947074430774,2.491621732711792,29532,0.0,0.0
2003-05-29 00:00:00-04:00,2.4916225483524985,2.4916225483524985,2.4708588123321533,2.4708588123321533,37408,0.0,0.0
2003-05-30 00:00:00-04:00,2.4902388891339733,2.5234606172330025,2.470859583841048,2.4888548851013184,38392,0.0,0.0
2003-06-02 00:00:00-04:00,2.5193072227498576,2.5331496415305668,2.513770341873169,2.513770341873169,69893,0.0,0.0
2003-06-03 00:00:00-04:00,2.516538225156201,2.5359175205230713,2.515153788654552,2.5359175205230713,72190,0.0,0.0
2003-06-04 00:00:00-04:00,2.533149934257327,2.6300464437415236,2.533149934257327,2.616204023361206,112551,0.0,0.0
2003-06-05 00:00:00-04:00,2.6148191936049607,2.6148191936049607,2.5940558910369873,2.5940558910369873,146678,0.0,0.0
2003-06-06 00:00:00-04:00,2.5885202901222613,2.6009782778223016,2.581598969255374,2.5982096195220947,22313,0.0,0.0
2003-06-09 00:00:00-04:00,2.598207160334586,2.600975816014277,2.5622172355651855,2.5622172355651855,97785,0.0,0.0
2003-06-10 00:00:00-04:00,2.57467694164602,2.5815980434417725,2.567755623261258,2.5815980434417725,18704,0.0,0.0
2003-06-11 00:00:00-04:00,2.560834549518055,2.5802138497084073,2.560834549518055,2.574676752090454,71862,0.0,0.0
2003-06-12 00:00:00-04:00,2.5746763005633633,2.5788287440178657,2.5677549839019775,2.5677549839019775,80722,0.0,0.0
2003-06-13 00:00:00-04:00,2.564986222801816,2.564986222801816,2.5469913648659976,2.548375368118286,16079,0.0,0.0
2003-06-16 00:00:00-04:00,2.553912856305298,2.595439894619205,2.542839094935712,2.5940558910369873,85972,0.0,0.0
2003-06-17 00:00:00-04:00,2.5802141805139964,2.581598184359684,2.567755763423574,2.578829526901245,21657,0.0,0.0
2003-06-18 00:00:00-04:00,2.574676449785114,2.5885188673212007,2.573292013101434,2.5802135467529297,17063,0.0,0.0
2003-06-19 00:00:00-04:00,2.580213074233057,2.5815970774853456,2.548375368118286,2.548375368118286,28220,0.0,0.0
2003-06-20 00:00:00-04:00,2.562218103844034,2.588518717297178,2.562218103844034,2.5677549839019775,110911,0.0,0.0
2003-06-23 00:00:00-04:00,2.5719081692515156,2.5760606132044535,2.5608344078063965,2.5608344078063965,119114,0.0,0.0
2003-06-24 00:00:00-04:00,2.560833848918226,2.562217852207833,2.533149018169531,2.5594491958618164,65956,0.0,0.0
2003-06-25 00:00:00-04:00,2.5594496633154087,2.5594496633154087,2.533149480819702,2.533149480819702,4922,0.0,0.0
2003-06-26 00:00:00-04:00,2.5262283991261096,2.5262283991261096,2.4985435607396957,2.4999279975891113,16407,0.0,0.0
2003-06-27 00:00:00-04:00,2.5193073892848474,2.524844487116545,2.4431748390197754,2.4431748390197754,24610,0.0,0.0
2003-06-30 00:00:00-04:00,2.4445588468131683,2.603745698928833,2.4390217489722477,2.603745698928833,205086,0.0,0.0
2003-07-01 00:00:00-04:00,2.5746757373188625,2.630045175552368,2.5469911264965632,2.630045175552368,133552,0.0,0.0
2003-07-02 00:00:00-04:00,2.602360572838685,2.671572208404541,2.5982074805129196,2.671572208404541,55127,0.0,0.0
2003-07-03 00:00:00-04:00,2.6591139690548795,2.6784932613372803,2.6591139690548795,2.6784932613372803,8860,0.0,0.0
2003-07-07 00:00:00-04:00,2.6784928546356412,2.7366305060663336,2.671571757224576,2.7297096252441406,30845,0.0,0.0
2003-07-08 00:00:00-04:00,2.729709812449878,2.7684683937876833,2.7241729341413023,2.744936227798462,50533,0.0,0.0
2003-07-09 00:00:00-04:00,2.7407846615017215,2.7657008384414197,2.733863128226381,2.742168664932251,19688,0.0,0.0
2003-07-10 00:00:00-04:00,2.729710740892412,2.7477056015157832,2.726942300796509,2.726942300796509,10172,0.0,0.0
2003-07-11 00:00:00-04:00,2.726942300796509,2.726942300796509,2.726942300796509,2.726942300796509,328,0.0,0.0
2003-07-14 00:00:00-04:00,2.738015904673444,2.7643160820007324,2.738015904673444,2.7643160820007324,5578,0.0,0.0
2003-07-15 00:00:00-04:00,2.7643168732858694,2.767085313796997,2.7643168732858694,2.767085313796997,1641,0.0,0.0
2003-07-16 00:00:00-04:00,2.767084755854055,2.767084755854055,2.739400139735993,2.7477054595947266,41017,0.0,0.0
2003-07-17 00:00:00-04:00,2.7615467441246433,2.7684680577591614,2.7200197286729773,2.740783452987671,20673,0.0,0.0
2003-07-18 00:00:00-04:00,2.733863128226381,2.742168664932251,2.7200209280315244,2.742168664932251,10172,0.0,0.0
2003-07-21 00:00:00-04:00,2.7269416003377356,2.740784013850566,2.6618824084396646,2.6784932613372803,24610,0.0,0.0
2003-07-22 00:00:00-04:00,2.664650893235719,2.671572208404541,2.659114014371789,2.671572208404541,8532,0.0,0.0
2003-07-23 00:00:00-04:00,2.664651057691214,2.679877908684603,2.63281378566979,2.6369662284851074,6891,0.0,0.0
2003-07-24 00:00:00-04:00,2.636966561191278,2.6784938102399325,2.636966561191278,2.664651393890381,27564,0.0,0.0
2003-07-25 00:00:00-04:00,2.6646520930446806,2.6646520930446806,2.654962550669907,2.6632680892944336,2297,0.0,0.0
2003-07-28 00:00:00-04:00,2.6632680892944336,2.6646520930446806,2.659115211687667,2.6632680892944336,29204,0.0,0.0
2003-07-29 00:00:00-04:00,2.6577315582587246,2.664652661431305,2.6341993742938454,2.6411209106445312,7875,0.0,0.0
2003-07-30 00:00:00-04:00,2.6508090496063232,2.6577303662637384,2.6300457494009444,2.6508090496063232,63331,0.0,0.0
2003-07-31 00:00:00-04:00,2.6328148086528453,2.6632680892944336,2.6231250496890652,2.6632680892944336,71862,0.0,0.0
2003-08-01 00:00:00-04:00,2.6508102485829435,2.6508102485829435,2.602362309601491,2.617588520050049,17391,0.0,0.0
2003-08-04 00:00:00-04:00,2.6231235417181553,2.6231235417181553,2.5954387176704166,2.602360248565674,56112,0.0,0.0
2003-08-05 00:00:00-04:00,2.6023601629341275,2.603748291043069,2.59542082538827,2.5995843410491943,20673,0.015237,0.0
2003-08-06 00:00:00-04:00,2.5940327092869766,2.602360174980323,2.591256887389194,2.5954208374023438,8860,0.0,0.0
2003-08-07 00:00:00-04:00,2.588482049294812,2.602361164058753,2.5746027173643125,2.581542491912842,33142,0.0,0.0
2003-08-08 00:00:00-04:00,2.595420472112701,2.595420472112701,2.5843169689178467,2.5843169689178467,3281,0.0,0.0
2003-08-11 00:00:00-04:00,2.630120326496396,2.6717581130143695,2.6231807677989334,2.624568462371826,47908,0.0,0.0
2003-08-12 00:00:00-04:00,2.628732256528129,2.6786975063477834,2.610688972158193,2.6578783988952637,45939,0.0,0.0
2003-08-13 00:00:00-04:00,2.6717575787595518,2.6717575787595518,2.630119800567627,2.630119800567627,53158,0.0,0.0
2003-08-14 00:00:00-04:00,2.625954795638867,2.6648165117235827,2.625954795638867,2.6537132263183594,12797,0.0,0.0
2003-08-15 00:00:00-04:00,2.656489610671997,2.656489610671997,2.656489610671997,2.656489610671997,13454,0.0,0.0
2003-08-18 00:00:00-04:00,2.657876862649116,2.657876862649116,2.6439975380918406,2.64677357673645,10172,0.0,0.0
2003-08-19 00:00:00-04:00,2.6467741390222206,2.649549961090088,2.637058761784685,2.649549961090088,62346,0.0,0.0
2003-08-20 00:00:00-04:00,2.649549388340575,2.649549388340575,2.637058191735377,2.6426098346710205,27564,0.0,0.0
2003-08-21 00:00:00-04:00,2.6467749013467783,2.652326547081499,2.643998861312866,2.643998861312866,60377,0.0,0.0
2003-08-22 00:00:00-04:00,2.6426116790213885,2.6426116790213885,2.588482471121293,2.617629051208496,20673,0.0,0.0
2003-08-25 00:00:00-04:00,2.602359818014725,2.6439975751029605,2.602359818014725,2.6287307739257812,86628,0.0,0.0
2003-08-26 00:00:00-04:00,2.6231789077802485,2.650937557220459,2.6231789077802485,2.650937557220459,12469,0.0,0.0
2003-08-27 00:00:00-04:00,2.6578767762265314,2.7425404143899317,2.6509374399231955,2.741152286529541,80394,0.0,0.0
2003-08-28 00:00:00-04:00,2.775851407401828,3.150591081372123,2.775851407401828,3.0811948776245117,186711,0.0,0.0
2003-08-29 00:00:00-04:00,3.053435021821342,3.1089520932907355,2.9715476508661145,3.0589866638183594,195570,0.0,0.0
2003-09-02 00:00:00-04:00,3.039558781517876,3.0506622939363397,2.985429999998543,2.9979209899902344,85972,0.0,0.0
2003-09-03 00:00:00-04:00,2.9701609230094563,2.996531669256387,2.949342255708997,2.9798765182495117,145037,0.0,0.0
2003-09-04 00:00:00-04:00,2.9840396426324443,2.9840396426324443,2.949341653714101,2.982651948928833,44955,0.0,0.0
2003-09-05 00:00:00-04:00,2.9632226081591226,2.9812654593863943,2.9354639411686154,2.956282615661621,30189,0.0,0.0
2003-09-08 00:00:00-04:00,2.9673848435496133,2.984039993113156,2.931298722356353,2.953505516052246,16079,0.0,0.0
2003-09-09 00:00:00-04:00,2.963221392925835,3.018738269805908,2.9493420651225692,3.018738269805908,39705,0.0,0.0
2003-09-10 00:00:00-04:00,2.9840412826521283,2.9909810579830465,2.914644832342443,2.956282615661621,45611,0.0,0.0
2003-09-11 00:00:00-04:00,2.9285218293369373,2.939625113541196,2.907703171453953,2.920194149017334,46924,0.0,0.0
2003-09-12 00:00:00-04:00,2.913256752970977,2.9285237789154053,2.9077051071730033,2.9285237789154053,139131,0.0,0.0
2003-09-15 00:00:00-04:00,2.9479547329705853,2.984040864704031,2.9007650925627897,2.916032552719116,55783,0.0,0.0
2003-09-16 00:00:00-04:00,2.9285236705823015,2.9285236705823015,2.8868858943046694,2.9132566452026367,14110,0.0,0.0
2003-09-17 00:00:00-04:00,2.900764362397628,2.9132559965326763,2.8799456960608736,2.8896610736846924,43970,0.0,0.0
2003-09-18 00:00:00-04:00,2.8910497733521634,3.0464975833892822,2.8910497733521634,3.0464975833892822,68909,0.0,0.0
2003-09-19 00:00:00-04:00,3.032616666062392,3.0534353256225586,3.032616666062392,3.0534353256225586,68581,0.0,0.0
2003-09-22 00:00:00-04:00,3.0187391930764846,3.020126887398089,3.000696126563781,3.002084255218506,13782,0.0,0.0
2003-09-23 00:00:00-04:00,3.0187391956743133,3.0867475101526005,3.0187391956743133,3.0673165321350098,81050,0.0,0.0
2003-09-24 00:00:00-04:00,3.0534358614030075,3.088134284924365,3.0534358614030075,3.0700910091400146,52502,0.0,0.0
2003-09-25 00:00:00-04:00,3.067315901649427,3.1089536721046995,3.053436572442164,3.088135004043579,54471,0.0,0.0
2003-09-26 00:00:00-04:00,3.089522698081138,3.1089536721046995,3.074255674836316,3.088135004043579,39377,0.0,0.0
2003-09-29 00:00:00-04:00,3.0756433137343464,3.090910771038488,3.0534365177007547,3.0714797973632812,31829,0.0,0.0
2003-09-30 00:00:00-04:00,3.061763941134591,3.117280817906264,3.0603762472401175,3.0978498458862305,59721,0.0,0.0
2003-10-01 00:00:00-04:00,3.11172989720448,3.1505918502807617,3.11172989720448,3.1505918502807617,17391,0.0,0.0
2003-10-02 00:00:00-04:00,3.150590793797995,3.1922285556793213,3.136711467448729,3.1922285556793213,122395,0.0,0.0
2003-10-03 00:00:00-04:00,3.2130480490038185,3.2130480490038185,3.206108276392331,3.207496404647827,6563,0.0,0.0
2003-10-06 00:00:00-04:00,3.2074960101133376,3.211659525701705,3.1922285556793213,3.1922285556793213,308778,0.0,0.0
2003-10-07 00:00:00-04:00,3.1714110563877123,3.2324798107147217,3.1714110563877123,3.2324798107147217,75472,0.0,0.0
2003-10-08 00:00:00-04:00,3.2324789879598814,3.2824440038131617,3.2324789879598814,3.2741167545318604,28220,0.0,0.0
2003-10-09 00:00:00-04:00,3.2893829395720635,3.358779344316054,3.2893829395720635,3.356003522872925,150287,0.0,0.0
2003-10-10 00:00:00-04:00,3.3351864119011405,3.3532294791821857,3.3310226772593383,3.34073805809021,39705,0.0,0.0
2003-10-13 00:00:00-04:00,3.3518404406936977,3.3587804308794844,3.331021773135403,3.3532285690307617,71534,0.0,0.0
2003-10-14 00:00:00-04:00,3.3310225581462642,3.43511700630188,3.3310225581462642,3.43511700630188,37408,0.0,0.0
2003-10-15 00:00:00-04:00,3.428176640906666,3.428176640906666,3.3504527466896556,3.3532285690307617,58409,0.0,0.0
2003-10-16 00:00:00-04:00,3.339350610127205,3.3796002651346337,3.339350610127205,3.3671090602874756,9516,0.0,0.0
2003-10-17 00:00:00-04:00,3.4004179186819408,3.4004179186819408,3.344900824958615,3.3893144130706787,21329,0.0,0.0
2003-10-20 00:00:00-04:00,3.3907036781311035,3.3990313654900253,3.3907036781311035,3.3907036781311035,1969,0.0,0.0
2003-10-21 00:00:00-04:00,3.396253689928232,3.4073569774627686,3.396253689928232,3.4073569774627686,22970,0.0,0.0
2003-10-22 00:00:00-04:00,3.3865400166924697,3.3865400166924697,3.310203790664673,3.310203790664673,47252,0.0,0.0
2003-10-23 00:00:00-04:00,3.311591172630648,3.3449014788093345,3.3102030441372117,3.324082374572754,4594,0.0,0.0
2003-10-24 00:00:00-04:00,3.3171433593539135,3.3254708281293235,3.2963242530822754,3.2963242530822754,10829,0.0,0.0
2003-10-27 00:00:00-05:00,3.2921585528481447,3.2921585528481447,3.24774497823352,3.2713398933410645,28548,0.0,0.0
2003-10-28 00:00:00-05:00,3.282444965222286,3.3226950496751444,3.282444965222286,3.3088157176971436,12469,0.0,0.0
2003-10-29 00:00:00-05:00,3.308815784468333,3.3934790380262903,3.308815784468333,3.3865396976470947,26251,0.0,0.0
2003-10-30 00:00:00-05:00,3.421238735380979,3.428178512188353,3.3518422703070145,3.393480062484741,18704,0.0,0.0
2003-10-31 00:00:00-05:00,3.4073582504815647,3.4753669978716375,3.4073582504815647,3.4281773567199707,25267,0.0,0.0
2003-11-03 00:00:00-05:00,3.4281763744163456,3.4559350300025997,3.4142972637897127,3.4420557022094727,22642,0.0,0.0
2003-11-04 00:00:00-05:00,3.4420565742670157,3.464263374062296,3.4212374687194824,3.4212374687194824,7875,0.0,0.0
2003-11-05 00:00:00-05:00,3.4420991397446845,3.4420991397446845,3.296070700623733,3.3377931118011475,41345,0.015237,0.0
2003-11-06 00:00:00-05:00,3.3725613848230367,3.4059393982558626,3.3391833713902104,3.4045488834381104,5906,0.0,0.0
2003-11-07 00:00:00-05:00,3.40454916164984,3.40454916164984,3.3656082153320312,3.3656082153320312,10829,0.0,0.0
2003-11-10 00:00:00-05:00,3.351700654729609,3.396204530971122,3.3141502235403726,3.3377931118011475,16079,0.0,0.0
2003-11-11 00:00:00-05:00,3.316930897403996,3.316930897403996,3.261301391783582,3.266864538192749,45283,0.0,0.0
2003-11-12 00:00:00-05:00,3.2821606204273466,3.3447439670562744,3.2821606204273466,3.3447439670562744,9516,0.0,0.0
2003-11-13 00:00:00-05:00,3.3308389022866565,3.3600447177886963,3.3308389022866565,3.3600447177886963,6235,0.0,0.0
2003-11-14 00:00:00-05:00,3.392031402081464,3.396203816407702,3.261301483534649,3.2905070781707764,18376,0.0,0.0
2003-11-17 00:00:00-05:00,3.2765997199478756,3.2765997199478756,3.2334868005255446,3.2557387351989746,22970,0.0,0.0
2003-11-18 00:00:00-05:00,3.2487852968749307,3.2960706372716952,3.1973277589622096,3.2195796966552734,10829,0.0,0.0
2003-11-19 00:00:00-05:00,3.198716402053833,3.212623936576657,3.1848090851388466,3.198716402053833,28220,0.0,0.0
2003-11-20 00:00:00-05:00,3.2195778126419876,3.2195778126419876,3.1709015506160227,3.198716402053833,6563,0.0,0.0
2003-11-21 00:00:00-05:00,3.2195796966552734,3.233487239316425,3.2028909065914495,3.2195796966552734,4266,0.0,0.0
2003-11-24 00:00:00-05:00,3.1848094313820443,3.2779895528819116,3.1848094313820443,3.233485698699951,328138,0.0,0.0
2003-11-25 00:00:00-05:00,3.254348226896205,3.2613021070307635,3.212625816520715,3.2195796966552734,15422,0.0,0.0
2003-11-26 00:00:00-05:00,3.2334865348618558,3.330838441848755,3.2181880454203835,3.330838441848755,17063,0.0,0.0
2003-11-28 00:00:00-05:00,3.343356058754064,3.3656079955384937,3.343356058754064,3.346137523651123,1969,0.0,0.0
2003-12-01 00:00:00-05:00,3.3656073997307745,3.3795147217540813,3.330838441848755,3.330838441848755,8532,0.0,0.0
2003-12-02 00:00:00-05:00,3.365607338829336,3.424018743094009,3.365607338829336,3.3906407356262207,27892,0.0,0.0
2003-12-03 00:00:00-05:00,3.4003736568614964,3.4003736568614964,3.3447439670562744,3.3447439670562744,8532,0.0,0.0
2003-12-04 00:00:00-05:00,3.3238840446988447,3.332228435518512,3.275207996368408,3.275207996368408,67925,0.0,0.0
2003-12-05 00:00:00-05:00,3.27520759932919,3.2849427207719883,3.222359361995482,3.223749876022339,14438,0.0,0.0
2003-12-08 00:00:00-05:00,3.223750007716484,3.223750007716484,3.156994016093199,3.198716402053833,64643,0.0,0.0
2003-12-09 00:00:00-05:00,3.2001073513531693,3.2195778126419876,3.1709015506160227,3.198716402053833,166694,0.0,0.0
2003-12-10 00:00:00-05:00,3.1987176750461317,3.237658613121077,3.1987176750461317,3.225142240524292,42986,0.0,0.0
2003-12-11 00:00:00-05:00,3.225142008105374,3.277990264821502,3.225142008105374,3.271036386489868,18704,0.0,0.0
2003-12-12 00:00:00-05:00,3.2849440567968107,3.29606991439931,3.237658509162436,3.266864538192749,27892,0.0,0.0
2003-12-15 00:00:00-05:00,3.287724702114187,3.3141486073370356,3.2599096298217773,3.2599096298217773,12797,0.0,0.0
2003-12-16 00:00:00-05:00,3.252956099005803,3.252956099005803,3.215405687157846,3.216796636581421,12797,0.0,0.0
2003-12-17 00:00:00-05:00,3.2028915290002278,3.2279249365685994,3.1987188954574854,3.214017391204834,6563,0.0,0.0
2003-12-18 00:00:00-05:00,3.2140154043665436,3.2543468475341797,3.2001078676001318,3.2543468475341797,15094,0.0,0.0
2003-12-19 00:00:00-05:00,3.254345731666835,3.254345731666835,3.230703297203962,3.2320938110351562,14766,0.0,0.0
2003-12-22 00:00:00-05:00,3.2307041625976645,3.2585190164359488,3.2293132131782865,3.23626708984375,7547,0.0,0.0
2003-12-23 00:00:00-05:00,3.2167962616109986,3.2460018439445433,3.211233334996577,3.24043869972229,18376,0.0,0.0
2003-12-24 00:00:00-05:00,3.2056708442381914,3.233485698699951,3.2056708442381914,3.233485698699951,6235,0.0,0.0
2003-12-26 00:00:00-05:00,3.233485698699951,3.233485698699951,3.233485698699951,3.233485698699951,1641,0.0,0.0
2003-12-29 00:00:00-05:00,3.2682541197441637,3.282161655384798,3.2543465841035295,3.275207996368408,13126,0.0,0.0
2003-12-30 00:00:00-05:00,3.287725525968587,3.330838441848755,3.275208936147611,3.330838441848755,11157,0.0,0.0
2003-12-31 00:00:00-05:00,3.3364008697409693,3.3516993568855735,3.283553053986815,3.3044140338897705,45939,0.0,0.0
2004-01-02 00:00:00-05:00,3.2960692402255427,3.2960692402255427,3.247393405562783,3.2543468475341797,46596,0.0,0.0
2004-01-05 00:00:00-05:00,3.2195796966552734,3.2320962892031413,3.200109223972847,3.2195796966552734,42658,0.0,0.0
2004-01-06 00:00:00-05:00,3.2251407531703644,3.2265312671661377,3.223749803958943,3.2265312671661377,20673,0.0,0.0
2004-01-07 00:00:00-05:00,3.2195786118426546,3.2960695266860425,3.2195786118426546,3.2724270820617676,40033,0.0,0.0
2004-01-08 00:00:00-05:00,3.3071955284095256,3.4073293209075928,3.303023114782529,3.4073293209075928,45611,0.0,0.0
2004-01-09 00:00:00-05:00,3.4073277489007756,3.4073277489007756,3.3447439670562744,3.3447439670562744,18704,0.0,0.0
2004-01-12 00:00:00-05:00,3.372559649577478,3.372559649577478,3.337791139215954,3.358652114868164,26251,0.0,0.0
2004-01-13 00:00:00-05:00,3.372560367924684,3.414282763331555,3.372560367924684,3.4073293209075928,103035,0.0,0.0
2004-01-14 00:00:00-05:00,3.421239163200009,3.421239163200009,3.3447477632839653,3.401768684387207,24938,0.0,0.0
2004-01-15 00:00:00-05:00,3.4073300688008303,3.4073300688008303,3.365607664236084,3.3864686489105225,10172,0.0,0.0
2004-01-16 00:00:00-05:00,3.3934229305638937,3.475476799506072,3.3920319804793517,3.474086284637451,42330,0.0,0.0
2004-01-20 00:00:00-05:00,3.442098486869548,3.442098486869548,3.424018967382115,3.4281909465789795,4266,0.0,0.0
2004-01-21 00:00:00-05:00,3.4073298135696453,3.408720328169181,3.3934222738871833,3.4059388637542725,3610,0.0,0.0
2004-01-22 00:00:00-05:00,3.4059396765812218,3.4059396765812218,3.3656082153320312,3.3656082153320312,9188,0.0,0.0
2004-01-23 00:00:00-05:00,3.35169998556819,3.462959871567088,3.35169998556819,3.4212374687194824,104020,0.0,0.0
2004-01-26 00:00:00-05:00,3.421236921816834,3.4420979022979736,3.414282826440672,3.4420979022979736,20016,0.0,0.0
2004-01-27 00:00:00-05:00,3.4560045949431,3.4879920786949907,3.4560045949431,3.4768660068511963,41017,0.0,0.0
2004-01-28 00:00:00-05:00,3.483820234081598,3.4852111836958546,3.4073293209075928,3.4073293209075928,16735,0.0,0.0
2004-01-29 00:00:00-05:00,3.4087206076962393,3.4754764119520125,3.4031576784102424,3.4699134826660156,8532,0.0,0.0
2004-01-30 00:00:00-05:00,3.469912621792023,3.475475549697876,3.449051642145075,3.475475549697876,7547,0.0,0.0
2004-02-02 00:00:00-05:00,3.4699131861687915,3.4699131861687915,3.4240188058729637,3.4532241821289062,16407,0.0,0.0
2004-02-03 00:00:00-05:00,3.46295835058723,3.46295835058723,3.4087189460569536,3.4240174293518066,7875,0.0,0.0
2004-02-04 00:00:00-05:00,3.4003752256599693,3.421236858579179,3.4003752256599693,3.4073293209075928,19032,0.0,0.0
2004-02-05 00:00:00-05:00,3.407330836770684,3.4309732913970947,3.386469412178471,3.4309732913970947,9844,0.0,0.0
2004-02-06 00:00:00-05:00,3.4156411282248844,3.449086904525757,3.365472463773575,3.449086904525757,16735,0.015237,0.0
2004-02-09 00:00:00-05:00,3.449086904525757,3.458842013467567,3.449086904525757,3.449086904525757,6563,0.0,0.0
2004-02-10 00:00:00-05:00,3.4574492209983667,3.469991663233624,3.4504816578616793,3.468597888946533,12469,0.0,0.0
2004-02-11 00:00:00-05:00,3.475565387740689,3.475565387740689,3.4630229473114014,3.4630229473114014,4922,0.0,0.0
2004-02-12 00:00:00-05:00,3.474172851812242,3.518767096977163,3.4616308430126432,3.493682861328125,51518,0.0,0.0
2004-02-13 00:00:00-05:00,3.5076171504898337,3.55360515064731,3.4574484825134277,3.4574484825134277,41017,0.0,0.0
2004-02-17 00:00:00-05:00,3.475566864013672,3.500651101377674,3.475566864013672,3.475566864013672,10829,0.0,0.0
2004-02-18 00:00:00-05:00,3.478353024225273,3.48114013671875,3.478353024225273,3.48114013671875,17063,0.0,0.0
2004-02-19 00:00:00-05:00,3.4922899824191176,3.4922899824191176,3.456057071685791,3.456057071685791,9188,0.0,0.0
2004-02-20 00:00:00-05:00,3.435152832659322,3.507618644587144,3.4072812658948486,3.4908957481384277,51846,0.0,0.0
2004-02-23 00:00:00-05:00,3.456057071685791,3.469992856902425,3.450482844819085,3.456057071685791,9188,0.0,0.0
2004-02-24 00:00:00-05:00,3.4281851158992938,3.4490884629701917,3.3515384197235107,3.3515384197235107,29532,0.0,0.0
2004-02-25 00:00:00-05:00,3.351536632839891,3.414247512817383,3.351536632839891,3.414247512817383,48893,0.0,0.0
2004-02-26 00:00:00-05:00,3.4142479454676455,3.4142479454676455,3.4072797298431396,3.4072797298431396,1969,0.0,0.0
2004-02-27 00:00:00-05:00,3.3863759332354513,3.4003117084503174,3.3863759332354513,3.4003117084503174,6235,0.0,0.0
2004-03-01 00:00:00-05:00,3.393343711818028,3.4142474836651835,3.393343711818028,3.4003117084503174,11157,0.0,0.0
2004-03-02 00:00:00-05:00,3.372440376070298,3.4142474836651835,3.372440376070298,3.4003117084503174,11813,0.0,0.0
2004-03-03 00:00:00-05:00,3.386378268313297,3.3975269397827015,3.3794102668762207,3.3794102668762207,9516,0.0,0.0
2004-03-04 00:00:00-05:00,3.384982188371543,3.414247512817383,3.384982188371543,3.414247512817383,6891,0.0,0.0
2004-03-05 00:00:00-05:00,3.400312609166427,3.4072801715449432,3.3529312661545347,3.3668668270111084,22970,0.0,0.0
2004-03-08 00:00:00-05:00,3.366867118215751,3.425397133025009,3.366867118215751,3.4100677967071533,78097,0.0,0.0
2004-03-09 00:00:00-05:00,3.4100669048579832,3.4811391249849044,3.4100669048579832,3.449086904525757,22642,0.0,0.0
2004-03-10 00:00:00-05:00,3.4616291251510174,3.4616291251510174,3.4421191253171304,3.449086904525757,20016,0.0,0.0
2004-03-11 00:00:00-05:00,3.435153284835905,3.4741733090025844,3.435153284835905,3.456057071685791,11157,0.0,0.0
2004-03-12 00:00:00-05:00,3.4351518697195247,3.481139876574622,3.4142485275805434,3.476958990097046,73831,0.0,0.0
2004-03-15 00:00:00-05:00,3.456055380706887,3.456055380706887,3.4337582660997277,3.4518744945526123,45283,0.0,0.0
2004-03-16 00:00:00-05:00,3.4407258326753962,3.468597389507725,3.4281840463953985,3.4630229473114014,17391,0.0,0.0
2004-03-17 00:00:00-05:00,3.4769613982419836,3.483929401830799,3.4574513806831755,3.4672067165374756,15094,0.0,0.0
2004-03-18 00:00:00-05:00,3.4490879069441704,3.48114013671875,3.442120125710477,3.48114013671875,13126,0.0,0.0
2004-03-19 00:00:00-05:00,3.481141310635836,3.481141310635836,3.450482844819085,3.456057071685791,10500,0.0,0.0
2004-03-22 00:00:00-05:00,3.456055380706887,3.456055380706887,3.4156416015473168,3.4518744945526123,14766,0.0,0.0
2004-03-23 00:00:00-05:00,3.4588434915645343,3.4727792739868164,3.4588434915645343,3.4727792739868164,5578,0.0,0.0
2004-03-24 00:00:00-05:00,3.4588448886789336,3.4588448886789336,3.421218195525457,3.4281864166259766,19032,0.0,0.0
2004-03-25 00:00:00-05:00,3.442120125710477,3.48114013671875,3.432365013933511,3.48114013671875,12141,0.0,0.0
2004-03-26 00:00:00-05:00,3.4490899710034935,3.4490899710034935,3.426792621612549,3.426792621612549,12141,0.0,0.0
2004-03-29 00:00:00-05:00,3.446301002919503,3.4476949954383556,3.4295783258890196,3.439333438873291,7547,0.0,0.0
2004-03-30 00:00:00-05:00,3.4393346328149192,3.4393346328149192,3.4309732913970947,3.4309732913970947,8203,0.0,0.0
2004-03-31 00:00:00-05:00,3.4281861775911535,3.4421217466208605,3.4281861775911535,3.4309732913970947,11157,0.0,0.0
2004-04-01 00:00:00-05:00,3.432364012620376,3.4421191215515137,3.407279571397297,3.4421191215515137,40689,0.0,0.0
2004-04-02 00:00:00-05:00,3.44908928620163,3.4658119678497314,3.4309730477495193,3.4658119678497314,32158,0.0,0.0
2004-04-05 00:00:00-04:00,3.4658095746264608,3.4658095746264608,3.4212153515917856,3.449086904525757,41345,0.0,0.0
2004-04-06 00:00:00-04:00,3.458843402515577,3.458843402515577,3.4072809434656772,3.415642499923706,5250,0.0,0.0
2004-04-07 00:00:00-04:00,3.4142479454676455,3.4142479454676455,3.3933441707930987,3.4072797298431396,66612,0.0,0.0
2004-04-08 00:00:00-04:00,3.435152001127194,3.435152001127194,3.3933448791503906,3.3933448791503906,16735,0.0,0.0
2004-04-12 00:00:00-04:00,3.3863759332354513,3.4003117084503174,3.3863759332354513,3.4003117084503174,2953,0.0,0.0
2004-04-13 00:00:00-04:00,3.379408865852704,3.379408865852704,3.1494697108535457,3.1926708221435547,74159,0.0,0.0
2004-04-14 00:00:00-04:00,3.1355342375504183,3.1355342375504183,3.096514229567773,3.11044979095459,92863,0.0,0.0
2004-04-15 00:00:00-04:00,3.1104493955949857,3.1104493955949857,2.989208936691284,2.989208936691284,24282,0.0,0.0
2004-04-16 00:00:00-04:00,3.0240481223835665,3.0588876763619703,3.0101123444021565,3.051919460296631,6563,0.0,0.0
2004-04-19 00:00:00-04:00,3.0379838943481445,3.0449518923499275,3.017080554492064,3.0379838943481445,11813,0.0,0.0
2004-04-20 00:00:00-04:00,3.0491323483103,3.0588876763619703,3.032409458342559,3.051919460296631,12469,0.0,0.0
2004-04-21 00:00:00-04:00,3.051919480072799,3.057493922131339,3.037983920050844,3.0505261421203613,8860,0.0,0.0
2004-04-22 00:00:00-04:00,3.0505261163115494,3.0505261163115494,3.0226547784536852,3.0379838943481445,11485,0.0,0.0
2004-04-23 00:00:00-04:00,3.0379838943481445,3.0449518923499275,3.0240481163943347,3.0379838943481445,18376,0.0,0.0
2004-04-26 00:00:00-04:00,3.031016559849484,3.031016559849484,3.0017514436505106,3.003145217895508,17719,0.0,0.0
2004-04-27 00:00:00-04:00,3.0031447765382535,3.056100558322927,3.0031447765382535,3.0379838943481445,13782,0.0,0.0
2004-04-28 00:00:00-04:00,3.031017303466797,3.037985086152291,2.996177953939643,3.031017303466797,13454,0.0,0.0
2004-04-29 00:00:00-04:00,3.035198131021985,3.035198131021985,2.95437097546485,2.957158088684082,24938,0.0,0.0
2004-04-30 00:00:00-04:00,2.943222725122709,2.9641265133537913,2.9125640392303467,2.9125640392303467,57424,0.0,0.0
2004-05-03 00:00:00-04:00,2.9125637007652823,3.03798532532728,2.8916603510631176,3.0254433155059814,78753,0.0,0.0
2004-05-04 00:00:00-04:00,3.0254432751355744,3.0310175016484378,2.9961781498433298,3.0101137161254883,17719,0.0,0.0
2004-05-05 00:00:00-04:00,3.024049041338717,3.024049041338717,3.004539033455898,3.0059328079223633,25595,0.0,0.0
2004-05-06 00:00:00-04:00,2.9961775793377887,3.0170813608804252,2.9195313252306483,2.920924663543701,22642,0.0,0.0
2004-05-07 00:00:00-04:00,2.913940341539675,2.9474661090001275,2.895780787617434,2.8971774578094482,39377,0.015237,0.0
2004-05-10 00:00:00-04:00,2.8971766774496572,2.9195271102127514,2.8776204586029053,2.8776204586029053,21657,0.0,0.0
2004-05-11 00:00:00-04:00,2.891589879989624,2.892986987313108,2.863652323515839,2.891589879989624,16407,0.0,0.0
2004-05-12 00:00:00-04:00,2.8776215153099827,2.8776215153099827,2.793807307027714,2.8035855293273926,39048,0.0,0.0
2004-05-13 00:00:00-04:00,2.803585064063874,2.8203477280815075,2.803585064063874,2.8063788414001465,44627,0.0,0.0
2004-05-14 00:00:00-04:00,2.8035855988488567,2.8035855988488567,2.765869379043579,2.765869379043579,40361,0.0,0.0
2004-05-17 00:00:00-04:00,2.7518978216725083,2.7518978216725083,2.7099907537935124,2.716974973678589,393766,0.0,0.0
2004-05-18 00:00:00-04:00,2.7365338494502787,2.765869170579512,2.7239620685577393,2.7239620685577393,34783,0.0,0.0
2004-05-19 00:00:00-04:00,2.737931163209192,2.765869379043579,2.7239622738632603,2.765869379043579,240853,0.0,0.0
2004-05-20 00:00:00-04:00,2.758883056765817,2.7672646045684814,2.7463112814896893,2.7672646045684814,16735,0.0,0.0
2004-05-21 00:00:00-04:00,2.7728537344229385,2.7938075065612793,2.7728537344229385,2.7938075065612793,17063,0.0,0.0
2004-05-24 00:00:00-04:00,2.7938055288553416,2.8329188303021393,2.7798364301754517,2.8259341716766357,116817,0.0,0.0
2004-05-25 00:00:00-04:00,2.8329195930767175,2.8776204586029053,2.8329195930767175,2.8776204586029053,35111,0.0,0.0
2004-05-26 00:00:00-04:00,2.891589879989624,2.894383657494126,2.8901932098086065,2.891589879989624,4266,0.0,0.0
2004-05-27 00:00:00-04:00,2.9055592735538447,2.912543936577382,2.877621495744716,2.8985748291015625,18048,0.0,0.0
2004-05-28 00:00:00-04:00,2.8985737844078283,2.8985737844078283,2.8776204586029053,2.8776204586029053,5250,0.0,0.0
2004-06-01 00:00:00-04:00,2.89158906961132,2.9153366088867188,2.880414399867521,2.9153366088867188,353405,0.0,0.0
2004-06-02 00:00:00-04:00,2.9223211055579172,2.9223211055579172,2.85666669565563,2.8776204586029053,10829,0.0,0.0
2004-06-03 00:00:00-04:00,2.8636518183146498,2.8692393723379057,2.8357136110559815,2.8371102809906006,14110,0.0,0.0
2004-06-04 00:00:00-04:00,2.8496830101378774,2.888796329498291,2.8496830101378774,2.888796329498291,12469,0.0,0.0
2004-06-07 00:00:00-04:00,2.898573536003296,2.925114631652832,2.898573536003296,2.925114631652832,417720,0.0,0.0
2004-06-08 00:00:00-04:00,2.919527769088745,2.919527769088745,2.919527769088745,2.919527769088745,14766,0.0,0.0
2004-06-09 00:00:00-04:00,2.9334970027963996,2.9474661090001275,2.89438368028295,2.8971774578094482,30845,0.0,0.0
2004-06-10 00:00:00-04:00,2.9111462445501544,2.9237186791821954,2.9111462445501544,2.9209249019622803,59393,0.0,0.0
2004-06-14 00:00:00-04:00,2.891590599614086,2.891590599614086,2.835714817047119,2.835714817047119,66940,0.0,0.0
2004-06-15 00:00:00-04:00,2.849682909419873,2.8566671338550185,2.8175538158770097,2.821744918823242,26579,0.0,0.0
2004-06-16 00:00:00-04:00,2.821744517976389,2.828728741419381,2.7952029826090046,2.797996759414673,11485,0.0,0.0
2004-06-17 00:00:00-04:00,2.8119663960726906,2.8119663960726906,2.7952035134838376,2.8063788414001465,237900,0.0,0.0
2004-06-18 00:00:00-04:00,2.807775817538066,2.813363371949715,2.7798376083374023,2.7798376083374023,34126,0.0,0.0
2004-06-21 00:00:00-04:00,2.7728531590430108,2.7938069268333474,2.7728531590430108,2.7784407138824463,8532,0.0,0.0
2004-06-22 00:00:00-04:00,2.765869170579512,2.765869170579512,2.7239620685577393,2.7239620685577393,40361,0.0,0.0
2004-06-23 00:00:00-04:00,2.737929665289259,2.7574863182453906,2.716975905591629,2.751898765563965,10500,0.0,0.0
2004-06-24 00:00:00-04:00,2.7658690106285735,2.7938070041703456,2.7658690106285735,2.792409896850586,7219,0.0,0.0
2004-06-25 00:00:00-04:00,2.800790167307334,2.8133625984191895,2.7728521843593934,2.8133625984191895,76456,0.0,0.0
2004-06-28 00:00:00-04:00,2.827332290517526,2.827332290517526,2.7882189750671387,2.7882189750671387,9516,0.0,0.0
2004-06-29 00:00:00-04:00,2.789615825280379,2.8343166976634717,2.789615825280379,2.821744918823242,10172,0.0,0.0
2004-06-30 00:00:00-04:00,2.835713430535313,2.849682533275378,2.831522546713467,2.841301202774048,20673,0.0,0.0
2004-07-01 00:00:00-04:00,2.849683045826026,2.849683045826026,2.796600620723194,2.8063788414001465,27892,0.0,0.0
2004-07-02 00:00:00-04:00,2.8077750205993652,2.8077750205993652,2.7993934727896406,2.8077750205993652,7219,0.0,0.0
2004-07-06 00:00:00-04:00,2.788218367138205,2.8077750205993652,2.7798368193284797,2.8077750205993652,6891,0.0,0.0
2004-07-07 00:00:00-04:00,2.8077756427091347,2.8077756427091347,2.79520320892334,2.79520320892334,3610,0.0,0.0
2004-07-08 00:00:00-04:00,2.7882199505624,2.8077766151297494,2.7798383979928096,2.7938075065612793,43314,0.0,0.0
2004-07-09 00:00:00-04:00,2.792409431891473,2.79520320892334,2.7812341051928082,2.79520320892334,6563,0.0,0.0
2004-07-12 00:00:00-04:00,2.7882191552503177,2.8231415888533036,2.7868220480778367,2.821744918823242,14438,0.0,0.0
2004-07-13 00:00:00-04:00,2.831522897606962,2.863651990890503,2.8217448960481955,2.863651990890503,28220,0.0,0.0
2004-07-14 00:00:00-04:00,2.8496830090790817,2.867842561530682,2.845492124557495,2.845492124557495,4922,0.0,0.0
2004-07-15 00:00:00-04:00,2.856667448040146,2.8915898854840094,2.8273327841871367,2.883208990097046,24282,0.0,0.0
2004-07-16 00:00:00-04:00,2.891590599614086,2.891590599614086,2.835714817047119,2.835714817047119,17063,0.0,0.0
2004-07-19 00:00:00-04:00,2.870636832721179,2.8985748291015625,2.844095943802506,2.8985748291015625,32814,0.0,0.0
2004-07-20 00:00:00-04:00,2.884604704784618,2.88879558823238,2.877620263323618,2.8873984813690186,11157,0.0,0.0
2004-07-21 00:00:00-04:00,2.8985740309599985,2.8985740309599985,2.8357136110559815,2.8371102809906006,19032,0.0,0.0
2004-07-22 00:00:00-04:00,2.8231412024978084,2.842697858810425,2.8147596534660133,2.842697858810425,6563,0.0,0.0
2004-07-23 00:00:00-04:00,2.821744227546374,2.821744227546374,2.7868213653564453,2.7868213653564453,13782,0.0,0.0
2004-07-26 00:00:00-04:00,2.788218574056506,2.802187675728619,2.7588832638310214,2.7602803707122803,8532,0.0,0.0
2004-07-27 00:00:00-04:00,2.772852912455188,2.818950891494751,2.772852912455188,2.818950891494751,9188,0.0,0.0
2004-07-28 00:00:00-04:00,2.8119656089497878,2.856666470959958,2.786821401390462,2.8399035930633545,9516,0.0,0.0
2004-07-29 00:00:00-04:00,2.8496834142257907,2.9265129566192627,2.8496834142257907,2.9265129566192627,9844,0.0,0.0
2004-07-30 00:00:00-04:00,2.9265127671902342,2.982388973236084,2.9265127671902342,2.982388973236084,6235,0.0,0.0
2004-08-02 00:00:00-04:00,2.968420059223429,2.9963580547691233,2.9265129566192627,2.9265129566192627,49877,0.0,0.0
2004-08-03 00:00:00-04:00,2.913939047319605,2.918129930319216,2.876222848892212,2.876222848892212,13126,0.0,0.0
2004-08-04 00:00:00-04:00,2.8762237696292625,2.8762237696292625,2.8217448960481955,2.863651990890503,22313,0.0,0.0
2004-08-05 00:00:00-04:00,2.856666511180253,2.856666511180253,2.799393653869629,2.799393653869629,23626,0.0,0.0
2004-08-06 00:00:00-04:00,2.7867598066398878,2.7867598066398878,2.7713169670934907,2.7755284309387207,13782,0.030475,0.0
2004-08-09 00:00:00-04:00,2.775527947218076,2.8078181741897987,2.775527947218076,2.8036062717437744,29204,0.0,0.0
2004-08-10 00:00:00-04:00,2.813433016819465,2.86397385597229,2.813433016819465,2.86397385597229,6891,0.0,0.0
2004-08-11 00:00:00-04:00,2.8499343038741474,2.8541457653045654,2.8499343038741474,2.8541457653045654,4266,0.0,0.0
2004-08-12 00:00:00-04:00,2.835896363102663,2.842915614397348,2.8022024631500244,2.8022024631500244,16407,0.0,0.0
2004-08-13 00:00:00-04:00,2.81483729083831,2.81483729083831,2.7965868860067666,2.797990560531616,14766,0.0,0.0
2004-08-16 00:00:00-04:00,2.807817972496149,2.8190493454331236,2.796586819226544,2.7993946075439453,9844,0.0,0.0
2004-08-17 00:00:00-04:00,2.8134333947236922,2.8134333947236922,2.786758967837591,2.793778657913208,16407,0.0,0.0
2004-08-18 00:00:00-04:00,2.8078179614760104,2.8569546961724193,2.8078179614760104,2.8429155349731445,35439,0.0,0.0
2004-08-19 00:00:00-04:00,2.831683520358595,2.8780128955841064,2.831683520358595,2.8780128955841064,8203,0.0,0.0
2004-08-20 00:00:00-04:00,2.8808199194040713,2.9622461795806885,2.8808199194040713,2.9622461795806885,29861,0.0,0.0
2004-08-23 00:00:00-04:00,2.976286547202827,2.9973453970642194,2.976286547202827,2.986114025115967,10829,0.0,0.0
2004-08-24 00:00:00-04:00,2.997346107199469,3.063329581817363,2.997346107199469,3.053502321243286,31829,0.0,0.0
2004-08-25 00:00:00-04:00,3.03805814363587,3.0591169907238,3.036654469452972,3.0520970821380615,9188,0.0,0.0
2004-08-26 00:00:00-04:00,3.0535032102428636,3.0535032102428636,3.0464835166931152,3.0464835166931152,5578,0.0,0.0
2004-08-27 00:00:00-04:00,3.0478851295015907,3.0605201721191406,3.0464810162101323,3.0605201721191406,4922,0.0,0.0
2004-08-30 00:00:00-04:00,3.053500806660367,3.088598368111977,3.047885231974876,3.074559211730957,48236,0.0,0.0
2004-08-31 00:00:00-04:00,3.0689435065925084,3.0970218181610107,3.0675398326480954,3.0970218181610107,18376,0.0,0.0
2004-09-01 00:00:00-04:00,3.084387963377326,3.1026385873572475,3.06052132345346,3.1012349128723145,203117,0.0,0.0
2004-09-02 00:00:00-04:00,3.1068500075645065,3.1447553634643555,3.1068500075645065,3.1447553634643555,21329,0.0,0.0
2004-09-03 00:00:00-04:00,3.1307173712938323,3.15879569978426,3.1307173712938323,3.1573920249938965,38720,0.0,0.0
2004-09-07 00:00:00-04:00,3.1573897756114953,3.186871538221521,3.1573897756114953,3.1587934494018555,18704,0.0,0.0
2004-09-08 00:00:00-04:00,3.172833835322383,3.1868729959877564,3.15879489432437,3.182661533355713,39048,0.0,0.0
2004-09-09 00:00:00-04:00,3.1938926453419465,3.207931585195007,3.1868727360807316,3.2065274715423584,14438,0.0,0.0
2004-09-10 00:00:00-04:00,3.1981046324209763,3.221971273422241,3.1981046324209763,3.221971273422241,14110,0.0,0.0
2004-09-13 00:00:00-04:00,3.2360099358186383,3.250048875808716,3.2360099358186383,3.250048875808716,9516,0.0,0.0
2004-09-14 00:00:00-04:00,3.2500493217973347,3.2500493217973347,3.2346062660217285,3.2346062660217285,3281,0.0,0.0
2004-09-15 00:00:00-04:00,3.2430290863085034,3.2430290863085034,3.2317977149948587,3.2360098361968994,2297,0.0,0.0
2004-09-16 00:00:00-04:00,3.238817015485289,3.2781264781951904,3.2332014407173877,3.2781264781951904,13454,0.0,0.0
2004-09-17 00:00:00-04:00,3.278127669944119,3.2851469212885167,3.266896296657903,3.2739157676696777,24282,0.0,0.0
2004-09-20 00:00:00-04:00,3.2851468594573197,3.2851468594573197,3.247241497039795,3.247241497039795,16079,0.0,0.0
2004-09-21 00:00:00-04:00,3.24162480286924,3.2781264781951904,3.24162480286924,3.2781264781951904,7875,0.0,0.0
2004-09-22 00:00:00-04:00,3.2921646406936143,3.320242507928317,3.265490227486157,3.2668943405151367,33798,0.0,0.0
2004-09-23 00:00:00-04:00,3.2542619827582726,3.297783374786377,3.2542619827582726,3.297783374786377,83347,0.0,0.0
2004-09-24 00:00:00-04:00,3.3062049663690227,3.3062049663690227,3.299185277403898,3.3033971786499023,21001,0.0,0.0
2004-09-27 00:00:00-04:00,3.2921656000936523,3.2921656000936523,3.262683391571045,3.262683391571045,11157,0.0,0.0
2004-09-28 00:00:00-04:00,3.2767229609469144,3.292166014035385,3.257068226016317,3.2640879154205322,17063,0.0,0.0
2004-09-29 00:00:00-04:00,3.2626832082488693,3.2781264781951904,3.2542598460970176,3.2781264781951904,6235,0.0,0.0
2004-09-30 00:00:00-04:00,3.278128402009194,3.3132259845733643,3.278128402009194,3.3132259845733643,33470,0.0,0.0
2004-10-01 00:00:00-04:00,3.3132246016056124,3.3398985862731934,3.306205131956249,3.3398985862731934,25595,0.0,0.0
2004-10-04 00:00:00-04:00,3.348323820829412,3.362362987640281,3.33849677749648,3.3525357246398926,10500,0.0,0.0
2004-10-05 00:00:00-04:00,3.358151048416049,3.358151048416049,3.3132259845733643,3.3132259845733643,6235,0.0,0.0
2004-10-06 00:00:00-04:00,3.3230526547375336,3.3483229728634,3.3230526547375336,3.346919298171997,6563,0.0,0.0
2004-10-07 00:00:00-04:00,3.3413049487047597,3.3413049487047597,3.3188424110412598,3.3188424110412598,12469,0.0,0.0
2004-10-08 00:00:00-04:00,3.320242783172812,3.338493837722851,3.320242783172812,3.3300702571868896,8203,0.0,0.0
2004-10-11 00:00:00-04:00,3.3160316281497195,3.3174357414245605,3.3160316281497195,3.3174357414245605,656,0.0,0.0
2004-10-12 00:00:00-04:00,3.309011855015144,3.338493837722851,3.309011855015144,3.3300702571868896,6235,0.0,0.0
2004-10-13 00:00:00-04:00,3.3413049487047597,3.3413049487047597,3.3062073571685,3.3188424110412598,8203,0.0,0.0
2004-10-14 00:00:00-04:00,3.3048010902917935,3.3244558254051526,3.293569938608353,3.2991855144500732,13126,0.0,0.0
2004-10-15 00:00:00-04:00,3.299186639448737,3.300590753555298,3.299186639448737,3.300590753555298,7875,0.0,0.0
2004-10-18 00:00:00-04:00,3.3118218137632103,3.3216490745544434,3.3118218137632103,3.3216490745544434,1641,0.0,0.0
2004-10-19 00:00:00-04:00,3.341301932753044,3.341301932753044,3.3174357414245605,3.3174357414245605,2953,0.0,0.0
2004-10-20 00:00:00-04:00,3.313223535449493,3.3300702571868896,3.299184381001066,3.3300702571868896,8203,0.0,0.0
2004-10-21 00:00:00-04:00,3.337091561972621,3.3553426265716553,3.337091561972621,3.3553426265716553,2953,0.0,0.0
2004-10-22 00:00:00-04:00,3.3553426265716553,3.3665737805804348,3.3553426265716553,3.3553426265716553,5250,0.0,0.0
2004-10-25 00:00:00-04:00,3.3413045669251624,3.3609593125933963,3.3413045669251624,3.3525357246398926,5906,0.0,0.0
2004-10-26 00:00:00-04:00,3.327263888434294,3.4114984116942164,3.327263888434294,3.4058828353881836,17063,0.0,0.0
2004-10-27 00:00:00-04:00,3.4058828128506957,3.4508078623363945,3.4058828128506957,3.429749011993408,13454,0.0,0.0
2004-10-28 00:00:00-04:00,3.4297473778097554,3.432555164606356,3.404477076973097,3.4255359172821045,6235,0.0,0.0
2004-10-29 00:00:00-04:00,3.4002666634081873,3.4325562215112475,3.4002666634081873,3.4157094955444336,18376,0.0,0.0
2004-11-01 00:00:00-05:00,3.4171128281481002,3.4325554370880127,3.410092921264846,3.4325554370880127,26579,0.0,0.0
2004-11-02 00:00:00-05:00,3.432556289735223,3.432556289735223,3.4185173511505127,3.4185173511505127,4594,0.0,0.0
2004-11-03 00:00:00-05:00,3.429748435313692,3.431152548812177,3.407285914347703,3.419921398162842,7547,0.0,0.0
2004-11-04 00:00:00-05:00,3.405883456607764,3.4311537742614746,3.405883456607764,3.4311537742614746,16407,0.0,0.0
2004-11-05 00:00:00-05:00,3.4311526155440744,3.4311526155440744,3.4114978818581574,3.4185173511505127,8203,0.0,0.0
2004-11-08 00:00:00-05:00,3.4255671819710076,3.4255671819710076,3.4072408535936836,3.414289712905884,51846,0.030475,0.0
2004-11-09 00:00:00-05:00,3.4213366880615106,3.4255659580230713,3.4100592230258027,3.4255659580230713,14766,0.0,0.0
2004-11-10 00:00:00-05:00,3.411468946085028,3.4453015599738244,3.411468946085028,3.4340240955352783,15751,0.0,0.0
2004-11-11 00:00:00-05:00,3.4396619168762363,3.4467101097106934,3.4326132828955793,3.4467101097106934,7219,0.0,0.0
2004-11-12 00:00:00-05:00,3.4467101762177847,3.4819529056549072,3.4467101762177847,3.4819529056549072,35439,0.0,0.0
2004-11-15 00:00:00-05:00,3.4819526227194832,3.4890010356903076,3.4819526227194832,3.4890010356903076,1641,0.0,0.0
2004-11-16 00:00:00-05:00,3.4890040485231926,3.4890040485231926,3.4678587913513184,3.4678587913513184,42986,0.0,0.0
2004-11-17 00:00:00-05:00,3.4777236958462265,3.503098205605837,3.4777236958462265,3.4904112815856934,9516,0.0,0.0
2004-11-18 00:00:00-05:00,3.48195327064855,3.491821050643921,3.48195327064855,3.491821050643921,2297,0.0,0.0
2004-11-19 00:00:00-05:00,3.503098111549924,3.522833889849308,3.503098111549924,3.520014524459839,8203,0.0,0.0
2004-11-22 00:00:00-05:00,3.5200156963757188,3.604597568511963,3.5200156963757188,3.604597568511963,45611,0.0,0.0
2004-11-23 00:00:00-05:00,3.6116479992788184,3.6384319910672467,3.6116479992788184,3.629973888397217,7875,0.0,0.0
2004-11-24 00:00:00-05:00,3.6201060695080365,3.64548059786401,3.6201060695080365,3.6370224952697754,10172,0.0,0.0
2004-11-26 00:00:00-05:00,3.6370224952697754,3.6370224952697754,3.6370224952697754,3.6370224952697754,0,0.0,0.0
2004-11-29 00:00:00-05:00,3.637020070527135,3.637020070527135,3.6201036560432973,3.6285619735717773,9844,0.0,0.0
2004-11-30 00:00:00-05:00,3.620106407631059,3.6299741949126645,3.6144676720415703,3.62715482711792,4922,0.0,0.0
2004-12-01 00:00:00-05:00,3.6201052671220295,3.6299730512948036,3.614466533309016,3.6243340969085693,20673,0.0,0.0
2004-12-02 00:00:00-05:00,3.610236433557413,3.6257433891296387,3.603188017909283,3.6257433891296387,3610,0.0,0.0
2004-12-03 00:00:00-05:00,3.6285625353949134,3.6370206336598683,3.5947297011887804,3.6031877994537354,31173,0.0,0.0
2004-12-06 00:00:00-05:00,3.591910393581167,3.621513737990488,3.5876811238066755,3.615875005722046,15094,0.0,0.0
2004-12-07 00:00:00-05:00,3.6017772382452855,3.614464824472607,3.56935453414917,3.56935453414917,9188,0.0,0.0
2004-12-08 00:00:00-05:00,3.555258597101311,3.587681531906128,3.545390373362704,3.587681531906128,20345,0.0,0.0
2004-12-09 00:00:00-05:00,3.580633955472055,3.608828067779541,3.577814588355954,3.608828067779541,6235,0.0,0.0
2004-12-10 00:00:00-05:00,3.5947297597153884,3.622923641630759,3.5890910274469463,3.615875005722046,9516,0.0,0.0
2004-12-13 00:00:00-05:00,3.622924903360047,3.6271539540341986,3.597550378741899,3.608828067779541,15094,0.0,0.0
2004-12-14 00:00:00-05:00,3.594729423522949,3.601777617626168,3.5834517394676357,3.594729423522949,6563,0.0,0.0
2004-12-15 00:00:00-05:00,3.5876823732623078,3.608828067779541,3.5876823732623078,3.608828067779541,9516,0.0,0.0
2004-12-16 00:00:00-05:00,3.601778984069824,3.615876039343825,3.5820431949155127,3.601778984069824,13454,0.0,0.0
2004-12-17 00:00:00-05:00,3.6017792088428138,3.6172861691278446,3.594731011625798,3.608828067779541,15751,0.0,0.0
2004-12-20 00:00:00-05:00,3.594730418136717,3.594730418136717,3.5721752643585205,3.5721752643585205,14438,0.0,0.0
2004-12-21 00:00:00-05:00,3.586271661312725,3.615875005722046,3.586271661312725,3.615875005722046,10172,0.0,0.0
2004-12-22 00:00:00-05:00,3.615875005722046,3.615875005722046,3.615875005722046,3.615875005722046,3281,0.0,0.0
2004-12-23 00:00:00-05:00,3.608828936452081,3.62715482711792,3.608828936452081,3.62715482711792,8203,0.0,0.0
2004-12-27 00:00:00-05:00,3.618695632112658,3.618695632112658,3.6031891129741016,3.608828067779541,7875,0.0,0.0
2004-12-28 00:00:00-05:00,3.6201047229490624,3.6285630429703515,3.614465989983661,3.6229240894317627,24282,0.0,0.0
2004-12-29 00:00:00-05:00,3.628562558618345,3.6652145385742188,3.6088267753006478,3.6652145385742188,45611,0.0,0.0
2004-12-30 00:00:00-05:00,3.6652156579066535,3.6652156579066535,3.6525282859802246,3.6525282859802246,2625,0.0,0.0
2004-12-31 00:00:00-05:00,3.6525284701233227,3.6638059385613935,3.639841318130493,3.639841318130493,13782,0.0,0.0
2005-01-03 00:00:00-05:00,3.6398397944307757,3.6398397944307757,3.5552579342597244,3.580632448196411,45611,0.0,0.0
2005-01-04 00:00:00-05:00,3.5933204583722405,3.5933204583722405,3.5453905643371963,3.5637168884277344,28220,0.0,0.0
2005-01-05 00:00:00-05:00,3.5524392632476185,3.5524392632476185,3.5101483248892706,3.518606424331665,13454,0.0,0.0
2005-01-06 00:00:00-05:00,3.524244604133068,3.559486900184655,3.5171959684642284,3.532702922821045,30845,0.0,0.0
2005-01-07 00:00:00-05:00,3.5242454751424375,3.541161896126094,3.5030997834829614,3.504509687423706,14110,0.0,0.0
2005-01-10 00:00:00-05:00,3.524244833745957,3.5806328199047206,3.524244833745957,3.5482096672058105,23626,0.0,0.0
2005-01-11 00:00:00-05:00,3.5383435603578537,3.5383435603578537,3.504510708532665,3.505920171737671,12141,0.0,0.0
2005-01-12 00:00:00-05:00,3.498871520411177,3.507329842558988,3.4579900344143697,3.459399938583374,28548,0.0,0.0
2005-01-13 00:00:00-05:00,3.4734974137185315,3.4805456119735,3.404421806335449,3.404421806335449,28548,0.0,0.0
2005-01-14 00:00:00-05:00,3.418517827987671,3.425566465251861,3.412879094634881,3.418517827987671,8860,0.0,0.0
2005-01-18 00:00:00-05:00,3.4326138236960655,3.4396624587872187,3.397371530532837,3.397371530532837,30517,0.0,0.0
2005-01-19 00:00:00-05:00,3.3832756986981516,3.4199279085306955,3.360720543548866,3.390324115753174,41674,0.0,0.0
2005-01-20 00:00:00-05:00,3.3762276850127417,3.403012115918144,3.3621306277242806,3.3691794872283936,15094,0.0,0.0
2005-01-21 00:00:00-05:00,3.376227767709692,3.4523515701293945,3.3691795697527054,3.4523515701293945,31829,0.0,0.0
2005-01-24 00:00:00-05:00,3.466445744052414,3.481952694052081,3.466445744052414,3.4749040603637695,5578,0.0,0.0
2005-01-25 00:00:00-05:00,3.4890033654269526,3.4960520036774994,3.474906309499092,3.476316213607788,25267,0.0,0.0
2005-01-26 00:00:00-05:00,3.4763141748200574,3.49886931873256,3.4664459547128623,3.4819529056549072,11485,0.0,0.0
2005-01-27 00:00:00-05:00,3.473497477653662,3.494642734527588,3.4664486175491396,3.494642734527588,29861,0.0,0.0
2005-01-28 00:00:00-05:00,3.498871542861126,3.5171974297236086,3.481955119030206,3.4833645820617676,8860,0.0,0.0
2005-01-31 00:00:00-05:00,3.503097861631956,3.507327350560623,3.4777233543639023,3.4890010356903076,16079,0.0,0.0
2005-02-01 00:00:00-05:00,3.476314818345415,3.476314818345415,3.429794618626908,3.4537596702575684,20016,0.0,0.0
2005-02-02 00:00:00-05:00,3.4467113580088506,3.455169677734375,3.4467113580088506,3.455169677734375,7547,0.0,0.0
2005-02-03 00:00:00-05:00,3.4481224792000265,3.4551706766247694,3.425567100459984,3.428386688232422,32814,0.0,0.0
2005-02-04 00:00:00-05:00,3.3973734644469515,3.4523515701293945,3.390324825343445,3.4523515701293945,14438,0.0,0.0
2005-02-07 00:00:00-05:00,3.46221956515312,3.4819553575455626,3.4608096608784904,3.4791359901428223,8532,0.0,0.0
2005-02-08 00:00:00-05:00,3.4777180025004815,3.490457206178962,3.4777180025004815,3.489041566848755,4594,0.030475,0.0
2005-02-09 00:00:00-05:00,3.47488841768638,3.4847967892122718,3.464980710572178,3.472057580947876,8532,0.0,0.0
2005-02-10 00:00:00-05:00,3.4649806178883655,3.474888324737549,3.4508262131038934,3.474888324737549,15094,0.0,0.0
2005-02-11 00:00:00-05:00,3.4706435446628823,3.4904596299296484,3.4706435446628823,3.484797954559326,9188,0.0,0.0
2005-02-14 00:00:00-05:00,3.4791356370505144,3.486212730407715,3.4791356370505144,3.486212730407715,1313,0.0,0.0
2005-02-15 00:00:00-05:00,3.5074434740212865,3.531505584716797,3.4819657235790213,3.531505584716797,36095,0.0,0.0
2005-02-16 00:00:00-05:00,3.524428619439777,3.5399979985862124,3.524428619439777,3.5385828018188477,72190,0.0,0.0
2005-02-17 00:00:00-05:00,3.571138071136369,3.571138071136369,3.532921552658081,3.532921552658081,85972,0.0,0.0
2005-02-18 00:00:00-05:00,3.5315040989302258,3.5414124656360864,3.5258424282073975,3.5258424282073975,20345,0.0,0.0
2005-02-22 00:00:00-05:00,3.525844449332907,3.5527378436233965,3.5173517169099067,3.5187673568725586,50205,0.0,0.0
2005-02-23 00:00:00-05:00,3.5187657848439198,3.5258428741425387,3.489041566848755,3.489041566848755,21657,0.0,0.0
2005-02-24 00:00:00-05:00,3.49612107883541,3.49612107883541,3.4890437636103093,3.4947054386138916,13454,0.0,0.0
2005-02-25 00:00:00-05:00,3.494705672337538,3.4989521503448486,3.481967124198155,3.4989521503448486,18704,0.0,0.0
2005-02-28 00:00:00-05:00,3.4890417113072574,3.497534218817219,3.4678104425323526,3.4961190223693848,29861,0.0,0.0
2005-03-01 00:00:00-05:00,3.489042863574765,3.490458503431104,3.4536571824598643,3.4635651111602783,24610,0.0,0.0
2005-03-02 00:00:00-05:00,3.459319591522217,3.4678123251131447,3.4536579167753403,3.459319591522217,17719,0.0,0.0
2005-03-03 00:00:00-05:00,3.460734076535833,3.463565134797266,3.453657206029236,3.4550724029541016,10172,0.0,0.0
2005-03-04 00:00:00-05:00,3.4621493727990122,3.4621493727990122,3.4281788939119675,3.439502239227295,30189,0.0,0.0
2005-03-07 00:00:00-05:00,3.432425390586422,3.439502703835036,3.4253485202789307,3.4253485202789307,6891,0.0,0.0
2005-03-08 00:00:00-05:00,3.4253485053158297,3.4253485053158297,3.382885511891885,3.384300708770752,27564,0.0,0.0
2005-03-09 00:00:00-05:00,3.38288535941962,3.3871313928059665,3.354576550765875,3.3588225841522217,33142,0.0,0.0
2005-03-10 00:00:00-05:00,3.3687325076108334,3.375809380829901,3.354578096760742,3.370147705078125,18704,0.0,0.0
2005-03-11 00:00:00-05:00,3.3701464934410312,3.3701464934410312,3.3333456142851636,3.3375916481018066,18048,0.0,0.0
2005-03-14 00:00:00-05:00,3.333345692080708,3.333345692080708,3.297959566116333,3.297959566116333,26579,0.0,0.0
2005-03-15 00:00:00-05:00,3.3092841986798116,3.3121150365136764,3.2979606258737033,3.2993764877319336,117473,0.0,0.0
2005-03-16 00:00:00-05:00,3.297960187512446,3.3248538077714374,3.297960187512446,3.3234381675720215,42330,0.0,0.0
2005-03-17 00:00:00-05:00,3.3234360793548663,3.3234360793548663,3.299373976084286,3.306450843811035,16079,0.0,0.0
2005-03-18 00:00:00-05:00,3.307869001233528,3.307869001233528,3.2979606258737033,3.2993764877319336,53158,0.0,0.0
2005-03-21 00:00:00-05:00,3.297959510398405,3.303621405621749,3.289466999769249,3.296544313430786,18704,0.0,0.0
2005-03-22 00:00:00-05:00,3.2922966858987093,3.2979583576725724,3.283804178237915,3.283804178237915,18376,0.0,0.0
2005-03-23 00:00:00-05:00,3.2852209171738656,3.290882590842619,3.2838052772861066,3.2866361141204834,22970,0.0,0.0
2005-03-24 00:00:00-05:00,3.2838053814952763,3.297959566116333,3.276728289184748,3.297959566116333,26251,0.0,0.0
2005-03-28 00:00:00-05:00,3.309283639801805,3.3121144771575928,3.2852215222776096,3.3121144771575928,16735,0.0,0.0
2005-03-29 00:00:00-05:00,3.320607061312201,3.368731737136841,3.3135299682411072,3.368731737136841,27235,0.0,0.0
2005-03-30 00:00:00-05:00,3.382885511891885,3.3970396953861597,3.367315467107062,3.384300708770752,21001,0.0,0.0
2005-03-31 00:00:00-05:00,3.389962115074264,3.5385828018188477,3.389962115074264,3.5385828018188477,53486,0.0,0.0
2005-04-01 00:00:00-05:00,3.5385833350987212,3.566892147064209,3.506028267779583,3.566892147064209,160788,0.0,0.0
2005-04-04 00:00:00-04:00,3.581045043611125,3.5951992221572064,3.5612289721761283,3.5796291828155518,29532,0.0,0.0
2005-04-05 00:00:00-04:00,3.5810458969776473,3.616431351775237,3.5470754174308903,3.5499062538146973,23626,0.0,0.0
2005-04-06 00:00:00-04:00,3.566893865459737,3.6093568823944797,3.566893865459737,3.5725555419921875,37080,0.0,0.0
2005-04-07 00:00:00-04:00,3.595199440613873,3.599445472965218,3.58670693297019,3.5881221294403076,11813,0.0,0.0
2005-04-08 00:00:00-04:00,3.588122257660878,3.5895378971225753,3.581045389175415,3.581045389175415,4266,0.0,0.0
2005-04-11 00:00:00-04:00,3.5668913469489687,3.5668913469489687,3.5470752716064453,3.5470752716064453,3281,0.0,0.0
2005-04-12 00:00:00-04:00,3.5484893329440204,3.5484893329440204,3.4663942215725156,3.5031955242156982,31501,0.0,0.0
2005-04-13 00:00:00-04:00,3.486211613034031,3.552737155151904,3.4833807765984686,3.528674602508545,116489,0.0,0.0
2005-04-14 00:00:00-04:00,3.53433493429164,3.545658497207752,3.5258424282073975,3.5258424282073975,16079,0.0,0.0
2005-04-15 00:00:00-04:00,3.52725806735856,3.5414124656360864,3.5258424282073975,3.5258424282073975,15751,0.0,0.0
2005-04-18 00:00:00-04:00,3.5201804998628305,3.5484892961271597,3.5201804998628305,3.534334897994995,30189,0.0,0.0
2005-04-19 00:00:00-04:00,3.5343371641164465,3.5668924557233153,3.5343371641164465,3.5456607341766357,93519,0.0,0.0
2005-04-20 00:00:00-04:00,3.5315052616206652,3.5315052616206652,3.486211437984876,3.5116891860961914,48564,0.0,0.0
2005-04-21 00:00:00-04:00,3.5315040989302258,3.5980296158052805,3.5102728337196196,3.5258424282073975,24282,0.0,0.0
2005-04-22 00:00:00-04:00,3.5173517169099067,3.537167797269465,3.511690042941628,3.5187673568725586,26579,0.0,0.0
2005-04-25 00:00:00-04:00,3.5102729246078237,3.5102729246078237,3.4989493613985214,3.5046112537384033,5906,0.0,0.0
2005-04-26 00:00:00-04:00,3.4833794552132504,3.5031955242156982,3.474886727657655,3.5031955242156982,23298,0.0,0.0
2005-04-27 00:00:00-04:00,3.4890416608476116,3.4890416608476116,3.4536559919307037,3.4678103923797607,21985,0.0,0.0
2005-04-28 00:00:00-04:00,3.453657132511759,3.453657132511759,3.416855812072754,3.416855812072754,7875,0.0,0.0
2005-04-29 00:00:00-04:00,3.431011089354172,3.431011089354172,3.3828864097595215,3.3828864097595215,26907,0.0,0.0
2005-05-02 00:00:00-04:00,3.382885511891885,3.4182709706275722,3.36873110692705,3.384300708770752,43314,0.0,0.0
2005-05-03 00:00:00-04:00,3.404116913099854,3.404116913099854,3.354576826095581,3.354576826095581,34454,0.0,0.0
2005-05-04 00:00:00-04:00,3.354577596696421,3.3758088776006487,3.326269000686832,3.3276846408843994,26251,0.0,0.0
2005-05-05 00:00:00-04:00,3.316361069598192,3.3276846408843994,3.29937604487481,3.3276846408843994,36751,0.0,0.0
2005-05-06 00:00:00-04:00,3.327682129007633,3.3531594253907344,3.327682129007633,3.339005470275879,10172,0.0,0.0
2005-05-09 00:00:00-04:00,3.339007100118512,3.387131545469607,3.339007100118512,3.384300708770752,18704,0.0,0.0
2005-05-10 00:00:00-04:00,3.3843011361072834,3.4316036701202393,3.3843011361072834,3.4316036701202393,18704,0.091425,0.0
2005-05-11 00:00:00-04:00,3.4258694648742676,3.4258694648742676,3.4115352098153746,3.4258694648742676,18048,0.0,0.0
2005-05-12 00:00:00-04:00,3.4258706764800775,3.4258706764800775,3.3900349140167236,3.3900349140167236,6235,0.0,0.0
2005-05-13 00:00:00-04:00,3.3828672067432044,3.3828672067432044,3.34846508144017,3.354198694229126,13126,0.0,0.0
2005-05-16 00:00:00-04:00,3.368532763617721,3.3699663910200797,3.3642327785491943,3.3642327785491943,2953,0.0,0.0
2005-05-17 00:00:00-04:00,3.3556328606381993,3.3685334914852394,3.351332426071167,3.351332426071167,6891,0.0,0.0
2005-05-18 00:00:00-04:00,3.3613668423293452,3.4187032099888124,3.3613668423293452,3.3900349140167236,19360,0.0,0.0
2005-05-19 00:00:00-04:00,3.390034004911205,3.418702293195318,3.390034004911205,3.4115355014801025,12469,0.0,0.0
2005-05-20 00:00:00-04:00,3.4129683886081694,3.4258694648742676,3.4115352098153746,3.4258694648742676,3281,0.0,0.0
2005-05-23 00:00:00-04:00,3.4258694734388535,3.4258694734388535,3.4115352183441248,3.412968397140503,7875,0.0,0.0
2005-05-24 00:00:00-04:00,3.3972009632493965,3.412968397140503,3.3972009632493965,3.412968397140503,3281,0.0,0.0
2005-05-25 00:00:00-04:00,3.412969772938725,3.412969772938725,3.39290189743042,3.39290189743042,23954,0.0,0.0
2005-05-26 00:00:00-04:00,3.390033715084719,3.4258694648742676,3.390033715084719,3.4258694648742676,3610,0.0,0.0
2005-05-27 00:00:00-04:00,3.4187031354170534,3.4387710094451904,3.4187031354170534,3.4387710094451904,8203,0.0,0.0
2005-05-31 00:00:00-04:00,3.428736686706543,3.428736686706543,3.428736686706543,3.428736686706543,1641,0.0,0.0
2005-06-01 00:00:00-04:00,3.431603376893737,3.488940177852367,3.431603376893737,3.468872308731079,20673,0.0,0.0
2005-06-02 00:00:00-04:00,3.4688726172715634,3.476039409637451,3.1893560521990687,3.476039409637451,28876,0.0,0.0
2005-06-03 00:00:00-04:00,3.468870940370449,3.470304118723071,3.461703478615401,3.4645702838897705,3610,0.0,0.0
2005-06-06 00:00:00-04:00,3.4717414379119873,3.4717414379119873,3.463140788657353,3.4717414379119873,1641,0.0,0.0
2005-06-07 00:00:00-04:00,3.451671740760477,3.476039598697733,3.444504499435425,3.444504499435425,11813,0.0,0.0
2005-06-08 00:00:00-04:00,3.4430703018033824,3.4445037048808085,3.4258694648742676,3.4258694648742676,1969,0.0,0.0
2005-06-09 00:00:00-04:00,3.3900341185705134,3.4502377278418113,3.3900341185705134,3.440203905105591,10172,0.0,0.0
2005-06-10 00:00:00-04:00,3.440203905105591,3.440203905105591,3.440203905105591,3.440203905105591,0,0.0,0.0
2005-06-13 00:00:00-04:00,3.4402047123237667,3.4402047123237667,3.3900349140167236,3.3900349140167236,12141,0.0,0.0
2005-06-14 00:00:00-04:00,3.3757010983036366,3.3757010983036366,3.344165995201617,3.3455991744995117,6235,0.0,0.0
2005-06-15 00:00:00-04:00,3.332698163434414,3.332698163434414,3.2911287914098533,3.318363904953003,41345,0.0,0.0
2005-06-16 00:00:00-04:00,3.3040293580411135,3.354198694229126,3.2911282806966633,3.354198694229126,31173,0.0,0.0
2005-06-17 00:00:00-04:00,3.368534961386144,3.3914696505178403,3.368534961386144,3.384302854537964,53486,0.0,0.0
2005-06-20 00:00:00-04:00,3.3757004904784402,3.3757004904784402,3.3742668628692627,3.3742668628692627,1969,0.0,0.0
2005-06-21 00:00:00-04:00,3.3771330534647643,3.382866890001504,3.3756998746863656,3.3814334869384766,27892,0.0,0.0
2005-06-22 00:00:00-04:00,3.374266907849226,3.38430117982388,3.3613662777566864,3.372833728790283,9844,0.0,0.0
2005-06-23 00:00:00-04:00,3.3828670114201964,3.384300638819309,3.3527653217315674,3.3527653217315674,10500,0.0,0.0
2005-06-24 00:00:00-04:00,3.35419864001651,3.3742665087381556,3.35419864001651,3.36853289604187,46924,0.0,0.0
2005-06-27 00:00:00-04:00,3.3585002453734787,3.3728345063990783,3.357066617414667,3.3699676990509033,12469,0.0,0.0
2005-06-28 00:00:00-04:00,3.36996669738273,3.440203905105591,3.36996669738273,3.440203905105591,12141,0.0,0.0
2005-06-29 00:00:00-04:00,3.418702194918091,3.473172187805176,3.418702194918091,3.473172187805176,13126,0.0,0.0
2005-06-30 00:00:00-04:00,3.474607467651367,3.476040647207061,3.4703070318452838,3.474607467651367,33142,0.0,0.0
2005-07-01 00:00:00-04:00,3.4760393332137935,3.4760393332137935,3.4574050903320312,3.4574050903320312,1969,0.0,0.0
2005-07-05 00:00:00-04:00,3.4588383453914404,3.476039409637451,3.4588383453914404,3.476039409637451,19360,0.0,0.0
2005-07-06 00:00:00-04:00,3.47603946564144,3.47603946564144,3.461705207824707,3.461705207824707,3938,0.0,0.0
2005-07-07 00:00:00-04:00,3.4473708121225237,3.474605921541547,3.4473708121225237,3.468872308731079,31501,0.0,0.0
2005-07-08 00:00:00-04:00,3.468872308731079,3.4760391004595133,3.463138471635961,3.468872308731079,22970,0.0,0.0
2005-07-11 00:00:00-04:00,3.468872087942294,3.507574196234268,3.468872087942294,3.490373134613037,56768,0.0,0.0
2005-07-12 00:00:00-04:00,3.5032752218588334,3.5233430967770665,3.4989747867240784,3.511875867843628,46924,0.0,0.0
2005-07-13 00:00:00-04:00,3.5133088777226646,3.5276431374828126,3.5133088777226646,3.519042491912842,55127,0.0,0.0
2005-07-14 00:00:00-04:00,3.533376210981063,3.533376210981063,3.510441533445209,3.521908760070801,14110,0.0,0.0
2005-07-15 00:00:00-04:00,3.5219092990079304,3.5219092990079304,3.5133088777226646,3.519042491912842,5250,0.0,0.0
2005-07-18 00:00:00-04:00,3.516174783737321,3.5219083964581612,3.5047073340109938,3.506141185760498,14110,0.0,0.0
2005-07-19 00:00:00-04:00,3.509008046354972,3.527642287985707,3.500407402856136,3.5147416591644287,24610,0.0,0.0
2005-07-20 00:00:00-04:00,3.516175073534996,3.640882730484009,3.516175073534996,3.640882730484009,38720,0.0,0.0
2005-07-21 00:00:00-04:00,3.6193818369597093,3.63801653152,3.5763792822574922,3.577812910079956,37408,0.0,0.0
2005-07-22 00:00:00-04:00,3.5907134832147674,3.6552175384982104,3.5907134832147674,3.626549243927002,12797,0.0,0.0
2005-07-25 00:00:00-04:00,3.6265481600536114,3.669550701200522,3.6122139049097637,3.620814323425293,13126,0.0,0.0
2005-07-26 00:00:00-04:00,3.6337154958224103,3.655216993903158,3.6322823168063154,3.6523501873016357,7875,0.0,0.0
2005-07-27 00:00:00-04:00,3.645183378135725,3.666685104370117,3.645183378135725,3.666685104370117,3281,0.0,0.0
2005-07-28 00:00:00-04:00,3.6738517807653133,3.698220089055566,3.6580843421224074,3.6824522018432617,27564,0.0,0.0
2005-07-29 00:00:00-04:00,3.673850642193996,3.7053857339913954,3.669550657272339,3.669550657272339,21657,0.0,0.0
2005-08-01 00:00:00-04:00,3.638016580582687,3.666685100293927,3.638016580582687,3.6552176475524902,15094,0.0,0.0
2005-08-02 00:00:00-04:00,3.6552167718926682,3.6638171911748625,3.648049531539521,3.650916337966919,88269,0.0,0.0
2005-08-03 00:00:00-04:00,3.626549786189761,3.6294165936470737,3.620815946990403,3.622249126434326,51846,0.0,0.0
2005-08-04 00:00:00-04:00,3.6222476406825423,3.623681268107895,3.590712547302246,3.590712547302246,46924,0.0,0.0
2005-08-05 00:00:00-04:00,3.576379971976757,3.576379971976757,3.5333774089813232,3.5333774089813232,13782,0.0,0.0
2005-08-08 00:00:00-04:00,3.5262092815724255,3.5262092815724255,3.4832065105438232,3.4832065105438232,5250,0.0,0.0
2005-08-09 00:00:00-04:00,3.4760119470608517,3.4932841011568927,3.4644973278045654,3.4644973278045654,11813,0.030475,0.0
2005-08-10 00:00:00-04:00,3.4572987815525176,3.474570926110398,3.4472232700556344,3.4601776599884033,42002,0.0,0.0
2005-08-11 00:00:00-04:00,3.454418673122537,3.4572973251342773,3.447221817881794,3.4572973251342773,3281,0.0,0.0
2005-08-12 00:00:00-04:00,3.447222716281835,3.447222716281835,3.4054820260219327,3.4457836151123047,14110,0.0,0.0
2005-08-15 00:00:00-04:00,3.4328290503693477,3.504796266555786,3.425632644046719,3.504796266555786,10500,0.0,0.0
2005-08-16 00:00:00-04:00,3.4688146623021856,3.4688146623021856,3.4256344005343005,3.432830810546875,12469,0.0,0.0
2005-08-17 00:00:00-04:00,3.432829286046399,3.467373570204404,3.432829286046399,3.45873761177063,2953,0.0,0.0
2005-08-18 00:00:00-04:00,3.4601771633877134,3.4716917746327454,3.454419632553743,3.45873761177063,9516,0.0,0.0
2005-08-19 00:00:00-04:00,3.4601773498035517,3.4745706146352737,3.4486625127267074,3.450101613998413,11813,0.0,0.0
2005-08-22 00:00:00-04:00,3.4328291614326094,3.445783549035927,3.4328291614326094,3.4342687129974365,418376,0.0,0.0
2005-08-23 00:00:00-04:00,3.4256331663596375,3.471692065623242,3.4256331663596375,3.470252513885498,11157,0.0,0.0
2005-08-24 00:00:00-04:00,3.4832090345192532,3.506238498243437,3.454422035955315,3.4644973278045654,11813,0.0,0.0
2005-08-25 00:00:00-04:00,3.4644941739642734,3.4644941739642734,3.4544188912868763,3.455857992172241,6891,0.0,0.0
2005-08-26 00:00:00-04:00,3.4558587337479176,3.4630558161989713,3.454419632553743,3.45873761177063,6235,0.0,0.0
2005-08-29 00:00:00-04:00,3.447223045368712,3.4630560874938965,3.445783944061799,3.4630560874938965,107957,0.0,0.0
2005-08-30 00:00:00-04:00,3.450101486908564,3.468813180923462,3.444344181187955,3.468813180923462,25923,0.0,0.0
2005-08-31 00:00:00-04:00,3.454420804977417,3.4587387856598184,3.4457848436126146,3.454420804977417,20016,0.0,0.0
2005-09-01 00:00:00-04:00,3.4673728261578156,3.4673728261578156,3.447222035591615,3.455857992172241,15422,0.0,0.0
2005-09-02 00:00:00-04:00,3.4630566200149984,3.4630566200149984,3.4299514293670654,3.4299514293670654,8532,0.0,0.0
2005-09-06 00:00:00-04:00,3.432829316056549,3.5091147422790527,3.432829316056549,3.5091147422790527,16407,0.0,0.0
2005-09-07 00:00:00-04:00,3.50479894562479,3.50479894562479,3.4644973278045654,3.4644973278045654,20345,0.0,0.0
2005-09-08 00:00:00-04:00,3.457299158166352,3.476010406163217,3.4400272369384766,3.4400272369384766,11485,0.0,0.0
2005-09-09 00:00:00-04:00,3.440025724998391,3.473130226135254,3.440025724998391,3.473130226135254,18376,0.0,0.0
2005-09-12 00:00:00-04:00,3.468814676459631,3.4875259281187345,3.455860282580218,3.484647274017334,8860,0.0,0.0
2005-09-13 00:00:00-04:00,3.4904030773757473,3.4904030773757473,3.4644949764215465,3.468813180923462,5578,0.0,0.0
2005-09-14 00:00:00-04:00,3.467374182120545,3.4904036338862605,3.467374182120545,3.4832072257995605,25923,0.0,0.0
2005-09-15 00:00:00-04:00,3.483207233656638,3.5364625453948975,3.483207233656638,3.5364625453948975,33798,0.0,0.0
2005-09-16 00:00:00-04:00,3.5551722740695513,3.591155645930538,3.5235068798065186,3.5235068798065186,111895,0.0,0.0
2005-09-19 00:00:00-04:00,3.5220677367579145,3.5220677367579145,3.5119924545288086,3.5119924545288086,2297,0.0,0.0
2005-09-20 00:00:00-04:00,3.486085399165247,3.491842705011154,3.437147623840647,3.438586950302124,42658,0.0,0.0
2005-09-21 00:00:00-04:00,3.43714828827714,3.4472235754551352,3.4299514293670654,3.4299514293670654,31829,0.0,0.0
2005-09-22 00:00:00-04:00,3.425633281916032,3.4429054260253906,3.4112397909563197,3.4429054260253906,16407,0.0,0.0
2005-09-23 00:00:00-04:00,3.432830810546875,3.4342703628032556,3.432830810546875,3.432830810546875,1969,0.0,0.0
2005-09-26 00:00:00-04:00,3.4328297208982126,3.4529805183410645,3.4328297208982126,3.4529805183410645,6235,0.0,0.0
2005-09-27 00:00:00-04:00,3.452980952647872,3.452980952647872,3.4400272369384766,3.4400272369384766,12797,0.0,0.0
2005-09-28 00:00:00-04:00,3.4472218905124197,3.4515400938324037,3.4256319999694824,3.4256319999694824,14110,0.0,0.0
2005-09-29 00:00:00-04:00,3.4184380287658986,3.4328313012716825,3.3680611245724825,3.3795759677886963,47908,0.0,0.0
2005-09-30 00:00:00-04:00,3.379574073476516,3.3824527263641357,3.3709378896021955,3.3824527263641357,17391,0.0,0.0
2005-10-03 00:00:00-04:00,3.375255916466938,3.375255916466938,3.3320756750027862,3.3464691638946533,50861,0.0,0.0
2005-10-04 00:00:00-04:00,3.3536661379907384,3.3824531206454616,3.3536661379907384,3.363741874694824,17391,0.0,0.0
2005-10-05 00:00:00-04:00,3.3608624653876666,3.3723770756899563,3.311924695968628,3.311924695968628,19688,0.0,0.0
2005-10-06 00:00:00-04:00,3.3104862165600397,3.3248797093106255,3.2888963152514243,3.2903354167938232,23626,0.0,0.0
2005-10-07 00:00:00-04:00,3.2903369491175054,3.317684845812308,3.2903369491175054,3.313366413116455,8860,0.0,0.0
2005-10-10 00:00:00-04:00,3.303288738241911,3.3162426748319866,3.303288738241911,3.311924695968628,35767,0.0,0.0
2005-10-11 00:00:00-04:00,3.310484838109561,3.310484838109561,3.2975311279296875,3.2975311279296875,3610,0.0,0.0
2005-10-12 00:00:00-04:00,3.296091378467766,3.3032882340195866,3.264425754547119,3.264425754547119,19688,0.0,0.0
2005-10-13 00:00:00-04:00,3.254352593800737,3.265867209055708,3.2514737147754613,3.2601099014282227,6235,0.0,0.0
2005-10-14 00:00:00-04:00,3.261548856438715,3.2816996574401855,3.2471553628058007,3.2816996574401855,3938,0.0,0.0
2005-10-17 00:00:00-04:00,3.277381310786568,3.277381310786568,3.2471547769208593,3.25866961479187,7219,0.0,0.0
2005-10-18 00:00:00-04:00,3.2716223874210124,3.2716223874210124,3.224123954772949,3.224123954772949,11813,0.0,0.0
2005-10-19 00:00:00-04:00,3.2140489183205116,3.231320830070091,3.2140489183205116,3.2255635261535645,10172,0.0,0.0
2005-10-20 00:00:00-04:00,3.2169285301235604,3.2169285301235604,3.182384245894542,3.183823347091675,6563,0.0,0.0
2005-10-21 00:00:00-04:00,3.1953389139083797,3.20541442628284,3.185263626745426,3.1867027282714844,9516,0.0,0.0
2005-10-24 00:00:00-04:00,3.1809437252466277,3.4558576880758594,3.1809437252466277,3.224123954772949,7219,0.0,0.0
2005-10-25 00:00:00-04:00,3.2169285632878024,3.2169285632878024,3.1881415843963623,3.1881415843963623,11813,0.0,0.0
2005-10-26 00:00:00-04:00,3.189580265456352,3.2500326429114526,3.189580265456352,3.2428362369537354,24610,0.0,0.0
2005-10-27 00:00:00-04:00,3.252912204340715,3.317683029019076,3.252912204340715,3.2802600860595703,48564,0.0,0.0
2005-10-28 00:00:00-04:00,3.313364156215416,3.3824527263641357,3.313364156215416,3.3824527263641357,27892,0.0,0.0
2005-10-31 00:00:00-05:00,3.3896487665093673,3.4587368695771894,3.3896487665093673,3.455857992172241,20673,0.0,0.0
2005-11-01 00:00:00-05:00,3.458737499516687,3.458737499516687,3.4126783803970526,3.437147378921509,14766,0.0,0.0
2005-11-02 00:00:00-05:00,3.425632644046719,3.504796266555786,3.4184357873012114,3.504796266555786,20345,0.0,0.0
2005-11-03 00:00:00-05:00,3.526386611580869,3.5407800998604446,3.504796266555786,3.504796266555786,24282,0.0,0.0
2005-11-04 00:00:00-05:00,3.4976013480294093,3.516312599182129,3.4976013480294093,3.516312599182129,8860,0.0,0.0
2005-11-07 00:00:00-05:00,3.523627632874518,3.5602099895477295,3.523627632874518,3.5602099895477295,7219,0.1219,0.0
2005-11-08 00:00:00-05:00,3.548503760615502,3.5558204156975424,3.526554482250255,3.5309441089630127,9188,0.0,0.0
2005-11-09 00:00:00-05:00,3.5265561413562896,3.5265561413562896,3.489973306655884,3.489973306655884,15751,0.0,0.0
2005-11-10 00:00:00-05:00,3.4972871916030472,3.5119200381679443,3.4958236779863547,3.504603385925293,64315,0.0,0.0
2005-11-11 00:00:00-05:00,3.4943621212364757,3.5324079990386963,3.4943621212364757,3.5324079990386963,25595,0.0,0.0
2005-11-14 00:00:00-05:00,3.525090523156911,3.525090523156911,3.4972881074032633,3.498751163482666,266448,0.0,0.0
2005-11-15 00:00:00-05:00,3.5119223165611517,3.5119223165611517,3.487046003341675,3.487046003341675,15422,0.0,0.0
2005-11-16 00:00:00-05:00,3.482656069034796,3.4885092109430005,3.468022985303953,3.475339412689209,25267,0.0,0.0
2005-11-17 00:00:00-05:00,3.4972887213838115,3.5046049189063018,3.4914353512372744,3.5002152919769287,12141,0.0,0.0
2005-11-18 00:00:00-05:00,3.5163119350619865,3.5250916481018066,3.510458564075104,3.5250916481018066,3281,0.0,0.0
2005-11-21 00:00:00-05:00,3.5338708421000913,3.5836232288993037,3.5338708421000913,3.5733802318573,44955,0.0,0.0
2005-11-22 00:00:00-05:00,3.55874835750747,3.55874835750747,3.5265556143169343,3.538262128829956,98113,0.0,0.0
2005-11-23 00:00:00-05:00,3.5485053388601777,3.5704550849084478,3.5485053388601777,3.55435848236084,8203,0.0,0.0
2005-11-25 00:00:00-05:00,3.5485036373138428,3.5485036373138428,3.5485036373138428,3.5485036373138428,328,0.0,0.0
2005-11-28 00:00:00-05:00,3.5411864113697997,3.5411864113697997,3.4943606125439657,3.5016770362854004,46924,0.0,0.0
2005-11-29 00:00:00-05:00,3.5016783483131846,3.5119215743493974,3.463632472682055,3.5002152919769287,20673,0.0,0.0
2005-11-30 00:00:00-05:00,3.508995651203243,3.5104587078094482,3.500215937803941,3.5104587078094482,5906,0.0,0.0
2005-12-01 00:00:00-05:00,3.522164397616914,3.533870679411712,3.5119214010464654,3.5309441089630127,69893,0.0,0.0
2005-12-02 00:00:00-05:00,3.5411876395351896,3.5587472915649414,3.522164473289353,3.5587472915649414,10829,0.0,0.0
2005-12-05 00:00:00-05:00,3.5558215738981334,3.5631380024029857,3.5411887168884277,3.5411887168884277,8203,0.0,0.0
2005-12-06 00:00:00-05:00,3.5485031417249138,3.561673164367676,3.5338700630732633,3.561673164367676,6563,0.0,0.0
2005-12-07 00:00:00-05:00,3.5763065135309913,3.5763065135309913,3.5265543597112785,3.5485036373138428,7219,0.0,0.0
2005-12-08 00:00:00-05:00,3.555822410331134,3.5704554997433346,3.5411895498793533,3.5426526069641113,80066,0.0,0.0
2005-12-09 00:00:00-05:00,3.54850474485273,3.563137830115251,3.54850474485273,3.5528948307037354,4922,0.0,0.0
2005-12-12 00:00:00-05:00,3.552893656376189,3.5602100821089953,3.548503571976226,3.5558202266693115,3281,0.0,0.0
2005-12-13 00:00:00-05:00,3.563137334648781,3.5704539907428128,3.5426511097140736,3.5499677658081055,17719,0.0,0.0
2005-12-14 00:00:00-05:00,3.5631367462588375,3.5894761085510254,3.5631367462588375,3.5894761085510254,2953,0.0,0.0
2005-12-15 00:00:00-05:00,3.577769569744212,3.577769569744212,3.541187440406605,3.5485036373138428,7219,0.0,0.0
2005-12-16 00:00:00-05:00,3.5631371066201956,3.5924030422424336,3.560210535954003,3.5719168186187744,68581,0.0,0.0
2005-12-19 00:00:00-05:00,3.5646023555626223,3.5646023555626223,3.5411895498793533,3.5426526069641113,11813,0.0,0.0
2005-12-20 00:00:00-05:00,3.552894676120443,3.552894676120443,3.5104587078094482,3.5104587078094482,7547,0.0,0.0
2005-12-21 00:00:00-05:00,3.5075324284503253,3.5075324284503253,3.4899727712306765,3.4972896575927734,2953,0.0,0.0
2005-12-22 00:00:00-05:00,3.4972883279349882,3.4972883279349882,3.482655247655337,3.4958248138427734,10172,0.0,0.0
2005-12-23 00:00:00-05:00,3.5104582604171477,3.5324079990386963,3.5104582604171477,3.5324079990386963,5578,0.0,0.0
2005-12-27 00:00:00-05:00,3.526553113693044,3.526553113693044,3.504603385925293,3.504603385925293,13782,0.0,0.0
2005-12-28 00:00:00-05:00,3.4826562820449922,3.5104587078094482,3.4826562820449922,3.5104587078094482,7219,0.0,0.0
2005-12-29 00:00:00-05:00,3.5031420157924495,3.5192381547586162,3.5031420157924495,3.5075316429138184,13782,0.0,0.0
2005-12-30 00:00:00-05:00,3.507530725445215,3.5133838653564453,3.494361160644947,3.5133838653564453,42330,0.0,0.0
2006-01-03 00:00:00-05:00,3.5060684139475113,3.535334348678589,3.501678329121593,3.535334348678589,24282,0.0,0.0
2006-01-04 00:00:00-05:00,3.51923846505556,3.557284116744995,3.516311894076398,3.557284116744995,11813,0.0,0.0
2006-01-05 00:00:00-05:00,3.5338713611416264,3.5338713611416264,3.5119220785420766,3.5250916481018066,20016,0.0,0.0
2006-01-06 00:00:00-05:00,3.525092099662487,3.5397251855636727,3.525092099662487,3.538262128829956,4594,0.0,0.0
2006-01-09 00:00:00-05:00,3.5455797770238555,3.5455797770238555,3.5119239633482175,3.5221669673919678,17391,0.0,0.0
2006-01-10 00:00:00-05:00,3.53387142385099,3.590940475463867,3.516311997459754,3.590940475463867,16407,0.0,0.0
2006-01-11 00:00:00-05:00,3.590939985869646,3.590939985869646,3.570453762245987,3.5719168186187744,14110,0.0,0.0
2006-01-12 00:00:00-05:00,3.576306653010654,3.6231324672698975,3.573380082549506,3.6231324672698975,18048,0.0,0.0
2006-01-13 00:00:00-05:00,3.628983996972604,3.650933265686035,3.628983996972604,3.650933265686035,5250,0.0,0.0
2006-01-17 00:00:00-05:00,3.6436185511588497,3.6436185511588497,3.621668815612793,3.621668815612793,5906,0.0,0.0
2006-01-18 00:00:00-05:00,3.636302540307969,3.6494725679654785,3.607036600821339,3.6260597705841064,14110,0.0,0.0
2006-01-19 00:00:00-05:00,3.636303027434277,3.649473056856069,3.6099636554718018,3.6099636554718018,10829,0.0,0.0
2006-01-20 00:00:00-05:00,3.6114265810734016,3.6114265810734016,3.5850872134072964,3.5924034118652344,13126,0.0,0.0
2006-01-23 00:00:00-05:00,3.577770270854487,3.5997202396392822,3.577770270854487,3.5997202396392822,3281,0.0,0.0
2006-01-24 00:00:00-05:00,3.6070369472200134,3.6802019174430933,3.6070369472200134,3.6436197757720947,25595,0.0,0.0
2006-01-25 00:00:00-05:00,3.6509344398234322,3.6509344398234322,3.6436182435262636,3.648007869720459,4922,0.0,0.0
2006-01-26 00:00:00-05:00,3.6641032848344763,3.6641032848344763,3.649470210065331,3.650933265686035,12141,0.0,0.0
2006-01-27 00:00:00-05:00,3.6655686753268415,3.680201530456543,3.650935591236803,3.680201530456543,13782,0.0,0.0
2006-01-30 00:00:00-05:00,3.67581127320711,3.67581127320711,3.66995813215788,3.672884702682495,1969,0.0,0.0
2006-01-31 00:00:00-05:00,3.6699581496638163,3.6860542876259803,3.6699581496638163,3.675811290740967,5250,0.0,0.0
2006-02-01 00:00:00-05:00,3.675812828484175,3.6933724880218506,3.675812828484175,3.6933724880218506,4594,0.0,0.0
2006-02-02 00:00:00-05:00,3.6875192167478086,3.6875192167478086,3.593867778778076,3.593867778778076,17719,0.0,0.0
2006-02-03 00:00:00-05:00,3.604110011090428,3.6202066097171457,3.585087299346924,3.585087299346924,4922,0.0,0.0
2006-02-06 00:00:00-05:00,3.588012732784027,3.588012732784027,3.5763062233854575,3.5777692794799805,2953,0.0,0.0
2006-02-07 00:00:00-05:00,3.579242801672675,3.579242801672675,3.5733535289764404,3.5733535289764404,984,0.045712,0.0
2006-02-08 00:00:00-05:00,3.5718818422793457,3.5777711156369145,3.568937205600561,3.57482647895813,13782,0.0,0.0
2006-02-09 00:00:00-05:00,3.5777707579118956,3.589549533823031,3.560102939605713,3.560102939605713,243807,0.0,0.0
2006-02-10 00:00:00-05:00,3.5704073905944824,3.5704073905944824,3.554211897493114,3.5704073905944824,94504,0.0,0.0
2006-02-13 00:00:00-05:00,3.5630465785170657,3.5777697563171387,3.536544397729702,3.5777697563171387,62674,0.0,0.0
2006-02-14 00:00:00-05:00,3.59249302940956,3.644024610519409,3.5704078027926442,3.644024610519409,10172,0.0,0.0
2006-02-15 00:00:00-05:00,3.6499136945670885,3.6646371014334242,3.6366628357236226,3.6558029651641846,9844,0.0,0.0
2006-02-16 00:00:00-05:00,3.6513876385485617,3.7029190063476562,3.6513876385485617,3.7029190063476562,13782,0.0,0.0
2006-02-17 00:00:00-05:00,3.707334487775696,3.707334487775696,3.6734704954404673,3.6778876781463623,27564,0.0,0.0
2006-02-21 00:00:00-05:00,3.632245910477442,3.673471268333414,3.632245910477442,3.6469693183898926,11157,0.0,0.0
2006-02-22 00:00:00-05:00,3.6484418696170384,3.6852500438690186,3.6484418696170384,3.6852500438690186,5250,0.0,0.0
2006-02-23 00:00:00-05:00,3.6808326774294207,3.6808326774294207,3.6528581824747794,3.6543307304382324,8203,0.0,0.0
2006-02-24 00:00:00-05:00,3.651386095258499,3.655802817654513,3.635190141022792,3.6543307304382324,7219,0.0,0.0
2006-02-27 00:00:00-05:00,3.6587486643805027,3.683778762817383,3.6440254836064483,3.683778762817383,8860,0.0,0.0
2006-02-28 00:00:00-05:00,3.686723404312652,3.686723404312652,3.645498037338257,3.645498037338257,5906,0.0,0.0
2006-03-01 00:00:00-05:00,3.6484431567276,3.674945116043091,3.6454985201785113,3.674945116043091,5906,0.0,0.0
2006-03-02 00:00:00-05:00,3.6705261834780623,3.6705261834780623,3.6337180137634277,3.6337180137634277,4594,0.0,0.0
2006-03-03 00:00:00-05:00,3.6440250650995574,3.6587482441826924,3.620467517819269,3.6528589725494385,11157,0.0,0.0
2006-03-06 00:00:00-05:00,3.6440258630910916,3.6440258630910916,3.6057451283447133,3.621941089630127,10829,0.0,0.0
2006-03-07 00:00:00-05:00,3.607217168210503,3.607217168210503,3.5998551173477713,3.601327896118164,9188,0.0,0.0
2006-03-08 00:00:00-05:00,3.607217859955919,3.6145792211093544,3.607217859955919,3.6101624965667725,7875,0.0,0.0
2006-03-09 00:00:00-05:00,3.6027991771698,3.6027991771698,3.6027991771698,3.6027991771698,656,0.0,0.0
2006-03-10 00:00:00-05:00,3.604271405898363,3.6072160410243903,3.593964722210104,3.599853992462158,10172,0.0,0.0
2006-03-13 00:00:00-05:00,3.504152940107378,3.5439057478628886,3.504152940107378,3.535071611404419,65628,0.0,0.0
2006-03-14 00:00:00-05:00,3.530656647198884,3.5336012840270996,3.493847995725041,3.5336012840270996,28220,0.0,0.0
2006-03-15 00:00:00-05:00,3.5365445432918605,3.579241991043091,3.5365445432918605,3.579241991043091,11157,0.0,0.0
2006-03-16 00:00:00-05:00,3.579242434650931,3.601327896118164,3.579242434650931,3.601327896118164,8532,0.0,0.0
2006-03-17 00:00:00-05:00,3.6072177441173907,3.6219411570725444,3.602800558969261,3.6204683780670166,93191,0.0,0.0
2006-03-20 00:00:00-05:00,3.6248847516489655,3.6248847516489655,3.5601020757906423,3.588076114654541,28220,0.0,0.0
2006-03-21 00:00:00-05:00,3.5718820235413355,3.5866054380561296,3.5336012840270996,3.5336012840270996,9844,0.0,0.0
2006-03-22 00:00:00-05:00,3.5262378551678455,3.5453784465789795,3.5203485841943336,3.5453784465789795,11813,0.0,0.0
2006-03-23 00:00:00-05:00,3.5512693353701095,3.5512693353701095,3.5262394615828447,3.5336012840270996,17391,0.0,0.0
2006-03-24 00:00:00-05:00,3.53065503877159,3.5453784465789795,3.5291824906546014,3.5453784465789795,35767,0.0,0.0
2006-03-27 00:00:00-05:00,3.510043959027658,3.5336012840270996,3.510043959027658,3.5336012840270996,15751,0.0,0.0
2006-03-28 00:00:00-05:00,3.5380164771396427,3.5483229312789235,3.533599524097208,3.535071611404419,8860,0.0,0.0
2006-03-29 00:00:00-05:00,3.533600434273014,3.5924938477958896,3.533600434273014,3.5910212993621826,12469,0.0,0.0
2006-03-30 00:00:00-05:00,3.588075565165833,3.599854106041568,3.5836588427110216,3.5851309299468994,6563,0.0,0.0
2006-03-31 00:00:00-05:00,3.5924929683170124,3.6366629600524902,3.583659062119358,3.6366629600524902,25267,0.0,0.0
2006-04-03 00:00:00-04:00,3.6293032561633436,3.654333132390106,3.6160523891448975,3.6160523891448975,16735,0.0,0.0
2006-04-04 00:00:00-04:00,3.6204683174731396,3.6513876914978027,3.6204683174731396,3.6513876914978027,6235,0.0,0.0
2006-04-05 00:00:00-04:00,3.6587482410978898,3.666110291380522,3.6484422461220203,3.657276153564453,13454,0.0,0.0
2006-04-06 00:00:00-04:00,3.636662650994425,3.651386057112865,3.614577426629973,3.629300832748413,19032,0.0,0.0
2006-04-07 00:00:00-04:00,3.6513879066039974,3.658749267831498,3.5615753372008347,3.5630478858947754,16407,0.0,0.0
2006-04-10 00:00:00-04:00,3.5615753372008347,3.5630478858947754,3.5615753372008347,3.5630478858947754,3610,0.0,0.0
2006-04-11 00:00:00-04:00,3.5630460227841554,3.5630460227841554,3.536543846130371,3.536543846130371,3610,0.0,0.0
2006-04-12 00:00:00-04:00,3.5409623423599874,3.560102939605713,3.524766842245987,3.560102939605713,89582,0.0,0.0
2006-04-13 00:00:00-04:00,3.555685833546173,3.577771069097179,3.555685833546173,3.5630478858947754,5250,0.0,0.0
2006-04-17 00:00:00-04:00,3.5601031334440685,3.5762984040661787,3.5041543479738495,3.5100436210632324,21329,0.0,0.0
2006-04-18 00:00:00-04:00,3.5188784911716016,3.5645205974578857,3.5188784911716016,3.5645205974578857,12797,0.0,0.0
2006-04-19 00:00:00-04:00,3.564518665923457,3.5777697563171387,3.5630465785170657,3.5777697563171387,10172,0.0,0.0
2006-04-20 00:00:00-04:00,3.5748264324566983,3.5748264324566983,3.552741196905692,3.5630478858947754,215587,0.0,0.0
2006-04-21 00:00:00-04:00,3.5630467825842347,3.5630467825842347,3.5056254643807825,3.5144593715667725,109926,0.0,0.0
2006-04-24 00:00:00-04:00,3.654332742955918,3.654332742955918,3.4820694167102024,3.483541965484619,563741,0.0,0.0
2006-04-25 00:00:00-04:00,3.4805963673222355,3.4805963673222355,3.38783941220308,3.415813684463501,55783,0.0,0.0
2006-04-26 00:00:00-04:00,3.415813351964416,3.4423153036510663,3.415813351964416,3.4217026233673096,30189,0.0,0.0
2006-04-27 00:00:00-04:00,3.4202297871030805,3.4526210031012523,3.4202297871030805,3.443787097930908,27892,0.0,0.0
2006-04-28 00:00:00-04:00,3.432008083826783,3.452620526378175,3.430535305754594,3.4393694400787354,35111,0.0,0.0
2006-05-01 00:00:00-04:00,3.4408435821533203,3.445260305801641,3.4305368953547486,3.4408435821533203,22313,0.0,0.0
2006-05-02 00:00:00-04:00,3.4393708482157326,3.4614560778813823,3.434954124805697,3.448204755783081,20673,0.0,0.0
2006-05-03 00:00:00-04:00,3.454094077442498,3.4702898041769537,3.452621759591514,3.4599833488464355,18704,0.0,0.0
2006-05-04 00:00:00-04:00,3.4673457315194707,3.4894305028704693,3.459983910695473,3.4879579544067383,8532,0.0,0.0
2006-05-05 00:00:00-04:00,3.489430478676164,3.539489984512329,3.476179846331104,3.539489984512329,8203,0.0,0.0
2006-05-08 00:00:00-04:00,3.563046323149329,3.563046323149329,3.5409610972848617,3.548322916030884,6235,0.0,0.0
2006-05-09 00:00:00-04:00,3.555794744472251,3.5976276513211825,3.548324432255071,3.5931453704833984,8532,0.106662,0.0
2006-05-10 00:00:00-04:00,3.5856752920349066,3.5931453704833984,3.57372316651732,3.5931453704833984,29204,0.0,0.0
2006-05-11 00:00:00-04:00,3.585673298355947,3.585673298355947,3.566250637651732,3.5692389011383057,24282,0.0,0.0
2006-05-12 00:00:00-04:00,3.5692404964200874,3.5707347457155123,3.555794356679231,3.5662522315979004,52830,0.0,0.0
2006-05-15 00:00:00-04:00,3.558780458310993,3.5647565171780715,3.5408520479412218,3.549816370010376,125349,0.0,0.0
2006-05-16 00:00:00-04:00,3.5483227900463388,3.5557930988061655,3.5378646850585938,3.5378646850585938,45611,0.0,0.0
2006-05-17 00:00:00-04:00,3.537863921815779,3.563262171306713,3.537863921815779,3.5557923316955566,27235,0.0,0.0
2006-05-18 00:00:00-04:00,3.5632652941141596,3.597628363081732,3.5632652941141596,3.5722296237945557,14438,0.0,0.0
2006-05-19 00:00:00-04:00,3.5737232951808147,3.5796993581547625,3.548324560004144,3.578205108642578,17391,0.0,0.0
2006-05-22 00:00:00-04:00,3.5782037100166173,3.621530850948385,3.5707338679876455,3.6200366020202637,14438,0.0,0.0
2006-05-23 00:00:00-04:00,3.6155545780245997,3.6170483593278027,3.5856738090515137,3.5856738090515137,13454,0.0,0.0
2006-05-24 00:00:00-04:00,3.600614704011647,3.600614704011647,3.4810920787112862,3.5259132385253906,54799,0.0,0.0
2006-05-25 00:00:00-04:00,3.5333829623483894,3.6050963948557335,3.5333829623483894,3.587167978286743,19032,0.0,0.0
2006-05-26 00:00:00-04:00,3.5931442729888183,3.6036026133909864,3.585674196821996,3.587167978286743,5906,0.0,0.0
2006-05-30 00:00:00-04:00,3.5856742714149368,3.5856742714149368,3.558781762886314,3.564757823944092,29532,0.0,0.0
2006-05-31 00:00:00-04:00,3.5647576805781984,3.5886621576165525,3.5647576805781984,3.5841798782348633,18376,0.0,0.0
2006-06-01 00:00:00-04:00,3.5931453704833984,3.608085527380382,3.5931453704833984,3.5931453704833984,29532,0.0,0.0
2006-06-02 00:00:00-04:00,3.5961332207917147,3.608085345707493,3.59314518956277,3.6006155014038086,22970,0.0,0.0
2006-06-05 00:00:00-04:00,3.5782038020382703,3.600614497544557,3.563263416290283,3.563263416290283,34454,0.0,0.0
2006-06-06 00:00:00-04:00,3.564757744296056,3.606590638303066,3.5632634952963755,3.5916504859924316,20016,0.0,0.0
2006-06-07 00:00:00-04:00,3.5931449786169396,3.615555679055693,3.5662522315979004,3.5662522315979004,42658,0.0,0.0
2006-06-08 00:00:00-04:00,3.5677458040997,3.6454355318283946,3.5662515550877307,3.633483409881592,33142,0.0,0.0
2006-06-09 00:00:00-04:00,3.6558922222107264,3.669338587960272,3.6394580609005946,3.6543984413146973,25267,0.0,0.0
2006-06-12 00:00:00-04:00,3.6558947642301374,3.666353107922471,3.62900201403196,3.6304962635040283,28548,0.0,0.0
2006-06-13 00:00:00-04:00,3.652904803799368,3.729100738153749,3.652904803799368,3.690255880355835,33798,0.0,0.0
2006-06-14 00:00:00-04:00,3.7051969411525363,3.730595200963208,3.7051969411525363,3.7291014194488525,80066,0.0,0.0
2006-06-15 00:00:00-04:00,3.733582783037664,3.733582783037664,3.7007142169917553,3.720136880874634,23626,0.0,0.0
2006-06-16 00:00:00-04:00,3.720138766859144,3.738067190959016,3.711174437924851,3.7246205806732178,177195,0.0,0.0
2006-06-19 00:00:00-04:00,3.7305948987899153,3.732089147720489,3.6439410843213795,3.645435333251953,38392,0.0,0.0
2006-06-20 00:00:00-04:00,3.633482285685168,3.73208819631218,3.633482285685168,3.691749095916748,30189,0.0,0.0
2006-06-21 00:00:00-04:00,3.8097781463871323,4.1399589408924165,3.8097781463871323,4.108583927154541,543397,0.0,0.0
2006-06-22 00:00:00-04:00,4.108584514917987,4.135477254101336,4.108584514917987,4.1235246658325195,155866,0.0,0.0
2006-06-23 00:00:00-04:00,4.116054703374043,4.130995321387391,4.1100786431835745,4.113066673278809,40689,0.0,0.0
2006-06-26 00:00:00-04:00,4.114560912138384,4.133983811223194,4.108584851283318,4.117548942565918,21985,0.0,0.0
2006-06-27 00:00:00-04:00,4.12352497310749,4.138465592672551,4.12352497310749,4.130995750427246,22970,0.0,0.0
2006-06-28 00:00:00-04:00,4.116056535356485,4.144443067664131,4.116056535356485,4.135478973388672,44299,0.0,0.0
2006-06-29 00:00:00-04:00,4.142947429389962,4.1683454513549805,4.11157241217798,4.1683454513549805,39048,0.0,0.0
2006-06-30 00:00:00-04:00,4.183284282684326,4.190754588478186,4.123522771407395,4.183284282684326,126333,0.0,0.0
2006-07-03 00:00:00-04:00,4.31775037031247,4.329702494933065,4.290857622378787,4.2938456535339355,84003,0.0,0.0
2006-07-05 00:00:00-04:00,4.280398847416085,4.289362938997387,4.175816843893065,4.178804874420166,38720,0.0,0.0
2006-07-06 00:00:00-04:00,4.178805105378475,4.198227071109441,4.105597184575266,4.153406143188477,286464,0.0,0.0
2006-07-07 00:00:00-04:00,4.168345927371213,4.183286547046108,4.114560912138384,4.117548942565918,18704,0.0,0.0
2006-07-10 00:00:00-04:00,4.1190433905376596,4.151912194365634,4.096632927479905,4.105597019195557,421329,0.0,0.0
2006-07-11 00:00:00-04:00,4.098127593331887,4.174323081970215,4.098127593331887,4.174323081970215,10829,0.0,0.0
2006-07-12 00:00:00-04:00,4.153405049577523,4.2027082443237305,4.153405049577523,4.2027082443237305,13454,0.0,0.0
2006-07-13 00:00:00-04:00,4.2206391443357,4.2206391443357,4.141455140727869,4.150419235229492,41345,0.0,0.0
2006-07-14 00:00:00-04:00,4.150417270837141,4.205696528739575,4.150417270837141,4.1683454513549805,15751,0.0,0.0
2006-07-17 00:00:00-04:00,4.160877397519938,4.160877397519938,4.150419053956124,4.157889366149902,19688,0.0,0.0
2006-07-18 00:00:00-04:00,4.157888281965213,4.213167081665418,4.150417971719345,4.1982269287109375,7219,0.0,0.0
2006-07-19 00:00:00-04:00,4.205698219610137,4.293845843901059,4.183287751184284,4.286375999450684,51190,0.0,0.0
2006-07-20 00:00:00-04:00,4.290856331790795,4.317749071635778,4.290856331790795,4.304303169250488,53486,0.0,0.0
2006-07-21 00:00:00-04:00,4.304303537757959,4.304303537757959,4.268446704073878,4.284880638122559,11157,0.0,0.0
2006-07-24 00:00:00-04:00,4.283386737648573,4.328207661624302,4.283386737648573,4.325219631195068,8532,0.0,0.0
2006-07-25 00:00:00-04:00,4.325219800107693,4.332689642703881,4.313267677923993,4.322231769561768,18376,0.0,0.0
2006-07-26 00:00:00-04:00,4.314760582207532,4.326712701961282,4.287867845224442,4.295338153839111,26579,0.0,0.0
2006-07-27 00:00:00-04:00,4.296833376945764,4.310280217486872,4.287869284122333,4.290857315063477,9188,0.0,0.0
2006-07-28 00:00:00-04:00,4.2968323443388465,4.3297011443297615,4.28786825366965,4.3177490234375,14110,0.0,0.0
2006-07-31 00:00:00-04:00,4.295338859365506,4.3311956920535355,4.287868549523808,4.325219631195068,15422,0.0,0.0
2006-08-01 00:00:00-04:00,4.317748902603251,4.317748902603251,4.287868133671628,4.307291030883789,8203,0.0,0.0
2006-08-02 00:00:00-04:00,4.316256000513108,4.316256000513108,4.257988699619267,4.278904914855957,13782,0.0,0.0
2006-08-03 00:00:00-04:00,4.262471168131733,4.281893135085189,4.243048266103677,4.271435260772705,5906,0.0,0.0
2006-08-04 00:00:00-04:00,4.287869420549455,4.302810043267847,4.243048487468929,4.250518798828125,11485,0.0,0.0
2006-08-07 00:00:00-04:00,4.235578265501615,4.272928883888343,4.235578265501615,4.2699408531188965,10829,0.0,0.0
2006-08-08 00:00:00-04:00,4.281955879597215,4.318001425925199,4.281955879597215,4.293971061706543,19688,0.045712,0.0
2006-08-09 00:00:00-04:00,4.318001667165445,4.3300173199500644,4.302982688689698,4.3119940757751465,15751,0.0,0.0
2006-08-10 00:00:00-04:00,4.310490764482961,4.354046495160984,4.310490764482961,4.330016136169434,16407,0.0,0.0
2006-08-11 00:00:00-04:00,4.310491518356524,4.325510965356926,4.287963287863867,4.289464950561523,8532,0.0,0.0
2006-08-14 00:00:00-04:00,4.295471408702712,4.295471408702712,4.272942714146592,4.284958362579346,3938,0.0,0.0
2006-08-15 00:00:00-04:00,4.292468314468481,4.31049108505249,4.280453134079142,4.31049108505249,10829,0.0,0.0
2006-08-16 00:00:00-04:00,4.310492022752389,4.330017400138487,4.310492022752389,4.318001747131348,13782,0.0,0.0
2006-08-17 00:00:00-04:00,4.302981832311117,4.324008867996388,4.302981832311117,4.31049108505249,4594,0.0,0.0
2006-08-18 00:00:00-04:00,4.311994330055605,4.3180019218001755,4.28646183013916,4.28646183013916,19032,0.0,0.0
2006-08-21 00:00:00-04:00,4.2804559696342235,4.2909694944414625,4.2804559696342235,4.281958103179932,1969,0.0,0.0
2006-08-22 00:00:00-04:00,4.281955799408183,4.343533841567302,4.280453666670651,4.287963390350342,103363,0.0,0.0
2006-08-23 00:00:00-04:00,4.287964360999755,4.287964360999755,4.280454635620117,4.280454635620117,38064,0.0,0.0
2006-08-24 00:00:00-04:00,4.281955799408183,4.295472644026048,4.281955799408183,4.287963390350342,12797,0.0,0.0
2006-08-25 00:00:00-04:00,4.283458120635738,4.340530713363974,4.283458120635738,4.328515529632568,28876,0.0,0.0
2006-08-28 00:00:00-04:00,4.321004751547602,4.333019931043378,4.307486969609017,4.330016136169434,5578,0.0,0.0
2006-08-29 00:00:00-04:00,4.330019203316304,4.355551242828369,4.32551327281169,4.355551242828369,34454,0.0,0.0
2006-08-30 00:00:00-04:00,4.354049579329647,4.355551242828369,4.3480419853263115,4.355551242828369,9188,0.0,0.0
2006-08-31 00:00:00-04:00,4.355549175069904,4.355549175069904,4.325511219313478,4.343533992767334,49221,0.0,0.0
2006-09-01 00:00:00-04:00,4.355551132627108,4.669451436391,4.355551132627108,4.666447639465332,117145,0.0,0.0
2006-09-05 00:00:00-04:00,4.660437559442041,4.9503068923950195,4.658935896630953,4.9503068923950195,213618,0.0,0.0
2006-09-06 00:00:00-04:00,4.941295015378712,4.941295015378712,4.900743543445588,4.914260387420654,21657,0.0,0.0
2006-09-07 00:00:00-04:00,4.906751856114591,4.933786488050706,4.906751856114591,4.932284355163574,24610,0.0,0.0
2006-09-08 00:00:00-04:00,4.926276763623111,4.932284355163574,4.918767509199549,4.932284355163574,6891,0.0,0.0
2006-09-11 00:00:00-04:00,4.918766971781078,4.918766971781078,4.8376635548380245,4.839165687561035,22642,0.0,0.0
2006-09-12 00:00:00-04:00,4.8391647528833435,4.926275273881225,4.836160958021482,4.918766021728516,12141,0.0,0.0
2006-09-13 00:00:00-04:00,4.91876570005473,4.924773289385573,4.773080013768263,4.887225151062012,20345,0.0,0.0
2006-09-14 00:00:00-04:00,4.873708199859156,4.896236896514893,4.83766266121309,4.896236896514893,14438,0.0,0.0
2006-09-15 00:00:00-04:00,4.91876735214984,4.91876735214984,4.840667724609375,4.840667724609375,66612,0.0,0.0
2006-09-18 00:00:00-04:00,4.828652858734131,4.849679901884762,4.810630081751385,4.828652858734131,12797,0.0,0.0
2006-09-19 00:00:00-04:00,4.821143365722698,4.821143365722698,4.7730821594665835,4.810629844665527,12141,0.0,0.0
2006-09-20 00:00:00-04:00,4.819639192474738,4.827148914337158,4.80311855638361,4.827148914337158,8860,0.0,0.0
2006-09-21 00:00:00-04:00,4.821141967915354,4.822643630485813,4.795609474182129,4.795609474182129,7219,0.0,0.0
2006-09-22 00:00:00-04:00,4.78359324567108,4.78359324567108,4.7535552978515625,4.7535552978515625,9516,0.0,0.0
2006-09-25 00:00:00-04:00,4.746046410472234,4.80612325668335,4.731027433921435,4.80612325668335,25267,0.0,0.0
2006-09-26 00:00:00-04:00,4.7911034244809505,4.804620265960693,4.7911034244809505,4.804620265960693,5578,0.0,0.0
2006-09-27 00:00:00-04:00,4.7986126764132795,4.804620265960693,4.783593232540869,4.804620265960693,7547,0.0,0.0
2006-09-28 00:00:00-04:00,4.804622126707274,4.804622126707274,4.7670744424924365,4.783595085144043,21329,0.0,0.0
2006-09-29 00:00:00-04:00,4.770079032889371,4.79110607795467,4.770079032889371,4.771580696105957,5906,0.0,0.0
2006-10-02 00:00:00-04:00,4.764069402734832,4.771578655614822,4.743042366661416,4.74454402923584,9516,0.0,0.0
2006-10-03 00:00:00-04:00,4.738535772300888,4.761064937783202,4.726520593380082,4.747547626495361,6891,0.0,0.0
2006-10-04 00:00:00-04:00,4.738537241714207,4.768575668334961,4.738537241714207,4.768575668334961,11485,0.0,0.0
2006-10-05 00:00:00-04:00,4.753557100218562,4.851181642657179,4.753557100218562,4.834660530090332,16407,0.0,0.0
2006-10-06 00:00:00-04:00,4.828651821259355,4.866199970245361,4.825648025740954,4.866199970245361,20345,0.0,0.0
2006-10-09 00:00:00-04:00,4.864698100020528,4.876713752746582,4.830154214692663,4.876713752746582,6235,0.0,0.0
2006-10-10 00:00:00-04:00,4.876713332360874,4.933785915374756,4.8646976806705995,4.933785915374756,31173,0.0,0.0
2006-10-11 00:00:00-04:00,4.932284797432986,4.984851933131689,4.932284797432986,4.983349800109863,39377,0.0,0.0
2006-10-12 00:00:00-04:00,4.983348255352118,5.065953795844273,4.983348255352118,5.035915374755859,55455,0.0,0.0
2006-10-13 00:00:00-04:00,5.043425459520033,5.089985466391636,5.043425459520033,5.0884833335876465,112223,0.0,0.0
2006-10-16 00:00:00-04:00,5.074966143810043,5.195119380950928,5.071962348131822,5.195119380950928,22642,0.0,0.0
2006-10-17 00:00:00-04:00,5.181601214970517,5.181601214970517,5.139547612373423,5.150061130523682,14766,0.0,0.0
2006-10-18 00:00:00-04:00,5.285233323870636,5.301754432391345,5.141049744968006,5.150061130523682,31501,0.0,0.0
2006-10-19 00:00:00-04:00,5.144054963063147,5.165081535175935,5.109510603871745,5.114016532897949,20345,0.0,0.0
2006-10-20 00:00:00-04:00,5.129033006424202,5.129033006424202,5.098995060942595,5.123025417327881,9188,0.0,0.0
2006-10-23 00:00:00-04:00,5.106505892944554,5.1200232075972565,5.091486915554878,5.098996639251709,7219,0.0,0.0
2006-10-24 00:00:00-04:00,5.076470764391437,5.121528195820934,5.076470764391437,5.106509208679199,18048,0.0,0.0
2006-10-25 00:00:00-04:00,5.1140189372522125,5.1140189372522125,5.0959961526821305,5.106509208679199,13126,0.0,0.0
2006-10-26 00:00:00-04:00,5.112516803535893,5.112516803535893,5.091490221537464,5.106509208679199,9516,0.0,0.0
2006-10-27 00:00:00-04:00,5.111011424260094,5.133540123597101,5.09899624328141,5.105003833770752,9516,0.0,0.0
2006-10-30 00:00:00-05:00,5.086981819751425,5.115518116463381,5.086981819751425,5.108008861541748,16079,0.0,0.0
2006-10-31 00:00:00-05:00,5.121525388861557,5.121525388861557,5.0389202998490275,5.040421962738037,13126,0.0,0.0
2006-11-01 00:00:00-05:00,5.032911455396421,5.040420707980192,4.876712703601501,4.8782148361206055,21657,0.0,0.0
2006-11-02 00:00:00-05:00,4.86319656244557,4.86319656244557,4.816637023192398,4.824146747589111,17391,0.0,0.0
2006-11-03 00:00:00-05:00,4.851181795884295,4.851181795884295,4.783595210519683,4.810629844665527,11157,0.0,0.0
2006-11-06 00:00:00-05:00,4.8121480548411,5.0869975090026855,4.804555838279744,5.0869975090026855,24938,0.106662,0.0
2006-11-07 00:00:00-05:00,5.071811689990581,5.102181976372621,5.0642194747924805,5.0642194747924805,24610,0.0,0.0
2006-11-08 00:00:00-05:00,5.0414417816360695,5.124959956650069,5.03536781894352,5.1188859939575195,15422,0.0,0.0
2006-11-09 00:00:00-05:00,5.124959423952097,5.156847962371714,5.124959423952097,5.152292728424072,9188,0.0,0.0
2006-11-10 00:00:00-05:00,5.144699547495471,5.167477140650515,5.132551149335358,5.161403179168701,30189,0.0,0.0
2006-11-13 00:00:00-05:00,5.155329615597415,5.208477020263672,5.147736925560869,5.208477020263672,19688,0.0,0.0
2006-11-14 00:00:00-05:00,5.244920319137108,5.302623422434679,5.200883865356445,5.200883865356445,36751,0.0,0.0
2006-11-15 00:00:00-05:00,5.2160682071692905,5.269215596519896,5.164439070270562,5.260104656219482,35767,0.0,0.0
2006-11-16 00:00:00-05:00,5.269218097003255,5.269218097003255,5.197848793183845,5.199367046356201,28220,0.0,0.0
2006-11-17 00:00:00-05:00,5.199365567726709,5.231254577636719,5.199365567726709,5.231254577636719,5250,0.0,0.0
2006-11-20 00:00:00-05:00,5.223661875777195,5.261624850404657,5.223661875777195,5.238847255706787,7547,0.0,0.0
2006-11-21 00:00:00-05:00,5.223662273341836,5.290476809645549,5.223662273341836,5.284402847290039,24610,0.0,0.0
2006-11-22 00:00:00-05:00,5.291994600289035,5.302623794929804,5.2707352606145585,5.272253513336182,8203,0.0,0.0
2006-11-24 00:00:00-05:00,5.257070085074094,5.276811177565557,5.246440887451172,5.246440887451172,8860,0.0,0.0
2006-11-27 00:00:00-05:00,5.216070666427059,5.216070666427059,4.942739477366948,4.94729471206665,35767,0.0,0.0
2006-11-28 00:00:00-05:00,4.947293631464003,5.026256084442139,4.947293631464003,5.026256084442139,27235,0.0,0.0
2006-11-29 00:00:00-05:00,5.0338497050472295,5.062701266232831,5.01107163152552,5.039923667907715,23298,0.0,0.0
2006-11-30 00:00:00-05:00,5.026257509084748,5.056627326379356,5.011072125240804,5.029294490814209,12797,0.0,0.0
2006-12-01 00:00:00-05:00,5.011072142815443,5.04751639889343,4.988295017362924,5.020183563232422,40689,0.0,0.0
2006-12-04 00:00:00-05:00,5.035367432721594,5.120403854287991,5.035367432721594,5.068774700164795,25923,0.0,0.0
2006-12-05 00:00:00-05:00,5.083958982284364,5.170514121391421,5.083958982284364,5.161403179168701,27564,0.0,0.0
2006-12-06 00:00:00-05:00,5.132550628242086,5.211513069881802,5.132550628242086,5.193291187286377,21657,0.0,0.0
2006-12-07 00:00:00-05:00,5.193291968238629,5.299587249755859,5.193291968238629,5.299587249755859,27564,0.0,0.0
2006-12-08 00:00:00-05:00,5.299586831963954,5.307179521186799,5.255550374942989,5.261624336242676,24610,0.0,0.0
2006-12-11 00:00:00-05:00,5.254031237421187,5.276809303313967,5.170513563266733,5.216068744659424,16079,0.0,0.0
2006-12-12 00:00:00-05:00,5.208475154375493,5.225178781354061,5.16291998086898,5.176586627960205,47252,0.0,0.0
2006-12-13 00:00:00-05:00,5.176587756529531,5.176587756529531,5.056625361638711,5.061181545257568,65628,0.0,0.0
2006-12-14 00:00:00-05:00,5.026255972453674,5.109774132472207,5.026255972453674,5.096107006072998,410173,0.0,0.0
2006-12-15 00:00:00-05:00,5.096108314028598,5.167478569160889,5.096108314028598,5.1629228591918945,74487,0.0,0.0
2006-12-18 00:00:00-05:00,5.178107286950156,5.178107286950156,5.161404127404762,5.164441108703613,45939,0.0,0.0
2006-12-19 00:00:00-05:00,5.137106346999323,5.185698509216309,5.124958425244185,5.185698509216309,21657,0.0,0.0
2006-12-20 00:00:00-05:00,5.185698509216309,5.185698509216309,5.162920918327208,5.185698509216309,8532,0.0,0.0
2006-12-21 00:00:00-05:00,5.193293161713655,5.193293161713655,5.1325525795765286,5.156848907470703,10829,0.0,0.0
2006-12-22 00:00:00-05:00,5.178107261657715,5.185699952466042,5.155330139625874,5.178107261657715,100410,0.0,0.0
2006-12-26 00:00:00-05:00,5.185699952466042,5.185699952466042,5.164441083477924,5.178107261657715,33142,0.0,0.0
2006-12-27 00:00:00-05:00,5.214550849332969,5.2919950502212885,5.214550849332969,5.290476322174072,42002,0.0,0.0
2006-12-28 00:00:00-05:00,5.290479209977268,5.290479209977268,5.246442725321851,5.278331279754639,84660,0.0,0.0
2006-12-29 00:00:00-05:00,5.278326541492784,5.278326541492784,5.223659954170655,5.254030227661133,20345,0.0,0.0
2007-01-03 00:00:00-05:00,5.263144566411363,5.381588281845744,5.223663327933235,5.225182056427002,63659,0.0,0.0
2007-01-04 00:00:00-05:00,5.3614895501431015,5.3614895501431015,5.207022637972075,5.331592559814453,4176500,0.0,3.28138
2007-01-05 00:00:00-05:00,5.351523761973725,5.351523761973725,5.256850829864304,5.271799087524414,534600,0.0,0.0
2007-01-08 00:00:00-05:00,5.2568507598948555,5.3266096115112305,5.2568507598948555,5.3266096115112305,554300,0.0,0.0
2007-01-09 00:00:00-05:00,5.326609210259451,5.351523287615617,5.311660953924352,5.336575031280518,578200,0.0,0.0
2007-01-10 00:00:00-05:00,5.3365760218226255,5.3515242809323285,5.321627762712923,5.341558933258057,518400,0.0,0.0
2007-01-11 00:00:00-05:00,5.341558566410323,5.356506824493408,5.326609833130681,5.356506824493408,509100,0.0,0.0
2007-01-12 00:00:00-05:00,5.356507192367759,5.381421274348322,5.3365760218226255,5.341558933258057,505200,0.0,0.0
2007-01-16 00:00:00-05:00,5.371455700558474,5.4412150382995605,5.356507440755603,5.4412150382995605,441900,0.0,0.0
2007-01-17 00:00:00-05:00,5.441214855921397,5.456163115223235,5.406335425818246,5.4163007736206055,91600,0.0,0.0
2007-01-18 00:00:00-05:00,5.416300333991644,5.545853171282972,5.4113174228966185,5.42128324508667,254900,0.0,0.0
2007-01-19 00:00:00-05:00,5.431249214966572,5.446197949966055,5.331593357619743,5.4412150382995605,121500,0.0,0.0
2007-01-22 00:00:00-05:00,5.441214855921397,5.4810771975240264,5.231937324909298,5.4163007736206055,191200,0.0,0.0
2007-01-23 00:00:00-05:00,5.396370160176577,5.421284245050589,5.276783123017294,5.361490726470947,225000,0.0,0.0
2007-01-24 00:00:00-05:00,5.411318007028383,5.481077344299335,5.356507404656169,5.436232089996338,188200,0.0,0.0
2007-01-25 00:00:00-05:00,5.441216097334106,5.481078448031324,5.39138792136423,5.456164360046387,191000,0.0,0.0
2007-01-26 00:00:00-05:00,5.461146096637297,5.4910430908203125,5.406335495031135,5.4910430908203125,170100,0.0,0.0
2007-01-29 00:00:00-05:00,5.481076717376709,5.491042539502649,5.326609800800518,5.481076717376709,272500,0.0,0.0
2007-01-30 00:00:00-05:00,5.481078448031324,5.481078448031324,5.406336659273215,5.456164360046387,172300,0.0,0.0
2007-01-31 00:00:00-05:00,5.41131909671284,5.476095535394997,5.381422571288278,5.456164360046387,117100,0.0,0.0
2007-02-01 00:00:00-05:00,5.461146462253829,5.5259228913232254,5.361490600299616,5.476094722747803,81900,0.0,0.0
2007-02-02 00:00:00-05:00,5.436230144193851,5.530903530546093,5.406333635490518,5.431247234344482,123800,0.0,0.0
2007-02-05 00:00:00-05:00,5.431247560202752,5.476092801144766,5.3864027944572035,5.411316394805908,97900,0.0,0.0
2007-02-06 00:00:00-05:00,5.496415258660315,5.501421216120039,5.38128110145295,5.491409778594971,94500,0.05,0.0
2007-02-07 00:00:00-05:00,5.4914114415233115,5.54647555807184,5.456370206088317,5.501422882080078,133100,0.0,0.0
2007-02-08 00:00:00-05:00,5.506429332688376,5.511435292110971,5.456370693251564,5.481400012969971,88400,0.0,0.0
2007-02-09 00:00:00-05:00,5.481398723492906,5.506428037323266,5.436346054077148,5.436346054077148,52700,0.0,0.0
2007-02-12 00:00:00-05:00,5.456369400024414,5.531457341382859,5.4163226889243585,5.456369400024414,98500,0.0,0.0
2007-02-13 00:00:00-05:00,5.456368553771285,5.536462440943724,5.3962984964377405,5.491409778594971,98100,0.0,0.0
2007-02-14 00:00:00-05:00,5.386288690007376,5.506428841055724,5.386288690007376,5.501422882080078,119300,0.0,0.0
2007-02-15 00:00:00-05:00,5.481399822051643,5.481399822051643,5.406312342906305,5.411318302154541,148900,0.0,0.0
2007-02-16 00:00:00-05:00,5.411316501922397,5.4563686879849485,5.38128123381964,5.446357250213623,130900,0.0,0.0
2007-02-20 00:00:00-05:00,5.426334605396598,5.4964161111244705,5.3812819360604225,5.456369400024414,104600,0.0,0.0
2007-02-21 00:00:00-05:00,5.431341159465271,5.456369998602696,5.266148338706834,5.451364517211914,120800,0.0,0.0
2007-02-22 00:00:00-05:00,5.456369400024414,5.471387274732775,5.3562526222742735,5.456369400024414,122900,0.0,0.0
2007-02-23 00:00:00-05:00,5.456368573352856,5.456368573352856,5.371269205809672,5.431339740753174,73300,0.0,0.0
2007-02-26 00:00:00-05:00,5.456370655788406,5.456370655788406,5.311201175291858,5.366265773773193,68400,0.0,0.0
2007-02-27 00:00:00-05:00,5.3362285398611995,5.406310513437457,5.181047674834727,5.191059112548828,143600,0.0,0.0
2007-02-28 00:00:00-05:00,5.186053588664513,5.40130500755297,5.1309894831464,5.2911763191223145,130800,0.0,0.0
2007-03-01 00:00:00-05:00,5.291178103296909,5.311201464545736,5.20607869864075,5.296184062957764,57700,0.0,0.0
2007-03-02 00:00:00-05:00,5.26614714450416,5.386287263739881,5.216088522792077,5.246123313903809,132000,0.0,0.0
2007-03-05 00:00:00-05:00,5.2411176308052205,5.25613502577988,5.130988953737502,5.135994911193848,95000,0.0,0.0
2007-03-06 00:00:00-05:00,5.171036568405481,5.251129992221353,4.995831845762414,5.236112594604492,182800,0.0,0.0
2007-03-07 00:00:00-05:00,5.191059112548828,5.2561351285708415,5.125983096526815,5.191059112548828,88500,0.0,0.0
2007-03-08 00:00:00-05:00,5.206074352012268,5.231103652024616,5.110963584838376,5.140998840332031,42100,0.0,0.0
2007-03-09 00:00:00-05:00,5.161025853348208,5.2411192884032145,5.135996535544886,5.206078052520752,52300,0.0,0.0
2007-03-12 00:00:00-04:00,5.171037294032819,5.2511307290878255,5.1560198943086375,5.206078052520752,80400,0.0,0.0
2007-03-13 00:00:00-04:00,5.166029701143167,5.226099758436183,5.10595964385015,5.135994911193848,106600,0.0,0.0
2007-03-14 00:00:00-04:00,5.1209782557324655,5.221095519072923,5.035879345724263,5.0859375,113700,0.0,0.0
2007-03-15 00:00:00-04:00,5.095949818017382,5.2561366881273965,5.095949818017382,5.206078052520752,66400,0.0,0.0
2007-03-16 00:00:00-04:00,5.211082830471505,5.256135496827419,5.141001329379569,5.176042079925537,140400,0.0,0.0
2007-03-19 00:00:00-04:00,5.191060188327992,5.251130259244495,5.130990117411488,5.186054229736328,96100,0.0,0.0
2007-03-20 00:00:00-04:00,5.176043387754002,5.236113465608292,5.095949950614949,5.181049346923828,70300,0.0,0.0
2007-03-21 00:00:00-04:00,5.196066234631956,5.246124389210139,5.171036918645616,5.241118907928467,91000,0.0,0.0
2007-03-22 00:00:00-04:00,5.231105198128412,5.2811638129484155,5.186052540269276,5.276157855987549,112300,0.0,0.0
2007-03-23 00:00:00-04:00,5.266150661665915,5.351249611581388,5.206080084533663,5.316208839416504,83400,0.0,0.0
2007-03-26 00:00:00-04:00,5.2911771273295205,5.35625315873346,5.236113013400573,5.3362298011779785,61400,0.0,0.0
2007-03-27 00:00:00-04:00,5.311199527721683,5.386287463068562,5.301188089445414,5.356252193450928,82300,0.0,0.0
2007-03-28 00:00:00-04:00,5.321210861206055,5.376274959187081,5.311198946630761,5.321210861206055,413900,0.0,0.0
2007-03-29 00:00:00-04:00,5.351246235615585,5.381281505233221,5.316205485557024,5.356252193450928,62500,0.0,0.0
2007-03-30 00:00:00-04:00,5.351247895608522,5.371271255766854,5.33122453545019,5.366265773773193,57600,0.0,0.0
2007-04-02 00:00:00-04:00,5.35625315873346,5.35625315873346,5.286171645986526,5.3362298011779785,72100,0.0,0.0
2007-04-03 00:00:00-04:00,5.351245621473881,5.431339505464038,5.306193438309514,5.421327590942383,106600,0.0,0.0
2007-04-04 00:00:00-04:00,5.421330840434939,5.456371607475102,5.381284113133424,5.386290073394775,146000,0.0,0.0
2007-04-05 00:00:00-04:00,5.386287463068562,5.451363482744759,4.825633075159501,5.356252193450928,169600,0.0,0.0
2007-04-09 00:00:00-04:00,5.321212038220629,5.391294023566238,5.321212038220629,5.3512468338012695,98300,0.0,0.0
2007-04-10 00:00:00-04:00,5.356252193450928,5.406310817015514,5.321211443392365,5.356252193450928,93300,0.0,0.0
2007-04-11 00:00:00-04:00,5.376278224621314,5.4163249524572725,5.296184768949396,5.306196689605713,122400,0.0,0.0
2007-04-12 00:00:00-04:00,5.2961820192173175,5.381281391034532,5.286170581153506,5.3412346839904785,144100,0.0,0.0
2007-04-13 00:00:00-04:00,5.311200121430771,5.3562527921962,5.28617128424506,5.3512468338012695,25600,0.0,0.0
2007-04-16 00:00:00-04:00,5.351246235615585,5.376275547397879,5.346240755174659,5.356252193450928,180100,0.0,0.0
2007-04-17 00:00:00-04:00,5.35124683380127,5.3562527921962,5.306194640430309,5.3512468338012695,90000,0.0,0.0
2007-04-18 00:00:00-04:00,5.321211693296747,5.3562524450009565,5.321211693296747,5.3262176513671875,65400,0.0,0.0
2007-04-19 00:00:00-04:00,5.291178456292097,5.331225181461423,5.2311083685381075,5.301190376281738,35000,0.0,0.0
2007-04-20 00:00:00-04:00,5.346241718652969,5.35625315873346,5.256136370956054,5.3362298011779785,40000,0.0,0.0
2007-04-23 00:00:00-04:00,5.321212684043527,5.351247483269419,5.201072532350905,5.266148567199707,21400,0.0,0.0
2007-04-24 00:00:00-04:00,5.266149022439693,5.266149022439693,5.1259850226204255,5.130990982055664,53400,0.0,0.0
2007-04-25 00:00:00-04:00,5.125984681799479,5.130990640901876,5.0308738458266005,5.105961322784424,187900,0.0,0.0
2007-04-26 00:00:00-04:00,5.105960991777774,5.110966950555648,5.02586756090981,5.060908317565918,160000,0.0,0.0
2007-04-27 00:00:00-04:00,5.040885273786017,5.130990627821326,4.98081519689399,5.1259846687316895,346200,0.0,0.0
2007-04-30 00:00:00-04:00,5.1309923674897915,5.1309923674897915,5.005846212185162,5.055904865264893,115700,0.0,0.0
2007-05-01 00:00:00-04:00,5.070918319784728,5.100953106318521,5.005842312435744,5.080929756164551,58800,0.0,0.0
2007-05-02 00:00:00-04:00,5.125983455664651,5.176042079925537,5.060907435083266,5.176042079925537,29700,0.0,0.0
2007-05-03 00:00:00-04:00,5.181049621618913,5.181049621618913,5.090944261362893,5.130990982055664,25400,0.0,0.0
2007-05-04 00:00:00-04:00,5.10095308101771,5.211081745015468,5.085935687825301,5.201070308685303,44200,0.0,0.0
2007-05-07 00:00:00-04:00,5.201073558913938,5.306704664296831,5.1809533712078215,5.241313934326172,68700,0.05,0.0
2007-05-08 00:00:00-04:00,5.241313934326173,5.286584476590714,5.1809533712078215,5.241313934326172,79400,0.0,0.0
2007-05-09 00:00:00-04:00,5.231253545506368,5.281554254093262,5.20610367091603,5.2664642333984375,74100,0.0,0.0
2007-05-10 00:00:00-04:00,5.246343373885557,5.246343373885557,5.105501599764313,5.130651950836182,52800,0.0,0.0
2007-05-11 00:00:00-04:00,5.155798884358601,5.180949218759434,5.060228189278717,5.175919055938721,35600,0.0,0.0
2007-05-14 00:00:00-04:00,5.160830497741699,5.2564012196837915,5.1306499920372755,5.160830497741699,41600,0.0,0.0
2007-05-15 00:00:00-04:00,5.135681729383748,5.281553178947511,5.060231161565702,5.085381031036377,96700,0.0,0.0
2007-05-16 00:00:00-04:00,5.09543942537046,5.125619449142439,5.04513874614672,5.100469589233398,40200,0.0,0.0
2007-05-17 00:00:00-04:00,5.095439997616928,5.2312510792488425,5.019988970307747,5.045139312744141,62400,0.0,0.0
2007-05-18 00:00:00-04:00,5.080351344964049,5.090411196811716,5.030050646616678,5.085381031036377,80200,0.0,0.0
2007-05-21 00:00:00-04:00,5.080350737438716,5.175921477226439,5.080350737438716,5.155801296234131,31900,0.0,0.0
2007-05-22 00:00:00-04:00,5.1105313802100625,5.155801912782094,5.080351344964049,5.085381031036377,63300,0.0,0.0
2007-05-23 00:00:00-04:00,5.085380032200501,5.2010714237949305,5.0803503471160685,5.110530376434326,46800,0.0,0.0
2007-05-24 00:00:00-04:00,5.1004715071545705,5.211132275533841,5.080351323839884,5.0954413414001465,99300,0.0,0.0
2007-05-25 00:00:00-04:00,5.120592098229263,5.206103004051786,5.120592098229263,5.130651950836182,96900,0.0,0.0
2007-05-29 00:00:00-04:00,5.140711307525635,5.175921504522119,5.090410614928123,5.140711307525635,64700,0.0,0.0
2007-05-30 00:00:00-04:00,5.105501114820739,5.150771646509492,5.090411097492154,5.135681629180908,32000,0.0,0.0
2007-05-31 00:00:00-04:00,5.150770559606031,5.241311603877781,5.150770559606031,5.2111310958862305,89700,0.0,0.0
2007-06-01 00:00:00-04:00,5.226222142158599,5.28155251967162,5.130650923168983,5.170891284942627,75700,0.0,0.0
2007-06-04 00:00:00-04:00,5.155801812186687,5.180952160869662,5.1205916118523245,5.135681629180908,20400,0.0,0.0
2007-06-05 00:00:00-04:00,5.110531449450336,5.20610268166459,5.035080880610045,5.0501708984375,63000,0.0,0.0
2007-06-06 00:00:00-04:00,5.045140643261926,5.105501193205986,5.035080791456088,5.0954413414001465,23800,0.0,0.0
2007-06-07 00:00:00-04:00,5.055199146270752,5.115559674381996,5.045138818400794,5.055199146270752,27300,0.0,0.0
2007-06-08 00:00:00-04:00,5.050170770095994,5.130651502734495,5.050170770095994,5.115561485290527,21700,0.0,0.0
2007-06-11 00:00:00-04:00,5.095441362587056,5.130651563608408,5.030050646616678,5.085381031036377,28700,0.0,0.0
2007-06-12 00:00:00-04:00,5.050169477171996,5.13065018920615,5.030049299163457,5.045139312744141,64900,0.0,0.0
2007-06-13 00:00:00-04:00,5.035082237815081,5.080352783203125,5.030052070615709,5.080352783203125,41400,0.0,0.0
2007-06-14 00:00:00-04:00,5.080347984233004,5.180948834675672,5.080347984233004,5.10549783706665,34100,0.0,0.0
2007-06-15 00:00:00-04:00,5.18095372867481,5.191013583370405,5.080352783203125,5.080352783203125,85800,0.0,0.0
2007-06-18 00:00:00-04:00,5.0803503471160685,5.180951244348454,5.050169838094895,5.110530376434326,64000,0.0,0.0
2007-06-19 00:00:00-04:00,5.095441362587056,5.120591711760741,4.9093295462266,5.085381031036377,69100,0.0,0.0
2007-06-20 00:00:00-04:00,5.100469662279894,5.150769862521179,4.929447926113284,5.055199146270752,81500,0.0,0.0
2007-06-21 00:00:00-04:00,5.055200126264001,5.090410321228978,5.030049781416333,5.040110111236572,81600,0.0,0.0
2007-06-22 00:00:00-04:00,5.055202062703166,5.075322250347926,5.0300517082214355,5.0300517082214355,359800,0.0,0.0
2007-06-25 00:00:00-04:00,5.040111575316322,5.060231761098494,5.00490089042022,5.025021076202393,277800,0.0,0.0
2007-06-26 00:00:00-04:00,5.055200126264001,5.090410321228978,5.0099296014787855,5.040110111236572,143300,0.0,0.0
2007-06-27 00:00:00-04:00,5.035081408945012,5.080351946880667,4.838909237791533,5.025021076202393,197300,0.0,0.0
2007-06-28 00:00:00-04:00,5.06526191667399,5.18598352224567,4.9998711869027375,5.0300517082214355,169500,0.0,0.0
2007-06-29 00:00:00-04:00,5.050171928190864,5.050171928190864,4.984781198001065,5.0149617195129395,46600,0.0,0.0
2007-07-02 00:00:00-04:00,5.030051796435911,5.055202151358715,4.874119979677025,4.989811420440674,57500,0.0,0.0
2007-07-03 00:00:00-04:00,4.984781166094945,5.035081875058404,4.939510623968454,5.0300517082214355,48900,0.0,0.0
2007-07-05 00:00:00-04:00,5.014957928469903,5.030047937967033,4.954597410778629,4.9998674392700195,177000,0.0,0.0
2007-07-06 00:00:00-04:00,5.025017774900405,5.025017774900405,4.964657257209131,4.9998674392700195,81500,0.0,0.0
2007-07-09 00:00:00-04:00,4.999870839230112,5.025021191962978,4.884179888243236,4.969690799713135,133100,0.0,0.0
2007-07-10 00:00:00-04:00,4.889209400093043,4.959629802672483,4.79866833425889,4.823818683624268,116700,0.0,0.0
2007-07-11 00:00:00-04:00,4.874120372631129,4.979751488060443,4.813759803771973,4.813759803771973,135000,0.0,0.0
2007-07-12 00:00:00-04:00,4.859030189687992,4.9546014469991535,4.788609768198866,4.884180545806885,145100,0.0,0.0
2007-07-13 00:00:00-04:00,4.85399906382113,4.994840838388326,4.85399906382113,4.889209747314453,45100,0.0,0.0
2007-07-16 00:00:00-04:00,4.828848307298288,4.904298867220495,4.823818142049351,4.859028339385986,82500,0.0,0.0
2007-07-17 00:00:00-04:00,4.879145654951026,4.889205979540047,4.828845471113958,4.853995323181152,35000,0.0,0.0
2007-07-18 00:00:00-04:00,4.8338751537057885,4.914356311309921,4.763454800393357,4.853995323181152,85600,0.0,0.0
2007-07-19 00:00:00-04:00,4.88417782012703,4.929448339936596,4.698066056234382,4.803697109222412,65200,0.0,0.0
2007-07-20 00:00:00-04:00,4.8137571056798585,4.848967777556292,4.65279567894036,4.718186378479004,115200,0.0,0.0
2007-07-23 00:00:00-04:00,4.71818644797584,4.778546983892236,4.602495061025573,4.677946090698242,38000,0.0,0.0
2007-07-24 00:00:00-04:00,4.627645131756528,4.652795473499803,4.4465635346701085,4.557224750518799,111500,0.0,0.0
2007-07-25 00:00:00-04:00,4.60249567753013,4.652796370716357,4.532075282712967,4.597465991973877,91200,0.0,0.0
2007-07-26 00:00:00-04:00,4.547165346047106,4.587405709133128,4.48177463610658,4.572315692901611,94400,0.0,0.0
2007-07-27 00:00:00-04:00,4.552196513922988,4.602496739007027,4.476745456742321,4.547166347503662,100000,0.0,0.0
2007-07-30 00:00:00-04:00,4.51698465405983,4.577345675988855,4.285602815378009,4.411354064941406,280700,0.0,0.0
2007-07-31 00:00:00-04:00,4.441534263191498,4.652796408777073,4.441534263191498,4.577345848083496,119200,0.0,0.0
2007-08-01 00:00:00-04:00,4.5521968920127795,4.592437267303467,4.416385265629376,4.592437267303467,161100,0.0,0.0
2007-08-02 00:00:00-04:00,4.612556055987633,4.627646072219149,4.476744470795086,4.572315692901611,199200,0.0,0.0
2007-08-03 00:00:00-04:00,4.527044533643403,4.617585577821199,4.366083103729899,4.391232967376709,102600,0.0,0.0
2007-08-06 00:00:00-04:00,4.401295244821147,4.718188560012643,4.391234911146919,4.592437267303467,238900,0.0,0.0
2007-08-07 00:00:00-04:00,4.582319982553604,4.728994657894859,4.582319982553604,4.653128147125244,89800,0.05,0.0
2007-08-08 00:00:00-04:00,4.673359945450841,4.764399581513042,4.653128968808632,4.759341716766357,246700,0.0,0.0
2007-08-09 00:00:00-04:00,4.764400313270449,4.764400313270449,4.663245414523173,4.688534259796143,426400,0.0,0.0
2007-08-10 00:00:00-04:00,4.637954873316858,4.799802652130586,4.450818258477377,4.526684284210205,392700,0.0,0.0
2007-08-13 00:00:00-04:00,4.5772647380006415,4.713823763779569,4.526687035211573,4.536802768707275,222700,0.0,0.0
2007-08-14 00:00:00-04:00,4.557031932965487,4.597493886095597,4.425530344120366,4.481165409088135,65700,0.0,0.0
2007-08-15 00:00:00-04:00,4.516569772685478,4.582320564092416,4.440703252287701,4.501396179199219,145600,0.0,0.0
2007-08-16 00:00:00-04:00,4.54185831896276,4.627840089575153,4.47610800717166,4.6227827072143555,105300,0.0,0.0
2007-08-17 00:00:00-04:00,4.703706396435361,4.956593831917429,4.637955605328683,4.784630298614502,179800,0.0,0.0
2007-08-20 00:00:00-04:00,4.764399836548449,4.966709613800049,4.73911099380586,4.966709613800049,62300,0.0,0.0
2007-08-21 00:00:00-04:00,4.946479114876245,5.067865475321523,4.906017155509352,5.012229919433594,281400,0.0,0.0
2007-08-22 00:00:00-04:00,5.138673779457397,5.260059660308056,5.0375188787485135,5.093153953552246,79700,0.0,0.0
2007-08-23 00:00:00-04:00,5.093155556419323,5.103271290846042,4.976827504580658,5.0324625968933105,43600,0.0,0.0
2007-08-24 00:00:00-04:00,5.007171276464743,5.093153047355178,5.007171276464743,5.088095664978027,60000,0.0,0.0
2007-08-27 00:00:00-04:00,5.077980142377801,5.083038007305504,5.052691300083834,5.067864894866943,109800,0.0,0.0
2007-08-28 00:00:00-04:00,5.052692148637226,5.077980995178223,5.0476342828601,5.077980995178223,99900,0.0,0.0
2007-08-29 00:00:00-04:00,5.083037307724226,5.209481019446995,5.057748468910775,5.184192180633545,143900,0.0,0.0
2007-08-30 00:00:00-04:00,5.083037073847567,5.184191942102629,5.062806100196554,5.1133832931518555,47800,0.0,0.0
2007-08-31 00:00:00-04:00,5.158903104452748,5.285346810357691,5.0931523195008435,5.1133832931518555,90500,0.0,0.0
2007-09-04 00:00:00-04:00,5.083037764164463,5.199365757869935,5.083037764164463,5.138672828674316,54700,0.0,0.0
2007-09-05 00:00:00-04:00,5.08809604060656,5.103269153547224,5.052691467285592,5.098211288452148,58700,0.0,0.0
2007-09-06 00:00:00-04:00,5.10326646802862,5.148786265241055,5.057746670816185,5.1285552978515625,85600,0.0,0.0
2007-09-07 00:00:00-04:00,5.067865475321523,5.077980723990944,4.99705680525716,5.012229919433594,88200,0.0,0.0
2007-09-10 00:00:00-04:00,5.057750004197338,5.057750004197338,4.921190522558589,4.941421985626221,78200,0.0,0.0
2007-09-11 00:00:00-04:00,4.956592842337495,5.00717002992951,4.779571479904424,4.880726337432861,55700,0.0,0.0
2007-09-12 00:00:00-04:00,4.84026617413698,4.880728132025795,4.739111279414941,4.8453240394592285,142500,0.0,0.0
2007-09-13 00:00:00-04:00,4.865554824371503,4.981883310421256,4.840265981113334,4.956594467163086,33100,0.0,0.0
2007-09-14 00:00:00-04:00,4.926248191441478,5.067865533187211,4.906017211527032,5.05269193649292,60700,0.0,0.0
2007-09-17 00:00:00-04:00,5.0830375154594085,5.108326355306371,4.986940020509851,5.022344589233398,129800,0.0,0.0
2007-09-18 00:00:00-04:00,5.083040304337371,5.083040304337371,5.007173743171281,5.0324625968933105,75300,0.0,0.0
2007-09-19 00:00:00-04:00,5.08303996723003,5.123501937563932,5.042577996896127,5.108328819274902,341800,0.0,0.0
2007-09-20 00:00:00-04:00,5.1133849336940225,5.1133849336940225,5.072922973410469,5.093153953552246,41200,0.0,0.0
2007-09-21 00:00:00-04:00,5.143731803246965,5.143731803246965,5.057750014414351,5.077980995178223,58800,0.0,0.0
2007-09-24 00:00:00-04:00,5.067865957042705,5.072923340685839,5.032461377472874,5.057750225067139,71600,0.0,0.0
2007-09-25 00:00:00-04:00,5.017286452431861,5.057748401052725,4.956593529500566,5.002113342285156,31000,0.0,0.0
2007-09-26 00:00:00-04:00,5.002114234740052,5.007171617461619,4.890843615008031,4.9616522789001465,78500,0.0,0.0
2007-09-27 00:00:00-04:00,4.971767539990867,5.057749316966868,4.880727897935203,5.007171630859375,53600,0.0,0.0
2007-09-28 00:00:00-04:00,4.99200097426727,5.042578685261407,4.8554419263347794,4.91107702255249,89300,0.0,0.0
2007-10-01 00:00:00-04:00,4.90095939822584,5.05269199037456,4.809920228812299,5.047634124755859,48000,0.0,0.0
2007-10-02 00:00:00-04:00,5.05774900115542,5.05774900115542,5.032460159680737,5.03751802444458,27100,0.0,0.0
2007-10-03 00:00:00-04:00,5.057752159807877,5.057752159807877,4.835211277008057,4.835211277008057,41500,0.0,0.0
2007-10-04 00:00:00-04:00,4.860496919961118,5.047633586807545,4.860496919961118,5.007171630859375,23200,0.0,0.0
2007-10-05 00:00:00-04:00,5.057746709271797,5.057746709271797,4.890841106453372,5.027400016784668,69900,0.0,0.0
2007-10-08 00:00:00-04:00,4.814978445789348,5.057750225067139,4.814978445789348,5.057750225067139,19200,0.0,0.0
2007-10-09 00:00:00-04:00,5.057749802057684,5.057749802057684,5.022345707793555,5.05269193649292,24100,0.0,0.0
2007-10-10 00:00:00-04:00,5.032461377472874,5.057750225067139,4.956595317034726,5.057750225067139,30600,0.0,0.0
2007-10-11 00:00:00-04:00,5.057748401052725,5.057748401052725,4.976824503810998,5.002113342285156,24000,0.0,0.0
2007-10-12 00:00:00-04:00,4.971767960066702,5.052691878800486,4.971767960066702,5.012229919433594,31200,0.0,0.0
2007-10-15 00:00:00-04:00,5.007170968420374,5.02740194371794,4.926247067230109,4.931304931640625,48200,0.0,0.0
2007-10-16 00:00:00-04:00,4.936362949191793,4.96165178968441,4.900958379564322,4.916131973266602,35400,0.0,0.0
2007-10-17 00:00:00-04:00,4.961651446097339,4.961651446097339,4.830149870517631,4.855438709259033,46200,0.0,0.0
2007-10-18 00:00:00-04:00,4.835207213650151,4.890842267009928,4.78968740529014,4.860495567321777,7400,0.0,0.0
2007-10-19 00:00:00-04:00,4.860497630292144,4.956595151471515,4.749227476345529,4.7998046875,40500,0.0,0.0
2007-10-22 00:00:00-04:00,4.74416879949141,4.9363633266490705,4.734053069583062,4.926247596740723,12200,0.0,0.0
2007-10-23 00:00:00-04:00,4.860495607443036,4.951535224914551,4.860495607443036,4.951535224914551,13100,0.0,0.0
2007-10-24 00:00:00-04:00,4.951537036920688,5.07798078197213,4.880728366047822,5.05269193649292,74300,0.0,0.0
2007-10-25 00:00:00-04:00,5.072922113102417,5.072922113102417,4.966709364784372,5.03751802444458,20500,0.0,0.0
2007-10-26 00:00:00-04:00,5.083037800256347,5.093153047355178,4.976825052823725,5.088095664978027,33200,0.0,0.0
2007-10-29 00:00:00-04:00,5.108326849599472,5.158904051842858,5.0324603227175695,5.067864894866943,36800,0.0,0.0
2007-10-30 00:00:00-04:00,5.057749855993261,5.072922970504749,5.017287895732884,5.047634124755859,16300,0.0,0.0
2007-10-31 00:00:00-04:00,5.057748819055199,5.1589036989674,5.057748819055199,5.1487884521484375,90700,0.0,0.0
2007-11-01 00:00:00-04:00,5.088096884042896,5.088096884042896,5.0021150925519535,5.0172882080078125,68200,0.0,0.0
2007-11-02 00:00:00-04:00,5.052690241437212,5.052690241437212,4.916131293413084,4.936362266540527,30800,0.0,0.0
2007-11-05 00:00:00-05:00,4.972697096156695,5.071320802993952,4.972697096156695,5.029794692993164,17900,0.25,0.0
2007-11-06 00:00:00-05:00,5.081703417360559,5.232233938599093,5.06094060391471,5.221852779388428,54600,0.0,0.0
2007-11-07 00:00:00-05:00,5.159563608682483,5.242615353702148,5.1128476518285755,5.175136089324951,148800,0.0,0.0
2007-11-08 00:00:00-05:00,5.190708714569064,5.190708714569064,5.066131824225301,5.112848281860352,220800,0.0,0.0
2007-11-09 00:00:00-05:00,5.09208419326876,5.164753780282289,4.951934855415068,5.138800144195557,78300,0.0,0.0
2007-11-12 00:00:00-05:00,5.138802174885248,5.180327811023844,5.123230185089431,5.164755821228027,65500,0.0,0.0
2007-11-13 00:00:00-05:00,5.1647546271685085,5.216661907853424,5.081703374092255,5.211471080780029,113000,0.0,0.0
2007-11-14 00:00:00-05:00,5.216661952270836,5.227043111481501,5.185517484589803,5.221852779388428,77700,0.0,0.0
2007-11-15 00:00:00-05:00,5.195895952908688,5.2322307304037565,5.123225902894336,5.159560680389404,48800,0.0,0.0
2007-11-16 00:00:00-05:00,5.1647527793027255,5.175134429735127,5.055747924884205,5.133608818054199,45600,0.0,0.0
2007-11-19 00:00:00-05:00,5.086893425201803,5.154372681788981,4.879264829158694,5.060939788818359,79000,0.0,0.0
2007-11-20 00:00:00-05:00,5.050558078515328,5.138800144195557,4.998651301366299,5.138800144195557,80100,0.0,0.0
2007-11-21 00:00:00-05:00,5.1439922569340135,5.190708714569064,5.092085466803058,5.112848281860352,72000,0.0,0.0
2007-11-23 00:00:00-05:00,5.1180376426854535,5.216661366752086,5.071321688944089,5.201089382171631,11700,0.0,0.0
2007-11-26 00:00:00-05:00,5.164754282219247,5.190707920828286,5.133610311907988,5.143991470336914,57400,0.0,0.0
2007-11-27 00:00:00-05:00,5.143990634465321,5.185516251482293,5.0765113830566415,5.076511383056641,20800,0.0,0.0
2007-11-28 00:00:00-05:00,5.1284194851812845,5.21147073271062,5.1284194851812845,5.143991470336914,71300,0.0,0.0
2007-11-29 00:00:00-05:00,5.169943241126397,5.169943241126397,5.138798787042659,5.15437126159668,20600,0.0,0.0
2007-11-30 00:00:00-05:00,5.185516397530404,5.190707223559824,4.9778883065977775,5.014223098754883,38100,0.0,0.0
2007-12-03 00:00:00-05:00,4.962316564590602,5.154372681788981,4.962316564590602,5.060939788818359,17400,0.0,0.0
2007-12-04 00:00:00-05:00,5.014223473729146,5.123228353376495,5.014223473729146,5.086893558502197,41000,0.0,0.0
2007-12-05 00:00:00-05:00,5.175134886608528,5.175134886608528,5.086892830240249,5.128418445587158,57000,0.0,0.0
2007-12-06 00:00:00-05:00,5.169945325288932,5.195898964984033,4.931172731138107,5.185517311096191,78500,0.0,0.0
2007-12-07 00:00:00-05:00,5.190706045507455,5.190706045507455,5.143989611893999,5.15437126159668,45300,0.0,0.0
2007-12-10 00:00:00-05:00,5.154373254470323,5.185517225571182,5.118037961486659,5.169945240020752,54400,0.0,0.0
2007-12-11 00:00:00-05:00,5.185517809794419,5.216662279428647,5.045368934001772,5.190708637237549,98800,0.0,0.0
2007-12-12 00:00:00-05:00,5.232235103709404,5.232235103709404,5.009034438195977,5.164755821228027,70100,0.0,0.0
2007-12-13 00:00:00-05:00,5.118037831727876,5.149182297063618,5.092084688143321,5.143991470336914,21800,0.0,0.0
2007-12-14 00:00:00-05:00,5.1128459641353565,5.195897186716245,5.066129527677523,5.123227119445801,25100,0.0,0.0
2007-12-17 00:00:00-05:00,5.086892370058875,5.086892370058875,4.9155990984926765,4.957124710083008,44100,0.0,0.0
2007-12-18 00:00:00-05:00,4.983078069880505,5.123226877614229,4.951933615370616,4.993459224700928,90100,0.0,0.0
2007-12-19 00:00:00-05:00,4.993460486706487,5.092084205059547,4.905218420821934,5.050558090209961,36100,0.0,0.0
2007-12-20 00:00:00-05:00,5.102464812239244,5.149181253260614,4.9726971405240565,5.128418445587158,56600,0.0,0.0
2007-12-21 00:00:00-05:00,5.2010902921238085,5.232234266733485,5.143992180298483,5.190708637237549,163600,0.0,0.0
2007-12-24 00:00:00-05:00,5.190707416369021,5.232233036098018,5.071321383404261,5.138800144195557,22900,0.0,0.0
2007-12-26 00:00:00-05:00,5.097275723359417,5.190708637237549,5.097275723359417,5.190708637237549,69600,0.0,0.0
2007-12-27 00:00:00-05:00,5.128418472027769,5.190706895369273,5.034985589503319,5.045367240905762,41700,0.0,0.0
2007-12-28 00:00:00-05:00,5.086893726114033,5.118037695596916,4.931172393626206,4.936363220214844,12900,0.0,0.0
2007-12-31 00:00:00-05:00,4.931172905384592,5.1751363350999595,4.931172905384592,5.034986972808838,37800,0.0,0.0
2008-01-02 00:00:00-05:00,5.0505587881486225,5.123228880397162,4.93117273840942,5.003842830657959,51600,0.0,0.0
2008-01-03 00:00:00-05:00,5.055748538351222,5.133609440968896,4.931171688192221,4.983078956604004,51900,0.0,0.0
2008-01-04 00:00:00-05:00,4.957125050016131,5.0868927188907715,4.915599435578196,4.931171417236328,31800,0.0,0.0
2008-01-07 00:00:00-05:00,4.931171417236328,5.060939086110968,4.811785399483358,4.931171417236328,58400,0.0,0.0
2008-01-08 00:00:00-05:00,4.946744811592041,5.0453685453155055,4.842930745849853,4.9259819984436035,76800,0.0,0.0
2008-01-09 00:00:00-05:00,4.925981608284983,4.925981608284983,4.837739535637141,4.853312015533447,136400,0.0,0.0
2008-01-10 00:00:00-05:00,4.84812157289309,5.029796064185793,4.827358759744652,4.9259819984436035,114100,0.0,0.0
2008-01-11 00:00:00-05:00,4.90521950229118,4.957126786028999,4.801405429840088,4.801405429840088,158400,0.0,0.0
2008-01-14 00:00:00-05:00,4.842930316925049,4.8636931282345826,4.801404694305982,4.842930316925049,106300,0.0,0.0
2008-01-15 00:00:00-05:00,4.8014033836158125,4.827357014424008,4.775449752807617,4.775449752807617,63800,0.0,0.0
2008-01-16 00:00:00-05:00,4.780641927757438,4.94155408818129,4.780641927757438,4.853312015533447,90500,0.0,0.0
2008-01-17 00:00:00-05:00,4.842930686275597,4.842930686275597,4.785833074575895,4.822167873382568,50100,0.0,0.0
2008-01-18 00:00:00-05:00,4.8117864980746,4.8377396417554595,4.593776724988888,4.780642032623291,128900,0.0,0.0
2008-01-22 00:00:00-05:00,4.65087316033581,4.848120071681059,4.645682334899902,4.645682334899902,97600,0.0,0.0
2008-01-23 00:00:00-05:00,4.567822635986477,5.107656188737869,4.515915363692821,5.050558090209961,203900,0.0,0.0
2008-01-24 00:00:00-05:00,4.983080215738492,5.299713246989508,4.983080215738492,5.227043151855469,247900,0.0,0.0
2008-01-25 00:00:00-05:00,5.284140319771785,5.284140319771785,5.190707427665978,5.232233047485352,89600,0.0,0.0
2008-01-28 00:00:00-05:00,5.232234317450902,5.336048392197039,5.159564217616327,5.294522762298584,272400,0.0,0.0
2008-01-29 00:00:00-05:00,5.325665289822873,5.367190904575831,5.268567198269273,5.289330005645752,359900,0.0,0.0
2008-01-30 00:00:00-05:00,5.278950433383286,5.284141260540972,5.227043151855469,5.227043151855469,135400,0.0,0.0
2008-01-31 00:00:00-05:00,5.190708324850537,5.336048019339486,5.190708324850537,5.3152852058410645,106500,0.0,0.0
2008-02-01 00:00:00-05:00,5.330856578300785,5.496959051735279,5.315284100147988,5.465814590454102,193600,0.0,0.0
2008-02-04 00:00:00-05:00,5.460626834581565,5.486579987026529,5.398337882644627,5.408719539642334,107500,0.0,0.0
2008-02-05 00:00:00-05:00,5.335697440610174,5.424364988271359,5.320050372614472,5.34091329574585,146200,0.05,0.0
2008-02-06 00:00:00-05:00,5.37742364881782,5.387854861415067,5.226167335572907,5.247030258178711,114600,0.0,0.0
2008-02-07 00:00:00-05:00,5.226164060311173,5.419146097824941,5.2157323568402125,5.356557369232178,87400,0.0,0.0
2008-02-08 00:00:00-05:00,5.356560172675683,5.492168906894221,5.262676781945629,5.346128463745117,50300,0.0,0.0
2008-02-11 00:00:00-05:00,5.346129839361338,5.398287402612345,5.273109350292206,5.335698127746582,49700,0.0,0.0
2008-02-12 00:00:00-05:00,5.3826398849487305,5.398287452515516,5.33569817707116,5.3826398849487305,19100,0.0,0.0
2008-02-13 00:00:00-05:00,5.429581915301742,5.44522898638645,5.340914350136024,5.398287773132324,360000,0.0,0.0
2008-02-14 00:00:00-05:00,5.377423243247025,5.44001200634393,5.278323995285135,5.293971061706543,84300,0.0,0.0
2008-02-15 00:00:00-05:00,5.283541061906962,5.403502761008336,5.283541061906962,5.335698127746582,35700,0.0,0.0
2008-02-19 00:00:00-05:00,5.38785582822604,5.398287540106492,5.2053048496093375,5.320051193237305,47400,0.0,0.0
2008-02-20 00:00:00-05:00,5.2939722010843555,5.3461297635961875,5.241815135983904,5.3252668380737305,38300,0.0,0.0
2008-02-21 00:00:00-05:00,5.361774773332854,5.408716462075718,5.2887548107650115,5.304401874542236,20100,0.0,0.0
2008-02-22 00:00:00-05:00,5.314835126606813,5.335698052129269,5.241815135983904,5.3252668380737305,35100,0.0,0.0
2008-02-25 00:00:00-05:00,5.22095127733696,5.377423439495289,5.22095127733696,5.361775875091553,42500,0.0,0.0
2008-02-26 00:00:00-05:00,5.335698263646582,5.346129975527034,5.215736561489789,5.320051193237305,42500,0.0,0.0
2008-02-27 00:00:00-05:00,5.278323847930218,5.408717225094733,5.278323847930218,5.346128463745117,20100,0.0,0.0
2008-02-28 00:00:00-05:00,5.314833976145522,5.351344460965212,5.215735225717842,5.220951080322266,40600,0.0,0.0
2008-02-29 00:00:00-05:00,5.215735492253919,5.3200501026167375,5.168793793237826,5.22616720199585,76500,0.0,0.0
2008-03-03 00:00:00-05:00,5.210519637382953,5.236598414326482,5.163577938366861,5.22616720199585,37400,0.0,0.0
2008-03-04 00:00:00-05:00,5.2105204783629535,5.2157363340757605,5.111421706876521,5.2053046226501465,61900,0.0,0.0
2008-03-05 00:00:00-05:00,5.210519173172572,5.210519173172572,5.147930412530976,5.153146266937256,41000,0.0,0.0
2008-03-06 00:00:00-05:00,5.147929924227336,5.147929924227336,4.928869034055006,5.007105350494385,62400,0.0,0.0
2008-03-07 00:00:00-05:00,4.965379934565917,5.2261666832953555,4.887143611500336,5.033184051513672,107600,0.0,0.0
2008-03-10 00:00:00-04:00,5.059262608849348,5.236597669964293,4.981026786550979,5.001889705657959,85800,0.0,0.0
2008-03-11 00:00:00-04:00,5.142713950465992,5.2418131828308105,4.960163544517484,5.2418131828308105,58100,0.0,0.0
2008-03-12 00:00:00-04:00,5.215735645326987,5.2209515003510285,5.1427151672243365,5.174009799957275,38000,0.0,0.0
2008-03-13 00:00:00-04:00,5.116634219566563,5.236595838114284,5.01231916311161,5.231379985809326,36900,0.0,0.0
2008-03-14 00:00:00-04:00,5.226166458348681,5.226166458348681,4.991457996665599,5.111420154571533,37800,0.0,0.0
2008-03-17 00:00:00-04:00,5.007105825440199,5.210519173172572,5.007105825440199,5.153146266937256,90500,0.0,0.0
2008-03-18 00:00:00-04:00,5.236600576971448,5.35134694446489,5.059265417411993,5.267895221710205,176600,0.0,0.0
2008-03-19 00:00:00-04:00,5.293971639575878,5.293971639575878,5.095774116840175,5.121852397918701,147600,0.0,0.0
2008-03-20 00:00:00-04:00,5.174009954898409,5.1948728782080265,5.059263627989849,5.121852397918701,336300,0.0,0.0
2008-03-24 00:00:00-04:00,5.158361846908149,5.184440122729623,5.085341381338832,5.111420154571533,326300,0.0,0.0
2008-03-25 00:00:00-04:00,5.116637361482454,5.210520273566059,5.064479801227171,5.137500286102295,111000,0.0,0.0
2008-03-26 00:00:00-04:00,5.106204300442748,5.127067219546663,5.080125527210047,5.111420154571533,43200,0.0,0.0
2008-03-27 00:00:00-04:00,5.127066950908731,5.137498658619722,5.069694050731883,5.106204032897949,81400,0.0,0.0
2008-03-28 00:00:00-04:00,5.069698070057349,5.111423939159748,5.06448221206665,5.06448221206665,37000,0.0,0.0
2008-03-31 00:00:00-04:00,5.059263684478592,5.1114212420406595,5.059263684478592,5.095774173736572,84200,0.0,0.0
2008-04-01 00:00:00-04:00,5.158360823599742,5.189654947341917,5.06447745755096,5.100987434387207,122800,0.0,0.0
2008-04-02 00:00:00-04:00,5.100988187499348,5.1687927954996,5.090556977182263,5.142714023590088,121500,0.0,0.0
2008-04-03 00:00:00-04:00,5.116637229919434,5.163578436048568,5.090558450462351,5.116637229919434,124900,0.0,0.0
2008-04-04 00:00:00-04:00,5.137500154002831,5.163578436048568,5.085342595088665,5.116637229919434,27500,0.0,0.0
2008-04-07 00:00:00-04:00,5.147929868919513,5.147929868919513,5.09577282259816,5.106204032897949,27000,0.0,0.0
2008-04-08 00:00:00-04:00,5.08534037251612,5.111419140575351,5.059261604456888,5.100987434387207,21600,0.0,0.0
2008-04-09 00:00:00-04:00,5.08534037251612,5.111419140575351,5.069693310645032,5.100987434387207,63300,0.0,0.0
2008-04-10 00:00:00-04:00,5.090558206086437,5.116636984291589,5.05926357275799,5.074910640716553,48600,0.0,0.0
2008-04-11 00:00:00-04:00,5.059261725806814,5.085340494491564,4.986241770382886,5.012320041656494,84100,0.0,0.0
2008-04-14 00:00:00-04:00,5.022752761840819,5.111420294818116,5.012321053297025,5.02275276184082,37800,0.0,0.0
2008-04-15 00:00:00-04:00,5.022752430901696,5.095772893663369,5.007105366528198,5.080125331878662,39200,0.0,0.0
2008-04-16 00:00:00-04:00,5.085340976715088,5.111419747872787,5.069693912984944,5.085340976715088,123600,0.0,0.0
2008-04-17 00:00:00-04:00,5.074909536423674,5.132282935472906,5.069694179846555,5.090557098388672,116300,0.0,0.0
2008-04-18 00:00:00-04:00,5.137500286102295,5.137500286102295,5.080126870339213,5.137500286102295,121400,0.0,0.0
2008-04-21 00:00:00-04:00,5.111421374545748,5.215735994962733,5.095774305836037,5.116637229919434,85400,0.0,0.0
2008-04-22 00:00:00-04:00,5.090555685606053,5.13749736365089,5.043614007561216,5.127065658569336,47900,0.0,0.0
2008-04-23 00:00:00-04:00,5.132286873710947,5.168796884822647,4.908009954226859,5.06448221206665,115100,0.0,0.0
2008-04-24 00:00:00-04:00,5.038400891548185,5.215735994962733,4.9810279746716795,5.116637229919434,101500,0.0,0.0
2008-04-25 00:00:00-04:00,5.100988179042454,5.137498658619722,5.059262343020891,5.106204032897949,39900,0.0,0.0
2008-04-28 00:00:00-04:00,5.090557454577347,5.090557454577347,5.0227528402183435,5.033184051513672,47300,0.0,0.0
2008-04-29 00:00:00-04:00,5.033184794900758,5.0749106410673575,5.033184794900758,5.038400650024414,58300,0.0,0.0
2008-04-30 00:00:00-04:00,5.059262334512363,5.1531457141085895,5.033183562689945,5.0696940422058105,97000,0.0,0.0
2008-05-01 00:00:00-04:00,5.074910640716553,5.111421129168295,5.054047717634695,5.074910640716553,90900,0.0,0.0
2008-05-02 00:00:00-04:00,5.0853424851003135,5.121852477103765,5.059263706207275,5.059263706207275,60300,0.0,0.0
2008-05-05 00:00:00-04:00,5.064478059271166,5.0905568304288655,5.043615141827244,5.085340976715088,67000,0.0,0.0
2008-05-06 00:00:00-04:00,5.122615819025587,5.218465343109994,5.122615819025587,5.207815170288086,142100,0.2,0.0
2008-05-07 00:00:00-04:00,5.213141207919999,5.213141207919999,5.10131691202679,5.111967086791992,79900,0.0,0.0
2008-05-08 00:00:00-04:00,5.218465572987037,5.218465572987037,5.069366701709754,5.1066412925720215,373800,0.0,0.0
2008-05-09 00:00:00-04:00,5.069367665683847,5.213141477655152,5.069367665683847,5.095992088317871,112100,0.0,0.0
2008-05-12 00:00:00-04:00,5.122617249464072,5.191841868652167,5.080017561937296,5.101317405700684,100900,0.0,0.0
2008-05-13 00:00:00-04:00,5.117291655781824,5.218466284529242,5.085342147208743,5.197166442871094,64400,0.0,0.0
2008-05-14 00:00:00-04:00,5.191841355499486,5.218466284529242,5.165216426469729,5.197166442871094,50100,0.0,0.0
2008-05-15 00:00:00-04:00,5.186516780754237,5.186516780754237,5.064042806071837,5.101317405700684,185000,0.0,0.0
2008-05-16 00:00:00-04:00,5.111969483647015,5.12794424545664,5.021444987011603,5.090669631958008,266200,0.0,0.0
2008-05-19 00:00:00-04:00,5.0587158203125,5.085340741985036,5.0320908986399635,5.0587158203125,123400,0.0,0.0
2008-05-20 00:00:00-04:00,5.048067098638096,5.048067098638096,4.994817747824567,5.005467414855957,96700,0.0,0.0
2008-05-21 00:00:00-04:00,5.016118552392992,5.032093309920047,4.914943903122081,4.984168529510498,143500,0.0,0.0
2008-05-22 00:00:00-04:00,4.978841563123033,5.117290241729566,4.957541727350632,5.0587158203125,284400,0.0,0.0
2008-05-23 00:00:00-04:00,5.0320911309121,5.1439154008358425,5.0320911309121,5.085340976715088,58100,0.0,0.0
2008-05-27 00:00:00-04:00,5.101317374064772,5.197166924319774,5.058717686802178,5.175867080688477,36500,0.0,0.0
2008-05-28 00:00:00-04:00,5.202492504799641,5.218467262078653,5.090668188189799,5.133267879486084,53900,0.0,0.0
2008-05-29 00:00:00-04:00,5.111965445355271,5.245089540204855,5.111965445355271,5.213139533996582,77000,0.0,0.0
2008-05-30 00:00:00-04:00,5.22379185977872,5.245091703426175,5.191841840393372,5.229116439819336,212100,0.0,0.0
2008-06-02 00:00:00-04:00,5.213141444996207,5.213141444996207,5.165216672029905,5.1918416023254395,76500,0.0,0.0
2008-06-03 00:00:00-04:00,5.213139533996582,5.218464619669314,5.149240029408156,5.213139533996582,36700,0.0,0.0
2008-06-04 00:00:00-04:00,5.186518431604464,5.229118132690573,5.159893491468522,5.170543670654297,51000,0.0,0.0
2008-06-05 00:00:00-04:00,5.1652150111094395,5.245089776311611,5.154565347112703,5.23976469039917,88900,0.0,0.0
2008-06-06 00:00:00-04:00,5.207815170288086,5.234440094514665,5.186515332472461,5.207815170288086,48700,0.0,0.0
2008-06-09 00:00:00-04:00,5.229115224077625,5.319639665489936,5.149240955927097,5.20249080657959,122400,0.0,0.0
2008-06-10 00:00:00-04:00,5.175867093851219,5.277041224400093,5.101317387037927,5.186516761779785,171500,0.0,0.0
2008-06-11 00:00:00-04:00,5.165217876434326,5.2024929906710575,5.1119685112550926,5.165217876434326,55800,0.0,0.0
2008-06-12 00:00:00-04:00,5.191841849658235,5.197166937536683,5.165216918094321,5.186516761779785,46300,0.0,0.0
2008-06-13 00:00:00-04:00,5.197163821218112,5.202488905903538,5.111964497563393,5.138588905334473,112300,0.0,0.0
2008-06-16 00:00:00-04:00,5.1279401945453476,5.218464619669314,5.1279401945453476,5.213139533996582,61500,0.0,0.0
2008-06-17 00:00:00-04:00,5.207817571709083,5.207817571709083,5.090668663617714,5.165217876434326,34000,0.0,0.0
2008-06-18 00:00:00-04:00,5.138588650544426,5.2184633933812625,5.111964244093482,5.154563903808594,27300,0.0,0.0
2008-06-19 00:00:00-04:00,5.1332669178966475,5.197166442871094,5.1013169014952835,5.197166442871094,35900,0.0,0.0
2008-06-20 00:00:00-04:00,5.17586686458271,5.229116217523491,5.064042563230271,5.181191444396973,107100,0.0,0.0
2008-06-23 00:00:00-04:00,5.1811897490467675,5.1811897490467675,4.989491227095162,5.0587158203125,67100,0.0,0.0
2008-06-24 00:00:00-04:00,5.032093309920047,5.058718244350727,4.941568837552762,4.984168529510498,81000,0.0,0.0
2008-06-25 00:00:00-04:00,4.968192332574711,5.010792012190261,4.9255926529591605,4.930917739868164,168600,0.0,0.0
2008-06-26 00:00:00-04:00,4.941564793009974,5.005464278646502,4.914939880371094,4.914939880371094,90500,0.0,0.0
2008-06-27 00:00:00-04:00,4.925592671472892,4.925592671472892,4.797793632145887,4.856368064880371,2538100,0.0,0.0
2008-06-30 00:00:00-04:00,4.851042731682149,4.904292582612561,4.813768140727791,4.819093227386475,125400,0.0,0.0
2008-07-01 00:00:00-04:00,4.808442356557316,4.978841550119626,4.771167771010002,4.973516464233398,102800,0.0,0.0
2008-07-02 00:00:00-04:00,4.95754340645414,5.005467672302724,4.803119417844307,4.861693859100342,92200,0.0,0.0
2008-07-03 00:00:00-04:00,4.861692904783424,4.909617669053021,4.7924683017082526,4.797793388366699,27100,0.0,0.0
2008-07-07 00:00:00-04:00,4.8297426524410145,4.8297426524410145,4.664669036865234,4.664669036865234,87400,0.0,0.0
2008-07-08 00:00:00-04:00,4.680644685884521,5.005467400766062,4.488946109404507,4.994817733764648,107200,0.0,0.0
2008-07-09 00:00:00-04:00,5.005465954248005,5.032090875799693,4.813767433166504,4.813767433166504,119300,0.0,0.0
2008-07-10 00:00:00-04:00,4.797793404503748,4.968192115521471,4.792468317827391,4.893642425537109,198800,0.0,0.0
2008-07-11 00:00:00-04:00,4.8457193226768895,4.9468934544756795,4.739219595105526,4.909618854522705,93900,0.0,0.0
2008-07-14 00:00:00-04:00,4.925593167328013,4.989492693424224,4.712594747007307,4.771169185638428,86800,0.0,0.0
2008-07-15 00:00:00-04:00,4.733895762075422,4.861694845935828,4.664671131360597,4.776495456695557,150400,0.0,0.0
2008-07-16 00:00:00-04:00,4.803119406239775,4.962867974339059,4.7179195266709595,4.925593376159668,102100,0.0,0.0
2008-07-17 00:00:00-04:00,4.946892492766936,5.005466925281257,4.845718380637065,4.930917739868164,200400,0.0,0.0
2008-07-18 00:00:00-04:00,4.941568837552762,4.984168529510498,4.7445451352911405,4.984168529510498,85900,0.0,0.0
2008-07-21 00:00:00-04:00,5.000142346200493,5.000142346200493,4.888318060252614,4.930917739868164,21800,0.0,0.0
2008-07-22 00:00:00-04:00,4.978843215951226,5.021442901637859,4.904293512085464,4.95754337310791,137200,0.0,0.0
2008-07-23 00:00:00-04:00,4.984166624525588,5.085341235126823,4.952217121682812,5.026766300201416,89300,0.0,0.0
2008-07-24 00:00:00-04:00,5.048064496994328,5.154564159390752,5.010789919852394,5.138588905334473,108500,0.0,0.0
2008-07-25 00:00:00-04:00,5.154568169943754,5.2397675598885405,4.96819412356822,5.218467712402344,81500,0.0,0.0
2008-07-28 00:00:00-04:00,5.186516780754237,5.191841868652167,4.957543587254895,5.101317405700684,48300,0.0,0.0
2008-07-29 00:00:00-04:00,5.117291899063602,5.245091462916511,5.090667476596374,5.1918416023254395,103000,0.0,0.0
2008-07-30 00:00:00-04:00,5.19716477977052,5.2663893699646005,5.19716477977052,5.2663893699646,77400,0.0,0.0
2008-07-31 00:00:00-04:00,5.207815386026499,5.271714902120468,5.111966365799652,5.245090484619141,79300,0.0,0.0
2008-08-01 00:00:00-04:00,5.245089066270807,5.308988565085422,5.16521431188148,5.287688732147217,64200,0.0,0.0
2008-08-04 00:00:00-04:00,4.941568508107666,5.303666373436417,4.898968818989973,5.255741596221924,89000,0.0,0.0
2008-08-05 00:00:00-04:00,5.3146112906205705,5.319962978363038,5.261090329886223,5.319962978363037,70800,0.05,0.0
2008-08-06 00:00:00-04:00,5.287854930478065,5.32531932593563,5.191517330256774,5.309263229370117,79300,0.0,0.0
2008-08-07 00:00:00-04:00,5.261093055725044,5.293205750886388,5.20222037674555,5.23433256149292,105100,0.0,0.0
2008-08-08 00:00:00-04:00,5.255738721215265,5.352076257176854,5.223626549503914,5.330667972564697,64700,0.0,0.0
2008-08-11 00:00:00-04:00,5.336022249483797,5.384191036224365,5.228980784734737,5.384191036224365,85200,0.0,0.0
2008-08-12 00:00:00-04:00,5.37883941129835,5.37883941129835,5.319966216572311,5.352078914642334,91000,0.0,0.0
2008-08-13 00:00:00-04:00,5.3360216888154435,5.501935814140007,5.298556797279322,5.432358741760254,303500,0.0,0.0
2008-08-14 00:00:00-04:00,5.389541446670402,5.4323580224013694,5.373485358374751,5.394893646240234,80600,0.0,0.0
2008-08-15 00:00:00-04:00,5.432358895679949,5.432358895679949,5.245036474347425,5.368134021759033,145800,0.0,0.0
2008-08-18 00:00:00-04:00,5.357431502491417,5.448416891436295,5.2503900185604016,5.4430646896362305,84300,0.0,0.0
2008-08-19 00:00:00-04:00,5.410951220911881,5.443063916738312,5.394895128205657,5.437711715698242,42200,0.0,0.0
2008-08-20 00:00:00-04:00,5.448416117778382,5.485880504230898,5.341374138632933,5.437711715698242,51400,0.0,0.0
2008-08-21 00:00:00-04:00,5.384189486950138,5.43235774941656,5.346724602257831,5.373485088348389,44000,0.0,0.0
2008-08-22 00:00:00-04:00,5.453767391717498,5.507288377201031,5.26109276272188,5.405599117279053,105900,0.0,0.0
2008-08-25 00:00:00-04:00,5.368135923719735,5.400248627264868,5.309263229370117,5.309263229370117,88100,0.0,0.0
2008-08-26 00:00:00-04:00,5.298557146311985,5.405599117279053,5.298557146311985,5.405599117279053,60300,0.0,0.0
2008-08-27 00:00:00-04:00,5.389542160359468,5.453767032460647,5.384190470494804,5.432358741760254,44200,0.0,0.0
2008-08-28 00:00:00-04:00,5.405599840359254,5.512641315230781,5.314614459114953,5.501936912536621,72500,0.0,0.0
2008-08-29 00:00:00-04:00,5.46447258954325,5.51799358282861,5.29855791868985,5.46982479095459,96100,0.0,0.0
2008-09-02 00:00:00-04:00,5.50728561758319,5.512637815532427,5.4430607734334195,5.49122953414917,64500,0.0,0.0
2008-09-03 00:00:00-04:00,5.464472953227805,5.646443730012155,5.443064656571649,5.635739326477051,77400,0.0,0.0
2008-09-04 00:00:00-04:00,5.550104045695258,5.608976711682425,5.362781648237624,5.4484148025512695,53600,0.0,0.0
2008-09-05 00:00:00-04:00,5.3788377370679665,5.5554562454433265,5.3788377370679665,5.4484148025512695,55300,0.0,0.0
2008-09-08 00:00:00-04:00,5.42165413367555,5.42165413367555,5.3574292700791,5.394893646240234,64600,0.0,0.0
2008-09-09 00:00:00-04:00,5.3948946135652065,5.40559901462421,5.137995113116356,5.261092662811279,140100,0.0,0.0
2008-09-10 00:00:00-04:00,5.325318104669738,5.325318104669738,5.084474669763727,5.287853717803955,145800,0.0,0.0
2008-09-11 00:00:00-04:00,5.266446851459585,5.416304949960512,5.191517547002057,5.3467278480529785,80800,0.0,0.0
2008-09-12 00:00:00-04:00,5.303911248481285,5.384192755488806,5.303911248481285,5.3467278480529785,44900,0.0,0.0
2008-09-15 00:00:00-04:00,5.2932061672547555,5.427008138526387,5.132643699645996,5.132643699645996,68200,0.0,0.0
2008-09-16 00:00:00-04:00,5.084472575219414,5.43235733672681,5.084472575219414,5.416301250457764,100100,0.0,0.0
2008-09-17 00:00:00-04:00,5.330671328820549,5.400248425220091,5.0898278476923435,5.212925434112549,99600,0.0,0.0
2008-09-18 00:00:00-04:00,5.2932055317952,5.507288455963135,5.105882590337792,5.507288455963135,270000,0.0,0.0
2008-09-19 00:00:00-04:00,6.144185281280568,6.144185281280568,4.9399677347537105,6.047848224639893,782900,0.0,0.0
2008-09-22 00:00:00-04:00,5.8605263094505515,5.8605263094505515,5.1647559484642445,5.352078914642334,77100,0.0,0.0
2008-09-23 00:00:00-04:00,5.51263918973498,5.51263918973498,5.170106091801791,5.239683151245117,82700,0.0,0.0
2008-09-24 00:00:00-04:00,5.491231866311499,5.491231866311499,5.084473836863113,5.314613342285156,70500,0.0,0.0
2008-09-25 00:00:00-04:00,5.4055999079543655,5.45376818943837,5.2985579213303025,5.352078914642334,85600,0.0,0.0
2008-09-26 00:00:00-04:00,5.25574170994641,5.480529081408571,5.245037816760337,5.4430646896362305,58300,0.0,0.0
2008-09-29 00:00:00-04:00,5.346723982674122,5.5393990518677,5.218274276820909,5.512638568878174,119900,0.0,0.0
2008-09-30 00:00:00-04:00,5.319963499684596,5.512638568878174,5.266443044119304,5.512638568878174,117100,0.0,0.0
2008-10-01 00:00:00-04:00,5.512641530403843,5.512641530403843,5.2503897791287155,5.480528831481934,33100,0.0,0.0
2008-10-02 00:00:00-04:00,5.3574307541172566,5.475176114786613,5.314614166525857,5.362782955169678,37900,0.0,0.0
2008-10-03 00:00:00-04:00,5.330669432538304,5.480527465866796,5.282500651364955,5.314613342285156,49800,0.0,0.0
2008-10-06 00:00:00-04:00,5.223627343316368,5.427006333245382,5.143345881010423,5.394893646240234,95800,0.0,0.0
2008-10-07 00:00:00-04:00,5.2664461709968275,5.485881343052685,5.191516876220704,5.191516876220703,81300,0.0,0.0
2008-10-08 00:00:00-04:00,5.095179948863425,5.427008817907443,4.956025758821524,5.245038032531738,144300,0.0,0.0
2008-10-09 00:00:00-04:00,5.384191204047948,5.384191204047948,4.586731118379442,4.8329267501831055,177800,0.0,0.0
2008-10-10 00:00:00-04:00,4.816870507433398,5.384191036224365,4.709829042684338,5.384191036224365,149900,0.0,0.0
2008-10-13 00:00:00-04:00,5.4056000976719805,5.523345470428467,4.875743878611638,5.523345470428467,116200,0.0,0.0
2008-10-14 00:00:00-04:00,5.528697152709966,5.528697152709966,5.095179071961946,5.287853717803955,53200,0.0,0.0
2008-10-15 00:00:00-04:00,5.212923955647992,5.29320543353107,4.8168702980827565,4.843630790710449,284600,0.0,0.0
2008-10-16 00:00:00-04:00,5.073770566082203,5.352078914642334,5.025602284598199,5.352078914642334,199600,0.0,0.0
2008-10-17 00:00:00-04:00,5.352076524179515,5.378837008883171,5.105880983650706,5.143345355987549,151200,0.0,0.0
2008-10-20 00:00:00-04:00,5.2236298383651345,5.239685934329924,5.06841954960126,5.212925434112549,55100,0.0,0.0
2008-10-21 00:00:00-04:00,5.004192333094384,5.239683502814823,5.004192333094384,5.154050350189209,74100,0.0,0.0
2008-10-22 00:00:00-04:00,5.164754083654579,5.202218969611366,5.047008757544206,5.084473133087158,76500,0.0,0.0
2008-10-23 00:00:00-04:00,5.111233856752034,5.159402633488433,4.795461218514627,5.047008991241455,98300,0.0,0.0
2008-10-24 00:00:00-04:00,4.688420679977029,5.100530440732754,4.608139199799242,4.9132080078125,73300,0.0,0.0
2008-10-27 00:00:00-04:00,4.859686282930618,5.1754589340925,4.731236546652054,4.757997035980225,54900,0.0,0.0
2008-10-28 00:00:00-04:00,4.8703907991994,5.111234188079834,4.640251300057664,5.111234188079834,103300,0.0,0.0
2008-10-29 00:00:00-04:00,5.15940324395725,5.234332007378353,4.95602422390269,5.073769569396973,99000,0.0,0.0
2008-10-30 00:00:00-04:00,5.2129247403622685,5.352078914642334,5.068418875082216,5.352078914642334,36900,0.0,0.0
2008-10-31 00:00:00-04:00,5.309262903134908,5.592922973628235,5.105883820950271,5.539402484893799,179900,0.0,0.0
2008-11-03 00:00:00-05:00,5.491235429953994,5.592924748102369,5.293208486938771,5.544755935668945,63500,0.0,0.0
2008-11-04 00:00:00-05:00,5.566158566722023,5.646440009088823,5.4163005888832005,5.49658203125,129200,0.0,0.0
2008-11-05 00:00:00-05:00,5.41095024655783,5.539400496319434,5.0577132081446745,5.111234188079834,72200,0.0,0.0
2008-11-06 00:00:00-05:00,5.116587861046048,5.207572736465012,4.966729278254018,4.977433681488037,85600,0.0,0.0
2008-11-07 00:00:00-05:00,5.082509493443492,5.497295379638672,5.082509493443492,5.497295379638672,56300,0.3,0.0
2008-11-10 00:00:00-05:00,5.530481071780859,5.530481071780859,5.204182604157344,5.23736572265625,56200,0.0,0.0
2008-11-11 00:00:00-05:00,5.248425702885375,5.353505124440772,5.1322855949401855,5.1322855949401855,74700,0.0,0.0
2008-11-12 00:00:00-05:00,5.115694527952256,5.3258528529324325,5.071450725580401,5.137816429138184,60500,0.0,0.0
2008-11-13 00:00:00-05:00,5.104632724445682,5.707455121466389,4.977431939165618,5.674272537231445,138600,0.0,0.0
2008-11-14 00:00:00-05:00,5.5802557549359335,5.613438347607371,5.2484266636547545,5.253957271575928,74000,0.0,0.0
2008-11-17 00:00:00-05:00,5.198651724987665,5.392218763361484,4.739621862198292,4.988493919372559,146900,0.0,0.0
2008-11-18 00:00:00-05:00,5.032738215745182,5.3922192908293525,4.794927350039401,5.3756279945373535,133300,0.0,0.0
2008-11-19 00:00:00-05:00,5.3147923890533795,5.497298231463322,5.0714514416493905,5.110164642333984,79100,0.0,0.0
2008-11-20 00:00:00-05:00,5.099104662407907,5.171000993260494,4.955312000702732,4.960842609405518,198700,0.0,0.0
2008-11-21 00:00:00-05:00,5.060389755339573,5.397749423980713,4.916597654409717,5.397749423980713,210100,0.0,0.0
2008-11-24 00:00:00-05:00,5.453052816544678,5.641089211499262,5.303730138298634,5.635558605194092,211700,0.0,0.0
2008-11-25 00:00:00-05:00,5.6410908699035645,5.668743382131228,5.475176323965383,5.6410908699035645,303300,0.0,0.0
2008-11-26 00:00:00-05:00,5.51941896196726,5.6687421798706055,5.51388888263682,5.6687421798706055,98100,0.0,0.0
2008-11-28 00:00:00-05:00,5.624500519216225,5.746171277018437,5.480707853397964,5.707457542419434,25100,0.0,0.0
2008-12-01 00:00:00-05:00,5.552601948853801,5.5691932413233065,5.115694046020508,5.115694046020508,156400,0.0,0.0
2008-12-02 00:00:00-05:00,5.237363913435041,5.536009767048377,5.115693224206616,5.491765975952148,233000,0.0,0.0
2008-12-03 00:00:00-05:00,5.347975719373315,5.668743608178455,5.309262517167536,5.624499797821045,136500,0.0,0.0
2008-12-04 00:00:00-05:00,5.530481348420711,5.668743382131228,5.519420132558524,5.6410908699035645,136800,0.0,0.0
2008-12-05 00:00:00-05:00,5.541542554343323,5.613438347607371,5.419871817216517,5.530481338500977,146000,0.0,0.0
2008-12-08 00:00:00-05:00,5.635560261972471,5.663212774200135,5.4530544196688115,5.6410908699035645,145600,0.0,0.0
2008-12-09 00:00:00-05:00,5.563662560440214,5.657680225885058,5.425400574148662,5.519418239593506,131200,0.0,0.0
2008-12-10 00:00:00-05:00,5.57472514701476,5.618968955528544,5.48070692206602,5.530481338500977,181500,0.0,0.0
2008-12-11 00:00:00-05:00,5.524950730579803,5.6300301713708905,5.414341209295344,5.530481338500977,235300,0.0,0.0
2008-12-12 00:00:00-05:00,5.475176314144846,5.613438347607371,5.336914280682322,5.530481338500977,100800,0.0,0.0
2008-12-15 00:00:00-05:00,5.547072883289503,5.580256004875009,5.325853830812206,5.458585262298584,38700,0.0,0.0
2008-12-16 00:00:00-05:00,5.558133387159919,5.58025528957196,5.3645663454837385,5.475175857543945,115300,0.0,0.0
2008-12-17 00:00:00-05:00,5.447522652272109,5.524949029620162,5.3811564325057235,5.414339542388916,60500,0.0,0.0
2008-12-18 00:00:00-05:00,5.392218847673928,5.524950261957086,5.298200630699752,5.43093204498291,87500,0.0,0.0
2008-12-19 00:00:00-05:00,5.502829072794043,5.646621720618199,5.370097641307665,5.458585262298584,269100,0.0,0.0
2008-12-22 00:00:00-05:00,5.491766264277293,5.547070742337341,5.364564962626702,5.519418239593506,71800,0.0,0.0
2008-12-23 00:00:00-05:00,5.558133356066395,5.5968465532139575,5.5028283366318025,5.585785865783691,103900,0.0,0.0
2008-12-24 00:00:00-05:00,5.607908277172609,5.663212774200135,5.541542564282897,5.6410908699035645,32700,0.0,0.0
2008-12-26 00:00:00-05:00,5.657682168251051,5.663212776184082,5.491768149682548,5.663212776184082,31100,0.0,0.0
2008-12-29 00:00:00-05:00,5.6576804645852645,5.6576804645852645,5.502827181085127,5.6023759841918945,54900,0.0,0.0
2008-12-30 00:00:00-05:00,5.602376494149012,5.718516599202696,5.602376494149012,5.712985992431641,123200,0.0,0.0
2008-12-31 00:00:00-05:00,5.724049369002389,5.807006392205598,5.574726094323143,5.707457542419434,169600,0.0,0.0
2009-01-02 00:00:00-05:00,5.729577979084433,5.729577979084433,5.641090369743786,5.652151584625244,82200,0.0,0.0
2009-01-05 00:00:00-05:00,5.679804824481719,5.701926729660425,5.519420352651326,5.624499797821045,70700,0.0,0.0
2009-01-06 00:00:00-05:00,5.668742891252722,5.7848830106096445,5.624499086490824,5.718517303466797,211500,0.0,0.0
2009-01-07 00:00:00-05:00,5.6189675269363155,5.724046941011528,5.5968456283037975,5.674272537231445,63500,0.0,0.0
2009-01-08 00:00:00-05:00,5.690862884241094,5.6963934898376465,5.6244971993651935,5.6963934898376465,123800,0.0,0.0
2009-01-09 00:00:00-05:00,5.6466212364467046,5.696395650843128,5.502828600952099,5.5249505043029785,102400,0.0,0.0
2009-01-12 00:00:00-05:00,5.513888397299388,5.618967279316252,5.502827184756747,5.5470709800720215,243200,0.0,0.0
2009-01-13 00:00:00-05:00,5.558133367843869,5.679804094401136,5.513889563173545,5.652151584625244,153100,0.0,0.0
2009-01-14 00:00:00-05:00,5.569191602913564,5.773819241263318,5.441990852355957,5.441990852355957,93900,0.0,0.0
2009-01-15 00:00:00-05:00,5.4530534475463,5.663211764612443,5.270547637778175,5.541541576385498,147500,0.0,0.0
2009-01-16 00:00:00-05:00,5.53601194642215,5.674273979884674,5.37009740078156,5.530481338500977,93400,0.0,0.0
2009-01-20 00:00:00-05:00,5.475172852427862,5.475172852427862,5.270545235571929,5.276075839996338,165500,0.0,0.0
2009-01-21 00:00:00-05:00,5.375628251494383,5.5083596830305845,5.231835603616253,5.502829074859619,84400,0.0,0.0
2009-01-22 00:00:00-05:00,5.392217618220603,5.425400727939351,5.204181227145514,5.347973823547363,80100,0.0,0.0
2009-01-23 00:00:00-05:00,5.226304274105305,5.40328001915502,5.226304274105305,5.33138370513916,184100,0.0,0.0
2009-01-26 00:00:00-05:00,5.353505371719149,5.44752358379975,5.292669747768331,5.403279781341553,77000,0.0,0.0
2009-01-27 00:00:00-05:00,5.436462384533656,5.475175579934906,5.226304058561088,5.4696455001831055,42500,0.0,0.0
2009-01-28 00:00:00-05:00,5.5028281403111405,5.591315746307373,5.359035516853394,5.591315746307373,116000,0.0,0.0
2009-01-29 00:00:00-05:00,5.5415418293881435,5.596846319081433,5.430931795146101,5.43646240234375,58000,0.0,0.0
2009-01-30 00:00:00-05:00,5.475174592181359,5.475174592181359,5.265016831550212,5.325851917266846,112200,0.0,0.0
2009-02-02 00:00:00-05:00,5.28160798956396,5.635558337435434,5.28160798956396,5.5968451499938965,129900,0.0,0.0
2009-02-03 00:00:00-05:00,5.63002870127027,5.65215059975074,5.425401008469,5.563663005828857,72500,0.0,0.0
2009-02-04 00:00:00-05:00,5.53048111781619,5.641090634686957,5.4032803052717515,5.569194316864014,70200,0.0,0.0
2009-02-05 00:00:00-05:00,5.513890271927517,5.641091094848118,5.502829055624253,5.624499797821045,100700,0.0,0.0
2009-02-06 00:00:00-05:00,5.6244983806609525,5.6687421798706055,5.5802545814513,5.6687421798706055,116400,0.0,0.0
2009-02-09 00:00:00-05:00,5.657627262793568,5.696530226443125,5.540917841831769,5.685414791107178,41800,0.05,0.0
2009-02-10 00:00:00-05:00,5.6465095204281415,5.696527898977325,5.363072395324707,5.363072395324707,61000,0.0,0.0
2009-02-11 00:00:00-05:00,5.407535374135328,5.524244797390709,5.407535374135328,5.507572174072266,99700,0.0,0.0
2009-02-12 00:00:00-05:00,5.463110106316163,5.607607551796647,5.324170377203315,5.585377216339111,73400,0.0,0.0
2009-02-13 00:00:00-05:00,5.574263906699038,5.652070375441418,5.37419081137847,5.45199728012085,75200,0.0,0.0
2009-02-17 00:00:00-05:00,5.451997710400008,5.657628540433673,5.374191235517034,5.502015590667725,169000,0.0,0.0
2009-02-18 00:00:00-05:00,5.53535984242525,5.590935956250016,5.335286786679676,5.346401691436768,134400,0.0,0.0
2009-02-19 00:00:00-05:00,5.42420814478882,5.474226541228489,5.335286786679676,5.346401691436768,77400,0.0,0.0
2009-02-20 00:00:00-05:00,5.2797109502515625,5.385304936050817,5.251922891879191,5.274153232574463,218000,0.0,0.0
2009-02-23 00:00:00-05:00,5.3019415884330705,5.374190332249783,5.235250562605296,5.2797112464904785,198100,0.0,0.0
2009-02-24 00:00:00-05:00,5.351959690014476,5.351959690014476,5.20190449281155,5.274153232574463,176400,0.0,0.0
2009-02-25 00:00:00-05:00,5.279710762741161,5.318613725072953,5.05740736368362,5.185231685638428,106100,0.0,0.0
2009-02-26 00:00:00-05:00,5.229694081077835,5.413094577969056,5.207463733879302,5.2852702140808105,115600,0.0,0.0
2009-02-27 00:00:00-05:00,5.190789789898066,5.385305146064007,5.190789789898066,5.235250473022461,84900,0.0,0.0
2009-03-02 00:00:00-05:00,5.163001345732674,5.374189839843893,5.1129829484414495,5.185231685638428,56200,0.0,0.0
2009-03-03 00:00:00-05:00,5.257480535287063,5.301941216049536,5.090752717421229,5.101868152618408,111600,0.0,0.0
2009-03-04 00:00:00-05:00,5.179675034436166,5.2519237865061275,5.007389997203599,5.196348190307617,72400,0.0,0.0
2009-03-05 00:00:00-05:00,5.101869320176012,5.151887729983737,4.985159873962402,4.985159873962402,116300,0.0,0.0
2009-03-06 00:00:00-05:00,5.018502986088412,5.0907517105409115,4.840660298213346,4.929581642150879,193300,0.0,0.0
2009-03-09 00:00:00-04:00,4.8128726919025855,4.962927871217664,4.69616328466188,4.72395133972168,123500,0.0,0.0
2009-03-10 00:00:00-04:00,4.82398860668652,5.024061669032677,4.773970208596701,4.835103511810303,154300,0.0,0.0
2009-03-11 00:00:00-04:00,4.8684503780614845,5.040735421181705,4.668376740872533,4.673934459686279,75700,0.0,0.0
2009-03-12 00:00:00-04:00,4.635031535321573,5.051850910368287,4.473861398170707,4.985159873962402,119900,0.0,0.0
2009-03-13 00:00:00-04:00,4.996272841173549,5.05184894826638,4.746181419281884,4.907351493835449,44100,0.0,0.0
2009-03-16 00:00:00-04:00,4.74062544115611,4.9573717022924475,4.557224962507375,4.596128463745117,58000,0.0,0.0
2009-03-17 00:00:00-04:00,4.6072430176127455,5.001832008361816,4.523879362811991,5.001832008361816,133100,0.0,0.0
2009-03-18 00:00:00-04:00,4.985159369774532,5.096311085876038,4.74062506433803,5.018504619598389,110500,0.0,0.0
2009-03-19 00:00:00-04:00,5.0907517105409115,5.0907517105409115,4.8017573427439295,4.929581642150879,45800,0.0,0.0
2009-03-20 00:00:00-04:00,4.979600200394387,5.040733493932476,4.807314693131721,4.812872409820557,158500,0.0,0.0
2009-03-23 00:00:00-04:00,4.929582694644243,5.179674160367729,4.829545896349596,5.163001537322998,127000,0.0,0.0
2009-03-24 00:00:00-04:00,5.001832623808519,5.163002764930708,4.73506847161176,4.7628560066223145,76800,0.0,0.0
2009-03-25 00:00:00-04:00,4.807316107142469,5.018504633319329,4.7517405139463635,5.001832008361816,78900,0.0,0.0
2009-03-26 00:00:00-04:00,5.024060672682643,5.179673023647062,4.879563224637748,5.168558120727539,137500,0.0,0.0
2009-03-27 00:00:00-04:00,5.057407358101042,5.1185406602711065,4.757297504698079,4.773970127105713,64500,0.0,0.0
2009-03-30 00:00:00-04:00,4.723950452548994,5.046290558674829,4.4905316819043595,4.6906046867370605,70200,0.0,0.0
2009-03-31 00:00:00-04:00,4.746183278900506,5.00183251767088,4.690607150032197,4.89068078994751,84700,0.0,0.0
2009-04-01 00:00:00-04:00,4.818430387143491,5.224134187138834,4.773969711253948,5.151885986328125,154300,0.0,0.0
2009-04-02 00:00:00-04:00,5.257480904547887,5.446439076066494,5.174117254766459,5.2797112464904785,114900,0.0,0.0
2009-04-03 00:00:00-04:00,5.285268767934232,5.285268767934232,5.001831521196604,5.112983226776123,74700,0.0,0.0
2009-04-06 00:00:00-04:00,5.0629660029309695,5.129657041771561,4.929583925249785,4.979602336883545,103300,0.0,0.0
2009-04-07 00:00:00-04:00,4.9184670622030815,5.074079424314162,4.862890953585455,5.012946128845215,73600,0.0,0.0
2009-04-08 00:00:00-04:00,5.062964060519936,5.390861939864456,4.807314911371079,5.107424736022949,38000,0.0,0.0
2009-04-09 00:00:00-04:00,5.235249456797743,5.502013503762012,5.18523106548868,5.379746913909912,130200,0.0,0.0
2009-04-13 00:00:00-04:00,5.2963826470015745,5.50201339497398,5.2963826470015745,5.479783058166504,56700,0.0,0.0
2009-04-14 00:00:00-04:00,5.396420376375196,5.485341739238177,5.0629647356258864,5.0685224533081055,63300,0.0,0.0
2009-04-15 00:00:00-04:00,5.057407557792998,5.357517423045811,5.012946876275036,5.351959705352783,40000,0.0,0.0
2009-04-16 00:00:00-04:00,5.374187826119154,5.407533058476668,5.224132690471602,5.363072395324707,102300,0.0,0.0
2009-04-17 00:00:00-04:00,5.368631480279878,5.44643792565098,5.196346499118715,5.379746913909912,68800,0.0,0.0
2009-04-20 00:00:00-04:00,5.251921608153477,5.396419052359833,4.940696914492249,5.046290874481201,95100,0.0,0.0
2009-04-21 00:00:00-04:00,5.046292133595564,5.379747775732752,5.046292133595564,5.335287094116211,70500,0.0,0.0
2009-04-22 00:00:00-04:00,5.268595523290469,5.3297293578097,5.062964739028351,5.163001537322998,54200,0.0,0.0
2009-04-23 00:00:00-04:00,5.185233000917752,5.257481756441255,4.8295469421897215,4.89068078994751,91900,0.0,0.0
2009-04-24 00:00:00-04:00,4.951813484889599,5.174117442389839,4.87956473845301,5.085195541381836,67100,0.0,0.0
2009-04-27 00:00:00-04:00,5.012946786196676,5.124098487994282,4.862891591260067,5.007389068603516,67100,0.0,0.0
2009-04-28 00:00:00-04:00,4.946254931946898,5.140770795680589,4.912909688457922,5.129655361175537,55900,0.0,0.0
2009-04-29 00:00:00-04:00,5.140771214533996,5.335287094116211,5.057407569006266,5.335287094116211,98400,0.0,0.0
2009-04-30 00:00:00-04:00,5.396420487929137,5.396420487929137,5.179674263960229,5.190789699554443,64500,0.0,0.0
2009-05-01 00:00:00-04:00,5.201903817233074,5.229691871996572,4.912909425726656,4.96292781829834,67800,0.0,0.0
2009-05-04 00:00:00-04:00,4.996273903718974,5.240808190916298,4.901794819576347,5.235250473022461,80100,0.0,0.0
2009-05-05 00:00:00-04:00,5.185231111536361,5.2241340695608685,4.962927737091961,5.012946128845215,63200,0.0,0.0
2009-05-06 00:00:00-04:00,5.085195649259292,5.096311085876038,4.818431530615679,5.018504619598389,133300,0.0,0.0
2009-05-07 00:00:00-04:00,5.057407273810606,5.107425140199874,4.901794367222546,5.029619216918945,103100,0.0,0.0
2009-05-08 00:00:00-04:00,5.007388053296852,5.168558120727539,4.9851577174447925,5.168558120727539,82200,0.0,0.0
2009-05-11 00:00:00-04:00,5.174237957856459,5.270793488125212,5.117440937597112,5.157198905944824,49600,0.2,0.0
2009-05-12 00:00:00-04:00,5.202637453979873,5.213997184590286,5.083362990879384,5.14016056060791,33200,0.0,0.0
2009-05-13 00:00:00-04:00,5.083362579345703,5.151519332505107,5.072003391316664,5.083362579345703,75200,0.0,0.0
2009-05-14 00:00:00-04:00,5.089042367287977,5.310552217954989,5.089042367287977,5.242394924163818,90800,0.0,0.0
2009-05-15 00:00:00-04:00,5.27079297968085,5.3105514858549725,5.083361801748241,5.123120307922363,76400,0.0,0.0
2009-05-18 00:00:00-04:00,5.191277465340362,5.287832994007888,5.111760988301903,5.282153129577637,64500,0.0,0.0
2009-05-19 00:00:00-04:00,5.282153464662529,5.282153464662529,5.08336253028649,5.117441177368164,62500,0.0,0.0
2009-05-20 00:00:00-04:00,5.174237930309748,5.179917794803953,5.060643348734119,5.145839691162109,70000,0.0,0.0
2009-05-21 00:00:00-04:00,5.066323250100816,5.15719891602271,5.043604333620343,5.134479999542236,60200,0.0,0.0
2009-05-22 00:00:00-04:00,5.134481227228951,5.21399772475435,5.083363517509897,5.106082439422607,65800,0.0,0.0
2009-05-26 00:00:00-04:00,5.072003020613517,5.282153129577637,5.072003020613517,5.282153129577637,66100,0.0,0.0
2009-05-27 00:00:00-04:00,5.242396194813409,5.242396194813409,5.09472346690427,5.111762523651123,79400,0.0,0.0
2009-05-28 00:00:00-04:00,5.13448139752641,5.213997897689165,5.0606447634456755,5.179919242858887,86300,0.0,0.0
2009-05-29 00:00:00-04:00,5.17991873792368,5.225356578826904,5.060644270137269,5.225356578826904,94700,0.0,0.0
2009-06-01 00:00:00-04:00,5.270793408881991,5.338950157165527,5.196956796159405,5.338950157165527,171300,0.0,0.0
2009-06-02 00:00:00-04:00,5.321911097266024,5.321911097266024,5.17991773647986,5.282153129577637,75700,0.0,0.0
2009-06-03 00:00:00-04:00,5.225356713743434,5.310553073883056,5.123121839902412,5.310553073883057,168900,0.0,0.0
2009-06-04 00:00:00-04:00,5.321911737489769,5.463905115357677,5.2991928186973745,5.458225250244141,76600,0.0,0.0
2009-06-05 00:00:00-04:00,5.475265245456428,5.480944569322989,5.202637658375292,5.225356578826904,35500,0.0,0.0
2009-06-08 00:00:00-04:00,5.242394848692441,5.338950381567881,5.157199045172562,5.2651143074035645,103000,0.0,0.0
2009-06-09 00:00:00-04:00,5.3105538638948415,5.3673509041087275,5.1969587001433,5.236717224121094,82100,0.0,0.0
2009-06-10 00:00:00-04:00,5.293513172458828,5.293513172458828,5.03792519006095,5.128800868988037,119600,0.0,0.0
2009-06-11 00:00:00-04:00,5.14016086232523,5.196957893725861,5.054964502731583,5.066324234008789,62800,0.0,0.0
2009-06-12 00:00:00-04:00,5.066323203511857,5.168558597564697,5.054963474545235,5.168558597564697,65900,0.0,0.0
2009-06-15 00:00:00-04:00,5.083363299904413,5.134481007435252,5.037925458024067,5.100402355194092,57500,0.0,0.0
2009-06-16 00:00:00-04:00,5.128802356724299,5.162881017038204,5.026567459106445,5.026567459106445,49300,0.0,0.0
2009-06-17 00:00:00-04:00,5.043604333620343,5.1912775615742675,5.026565281675412,5.134479999542236,42600,0.0,0.0
2009-06-18 00:00:00-04:00,5.140161068245404,5.140161068245404,5.077683627041458,5.094723224639893,23300,0.0,0.0
2009-06-19 00:00:00-04:00,5.151519051487168,5.253754446480146,5.100401353990679,5.134479999542236,218500,0.0,0.0
2009-06-22 00:00:00-04:00,5.0833638356595126,5.1117626252432355,4.969769218986479,4.975449085235596,73400,0.0,0.0
2009-06-23 00:00:00-04:00,4.998167128570273,5.0379251019904014,4.895931720733643,4.895931720733643,40100,0.0,0.0
2009-06-24 00:00:00-04:00,4.969768343986569,5.032245236741308,4.884572531897219,4.895931720733643,62300,0.0,0.0
2009-06-25 00:00:00-04:00,4.8732131355906825,5.066324234008789,4.8732131355906825,5.066324234008789,113400,0.0,0.0
2009-06-26 00:00:00-04:00,5.0208870121584415,5.196958535400499,4.969769298423048,5.1628804206848145,256000,0.0,0.0
2009-06-29 00:00:00-04:00,5.145840044157452,5.145840044157452,4.969768024390734,5.0152058601379395,75400,0.0,0.0
2009-06-30 00:00:00-04:00,5.0322445679247885,5.208316575613283,4.969767683473615,5.145839691162109,133400,0.0,0.0
2009-07-01 00:00:00-04:00,5.179920629784621,5.253757283635148,5.094724782390467,5.191280364990234,70900,0.0,0.0
2009-07-02 00:00:00-04:00,5.128801706956911,5.2083182098407965,4.97544910912739,4.9868083000183105,82500,0.0,0.0
2009-07-06 00:00:00-04:00,4.992486930896781,5.100401655135248,4.941369230382135,5.037924766540527,82500,0.0,0.0
2009-07-07 00:00:00-04:00,5.066323860056026,5.066323860056026,4.93001034476185,4.941369533538818,99800,0.0,0.0
2009-07-08 00:00:00-04:00,4.986805625154414,5.111759907901695,4.952727529098882,5.00384521484375,61400,0.0,0.0
2009-07-09 00:00:00-04:00,5.020885713589554,5.162879085391695,5.020885713589554,5.037924766540527,56300,0.0,0.0
2009-07-10 00:00:00-04:00,4.998166773311878,5.123121091601649,4.998166773311878,5.083362579345703,29600,0.0,0.0
2009-07-13 00:00:00-04:00,5.089042603433632,5.259434762494792,5.0492846315953335,5.202637195587158,67300,0.0,0.0
2009-07-14 00:00:00-04:00,5.1344792952713805,5.196956171607618,5.1174402456636106,5.15151834487915,48100,0.0,0.0
2009-07-15 00:00:00-04:00,5.196956788108928,5.282153129577637,5.134479904361222,5.282153129577637,83700,0.0,0.0
2009-07-16 00:00:00-04:00,5.242396696499499,5.367351055145264,5.128802071213305,5.367351055145264,44900,0.0,0.0
2009-07-17 00:00:00-04:00,5.384390113522717,5.390069980202503,5.202638713064807,5.367351055145264,67500,0.0,0.0
2009-07-20 00:00:00-04:00,5.390067853793601,5.390067853793601,5.265114086104628,5.338950157165527,38500,0.0,0.0
2009-07-21 00:00:00-04:00,5.373029736144722,5.373029736144722,5.191278375794352,5.327591896057129,43000,0.0,0.0
2009-07-22 00:00:00-04:00,5.287834109679825,5.390068982686295,5.2253566710884165,5.37870979309082,51000,0.0,0.0
2009-07-23 00:00:00-04:00,5.333272117439558,5.532062545675105,5.3275922516340755,5.50934362411499,82700,0.0,0.0
2009-07-24 00:00:00-04:00,5.452544201935487,5.497982025146484,5.407106378724489,5.497982025146484,38800,0.0,0.0
2009-07-27 00:00:00-04:00,5.475265105645983,5.509343214622325,5.333271721033749,5.395748615264893,49400,0.0,0.0
2009-07-28 00:00:00-04:00,5.344630806886192,5.605898651191765,5.248075263882278,5.577499866485596,84300,0.0,0.0
2009-07-29 00:00:00-04:00,5.549100875854492,5.617257624970015,5.503662501449118,5.549100875854492,86200,0.0,0.0
2009-07-30 00:00:00-04:00,5.605897933810411,5.736532110076951,5.5093424031626155,5.537741184234619,127700,0.0,0.0
2009-07-31 00:00:00-04:00,5.497984394339321,5.657016844108116,5.497984394339321,5.520703315734863,73200,0.0,0.0
2009-08-03 00:00:00-04:00,5.577793975126739,5.652011836101278,5.457902788568833,5.475029945373535,51500,0.05,0.0
2009-08-04 00:00:00-04:00,5.423649474552342,5.566377092303719,5.423649474552342,5.463613033294678,34600,0.0,0.0
2009-08-05 00:00:00-04:00,5.469321683137811,5.469321683137811,5.195284947735231,5.240957736968994,101500,0.0,0.0
2009-08-06 00:00:00-04:00,5.2809219011518636,5.286631136580904,5.143903517630854,5.22953987121582,64800,0.0,0.0
2009-08-07 00:00:00-04:00,5.2695015709635005,5.3094656604028945,5.195283714424196,5.2238287925720215,82200,0.0,0.0
2009-08-10 00:00:00-04:00,5.206703724063016,5.315177024574588,5.149613000418274,5.195285797119141,56400,0.0,0.0
2009-08-11 00:00:00-04:00,5.1610302678139774,5.2637943194896515,5.063975451111976,5.218121528625488,46900,0.0,0.0
2009-08-12 00:00:00-04:00,5.235248119491058,5.4293577317760136,5.212411726543567,5.349430084228516,61200,0.0,0.0
2009-08-13 00:00:00-04:00,5.360849563770449,5.377976725594911,5.195285547566897,5.22953987121582,30700,0.0,0.0
2009-08-14 00:00:00-04:00,5.206702184755085,5.26379343598407,5.081101758728832,5.155320167541504,88700,0.0,0.0
2009-08-17 00:00:00-04:00,5.081102224382345,5.178157033688615,5.081102224382345,5.149611949920654,33000,0.0,0.0
2009-08-18 00:00:00-04:00,5.189575027171399,5.189575027171399,5.086810992744235,5.155320167541504,68800,0.0,0.0
2009-08-19 00:00:00-04:00,5.109647940242938,5.286630402737423,5.109647940242938,5.258084774017334,36200,0.0,0.0
2009-08-20 00:00:00-04:00,5.269502209718266,5.326593461859295,5.218120736146378,5.3208842277526855,23100,0.0,0.0
2009-08-21 00:00:00-04:00,5.38368449274536,5.537829996051121,5.258084069874456,5.520702838897705,109300,0.0,0.0
2009-08-24 00:00:00-04:00,5.526412267298604,5.5549573487382435,5.406521074079522,5.4350666999816895,21000,0.0,0.0
2009-08-25 00:00:00-04:00,5.457903950345711,5.457903950345711,5.286630712453748,5.395103454589844,23500,0.0,0.0
2009-08-26 00:00:00-04:00,5.3722660471954,5.412229595539305,5.315175341627323,5.400811672210693,31200,0.0,0.0
2009-08-27 00:00:00-04:00,5.360846177596896,5.423646094260852,5.246663718989974,5.412227630615234,29300,0.0,0.0
2009-08-28 00:00:00-04:00,5.4407768469539395,5.45790455376057,5.195285705148316,5.263794898986816,58800,0.0,0.0
2009-08-31 00:00:00-04:00,5.206701636790833,5.298047193573791,5.1667380918139045,5.2238287925720215,84500,0.0,0.0
2009-09-01 00:00:00-04:00,5.189575101574319,5.252375043256547,5.058265439650077,5.086811065673828,78300,0.0,0.0
2009-09-02 00:00:00-04:00,5.086811308873317,5.098229777613745,5.035429288466507,5.052556991577148,40500,0.0,0.0
2009-09-03 00:00:00-04:00,5.0582643748096645,5.109646381943229,5.052555686376704,5.103937149047852,24000,0.0,0.0
2009-09-04 00:00:00-04:00,5.081101877924892,5.2238294648830355,5.052556796103292,5.138193130493164,48400,0.0,0.0
2009-09-08 00:00:00-04:00,5.132485357007986,5.200994552909558,5.0811033239661345,5.189576625823975,41900,0.0,0.0
2009-09-09 00:00:00-04:00,5.172447624153676,5.246665484982167,5.121065609378185,5.183865547180176,38800,0.0,0.0
2009-09-10 00:00:00-04:00,5.178157428272384,5.218121528625488,5.081102611570384,5.218121528625488,32300,0.0,0.0
2009-09-11 00:00:00-04:00,5.206700732607658,5.269500655874642,5.0925188064575195,5.0925188064575195,22800,0.0,0.0
2009-09-14 00:00:00-04:00,5.103938905702204,5.189575795219795,5.098230215304447,5.172448635101318,31200,0.0,0.0
2009-09-15 00:00:00-04:00,5.149611375833411,5.178156456419118,5.029720186200898,5.046847343444824,77100,0.0,0.0
2009-09-16 00:00:00-04:00,5.058264313828898,5.1381919400133516,5.052555625464759,5.109646320343018,147100,0.0,0.0
2009-09-17 00:00:00-04:00,5.109646320343018,5.115355553169566,5.081100700672684,5.109646320343018,31200,0.0,0.0
2009-09-18 00:00:00-04:00,5.109646853809765,5.121065320654994,5.058264841931166,5.098228931427002,123700,0.0,0.0
2009-09-21 00:00:00-04:00,5.052555389989611,5.109646082207148,5.052555389989611,5.0811004638671875,35800,0.0,0.0
2009-09-22 00:00:00-04:00,5.098229718693163,5.1324840355934525,5.052556933184409,5.063974857330322,40900,0.0,0.0
2009-09-23 00:00:00-04:00,5.058266183213605,5.081102578497043,4.995466232299805,4.995466232299805,206100,0.0,0.0
2009-09-24 00:00:00-04:00,5.01830239898678,5.0297208683396635,4.921247587337612,4.966920375823975,58100,0.0,0.0
2009-09-25 00:00:00-04:00,4.944082736968994,5.092519534413836,4.824191561257768,4.944082736968994,127200,0.0,0.0
2009-09-28 00:00:00-04:00,4.95549989849166,5.063972579159826,4.949790666755887,4.9897541999816895,71200,0.0,0.0
2009-09-29 00:00:00-04:00,4.966918208622466,5.035427361459604,4.801354286483795,4.812772750854492,72600,0.0,0.0
2009-09-30 00:00:00-04:00,4.864155533927864,4.904119076728173,4.761391515912859,4.8356099128723145,141900,0.0,0.0
2009-10-01 00:00:00-04:00,4.8241924791412725,4.904120126310481,4.738556142109125,4.772810459136963,104700,0.0,0.0
2009-10-02 00:00:00-04:00,4.727137026526647,4.852737442185651,4.72142833744497,4.732846260070801,64200,0.0,0.0
2009-10-05 00:00:00-04:00,4.732846483941797,4.847028437913477,4.710010093147461,4.824192047119141,70300,0.0,0.0
2009-10-06 00:00:00-04:00,5.001172389903031,5.001172389903031,4.73855373350733,4.841317176818848,38400,0.0,0.0
2009-10-07 00:00:00-04:00,4.841319825699089,4.886993157614479,4.692883538708724,4.749974250793457,41700,0.0,0.0
2009-10-08 00:00:00-04:00,4.767101769274025,4.858447340631662,4.7157197492697165,4.772810459136963,123600,0.0,0.0
2009-10-09 00:00:00-04:00,4.784227317622507,4.864154937891512,4.778518085218499,4.852736473083496,52300,0.0,0.0
2009-10-12 00:00:00-04:00,4.8241924791412725,4.869865264820091,4.772810459136963,4.772810459136963,18500,0.0,0.0
2009-10-13 00:00:00-04:00,4.784228618706718,4.864156260712266,4.687173819293737,4.807065010070801,50900,0.0,0.0
2009-10-14 00:00:00-04:00,4.852737671727687,4.886992530150443,4.710010093147461,4.824192047119141,62100,0.0,0.0
2009-10-15 00:00:00-04:00,4.807064835159184,4.81848275819451,4.664337258211376,4.767101287841797,54600,0.0,0.0
2009-10-16 00:00:00-04:00,4.749973548304195,4.76139201570997,4.658627986907959,4.658627986907959,66700,0.0,0.0
2009-10-19 00:00:00-04:00,4.670047346671256,4.675756037002474,4.5844104581518295,4.664338111877441,68700,0.0,0.0
2009-10-20 00:00:00-04:00,4.6243740000052975,4.824192293547174,4.6243740000052975,4.795646667480469,77000,0.0,0.0
2009-10-21 00:00:00-04:00,4.767101422117842,4.824192127827555,4.670046623502568,4.692883014678955,58300,0.0,0.0
2009-10-22 00:00:00-04:00,4.698592046293245,4.789938162113435,4.652919260614427,4.772810459136963,47100,0.0,0.0
2009-10-23 00:00:00-04:00,4.772811470040316,4.85273913413857,4.635793083982738,4.652920246124268,50400,0.0,0.0
2009-10-26 00:00:00-04:00,4.670046461194872,4.8413191168339305,4.595828056335449,4.595828056335449,80600,0.0,0.0
2009-10-27 00:00:00-04:00,4.595828230000216,4.687173794982765,4.5672826048275414,4.635791778564453,382400,0.0,0.0
2009-10-28 00:00:00-04:00,4.64150231951747,4.864157605208036,4.630083848448005,4.652920246124268,126600,0.0,0.0
2009-10-29 00:00:00-04:00,4.710010234865241,4.78422864329559,4.681464609397796,4.687173843383789,135400,0.0,0.0
2009-10-30 00:00:00-04:00,4.652918760060971,4.6757551504436785,4.572991665952742,4.595828056335449,434000,0.0,0.0
2009-11-02 00:00:00-05:00,4.635793083982738,4.6928843504047295,4.567283890953949,4.652920246124268,92900,0.0,0.0
2009-11-03 00:00:00-05:00,4.630081997224854,4.76710087296151,4.5787005313438645,4.761391639709473,507300,0.0,0.0
2009-11-04 00:00:00-05:00,4.772810175323603,4.772810175323603,4.641501060420885,4.687173843383789,103400,0.0,0.0
2009-11-05 00:00:00-05:00,4.710010186228402,4.7671014365737525,4.624373855172892,4.635791778564453,193900,0.0,0.0
2009-11-06 00:00:00-05:00,4.723590622508882,4.747003689653217,4.665057954648048,4.676764488220215,90200,0.2,0.0
2009-11-09 00:00:00-05:00,4.729445576519503,4.799684800937706,4.711885909967887,4.764565467834473,83200,0.0,0.0
2009-11-10 00:00:00-05:00,4.747004412988439,4.787977705393082,4.723591342276487,4.735298156738281,62900,0.0,0.0
2009-11-11 00:00:00-05:00,4.776269087545599,4.78797589758723,4.682616840058262,4.75870943069458,41200,0.0,0.0
2009-11-12 00:00:00-05:00,4.7470044230529425,4.75285783029625,4.624085941107495,4.682618618011475,108900,0.0,0.0
2009-11-13 00:00:00-05:00,4.706030585844471,4.817242506344947,4.659204455295691,4.793829441070557,171200,0.0,0.0
2009-11-16 00:00:00-05:00,4.811391081707732,4.957722922504826,4.782124601905978,4.9108967781066895,67400,0.0,0.0
2009-11-17 00:00:00-05:00,4.905042760333798,4.951868898906925,4.881629691047233,4.928455829620361,49800,0.0,0.0
2009-11-18 00:00:00-05:00,4.916748675767341,4.928455488706635,4.834803218038543,4.858216285705566,40500,0.0,0.0
2009-11-19 00:00:00-05:00,4.8348030896357965,4.869922411097849,4.700177535467128,4.770416736602783,70100,0.0,0.0
2009-11-20 00:00:00-05:00,4.735298576219258,4.928456566256857,4.735298576219258,4.8816304206848145,64000,0.0,0.0
2009-11-23 00:00:00-05:00,4.887481186695475,4.957720367088469,4.875774377524284,4.916747093200684,70900,0.0,0.0
2009-11-24 00:00:00-05:00,4.905043370504004,4.946016107299456,4.793830858899676,4.9108967781066895,43100,0.0,0.0
2009-11-25 00:00:00-05:00,4.928455237954072,4.9460148982580385,4.881629105002471,4.9050421714782715,54000,0.0,0.0
2009-11-27 00:00:00-05:00,4.776269812121255,4.905041951057209,4.711884021759033,4.711884021759033,37300,0.0,0.0
2009-11-30 00:00:00-05:00,4.700176863287666,4.852362056423125,4.700176863287666,4.84065580368042,108000,0.0,0.0
2009-12-01 00:00:00-05:00,4.887482626676723,4.910895693705829,4.811390019279245,4.8757758140563965,48500,0.0,0.0
2009-12-02 00:00:00-05:00,4.887483336256549,4.922602662793164,4.840657195399976,4.869923114776611,62400,0.0,0.0
2009-12-03 00:00:00-05:00,4.899190129476162,4.92845661027299,4.776271356698838,4.787978172302246,288400,0.0,0.0
2009-12-04 00:00:00-05:00,4.846510684784593,4.9167499053511285,4.76456520656282,4.811391353607178,63100,0.0,0.0
2009-12-07 00:00:00-05:00,4.799684800937706,4.852364358804292,4.735298984773954,4.764565467834473,48400,0.0,0.0
2009-12-08 00:00:00-05:00,4.7294442530484115,4.834803339298265,4.711884591410628,4.776270389556885,75500,0.0,0.0
2009-12-09 00:00:00-05:00,4.793831129806765,4.834804427129356,4.741152133040642,4.811391353607178,31200,0.0,0.0
2009-12-10 00:00:00-05:00,4.828950046421843,4.852363115227545,4.77041709530179,4.799683570861816,75000,0.0,0.0
2009-12-11 00:00:00-05:00,4.828949718524805,4.846509379383841,4.717737788802165,4.741150856018066,118500,0.0,0.0
2009-12-14 00:00:00-05:00,4.7821224925664145,4.7938287443966185,4.7352963688227465,4.75870943069458,66500,0.0,0.0
2009-12-15 00:00:00-05:00,4.76456572223711,4.76456572223711,4.706032752990723,4.706032752990723,71900,0.0,0.0
2009-12-16 00:00:00-05:00,4.747003473424734,4.764563691641772,4.670911148224583,4.694324493408203,89000,0.0,0.0
2009-12-17 00:00:00-05:00,4.682619110428013,4.7352986647342,4.61823301950999,4.629939556121826,74800,0.0,0.0
2009-12-18 00:00:00-05:00,4.682618387173664,4.764564409905383,4.594819236592997,4.688471794128418,397400,0.0,0.0
2009-12-21 00:00:00-05:00,4.659205631051196,4.758711323130599,4.583113010154498,4.59481954574585,150400,0.0,0.0
2009-12-22 00:00:00-05:00,4.594818415534916,4.741150493091502,4.5714053501112435,4.711884021759033,170100,0.0,0.0
2009-12-23 00:00:00-05:00,4.735296589400233,4.752856247069208,4.688470463475331,4.70017671585083,67200,0.0,0.0
2009-12-24 00:00:00-05:00,4.711884021759033,4.799682877544927,4.694324362244157,4.711884021759033,39200,0.0,0.0
2009-12-28 00:00:00-05:00,4.741150821454922,4.811390022590578,4.682617874736101,4.770416736602783,32900,0.0,0.0
2009-12-29 00:00:00-05:00,4.793831021892258,4.799684429693962,4.7411520263119975,4.787978172302246,30500,0.0,0.0
2009-12-30 00:00:00-05:00,4.758711555996251,4.823097365346467,4.729445076032815,4.805537700653076,45800,0.0,0.0
2009-12-31 00:00:00-05:00,4.787978616802843,4.887484325822835,4.764565541634124,4.828951358795166,72200,0.0,0.0
2010-01-04 00:00:00-05:00,4.869923483099566,4.928456442703073,4.782124601905978,4.9108967781066895,61500,0.0,0.0
2010-01-05 00:00:00-05:00,4.916748778428044,4.916748778428044,4.799683437648628,4.8172430992126465,90700,0.0,0.0
2010-01-06 00:00:00-05:00,4.817241432082166,4.858214705833786,4.700176131816213,4.729442596435547,63900,0.0,0.0
2010-01-07 00:00:00-05:00,4.711885411339424,4.828950772981489,4.694325746646034,4.805537700653076,49800,0.0,0.0
2010-01-08 00:00:00-05:00,4.80553697761614,4.8230966396675194,4.77041709530179,4.799683570861816,21100,0.0,0.0
2010-01-11 00:00:00-05:00,4.840656745914719,4.846509594319594,4.758710727919102,4.776270389556885,25700,0.0,0.0
2010-01-12 00:00:00-05:00,4.764564246759058,4.817243232913195,4.75285743325041,4.799683570861816,46400,0.0,0.0
2010-01-13 00:00:00-05:00,4.823096526065357,4.887482882423193,4.758710727919102,4.776270389556885,63500,0.0,0.0
2010-01-14 00:00:00-05:00,4.776271464218057,4.840657835062827,4.776271464218057,4.811391353607178,53200,0.0,0.0
2010-01-15 00:00:00-05:00,4.846508977490812,4.852362383362286,4.776269781667641,4.793829441070557,87900,0.0,0.0
2010-01-19 00:00:00-05:00,4.793830858899676,4.9108967781066895,4.793830858899676,4.9108967781066895,78700,0.0,0.0
2010-01-20 00:00:00-05:00,4.864070525125352,4.928456332682552,4.776271087680084,4.887483596801758,69100,0.0,0.0
2010-01-21 00:00:00-05:00,4.910895950677428,4.910895950677428,4.764564134535556,4.776270389556885,55100,0.0,0.0
2010-01-22 00:00:00-05:00,4.787977202789792,4.858216407552502,4.752857321302648,4.776270389556885,50400,0.0,0.0
2010-01-25 00:00:00-05:00,4.81724287069322,4.8348030896357965,4.747003669557564,4.770416736602783,31900,0.0,0.0
2010-01-26 00:00:00-05:00,4.752857046250831,4.770416706872422,4.629938305476605,4.6709113121032715,61200,0.0,0.0
2010-01-27 00:00:00-05:00,4.647499413718756,4.893336677971981,4.647499413718756,4.8816304206848145,51300,0.0,0.0
2010-01-28 00:00:00-05:00,4.875776227856322,4.875776227856322,4.71188474474336,4.717738151550293,100100,0.0,0.0
2010-01-29 00:00:00-05:00,4.717737998027083,4.776270389556885,4.676764709923485,4.776270389556885,69000,0.0,0.0
2010-02-01 00:00:00-05:00,4.782122121108071,4.782122121108071,4.676763071763022,4.729442596435547,133900,0.0,0.0
2010-02-02 00:00:00-05:00,4.717738493257227,4.764564634681131,4.676765200852583,4.735298156738281,121100,0.0,0.0
2010-02-03 00:00:00-05:00,4.729444043304339,4.782123584093004,4.723590636947475,4.741150856018066,81800,0.0,0.0
2010-02-04 00:00:00-05:00,4.752857110520239,4.770416771379276,4.717737788802165,4.741150856018066,113200,0.0,0.0
2010-02-05 00:00:00-05:00,4.741152133040642,4.811391353607178,4.72359190924023,4.811391353607178,127800,0.0,0.0
2010-02-08 00:00:00-05:00,4.823169677095935,4.87617163425545,4.770168281564415,4.781946182250977,72100,0.05,0.0
2010-02-09 00:00:00-05:00,4.823168095778294,4.91150484929151,4.811390198953218,4.899726390838623,77900,0.0,0.0
2010-02-10 00:00:00-05:00,4.864392404692107,4.8997266587270145,4.723054265296791,4.840836048126221,84100,0.0,0.0
2010-02-11 00:00:00-05:00,4.834946921445621,4.917394451994287,4.834946921445621,4.911505222320557,87100,0.0,0.0
2010-02-12 00:00:00-05:00,4.864393526255409,4.893839119158876,4.811391571354761,4.858504295349121,44300,0.0,0.0
2010-02-16 00:00:00-05:00,4.899726577129234,4.917394265480301,4.864392323682766,4.90561580657959,40200,0.0,0.0
2010-02-17 00:00:00-05:00,4.9291739701645545,4.9291739701645545,4.876172008932456,4.917396068572998,84600,0.0,0.0
2010-02-18 00:00:00-05:00,4.9173925270388334,4.940948874884567,4.864390603979023,4.923281192779541,64900,0.0,0.0
2010-02-19 00:00:00-05:00,4.923283120040164,4.952728706780963,4.823168462098159,4.911505222320557,59600,0.0,0.0
2010-02-22 00:00:00-05:00,4.91150484929151,4.964506789073877,4.882059264787104,4.899726390838623,105700,0.0,0.0
2010-02-23 00:00:00-05:00,4.870280725182252,4.917393429520241,4.846723811385521,4.882058620452881,54200,0.0,0.0
2010-02-24 00:00:00-05:00,4.905616596272563,4.923283725839804,4.811391156410048,4.887949466705322,30600,0.0,0.0
2010-02-25 00:00:00-05:00,4.834947169166314,4.887949115689761,4.728943276119422,4.8643927574157715,43000,0.0,0.0
2010-02-26 00:00:00-05:00,4.882058620452881,4.946838448510681,4.82905668766571,4.882058620452881,68800,0.0,0.0
2010-03-01 00:00:00-05:00,4.911505222320557,4.929172349713895,4.858503278512689,4.911505222320557,186800,0.0,0.0
2010-03-02 00:00:00-05:00,4.92917179510356,4.976284503936768,4.8643919608648485,4.976284503936768,87200,0.0,0.0
2010-03-03 00:00:00-05:00,4.9998394636850865,4.9998394636850865,4.887946951824757,4.923281192779541,60300,0.0,0.0
2010-03-04 00:00:00-05:00,4.929172039031982,4.929172039031982,4.8585029722849935,4.929172039031982,63800,0.0,0.0
2010-03-05 00:00:00-05:00,4.940950132598101,5.0057299652566,4.905615321021245,4.99984073638916,62000,0.0,0.0
2010-03-08 00:00:00-05:00,5.005728980924397,5.046952451634686,4.923281477876153,5.0410637855529785,120300,0.0,0.0
2010-03-09 00:00:00-05:00,4.999840626899217,5.105844497680664,4.993951398160744,5.105844497680664,116400,0.0,0.0
2010-03-10 00:00:00-05:00,5.094064712524414,5.141177406897562,4.99983932377812,5.094064712524414,101500,0.0,0.0
2010-03-11 00:00:00-05:00,5.0646226568149615,5.164737331218203,5.0646226568149615,5.152958869934082,144800,0.0,0.0
2010-03-12 00:00:00-05:00,5.158846836201644,5.182403191368546,5.105844896669165,5.170624732971191,62600,0.0,0.0
2010-03-15 00:00:00-04:00,5.170624732971191,5.182403191368546,5.123512022637389,5.170624732971191,101400,0.0,0.0
2010-03-16 00:00:00-04:00,5.170623865052208,5.229515023898144,5.152956742049512,5.188291549682617,20800,0.0,0.0
2010-03-17 00:00:00-04:00,5.205957661189803,5.264848246965835,5.16473419498382,5.25307035446167,85100,0.0,0.0
2010-03-18 00:00:00-04:00,5.147068667407201,5.282518138458885,5.147068667407201,5.247183322906494,28800,0.0,0.0
2010-03-19 00:00:00-04:00,5.294295155462726,5.359075546264648,5.258960907414175,5.359075546264648,218000,0.0,0.0
2010-03-22 00:00:00-04:00,5.31196148259673,5.47685590845013,5.288404574418641,5.40029764175415,80500,0.0,0.0
2010-03-23 00:00:00-04:00,5.370854663983983,5.476858555508443,5.317852718221753,5.447412967681885,58900,0.0,0.0
2010-03-24 00:00:00-04:00,5.388521923410415,5.447413100499402,5.3178528478803635,5.341409206390381,42700,0.0,0.0
2010-03-25 00:00:00-04:00,5.3590755998494295,5.412076972452211,5.223626149968315,5.3060736656188965,70200,0.0,0.0
2010-03-26 00:00:00-04:00,5.323739051818848,5.359073850312969,5.282515588265348,5.323739051818848,35400,0.0,0.0
2010-03-29 00:00:00-04:00,5.3237414796525995,5.364964962005615,5.2942958944170915,5.364964962005615,46200,0.0,0.0
2010-03-30 00:00:00-04:00,5.388519112821367,5.388519112821367,5.34729564733749,5.370851993560791,40400,0.0,0.0
2010-03-31 00:00:00-04:00,5.359074633354797,5.476856376165612,5.34729617825989,5.412075996398926,100800,0.0,0.0
2010-04-01 00:00:00-04:00,5.447412182059309,5.470968536597697,5.394410243940988,5.465079307556152,58100,0.0,0.0
2010-04-05 00:00:00-04:00,5.500413299245931,5.529858878431138,5.453300597200683,5.523969650268555,26400,0.0,0.0
2010-04-06 00:00:00-04:00,5.482748127592878,5.565195104699537,5.465080436817529,5.553417205810547,38300,0.0,0.0
2010-04-07 00:00:00-04:00,5.529859534228526,5.641752074448629,5.529859534228526,5.624084949493408,92500,0.0,0.0
2010-04-08 00:00:00-04:00,5.588750193979982,5.612306548032345,5.55341594371533,5.571083068847656,16100,0.0,0.0
2010-04-09 00:00:00-04:00,5.553414617805106,5.624083663089545,5.52396904186301,5.559303283691406,35100,0.0,0.0
2010-04-12 00:00:00-04:00,5.559302840563028,5.594637641202557,5.388519187665106,5.40029764175415,31700,0.0,0.0
2010-04-13 00:00:00-04:00,5.4061891932282755,5.476858263264402,5.400299963651637,5.453301906585693,27500,0.0,0.0
2010-04-14 00:00:00-04:00,5.488635077619022,5.665307998657227,5.459190058802433,5.665307998657227,54300,0.0,0.0
2010-04-15 00:00:00-04:00,5.64175188136904,5.71242094039917,5.64175188136904,5.71242094039917,25900,0.0,0.0
2010-04-16 00:00:00-04:00,5.712420002674975,5.7418655795108196,5.541636330980273,5.700642108917236,87200,0.0,0.0
2010-04-19 00:00:00-04:00,5.665308428264849,5.765423072390729,5.606417824538187,5.624084949493408,23700,0.0,0.0
2010-04-20 00:00:00-04:00,5.665307995806225,5.8596480403621305,5.624084520181559,5.853758811950684,48100,0.0,0.0
2010-04-21 00:00:00-04:00,5.84198230388228,5.84198230388228,5.735978413817475,5.812536716461182,17700,0.0,0.0
2010-04-22 00:00:00-04:00,5.747754896068884,5.918538570404053,5.64764027025575,5.918538570404053,39700,0.0,0.0
2010-04-23 00:00:00-04:00,5.9185390983341435,5.9597625732421875,5.8302023585812615,5.9597625732421875,60600,0.0,0.0
2010-04-26 00:00:00-04:00,5.936207957011522,6.006877032496434,5.936207957011522,5.942097187042236,66700,0.0,0.0
2010-04-27 00:00:00-04:00,5.971539649717937,6.106988499755269,5.771310426508323,5.894981384277344,74300,0.0,0.0
2010-04-28 00:00:00-04:00,5.947984858160383,5.977429877340909,5.506302830919594,5.600528240203857,63300,0.0,0.0
2010-04-29 00:00:00-04:00,5.56519310426319,5.594638683343169,5.400298647694097,5.441522121429443,136600,0.0,0.0
2010-04-30 00:00:00-04:00,5.447411728013773,5.447411728013773,5.3001843840134,5.359075546264648,269200,0.0,0.0
2010-05-03 00:00:00-04:00,5.3767428510542725,5.470968264521916,5.27073898008929,5.459190368652344,82400,0.0,0.0
2010-05-04 00:00:00-04:00,5.388518860492573,5.423853658986694,5.306071933385572,5.323739051818848,58700,0.0,0.0
2010-05-05 00:00:00-04:00,5.300183636983444,5.347296335493084,5.129399964479085,5.135289192199707,74200,0.0,0.0
2010-05-06 00:00:00-04:00,5.123511859447487,5.217737277113901,4.7819444395928405,4.976284503936768,163500,0.0,0.0
2010-05-07 00:00:00-04:00,4.982175336241308,5.170626232218748,4.858504295349121,4.858504295349121,151600,0.0,0.0
2010-05-10 00:00:00-04:00,5.099920530388199,5.154239303912641,5.009389624901768,5.105956077575684,130100,0.2,0.0
2010-05-11 00:00:00-04:00,5.03956663992742,5.371513667525997,5.03956663992742,5.347372055053711,80200,0.0,0.0
2010-05-12 00:00:00-04:00,5.413760292238117,5.522397227887844,5.208556360171244,5.456007957458496,78000,0.0,0.0
2010-05-13 00:00:00-04:00,5.425828354264077,5.462041033497942,5.160270817012764,5.202518463134766,388600,0.0,0.0
2010-05-14 00:00:00-04:00,5.154239615919358,5.2508060744388265,5.136133548842331,5.244770526885986,76400,0.0,0.0
2010-05-17 00:00:00-04:00,5.226661794185327,5.280980543295069,5.1783785895502685,5.268909454345703,51300,0.0,0.0
2010-05-18 00:00:00-04:00,5.293051624527717,5.329263740160617,5.1542369797184,5.178378582000732,33200,0.0,0.0
2010-05-19 00:00:00-04:00,5.335299016143564,5.335299016143564,5.1300951192794,5.172342777252197,64900,0.0,0.0
2010-05-20 00:00:00-04:00,5.081813358794691,5.081813358794691,4.834361733758636,4.858503341674805,76500,0.0,0.0
2010-05-21 00:00:00-04:00,4.834360534709659,5.003351748208554,4.834360534709659,4.942997455596924,118300,0.0,0.0
2010-05-24 00:00:00-04:00,4.9248928816349125,4.9611055832269475,4.828326444831305,4.86453914642334,84300,0.0,0.0
2010-05-25 00:00:00-04:00,4.828325930298032,4.888680234659279,4.780042717041556,4.8524675369262695,73500,0.0,0.0
2010-05-26 00:00:00-04:00,4.888679944006127,5.087848330742995,4.864538338813212,5.009387969970703,127900,0.0,0.0
2010-05-27 00:00:00-04:00,5.081814720422495,5.22062885923916,5.039567039144638,5.214593887329102,84800,0.0,0.0
2010-05-28 00:00:00-04:00,5.184413531974855,5.25080278674318,5.075776046371112,5.136130332946777,109500,0.0,0.0
2010-06-01 00:00:00-04:00,5.087847860540032,5.14216661109944,4.846431255340576,4.846431255340576,108700,0.0,0.0
2010-06-02 00:00:00-04:00,4.864538475423376,5.057671322390421,4.858502930060334,5.021458625793457,70800,0.0,0.0
2010-06-03 00:00:00-04:00,5.0093881106486595,5.09991898876914,4.967139868688654,5.021458625793457,64300,0.0,0.0
2010-06-04 00:00:00-04:00,4.90074913989039,5.039563764076909,4.792111945759421,4.798147201538086,95800,0.0,0.0
2010-06-07 00:00:00-04:00,4.804183999816941,4.979210779968335,4.804183999816941,4.90678596496582,84900,0.0,0.0
2010-06-08 00:00:00-04:00,4.936962896810547,4.955068955865249,4.8826441440652,4.912821292877197,78500,0.0,0.0
2010-06-09 00:00:00-04:00,4.967140197753906,5.02749450422013,4.918856982813458,4.967140197753906,64500,0.0,0.0
2010-06-10 00:00:00-04:00,5.033528066578008,5.051634121150859,4.961103272705509,5.027492523193359,56000,0.0,0.0
2010-06-11 00:00:00-04:00,4.967139213221905,5.033529052291948,4.906785494299661,4.997316360473633,39300,0.0,0.0
2010-06-14 00:00:00-04:00,5.057670806641672,5.118024527373746,4.942997758762645,4.961104393005371,43300,0.0,0.0
2010-06-15 00:00:00-04:00,4.9973185738091646,5.093885027319454,4.9067876675386355,5.075778961181641,41100,0.0,0.0
2010-06-16 00:00:00-04:00,5.021459282087145,5.063707529568903,4.991282702490496,5.045600891113281,18100,0.0,0.0
2010-06-17 00:00:00-04:00,5.063704683686113,5.099916789082855,4.979208811791985,5.087846279144287,35200,0.0,0.0
2010-06-18 00:00:00-04:00,5.099918876491183,5.099918876491183,5.021458515242855,5.069741725921631,107200,0.0,0.0
2010-06-21 00:00:00-04:00,5.130096182741377,5.130096182741377,5.021458667626723,5.033529758453369,41100,0.0,0.0
2010-06-22 00:00:00-04:00,5.063706307224324,5.0697412763380365,4.936962746536812,4.949033260345459,32900,0.0,0.0
2010-06-23 00:00:00-04:00,4.9550686996699405,5.02749350772536,4.894714405166487,4.997316360473633,45500,0.0,0.0
2010-06-24 00:00:00-04:00,4.985246658325195,5.0757775392340605,4.930927899547355,4.985246658325195,61800,0.0,0.0
2010-06-25 00:00:00-04:00,5.021458951094318,5.136132018095732,4.979211281978704,5.099919319152832,344900,0.0,0.0
2010-06-28 00:00:00-04:00,5.063708128759041,5.124061870675376,4.99128329311058,5.039566516876221,24800,0.0,0.0
2010-06-29 00:00:00-04:00,4.991283378025621,5.057672667937478,4.894716353270049,4.979212284088135,69700,0.0,0.0
2010-06-30 00:00:00-04:00,5.009386468620509,5.148200512980858,4.973173783893711,5.027492523193359,73300,0.0,0.0
2010-07-01 00:00:00-04:00,5.009388000363797,5.099918876491183,4.924892093885304,5.069741725921631,55200,0.0,0.0
2010-07-02 00:00:00-04:00,5.118026410880592,5.118026410880592,4.930929059501068,4.979212284088135,33100,0.0,0.0
2010-07-06 00:00:00-04:00,5.045600565927466,5.1119904181565765,4.930928074339232,4.967140197753906,51600,0.0,0.0
2010-07-07 00:00:00-04:00,4.997318264395213,5.0456014881608535,4.9792121993784555,5.039566516876221,45700,0.0,0.0
2010-07-08 00:00:00-04:00,5.069741837535218,5.087848473624343,4.961104898906898,5.021458625793457,73900,0.0,0.0
2010-07-09 00:00:00-04:00,4.997318264395213,5.057672581892978,4.967141105646331,5.039566516876221,63300,0.0,0.0
2010-07-12 00:00:00-04:00,5.045600891113281,5.178380028547709,5.039565920542768,5.045600891113281,56900,0.0,0.0
2010-07-13 00:00:00-04:00,5.124060032020167,5.335299491882324,5.099918428800025,5.335299491882324,86900,0.0,0.0
2010-07-14 00:00:00-04:00,5.299087648816234,5.299087648816234,5.087848730669277,5.160273551940918,35700,0.0,0.0
2010-07-15 00:00:00-04:00,5.154235236600791,5.154235236600791,5.051633317704653,5.111987590789795,48200,0.0,0.0
2010-07-16 00:00:00-04:00,5.063705351653374,5.093881918270987,4.979209468613162,4.991280555725098,97000,0.0,0.0
2010-07-19 00:00:00-04:00,4.997316652926077,5.0274938019438284,4.949033444730173,4.973175048828125,44100,0.0,0.0
2010-07-20 00:00:00-04:00,4.936961163635439,5.093881246323052,4.906784025417462,5.087846279144287,46800,0.0,0.0
2010-07-21 00:00:00-04:00,5.105953613471283,5.160272360781804,4.846430965468206,4.870572566986084,63700,0.0,0.0
2010-07-22 00:00:00-04:00,4.9490344550087375,5.08784913859504,4.828326409878058,5.045600891113281,113600,0.0,0.0
2010-07-23 00:00:00-04:00,5.039565332123697,5.17837942392072,5.0335297866765325,5.093883514404297,142500,0.0,0.0
2010-07-26 00:00:00-04:00,5.093883773398795,5.214592386154246,5.021458951094318,5.099919319152832,79600,0.0,0.0
2010-07-27 00:00:00-04:00,5.111991352524681,5.136132964407501,5.027495423144096,5.039566516876221,61800,0.0,0.0
2010-07-28 00:00:00-04:00,5.051635261894096,5.075776865303172,4.961104393005371,4.961104393005371,49200,0.0,0.0
2010-07-29 00:00:00-04:00,5.015421987725714,5.027492498855482,4.888678455167126,4.936961650848389,81200,0.0,0.0
2010-07-30 00:00:00-04:00,4.888678855812372,5.003351311057926,4.888678855812372,4.955068111419678,648500,0.0,0.0
2010-08-02 00:00:00-04:00,5.040187687614857,5.040187687614857,4.900351636194964,4.9611496925354,76100,0.06,0.0
2010-08-03 00:00:00-04:00,4.9368294243024495,4.997628049011694,4.882110778027861,4.918590068817139,59300,0.0,0.0
2010-08-04 00:00:00-04:00,4.93075054084504,4.991549179055905,4.894271821773549,4.936830520629883,72600,0.0,0.0
2010-08-05 00:00:00-04:00,4.888189980746756,4.942908618337945,4.869950628155882,4.92466926574707,60800,0.0,0.0
2010-08-06 00:00:00-04:00,4.87603235244751,4.924671029993525,4.760515058411647,4.87603235244751,52100,0.0,0.0
2010-08-09 00:00:00-04:00,4.912510241507418,4.979388266890049,4.83955223750309,4.967228889465332,201400,0.0,0.0
2010-08-10 00:00:00-04:00,4.912510395050049,4.967229044718217,4.863871724193608,4.912510395050049,59200,0.0,0.0
2010-08-11 00:00:00-04:00,4.857791113686221,4.869951069728425,4.711875120091469,4.724034786224365,131900,0.0,0.0
2010-08-12 00:00:00-04:00,4.699715617711726,4.766593928727562,4.651076951485415,4.663236618041992,68000,0.0,0.0
2010-08-13 00:00:00-04:00,4.657158563104631,4.772675588052559,4.614599857535537,4.6267595291137695,85800,0.0,0.0
2010-08-16 00:00:00-04:00,4.5963583145772,4.730114936828613,4.5963583145772,4.730114936828613,84800,0.0,0.0
2010-08-17 00:00:00-04:00,4.772673759839277,4.906430095963333,4.724035092157803,4.821312427520752,108000,0.0,0.0
2010-08-18 00:00:00-04:00,4.827392915463806,4.833472604611034,4.742275238037109,4.742275238037109,51900,0.0,0.0
2010-08-19 00:00:00-04:00,4.717954110583901,4.7544331013470655,4.584197521209717,4.584197521209717,112400,0.0,0.0
2010-08-20 00:00:00-04:00,4.5659586439965745,4.638916633084235,4.511240007226189,4.5477190017700195,100000,0.0,0.0
2010-08-23 00:00:00-04:00,4.559878986463302,4.584198317865029,4.499080657958984,4.499080657958984,83900,0.0,0.0
2010-08-24 00:00:00-04:00,4.499080965734104,4.499080965734104,4.420042988316977,4.456521987915039,81900,0.0,0.0
2010-08-25 00:00:00-04:00,4.432203115871702,4.6024387549459504,4.395724112479223,4.596358776092529,104600,0.0,0.0
2010-08-26 00:00:00-04:00,4.596357661161794,4.596357661161794,4.5477190017700195,4.5477190017700195,64600,0.0,0.0
2010-08-27 00:00:00-04:00,4.590278930936837,4.833472278610589,4.565959596169461,4.754434585571289,181100,0.0,0.0
2010-08-30 00:00:00-04:00,4.7301145936421225,4.857790938477911,4.602437958897036,4.608517646789551,107400,0.0,0.0
2010-08-31 00:00:00-04:00,4.590278293202708,4.70579497234417,4.572038649706569,4.608517646789551,126100,0.0,0.0
2010-09-01 00:00:00-04:00,4.681475495212449,4.778753107647932,4.638916811561883,4.7726731300354,107700,0.0,0.0
2010-09-02 00:00:00-04:00,4.754436189467186,4.772675551741046,4.5842004987576805,4.669318199157715,42300,0.0,0.0
2010-09-03 00:00:00-04:00,4.705795310357421,4.778753599673214,4.644996977518692,4.766593933105469,56100,0.0,0.0
2010-09-07 00:00:00-04:00,4.760514267670128,4.760514267670128,4.608518280631316,4.620677947998047,48300,0.0,0.0
2010-09-08 00:00:00-04:00,4.64499728273151,4.69971593083647,4.584198945897852,4.620677947998047,56000,0.0,0.0
2010-09-09 00:00:00-04:00,4.681476773983422,4.742275407079061,4.602439072795954,4.651077747344971,46500,0.0,0.0
2010-09-10 00:00:00-04:00,4.651077747344971,4.699716421893988,4.590279404158699,4.651077747344971,33000,0.0,0.0
2010-09-13 00:00:00-04:00,4.681476126347808,4.724035105645271,4.6449971254825515,4.7118754386901855,65500,0.0,0.0
2010-09-14 00:00:00-04:00,4.687556099149911,4.699715766090391,4.614598097507026,4.6449971199035645,66600,0.0,0.0
2010-09-15 00:00:00-04:00,4.620677481231654,4.717955100248164,4.596358148954854,4.68755578994751,99100,0.0,0.0
2010-09-16 00:00:00-04:00,4.669317105346168,4.730115738441808,4.608518762159896,4.651077747344971,38000,0.0,0.0
2010-09-17 00:00:00-04:00,4.705795144200455,4.71187512222431,4.632837147370055,4.68755578994751,87800,0.0,0.0
2010-09-20 00:00:00-04:00,4.6814769034129196,4.809153572588669,4.638918206960587,4.803073883056641,79500,0.0,0.0
2010-09-21 00:00:00-04:00,4.7969924606669485,4.876030720083415,4.760513464719626,4.7726731300354,72500,0.0,0.0
2010-09-22 00:00:00-04:00,4.754435533171547,4.845632911770965,4.651078194855518,4.693636894226074,41800,0.0,0.0
2010-09-23 00:00:00-04:00,4.6875570655349605,4.705796424751237,4.644998077514669,4.6753973960876465,64500,0.0,0.0
2010-09-24 00:00:00-04:00,4.724035874288715,4.8091535568237305,4.681476888066519,4.8091535568237305,81900,0.0,0.0
2010-09-27 00:00:00-04:00,4.790913896431857,4.888191241769566,4.6693169248503645,4.681476593017578,75100,0.0,0.0
2010-09-28 00:00:00-04:00,4.663236618041992,4.711875284268303,4.602438285259104,4.663236618041992,100100,0.0,0.0
2010-09-29 00:00:00-04:00,4.638917436959673,4.772673773465613,4.614598103049502,4.7118754386901855,62100,0.0,0.0
2010-09-30 00:00:00-04:00,4.717955901629482,4.796993599999593,4.681476607108682,4.742275238037109,293300,0.0,0.0
2010-10-01 00:00:00-04:00,4.754433777016383,4.815232103595255,4.681475495212449,4.7726731300354,59500,0.0,0.0
2010-10-04 00:00:00-04:00,4.730115390317109,4.754434725801775,4.608518422984431,4.705795764923096,80600,0.0,0.0
2010-10-05 00:00:00-04:00,4.717954781069061,4.815232103595255,4.651076476877657,4.7726731300354,117400,0.0,0.0
2010-10-06 00:00:00-04:00,4.748354606924776,4.815232922489727,4.730115250803914,4.754434585571289,52400,0.0,0.0
2010-10-07 00:00:00-04:00,4.796993585560786,4.796993585560786,4.6693169248503645,4.681476593017578,31500,0.0,0.0
2010-10-08 00:00:00-04:00,4.681475809804575,4.748354118490157,4.632837145272991,4.724034786224365,81800,0.0,0.0
2010-10-11 00:00:00-04:00,4.7118752885959525,4.803072932808706,4.6875559554604616,4.766593933105469,83600,0.0,0.0
2010-10-12 00:00:00-04:00,4.73619538670124,4.876032009680102,4.717956028858339,4.863872051239014,87700,0.0,0.0
2010-10-13 00:00:00-04:00,4.869952201843262,4.967229553520436,4.784834229216357,4.869952201843262,122300,0.0,0.0
2010-10-14 00:00:00-04:00,4.851710985655725,4.948988595807759,4.796992348064537,4.92466926574707,25200,0.0,0.0
2010-10-15 00:00:00-04:00,4.979388932570707,4.979388932570707,4.851712553449103,4.869952201843262,81700,0.0,0.0
2010-10-18 00:00:00-04:00,4.894269779939777,5.0401857549888245,4.85171080892917,5.0341057777404785,44600,0.0,0.0
2010-10-19 00:00:00-04:00,4.948988914489746,5.082744948527246,4.918589605001732,4.948988914489746,43900,0.0,0.0
2010-10-20 00:00:00-04:00,4.991547716168286,5.070585690751005,4.930749095775852,4.9793877601623535,36400,0.0,0.0
2010-10-21 00:00:00-04:00,5.0097880736196885,5.070586706187669,4.851712382707291,4.863872051239014,65900,0.0,0.0
2010-10-22 00:00:00-04:00,4.90035052391595,4.9672285446561215,4.888190567516664,4.955068588256836,19900,0.0,0.0
2010-10-25 00:00:00-04:00,4.99154634892912,5.070584301862478,4.967227023397199,5.0280256271362305,48800,0.0,0.0
2010-10-26 00:00:00-04:00,4.985469986578147,5.082747359222579,4.979390005833151,5.021949291229248,50800,0.0,0.0
2010-10-27 00:00:00-04:00,5.015866425813983,5.064505084163666,4.991547096639142,5.0341057777404785,56600,0.0,0.0
2010-10-28 00:00:00-04:00,5.088825732964355,5.131384425101941,5.058426418658068,5.076666355133057,77400,0.0,0.0
2010-10-29 00:00:00-04:00,5.082746815773077,5.16178481755062,5.0462680948411744,5.137465476989746,60300,0.0,0.0
2010-11-01 00:00:00-04:00,5.161784351873395,5.167864331419804,4.882111670744985,5.003708362579346,77000,0.0,0.0
2010-11-02 00:00:00-04:00,5.046267180958239,5.12530516842194,5.028027823795449,5.094905853271484,96600,0.0,0.0
2010-11-03 00:00:00-04:00,5.082745552062988,5.125304822327225,5.070586174715114,5.082745552062988,35300,0.0,0.0
2010-11-04 00:00:00-04:00,5.1496241940941045,5.234741575600977,5.094905546086158,5.204342842102051,114300,0.0,0.0
2010-11-05 00:00:00-04:00,5.22927442345608,5.341463454031556,5.129549982143081,5.223041534423828,63100,0.21,0.0
2010-11-08 00:00:00-05:00,5.185643530610981,5.2355054419129425,5.054755864843114,5.0921525955200195,64500,0.0,0.0
2010-11-09 00:00:00-05:00,5.117085015229105,5.1731798300934155,5.004895385500487,5.017361164093018,64200,0.0,0.0
2010-11-10 00:00:00-05:00,5.04852244620332,5.09838434638897,4.99866054601767,5.079685688018799,101900,0.0,0.0
2010-11-11 00:00:00-05:00,5.029825719867307,5.079687639205694,5.017360537233193,5.023593425750732,24900,0.0,0.0
2010-11-12 00:00:00-05:00,4.992430034462547,5.011128107325416,4.967498775311205,4.979964256286621,57900,0.0,0.0
2010-11-15 00:00:00-05:00,5.004893631270202,5.0422903595390896,4.911402702199232,4.961264610290527,112700,0.0,0.0
2010-11-16 00:00:00-05:00,4.942567813360373,4.99866292355051,4.923869740497504,4.979964256286621,74600,0.0,0.0
2010-11-17 00:00:00-05:00,4.9799637935868315,5.123317257285584,4.911403803192363,4.917636394500732,101100,0.0,0.0
2010-11-18 00:00:00-05:00,4.979963799342632,4.992429576374742,4.886472849205668,4.89270544052124,79200,0.0,0.0
2010-11-19 00:00:00-05:00,4.8989378598432065,4.8989378598432065,4.82414469081625,4.830377578735352,97800,0.0,0.0
2010-11-22 00:00:00-05:00,4.81791320177099,4.830378683259122,4.749352904986004,4.824145793914795,93100,0.0,0.0
2010-11-23 00:00:00-05:00,4.799213575449385,4.955032201888657,4.786748097222262,4.936334133148193,48300,0.0,0.0
2010-11-24 00:00:00-05:00,4.992431380184933,5.142017192211157,4.986198489416879,5.129551410675049,70500,0.0,0.0
2010-11-26 00:00:00-05:00,5.104618409081501,5.1357822561095405,5.048524197712163,5.0609893798828125,13600,0.0,0.0
2010-11-29 00:00:00-05:00,5.017360951567606,5.223041534423828,5.017360951567606,5.223041534423828,54100,0.0,0.0
2010-11-30 00:00:00-05:00,5.160714344441269,5.235507237038845,5.060990487644502,5.123318195343018,82600,0.0,0.0
2010-12-01 00:00:00-05:00,5.216809305475181,5.235507380536794,5.10461966630332,5.142016410827637,49900,0.0,0.0
2010-12-02 00:00:00-05:00,5.166945308625992,5.229272993098058,5.123316286136057,5.173178195953369,32900,0.0,0.0
2010-12-03 00:00:00-05:00,5.142014353717336,5.173178195953369,5.11708339880868,5.173178195953369,31400,0.0,0.0
2010-12-06 00:00:00-05:00,5.148247562137517,5.241738500275733,5.135781786705281,5.229273319244385,30000,0.0,0.0
2010-12-07 00:00:00-05:00,5.2542033315256225,5.422487108813929,5.241737558333491,5.403789043426514,40100,0.0,0.0
2010-12-08 00:00:00-05:00,5.42248885156022,5.466118477354127,5.360161748770454,5.36639404296875,50000,0.0,0.0
2010-12-09 00:00:00-05:00,5.391325490326,5.391325490326,5.328998381902034,5.341463565826416,59900,0.0,0.0
2010-12-10 00:00:00-05:00,5.3663945280986844,5.43495512008667,5.2853687521862645,5.43495512008667,45400,0.0,0.0
2010-12-13 00:00:00-05:00,5.428720951080322,5.484815751518263,5.353928081963364,5.428720951080322,37900,0.0,0.0
2010-12-14 00:00:00-05:00,5.466118004591695,5.534677990051002,5.428721270631486,5.484816074371338,41400,0.0,0.0
2010-12-15 00:00:00-05:00,5.491050663119114,5.565843559803458,5.428722952014942,5.547144889831543,65100,0.0,0.0
2010-12-16 00:00:00-05:00,5.5533753920938524,5.572073459625243,5.466117347346791,5.572073459625244,42400,0.0,0.0
2010-12-17 00:00:00-05:00,5.578308626508592,5.59077440622422,5.447420911499962,5.4785847663879395,204000,0.0,0.0
2010-12-20 00:00:00-05:00,5.491049421950219,5.609471332999333,5.441186907696887,5.559609413146973,53600,0.0,0.0
2010-12-21 00:00:00-05:00,5.597005543968812,5.6219370982431025,5.466118450434603,5.609471321105957,30000,0.0,0.0
2010-12-22 00:00:00-05:00,5.634401636714873,5.790220266706325,5.628168748858998,5.740358352661133,43500,0.0,0.0
2010-12-23 00:00:00-05:00,5.7465918623232755,5.858780883863848,5.740358973792975,5.75905704498291,31300,0.0,0.0
2010-12-27 00:00:00-05:00,5.646868196390798,5.815152031056225,5.646868196390798,5.7715229988098145,17400,0.0,0.0
2010-12-28 00:00:00-05:00,5.783986896446928,5.858779761276746,5.671797896402627,5.790219783782959,27200,0.0,0.0
2010-12-29 00:00:00-05:00,5.82761857523999,5.8525495390039675,5.7839889428522335,5.808919906616211,14200,0.0,0.0
2010-12-30 00:00:00-05:00,5.833850233392716,5.883712155476338,5.827617938933011,5.840083122253418,20700,0.0,0.0
2010-12-31 00:00:00-05:00,5.815151220659499,5.84631506552152,5.721660280474336,5.765289306640625,23500,0.0,0.0
2011-01-03 00:00:00-05:00,5.790220899030348,5.889944738011125,5.715428019794764,5.734126091003418,81400,0.0,0.0
2011-01-04 00:00:00-05:00,5.734127964798065,5.734127964798065,5.453654427411425,5.472352504730225,56100,0.0,0.0
2011-01-05 00:00:00-05:00,5.472350744602206,5.609471321105957,5.453652673297458,5.609471321105957,48300,0.0,0.0
2011-01-06 00:00:00-05:00,5.590773249801209,5.615704209674529,5.5159803701812455,5.609471321105957,36600,0.0,0.0
2011-01-07 00:00:00-05:00,5.634403413849642,5.653101488913882,5.48481762453354,5.621938228607178,75600,0.0,0.0
2011-01-10 00:00:00-05:00,5.584541160373743,5.690497903597882,5.491050196070588,5.6157050132751465,142200,0.0,0.0
2011-01-11 00:00:00-05:00,5.64686946165156,5.71542946974361,5.609472715346094,5.684265613555908,47000,0.0,0.0
2011-01-12 00:00:00-05:00,5.709195287235878,5.734126247662197,5.65933336638324,5.702962398529053,51600,0.0,0.0
2011-01-13 00:00:00-05:00,5.678032875061035,5.684265765345239,5.584541898402519,5.678032875061035,47600,0.0,0.0
2011-01-14 00:00:00-05:00,5.690496597979001,5.734125625390155,5.646867570567847,5.659332752227783,35100,0.0,0.0
2011-01-18 00:00:00-05:00,5.628169404343725,5.64686807008909,5.5409113418025795,5.559609413146973,88600,0.0,0.0
2011-01-19 00:00:00-05:00,5.603238651282168,5.603238651282168,5.341463265192366,5.353929042816162,66700,0.0,0.0
2011-01-20 00:00:00-05:00,5.316533604411873,5.447421329463098,5.241740703582764,5.241740703582764,32000,0.0,0.0
2011-01-21 00:00:00-05:00,5.285368777063113,5.3850932209331015,5.2542055199048345,5.2666707038879395,103700,0.0,0.0
2011-01-24 00:00:00-05:00,5.254203940737246,5.385091602426813,5.254203940737246,5.372625827789307,39700,0.0,0.0
2011-01-25 00:00:00-05:00,5.36016067469757,5.491048337049979,5.36016067469757,5.4661173820495605,43600,0.0,0.0
2011-01-26 00:00:00-05:00,5.484816368972098,5.534678287329948,5.416255785429339,5.497281551361084,53700,0.0,0.0
2011-01-27 00:00:00-05:00,5.51598089599909,5.51598089599909,5.422489341761208,5.43495512008667,44100,0.0,0.0
2011-01-28 00:00:00-05:00,5.416255651329389,5.453652386372355,5.223040871076722,5.26043701171875,105700,0.0,0.0
2011-01-31 00:00:00-05:00,5.29160037653401,5.347695176788578,5.229273283007401,5.285367488861084,69200,0.0,0.0
2011-02-01 00:00:00-05:00,5.291601641348995,5.484817044586463,5.291601641348995,5.43495512008667,60700,0.0,0.0
2011-02-02 00:00:00-05:00,5.410023176710033,5.472350273831022,5.410023176710033,5.441186428070068,33700,0.0,0.0
2011-02-03 00:00:00-05:00,5.422488063387021,5.4598847951459435,5.3227642378977436,5.428720951080322,68400,0.0,0.0
2011-02-04 00:00:00-05:00,5.422487737537632,5.447418692411794,5.34146198559639,5.372625827789307,60000,0.0,0.0
2011-02-07 00:00:00-05:00,5.366350127173381,5.516984369691549,5.366350127173381,5.404008388519287,39800,0.06,0.0
2011-02-08 00:00:00-05:00,5.397732456661648,5.466773002095547,5.341244465594241,5.460496425628662,32900,0.0,0.0
2011-02-09 00:00:00-05:00,5.46049531081499,5.523259865535281,5.46049531081499,5.498154163360596,53100,0.0,0.0
2011-02-10 00:00:00-05:00,5.460496274232572,5.560919100649324,5.460496274232572,5.548366546630859,39400,0.0,0.0
2011-02-11 00:00:00-05:00,5.504435511261,5.661346435546875,5.460500045434936,5.661346435546875,40900,0.0,0.0
2011-02-14 00:00:00-05:00,5.642514706262656,5.642514706262656,5.49815699407767,5.592303276062012,34000,0.0,0.0
2011-02-15 00:00:00-05:00,5.560920983151495,5.567197561569126,5.529539288198266,5.5420918464660645,17400,0.0,0.0
2011-02-16 00:00:00-05:00,5.560920298232594,5.598579165532607,5.4793265845553885,5.5734734535217285,43600,0.0,0.0
2011-02-17 00:00:00-05:00,5.573473488609161,5.648790625115953,5.52953864195538,5.6299614906311035,31200,0.0,0.0
2011-02-18 00:00:00-05:00,5.667618857263987,5.7429359817796035,5.579749177946084,5.736660003662109,50400,0.0,0.0
2011-02-22 00:00:00-05:00,5.661346435546875,5.774321894006688,5.623687550348489,5.661346435546875,68800,0.0,0.0
2011-02-23 00:00:00-05:00,5.686449975281004,5.7743196760463595,5.661344260981267,5.680173397064209,28000,0.0,0.0
2011-02-24 00:00:00-05:00,5.705277877257282,5.705277877257282,5.586025311203432,5.648789882659912,55300,0.0,0.0
2011-02-25 00:00:00-05:00,5.642513567744777,5.78059527221885,5.5923021476755395,5.774318695068359,37900,0.0,0.0
2011-02-28 00:00:00-05:00,5.805700239048763,5.805700239048763,5.611130562262396,5.699000835418701,87200,0.0,0.0
2011-03-01 00:00:00-05:00,5.699001536001604,5.780595242841283,5.611131252043334,5.623684406280518,45700,0.0,0.0
2011-03-02 00:00:00-05:00,5.611130295287608,5.629960023432721,5.491878343204746,5.529537200927734,27600,0.0,0.0
2011-03-03 00:00:00-05:00,5.573472774743908,5.623684192650557,5.573472774743908,5.604855060577393,38600,0.0,0.0
2011-03-04 00:00:00-05:00,5.586024589661362,5.604854317806474,5.523260624879364,5.529537200927734,35400,0.0,0.0
2011-03-07 00:00:00-05:00,5.535813795696685,5.535813795696685,5.410285253568009,5.485602378845215,49600,0.0,0.0
2011-03-08 00:00:00-05:00,5.504431215056877,5.692723698383657,5.504431215056877,5.63623571395874,38900,0.0,0.0
2011-03-09 00:00:00-05:00,5.6425134779392945,5.673895764624927,5.611131191253662,5.611131191253662,23100,0.0,0.0
2011-03-10 00:00:00-05:00,5.586025931299561,5.586025931299561,5.372627681506609,5.410285949707031,57700,0.0,0.0
2011-03-11 00:00:00-05:00,5.410286394951563,5.46049782239591,5.347522409929844,5.3537983894348145,52500,0.0,0.0
2011-03-14 00:00:00-04:00,5.334967613220215,5.378902449081686,5.272203048931902,5.334967613220215,33400,0.0,0.0
2011-03-15 00:00:00-04:00,5.215717995029315,5.366352298496854,5.215717995029315,5.284758567810059,24900,0.0,0.0
2011-03-16 00:00:00-04:00,5.284758032580739,5.347522618619304,5.272204875946045,5.272204875946045,243000,0.0,0.0
2011-03-17 00:00:00-04:00,5.353798895120154,5.510709770346387,5.2784817468396605,5.3600754737854,58200,0.0,0.0
2011-03-18 00:00:00-04:00,5.378903166895703,5.454220294952393,5.360074034523362,5.454220294952393,128800,0.0,0.0
2011-03-21 00:00:00-04:00,5.485602816681346,5.4918793939305734,5.391456552212333,5.429114818572998,38000,0.0,0.0
2011-03-22 00:00:00-04:00,5.422838117759512,5.429114095605648,5.39773241067315,5.404008388519287,50000,0.0,0.0
2011-03-23 00:00:00-04:00,5.3726279162348725,5.404009608250487,5.341245625651852,5.385180473327637,65900,0.0,0.0
2011-03-24 00:00:00-04:00,5.416562527262895,5.42283910481876,5.366351103950745,5.410285949707031,43100,0.0,0.0
2011-03-25 00:00:00-04:00,5.4291148870466195,5.6425137276730055,5.404009176300419,5.491879463195801,51900,0.0,0.0
2011-03-28 00:00:00-04:00,5.504432617852581,5.5860257288522135,5.485602885867411,5.491879463195801,25700,0.0,0.0
2011-03-29 00:00:00-04:00,5.504431495301488,5.5985777417581035,5.4604960615301295,5.529537200927734,15900,0.0,0.0
2011-03-30 00:00:00-04:00,5.52953864195538,5.642514047431872,5.510708908903138,5.6299614906311035,21400,0.0,0.0
2011-03-31 00:00:00-04:00,5.604856753036379,5.705279619173661,5.579751036502058,5.686450481414795,44700,0.0,0.0
2011-04-01 00:00:00-04:00,5.705279619173661,5.799425906535488,5.667620745088431,5.686450481414795,19000,0.0,0.0
2011-04-04 00:00:00-04:00,5.6801721918187384,5.768041873939494,5.6801721918187384,5.749212741851807,11400,0.0,0.0
2011-04-05 00:00:00-04:00,5.724107952898654,5.768042801020555,5.592302809965539,5.742937088012695,23000,0.0,0.0
2011-04-06 00:00:00-04:00,5.749214201398279,5.761767358355138,5.742937622919849,5.755490779876709,17500,0.0,0.0
2011-04-07 00:00:00-04:00,5.742936141277318,5.742936141277318,5.642513305800802,5.648789882659912,30100,0.0,0.0
2011-04-08 00:00:00-04:00,5.686447984167835,5.730382819166704,5.604854291621911,5.617406845092773,30300,0.0,0.0
2011-04-11 00:00:00-04:00,5.604855778462173,5.6550672028000335,5.59230262309401,5.6299614906311035,37700,0.0,0.0
2011-04-12 00:00:00-04:00,5.579750717795582,5.699002714880246,5.579750717795582,5.592303276062012,68900,0.0,0.0
2011-04-13 00:00:00-04:00,5.611130531542684,5.699000804217918,5.573472270801342,5.692724227905273,96300,0.0,0.0
2011-04-14 00:00:00-04:00,5.642514022996515,5.71783115917714,5.629961466250106,5.673896312713623,35700,0.0,0.0
2011-04-15 00:00:00-04:00,5.642513149092116,5.755489135149189,5.623684017605036,5.736660003662109,93200,0.0,0.0
2011-04-18 00:00:00-04:00,5.667618025961641,5.736659162233099,5.623683192746865,5.642512321472168,51600,0.0,0.0
2011-04-19 00:00:00-04:00,5.667619735056724,5.699002024773832,5.648790600653415,5.673896312713623,75300,0.0,0.0
2011-04-20 00:00:00-04:00,5.730383852149613,5.774318695068359,5.617407857710158,5.774318695068359,68600,0.0,0.0
2011-04-21 00:00:00-04:00,5.774318695068359,5.774318695068359,5.6864490092308655,5.774318695068359,22200,0.0,0.0
2011-04-25 00:00:00-04:00,5.749212791785162,5.768041924036386,5.655066531961721,5.711554527282715,77500,0.0,0.0
2011-04-26 00:00:00-04:00,5.7115539881127155,5.736659694933479,5.680171704944945,5.699000835418701,123100,0.0,0.0
2011-04-27 00:00:00-04:00,5.692723814381552,5.742935224100788,5.661342132232444,5.705276966094971,32000,0.0,0.0
2011-04-28 00:00:00-04:00,5.711554679419621,5.742936367818457,5.673895815346743,5.717830657958984,85000,0.0,0.0
2011-04-29 00:00:00-04:00,5.724106542239465,5.724106542239465,5.6738951285979375,5.699000835418701,124000,0.0,0.0
2011-05-02 00:00:00-04:00,5.692726194435059,5.730385066752771,5.636238185242224,5.6550679206848145,73000,0.0,0.0
2011-05-03 00:00:00-04:00,5.648793274291522,5.711557883432942,5.573476102462423,5.661346435546875,37000,0.0,0.0
2011-05-04 00:00:00-04:00,5.648790054989887,5.661343209091074,5.542090639399136,5.611131191253662,62100,0.0,0.0
2011-05-05 00:00:00-04:00,5.604855743177175,5.648790589554366,5.516985451855402,5.5734734535217285,41600,0.0,0.0
2011-05-06 00:00:00-04:00,5.636237404025958,5.642513981636851,5.529538577477719,5.567196846008301,38000,0.0,0.0
2011-05-09 00:00:00-04:00,5.547910671465299,5.682911996748501,5.547910671465299,5.6700544357299805,41200,0.21,0.0
2011-05-10 00:00:00-04:00,5.689340856682005,5.753626823425293,5.670054514884983,5.753626823425293,38800,0.0,0.0
2011-05-11 00:00:00-04:00,5.7471979625943455,5.7471979625943455,5.650768707284453,5.6700544357299805,36000,0.0,0.0
2011-05-12 00:00:00-04:00,5.64434070497637,5.798628393059433,5.6379125366630936,5.792199611663818,27800,0.0,0.0
2011-05-13 00:00:00-04:00,5.779342342734502,5.779342342734502,5.631484041611249,5.644340991973877,36000,0.0,0.0
2011-05-16 00:00:00-04:00,5.605769175207649,5.7857707605391475,5.573625881699299,5.708627223968506,98300,0.0,0.0
2011-05-17 00:00:00-04:00,5.676483504494859,5.740770086687473,5.605768754548812,5.612196922302246,30300,0.0,0.0
2011-05-18 00:00:00-04:00,5.5671966209179296,5.625054421633611,5.509338820202248,5.618625640869141,29300,0.0,0.0
2011-05-19 00:00:00-04:00,5.644338759588912,5.644338759588912,5.599338531494141,5.599338531494141,35600,0.0,0.0
2011-05-20 00:00:00-04:00,5.567196531339868,5.612196769802539,5.522196292877197,5.522196292877197,40100,0.0,0.0
2011-05-23 00:00:00-04:00,5.451480534537364,5.496481382803226,5.393623352050781,5.393623352050781,32100,0.0,0.0
2011-05-24 00:00:00-04:00,5.400050852002858,5.419337190197846,5.226478099822998,5.226478099822998,74400,0.0,0.0
2011-05-25 00:00:00-04:00,5.232909567102,5.329338855279193,5.213623219000592,5.271481037139893,38500,0.0,0.0
2011-05-26 00:00:00-04:00,5.271479482154004,5.303622773092231,5.220050461885752,5.284337043762207,62200,0.0,0.0
2011-05-27 00:00:00-04:00,5.284335815887182,5.367908107674696,5.284335815887182,5.342193603515625,12400,0.0,0.0
2011-05-31 00:00:00-04:00,5.380767639344693,5.4129109382629395,5.3421961711087445,5.4129109382629395,113700,0.0,0.0
2011-06-01 00:00:00-04:00,5.406479531781088,5.445051594378185,5.136476932847813,5.1429057121276855,71000,0.0,0.0
2011-06-02 00:00:00-04:00,5.168621948615643,5.175050730050354,5.065763897989635,5.085049629211426,32100,0.0,0.0
2011-06-03 00:00:00-04:00,5.052906262974805,5.1750503422097704,4.98861998615144,5.001477241516113,65000,0.0,0.0
2011-06-06 00:00:00-04:00,4.988619291665977,5.123620300930443,4.988619291665977,5.052905559539795,59700,0.0,0.0
2011-06-07 00:00:00-04:00,5.104336802884893,5.155766146184067,5.065765025316441,5.097908020019531,35000,0.0,0.0
2011-06-08 00:00:00-04:00,5.072190672754431,5.213620444959872,5.072190672754431,5.1429057121276855,53000,0.0,0.0
2011-06-09 00:00:00-04:00,5.168621470925274,5.181479032606384,5.0914779400854675,5.130049705505371,37800,0.0,0.0
2011-06-10 00:00:00-04:00,5.09147670405298,5.1686202161650385,5.09147670405298,5.1429057121276855,49700,0.0,0.0
2011-06-13 00:00:00-04:00,5.175049351417568,5.175049351417568,5.091477054277005,5.12362003326416,34300,0.0,0.0
2011-06-14 00:00:00-04:00,5.15576425754432,5.2521935128712345,5.15576425754432,5.24576473236084,50500,0.0,0.0
2011-06-15 00:00:00-04:00,5.226479888155637,5.239336838269382,5.072192501755383,5.162193298339844,44700,0.0,0.0
2011-06-16 00:00:00-04:00,5.187907365638205,5.393624067513584,5.187907365638205,5.3550519943237305,64600,0.0,0.0
2011-06-17 00:00:00-04:00,5.387194787442525,5.4193380766095265,5.207193226422458,5.265050411224365,99200,0.0,0.0
2011-06-20 00:00:00-04:00,5.245763947348791,5.329336242230838,5.187906157577976,5.213620662689209,44900,0.0,0.0
2011-06-21 00:00:00-04:00,5.245764473032474,5.43862358723442,5.207193018041419,5.393623352050781,50900,0.0,0.0
2011-06-22 00:00:00-04:00,5.367909659785327,5.387195390210491,5.2843373438331955,5.31648063659668,27400,0.0,0.0
2011-06-23 00:00:00-04:00,5.277907418903278,5.310050704701078,5.168620615040065,5.258621692657471,26000,0.0,0.0
2011-06-24 00:00:00-04:00,5.277908213384581,5.290765161789743,5.046477317810059,5.046477317810059,617700,0.0,0.0
2011-06-27 00:00:00-04:00,5.078620055783975,5.252193131941122,5.078620055783975,5.207192897796631,60900,0.0,0.0
2011-06-28 00:00:00-04:00,5.226477683304941,5.232906462190936,5.136476618147302,5.220048904418945,42300,0.0,0.0
2011-06-29 00:00:00-04:00,5.239334733936217,5.239334733936217,5.123619470517938,5.194334506988525,24200,0.0,0.0
2011-06-30 00:00:00-04:00,5.21362012553295,5.252192185766823,5.142905397033298,5.220048904418945,25000,0.0,0.0
2011-07-01 00:00:00-04:00,5.20719351335983,5.297193992288129,5.2007647325557285,5.284337043762207,33600,0.0,0.0
2011-07-05 00:00:00-04:00,5.207193226422458,5.2714791916742145,5.1557642089881535,5.265050411224365,24600,0.0,0.0
2011-07-06 00:00:00-04:00,5.245765168881833,5.36148077536909,5.226479438828059,5.3550519943237305,33000,0.0,0.0
2011-07-07 00:00:00-04:00,5.367910457819068,5.4129107065286295,5.232909098607978,5.374338626861572,50100,0.0,0.0
2011-07-08 00:00:00-04:00,5.297193140314696,5.393622997620094,5.297193140314696,5.380765438079834,18700,0.0,0.0
2011-07-11 00:00:00-04:00,5.329336704758395,5.400051446681004,5.3229079246521,5.3229079246521,26500,0.0,0.0
2011-07-12 00:00:00-04:00,5.322907493336501,5.464337578803842,5.322907493336501,5.425765514373779,34600,0.0,0.0
2011-07-13 00:00:00-04:00,5.445051473111333,5.586480935625928,5.4321939148379395,5.509337425231934,31900,0.0,0.0
2011-07-14 00:00:00-04:00,5.515769124469533,5.535054859007554,5.387196539078654,5.490054607391357,28500,0.0,0.0
2011-07-15 00:00:00-04:00,5.49648251283829,5.592911783223277,5.457910436834886,5.586483001708984,66400,0.0,0.0
2011-07-18 00:00:00-04:00,5.535053212201039,5.535053212201039,5.367909207463332,5.419338226318359,19800,0.0,0.0
2011-07-19 00:00:00-04:00,5.464338094922532,5.464338094922532,5.2907647082161136,5.393623352050781,39500,0.0,0.0
2011-07-20 00:00:00-04:00,5.3807674089864825,5.425767657696044,5.310052644859685,5.374338626861572,20200,0.0,0.0
2011-07-21 00:00:00-04:00,5.419338205695408,5.541481971740722,5.367909187036091,5.541481971740723,31000,0.0,0.0
2011-07-22 00:00:00-04:00,5.54791206573972,5.54791206573972,5.374338626861571,5.374338626861572,27100,0.0,0.0
2011-07-25 00:00:00-04:00,5.348624590298139,5.348624590298139,5.252195302120946,5.271481037139893,17900,0.0,0.0
2011-07-26 00:00:00-04:00,5.2843369499399895,5.2843369499399895,5.1107635498046875,5.1107635498046875,22900,0.0,0.0
2011-07-27 00:00:00-04:00,5.110763121475291,5.207192984496165,5.078620140342776,5.091477394104004,81300,0.0,0.0
2011-07-28 00:00:00-04:00,5.097906092450282,5.25862223136231,5.097906092450282,5.252193450927734,33600,0.0,0.0
2011-07-29 00:00:00-04:00,5.175049610658191,5.2779076390354325,5.0657628022368195,5.207192897796631,32800,0.0,0.0
2011-08-01 00:00:00-04:00,5.232907466748136,5.232907466748136,5.14290638431306,5.200764179229736,51000,0.0,0.0
2011-08-02 00:00:00-04:00,5.15576327068743,5.265049453034578,5.1429057121276855,5.1429057121276855,37800,0.0,0.0
2011-08-03 00:00:00-04:00,5.142906360499504,5.445052280841869,5.123620326769544,5.310050964355469,34300,0.0,0.0
2011-08-04 00:00:00-04:00,5.2521929319932354,5.367908516053513,5.136477347932958,5.149334907531738,71000,0.0,0.0
2011-08-05 00:00:00-04:00,5.207192699561877,5.380765462570107,5.097905588759897,5.149334907531738,47500,0.0,0.0
2011-08-08 00:00:00-04:00,5.071610247299753,5.3112648104396465,4.359123549634146,4.5404839515686035,148400,0.06,0.0
2011-08-09 00:00:00-04:00,4.657072309162378,4.987406899430118,4.294351835463339,4.967975616455078,175000,0.0,0.0
2011-08-10 00:00:00-04:00,4.767183043324156,4.870817356596001,4.618208563568569,4.715365886688232,152500,0.0,0.0
2011-08-11 00:00:00-04:00,4.728321154925255,4.890249957369892,4.598777927656738,4.819001197814941,90400,0.0,0.0
2011-08-12 00:00:00-04:00,4.825477190112261,4.825477190112261,4.682980009363473,4.715365886688232,77100,0.0,0.0
2011-08-15 00:00:00-04:00,4.760706675091125,4.86434131747937,4.7347980917077335,4.81252384185791,33300,0.0,0.0
2011-08-16 00:00:00-04:00,4.760706281818211,4.812523444304478,4.670026247467244,4.702412128448486,44700,0.0,0.0
2011-08-17 00:00:00-04:00,4.747753202159334,4.83195626710369,4.721844614307952,4.734798908233643,28600,0.0,0.0
2011-08-18 00:00:00-04:00,4.618209705745646,4.695935459922689,4.527529350351071,4.5404839515686035,87700,0.0,0.0
2011-08-19 00:00:00-04:00,4.5016199255634035,4.7283204628898226,4.469234355127226,4.475711345672607,86500,0.0,0.0
2011-08-22 00:00:00-04:00,4.618208885192871,4.663548745979584,4.54048314482596,4.618208885192871,39800,0.0,0.0
2011-08-23 00:00:00-04:00,4.618209169486727,4.780137959646671,4.611731869630095,4.773660659790039,67900,0.0,0.0
2011-08-24 00:00:00-04:00,4.780138509334579,4.903204441070557,4.767184216986302,4.903204441070557,42400,0.0,0.0
2011-08-25 00:00:00-04:00,4.929112138401797,4.955020718434148,4.728320488723751,4.7542290687561035,46500,0.0,0.0
2011-08-26 00:00:00-04:00,4.734797147051704,4.987405939068247,4.695934279730283,4.948543071746826,68300,0.0,0.0
2011-08-29 00:00:00-04:00,5.000361327483518,5.0521788041585465,4.916158584202799,5.045701503753662,48600,0.0,0.0
2011-08-30 00:00:00-04:00,4.99388355491952,5.026269434169618,4.8578633562365265,5.006837844848633,34700,0.0,0.0
2011-08-31 00:00:00-04:00,5.039224233064814,5.039224233064814,4.819000973172532,4.870818138122559,104800,0.0,0.0
2011-09-01 00:00:00-04:00,4.857862452144541,4.942065475440145,4.553436541039497,4.585822105407715,49700,0.0,0.0
2011-09-02 00:00:00-04:00,4.5145738463900935,4.644117044107053,4.443325411943106,4.469233989715576,91200,0.0,0.0
2011-09-06 00:00:00-04:00,4.333213642981607,4.546959556188682,4.333213642981607,4.4886651039123535,55300,0.0,0.0
2011-09-07 00:00:00-04:00,4.585824023907291,4.721844254180363,4.540484153052737,4.708889961242676,75700,0.0,0.0
2011-09-08 00:00:00-04:00,4.67650183586333,4.7218419938685825,4.495141821551438,4.514573097229004,63300,0.0,0.0
2011-09-09 00:00:00-04:00,4.482188275300681,4.488665265311723,4.391508253163822,4.449802398681641,97700,0.0,0.0
2011-09-12 00:00:00-04:00,4.391508457658119,4.566391520064371,4.391508457658119,4.534005641937256,35700,0.0,0.0
2011-09-13 00:00:00-04:00,4.546958827924071,4.644116129871866,4.514572957656623,4.592298984527588,29800,0.0,0.0
2011-09-14 00:00:00-04:00,4.650595896812478,4.7930934404897965,4.54048455160421,4.741276264190674,34400,0.0,0.0
2011-09-15 00:00:00-04:00,4.773660033476338,4.773660033476338,4.6117312645617705,4.715365886688232,24100,0.0,0.0
2011-09-16 00:00:00-04:00,4.747751769320697,4.780137648788455,4.631163159175114,4.7542290687561035,81200,0.0,0.0
2011-09-19 00:00:00-04:00,4.68298105006274,4.734798218213996,4.566392421722412,4.566392421722412,57400,0.0,0.0
2011-09-20 00:00:00-04:00,4.5922998851798855,4.6117311640676215,4.423893820928253,4.449802398681641,64900,0.0,0.0
2011-09-21 00:00:00-04:00,4.462756961325355,4.566391587550964,4.378554232888747,4.385031223297119,79100,0.0,0.0
2011-09-22 00:00:00-04:00,4.274921113129651,4.410941357039413,4.177763751929145,4.255489826202393,106900,0.0,0.0
2011-09-23 00:00:00-04:00,4.268442153930664,4.333213595271993,4.229579289125866,4.268442153930664,52600,0.0,0.0
2011-09-26 00:00:00-04:00,4.326738773773393,4.37207896309693,4.210150112611859,4.339693069458008,52900,0.0,0.0
2011-09-27 00:00:00-04:00,4.410939747884588,4.449802616416281,4.300828132617479,4.397985458374023,73200,0.0,0.0
2011-09-28 00:00:00-04:00,4.391510013461964,4.391510013461964,4.074129345481798,4.125946521759033,178000,0.0,0.0
2011-09-29 00:00:00-04:00,4.229579707644335,4.326736724842756,4.171285250241583,4.281396865844727,299000,0.0,0.0
2011-09-30 00:00:00-04:00,4.229579289125866,4.320259307003727,4.2166250008576,4.268442153930664,80100,0.0,0.0
2011-10-03 00:00:00-04:00,4.216626086957567,4.32673741117252,4.093560162282964,4.1065144538879395,105200,0.0,0.0
2011-10-04 00:00:00-04:00,4.100037650654387,4.365600815174617,4.100037650654387,4.333215236663818,169900,0.0,0.0
2011-10-05 00:00:00-04:00,4.365601408302325,4.462758774744327,4.346170120326777,4.430373191833496,51200,0.0,0.0
2011-10-06 00:00:00-04:00,4.430371123056871,4.5210511452605155,4.378553967511932,4.469233989715576,83500,0.0,0.0
2011-10-07 00:00:00-04:00,4.48218930593711,4.48218930593711,4.171285992552609,4.197194576263428,87300,0.0,0.0
2011-10-10 00:00:00-04:00,4.27491955359635,4.410939747884588,4.249010974575222,4.397985458374023,113800,0.0,0.0
2011-10-11 00:00:00-04:00,4.3396915269401655,4.372077409067717,4.274920071539724,4.365600109100342,59800,0.0,0.0
2011-10-12 00:00:00-04:00,4.3785539642871285,4.488665265311723,4.3202595099147,4.449802398681641,80900,0.0,0.0
2011-10-13 00:00:00-04:00,4.436848109804947,4.469233986423987,4.385030954298171,4.449802398681641,39600,0.0,0.0
2011-10-14 00:00:00-04:00,4.488664523755877,4.598776115443948,4.410938803336494,4.514573097229004,85000,0.0,0.0
2011-10-17 00:00:00-04:00,4.501618670209971,4.54048183806314,4.268441516218247,4.287872791290283,86800,0.0,0.0
2011-10-18 00:00:00-04:00,4.320259361613618,4.462756534365767,4.287873486106284,4.391508102416992,110100,0.0,0.0
2011-10-19 00:00:00-04:00,4.391509710379854,4.4498038752411775,4.3137836424735685,4.333215236663818,58800,0.0,0.0
2011-10-20 00:00:00-04:00,4.352644222954651,4.352644222954651,4.17128421429442,4.287872791290283,42100,0.0,0.0
2011-10-21 00:00:00-04:00,4.3720757622030995,4.378553059730619,4.261964175071627,4.320258617401123,77100,0.0,0.0
2011-10-24 00:00:00-04:00,4.333215236663818,4.385032409364867,4.26196646977252,4.333215236663818,69900,0.0,0.0
2011-10-25 00:00:00-04:00,4.242533784919438,4.30730522942909,4.145376463727655,4.177762031555176,59500,0.0,0.0
2011-10-26 00:00:00-04:00,4.249012753884774,4.501621659550178,4.145378394402506,4.430373191833496,285700,0.0,0.0
2011-10-27 00:00:00-04:00,4.605254761017716,4.618209051545494,4.4368486753019445,4.579346179962158,262400,0.0,0.0
2011-10-28 00:00:00-04:00,4.5663921411537665,4.676503462282375,4.546960549863621,4.611732006072998,101500,0.0,0.0
2011-10-31 00:00:00-04:00,4.579345595529796,4.624685452163264,4.508096852292708,4.605254173278809,133900,0.0,0.0
2011-11-01 00:00:00-04:00,4.423894092311237,4.605254456565082,4.3591226439543735,4.385031223297119,103000,0.0,0.0
2011-11-02 00:00:00-04:00,4.488665837413059,4.5987774613265024,4.4303716844653795,4.579346179962158,66100,0.0,0.0
2011-11-03 00:00:00-04:00,4.618208301660887,4.663548156718699,4.514573685411747,4.6441168785095215,65200,0.0,0.0
2011-11-04 00:00:00-04:00,4.611731003021428,4.663548156718699,4.572868137748476,4.6441168785095215,181100,0.0,0.0
2011-11-07 00:00:00-05:00,4.644117410077705,4.717515906107185,4.577391649220688,4.664134979248047,49200,0.21,0.0
2011-11-08 00:00:00-05:00,4.697497526438855,4.844294503112659,4.630771772575078,4.7909135818481445,91300,0.0,0.0
2011-11-09 00:00:00-05:00,4.670807352263286,4.764223410219971,4.610754013061523,4.610754013061523,96600,0.0,0.0
2011-11-10 00:00:00-05:00,4.677481519756919,4.797587916778767,4.677481519756919,4.730862140655518,53200,0.0,0.0
2011-11-11 00:00:00-05:00,4.797586022258814,4.830948738059028,4.744205422439694,4.817603588104248,73000,0.0,0.0
2011-11-14 00:00:00-05:00,4.804261265730392,4.824279161530969,4.677482425630161,4.73753547668457,71200,0.0,0.0
2011-11-15 00:00:00-05:00,4.737533660524323,4.824277312117053,4.670807897058199,4.810932159423828,65100,0.0,0.0
2011-11-16 00:00:00-05:00,4.770895832973732,4.9377103703632095,4.724187647962226,4.764223098754883,64500,0.0,0.0
2011-11-17 00:00:00-05:00,4.770897693137084,4.864313781409361,4.710844334446676,4.744207382202148,72800,0.0,0.0
2011-11-18 00:00:00-05:00,4.737533713429423,4.850967671675345,4.737533713429423,4.830949783325195,28200,0.0,0.0
2011-11-21 00:00:00-05:00,4.757551003251332,4.810931607904746,4.650789475771002,4.670807361602783,61300,0.0,0.0
2011-11-22 00:00:00-05:00,4.670808868044272,4.764224956316549,4.670808868044272,4.744207382202148,53800,0.0,0.0
2011-11-23 00:00:00-05:00,4.764224836381331,4.764224836381331,4.577392664540115,4.590737819671631,77800,0.0,0.0
2011-11-25 00:00:00-05:00,4.5773904521466555,4.7041695237066286,4.557372570037842,4.557372570037842,37400,0.0,0.0
2011-11-28 00:00:00-05:00,4.7108432059759915,4.784241702551442,4.564046530998619,4.6574625968933105,88100,0.0,0.0
2011-11-29 00:00:00-05:00,4.657463712576805,4.757552537669617,4.657463712576805,4.744207382202148,80800,0.0,0.0
2011-11-30 00:00:00-05:00,4.897675813364332,4.904348230627374,4.744206398231911,4.870985507965088,260300,0.0,0.0
2011-12-01 00:00:00-05:00,4.837623249435709,4.850968404293416,4.770897475147176,4.784242630004883,94200,0.0,0.0
2011-12-02 00:00:00-05:00,4.85096923015825,4.884332282069283,4.810933758769195,4.8376240730285645,47800,0.0,0.0
2011-12-05 00:00:00-05:00,4.870985507965088,4.891003077927752,4.777569120894197,4.870985507965088,66000,0.0,0.0
2011-12-06 00:00:00-05:00,4.864312772528509,4.964401576862442,4.810932161730021,4.870985507965088,56000,0.0,0.0
2011-12-07 00:00:00-05:00,4.797585098657264,4.9243641579076876,4.797585098657264,4.877655982971191,39800,0.0,0.0
2011-12-08 00:00:00-05:00,4.810930910879025,4.891001806258174,4.6841518341086426,4.710842132568359,59600,0.0,0.0
2011-12-09 00:00:00-05:00,4.737532149037564,4.924364545308275,4.737532149037564,4.864311218261719,86400,0.0,0.0
2011-12-12 00:00:00-05:00,4.810932947261483,4.810932947261483,4.670808661949122,4.724189281463623,65500,0.0,0.0
2011-12-13 00:00:00-05:00,4.777569819651355,4.824278020018243,4.630773118485341,4.650790691375732,68600,0.0,0.0
2011-12-14 00:00:00-05:00,4.637444597134391,4.797586738679141,4.637444597134391,4.7708964347839355,94200,0.0,0.0
2011-12-15 00:00:00-05:00,4.81760493074309,4.864313127688862,4.764224316047098,4.804259777069092,63800,0.0,0.0
2011-12-16 00:00:00-05:00,4.85096923015825,4.911022596328653,4.8376240730285645,4.8376240730285645,196900,0.0,0.0
2011-12-19 00:00:00-05:00,4.8776575585037625,4.904347861896309,4.750878458302411,4.757551193237305,62700,0.0,0.0
2011-12-20 00:00:00-05:00,4.857641176213907,4.937712105943742,4.850968439649624,4.9243669509887695,91400,0.0,0.0
2011-12-21 00:00:00-05:00,4.897676305503695,4.977747229747294,4.87765841535601,4.957729339599609,41000,0.0,0.0
2011-12-22 00:00:00-05:00,4.9710724057458755,5.004435435921392,4.83762092139068,4.864311218261719,77600,0.0,0.0
2011-12-23 00:00:00-05:00,4.911020631558006,4.964401238720563,4.810931834041453,4.904347896575928,32500,0.0,0.0
2011-12-27 00:00:00-05:00,4.904347362255724,4.917692512592431,4.864311911245599,4.884329795837402,28400,0.0,0.0
2011-12-28 00:00:00-05:00,4.884331713828601,4.937712336137066,4.797588043490543,4.824278354644775,49100,0.0,0.0
2011-12-29 00:00:00-05:00,4.857639942608898,4.957728420266777,4.850967207739168,4.951056003570557,38200,0.0,0.0
2011-12-30 00:00:00-05:00,4.9310397612156205,4.971075229261884,4.891004293169356,4.911022186279297,44000,0.0,0.0
2012-01-03 00:00:00-05:00,4.991091817231336,5.044472427334313,4.971073929355953,5.00443696975708,61300,0.0,0.0
2012-01-04 00:00:00-05:00,4.9577281245848575,5.017781462136775,4.951055708286584,4.97774600982666,28800,0.0,0.0
2012-01-05 00:00:00-05:00,4.951056359654103,5.011109705106719,4.904348166727232,5.00443696975708,29100,0.0,0.0
2012-01-06 00:00:00-05:00,4.9977638749646305,5.011109344704093,4.9110205488727035,4.951056003570557,37400,0.0,0.0
2012-01-09 00:00:00-05:00,4.971073929355953,5.024454857632463,4.9644015121798475,5.00443696975708,33800,0.0,0.0
2012-01-10 00:00:00-05:00,5.0778373268956205,5.131217956542969,4.997766064250947,5.131217956542969,42500,0.0,0.0
2012-01-11 00:00:00-05:00,5.097854091886254,5.16457986831665,4.964402539025462,5.16457986831665,38700,0.0,0.0
2012-01-12 00:00:00-05:00,5.151233533554549,5.177924156188965,5.024454746452088,5.177924156188965,66900,0.0,0.0
2012-01-13 00:00:00-05:00,5.117871855745852,5.131217010697757,5.017783034519777,5.071163654327393,35000,0.0,0.0
2012-01-17 00:00:00-05:00,5.104525772786928,5.104525772786928,4.997764234407441,5.00443696975708,37900,0.0,0.0
2012-01-18 00:00:00-05:00,4.944382230733615,5.064488887786865,4.924364666673703,5.064488887786865,37600,0.0,0.0
2012-01-19 00:00:00-05:00,5.07116087984325,5.164576913397707,5.06448846510464,5.15123176574707,37400,0.0,0.0
2012-01-20 00:00:00-05:00,5.144561947008369,5.338066844673912,5.144561947008369,5.31804895401001,95500,0.0,0.0
2012-01-23 00:00:00-05:00,5.324721373421691,5.351411998776427,5.237977715996087,5.25799560546875,18400,0.0,0.0
2012-01-24 00:00:00-05:00,5.251322389658761,5.504880602880352,5.184596627804009,5.471517562866211,74200,0.0,0.0
2012-01-25 00:00:00-05:00,5.4648423542494875,5.4648423542494875,5.077833110649248,5.191267013549805,150900,0.0,0.0
2012-01-26 00:00:00-05:00,5.191269373955723,5.42480970002356,5.1845966386694995,5.378101825714111,130600,0.0,0.0
2012-01-27 00:00:00-05:00,5.3447383673601205,5.4114638059593645,5.304702595122964,5.39811897277832,32900,0.0,0.0
2012-01-30 00:00:00-05:00,5.33806483761925,5.404790902628257,5.291356655747636,5.304701805114746,84800,0.0,0.0
2012-01-31 00:00:00-05:00,5.3380669319448915,5.411465123174154,5.3047038863508025,5.331394195556641,193300,0.0,0.0
2012-02-01 00:00:00-05:00,5.358083954470821,5.624987655464537,5.311376077244439,5.584951877593994,68500,0.0,0.0
2012-02-02 00:00:00-05:00,5.571606215321849,5.604968616189052,5.4514995358894955,5.591623783111572,65200,0.0,0.0
2012-02-03 00:00:00-05:00,5.651677318072534,5.791801570135391,5.57827850639621,5.7384209632873535,83600,0.0,0.0
2012-02-06 00:00:00-05:00,5.731701929438091,5.852652472084369,5.483081867968035,5.550276756286621,45400,0.06,0.0
2012-02-07 00:00:00-05:00,5.530116420051666,5.563713855187543,5.456202575406957,5.523397445678711,60500,0.0,0.0
2012-02-08 00:00:00-05:00,5.5301183069625575,5.5435575419295695,5.429326607981945,5.48980188369751,40100,0.0,0.0
2012-02-09 00:00:00-05:00,5.496521506748468,5.51667971840141,5.436046230971647,5.449484825134277,27400,0.0,0.0
2012-02-10 00:00:00-05:00,5.402449102359491,5.456204763810389,5.402449102359491,5.409168720245361,40900,0.0,0.0
2012-02-13 00:00:00-05:00,5.436045362751955,5.516678837303317,5.4024479214844146,5.5099592208862305,23100,0.0,0.0
2012-02-14 00:00:00-05:00,5.483082266214004,5.651068858393688,5.422606990498439,5.48980188369751,34300,0.0,0.0
2012-02-15 00:00:00-05:00,5.509959910991478,5.570435184683812,5.389010004424783,5.415887832641602,76500,0.0,0.0
2012-02-16 00:00:00-05:00,5.409167618528341,5.556995977818253,5.402448002011094,5.530117511749268,38700,0.0,0.0
2012-02-17 00:00:00-05:00,5.550276361301006,5.624190220537012,5.489801094281592,5.530117511749268,73600,0.0,0.0
2012-02-21 00:00:00-05:00,5.523399330297046,5.523399330297046,5.469643672064986,5.48980188369751,23200,0.0,0.0
2012-02-22 00:00:00-05:00,5.4965219007415,5.509960495867414,5.382290958490048,5.469644069671631,22800,0.0,0.0
2012-02-23 00:00:00-05:00,5.489801694414411,5.624190835360951,5.436046038035795,5.617471218109131,54400,0.0,0.0
2012-02-24 00:00:00-05:00,5.60403246681225,5.60403246681225,5.483081922953065,5.536837577819824,24900,0.0,0.0
2012-02-27 00:00:00-05:00,5.4763608576530425,5.516677908550144,5.4494830373275684,5.503238677978516,67500,0.0,0.0
2012-02-28 00:00:00-05:00,5.4898022827695225,5.509960495867414,5.3755713405180705,5.469644069671631,43000,0.0,0.0
2012-02-29 00:00:00-05:00,5.483083262496373,5.489802881200841,5.3016577227934505,5.328535556793213,188300,0.0,0.0
2012-03-01 00:00:00-05:00,5.348692064936489,5.422605920212335,5.207583329724152,5.274777889251709,59600,0.0,0.0
2012-03-02 00:00:00-05:00,5.288216021086729,5.301654931009852,5.0866323722398805,5.140388011932373,97700,0.0,0.0
2012-03-05 00:00:00-05:00,5.113511535578885,5.362131594682022,5.113511535578885,5.241181373596191,123100,0.0,0.0
2012-03-06 00:00:00-05:00,5.200864531580332,5.247900890852161,5.053036477368701,5.0664753913879395,33500,0.0,0.0
2012-03-07 00:00:00-05:00,5.106791918647409,5.294937027412116,5.086633708670923,5.241181373596191,64800,0.0,0.0
2012-03-08 00:00:00-05:00,5.261338836955058,5.261338836955058,5.147107928601829,5.227741718292236,29500,0.0,0.0
2012-03-09 00:00:00-05:00,5.214303574561555,5.3957287469556325,5.2008643406267625,5.355412006378174,33500,0.0,0.0
2012-03-12 00:00:00-04:00,5.335253585723751,5.449484185980312,5.308375759732918,5.3688507080078125,58500,0.0,0.0
2012-03-13 00:00:00-04:00,5.429326240830326,5.543557167053223,5.389009820291627,5.543557167053223,54600,0.0,0.0
2012-03-14 00:00:00-04:00,5.543557088394859,5.543557088394859,5.4427653976603105,5.483081817626953,42200,0.0,0.0
2012-03-15 00:00:00-04:00,5.4830821396618346,5.4830821396618346,5.328534465607199,5.402448654174805,26000,0.0,0.0
2012-03-16 00:00:00-04:00,5.422606359989479,5.422606359989479,5.294936846737501,5.3688507080078125,91900,0.0,0.0
2012-03-19 00:00:00-04:00,5.335253769583038,5.543557088394859,5.335253769583038,5.483081817626953,43200,0.0,0.0
2012-03-20 00:00:00-04:00,5.429327002657808,5.54355794490926,5.382290958490048,5.469644069671631,53900,0.0,0.0
2012-03-21 00:00:00-04:00,5.476363055349369,5.530118717572775,5.395729562014259,5.429327011108398,18700,0.0,0.0
2012-03-22 00:00:00-04:00,5.368850090077022,5.395727912974338,5.2613387984877615,5.321814060211182,46900,0.0,0.0
2012-03-23 00:00:00-04:00,5.308374389710441,5.469641624443422,5.281496570656424,5.442763805389404,37700,0.0,0.0
2012-03-26 00:00:00-04:00,5.516678919532676,5.543556744783761,5.44276506029667,5.530117511749268,50400,0.0,0.0
2012-03-27 00:00:00-04:00,5.536835930499569,5.536835930499569,5.402446833316135,5.422605037689209,30200,0.0,0.0
2012-03-28 00:00:00-04:00,5.415887808638379,5.429326402278242,5.301656558609697,5.382290363311768,56100,0.0,0.0
2012-03-29 00:00:00-04:00,5.328535787914697,5.39573037582862,5.274780117583558,5.348694324493408,56400,0.0,0.0
2012-03-30 00:00:00-04:00,5.395728908216896,5.395728908216896,5.274778682869701,5.3150954246521,126800,0.0,0.0
2012-04-02 00:00:00-04:00,5.3083755345078245,5.5099592208862305,5.3083755345078245,5.5099592208862305,55100,0.0,0.0
2012-04-03 00:00:00-04:00,5.489801675702549,5.489801675702549,5.294937261789765,5.382290363311768,73400,0.0,0.0
2012-04-04 00:00:00-04:00,5.308375940866097,5.3218148543200785,5.221022843210735,5.241181373596191,43000,0.0,0.0
2012-04-05 00:00:00-04:00,5.2143022976820355,5.261338323299725,5.194143772125244,5.194143772125244,20700,0.0,0.0
2012-04-09 00:00:00-04:00,5.086631944926861,5.12694867130934,5.039595603942871,5.039595603942871,31800,0.0,0.0
2012-04-10 00:00:00-04:00,5.039597463569673,5.066475291075993,4.770818868097495,4.851452350616455,91700,0.0,0.0
2012-04-11 00:00:00-04:00,4.9186458568200395,5.005998611450195,4.905206946845485,5.005998611450195,44900,0.0,0.0
2012-04-12 00:00:00-04:00,4.98584209432441,5.086634113454571,4.905208607183879,5.019439220428467,49700,0.0,0.0
2012-04-13 00:00:00-04:00,4.979122380863484,5.012719826728796,4.811135792354902,4.844733238220215,35000,0.0,0.0
2012-04-16 00:00:00-04:00,4.851449845429615,4.992558527176723,4.851449845429615,4.932083606719971,18100,0.0,0.0
2012-04-17 00:00:00-04:00,4.999279850067192,5.086632934426404,4.972402027250347,5.032876968383789,48400,0.0,0.0
2012-04-18 00:00:00-04:00,4.979119484677968,4.979119484677968,4.8783278465271,4.8783278465271,32300,0.0,0.0
2012-04-19 00:00:00-04:00,4.885049904400155,4.938805560614404,4.784257888793945,4.784257888793945,46800,0.0,0.0
2012-04-20 00:00:00-04:00,4.878329780734679,4.945524339613477,4.804415605763536,4.871610164642334,52800,0.0,0.0
2012-04-23 00:00:00-04:00,4.784259058176966,4.8514536448686805,4.723784090358954,4.770820140838623,39600,0.0,0.0
2012-04-24 00:00:00-04:00,4.770818426574465,4.9052078720777565,4.770818426574465,4.885049343109131,32900,0.0,0.0
2012-04-25 00:00:00-04:00,4.945524582081083,5.01943844026712,4.8447325786168225,4.891768932342529,86700,0.0,0.0
2012-04-26 00:00:00-04:00,4.864891078273737,4.9320859648781195,4.79097721566326,4.898488521575928,37100,0.0,0.0
2012-04-27 00:00:00-04:00,4.905208688850691,5.039597836322353,4.871611241778274,4.9589643478393555,61700,0.0,0.0
2012-04-30 00:00:00-04:00,4.972403179800988,5.079914495988362,4.9320864362307235,5.019439220428467,83000,0.0,0.0
2012-05-01 00:00:00-04:00,5.039596468341873,5.180705195088159,4.979121208190918,4.979121208190918,49000,0.0,0.0
2012-05-02 00:00:00-04:00,4.965680713549542,5.0395948612286965,4.90520579309279,4.932083606719971,46000,0.0,0.0
2012-05-03 00:00:00-04:00,4.932085361013645,5.019438126168087,4.891768626232611,4.972402095794678,50000,0.0,0.0
2012-05-04 00:00:00-04:00,4.938805718952018,4.938805718952018,4.811135871145602,4.864891529083252,53200,0.0,0.0
2012-05-07 00:00:00-04:00,4.838013251795569,4.9320859648781195,4.838013251795569,4.898488521575928,18000,0.0,0.0
2012-05-08 00:00:00-04:00,4.857267251214494,5.111466442649156,4.857267251214494,5.077115058898926,61600,0.16,0.0
2012-05-09 00:00:00-04:00,5.015281787179466,5.097724694684035,4.953449442751544,5.042762756347656,40000,0.0,0.0
2012-05-10 00:00:00-04:00,5.070244312286377,5.145816822445276,4.994671474528447,5.070244312286377,26000,0.0,0.0
2012-05-11 00:00:00-04:00,5.022153552256724,5.035894041455274,4.912229638668331,4.93971061706543,49800,0.0,0.0
2012-05-14 00:00:00-04:00,4.88474688779073,4.912227856216077,4.809174060821533,4.809174060821533,34200,0.0,0.0
2012-05-15 00:00:00-04:00,4.809176968064809,4.857268855681162,4.767955490507584,4.774825572967529,25000,0.0,0.0
2012-05-16 00:00:00-04:00,4.774823213359019,4.871006941059926,4.774823213359019,4.822915077209473,24000,0.0,0.0
2012-05-17 00:00:00-04:00,4.816044890038026,4.946579337732377,4.781693512687504,4.79543399810791,47600,0.0,0.0
2012-05-18 00:00:00-04:00,4.781694716262424,4.912229524412011,4.781694716262424,4.864137649536133,145600,0.0,0.0
2012-05-21 00:00:00-04:00,4.871006320528627,4.994670676334243,4.822914462804731,4.987800598144531,36400,0.0,0.0
2012-05-22 00:00:00-04:00,4.987801132073188,4.99467121099832,4.8710068419548165,4.919098377227783,69000,0.0,0.0
2012-05-23 00:00:00-04:00,4.86413695897465,4.980931261663999,4.77482363014173,4.932839393615723,53000,0.0,0.0
2012-05-24 00:00:00-04:00,4.960320759987272,4.960320759987272,4.857267263670462,4.953450679779053,35000,0.0,0.0
2012-05-25 00:00:00-04:00,4.967190529286514,4.967190529286514,4.8503962323684515,4.912228584289551,536100,0.0,0.0
2012-05-29 00:00:00-04:00,4.967190529286514,4.967190529286514,4.877877204866933,4.912228584289551,23900,0.0,0.0
2012-05-30 00:00:00-04:00,4.8572681866622744,4.871008677288795,4.809176305669887,4.816046714782715,36000,0.0,0.0
2012-05-31 00:00:00-04:00,4.816046102259351,4.925970013290962,4.816046102259351,4.864137649536133,80600,0.0,0.0
2012-06-01 00:00:00-04:00,4.767952608183513,4.905357450310248,4.767952608183513,4.809174060821533,129600,0.0,0.0
2012-06-04 00:00:00-04:00,4.843525519893901,4.898487457706197,4.822914629414795,4.871006488800049,81600,0.0,0.0
2012-06-05 00:00:00-04:00,4.816045812606626,4.939710205079608,4.802304996954997,4.82978630065918,65300,0.0,0.0
2012-06-06 00:00:00-04:00,4.8778767854662615,4.925968647003174,4.829785251528353,4.925968647003174,48400,0.0,0.0
2012-06-07 00:00:00-04:00,5.008411988034236,5.008411988034236,4.9053581773654145,4.912228584289551,69500,0.0,0.0
2012-06-08 00:00:00-04:00,4.891618319909707,4.980931655810079,4.877877831894193,4.953450679779053,137600,0.0,0.0
2012-06-11 00:00:00-04:00,5.001542776033838,5.001542776033838,4.850397073482763,4.884748458862305,61900,0.0,0.0
2012-06-12 00:00:00-04:00,4.871008171072684,4.9809320846610765,4.829786703477036,4.93971061706543,42500,0.0,0.0
2012-06-13 00:00:00-04:00,4.953450991048864,4.980931968806767,4.829786591138302,4.864137649536133,41400,0.0,0.0
2012-06-14 00:00:00-04:00,4.884746171372815,5.042761880442789,4.884746171372815,5.022150993347168,60000,0.0,0.0
2012-06-15 00:00:00-04:00,5.008412276112299,5.06337422427061,4.980931302033143,5.029023170471191,96600,0.0,0.0
2012-06-18 00:00:00-04:00,4.974061248002785,4.980931655810079,4.932839783956246,4.953450679779053,59200,0.0,0.0
2012-06-19 00:00:00-04:00,4.960319302588749,5.0565030180365405,4.953449224399037,4.987800598144531,75000,0.0,0.0
2012-06-20 00:00:00-04:00,4.974061965942383,5.042764743535354,4.967191884742559,4.974061965942383,39800,0.0,0.0
2012-06-21 00:00:00-04:00,4.967190396436335,4.967190396436335,4.8297855376188945,4.836655616760254,38300,0.0,0.0
2012-06-22 00:00:00-04:00,4.891617352379269,4.932838808272469,4.877876867081535,4.905357837677002,345000,0.0,0.0
2012-06-25 00:00:00-04:00,4.836654527667985,4.912227346800003,4.836654527667985,4.843524932861328,25600,0.0,0.0
2012-06-26 00:00:00-04:00,4.877875386487696,4.932837310995898,4.843524347469525,4.891615867614746,23300,0.0,0.0
2012-06-27 00:00:00-04:00,4.898488727717001,4.967191167794566,4.898488727717001,4.953450679779053,23500,0.0,0.0
2012-06-28 00:00:00-04:00,4.891617352379269,4.932838808272469,4.81604484704124,4.905357837677002,33100,0.0,0.0
2012-06-29 00:00:00-04:00,4.987801182904633,5.022152233078398,4.96719029072116,5.015282154083252,72800,0.0,0.0
2012-07-02 00:00:00-04:00,5.008412685531199,5.145817567159307,4.919099348673389,5.138947486877441,43200,0.0,0.0
2012-07-03 00:00:00-04:00,5.118336641879068,5.32444429397583,5.111466561528687,5.32444429397583,48500,0.0,0.0
2012-07-05 00:00:00-04:00,5.2969633173761395,5.2969633173761395,5.138947538128377,5.152688026428223,55900,0.0,0.0
2012-07-06 00:00:00-04:00,5.104596102670874,5.159558382921197,5.097726022389009,5.138947486877441,63500,0.0,0.0
2012-07-09 00:00:00-04:00,5.118336590833685,5.1870393592468185,5.118336590833685,5.138947486877441,28500,0.0,0.0
2012-07-10 00:00:00-04:00,5.166428853842091,5.207650321447321,5.13207746703818,5.1595587730407715,58800,0.0,0.0
2012-07-11 00:00:00-04:00,5.166428016347504,5.166428016347504,5.077114687214597,5.10459566116333,80400,0.0,0.0
2012-07-12 00:00:00-04:00,5.0496334722413465,5.132076390152454,5.0427633928816045,5.083984851837158,55000,0.0,0.0
2012-07-13 00:00:00-04:00,5.083985584928996,5.207649979627604,5.083985584928996,5.152688026428223,132400,0.0,0.0
2012-07-16 00:00:00-04:00,5.125206022438526,5.152686993529429,5.083984565802173,5.090854644775391,29700,0.0,0.0
2012-07-17 00:00:00-04:00,5.138946616429584,5.138946616429584,4.953449893852005,5.118335723876953,65300,0.0,0.0
2012-07-18 00:00:00-04:00,5.125205437928549,5.138945921906951,4.9328383346319455,4.987800598144531,60800,0.0,0.0
2012-07-19 00:00:00-04:00,5.022150993347168,5.077112922136909,4.994670028952298,5.022150993347168,76800,0.0,0.0
2012-07-20 00:00:00-04:00,5.0290226396725615,5.049633204257017,5.015282154083252,5.015282154083252,107500,0.0,0.0
2012-07-23 00:00:00-04:00,4.919099781218618,5.077115572785093,4.919099781218618,5.001543045043945,65700,0.0,0.0
2012-07-24 00:00:00-04:00,5.035893607872132,5.049634095887645,4.932839783956246,4.953450679779053,39200,0.0,0.0
2012-07-25 00:00:00-04:00,5.001542228958288,5.035893282981374,4.960320439972098,4.994671821594238,25800,0.0,0.0
2012-07-26 00:00:00-04:00,5.056502362640225,5.056502362640225,4.980929546754862,5.022150993347168,51400,0.0,0.0
2012-07-27 00:00:00-04:00,5.035893226291498,5.132076635112062,5.015282659629474,5.10459566116333,75500,0.0,0.0
2012-07-30 00:00:00-04:00,5.132076443743423,5.138946850773943,5.083984904925939,5.0977253913879395,54400,0.0,0.0
2012-07-31 00:00:00-04:00,5.0977235998746115,5.180166489673384,5.0977235998746115,5.125204563140869,35100,0.0,0.0
2012-08-01 00:00:00-04:00,5.1320770108200335,5.200779778320493,5.049634082938372,5.077115058898926,98300,0.0,0.0
2012-08-02 00:00:00-04:00,5.063374570918649,5.145817498800311,5.063374570918649,5.077115058898926,65000,0.0,0.0
2012-08-03 00:00:00-04:00,5.152687338185152,5.26261122990141,5.029022960004362,5.2213897705078125,88000,0.0,0.0
2012-08-06 00:00:00-04:00,5.24887079666246,5.324443636783244,5.152687390435398,5.235130310058594,31300,0.0,0.0
2012-08-07 00:00:00-04:00,5.283605394887394,5.359777710842627,5.228207226847542,5.339003562927246,40700,0.06,0.0
2012-08-08 00:00:00-04:00,5.311303133678015,5.325152672180213,5.228205902664829,5.2489800453186035,23900,0.0,0.0
2012-08-09 00:00:00-04:00,5.242055020368047,5.242055020368047,5.165882399621093,5.214355945587158,21500,0.0,0.0
2012-08-10 00:00:00-04:00,5.2143562440766855,5.2143562440766855,5.131258684778181,5.145108222961426,29900,0.0,0.0
2012-08-13 00:00:00-04:00,5.1035601419891545,5.158958300514013,5.041237378748224,5.110485076904297,37800,0.0,0.0
2012-08-14 00:00:00-04:00,5.1243342517195565,5.165882867655236,5.103559778652193,5.15203332901001,33100,0.0,0.0
2012-08-15 00:00:00-04:00,5.117409259460797,5.20050682059204,5.117409259460797,5.186656951904297,32100,0.0,0.0
2012-08-16 00:00:00-04:00,5.172807224041541,5.242055244148947,5.131258610096516,5.235130310058594,35600,0.0,0.0
2012-08-17 00:00:00-04:00,5.2143560399191236,5.366700953970057,5.186656634438112,5.359776020050049,42100,0.0,0.0
2012-08-20 00:00:00-04:00,5.325153094164364,5.373626647862795,5.325153094164364,5.3459272384643555,11900,0.0,0.0
2012-08-21 00:00:00-04:00,5.366702436782326,5.422100602652737,5.228207022106299,5.255906105041504,34800,0.0,0.0
2012-08-22 00:00:00-04:00,5.2420562820169,5.325153526359266,5.117410085304255,5.2697553634643555,15200,0.0,0.0
2012-08-23 00:00:00-04:00,5.2489788457817195,5.2489788457817195,5.145107165653267,5.165881633758545,19800,0.0,0.0
2012-08-24 00:00:00-04:00,5.138185484955526,5.2766809170840485,5.138185484955526,5.2005085945129395,37200,0.0,0.0
2012-08-27 00:00:00-04:00,5.207431483590916,5.221281022236143,5.082785635783877,5.15203332901001,37600,0.0,0.0
2012-08-28 00:00:00-04:00,5.152033807220722,5.179732887082198,5.082786107567031,5.089710712432861,43000,0.0,0.0
2012-08-29 00:00:00-04:00,5.152034645424659,5.152034645424659,4.909667492105578,5.041238307952881,64000,0.0,0.0
2012-08-30 00:00:00-04:00,5.048161784890575,5.089710402149869,4.958139615729243,4.971989154815674,49200,0.0,0.0
2012-08-31 00:00:00-04:00,5.027388231506977,5.027388231506977,4.923516511066096,5.013538360595703,216400,0.0,0.0
2012-09-04 00:00:00-04:00,5.020461206557183,5.110483348819062,4.9373639968688146,5.062009811401367,71900,0.0,0.0
2012-09-05 00:00:00-04:00,5.082784175872803,5.1104832452073445,4.985837103002952,5.082784175872803,77300,0.0,0.0
2012-09-06 00:00:00-04:00,5.117408633885544,5.131258170681214,5.0135369428185195,5.075860023498535,67900,0.0,0.0
2012-09-07 00:00:00-04:00,5.117409372173727,5.117409372173727,5.020462600617536,5.055086612701416,68600,0.0,0.0
2012-09-10 00:00:00-04:00,5.034311573369356,5.15895740849825,4.978913424423181,5.0204620361328125,55300,0.0,0.0
2012-09-11 00:00:00-04:00,5.006612670514959,5.082785293026532,4.978913595092391,5.0273871421813965,109600,0.0,0.0
2012-09-12 00:00:00-04:00,5.034313601147131,5.041238537654214,4.958140950564952,4.99968957901001,60900,0.0,0.0
2012-09-13 00:00:00-04:00,4.999688321109692,5.075860952527161,4.944290163787555,5.068936347961426,166000,0.0,0.0
2012-09-14 00:00:00-04:00,5.068936347961426,5.117409570518763,4.965064637882888,5.068936347961426,97300,0.0,0.0
2012-09-17 00:00:00-04:00,5.048162478012882,5.15895880591688,4.971989837479333,5.117410182952881,447300,0.0,0.0
2012-09-18 00:00:00-04:00,5.075860311851922,5.17973200881977,5.020462161522142,5.12433385848999,160900,0.0,0.0
2012-09-19 00:00:00-04:00,5.152031925373433,5.186655597453988,5.103558388221907,5.158956527709961,58500,0.0,0.0
2012-09-20 00:00:00-04:00,5.131258964538574,5.145108503476907,5.075860808785243,5.131258964538574,36200,0.0,0.0
2012-09-21 00:00:00-04:00,5.1935817717023,5.1935817717023,5.124334080786077,5.145108222961426,120700,0.0,0.0
2012-09-24 00:00:00-04:00,5.131259901633965,5.262830710675749,5.048162652828349,5.255906105041504,81300,0.0,0.0
2012-09-25 00:00:00-04:00,5.2559046657528,5.262829269490794,5.172807109503689,5.193581581115723,87400,0.0,0.0
2012-09-26 00:00:00-04:00,5.214356086662952,5.311302851018985,5.1589576054033355,5.262829303741455,46100,0.0,0.0
2012-09-27 00:00:00-04:00,5.269754203427814,5.269754203427814,5.145108034153661,5.193581581115723,66700,0.0,0.0
2012-09-28 00:00:00-04:00,5.158957874926897,5.269754513035541,5.158957874926897,5.186656951904297,69700,0.0,0.0
2012-10-01 00:00:00-04:00,5.228207680938644,5.235132287445492,5.1174110050366695,5.2005085945129395,55400,0.0,0.0
2012-10-02 00:00:00-04:00,5.228204532268986,5.228204532268986,5.11740792309392,5.158956527709961,60500,0.0,0.0
2012-10-03 00:00:00-04:00,5.138183618969322,5.18665683751116,5.1174091465949365,5.145108222961426,51700,0.0,0.0
2012-10-04 00:00:00-04:00,5.152033720136746,5.193582339226671,5.082786021653539,5.179732799530029,63000,0.0,0.0
2012-10-05 00:00:00-04:00,5.193580704432937,5.242054243212606,5.117408094978876,5.165881633758545,50300,0.0,0.0
2012-10-08 00:00:00-04:00,5.124334531186617,5.214356702389674,5.082785912984989,5.138184070587158,30500,0.0,0.0
2012-10-09 00:00:00-04:00,5.165882867655236,5.19358194494569,5.0897102400069665,5.15203332901001,61800,0.0,0.0
2012-10-10 00:00:00-04:00,5.186655771664855,5.193580704432937,5.117408094978876,5.165881633758545,66400,0.0,0.0
2012-10-11 00:00:00-04:00,5.207431483590916,5.207431483590916,5.096635174429104,5.15203332901001,57900,0.0,0.0
2012-10-12 00:00:00-04:00,5.1589580424152395,5.186657120291906,5.117409425600242,5.131258964538574,58800,0.0,0.0
2012-10-15 00:00:00-04:00,5.15895821458844,5.15895821458844,5.082785912984989,5.138184070587158,48900,0.0,0.0
2012-10-16 00:00:00-04:00,5.179731796556702,5.179731796556702,4.992762881756085,5.048161029815674,141400,0.0,0.0
2012-10-17 00:00:00-04:00,5.068936151495158,5.075860755792503,4.978913984236312,5.055086612701416,67200,0.0,0.0
2012-10-18 00:00:00-04:00,5.055086116134227,5.055086116134227,4.909665807985227,4.9304399490356445,86800,0.0,0.0
2012-10-19 00:00:00-04:00,4.902739676719062,5.034310415299808,4.847341540516418,5.006611347198486,122500,0.0,0.0
2012-10-22 00:00:00-04:00,4.9858380171315355,5.020462025247329,4.868117115975665,4.958138942718506,231300,0.0,0.0
2012-10-23 00:00:00-04:00,4.951215744018555,4.9789148262906195,4.881968038338394,4.951215744018555,73600,0.0,0.0
2012-10-24 00:00:00-04:00,4.951215095893893,4.95813970045591,4.8819673992784045,4.9442901611328125,43200,0.0,0.0
2012-10-25 00:00:00-04:00,4.992765252817212,4.999689859513648,4.888893510777352,4.916592597961426,39600,0.0,0.0
2012-10-26 00:00:00-04:00,4.951215744018555,4.9789148262906195,4.84734402039876,4.951215744018555,73000,0.0,0.0
2012-10-31 00:00:00-04:00,4.971988411134235,5.089709640860366,4.916590263074646,5.048161029815674,91800,0.0,0.0
2012-11-01 00:00:00-04:00,5.0620110390255055,5.0620110390255055,4.930440260011281,4.985838413238525,114900,0.0,0.0
2012-11-02 00:00:00-04:00,5.006613819480634,5.027388295914598,4.916591638598625,4.978914737701416,114000,0.0,0.0
2012-11-05 00:00:00-05:00,4.985839431759082,4.985839431759082,4.895817579474426,4.951215744018555,747100,0.0,0.0
2012-11-06 00:00:00-05:00,4.978913595092391,5.034311745937526,4.902740972580817,5.0273871421813965,75200,0.0,0.0
2012-11-07 00:00:00-05:00,5.048630171193023,5.048630171193023,4.87869013283777,4.907013416290283,163300,0.16,0.0
2012-11-08 00:00:00-05:00,4.885772228240967,5.020308023907862,4.850367947092745,4.885772228240967,88500,0.0,0.0
2012-11-09 00:00:00-05:00,4.885771330133206,4.9353369094612205,4.850367055493036,4.871609687805176,59300,0.0,0.0
2012-11-12 00:00:00-05:00,4.892851613030514,4.907013254289236,4.793720124219462,4.843286037445068,73200,0.0,0.0
2012-11-13 00:00:00-05:00,4.7795586585998535,4.829124573646907,4.7441543853319335,4.7795586585998535,138000,0.0,0.0
2012-11-14 00:00:00-05:00,4.814964128489333,4.822044782318507,4.694589974631061,4.7229132652282715,196700,0.0,0.0
2012-11-15 00:00:00-05:00,4.722910606464656,4.850365342401429,4.652102419833116,4.666264057159424,129300,0.0,0.0
2012-11-16 00:00:00-05:00,4.652102800053163,4.71583000440999,4.567132631510568,4.67334508895874,114500,0.0,0.0
2012-11-19 00:00:00-05:00,4.722913283517779,4.729993937374373,4.645024065253696,4.7016706466674805,87000,0.0,0.0
2012-11-20 00:00:00-05:00,4.708750151296722,4.729992443799149,4.623780306006712,4.7158308029174805,82600,0.0,0.0
2012-11-21 00:00:00-05:00,4.708750247955322,4.751235171472434,4.6804269656105815,4.708750247955322,165700,0.0,0.0
2012-11-23 00:00:00-05:00,4.701669623813925,4.744154550631619,4.673346339268796,4.73707389831543,220800,0.0,0.0
2012-11-26 00:00:00-05:00,4.7512346807269985,4.8786894381137875,4.652103202759495,4.857447147369385,321300,0.0,0.0
2012-11-27 00:00:00-05:00,4.878689279957919,5.006144370853032,4.878689279957919,4.899931907653809,89200,0.0,0.0
2012-11-28 00:00:00-05:00,4.871610123460361,4.907014063626424,4.814963549082484,4.864529132843018,53800,0.0,0.0
2012-11-29 00:00:00-05:00,4.907012780067198,4.991982957048028,4.885770489052088,4.949497699737549,56100,0.0,0.0
2012-11-30 00:00:00-05:00,4.970739901644745,4.999063178993367,4.8008002375530054,4.935335636138916,297500,0.0,0.0
2012-12-03 00:00:00-05:00,4.970740328392788,4.970740328392788,4.814962289601503,4.949497699737549,208300,0.0,0.0
2012-12-04 00:00:00-05:00,4.935336059847432,4.956578688502671,4.892851140177082,4.949497699737549,29400,0.0,0.0
2012-12-05 00:00:00-05:00,4.956577505037068,4.956577505037068,4.836203425892332,4.878688335418701,52000,0.0,0.0
2012-12-06 00:00:00-05:00,4.885770788594722,5.0203065446191735,4.885770788594722,5.013225555419922,83300,0.0,0.0
2012-12-07 00:00:00-05:00,5.055710671253291,5.133599867226314,4.907013268777591,5.105276584625244,178500,0.0,0.0
2012-12-10 00:00:00-05:00,5.126518661096,5.16900392084223,5.06279144675695,5.161922931671143,98900,0.0,0.0
2012-12-11 00:00:00-05:00,5.197327256706211,5.197327256706211,5.1052764223584095,5.147761344909668,142000,0.0,0.0
2012-12-12 00:00:00-05:00,5.140679957384229,5.140679957384229,5.069871425628662,5.069871425628662,95200,0.0,0.0
2012-12-13 00:00:00-05:00,5.062791145162812,5.119437704596446,5.006144585729179,5.0981950759887695,626900,0.0,0.0
2012-12-14 00:00:00-05:00,5.0981947470248565,5.13359901320646,5.0769524574279785,5.0769524574279785,92500,0.0,0.0
2012-12-17 00:00:00-05:00,5.091114728161005,5.17608457237317,5.06987209828789,5.161922931671143,653800,0.0,0.0
2012-12-18 00:00:00-05:00,5.1548421729949805,5.211488734625671,5.133599543563401,5.190246105194092,126900,0.0,0.0
2012-12-19 00:00:00-05:00,5.169004995782785,5.268136501312256,5.154843352135718,5.268136501312256,83300,0.0,0.0
2012-12-20 00:00:00-05:00,5.253972587684074,5.282295862741125,5.161921774928622,5.218568325042725,83400,0.0,0.0
2012-12-21 00:00:00-05:00,5.190246255878609,5.225650526745727,5.098195421736223,5.169003963470459,196700,0.0,0.0
2012-12-24 00:00:00-05:00,5.154840801780264,5.204406361202349,5.133598177999334,5.176083087921143,13800,0.0,0.0
2012-12-26 00:00:00-05:00,5.176084615059792,5.204407896697426,5.09111477014689,5.169003963470459,21600,0.0,0.0
2012-12-27 00:00:00-05:00,5.190247270531462,5.204408914118771,4.977822616721845,5.154843330383301,59700,0.0,0.0
2012-12-28 00:00:00-05:00,5.119439431646067,5.119439431646067,4.928257060241867,5.027388572692871,87300,0.0,0.0
2012-12-31 00:00:00-05:00,5.027385462040547,5.126516913154802,5.013223826167082,5.119436264038086,93600,0.0,0.0
2013-01-02 00:00:00-05:00,5.190246213075198,5.190246213075198,5.1052763688630325,5.161922931671143,155300,0.0,0.0
2013-01-03 00:00:00-05:00,5.169003612920938,5.169003612920938,5.013225236838319,5.0981950759887695,87800,0.0,0.0
2013-01-04 00:00:00-05:00,5.13359902201632,5.13359902201632,4.999063282991494,5.0557098388671875,101100,0.0,0.0
2013-01-07 00:00:00-05:00,5.062790723193075,5.084033012390137,4.991982529802702,5.084033012390137,46400,0.0,0.0
2013-01-08 00:00:00-05:00,5.062789720544226,5.126516913154802,5.006143177050365,5.119436264038086,29200,0.0,0.0
2013-01-09 00:00:00-05:00,5.098195649769808,5.098195649769808,5.041549083960836,5.0911149978637695,65900,0.0,0.0
2013-01-10 00:00:00-05:00,5.098195649769808,5.098195649769808,5.034468432054798,5.0911149978637695,67000,0.0,0.0
2013-01-11 00:00:00-05:00,5.098195649769808,5.098195649769808,5.048630073507041,5.0911149978637695,39500,0.0,0.0
2013-01-14 00:00:00-05:00,5.084033108080235,5.0981947470248565,5.069871469135615,5.0769524574279785,73400,0.0,0.0
2013-01-15 00:00:00-05:00,5.048628084670761,5.126516913154802,5.048628084670761,5.119436264038086,144500,0.0,0.0
2013-01-16 00:00:00-05:00,5.098194326373133,5.098194326373133,5.041547775268555,5.041547775268555,30100,0.0,0.0
2013-01-17 00:00:00-05:00,5.069871477836111,5.076952466140626,5.041548199898264,5.0557098388671875,56800,0.0,0.0
2013-01-18 00:00:00-05:00,5.048629188202779,5.069871477836111,5.034467549233855,5.0557098388671875,57700,0.0,0.0
2013-01-22 00:00:00-05:00,5.034468697709297,5.133600193105883,5.034468697709297,5.126519203186035,62200,0.0,0.0
2013-01-23 00:00:00-05:00,5.133599867226314,5.147761508526849,5.076953302024174,5.105276584625244,121100,0.0,0.0
2013-01-24 00:00:00-05:00,5.126518768828301,5.183165670466977,5.1123571278286715,5.133599758148193,64500,0.0,0.0
2013-01-25 00:00:00-05:00,5.133598969152631,5.161922246798817,5.048629136214075,5.069871425628662,111900,0.0,0.0
2013-01-28 00:00:00-05:00,5.062790818483357,5.091114096372599,5.034467540594116,5.0769524574279785,70400,0.0,0.0
2013-01-29 00:00:00-05:00,5.062790818483357,5.112356385969477,5.055709830190994,5.0769524574279785,60100,0.0,0.0
2013-01-30 00:00:00-05:00,5.0557095163284425,5.190245246770302,5.041547878262987,5.183164596557617,94000,0.0,0.0
2013-01-31 00:00:00-05:00,5.204409123641031,5.353106556114223,5.1831668262249915,5.338944911956787,791900,0.0,0.0
2013-02-01 00:00:00-05:00,5.346025960210113,5.544288980541268,5.310621680616576,5.459319114685059,246600,0.0,0.0
2013-02-04 00:00:00-05:00,5.487863698844505,5.552091080717383,5.4450455576920325,5.494999885559082,85900,0.06,0.0
2013-02-05 00:00:00-05:00,5.459316179941034,5.587770554187477,5.452179655672128,5.516407012939453,117700,0.0,0.0
2013-02-06 00:00:00-05:00,5.494999909519471,5.494999909519471,5.430772867654875,5.480727195739746,59900,0.0,0.0
2013-02-07 00:00:00-05:00,5.480727615169665,5.480727615169665,5.3665458961937444,5.416500568389893,53800,0.0,0.0
2013-02-08 00:00:00-05:00,5.409363603254136,5.509272599276573,5.395090889536645,5.494999885559082,63700,0.0,0.0
2013-02-11 00:00:00-05:00,5.466454603026369,5.5092727453138455,5.352272890259765,5.409363746643066,67600,0.0,0.0
2013-02-12 00:00:00-05:00,5.387954919556093,5.559227491055537,5.387954919556093,5.544954776763916,71600,0.0,0.0
2013-02-13 00:00:00-05:00,5.544953145697437,5.566362380981445,5.530680435604182,5.566362380981445,25300,0.0,0.0
2013-02-14 00:00:00-05:00,5.566362380981445,5.566362380981445,5.55208967088819,5.566362380981445,22300,0.0,0.0
2013-02-15 00:00:00-05:00,5.566363380328451,5.566363380328451,5.516408715889413,5.53781795501709,70000,0.0,0.0
2013-02-19 00:00:00-05:00,5.530681067555981,5.5734992027282715,5.5235445415497875,5.5734992027282715,69000,0.0,0.0
2013-02-20 00:00:00-05:00,5.580637290741739,5.637728153617725,5.502137184143066,5.502137184143066,51500,0.0,0.0
2013-02-21 00:00:00-05:00,5.509273052215576,5.5877731542597475,5.480727622433762,5.509273052215576,23300,0.0,0.0
2013-02-22 00:00:00-05:00,5.53781795501709,5.559226853856455,5.473590577922371,5.53781795501709,47800,0.0,0.0
2013-02-25 00:00:00-05:00,5.537817650346639,5.552090362217088,5.323726632001621,5.33799934387207,66800,0.0,0.0
2013-02-26 00:00:00-05:00,5.366546214668409,5.552091859303746,5.366546214668409,5.502137184143066,48100,0.0,0.0
2013-02-27 00:00:00-05:00,5.494997780420943,5.594907078456383,5.480725072171338,5.516407012939453,104500,0.0,0.0
2013-02-28 00:00:00-05:00,5.509272324085965,5.602045128759782,5.509272324085965,5.559226989746094,66900,0.0,0.0
2013-03-01 00:00:00-05:00,5.509272324085965,5.580636229397098,5.494999611081402,5.559226989746094,31200,0.0,0.0
2013-03-04 00:00:00-05:00,5.523544902073097,5.573499566512136,5.452181338794694,5.53781795501709,48800,0.0,0.0
2013-03-05 00:00:00-05:00,5.544954995830328,5.602045855252317,5.5021368512638364,5.59490966796875,30200,0.0,0.0
2013-03-06 00:00:00-05:00,5.580635210077499,5.602044105529785,5.566362499679889,5.602044105529785,14100,0.0,0.0
2013-03-07 00:00:00-05:00,5.58777314039682,5.6091823828242475,5.480727608836408,5.59490966796875,29100,0.0,0.0
2013-03-08 00:00:00-05:00,5.616316774875173,5.637726010459226,5.587771354288606,5.630589485168457,21900,0.0,0.0
2013-03-11 00:00:00-04:00,5.60918256618637,5.637727996830504,5.5806371355422355,5.587773323059082,25200,0.0,0.0
2013-03-12 00:00:00-04:00,5.594907879579375,5.644862195461741,5.552089748699523,5.630589485168457,28900,0.0,0.0
2013-03-13 00:00:00-04:00,5.6163199487951,5.644865385513393,5.594911041400604,5.6234564781188965,38700,0.0,0.0
2013-03-14 00:00:00-04:00,5.644862116350222,5.644862116350222,5.544953145697437,5.566362380981445,58100,0.0,0.0
2013-03-15 00:00:00-04:00,5.580635210077499,5.616316815927394,5.566362499679889,5.602044105529785,146400,0.0,0.0
2013-03-18 00:00:00-04:00,5.566365604682311,5.6234564781188965,5.5306836386402205,5.6234564781188965,46000,0.0,0.0
2013-03-19 00:00:00-04:00,5.602043262437082,5.602043262437082,5.4379069474225235,5.516407012939453,64100,0.0,0.0
2013-03-20 00:00:00-04:00,5.552089214324951,5.573498107560197,5.516407271881911,5.552089214324951,39000,0.0,0.0
2013-03-21 00:00:00-04:00,5.5306805131154695,5.666271431045795,5.5306805131154695,5.630589485168457,47400,0.0,0.0
2013-03-22 00:00:00-04:00,5.659134926385064,5.659134926385064,5.530680533277236,5.616316795349121,39800,0.0,0.0
2013-03-25 00:00:00-04:00,5.5520905546532004,5.637726828844054,5.530681315961335,5.6091814041137695,35900,0.0,0.0
2013-03-26 00:00:00-04:00,5.637727826522104,5.637727826522104,5.487864150023398,5.509273052215576,60500,0.0,0.0
2013-03-27 00:00:00-04:00,5.487863407509853,5.537818073013293,5.337999751287854,5.380817890167236,57800,0.0,0.0
2013-03-28 00:00:00-04:00,5.409361784841011,5.559225398640626,5.337998240243153,5.552089214324951,255500,0.0,0.0
2013-04-01 00:00:00-04:00,5.530681839996978,5.530681839996978,5.452181744406609,5.494999885559082,59400,0.0,0.0
2013-04-02 00:00:00-04:00,5.4949991518078605,5.580635762966025,5.259499236771566,5.352272033691406,251800,0.0,0.0
2013-04-03 00:00:00-04:00,5.345136653741577,5.580636959561961,5.345136653741577,5.416500568389893,50200,0.0,0.0
2013-04-04 00:00:00-04:00,5.4236343124121555,5.466452437739173,5.402225419892751,5.459316253662109,30600,0.0,0.0
2013-04-05 00:00:00-04:00,5.38795514578705,5.552091537176662,5.359409716005235,5.509273052215576,83000,0.0,0.0
2013-04-08 00:00:00-04:00,5.537818439820452,5.537818439820452,5.3808182465752115,5.452181816101074,30200,0.0,0.0
2013-04-09 00:00:00-04:00,5.437909054400569,5.502136436553504,5.387954726315698,5.480727195739746,39900,0.0,0.0
2013-04-10 00:00:00-04:00,5.4807273923074495,5.6020456339303975,5.4807273923074495,5.544954776763916,221700,0.0,0.0
2013-04-11 00:00:00-04:00,5.5021357094829,5.580635795042297,5.4593175738018545,5.530681133270264,17500,0.0,0.0
2013-04-12 00:00:00-04:00,5.502136412561996,5.530681839996978,5.423636316971627,5.494999885559082,24600,0.0,0.0
2013-04-15 00:00:00-04:00,5.437908604723131,5.459317843766493,5.209545203131594,5.273772239685059,64400,0.0,0.0
2013-04-16 00:00:00-04:00,5.316589371539954,5.416498681120878,5.252362347138783,5.402225971221924,67000,0.0,0.0
2013-04-17 00:00:00-04:00,5.38081659763981,5.423634726233839,5.245225686947935,5.28090763092041,34900,0.0,0.0
2013-04-18 00:00:00-04:00,5.33086336444214,5.38081803125542,5.266636324583155,5.295181751251221,32800,0.0,0.0
2013-04-19 00:00:00-04:00,5.295181365892232,5.352272215073555,5.280908653596901,5.345135688781738,17200,0.0,0.0
2013-04-22 00:00:00-04:00,5.288046280917314,5.345137145659399,5.238091944412187,5.330864429473877,33000,0.0,0.0
2013-04-23 00:00:00-04:00,5.366546951481952,5.402228915822681,5.330864987141224,5.359410762786865,11400,0.0,0.0
2013-04-24 00:00:00-04:00,5.352272011757587,5.38795396128462,5.330862773983709,5.366544723510742,24700,0.0,0.0
2013-04-25 00:00:00-04:00,5.387954416791294,5.387954416791294,5.316590511704002,5.380817890167236,20100,0.0,0.0
2013-04-26 00:00:00-04:00,5.366544972053959,5.380817684468133,5.202408609146807,5.209545135498047,83900,0.0,0.0
2013-04-29 00:00:00-04:00,5.238090133432954,5.302317163918214,5.216680896412348,5.288044452667236,30100,0.0,0.0
2013-04-30 00:00:00-04:00,5.288044929737565,5.395090443921337,5.209545180919334,5.373681545257568,28000,0.0,0.0
2013-05-01 00:00:00-04:00,5.352272604587354,5.759045104751463,5.259499797771974,5.295181751251221,167600,0.0,0.0
2013-05-02 00:00:00-04:00,5.28804522444004,5.373681844732567,5.28804522444004,5.295181751251221,99300,0.0,0.0
2013-05-03 00:00:00-04:00,5.345135529663148,5.416499429303682,5.3094539201311735,5.33799934387207,50100,0.0,0.0
2013-05-06 00:00:00-04:00,5.366543605343169,5.366543605343169,5.209543808770779,5.259498119354248,199500,0.0,0.0
2013-05-07 00:00:00-04:00,5.252361935108704,5.345134372030097,5.188134575457707,5.259498119354248,81100,0.0,0.0
2013-05-08 00:00:00-04:00,5.2737713676915785,5.295180603195023,5.216680526733398,5.216680526733398,63500,0.0,0.0
2013-05-09 00:00:00-04:00,5.195272627400945,5.252363479302881,5.173863387793559,5.188136100769043,72700,0.0,0.0
2013-05-10 00:00:00-04:00,5.195271957794823,5.345135254577725,5.195271957794823,5.316589832305908,44900,0.0,0.0
2013-05-13 00:00:00-04:00,5.331075213402343,5.3528049457325295,5.251398722286632,5.258642196655273,54000,0.11,0.0
2013-05-14 00:00:00-04:00,5.323833171195933,5.345563254759588,5.2514001349636805,5.338319778442383,82500,0.0,0.0
2013-05-15 00:00:00-04:00,5.294859649698493,5.4614557960671375,5.2586433063762295,5.454212665557861,113500,0.0,0.0
2013-05-16 00:00:00-04:00,5.454213603006227,5.461456734760424,5.396266822032652,5.4252400398254395,42000,0.0,0.0
2013-05-17 00:00:00-04:00,5.432483976492427,5.562863467588555,5.381780668372141,5.533890247344971,107600,0.0,0.0
2013-05-20 00:00:00-04:00,5.5049169650304695,5.512160442703705,5.432483915238231,5.4904303550720215,136700,0.0,0.0
2013-05-21 00:00:00-04:00,5.475942975257488,5.562862622788247,5.446969759413902,5.504916191101074,41900,0.0,0.0
2013-05-22 00:00:00-04:00,5.504917563943196,5.541134265473558,5.432484506270535,5.4614577293396,43200,0.0,0.0
2013-05-23 00:00:00-04:00,5.446969622969561,5.577349090999749,5.316590154939375,5.526646137237549,40300,0.0,0.0
2013-05-24 00:00:00-04:00,5.526646137237549,5.570105959914279,5.403509800292833,5.526646137237549,31200,0.0,0.0
2013-05-28 00:00:00-04:00,5.548375103343561,5.584591789892122,5.446968864550681,5.541131973266602,256100,0.0,0.0
2013-05-29 00:00:00-04:00,5.504917563943196,5.504917563943196,5.4397279847318325,5.4614577293396,68500,0.0,0.0
2013-05-30 00:00:00-04:00,5.519403674720068,5.606323336041321,5.446970623619023,5.5701069831848145,29000,0.0,0.0
2013-05-31 00:00:00-04:00,5.533889152661543,5.5990790580081145,5.439726378190671,5.446969509124756,67800,0.0,0.0
2013-06-03 00:00:00-04:00,5.475941863379099,5.6280513883664,5.396265363293392,5.599078178405762,367600,0.0,0.0
2013-06-04 00:00:00-04:00,5.577348314427242,5.613565000975802,5.533888497801722,5.541131973266602,47100,0.0,0.0
2013-06-05 00:00:00-04:00,5.548376014866454,5.562862622788247,5.490429583179281,5.504916191101074,28400,0.0,0.0
2013-06-06 00:00:00-04:00,5.519404642253578,5.584594572366115,5.468701670288798,5.577351093292236,67100,0.0,0.0
2013-06-07 00:00:00-04:00,5.613564783386081,5.613564783386081,5.5194016783200555,5.599078178405762,32600,0.0,0.0
2013-06-10 00:00:00-04:00,5.5773498429720485,5.606323061996214,5.5773498429720485,5.591836452484131,13900,0.0,0.0
2013-06-11 00:00:00-04:00,5.570107488542623,5.5773506216158575,5.432484506270535,5.4614577293396,299000,0.0,0.0
2013-06-12 00:00:00-04:00,5.475943643253635,5.497673730481111,5.374537375430796,5.4107537269592285,24200,0.0,0.0
2013-06-13 00:00:00-04:00,5.417997894736003,5.48318781933543,5.381781193205641,5.4614577293396,28000,0.0,0.0
2013-06-14 00:00:00-04:00,5.47594336922614,5.47594336922614,5.3310772795857675,5.345563888549805,34200,0.0,0.0
2013-06-17 00:00:00-04:00,5.3890237402537515,5.504916612499637,5.331077304130808,5.35280704498291,83000,0.0,0.0
2013-06-18 00:00:00-04:00,5.367291471356098,5.367291471356098,5.287615326782077,5.294858455657959,66900,0.0,0.0
2013-06-19 00:00:00-04:00,5.294858799518588,5.323832007679432,5.200695700301902,5.215182304382324,69500,0.0,0.0
2013-06-20 00:00:00-04:00,5.1572382808008514,5.215184724007236,5.106535315689288,5.1355085372924805,112000,0.0,0.0
2013-06-21 00:00:00-04:00,5.135507172346219,5.135507172346219,5.048587185250718,5.070317268371582,178200,0.0,0.0
2013-06-24 00:00:00-04:00,5.034102439880371,5.077562622193414,5.019615827572051,5.034102439880371,85200,0.0,0.0
2013-06-25 00:00:00-04:00,5.077561940444867,5.1427515143854645,5.005128543240593,5.128264904022217,46300,0.0,0.0
2013-06-26 00:00:00-04:00,5.149994078859757,5.178967294447572,5.034100871120523,5.055830955505371,64500,0.0,0.0
2013-06-27 00:00:00-04:00,5.084804690851019,5.106534777457071,5.063074604244968,5.092048168182373,70000,0.0,0.0
2013-06-28 00:00:00-04:00,5.070317268371582,5.1644803862487345,5.055830661420324,5.070317268371582,700700,0.0,0.0
2013-07-01 00:00:00-04:00,5.0992897310773975,5.244155779249181,5.0992897310773975,5.193452835083008,71400,0.0,0.0
2013-07-02 00:00:00-04:00,5.178968310860971,5.2514013640460675,5.121021868312894,5.20794153213501,71600,0.0,0.0
2013-07-03 00:00:00-04:00,5.178967206562302,5.229670160286579,5.17172373009428,5.20069694519043,29400,0.0,0.0
2013-07-05 00:00:00-04:00,5.273130918250002,5.280374050140381,5.186210917849415,5.280374050140381,32700,0.0,0.0
2013-07-08 00:00:00-04:00,5.287616825773787,5.352806385688833,5.22242692047078,5.338319778442383,43500,0.0,0.0
2013-07-09 00:00:00-04:00,5.367293538832634,5.432483450765985,5.280373886513497,5.38178014755249,30900,0.0,0.0
2013-07-10 00:00:00-04:00,5.360051214760503,5.389024436565583,5.251401460297429,5.287618160247803,32300,0.0,0.0
2013-07-11 00:00:00-04:00,5.338321185358927,5.3455646635851535,5.258644997198741,5.331078052520752,25400,0.0,0.0
2013-07-12 00:00:00-04:00,5.309346427822291,5.396266069072446,5.309346427822291,5.360049724578857,21000,0.0,0.0
2013-07-15 00:00:00-04:00,5.4179959186104565,5.4179959186104565,5.265886380283307,5.3093461990356445,95700,0.0,0.0
2013-07-16 00:00:00-04:00,5.287616935866847,5.287616935866847,5.149993991466151,5.20069694519043,87000,0.0,0.0
2013-07-17 00:00:00-04:00,5.215183369565584,5.215183369565584,5.178967024661407,5.1862101554870605,48600,0.0,0.0
2013-07-18 00:00:00-04:00,5.1862090962214795,5.265885591357744,5.1862090962214795,5.215182304382324,48800,0.0,0.0
2013-07-19 00:00:00-04:00,5.200698054122479,5.229671275396518,5.164481700223952,5.20794153213501,50800,0.0,0.0
2013-07-22 00:00:00-04:00,5.193453631700669,5.207940238739931,5.178967024661407,5.1862101554870605,27500,0.0,0.0
2013-07-23 00:00:00-04:00,5.186210980681103,5.193454458047244,5.070318105926937,5.0992913246154785,171300,0.0,0.0
2013-07-24 00:00:00-04:00,5.135508478949913,5.236914753409048,5.135508478949913,5.20794153213501,33100,0.0,0.0
2013-07-25 00:00:00-04:00,5.106534099877752,5.200696874974947,5.106534099877752,5.1572370529174805,48300,0.0,0.0
2013-07-26 00:00:00-04:00,5.142750445564992,5.171723660269969,5.12102070723024,5.1572370529174805,29700,0.0,0.0
2013-07-29 00:00:00-04:00,5.142751216888428,5.215184264514572,5.135508084819821,5.142751216888428,14900,0.0,0.0
2013-07-30 00:00:00-04:00,5.157236536172518,5.186209747974437,5.041343688964844,5.041343688964844,41000,0.0,0.0
2013-07-31 00:00:00-04:00,5.041343688964844,5.135506800015043,5.034100213320399,5.041343688964844,36800,0.0,0.0
2013-08-01 00:00:00-04:00,5.092049421831742,5.1210226475142715,5.06307585076112,5.0775628089904785,28300,0.0,0.0
2013-08-02 00:00:00-04:00,5.04858747891443,5.106534255478035,5.04858747891443,5.055830955505371,34000,0.0,0.0
2013-08-05 00:00:00-04:00,5.063074628560796,5.0992913246154785,5.055831496582666,5.0992913246154785,25200,0.0,0.0
2013-08-06 00:00:00-04:00,5.10659646987915,5.1504302239619335,5.099291076436648,5.10659646987915,34900,0.06,0.0
2013-08-07 00:00:00-04:00,5.128513596521599,5.128513596521599,5.0992913246154785,5.0992913246154785,18600,0.0,0.0
2013-08-08 00:00:00-04:00,5.106596872043378,5.1358194931856085,5.026235796062396,5.055458068847656,27000,0.0,0.0
2013-08-09 00:00:00-04:00,5.055458068847656,5.077374599258117,5.048152326472857,5.055458068847656,24500,0.0,0.0
2013-08-12 00:00:00-04:00,5.055457700883009,5.10659650035656,5.055457700883009,5.070068836212158,30700,0.0,0.0
2013-08-13 00:00:00-04:00,5.070070056009135,5.084681194853546,4.982403222942668,5.0408477783203125,46600,0.0,0.0
2013-08-14 00:00:00-04:00,5.055457711768446,5.055457711768446,4.975096293106616,5.048151969909668,42700,0.0,0.0
2013-08-15 00:00:00-04:00,4.997012992819296,5.033540655744793,4.9385684534529535,4.960484981536865,52300,0.0,0.0
2013-08-16 00:00:00-04:00,4.967790723136125,5.011624127660881,4.9239569702544355,4.960484981536865,22300,0.0,0.0
2013-08-19 00:00:00-04:00,4.9385704147048015,4.989709232780616,4.887431248271915,4.902042388916016,17900,0.0,0.0
2013-08-20 00:00:00-04:00,4.902042120792329,4.945875540327102,4.89473637669134,4.931264400482178,43000,0.0,0.0
2013-08-21 00:00:00-04:00,4.923955917358398,4.96778966086706,4.909344785641131,4.923955917358398,29100,0.0,0.0
2013-08-22 00:00:00-04:00,4.9385684534529535,5.033540655744793,4.9385684534529535,4.960484981536865,8800,0.0,0.0
2013-08-23 00:00:00-04:00,4.960486680172026,4.989708959861875,4.923958656381189,4.931264400482178,11300,0.0,0.0
2013-08-26 00:00:00-04:00,4.945872789112729,4.96778966086706,4.9020393939609255,4.923955917358398,21600,0.0,0.0
2013-08-27 00:00:00-04:00,4.916650947145817,4.923956339452258,4.814373016357422,4.814373016357422,31800,0.0,0.0
2013-08-28 00:00:00-04:00,4.8143741232511585,4.850901789895375,4.770540714263916,4.770540714263916,42100,0.0,0.0
2013-08-29 00:00:00-04:00,4.770541104998246,4.95318049824944,4.7632353620568395,4.865513324737549,77300,0.0,0.0
2013-08-30 00:00:00-04:00,4.865511927577162,4.865511927577162,4.748622860936021,4.807067394256592,147200,0.0,0.0
2013-09-03 00:00:00-04:00,4.85820678633125,4.997012734324361,4.821678776938409,4.989706993103027,56100,0.0,0.0
2013-09-04 00:00:00-04:00,4.982403134118777,5.070069965622363,4.96048625206437,5.004319667816162,70500,0.0,0.0
2013-09-05 00:00:00-04:00,5.01892972978905,5.070068878041456,4.99701320079298,5.011624336242676,26400,0.0,0.0
2013-09-06 00:00:00-04:00,5.026236534118652,5.062764206285493,4.98970851359479,5.026236534118652,29200,0.0,0.0
2013-09-09 00:00:00-04:00,5.026235066489536,5.099290737848441,5.026235066489536,5.08467960357666,24500,0.0,0.0
2013-09-10 00:00:00-04:00,5.10659646987915,5.113902211678595,5.084679941194701,5.10659646987915,34200,0.0,0.0
2013-09-11 00:00:00-04:00,5.084680188662418,5.113902460568538,5.077374446507408,5.0992913246154785,23000,0.0,0.0
2013-09-12 00:00:00-04:00,5.0992913246154785,5.113902460568538,5.077374446507408,5.0992913246154785,39100,0.0,0.0
2013-09-13 00:00:00-04:00,5.113902460568538,5.113902460568538,5.0919855824604685,5.0992913246154785,17600,0.0,0.0
2013-09-16 00:00:00-04:00,5.143124140663784,5.143124140663784,5.062762727990529,5.08467960357666,24100,0.0,0.0
2013-09-17 00:00:00-04:00,5.084679941194701,5.10659646987915,5.084679941194701,5.10659646987915,26400,0.0,0.0
2013-09-18 00:00:00-04:00,5.135819981764798,5.245403340955889,5.135819981764798,5.1869587898254395,79200,0.0,0.0
2013-09-19 00:00:00-04:00,5.179653073588032,5.179653073588032,5.099291646593561,5.143125057220459,24600,0.0,0.0
2013-09-20 00:00:00-04:00,5.143123588928575,5.230790385154693,5.128512456224223,5.223484992980957,60400,0.0,0.0
2013-09-23 00:00:00-04:00,5.216180528110079,5.28923620949821,5.186958255554826,5.267319679260254,29200,0.0,0.0
2013-09-24 00:00:00-04:00,5.2380979866134085,5.325764813984736,5.223486848718187,5.281931400299072,31800,0.0,0.0
2013-09-25 00:00:00-04:00,5.260014244155766,5.369597946816716,5.238097712637768,5.333070278167725,69000,0.0,0.0
2013-09-26 00:00:00-04:00,5.3403748271076665,5.406125107966556,5.281930287836179,5.347680568695068,48100,0.0,0.0
2013-09-27 00:00:00-04:00,5.311153398292739,5.362292552429714,5.311153398292739,5.333070278167725,11100,0.0,0.0
2013-09-30 00:00:00-04:00,5.325764060795329,5.325764060795329,5.150430430849009,5.157735824584961,119600,0.0,0.0
2013-10-01 00:00:00-04:00,5.165042666675123,5.1869592009074905,5.106597762555737,5.135820388793945,302300,0.0,0.0
2013-10-02 00:00:00-04:00,5.113901138305664,5.172345667006344,5.113901138305664,5.113901138305664,44800,0.0,0.0
2013-10-03 00:00:00-04:00,5.113903506204546,5.150431527734534,5.07007008938278,5.135820388793945,25300,0.0,0.0
2013-10-04 00:00:00-04:00,5.128512270480834,5.1504291429220235,5.099290006130494,5.113901138305664,5900,0.0,0.0
2013-10-07 00:00:00-04:00,5.077373133689305,5.186956799181514,5.077373133689305,5.113901138305664,50200,0.0,0.0
2013-10-08 00:00:00-04:00,5.099290006130494,5.143123402656004,5.077373133689305,5.113901138305664,46800,0.0,0.0
2013-10-09 00:00:00-04:00,5.143124891293167,5.267319724907766,5.121208360865278,5.2088751792907715,45300,0.0,0.0
2013-10-10 00:00:00-04:00,5.252708770175184,5.3111533178135595,5.252708770175184,5.274625301361084,35300,0.0,0.0
2013-10-11 00:00:00-04:00,5.281931124030751,5.333070278167725,5.260014244155766,5.333070278167725,21700,0.0,0.0
2013-10-14 00:00:00-04:00,5.311151838600872,5.354985237121582,5.296540705760636,5.354985237121582,55500,0.0,0.0
2013-10-15 00:00:00-04:00,5.3330694338771965,5.354985961925538,5.303847164241453,5.347680568695068,47800,0.0,0.0
2013-10-16 00:00:00-04:00,5.347679844879907,5.37690211056038,5.33306871203967,5.354985237121582,36200,0.0,0.0
2013-10-17 00:00:00-04:00,5.354986256854104,5.428041934967041,5.347680863221286,5.428041934967041,40100,0.0,0.0
2013-10-18 00:00:00-04:00,5.435347447872982,5.449958582879754,5.384208301170815,5.420736312866211,66800,0.0,0.0
2013-10-21 00:00:00-04:00,5.413430939323428,5.457264347324623,5.39881980332303,5.406125545501709,21500,0.0,0.0
2013-10-22 00:00:00-04:00,5.420737280840332,5.442653813085627,5.32576471215872,5.398820400238037,29100,0.0,0.0
2013-10-23 00:00:00-04:00,5.369596331900109,5.457263128320114,5.362290939710217,5.435346603393555,37300,0.0,0.0
2013-10-24 00:00:00-04:00,5.420737124393095,5.464570535975614,5.406125987198921,5.442653656005859,24500,0.0,0.0
2013-10-25 00:00:00-04:00,5.457264672363523,5.464570414977339,5.376903593753446,5.4499592781066895,16700,0.0,0.0
2013-10-28 00:00:00-04:00,5.442653748723812,5.47918176651001,5.442653748723812,5.47918176651001,79800,0.0,0.0
2013-10-29 00:00:00-04:00,5.479180823102665,5.479180823102665,5.413430541751214,5.457263946533203,19700,0.0,0.0
2013-10-30 00:00:00-04:00,5.428042087297102,5.464570101557151,5.354986407133963,5.384208679199219,21700,0.0,0.0
2013-10-31 00:00:00-04:00,5.362292239243307,5.384208769481263,5.267319679260254,5.267319679260254,32100,0.0,0.0
2013-11-01 00:00:00-04:00,5.252706392589752,5.340373174365815,5.22348413199773,5.296539783477783,59100,0.0,0.0
2013-11-04 00:00:00-05:00,5.318641185760498,5.384940151437612,5.252342571347349,5.318641185760498,37700,0.06,0.0
2013-11-05 00:00:00-05:00,5.318640379395084,5.33337344161586,5.281807899475098,5.281807899475098,31300,0.0,0.0
2013-11-06 00:00:00-05:00,5.311274603327449,5.399672986295553,5.274441768125432,5.3333740234375,19900,0.0,0.0
2013-11-07 00:00:00-05:00,5.340742094192071,5.35547516178066,5.281809823837715,5.311275959014893,35700,0.0,0.0
2013-11-08 00:00:00-05:00,5.303907624158968,5.443871898989287,5.303907624158968,5.421772480010986,44300,0.0,0.0
2013-11-11 00:00:00-05:00,5.4144064536632,5.429139518589284,5.348107837127814,5.3775739669799805,223600,0.0,0.0
2013-11-12 00:00:00-05:00,5.3775720266604745,5.421771205490908,5.3186394369560475,5.3481059074401855,24900,0.0,0.0
2013-11-13 00:00:00-05:00,5.326007392236536,5.3775732886048315,5.281808203033967,5.355473518371582,22000,0.0,0.0
2013-11-14 00:00:00-05:00,5.3775747066579935,5.3775747066579935,5.3039090206309885,5.3260087966918945,16600,0.0,0.0
2013-11-15 00:00:00-05:00,5.3112757297392985,5.362841639705397,5.3112757297392985,5.3260087966918945,28900,0.0,0.0
2013-11-18 00:00:00-05:00,5.3260081213421016,5.362840959685117,5.296541991173281,5.303908348083496,31400,0.0,0.0
2013-11-19 00:00:00-05:00,5.296541687752031,5.407039845187027,5.296541687752031,5.36284065246582,26400,0.0,0.0
2013-11-20 00:00:00-05:00,5.384940323811034,5.4144064536632,5.348107837127814,5.3775739669799805,17900,0.0,0.0
2013-11-21 00:00:00-05:00,5.414406276286756,5.443872405173609,5.348107661923318,5.384940147399902,40800,0.0,0.0
2013-11-22 00:00:00-05:00,5.3923066041537595,5.4365057954258456,5.3186409341030005,5.370206832885742,37800,0.0,0.0
2013-11-25 00:00:00-05:00,5.392307031906063,5.436506226684313,5.355474193958868,5.3775739669799805,41800,0.0,0.0
2013-11-26 00:00:00-05:00,5.384941080145364,5.414407214136154,5.252343477186805,5.25970983505249,377700,0.0,0.0
2013-11-27 00:00:00-05:00,5.296541760739343,5.399673211843329,5.259708923998794,5.384940147399902,83900,0.0,0.0
2013-11-29 00:00:00-05:00,5.407040439601238,5.451239637181413,5.3775743078811225,5.443872928619385,33100,0.0,0.0
2013-12-02 00:00:00-05:00,5.429137559664056,5.429137559664056,5.3481059074401855,5.3481059074401855,34000,0.0,0.0
2013-12-03 00:00:00-05:00,5.340739202003189,5.3775720266604745,5.333372496566192,5.3481059074401855,59200,0.0,0.0
2013-12-04 00:00:00-05:00,5.377573540396397,5.414406024157829,5.348107412881673,5.370206832885742,97100,0.0,0.0
2013-12-05 00:00:00-05:00,5.362840726366745,5.399673211843329,5.348107661923318,5.384940147399902,82100,0.0,0.0
2013-12-06 00:00:00-05:00,5.4365051144164145,5.443871469740368,5.362839804857365,5.414405345916748,108100,0.0,0.0
2013-12-09 00:00:00-05:00,5.42913880969374,5.42913880969374,5.3628402018151204,5.392306327819824,52700,0.0,0.0
2013-12-10 00:00:00-05:00,5.3996741314548755,5.429140265360068,5.296542662786702,5.3260087966918945,60400,0.0,0.0
2013-12-11 00:00:00-05:00,5.340739202003189,5.3775720266604745,5.340739202003189,5.3481059074401855,32300,0.0,0.0
2013-12-12 00:00:00-05:00,5.340739202003189,5.421771205490908,5.333372496566192,5.3481059074401855,67500,0.0,0.0
2013-12-13 00:00:00-05:00,5.355473098269508,5.443871469740368,5.355473098269508,5.414405345916748,40800,0.0,0.0
2013-12-16 00:00:00-05:00,5.421772453824529,5.451238579829233,5.3849396206866835,5.392306327819824,47500,0.0,0.0
2013-12-17 00:00:00-05:00,5.414405772842265,5.436505543084498,5.414405772842265,5.421772480010986,38600,0.0,0.0
2013-12-18 00:00:00-05:00,5.414406272325704,5.451239109039307,5.407039915741362,5.451239109039307,44100,0.0,0.0
2013-12-19 00:00:00-05:00,5.451239794867005,5.451239794867005,5.399673887233179,5.407040596008301,33500,0.0,0.0
2013-12-20 00:00:00-05:00,5.429139336758352,5.451239109039307,5.414406272325704,5.451239109039307,154200,0.0,0.0
2013-12-23 00:00:00-05:00,5.45123915519209,5.517537770068341,5.45123915519209,5.510171413421631,32200,0.0,0.0
2013-12-24 00:00:00-05:00,5.48070533475703,5.524904528836042,5.473338626778543,5.502804756164551,21000,0.0,0.0
2013-12-26 00:00:00-05:00,5.510172666031748,5.524905733938354,5.488072888539813,5.517539024353027,37800,0.0,0.0
2013-12-27 00:00:00-05:00,5.5396375425364015,5.547004250447078,5.473338576396184,5.510171413421631,42600,0.0,0.0
2013-12-30 00:00:00-05:00,5.480705986137761,5.55437131835789,5.480705986137761,5.495439052581787,41600,0.0,0.0
2013-12-31 00:00:00-05:00,5.51753847661582,5.561738027211909,5.473339277283743,5.495439052581787,64300,0.0,0.0
2014-01-02 00:00:00-05:00,5.473338626778543,5.532271236814529,5.473338626778543,5.502804756164551,30400,0.0,0.0
2014-01-03 00:00:00-05:00,5.502806326644743,5.539639174521193,5.4954399678278945,5.532272815704346,24500,0.0,0.0
2014-01-06 00:00:00-05:00,5.5396367825600175,5.561736551996237,5.458604762979104,5.46597146987915,24600,0.0,0.0
2014-01-07 00:00:00-05:00,5.458606210839717,5.547004960767883,5.458606210839717,5.495439052581787,12700,0.0,0.0
2014-01-08 00:00:00-05:00,5.502804456724522,5.539637292084725,5.399673009485484,5.429139137268066,36500,0.0,0.0
2014-01-09 00:00:00-05:00,5.451239113027304,5.451239113027304,5.296541760739343,5.384940147399902,40000,0.0,0.0
2014-01-10 00:00:00-05:00,5.399673211843329,5.458605469617035,5.340740954069623,5.384940147399902,29100,0.0,0.0
2014-01-13 00:00:00-05:00,5.370206557684331,5.414405746691387,5.340740431679627,5.392306327819824,35400,0.0,0.0
2014-01-14 00:00:00-05:00,5.392306353863964,5.46597166923152,5.392306353863964,5.421772480010986,7900,0.0,0.0
2014-01-15 00:00:00-05:00,5.421772453824529,5.488071061703148,5.355473494681979,5.392306327819824,39900,0.0,0.0
2014-01-16 00:00:00-05:00,5.399671440443767,5.4070381458807635,5.340739202003189,5.3481059074401855,78800,0.0,0.0
2014-01-17 00:00:00-05:00,5.348107588225418,5.377573716706223,5.333374172721057,5.36284065246582,232600,0.0,0.0
2014-01-21 00:00:00-05:00,5.3775732886048315,5.3775732886048315,5.333373748138332,5.355473518371582,51000,0.0,0.0
2014-01-22 00:00:00-05:00,5.355473518371582,5.362840225537309,5.326007392236536,5.355473518371582,25200,0.0,0.0
2014-01-23 00:00:00-05:00,5.348107162469786,5.355473518371582,5.318640685070809,5.355473518371582,39900,0.0,0.0
2014-01-24 00:00:00-05:00,5.318639010072573,5.35547183177359,5.296539598063019,5.340738773345947,65000,0.0,0.0
2014-01-27 00:00:00-05:00,5.318639948462031,5.348106421780028,5.267074410499272,5.274440765380859,48200,0.0,0.0
2014-01-28 00:00:00-05:00,5.296541187495836,5.348107083098846,5.230242229043957,5.267075061798096,86600,0.0,0.0
2014-01-29 00:00:00-05:00,5.237608936100355,5.377573208796587,5.237608936100355,5.267075061798096,59800,0.0,0.0
2014-01-30 00:00:00-05:00,5.311274893025598,5.480705311921182,5.244975926551335,5.473338603973389,61000,0.0,0.0
2014-01-31 00:00:00-05:00,5.384940878619588,5.532271894323857,5.3481083881415294,5.495439052581787,112500,0.0,0.0
2014-02-03 00:00:00-05:00,5.502805461907248,5.547005012918886,5.480706037665445,5.488072395324707,55700,0.0,0.0
2014-02-04 00:00:00-05:00,5.525203711560331,5.540056395430819,5.369250353862247,5.436087608337402,37300,0.06,0.0
2014-02-05 00:00:00-05:00,5.398956202464972,5.428661572851677,5.361824312423616,5.3915300369262695,37900,0.0,0.0
2014-02-06 00:00:00-05:00,5.3841040888950396,5.473220209516501,5.3841040888950396,5.398956775665283,35600,0.0,0.0
2014-02-07 00:00:00-05:00,5.39895407016596,5.473217466802641,5.317264156807706,5.384101390838623,61700,0.0,0.0
2014-02-10 00:00:00-05:00,5.3692501982349095,5.428660931994846,5.317265629137012,5.406382083892822,59100,0.0,0.0
2014-02-11 00:00:00-05:00,5.398956507642281,5.495499143914143,5.384103821609377,5.45094108581543,42500,0.0,0.0
2014-02-12 00:00:00-05:00,5.436087608337402,5.488071824826152,5.376676518739533,5.436087608337402,45100,0.0,0.0
2014-02-13 00:00:00-05:00,5.428661082735384,5.547482553554636,5.428661082735384,5.525203704833984,56500,0.0,0.0
2014-02-14 00:00:00-05:00,5.540056444559341,5.6217463836294,5.473219189491482,5.592041015625,59700,0.0,0.0
2014-02-18 00:00:00-05:00,5.621745208069701,5.7182874568381505,5.606892527173336,5.629171371459961,38400,0.0,0.0
2014-02-19 00:00:00-05:00,5.599465759222277,5.644023799918443,5.413807079263672,5.443512439727783,43300,0.0,0.0
2014-02-20 00:00:00-05:00,5.473219775357194,5.547483203317517,5.384103661804806,5.465793609619141,75100,0.0,0.0
2014-02-21 00:00:00-05:00,5.480646457881239,5.525204515979952,5.413809193675185,5.45094108581543,57300,0.0,0.0
2014-02-24 00:00:00-05:00,5.480646018059595,5.614320181628388,5.473219498581137,5.606894016265869,83800,0.0,0.0
2014-02-25 00:00:00-05:00,5.599467548545113,5.644025603479909,5.488072234150153,5.502924919128418,33200,0.0,0.0
2014-02-26 00:00:00-05:00,5.525203167149803,5.577187732632314,5.47321860166729,5.547482013702393,26200,0.0,0.0
2014-02-27 00:00:00-05:00,5.525202605185407,5.636597888966066,5.525202605185407,5.629171371459961,79000,0.0,0.0
2014-02-28 00:00:00-05:00,5.636600494384766,5.710863933193549,5.606895118861253,5.636600494384766,55100,0.0,0.0
2014-03-03 00:00:00-05:00,5.614319864570341,5.6811571196382,5.5846144965659406,5.592041015625,68100,0.0,0.0
2014-03-04 00:00:00-05:00,5.6588783553182935,5.941079727355508,5.6588783553182935,5.859389781951904,118000,0.0,0.0
2014-03-05 00:00:00-05:00,5.829683622512034,5.85196282428482,5.762846725425474,5.799978256225586,32000,0.0,0.0
2014-03-06 00:00:00-05:00,5.799978636161013,5.829684004393352,5.733141380580289,5.792552471160889,33300,0.0,0.0
2014-03-07 00:00:00-05:00,5.822258753006465,5.851964125900092,5.710863427597377,5.7257161140441895,49700,0.0,0.0
2014-03-10 00:00:00-04:00,5.7257127224740705,5.75541807777202,5.6514493342291985,5.747991561889648,43600,0.0,0.0
2014-03-11 00:00:00-04:00,5.703435260863773,5.725714461160482,5.5920403217278505,5.67372989654541,41200,0.0,0.0
2014-03-12 00:00:00-04:00,5.65887910367062,5.755421746995151,5.651452937169653,5.718289852142334,43900,0.0,0.0
2014-03-13 00:00:00-04:00,5.755421746995151,5.837111703201754,5.688584477906477,5.718289852142334,41000,0.0,0.0
2014-03-14 00:00:00-04:00,5.703437165024405,5.770274434113079,5.666305624287581,5.718289852142334,36500,0.0,0.0
2014-03-17 00:00:00-04:00,5.755419728619511,5.755419728619511,5.703435164879299,5.710861682891846,30800,0.0,0.0
2014-03-18 00:00:00-04:00,5.703433528942725,5.75541807777202,5.644022818346827,5.747991561889648,33900,0.0,0.0
2014-03-19 00:00:00-04:00,5.7182880067912665,5.7999779366356785,5.651451113387546,5.740567207336426,32100,0.0,0.0
2014-03-20 00:00:00-04:00,5.696009000982623,5.755419728619511,5.696009000982623,5.710861682891846,38300,0.0,0.0
2014-03-21 00:00:00-04:00,5.755421689118437,5.755421689118437,5.569762924953326,5.5771894454956055,207100,0.0,0.0
2014-03-24 00:00:00-04:00,5.59946859792237,5.696011245431793,5.59946859792237,5.636600494384766,42200,0.0,0.0
2014-03-25 00:00:00-04:00,5.644025384656286,5.688583437863528,5.636599219513044,5.666304588317871,59700,0.0,0.0
2014-03-26 00:00:00-04:00,5.688582083628948,5.688582083628948,5.532628757472178,5.540055274963379,55400,0.0,0.0
2014-03-27 00:00:00-04:00,5.569761909008086,5.61431996178624,5.547482705561047,5.5994672775268555,52100,0.0,0.0
2014-03-28 00:00:00-04:00,5.584613639047383,5.614319002490518,5.5474817576855315,5.554908275604248,62300,0.0,0.0
2014-03-31 00:00:00-04:00,5.562336773153705,5.614321358047894,5.517778709294119,5.5326313972473145,84100,0.0,0.0
2014-04-01 00:00:00-04:00,5.532629925500282,5.6068936996272,5.532629925500282,5.592041015625,70100,0.0,0.0
2014-04-02 00:00:00-04:00,5.614319261591925,5.629171943998945,5.540055849556823,5.547482013702393,64400,0.0,0.0
2014-04-03 00:00:00-04:00,5.54005574997236,5.56233459612448,5.495497703552246,5.495497703552246,65000,0.0,0.0
2014-04-04 00:00:00-04:00,5.554908366518727,5.554908366518727,5.4138077107965765,5.4286603927612305,75000,0.0,0.0
2014-04-07 00:00:00-04:00,5.421234228836839,5.510350320624764,5.421234228836839,5.4286603927612305,60300,0.0,0.0
2014-04-08 00:00:00-04:00,5.450938956901725,5.495496997597891,5.443512439727783,5.443512439727783,66800,0.0,0.0
2014-04-09 00:00:00-04:00,5.480646295211205,5.495498980803269,5.421235552842947,5.465793609619141,44800,0.0,0.0
2014-04-10 00:00:00-04:00,5.4360870696133095,5.495497799207572,5.4138078689575195,5.4138078689575195,79500,0.0,0.0
2014-04-11 00:00:00-04:00,5.376677264544946,5.421235676453077,5.339545726776123,5.339545726776123,55000,0.0,0.0
2014-04-14 00:00:00-04:00,5.346971097824312,5.369250300466442,5.3172657303787485,5.324692249298096,98800,0.0,0.0
2014-04-15 00:00:00-04:00,5.339544870287476,5.354397553835756,5.309839503190916,5.346971035003662,81000,0.0,0.0
2014-04-16 00:00:00-04:00,5.346970876776605,5.346970876776605,5.302412827450321,5.317265510559082,114700,0.0,0.0
2014-04-17 00:00:00-04:00,5.272708158292836,5.30984004803158,5.250429307742345,5.280134677886963,226800,0.0,0.0
2014-04-21 00:00:00-04:00,5.272708761060221,5.406383296108397,5.272708761060221,5.398956775665283,43000,0.0,0.0
2014-04-22 00:00:00-04:00,5.398955028831923,5.443513074725885,5.324691619008651,5.4286603927612305,69800,0.0,0.0
2014-04-23 00:00:00-04:00,5.406382345354635,5.436087713671205,5.346971254605571,5.354397773742676,77500,0.0,0.0
2014-04-24 00:00:00-04:00,5.354396032183951,5.413806749493296,5.354396032183951,5.384101390838623,48100,0.0,0.0
2014-04-25 00:00:00-04:00,5.36182339943602,5.406381801544818,5.280133821840294,5.287559986114502,58100,0.0,0.0
2014-04-28 00:00:00-04:00,5.317265351443109,5.384102600490419,5.287559986114502,5.287559986114502,60600,0.0,0.0
2014-04-29 00:00:00-04:00,5.324692093039802,5.332118257625309,5.250428676605225,5.250428676605225,34100,0.0,0.0
2014-04-30 00:00:00-04:00,5.250428884145877,5.287560416772962,5.0870490074157715,5.0870490074157715,244900,0.0,0.0
2014-05-01 00:00:00-04:00,5.176165303253412,5.376676720071184,5.153886453671398,5.361824035644531,101800,0.0,0.0
2014-05-02 00:00:00-04:00,5.3543973953889346,5.406381963327547,5.309839346062651,5.317265510559082,40600,0.0,0.0
2014-05-05 00:00:00-04:00,5.3024139404296875,5.34697199910873,5.265282401921805,5.3024139404296875,45400,0.0,0.0
2014-05-06 00:00:00-04:00,5.265281779131463,5.3841032548877505,5.220723725722856,5.228149890899658,53300,0.0,0.0
2014-05-07 00:00:00-04:00,5.213296572792984,5.354397235161811,5.191017371738585,5.287559986114502,57900,0.0,0.0
2014-05-08 00:00:00-04:00,5.302412668520532,5.361823399174852,5.220723090928784,5.243001937866211,41800,0.0,0.0
2014-05-09 00:00:00-04:00,5.198442722189015,5.413806749493296,5.198442722189015,5.384101390838623,44000,0.0,0.0
2014-05-12 00:00:00-04:00,5.4290338450668,5.496428862233812,5.391592089513784,5.473963737487793,61100,0.06,0.0
2014-05-13 00:00:00-04:00,5.473962845349442,5.488939473715571,5.3316846973357235,5.35414981842041,40200,0.0,0.0
2014-05-14 00:00:00-04:00,5.339173962292817,5.339173962292817,5.241825685297388,5.264290809631348,51300,0.0,0.0
2014-05-15 00:00:00-04:00,5.256801003060082,5.301730883436721,5.241824376267869,5.271777629852295,49800,0.0,0.0
2014-05-16 00:00:00-04:00,5.249312259698642,5.324195384979248,5.249312259698642,5.324195384979248,53900,0.0,0.0
2014-05-19 00:00:00-04:00,5.294243304955894,5.361637954067982,5.256801555505079,5.35414981842041,32800,0.0,0.0
2014-05-20 00:00:00-04:00,5.324196943465925,5.376614967970578,5.241825303010167,5.309220314025879,78800,0.0,0.0
2014-05-21 00:00:00-04:00,5.271777581995314,5.436520832285074,5.264289447202659,5.391590595245361,85000,0.0,0.0
2014-05-22 00:00:00-04:00,5.421544339392293,5.421544339392293,5.324196435848801,5.369126319885254,30600,0.0,0.0
2014-05-23 00:00:00-04:00,5.384102685343138,5.429032567188598,5.354149430779499,5.421544075012207,46900,0.0,0.0
2014-05-27 00:00:00-04:00,5.4589862944839975,5.4589862944839975,5.354149894432743,5.436521530151367,33500,0.0,0.0
2014-05-28 00:00:00-04:00,5.414056543395631,5.444009801298072,5.32419676968831,5.4065680503845215,53900,0.0,0.0
2014-05-29 00:00:00-04:00,5.4365216653579616,5.4365216653579616,5.376614792482081,5.4065680503845215,37900,0.0,0.0
2014-05-30 00:00:00-04:00,5.429033172346852,5.444009801298072,5.391591421433301,5.4065680503845215,167800,0.0,0.0
2014-06-02 00:00:00-04:00,5.391592735327569,5.444011127966344,5.391592735327569,5.399081230163574,45900,0.0,0.0
2014-06-03 00:00:00-04:00,5.39158988802487,5.421543137408383,5.316706764566089,5.361636638641357,64300,0.0,0.0
2014-06-04 00:00:00-04:00,5.3316849386440275,5.391591454819871,5.324196802657548,5.346661567687988,40000,0.0,0.0
2014-06-05 00:00:00-04:00,5.354150040214194,5.4140565561603164,5.316708289212367,5.384103298187256,50000,0.0,0.0
2014-06-06 00:00:00-04:00,5.421546000529416,5.421546000529416,5.361639470125723,5.399081230163574,43100,0.0,0.0
2014-06-09 00:00:00-04:00,5.384104597562651,5.421546000529416,5.361639470125723,5.399081230163574,33500,0.0,0.0
2014-06-10 00:00:00-04:00,5.391590595245361,5.429032340421474,5.391590595245361,5.391590595245361,29000,0.0,0.0
2014-06-11 00:00:00-04:00,5.37661445535584,5.421544339392293,5.3616378273436895,5.369126319885254,39900,0.0,0.0
2014-06-12 00:00:00-04:00,5.361639415779976,5.391592680678215,5.29424474829448,5.316709518432617,71300,0.0,0.0
2014-06-13 00:00:00-04:00,5.346660763813361,5.3841025093293675,5.271777629852295,5.271777629852295,69100,0.0,0.0
2014-06-16 00:00:00-04:00,5.286754366799108,5.3316842481119044,5.271777739694842,5.294242858886719,65700,0.0,0.0
2014-06-17 00:00:00-04:00,5.279266231782453,5.34666087521617,5.279266231782453,5.294242858886719,47100,0.0,0.0
2014-06-18 00:00:00-04:00,5.316709518432617,5.3391746456418385,5.29424474829448,5.316709518432617,53800,0.0,0.0
2014-06-19 00:00:00-04:00,5.309220153254603,5.4365216781756125,5.301731660225837,5.384103298187256,84600,0.0,0.0
2014-06-20 00:00:00-04:00,5.399079947877352,5.436521699022754,5.3316849386440275,5.346661567687988,160900,0.0,0.0
2014-06-23 00:00:00-04:00,5.376614967970578,5.376614967970578,5.294243684585833,5.309220314025879,120200,0.0,0.0
2014-06-24 00:00:00-04:00,5.316708693418596,5.3541504472669565,5.264290666516125,5.301732063293457,143700,0.0,0.0
2014-06-25 00:00:00-04:00,5.279266676589765,5.436521452969613,5.279266676589765,5.35414981842041,172700,0.0,0.0
2014-06-26 00:00:00-04:00,5.331685079650441,5.399080090666153,5.30173182077035,5.309220314025879,150000,0.0,0.0
2014-06-27 00:00:00-04:00,5.316707433414605,5.4664740562438965,5.2867541802629345,5.4664740562438965,3081300,0.0,0.0
2014-06-30 00:00:00-04:00,5.42903272879842,5.6162407539294,5.361637725488556,5.586287498474121,373400,0.0,0.0
2014-07-01 00:00:00-04:00,5.57131016770787,5.646193296896634,5.526380290194612,5.556333541870117,146300,0.0,0.0
2014-07-02 00:00:00-04:00,5.586287942337331,5.706100973678293,5.4889396758373,5.6461944580078125,169300,0.0,0.0
2014-07-03 00:00:00-04:00,5.691121340472921,5.6986098295141305,5.661168098449707,5.661168098449707,47600,0.0,0.0
2014-07-07 00:00:00-04:00,5.691124418424587,5.751030934870476,5.616241272867224,5.7285661697387695,142500,0.0,0.0
2014-07-08 00:00:00-04:00,5.7285657219684065,5.7285657219684065,5.63121746181751,5.668659210205078,112900,0.0,0.0
2014-07-09 00:00:00-04:00,5.698614729745708,5.743544631415696,5.6686614619657165,5.683638095855713,90400,0.0,0.0
2014-07-10 00:00:00-04:00,5.6312174797058105,5.683635856200724,5.563822475222489,5.6312174797058105,47400,0.0,0.0
2014-07-11 00:00:00-04:00,5.623729970619397,5.6387066002759045,5.548846465265842,5.578799724578857,26500,0.0,0.0
2014-07-14 00:00:00-04:00,5.616241477255635,5.661171366225158,5.548846465265842,5.578799724578857,21500,0.0,0.0
2014-07-15 00:00:00-04:00,5.586286438223558,5.6087511970158275,5.4739615730495,5.541356563568115,45700,0.0,0.0
2014-07-16 00:00:00-04:00,5.518891447704942,5.5787979472455325,5.466473439142378,5.541356563568115,37100,0.0,0.0
2014-07-17 00:00:00-04:00,5.526380562547237,5.556333815698906,5.4664740562438965,5.4664740562438965,25000,0.0,0.0
2014-07-18 00:00:00-04:00,5.481451732263572,5.556334879479397,5.481451732263572,5.511404991149902,29200,0.0,0.0
2014-07-21 00:00:00-04:00,5.503916010277367,5.556334387219982,5.4814512466383745,5.53386926651001,17400,0.0,0.0
2014-07-22 00:00:00-04:00,5.548846386222309,5.571311508922562,5.458986609563319,5.511404991149902,48900,0.0,0.0
2014-07-23 00:00:00-04:00,5.473962923062748,5.533869437377751,5.429033037326496,5.436521530151367,39400,0.0,0.0
2014-07-24 00:00:00-04:00,5.421543269308582,5.458985010484339,5.324195384979248,5.324195384979248,94200,0.0,0.0
2014-07-25 00:00:00-04:00,5.3616379235978915,5.444009557678977,5.339173159711858,5.414056301116943,53300,0.0,0.0
2014-07-28 00:00:00-04:00,5.391591844044289,5.414056967767511,5.301732063293457,5.301732063293457,41500,0.0,0.0
2014-07-29 00:00:00-04:00,5.346660715276594,5.406567221901618,5.331684088620338,5.391590595245361,27300,0.0,0.0
2014-07-30 00:00:00-04:00,5.414055359670676,5.414055359670676,5.31670711423639,5.376613616943359,44900,0.0,0.0
2014-07-31 00:00:00-04:00,5.354150027590751,5.451498294309182,5.32419676968831,5.4065680503845215,69300,0.0,0.0
2014-08-01 00:00:00-04:00,5.369125482640449,5.406566868296843,5.286753862882906,5.376613616943359,32900,0.0,0.0
2014-08-04 00:00:00-04:00,5.376614887466466,5.376614887466466,5.2859978675842285,5.2859978675842285,57200,0.06,0.0
2014-08-05 00:00:00-04:00,5.316201750361966,5.369061840863145,5.293547683061394,5.346407413482666,35100,0.0,0.0
2014-08-06 00:00:00-04:00,5.338856345354433,5.4370245735387215,5.331304749297224,5.399267673492432,31600,0.0,0.0
2014-08-07 00:00:00-04:00,5.399267503983845,5.414370335544195,5.316201750361966,5.346407413482666,19800,0.0,0.0
2014-08-08 00:00:00-04:00,5.346407413482666,5.353959009302795,5.285996087241265,5.346407413482666,43700,0.0,0.0
2014-08-11 00:00:00-04:00,5.346408871626512,5.361511707305908,5.301100364588321,5.361511707305908,47900,0.0,0.0
2014-08-12 00:00:00-04:00,5.338857633826816,5.36906330518561,5.293549126788626,5.361511707305908,97000,0.0,0.0
2014-08-13 00:00:00-04:00,5.376615151151001,5.459680936823516,5.369063912497162,5.437026500701904,93100,0.0,0.0
2014-08-14 00:00:00-04:00,5.437026095767744,5.482334964636493,5.437026095767744,5.444577693939209,30900,0.0,0.0
2014-08-15 00:00:00-04:00,5.474781790387709,5.4898846223028235,5.406818866729736,5.406818866729736,30800,0.0,0.0
2014-08-18 00:00:00-04:00,5.429473294642366,5.482333386385224,5.406818866729736,5.406818866729736,49500,0.0,0.0
2014-08-19 00:00:00-04:00,5.444579553854133,5.474785236698471,5.421925111680808,5.4521307945251465,33100,0.0,0.0
2014-08-20 00:00:00-04:00,5.444576126557481,5.444576126557481,5.369061966981909,5.406818866729736,27800,0.0,0.0
2014-08-21 00:00:00-04:00,5.406820503160695,5.489886283874512,5.391717666674548,5.489886283874512,36200,0.0,0.0
2014-08-22 00:00:00-04:00,5.489885227222843,5.512539657631721,5.459679560064309,5.467230796813965,20900,0.0,0.0
2014-08-25 00:00:00-04:00,5.467232175477355,5.54274672249603,5.437026500701904,5.437026500701904,21200,0.0,0.0
2014-08-26 00:00:00-04:00,5.4370251296554315,5.535193727960643,5.4370251296554315,5.467230796813965,16200,0.0,0.0
2014-08-27 00:00:00-04:00,5.489888078120641,5.512542520293967,5.444579553854133,5.4521307945251465,20600,0.0,0.0
2014-08-28 00:00:00-04:00,5.452127873540274,5.46723070687108,5.421922206878662,5.421922206878662,17500,0.0,0.0
2014-08-29 00:00:00-04:00,5.452130005756996,5.504990123127305,5.399270248466778,5.482336044311523,73500,0.0,0.0
2014-09-02 00:00:00-04:00,5.497437908946422,5.542746418625647,5.459680637507054,5.504989147186279,38100,0.0,0.0
2014-09-03 00:00:00-04:00,5.497438210332853,5.5654007985375955,5.429475262048064,5.437026500701904,15100,0.0,0.0
2014-09-04 00:00:00-04:00,5.4672320966159855,5.482335293865904,5.369063835051807,5.391717910766602,33100,0.0,0.0
2014-09-05 00:00:00-04:00,5.399267673492432,5.414370505526931,5.346407581331723,5.399267673492432,22600,0.0,0.0
2014-09-08 00:00:00-04:00,5.369064355731938,5.452129788181744,5.353961517097421,5.384167194366455,25400,0.0,0.0
2014-09-09 00:00:00-04:00,5.391715535767634,5.399267131066187,5.338855808997288,5.369061470031738,28700,0.0,0.0
2014-09-10 00:00:00-04:00,5.369061966981909,5.406818866729736,5.353959135066795,5.406818866729736,27900,0.0,0.0
2014-09-11 00:00:00-04:00,5.414372871635489,5.437026949547227,5.353961517097421,5.384167194366455,26600,0.0,0.0
2014-09-12 00:00:00-04:00,5.361512756374641,5.42192411091271,5.338858678462904,5.384167194366455,22000,0.0,0.0
2014-09-15 00:00:00-04:00,5.376613245400723,5.414370505526931,5.353959177388933,5.399267673492432,65600,0.0,0.0
2014-09-16 00:00:00-04:00,5.391715535767634,5.429472792100637,5.353958639514513,5.369061470031738,57100,0.0,0.0
2014-09-17 00:00:00-04:00,5.3766155950091585,5.406821272278193,5.361512756374641,5.384167194366455,12800,0.0,0.0
2014-09-18 00:00:00-04:00,5.353960469506212,5.444577483582593,5.353960469506212,5.361511707305908,13500,0.0,0.0
2014-09-19 00:00:00-04:00,5.437026202627427,5.504989147186279,5.346409183268976,5.504989147186279,66700,0.0,0.0
2014-09-22 00:00:00-04:00,5.452129788181744,5.467232626816261,5.361512756374641,5.384167194366455,10800,0.0,0.0
2014-09-23 00:00:00-04:00,5.3766155950091585,5.399270033000972,5.323755839828387,5.384167194366455,35900,0.0,0.0
2014-09-24 00:00:00-04:00,5.338855808997288,5.391715535767634,5.3086501479628385,5.369061470031738,56800,0.0,0.0
2014-09-25 00:00:00-04:00,5.36151073608973,5.376613569033308,5.308651000827173,5.323753833770752,19700,0.0,0.0
2014-09-26 00:00:00-04:00,5.384167069225065,5.384167069225065,5.308652877807617,5.308652877807617,14600,0.0,0.0
2014-09-29 00:00:00-04:00,5.3011003813986095,5.353960486484126,5.3011003813986095,5.338857650756836,21200,0.0,0.0
2014-09-30 00:00:00-04:00,5.316202669673188,5.346408338017242,5.285997001329132,5.331305503845215,25400,0.0,0.0
2014-10-01 00:00:00-04:00,5.316203540878307,5.316203540878307,5.2859978675842285,5.2859978675842285,21000,0.0,0.0
2014-10-02 00:00:00-04:00,5.316202133032001,5.338856562043188,5.263342038725855,5.3010993003845215,19700,0.0,0.0
2014-10-03 00:00:00-04:00,5.353960469506212,5.36906330518561,5.293549126788626,5.361511707305908,27700,0.0,0.0
2014-10-06 00:00:00-04:00,5.35396038602034,5.391717294590075,5.285997446482819,5.3162031173706055,37200,0.0,0.0
2014-10-07 00:00:00-04:00,5.308652302594802,5.323755139241841,5.2859978675842285,5.2859978675842285,25900,0.0,0.0
2014-10-08 00:00:00-04:00,5.285996087241265,5.376613076603366,5.2406875925602145,5.346407413482666,32100,0.0,0.0
2014-10-09 00:00:00-04:00,5.331305070202571,5.35395949965791,5.2482393089729165,5.323753833770752,31700,0.0,0.0
2014-10-10 00:00:00-04:00,5.353960497022156,5.391717406374691,5.301100391832597,5.376614570617676,11800,0.0,0.0
2014-10-13 00:00:00-04:00,5.331306035947115,5.361511707305908,5.285997528908925,5.361511707305908,12900,0.0,0.0
2014-10-14 00:00:00-04:00,5.3313059528145,5.3313059528145,5.293549044244766,5.3162031173706055,12500,0.0,0.0
2014-10-15 00:00:00-04:00,5.293548699391425,5.36151127442146,5.195380095361404,5.353960037231445,31200,0.0,0.0
2014-10-16 00:00:00-04:00,5.323754798147419,5.36906330518561,5.293549126788626,5.361511707305908,11100,0.0,0.0
2014-10-17 00:00:00-04:00,5.361511707305908,5.399268976544403,5.301100364588321,5.361511707305908,14500,0.0,0.0
2014-10-20 00:00:00-04:00,5.361510630974442,5.369062227338148,5.233136373430895,5.3010993003845215,7800,0.0,0.0
2014-10-21 00:00:00-04:00,5.384166140865006,5.384166140865006,5.308651962468023,5.361511707305908,15500,0.0,0.0
2014-10-22 00:00:00-04:00,5.3313049656794815,5.346407798326961,5.3010993003845215,5.3010993003845215,4900,0.0,0.0
2014-10-23 00:00:00-04:00,5.323754715132552,5.369063221464234,5.301100281926712,5.3162031173706055,16600,0.0,0.0
2014-10-24 00:00:00-04:00,5.331306052853188,5.369063322211415,5.323754815029547,5.338857650756836,11900,0.0,0.0
2014-10-27 00:00:00-04:00,5.346408338017242,5.361511172189269,5.30109983550116,5.331305503845215,11100,0.0,0.0
2014-10-28 00:00:00-04:00,5.346407044215959,5.369061470031738,5.323752978480063,5.369061470031738,5900,0.0,0.0
2014-10-29 00:00:00-04:00,5.338857100971213,5.338857100971213,5.255791332985078,5.331305503845215,29100,0.0,0.0
2014-10-30 00:00:00-04:00,5.323753833770752,5.323753833770752,5.263342141916495,5.323753833770752,19100,0.0,0.0
2014-10-31 00:00:00-04:00,5.338857650756836,5.338857650756836,5.278445947767672,5.338857650756836,31000,0.0,0.0
2014-11-03 00:00:00-05:00,5.346409086793114,5.346409086793114,5.2482404708862305,5.2482404708862305,47200,0.0,0.0
2014-11-04 00:00:00-05:00,5.248239206078375,5.308650896748228,5.248239206078375,5.3010993003845215,31000,0.0,0.0
2014-11-05 00:00:00-05:00,5.316202669673188,5.331305503845215,5.308651432627158,5.331305503845215,19500,0.0,0.0
2014-11-06 00:00:00-05:00,5.346408439961455,5.353960037231445,5.323754368311436,5.353960037231445,5800,0.0,0.0
2014-11-07 00:00:00-05:00,5.346376895904541,5.384294244550267,5.346376895904541,5.346376895904541,14400,0.03,0.0
2014-11-10 00:00:00-05:00,5.308458530667485,5.384293580212155,5.308458530667485,5.353959560394287,6700,0.0,0.0
2014-11-11 00:00:00-05:00,5.376710414886475,5.376710414886475,5.33879270818906,5.376710414886475,27200,0.0,0.0
2014-11-12 00:00:00-05:00,5.384294794070105,5.566299315619215,5.384294794070105,5.513214588165283,331300,0.0,0.0
2014-11-13 00:00:00-05:00,5.513214709850963,5.5662994384765625,5.513214709850963,5.5662994384765625,110400,0.0,0.0
2014-11-14 00:00:00-05:00,5.543547776846475,5.664883865131028,5.543547776846475,5.649716854095459,84500,0.0,0.0
2014-11-17 00:00:00-05:00,5.6497172339722965,5.695218631748503,5.6497172339722965,5.6876349449157715,103600,0.0,0.0
2014-11-18 00:00:00-05:00,5.71038571283927,5.7255527250780025,5.680051326751709,5.680051326751709,156900,0.0,0.0
2014-11-19 00:00:00-05:00,5.680051326751709,5.695218700600537,5.680051326751709,5.680051326751709,49200,0.0,0.0
2014-11-20 00:00:00-05:00,5.680052417097769,5.687636105477952,5.505631923675537,5.505631923675537,18800,0.0,0.0
2014-11-21 00:00:00-05:00,5.589049328565511,5.619383353451368,5.51321426635087,5.5359649658203125,44200,0.0,0.0
2014-11-24 00:00:00-05:00,5.528382741077463,5.604217823350846,5.528382741077463,5.558716773986816,16400,0.0,0.0
2014-11-25 00:00:00-05:00,5.558714365852006,5.619382405388229,5.558714365852006,5.589048385620117,12400,0.0,0.0
2014-11-26 00:00:00-05:00,5.566300463019252,5.604217823350846,5.558716773986816,5.558716773986816,11700,0.0,0.0
2014-11-28 00:00:00-05:00,5.558716773986816,5.604217823350846,5.558716773986816,5.558716773986816,9500,0.0,0.0
2014-12-01 00:00:00-05:00,5.558716447491014,5.611801182769504,5.4980483852356965,5.581467151641846,19800,0.0,0.0
2014-12-02 00:00:00-05:00,5.5511317531479065,5.589049101912512,5.475296332398523,5.5207977294921875,24400,0.0,0.0
2014-12-03 00:00:00-05:00,5.528381601493532,5.5435486148217805,5.490463887367849,5.513214588165283,8200,0.0,0.0
2014-12-04 00:00:00-05:00,5.4752968740396,5.5435486148217805,5.46012986071135,5.513214588165283,26800,0.0,0.0
2014-12-05 00:00:00-05:00,5.498046573302166,5.589048636694548,5.353959792125869,5.57388162612915,47500,0.0,0.0
2014-12-08 00:00:00-05:00,5.558715472544704,5.558715472544704,5.452546382218956,5.490463733673096,18300,0.0,0.0
2014-12-09 00:00:00-05:00,5.444963571002738,5.498048305511475,5.422213228791971,5.498048305511475,12000,0.0,0.0
2014-12-10 00:00:00-05:00,5.50563199398851,5.50563199398851,5.4146295403149365,5.498048305511475,43800,0.0,0.0
2014-12-11 00:00:00-05:00,5.460130586346638,5.498048305511475,5.4146295403149365,5.498048305511475,22400,0.0,0.0
2014-12-12 00:00:00-05:00,5.460129728942614,5.490463754867064,5.308459599320363,5.407045364379883,80800,0.0,0.0
2014-12-15 00:00:00-05:00,5.422213077545166,5.490464463883836,5.4070460626243335,5.422213077545166,150000,0.0,0.0
2014-12-16 00:00:00-05:00,5.444962724867025,5.490463763827962,5.444962724867025,5.460129737854004,81700,0.0,0.0
2014-12-17 00:00:00-05:00,5.467714786529541,5.498048820056207,5.460131097342773,5.467714786529541,42300,0.0,0.0
2014-12-18 00:00:00-05:00,5.46012970786574,5.490463733673096,5.452546382218956,5.490463733673096,73400,0.0,0.0
2014-12-19 00:00:00-05:00,5.490463763827962,5.490463763827962,5.437379399178592,5.460129737854004,76900,0.0,0.0
2014-12-22 00:00:00-05:00,5.482880438139529,5.513214464113487,5.460129737854004,5.460129737854004,21900,0.0,0.0
2014-12-23 00:00:00-05:00,5.50563199398851,5.528382336199276,5.444963571002738,5.498048305511475,18800,0.0,0.0
2014-12-24 00:00:00-05:00,5.4980487450548585,5.566300500363907,5.482881728498425,5.528382778167725,8700,0.0,0.0
2014-12-26 00:00:00-05:00,5.589049142965009,5.604216154904273,5.505630758104101,5.543548107147217,10200,0.0,0.0
2014-12-29 00:00:00-05:00,5.558716811280591,5.589050844393457,5.47529803941511,5.528382778167725,10600,0.0,0.0
2014-12-30 00:00:00-05:00,5.535966024676312,5.535966024676312,5.460130586346638,5.498048305511475,200000,0.0,0.0
2014-12-31 00:00:00-05:00,5.475296994888374,5.5662994384765625,5.475296994888374,5.5662994384765625,28700,0.0,0.0
2015-01-02 00:00:00-05:00,5.543548490087445,5.56629919037297,5.452546412165571,5.460129737854004,16800,0.0,0.0
2015-01-05 00:00:00-05:00,5.3463773212567185,5.46771342515255,5.3463773212567185,5.460129737854004,20300,0.0,0.0
2015-01-06 00:00:00-05:00,5.429795711880046,5.490463763827962,5.422212386191613,5.460129737854004,25000,0.0,0.0
2015-01-07 00:00:00-05:00,5.505632509242975,5.535966542769642,5.452547769766208,5.467714786529541,8100,0.0,0.0
2015-01-08 00:00:00-05:00,5.535965133994242,5.535965133994242,5.475296720769418,5.490463733673096,3700,0.0,0.0
2015-01-09 00:00:00-05:00,5.4525465965271,5.535965351581096,5.4525465965271,5.4525465965271,8700,0.0,0.0
2015-01-12 00:00:00-05:00,5.498047451126508,5.498047451126508,5.429795711880046,5.460129737854004,37300,0.0,0.0
2015-01-13 00:00:00-05:00,5.528380952650782,5.528380952650782,5.437378883361816,5.437378883361816,14700,0.0,0.0
2015-01-14 00:00:00-05:00,5.460130281036247,5.505631686133848,5.3994622230529785,5.3994622230529785,26500,0.0,0.0
2015-01-15 00:00:00-05:00,5.437379390304333,5.467713416228783,5.361544325493208,5.407045364379883,24100,0.0,0.0
2015-01-16 00:00:00-05:00,5.3994616562510265,5.490463733673096,5.3994616562510265,5.490463733673096,13000,0.0,0.0
2015-01-20 00:00:00-05:00,5.475296231427179,5.4904632429753395,5.429795196782696,5.437378883361816,11500,0.0,0.0
2015-01-21 00:00:00-05:00,5.414628185234536,5.467712906458138,5.414628185234536,5.437378883361816,12300,0.0,0.0
2015-01-22 00:00:00-05:00,5.4373802441358725,5.50563199398851,5.429796555658837,5.498048305511475,7600,0.0,0.0
2015-01-23 00:00:00-05:00,5.528382336199276,5.528382336199276,5.460130586346638,5.498048305511475,9800,0.0,0.0
2015-01-26 00:00:00-05:00,5.460131022858676,5.528382778167725,5.42979698974581,5.528382778167725,15000,0.0,0.0
2015-01-27 00:00:00-05:00,5.467714274823673,5.513215320855376,5.429796555658837,5.498048305511475,8000,0.0,0.0
2015-01-28 00:00:00-05:00,5.460129768177333,5.5359651951435,5.429795742034912,5.429795742034912,12800,0.0,0.0
2015-01-29 00:00:00-05:00,5.45254427850819,5.513212306715852,5.429793587125331,5.444960594177246,6700,0.0,0.0
2015-01-30 00:00:00-05:00,5.490463763827962,5.498047451126508,5.452546412165571,5.460129737854004,19800,0.0,0.0
2015-02-02 00:00:00-05:00,5.460129768177333,5.490463794319753,5.429795742034912,5.429795742034912,21500,0.0,0.0
2015-02-03 00:00:00-05:00,5.460130586346638,5.543549351543177,5.4373802441358725,5.498048305511475,14100,0.0,0.0
2015-02-04 00:00:00-05:00,5.437379552105532,5.543548646000403,5.437379552105532,5.482880592346191,6300,0.0,0.0
2015-02-05 00:00:00-05:00,5.535965411150543,5.5662994384765625,5.513214709850963,5.5662994384765625,6400,0.0,0.0
2015-02-06 00:00:00-05:00,5.528380569463771,5.6952180465396625,5.505630234523457,5.604215621948242,39400,0.0,0.0
2015-02-09 00:00:00-05:00,5.566300500363907,5.680052943732055,5.528382778167725,5.528382778167725,16300,0.0,0.0
2015-02-10 00:00:00-05:00,5.611801512383282,5.611801512383282,5.49804870816811,5.558716773986816,1400,0.0,0.0
2015-02-11 00:00:00-05:00,5.589174988836888,5.61201882449202,5.505413410876884,5.581560134887695,1100,0.03,0.0
2015-02-12 00:00:00-05:00,5.558716297521618,5.642477512359619,5.52064275397982,5.642477512359619,8800,0.0,0.0
2015-02-13 00:00:00-05:00,5.650092366306467,5.650092366306467,5.551101443574771,5.642477512359619,2600,0.0,0.0
2015-02-17 00:00:00-05:00,5.604403736583653,5.634862422943115,5.535871510726774,5.634862422943115,11800,0.0,0.0
2015-02-18 00:00:00-05:00,5.650091159976382,5.650091159976382,5.558715110700896,5.589173793792725,18800,0.0,0.0
2015-02-19 00:00:00-05:00,5.573943844412668,5.573943844412668,5.528255824757167,5.543485164642334,3100,0.0,0.0
2015-02-20 00:00:00-05:00,5.520642992556349,5.543487192287892,5.513028138280423,5.528257846832275,4000,0.0,0.0
2015-02-23 00:00:00-05:00,5.513026352852601,5.55871473751922,5.459723842568412,5.497797012329102,27200,0.0,0.0
2015-02-24 00:00:00-05:00,5.528257846832275,5.543487192287892,5.490184301645116,5.528257846832275,15200,0.0,0.0
2015-02-25 00:00:00-05:00,5.505411864138911,5.5510998857094105,5.474953183091912,5.497797012329102,18600,0.0,0.0
2015-02-26 00:00:00-05:00,5.505413174409265,5.520642518557299,5.4901838302612305,5.4901838302612305,16200,0.0,0.0
2015-02-27 00:00:00-05:00,5.520641442926385,5.520641442926385,5.467338567245591,5.5054121017456055,13900,0.0,0.0
2015-03-02 00:00:00-05:00,5.4901838302612305,5.528257372179418,5.482568976639111,5.4901838302612305,14600,0.0,0.0
2015-03-03 00:00:00-05:00,5.51302742427212,5.535871621045044,5.421651363372803,5.421651363372803,14300,0.0,0.0
2015-03-04 00:00:00-05:00,5.436879764638538,5.50541197998441,5.436879764638538,5.48256778717041,7200,0.0,0.0
2015-03-05 00:00:00-05:00,5.505413174409265,5.505413174409265,5.459725141965163,5.4901838302612305,38800,0.0,0.0
2015-03-06 00:00:00-05:00,5.474952953611031,5.543485164642334,5.474952953611031,5.543485164642334,44700,0.0,0.0
2015-03-09 00:00:00-04:00,5.5511012068533665,5.5511012068533665,5.4901838302612305,5.4901838302612305,4100,0.0,0.0
2015-03-10 00:00:00-04:00,5.490182293496198,5.558714504527501,5.474952953611031,5.543485164642334,33400,0.0,0.0
2015-03-11 00:00:00-04:00,5.520641089138255,5.5967877901623195,5.4901824087286295,5.513026237487793,19400,0.0,0.0
2015-03-12 00:00:00-04:00,5.54348576483988,5.558715106373939,5.497797377141557,5.551100254058838,21200,0.0,0.0
2015-03-13 00:00:00-04:00,5.528255824757167,5.5815583328072,5.513026121775896,5.543485164642334,44600,0.0,0.0
2015-03-16 00:00:00-04:00,5.589173672589086,5.596788161648849,5.513026603414653,5.566329479217529,42200,0.0,0.0
2015-03-17 00:00:00-04:00,5.5587149901577675,5.680549719883044,5.520641455570551,5.566329479217529,97800,0.0,0.0
2015-03-18 00:00:00-04:00,5.566328992922033,5.589173184297835,5.520640973266532,5.543485164642334,27800,0.0,0.0
2015-03-19 00:00:00-04:00,5.535870784107164,5.551100125287943,5.5054121017456055,5.5054121017456055,19100,0.0,0.0
2015-03-20 00:00:00-04:00,5.535871862705332,5.596789239297468,5.4901838302612305,5.4901838302612305,61400,0.0,0.0
2015-03-23 00:00:00-04:00,5.490182887922599,5.634861814044238,5.490182887922599,5.551100254058838,38200,0.0,0.0
2015-03-24 00:00:00-04:00,5.573944939674584,5.8937611401059256,5.573944939674584,5.7110090255737305,11700,0.0,0.0
2015-03-25 00:00:00-04:00,5.680551642136449,5.779542575084047,5.650092949398151,5.7262396812438965,175100,0.0,0.0
2015-03-26 00:00:00-04:00,5.733854640062983,5.855689413227835,5.680551745255227,5.810001373291016,32600,0.0,0.0
2015-03-27 00:00:00-04:00,5.733852643052276,5.855687373784008,5.703393597273204,5.825228691101074,18300,0.0,0.0
2015-03-30 00:00:00-04:00,5.8176135869403796,5.878530949668113,5.7566962242126465,5.7566962242126465,22000,0.0,0.0
2015-03-31 00:00:00-04:00,5.794770020336266,5.893760557711323,5.794770020336266,5.886146068572998,35500,0.0,0.0
2015-04-01 00:00:00-04:00,5.863301874965746,5.901375409945787,5.840458044454632,5.886146068572998,17000,0.0,0.0
2015-04-02 00:00:00-04:00,5.901375770568848,5.908990623268642,5.88614642826542,5.901375770568848,58200,0.0,0.0
2015-04-06 00:00:00-04:00,5.855687175867468,6.015595436096191,5.84807232390604,6.015595436096191,69300,0.0,0.0
2015-04-07 00:00:00-04:00,5.947063698373567,6.038439750671387,5.947063698373567,6.038439750671387,51600,0.0,0.0
2015-04-08 00:00:00-04:00,5.985136754442732,6.106971844152695,5.924219391135814,6.015595436096191,57800,0.0,0.0
2015-04-09 00:00:00-04:00,5.977520817591954,6.000365006234008,5.95467699204596,5.969906330108643,19200,0.0,0.0
2015-04-10 00:00:00-04:00,6.0384392514239655,6.046054103367279,5.954678058624268,5.954678058624268,14300,0.0,0.0
2015-04-13 00:00:00-04:00,6.00036728538309,6.046055316925049,5.9242205661464915,6.046055316925049,28000,0.0,0.0
2015-04-14 00:00:00-04:00,5.947064047195133,6.053669447795468,5.947064047195133,6.030825614929199,7800,0.0,0.0
2015-04-15 00:00:00-04:00,6.01559567578168,6.053668847817429,6.007980823516846,6.007980823516846,3200,0.0,0.0
2015-04-16 00:00:00-04:00,6.015595436096191,6.0308247769229215,5.947063220827846,6.015595436096191,16600,0.0,0.0
2015-04-17 00:00:00-04:00,6.007980823516846,6.023210164950374,5.992751482083318,6.007980823516846,16100,0.0,0.0
2015-04-20 00:00:00-04:00,6.023209910633463,6.023209910633463,5.947063206680953,5.954678058624268,29400,0.0,0.0
2015-04-21 00:00:00-04:00,5.992751229052459,5.992751229052459,5.91660452509995,5.954678058624268,7100,0.0,0.0
2015-04-22 00:00:00-04:00,5.939447653983278,5.969906330108643,5.90137412727854,5.969906330108643,17600,0.0,0.0
2015-04-23 00:00:00-04:00,5.939449556450604,6.000366928213801,5.8937611645320285,5.9927520751953125,27700,0.0,0.0
2015-04-24 00:00:00-04:00,6.0308247769229215,6.0308247769229215,5.969907413616003,6.015595436096191,85400,0.0,0.0
2015-04-27 00:00:00-04:00,6.053671262793243,6.053671262793243,5.886148440194981,5.947065830230713,13500,0.0,0.0
2015-04-28 00:00:00-04:00,5.939448717833765,5.992751229052459,5.91660452509995,5.954678058624268,8400,0.0,0.0
2015-04-29 00:00:00-04:00,5.863302589714138,6.000367041873809,5.8404587564183155,5.916605472564697,22400,0.0,0.0
2015-04-30 00:00:00-04:00,5.863302233262197,5.954678650178926,5.802384864048485,5.901375770568848,22700,0.0,0.0
2015-05-01 00:00:00-04:00,5.908989906311035,5.969907268133439,5.901375054535176,5.908989906311035,15700,0.0,0.0
2015-05-04 00:00:00-04:00,5.908990982498151,6.053669561628184,5.9013761293354206,5.916605472564697,5400,0.0,0.0
2015-05-05 00:00:00-04:00,5.908990625683431,6.046054706470295,5.901375772980524,5.939449310302734,23300,0.0,0.0
2015-05-06 00:00:00-04:00,5.954678770365664,6.000366798198096,5.83284366638301,5.924220085144043,290100,0.0,0.0
2015-05-07 00:00:00-04:00,5.931833735446378,5.931833735446378,5.695778776836505,5.908989906311035,5100,0.0,0.0
2015-05-08 00:00:00-04:00,5.954678650178926,5.954678650178926,5.848072890958769,5.901375770568848,34300,0.0,0.0
2015-05-11 00:00:00-04:00,5.924308090164858,5.924308090164858,5.886086601844815,5.916663646697998,4800,0.03,0.0
2015-05-12 00:00:00-04:00,5.893730978987851,5.893730978987851,5.824932446588834,5.86315393447876,6900,0.0,0.0
2015-05-13 00:00:00-04:00,5.909019429284332,5.909019429284332,5.84022089772312,5.886086463928223,8800,0.0,0.0
2015-05-14 00:00:00-04:00,5.893730907215965,5.90137498599659,5.870797941859855,5.886086463928223,4500,0.0,0.0
2015-05-15 00:00:00-04:00,5.847865341010863,5.90137498599659,5.824932375654753,5.886086463928223,8800,0.0,0.0
2015-05-18 00:00:00-04:00,5.840220928192139,5.901375016784655,5.80964388389588,5.840220928192139,10300,0.0,0.0
2015-05-19 00:00:00-04:00,5.832577228546143,5.93959689054037,5.694980155760706,5.832577228546143,17900,0.0,0.0
2015-05-20 00:00:00-04:00,5.870798969857582,5.901376019348467,5.786712266011241,5.794356346130371,9900,0.0,0.0
2015-05-21 00:00:00-04:00,5.8249323386474305,5.878442347800313,5.679691197667136,5.7867112159729,25200,0.0,0.0
2015-05-22 00:00:00-04:00,5.6873354208140485,5.863153598932886,5.664402456491112,5.710268020629883,30600,0.0,0.0
2015-05-26 00:00:00-04:00,5.748489847238978,5.748489847238978,5.6720472358077,5.679691314697266,8700,0.0,0.0
2015-05-27 00:00:00-04:00,5.664403609648841,5.80200069458423,5.664403609648841,5.717913627624512,23200,0.0,0.0
2015-05-28 00:00:00-04:00,5.702624968987122,5.748490541384276,5.656759396589966,5.687336444854736,26600,0.0,0.0
2015-05-29 00:00:00-04:00,5.6720488377981875,5.740847389771084,5.656760311193903,5.664404392242432,26300,0.0,0.0
2015-06-01 00:00:00-04:00,5.687335830208023,5.687335830208023,5.656758785247803,5.656758785247803,8700,0.0,0.0
2015-06-02 00:00:00-04:00,5.656758365004388,5.664402443422997,5.549738715594158,5.565027236938477,100500,0.0,0.0
2015-06-03 00:00:00-04:00,5.626182860431833,5.740846984115267,5.542095787796355,5.6414713859558105,22900,0.0,0.0
2015-06-04 00:00:00-04:00,5.649114575165319,5.7484901576456195,5.649114575165319,5.694980144500732,12500,0.0,0.0
2015-06-05 00:00:00-04:00,5.733201845168035,5.756134812931856,5.68733627414755,5.702624797821045,6800,0.0,0.0
2015-06-08 00:00:00-04:00,5.733201845168035,5.771423336605351,5.702624797821045,5.702624797821045,12000,0.0,0.0
2015-06-09 00:00:00-04:00,5.702624797821045,5.7790674161885205,5.694980353730719,5.702624797821045,8900,0.0,0.0
2015-06-10 00:00:00-04:00,5.748491321951917,5.779068374368639,5.725558350385767,5.771424293518066,5800,0.0,0.0
2015-06-11 00:00:00-04:00,5.702623552936407,5.779066154616437,5.694979110514866,5.756133556365967,13700,0.0,0.0
2015-06-12 00:00:00-04:00,5.756133949275755,5.786710992034935,5.710268020629883,5.710268020629883,10600,0.0,0.0
2015-06-15 00:00:00-04:00,5.748490163396339,5.771423130340559,5.71026867332502,5.7637786865234375,2400,0.0,0.0
2015-06-16 00:00:00-04:00,5.725558455881175,5.725558455881175,5.442720533561505,5.542096138000488,141800,0.0,0.0
2015-06-17 00:00:00-04:00,5.610893217807471,5.7332013976483545,5.610893217807471,5.656758785247803,77700,0.0,0.0
2015-06-18 00:00:00-04:00,5.702625891006758,5.702625891006758,5.572673232616721,5.664404392242432,14300,0.0,0.0
2015-06-19 00:00:00-04:00,5.595606204776762,5.6720488377981875,5.580317678172477,5.664404392242432,60100,0.0,0.0
2015-06-22 00:00:00-04:00,5.565028591554328,5.626182691817476,5.5573841467678395,5.587961196899414,15400,0.0,0.0
2015-06-23 00:00:00-04:00,5.626183206487539,5.687337312344922,5.549740574165811,5.610894680023193,68200,0.0,0.0
2015-06-24 00:00:00-04:00,5.549738715594158,5.595604279627113,5.542094272668448,5.565027236938477,258900,0.0,0.0
2015-06-25 00:00:00-04:00,5.580317288955676,5.580317288955676,5.5726728439331055,5.5726728439331055,4300,0.0,0.0
2015-06-26 00:00:00-04:00,5.572673051945502,5.603250104162736,5.572673051945502,5.580317497253418,19700,0.0,0.0
2015-06-29 00:00:00-04:00,5.557383091204947,5.57267161336685,5.511517524719238,5.511517524719238,19500,0.0,0.0
2015-06-30 00:00:00-04:00,5.519162651849777,5.587961196899414,5.519162651849777,5.587961196899414,7400,0.0,0.0
2015-07-01 00:00:00-04:00,5.60324903915644,5.656759052619589,5.542094946345494,5.649114608764648,349100,0.0,0.0
2015-07-02 00:00:00-04:00,5.649115682488587,5.649115682488587,5.572673051945502,5.580317497253418,11800,0.0,0.0
2015-07-06 00:00:00-04:00,5.5879614051483495,5.626182901490829,5.5803173245841755,5.595605850219727,13500,0.0,0.0
2015-07-07 00:00:00-04:00,5.58031617284725,5.656758785247803,5.58031617284725,5.656758785247803,19400,0.0,0.0
2015-07-08 00:00:00-04:00,5.626182006214116,5.687336099025061,5.626182006214116,5.649114608764648,13100,0.0,0.0
2015-07-09 00:00:00-04:00,5.6720476150512695,5.710268741068882,5.649114647834984,5.6720476150512695,10300,0.0,0.0
2015-07-10 00:00:00-04:00,5.725557397786582,5.77142333328786,5.63382625579834,5.63382625579834,10900,0.0,0.0
2015-07-13 00:00:00-04:00,5.664403098277123,5.771423124566898,5.656759018974793,5.694980144500732,8200,0.0,0.0
2015-07-14 00:00:00-04:00,5.763778442608576,5.763778442608576,5.656758785247803,5.656758785247803,4100,0.0,0.0
2015-07-15 00:00:00-04:00,5.633826655609612,5.740846693364524,5.633826655609612,5.725557804107666,9700,0.0,0.0
2015-07-16 00:00:00-04:00,5.725557707616935,5.725557707616935,5.6261824806723695,5.717913627624512,10400,0.0,0.0
2015-07-17 00:00:00-04:00,5.717913184976693,5.756134675501453,5.6720476150512695,5.6720476150512695,1700,0.0,0.0
2015-07-20 00:00:00-04:00,5.641470568434321,5.771423198809928,5.641470568434321,5.6720476150512695,6800,0.0,0.0
2015-07-21 00:00:00-04:00,5.626182575488365,5.7637792982354465,5.595605525989014,5.725557804107666,36400,0.0,0.0
2015-07-22 00:00:00-04:00,5.733200593608419,5.756133556365967,5.649113549506848,5.756133556365967,7500,0.0,0.0
2015-07-23 00:00:00-04:00,5.694980353730719,5.733201845168035,5.694980353730719,5.702624797821045,4800,0.0,0.0
2015-07-24 00:00:00-04:00,5.649115604394682,5.65676004959692,5.396854744836172,5.603250026702881,52000,0.0,0.0
2015-07-27 00:00:00-04:00,5.610894680023193,5.610894680023193,5.5420961286800265,5.610894680023193,16000,0.0,0.0
2015-07-28 00:00:00-04:00,5.5803172838599,5.6414713859558105,5.534451342780765,5.6414713859558105,26500,0.0,0.0
2015-07-29 00:00:00-04:00,5.557384318395167,5.633826946084861,5.549740237879798,5.5726728439331055,9400,0.0,0.0
2015-07-30 00:00:00-04:00,5.618537902832031,5.633826426961224,5.580316774762635,5.618537902832031,6500,0.0,0.0
2015-07-31 00:00:00-04:00,5.633827339033862,5.6720488377981875,5.618538812429577,5.664404392242432,16000,0.0,0.0
2015-08-03 00:00:00-04:00,5.641470124583656,5.672047168794913,5.6185371591716535,5.626181602478027,26300,0.0,0.0
2015-08-04 00:00:00-04:00,5.626182006214116,5.664403131967385,5.60324903915644,5.649114608764648,5200,0.0,0.0
2015-08-05 00:00:00-04:00,5.633826124526509,5.6720476150512695,5.626182045125846,5.6720476150512695,14300,0.0,0.0
2015-08-06 00:00:00-04:00,5.641470871279403,5.656759395408596,5.587960854573647,5.618537902832031,14900,0.0,0.0
2015-08-07 00:00:00-04:00,5.6185371591716535,5.672047168794913,5.580316036161142,5.626181602478027,10100,0.0,0.0
2015-08-10 00:00:00-04:00,5.64920969644321,5.687587259411464,5.610831767475901,5.664560794830322,55900,0.03,0.0
2015-08-11 00:00:00-04:00,5.687587145865472,5.687587145865472,5.61850738750209,5.641533851623535,5700,0.0,0.0
2015-08-12 00:00:00-04:00,5.610831655462243,5.69526287790532,5.603156289421444,5.641533851623535,9000,0.0,0.0
2015-08-13 00:00:00-04:00,5.618506162746927,5.6799105416842215,5.618506162746927,5.656883716583252,4700,0.0,0.0
2015-08-14 00:00:00-04:00,5.6261820390121935,5.718288615798442,5.6185066739461735,5.710613250732422,41300,0.0,0.0
2015-08-17 00:00:00-04:00,5.6338576933831845,5.748990729799181,5.6338576933831845,5.7413153648376465,3000,0.0,0.0
2015-08-18 00:00:00-04:00,5.733638836899026,5.787367848157401,5.679910191639596,5.70293664932251,16500,0.0,0.0
2015-08-19 00:00:00-04:00,5.641532201878448,5.733638763427734,5.641532201878448,5.733638763427734,1200,0.0,0.0
2015-08-20 00:00:00-04:00,5.633858005188419,5.7182888544331,5.618506908416748,5.618506908416748,53000,0.0,0.0
2015-08-21 00:00:00-04:00,5.6415332539028595,5.7643423915354415,5.6415332539028595,5.756666660308838,19600,0.0,0.0
2015-08-24 00:00:00-04:00,5.641532943581927,5.725964152435248,5.618506483166741,5.718288421630859,23500,0.0,0.0
2015-08-25 00:00:00-04:00,5.787368528823651,5.787368528823651,5.641532937683657,5.6952619552612305,21800,0.0,0.0
2015-08-26 00:00:00-04:00,5.779692475423425,5.779692475423425,5.656883359306238,5.679910182952881,11400,0.0,0.0
2015-08-27 00:00:00-04:00,5.679911260525637,5.772017840588455,5.664560163848501,5.748991012573242,31000,0.0,0.0
2015-08-28 00:00:00-04:00,5.6338576933831845,5.795044383564376,5.6338576933831845,5.7413153648376465,4600,0.0,0.0
2015-08-31 00:00:00-04:00,5.7950445844438345,5.7950445844438345,5.710613370946248,5.756666660308838,3100,0.0,0.0
2015-09-01 00:00:00-04:00,5.664560163848501,5.764342475249394,5.641533335833289,5.748991012573242,13400,0.0,0.0
2015-09-02 00:00:00-04:00,5.672234453071018,5.710612370482441,5.61850580789376,5.679910182952881,19700,0.0,0.0
2015-09-03 00:00:00-04:00,5.641532943581927,5.779693170068995,5.641532943581927,5.718288421630859,2700,0.0,0.0
2015-09-04 00:00:00-04:00,5.6799115656226045,5.787369248134658,5.664560468120882,5.764342784881592,7500,0.0,0.0
2015-09-08 00:00:00-04:00,5.7873691673435905,5.795044898986816,5.725964778193902,5.795044898986816,7100,0.0,0.0
2015-09-09 00:00:00-04:00,5.795045262994233,5.795045262994233,5.702938307485105,5.7720184326171875,4500,0.0,0.0
2015-09-10 00:00:00-04:00,5.649209646603754,5.779694164742554,5.649209646603754,5.7720184326171875,80900,0.0,0.0
2015-09-11 00:00:00-04:00,5.702936622304847,5.787367820739746,5.702936622304847,5.787367820739746,98300,0.0,0.0
2015-09-14 00:00:00-04:00,5.7566662021508685,6.002284091868939,5.7566662021508685,5.9408793449401855,60700,0.0,0.0
2015-09-15 00:00:00-04:00,5.787370034795929,5.90250346470813,5.7796946680012935,5.825747966766357,48000,0.0,0.0
2015-09-16 00:00:00-04:00,5.8564492881365044,5.917853677286193,5.7566669727687465,5.795044898986816,16300,0.0,0.0
2015-09-17 00:00:00-04:00,5.818071365356445,5.963906972672648,5.810395999707714,5.818071365356445,13500,0.0,0.0
2015-09-18 00:00:00-04:00,5.74131571770603,5.933204611525083,5.6952624271093395,5.856449127197266,33900,0.0,0.0
2015-09-21 00:00:00-04:00,5.8334223029383185,5.9639068093854615,5.695262431052589,5.8794755935668945,34400,0.0,0.0
2015-09-22 00:00:00-04:00,5.7489921028255,5.90250346470813,5.718289903648791,5.825747966766357,22600,0.0,0.0
2015-09-23 00:00:00-04:00,5.8564480992858305,5.933203570141689,5.702936791575158,5.887150287628174,24000,0.0,0.0
2015-09-24 00:00:00-04:00,5.879475589496101,5.933204611525083,5.74131571770603,5.856449127197266,48300,0.0,0.0
2015-09-25 00:00:00-04:00,5.871799599393682,5.9639061707883405,5.802719487848198,5.9408793449401855,32400,0.0,0.0
2015-09-28 00:00:00-04:00,5.795044069617656,5.933203925431436,5.756666148892118,5.841097354888916,23400,0.0,0.0
2015-09-29 00:00:00-04:00,5.841099066354712,5.940881030679474,5.772018935207575,5.825747966766357,20500,0.0,0.0
2015-09-30 00:00:00-04:00,5.8564488496931375,5.933204330383944,5.77969336900233,5.871799945831299,24300,0.0,0.0
2015-10-01 00:00:00-04:00,5.848772340284253,6.056012293569949,5.718287857474935,5.97158145904541,27600,0.0,0.0
2015-10-02 00:00:00-04:00,5.910176716665355,5.979256823093571,5.7566657757126,5.97158145904541,36400,0.0,0.0
2015-10-05 00:00:00-04:00,5.9869329966364955,5.9869329966364955,5.841097408928795,5.9408793449401855,23900,0.0,0.0
2015-10-06 00:00:00-04:00,5.95623252212672,5.986934721436727,5.772018960267592,5.925529956817627,15200,0.0,0.0
2015-10-07 00:00:00-04:00,5.894826290349075,6.0022843271880415,5.887150925431432,5.98693323135376,20500,0.0,0.0
2015-10-08 00:00:00-04:00,5.9792570741299444,6.063688278198242,5.933203789910592,6.063688278198242,23200,0.0,0.0
2015-10-09 00:00:00-04:00,6.063689511099576,6.063689511099576,5.994609387725328,6.048338413238525,18500,0.0,0.0
2015-10-12 00:00:00-04:00,6.063688311310359,6.079039406133971,5.963906011957394,5.979257106781006,29400,0.0,0.0
2015-10-13 00:00:00-04:00,5.9946092748875515,6.025311470031738,5.971582811528929,6.025311470031738,6500,0.0,0.0
2015-10-14 00:00:00-04:00,6.025310787939967,6.0406618837742485,5.879475194514794,5.98693323135376,7300,0.0,0.0
2015-10-15 00:00:00-04:00,5.9946092748875515,6.025311470031738,5.841098299166617,6.025311470031738,26000,0.0,0.0
2015-10-16 00:00:00-04:00,5.971582811528929,6.025311470031738,5.963907079743365,6.025311470031738,22700,0.0,0.0
2015-10-19 00:00:00-04:00,5.956229546998887,6.025309277941636,5.856447266082923,6.01763391494751,6100,0.0,0.0
2015-10-20 00:00:00-04:00,6.01763391494751,6.025309277941636,5.979256001980169,6.01763391494751,18800,0.0,0.0
2015-10-21 00:00:00-04:00,5.948553818005857,6.025309277941636,5.940878089012828,6.01763391494751,7200,0.0,0.0
2015-10-22 00:00:00-04:00,6.025309277941636,6.025309277941636,5.879473721064205,6.01763391494751,5400,0.0,0.0
2015-10-23 00:00:00-04:00,6.01763391494751,6.025309277941636,5.925526997025672,6.01763391494751,11200,0.0,0.0
2015-10-26 00:00:00-04:00,5.986931730973199,6.01763391494751,5.948553818005857,6.01763391494751,6900,0.0,0.0
2015-10-27 00:00:00-04:00,5.979257266020784,6.002284091868939,5.894826059242856,5.9408793449401855,15200,0.0,0.0
2015-10-28 00:00:00-04:00,5.825745918939945,5.994607955054615,5.825745918939945,5.910176753997803,36400,0.0,0.0
2015-10-29 00:00:00-04:00,5.856449245248672,5.91017790236167,5.756666930611637,5.902502536773682,12700,0.0,0.0
2015-10-30 00:00:00-04:00,5.948555308768558,5.98693323135376,5.825746542094305,5.98693323135376,17600,0.0,0.0
2015-11-02 00:00:00-05:00,5.986931730973199,6.025309277941636,5.879473721064205,6.01763391494751,18300,0.0,0.0
2015-11-03 00:00:00-05:00,5.917854061690235,6.025311749682284,5.917854061690235,6.009960651397705,9800,0.0,0.0
2015-11-04 00:00:00-05:00,6.025310467768577,6.025310467768577,5.933203897657222,5.948554992675781,40300,0.0,0.0
2015-11-05 00:00:00-05:00,5.948555308768558,6.025310787939967,5.887150925431432,5.98693323135376,13200,0.0,0.0
2015-11-06 00:00:00-05:00,5.8944701699994715,6.1179206409973474,5.8944701699994715,6.056279182434082,16000,0.03,0.0
2015-11-09 00:00:00-05:00,5.932997308328061,6.164153200304338,5.917586940023787,6.141037464141846,39000,0.0,0.0
2015-11-10 00:00:00-05:00,6.1333320434171155,6.202678879740529,6.07169057442392,6.156447410583496,38100,0.0,0.0
2015-11-11 00:00:00-05:00,6.148742410665415,6.202678879740529,6.079395574342001,6.156447410583496,4300,0.0,0.0
2015-11-12 00:00:00-05:00,6.117921238118655,6.117921238118655,6.0485744067605545,6.087100505828857,4300,0.0,0.0
2015-11-13 00:00:00-05:00,6.141037620819503,6.156447989516946,5.979228933202442,6.102511882781982,58300,0.0,0.0
2015-11-16 00:00:00-05:00,6.00234434931486,6.117922299152387,5.979228979794658,6.063985824584961,20000,0.0,0.0
2015-11-17 00:00:00-05:00,6.056278859573191,6.087099587211768,6.025458131934615,6.0485734939575195,9100,0.0,0.0
2015-11-18 00:00:00-05:00,6.079395252598599,6.141036718329507,6.048574519733145,6.117921352386475,19500,0.0,0.0
2015-11-19 00:00:00-05:00,6.08710094167222,6.194973512410312,6.08710094167222,6.156447410583496,28300,0.0,0.0
2015-11-20 00:00:00-05:00,6.164153575897217,6.233500421197959,6.1333328374107055,6.164153575897217,19500,0.0,0.0
2015-11-23 00:00:00-05:00,6.187267780303955,6.202678514055837,6.117921315481064,6.187267780303955,7600,0.0,0.0
2015-11-24 00:00:00-05:00,6.1487423673612165,6.202678836056468,6.094805898665964,6.194973468780518,14000,0.0,0.0
2015-11-25 00:00:00-05:00,6.202678627651703,6.2257939938786295,6.125626427129622,6.218088626861572,4600,0.0,0.0
2015-11-27 00:00:00-05:00,6.225794159755185,6.233499526977539,6.202678792912385,6.233499526977539,2100,0.0,0.0
2015-11-30 00:00:00-05:00,6.218088835784101,6.2334995703360025,6.171858101776934,6.194973468780518,7700,0.0,0.0
2015-12-01 00:00:00-05:00,6.187267780303955,6.225793879859428,6.164152414500363,6.187267780303955,21900,0.0,0.0
2015-12-02 00:00:00-05:00,6.194973936912887,6.202679304771105,6.141037464141846,6.141037464141846,18500,0.0,0.0
2015-12-03 00:00:00-05:00,6.164152336553352,6.179563070110361,6.063984772905454,6.087100505828857,4100,0.0,0.0
2015-12-04 00:00:00-05:00,6.071690935988208,6.171858512773118,6.071690935988208,6.125627040863037,15400,0.0,0.0
2015-12-07 00:00:00-05:00,6.110215985464053,6.148742085251929,6.063984886165872,6.117921352386475,11900,0.0,0.0
2015-12-08 00:00:00-05:00,6.0871014516210025,6.117922188699617,6.010049608924467,6.033164978027344,13300,0.0,0.0
2015-12-09 00:00:00-05:00,6.002343385522939,6.056279851429825,5.9792280197143555,5.9792280197143555,11500,0.0,0.0
2015-12-10 00:00:00-05:00,5.948407074253326,6.033164275049785,5.940702074587534,5.971522808074951,30400,0.0,0.0
2015-12-11 00:00:00-05:00,5.87906103261235,6.048575079047381,5.624789779253729,6.010049343109131,437500,0.0,0.0
2015-12-14 00:00:00-05:00,5.9715223495461425,6.056279543834442,5.863649790623277,6.025458812713623,9300,0.0,0.0
2015-12-15 00:00:00-05:00,6.040869849472883,6.210384256884167,6.040869849472883,6.179563522338867,25500,0.0,0.0
2015-12-16 00:00:00-05:00,6.194973468780518,6.218088835784101,6.094805898665964,6.194973468780518,12000,0.0,0.0
2015-12-17 00:00:00-05:00,6.125626676086898,6.210384247070746,6.125626676086898,6.156447410583496,5500,0.0,0.0
2015-12-18 00:00:00-05:00,6.171857472445953,6.2257935682293235,5.986932718212992,6.202678203582764,79800,0.0,0.0
2015-12-21 00:00:00-05:00,6.002342693342549,6.395307540893555,6.002342693342549,6.395307540893555,76600,0.0,0.0
2015-12-22 00:00:00-05:00,6.356782114694154,6.395308213869266,6.202678452817928,6.349076747894287,33000,0.0,0.0
2015-12-23 00:00:00-05:00,6.372194126736731,6.395309496949708,6.341372653353602,6.356783390045166,7300,0.0,0.0
2015-12-24 00:00:00-05:00,6.387604128603926,6.418424867162686,6.2797311762360835,6.356783390045166,6000,0.0,0.0
2015-12-28 00:00:00-05:00,6.349076666920797,6.433834230989926,6.341371300219201,6.42612886428833,21100,0.0,0.0
2015-12-29 00:00:00-05:00,6.403013921167553,6.4569500219863825,6.3876031867483105,6.441539287567139,12700,0.0,0.0
2015-12-30 00:00:00-05:00,6.480065644493966,6.4877710120076415,6.3798980712890625,6.3798980712890625,4900,0.0,0.0
2015-12-31 00:00:00-05:00,6.426130346574093,6.541707934460925,6.410719609616177,6.472361087799072,24600,0.0,0.0
2016-01-04 00:00:00-05:00,6.410718689004393,6.618759199114278,6.395308689083815,6.580233097076416,38400,0.0,0.0
2016-01-05 00:00:00-05:00,6.541706995038555,6.626464566486705,6.541706995038555,6.580233097076416,14300,0.0,0.0
2016-01-06 00:00:00-05:00,6.5571190499540535,6.626465900619223,6.526298309083359,6.549413681030273,26400,0.0,0.0
2016-01-07 00:00:00-05:00,6.48006306766588,6.48776843211548,6.356780175768274,6.387600898742676,62600,0.0,0.0
2016-01-08 00:00:00-05:00,6.403014173830088,6.433834909060497,6.310551233314569,6.3798980712890625,13400,0.0,0.0
2016-01-11 00:00:00-05:00,6.3721927740117446,6.395308139317661,6.079395085035904,6.279729843139648,19700,0.0,0.0
2016-01-12 00:00:00-05:00,6.264319011558553,6.349075829626024,6.171856827805644,6.310549736022949,47900,0.0,0.0
2016-01-13 00:00:00-05:00,6.31055133138355,6.387603538069147,6.171858388103499,6.325962066650391,75800,0.0,0.0
2016-01-14 00:00:00-05:00,6.279729854722252,6.356782052316379,6.194973025228085,6.3028459548950195,10900,0.0,0.0
2016-01-15 00:00:00-05:00,6.202679221863324,6.318256798894439,6.187268486352874,6.272026062011719,17600,0.0,0.0
2016-01-19 00:00:00-05:00,6.272025852423843,6.333667322757184,6.117921809178347,6.295141220092773,16900,0.0,0.0
2016-01-20 00:00:00-05:00,6.225791919421069,6.395306263192276,6.141034747535465,6.387600898742676,24400,0.0,0.0
2016-01-21 00:00:00-05:00,6.3105505751556095,6.349076673881614,6.117921183761909,6.279729843139648,43300,0.0,0.0
2016-01-22 00:00:00-05:00,6.295142281054224,6.295142281054224,6.233500800332042,6.241206169128418,12400,0.0,0.0
2016-01-25 00:00:00-05:00,6.225794515344995,6.27973061933354,6.056280468304757,6.14874267578125,47100,0.0,0.0
2016-01-26 00:00:00-05:00,6.1333324636957895,6.210384672629323,6.002344149403377,6.141037464141846,55400,0.0,0.0
2016-01-27 00:00:00-05:00,6.094806359229023,6.15644783244612,6.010049517261595,6.141037464141846,35000,0.0,0.0
2016-01-28 00:00:00-05:00,5.956113302458725,6.202679573418431,5.956113302458725,6.1333327293396,85600,0.0,0.0
2016-01-29 00:00:00-05:00,6.133332307868502,6.202679147181948,6.133332307868502,6.14874267578125,72600,0.0,0.0
2016-02-01 00:00:00-05:00,6.117922360367879,6.1795642036669385,6.117922360367879,6.1333327293396,22500,0.0,0.0
2016-02-02 00:00:00-05:00,6.133331817878371,6.14874218455999,6.087100717833514,6.094805717468262,27500,0.0,0.0
2016-02-03 00:00:00-05:00,6.102512098924194,6.2180896845425195,6.087101729680938,6.164153575897217,38900,0.0,0.0
2016-02-04 00:00:00-05:00,6.11792246816745,6.187268946056008,6.102512098924194,6.164153575897217,32200,0.0,0.0
2016-02-05 00:00:00-05:00,6.125626063678457,6.187267526509057,6.017753503724906,6.040869235992432,16300,0.0,0.0
2016-02-08 00:00:00-05:00,6.064074516296387,6.164626490043544,6.01766582791536,6.064074516296387,9000,0.03,0.0
2016-02-09 00:00:00-05:00,6.002195547617086,6.05633882651091,5.971256056904783,5.994460582733154,16800,0.0,0.0
2016-02-10 00:00:00-05:00,6.02540067563326,6.156892149262944,5.978991985321045,5.978991985321045,10600,0.0,0.0
2016-02-11 00:00:00-05:00,5.901642020034325,5.986724403559735,5.855233346614097,5.924846172332764,19700,0.0,0.0
2016-02-12 00:00:00-05:00,5.986726992939198,6.056340217590332,5.886175008116296,6.056340217590332,13800,0.0,0.0
2016-02-16 00:00:00-05:00,6.125951543779029,6.203299711120161,5.955786018216614,6.1955647468566895,129800,0.0,0.0
2016-02-17 00:00:00-05:00,6.195566873434392,6.241975199650915,6.095014516435862,6.156892776489258,13600,0.0,0.0
2016-02-18 00:00:00-05:00,6.14142228331751,6.218770096694614,6.0718090668663836,6.12595272064209,16200,0.0,0.0
2016-02-19 00:00:00-05:00,6.1414219738982805,6.241973941810738,6.07180876095443,6.14915657043457,16600,0.0,0.0
2016-02-22 00:00:00-05:00,6.2110341350146685,6.41213878637176,6.203299908152331,6.357995510101318,39300,0.0,0.0
2016-02-23 00:00:00-05:00,6.327056389711521,6.357995510101318,6.1723604189391255,6.357995510101318,46200,0.0,0.0
2016-02-24 00:00:00-05:00,6.342525581083012,6.357995510101318,6.249708219913619,6.357995510101318,15400,0.0,0.0
2016-02-25 00:00:00-05:00,6.357996092410579,6.528160901315927,6.272912950311021,6.47401762008667,30700,0.0,0.0
2016-02-26 00:00:00-05:00,6.419873525752326,6.520425847904758,6.373464477971669,6.427608489990234,26800,0.0,0.0
2016-02-29 00:00:00-05:00,6.427609966600254,6.5977747930453265,6.388935874172935,6.466283321380615,22200,0.0,0.0
2016-03-01 00:00:00-05:00,6.474019998821424,6.590042306774216,6.412141729638797,6.5823073387146,17700,0.0,0.0
2016-03-02 00:00:00-05:00,6.528160364507234,6.61324349961043,6.504956208409463,6.566834449768066,9300,0.0,0.0
2016-03-03 00:00:00-05:00,6.543630373079586,6.613243579864501,6.5049562873494295,6.613243579864502,12100,0.0,0.0
2016-03-04 00:00:00-05:00,6.613244065022008,6.690591504509814,6.3425261826974735,6.443078517913818,38700,0.0,0.0
2016-03-07 00:00:00-05:00,6.296117845963746,6.481752585304244,6.296117845963746,6.47401762008667,18200,0.0,0.0
2016-03-08 00:00:00-05:00,6.342525939051759,6.497221549731683,6.342525939051759,6.373465061187744,11200,0.0,0.0
2016-03-09 00:00:00-05:00,6.365731978320012,6.528162601969519,6.357997748734474,6.512693405151367,16300,0.0,0.0
2016-03-10 00:00:00-05:00,6.466283771822937,6.535896995511988,6.40440551468756,6.497222900390625,13600,0.0,0.0
2016-03-11 00:00:00-05:00,6.559098828709077,6.78340835324218,6.450812285992957,6.7756733894348145,30700,0.0,0.0
2016-03-14 00:00:00-04:00,6.791144347567442,6.829818439026833,6.783410119393116,6.822083473205566,19700,0.0,0.0
2016-03-15 00:00:00-04:00,6.814349077838901,6.845288202717924,6.767940021696905,6.798879146575928,7700,0.0,0.0
2016-03-16 00:00:00-04:00,6.822082697358414,6.8375526272416165,6.698326208880226,6.713796138763428,5900,0.0,0.0
2016-03-17 00:00:00-04:00,6.767939418060921,6.767939418060921,6.644182929582732,6.713796138763428,11900,0.0,0.0
2016-03-18 00:00:00-04:00,6.736999354648863,6.736999354648863,6.6055079196010364,6.68285608291626,13100,0.0,0.0
2016-03-21 00:00:00-04:00,6.698325345566995,6.706060309511676,6.6055079911711125,6.6905903816223145,6700,0.0,0.0
2016-03-22 00:00:00-04:00,6.520426831059026,6.690591644069822,6.474017776280781,6.66738748550415,16900,0.0,0.0
2016-03-23 00:00:00-04:00,6.644182620289732,6.6751217409690335,6.497221243827933,6.566834449768066,19100,0.0,0.0
2016-03-24 00:00:00-04:00,6.5204291949792985,6.63645076751709,6.489490059792743,6.63645076751709,7600,0.0,0.0
2016-03-28 00:00:00-04:00,6.504957319052343,6.760205292648796,6.504957319052343,6.729266166687012,12900,0.0,0.0
2016-03-29 00:00:00-04:00,6.721532660123183,6.737002595286287,6.682859297509639,6.698328495025635,16000,0.0,0.0
2016-03-30 00:00:00-04:00,6.737002595286287,6.74473756286784,6.659654394764982,6.698328495025635,15900,0.0,0.0
2016-03-31 00:00:00-04:00,6.620980538821263,6.690593028927071,6.52042818069458,6.52042818069458,14600,0.0,0.0
2016-04-01 00:00:00-04:00,6.535895158758476,6.574569243011433,6.489486847772369,6.543630123138428,11600,0.0,0.0
2016-04-04 00:00:00-04:00,6.574571667718125,6.574571667718125,6.504958437918754,6.512693405151367,8900,0.0,0.0
2016-04-05 00:00:00-04:00,6.249709811297942,6.249709811297942,5.85523574147008,5.878439903259277,212200,0.0,0.0
2016-04-06 00:00:00-04:00,5.832029613053483,5.940316532323821,5.832029613053483,5.87070369720459,80000,0.0,0.0
2016-04-07 00:00:00-04:00,5.878438800684346,5.878438800684346,5.801090994522072,5.824295520782471,33700,0.0,0.0
2016-04-08 00:00:00-04:00,5.855234812663858,5.90164349770402,5.777886635440144,5.847499847412109,38600,0.0,0.0
2016-04-11 00:00:00-04:00,5.862969239451892,5.88617376571229,5.793356029494128,5.824295520782471,32500,0.0,0.0
2016-04-12 00:00:00-04:00,5.855234137308827,5.886173257100352,5.801090493261958,5.87070369720459,26100,0.0,0.0
2016-04-13 00:00:00-04:00,5.855234353984358,5.901643035389019,5.8165602684021,5.8165602684021,39800,0.0,0.0
2016-04-14 00:00:00-04:00,5.839764577413065,5.87070369720459,5.824295017517302,5.87070369720459,21500,0.0,0.0
2016-04-15 00:00:00-04:00,5.878438740206057,5.917112827301025,5.839765021934517,5.917112827301025,50200,0.0,0.0
2016-04-18 00:00:00-04:00,5.917113793488195,5.9325833570874735,5.886174666289637,5.901644229888916,9500,0.0,0.0
2016-04-19 00:00:00-04:00,5.917113731571424,5.99446154875845,5.855235477821805,5.978991985321045,52600,0.0,0.0
2016-04-20 00:00:00-04:00,5.97125771492177,5.978992681953442,5.909379453962508,5.940318584442139,49400,0.0,0.0
2016-04-21 00:00:00-04:00,5.9093778623526605,5.917112827301025,5.723743129473041,5.917112827301025,37900,0.0,0.0
2016-04-22 00:00:00-04:00,5.994460294865265,5.994460294865265,5.901642933655936,5.986725330352783,89600,0.0,0.0
2016-04-25 00:00:00-04:00,5.95578528794625,5.978989809068039,5.855233346614097,5.924846172332764,30000,0.0,0.0
2016-04-26 00:00:00-04:00,5.870704584002381,5.978991519629974,5.870704584002381,5.963521957397461,19900,0.0,0.0
2016-04-27 00:00:00-04:00,5.9712570191906,5.978991985321045,5.924848328878385,5.978991985321045,11300,0.0,0.0
2016-04-28 00:00:00-04:00,5.89390991695537,5.955788178211039,5.855236188082342,5.909379482269287,19200,0.0,0.0
2016-04-29 00:00:00-04:00,5.917111577841068,5.924846172332764,5.886172462227582,5.924846172332764,8200,0.0,0.0
2016-05-02 00:00:00-04:00,5.8939083012793585,5.986725667719169,5.847499618059454,5.917112827301025,19700,0.0,0.0
2016-05-03 00:00:00-04:00,6.0021953340304135,6.0021953340304135,5.83202980087346,5.862968921661377,14600,0.0,0.0
2016-05-04 00:00:00-04:00,5.870703914452578,5.870703914452578,5.723742905592776,5.8165602684021,85900,0.0,0.0
2016-05-05 00:00:00-04:00,5.80109145812252,5.862969707997406,5.770152333185077,5.839765548706055,47000,0.0,0.0
2016-05-06 00:00:00-04:00,5.777886635440144,5.92484765581238,5.777886635440144,5.847499847412109,72100,0.0,0.0
2016-05-09 00:00:00-04:00,5.994461104387176,6.002196069944225,5.762417301204096,5.932582855224609,83200,0.0,0.0
2016-05-10 00:00:00-04:00,5.95578704825901,5.994461138618189,5.839765514828394,5.886174201965332,79900,0.0,0.0
2016-05-11 00:00:00-04:00,5.886175290514548,5.94805355147381,5.839766594795101,5.940318584442139,22700,0.0,0.0
2016-05-12 00:00:00-04:00,5.917023181915283,5.971379172030633,5.862667562069824,5.917023181915283,20200,0.03,0.0
2016-05-13 00:00:00-04:00,5.9325534119096845,5.94031871204183,5.862667562069824,5.917023181915283,21000,0.0,0.0
2016-05-16 00:00:00-04:00,5.917023181915283,5.979144101892889,5.909258252053028,5.917023181915283,10300,0.0,0.0
2016-05-17 00:00:00-04:00,5.940317030484125,5.948081958148321,5.854900604559263,5.885961055755615,22700,0.0,0.0
2016-05-18 00:00:00-04:00,5.90149212205252,5.963613033294678,5.90149212205252,5.963613033294678,12800,0.0,0.0
2016-05-19 00:00:00-04:00,5.963613033294678,5.963613033294678,5.847136509850552,5.963613033294678,16900,0.0,0.0
2016-05-20 00:00:00-04:00,5.979142665863037,5.994672892127494,5.885961308276294,5.979142665863037,8200,0.0,0.0
2016-05-23 00:00:00-04:00,6.002437476540763,6.017967700958252,5.9403165788708066,6.017967700958252,28100,0.0,0.0
2016-05-24 00:00:00-04:00,6.017969250480461,6.017969250480461,5.9558483368154524,6.002439022064209,50000,0.0,0.0
2016-05-25 00:00:00-04:00,6.017968182639233,6.0490286339603045,5.955847279997092,6.010202884674072,22800,0.0,0.0
2016-05-26 00:00:00-04:00,6.041263706264931,6.0567939319254664,6.0024379569786985,6.010202884674072,11500,0.0,0.0
2016-05-27 00:00:00-04:00,6.0179680571822125,6.041263580322266,5.979142308705383,6.041263580322266,23700,0.0,0.0
2016-05-31 00:00:00-04:00,6.017968411486593,6.033498637737702,5.986907958984375,5.986907958984375,22800,0.0,0.0
2016-06-01 00:00:00-04:00,5.963612797711628,6.017968778036188,5.955847869248019,5.994673252105713,10800,0.0,0.0
2016-06-02 00:00:00-04:00,5.963612434472812,6.033498637737702,5.963612434472812,5.986907958984375,13700,0.0,0.0
2016-06-03 00:00:00-04:00,5.9558476230238595,5.994673004276451,5.924787169913863,5.971377849578857,17800,0.0,0.0
2016-06-06 00:00:00-04:00,5.940317280231048,6.017968411486593,5.940317280231048,5.986907958984375,20500,0.0,0.0
2016-06-07 00:00:00-04:00,6.017968529243852,6.017968529243852,5.963612551166454,5.971377849578857,23000,0.0,0.0
2016-06-08 00:00:00-04:00,6.002439022064209,6.017969250480461,5.9558483368154524,6.002439022064209,15100,0.0,0.0
2016-06-09 00:00:00-04:00,6.01796841665908,6.01796841665908,5.96361243959858,5.979142665863037,11100,0.0,0.0
2016-06-10 00:00:00-04:00,5.948082324611456,5.994673004276451,5.940317396468861,5.971377849578857,20600,0.0,0.0
2016-06-13 00:00:00-04:00,6.002439632019436,6.010204561881692,5.8859627219264805,5.917023181915283,26700,0.0,0.0
2016-06-14 00:00:00-04:00,5.893728022058626,5.9325534119096845,5.878197792064225,5.917023181915283,44900,0.0,0.0
2016-06-15 00:00:00-04:00,5.94031871204183,5.948083641904086,5.901492951920882,5.917023181915283,24700,0.0,0.0
2016-06-16 00:00:00-04:00,5.901492951920882,5.94031871204183,5.893728022058626,5.917023181915283,15900,0.0,0.0
2016-06-17 00:00:00-04:00,5.932551849972354,5.932551849972354,5.870430946350098,5.870430946350098,58300,0.0,0.0
2016-06-20 00:00:00-04:00,5.924786804885948,5.963612183746497,5.870430830157439,5.885961055755615,26500,0.0,0.0
2016-06-21 00:00:00-04:00,5.940317867529846,5.940317867529846,5.8393712017824875,5.909257411956787,53600,0.0,0.0
2016-06-22 00:00:00-04:00,5.932552568501662,5.948082796288191,5.847136500810671,5.909257411956787,38600,0.0,0.0
2016-06-23 00:00:00-04:00,5.932553053786421,5.986909040620529,5.893727666279088,5.901492595672607,90400,0.0,0.0
2016-06-24 00:00:00-04:00,5.800545327921208,5.99467335639644,5.769484872986757,5.79278039932251,1439600,0.0,0.0
2016-06-27 00:00:00-04:00,5.816077002563081,5.862668066827522,5.707365383242535,5.730660915374756,76300,0.0,0.0
2016-06-28 00:00:00-04:00,5.730658205942592,5.885960445831383,5.730658205942592,5.839369773864746,37000,0.0,0.0
2016-06-29 00:00:00-04:00,5.909258252053028,5.917023181915283,5.870432491932079,5.917023181915283,37600,0.0,0.0
2016-06-30 00:00:00-04:00,5.948082213334123,6.002438190394623,5.9403172853367945,5.979142665863037,41400,0.0,0.0
2016-07-01 00:00:00-04:00,5.994673004276451,5.994673004276451,5.9558476230238595,5.971377849578857,16800,0.0,0.0
2016-07-05 00:00:00-04:00,5.979143261105217,6.010203716726296,5.932552577673599,5.963613033294678,20100,0.0,0.0
2016-07-06 00:00:00-04:00,5.96361243959858,5.986907964130166,5.932551987069665,5.979142665863037,31300,0.0,0.0
2016-07-07 00:00:00-04:00,5.9403165788708066,6.025732998301875,5.9403165788708066,6.017967700958252,17400,0.0,0.0
2016-07-08 00:00:00-04:00,6.0257344245910645,6.041264652684553,6.002438897315909,6.0257344245910645,55300,0.0,0.0
2016-07-11 00:00:00-04:00,6.064560049458073,6.080090278165565,5.986908905920618,6.056795120239258,36900,0.0,0.0
2016-07-12 00:00:00-04:00,6.087855577654239,6.087855577654239,6.049029820750582,6.056795120239258,52900,0.0,0.0
2016-07-13 00:00:00-04:00,6.072324635330746,6.087854862213135,5.948082450001827,6.087854862213135,20300,0.0,0.0
2016-07-14 00:00:00-04:00,6.126680486474565,6.126680486474565,6.017968894000433,6.118915557861328,15700,0.0,0.0
2016-07-15 00:00:00-04:00,6.157741427745339,6.157741427745339,6.0645600554089585,6.111150741577148,31700,0.0,0.0
2016-07-18 00:00:00-04:00,6.134444945521774,6.157740098442094,6.072324044041214,6.103384494781494,16000,0.0,0.0
2016-07-19 00:00:00-04:00,6.165504436406365,6.165504436406365,6.017967133223991,6.09561824798584,37500,0.0,0.0
2016-07-20 00:00:00-04:00,6.134445785357633,6.134445785357633,6.033499121496737,6.118915557861328,27500,0.0,0.0
2016-07-21 00:00:00-04:00,6.080090284131688,6.126680970299879,6.0645600554089585,6.111150741577148,16300,0.0,0.0
2016-07-22 00:00:00-04:00,6.1344462697961735,6.1344462697961735,6.080090284131688,6.111150741577148,10200,0.0,0.0
2016-07-25 00:00:00-04:00,6.0645587462212545,6.1189147201516345,6.0645587462212545,6.103384494781494,30200,0.0,0.0
2016-07-26 00:00:00-04:00,6.126679665289938,6.157740116119385,6.08785428688802,6.157740116119385,18500,0.0,0.0
2016-07-27 00:00:00-04:00,6.126679660598753,6.165505409240723,6.1033845076293956,6.165505409240723,16100,0.0,0.0
2016-07-28 00:00:00-04:00,6.188801638634649,6.188801638634649,6.1422109543225885,6.1499762535095215,18600,0.0,0.0
2016-07-29 00:00:00-04:00,6.149976498518904,6.173271656468069,6.0645600554089585,6.111150741577148,17100,0.0,0.0
2016-08-01 00:00:00-04:00,6.010203349050086,6.095619781917593,5.9480824416081965,5.95584774017334,14800,0.0,0.0
2016-08-02 00:00:00-04:00,5.979141436966643,6.002436956710287,5.893725395202637,5.893725395202637,11900,0.0,0.0
2016-08-03 00:00:00-04:00,5.932551732550144,6.080089060867712,5.885961055755615,5.885961055755615,23400,0.0,0.0
2016-08-04 00:00:00-04:00,5.932551962835596,5.940317261071004,5.85490083183051,5.862666130065918,44000,0.0,0.0
2016-08-05 00:00:00-04:00,5.870430830157439,5.932551732550144,5.847135676895067,5.885961055755615,32700,0.0,0.0
2016-08-08 00:00:00-04:00,5.885962043774994,5.956125575170787,5.885962043774994,5.940533638000488,17500,0.03,0.0
2016-08-09 00:00:00-04:00,5.940533456026473,5.987309266104504,5.909349582641118,5.963921546936035,17900,0.0,0.0
2016-08-10 00:00:00-04:00,5.924941215076236,5.940533150968237,5.893757343292236,5.893757343292236,5000,0.0,0.0
2016-08-11 00:00:00-04:00,5.909349279184236,5.917145433000774,5.878165407400236,5.893757343292236,9600,0.0,0.0
2016-08-12 00:00:00-04:00,5.909349279184236,5.917145433000774,5.870369625324773,5.893757343292236,14600,0.0,0.0
2016-08-15 00:00:00-04:00,5.878165245056152,5.932737205041514,5.862573309594773,5.878165245056152,24000,0.0,0.0
2016-08-16 00:00:00-04:00,5.893757343292236,5.9327373688927745,5.870369625324773,5.893757343292236,12200,0.0,0.0
2016-08-17 00:00:00-04:00,5.901553792392798,5.9249415115304656,5.893757638186181,5.917145729064941,10000,0.0,0.0
2016-08-18 00:00:00-04:00,5.9249420166015625,5.948330109474038,5.893758140599012,5.9249420166015625,50100,0.0,0.0
2016-08-19 00:00:00-04:00,5.956125575170787,5.979513666796788,5.90934976365989,5.940533638000488,28600,0.0,0.0
2016-08-22 00:00:00-04:00,5.948329925537109,6.049677705282041,5.940533770906985,5.948329925537109,63000,0.0,0.0
2016-08-23 00:00:00-04:00,5.948330109474038,6.018493644609215,5.917146233471487,5.9249420166015625,16900,0.0,0.0
2016-08-24 00:00:00-04:00,5.948329764397777,5.948329764397777,5.9015539531075225,5.932737827301025,18300,0.0,0.0
2016-08-25 00:00:00-04:00,5.893758140599012,5.979513985476589,5.893758140599012,5.9249420166015625,20600,0.0,0.0
2016-08-26 00:00:00-04:00,5.9249428097339605,5.979514785914172,5.9249428097339605,5.956126689910889,4400,0.0,0.0
2016-08-29 00:00:00-04:00,5.932737827301025,5.97951363859128,5.917145890204274,5.932737827301025,13700,0.0,0.0
2016-08-30 00:00:00-04:00,5.932737665737084,5.95612538487475,5.901553792392798,5.917145729064941,11900,0.0,0.0
2016-08-31 00:00:00-04:00,5.901553630828857,5.932737503319436,5.8859616945835675,5.901553630828857,14200,0.0,0.0
2016-09-01 00:00:00-04:00,5.932737531879385,5.963921404520082,5.893757505207971,5.90934944152832,11200,0.0,0.0
2016-09-02 00:00:00-04:00,5.940533770906985,5.963921863056243,5.901554112979706,5.948329925537109,5500,0.0,0.0
2016-09-06 00:00:00-04:00,5.971717512341086,5.971717512341086,5.862573952148993,5.940533638000488,32600,0.0,0.0
2016-09-07 00:00:00-04:00,5.924941377848668,5.940533314169017,5.776817796934816,5.90934944152832,73200,0.0,0.0
2016-09-08 00:00:00-04:00,5.909349582641118,5.99510542032139,5.89375764594844,5.963921546936035,12600,0.0,0.0
2016-09-09 00:00:00-04:00,5.90934941308096,6.026289120791173,5.901553630828857,5.901553630828857,20500,0.0,0.0
2016-09-12 00:00:00-04:00,5.901553800165326,5.9717173294118275,5.885961863472649,5.963921546936035,17900,0.0,0.0
2016-09-13 00:00:00-04:00,5.932737665737084,5.948329602409226,5.878165701514039,5.917145729064941,25600,0.0,0.0
2016-09-14 00:00:00-04:00,5.940533448202608,5.948329602409226,5.901553792392798,5.917145729064941,17700,0.0,0.0
2016-09-15 00:00:00-04:00,5.9249428097339605,5.9951067260026365,5.917147025560316,5.956126689910889,17700,0.0,0.0
2016-09-16 00:00:00-04:00,5.971717186809713,5.971717186809713,5.901553659238688,5.90934944152832,58700,0.0,0.0
2016-09-19 00:00:00-04:00,5.94053328557154,5.971717158062119,5.8859616945835675,5.901553630828857,22700,0.0,0.0
2016-09-20 00:00:00-04:00,5.924941700830189,5.940533638000488,5.917145918115592,5.940533638000488,15400,0.0,0.0
2016-09-21 00:00:00-04:00,5.948330403926056,6.00290200376134,5.917146526379852,5.995106220245361,20400,0.0,0.0
2016-09-22 00:00:00-04:00,5.995105142848476,6.0574728867326035,5.979513206877444,6.034084796905518,21200,0.0,0.0
2016-09-23 00:00:00-04:00,5.971717787629461,6.073065569778957,5.971717787629461,6.049677848815918,14400,0.0,0.0
2016-09-26 00:00:00-04:00,5.987309258219034,6.01849313156332,5.909349574858323,5.917145729064941,31700,0.0,0.0
2016-09-27 00:00:00-04:00,5.893757476835671,5.94053328557154,5.8859616945835675,5.901553630828857,19800,0.0,0.0
2016-09-28 00:00:00-04:00,5.885961855720656,5.95612538487475,5.862573764841897,5.917145729064941,26800,0.0,0.0
2016-09-29 00:00:00-04:00,5.9951052771607785,5.9951052771607785,5.83918554221621,5.90934944152832,43500,0.0,0.0
2016-09-30 00:00:00-04:00,5.924941519333795,6.002901202797182,5.909349582641118,5.963921546936035,30300,0.0,0.0
2016-10-03 00:00:00-04:00,5.932737665737084,5.995105412425652,5.909349574858323,5.917145729064941,9100,0.0,0.0
2016-10-04 00:00:00-04:00,5.956125250489365,5.97951334084043,5.893757505207971,5.90934944152832,22600,0.0,0.0
2016-10-05 00:00:00-04:00,5.940534749822424,5.987310570087817,5.9249428097339605,5.956126689910889,7900,0.0,0.0
2016-10-06 00:00:00-04:00,5.979513985476589,5.979513985476589,5.901554295470212,5.9249420166015625,6300,0.0,0.0
2016-10-07 00:00:00-04:00,5.948329602409226,5.95612538487475,5.901553792392798,5.917145729064941,10400,0.0,0.0
2016-10-10 00:00:00-04:00,5.940533638000488,5.956125575170787,5.90934976365989,5.940533638000488,12500,0.0,0.0
2016-10-11 00:00:00-04:00,5.956125575170787,5.956125575170787,5.917145918115592,5.940533638000488,12000,0.0,0.0
2016-10-12 00:00:00-04:00,5.885963145383387,5.987310570087817,5.885963145383387,5.956126689910889,17700,0.0,0.0
2016-10-13 00:00:00-04:00,5.940533448202608,5.95612538487475,5.909349574858323,5.917145729064941,7600,0.0,0.0
2016-10-14 00:00:00-04:00,5.95612538487475,5.95612538487475,5.901553792392798,5.917145729064941,11500,0.0,0.0
2016-10-17 00:00:00-04:00,5.901553800165326,5.979513483628713,5.901553800165326,5.963921546936035,10700,0.0,0.0
2016-10-18 00:00:00-04:00,5.963920756870653,6.034084276822301,5.940532669059408,5.979512691497803,12600,0.0,0.0
2016-10-19 00:00:00-04:00,5.979512691497803,6.057472364633547,5.963920756870653,5.979512691497803,38700,0.0,0.0
2016-10-20 00:00:00-04:00,6.0106965607521,6.0106965607521,5.979512691497803,5.979512691497803,8400,0.0,0.0
2016-10-21 00:00:00-04:00,5.924941677579242,6.314740848789258,5.924941677579242,6.158821105957031,663800,0.0,0.0
2016-10-24 00:00:00-04:00,6.330332433885722,6.330332433885722,5.89375782172889,6.2991485595703125,72700,0.0,0.0
2016-10-25 00:00:00-04:00,6.112043390062486,6.236778848066704,6.026287576814092,6.073063373565674,65000,0.0,0.0
2016-10-26 00:00:00-04:00,6.080861776170128,6.080861776170128,6.010697869203656,6.01849365234375,38200,0.0,0.0
2016-10-27 00:00:00-04:00,6.073065613484243,6.073065613484243,5.909350078600287,5.9249420166015625,21900,0.0,0.0
2016-10-28 00:00:00-04:00,5.9249415115304656,5.9249415115304656,5.885961855720656,5.917145729064941,22800,0.0,0.0
2016-10-31 00:00:00-04:00,5.963921706222575,6.275760820145925,5.808001963390348,6.158821105957031,578900,0.0,0.0
2016-11-01 00:00:00-04:00,6.158820792682784,6.158820792682784,5.924941376201493,6.041881084442139,51600,0.0,0.0
2016-11-02 00:00:00-04:00,6.0418814129663145,6.1198410987854,5.924941698367133,6.1198410987854,66900,0.0,0.0
2016-11-03 00:00:00-04:00,6.0418814129663145,6.1198410987854,5.987309447022401,6.1198410987854,75600,0.0,0.0
2016-11-04 00:00:00-04:00,6.1198410987854,6.1588211275654965,6.0418814129663145,6.1198410987854,45100,0.0,0.0
2016-11-07 00:00:00-05:00,6.182447910308838,6.182447910308838,6.065059585630929,6.182447910308838,49200,0.03,0.0
2016-11-08 00:00:00-05:00,6.182447500486454,6.221576690673828,6.065059183589987,6.221576690673828,30900,0.0,0.0
2016-11-09 00:00:00-05:00,6.260708014903856,6.417225566009542,6.1041904637981705,6.299837589263916,205300,0.0,0.0
2016-11-10 00:00:00-05:00,6.378094233192178,6.378094233192178,6.299835852382653,6.33896541595459,88000,0.0,0.0
2016-11-11 00:00:00-05:00,6.338964483008315,6.495481967926026,6.284182803536437,6.495481967926025,263000,0.0,0.0
2016-11-14 00:00:00-05:00,6.495481967926026,6.573740337217762,6.417222852300051,6.495481967926025,76900,0.0,0.0
2016-11-15 00:00:00-05:00,6.53461217880249,6.730259241085986,6.4563530553553665,6.53461217880249,65000,0.0,0.0
2016-11-16 00:00:00-05:00,6.495481967926026,6.511133343250678,6.378093294487064,6.495481967926025,98100,0.0,0.0
2016-11-17 00:00:00-05:00,6.417223930358887,6.5346126235185125,6.338965547920166,6.417223930358887,66900,0.0,0.0
2016-11-18 00:00:00-05:00,6.417222852300051,6.534611525739013,6.417222852300051,6.495481967926025,45400,0.0,0.0
2016-11-21 00:00:00-05:00,6.495481967926026,6.511133343250678,6.393745416145954,6.495481967926025,39600,0.0,0.0
2016-11-22 00:00:00-05:00,6.534612617985592,6.573741436004639,6.45635348927877,6.573741436004639,41000,0.0,0.0
2016-11-23 00:00:00-05:00,6.652000255742728,6.652000255742728,6.597219315993009,6.612870693206787,38500,0.0,0.0
2016-11-25 00:00:00-05:00,6.620697874863575,6.65200138092041,6.597220431904562,6.65200138092041,8500,0.0,0.0
2016-11-28 00:00:00-05:00,6.65200138092041,6.65200138092041,6.612871811765753,6.65200138092041,30200,0.0,0.0
2016-11-29 00:00:00-05:00,6.65200138092041,6.769389342049929,6.65200138092041,6.65200138092041,38100,0.0,0.0
2016-11-30 00:00:00-05:00,6.730259693418281,6.730259693418281,6.573741436004639,6.573741436004639,31900,0.0,0.0
2016-12-01 00:00:00-05:00,6.6128705559153005,6.691129679362424,6.53461217880249,6.53461217880249,28300,0.0,0.0
2016-12-02 00:00:00-05:00,6.573741130670847,6.652000255742728,6.573741130670847,6.612870693206787,19800,0.0,0.0
2016-12-05 00:00:00-05:00,6.573741130670847,6.652000255742728,6.534612314469235,6.612870693206787,82300,0.0,0.0
2016-12-06 00:00:00-05:00,6.652000255742728,6.675477694730561,6.573741130670847,6.612870693206787,65400,0.0,0.0
2016-12-07 00:00:00-05:00,6.652000255742728,6.652000255742728,6.573741130670847,6.612870693206787,90300,0.0,0.0
2016-12-08 00:00:00-05:00,6.573741467659894,6.80851810857654,6.573741467659894,6.6911301612854,74900,0.0,0.0
2016-12-09 00:00:00-05:00,6.769388544034705,6.769388544034705,6.636348472393084,6.6911301612854,77400,0.0,0.0
2016-12-12 00:00:00-05:00,6.730259241085986,6.730259241085986,6.53461217880249,6.53461217880249,77800,0.0,0.0
2016-12-13 00:00:00-05:00,6.5737402063426185,6.808516802212189,6.5737402063426185,6.769387245178223,91200,0.0,0.0
2016-12-14 00:00:00-05:00,6.691128877444516,6.808516802212189,6.636347199063274,6.769387245178223,77600,0.0,0.0
2016-12-15 00:00:00-05:00,6.769388714517611,6.8085182800449005,6.730259895324707,6.730259895324707,58500,0.0,0.0
2016-12-16 00:00:00-05:00,6.730260645323291,7.19981324497304,6.730260645323291,7.121554851531982,295900,0.0,0.0
2016-12-19 00:00:00-05:00,7.121554851531982,7.19981324497304,7.051121775000904,7.121554851531982,98000,0.0,0.0
2016-12-20 00:00:00-05:00,7.160684743882388,7.199814319610595,7.082426338760555,7.199814319610596,69700,0.0,0.0
2016-12-21 00:00:00-05:00,7.238941364617679,7.317200488714841,7.184160425550257,7.27807092666626,50400,0.0,0.0
2016-12-22 00:00:00-05:00,7.356328538749596,7.630234698245968,7.356328538749596,7.473717212677002,81000,0.0,0.0
2016-12-23 00:00:00-05:00,7.47371833653075,7.591106281776022,7.317200827425602,7.512847900390625,51200,0.0,0.0
2016-12-27 00:00:00-05:00,7.512846750039206,7.520672064545502,7.31719970703125,7.31719970703125,70800,0.0,0.0
2016-12-28 00:00:00-05:00,7.356328518565449,7.434587634302328,7.2937215245096425,7.31719970703125,61900,0.0,0.0
2016-12-29 00:00:00-05:00,7.356331825256348,7.395461400713636,7.278073420676346,7.356331825256348,64600,0.0,0.0
2016-12-30 00:00:00-05:00,7.434587634302328,7.434587634302328,7.278070149162811,7.31719970703125,48100,0.0,0.0
2017-01-03 00:00:00-05:00,7.395458076433888,7.395458076433888,7.31719970703125,7.31719970703125,43300,0.0,0.0
2017-01-04 00:00:00-05:00,7.395458870243505,7.591105934251716,7.356329308174999,7.434588432312012,308900,0.0,0.0
2017-01-05 00:00:00-05:00,7.434587634302328,7.473717192170767,7.278070149162811,7.31719970703125,54800,0.0,0.0
2017-01-06 00:00:00-05:00,7.356329308174999,7.512847556449024,7.317200492440813,7.434588432312012,71400,0.0,0.0
2017-01-09 00:00:00-05:00,7.395458866477684,7.434588428526265,7.27807092666626,7.27807092666626,57600,0.0,0.0
2017-01-10 00:00:00-05:00,7.278073420676346,7.434590976170924,7.199814269761769,7.356331825256348,45900,0.0,0.0
2017-01-11 00:00:00-05:00,7.27807092666626,7.395458866477684,7.238941364617679,7.27807092666626,45800,0.0,0.0
2017-01-12 00:00:00-05:00,7.199813528546656,7.356331067927877,7.199813528546656,7.238943099975586,49000,0.0,0.0
2017-01-13 00:00:00-05:00,7.27807092666626,7.356329304429102,7.160682240520517,7.27807092666626,67500,0.0,0.0
2017-01-17 00:00:00-05:00,7.238943457603455,7.317202604327576,7.0432963371276855,7.0432963371276855,60800,0.0,0.0
2017-01-18 00:00:00-05:00,7.0824255605943645,7.278072671404515,7.0432959891654345,7.238943099975586,242800,0.0,0.0
2017-01-19 00:00:00-05:00,7.199813680991569,7.356331223686807,7.121555282811207,7.160684108734131,44800,0.0,0.0
2017-01-20 00:00:00-05:00,7.160684108734131,7.278072825506445,7.0432961382963315,7.160684108734131,330900,0.0,0.0
2017-01-23 00:00:00-05:00,7.199811802569098,7.27807092666626,7.121553424806255,7.27807092666626,53200,0.0,0.0
2017-01-24 00:00:00-05:00,7.418936308950881,7.434588432312012,7.2389413683038,7.434588432312012,63900,0.0,0.0
2017-01-25 00:00:00-05:00,7.395462441102357,7.5911095995777345,7.395462441102357,7.551980018615723,48800,0.0,0.0
2017-01-26 00:00:00-05:00,7.434589393360529,7.708495616912842,7.434589393360529,7.708495616912842,65800,0.0,0.0
2017-01-27 00:00:00-05:00,7.669366193531459,7.786754150777247,7.591107057811314,7.630236625671387,181200,0.0,0.0
2017-01-30 00:00:00-05:00,7.591105140270166,7.630234698245968,7.4345876547011995,7.473717212677002,32700,0.0,0.0
2017-01-31 00:00:00-05:00,7.43459030396354,7.66936698914508,7.238943190701342,7.5911078453063965,177500,0.0,0.0
2017-02-01 00:00:00-05:00,7.551978178738028,7.551978178738028,7.199813528546656,7.238943099975586,93800,0.0,0.0
2017-02-02 00:00:00-05:00,7.2389432532490074,7.317202397763883,7.160684108734131,7.160684108734131,34400,0.0,0.0
2017-02-03 00:00:00-05:00,7.278070169132233,7.489368588066777,7.223288489432414,7.473717212677002,69300,0.0,0.0
2017-02-06 00:00:00-05:00,7.47371833653075,7.551976717916147,7.434588772670875,7.512847900390625,30700,0.0,0.0
2017-02-07 00:00:00-05:00,7.551978273387055,7.66936698914508,7.551978273387055,7.5911078453063965,86000,0.0,0.0
2017-02-08 00:00:00-05:00,7.591106281776022,7.669365409495773,7.465892274491904,7.512847900390625,72000,0.0,0.0
2017-02-09 00:00:00-05:00,7.512849447802222,7.661540925494309,7.418938176662,7.5911078453063965,98500,0.0,0.0
2017-02-10 00:00:00-05:00,7.669363975524902,7.708493532068572,7.551975305893893,7.669363975524902,33300,0.0,0.0
2017-02-13 00:00:00-05:00,7.708493532068572,7.786751898821697,7.591104862437563,7.669363975524902,41300,0.0,0.0
2017-02-14 00:00:00-05:00,7.692916040466399,7.692916040466399,7.5516173457699685,7.614416599273682,39100,0.03,0.0
2017-02-15 00:00:00-05:00,7.575166702270508,7.614416421952838,7.535917731214313,7.575166702270508,15400,0.0,0.0
2017-02-16 00:00:00-05:00,7.614416421952838,7.614416421952838,7.575166702270508,7.575166702270508,31500,0.0,0.0
2017-02-17 00:00:00-05:00,7.614416931773184,7.614416931773184,7.496668513468528,7.535918235778809,58500,0.0,0.0
2017-02-21 00:00:00-05:00,7.575166702270508,7.575166702270508,7.496668011531982,7.575166702270508,28500,0.0,0.0
2017-02-22 00:00:00-05:00,7.535917906707117,7.614416599273682,7.535917906707117,7.614416599273682,118900,0.0,0.0
2017-02-23 00:00:00-05:00,7.575166878677322,7.653666319870041,7.512367625173609,7.614416599273682,297500,0.0,0.0
2017-02-24 00:00:00-05:00,7.598717508704297,7.732166115676465,7.5751672260907235,7.692916393280029,829900,0.0,0.0
2017-02-27 00:00:00-05:00,7.7321669032896825,7.810665607452393,7.692917176895195,7.810665607452393,81900,0.0,0.0
2017-02-28 00:00:00-05:00,7.8106635848120956,8.046161133568585,7.8106635848120956,7.889163017272949,121500,0.0,0.0
2017-03-01 00:00:00-05:00,7.928413243965024,8.085411370368803,7.928413243965024,8.046161651611328,83100,0.0,0.0
2017-03-02 00:00:00-05:00,8.085411725138014,8.163910417471186,8.006912284178691,8.124661445617676,94900,0.0,0.0
2017-03-03 00:00:00-05:00,8.085412846872668,8.360159431095127,8.085412846872668,8.320910453796387,80000,0.0,0.0
2017-03-06 00:00:00-05:00,8.360159431095127,8.360159431095127,8.242411001946396,8.320910453796387,56400,0.0,0.0
2017-03-07 00:00:00-05:00,8.360160553923146,8.360160553923146,8.085413932800293,8.085413932800293,46000,0.0,0.0
2017-03-08 00:00:00-05:00,8.085411725138014,8.187460698934673,8.046162004658353,8.124661445617676,62900,0.0,0.0
2017-03-09 00:00:00-05:00,8.163910059257631,8.163910059257631,8.006911932853853,8.046161651611328,58900,0.0,0.0
2017-03-10 00:00:00-05:00,8.124663663996802,8.203162377763466,8.030464009674638,8.085413932800293,71000,0.0,0.0
2017-03-13 00:00:00-04:00,8.046159343558122,8.242407132425393,8.006909636059486,8.203157424926758,76500,0.0,0.0
2017-03-14 00:00:00-04:00,8.124660355428377,8.281658467654433,8.06971045467972,8.242408752441406,38800,0.0,0.0
2017-03-15 00:00:00-04:00,8.242408752441406,8.32090818286746,8.211009129996194,8.242408752441406,29500,0.0,0.0
2017-03-16 00:00:00-04:00,8.281658467654433,8.32090818286746,8.20315903722838,8.242408752441406,35300,0.0,0.0
2017-03-17 00:00:00-04:00,7.928411494100779,8.360156059265137,7.928411494100779,8.360156059265137,159700,0.0,0.0
2017-03-20 00:00:00-04:00,8.320910453796387,8.43865888294512,8.242411001946396,8.320910453796387,80200,0.0,0.0
2017-03-21 00:00:00-04:00,8.399408936827712,8.399408936827712,8.006913185119629,8.006913185119629,51500,0.0,0.0
2017-03-22 00:00:00-04:00,7.928413243965024,8.124661089126276,7.928413243965024,8.046161651611328,57200,0.0,0.0
2017-03-23 00:00:00-04:00,7.928413243965024,8.085411370368803,7.928413243965024,8.046161651611328,72800,0.0,0.0
2017-03-24 00:00:00-04:00,8.006914470407274,8.124663663996802,8.006914470407274,8.085413932800293,43400,0.0,0.0
2017-03-27 00:00:00-04:00,7.96766256369903,8.163910417471186,7.889163871365859,8.124661445617676,38400,0.0,0.0
2017-03-28 00:00:00-04:00,8.085412634911739,8.163911336077614,7.967663460223574,8.006913185119629,37200,0.0,0.0
2017-03-29 00:00:00-04:00,7.9676639375718885,8.006913664819422,7.810665777208033,7.849915504455566,63300,0.0,0.0
2017-03-30 00:00:00-04:00,7.928413243965024,8.046161651611328,7.849913806450076,8.046161651611328,33500,0.0,0.0
2017-03-31 00:00:00-04:00,8.046160925002324,8.32090818286746,7.8342129120276125,8.242408752441406,216700,0.0,0.0
2017-04-03 00:00:00-04:00,8.24240934820943,8.360157753733409,8.085411224635424,8.163909912109375,50000,0.0,0.0
2017-04-04 00:00:00-04:00,8.17176015273435,8.281659215530054,7.928413243965024,8.046161651611328,46400,0.0,0.0
2017-04-05 00:00:00-04:00,8.046161559467569,8.08541127777556,7.771414279937745,7.771414279937744,417600,0.0,0.0
2017-04-06 00:00:00-04:00,7.810663762900089,8.006911599900725,7.771414045774744,7.928412914276123,56800,0.0,0.0
2017-04-07 00:00:00-04:00,7.889161755810516,8.006910137047976,7.810662335901576,7.967660427093506,62900,0.0,0.0
2017-04-10 00:00:00-04:00,7.96766188277538,7.9755119759256665,7.8342132937248605,7.928412914276123,37900,0.0,0.0
2017-04-11 00:00:00-04:00,7.849913806450076,8.163910059257631,7.849913806450076,8.046161651611328,48800,0.0,0.0
2017-04-12 00:00:00-04:00,8.006913185119629,8.046162910015685,7.928414483953754,8.006913185119629,20100,0.0,0.0
2017-04-13 00:00:00-04:00,8.006911841159578,8.006911841159578,7.732165310255864,7.771414279937744,65000,0.0,0.0
2017-04-17 00:00:00-04:00,7.771416049960499,7.8891652317031005,7.653667616844178,7.849915504455566,199000,0.0,0.0
2017-04-18 00:00:00-04:00,7.810665777208033,7.8891652317031005,7.810665777208033,7.849915504455566,29700,0.0,0.0
2017-04-19 00:00:00-04:00,7.849913301042522,8.046161133568585,7.849913301042522,7.889163017272949,47500,0.0,0.0
2017-04-20 00:00:00-04:00,7.96766221409638,8.046161651611328,7.928413243965024,8.046161651611328,52700,0.0,0.0
2017-04-21 00:00:00-04:00,8.046164201603784,8.203162377763466,7.928415756640613,8.085413932800293,72100,0.0,0.0
2017-04-24 00:00:00-04:00,8.085413932800293,8.124663663996802,8.006914470407274,8.085413932800293,75800,0.0,0.0
2017-04-25 00:00:00-04:00,8.124658758555391,8.203157424926758,8.124658758555391,8.203157424926758,31800,0.0,0.0
2017-04-26 00:00:00-04:00,8.124662572797662,8.43865888294512,8.124662572797662,8.320910453796387,404300,0.0,0.0
2017-04-27 00:00:00-04:00,8.360159431095127,8.43865888294512,8.26596053805089,8.320910453796387,104400,0.0,0.0
2017-04-28 00:00:00-04:00,8.32090818286746,8.438656579880487,8.20315903722838,8.242408752441406,100900,0.0,0.0
2017-05-01 00:00:00-04:00,8.320908844616232,8.438657250993607,8.242409407947244,8.281659126281738,104300,0.0,0.0
2017-05-02 00:00:00-04:00,8.399409157020123,8.43865888294512,8.242411001946396,8.320910453796387,76100,0.0,0.0
2017-05-03 00:00:00-04:00,8.281659126281738,8.399407532659112,8.163909971278255,8.281659126281738,75000,0.0,0.0
2017-05-04 00:00:00-04:00,8.28166072787139,8.320910453796387,8.242411001946396,8.320910453796387,47700,0.0,0.0
2017-05-05 00:00:00-04:00,8.281659578910169,8.32090929938983,8.046162004658353,8.124661445617676,74300,0.0,0.0
2017-05-08 00:00:00-04:00,8.187645021479556,8.345100339848571,8.187645021479556,8.266372680664062,44400,0.03,0.0
2017-05-09 00:00:00-04:00,8.266370813697511,8.345098455101317,8.266370813697511,8.305734634399414,46400,0.0,0.0
2017-05-10 00:00:00-04:00,8.22700885107181,8.384463418638223,8.22700885107181,8.266372680664062,33600,0.0,0.0
2017-05-11 00:00:00-04:00,8.187645021479556,8.345100339848571,8.187645021479556,8.266372680664062,30300,0.0,0.0
2017-05-12 00:00:00-04:00,8.227005058845604,8.227005058845604,8.069550563857614,8.108914375305176,25900,0.0,0.0
2017-05-15 00:00:00-04:00,7.990822940962492,8.148278186752737,7.880605169872026,8.108914375305176,53100,0.0,0.0
2017-05-16 00:00:00-04:00,8.108914375305176,8.187641247398043,7.990822940962492,8.108914375305176,23000,0.0,0.0
2017-05-17 00:00:00-04:00,7.990822945310278,8.030186756779257,7.912096073174575,7.951459884643555,42100,0.0,0.0
2017-05-18 00:00:00-04:00,7.912096073174575,8.030186756779257,7.8963502482660815,7.951459884643555,33200,0.0,0.0
2017-05-19 00:00:00-04:00,7.951460313991199,8.030187190377845,7.754641996821143,7.9120965003967285,50100,0.0,0.0
2017-05-22 00:00:00-04:00,7.872735023498535,7.951462674054528,7.8176261185908515,7.872735023498535,24400,0.0,0.0
2017-05-23 00:00:00-04:00,7.872732110713418,7.9908227920532235,7.833368299999403,7.990822792053223,25300,0.0,0.0
2017-05-24 00:00:00-04:00,7.990823791175703,8.030187606811523,7.896351084131137,8.030187606811523,23100,0.0,0.0
2017-05-25 00:00:00-04:00,8.030186752410053,8.148278186752737,7.951459880317185,8.108914375305176,36800,0.0,0.0
2017-05-26 00:00:00-04:00,8.108914224195269,8.108914224195269,7.9908227920532235,7.990822792053223,14600,0.0,0.0
2017-05-30 00:00:00-04:00,7.951462674054528,8.069553399085999,7.872735023498535,7.872735023498535,17800,0.0,0.0
2017-05-31 00:00:00-04:00,7.872734987512617,7.95146263770875,7.778262257758768,7.833371162414551,26500,0.0,0.0
2017-06-01 00:00:00-04:00,7.872732261705596,8.030186756779257,7.8569864367971025,7.951459884643555,33400,0.0,0.0
2017-06-02 00:00:00-04:00,7.951465512586895,8.148283958435059,7.951465512586895,8.148283958435059,36800,0.0,0.0
2017-06-05 00:00:00-04:00,8.108916242079431,8.187643132296216,7.951461710843432,8.069552421569824,32100,0.0,0.0
2017-06-06 00:00:00-04:00,7.990823376783374,8.014442115421433,7.912096500396729,7.9120965003967285,19300,0.0,0.0
2017-06-07 00:00:00-04:00,7.9514597321414495,7.9908227920532235,7.912095921427434,7.990822792053223,21500,0.0,0.0
2017-06-08 00:00:00-04:00,7.990823791175703,8.069551422447343,7.990823791175703,8.030187606811523,183800,0.0,0.0
2017-06-09 00:00:00-04:00,8.030190453913141,8.32935450769063,8.030190453913141,8.266372680664062,134100,0.0,0.0
2017-06-12 00:00:00-04:00,8.30573262399888,8.463187117892238,8.227005001651074,8.384459495544434,92800,0.0,0.0
2017-06-13 00:00:00-04:00,8.384460539238928,8.502551987460613,8.384460539238928,8.463188171386719,90200,0.0,0.0
2017-06-14 00:00:00-04:00,8.384462499789741,8.62064470065759,8.384462499789741,8.54191780090332,156100,0.0,0.0
2017-06-15 00:00:00-04:00,8.502551920241306,8.604897540903375,8.423824288715918,8.581278800964355,54500,0.0,0.0
2017-06-16 00:00:00-04:00,8.423823455062186,8.604896689329943,8.423823455062186,8.502551078796387,315200,0.0,0.0
2017-06-19 00:00:00-04:00,8.502552987106498,8.581279877707871,8.227006992995607,8.305734634399414,40400,0.0,0.0
2017-06-20 00:00:00-04:00,8.305734634399414,8.384461525000788,8.266370813697511,8.305734634399414,26900,0.0,0.0
2017-06-21 00:00:00-04:00,8.289986702356602,8.305732526963105,7.9908227920532235,7.990822792053223,34900,0.0,0.0
2017-06-22 00:00:00-04:00,8.030187606811523,8.069551422447343,7.951460726342218,8.030187606811523,41400,0.0,0.0
2017-06-23 00:00:00-04:00,8.069550568248236,8.069550568248236,7.833368450236617,7.951459884643555,529800,0.0,0.0
2017-06-26 00:00:00-04:00,7.990823791175703,8.093169411507901,7.951460726342218,8.030187606811523,56900,0.0,0.0
2017-06-27 00:00:00-04:00,8.069550563857614,8.2899868568408,7.990822940962492,8.108914375305176,56500,0.0,0.0
2017-06-28 00:00:00-04:00,8.108920119104868,8.227010886292652,8.069556279774678,8.148283958435059,82400,0.0,0.0
2017-06-29 00:00:00-04:00,8.187643132296216,8.187643132296216,8.030188601060217,8.069552421569824,84300,0.0,0.0
2017-06-30 00:00:00-04:00,8.108914224195269,8.227004905535074,7.9908227920532235,7.990822792053223,98300,0.0,0.0
2017-07-03 00:00:00-04:00,7.912098733495592,8.187644004821777,7.912098733495592,8.187644004821777,24300,0.0,0.0
2017-07-05 00:00:00-04:00,8.10891710621537,8.227007829526235,8.030189456806456,8.187644004821777,41500,0.0,0.0
2017-07-06 00:00:00-04:00,8.108920119104868,8.227010886292652,8.093174283051678,8.148283958435059,27400,0.0,0.0
2017-07-07 00:00:00-04:00,8.148280141823907,8.345098495483398,8.069552500039137,8.345098495483398,29300,0.0,0.0
2017-07-10 00:00:00-04:00,8.266370732546916,8.345098373177857,8.187643091915975,8.227006912231445,29300,0.0,0.0
2017-07-11 00:00:00-04:00,8.266369749824108,8.266369749824108,8.030187606811523,8.030187606811523,26000,0.0,0.0
2017-07-12 00:00:00-04:00,8.030192440444488,8.148283958435059,8.014447355194084,8.148283958435059,15800,0.0,0.0
2017-07-13 00:00:00-04:00,8.108914224195269,8.148278034909284,7.9908227920532235,7.990822792053223,14900,0.0,0.0
2017-07-14 00:00:00-04:00,7.951459884643555,8.069550568248236,7.912096073174575,7.951459884643555,195400,0.0,0.0
2017-07-17 00:00:00-04:00,7.951459884643555,8.030186756779257,7.872732261705596,7.951459884643555,31800,0.0,0.0
2017-07-18 00:00:00-04:00,7.872732686802259,7.990823376783374,7.872732686802259,7.9120965003967285,12500,0.0,0.0
2017-07-19 00:00:00-04:00,7.912098848776531,7.912098848776531,7.833371198220538,7.872735023498535,17800,0.0,0.0
2017-07-20 00:00:00-04:00,7.833368873207788,7.990823376783374,7.833368873207788,7.9120965003967285,26400,0.0,0.0
2017-07-21 00:00:00-04:00,8.108914817566786,8.108914817566786,7.896350674638022,7.9120965003967285,48300,0.0,0.0
2017-07-24 00:00:00-04:00,7.912096500396729,7.990823376783374,7.872732686802259,7.9120965003967285,42500,0.0,0.0
2017-07-25 00:00:00-04:00,7.951459880317185,8.148278186752737,7.951459880317185,8.108914375305176,33500,0.0,0.0
2017-07-26 00:00:00-04:00,8.069553362200432,8.148281012396565,7.833371162414551,7.833371162414551,12600,0.0,0.0
2017-07-27 00:00:00-04:00,7.833371198220538,7.990825748530005,7.557825922879601,7.872735023498535,40900,0.0,0.0
2017-07-28 00:00:00-04:00,7.794007337316485,7.872734987512617,7.794007337316485,7.833371162414551,21900,0.0,0.0
2017-07-31 00:00:00-04:00,7.833371162414551,7.872734987512617,7.754644263020935,7.833371162414551,34200,0.0,0.0
2017-08-01 00:00:00-04:00,7.833368873207788,7.951460313991199,7.833368873207788,7.9120965003967285,22200,0.0,0.0
2017-08-02 00:00:00-04:00,7.95146263770875,7.95146263770875,7.833371162414551,7.833371162414551,11500,0.0,0.0
2017-08-03 00:00:00-04:00,7.715278625488282,7.872733138089606,7.715278625488282,7.715278625488281,26800,0.0,0.0
2017-08-04 00:00:00-04:00,7.75464043178535,7.8333672922833975,7.715276626135253,7.794003486633301,22700,0.0,0.0
2017-08-07 00:00:00-04:00,7.778213738859126,7.778213738859126,7.62027986862248,7.659763336181641,70300,0.03,0.0
2017-08-08 00:00:00-04:00,7.62027814733281,7.801901755845504,7.62027814733281,7.7387285232543945,30300,0.0,0.0
2017-08-09 00:00:00-04:00,7.699246723263863,7.699246723263863,7.620279788970947,7.620279788970947,18200,0.0,0.0
2017-08-10 00:00:00-04:00,7.580798149108887,7.659764341506822,7.541314676367616,7.580798149108887,29400,0.0,0.0
2017-08-11 00:00:00-04:00,7.659762728804947,7.659762728804947,7.462346159747683,7.501829624176025,54100,0.0,0.0
2017-08-14 00:00:00-04:00,7.5018302190295,7.778213738859126,7.5018302190295,7.659763336181641,40500,0.0,0.0
2017-08-15 00:00:00-04:00,7.620280868765552,7.778214759730632,7.580798149108887,7.580798149108887,18200,0.0,0.0
2017-08-16 00:00:00-04:00,7.580797074908987,7.738730190410321,7.580797074908987,7.620279788970947,24000,0.0,0.0
2017-08-17 00:00:00-04:00,7.541313004946009,7.738729571813263,7.422862612974993,7.462346076965332,55800,0.0,0.0
2017-08-18 00:00:00-04:00,7.34389806574587,7.699247814248092,7.34389806574587,7.580798149108887,40300,0.0,0.0
2017-08-21 00:00:00-04:00,7.541311740875244,7.659761359907358,7.5018282835031025,7.541311740875244,26900,0.0,0.0
2017-08-22 00:00:00-04:00,7.62027986862248,7.778213738859126,7.62027986862248,7.659763336181641,23300,0.0,0.0
2017-08-23 00:00:00-04:00,7.659763336181641,7.659763336181641,7.541313686588662,7.659763336181641,19400,0.0,0.0
2017-08-24 00:00:00-04:00,7.699244102294771,7.857177164032688,7.699244102294771,7.817693710327148,80500,0.0,0.0
2017-08-25 00:00:00-04:00,7.817696727879956,8.015113319524243,7.738730543072961,7.896663665771484,52100,0.0,0.0
2017-08-28 00:00:00-04:00,7.936146613298606,7.936146613298606,7.738730034624931,7.7782135009765625,27200,0.0,0.0
2017-08-29 00:00:00-04:00,7.738728523254394,7.857178146091642,7.699245064613866,7.7387285232543945,26900,0.0,0.0
2017-08-30 00:00:00-04:00,7.77821100970585,7.975627525149306,7.77821100970585,7.817693710327148,34800,0.0,0.0
2017-08-31 00:00:00-04:00,7.857181072235107,7.975631492269576,7.778214878630077,7.857181072235107,48900,0.0,0.0
2017-09-01 00:00:00-04:00,7.857178941764696,8.054595501874786,7.857178941764696,7.9756293296813965,35100,0.0,0.0
2017-09-05 00:00:00-04:00,7.936145305633545,8.054594932086617,7.896661845787735,7.936145305633545,46900,0.0,0.0
2017-09-06 00:00:00-04:00,7.9756293296813965,8.094078964513686,7.9756293296813965,7.9756293296813965,37700,0.0,0.0
2017-09-07 00:00:00-04:00,8.054595501874786,8.094078964513686,7.936145867042496,7.9756293296813965,24000,0.0,0.0
2017-09-08 00:00:00-04:00,8.015112482443428,8.094079412087822,7.896662841061291,8.054595947265625,20700,0.0,0.0
2017-09-11 00:00:00-04:00,8.133566444616585,8.173049926757812,8.054599480334131,8.173049926757812,36500,0.0,0.0
2017-09-12 00:00:00-04:00,8.173049926757812,8.29149962009671,8.117772750526182,8.173049926757812,30600,0.0,0.0
2017-09-13 00:00:00-04:00,8.173045691226607,8.330978784860799,8.13356222954696,8.291495323181152,29800,0.0,0.0
2017-09-14 00:00:00-04:00,8.291498039007115,8.291498039007115,8.133564893642955,8.212531089782715,43700,0.0,0.0
2017-09-15 00:00:00-04:00,8.252014564394914,8.291498039007115,8.054597944418555,8.212531089782715,104600,0.0,0.0
2017-09-18 00:00:00-04:00,8.17304796788478,8.25201416015625,7.857180939545094,8.25201416015625,75300,0.0,0.0
2017-09-19 00:00:00-04:00,8.21252839982186,8.330978784860799,8.21252839982186,8.291495323181152,33200,0.0,0.0
2017-09-20 00:00:00-04:00,8.173048114124216,8.370464727962148,8.173048114124216,8.330981254577637,103100,0.0,0.0
2017-09-21 00:00:00-04:00,8.291496437306803,8.449429552162414,7.896663273625526,8.370463371276855,74000,0.0,0.0
2017-09-22 00:00:00-04:00,8.370462940621046,8.488912582397461,8.370462940621046,8.488912582397461,26300,0.0,0.0
2017-09-25 00:00:00-04:00,8.370464276275015,8.528397408206047,8.252013862513309,8.449430465698242,43800,0.0,0.0
2017-09-26 00:00:00-04:00,8.488913936952144,8.488913936952144,8.330980805021113,8.449430465698242,44400,0.0,0.0
2017-09-27 00:00:00-04:00,8.449429786225581,8.68632984161377,8.449429786225581,8.68632984161377,65300,0.0,0.0
2017-09-28 00:00:00-04:00,8.646846373534984,8.710019621227232,8.631053438154181,8.68632984161377,69800,0.0,0.0
2017-09-29 00:00:00-04:00,8.646846214545183,8.686329681897984,8.607362747192383,8.607362747192383,40900,0.0,0.0
2017-10-02 00:00:00-04:00,8.646844892693998,8.646844892693998,8.44942833919375,8.567878723144531,145600,0.0,0.0
2017-10-03 00:00:00-04:00,8.567880073987345,8.567880073987345,8.528396606445312,8.528396606445312,48800,0.0,0.0
2017-10-04 00:00:00-04:00,8.567879512304708,8.607362224173876,8.47311889518223,8.488912582397461,37000,0.0,0.0
2017-10-05 00:00:00-04:00,8.449429671361248,8.528396606445312,8.370463489361688,8.528396606445312,81300,0.0,0.0
2017-10-06 00:00:00-04:00,8.528396606445312,8.528396606445312,8.48891313890328,8.528396606445312,42600,0.0,0.0
2017-10-09 00:00:00-04:00,8.528396047351086,8.528396047351086,8.488912582397461,8.488912582397461,70100,0.0,0.0
2017-10-10 00:00:00-04:00,8.52839672238315,8.68632984161377,8.473119565839045,8.68632984161377,74200,0.0,0.0
2017-10-11 00:00:00-04:00,8.68632984161377,8.765296777771336,8.646846373534984,8.68632984161377,45200,0.0,0.0
2017-10-12 00:00:00-04:00,8.646846214545183,8.725813149250785,8.607362747192383,8.607362747192383,41200,0.0,0.0
2017-10-13 00:00:00-04:00,8.646846373534984,8.765296777771336,8.6073629054562,8.68632984161377,38800,0.0,0.0
2017-10-16 00:00:00-04:00,8.68632984161377,8.765296777771336,8.68632984161377,8.68632984161377,29000,0.0,0.0
2017-10-17 00:00:00-04:00,8.765296777771336,8.765296777771336,8.646846373534984,8.68632984161377,19900,0.0,0.0
2017-10-18 00:00:00-04:00,8.094078362839332,8.591568147705921,8.038801971104496,8.409944534301758,285000,0.0,0.0
2017-10-19 00:00:00-04:00,8.409944877876823,8.567878723144531,8.370462169644282,8.567878723144531,29800,0.0,0.0
2017-10-20 00:00:00-04:00,8.725811786262419,8.725811786262419,8.488911772234351,8.646844863891602,76900,0.0,0.0
2017-10-23 00:00:00-04:00,8.607362747192383,8.686329681897984,8.567880032924085,8.607362747192383,33400,0.0,0.0
2017-10-24 00:00:00-04:00,8.686329681897984,8.725813149250785,8.607362747192383,8.607362747192383,45000,0.0,0.0
2017-10-25 00:00:00-04:00,8.646844539440757,8.646844539440757,8.291494908274437,8.409944534301758,30400,0.0,0.0
2017-10-26 00:00:00-04:00,8.488911453709543,8.567878373117328,8.291494908274437,8.409944534301758,32200,0.0,0.0
2017-10-27 00:00:00-04:00,8.2914960107138,8.646845689127499,8.2914960107138,8.488912582397461,55400,0.0,0.0
2017-10-30 00:00:00-04:00,8.409944955135696,8.449428416815342,8.275701637275535,8.291495323181152,61700,0.0,0.0
2017-10-31 00:00:00-04:00,8.330981254577637,8.40994744826204,8.173048114124216,8.330981254577637,65900,0.0,0.0
2017-11-01 00:00:00-04:00,8.409944955135696,8.409944955135696,8.173045691226607,8.291495323181152,64900,0.0,0.0
2017-11-02 00:00:00-04:00,8.252013862513309,8.528397408206047,8.252013862513309,8.449430465698242,46300,0.0,0.0
2017-11-03 00:00:00-04:00,8.13356222954696,8.409944955135696,8.094078767867314,8.291495323181152,159200,0.0,0.0
2017-11-06 00:00:00-05:00,8.252016137955483,8.29149962009671,8.133566444616585,8.173049926757812,341400,0.0,0.0
2017-11-07 00:00:00-05:00,8.196806474736283,8.23640396796957,8.038413480708053,8.117609977722168,188200,0.03,0.0
2017-11-08 00:00:00-05:00,8.078009605407715,8.157206081600108,7.9196174082964985,8.078009605407715,75200,0.0,0.0
2017-11-09 00:00:00-05:00,8.038411140441895,8.11760761439911,7.959215421758229,8.038411140441895,79500,0.0,0.0
2017-11-10 00:00:00-05:00,8.038411110708983,8.157205821205403,7.967135190739389,7.998813629150391,41600,0.0,0.0
2017-11-13 00:00:00-05:00,7.959215646392695,8.157206081600108,7.9433760490447884,8.078009605407715,72000,0.0,0.0
2017-11-14 00:00:00-05:00,7.959215646392695,8.157206081600108,7.959215646392695,8.078009605407715,22400,0.0,0.0
2017-11-15 00:00:00-05:00,7.998815987474766,8.157208226229226,7.998815987474766,8.117609977722168,44900,0.0,0.0
2017-11-16 00:00:00-05:00,8.157208442687988,8.315600685645526,8.078011943572324,8.157208442687988,552100,0.0,0.0
2017-11-17 00:00:00-05:00,8.078011943572324,8.260163589428835,8.078011943572324,8.157208442687988,488700,0.0,0.0
2017-11-20 00:00:00-05:00,8.15720961737311,8.236405372619629,8.078013106852694,8.236405372619629,53500,0.0,0.0
2017-11-21 00:00:00-05:00,8.19680787263332,8.315601883140046,8.078013106852694,8.236405372619629,46100,0.0,0.0
2017-11-22 00:00:00-05:00,8.27600119789488,8.394795928795205,8.236402954261438,8.31559944152832,32300,0.0,0.0
2017-11-24 00:00:00-05:00,8.3156001773743,8.3156001773743,8.236403683099333,8.276001930236816,13100,0.0,0.0
2017-11-27 00:00:00-05:00,8.315600685645526,8.315600685645526,8.117610193130156,8.157208442687988,62900,0.0,0.0
2017-11-28 00:00:00-05:00,8.117609193673351,8.35519790649414,8.117609193673351,8.35519790649414,35600,0.0,0.0
2017-11-29 00:00:00-05:00,8.394794943648543,8.632382867020402,8.394794943648543,8.513588905334473,51200,0.0,0.0
2017-11-30 00:00:00-05:00,8.592788055291125,8.592788055291125,8.394797554065743,8.473993301391602,51300,0.0,0.0
2017-12-01 00:00:00-05:00,8.394793544614714,8.576944356213284,8.196803137951852,8.434391021728516,35100,0.0,0.0
2017-12-04 00:00:00-05:00,8.473993301391602,8.671983802616984,8.394797554065743,8.473993301391602,116900,0.0,0.0
2017-12-05 00:00:00-05:00,8.553188543476328,8.751179015523125,8.458153207526712,8.59278678894043,324700,0.0,0.0
2017-12-06 00:00:00-05:00,8.632384300231934,8.711580791353725,8.51359031882296,8.632384300231934,40500,0.0,0.0
2017-12-07 00:00:00-05:00,8.592785137415966,8.711579095702483,8.513588661709244,8.671980857849121,62100,0.0,0.0
2017-12-08 00:00:00-05:00,8.671981106006909,8.671981106006909,8.458151823917518,8.513588905334473,93700,0.0,0.0
2017-12-11 00:00:00-05:00,8.513591552691443,8.671983802616984,8.473993301391602,8.473993301391602,62700,0.0,0.0
2017-12-12 00:00:00-05:00,8.513589130267583,8.671981335124816,8.283920244406191,8.553187370300293,68900,0.0,0.0
2017-12-13 00:00:00-05:00,8.553190542408515,8.671984551289984,8.355200024090141,8.394798278808594,79300,0.0,0.0
2017-12-14 00:00:00-05:00,8.355200138400255,8.553190659427399,8.19680787263332,8.236405372619629,37900,0.0,0.0
2017-12-15 00:00:00-05:00,8.196804503989602,8.513588905334473,8.196804503989602,8.513588905334473,153900,0.0,0.0
2017-12-18 00:00:00-05:00,8.55318714432098,8.632382867020402,8.43439242736146,8.513588905334473,28300,0.0,0.0
2017-12-19 00:00:00-05:00,8.47399403297161,8.513592287690063,8.355200024090141,8.394798278808594,31700,0.0,0.0
2017-12-20 00:00:00-05:00,8.43439505009176,8.592788055291125,8.355199302765902,8.473993301391602,53000,0.0,0.0
2017-12-21 00:00:00-05:00,8.56902738849774,8.632384279130818,8.513590298012225,8.59278678894043,35700,0.0,0.0
2017-12-22 00:00:00-05:00,8.59278678894043,8.67198252459492,8.553188543476328,8.59278678894043,38900,0.0,0.0
2017-12-26 00:00:00-05:00,8.592786809944752,8.67198254579283,8.553188564383856,8.632384300231934,50500,0.0,0.0
2017-12-27 00:00:00-05:00,8.553188543476328,8.711580770059022,8.513590298012225,8.59278678894043,27700,0.0,0.0
2017-12-28 00:00:00-05:00,8.592786302101144,8.751178519709851,8.592786302101144,8.711580276489258,37100,0.0,0.0
2017-12-29 00:00:00-05:00,8.553188564383856,8.711580791353725,8.553188564383856,8.632384300231934,47900,0.0,0.0
2018-01-02 00:00:00-05:00,8.671980857849121,8.711579095702483,8.592785137415966,8.671980857849121,49300,0.0,0.0
2018-01-03 00:00:00-05:00,8.632383095092106,8.695739977034998,8.553187370300293,8.553187370300293,32000,0.0,0.0
2018-01-04 00:00:00-05:00,8.63238261999576,8.711579095702483,8.473990423855883,8.671980857849121,32600,0.0,0.0
2018-01-05 00:00:00-05:00,8.671981335124816,8.671981335124816,8.497749532145054,8.553187370300293,34000,0.0,0.0
2018-01-08 00:00:00-05:00,8.553186899562606,8.751177333555843,8.473990423855883,8.671980857849121,65600,0.0,0.0
2018-01-09 00:00:00-05:00,8.67198254579283,8.751179036914621,8.632384300231934,8.632384300231934,33500,0.0,0.0
2018-01-10 00:00:00-05:00,8.592785137415966,8.751177333555843,8.592785137415966,8.671980857849121,42500,0.0,0.0
2018-01-11 00:00:00-05:00,8.671982033268662,8.751178519709851,8.632383790048069,8.711580276489258,61000,0.0,0.0
2018-01-12 00:00:00-05:00,8.751176834106445,8.751176834106445,8.616543286252998,8.751176834106445,37300,0.0,0.0
2018-01-16 00:00:00-05:00,8.790775069699846,8.909569021206524,8.711578598513045,8.751176834106445,44100,0.0,0.0
2018-01-17 00:00:00-05:00,8.790776252746582,8.893730621761902,8.711579770901661,8.790776252746582,43600,0.0,0.0
2018-01-18 00:00:00-05:00,8.790775571409204,8.830373053988998,8.671980857849121,8.671980857849121,26000,0.0,0.0
2018-01-19 00:00:00-05:00,8.632383289056742,8.790776252746582,8.513589321562987,8.790776252746582,24300,0.0,0.0
2018-01-22 00:00:00-05:00,8.790775069699846,8.790775069699846,8.671980362919644,8.751176834106445,14100,0.0,0.0
2018-01-23 00:00:00-05:00,8.711580276489258,8.751178519709851,8.711580276489258,8.711580276489258,13700,0.0,0.0
2018-01-24 00:00:00-05:00,8.751177815190237,8.790776055222947,8.553187370300293,8.553187370300293,18700,0.0,0.0
2018-01-25 00:00:00-05:00,8.632384300231934,8.67198254579283,8.592786809944752,8.632384300231934,20700,0.0,0.0
2018-01-26 00:00:00-05:00,8.671980857849121,8.671980857849121,8.592785137415966,8.671980857849121,22400,0.0,0.0
2018-01-29 00:00:00-05:00,8.632384300231934,8.703660991186803,8.592786809944752,8.632384300231934,23000,0.0,0.0
2018-01-30 00:00:00-05:00,8.592784647006368,8.751176834106445,8.592784647006368,8.751176834106445,33100,0.0,0.0
2018-01-31 00:00:00-05:00,8.711580770059022,8.751179015523125,8.473992052548125,8.59278678894043,55900,0.0,0.0
2018-02-01 00:00:00-05:00,8.592785383307485,8.592785383307485,8.394794943648543,8.513588905334473,33900,0.0,0.0
2018-02-02 00:00:00-05:00,8.43439505009176,8.592788055291125,8.394797554065743,8.473993301391602,33700,0.0,0.0
2018-02-05 00:00:00-05:00,8.434392237726343,8.47399047582254,8.078009605407715,8.078009605407715,39700,0.0,0.0
2018-02-06 00:00:00-05:00,7.95921539231825,8.196804058037543,7.95921539231825,7.998813629150391,53500,0.0,0.0
2018-02-07 00:00:00-05:00,7.95921539231825,8.078009347541123,7.95921539231825,7.998813629150391,37600,0.0,0.0
2018-02-08 00:00:00-05:00,7.95921903570437,8.038414790347492,7.8800225257873535,7.8800225257873535,57600,0.0,0.0
2018-02-09 00:00:00-05:00,7.95921903570437,8.038414790347492,7.7612285161857235,7.8800225257873535,49200,0.0,0.0
2018-02-12 00:00:00-05:00,7.880021311385736,8.038413551535815,7.880021311385736,7.919619560241699,31000,0.0,0.0
2018-02-13 00:00:00-05:00,7.832154472405455,8.070696632330874,7.832154472405455,7.951425552368164,41400,0.04,0.0
2018-02-14 00:00:00-05:00,7.832153510576888,8.078647247777669,7.832153510576888,7.99118185043335,37400,0.0,0.0
2018-02-15 00:00:00-05:00,8.030937919464137,8.189966235449136,7.951423382318223,8.110451698303223,37100,0.0,0.0
2018-02-16 00:00:00-05:00,8.070694429730267,8.229723504022092,8.030937919464137,8.110451698303223,37200,0.0,0.0
2018-02-20 00:00:00-05:00,8.070696660571075,8.1502112196958,7.911668300628661,7.911668300628662,35900,0.0,0.0
2018-02-21 00:00:00-05:00,7.951422446336216,8.070693479708565,7.792394149070839,7.832151412963867,71900,0.0,0.0
2018-02-22 00:00:00-05:00,7.911667301351649,7.99118185043335,7.871910026810799,7.99118185043335,100000,0.0,0.0
2018-02-23 00:00:00-05:00,7.911666339378153,8.070694659898482,7.911666339378153,8.030938148498535,33600,0.0,0.0
2018-02-26 00:00:00-05:00,8.070694429730267,8.174063024697222,8.030937919464137,8.110451698303223,23500,0.0,0.0
2018-02-27 00:00:00-05:00,8.086597871103939,8.253577797226995,7.991180878791741,8.030938148498535,36100,0.0,0.0
2018-02-28 00:00:00-05:00,8.070696660571075,8.189968499258162,7.911668300628661,7.911668300628662,80100,0.0,0.0
2018-03-01 00:00:00-05:00,7.871910026810799,8.070695641208111,7.871910026810799,7.99118185043335,32400,0.0,0.0
2018-03-02 00:00:00-05:00,7.911668467453832,8.110454111150196,7.911668467453832,8.070696830749512,73500,0.0,0.0
2018-03-05 00:00:00-05:00,8.030940196780353,8.309239639094162,7.991182916933512,8.22972583770752,30900,0.0,0.0
2018-03-06 00:00:00-05:00,8.22972504413481,8.468267183599728,8.150210492108524,8.428510665893555,34100,0.0,0.0
2018-03-07 00:00:00-05:00,8.428509972685207,8.50802375986486,8.30923815445537,8.468266487121582,40900,0.0,0.0
2018-03-08 00:00:00-05:00,8.428509972685207,8.58753830535142,8.348995427198648,8.468266487121582,36300,0.0,0.0
2018-03-09 00:00:00-05:00,8.54778103260814,8.54778103260814,8.30923815445537,8.468266487121582,46700,0.0,0.0
2018-03-12 00:00:00-04:00,8.388751947675148,8.667051315307617,8.388751947675148,8.667051315307617,31200,0.0,0.0
2018-03-13 00:00:00-04:00,8.388751240991407,8.706807851008227,8.388751240991407,8.587536811828613,35800,0.0,0.0
2018-03-14 00:00:00-04:00,8.627294077657409,8.627294077657409,8.388751240991407,8.587536811828613,27000,0.0,0.0
2018-03-15 00:00:00-04:00,8.587536811828613,8.627294077657409,8.428508506820204,8.587536811828613,36700,0.0,0.0
2018-03-16 00:00:00-04:00,8.547781274483102,8.706809611649309,8.388752937316895,8.388752937316895,191900,0.0,0.0
2018-03-19 00:00:00-04:00,8.428508506820204,8.63524492417775,8.428508506820204,8.587536811828613,35100,0.0,0.0
2018-03-20 00:00:00-04:00,8.547781735626014,8.6272962876523,8.428510665893555,8.428510665893555,26600,0.0,0.0
2018-03-21 00:00:00-04:00,8.468266445504796,8.611392323354456,8.45236399146978,8.547780990600586,25000,0.0,0.0
2018-03-22 00:00:00-04:00,8.396704543751937,8.587538548351386,8.341044057013569,8.388752937316895,33000,0.0,0.0
2018-03-23 00:00:00-04:00,8.388754198787845,8.54778255986817,8.22972583770752,8.22972583770752,51600,0.0,0.0
2018-03-26 00:00:00-04:00,8.26948088171209,8.50802375986486,8.189967094532436,8.468266487121582,40000,0.0,0.0
2018-03-27 00:00:00-04:00,8.468267183599728,8.6272962876523,8.388753389880412,8.428510665893555,40300,0.0,0.0
2018-03-28 00:00:00-04:00,8.468266445504796,8.627295535696375,8.468266445504796,8.547780990600586,32700,0.0,0.0
2018-03-29 00:00:00-04:00,8.50802375986486,8.706809365274353,8.468266487121582,8.468266487121582,47600,0.0,0.0
2018-04-02 00:00:00-04:00,8.428510665893555,8.587539011639157,8.348996113867269,8.428510665893555,32800,0.0,0.0
2018-04-03 00:00:00-04:00,8.468266445504796,8.587538263148481,8.45236399146978,8.547780990600586,129500,0.0,0.0
2018-04-04 00:00:00-04:00,8.50802371805269,8.627295535696375,8.468266445504796,8.547780990600586,36000,0.0,0.0
2018-04-05 00:00:00-04:00,8.587537272443992,8.706808318021025,8.468265468560144,8.627294540405273,34800,0.0,0.0
2018-04-06 00:00:00-04:00,8.58753830535142,8.706809365274353,8.428509972685207,8.468266487121582,38100,0.0,0.0
2018-04-09 00:00:00-04:00,8.468267183599728,8.6272962876523,8.428510665893555,8.428510665893555,34500,0.0,0.0
2018-04-10 00:00:00-04:00,8.468265014342226,8.66705058517943,8.428508506820204,8.587536811828613,35800,0.0,0.0
2018-04-11 00:00:00-04:00,8.547779545999816,8.627294077657409,8.547779545999816,8.587536811828613,44300,0.0,0.0
2018-04-12 00:00:00-04:00,8.587536811828613,8.66705058517943,8.547779545999816,8.587536811828613,24000,0.0,0.0
2018-04-13 00:00:00-04:00,8.587541653206525,8.627298941449194,8.468269788478523,8.508027076721191,30500,0.0,0.0
2018-04-16 00:00:00-04:00,8.547780004482709,8.746565585982307,8.508022736521426,8.627294540405273,26700,0.0,0.0
2018-04-17 00:00:00-04:00,8.667052049937368,8.667052049937368,8.50802371805269,8.547780990600586,39000,0.0,0.0
2018-04-18 00:00:00-04:00,8.587536811828613,8.627294077657409,8.468265014342226,8.587536811828613,40300,0.0,0.0
2018-04-19 00:00:00-04:00,8.587536811828613,8.66705058517943,8.547779545999816,8.587536811828613,38000,0.0,0.0
2018-04-20 00:00:00-04:00,8.547780004482709,8.667051050059742,8.547780004482709,8.627294540405273,41700,0.0,0.0
2018-04-23 00:00:00-04:00,8.547780004482709,8.627294540405273,8.547780004482709,8.627294540405273,23800,0.0,0.0
2018-04-24 00:00:00-04:00,8.627294540405273,8.667051050059742,8.587537272443992,8.627294540405273,27600,0.0,0.0
2018-04-25 00:00:00-04:00,8.587538263148481,8.627295535696375,8.388752658715909,8.547780990600586,27800,0.0,0.0
2018-04-26 00:00:00-04:00,8.468266445504796,8.667052049937368,8.428509931263804,8.547780990600586,29400,0.0,0.0
2018-04-27 00:00:00-04:00,8.547779545999816,8.627294077657409,8.547779545999816,8.587536811828613,31200,0.0,0.0
2018-04-30 00:00:00-04:00,8.587536811828613,8.627294077657409,8.547779545999816,8.587536811828613,31300,0.0,0.0
2018-05-01 00:00:00-04:00,8.547780266080393,8.667051315307617,8.508022996902373,8.667051315307617,77100,0.0,0.0
2018-05-02 00:00:00-04:00,8.667051315307617,8.706808584485637,8.627294804436433,8.667051315307617,52700,0.0,0.0
2018-05-03 00:00:00-04:00,8.627294804436433,8.706808584485637,8.627294804436433,8.667051315307617,33400,0.0,0.0
2018-05-04 00:00:00-04:00,8.627296204604688,8.746567273189026,8.587538928974254,8.706809997558594,52200,0.0,0.0
2018-05-07 00:00:00-04:00,8.706808584485637,8.746565853663657,8.627294804436433,8.667051315307617,17700,0.0,0.0
2018-05-08 00:00:00-04:00,8.619167956733888,8.778782023116015,8.619167956733888,8.698974609375,40600,0.04,0.0
2018-05-09 00:00:00-04:00,8.69897629515443,8.818687438964844,8.69897629515443,8.818687438964844,27900,0.0,0.0
2018-05-10 00:00:00-04:00,8.858591153568314,8.898494107071734,8.778783724361372,8.818687438964844,36200,0.0,0.0
2018-05-11 00:00:00-04:00,8.858588341063792,8.858588341063792,8.738877235260341,8.778780937194824,18500,0.0,0.0
2018-05-14 00:00:00-04:00,8.778782023116015,8.778782023116015,8.698974609375,8.698974609375,33000,0.0,0.0
2018-05-15 00:00:00-04:00,8.619171305835318,8.738881711862117,8.299942287930188,8.539363861083984,74100,0.0,0.0
2018-05-16 00:00:00-04:00,8.579263561292251,8.698973911195926,8.579263561292251,8.65907096862793,31600,0.0,0.0
2018-05-17 00:00:00-04:00,8.698974609375,8.738878316245508,8.675032689692657,8.698974609375,19700,0.0,0.0
2018-05-18 00:00:00-04:00,8.698974609375,8.738878316245508,8.659071663604395,8.698974609375,23500,0.0,0.0
2018-05-21 00:00:00-04:00,8.738879203796387,8.778782914719654,8.698975492873119,8.738879203796387,29700,0.0,0.0
2018-05-22 00:00:00-04:00,8.778782023116015,8.778782023116015,8.698974609375,8.698974609375,19800,0.0,0.0
2018-05-23 00:00:00-04:00,8.738879203796387,8.738879203796387,8.698975492873119,8.738879203796387,17900,0.0,0.0
2018-05-24 00:00:00-04:00,8.698975413393342,8.738879123952023,8.220133169989106,8.459554672241211,62400,0.0,0.0
2018-05-25 00:00:00-04:00,8.499460138708319,8.563305790069304,8.459557177432853,8.539363861083984,11000,0.0,0.0
2018-05-29 00:00:00-04:00,8.499457359313965,8.579264777967596,8.467534544072501,8.499457359313965,15700,0.0,0.0
2018-05-30 00:00:00-04:00,8.53936054299287,8.778782023116015,8.53936054299287,8.698974609375,29000,0.0,0.0
2018-05-31 00:00:00-04:00,8.65907096862793,8.738877614863766,8.61916726496009,8.65907096862793,33400,0.0,0.0
2018-06-01 00:00:00-04:00,8.659070592491183,8.778780937194824,8.619166890556698,8.778780937194824,37500,0.0,0.0
2018-06-04 00:00:00-04:00,8.778782914719654,8.778782914719654,8.738879203796387,8.738879203796387,24400,0.0,0.0
2018-06-05 00:00:00-04:00,8.778780937194824,8.778780937194824,8.659070592491183,8.778780937194824,32100,0.0,0.0
2018-06-06 00:00:00-04:00,8.778782914719654,8.858590336566188,8.738879203796387,8.738879203796387,79800,0.0,0.0
2018-06-07 00:00:00-04:00,8.738877235260341,8.778780937194824,8.738877235260341,8.778780937194824,29700,0.0,0.0
2018-06-08 00:00:00-04:00,8.738879203796387,8.81868662564292,8.698975492873119,8.738879203796387,30700,0.0,0.0
2018-06-11 00:00:00-04:00,8.738877614863766,8.778781318531605,8.61916726496009,8.65907096862793,24800,0.0,0.0
2018-06-12 00:00:00-04:00,8.61916732788086,8.69897397469929,8.539359919962578,8.61916732788086,33700,0.0,0.0
2018-06-13 00:00:00-04:00,8.69897397469929,8.69897397469929,8.539359919962578,8.61916732788086,26800,0.0,0.0
2018-06-14 00:00:00-04:00,8.57926758345965,8.659075028210983,8.483499106418172,8.539363861083984,48500,0.0,0.0
2018-06-15 00:00:00-04:00,8.459557177432853,8.778785434237783,8.459557177432853,8.539363861083984,127100,0.0,0.0
2018-06-18 00:00:00-04:00,8.49945722343038,8.619168349496968,8.49945722343038,8.579264640808105,37400,0.0,0.0
2018-06-19 00:00:00-04:00,8.579265121203298,8.81868662564292,8.579265121203298,8.738879203796387,56800,0.0,0.0
2018-06-20 00:00:00-04:00,8.778780937194824,8.858588341063792,8.738877235260341,8.778780937194824,80600,0.0,0.0
2018-06-21 00:00:00-04:00,8.81868662564292,8.842628547756888,8.738879203796387,8.738879203796387,51100,0.0,0.0
2018-06-22 00:00:00-04:00,8.778782914719654,8.858590336566188,8.698975492873119,8.738879203796387,196600,0.0,0.0
2018-06-25 00:00:00-04:00,8.778782023116015,8.778782023116015,8.698974609375,8.698974609375,44300,0.0,0.0
2018-06-26 00:00:00-04:00,8.698975492873119,8.81868662564292,8.619168832126565,8.738879203796387,38300,0.0,0.0
2018-06-27 00:00:00-04:00,8.698976043817087,8.738879757267629,8.579265664565487,8.6032075881958,29900,0.0,0.0
2018-06-28 00:00:00-04:00,8.81868662564292,8.81868662564292,8.619168832126565,8.738879203796387,50000,0.0,0.0
2018-06-29 00:00:00-04:00,8.738877235260341,8.818684639129309,8.698973533325857,8.778780937194824,60400,0.0,0.0
2018-07-02 00:00:00-04:00,8.698975492873119,8.81868662564292,8.659072543049833,8.738879203796387,44200,0.0,0.0
2018-07-03 00:00:00-04:00,8.7388783241315,8.818685737944536,8.722917298028836,8.76282024383545,14900,0.0,0.0
2018-07-05 00:00:00-04:00,8.818684639129309,8.818684639129309,8.738877235260341,8.778780937194824,42000,0.0,0.0
2018-07-06 00:00:00-04:00,8.778782846463082,8.8585902676891,8.778782846463082,8.842628479003906,24500,0.0,0.0
2018-07-09 00:00:00-04:00,8.858593940734863,8.898496906792895,8.858593940734863,8.858593940734863,26400,0.0,0.0
2018-07-10 00:00:00-04:00,8.898491281898467,8.978298685767435,8.778780937194824,8.778780937194824,29900,0.0,0.0
2018-07-11 00:00:00-04:00,8.858591153568314,8.858591153568314,8.818687438964844,8.818687438964844,17700,0.0,0.0
2018-07-12 00:00:00-04:00,8.858593940734863,8.858593940734863,8.778786486418218,8.858593940734863,21300,0.0,0.0
2018-07-13 00:00:00-04:00,8.778783724361372,8.818687438964844,8.65907334165101,8.818687438964844,38800,0.0,0.0
2018-07-16 00:00:00-04:00,8.818687438964844,8.818687438964844,8.738880009757901,8.818687438964844,14200,0.0,0.0
2018-07-17 00:00:00-04:00,8.858591153568314,8.858591153568314,8.778783724361372,8.818687438964844,16600,0.0,0.0
2018-07-18 00:00:00-04:00,8.778782914719654,8.81868662564292,8.698975492873119,8.738879203796387,32300,0.0,0.0
2018-07-19 00:00:00-04:00,8.738880009757901,8.858591153568314,8.738880009757901,8.818687438964844,18700,0.0,0.0
2018-07-20 00:00:00-04:00,8.778783724361372,8.858591153568314,8.778783724361372,8.818687438964844,15300,0.0,0.0
2018-07-23 00:00:00-04:00,8.818687101729662,8.938397479862182,8.778783388652148,8.898493766784668,31600,0.0,0.0
2018-07-24 00:00:00-04:00,8.97830436110954,8.97830436110954,8.858593940734863,8.858593940734863,11300,0.0,0.0
2018-07-25 00:00:00-04:00,8.659071663604395,8.778782023116015,8.547341436586953,8.698974609375,46600,0.0,0.0
2018-07-26 00:00:00-04:00,8.698974942715504,8.698974942715504,8.61916828701624,8.683013916015625,28100,0.0,0.0
2018-07-27 00:00:00-04:00,8.65907103184,8.69897397469929,8.539359919962578,8.61916732788086,34600,0.0,0.0
2018-07-30 00:00:00-04:00,8.619168349496968,8.698975005774754,8.579264640808105,8.579264640808105,36900,0.0,0.0
2018-07-31 00:00:00-04:00,8.579263561292251,8.698973911195926,8.539359857624412,8.65907096862793,39100,0.0,0.0
2018-08-01 00:00:00-04:00,8.65907205818583,8.698975005774754,8.579264640808105,8.579264640808105,19200,0.0,0.0
2018-08-02 00:00:00-04:00,8.579263623921719,8.65907103184,8.571282730909921,8.61916732788086,28400,0.0,0.0
2018-08-03 00:00:00-04:00,8.579264640808105,8.698975005774754,8.539360932119243,8.579264640808105,17600,0.0,0.0
2018-08-06 00:00:00-04:00,8.579263623921719,8.69897397469929,8.539359919962578,8.61916732788086,24400,0.0,0.0
2018-08-07 00:00:00-04:00,8.691262475343159,8.731313763599543,8.57110631878594,8.61115837097168,12100,0.04,0.0
2018-08-08 00:00:00-04:00,8.571105732347073,8.731313166199211,8.571105732347073,8.651209831237793,21900,0.0,0.0
2018-08-09 00:00:00-04:00,8.611157781792432,8.731313166199211,8.611157781792432,8.651209831237793,21200,0.0,0.0
2018-08-10 00:00:00-04:00,8.571105732347073,8.731313166199211,8.571105732347073,8.651209831237793,16900,0.0,0.0
2018-08-13 00:00:00-04:00,8.691263075560755,8.731314366583076,8.571106910705566,8.571106910705566,25700,0.0,0.0
2018-08-14 00:00:00-04:00,8.611159087812746,8.731314490443017,8.611159087812746,8.691263198852539,41500,0.0,0.0
2018-08-15 00:00:00-04:00,8.731314366583076,8.731314366583076,8.531054855753837,8.571106910705566,28400,0.0,0.0
2018-08-16 00:00:00-04:00,8.611156598255137,8.731311966147484,8.595135475107252,8.675239562988281,21400,0.0,0.0
2018-08-17 00:00:00-04:00,8.57110631878594,8.811417867971022,8.57110631878594,8.61115837097168,56500,0.0,0.0
2018-08-20 00:00:00-04:00,8.691263198852539,8.81141860148281,8.651211143332644,8.691263198852539,32700,0.0,0.0
2018-08-21 00:00:00-04:00,8.755346182112607,8.81141860148281,8.691263198852539,8.691263198852539,41000,0.0,0.0
2018-08-22 00:00:00-04:00,8.731313166199211,8.77136521564457,8.611157781792432,8.651209831237793,40500,0.0,0.0
2018-08-23 00:00:00-04:00,8.731313166199211,8.731313166199211,8.611157781792432,8.651209831237793,21600,0.0,0.0
2018-08-24 00:00:00-04:00,8.651211143332644,8.731314490443017,8.651211143332644,8.691263198852539,30200,0.0,0.0
2018-08-27 00:00:00-04:00,8.691261880683154,8.731313166199211,8.651209831237793,8.651209831237793,28400,0.0,0.0
2018-08-28 00:00:00-04:00,8.691263143903543,8.731314435240803,8.410899520966234,8.45095157623291,44500,0.0,0.0
2018-08-29 00:00:00-04:00,8.450951154161853,8.571106550031468,8.450951154161853,8.531054496765137,27200,0.0,0.0
2018-08-30 00:00:00-04:00,8.410898931578908,8.571106377489777,8.410898931578908,8.491003036499023,50800,0.0,0.0
2018-08-31 00:00:00-04:00,8.450951154161853,8.611158603297797,8.450951154161853,8.531054496765137,31200,0.0,0.0
2018-09-04 00:00:00-04:00,8.491002978343818,8.61115837097168,8.491002978343818,8.61115837097168,30400,0.0,0.0
2018-09-05 00:00:00-04:00,8.61115837097168,8.65121042315742,8.57110631878594,8.61115837097168,12000,0.0,0.0
2018-09-06 00:00:00-04:00,8.65121042315742,8.691262475343159,8.61115837097168,8.61115837097168,16700,0.0,0.0
2018-09-07 00:00:00-04:00,8.691263198852539,8.731314490443017,8.611159087812746,8.691263198852539,17100,0.0,0.0
2018-09-10 00:00:00-04:00,8.651211143332644,8.731314490443017,8.651211143332644,8.691263198852539,21700,0.0,0.0
2018-09-11 00:00:00-04:00,8.611159087812746,8.731314490443017,8.611159087812746,8.691263198852539,25500,0.0,0.0
2018-09-12 00:00:00-04:00,8.651211020609026,8.691263075560755,8.571106910705566,8.571106910705566,26900,0.0,0.0
2018-09-13 00:00:00-04:00,8.611158603297797,8.651210656564128,8.531054496765137,8.531054496765137,18700,0.0,0.0
2018-09-14 00:00:00-04:00,8.491003564731516,8.63518989305657,8.491003564731516,8.571106910705566,19900,0.0,0.0
2018-09-17 00:00:00-04:00,8.65121042315742,8.65121042315742,8.5310542666002,8.61115837097168,20600,0.0,0.0
2018-09-18 00:00:00-04:00,8.611158603297797,8.691262709830458,8.531054496765137,8.531054496765137,31700,0.0,0.0
2018-09-19 00:00:00-04:00,8.491002978343818,8.691262475343159,8.491002978343818,8.61115837097168,21800,0.0,0.0
2018-09-20 00:00:00-04:00,8.611159087812746,8.731314490443017,8.611159087812746,8.691263198852539,15000,0.0,0.0
2018-09-21 00:00:00-04:00,8.651209831237793,8.731313166199211,8.611157781792432,8.651209831237793,105300,0.0,0.0
2018-09-24 00:00:00-04:00,8.61115837097168,8.699272274636822,8.5310542666002,8.61115837097168,22800,0.0,0.0
2018-09-25 00:00:00-04:00,8.691263198852539,8.731314490443017,8.651211143332644,8.691263198852539,19800,0.0,0.0
2018-09-26 00:00:00-04:00,8.691262709830458,8.691262709830458,8.531054496765137,8.531054496765137,22000,0.0,0.0
2018-09-27 00:00:00-04:00,8.571106550031468,8.651210656564128,8.531054496765137,8.531054496765137,24800,0.0,0.0
2018-09-28 00:00:00-04:00,8.571105732347073,8.731313166199211,8.571105732347073,8.651209831237793,26300,0.0,0.0
2018-10-01 00:00:00-04:00,8.627178522162591,8.65120944518573,8.45094997082462,8.45896053314209,20700,0.0,0.0
2018-10-02 00:00:00-04:00,8.539065480739186,8.547076044572835,8.37084745987964,8.394878387451172,16500,0.0,0.0
2018-10-03 00:00:00-04:00,8.442939408507153,8.563094787552108,8.394876798531607,8.45896053314209,57800,0.0,0.0
2018-10-04 00:00:00-04:00,8.442939408507153,8.595136272892715,8.442939408507153,8.45896053314209,30300,0.0,0.0
2018-10-05 00:00:00-04:00,8.499012835847546,8.523044525681197,8.37084687911885,8.491003036499023,29600,0.0,0.0
2018-10-08 00:00:00-04:00,8.515031580816967,8.603145460440855,8.499010458742179,8.5390625,26100,0.0,0.0
2018-10-09 00:00:00-04:00,8.587127445231978,8.68325191212014,8.474981851897779,8.61115837097168,28900,0.0,0.0
2018-10-10 00:00:00-04:00,8.579117788479834,8.715294321942169,8.418910326738688,8.426920890808105,36100,0.0,0.0
2018-10-11 00:00:00-04:00,8.378857126198799,8.587127179987998,8.266711536328616,8.2747220993042,24700,0.0,0.0
2018-10-12 00:00:00-04:00,8.33880310965498,8.482990153510874,8.058440346959708,8.122523307800293,49800,0.0,0.0
2018-10-15 00:00:00-04:00,8.074464388686208,8.210640933576967,7.970329338832716,8.058444023132324,77600,0.0,0.0
2018-10-16 00:00:00-04:00,8.178596193887923,8.234668596975453,8.050430264585456,8.170585632324219,84300,0.0,0.0
2018-10-17 00:00:00-04:00,8.12252627931825,8.218650755744987,8.098494587264494,8.130536079406738,38000,0.0,0.0
2018-10-18 00:00:00-04:00,8.122527178111406,8.202630535366092,8.042423056927205,8.098495483398438,78200,0.0,0.0
2018-10-19 00:00:00-04:00,8.09048568242363,8.22666223007906,8.09048568242363,8.098495483398438,100000,0.0,0.0
2018-10-22 00:00:00-04:00,8.154566463306596,8.418908922056715,8.098493288105841,8.14655590057373,35100,0.0,0.0
2018-10-23 00:00:00-04:00,8.098493288105841,8.426919484789583,8.082472926569418,8.14655590057373,35000,0.0,0.0
2018-10-24 00:00:00-04:00,8.09849465811376,8.250692320067992,7.994359616758084,8.010380744934082,44400,0.0,0.0
2018-10-25 00:00:00-04:00,8.114516613207083,8.27472409164597,8.018392126143752,8.098495483398438,60700,0.0,0.0
2018-10-26 00:00:00-04:00,8.026401802891515,8.33880616029605,8.018391238873596,8.130536079406738,42200,0.0,0.0
2018-10-29 00:00:00-04:00,8.154564788220586,8.394875509408205,8.10650218562557,8.122523307800293,50200,0.0,0.0
2018-10-30 00:00:00-04:00,8.13854556511765,8.210639103868111,8.058442227339949,8.066452026367188,53600,0.0,0.0
2018-10-31 00:00:00-04:00,8.178596889720087,8.178596889720087,8.010378902216372,8.042420387268066,51700,0.0,0.0
2018-11-01 00:00:00-04:00,8.354825737338833,8.354825737338833,7.954306777948544,7.994358062744141,93800,0.0,0.0
2018-11-02 00:00:00-04:00,7.97833746277321,8.250690469234167,7.9142544923034865,7.970326900482178,79000,0.0,0.0
2018-11-05 00:00:00-05:00,8.034412343011901,8.122527027466198,7.890225997055827,7.89823579788208,43600,0.0,0.0
2018-11-06 00:00:00-05:00,7.890191588543244,8.043008410851355,7.849976393080776,7.994750022888184,29900,0.04,0.0
2018-11-07 00:00:00-05:00,7.9867078750021,8.043008690381626,7.882148669982209,7.962578296661377,44200,0.0,0.0
2018-11-08 00:00:00-05:00,7.994750022888184,8.034965218350651,7.938449209465361,7.994750022888184,41600,0.0,0.0
2018-11-09 00:00:00-05:00,7.986705743172209,8.034963352890461,7.914318561553955,7.914318561553955,31200,0.0,0.0
2018-11-12 00:00:00-05:00,7.946492848446482,8.034965669801988,7.858020027090977,7.890192031860352,29800,0.0,0.0
2018-11-13 00:00:00-05:00,7.922363584818059,8.043008404062576,7.87410519689562,7.978664398193359,30900,0.0,0.0
2018-11-14 00:00:00-05:00,8.018880902172004,8.043009716550124,7.681074432713604,7.72128963470459,118100,0.0,0.0
2018-11-15 00:00:00-05:00,7.729333110932588,7.833892343489381,7.689118670522601,7.817806720733643,72200,0.0,0.0
2018-11-16 00:00:00-05:00,7.785632066894086,7.922363265617385,7.769545682554393,7.866061687469482,48600,0.0,0.0
2018-11-19 00:00:00-05:00,7.882148946144512,8.01888016003486,7.833890554813345,7.93040657043457,31900,0.0,0.0
2018-11-20 00:00:00-05:00,7.8982344577718715,7.9545360413991,7.8017184434637485,7.890192031860352,56700,0.0,0.0
2018-11-21 00:00:00-05:00,7.922361923947972,8.026920336284688,7.761501175957255,7.874103546142578,94900,0.0,0.0
2018-11-23 00:00:00-05:00,7.793675356544224,8.002793773910767,7.793675356544224,7.93040657043457,35500,0.0,0.0
2018-11-26 00:00:00-05:00,7.93844736641308,7.978662552538875,7.858017761202369,7.914318561553955,36300,0.0,0.0
2018-11-27 00:00:00-05:00,7.874106785431772,7.97062281370691,7.801719572465117,7.849977970123291,39700,0.0,0.0
2018-11-28 00:00:00-05:00,7.833889759807206,8.12343854432773,7.7936745656192405,8.099308967590332,50500,0.0,0.0
2018-11-29 00:00:00-05:00,8.034963803987441,8.461243726995736,8.034963803987441,8.051050186157227,24900,0.0,0.0
2018-11-30 00:00:00-05:00,8.043008981633367,8.195825814786312,7.986708164215088,7.986708164215088,240900,0.0,0.0
2018-12-03 00:00:00-05:00,8.00279285851472,8.244083253488439,7.962577664845597,8.075180053710938,233900,0.0,0.0
2018-12-04 00:00:00-05:00,8.083225520015802,8.260171961718061,7.729332636611284,7.745419025421143,42800,0.0,0.0
2018-12-06 00:00:00-05:00,7.689116230338065,7.978664251423208,7.689116230338065,7.809761047363281,34500,0.0,0.0
2018-12-07 00:00:00-05:00,7.785632628131688,8.002793463084707,7.729331045925211,7.858019828796387,57700,0.0,0.0
2018-12-10 00:00:00-05:00,7.882149968277956,7.882149968277956,7.6810747178986265,7.705203533172607,37400,0.0,0.0
2018-12-11 00:00:00-05:00,7.761504157921819,7.761504157921819,6.8446015307140184,7.656945705413818,14500,0.0,0.0
2018-12-12 00:00:00-05:00,7.713245373528863,7.713245373528863,7.286966132312332,7.640858173370361,23200,0.0,0.0
2018-12-13 00:00:00-05:00,7.431739942580292,7.769546373337677,7.085891085979039,7.600643157958984,49700,0.0,0.0
2018-12-14 00:00:00-05:00,7.600642750551384,7.705201951328029,7.4799979319081285,7.5202131271362305,35500,0.0,0.0
2018-12-17 00:00:00-05:00,7.182407336595496,7.616729795187856,7.182407336595496,7.423696994781494,43100,0.0,0.0
2018-12-18 00:00:00-05:00,7.4799993411730865,7.504128156039503,7.286967288159364,7.3754401206970215,27000,0.0,0.0
2018-12-19 00:00:00-05:00,7.3995677852064246,7.801718216652872,7.295008580985419,7.3593525886535645,49900,0.0,0.0
2018-12-20 00:00:00-05:00,7.632814556546512,7.640857748792984,7.399567350686051,7.50412654876709,67200,0.0,0.0
2018-12-21 00:00:00-05:00,7.512170820433316,7.817805266346407,7.488042007267876,7.673030853271484,200700,0.0,0.0
2018-12-24 00:00:00-05:00,7.6489014207216455,7.6489014207216455,7.367395810769449,7.488041400909424,29000,0.0,0.0
2018-12-26 00:00:00-05:00,7.52825652315475,7.713246138238007,7.41565488244778,7.608686923980713,263300,0.0,0.0
2018-12-27 00:00:00-05:00,7.552384439015562,7.753459629720589,7.488040439353232,7.713244438171387,35900,0.0,0.0
2018-12-28 00:00:00-05:00,7.809762485984247,8.059096125350935,7.6971600735216805,7.882149696350098,33200,0.0,0.0
2018-12-31 00:00:00-05:00,7.930405663318502,8.11539524738006,7.9223632382174936,8.075180053710938,67000,0.0,0.0
2019-01-02 00:00:00-05:00,8.010835744932509,8.139523746129658,7.874104551900289,8.018878936767578,54300,0.0,0.0
2019-01-03 00:00:00-05:00,8.147565069408847,8.171693872339384,7.90627473898102,7.970618724822998,36300,0.0,0.0
2019-01-04 00:00:00-05:00,8.026921420586994,8.195824615160518,7.882147801696115,8.179738998413086,39100,0.0,0.0
2019-01-07 00:00:00-05:00,8.15561189627495,8.203869523655808,8.11539669543013,8.147568702697754,26500,0.0,0.0
2019-01-08 00:00:00-05:00,7.970621150240537,8.195825169215844,7.962577957802585,8.115395545959473,183300,0.0,0.0
2019-01-09 00:00:00-05:00,8.051053509437322,8.171698357346314,7.6086877887022935,7.745419025421143,65300,0.0,0.0
2019-01-10 00:00:00-05:00,7.648900635595037,7.6810726362551645,7.415653439048864,7.463911056518555,83900,0.0,0.0
2019-01-11 00:00:00-05:00,7.431740182479343,7.447826568768536,7.319138546619458,7.40761137008667,34400,0.0,0.0
2019-01-14 00:00:00-05:00,7.375440300596885,7.431741125672198,7.2387090679500865,7.2467522621154785,37100,0.0,0.0
2019-01-15 00:00:00-05:00,7.2065376276727005,7.262838457195985,7.0537207616632385,7.110021591186523,26700,0.0,0.0
2019-01-16 00:00:00-05:00,7.085891375349447,7.391525047048323,7.085891375349447,7.254794597625732,41800,0.0,0.0
2019-01-17 00:00:00-05:00,7.230666543146054,7.335225775851818,7.142193700260232,7.222623348236084,35700,0.0,0.0
2019-01-18 00:00:00-05:00,7.214579863874925,7.295009500072779,7.0376334369737705,7.182407855987549,55900,0.0,0.0
2019-01-22 00:00:00-05:00,7.150234475025503,7.246750480153458,6.9652448899161525,7.045675277709961,86500,0.0,0.0
2019-01-23 00:00:00-05:00,7.029588176192225,7.182405744002156,7.029588176192225,7.150233745574951,15900,0.0,0.0
2019-01-24 00:00:00-05:00,7.158276621559086,7.198491813890743,7.03763181160511,7.077847003936768,20800,0.0,0.0
2019-01-25 00:00:00-05:00,7.110019606763109,7.19044923119952,7.110019606763109,7.174363613128662,25700,0.0,0.0
2019-01-28 00:00:00-05:00,7.134149259629507,7.1984932735913505,7.061762052162145,7.093934059143066,24800,0.0,0.0
2019-01-29 00:00:00-05:00,7.061760895044108,7.391524104324878,6.836556883078879,7.045675277709961,76700,0.0,0.0
2019-01-30 00:00:00-05:00,7.592599740621186,7.592599740621186,7.2467508942439345,7.4799981117248535,160700,0.0,0.0
2019-01-31 00:00:00-05:00,7.471955579542073,7.560428405358245,7.439783573150635,7.439783573150635,24600,0.0,0.0
2019-02-01 00:00:00-05:00,7.504124542329786,7.560425338919435,7.463909358891112,7.496081352233887,37900,0.0,0.0
2019-02-04 00:00:00-05:00,7.496084810371538,7.753461642889143,7.471955995993418,7.72128963470459,43000,0.0,0.0
2019-02-05 00:00:00-05:00,7.697160053285291,7.777590457267264,7.624772843109751,7.72128963470459,43500,0.0,0.0
2019-02-06 00:00:00-05:00,7.713242892701461,7.8901892398393665,7.713242892701461,7.841930866241455,38100,0.0,0.0
2019-02-07 00:00:00-05:00,7.769545749006609,7.8982337566607175,7.769545749006609,7.785632133483887,10100,0.0,0.0
2019-02-08 00:00:00-05:00,7.9384505190607895,7.970622527329925,7.849977688080961,7.882149696350098,55500,0.0,0.0
2019-02-11 00:00:00-05:00,7.9464945793151855,7.978666591092119,7.914322567538252,7.9464945793151855,27200,0.0,0.0
2019-02-12 00:00:00-05:00,7.994995117187501,8.059666399007739,7.922239732404109,7.9949951171875,16100,0.05,0.0
2019-02-13 00:00:00-05:00,7.946493532634836,8.019248938130932,7.930326093048321,7.9626617431640625,19300,0.0,0.0
2019-02-14 00:00:00-05:00,7.978828575347646,7.9949967846460375,7.881821632385254,7.881821632385254,24200,0.0,0.0
2019-02-15 00:00:00-05:00,7.9222415045611,8.197094899251383,7.9222415045611,8.148591041564941,36800,0.0,0.0
2019-02-19 00:00:00-05:00,8.116255393421536,8.229430547394788,8.108171288650018,8.148591041564941,17000,0.0,0.0
2019-02-20 00:00:00-05:00,8.140507279242438,8.164759594577221,8.051584435842996,8.05966854095459,33400,0.0,0.0
2019-02-21 00:00:00-05:00,8.100088304944247,8.100088304944247,8.06775188446045,8.06775188446045,10600,0.0,0.0
2019-02-22 00:00:00-05:00,8.075835989581398,8.100088304944247,8.027332900741095,8.06775188446045,23400,0.0,0.0
2019-02-25 00:00:00-05:00,8.10008844889164,8.221346944089992,7.954577637899449,7.9626617431640625,21700,0.0,0.0
2019-02-26 00:00:00-05:00,8.067751319913004,8.067751319913004,7.88990564535319,7.897989749908447,188200,0.0,0.0
2019-02-27 00:00:00-05:00,7.9303249509510625,8.011163679126954,7.857569555932941,7.95457649230957,533600,0.0,0.0
2019-02-28 00:00:00-05:00,7.94649200165634,8.035414829606998,7.938407897949219,7.938407897949219,30200,0.0,0.0
2019-03-01 00:00:00-05:00,7.9464929748129585,7.994996832053088,7.91415732696709,7.986912727355957,53800,0.0,0.0
2019-03-04 00:00:00-05:00,7.9626617431640625,8.092004343627027,7.9626617431640625,7.9626617431640625,46900,0.0,0.0
2019-03-05 00:00:00-05:00,7.938408870115827,8.035415813653431,7.809066278732355,7.986912727355957,582300,0.0,0.0
2019-03-06 00:00:00-05:00,7.938409590439341,8.083920404420583,7.8656541834487195,7.8737382888793945,45300,0.0,0.0
2019-03-07 00:00:00-05:00,7.7686464801244695,7.930325489337776,7.7686464801244695,7.881821632385254,38900,0.0,0.0
2019-03-08 00:00:00-05:00,7.857569555932941,8.043499324585829,7.841401347732202,7.95457649230957,37800,0.0,0.0
2019-03-11 00:00:00-04:00,7.889906197455739,8.083920094702348,7.889906197455739,8.06775188446045,28500,0.0,0.0
2019-03-12 00:00:00-04:00,8.067749779932347,8.08391798595666,7.914155677413869,7.922239780426025,278500,0.0,0.0
2019-03-13 00:00:00-04:00,7.9303221508917545,8.067748017362337,7.9303221508917545,8.011160850524902,58200,0.0,0.0
2019-03-14 00:00:00-04:00,8.019248962402344,8.067752052251402,7.994997417477816,8.019248962402344,43400,0.0,0.0
2019-03-15 00:00:00-04:00,8.027333067691425,8.059668717905035,7.978829206899654,8.019248962402344,190800,0.0,0.0
2019-03-18 00:00:00-04:00,8.059668127744825,8.07583556619643,7.986912727355957,7.986912727355957,28400,0.0,0.0
2019-03-19 00:00:00-04:00,8.003081160486715,8.003081160486715,7.809067249298096,7.809067249298096,71600,0.0,0.0
2019-03-20 00:00:00-04:00,7.906072120980638,7.906072120980638,7.7120582609309105,7.720142364501953,27100,0.0,0.0
2019-03-21 00:00:00-04:00,7.720144738353382,7.85757145754797,7.671640872955322,7.671640872955322,31100,0.0,0.0
2019-03-22 00:00:00-04:00,7.639304267756375,7.712059671316205,7.202772617340088,7.202772617340088,45900,0.0,0.0
2019-03-25 00:00:00-04:00,7.1946877567271255,7.421038048685486,7.1946877567271255,7.396785736083984,26300,0.0,0.0
2019-03-26 00:00:00-04:00,7.445289261258708,7.663554668426514,7.388702076241606,7.663554668426514,28900,0.0,0.0
2019-03-27 00:00:00-04:00,7.615051880648798,7.760562671662025,7.56654802666352,7.695891380310059,32200,0.0,0.0
2019-03-28 00:00:00-04:00,7.7928981566429725,7.809065593676277,7.4937932475722295,7.566547870635986,33200,0.0,0.0
2019-03-29 00:00:00-04:00,7.606967562586758,7.647387311280787,7.396785486131869,7.461456775665283,55700,0.0,0.0
2019-04-01 00:00:00-04:00,7.542295551097773,7.865651967812867,7.518044012579769,7.833316326141357,72600,0.0,0.0
2019-04-02 00:00:00-04:00,7.687806721160332,7.857569041439481,7.663554410447204,7.720142364501953,65100,0.0,0.0
2019-04-03 00:00:00-04:00,7.760562476809754,7.760562476809754,7.606967585498341,7.687807083129883,17700,0.0,0.0
2019-04-04 00:00:00-04:00,7.695892558209182,7.776731299300656,7.598884835391056,7.768647193908691,20400,0.0,0.0
2019-04-05 00:00:00-04:00,7.857570089380319,7.954577032342711,7.7201433941146,7.881821632385254,50100,0.0,0.0
2019-04-08 00:00:00-04:00,7.857569998074801,7.938408730799451,7.857569998074801,7.897989749908447,12600,0.0,0.0
2019-04-09 00:00:00-04:00,7.889904277273382,7.930324022098395,7.817148890776858,7.833316326141357,13900,0.0,0.0
2019-04-10 00:00:00-04:00,7.8252368977390585,7.906075656774947,7.809068683366144,7.857572555541992,16500,0.0,0.0
2019-04-11 00:00:00-04:00,7.849485069998562,7.9626602090705845,7.825233529819758,7.938407897949219,25700,0.0,0.0
2019-04-12 00:00:00-04:00,7.970742808298042,8.003078449208163,7.938407167387924,7.9949951171875,18300,0.0,0.0
2019-04-15 00:00:00-04:00,8.205178013581815,8.205178013581815,7.865653331687416,7.897989749908447,13200,0.0,0.0
2019-04-16 00:00:00-04:00,7.930326093048321,8.003080727601706,7.841402477022999,7.9626617431640625,18300,0.0,0.0
2019-04-17 00:00:00-04:00,7.978828973842622,8.132423886077884,7.833318166660309,7.906073570251465,20700,0.0,0.0
2019-04-18 00:00:00-04:00,7.857571391474293,7.938410138534246,7.752480326447853,7.792900085449219,14400,0.0,0.0
2019-04-22 00:00:00-04:00,7.501877883515653,7.914158007193157,7.501877883515653,7.768647193908691,6000,0.0,0.0
2019-04-23 00:00:00-04:00,7.865653702697022,8.067751700455231,7.590801073337708,7.639304161071777,83200,0.0,0.0
2019-04-24 00:00:00-04:00,7.703973571965098,7.703973571965098,7.518043829614485,7.5584635734558105,13900,0.0,0.0
2019-04-25 00:00:00-04:00,7.5180447322139585,7.57463191782005,7.412953693986514,7.461456775665283,20600,0.0,0.0
2019-04-26 00:00:00-04:00,7.461456798138601,7.695891187081554,7.437205257226172,7.687807083129883,16200,0.0,0.0
2019-04-29 00:00:00-04:00,7.671639020049544,7.800981601947634,7.671639020049544,7.776730060577393,79200,0.0,0.0
2019-04-30 00:00:00-04:00,7.792899808837086,7.9060742048924055,7.7605641569723165,7.809067249298096,61100,0.0,0.0
2019-05-01 00:00:00-04:00,7.792899594816079,7.873738336786506,7.736311627399776,7.744395732879639,72500,0.0,0.0
2019-05-02 00:00:00-04:00,7.744394576121396,7.776730222268229,7.655471741953259,7.728227138519287,15500,0.0,0.0
2019-05-03 00:00:00-04:00,7.736309122106589,7.881819889851597,7.736309122106589,7.841400146484375,27500,0.0,0.0
2019-05-06 00:00:00-04:00,7.784815703135206,7.881822658729516,7.679724641839016,7.809067249298096,42300,0.0,0.0
2019-05-07 00:00:00-04:00,7.792815597755728,7.825319489484424,7.70342931428638,7.711555480957031,41800,0.05,0.0
2019-05-08 00:00:00-04:00,7.735931596500517,7.833443241630314,7.719679268168718,7.768435478210449,45600,0.0,0.0
2019-05-09 00:00:00-04:00,7.752182960510254,7.809064558374729,7.679049034710987,7.752182960510254,102900,0.0,0.0
2019-05-10 00:00:00-04:00,7.71155518722057,7.84157074918301,7.703429020859448,7.800941467285156,93700,0.0,0.0
2019-05-13 00:00:00-04:00,7.7278071432298985,7.833444975913247,7.638420867522689,7.679050922393799,30100,0.0,0.0
2019-05-14 00:00:00-04:00,7.67905111426215,7.81719283930322,7.67905111426215,7.784688949584961,38800,0.0,0.0
2019-05-15 00:00:00-04:00,7.679049034710987,7.792813005393586,7.679049034710987,7.752182960510254,30000,0.0,0.0
2019-05-16 00:00:00-04:00,7.7765628759057055,7.833445264804573,7.703428929431354,7.792815208435059,228400,0.0,0.0
2019-05-17 00:00:00-04:00,7.7278074282253835,7.825319098539897,7.7278074282253835,7.792815208435059,35900,0.0,0.0
2019-05-20 00:00:00-04:00,7.784687777259851,7.841569381962328,7.597790633263856,7.6059160232543945,26000,0.0,0.0
2019-05-21 00:00:00-04:00,7.638420480648085,7.66279897730832,7.597791202788628,7.61404275894165,20400,0.0,0.0
2019-05-22 00:00:00-04:00,7.6059160232543945,7.6302945180872355,7.6059160232543945,7.6059160232543945,16000,0.0,0.0
2019-05-23 00:00:00-04:00,7.532782339499631,7.565286222061449,7.419018363056426,7.427144527435303,27800,0.0,0.0
2019-05-24 00:00:00-04:00,7.492152712066883,7.589664365212303,7.4759003823991135,7.581538200378418,32700,0.0,0.0
2019-05-28 00:00:00-04:00,7.614042263017725,7.63841998313637,7.516530607589394,7.524656772613525,21000,0.0,0.0
2019-05-29 00:00:00-04:00,7.516532128638005,7.597792245415654,7.467775903580634,7.532784461975098,54900,0.0,0.0
2019-05-30 00:00:00-04:00,7.5652870112325274,7.605916287457766,7.370262920564044,7.484026908874512,76300,0.0,0.0
2019-05-31 00:00:00-04:00,7.459647942362942,7.500277211802959,7.410891734099826,7.443395614624023,24200,0.0,0.0
2019-06-03 00:00:00-04:00,7.419019704573479,7.589665312617809,7.419019704573479,7.5652875900268555,34000,0.0,0.0
2019-06-04 00:00:00-04:00,7.662798600757078,7.719680206928188,7.597790829431879,7.695302486419678,191800,0.0,0.0
2019-06-05 00:00:00-04:00,7.679049853523838,7.7115537379056445,7.581538200378418,7.581538200378418,22700,0.0,0.0
2019-06-06 00:00:00-04:00,7.540906620621852,7.622166702560274,7.524655069206313,7.557158946990967,23400,0.0,0.0
2019-06-07 00:00:00-04:00,7.540907859802246,7.597790236487924,7.508403976676302,7.540907859802246,21300,0.0,0.0
2019-06-10 00:00:00-04:00,7.540907864520189,7.727805773826573,7.540907864520189,7.597790241241455,34500,0.0,0.0
2019-06-11 00:00:00-04:00,7.63841998313637,7.63841998313637,7.467774392398353,7.524656772613525,18600,0.0,0.0
2019-06-12 00:00:00-04:00,7.5734122971978675,7.5734122971978675,7.39464131439845,7.402766704559326,15000,0.0,0.0
2019-06-13 00:00:00-04:00,7.443395919715662,7.549033729487621,7.443395919715662,7.500277519226074,18400,0.0,0.0
2019-06-14 00:00:00-04:00,7.508405014480169,7.549035067741868,7.459649570529178,7.475901126861572,18600,0.0,0.0
2019-06-17 00:00:00-04:00,7.467775524500664,7.516531747083067,7.378390020545772,7.394642353057861,11800,0.0,0.0
2019-06-18 00:00:00-04:00,7.890326973713878,7.890326973713878,7.2727522793352515,7.492154121398926,12700,0.0,0.0
2019-06-19 00:00:00-04:00,7.451522245618244,7.475899963801185,7.386514480494609,7.427144527435303,34900,0.0,0.0
2019-06-20 00:00:00-04:00,7.394643798799485,7.394643798799485,7.289005941679033,7.321509838104248,23300,0.0,0.0
2019-06-21 00:00:00-04:00,7.264625259364167,7.443397023563268,7.232121372687402,7.280877590179443,39200,0.0,0.0
2019-06-24 00:00:00-04:00,7.890323293152391,7.890323293152391,6.907080095603617,6.955836296081543,45300,0.0,0.0
2019-06-25 00:00:00-04:00,6.996466863365828,7.2158686439886806,6.947711428752079,7.158987045288086,23800,0.0,0.0
2019-06-26 00:00:00-04:00,7.1427371016991685,7.1914933275437205,7.069603150409299,7.085855484008789,17300,0.0,0.0
2019-06-27 00:00:00-04:00,7.061476146152905,7.402767361727541,7.061476146152905,7.272751808166504,62700,0.0,0.0
2019-06-28 00:00:00-04:00,7.297129638130696,7.646547024684597,7.297129638130696,7.589665412902832,221800,0.0,0.0
2019-07-01 00:00:00-04:00,7.589665222835009,7.662799164696551,7.540909003276042,7.630295276641846,21700,0.0,0.0
2019-07-02 00:00:00-04:00,7.540908327708039,7.605916097993593,7.484026722446617,7.524656772613525,39600,0.0,0.0
2019-07-03 00:00:00-04:00,7.589665050304162,7.768436818018051,7.540908831853537,7.703428268432617,30700,0.0,0.0
2019-07-05 00:00:00-04:00,7.695301550624685,7.784687031588581,7.670923058126985,7.768435478210449,10700,0.0,0.0
2019-07-08 00:00:00-04:00,7.638421530828985,7.7440593726857285,7.638421530828985,7.711555480957031,18100,0.0,0.0
2019-07-09 00:00:00-04:00,7.638420867522689,7.719680977264908,7.60591697861657,7.679050922393799,18900,0.0,0.0
2019-07-10 00:00:00-04:00,7.6871761227897135,7.735932337501653,7.581538303375296,7.6059160232543945,18500,0.0,0.0
2019-07-11 00:00:00-04:00,7.61404275894165,7.646546646201497,7.532783428268935,7.61404275894165,20300,0.0,0.0
2019-07-12 00:00:00-04:00,7.61404275894165,7.670924367907931,7.597791202788628,7.61404275894165,58600,0.0,0.0
2019-07-15 00:00:00-04:00,7.581539246947197,7.646547024684597,7.557161524034132,7.589665412902832,15200,0.0,0.0
2019-07-16 00:00:00-04:00,7.5652880687534845,7.638421241154164,7.492154121398926,7.492154121398926,30500,0.0,0.0
2019-07-17 00:00:00-04:00,7.4190190347885965,7.475900640683524,7.386515149283815,7.402766704559326,23600,0.0,0.0
2019-07-18 00:00:00-04:00,7.39464131439845,7.4190190347885965,7.37838898416918,7.402766704559326,12600,0.0,0.0
2019-07-19 00:00:00-04:00,7.36213990237427,7.419021527379891,7.313383670259439,7.321509838104248,15100,0.0,0.0
2019-07-22 00:00:00-04:00,7.3946420672376,7.557161511307405,7.289004234853767,7.3540120124816895,19700,0.0,0.0
2019-07-23 00:00:00-04:00,7.362137326633573,7.37838888168335,7.313381111576746,7.37838888168335,24800,0.0,0.0
2019-07-24 00:00:00-04:00,7.313381968317805,7.589665411113537,7.313381968317805,7.516531467437744,39000,0.0,0.0
2019-07-25 00:00:00-04:00,7.597790211371349,7.597790211371349,7.435270021325183,7.451522350311279,16600,0.0,0.0
2019-07-26 00:00:00-04:00,7.443396791012895,7.744057927118011,7.443396791012895,7.638420104980469,27500,0.0,0.0
2019-07-29 00:00:00-04:00,7.70342699241834,7.70342699241834,7.557159911202102,7.573411464691162,45800,0.0,0.0
2019-07-30 00:00:00-04:00,7.565287315528781,7.654672811754908,7.55716114997537,7.61404275894165,27700,0.0,0.0
2019-07-31 00:00:00-04:00,7.614043135815897,7.670924747597661,7.573413080991562,7.589665412902832,50800,0.0,0.0
2019-08-01 00:00:00-04:00,7.573412789717363,7.711554505834852,7.475901126861572,7.475901126861572,41900,0.0,0.0
2019-08-02 00:00:00-04:00,7.45152406393826,7.45152406393826,7.2402483882541375,7.256500720977783,39100,0.0,0.0
2019-08-05 00:00:00-04:00,7.167113964050908,7.215870184024035,7.061476133237322,7.110232353210449,39400,0.0,0.0
2019-08-06 00:00:00-04:00,7.126578567349325,7.175614220439171,7.003987875809403,7.110232830047607,22100,0.05,0.0
2019-08-07 00:00:00-04:00,7.069367774647806,7.13474915124467,7.028504998830382,7.093886375427246,19100,0.0,0.0
2019-08-08 00:00:00-04:00,7.167441481997157,7.265513558701518,7.1347500103547885,7.142922878265381,26600,0.0,0.0
2019-08-09 00:00:00-04:00,7.151095771250922,7.151095771250922,7.044850826263428,7.044850826263428,17600,0.0,0.0
2019-08-12 00:00:00-04:00,7.020332264871696,7.290030643293827,7.020332264871696,7.257339954376221,16200,0.0,0.0
2019-08-13 00:00:00-04:00,7.167442065302471,7.3308955397786795,7.1429234595753055,7.306376934051514,9900,0.0,0.0
2019-08-14 00:00:00-04:00,7.16743985165532,7.20013053645412,7.118403434753418,7.118403434753418,22800,0.0,0.0
2019-08-15 00:00:00-04:00,7.200132826391747,7.232823521587529,7.110232830047607,7.110232830047607,12500,0.0,0.0
2019-08-16 00:00:00-04:00,7.1510965299831195,7.26551435504961,7.110232965358825,7.175614356994629,74800,0.0,0.0
2019-08-19 00:00:00-04:00,7.2736857208359345,7.371758577940668,6.971296619751181,7.0039873123168945,64500,0.0,0.0
2019-08-20 00:00:00-04:00,7.012157978036222,7.216474937255009,6.995813026590538,7.200129985809326,21200,0.0,0.0
2019-08-21 00:00:00-04:00,7.28185777621255,7.339066286966485,7.208303531296059,7.257339954376221,24600,0.0,0.0
2019-08-22 00:00:00-04:00,7.290030643293827,7.35541202112904,7.2001314436222845,7.257339954376221,21100,0.0,0.0
2019-08-23 00:00:00-04:00,7.077541181942878,7.2982039293604615,6.954951286315918,6.954951286315918,37100,0.0,0.0
2019-08-26 00:00:00-04:00,7.0448505704396025,7.191959070373725,6.995814923399933,7.159268379211426,21400,0.0,0.0
2019-08-27 00:00:00-04:00,7.159268084585284,7.232822331525359,7.020332458011258,7.028505325317383,23400,0.0,0.0
2019-08-28 00:00:00-04:00,7.06936850601285,7.1592684926898045,7.06936850601285,7.134749889373779,21000,0.0,0.0
2019-08-29 00:00:00-04:00,7.2246488301814,7.339065844795772,7.216475963592529,7.216475963592529,17200,0.0,0.0
2019-08-30 00:00:00-04:00,7.240992440700933,7.306373802468326,7.1674389932680995,7.2655110359191895,25700,0.0,0.0
2019-09-03 00:00:00-04:00,7.232823438290267,7.330895522748159,7.1674420486516714,7.249168395996094,37100,0.0,0.0
2019-09-04 00:00:00-04:00,7.339067453015126,7.339067453015126,7.11840546261385,7.126578330993652,27900,0.0,0.0
2019-09-05 00:00:00-04:00,7.24099532163735,7.24099532163735,7.110232546076672,7.1674418449401855,46100,0.0,0.0
2019-09-06 00:00:00-04:00,7.208303755779691,7.208303755779691,7.061196040772931,7.085713863372803,40500,0.0,0.0
2019-09-09 00:00:00-04:00,7.077541061313296,7.388103008270264,7.036677503664938,7.388103008270264,40200,0.0,0.0
2019-09-10 00:00:00-04:00,7.453484309449505,7.633283493544933,7.437139354208571,7.625110626220703,35700,0.0,0.0
2019-09-11 00:00:00-04:00,7.682319875716833,7.894809770087931,7.551557103613882,7.853946208953857,42300,0.0,0.0
2019-09-12 00:00:00-04:00,7.780392272225995,8.04191780090332,7.747700801733774,8.04191780090332,116800,0.0,0.0
2019-09-13 00:00:00-04:00,8.123644207735456,8.164507766789376,7.984709354004224,8.058262825012207,45300,0.0,0.0
2019-09-16 00:00:00-04:00,8.033746494277468,8.197199981460628,7.894810835319855,8.107300758361816,41400,0.0,0.0
2019-09-17 00:00:00-04:00,8.050089513442519,8.139988706174089,7.968362407753862,8.115470886230469,28400,0.0,0.0
2019-09-18 00:00:00-04:00,8.139990565430628,8.246235515330332,8.017400658304304,8.123644828796387,43300,0.0,0.0
2019-09-19 00:00:00-04:00,8.041917610784818,8.254407487515461,8.00922692047299,8.017399787902832,43300,0.0,0.0
2019-09-20 00:00:00-04:00,7.984709097591005,8.156334637172444,7.9193269375598145,8.017399787902832,166600,0.0,0.0
2019-09-23 00:00:00-04:00,7.93567054699189,8.11546968525472,7.93567054699189,8.09912395477295,28600,0.0,0.0
2019-09-24 00:00:00-04:00,8.099124140732084,8.099124140732084,7.92749786376953,7.927497863769531,18800,0.0,0.0
2019-09-25 00:00:00-04:00,8.033745457009756,8.033745457009756,7.878464859086555,8.001054763793945,41600,0.0,0.0
2019-09-26 00:00:00-04:00,8.001056360628553,8.001056360628553,7.89481139162111,7.911157131195068,22900,0.0,0.0
2019-09-27 00:00:00-04:00,7.919328247898656,8.009228245686764,7.813084071361619,7.821256160736084,51100,0.0,0.0
2019-09-30 00:00:00-04:00,7.7967356406172295,7.8948076939033545,7.772217822147547,7.788562774658203,41500,0.0,0.0
2019-10-01 00:00:00-04:00,7.845774025358932,7.919327499221517,7.723183343439441,7.747701168060303,22200,0.0,0.0
2019-10-02 00:00:00-04:00,7.723181999912305,7.821254060742697,7.633282805669643,7.796736240386963,34700,0.0,0.0
2019-10-03 00:00:00-04:00,7.739527741963064,7.764045562346913,7.543382840669896,7.69866418838501,17500,0.0,0.0
2019-10-04 00:00:00-04:00,7.772218867996349,7.772218867996349,7.665973934454619,7.739528179168701,20900,0.0,0.0
2019-10-07 00:00:00-04:00,7.804909871205218,7.829427693961654,7.690492065995959,7.772219181060791,13200,0.0,0.0
2019-10-08 00:00:00-04:00,7.698665768584261,7.747701419416834,7.608766555786133,7.608766555786133,14300,0.0,0.0
2019-10-09 00:00:00-04:00,7.674147484790864,7.7558738244328405,7.657801749217926,7.6659746170043945,15200,0.0,0.0
2019-10-10 00:00:00-04:00,7.715009142171757,7.796736249327865,7.690491321787907,7.69866418838501,16000,0.0,0.0
2019-10-11 00:00:00-04:00,7.788563780722469,7.927499402342919,7.755873092071039,7.780391693115234,22600,0.0,0.0
2019-10-14 00:00:00-04:00,7.747699952095632,7.747699952095632,7.682318577096236,7.706837177276611,6500,0.0,0.0
2019-10-15 00:00:00-04:00,7.690491756223479,7.780391735055137,7.600592556799324,7.739528179168701,15200,0.0,0.0
2019-10-16 00:00:00-04:00,7.682319949664961,7.7477013363457825,7.682319949664961,7.715010643005371,21100,0.0,0.0
2019-10-17 00:00:00-04:00,7.7231836318969735,7.76404719406304,7.698665806360381,7.723183631896973,20100,0.0,0.0
2019-10-18 00:00:00-04:00,7.674146801513406,7.780391735055137,7.633283245626972,7.739528179168701,50500,0.0,0.0
2019-10-21 00:00:00-04:00,7.829427050018495,7.886635558214157,7.6986643001955715,7.8049092292785645,38400,0.0,0.0
2019-10-22 00:00:00-04:00,7.772219059429278,7.821254704174767,7.665974123270692,7.7640461921691895,17500,0.0,0.0
2019-10-23 00:00:00-04:00,7.674146359200837,7.796736240386963,7.518865011663792,7.796736240386963,16900,0.0,0.0
2019-10-24 00:00:00-04:00,7.739528990404384,7.755873946827689,7.657801870065107,7.674147605895996,18600,0.0,0.0
2019-10-25 00:00:00-04:00,7.592420737830734,7.764047072719792,7.592420737830734,7.715010643005371,12200,0.0,0.0
2019-10-28 00:00:00-04:00,7.7640469040792714,7.813083332728587,7.682319782799611,7.747701168060303,16200,0.0,0.0
2019-10-29 00:00:00-04:00,7.764047824984545,7.902983479994778,7.723184259497827,7.87846565246582,12800,0.0,0.0
2019-10-30 00:00:00-04:00,7.845773885715423,7.886636666220363,7.755873898026369,7.870291709899902,15000,0.0,0.0
2019-10-31 00:00:00-04:00,7.81308126449585,7.821253350934476,7.755871982981154,7.81308126449585,21900,0.0,0.0
2019-11-01 00:00:00-04:00,7.821256295118031,7.960191949170734,7.821256295118031,7.8866376876831055,17200,0.0,0.0
2019-11-04 00:00:00-05:00,7.968363976620565,7.968363976620565,7.723183390689182,7.894809722900391,44700,0.0,0.0
2019-11-05 00:00:00-05:00,7.919455051422119,7.985176605088467,7.861948104367025,7.919455051422119,31500,0.05,0.0
2019-11-06 00:00:00-05:00,7.878379724463489,7.927670503236996,7.8455189441268836,7.894809722900391,23600,0.0,0.0
2019-11-07 00:00:00-05:00,7.952313860636478,7.993389233917741,7.894806927810164,7.944098472595215,21100,0.0,0.0
2019-11-08 00:00:00-05:00,7.968745212057269,7.968745212057269,7.911239052887744,7.927669048309326,18400,0.0,0.0
2019-11-11 00:00:00-05:00,7.853733948028215,7.9523162841796875,7.853733948028215,7.9523162841796875,15600,0.0,0.0
2019-11-12 00:00:00-05:00,7.9194549524880316,8.034467278235985,7.9194549524880316,8.009821891784668,19900,0.0,0.0
2019-11-13 00:00:00-05:00,7.935886824997113,8.141266922055891,7.935886824997113,8.124836921691895,24800,0.0,0.0
2019-11-14 00:00:00-05:00,8.08375693544658,8.157693860892895,7.92766769651269,7.944098472595215,39300,0.0,0.0
2019-11-15 00:00:00-05:00,7.993391528607891,8.067328475279536,7.9523161435349765,8.034467697143555,25400,0.0,0.0
2019-11-18 00:00:00-05:00,8.042684087890933,8.108405652337332,7.9769625234445325,8.083760261535645,17500,0.0,0.0
2019-11-19 00:00:00-05:00,8.141263445961854,8.165908827716402,8.100187287395903,8.133048057556152,26400,0.0,0.0
2019-11-20 00:00:00-05:00,8.17412521127815,8.215201374844906,7.960529787501145,8.067327499389648,51400,0.0,0.0
2019-11-21 00:00:00-05:00,8.050898477942921,8.149480812350864,8.01803769980694,8.034467697143555,18200,0.0,0.0
2019-11-22 00:00:00-05:00,8.083756896904388,8.083756896904388,8.042680740356445,8.042680740356445,3800,0.0,0.0
2019-11-25 00:00:00-05:00,8.075541905641355,8.190554992933508,8.034465747075402,8.133048057556152,37500,0.0,0.0
2019-11-26 00:00:00-05:00,8.124835454211347,8.206987008119183,8.108404673352128,8.116620063781738,19400,0.0,0.0
2019-11-27 00:00:00-05:00,8.174125691557954,8.190556471335126,8.07554336328302,8.141264915466309,9900,0.0,0.0
2019-11-29 00:00:00-05:00,8.124834094339532,8.133048699931491,7.927668674342689,8.059112548828125,24000,0.0,0.0
2019-12-02 00:00:00-05:00,8.026255025714178,8.026255025714178,7.935887276451252,8.001608848571777,14100,0.0,0.0
2019-12-03 00:00:00-05:00,7.927671036718403,8.009823384819644,7.919456428678563,7.985177993774414,12500,0.0,0.0
2019-12-04 00:00:00-05:00,8.05090041939364,8.100191206752564,7.993393456190977,8.001608848571777,15200,0.0,0.0
2019-12-05 00:00:00-05:00,8.009824240952577,8.091976597834703,8.001608848571777,8.001608848571777,20000,0.0,0.0
2019-12-06 00:00:00-05:00,8.116620034214883,8.124835424614567,8.009822309407257,8.034467697143555,26000,0.0,0.0
2019-12-09 00:00:00-05:00,7.985178847273115,8.034469634632039,7.853735703032067,8.001608848571777,118300,0.0,0.0
2019-12-10 00:00:00-05:00,7.985177017490209,8.050898574550807,7.927670067465116,8.018037796020508,40400,0.0,0.0
2019-12-11 00:00:00-05:00,7.993391513824463,8.009822294593441,7.927669957674049,7.993391513824463,16100,0.0,0.0
2019-12-12 00:00:00-05:00,7.95231851092966,8.157698631286621,7.95231851092966,8.157698631286621,28000,0.0,0.0
2019-12-13 00:00:00-05:00,8.100191728893178,8.12483790762428,8.001609364357744,8.0919771194458,30100,0.0,0.0
2019-12-16 00:00:00-05:00,8.133049047711395,8.157695215929042,8.001605951067901,8.067327499389648,109800,0.0,0.0
2019-12-17 00:00:00-05:00,8.042681121456152,8.174124201867938,8.042681121456152,8.165908813476562,21800,0.0,0.0
2019-12-18 00:00:00-05:00,8.18234108144654,8.18234108144654,8.133049525577722,8.141264915466309,37200,0.0,0.0
2019-12-19 00:00:00-05:00,8.157697705882782,8.17412770624678,8.108406137865002,8.124836921691895,55400,0.0,0.0
2019-12-20 00:00:00-05:00,8.12483543194362,8.165910817053586,8.001606926225467,8.149480819702148,141200,0.0,0.0
2019-12-23 00:00:00-05:00,8.116622579956429,8.116622579956429,7.993394035699367,8.02625560760498,20700,0.0,0.0
2019-12-24 00:00:00-05:00,8.009822309407257,8.091974646478585,8.009822309407257,8.034467697143555,8700,0.0,0.0
2019-12-26 00:00:00-05:00,8.059114010876138,8.059114010876138,7.935885503089726,7.9523162841796875,14500,0.0,0.0
2019-12-27 00:00:00-05:00,8.001607454860059,8.001607454860059,7.861948942563785,7.894809722900391,22500,0.0,0.0
2019-12-30 00:00:00-05:00,7.878378278581922,7.993390596920971,7.878378278581922,7.927669048309326,17000,0.0,0.0
2019-12-31 00:00:00-05:00,7.9440999218837876,8.03446685643627,7.89480836810619,7.911239147186279,15900,0.0,0.0
2020-01-02 00:00:00-05:00,7.911239607331029,7.952315773957713,7.796226497468858,7.870163440704346,14800,0.0,0.0
2020-01-03 00:00:00-05:00,7.77979614209148,7.861947688093303,7.746935366998216,7.8208723068237305,22000,0.0,0.0
2020-01-06 00:00:00-05:00,7.730505990699147,7.8455191161301885,7.6237082563980705,7.779797554016113,30600,0.0,0.0
2020-01-07 00:00:00-05:00,7.788014000883025,7.788014000883025,7.6812170248238365,7.722292423248291,9900,0.0,0.0
2020-01-08 00:00:00-05:00,7.6976452096421095,7.804442943943187,7.6976452096421095,7.779797554016113,8900,0.0,0.0
2020-01-09 00:00:00-05:00,7.8290869130000385,7.8290869130000385,7.771580752452495,7.8208723068237305,12600,0.0,0.0
2020-01-10 00:00:00-05:00,7.788010192392705,7.788010192392705,7.681213268559314,7.730504035949707,26200,0.0,0.0
2020-01-13 00:00:00-05:00,7.705858200786507,7.771579742431641,7.689427423643934,7.771579742431641,9000,0.0,0.0
2020-01-14 00:00:00-05:00,7.746935753181866,7.7880111364990405,7.681214199719127,7.689428806304932,21700,0.0,0.0
2020-01-15 00:00:00-05:00,7.640140842936376,7.722292423248291,7.640140842936376,7.722292423248291,15300,0.0,0.0
2020-01-16 00:00:00-05:00,7.796225109796453,7.853732046223071,7.7880097212408534,7.804440498352051,15300,0.0,0.0
2020-01-17 00:00:00-05:00,7.878378860107344,7.878378860107344,7.681214199719127,7.689428806304932,30700,0.0,0.0
2020-01-21 00:00:00-05:00,7.648352967450822,7.705859127439965,7.631922188332398,7.656567573547363,22900,0.0,0.0
2020-01-22 00:00:00-05:00,7.54155627500173,7.664784001229261,7.500480105104961,7.599062442779541,13800,0.0,0.0
2020-01-23 00:00:00-05:00,7.566200218051354,7.62370637484276,7.475833288313056,7.557984828948975,56800,0.0,0.0
2020-01-24 00:00:00-05:00,7.525126027032548,7.64013915420298,7.401898292070738,7.574417591094971,27400,0.0,0.0
2020-01-27 00:00:00-05:00,7.51690917947037,7.566200733983165,7.475833798082834,7.4922637939453125,29700,0.0,0.0
2020-01-28 00:00:00-05:00,7.500480529007273,7.549771308898926,7.426543575706972,7.549771308898926,13800,0.0,0.0
2020-01-29 00:00:00-05:00,7.557987876335661,7.557987876335661,7.377253160524057,7.401899337768555,18500,0.0,0.0
2020-01-30 00:00:00-05:00,7.360822134103657,7.516910650934181,7.360822134103657,7.500480651855469,16900,0.0,0.0
2020-01-31 00:00:00-05:00,7.442973967237645,7.525125523898542,7.352606236409044,7.377251625061035,53500,0.0,0.0
2020-02-03 00:00:00-05:00,7.442974479885723,7.582632214174701,7.442974479885723,7.500480651855469,30200,0.0,0.0
2020-02-04 00:00:00-05:00,7.582630212793487,7.64013715304752,7.541554834206841,7.557984828948975,33200,0.0,0.0
2020-02-05 00:00:00-05:00,7.640140470854057,7.705862045288086,7.615495076307038,7.705862045288086,18300,0.0,0.0
2020-02-06 00:00:00-05:00,7.746934860990578,7.746934860990578,7.557984828948975,7.557984828948975,34300,0.0,0.0
2020-02-07 00:00:00-05:00,7.541554834206841,7.689427920736545,7.516908666899702,7.557984828948975,37400,0.0,0.0
2020-02-10 00:00:00-05:00,7.574417977586165,7.640139544047674,7.5333418026820045,7.631924152374268,12400,0.0,0.0
2020-02-11 00:00:00-05:00,7.631924566971443,7.755819921995834,7.631924566971443,7.67322301864624,38000,0.05,0.0
2020-02-12 00:00:00-05:00,7.747557041221855,7.772335787445738,7.598882988474274,7.68973970413208,12600,0.0,0.0
2020-02-13 00:00:00-05:00,7.739297817435196,7.7805962562561035,7.6814804757072475,7.7805962562561035,14700,0.0,0.0
2020-02-14 00:00:00-05:00,7.797118177074296,7.797118177074296,7.6980023581621975,7.764079570770264,31000,0.0,0.0
2020-02-18 00:00:00-05:00,7.788856101560725,7.805375004467766,7.731037972130574,7.7805962562561035,18900,0.0,0.0
2020-02-19 00:00:00-05:00,7.797117233276367,7.871454285387978,7.780598325975127,7.797117233276367,36100,0.0,0.0
2020-02-20 00:00:00-05:00,7.747557850170361,7.863193324125938,7.747557850170361,7.830153942108154,14300,0.0,0.0
2020-02-21 00:00:00-05:00,7.854935378086739,7.871454285387978,7.7723384784733005,7.797117233276367,27500,0.0,0.0
2020-02-24 00:00:00-05:00,7.574105273508639,7.7888565372276295,7.574105273508639,7.714519500732422,25500,0.0,0.0
2020-02-25 00:00:00-05:00,7.764077116995447,7.764077116995447,7.474989600124598,7.524547100067139,37600,0.0,0.0
2020-02-26 00:00:00-05:00,7.640183100288458,7.706260296518011,7.508028707829353,7.590624809265137,46100,0.0,0.0
2020-02-27 00:00:00-05:00,7.491509736641445,7.698001191677449,7.425432534046116,7.441952228546143,49300,0.0,0.0
2020-02-28 00:00:00-05:00,7.351094538616386,7.441951271274693,7.12808420546896,7.301537036895752,207900,0.0,0.0
2020-03-02 00:00:00-05:00,7.400653779998464,7.441952228546143,7.293278128855455,7.441952228546143,222900,0.0,0.0
2020-03-03 00:00:00-05:00,7.392392862384463,7.474989747520399,7.028968300731345,7.103305339813232,68200,0.0,0.0
2020-03-04 00:00:00-05:00,7.1280842722918685,7.1280842722918685,6.7976975110138245,7.012448787689209,83900,0.0,0.0
2020-03-05 00:00:00-05:00,6.797697490037611,6.93811172529959,6.632504503759486,6.838995933532715,39800,0.0,0.0
2020-03-06 00:00:00-05:00,6.615986158265425,6.880294958653778,6.5086105111820665,6.558168411254883,35500,0.0,0.0
2020-03-09 00:00:00-04:00,6.310377213266951,6.310377213266951,5.946952293968181,5.988250732421875,63500,0.0,0.0
2020-03-10 00:00:00-04:00,6.136924650455916,6.145184496021601,5.6496051837628345,5.7569804191589355,556000,0.0,0.0
2020-03-11 00:00:00-04:00,5.5752679503757525,5.732201465870683,5.426594280152129,5.459632873535156,86200,0.0,0.0
2020-03-12 00:00:00-04:00,5.253141410551781,5.459632813864418,4.906235789970377,4.931014537811279,103100,0.0,0.0
2020-03-13 00:00:00-04:00,5.154025756632492,5.682644085916184,5.087948563934813,5.35225772857666,122000,0.0,0.0
2020-03-16 00:00:00-04:00,3.8572594768962265,5.847836478797692,3.6755468214244926,4.931014537811279,65000,0.0,0.0
2020-03-17 00:00:00-04:00,5.14576623457937,6.492090395987313,4.931014967377604,6.128665447235107,109200,0.0,0.0
2020-03-18 00:00:00-04:00,5.856096294857417,6.351675581573099,5.633085596142805,5.674383640289307,102000,0.0,0.0
2020-03-19 00:00:00-04:00,5.740461276974836,6.1369248162637495,5.39355602471677,5.996510982513428,179100,0.0,0.0
2020-03-20 00:00:00-04:00,5.988251869895852,6.0212904693940805,4.91449620464992,5.418335437774658,105200,0.0,0.0
2020-03-23 00:00:00-04:00,5.533970298044228,5.533970298044228,4.460215072823563,4.567590713500977,71600,0.0,0.0
2020-03-24 00:00:00-04:00,4.633668084122906,6.046069583594321,4.633668084122906,5.666125297546387,86100,0.0,0.0
2020-03-25 00:00:00-04:00,5.740460945455581,6.161703603932595,5.195323758109894,5.385295867919922,70000,0.0,0.0
2020-03-26 00:00:00-04:00,5.575267813384474,5.864355695308266,5.145765716107418,5.823057651519775,71800,0.0,0.0
2020-03-27 00:00:00-04:00,5.790019988713668,5.814798740195532,5.2201035845658055,5.228363037109375,43600,0.0,0.0
2020-03-30 00:00:00-04:00,5.335738623124814,5.51745090960673,5.1788050878739496,5.410075664520264,37800,0.0,0.0
2020-03-31 00:00:00-04:00,5.310958590075106,5.600046861011576,4.964053373883294,5.583527565002441,79900,0.0,0.0
2020-04-01 00:00:00-04:00,5.269661876832015,5.393556825092245,4.55933118147772,4.8897175788879395,61600,0.0,0.0
2020-04-02 00:00:00-04:00,4.881455825171668,5.1375050748424105,4.5015116756341715,4.708003044128418,58200,0.0,0.0
2020-04-03 00:00:00-04:00,4.608889338658335,4.749303594915507,4.319801372520675,4.418917179107666,53000,0.0,0.0
2020-04-06 00:00:00-04:00,4.575849186243384,4.922754785623385,4.575849186243384,4.84841775894165,82700,0.0,0.0
2020-04-07 00:00:00-04:00,4.9392749744212,5.038390765355129,4.575850013812316,4.716264247894287,50200,0.0,0.0
2020-04-08 00:00:00-04:00,4.798862622660067,5.021873436661437,4.418918214531615,4.823641777038574,63900,0.0,0.0
2020-04-09 00:00:00-04:00,4.9557944253427575,5.170545706156164,4.708004546535157,5.120987415313721,95100,0.0,0.0
2020-04-13 00:00:00-04:00,5.063170484620899,5.063170484620899,4.592369833478017,4.674966335296631,48700,0.0,0.0
2020-04-14 00:00:00-04:00,4.831899016326426,4.831899016326426,4.460214628090208,4.600628852844238,94800,0.0,0.0
2020-04-15 00:00:00-04:00,4.3776176102817885,4.542810564165563,4.261982148712077,4.394136905670166,49900,0.0,0.0
2020-04-16 00:00:00-04:00,4.361099223654998,4.402397273806055,4.0885302021725005,4.187646389007568,57400,0.0,0.0
2020-04-17 00:00:00-04:00,4.295020671185476,4.641926262675661,4.295020671185476,4.608887672424316,94100,0.0,0.0
2020-04-20 00:00:00-04:00,4.468474621648139,4.592369564032434,4.195905984713388,4.3115410804748535,39600,0.0,0.0
2020-04-21 00:00:00-04:00,4.204163903640206,4.344578081036195,4.187644611820147,4.319798946380615,44900,0.0,0.0
2020-04-22 00:00:00-04:00,4.311540233666982,4.427175700568233,4.270242190217466,4.344579219818115,52500,0.0,0.0
2020-04-23 00:00:00-04:00,4.369358786840925,4.518032480083396,4.3032815898442704,4.385878086090088,63700,0.0,0.0
2020-04-24 00:00:00-04:00,4.402398012396421,4.559331574541943,4.3776192569188845,4.551072120666504,32600,0.0,0.0
2020-04-27 00:00:00-04:00,4.650185971357294,4.922754529896171,4.650185971357294,4.831898212432861,43100,0.0,0.0
2020-04-28 00:00:00-04:00,5.01361252714817,5.021871980311555,4.765822630627709,4.8897175788879395,36100,0.0,0.0
2020-04-29 00:00:00-04:00,5.773499838674552,5.773499838674552,5.1457661348834955,5.327478408813477,97000,0.0,0.0
2020-04-30 00:00:00-04:00,5.211843584431078,5.244882181333086,4.889717067710926,4.964054107666016,60300,0.0,0.0
2020-05-01 00:00:00-04:00,4.906236316228995,4.906236316228995,4.542811360154499,4.617148399353027,92800,0.0,0.0
2020-05-04 00:00:00-04:00,4.551070535573512,4.749302085756572,4.484992958328078,4.559329986572266,37100,0.0,0.0
2020-05-05 00:00:00-04:00,4.6336678512863445,4.650187150116998,4.187646389007568,4.187646389007568,69400,0.0,0.0
2020-05-06 00:00:00-04:00,4.195905705018554,4.3610990818030455,4.0802706169652065,4.228944301605225,68700,0.0,0.0
2020-05-07 00:00:00-04:00,4.311539776435652,4.369357503754808,4.187645265374818,4.270241737365723,59200,0.0,0.0
2020-05-08 00:00:00-04:00,4.394136980200037,4.5593299368856846,4.352838544103088,4.493252754211426,65000,0.0,0.0
2020-05-11 00:00:00-04:00,4.394137581802355,4.418916331772128,4.195905612788522,4.204165458679199,65300,0.0,0.0
2020-05-12 00:00:00-04:00,4.229189377764952,4.229189377764952,3.853817313556248,3.887183666229248,57600,0.05,0.0
2020-05-13 00:00:00-04:00,3.878843387214675,4.379339218329185,3.845477024990935,4.370997428894043,117800,0.0,0.0
2020-05-14 00:00:00-04:00,4.220848881700727,4.262557034177926,3.9706011601127904,4.045675277709961,60400,0.0,0.0
2020-05-15 00:00:00-04:00,4.070699443087299,4.1290903676887165,3.9956249425902284,4.012308120727539,41700,0.0,0.0
2020-05-18 00:00:00-04:00,4.17079888407625,4.479437906035882,4.020650267442521,4.462754726409912,74600,0.0,0.0
2020-05-19 00:00:00-04:00,4.40436444346299,4.40436444346299,4.095724978415398,4.1207499504089355,39600,0.0,0.0
2020-05-20 00:00:00-04:00,4.23753228511789,4.454414052946943,4.229190892840549,4.412705898284912,39900,0.0,0.0
2020-05-21 00:00:00-04:00,4.3376314576553865,4.512805073999013,4.3292900652267825,4.404364585876465,20300,0.0,0.0
2020-05-22 00:00:00-04:00,4.437728988158835,4.437728988158835,4.24587227406389,4.2875800132751465,21800,0.0,0.0
2020-05-26 00:00:00-04:00,4.5044633539794985,4.646270594778758,4.454413809772422,4.562854290008545,33900,0.0,0.0
2020-05-27 00:00:00-04:00,4.738027141475546,5.105057471821718,4.654611247705588,5.063349723815918,48900,0.0,0.0
2020-05-28 00:00:00-04:00,5.171790663184685,5.171790663184685,4.846468448638916,4.846468448638916,50400,0.0,0.0
2020-05-29 00:00:00-04:00,4.846469124070608,4.846469124070608,4.34597324784244,4.404364585876465,62500,0.0,0.0
2020-06-01 00:00:00-04:00,4.437729628444686,4.7130022584373865,4.370996520113377,4.587878227233887,209300,0.0,0.0
2020-06-02 00:00:00-04:00,4.6045612798779105,4.6045612798779105,4.354313224264352,4.396021366119385,42700,0.0,0.0
2020-06-03 00:00:00-04:00,4.396022099079545,4.788077027300247,4.396022099079545,4.654611587524414,66400,0.0,0.0
2020-06-04 00:00:00-04:00,4.579536025646003,4.821442676247622,4.546169673375081,4.796417713165283,120000,0.0,0.0
2020-06-05 00:00:00-04:00,5.16344874879041,5.380330070595072,5.130082391589692,5.28023099899292,60100,0.0,0.0
2020-06-08 00:00:00-04:00,5.463746185372561,5.713993856317675,5.346963541173168,5.655602931976318,53800,0.0,0.0
2020-06-09 00:00:00-04:00,5.538821138416388,5.613895650108864,5.230182097971502,5.455405235290527,49500,0.0,0.0
2020-06-10 00:00:00-04:00,5.430380314920348,5.505454424039072,5.105057716958501,5.113399505615234,63400,0.0,0.0
2020-06-11 00:00:00-04:00,4.846468941594234,4.904860277429743,4.462755358123023,4.537829875946045,63200,0.0,0.0
2020-06-12 00:00:00-04:00,4.796418982331751,4.904859854785615,4.521146304378403,4.721344470977783,89500,0.0,0.0
2020-06-15 00:00:00-04:00,4.596220338034301,4.654611265011188,4.429388152115755,4.62124490737915,52900,0.0,0.0
2020-06-16 00:00:00-04:00,4.829784065436204,4.896516769978047,4.546169673375081,4.796417713165283,48200,0.0,0.0
2020-06-17 00:00:00-04:00,4.679635825922749,4.687977215727548,4.571194974152096,4.6045613288879395,32000,0.0,0.0
2020-06-18 00:00:00-04:00,4.512804904085559,4.64627075774409,4.512804904085559,4.537829875946045,38600,0.0,0.0
2020-06-19 00:00:00-04:00,4.587879822683066,4.654612556462555,4.437731171679213,4.54617166519165,129900,0.0,0.0
2020-06-22 00:00:00-04:00,4.471097367997476,4.704661927315248,4.471097367997476,4.687978744506836,30700,0.0,0.0
2020-06-23 00:00:00-04:00,4.779735962763055,4.779735962763055,4.5711959999858855,4.579537391662598,35800,0.0,0.0
2020-06-24 00:00:00-04:00,4.554512901994078,4.596221054414053,4.3292897539947415,4.35431432723999,50700,0.0,0.0
2020-06-25 00:00:00-04:00,4.312606493604162,4.4877800941467285,4.279240131382569,4.4877800941467285,38700,0.0,0.0
2020-06-26 00:00:00-04:00,4.404364263691453,4.846468769545073,4.229190660162006,4.671295166015625,220000,0.0,0.0
2020-06-29 00:00:00-04:00,4.771392385951626,4.896516396297822,4.646268773363693,4.879833221435547,54100,0.0,0.0
2020-06-30 00:00:00-04:00,4.854809837399562,4.996616659298882,4.804760300654209,4.829784870147705,66500,0.0,0.0
2020-07-01 00:00:00-04:00,4.838126629745753,4.863151199090602,4.62124490737915,4.62124490737915,34600,0.0,0.0
2020-07-02 00:00:00-04:00,4.76305344773346,4.788078024021535,4.54617166519165,4.54617166519165,16000,0.0,0.0
2020-07-06 00:00:00-04:00,4.704660893282179,4.8214435450319675,4.504462743582598,4.713002681732178,27900,0.0,0.0
2020-07-07 00:00:00-04:00,4.654612315881106,4.679637288634192,4.5044636726379395,4.5044636726379395,35900,0.0,0.0
2020-07-08 00:00:00-04:00,4.504463599886314,4.687978605330677,4.3709977436228815,4.412705898284912,34500,0.0,0.0
2020-07-09 00:00:00-04:00,4.387679462450363,4.47109533863115,4.262555449300047,4.2875800132751465,51600,0.0,0.0
2020-07-10 00:00:00-04:00,4.621244798148798,4.629586586238815,4.337630367221791,4.437729835510254,28900,0.0,0.0
2020-07-13 00:00:00-04:00,4.529486783642179,4.546169960832528,4.396021366119385,4.396021366119385,27000,0.0,0.0
2020-07-14 00:00:00-04:00,4.412705580544228,4.60456236220956,4.295923312761368,4.579537391662598,29700,0.0,0.0
2020-07-15 00:00:00-04:00,4.729687241079416,5.105059080185393,4.729687241079416,5.029984951019287,90700,0.0,0.0
2020-07-16 00:00:00-04:00,4.95490939643546,4.95490939643546,4.612903996282319,4.721344470977783,26700,0.0,0.0
2020-07-17 00:00:00-04:00,4.654612240704429,4.687978605330677,4.379339533658664,4.412705898284912,55500,0.0,0.0
2020-07-20 00:00:00-04:00,4.337630069860787,4.52948680743684,4.337630069860787,4.496120452880859,37800,0.0,0.0
2020-07-21 00:00:00-04:00,4.5545136650941735,4.796420035040768,4.52114729667109,4.704662322998047,23700,0.0,0.0
2020-07-22 00:00:00-04:00,4.704661927315248,4.729686900407094,4.487780550805889,4.687978744506836,20100,0.0,0.0
2020-07-23 00:00:00-04:00,4.64627075774409,4.738028059796189,4.504463511971021,4.537829875946045,12400,0.0,0.0
2020-07-24 00:00:00-04:00,4.579536984358556,4.579536984358556,4.387680617515342,4.471096515655518,31200,0.0,0.0
2020-07-27 00:00:00-04:00,4.446071225841923,4.4877793707753115,4.379338512155179,4.437729835510254,19100,0.0,0.0
2020-07-28 00:00:00-04:00,4.387681249160749,4.4210476132202015,4.32928991317749,4.32928991317749,16700,0.0,0.0
2020-07-29 00:00:00-04:00,4.379338188929036,4.479437252071131,4.270897338312606,4.396021366119385,36200,0.0,0.0
2020-07-30 00:00:00-04:00,4.3126069029490335,4.421047789341429,4.145774678247244,4.187482833862305,50200,0.0,0.0
2020-07-31 00:00:00-04:00,4.170798624665386,4.2375313390186955,4.112407300727064,4.204164981842041,69300,0.0,0.0
2020-08-03 00:00:00-04:00,4.262556000311103,4.295922355096612,4.195823290740086,4.279239177703857,31400,0.0,0.0
2020-08-04 00:00:00-04:00,4.254214920954785,4.2875812812949485,4.1791408090686115,4.229190349578857,23300,0.0,0.0
2020-08-05 00:00:00-04:00,4.304264545559066,4.320947726055094,4.220848643078929,4.312606334686279,23000,0.0,0.0
2020-08-06 00:00:00-04:00,4.279240292046592,4.304264865773127,4.229190746835093,4.237532138824463,11600,0.0,0.0
2020-08-07 00:00:00-04:00,4.195823457322368,4.412704772038779,4.195823457322368,4.337630271911621,29300,0.0,0.0
2020-08-10 00:00:00-04:00,4.379338828280062,4.5795369837917015,4.379338828280062,4.462754726409912,40000,0.0,0.0
2020-08-11 00:00:00-04:00,4.538536415855433,4.538536415855433,4.285927944612795,4.328029155731201,35400,0.05,0.0
2020-08-12 00:00:00-04:00,4.344869753779726,4.437493061367257,4.344869753779726,4.403811931610107,22500,0.0,0.0
2020-08-13 00:00:00-04:00,4.361710748999865,4.38697179956544,4.226986216678874,4.336450099945068,23200,0.0,0.0
2020-08-14 00:00:00-04:00,4.328029524300987,4.403812272882714,4.269087743413662,4.344870090484619,15000,0.0,0.0
2020-08-17 00:00:00-04:00,4.386971909883242,4.386971909883242,4.294348590828002,4.319609642028809,20700,0.0,0.0
2020-08-18 00:00:00-04:00,4.34487047447853,4.353290959069921,4.193305365430722,4.218566417694092,32200,0.0,0.0
2020-08-19 00:00:00-04:00,4.27750966923158,4.3785531098801345,4.243828522348728,4.285930156707764,35300,0.0,0.0
2020-08-20 00:00:00-04:00,4.218566256745412,4.3111891746521,4.218566256745412,4.3111891746521,27300,0.0,0.0
2020-08-21 00:00:00-04:00,4.31960957538531,4.31960957538531,4.142783424240125,4.176464557647705,57700,0.0,0.0
2020-08-24 00:00:00-04:00,4.2522484431724505,4.3364512991587505,4.168045185675263,4.294349670410156,90300,0.0,0.0
2020-08-25 00:00:00-04:00,4.3448713840019355,4.37013244155327,4.277509099212897,4.294349670410156,26200,0.0,0.0
2020-08-26 00:00:00-04:00,4.328028712712611,4.403811447083622,4.226985334558393,4.252246379852295,41100,0.0,0.0
2020-08-27 00:00:00-04:00,4.294348826708208,4.328029962485464,4.252247607742043,4.27750825881958,61200,0.0,0.0
2020-08-28 00:00:00-04:00,4.294350163229972,4.361712455749512,4.235408358030843,4.361712455749512,20300,0.0,0.0
2020-08-31 00:00:00-04:00,4.328029741681569,4.378551442769978,4.25224739080435,4.3111891746521,50900,0.0,0.0
2020-09-01 00:00:00-04:00,4.302768533850465,4.563797489708807,4.285927969005112,4.555377006530762,31100,0.0,0.0
2020-09-02 00:00:00-04:00,4.4374946901719925,4.622740971831896,4.294349635406624,4.589059829711914,32100,0.0,0.0
2020-09-03 00:00:00-04:00,4.597478668251881,4.706942541665197,4.538536489911462,4.622739315032959,39600,0.0,0.0
2020-09-04 00:00:00-04:00,4.706943622939529,4.749044844416357,4.639581347367938,4.690103054046631,38500,0.0,0.0
2020-09-08 00:00:00-04:00,4.597479332769687,4.925870598964436,4.4964359280191175,4.824827194213867,70300,0.0,0.0
2020-09-09 00:00:00-04:00,4.824826976648311,4.892189243444463,4.681681958951099,4.858508110046387,39000,0.0,0.0
2020-09-10 00:00:00-04:00,4.7237839514389135,4.967972388714592,4.7237839514389135,4.951131820678711,39700,0.0,0.0
2020-09-11 00:00:00-04:00,4.942711756367001,4.967972811325111,4.732204437255859,4.732204437255859,35600,0.0,0.0
2020-09-14 00:00:00-04:00,4.656421536169222,4.917450533457435,4.656421536169222,4.816406726837158,20800,0.0,0.0
2020-09-15 00:00:00-04:00,4.9427126328309825,4.9427126328309825,4.7490458488464355,4.7490458488464355,26500,0.0,0.0
2020-09-16 00:00:00-04:00,4.7153639793396,4.782726258807031,4.673262755427884,4.7153639793396,29000,0.0,0.0
2020-09-17 00:00:00-04:00,4.647999917262508,5.052173840568409,4.429072592956776,5.010072231292725,44700,0.0,0.0
2020-09-18 00:00:00-04:00,5.085856643677931,5.675276958745643,5.069016074719163,5.355306148529053,125800,0.0,0.0
2020-09-21 00:00:00-04:00,5.136377570638264,5.161638620996154,4.71536300908577,4.723783493041992,41000,0.0,0.0
2020-09-22 00:00:00-04:00,4.816407122831956,4.942711590358687,4.580639158192169,4.605899810791016,42000,0.0,0.0
2020-09-23 00:00:00-04:00,4.538537707390346,4.681682749251428,4.513277053833008,4.513277053833008,39700,0.0,0.0
2020-09-24 00:00:00-04:00,4.4795960442810685,4.681682884626704,4.4795960442810685,4.488016128540039,22900,0.0,0.0
2020-09-25 00:00:00-04:00,4.471175529799829,4.5469582951982375,4.40381325011718,4.420653820037842,50600,0.0,0.0
2020-09-28 00:00:00-04:00,4.412232689216178,4.8837693810737655,4.412232689216178,4.824827194213867,48700,0.0,0.0
2020-09-29 00:00:00-04:00,4.698523409472742,4.749045119073315,4.631161130005311,4.7153639793396,23900,0.0,0.0
2020-09-30 00:00:00-04:00,4.6816827109627495,4.807987182249021,4.6816827109627495,4.740624904632568,30900,0.0,0.0
2020-10-01 00:00:00-04:00,4.698523078367965,4.8164070591286885,4.698523078367965,4.765885353088379,38000,0.0,0.0
2020-10-02 00:00:00-04:00,4.732204479132907,4.976392939341879,4.72378439507959,4.875349521636963,61300,0.0,0.0
2020-10-05 00:00:00-04:00,5.052176062113379,5.363726822914425,5.035335491300102,5.338466167449951,38300,0.0,0.0
2020-10-06 00:00:00-04:00,5.422668440063457,5.810001928747334,5.355306164033362,5.725799083709717,122800,0.0,0.0
2020-10-07 00:00:00-04:00,5.8352622080108105,6.045769507886521,5.8352622080108105,5.92788553237915,58600,0.0,0.0
2020-10-08 00:00:00-04:00,5.9952477664683475,5.9952477664683475,5.734218764442118,5.860523223876953,58600,0.0,0.0
2020-10-09 00:00:00-04:00,5.810002326965332,5.860524037450665,5.574233943189583,5.810002326965332,28600,0.0,0.0
2020-10-12 00:00:00-04:00,5.8100016296793715,5.894204470382675,5.767900008572312,5.843682765960693,17700,0.0,0.0
2020-10-13 00:00:00-04:00,5.767900560500031,5.88578454876492,5.708958767123013,5.7594804763793945,42900,0.0,0.0
2020-10-14 00:00:00-04:00,5.751060580284065,5.8521040091547,5.717379437327186,5.742640495300293,14500,0.0,0.0
2020-10-15 00:00:00-04:00,5.650015889035342,5.885783837056065,5.650015889035342,5.793160915374756,25700,0.0,0.0
2020-10-16 00:00:00-04:00,5.742639212227457,5.835262133908768,5.708958076795926,5.793160915374756,26300,0.0,0.0
2020-10-19 00:00:00-04:00,5.801580587234919,5.85210228680101,5.708957672119141,5.708957672119141,9400,0.0,0.0
2020-10-20 00:00:00-04:00,5.8268422370729045,5.8268422370729045,5.650016069649359,5.692117691040039,17600,0.0,0.0
2020-10-21 00:00:00-04:00,5.717378839938141,5.801581688532274,5.683697700500488,5.683697700500488,49700,0.0,0.0
2020-10-22 00:00:00-04:00,5.7257993368751405,5.8942050343964105,5.708958767123013,5.7594804763793945,99100,0.0,0.0
2020-10-23 00:00:00-04:00,5.818422741171286,5.818422741171286,5.60791540145874,5.60791540145874,84200,0.0,0.0
2020-10-26 00:00:00-04:00,5.5573934981970305,5.582654554764084,5.422668933868408,5.422668933868408,19400,0.0,0.0
2020-10-27 00:00:00-04:00,5.380566730029307,5.414247867501257,4.833247643843883,4.841668128967285,50400,0.0,0.0
2020-10-28 00:00:00-04:00,4.8500885449329765,4.883769681924665,4.664841889967868,4.706943511962891,55500,0.0,0.0
2020-10-29 00:00:00-04:00,4.6732620870880135,4.841667761672295,4.639580952171157,4.824827194213867,86800,0.0,0.0
2020-10-30 00:00:00-04:00,4.850089073181152,4.934291924831339,4.782726390350136,4.850089073181152,95300,0.0,0.0
2020-11-02 00:00:00-05:00,4.909030274232616,4.959551979105942,4.816406947876108,4.866929054260254,141500,0.0,0.0
2020-11-03 00:00:00-05:00,4.909030580034903,5.052175620181789,4.799566678568362,4.95955228805542,93000,0.0,0.0
2020-11-04 00:00:00-05:00,4.883769751562637,4.925870972647159,4.706943579079487,4.841668128967285,61300,0.0,0.0
2020-11-05 00:00:00-05:00,4.850089797001389,4.925872174040773,4.807988164137677,4.883770942687988,36200,0.0,0.0
2020-11-06 00:00:00-05:00,4.934291051516313,4.993232836483965,4.807986595640093,4.9763922691345215,43600,0.0,0.0
2020-11-09 00:00:00-05:00,5.316078047763149,5.6642555411692594,5.307585716247559,5.307585716247559,86600,0.05,0.0
2020-11-10 00:00:00-05:00,5.375523284420752,5.715208885105445,5.171712166971953,5.545366287231445,71000,0.0,0.0
2020-11-11 00:00:00-05:00,5.519890602061772,5.587827652374189,5.2821105210315515,5.426476955413818,33400,0.0,0.0
2020-11-12 00:00:00-05:00,5.417984851713567,5.6302883295556025,5.231157564447997,5.290602684020996,81100,0.0,0.0
2020-11-13 00:00:00-05:00,5.3500465671039255,5.477428300419584,5.146235064912893,5.384015083312988,62800,0.0,0.0
2020-11-16 00:00:00-05:00,5.511397571079939,5.613303538593619,5.451952862045062,5.485921382904053,127200,0.0,0.0
2020-11-17 00:00:00-05:00,5.477428164497109,5.570841784222298,5.460443906814042,5.494412422180176,38200,0.0,0.0
2020-11-18 00:00:00-05:00,5.502905658048559,5.647272074553662,5.358539241543456,5.367031574249268,25700,0.0,0.0
2020-11-19 00:00:00-05:00,5.333062648773193,5.485920981452707,5.222664761591871,5.333062648773193,30800,0.0,0.0
2020-11-20 00:00:00-05:00,5.256633217448703,5.307585994402567,5.086790222665816,5.095282554626465,650000,0.0,0.0
2020-11-23 00:00:00-05:00,5.180204561003686,5.409492291255,5.16322029968643,5.392508029937744,35300,0.0,0.0
2020-11-24 00:00:00-05:00,5.48592096366423,5.834098478329139,5.48592096366423,5.7661614418029785,86300,0.0,0.0
2020-11-25 00:00:00-05:00,5.766160898312403,5.766160898312403,5.587825991771885,5.757668972015381,27300,0.0,0.0
2020-11-27 00:00:00-05:00,5.715209007263184,5.723700934870044,5.519889813064956,5.715209007263184,17400,0.0,0.0
2020-11-30 00:00:00-05:00,5.630287641419843,5.757669793543721,5.587826789066317,5.67274808883667,50000,0.0,0.0
2020-12-01 00:00:00-05:00,5.766161443317898,5.766161443317898,5.6217950381935395,5.689732074737549,32500,0.0,0.0
2020-12-02 00:00:00-05:00,5.7067159237382885,5.7406848445056635,5.58782611833075,5.613302707672119,93400,0.0,0.0
2020-12-03 00:00:00-05:00,5.613302707672119,5.766161028910383,5.58782611833075,5.613302707672119,34900,0.0,0.0
2020-12-04 00:00:00-05:00,5.77465377235963,5.868066995090861,5.698224403818916,5.842590808868408,37700,0.0,0.0
2020-12-07 00:00:00-05:00,5.808621739048098,5.808621739048098,5.689731531510446,5.723700046539307,17100,0.0,0.0
2020-12-08 00:00:00-05:00,5.740686450694122,5.868068218231201,5.740686450694122,5.868068218231201,23200,0.0,0.0
2020-12-09 00:00:00-05:00,5.919019773986839,5.944496365152488,5.740685255574008,5.7661614418029785,34000,0.0,0.0
2020-12-10 00:00:00-05:00,5.536873945234056,5.681240355644074,5.536873945234056,5.6642560958862305,35300,0.0,0.0
2020-12-11 00:00:00-05:00,5.570842336175547,5.630287446424362,5.519889558077998,5.536873817443848,21800,0.0,0.0
2020-12-14 00:00:00-05:00,5.545366220228739,5.596318998975295,5.417984070894006,5.502905368804932,46900,0.0,0.0
2020-12-15 00:00:00-05:00,5.468936643193318,5.6387792326037705,5.443460052313413,5.60481071472168,51300,0.0,0.0
2020-12-16 00:00:00-05:00,5.647270811267046,5.68123932461816,5.604809967109843,5.6217942237854,51200,0.0,0.0
2020-12-17 00:00:00-05:00,5.672747076646462,5.791637280048035,5.64727089372943,5.740684509277344,37100,0.0,0.0
2020-12-18 00:00:00-05:00,5.7491765535211155,5.766160810794015,5.4944122894909855,5.519888877868652,179600,0.0,0.0
2020-12-21 00:00:00-05:00,5.485921175507198,5.545366287231445,5.341554764845952,5.545366287231445,65000,0.0,0.0
2020-12-22 00:00:00-05:00,5.570842473469215,5.570842473469215,5.443460322617661,5.511397361755371,48800,0.0,0.0
2020-12-23 00:00:00-05:00,5.570842593516228,5.732193267413607,5.545366405758943,5.715209007263184,46300,0.0,0.0
2020-12-24 00:00:00-05:00,5.732192516326904,5.791637621532674,5.689731669046119,5.732192516326904,31500,0.0,0.0
2020-12-28 00:00:00-05:00,5.808623501363701,5.995450390705043,5.791639238696306,5.868068218231201,49600,0.0,0.0
2020-12-29 00:00:00-05:00,5.9105277759400385,5.9105277759400385,5.749177113658907,5.8001298904418945,35800,0.0,0.0
2020-12-30 00:00:00-05:00,5.825606756333119,5.851082943459026,5.766161644811513,5.783145904541016,31700,0.0,0.0
2020-12-31 00:00:00-05:00,5.723700654462836,5.919019839092272,5.723700654462836,5.851082801818848,42400,0.0,0.0
2021-01-04 00:00:00-05:00,5.64727222891569,5.885051882063898,5.64727222891569,5.774654388427734,47300,0.0,0.0
2021-01-05 00:00:00-05:00,5.630287237047778,5.978464743568167,5.630287237047778,5.791637897491455,51700,0.0,0.0
2021-01-06 00:00:00-05:00,5.757669247280395,6.2671974024973345,5.757669247280395,6.173783779144287,345300,0.0,0.0
2021-01-07 00:00:00-05:00,6.18227673138628,6.18227673138628,5.986957538370233,6.105847358703613,44100,0.0,0.0
2021-01-08 00:00:00-05:00,5.613303114853438,6.0294176664325265,5.350046895600747,5.647271633148193,276200,0.0,0.0
2021-01-11 00:00:00-05:00,5.604810580141981,5.749176980142755,5.604810580141981,5.630287170410156,65900,0.0,0.0
2021-01-12 00:00:00-05:00,5.60481077758501,5.783145700934519,5.579334591356039,5.7661614418029785,83700,0.0,0.0
2021-01-13 00:00:00-05:00,5.749177527564032,5.817114568165728,5.5963191862102155,5.715209007263184,54100,0.0,0.0
2021-01-14 00:00:00-05:00,5.7576693107982955,5.766161237594986,5.698224203474808,5.749176979064941,87300,0.0,0.0
2021-01-15 00:00:00-05:00,5.842591020347959,5.842591020347959,5.562350532137272,5.706716537475586,47700,0.0,0.0
2021-01-19 00:00:00-05:00,5.723700046539307,5.7576689665048075,5.61330257516383,5.723700046539307,61800,0.0,0.0
2021-01-20 00:00:00-05:00,5.698224340726249,5.715208599665387,5.613303046030553,5.681240081787109,28300,0.0,0.0
2021-01-21 00:00:00-05:00,5.715208182150173,5.715208182150173,5.545365605166356,5.5708417892456055,31000,0.0,0.0
2021-01-22 00:00:00-05:00,5.519890016719372,5.672748363712843,5.443460640754277,5.655764102935791,62000,0.0,0.0
2021-01-25 00:00:00-05:00,5.5708424744441984,5.5963190665936455,5.400999876570199,5.545366287231445,58900,0.0,0.0
2021-01-26 00:00:00-05:00,5.5453654582948255,5.5453654582948255,5.400999069213867,5.400999069213867,94700,0.0,0.0
2021-01-27 00:00:00-05:00,5.392507144682617,5.519889286118847,5.358538627624512,5.358538627624512,142100,0.0,0.0
2021-01-28 00:00:00-05:00,5.757669594136576,5.757669594136576,5.477428707195032,5.536873817443848,111200,0.0,0.0
2021-01-29 00:00:00-05:00,5.570843594639951,5.570843594639951,5.384016699411046,5.4434614181518555,118900,0.0,0.0
2021-02-01 00:00:00-05:00,5.5029048318712945,5.757669105682706,5.451952058096342,5.732192516326904,150500,0.0,0.0
2021-02-02 00:00:00-05:00,5.774653704518737,5.90203544400787,5.655763487088425,5.8001298904418945,95200,0.0,0.0
2021-02-03 00:00:00-05:00,5.791637962322921,5.978464810490968,5.791637962322921,5.952988624572754,116300,0.0,0.0
2021-02-04 00:00:00-05:00,5.961480744409006,6.173784190299551,5.961480744409006,6.165292263031006,97200,0.0,0.0
2021-02-05 00:00:00-05:00,6.148307734799161,6.216245179135696,6.020925988392811,6.139815807342529,236400,0.0,0.0
2021-02-08 00:00:00-05:00,6.080370937595851,6.377596104214419,6.080370937595851,6.360611438751221,79900,0.0,0.0
2021-02-09 00:00:00-05:00,6.41190707710104,6.480300687364825,6.317865659159297,6.471751689910889,54000,0.05,0.0
2021-02-10 00:00:00-05:00,6.514496750884918,6.617087154601681,6.420455751306897,6.480299949645996,111000,0.0,0.0
2021-02-11 00:00:00-05:00,6.651283130237336,6.651283130237336,6.292216376147733,6.454651355743408,64100,0.0,0.0
2021-02-12 00:00:00-05:00,6.548692337884628,6.548692337884628,6.3520605633907,6.454651355743408,56200,0.0,0.0
2021-02-16 00:00:00-05:00,6.497399381308435,6.531596187973894,6.38625955581665,6.38625955581665,46700,0.0,0.0
2021-02-17 00:00:00-05:00,6.343513466837253,6.488850092476835,6.317865659159297,6.471751689910889,290200,0.0,0.0
2021-02-18 00:00:00-05:00,6.47175164114742,6.523046848458759,6.411907028788489,6.437554836273193,41900,0.0,0.0
2021-02-19 00:00:00-05:00,6.454653287344942,6.591440507872514,6.394808674535093,6.471751689910889,62600,0.0,0.0
2021-02-22 00:00:00-05:00,6.420456153187473,7.010351215311637,6.420456153187473,6.847916603088379,166600,0.0,0.0
2021-02-23 00:00:00-05:00,6.779521395309969,7.061645585016577,6.7025788050790585,6.9847025871276855,80200,0.0,0.0
2021-02-24 00:00:00-05:00,6.984703663119286,7.335221093884935,6.984703663119286,7.249728679656982,107200,0.0,0.0
2021-02-25 00:00:00-05:00,7.215530723185334,7.258276923463717,6.9932519493064635,7.001800537109375,74900,0.0,0.0
2021-02-26 00:00:00-05:00,6.950507013226664,7.078744822070494,6.847916603088379,6.847916603088379,89200,0.0,0.0
2021-03-01 00:00:00-05:00,6.6683831489082515,7.035998579610401,6.6683831489082515,7.010351181030273,82400,0.0,0.0
2021-03-02 00:00:00-05:00,6.959055152146949,7.104391743903877,6.933406942790345,7.001800537109375,72000,0.0,0.0
2021-03-03 00:00:00-05:00,7.018900778788095,7.2582784078600096,7.0103513739207814,7.09584379196167,94300,0.0,0.0
2021-03-04 00:00:00-05:00,7.130039798544724,7.266826999856156,7.0530967939780345,7.1984333992004395,73900,0.0,0.0
2021-03-05 00:00:00-05:00,7.266828247920713,7.429262873546883,7.181335824759882,7.352320671081543,83700,0.0,0.0
2021-03-08 00:00:00-05:00,7.412162649083265,7.548949832752356,7.343769057248719,7.454908847808838,67900,0.0,0.0
2021-03-09 00:00:00-05:00,7.463456836853701,7.472006238976478,7.292472870977462,7.386514663696289,85300,0.0,0.0
2021-03-10 00:00:00-05:00,7.395064946082864,7.600246567495342,7.360868145066792,7.55750036239624,78600,0.0,0.0
2021-03-11 00:00:00-05:00,7.617343672036873,7.642991065979004,7.4378102838100535,7.642991065979004,86800,0.0,0.0
2021-03-12 00:00:00-05:00,7.694288396363027,7.8994692245901685,7.617345381948815,7.745584011077881,61500,0.0,0.0
2021-03-15 00:00:00-04:00,7.711387152283813,7.711387152283813,7.395065691840555,7.5660505294799805,56200,0.0,0.0
2021-03-16 00:00:00-04:00,7.5318540610035365,7.5318540610035365,7.352320625726245,7.369418621063232,61100,0.0,0.0
2021-03-17 00:00:00-04:00,7.301023960113525,7.497656177792979,7.266827159036584,7.301023960113525,171900,0.0,0.0
2021-03-18 00:00:00-04:00,7.232629856230743,7.574597843277779,7.130039460116633,7.155686855316162,179600,0.0,0.0
2021-03-19 00:00:00-04:00,7.181333714276905,7.412162699784372,7.061645335405713,7.121489524841309,297500,0.0,0.0
2021-03-22 00:00:00-04:00,7.2839251976899435,7.2839251976899435,6.873562812805176,6.873562812805176,415600,0.0,0.0
2021-03-23 00:00:00-04:00,6.796619327344747,7.070194502757114,6.74532413482666,6.74532413482666,219700,0.0,0.0
2021-03-24 00:00:00-04:00,7.078745193371649,7.078745193371649,6.74532613910438,6.813719749450684,143400,0.0,0.0
2021-03-25 00:00:00-04:00,6.822268951078562,7.121491191247487,6.753875342772301,7.09584379196167,98600,0.0,0.0
2021-03-26 00:00:00-04:00,7.215530945536582,7.3608675417721505,7.155686752492282,7.343769550323486,128400,0.0,0.0
2021-03-29 00:00:00-04:00,7.266827812727323,7.514754846666552,7.053097582941225,7.09584379196167,289300,0.0,0.0
2021-03-30 00:00:00-04:00,7.027448963021359,7.412163146750109,7.027448963021359,7.343769550323486,123500,0.0,0.0
2021-03-31 00:00:00-04:00,7.352319213990599,7.463458200631387,7.189883805239889,7.206982612609863,187900,0.0,0.0
2021-04-01 00:00:00-04:00,7.206983381763327,7.3437705940574665,7.12149096642144,7.266827583312988,121200,0.0,0.0
2021-04-05 00:00:00-04:00,7.2668281562764925,7.2668281562764925,7.07874531688434,7.189885139465332,261500,0.0,0.0
2021-04-06 00:00:00-04:00,7.198432333048333,7.377965712008101,7.189882930403604,7.292473316192627,68800,0.0,0.0
2021-04-07 00:00:00-04:00,7.2839253736455865,7.2839253736455865,6.9505059788296455,6.976153373718262,59200,0.0,0.0
2021-04-08 00:00:00-04:00,6.967603836656177,7.027448844002909,6.856464855832175,7.018899440765381,60300,0.0,0.0
2021-04-09 00:00:00-04:00,7.044547635392944,7.044547635392944,6.865014223590442,6.916309833526611,50000,0.0,0.0
2021-04-12 00:00:00-04:00,6.882111951782994,7.181333714276905,6.8479151556318065,7.121489524841309,82800,0.0,0.0
2021-04-13 00:00:00-04:00,7.087293408043656,7.087293408043656,6.890662015155178,6.950506210327148,57400,0.0,0.0
2021-04-14 00:00:00-04:00,7.070196392675852,7.215532198839566,6.993253379502278,7.09584379196167,48000,0.0,0.0
2021-04-15 00:00:00-04:00,7.104391108354954,7.147136489493438,6.882111539044948,6.993251323699951,39100,0.0,0.0
2021-04-16 00:00:00-04:00,7.018899711714742,7.018899711714742,6.847915716943542,6.933407306671143,56800,0.0,0.0
2021-04-19 00:00:00-04:00,6.959056417900547,6.959056417900547,6.762424186981756,6.847916603088379,66600,0.0,0.0
2021-04-20 00:00:00-04:00,6.830817799550679,6.907760811048863,6.574341773986816,6.574341773986816,47600,0.0,0.0
2021-04-21 00:00:00-04:00,6.574341401483215,6.694030206631424,6.497398394344637,6.642735004425049,66300,0.0,0.0
2021-04-22 00:00:00-04:00,6.668383177185146,6.668383177185146,6.429005146026611,6.429005146026611,64500,0.0,0.0
2021-04-23 00:00:00-04:00,6.599989862186161,6.779523302664961,6.446104230772087,6.7282280921936035,64100,0.0,0.0
2021-04-26 00:00:00-04:00,6.711128573296905,6.822268381342182,6.64273497070228,6.753874778747559,164600,0.0,0.0
2021-04-27 00:00:00-04:00,6.839366912841797,6.89921111242802,6.736776506987098,6.839366912841797,109300,0.0,0.0
2021-04-28 00:00:00-04:00,7.1214920451792665,7.3181243041248605,6.976155406272244,7.2240824699401855,129300,0.0,0.0
2021-04-29 00:00:00-04:00,7.155687409086943,7.292474614491569,6.882112998277692,7.027449607849121,93900,0.0,0.0
2021-04-30 00:00:00-04:00,6.950506922142638,7.104392942991494,6.907760714649501,6.924859523773193,95700,0.0,0.0
2021-05-03 00:00:00-04:00,7.010351280906855,7.215532103103283,6.9163102745625205,7.078744888305664,91600,0.0,0.0
2021-05-04 00:00:00-04:00,7.044547462898154,7.155687268941737,7.027449470215471,7.07019567489624,66100,0.0,0.0
2021-05-05 00:00:00-04:00,7.078744787454679,7.0872941920867545,6.9676049731859955,7.010351181030273,79800,0.0,0.0
2021-05-06 00:00:00-04:00,7.1129404643716105,7.172785472003911,6.984702676460631,7.164236068725586,56200,0.0,0.0
2021-05-07 00:00:00-04:00,7.104392676181497,7.181334868400218,7.044547661812185,7.112941265106201,57100,0.0,0.0
2021-05-10 00:00:00-04:00,7.010350037527852,7.181334025698586,7.010350037527852,7.018899440765381,120700,0.0,0.0
2021-05-11 00:00:00-04:00,7.00169573076505,7.0619066083736275,6.932883064837623,7.0188984870910645,72000,0.05,0.0
2021-05-12 00:00:00-04:00,7.001696805940631,7.165126707536529,6.975891437021428,7.010297775268555,81900,0.0,0.0
2021-05-13 00:00:00-04:00,6.9930949755549605,7.354361935200738,6.9930949755549605,7.3027520179748535,77800,0.0,0.0
2021-05-14 00:00:00-04:00,7.397370587846499,7.474784238711855,7.268346195780514,7.380167007446289,63800,0.0,0.0
2021-05-17 00:00:00-04:00,7.3457597449981495,7.397369659409404,7.216736189437656,7.354361534118652,53500,0.0,0.0
2021-05-18 00:00:00-04:00,7.328557554631427,7.354362103679615,7.139322280883789,7.139322280883789,50500,0.0,0.0
2021-05-19 00:00:00-04:00,7.0619082937613245,7.285549921555384,6.924282929060943,7.242541790008545,76100,0.0,0.0
2021-05-20 00:00:00-04:00,7.2167370734299965,7.259744383677037,6.950087320214291,7.173728942871094,113300,0.0,0.0
2021-05-21 00:00:00-04:00,7.285550335603674,7.3199566787341315,7.225338619891429,7.294151306152344,34900,0.0,0.0
2021-05-24 00:00:00-04:00,7.294151498335607,7.294151498335607,7.147925151412398,7.233940601348877,42800,0.0,0.0
2021-05-25 00:00:00-04:00,7.225337988714014,7.225337988714014,6.993095397949219,6.993095397949219,73400,0.0,0.0
2021-05-26 00:00:00-04:00,7.053305122978577,7.147923157926187,7.027500577225465,7.0791096687316895,50200,0.0,0.0
2021-05-27 00:00:00-04:00,7.09631311276118,7.2597429932088335,7.09631311276118,7.2511420249938965,41900,0.0,0.0
2021-05-28 00:00:00-04:00,7.251142202853756,7.354361206770143,7.182329533576165,7.319954872131348,68400,0.0,0.0
2021-06-01 00:00:00-04:00,7.337157423498351,7.388767334164824,7.259742967654493,7.276946544647217,60200,0.0,0.0
2021-06-02 00:00:00-04:00,7.319954666817328,7.319954666817328,7.216735665796083,7.276946544647217,55900,0.0,0.0
2021-06-03 00:00:00-04:00,7.268346256547377,7.362964308915858,7.1823308147627865,7.328557968139648,64500,0.0,0.0
2021-06-04 00:00:00-04:00,7.354362333035248,7.491987692666716,7.285549653219514,7.388768672943115,80000,0.0,0.0
2021-06-07 00:00:00-04:00,7.371565530481509,7.414573662997689,7.311354637145996,7.311354637145996,112600,0.0,0.0
2021-06-08 00:00:00-04:00,7.302750794516558,7.440376123646269,7.276946250382654,7.34575891494751,47900,0.0,0.0
2021-06-09 00:00:00-04:00,7.319956177867628,7.337158938099798,7.285549837091417,7.328557968139648,62000,0.0,0.0
2021-06-10 00:00:00-04:00,7.380166765241696,7.380166765241696,7.225337827968482,7.259744167327881,58800,0.0,0.0
2021-06-11 00:00:00-04:00,7.276946748754922,7.337157629294883,7.276946748754922,7.319954872131348,51700,0.0,0.0
2021-06-14 00:00:00-04:00,7.345760644794842,7.354362434968994,7.1221190221380395,7.173728942871094,84900,0.0,0.0
2021-06-15 00:00:00-04:00,7.182330898030098,7.302752681986992,7.182330898030098,7.242541790008545,59900,0.0,0.0
2021-06-16 00:00:00-04:00,7.199533820728688,7.337159188530944,7.0877130043113805,7.311354637145996,94500,0.0,0.0
2021-06-17 00:00:00-04:00,7.311354005270463,7.371564893402317,7.087712391763821,7.113517761230469,88400,0.0,0.0
2021-06-18 00:00:00-04:00,6.984493112377942,7.027501239561086,6.889875888824463,6.889875888824463,382000,0.0,0.0
2021-06-21 00:00:00-04:00,6.9242824867008625,7.173728649362323,6.915680696878646,7.113517761230469,143000,0.0,0.0
2021-06-22 00:00:00-04:00,7.113517669518329,7.130720428629144,6.924282397428469,6.958688735961914,109400,0.0,0.0
2021-06-23 00:00:00-04:00,6.958688535483489,7.079110306725314,6.907078619014283,6.915680408477783,159000,0.0,0.0
2021-06-24 00:00:00-04:00,6.958688735961914,7.104915879807013,6.915680607717152,6.958688735961914,160800,0.0,0.0
2021-06-25 00:00:00-04:00,6.975890937712692,7.044703609281586,6.88987550840745,6.907078266143799,3375900,0.0,0.0
2021-06-28 00:00:00-04:00,6.924281573901297,7.122117791861355,6.924281573901297,7.0791096687316895,209900,0.0,0.0
2021-06-29 00:00:00-04:00,7.104916572570801,7.147924705009064,7.044704859032474,7.104916572570801,91500,0.0,0.0
2021-06-30 00:00:00-04:00,7.087712241402541,7.1393221589291365,7.010297775268555,7.010297775268555,89300,0.0,0.0
2021-07-01 00:00:00-04:00,7.0533048200547785,7.096312941337342,6.967289397801336,7.0188984870910645,221300,0.0,0.0
2021-07-02 00:00:00-04:00,7.036103528183249,7.036103528183249,6.941485477606012,6.993095397949219,48300,0.0,0.0
2021-07-06 00:00:00-04:00,7.0016968175481225,7.010297786890305,6.838266095369477,6.881274223327637,131500,0.0,0.0
2021-07-07 00:00:00-04:00,6.864070853896649,6.907078570444031,6.821062727193374,6.838265895843506,72000,0.0,0.0
2021-07-08 00:00:00-04:00,6.743649442930849,6.7608526135442055,6.640430009094769,6.666234970092773,132500,0.0,0.0
2021-07-09 00:00:00-04:00,6.743648870110974,6.907078771977808,6.717843911304897,6.881274223327637,64900,0.0,0.0
2021-07-12 00:00:00-04:00,6.86407262917038,7.070511116519595,6.86407262917038,7.05330753326416,64100,0.0,0.0
2021-07-13 00:00:00-04:00,7.027501989142619,7.027501989142619,6.941485725601493,6.975892066955566,57800,0.0,0.0
2021-07-14 00:00:00-04:00,6.9844945943063745,7.0189009392906625,6.924283695661861,6.967291831970215,55100,0.0,0.0
2021-07-15 00:00:00-04:00,6.915680804508855,7.018899823046379,6.915680804508855,7.001697063446045,83300,0.0,0.0
2021-07-16 00:00:00-04:00,7.044705230005442,7.044705230005442,6.846868958808065,6.872673511505127,71600,0.0,0.0
2021-07-19 00:00:00-04:00,6.726446630128932,6.803860696929086,6.674837115543508,6.7780561447143555,123400,0.0,0.0
2021-07-20 00:00:00-04:00,6.778055809247613,7.13932280362133,6.778055809247613,6.975892066955566,147400,0.0,0.0
2021-07-21 00:00:00-04:00,7.061908330496693,7.104916462267257,6.967291096850961,6.975892066955566,68200,0.0,0.0
2021-07-22 00:00:00-04:00,6.932884016007607,6.958688564192775,6.846867761641319,6.889875888824463,66000,0.0,0.0
2021-07-23 00:00:00-04:00,6.924282965080398,7.053306540080204,6.924282965080398,6.975892066955566,87500,0.0,0.0
2021-07-26 00:00:00-04:00,7.13072137249007,7.13072137249007,6.975892418439656,6.984494209289551,85300,0.0,0.0
2021-07-27 00:00:00-04:00,6.958689057824365,7.018899947964895,6.881274587465482,6.993095397949219,61500,0.0,0.0
2021-07-28 00:00:00-04:00,7.010296692871009,7.345759054218591,7.010296692871009,7.182329177856445,73700,0.0,0.0
2021-07-29 00:00:00-04:00,7.440377272847377,7.440377272847377,7.147923813431769,7.285549163818359,86000,0.0,0.0
2021-07-30 00:00:00-04:00,7.3457592119947135,7.3457592119947135,7.233938422477106,7.276946544647217,91100,0.0,0.0
2021-08-02 00:00:00-04:00,7.311353945063321,7.328557524566086,7.139322251594784,7.165126800537109,69100,0.0,0.0
2021-08-03 00:00:00-04:00,7.173727487039102,7.225336576986777,7.027500365001196,7.1995320320129395,70400,0.0,0.0
2021-08-04 00:00:00-04:00,7.259742811725872,7.259742811725872,7.130719268298478,7.182329177856445,38000,0.0,0.0
2021-08-05 00:00:00-04:00,7.208135858482164,7.3199566787341315,7.208135858482164,7.294151306152344,54500,0.0,0.0
2021-08-06 00:00:00-04:00,7.3285561589621295,7.371563459081413,7.302750794516558,7.34575891494751,73800,0.0,0.0
2021-08-09 00:00:00-04:00,7.354363631395839,7.466184460915541,7.311355493840263,7.397371768951416,40400,0.0,0.0
2021-08-10 00:00:00-04:00,7.431977124625352,7.587711481636855,7.3368057619588045,7.5098443031311035,83900,0.05,0.0
2021-08-11 00:00:00-04:00,7.449281062211973,7.570407885417892,7.449281062211973,7.527148246765137,42800,0.0,0.0
2021-08-12 00:00:00-04:00,7.501192211050705,7.527147662182984,7.483888026889909,7.5098443031311035,30400,0.0,0.0
2021-08-13 00:00:00-04:00,7.466586285258713,7.665579495560519,7.466586285258713,7.579061031341553,70600,0.0,0.0
2021-08-16 00:00:00-04:00,7.509845071089175,7.674230711882266,7.483888792193688,7.639623165130615,373600,0.0,0.0
2021-08-17 00:00:00-04:00,7.6309707652255945,7.6396228578427445,7.483888491169907,7.518496036529541,21200,0.0,0.0
2021-08-18 00:00:00-04:00,7.527148111915634,7.639622840354211,7.501192659232567,7.561755657196045,47200,0.0,0.0
2021-08-19 00:00:00-04:00,7.4752392635782385,7.665580402443899,7.4146754238399,7.483890533447266,61900,0.0,0.0
2021-08-20 00:00:00-04:00,7.380066937961944,7.752098723997646,7.380066937961944,7.67423152923584,34000,0.0,0.0
2021-08-23 00:00:00-04:00,7.7347927711933195,7.769400313733667,7.544451699775857,7.587711334228516,32800,0.0,0.0
2021-08-24 00:00:00-04:00,7.570408599670392,7.630971604432856,7.527148956936178,7.544453144073486,46500,0.0,0.0
2021-08-25 00:00:00-04:00,7.561756971573166,7.639624168266131,7.544453608479789,7.553104877471924,34200,0.0,0.0
2021-08-26 00:00:00-04:00,7.544453608479789,7.6050166169702695,7.501193963082685,7.553104877471924,44100,0.0,0.0
2021-08-27 00:00:00-04:00,7.570409065674408,7.6050166169702695,7.544453608479789,7.553104877471924,35300,0.0,0.0
2021-08-30 00:00:00-04:00,7.527147582407393,7.587711401219385,7.371414052155329,7.406021595001221,28600,0.0,0.0
2021-08-31 00:00:00-04:00,7.423325538635254,7.596363266495604,7.388717993063184,7.423325538635254,19600,0.0,0.0
2021-09-01 00:00:00-04:00,7.397368678861457,7.457931665817137,7.35410904884648,7.371413230895996,41200,0.0,0.0
2021-09-02 00:00:00-04:00,7.354110829975492,7.708838396815691,7.354110829975492,7.605015754699707,66500,0.0,0.0
2021-09-03 00:00:00-04:00,7.509845159194321,7.509845159194321,7.380066238521322,7.45793342590332,34000,0.0,0.0
2021-09-07 00:00:00-04:00,7.440629908924565,7.483888723133191,7.276243444539415,7.293547630310059,59100,0.0,0.0
2021-09-08 00:00:00-04:00,7.094553435552525,7.354110439619721,7.094553435552525,7.18107271194458,30100,0.0,0.0
2021-09-09 00:00:00-04:00,7.155115971853719,7.1897235111627955,7.103204250335693,7.103204250335693,32800,0.0,0.0
2021-09-10 00:00:00-04:00,7.10320631898663,7.181073511386346,6.956124027811403,7.025339126586914,34700,0.0,0.0
2021-09-13 00:00:00-04:00,7.025338735433822,7.10320592349809,6.999383281115405,7.085901737213135,45600,0.0,0.0
2021-09-14 00:00:00-04:00,7.068598460339949,7.103206008213586,6.895560308417248,6.9388203620910645,59500,0.0,0.0
2021-09-15 00:00:00-04:00,6.921516375058192,7.059946570541908,6.921516375058192,7.008035659790039,32400,0.0,0.0
2021-09-16 00:00:00-04:00,7.025339149070819,7.025339149070819,6.921516500575277,6.98207950592041,37100,0.0,0.0
2021-09-17 00:00:00-04:00,7.181073200712593,7.431978129196223,6.99073127476014,7.380066394805908,254700,0.0,0.0
2021-09-20 00:00:00-04:00,7.258940299626626,7.258940299626626,6.96477573365451,7.085901737213135,46500,0.0,0.0
2021-09-21 00:00:00-04:00,7.146465201725131,7.155117294428886,7.042642564606988,7.094553470611572,36300,0.0,0.0
2021-09-22 00:00:00-04:00,7.155117034912109,7.198375846643938,7.094553213291451,7.155117034912109,24700,0.0,0.0
2021-09-23 00:00:00-04:00,7.224331948197813,7.449280569105462,7.215679856018193,7.284894943237305,22500,0.0,0.0
2021-09-24 00:00:00-04:00,7.258939732246019,7.319502729291544,7.198375910091541,7.2675909996032715,22900,0.0,0.0
2021-09-27 00:00:00-04:00,7.293548011823807,7.535800849521735,7.293548011823807,7.475237846374512,45200,0.0,0.0
2021-09-28 00:00:00-04:00,7.4579335838368666,7.483889038477511,7.362763033415154,7.380066394805908,26700,0.0,0.0
2021-09-29 00:00:00-04:00,7.354110765255984,7.535800593637257,7.354110765255984,7.501193046569824,27000,0.0,0.0
2021-09-30 00:00:00-04:00,7.483889038477511,7.501193224977292,7.354110940165264,7.380066394805908,8700,0.0,0.0
2021-10-01 00:00:00-04:00,7.388719089885278,7.639624038805739,7.388719089885278,7.579061031341553,49500,0.0,0.0
2021-10-04 00:00:00-04:00,7.4233254930677885,7.665578310585229,7.362762494965669,7.518496036529541,48500,0.0,0.0
2021-10-05 00:00:00-04:00,7.55310485288216,7.605016592211502,7.466586387478728,7.596364498138428,36300,0.0,0.0
2021-10-06 00:00:00-04:00,7.57905899302181,7.6742295256001425,7.414672552530571,7.613666534423828,59100,0.0,0.0
2021-10-07 00:00:00-04:00,7.6223198043092895,7.726142444564242,7.605015618378965,7.639623165130615,51900,0.0,0.0
2021-10-08 00:00:00-04:00,7.613666488216676,7.829963826943804,7.613666488216676,7.752096652984619,40800,0.0,0.0
2021-10-11 00:00:00-04:00,7.743445424213211,7.847268059357476,7.648274881608207,7.691534519195557,24100,0.0,0.0
2021-10-12 00:00:00-04:00,7.674230711882266,7.682882804847428,7.579060164592477,7.639623165130615,21300,0.0,0.0
2021-10-13 00:00:00-04:00,7.630972256352696,7.795358747764561,7.579061340724095,7.656928539276123,31800,0.0,0.0
2021-10-14 00:00:00-04:00,7.726140609200993,7.804007777171924,7.682880979760609,7.743443965911865,34600,0.0,0.0
2021-10-15 00:00:00-04:00,7.795357538067543,7.821312991854031,7.36276279111741,7.639623165130615,55000,0.0,0.0
2021-10-18 00:00:00-04:00,7.665577553253426,7.708837186956313,7.535799477253651,7.622318744659424,25400,0.0,0.0
2021-10-19 00:00:00-04:00,7.6742297780249356,7.6742297780249356,7.55310296657927,7.587711334228516,19300,0.0,0.0
2021-10-20 00:00:00-04:00,7.561755862455394,7.700186047334644,7.553103769623195,7.6309709548950195,30500,0.0,0.0
2021-10-21 00:00:00-04:00,7.630971072165453,7.682882804847428,7.596363525413802,7.639623165130615,23600,0.0,0.0
2021-10-22 00:00:00-04:00,7.630972256352696,7.708839454904724,7.613668892846205,7.656928539276123,22200,0.0,0.0
2021-10-25 00:00:00-04:00,7.726142064243645,7.804009246879084,7.691534519195557,7.691534519195557,32600,0.0,0.0
2021-10-26 00:00:00-04:00,7.682882426656295,7.786705061800561,7.656926974147468,7.691534519195557,38600,0.0,0.0
2021-10-27 00:00:00-04:00,7.752098324622641,7.977047803432378,7.7001865890861465,7.968395709991455,69100,0.0,0.0
2021-10-28 00:00:00-04:00,8.02895843804333,8.548072475139126,8.003002983721245,8.51346492767334,68700,0.0,0.0
2021-10-29 00:00:00-04:00,8.591329603762825,8.634588406615018,8.34042475171973,8.418291091918945,49800,0.0,0.0
2021-11-01 00:00:00-04:00,8.487511288082294,8.522118842947586,8.227954214038,8.305821418762207,27200,0.0,0.0
2021-11-02 00:00:00-04:00,8.288514124278725,8.409640933493314,8.219299040472928,8.33177375793457,27700,0.0,0.0
2021-11-03 00:00:00-04:00,8.288514041250867,8.288514041250867,8.167387233249633,8.227951049804688,22000,0.0,0.0
2021-11-04 00:00:00-04:00,8.219299873702312,8.219299873702312,7.9424395104124725,8.037610054016113,22900,0.0,0.0
2021-11-05 00:00:00-04:00,8.054914666276234,8.210648216327895,8.011655025941712,8.132781028747559,19800,0.0,0.0
2021-11-08 00:00:00-05:00,8.132779773161237,8.435596383643267,8.089520964614277,8.33177375793457,47600,0.0,0.0
2021-11-09 00:00:00-05:00,8.288289847745618,8.44483704016767,8.279593426600865,8.31438159942627,10700,0.05,0.0
2021-11-10 00:00:00-05:00,8.270895114208574,8.34047145092705,8.16653060913086,8.16653060913086,10200,0.0,0.0
2021-11-11 00:00:00-05:00,8.16653142369659,8.201319595525753,8.05346965789795,8.05346965789795,11200,0.0,0.0
2021-11-12 00:00:00-05:00,8.10565123951607,8.131742989608028,8.009983977425124,8.044772148132324,18600,0.0,0.0
2021-11-15 00:00:00-05:00,8.018680686250258,8.31438053201146,7.992588937919312,8.16653060913086,67300,0.0,0.0
2021-11-16 00:00:00-05:00,8.12304628520859,8.462230765033206,8.096955362779497,8.392654418945312,62300,0.0,0.0
2021-11-17 00:00:00-05:00,8.314380159414883,8.453532826615914,8.149135745052167,8.262197494506836,27000,0.0,0.0
2021-11-18 00:00:00-05:00,8.262198150312086,8.41004807830248,8.183924561444773,8.288289070129395,11100,0.0,0.0
2021-11-19 00:00:00-05:00,8.288289224105199,8.288289224105199,8.140439293368122,8.149136543273926,35700,0.0,0.0
2021-11-22 00:00:00-05:00,8.175228037028141,8.34047247916792,8.175228037028141,8.244804382324219,19400,0.0,0.0
2021-11-23 00:00:00-05:00,8.314379335585908,8.444834740806892,8.192620349141814,8.410046577453613,38900,0.0,0.0
2021-11-24 00:00:00-05:00,8.410047865302797,8.444836033983265,8.253500691533011,8.34916877746582,33900,0.0,0.0
2021-11-26 00:00:00-05:00,8.183924870801212,8.236107541823747,8.001286766345466,8.009984016418457,11500,0.0,0.0
2021-11-29 00:00:00-05:00,8.088259020431249,8.427443538344404,7.783861850052997,7.827347278594971,23000,0.0,0.0
2021-11-30 00:00:00-05:00,7.792556684513407,7.844739348460629,7.653404019874556,7.6621012687683105,34300,0.0,0.0
2021-12-01 00:00:00-05:00,7.8360420887953035,7.8360420887953035,7.56643317936666,7.609918594360352,37900,0.0,0.0
2021-12-02 00:00:00-05:00,7.679496464709922,7.827346407652145,7.601222867926926,7.75777006149292,34200,0.0,0.0
2021-12-03 00:00:00-05:00,7.792557418594075,8.088257273515039,7.618616571409798,7.818648338317871,36400,0.0,0.0
2021-12-06 00:00:00-05:00,7.827346761096713,7.888225859381169,7.63601138581134,7.809952259063721,21900,0.0,0.0
2021-12-07 00:00:00-05:00,7.827345255810448,7.844739754498282,7.592524500016767,7.679495334625244,33100,0.0,0.0
2021-12-08 00:00:00-05:00,7.688192402981216,7.705586071844238,7.5838279015570995,7.653404235839844,15900,0.0,0.0
2021-12-09 00:00:00-05:00,7.592525523111905,7.662102697823442,7.557737350463867,7.557737350463867,20400,0.0,0.0
2021-12-10 00:00:00-05:00,7.557736360412574,7.64470719534736,7.496857273607434,7.592524528503418,22000,0.0,0.0
2021-12-13 00:00:00-05:00,7.531646334057262,7.662102601916065,7.3490082225872975,7.514252662658691,63500,0.0,0.0
2021-12-14 00:00:00-05:00,7.505553916343221,7.62731290952761,7.505553916343221,7.583827495574951,48200,0.0,0.0
2021-12-15 00:00:00-05:00,7.4881610051677905,7.670799118923856,7.4881610051677905,7.557737350463867,18400,0.0,0.0
2021-12-16 00:00:00-05:00,7.644708631185854,7.766467657080414,7.522949605291295,7.6968913078308105,31600,0.0,0.0
2021-12-17 00:00:00-05:00,7.662101807819917,7.888224489058798,7.43597829716567,7.740374565124512,97700,0.0,0.0
2021-12-20 00:00:00-05:00,7.757770231057181,7.757770231057181,7.444676666497271,7.566434860229492,30900,0.0,0.0
2021-12-21 00:00:00-05:00,7.540343937203372,7.670799381749462,7.427282164869531,7.566434860229492,26200,0.0,0.0
2021-12-22 00:00:00-05:00,7.5055547133150675,7.609919220234149,7.453372045147841,7.470766544342041,7300,0.0,0.0
2021-12-23 00:00:00-05:00,7.566434201882325,7.609919622752566,7.4359787686870185,7.488160610198975,7400,0.0,0.0
2021-12-27 00:00:00-05:00,7.540342372477742,7.705585956573486,7.435977872614853,7.705585956573486,30500,0.0,0.0
2021-12-28 00:00:00-05:00,7.662102697823442,7.662102697823442,7.4881610051677905,7.557737350463867,8700,0.0,0.0
2021-12-29 00:00:00-05:00,7.566432986391644,7.618615648936262,7.479462988037656,7.531644821166992,11500,0.0,0.0
2021-12-30 00:00:00-05:00,7.531646031069215,7.653405043622806,7.47946418955726,7.488160610198975,24200,0.0,0.0
2021-12-31 00:00:00-05:00,7.6360097730698815,7.766466022518161,7.488159854677697,7.618616104125977,7600,0.0,0.0
2022-01-03 00:00:00-05:00,7.7664661692337225,7.792557087850126,7.557736332056446,7.679495334625244,21700,0.0,0.0
2022-01-04 00:00:00-05:00,7.740372996850018,7.931708300130716,7.670796673732528,7.7316765785217285,21500,0.0,0.0
2022-01-05 00:00:00-05:00,7.670797038299368,7.949103173411469,7.6621006195577674,7.783858776092529,14500,0.0,0.0
2022-01-06 00:00:00-05:00,7.766466778938245,8.062166644522495,7.7577695289115525,7.992589473724365,15000,0.0,0.0
2022-01-07 00:00:00-05:00,8.027376469825478,8.07086188418061,7.940406470530506,8.001285552978516,16700,0.0,0.0
2022-01-10 00:00:00-05:00,8.04477148307603,8.04477148307603,7.923012480958867,7.966497898101807,18400,0.0,0.0
2022-01-11 00:00:00-05:00,8.053470262921465,8.053470262921465,7.914317565150853,7.949105739593506,14600,0.0,0.0
2022-01-12 00:00:00-05:00,7.9404075746803455,8.053469335959326,7.879528483766821,7.914316654205322,17000,0.0,0.0
2022-01-13 00:00:00-05:00,7.957801901774546,7.992590075083351,7.879529133891341,7.940408229827881,11300,0.0,0.0
2022-01-14 00:00:00-05:00,7.95780086517334,7.9925890339505585,7.879528107486123,7.95780086517334,15500,0.0,0.0
2022-01-18 00:00:00-05:00,7.975194088466742,8.027375918577286,7.757767861037257,7.783858776092529,15800,0.0,0.0
2022-01-19 00:00:00-05:00,7.870832707136944,8.009985414938809,7.757770924694038,7.827347278594971,29000,0.0,0.0
2022-01-20 00:00:00-05:00,7.827345071546705,7.827345071546705,7.653404235839844,7.653404235839844,21700,0.0,0.0
2022-01-21 00:00:00-05:00,7.722980144610218,7.775161977739553,7.462068490717688,7.531644821166992,35900,0.0,0.0
2022-01-24 00:00:00-05:00,7.409887809419414,7.609919583201307,7.409887809419414,7.522948741912842,28500,0.0,0.0
2022-01-25 00:00:00-05:00,7.557736360412574,7.592524528503418,7.340310102490959,7.592524528503418,98800,0.0,0.0
2022-01-26 00:00:00-05:00,8.02737709508227,8.02737709508227,7.827345334649489,7.862133502960205,37700,0.0,0.0
2022-01-27 00:00:00-05:00,7.940409008852897,8.114349892462075,7.8360444786873895,8.027379035949707,17400,0.0,0.0
2022-01-28 00:00:00-05:00,7.844740261309366,8.149136543273926,7.844740261309366,8.149136543273926,29500,0.0,0.0
2022-01-31 00:00:00-05:00,8.123045142353481,8.123045142353481,7.870830715915787,7.896921634674072,44500,0.0,0.0
2022-02-01 00:00:00-05:00,7.914314007308639,8.06216388957858,7.905616760253906,7.905616760253906,39200,0.0,0.0
2022-02-02 00:00:00-05:00,7.9578013030330075,8.070863065133775,7.9578013030330075,7.992589473724365,25200,0.0,0.0
2022-02-03 00:00:00-05:00,8.00128606593309,8.00128606593309,7.914316061062556,7.966497898101807,23600,0.0,0.0
2022-02-04 00:00:00-05:00,8.001286327239134,8.001286327239134,7.923012739708653,7.975195407867432,25500,0.0,0.0
2022-02-07 00:00:00-05:00,7.975195803086393,8.001286723751058,7.975195803086393,7.992589473724365,25200,0.0,0.0
2022-02-08 00:00:00-05:00,8.05387020111084,8.05387020111084,7.966328632812273,8.05387020111084,34200,0.06,0.0
2022-02-09 00:00:00-05:00,8.05387020111084,8.141412604275638,7.896295044226927,8.05387020111084,34600,0.0,0.0
2022-02-10 00:00:00-05:00,8.053869723876153,8.23770809173584,8.053869723876153,8.23770809173584,19700,0.0,0.0
2022-02-11 00:00:00-05:00,8.141411104183632,8.150165509860319,8.010097523631561,8.036360740661621,27500,0.0,0.0
2022-02-14 00:00:00-05:00,8.053868520327088,8.22895245525171,8.053868520327088,8.088885307312012,27900,0.0,0.0
2022-02-15 00:00:00-05:00,8.123902242319062,8.176427841186523,8.018851879450212,8.176427841186523,26200,0.0,0.0
2022-02-16 00:00:00-05:00,8.10639476776123,8.158919535014128,8.01885237585157,8.10639476776123,32100,0.0,0.0
2022-02-17 00:00:00-05:00,8.132656647941317,8.193935817564963,8.106394265940622,8.176427841186523,30800,0.0,0.0
2022-02-18 00:00:00-05:00,8.176427212787381,8.237706377701416,8.176427212787381,8.185181617736816,16500,0.0,0.0
2022-02-22 00:00:00-05:00,8.185183080363755,8.237707849714113,8.097640684958284,8.11514949798584,78000,0.0,0.0
2022-02-23 00:00:00-05:00,8.14141188266102,8.37777501446994,8.11514949798584,8.11514949798584,55000,0.0,0.0
2022-02-24 00:00:00-05:00,7.983836819427256,8.010099207110795,7.782490455743037,8.00134563446045,66800,0.0,0.0
2022-02-25 00:00:00-05:00,8.053867633816148,8.237705953967934,8.018850850685617,8.202689170837402,22600,0.0,0.0
2022-02-28 00:00:00-05:00,8.11514917392542,8.1851827535067,8.088885955432849,8.10639476776123,22900,0.0,0.0
2022-03-01 00:00:00-05:00,8.106395797872077,8.255217382110155,7.905048604840346,7.9663286209106445,39400,0.0,0.0
2022-03-02 00:00:00-05:00,7.94881715822354,8.106393097242131,7.878783593074377,7.975079536437988,21600,0.0,0.0
2022-03-03 00:00:00-05:00,8.01009867799915,8.05386987782455,7.931311520152863,8.04511547088623,17200,0.0,0.0
2022-03-04 00:00:00-05:00,8.053868697070344,8.062623102725205,7.843767970550108,8.01009750366211,26700,0.0,0.0
2022-03-07 00:00:00-05:00,7.957574563090626,8.01885374698577,7.861277748551098,7.878786563873291,36400,0.0,0.0
2022-03-08 00:00:00-05:00,7.861275949227467,7.861275949227467,7.712455227382903,7.7562255859375,59200,0.0,0.0
2022-03-09 00:00:00-05:00,7.791242197158545,8.001343753843848,7.764979815647653,7.835013389587402,21600,0.0,0.0
2022-03-10 00:00:00-05:00,7.861276582683216,8.053869348333505,7.835014198461039,8.027606964111328,23100,0.0,0.0
2022-03-11 00:00:00-05:00,8.04511600231093,8.04511600231093,7.922557636543581,8.00134563446045,9500,0.0,0.0
2022-03-14 00:00:00-04:00,7.905046485224342,8.10639362426795,7.905046485224342,7.931309700012207,21100,0.0,0.0
2022-03-15 00:00:00-04:00,7.940065437510819,7.975082231920659,7.835015054281298,7.896295070648193,17000,0.0,0.0
2022-03-16 00:00:00-04:00,7.966328451479493,8.04511561069495,7.887540457397825,7.948819637298584,15800,0.0,0.0
2022-03-17 00:00:00-04:00,7.94881715822354,8.036359532092968,7.791241219204948,7.975079536437988,11000,0.0,0.0
2022-03-18 00:00:00-04:00,7.9488187860667505,7.9488187860667505,7.195957389101353,7.204710960388184,280600,0.0,0.0
2022-03-21 00:00:00-04:00,7.4498296706034015,7.817506397498326,7.423566450920792,7.764980792999268,68100,0.0,0.0
2022-03-22 00:00:00-04:00,7.843768496116162,7.94006446017366,7.81750611225796,7.870030879974365,30300,0.0,0.0
2022-03-23 00:00:00-04:00,7.843768173932423,7.843768173932423,7.6949466134052535,7.703701019287109,37900,0.0,0.0
2022-03-24 00:00:00-04:00,7.764979150587741,7.764979150587741,7.589895230734069,7.659928798675537,25100,0.0,0.0
2022-03-25 00:00:00-04:00,7.694947839398197,8.01009898756142,7.581143049400476,7.9663286209106445,42100,0.0,0.0
2022-03-28 00:00:00-04:00,7.940063947950219,8.045114311472231,7.8262591787515206,8.036360740661621,39100,0.0,0.0
2022-03-29 00:00:00-04:00,8.045114871444,8.062623684016055,7.870030920054112,7.983835697174072,42200,0.0,0.0
2022-03-30 00:00:00-04:00,7.983835829733174,8.001344642595937,7.878785457155045,7.887539863586426,28900,0.0,0.0
2022-03-31 00:00:00-04:00,7.852521874649899,7.957572231200255,7.826258659362793,7.826258659362793,20600,0.0,0.0
2022-04-01 00:00:00-04:00,7.931310179904099,7.931310179904099,7.835013389587402,7.835013389587402,15800,0.0,0.0
2022-04-04 00:00:00-04:00,7.835011246078922,7.922553606986729,7.7912400656250185,7.799994468688965,27500,0.0,0.0
2022-04-05 00:00:00-04:00,7.826258313820031,7.83501271852921,7.659928798675537,7.659928798675537,19900,0.0,0.0
2022-04-06 00:00:00-04:00,7.624913134856452,7.808751486426409,7.6161587288611905,7.677438735961914,13700,0.0,0.0
2022-04-07 00:00:00-04:00,7.642421084392663,7.782489075212898,7.616158701367789,7.747472286224365,45400,0.0,0.0
2022-04-08 00:00:00-04:00,7.7387181150214674,7.7824893113014975,7.651175722461409,7.686192512512207,11500,0.0,0.0
2022-04-11 00:00:00-04:00,7.6336681844166625,7.7037017685508005,7.572388172149658,7.572388172149658,37200,0.0,0.0
2022-04-12 00:00:00-04:00,7.572388930713838,7.756227316198508,7.572388930713838,7.651176929473877,29200,0.0,0.0
2022-04-13 00:00:00-04:00,7.598651085304126,7.63366787595624,7.581142272544996,7.5898966789245605,28200,0.0,0.0
2022-04-14 00:00:00-04:00,7.5898965783252965,7.694946948889264,7.572387765798236,7.616158962249756,11300,0.0,0.0
2022-04-18 00:00:00-04:00,7.651175853849225,7.756226225805569,7.572387866165432,7.5898966789245605,25700,0.0,0.0
2022-04-19 00:00:00-04:00,7.729963402066582,7.738717807948438,7.686192207523398,7.703701019287109,7000,0.0,0.0
2022-04-20 00:00:00-04:00,7.677439945537758,7.948819895217751,7.677439945537758,7.9138031005859375,21900,0.0,0.0
2022-04-21 00:00:00-04:00,7.905046329705134,7.905046329705134,7.826258356623576,7.843767166137695,14800,0.0,0.0
2022-04-22 00:00:00-04:00,7.799997032970594,7.835013821872466,7.7212090492248535,7.7212090492248535,11600,0.0,0.0
2022-04-25 00:00:00-04:00,7.651175853849225,7.668684666608354,7.441075109936539,7.5898966789245605,21600,0.0,0.0
2022-04-26 00:00:00-04:00,7.502354092556516,7.62491327413048,7.449829325357761,7.484846115112305,28200,0.0,0.0
2022-04-27 00:00:00-04:00,7.493601438196929,7.712456609658839,7.458584644157673,7.554880619049072,43700,0.0,0.0
2022-04-28 00:00:00-04:00,7.589897206589288,7.74747319291187,7.528618027404373,7.607405185699463,18900,0.0,0.0
2022-04-29 00:00:00-04:00,7.5898971915334466,7.607405170608891,7.441075612494266,7.519863605499268,81100,0.0,0.0
2022-05-02 00:00:00-04:00,7.519862862242381,7.572387629143413,7.336024508356538,7.371041297912598,45500,0.0,0.0
2022-05-03 00:00:00-04:00,7.327269975695228,7.581141904308345,7.327269975695228,7.467337131500244,33700,0.0,0.0
2022-05-04 00:00:00-04:00,7.476091256314842,7.668684005737306,7.476091256314842,7.668684005737305,24600,0.0,0.0
2022-05-05 00:00:00-04:00,7.721208410073135,7.721208410073135,7.423565311612678,7.476090908050537,16000,0.0,0.0
2022-05-06 00:00:00-04:00,7.476091465793986,7.476091465793986,7.265990734100342,7.265990734100342,17300,0.0,0.0
2022-05-09 00:00:00-04:00,7.808751375075304,7.808751375075304,7.230973945484735,7.265990734100342,36800,0.0,0.0
2022-05-10 00:00:00-04:00,7.451167109216283,7.451167109216283,7.08081316543058,7.16899299621582,30000,0.06,0.0
2022-05-11 00:00:00-04:00,7.186628925318073,7.398260364780887,7.186628925318073,7.310080528259277,25800,0.0,0.0
2022-05-12 00:00:00-04:00,7.230718612670898,7.30126214325733,7.204264998937292,7.230718612670898,19400,0.0,0.0
2022-05-13 00:00:00-04:00,7.283626197920487,7.283626197920487,7.186628219089639,7.248354434967041,20200,0.0,0.0
2022-05-16 00:00:00-04:00,7.28362679893981,7.310080413101463,7.15135704624108,7.213083267211914,41600,0.0,0.0
2022-05-17 00:00:00-04:00,7.30126107834896,7.486438029366094,7.30126107834896,7.407076358795166,20200,0.0,0.0
2022-05-18 00:00:00-04:00,7.380624169531386,7.530529389253317,7.371806017560624,7.424714088439941,17400,0.0,0.0
2022-05-19 00:00:00-04:00,7.415895582699025,7.442349196404104,7.301262135383395,7.380623817443848,21200,0.0,0.0
2022-05-20 00:00:00-04:00,7.451166734698437,7.451166734698437,7.142539024353027,7.142539024353027,31200,0.0,0.0
2022-05-23 00:00:00-04:00,7.257171621288796,7.257171621288796,7.142539024353027,7.142539024353027,36100,0.0,0.0
2022-05-24 00:00:00-04:00,7.168992875260383,7.442348832381214,7.168992875260383,7.362987995147705,29400,0.0,0.0
2022-05-25 00:00:00-04:00,7.398260595964419,7.556983129339792,7.336534372092351,7.389442443847656,20800,0.0,0.0
2022-05-26 00:00:00-04:00,7.459985139353526,7.6539802593639745,7.336533546447754,7.336533546447754,26000,0.0,0.0
2022-05-27 00:00:00-04:00,7.389443023672558,7.521711952021615,7.274809559995552,7.486440181732178,27500,0.0,0.0
2022-05-31 00:00:00-04:00,7.521710991727934,7.5481654467765855,7.424713846051899,7.495257377624512,14400,0.0,0.0
2022-06-01 00:00:00-04:00,7.407076358795166,7.57461785021048,7.362987289318069,7.407076358795166,29900,0.0,0.0
2022-06-02 00:00:00-04:00,7.41589663474541,7.548166403925513,7.398261170088598,7.5040764808654785,16600,0.0,0.0
2022-06-03 00:00:00-04:00,7.47761999630779,7.583436119357808,7.371804714202881,7.371804714202881,25000,0.0,0.0
2022-06-06 00:00:00-04:00,7.407076242654682,7.459984302520752,7.371804483058996,7.459984302520752,15100,0.0,0.0
2022-06-07 00:00:00-04:00,7.4599866900973435,7.592255620677705,7.442350384182442,7.451168537139893,29500,0.0,0.0
2022-06-08 00:00:00-04:00,7.5040756557741615,7.5040756557741615,7.407077667518182,7.442349433898926,15500,0.0,0.0
2022-06-09 00:00:00-04:00,7.442349086519721,7.512893456933724,6.816275052247847,7.116085052490234,63600,0.0,0.0
2022-06-10 00:00:00-04:00,7.08081316543058,7.2483546757334985,7.054359552573085,7.16899299621582,23400,0.0,0.0
2022-06-13 00:00:00-04:00,7.124903207721623,7.14253951057086,6.9749979972839355,6.9749979972839355,18100,0.0,0.0
2022-06-14 00:00:00-04:00,7.107268118794833,7.107268118794833,6.86918306350708,6.86918306350708,16000,0.0,0.0
2022-06-15 00:00:00-04:00,6.895636680189542,7.045541468923415,6.807456848558017,6.851546764373779,21100,0.0,0.0
2022-06-16 00:00:00-04:00,6.904454045946345,6.922089927245505,6.622279945159773,6.666369438171387,23100,0.0,0.0
2022-06-17 00:00:00-04:00,6.719276510151633,6.719276510151633,6.287197244862721,6.393012523651123,72200,0.0,0.0
2022-06-21 00:00:00-04:00,6.445920650042187,6.648733493278976,6.445920650042187,6.53410005569458,38200,0.0,0.0
2022-06-22 00:00:00-04:00,6.542918206496106,6.648733493278976,6.481192412303145,6.53410005569458,26300,0.0,0.0
2022-06-23 00:00:00-04:00,6.481192228638129,6.587007512422391,6.445920467376709,6.445920467376709,17800,0.0,0.0
2022-06-24 00:00:00-04:00,6.410649582892195,6.710460015091545,6.40183185160713,6.613462448120117,19300,0.0,0.0
2022-06-27 00:00:00-04:00,6.604644811612767,6.789821808244214,6.604644811612767,6.745732307434082,11700,0.0,0.0
2022-06-28 00:00:00-04:00,6.736913954514005,6.992634481210152,6.710460338909653,6.939726829528809,40600,0.0,0.0
2022-06-29 00:00:00-04:00,6.930908449238308,6.930908449238308,6.657552064228499,6.70164155960083,14100,0.0,0.0
2022-06-30 00:00:00-04:00,6.613461132082997,6.7016405297495965,6.525281734416398,6.578189373016357,12000,0.0,0.0
2022-07-01 00:00:00-04:00,6.648734099412161,6.648734099412161,6.472375272029589,6.5076470375061035,17300,0.0,0.0
2022-07-05 00:00:00-04:00,6.560554810488575,6.560554810488575,6.410649594126206,6.463557243347168,33200,0.0,0.0
2022-07-06 00:00:00-04:00,6.4635565311726655,6.604643580216494,6.4635565311726655,6.53410005569458,36900,0.0,0.0
2022-07-07 00:00:00-04:00,6.587008953094482,6.684006528014411,6.587008953094482,6.587008953094482,32000,0.0,0.0
2022-07-08 00:00:00-04:00,6.560555042633245,6.657552613206903,6.542919158935547,6.542919158935547,8100,0.0,0.0
2022-07-11 00:00:00-04:00,6.472374740410463,6.578190028148694,6.463556589529322,6.5164642333984375,21100,0.0,0.0
2022-07-12 00:00:00-04:00,6.578189961155933,6.587007691474697,6.401831150054932,6.401831150054932,94900,0.0,0.0
2022-07-13 00:00:00-04:00,6.393013937268795,6.604644541641174,6.393013937268795,6.542919158935547,15700,0.0,0.0
2022-07-14 00:00:00-04:00,6.4018311574522775,6.595825849887541,6.4018311574522775,6.53410005569458,16700,0.0,0.0
2022-07-15 00:00:00-04:00,6.525283567623061,6.736914181478195,6.481193646166916,6.587008953094482,15600,0.0,0.0
2022-07-18 00:00:00-04:00,6.657552315198658,6.772185343866126,6.4811930656433105,6.4811930656433105,45800,0.0,0.0
2022-07-19 00:00:00-04:00,6.507646623080861,6.833910643197515,6.507646623080861,6.781002998352051,28800,0.0,0.0
2022-07-20 00:00:00-04:00,6.728095353506587,6.833910643197515,6.684005439232408,6.781002998352051,20800,0.0,0.0
2022-07-21 00:00:00-04:00,6.807456492053947,6.974997574718138,6.728095236403335,6.816274642944336,24000,0.0,0.0
2022-07-22 00:00:00-04:00,6.860364735523239,7.01026952031953,6.789820787976493,6.913272380828857,16000,0.0,0.0
2022-07-25 00:00:00-04:00,7.036723738043822,7.071995922979991,6.772185084094446,6.851546764373779,38600,0.0,0.0
2022-07-26 00:00:00-04:00,6.781003233681752,6.957362055953702,6.781003233681752,6.86036491394043,20800,0.0,0.0
2022-07-27 00:00:00-04:00,7.486439457931484,7.715706363119613,7.354170542370392,7.56580114364624,54500,0.0,0.0
2022-07-28 00:00:00-04:00,7.574620120757788,7.9273378279748306,7.4952584263976165,7.609891891479492,34500,0.0,0.0
2022-07-29 00:00:00-04:00,7.601072306915853,7.971426250210992,7.601072306915853,7.759795665740967,43400,0.0,0.0
2022-08-01 00:00:00-04:00,7.759796025652575,7.96260846827348,7.7157061082733955,7.777431488037109,73300,0.0,0.0
2022-08-02 00:00:00-04:00,7.7157062289815554,7.786249761513767,7.636344544646507,7.742159843444824,20800,0.0,0.0
2022-08-03 00:00:00-04:00,7.7774319622383805,7.821521882305786,7.698070274306106,7.786250114440918,17300,0.0,0.0
2022-08-04 00:00:00-04:00,7.8038859367370605,7.847975013135449,7.671616184706213,7.8038859367370605,27600,0.0,0.0
2022-08-05 00:00:00-04:00,7.759796025652575,7.909701240174647,7.750977873987693,7.777431488037109,25100,0.0,0.0
2022-08-08 00:00:00-04:00,7.892065643559694,7.936155564887017,7.839158410723151,7.874430179595947,35400,0.0,0.0
2022-08-09 00:00:00-04:00,7.874430479769424,7.909940843114286,7.750143784745482,7.8389201164245605,12000,0.06,0.0
2022-08-10 00:00:00-04:00,7.936572969579904,7.980961132989991,7.741266405189603,7.830041885375977,14900,0.0,0.0
2022-08-11 00:00:00-04:00,7.812287210256894,7.927696097684874,7.714633080399631,7.883307933807373,19900,0.0,0.0
2022-08-12 00:00:00-04:00,7.918815664626251,7.989836364580731,7.821162413847222,7.856672763824463,26900,0.0,0.0
2022-08-15 00:00:00-04:00,7.865551360093683,7.989838034304328,7.865551360093683,7.936572074890137,11300,0.0,0.0
2022-08-16 00:00:00-04:00,7.963205613425709,8.069736687433252,7.936572209948535,7.980960369110107,21500,0.0,0.0
2022-08-17 00:00:00-04:00,7.972083948440235,8.016472115288302,7.8921862640743505,7.989839553833008,11800,0.0,0.0
2022-08-18 00:00:00-04:00,8.016470568219702,8.060858726501465,7.901061695340598,8.060858726501465,13100,0.0,0.0
2022-08-19 00:00:00-04:00,7.989838011904124,8.07861432846765,7.901061695340598,8.060858726501465,23700,0.0,0.0
2022-08-22 00:00:00-04:00,8.07861432846765,8.220655757662332,8.00759361387031,8.060858726501465,42000,0.0,0.0
2022-08-23 00:00:00-04:00,8.078613418565254,8.3183080916758,8.034225265282974,8.051980018615723,22600,0.0,0.0
2022-08-24 00:00:00-04:00,8.096368080052379,8.167388785844924,8.016469574377368,8.069735527038574,15500,0.0,0.0
2022-08-25 00:00:00-04:00,8.051982479439983,8.096370646288051,7.954329189681326,7.989839553833008,13100,0.0,0.0
2022-08-26 00:00:00-04:00,7.945452724482271,7.9720852904207575,7.6880023293862205,7.714634895324707,25000,0.0,0.0
2022-08-29 00:00:00-04:00,7.599224481046536,7.696877757092271,7.466059999201902,7.545958518981934,30200,0.0,0.0
2022-08-30 00:00:00-04:00,7.492691330219099,7.679120896972471,7.3861602701648295,7.457180976867676,8200,0.0,0.0
2022-08-31 00:00:00-04:00,7.430549918908517,7.519326243470087,7.35065139612986,7.3950395584106445,19200,0.0,0.0
2022-09-01 00:00:00-04:00,7.439427508995748,7.483815670013428,7.350651186960389,7.483815670013428,14500,0.0,0.0
2022-09-02 00:00:00-04:00,7.457181765223253,7.457181765223253,7.199731464549999,7.368406295776367,8200,0.0,0.0
2022-09-06 00:00:00-04:00,7.279629661001714,7.341773418191016,7.190854195441318,7.288507461547852,14500,0.0,0.0
2022-09-07 00:00:00-04:00,7.244120006210165,7.3861614421540915,7.199731845819254,7.315140724182129,13400,0.0,0.0
2022-09-08 00:00:00-04:00,7.226365157791941,7.590346544410588,7.226365157791941,7.501570224761963,14000,0.0,0.0
2022-09-09 00:00:00-04:00,7.590346336364746,7.723509965554036,7.545958177757081,7.590346336364746,16800,0.0,0.0
2022-09-12 00:00:00-04:00,7.634736158638969,7.67912348028526,7.55483762506142,7.61698055267334,18600,0.0,0.0
2022-09-13 00:00:00-04:00,7.412794221968942,7.56371344660546,7.341773509979248,7.341773509979248,24100,0.0,0.0
2022-09-14 00:00:00-04:00,7.279629043027105,7.501568958037892,7.244118690490723,7.244118690490723,28600,0.0,0.0
2022-09-15 00:00:00-04:00,7.137588534362581,7.439426992360974,7.137588534362581,7.421671390533447,14700,0.0,0.0
2022-09-16 00:00:00-04:00,7.19973166392182,7.359528698638419,7.110956192016602,7.110956192016602,101700,0.0,0.0
2022-09-19 00:00:00-04:00,7.137588727597611,7.4305493926135275,7.1287109264435005,7.403916835784912,16100,0.0,0.0
2022-09-20 00:00:00-04:00,7.288508383369268,7.439427625206628,7.279630581700302,7.412795066833496,28700,0.0,0.0
2022-09-21 00:00:00-04:00,7.324018525587059,7.457182160126055,7.288508166601078,7.315140724182129,17600,0.0,0.0
2022-09-22 00:00:00-04:00,7.288508476917027,7.430549918908517,7.279630675134114,7.3950395584106445,15100,0.0,0.0
2022-09-23 00:00:00-04:00,7.1997315325129145,7.2973856504501144,7.146466419668718,7.235241889953613,10800,0.0,0.0
2022-09-26 00:00:00-04:00,7.1109567164777445,7.190855239728876,7.057690752099063,7.102078914642334,11400,0.0,0.0
2022-09-27 00:00:00-04:00,7.15534456214644,7.181977119839466,6.986669721278535,7.022180080413818,12300,0.0,0.0
2022-09-28 00:00:00-04:00,7.093200389677445,7.37728409301267,7.022179675502064,7.128710746765137,18100,0.0,0.0
2022-09-29 00:00:00-04:00,7.137588345525294,7.226364659046805,7.1198335908011945,7.21748685836792,6700,0.0,0.0
2022-09-30 00:00:00-04:00,7.21748685836792,7.28850757053166,7.18197650228605,7.21748685836792,15000,0.0,0.0
2022-10-03 00:00:00-04:00,7.386160318594326,7.590345486679012,7.181975997143252,7.519324779510498,28500,0.0,0.0
2022-10-04 00:00:00-04:00,7.554836252995041,7.714632444494973,7.545958451624562,7.6081013679504395,27200,0.0,0.0
2022-10-05 00:00:00-04:00,7.528203079822783,7.625857204626265,7.341774325126164,7.466060161590576,44900,0.0,0.0
2022-10-06 00:00:00-04:00,7.483815786917693,7.501570543621859,7.377284706791397,7.412795066833496,7300,0.0,0.0
2022-10-07 00:00:00-04:00,7.226364687108525,7.448304625140478,7.226364687108525,7.332895755767822,13400,0.0,0.0
2022-10-10 00:00:00-04:00,7.324017955054462,7.474937180646884,7.297385399548056,7.332895755767822,10600,0.0,0.0
2022-10-11 00:00:00-04:00,7.288507598834697,7.474937180646884,7.244119441901571,7.332895755767822,17200,0.0,0.0
2022-10-12 00:00:00-04:00,7.226364341079689,7.483814623003601,7.226364341079689,7.430548667907715,12400,0.0,0.0
2022-10-13 00:00:00-04:00,7.30626371776528,7.679122951005439,7.30626371776528,7.625857830047607,13900,0.0,0.0
2022-10-14 00:00:00-04:00,7.457181814580362,7.625856646923142,7.457181814580362,7.599224090576172,9100,0.0,0.0
2022-10-17 00:00:00-04:00,7.625856970691397,7.634734772061876,7.368406657383673,7.6081013679504395,13400,0.0,0.0
2022-10-18 00:00:00-04:00,7.634734772061876,7.723510245865452,7.56371405436552,7.6081013679504395,12300,0.0,0.0
2022-10-19 00:00:00-04:00,7.61697923731224,7.652489596477394,7.545958518981934,7.545958518981934,11300,0.0,0.0
2022-10-20 00:00:00-04:00,7.359530192608955,7.688001283268075,7.359530192608955,7.61698055267334,9900,0.0,0.0
2022-10-21 00:00:00-04:00,7.5903480223036235,7.5903480223036235,7.448306560516357,7.448306560516357,15800,0.0,0.0
2022-10-24 00:00:00-04:00,7.457180976867676,7.457180976867676,7.3861602701648295,7.457180976867676,16300,0.0,0.0
2022-10-25 00:00:00-04:00,7.3240189442214625,7.616979634259618,7.3240189442214625,7.492692947387695,21600,0.0,0.0
2022-10-26 00:00:00-04:00,7.590346632136476,7.634734792473807,7.528202869010717,7.554836273193359,26400,0.0,0.0
2022-10-27 00:00:00-04:00,7.537080650254084,7.652489528169096,7.537080650254084,7.6081013679504395,41500,0.0,0.0
2022-10-28 00:00:00-04:00,7.670245881337932,7.847797692949819,7.625857716776505,7.812287330627441,27500,0.0,0.0
2022-10-31 00:00:00-04:00,7.803407482069192,7.803407482069192,7.679120823216155,7.767897129058838,22800,0.0,0.0
2022-11-01 00:00:00-04:00,7.688000733924631,7.812287426901499,7.688000733924631,7.79453182220459,24600,0.0,0.0
2022-11-02 00:00:00-04:00,7.7945296821582035,7.7945296821582035,7.767897129058838,7.767897129058838,17500,0.0,0.0
2022-11-03 00:00:00-04:00,7.7501434421748705,7.901062691378089,7.7501434421748705,7.883307933807373,55300,0.0,0.0
2022-11-04 00:00:00-04:00,7.972082567951049,7.980960369110107,7.918817454264136,7.980960369110107,13000,0.0,0.0
2022-11-07 00:00:00-05:00,7.989839553833008,8.069738084832755,7.94545138698494,7.989839553833008,23900,0.0,0.0
2022-11-08 00:00:00-05:00,8.03452196446574,8.03452196446574,7.90046464962411,7.963024616241455,21400,0.06,0.0
2022-11-09 00:00:00-05:00,7.989836753667241,8.079208874556459,7.963025458326761,8.070271492004395,40700,0.0,0.0
2022-11-10 00:00:00-05:00,8.079209130423543,8.13283257511846,7.793219698225954,8.114957809448242,41200,0.0,0.0
2022-11-11 00:00:00-05:00,8.061335274425081,8.222203905022928,8.061335274425081,8.195392608642578,36700,0.0,0.0
2022-11-14 00:00:00-05:00,8.204331308355096,8.222205224705553,8.043461799621582,8.043461799621582,27000,0.0,0.0
2022-11-15 00:00:00-05:00,8.177519295811177,8.213267981441984,8.114959309036237,8.186456680297852,19500,0.0,0.0
2022-11-16 00:00:00-05:00,8.168581815634855,8.33838783959536,8.168581815634855,8.284765243530273,53800,0.0,0.0
2022-11-17 00:00:00-05:00,8.275829494411354,8.400949478149414,8.275829494411354,8.400949478149414,57900,0.0,0.0
2022-11-18 00:00:00-05:00,8.400946827834291,8.490318947151641,8.38307291536024,8.463507652282715,35000,0.0,0.0
2022-11-21 00:00:00-05:00,8.490320156065989,8.7137496338572,8.45457147371203,8.508194923400879,41400,0.0,0.0
2022-11-22 00:00:00-05:00,8.45457216241115,8.669064274007182,8.445634778015679,8.624378204345703,37000,0.0,0.0
2022-11-23 00:00:00-05:00,8.66906376846732,8.847807184373853,8.526069035742093,8.731624603271484,28800,0.0,0.0
2022-11-25 00:00:00-05:00,8.829931305216201,8.928239949022569,8.302637706322052,8.812056541442871,19500,0.0,0.0
2022-11-28 00:00:00-05:00,8.731623802723849,9.160607961568672,8.669062973655494,8.7763090133667,45000,0.0,0.0
2022-11-29 00:00:00-05:00,8.704810771610271,8.937177593599623,8.686936859627222,8.856742858886719,28400,0.0,0.0
2022-11-30 00:00:00-05:00,8.90143017912501,8.92824147705801,8.633314642847623,8.88355541229248,43600,0.0,0.0
2022-12-01 00:00:00-05:00,8.829933319644438,8.829933319644438,8.686938586098105,8.713749885559082,21100,0.0,0.0
2022-12-02 00:00:00-05:00,8.669064310891958,8.803122520446777,8.508195652668421,8.803122520446777,14700,0.0,0.0
2022-12-05 00:00:00-05:00,8.722685425744231,8.794182777404785,8.624375927974222,8.794182777404785,40900,0.0,0.0
2022-12-06 00:00:00-05:00,8.758435902578505,8.767373286452791,8.66906376846732,8.731624603271484,44400,0.0,0.0
2022-12-07 00:00:00-05:00,8.731623393015152,8.758434688605963,8.642251271291489,8.68693733215332,36500,0.0,0.0
2022-12-08 00:00:00-05:00,8.731623393015152,8.731623393015152,8.561816532203336,8.68693733215332,27900,0.0,0.0
2022-12-09 00:00:00-05:00,8.713748172819928,8.749496849179897,8.633313437931083,8.677999496459961,32300,0.0,0.0
2022-12-12 00:00:00-05:00,8.704812605703673,8.704812605703673,8.579692638512684,8.61544132232666,14800,0.0,0.0
2022-12-13 00:00:00-05:00,8.722686231863026,8.722686231863026,8.36519858820689,8.374135971069336,78600,0.0,0.0
2022-12-14 00:00:00-05:00,8.427759671646811,8.55287962625452,8.383073608294444,8.418822288513184,24300,0.0,0.0
2022-12-15 00:00:00-05:00,8.409885252596625,8.454571317793937,8.186455778925872,8.266890525817871,51300,0.0,0.0
2022-12-16 00:00:00-05:00,8.17751778466253,8.499256748200557,7.855779673440242,8.114957809448242,205700,0.0,0.0
2022-12-19 00:00:00-05:00,8.168581404778019,8.60650294398512,8.097084045410156,8.097084045410156,21100,0.0,0.0
2022-12-20 00:00:00-05:00,8.141768866946697,8.695873801742776,8.11495757154313,8.606502532958984,116200,0.0,0.0
2022-12-21 00:00:00-05:00,8.70481026581609,8.70481026581609,8.579690332257837,8.588626861572266,29800,0.0,0.0
2022-12-22 00:00:00-05:00,8.606503129065612,8.606503129065612,8.427759726802126,8.49925708770752,35500,0.0,0.0
2022-12-23 00:00:00-05:00,8.535005069017037,8.624376336670066,8.535005069017037,8.54394245147705,22200,0.0,0.0
2022-12-27 00:00:00-05:00,8.517131001775983,8.606503129065612,8.49925708770752,8.49925708770752,11700,0.0,0.0
2022-12-28 00:00:00-05:00,8.54394258741381,8.561816500302513,8.427759170532227,8.427759170532227,14100,0.0,0.0
2022-12-29 00:00:00-05:00,8.490320457820266,8.490320457820266,8.400948322601081,8.436697006225586,17400,0.0,0.0
2022-12-30 00:00:00-05:00,8.445634340006029,8.481383023418026,8.392011741045954,8.454571723937988,43900,0.0,0.0
2023-01-03 00:00:00-05:00,8.445633585598298,8.490319648950665,8.40094752224593,8.418822288513184,38800,0.0,0.0
2023-01-04 00:00:00-05:00,8.481381917067885,8.490319299834011,8.427759325102585,8.472444534301758,34600,0.0,0.0
2023-01-05 00:00:00-05:00,8.400946827834291,8.526067624415441,8.329449473306692,8.463507652282715,70500,0.0,0.0
2023-01-06 00:00:00-05:00,8.49032045553476,8.535006523132324,8.49032045553476,8.535006523132324,79700,0.0,0.0
2023-01-09 00:00:00-05:00,8.579692785374816,8.713750138892976,8.508195416523014,8.660126686096191,100300,0.0,0.0
2023-01-10 00:00:00-05:00,8.695873088501555,8.919302520608776,8.695873088501555,8.829931259155273,94900,0.0,0.0
2023-01-11 00:00:00-05:00,8.892491554619767,8.892491554619767,8.588627379402205,8.677999496459961,58800,0.0,0.0
2023-01-12 00:00:00-05:00,8.669063972660942,8.669063972660942,8.517131852482775,8.597566604614258,23800,0.0,0.0
2023-01-13 00:00:00-05:00,8.543945281232897,8.722688728054509,8.499259206448498,8.704813957214355,26900,0.0,0.0
2023-01-17 00:00:00-05:00,8.70481026581609,8.70481026581609,8.56181556899773,8.588626861572266,19200,0.0,0.0
2023-01-18 00:00:00-05:00,8.588629834374315,8.597567219097886,8.45457247278443,8.490321159362793,16800,0.0,0.0
2023-01-19 00:00:00-05:00,8.543942744115045,8.543942744115045,8.418821942336457,8.472444534301758,15000,0.0,0.0
2023-01-20 00:00:00-05:00,8.48138256974441,8.651189446105223,8.436696504790733,8.445633888244629,26600,0.0,0.0
2023-01-23 00:00:00-05:00,8.44563368933727,8.561817114554216,8.436696306093864,8.481382369995117,24200,0.0,0.0
2023-01-24 00:00:00-05:00,8.42776042445795,8.454571723937988,8.356263057633955,8.454571723937988,39600,0.0,0.0
2023-01-25 00:00:00-05:00,8.713747647446143,8.794182377485376,8.463506928014013,8.588626861572266,35500,0.0,0.0
2023-01-26 00:00:00-05:00,8.615440022965121,8.67799999712546,8.615440022965121,8.669062614440918,37900,0.0,0.0
2023-01-27 00:00:00-05:00,8.686938689954612,8.695875221671216,8.56181787044777,8.61544132232666,45200,0.0,0.0
2023-01-30 00:00:00-05:00,8.606503938294203,8.651190006140636,8.54394395469871,8.61544132232666,21300,0.0,0.0
2023-01-31 00:00:00-05:00,8.624377750934704,8.713749885559082,8.543943852551774,8.713749885559082,93800,0.0,0.0
2023-02-01 00:00:00-05:00,8.713749185605941,8.847806524458184,8.713749185605941,8.758435249328613,65900,0.0,0.0
2023-02-02 00:00:00-05:00,8.776307629085151,8.865679740905762,8.776307629085151,8.865679740905762,43500,0.0,0.0
2023-02-03 00:00:00-05:00,8.767371099755591,8.892491033525694,8.767371099755591,8.865679740905762,52900,0.0,0.0
2023-02-06 00:00:00-05:00,8.874618530273438,8.892492444083405,8.847806381084844,8.874618530273438,36000,0.0,0.0
2023-02-07 00:00:00-05:00,8.748610442937517,9.180640164382948,8.748610442937517,9.081633567810059,75300,0.07,0.0
2023-02-08 00:00:00-05:00,9.12663720535737,9.135637181101517,8.784613234442979,8.82961654663086,30300,0.0,0.0
2023-02-09 00:00:00-05:00,8.892621386033687,8.892621386033687,8.604601538183804,8.640604019165039,20700,0.0,0.0
2023-02-10 00:00:00-05:00,8.604599650514498,8.74860954284668,8.604599650514498,8.74860954284668,30200,0.0,0.0
2023-02-13 00:00:00-05:00,8.766610416041841,8.910620309455533,8.766610416041841,8.847616195678711,46300,0.0,0.0
2023-02-14 00:00:00-05:00,8.847615219112948,8.90161935236565,8.730606979037574,8.739607810974121,41900,0.0,0.0
2023-02-15 00:00:00-05:00,8.730609203526967,8.802614160632471,8.586599289315958,8.703607559204102,35500,0.0,0.0
2023-02-16 00:00:00-05:00,8.613600056970135,8.937623189333511,8.613600056970135,8.91062068939209,68800,0.0,0.0
2023-02-17 00:00:00-05:00,8.892619833109412,9.036629731885807,8.87461816657901,9.027628898620605,104600,0.0,0.0
2023-02-21 00:00:00-05:00,8.793612260678495,9.108633664494956,8.793612260678495,9.036628723144531,76700,0.0,0.0
2023-02-22 00:00:00-05:00,9.099633147218173,9.14463645171163,8.96462409210444,9.000626564025879,75600,0.0,0.0
2023-02-23 00:00:00-05:00,9.07263273402159,9.081633567810059,8.9736261374487,9.081633567810059,21500,0.0,0.0
2023-02-24 00:00:00-05:00,8.9196221586851,9.027629591051708,8.802613892362913,8.946623802185059,24400,0.0,0.0
2023-02-27 00:00:00-05:00,9.054630076727033,9.081631714214549,8.973624305897912,9.072630882263184,29400,0.0,0.0
2023-02-28 00:00:00-05:00,9.090632546165912,9.108633351702062,9.009626775336791,9.072630882263184,46300,0.0,0.0
2023-03-01 00:00:00-05:00,9.036628024878127,9.06362966120645,8.901618984869971,9.009626388549805,39700,0.0,0.0
2023-03-02 00:00:00-05:00,9.009627972431757,9.009627972431757,8.910620524544944,8.937623023986816,28500,0.0,0.0
2023-03-03 00:00:00-05:00,8.928622992640676,8.991627113596172,8.89262051518514,8.946623802185059,30700,0.0,0.0
2023-03-06 00:00:00-05:00,8.94662316428061,8.964624830908223,8.865618239556474,8.91062068939209,25400,0.0,0.0
2023-03-07 00:00:00-05:00,8.874617781259087,8.910620254390023,8.721607055860941,8.856616973876953,51600,0.0,0.0
2023-03-08 00:00:00-05:00,8.496591942569601,8.937623340365066,8.496591942569601,8.901620864868164,65800,0.0,0.0
2023-03-09 00:00:00-05:00,8.937622461598083,8.937622461598083,8.559596076865638,8.667603492736816,73000,0.0,0.0
2023-03-10 00:00:00-05:00,8.59560045783659,8.59560045783659,8.280578114473403,8.451590538024902,69700,0.0,0.0
2023-03-13 00:00:00-04:00,8.262577748238977,8.262577748238977,7.8035454603663945,7.911552906036377,83400,0.0,0.0
2023-03-14 00:00:00-04:00,8.118565431803912,8.424586008639352,7.87554810677876,7.965554714202881,72500,0.0,0.0
2023-03-15 00:00:00-04:00,7.848546629408939,8.136566405706523,7.803543324770781,8.001557350158691,57900,0.0,0.0
2023-03-16 00:00:00-04:00,7.911552040376825,8.577598311648263,7.794543772445337,8.49659252166748,60100,0.0,0.0
2023-03-17 00:00:00-04:00,8.370584306589283,8.406586784662853,7.668535554971292,7.785542964935303,113800,0.0,0.0
2023-03-20 00:00:00-04:00,7.875548933684098,8.055561309066393,7.326510974176424,7.704537391662598,130400,0.0,0.0
2023-03-21 00:00:00-04:00,7.812545718713433,8.037561428507098,7.740540760248805,7.9745564460754395,61200,0.0,0.0
2023-03-22 00:00:00-04:00,7.7855427506151225,7.893551040229367,7.605530365202653,7.650533676147461,63500,0.0,0.0
2023-03-23 00:00:00-04:00,7.641532296064244,7.713537245082279,7.353512499992104,7.443519115447998,65900,0.0,0.0
2023-03-24 00:00:00-04:00,7.416517601536723,7.758541584014893,7.380515122242538,7.758541584014893,54000,0.0,0.0
2023-03-27 00:00:00-04:00,7.812544053439402,7.8755481640746785,7.560525894165039,7.560525894165039,88500,0.0,0.0
2023-03-28 00:00:00-04:00,7.56052843096127,7.641534233738992,7.443521002912248,7.551528453826904,50900,0.0,0.0
2023-03-29 00:00:00-04:00,7.596529796686816,7.596529796686816,7.479522385856718,7.515524864196777,19700,0.0,0.0
2023-03-30 00:00:00-04:00,7.470521403311363,7.605530479813533,7.3805147800654,7.41651725769043,22100,0.0,0.0
2023-03-31 00:00:00-04:00,7.452519038456518,7.452519038456518,7.308509141422258,7.389514923095703,28700,0.0,0.0
2023-04-03 00:00:00-04:00,7.362514116659828,7.641533109203588,7.362514116659828,7.515524864196777,73000,0.0,0.0
2023-04-04 00:00:00-04:00,7.515525045990362,7.515525045990362,7.227504353936143,7.272507667541504,51300,0.0,0.0
2023-04-05 00:00:00-04:00,7.281507922246846,7.398516184958898,7.164499659534795,7.335511207580566,49100,0.0,0.0
2023-04-06 00:00:00-04:00,7.290508586653843,7.344511870733715,7.191501135229536,7.2545061111450195,18300,0.0,0.0
2023-04-10 00:00:00-04:00,7.2545063809773,7.326511334673179,7.092494805978192,7.164499759674072,89100,0.0,0.0
2023-04-11 00:00:00-04:00,7.146497883699154,7.227503234788707,7.06549210342626,7.1284966468811035,65400,0.0,0.0
2023-04-12 00:00:00-04:00,7.110495410063054,7.155498287516509,6.975485919336012,7.1284966468811035,62100,0.0,0.0
2023-04-13 00:00:00-04:00,7.092493846949259,7.119495486342433,6.975485598423323,7.056491374969482,52700,0.0,0.0
2023-04-14 00:00:00-04:00,7.101494942749014,7.101494942749014,6.849477614318857,6.9754862785339355,50800,0.0,0.0
2023-04-17 00:00:00-04:00,7.002487761658963,7.002487761658963,6.723467956268938,6.930482387542725,45200,0.0,0.0
2023-04-18 00:00:00-04:00,6.903481320623221,7.011488746984855,6.696466872171741,6.813475131988525,89300,0.0,0.0
2023-04-19 00:00:00-04:00,6.876479260771628,7.083493709564209,6.77747266770201,7.083493709564209,67400,0.0,0.0
2023-04-20 00:00:00-04:00,7.065492416746297,7.128496962995084,6.930482920032244,7.092494487762451,63000,0.0,0.0
2023-04-21 00:00:00-04:00,7.065491556082526,7.092493623809497,6.894479604967199,6.966484546661377,131000,0.0,0.0
2023-04-24 00:00:00-04:00,6.9934882488059085,7.1915018847418,6.9934882488059085,7.110496520996094,83300,0.0,0.0
2023-04-25 00:00:00-04:00,7.047489958540749,7.047489958540749,6.642461967730725,6.786471843719482,87100,0.0,0.0
2023-04-26 00:00:00-04:00,6.71446693004883,6.813473934741404,6.309438937771558,6.390444278717041,56600,0.0,0.0
2023-04-27 00:00:00-04:00,6.354442742393899,6.3994460500013455,6.084424184299267,6.1744303703308105,72600,0.0,0.0
2023-04-28 00:00:00-04:00,6.183431953934137,6.354443954609111,5.985418306890364,6.093425750732422,164300,0.0,0.0
2023-05-01 00:00:00-04:00,6.120426407462002,6.129426811104007,5.697396706704532,5.760401248931885,117600,0.0,0.0
2023-05-02 00:00:00-04:00,5.805404313166414,5.805404313166414,5.256366368573423,5.409377098083496,195600,0.0,0.0
2023-05-03 00:00:00-04:00,5.47238153751202,5.778403014670052,5.445379894929471,5.535386085510254,187700,0.0,0.0
2023-05-04 00:00:00-04:00,5.535385527989837,5.634392542248461,5.220363678094208,5.265366554260254,160700,0.0,0.0
2023-05-05 00:00:00-04:00,5.418377557117537,5.4993833392544875,5.283368063283736,5.400376319885254,88300,0.0,0.0
2023-05-08 00:00:00-04:00,5.463380705807383,5.544386056403756,5.409376995682022,5.41837739944458,71900,0.0,0.0
2023-05-09 00:00:00-04:00,5.473016685114614,5.473016685114614,5.2089273042166635,5.318205833435059,52700,0.07,0.0
2023-05-10 00:00:00-04:00,5.4274837787258585,5.4548030846025535,5.327311977302057,5.409270763397217,44200,0.0,0.0
2023-05-11 00:00:00-04:00,5.372844748214277,5.3910577635953745,5.254459931120873,5.327311992645264,36800,0.0,0.0
2023-05-12 00:00:00-04:00,5.363738023407459,5.4274837943575704,5.299992686689887,5.327311992645264,125600,0.0,0.0
2023-05-15 00:00:00-04:00,5.345525904947367,5.4821237603415005,5.345525904947367,5.372845649719238,29300,0.0,0.0
2023-05-16 00:00:00-04:00,5.363738155896219,5.445696944251878,5.318205833435059,5.318205833435059,43300,0.0,0.0
2023-05-17 00:00:00-04:00,5.418377446281775,5.573188304901123,5.418377446281775,5.573188304901123,75600,0.0,0.0
2023-05-18 00:00:00-04:00,5.582295353893268,5.600508371596321,5.500336557113231,5.509443283081055,49300,0.0,0.0
2023-05-19 00:00:00-04:00,5.500336674815622,5.536762711001214,5.37284554816605,5.418377876281738,47100,0.0,0.0
2023-05-22 00:00:00-04:00,5.418377564901172,5.5185493757712285,5.3364192053098325,5.44569730758667,98600,0.0,0.0
2023-05-23 00:00:00-04:00,5.463910083390909,5.718892745011477,5.463910083390909,5.545868873596191,85200,0.0,0.0
2023-05-24 00:00:00-04:00,5.554975409863507,5.627827478048066,5.345525496716613,5.44569730758667,67700,0.0,0.0
2023-05-25 00:00:00-04:00,5.4183772395043714,5.482123012453942,5.336418884834984,5.3546319007873535,48600,0.0,0.0
2023-05-26 00:00:00-04:00,5.30909986807328,5.391058668156282,5.1725020126791454,5.372845649719238,67200,0.0,0.0
2023-05-30 00:00:00-04:00,5.400164697477166,5.400164697477166,5.154288743425518,5.236247539520264,36300,0.0,0.0
2023-05-31 00:00:00-04:00,5.236247080846647,5.263566821895996,5.081436228109625,5.154288291931152,66300,0.0,0.0
2023-06-01 00:00:00-04:00,5.19071449122831,5.227140524313714,5.1087561339024345,5.181608200073242,54400,0.0,0.0
2023-06-02 00:00:00-04:00,5.218034005716104,5.463909935441678,5.218034005716104,5.436590194702148,61700,0.0,0.0
2023-06-05 00:00:00-04:00,5.42748464260765,5.42748464260765,5.126969624736414,5.299993515014648,92000,0.0,0.0
2023-06-06 00:00:00-04:00,5.391057768892739,5.57318792288268,5.391057768892739,5.527655601501465,92500,0.0,0.0
2023-06-07 00:00:00-04:00,5.536762435770903,5.627827521708073,5.536762435770903,5.600508213043213,57100,0.0,0.0
2023-06-08 00:00:00-04:00,5.5914011258398855,5.5914011258398855,5.445696997760426,5.473016738891602,24100,0.0,0.0
2023-06-09 00:00:00-04:00,5.46391063863003,5.536762711001214,5.418377876281738,5.418377876281738,46400,0.0,0.0
2023-06-12 00:00:00-04:00,5.491229737546403,5.518549044358681,5.336418884834984,5.3546319007873535,32100,0.0,0.0
2023-06-13 00:00:00-04:00,5.354632415488804,5.554975610222391,5.354632415488804,5.509443283081055,44500,0.0,0.0
2023-06-14 00:00:00-04:00,5.509443400978322,5.600508491442302,5.36373882200335,5.418377876281738,52500,0.0,0.0
2023-06-15 00:00:00-04:00,5.436590462929194,5.609614338195962,5.436590462929194,5.573188304901123,65800,0.0,0.0
2023-06-16 00:00:00-04:00,5.582295176561085,5.582295176561085,5.345525519710234,5.363738536834717,43000,0.0,0.0
2023-06-20 00:00:00-04:00,5.381951242987308,5.4639100324281475,5.354631935995398,5.391057968139648,51700,0.0,0.0
2023-06-21 00:00:00-04:00,5.354632467633656,5.3819517773379815,5.318206431872823,5.345525741577148,49200,0.0,0.0
2023-06-22 00:00:00-04:00,5.354632370716544,5.354632370716544,5.172501760976284,5.236247539520264,95300,0.0,0.0
2023-06-23 00:00:00-04:00,5.236247793181923,5.3546326301131675,5.236247793181923,5.25446081161499,43500,0.0,0.0
2023-06-26 00:00:00-04:00,5.254460812762148,5.400164960258498,5.236247794325105,5.372845649719238,28400,0.0,0.0
2023-06-27 00:00:00-04:00,5.381951242987308,5.436590291203683,5.263566855634774,5.391057968139648,20300,0.0,0.0
2023-06-28 00:00:00-04:00,5.427483756822803,5.427483756822803,5.281779634781666,5.290885925292969,28400,0.0,0.0
2023-06-29 00:00:00-04:00,5.409271521274905,5.427484539155322,5.290886687935898,5.345525741577148,9700,0.0,0.0
2023-06-30 00:00:00-04:00,5.345525140065245,5.345525140065245,5.28177980177311,5.318205833435059,15500,0.0,0.0
2023-07-03 00:00:00-04:00,5.327312886510323,5.391058668156282,5.327312886510323,5.372845649719238,3100,0.0,0.0
2023-07-05 00:00:00-04:00,5.309099705816315,5.372845485514072,5.263567378231573,5.345525741577148,31200,0.0,0.0
2023-07-06 00:00:00-04:00,5.354632538265659,5.354632538265659,5.172501922826442,5.2635674476623535,111300,0.0,0.0
2023-07-07 00:00:00-04:00,5.290886346649516,5.381951430177484,5.2544603132383285,5.336419105529785,31300,0.0,0.0
2023-07-10 00:00:00-04:00,5.35463182891438,5.436590182483676,5.281779766082764,5.281779766082764,20100,0.0,0.0
2023-07-11 00:00:00-04:00,5.327312825239702,5.454803952832704,5.299993515014648,5.299993515014648,39400,0.0,0.0
2023-07-12 00:00:00-04:00,5.354631840948656,5.509442691930044,5.336418825199819,5.436590194702148,32600,0.0,0.0
2023-07-13 00:00:00-04:00,5.4092709063272935,5.5549750328063965,5.4092709063272935,5.5549750328063965,55000,0.0,0.0
2023-07-14 00:00:00-04:00,5.627827059605855,5.627827059605855,5.445696902686266,5.518548965454102,20700,0.0,0.0
2023-07-17 00:00:00-04:00,5.536761981146061,5.573188012529979,5.500335949762143,5.518548965454102,21600,0.0,0.0
2023-07-18 00:00:00-04:00,5.536762807310771,5.764425754547119,5.536762807310771,5.764425754547119,44700,0.0,0.0
2023-07-19 00:00:00-04:00,5.755318566170095,5.919235706329346,5.700679519450344,5.919235706329346,39300,0.0,0.0
2023-07-20 00:00:00-04:00,5.873703169575643,5.901022911071777,5.800851104562699,5.901022911071777,23600,0.0,0.0
2023-07-21 00:00:00-04:00,5.973874806596738,5.973874806596738,5.819063955720173,5.8737030029296875,13600,0.0,0.0
2023-07-24 00:00:00-04:00,5.9192356176103065,5.9374486329105745,5.873702862243366,5.928342342376709,22300,0.0,0.0
2023-07-25 00:00:00-04:00,5.928342447932724,5.928342447932724,5.828170644881387,5.837276935577393,9400,0.0,0.0
2023-07-26 00:00:00-04:00,5.901022690756095,6.119578877635097,5.8463836440363455,5.919235706329346,63600,0.0,0.0
2023-07-27 00:00:00-04:00,6.046726724712187,6.046726724712187,5.873702862243366,5.928342342376709,50600,0.0,0.0
2023-07-28 00:00:00-04:00,5.937450290147967,6.101367473602295,5.928343997072389,6.101367473602295,22900,0.0,0.0
2023-07-31 00:00:00-04:00,6.110472900388062,6.110472900388062,6.010301092480821,6.092259883880615,35000,0.0,0.0
2023-08-01 00:00:00-04:00,6.092259814374652,6.092259814374652,5.937448958711291,6.019407749176025,33500,0.0,0.0
2023-08-02 00:00:00-04:00,5.982981388277515,6.05583344947859,5.910128892843903,5.928342342376709,38700,0.0,0.0
2023-08-03 00:00:00-04:00,5.9829808560504505,6.055832910770836,5.873702339737372,6.010300159454346,31900,0.0,0.0
2023-08-04 00:00:00-04:00,6.055832910770836,6.09225893813103,5.919235091053864,6.010300159454346,88300,0.0,0.0
2023-08-07 00:00:00-04:00,6.019407581840229,6.046726888413973,5.946555518666845,5.9920878410339355,54500,0.0,0.0
2023-08-08 00:00:00-04:00,5.936861016325068,5.992088018297044,5.863225598898046,5.890839099884033,63500,0.07,0.0
2023-08-09 00:00:00-04:00,5.9368603150920976,5.9368603150920976,5.826407201997746,5.881633758544922,36300,0.0,0.0
2023-08-10 00:00:00-04:00,5.86322490636253,5.918451462909705,5.817202995357379,5.881633758544922,36700,0.0,0.0
2023-08-11 00:00:00-04:00,5.844816373291397,5.927656432085833,5.844816373291397,5.91845178604126,13200,0.0,0.0
2023-08-14 00:00:00-04:00,5.918452321762228,5.918452321762228,5.844816902347103,5.8540215492248535,40200,0.0,0.0
2023-08-15 00:00:00-04:00,5.817203998565674,5.87243056463697,5.752772785364963,5.817203998565674,29700,0.0,0.0
2023-08-16 00:00:00-04:00,5.75277162545325,5.82640703203479,5.75277162545325,5.807998180389404,19200,0.0,0.0
2023-08-17 00:00:00-04:00,5.798794746398926,5.872430162788472,5.7527723917046085,5.798794746398926,15800,0.0,0.0
2023-08-18 00:00:00-04:00,5.761977920144722,5.890839918550319,5.761977920144722,5.863226413726807,10100,0.0,0.0
2023-08-21 00:00:00-04:00,5.844816521180413,5.872430021111145,5.725158752983393,5.771181106567383,39300,0.0,0.0
2023-08-22 00:00:00-04:00,5.807999718879252,5.817204366591,5.6055022971401725,5.725159645080566,43800,0.0,0.0
2023-08-23 00:00:00-04:00,5.771182005835783,5.918452858009659,5.706750788558832,5.725159645080566,22100,0.0,0.0
2023-08-24 00:00:00-04:00,5.761976758842379,5.82640752560854,5.66072784676482,5.74356746673584,31100,0.0,0.0
2023-08-25 00:00:00-04:00,5.743568501602301,5.780386653547531,5.6331153624718935,5.725159645080566,23100,0.0,0.0
2023-08-28 00:00:00-04:00,5.771181106567383,5.844816521180413,5.752772252914125,5.771181106567383,20400,0.0,0.0
2023-08-29 00:00:00-04:00,5.817203600496312,5.8908390168858595,5.771181245801995,5.798794746398926,18400,0.0,0.0
2023-08-30 00:00:00-04:00,5.807998953996768,5.844816662191541,5.7527723917046085,5.798794746398926,26000,0.0,0.0
2023-08-31 00:00:00-04:00,5.798794746398926,5.8540213086910855,5.669932328815517,5.798794746398926,23800,0.0,0.0
2023-09-01 00:00:00-04:00,5.7987945362953575,5.9276565103081005,5.7987945362953575,5.90004301071167,18000,0.0,0.0
2023-09-05 00:00:00-04:00,5.863226426645997,5.863226426645997,5.715955571000813,5.752773284912109,25400,0.0,0.0
2023-09-06 00:00:00-04:00,5.771182141867757,5.789590998823405,5.66072900013387,5.752773284912109,40400,0.0,0.0
2023-09-07 00:00:00-04:00,5.75277162545325,5.807998180389404,5.697545070517097,5.807998180389404,49200,0.0,0.0
2023-09-08 00:00:00-04:00,5.771181640722061,5.863225917507554,5.743568138235547,5.817203998565674,19700,0.0,0.0
2023-09-11 00:00:00-04:00,5.872430021111145,6.02890549661468,5.734363399260868,5.771181106567383,143000,0.0,0.0
2023-09-12 00:00:00-04:00,5.83561184753977,5.95526916727449,5.7435671477261545,5.881633758544922,19300,0.0,0.0
2023-09-13 00:00:00-04:00,5.835612234858355,5.881634148918052,5.789589881896973,5.789589881896973,33700,0.0,0.0
2023-09-14 00:00:00-04:00,5.7987952367657325,5.982883793306784,5.7987952367657325,5.955270290374756,37400,0.0,0.0
2023-09-15 00:00:00-04:00,5.9460650260911,5.964473878476144,5.8356119117808305,5.927656173706055,49400,0.0,0.0
2023-09-18 00:00:00-04:00,5.872429551904554,5.946064960634122,5.817202995357379,5.881633758544922,19600,0.0,0.0
2023-09-19 00:00:00-04:00,5.854020528953688,5.927655935535227,5.798793974017534,5.807998180389404,41000,0.0,0.0
2023-09-20 00:00:00-04:00,5.844817161560059,5.946066087197026,5.81720409750563,5.844817161560059,26200,0.0,0.0
2023-09-21 00:00:00-04:00,5.817203703898899,5.964474539295777,5.817203703898899,5.936861038208008,35900,0.0,0.0
2023-09-22 00:00:00-04:00,5.927656478911397,6.194585071689096,5.927656478911397,6.028905391693115,81600,0.0,0.0
2023-09-25 00:00:00-04:00,6.0473146639485025,6.065723518556647,5.982883453369141,5.982883453369141,14900,0.0,0.0
2023-09-26 00:00:00-04:00,5.992087376504543,6.019700435631279,5.927656173706055,5.927656173706055,17600,0.0,0.0
2023-09-27 00:00:00-04:00,5.927656432085833,5.992087637692804,5.91845178604126,5.91845178604126,11800,0.0,0.0
2023-09-28 00:00:00-04:00,6.038109614726843,6.065723114249354,5.964474201202393,5.964474201202393,9800,0.0,0.0
2023-09-29 00:00:00-04:00,5.982883712858499,6.019701423671643,5.964474857451926,5.973679065704346,19800,0.0,0.0
2023-10-02 00:00:00-04:00,6.0289057492327665,6.0289057492327665,5.881634474934179,5.936861038208008,31200,0.0,0.0
2023-10-03 00:00:00-04:00,5.936861313138048,6.028906028425304,5.89083939439615,5.992088317871094,44400,0.0,0.0
2023-10-04 00:00:00-04:00,6.019701378526612,6.166972220674725,6.0012925232580985,6.102541446685791,24400,0.0,0.0
2023-10-05 00:00:00-04:00,6.139359130319156,6.461514315557283,6.139359130319156,6.387878894805908,65300,0.0,0.0
2023-10-06 00:00:00-04:00,6.3694702741688936,6.498332265229042,6.341856770919419,6.443105697631836,37900,0.0,0.0
2023-10-09 00:00:00-04:00,6.397083338516625,6.516741121094777,6.3694702741688936,6.443105697631836,14400,0.0,0.0
2023-10-10 00:00:00-04:00,6.535150033403922,6.581172392916623,6.461514609304999,6.489128112792969,22000,0.0,0.0
2023-10-11 00:00:00-04:00,6.535148685744496,6.636397592452134,6.470717922395538,6.581171035766602,22200,0.0,0.0
2023-10-12 00:00:00-04:00,6.553558567100807,6.590376277339439,6.4615142915042245,6.562763214111328,23100,0.0,0.0
2023-10-13 00:00:00-04:00,6.627194115200111,6.627194115200111,6.360265491378828,6.415492057800293,85200,0.0,0.0
2023-10-16 00:00:00-04:00,6.489127795546112,6.553558569031841,6.452310085296631,6.452310085296631,25900,0.0,0.0
2023-10-17 00:00:00-04:00,6.6456025389020565,6.6456025389020565,6.461513996124268,6.461513996124268,40200,0.0,0.0
2023-10-18 00:00:00-04:00,6.479923271409537,6.479923271409537,6.305038924957363,6.415492057800293,21100,0.0,0.0
2023-10-19 00:00:00-04:00,6.443105697631836,6.498332265229042,6.360265626785154,6.443105697631836,9600,0.0,0.0
2023-10-20 00:00:00-04:00,6.378674507141113,6.443105722369436,6.2866302274590415,6.378674507141113,73000,0.0,0.0
2023-10-23 00:00:00-04:00,6.341856479644775,6.489127758708392,6.305038769604303,6.341856479644775,111500,0.0,0.0
2023-10-24 00:00:00-04:00,6.351060806832686,6.627193618233071,6.3050384521484375,6.3050384521484375,53000,0.0,0.0
2023-10-25 00:00:00-04:00,6.682420418963143,6.682420418963143,6.102540874064354,6.4707183837890625,65200,0.0,0.0
2023-10-26 00:00:00-04:00,6.443104990977616,6.728442445052707,6.443104990977616,6.6087846755981445,49400,0.0,0.0
2023-10-27 00:00:00-04:00,6.608785874845424,6.608785874845424,6.489128522579226,6.553559303283691,49000,0.0,0.0
2023-10-30 00:00:00-04:00,6.562762183538092,6.636397592452134,6.535148685744496,6.581171035766602,101200,0.0,0.0
2023-10-31 00:00:00-04:00,6.553558408634186,6.63639847411888,6.544354200747951,6.599580764770508,112600,0.0,0.0
2023-11-01 00:00:00-04:00,6.571967362905386,6.627193927764893,6.507536590020156,6.627193927764893,57200,0.0,0.0
2023-11-02 00:00:00-04:00,6.617989932271053,6.820487343258965,6.608785285048007,6.746851921081543,168100,0.0,0.0
2023-11-03 00:00:00-04:00,6.829692122030979,6.976962969222457,6.811283266132044,6.884918689727783,163800,0.0,0.0
2023-11-06 00:00:00-05:00,6.940146000899596,6.949350649286,6.838897063158116,6.8757147789001465,77900,0.0,0.0
2023-11-07 00:00:00-05:00,6.885004758301473,6.987211432829945,6.829255783936888,6.912879467010498,113700,0.07,0.0
2023-11-08 00:00:00-05:00,6.968629364570879,7.005795352404308,6.652718024933205,6.70846700668335,228700,0.0,0.0
2023-11-09 00:00:00-05:00,6.717758573591919,6.912880226841546,6.615551887829373,6.829256534576416,97900,0.0,0.0
2023-11-10 00:00:00-05:00,6.857130220484143,6.885004485033364,6.801381248332253,6.838547229766846,54600,0.0,0.0
2023-11-13 00:00:00-05:00,6.801382971729728,6.922172220472132,6.754925261637878,6.8571319580078125,61300,0.0,0.0
2023-11-14 00:00:00-05:00,7.005794986920063,7.21949962734032,6.9686290010255405,7.163750648498535,61400,0.0,0.0
2023-11-15 00:00:00-05:00,7.210208179670764,7.247374164674965,7.126584491884568,7.182333469390869,86000,0.0,0.0
2023-11-16 00:00:00-05:00,7.228791172172865,7.228791172172865,7.0801267891025725,7.182333469390869,43500,0.0,0.0
2023-11-17 00:00:00-05:00,7.238082989134957,7.247374707608837,7.210208719820363,7.2287917137146,34800,0.0,0.0
2023-11-20 00:00:00-05:00,7.265957597712127,7.29383186662855,7.210208616825764,7.2380828857421875,83400,0.0,0.0
2023-11-21 00:00:00-05:00,7.247374707608837,7.284540695397311,7.2009170013464825,7.2287917137146,45400,0.0,0.0
2023-11-22 00:00:00-05:00,7.247374164674965,7.247374164674965,7.135875766608874,7.182333469390869,52500,0.0,0.0
2023-11-24 00:00:00-05:00,7.210208616825764,7.2380828857421875,7.154459192885887,7.2380828857421875,32400,0.0,0.0
2023-11-27 00:00:00-05:00,7.2009170013464825,7.293831970817668,7.2009170013464825,7.2287917137146,79800,0.0,0.0
2023-11-28 00:00:00-05:00,7.2659565716531445,7.2659565716531445,7.070834944578137,7.191624164581299,87100,0.0,0.0
2023-11-29 00:00:00-05:00,7.228791398794398,7.312414646148682,7.228791398794398,7.312414646148682,40300,0.0,0.0
2023-11-30 00:00:00-05:00,7.34958032534472,7.34958032534472,7.238082371493659,7.2938313484191895,27600,0.0,0.0
2023-12-01 00:00:00-05:00,7.293832034740963,7.4982449693690505,7.293832034740963,7.4796624183654785,29700,0.0,0.0
2023-12-04 00:00:00-05:00,7.479661869180817,7.572576389590655,7.442495883795485,7.535410404205322,36800,0.0,0.0
2023-12-05 00:00:00-05:00,7.451788261717449,7.572577060338516,7.414621829986572,7.414621829986572,21600,0.0,0.0
2023-12-06 00:00:00-05:00,7.451788148806593,7.5539943945938735,7.423912993140656,7.4796624183654785,32900,0.0,0.0
2023-12-07 00:00:00-05:00,7.498244550748642,7.572576522827148,7.488953718819081,7.572576522827148,27200,0.0,0.0
2023-12-08 00:00:00-05:00,7.572576791161097,7.637617933614774,7.5447025221706845,7.600451946258545,16900,0.0,0.0
2023-12-11 00:00:00-05:00,7.600451946258545,7.6562004842393705,7.563285958902316,7.600451946258545,12700,0.0,0.0
2023-12-12 00:00:00-05:00,7.600452101263384,7.600452101263384,7.414621717638869,7.4796624183654785,30100,0.0,0.0
2023-12-13 00:00:00-05:00,7.507536801127059,7.665492474520904,7.461079093757034,7.619034767150879,37300,0.0,0.0
2023-12-14 00:00:00-05:00,7.665492674784294,7.721242102306208,7.53541126797122,7.646909236907959,55700,0.0,0.0
2023-12-15 00:00:00-05:00,7.674783706665039,8.027861019743613,7.535410593390675,7.674783706665039,110100,0.0,0.0
2023-12-18 00:00:00-05:00,7.711948871810183,7.990694182570921,7.600450924727271,7.814155101776123,44400,0.0,0.0
2023-12-19 00:00:00-05:00,7.8513226887328385,8.037152638516254,7.8234484177921,7.99998664855957,71700,0.0,0.0
2023-12-20 00:00:00-05:00,7.9721110878323405,8.0557347732324,7.879195684919618,7.990694522857666,52200,0.0,0.0
2023-12-21 00:00:00-05:00,8.009278020611022,8.083609997304304,7.9349460439177415,8.037152290344238,26600,0.0,0.0
2023-12-22 00:00:00-05:00,8.037152290344238,8.11148426703752,7.76769865330433,8.037152290344238,85600,0.0,0.0
2023-12-26 00:00:00-05:00,8.03715247918115,8.130067895284375,8.03715247918115,8.120776176452637,34200,0.0,0.0
2023-12-27 00:00:00-05:00,8.130066662797617,8.278730597140234,8.120774945374468,8.260148048400879,68400,0.0,0.0
2023-12-28 00:00:00-05:00,8.24156522131675,8.343771462187613,8.185816684880647,8.297314643859863,38000,0.0,0.0
2023-12-29 00:00:00-05:00,8.297314975097834,8.492436632627687,8.232273831849852,8.36235523223877,32400,0.0,0.0
2024-01-02 00:00:00-05:00,8.315898895263672,8.529604024941264,8.157943199534598,8.315898895263672,34100,0.0,0.0
2024-01-03 00:00:00-05:00,8.32519071954739,8.380940154194178,8.111485587193105,8.204401016235352,57400,0.0,0.0
2024-01-04 00:00:00-05:00,8.176525144738507,8.501727310645991,8.176525144738507,8.483144760131836,72600,0.0,0.0
2024-01-05 00:00:00-05:00,8.455269813537598,8.594642032596377,8.362354410093772,8.455269813537598,55300,0.0,0.0
2024-01-08 00:00:00-05:00,8.455269813537598,8.548184330874465,8.408812111815685,8.455269813537598,32400,0.0,0.0
2024-01-09 00:00:00-05:00,8.455269199535845,8.483143464102046,8.343770369057255,8.418103218078613,35400,0.0,0.0
2024-01-10 00:00:00-05:00,8.371647764260334,8.427396308339528,8.31589833407401,8.380939483642578,30300,0.0,0.0
2024-01-11 00:00:00-05:00,8.36235421008566,8.50172642581098,8.260147977627556,8.3716459274292,37300,0.0,0.0
2024-01-12 00:00:00-05:00,8.353063250082963,8.492436364551656,8.24156529017222,8.288022994995117,34100,0.0,0.0
2024-01-16 00:00:00-05:00,8.157940120687877,8.306604040301174,7.665490665442122,8.24156379699707,38800,0.0,0.0
2024-01-17 00:00:00-05:00,8.176526741965558,8.278733005026266,8.148652467695765,8.204401016235352,27000,0.0,0.0
2024-01-18 00:00:00-05:00,8.222983709525224,8.315898244020074,8.139360008204873,8.18581771850586,42500,0.0,0.0
2024-01-19 00:00:00-05:00,8.17652632191251,8.278732579722572,8.12077689012974,8.250858306884766,21500,0.0,0.0
2024-01-22 00:00:00-05:00,8.278730597140234,8.306604863302738,8.23227289613143,8.260148048400879,23400,0.0,0.0
2024-01-23 00:00:00-05:00,7.981402263899251,8.30660437981867,7.981402263899251,8.102191925048828,60900,0.0,0.0
2024-01-24 00:00:00-05:00,8.102191654359922,8.260147291654722,8.092899937788024,8.13006591796875,30700,0.0,0.0
2024-01-25 00:00:00-05:00,8.130066802924514,8.195107053793683,8.03715139930545,8.139358520507812,46800,0.0,0.0
2024-01-26 00:00:00-05:00,8.130066462428646,8.250856127631845,8.111483028040343,8.17652416229248,26500,0.0,0.0
2024-01-29 00:00:00-05:00,8.222982406616211,8.269439223449119,8.120775282927056,8.222982406616211,17300,0.0,0.0
2024-01-30 00:00:00-05:00,8.18581670826348,8.269439513156504,8.083609580993652,8.083609580993652,107900,0.0,0.0
2024-01-31 00:00:00-05:00,8.027860303026971,8.083608834473955,7.907070636749268,7.907070636749268,53200,0.0,0.0
2024-02-01 00:00:00-05:00,7.925654234651647,8.037152198416269,7.535410918421949,7.739824295043945,44500,0.0,0.0
2024-02-02 00:00:00-05:00,7.665492524559407,7.814156480228276,7.637618254398262,7.7212419509887695,19100,0.0,0.0
2024-02-05 00:00:00-05:00,7.721241411089827,7.7769899475139646,7.591160015921822,7.674783706665039,19500,0.0,0.0
2024-02-06 00:00:00-05:00,7.749750695867047,7.852830486519217,7.6185575038438715,7.656041145324707,27300,0.07,0.0
2024-02-07 00:00:00-05:00,7.656041762201653,7.665412896747057,7.440510582900544,7.4967360496521,55100,0.0,0.0
2024-02-08 00:00:00-05:00,7.618557850518396,7.618557850518396,7.4217685003691924,7.477993965148926,17300,0.0,0.0
2024-02-09 00:00:00-05:00,7.496735476507604,7.581073893607196,7.459251834872287,7.524847984313965,53800,0.0,0.0
2024-02-12 00:00:00-05:00,7.477993995225909,7.702896302089688,7.459252173557283,7.581074237823486,47400,0.0,0.0
2024-02-13 00:00:00-05:00,7.496735855088217,7.646670429201093,7.346801280975342,7.346801280975342,72100,0.0,0.0
2024-02-14 00:00:00-05:00,7.403026484079188,7.449880813409912,7.337429886807861,7.43113899230957,78400,0.0,0.0
2024-02-15 00:00:00-05:00,7.552961919569993,7.815347429560047,7.543590785078777,7.731009006500244,37000,0.0,0.0
2024-02-16 00:00:00-05:00,7.627929862223169,7.759122181627472,7.515478919727774,7.7122673988342285,39300,0.0,0.0
2024-02-20 00:00:00-05:00,7.740379413396877,7.787234187768044,7.6372987310442095,7.646669864654541,56200,0.0,0.0
2024-02-21 00:00:00-05:00,7.684154179898164,7.805976246484034,7.609186891796178,7.693525314331055,49600,0.0,0.0
2024-02-22 00:00:00-05:00,7.684154421748171,7.72163806697892,7.506107330322266,7.506107330322266,41200,0.0,0.0
2024-02-23 00:00:00-05:00,7.543590450652074,7.693525021142263,7.543590450652074,7.674782752990723,32700,0.0,0.0
2024-02-26 00:00:00-05:00,7.796604777429389,7.824718179521462,7.637299073629752,7.7028961181640625,30800,0.0,0.0
2024-02-27 00:00:00-05:00,7.693526166771434,7.815348246855154,7.684155031300225,7.7216386795043945,27300,0.0,0.0
2024-02-28 00:00:00-05:00,7.721638013882473,7.740380283209268,7.543590923680877,7.5717034339904785,37900,0.0,0.0
2024-02-29 00:00:00-05:00,7.627929873614373,7.759122193214592,7.506107795642275,7.609187602996826,31400,0.0,0.0
2024-03-01 00:00:00-05:00,7.552961963243945,7.609186983155212,7.412397626104621,7.4967360496521,29800,0.0,0.0
2024-03-04 00:00:00-05:00,7.524848097811279,7.6654124263242345,7.43113899230957,7.43113899230957,10900,0.0,0.0
2024-03-05 00:00:00-05:00,7.449881273448736,7.9371695458287626,7.431139451191065,7.768492698669434,37400,0.0,0.0
2024-03-06 00:00:00-05:00,7.740381654446891,7.862203745610524,7.712268245476303,7.805977821350098,38000,0.0,0.0
2024-03-07 00:00:00-05:00,7.805976254536213,7.909056052362634,7.77786374488911,7.862202167510986,18900,0.0,0.0
2024-03-08 00:00:00-05:00,7.918427138149861,7.918427138149861,7.815347340956822,7.824718475341797,17800,0.0,0.0
2024-03-11 00:00:00-04:00,7.7778632087553055,7.843459357970476,7.759120941162109,7.759120941162109,67600,0.0,0.0
2024-03-12 00:00:00-04:00,7.759121518860996,7.78723492234395,7.627929210662842,7.627929210662842,32600,0.0,0.0
2024-03-13 00:00:00-04:00,7.6466709717912416,7.777864180289453,7.552962303161621,7.552962303161621,29200,0.0,0.0
2024-03-14 00:00:00-04:00,7.768492942388436,7.768492942388436,7.374914215789406,7.412397861480713,20900,0.0,0.0
2024-03-15 00:00:00-04:00,7.374913608731447,7.6091865984383436,7.121898797721609,7.131269931793213,104800,0.0,0.0
2024-03-18 00:00:00-04:00,7.168754442565073,7.262463560428343,7.046932365922663,7.05630350112915,25800,0.0,0.0
2024-03-19 00:00:00-04:00,7.009448505549281,7.10315762056191,6.896997567534125,6.906368255615234,51600,0.0,0.0
2024-03-20 00:00:00-04:00,6.953222566953908,7.30931762679323,6.887625967454999,7.17812442779541,68600,0.0,0.0
2024-03-21 00:00:00-04:00,7.215608071268994,7.431139244662238,7.103157140848243,7.17812442779541,34600,0.0,0.0
2024-03-22 00:00:00-04:00,7.215607643127441,7.215607643127441,7.112527853111514,7.215607643127441,46600,0.0,0.0
2024-03-25 00:00:00-04:00,7.262463284476922,7.262463284476922,7.04693209816077,7.140641212463379,24100,0.0,0.0
2024-03-26 00:00:00-04:00,7.121899660213279,7.131270795419766,7.046932365922663,7.05630350112915,17900,0.0,0.0
2024-03-27 00:00:00-04:00,7.23435076510413,7.23435076510413,6.962594093740343,7.103157997131348,54900,0.0,0.0
2024-03-28 00:00:00-04:00,7.25309186246015,7.3280595977743985,7.103157285512225,7.187495708465576,27200,0.0,0.0
2024-04-01 00:00:00-04:00,7.065674019738275,7.178124958472496,6.953223081004053,7.1125288009643555,31700,0.0,0.0
2024-04-02 00:00:00-04:00,7.093786541778467,7.093786541778467,6.878255365700012,6.981335163116455,19400,0.0,0.0
2024-04-03 00:00:00-04:00,7.084414766348097,7.084414766348097,6.850141789497273,6.8688836097717285,52000,0.0,0.0
2024-04-04 00:00:00-04:00,6.887626292210057,6.95322289480188,6.728320576515844,6.793917179107666,30400,0.0,0.0
2024-04-05 00:00:00-04:00,6.7283202972146965,6.8876260062959265,6.7189496097135954,6.840771675109863,12500,0.0,0.0
2024-04-08 00:00:00-04:00,6.887625826692267,6.887625826692267,6.728320121765137,6.728320121765137,18400,0.0,0.0
2024-04-09 00:00:00-04:00,6.784544944763184,6.840770850352029,6.7002069800603685,6.784544944763184,40900,0.0,0.0
2024-04-10 00:00:00-04:00,6.700207200733781,6.709577887413731,6.203548295169693,6.428450584411621,49000,0.0,0.0
2024-04-11 00:00:00-04:00,6.400338462151955,6.494047575326301,6.184807278430806,6.250403881072998,78900,0.0,0.0
2024-04-12 00:00:00-04:00,6.212920136069117,6.419080181743256,5.931792354218637,6.0067596435546875,66000,0.0,0.0
2024-04-15 00:00:00-04:00,6.119211076436843,6.222290876730358,6.025501517129582,6.212920188903809,56500,0.0,0.0
2024-04-16 00:00:00-04:00,6.1473236083984375,6.241032721195306,6.072356318160942,6.1473236083984375,45500,0.0,0.0
2024-04-17 00:00:00-04:00,6.14732358279119,6.259774517679007,6.006759690761271,6.044243335723877,49300,0.0,0.0
2024-04-18 00:00:00-04:00,6.212919258874114,6.344111996689248,6.044242434842998,6.08172607421875,34900,0.0,0.0
2024-04-19 00:00:00-04:00,6.044243504205932,6.212920358079786,6.044243504205932,6.1566948890686035,53600,0.0,0.0
2024-04-22 00:00:00-04:00,6.184806753176743,6.184806753176743,5.875566482543945,5.875566482543945,51200,0.0,0.0
2024-04-23 00:00:00-04:00,5.884938068052949,6.072356292865979,5.856825110910847,6.044243335723877,52900,0.0,0.0
2024-04-24 00:00:00-04:00,6.1192115284254385,6.297258631843772,6.044243786074164,6.109840393066406,45000,0.0,0.0
2024-04-25 00:00:00-04:00,6.091097557448139,6.325370540426913,6.0442427821162825,6.241032123565674,50200,0.0,0.0
2024-04-26 00:00:00-04:00,6.2035490502350985,6.241032695197704,6.044243335723877,6.044243335723877,34800,0.0,0.0
2024-04-29 00:00:00-04:00,6.053614156808427,6.147323264360825,5.856824807528256,5.884937763214111,57800,0.0,0.0
2024-04-30 00:00:00-04:00,5.8568249647622075,5.8568249647622075,5.622551966171719,5.660035610198975,162600,0.0,0.0
2024-05-01 00:00:00-04:00,5.735003277157739,5.903680133264934,5.669407119196331,5.856825351715088,78100,0.0,0.0
2024-05-02 00:00:00-04:00,5.950534321042854,6.091098215381251,5.875567029886456,6.0161309242248535,86400,0.0,0.0
2024-05-03 00:00:00-04:00,6.081727433829637,6.231662471691858,6.072356745310933,6.109840393066406,54000,0.0,0.0
2024-05-06 00:00:00-04:00,6.109840131639046,6.137953089672919,5.959905547032541,6.091098308563232,74100,0.0,0.0
2024-05-07 00:00:00-04:00,6.062679286260652,6.204773420255979,5.7690183169128675,6.119516849517822,67800,0.07,0.0
2024-05-08 00:00:00-04:00,6.11004385119486,6.166881867596273,6.100571149597831,6.157408714294434,60600,0.0,0.0
2024-05-09 00:00:00-04:00,6.100571149597831,6.204773577394008,6.062679439800097,6.157408714294434,52600,0.0,0.0
2024-05-10 00:00:00-04:00,6.015314576700523,6.214246278991036,6.015314576700523,6.157408714294434,59600,0.0,0.0
2024-05-13 00:00:00-04:00,6.157408877110939,6.299503018462156,6.157408877110939,6.223719596862793,34700,0.0,0.0
2024-05-14 00:00:00-04:00,6.2237194204822295,6.290029686650024,6.147935549325762,6.271083831787109,73100,0.0,0.0
2024-05-15 00:00:00-04:00,6.2900293738481805,6.413177650185389,6.214245958165217,6.394231796264648,30800,0.0,0.0
2024-05-16 00:00:00-04:00,6.327921231789012,6.488961219787598,6.271083668678593,6.488961219787598,61500,0.0,0.0
2024-05-17 00:00:00-04:00,6.479488518454927,6.602636346008436,6.403705100974369,6.488961219787598,53800,0.0,0.0
2024-05-20 00:00:00-04:00,6.432123665483155,6.517380236117904,6.375286102294922,6.375286102294922,40500,0.0,0.0
2024-05-21 00:00:00-04:00,6.555272116472203,6.555272116472203,6.299502849578857,6.299502849578857,9600,0.0,0.0
2024-05-22 00:00:00-04:00,6.318448530456341,6.488961219787598,6.271083668678593,6.488961219787598,36000,0.0,0.0
2024-05-23 00:00:00-04:00,6.545799272243807,6.621582695389724,6.394232425951973,6.517380714416504,38300,0.0,0.0
2024-05-24 00:00:00-04:00,6.441596984863281,6.451069686453517,6.39423212179767,6.441596984863281,36800,0.0,0.0
2024-05-28 00:00:00-04:00,6.44159697520927,6.498434539779934,6.3752862573577564,6.413177967071533,17800,0.0,0.0
2024-05-29 00:00:00-04:00,6.384759308021837,6.384759308021837,6.110044171724448,6.204773902893066,36000,0.0,0.0
2024-05-30 00:00:00-04:00,6.233192460879784,6.35634075003512,6.204773902893066,6.204773902893066,48500,0.0,0.0
2024-05-31 00:00:00-04:00,6.214246737093532,6.413178454048913,6.214246737093532,6.3563408851623535,19100,0.0,0.0
2024-06-03 00:00:00-04:00,6.346867258732059,6.441596984863281,6.327921403846777,6.441596984863281,33600,0.0,0.0
2024-06-04 00:00:00-04:00,6.337394571512123,6.337394571512123,6.185827732086182,6.185827732086182,25100,0.0,0.0
2024-06-05 00:00:00-04:00,6.166882191107553,6.318449038249606,6.166882191107553,6.204773902893066,15800,0.0,0.0
2024-06-06 00:00:00-04:00,6.204773902893066,6.252138316772541,6.18582804700031,6.204773902893066,26100,0.0,0.0
2024-06-07 00:00:00-04:00,6.176354569193301,6.214246278991036,6.11004385119486,6.157408714294434,25700,0.0,0.0
2024-06-10 00:00:00-04:00,6.110043525695801,6.128989379585369,6.0816249707138414,6.110043525695801,7100,0.0,0.0
2024-06-11 00:00:00-04:00,6.128989555435121,6.138462708504098,6.062679290771484,6.062679290771484,10700,0.0,0.0
2024-06-12 00:00:00-04:00,6.100570832660926,6.223719108958169,6.005841563087965,6.195300102233887,41200,0.0,0.0
2024-06-13 00:00:00-04:00,6.119516849517822,6.166881711417865,6.043733431841594,6.119516849517822,25600,0.0,0.0
2024-06-14 00:00:00-04:00,6.043733758274388,6.119517180043813,5.892166463030713,6.024787902832031,25300,0.0,0.0
2024-06-17 00:00:00-04:00,5.911112478494178,5.949004642109503,5.892166622538934,5.920585632324219,17700,0.0,0.0
2024-06-18 00:00:00-04:00,6.072152639160645,6.072152639160645,5.873220920562744,5.873220920562744,24000,0.0,0.0
2024-06-20 00:00:00-04:00,5.816382576112799,5.930058151380884,5.816382576112799,5.882693290710449,18200,0.0,0.0
2024-06-21 00:00:00-04:00,5.873220123900888,5.92058498445847,5.77849085449051,5.911111831665039,42200,0.0,0.0
2024-06-24 00:00:00-04:00,5.9679506545273435,6.043734080335144,5.873220920562744,5.873220920562744,30600,0.0,0.0
2024-06-25 00:00:00-04:00,5.9395313350336485,5.986896199552116,5.920585479567226,5.967950344085693,34700,0.0,0.0
2024-06-26 00:00:00-04:00,5.98689538980422,6.147934913635254,5.967949536900289,6.147934913635254,38900,0.0,0.0
2024-06-27 00:00:00-04:00,6.157409010977532,6.498434867293641,6.157409010977532,6.460543155670166,28600,0.0,0.0
2024-06-28 00:00:00-04:00,6.555272425989463,6.555272425989463,6.384759272206317,6.517380714416504,80300,0.0,0.0
2024-07-01 00:00:00-04:00,6.4605431470570664,6.526853416457327,6.4605431470570664,6.517380714416504,31000,0.0,0.0
2024-07-02 00:00:00-04:00,6.517380553068785,6.564744965509988,6.517380553068785,6.5363264083862305,12400,0.0,0.0
2024-07-03 00:00:00-04:00,6.536325926522599,6.545798627630575,6.356340088423167,6.394231796264648,19700,0.0,0.0
2024-07-05 00:00:00-04:00,6.318449003509864,6.451069994029991,6.290029993974563,6.346867561340332,41400,0.0,0.0
2024-07-08 00:00:00-04:00,6.413178282452812,6.5079075613957595,6.346867561340332,6.346867561340332,11600,0.0,0.0
2024-07-09 00:00:00-04:00,6.346867561340332,6.432124138241401,6.346867561340332,6.346867561340332,26300,0.0,0.0
2024-07-10 00:00:00-04:00,6.346867086159151,6.526852928527877,6.346867086159151,6.488961219787598,13800,0.0,0.0
2024-07-11 00:00:00-04:00,6.536326403053335,6.76367666667719,6.52685324954993,6.678420543670654,26400,0.0,0.0
2024-07-12 00:00:00-04:00,6.706838927807013,6.867878919573224,6.706838927807013,6.811041355133057,18900,0.0,0.0
2024-07-15 00:00:00-04:00,6.8678783094566045,7.549929473852542,6.8678783094566045,7.42678165435791,114700,0.0,0.0
2024-07-16 00:00:00-04:00,7.388890882144322,7.654132859498526,7.388890882144322,7.625714302062988,17700,0.0,0.0
2024-07-17 00:00:00-04:00,7.5972958620029,7.976212978363037,7.5972958620029,7.976212978363037,50500,0.0,0.0
2024-07-18 00:00:00-04:00,8.004632184670104,8.080415614081131,7.805700456613722,7.985686779022217,73700,0.0,0.0
2024-07-19 00:00:00-04:00,7.985685483688261,8.042522594822286,7.9572660247116564,7.966739177703857,31400,0.0,0.0
2024-07-22 00:00:00-04:00,7.928847469144644,7.99515773327087,7.89095576058543,7.966739177703857,13100,0.0,0.0
2024-07-23 00:00:00-04:00,8.08041638648423,8.08041638648423,7.966741231501537,8.004632949829102,17100,0.0,0.0
2024-07-24 00:00:00-04:00,7.8151721837120505,8.089887291003121,7.8151721837120505,8.042522430419922,21600,0.0,0.0
2024-07-25 00:00:00-04:00,7.947793612663096,8.127778998787766,7.872010197093806,8.042522430419922,28000,0.0,0.0
2024-07-26 00:00:00-04:00,8.04252340155729,8.137253134162336,7.938321418419484,8.014104843139648,22500,0.0,0.0
2024-07-29 00:00:00-04:00,8.089887640564813,8.089887640564813,7.748862255767398,7.862537384033203,29100,0.0,0.0
2024-07-30 00:00:00-04:00,7.853064060211182,7.862537213213257,7.606767502614789,7.853064060211182,80600,0.0,0.0
2024-07-31 00:00:00-04:00,7.8056990286156696,7.985685318096931,7.720442460272922,7.84359073638916,17200,0.0,0.0
2024-08-01 00:00:00-04:00,7.767807832638688,7.815172696328667,7.502565860748291,7.502565860748291,92500,0.0,0.0
2024-08-02 00:00:00-04:00,7.436255309301487,7.436255309301487,7.1520674758794485,7.341526031494141,67700,0.0,0.0
2024-08-05 00:00:00-04:00,7.180485260222772,7.265741826921943,6.991026725007704,7.208904266357422,30600,0.0,0.0
2024-08-06 00:00:00-04:00,7.237322820787293,7.294160381351814,7.171012559314408,7.208904266357422,22900,0.0,0.0
2024-08-07 00:00:00-04:00,7.218466421051995,7.275831660956314,7.122857231979729,7.189783573150635,30300,0.07,0.0
2024-08-08 00:00:00-04:00,7.371439316951152,7.371439316951152,7.208904266357422,7.208904266357422,15100,0.0,0.0
2024-08-09 00:00:00-04:00,7.2089044129450786,7.285391389862531,7.1515391802569885,7.2758307456970215,17800,0.0,0.0
2024-08-12 00:00:00-04:00,7.266269832491274,7.304513321933462,7.132417619443611,7.1419782638549805,38300,0.0,0.0
2024-08-13 00:00:00-04:00,7.2089045595689685,7.2375874044455735,7.141978225455793,7.151539325714111,39000,0.0,0.0
2024-08-14 00:00:00-04:00,7.16110010694138,7.170661207382437,7.0941742274474295,7.122856616973877,21700,0.0,0.0
2024-08-15 00:00:00-04:00,7.2184653920369035,7.620022014123967,7.2184653920369035,7.581778526306152,24500,0.0,0.0
2024-08-16 00:00:00-04:00,7.572218889364354,8.126749992370605,7.562657788189158,8.126749992370605,41400,0.0,0.0
2024-08-19 00:00:00-04:00,8.07894331400059,8.203234861821713,7.839921317066865,8.16499137878418,115000,0.0,0.0
2024-08-20 00:00:00-04:00,8.184114403437235,8.184114403437235,7.983335869246699,8.098066329956055,42700,0.0,0.0
2024-08-21 00:00:00-04:00,8.1841158891207,8.203237180145072,8.040702103352247,8.088506698608398,24900,0.0,0.0
2024-08-22 00:00:00-04:00,8.098066329956055,8.193674591315526,8.021579356149818,8.098066329956055,35900,0.0,0.0
2024-08-23 00:00:00-04:00,8.231918243086419,8.470940268967174,8.107626680212826,8.44225788116455,29000,0.0,0.0
2024-08-26 00:00:00-04:00,8.451820654817222,8.470941946540169,8.337090169089002,8.394454956054688,28900,0.0,0.0
2024-08-27 00:00:00-04:00,8.365772562571845,8.42313826133438,8.298846673846262,8.394454956054688,13200,0.0,0.0
2024-08-28 00:00:00-04:00,8.317967724632082,8.53786849975586,8.317967724632082,8.53786849975586,32000,0.0,0.0
2024-08-29 00:00:00-04:00,8.537867183694487,8.5665495719253,8.432696907187035,8.509183883666992,22700,0.0,0.0
2024-08-30 00:00:00-04:00,8.480501613480795,8.595232079797725,8.423136836220678,8.490062713623047,18900,0.0,0.0
2024-09-03 00:00:00-04:00,8.490062790362128,8.556988668369419,8.394453611668823,8.470940589904785,29100,0.0,0.0
2024-09-04 00:00:00-04:00,8.490061818773952,8.509183105246384,8.317965681539073,8.384892463684082,42300,0.0,0.0
2024-09-05 00:00:00-04:00,8.346648579497865,8.413575365751115,8.231918118230848,8.37533187866211,36400,0.0,0.0
2024-09-06 00:00:00-04:00,8.413575117564767,8.413575117564767,8.203235488881575,8.327527046203613,23200,0.0,0.0
2024-09-09 00:00:00-04:00,8.356210666463031,8.39445415807031,8.251041292492204,8.270162582397461,143500,0.0,0.0
2024-09-10 00:00:00-04:00,8.241479037165693,8.34664839640428,8.136309677927105,8.222357749938965,47500,0.0,0.0
2024-09-11 00:00:00-04:00,8.2701625045936,8.289284706115723,8.078945048356134,8.289284706115723,42000,0.0,0.0
2024-09-12 00:00:00-04:00,8.270162582397461,8.308406074004742,8.164993208426633,8.270162582397461,18500,0.0,0.0
2024-09-13 00:00:00-04:00,8.337088981320846,8.509184229496693,8.260602001732313,8.346649169921875,27300,0.0,0.0
2024-09-16 00:00:00-04:00,8.451818929431106,8.470940217250561,8.337088467124394,8.356209754943848,11200,0.0,0.0
2024-09-17 00:00:00-04:00,8.365770854751906,8.423136541803594,8.260601492253253,8.356209754943848,36000,0.0,0.0
2024-09-18 00:00:00-04:00,8.337088467124394,8.509183704686132,8.298844979688823,8.356209754943848,51600,0.0,0.0
2024-09-19 00:00:00-04:00,8.451818541206022,8.451818541206022,8.394452856789364,8.432696342468262,26300,0.0,0.0
2024-09-20 00:00:00-04:00,8.442257234897975,8.442257234897975,8.193674128180174,8.384892463684082,125200,0.0,0.0
2024-09-23 00:00:00-04:00,8.404015422238352,8.404015422238352,8.251041452836459,8.337089538574219,14400,0.0,0.0
2024-09-24 00:00:00-04:00,8.270164095527525,8.337090901932934,8.251042802123786,8.260603904724121,18400,0.0,0.0
2024-09-25 00:00:00-04:00,8.222358146784476,8.270161823056817,8.203235946838197,8.231918334960938,7800,0.0,0.0
2024-09-26 00:00:00-04:00,8.241480114107167,8.289284706115723,8.231919013346106,8.289284706115723,10600,0.0,0.0
2024-09-27 00:00:00-04:00,8.279722405689228,8.317965891395547,8.174553047946008,8.24147891998291,33600,0.0,0.0
2024-09-30 00:00:00-04:00,8.17455458644979,8.27016286281137,8.126749992370605,8.126749992370605,52900,0.0,0.0
2024-10-01 00:00:00-04:00,8.078944130606171,8.11718761750929,7.992896057124991,8.098066329956055,33400,0.0,0.0
2024-10-02 00:00:00-04:00,8.126749952713174,8.231919329736737,8.040701866149902,8.040701866149902,13500,0.0,0.0
2024-10-03 00:00:00-04:00,7.983336766956216,8.040701547863119,7.887727583049042,8.012019157409668,19400,0.0,0.0
2024-10-04 00:00:00-04:00,8.241478671163192,8.241478671163192,7.992895565678821,8.193674087524414,18800,0.0,0.0
2024-10-07 00:00:00-04:00,8.145871481935776,8.222358461050943,8.088505791701044,8.174553871154785,16300,0.0,0.0
2024-10-08 00:00:00-04:00,8.15543258488892,8.222359382966259,8.088506698608398,8.088506698608398,24300,0.0,0.0
2024-10-09 00:00:00-04:00,8.07894515991211,8.136310853473844,8.031140567243458,8.07894515991211,45800,0.0,0.0
2024-10-10 00:00:00-04:00,8.059822843052936,8.098066329956055,7.983335869246699,8.098066329956055,44900,0.0,0.0
2024-10-11 00:00:00-04:00,8.098066798953646,8.499623890590799,8.098066798953646,8.470940589904785,55000,0.0,0.0
2024-10-14 00:00:00-04:00,8.490062713623047,8.537867302537608,8.490062713623047,8.490062713623047,24100,0.0,0.0
2024-10-15 00:00:00-04:00,8.480501690133456,8.585671057258729,8.461380401472818,8.470940589904785,26400,0.0,0.0
2024-10-16 00:00:00-04:00,8.46138047314328,8.566549841159368,8.365771293640137,8.365771293640137,29300,0.0,0.0
2024-10-17 00:00:00-04:00,8.413576642248675,8.413576642248675,8.346649845841371,8.40401554107666,23400,0.0,0.0
2024-10-18 00:00:00-04:00,8.432696588484326,8.49962337422239,8.432696588484326,8.480501174926758,12100,0.0,0.0
2024-10-21 00:00:00-04:00,8.45181985137961,8.509184632892149,8.212797800884923,8.270162582397461,19700,0.0,0.0
2024-10-22 00:00:00-04:00,8.356209377101866,8.356209377101866,8.212796533652327,8.24147891998291,14600,0.0,0.0
2024-10-23 00:00:00-04:00,8.461380346787845,8.461380346787845,8.260601802266878,8.298845291137695,21100,0.0,0.0
2024-10-24 00:00:00-04:00,7.935531087155366,8.37533163160388,7.935531087155366,8.327527046203613,61300,0.0,0.0
2024-10-25 00:00:00-04:00,8.317966579674756,8.365771168712453,8.24147960193312,8.298845291137695,50700,0.0,0.0
2024-10-28 00:00:00-04:00,8.41357660253117,8.42313770365805,8.317967414855957,8.317967414855957,31700,0.0,0.0
2024-10-29 00:00:00-04:00,8.327529033275583,8.365772528361935,8.270163334747632,8.308406829833984,42700,0.0,0.0
2024-10-30 00:00:00-04:00,8.3657705321645,8.432696404646896,8.241478974842462,8.327527046203613,30200,0.0,0.0
2024-10-31 00:00:00-04:00,8.289283560242726,8.346648333285742,8.279722460803347,8.327527046203613,15900,0.0,0.0
2024-11-01 00:00:00-04:00,8.29884663991003,8.394454921727489,8.270163334747632,8.308406829833984,11700,0.0,0.0
2024-11-04 00:00:00-05:00,8.327529033275583,8.327529033275583,8.212798548016528,8.308406829833984,9300,0.0,0.0
2024-11-05 00:00:00-05:00,8.365771370717368,8.413575960909382,8.346649169921875,8.346649169921875,24900,0.0,0.0
2024-11-06 00:00:00-05:00,8.537866401433421,8.70996162684718,8.432696134561937,8.576109886169434,64800,0.0,0.0
2024-11-07 00:00:00-05:00,8.576110676602498,8.605019577734387,8.431569846815787,8.460477828979492,30500,0.07,0.0
2024-11-08 00:00:00-05:00,8.547202694438793,8.547202694438793,8.402661864652082,8.460477828979492,25500,0.0,0.0
2024-11-11 00:00:00-05:00,8.566475880365767,8.624291848642562,8.470114707946777,8.470114707946777,42500,0.0,0.0
2024-11-12 00:00:00-05:00,8.489387310017873,8.556839579330218,8.431570422772833,8.470114707946777,35600,0.0,0.0
2024-11-13 00:00:00-05:00,8.537565640262976,8.576109919400826,8.460477081987273,8.52793025970459,26700,0.0,0.0
2024-11-14 00:00:00-05:00,8.566474505648385,8.576109886169434,8.527930226659887,8.576109886169434,30000,0.0,0.0
2024-11-15 00:00:00-05:00,8.614654165157932,8.643563063625379,8.537565607180937,8.576109886169434,32500,0.0,0.0
2024-11-18 00:00:00-05:00,8.57611009047855,8.585746390197267,8.508657830383788,8.547202110290527,22300,0.0,0.0
2024-11-19 00:00:00-05:00,8.547202641821041,8.80737723659727,8.537566341503066,8.797740936279297,29800,0.0,0.0
2024-11-20 00:00:00-05:00,8.797741913455646,8.807378214843936,8.51829560597319,8.653200149536133,88800,0.0,0.0
2024-11-21 00:00:00-05:00,8.711015497092825,8.865192616143794,8.643563237250055,8.739923477172852,45700,0.0,0.0
2024-11-22 00:00:00-05:00,8.817012730476947,9.154275894165039,8.807377349004176,9.154275894165039,58500,0.0,0.0
2024-11-25 00:00:00-05:00,9.144639599978296,9.404814198253025,9.057914733886719,9.057914733886719,44700,0.0,0.0
2024-11-26 00:00:00-05:00,9.067551072413599,9.086823673389635,8.884465957982217,9.009735107421875,32600,0.0,0.0
2024-11-27 00:00:00-05:00,9.009734324001377,9.1060945635982,8.691743787292445,9.029006004333496,40900,0.0,0.0
2024-11-29 00:00:00-05:00,9.086823465671307,9.086823465671307,9.038642883300781,9.038642883300781,19800,0.0,0.0
2024-12-02 00:00:00-05:00,9.106095149498676,9.106095149498676,8.865193156554435,8.990462303161621,120400,0.0,0.0
2024-12-03 00:00:00-05:00,8.990460975932715,9.038641551202474,8.865191847818553,9.000097274780273,39200,0.0,0.0
2024-12-04 00:00:00-05:00,9.067551612854004,9.08682421497872,8.92301077279164,9.067551612854004,15900,0.0,0.0
2024-12-05 00:00:00-05:00,9.096458263948083,9.1060945635982,9.009734324001377,9.029006004333496,26300,0.0,0.0
2024-12-06 00:00:00-05:00,9.009735650614108,9.02900733378383,8.961555064237427,9.019371032714844,17500,0.0,0.0
2024-12-09 00:00:00-05:00,9.009735650614108,9.086824221229497,8.990463048476135,9.019371032714844,21600,0.0,0.0
2024-12-10 00:00:00-05:00,9.009733573627834,9.038641551202474,8.874828146666111,9.000097274780273,201500,0.0,0.0
2024-12-11 00:00:00-05:00,9.029005417597297,9.395176509793625,8.990461140469687,9.356632232666016,49300,0.0,0.0
2024-12-12 00:00:00-05:00,9.356633313037234,9.67462386579907,9.27954474988092,9.616806983947754,42000,0.0,0.0
2024-12-13 00:00:00-05:00,9.636080163631043,9.713168731422634,9.433722443436062,9.626443862915039,48000,0.0,0.0
2024-12-16 00:00:00-05:00,9.616807566689673,9.636080168130679,9.501174714948291,9.578263282775879,49800,0.0,0.0
2024-12-17 00:00:00-05:00,9.578263542993955,9.713168999841395,9.404814720153809,9.404814720153809,54500,0.0,0.0
2024-12-18 00:00:00-05:00,9.520446257963902,9.520446257963902,8.980825424194336,8.980825424194336,63500,0.0,0.0
2024-12-19 00:00:00-05:00,9.02900738813047,9.163912847003537,8.778469072638309,8.87483024597168,34700,0.0,0.0
2024-12-20 00:00:00-05:00,8.98082487518681,9.057913429731654,8.923008918762207,8.923008918762207,32900,0.0,0.0
2024-12-23 00:00:00-05:00,8.884466390647574,9.009735546187725,8.759197235107422,8.759197235107422,54100,0.0,0.0
2024-12-24 00:00:00-05:00,8.75919681842123,8.884465968002168,8.75919681842123,8.865193367004395,9400,0.0,0.0
2024-12-26 00:00:00-05:00,8.836285960431983,8.932647133765354,8.826649659304994,8.87483024597168,18400,0.0,0.0
2024-12-27 00:00:00-05:00,8.845922059772489,8.971191214661022,8.788105173297689,8.855557441711426,40200,0.0,0.0
2024-12-30 00:00:00-05:00,8.865193367004395,8.923010251029519,8.817012783478157,8.865193367004395,26800,0.0,0.0
2024-12-31 00:00:00-05:00,8.83628538447593,8.971190834555756,8.826649083977044,8.865193367004395,18100,0.0,0.0
2025-01-02 00:00:00-05:00,8.826648132651215,8.951917268730792,8.68210731661914,8.817011833190918,47000,0.0,0.0
2025-01-03 00:00:00-05:00,8.797740768557741,8.836285050126644,8.691744223985296,8.7302885055542,32700,0.0,0.0
2025-01-06 00:00:00-05:00,8.797740390728306,8.884465250275877,8.691743850708008,8.691743850708008,44400,0.0,0.0
2025-01-07 00:00:00-05:00,8.701380788734273,8.73028969306933,8.527931957565357,8.556839942932129,29200,0.0,0.0
2025-01-08 00:00:00-05:00,8.54720252169161,8.576110503271057,8.489386558532715,8.489386558532715,41700,0.0,0.0
2025-01-10 00:00:00-05:00,8.383388169637625,8.5279298995259,8.200303081207489,8.248483657836914,49500,0.0,0.0
2025-01-13 00:00:00-05:00,8.287027554467517,8.287027554467517,8.209939002990723,8.209939002990723,52300,0.0,0.0
2025-01-14 00:00:00-05:00,8.209940491469279,8.450842488252277,8.209940491469279,8.364117622375488,48500,0.0,0.0
2025-01-15 00:00:00-05:00,8.50865803382422,8.614654576360081,8.499021733875104,8.566474914550781,43900,0.0,0.0
2025-01-16 00:00:00-05:00,8.633927713261446,8.730288880809695,8.576110828938859,8.72065258026123,104100,0.0,0.0
2025-01-17 00:00:00-05:00,8.720652950246471,8.797741519968374,8.682108665385519,8.759197235107422,38000,0.0,0.0
2025-01-21 00:00:00-05:00,8.768832787123102,8.865193031561281,8.711015905285667,8.7302885055542,58900,0.0,0.0
2025-01-22 00:00:00-05:00,8.682106964217946,8.730287540595718,8.585745811462402,8.585745811462402,41800,0.0,0.0
2025-01-23 00:00:00-05:00,8.585746185658582,8.682107342613875,8.518293927170738,8.576109886169434,48400,0.0,0.0
2025-01-24 00:00:00-05:00,8.50865783089231,8.62429067061944,8.450841870512807,8.595382690429688,21000,0.0,0.0
2025-01-27 00:00:00-05:00,8.614653789701842,8.720651241526552,8.585745811462402,8.585745811462402,28800,0.0,0.0
2025-01-28 00:00:00-05:00,8.5857479282989,8.624292215110692,8.537567340042092,8.556839942932129,38900,0.0,0.0
2025-01-29 00:00:00-05:00,8.6724710224014,9.154274968090366,8.6724710224014,8.961553573608398,118000,0.0,0.0
2025-01-30 00:00:00-05:00,9.04827935240736,9.106095317156283,8.980826168242693,9.057914733886719,60900,0.0,0.0
2025-01-31 00:00:00-05:00,9.096458264806595,9.125367163759671,8.932645765579723,9.077186584472656,60000,0.0,0.0
2025-02-03 00:00:00-05:00,8.971189873074522,9.048278430867308,8.913372995245883,8.961553573608398,28900,0.0,0.0
2025-02-04 00:00:00-05:00,8.990462506445837,9.029006789429717,8.942281922973939,9.009735107421875,43900,0.0,0.0
2025-02-05 00:00:00-05:00,9.077187913916362,9.08682421497872,8.96155505807282,9.067551612854004,58400,0.0,0.0
2025-02-06 00:00:00-05:00,9.09645901358164,9.115731614470116,9.086823632105592,9.106095314025879,122900,0.0,0.0
2025-02-07 00:00:00-05:00,9.077187913916362,9.115732199197542,8.96155505807282,9.067551612854004,108000,0.0,0.0
2025-02-10 00:00:00-05:00,9.057913391820687,9.395176505768841,9.009733734657853,9.308451652526855,45900,0.0,0.0
2025-02-11 00:00:00-05:00,9.318090014954251,9.45299547420073,9.318090014954251,9.424086570739746,119800,0.0,0.0
2025-02-12 00:00:00-05:00,9.365851828621157,9.424085513802451,9.268796920776367,9.268796920776367,49100,0.07,0.0
2025-02-13 00:00:00-05:00,9.317325569274347,9.414380484741793,9.200858189764457,9.27850341796875,38100,0.0,0.0
2025-02-14 00:00:00-05:00,9.268797648744076,9.36585256421152,9.268797648744076,9.27850341796875,41400,0.0,0.0
2025-02-18 00:00:00-05:00,9.317325569274347,9.317325569274347,9.220269728213806,9.27850341796875,28100,0.0,0.0
2025-02-19 00:00:00-05:00,9.220268807003148,9.3173246383667,9.14262451214951,9.3173246383667,56100,0.0,0.0
2025-02-20 00:00:00-05:00,9.317324075006917,9.317324075006917,9.113507581941361,9.220268249511719,35400,0.0,0.0
2025-02-21 00:00:00-05:00,9.22026933071279,9.22026933071279,8.899986364851264,9.055274963378906,64300,0.0,0.0
2025-02-24 00:00:00-05:00,9.113507209655676,9.181445729371264,9.026157155396827,9.035862922668457,54200,0.0,0.0
2025-02-25 00:00:00-05:00,9.035864918039655,9.288208443676155,8.977631227143162,9.191153526306152,65900,0.0,0.0
2025-02-26 00:00:00-05:00,9.229975608356007,9.492024901419587,9.123213996787827,9.472614288330078,85000,0.0,0.0
2025-02-27 00:00:00-05:00,9.462907740146926,9.63760787153941,9.31732491438188,9.385263442993164,78000,0.0,0.0
2025-02-28 00:00:00-05:00,9.36585051116182,9.492022706645596,9.356145669657604,9.44349479675293,20000,0.0,0.0
2025-03-03 00:00:00-05:00,9.453201997178603,9.482319302884811,9.356147088270347,9.42408561706543,59800,0.0,0.0
2025-03-04 00:00:00-05:00,9.200857107811856,9.336735084199754,9.084390667590654,9.123212814331055,86500,0.0,0.0
2025-03-05 00:00:00-05:00,9.132919287187416,9.181447205755989,9.07468652537958,9.094097137451172,93200,0.0,0.0
2025-03-06 00:00:00-05:00,9.162035847779107,9.259091686819728,8.96792509529094,9.006747245788574,96900,0.0,0.0
2025-03-07 00:00:00-05:00,9.016452564286997,9.045568944307096,8.793225441477844,9.026158332824707,51700,0.0,0.0
2025-03-10 00:00:00-04:00,8.91939675151265,8.97763043728571,8.6961696281675,8.705875396728516,119600,0.0,0.0
2025-03-11 00:00:00-04:00,8.667053145007499,8.832047506210486,8.531175163548268,8.550586700439453,83500,0.0,0.0
2025-03-12 00:00:00-04:00,8.560291148818667,8.715579734420087,8.502058392014623,8.686463356018066,65600,0.0,0.0
2025-03-13 00:00:00-04:00,8.793225665346382,8.832047814892574,8.59911399202237,8.657347679138184,64200,0.0,0.0
2025-03-14 00:00:00-04:00,8.686464084398263,8.773814152521814,8.676758315586078,8.69616985321045,58600,0.0,0.0
2025-03-17 00:00:00-04:00,8.686463909887163,8.841752505390145,8.686463909887163,8.783519744873047,24300,0.0,0.0
2025-03-18 00:00:00-04:00,8.734991352791795,8.832047182504455,8.734991352791795,8.802929878234863,36400,0.0,0.0
2025-03-19 00:00:00-04:00,8.822341667904308,8.870869584154976,8.725285835402971,8.793225288391113,109400,0.0,0.0
2025-03-20 00:00:00-04:00,8.744697398071754,8.929102369659503,8.744697398071754,8.832047462463379,35900,0.0,0.0
2025-03-21 00:00:00-04:00,8.802929932368984,8.880574226379395,8.734991406508124,8.880574226379395,55400,0.0,0.0
2025-03-24 00:00:00-04:00,8.948514283289416,9.055274963378906,8.948514283289416,9.055274963378906,54500,0.0,0.0
2025-03-25 00:00:00-04:00,9.04556926688508,9.229975173305633,9.02615865471048,9.171741485595703,56000,0.0,0.0
2025-03-26 00:00:00-04:00,9.142625538313427,9.297914145450223,9.064981234745028,9.074687004089355,37100,0.0,0.0
2025-03-27 00:00:00-04:00,9.055274565943044,9.200857389274816,9.055274565943044,9.15233039855957,41300,0.0,0.0
2025-03-28 00:00:00-04:00,9.132919237886673,9.220269305719961,8.96792487100003,9.01645278930664,53700,0.0,0.0
2025-03-31 00:00:00-04:00,9.006746795749285,9.220269075613759,8.977630415729186,9.026158332824707,54700,0.0,0.0
2025-04-01 00:00:00-04:00,8.987336679981833,9.123213744632231,8.967925141835728,9.084391593933105,73900,0.0,0.0
2025-04-02 00:00:00-04:00,9.210562875895203,9.210562875895203,9.074685825100296,9.123212814331055,44300,0.0,0.0
2025-04-03 00:00:00-04:00,8.773813273871928,8.890279711175493,8.463236107729088,8.492352485656738,64100,0.0,0.0
2025-04-04 00:00:00-04:00,8.230302774525828,8.560291495073017,7.754731230486886,7.832375526428223,120700,0.0,0.0
2025-04-07 00:00:00-04:00,7.725615571643934,7.9294320989026135,7.405332589607881,7.822671413421631,74700,0.0,0.0
2025-04-08 00:00:00-04:00,8.016781342125471,8.434119197176553,7.638264709058061,7.715909004211426,59800,0.0,0.0
2025-04-09 00:00:00-04:00,7.686793416524373,8.298242998019846,7.570326961800441,8.240009307861328,125800,0.0,0.0
2025-04-10 00:00:00-04:00,8.07501410069399,8.07501410069399,7.696497930423084,7.715909004211426,55600,0.0,0.0
2025-04-11 00:00:00-04:00,7.745025536597854,7.880903047683014,7.502386892547541,7.609148025512695,72400,0.0,0.0
2025-04-14 00:00:00-04:00,7.706203751112753,8.240008515319916,7.5509151597501605,7.793553352355957,35700,0.0,0.0
2025-04-15 00:00:00-04:00,8.016781632004122,8.14295384758885,7.7644372008346645,8.104131698608398,27800,0.0,0.0
2025-04-16 00:00:00-04:00,8.152658765292507,8.24971460142889,8.084720235352869,8.220598220825195,44800,0.0,0.0
2025-04-17 00:00:00-04:00,8.278831031389501,8.385592636894627,8.24971465061222,8.298242568969727,59700,0.0,0.0
2025-04-21 00:00:00-04:00,8.298242794505564,8.38559286480453,8.162364804530162,8.28853702545166,46000,0.0,0.0
2025-04-22 00:00:00-04:00,8.356474648818557,8.793224952813778,8.356474648818557,8.686463356018066,79100,0.0,0.0
2025-04-23 00:00:00-04:00,9.113508781352154,9.44349659516038,8.880574954626312,8.890280723571777,85700,0.0,0.0
2025-04-24 00:00:00-04:00,8.929102897644043,9.016452967200744,8.880574978379979,8.929102897644043,60900,0.0,0.0
2025-04-25 00:00:00-04:00,8.909691784646812,8.997041849295197,8.734991655350045,8.870869636535645,33000,0.0,0.0
2025-04-28 00:00:00-04:00,8.861164117884373,8.938808416295315,8.734991901568332,8.899986267089844,79100,0.0,0.0
2025-04-29 00:00:00-04:00,8.880575946313252,8.997043335478532,8.822343177323788,8.967926025390625,171900,0.0,0.0
2025-04-30 00:00:00-04:00,8.890280048252517,9.026158026388337,8.71557992287689,8.958218574523926,121000,0.0,0.0
2025-05-01 00:00:00-04:00,8.938809640895892,9.443497649708346,8.938809640895892,8.967926025390625,85500,0.0,0.0
2025-05-02 00:00:00-04:00,9.210563707322832,9.385263846221122,8.977630805853828,9.2882080078125,48800,0.0,0.0
2025-05-05 00:00:00-04:00,9.220269908957842,9.356147903987583,9.191153526306152,9.191153526306152,53700,0.0,0.0
2025-05-06 00:00:00-04:00,9.132919835409659,9.327030595742778,9.064981300691345,9.191153526306152,230700,0.0,0.0
2025-05-07 00:00:00-04:00,9.259598078485933,9.328042536924402,9.112930182921746,9.1520414352417,60100,0.07,0.0
2025-05-08 00:00:00-04:00,9.288929636993435,9.416041417608465,9.249818391610782,9.396485328674316,41900,0.0,0.0
2025-05-09 00:00:00-04:00,9.445374618524042,9.455152662991116,9.33781892684316,9.396485328674316,26600,0.0,0.0
2025-05-12 00:00:00-04:00,9.43559746355009,9.660487845064972,9.396486214480424,9.425820350646973,62900,0.0,0.0
2025-05-13 00:00:00-04:00,9.484486061449193,9.504042150790655,9.328041076660156,9.328041076660156,42900,0.0,0.0
2025-05-14 00:00:00-04:00,9.288929983401237,9.406263723924866,9.269373893737793,9.269373893737793,36100,0.0,0.0
2025-05-15 00:00:00-04:00,9.240041709645292,9.376931554912654,9.21070850440435,9.2498197555542,19000,0.0,0.0
2025-05-16 00:00:00-04:00,9.210707642262198,9.2889301372401,9.152040304785924,9.22048568725586,39800,0.0,0.0
2025-05-19 00:00:00-04:00,9.181375322159266,9.249819778721484,9.13248602497806,9.240041732788086,34800,0.0,0.0
2025-05-20 00:00:00-04:00,9.240041732788086,9.279152984035894,9.200930481540277,9.240041732788086,25900,0.0,0.0
2025-05-21 00:00:00-04:00,9.210707999334883,9.230263157594608,9.034706912568696,9.093374252319336,40300,0.0,0.0
2025-05-22 00:00:00-04:00,9.044485318511619,9.122707819640427,8.917373521055866,8.966262817382812,56500,0.0,0.0
2025-05-23 00:00:00-04:00,8.917373543951875,9.0249292501587,8.8880403390747,8.9564847946167,45800,0.0,0.0
2025-05-27 00:00:00-04:00,9.083595812075385,9.269374003652642,8.976040115108098,9.230262756347656,86700,0.0,0.0
2025-05-28 00:00:00-04:00,9.259597001924034,9.279152159567536,9.181374506378619,9.19115161895752,43100,0.0,0.0
2025-05-29 00:00:00-04:00,9.240040647829359,9.308486028840553,9.181374244089104,9.28892993927002,80400,0.0,0.0
2025-05-30 00:00:00-04:00,9.240040801295326,9.367152588157948,9.20092955399034,9.230262756347656,53000,0.0,0.0
2025-06-02 00:00:00-04:00,9.240041431766064,9.240041431766064,9.015151977539062,9.015151977539062,86000,0.0,0.0
2025-06-03 00:00:00-04:00,9.093374274950285,9.191151931463718,9.03470693505364,9.083596229553223,73800,0.0,0.0
2025-06-04 00:00:00-04:00,9.200930136896323,9.200930136896323,8.995595842415199,9.02492904663086,52400,0.0,0.0
2025-06-05 00:00:00-04:00,8.995596022184673,9.14226391116551,8.966262817382812,8.966262817382812,71000,0.0,0.0
2025-06-06 00:00:00-04:00,9.13248447905933,9.152039635130107,9.0151507451778,9.11292839050293,69500,0.0,0.0
2025-06-09 00:00:00-04:00,9.161818727758263,9.240041225963301,9.083596229553223,9.083596229553223,76600,0.0,0.0
2025-06-10 00:00:00-04:00,9.14226404801356,9.318264211944989,9.073818659136988,9.2498197555542,61700,0.0,0.0
2025-06-11 00:00:00-04:00,9.328041340852964,9.376930633105617,9.171596351633024,9.230262756347656,114900,0.0,0.0
2025-06-12 00:00:00-04:00,9.181375550360672,9.230263916271204,9.10315304592085,9.161819458007812,60700,0.0,0.0
2025-06-13 00:00:00-04:00,9.054262645982309,9.181374433354042,8.87826156616211,8.87826156616211,43800,0.0,0.0
2025-06-16 00:00:00-04:00,8.98581760225114,9.015151738317291,8.751150108636317,8.7609281539917,67200,0.0,0.0
2025-06-17 00:00:00-04:00,8.731594727795812,8.760927930628371,8.496926307678223,8.496926307678223,82300,0.0,0.0
2025-06-18 00:00:00-04:00,8.565371915884036,8.594705119486962,8.408926920020795,8.41870403289795,108800,0.0,0.0
2025-06-20 00:00:00-04:00,8.516483422137046,8.516483422137046,8.340482319003263,8.477372169494629,125100,0.0,0.0
2025-06-23 00:00:00-04:00,8.457816699014684,8.614262653576985,8.340482932457373,8.584928512573242,195000,0.0,0.0
2025-06-24 00:00:00-04:00,8.575150798224984,8.888040820491115,8.575150798224984,8.790262222290039,78700,0.0,0.0
2025-06-25 00:00:00-04:00,8.829372583767556,8.858706719758155,8.692483679087669,8.770706176757812,85600,0.0,0.0
2025-06-26 00:00:00-04:00,8.770705674735304,9.02492831136907,8.760927629964785,8.94670581817627,124200,0.0,0.0
2025-06-27 00:00:00-04:00,8.976040773163552,9.112929682523815,8.927151477326705,8.995595932006836,2419500,0.0,0.0
2025-06-30 00:00:00-04:00,8.995595842415199,9.1813749782478,8.995595842415199,9.02492904663086,120200,0.0,0.0
2025-07-01 00:00:00-04:00,9.034706962325732,9.816932879223078,9.034706962325732,9.748488426208496,179700,0.0,0.0
2025-07-02 00:00:00-04:00,9.777821523501656,9.777821523501656,9.435597397184807,9.445375442504883,102000,0.0,0.0
2025-07-03 00:00:00-04:00,9.552932180105593,9.748488426208496,9.552932180105593,9.748488426208496,22200,0.0,0.0
2025-07-07 00:00:00-04:00,9.680042375990421,9.865821496395235,9.601819882920712,9.640931129455566,92600,0.0,0.0
2025-07-08 00:00:00-04:00,9.65070988187072,9.836489015898206,9.631154723412202,9.72893238067627,68200,0.0,0.0
2025-07-09 00:00:00-04:00,9.768043833639707,9.768043833639707,9.640932037310314,9.66048812866211,32700,0.0,0.0
2025-07-10 00:00:00-04:00,9.680043197700972,9.787599834166244,9.611598743576344,9.689821243286133,43400,0.0,0.0
2025-07-11 00:00:00-04:00,9.582264988166079,9.670265528399526,9.494264447932633,9.552931785583496,41900,0.0,0.0
2025-07-14 00:00:00-04:00,9.592043584891773,9.719154447555866,9.494264994011662,9.689821243286133,54500,0.0,0.0
2025-07-15 00:00:00-04:00,9.592044176670285,9.719155047176448,9.484487533569336,9.484487533569336,76100,0.0,0.0
2025-07-16 00:00:00-04:00,9.513818740844727,9.523596784978825,9.357373764641597,9.513818740844727,52500,0.0,0.0
2025-07-17 00:00:00-04:00,9.533375786663054,9.856043815612793,9.504042583800087,9.856043815612793,73100,0.0,0.0
2025-07-18 00:00:00-04:00,9.856045023600952,9.93426752914653,9.699600012509798,9.768044471740723,61500,0.0,0.0
2025-07-21 00:00:00-04:00,9.787600425853965,9.914712228688073,9.768044333501424,9.816933631896973,44400,0.0,0.0
2025-07-22 00:00:00-04:00,9.787600109205332,9.992934409835016,9.689821515577567,9.92448902130127,93800,0.0,0.0
2025-07-23 00:00:00-04:00,10.491601982713405,11.420495767731918,9.983155751505382,11.156494140625,258900,0.0,0.0
2025-07-24 00:00:00-04:00,11.166273255406375,11.224939667614361,11.000050200007399,11.11738395690918,263100,0.0,0.0
2025-07-25 00:00:00-04:00,11.176050478346708,11.176050478346708,10.775159938674783,11.068493843078613,148900,0.0,0.0
2025-07-28 00:00:00-04:00,11.029382637441396,11.117383182106169,10.872937639142132,11.058716773986816,87800,0.0,0.0
2025-07-29 00:00:00-04:00,11.146716143652073,11.156494188954477,10.804492950439453,10.804492950439453,78200,0.0,0.0
2025-07-30 00:00:00-04:00,10.853383143929385,10.902271509521531,10.472047737904346,10.491602897644043,56500,0.0,0.0
2025-07-31 00:00:00-04:00,10.413378715515137,10.677380323098628,10.315601067602683,10.413378715515137,61300,0.0,0.0
2025-08-01 00:00:00-04:00,10.305824855924094,10.305824855924094,10.02226804132269,10.110268592834473,104600,0.0,0.0
2025-08-04 00:00:00-04:00,10.413380831701762,10.677382492935148,10.276491910308902,10.667604446411133,113100,0.0,0.0
2025-08-05 00:00:00-04:00,10.706715081571437,10.892494224853252,10.491602732897782,10.882716178894043,137300,0.0,0.0
2025-08-06 00:00:00-04:00,10.922074382716069,10.971272163570742,10.85319580042199,10.931913375854492,68700,0.07,0.0
2025-08-07 00:00:00-04:00,10.971271744129837,10.971271744129837,10.725279095710896,10.754798889160156,79300,0.0,0.0
2025-08-08 00:00:00-04:00,10.853195496527903,10.92207407689335,10.794157785800367,10.89255428314209,59400,0.0,0.0
2025-08-11 00:00:00-04:00,10.941754038760196,11.030311551638091,10.764639013004407,10.902395248413086,52400,0.0,0.0
2025-08-12 00:00:00-04:00,11.030310643802794,11.630532381792662,11.030310643802794,11.522295951843262,62000,0.0,0.0
2025-08-13 00:00:00-04:00,11.591173717540297,11.797807586642914,11.51245614249049,11.660052299499512,68000,0.0,0.0
2025-08-14 00:00:00-04:00,11.49277724064952,11.591173740462606,11.384539870951356,11.541975021362305,41300,0.0,0.0
2025-08-15 00:00:00-04:00,11.640372808324502,11.640372808324502,11.364861286850637,11.463257789611816,126800,0.0,0.0
2025-08-18 00:00:00-04:00,11.42389968088028,11.5518159866333,11.37470189576478,11.5518159866333,29700,0.0,0.0
2025-08-19 00:00:00-04:00,11.551814930015393,11.709250080115005,11.44357849891879,11.660052299499512,105200,0.0,0.0
2025-08-20 00:00:00-04:00,11.66005260366031,11.758449105845552,11.630532808455952,11.699411392211914,78900,0.0,0.0
2025-08-21 00:00:00-04:00,11.630532505065199,11.709250080115005,11.44357849891879,11.660052299499512,46800,0.0,0.0
2025-08-22 00:00:00-04:00,11.69941215050618,12.211076434840427,11.679732285761062,12.171717643737793,136600,0.0,0.0
2025-08-25 00:00:00-04:00,12.191396020000942,12.348831165189779,12.102838516235352,12.102838516235352,111900,0.0,0.0
2025-08-26 00:00:00-04:00,12.161876031837608,12.279952388839433,12.053639605849469,12.201234817504883,57800,0.0,0.0
2025-08-27 00:00:00-04:00,12.16187585541782,12.398029504383304,12.16187585541782,12.29963207244873,40400,0.0,0.0
2025-08-28 00:00:00-04:00,12.299633756949795,12.348832479655112,12.211076243757743,12.27011489868164,49400,0.0,0.0
2025-08-29 00:00:00-04:00,12.26027454059627,12.378350907955037,12.2405946768427,12.33899211883545,44500,0.0,0.0
2025-09-02 00:00:00-04:00,12.171716888054364,12.37835076311119,12.16187695629272,12.319313049316406,102800,0.0,0.0
2025-09-03 00:00:00-04:00,12.240593764597666,12.368510054300101,12.171716123368462,12.220914840698242,71600,0.0,0.0
2025-09-04 00:00:00-04:00,12.250434830455196,12.368511199951172,12.211076040623205,12.368511199951172,80200,0.0,0.0
2025-09-05 00:00:00-04:00,12.398029995223009,12.496426492665655,12.16187633690817,12.240593910217285,72300,0.0,0.0
2025-09-08 00:00:00-04:00,12.289792931163701,12.289792931163701,11.965082698660298,12.033960342407227,88200,0.0,0.0
2025-09-09 00:00:00-04:00,12.004441831198493,12.102839272282003,11.906045328502527,11.955243110656738,38600,0.0,0.0
2025-09-10 00:00:00-04:00,11.935563881014051,12.014281456517873,11.896205093262141,11.915884017944336,25700,0.0,0.0
2025-09-11 00:00:00-04:00,11.82732741116644,12.053640205413501,11.82732741116644,12.033960342407227,57700,0.0,0.0
2025-09-12 00:00:00-04:00,12.024121123928929,12.053639979497564,11.876524969310744,12.004441261291504,25900,0.0,0.0
2025-09-15 00:00:00-04:00,12.004441873594045,12.014281805414656,11.817487860940174,11.837166786193848,39200,0.0,0.0
2025-09-16 00:00:00-04:00,11.886364144961366,11.925722929346506,11.70924914603452,11.906044006347656,57300,0.0,0.0
2025-09-17 00:00:00-04:00,11.984761575117934,12.230754212121916,11.876524214268223,11.906044006347656,54700,0.0,0.0
2025-09-18 00:00:00-04:00,12.03395956925786,12.29963207244873,11.945403006581692,12.29963207244873,107400,0.0,0.0
2025-09-19 00:00:00-04:00,12.309472838763968,12.594824284676092,12.07332011215825,12.407869338989258,337600,0.0,0.0
2025-09-22 00:00:00-04:00,12.398030506378925,12.47674808293347,12.161876838327753,12.181556701660156,84500,0.0,0.0
2025-09-23 00:00:00-04:00,12.270113902238595,12.368510401270965,12.112678753076795,12.142197608947754,62800,0.0,0.0
2025-09-24 00:00:00-04:00,12.102839578981365,12.230755880276451,11.925724555897775,11.99460220336914,44200,0.0,0.0
2025-09-25 00:00:00-04:00,11.886365123410231,12.122517849160431,11.886365123410231,12.033960342407227,36600,0.0,0.0
2025-09-26 00:00:00-04:00,12.043800208997558,12.279952933474958,11.984762497071964,12.024121284484863,29900,0.0,0.0
2025-09-29 00:00:00-04:00,12.024121862303554,12.181557019520694,11.512456662960291,11.728930473327637,33700,0.0,0.0
2025-09-30 00:00:00-04:00,11.68957141973108,11.817487716674805,11.640372699616178,11.817487716674805,41200,0.0,0.0
2025-10-01 00:00:00-04:00,11.768289417413039,11.768289417413039,11.443579166785083,11.502616882324219,53700,0.0,0.0
2025-10-02 00:00:00-04:00,11.482938001998944,11.5124568598852,11.266464187928731,11.384540557861328,43900,0.0,0.0
2025-10-03 00:00:00-04:00,11.48293833676152,11.689572224764463,11.325503172261678,11.5518159866333,70000,0.0,0.0
2025-10-06 00:00:00-04:00,11.64037262085185,12.083159222114773,11.43373874847748,11.561655044555664,46400,0.0,0.0
2025-10-07 00:00:00-04:00,11.522296418970775,11.807647871667232,11.32550247545383,11.335342407226562,51900,0.0,0.0
2025-10-08 00:00:00-04:00,11.433738358241259,11.433738358241259,11.227104492919352,11.266463279724121,72000,0.0,0.0
2025-10-09 00:00:00-04:00,11.236945804885357,11.305823455659727,11.109029497456088,11.197587013244629,78200,0.0,0.0
2025-10-10 00:00:00-04:00,11.197586645210208,11.315663016251541,10.892555316229414,10.902395248413086,54900,0.0,0.0
2025-10-13 00:00:00-04:00,11.030310853799163,11.030310853799163,10.784318195095691,10.813837051391602,90200,0.0,0.0
2025-10-14 00:00:00-04:00,10.715440705833393,11.404219972481846,10.67608191740741,11.325502395629883,41700,0.0,0.0
2025-10-15 00:00:00-04:00,11.394380147864597,11.502616582456387,11.197586203885187,11.217265129089355,38700,0.0,0.0
2025-10-16 00:00:00-04:00,11.21726507003058,11.374701162772753,10.607203377712604,10.71544075012207,28500,0.0,0.0
2025-10-17 00:00:00-04:00,10.784318153791565,10.833516873021331,10.676081722196093,10.685920715332031,44800,0.0,0.0
2025-10-20 00:00:00-04:00,10.725280037301033,11.010631496982985,10.725280037301033,11.000792503356934,29300,0.0,0.0
2025-10-21 00:00:00-04:00,10.990952571343316,11.059830218663508,10.951593781676412,11.000792503356934,30700,0.0,0.0
2025-10-22 00:00:00-04:00,11.059830474891564,11.256624427785303,11.0303116165544,11.158227920532227,60000,0.0,0.0
2025-10-23 00:00:00-04:00,11.227105264373368,11.246785128321774,11.109028895845622,11.118868827819824,26100,0.0,0.0
2025-10-24 00:00:00-04:00,11.276303941637622,11.286143873573238,11.177906499056576,11.236945152282715,17500,0.0,0.0
2025-10-27 00:00:00-04:00,11.266463849681095,11.522296446048099,11.138547551497592,11.217265129089355,27100,0.0,0.0
2025-10-28 00:00:00-04:00,11.168067693642998,11.217265477374736,11.020471527285062,11.138547897338867,27900,0.0,0.0
2025-10-29 00:00:00-04:00,11.138547023931432,11.75844862189621,11.089349244057441,11.14838695526123,41300,0.0,0.0
2025-10-30 00:00:00-04:00,11.06966920267823,11.305821920455704,11.06966920267823,11.246784210205078,35900,0.0,0.0
2025-10-31 00:00:00-04:00,11.168067123163677,11.295982480397203,11.030310895943884,11.187746047973633,48400,0.0,0.0
2025-11-03 00:00:00-05:00,11.305822989511983,11.305822989511983,10.902395157231258,11.138547897338867,107700,0.0,0.0
2025-11-04 00:00:00-05:00,10.99095232810992,11.266463849681095,10.99095232810992,11.217265129089355,31800,0.0,0.0
2025-11-05 00:00:00-05:00,11.217265238958861,11.758449293993621,11.217265238958861,11.601014137268066,48900,0.0,0.0
2025-11-06 00:00:00-05:00,11.610854801490522,11.728931176482106,11.492778426498937,11.57149600982666,41700,0.0,0.0
2025-11-07 00:00:00-05:00,11.591174936464784,11.660053525667252,11.46325862896033,11.57149600982666,44700,0.0,0.0
2025-11-10 00:00:00-05:00,11.699411804567434,11.738770594506274,11.571495502669318,11.630533218383789,25600,0.0,0.0
2025-11-11 00:00:00-05:00,11.679732401819216,11.719091193312947,11.660053475266155,11.68957233428955,17200,0.0,0.0
2025-11-12 00:00:00-05:00,11.748959828696218,11.946920211801338,11.699469496932547,11.709367752075195,41400,0.07,0.0
2025-11-13 00:00:00-05:00,11.640082071199691,11.77865386998448,11.640082071199691,11.67967414855957,29300,0.0,0.0
2025-11-14 00:00:00-05:00,11.580692605856838,11.729163592670734,11.511406711713393,11.669775009155273,42100,0.0,0.0
2025-11-17 00:00:00-05:00,11.501509491139768,11.64998049130144,11.263957023620605,11.263957023620605,47700,0.0,0.0
2025-11-18 00:00:00-05:00,11.392631461069321,11.481713871971536,11.204568383842513,11.4025297164917,43600,0.0,0.0
2025-11-19 00:00:00-05:00,11.402529803773888,11.580693682992505,11.382733292777598,11.521306037902832,43200,0.0,0.0
2025-11-20 00:00:00-05:00,11.659877398024776,11.917226367544316,11.570794989810354,11.580693244934082,46500,0.0,0.0
2025-11-21 00:00:00-05:00,11.590591195918789,12.075594356860123,11.590591195918789,11.887532234191895,66100,0.0,0.0
2025-11-24 00:00:00-05:00,11.9667165945112,12.600189813694215,11.808348289715447,11.857837677001953,30700,0.0,0.0
2025-11-25 00:00:00-05:00,11.92712442828133,12.214167214544302,11.907327918356515,12.13498306274414,45200,0.0,0.0
2025-11-26 00:00:00-05:00,12.125084738662158,12.22406539982289,11.620285065851599,12.144881248474121,46300,0.0,0.0
2025-11-28 00:00:00-05:00,12.134983201435249,12.164677022712295,12.045900793654555,12.11518669128418,16800,0.0,0.0
2025-12-01 00:00:00-05:00,11.976614638522939,12.431923978763056,11.976614638522939,12.283452987670898,40200,0.0,0.0
2025-12-02 00:00:00-05:00,12.352739614262573,12.45172028084368,12.154779225049955,12.184473991394043,46800,0.0,0.0
2025-12-03 00:00:00-05:00,12.194370999923729,12.699170687836371,12.194370999923729,12.619986534118652,53700,0.0,0.0
2025-12-04 00:00:00-05:00,12.659578392665692,12.748660800049311,12.61998631648959,12.649680137634277,52700,0.0,0.0
2025-12-05 00:00:00-05:00,12.669476623836093,12.679374878848865,12.501210064417172,12.521005630493164,27300,0.0,0.0
2025-12-08 00:00:00-05:00,12.610088117341622,12.679374958919023,12.49131188828694,12.5111083984375,30600,0.0,0.0
2025-12-09 00:00:00-05:00,12.718966884627818,12.748660705552407,12.511108250256601,12.530903816223145,40000,0.0,0.0
2025-12-10 00:00:00-05:00,12.570496031215148,12.976315049490468,12.570496031215148,12.907029151916504,141000,0.0,0.0
2025-12-11 00:00:00-05:00,12.887233893318614,13.312848487937954,12.877335638014783,12.996111869812012,73600,0.0,0.0
2025-12-12 00:00:00-05:00,13.065397619601173,13.07529587479179,12.92682582273081,13.015907287597656,42300,0.0,0.0
2025-12-15 00:00:00-05:00,13.164378017952183,13.23366391498918,13.015907024937764,13.184173583984375,70700,0.0,0.0
2025-12-16 00:00:00-05:00,13.213868637236912,13.807749790402319,13.134684483481525,13.14458179473877,58200,0.0,0.0
2025-12-17 00:00:00-05:00,13.194072486631452,13.243562820065584,13.065397997282544,13.095091819763184,49500,0.0,0.0
2025-12-18 00:00:00-05:00,13.233664155704846,13.352440385907148,13.174276512578478,13.283154487609863,68200,0.0,0.0
2025-12-19 00:00:00-05:00,13.28315475673971,13.31284857890452,12.936723370335113,13.114888191223145,131700,0.0,0.0
2025-12-22 00:00:00-05:00,13.174275985270414,13.203969805645086,12.768456035052104,12.827844619750977,34500,0.0,0.0
2025-12-23 00:00:00-05:00,12.77835508217594,12.926826081154616,12.679375360139746,12.71896743774414,33100,0.0,0.0
2025-12-24 00:00:00-05:00,12.728864530822378,13.37223696079389,12.66947688740936,12.748661041259766,31500,0.0,0.0
2025-12-26 00:00:00-05:00,12.808048152722417,12.867436737618451,12.610087776318194,12.689271926879883,31000,0.0,0.0
2025-12-29 00:00:00-05:00,12.718967058425893,12.827845032603511,12.550700497638035,12.639782905578613,63200,0.0,0.0
2025-12-30 00:00:00-05:00,12.699170525120024,12.699170525120024,12.5111083984375,12.5111083984375,34600,0.0,0.0
2025-12-31 00:00:00-05:00,12.76845656451559,12.76845656451559,12.422026128580418,12.491312026977539,27800,0.0,0.0
2026-01-02 00:00:00-05:00,12.570496217595487,12.570496217595487,12.204269270210963,12.224065780639648,37800,0.0,0.0
2026-01-05 00:00:00-05:00,12.214167331127564,12.590292527743193,12.214167331127564,12.382433891296387,43500,0.0,0.0
2026-01-06 00:00:00-05:00,12.293351483683534,12.451719788795469,12.10528841340094,12.382433891296387,41600,0.0,0.0
2026-01-07 00:00:00-05:00,12.382433042852377,12.382433042852377,12.095390273517765,12.233962059020996,52800,0.0,0.0
2026-01-08 00:00:00-05:00,12.233963009488274,12.649680286194389,12.204269187994857,12.629884719848633,46700,0.0,0.0
2026-01-09 00:00:00-05:00,12.699170827872102,12.877335647676409,12.471516619410671,12.600190162658691,27400,0.0,0.0
2026-01-12 00:00:00-05:00,12.580394318968374,12.669476726908952,12.342841860426537,12.639782905578613,31900,0.0,0.0
2026-01-13 00:00:00-05:00,12.728864289986483,12.748660800049311,12.521005654074555,12.649680137634277,23000,0.0,0.0
2026-01-14 00:00:00-05:00,12.590293235875304,12.768457117172154,12.570496724648093,12.679375648498535,73600,0.0,0.0
2026-01-15 00:00:00-05:00,12.67937525168607,13.114888101609239,12.67937525168607,12.996111869812012,29800,0.0,0.0
2026-01-16 00:00:00-05:00,12.966418027655891,13.006010104859973,12.837743540755232,12.867437362670898,46100,0.0,0.0
2026-01-20 00:00:00-05:00,12.728864509493125,12.9862134810505,12.600190023714436,12.619986534118652,45700,0.0,0.0
2026-01-21 00:00:00-05:00,12.748660891396172,13.273256140475759,12.748660891396172,13.16437816619873,83300,0.0,0.0
2026-01-22 00:00:00-05:00,13.233663820417368,13.302949716959228,12.996111366031382,13.065397262573242,45200,0.0,0.0
2026-01-23 00:00:00-05:00,13.075295889970327,13.114887966829187,12.5902927124619,12.619986534118652,27000,0.0,0.0
2026-01-26 00:00:00-05:00,12.689272453897175,12.837743450328865,12.52100589097767,12.748661041259766,37600,0.0,0.0
2026-01-27 00:00:00-05:00,12.808048152722417,12.808048152722417,12.580393955844944,12.689271926879883,22500,0.0,0.0
2026-01-28 00:00:00-05:00,13.223765785927322,13.659279570177521,12.946621251190551,13.035703659057617,136900,0.0,0.0
2026-01-29 00:00:00-05:00,13.065397262573242,13.273255896148365,12.887233393758526,13.065397262573242,58000,0.0,0.0
2026-01-30 00:00:00-05:00,13.104988661690868,13.352439358221055,12.93672211253438,13.293051719665527,108600,0.0,0.0
2026-02-02 00:00:00-05:00,13.40192984681014,13.708769129519867,13.382134281704403,13.669177055358887,118200,0.0,0.0
2026-02-03 00:00:00-05:00,13.688973449159777,13.857240010517742,13.560298964359593,13.817647933959961,69000,0.0,0.0
2026-02-04 00:00:00-05:00,13.995813369750977,14.213569328479567,13.936424780311613,13.995813369750977,53400,0.0,0.0
2026-02-05 00:00:00-05:00,13.966117288213324,14.292752139504705,13.92652521363102,14.04530143737793,61400,0.0,0.0
2026-02-06 00:00:00-05:00,14.223467230838923,14.371938228775612,14.015608588887224,14.17397689819336,59700,0.0,0.0
2026-02-09 00:00:00-05:00,14.19377271419179,14.272956864969604,14.005709648132324,14.005709648132324,36200,0.0,0.0
2026-02-10 00:00:00-05:00,14.173976470849498,14.173976470849498,13.82754604067456,13.837443351745605,34800,0.0,0.0
2026-02-11 00:00:00-05:00,13.926974507178892,14.026453275995825,13.737965984866541,13.88718318939209,86500,0.07,0.0
2026-02-12 00:00:00-05:00,13.926974718998357,14.02645348932829,13.698174875419319,13.847392082214355,85600,0.0,0.0
2026-02-13 00:00:00-05:00,13.857340178783625,14.106036156443347,13.698174904873383,13.976714134216309,80700,0.0,0.0
2026-02-17 00:00:00-05:00,14.016504577098205,14.25525247304925,14.006556510925293,14.006556510925293,103900,0.0,0.0
2026-02-18 00:00:00-05:00,13.996608454740398,14.33483511526231,13.767808624798993,13.777756690979004,53500,0.0,0.0
2026-02-19 00:00:00-05:00,13.728018017904773,13.907078474895368,13.598695996983876,13.688226699829102,37000,0.0,0.0
2026-02-20 00:00:00-05:00,13.718069242598746,13.837443190659455,13.489269412657341,13.777756690979004,89100,0.0,0.0
2026-02-23 00:00:00-05:00,13.827495268843926,14.175669999180927,13.210729389741084,13.250520706176758,55200,0.0,0.0
2026-02-24 00:00:00-05:00,13.25052121179658,13.479322001557254,13.13114725793443,13.200782775878906,40000,0.0,0.0
2026-02-25 00:00:00-05:00,13.300260543823242,13.399739312664941,13.131147206012264,13.300260543823242,73600,0.0,0.0
2026-02-26 00:00:00-05:00,13.379842807611894,13.479321573689234,13.160990091461636,13.280364990234375,133900,0.0,0.0
2026-02-27 00:00:00-05:00,13.101303828800983,13.121199013158014,12.61385995330569,12.782973289489746,99000,0.0,0.0
2026-03-02 00:00:00-05:00,12.603911836644652,12.952086574156318,12.593963770155785,12.882451057434082,76900,0.0,0.0
2026-03-03 00:00:00-05:00,12.68349440334443,12.792920288037422,12.444746501087081,12.623806953430176,51300,0.0,0.0
2026-03-04 00:00:00-05:00,12.713337272243038,12.981929365743149,12.584015258561482,12.832711219787598,122500,0.0,0.0
2026-03-05 00:00:00-05:00,12.713337653951639,12.782973170301572,12.4347984346514,12.623806953430176,95000,0.0,0.0
2026-03-06 00:00:00-05:00,12.35521618400598,12.42485075381717,12.086624074105918,12.414902687072754,73500,0.0,0.0
2026-03-09 00:00:00-04:00,12.235841453311282,12.564120045462333,11.977197426555968,12.474589347839355,139200,0.0,0.0
2026-03-10 00:00:00-04:00,12.444746343050834,12.912294075192445,12.434798276741486,12.564120292663574,66000,0.0,0.0
2026-03-11 00:00:00-04:00,12.484538078308105,12.584015898638539,12.335319924762679,12.484538078308105,46500,0.0,0.0
2026-03-12 00:00:00-04:00,12.385059340444574,12.653651448282336,12.036885545362109,12.613860130310059,83100,0.0,0.0
2026-03-13 00:00:00-04:00,12.683494567871094,12.862555971236754,12.494486046640555,12.683494567871094,79200,0.0,0.0
2026-03-16 00:00:00-04:00,12.782973336118648,12.892399222231083,12.653651316876765,12.683494567871094,40700,0.0,0.0
2026-03-17 00:00:00-04:00,12.962033622644666,13.270417041251948,12.554172385780074,12.623806953430176,60600,0.0,0.0
2026-03-18 00:00:00-04:00,12.544224763042905,12.584016081493244,12.255737467102977,12.315424919128418,51000,0.0,0.0
2026-03-19 00:00:00-04:00,12.205998486985996,12.544224204401488,12.086623588251324,12.464641571044922,49400,0.0,0.0
2026-03-20 00:00:00-04:00,12.484537456443348,12.623806587708819,12.265684744697861,12.375110626220703,120100,0.0,0.0
2026-03-23 00:00:00-04:00,12.653651186906195,13.131146992710283,12.64370312044365,12.753129005432129,141100,0.0,0.0
2026-03-24 00:00:00-04:00,12.753129247791687,13.071460739743797,12.68349467863022,12.842659950256348,145100,0.0,0.0
2026-03-25 00:00:00-04:00,12.991877943087704,13.071460577915515,12.633755137662723,12.782973289489746,45900,0.0,0.0
2026-03-26 00:00:00-04:00,12.653651270719596,12.802868473846777,12.633755137662723,12.782973289489746,50700,0.0,0.0
2026-03-27 00:00:00-04:00,12.733233821206877,12.79292032258247,12.68349443759399,12.753129005432129,36300,0.0,0.0
2026-03-30 00:00:00-04:00,12.892398753755119,12.892398753755119,12.723285423099318,12.862555503845215,44900,0.0,0.0
2026-03-31 00:00:00-04:00,13.051564018207682,13.1410947166372,12.822764187732075,12.862555503845215,45700,0.0,0.0
2026-04-01 00:00:00-04:00,13.011773399377942,13.170938672359958,12.981930147868779,13.001825332641602,32100,0.0,0.0
2026-04-02 00:00:00-04:00,12.912294629414252,13.051564717623446,12.753129356432236,13.001825332641602,44100,0.0,0.0
2026-04-06 00:00:00-04:00,13.031668903967846,13.151042852943606,12.981929521386327,13.121198654174805,41000,0.0,0.0
2026-04-07 00:00:00-04:00,13.12119873927007,13.190834254815734,12.981929605578387,13.151042938232422,111800,0.0,0.0
2026-04-08 00:00:00-04:00,13.539008105277794,13.747912755557165,13.379842838150623,13.409686088562012,143700,0.0,0.0
2026-04-09 00:00:00-04:00,13.330103867554294,13.91702651977539,13.330103867554294,13.91702651977539,105400,0.0,0.0
2026-04-10 00:00:00-04:00,13.897131256013752,13.897131256013752,13.60864396488447,13.88718318939209,64300,0.0,0.0
2026-04-13 00:00:00-04:00,13.827495574951172,13.877234958771828,13.548956353735278,13.827495574951172,57800,0.0,0.0
2026-04-14 00:00:00-04:00,13.787704551682278,13.89713138816141,13.459425939644595,13.817548751831055,33300,0.0,0.0
2026-04-15 00:00:00-04:00,13.777757111090644,13.787704228874155,13.62853895993994,13.698174476623535,52700,0.0,0.0
2026-04-16 00:00:00-04:00,13.638486817888515,13.767808834095167,13.598695501263377,13.73796558380127,51600,0.0,0.0
2026-04-17 00:00:00-04:00,13.907078034123227,14.155774001388949,13.747912766865138,13.99660873413086,56600,0.0,0.0
2026-04-20 00:00:00-04:00,14.0264530638824,14.0264530638824,12.852607783873282,13.926974296569824,46700,0.0,0.0
2026-04-21 00:00:00-04:00,13.897131356901342,13.897131356901342,13.668330566441337,13.688226699829102,50800,0.0,0.0
2026-04-22 00:00:00-04:00,13.66833061464244,13.847392020964348,13.58874797821045,13.58874797821045,32600,0.0,0.0
2026-04-23 00:00:00-04:00,13.58874755859143,13.747912826540405,13.529061057460481,13.668330192565918,23600,0.0,0.0
2026-04-24 00:00:00-04:00,13.598695944814068,13.917026488198205,13.598695944814068,13.787704467773438,47900,0.0,0.0
2026-04-27 00:00:00-04:00,13.737965698358733,13.986661666514612,13.737965698358733,13.897130966186523,42800,0.0,0.0
2026-04-28 00:00:00-04:00,13.907077704487346,14.195565930429455,13.907077704487346,14.106035232543945,63900,0.0,0.0
2026-04-29 00:00:00-04:00,14.036400473815297,14.38457521795658,13.708121863030591,13.91702651977539,61600,0.0,0.0
2026-04-30 00:00:00-04:00,13.767808577419215,14.16572173625222,13.767808577419215,13.87723445892334,62800,0.0,0.0
2026-05-01 00:00:00-04:00,13.827495114612105,14.106035275254799,13.728017298982406,14.006556510925293,36900,0.0,0.0
2026-05-04 00:00:00-04:00,13.907077756519916,14.026452653280431,13.737965374958769,13.777756690979004,43600,0.0,0.0
2026-05-05 00:00:00-04:00,13.857339392667464,14.165721856199294,13.857339392667464,14.036399841308594,31000,0.0,0.0
2026-05-06 00:00:00-04:00,14.09608758586053,14.344783554631958,13.996608818872026,14.026453018188477,45300,0.0,0.0
2026-05-07 00:00:00-04:00,14.076191743860672,14.225409897426951,14.006557174749654,14.016505241394043,30400,0.0,0.0
2026-05-08 00:00:00-04:00,13.97671360010042,13.986661666514612,13.847391582815382,13.897130966186523,27700,0.0,0.0
2026-05-11 00:00:00-04:00,13.897130905013759,14.08613942255232,13.349999587739234,13.409686088562012,34600,0.0,0.0
2026-05-12 00:00:00-04:00,13.389790744100472,13.628538641930836,13.190834162575166,13.34999942779541,36900,0.0,0.0
2026-05-13 00:00:00-04:00,13.260000228881836,13.319999694824219,13.180000305175781,13.239999771118164,45000,0.07,0.0
2026-05-14 00:00:00-04:00,13.239999771118164,13.40999984741211,13.109999656677246,13.229999542236328,26300,0.0,0.0
2026-05-15 00:00:00-04:00,13.069999694824219,13.34000015258789,13.0600004196167,13.149999618530273,37500,0.0,0.0
2026-05-18 00:00:00-04:00,13.170000076293945,13.479999542236328,13.100000381469727,13.420000076293945,54100,0.0,0.0
2026-05-19 00:00:00-04:00,13.329999923706055,13.520000457763672,13.239999771118164,13.4399995803833,54500,0.0,0.0
2026-05-20 00:00:00-04:00,13.329999923706055,13.739999771118164,13.329999923706055,13.479999542236328,42500,0.0,0.0
2026-05-21 00:00:00-04:00,13.34000015258789,13.649999618530273,13.170000076293945,13.59000015258789,64000,0.0,0.0
2026-05-22 00:00:00-04:00,13.649999618530273,13.670000076293945,13.390000343322754,13.390000343322754,32200,0.0,0.0
2026-05-26 00:00:00-04:00,13.390000343322754,13.520000457763672,13.329999923706055,13.510000228881836,33400,0.0,0.0
2026-05-27 00:00:00-04:00,13.529999732971191,13.970000267028809,13.329999923706055,13.34000015258789,31400,0.0,0.0
2026-05-28 00:00:00-04:00,13.300000190734863,13.420000076293945,13.109999656677246,13.319999694824219,32100,0.0,0.0
2026-05-29 00:00:00-04:00,13.25,13.34000015258789,13.050000190734863,13.270000457763672,35300,0.0,0.0
