Date,Open,High,Low,Close,Volume,Dividends,Stock Splits
2002-07-24 00:00:00+09:00,5569.015634212854,5617.866648548054,5178.20751953125,5178.20751953125,69100,0.0,0.0
2002-07-25 00:00:00+09:00,4596.879941301805,4787.3988761697865,4567.5693359375,4567.5693359375,100000,0.0,0.0
2002-07-26 00:00:00+09:00,4020.439697265625,4020.439697265625,4020.439697265625,4020.439697265625,4100,0.0,0.0
2002-07-29 00:00:00+09:00,3629.631061422414,3908.081896551724,3541.69921875,3541.69921875,238000,0.0,0.0
2002-07-30 00:00:00+09:00,3434.2263772544484,3610.0900324196837,3346.294549671831,3483.077392578125,109700,0.0,0.0
2002-07-31 00:00:00+09:00,3566.124150665713,3614.975166428257,3424.4562049543356,3468.422119140625,77900,0.0,0.0
2002-08-01 00:00:00+09:00,3473.30688125281,3512.387690043278,3326.7538482885566,3395.145263671875,66500,0.0,0.0
2002-08-02 00:00:00+09:00,3385.3753372995475,3551.468788191589,3326.754119337651,3341.409423828125,44900,0.0,0.0
2002-08-05 00:00:00+09:00,3331.638907001202,3341.409109074519,3165.5454717548077,3175.315673828125,33100,0.0,0.0
2002-08-06 00:00:00+09:00,3155.775240327096,3209.511351230499,3141.119937353441,3189.970947265625,38200,0.0,0.0
2002-08-07 00:00:00+09:00,3199.741667309793,3224.1671762205547,3155.7757512704216,3214.39697265625,41900,0.0,0.0
2002-08-08 00:00:00+09:00,3312.0993746646996,3561.2395931129295,3273.0185560845853,3414.6865234375,107800,0.0,0.0
2002-08-09 00:00:00+09:00,3492.8478090708495,3683.366780474714,3180.201291895277,3199.74169921875,62700,0.0,0.0
2002-08-12 00:00:00+09:00,3185.0859375,3341.409173696319,3150.8902295820553,3185.0859375,61000,0.0,0.0
2002-08-13 00:00:00+09:00,3150.8903197292966,3273.0178515017496,3141.1201171875,3141.1201171875,50500,0.0,0.0
2002-08-14 00:00:00+09:00,3150.890139335878,3194.8560482568437,3146.005038344659,3189.970947265625,37000,0.0,0.0
2002-08-15 00:00:00+09:00,3189.970947265625,3189.970947265625,3189.970947265625,3189.970947265625,0,0.0,0.0
2002-08-16 00:00:00+09:00,3238.8223209021226,3492.847600972877,3160.660696264967,3365.8349609375,103500,0.0,0.0
2002-08-19 00:00:00+09:00,3419.571597450658,3463.537517989309,3180.201585629112,3248.593017578125,107400,0.0,0.0
2002-08-20 00:00:00+09:00,3360.9500000000003,3360.9500000000003,3150.890625,3150.890625,97500,0.0,0.0
2002-08-21 00:00:00+09:00,3189.971908187866,3219.2825229644777,3126.465576171875,3126.465576171875,142200,0.0,0.0
2002-08-22 00:00:00+09:00,3150.891088485718,3150.891088485718,3126.465576171875,3126.465576171875,212800,0.0,0.0
2002-08-23 00:00:00+09:00,3126.465576171875,3126.465576171875,3126.465576171875,3126.465576171875,0,0.0,0.0
2002-08-26 00:00:00+09:00,3126.465027429467,3175.3160434830525,3116.69482421875,3116.69482421875,43100,0.0,0.0
2002-08-27 00:00:00+09:00,3126.465420081967,3126.465420081967,2921.291126889088,2979.912353515625,54600,0.0,0.0
2002-08-28 00:00:00+09:00,2979.9121893521014,2979.9121893521014,2808.9336211105874,2833.359130859375,71200,0.0,0.0
2002-08-29 00:00:00+09:00,2628.1843911589476,2774.7374241232014,2628.1843911589476,2716.1162109375,43800,0.0,0.0
2002-08-30 00:00:00+09:00,2735.656651823356,2896.864990234375,2725.8864494954155,2896.864990234375,66800,0.0,0.0
2002-09-02 00:00:00+09:00,3028.7632733080764,3243.707763671875,2975.0271507171265,3243.707763671875,341300,0.0,0.0
2002-09-03 00:00:00+09:00,3346.294344846253,3590.5494065138623,3297.4433325127306,3507.502685546875,201600,0.0,0.0
2002-09-04 00:00:00+09:00,3419.571517751187,3898.311530236353,3263.2482483682757,3859.230712890625,191300,0.0,0.0
2002-09-05 00:00:00+09:00,4010.6680055147062,4245.152858455883,3854.3447702205885,4152.3359375,110800,0.0,0.0
2002-09-06 00:00:00+09:00,4049.749155719615,4201.187302676561,3776.183470894164,3795.723876953125,186500,0.0,0.0
2002-09-09 00:00:00+09:00,3908.0806327160494,4059.5187572337964,3810.3786168981483,3956.931640625,147600,0.0,0.0
2002-09-10 00:00:00+09:00,3956.9325963108668,4250.038714556116,3956.9325963108668,4113.255859375,240200,0.0,0.0
2002-09-11 00:00:00+09:00,4250.037916100543,4250.037916100543,3878.7702360733697,3932.50634765625,156200,0.0,0.0
2002-09-12 00:00:00+09:00,3932.506409069567,4079.059442947936,3908.0809034231725,3942.276611328125,82100,0.0,0.0
2002-09-13 00:00:00+09:00,3883.655459872159,4030.20849609375,3883.655459872159,4030.20849609375,27800,0.0,0.0
2002-09-16 00:00:00+09:00,4054.635168061292,4137.681912467367,3917.852294921875,3917.852294921875,27000,0.0,0.0
2002-09-17 00:00:00+09:00,3937.3922625285823,4035.0943037823936,3878.771037776296,4005.78369140625,33500,0.0,0.0
2002-09-18 00:00:00+09:00,3937.3913922991073,4000.897705078125,3893.425483452095,4000.897705078125,48600,0.0,0.0
2002-09-19 00:00:00+09:00,3981.3580774885886,4396.591742011939,3956.9325678107443,4347.74072265625,151100,0.0,0.0
2002-09-20 00:00:00+09:00,4347.74072265625,4347.74072265625,4347.74072265625,4347.74072265625,0,0.0,0.0
2002-09-23 00:00:00+09:00,4347.740105943703,4347.740105943703,3917.8511965919665,3937.3916015625,187300,0.0,0.0
2002-09-24 00:00:00+09:00,3908.081752232143,4132.796452985491,3810.379708426339,4103.48583984375,172600,0.0,0.0
2002-09-25 00:00:00+09:00,4005.782863451087,4064.4040760869566,3873.8851350203804,3932.50634765625,65200,0.0,0.0
2002-09-26 00:00:00+09:00,3815.2632740509816,3991.1268820738183,3810.378173828125,3810.378173828125,75700,0.0,0.0
2002-09-27 00:00:00+09:00,3737.1023795617875,3781.0682899095737,3356.064489880978,3536.813232421875,77000,0.0,0.0
2002-09-30 00:00:00+09:00,3419.5716257600143,3517.2736722103004,3370.7206025348714,3414.6865234375,31200,0.0,0.0
2002-10-01 00:00:00+09:00,3243.7079661976204,3439.112060546875,3243.7079661976204,3439.112060546875,31500,0.0,0.0
2002-10-02 00:00:00+09:00,3453.7669819599873,3663.826359929265,3351.179843881968,3614.975341796875,35500,0.0,0.0
2002-10-03 00:00:00+09:00,3614.975341796875,3614.975341796875,3614.975341796875,3614.975341796875,0,0.0,0.0
2002-10-04 00:00:00+09:00,3517.2733055320946,3732.2177853146113,3517.2733055320946,3614.975341796875,30400,0.0,0.0
2002-10-07 00:00:00+09:00,3956.9326171875,3956.9326171875,3380.490581597222,3517.2734375,56800,0.0,0.0
2002-10-08 00:00:00+09:00,3429.3414927455356,3761.52841796875,3346.294761439732,3419.5712890625,337600,0.0,0.0
2002-10-09 00:00:00+09:00,3527.0433117516327,3527.0433117516327,3365.8349609375,3365.8349609375,47700,0.0,0.0
2002-10-10 00:00:00+09:00,3263.247062914299,3365.8341711795692,3102.0387499260178,3224.166259765625,76000,0.0,0.0
2002-10-11 00:00:00+09:00,3136.234452681108,3292.557665275805,3136.234452681108,3224.166259765625,64900,0.0,0.0
2002-10-14 00:00:00+09:00,3175.3161087358953,3468.4222110807473,3175.3161087358953,3463.537109375,47300,0.0,0.0
2002-10-15 00:00:00+09:00,3468.422417534722,3536.813845486111,3370.7203776041665,3517.2734375,42100,0.0,0.0
2002-10-16 00:00:00+09:00,3566.124655758415,3629.630985244524,3458.6524058588466,3610.090576171875,36500,0.0,0.0
2002-10-17 00:00:00+09:00,3610.090576171875,3629.630985244524,3566.124655758415,3610.090576171875,13700,0.0,0.0
2002-10-18 00:00:00+09:00,3663.826018379083,3834.8045659034406,3590.5494980115013,3776.183349609375,42300,0.0,0.0
2002-10-21 00:00:00+09:00,3663.826416015625,3810.37947265625,3654.0562122395836,3663.826416015625,28100,0.0,0.0
2002-10-22 00:00:00+09:00,3737.102538746665,3785.9535523250524,3575.894193937985,3776.183349609375,59900,0.0,0.0
2002-10-23 00:00:00+09:00,3258.363342666626,3258.363342666626,3053.1890392303467,3126.465576171875,14800,0.0,0.0
2002-10-24 00:00:00+09:00,3273.0178515017496,3273.0178515017496,3077.6138006658243,3141.1201171875,40400,0.0,0.0
2002-10-25 00:00:00+09:00,3038.5329901267223,3185.0860282357285,3038.5329901267223,3102.039306640625,11000,0.0,0.0
2002-10-28 00:00:00+09:00,3102.0391582782454,3199.7411790114184,3102.0391582782454,3175.315673828125,27100,0.0,0.0
2002-10-29 00:00:00+09:00,3126.464965062112,3224.166995220303,3077.613949983016,3146.00537109375,28000,0.0,0.0
2002-10-30 00:00:00+09:00,3175.315826083787,3175.315826083787,3102.039307020315,3141.1201171875,17000,0.0,0.0
2002-10-31 00:00:00+09:00,3106.9244082912132,3185.0860286255834,3077.6138006658243,3141.1201171875,8900,0.0,0.0
2002-11-01 00:00:00+09:00,3185.0863372093027,3185.0863372093027,3102.03960755814,3150.890625,11800,0.0,0.0
2002-11-04 00:00:00+09:00,3273.0181686046512,3273.0181686046512,3126.4651162790697,3150.890625,13700,0.0,0.0
2002-11-05 00:00:00+09:00,3150.8903193436267,3150.8903193436267,3102.039306640625,3102.039306640625,9500,0.0,0.0
2002-11-06 00:00:00+09:00,3077.6145515441895,3273.0186500549316,3077.6145515441895,3126.465576171875,13600,0.0,0.0
2002-11-07 00:00:00+09:00,2950.601887512207,3170.431498336792,2950.601887512207,3126.465576171875,12000,0.0,0.0
2002-11-08 00:00:00+09:00,3150.890413229458,3199.741427388054,3048.3032834964056,3058.073486328125,2700,0.0,0.0
2002-11-11 00:00:00+09:00,3053.1886004019475,3053.1886004019475,2882.2100387794385,3033.648193359375,10000,0.0,0.0
2002-11-12 00:00:00+09:00,3048.30322265625,3048.30322265625,2931.060791015625,3048.30322265625,9000,0.0,0.0
2002-11-13 00:00:00+09:00,3048.3030997983874,3092.2690098916332,3009.222290826613,3028.7626953125,4800,0.0,0.0
2002-11-14 00:00:00+09:00,2960.3719446401124,3053.188886798796,2931.061331326844,2979.912353515625,2500,0.0,0.0
2002-11-15 00:00:00+09:00,2940.831322249746,3053.1886651263976,2935.9462203855437,3004.337646484375,8500,0.0,0.0
2002-11-18 00:00:00+09:00,2931.0611185213415,3072.7290725832063,2784.5080625952746,3004.337646484375,15100,0.0,0.0
2002-11-19 00:00:00+09:00,3023.877247707903,3023.877247707903,2882.209331417872,2955.48583984375,6300,0.0,0.0
2002-11-20 00:00:00+09:00,2931.0611413043475,2979.912160326087,2711.2315557065217,2808.93359375,27700,0.0,0.0
2002-11-21 00:00:00+09:00,2828.473973324424,2882.2100937157347,2721.001732541804,2784.508056640625,10200,0.0,0.0
2002-11-22 00:00:00+09:00,2784.507473391707,2828.473380866313,2686.805456781472,2750.311767578125,15200,0.0,0.0
2002-11-25 00:00:00+09:00,2750.3122876848493,2833.3590175083705,2677.0357613699775,2735.656982421875,36000,0.0,0.0
2002-11-26 00:00:00+09:00,2696.5765516493057,2735.657371238426,2618.414912471065,2637.955322265625,30400,0.0,0.0
2002-11-27 00:00:00+09:00,2608.6440438696377,2706.3460679846057,2598.873841458141,2647.724853515625,26300,0.0,0.0
2002-11-28 00:00:00+09:00,2691.691066632952,2833.3590175083705,2647.725150844029,2735.656982421875,103600,0.0,0.0
2002-11-29 00:00:00+09:00,2735.656982421875,2931.061052594866,2716.1165754045755,2735.656982421875,70700,0.0,0.0
2002-12-02 00:00:00+09:00,2735.656982421875,2735.656982421875,2735.656982421875,2735.656982421875,0,0.0,0.0
2002-12-03 00:00:00+09:00,2813.818245967742,3067.8435042842743,2794.277841481855,3028.7626953125,199300,0.0,0.0
2002-12-04 00:00:00+09:00,3097.154961395264,3248.593137741089,2979.9125022888184,3126.465576171875,111000,0.0,0.0
2002-12-05 00:00:00+09:00,3204.6265891886646,3497.7326796632374,3058.073543951378,3146.00537109375,523900,0.0,0.0
2002-12-06 00:00:00+09:00,3082.4993709601486,3150.8907991589476,2931.061208519951,2999.45263671875,159600,0.0,0.0
2002-12-09 00:00:00+09:00,2979.9122400188126,3043.418566445443,2921.291015625,2921.291015625,117900,0.0,0.0
2002-12-10 00:00:00+09:00,2794.2777728968426,2901.7499949313365,2774.737368890571,2823.58837890625,98800,0.0,0.0
2002-12-11 00:00:00+09:00,2828.4740289096176,2975.027087402344,2828.4740289096176,2833.359130859375,101000,0.0,0.0
2002-12-12 00:00:00+09:00,2843.1287854295542,2916.405300517945,2838.2436844236613,2862.669189453125,62200,0.0,0.0
2002-12-13 00:00:00+09:00,2882.209661668347,3067.8435042842743,2882.209661668347,3028.7626953125,227400,0.0,0.0
2002-12-16 00:00:00+09:00,3116.6949893610267,3150.8907024104424,2994.5674427559707,3004.337646484375,174200,0.0,0.0
2002-12-17 00:00:00+09:00,3072.729295674308,3072.729295674308,2950.6017402023563,2979.912353515625,114200,0.0,0.0
2002-12-18 00:00:00+09:00,2970.1415703781513,2970.1415703781513,2896.8650513721113,2906.63525390625,105000,0.0,0.0
2002-12-19 00:00:00+09:00,2906.63525390625,2906.63525390625,2906.63525390625,2906.63525390625,0,0.0,0.0
2002-12-20 00:00:00+09:00,2935.946140186207,2950.6014453784837,2848.014309032543,2891.980224609375,76700,0.0,0.0
2002-12-23 00:00:00+09:00,2862.669686300713,2926.176010399534,2760.082547371848,2784.508056640625,88400,0.0,0.0
2002-12-24 00:00:00+09:00,2642.8407775338774,2823.589592263551,2642.8407775338774,2760.083251953125,134600,0.0,0.0
2002-12-25 00:00:00+09:00,2760.083251953125,2760.083251953125,2760.083251953125,2760.083251953125,0,0.0,0.0
2002-12-26 00:00:00+09:00,2760.082547371848,2828.473973324424,2735.65703810307,2784.508056640625,38000,0.0,0.0
2002-12-27 00:00:00+09:00,2885.7626953125,2885.7626953125,2850.3235043174345,2885.7626953125,38600,200.0,0.0
2002-12-30 00:00:00+09:00,2885.7627004343312,2911.076408332878,2835.135284637238,2895.88818359375,53200,0.0,0.0
2002-12-31 00:00:00+09:00,2895.88818359375,2895.88818359375,2895.88818359375,2895.88818359375,0,0.0,0.0
2003-01-01 00:00:00+09:00,2895.88818359375,2895.88818359375,2895.88818359375,2895.88818359375,0,0.0,0.0
2003-01-02 00:00:00+09:00,2860.449031907685,3037.6449896364793,2860.449031907685,2976.89208984375,62400,0.0,0.0
2003-01-03 00:00:00+09:00,3088.2722251605833,3108.5231905714722,3032.582070280638,3103.46044921875,58800,0.0,0.0
2003-01-06 00:00:00+09:00,3113.586169633709,3154.088103547643,3027.519560066598,3088.2724609375,29300,0.0,0.0
2003-01-07 00:00:00+09:00,3138.8998783299176,3214.841004418545,3057.8960105020487,3088.2724609375,139600,0.0,0.0
2003-01-08 00:00:00+09:00,3093.335484151431,3184.4648437500005,3083.20999975159,3184.46484375,56400,0.0,0.0
2003-01-09 00:00:00+09:00,3189.5270996093755,3265.468221028646,3133.83694390191,3189.527099609375,106800,0.0,0.0
2003-01-10 00:00:00+09:00,3189.526531821803,3326.2205260427377,2936.3895054867394,3078.146240234375,115100,0.0,0.0
2003-01-13 00:00:00+09:00,3088.2725096882427,3204.7155715289473,3062.958800592438,3194.590087890625,58200,0.0,0.0
2003-01-14 00:00:00+09:00,3179.4014186652134,3265.468017578125,3164.2131953276407,3265.468017578125,88300,0.0,0.0
2003-01-15 00:00:00+09:00,3361.6604430524962,3533.7936585100038,3265.4683520615363,3447.72705078125,423200,0.0,0.0
2003-01-16 00:00:00+09:00,3376.8491583535833,3584.4215953738185,3376.8491583535833,3483.166748046875,167700,0.0,0.0
2003-01-17 00:00:00+09:00,3417.350575749814,3569.232823560917,3397.0996093750005,3397.099609375,81800,0.0,0.0
2003-01-20 00:00:00+09:00,3295.845001541941,3407.225324174695,3285.7195176662362,3366.723388671875,55200,0.0,0.0
2003-01-21 00:00:00+09:00,3397.100358954635,3508.4806985924915,3366.7239026897646,3457.853271484375,90500,0.0,0.0
2003-01-22 00:00:00+09:00,3407.225844376258,3493.2924704600564,3402.1631016654464,3457.853271484375,28700,0.0,0.0
2003-01-23 00:00:00+09:00,3533.793637688057,3533.793637688057,3397.0996144537053,3407.22509765625,115500,0.0,0.0
2003-01-24 00:00:00+09:00,3371.7861082120708,3392.03707582896,3240.1548187022904,3316.095947265625,68400,0.0,0.0
2003-01-27 00:00:00+09:00,3189.5270996093755,3316.09563530816,3164.213392469618,3189.527099609375,27700,0.0,0.0
2003-01-28 00:00:00+09:00,3230.0292829682553,3235.0920247910894,3113.5862210430673,3199.65283203125,67800,0.0,0.0
2003-01-29 00:00:00+09:00,3331.2844088040865,3356.5981201171876,3214.8413367638223,3290.782470703125,54300,0.0,0.0
2003-01-30 00:00:00+09:00,3270.53056418679,3341.4089355468755,3270.53056418679,3341.408935546875,18600,0.0,0.0
2003-01-31 00:00:00+09:00,3341.4089355468755,3341.4089355468755,3341.4089355468755,3341.408935546875,0,0.0,0.0
2003-02-03 00:00:00+09:00,3341.408911992726,3442.6637275076573,3305.9697265625005,3305.9697265625,18500,0.0,0.0
2003-02-04 00:00:00+09:00,3305.9711958654393,3381.912341252854,3245.2182795555077,3326.22216796875,36900,0.0,0.0
2003-02-05 00:00:00+09:00,3270.5310137591487,3336.3466533549213,3214.8408571781106,3285.71923828125,52800,0.0,0.0
2003-02-06 00:00:00+09:00,3255.3427892370473,3305.9702043107186,3214.8408571781106,3285.71923828125,30800,0.0,0.0
2003-02-07 00:00:00+09:00,3285.7197284405047,3311.0334397536058,3194.5903677133415,3290.782470703125,53700,0.0,0.0
2003-02-10 00:00:00+09:00,3280.656096870377,3442.663805357803,3240.154169748521,3422.412841796875,68800,0.0,0.0
2003-02-11 00:00:00+09:00,3513.542949503878,3569.2331115277148,3341.409721430201,3467.978271484375,155000,0.0,0.0
2003-02-12 00:00:00+09:00,3493.2920334507044,3797.0565580985917,3442.6646126760565,3594.546875,280300,0.0,0.0
2003-02-13 00:00:00+09:00,3594.5468750000005,3665.4252640845075,3523.6684859154934,3594.546875,108100,0.0,0.0
2003-02-14 00:00:00+09:00,3604.672109485346,3766.6798447431142,3574.2956591245143,3584.421142578125,184700,0.0,0.0
2003-02-17 00:00:00+09:00,3619.860585387324,3670.488006161972,3569.2331646126763,3594.546875,167200,0.0,0.0
2003-02-18 00:00:00+09:00,3619.8605749251997,3650.2370273021943,3528.731217794216,3569.233154296875,73600,0.0,0.0
2003-02-19 00:00:00+09:00,3574.295639648438,3635.0485400390626,3518.6054809570314,3543.919189453125,142200,0.0,0.0
2003-02-20 00:00:00+09:00,3554.0444955549565,3705.926738954741,3548.981754108297,3670.487548828125,462900,0.0,0.0
2003-02-21 00:00:00+09:00,3695.8008959897197,3878.0595703125005,3680.612673129488,3878.0595703125,249100,0.0,0.0
2003-02-24 00:00:00+09:00,3948.9387529481132,4075.5073027220915,3908.4368170204407,4024.8798828125,348600,0.0,0.0
2003-02-25 00:00:00+09:00,4009.6911425159233,4009.6911425159233,3872.9971262937897,3974.251953125,113300,0.0,0.0
2003-02-26 00:00:00+09:00,3974.251468260476,4100.819986357943,3974.251468260476,3979.314208984375,145500,0.0,0.0
2003-02-27 00:00:00+09:00,3933.749771469389,3959.0634765624995,3878.0596202645456,3959.0634765625,103600,0.0,0.0
2003-02-28 00:00:00+09:00,3959.063729100318,4050.1930732484075,3954.0009877587577,3974.251953125,87500,0.0,0.0
2003-03-03 00:00:00+09:00,3918.5617983678344,4019.816625199044,3918.5617983678344,3974.251953125,68300,0.0,0.0
2003-03-04 00:00:00+09:00,3959.0634765624995,3984.37718165561,3923.624289432145,3959.0634765625,59600,0.0,0.0
2003-03-05 00:00:00+09:00,3918.5625935459,3948.9390477594343,3488.2294921875005,3488.2294921875,215800,0.0,0.0
2003-03-06 00:00:00+09:00,3442.66422500963,3493.2916400833014,3073.0840949718317,3285.71923828125,285600,0.0,0.0
2003-03-07 00:00:00+09:00,3265.4681841635434,3285.719149646728,3047.770305219307,3123.71142578125,132900,0.0,0.0
2003-03-10 00:00:00+09:00,2981.954836467161,3164.2135361493642,2835.13532838983,2987.017578125,194200,0.0,0.0
2003-03-11 00:00:00+09:00,2789.5708618164062,2971.829575111126,2789.5708618164062,2936.390380859375,106900,0.0,0.0
2003-03-12 00:00:00+09:00,2895.88851123524,3108.523681640625,2890.825769082731,3108.523681640625,106800,0.0,0.0
2003-03-13 00:00:00+09:00,3088.2722710503476,3189.5270996093755,2992.080183919271,3189.527099609375,55200,0.0,0.0
2003-03-14 00:00:00+09:00,3290.782470703125,3392.037315955529,3240.155048076923,3290.782470703125,58700,0.0,0.0
2003-03-17 00:00:00+09:00,3295.8445657169113,3295.8445657169113,2911.0762293198527,3012.3310546875,127800,0.0,0.0
2003-03-18 00:00:00+09:00,3138.8994140624995,3154.08763703377,3012.3308893019152,3138.8994140625,118200,0.0,0.0
2003-03-19 00:00:00+09:00,3138.899669158153,3189.5270831768325,3062.958548130133,3159.150634765625,89900,0.0,0.0
2003-03-20 00:00:00+09:00,3159.1502663352276,3341.4089355468755,3159.1502663352276,3341.408935546875,107000,0.0,0.0
2003-03-21 00:00:00+09:00,3341.4097316576085,3493.2919921875,3295.8450534986414,3493.2919921875,104400,0.0,0.0
2003-03-24 00:00:00+09:00,3498.354712632123,3498.354712632123,3341.4097110523894,3442.66455078125,73700,0.0,0.0
2003-03-25 00:00:00+09:00,3341.40954789959,3341.40954789959,3088.2724609374995,3088.2724609375,93200,0.0,0.0
2003-03-26 00:00:00+09:00,3143.9626200691596,3189.5272957223356,3037.6450435450815,3088.2724609375,127600,0.0,0.0
2003-03-27 00:00:00+09:00,3037.6450435450815,3113.586169633709,3037.6450435450815,3088.2724609375,63700,0.0,0.0
2003-03-28 00:00:00+09:00,3093.3350124782987,3235.0917724609376,3088.2722710503476,3189.527099609375,44400,0.0,0.0
2003-03-31 00:00:00+09:00,3184.4640829763102,3189.5268239667334,3088.2720041582656,3138.8994140625,61800,0.0,0.0
2003-04-01 00:00:00+09:00,3128.773932081653,3164.2131190146165,3037.644594254032,3138.8994140625,75100,0.0,0.0
2003-04-02 00:00:00+09:00,3143.9626832779386,3240.1547782574567,3138.8999414369114,3224.966552734375,25600,0.0,0.0
2003-04-03 00:00:00+09:00,3346.472635591947,3346.472635591947,3265.468759390024,3290.782470703125,40900,0.0,0.0
2003-04-04 00:00:00+09:00,3230.029310522613,3290.7822129148876,3189.5273755944295,3260.40576171875,24500,0.0,0.0
2003-04-07 00:00:00+09:00,3290.7815274325285,3341.4089355468755,3245.2168601296166,3341.408935546875,58200,0.0,0.0
2003-04-08 00:00:00+09:00,3316.096182016226,3361.660862379808,3214.8413367638223,3290.782470703125,46900,0.0,0.0
2003-04-09 00:00:00+09:00,3290.7819281684033,3290.7819281684033,3123.711461046007,3189.527099609375,34200,0.0,0.0
2003-04-10 00:00:00+09:00,3143.962426757813,3209.7780653211807,3113.5859781901045,3189.527099609375,12900,0.0,0.0
2003-04-11 00:00:00+09:00,3189.5276069641113,3336.347131729126,3164.2138957977295,3240.155029296875,52900,0.0,0.0
2003-04-14 00:00:00+09:00,3290.781770784087,3381.911112128877,3270.5308060408,3346.471923828125,63900,0.0,0.0
2003-04-15 00:00:00+09:00,3341.4094618055556,3432.5388107638887,3341.4094618055556,3417.3505859375,56200,0.0,0.0
2003-04-16 00:00:00+09:00,3493.2915981950428,3705.926738954741,3412.287735048491,3670.487548828125,98300,0.0,0.0
2003-04-17 00:00:00+09:00,3645.1742680685074,3645.1742680685074,3513.5429750549224,3528.731201171875,74000,0.0,0.0
2003-04-18 00:00:00+09:00,3493.291159889915,3569.2322720614347,3311.032490678267,3341.408935546875,171500,0.0,0.0
2003-04-21 00:00:00+09:00,3295.84501224347,3392.037109375,3250.280334654851,3392.037109375,83800,0.0,0.0
2003-04-22 00:00:00+09:00,3361.6608775408436,3417.3510426808275,3275.5942586881415,3331.284423828125,57800,0.0,0.0
2003-04-23 00:00:00+09:00,3295.8449616469043,3356.597864165741,3265.468510387486,3275.593994140625,101100,0.0,0.0
2003-04-24 00:00:00+09:00,3240.1547666139236,3326.2213776021063,3189.5273483855813,3199.65283203125,42500,0.0,0.0
2003-04-25 00:00:00+09:00,3199.6524816176466,3199.6524816176466,3002.205572150735,3012.3310546875,71400,0.0,0.0
2003-04-28 00:00:00+09:00,2911.0762293198527,3078.1466911764705,2911.0762293198527,3012.3310546875,37100,0.0,0.0
2003-04-29 00:00:00+09:00,2976.891640625,3113.58564453125,2976.891640625,3037.64453125,47200,0.0,0.0
2003-04-30 00:00:00+09:00,3042.707502297794,3088.272173713235,2971.8291245404407,3012.3310546875,29000,0.0,0.0
2003-05-01 00:00:00+09:00,3012.3310546874995,3012.3310546874995,3012.3310546874995,3012.3310546875,0,0.0,0.0
2003-05-02 00:00:00+09:00,3062.9585454705057,3164.213373419944,3012.331131495787,3154.087890625,42000,0.0,0.0
2003-05-05 00:00:00+09:00,3154.087890625,3154.087890625,3154.087890625,3154.087890625,0,0.0,0.0
2003-05-06 00:00:00+09:00,3235.092265749205,3235.092265749205,3138.9001639507155,3184.46484375,26600,0.0,0.0
2003-05-07 00:00:00+09:00,3138.898956881967,3290.7811644730295,3093.3342946046478,3179.40087890625,50700,0.0,0.0
2003-05-08 00:00:00+09:00,3179.4008789062505,3179.4008789062505,3179.4008789062505,3179.40087890625,0,0.0,0.0
2003-05-09 00:00:00+09:00,3113.5859991091543,3230.029052734375,3088.2722917993237,3230.029052734375,49200,0.0,0.0
2003-05-12 00:00:00+09:00,3290.7824259245417,3316.096136893192,3154.08838669383,3174.33935546875,51700,0.0,0.0
2003-05-13 00:00:00+09:00,3184.4640829763102,3184.4640829763102,3088.2720041582656,3138.8994140625,40700,0.0,0.0
2003-05-14 00:00:00+09:00,3133.8373720282752,3159.151082626242,3052.833498114782,3057.896240234375,68200,0.0,0.0
2003-05-15 00:00:00+09:00,3062.958299206149,3154.08763703377,3062.958299206149,3138.8994140625,45800,0.0,0.0
2003-05-16 00:00:00+09:00,3088.2722994466653,3300.90744137578,3088.2722994466653,3245.21728515625,133300,0.0,0.0
2003-05-19 00:00:00+09:00,3204.7155738540837,3285.719443019432,3189.5273483855813,3199.65283203125,45600,0.0,0.0
2003-05-20 00:00:00+09:00,3098.398201286019,3169.276591511516,3042.708037537414,3118.649169921875,59200,0.0,0.0
2003-05-21 00:00:00+09:00,3083.20947265625,3113.5859206627156,3037.6448006465516,3083.20947265625,52000,0.0,0.0
2003-05-22 00:00:00+09:00,3037.64499470339,3083.2096696239405,2987.017578125,2987.017578125,57200,0.0,0.0
2003-05-23 00:00:00+09:00,2987.017348345588,3037.6447610294117,2987.017348345588,3012.3310546875,50600,0.0,0.0
2003-05-26 00:00:00+09:00,2987.0173223189527,3052.832958234455,2961.7036161976057,2966.766357421875,83000,0.0,0.0
2003-05-27 00:00:00+09:00,2992.080297053168,3027.519488388823,2941.452880859375,2941.452880859375,36000,0.0,0.0
2003-05-28 00:00:00+09:00,2987.017122395833,3113.58564453125,2951.5779361979166,3037.64453125,73800,0.0,0.0
2003-05-29 00:00:00+09:00,3037.644722535438,3037.644722535438,2936.3898984509237,2946.515380859375,38600,0.0,0.0
2003-05-30 00:00:00+09:00,2921.202621162887,2981.9555352945245,2835.1359928097345,2860.44970703125,56000,0.0,0.0
2003-06-02 00:00:00+09:00,2885.762677099523,2931.327350948463,2845.2607447893542,2850.323486328125,63200,0.0,0.0
2003-06-03 00:00:00+09:00,2860.4489874588817,2921.201886307566,2845.2607627467105,2885.7626953125,48300,0.0,0.0
2003-06-04 00:00:00+09:00,2885.762710571289,2961.7038345336914,2885.762710571289,2916.13916015625,46800,0.0,0.0
2003-06-05 00:00:00+09:00,2931.3273746517157,2936.390116231425,2895.88818359375,2895.88818359375,35000,0.0,0.0
2003-06-06 00:00:00+09:00,2895.88818359375,2895.88818359375,2895.88818359375,2895.88818359375,0,0.0,0.0
2003-06-09 00:00:00+09:00,2936.3900924872337,2936.3900924872337,2850.3234863281255,2850.323486328125,52600,0.0,0.0
2003-06-10 00:00:00+09:00,2835.13522182938,2835.13522182938,2764.2568412836454,2774.38232421875,53700,0.0,0.0
2003-06-11 00:00:00+09:00,2784.507555839343,2860.4486709985977,2738.94288674379,2764.256591796875,66000,0.0,0.0
2003-06-12 00:00:00+09:00,2774.382310730318,2814.884242273826,2749.0686035156255,2749.068603515625,39100,0.0,0.0
2003-06-13 00:00:00+09:00,2759.1948451077874,2840.1987304687495,2728.818388097426,2840.19873046875,55900,0.0,0.0
2003-06-16 00:00:00+09:00,2814.884581997863,2981.9550697783116,2814.884581997863,2961.7041015625,83900,0.0,0.0
2003-06-17 00:00:00+09:00,2987.017580603585,3037.644997223985,2951.5783889693053,2992.080322265625,79800,0.0,0.0
2003-06-18 00:00:00+09:00,2961.7038722933853,3113.5861221545842,2961.7038722933853,2992.080322265625,168600,0.0,0.0
2003-06-19 00:00:00+09:00,3047.7704548663405,3047.7704548663405,2865.5117565686855,2941.452880859375,49200,0.0,0.0
2003-06-20 00:00:00+09:00,2895.888152204241,2926.2646013532367,2819.947029331752,2835.13525390625,37400,0.0,0.0
2003-06-23 00:00:00+09:00,2794.633529243119,2825.0099806479357,2759.1943359375,2759.1943359375,36000,0.0,0.0
2003-06-24 00:00:00+09:00,2708.5668922452887,2749.0688270826017,2703.5041503906245,2703.504150390625,43400,0.0,0.0
2003-06-25 00:00:00+09:00,2718.692154857994,2749.0686035156255,2668.0647404286087,2749.068603515625,31400,0.0,0.0
2003-06-26 00:00:00+09:00,2708.566393376295,2754.131061676083,2683.252688765301,2688.3154296875,20500,0.0,0.0
2003-06-27 00:00:00+09:00,2693.379133488582,2723.7555898813102,2597.1870215782756,2632.626220703125,31300,0.0,0.0
2003-06-30 00:00:00+09:00,2632.6262207031255,2673.1281625600964,2566.810565185547,2632.626220703125,40700,0.0,0.0
2003-07-01 00:00:00+09:00,2647.813647166792,2647.813647166792,2490.8686699924697,2521.2451171875,103700,0.0,0.0
2003-07-02 00:00:00+09:00,2511.1196435254487,2587.0607617772266,2511.1196435254487,2536.433349609375,78200,0.0,0.0
2003-07-03 00:00:00+09:00,2551.621421727594,2759.193799288768,2546.558680811468,2683.252685546875,90100,0.0,0.0
2003-07-04 00:00:00+09:00,2668.0654268973217,2698.441883370536,2607.312513950893,2657.93994140625,35200,0.0,0.0
2003-07-07 00:00:00+09:00,2663.0017218823705,2698.4409082952534,2632.6252763856132,2683.252685546875,57600,0.0,0.0
2003-07-08 00:00:00+09:00,2688.316149063693,2698.441633617605,2627.5632417402194,2652.876953125,57600,0.0,0.0
2003-07-09 00:00:00+09:00,2622.5004631420175,2668.065143003558,2556.684814453125,2556.684814453125,53800,0.0,0.0
2003-07-10 00:00:00+09:00,2592.1236413043475,2794.63330078125,2556.6844508958898,2794.63330078125,117000,0.0,0.0
2003-07-11 00:00:00+09:00,2713.6291145833334,3103.4601627604166,2713.6291145833334,3037.64453125,262400,0.0,0.0
2003-07-14 00:00:00+09:00,2987.017820193124,3037.6452408743635,2911.0766891712647,2981.955078125,79200,0.0,0.0
2003-07-15 00:00:00+09:00,3012.3308268229166,3098.397421875,2870.57408203125,3037.64453125,89200,0.0,0.0
2003-07-16 00:00:00+09:00,3037.6450170857674,3078.146950646911,2971.8293750489092,3032.582275390625,37200,0.0,0.0
2003-07-17 00:00:00+09:00,3032.5822753906245,3032.5822753906245,3032.5822753906245,3032.582275390625,0,0.0,0.0
2003-07-18 00:00:00+09:00,3032.5824988062395,3032.5824988062395,2890.825720898769,2981.955078125,40100,0.0,0.0
2003-07-21 00:00:00+09:00,2941.4526278485887,3032.581969158872,2921.20166311297,2926.264404296875,30000,0.0,0.0
2003-07-22 00:00:00+09:00,2855.386245888158,2936.390111019737,2835.1352796052633,2885.7626953125,38400,0.0,0.0
2003-07-23 00:00:00+09:00,3017.393948800223,3017.393948800223,2835.13525390625,2835.13525390625,41200,0.0,0.0
2003-07-24 00:00:00+09:00,2835.1345293038253,2961.7030350763175,2779.444386763929,2845.260009765625,72600,0.0,0.0
2003-07-25 00:00:00+09:00,2880.7003082324068,3174.3393554687505,2749.069011195425,3174.33935546875,48200,0.0,0.0
2003-07-28 00:00:00+09:00,3159.151028173575,3483.1665182426595,2931.32763671875,2931.32763671875,240300,0.0,0.0
2003-07-29 00:00:00+09:00,2936.3900707347975,2936.3900707347975,2804.758791701858,2809.821533203125,50700,0.0,0.0
2003-07-30 00:00:00+09:00,2784.5080454415133,2855.386432052752,2759.1943359375,2759.1943359375,35100,0.0,0.0
2003-07-31 00:00:00+09:00,2744.005615234375,2835.1349530096863,2733.8801332593403,2744.005615234375,9700,0.0,0.0
2003-08-01 00:00:00+09:00,2749.0683562218924,2835.1349530096863,2698.440946346719,2744.005615234375,14500,0.0,0.0
2003-08-04 00:00:00+09:00,2693.378655186673,2779.445266348653,2637.6884950230387,2678.1904296875,12000,0.0,0.0
2003-08-05 00:00:00+09:00,2637.688304594834,2774.3823242187505,2637.688304594834,2774.38232421875,10100,0.0,0.0
2003-08-06 00:00:00+09:00,2642.750761387712,2728.8173570650897,2632.6252795433147,2688.3154296875,7100,0.0,0.0
2003-08-07 00:00:00+09:00,2688.3156765815907,2708.5666421302276,2622.5000385485196,2693.37841796875,13600,0.0,0.0
2003-08-08 00:00:00+09:00,2657.9392282586346,2774.3822801632987,2627.562779935679,2693.37841796875,25100,0.0,0.0
2003-08-11 00:00:00+09:00,2642.7507582178655,2708.566390127506,2632.6252763856132,2683.252685546875,10900,0.0,0.0
2003-08-12 00:00:00+09:00,2642.750735689531,2688.3154035462476,2627.562513070626,2647.8134765625,16300,0.0,0.0
2003-08-13 00:00:00+09:00,2652.8766924564798,2652.8766924564798,2354.1749274661506,2617.4375,22200,0.0,0.0
2003-08-14 00:00:00+09:00,2576.935355446555,2759.194044633345,2480.7432694868608,2673.12744140625,41400,0.0,0.0
2003-08-15 00:00:00+09:00,2673.12744140625,2673.12744140625,2673.12744140625,2673.12744140625,0,0.0,0.0
2003-08-18 00:00:00+09:00,2632.625325520833,2906.0133400941504,2581.997915414663,2764.256591796875,110000,0.0,0.0
2003-08-19 00:00:00+09:00,2809.8211844974903,2906.013261083891,2642.750735689531,2647.8134765625,90700,0.0,0.0
2003-08-20 00:00:00+09:00,2657.9390030333448,2835.134936568901,2657.9390030333448,2718.69189453125,38100,0.0,0.0
2003-08-21 00:00:00+09:00,2880.699998505261,2976.89208984375,2850.3235486088965,2976.89208984375,123900,0.0,0.0
2003-08-22 00:00:00+09:00,3032.5822168986006,3032.5822168986006,2911.076418558757,2916.13916015625,49100,0.0,0.0
2003-08-25 00:00:00+09:00,3012.3304373853143,3012.3304373853143,2825.009048842026,2845.260009765625,29700,0.0,0.0
2003-08-26 00:00:00+09:00,2825.0099920099433,2835.135475852273,2769.3198308771307,2784.508056640625,24800,0.0,0.0
2003-08-27 00:00:00+09:00,2749.0683562218924,2825.0094710346516,2733.8801332593403,2744.005615234375,22800,0.0,0.0
2003-08-28 00:00:00+09:00,2779.444697131849,2779.444697131849,2571.8723244863013,2587.060546875,75400,0.0,0.0
2003-08-29 00:00:00+09:00,2592.1235549132953,2657.9391920497656,2581.998072276915,2627.562744140625,29600,0.0,0.0
2003-09-01 00:00:00+09:00,2632.625224191391,2683.252632348918,2592.12329766537,2602.248779296875,24100,0.0,0.0
2003-09-02 00:00:00+09:00,2597.1860284674653,2627.5624732448628,2576.935065282534,2587.060546875,24500,0.0,0.0
2003-09-03 00:00:00+09:00,2607.3115718049826,2759.193799288768,2587.0606081404776,2683.252685546875,52700,0.0,0.0
2003-09-04 00:00:00+09:00,2647.814210848044,2733.8808295562976,2607.312272632395,2652.876953125,27500,0.0,0.0
2003-09-05 00:00:00+09:00,2637.6882066726685,2652.8764305114746,2592.12353515625,2592.12353515625,25400,0.0,0.0
2003-09-08 00:00:00+09:00,2571.8725410856573,2597.186247198705,2541.49609375,2541.49609375,33100,0.0,0.0
2003-09-09 00:00:00+09:00,2531.3706113047806,2592.1235059760957,2511.1196464143422,2541.49609375,23200,0.0,0.0
2003-09-10 00:00:00+09:00,2541.49609375,2541.49609375,2541.49609375,2541.49609375,0,0.0,0.0
2003-09-11 00:00:00+09:00,2541.49609375,2541.49609375,2541.49609375,2541.49609375,0,0.0,0.0
2003-09-12 00:00:00+09:00,2541.49609375,2541.49609375,2541.49609375,2541.49609375,0,0.0,0.0
2003-09-15 00:00:00+09:00,2592.1242857142856,2754.1320535714285,2592.1242857142856,2657.93994140625,82100,0.0,0.0
2003-09-16 00:00:00+09:00,2647.813715079925,2718.6920936862707,2622.500008434801,2637.688232421875,26800,0.0,0.0
2003-09-17 00:00:00+09:00,2678.1904545536745,2744.0060989945023,2632.6257776331017,2733.880615234375,52400,0.0,0.0
2003-09-18 00:00:00+09:00,2713.629444679054,2875.6371727195947,2657.9392881651183,2809.821533203125,75700,0.0,0.0
2003-09-19 00:00:00+09:00,2794.633529243119,2900.951109159977,2754.131594036697,2759.1943359375,82400,0.0,0.0
2003-09-22 00:00:00+09:00,2688.3163730891674,2759.1947708730627,2571.8732910156255,2571.873291015625,44500,0.0,0.0
2003-09-23 00:00:00+09:00,2561.746859291727,2647.8134533786033,2541.495895977168,2612.374267578125,23000,0.0,0.0
2003-09-24 00:00:00+09:00,2581.998776413325,2627.5634607029715,2561.747805617926,2571.873291015625,25900,0.0,0.0
2003-09-25 00:00:00+09:00,2546.5593203125,2607.3122265625,2516.1828671875,2531.37109375,57500,0.0,0.0
2003-09-26 00:00:00+09:00,2521.245315551758,2546.559023539225,2430.115966796875,2430.115966796875,30100,0.0,0.0
2003-09-29 00:00:00+09:00,2432.6471347577176,2531.3705876771255,2432.6471347577176,2500.994140625,8100,0.0,0.0
2003-09-30 00:00:00+09:00,2531.3705755739797,2551.6215401785716,2379.488341039541,2480.7431640625,14500,0.0,0.0
2003-10-01 00:00:00+09:00,2422.5220833711846,2432.6475675232064,2379.4887757250926,2394.677001953125,10500,0.0,0.0
2003-10-02 00:00:00+09:00,2455.429799281347,2455.429799281347,2412.3964935207464,2432.6474609375,25500,0.0,0.0
2003-10-03 00:00:00+09:00,2432.6474609375,2432.6474609375,2432.6474609375,2432.6474609375,0,0.0,0.0
2003-10-06 00:00:00+09:00,2435.1786013130795,2457.9609375,2425.0531185633367,2457.9609375,19400,0.0,0.0
2003-10-07 00:00:00+09:00,2432.6478324448767,2475.6811447774085,2432.6478324448767,2450.367431640625,17000,0.0,0.0
2003-10-08 00:00:00+09:00,2455.4289429217456,2455.4289429217456,2407.3329120810104,2440.24072265625,36200,0.0,0.0
2003-10-09 00:00:00+09:00,2404.802367006388,2452.898414346516,2374.4259160547285,2402.27099609375,22600,0.0,0.0
2003-10-10 00:00:00+09:00,2409.8652240080946,2419.990708142582,2364.3005454028994,2384.551513671875,33100,0.0,0.0
2003-10-13 00:00:00+09:00,2359.2376720759644,2425.053315288384,2356.706301183179,2361.76904296875,30900,0.0,0.0
2003-10-14 00:00:00+09:00,2364.3005243992343,2389.614234510575,2303.547620132016,2333.924072265625,36700,0.0,0.0
2003-10-15 00:00:00+09:00,2323.7988249196524,2364.3007652232627,2308.6105973057984,2313.67333984375,13200,0.0,0.0
2003-10-16 00:00:00+09:00,2328.8617117377244,2445.3047973246107,2323.7989688861207,2397.208740234375,48200,0.0,0.0
2003-10-17 00:00:00+09:00,2374.4259340592616,2478.2121422644104,2354.1749666045985,2442.77294921875,60600,0.0,0.0
2003-10-20 00:00:00+09:00,2503.525508238384,2531.3705846697517,2427.584390698292,2495.931396484375,55500,0.0,0.0
2003-10-21 00:00:00+09:00,2531.370538049163,2531.370538049163,2404.802011146705,2419.990234375,29300,0.0,0.0
2003-10-22 00:00:00+09:00,2430.1155650958467,2457.9606392792366,2376.9567871093755,2376.956787109375,29800,0.0,0.0
2003-10-23 00:00:00+09:00,2318.7358246864605,2361.769131476493,2176.979049378118,2283.296630859375,26600,0.0,0.0
2003-10-24 00:00:00+09:00,2263.0456735711346,2323.7985775596217,2257.982931572094,2308.6103515625,3800,0.0,0.0
2003-10-27 00:00:00+09:00,2273.171133800035,2328.861295207163,2227.6064562851125,2252.920166015625,29500,0.0,0.0
2003-10-28 00:00:00+09:00,2230.137707642835,2273.1710118765786,2217.4808534564395,2255.451416015625,17800,0.0,0.0
2003-10-29 00:00:00+09:00,2263.045775410309,2268.108517637178,2227.6065798222285,2260.514404296875,21900,0.0,0.0
2003-10-30 00:00:00+09:00,2263.0456365007476,2263.0456365007476,2217.480959255766,2222.543701171875,21200,0.0,0.0
2003-10-31 00:00:00+09:00,2146.60207122093,2222.5431822311048,2146.60207122093,2176.978515625,12800,0.0,0.0
2003-11-03 00:00:00+09:00,2212.4182282868805,2278.233873521959,2166.8535508164414,2247.857421875,15400,0.0,0.0
2003-11-04 00:00:00+09:00,2242.79470348987,2323.79857539921,2227.606477506868,2303.547607421875,13800,0.0,0.0
2003-11-05 00:00:00+09:00,2260.514532063802,2323.798813476563,2227.6067057291666,2278.234130859375,8700,0.0,0.0
2003-11-06 00:00:00+09:00,2242.794911818865,2301.0164501617924,2207.3557145666477,2212.41845703125,14500,0.0,0.0
2003-11-07 00:00:00+09:00,2182.041748046875,2263.045618043975,2136.4770711735064,2182.041748046875,19200,0.0,0.0
2003-11-10 00:00:00+09:00,2217.480441497093,2217.480441497093,2131.4138490188952,2176.978515625,10600,0.0,0.0
2003-11-11 00:00:00+09:00,2151.664811954942,2278.233330305233,2151.664811954942,2176.978515625,16600,0.0,0.0
2003-11-12 00:00:00+09:00,2184.573147610501,2328.861292933558,2184.573147610501,2247.857421875,41100,0.0,0.0
2003-11-13 00:00:00+09:00,2278.234142078091,2328.8615674576035,2278.234142078091,2313.67333984375,34000,0.0,0.0
2003-11-14 00:00:00+09:00,2328.861037140237,2328.861037140237,2227.6062094384874,2242.79443359375,19100,0.0,0.0
2003-11-17 00:00:00+09:00,2227.606311890069,2263.045503215593,2202.2926038004093,2204.823974609375,13300,0.0,0.0
2003-11-18 00:00:00+09:00,2202.2926038004093,2247.857278361797,2187.1043789466135,2204.823974609375,17800,0.0,0.0
2003-11-19 00:00:00+09:00,2184.573127974587,2212.418208400682,2126.351596174569,2202.292724609375,22500,0.0,0.0
2003-11-20 00:00:00+09:00,2202.292219295058,2217.480441497093,2161.790293422965,2176.978515625,12600,0.0,0.0
2003-11-21 00:00:00+09:00,2217.480441497093,2217.480441497093,2151.664811954942,2176.978515625,6600,0.0,0.0
2003-11-24 00:00:00+09:00,2222.543671370672,2222.543671370672,2151.6652854955255,2156.72802734375,12400,0.0,0.0
2003-11-25 00:00:00+09:00,2204.8237021335544,2204.8237021335544,2154.196292210855,2159.259033203125,10300,0.0,0.0
2003-11-26 00:00:00+09:00,2159.2592875517207,2227.606298998258,2156.7279167574043,2179.51025390625,19200,0.0,0.0
2003-11-27 00:00:00+09:00,2182.0415342857395,2247.8571722108313,2176.978792906886,2237.731689453125,11900,0.0,0.0
2003-11-28 00:00:00+09:00,2237.7316922086625,2298.484588829712,2212.417985283225,2242.79443359375,17700,0.0,0.0
2003-12-01 00:00:00+09:00,2293.4223744268,2480.743848717731,2252.9204340395722,2328.861572265625,28400,0.0,0.0
2003-12-02 00:00:00+09:00,2328.8613323525433,2379.488752621077,2318.7358482988366,2338.98681640625,14100,0.0,0.0
2003-12-03 00:00:00+09:00,2318.73581804548,2359.2377537318634,2268.1083984375,2268.1083984375,12500,0.0,0.0
2003-12-04 00:00:00+09:00,2293.42213816457,2354.17504248681,2268.108428030303,2338.98681640625,8600,0.0,0.0
2003-12-05 00:00:00+09:00,2369.3632707039687,2369.3632707039687,2298.4848822641065,2344.049560546875,3900,0.0,0.0
2003-12-08 00:00:00+09:00,2374.4260127353873,2430.1161750809933,2303.547624295525,2344.049560546875,30900,0.0,0.0
2003-12-09 00:00:00+09:00,2394.677225394871,2394.677225394871,2311.1419733462126,2328.861572265625,11200,0.0,0.0
2003-12-10 00:00:00+09:00,2303.5477132252586,2326.330053246168,2260.514404296875,2260.514404296875,16000,0.0,0.0
2003-12-11 00:00:00+09:00,2288.359615885417,2288.359615885417,2202.292993164063,2278.234130859375,19500,0.0,0.0
2003-12-12 00:00:00+09:00,2257.983160807292,2303.547843424479,2257.983160807292,2278.234130859375,9700,0.0,0.0
2003-12-15 00:00:00+09:00,2278.2341467815895,2354.1752850076427,2278.2341467815895,2328.861572265625,18700,0.0,0.0
2003-12-16 00:00:00+09:00,2328.861572265625,2354.1752850076427,2298.4851169752037,2328.861572265625,12300,0.0,0.0
2003-12-17 00:00:00+09:00,2328.861323860535,2359.2377759108895,2303.5476138185722,2318.73583984375,16900,0.0,0.0
2003-12-18 00:00:00+09:00,2313.6733446204144,2371.894883927055,2293.4223744268,2328.861572265625,13400,0.0,0.0
2003-12-19 00:00:00+09:00,2328.861325997413,2369.363262101716,2280.7652768735534,2323.798583984375,13000,0.0,0.0
2003-12-22 00:00:00+09:00,2318.735691995461,2323.7984336810405,2252.920050082926,2265.576904296875,10400,0.0,0.0
2003-12-23 00:00:00+09:00,2230.1373568324575,2275.7020247359583,2230.1373568324575,2273.170654296875,1700,0.0,0.0
2003-12-24 00:00:00+09:00,2288.3593662806916,2288.3593662806916,2240.263317653111,2268.1083984375,7900,0.0,0.0
2003-12-25 00:00:00+09:00,2268.1083984375,2268.1083984375,2268.1083984375,2268.1083984375,0,0.0,0.0
2003-12-26 00:00:00+09:00,2275.7020247359583,2275.7020247359583,2232.668727271541,2273.170654296875,9700,0.0,0.0
2003-12-29 00:00:00+09:00,2323.509524319922,2326.158908042066,2281.119384765625,2281.119384765625,6400,200.0,0.0
2003-12-30 00:00:00+09:00,2326.158690273347,2326.158690273347,2267.8722538428074,2283.7685546875,21400,0.0,0.0
2003-12-31 00:00:00+09:00,2283.7685546875,2283.7685546875,2283.7685546875,2283.7685546875,0,0.0,0.0
2004-01-01 00:00:00+09:00,2283.7685546875,2283.7685546875,2283.7685546875,2283.7685546875,0,0.0,0.0
2004-01-02 00:00:00+09:00,2304.9630163501124,2304.9630163501124,2212.234619140625,2212.234619140625,39400,0.0,0.0
2004-01-05 00:00:00+09:00,2318.209930237182,2318.209930237182,2146.000049705277,2212.234619140625,47800,0.0,0.0
2004-01-06 00:00:00+09:00,2212.235321709954,2249.3266923733545,2151.2994984772245,2188.390869140625,17800,0.0,0.0
2004-01-07 00:00:00+09:00,2188.3902614363706,2214.884090267319,2151.298901073042,2198.98779296875,14900,0.0,0.0
2004-01-08 00:00:00+09:00,2196.3383416896913,2196.3383416896913,2146.0000684784677,2172.493896484375,28900,0.0,0.0
2004-01-09 00:00:00+09:00,2198.9879751896515,2220.1830400107565,2119.5064821105075,2193.689208984375,25000,0.0,0.0
2004-01-12 00:00:00+09:00,2130.104109402671,2267.8720368764757,2124.805342961371,2244.027587890625,17500,0.0,0.0
2004-01-13 00:00:00+09:00,2198.9881055600176,2310.262202467874,2183.0918060017525,2267.8720703125,15500,0.0,0.0
2004-01-14 00:00:00+09:00,2198.988221090947,2265.2228060635653,2196.338837692042,2214.884521484375,12200,0.0,0.0
2004-01-15 00:00:00+09:00,2183.0915665536554,2267.871821565448,2183.0915665536554,2246.6767578125,100,0.0,0.0
2004-01-16 00:00:00+09:00,2188.3909631332644,2209.5860329941193,2146.0008234115544,2153.948974609375,7700,0.0,0.0
2004-01-19 00:00:00+09:00,2151.29912794682,2172.4941932467887,2071.8176330719375,2114.207763671875,15400,0.0,0.0
2004-01-20 00:00:00+09:00,2077.1164599609374,2140.701657714844,2040.025094604492,2119.506591796875,16400,0.0,0.0
2004-01-21 00:00:00+09:00,2119.506591796875,2119.506591796875,2119.506591796875,2119.506591796875,0,0.0,0.0
2004-01-22 00:00:00+09:00,2119.506591796875,2119.506591796875,2119.506591796875,2119.506591796875,0,0.0,0.0
2004-01-23 00:00:00+09:00,2119.506591796875,2119.506591796875,2119.506591796875,2119.506591796875,0,0.0,0.0
2004-01-26 00:00:00+09:00,2159.2478403418954,2159.2478403418954,2069.1687893337676,2098.31201171875,9700,0.0,0.0
2004-01-27 00:00:00+09:00,2098.3116756772815,2119.506743108365,2042.6746236706867,2090.363525390625,2900,0.0,0.0
2004-01-28 00:00:00+09:00,2045.323672728551,2140.7014605759964,1987.0372468217786,2061.219970703125,15600,0.0,0.0
2004-01-29 00:00:00+09:00,2002.9336679193038,2119.506526898734,1934.049705795095,2093.0126953125,22700,0.0,0.0
2004-01-30 00:00:00+09:00,2114.2078253173827,2167.1954901123045,2066.518927001953,2119.506591796875,18300,0.0,0.0
2004-02-02 00:00:00+09:00,2124.8054859216136,2214.884521484375,2087.7141183369467,2214.884521484375,33400,0.0,0.0
2004-02-03 00:00:00+09:00,2177.793504067517,2384.4454424096903,2177.793504067517,2310.2626953125,61700,0.0,0.0
2004-02-04 00:00:00+09:00,2315.5616821289063,2455.9790381390117,2283.769073220958,2437.433349609375,56200,0.0,0.0
2004-02-05 00:00:00+09:00,2437.4330448325163,2490.4207197201795,2384.4453699448527,2432.13427734375,51100,0.0,0.0
2004-02-06 00:00:00+09:00,2432.134356606887,2723.5665779867973,2421.536821283981,2546.057861328125,99400,0.0,0.0
2004-02-09 00:00:00+09:00,2548.7065004882816,2702.3707177734377,2548.7065004882816,2649.383056640625,63900,0.0,0.0
2004-02-10 00:00:00+09:00,2649.3829945046346,2697.071888405718,2569.9015046694954,2644.084228515625,23900,0.0,0.0
2004-02-11 00:00:00+09:00,2622.8897697768525,2697.072510740238,2569.9020976601482,2654.682373046875,37700,0.0,0.0
2004-02-12 00:00:00+09:00,2591.0970156608373,2670.5785192087155,2559.3044142416857,2599.045166015625,29200,0.0,0.0
2004-02-13 00:00:00+09:00,2559.3044156884716,2644.084686187469,2559.3044156884716,2641.435302734375,17900,0.0,0.0
2004-02-16 00:00:00+09:00,2649.3829945046346,2659.9805264826527,2596.3953346145418,2644.084228515625,24800,0.0,0.0
2004-02-17 00:00:00+09:00,2665.2803185096154,2781.8532151442305,2649.3840144230767,2755.359375,29400,0.0,0.0
2004-02-18 00:00:00+09:00,2808.3466183088062,2914.321962395931,2808.3466183088062,2824.242919921875,83000,0.0,0.0
2004-02-19 00:00:00+09:00,2808.3468026825876,2861.3344782049003,2755.3591271602745,2797.749267578125,20900,0.0,0.0
2004-02-20 00:00:00+09:00,2808.3468026825876,2861.3344782049003,2755.3591271602745,2797.749267578125,12100,0.0,0.0
2004-02-23 00:00:00+09:00,2760.657894712506,2882.5295484138255,2718.2677542946553,2797.749267578125,16500,0.0,0.0
2004-02-24 00:00:00+09:00,2755.3588264943073,2887.8280008449956,2755.3588264943073,2792.4501953125,2900,0.0,0.0
2004-02-25 00:00:00+09:00,2840.1394765473888,2840.1394765473888,2585.798627901354,2739.462890625,18600,0.0,0.0
2004-02-26 00:00:00+09:00,2750.0597469554227,2750.0597469554227,2612.291821289062,2702.370849609375,27700,0.0,0.0
2004-02-27 00:00:00+09:00,2659.9806543935642,2686.4744856126235,2596.3954594678216,2675.876953125,9700,0.0,0.0
2004-03-01 00:00:00+09:00,2675.876953125,2675.876953125,2675.876953125,2675.876953125,0,0.0,0.0
2004-03-02 00:00:00+09:00,2633.4867583007813,2686.474419433594,2633.4867583007813,2649.383056640625,5400,0.0,0.0
2004-03-03 00:00:00+09:00,2601.6946411132812,2675.8773803710938,2601.6946411132812,2628.1884765625,10500,0.0,0.0
2004-03-04 00:00:00+09:00,2596.3953346145418,2670.5780584606714,2569.9015046694954,2644.084228515625,11800,0.0,0.0
2004-03-05 00:00:00+09:00,2585.7982182716837,2702.3710887675384,2543.4080835459185,2596.395751953125,39100,0.0,0.0
2004-03-08 00:00:00+09:00,2575.2006845902424,2641.435270099251,2516.914249342315,2596.395751953125,11600,0.0,0.0
2004-03-09 00:00:00+09:00,2644.0849670031052,2691.7738742236024,2559.3046874999995,2559.3046875,2500,0.0,0.0
2004-03-10 00:00:00+09:00,2543.4075331340955,2614.940870003492,2527.5112360520075,2548.706298828125,11600,0.0,0.0
2004-03-11 00:00:00+09:00,2522.213134765625,2628.1884765625,2522.213134765625,2628.1884765625,15000,0.0,0.0
2004-03-12 00:00:00+09:00,2628.1879921875,2649.383056640625,2490.4200732421878,2649.383056640625,15400,0.0,0.0
2004-03-15 00:00:00+09:00,2702.3712158203125,2702.3712158203125,2543.408203125,2543.408203125,5100,0.0,0.0
2004-03-16 00:00:00+09:00,2493.069795616501,2548.7068473783997,2485.121645364801,2532.810546875,7900,0.0,0.0
2004-03-17 00:00:00+09:00,2596.3958740234375,2596.3958740234375,2495.7192993164062,2543.408203125,800,0.0,0.0
2004-03-18 00:00:00+09:00,2495.7197229646385,2596.396314761513,2495.7197229646385,2516.914794921875,2300,0.0,0.0
2004-03-19 00:00:00+09:00,2493.0695491709607,2564.6028943650263,2214.8843178607044,2490.420166015625,9600,0.0,0.0
2004-03-22 00:00:00+09:00,2410.938698460946,2490.4201940146036,2410.938698460946,2471.87451171875,1400,0.0,0.0
2004-03-23 00:00:00+09:00,2410.9388052239997,2490.420304297318,2331.457306150681,2334.106689453125,5700,0.0,0.0
2004-03-24 00:00:00+09:00,2405.6408044994528,2426.8358776668492,2326.1592801217175,2421.537109375,3800,0.0,0.0
2004-03-25 00:00:00+09:00,2360.60099029541,2416.238050672743,2289.067626953125,2289.067626953125,8000,0.0,0.0
2004-03-26 00:00:00+09:00,2371.1978430587255,2371.1978430587255,2262.573137399052,2357.950927734375,2800,0.0,0.0
2004-03-29 00:00:00+09:00,2373.847775655022,2426.83544921875,2310.262567378548,2426.83544921875,3100,0.0,0.0
2004-03-30 00:00:00+09:00,2410.9391471496315,2426.83544921875,2342.055171516785,2426.83544921875,3400,0.0,0.0
2004-03-31 00:00:00+09:00,2334.106843986092,2437.4327996222523,2334.106843986092,2410.93896484375,11000,0.0,0.0
2004-04-01 00:00:00+09:00,2342.0549944196428,2410.93896484375,2342.0549944196428,2410.93896484375,200,0.0,0.0
2004-04-02 00:00:00+09:00,2384.4453103677674,2437.4329839314955,2304.9638000221753,2426.83544921875,8400,0.0,0.0
2004-04-05 00:00:00+09:00,2426.83544921875,2426.83544921875,2426.83544921875,2426.83544921875,0,0.0,0.0
2004-04-06 00:00:00+09:00,2357.9518273395042,2463.9271903659987,2357.9518273395042,2437.433349609375,5700,0.0,0.0
2004-04-07 00:00:00+09:00,2437.4326150459156,2437.4326150459156,2373.847416392544,2416.237548828125,700,0.0,0.0
2004-04-08 00:00:00+09:00,2384.445130065247,2410.93896484375,2347.3537613753433,2410.93896484375,11100,0.0,0.0
2004-04-09 00:00:00+09:00,2400.341612436886,2429.4848328969365,2331.4576368040393,2426.83544921875,18200,0.0,0.0
2004-04-12 00:00:00+09:00,2384.4454401189632,2405.6405106977986,2318.210844560103,2331.457763671875,15000,0.0,0.0
2004-04-13 00:00:00+09:00,2283.7687657007195,2379.146579581492,2278.469998262899,2323.509521484375,11200,0.0,0.0
2004-04-14 00:00:00+09:00,2328.808074319774,2328.808074319774,2278.4697882992095,2304.963623046875,2100,0.0,0.0
2004-04-15 00:00:00+09:00,2304.963623046875,2304.963623046875,2304.963623046875,2304.963623046875,0,0.0,0.0
2004-04-16 00:00:00+09:00,2251.9755899211464,2307.6126339074335,2198.9879289818255,2273.170654296875,7300,0.0,0.0
2004-04-19 00:00:00+09:00,2138.052286202567,2278.4695986793154,2138.052286202567,2225.48193359375,2000,0.0,0.0
2004-04-20 00:00:00+09:00,2175.1440994208137,2246.6774620083434,2146.000877625894,2222.8330078125,18700,0.0,0.0
2004-04-21 00:00:00+09:00,2156.5976719822124,2230.7803928857775,2156.5976719822124,2220.182861328125,4700,0.0,0.0
2004-04-22 00:00:00+09:00,2304.9640615743483,2304.9640615743483,2183.092398548578,2236.080078125,6000,0.0,0.0
2004-04-23 00:00:00+09:00,2230.7807001023066,2246.676999627976,2183.0918015252973,2225.48193359375,14100,0.0,0.0
2004-04-26 00:00:00+09:00,2185.7418118990386,2257.2751802884613,2183.092427884615,2238.7294921875,6700,0.0,0.0
2004-04-27 00:00:00+09:00,2267.8726217830886,2273.171389590993,2214.8849437040444,2251.976318359375,21600,0.0,0.0
2004-04-28 00:00:00+09:00,2230.7803928857775,2257.2742217799077,2161.896437761038,2220.182861328125,22300,0.0,0.0
2004-04-29 00:00:00+09:00,2249.325997701505,2249.325997701505,2122.1556232731514,2172.493896484375,12200,0.0,0.0
2004-04-30 00:00:00+09:00,2124.8050060737423,2172.493896484375,2124.8050060737423,2172.493896484375,4200,0.0,0.0
2004-05-03 00:00:00+09:00,2130.1046760540057,2180.4429706373717,2119.5071403522447,2124.805908203125,1500,0.0,0.0
2004-05-04 00:00:00+09:00,2172.494537768464,2198.988373594909,2108.909331784997,2143.351318359375,20900,0.0,0.0
2004-05-05 00:00:00+09:00,2143.351318359375,2143.351318359375,2143.351318359375,2143.351318359375,0,0.0,0.0
2004-05-06 00:00:00+09:00,2119.5068359375,2156.5982055664062,1960.5438232421875,2055.921630859375,11200,0.0,0.0
2004-05-07 00:00:00+09:00,2055.921846989081,2077.116917576597,1960.5440293452575,2032.077392578125,9500,0.0,0.0
2004-05-10 00:00:00+09:00,1976.4400907841434,2034.7265277777776,1788.3338623046875,1788.3338623046875,19400,0.0,0.0
2004-05-11 00:00:00+09:00,1753.8914564566307,1801.5803480219167,1722.0988620797734,1783.03466796875,10900,0.0,0.0
2004-05-12 00:00:00+09:00,1783.0352159447061,1849.269807918878,1780.3858322657393,1809.529052734375,17200,0.0,0.0
2004-05-13 00:00:00+09:00,1751.2423813359815,2024.1288643580785,1751.2423813359815,1883.7115478515625,80300,0.0,0.0
2004-05-14 00:00:00+09:00,1862.5166623393975,1934.0500192144525,1814.8277577560275,1878.4129638671875,7200,0.0,0.0
2004-05-17 00:00:00+09:00,1873.113821596383,1904.9064182854306,1653.2150278304712,1658.5137939453125,17300,0.0,0.0
2004-05-18 00:00:00+09:00,1589.6299480226996,1666.46206217713,1589.6299480226996,1626.7213134765625,19300,0.0,0.0
2004-05-19 00:00:00+09:00,1642.6178586904641,1682.3586133362012,1616.124022259973,1647.9166259765625,27600,0.0,0.0
2004-05-20 00:00:00+09:00,1663.8128025397111,1663.8128025397111,1536.6423972500518,1594.9288330078125,10000,0.0,0.0
2004-05-21 00:00:00+09:00,1571.0843190303465,1594.9287690662202,1510.1485022720026,1557.83740234375,27500,0.0,0.0
2004-05-24 00:00:00+09:00,1589.629907852564,1589.629907852564,1549.8891601562498,1549.88916015625,55300,0.0,0.0
2004-05-25 00:00:00+09:00,1536.6423259061926,1563.1361591114717,1435.9657597261316,1441.2645263671875,49700,0.0,0.0
2004-05-26 00:00:00+09:00,1441.2645263671875,1441.2645263671875,1441.2645263671875,1441.2645263671875,0,0.0,0.0
2004-05-27 00:00:00+09:00,1483.6548455443906,1528.6943676412739,1459.8103926695699,1499.5511474609375,12900,0.0,0.0
2004-05-28 00:00:00+09:00,1483.6544524336282,1504.849516039823,1470.4075376797566,1496.9013671875,7600,0.0,0.0
2004-05-31 00:00:00+09:00,1520.7462402343751,1637.3191227610519,1520.7462402343751,1629.3709716796875,50900,0.0,0.0
2004-06-01 00:00:00+09:00,1669.1116631086484,1767.1388560213786,1647.9165943707608,1708.8524169921875,57100,0.0,0.0
2004-06-02 00:00:00+09:00,1764.4891581940688,1764.4891581940688,1669.1113658592544,1714.15087890625,15100,0.0,0.0
2004-06-03 00:00:00+09:00,1735.3463220357498,1735.3463220357498,1571.0845327743507,1586.9808349609375,25200,0.0,0.0
2004-06-04 00:00:00+09:00,1616.12377308991,1616.12377308991,1531.3435095835541,1563.1361083984375,13600,0.0,0.0
2004-06-07 00:00:00+09:00,1541.9411055204885,1600.2275390625,1512.7978887494826,1600.2275390625,27800,0.0,0.0
2004-06-08 00:00:00+09:00,1722.0994215745193,1790.9833984375,1669.111747064534,1790.9833984375,117200,0.0,0.0
2004-06-09 00:00:00+09:00,1875.7631856511146,2002.9335711189867,1865.1656535287918,1886.3607177734375,142100,0.0,0.0
2004-06-10 00:00:00+09:00,1854.5685452133862,1891.659916117654,1775.0870361328125,1775.0870361328125,39200,0.0,0.0
2004-06-11 00:00:00+09:00,1775.086605779839,1775.086605779839,1613.4742431640625,1613.4742431640625,24700,0.0,0.0
2004-06-14 00:00:00+09:00,1579.0327802835052,1626.7216897551546,1541.94140625,1541.94140625,22000,0.0,0.0
2004-06-15 00:00:00+09:00,1547.2400490537334,1690.306765918291,1547.2400490537334,1605.5264892578125,28600,0.0,0.0
2004-06-16 00:00:00+09:00,1637.3190930054918,1642.6178602967718,1589.6301873839727,1605.5264892578125,16100,0.0,0.0
2004-06-17 00:00:00+09:00,1589.630005691225,1685.0078060326987,1568.4349389486754,1600.2275390625,18400,0.0,0.0
2004-06-18 00:00:00+09:00,1563.1364156788795,1605.5265557650864,1531.3438106142244,1536.642578125,32500,0.0,0.0
2004-06-21 00:00:00+09:00,1512.798429163491,1642.6182593368903,1512.798429163491,1520.74658203125,9200,0.0,0.0
2004-06-22 00:00:00+09:00,1523.3953536184213,1533.992886513158,1475.7064555921054,1510.1484375,11500,0.0,0.0
2004-06-23 00:00:00+09:00,1473.0568190696024,1533.9926227361507,1457.1605224609375,1457.1605224609375,13400,0.0,0.0
2004-06-24 00:00:00+09:00,1441.2646191578485,1563.1362597484017,1441.2646191578485,1502.200439453125,9500,0.0,0.0
2004-06-25 00:00:00+09:00,1502.2001330890484,1544.5902603014379,1457.1606229258848,1496.9013671875,25400,0.0,0.0
2004-06-28 00:00:00+09:00,1473.0571901601702,1504.8497913866486,1467.7584232890904,1478.35595703125,14900,0.0,0.0
2004-06-29 00:00:00+09:00,1478.3564334032012,1520.74658203125,1467.7588962461891,1520.74658203125,13300,0.0,0.0
2004-06-30 00:00:00+09:00,1504.8497355973639,1557.83740234375,1504.8497355973639,1557.83740234375,7600,0.0,0.0
2004-07-01 00:00:00+09:00,1557.837854677914,1743.2947421395704,1557.837854677914,1727.3984375,52900,0.0,0.0
2004-07-02 00:00:00+09:00,1727.3981964303264,1727.3981964303264,1650.5660680614928,1685.008056640625,9300,0.0,0.0
2004-07-05 00:00:00+09:00,1722.0988955248365,1722.0988955248365,1632.0198763743067,1671.7606201171875,6500,0.0,0.0
2004-07-06 00:00:00+09:00,1645.2671223578054,1700.9041748046877,1616.1239044094384,1700.9041748046875,10400,0.0,0.0
2004-07-07 00:00:00+09:00,1647.9163794501985,1695.6052778908795,1621.4225469831536,1626.7213134765625,10100,0.0,0.0
2004-07-08 00:00:00+09:00,1605.526618878866,1637.319225193299,1541.94140625,1541.94140625,14800,0.0,0.0
2004-07-09 00:00:00+09:00,1541.940984738753,1589.6298811739723,1541.940984738753,1579.0323486328125,1700,0.0,0.0
2004-07-12 00:00:00+09:00,1642.6180501302083,1642.6180501302083,1552.5389957682291,1589.63037109375,2500,0.0,0.0
2004-07-13 00:00:00+09:00,1552.538515657992,1624.0718602360905,1544.5903662604255,1568.434814453125,4300,0.0,0.0
2004-07-14 00:00:00+09:00,1539.2917189825148,1573.7337023676657,1515.447268946641,1557.83740234375,6100,0.0,0.0
2004-07-15 00:00:00+09:00,1533.9934849079893,1579.0330172800718,1443.9144201638242,1475.70703125,6300,0.0,0.0
2004-07-16 00:00:00+09:00,1557.8379432226213,1557.8379432226213,1465.1094942212746,1475.70703125,3300,0.0,0.0
2004-07-19 00:00:00+09:00,1473.0572216712542,1571.0844108831902,1473.0572216712542,1533.9930419921875,8000,0.0,0.0
2004-07-20 00:00:00+09:00,1486.3041385065312,1510.1485899264221,1483.654755015432,1502.200439453125,2200,0.0,0.0
2004-07-21 00:00:00+09:00,1502.2001972365506,1528.694027875643,1491.6026649809135,1512.7977294921875,1800,0.0,0.0
2004-07-22 00:00:00+09:00,1473.057129778181,1510.1484963553294,1404.1731632777623,1483.6546630859375,6600,0.0,0.0
2004-07-23 00:00:00+09:00,1454.5116884551778,1494.2524449703467,1449.2129209198222,1451.8623046875,4300,0.0,0.0
2004-07-26 00:00:00+09:00,1483.6549146247633,1483.6549146247633,1377.6795635801373,1398.8746337890625,16900,0.0,0.0
2004-07-27 00:00:00+09:00,1372.3806147593932,1406.822599299687,1332.6398633667468,1361.7830810546875,4000,0.0,0.0
2004-07-28 00:00:00+09:00,1351.1856680026847,1372.3807373046875,1351.1856680026847,1372.3807373046875,100,0.0,0.0
2004-07-29 00:00:00+09:00,1351.1856680026847,1377.6795046301881,1308.7955293986788,1372.3807373046875,13400,0.0,0.0
2004-07-30 00:00:00+09:00,1329.9902944335938,1372.380423339844,1308.7952299804688,1324.6915283203125,7700,0.0,0.0
2004-08-02 00:00:00+09:00,1329.9905395507812,1329.9905395507812,1271.7041015625,1271.7041015625,2500,0.0,0.0
2004-08-03 00:00:00+09:00,1231.963378138512,1316.7436536233129,1231.963378138512,1263.7559814453125,7300,0.0,0.0
2004-08-04 00:00:00+09:00,1277.002927726531,1322.0424500737324,1239.911556381777,1319.39306640625,3600,0.0,0.0
2004-08-05 00:00:00+09:00,1345.8870830535889,1377.6796913146973,1290.2500185966492,1356.484619140625,2800,0.0,0.0
2004-08-06 00:00:00+09:00,1356.484619140625,1372.3809232711792,1298.1981706619263,1356.484619140625,2800,0.0,0.0
2004-08-09 00:00:00+09:00,1335.289338353737,1353.83502360865,1218.7164596085695,1284.9510498046875,12000,0.0,0.0
2004-08-10 00:00:00+09:00,1284.9509616955709,1364.432464480864,1284.9509616955709,1361.7830810546875,4000,0.0,0.0
2004-08-11 00:00:00+09:00,1388.2767879199605,1388.2767879199605,1314.0940587944665,1340.587890625,5100,0.0,0.0
2004-08-12 00:00:00+09:00,1340.5878266601562,1361.7828911132813,1306.1458469238282,1324.6915283203125,4500,0.0,0.0
2004-08-13 00:00:00+09:00,1292.8990821463656,1375.0299664630404,1292.8990821463656,1348.5361328125,4500,0.0,0.0
2004-08-16 00:00:00+09:00,1420.0696463025051,1420.0696463025051,1277.0029282048647,1308.7955322265625,5500,0.0,0.0
2004-08-17 00:00:00+09:00,1306.146240234375,1314.0943917976672,1279.652401690067,1306.146240234375,8100,0.0,0.0
2004-08-18 00:00:00+09:00,1306.1461485580876,1332.6399852428358,1303.496764889613,1308.7955322265625,5000,0.0,0.0
2004-08-19 00:00:00+09:00,1290.249611529182,1377.679256663603,1290.249611529182,1351.1854248046875,11900,0.0,0.0
2004-08-20 00:00:00+09:00,1306.1458469238282,1372.380423339844,1306.1458469238282,1324.6915283203125,1800,0.0,0.0
2004-08-23 00:00:00+09:00,1327.3410936005262,1364.432461485571,1298.1978759765625,1298.1978759765625,10300,0.0,0.0
2004-08-24 00:00:00+09:00,1298.1977297339108,1337.9384765625,1298.1977297339108,1337.9384765625,1700,0.0,0.0
2004-08-25 00:00:00+09:00,1319.3928857037401,1345.88671875,1319.3928857037401,1345.88671875,5000,0.0,0.0
2004-08-26 00:00:00+09:00,1369.7312313332168,1369.7312313332168,1324.6917130882175,1361.7830810546875,7600,0.0,0.0
2004-08-27 00:00:00+09:00,1340.5878266601562,1375.0298063964844,1324.6915283203125,1324.6915283203125,13100,0.0,0.0
2004-08-30 00:00:00+09:00,1351.1853588867189,1351.1853588867189,1324.6915283203125,1324.6915283203125,7500,0.0,0.0
2004-08-31 00:00:00+09:00,1324.6915283203125,1348.535975830078,1308.7952299804688,1324.6915283203125,14200,0.0,0.0
2004-09-01 00:00:00+09:00,1340.588190714518,1483.6549146247633,1340.588190714518,1398.8746337890625,21400,0.0,0.0
2004-09-02 00:00:00+09:00,1398.8746955204374,1398.8746955204374,1356.4845532319393,1393.575927734375,3500,0.0,0.0
2004-09-03 00:00:00+09:00,1393.575448462004,1518.0964486097496,1345.8865547883993,1435.965576171875,16800,0.0,0.0
2004-09-06 00:00:00+09:00,1404.1733359616553,1504.8499147664531,1404.1733359616553,1499.5511474609375,23400,0.0,0.0
2004-09-07 00:00:00+09:00,1510.1484734394828,1677.0596205038466,1504.8497068660108,1565.7855224609375,29600,0.0,0.0
2004-09-08 00:00:00+09:00,1541.9408073297711,1653.214886209239,1541.9408073297711,1584.3309326171875,31200,0.0,0.0
2004-09-09 00:00:00+09:00,1430.667197347689,1592.279602974002,1430.667197347689,1576.38330078125,14600,0.0,0.0
2004-09-10 00:00:00+09:00,1541.941345635776,1589.6302532327588,1515.4475080818968,1536.642578125,4700,0.0,0.0
2004-09-13 00:00:00+09:00,1499.5513280054906,1536.6427036098667,1473.057488288079,1515.4476318359375,9000,0.0,0.0
2004-09-14 00:00:00+09:00,1515.4475676546392,1589.6303157216494,1515.4475676546392,1541.94140625,12100,0.0,0.0
2004-09-15 00:00:00+09:00,1584.331485721983,1589.6302532327588,1533.9931943696122,1536.642578125,5900,0.0,0.0
2004-09-16 00:00:00+09:00,1536.642362732041,1536.642362732041,1496.9016119717296,1507.4991455078125,6000,0.0,0.0
2004-09-17 00:00:00+09:00,1510.148443706965,1589.6299407441738,1459.8101622500662,1563.1361083984375,12800,0.0,0.0
2004-09-20 00:00:00+09:00,1621.4225395590572,1621.4225395590572,1536.6422760527014,1563.1361083984375,3100,0.0,0.0
2004-09-21 00:00:00+09:00,1600.2274671052633,1600.2274671052633,1510.1484375000002,1510.1484375,3500,0.0,0.0
2004-09-22 00:00:00+09:00,1536.6427036098667,1536.6427036098667,1465.1093363728555,1515.4476318359375,2700,0.0,0.0
2004-09-23 00:00:00+09:00,1502.2008738218133,1502.2008738218133,1462.4601099640934,1475.70703125,1400,0.0,0.0
2004-09-24 00:00:00+09:00,1478.3561405758207,1483.6549081047663,1467.7586055179295,1473.057373046875,2200,0.0,0.0
2004-09-27 00:00:00+09:00,1473.057373046875,1473.057373046875,1473.057373046875,1473.057373046875,0,0.0,0.0
2004-09-28 00:00:00+09:00,1473.057373046875,1473.057373046875,1473.057373046875,1473.057373046875,0,0.0,0.0
2004-09-29 00:00:00+09:00,1473.057373046875,1473.057373046875,1473.057373046875,1473.057373046875,0,0.0,0.0
2004-09-30 00:00:00+09:00,1451.86240307939,1451.86240307939,1393.5759562404367,1406.8228759765625,12700,0.0,0.0
2004-10-01 00:00:00+09:00,1404.173101068853,1446.563232421875,1404.173101068853,1446.563232421875,4400,0.0,0.0
2004-10-04 00:00:00+09:00,1443.9141525047412,1584.3314921061196,1443.9141525047412,1462.4598388671875,4700,0.0,0.0
2004-10-05 00:00:00+09:00,1441.2643867666375,1536.642177067371,1430.6668545110006,1512.7977294921875,9700,0.0,0.0
2004-10-06 00:00:00+09:00,1515.4471788194444,1563.1360760550212,1515.4471788194444,1549.88916015625,18700,0.0,0.0
2004-10-07 00:00:00+09:00,1563.1365153717531,1563.1365153717531,1473.0574619435504,1491.6031494140625,7000,0.0,0.0
2004-10-08 00:00:00+09:00,1473.057310933359,1510.1486820719688,1473.057310933359,1499.5511474609375,800,0.0,0.0
2004-10-11 00:00:00+09:00,1526.0448588709676,1536.6423926131272,1435.9658220626118,1478.35595703125,14600,0.0,0.0
2004-10-12 00:00:00+09:00,1502.200029518821,1502.200029518821,1457.1605224609375,1457.1605224609375,6200,0.0,0.0
2004-10-13 00:00:00+09:00,1457.16107133506,1483.6549089956975,1457.16107133506,1462.4598388671875,2400,0.0,0.0
2004-10-14 00:00:00+09:00,1435.96600120655,1481.0055252296336,1425.3684661422951,1462.4598388671875,8100,0.0,0.0
2004-10-15 00:00:00+09:00,1435.966000344256,1510.1487457494943,1435.966000344256,1473.057373046875,3000,0.0,0.0
2004-10-18 00:00:00+09:00,1457.1610704600382,1483.6549081047663,1457.1610704600382,1473.057373046875,5900,0.0,0.0
2004-10-19 00:00:00+09:00,1475.7063826949507,1510.1483629014756,1430.6668701171873,1430.6668701171875,8400,0.0,0.0
2004-10-20 00:00:00+09:00,1462.459592931411,1589.629992316751,1430.6669930850758,1441.2645263671875,7300,0.0,0.0
2004-10-21 00:00:00+09:00,1454.5114778273974,1531.3435959639994,1446.5633276753351,1507.4991455078125,3100,0.0,0.0
2004-10-22 00:00:00+09:00,1462.4596279794598,1507.4991455078127,1446.5633276753351,1507.4991455078125,3100,0.0,0.0
2004-10-25 00:00:00+09:00,1457.160980280197,1539.29187189599,1404.173308270008,1454.5115966796875,3000,0.0,0.0
2004-10-26 00:00:00+09:00,1441.2647696167883,1457.1610722228559,1425.368467010721,1451.8623046875,13400,0.0,0.0
2004-10-27 00:00:00+09:00,1451.8622137598927,1459.8103645651477,1422.718994140625,1422.718994140625,3000,0.0,0.0
2004-10-28 00:00:00+09:00,1420.069337745949,1435.9656363028066,1414.7705715603297,1430.6668701171875,4000,0.0,0.0
2004-10-29 00:00:00+09:00,1430.6672994206463,1433.3166833084622,1414.77099609375,1414.77099609375,4800,0.0,0.0
2004-11-01 00:00:00+09:00,1417.4201358383916,1443.9139701531278,1414.770752406918,1425.3682861328125,1500,0.0,0.0
2004-11-02 00:00:00+09:00,1454.5115975957874,1454.5115975957874,1404.1733091544031,1412.1214599609375,10100,0.0,0.0
2004-11-03 00:00:00+09:00,1412.121371142753,1491.6028742089493,1412.121371142753,1478.35595703125,6800,0.0,0.0
2004-11-04 00:00:00+09:00,1520.7460919998878,1520.7460919998878,1438.6152054981517,1478.35595703125,2300,0.0,0.0
2004-11-05 00:00:00+09:00,1504.8497913866486,1504.8497913866486,1457.1608895469308,1478.35595703125,4300,0.0,0.0
2004-11-08 00:00:00+09:00,1515.4474194914048,1515.4474194914048,1428.017760674593,1454.5115966796875,9400,0.0,0.0
2004-11-09 00:00:00+09:00,1441.264800745413,1504.8500125430046,1441.264800745413,1443.9141845703125,2400,0.0,0.0
2004-11-10 00:00:00+09:00,1457.1610704600382,1473.057373046875,1430.6672328153104,1473.057373046875,3200,0.0,0.0
2004-11-11 00:00:00+09:00,1451.8623046875,1478.356142364279,1451.8623046875,1451.8623046875,4700,0.0,0.0
2004-11-12 00:00:00+09:00,1478.3560782388747,1536.6425185995472,1467.7585436278434,1499.5511474609375,6600,0.0,0.0
2004-11-15 00:00:00+09:00,1502.2002878289475,1520.745970394737,1478.3558388157896,1510.1484375,9500,0.0,0.0
2004-11-16 00:00:00+09:00,1504.8502762957319,1526.0453506097563,1494.2527391387196,1520.74658203125,9700,0.0,0.0
2004-11-17 00:00:00+09:00,1547.2398089909957,1576.3830245713057,1510.148443706965,1563.1361083984375,28200,0.0,0.0
2004-11-18 00:00:00+09:00,1563.1361083984375,1589.6299407441738,1526.0447431144069,1563.1361083984375,15400,0.0,0.0
2004-11-19 00:00:00+09:00,1584.3314531316548,1584.3314531316548,1518.0968606094284,1555.188232421875,11000,0.0,0.0
2004-11-22 00:00:00+09:00,1536.642329624721,1552.5386295863561,1483.6546630859375,1483.6546630859375,3000,0.0,0.0
2004-11-23 00:00:00+09:00,1515.4473255741216,1515.4473255741216,1467.7584237203905,1488.9534912109375,2200,0.0,0.0
2004-11-24 00:00:00+09:00,1446.5633562298433,1515.4473255741216,1446.5633562298433,1488.9534912109375,10200,0.0,0.0
2004-11-25 00:00:00+09:00,1499.5512063768176,1563.1364165412056,1488.9536713494197,1526.0450439453125,2400,0.0,0.0
2004-11-26 00:00:00+09:00,1526.0453506097563,1536.6428877667684,1459.81074337843,1520.74658203125,6200,0.0,0.0
2004-11-29 00:00:00+09:00,1518.0968952584774,1518.0968952584774,1481.005522599457,1494.25244140625,2200,0.0,0.0
2004-11-30 00:00:00+09:00,1478.3561414635699,1494.2524440599525,1457.16107133506,1462.4598388671875,3600,0.0,0.0
2004-12-01 00:00:00+09:00,1478.3558964320591,1483.6546630859375,1443.91391318185,1483.6546630859375,1700,0.0,0.0
2004-12-02 00:00:00+09:00,1457.1610090168122,1499.5511474609375,1457.1610090168122,1499.5511474609375,12400,0.0,0.0
2004-12-03 00:00:00+09:00,1483.6548455443906,1502.2005311136954,1459.8103926695699,1499.5511474609375,8100,0.0,0.0
2004-12-06 00:00:00+09:00,1488.9535828180706,1518.096802410595,1483.6548156194297,1486.30419921875,17800,0.0,0.0
2004-12-07 00:00:00+09:00,1465.1092217534567,1512.798129513967,1465.1092217534567,1473.057373046875,3500,0.0,0.0
2004-12-08 00:00:00+09:00,1494.2522580835744,1496.9016415198928,1467.7584237203905,1488.9534912109375,8200,0.0,0.0
2004-12-09 00:00:00+09:00,1496.9018251676084,1510.1487439744014,1478.3561388380983,1494.25244140625,13700,0.0,0.0
2004-12-10 00:00:00+09:00,1520.7457938942403,1671.7606201171875,1502.2001134808959,1671.7606201171875,166300,0.0,0.0
2004-12-13 00:00:00+09:00,1671.760612426166,1690.30629275419,1605.5260398260803,1639.968017578125,63300,0.0,0.0
2004-12-14 00:00:00+09:00,1695.6058282208587,1833.3738017638036,1669.1119871549079,1727.3984375,231700,0.0,0.0
2004-12-15 00:00:00+09:00,1671.7607331970512,1714.1508627234425,1589.6298572396684,1618.7730712890625,87300,0.0,0.0
2004-12-16 00:00:00+09:00,1618.773405903022,1685.0079969792503,1600.227720401678,1647.9166259765625,31400,0.0,0.0
2004-12-17 00:00:00+09:00,1632.0205143229168,1669.1118896484375,1589.63037109375,1589.63037109375,30500,0.0,0.0
2004-12-20 00:00:00+09:00,1563.1363816810572,1616.124055636347,1563.1363816810572,1586.9808349609375,37100,0.0,0.0
2004-12-21 00:00:00+09:00,1573.7337654595358,1618.7732839996236,1573.7337654595358,1594.9288330078125,14600,0.0,0.0
2004-12-22 00:00:00+09:00,1594.9291913177588,1666.4625603635718,1594.9291913177588,1637.3193359375,31700,0.0,0.0
2004-12-23 00:00:00+09:00,1642.617646967205,1695.6053129984052,1642.617646967205,1661.163330078125,37700,0.0,0.0
2004-12-24 00:00:00+09:00,1661.1633896294443,1719.4498243532844,1616.123871888295,1634.6695556640625,39800,0.0,0.0
2004-12-27 00:00:00+09:00,1634.6694349697439,1682.3583325863651,1608.1756029605097,1645.2669677734375,50400,0.0,0.0
2004-12-28 00:00:00+09:00,1637.3193574680117,1695.6058070866143,1637.3193574680117,1682.35888671875,41100,0.0,0.0
2004-12-29 00:00:00+09:00,1783.0121691473598,1783.0121691473598,1639.220865183863,1667.9791259765625,18500,250.0,0.0
2004-12-30 00:00:00+09:00,1627.7179343188,1667.979508665908,1593.2080134498501,1619.0904541015625,7700,0.0,0.0
2004-12-31 00:00:00+09:00,1619.0904541015625,1619.0904541015625,1619.0904541015625,1619.0904541015625,0,0.0,0.0
2005-01-03 00:00:00+09:00,1613.3389463682431,1644.973043355856,1587.4565033783783,1596.083984375,30600,0.0,0.0
2005-01-04 00:00:00+09:00,1616.2145438058035,1633.4695033482142,1601.8354108537944,1610.462890625,10500,0.0,0.0
2005-01-05 00:00:00+09:00,1598.9596884477903,1667.9795311146013,1590.3322081144388,1659.35205078125,17300,0.0,0.0
2005-01-06 00:00:00+09:00,1673.7309375971704,1748.5024227819235,1670.8551112439106,1734.123291015625,35200,0.0,0.0
2005-01-07 00:00:00+09:00,1742.7506451105667,1777.2605588751323,1696.7374267578125,1696.7374267578125,27700,0.0,0.0
2005-01-10 00:00:00+09:00,1705.3653796307453,1777.261053308264,1696.737898789443,1771.5093994140625,49300,0.0,0.0
2005-01-11 00:00:00+09:00,1783.0122335333574,1829.0254524632505,1745.6264931528194,1748.5023193359375,65700,0.0,0.0
2005-01-12 00:00:00+09:00,1771.5094113817402,1794.5160271139705,1754.2544495825673,1760.006103515625,43400,0.0,0.0
2005-01-13 00:00:00+09:00,1760.005936726485,1777.2608968904703,1725.4960163985147,1742.7509765625,38300,0.0,0.0
2005-01-14 00:00:00+09:00,1728.371774080679,1808.894918297416,1702.4893348681562,1785.8883056640625,54800,0.0,0.0
2005-01-17 00:00:00+09:00,1898.045199376456,1898.045199376456,1823.273721825262,1852.031982421875,38200,0.0,0.0
2005-01-18 00:00:00+09:00,1852.0325099332097,1912.4248743875535,1783.012664842531,1843.405029296875,79200,0.0,0.0
2005-01-19 00:00:00+09:00,1863.5355076490587,2061.967529296875,1840.5288964435147,2061.967529296875,145000,0.0,0.0
2005-01-20 00:00:00+09:00,2128.1119995117188,2139.6153076171877,1955.5623779296875,1955.5623779296875,74000,0.0,0.0
2005-01-21 00:00:00+09:00,1912.4246123342805,2041.8368041463746,1912.4246123342805,1992.94775390625,73600,0.0,0.0
2005-01-24 00:00:00+09:00,2001.5750191285438,2231.64111328125,2001.5750191285438,2231.64111328125,97800,0.0,0.0
2005-01-25 00:00:00+09:00,2300.6609331837017,2346.6741518473755,2082.09814453125,2082.09814453125,120200,0.0,0.0
2005-01-26 00:00:00+09:00,2128.1113661263307,2185.6278895351506,1955.5617958998716,1958.4376220703125,65800,0.0,0.0
2005-01-27 00:00:00+09:00,1967.0653381347656,1967.0653381347656,1926.8037668863933,1932.555419921875,27300,0.0,0.0
2005-01-28 00:00:00+09:00,1915.3002295136978,1972.8167529225175,1915.3002295136978,1958.4376220703125,21300,0.0,0.0
2005-01-31 00:00:00+09:00,1961.3138901414727,2105.1052310609352,1961.3138901414727,2067.719482421875,33400,0.0,0.0
2005-02-01 00:00:00+09:00,2208.634924892704,2208.634924892704,1972.8171334328058,2010.202880859375,37900,0.0,0.0
2005-02-02 00:00:00+09:00,2015.9543889363606,2024.5818684895833,1932.555419921875,1932.555419921875,30300,0.0,0.0
2005-02-03 00:00:00+09:00,1938.3073918542195,1978.5689697265625,1935.4315648633378,1978.5689697265625,29700,0.0,0.0
2005-02-04 00:00:00+09:00,1958.4379351693449,2070.595173747325,1958.4379351693449,2015.9544677734375,12500,0.0,0.0
2005-02-07 00:00:00+09:00,2018.8301332864803,2099.353272505884,2007.3268276837082,2061.967529296875,24900,0.0,0.0
2005-02-08 00:00:00+09:00,2061.967529296875,2061.967529296875,2061.967529296875,2061.967529296875,0,0.0,0.0
2005-02-09 00:00:00+09:00,2061.967529296875,2061.967529296875,2061.967529296875,2061.967529296875,0,0.0,0.0
2005-02-10 00:00:00+09:00,2061.967529296875,2061.967529296875,2061.967529296875,2061.967529296875,0,0.0,0.0
2005-02-11 00:00:00+09:00,2059.0914303367963,2151.1178629775472,2044.712300236679,2145.3662109375,58700,0.0,0.0
2005-02-14 00:00:00+09:00,2260.399916478207,2260.399916478207,2162.621803042763,2185.62841796875,35300,0.0,0.0
2005-02-15 00:00:00+09:00,2191.380042238516,2269.0273665698023,2191.380042238516,2246.020751953125,53900,0.0,0.0
2005-02-16 00:00:00+09:00,2220.1381623096954,2254.64808193109,2197.1315492287663,2243.144775390625,30100,0.0,0.0
2005-02-17 00:00:00+09:00,2248.896372660267,2271.9029851683003,2174.1248820091582,2237.39306640625,33800,0.0,0.0
2005-02-18 00:00:00+09:00,2191.38010349026,2231.6416801948053,2182.7526227678572,2214.38671875,15700,0.0,0.0
2005-02-21 00:00:00+09:00,2260.3999092921244,2260.3999092921244,2168.3734498807403,2223.01416015625,33000,0.0,0.0
2005-02-22 00:00:00+09:00,2225.8899847066627,2254.6482532429245,2133.863525390625,2133.863525390625,36100,0.0,0.0
2005-02-23 00:00:00+09:00,2070.5952482876714,2122.360129494863,1955.5621789383563,2099.353515625,28400,0.0,0.0
2005-02-24 00:00:00+09:00,2093.601525094049,2122.359787801385,2070.5949149281805,2102.22900390625,15700,0.0,0.0
2005-02-25 00:00:00+09:00,2064.843214056465,2110.8564333112054,2047.5882568359375,2047.5882568359375,22300,0.0,0.0
2005-02-28 00:00:00+09:00,2047.588159877232,2070.5947684151784,2010.202421003069,2013.0782470703125,16200,0.0,0.0
2005-03-01 00:00:00+09:00,2013.0782470703123,2013.0782470703123,2013.0782470703123,2013.0782470703125,0,0.0,0.0
2005-03-02 00:00:00+09:00,2044.7126698369566,2053.340149456522,1972.8170063405798,1984.3203125,36600,0.0,0.0
2005-03-03 00:00:00+09:00,1967.0650299944195,2013.0782470703123,1955.5617257254462,2013.0782470703125,12100,0.0,0.0
2005-03-04 00:00:00+09:00,2038.9610808150742,2079.222653637939,2015.9544677734373,2015.9544677734375,22900,0.0,0.0
2005-03-07 00:00:00+09:00,2018.83015389278,2067.7192032035737,2001.5751953124998,2001.5751953125,18100,0.0,0.0
2005-03-08 00:00:00+09:00,2013.0787579310424,2018.830411525131,1912.4248200344903,1990.0721435546875,16200,0.0,0.0
2005-03-09 00:00:00+09:00,1992.9474645996092,2021.7057252720422,1944.058421456473,2013.0782470703125,56600,0.0,0.0
2005-03-10 00:00:00+09:00,2001.5751926073408,2214.386348143179,1984.320234050381,2076.3466796875,71700,0.0,0.0
2005-03-11 00:00:00+09:00,2283.406456206424,2283.406456206424,2076.3469286914838,2165.49755859375,71800,0.0,0.0
2005-03-14 00:00:00+09:00,2248.8962597908594,2248.8962597908594,2018.8301462572676,2225.8896484375,16900,0.0,0.0
2005-03-15 00:00:00+09:00,2225.889339498157,2225.889339498157,2110.856298697219,2145.3662109375,5900,0.0,0.0
2005-03-16 00:00:00+09:00,2070.594989224138,2128.1115167025864,2041.8367254849138,2084.97412109375,29000,0.0,0.0
2005-03-17 00:00:00+09:00,2041.8369809503426,2099.353515625,2041.8369809503426,2099.353515625,10900,0.0,0.0
2005-03-18 00:00:00+09:00,2099.35348171658,2099.35348171658,2024.5819878472223,2070.59521484375,36600,0.0,0.0
2005-03-21 00:00:00+09:00,2018.830411525131,2090.7260814512397,1990.0721435546877,1990.0721435546875,11200,0.0,0.0
2005-03-22 00:00:00+09:00,2013.0782104318546,2027.4573405063677,1972.8166462232175,2021.7056884765625,27700,0.0,0.0
2005-03-23 00:00:00+09:00,2013.078679737867,2013.078679737867,1984.320412884469,2007.3270263671875,4400,0.0,0.0
2005-03-24 00:00:00+09:00,2007.3269248188406,2007.3269248188406,1961.3137001811594,1984.3203125,5300,0.0,0.0
2005-03-25 00:00:00+09:00,1938.3073611639243,2004.451380906907,1938.3073611639243,1949.8106689453125,13100,0.0,0.0
2005-03-28 00:00:00+09:00,1875.0385894322608,1955.5617190397813,1875.0385894322608,1938.3067626953125,3900,0.0,0.0
2005-03-29 00:00:00+09:00,1946.934896850586,1958.4382049560547,1912.4249725341797,1955.5623779296875,2700,0.0,0.0
2005-03-30 00:00:00+09:00,1964.1898590087892,1995.823956298828,1852.0326049804687,1955.5623779296875,32200,0.0,0.0
2005-03-31 00:00:00+09:00,1955.5619738286966,1995.8235438781112,1918.1762302113834,1964.189453125,1300,0.0,0.0
2005-04-01 00:00:00+09:00,1918.1764893278673,2010.2029475864756,1918.1764893278673,2004.4512939453125,14700,0.0,0.0
2005-04-04 00:00:00+09:00,1984.3204567649148,2064.843605735085,1955.562189275568,1961.3138427734375,14700,0.0,0.0
2005-04-05 00:00:00+09:00,1961.3138427734375,1961.3138427734375,1961.3138427734375,1961.3138427734375,0,0.0,0.0
2005-04-06 00:00:00+09:00,2013.0787579310424,2013.0787579310424,1967.0655291783328,1990.0721435546875,4100,0.0,0.0
2005-04-07 00:00:00+09:00,2030.333537137681,2030.333537137681,1938.307087862319,1984.3203125,18000,0.0,0.0
2005-04-08 00:00:00+09:00,2013.0782470703123,2024.5815513392856,1984.3199863978793,2013.0782470703125,37900,0.0,0.0
2005-04-11 00:00:00+09:00,2041.8369356247774,2041.8369356247774,1995.8237089064726,2018.830322265625,15000,0.0,0.0
2005-04-12 00:00:00+09:00,2018.8302597172003,2128.111669787362,1961.3137281013258,2087.85009765625,25400,0.0,0.0
2005-04-13 00:00:00+09:00,2070.5951804577467,2122.36005996919,2004.4511677486796,2041.8369140625,18800,0.0,0.0
2005-04-14 00:00:00+09:00,2013.078554907261,2061.967605526437,1964.1895042880847,2044.712646484375,34100,0.0,0.0
2005-04-15 00:00:00+09:00,1990.07196010824,2079.2225825986384,1990.07196010824,2059.091796875,5600,0.0,0.0
2005-04-18 00:00:00+09:00,1990.072044999336,2059.0918847102957,1969.941258416973,2030.3336181640625,4900,0.0,0.0
2005-04-19 00:00:00+09:00,2030.3335315555166,2064.843449938897,1926.803776405377,2059.091796875,11200,0.0,0.0
2005-04-20 00:00:00+09:00,2070.595046612395,2070.595046612395,1987.1960794571735,2053.340087890625,5400,0.0,0.0
2005-04-21 00:00:00+09:00,2059.0918847102957,2059.0918847102957,2001.5753516178293,2030.3336181640625,23400,0.0,0.0
2005-04-22 00:00:00+09:00,2070.59524208691,2070.59524208691,2010.202880859375,2010.202880859375,1000,0.0,0.0
2005-04-25 00:00:00+09:00,2013.078554907261,2061.967605526437,2010.2027284002506,2044.712646484375,1100,0.0,0.0
2005-04-26 00:00:00+09:00,2041.8365077427454,2041.8365077427454,1955.5617257254462,2013.0782470703125,1100,0.0,0.0
2005-04-27 00:00:00+09:00,2013.0782470703123,2013.0782470703123,1961.3133778599329,2013.0782470703125,1200,0.0,0.0
2005-04-28 00:00:00+09:00,2059.091796875,2059.091796875,2059.091796875,2059.091796875,1,0.0,0.0
2005-04-29 00:00:00+09:00,1938.3070152360906,2013.0785024707172,1938.3070152360906,1964.189453125,6100,0.0,0.0
2005-05-02 00:00:00+09:00,2010.203091430664,2010.203091430664,1926.8041076660156,1955.5623779296875,10600,0.0,0.0
2005-05-03 00:00:00+09:00,2128.111558234554,2128.111558234554,1958.4377988617994,2001.5751953125,17300,0.0,0.0
2005-05-04 00:00:00+09:00,2064.843393705138,2064.843393705138,2013.0785175398285,2053.340087890625,5400,0.0,0.0
2005-05-05 00:00:00+09:00,2053.340087890625,2053.340087890625,2053.340087890625,2053.340087890625,0,0.0,0.0
2005-05-06 00:00:00+09:00,2070.595046612395,2070.595046612395,1990.0719059108017,2053.340087890625,1900,0.0,0.0
2005-05-09 00:00:00+09:00,2064.843116280692,2064.843116280692,2013.0782470703123,2013.0782470703125,8500,0.0,0.0
2005-05-10 00:00:00+09:00,1961.3137681558098,2041.8369140625,1961.3137681558098,2041.8369140625,9600,0.0,0.0
2005-05-11 00:00:00+09:00,2044.7127746582032,2128.1117485894097,1961.3138007269968,2070.59521484375,30000,0.0,0.0
2005-05-12 00:00:00+09:00,2038.9611212836373,2082.098521592882,1967.0654541015626,2070.59521484375,38700,0.0,0.0
2005-05-13 00:00:00+09:00,2093.6018621575345,2156.8700502996576,2036.085327482877,2099.353515625,32600,0.0,0.0
2005-05-16 00:00:00+09:00,2099.35348171658,2116.608441840278,2050.4644280327693,2070.59521484375,15300,0.0,0.0
2005-05-17 00:00:00+09:00,2076.346855663506,2122.360082381811,1967.065442207532,2018.830322265625,14400,0.0,0.0
2005-05-18 00:00:00+09:00,2018.830322265625,2018.830322265625,2018.830322265625,2018.830322265625,0,0.0,0.0
2005-05-19 00:00:00+09:00,2070.5951348951285,2266.151342079668,2021.7060830989935,2125.23583984375,46100,0.0,0.0
2005-05-20 00:00:00+09:00,2110.85659680142,2156.8698196199794,2015.9543247381407,2076.3466796875,9000,0.0,0.0
2005-05-23 00:00:00+09:00,2036.0852945963543,2082.098521592882,2013.0786810980903,2070.59521484375,20100,0.0,0.0
2005-05-24 00:00:00+09:00,2087.850005334165,2087.850005334165,2024.5818233543416,2053.340087890625,17700,0.0,0.0
2005-05-25 00:00:00+09:00,1998.6995144696302,2053.3402206205988,1998.6995144696302,2041.8369140625,8500,0.0,0.0
2005-05-26 00:00:00+09:00,2064.843214056465,2064.843214056465,2018.829994801725,2047.5882568359375,6000,0.0,0.0
2005-05-27 00:00:00+09:00,2067.7192032035737,2067.7192032035737,1995.8235424524064,2001.5751953125,17500,0.0,0.0
2005-05-30 00:00:00+09:00,2001.5749428013391,2027.4573774065288,1984.3199863978793,2013.0782470703125,5500,0.0,0.0
2005-05-31 00:00:00+09:00,2059.091873899648,2059.091873899648,1978.5687279929577,2041.8369140625,7300,0.0,0.0
2005-06-01 00:00:00+09:00,2070.594875529661,2070.594875529661,1992.9475676972986,2036.0849609375,4900,0.0,0.0
2005-06-02 00:00:00+09:00,2041.8370753265337,2041.8370753265337,1995.8238454600203,2033.2095947265625,2300,0.0,0.0
2005-06-03 00:00:00+09:00,2053.3399467091635,2053.3399467091635,1992.9475953353644,2038.9608154296875,5600,0.0,0.0
2005-06-06 00:00:00+09:00,2038.9608154296875,2038.9608154296875,2038.9608154296875,2038.9608154296875,0,0.0,0.0
2005-06-07 00:00:00+09:00,1852.0321087965003,2038.9608154296875,1852.0321087965003,2038.9608154296875,6300,0.0,0.0
2005-06-08 00:00:00+09:00,2038.961066370887,2064.843505859375,1995.823667223407,2064.843505859375,6300,0.0,0.0
2005-06-09 00:00:00+09:00,2064.843116280692,2064.843116280692,1984.3199863978793,2013.0782470703125,3500,0.0,0.0
2005-06-10 00:00:00+09:00,2013.0782470703123,2041.8365077427454,1984.3199863978793,2013.0782470703125,9300,0.0,0.0
2005-06-13 00:00:00+09:00,2064.843527178697,2064.843527178697,1995.8236878301057,2041.8369140625,1900,0.0,0.0
2005-06-14 00:00:00+09:00,2050.464393981074,2050.464393981074,2013.0786476672536,2041.8369140625,14000,0.0,0.0
2005-06-15 00:00:00+09:00,2013.0786810980903,2070.59521484375,2013.0786810980903,2070.59521484375,9900,0.0,0.0
2005-06-16 00:00:00+09:00,2070.595043285473,2128.111572265625,2070.595043285473,2128.111572265625,14400,0.0,0.0
2005-06-17 00:00:00+09:00,2128.1113671875,2185.627890625,2076.34649609375,2156.86962890625,28200,0.0,0.0
2005-06-20 00:00:00+09:00,2128.1117608295226,2128.1117608295226,2070.595226753049,2122.360107421875,9700,0.0,0.0
2005-06-21 00:00:00+09:00,2139.6150676448174,2139.6150676448174,2082.0985335683436,2122.360107421875,500,0.0,0.0
2005-06-22 00:00:00+09:00,2059.091719812925,2142.490686118197,2059.091719812925,2113.732421875,3600,0.0,0.0
2005-06-23 00:00:00+09:00,2070.5948664633074,2113.7322595146265,2047.5882568359375,2047.5882568359375,7300,0.0,0.0
2005-06-24 00:00:00+09:00,2021.7058210051462,2082.0981712769926,2013.0783423948824,2047.5882568359375,6400,0.0,0.0
2005-06-27 00:00:00+09:00,2047.5882658015535,2047.5882658015535,1984.3200890492583,2036.0849609375,8200,0.0,0.0
2005-06-28 00:00:00+09:00,2018.8305034022178,2061.9679073210687,2007.3271956905244,2050.464599609375,10900,0.0,0.0
2005-06-29 00:00:00+09:00,2027.4577050235685,2059.091796875,2027.4577050235685,2059.091796875,13800,0.0,0.0
2005-06-30 00:00:00+09:00,2084.9742329496744,2096.4775390625,2059.091794195816,2096.4775390625,12700,0.0,0.0
2005-07-01 00:00:00+09:00,2041.8368350265775,2156.8698961548353,2041.8368350265775,2096.4775390625,11400,0.0,0.0
2005-07-04 00:00:00+09:00,2096.4771443461323,2179.8760979620965,2013.0781907301682,2093.601318359375,62700,0.0,0.0
2005-07-05 00:00:00+09:00,2067.719050689147,2073.470703125,2041.8366147278086,2073.470703125,27800,0.0,0.0
2005-07-06 00:00:00+09:00,2099.3536497894647,2185.628457315059,2044.7129383565882,2177.0009765625,27800,0.0,0.0
2005-07-07 00:00:00+09:00,2128.1114120301313,2473.2105599269094,2128.1114120301313,2409.9423828125,208400,0.0,0.0
2005-07-08 00:00:00+09:00,2409.9429979511333,2409.9429979511333,2283.4066114238663,2346.6748046875,63500,0.0,0.0
2005-07-11 00:00:00+09:00,2386.935828799293,2444.452354794457,2320.791823904855,2415.694091796875,71100,0.0,0.0
2005-07-12 00:00:00+09:00,2415.6943325029306,2470.335037642878,2369.6811071219227,2453.080078125,40800,0.0,0.0
2005-07-13 00:00:00+09:00,2415.694091796875,2473.2106177920386,2361.0533921014694,2415.694091796875,13700,0.0,0.0
2005-07-14 00:00:00+09:00,2412.818112574247,2412.818112574247,2358.177416341934,2375.432373046875,23200,0.0,0.0
2005-07-15 00:00:00+09:00,2358.1780808971776,2386.9363501764115,2257.524138419859,2317.91650390625,7000,0.0,0.0
2005-07-18 00:00:00+09:00,2317.916359641335,2317.916359641335,2205.7591164328833,2277.65478515625,11200,0.0,0.0
2005-07-19 00:00:00+09:00,2303.5372258966618,2303.5372258966618,2214.3865966796875,2277.65478515625,9500,0.0,0.0
2005-07-20 00:00:00+09:00,2349.5504770084303,2349.5504770084303,2191.380004260005,2254.648193359375,2800,0.0,0.0
2005-07-21 00:00:00+09:00,2254.647873209838,2329.4193588009807,2225.889609520937,2309.28857421875,19300,0.0,0.0
2005-07-22 00:00:00+09:00,2300.6611328125,2358.1776611328123,2208.6346875,2300.6611328125,1400,0.0,0.0
2005-07-25 00:00:00+09:00,2300.6609646065676,2346.674183898699,2246.020266697162,2320.791748046875,11000,0.0,0.0
2005-07-26 00:00:00+09:00,2320.791748046875,2329.41922666415,2271.9027025489854,2320.791748046875,7200,0.0,0.0
2005-07-27 00:00:00+09:00,2346.6741896463914,2501.9688051376966,2260.3994032623327,2470.334716796875,26900,0.0,0.0
2005-07-28 00:00:00+09:00,2470.3345253422576,2527.8510451406805,2363.9289637151755,2438.700439453125,1900,0.0,0.0
2005-07-29 00:00:00+09:00,2467.458907461963,2467.458907461963,2257.523592491423,2409.9423828125,7100,0.0,0.0
2005-08-01 00:00:00+09:00,2409.942884323045,2444.4528062942577,2300.6614647475367,2335.17138671875,5700,0.0,0.0
2005-08-02 00:00:00+09:00,2386.9358868176423,2386.9358868176423,2271.90283203125,2271.90283203125,13500,0.0,0.0
2005-08-03 00:00:00+09:00,2352.4259703817247,2355.3017967513847,2271.90283203125,2271.90283203125,16100,0.0,0.0
2005-08-04 00:00:00+09:00,2243.1446044921877,2300.6611328125,2202.883034667969,2300.6611328125,6100,0.0,0.0
2005-08-05 00:00:00+09:00,2300.6612042682927,2358.177734375,2133.8632669588415,2358.177734375,10500,0.0,0.0
2005-08-08 00:00:00+09:00,2128.111977152305,2355.3023098482945,2128.111977152305,2323.668212890625,9900,0.0,0.0
2005-08-09 00:00:00+09:00,2358.1777969437026,2358.1777969437026,2248.8963868414335,2289.157958984375,5700,0.0,0.0
2005-08-10 00:00:00+09:00,2386.9362765468554,2386.9362765468554,2243.1449345862015,2297.78564453125,24300,0.0,0.0
2005-08-11 00:00:00+09:00,2366.8051403808595,2366.8051403808595,2300.6611328125,2300.6611328125,2100,0.0,0.0
2005-08-12 00:00:00+09:00,2283.406174316406,2352.426008300781,2254.64791015625,2300.6611328125,11100,0.0,0.0
2005-08-15 00:00:00+09:00,2300.6611328125,2300.6611328125,2300.6611328125,2300.6611328125,0,0.0,0.0
2005-08-16 00:00:00+09:00,2326.5436230350806,2381.184326171875,2223.01386972326,2381.184326171875,14200,0.0,0.0
2005-08-17 00:00:00+09:00,2404.1908837890624,2404.1908837890624,2300.6611328125,2300.6611328125,26400,0.0,0.0
2005-08-18 00:00:00+09:00,2355.3018347167967,2355.3018347167967,2257.5237365722655,2300.6611328125,12300,0.0,0.0
2005-08-19 00:00:00+09:00,2185.628076171875,2300.6611328125,2185.628076171875,2300.6611328125,6100,0.0,0.0
2005-08-22 00:00:00+09:00,2381.184409596812,2381.184409596812,2254.6480400047108,2289.157958984375,6800,0.0,0.0
2005-08-23 00:00:00+09:00,2277.654521484375,2312.1644384765623,2271.902868652344,2300.6611328125,26000,0.0,0.0
2005-08-24 00:00:00+09:00,2352.426280628551,2352.426280628551,2274.7789584073153,2277.65478515625,4900,0.0,0.0
2005-08-25 00:00:00+09:00,2519.2238787887686,2519.2238787887686,2263.275334025983,2294.909423828125,8900,0.0,0.0
2005-08-26 00:00:00+09:00,2300.661170796738,2300.661170796738,2271.902906161779,2292.03369140625,15000,0.0,0.0
2005-08-29 00:00:00+09:00,2246.0204309082033,2300.6611328125,2246.0204309082033,2300.6611328125,8000,0.0,0.0
2005-08-30 00:00:00+09:00,2352.4261437804253,2352.4261437804253,2220.138121025047,2289.157958984375,5400,0.0,0.0
2005-08-31 00:00:00+09:00,2283.4061184455277,2297.7852501737743,2243.144549606438,2294.909423828125,2600,0.0,0.0
2005-09-01 00:00:00+09:00,2300.6614385297844,2300.6614385297844,2197.131673795944,2269.02734375,9300,0.0,0.0
2005-09-02 00:00:00+09:00,2292.0343148422726,2292.0343148422726,2243.1452516649592,2280.531005859375,100,0.0,0.0
2005-09-05 00:00:00+09:00,2289.157958984375,2289.157958984375,2223.0139476066856,2289.157958984375,8000,0.0,0.0
2005-09-06 00:00:00+09:00,2292.0336166188686,2292.0336166188686,2220.1379573773734,2271.90283203125,7800,0.0,0.0
2005-09-07 00:00:00+09:00,2271.902906161779,2300.661170796738,2243.1446415268197,2292.03369140625,9800,0.0,0.0
2005-09-08 00:00:00+09:00,2297.785438729291,2297.785438729291,2243.144733678156,2289.157958984375,4300,0.0,0.0
2005-09-09 00:00:00+09:00,2300.6617197062424,2352.426608399633,2254.6484853121174,2349.55078125,10000,0.0,0.0
2005-09-12 00:00:00+09:00,2363.929734753024,2363.929734753024,2274.779099987399,2317.91650390625,8500,0.0,0.0
2005-09-13 00:00:00+09:00,2257.5236264147484,2358.1775460638137,2254.6478001390606,2326.54345703125,12400,0.0,0.0
2005-09-14 00:00:00+09:00,2323.6676307555626,2326.54345703125,2041.83665573818,2326.54345703125,41500,0.0,0.0
2005-09-15 00:00:00+09:00,2326.5440159217983,2346.6748046875,2263.2758226581645,2346.6748046875,10500,0.0,0.0
2005-09-16 00:00:00+09:00,2346.67435546875,2346.67435546875,2271.902868652344,2300.6611328125,4100,0.0,0.0
2005-09-19 00:00:00+09:00,2300.6611328125,2300.6611328125,2300.6611328125,2300.6611328125,0,0.0,0.0
2005-09-20 00:00:00+09:00,2300.661573223039,2352.4264586205577,2266.1516496246936,2346.6748046875,8400,0.0,0.0
2005-09-21 00:00:00+09:00,2349.5506316540286,2352.4264586205577,2300.661573223039,2346.6748046875,24300,0.0,0.0
2005-09-22 00:00:00+09:00,2352.4264871782016,2530.727761267503,2352.4264871782016,2464.583740234375,38300,0.0,0.0
2005-09-23 00:00:00+09:00,2464.583436183666,2496.217529296875,2386.9361167239704,2496.217529296875,46700,0.0,0.0
2005-09-26 00:00:00+09:00,2473.2110040838065,2530.7275390625,2415.6944691051135,2530.7275390625,19400,0.0,0.0
2005-09-27 00:00:00+09:00,2530.7275390625,2559.4858065518465,2464.5835238370028,2530.7275390625,11000,0.0,0.0
2005-09-28 00:00:00+09:00,2622.754016113281,2910.336693318685,2622.754016113281,2760.793701171875,133600,0.0,0.0
2005-09-29 00:00:00+09:00,2760.793701171875,2760.793701171875,2660.139764149984,2760.793701171875,18000,0.0,0.0
2005-09-30 00:00:00+09:00,2809.6829402778226,2875.826960366246,2703.277342744271,2792.427978515625,28400,0.0,0.0
2005-10-03 00:00:00+09:00,2792.427978515625,2792.427978515625,2792.427978515625,2792.427978515625,0,0.0,0.0
2005-10-04 00:00:00+09:00,2734.9107958085697,2870.0746311429575,2734.9107958085697,2812.55810546875,9900,0.0,0.0
2005-10-05 00:00:00+09:00,2789.5509130859377,2875.82568359375,2737.78605078125,2875.82568359375,30100,0.0,0.0
2005-10-06 00:00:00+09:00,2847.0674267578124,2898.8322890625,2789.5509130859377,2875.82568359375,18200,0.0,0.0
2005-10-07 00:00:00+09:00,2904.584660605779,2933.3429245721727,2778.048299153646,2898.8330078125,20700,0.0,0.0
2005-10-10 00:00:00+09:00,2898.833642578125,3134.6514587402344,2783.8005615234374,2990.860107421875,18400,0.0,0.0
2005-10-11 00:00:00+09:00,2990.85984188247,2990.85984188247,2887.3300781249995,2887.330078125,2900,0.0,0.0
2005-10-12 00:00:00+09:00,2933.342197265625,2933.342197265625,2835.5641240234377,2875.82568359375,10300,0.0,0.0
2005-10-13 00:00:00+09:00,2818.310160117574,2904.5849609375,2818.310160117574,2904.5849609375,16900,0.0,0.0
2005-10-14 00:00:00+09:00,2829.8132835659585,2910.33642578125,2824.0616305505805,2910.33642578125,24000,0.0,0.0
2005-10-17 00:00:00+09:00,3048.376295637376,3048.376295637376,2841.3167736695545,2904.5849609375,16500,0.0,0.0
2005-10-18 00:00:00+09:00,2904.5849609375,3048.376295637376,2835.5651202815593,2904.5849609375,92400,0.0,0.0
2005-10-19 00:00:00+09:00,2904.5845109528186,3100.1406958486523,2904.5845109528186,2933.3427734375,31700,0.0,0.0
2005-10-20 00:00:00+09:00,2990.859785791109,3077.134587304314,2990.859785791109,3008.11474609375,10000,0.0,0.0
2005-10-21 00:00:00+09:00,3008.114437980448,3307.2003859249667,2910.3363396139707,3226.67724609375,33400,0.0,0.0
2005-10-24 00:00:00+09:00,3278.4418378940577,3278.4418378940577,3082.885658089851,3272.690185546875,31700,0.0,0.0
2005-10-25 00:00:00+09:00,3272.6904332844156,3272.6904332844156,3123.1474609375,3123.1474609375,10800,0.0,0.0
2005-10-26 00:00:00+09:00,3077.1352289223796,3220.926594759874,3077.1352289223796,3203.671630859375,1500,0.0,0.0
2005-10-27 00:00:00+09:00,3220.925725346601,3220.925725346601,3111.644316808056,3215.174072265625,6700,0.0,0.0
2005-10-28 00:00:00+09:00,3220.925725346601,3220.925725346601,3123.147622970008,3215.174072265625,7400,0.0,0.0
2005-10-31 00:00:00+09:00,3002.3624267578125,3335.958251953125,3002.3624267578125,3335.958251953125,9700,0.0,0.0
2005-11-01 00:00:00+09:00,3364.7174656080165,3364.7174656080165,3117.396352751359,3307.200927734375,11800,0.0,0.0
2005-11-02 00:00:00+09:00,3330.2075428838316,3330.2075428838316,3307.200927734375,3307.200927734375,500,0.0,0.0
2005-11-03 00:00:00+09:00,3307.2003269694865,3307.2003269694865,2967.8528151587043,3295.697021484375,14500,0.0,0.0
2005-11-04 00:00:00+09:00,3197.9189248609296,3307.2003269694865,3180.6639666332626,3295.697021484375,3700,0.0,0.0
2005-11-07 00:00:00+09:00,3324.456215171547,3324.456215171547,3192.168165086866,3289.9462890625,2100,0.0,0.0
2005-11-08 00:00:00+09:00,3278.442578125,3450.9921875,3192.1677734375,3450.9921875,8500,0.0,0.0
2005-11-09 00:00:00+09:00,3376.2199277961613,3376.2199277961613,3220.925314422232,3272.690185546875,4500,0.0,0.0
2005-11-10 00:00:00+09:00,3174.912095644772,3272.6901855468755,3174.912095644772,3272.690185546875,6300,0.0,0.0
2005-11-11 00:00:00+09:00,3203.6708076047807,3272.690645470593,3169.160888671875,3169.160888671875,3100,0.0,0.0
2005-11-14 00:00:00+09:00,3163.409285635318,3209.4225116081952,3048.3762207031245,3048.376220703125,5600,0.0,0.0
2005-11-15 00:00:00+09:00,3059.8798276394773,3100.141404318944,3042.62486620542,3054.128173828125,4300,0.0,0.0
2005-11-16 00:00:00+09:00,3054.127949025371,3054.127949025371,2904.5849609375,2904.5849609375,11900,0.0,0.0
2005-11-17 00:00:00+09:00,2904.584113968532,2904.584113968532,2801.0543831736145,2893.080810546875,61900,0.0,0.0
2005-11-18 00:00:00+09:00,2962.10149481745,2962.10149481745,2847.0684270575493,2904.5849609375,21000,0.0,0.0
2005-11-21 00:00:00+09:00,2904.584889537883,3094.389446676002,2904.584889537883,3048.376220703125,9500,0.0,0.0
2005-11-22 00:00:00+09:00,2962.101837158203,2990.860107421875,2933.3435668945312,2990.860107421875,9800,0.0,0.0
2005-11-23 00:00:00+09:00,2967.8530412946425,3042.624532645089,2910.3365094866067,3019.617919921875,10100,0.0,0.0
2005-11-24 00:00:00+09:00,3019.6181513562965,3134.6512237889174,2967.853268761617,3094.3896484375,12700,0.0,0.0
2005-11-25 00:00:00+09:00,3065.6302847403063,3439.487636537905,3031.1203753436052,3105.891845703125,11400,0.0,0.0
2005-11-28 00:00:00+09:00,3048.3762549284465,3272.690734064691,2950.598148638289,3077.134521484375,12800,0.0,0.0
2005-11-29 00:00:00+09:00,3048.3762207031245,3077.134486936173,2743.5385986328124,3048.376220703125,2300,0.0,0.0
2005-11-30 00:00:00+09:00,3048.3766479492188,3048.3766479492188,2939.0952209472657,2990.860107421875,13500,0.0,0.0
2005-12-01 00:00:00+09:00,2967.8532872920414,3243.9326628540916,2956.349979976956,3197.91943359375,38200,0.0,0.0
2005-12-02 00:00:00+09:00,3197.919312169312,3278.4424603174602,3140.402777777778,3261.1875,19800,0.0,0.0
2005-12-05 00:00:00+09:00,3261.1868985066367,3278.4418556415926,3059.8790652654866,3249.68359375,6500,0.0,0.0
2005-12-06 00:00:00+09:00,3249.684614887589,3433.737548828125,3180.664764659888,3433.737548828125,42300,0.0,0.0
2005-12-07 00:00:00+09:00,3226.6778564453125,3520.01220703125,3226.6778564453125,3520.01220703125,16900,0.0,0.0
2005-12-08 00:00:00+09:00,3537.2669921875,3681.0583333333334,3324.4558072916666,3450.9921875,46500,0.0,0.0
2005-12-09 00:00:00+09:00,3450.991419741982,3508.5079434043487,3163.4088014301506,3497.004638671875,26700,0.0,0.0
2005-12-12 00:00:00+09:00,3364.7163192085595,3497.0043112458193,3312.9514527591973,3439.48779296875,24500,0.0,0.0
2005-12-13 00:00:00+09:00,3473.9995125393907,3623.5425379136027,3416.48296431854,3422.234619140625,28600,0.0,0.0
2005-12-14 00:00:00+09:00,3479.751167361476,3508.509441471901,3387.724690208114,3422.234619140625,29000,0.0,0.0
2005-12-15 00:00:00+09:00,3450.9910966241637,3450.9910966241637,3358.9646673808525,3439.48779296875,20400,0.0,0.0
2005-12-16 00:00:00+09:00,3111.643891105005,3393.474853515625,3111.643891105005,3393.474853515625,18000,0.0,0.0
2005-12-19 00:00:00+09:00,3416.4822558098035,3416.4822558098035,3335.9591049994715,3399.227294921875,17700,0.0,0.0
2005-12-20 00:00:00+09:00,3422.232837485629,3439.48779296875,3393.4745783470944,3439.48779296875,8000,0.0,0.0
2005-12-21 00:00:00+09:00,3439.488204852253,3439.488204852253,3364.7167221380737,3381.9716796875,10700,0.0,0.0
2005-12-22 00:00:00+09:00,3312.9518494897957,3393.4749847204503,3312.9518494897957,3381.9716796875,30100,0.0,0.0
2005-12-23 00:00:00+09:00,3295.697224444654,3376.2203677993225,3295.697224444654,3341.71044921875,6500,0.0,0.0
2005-12-26 00:00:00+09:00,3341.7107682291667,3468.2471484375,3307.2008463541665,3450.9921875,23500,0.0,0.0
2005-12-27 00:00:00+09:00,3450.992536625211,3502.757424674589,3399.2276485758325,3410.73095703125,25700,0.0,0.0
2005-12-28 00:00:00+09:00,3507.6609716796875,3634.8818359375,3453.137744140625,3634.8818359375,36300,300.0,0.0
2005-12-29 00:00:00+09:00,3955.963262513627,3955.963262513627,3628.8238809275076,3646.998291015625,9500,0.0,0.0
2006-01-02 00:00:00+09:00,3646.9981087239585,3653.0562451171872,3525.8353808593747,3634.8818359375,16700,0.0,0.0
2006-01-03 00:00:00+09:00,3580.357520596293,3634.8807315698405,3550.066847833211,3610.648193359375,5100,0.0,0.0
2006-01-04 00:00:00+09:00,3610.6481230137715,3646.9969296212926,3562.1830475370766,3574.29931640625,17600,0.0,0.0
2006-01-05 00:00:00+09:00,3519.7760496397277,3622.764333364126,3519.7760496397277,3586.41552734375,12600,0.0,0.0
2006-01-06 00:00:00+09:00,3574.2999623024125,3640.939453125,3568.2418267730864,3640.939453125,17100,0.0,0.0
2006-01-09 00:00:00+09:00,3580.357821377841,3604.590361624053,3568.241551254735,3598.5322265625,11400,0.0,0.0
2006-01-10 00:00:00+09:00,3634.8806607521187,3634.8806607521187,3537.950509798729,3574.29931640625,11200,0.0,0.0
2006-01-11 00:00:00+09:00,3634.881929177136,3634.881929177136,3574.30056369085,3616.70751953125,9200,0.0,0.0
2006-01-12 00:00:00+09:00,3616.706631747159,3616.706631747159,3562.183416193182,3598.5322265625,5300,0.0,0.0
2006-01-13 00:00:00+09:00,3628.822467700855,3628.822467700855,3519.7760496397277,3586.41552734375,4000,0.0,0.0
2006-01-16 00:00:00+09:00,3586.416292779633,3628.8232421875005,3513.718665223289,3628.8232421875,12000,0.0,0.0
2006-01-17 00:00:00+09:00,3562.1830597434155,3622.764404296875,3562.1830597434155,3622.764404296875,21600,0.0,0.0
2006-01-18 00:00:00+09:00,3574.300293807721,3622.7653825373172,3459.1957080749303,3525.835205078125,26800,0.0,0.0
2006-01-19 00:00:00+09:00,3525.835205078125,3525.835205078125,3513.718932895726,3525.835205078125,2700,0.0,0.0
2006-01-20 00:00:00+09:00,3398.613697972791,3525.834531586746,3398.613697972791,3513.71826171875,1700,0.0,0.0
2006-01-23 00:00:00+09:00,3501.6015188881897,3501.6015188881897,3331.9737636479313,3459.194580078125,2500,0.0,0.0
2006-01-24 00:00:00+09:00,3362.2652928652274,3434.9629208190704,2968.4864747819124,3428.90478515625,17500,0.0,0.0
2006-01-25 00:00:00+09:00,3150.2301230641597,3422.8461914062505,3150.2301230641597,3422.84619140625,1700,0.0,0.0
2006-01-26 00:00:00+09:00,3362.2652304513113,3392.555908203125,3283.509468296596,3392.555908203125,1800,0.0,0.0
2006-01-27 00:00:00+09:00,3277.4516856957835,3507.6608614008474,3277.4516856957835,3416.788818359375,2300,0.0,0.0
2006-01-31 00:00:00+09:00,3338.032189662511,3495.543690445134,3338.032189662511,3447.07861328125,1100,0.0,0.0
2006-02-01 00:00:00+09:00,3344.090823800223,3422.8465859549387,3235.044383893694,3392.555908203125,3200,0.0,0.0
2006-02-02 00:00:00+09:00,3277.4517173423424,3362.265625,3271.393581081081,3362.265625,9100,0.0,0.0
2006-02-03 00:00:00+09:00,3216.870179006594,3325.9166257525803,3210.8120430762615,3301.68408203125,1700,0.0,0.0
2006-02-06 00:00:00+09:00,3295.6253913497217,3301.6835262602913,3265.334716796875,3265.334716796875,800,0.0,0.0
2006-02-07 00:00:00+09:00,3059.3589616982676,3235.044921875,3059.3589616982676,3235.044921875,4000,0.0,0.0
2006-02-08 00:00:00+09:00,3235.044921875,3235.044921875,3235.044921875,3235.044921875,700,0.0,0.0
2006-02-09 00:00:00+09:00,3422.8459382233796,3422.8459382233796,3168.4042932581015,3271.392578125,10,0.0,0.0
2006-02-10 00:00:00+09:00,3265.335604664092,3265.335604664092,3089.6496444873596,3235.044921875,1700,0.0,0.0
2006-02-13 00:00:00+09:00,3132.0560365038696,3228.986203977877,3132.0560365038696,3204.753662109375,1100,0.0,0.0
2006-02-14 00:00:00+09:00,3101.765243902439,3228.986083984375,3101.765243902439,3228.986083984375,3600,0.0,0.0
2006-02-15 00:00:00+09:00,3392.5559383385507,3392.5559383385507,3162.3467853798634,3386.497802734375,3200,0.0,0.0
2006-02-16 00:00:00+09:00,3331.973876953125,3331.973876953125,3331.973876953125,3331.973876953125,1,0.0,0.0
2006-02-17 00:00:00+09:00,3331.974606672336,3331.974606672336,3168.404944162967,3283.509521484375,1100,0.0,0.0
2006-02-20 00:00:00+09:00,3271.3934023795873,3301.68408203125,3186.579499354931,3301.68408203125,1200,0.0,0.0
2006-02-21 00:00:00+09:00,3325.916319573383,3331.9744549460124,3222.9280182386883,3313.800048828125,200,0.0,0.0
2006-02-22 00:00:00+09:00,3307.742493573357,3307.742493573357,3174.463492000804,3295.626220703125,300,0.0,0.0
2006-02-23 00:00:00+09:00,3265.3355385275445,3295.626220703125,3216.8704470466164,3295.626220703125,5100,0.0,0.0
2006-02-24 00:00:00+09:00,3295.6251157407405,3295.6251157407405,3210.811234085648,3271.392578125,200,0.0,0.0
2006-02-27 00:00:00+09:00,3271.393371355135,3271.393371355135,3180.521333261937,3259.277099609375,3700,0.0,0.0
2006-02-28 00:00:00+09:00,3259.276707095995,3289.5673828125005,3180.5209502330804,3289.5673828125,2000,0.0,0.0
2006-03-02 00:00:00+09:00,3313.799834199004,3313.799834199004,3210.811539534684,3307.74169921875,300,0.0,0.0
2006-03-03 00:00:00+09:00,3398.61387076029,3398.61387076029,3089.648973418445,3228.986083984375,6500,0.0,0.0
2006-03-06 00:00:00+09:00,3228.985907333459,3265.334716796875,3228.985907333459,3265.334716796875,700,0.0,0.0
2006-03-07 00:00:00+09:00,3241.1025390625,3241.1025390625,3241.1025390625,3241.1025390625,100,0.0,0.0
2006-03-08 00:00:00+09:00,3119.93964962843,3235.044219226372,3119.93964962843,3228.986083984375,2600,0.0,0.0
2006-03-09 00:00:00+09:00,3210.8120426341366,3253.218994140625,3210.8120426341366,3253.218994140625,100,0.0,0.0
2006-03-10 00:00:00+09:00,3168.4046665604246,3198.6953421489566,3150.230261207306,3192.63720703125,2500,0.0,0.0
2006-03-13 00:00:00+09:00,3180.5209367958373,3192.63720703125,3180.5209367958373,3192.63720703125,700,0.0,0.0
2006-03-14 00:00:00+09:00,3186.580078125,3186.580078125,3186.580078125,3186.580078125,200,0.0,0.0
2006-03-15 00:00:00+09:00,3235.044921875,3235.044921875,3235.044921875,3235.044921875,100,0.0,0.0
2006-03-16 00:00:00+09:00,3210.811797576501,3210.811797576501,3144.1723074381202,3204.753662109375,2100,0.0,0.0
2006-03-17 00:00:00+09:00,3235.0446166992188,3235.0446166992188,3198.69580078125,3198.69580078125,200,0.0,0.0
2006-03-20 00:00:00+09:00,3198.695105698529,3198.695105698529,2998.776661592371,3089.648681640625,20700,0.0,0.0
2006-03-21 00:00:00+09:00,3041.1834072265624,3041.1834072265624,2998.7764672851563,3029.067138671875,3200,0.0,0.0
2006-03-22 00:00:00+09:00,3026.0393852372044,3029.0684536908952,3010.89404296875,3010.89404296875,3000,0.0,0.0
2006-03-23 00:00:00+09:00,2947.2824623919546,2968.4859333444147,2847.3232421875,2847.3232421875,8300,0.0,0.0
2006-03-24 00:00:00+09:00,2847.324036166199,2956.370488615117,2726.1613112229566,2835.207763671875,13400,0.0,0.0
2006-03-27 00:00:00+09:00,2835.207201697254,2989.689645379476,2835.207201697254,2950.311767578125,155400,0.0,0.0
2006-03-28 00:00:00+09:00,2950.3117675781255,2998.7768479490182,2792.8002563727223,2950.311767578125,900,0.0,0.0
2006-03-29 00:00:00+09:00,2877.6147769976264,2877.6147769976264,2756.452049545095,2871.556640625,2700,0.0,0.0
2006-03-30 00:00:00+09:00,2871.556303304904,2871.556303304904,2789.7714718816633,2841.265625,7200,0.0,0.0
2006-03-31 00:00:00+09:00,2895.789077838678,2895.789077838678,2817.0333079393,2892.760009765625,600,0.0,0.0
2006-04-03 00:00:00+09:00,3059.358432041841,3059.358432041841,2792.8004696461157,2904.8759765625,2000,0.0,0.0
2006-04-04 00:00:00+09:00,3026.038216885653,3026.038216885653,2877.6139199613317,2998.776611328125,6600,0.0,0.0
2006-04-05 00:00:00+09:00,3265.334855730509,3265.334855730509,2938.195556640625,2938.195556640625,2500,0.0,0.0
2006-04-06 00:00:00+09:00,2986.660468397733,3023.00927734375,2938.1953898030433,3023.00927734375,2100,0.0,0.0
2006-04-07 00:00:00+09:00,2998.7772570755405,3259.277099609375,2732.2192786688256,3259.277099609375,21600,0.0,0.0
2006-04-10 00:00:00+09:00,3210.811234085648,3271.392578125,2983.6311939380785,3271.392578125,6100,0.0,0.0
2006-04-11 00:00:00+09:00,3331.9744659305084,3331.9744659305084,3035.125831693063,3113.881591796875,4200,0.0,0.0
2006-04-12 00:00:00+09:00,3113.881220320159,3113.881220320159,3029.067334941789,3089.648681640625,700,0.0,0.0
2006-04-13 00:00:00+09:00,3083.591064453125,3083.591064453125,3004.835300527996,3083.591064453125,7300,0.0,0.0
2006-04-14 00:00:00+09:00,3113.8813440326417,3265.334716796875,3029.067455284671,3265.334716796875,15900,0.0,0.0
2006-04-17 00:00:00+09:00,3210.8116052881137,3210.8116052881137,3083.590768097453,3144.172119140625,3000,0.0,0.0
2006-04-18 00:00:00+09:00,3089.649260932877,3089.649260932877,2992.7190880408652,3071.474853515625,19300,0.0,0.0
2006-04-19 00:00:00+09:00,3059.3586425781245,3059.3586425781245,3041.184234800433,3059.358642578125,100,0.0,0.0
2006-04-20 00:00:00+09:00,3065.4158573946943,3077.5321256057405,2926.0787729676626,3047.241455078125,10100,0.0,0.0
2006-04-21 00:00:00+09:00,3047.24237072633,3059.3586425781245,3047.24237072633,3059.358642578125,600,0.0,0.0
2006-04-24 00:00:00+09:00,3059.3580082912067,3089.648681640625,2944.253449563419,3089.648681640625,9000,0.0,0.0
2006-04-25 00:00:00+09:00,2986.6605636354475,3089.6488589332216,2944.2536185128347,3053.300048828125,6200,0.0,0.0
2006-04-26 00:00:00+09:00,3029.0679629486385,3059.3586425781245,3029.0679629486385,3059.358642578125,4500,0.0,0.0
2006-04-27 00:00:00+09:00,3059.3578100585937,3059.3578100585937,2968.485795898437,3029.067138671875,200,0.0,0.0
2006-04-28 00:00:00+09:00,2965.457565307617,3041.1842651367188,2907.9052734375,2907.9052734375,15900,0.0,0.0
2006-05-02 00:00:00+09:00,2859.440185546875,2968.4866333007812,2859.440185546875,2907.9052734375,200,0.0,0.0
2006-05-03 00:00:00+09:00,2859.439580324317,2959.3988029415864,2844.294243564125,2883.672119140625,3800,0.0,0.0
2006-05-04 00:00:00+09:00,2877.614198440776,2889.73046875,2847.323522667715,2889.73046875,5800,0.0,0.0
2006-05-08 00:00:00+09:00,2901.846798930921,2901.846798930921,2817.0329050164473,2877.6142578125,2500,0.0,0.0
2006-05-09 00:00:00+09:00,2895.789126143496,2895.789126143496,2759.481060582348,2835.207763671875,4400,0.0,0.0
2006-05-10 00:00:00+09:00,2835.207763671875,2835.207763671875,2832.178695548294,2835.207763671875,400,0.0,0.0
2006-05-11 00:00:00+09:00,2877.6142369234626,2877.6142369234626,2832.17822265625,2832.17822265625,3,0.0,0.0
2006-05-12 00:00:00+09:00,2829.1491550384358,2832.17822265625,2732.2189912683825,2832.17822265625,3800,0.0,0.0
2006-05-15 00:00:00+09:00,2907.9045877659573,2907.9045877659573,2726.160551030585,2847.3232421875,1300,0.0,0.0
2006-05-16 00:00:00+09:00,2759.4809118783605,2841.265746807796,2683.7542128696236,2817.033203125,300,0.0,0.0
2006-05-17 00:00:00+09:00,2892.759251371343,2892.759251371343,2847.3232421875,2847.3232421875,1000,0.0,0.0
2006-05-18 00:00:00+09:00,2847.323575724371,2920.021198934355,2726.1608703743977,2829.149169921875,7500,0.0,0.0
2006-05-19 00:00:00+09:00,2726.160888671875,2726.160888671875,2723.131821017795,2726.160888671875,2200,0.0,0.0
2006-05-22 00:00:00+09:00,2871.556770907568,2871.556770907568,2604.998758418258,2656.492919921875,2500,0.0,0.0
2006-05-23 00:00:00+09:00,2577.735972783337,2659.520780380458,2577.735972783337,2653.462646484375,4500,0.0,0.0
2006-05-24 00:00:00+09:00,2704.95758812314,2704.95758812314,2514.1263137090773,2544.4169921875,2500,0.0,0.0
2006-05-25 00:00:00+09:00,2526.2425851004464,2589.8530099051336,2441.428685360863,2544.4169921875,4300,0.0,0.0
2006-05-26 00:00:00+09:00,2423.254210505653,2453.544888136974,2362.6728552430122,2411.137939453125,164900,0.0,0.0
2006-05-29 00:00:00+09:00,2538.359156542102,2538.359156542102,2356.6150641882523,2389.934814453125,12700,0.0,0.0
2006-05-30 00:00:00+09:00,2338.440577980324,2532.3009367766203,2302.0917607060187,2453.545166015625,36400,0.0,0.0
2006-05-31 00:00:00+09:00,2453.545166015625,2453.545166015625,2453.545166015625,2453.545166015625,0,0.0,0.0
2006-06-01 00:00:00+09:00,2399.021564640411,2447.4866467543584,2399.021564640411,2432.34130859375,32500,0.0,0.0
2006-06-02 00:00:00+09:00,2474.748815658245,2474.748815658245,2392.963971077128,2420.2255859375,24300,0.0,0.0
2006-06-05 00:00:00+09:00,2374.7889833192567,2374.7889833192567,2199.1030636349237,2241.510009765625,6500,0.0,0.0
2006-06-07 00:00:00+09:00,2183.958023071289,2193.0452270507812,2132.4638671875,2180.928955078125,6600,0.0,0.0
2006-06-08 00:00:00+09:00,2180.928726196289,2359.643719037374,2180.928726196289,2326.323974609375,6100,0.0,0.0
2006-06-09 00:00:00+09:00,2392.9632324218746,2392.9632324218746,2271.800537109375,2271.800537109375,10800,0.0,0.0
2006-06-12 00:00:00+09:00,2350.5567626953125,2405.0799865722656,2177.899887084961,2229.39404296875,11000,0.0,0.0
2006-06-13 00:00:00+09:00,2223.335906982422,2223.335906982422,2132.4638671875,2180.928955078125,3100,0.0,0.0
2006-06-14 00:00:00+09:00,2126.4055077310068,2180.9287258779555,2126.4055077310068,2177.899658203125,10400,0.0,0.0
2006-06-15 00:00:00+09:00,2177.8994202309464,2332.381854767495,2177.8994202309464,2277.858642578125,300,0.0,0.0
2006-06-16 00:00:00+09:00,2253.6264266086328,2362.6728666058248,2196.074138832337,2359.643798828125,25800,0.0,0.0
2006-06-19 00:00:00+09:00,2353.5854927828764,2465.660992439204,2353.5854927828764,2444.45751953125,10500,0.0,0.0
2006-06-20 00:00:00+09:00,2444.457778817075,2444.457778817075,2441.4287109375,2441.4287109375,100,0.0,0.0
2006-06-21 00:00:00+09:00,2417.1958646492617,2417.1958646492617,2150.6379246879396,2153.6669921875,14600,0.0,0.0
2006-06-22 00:00:00+09:00,2153.6672514579664,2171.841658643266,2120.3475049515846,2150.63818359375,40400,0.0,0.0
2006-06-23 00:00:00+09:00,2150.637841796875,2150.637841796875,2029.4751464843748,2120.34716796875,1900,0.0,0.0
2006-06-26 00:00:00+09:00,2120.347487634892,2120.347487634892,2059.7661308453235,2105.2021484375,10500,0.0,0.0
2006-06-27 00:00:00+09:00,2102.173381972684,2141.55126953125,2090.0571088777406,2141.55126953125,49900,0.0,0.0
2006-06-28 00:00:00+09:00,2120.347654886086,2180.92901645426,2120.347654886086,2168.812744140625,1800,0.0,0.0
2006-06-29 00:00:00+09:00,2168.8123595072284,2229.3937103314524,2108.231008683004,2147.60888671875,3900,0.0,0.0
2006-06-30 00:00:00+09:00,2144.5797070312497,2156.6959765624997,2102.1727636718747,2120.34716796875,27400,0.0,0.0
2006-07-03 00:00:00+09:00,2168.812744140625,2168.812744140625,2156.6964718269905,2168.812744140625,1000,0.0,0.0
2006-07-04 00:00:00+09:00,2162.754471982759,2274.829983836207,2132.463793103448,2196.07421875,2900,0.0,0.0
2006-07-05 00:00:00+09:00,2196.0745049039847,2392.9639432746867,2138.522207534087,2235.452392578125,8600,0.0,0.0
2006-07-06 00:00:00+09:00,2190.016065828565,2196.074201556998,2114.2893692231514,2150.63818359375,10000,0.0,0.0
2006-07-07 00:00:00+09:00,2132.4636430806677,2289.9751621718533,2129.434575405837,2177.899658203125,200,0.0,0.0
2006-07-10 00:00:00+09:00,2132.463349858357,2177.89935873318,2090.056408241856,2138.521484375,156500,0.0,0.0
2006-07-11 00:00:00+09:00,2120.347278847849,2174.8704945896507,2090.0566034357366,2147.60888671875,2100,0.0,0.0
2006-07-12 00:00:00+09:00,2144.5797070312497,2144.5797070312497,2114.2890332031247,2120.34716796875,5100,0.0,0.0
2006-07-13 00:00:00+09:00,2120.34716796875,2168.8122460937498,2105.2018310546873,2120.34716796875,6100,0.0,0.0
2006-07-14 00:00:00+09:00,2120.34716796875,2126.405302734375,2096.11462890625,2120.34716796875,8800,0.0,0.0
2006-07-18 00:00:00+09:00,2268.771926879883,2268.771926879883,2077.940643310547,2180.928955078125,600,0.0,0.0
2006-07-19 00:00:00+09:00,2090.056667036885,2199.103101838809,2090.056667036885,2183.957763671875,30,0.0,0.0
2006-07-20 00:00:00+09:00,2183.9580845326686,2183.9580845326686,2120.347654886086,2168.812744140625,2900,0.0,0.0
2006-07-21 00:00:00+09:00,2174.870620450881,2174.870620450881,2099.1439275382454,2171.841552734375,1800,0.0,0.0
2006-07-24 00:00:00+09:00,2077.9401392085697,2141.550551633322,2077.9401392085697,2138.521484375,600,0.0,0.0
2006-07-25 00:00:00+09:00,2147.6087744140623,2147.6087744140623,2120.34716796875,2120.34716796875,500,0.0,0.0
2006-07-26 00:00:00+09:00,2165.78372222344,2165.78372222344,2159.7255859375,2159.7255859375,11,0.0,0.0
2006-07-27 00:00:00+09:00,2120.347700078892,2165.78372222344,2120.347700078892,2159.7255859375,700,0.0,0.0
2006-07-28 00:00:00+09:00,2159.7255859375,2159.7255859375,2159.7255859375,2159.7255859375,30,0.0,0.0
2006-07-31 00:00:00+09:00,2159.725112400698,2159.725112400698,2108.2309652607096,2156.696044921875,1700,0.0,0.0
2006-08-01 00:00:00+09:00,2165.7832919660173,2165.7832919660173,2093.085670976948,2147.60888671875,1200,0.0,0.0
2006-08-02 00:00:00+09:00,2111.2604956499827,2159.7255859375,2111.2604956499827,2159.7255859375,8,0.0,0.0
2006-08-03 00:00:00+09:00,2165.78372222344,2165.78372222344,2159.7255859375,2159.7255859375,81,0.0,0.0
2006-08-04 00:00:00+09:00,2159.7253267517945,2174.870665649072,2159.7253267517945,2162.75439453125,600,0.0,0.0
2006-08-07 00:00:00+09:00,2174.8708802974425,2174.8708802974425,2129.434859121312,2168.812744140625,700,0.0,0.0
2006-08-08 00:00:00+09:00,2096.115234375,2096.115234375,2096.115234375,2096.115234375,700,0.0,0.0
2006-08-09 00:00:00+09:00,2096.1147385181594,2147.60888671875,2096.1147385181594,2147.60888671875,100,0.0,0.0
2006-08-10 00:00:00+09:00,2090.0572627107244,2347.5280849287124,2023.417755783716,2111.2607421875,3600,0.0,0.0
2006-08-11 00:00:00+09:00,2102.1730655363235,2108.231201171875,2102.1730655363235,2108.231201171875,500,0.0,0.0
2006-08-14 00:00:00+09:00,2090.056223625684,2090.056223625684,2074.910888671875,2074.910888671875,18400,0.0,0.0
2006-08-16 00:00:00+09:00,2074.9112961766277,2074.9112961766277,2029.475282391738,2041.591552734375,3900,0.0,0.0
2006-08-17 00:00:00+09:00,2144.5803264992774,2144.5803264992774,2041.592005735188,2096.115234375,2600,0.0,0.0
2006-08-18 00:00:00+09:00,2065.8241821289066,2093.08579157049,1911.341728626598,1999.1846923828125,15800,0.0,0.0
2006-08-21 00:00:00+09:00,1941.6326475455091,1956.7779880099827,1823.4989919226155,1853.7896728515625,11700,0.0,0.0
2006-08-22 00:00:00+09:00,1865.9059452231413,1868.935013316036,1808.353651458142,1853.7896728515625,3700,0.0,0.0
2006-08-23 00:00:00+09:00,1808.3535919189453,1865.9058837890625,1808.3535919189453,1865.9058837890625,28200,0.0,0.0
2006-08-24 00:00:00+09:00,1835.6152038574219,1878.0221557617188,1835.6152038574219,1865.9058837890625,6100,0.0,0.0
2006-08-25 00:00:00+09:00,1999.1846646663646,2090.056694878472,1871.9638223694142,1881.051025390625,5200,0.0,0.0
2006-08-28 00:00:00+09:00,2002.2144477844238,2002.2144477844238,1884.0807662963869,1938.60400390625,12400,0.0,0.0
2006-08-29 00:00:00+09:00,1938.6038544952683,1999.1852249482454,1920.4294433593752,1920.429443359375,2800,0.0,0.0
2006-08-30 00:00:00+09:00,1920.4286763379528,1920.4286763379528,1847.7310608298915,1902.2542724609375,37900,0.0,0.0
2006-08-31 00:00:00+09:00,1878.0225870891907,1993.127197265625,1878.0225870891907,1993.127197265625,4600,0.0,0.0
2006-09-01 00:00:00+09:00,2029.4760215318674,2029.4760215318674,1987.069059887918,1993.127197265625,4200,0.0,0.0
2006-09-04 00:00:00+09:00,1999.18450704435,2077.940260352158,1968.8938326951934,1987.0682373046875,4000,0.0,0.0
2006-09-05 00:00:00+09:00,1987.0685116829127,1990.097579536088,1941.6324938852852,1981.0103759765625,7200,0.0,0.0
2006-09-06 00:00:00+09:00,1981.0104368239183,2053.708067533053,1947.690689415565,1968.8941650390625,1000,0.0,0.0
2006-09-07 00:00:00+09:00,2053.7079762050084,2053.7079762050084,1987.0684843517486,2035.5335693359375,400,0.0,0.0
2006-09-08 00:00:00+09:00,2083.9985752989537,2083.9985752989537,1987.068409005979,2026.4462890625,200,0.0,0.0
2006-09-11 00:00:00+09:00,2029.4748569275282,2059.765526433909,1950.7191162109375,1950.7191162109375,1400,0.0,0.0
2006-09-12 00:00:00+09:00,2020.387656075614,2020.387656075614,1929.5156475564709,1950.7191162109375,2400,0.0,0.0
2006-09-13 00:00:00+09:00,1950.7193896332262,1996.1554002613293,1929.515918006778,1944.6612548828125,3200,0.0,0.0
2006-09-14 00:00:00+09:00,1920.4287158811576,1944.6612548828125,1920.4287158811576,1944.6612548828125,2000,0.0,0.0
2006-09-15 00:00:00+09:00,1932.54511965064,2041.591552734375,1932.54511965064,2041.591552734375,3100,0.0,0.0
2006-09-18 00:00:00+09:00,2050.678568825793,2050.678568825793,1981.0100206972947,2029.47509765625,800,0.0,0.0
2006-09-19 00:00:00+09:00,2053.7076361357276,2053.7076361357276,1962.8356168376865,2029.47509765625,1800,0.0,0.0
2006-09-20 00:00:00+09:00,2065.82432453207,2065.82432453207,1938.6034717016494,2020.3883056640625,4200,0.0,0.0
2006-09-21 00:00:00+09:00,2020.3882302783786,2035.5335693359375,1999.1847555977959,2035.5335693359375,1600,0.0,0.0
2006-09-22 00:00:00+09:00,2038.5625726873227,2059.7660466974435,1999.1846923828127,1999.1846923828125,2900,0.0,0.0
2006-09-25 00:00:00+09:00,1999.1846625106211,2029.4753392153275,1968.8939858059148,2005.2427978515625,1200,0.0,0.0
2006-09-26 00:00:00+09:00,2059.766015920034,2059.766015920034,1981.0102564877973,2005.2427978515625,3800,0.0,0.0
2006-09-27 00:00:00+09:00,2083.998557283799,2083.998557283799,2005.2427978515625,2005.2427978515625,3900,0.0,0.0
2006-09-28 00:00:00+09:00,2002.2134883608533,2090.056440195142,2002.2134883608533,2080.96923828125,7200,0.0,0.0
2006-09-29 00:00:00+09:00,2080.96923828125,2111.2599113275564,2044.6204306256823,2080.96923828125,7700,0.0,0.0
2006-10-02 00:00:00+09:00,2080.9699863622905,2087.0281231493714,1938.603771865889,2077.94091796875,4100,0.0,0.0
2006-10-04 00:00:00+09:00,2005.242895367502,2108.231201171875,2005.242895367502,2108.231201171875,2700,0.0,0.0
2006-10-09 00:00:00+09:00,2108.2315657106165,2108.2315657106165,1859.8479617044804,1990.097900390625,8100,0.0,0.0
2006-10-10 00:00:00+09:00,1959.8066112829836,1965.8647460937502,1884.0799261484015,1965.86474609375,2900,0.0,0.0
2006-10-11 00:00:00+09:00,1965.8651725088052,2002.2139892578125,1965.8651725088052,2002.2139892578125,2200,0.0,0.0
2006-10-12 00:00:00+09:00,1999.18492175536,1999.18492175536,1977.9814453125,1977.9814453125,2400,0.0,0.0
2006-10-13 00:00:00+09:00,1981.0105133757659,1981.0105133757659,1965.8651730594372,1977.9814453125,1800,0.0,0.0
2006-10-16 00:00:00+09:00,1953.748664342769,2029.4753567591554,1950.7195966461136,2026.4462890625,1300,0.0,0.0
2006-10-17 00:00:00+09:00,2026.445966290998,2026.445966290998,1941.6320842937664,2017.3587646484375,1600,0.0,0.0
2006-10-18 00:00:00+09:00,2017.3587646484375,2017.3587646484375,2014.3296974342506,2017.3587646484375,2500,0.0,0.0
2006-10-19 00:00:00+09:00,2017.3589827859191,2090.0566037872136,2017.3589827859191,2047.649658203125,4300,0.0,0.0
2006-10-20 00:00:00+09:00,2090.056223625684,2090.056223625684,1996.1551469120666,2074.910888671875,5700,0.0,0.0
2006-10-23 00:00:00+09:00,2059.7666173831003,2080.970097267926,2029.4759318333486,2056.737548828125,1100,0.0,0.0
2006-10-24 00:00:00+09:00,2114.288978632187,2114.288978632187,2014.3297575793758,2080.96923828125,1000,0.0,0.0
2006-10-25 00:00:00+09:00,2090.05669262474,2090.05669262474,1999.1846625106211,2005.2427978515625,1600,0.0,0.0
2006-10-26 00:00:00+09:00,2120.347401012074,2120.347401012074,1981.0102860884235,1999.1846923828125,2400,0.0,0.0
2006-10-27 00:00:00+09:00,2059.7659283700073,2059.7659283700073,1971.92296966011,2047.649658203125,1000,0.0,0.0
2006-10-30 00:00:00+09:00,1996.1557013280071,2047.6498544730393,1950.7196838470966,2008.27197265625,600,0.0,0.0
2006-10-31 00:00:00+09:00,1971.9233804141775,2059.766357421875,1971.9233804141775,2059.766357421875,400,0.0,0.0
2006-11-01 00:00:00+09:00,1977.981561432561,2059.7664039420238,1977.981561432561,2050.67919921875,4400,0.0,0.0
2006-11-02 00:00:00+09:00,2050.679411718175,2059.7666173831003,2002.2143148385724,2056.737548828125,1000,0.0,0.0
2006-11-03 00:00:00+09:00,2059.765526433909,2059.765526433909,1938.6028484083852,1950.7191162109375,12700,0.0,0.0
2006-11-06 00:00:00+09:00,1996.1558847266224,1996.1558847266224,1938.6035906298002,1971.92333984375,14700,0.0,0.0
2006-11-07 00:00:00+09:00,1971.92296966011,2047.649658203125,1968.8939021183894,2047.649658203125,6200,0.0,0.0
2006-11-08 00:00:00+09:00,1999.1846065351447,2059.765958248331,1977.9811334355295,2041.591552734375,2600,0.0,0.0
2006-11-09 00:00:00+09:00,2050.6787257448455,2059.7659283700073,2047.649658203125,2047.649658203125,2300,0.0,0.0
2006-11-10 00:00:00+09:00,2047.6501620370373,2047.6501620370373,1968.8943865740741,2044.62109375,7400,0.0,0.0
2006-11-13 00:00:00+09:00,2147.6093829336687,2147.6093829336687,1987.0687661558345,2050.67919921875,200,0.0,0.0
2006-11-14 00:00:00+09:00,2050.6788649998857,2114.2892876955984,2050.6788649998857,2068.853271484375,500,0.0,0.0
2006-11-15 00:00:00+09:00,2108.230847714552,2108.230847714552,1941.6321456681437,2029.47509765625,7600,0.0,0.0
2006-11-16 00:00:00+09:00,1971.9233398437498,2014.3302933887767,1971.9233398437498,1971.92333984375,200,0.0,0.0
2006-11-17 00:00:00+09:00,1947.6907196044922,1993.1267395019531,1938.603515625,1962.8360595703125,3000,0.0,0.0
2006-11-20 00:00:00+09:00,1941.6322121921974,1947.69034701963,1887.1089987453024,1914.37060546875,14000,0.0,0.0
2006-11-21 00:00:00+09:00,1926.4872882369832,2199.103413930896,1923.4582201737176,1977.9814453125,44200,0.0,0.0
2006-11-22 00:00:00+09:00,1968.8946477547968,2059.7667084204027,1962.8365103770896,1993.127197265625,14800,0.0,0.0
2006-11-23 00:00:00+09:00,1968.8946914672852,2023.4179290771485,1890.1389038085938,1938.60400390625,4000,0.0,0.0
2006-11-24 00:00:00+09:00,1938.6034855769233,1968.8941650390627,1902.2546702223558,1968.8941650390625,1700,0.0,0.0
2006-11-27 00:00:00+09:00,1914.3709716796875,1984.039535522461,1914.3709716796875,1962.8360595703125,1400,0.0,0.0
2006-11-28 00:00:00+09:00,1956.7777443625712,1999.1846923828127,1932.5452026367188,1999.1846923828125,5800,0.0,0.0
2006-11-29 00:00:00+09:00,2029.4757215311115,2050.67919921875,1962.8362202271048,2050.67919921875,7300,0.0,0.0
2006-11-30 00:00:00+09:00,2059.766143528761,2059.766143528761,2035.5336006637167,2053.7080078125,3600,0.0,0.0
2006-12-01 00:00:00+09:00,2047.6500847311581,2083.9989028033087,2047.6500847311581,2059.766357421875,900,0.0,0.0
2006-12-04 00:00:00+09:00,2050.678568825793,2053.7076361357276,1968.893751457556,2029.47509765625,7200,0.0,0.0
2006-12-05 00:00:00+09:00,2029.4754187029857,2041.5916898594216,2008.2719441792233,2038.5626220703125,6100,0.0,0.0
2006-12-06 00:00:00+09:00,2038.5624074012085,2038.5624074012085,1987.0682604089045,2032.5042724609375,6700,0.0,0.0
2006-12-07 00:00:00+09:00,2032.5047640967914,2032.5047640967914,1981.0106046487356,1984.0396728515625,2300,0.0,0.0
2006-12-08 00:00:00+09:00,1953.7493476867676,1984.0400352478027,1926.487728881836,1938.60400390625,1200,0.0,0.0
2006-12-11 00:00:00+09:00,1938.6031394453007,1965.8647460937502,1938.6031394453007,1965.86474609375,300,0.0,0.0
2006-12-12 00:00:00+09:00,1987.068253968254,1987.068253968254,1838.6439484126986,1908.3125,3800,0.0,0.0
2006-12-13 00:00:00+09:00,1902.2546997070312,1902.2546997070312,1853.7896118164062,1865.9058837890625,1600,0.0,0.0
2006-12-14 00:00:00+09:00,1874.9927830849927,1902.254390593498,1820.4695680679815,1878.0218505859375,7400,0.0,0.0
2006-12-15 00:00:00+09:00,1865.905522273137,1890.1380615234375,1865.905522273137,1890.1380615234375,4600,0.0,0.0
2006-12-18 00:00:00+09:00,1881.050508894086,1923.4574446823585,1862.8761078419693,1887.108642578125,16000,0.0,0.0
2006-12-19 00:00:00+09:00,1887.1091607380986,1929.5161081704155,1850.7603486532557,1881.051025390625,700,0.0,0.0
2006-12-20 00:00:00+09:00,1935.574447631836,1935.574447631836,1820.4698638916016,1865.9058837890625,7900,0.0,0.0
2006-12-21 00:00:00+09:00,1865.9058837890625,1899.2256317138672,1823.4989318847656,1865.9058837890625,18900,0.0,0.0
2006-12-22 00:00:00+09:00,2114.2890873015876,2114.2890873015876,1865.9055555555558,1908.3125,24400,0.0,0.0
2006-12-26 00:00:00+09:00,1993.127198034572,1993.127198034572,1884.0807251937747,1923.4586181640625,100,0.0,0.0
2006-12-27 00:00:00+09:00,2009.2979551131727,2009.2979551131727,1869.4101227951671,1948.891845703125,200,150.0,0.0
2006-12-28 00:00:00+09:00,1952.0712004599595,2031.5529268630523,1907.5614336742274,2006.1187744140625,3400,0.0,0.0
2007-01-02 00:00:00+09:00,1977.5052659499897,2018.8357618621276,1926.6369632888966,1948.891845703125,4700,0.0,0.0
2007-01-03 00:00:00+09:00,1948.8924045936733,1948.8924045936733,1929.8167856253829,1945.713134765625,6700,0.0,0.0
2007-01-04 00:00:00+09:00,1945.7125408115674,1952.0710785266378,1888.4857013759329,1917.09912109375,4000,0.0,0.0
2007-01-05 00:00:00+09:00,1929.816023402222,1936.1745605468752,1898.0233376789563,1936.174560546875,6100,0.0,0.0
2007-01-08 00:00:00+09:00,1936.1750306474403,1942.5335693359375,1913.9201452376994,1942.5335693359375,2700,0.0,0.0
2007-01-09 00:00:00+09:00,1920.2786286182893,1983.8640136718752,1920.2786286182893,1983.864013671875,1300,0.0,0.0
2007-01-10 00:00:00+09:00,1983.8644056831624,2015.6571044921875,1983.8644056831624,2015.6571044921875,3600,0.0,0.0
2007-01-11 00:00:00+09:00,2009.298235987103,2009.298235987103,1952.0713874937994,2002.939697265625,700,0.0,0.0
2007-01-12 00:00:00+09:00,2015.6568788938887,2015.6568788938887,2002.9398007936118,2009.29833984375,2700,0.0,0.0
2007-01-15 00:00:00+09:00,1952.0712859524283,2002.9395930782243,1952.0712859524283,1996.5810546875,200,0.0,0.0
2007-01-16 00:00:00+09:00,1942.5335133870444,2012.4774369459888,1942.5335133870444,1983.864013671875,4100,0.0,0.0
2007-01-17 00:00:00+09:00,1983.8641836431964,2018.8361484189577,1971.1471055429195,2009.29833984375,1500,0.0,0.0
2007-01-18 00:00:00+09:00,2015.6569678852575,2082.421630859375,2009.2984285543891,2082.421630859375,8500,0.0,0.0
2007-01-19 00:00:00+09:00,2069.704415940505,2072.883685396635,2034.7324519230772,2066.525146484375,11500,0.0,0.0
2007-01-22 00:00:00+09:00,2034.7324159021407,2082.4214568998473,2034.7324159021407,2079.2421875,1500,0.0,0.0
2007-01-23 00:00:00+09:00,2047.4493408203125,2079.242032447957,1942.5334584490852,2047.4493408203125,9400,0.0,0.0
2007-01-24 00:00:00+09:00,2060.1669921875,2060.1669921875,2060.1669921875,2060.1669921875,11,0.0,0.0
2007-01-25 00:00:00+09:00,2082.421630859375,2082.421630859375,2082.421630859375,2082.421630859375,4,0.0,0.0
2007-01-26 00:00:00+09:00,2037.9115496196073,2098.3176641949153,2034.732280431433,2063.345703125,100,0.0,0.0
2007-01-29 00:00:00+09:00,2079.242091252254,2079.242091252254,1894.844474596855,1983.864013671875,2500,0.0,0.0
2007-01-30 00:00:00+09:00,2053.807792687949,2053.807792687949,1990.222412109375,1990.222412109375,3500,0.0,0.0
2007-01-31 00:00:00+09:00,1990.2229048665365,1990.2229048665365,1907.5618896484375,1907.5618896484375,6800,0.0,0.0
2007-02-01 00:00:00+09:00,1907.5618896484375,1926.637508544922,1847.1557631429037,1907.5618896484375,4300,0.0,0.0
2007-02-02 00:00:00+09:00,1882.1274667715097,1958.429931640625,1882.1274667715097,1958.429931640625,2100,0.0,0.0
2007-02-05 00:00:00+09:00,1964.7885633411975,1967.9678328611672,1920.2787900616236,1926.6373291015625,10900,0.0,0.0
2007-02-06 00:00:00+09:00,1926.6373764187197,1964.788611595328,1926.6373764187197,1952.071533203125,7600,0.0,0.0
2007-02-07 00:00:00+09:00,1926.6371805442955,2028.3737973387138,1913.9201034449932,2022.0152587890625,25800,0.0,0.0
2007-02-08 00:00:00+09:00,1958.430114454988,1999.7606201171875,1926.6374177917576,1999.7606201171875,5800,0.0,0.0
2007-02-09 00:00:00+09:00,1996.581148188165,1996.581148188165,1913.9201452376994,1942.5335693359375,33200,0.0,0.0
2007-02-12 00:00:00+09:00,1939.3538291192017,1952.070903408508,1910.7404119682626,1936.174560546875,69900,0.0,0.0
2007-02-13 00:00:00+09:00,1948.8919867711352,1948.8919867711352,1910.7407570137884,1920.278564453125,55100,0.0,0.0
2007-02-14 00:00:00+09:00,1939.3546886444092,2034.7327880859375,1920.2790687561035,2034.7327880859375,90800,0.0,0.0
2007-02-15 00:00:00+09:00,2015.6570066406248,2015.6570066406248,1961.6094212890623,1987.0435791015625,30100,0.0,0.0
2007-02-16 00:00:00+09:00,2047.4495741445808,2053.808113194719,1974.3263750679887,2009.29833984375,84600,0.0,0.0
2007-02-20 00:00:00+09:00,2034.732273391813,2276.356730857091,1983.8639665570176,2174.6201171875,257900,0.0,0.0
2007-02-21 00:00:00+09:00,2238.2052834084084,2241.3845522768866,2076.0625711160383,2117.39306640625,57700,0.0,0.0
2007-02-22 00:00:00+09:00,2034.7324402429467,2037.9117096808263,1958.4299737338363,2028.3739013671875,150400,0.0,0.0
2007-02-23 00:00:00+09:00,2028.3739702367072,2130.110595703125,2015.656892053405,2130.110595703125,131600,0.0,0.0
2007-02-26 00:00:00+09:00,2130.1103390521885,2130.1103390521885,2006.1188417043745,2047.4493408203125,59800,0.0,0.0
2007-02-27 00:00:00+09:00,2034.7323217147436,2072.883552746895,1980.6847444191958,1983.864013671875,31500,0.0,0.0
2007-02-28 00:00:00+09:00,1955.250732421875,1990.222696741616,1913.9202291349086,1955.250732421875,35300,0.0,0.0
2007-03-01 00:00:00+09:00,1955.250732421875,1955.250732421875,1955.250732421875,1955.250732421875,0,0.0,0.0
2007-03-05 00:00:00+09:00,1907.5613839285716,1936.1748046875002,1859.8723493303573,1869.41015625,19200,0.0,0.0
2007-03-06 00:00:00+09:00,1910.7407062834918,1910.7407062834918,1850.3345941048124,1872.5894775390625,23200,0.0,0.0
2007-03-07 00:00:00+09:00,1875.7687643073891,1913.9199934119463,1866.2309570312498,1866.23095703125,20100,0.0,0.0
2007-03-08 00:00:00+09:00,1872.5894580390125,2002.93948822509,1853.5138438654403,1990.222412109375,57800,0.0,0.0
2007-03-09 00:00:00+09:00,1847.1553802758403,1891.6651484752583,1802.6456120764226,1809.004150390625,29000,0.0,0.0
2007-03-12 00:00:00+09:00,1834.4386692047117,1843.97647857666,1786.7496223449705,1831.2593994140625,18800,0.0,0.0
2007-03-13 00:00:00+09:00,1818.542301375973,1863.0520779830774,1812.1837618606726,1837.617919921875,38900,0.0,0.0
2007-03-14 00:00:00+09:00,1821.721287576035,1834.4383646271765,1719.9846711669022,1723.1639404296875,17000,0.0,0.0
2007-03-15 00:00:00+09:00,1748.5979352678573,1774.0320870535716,1694.5503627232144,1735.880859375,15800,0.0,0.0
2007-03-16 00:00:00+09:00,1735.880703568892,1767.6733904474431,1694.5502106267754,1748.5977783203125,18100,0.0,0.0
2007-03-19 00:00:00+09:00,1745.419105459791,1748.5983752329416,1713.6264077282829,1732.7020263671875,29200,0.0,0.0
2007-03-20 00:00:00+09:00,1716.805527161215,1754.9567610981308,1665.937215245327,1700.9091796875,92800,0.0,0.0
2007-03-21 00:00:00+09:00,1707.2678737711285,1723.164222688923,1694.5507946368928,1710.4471435546875,25000,0.0,0.0
2007-03-22 00:00:00+09:00,1723.1641328991452,1748.598289842306,1713.62632404546,1719.98486328125,11500,0.0,0.0
2007-03-23 00:00:00+09:00,1704.0885984088304,1748.5983752329416,1704.0885984088304,1732.7020263671875,11600,0.0,0.0
2007-03-26 00:00:00+09:00,1719.9849472745843,1754.9569147792433,1716.8056775014336,1732.7020263671875,14300,0.0,0.0
2007-03-27 00:00:00+09:00,1748.5982853130702,1748.5982853130702,1723.164128435789,1742.23974609375,7700,0.0,0.0
2007-03-28 00:00:00+09:00,1732.702034037674,1774.0325412716,1732.702034037674,1770.853271484375,12700,0.0,0.0
2007-03-29 00:00:00+09:00,1770.853342179772,1777.2118820080655,1758.1362625231848,1767.674072265625,15800,0.0,0.0
2007-03-30 00:00:00+09:00,1767.6737375427895,1809.0042386004445,1767.6737375427895,1799.4664306640625,14700,0.0,0.0
2007-04-02 00:00:00+09:00,1818.5417824328786,1818.5417824328786,1780.390556227993,1805.82470703125,26200,0.0,0.0
2007-04-03 00:00:00+09:00,1805.82470703125,1818.5417824328786,1783.5698250784,1805.82470703125,22500,0.0,0.0
2007-04-04 00:00:00+09:00,1812.1834389822825,1812.1834389822825,1780.3907470703125,1780.3907470703125,21000,0.0,0.0
2007-04-05 00:00:00+09:00,1780.390887516801,1805.8250430527553,1748.598193096858,1774.0323486328125,14000,0.0,0.0
2007-04-06 00:00:00+09:00,1774.0323486328123,1796.2872347267723,1754.9567319808466,1774.0323486328125,26600,0.0,0.0
2007-04-09 00:00:00+09:00,1770.8532906197213,1770.8532906197213,1739.0605924039273,1764.4947509765625,13800,0.0,0.0
2007-04-10 00:00:00+09:00,1739.060302734375,1764.4944570705266,1732.7017641503369,1739.060302734375,26200,0.0,0.0
2007-04-11 00:00:00+09:00,1739.0599990068854,1885.3063608977752,1739.0599990068854,1875.7685546875,258800,0.0,0.0
2007-04-12 00:00:00+09:00,1888.4863689422607,2047.4498680114746,1875.7692890167236,2034.7327880859375,125700,0.0,0.0
2007-04-13 00:00:00+09:00,1980.6842041015625,2002.939082799333,1907.56103123746,1980.6842041015625,38200,0.0,0.0
2007-04-16 00:00:00+09:00,1980.6845352665068,1980.6845352665068,1910.7406190933718,1971.146728515625,44700,0.0,0.0
2007-04-17 00:00:00+09:00,1977.505590361114,2060.1665957459836,1920.278740479281,2028.3739013671875,30200,0.0,0.0
2007-04-18 00:00:00+09:00,2034.7325093283582,2136.4691347947764,1983.8641965951495,2130.110595703125,91700,0.0,0.0
2007-04-19 00:00:00+09:00,2289.0743455762986,2448.037841796875,2206.413327541599,2448.037841796875,54600,0.0,0.0
2007-04-20 00:00:00+09:00,2813.6533203125005,2813.6533203125005,2813.6533203125005,2813.6533203125,12600,0.0,0.0
2007-04-23 00:00:00+09:00,2912.210570996328,2912.210570996328,2619.7178062237713,2651.510498046875,136900,0.0,0.0
2007-04-24 00:00:00+09:00,2578.3876396137507,2626.076683503031,2289.0741066854507,2327.225341796875,117000,0.0,0.0
2007-04-25 00:00:00+09:00,2352.6592836611353,2393.9897845903174,2244.564127384813,2359.017822265625,100700,0.0,0.0
2007-04-26 00:00:00+09:00,2378.0933979235197,2416.24462890625,2250.9226279810855,2416.24462890625,121600,0.0,0.0
2007-04-27 00:00:00+09:00,2384.4520814957154,2511.622859175487,2365.37646484375,2365.37646484375,56500,0.0,0.0
2007-04-30 00:00:00+09:00,2371.7348274739584,2416.244596354167,2273.177482096354,2384.451904296875,32200,0.0,0.0
2007-05-02 00:00:00+09:00,2416.244521722561,2670.5860503249355,2368.5554851096153,2476.650634765625,94700,0.0,0.0
2007-05-03 00:00:00+09:00,2448.0374295064153,2619.7179765107617,2397.1691192829057,2400.348388671875,35200,0.0,0.0
2007-05-04 00:00:00+09:00,2371.73499412786,2432.14111328125,2320.8666832618464,2432.14111328125,46900,0.0,0.0
2007-05-07 00:00:00+09:00,2362.197471526732,2470.2926451901358,2362.197471526732,2374.91455078125,19500,0.0,0.0
2007-05-08 00:00:00+09:00,2403.5274481056235,2444.857946551884,2355.838411436861,2409.885986328125,14600,0.0,0.0
2007-05-09 00:00:00+09:00,2470.292171180957,2470.292171180957,2365.376287462847,2406.706787109375,8500,0.0,0.0
2007-05-10 00:00:00+09:00,2359.0177573418023,2416.2446032072367,2295.432373046875,2295.432373046875,27700,0.0,0.0
2007-05-11 00:00:00+09:00,2244.5639634874133,2339.942035590278,2238.2054253472224,2289.07373046875,30000,0.0,0.0
2007-05-14 00:00:00+09:00,2263.639973089119,2400.348566969501,2212.771659087116,2381.27294921875,50800,0.0,0.0
2007-05-15 00:00:00+09:00,2384.452339067851,2416.2450369220887,2295.4327850759846,2320.866943359375,4200,0.0,0.0
2007-05-16 00:00:00+09:00,2320.8667655613112,2352.6594609799595,2295.4326092263927,2339.9423828125,9000,0.0,0.0
2007-05-17 00:00:00+09:00,2339.941999741022,2384.4517660404435,2250.922467142179,2301.790771484375,19000,0.0,0.0
2007-05-18 00:00:00+09:00,2298.611789087398,2298.611789087398,2228.6678618952506,2244.564208984375,41600,0.0,0.0
2007-05-21 00:00:00+09:00,2231.8473188661624,2244.5643976061406,2120.5728798913538,2180.97900390625,18800,0.0,0.0
2007-05-22 00:00:00+09:00,2158.723598491282,2333.5833892379983,2158.723598491282,2193.695556640625,11600,0.0,0.0
2007-05-23 00:00:00+09:00,2225.4885924774258,2279.5361725804487,2193.695898299177,2244.564208984375,1500,0.0,0.0
2007-05-25 00:00:00+09:00,2339.9418550531914,2339.9418550531914,2200.054026761968,2241.384521484375,7000,0.0,0.0
2007-05-28 00:00:00+09:00,2235.025984860538,2282.715017254433,2225.488178381759,2263.639404296875,37300,0.0,0.0
2007-05-29 00:00:00+09:00,2257.2810051849533,2301.790771484375,2238.2053910566297,2301.790771484375,20300,0.0,0.0
2007-05-30 00:00:00+09:00,2298.611603937922,2378.093332981419,2289.073796452703,2352.6591796875,27900,0.0,0.0
2007-05-31 00:00:00+09:00,2343.121958258213,2498.9061861478363,2343.121958258213,2479.83056640625,37800,0.0,0.0
2007-06-01 00:00:00+09:00,2537.0569947220897,2565.670419474595,2454.3959898815206,2498.90576171875,38000,0.0,0.0
2007-06-04 00:00:00+09:00,2543.4159655448716,2543.4159655448716,2467.113486578525,2479.83056640625,13800,0.0,0.0
2007-06-05 00:00:00+09:00,2479.83056640625,2505.2647260616986,2448.037866836939,2479.83056640625,13400,0.0,0.0
2007-06-07 00:00:00+09:00,2479.83056640625,2562.4915852864583,2295.4329089042467,2479.83056640625,46800,0.0,0.0
2007-06-08 00:00:00+09:00,2479.830247908074,2505.264404296875,2448.037552422073,2505.264404296875,28800,0.0,0.0
2007-06-11 00:00:00+09:00,2575.2085728062657,2575.2085728062657,2479.8304775171446,2549.7744140625,26300,0.0,0.0
2007-06-12 00:00:00+09:00,2556.1321540777894,2664.227294921875,2556.1321540777894,2664.227294921875,25200,0.0,0.0
2007-06-13 00:00:00+09:00,2699.1996050153457,2705.5581435430618,2546.5946803501674,2670.586181640625,16100,0.0,0.0
2007-06-14 00:00:00+09:00,2638.7931771627286,2683.302941596799,2543.4151105182927,2607.00048828125,22400,0.0,0.0
2007-06-15 00:00:00+09:00,2607.001013662301,2613.3595527200137,2556.1327012005972,2594.283935546875,18800,0.0,0.0
2007-06-18 00:00:00+09:00,2581.566992663292,2702.379241088421,2581.566992663292,2610.180419921875,16900,0.0,0.0
2007-06-19 00:00:00+09:00,2610.180340780596,2670.5864631616328,2597.4632623845882,2657.869384765625,52700,0.0,0.0
2007-06-20 00:00:00+09:00,2657.868826477786,2657.868826477786,2603.821254647496,2638.793212890625,14600,0.0,0.0
2007-06-21 00:00:00+09:00,2638.793212890625,2648.3310196842053,2603.821254647496,2638.793212890625,22800,0.0,0.0
2007-06-22 00:00:00+09:00,2622.8970768662143,2670.5861146274183,2619.717807682134,2629.255615234375,24800,0.0,0.0
2007-06-25 00:00:00+09:00,2661.048656566723,2848.625563063063,2632.435230152027,2823.19140625,48200,0.0,0.0
2007-06-26 00:00:00+09:00,2689.6621273810333,2988.5134748678147,2689.6621273810333,2931.28662109375,52900,0.0,0.0
2007-06-27 00:00:00+09:00,2988.5134748678147,2988.5134748678147,2829.54999216208,2931.28662109375,15100,0.0,0.0
2007-06-28 00:00:00+09:00,2988.513119904891,2988.513119904891,2797.7569633152175,2924.927734375,12200,0.0,0.0
2007-06-29 00:00:00+09:00,2924.9281737240135,2982.155029296875,2912.211094707822,2982.155029296875,11200,0.0,0.0
2007-07-02 00:00:00+09:00,3007.5892115245665,3331.874729046243,2918.569657695087,3300.08203125,34200,0.0,0.0
2007-07-03 00:00:00+09:00,3306.440712475869,3427.2529692778717,3242.8553141590255,3293.7236328125,31300,0.0,0.0
2007-07-04 00:00:00+09:00,3242.854664130897,3344.5912810448076,3179.2692785597033,3268.288818359375,32300,0.0,0.0
2007-07-05 00:00:00+09:00,3268.288832195498,3624.3669929016223,3268.288832195498,3478.12060546875,20200,0.0,0.0
2007-07-06 00:00:00+09:00,3497.1962212208637,3618.0084543175844,3344.591295203953,3478.12060546875,9900,0.0,0.0
2007-07-09 00:00:00+09:00,3465.4037640843585,3560.7818493343866,3465.4037640843585,3522.630615234375,17800,0.0,0.0
2007-07-10 00:00:00+09:00,3439.969909777547,3554.42362211765,3414.5357514797465,3541.70654296875,7900,0.0,0.0
2007-07-11 00:00:00+09:00,3541.706158381636,3751.5379415532593,3528.989080613659,3548.064697265625,15800,0.0,0.0
2007-07-12 00:00:00+09:00,3497.1961103166855,3573.498570905413,3497.1961103166855,3560.781494140625,3800,0.0,0.0
2007-07-13 00:00:00+09:00,3649.802286214762,4075.824504292095,3503.5558531434385,3637.085205078125,49000,0.0,0.0
2007-07-16 00:00:00+09:00,3656.15987808978,3942.2941294185453,3637.0842613345285,3878.708740234375,47800,0.0,0.0
2007-07-18 00:00:00+09:00,3974.086326240693,3974.086326240693,3789.688720703125,3789.688720703125,21900,0.0,0.0
2007-07-19 00:00:00+09:00,3751.538281576064,3815.1236761790483,3719.745584274572,3808.76513671875,31800,0.0,0.0
2007-07-20 00:00:00+09:00,3687.95173463983,3808.7639466366522,3687.95173463983,3751.537109375,5400,0.0,0.0
2007-07-23 00:00:00+09:00,3840.556634004237,3840.556634004237,3707.027347060381,3751.537109375,7600,0.0,0.0
2007-07-24 00:00:00+09:00,3745.178850446429,3757.895926339286,3668.876395089286,3738.8203125,21800,0.0,0.0
2007-07-25 00:00:00+09:00,3681.593470982143,4260.220424107143,3681.593470982143,3738.8203125,27200,0.0,0.0
2007-07-26 00:00:00+09:00,3929.5761586334743,3929.5761586334743,3707.027347060381,3751.537109375,19400,0.0,0.0
2007-07-27 00:00:00+09:00,3923.219685120142,3935.9367667574843,3624.368266642595,3783.331787109375,53400,0.0,0.0
2007-07-30 00:00:00+09:00,3910.5009463039846,3910.5009463039846,3579.856963852266,3745.178955078125,9000,0.0,0.0
2007-07-31 00:00:00+09:00,3643.442761040722,3738.820843790479,3643.442761040722,3681.593994140625,4600,0.0,0.0
2007-08-01 00:00:00+09:00,3802.405796947095,3808.76433506908,3681.5935726293783,3789.688720703125,27200,0.0,0.0
2007-08-02 00:00:00+09:00,3751.539083016019,3878.7098993894433,3751.539083016019,3783.331787109375,3200,0.0,0.0
2007-08-03 00:00:00+09:00,3783.3304624204284,3878.708541304977,3249.213220666956,3776.971923828125,1200,0.0,0.0
2007-08-06 00:00:00+09:00,3859.6340104923693,3872.351091251817,3719.7461221384447,3827.84130859375,9500,0.0,0.0
2007-08-07 00:00:00+09:00,3726.104224446615,3935.9360323079427,3726.104224446615,3815.123779296875,12800,0.0,0.0
2007-08-08 00:00:00+09:00,3865.9919918614355,3865.9919918614355,3732.4626631951687,3808.76513671875,2100,0.0,0.0
2007-08-09 00:00:00+09:00,3929.577678431219,3929.577678431219,3732.462940516384,3796.04833984375,97,0.0,0.0
2007-08-10 00:00:00+09:00,3796.046868299743,3878.707855381647,3382.741932890223,3707.02734375,15400,0.0,0.0
2007-08-13 00:00:00+09:00,3707.02734375,3707.02734375,3707.02734375,3707.02734375,0,0.0,0.0
2007-08-14 00:00:00+09:00,3872.350134257233,3904.142828298754,3815.1232849824955,3859.633056640625,44600,0.0,0.0
2007-08-16 00:00:00+09:00,3668.876497589267,3859.6326413114125,3668.876497589267,3745.178955078125,26700,0.0,0.0
2007-08-17 00:00:00+09:00,3815.1225928877507,3846.9152811618155,3687.9518397914926,3802.405517578125,22700,0.0,0.0
2007-08-20 00:00:00+09:00,3630.7254073492627,3802.40594324844,3630.7254073492627,3694.310791015625,10600,0.0,0.0
2007-08-21 00:00:00+09:00,3808.764481615076,3808.764481615076,3503.554640016539,3694.310791015625,5700,0.0,0.0
2007-08-22 00:00:00+09:00,3700.6691882096247,3789.6887219466257,3694.310650085553,3745.178955078125,6100,0.0,0.0
2007-08-23 00:00:00+09:00,3719.744837694314,3776.9716813511495,3579.8569976442714,3732.4619140625,3400,0.0,0.0
2007-08-24 00:00:00+09:00,3808.765004973387,3808.765004973387,3503.5551214362877,3770.61376953125,10800,0.0,0.0
2007-08-27 00:00:00+09:00,3923.21895304362,3923.21895304362,3707.02860555013,3815.123779296875,12300,0.0,0.0
2007-08-28 00:00:00+09:00,3872.350635986328,3872.350635986328,3668.8773677571617,3815.123779296875,1900,0.0,0.0
2007-08-29 00:00:00+09:00,3840.55712890625,3840.55712890625,3687.952209876863,3840.55712890625,23500,0.0,0.0
2007-08-30 00:00:00+09:00,3878.7084638106926,3929.5767715327997,3815.1230791580583,3846.915771484375,13500,0.0,0.0
2007-08-31 00:00:00+09:00,3834.1990410833077,3853.2746582031255,3815.1234239634905,3853.274658203125,7600,0.0,0.0
2007-09-03 00:00:00+09:00,3872.350175337358,4425.543057528409,3827.8404032070434,4056.747802734375,71400,0.0,0.0
2007-09-04 00:00:00+09:00,4056.7464597649982,4158.4830480976625,3853.273283099669,3961.368408203125,14300,0.0,0.0
2007-09-05 00:00:00+09:00,3961.369175614558,4005.878941632699,3878.7081815808674,3948.652099609375,15000,0.0,0.0
2007-09-06 00:00:00+09:00,4196.635959546403,4196.635959546403,3929.577307575268,3999.521240234375,4200,0.0,0.0
2007-09-07 00:00:00+09:00,4101.25757486469,4101.25757486469,3859.6330975858396,4056.747802734375,14800,0.0,0.0
2007-09-10 00:00:00+09:00,3859.632465190272,4056.747138041834,3859.632465190272,3942.29345703125,5900,0.0,0.0
2007-09-11 00:00:00+09:00,3821.4823189290364,3986.8043493652344,3796.0481604003908,3815.123779296875,11600,0.0,0.0
2007-09-12 00:00:00+09:00,3815.122874442912,3815.122874442912,3713.3862644577675,3745.178955078125,5300,0.0,0.0
2007-09-13 00:00:00+09:00,3738.8206922743057,3815.123155381945,3707.0279993127897,3776.971923828125,1600,0.0,0.0
2007-09-14 00:00:00+09:00,3815.1225928877507,3815.1225928877507,3700.6689151011183,3802.405517578125,9000,0.0,0.0
2007-09-17 00:00:00+09:00,3757.895452489994,3878.7076582384034,3694.310081043463,3872.34912109375,5600,0.0,0.0
2007-09-18 00:00:00+09:00,3872.3513585707724,3872.3513585707724,3700.6707564666494,3783.331787109375,11700,0.0,0.0
2007-09-19 00:00:00+09:00,4005.878608315678,4005.878608315678,3694.3102721133473,3751.537109375,5900,0.0,0.0
2007-09-20 00:00:00+09:00,3687.9519042968755,3808.764121851428,3573.4982245083515,3687.951904296875,3500,0.0,0.0
2007-09-21 00:00:00+09:00,3707.028039863782,3745.179271834936,3592.574343950321,3719.7451171875,3400,0.0,0.0
2007-09-27 00:00:00+09:00,3878.7088143628816,3878.7088143628816,3700.6697212445856,3853.274658203125,2500,0.0,0.0
2007-09-28 00:00:00+09:00,4005.879595161665,4005.879595161665,3815.1234239634905,3853.274658203125,1600,0.0,0.0
2007-10-01 00:00:00+09:00,3942.2933833436987,3942.2933833436987,3719.7445633162315,3834.1982421875,3300,0.0,0.0
2007-10-02 00:00:00+09:00,3732.4620791096336,3872.349925345429,3732.4620791096336,3846.915771484375,5000,0.0,0.0
2007-10-04 00:00:00+09:00,3872.349540858115,4069.464213709677,3872.349540858115,3942.29345703125,17200,0.0,0.0
2007-10-05 00:00:00+09:00,4005.878608315678,4005.878608315678,3751.5371093749995,3751.537109375,12100,0.0,0.0
2007-10-08 00:00:00+09:00,3745.178953849229,3802.405796947095,3700.6691869953333,3789.688720703125,5900,0.0,0.0
2007-10-09 00:00:00+09:00,3694.3115262858073,3846.9164774576825,3694.3115262858073,3815.123779296875,1900,0.0,0.0
2007-10-10 00:00:00+09:00,3986.8050933068544,3986.8050933068544,3713.3878381039917,3783.331787109375,2800,0.0,0.0
2007-10-11 00:00:00+09:00,3751.5373883928573,3808.7642299107147,3726.103236607143,3738.8203125,8400,0.0,0.0
2007-10-12 00:00:00+09:00,3738.8210733294686,3802.406465733031,3719.7454556084,3770.61376953125,9400,0.0,0.0
2007-10-15 00:00:00+09:00,3770.6127904690165,3770.6127904690165,3719.744489754426,3726.10302734375,9400,0.0,0.0
2007-10-16 00:00:00+09:00,3732.462379840353,3878.708776324728,3312.7988073199726,3656.159912109375,16500,0.0,0.0
2007-10-17 00:00:00+09:00,3630.7257561990486,3802.40630859375,3630.7257561990486,3656.159912109375,8700,0.0,0.0
2007-10-18 00:00:00+09:00,3567.1396867423223,3840.5568106815736,3567.1396867423223,3687.951904296875,6900,0.0,0.0
2007-10-19 00:00:00+09:00,3630.7251674107147,3878.708147321429,3630.7251674107147,3738.8203125,3400,0.0,0.0
2007-10-22 00:00:00+09:00,3713.3860553609916,3802.405584085399,3624.3665266365842,3687.951904296875,4000,0.0,0.0
2007-10-23 00:00:00+09:00,3713.3862632393034,3878.7082544109167,3656.1594201414377,3789.688720703125,20000,0.0,0.0
2007-10-24 00:00:00+09:00,3789.6883342161013,3859.632246424788,3694.3102721133473,3751.537109375,1300,0.0,0.0
2007-10-25 00:00:00+09:00,3808.764121851428,3808.764121851428,3662.517753232759,3687.951904296875,5400,0.0,0.0
2007-10-26 00:00:00+09:00,3668.8767677589703,3808.7646167896414,3668.8767677589703,3776.971923828125,2200,0.0,0.0
2007-10-29 00:00:00+09:00,3503.5547643590858,3776.9719238281255,3503.5547643590858,3776.971923828125,6000,0.0,0.0
2007-10-30 00:00:00+09:00,3808.7646167896414,3815.123155381945,3719.745076497396,3776.971923828125,1900,0.0,0.0
2007-10-31 00:00:00+09:00,3796.0468716896185,3815.1224841101694,3726.102959480932,3751.537109375,12400,0.0,0.0
2007-11-01 00:00:00+09:00,3738.820884029201,4133.050296971055,3738.820884029201,3878.708740234375,59100,0.0,0.0
2007-11-02 00:00:00+09:00,3967.7276075652526,4387.39110451927,3815.1226995819734,3897.78369140625,88000,0.0,0.0
2007-11-05 00:00:00+09:00,3897.7843798671124,4018.5966200261255,3859.633146132687,3955.01123046875,10400,0.0,0.0
2007-11-06 00:00:00+09:00,4005.8789772440423,4005.8789772440423,3878.708216061692,3935.93505859375,13400,0.0,0.0
2007-11-07 00:00:00+09:00,4063.1062985063577,4063.1062985063577,3815.1232849824955,3859.633056640625,16400,0.0,0.0
2007-11-08 00:00:00+09:00,3815.1222867918723,3935.9344925402816,3783.3296010686067,3872.34912109375,26000,0.0,0.0
2007-11-09 00:00:00+09:00,3872.3502455217863,3967.728330386855,3789.6892386387267,3821.48193359375,10700,0.0,0.0
2007-11-12 00:00:00+09:00,3935.9364950490553,3935.9364950490553,3503.5557492278344,3827.84130859375,3500,0.0,0.0
2007-11-13 00:00:00+09:00,3738.820617574897,3872.349925345429,3738.820617574897,3846.915771484375,7200,0.0,0.0
2007-11-14 00:00:00+09:00,3815.1222867918723,4323.805258364122,3815.1222867918723,3872.34912109375,71000,0.0,0.0
2007-11-15 00:00:00+09:00,2893.135671437637,3077.533329617179,2772.323412630351,2896.31494140625,18000,0.0,0.0
2007-11-16 00:00:00+09:00,2708.7370646755217,2982.154186227276,2619.717536728439,2820.011474609375,14100,0.0,0.0
2007-11-19 00:00:00+09:00,2696.020834896459,2794.578200323098,2648.331787109375,2648.331787109375,5100,0.0,0.0
2007-11-20 00:00:00+09:00,2543.4148919092468,2791.3978438703984,2359.0173122458264,2785.039306640625,15300,0.0,0.0
2007-11-21 00:00:00+09:00,2905.8524134877766,2905.8524134877766,2540.236409602553,2657.869384765625,8900,0.0,0.0
2007-11-22 00:00:00+09:00,2422.603118269158,2724.633690756783,2422.603118269158,2629.255615234375,1700,0.0,0.0
2007-11-23 00:00:00+09:00,2861.3429612379805,2861.3429612379805,2422.6037071814903,2479.83056640625,5300,0.0,0.0
2007-11-26 00:00:00+09:00,2581.5667976111026,2581.5667976111026,2419.424055396612,2530.698486328125,5900,0.0,0.0
2007-11-27 00:00:00+09:00,2403.5278923520805,2479.8303651251626,2371.7351953632965,2444.8583984375,2100,0.0,0.0
2007-11-28 00:00:00+09:00,2444.8580756701326,2543.415423323935,2352.65926657464,2537.056884765625,3900,0.0,0.0
2007-11-29 00:00:00+09:00,2543.415638880076,2543.415638880076,2435.3204742276725,2505.264404296875,3400,0.0,0.0
2007-11-30 00:00:00+09:00,2600.6422018063295,2600.6422018063295,2425.782396061405,2495.726318359375,8300,0.0,0.0
2007-12-03 00:00:00+09:00,2702.3789978027344,2702.3789978027344,2432.141098022461,2543.41552734375,10200,0.0,0.0
2007-12-04 00:00:00+09:00,2451.2166142284423,2568.849577557174,2448.037344949287,2537.056884765625,4900,0.0,0.0
2007-12-05 00:00:00+09:00,2448.037281967987,2530.6982810993736,2416.244589994377,2473.471435546875,3000,0.0,0.0
2007-12-06 00:00:00+09:00,2397.169182459513,2537.0570392608643,2333.5837930043535,2441.678955078125,5900,0.0,0.0
2007-12-07 00:00:00+09:00,2320.8665267648457,2435.320218495715,2269.998219328904,2295.432373046875,23800,0.0,0.0
2007-12-10 00:00:00+09:00,2285.8946829077468,2301.791029798621,2136.469022133527,2190.5166015625,14000,0.0,0.0
2007-12-11 00:00:00+09:00,2238.2052083333333,2238.2052083333333,2098.3173828125,2098.3173828125,12800,0.0,0.0
2007-12-12 00:00:00+09:00,2101.497033966753,2219.1299995594454,2037.9116471598918,2114.214111328125,18700,0.0,0.0
2007-12-13 00:00:00+09:00,2069.704574584961,2142.827777680897,2066.5253048851378,2136.46923828125,5900,0.0,0.0
2007-12-14 00:00:00+09:00,2047.4490548015513,2212.7710281706204,2047.4490548015513,2177.799072265625,5700,0.0,0.0
2007-12-17 00:00:00+09:00,2098.31782788302,2269.9983774370853,2098.31782788302,2155.544677734375,2700,0.0,0.0
2007-12-18 00:00:00+09:00,2155.5446127525843,2225.4885382401317,1929.8164895882283,2114.214111328125,2700,0.0,0.0
2007-12-20 00:00:00+09:00,2416.2452926178894,2416.2452926178894,2034.7328779940121,2123.75244140625,5200,0.0,0.0
2007-12-21 00:00:00+09:00,2225.4886361055596,2225.4886361055596,2072.883701058321,2187.33740234375,5900,0.0,0.0
2007-12-24 00:00:00+09:00,2155.544665285278,2289.0739808339235,2155.544665285278,2244.564208984375,7800,0.0,0.0
2007-12-26 00:00:00+09:00,2142.827523018973,2403.527607421875,2142.827523018973,2225.488525390625,7200,0.0,0.0
2007-12-27 00:00:00+09:00,2402.2184142191977,2402.2184142191977,2097.8501410279373,2284.3984375,2000,100.0,0.0
2007-12-28 00:00:00+09:00,2389.127155412946,2389.127155412946,2189.4877629743305,2290.94384765625,2602,0.0,0.0
2008-01-02 00:00:00+09:00,2290.9440474076705,2290.9440474076705,2160.032958984375,2160.032958984375,700,0.0,0.0
2008-01-03 00:00:00+09:00,2218.942867580935,2349.8539512140287,2127.30510903777,2274.580078125,1910,0.0,0.0
2008-01-04 00:00:00+09:00,2274.580322996585,2274.580322996585,2166.578667372287,2186.21533203125,1181,0.0,0.0
2008-01-07 00:00:00+09:00,2248.3983491938166,2248.3983491938166,2045.4861255402259,2153.48779296875,456,0.0,0.0
2008-01-08 00:00:00+09:00,2287.6713284329253,2290.9441057268205,2097.8502453869887,2179.669677734375,3090,0.0,0.0
2008-01-09 00:00:00+09:00,2153.487289268092,2199.3061677631576,2101.1228567023027,2176.396728515625,2864,0.0,0.0
2008-01-10 00:00:00+09:00,2271.3076559627757,2271.3076559627757,2114.2143310546876,2225.48876953125,470,0.0,0.0
2008-01-11 00:00:00+09:00,2323.6718195134945,2323.6718195134945,2146.9418501420455,2160.032958984375,4477,0.0,0.0
2008-01-14 00:00:00+09:00,2071.668182791096,2153.4876212899544,2071.668182791096,2150.21484375,2706,0.0,0.0
2008-01-15 00:00:00+09:00,2150.2151058197023,2150.2151058197023,2029.1223220825195,2094.577880859375,2500,0.0,0.0
2008-01-16 00:00:00+09:00,2068.395461748231,2081.486572265625,2019.303797308004,2081.486572265625,883,0.0,0.0
2008-01-17 00:00:00+09:00,1963.666586611869,2078.213804164228,1963.666586611869,2009.4854736328125,1497,0.0,0.0
2008-01-18 00:00:00+09:00,1911.302264873798,2042.21337890625,1911.302264873798,2042.21337890625,1218,0.0,0.0
2008-01-21 00:00:00+09:00,1930.9387091507297,2081.4864729150236,1930.9387091507297,2074.94091796875,269,0.0,0.0
2008-01-22 00:00:00+09:00,1970.2125742559201,2019.3042496941905,1764.0275374151843,1891.6658935546875,8461,0.0,0.0
2008-01-23 00:00:00+09:00,1891.665216303381,1891.665216303381,1786.9363461966193,1839.30078125,6046,0.0,0.0
2008-01-24 00:00:00+09:00,1862.2099731846859,2048.758248178582,1832.7549823961758,1989.8482666015625,15968,0.0,0.0
2008-01-25 00:00:00+09:00,2016.0307504383252,2016.0307504383252,1898.2107715166048,1983.302978515625,10569,0.0,0.0
2008-01-28 00:00:00+09:00,1983.3027130930045,2006.2121503729568,1976.7571595844468,1989.8482666015625,5702,0.0,0.0
2008-01-29 00:00:00+09:00,2002.9394242610838,2002.9394242610838,1891.6650118021348,1993.12109375,2696,0.0,0.0
2008-01-30 00:00:00+09:00,2016.031007531571,2016.031007531571,1865.4832374886291,1911.3021240234375,13128,0.0,0.0
2008-01-31 00:00:00+09:00,1888.3926356309125,1930.9387435394078,1842.5737501909944,1924.3931884765625,5049,0.0,0.0
2008-02-01 00:00:00+09:00,1947.3026777293585,1947.3026777293585,1845.8465718308541,1911.3021240234375,4828,0.0,0.0
2008-02-04 00:00:00+09:00,1875.301580515051,1963.6665764555507,1875.301580515051,1960.393798828125,497,0.0,0.0
2008-02-05 00:00:00+09:00,1983.3030456542967,1983.3030456542967,1836.0280670166014,1963.6663818359375,2993,0.0,0.0
2008-02-11 00:00:00+09:00,1878.574358142477,1983.3032422201063,1878.574358142477,1960.393798828125,1236,0.0,0.0
2008-02-12 00:00:00+09:00,1901.4835219248807,1989.8485048714758,1888.3924133402,1973.484619140625,470,0.0,0.0
2008-02-13 00:00:00+09:00,1904.7562567571047,1989.848460667216,1904.7562567571047,1986.57568359375,282,0.0,0.0
2008-02-14 00:00:00+09:00,1993.12077836834,1996.3935546874998,1930.938028304303,1996.3935546875,1510,0.0,0.0
2008-02-15 00:00:00+09:00,2022.5757652407785,2022.5757652407785,1940.7563572617826,1996.3935546875,376,0.0,0.0
2008-02-18 00:00:00+09:00,2025.8488621202791,2025.8488621202791,1940.7566643575535,1993.12109375,2176,0.0,0.0
2008-02-19 00:00:00+09:00,2012.758181824976,2012.758181824976,1924.3931884765625,1924.3931884765625,7202,0.0,0.0
2008-02-20 00:00:00+09:00,1950.5755233897796,1950.5755233897796,1777.1183040279368,1875.3016357421875,1989,0.0,0.0
2008-02-21 00:00:00+09:00,1901.4837911945501,1914.5749016330667,1832.7554613923373,1911.3021240234375,1819,0.0,0.0
2008-02-22 00:00:00+09:00,1924.3927793760558,1937.48388671875,1921.1200025403823,1937.48388671875,321,0.0,0.0
2008-02-25 00:00:00+09:00,1865.4832443083176,1963.6665729561237,1865.4832443083176,1944.0299072265625,7691,0.0,0.0
2008-02-26 00:00:00+09:00,1973.4853526184716,2133.851492383488,1858.9381099291738,1891.6658935546875,39490,0.0,0.0
2008-02-27 00:00:00+09:00,1891.6655243612292,1917.847746151696,1832.7555253326789,1875.3016357421875,11470,0.0,0.0
2008-02-28 00:00:00+09:00,1813.1183669631546,1950.5749940614444,1813.1183669631546,1937.48388671875,6669,0.0,0.0
2008-02-29 00:00:00+09:00,1868.7558400472003,1963.6663818359373,1868.7558400472003,1963.6663818359375,6676,0.0,0.0
2008-03-03 00:00:00+09:00,1950.5752726236979,1976.757491048177,1917.8474995930987,1963.6663818359375,4996,0.0,0.0
2008-03-04 00:00:00+09:00,1885.119800289735,1983.3031232214921,1885.119800289735,1976.757568359375,4008,0.0,0.0
2008-03-05 00:00:00+09:00,1904.7562567571047,1986.5756835937502,1904.7562567571047,1986.57568359375,5004,0.0,0.0
2008-03-06 00:00:00+09:00,2002.9399183441062,2009.4854736328125,1960.3938089675157,2009.4854736328125,12994,0.0,0.0
2008-03-07 00:00:00+09:00,2016.03045399166,2035.6671142578125,1937.4838129270497,2035.6671142578125,2432,0.0,0.0
2008-03-10 00:00:00+09:00,1963.6661991192275,2094.577279060509,1963.6661991192275,2055.303955078125,8489,0.0,0.0
2008-03-11 00:00:00+09:00,2091.304805334434,2094.577582807571,1986.5759261940557,2074.94091796875,1679,0.0,0.0
2008-03-12 00:00:00+09:00,2104.3958503204644,2104.3958503204644,1986.5758649214958,2022.576416015625,15478,0.0,0.0
2008-03-13 00:00:00+09:00,2032.394430675106,2032.394430675106,1973.484447177277,2025.848876953125,1304,0.0,0.0
2008-03-14 00:00:00+09:00,2025.848876953125,2025.848876953125,1832.755042154685,2025.848876953125,11752,0.0,0.0
2008-03-17 00:00:00+09:00,2042.2127612580775,2042.2127612580775,1980.0300008992579,2025.848876953125,3021,0.0,0.0
2008-03-18 00:00:00+09:00,2022.5761216223916,2029.1216754140498,1989.8483526641005,2019.3033447265625,1954,0.0,0.0
2008-03-19 00:00:00+09:00,1993.1215642641669,1993.1215642641669,1721.4810226649454,1911.3021240234375,20884,0.0,0.0
2008-03-20 00:00:00+09:00,1832.7552106217047,1865.4829822399495,1832.7552106217047,1862.210205078125,962,0.0,0.0
2008-03-21 00:00:00+09:00,1796.7547315140844,1868.755831866197,1796.7547315140844,1858.9375,3305,0.0,0.0
2008-03-24 00:00:00+09:00,1858.9374118381077,1885.11962890625,1839.300749037001,1885.11962890625,9172,0.0,0.0
2008-03-25 00:00:00+09:00,1898.210933254076,1898.210933254076,1832.7553838315218,1881.8470458984375,3545,0.0,0.0
2008-03-26 00:00:00+09:00,1872.0286173502602,2009.4852640787758,1872.0286173502602,1963.6663818359375,2280,0.0,0.0
2008-03-27 00:00:00+09:00,2029.1221290040692,2029.1221290040692,1908.0293567893102,1960.393798828125,3910,0.0,0.0
2008-03-28 00:00:00+09:00,2088.0321370972874,2088.0321370972874,1921.1204772352785,2009.4854736328125,3350,0.0,0.0
2008-03-31 00:00:00+09:00,2153.4874593832114,2179.669677734375,1963.6663763372749,2179.669677734375,10722,0.0,0.0
2008-04-01 00:00:00+09:00,2160.0331956129808,2160.0331956129808,2071.668201246995,2127.305419921875,180,0.0,0.0
2008-04-02 00:00:00+09:00,2192.7611757196064,2192.7611757196064,1963.6667245250208,1970.2122802734375,12098,0.0,0.0
2008-04-03 00:00:00+09:00,2042.213037109375,2048.7585917154947,1839.3008443196613,1963.6663818359375,8671,0.0,0.0
2008-04-04 00:00:00+09:00,2061.8497009277344,2061.8497009277344,1924.3930541992186,1963.6663818359375,215,0.0,0.0
2008-04-07 00:00:00+09:00,2002.9395888052102,2002.9395888052102,1891.6651672049206,1908.029052734375,770,0.0,0.0
2008-04-08 00:00:00+09:00,1963.6663818359373,1980.0302683512368,1868.7558400472003,1963.6663818359375,55,0.0,0.0
2008-04-10 00:00:00+09:00,2022.5763732910154,2022.5763732910154,1934.2113861083983,1963.6663818359375,995,0.0,0.0
2008-04-11 00:00:00+09:00,1898.2108357747395,1996.3941548665364,1898.2108357747395,1963.6663818359375,1673,0.0,0.0
2008-04-14 00:00:00+09:00,1911.3021344167362,2042.2132395137728,1908.0293567893102,1960.393798828125,4052,0.0,0.0
2008-04-15 00:00:00+09:00,1960.3936045328774,1996.3941548665364,1898.2108357747395,1963.6663818359375,1029,0.0,0.0
2008-04-16 00:00:00+09:00,1963.666360789332,1963.666360789332,1885.1197063577586,1898.2108154296875,1967,0.0,0.0
2008-04-17 00:00:00+09:00,1878.5743030366443,1934.2115210708307,1845.846527722417,1924.3931884765625,2766,0.0,0.0
2008-04-18 00:00:00+09:00,2006.2124652731006,2006.2124652731006,1898.2108154296875,1898.2108154296875,3254,0.0,0.0
2008-04-21 00:00:00+09:00,1901.483163254253,1917.8470458984377,1881.8465040812314,1917.8470458984375,8430,0.0,0.0
2008-04-22 00:00:00+09:00,1904.7565422123762,1904.7565422123762,1872.0287665729884,1901.4837646484375,2107,0.0,0.0
2008-04-23 00:00:00+09:00,1878.5741412246437,1901.4835819712855,1839.3008142304002,1865.4830322265625,1809,0.0,0.0
2008-04-24 00:00:00+09:00,1839.3012442000222,1924.3934725793827,1826.2101321416592,1829.48291015625,7195,0.0,0.0
2008-04-25 00:00:00+09:00,1927.6657533507419,1927.6657533507419,1806.5729980468752,1806.572998046875,6155,0.0,0.0
2008-04-28 00:00:00+09:00,1819.6638822798295,1930.938292347301,1764.0266772460936,1800.0272216796875,15953,0.0,0.0
2008-04-29 00:00:00+09:00,1865.4828015002577,1865.4828015002577,1777.1178266923507,1786.9361572265625,2112,0.0,0.0
2008-04-30 00:00:00+09:00,1790.2091769366195,1878.5741637323943,1773.8452904929577,1858.9375,11224,0.0,0.0
2008-05-01 00:00:00+09:00,1858.9374999999998,1858.9374999999998,1858.9374999999998,1858.9375,0,0.0,0.0
2008-05-02 00:00:00+09:00,1898.2108400193906,1898.2108400193906,1796.7547433976647,1819.6641845703125,4268,0.0,0.0
2008-05-05 00:00:00+09:00,1819.6641845703125,1819.6641845703125,1819.6641845703125,1819.6641845703125,0,0.0,0.0
2008-05-06 00:00:00+09:00,1898.210689859151,1898.210689859151,1800.0273783147122,1826.2095947265625,6626,0.0,0.0
2008-05-07 00:00:00+09:00,1826.2096552038106,1878.5740897616258,1708.389677448726,1790.2091064453125,17235,0.0,0.0
2008-05-08 00:00:00+09:00,1813.1185465643566,1813.1185465643566,1760.7541120065414,1790.2091064453125,10402,0.0,0.0
2008-05-09 00:00:00+09:00,1793.4821171581298,1822.9371154326245,1741.11767578125,1741.11767578125,15257,0.0,0.0
2008-05-12 00:00:00+09:00,1741.11767578125,1741.11767578125,1741.11767578125,1741.11767578125,0,0.0,0.0
2008-05-13 00:00:00+09:00,1741.117728421236,1832.755503601301,1734.5721730512314,1760.75439453125,3691,0.0,0.0
2008-05-14 00:00:00+09:00,1741.1172398792612,1813.1183287464487,1721.4805792791192,1800.0272216796875,10154,0.0,0.0
2008-05-15 00:00:00+09:00,1800.0274234347874,2068.3951483832466,1734.5718807644314,1885.11962890625,63000,0.0,0.0
2008-05-16 00:00:00+09:00,1865.4832317732357,1865.4832317732357,1754.208793386762,1773.845458984375,18082,0.0,0.0
2008-05-19 00:00:00+09:00,1773.8456322885777,1963.6667516109717,1754.2089647724679,1793.4822998046875,26115,0.0,0.0
2008-05-20 00:00:00+09:00,1813.1185856410434,1862.2102440970284,1793.4819222586495,1832.7552490234375,27617,0.0,0.0
2008-05-21 00:00:00+09:00,1849.1191803637169,1858.9375122948516,1783.6636341561516,1819.6641845703125,7927,0.0,0.0
2008-05-22 00:00:00+09:00,1832.755589373878,1832.755589373878,1780.3911439631956,1822.937255859375,6466,0.0,0.0
2008-05-23 00:00:00+09:00,1836.0277499728732,1872.0282940899883,1721.4805641456885,1767.2994384765625,17377,0.0,0.0
2008-05-26 00:00:00+09:00,1721.4805641456885,1767.2994384765623,1701.843903718171,1767.2994384765625,14371,0.0,0.0
2008-05-27 00:00:00+09:00,1767.2994384765623,1829.482196497034,1714.9350106698494,1767.2994384765625,17548,0.0,0.0
2008-05-28 00:00:00+09:00,1747.6632156372068,1813.1187667846677,1728.0265502929685,1780.3909912109375,2928,0.0,0.0
2008-05-29 00:00:00+09:00,1734.5721054077146,1793.4821014404295,1669.116554260254,1780.3909912109375,14392,0.0,0.0
2008-05-30 00:00:00+09:00,1813.1188171946674,1858.9377042717888,1734.5721536338876,1783.663818359375,14183,0.0,0.0
2008-06-02 00:00:00+09:00,1878.5741302490235,1878.5741302490235,1793.4819222586495,1832.7552490234375,64182,0.0,0.0
2008-06-03 00:00:00+09:00,1826.2095793867534,1852.391795578678,1786.9362550988662,1849.1190185546875,50589,0.0,0.0
2008-06-04 00:00:00+09:00,1845.8461353198902,1950.5749940614444,1832.755027977196,1937.48388671875,52271,0.0,0.0
2008-06-05 00:00:00+09:00,1937.484239186672,1976.757568359375,1908.029242307145,1976.757568359375,32970,0.0,0.0
2008-06-06 00:00:00+09:00,1976.757568359375,1976.757568359375,1976.757568359375,1976.757568359375,0,0.0,0.0
2008-06-09 00:00:00+09:00,1957.1207093227379,1976.7573719580832,1898.2107214167024,1908.029052734375,32499,0.0,0.0
2008-06-10 00:00:00+09:00,1957.1208062533674,1957.1208062533674,1868.7558200178476,1898.2108154296875,20510,0.0,0.0
2008-06-11 00:00:00+09:00,1914.5745500534824,1937.4839891139516,1862.2101179152676,1888.392333984375,31057,0.0,0.0
2008-06-12 00:00:00+09:00,1898.2107936314173,1898.2107936314173,1829.4824717930385,1832.7552490234375,20608,0.0,0.0
2008-06-13 00:00:00+09:00,1832.7548561486776,1930.9381520137854,1803.2998673891452,1917.8470458984375,11406,0.0,0.0
2008-06-16 00:00:00+09:00,1957.1202388575819,2055.303528432377,1927.6652519851432,1996.3935546875,45355,0.0,0.0
2008-06-17 00:00:00+09:00,1996.39435272981,2016.0310184943655,1872.028802887625,1960.393798828125,72259,0.0,0.0
2008-06-18 00:00:00+09:00,1970.211936442057,2002.939709472656,1930.9386088053384,1963.6663818359375,42730,0.0,0.0
2008-06-19 00:00:00+09:00,1963.6665764555507,2009.4854632395136,1917.847689671588,1960.393798828125,15002,0.0,0.0
2008-06-20 00:00:00+09:00,2006.2122010981118,2006.2122010981118,1934.2111106834977,1993.12109375,7279,0.0,0.0
2008-06-23 00:00:00+09:00,1989.8482566550924,2019.3032472963685,1767.2994384765623,1767.2994384765625,24887,0.0,0.0
2008-06-24 00:00:00+09:00,1806.5730311802456,1891.6652391706193,1786.9363677978515,1832.7552490234375,32470,0.0,0.0
2008-06-25 00:00:00+09:00,1800.0276491414531,1930.9387508971954,1796.7548715975597,1852.39208984375,22339,0.0,0.0
2008-06-26 00:00:00+09:00,1826.209705232319,1872.028586725603,1813.1185962342379,1865.4830322265625,14811,0.0,0.0
2008-06-27 00:00:00+09:00,1800.0272216796873,1914.5744085138492,1780.3905610795453,1800.0272216796875,15294,0.0,0.0
2008-06-30 00:00:00+09:00,1780.3905610795453,1898.2105246803976,1750.9355701793322,1800.0272216796875,21566,0.0,0.0
2008-07-01 00:00:00+09:00,1780.3912042538022,1800.027871947778,1531.6600801301095,1721.481201171875,113675,0.0,0.0
2008-07-02 00:00:00+09:00,1649.4800368088943,1852.3922635591948,1472.7500328650842,1701.844482421875,60798,0.0,0.0
2008-07-03 00:00:00+09:00,1472.7497242115162,1701.8441257555298,1472.7497242115162,1590.5697021484375,36483,0.0,0.0
2008-07-04 00:00:00+09:00,1570.9332275390625,1678.9348869323728,1570.9332275390625,1570.9332275390625,27447,0.0,0.0
2008-07-07 00:00:00+09:00,1786.9364317110412,1786.9364317110412,1525.1142439145517,1724.753662109375,35334,0.0,0.0
2008-07-08 00:00:00+09:00,1731.2994830791768,1731.2994830791768,1512.0233670748198,1701.844482421875,14008,0.0,0.0
2008-07-09 00:00:00+09:00,1728.0265541888298,1728.0265541888298,1584.0243413397607,1692.0260009765625,10563,0.0,0.0
2008-07-10 00:00:00+09:00,1685.4799765468122,1773.844946191014,1613.4788901700551,1629.8427734375,8396,0.0,0.0
2008-07-11 00:00:00+09:00,1629.8432780570329,1724.7538303936874,1603.6610567227833,1711.6627197265625,14017,0.0,0.0
2008-07-14 00:00:00+09:00,1639.6613655168023,1764.0268982306518,1606.93359375,1606.93359375,10435,0.0,0.0
2008-07-15 00:00:00+09:00,1610.2062635185305,1662.5706948524664,1584.0240478515625,1584.0240478515625,9236,0.0,0.0
2008-07-16 00:00:00+09:00,1701.844305141338,1701.844305141338,1570.9332047458506,1577.478759765625,4464,0.0,0.0
2008-07-17 00:00:00+09:00,1603.6605602095883,1675.6616465863453,1584.0239002886547,1629.8427734375,10294,0.0,0.0
2008-07-18 00:00:00+09:00,1629.843320167671,1629.843320167671,1544.7510986328127,1544.7510986328125,21533,0.0,0.0
2008-07-21 00:00:00+09:00,1554.5691198883694,1590.5696679278894,1544.7507886048638,1564.387451171875,12307,0.0,0.0
2008-07-22 00:00:00+09:00,1590.5694107797635,1590.5694107797635,1544.7505388642971,1548.0233154296875,6855,0.0,0.0
2008-07-23 00:00:00+09:00,1551.296687659439,1620.0250219228317,1544.7511320153062,1603.6611328125,10866,0.0,0.0
2008-07-24 00:00:00+09:00,1603.6608277585456,1682.2074805467191,1603.6608277585456,1639.661376953125,7523,0.0,0.0
2008-07-25 00:00:00+09:00,1642.9341040039064,1669.1163208007813,1590.5696704101563,1636.3885498046875,7050,0.0,0.0
2008-07-28 00:00:00+09:00,1636.3888135062755,1701.8443660465264,1574.206038593037,1613.4793701171875,7630,0.0,0.0
2008-07-29 00:00:00+09:00,1695.2984034682765,1695.2984034682765,1620.0245361328125,1620.0245361328125,7300,0.0,0.0
2008-07-30 00:00:00+09:00,1620.024627505679,1724.753492314127,1593.8424113035671,1665.843505859375,9800,0.0,0.0
2008-07-31 00:00:00+09:00,1623.297593965305,1721.4809161809485,1623.297593965305,1662.5709228515625,7700,0.0,0.0
2008-08-01 00:00:00+09:00,1734.5718754787072,1734.5718754787072,1577.4785735485602,1669.1163330078125,4300,0.0,0.0
2008-08-04 00:00:00+09:00,1701.8443298339841,1701.8443298339841,1570.9332275390625,1570.9332275390625,3000,0.0,0.0
2008-08-05 00:00:00+09:00,1685.4802036684425,1685.4802036684425,1518.5685718488492,1564.387451171875,14000,0.0,0.0
2008-08-06 00:00:00+09:00,1698.5715121991238,1698.5715121991238,1564.3876355128732,1616.7520751953125,1600,0.0,0.0
2008-08-07 00:00:00+09:00,1616.7518872070314,1652.7524353027345,1574.2057849121095,1636.3885498046875,7500,0.0,0.0
2008-08-08 00:00:00+09:00,1528.3867444361379,1688.7528054155187,1528.3867444361379,1633.1156005859375,100,0.0,0.0
2008-08-11 00:00:00+09:00,1695.2983451511548,1695.2983451511548,1633.1155873174253,1656.0250244140625,600,0.0,0.0
2008-08-12 00:00:00+09:00,1659.2982547433037,1747.6632505580358,1636.3888113839287,1718.208251953125,18800,0.0,0.0
2008-08-13 00:00:00+09:00,1744.3905061062383,1767.2999499012546,1659.2982862961778,1760.75439453125,11200,0.0,0.0
2008-08-14 00:00:00+09:00,1796.7548599935487,1803.3004150390627,1685.4804242198136,1803.3004150390625,12900,0.0,0.0
2008-08-15 00:00:00+09:00,1803.3004150390627,1803.3004150390627,1803.3004150390627,1803.3004150390625,0,0.0,0.0
2008-08-18 00:00:00+09:00,1760.7540389069413,1852.391795578678,1760.7540389069413,1849.1190185546875,4517,0.0,0.0
2008-08-19 00:00:00+09:00,1855.6646896362304,1855.6646896362304,1675.6619419642857,1832.7552490234375,9035,0.0,0.0
2008-08-20 00:00:00+09:00,1829.482449677491,1963.6663145017794,1770.5724602424377,1839.30078125,1983,0.0,0.0
2008-08-21 00:00:00+09:00,1865.4832664695946,1865.4832664695946,1773.8454919763515,1816.3916015625,8159,0.0,0.0
2008-08-22 00:00:00+09:00,1826.20947936341,1826.20947936341,1701.843959263393,1786.9361572265625,4010,0.0,0.0
2008-08-25 00:00:00+09:00,1849.1189556993972,1849.1189556993972,1646.206787109375,1646.206787109375,11503,0.0,0.0
2008-08-26 00:00:00+09:00,1613.479110107422,1767.2996337890627,1613.479110107422,1636.3885498046875,6507,0.0,0.0
2008-08-27 00:00:00+09:00,1636.3887786865234,1649.4798889160156,1394.203239440918,1570.9332275390625,38926,0.0,0.0
2008-08-28 00:00:00+09:00,1629.8429930619116,1629.8429930619116,1518.5685718488492,1564.387451171875,14577,0.0,0.0
2008-08-29 00:00:00+09:00,1750.9360304517147,1750.9360304517147,1567.6604833390118,1613.4793701171875,2163,0.0,0.0
2008-09-01 00:00:00+09:00,1754.2089864352586,1754.2089864352586,1502.2050835331786,1551.2967529296875,15228,0.0,0.0
2008-09-02 00:00:00+09:00,1505.4774020928132,1593.8423800417393,1341.8385540392467,1528.3868408203125,21026,0.0,0.0
2008-09-03 00:00:00+09:00,1610.2065072905793,1610.2065072905793,1466.204299321503,1567.660400390625,2235,0.0,0.0
2008-09-04 00:00:00+09:00,1525.1145292515494,1564.3878647687568,1466.2045259757385,1551.2967529296875,1331,0.0,0.0
2008-09-05 00:00:00+09:00,1551.2965131214116,1623.2976171059497,1541.4781807598838,1567.660400390625,6380,0.0,0.0
2008-09-08 00:00:00+09:00,1531.6595678862577,1597.115104975414,1531.6595678862577,1580.751220703125,1621,0.0,0.0
2008-09-09 00:00:00+09:00,1580.751220703125,1603.6606586843297,1567.6601132852936,1580.751220703125,3232,0.0,0.0
2008-09-10 00:00:00+09:00,1610.2063428534836,1610.2063428534836,1570.9330174180327,1597.115234375,2254,0.0,0.0
2008-09-11 00:00:00+09:00,1603.6609798447225,1603.6609798447225,1577.478759765625,1577.478759765625,4132,0.0,0.0
2008-09-12 00:00:00+09:00,1606.93359375,1606.93359375,1548.0236045697557,1606.93359375,6995,0.0,0.0
2008-09-15 00:00:00+09:00,1606.93359375,1606.93359375,1606.93359375,1606.93359375,0,0.0,0.0
2008-09-16 00:00:00+09:00,1593.842467492368,1636.3885703207065,1387.657507631959,1557.8419189453125,22610,0.0,0.0
2008-09-17 00:00:00+09:00,1767.3000239158164,1767.3000239158164,1544.7511320153062,1603.6611328125,7135,0.0,0.0
2008-09-18 00:00:00+09:00,1538.205256101464,1636.3885703207065,1538.205256101464,1557.8419189453125,622,0.0,0.0
2008-09-19 00:00:00+09:00,1760.7541210539714,1760.7541210539714,1525.1141643329938,1606.93359375,8289,0.0,0.0
2008-09-22 00:00:00+09:00,1613.478943650266,1613.478943650266,1531.6595246010638,1538.205078125,1369,0.0,0.0
2008-09-23 00:00:00+09:00,1548.0238000592615,1548.0238000592615,1531.659912109375,1531.659912109375,2130,0.0,0.0
2008-09-24 00:00:00+09:00,1440.0221395900107,1567.6604655991252,1440.0221395900107,1531.659912109375,4097,0.0,0.0
2008-09-25 00:00:00+09:00,1505.4776913895566,1561.1149104191707,1505.4776913895566,1531.659912109375,4603,0.0,0.0
2008-09-26 00:00:00+09:00,1544.7506316489362,1587.2967295545213,1525.1139710771276,1538.205078125,1048,0.0,0.0
2008-09-29 00:00:00+09:00,1521.8415604440788,1633.1159971217105,1505.4776726973685,1554.5693359375,2253,0.0,0.0
2008-09-30 00:00:00+09:00,1570.9332906788793,1570.9332906788793,1440.022183122306,1518.56884765625,6872,0.0,0.0
2008-10-01 00:00:00+09:00,1521.8413703982571,1597.1152446330095,1489.113598991843,1557.8419189453125,6706,0.0,0.0
2008-10-02 00:00:00+09:00,1557.8417386968085,1557.8417386968085,1505.4773105053193,1538.205078125,10963,0.0,0.0
2008-10-03 00:00:00+09:00,1538.205078125,1538.205078125,1538.205078125,1538.205078125,0,0.0,0.0
2008-10-06 00:00:00+09:00,1420.3852590137944,1597.1152221168932,1420.3852590137944,1564.387451171875,22704,0.0,0.0
2008-10-07 00:00:00+09:00,1597.1154479980469,1597.1154479980469,1466.204345703125,1570.9332275390625,7231,0.0,0.0
2008-10-08 00:00:00+09:00,1489.1137631334348,1564.3876456654546,1489.1137631334348,1561.1148681640625,3249,0.0,0.0
2008-10-09 00:00:00+09:00,1466.20413833682,1564.3874511718748,1459.6585841478163,1564.387451171875,6153,0.0,0.0
2008-10-10 00:00:00+09:00,1505.4773105053193,1557.8417386968085,1374.5662400265958,1538.205078125,18001,0.0,0.0
2008-10-13 00:00:00+09:00,1472.7497664741848,1538.2053116508152,1472.7497664741848,1505.4775390625,1245,0.0,0.0
2008-10-14 00:00:00+09:00,1505.4775935488196,1525.1142578125,1502.2048161715397,1525.1142578125,1946,0.0,0.0
2008-10-15 00:00:00+09:00,1538.2054672893296,1570.9332431891025,1443.294917179988,1531.659912109375,2304,0.0,0.0
2008-10-16 00:00:00+09:00,1505.4775510515485,1505.4775510515485,1390.930346080235,1466.2042236328125,698,0.0,0.0
2008-10-17 00:00:00+09:00,1505.4774119755994,1505.4774119755994,1246.928030353703,1433.476318359375,6650,0.0,0.0
2008-10-20 00:00:00+09:00,1433.4763950892857,1433.4763950892857,1312.3836402529762,1374.56640625,2151,0.0,0.0
2008-10-21 00:00:00+09:00,1440.02197265625,1440.02197265625,1332.0203247070312,1440.02197265625,6083,0.0,0.0
2008-10-22 00:00:00+09:00,1410.5668302695658,1502.2045825840619,1410.5668302695658,1485.8406982421875,4254,0.0,0.0
2008-10-23 00:00:00+09:00,1440.0218740721498,1472.7496439374258,1377.839111328125,1377.839111328125,8268,0.0,0.0
2008-10-24 00:00:00+09:00,1341.8386848468829,1341.8386848468829,1171.6542662809368,1305.838134765625,14564,0.0,0.0
2008-10-27 00:00:00+09:00,1453.1133221293605,1453.1133221293605,1305.8383232648982,1407.29443359375,5383,0.0,0.0
2008-10-28 00:00:00+09:00,1495.6593874016764,1551.2966075019576,1243.6555081239321,1436.7493896484375,4582,0.0,0.0
2008-10-29 00:00:00+09:00,1505.477381343335,1518.5684890071902,1400.7485200324945,1479.295166015625,8080,0.0,0.0
2008-10-30 00:00:00+09:00,1567.6605767697706,1626.5705775669644,1472.750019929847,1603.6611328125,3175,0.0,0.0
2008-10-31 00:00:00+09:00,1629.8430075252759,1669.1163330078125,1505.477476830576,1669.1163330078125,2341,0.0,0.0
2008-11-03 00:00:00+09:00,1695.298778541314,1695.298778541314,1512.023234915226,1692.0260009765625,2189,0.0,0.0
2008-11-04 00:00:00+09:00,1701.843898607337,1701.843898607337,1554.5689458432405,1656.0250244140625,3210,0.0,0.0
2008-11-05 00:00:00+09:00,1701.8441551492172,1701.8441551492172,1574.205843513026,1672.38916015625,7119,0.0,0.0
2008-11-06 00:00:00+09:00,1472.749900817871,1603.661003112793,1472.749900817871,1570.9332275390625,4332,0.0,0.0
2008-11-07 00:00:00+09:00,1505.4775512930516,1728.0264067015896,1505.4775512930516,1698.5714111328125,9553,0.0,0.0
2008-11-10 00:00:00+09:00,1764.0268695906097,1865.4829604204965,1659.2980016371785,1669.1163330078125,210123,0.0,0.0
2008-11-11 00:00:00+09:00,1662.5710659684805,1688.7532874797953,1505.4777369005926,1518.56884765625,51348,0.0,0.0
2008-11-12 00:00:00+09:00,1531.6598028885692,1538.2053576017681,1440.022036903783,1492.386474609375,14404,0.0,0.0
2008-11-13 00:00:00+09:00,1505.4775840357731,1505.4775840357731,1374.5664897717927,1492.386474609375,13558,0.0,0.0
2008-11-14 00:00:00+09:00,1570.933200668239,1570.933200668239,1449.840433116729,1561.1148681640625,5457,0.0,0.0
2008-11-17 00:00:00+09:00,1623.2974796334013,1623.2974796334013,1561.1147132764766,1606.93359375,5139,0.0,0.0
2008-11-18 00:00:00+09:00,1626.5700898141572,1626.5700898141572,1518.5684540719697,1620.0245361328125,4479,0.0,0.0
2008-11-19 00:00:00+09:00,1701.843964318064,1701.843964318064,1538.2051215951733,1580.751220703125,1121,0.0,0.0
2008-11-20 00:00:00+09:00,1629.8429192877436,1629.8429192877436,1462.9312950233361,1512.02294921875,2111,0.0,0.0
2008-11-21 00:00:00+09:00,1512.0231435779895,1512.0231435779895,1440.022041502847,1508.7503662109375,2644,0.0,0.0
2008-11-24 00:00:00+09:00,1508.7503163213316,1508.7503163213316,1466.2042119565217,1505.4775390625,4887,0.0,0.0
2008-11-25 00:00:00+09:00,1505.477463470842,1567.6602282663766,1476.0224696203254,1564.387451171875,4983,0.0,0.0
2008-11-26 00:00:00+09:00,1629.8431999238198,1629.8431999238198,1485.8409894887836,1577.478759765625,3758,0.0,0.0
2008-11-27 00:00:00+09:00,1479.2952319587628,1603.6607603092784,1479.2952319587628,1587.296875,2880,0.0,0.0
2008-11-28 00:00:00+09:00,1606.933537371134,1606.933537371134,1498.931894329897,1587.296875,10365,0.0,0.0
2008-12-01 00:00:00+09:00,1557.841881443299,1587.296875,1521.8413337628865,1587.296875,5265,0.0,0.0
2008-12-02 00:00:00+09:00,1587.2967744120406,1587.2967744120406,1495.6590224872218,1580.751220703125,5091,0.0,0.0
2008-12-03 00:00:00+09:00,1564.3876685855262,1564.3876685855262,1505.4776726973685,1554.5693359375,4166,0.0,0.0
2008-12-04 00:00:00+09:00,1557.8419189453125,1557.8419189453125,1521.8413703982571,1557.8419189453125,3538,0.0,0.0
2008-12-05 00:00:00+09:00,1767.2996467141545,1790.2090865789676,1620.0246761546416,1669.1163330078125,138658,0.0,0.0
2008-12-08 00:00:00+09:00,1734.5716882130457,1734.5716882130457,1636.3883851066469,1649.4794921875,37127,0.0,0.0
2008-12-09 00:00:00+09:00,1688.753046263454,1688.753046263454,1606.933615727434,1672.38916015625,27613,0.0,0.0
2008-12-10 00:00:00+09:00,1669.1163330078125,1675.661887254902,1636.3885617723654,1669.1163330078125,8588,0.0,0.0
2008-12-11 00:00:00+09:00,1669.116703913762,1721.481149526743,1639.6617032564604,1701.844482421875,21296,0.0,0.0
2008-12-12 00:00:00+09:00,1800.0276320639286,1800.0276320639286,1682.2076416015625,1682.2076416015625,114968,0.0,0.0
2008-12-15 00:00:00+09:00,1754.2087985436892,1754.2087985436892,1633.116027002427,1685.48046875,65439,0.0,0.0
2008-12-16 00:00:00+09:00,1714.935177259711,1714.935177259711,1636.3885279195717,1642.93408203125,16270,0.0,0.0
2008-12-17 00:00:00+09:00,1675.6617063492063,1682.207259889633,1626.570054796007,1649.4794921875,13991,0.0,0.0
2008-12-18 00:00:00+09:00,1649.479620733055,1767.299593642559,1636.388512631999,1665.843505859375,54634,0.0,0.0
2008-12-19 00:00:00+09:00,1728.0267052283655,1728.0267052283655,1656.0255925105168,1701.844482421875,16788,0.0,0.0
2008-12-22 00:00:00+09:00,1688.7527916949728,1711.66222879161,1636.3883640455163,1656.0250244140625,24132,0.0,0.0
2008-12-23 00:00:00+09:00,1692.0258917175897,1692.0258917175897,1593.8425711150217,1652.7525634765625,13398,0.0,0.0
2008-12-24 00:00:00+09:00,1678.9346360426682,1682.2074131109775,1626.5702029497195,1659.2979736328125,4638,0.0,0.0
2008-12-25 00:00:00+09:00,1659.2979736328125,1659.2979736328125,1659.2979736328125,1659.2979736328125,0,0.0,0.0
2008-12-26 00:00:00+09:00,1692.025679065335,1692.025679065335,1603.6607016286541,1623.29736328125,9218,0.0,0.0
2008-12-29 00:00:00+09:00,1691.5031234023515,1691.5031234023515,1568.7327354134713,1667.631103515625,3986,100.0,0.0
2008-12-30 00:00:00+09:00,1667.631479707154,1698.3240836281448,1626.7080078125,1626.7080078125,2465,0.0,0.0
2008-12-31 00:00:00+09:00,1626.7080078125,1626.7080078125,1626.7080078125,1626.7080078125,0,0.0,0.0
2009-01-02 00:00:00+09:00,1585.7843344776902,1674.451845652787,1585.7843344776902,1653.9901123046875,4190,0.0,0.0
2009-01-05 00:00:00+09:00,1653.9900318550222,1667.6311867569193,1602.8357009729082,1640.348876953125,9628,0.0,0.0
2009-01-06 00:00:00+09:00,1640.3491445113202,1701.73435158243,1640.3491445113202,1671.041748046875,10989,0.0,0.0
2009-01-07 00:00:00+09:00,1671.0413614908855,1681.2722269694011,1636.9384765625,1677.8619384765625,8496,0.0,0.0
2009-01-08 00:00:00+09:00,1674.4520357964184,1677.862325075026,1623.2976966173017,1633.528564453125,5111,0.0,0.0
2009-01-09 00:00:00+09:00,1653.9903001247717,1688.0931929108494,1602.835960945655,1633.528564453125,12043,0.0,0.0
2009-01-12 00:00:00+09:00,1640.3492543538412,1640.3492543538412,1592.6052012125651,1636.93896484375,5095,0.0,0.0
2009-01-13 00:00:00+09:00,1636.9385882276508,1671.0414754823935,1630.1180107767022,1640.348876953125,8188,0.0,0.0
2009-01-14 00:00:00+09:00,1578.9637466242284,1657.400390625,1578.9637466242284,1657.400390625,4702,0.0,0.0
2009-01-15 00:00:00+09:00,1657.4001864818817,1657.4001864818817,1582.3738405917554,1602.8355712890625,10628,0.0,0.0
2009-01-16 00:00:00+09:00,1606.246088442595,1647.1695556640625,1572.1431990913723,1647.1695556640625,8473,0.0,0.0
2009-01-19 00:00:00+09:00,1647.1698333740233,1657.4007019042967,1596.015490722656,1636.93896484375,9456,0.0,0.0
2009-01-20 00:00:00+09:00,1657.4006117334907,1657.4006117334907,1568.7330892950733,1626.7080078125,14979,0.0,0.0
2009-01-21 00:00:00+09:00,1626.7077532014089,1630.1180419921875,1609.6563092475158,1630.1180419921875,2895,0.0,0.0
2009-01-22 00:00:00+09:00,1630.1183858235677,1671.0418599446614,1613.0669382731119,1636.93896484375,12999,0.0,0.0
2009-01-23 00:00:00+09:00,1636.9388980263157,1636.9388980263157,1599.425714946546,1619.887451171875,1049,0.0,0.0
2009-01-28 00:00:00+09:00,1636.93896484375,1647.1698333740233,1623.2978068033854,1636.93896484375,10175,0.0,0.0
2009-01-29 00:00:00+09:00,1636.9388537317327,1636.9388537317327,1619.887407338694,1633.528564453125,4666,0.0,0.0
2009-01-30 00:00:00+09:00,1633.5282995021767,1640.348876953125,1592.6048347964852,1640.348876953125,7088,0.0,0.0
2009-02-02 00:00:00+09:00,1640.3492543538412,1647.1698333740233,1633.5286753336588,1636.93896484375,2797,0.0,0.0
2009-02-03 00:00:00+09:00,1633.5286753336588,1636.93896484375,1609.6566487630207,1636.93896484375,6751,0.0,0.0
2009-02-04 00:00:00+09:00,1647.1695240162037,1664.2209683641975,1619.8872130594136,1657.400390625,41575,0.0,0.0
2009-02-05 00:00:00+09:00,1664.221167960595,1667.6314572392027,1602.835960945655,1633.528564453125,17349,0.0,0.0
2009-02-06 00:00:00+09:00,1636.9388552295918,1671.041748046875,1613.0668302574936,1671.041748046875,11829,0.0,0.0
2009-02-09 00:00:00+09:00,1671.0413014362136,1722.1956269903833,1667.6310130659356,1698.3236083984375,18088,0.0,0.0
2009-02-10 00:00:00+09:00,1701.7338469184892,1715.375,1671.0412524850894,1715.375,9118,0.0,0.0
2009-02-11 00:00:00+09:00,1711.9649658203125,1722.195832149916,1681.272366831502,1711.9649658203125,1773,0.0,0.0
2009-02-12 00:00:00+09:00,1718.785596390845,1725.6061741543008,1647.1695298745599,1694.91357421875,19592,0.0,0.0
2009-02-13 00:00:00+09:00,1705.1442263154645,1725.60595703125,1698.3236494102027,1725.60595703125,6459,0.0,0.0
2009-02-16 00:00:00+09:00,1722.1957403576685,1725.6060289524362,1671.0414114361536,1701.7340087890625,12002,0.0,0.0
2009-02-17 00:00:00+09:00,1711.9650125385801,1711.9650125385801,1647.1695240162037,1657.400390625,23114,0.0,0.0
2009-02-18 00:00:00+09:00,1657.4005019170304,1681.2725256071933,1630.1181891282727,1660.810791015625,5611,0.0,0.0
2009-02-19 00:00:00+09:00,1681.2722670898438,1718.78544140625,1667.6311127929687,1705.144287109375,25198,0.0,0.0
2009-02-20 00:00:00+09:00,1705.1444729330087,1705.1444729330087,1449.3728019930575,1684.6827392578125,15310,0.0,0.0
2009-02-23 00:00:00+09:00,1681.2721865254064,1698.3236285794167,1657.4001676497921,1691.5030517578125,6982,0.0,0.0
2009-02-24 00:00:00+09:00,1684.6826626446457,1773.35017120489,1630.1180419921875,1630.1180419921875,45674,0.0,0.0
2009-02-25 00:00:00+09:00,1630.1183858235677,1688.0933074951172,1630.1183858235677,1636.93896484375,5312,0.0,0.0
2009-02-26 00:00:00+09:00,1684.6824940782913,1684.6824940782913,1568.7326867935506,1602.8355712890625,18143,0.0,0.0
2009-02-27 00:00:00+09:00,1541.450741895989,1626.707973195546,1541.450741895989,1599.4256591796875,12721,0.0,0.0
2009-03-02 00:00:00+09:00,1568.7333582624603,1698.3243748145767,1568.7333582624603,1616.4774169921875,8362,0.0,0.0
2009-03-03 00:00:00+09:00,1609.6565050258757,1616.4770834370024,1558.5021669424264,1606.2462158203125,2641,0.0,0.0
2009-03-04 00:00:00+09:00,1609.6566487630207,1657.4007019042967,1582.3743326822917,1636.93896484375,2239,0.0,0.0
2009-03-05 00:00:00+09:00,1633.5286753336588,1667.6315704345702,1613.0669382731119,1636.93896484375,13158,0.0,0.0
2009-03-06 00:00:00+09:00,1616.476934499839,1653.9901123046875,1616.476934499839,1653.9901123046875,2210,0.0,0.0
2009-03-09 00:00:00+09:00,1653.9901031913832,1735.8370361328125,1653.9901031913832,1735.8370361328125,33731,0.0,0.0
2009-03-10 00:00:00+09:00,1773.3501101762822,1773.3501101762822,1688.0928933408838,1729.016357421875,8769,0.0,0.0
2009-03-11 00:00:00+09:00,1729.016245483881,1742.6573992944047,1711.9648032207265,1725.60595703125,7236,0.0,0.0
2009-03-12 00:00:00+09:00,1725.6061399225603,1977.9675121641994,1705.144407038103,1943.8646240234375,120477,0.0,0.0
2009-03-13 00:00:00+09:00,2012.0705108642576,2012.0705108642576,1848.3766387939452,1909.7618408203125,35159,0.0,0.0
2009-03-16 00:00:00+09:00,1995.0194226010308,1998.4297122123146,1943.8650784317736,1954.095947265625,40580,0.0,0.0
2009-03-17 00:00:00+09:00,2035.942346001002,2035.942346001002,1909.7616645905546,1967.736572265625,12188,0.0,0.0
2009-03-18 00:00:00+09:00,1977.9679028243297,2257.6116408098383,1974.5576133367017,2162.12353515625,273610,0.0,0.0
2009-03-19 00:00:00+09:00,2100.738087565104,2199.636471557617,2046.1734619140623,2046.1734619140625,182993,0.0,0.0
2009-03-20 00:00:00+09:00,2090.506631083872,2100.737495510057,1984.7876986799567,2076.865478515625,120001,0.0,0.0
2009-03-23 00:00:00+09:00,2182.584656350482,2182.584656350482,2110.968597313982,2121.199462890625,10025,0.0,0.0
2009-03-24 00:00:00+09:00,2148.4821132443985,2203.046738342669,2049.5837302537834,2168.94384765625,42629,0.0,0.0
2009-03-25 00:00:00+09:00,2128.020617638678,2271.2527745951274,2114.379459833302,2243.970458984375,37000,0.0,0.0
2009-03-26 00:00:00+09:00,2247.3804962350137,2247.3804962350137,2155.3026913816825,2168.94384765625,23679,0.0,0.0
2009-03-27 00:00:00+09:00,2182.584553006329,2209.866859918908,2066.634748627868,2155.30224609375,24961,0.0,0.0
2009-03-30 00:00:00+09:00,2093.917227825715,2209.867041744403,2056.404052734375,2056.404052734375,30989,0.0,0.0
2009-03-31 00:00:00+09:00,2015.4808493818896,2107.5586546836003,2015.4808493818896,2049.583740234375,16276,0.0,0.0
2009-04-01 00:00:00+09:00,2087.0963826833677,2087.0963826833677,2039.3523477853823,2063.224365234375,10980,0.0,0.0
2009-04-02 00:00:00+09:00,2100.737911151473,2148.481954586734,2059.814445349821,2141.661376953125,624394,0.0,0.0
2009-04-03 00:00:00+09:00,2155.302737080159,2462.228759765625,2145.0718696573103,2462.228759765625,518680,0.0,0.0
2009-04-06 00:00:00+09:00,2653.205166903409,2653.205166903409,2506.5627219460225,2550.896484375,114108,0.0,0.0
2009-04-07 00:00:00+09:00,2728.231760855683,2857.8227694963284,2660.0259668342915,2670.2568359375,213475,0.0,0.0
2009-04-08 00:00:00+09:00,2632.742745884051,2851.001211864076,2598.639860574672,2731.64111328125,53063,0.0,0.0
2009-04-09 00:00:00+09:00,2796.4367522810935,2823.7190620594456,2615.6914499995105,2721.410400390625,54162,0.0,0.0
2009-04-10 00:00:00+09:00,2762.3343818132266,2762.3343818132266,2516.7935478742734,2639.56396484375,81100,0.0,0.0
2009-04-13 00:00:00+09:00,2707.7692086580173,2707.7692086580173,2632.7428577883998,2653.20458984375,60458,0.0,0.0
2009-04-14 00:00:00+09:00,2622.511850992839,2625.9221394856772,2509.972330729167,2537.254638671875,57746,0.0,0.0
2009-04-15 00:00:00+09:00,2544.0755027977198,2615.6915692303633,2472.4594363650763,2523.61376953125,51372,0.0,0.0
2009-04-16 00:00:00+09:00,2591.8199138000646,2711.180041409278,2564.537598917959,2639.56396484375,56531,0.0,0.0
2009-04-17 00:00:00+09:00,2660.0254022507443,2707.7694479321676,2455.4080636160716,2578.178466796875,55259,0.0,0.0
2009-04-20 00:00:00+09:00,2578.17824807363,2646.3840218321916,2455.407855308219,2489.5107421875,34888,0.0,0.0
2009-04-21 00:00:00+09:00,2479.2798761237154,2537.254783818493,2356.509483358305,2489.5107421875,35308,0.0,0.0
2009-04-22 00:00:00+09:00,2516.79319177576,2574.768102697424,2455.4079919763512,2523.61376953125,20805,0.0,0.0
2009-04-23 00:00:00+09:00,2537.254967730978,2666.845947265625,2496.331500509511,2666.845947265625,43708,0.0,0.0
2009-04-24 00:00:00+09:00,2728.231416968997,2728.231416968997,2574.7683997644913,2584.999267578125,47914,0.0,0.0
2009-04-27 00:00:00+09:00,2687.307476602667,2851.001333045469,2595.2296823535908,2653.20458984375,208769,0.0,0.0
2009-04-28 00:00:00+09:00,2660.025273384209,2694.128161504519,2496.331410406719,2499.74169921875,70513,0.0,0.0
2009-04-29 00:00:00+09:00,2523.614210719384,2694.12868441664,2523.614210719384,2687.30810546875,362523,0.0,0.0
2009-04-30 00:00:00+09:00,2680.4877314579953,2741.872946682224,2605.461357295049,2625.923095703125,88762,0.0,0.0
2009-05-04 00:00:00+09:00,2724.8211770742337,2789.616674401406,2605.461050418917,2683.897705078125,159401,0.0,0.0
2009-05-06 00:00:00+09:00,3076.0809622185334,3086.311830163828,2926.0282323542147,2953.310546875,1050383,0.0,0.0
2009-05-07 00:00:00+09:00,2980.592174157097,3001.0539053298,2816.8983247754713,2895.3349609375,216090,0.0,0.0
2009-05-08 00:00:00+09:00,2837.360467268957,2919.2074038247924,2741.872374620483,2878.283935546875,112290,0.0,0.0
2009-05-11 00:00:00+09:00,2932.848919367386,3307.9807578911214,2898.7460249561373,3219.313232421875,1032065,0.0,0.0
2009-05-12 00:00:00+09:00,3338.673279709482,3696.753662109375,3314.8012542161555,3696.753662109375,1696661,0.0,0.0
2009-05-13 00:00:00+09:00,4092.346446127608,4249.2197265625,3990.037784974418,4249.2197265625,1349436,0.0,0.0
2009-05-14 00:00:00+09:00,4569.787570377968,4883.5341796875,4331.067324164193,4883.5341796875,3621666,0.0,0.0
2009-05-15 00:00:00+09:00,4194.655942427067,4515.22314453125,4194.655942427067,4515.22314453125,7354554,0.0,0.0
2009-05-18 00:00:00+09:00,4515.223115087154,4569.787744876727,3839.98582144119,4071.885498046875,2163069,0.0,0.0
2009-05-19 00:00:00+09:00,4126.4488203125,4276.5015046875005,3962.7549828125,4262.8603515625,1353894,0.0,0.0
2009-05-20 00:00:00+09:00,4262.862110865935,4828.9701991889315,4194.65631709208,4467.4794921875,2787438,0.0,0.0
2009-05-21 00:00:00+09:00,4371.99046049182,4522.043175204488,3962.755784002726,4065.064453125,1751776,0.0,0.0
2009-05-22 00:00:00+09:00,3962.7556019565513,4051.4231111225326,3717.2148073430644,3887.729248046875,1194082,0.0,0.0
2009-05-25 00:00:00+09:00,3846.8055460164837,4017.3199762477107,3307.979946485806,3724.03515625,677199,0.0,0.0
2009-05-26 00:00:00+09:00,3853.627086769063,3921.8328759154183,3689.933192817811,3812.70361328125,606302,0.0,0.0
2009-05-27 00:00:00+09:00,3908.1921372633715,3915.0127169095554,3273.878230168269,3546.701416015625,548695,0.0,0.0
2009-05-28 00:00:00+09:00,3423.930982384315,3649.0101107083833,3342.084026630108,3546.701416015625,375483,0.0,0.0
2009-05-29 00:00:00+09:00,3498.956921807651,3955.9357010690787,3498.956921807651,3758.138916015625,968199,0.0,0.0
2009-06-01 00:00:00+09:00,3805.8832003611437,3805.8832003611437,3560.342348724941,3614.906982421875,308136,0.0,0.0
2009-06-02 00:00:00+09:00,3683.112081835575,3921.8323093619547,3560.3416791077225,3676.29150390625,540691,0.0,0.0
2009-06-03 00:00:00+09:00,3730.856857240891,3764.959753559363,3519.4189000663614,3533.06005859375,258163,0.0,0.0
2009-06-04 00:00:00+09:00,3546.6999050891063,3594.443942272998,3307.979719169647,3396.647216796875,232406,0.0,0.0
2009-06-05 00:00:00+09:00,3430.7504098603217,3492.135606060606,3287.5182853929923,3376.185791015625,155765,0.0,0.0
2009-06-08 00:00:00+09:00,3410.2892236802186,3683.112361574636,3379.5966206670964,3512.597900390625,350374,0.0,0.0
2009-06-09 00:00:00+09:00,4037.78173828125,4037.78173828125,4037.78173828125,4037.78173828125,328593,0.0,0.0
2009-06-10 00:00:00+09:00,4556.146225873162,4637.9931640625,4262.861364028033,4637.9931640625,3295161,0.0,0.0
2009-06-11 00:00:00+09:00,4597.071118417495,4597.071118417495,3942.29541015625,3942.29541015625,3156276,0.0,0.0
2009-06-12 00:00:00+09:00,4085.5275963383974,4187.836300754217,3839.9867057404304,3942.29541015625,902583,0.0,0.0
2009-06-15 00:00:00+09:00,3942.2932364004632,4017.319578269676,3642.1878689236114,3683.111328125,460127,0.0,0.0
2009-06-16 00:00:00+09:00,3649.0088992498618,3955.9348814297564,3580.803125432107,3853.626220703125,797393,0.0,0.0
2009-06-17 00:00:00+09:00,3812.703748375339,4044.6034396897603,3758.1391151248868,3771.7802734375,944030,0.0,0.0
2009-06-18 00:00:00+09:00,3751.3186782153684,3812.7038929498017,3573.9836134270054,3655.83056640625,406800,0.0,0.0
2009-06-19 00:00:00+09:00,3676.2918822344614,3744.4976685467886,3594.444938659668,3710.394775390625,275008,0.0,0.0
2009-06-22 00:00:00+09:00,3717.2158357087555,3867.268585040118,3635.368881528012,3785.421630859375,256602,0.0,0.0
2009-06-23 00:00:00+09:00,3703.5739020516944,3724.035636317173,3628.5475430782712,3649.00927734375,161113,0.0,0.0
2009-06-24 00:00:00+09:00,3662.6506529017856,3730.8564378720234,3580.8037109375,3580.8037109375,153239,0.0,0.0
2009-06-25 00:00:00+09:00,3573.9841446314103,4051.424774639423,3573.9841446314103,3990.03955078125,676781,0.0,0.0
2009-06-26 00:00:00+09:00,4092.3475981644983,4126.450494815869,3635.368783036129,3669.4716796875,463320,0.0,0.0
2009-06-29 00:00:00+09:00,3696.753932967276,3785.4214627247934,3594.4452447855247,3614.906982421875,243819,0.0,0.0
2009-06-30 00:00:00+09:00,3744.4978970296065,3805.8831084563217,3444.392418943445,3567.162841796875,303968,0.0,0.0
2009-07-01 00:00:00+09:00,3498.956726421667,3683.112343601755,3492.13614800759,3594.44482421875,187229,0.0,0.0
2009-07-02 00:00:00+09:00,3655.8306813500467,3717.2158980145064,3601.2660443149716,3621.727783203125,125712,0.0,0.0
2009-07-03 00:00:00+09:00,3546.699797453704,3696.75248119213,3526.2380678530094,3683.111328125,157929,0.0,0.0
2009-07-06 00:00:00+09:00,3751.31751973793,3990.0377255394346,3737.676365120701,3867.267333984375,445409,0.0,0.0
2009-07-07 00:00:00+09:00,3880.908971114124,3983.217643463354,3744.4974079818176,3792.241455078125,188711,0.0,0.0
2009-07-08 00:00:00+09:00,3758.1382731119793,3908.190980931332,3758.1382731119793,3887.729248046875,177404,0.0,0.0
2009-07-09 00:00:00+09:00,3901.370849609375,4051.4235745943506,3867.2679575673346,3901.370849609375,375363,0.0,0.0
2009-07-10 00:00:00+09:00,3942.2932364004632,3942.2932364004632,3683.111328125,3683.111328125,177865,0.0,0.0
2009-07-13 00:00:00+09:00,3655.830457694575,3819.5243587853774,3601.2658239976413,3614.906982421875,175884,0.0,0.0
2009-07-14 00:00:00+09:00,3662.6503163213315,3737.6766728940215,3553.5210703974185,3608.085693359375,117979,0.0,0.0
2009-07-15 00:00:00+09:00,3635.3681988767767,3792.2414982654554,3635.3681988767767,3778.600341796875,148711,0.0,0.0
2009-07-16 00:00:00+09:00,3839.985032785883,4024.140620503856,3703.5734863281255,3703.573486328125,758932,0.0,0.0
2009-07-17 00:00:00+09:00,3751.3172049447244,3901.3698931425133,3744.4966282084615,3894.54931640625,231527,0.0,0.0
2009-07-20 00:00:00+09:00,3969.5760313989385,4160.552197857994,3846.80563867526,3935.47314453125,477551,0.0,0.0
2009-07-21 00:00:00+09:00,3942.2950195312496,4433.376752068014,3880.909802964154,4058.244873046875,2198041,0.0,0.0
2009-07-22 00:00:00+09:00,4078.704580678061,4187.833800227976,3880.907870243841,3996.857666015625,1016290,0.0,0.0
2009-07-23 00:00:00+09:00,3996.859424424629,4119.629850430846,3853.627260750709,3908.19189453125,386914,0.0,0.0
2009-07-24 00:00:00+09:00,3942.294085693359,4010.499865722656,3785.420791625976,3819.523681640625,237032,0.0,0.0
2009-07-27 00:00:00+09:00,3764.958883351293,3983.2173693426726,3764.958883351293,3955.93505859375,305071,0.0,0.0
2009-07-28 00:00:00+09:00,4126.449832944856,4549.32568359375,4058.244050582131,4549.32568359375,3205474,0.0,0.0
2009-07-29 00:00:00+09:00,3962.756758386948,4058.2448730468745,3962.756758386948,4058.244873046875,5723631,0.0,0.0
2009-07-30 00:00:00+09:00,4058.2442023955196,4058.2442023955196,3833.165112178625,3962.756103515625,1313944,0.0,0.0
2009-07-31 00:00:00+09:00,4037.782350543478,4119.6292900815215,3880.9090497622283,3921.83251953125,730852,0.0,0.0
2009-08-03 00:00:00+09:00,3901.370262375553,3983.2171909568583,3792.241024267146,3853.626220703125,536814,0.0,0.0
2009-08-04 00:00:00+09:00,3901.371115563252,4017.3209564104113,3874.088800069803,3969.576904296875,379135,0.0,0.0
2009-08-05 00:00:00+09:00,3976.3969726562505,4017.320440642421,3915.0117706769943,3976.39697265625,298903,0.0,0.0
2009-08-06 00:00:00+09:00,3969.577138736548,4310.60610254553,3880.9096081462126,4119.6298828125,1282282,0.0,0.0
2009-08-07 00:00:00+09:00,4112.8083097759045,4112.8083097759045,3887.729248046875,3887.729248046875,542258,0.0,0.0
2009-08-10 00:00:00+09:00,3921.832965540802,3942.294702752319,3860.44775390625,3860.44775390625,230459,0.0,0.0
2009-08-11 00:00:00+09:00,3805.882946061834,3928.653363676732,3805.882946061834,3839.98583984375,319043,0.0,0.0
2009-08-12 00:00:00+09:00,3833.1648806773637,3860.447192995352,3778.6002560413867,3805.882568359375,225316,0.0,0.0
2009-08-13 00:00:00+09:00,3819.524033490349,3853.6269266465133,3683.1124608656937,3710.394775390625,374283,0.0,0.0
2009-08-14 00:00:00+09:00,3724.035218296789,3799.061568848556,3703.5734863281255,3703.573486328125,174011,0.0,0.0
2009-08-17 00:00:00+09:00,3696.7530210770387,4256.040378509358,3587.6237806024396,3826.343994140625,4749527,0.0,0.0
2009-08-18 00:00:00+09:00,3894.5500885294978,3901.370666617991,3587.6240745473133,3649.00927734375,714748,0.0,0.0
2009-08-19 00:00:00+09:00,3689.9327373941433,3717.2150496854124,3567.1623320834324,3573.98291015625,327803,0.0,0.0
2009-08-20 00:00:00+09:00,3573.982967601103,3642.1887494255516,3471.67429486443,3478.494873046875,224870,0.0,0.0
2009-08-21 00:00:00+09:00,3478.4950016063817,3573.9830996896944,3400.0583496093755,3400.058349609375,239362,0.0,0.0
2009-08-24 00:00:00+09:00,3451.212694364381,3512.597900390625,3290.929100851411,3512.597900390625,289065,0.0,0.0
2009-08-25 00:00:00+09:00,3546.701217121139,3805.88322914153,3533.06005859375,3533.06005859375,707754,0.0,0.0
2009-08-26 00:00:00+09:00,3539.88023619893,3594.444864117218,3410.289244892996,3505.77734375,186026,0.0,0.0
2009-08-27 00:00:00+09:00,3505.7769823449803,3560.341604638287,3451.212360051673,3464.853515625,115985,0.0,0.0
2009-08-28 00:00:00+09:00,3478.494873046875,3539.880076688879,3444.391982134651,3478.494873046875,128806,0.0,0.0
2009-08-31 00:00:00+09:00,3464.853503835513,3505.7769704162474,3389.8271484375,3389.8271484375,115146,0.0,0.0
2009-09-01 00:00:00+09:00,3355.724513412211,3573.9830183495906,3342.0833568536245,3539.880126953125,181962,0.0,0.0
2009-09-02 00:00:00+09:00,3526.238920323989,3573.982967601103,3471.67429486443,3478.494873046875,102863,0.0,0.0
2009-09-03 00:00:00+09:00,3485.314612326044,3533.0586481113323,3430.75,3430.75,64397,0.0,0.0
2009-09-04 00:00:00+09:00,3485.3147558396863,3512.5970631261025,3383.006103515625,3383.006103515625,106546,0.0,0.0
2009-09-07 00:00:00+09:00,3376.1856884765625,3451.212037109375,3369.365111328125,3410.28857421875,94475,0.0,0.0
2009-09-08 00:00:00+09:00,3410.28857421875,3444.3914599609375,3342.082802734375,3410.28857421875,170646,0.0,0.0
2009-09-09 00:00:00+09:00,3430.7510636319025,3580.803794049202,3362.545277078584,3365.95556640625,190047,0.0,0.0
2009-09-10 00:00:00+09:00,3365.95556640625,3389.8275916999114,3314.8012264912613,3365.95556640625,140376,0.0,0.0
2009-09-11 00:00:00+09:00,3348.9033100070665,3393.237060546875,3345.4930215040044,3393.237060546875,47561,0.0,0.0
2009-09-14 00:00:00+09:00,3379.5966766640868,3393.23783378483,3304.5703125,3304.5703125,47247,0.0,0.0
2009-09-15 00:00:00+09:00,3338.6725141601564,3458.0326142578124,3280.6976083984373,3410.28857421875,122005,0.0,0.0
2009-09-16 00:00:00+09:00,3478.494703818161,3710.3943507393715,3376.186036058803,3689.9326171875,605652,0.0,0.0
2009-09-17 00:00:00+09:00,3751.318648957858,3915.0125536396554,3587.6247442760605,3737.677490234375,861919,0.0,0.0
2009-09-18 00:00:00+09:00,3744.496982594718,3853.626220703125,3662.6500540134125,3853.626220703125,326824,0.0,0.0
2009-09-21 00:00:00+09:00,3867.267333984375,3928.652529761905,3737.676365120701,3867.267333984375,218147,0.0,0.0
2009-09-22 00:00:00+09:00,3887.730026929982,3921.832921903052,3785.421342010772,3799.0625,201102,0.0,0.0
2009-09-23 00:00:00+09:00,3771.7799607583142,3785.4211179400804,3546.700867259174,3717.21533203125,231194,0.0,0.0
2009-09-24 00:00:00+09:00,3676.29103515625,3785.4202681107954,3580.8029563210225,3751.3173828125,226763,0.0,0.0
2009-09-25 00:00:00+09:00,3744.4971178556743,4044.6025334943806,3689.932496830455,3887.729248046875,759500,0.0,0.0
2009-09-28 00:00:00+09:00,3860.4472302056347,4010.4999494009066,3812.703183188957,3949.11474609375,210783,0.0,0.0
2009-09-29 00:00:00+09:00,3908.1913328855385,4105.98810191465,3833.1649722193238,4085.5263671875,536657,0.0,0.0
2009-09-30 00:00:00+09:00,4085.5263671875,4221.937932035163,3990.038271794136,4085.5263671875,328315,0.0,0.0
2009-10-01 00:00:00+09:00,4126.44873046875,4194.65449460873,4044.601813500775,4126.44873046875,216500,0.0,0.0
2009-10-05 00:00:00+09:00,4092.346945429883,4181.014462580863,3976.39711530937,4085.5263671875,174751,0.0,0.0
2009-10-06 00:00:00+09:00,4146.910991915423,4181.013878362096,4010.4994461287315,4112.80810546875,220188,0.0,0.0
2009-10-07 00:00:00+09:00,4146.910604508197,4324.24559746414,4024.1402247694673,4160.5517578125,651837,0.0,0.0
2009-10-08 00:00:00+09:00,4365.1696987480445,4781.224935659967,4235.578723316462,4358.34912109375,4853558,0.0,0.0
2009-10-09 00:00:00+09:00,4358.349137766768,4447.016647611788,4112.808341272866,4194.6552734375,1022385,0.0,0.0
2009-10-12 00:00:00+09:00,4276.503216615657,4644.814498429446,4228.759161565722,4631.17333984375,1268762,0.0,0.0
2009-10-13 00:00:00+09:00,4603.890441802194,4651.634490828291,4412.914245697807,4508.40234375,577095,0.0,0.0
2009-10-14 00:00:00+09:00,4569.786580403646,5183.638509114584,4487.939656575521,4910.8154296875,4871725,0.0,0.0
2009-10-15 00:00:00+09:00,4951.739979954769,5231.383697831003,4781.225517835115,5183.6396484375,1423915,0.0,0.0
2009-10-16 00:00:00+09:00,5108.612642566932,5306.409393747761,4569.787010039846,4760.76318359375,1500592,0.0,0.0
2009-10-19 00:00:00+09:00,4760.763833823644,5470.10400390625,4692.558048238779,5470.10400390625,3282487,0.0,0.0
2009-10-20 00:00:00+09:00,5661.0788981119795,5729.28466796875,4651.633504231771,4910.8154296875,5136892,0.0,0.0
2009-10-21 00:00:00+09:00,4985.8429047683185,5088.1515827047415,4719.840342133621,4944.91943359375,1429263,0.0,0.0
2009-10-22 00:00:00+09:00,4985.8428169742365,5231.383639698002,4863.0724056123545,4972.20166015625,1946991,0.0,0.0
2009-10-23 00:00:00+09:00,5115.4338557545725,5299.589474561737,4944.919393896087,5033.5869140625,1194286,0.0,0.0
2009-10-26 00:00:00+09:00,4944.9188314679495,5094.971540836632,4876.713054482185,5060.86865234375,817792,0.0,0.0
2009-10-27 00:00:00+09:00,5074.509577505311,5135.894774007392,4794.8659045513905,4815.32763671875,860782,0.0,0.0
2009-10-28 00:00:00+09:00,4869.892213983051,4869.892213983051,4672.095471398306,4828.96875,471106,0.0,0.0
2009-10-29 00:00:00+09:00,4774.404976677543,5129.075060659304,4651.6345629915495,5094.97216796875,744874,0.0,0.0
2009-10-30 00:00:00+09:00,5169.998576447148,5197.2808908347315,4979.02237573406,5081.3310546875,527375,0.0,0.0
2009-11-02 00:00:00+09:00,4979.02203125,5238.204,4944.919140625,5115.43359375,604843,0.0,0.0
2009-11-03 00:00:00+09:00,5169.999244740201,5326.87257274683,5019.946496212122,5176.81982421875,1233924,0.0,0.0
2009-11-04 00:00:00+09:00,5231.383195754716,5545.1297759433955,5183.639150943396,5422.359375,1779703,0.0,0.0
2009-11-05 00:00:00+09:00,5470.104090146521,5633.797978130956,5306.410202162087,5367.79541015625,1036138,0.0,0.0
2009-11-06 00:00:00+09:00,5558.771612804757,5592.874506134847,5279.127887498014,5367.79541015625,578854,0.0,0.0
2009-11-09 00:00:00+09:00,5320.051134072581,5436.000966481854,5169.998409778225,5285.9482421875,572205,0.0,0.0
2009-11-10 00:00:00+09:00,5354.153694273934,5388.256584046379,5115.433465866816,5156.35693359375,527767,0.0,0.0
2009-11-11 00:00:00+09:00,5204.101427868362,5265.486634750165,5122.254485359293,5169.99853515625,365009,0.0,0.0
2009-11-12 00:00:00+09:00,5169.99821875,5292.768625,5115.43359375,5115.43359375,298412,0.0,0.0
2009-11-13 00:00:00+09:00,5101.792728843027,5115.433885872019,4699.3785964877625,4719.84033203125,597718,0.0,0.0
2009-11-16 00:00:00+09:00,4699.377660927653,4869.89208984375,4535.683809168198,4869.89208984375,386673,0.0,0.0
2009-11-17 00:00:00+09:00,4869.892822265625,4897.175134995405,4535.684491325827,4637.9931640625,219752,0.0,0.0
2009-11-18 00:00:00+09:00,4637.992409131206,4849.43029837101,4569.786638408688,4808.5068359375,232033,0.0,0.0
2009-11-19 00:00:00+09:00,4876.71337890625,5019.945520104895,4842.610488144667,4876.71337890625,219375,0.0,0.0
2009-11-20 00:00:00+09:00,4910.815792871901,4979.0215677729,4822.148285500603,4951.7392578125,177432,0.0,0.0
2009-11-23 00:00:00+09:00,4951.7388916015625,4951.7388916015625,4849.430236816406,4910.8154296875,96553,0.0,0.0
2009-11-24 00:00:00+09:00,4944.918438566833,4972.2007471934085,4651.633620831145,4869.89208984375,220218,0.0,0.0
2009-11-25 00:00:00+09:00,4910.816806891026,4931.278543586405,4733.481755531072,4788.04638671875,115087,0.0,0.0
2009-11-26 00:00:00+09:00,4753.943176358895,4938.098794381406,4658.455078125,4658.455078125,185794,0.0,0.0
2009-11-27 00:00:00+09:00,4562.966639438522,4603.890107056805,4112.808495637412,4378.81103515625,269953,0.0,0.0
2009-11-30 00:00:00+09:00,4433.376550311549,4494.761764085093,4365.170757229833,4481.12060546875,133154,0.0,0.0
2009-12-01 00:00:00+09:00,4433.376157407407,4603.890625,4406.093842592592,4603.890625,152963,0.0,0.0
2009-12-02 00:00:00+09:00,4767.583032570423,4903.9945642605635,4706.197843309859,4842.609375,183266,0.0,0.0
2009-12-03 00:00:00+09:00,4788.04528601695,4910.815677966102,4767.583554025424,4828.96875,72104,0.0,0.0
2009-12-04 00:00:00+09:00,4733.480586705583,4897.17443984814,4733.480586705583,4856.2509765625,64904,0.0,0.0
2009-12-07 00:00:00+09:00,4924.458320203842,4992.664114112483,4828.9702087317455,4903.99658203125,175394,0.0,0.0
2009-12-08 00:00:00+09:00,4958.560004189154,4958.560004189154,4808.507294296222,4897.1748046875,62534,0.0,0.0
2009-12-09 00:00:00+09:00,4828.968667705408,4897.17443984814,4753.942318348402,4856.2509765625,172411,0.0,0.0
2009-12-10 00:00:00+09:00,4883.533121744792,5074.50927734375,4808.506774902344,5074.50927734375,276993,0.0,0.0
2009-12-11 00:00:00+09:00,5129.075060659304,5183.63968896419,5033.586961125753,5094.97216796875,233638,0.0,0.0
2009-12-14 00:00:00+09:00,5320.050806260913,5858.87646484375,5217.742136909742,5858.87646484375,2759484,0.0,0.0
2009-12-15 00:00:00+09:00,5933.9030502781725,6036.211723558831,5326.8715888129345,5401.89794921875,3550158,0.0,0.0
2009-12-16 00:00:00+09:00,5456.463548065111,5858.877734734913,5388.257753714297,5551.95166015625,2769199,0.0,0.0
2009-12-17 00:00:00+09:00,5551.950447514371,5783.85009765625,5354.15368709924,5783.85009765625,998733,0.0,0.0
2009-12-18 00:00:00+09:00,5742.926800827753,5920.261832682292,5654.259284900484,5729.28564453125,858939,0.0,0.0
2009-12-21 00:00:00+09:00,5968.006576726466,6104.418155623071,5524.6689453125,5524.6689453125,1093382,0.0,0.0
2009-12-22 00:00:00+09:00,5797.4916730608265,5797.4916730608265,5340.512917654855,5347.33349609375,699352,0.0,0.0
2009-12-23 00:00:00+09:00,5367.794888305663,5490.565292358398,5163.177548217773,5456.46240234375,469254,0.0,0.0
2009-12-24 00:00:00+09:00,5456.4622751240695,5558.770942782646,5408.718230216734,5497.3857421875,216230,0.0,0.0
2009-12-28 00:00:00+09:00,5436.00066833496,5538.3093383789055,5374.615466308594,5456.46240234375,246825,0.0,0.0
2009-12-29 00:00:00+09:00,5560.725244728916,5859.614226633095,5470.363459502071,5769.25244140625,572020,150.0,0.0
2009-12-30 00:00:00+09:00,5804.008233671505,5908.271854635664,5651.088256257405,5866.56640625,403227,0.0,0.0
2010-01-04 00:00:00+09:00,5908.272279382578,6151.55407912186,5810.959559486864,6019.48681640625,635008,0.0,0.0
2010-01-05 00:00:00+09:00,6019.485668643904,6102.896555507331,5630.23486328125,5630.23486328125,456880,0.0,0.0
2010-01-06 00:00:00+09:00,5699.743852260391,5727.547480808003,5602.43115234375,5602.43115234375,246924,0.0,0.0
2010-01-07 00:00:00+09:00,5581.579316926092,5699.744757010456,5373.052069718393,5484.2666015625,531918,0.0,0.0
2010-01-08 00:00:00+09:00,5567.677110598825,5609.382557120164,5380.002601252797,5435.60986328125,215481,0.0,0.0
2010-01-11 00:00:00+09:00,5456.462238954915,5553.774941305703,5393.90407315798,5400.85498046875,243337,0.0,0.0
2010-01-12 00:00:00+09:00,5393.904032258064,5484.265826612903,5331.345866935484,5386.953125,153520,0.0,0.0
2010-01-13 00:00:00+09:00,5317.444940114299,5435.6103832279505,5289.6413064405,5359.150390625,153900,0.0,0.0
2010-01-14 00:00:00+09:00,5449.511931818181,5525.971920657467,5268.788321834415,5352.19921875,267777,0.0,0.0
2010-01-15 00:00:00+09:00,5393.904296875,5477.315188063789,5352.198851280606,5393.904296875,150086,0.0,0.0
2010-01-18 00:00:00+09:00,5491.217131934905,5838.762520032052,5491.217131934905,5692.79345703125,662623,0.0,0.0
2010-01-19 00:00:00+09:00,5692.7930284288195,5727.547564621914,5560.725790895062,5630.23486328125,263698,0.0,0.0
2010-01-20 00:00:00+09:00,5699.744523833069,5699.744523833069,5477.315469244461,5491.21728515625,224639,0.0,0.0
2010-01-21 00:00:00+09:00,5428.65974864654,5797.057913407445,5421.708839877467,5637.18701171875,254172,0.0,0.0
2010-01-22 00:00:00+09:00,5532.921912515007,5852.663631077431,5525.971005589736,5790.10546875,555129,0.0,0.0
2010-01-25 00:00:00+09:00,5762.302436048551,5845.713327764573,5532.922483829489,5574.6279296875,334660,0.0,0.0
2010-01-26 00:00:00+09:00,5630.234879032258,5664.9894153225805,5227.082258064516,5386.953125,309455,0.0,0.0
2010-01-27 00:00:00+09:00,5386.953184225489,5393.9040915599735,5143.671427518531,5157.5732421875,189282,0.0,0.0
2010-01-28 00:00:00+09:00,5150.6221878241695,5227.082166320885,4914.291345197959,5025.505859375,282249,0.0,0.0
2010-01-29 00:00:00+09:00,4872.586339222302,4969.8990478515625,4462.482781427557,4587.59912109375,291386,0.0,0.0
2010-02-01 00:00:00+09:00,4483.336344170503,4928.194524057189,4309.563617652267,4907.341796875,192128,0.0,0.0
2010-02-02 00:00:00+09:00,5004.653278097982,5039.407814751441,4775.273336185159,4823.9296875,135853,0.0,0.0
2010-02-03 00:00:00+09:00,4921.2423901296825,5018.555092759366,4796.126058177233,4823.9296875,178734,0.0,0.0
2010-02-04 00:00:00+09:00,4935.144427737099,5317.444348195607,4858.684443645398,4983.80078125,460658,0.0,0.0
2010-02-05 00:00:00+09:00,4455.531519067896,4886.487765842014,4392.973354213588,4629.30419921875,231172,0.0,0.0
2010-02-08 00:00:00+09:00,4691.863698292648,4837.83279112842,4552.845514639533,4573.6982421875,120821,0.0,0.0
2010-02-09 00:00:00+09:00,4504.188126639805,4733.5680775334995,4504.188126639805,4636.25537109375,218482,0.0,0.0
2010-02-10 00:00:00+09:00,4726.618050302572,4754.421685892587,4594.55078125,4594.55078125,97483,0.0,0.0
2010-02-11 00:00:00+09:00,4559.794077358841,4677.95947265625,4559.794077358841,4677.95947265625,77916,0.0,0.0
2010-02-12 00:00:00+09:00,4677.9608340992645,4726.6171875,4587.59903492647,4726.6171875,121276,0.0,0.0
2010-02-16 00:00:00+09:00,4677.961030202672,4823.930096524004,4664.059214362545,4796.12646484375,97086,0.0,0.0
2010-02-17 00:00:00+09:00,4830.880676094645,4900.389750570827,4796.1261388565545,4851.7333984375,71501,0.0,0.0
2010-02-18 00:00:00+09:00,4900.389626563629,4900.389626563629,4810.02783203125,4810.02783203125,55726,0.0,0.0
2010-02-19 00:00:00+09:00,4726.617317314955,4837.831842428248,4601.5009765625,4601.5009765625,158547,0.0,0.0
2010-02-22 00:00:00+09:00,4900.389803712221,5289.640625,4872.586173620237,5289.640625,954946,0.0,0.0
2010-02-23 00:00:00+09:00,5206.2292950831425,5373.051061547756,5074.162063298657,5303.5419921875,1317283,0.0,0.0
2010-02-24 00:00:00+09:00,5227.082678865132,5755.351673005757,5164.524508506373,5282.68994140625,1934520,0.0,0.0
2010-02-25 00:00:00+09:00,5352.198077153894,5352.198077153894,4976.84912109375,4976.84912109375,504847,0.0,0.0
2010-02-26 00:00:00+09:00,4997.701840874869,5067.210906811933,4837.830989219623,4976.84912109375,217047,0.0,0.0
2010-03-02 00:00:00+09:00,5053.309734446422,5074.1624568719235,4935.144307368583,4942.09521484375,142108,0.0,0.0
2010-03-03 00:00:00+09:00,4872.586698262675,5060.261221590909,4872.586698262675,4969.8994140625,103218,0.0,0.0
2010-03-04 00:00:00+09:00,4935.145433117918,5067.212705271778,4900.390887814271,4907.341796875,200187,0.0,0.0
2010-03-05 00:00:00+09:00,4983.800655802248,5331.346029289155,4942.095210983819,5275.73876953125,668966,0.0,0.0
2010-03-08 00:00:00+09:00,5296.59102903376,5644.136372146211,5289.640122171511,5366.10009765625,797345,0.0,0.0
2010-03-09 00:00:00+09:00,5359.149745750169,5359.149745750169,4969.898921156124,5136.720703125,324733,0.0,0.0
2010-03-10 00:00:00+09:00,5171.475035365226,5234.033201115612,5025.50598194766,5067.21142578125,277718,0.0,0.0
2010-03-11 00:00:00+09:00,5122.819031925877,5157.573570812755,5060.260861929496,5101.96630859375,157706,0.0,0.0
2010-03-12 00:00:00+09:00,5101.965624477774,5213.180134003175,5101.965624477774,5199.2783203125,160200,0.0,0.0
2010-03-15 00:00:00+09:00,5192.328202960872,5199.2791108630945,4955.997334285276,4962.9482421875,200331,0.0,0.0
2010-03-16 00:00:00+09:00,4969.898034786814,5046.358004552764,4921.2416903902995,4997.70166015625,129266,0.0,0.0
2010-03-17 00:00:00+09:00,5025.505155373422,5039.406967698107,4935.143375262974,4955.99609375,95341,0.0,0.0
2010-03-18 00:00:00+09:00,4942.095780976836,5025.506680233829,4914.292147891171,4969.8994140625,97163,0.0,0.0
2010-03-19 00:00:00+09:00,4997.701530724054,5004.652436886396,4935.143375262974,4955.99609375,83498,0.0,0.0
2010-03-22 00:00:00+09:00,4990.75146484375,5004.653279509053,4900.389669519281,4990.75146484375,81521,0.0,0.0
2010-03-23 00:00:00+09:00,4962.949069360836,4997.703614664483,4900.390887814271,4907.341796875,87680,0.0,0.0
2010-03-24 00:00:00+09:00,4955.99645051502,4955.99645051502,4629.303837367466,4671.00927734375,227118,0.0,0.0
2010-03-25 00:00:00+09:00,4671.009361131657,4726.616615430843,4643.205733982064,4698.81298828125,137944,0.0,0.0
2010-03-26 00:00:00+09:00,4754.421649749088,4768.323467438413,4677.961652457801,4761.37255859375,68507,0.0,0.0
2010-03-29 00:00:00+09:00,4629.303920407267,4775.272962942631,4483.334877871903,4698.81298828125,173937,0.0,0.0
2010-03-30 00:00:00+09:00,4698.813556985294,4796.126263786765,4643.2062959558825,4726.6171875,77721,0.0,0.0
2010-03-31 00:00:00+09:00,4733.56762147912,4733.56762147912,4594.549482816004,4650.15673828125,78609,0.0,0.0
2010-04-01 00:00:00+09:00,4650.157331299566,4657.108239119147,4518.09008272753,4601.5009765625,129549,0.0,0.0
2010-04-02 00:00:00+09:00,4657.107762396793,4657.107762396793,4483.335084695421,4525.04052734375,113240,0.0,0.0
2010-04-05 00:00:00+09:00,4518.09106045082,4525.04196977459,4205.300140881148,4240.0546875,211945,0.0,0.0
2010-04-06 00:00:00+09:00,4240.054500325521,4392.974498697917,4156.6435921223965,4170.54541015625,135847,0.0,0.0
2010-04-07 00:00:00+09:00,4170.545189077769,4302.612453398565,4135.790645835454,4267.85791015625,72765,0.0,0.0
2010-04-08 00:00:00+09:00,4247.004902742347,4782.224833202512,4247.004902742347,4427.728515625,244895,0.0,0.0
2010-04-09 00:00:00+09:00,4483.336008899616,4511.139643063335,4372.121472244742,4420.77783203125,72979,0.0,0.0
2010-04-12 00:00:00+09:00,4365.170018774224,4587.59906431686,4358.219111101017,4483.33544921875,106250,0.0,0.0
2010-04-13 00:00:00+09:00,4476.384765625,4559.795661878882,4448.581133540372,4476.384765625,36743,0.0,0.0
2010-04-14 00:00:00+09:00,4469.433351473043,4622.353310621422,4469.433351473043,4552.84423828125,74417,0.0,0.0
2010-04-15 00:00:00+09:00,4552.8445822975855,4587.59912109375,4476.384596946023,4587.59912109375,78158,0.0,0.0
2010-04-16 00:00:00+09:00,4601.501122229357,4608.452030268978,4490.286593595415,4566.74658203125,33401,0.0,0.0
2010-04-19 00:00:00+09:00,4518.0908203125,4566.747182992788,4490.287184495192,4518.0908203125,23648,0.0,0.0
2010-04-20 00:00:00+09:00,4490.286073175095,4559.795145515267,4469.433351473043,4552.84423828125,46730,0.0,0.0
2010-04-21 00:00:00+09:00,4587.598575882847,4726.616714545964,4580.647668949691,4650.15673828125,65805,0.0,0.0
2010-04-22 00:00:00+09:00,4650.15585023333,4719.664906290629,4622.35222781041,4677.95947265625,80767,0.0,0.0
2010-04-23 00:00:00+09:00,4684.9113975694445,4733.567747395834,4629.304140625,4691.8623046875,34203,0.0,0.0
2010-04-26 00:00:00+09:00,4705.7653236100605,4740.51986809758,4573.698054557489,4594.55078125,50304,0.0,0.0
2010-04-27 00:00:00+09:00,4552.845514639533,4643.207334014058,4504.189150360942,4573.6982421875,70914,0.0,0.0
2010-04-28 00:00:00+09:00,4448.5810546875,4573.697396850586,4448.5810546875,4448.5810546875,82027,0.0,0.0
2010-04-29 00:00:00+09:00,4455.531364428672,4490.285899252608,4330.4150390625,4330.4150390625,81342,0.0,0.0
2010-04-30 00:00:00+09:00,4386.02332729232,4434.6796875,4330.416058483543,4434.6796875,73611,0.0,0.0
2010-05-03 00:00:00+09:00,4483.3362388899395,4810.028957072617,4476.385329992436,4594.55078125,225538,0.0,0.0
2010-05-04 00:00:00+09:00,4615.403697283435,4657.109152379369,4531.992787091565,4573.6982421875,41381,0.0,0.0
2010-05-06 00:00:00+09:00,4476.385022127176,4531.992289482793,4330.415945318681,4392.97412109375,42476,0.0,0.0
2010-05-07 00:00:00+09:00,4170.54447259385,4386.022603677866,4107.986305504942,4351.26806640625,125469,0.0,0.0
2010-05-10 00:00:00+09:00,4372.121395835394,4448.581388449367,4274.808677963064,4392.97412109375,84837,0.0,0.0
2010-05-11 00:00:00+09:00,4427.728554595804,4525.041270081426,4379.072196852992,4441.63037109375,64745,0.0,0.0
2010-05-12 00:00:00+09:00,4483.335414510551,4483.335414510551,4302.61181640625,4302.61181640625,64807,0.0,0.0
2010-05-13 00:00:00+09:00,4365.170225212956,4434.67930523227,4309.562961197505,4386.02294921875,66703,0.0,0.0
2010-05-14 00:00:00+09:00,4379.0714296875,4483.33503515625,4323.4641734375,4344.31689453125,103766,0.0,0.0
2010-05-17 00:00:00+09:00,4344.317578893947,4657.108444574311,4274.808497631644,4413.82666015625,432117,0.0,0.0
2010-05-18 00:00:00+09:00,4483.335008808212,4483.335008808212,4240.0532641442,4253.955078125,102500,0.0,0.0
2010-05-19 00:00:00+09:00,4253.956458086812,4295.6619135582505,4038.478271484375,4038.478271484375,95448,0.0,0.0
2010-05-20 00:00:00+09:00,4038.4781024639424,4601.501727764423,3822.9999248798076,3975.919921875,464294,0.0,0.0
2010-05-24 00:00:00+09:00,3975.918964460784,4003.7225935828874,3843.851726130793,3899.458984375,80669,0.0,0.0
2010-05-25 00:00:00+09:00,3843.852351008235,3843.852351008235,3551.914197767103,3600.570556640625,184455,0.0,0.0
2010-05-26 00:00:00+09:00,3551.91379544196,3753.4901165140086,3551.91379544196,3628.373779296875,125348,0.0,0.0
2010-05-27 00:00:00+09:00,3551.9143715387654,3857.75435656363,3538.0125540376353,3843.8525390625,118779,0.0,0.0
2010-05-28 00:00:00+09:00,3941.164720040268,3941.164720040268,3788.2447485395874,3829.9501953125,59716,0.0,0.0
2010-05-31 00:00:00+09:00,3822.998483620304,3920.3111722942754,3822.998483620304,3885.556640625,35059,0.0,0.0
2010-06-01 00:00:00+09:00,3892.5078125,4031.525948660714,3857.753278459821,3892.5078125,68056,0.0,0.0
2010-06-03 00:00:00+09:00,3941.1641601562496,3962.016880580357,3857.753278459821,3892.5078125,39083,0.0,0.0
2010-06-04 00:00:00+09:00,3906.410055437893,3955.066408441568,3857.753702434218,3871.655517578125,76068,0.0,0.0
2010-06-07 00:00:00+09:00,3739.5882359288676,3774.3427734375005,3670.0791609116027,3774.3427734375,69293,0.0,0.0
2010-06-08 00:00:00+09:00,3697.8825921014904,3850.8025489177176,3697.8825921014904,3788.244384765625,28412,0.0,0.0
2010-06-09 00:00:00+09:00,3816.0488235701378,3816.0488235701378,3725.6870117187505,3725.68701171875,20856,0.0,0.0
2010-06-10 00:00:00+09:00,3802.146260727931,3809.09716796875,3711.7844665972852,3809.09716796875,39725,0.0,0.0
2010-06-11 00:00:00+09:00,3843.851704172844,3948.1153127851276,3809.09716796875,3809.09716796875,95173,0.0,0.0
2010-06-14 00:00:00+09:00,3885.5572934651245,3885.5572934651245,3774.3427734375005,3774.3427734375,52433,0.0,0.0
2010-06-15 00:00:00+09:00,3788.2445884409535,3843.8518484547653,3732.6373284271413,3774.3427734375,47150,0.0,0.0
2010-06-16 00:00:00+09:00,3795.194876047486,3822.9985015130355,3725.6858123836128,3732.63671875,73717,0.0,0.0
2010-06-17 00:00:00+09:00,3732.6374757715957,3788.244737980484,3628.373859129931,3656.177490234375,62536,0.0,0.0
2010-06-18 00:00:00+09:00,3656.1772256324407,3697.8826692708335,3621.422689267113,3649.226318359375,34507,0.0,0.0
2010-06-21 00:00:00+09:00,3649.2263793945312,3711.7845458984375,3642.2754720052085,3670.0791015625,53449,0.0,0.0
2010-06-22 00:00:00+09:00,3649.2264819007914,3711.784650161948,3614.471943977927,3621.4228515625,43142,0.0,0.0
2010-06-23 00:00:00+09:00,3621.422915458679,3656.177453994751,3544.9629306793213,3558.86474609375,69410,0.0,0.0
2010-06-24 00:00:00+09:00,3538.0119801956116,3642.275594543223,3471.978357775458,3628.373779296875,161444,0.0,0.0
2010-06-25 00:00:00+09:00,3607.5204653121978,3628.373184764869,3544.9623069541826,3593.61865234375,37304,0.0,0.0
2010-06-28 00:00:00+09:00,3621.423223225121,3621.423223225121,3558.865048543689,3579.7177734375,28084,0.0,0.0
2010-06-29 00:00:00+09:00,3607.5216335192727,3628.3743597245866,3544.9634549033317,3572.76708984375,83943,0.0,0.0
2010-06-30 00:00:00+09:00,3475.454367552286,3572.76708984375,3426.7980064065537,3572.76708984375,48261,0.0,0.0
2010-07-01 00:00:00+09:00,3524.1102424882665,3704.833844667152,3524.1102424882665,3656.177490234375,37826,0.0,0.0
2010-07-02 00:00:00+09:00,3683.9807504507216,3683.9807504507216,3579.7171443058896,3614.4716796875,28230,0.0,0.0
2010-07-05 00:00:00+09:00,3621.4228083995167,3802.146403444406,3579.7173633891575,3774.3427734375,84746,0.0,0.0
2010-07-06 00:00:00+09:00,3767.3912505819367,3767.3912505819367,3697.8821869180633,3732.63671875,150583,0.0,0.0
2010-07-07 00:00:00+09:00,3760.4403442155494,3760.4403442155494,3600.5694977886405,3732.63671875,64058,0.0,0.0
2010-07-08 00:00:00+09:00,3746.539463747572,3913.361258051731,3718.7358313635455,3802.146728515625,69084,0.0,0.0
2010-07-09 00:00:00+09:00,3829.950215215268,3871.6556622049084,3774.342952562415,3836.901123046875,36881,0.0,0.0
2010-07-12 00:00:00+09:00,3809.0979953096744,3948.1161703209764,3802.147086559109,3843.8525390625,35164,0.0,0.0
2010-07-13 00:00:00+09:00,3913.3611970789293,3913.3611970789293,3781.2939453125,3781.2939453125,14204,0.0,0.0
2010-07-14 00:00:00+09:00,3843.8517862955728,3843.8517862955728,3725.6863606770835,3753.489990234375,29411,0.0,0.0
2010-07-15 00:00:00+09:00,3802.1468562268947,3802.1468562268947,3690.932322955176,3760.44140625,19208,0.0,0.0
2010-07-16 00:00:00+09:00,3753.490260219754,3781.2938917769375,3642.275733991021,3677.0302734375,29622,0.0,0.0
2010-07-19 00:00:00+09:00,3614.4717235779494,3962.017081614291,3579.7171877743153,3711.784423828125,137846,0.0,0.0
2010-07-20 00:00:00+09:00,3704.8335557311543,3746.538999135257,3635.3244833909826,3642.275390625,40151,0.0,0.0
2010-07-21 00:00:00+09:00,3677.0303637605884,3822.999433021406,3670.0794557005493,3795.19580078125,76530,0.0,0.0
2010-07-22 00:00:00+09:00,3836.9011755601414,3864.704807267099,3656.1775694649177,3683.981201171875,87072,0.0,0.0
2010-07-23 00:00:00+09:00,3718.7353134855216,3822.9989204056765,3649.226242205418,3788.244384765625,53467,0.0,0.0
2010-07-26 00:00:00+09:00,3829.9504473286293,4135.790410454691,3753.490456547114,4094.0849609375,512749,0.0,0.0
2010-07-27 00:00:00+09:00,4170.544519558758,4170.544519558758,3913.360940852635,3948.115478515625,182498,0.0,0.0
2010-07-28 00:00:00+09:00,3975.9190857656513,4121.8881431101945,3906.4100108396783,4107.986328125,285019,0.0,0.0
2010-07-29 00:00:00+09:00,4135.790116743608,4135.790116743608,3711.784743430398,3822.999267578125,334716,0.0,0.0
2010-07-30 00:00:00+09:00,3802.14673718604,3850.803093969042,3683.9812992844627,3718.73583984375,136945,0.0,0.0
2010-08-02 00:00:00+09:00,3816.0485249613666,3822.999433021406,3718.7358121208217,3795.19580078125,121644,0.0,0.0
2010-08-03 00:00:00+09:00,3843.8522463660256,3843.8522463660256,3718.735898383045,3739.588623046875,49865,0.0,0.0
2010-08-04 00:00:00+09:00,3781.2934776376146,3816.048013277666,3683.98077784547,3788.244384765625,85825,0.0,0.0
2010-08-05 00:00:00+09:00,3836.900688559322,3857.7534096927966,3690.931640625,3690.931640625,77514,0.0,0.0
2010-08-06 00:00:00+09:00,3697.8825476694915,3753.489804025424,3649.226198358051,3690.931640625,43747,0.0,0.0
2010-08-09 00:00:00+09:00,3690.931640625,3690.931640625,3649.226198358051,3690.931640625,44884,0.0,0.0
2010-08-10 00:00:00+09:00,3697.882936891041,3753.4901990999288,3628.373859129931,3656.177490234375,65814,0.0,0.0
2010-08-11 00:00:00+09:00,3656.1777647148056,3656.1777647148056,3524.1105070540048,3579.7177734375,78855,0.0,0.0
2010-08-12 00:00:00+09:00,3551.9132666400096,3572.7659864050197,3475.453294168307,3531.060546875,67087,0.0,0.0
2010-08-13 00:00:00+09:00,3558.864884393063,3781.2939396676297,3531.0612524837425,3607.521240234375,130539,0.0,0.0
2010-08-16 00:00:00+09:00,3677.0301326590934,3677.0301326590934,3558.8647030651337,3628.373779296875,33574,0.0,0.0
2010-08-17 00:00:00+09:00,3551.9132134384067,3642.274997733317,3551.9132134384067,3593.61865234375,29073,0.0,0.0
2010-08-18 00:00:00+09:00,3607.521036393354,3649.2264819007914,3600.570128808781,3621.4228515625,33845,0.0,0.0
2010-08-19 00:00:00+09:00,3628.373779296875,3663.128317412745,3593.6192411810043,3628.373779296875,34810,0.0,0.0
2010-08-20 00:00:00+09:00,3635.3245448747684,3802.1463213126162,3607.5209154684603,3746.5390625,76977,0.0,0.0
2010-08-23 00:00:00+09:00,3781.29343220339,3781.29343220339,3690.931640625,3690.931640625,51309,0.0,0.0
2010-08-24 00:00:00+09:00,3718.735285832332,3732.6370999849764,3614.4716796875005,3614.4716796875,42924,0.0,0.0
2010-08-25 00:00:00+09:00,3558.86474609375,3697.882900238037,3551.9138383865356,3558.86474609375,39934,0.0,0.0
2010-08-26 00:00:00+09:00,3551.91398352749,3614.4721554487182,3524.1103515625,3524.1103515625,45853,0.0,0.0
2010-08-27 00:00:00+09:00,3510.2081494140625,3593.6190361328127,3475.4536132812505,3475.45361328125,35198,0.0,0.0
2010-08-30 00:00:00+09:00,3503.2580024927042,3586.668907313959,3482.4052762873903,3572.76708984375,28037,0.0,0.0
2010-08-31 00:00:00+09:00,3496.3061939201734,3690.9315884127477,3496.3061939201734,3510.2080078125,102825,0.0,0.0
2010-09-01 00:00:00+09:00,3544.962646484375,3600.56990368413,3524.109925034467,3544.962646484375,31358,0.0,0.0
2010-09-02 00:00:00+09:00,3551.9135536343447,3586.6680893841913,3544.962646484375,3544.962646484375,21287,0.0,0.0
2010-09-03 00:00:00+09:00,3593.6190173602618,3593.6190173602618,3538.0117598382462,3551.91357421875,56301,0.0,0.0
2010-09-06 00:00:00+09:00,3551.9132134384067,3628.373184764869,3551.9132134384067,3593.61865234375,30561,0.0,0.0
2010-09-07 00:00:00+09:00,3607.5216335192727,3642.2761771947958,3565.816181108645,3572.76708984375,15974,0.0,0.0
2010-09-08 00:00:00+09:00,3579.7176154924805,3600.570339466223,3503.2576275887573,3524.1103515625,73014,0.0,0.0
2010-09-09 00:00:00+09:00,3544.96296432783,3565.8156876474054,3298.2057383795204,3315.5830078125,340493,0.0,0.0
2010-09-10 00:00:00+09:00,3346.861867974729,3426.797301996971,3343.3864143215883,3405.944580078125,94632,0.0,0.0
2010-09-13 00:00:00+09:00,3412.8955902036423,3412.8955902036423,3329.484700015366,3357.288330078125,82505,0.0,0.0
2010-09-14 00:00:00+09:00,3350.337422562435,3388.5674138987283,3336.4356075310557,3357.288330078125,41300,0.0,0.0
2010-09-15 00:00:00+09:00,3378.141485595703,3378.141485595703,3319.0587641398115,3336.43603515625,38999,0.0,0.0
2010-09-16 00:00:00+09:00,3353.812436609994,3357.2878899121806,3329.4842634946885,3332.959716796875,32209,0.0,0.0
2010-09-17 00:00:00+09:00,3336.4360736514523,3378.1415245720955,3329.4851651646786,3350.337890625,33288,0.0,0.0
2010-09-20 00:00:00+09:00,3385.092491039787,3388.567945342703,3346.8624937077157,3371.190673828125,18592,0.0,0.0
2010-09-24 00:00:00+09:00,3364.2392866225837,3430.2729089839777,3357.288379005595,3416.37109375,33203,0.0,0.0
2010-09-27 00:00:00+09:00,3416.3709516419626,3451.12548828125,3395.5182296583903,3451.12548828125,62550,0.0,0.0
2010-09-28 00:00:00+09:00,3398.9935963350185,3558.864460784314,3398.9935963350185,3544.962646484375,117135,0.0,0.0
2010-09-29 00:00:00+09:00,3572.7667075012328,3572.7667075012328,3496.30671959751,3524.1103515625,75759,0.0,0.0
2010-09-30 00:00:00+09:00,3510.2081310772382,3621.4226461212697,3510.2081310772382,3551.91357421875,74379,0.0,0.0
2010-10-01 00:00:00+09:00,3558.864460784314,3607.5208108340994,3531.0608321844365,3544.962646484375,59061,0.0,0.0
2010-10-04 00:00:00+09:00,3593.6191003209497,3697.882710581712,3544.962748865927,3663.128173828125,93435,0.0,0.0
2010-10-05 00:00:00+09:00,3670.079365548204,3683.9811813267956,3600.5702866552456,3677.0302734375,40703,0.0,0.0
2010-10-06 00:00:00+09:00,3718.735740805572,3718.735740805572,3649.226661538178,3683.981201171875,82228,0.0,0.0
2010-10-07 00:00:00+09:00,3690.9318237304688,3690.9318237304688,3628.3736572265625,3670.0791015625,87993,0.0,0.0
2010-10-08 00:00:00+09:00,3677.0295301544365,3677.0295301544365,3565.8150264068545,3593.61865234375,42885,0.0,0.0
2010-10-11 00:00:00+09:00,3683.981629605423,3683.981629605423,3572.76708984375,3572.76708984375,29647,0.0,0.0
2010-10-12 00:00:00+09:00,3607.521614297789,3607.521614297789,3524.110709920961,3565.816162109375,27883,0.0,0.0
2010-10-13 00:00:00+09:00,3593.6191003209497,3677.02998852956,3538.0118415152097,3663.128173828125,58727,0.0,0.0
2010-10-14 00:00:00+09:00,3746.539463747572,3843.852177091665,3683.9812908835124,3802.146728515625,145243,0.0,0.0
2010-10-15 00:00:00+09:00,3822.998483620304,3955.0657039635507,3816.047577286449,3885.556640625,101997,0.0,0.0
2010-10-18 00:00:00+09:00,3899.4583109714677,4010.6728082540762,3878.6055927309785,3996.77099609375,200565,0.0,0.0
2010-10-19 00:00:00+09:00,4059.32966256649,4066.280569522939,3920.3115234375005,3920.3115234375,112156,0.0,0.0
2010-10-20 00:00:00+09:00,3892.5082381370826,3955.0664062499995,3843.851885160369,3955.06640625,94460,0.0,0.0
2010-10-21 00:00:00+09:00,3962.0182697867363,4073.232817710574,3962.0182697867363,4038.478271484375,78060,0.0,0.0
2010-10-22 00:00:00+09:00,4059.32945353909,4080.1821733346674,3857.7531621818407,3934.213134765625,62469,0.0,0.0
2010-10-25 00:00:00+09:00,3962.017151198462,4038.4771313093097,3927.2626147844403,3982.869873046875,44892,0.0,0.0
2010-10-26 00:00:00+09:00,4031.5270831133867,4149.692532101193,3955.0670867095123,4114.93798828125,528322,0.0,0.0
2010-10-27 00:00:00+09:00,4170.5442101705485,4240.053280340058,4101.0351400010395,4177.4951171875,129385,0.0,0.0
2010-10-28 00:00:00+09:00,4191.3972370071915,4226.151774627483,4073.2318090981994,4198.34814453125,76770,0.0,0.0
2010-10-29 00:00:00+09:00,4212.249836695234,4219.200744016513,4101.035319554766,4156.642578125,73200,0.0,0.0
2010-11-01 00:00:00+09:00,4101.035319554766,4212.249836695234,4059.32987562709,4156.642578125,43935,0.0,0.0
2010-11-02 00:00:00+09:00,4156.642954438308,4177.495678290005,3982.8702556741646,4031.526611328125,56041,0.0,0.0
2010-11-03 00:00:00+09:00,4066.2814362516106,4080.1832531276846,3892.5087253006873,4045.4287109375,88527,0.0,0.0
2010-11-04 00:00:00+09:00,4045.428038592114,4045.428038592114,3948.1153366328535,3982.869873046875,60747,0.0,0.0
2010-11-05 00:00:00+09:00,4003.7220483005367,4059.3292989713773,3857.7530152895793,3885.556640625,59430,0.0,0.0
2010-11-08 00:00:00+09:00,3885.557312450821,3948.1154802720325,3809.097329558229,3864.70458984375,26466,0.0,0.0
2010-11-09 00:00:00+09:00,3920.311085304054,3920.311085304054,3816.0474926097972,3857.7529296875,47551,0.0,0.0
2010-11-10 00:00:00+09:00,3795.195474672834,3878.606364226083,3795.195474672834,3850.802734375,26648,0.0,0.0
2010-11-11 00:00:00+09:00,3857.7530152895793,3906.409359626565,3822.998483620304,3885.556640625,36328,0.0,0.0
2010-11-12 00:00:00+09:00,3899.459346900796,3968.96842616819,3677.030293245136,3683.981201171875,102476,0.0,0.0
2010-11-15 00:00:00+09:00,3697.8826692708335,3732.6372056361606,3593.6190601748513,3649.226318359375,45876,0.0,0.0
2010-11-16 00:00:00+09:00,3551.9136759440103,3753.489990234375,3551.9136759440103,3753.489990234375,48971,0.0,0.0
2010-11-17 00:00:00+09:00,3649.226720069184,3746.5394326043624,3642.275812030957,3704.833984375,29983,0.0,0.0
2010-11-18 00:00:00+09:00,3683.980916341146,3767.391805013021,3663.1281941731772,3753.489990234375,29548,0.0,0.0
2010-11-19 00:00:00+09:00,3781.2930633147116,3781.2930633147116,3718.7349060172255,3732.63671875,15750,0.0,0.0
2010-11-22 00:00:00+09:00,3732.637184667223,3746.538999135257,3614.471761688931,3642.275390625,75267,0.0,0.0
2010-11-23 00:00:00+09:00,3642.2757199309594,3677.030259243278,3586.6684570312505,3586.66845703125,39909,0.0,0.0
2010-11-24 00:00:00+09:00,3253.0244508044557,3524.109821704827,3239.1226369121287,3510.2080078125,146469,0.0,0.0
2010-11-25 00:00:00+09:00,3579.7171443058896,3635.3244009164664,3496.3062593900245,3614.4716796875,24910,0.0,0.0
2010-11-26 00:00:00+09:00,3656.1771396119843,3656.1771396119843,3440.699019216601,3538.01171875,53205,0.0,0.0
2010-11-29 00:00:00+09:00,3482.4052577325474,3683.981609976547,3475.4543490344786,3565.816162109375,157310,0.0,0.0
2010-11-30 00:00:00+09:00,3565.8157794937315,3593.6194113026495,3475.453976114748,3517.159423828125,34509,0.0,0.0
2010-12-01 00:00:00+09:00,3517.1598012228924,3565.816162109375,3454.6016229402717,3565.816162109375,23478,0.0,0.0
2010-12-02 00:00:00+09:00,3600.5698827357564,3614.471696954813,3524.109904530943,3538.01171875,20793,0.0,0.0
2010-12-03 00:00:00+09:00,3544.962685546875,3565.815407226563,3468.5027060546877,3475.45361328125,89797,0.0,0.0
2010-12-06 00:00:00+09:00,3447.6497836777885,3503.2570382532367,3447.6497836777885,3489.355224609375,22261,0.0,0.0
2010-12-07 00:00:00+09:00,3475.4538774014472,3531.06113943987,3461.5520618918413,3482.40478515625,23296,0.0,0.0
2010-12-08 00:00:00+09:00,3465.0276141864038,3572.766687445961,3465.0276141864038,3517.159423828125,33895,0.0,0.0
2010-12-09 00:00:00+09:00,3572.766338355655,3649.226318359375,3510.2081728980656,3649.226318359375,92983,0.0,0.0
2010-12-10 00:00:00+09:00,3614.4723149271845,3656.1777647148056,3572.766865139563,3579.7177734375,39561,0.0,0.0
2010-12-13 00:00:00+09:00,3544.963068438403,3614.4721482117047,3531.0612524837425,3607.521240234375,21719,0.0,0.0
2010-12-14 00:00:00+09:00,3538.0117448099545,3906.409824328476,3538.0117448099545,3711.784423828125,162702,0.0,0.0
2010-12-15 00:00:00+09:00,3753.490030774331,3816.048197953903,3711.7845859879494,3767.391845703125,64031,0.0,0.0
2010-12-16 00:00:00+09:00,3767.391805013021,3822.999064127604,3753.489990234375,3753.489990234375,25061,0.0,0.0
2010-12-17 00:00:00+09:00,3732.637247796846,3795.1954139610393,3718.7354330936923,3746.5390625,38752,0.0,0.0
2010-12-20 00:00:00+09:00,3753.490280439269,3774.3430042194873,3642.2757536114386,3683.981201171875,70378,0.0,0.0
2010-12-21 00:00:00+09:00,3718.7353134855216,3809.0971061496557,3718.7353134855216,3788.244384765625,48720,0.0,0.0
2010-12-22 00:00:00+09:00,3788.2448927212113,3822.999433021406,3767.392168541094,3795.19580078125,26552,0.0,0.0
2010-12-23 00:00:00+09:00,3822.9991045239167,3871.655456763312,3753.4900298962093,3850.802734375,98564,0.0,0.0
2010-12-24 00:00:00+09:00,3850.8023716517855,3989.8205078124997,3843.85146484375,3892.5078125,68856,0.0,0.0
2010-12-27 00:00:00+09:00,3955.0670790715412,3955.0670790715412,3843.8525390625,3843.8525390625,57177,0.0,0.0
2010-12-28 00:00:00+09:00,3843.8517462570894,3913.3608194262956,3809.0972096724868,3906.409912109375,85188,0.0,0.0
2010-12-29 00:00:00+09:00,3783.884403623384,3899.2027854480966,3704.603016118894,3762.26220703125,159190,200.0,0.0
2010-12-30 00:00:00+09:00,3805.506457270408,4036.143212256494,3704.602876963996,3884.787841796875,305342,0.0,0.0
2011-01-03 00:00:00+09:00,3928.0328574109435,3928.0328574109435,3791.0922623819383,3863.166259765625,47445,0.0,0.0
2011-01-04 00:00:00+09:00,3863.1659048617676,3863.1659048617676,3783.8845150231864,3812.714111328125,56783,0.0,0.0
2011-01-05 00:00:00+09:00,3783.8845055125585,3855.9584960937505,3783.8845055125585,3855.95849609375,46011,0.0,0.0
2011-01-06 00:00:00+09:00,3870.373303938002,3870.373303938002,3791.091914099421,3812.714111328125,47057,0.0,0.0
2011-01-07 00:00:00+09:00,3769.469344979745,3891.9951171874995,3733.432353153935,3891.9951171875,94230,0.0,0.0
2011-01-10 00:00:00+09:00,3891.9950055803574,3891.9950055803574,3783.8840332031255,3783.884033203125,58643,0.0,0.0
2011-01-11 00:00:00+09:00,3783.884913819309,3827.129312834387,3690.188715953307,3704.603515625,72111,0.0,0.0
2011-01-12 00:00:00+09:00,3711.8101686419864,3805.50634765625,3711.8101686419864,3805.50634765625,66901,0.0,0.0
2011-01-13 00:00:00+09:00,3819.920779436654,3827.1281771337044,3704.6024162838494,3726.224609375,45736,0.0,0.0
2011-01-14 00:00:00+09:00,3747.847288867563,3762.262086132438,3719.0176943378124,3755.0546875,55386,0.0,0.0
2011-01-17 00:00:00+09:00,3726.225590204035,3776.677387363471,3690.18859223301,3711.810791015625,32210,0.0,0.0
2011-01-18 00:00:00+09:00,3697.39599609375,3740.6403937088817,3682.981196888706,3697.39599609375,16542,0.0,0.0
2011-01-19 00:00:00+09:00,3682.9811926388047,3740.6403893924453,3682.9811926388047,3711.810791015625,22012,0.0,0.0
2011-01-20 00:00:00+09:00,3711.8096923828125,3740.6392822265625,3603.69873046875,3661.35791015625,19174,0.0,0.0
2011-01-21 00:00:00+09:00,3726.225715132539,3870.3737118494646,3603.6999179231516,3704.603515625,107392,0.0,0.0
2011-01-24 00:00:00+09:00,3733.432620026345,3805.5066088299423,3697.395625624546,3719.017822265625,41022,0.0,0.0
2011-01-25 00:00:00+09:00,3762.262588175061,3762.262588175061,3639.7367950735743,3711.810791015625,16749,0.0,0.0
2011-01-26 00:00:00+09:00,3711.810560358111,3726.225358650764,3639.736568894847,3654.1513671875,14781,0.0,0.0
2011-01-27 00:00:00+09:00,3661.359266277336,3697.3962669296716,3603.7000652335983,3625.322265625,44258,0.0,0.0
2011-01-28 00:00:00+09:00,3661.3581591992975,3661.3581591992975,3574.8693837851406,3589.2841796875,15081,0.0,0.0
2011-01-31 00:00:00+09:00,3589.2846103210145,3589.2846103210145,3495.5884257142407,3571.26611328125,44235,0.0,0.0
2011-02-01 00:00:00+09:00,3571.265916293275,3675.773193359375,3520.8141273648134,3675.773193359375,41016,0.0,0.0
2011-02-07 00:00:00+09:00,3690.187749003984,3711.809942845804,3571.2656828739728,3618.11376953125,30953,0.0,0.0
2011-02-08 00:00:00+09:00,3625.321404430913,3682.9805917777267,3603.699209175858,3675.773193359375,381912,0.0,0.0
2011-02-09 00:00:00+09:00,3675.773666558579,3769.4698580590916,3654.151468519999,3733.432861328125,60047,0.0,0.0
2011-02-10 00:00:00+09:00,3755.0543217585637,3755.0543217585637,3690.187740384615,3747.846923828125,10596,0.0,0.0
2011-02-11 00:00:00+09:00,3747.847288867563,3783.884282029751,3697.3954984404995,3755.0546875,49017,0.0,0.0
2011-02-14 00:00:00+09:00,3769.4696144281434,3769.4696144281434,3661.358631222747,3719.017822265625,20892,0.0,0.0
2011-02-15 00:00:00+09:00,3711.810585006497,3726.2253833948716,3553.2478027343745,3553.247802734375,40170,0.0,0.0
2011-02-16 00:00:00+09:00,3553.2471899316015,3592.88787866309,3531.6249960780624,3589.2841796875,37738,0.0,0.0
2011-02-17 00:00:00+09:00,3589.2844379519624,3618.114031831095,3484.777160140108,3488.380859375,15771,0.0,0.0
2011-02-18 00:00:00+09:00,3445.136462651467,3531.625244140625,3437.929064194037,3531.625244140625,16251,0.0,0.0
2011-02-21 00:00:00+09:00,3531.62573642418,3535.2294361552254,3499.1924388447746,3517.2109375,8094,0.0,0.0
2011-02-22 00:00:00+09:00,3452.343926869679,3574.8697029798764,3409.099535301374,3491.984619140625,26272,0.0,0.0
2011-02-23 00:00:00+09:00,3423.5144814954915,3675.773443289896,3416.30708258708,3646.94384765625,85041,0.0,0.0
2011-02-24 00:00:00+09:00,3654.1512613604145,3819.921436925088,3574.869873046875,3574.869873046875,130972,0.0,0.0
2011-02-25 00:00:00+09:00,3553.2481865274563,3625.3221862541795,3445.137186937371,3502.79638671875,44132,0.0,0.0
2011-02-28 00:00:00+09:00,3513.60725402832,3603.699747721354,3459.5517578125,3459.5517578125,17513,0.0,0.0
2011-03-02 00:00:00+09:00,3358.647216796875,3477.5692749023438,3358.647216796875,3387.476806640625,23364,0.0,0.0
2011-03-03 00:00:00+09:00,3391.080806704158,3448.739991515281,3387.477107653463,3434.3251953125,24947,0.0,0.0
2011-03-04 00:00:00+09:00,3459.5519518927445,3459.5519518927445,3412.7038525441967,3427.11865234375,29730,0.0,0.0
2011-03-07 00:00:00+09:00,3398.2880836366985,3459.550965314136,3398.2880836366985,3441.532470703125,16318,0.0,0.0
2011-03-08 00:00:00+09:00,3423.5142731469523,3603.6992348915287,3423.5142731469523,3488.380859375,90097,0.0,0.0
2011-03-09 00:00:00+09:00,3491.985055541992,3546.0405517578124,3452.344358317057,3459.5517578125,41988,0.0,0.0
2011-03-10 00:00:00+09:00,3481.1738425164476,3481.1738425164476,3401.8924506578946,3423.5146484375,34159,0.0,0.0
2011-03-11 00:00:00+09:00,3391.0813962823972,3661.3588720753623,3383.873996927918,3484.777587890625,257702,0.0,0.0
2011-03-14 00:00:00+09:00,3459.551165891685,3459.551165891685,2962.2406857947553,3293.781005859375,120904,0.0,0.0
2011-03-15 00:00:00+09:00,3196.4815347867398,3369.4591150232263,3113.596444256757,3333.422119140625,55698,0.0,0.0
2011-03-16 00:00:00+09:00,3333.42157115107,3362.251163117782,3207.2921062967052,3315.403076171875,21897,0.0,0.0
2011-03-17 00:00:00+09:00,3272.1589355468745,3315.403326765556,3225.3108450599702,3272.158935546875,16611,0.0,0.0
2011-03-18 00:00:00+09:00,3272.158995977723,3300.9885906559407,3225.310904625619,3275.7626953125,24454,0.0,0.0
2011-03-21 00:00:00+09:00,3239.725753817279,3351.440434983392,3239.725753817279,3322.61083984375,43638,0.0,0.0
2011-03-22 00:00:00+09:00,3427.1178737114506,3427.1178737114506,3272.158811072552,3293.781005859375,15609,0.0,0.0
2011-03-23 00:00:00+09:00,3293.7808864897333,3293.7808864897333,3239.7254014816963,3257.743896484375,15764,0.0,0.0
2011-03-24 00:00:00+09:00,3257.7440161401096,3286.5736092032967,3243.3292196085163,3279.3662109375,53217,0.0,0.0
2011-03-25 00:00:00+09:00,3315.403736741407,3362.2518330214484,3286.574139030612,3355.04443359375,19426,0.0,0.0
2011-03-28 00:00:00+09:00,3347.8366629167776,3441.5328450866764,3347.8366629167776,3391.0810546875,24215,0.0,0.0
2011-03-29 00:00:00+09:00,3495.588266068146,3495.588266068146,3380.269890280331,3430.7216796875,48023,0.0,0.0
2011-03-30 00:00:00+09:00,3445.1362924645855,3445.1362924645855,3380.2697095520725,3434.3251953125,68558,0.0,0.0
2011-03-31 00:00:00+09:00,3445.1362861719554,3510.002868965988,3416.306693819052,3506.399169921875,33275,0.0,0.0
2011-04-01 00:00:00+09:00,3495.5883184379836,3513.6068149247776,3448.7402275723202,3491.984619140625,37857,0.0,0.0
2011-04-04 00:00:00+09:00,3513.6068149247776,3549.643807898365,3484.7772205459078,3491.984619140625,18443,0.0,0.0
2011-04-05 00:00:00+09:00,3488.381280048077,3567.6626727764424,3470.362781700721,3513.607177734375,24550,0.0,0.0
2011-04-06 00:00:00+09:00,3513.6068015660403,3578.473388671875,3481.173508013123,3578.473388671875,53150,0.0,0.0
2011-04-07 00:00:00+09:00,3578.473388671875,3585.6807872391896,3517.210500849698,3578.473388671875,14611,0.0,0.0
2011-04-08 00:00:00+09:00,3578.4736425183964,3578.4736425183964,3459.5515577217125,3535.229248046875,22018,0.0,0.0
2011-04-11 00:00:00+09:00,3535.228768731965,3535.228768731965,3434.3251953125,3434.3251953125,41920,0.0,0.0
2011-04-12 00:00:00+09:00,3373.062510661163,3419.9106010870123,3282.9700290729907,3300.988525390625,98208,0.0,0.0
2011-04-13 00:00:00+09:00,3355.044819373211,3355.044819373211,3290.1782170652436,3304.593017578125,38463,0.0,0.0
2011-04-14 00:00:00+09:00,3300.9887727436267,3315.4035708778783,3264.9517774079977,3286.573974609375,40459,0.0,0.0
2011-04-15 00:00:00+09:00,3315.40289145172,3470.3619396391373,3297.3843974764386,3405.495361328125,30756,0.0,0.0
2011-04-18 00:00:00+09:00,3423.514348515542,3459.551341657811,3337.0255649740966,3391.0810546875,33345,0.0,0.0
2011-04-19 00:00:00+09:00,3358.647897680903,3383.87379390812,3308.1961052264687,3311.7998046875,30664,0.0,0.0
2011-04-20 00:00:00+09:00,3297.3847002396055,3376.666081010394,3297.3847002396055,3337.025390625,22638,0.0,0.0
2011-04-21 00:00:00+09:00,3373.062381884449,3373.062381884449,3286.5736028617707,3337.025390625,28211,0.0,0.0
2011-04-22 00:00:00+09:00,3300.9883993655503,3373.062381884449,3300.9883993655503,3337.025390625,23490,0.0,0.0
2011-04-25 00:00:00+09:00,3319.006899777335,3351.44019195757,3282.9699084659637,3293.781005859375,60099,0.0,0.0
2011-04-26 00:00:00+09:00,3272.1588032822538,3387.477175204095,3171.2552278506423,3365.85498046875,67864,0.0,0.0
2011-04-27 00:00:00+09:00,3416.307356838369,3517.21094965638,3351.440761455362,3473.966552734375,137759,0.0,0.0
2011-04-28 00:00:00+09:00,3510.0044889257024,3589.2859044866523,3445.137876194016,3560.456298828125,118521,0.0,0.0
2011-04-29 00:00:00+09:00,3531.625130480167,3747.847077244259,3337.0253783924845,3452.34375,492364,0.0,0.0
2011-05-02 00:00:00+09:00,3459.551082348407,3506.399169921875,3351.440111025019,3506.399169921875,80891,0.0,0.0
2011-05-03 00:00:00+09:00,3531.624942197235,3546.039737879673,3466.758361626266,3470.362060546875,32071,0.0,0.0
2011-05-04 00:00:00+09:00,3459.5513903326405,3502.7957827117984,3340.6293112899557,3466.7587890625,83082,0.0,0.0
2011-05-06 00:00:00+09:00,3466.757740065535,3466.757740065535,3355.0430935561467,3376.665283203125,35668,0.0,0.0
2011-05-09 00:00:00+09:00,3337.0253906249995,3376.666081010394,3337.0253906249995,3337.025390625,23455,0.0,0.0
2011-05-11 00:00:00+09:00,3311.7987142621896,3376.665283203125,3311.7987142621896,3376.665283203125,54022,0.0,0.0
2011-05-12 00:00:00+09:00,3351.4407980030983,3351.4407980030983,3300.9890010439117,3344.2333984375,24245,0.0,0.0
2011-05-13 00:00:00+09:00,3344.232668138587,3373.062260105299,3290.177183201002,3315.403076171875,25746,0.0,0.0
2011-05-16 00:00:00+09:00,3344.232668138587,3362.251163117782,3290.177183201002,3315.403076171875,19125,0.0,0.0
2011-05-17 00:00:00+09:00,3319.0072704114414,3351.4405662135073,3243.32958020662,3286.573974609375,50251,0.0,0.0
2011-05-18 00:00:00+09:00,3243.3300288036617,3286.5744291877104,3203.689328451617,3210.896728515625,45991,0.0,0.0
2011-05-19 00:00:00+09:00,3243.32891977334,3257.743714972333,3156.8401485793843,3174.858642578125,41809,0.0,0.0
2011-05-20 00:00:00+09:00,3164.048628099572,3250.53742886767,3135.2190278435396,3210.896728515625,36696,0.0,0.0
2011-05-23 00:00:00+09:00,3214.4998212394066,3221.7072199417375,3153.2369322695977,3189.27392578125,18955,0.0,0.0
2011-05-24 00:00:00+09:00,3189.273930792118,3192.877630148945,3099.1814468714365,3160.4443359375,11231,0.0,0.0
2011-05-25 00:00:00+09:00,3164.0482331031976,3164.0482331031976,3063.144644803779,3099.181640625,19294,0.0,0.0
2011-05-26 00:00:00+09:00,3138.8222814037713,3138.8222814037713,3027.107596302145,3066.748291015625,28658,0.0,0.0
2011-05-27 00:00:00+09:00,3106.388992182866,3106.388992182866,3016.296504010509,3037.918701171875,48678,0.0,0.0
2011-05-30 00:00:00+09:00,3037.9188289300514,3037.9188289300514,2955.033736325792,3016.296630859375,20361,0.0,0.0
2011-05-31 00:00:00+09:00,2908.1856405059925,3192.877915103233,2908.1856405059925,3016.296630859375,74575,0.0,0.0
2011-06-01 00:00:00+09:00,3048.7291259765625,3048.7291259765625,2998.27734375,3012.692138671875,33264,0.0,0.0
2011-06-02 00:00:00+09:00,2955.033079583961,3005.4848638695407,2937.014585196254,2991.070068359375,59967,0.0,0.0
2011-06-03 00:00:00+09:00,2991.070740703219,3027.1077375791615,2973.052242265248,2987.467041015625,8123,0.0,0.0
2011-06-07 00:00:00+09:00,2962.2408459174926,2987.466741199028,2897.374258050686,2955.033447265625,9396,0.0,0.0
2011-06-08 00:00:00+09:00,2987.466741199028,3001.881538502763,2922.600153332222,2955.033447265625,7528,0.0,0.0
2011-06-09 00:00:00+09:00,2933.411712937128,3041.5227097284223,2882.959914434524,3027.10791015625,31019,0.0,0.0
2011-06-10 00:00:00+09:00,2991.070440524962,3027.107433784299,2955.033447265625,2955.033447265625,4484,0.0,0.0
2011-06-13 00:00:00+09:00,2886.563464850957,2991.0707563374463,2879.356065438096,2929.807861328125,41963,0.0,0.0
2011-06-14 00:00:00+09:00,2922.6002785122655,2940.618775913698,2879.355884748829,2933.411376953125,18950,0.0,0.0
2011-06-15 00:00:00+09:00,2879.355466934828,2929.8072523379415,2879.355466934828,2908.18505859375,6669,0.0,0.0
2011-06-16 00:00:00+09:00,2890.1677909154023,2893.771491402828,2854.1307860411453,2879.356689453125,13138,0.0,0.0
2011-06-17 00:00:00+09:00,2857.733834091498,2897.3745304029817,2789.263540462572,2825.300537109375,21626,0.0,0.0
2011-06-20 00:00:00+09:00,2857.7333414713544,2857.7333414713544,2807.2815548627805,2810.88525390625,17784,0.0,0.0
2011-06-21 00:00:00+09:00,2810.885251427665,2850.5259408708757,2800.0741543067893,2839.71484375,15033,0.0,0.0
2011-06-22 00:00:00+09:00,2839.7151427227104,2882.9595357590965,2800.0744491060227,2872.1484375,22008,0.0,0.0
2011-06-23 00:00:00+09:00,2875.7520739746096,2900.977969360352,2821.696583862305,2882.95947265625,8551,0.0,0.0
2011-06-24 00:00:00+09:00,2882.959533005618,2944.2224230819875,2879.355833589361,2886.563232421875,8786,0.0,0.0
2011-06-27 00:00:00+09:00,2857.73394667772,2900.9783443575843,2814.4895489978553,2861.337646484375,7560,0.0,0.0
2011-06-28 00:00:00+09:00,2857.733577270508,2918.996466064453,2846.9224792480472,2882.95947265625,20702,0.0,0.0
2011-06-29 00:00:00+09:00,2904.58172950316,2904.58172950316,2850.5262382593046,2886.563232421875,11048,0.0,0.0
2011-06-30 00:00:00+09:00,2850.526166813548,2980.259342547161,2839.715068835747,2955.033447265625,31760,0.0,0.0
2011-07-01 00:00:00+09:00,2976.655885566786,2991.0706840441067,2958.6373874701344,2969.448486328125,5804,0.0,0.0
2011-07-04 00:00:00+09:00,2940.618767024818,2987.466860126929,2940.618767024818,2976.65576171875,24368,0.0,0.0
2011-07-05 00:00:00+09:00,2991.070809097476,2998.2782086374696,2944.222712087515,2962.2412109375,16203,0.0,0.0
2011-07-06 00:00:00+09:00,2991.0705595963223,2991.0705595963223,2926.2039691472455,2976.65576171875,12318,0.0,0.0
2011-07-07 00:00:00+09:00,2991.070740703219,3001.881839766002,2947.8263444520885,2987.467041015625,17454,0.0,0.0
2011-07-08 00:00:00+09:00,2987.4663694818337,3001.8811649919994,2951.4293807064196,2991.070068359375,6794,0.0,0.0
2011-07-11 00:00:00+09:00,2955.0336344900306,3001.8817286953604,2937.01513671875,2937.01513671875,14133,0.0,0.0
2011-07-12 00:00:00+09:00,2951.430059566709,2951.430059566709,2875.752365731665,2929.807861328125,13313,0.0,0.0
2011-07-13 00:00:00+09:00,2911.7899938399564,2929.8084962770845,2850.5270855537196,2879.356689453125,11350,0.0,0.0
2011-07-14 00:00:00+09:00,2915.3926387080437,2933.411134620949,2879.3556468822335,2918.996337890625,19109,0.0,0.0
2011-07-15 00:00:00+09:00,2940.618408203125,2969.4480004404104,2904.5814179065183,2940.618408203125,22260,0.0,0.0
2011-07-18 00:00:00+09:00,2918.9970235621677,3084.7672249002662,2918.9970235621677,3048.730224609375,58174,0.0,0.0
2011-07-19 00:00:00+09:00,3084.766357421875,3128.0107456100322,2955.0331928574037,3084.766357421875,23823,0.0,0.0
2011-07-20 00:00:00+09:00,3106.3885515159536,3113.595949547313,3081.162658406195,3084.766357421875,49008,0.0,0.0
2011-07-21 00:00:00+09:00,3109.992753304576,3135.2186504924466,3041.5224609375,3041.5224609375,18347,0.0,0.0
2011-07-22 00:00:00+09:00,3088.3704273897056,3088.3704273897056,3045.1260340073527,3063.14453125,8698,0.0,0.0
2011-07-25 00:00:00+09:00,3063.1441633277964,3106.3885515159536,3034.3145712023584,3084.766357421875,5315,0.0,0.0
2011-07-26 00:00:00+09:00,3070.3518670318,3099.1814620274035,3041.522272036196,3073.95556640625,13134,0.0,0.0
2011-07-27 00:00:00+09:00,3099.1814620274035,3099.1814620274035,3041.522272036196,3073.95556640625,17490,0.0,0.0
2011-07-28 00:00:00+09:00,3059.540955453549,3084.7668526127654,3041.5224574826802,3055.937255859375,11097,0.0,0.0
2011-07-29 00:00:00+09:00,3055.9365234375,3063.1439208984375,3009.0884399414062,3012.692138671875,15676,0.0,0.0
2011-08-01 00:00:00+09:00,2965.8440551757812,3041.521728515625,2965.8440551757812,3012.692138671875,24301,0.0,0.0
2011-08-02 00:00:00+09:00,2983.86328125,3027.107676630435,2940.6188858695655,2983.86328125,28552,0.0,0.0
2011-08-03 00:00:00+09:00,2947.826048613758,2973.0519438952933,2882.959460746951,2955.033447265625,9897,0.0,0.0
2011-08-04 00:00:00+09:00,2897.3742700195317,2976.6556555175785,2882.95947265625,2882.95947265625,45492,0.0,0.0
2011-08-05 00:00:00+09:00,2666.73765956565,2832.5078384035146,2666.73765956565,2717.189453125,36037,0.0,0.0
2011-08-08 00:00:00+09:00,2605.474245806277,2681.151920995671,2374.8375214195526,2497.36328125,52217,0.0,0.0
2011-08-09 00:00:00+09:00,2198.2570177443486,2436.1012196642287,2162.2200174534573,2371.234619140625,81201,0.0,0.0
2011-08-10 00:00:00+09:00,2385.649113067209,2486.552700931079,2342.4047182684076,2367.630615234375,102170,0.0,0.0
2011-08-11 00:00:00+09:00,2248.708063089623,2526.192872156772,2212.671074899084,2482.948486328125,154115,0.0,0.0
2011-08-12 00:00:00+09:00,2573.041268160145,2573.041268160145,2468.5339897614836,2515.382080078125,84053,0.0,0.0
2011-08-16 00:00:00+09:00,2529.7968668393105,2594.6634531685236,2493.759874434192,2587.4560546875,38231,0.0,0.0
2011-08-17 00:00:00+09:00,2580.248660321303,2947.825983439701,2540.6079686124563,2558.62646484375,799193,0.0,0.0
2011-08-18 00:00:00+09:00,2598.267302389706,2612.6821001838234,2439.7045266544114,2450.515625,108285,0.0,0.0
2011-08-19 00:00:00+09:00,2306.3678641732286,2490.1565533495327,2212.6716696911913,2288.349365234375,158268,0.0,0.0
2011-08-22 00:00:00+09:00,2291.953065022146,2378.441859928642,2248.708667568898,2288.349365234375,34904,0.0,0.0
2011-08-23 00:00:00+09:00,2277.5382658710632,2356.819661202018,2277.5382658710632,2288.349365234375,51043,0.0,0.0
2011-08-24 00:00:00+09:00,2306.367496050553,2364.026683451817,2273.934203137342,2281.1416015625,52565,0.0,0.0
2011-08-25 00:00:00+09:00,2273.934203137342,2335.197089751185,2273.934203137342,2281.1416015625,42723,0.0,0.0
2011-08-26 00:00:00+09:00,2270.3308539412674,2335.197449768161,2270.3308539412674,2331.59375,25381,0.0,0.0
2011-08-29 00:00:00+09:00,2342.4046415441176,2515.382215073529,2320.782444852941,2450.515625,127591,0.0,0.0
2011-08-30 00:00:00+09:00,2450.515625,2587.4562040441174,2421.6860294117646,2450.515625,29717,0.0,0.0
2011-08-31 00:00:00+09:00,2500.9672317842965,2515.382028509278,2432.496947340634,2439.704345703125,23508,0.0,0.0
2011-09-01 00:00:00+09:00,2450.5155040099557,2508.1746923396017,2432.497007656941,2443.30810546875,34283,0.0,0.0
2011-09-02 00:00:00+09:00,2450.515320093888,2450.515320093888,2410.8746310923693,2446.91162109375,13790,0.0,0.0
2011-09-05 00:00:00+09:00,2407.270751953125,2464.929931640625,2382.0448608398438,2421.685546875,27483,0.0,0.0
2011-09-06 00:00:00+09:00,2414.4789536745934,2414.4789536745934,2342.4049550574414,2382.045654296875,13492,0.0,0.0
2011-09-07 00:00:00+09:00,2382.0452221315295,2464.9303055037312,2371.234124300373,2414.478515625,67168,0.0,0.0
2011-09-08 00:00:00+09:00,2418.0820904793823,2457.722780487241,2382.0450995631472,2436.1005859375,35849,0.0,0.0
2011-09-09 00:00:00+09:00,2555.0227851301697,2555.0227851301697,2418.08221272545,2428.893310546875,54039,0.0,0.0
2011-09-14 00:00:00+09:00,2382.0453651428224,2439.704557037354,2270.330680847168,2306.36767578125,16796,0.0,0.0
2011-09-15 00:00:00+09:00,2309.9713752746584,2360.423168182373,2277.5380798339847,2306.36767578125,29542,0.0,0.0
2011-09-16 00:00:00+09:00,2338.8012096263747,2338.8012096263747,2273.934612132885,2335.197509765625,31211,0.0,0.0
2011-09-19 00:00:00+09:00,2338.8013292518026,2360.4235295222356,2306.3680288461537,2342.405029296875,18349,0.0,0.0
2011-09-20 00:00:00+09:00,2270.3305529673166,2360.423035227924,2270.3305529673166,2356.8193359375,9924,0.0,0.0
2011-09-21 00:00:00+09:00,2327.990347458541,2382.045850882501,2327.990347458541,2349.612548828125,13523,0.0,0.0
2011-09-22 00:00:00+09:00,2360.4235190533577,2374.838319169714,2313.5754186751997,2371.234619140625,18726,0.0,0.0
2011-09-23 00:00:00+09:00,2273.9346014880025,2400.064096023787,2173.031005859375,2173.031005859375,23285,0.0,0.0
2011-09-26 00:00:00+09:00,2371.2342027698865,2371.2342027698865,1982.03466796875,1982.03466796875,69754,0.0,0.0
2011-09-27 00:00:00+09:00,2162.2194192751235,2219.878603789127,2155.012021210873,2187.4453125,29160,0.0,0.0
2011-09-28 00:00:00+09:00,2187.445318738687,2191.0490177810902,2072.1269493817877,2115.371337890625,39597,0.0,0.0
2011-09-29 00:00:00+09:00,2126.182971191406,2191.0495703125,2072.127471923828,2162.219970703125,34951,0.0,0.0
2011-09-30 00:00:00+09:00,2162.2195389470444,2212.671328189142,2104.5603512417897,2194.65283203125,17668,0.0,0.0
2011-10-04 00:00:00+09:00,2191.0493435329863,2191.0493435329863,2046.901360405816,2075.73095703125,26693,0.0,0.0
2011-10-05 00:00:00+09:00,2036.090220816555,2115.371609945695,1985.6384277343748,1985.638427734375,32362,0.0,0.0
2011-10-06 00:00:00+09:00,1992.845572832335,2093.749146140301,1992.845572832335,2086.541748046875,14060,0.0,0.0
2011-10-07 00:00:00+09:00,2090.1456887194468,2111.7678854993032,2068.5234919395903,2100.956787109375,14970,0.0,0.0
2011-10-10 00:00:00+09:00,2100.9565955155736,2183.8416756131,2090.145498111548,2176.63427734375,11207,0.0,0.0
2011-10-11 00:00:00+09:00,2212.6713222436088,2291.9527051253017,2205.4639237998185,2237.897216796875,17881,0.0,0.0
2011-10-12 00:00:00+09:00,2198.2569280660377,2291.953125,2191.0495283018868,2291.953125,36377,0.0,0.0
2011-10-13 00:00:00+09:00,2281.141476644513,2342.4043599035285,2252.3118845226236,2317.178466796875,14244,0.0,0.0
2011-10-14 00:00:00+09:00,2317.178950927357,2360.423348145286,2234.29385625966,2331.59375,8380,0.0,0.0
2011-10-17 00:00:00+09:00,2342.405148371597,2356.819949284653,2306.368146088957,2349.612548828125,16820,0.0,0.0
2011-10-18 00:00:00+09:00,2306.3679651607963,2371.234564180944,2277.5383655962864,2353.216064453125,6060,0.0,0.0
2011-10-19 00:00:00+09:00,2367.6304250233206,2522.589493936567,2324.386033698694,2414.478515625,70071,0.0,0.0
2011-10-20 00:00:00+09:00,2464.9303724194006,2464.9303724194006,2385.648986171993,2389.252685546875,31768,0.0,0.0
2011-10-21 00:00:00+09:00,2353.215625796898,2464.9303032849593,2353.215625796898,2428.893310546875,15110,0.0,0.0
2011-10-24 00:00:00+09:00,2436.1005859375,2464.930178670488,2432.4968868458764,2436.1005859375,15214,0.0,0.0
2011-10-25 00:00:00+09:00,2443.3081098414177,2464.9303055037312,2414.478515625,2414.478515625,13110,0.0,0.0
2011-10-26 00:00:00+09:00,2371.2341221659403,2450.515506189726,2371.2341221659403,2428.893310546875,22062,0.0,0.0
2011-10-27 00:00:00+09:00,2450.515320093888,2454.119019094026,2400.0635340919553,2446.91162109375,29051,0.0,0.0
2011-10-28 00:00:00+09:00,2464.9304227941175,2486.552619485294,2432.4971277573527,2450.515625,29673,0.0,0.0
2011-10-31 00:00:00+09:00,2486.5524989278097,2486.5524989278097,2403.667415630216,2428.893310546875,15037,0.0,0.0
2011-11-01 00:00:00+09:00,2392.85595703125,2436.100341796875,2392.85595703125,2421.685546875,5140,0.0,0.0
2011-11-02 00:00:00+09:00,2342.4045300839553,2436.100711287313,2338.800830806903,2414.478515625,9255,0.0,0.0
2011-11-03 00:00:00+09:00,2439.7044105643654,2461.326606226679,2374.8378235774253,2414.478515625,25487,0.0,0.0
2011-11-04 00:00:00+09:00,2450.515625,2454.1193244485294,2421.6860294117646,2450.515625,14531,0.0,0.0
2011-11-07 00:00:00+09:00,2436.100711287313,2464.9303055037312,2392.8563199626865,2414.478515625,13631,0.0,0.0
2011-11-08 00:00:00+09:00,2436.100341796875,2464.929931640625,2378.441162109375,2421.685546875,10653,0.0,0.0
2011-11-09 00:00:00+09:00,2446.9112532503714,2446.9112532503714,2407.270570208024,2425.2890625,4677,0.0,0.0
2011-11-10 00:00:00+09:00,2306.3681827229298,2338.801485292471,2259.5200790113704,2263.123779296875,44073,0.0,0.0
2011-11-11 00:00:00+09:00,2277.538202267829,2313.5751991391553,2263.1234035192983,2299.160400390625,10736,0.0,0.0
2011-11-14 00:00:00+09:00,2306.3674884437596,2378.4414724576272,2273.934195637519,2338.80078125,12576,0.0,0.0
2011-11-15 00:00:00+09:00,2295.5562116782367,2414.4782760194953,2295.5562116782367,2327.989501953125,11931,0.0,0.0
2011-11-16 00:00:00+09:00,2356.81941254581,2356.81941254581,2273.934326171875,2273.934326171875,14884,0.0,0.0
2011-11-17 00:00:00+09:00,2313.574894475711,2313.574894475711,2259.519406287026,2281.1416015625,5259,0.0,0.0
2011-11-18 00:00:00+09:00,2281.1419656588337,2306.3678641732286,2234.2938684178152,2288.349365234375,7690,0.0,0.0
2011-11-21 00:00:00+09:00,2291.952267760249,2291.952267760249,2227.085694144393,2241.50048828125,30435,0.0,0.0
2011-11-22 00:00:00+09:00,2248.708430318938,2273.934326171875,2234.2936326886884,2273.934326171875,16534,0.0,0.0
2011-11-23 00:00:00+09:00,2273.934268061726,2291.9527646390775,2234.2935755915532,2255.915771484375,13845,0.0,0.0
2011-11-24 00:00:00+09:00,2259.51941015625,2291.952703125,2198.2565234375,2252.31201171875,4195,0.0,0.0
2011-11-25 00:00:00+09:00,2248.708628104642,2255.916027553695,2155.012435266948,2212.671630859375,12644,0.0,0.0
2011-11-28 00:00:00+09:00,2216.2751437234956,2241.501039668316,2198.2566466200524,2230.68994140625,9279,0.0,0.0
2011-11-29 00:00:00+09:00,2237.8974006898943,2245.1047997259325,2191.049306955645,2234.293701171875,15985,0.0,0.0
2011-11-30 00:00:00+09:00,2234.293458616579,2245.1045559969816,2176.634272587764,2219.878662109375,16204,0.0,0.0
2011-12-01 00:00:00+09:00,2255.9157109375,2291.952703125,2198.2565234375,2252.31201171875,45126,0.0,0.0
2011-12-02 00:00:00+09:00,2255.9158291340627,2291.952823209687,2237.897332096251,2273.934326171875,17699,0.0,0.0
2011-12-05 00:00:00+09:00,2273.9345102461557,2291.9530087425596,2234.2938135540676,2270.330810546875,19771,0.0,0.0
2011-12-06 00:00:00+09:00,2284.745828575721,2371.234629657452,2281.1421285306487,2342.405029296875,37296,0.0,0.0
2011-12-07 00:00:00+09:00,2364.0272295673076,2364.0272295673076,2317.17912898137,2342.405029296875,12160,0.0,0.0
2011-12-08 00:00:00+09:00,2342.4049550574414,2382.045654296875,2320.782755472296,2382.045654296875,20752,0.0,0.0
2011-12-09 00:00:00+09:00,2378.4419543660174,2382.045654296875,2320.782755472296,2382.045654296875,12502,0.0,0.0
2011-12-12 00:00:00+09:00,2382.04522430145,2414.478517824465,2378.441525021115,2400.063720703125,30974,0.0,0.0
2011-12-13 00:00:00+09:00,2371.2341886724644,2396.4600842966393,2353.2156917980533,2389.252685546875,10779,0.0,0.0
2011-12-14 00:00:00+09:00,2407.271349775476,2475.741642658312,2353.2158553942904,2457.72314453125,63279,0.0,0.0
2011-12-15 00:00:00+09:00,2472.137821691176,2504.571116727941,2432.4971277573527,2450.515625,47011,0.0,0.0
2011-12-16 00:00:00+09:00,2479.3450243794323,2565.833804299645,2450.515431072695,2540.60791015625,97138,0.0,0.0
2011-12-19 00:00:00+09:00,2537.004293355856,2565.833887598536,2382.04522430145,2400.063720703125,162408,0.0,0.0
2011-12-20 00:00:00+09:00,2421.685606060606,2515.381775342713,2421.685606060606,2497.36328125,48169,0.0,0.0
2011-12-21 00:00:00+09:00,2511.778258231027,2551.4189481026788,2508.174559151786,2522.58935546875,39649,0.0,0.0
2011-12-22 00:00:00+09:00,2526.1934833663045,2544.2119818211286,2490.1564864566567,2518.986083984375,15234,0.0,0.0
2011-12-23 00:00:00+09:00,2558.626283561522,2558.626283561522,2500.9670997066146,2533.400390625,19324,0.0,0.0
2011-12-26 00:00:00+09:00,2544.211890779334,2645.115478515625,2540.608191217324,2645.115478515625,89708,0.0,0.0
2011-12-27 00:00:00+09:00,2659.5300944233068,2663.1337937382436,2594.6635067544457,2634.30419921875,105008,0.0,0.0
2011-12-28 00:00:00+09:00,2649.553336210029,2649.553336210029,2561.8702761627906,2622.8671875,82340,200.0,0.0
2011-12-29 00:00:00+09:00,2626.6795941628793,2626.6795941628793,2523.7473023742036,2542.808837890625,19882,0.0,0.0
2012-01-02 00:00:00+09:00,2489.4366647036018,2538.9966595598758,2474.187435517056,2497.061279296875,25431,0.0,0.0
2012-01-03 00:00:00+09:00,2497.061063467738,2550.4333610075064,2497.061063467738,2531.371826171875,8998,0.0,0.0
2012-01-04 00:00:00+09:00,2546.620951517924,2550.4332583315736,2504.6855765677788,2538.996337890625,18657,0.0,0.0
2012-01-05 00:00:00+09:00,2546.6210540403804,2569.4948958431382,2531.371826171875,2531.371826171875,9600,0.0,0.0
2012-01-06 00:00:00+09:00,2546.6210540403804,2554.245667974633,2500.8733704348642,2531.371826171875,20666,0.0,0.0
2012-01-09 00:00:00+09:00,2531.371877356712,2550.4334125777714,2493.248806914593,2527.5595703125,15150,0.0,0.0
2012-01-10 00:00:00+09:00,2516.1228787542104,2546.621337890625,2504.685956578055,2546.621337890625,34212,0.0,0.0
2012-01-11 00:00:00+09:00,2527.5596360426684,2580.9319360496024,2527.5596360426684,2577.11962890625,43202,0.0,0.0
2012-01-12 00:00:00+09:00,2584.744605952858,2695.3015286263576,2573.307682917668,2676.239990234375,105765,0.0,0.0
2012-01-13 00:00:00+09:00,2683.8642831412103,2687.6765903615815,2611.4304459541604,2645.7412109375,33243,0.0,0.0
2012-01-16 00:00:00+09:00,2630.491515042489,2638.1161281295686,2584.743836520011,2607.61767578125,15983,0.0,0.0
2012-01-17 00:00:00+09:00,2573.3072588520663,2615.2426364037296,2573.3072588520663,2599.993408203125,18823,0.0,0.0
2012-01-18 00:00:00+09:00,2607.6176851297864,2607.6176851297864,2542.8084736572623,2588.55615234375,32889,0.0,0.0
2012-01-19 00:00:00+09:00,2565.6827074761927,2603.805778909717,2546.6211717594306,2577.11962890625,17192,0.0,0.0
2012-01-20 00:00:00+09:00,2577.11979702704,2592.3690265952473,2538.9967231065216,2546.621337890625,17924,0.0,0.0
2012-01-25 00:00:00+09:00,2542.808275616536,2603.80517578125,2542.808275616536,2603.80517578125,31824,0.0,0.0
2012-01-26 00:00:00+09:00,2561.870774300574,2668.615389896431,2561.870774300574,2657.178466796875,40375,0.0,0.0
2012-01-27 00:00:00+09:00,2645.7408849581866,2706.73779296875,2630.491657955546,2706.73779296875,59994,0.0,0.0
2012-01-30 00:00:00+09:00,2706.7379462904437,2729.611788090081,2668.614876624381,2695.301025390625,30222,0.0,0.0
2012-01-31 00:00:00+09:00,2672.4272343362695,2695.301076570246,2645.741085063297,2691.48876953125,26840,0.0,0.0
2012-02-01 00:00:00+09:00,2634.304252247884,2710.5503955835684,2634.304252247884,2702.92578125,35517,0.0,0.0
2012-02-02 00:00:00+09:00,2702.926187133789,2775.3600341796873,2695.3015716552736,2744.861572265625,49809,0.0,0.0
2012-02-03 00:00:00+09:00,2706.7381904538997,2782.984336663869,2706.7381904538997,2767.735107421875,37673,0.0,0.0
2012-02-06 00:00:00+09:00,2767.735418701172,2779.172341918945,2721.987725830078,2744.861572265625,14977,0.0,0.0
2012-02-07 00:00:00+09:00,2763.9228266710675,2767.7351340182,2699.113601769815,2729.612060546875,11680,0.0,0.0
2012-02-08 00:00:00+09:00,2706.73821646408,2760.110519323935,2668.615142992755,2729.612060546875,27577,0.0,0.0
2012-02-09 00:00:00+09:00,2721.9877619453555,2760.11083984375,2699.1139152063192,2760.11083984375,21908,0.0,0.0
2012-02-10 00:00:00+09:00,2760.1104791666667,2897.353541666667,2760.1104791666667,2859.23046875,94861,0.0,0.0
2012-02-13 00:00:00+09:00,2843.9813797321726,2870.667532088909,2828.7321498140377,2866.855224609375,19462,0.0,0.0
2012-02-14 00:00:00+09:00,2866.854941301805,2893.5410910213695,2832.5441773766506,2851.605712890625,29202,0.0,0.0
2012-02-15 00:00:00+09:00,2828.7320104166665,2859.23046875,2802.045859375,2859.23046875,28935,0.0,0.0
2012-02-16 00:00:00+09:00,2866.855224609375,2866.855224609375,2817.2952273754363,2866.855224609375,24668,0.0,0.0
2012-02-17 00:00:00+09:00,2874.4796979166667,2935.4766145833332,2805.858166666667,2859.23046875,35316,0.0,0.0
2012-02-20 00:00:00+09:00,2859.2302996025032,2874.47952786705,2763.9226229490864,2817.294921875,39049,0.0,0.0
2012-02-21 00:00:00+09:00,2824.9199955409294,2878.2923031489904,2813.4830724820595,2855.41845703125,19002,0.0,0.0
2012-02-22 00:00:00+09:00,2866.85538009012,2878.2923031489904,2821.1076878546396,2855.41845703125,52871,0.0,0.0
2012-02-23 00:00:00+09:00,2863.0425430605073,2863.0425430605073,2809.6702453203648,2840.168701171875,23696,0.0,0.0
2012-02-24 00:00:00+09:00,2840.169262727735,2870.667724609375,2824.920031786915,2870.667724609375,56681,0.0,0.0
2012-02-27 00:00:00+09:00,2870.6670616687743,3011.722415296589,2843.9809136851336,2920.22705078125,92433,0.0,0.0
2012-02-28 00:00:00+09:00,2916.4148460508013,2958.3502229221203,2882.1040831560863,2912.6025390625,57473,0.0,0.0
2012-02-29 00:00:00+09:00,3046.033681765028,3061.282911711286,2901.1659972755774,2992.661376953125,202198,0.0,0.0
2012-03-02 00:00:00+09:00,2973.599387428977,3023.15937721946,2935.476318359375,2935.476318359375,69250,0.0,0.0
2012-03-05 00:00:00+09:00,2977.412071355675,2988.8489935247744,2912.6028457307752,2962.162841796875,52365,0.0,0.0
2012-03-06 00:00:00+09:00,2965.974517389113,2988.8483568548386,2897.3529989919352,2954.53759765625,27610,0.0,0.0
2012-03-07 00:00:00+09:00,2878.291736803557,2931.664033909848,2859.2302021227383,2897.353271484375,46974,0.0,0.0
2012-03-08 00:00:00+09:00,2904.9781170147035,2950.725803896825,2813.4827432504608,2843.981201171875,70814,0.0,0.0
2012-03-09 00:00:00+09:00,2824.9200983621986,2866.855484437751,2821.1077905371485,2847.7939453125,16277,0.0,0.0
2012-03-12 00:00:00+09:00,2851.6055306077324,2851.6055306077324,2798.233234580315,2828.731689453125,13020,0.0,0.0
2012-03-13 00:00:00+09:00,2828.7320365287164,2843.981265836149,2786.796655933277,2821.107421875,11002,0.0,0.0
2012-03-14 00:00:00+09:00,2821.1075348549703,2874.4798395684425,2790.6090750187004,2866.855224609375,26990,0.0,0.0
2012-03-15 00:00:00+09:00,2866.8550318325565,2889.728875171646,2821.1073451543775,2863.042724609375,25043,0.0,0.0
2012-03-16 00:00:00+09:00,2882.104260725283,2882.104260725283,2817.295037931196,2863.042724609375,15293,0.0,0.0
2012-03-19 00:00:00+09:00,2889.728875171646,2889.728875171646,2836.356574047104,2863.042724609375,23137,0.0,0.0
2012-03-20 00:00:00+09:00,2897.3532492897725,3019.3470703125,2882.1040216619317,2935.476318359375,150134,0.0,0.0
2012-03-21 00:00:00+09:00,2950.7260315173476,3007.91064453125,2904.9783411062263,3007.91064453125,52072,0.0,0.0
2012-03-22 00:00:00+09:00,2981.224378745375,3057.470526539374,2962.162841796875,2962.162841796875,61479,0.0,0.0
2012-03-23 00:00:00+09:00,2962.162879621479,2996.4736465669016,2901.1659606073945,2977.412109375,33624,0.0,0.0
2012-03-26 00:00:00+09:00,2935.4768295190147,2992.6614430810732,2870.667600815348,2969.78759765625,17371,0.0,0.0
2012-03-27 00:00:00+09:00,2969.7875320337384,3026.9721443322055,2927.8521496815288,2992.661376953125,35221,0.0,0.0
2012-03-28 00:00:00+09:00,3000.285683729555,3049.84567596397,2969.7872269699155,3015.534912109375,38085,0.0,0.0
2012-03-29 00:00:00+09:00,3011.722980935093,3046.033749072328,2904.9783689525834,2969.78759765625,25967,0.0,0.0
2012-03-30 00:00:00+09:00,2931.663758190524,2965.974517389113,2683.863830645161,2954.53759765625,26693,0.0,0.0
2012-04-02 00:00:00+09:00,2924.0394200375204,2954.53787552683,2885.916350675884,2897.353271484375,20655,0.0,0.0
2012-04-03 00:00:00+09:00,2927.8518184796853,2931.6641255349973,2874.479519705316,2908.790283203125,28575,0.0,0.0
2012-04-04 00:00:00+09:00,2882.1043391047297,2935.4766416807433,2821.107421875,2821.107421875,39319,0.0,0.0
2012-04-05 00:00:00+09:00,2790.6081030496252,2924.038818359375,2782.983490746211,2924.038818359375,62111,0.0,0.0
2012-04-06 00:00:00+09:00,2927.852301790281,2988.8492247442455,2920.2276864210357,2981.224609375,23652,0.0,0.0
2012-04-09 00:00:00+09:00,2988.848408228359,2992.6607148715075,2916.414582008539,2950.725341796875,23102,0.0,0.0
2012-04-10 00:00:00+09:00,2954.5379441274863,2954.5379441274863,2870.6671895845125,2946.913330078125,14669,0.0,0.0
2012-04-12 00:00:00+09:00,2943.100954718339,2943.100954718339,2855.4178951865747,2897.353271484375,11951,0.0,0.0
2012-04-13 00:00:00+09:00,2897.3533387572766,2973.599479250889,2874.479496609193,2946.913330078125,17810,0.0,0.0
2012-04-16 00:00:00+09:00,2912.602476917614,2958.350159801136,2885.916328568892,2935.476318359375,17296,0.0,0.0
2012-04-17 00:00:00+09:00,2912.6022160456732,2992.660653921274,2878.29145695613,2973.59912109375,27993,0.0,0.0
2012-04-18 00:00:00+09:00,2973.5995513027156,3141.341064453125,2939.2887872492224,3141.341064453125,99506,0.0,0.0
2012-04-19 00:00:00+09:00,3141.3409570554522,3152.7778780156054,3042.22097540079,3076.53173828125,56304,0.0,0.0
2012-04-20 00:00:00+09:00,3076.5316175928656,3076.5316175928656,2985.0362535008844,3030.783935546875,27191,0.0,0.0
2012-04-23 00:00:00+09:00,3049.8459367048345,3049.8459367048345,2977.4120957080945,2996.4736328125,21839,0.0,0.0
2012-04-24 00:00:00+09:00,2996.473650113804,3038.409031985626,2901.165964041482,2904.978271484375,14373,0.0,0.0
2012-04-25 00:00:00+09:00,2901.1661341335794,2962.163056796046,2843.9815191375164,2874.47998046875,33190,0.0,0.0
2012-04-26 00:00:00+09:00,2874.4794806077075,2912.6025506422925,2782.984112524704,2893.541015625,23453,0.0,0.0
2012-04-27 00:00:00+09:00,2859.2304167200305,2897.3534889429643,2790.60888671875,2790.60888671875,10274,0.0,0.0
2012-04-30 00:00:00+09:00,2798.2339177421445,2798.2339177421445,2699.1139152063192,2760.11083984375,15821,0.0,0.0
2012-05-02 00:00:00+09:00,2752.485674630779,2809.6702800593966,2744.8610605736303,2782.984130859375,21054,0.0,0.0
2012-05-03 00:00:00+09:00,2782.9842722741632,2802.0458083856297,2748.673507273523,2790.60888671875,4703,0.0,0.0
2012-05-04 00:00:00+09:00,2790.6091114831347,2897.353722304894,2699.11373077877,2882.1044921875,76001,0.0,0.0
2012-05-07 00:00:00+09:00,2859.23080140376,2897.35387875581,2802.0461853756847,2870.667724609375,9798,0.0,0.0
2012-05-08 00:00:00+09:00,2870.666981880772,2889.728515625,2832.5439143923154,2889.728515625,13517,0.0,0.0
2012-05-09 00:00:00+09:00,2889.7287086215415,2897.3533226284585,2855.417945590415,2893.541015625,25840,0.0,0.0
2012-05-10 00:00:00+09:00,2859.2302021227383,2904.9778853567022,2843.980974378084,2897.353271484375,16569,0.0,0.0
2012-05-11 00:00:00+09:00,2904.9778853567022,2904.9778853567022,2821.107132761102,2897.353271484375,15654,0.0,0.0
2012-05-14 00:00:00+09:00,2863.042954540757,2893.5414147755455,2859.2306470114086,2882.1044921875,13256,0.0,0.0
2012-05-15 00:00:00+09:00,2878.291678621441,2878.291678621441,2786.796314003011,2828.731689453125,11600,0.0,0.0
2012-05-16 00:00:00+09:00,2828.7319461817333,2859.2304038225066,2756.2981092848963,2809.67041015625,6819,0.0,0.0
2012-05-17 00:00:00+09:00,2744.860899390244,2828.7316490938347,2721.987058561992,2813.482421875,25089,0.0,0.0
2012-05-18 00:00:00+09:00,2752.485826740157,2794.4212063719324,2615.2427661270744,2699.113525390625,25818,0.0,0.0
2012-05-21 00:00:00+09:00,2699.11332102572,2744.8610044329353,2638.116409816099,2714.362548828125,8222,0.0,0.0
2012-05-22 00:00:00+09:00,2714.3627936733405,2744.861252029221,2638.11664778364,2641.928955078125,39150,0.0,0.0
2012-05-23 00:00:00+09:00,2630.4916904864476,2638.11630408206,2558.057861328125,2558.057861328125,15834,0.0,0.0
2012-05-24 00:00:00+09:00,2561.870746012611,2592.369207274666,2554.2461306970977,2569.495361328125,9453,0.0,0.0
2012-05-25 00:00:00+09:00,2592.3689475510387,2660.990478515625,2569.4951038961767,2660.990478515625,15382,0.0,0.0
2012-05-29 00:00:00+09:00,2645.7413693382623,2653.365984235491,2554.2459905715214,2561.87060546875,31936,0.0,0.0
2012-05-30 00:00:00+09:00,2554.245759200478,2569.494987613615,2497.0611526512134,2542.808837890625,44922,0.0,0.0
2012-05-31 00:00:00+09:00,2527.559609477488,2561.8703734070464,2485.6242313413604,2542.808837890625,20590,0.0,0.0
2012-06-01 00:00:00+09:00,2546.621515381584,2584.7445919591523,2493.249208172988,2569.495361328125,8438,0.0,0.0
2012-06-04 00:00:00+09:00,2538.9964401061275,2538.9964401061275,2477.9995286321064,2531.371826171875,8559,0.0,0.0
2012-06-05 00:00:00+09:00,2531.3717242633256,2542.8086447042747,2516.1224970087274,2538.996337890625,9800,0.0,0.0
2012-06-07 00:00:00+09:00,2561.87060546875,2588.5567576090493,2512.310608636765,2561.87060546875,24026,0.0,0.0
2012-06-08 00:00:00+09:00,2538.996608072917,2577.119680266204,2497.061228660301,2573.307373046875,12902,0.0,0.0
2012-06-11 00:00:00+09:00,2630.492283852235,2630.492283852235,2569.495361328125,2569.495361328125,9686,0.0,0.0
2012-06-12 00:00:00+09:00,2569.495182242936,2577.11979702704,2512.3105713621585,2546.621337890625,17140,0.0,0.0
2012-06-13 00:00:00+09:00,2538.995907315341,2577.1189689867424,2493.248233309659,2516.1220703125,37831,0.0,0.0
2012-06-14 00:00:00+09:00,2504.685893890148,2538.9966595598758,2489.4366647036018,2497.061279296875,17192,0.0,0.0
2012-06-15 00:00:00+09:00,2516.1220703125,2538.995907315341,2477.9990086410985,2516.1220703125,23520,0.0,0.0
2012-06-18 00:00:00+09:00,2531.3717242633256,2550.4332583315736,2497.0609629404794,2538.996337890625,21129,0.0,0.0
2012-06-19 00:00:00+09:00,2523.747404399671,2546.6212479440787,2474.1874100534537,2535.184326171875,18630,0.0,0.0
2012-06-20 00:00:00+09:00,2516.122815780057,2546.6212741531485,2489.4366647036018,2497.061279296875,38848,0.0,0.0
2012-06-21 00:00:00+09:00,2523.746988185684,2523.746988185684,2477.999308641533,2493.24853515625,12446,0.0,0.0
2012-06-22 00:00:00+09:00,2493.2485255239944,2519.934671821652,2466.5623792263373,2512.31005859375,10474,0.0,0.0
2012-06-25 00:00:00+09:00,2512.31035393712,2512.31035393712,2470.374976253799,2508.498046875,6041,0.0,0.0
2012-06-26 00:00:00+09:00,2485.624002785121,2565.6824445926172,2462.7501622686937,2523.7470703125,68862,0.0,0.0
2012-06-27 00:00:00+09:00,2565.6822569312117,2565.6822569312117,2500.873046875,2500.873046875,5258,0.0,0.0
2012-06-28 00:00:00+09:00,2500.8731484136083,2531.371601443043,2462.7500821268154,2493.24853515625,8297,0.0,0.0
2012-06-29 00:00:00+09:00,2512.3097641453596,2516.1220703125,2485.623620975379,2516.1220703125,3019,0.0,0.0
2012-07-02 00:00:00+09:00,2523.7470703125,2550.4332175816658,2516.1224568070243,2523.7470703125,8007,0.0,0.0
2012-07-03 00:00:00+09:00,2516.1224568070243,2542.8086040761896,2493.2486162905966,2523.7470703125,20068,0.0,0.0
2012-07-04 00:00:00+09:00,2542.8087984893477,2542.8087984893477,2497.0611139588045,2527.5595703125,12230,0.0,0.0
2012-07-05 00:00:00+09:00,2546.620951517924,2546.620951517924,2504.6855765677788,2538.996337890625,19814,0.0,0.0
2012-07-06 00:00:00+09:00,2504.6855765677788,2542.8086447042747,2477.9994288722314,2538.996337890625,22060,0.0,0.0
2012-07-09 00:00:00+09:00,2535.18436448991,2630.4920473654706,2516.122827914798,2550.43359375,21842,0.0,0.0
2012-07-10 00:00:00+09:00,2550.4335423711523,2580.9320002769355,2527.5596989418145,2554.245849609375,27545,0.0,0.0
2012-07-11 00:00:00+09:00,2554.2455651452233,2554.2455651452233,2516.1224970087274,2538.996337890625,15849,0.0,0.0
2012-07-12 00:00:00+09:00,2535.1841963098404,2561.870345744681,2508.498046875,2508.498046875,22481,0.0,0.0
2012-07-13 00:00:00+09:00,2531.371591663505,2531.371591663505,2462.7500726123862,2512.31005859375,20042,0.0,0.0
2012-07-16 00:00:00+09:00,2516.1223749283254,2516.1223749283254,2481.811615270212,2493.24853515625,13461,0.0,0.0
2012-07-17 00:00:00+09:00,2466.562936665099,2504.686011420356,2466.562936665099,2470.375244140625,8465,0.0,0.0
2012-07-18 00:00:00+09:00,2485.624331825658,2508.498175370066,2462.75048828125,2462.75048828125,11462,0.0,0.0
2012-07-19 00:00:00+09:00,2477.999308641533,2508.497761670967,2470.374695384174,2493.24853515625,8576,0.0,0.0
2012-07-20 00:00:00+09:00,2497.060892709729,2497.060892709729,2462.7501323518854,2489.436279296875,6756,0.0,0.0
2012-07-23 00:00:00+09:00,2489.4369537353514,2489.4369537353514,2401.753875732422,2439.876953125,6595,0.0,0.0
2012-07-24 00:00:00+09:00,2401.7535221152916,2489.4365872083895,2401.7535221152916,2466.562744140625,6704,0.0,0.0
2012-07-25 00:00:00+09:00,2466.5628988135677,2489.4367433157026,2439.87674689441,2455.1259765625,1314,0.0,0.0
2012-07-26 00:00:00+09:00,2455.125756296826,2455.125756296826,2394.128843096905,2417.002685546875,28725,0.0,0.0
2012-07-27 00:00:00+09:00,2417.003106689453,2439.876953125,2417.003106689453,2439.876953125,6481,0.0,0.0
2012-07-30 00:00:00+09:00,2447.5016730138127,2447.5016730138127,2397.941670289234,2432.25244140625,34923,0.0,0.0
2012-07-31 00:00:00+09:00,2432.251759958791,2432.251759958791,2401.7533052884614,2428.439453125,30348,0.0,0.0
2012-08-01 00:00:00+09:00,2428.439926955559,2455.1260799990264,2417.003004222644,2447.50146484375,17354,0.0,0.0
2012-08-02 00:00:00+09:00,2447.5007562404726,2516.1222727705795,2439.876143292683,2500.873046875,13563,0.0,0.0
2012-08-03 00:00:00+09:00,2500.8731387518965,2531.371591663505,2443.6885395426307,2512.31005859375,7280,0.0,0.0
2012-08-06 00:00:00+09:00,2512.3102007936604,2550.433269090984,2493.248666644998,2519.934814453125,2143,0.0,0.0
2012-08-07 00:00:00+09:00,2519.934814453125,2519.934814453125,2466.5625188368713,2519.934814453125,6715,0.0,0.0
2012-08-08 00:00:00+09:00,2516.1220703125,2542.808213482481,2489.4359271425187,2516.1220703125,6270,0.0,0.0
2012-08-09 00:00:00+09:00,2523.747404399671,2535.184326171875,2508.498175370066,2535.184326171875,6836,0.0,0.0
2012-08-10 00:00:00+09:00,2546.6210540403804,2546.6210540403804,2500.8733704348642,2531.371826171875,3564,0.0,0.0
2012-08-13 00:00:00+09:00,2535.1836011482005,2550.432825816761,2493.248233309659,2516.1220703125,1740,0.0,0.0
2012-08-14 00:00:00+09:00,2516.122827914798,2554.2459010650223,2497.061291339686,2550.43359375,11422,0.0,0.0
2012-08-16 00:00:00+09:00,2550.433645282677,2554.245952674729,2516.1228787542104,2546.621337890625,10885,0.0,0.0
2012-08-17 00:00:00+09:00,2538.995907315341,2546.620519649621,2481.8113148082384,2516.1220703125,7638,0.0,0.0
2012-08-20 00:00:00+09:00,2516.122467180365,2542.8086145595507,2485.624013032724,2504.685546875,3563,0.0,0.0
2012-08-21 00:00:00+09:00,2504.685546875,2546.620921328006,2485.624013032724,2504.685546875,5242,0.0,0.0
2012-08-22 00:00:00+09:00,2504.685546875,2504.685546875,2470.374785958904,2504.685546875,10442,0.0,0.0
2012-08-23 00:00:00+09:00,2504.6853533488948,2512.3099662966843,2477.999208031631,2500.873046875,20442,0.0,0.0
2012-08-24 00:00:00+09:00,2474.187551616151,2504.686011420356,2439.87678433642,2470.375244140625,23764,0.0,0.0
2012-08-27 00:00:00+09:00,2439.876953125,2470.3754150390623,2424.627722167969,2439.876953125,28926,0.0,0.0
2012-08-28 00:00:00+09:00,2432.251839571221,2462.7502952398254,2428.4395326126455,2458.93798828125,6026,0.0,0.0
2012-08-29 00:00:00+09:00,2462.750591396545,2485.62443589868,2439.87674689441,2455.1259765625,10343,0.0,0.0
2012-08-30 00:00:00+09:00,2436.0642867169386,2481.811972852468,2436.0642867169386,2466.562744140625,19734,0.0,0.0
2012-08-31 00:00:00+09:00,2443.6885489834194,2497.0608417849294,2443.6885489834194,2493.24853515625,14400,0.0,0.0
2012-09-03 00:00:00+09:00,2470.37512822042,2508.498201186784,2466.5628209237834,2497.061279296875,29381,0.0,0.0
2012-09-04 00:00:00+09:00,2489.4359271425187,2523.7466826467803,2489.4359271425187,2516.1220703125,9543,0.0,0.0
2012-09-05 00:00:00+09:00,2538.995907315341,2538.995907315341,2481.8113148082384,2516.1220703125,17839,0.0,0.0
2012-09-06 00:00:00+09:00,2516.1228787542104,2554.245952674729,2500.873649186003,2546.621337890625,8970,0.0,0.0
2012-09-07 00:00:00+09:00,2554.2461306970977,2573.3076689858817,2516.123054119529,2569.495361328125,18354,0.0,0.0
2012-09-10 00:00:00+09:00,2554.2457236013106,2607.6180223034276,2554.2457236013106,2599.993408203125,17779,0.0,0.0
2012-09-11 00:00:00+09:00,2592.368257000366,2603.80517578125,2542.808275616536,2603.80517578125,14445,0.0,0.0
2012-09-12 00:00:00+09:00,2603.8060072544645,2683.8644642857143,2588.55677734375,2668.615234375,27897,0.0,0.0
2012-09-13 00:00:00+09:00,2668.61519649111,2668.61519649111,2592.3690480199352,2653.365966796875,13917,0.0,0.0
2012-09-14 00:00:00+09:00,2634.304289276387,2962.162710228296,2554.245837648595,2645.7412109375,171794,0.0,0.0
2012-09-17 00:00:00+09:00,2660.9904915505504,2660.9904915505504,2615.2428040167297,2641.928955078125,27859,0.0,0.0
2012-09-18 00:00:00+09:00,2645.741403439748,2653.3660184352516,2592.369098471223,2649.5537109375,48767,0.0,0.0
2012-09-19 00:00:00+09:00,2668.614580477887,2668.614580477887,2607.61767578125,2607.61767578125,48061,0.0,0.0
2012-09-20 00:00:00+09:00,2619.055246561515,2744.8613937762607,2592.369094122024,2721.987548828125,89809,0.0,0.0
2012-09-21 00:00:00+09:00,2721.9874972683565,2725.7998046875,2676.239808238636,2725.7998046875,40216,0.0,0.0
2012-09-24 00:00:00+09:00,2714.3626043450345,2836.356429259418,2683.8641481164386,2782.984130859375,57391,0.0,0.0
2012-09-25 00:00:00+09:00,2756.2981471011512,2782.9842979029604,2737.2366108141446,2752.48583984375,150786,0.0,0.0
2012-09-26 00:00:00+09:00,2752.4855234268416,2805.8578188949523,2702.925534777882,2794.4208984375,33545,0.0,0.0
2012-09-27 00:00:00+09:00,2794.4210519450985,2798.233358973673,2741.0487535450557,2782.984130859375,40547,0.0,0.0
2012-09-28 00:00:00+09:00,2782.984336663869,2782.984336663869,2733.424341627389,2767.735107421875,42485,0.0,0.0
2012-10-02 00:00:00+09:00,2763.9229601079765,2786.796805295077,2680.0521944219413,2683.864501953125,56372,0.0,0.0
2012-10-04 00:00:00+09:00,2683.8642037172012,2702.9257392549653,2603.8057544585913,2615.24267578125,25800,0.0,0.0
2012-10-05 00:00:00+09:00,2630.492312897911,2668.615389896431,2615.2430820985023,2657.178466796875,38271,0.0,0.0
2012-10-08 00:00:00+09:00,2615.2428550058708,2683.8643876445085,2615.2428550058708,2638.11669921875,38048,0.0,0.0
2012-10-09 00:00:00+09:00,2653.3659532141583,2695.301334658635,2634.3044161939415,2672.427490234375,21945,0.0,0.0
2012-10-10 00:00:00+09:00,2683.864296433616,2699.113525390625,2641.9289168018404,2699.113525390625,33995,0.0,0.0
2012-10-11 00:00:00+09:00,2699.1137920044457,2733.424560546875,2691.4891767727945,2733.424560546875,6512,0.0,0.0
2012-10-12 00:00:00+09:00,2737.236083984375,2744.8606970316855,2706.737631795134,2737.236083984375,5598,0.0,0.0
2012-10-15 00:00:00+09:00,2729.612163810837,2840.1690810601585,2714.3629338454134,2721.987548828125,108359,0.0,0.0
2012-10-16 00:00:00+09:00,2744.8612635588843,2767.735107421875,2714.3628050748966,2767.735107421875,46501,0.0,0.0
2012-10-17 00:00:00+09:00,2805.858232758621,2805.858232758621,2733.4243925107758,2763.9228515625,66124,0.0,0.0
2012-10-18 00:00:00+09:00,2744.8610605736303,2805.857973030822,2744.8610605736303,2782.984130859375,48096,0.0,0.0
2012-10-19 00:00:00+09:00,2782.9843486064187,2832.5443438555744,2767.7351192989863,2821.107421875,17877,0.0,0.0
2012-10-22 00:00:00+09:00,2817.2948309856915,2824.9194448719854,2775.3594546110735,2805.85791015625,14701,0.0,0.0
2012-10-23 00:00:00+09:00,2805.857973030822,2821.10720114512,2767.7349027450773,2782.984130859375,8730,0.0,0.0
2012-10-24 00:00:00+09:00,2779.1717615542207,2809.670217099397,2729.6117712933087,2805.85791015625,18111,0.0,0.0
2012-10-25 00:00:00+09:00,2798.2331946561653,2859.230103531504,2786.7962742420395,2813.482421875,11642,0.0,0.0
2012-10-26 00:00:00+09:00,2786.796720333255,2847.79363897256,2748.6736461836895,2798.233642578125,19999,0.0,0.0
2012-10-29 00:00:00+09:00,2798.233366623141,2798.233366623141,2668.6149272972734,2691.48876953125,28589,0.0,0.0
2012-10-30 00:00:00+09:00,2721.987050020645,2744.860890777121,2672.427061714947,2741.048583984375,35303,0.0,0.0
2012-10-31 00:00:00+09:00,2744.861608684392,2760.11083984375,2706.7385307859977,2760.11083984375,18073,0.0,0.0
2012-11-01 00:00:00+09:00,2760.1106473677382,2767.7352624157156,2695.3014194599323,2756.29833984375,9788,0.0,0.0
2012-11-02 00:00:00+09:00,2744.861608684392,2760.11083984375,2725.800069735195,2760.11083984375,10631,0.0,0.0
2012-11-05 00:00:00+09:00,2752.4857761257294,2775.359619140625,2725.799625941685,2775.359619140625,16925,0.0,0.0
2012-11-06 00:00:00+09:00,2775.359722042872,2775.359722042872,2748.6735708693827,2767.735107421875,7282,0.0,0.0
2012-11-07 00:00:00+09:00,2767.7353802465786,2863.04307240383,2752.4861495014184,2855.41845703125,60991,0.0,0.0
2012-11-08 00:00:00+09:00,2855.418442136729,2874.47998046875,2805.858442473475,2874.47998046875,32006,0.0,0.0
2012-11-09 00:00:00+09:00,2874.4801000878515,2897.3539470381525,2840.1693296623994,2847.7939453125,24005,0.0,0.0
2012-11-12 00:00:00+09:00,2847.793152608989,2847.793152608989,2737.236256456833,2779.171630859375,41104,0.0,0.0
2012-11-13 00:00:00+09:00,2779.1721512276786,2779.1721512276786,2668.615234375,2668.615234375,30914,0.0,0.0
2012-11-14 00:00:00+09:00,2668.6148190878994,2668.6148190878994,2615.2425227061412,2626.679443359375,19196,0.0,0.0
2012-11-15 00:00:00+09:00,2607.6180495884587,2699.113419749457,2577.119592868126,2634.30419921875,28847,0.0,0.0
2012-11-16 00:00:00+09:00,2683.8645615411438,2733.424560546875,2657.178408230365,2733.424560546875,167029,0.0,0.0
2012-11-19 00:00:00+09:00,2733.42377746072,2737.236083984375,2664.8022600349277,2737.236083984375,64911,0.0,0.0
2012-11-20 00:00:00+09:00,2737.236688670227,2744.861303401899,2683.8643855485234,2710.550537109375,10175,0.0,0.0
2012-11-21 00:00:00+09:00,2706.7376409372805,2744.8607063025947,2619.054590597059,2718.174560546875,18384,0.0,0.0
2012-11-22 00:00:00+09:00,2718.175389994508,2718.175389994508,2657.178466796875,2657.178466796875,7312,0.0,0.0
2012-11-23 00:00:00+09:00,2634.3043275849527,2714.36278037697,2630.4920203091424,2660.990478515625,7871,0.0,0.0
2012-11-26 00:00:00+09:00,2664.8030156750087,2695.301476512491,2630.4922472328412,2680.05224609375,3447,0.0,0.0
2012-11-27 00:00:00+09:00,2683.864501953125,2687.6768094843083,2676.239886890758,2683.864501953125,1803,0.0,0.0
2012-11-28 00:00:00+09:00,2683.8646484375,2744.861572265625,2668.6154174804688,2744.861572265625,7895,0.0,0.0
2012-11-29 00:00:00+09:00,2729.611788090081,2741.0487089899,2695.301025390625,2695.301025390625,10751,0.0,0.0
2012-11-30 00:00:00+09:00,2695.3008727167694,2725.7993267220513,2668.6147254621483,2706.73779296875,10241,0.0,0.0
2012-12-03 00:00:00+09:00,2706.7381398691296,2706.7381398691296,2676.239681955111,2699.113525390625,2578,0.0,0.0
2012-12-04 00:00:00+09:00,2699.1137320778585,2706.7383471402254,2649.553734172474,2683.864501953125,15505,0.0,0.0
2012-12-05 00:00:00+09:00,2668.615271828391,2710.5506546714087,2653.3660417036576,2683.864501953125,13254,0.0,0.0
2012-12-06 00:00:00+09:00,2672.427682555978,2691.4892209479613,2657.178451842392,2676.239990234375,3630,0.0,0.0
2012-12-07 00:00:00+09:00,2641.9290310020283,2680.0521050424613,2641.9290310020283,2672.427490234375,8669,0.0,0.0
2012-12-10 00:00:00+09:00,2683.864155453258,2710.5503047262305,2645.741085063297,2691.48876953125,23270,0.0,0.0
2012-12-11 00:00:00+09:00,2687.676603672868,2702.9258326298773,2649.553531280345,2699.113525390625,21301,0.0,0.0
2012-12-12 00:00:00+09:00,2683.864155453258,2710.5503047262305,2668.6149272972734,2691.48876953125,5776,0.0,0.0
2012-12-13 00:00:00+09:00,2691.4887127543607,2786.79638671875,2672.427177961483,2786.79638671875,36347,0.0,0.0
2012-12-14 00:00:00+09:00,2779.171455744581,2840.1683601230634,2737.236083984375,2737.236083984375,84918,0.0,0.0
2012-12-17 00:00:00+09:00,2737.236246974032,2744.860860475352,2699.1131794674297,2706.73779296875,19551,0.0,0.0
2012-12-18 00:00:00+09:00,2729.612101295025,2729.612101295025,2672.427490234375,2672.427490234375,10353,0.0,0.0
2012-12-20 00:00:00+09:00,2668.615323279694,2718.1753221406025,2638.1168624422116,2680.05224609375,18645,0.0,0.0
2012-12-21 00:00:00+09:00,2676.2394905575934,2699.1133323572312,2645.7410348247436,2695.301025390625,22978,0.0,0.0
2012-12-24 00:00:00+09:00,2687.6764001739157,2733.4240835811315,2668.614865420909,2714.362548828125,17574,0.0,0.0
2012-12-26 00:00:00+09:00,2729.61222409087,2782.984530148513,2702.926071062049,2771.547607421875,32880,0.0,0.0
2012-12-27 00:00:00+09:00,2880.4732971191406,2928.8846130371094,2832.061981201172,2904.678955078125,33516,200.0,0.0
2012-12-28 00:00:00+09:00,2852.2327376619,2912.7468692954626,2848.198462219663,2900.64404296875,33334,0.0,0.0
2013-01-02 00:00:00+09:00,2912.747151349332,2912.747151349332,2864.335841354606,2868.3701171875,26302,0.0,0.0
2013-01-03 00:00:00+09:00,2884.506804547991,2884.506804547991,2823.99267578125,2823.99267578125,36863,0.0,0.0
2013-01-04 00:00:00+09:00,2815.9242825170413,2860.3013127572813,2799.7871806114995,2848.198486328125,26421,0.0,0.0
2013-01-07 00:00:00+09:00,2884.506804547991,2884.506804547991,2791.7184737723214,2823.99267578125,17809,0.0,0.0
2013-01-08 00:00:00+09:00,2848.198327287946,2876.4382540457586,2771.547097516741,2823.99267578125,14453,0.0,0.0
2013-01-09 00:00:00+09:00,2852.2331476890804,2852.2331476890804,2819.9589395115518,2832.061767578125,5479,0.0,0.0
2013-01-10 00:00:00+09:00,2896.60979204475,2896.60979204475,2763.4787013240307,2848.198486328125,7040,0.0,0.0
2013-01-11 00:00:00+09:00,2864.3358784617267,2864.3358784617267,2779.616084873422,2836.095947265625,30847,0.0,0.0
2013-01-14 00:00:00+09:00,2832.061453379755,2840.1300045289854,2783.650146484375,2783.650146484375,17151,0.0,0.0
2013-01-15 00:00:00+09:00,2783.650090997869,2783.650090997869,2638.416173206676,2662.621826171875,44724,0.0,0.0
2013-01-16 00:00:00+09:00,2682.793352874433,2783.650245839637,2662.621974281392,2666.65625,69798,0.0,0.0
2013-01-17 00:00:00+09:00,2723.1359585848722,2723.1359585848722,2654.5532751834753,2662.621826171875,11137,0.0,0.0
2013-01-18 00:00:00+09:00,2694.8960301254733,2702.964581113873,2646.4847241950756,2662.621826171875,29233,0.0,0.0
2013-01-21 00:00:00+09:00,2654.5532751834753,2727.170234079072,2654.5532751834753,2662.621826171875,28291,0.0,0.0
2013-01-22 00:00:00+09:00,2654.5532843338815,2719.101692463581,2654.5532843338815,2682.793212890625,24648,0.0,0.0
2013-01-23 00:00:00+09:00,2711.033416970803,2767.5132798243617,2702.9648651345806,2763.47900390625,16740,0.0,0.0
2013-01-24 00:00:00+09:00,2783.6500411408983,2787.6843165628416,2706.998808123975,2767.512939453125,16991,0.0,0.0
2013-01-25 00:00:00+09:00,2783.6500507360256,2815.9242542228203,2735.2387455058342,2787.684326171875,35681,0.0,0.0
2013-01-28 00:00:00+09:00,2803.8211631774902,2864.335289001465,2783.649787902832,2840.129638671875,34863,0.0,0.0
2013-01-29 00:00:00+09:00,2840.129638671875,2880.4723892211914,2807.855438232422,2840.129638671875,15185,0.0,0.0
2013-01-30 00:00:00+09:00,2864.3359757556536,2872.4045278000353,2823.993215533743,2832.061767578125,26301,0.0,0.0
2013-01-31 00:00:00+09:00,2815.9241252790175,2904.678180803571,2815.9241252790175,2823.99267578125,65861,0.0,0.0
2013-02-01 00:00:00+09:00,2880.472660856427,3013.603750223741,2872.4041099856804,2993.432373046875,162492,0.0,0.0
2013-02-04 00:00:00+09:00,2945.021128431659,3021.67236328125,2908.712648766063,3021.67236328125,127502,0.0,0.0
2013-02-05 00:00:00+09:00,3017.638175050471,3029.7410019557537,2965.1925917942463,2997.466796875,34004,0.0,0.0
2013-02-06 00:00:00+09:00,2945.0208615034053,3300.0370749449116,2945.0208615034053,3146.734619140625,356862,0.0,0.0
2013-02-07 00:00:00+09:00,3199.1807452345747,3199.1807452345747,3122.529504175991,3154.8037109375,90907,0.0,0.0
2013-02-08 00:00:00+09:00,3134.6324273767605,3215.3179467429577,3122.529599471831,3150.76953125,18162,0.0,0.0
2013-02-12 00:00:00+09:00,3150.768957670235,3344.414168897087,3142.7004072024497,3267.762939453125,187355,0.0,0.0
2013-02-13 00:00:00+09:00,3300.0375819442293,3300.0375819442293,3239.52344535601,3259.69482421875,82490,0.0,0.0
2013-02-14 00:00:00+09:00,3287.9347020757405,3291.968977783809,3235.4891178708513,3251.626220703125,18481,0.0,0.0
2013-02-15 00:00:00+09:00,3251.6260632324215,3251.6260632324215,3195.1462060546874,3227.42041015625,72306,0.0,0.0
2013-02-18 00:00:00+09:00,3227.4200706148567,3304.0712972919596,3211.2829702617823,3231.454345703125,41354,0.0,0.0
2013-02-19 00:00:00+09:00,3243.5574061714824,3251.625956933103,3199.180376982569,3211.283203125,27156,0.0,0.0
2013-02-20 00:00:00+09:00,3162.872010869565,3296.00310316382,3162.872010869565,3247.591796875,50428,0.0,0.0
2013-02-21 00:00:00+09:00,3227.4204192546586,3247.591796875,3207.249041634317,3247.591796875,29584,0.0,0.0
2013-02-22 00:00:00+09:00,3247.5915632836613,3275.8314899209104,3219.351636646412,3267.762939453125,33429,0.0,0.0
2013-02-25 00:00:00+09:00,3255.6601137514467,3271.7972146870175,3231.45446234809,3267.762939453125,34894,0.0,0.0
2013-02-26 00:00:00+09:00,3267.763174495342,3291.9688276397515,3219.351868206522,3247.591796875,19677,0.0,0.0
2013-02-27 00:00:00+09:00,3227.42041015625,3283.900267333984,3195.1462060546874,3227.42041015625,30383,0.0,0.0
2013-02-28 00:00:00+09:00,3255.660504549264,3279.8661588581804,3183.0435416225146,3271.797607421875,54303,0.0,0.0
2013-03-04 00:00:00+09:00,3291.968880692379,3291.968880692379,3211.283368910703,3255.660400390625,56929,0.0,0.0
2013-03-05 00:00:00+09:00,3227.4204545454545,3445.2713352272726,3223.3861789772727,3328.27734375,152959,0.0,0.0
2013-03-06 00:00:00+09:00,3360.551332600912,3441.2368387858073,3316.174304199219,3388.791259765625,127923,0.0,0.0
2013-03-07 00:00:00+09:00,3404.9283610026046,3437.202563476563,3336.345680745443,3388.791259765625,49874,0.0,0.0
2013-03-08 00:00:00+09:00,3388.7912495321857,3417.0311766116206,3352.4827718586266,3368.619873046875,39452,0.0,0.0
2013-03-11 00:00:00+09:00,3356.517369538835,3384.757299330628,3287.934682901623,3324.2431640625,47384,0.0,0.0
2013-03-12 00:00:00+09:00,3316.1744554888064,3348.4486594351697,3243.5574966094896,3300.037353515625,74860,0.0,0.0
2013-03-13 00:00:00+09:00,3372.654338121118,3372.654338121118,3199.1804905861804,3247.591796875,52564,0.0,0.0
2013-03-14 00:00:00+09:00,3271.797466583446,3271.797466583446,3126.5635469817144,3174.974853515625,94200,0.0,0.0
2013-03-15 00:00:00+09:00,3174.974990186209,3275.8318831400275,3162.872163031751,3271.797607421875,48138,0.0,0.0
2013-03-18 00:00:00+09:00,3271.797440795898,3271.797440795898,3187.0776550292967,3227.42041015625,24685,0.0,0.0
2013-03-19 00:00:00+09:00,3243.5574874596405,3283.9002422787903,3211.283283604321,3279.865966796875,38000,0.0,0.0
2013-03-20 00:00:00+09:00,3287.9347184125118,3316.1746485093063,3239.523409675149,3291.968994140625,24179,0.0,0.0
2013-03-21 00:00:00+09:00,3304.0717163085938,3352.4830235072545,3275.831787109375,3275.831787109375,72724,0.0,0.0
2013-03-22 00:00:00+09:00,3267.763035117622,3304.0715132855958,3215.3174555416604,3263.728759765625,39532,0.0,0.0
2013-03-25 00:00:00+09:00,3279.8660539251277,3279.8660539251277,3203.2148177325353,3255.660400390625,6949,0.0,0.0
2013-03-26 00:00:00+09:00,3227.4206761508954,3227.4206761508954,3150.7694350923116,3154.8037109375,37542,0.0,0.0
2013-03-27 00:00:00+09:00,3187.0780287018015,3259.6949964443743,3146.7352688448163,3191.1123046875,71112,0.0,0.0
2013-03-28 00:00:00+09:00,3247.591787719726,3247.591787719726,2719.1016955566406,3227.42041015625,41204,0.0,0.0
2013-03-29 00:00:00+09:00,3231.454790257696,3247.5918928307683,3142.7007261057993,3243.5576171875,33177,0.0,0.0
2013-04-01 00:00:00+09:00,3243.557512207031,3275.8317163085935,3199.1804815673827,3227.42041015625,13588,0.0,0.0
2013-04-02 00:00:00+09:00,3162.8720019531247,3231.4546856689453,3162.8720019531247,3227.42041015625,27490,0.0,0.0
2013-04-03 00:00:00+09:00,3227.420251495592,3227.420251495592,3187.077498351897,3203.214599609375,7865,0.0,0.0
2013-04-04 00:00:00+09:00,3231.4545268099614,3291.968656525504,3134.6319192650935,3203.214599609375,15659,0.0,0.0
2013-04-05 00:00:00+09:00,3207.2492235226737,3227.4206022869676,3146.7350872297934,3219.35205078125,27006,0.0,0.0
2013-04-08 00:00:00+09:00,3227.420391613924,3227.420391613924,3106.392126928402,3187.07763671875,28675,0.0,0.0
2013-04-09 00:00:00+09:00,3187.077339288547,3187.077339288547,3082.1861863499366,3179.0087890625,14382,0.0,0.0
2013-04-10 00:00:00+09:00,3195.146048980636,3227.420251495592,3146.734745208202,3203.214599609375,14740,0.0,0.0
2013-04-11 00:00:00+09:00,3219.3518591308593,3227.42041015625,3166.90627746582,3227.42041015625,29384,0.0,0.0
2013-04-12 00:00:00+09:00,3231.4546671034414,3231.4546671034414,3187.07763671875,3187.07763671875,11849,0.0,0.0
2013-04-15 00:00:00+09:00,3223.386125442217,3223.386125442217,3174.974819428066,3207.2490234375,18228,0.0,0.0
2013-04-16 00:00:00+09:00,3215.317555732484,3215.317555732484,3146.7348726114647,3166.90625,17112,0.0,0.0
2013-04-17 00:00:00+09:00,3211.2838900187735,3227.420994993742,3146.7354701188983,3223.38671875,42712,0.0,0.0
2013-04-18 00:00:00+09:00,3211.2834795783547,3300.037545596852,3211.2834795783547,3291.968994140625,53384,0.0,0.0
2013-04-19 00:00:00+09:00,3291.968654375765,3312.14003093444,3255.66017657015,3296.0029296875,54287,0.0,0.0
2013-04-22 00:00:00+09:00,3344.414794921875,3368.620450856171,3287.9349310751845,3344.414794921875,78129,0.0,0.0
2013-04-23 00:00:00+09:00,3344.414251206342,3473.511061868107,3344.414251206342,3429.134033203125,102031,0.0,0.0
2013-04-24 00:00:00+09:00,3433.168535505022,3521.922598702567,3417.0314331054688,3501.751220703125,91312,0.0,0.0
2013-04-25 00:00:00+09:00,3513.8541720030735,3534.025550717213,3445.271484375,3445.271484375,49703,0.0,0.0
2013-04-26 00:00:00+09:00,3445.270998263889,3646.984756944444,3412.9967968749997,3630.84765625,124326,0.0,0.0
2013-04-29 00:00:00+09:00,3630.847709300513,3695.3961130214107,3570.333580812171,3638.916259765625,96422,0.0,0.0
2013-04-30 00:00:00+09:00,3626.8136057650104,3646.9849828827246,3578.4023006824964,3590.505126953125,46005,0.0,0.0
2013-05-02 00:00:00+09:00,3610.677019871703,3610.677019871703,3509.8201198752868,3517.888671875,24032,0.0,0.0
2013-05-03 00:00:00+09:00,3554.1969009628206,3554.1969009628206,3469.477111042027,3497.717041015625,44906,0.0,0.0
2013-05-06 00:00:00+09:00,3485.6140501272625,3574.3681115888367,3481.579774606282,3566.299560546875,44256,0.0,0.0
2013-05-07 00:00:00+09:00,3538.0600731102195,3768.013806482263,3538.0600731102195,3731.705322265625,127560,0.0,0.0
2013-05-08 00:00:00+09:00,3751.8767023859796,3808.3565667229727,3719.602494193412,3731.705322265625,77023,0.0,0.0
2013-05-09 00:00:00+09:00,3747.8421205341947,3751.8763962290645,3683.2937094162753,3703.465087890625,20027,0.0,0.0
2013-05-10 00:00:00+09:00,3727.6701969329965,3784.1500484016783,3675.224620569221,3695.39599609375,22645,0.0,0.0
2013-05-13 00:00:00+09:00,3675.2249108475244,3731.704766777124,3562.2651989883248,3590.505126953125,30510,0.0,0.0
2013-05-14 00:00:00+09:00,3630.847827808277,3655.0534799936654,3489.6481900601775,3582.4365234375,43161,0.0,0.0
2013-05-15 00:00:00+09:00,3550.162247609874,3578.4021745794985,3509.8194947961256,3534.025146484375,27515,0.0,0.0
2013-05-16 00:00:00+09:00,3558.23119309881,3590.5053989319053,3513.854160078303,3538.059814453125,14527,0.0,0.0
2013-05-20 00:00:00+09:00,3582.4368974401596,3582.4368974401596,3412.997314453125,3412.997314453125,17733,0.0,0.0
2013-05-21 00:00:00+09:00,3477.5458022523176,3574.3684231966977,3429.1344917801275,3481.580078125,59345,0.0,0.0
2013-05-22 00:00:00+09:00,3481.580078125,3550.1627679606027,3477.5458022523176,3481.580078125,26064,0.0,0.0
2013-05-23 00:00:00+09:00,3546.12849208792,3546.12849208792,3457.374422888905,3481.580078125,29226,0.0,0.0
2013-05-24 00:00:00+09:00,3481.580078125,3554.197043833285,3465.44297463427,3481.580078125,28487,0.0,0.0
2013-05-27 00:00:00+09:00,3477.5459118764334,3542.0943278741397,3469.47735987672,3517.888671875,22001,0.0,0.0
2013-05-28 00:00:00+09:00,3546.1285518251616,3550.1628277658046,3509.820068359375,3509.820068359375,6774,0.0,0.0
2013-05-29 00:00:00+09:00,3554.196812300884,3562.2653635206366,3521.922607421875,3521.922607421875,23812,0.0,0.0
2013-05-30 00:00:00+09:00,3566.299192736763,3751.8758475624318,3534.0249918975164,3695.39599609375,83935,0.0,0.0
2013-05-31 00:00:00+09:00,3776.081858188291,3872.9044699367087,3711.5334503560125,3824.4931640625,157321,0.0,0.0
2013-06-03 00:00:00+09:00,3792.2191531777644,3824.493358736724,3683.2937094162753,3703.465087890625,50817,0.0,0.0
2013-06-04 00:00:00+09:00,3703.464500427246,3703.464500427246,3590.50479888916,3614.71044921875,27575,0.0,0.0
2013-06-05 00:00:00+09:00,3638.916119032241,3638.916119032241,3469.4765658178794,3562.264892578125,29352,0.0,0.0
2013-06-07 00:00:00+09:00,3542.0935093819367,3739.7729876959625,3542.0935093819367,3634.8818359375,58542,0.0,0.0
2013-06-10 00:00:00+09:00,3646.9850893980706,3646.9850893980706,3554.1967519465707,3606.642333984375,52484,0.0,0.0
2013-06-11 00:00:00+09:00,3622.7798759870634,3759.945261046707,3590.505667737735,3751.876708984375,65530,0.0,0.0
2013-06-12 00:00:00+09:00,3691.3621738978795,3788.1847882952006,3691.3621738978795,3727.670654296875,30537,0.0,0.0
2013-06-13 00:00:00+09:00,3743.8081369535516,3763.979517001793,3679.2597207991803,3691.362548828125,27517,0.0,0.0
2013-06-14 00:00:00+09:00,3687.327960076654,3703.465062746574,3630.848100731935,3642.950927734375,41139,0.0,0.0
2013-06-17 00:00:00+09:00,3638.9169199108405,3638.9169199108405,3534.025744835805,3570.334228515625,29812,0.0,0.0
2013-06-18 00:00:00+09:00,3566.299263259991,3574.367813629358,3461.4081084582267,3558.230712890625,41644,0.0,0.0
2013-06-19 00:00:00+09:00,3574.36883019101,3703.465672816419,3550.163172198746,3699.431396484375,29151,0.0,0.0
2013-06-20 00:00:00+09:00,3703.4655131156874,3703.4655131156874,3614.711437637969,3655.05419921875,15255,0.0,0.0
2013-06-21 00:00:00+09:00,3651.019747804114,3651.019747804114,3546.1285727290788,3570.334228515625,10053,0.0,0.0
2013-06-24 00:00:00+09:00,3550.1624213324653,3626.813655429416,3453.3398098415796,3485.614013671875,44715,0.0,0.0
2013-06-25 00:00:00+09:00,3481.58000280502,3481.58000280502,3332.311798745013,3412.997314453125,29749,0.0,0.0
2013-06-26 00:00:00+09:00,3441.23681640625,3489.648119802352,3348.4484848970546,3441.23681640625,32737,0.0,0.0
2013-06-27 00:00:00+09:00,3429.133989168629,3534.025146484375,3429.133989168629,3534.025146484375,20163,0.0,0.0
2013-06-28 00:00:00+09:00,3550.1623727176966,3614.7107794943818,3513.8538939058108,3590.505126953125,16386,0.0,0.0
2013-07-01 00:00:00+09:00,3590.505126953125,3638.916432035639,3534.025271023525,3590.505126953125,15775,0.0,0.0
2013-07-02 00:00:00+09:00,3566.299863873106,3606.6426225142045,3509.8200017755685,3594.539794921875,37030,0.0,0.0
2013-07-03 00:00:00+09:00,3598.574070785985,3663.1224846117425,3562.2655880089965,3594.539794921875,23769,0.0,0.0
2013-07-04 00:00:00+09:00,3651.019808205225,3751.876708984375,3610.6770478935655,3751.876708984375,26939,0.0,0.0
2013-07-05 00:00:00+09:00,3776.0819702805434,3776.0819702805434,3711.5335605321584,3747.842041015625,33914,0.0,0.0
2013-07-08 00:00:00+09:00,3743.8077229817704,3937.452950032552,3719.602069600423,3872.904541015625,146798,0.0,0.0
2013-07-09 00:00:00+09:00,3880.9730055277887,3897.110107421875,3776.081843216227,3897.110107421875,195911,0.0,0.0
2013-07-10 00:00:00+09:00,3897.109938440772,3933.4184161281087,3844.664359559064,3852.73291015625,45123,0.0,0.0
2013-07-11 00:00:00+09:00,3836.5961127330756,3897.1102470033134,3836.5961127330756,3880.97314453125,14621,0.0,0.0
2013-07-12 00:00:00+09:00,3872.904336734694,3957.6241191007653,3856.7672353316325,3953.58984375,100989,0.0,0.0
2013-07-15 00:00:00+09:00,3949.5562487019106,3973.7619049758755,3913.247764290964,3945.52197265625,46546,0.0,0.0
2013-07-16 00:00:00+09:00,3945.521571783372,3953.5901230549125,3913.2473666972096,3921.31591796875,30327,0.0,0.0
2013-07-17 00:00:00+09:00,3921.3157696237768,3969.7270754216015,3889.041565758561,3917.281494140625,27291,0.0,0.0
2013-07-18 00:00:00+09:00,3917.2818944898704,3917.2818944898704,3808.3564453125,3808.3564453125,79516,0.0,0.0
2013-07-19 00:00:00+09:00,3808.357337306701,3925.3513656773516,3768.0145689030282,3913.24853515625,105324,0.0,0.0
2013-07-22 00:00:00+09:00,3921.3157602630044,3933.4185866835696,3864.835903633702,3897.110107421875,37730,0.0,0.0
2013-07-23 00:00:00+09:00,3897.110107421875,3913.2472093159613,3868.8701791072235,3897.110107421875,40193,0.0,0.0
2013-07-24 00:00:00+09:00,3933.418404088113,3933.418404088113,3872.90427479445,3925.349853515625,24732,0.0,0.0
2013-07-25 00:00:00+09:00,3909.213021087646,3945.521501159668,3852.733163197835,3872.904541015625,57975,0.0,0.0
2013-07-26 00:00:00+09:00,3856.767438761393,3889.0416432698566,3832.5617853800454,3872.904541015625,25275,0.0,0.0
2013-07-29 00:00:00+09:00,3872.904922901921,3993.9332017426063,3828.5278873270036,3989.89892578125,80343,0.0,0.0
2013-07-30 00:00:00+09:00,3961.6591388390684,4171.4414964965345,3961.6591388390684,4147.23583984375,198668,0.0,0.0
2013-07-31 00:00:00+09:00,4163.372401052105,4171.4409522169335,4026.20703125,4026.20703125,86500,0.0,0.0
2013-08-01 00:00:00+09:00,4034.2750770672146,4179.508979841635,3953.5895755258703,4171.4404296875,175881,0.0,0.0
2013-08-02 00:00:00+09:00,4187.57814177302,4276.332206434876,4131.098282442748,4227.9208984375,155069,0.0,0.0
2013-08-05 00:00:00+09:00,4260.1953125,4316.675174597538,4195.646898674243,4260.1953125,78532,0.0,0.0
2013-08-06 00:00:00+09:00,4252.126447071061,4276.332100469947,4163.372384608477,4211.78369140625,45882,0.0,0.0
2013-08-07 00:00:00+09:00,4203.71529954287,4219.852402420193,4123.02978515625,4123.02978515625,28830,0.0,0.0
2013-08-08 00:00:00+09:00,4203.715140273288,4308.6063050017965,4187.578038007364,4211.78369140625,130663,0.0,0.0
2013-08-09 00:00:00+09:00,4195.646589140326,4252.126447071061,4155.303833475515,4211.78369140625,42968,0.0,0.0
2013-08-12 00:00:00+09:00,4227.9202807664415,4244.05738107471,4171.4404296875,4171.4404296875,20510,0.0,0.0
2013-08-13 00:00:00+09:00,4260.1949107142855,4260.1949107142855,4139.166646205357,4235.9892578125,40742,0.0,0.0
2013-08-14 00:00:00+09:00,4244.057895938099,4244.057895938099,4163.372384608477,4211.78369140625,47634,0.0,0.0
2013-08-16 00:00:00+09:00,4187.578196665546,4211.783850981531,4098.824130840264,4123.02978515625,57264,0.0,0.0
2013-08-19 00:00:00+09:00,4155.303090012918,4163.371639702264,4074.6175931194634,4098.8232421875,52134,0.0,0.0
2013-08-20 00:00:00+09:00,4131.098034274193,4211.783542756111,3973.761292734454,4002.001220703125,93025,0.0,0.0
2013-08-21 00:00:00+09:00,4058.4808828557284,4058.4808828557284,3985.8639286893235,4010.069580078125,68311,0.0,0.0
2013-08-22 00:00:00+09:00,4050.4127921666454,4050.4127921666454,3921.315970105557,3929.384521484375,61236,0.0,0.0
2013-08-23 00:00:00+09:00,4010.0699289203408,4058.4812359093185,3937.4529684368736,4026.20703125,49932,0.0,0.0
2013-08-26 00:00:00+09:00,4058.4815908578726,4244.058283879207,4030.241659311148,4195.64697265625,49838,0.0,0.0
2013-08-27 00:00:00+09:00,4252.126253846499,4300.537558444372,4179.509296949689,4219.85205078125,65977,0.0,0.0
2013-08-28 00:00:00+09:00,4187.5778280722125,4211.783480257602,4123.02942224451,4179.50927734375,37928,0.0,0.0
2013-08-29 00:00:00+09:00,4179.509823710501,4357.01796294145,4171.441271927277,4340.880859375,122666,0.0,0.0
2013-08-30 00:00:00+09:00,4357.017719763836,4357.017719763836,4219.852347104604,4227.9208984375,58340,0.0,0.0
2013-09-02 00:00:00+09:00,4219.8526282677285,4227.921180138221,4147.235661433293,4195.64697265625,21585,0.0,0.0
2013-09-03 00:00:00+09:00,4195.646378800676,4211.783480257602,4131.097972972973,4179.50927734375,32938,0.0,0.0
2013-09-04 00:00:00+09:00,4179.50927734375,4211.783480257602,4131.097972972973,4179.50927734375,13902,0.0,0.0
2013-09-05 00:00:00+09:00,4187.577574641247,4316.674378483753,4187.577574641247,4252.1259765625,48701,0.0,0.0
2013-09-06 00:00:00+09:00,4260.194654143258,4389.291461844569,4260.194654143258,4308.60595703125,93096,0.0,0.0
2013-09-09 00:00:00+09:00,4357.017129684536,4357.017129684536,4179.509024401092,4252.1259765625,37903,0.0,0.0
2013-09-10 00:00:00+09:00,4332.811869419643,4332.811869419643,4155.3037481398815,4235.9892578125,34390,0.0,0.0
2013-09-11 00:00:00+09:00,4195.646398482313,4235.989152313874,4163.372195417065,4219.85205078125,12682,0.0,0.0
2013-09-12 00:00:00+09:00,4195.646515500498,4195.646515500498,4002.0012917081676,4050.41259765625,64918,0.0,0.0
2013-09-13 00:00:00+09:00,4034.274844672736,4114.96034156619,4030.2405698280636,4098.8232421875,18999,0.0,0.0
2013-09-16 00:00:00+09:00,4098.823770059122,4187.5778280722125,4066.5495671452704,4179.50927734375,14183,0.0,0.0
2013-09-17 00:00:00+09:00,4187.577574641247,4348.948579444379,4171.440474160935,4252.1259765625,184959,0.0,0.0
2013-09-23 00:00:00+09:00,4252.126641037368,4308.606501544506,4171.441126027172,4203.71533203125,51491,0.0,0.0
2013-09-24 00:00:00+09:00,4219.851707458496,4219.851707458496,4114.960556030273,4131.09765625,23870,0.0,0.0
2013-09-25 00:00:00+09:00,4155.303373680622,4260.194526802657,4074.617871279056,4252.1259765625,113160,0.0,0.0
2013-09-26 00:00:00+09:00,4252.126672662135,4348.94929139448,4187.578260173906,4284.40087890625,128655,0.0,0.0
2013-09-27 00:00:00+09:00,4284.400653409091,4655.554005681818,4284.400653409091,4437.703125,1357842,0.0,0.0
2013-09-30 00:00:00+09:00,4478.046501404026,4566.800576206629,4381.223874346641,4534.5263671875,232174,0.0,0.0
2013-10-01 00:00:00+09:00,4502.250678509313,4663.621670570579,4389.290984066427,4494.18212890625,268341,0.0,0.0
2013-10-02 00:00:00+09:00,4591.005336476796,4591.005336476796,4316.674613383279,4324.7431640625,202143,0.0,0.0
2013-10-04 00:00:00+09:00,4268.26386422822,4316.675174597538,4195.646898674243,4260.1953125,99230,0.0,0.0
2013-10-07 00:00:00+09:00,4292.469595102163,4316.675250713642,4123.0300058218145,4195.64697265625,97141,0.0,0.0
2013-10-08 00:00:00+09:00,4155.3037481398815,4252.126359747024,4123.029544270833,4235.9892578125,67004,0.0,0.0
2013-10-10 00:00:00+09:00,4235.988830920575,4235.988830920575,4114.960578608559,4171.4404296875,45953,0.0,0.0
2013-10-11 00:00:00+09:00,4211.78356720267,4211.78356720267,4123.029507357403,4155.3037109375,92501,0.0,0.0
2013-10-14 00:00:00+09:00,4123.029562205189,4300.537684257076,4123.029562205189,4276.33203125,53373,0.0,0.0
2013-10-15 00:00:00+09:00,4284.400177523126,4316.674378483753,4187.577574641247,4252.1259765625,58032,0.0,0.0
2013-10-16 00:00:00+09:00,4357.0180100661055,4381.223665677584,4147.235661433293,4195.64697265625,191750,0.0,0.0
2013-10-17 00:00:00+09:00,4211.783979143415,4235.989634195964,4014.104462880937,4066.550048828125,170595,0.0,0.0
2013-10-18 00:00:00+09:00,4014.1042045027557,4066.5497870741483,3989.8985510082666,4026.20703125,49732,0.0,0.0
2013-10-21 00:00:00+09:00,4042.3453940480026,4098.825269813145,3872.905766752577,3913.24853515625,76303,0.0,0.0
2013-10-22 00:00:00+09:00,3872.9041466346152,3925.3497236202925,3755.910167205028,3776.08154296875,111244,0.0,0.0
2013-10-23 00:00:00+09:00,3792.2192901157773,3913.2475653322385,3747.8422558697416,3800.287841796875,83410,0.0,0.0
2013-10-24 00:00:00+09:00,3816.42498192299,3921.3161547876807,3800.287878405345,3901.144775390625,39176,0.0,0.0
2013-10-25 00:00:00+09:00,3893.075640970025,3977.7954217579736,3856.7671634894755,3905.178466796875,25561,0.0,0.0
2013-10-28 00:00:00+09:00,3929.384540893044,3929.384540893044,3759.9449611009413,3856.767578125,37910,0.0,0.0
2013-10-29 00:00:00+09:00,3800.2873735187436,3864.8357790137543,3776.0817214581148,3840.630126953125,44024,0.0,0.0
2013-10-30 00:00:00+09:00,3889.041783799686,3913.2474380557005,3804.321993903635,3856.767578125,31140,0.0,0.0
2013-10-31 00:00:00+09:00,3856.767185454843,3880.9728372464006,3772.0474041843913,3852.73291015625,35319,0.0,0.0
2013-11-01 00:00:00+09:00,3852.7329529834396,3889.041431074383,3792.2188228318673,3840.630126953125,31927,0.0,0.0
2013-11-04 00:00:00+09:00,3872.9043297006306,3872.9043297006306,3788.184547488429,3840.630126953125,33342,0.0,0.0
2013-11-05 00:00:00+09:00,3848.698887634277,3889.0416432698566,3840.6303365071612,3872.904541015625,43465,0.0,0.0
2013-11-06 00:00:00+09:00,3872.9046103395062,3969.727225597994,3828.527578346033,3921.31591796875,52264,0.0,0.0
2013-11-07 00:00:00+09:00,3929.3849704843433,3973.762008138684,3909.21358973237,3961.6591796875,48333,0.0,0.0
2013-11-08 00:00:00+09:00,3929.3847863609076,4022.1731334720994,3917.281958476839,3989.89892578125,76562,0.0,0.0
2013-11-11 00:00:00+09:00,3969.7272081275987,4002.0014130717254,3820.4590102610123,3880.97314453125,33049,0.0,0.0
2013-11-12 00:00:00+09:00,3880.9725073775685,3893.0753322446503,3800.28700826369,3876.938232421875,33792,0.0,0.0
2013-11-13 00:00:00+09:00,3876.9389566716786,3909.213162346365,3800.287718194299,3856.767578125,11193,0.0,0.0
2013-11-14 00:00:00+09:00,3889.0416432698566,3889.0416432698566,3808.3561319986975,3872.904541015625,22016,0.0,0.0
2013-11-15 00:00:00+09:00,3872.904533316378,3977.7956977603635,3768.013368872393,3965.69287109375,77128,0.0,0.0
2013-11-18 00:00:00+09:00,3969.726806640625,3993.932457900629,3945.521155380621,3969.726806640625,26073,0.0,0.0
2013-11-19 00:00:00+09:00,3969.726051980198,4098.822834158415,3969.726051980198,4074.6171875,102005,0.0,0.0
2013-11-20 00:00:00+09:00,4050.412563881855,4090.755318502192,4022.172635647619,4082.686767578125,46358,0.0,0.0
2013-11-21 00:00:00+09:00,4082.6869423828125,4155.3039038085935,3957.624397705078,4034.275634765625,43764,0.0,0.0
2013-11-22 00:00:00+09:00,4034.27495594748,4066.54915559506,3989.8979314320577,4042.343505859375,18053,0.0,0.0
2013-11-25 00:00:00+09:00,4018.138515033144,4098.824027383207,3977.795758858112,3993.932861328125,17289,0.0,0.0
2013-11-26 00:00:00+09:00,4018.138185099242,4018.138185099242,3921.3155782293807,3925.349853515625,27867,0.0,0.0
2013-11-27 00:00:00+09:00,3929.384521484375,3977.795829757283,3913.247418726739,3929.384521484375,10587,0.0,0.0
2013-11-28 00:00:00+09:00,3929.385167155774,3973.76220703125,3889.042403632614,3973.76220703125,61545,0.0,0.0
2013-11-29 00:00:00+09:00,3953.58984375,3977.795495854592,3913.247090242347,3953.58984375,35447,0.0,0.0
2013-12-02 00:00:00+09:00,3913.247090242347,3985.8640465561225,3913.247090242347,3953.58984375,39620,0.0,0.0
2013-12-03 00:00:00+09:00,3941.4869667252947,3953.5897926210732,3824.4929830660994,3852.73291015625,40071,0.0,0.0
2013-12-04 00:00:00+09:00,3824.4938058913126,3905.1793292223533,3800.2881488920007,3848.699462890625,41519,0.0,0.0
2013-12-05 00:00:00+09:00,3832.5617150415346,3856.767367978639,3812.3903375939476,3824.4931640625,19714,0.0,0.0
2013-12-06 00:00:00+09:00,3872.9043297006306,3872.9043297006306,3792.2188228318673,3840.630126953125,15655,0.0,0.0
2013-12-09 00:00:00+09:00,3824.4931640625,3852.7330924891216,3751.8762052511865,3824.4931640625,32999,0.0,0.0
2013-12-10 00:00:00+09:00,3832.561459748641,3832.561459748641,3687.3275518002715,3711.533203125,52451,0.0,0.0
2013-12-11 00:00:00+09:00,3679.2590340269967,3711.5332360798648,3586.470703125,3586.470703125,45591,0.0,0.0
2013-12-12 00:00:00+09:00,3570.333697344806,3582.4365234375,3469.4768132390204,3582.4365234375,45601,0.0,0.0
2013-12-13 00:00:00+09:00,3582.436363998724,3582.436363998724,3525.9565114131588,3558.230712890625,13571,0.0,0.0
2013-12-16 00:00:00+09:00,3558.230712890625,3590.504914368091,3477.54520919696,3558.230712890625,37381,0.0,0.0
2013-12-17 00:00:00+09:00,3473.511017263752,3570.3336240167487,3469.476741982377,3534.025146484375,27651,0.0,0.0
2013-12-18 00:00:00+09:00,3534.0255930047288,3751.876485724198,3425.100146644994,3679.259521484375,103473,0.0,0.0
2013-12-19 00:00:00+09:00,3699.4303342013886,3699.4303342013886,3582.4363541666667,3630.84765625,14099,0.0,0.0
2013-12-20 00:00:00+09:00,3598.5743330056566,3663.1227515349065,3582.4372283733446,3655.05419921875,9558,0.0,0.0
2013-12-23 00:00:00+09:00,3630.8480051766455,3675.2250363510266,3626.813729615338,3646.985107421875,10270,0.0,0.0
2013-12-24 00:00:00+09:00,3646.985646902594,3679.2598561672185,3626.8142661122033,3655.05419921875,12931,0.0,0.0
2013-12-26 00:00:00+09:00,3671.190399591525,3816.4243055094316,3651.0190237695933,3796.2529296875,44352,0.0,0.0
2013-12-27 00:00:00+09:00,3838.3867362264436,3884.73388671875,3804.679717686585,3884.73388671875,14146,200.0,0.0
2013-12-30 00:00:00+09:00,3800.4665740102464,3893.160880693423,3800.4665740102464,3867.880615234375,8854,0.0,0.0
2014-01-02 00:00:00+09:00,3808.893026455966,3863.6669305974783,3707.77197265625,3707.77197265625,13397,0.0,0.0
2014-01-03 00:00:00+09:00,3749.9057501061725,3758.332504600793,3682.4917141492074,3720.412109375,9901,0.0,0.0
2014-01-06 00:00:00+09:00,3720.4130870409604,3754.1201138771185,3707.772951977401,3728.83984375,3110,0.0,0.0
2014-01-07 00:00:00+09:00,3754.119623395175,3766.75975680728,3724.62597876693,3733.052734375,9257,0.0,0.0
2014-01-08 00:00:00+09:00,3766.758812802141,3859.4531012603593,3766.758812802141,3813.10595703125,10611,0.0,0.0
2014-01-09 00:00:00+09:00,3851.0280756364787,3855.2414542750307,3707.773201925713,3842.601318359375,15557,0.0,0.0
2014-01-10 00:00:00+09:00,3842.6001103940216,3876.30712890625,3817.3198465098503,3876.30712890625,14715,0.0,0.0
2014-01-13 00:00:00+09:00,3901.5876331579216,3901.5876331579216,3792.0398162442,3859.453857421875,19638,0.0,0.0
2014-01-14 00:00:00+09:00,3851.0271022746656,3863.6672349954797,3775.1863059497814,3859.453857421875,18191,0.0,0.0
2014-01-15 00:00:00+09:00,3888.946985565456,3888.946985565456,3770.9724291236003,3808.892822265625,30245,0.0,0.0
2014-01-16 00:00:00+09:00,3817.319333779351,3855.2397245122584,3779.3989430464435,3813.10595703125,12647,0.0,0.0
2014-01-17 00:00:00+09:00,3813.107172846131,3813.107172846131,3741.479745289905,3787.826904296875,18024,0.0,0.0
2014-01-20 00:00:00+09:00,3817.3202982835246,3817.3202982835246,3707.7724751539754,3762.54638671875,15374,0.0,0.0
2014-01-21 00:00:00+09:00,3720.412608592,3800.466787032825,3690.9189639032757,3762.54638671875,29628,0.0,0.0
2014-01-22 00:00:00+09:00,3792.039314202503,3817.3195762971864,3766.7590521078196,3808.892822265625,40649,0.0,0.0
2014-01-23 00:00:00+09:00,3813.1076678895115,3867.8815901906864,3792.0407746967517,3842.601318359375,19519,0.0,0.0
2014-01-24 00:00:00+09:00,3863.666742437517,3910.0138898386213,3808.8928409634846,3851.026611328125,13840,0.0,0.0
2014-01-27 00:00:00+09:00,3792.039794921875,3851.0270806206595,3724.6257541232635,3792.039794921875,23205,0.0,0.0
2014-01-28 00:00:00+09:00,3749.9067453107696,3821.534177524571,3749.9067453107696,3804.6806640625,6689,0.0,0.0
2014-01-29 00:00:00+09:00,3821.533226956514,3893.1606413537147,3804.679717686585,3884.73388671875,28294,0.0,0.0
2014-02-03 00:00:00+09:00,3876.30737171858,3901.5876371863096,3825.74684078312,3872.093994140625,26531,0.0,0.0
2014-02-04 00:00:00+09:00,3859.453371004294,3863.666748046875,3766.7590760675093,3863.666748046875,22788,0.0,0.0
2014-02-05 00:00:00+09:00,3863.667000131338,3914.2275279411265,3834.1733589089613,3884.73388671875,19757,0.0,0.0
2014-02-06 00:00:00+09:00,3846.814468157013,3969.0024414062495,3846.814468157013,3969.00244140625,36129,0.0,0.0
2014-02-07 00:00:00+09:00,3977.429207356771,4053.270018513997,3960.575693766276,4044.84326171875,31886,0.0,0.0
2014-02-10 00:00:00+09:00,4044.8423295454545,4171.24365234375,4019.562064985795,4171.24365234375,39315,0.0,0.0
2014-02-11 00:00:00+09:00,4171.243179718813,4247.083964804609,4116.469279379071,4204.9501953125,78958,0.0,0.0
2014-02-12 00:00:00+09:00,4204.951177711031,4255.511712913969,4158.604020441671,4230.2314453125,46169,0.0,0.0
2014-02-13 00:00:00+09:00,4230.232421875,4230.232421875,4171.2451171875,4213.37890625,18192,0.0,0.0
2014-02-14 00:00:00+09:00,4179.671875,4213.37890625,4129.111328125,4213.37890625,56607,0.0,0.0
2014-02-17 00:00:00+09:00,4230.230936316288,4230.230936316288,4154.39014263731,4171.24365234375,4291,0.0,0.0
2014-02-18 00:00:00+09:00,4171.244137656725,4188.097649324025,4053.2695559856256,4158.60400390625,29173,0.0,0.0
2014-02-19 00:00:00+09:00,4158.603999932446,4158.603999932446,4053.2695521124747,4141.75048828125,17106,0.0,0.0
2014-02-20 00:00:00+09:00,4124.896227926874,4192.310262295445,4095.402587890625,4095.402587890625,30110,0.0,0.0
2014-02-21 00:00:00+09:00,4103.830572348821,4171.244626925392,4103.830572348821,4154.39111328125,23801,0.0,0.0
2014-02-24 00:00:00+09:00,4129.109857277792,4171.2436313316475,4078.549328413166,4112.25634765625,14941,0.0,0.0
2014-02-25 00:00:00+09:00,4078.5493194265464,4171.243622140786,4053.2690550499356,4086.97607421875,30647,0.0,0.0
2014-02-26 00:00:00+09:00,4112.25636104061,4150.1767578125,4091.189473945114,4150.1767578125,37652,0.0,0.0
2014-02-27 00:00:00+09:00,4162.816474914551,4339.778308868408,4162.816474914551,4314.498046875,204191,0.0,0.0
2014-02-28 00:00:00+09:00,4297.645036564317,4356.632321379906,4230.2309967750725,4348.20556640625,79294,0.0,0.0
2014-03-03 00:00:00+09:00,4424.0468656099765,4449.3271334134615,4331.352550330529,4381.9130859375,126076,0.0,0.0
2014-03-04 00:00:00+09:00,4373.485831327217,4407.192851221839,4297.645036564317,4348.20556640625,62876,0.0,0.0
2014-03-05 00:00:00+09:00,4381.91174160192,4693.701615523594,4373.484988252685,4609.43408203125,396462,0.0,0.0
2014-03-06 00:00:00+09:00,4609.434615652902,4761.116193498884,4609.434615652902,4718.982421875,234180,0.0,0.0
2014-03-07 00:00:00+09:00,4718.9824826989625,4870.6640625,4685.275464965398,4870.6640625,251850,0.0,0.0
2014-03-10 00:00:00+09:00,4954.931575406415,4954.931575406415,4718.982452768014,4794.8232421875,247797,0.0,0.0
2014-03-11 00:00:00+09:00,4803.25048828125,4862.237774979441,4752.689956825659,4803.25048828125,110734,0.0,0.0
2014-03-12 00:00:00+09:00,4820.1039804895645,4828.53073570021,4634.715365855351,4744.26318359375,93439,0.0,0.0
2014-03-13 00:00:00+09:00,4744.26323141511,4904.37158203125,4693.702699641592,4904.37158203125,123734,0.0,0.0
2014-03-14 00:00:00+09:00,4870.664592633929,5106.613742450106,4828.53081588104,5013.91943359375,198620,0.0,0.0
2014-03-17 00:00:00+09:00,5089.7597226628595,5089.7597226628595,4870.6641054621405,4980.2119140625,124011,0.0,0.0
2014-03-18 00:00:00+09:00,4988.638208089465,5106.612760307797,4980.2114543595835,5039.19873046875,104204,0.0,0.0
2014-03-19 00:00:00+09:00,5039.19971917755,5081.33349609375,4946.505409961909,5081.33349609375,88031,0.0,0.0
2014-03-20 00:00:00+09:00,5089.76030085637,5300.42918748122,5064.480034461388,5258.29541015625,227936,0.0,0.0
2014-03-21 00:00:00+09:00,5275.148449900794,5342.562487599206,5182.454148065476,5308.85546875,133485,0.0,0.0
2014-03-24 00:00:00+09:00,5308.855950022428,5308.855950022428,5182.454617879037,5283.57568359375,79424,0.0,0.0
2014-03-25 00:00:00+09:00,5233.01458344166,5292.0018653806155,5064.4794921875,5064.4794921875,76073,0.0,0.0
2014-03-26 00:00:00+09:00,5098.187014135984,5207.734834274443,5056.053237159654,5106.61376953125,78274,0.0,0.0
2014-03-27 00:00:00+09:00,5165.600604869245,5266.721660755756,5131.893586240408,5216.1611328125,116897,0.0,0.0
2014-03-28 00:00:00+09:00,5224.587858606557,5283.5751408811475,5131.893557889344,5140.3203125,70584,0.0,0.0
2014-03-31 00:00:00+09:00,5123.466774126456,5140.320283251872,4971.785191997712,5064.4794921875,68696,0.0,0.0
2014-04-01 00:00:00+09:00,5064.479028038767,5140.319812152492,4963.3579825538,5115.03955078125,123783,0.0,0.0
2014-04-02 00:00:00+09:00,5190.881831158238,5207.735343597064,5106.614268964111,5165.6015625,54409,0.0,0.0
2014-04-03 00:00:00+09:00,5182.455074938825,5207.735343597064,5098.187512744698,5165.6015625,25011,0.0,0.0
2014-04-04 00:00:00+09:00,5182.454568088645,5182.454568088645,5056.053237159654,5106.61376953125,41154,0.0,0.0
2014-04-07 00:00:00+09:00,5089.76023174895,5106.613742450106,4954.932146139706,5013.91943359375,34145,0.0,0.0
2014-04-08 00:00:00+09:00,5047.625936634902,5047.625936634902,4887.517601416099,4946.5048828125,58231,0.0,0.0
2014-04-09 00:00:00+09:00,4946.505390789129,5081.333476398372,4946.505390789129,5013.91943359375,62711,0.0,0.0
2014-04-10 00:00:00+09:00,4997.065520749598,5275.148424939711,4997.065520749598,5241.44140625,171671,0.0,0.0
2014-04-11 00:00:00+09:00,5157.17386875,5266.7216796875,5157.17386875,5266.7216796875,68032,0.0,0.0
2014-04-14 00:00:00+09:00,5266.722191037155,5359.4165015994095,5224.588413508858,5350.98974609375,146734,0.0,0.0
2014-04-15 00:00:00+09:00,5325.709553671525,5730.193823570628,5325.709553671525,5637.49951171875,286401,0.0,0.0
2014-04-16 00:00:00+09:00,5671.206051781064,5721.766581217448,5578.51174781436,5662.779296875,130925,0.0,0.0
2014-04-17 00:00:00+09:00,5856.595223226261,6067.264116148069,5772.3276660575375,5890.30224609375,542479,0.0,0.0
2014-04-18 00:00:00+09:00,5848.167988253388,5907.1552734375,5789.180703069276,5907.1552734375,122123,0.0,0.0
2014-04-21 00:00:00+09:00,5924.009260482239,5949.289527596672,5797.607924910072,5856.59521484375,75844,0.0,0.0
2014-04-22 00:00:00+09:00,5797.607903740876,5856.59519345917,5612.219278911953,5772.32763671875,79894,0.0,0.0
2014-04-23 00:00:00+09:00,5713.340367861961,5940.8627718918615,5713.340367861961,5856.59521484375,102088,0.0,0.0
2014-04-24 00:00:00+09:00,5856.59471240942,5856.59471240942,5730.19338768116,5814.4609375,59399,0.0,0.0
2014-04-25 00:00:00+09:00,5814.459922219163,5814.459922219163,5645.924852009912,5738.619140625,40910,0.0,0.0
2014-04-28 00:00:00+09:00,5730.193836805555,5738.620592447916,5637.499524739584,5688.06005859375,37929,0.0,0.0
2014-04-29 00:00:00+09:00,5688.060045456138,5789.1811129309135,5603.7924892271585,5637.49951171875,79395,0.0,0.0
2014-04-30 00:00:00+09:00,5629.072262696776,5713.339811539543,5553.231468738287,5620.6455078125,38565,0.0,0.0
2014-05-02 00:00:00+09:00,5561.65824935281,5696.486328125,5544.804739506287,5696.486328125,44543,0.0,0.0
2014-05-07 00:00:00+09:00,5696.486801079036,5789.1811129309135,5603.7924892271585,5637.49951171875,56677,0.0,0.0
2014-05-08 00:00:00+09:00,5595.365277522092,5721.7666015625,5460.537198545656,5721.7666015625,76656,0.0,0.0
2014-05-09 00:00:00+09:00,5721.766665553775,5991.422826522436,5721.766665553775,5915.58203125,174802,0.0,0.0
2014-05-12 00:00:00+09:00,6075.6903739635345,6075.6903739635345,5848.167988253388,5907.1552734375,126728,0.0,0.0
2014-05-13 00:00:00+09:00,5940.862262228261,5940.862262228261,5789.180672554348,5814.4609375,98827,0.0,0.0
2014-05-14 00:00:00+09:00,5856.594674633032,5856.594674633032,5704.9130859375,5704.9130859375,97539,0.0,0.0
2014-05-15 00:00:00+09:00,5704.913608039096,5907.155744808577,5704.913608039096,5839.74169921875,114824,0.0,0.0
2014-05-16 00:00:00+09:00,5848.1684356154055,5848.1684356154055,5688.06007786801,5763.90087890625,54326,0.0,0.0
2014-05-19 00:00:00+09:00,5797.607826900921,5797.607826900921,5468.964359969038,5485.81787109375,121482,0.0,0.0
2014-05-20 00:00:00+09:00,5460.537109375,5662.779224537037,5393.1230709876545,5460.537109375,75220,0.0,0.0
2014-05-21 00:00:00+09:00,5401.549390276333,5603.791489132233,5401.549390276333,5570.08447265625,62210,0.0,0.0
2014-05-22 00:00:00+09:00,5578.511697876908,5688.059510675095,5511.09765923187,5519.5244140625,44394,0.0,0.0
2014-05-23 00:00:00+09:00,5738.62063083401,5940.86276760349,5730.193875135282,5839.74169921875,365999,0.0,0.0
2014-05-26 00:00:00+09:00,6008.275833565848,6016.702587890625,5865.021010044643,5898.72802734375,254773,0.0,0.0
2014-05-27 00:00:00+09:00,5907.154781668527,5982.995570591518,5772.326712472099,5898.72802734375,81793,0.0,0.0
2014-05-28 00:00:00+09:00,5974.568857943074,6109.396928080012,5932.435086025281,5999.84912109375,309201,0.0,0.0
2014-05-29 00:00:00+09:00,5999.850103802448,6067.2641499125875,5856.595255818401,6025.13037109375,131940,0.0,0.0
2014-05-30 00:00:00+09:00,6041.983840349595,6067.264107464029,5814.461436319694,5856.59521484375,100454,0.0,0.0
2014-06-02 00:00:00+09:00,5856.595115837414,5856.595115837414,5460.5376044066825,5485.81787109375,225551,0.0,0.0
2014-06-03 00:00:00+09:00,5485.818312198067,5527.952093397746,5233.015625,5233.015625,288449,0.0,0.0
2014-06-05 00:00:00+09:00,5283.575234985352,5393.123046875,5241.441461181641,5393.123046875,83866,0.0,0.0
2014-06-09 00:00:00+09:00,5426.829559134238,5426.829559134238,5300.428249527074,5359.41552734375,122469,0.0,0.0
2014-06-10 00:00:00+09:00,5367.842281317561,5418.402805160426,5325.708511448506,5359.41552734375,143990,0.0,0.0
2014-06-11 00:00:00+09:00,5384.696286001175,5393.123040752351,5182.454171972962,5376.26953125,97741,0.0,0.0
2014-06-12 00:00:00+09:00,5367.843257105069,5367.843257105069,5224.588413508858,5350.98974609375,142590,0.0,0.0
2014-06-13 00:00:00+09:00,5367.843214235971,5367.843214235971,5165.601083715306,5199.30810546875,105420,0.0,0.0
2014-06-16 00:00:00+09:00,4971.785708633002,5283.57565985236,4803.250599865782,5199.30810546875,388001,0.0,0.0
2014-06-17 00:00:00+09:00,5140.320805568322,5308.85591394761,5131.894050149357,5157.17431640625,135280,0.0,0.0
2014-06-18 00:00:00+09:00,5190.880787037037,5216.16105061027,4980.211923926768,5005.4921875,64668,0.0,0.0
2014-06-19 00:00:00+09:00,5047.6259765625,5089.759749321786,5005.492203803214,5047.6259765625,40487,0.0,0.0
2014-06-20 00:00:00+09:00,5030.772451073232,5106.613241792929,4879.090869633838,5005.4921875,53564,0.0,0.0
2014-06-23 00:00:00+09:00,4971.786149088542,5190.881809895833,4971.786149088542,5056.0537109375,33017,0.0,0.0
2014-06-24 00:00:00+09:00,5013.918942024411,5081.332978219697,4946.504905829124,5005.4921875,60425,0.0,0.0
2014-06-25 00:00:00+09:00,5098.186006577916,5157.173282687082,5005.491715549227,5039.19873046875,63737,0.0,0.0
2014-06-26 00:00:00+09:00,5039.199745203074,5174.02783203125,5013.919478922791,5174.02783203125,74995,0.0,0.0
2014-06-27 00:00:00+09:00,5165.6015625,5190.881831158238,5115.041025183524,5165.6015625,30826,0.0,0.0
2014-06-30 00:00:00+09:00,5182.454594592028,5233.015127222194,5148.747572838583,5199.30810546875,42583,0.0,0.0
2014-07-01 00:00:00+09:00,5182.454104733157,5207.734368658685,5123.46682224026,5190.880859375,42443,0.0,0.0
2014-07-02 00:00:00+09:00,5182.45456069263,5199.308071459111,5081.33349609375,5081.33349609375,68319,0.0,0.0
2014-07-03 00:00:00+09:00,5081.333979492188,5098.187491861979,4971.786149088542,5056.0537109375,52231,0.0,0.0
2014-07-04 00:00:00+09:00,5022.345712906928,5081.3329947699285,4963.358431043927,5047.6259765625,49380,0.0,0.0
2014-07-07 00:00:00+09:00,5056.052237928511,5056.052237928511,4963.357946899822,5039.19873046875,25035,0.0,0.0
2014-07-08 00:00:00+09:00,5056.052853579812,5384.6962890625,4971.785306020149,5384.6962890625,126164,0.0,0.0
2014-07-09 00:00:00+09:00,5376.26953125,5401.549795503526,5283.575228987069,5376.26953125,80803,0.0,0.0
2014-07-10 00:00:00+09:00,5350.988822196408,5553.23091941328,5350.988822196408,5468.96337890625,154118,0.0,0.0
2014-07-11 00:00:00+09:00,5435.256814508229,5460.537078761755,5308.855493240595,5376.26953125,52994,0.0,0.0
2014-07-14 00:00:00+09:00,5342.56298828125,5393.123521293375,5233.015166754979,5342.56298828125,63317,0.0,0.0
2014-07-15 00:00:00+09:00,5393.123544254659,5502.671366247331,5283.575722261986,5426.83056640625,246043,0.0,0.0
2014-07-16 00:00:00+09:00,5426.830034722222,5527.9510912698415,5300.428714037698,5308.85546875,54337,0.0,0.0
2014-07-17 00:00:00+09:00,5308.855523003473,5494.244128568673,5308.855523003473,5460.537109375,52168,0.0,0.0
2014-07-18 00:00:00+09:00,5435.256908815299,5645.92578125,5317.282340251866,5645.92578125,125013,0.0,0.0
2014-07-21 00:00:00+09:00,5763.900870289522,5856.59518253102,5629.072779756434,5730.19384765625,233011,0.0,0.0
2014-07-22 00:00:00+09:00,5730.193330223881,5806.034124300373,5595.365251865672,5645.92578125,182558,0.0,0.0
2014-07-23 00:00:00+09:00,5645.925789956353,5797.607378343239,5637.49903504597,5671.2060546875,114839,0.0,0.0
2014-07-24 00:00:00+09:00,5645.92625629471,5688.06003432676,5511.09816659215,5595.36572265625,81557,0.0,0.0
2014-07-25 00:00:00+09:00,5553.230968095025,5671.2055258390765,5536.377459845874,5578.51123046875,57226,0.0,0.0
2014-07-28 00:00:00+09:00,5578.512182279666,5603.792448966734,5308.856004284275,5485.81787109375,83185,0.0,0.0
2014-07-29 00:00:00+09:00,5477.390082977103,5536.377360793779,5266.72123363183,5359.41552734375,45975,0.0,0.0
2014-07-30 00:00:00+09:00,5308.85546875,5376.269506448412,5224.587921626984,5308.85546875,27165,0.0,0.0
2014-07-31 00:00:00+09:00,5342.562542197145,5494.244128568673,5190.880955825617,5460.537109375,62056,0.0,0.0
2014-08-01 00:00:00+09:00,5393.1230709876545,5519.524392963927,5350.989296995564,5460.537109375,39912,0.0,0.0
2014-08-04 00:00:00+09:00,5544.804165362577,5544.804165362577,5393.122592449923,5468.96337890625,26512,0.0,0.0
2014-08-05 00:00:00+09:00,5468.963415953385,5595.3647275701815,5367.842366659948,5553.23095703125,45563,0.0,0.0
2014-08-06 00:00:00+09:00,5485.817379807692,5553.231418269231,5435.2568509615385,5477.390625,37184,0.0,0.0
2014-08-07 00:00:00+09:00,5435.257301150345,5477.391078678642,5266.722191037155,5350.98974609375,86789,0.0,0.0
2014-08-08 00:00:00+09:00,5334.135787398727,5460.537109375,5308.855523003473,5460.537109375,53534,0.0,0.0
2014-08-11 00:00:00+09:00,5477.390618971836,5620.6454505449465,5409.976580584491,5460.537109375,121064,0.0,0.0
2014-08-12 00:00:00+09:00,5452.1108284353095,5536.3783837434285,4963.359007648219,5409.97705078125,199410,0.0,0.0
2014-08-13 00:00:00+09:00,5409.976553330399,5452.110327110231,5292.00198674687,5384.6962890625,58852,0.0,0.0
2014-08-14 00:00:00+09:00,5393.122628983308,5620.644989893541,5308.855087905444,5553.23095703125,103858,0.0,0.0
2014-08-18 00:00:00+09:00,5553.230964418258,5586.937980894241,5494.2436855852875,5570.08447265625,98953,0.0,0.0
2014-08-19 00:00:00+09:00,5544.8043554965325,5924.00830078125,5544.8043554965325,5924.00830078125,438511,0.0,0.0
2014-08-20 00:00:00+09:00,5915.58203956117,5999.849589982269,5848.167999224291,5940.8623046875,320812,0.0,0.0
2014-08-21 00:00:00+09:00,6067.264107464029,6151.53166451214,5730.193879271583,5856.59521484375,484026,0.0,0.0
2014-08-22 00:00:00+09:00,5831.314480947293,5999.849581552707,5831.314480947293,5915.58203125,284004,0.0,0.0
2014-08-25 00:00:00+09:00,5957.715318139892,6008.275844177853,5780.753477007023,5924.00830078125,195198,0.0,0.0
2014-08-26 00:00:00+09:00,5924.00830078125,6218.944702669363,5848.167511724307,5924.00830078125,697892,0.0,0.0
2014-08-27 00:00:00+09:00,5999.849625696379,6134.677707172702,5907.155319681407,6050.41015625,391625,0.0,0.0
2014-08-28 00:00:00+09:00,6058.836953976498,6210.5185467047,6008.276423067098,6185.23828125,372683,0.0,0.0
2014-08-29 00:00:00+09:00,6235.79931640625,6446.468212230785,6050.4106880806585,6235.79931640625,830016,0.0,0.0
2014-09-01 00:00:00+09:00,6252.65230892061,6320.06634998714,6109.397471654235,6143.1044921875,306240,0.0,0.0
2014-09-02 00:00:00+09:00,6143.10491759992,6143.10491759992,5890.30224609375,5890.30224609375,326741,0.0,0.0
2014-09-03 00:00:00+09:00,5940.862809404584,6058.837390016874,5907.155786372502,6008.27685546875,194426,0.0,0.0
2014-09-04 00:00:00+09:00,6151.530765058567,6294.785591094178,6100.97023822247,6159.95751953125,397111,0.0,0.0
2014-09-05 00:00:00+09:00,6159.957522866504,6185.237786298241,6008.275942276085,6168.38427734375,132910,0.0,0.0
2014-09-11 00:00:00+09:00,6168.384721979748,6168.384721979748,6033.556640625,6033.556640625,110690,0.0,0.0
2014-09-12 00:00:00+09:00,6050.410076992754,6109.397361865942,5806.034182518116,5814.4609375,241597,0.0,0.0
2014-09-15 00:00:00+09:00,5822.888159897748,5865.0219381893385,5671.206558048024,5730.19384765625,133812,0.0,0.0
2014-09-16 00:00:00+09:00,5730.1934575768155,6033.556640625,5696.486437238128,6033.556640625,156084,0.0,0.0
2014-09-17 00:00:00+09:00,6033.556138627985,6176.810963148481,5881.874559723929,5999.84912109375,202064,0.0,0.0
2014-09-18 00:00:00+09:00,6067.262691237831,6159.956982353964,5932.434631432546,6058.8359375,125755,0.0,0.0
2014-09-19 00:00:00+09:00,6050.410180428989,6202.0917726960115,6008.2764047992605,6126.2509765625,163869,0.0,0.0
2014-09-22 00:00:00+09:00,6109.397038197357,6277.93212890625,6075.690020055578,6277.93212890625,230908,0.0,0.0
2014-09-23 00:00:00+09:00,6277.932044135199,6362.199588351779,6041.982920328776,6067.26318359375,192464,0.0,0.0
2014-09-24 00:00:00+09:00,6067.262691237831,6143.103474878303,5966.141646383867,6058.8359375,114533,0.0,0.0
2014-09-25 00:00:00+09:00,6058.836977151329,6286.359367113896,5966.142670129542,6261.0791015625,287238,0.0,0.0
2014-09-26 00:00:00+09:00,6218.9452883873455,6269.505819187242,6126.250981920867,6143.1044921875,128907,0.0,0.0
2014-09-29 00:00:00+09:00,6168.384682158119,6252.652232460826,5839.741235977564,5915.58203125,221433,0.0,0.0
2014-09-30 00:00:00+09:00,5924.008358425564,6168.3842366536455,5856.5943230523,6067.26318359375,180206,0.0,0.0
2014-10-01 00:00:00+09:00,6143.1044921875,6277.932574320559,5991.422899787808,6143.1044921875,269089,0.0,0.0
2014-10-02 00:00:00+09:00,6109.397492738722,6303.21286147388,5982.996165302748,6210.5185546875,264989,0.0,0.0
2014-10-06 00:00:00+09:00,6311.639658812666,6556.015560155212,6269.505882719123,6345.3466796875,801743,0.0,0.0
2014-10-07 00:00:00+09:00,6404.334445165885,6463.321736108202,6277.933107432347,6286.35986328125,253226,0.0,0.0
2014-10-08 00:00:00+09:00,6235.798316528821,6404.333406164735,6100.970244820089,6176.81103515625,327314,0.0,0.0
2014-10-10 00:00:00+09:00,6151.530682295351,6227.371471529129,5856.594279719546,5957.71533203125,318013,0.0,0.0
2014-10-13 00:00:00+09:00,6025.129846643518,6041.98335670406,5806.034215856482,5915.58203125,220539,0.0,0.0
2014-10-14 00:00:00+09:00,5949.288634916696,6143.10398704571,5898.728108274344,6100.97021484375,162304,0.0,0.0
2014-10-15 00:00:00+09:00,6176.811507318174,6345.346609837087,6084.117200932772,6126.2509765625,211376,0.0,0.0
2014-10-16 00:00:00+09:00,6025.129938540252,6202.091796875,5957.715897269871,6202.091796875,89158,0.0,0.0
2014-10-17 00:00:00+09:00,6193.664510259984,6261.078545745808,6008.275912673971,6092.54345703125,147128,0.0,0.0
2014-10-20 00:00:00+09:00,6159.957966895076,6159.957966895076,5991.422865201641,6033.556640625,173747,0.0,0.0
2014-10-21 00:00:00+09:00,6033.557122742813,6109.397924564999,5940.862809404584,6008.27685546875,168347,0.0,0.0
2014-10-22 00:00:00+09:00,6067.263149207746,6100.970166703345,5932.435079225352,5982.99560546875,212827,0.0,0.0
2014-10-23 00:00:00+09:00,6025.129814976031,6025.129814976031,5797.607430354559,5822.8876953125,284340,0.0,0.0
2014-10-24 00:00:00+09:00,5831.314450298481,5898.728490186324,5696.486370522794,5822.8876953125,162425,0.0,0.0
2014-10-27 00:00:00+09:00,5831.314523850975,6050.41015625,5831.314523850975,6050.41015625,159203,0.0,0.0
2014-10-28 00:00:00+09:00,6067.264172262397,6235.799288158574,6041.98390487797,6117.82470703125,216197,0.0,0.0
2014-10-29 00:00:00+09:00,6117.824171919076,6159.957947207775,5974.5693359375,5974.5693359375,139277,0.0,0.0
2014-10-30 00:00:00+09:00,5982.99560546875,6084.116657955546,5814.460517990757,5982.99560546875,185152,0.0,0.0
2014-10-31 00:00:00+09:00,5966.1425670276985,6016.703097256747,5898.7285267223015,5932.435546875,53216,0.0,0.0
2014-11-03 00:00:00+09:00,5932.435518731989,5949.289028728386,5831.314458753603,5848.16796875,75885,0.0,0.0
2014-11-04 00:00:00+09:00,5848.167907805535,5915.581947088596,5645.925789956353,5671.2060546875,149972,0.0,0.0
2014-11-05 00:00:00+09:00,5679.6322301738255,5780.753278782261,5468.96337890625,5468.96337890625,145268,0.0,0.0
2014-11-06 00:00:00+09:00,5629.072720257465,5629.072720257465,5308.856008626052,5502.67138671875,115631,0.0,0.0
2014-11-07 00:00:00+09:00,5468.963934035528,5662.779296875,5393.123139880952,5662.779296875,67393,0.0,0.0
2014-11-10 00:00:00+09:00,5747.04684593564,5747.04684593564,5527.951218377976,5662.779296875,101705,0.0,0.0
2014-11-11 00:00:00+09:00,5586.938505583674,5730.193339060179,5519.524466300613,5671.2060546875,91055,0.0,0.0
2014-11-12 00:00:00+09:00,5721.767072379144,5730.193828008569,5544.805204161233,5654.35302734375,77976,0.0,0.0
2014-11-13 00:00:00+09:00,5696.4872885338345,5696.4872885338345,5511.0986489661655,5603.79296875,71075,0.0,0.0
2014-11-14 00:00:00+09:00,5553.2308687414015,5603.791392584267,5182.453693893721,5359.41552734375,255344,0.0,0.0
2014-11-17 00:00:00+09:00,5393.122442716857,5418.402704167092,5123.466320581015,5148.74658203125,204801,0.0,0.0
2014-11-18 00:00:00+09:00,5224.588856035889,5275.149393352365,5123.467781402936,5165.6015625,103229,0.0,0.0
2014-11-19 00:00:00+09:00,5207.73487503762,5249.86865234375,5039.199765813102,5249.86865234375,276298,0.0,0.0
2014-11-20 00:00:00+09:00,5258.294909274194,5342.562455897178,5174.02736265121,5224.587890625,96149,0.0,0.0
2014-11-21 00:00:00+09:00,5224.588856035889,5275.149393352365,5140.321293841762,5165.6015625,132208,0.0,0.0
2014-11-24 00:00:00+09:00,5174.027393353174,5317.282223462302,5157.173883928572,5308.85546875,84337,0.0,0.0
2014-11-25 00:00:00+09:00,5317.28173828125,5342.56200011143,5258.294460677496,5317.28173828125,52179,0.0,0.0
2014-11-26 00:00:00+09:00,5317.28173828125,5359.415507998217,5283.574722507677,5317.28173828125,63115,0.0,0.0
2014-11-27 00:00:00+09:00,5317.282300995617,5553.231436380526,5266.721771984566,5527.951171875,166875,0.0,0.0
2014-11-28 00:00:00+09:00,5561.658711112668,5688.060045456138,5519.524932998178,5637.49951171875,233092,0.0,0.0
2014-12-01 00:00:00+09:00,5544.8040866578895,5544.8040866578895,5300.42822265625,5300.42822265625,229176,0.0,0.0
2014-12-02 00:00:00+09:00,5300.428768205054,5519.524392963927,5241.441484616126,5460.537109375,233044,0.0,0.0
2014-12-03 00:00:00+09:00,5494.244094633045,5553.231377857634,5359.41601869113,5367.8427734375,145813,0.0,0.0
2014-12-04 00:00:00+09:00,5376.270035428779,5452.110835301599,5334.136257721657,5435.25732421875,79737,0.0,0.0
2014-12-05 00:00:00+09:00,5334.136686888254,5376.270467985318,5123.467781402936,5165.6015625,281764,0.0,0.0
2014-12-08 00:00:00+09:00,5165.601071825215,5233.0151151769305,5140.320805568322,5157.17431640625,82941,0.0,0.0
2014-12-09 00:00:00+09:00,5140.320350180868,5275.148424939711,5131.893595508441,5241.44140625,103239,0.0,0.0
2014-12-10 00:00:00+09:00,5283.57572667739,5452.11083757619,5224.58843786281,5443.68408203125,97925,0.0,0.0
2014-12-11 00:00:00+09:00,5443.684565756221,5452.111322049961,5325.709977643856,5418.404296875,53381,0.0,0.0
2014-12-12 00:00:00+09:00,5426.830526689593,5460.537548594498,5283.57568359375,5283.57568359375,84578,0.0,0.0
2014-12-15 00:00:00+09:00,5165.600495947098,5224.587777303754,4794.823298848122,4938.078125,351810,0.0,0.0
2014-12-16 00:00:00+09:00,4862.2373346843,4980.21189739761,4862.2373346843,4938.078125,82413,0.0,0.0
2014-12-17 00:00:00+09:00,4938.079050718133,4938.079050718133,4550.448271992818,4693.703125,111582,0.0,0.0
2014-12-18 00:00:00+09:00,4727.409114943025,4761.116131805364,4381.912192104051,4575.7275390625,157079,0.0,0.0
2014-12-19 00:00:00+09:00,4575.728540170557,4702.129881059246,4525.168003815081,4693.703125,47107,0.0,0.0
2014-12-22 00:00:00+09:00,4617.861865492725,4794.823725301752,4617.861865492725,4777.97021484375,28398,0.0,0.0
2014-12-23 00:00:00+09:00,4777.969723111749,4820.103494920495,4735.835951303004,4769.54296875,41255,0.0,0.0
2014-12-24 00:00:00+09:00,4794.823755768296,4938.078595571567,4693.702692377752,4879.09130859375,128425,0.0,0.0
2014-12-26 00:00:00+09:00,4895.9443359375,4946.504862642534,4870.664072584983,4895.9443359375,91114,0.0,0.0
2014-12-29 00:00:00+09:00,5009.397720885791,5009.397720885791,4703.946640343975,4852.30859375,126619,200.0,0.0
2014-12-30 00:00:00+09:00,4852.309613715278,4887.218315972223,4712.6748046875,4712.6748046875,51224,0.0,0.0
2015-01-02 00:00:00+09:00,4660.31159098629,4703.947467306386,4350.4968691136055,4415.95068359375,261539,0.0,0.0
2015-01-05 00:00:00+09:00,4450.858154296875,4546.8570556640625,4389.7679443359375,4503.22119140625,122376,0.0,0.0
2015-01-06 00:00:00+09:00,4433.4046547575535,4477.04052734375,4354.8600841024,4477.04052734375,106457,0.0,0.0
2015-01-07 00:00:00+09:00,4494.494856770833,4642.856822916667,4477.0405078125,4581.7666015625,78890,0.0,0.0
2015-01-08 00:00:00+09:00,4669.038450326492,4695.219974347015,4555.585179570896,4677.765625,84677,0.0,0.0
2015-01-09 00:00:00+09:00,4747.583140074212,4826.127714082792,4695.220090735158,4703.947265625,110325,0.0,0.0
2015-01-12 00:00:00+09:00,4712.67479391659,4826.128075992359,4695.22044282801,4747.58349609375,69904,0.0,0.0
2015-01-13 00:00:00+09:00,4869.7629377092635,5079.215107073102,4808.67272164481,4887.21728515625,166716,0.0,0.0
2015-01-14 00:00:00+09:00,4913.3994140625,4965.762462880218,4869.763540047736,4913.3994140625,39252,0.0,0.0
2015-01-15 00:00:00+09:00,4895.945064456594,4983.216812486124,4817.400491230018,4913.3994140625,71504,0.0,0.0
2015-01-16 00:00:00+09:00,4808.672980339973,4948.307767427885,4738.855586796017,4765.037109375,72820,0.0,0.0
2015-01-19 00:00:00+09:00,4869.763194247159,4869.763194247159,4765.037104048295,4799.94580078125,24633,0.0,0.0
2015-01-20 00:00:00+09:00,4799.945432583635,4869.762820693942,4756.309565014692,4826.126953125,71646,0.0,0.0
2015-01-21 00:00:00+09:00,4826.127079650433,4913.3988170763005,4730.12816848198,4782.4912109375,76354,0.0,0.0
2015-01-22 00:00:00+09:00,4826.127722510222,4852.3092472254675,4634.129874598423,4669.03857421875,112866,0.0,0.0
2015-01-23 00:00:00+09:00,4660.31092592316,4721.401144053239,4546.857663681585,4564.31201171875,89851,0.0,0.0
2015-01-26 00:00:00+09:00,4573.038936968337,4660.310672406664,4573.038936968337,4616.6748046875,50502,0.0,0.0
2015-01-27 00:00:00+09:00,4634.128903552313,4799.945192003338,4634.128903552313,4738.85498046875,52591,0.0,0.0
2015-01-28 00:00:00+09:00,4782.491329684664,4808.6728515625,4669.038068214043,4808.6728515625,60926,0.0,0.0
2015-01-29 00:00:00+09:00,4817.4001491477275,4843.581671697443,4765.037104048295,4799.94580078125,48703,0.0,0.0
2015-01-30 00:00:00+09:00,4843.580807387939,4843.580807387939,4686.491700121303,4721.400390625,45541,0.0,0.0
2015-02-02 00:00:00+09:00,4765.03784718233,4799.94654935949,4695.22044282801,4747.58349609375,34345,0.0,0.0
2015-02-03 00:00:00+09:00,4799.9461894132655,4799.9461894132655,4677.765740955473,4703.947265625,64829,0.0,0.0
2015-02-04 00:00:00+09:00,4756.309554865993,4974.488892245167,4703.946513894992,4965.76171875,79241,0.0,0.0
2015-02-05 00:00:00+09:00,4965.76171875,4991.943239235501,4852.30846331283,4965.76171875,96991,0.0,0.0
2015-02-06 00:00:00+09:00,5009.397710236026,5009.397710236026,4939.580320546324,4957.03466796875,61276,0.0,0.0
2015-02-09 00:00:00+09:00,4974.489015391176,5026.852057658451,4930.853146835112,4957.03466796875,85254,0.0,0.0
2015-02-10 00:00:00+09:00,4965.762225440418,5009.398097368717,4834.854609655521,4861.0361328125,49200,0.0,0.0
2015-02-11 00:00:00+09:00,4887.217295848541,4887.217295848541,4782.4912109375,4782.4912109375,56803,0.0,0.0
2015-02-12 00:00:00+09:00,4782.491334123629,4826.127203960524,4738.855464286735,4773.76416015625,48020,0.0,0.0
2015-02-13 00:00:00+09:00,4791.218966821159,5000.67116209203,4747.583092806394,4913.3994140625,85488,0.0,0.0
2015-02-16 00:00:00+09:00,4913.3994140625,4983.216812486124,4895.945064456594,4913.3994140625,63836,0.0,0.0
2015-02-17 00:00:00+09:00,4922.1259598405395,5122.850954656732,4913.3987861528785,5096.66943359375,96440,0.0,0.0
2015-02-23 00:00:00+09:00,5183.941157226563,5236.30419921875,5096.669420572917,5236.30419921875,137416,0.0,0.0
2015-02-24 00:00:00+09:00,5236.304927585133,5262.486452223058,5157.760353671356,5253.75927734375,73536,0.0,0.0
2015-02-25 00:00:00+09:00,5271.213627102367,5271.213627102367,5175.214703429973,5253.75927734375,65340,0.0,0.0
2015-02-26 00:00:00+09:00,5183.942290683963,5253.759695272299,5061.761832654374,5087.943359375,53152,0.0,0.0
2015-02-27 00:00:00+09:00,5140.3056640625,5175.214361271753,5000.670875225488,5140.3056640625,62647,0.0,0.0
2015-03-02 00:00:00+09:00,5157.7597615217965,5262.485848050158,5079.215196625525,5192.66845703125,152950,0.0,0.0
2015-03-03 00:00:00+09:00,5245.03188194223,5245.03188194223,5044.306868157419,5131.57861328125,62840,0.0,0.0
2015-03-04 00:00:00+09:00,5175.215019599541,5210.123721249453,4991.9443359375,4991.9443359375,71782,0.0,0.0
2015-03-05 00:00:00+09:00,5087.943244881465,5087.943244881465,4965.762789601293,5061.76171875,46021,0.0,0.0
2015-03-06 00:00:00+09:00,5035.579238455636,5061.760759626116,4887.21728515625,4887.21728515625,87483,0.0,0.0
2015-03-09 00:00:00+09:00,4922.12623934659,4948.307761896307,4791.218626598012,4799.94580078125,67392,0.0,0.0
2015-03-10 00:00:00+09:00,4843.5818027881305,4930.853546982511,4730.128535335435,4756.31005859375,67145,0.0,0.0
2015-03-11 00:00:00+09:00,4712.674028881751,5079.21534223922,4669.038158243957,5009.39794921875,108446,0.0,0.0
2015-03-12 00:00:00+09:00,5061.761594368546,5105.397470182068,5009.398543392319,5070.48876953125,35894,0.0,0.0
2015-03-13 00:00:00+09:00,5105.395872764981,5122.850217629134,5053.032838172519,5079.21435546875,64126,0.0,0.0
2015-03-16 00:00:00+09:00,5122.851946390086,5210.123700161637,5053.034543372844,5061.76171875,56796,0.0,0.0
2015-03-17 00:00:00+09:00,5122.8514387688665,5253.759056454613,5000.670995595504,5131.57861328125,129946,0.0,0.0
2015-03-18 00:00:00+09:00,5122.851946390086,5157.760647898706,5053.034543372844,5061.76171875,52699,0.0,0.0
2015-03-19 00:00:00+09:00,5131.577761548913,5131.577761548913,4957.034300271739,5018.12451171875,44246,0.0,0.0
2015-03-20 00:00:00+09:00,4983.216063174902,5044.30627760962,4895.944328268161,5000.67041015625,47290,0.0,0.0
2015-03-23 00:00:00+09:00,5070.488168111661,5087.942516366779,4974.489252708515,5009.39794921875,54745,0.0,0.0
2015-03-24 00:00:00+09:00,4983.217140355603,5070.488894127155,4965.762789601293,5061.76171875,61226,0.0,0.0
2015-03-25 00:00:00+09:00,5096.669690494338,5096.669690494338,4965.762078580956,5009.39794921875,66841,0.0,0.0
2015-03-26 00:00:00+09:00,4983.216312899581,5053.033704323743,4913.398921475419,4948.3076171875,56368,0.0,0.0
2015-03-27 00:00:00+09:00,5026.85293141593,5026.85293141593,4913.399653449945,4930.85400390625,47123,0.0,0.0
2015-03-30 00:00:00+09:00,4974.48974609375,5061.7614960252195,4895.9451711554275,4974.48974609375,68204,0.0,0.0
2015-03-31 00:00:00+09:00,4991.943586017491,5183.941416248933,4991.943586017491,5114.1240234375,94624,0.0,0.0
2015-04-01 00:00:00+09:00,5140.305652612019,5288.667615420854,5114.124129763401,5210.123046875,156017,0.0,0.0
2015-04-02 00:00:00+09:00,5279.940441137982,5367.212183966709,5192.668698309255,5210.123046875,145360,0.0,0.0
2015-04-03 00:00:00+09:00,5210.122800696474,5245.031496178527,5149.032583602881,5227.5771484375,78264,0.0,0.0
2015-04-06 00:00:00+09:00,5227.576657758797,5349.757080477701,5114.123408091244,5332.302734375,185780,0.0,0.0
2015-04-07 00:00:00+09:00,5349.757081284751,5375.938600442751,5201.395139389415,5297.39404296875,117282,0.0,0.0
2015-04-08 00:00:00+09:00,5367.211804199219,5367.211804199219,5183.941157226563,5236.30419921875,83748,0.0,0.0
2015-04-09 00:00:00+09:00,5227.577608136433,5419.575450171494,5227.577608136433,5367.21240234375,127997,0.0,0.0
2015-04-10 00:00:00+09:00,5428.303371609911,5428.303371609911,5279.941382353691,5349.7587890625,112946,0.0,0.0
2015-04-13 00:00:00+09:00,5384.666375948302,5445.75659415193,5297.394635657406,5428.30224609375,99163,0.0,0.0
2015-04-14 00:00:00+09:00,5437.0286865234375,5559.2091064453125,5358.484130859375,5410.84716796875,108125,0.0,0.0
2015-04-15 00:00:00+09:00,5410.848157296772,5410.848157296772,5323.576412824244,5341.03076171875,73852,0.0,0.0
2015-04-16 00:00:00+09:00,5341.030524829826,5410.847917311263,5279.940306408571,5288.66748046875,76927,0.0,0.0
2015-04-17 00:00:00+09:00,5297.394889482485,5375.939459507761,5262.486191693474,5341.03076171875,72992,0.0,0.0
2015-04-20 00:00:00+09:00,5288.667241210937,5358.484630533854,5227.577025553385,5236.30419921875,96873,0.0,0.0
2015-04-21 00:00:00+09:00,5253.758056640625,5306.12109375,5227.5765380859375,5271.21240234375,66899,0.0,0.0
2015-04-22 00:00:00+09:00,5262.485349964198,5341.02990742635,5192.667965553396,5332.302734375,151249,0.0,0.0
2015-04-23 00:00:00+09:00,5375.9384765625,5410.84716796875,5245.0308837890625,5410.84716796875,179314,0.0,0.0
2015-04-24 00:00:00+09:00,5410.847898035571,5594.118552646453,5332.3033317737645,5428.30224609375,165757,0.0,0.0
2015-04-27 00:00:00+09:00,5419.575544084822,5515.574466765873,5341.030970982143,5498.1201171875,95548,0.0,0.0
2015-04-28 00:00:00+09:00,5498.120414332339,5524.301940114875,5306.12255859375,5306.12255859375,69763,0.0,0.0
2015-04-29 00:00:00+09:00,5288.66745706869,5463.2109375,5253.758760982428,5463.2109375,120759,0.0,0.0
2015-04-30 00:00:00+09:00,5445.756966882068,5515.574363893376,5375.939569870759,5402.12109375,192008,0.0,0.0
2015-05-04 00:00:00+09:00,5428.3023640625,5489.39258359375,5314.84909921875,5454.48388671875,91094,0.0,0.0
2015-05-06 00:00:00+09:00,5428.303371609911,5498.120778318719,5279.941382353691,5349.7587890625,62419,0.0,0.0
2015-05-07 00:00:00+09:00,5349.7587890625,5367.213140739703,5061.761986388662,5349.7587890625,110385,0.0,0.0
2015-05-08 00:00:00+09:00,5358.4851106132555,5419.575331744026,5306.122063929738,5341.03076171875,59012,0.0,0.0
2015-05-11 00:00:00+09:00,5341.030524829826,5393.393569190904,5288.66748046875,5288.66748046875,62615,0.0,0.0
2015-05-12 00:00:00+09:00,5384.666129142615,5541.755254466063,5288.667219222731,5480.6650390625,219554,0.0,0.0
2015-05-13 00:00:00+09:00,5550.48277616279,5655.208866279069,5506.846905281008,5629.02734375,179757,0.0,0.0
2015-05-14 00:00:00+09:00,5637.754517926356,5655.208866279069,5550.48277616279,5629.02734375,60433,0.0,0.0
2015-05-15 00:00:00+09:00,5655.2093652496105,5655.2093652496105,5550.483265893136,5594.119140625,70981,0.0,0.0
2015-05-18 00:00:00+09:00,5506.846937588063,5541.755634498289,5402.120846857387,5419.5751953125,152418,0.0,0.0
2015-05-19 00:00:00+09:00,5463.211457799693,5463.211457799693,5323.57666015625,5323.57666015625,69894,0.0,0.0
2015-05-20 00:00:00+09:00,5323.57556212675,5341.0299082320835,5236.303831600082,5297.39404296875,80627,0.0,0.0
2015-05-21 00:00:00+09:00,5332.303475271178,5332.303475271178,5210.12303557593,5279.9404296875,60297,0.0,0.0
2015-05-22 00:00:00+09:00,5393.394254660305,5559.210582878017,5314.8496781361255,5515.57470703125,150605,0.0,0.0
2015-05-26 00:00:00+09:00,5419.574700088862,5567.936648400474,5402.120353228673,5524.30078125,52971,0.0,0.0
2015-05-27 00:00:00+09:00,5402.1210660679135,5585.391732283465,5402.1210660679135,5541.755859375,91700,0.0,0.0
2015-05-28 00:00:00+09:00,5515.573933069029,5978.114152139692,5515.573933069029,5847.20654296875,300345,0.0,0.0
2015-05-29 00:00:00+09:00,5829.751706811016,6091.566903224685,5812.297360383439,5882.11474609375,197265,0.0,0.0
2015-06-01 00:00:00+09:00,5882.115737319351,5934.478785426051,5681.390719576999,5812.29833984375,91603,0.0,0.0
2015-06-02 00:00:00+09:00,5812.297728577118,5847.206423643647,5611.572731944575,5821.02490234375,110605,0.0,0.0
2015-06-03 00:00:00+09:00,5838.478762374761,5838.478762374761,5672.662474654103,5716.29833984375,52334,0.0,0.0
2015-06-04 00:00:00+09:00,5681.390971235795,5803.571422230113,5672.663796164772,5759.935546875,47358,0.0,0.0
2015-06-05 00:00:00+09:00,5777.388908749535,5969.386727469308,5698.844346545991,5864.66064453125,110131,0.0,0.0
2015-06-08 00:00:00+09:00,5864.6614029255325,5873.388577632267,5681.39073408411,5742.48095703125,64933,0.0,0.0
2015-06-09 00:00:00+09:00,5681.3903888081395,5751.207782218992,5594.118647044574,5629.02734375,65080,0.0,0.0
2015-06-10 00:00:00+09:00,5646.480955540314,5794.842897185114,5629.026609464456,5716.29833984375,89672,0.0,0.0
2015-06-11 00:00:00+09:00,5725.026873553241,5794.844274450232,5602.846421983507,5655.20947265625,69223,0.0,0.0
2015-06-12 00:00:00+09:00,5707.571540785132,5725.025888004659,5541.7552421996315,5620.2998046875,59558,0.0,0.0
2015-06-15 00:00:00+09:00,5611.572895866613,5672.663114017571,5463.2109375,5463.2109375,88648,0.0,0.0
2015-06-16 00:00:00+09:00,5463.21120398029,5498.119901769302,5262.486191693474,5341.03076171875,94264,0.0,0.0
2015-06-17 00:00:00+09:00,5341.030857505981,5471.9384765625,5297.39498448714,5471.9384765625,47000,0.0,0.0
2015-06-18 00:00:00+09:00,5480.665651166268,5533.028698788875,5428.30260354366,5471.9384765625,37533,0.0,0.0
2015-06-19 00:00:00+09:00,5480.6650390625,5759.934595193073,5454.483518175259,5480.6650390625,43873,0.0,0.0
2015-06-22 00:00:00+09:00,5489.392087529621,5550.482301540284,5454.4833938092415,5524.30078125,51318,0.0,0.0
2015-06-23 00:00:00+09:00,5524.300293735283,5576.6633296948585,5463.2100851157775,5559.208984375,81184,0.0,0.0
2015-06-24 00:00:00+09:00,5559.209474970379,5602.845342120853,5480.664914099526,5524.30078125,50654,0.0,0.0
2015-06-25 00:00:00+09:00,5524.300910362831,5524.300910362831,5375.938958583734,5445.75634765625,70731,0.0,0.0
2015-06-26 00:00:00+09:00,5463.211441583233,5463.211441583233,5367.21251848832,5393.39404296875,58488,0.0,0.0
2015-06-29 00:00:00+09:00,5367.21205695417,5367.21205695417,5149.032705045464,5218.85009765625,102613,0.0,0.0
2015-06-30 00:00:00+09:00,5227.577271732598,5253.758793961643,5140.305530969116,5218.85009765625,62584,0.0,0.0
2015-07-01 00:00:00+09:00,5323.576312552345,5323.576312552345,5192.668698309255,5210.123046875,65285,0.0,0.0
2015-07-02 00:00:00+09:00,5210.123921643273,5262.486976132151,5070.489109672934,5149.03369140625,115287,0.0,0.0
2015-07-03 00:00:00+09:00,5149.031734925365,5149.031734925365,5000.669803580057,5079.21435546875,106407,0.0,0.0
2015-07-06 00:00:00+09:00,5009.398305942358,5149.033101926814,4922.1265584520725,5053.0341796875,121706,0.0,0.0
2015-07-07 00:00:00+09:00,4991.942992527173,5122.850588485054,4965.761473335598,5018.12451171875,67561,0.0,0.0
2015-07-08 00:00:00+09:00,4983.216447727655,5018.12514438424,4808.672964444724,4869.76318359375,72284,0.0,0.0
2015-07-09 00:00:00+09:00,4799.9464768629805,5009.398686762456,4642.857319438373,4991.9443359375,80453,0.0,0.0
2015-07-10 00:00:00+09:00,5035.579231369663,5035.579231369663,4895.944451990262,4957.03466796875,40528,0.0,0.0
2015-07-13 00:00:00+09:00,4991.9433628136,5026.852057658451,4957.03466796875,4957.03466796875,51403,0.0,0.0
2015-07-14 00:00:00+09:00,5035.579572434741,5183.941535574067,4974.489352318548,5140.3056640625,58899,0.0,0.0
2015-07-15 00:00:00+09:00,5218.849865220997,5218.849865220997,5035.579217780127,5096.66943359375,63293,0.0,0.0
2015-07-16 00:00:00+09:00,5061.7609888624565,5105.396859456098,4965.762073556444,5044.306640625,48264,0.0,0.0
2015-07-17 00:00:00+09:00,5061.76171875,5087.943244881465,4930.854088092672,5061.76171875,82148,0.0,0.0
2015-07-20 00:00:00+09:00,5053.033804727495,5149.032719843216,5035.579456524637,5114.1240234375,42381,0.0,0.0
2015-07-21 00:00:00+09:00,5166.486829969618,5166.486829969618,5026.85205078125,5026.85205078125,41575,0.0,0.0
2015-07-22 00:00:00+09:00,5026.852282423208,5175.214242147504,5018.1251083217785,5114.1240234375,86393,0.0,0.0
2015-07-23 00:00:00+09:00,5157.760867154396,5201.396745895127,5105.397812665519,5149.03369140625,41078,0.0,0.0
2015-07-24 00:00:00+09:00,5149.0325958927815,5192.6684653494995,5044.306509196656,5122.85107421875,72963,0.0,0.0
2015-07-27 00:00:00+09:00,5166.4870680460745,5166.4870680460745,5044.306630626066,5114.1240234375,24023,0.0,0.0
2015-07-28 00:00:00+09:00,4991.943971650613,5105.3972437335815,4895.94504911887,4983.216796875,69692,0.0,0.0
2015-07-29 00:00:00+09:00,5000.671271073191,5079.215846011513,4939.581046121162,4974.48974609375,34501,0.0,0.0
2015-07-30 00:00:00+09:00,4983.216222318491,5018.12491739603,4642.8564453125,4642.8564453125,69917,0.0,0.0
2015-07-31 00:00:00+09:00,4642.8574001736115,4765.037858072917,4616.675873480903,4712.6748046875,26880,0.0,0.0
2015-08-03 00:00:00+09:00,4799.946197794977,4799.946197794977,4634.129874598423,4669.03857421875,19644,0.0,0.0
2015-08-04 00:00:00+09:00,4669.038198548489,4747.582766374539,4651.583850142701,4730.12841796875,22754,0.0,0.0
2015-08-05 00:00:00+09:00,4756.310682508681,4791.219384765625,4686.493277994792,4712.6748046875,35086,0.0,0.0
2015-08-06 00:00:00+09:00,4730.128798554322,4799.946197794977,4625.402699693342,4669.03857421875,59074,0.0,0.0
2015-08-07 00:00:00+09:00,4642.85595703125,4695.218994140625,4599.2200927734375,4607.947265625,32066,0.0,0.0
2015-08-10 00:00:00+09:00,4625.401611328125,4625.401611328125,4468.3125,4503.22119140625,24158,0.0,0.0
2015-08-11 00:00:00+09:00,4503.2216873769685,4581.7662516916835,4398.495601624016,4433.404296875,23243,0.0,0.0
2015-08-12 00:00:00+09:00,4363.587878999256,4450.859636579241,4232.680242629278,4398.49658203125,73305,0.0,0.0
2015-08-13 00:00:00+09:00,4494.493775828005,4520.67529296875,4398.49487964527,4520.67529296875,37429,0.0,0.0
2015-08-14 00:00:00+09:00,4520.67529296875,4520.67529296875,4520.67529296875,4520.67529296875,0,0.0,0.0
2015-08-17 00:00:00+09:00,4634.130016486454,4634.130016486454,4511.949564074382,4590.494140625,33322,0.0,0.0
2015-08-18 00:00:00+09:00,4625.401978231333,4660.310672406664,4494.494375073842,4616.6748046875,40688,0.0,0.0
2015-08-19 00:00:00+09:00,4573.039935172872,4625.402987865692,4381.042075299202,4511.94970703125,89547,0.0,0.0
2015-08-20 00:00:00+09:00,4511.948742164109,4538.130262911676,4363.5867912612275,4372.31396484375,74679,0.0,0.0
2015-08-21 00:00:00+09:00,3805.047828107942,4258.860871827238,3805.047828107942,3997.045654296875,154153,0.0,0.0
2015-08-24 00:00:00+09:00,3674.1399989149304,4354.859523654513,3674.1399989149304,3927.22802734375,94629,0.0,0.0
2015-08-25 00:00:00+09:00,3935.9565630278717,4363.588207347973,3857.411975295608,4036.319091796875,133120,0.0,0.0
2015-08-26 00:00:00+09:00,4036.317626164727,4141.043705113866,4001.4089331816804,4053.77197265625,54782,0.0,0.0
2015-08-27 00:00:00+09:00,4071.2270843505858,4232.679819742838,4058.1363220214844,4189.0439453125,48145,0.0,0.0
2015-08-28 00:00:00+09:00,4193.407215567426,4315.587654730681,4184.6800413414785,4263.224609375,44881,0.0,0.0
2015-08-31 00:00:00+09:00,4346.132080078125,4354.8592529296875,4232.6788330078125,4293.76904296875,19313,0.0,0.0
2015-09-01 00:00:00+09:00,4293.769168352035,4293.769168352035,4071.2262541386676,4180.31591796875,131992,0.0,0.0
2015-09-02 00:00:00+09:00,4053.7719079258545,4184.679504521953,4053.7719079258545,4180.31591796875,72532,0.0,0.0
2015-09-03 00:00:00+09:00,4223.950886675479,4359.222041104135,4180.315030408169,4333.04052734375,53278,0.0,0.0
2015-09-04 00:00:00+09:00,4333.041997640386,4354.859933177348,4145.4077520225255,4298.13330078125,52631,0.0,0.0
2015-09-07 00:00:00+09:00,4354.8606231627045,4363.587798760225,4189.044286809816,4267.5888671875,17457,0.0,0.0
2015-09-08 00:00:00+09:00,4315.587649210818,4315.587649210818,4180.316448881662,4298.13330078125,49927,0.0,0.0
2015-09-09 00:00:00+09:00,4298.133722478693,4389.769060724431,4258.861434659091,4319.95166015625,76203,0.0,0.0
2015-09-10 00:00:00+09:00,4271.9515303723665,4363.586854312938,4258.860769809428,4350.49609375,18804,0.0,0.0
2015-09-11 00:00:00+09:00,4319.951162167619,4450.858773142396,4319.951162167619,4389.7685546875,28266,0.0,0.0
2015-09-14 00:00:00+09:00,4389.768309096535,4503.221565594059,4276.3150525990095,4407.22265625,27687,0.0,0.0
2015-09-15 00:00:00+09:00,4363.5867912612275,4450.858527086452,4302.49657618357,4372.31396484375,15318,0.0,0.0
2015-09-16 00:00:00+09:00,4372.314894598259,4398.496420913219,4315.58825424918,4324.3154296875,61011,0.0,0.0
2015-09-17 00:00:00+09:00,4363.587535511363,4363.587535511363,4232.679909446023,4319.95166015625,65863,0.0,0.0
2015-09-18 00:00:00+09:00,4293.769639972664,4389.7685546875,4263.224530745216,4389.7685546875,56091,0.0,0.0
2015-09-21 00:00:00+09:00,4363.586788366337,4433.404176980198,4363.586788366337,4407.22265625,26238,0.0,0.0
2015-09-22 00:00:00+09:00,4398.496323529412,4485.768075980392,4363.587622549019,4450.859375,35884,0.0,0.0
2015-09-23 00:00:00+09:00,4450.859375,4511.949601715686,4381.041973039216,4450.859375,48820,0.0,0.0
2015-09-24 00:00:00+09:00,4494.495469313401,4581.767225999099,4450.859590970553,4538.13134765625,45500,0.0,0.0
2015-09-25 00:00:00+09:00,4538.130480520244,4634.12939453125,4503.221784516243,4634.12939453125,34549,0.0,0.0
2015-09-30 00:00:00+09:00,4642.857297285413,4660.311648027087,4538.131192835366,4651.58447265625,26002,0.0,0.0
2015-10-01 00:00:00+09:00,4651.583860933111,4677.765383602528,4599.220815594276,4660.31103515625,20179,0.0,0.0
2015-10-02 00:00:00+09:00,4660.31174065085,4756.31067163804,4660.31174065085,4747.58349609375,25992,0.0,0.0
2015-10-05 00:00:00+09:00,4738.855965184369,4765.037489853896,4695.220090735158,4703.947265625,27461,0.0,0.0
2015-10-06 00:00:00+09:00,4730.128790294527,4738.855965184369,4581.766817167208,4703.947265625,49627,0.0,0.0
2015-10-07 00:00:00+09:00,4686.4918212890625,4695.218994140625,4581.7657470703125,4607.947265625,24383,0.0,0.0
2015-10-08 00:00:00+09:00,4642.856686709972,4703.946906271945,4555.584944478582,4660.31103515625,11952,0.0,0.0
2015-10-12 00:00:00+09:00,4730.128060757325,4730.128060757325,4607.947631143667,4616.6748046875,51785,0.0,0.0
2015-10-13 00:00:00+09:00,4677.765625,4721.401498367537,4546.858004897388,4677.765625,32613,0.0,0.0
2015-10-14 00:00:00+09:00,4686.492443222249,4712.673965251423,4599.220703125,4599.220703125,27551,0.0,0.0
2015-10-15 00:00:00+09:00,4599.221052938433,4695.219974347015,4599.221052938433,4677.765625,11286,0.0,0.0
2015-10-16 00:00:00+09:00,4712.6739605402545,4730.128308542255,4616.675046529249,4634.12939453125,16683,0.0,0.0
2015-10-19 00:00:00+09:00,4616.674924004347,4660.310792851269,4599.220576465578,4642.8564453125,27454,0.0,0.0
2015-10-20 00:00:00+09:00,4625.402946543739,4695.220349510437,4599.221420431227,4651.58447265625,24380,0.0,0.0
2015-10-21 00:00:00+09:00,4660.3106668994415,4712.6737081005585,4616.674799231843,4686.4921875,54410,0.0,0.0
2015-10-22 00:00:00+09:00,4686.492546954278,5087.942560287419,4660.311024345595,4730.12841796875,221884,0.0,0.0
2015-10-23 00:00:00+09:00,4852.308583434199,5018.124883947238,4677.765109209947,4957.03466796875,248227,0.0,0.0
2015-10-26 00:00:00+09:00,5096.670380662752,5454.484568346267,5026.85297818792,5201.396484375,302576,0.0,0.0
2015-10-27 00:00:00+09:00,5201.3958557830465,5367.212166621767,5114.124113236351,5314.84912109375,290351,0.0,0.0
2015-10-28 00:00:00+09:00,5314.847889236992,5349.756578164657,5157.7587890625,5157.7587890625,152506,0.0,0.0
2015-10-29 00:00:00+09:00,5279.939200309327,5279.939200309327,5026.851205583756,5157.7587890625,72470,0.0,0.0
2015-10-30 00:00:00+09:00,5210.123721249453,5253.7595983118445,4939.581283462631,4991.9443359375,75238,0.0,0.0
2015-11-02 00:00:00+09:00,4974.489247675173,5087.942511218642,4799.945765300606,5044.306640625,115177,0.0,0.0
2015-11-03 00:00:00+09:00,5044.306909006538,5087.94278192182,4913.399290260693,4922.12646484375,65038,0.0,0.0
2015-11-04 00:00:00+09:00,4887.217917520492,5367.212534419826,4887.217917520492,5323.57666015625,244964,0.0,0.0
2015-11-05 00:00:00+09:00,5349.758074860075,5349.758074860075,5210.123280083955,5262.486328125,91297,0.0,0.0
2015-11-06 00:00:00+09:00,5236.304326418067,5306.121717436975,5149.032587644433,5192.66845703125,102367,0.0,0.0
2015-11-09 00:00:00+09:00,5192.669349407327,5245.032401670258,5000.671491109913,5061.76171875,100103,0.0,0.0
2015-11-10 00:00:00+09:00,5000.670417989639,5079.214979528743,4852.308468415775,4895.9443359375,64300,0.0,0.0
2015-11-11 00:00:00+09:00,4948.308649198888,5157.760867154396,4895.9455947100105,5149.03369140625,65758,0.0,0.0
2015-11-12 00:00:00+09:00,5201.395866914518,5323.576306741369,5079.215427087666,5245.03173828125,58177,0.0,0.0
2015-11-13 00:00:00+09:00,5227.577389734557,5262.486086827943,5114.124124181053,5245.03173828125,84166,0.0,0.0
2015-11-16 00:00:00+09:00,5114.123045197057,5279.9393214065185,5061.760010604596,5079.21435546875,86639,0.0,0.0
2015-11-17 00:00:00+09:00,5175.215115110421,5218.85099297813,5018.125954786664,5087.943359375,66869,0.0,0.0
2015-11-18 00:00:00+09:00,5079.215982784845,5131.579034153761,4930.85400390625,4930.85400390625,154531,0.0,0.0
2015-11-19 00:00:00+09:00,5053.032722279505,5166.4859612944165,4957.033827728426,5157.7587890625,164350,0.0,0.0
2015-11-20 00:00:00+09:00,5384.666884125256,5419.575583536117,5201.396212218237,5323.57666015625,189314,0.0,0.0
2015-11-23 00:00:00+09:00,5367.212178108101,5367.212178108101,5149.032821274439,5245.03173828125,119729,0.0,0.0
2015-11-24 00:00:00+09:00,5245.0320241661275,5245.0320241661275,5053.0341796875,5053.0341796875,117325,0.0,0.0
2015-11-25 00:00:00+09:00,5053.034042669802,5140.305787793633,4991.94382108312,5131.57861328125,96497,0.0,0.0
2015-11-26 00:00:00+09:00,5192.66870987638,5192.66870987638,5053.033921039368,5140.3056640625,93551,0.0,0.0
2015-11-27 00:00:00+09:00,5105.397595635775,5140.306297144396,5018.125841864224,5061.76171875,41529,0.0,0.0
2015-11-30 00:00:00+09:00,4991.943600963632,5087.942516366779,4957.034904453397,5009.39794921875,125038,0.0,0.0
2015-12-01 00:00:00+09:00,5035.578493308365,5122.850217629134,4991.942631147981,5079.21435546875,111111,0.0,0.0
2015-12-02 00:00:00+09:00,5087.942145062991,5122.8508390256875,4974.488889684228,5000.67041015625,55548,0.0,0.0
2015-12-03 00:00:00+09:00,4965.762571100603,5044.307146038926,4904.672346148574,4974.48974609375,34539,0.0,0.0
2015-12-04 00:00:00+09:00,4965.762704818861,4974.489880047014,4904.672478221792,4930.85400390625,27263,0.0,0.0
2015-12-07 00:00:00+09:00,4939.581452350788,4974.490155194257,4799.946640976914,4843.58251953125,101608,0.0,0.0
2015-12-08 00:00:00+09:00,4799.94593069094,4878.490500465883,4730.128535335435,4756.31005859375,47154,0.0,0.0
2015-12-09 00:00:00+09:00,4878.491140407987,4878.491140407987,4712.6748046875,4712.6748046875,56299,0.0,0.0
2015-12-10 00:00:00+09:00,4712.674080495084,4799.945822726475,4520.676247586025,4660.31103515625,76279,0.0,0.0
2015-12-11 00:00:00+09:00,4625.402225154175,4686.492443222249,4538.130485056926,4599.220703125,72915,0.0,0.0
2015-12-14 00:00:00+09:00,4590.493923187256,4590.493923187256,4415.950428009033,4468.3134765625,51451,0.0,0.0
2015-12-15 00:00:00+09:00,4450.859337868345,4651.584366831036,4450.859337868345,4590.494140625,24168,0.0,0.0
2015-12-16 00:00:00+09:00,4686.492557825667,4686.492557825667,4590.4936413711375,4660.31103515625,40287,0.0,0.0
2015-12-17 00:00:00+09:00,4660.3113993136685,4703.947273839077,4590.494000073014,4669.03857421875,84629,0.0,0.0
2015-12-18 00:00:00+09:00,4625.402699693342,4738.855973459405,4607.948349883178,4669.03857421875,54304,0.0,0.0
2015-12-21 00:00:00+09:00,4669.03857421875,4703.947273839077,4607.948349883178,4669.03857421875,73081,0.0,0.0
2015-12-22 00:00:00+09:00,4669.03857421875,4695.220098933995,4599.221174978096,4669.03857421875,43309,0.0,0.0
2015-12-23 00:00:00+09:00,4677.765882959906,4695.220233269458,4616.675656876474,4625.40283203125,42638,0.0,0.0
2015-12-24 00:00:00+09:00,4625.402220530249,4660.310916534251,4573.039176524247,4634.12939453125,49118,0.0,0.0
2015-12-28 00:00:00+09:00,4660.311139979931,4756.31005859375,4642.856791141055,4756.31005859375,114725,0.0,0.0
2015-12-29 00:00:00+09:00,4747.501905487805,5064.589231271777,4694.654017857143,5055.78125,275314,50.0,0.0
2015-12-30 00:00:00+09:00,5108.628972873654,5143.860896824506,4756.309733365126,4906.04541015625,252944,0.0,0.0
2016-01-04 00:00:00+09:00,4958.8930435318125,4985.316985149211,4870.813238140484,4888.42919921875,93580,0.0,0.0
2016-01-05 00:00:00+09:00,4870.814572065305,4888.430537967892,4765.118776649782,4809.15869140625,82736,0.0,0.0
2016-01-06 00:00:00+09:00,4800.349973790786,4888.429789823645,4747.502084171071,4791.5419921875,65514,0.0,0.0
2016-01-07 00:00:00+09:00,4791.541970159775,4835.581877973743,4632.998302029488,4685.84619140625,50008,0.0,0.0
2016-01-08 00:00:00+09:00,4615.382338903901,4712.270136094631,4536.110504838757,4685.84619140625,84847,0.0,0.0
2016-01-11 00:00:00+09:00,4615.382200047801,4685.84605043021,4606.57421875,4606.57421875,55166,0.0,0.0
2016-01-12 00:00:00+09:00,4606.573605124521,4659.421485871648,4571.341684626437,4597.765625,22456,0.0,0.0
2016-01-13 00:00:00+09:00,4597.765773967161,4738.693460525541,4580.149813147364,4677.03759765625,96521,0.0,0.0
2016-01-14 00:00:00+09:00,4606.574466145833,4694.654283854166,4588.958502604167,4624.1904296875,42855,0.0,0.0
2016-01-15 00:00:00+09:00,4632.998417931829,4677.038326847531,4597.766490799268,4659.42236328125,202647,0.0,0.0
2016-01-18 00:00:00+09:00,4659.421485871648,5082.204531848659,4492.069863505747,4597.765625,417742,0.0,0.0
2016-01-19 00:00:00+09:00,4606.573667370775,4632.997608101392,4430.4140625,4430.4140625,193657,0.0,0.0
2016-01-20 00:00:00+09:00,4448.030457944611,4483.262382363974,4130.943138170342,4219.02294921875,160052,0.0,0.0
2016-01-21 00:00:00+09:00,4223.426623436712,4403.990222561744,4223.426623436712,4368.75830078125,70563,0.0,0.0
2016-01-22 00:00:00+09:00,4368.759053308823,4518.494746668198,4368.759053308823,4492.07080078125,84298,0.0,0.0
2016-01-25 00:00:00+09:00,4492.070933435693,4580.150755659923,4465.6469867684245,4571.3427734375,113852,0.0,0.0
2016-01-26 00:00:00+09:00,4553.726674517463,4615.382548253676,4403.990981158088,4492.07080078125,107685,0.0,0.0
2016-01-27 00:00:00+09:00,4439.222909007352,4562.534656479779,4439.222909007352,4492.07080078125,88564,0.0,0.0
2016-01-28 00:00:00+09:00,4456.838763297872,4580.150507736944,4456.838763297872,4553.7265625,34234,0.0,0.0
2016-01-29 00:00:00+09:00,4536.11071059283,4597.766584329044,4403.990981158088,4492.07080078125,136112,0.0,0.0
2016-02-01 00:00:00+09:00,4509.685436893204,4536.109375,4456.837560679612,4536.109375,44428,0.0,0.0
2016-02-02 00:00:00+09:00,4544.917818509615,4571.341759314904,4465.64599609375,4465.64599609375,60227,0.0,0.0
2016-02-03 00:00:00+09:00,4448.030879412039,4465.646843290899,4381.971014866316,4421.60693359375,61562,0.0,0.0
2016-02-04 00:00:00+09:00,4421.606082256461,4456.838003230617,4377.566181038767,4430.4140625,41938,0.0,0.0
2016-02-05 00:00:00+09:00,4430.414075020032,4465.64599609375,4381.97018354367,4465.64599609375,24647,0.0,0.0
2016-02-11 00:00:00+09:00,4412.798434510523,4412.798434510523,4315.91064453125,4315.91064453125,49021,0.0,0.0
2016-02-12 00:00:00+09:00,4210.214822972074,4298.294630984043,4025.2472261469416,4139.7509765625,73115,0.0,0.0
2016-02-15 00:00:00+09:00,4157.367081484865,4249.850883085693,4144.155109827603,4219.02294921875,26100,0.0,0.0
2016-02-16 00:00:00+09:00,4245.447294805154,4448.030879412039,4245.447294805154,4421.60693359375,55029,0.0,0.0
2016-02-17 00:00:00+09:00,4403.99072265625,4456.838611328125,4355.546824707031,4403.99072265625,58252,0.0,0.0
2016-02-18 00:00:00+09:00,4456.839229743638,4465.647212411115,4377.56738573634,4412.79931640625,43051,0.0,0.0
2016-02-19 00:00:00+09:00,4439.222137850467,5020.548846378505,4399.586225905374,4712.26953125,2135898,0.0,0.0
2016-02-22 00:00:00+09:00,4756.31005859375,5557.836383282697,4571.3424452039935,4756.31005859375,2348071,0.0,0.0
2016-02-23 00:00:00+09:00,4941.277994791667,5311.213245738636,4870.814137468435,5231.94140625,3894876,0.0,0.0
2016-02-24 00:00:00+09:00,5152.668963427487,5355.252529510962,5064.589152086846,5223.1328125,1454367,0.0,0.0
2016-02-25 00:00:00+09:00,5267.1723499886575,5293.596291543784,4765.117460441244,4853.197265625,1117332,0.0,0.0
2016-02-26 00:00:00+09:00,4853.19836158474,4914.854239136634,4773.92651901802,4826.7744140625,394715,0.0,0.0
2016-02-29 00:00:00+09:00,4826.773581266831,4906.04541015625,4721.077809414272,4906.04541015625,336339,0.0,0.0
2016-03-02 00:00:00+09:00,4906.045745623554,4950.085653573496,4756.31005859375,4756.31005859375,277817,0.0,0.0
2016-03-03 00:00:00+09:00,4773.926629558513,4826.774525826689,4624.190923465349,4694.65478515625,306229,0.0,0.0
2016-03-04 00:00:00+09:00,4756.309632646276,5549.02790475399,4659.421843833112,4967.701171875,2070856,0.0,0.0
2016-03-07 00:00:00+09:00,5020.549324912892,5073.397212543554,4914.853549651568,5055.78125,465231,0.0,0.0
2016-03-08 00:00:00+09:00,5029.357037483378,5055.780979886968,4879.621363863032,4967.701171875,324944,0.0,0.0
2016-03-09 00:00:00+09:00,4967.701551554291,5099.821273670096,4914.853662707968,5029.357421875,233645,0.0,0.0
2016-03-10 00:00:00+09:00,5038.165124971948,5064.589067935088,4879.62146719311,4906.04541015625,289985,0.0,0.0
2016-03-11 00:00:00+09:00,4853.197504873919,4897.23740963684,4791.541638205829,4835.58154296875,203938,0.0,0.0
2016-03-14 00:00:00+09:00,4888.4294086110785,4888.4294086110785,4765.11767578125,4765.11767578125,116911,0.0,0.0
2016-03-15 00:00:00+09:00,4817.964997435645,4906.044796291872,4765.117118121909,4897.23681640625,134177,0.0,0.0
2016-03-16 00:00:00+09:00,4906.045390589425,4932.469333447177,4826.773562016166,4835.58154296875,107086,0.0,0.0
2016-03-17 00:00:00+09:00,4844.390246332908,4879.622175397148,4738.69445914019,4747.50244140625,211702,0.0,0.0
2016-03-18 00:00:00+09:00,4747.502194083158,4782.734121311976,4703.462285047137,4729.88623046875,127461,0.0,0.0
2016-03-21 00:00:00+09:00,4738.6944809369415,5416.909118543158,4721.078516323792,4923.662109375,2824130,0.0,0.0
2016-03-22 00:00:00+09:00,4985.316973400635,4985.316973400635,4800.349382514746,4853.197265625,472130,0.0,0.0
2016-03-23 00:00:00+09:00,4879.6224436532075,5046.974115908462,4765.118667899613,4976.51025390625,381951,0.0,0.0
2016-03-24 00:00:00+09:00,4932.46900022242,5038.1647645129,4897.237078792259,4950.0849609375,210509,0.0,0.0
2016-03-25 00:00:00+09:00,4976.510011918541,5108.629746748236,4906.046153342703,4994.1259765625,259427,0.0,0.0
2016-03-28 00:00:00+09:00,4994.1245951481005,5011.740554919346,4888.428836520628,4897.23681640625,158730,0.0,0.0
2016-03-29 00:00:00+09:00,4906.045215692935,5064.5888671875,4906.045215692935,5064.5888671875,351777,0.0,0.0
2016-03-30 00:00:00+09:00,5082.206046909569,5143.861926161504,4976.51025390625,4976.51025390625,225871,0.0,0.0
2016-03-31 00:00:00+09:00,4967.701182190801,5073.396952024647,4950.085220551827,5002.93310546875,158587,0.0,0.0
2016-04-01 00:00:00+09:00,5020.549056682181,5196.708672706117,4941.27722947141,4967.701171875,332094,0.0,0.0
2016-04-04 00:00:00+09:00,4976.509238210098,5020.549142973019,4835.58154296875,4835.58154296875,196207,0.0,0.0
2016-04-05 00:00:00+09:00,4870.813466779087,4870.813466779087,4773.925676300661,4835.58154296875,151542,0.0,0.0
2016-04-06 00:00:00+09:00,4844.389196647019,5064.58870558552,4782.733334144239,4950.0849609375,289103,0.0,0.0
2016-04-07 00:00:00+09:00,4967.701171875,4994.12511427859,4897.237325465426,4967.701171875,145092,0.0,0.0
2016-04-08 00:00:00+09:00,4967.702020907872,5011.741932440743,4906.046144761852,4923.662109375,109755,0.0,0.0
2016-04-11 00:00:00+09:00,4923.6611769701085,5091.012809103261,4923.6611769701085,5064.5888671875,328021,0.0,0.0
2016-04-12 00:00:00+09:00,5046.973626805525,5064.589590598913,4985.317753528669,5011.74169921875,163434,0.0,0.0
2016-04-14 00:00:00+09:00,5002.933345295936,5046.973251504527,4958.8934390873455,4985.3173828125,133763,0.0,0.0
2016-04-15 00:00:00+09:00,4976.509878507224,5046.973735194052,4897.238039734542,4914.85400390625,152329,0.0,0.0
2016-04-18 00:00:00+09:00,4906.045316454391,5002.93310546875,4853.197431537466,5002.93310546875,95452,0.0,0.0
2016-04-19 00:00:00+09:00,5002.933239256108,5082.205068751364,4976.509296091023,5046.97314453125,168838,0.0,0.0
2016-04-20 00:00:00+09:00,5046.97314453125,5108.629011916449,5011.741220311137,5046.97314453125,182685,0.0,0.0
2016-04-21 00:00:00+09:00,5082.205799782298,5082.205799782298,4976.510011918541,4994.1259765625,123105,0.0,0.0
2016-04-22 00:00:00+09:00,4985.316615262478,5011.740554919346,4897.23681640625,4897.23681640625,185990,0.0,0.0
2016-04-25 00:00:00+09:00,4932.470821598787,5408.10193653867,4932.470821598787,5082.20654296875,956765,0.0,0.0
2016-04-26 00:00:00+09:00,5091.012631516959,5302.404159469221,5082.204651185615,5258.3642578125,876878,0.0,0.0
2016-04-27 00:00:00+09:00,5249.557012338272,5460.9485698820945,5196.709122952316,5275.98095703125,638694,0.0,0.0
2016-04-28 00:00:00+09:00,5311.212277434593,5425.716024709302,5240.748432957848,5302.404296875,294238,0.0,0.0
2016-04-29 00:00:00+09:00,5372.8685455074965,5460.94835772893,5249.556808397488,5434.5244140625,295059,0.0,0.0
2016-05-02 00:00:00+09:00,5425.715713291952,5496.179553724315,5143.8603515625,5143.8603515625,312817,0.0,0.0
2016-05-03 00:00:00+09:00,5161.477567879098,5416.909051613729,5091.013710297131,5372.869140625,302347,0.0,0.0
2016-05-04 00:00:00+09:00,5390.484590562291,5689.955956704641,5267.1728515625,5267.1728515625,929316,0.0,0.0
2016-05-09 00:00:00+09:00,5284.78875,5549.0281875,5179.092975,5504.98828125,660827,0.0,0.0
2016-05-10 00:00:00+09:00,5998.2347244335015,6121.546451514366,5513.795796615817,5575.45166015625,2662867,0.0,0.0
2016-05-11 00:00:00+09:00,5522.60427737422,5698.763903446763,5496.180333463339,5645.916015625,570885,0.0,0.0
2016-05-12 00:00:00+09:00,5575.451547298791,5707.571252211085,5531.41164566136,5601.87548828125,582909,0.0,0.0
2016-05-13 00:00:00+09:00,5654.725091416234,5698.765006458417,5513.79736328125,5513.79736328125,357196,0.0,0.0
2016-05-16 00:00:00+09:00,5504.988873591188,5584.260713370902,5284.789318647541,5372.869140625,660533,0.0,0.0
2016-05-17 00:00:00+09:00,5372.868288730053,5460.948096742021,5293.596461519282,5381.67626953125,227112,0.0,0.0
2016-05-18 00:00:00+09:00,5364.059824625651,5364.059824625651,5073.396484375,5073.396484375,408017,0.0,0.0
2016-05-19 00:00:00+09:00,5196.709569968034,5196.709569968034,4994.1259765625,4994.1259765625,343287,0.0,0.0
2016-05-20 00:00:00+09:00,4976.509163010288,5020.549067107724,4888.4293548154155,5002.93310546875,221889,0.0,0.0
2016-05-23 00:00:00+09:00,5020.549172794117,5055.7810968137255,4914.853400735294,4941.27734375,198293,0.0,0.0
2016-05-24 00:00:00+09:00,4967.701257257514,4976.509238210098,4800.349619158414,4835.58154296875,210127,0.0,0.0
2016-05-25 00:00:00+09:00,4888.430057648689,5011.741806850639,4844.390147219422,4914.85400390625,164662,0.0,0.0
2016-05-26 00:00:00+09:00,4923.661985992103,4985.317860593078,4870.814093476983,4914.85400390625,94230,0.0,0.0
2016-05-27 00:00:00+09:00,4914.85400390625,4985.317860593078,4844.390147219422,4914.85400390625,146834,0.0,0.0
2016-05-30 00:00:00+09:00,4888.429074063628,4958.892916572653,4862.005133122743,4879.62109375,105799,0.0,0.0
2016-05-31 00:00:00+09:00,4870.813113436372,4923.6609953181405,4817.965231554603,4879.62109375,101657,0.0,0.0
2016-06-01 00:00:00+09:00,4914.853297273878,5117.436856122084,4914.853297273878,5002.93310546875,299633,0.0,0.0
2016-06-02 00:00:00+09:00,5002.933492551813,5099.8212890625,4932.469640544041,5099.8212890625,184301,0.0,0.0
2016-06-03 00:00:00+09:00,5143.8606929347825,5152.668673573369,5038.164925271739,5064.5888671875,145983,0.0,0.0
2016-06-07 00:00:00+09:00,5046.973268728223,5108.629137630662,5046.973268728223,5055.78125,75563,0.0,0.0
2016-06-08 00:00:00+09:00,5064.588753987348,5223.132401938257,5055.780773545632,5091.0126953125,245775,0.0,0.0
2016-06-09 00:00:00+09:00,5073.397808586762,5135.053684732782,4906.046144761852,4923.662109375,195142,0.0,0.0
2016-06-10 00:00:00+09:00,4985.318236656526,5002.934202157079,4923.662357404591,4976.51025390625,96608,0.0,0.0
2016-06-13 00:00:00+09:00,4932.469460227272,4976.509366122159,4835.581667258522,4844.3896484375,166746,0.0,0.0
2016-06-14 00:00:00+09:00,4844.390277088845,5452.141057305445,4809.158347800926,4994.1259765625,934333,0.0,0.0
2016-06-15 00:00:00+09:00,5029.357037483378,5055.780979886968,4932.469248670212,4967.701171875,216916,0.0,0.0
2016-06-16 00:00:00+09:00,5011.741172086912,5126.244924700497,4862.005495592224,4870.8134765625,201271,0.0,0.0
2016-06-17 00:00:00+09:00,4941.277844045199,5091.013536288993,4879.621970768343,5011.74169921875,222202,0.0,0.0
2016-06-20 00:00:00+09:00,5064.588821765988,5416.908044149709,5064.588821765988,5302.404296875,1140618,0.0,0.0
2016-06-21 00:00:00+09:00,5302.403992535317,5302.403992535317,5117.436411400364,5143.8603515625,359077,0.0,0.0
2016-06-22 00:00:00+09:00,5196.70947265625,5390.485080111229,5170.285526185116,5196.70947265625,444497,0.0,0.0
2016-06-23 00:00:00+09:00,5187.900596127717,5196.708576766304,4958.893099524456,5064.5888671875,276450,0.0,0.0
2016-06-24 00:00:00+09:00,5082.205481770833,5187.9012630208335,4580.150520833333,4624.1904296875,632131,0.0,0.0
2016-06-27 00:00:00+09:00,4403.990885416666,4677.0383203125,4403.990885416666,4624.1904296875,173001,0.0,0.0
2016-06-28 00:00:00+09:00,4536.109911097869,4756.309421345339,4536.109911097869,4677.03759765625,170937,0.0,0.0
2016-06-29 00:00:00+09:00,4756.309836647727,5046.973215553977,4685.845987215909,4844.3896484375,502636,0.0,0.0
2016-06-30 00:00:00+09:00,4906.04551669034,4985.317347301136,4791.541761363636,4844.3896484375,233227,0.0,0.0
2016-07-01 00:00:00+09:00,4853.19836158474,4932.47020415146,4826.7744140625,4826.7744140625,119051,0.0,0.0
2016-07-04 00:00:00+09:00,4835.581315983953,4923.661121375281,4835.581315983953,4888.42919921875,127057,0.0,0.0
2016-07-05 00:00:00+09:00,4897.236830357143,4950.084709821428,4862.004910714286,4932.46875,110739,0.0,0.0
2016-07-06 00:00:00+09:00,4914.853015004513,4914.853015004513,4817.965231554603,4879.62109375,87342,0.0,0.0
2016-07-07 00:00:00+09:00,4888.42919921875,4967.701024070946,4879.6212186796165,4888.42919921875,78975,0.0,0.0
2016-07-08 00:00:00+09:00,4932.470091681575,4985.31798552102,4862.006233228981,4923.662109375,120558,0.0,0.0
2016-07-11 00:00:00+09:00,5002.93284308274,5002.93284308274,4897.237078792259,4950.0849609375,170474,0.0,0.0
2016-07-12 00:00:00+09:00,5126.244364420573,5293.595984564887,5046.972544352214,5073.396484375,1141151,0.0,0.0
2016-07-13 00:00:00+09:00,5073.396511130137,5240.748132156999,5020.548630805864,5143.8603515625,311083,0.0,0.0
2016-07-14 00:00:00+09:00,5179.092860356675,5214.324784576789,5011.741220311137,5046.97314453125,242940,0.0,0.0
2016-07-15 00:00:00+09:00,5073.396952024647,5117.436856122084,4967.701182190801,5002.93310546875,184580,0.0,0.0
2016-07-18 00:00:00+09:00,5055.781758143538,5240.749383441473,5002.933865201271,5196.70947265625,314104,0.0,0.0
2016-07-19 00:00:00+09:00,5205.51611328125,5231.940052942577,5108.628334523054,5205.51611328125,168670,0.0,0.0
2016-07-20 00:00:00+09:00,5240.7495034005005,5240.7495034005005,5126.245732737969,5170.28564453125,139397,0.0,0.0
2016-07-21 00:00:00+09:00,5170.285526185116,5399.293062268273,5170.285526185116,5196.70947265625,433787,0.0,0.0
2016-07-22 00:00:00+09:00,5223.133170406835,5267.17307909492,5126.245371293049,5179.09326171875,132310,0.0,0.0
2016-07-25 00:00:00+09:00,5179.093268317145,5223.133177061339,5135.053359572952,5214.3251953125,103128,0.0,0.0
2016-07-26 00:00:00+09:00,5179.092802734374,5328.828479003906,5179.092802734374,5284.78857421875,171814,0.0,0.0
2016-07-27 00:00:00+09:00,5284.788098872103,5399.291841014331,5275.980118707315,5320.02001953125,288379,0.0,0.0
2016-07-28 00:00:00+09:00,5320.021247438524,5443.332998206967,5267.173354252049,5372.869140625,201505,0.0,0.0
2016-07-29 00:00:00+09:00,5372.869120896465,5425.717013888889,5214.325441919192,5231.94140625,196330,0.0,0.0
2016-08-01 00:00:00+09:00,5240.748321280992,5364.060046487603,5240.748321280992,5328.828125,189763,0.0,0.0
2016-08-02 00:00:00+09:00,5328.828125,5390.483987603306,5311.212164256199,5328.828125,162337,0.0,0.0
2016-08-03 00:00:00+09:00,5293.597063451031,5416.908808689491,5205.51724542356,5390.48486328125,211340,0.0,0.0
2016-08-04 00:00:00+09:00,5390.48410247093,5487.371888626453,5293.5963163154065,5302.404296875,352550,0.0,0.0
2016-08-05 00:00:00+09:00,5311.212277434593,5372.868141351744,5293.5963163154065,5302.404296875,94442,0.0,0.0
2016-08-08 00:00:00+09:00,5302.40480901364,5416.908567347822,5293.596827603318,5408.1005859375,203170,0.0,0.0
2016-08-09 00:00:00+09:00,5390.484507951783,5478.564320173217,5311.212676952492,5434.5244140625,196682,0.0,0.0
2016-08-10 00:00:00+09:00,5487.3716426621995,5496.179622826987,5311.212039366463,5320.02001953125,300278,0.0,0.0
2016-08-11 00:00:00+09:00,5337.635811587881,5372.867731136316,5205.51611328125,5205.51611328125,191825,0.0,0.0
2016-08-12 00:00:00+09:00,5214.324093168359,5302.403892039446,5143.860254071489,5205.51611328125,147993,0.0,0.0
2016-08-16 00:00:00+09:00,5161.477657992067,5214.325552101201,5099.821781531411,5135.0537109375,172907,0.0,0.0
2016-08-17 00:00:00+09:00,5108.62841796875,5196.708218278556,5064.588517813847,5108.62841796875,94800,0.0,0.0
2016-08-18 00:00:00+09:00,5082.205816828367,5187.901605046634,5055.781869773799,5135.0537109375,71870,0.0,0.0
2016-08-19 00:00:00+09:00,5143.861054002193,5196.708941543311,4994.125372635691,5020.54931640625,216730,0.0,0.0
2016-08-22 00:00:00+09:00,5020.549307779373,5064.589213987963,4958.8934390873455,4985.3173828125,94215,0.0,0.0
2016-08-23 00:00:00+09:00,4976.509163010288,5073.396952024647,4958.893201371314,5002.93310546875,58541,0.0,0.0
2016-08-24 00:00:00+09:00,4976.508704291449,5073.396484375,4950.084764268663,5073.396484375,78866,0.0,0.0
2016-08-25 00:00:00+09:00,5038.166133158185,5064.5900814090155,4941.278322905144,4976.51025390625,134672,0.0,0.0
2016-08-26 00:00:00+09:00,4941.2767299107145,5011.740569196429,4879.620870535714,4932.46875,91116,0.0,0.0
2016-08-29 00:00:00+09:00,4958.892988686743,5126.244617079368,4914.853086478158,5091.0126953125,173495,0.0,0.0
2016-08-30 00:00:00+09:00,5108.6287362622115,5108.6287362622115,4958.89306640625,4958.89306640625,112228,0.0,0.0
2016-08-31 00:00:00+09:00,4950.085315094816,5046.973105959661,4906.04541015625,4906.04541015625,100226,0.0,0.0
2016-09-01 00:00:00+09:00,4914.853391143963,4976.509258057956,4853.19752422997,4906.04541015625,91352,0.0,0.0
2016-09-02 00:00:00+09:00,4906.046021820396,4958.893914335517,4888.430057648689,4914.85400390625,60633,0.0,0.0
2016-09-05 00:00:00+09:00,4950.085210272607,5029.357037483378,4914.853287067819,4967.701171875,107737,0.0,0.0
2016-09-06 00:00:00+09:00,4976.509771631975,5038.165644908831,4932.469862148506,5011.74169921875,85603,0.0,0.0
2016-09-07 00:00:00+09:00,5011.741608704029,5179.09326171875,4994.125645228795,5179.09326171875,200634,0.0,0.0
2016-09-08 00:00:00+09:00,5082.2055543923,5126.245463875769,5011.74169921875,5011.74169921875,134418,0.0,0.0
2016-09-09 00:00:00+09:00,5011.74082344028,5038.1647645129,4914.853039507339,4950.0849609375,78691,0.0,0.0
2016-09-12 00:00:00+09:00,4897.238171020724,5011.74194120646,4870.814224054784,4994.1259765625,46118,0.0,0.0
2016-09-13 00:00:00+09:00,4994.1249887253,5126.244697421736,4914.853163507438,4958.89306640625,121227,0.0,0.0
2016-09-19 00:00:00+09:00,4958.894038601297,4994.125967827594,4888.430180148704,4923.662109375,47712,0.0,0.0
2016-09-20 00:00:00+09:00,4914.854374654314,4976.51025390625,4897.238409153761,4976.51025390625,65711,0.0,0.0
2016-09-21 00:00:00+09:00,4958.893191073803,4967.701171875,4888.429344664229,4967.701171875,83617,0.0,0.0
2016-09-22 00:00:00+09:00,4985.316697535021,5126.244378030711,4941.276797380118,5108.62841796875,191384,0.0,0.0
2016-09-23 00:00:00+09:00,5135.053081445993,5135.053081445993,5038.165287456446,5055.78125,54760,0.0,0.0
2016-09-26 00:00:00+09:00,5126.245463875769,5126.245463875769,5011.74169921875,5011.74169921875,53854,0.0,0.0
2016-09-27 00:00:00+09:00,5038.165278919956,5046.973260176809,4967.701428865132,5020.54931640625,39657,0.0,0.0
2016-09-28 00:00:00+09:00,5046.972793103914,5108.628656195934,5020.548851778763,5091.0126953125,91610,0.0,0.0
2016-09-29 00:00:00+09:00,5099.822510188746,5117.438477408741,5020.5506576987655,5082.20654296875,80662,0.0,0.0
2016-09-30 00:00:00+09:00,5082.204922290559,5082.204922290559,4967.701171875,4967.701171875,92667,0.0,0.0
2016-10-04 00:00:00+09:00,5038.165287456446,5055.78125,4976.5094185540065,5055.78125,58926,0.0,0.0
2016-10-05 00:00:00+09:00,5055.780785209944,5143.860589830327,5020.5488633617915,5126.24462890625,141062,0.0,0.0
2016-10-06 00:00:00+09:00,5170.285125465192,5258.364940209063,5029.357421875,5029.357421875,148854,0.0,0.0
2016-10-07 00:00:00+09:00,5099.821181573965,5284.788789195819,5055.781274997334,5161.47705078125,318996,0.0,0.0
2016-10-10 00:00:00+09:00,5135.052787008965,5311.21240234375,5135.052787008965,5311.21240234375,490493,0.0,0.0
2016-10-11 00:00:00+09:00,5346.443805803571,5346.443805803571,5170.284207589286,5240.748046875,257244,0.0,0.0
2016-10-12 00:00:00+09:00,5179.092173619924,5240.748032829685,5117.4363144101635,5205.51611328125,131441,0.0,0.0
2016-10-13 00:00:00+09:00,5196.708460613106,5223.132401938257,5091.0126953125,5091.0126953125,107439,0.0,0.0
2016-10-14 00:00:00+09:00,5082.205326060557,5161.4771595693,5082.205326060557,5099.8212890625,50278,0.0,0.0
2016-10-17 00:00:00+09:00,5108.629120196555,5152.669026405146,4985.3173828125,4985.3173828125,80028,0.0,0.0
2016-10-18 00:00:00+09:00,4976.509027565775,5046.972872203874,4923.6611440872,4958.89306640625,100409,0.0,0.0
2016-10-19 00:00:00+09:00,4958.893807838587,5046.973626805525,4958.893807838587,5011.74169921875,55632,0.0,0.0
2016-10-20 00:00:00+09:00,5011.740949884825,5029.3569110443495,4914.853163507438,4958.89306640625,81356,0.0,0.0
2016-10-21 00:00:00+09:00,4958.892689732143,5038.164508928571,4862.004910714286,4932.46875,86220,0.0,0.0
2016-10-24 00:00:00+09:00,4932.470091681575,4985.31798552102,4923.662109375,4923.662109375,30242,0.0,0.0
2016-10-25 00:00:00+09:00,4923.660756063118,4932.468735948741,4844.3889370925135,4897.23681640625,76951,0.0,0.0
2016-10-26 00:00:00+09:00,4897.2371565070835,4897.2371565070835,4685.845624571526,4817.96533203125,121267,0.0,0.0
2016-10-27 00:00:00+09:00,4817.965590740845,4914.853381413879,4747.501742978639,4870.8134765625,56482,0.0,0.0
2016-10-28 00:00:00+09:00,4835.582264066848,4914.854104461387,4747.50244140625,4747.50244140625,50562,0.0,0.0
2016-10-31 00:00:00+09:00,4747.502174479167,4747.502174479167,4606.574466145833,4624.1904296875,63081,0.0,0.0
2016-11-01 00:00:00+09:00,4588.957926735949,4738.69359804979,4588.957926735949,4721.07763671875,29119,0.0,0.0
2016-11-02 00:00:00+09:00,4721.07757994186,4721.07757994186,4536.1099881904065,4544.91796875,68660,0.0,0.0
2016-11-03 00:00:00+09:00,4448.029799545678,4562.533536959725,4448.029799545678,4483.26171875,83959,0.0,0.0
2016-11-04 00:00:00+09:00,4439.221819744597,4509.685658153241,4439.221819744597,4483.26171875,35654,0.0,0.0
2016-11-07 00:00:00+09:00,4483.262714993702,4588.95849609375,4483.262714993702,4588.95849609375,20980,0.0,0.0
2016-11-08 00:00:00+09:00,4641.805525622605,4641.805525622605,4553.725724377395,4597.765625,20975,0.0,0.0
2016-11-09 00:00:00+09:00,4571.341746396621,4677.037509319086,4139.750714463221,4430.4140625,173426,0.0,0.0
2016-11-10 00:00:00+09:00,4456.838174203725,4615.381824669471,4456.838174203725,4580.14990234375,24606,0.0,0.0
2016-11-11 00:00:00+09:00,4624.189565373564,4641.805525622605,4562.533704501916,4597.765625,17489,0.0,0.0
2016-11-14 00:00:00+09:00,4580.149664750958,4650.6135057471265,4553.725724377395,4597.765625,24486,0.0,0.0
2016-11-15 00:00:00+09:00,4597.7664778520875,4624.190423127099,4571.342532577075,4588.95849609375,22937,0.0,0.0
2016-11-16 00:00:00+09:00,4624.190923465349,4756.310664135788,4606.5749580426245,4694.65478515625,55727,0.0,0.0
2016-11-17 00:00:00+09:00,4703.462433845766,4932.469968077957,4685.846469674058,4914.85400390625,112636,0.0,0.0
2016-11-18 00:00:00+09:00,4888.429438503052,4906.045400443603,4773.925685889467,4870.8134765625,40280,0.0,0.0
2016-11-21 00:00:00+09:00,4809.157723721591,4906.04551669034,4756.309836647727,4844.3896484375,43539,0.0,0.0
2016-11-22 00:00:00+09:00,4765.118040183738,4879.621800853588,4729.886113823785,4756.31005859375,31608,0.0,0.0
2016-11-23 00:00:00+09:00,4756.310162895794,4765.118144678934,4597.766490799268,4659.42236328125,24382,0.0,0.0
2016-11-24 00:00:00+09:00,4615.381824669471,4747.501533390925,4518.494038273738,4580.14990234375,19156,0.0,0.0
2016-11-25 00:00:00+09:00,4544.9181528708405,4765.11767578125,4544.9181528708405,4765.11767578125,20607,0.0,0.0
2016-11-28 00:00:00+09:00,4765.117923968405,4870.813700470477,4756.309942593232,4782.73388671875,42495,0.0,0.0
2016-11-29 00:00:00+09:00,4782.733753303613,4826.773658950976,4685.845960879415,4738.69384765625,30406,0.0,0.0
2016-11-30 00:00:00+09:00,4756.310423672309,4773.92638820443,4677.038583277771,4747.50244140625,9107,0.0,0.0
2016-12-01 00:00:00+09:00,4747.501855468749,4844.3896484375,4685.845987215909,4844.3896484375,32086,0.0,0.0
2016-12-02 00:00:00+09:00,4756.31005859375,4862.0058376736115,4738.6940954137735,4756.31005859375,15576,0.0,0.0
2016-12-05 00:00:00+09:00,4677.03759765625,4756.309421345339,4668.229617246351,4677.03759765625,16176,0.0,0.0
2016-12-06 00:00:00+09:00,4677.037485186974,4729.885366375527,4650.613544592697,4703.46142578125,6991,0.0,0.0
2016-12-07 00:00:00+09:00,4580.150527232987,4800.350071811496,4580.150527232987,4659.42236328125,25462,0.0,0.0
2016-12-08 00:00:00+09:00,4615.382454365548,4694.654290413811,4615.382454365548,4659.42236328125,18100,0.0,0.0
2016-12-09 00:00:00+09:00,4659.4219047842535,4782.733637614082,4624.189981118588,4765.11767578125,43494,0.0,0.0
2016-12-12 00:00:00+09:00,4809.157830844268,4809.157830844268,4712.270035717369,4782.73388671875,24434,0.0,0.0
2016-12-13 00:00:00+09:00,4809.157251240975,4879.62109375,4729.885428418321,4879.62109375,37663,0.0,0.0
2016-12-14 00:00:00+09:00,4853.197514621948,4923.661362384155,4826.773571711121,4870.8134765625,28764,0.0,0.0
2016-12-15 00:00:00+09:00,4809.157251240975,4906.045034690885,4809.157251240975,4879.62109375,37691,0.0,0.0
2016-12-16 00:00:00+09:00,4906.045034690885,4914.853015004513,4826.773211868231,4879.62109375,32509,0.0,0.0
2016-12-19 00:00:00+09:00,4897.23740963684,4897.23740963684,4800.349619158414,4835.58154296875,21388,0.0,0.0
2016-12-20 00:00:00+09:00,4835.581914487092,4888.429804262907,4809.157969599185,4862.005859375,18059,0.0,0.0
2016-12-21 00:00:00+09:00,4862.005402260638,5029.357037483378,4844.389440658245,4967.701171875,91338,0.0,0.0
2016-12-22 00:00:00+09:00,4967.701286764705,5002.933210784314,4941.27734375,4941.27734375,27996,0.0,0.0
2016-12-23 00:00:00+09:00,4985.31688236766,4985.31688236766,4888.42909843472,4950.0849609375,34962,0.0,0.0
2016-12-26 00:00:00+09:00,4950.086056294723,4985.31798552102,4897.238162455277,4923.662109375,20558,0.0,0.0
2016-12-27 00:00:00+09:00,4870.812876749382,4958.89267560561,4870.812876749382,4897.23681640625,41094,0.0,0.0
2016-12-28 00:00:00+09:00,4986.930359430704,5040.74615467636,4933.114564185049,5031.77685546875,16267,100.0,0.0
2016-12-29 00:00:00+09:00,4995.8992335728235,5058.684322684152,4951.052741350446,5022.80712890625,17619,0.0,0.0
2017-01-02 00:00:00+09:00,5022.807254858658,5094.561644213781,4968.991462842315,5076.623046875,58069,0.0,0.0
2017-01-03 00:00:00+09:00,5058.6846953395325,5193.224181917712,5058.6846953395325,5184.2548828125,119678,0.0,0.0
2017-01-04 00:00:00+09:00,5202.194523803077,5202.194523803077,5121.470815675098,5175.28662109375,39848,0.0,0.0
2017-01-05 00:00:00+09:00,5175.284966742242,5175.284966742242,5103.530582454655,5130.4384765625,30724,0.0,0.0
2017-01-06 00:00:00+09:00,5139.408082540761,5157.3466796875,5022.807201086956,5157.3466796875,81374,0.0,0.0
2017-01-09 00:00:00+09:00,5103.5314320421385,5157.3472292165725,5076.623533454922,5148.3779296875,29120,0.0,0.0
2017-01-10 00:00:00+09:00,5148.3776209341695,5148.3776209341695,5049.71533203125,5049.71533203125,40049,0.0,0.0
2017-01-11 00:00:00+09:00,5022.807556261141,5103.531249129624,5013.838257053532,5031.77685546875,24496,0.0,0.0
2017-01-12 00:00:00+09:00,5031.776854585782,5085.592649821993,4960.0224609375,4960.0224609375,53804,0.0,0.0
2017-01-13 00:00:00+09:00,4960.02209317576,4986.9299887987745,4906.20630192973,4942.08349609375,21477,0.0,0.0
2017-01-16 00:00:00+09:00,4906.20630192973,4995.89928733978,4879.298406306715,4942.08349609375,25693,0.0,0.0
2017-01-17 00:00:00+09:00,4942.083923339844,4986.930419921875,4897.2374267578125,4951.05322265625,25801,0.0,0.0
2017-01-18 00:00:00+09:00,4977.96105934957,4977.96105934957,4897.237366495253,4960.0224609375,22638,0.0,0.0
2017-01-19 00:00:00+09:00,4960.022521972656,5094.56201171875,4915.176025390625,5094.56201171875,63331,0.0,0.0
2017-01-20 00:00:00+09:00,5040.746153791817,5040.746153791817,4951.053161731465,4960.0224609375,48410,0.0,0.0
2017-01-23 00:00:00+09:00,4960.022835075081,5013.838634370652,4753.728937775394,4834.45263671875,35309,0.0,0.0
2017-01-24 00:00:00+09:00,4834.451334635417,4870.328524502841,4717.850467566288,4735.7890625,37230,0.0,0.0
2017-01-25 00:00:00+09:00,4735.7900390625,4861.3602294921875,4735.7900390625,4807.54443359375,23432,0.0,0.0
2017-01-26 00:00:00+09:00,4933.11505518922,4933.11505518922,4816.514153884747,4888.2685546875,15678,0.0,0.0
2017-01-31 00:00:00+09:00,4852.390681904957,4897.237176192434,4771.6669921875,4771.6669921875,20081,0.0,0.0
2017-02-01 00:00:00+09:00,4699.912782239292,4995.899655929935,4699.912782239292,4816.513671875,22262,0.0,0.0
2017-02-02 00:00:00+09:00,4852.390991895443,4861.360291325935,4744.759398729556,4798.5751953125,29967,0.0,0.0
2017-02-03 00:00:00+09:00,4789.605894984461,4951.053284703039,4780.636595555651,4870.32958984375,29719,0.0,0.0
2017-02-06 00:00:00+09:00,4915.176908903301,4915.176908903301,4708.882987544222,4753.7294921875,82076,0.0,0.0
2017-02-07 00:00:00+09:00,4717.850526639588,4771.666312114564,4681.973336322937,4726.81982421875,50888,0.0,0.0
2017-02-08 00:00:00+09:00,4690.943483036545,4816.513671875,4690.943483036545,4816.513671875,25094,0.0,0.0
2017-02-09 00:00:00+09:00,4780.636898452021,4834.452698434596,4753.728998460734,4825.4833984375,12811,0.0,0.0
2017-02-10 00:00:00+09:00,4834.452698434596,4834.452698434596,4780.636898452021,4825.4833984375,21314,0.0,0.0
2017-02-13 00:00:00+09:00,4771.668393820357,4834.4535042653615,4753.72979083607,4780.6376953125,20837,0.0,0.0
2017-02-14 00:00:00+09:00,4771.668393820357,4825.4842027732175,4735.7911878517825,4780.6376953125,46126,0.0,0.0
2017-02-15 00:00:00+09:00,4762.6975728581465,4816.513364641854,4744.75897559691,4789.60546875,14222,0.0,0.0
2017-02-16 00:00:00+09:00,4789.6058958820095,4807.5444947429905,4735.790099299065,4798.5751953125,34879,0.0,0.0
2017-02-17 00:00:00+09:00,4798.5751953125,4816.513794173481,4753.728698160046,4798.5751953125,22466,0.0,0.0
2017-02-20 00:00:00+09:00,4816.513364641854,4816.513364641854,4726.820378335674,4789.60546875,15795,0.0,0.0
2017-02-21 00:00:00+09:00,4789.605533733827,4879.298521256932,4771.666936229205,4852.390625,37859,0.0,0.0
2017-02-22 00:00:00+09:00,4861.359932534784,4995.8994140625,4825.482737460727,4995.8994140625,44805,0.0,0.0
2017-02-23 00:00:00+09:00,4924.144953766432,4951.052849688654,4861.35986328125,4861.35986328125,47697,0.0,0.0
2017-02-24 00:00:00+09:00,4852.390930175781,4906.206726074219,4816.513732910156,4879.298828125,18530,0.0,0.0
2017-02-27 00:00:00+09:00,4888.26818870137,4924.145386416609,4852.39099098613,4870.32958984375,14119,0.0,0.0
2017-02-28 00:00:00+09:00,4852.39026615345,4960.021843221549,4843.420968064443,4906.2060546875,43440,0.0,0.0
2017-03-02 00:00:00+09:00,4906.206361860795,4977.96075106534,4888.267764559659,4933.1142578125,31179,0.0,0.0
2017-03-03 00:00:00+09:00,4897.2374267578125,4951.05322265625,4816.513732910156,4879.298828125,65084,0.0,0.0
2017-03-06 00:00:00+09:00,4879.299074074074,4888.268373842592,4798.575376157407,4843.421875,16847,0.0,0.0
2017-03-07 00:00:00+09:00,4843.422054185779,4888.2685546875,4798.57555368406,4888.2685546875,29169,0.0,0.0
2017-03-08 00:00:00+09:00,4888.268373842592,4906.20697337963,4834.452575231481,4843.421875,13520,0.0,0.0
2017-03-09 00:00:00+09:00,4843.42295887706,4924.146674858344,4834.453657101362,4897.23876953125,25715,0.0,0.0
2017-03-10 00:00:00+09:00,4915.176454988532,4924.145755088876,4834.452754085436,4888.2685546875,39953,0.0,0.0
2017-03-13 00:00:00+09:00,4888.26770484772,4968.991391716765,4861.359809224705,4942.08349609375,51763,0.0,0.0
2017-03-14 00:00:00+09:00,4942.0832470435325,4968.991141310557,4906.2060546875,4906.2060546875,29620,0.0,0.0
2017-03-15 00:00:00+09:00,4924.144119372471,4986.92919921875,4897.23622800978,4986.92919921875,52876,0.0,0.0
2017-03-16 00:00:00+09:00,5013.838929316476,5067.654731777833,4968.992427265345,5004.86962890625,62378,0.0,0.0
2017-03-17 00:00:00+09:00,5004.86962890625,5022.808229726702,4942.084526034666,5004.86962890625,33493,0.0,0.0
2017-03-20 00:00:00+09:00,5004.868585880785,5004.868585880785,4924.14489901174,4942.08349609375,24374,0.0,0.0
2017-03-21 00:00:00+09:00,4942.083862525429,4986.930358555605,4915.175964907324,4960.0224609375,13332,0.0,0.0
2017-03-22 00:00:00+09:00,4960.021307856059,5022.806387702339,4933.113416493368,4986.92919921875,31395,0.0,0.0
2017-03-23 00:00:00+09:00,5022.807374778369,5094.561765846631,4977.960880360704,5058.6845703125,72548,0.0,0.0
2017-03-24 00:00:00+09:00,5076.623229004774,5094.561826987122,5004.868837075377,5049.71533203125,55809,0.0,0.0
2017-03-27 00:00:00+09:00,4995.899897230857,5175.285889950098,4986.930597594895,5139.40869140625,103004,0.0,0.0
2017-03-28 00:00:00+09:00,5112.500792498364,5139.40869140625,5085.592893590478,5139.40869140625,34091,0.0,0.0
2017-03-29 00:00:00+09:00,5157.347414247209,5184.255313799803,5103.531615142021,5121.47021484375,56277,0.0,0.0
2017-03-30 00:00:00+09:00,5175.285705566406,5175.285705566406,5040.7462158203125,5094.56201171875,44118,0.0,0.0
2017-03-31 00:00:00+09:00,5094.56259931144,5291.88720703125,5076.62399860964,5291.88720703125,145119,0.0,0.0
2017-04-03 00:00:00+09:00,5273.948303742546,5345.702702432922,5220.132504724766,5264.97900390625,114143,0.0,0.0
2017-04-04 00:00:00+09:00,5291.88568270146,5318.7935760033315,5184.2541094939725,5300.85498046875,163455,0.0,0.0
2017-04-05 00:00:00+09:00,5300.856079723313,5327.763978605158,5211.163083450499,5282.91748046875,53438,0.0,0.0
2017-04-06 00:00:00+09:00,5264.978451643319,5282.917049434267,5175.285462688577,5202.193359375,71446,0.0,0.0
2017-04-07 00:00:00+09:00,5202.193726861934,5220.132325920079,5139.4086301584275,5148.3779296875,46028,0.0,0.0
2017-04-10 00:00:00+09:00,5148.377869405865,5184.255067102073,5085.5927734375,5085.5927734375,114793,0.0,0.0
2017-04-11 00:00:00+09:00,5058.684994682591,5175.285889950098,5049.71569504663,5139.40869140625,61367,0.0,0.0
2017-04-12 00:00:00+09:00,5139.408082540761,5166.315978260869,5112.500186820652,5157.3466796875,31532,0.0,0.0
2017-04-13 00:00:00+09:00,5157.3467451272545,5264.978329373389,5112.5002516913655,5220.1318359375,65359,0.0,0.0
2017-04-14 00:00:00+09:00,5247.040776106658,5256.010076578636,5175.286372330841,5211.16357421875,46106,0.0,0.0
2017-04-17 00:00:00+09:00,5247.039610980308,5256.008909460616,5175.285223137842,5238.0703125,65906,0.0,0.0
2017-04-18 00:00:00+09:00,5238.0703125,5264.978207940924,5211.162417059075,5238.0703125,48998,0.0,0.0
2017-04-19 00:00:00+09:00,5238.0703125,5264.978207940924,5202.193118578767,5238.0703125,51337,0.0,0.0
2017-04-20 00:00:00+09:00,5238.070616094559,5256.009214094883,5175.285523093426,5193.22412109375,44193,0.0,0.0
2017-04-21 00:00:00+09:00,5193.2244273328615,5247.0402245072955,5076.623533454922,5148.3779296875,76367,0.0,0.0
2017-04-24 00:00:00+09:00,5148.377321031358,5166.31591796875,5067.653634813097,5166.31591796875,45905,0.0,0.0
2017-04-25 00:00:00+09:00,5157.347476356908,5157.347476356908,5085.5930766858555,5112.5009765625,29081,0.0,0.0
2017-04-26 00:00:00+09:00,5112.500186820652,5184.254575407609,5112.500186820652,5157.3466796875,18047,0.0,0.0
2017-04-27 00:00:00+09:00,5184.25426477819,5184.25426477819,5112.499880490603,5130.4384765625,16697,0.0,0.0
2017-04-28 00:00:00+09:00,5130.439208984375,5166.31640625,5022.8076171875,5094.56201171875,48876,0.0,0.0
2017-05-02 00:00:00+09:00,5130.439576480263,5130.439576480263,5049.715876850329,5112.5009765625,25167,0.0,0.0
2017-05-04 00:00:00+09:00,5112.500731571211,5220.132325920079,5085.592832983994,5148.3779296875,36315,0.0,0.0
2017-05-08 00:00:00+09:00,5157.34728568681,5399.518375623408,5157.34728568681,5282.91748046875,368299,0.0,0.0
2017-05-10 00:00:00+09:00,5291.886775245352,5426.42626953125,5238.0709775309915,5426.42626953125,146217,0.0,0.0
2017-05-11 00:00:00+09:00,5426.425352791288,5435.394650895075,5354.670967960989,5417.4560546875,95056,0.0,0.0
2017-05-12 00:00:00+09:00,5417.456787109375,5435.3953857421875,5345.702392578125,5381.57958984375,59090,0.0,0.0
2017-05-15 00:00:00+09:00,5381.579901778109,5408.4878012869995,5229.101804561063,5264.97900390625,143534,0.0,0.0
2017-05-16 00:00:00+09:00,5247.040404233656,5318.794802924031,5229.101804561063,5264.97900390625,57068,0.0,0.0
2017-05-17 00:00:00+09:00,5264.979121653668,5318.794921875,5193.224721358558,5318.794921875,88352,0.0,0.0
2017-05-18 00:00:00+09:00,5282.916804901541,5282.916804901541,5184.254521618151,5238.0703125,67721,0.0,0.0
2017-05-19 00:00:00+09:00,5291.886351708653,5300.855650609854,5211.162661597843,5273.94775390625,57617,0.0,0.0
2017-05-22 00:00:00+09:00,5273.947750538793,5273.947750538793,5139.408267106681,5202.193359375,96092,0.0,0.0
2017-05-23 00:00:00+09:00,5157.3472292165725,5202.193726861934,5121.470031100283,5148.3779296875,56082,0.0,0.0
2017-05-24 00:00:00+09:00,5148.377566002156,5202.193359375,5148.377566002156,5202.193359375,36549,0.0,0.0
2017-05-25 00:00:00+09:00,5202.194523803077,5211.163824706185,5157.348019287532,5175.28662109375,36791,0.0,0.0
2017-05-26 00:00:00+09:00,5175.285705566406,5381.57958984375,5148.3778076171875,5381.57958984375,212795,0.0,0.0
2017-05-29 00:00:00+09:00,5399.518249817404,5408.487549235705,5309.8252556343905,5372.6103515625,99363,0.0,0.0
2017-05-30 00:00:00+09:00,5372.610051572712,5489.2109375,5363.640752655228,5489.2109375,205527,0.0,0.0
2017-05-31 00:00:00+09:00,5489.210998235475,5543.026792335822,5435.395204135127,5480.24169921875,114949,0.0,0.0
2017-06-01 00:00:00+09:00,5480.242005401712,5516.119203473082,5399.518309741131,5435.3955078125,66410,0.0,0.0
2017-06-02 00:00:00+09:00,5453.334106848185,5453.334106848185,5363.641111669761,5435.3955078125,80577,0.0,0.0
2017-06-05 00:00:00+09:00,5453.334106848185,5462.303406366027,5381.579710705446,5435.3955078125,58208,0.0,0.0
2017-06-07 00:00:00+09:00,5435.395504672428,5623.750794438304,5354.671809058481,5578.904296875,266728,0.0,0.0
2017-06-08 00:00:00+09:00,5551.99560546875,5596.842096627625,5471.271921382775,5551.99560546875,157268,0.0,0.0
2017-06-09 00:00:00+09:00,5551.996335249227,5803.13671875,5498.180538784776,5803.13671875,422747,0.0,0.0
2017-06-12 00:00:00+09:00,5731.382562734015,5928.707158008113,5731.382562734015,5839.01416015625,236471,0.0,0.0
2017-06-13 00:00:00+09:00,5785.19873046875,5883.861034399225,5767.260129754118,5785.19873046875,181166,0.0,0.0
2017-06-14 00:00:00+09:00,5803.136897046638,5919.73779296875,5749.321098928741,5919.73779296875,206060,0.0,0.0
2017-06-15 00:00:00+09:00,5910.7686075725605,6287.479201681889,5910.7686075725605,6045.30810546875,560899,0.0,0.0
2017-06-16 00:00:00+09:00,5991.491704929642,6143.969787240725,5937.675911172789,6135.00048828125,1012434,0.0,0.0
2017-06-19 00:00:00+09:00,6233.66278250558,6502.741751534598,6206.754885602679,6278.50927734375,682839,0.0,0.0
2017-06-20 00:00:00+09:00,6323.355833389217,6386.140926770386,6143.969852300161,6269.5400390625,175489,0.0,0.0
2017-06-21 00:00:00+09:00,6278.50926564839,6278.50926564839,5928.706606562266,5991.49169921875,324973,0.0,0.0
2017-06-22 00:00:00+09:00,6018.399470118958,6108.092457751133,5839.013494854607,5937.67578125,220097,0.0,0.0
2017-06-23 00:00:00+09:00,5937.676392341383,6045.307988577178,5874.8912945371685,5919.73779296875,103684,0.0,0.0
2017-06-26 00:00:00+09:00,5946.645507084808,6018.39990234375,5821.0753153816595,6018.39990234375,113445,0.0,0.0
2017-06-27 00:00:00+09:00,6018.399552489202,6377.171507928199,5964.583759173352,6359.23291015625,379100,0.0,0.0
2017-06-28 00:00:00+09:00,6359.2339487884,6413.049750893802,6206.755842823093,6350.2646484375,174696,0.0,0.0
2017-06-29 00:00:00+09:00,6368.2025146484375,6395.110412597656,6143.970031738281,6170.8779296875,143272,0.0,0.0
2017-06-30 00:00:00+09:00,6143.969792829241,6278.50927734375,6000.461009347098,6278.50927734375,135768,0.0,0.0
2017-07-03 00:00:00+09:00,6305.417293604518,6305.417293604518,5955.614627245235,6117.06201171875,171384,0.0,0.0
2017-07-04 00:00:00+09:00,6233.662715271441,6260.5706118841235,6045.307438982664,6143.9697265625,254102,0.0,0.0
2017-07-05 00:00:00+09:00,6081.1849365234375,6323.356018066406,6081.1849365234375,6314.38671875,269703,0.0,0.0
2017-07-06 00:00:00+09:00,6287.478639249249,6377.171629823418,6224.693545847331,6341.29443359375,186091,0.0,0.0
2017-07-07 00:00:00+09:00,6341.294065824468,6377.171259973405,6188.81599069149,6323.35546875,125851,0.0,0.0
2017-07-10 00:00:00+09:00,6323.356747384798,6350.2646484375,6206.755842823093,6350.2646484375,87697,0.0,0.0
2017-07-11 00:00:00+09:00,6350.263856738683,6547.588439857682,6233.66296671382,6538.619140625,258797,0.0,0.0
2017-07-12 00:00:00+09:00,6601.404683022923,6664.189781910369,6233.663389539309,6260.5712890625,269785,0.0,0.0
2017-07-13 00:00:00+09:00,6242.632021219686,6413.048699959879,6224.69342345756,6287.478515625,146057,0.0,0.0
2017-07-14 00:00:00+09:00,6287.4794518574845,6287.4794518574845,6000.461844925331,6081.185546875,234068,0.0,0.0
2017-07-17 00:00:00+09:00,6126.0308948226775,6251.60107421875,5937.675625728569,6251.60107421875,176685,0.0,0.0
2017-07-18 00:00:00+09:00,6251.602344577595,6350.2646484375,6206.755842823093,6350.2646484375,138386,0.0,0.0
2017-07-19 00:00:00+09:00,6377.171936207086,6386.141235695422,6305.4175403003965,6368.20263671875,92682,0.0,0.0
2017-07-20 00:00:00+09:00,6404.079834672095,6404.079834672095,6126.031550533671,6368.20263671875,125753,0.0,0.0
2017-07-21 00:00:00+09:00,6368.203625801281,6439.9580328525635,6242.633413461538,6296.44921875,93321,0.0,0.0
2017-07-24 00:00:00+09:00,6296.447702972879,6466.864378694368,6206.7547157510435,6448.92578125,173024,0.0,0.0
2017-07-25 00:00:00+09:00,6448.925905845906,6655.21978044181,6386.140813577586,6502.74169921875,307119,0.0,0.0
2017-07-26 00:00:00+09:00,6502.741573583102,6502.741573583102,6278.509105528512,6448.92578125,134123,0.0,0.0
2017-07-27 00:00:00+09:00,6350.263797624144,6574.49627635381,6350.263797624144,6547.58837890625,111679,0.0,0.0
2017-07-28 00:00:00+09:00,6475.8342305787855,6520.680728020467,6332.325438765405,6368.20263671875,98989,0.0,0.0
2017-07-31 00:00:00+09:00,6278.509282799406,6422.01806640625,6152.939097143418,6422.01806640625,87487,0.0,0.0
2017-08-01 00:00:00+09:00,6422.019051244703,6422.019051244703,6314.387447033898,6350.2646484375,31178,0.0,0.0
2017-08-02 00:00:00+09:00,6350.264042000728,6448.926336438593,6117.062255147594,6152.939453125,130400,0.0,0.0
2017-08-03 00:00:00+09:00,6161.908755538713,6197.785953533116,5910.768369577892,6009.4306640625,194494,0.0,0.0
2017-08-04 00:00:00+09:00,6090.153987678938,6099.123286629865,5856.952214954856,5991.49169921875,99658,0.0,0.0
2017-08-07 00:00:00+09:00,5991.491512891214,6108.092395627121,5946.64501953125,5946.64501953125,96374,0.0,0.0
2017-08-08 00:00:00+09:00,6000.461490145596,6000.461490145596,5794.167597360321,5919.73779296875,267667,0.0,0.0
2017-08-09 00:00:00+09:00,5937.676515898082,5955.615115643996,5812.106317676672,5901.79931640625,75177,0.0,0.0
2017-08-10 00:00:00+09:00,5874.8916015625,5964.584603113072,5740.352099236641,5874.8916015625,138415,0.0,0.0
2017-08-11 00:00:00+09:00,5874.8905586902,5874.8905586902,5695.504587432484,5812.10546875,68535,0.0,0.0
2017-08-14 00:00:00+09:00,5812.106346055328,5874.891445472592,5462.303649301998,5471.27294921875,279375,0.0,0.0
2017-08-16 00:00:00+09:00,5471.271638047272,5507.148829116434,5256.008491632297,5300.85498046875,280367,0.0,0.0
2017-08-17 00:00:00+09:00,5462.303283691406,5462.303283691406,5309.8251953125,5381.57958984375,104289,0.0,0.0
2017-08-18 00:00:00+09:00,5318.794684125491,5363.6411823053,5139.40869140625,5139.40869140625,296513,0.0,0.0
2017-08-21 00:00:00+09:00,5148.37762609294,5273.947812095207,5112.500430092293,5193.22412109375,93153,0.0,0.0
2017-08-22 00:00:00+09:00,5175.285462688577,5282.917049434267,5175.285462688577,5202.193359375,74356,0.0,0.0
2017-08-23 00:00:00+09:00,5220.131960499044,5318.794248412256,5211.162661597843,5273.94775390625,72022,0.0,0.0
2017-08-24 00:00:00+09:00,5273.947506421233,5309.824700342466,5193.223820098458,5238.0703125,111840,0.0,0.0
2017-08-25 00:00:00+09:00,5247.039976548984,5273.947873864619,5121.469789076016,5184.2548828125,126837,0.0,0.0
2017-08-28 00:00:00+09:00,5184.255376233553,5229.10187602796,5103.5316766036185,5112.5009765625,105730,0.0,0.0
2017-08-29 00:00:00+09:00,5112.5009765625,5139.4088764391445,5049.715876850329,5112.5009765625,47962,0.0,0.0
2017-08-30 00:00:00+09:00,5112.500133775685,5238.0703125,5058.6843428938355,5238.0703125,81153,0.0,0.0
2017-08-31 00:00:00+09:00,5256.009760692866,5345.702760022095,5202.193961095328,5327.76416015625,171064,0.0,0.0
2017-09-01 00:00:00+09:00,5291.88568270146,5318.7935760033315,5238.069896097716,5300.85498046875,67696,0.0,0.0
2017-09-04 00:00:00+09:00,5130.439088181228,5247.039976548984,5121.469789076016,5184.2548828125,66310,0.0,0.0
2017-09-05 00:00:00+09:00,5184.254944577991,5282.917235910791,5157.347046941773,5247.0400390625,52161,0.0,0.0
2017-09-06 00:00:00+09:00,5211.162198300393,5444.363948998862,5211.162198300393,5417.4560546875,128733,0.0,0.0
2017-09-07 00:00:00+09:00,5417.45696991219,5444.364868769369,5336.733273340651,5426.42626953125,83697,0.0,0.0
2017-09-08 00:00:00+09:00,5453.334613347457,5453.334613347457,5291.88720703125,5291.88720703125,73282,0.0,0.0
2017-09-11 00:00:00+09:00,5291.886351708653,5381.579340720664,5247.039857202647,5273.94775390625,63852,0.0,0.0
2017-09-12 00:00:00+09:00,5282.917357379486,5498.180543418718,5247.040159706281,5372.6103515625,192478,0.0,0.0
2017-09-13 00:00:00+09:00,5372.610051572712,5525.088133169935,5345.702154820261,5489.2109375,178943,0.0,0.0
2017-09-14 00:00:00+09:00,5489.21136444739,5507.149963677611,5444.3648663718395,5498.1806640625,72415,0.0,0.0
2017-09-15 00:00:00+09:00,5453.3342237903225,5560.9658203125,5417.457024949597,5560.9658203125,153667,0.0,0.0
2017-09-18 00:00:00+09:00,5569.935243476942,5587.873843294903,5480.2422443871355,5543.02734375,85448,0.0,0.0
2017-09-19 00:00:00+09:00,5534.058229325457,5578.904730373476,5462.303827648629,5516.11962890625,104028,0.0,0.0
2017-09-20 00:00:00+09:00,5462.303345745513,5516.119142255321,5345.7024533075955,5372.6103515625,122442,0.0,0.0
2017-09-21 00:00:00+09:00,5426.425694981228,5426.425694981228,5076.623046875,5076.623046875,276549,0.0,0.0
2017-09-25 00:00:00+09:00,4834.452270280493,4968.991758321695,4780.636475064013,4816.513671875,103219,0.0,0.0
2017-09-26 00:00:00+09:00,4816.513671875,4816.513671875,4816.513671875,4816.513671875,0,0.0,0.0
2017-09-27 00:00:00+09:00,4843.42156948324,4879.298766294227,4789.60577426676,4816.513671875,90632,0.0,0.0
2017-09-28 00:00:00+09:00,4843.421630859375,4915.176025390625,4789.6058349609375,4807.54443359375,76536,0.0,0.0
2017-09-29 00:00:00+09:00,4816.514901281074,4843.422805757505,4699.913981883208,4780.6376953125,118846,0.0,0.0
2017-10-10 00:00:00+09:00,4798.574144767993,4834.451334635417,4735.7890625,4735.7890625,56826,0.0,0.0
2017-10-11 00:00:00+09:00,4708.882438362419,4843.421936601345,4708.882438362419,4834.45263671875,38171,0.0,0.0
2017-10-12 00:00:00+09:00,4888.268127441406,4888.268127441406,4798.575134277344,4807.54443359375,27415,0.0,0.0
2017-10-13 00:00:00+09:00,4861.360166957113,4861.360166957113,4717.851379740667,4744.75927734375,63415,0.0,0.0
2017-10-16 00:00:00+09:00,4744.760191258844,4780.637394973467,4655.0671819722875,4753.7294921875,52062,0.0,0.0
2017-10-17 00:00:00+09:00,4753.7277169562385,4789.604907272889,4673.004038743774,4726.81982421875,68869,0.0,0.0
2017-10-18 00:00:00+09:00,4753.728017989703,4753.728017989703,4655.065738371049,4681.9736328125,39863,0.0,0.0
2017-10-19 00:00:00+09:00,4664.036482900943,4753.7294921875,4664.036482900943,4753.7294921875,25421,0.0,0.0
2017-10-20 00:00:00+09:00,4753.7286376953125,4807.54443359375,4735.7900390625,4807.54443359375,20404,0.0,0.0
2017-10-23 00:00:00+09:00,4834.451650041196,4852.390246145245,4726.820073416902,4762.697265625,39651,0.0,0.0
2017-10-24 00:00:00+09:00,4762.697693330005,4807.544187617481,4753.7283944725095,4771.6669921875,32428,0.0,0.0
2017-10-25 00:00:00+09:00,4771.667473340556,4915.17626953125,4762.698173578638,4915.17626953125,30911,0.0,0.0
2017-10-26 00:00:00+09:00,4897.236756598491,4924.144650865516,4816.513073797418,4906.2060546875,25415,0.0,0.0
2017-10-27 00:00:00+09:00,4906.206969769331,4924.145569293168,4843.421871435903,4915.17626953125,16966,0.0,0.0
2017-10-30 00:00:00+09:00,4924.1455078125,4951.053406762295,4879.299009562841,4924.1455078125,27919,0.0,0.0
2017-10-31 00:00:00+09:00,4933.114869055086,4933.114869055086,4825.483271912067,4915.17626953125,22396,0.0,0.0
2017-11-01 00:00:00+09:00,4924.145925214213,5013.838929316476,4861.36082234263,5004.86962890625,34784,0.0,0.0
2017-11-02 00:00:00+09:00,5004.86833366659,5004.86833366659,4870.328862331467,4906.2060546875,29392,0.0,0.0
2017-11-03 00:00:00+09:00,4906.206726074219,4942.083923339844,4735.7900390625,4807.54443359375,157610,0.0,0.0
2017-11-06 00:00:00+09:00,4753.7286376953125,4789.6058349609375,4646.0970458984375,4664.03564453125,145199,0.0,0.0
2017-11-07 00:00:00+09:00,4655.066284413987,4699.912780410268,4574.342591620682,4673.0048828125,107542,0.0,0.0
2017-11-08 00:00:00+09:00,4646.096753696857,4879.298521256932,4646.096753696857,4852.390625,115396,0.0,0.0
2017-11-09 00:00:00+09:00,4888.267764559659,5067.653737571022,4843.421271306818,4933.1142578125,88292,0.0,0.0
2017-11-10 00:00:00+09:00,4942.083442905971,5040.745725795201,4888.267652239118,5022.80712890625,63066,0.0,0.0
2017-11-13 00:00:00+09:00,4986.930359430704,5067.654052299187,4968.991761015486,5031.77685546875,64979,0.0,0.0
2017-11-14 00:00:00+09:00,5040.746277183028,5103.531373162175,4968.991881778287,5013.83837890625,121038,0.0,0.0
2017-11-15 00:00:00+09:00,5013.838257053532,5094.561949922015,4933.114564185049,5031.77685546875,90903,0.0,0.0
2017-11-16 00:00:00+09:00,5076.623290146797,5139.4083838411925,4960.022401857206,5040.74609375,111732,0.0,0.0
2017-11-17 00:00:00+09:00,5094.562072861552,5103.531372285604,5013.838378045084,5085.5927734375,59974,0.0,0.0
2017-11-20 00:00:00+09:00,5094.561952457265,5273.947936698718,5094.561952457265,5247.0400390625,113939,0.0,0.0
2017-11-21 00:00:00+09:00,5193.224973274795,5256.010076578636,5121.470569498978,5211.16357421875,96946,0.0,0.0
2017-11-22 00:00:00+09:00,5193.224484195936,5300.856079723313,5184.255184568655,5282.91748046875,69592,0.0,0.0
2017-11-23 00:00:00+09:00,5282.917721727445,5336.733521948777,5193.224721358558,5318.794921875,69304,0.0,0.0
2017-11-24 00:00:00+09:00,5336.732912585509,5435.395201725746,5264.97852048352,5408.4873046875,81303,0.0,0.0
2017-11-27 00:00:00+09:00,5426.425963747145,5444.364561974408,5300.855776156302,5399.51806640625,77686,0.0,0.0
2017-11-28 00:00:00+09:00,5372.6104767415645,5408.48767525069,5273.9481808414685,5282.91748046875,57139,0.0,0.0
2017-11-29 00:00:00+09:00,5291.88568270146,5336.732171537912,5247.039193865006,5300.85498046875,24409,0.0,0.0
2017-11-30 00:00:00+09:00,5300.856275699013,5300.856275699013,5058.685176809211,5112.5009765625,146726,0.0,0.0
2017-12-01 00:00:00+09:00,5130.438724093967,5193.223813374837,5067.653634813097,5166.31591796875,39099,0.0,0.0
2017-12-04 00:00:00+09:00,5121.469971133708,5166.316468253968,5049.715575741292,5085.5927734375,40574,0.0,0.0
2017-12-05 00:00:00+09:00,5058.685397907839,5291.88720703125,5031.7774968551375,5291.88720703125,83407,0.0,0.0
2017-12-06 00:00:00+09:00,5229.10137833856,5300.855771180255,5130.439088181228,5184.2548828125,68758,0.0,0.0
2017-12-07 00:00:00+09:00,5139.4083838411925,5238.070673932384,4942.0838036588075,5040.74609375,102429,0.0,0.0
2017-12-08 00:00:00+09:00,5040.747369330752,5130.440383019912,4888.269246059182,5067.6552734375,92293,0.0,0.0
2017-12-11 00:00:00+09:00,5031.776739090835,5202.193420093911,4995.899543090188,5193.22412109375,57617,0.0,0.0
2017-12-12 00:00:00+09:00,5130.439800715042,5300.85650738215,5130.439800715042,5291.88720703125,74254,0.0,0.0
2017-12-13 00:00:00+09:00,5256.0100329609495,5614.782048862721,5256.0100329609495,5569.935546875,429899,0.0,0.0
2017-12-14 00:00:00+09:00,5569.934449613765,5668.596734550562,5489.210761938202,5587.873046875,183307,0.0,0.0
2017-12-15 00:00:00+09:00,5587.87268823281,5731.381457111983,5516.118303793223,5641.6884765625,216281,0.0,0.0
2017-12-18 00:00:00+09:00,5641.689391896081,5695.505188957093,5551.996396794395,5650.65869140625,128576,0.0,0.0
2017-12-19 00:00:00+09:00,5686.5360162550405,5686.5360162550405,5462.3035235005045,5560.9658203125,163909,0.0,0.0
2017-12-21 00:00:00+09:00,5471.272702723071,5686.53589102693,5471.272702723071,5578.904296875,97366,0.0,0.0
2017-12-22 00:00:00+09:00,5578.904419732863,5659.628117124496,5480.242122920868,5560.9658203125,134122,0.0,0.0
2017-12-26 00:00:00+09:00,5560.966096135496,5955.615302958015,5543.027495825381,5874.8916015625,444570,0.0,0.0
2017-12-27 00:00:00+09:00,5956.235695223044,5965.273989145992,5829.699580301765,5920.08251953125,142951,50.0,0.0
2017-12-28 00:00:00+09:00,5920.082098477129,6299.690416242074,5920.082098477129,6236.42236328125,498414,0.0,0.0
2018-01-02 00:00:00+09:00,6371.996762483017,6588.915801205842,6200.2691901607795,6236.42236328125,398767,0.0,0.0
2018-01-03 00:00:00+09:00,6290.65283203125,6371.997480721309,6127.963534651131,6290.65283203125,207896,0.0,0.0
2018-01-04 00:00:00+09:00,6308.72900390625,6561.80122755865,6236.422654291278,6308.72900390625,247172,0.0,0.0
2018-01-05 00:00:00+09:00,6308.7299088919635,6408.151153874502,6200.270368911013,6227.38525390625,159629,0.0,0.0
2018-01-08 00:00:00+09:00,6146.039430480073,6326.805296082428,6010.465031278306,6236.42236328125,212734,0.0,0.0
2018-01-09 00:00:00+09:00,6254.49853515625,6462.379266816068,5892.966827921785,6254.49853515625,278844,0.0,0.0
2018-01-10 00:00:00+09:00,6335.8438339018485,6462.379944707307,6146.0396676936625,6417.1884765625,155209,0.0,0.0
2018-01-11 00:00:00+09:00,6426.226978468794,6444.303566312588,6236.422806108956,6408.150390625,86536,0.0,0.0
2018-01-12 00:00:00+09:00,6353.919754645728,6462.379266816068,6109.885852262463,6254.49853515625,213037,0.0,0.0
2018-01-15 00:00:00+09:00,6290.6525424691135,6326.805718000545,6100.848370929098,6218.34619140625,117184,0.0,0.0
2018-01-16 00:00:00+09:00,6390.072994656033,7022.753489176433,6335.843237982856,6507.57080078125,1127636,0.0,0.0
2018-01-17 00:00:00+09:00,6597.954423223402,7004.677641093338,6579.877835762516,6860.06494140625,953152,0.0,0.0
2018-01-18 00:00:00+09:00,6860.06490234375,7664.473039772727,6597.954385653409,7456.59228515625,1026398,0.0,0.0
2018-01-19 00:00:00+09:00,7565.052883200449,7998.89104137682,7411.401868846318,7917.54638671875,756370,0.0,0.0
2018-01-22 00:00:00+09:00,7953.699205107683,8107.350212479082,7619.28230671111,7763.89501953125,484014,0.0,0.0
2018-01-23 00:00:00+09:00,7664.4728515625,8044.0811767578125,7528.898449707031,7953.6982421875,467762,0.0,0.0
2018-01-24 00:00:00+09:00,7908.506799916752,7998.8897347729435,7610.24311489132,7718.70263671875,325277,0.0,0.0
2018-01-25 00:00:00+09:00,7682.548735229638,7854.276295193594,7546.974345784409,7601.2041015625,293104,0.0,0.0
2018-01-26 00:00:00+09:00,7637.357959375895,7989.851403654782,7465.630383957975,7890.43017578125,267913,0.0,0.0
2018-01-29 00:00:00+09:00,7772.931916610054,8450.803886081861,7772.931916610054,8315.2294921875,401860,0.0,0.0
2018-01-30 00:00:00+09:00,8134.463855832122,8179.6553216978555,7610.242851789607,7772.93212890625,1763396,0.0,0.0
2018-01-31 00:00:00+09:00,7682.549669594446,7998.889950107158,7601.205026034034,7709.66455078125,467768,0.0,0.0
2018-02-01 00:00:00+09:00,7763.894395868076,8080.234679750943,7664.473163790603,7791.00927734375,408391,0.0,0.0
2018-02-02 00:00:00+09:00,7791.008715252543,8062.1575104469475,7492.745040538699,7772.93212890625,505017,0.0,0.0
2018-02-05 00:00:00+09:00,7944.661109080726,8134.465299400061,7384.286832899833,7438.5166015625,1348302,0.0,0.0
2018-02-06 00:00:00+09:00,6959.4859379969785,7275.826207905932,6869.1030037372775,7104.0986328125,576638,0.0,0.0
2018-02-07 00:00:00+09:00,7366.209167480469,7718.702612304687,7122.175244140625,7230.634765625,909007,0.0,0.0
2018-02-08 00:00:00+09:00,7257.750493103781,7456.592972366899,7176.405842496142,7321.0185546875,301128,0.0,0.0
2018-02-09 00:00:00+09:00,7104.097937327029,7592.165734547971,6977.5618417512305,7348.1318359375,407583,0.0,0.0
2018-02-12 00:00:00+09:00,7881.392022778614,7890.430316382718,7429.477342573418,7501.78369140625,544082,0.0,0.0
2018-02-13 00:00:00+09:00,7565.0517466349775,7637.358095467808,7411.400755365211,7501.78369140625,230121,0.0,0.0
2018-02-14 00:00:00+09:00,7528.897958294609,7528.897958294609,7221.596000813197,7293.90234375,276125,0.0,0.0
2018-02-19 00:00:00+09:00,7474.669413501794,9445.017578125,7348.133292837919,9445.017578125,3107231,0.0,0.0
2018-02-20 00:00:00+09:00,9490.208254323423,9716.165593712076,8993.102107668386,9309.4423828125,3930718,0.0,0.0
2018-02-21 00:00:00+09:00,9173.868560215213,9942.123562794812,9038.294147995282,9580.591796875,2560802,0.0,0.0
2018-02-22 00:00:00+09:00,9490.207850027293,11478.632351937773,9490.207850027293,10348.845703125,7401818,0.0,0.0
2018-02-23 00:00:00+09:00,10394.036875667734,10981.525916466346,10213.27101696047,10574.802734375,1559609,0.0,0.0
2018-02-26 00:00:00+09:00,10755.569751880786,10845.952690972223,9535.400074146411,9761.357421875,1500419,0.0,0.0
2018-02-27 00:00:00+09:00,9761.35674614929,9896.931145401362,9445.016481227784,9535.3994140625,1057219,0.0,0.0
2018-02-28 00:00:00+09:00,9399.82650862069,9987.315665409484,8938.873477909483,9173.869140625,1699787,0.0,0.0
2018-03-02 00:00:00+09:00,9173.867236551085,10077.696520940355,9083.484308112158,9896.9306640625,1448699,0.0,0.0
2018-03-05 00:00:00+09:00,9896.93288971657,9896.93288971657,9580.592569040698,9716.1669921875,571199,0.0,0.0
2018-03-06 00:00:00+09:00,9942.122867602657,10077.697270342695,9083.484983582428,9354.6337890625,880498,0.0,0.0
2018-03-07 00:00:00+09:00,9354.633437148086,9399.824903028028,8857.52731246872,9029.2548828125,746040,0.0,0.0
2018-03-08 00:00:00+09:00,9083.484316986387,9309.441638304455,8984.063095606436,9128.67578125,531453,0.0,0.0
2018-03-09 00:00:00+09:00,9173.868684895833,9716.166341145834,9173.868684895833,9490.208984375,971343,0.0,0.0
2018-03-12 00:00:00+09:00,9670.974482783566,9942.12330005787,9445.017135054977,9761.357421875,550352,0.0,0.0
2018-03-13 00:00:00+09:00,10077.699011338495,10619.996715984513,9987.316060564159,10213.2734375,1469998,0.0,0.0
2018-03-14 00:00:00+09:00,10122.889893617023,10665.187566489361,10032.506948138298,10619.99609375,579573,0.0,0.0
2018-03-15 00:00:00+09:00,10619.994693472365,11207.483761621901,10258.462959226497,10936.3349609375,1025189,0.0,0.0
2018-03-16 00:00:00+09:00,11071.9091796875,11252.675043845664,10619.994519292091,11071.9091796875,708790,0.0,0.0
2018-03-19 00:00:00+09:00,10891.14220872962,10981.525131623643,10394.0361328125,10394.0361328125,669681,0.0,0.0
2018-03-20 00:00:00+09:00,10303.655468750001,12472.84609375,10258.463997395833,10845.953125,4256011,0.0,0.0
2018-03-21 00:00:00+09:00,10936.336402925532,10981.527875664895,10394.038730053191,10619.99609375,1075317,0.0,0.0
2018-03-22 00:00:00+09:00,10710.378213205646,11478.633190524193,10665.186743951612,11207.484375,1787052,0.0,0.0
2018-03-23 00:00:00+09:00,10755.567824388587,11026.716593070652,10348.84467136549,10394.0361328125,927789,0.0,0.0
2018-03-26 00:00:00+09:00,10303.655285493827,11207.484696502057,10303.655285493827,10981.52734375,1281363,0.0,0.0
2018-03-27 00:00:00+09:00,11252.675580836054,12111.3134765625,11071.909708051538,12111.3134765625,1703611,0.0,0.0
2018-03-28 00:00:00+09:00,11885.355833535992,12111.313168774319,11433.441163059339,11614.20703125,1067168,0.0,0.0
2018-03-29 00:00:00+09:00,11614.207943465359,11794.973825853926,11433.442061076794,11659.3994140625,499403,0.0,0.0
2018-03-30 00:00:00+09:00,11794.973475302419,11840.16494455645,11207.484375,11207.484375,550084,0.0,0.0
2018-04-02 00:00:00+09:00,11343.058225006484,11388.249692038382,10755.569153591805,10891.1435546875,741885,0.0,0.0
2018-04-03 00:00:00+09:00,10755.568802188765,11207.483457742914,10710.37733663335,11162.2919921875,486452,0.0,0.0
2018-04-04 00:00:00+09:00,11252.674395586993,11297.865859023086,9716.164638759854,10032.5048828125,1400925,0.0,0.0
2018-04-05 00:00:00+09:00,10258.463135860426,10439.229006095851,9987.314330507286,10077.697265625,424488,0.0,0.0
2018-04-06 00:00:00+09:00,10077.697024710902,10484.420223017622,9987.314091753855,10258.462890625,430263,0.0,0.0
2018-04-09 00:00:00+09:00,10168.080388849432,10258.463325639204,9490.208362926136,9942.123046875,739959,0.0,0.0
2018-04-10 00:00:00+09:00,10032.505983664772,10168.080388849432,9670.974236505683,9942.123046875,365877,0.0,0.0
2018-04-11 00:00:00+09:00,10032.505983664772,10168.080388849432,9761.357173295455,9942.123046875,342197,0.0,0.0
2018-04-12 00:00:00+09:00,10439.229684930098,10665.187037417763,10122.889391447368,10303.6552734375,678019,0.0,0.0
2018-04-13 00:00:00+09:00,10303.654479166666,10348.845946180554,10032.505677083333,10168.080078125,269646,0.0,0.0
2018-04-16 00:00:00+09:00,10168.080388849432,10484.420667613636,9896.931578480113,9942.123046875,441923,0.0,0.0
2018-04-17 00:00:00+09:00,9987.315631271502,9987.315631271502,9535.400896824827,9851.7412109375,547466,0.0,0.0
2018-04-18 00:00:00+09:00,9987.313891829732,10122.888288551401,9580.59070166472,9670.9736328125,382663,0.0,0.0
2018-04-19 00:00:00+09:00,9806.548891420718,10077.697708695023,9580.59154369213,9761.357421875,419467,0.0,0.0
2018-04-20 00:00:00+09:00,9851.73940934806,10574.802852235991,9761.356478987069,10484.419921875,668520,0.0,0.0
2018-04-23 00:00:00+09:00,10439.229181839248,10755.5694600768,10122.888903601695,10665.1865234375,553691,0.0,0.0
2018-04-24 00:00:00+09:00,10665.185782596982,10755.568712957975,10394.036991514009,10484.419921875,240477,0.0,0.0
2018-04-25 00:00:00+09:00,10258.464471939507,10439.230365718176,9806.549737492833,9851.7412109375,382568,0.0,0.0
2018-04-26 00:00:00+09:00,9942.122985011312,10258.463261807126,9851.740048783937,9987.314453125,192440,0.0,0.0
2018-04-27 00:00:00+09:00,10077.696346248593,10168.079273120777,9806.547565632038,10032.5048828125,127571,0.0,0.0
2018-04-30 00:00:00+09:00,10394.036590301239,10845.951224662163,9942.121955940316,10032.5048828125,794653,0.0,0.0
2018-05-02 00:00:00+09:00,10032.50643705986,10077.697907497066,9445.017321376174,9625.783203125,441598,0.0,0.0
2018-05-03 00:00:00+09:00,9625.782786649816,9716.165723613663,9173.868101830576,9219.0595703125,346855,0.0,0.0
2018-05-04 00:00:00+09:00,9354.633728027344,9580.591064453125,9173.867858886719,9399.8251953125,257548,0.0,0.0
2018-05-08 00:00:00+09:00,9445.01689453125,10077.69745205966,9399.825426136364,9942.123046875,498901,0.0,0.0
2018-05-09 00:00:00+09:00,10168.079665611529,10619.994317416487,9716.165013806572,10484.419921875,840195,0.0,0.0
2018-05-10 00:00:00+09:00,10710.379039228725,11343.059657579788,10484.421675531916,10619.99609375,1163132,0.0,0.0
2018-05-11 00:00:00+09:00,10619.994317416487,10800.76017813847,10439.228456694504,10484.419921875,189323,0.0,0.0
2018-05-14 00:00:00+09:00,10619.99556692023,10665.187037417763,10213.272332442433,10303.6552734375,332394,0.0,0.0
2018-05-15 00:00:00+09:00,10348.846262428977,10394.037730823864,9806.54864169034,9942.123046875,451178,0.0,0.0
2018-05-16 00:00:00+09:00,9761.35761443662,9896.93202574824,9399.825850938967,9625.783203125,396400,0.0,0.0
2018-05-17 00:00:00+09:00,9670.974057595291,10077.697265625,9625.782590036435,10077.697265625,330889,0.0,0.0
2018-05-18 00:00:00+09:00,10077.697144097221,10213.271545138889,9806.548342013888,10168.080078125,258113,0.0,0.0
2018-05-21 00:00:00+09:00,10168.080388849432,10258.463325639204,9942.123046875,9942.123046875,202883,0.0,0.0
2018-05-23 00:00:00+09:00,9942.124002659575,10710.379039228725,9942.124002659575,10619.99609375,569739,0.0,0.0
2018-05-24 00:00:00+09:00,10665.185663728633,10755.568593082266,10348.845410990918,10574.802734375,353526,0.0,0.0
2018-05-25 00:00:00+09:00,10213.271424146476,10484.420223017622,10122.888491189427,10258.462890625,264840,0.0,0.0
2018-05-28 00:00:00+09:00,10619.994748263889,10891.143550347222,10032.505677083333,10168.080078125,772447,0.0,0.0
2018-05-29 00:00:00+09:00,10168.081366356384,10665.187566489361,9942.124002659575,10619.99609375,451119,0.0,0.0
2018-05-30 00:00:00+09:00,10755.570182291667,11117.101953125,10484.421354166667,10845.953125,1088290,0.0,0.0
2018-05-31 00:00:00+09:00,10936.334664410424,11162.2919921875,10755.568802188765,11162.2919921875,521963,0.0,0.0
2018-06-01 00:00:00+09:00,11297.867313508064,11433.441721270161,11026.718497983871,11207.484375,589092,0.0,0.0
2018-06-04 00:00:00+09:00,11117.099004641737,11207.481923378662,10755.567329694039,10800.7587890625,334914,0.0,0.0
2018-06-05 00:00:00+09:00,10800.759823069853,10891.14275045956,10439.22811351103,10755.568359375,337649,0.0,0.0
2018-06-07 00:00:00+09:00,10845.952560240963,11343.058719252007,10619.995215235944,11252.67578125,534372,0.0,0.0
2018-06-08 00:00:00+09:00,11297.86763760288,11343.059108153291,10800.761461548354,10981.52734375,321348,0.0,0.0
2018-06-11 00:00:00+09:00,10936.333167167888,11117.099004641737,10665.184410957114,10800.7587890625,211512,0.0,0.0
2018-06-12 00:00:00+09:00,10800.758896195939,11026.716195279536,10484.418677478903,10710.3759765625,227234,0.0,0.0
2018-06-14 00:00:00+09:00,10619.99556692023,10800.761448910362,10303.6552734375,10303.6552734375,236305,0.0,0.0
2018-06-15 00:00:00+09:00,10258.464912887168,10529.613765210177,10213.2734375,10213.2734375,209870,0.0,0.0
2018-06-18 00:00:00+09:00,10213.271219699183,10258.462685273073,9490.20777051694,9670.9736328125,440766,0.0,0.0
2018-06-19 00:00:00+09:00,9625.78387661638,9851.741244612069,9173.869140625,9173.869140625,325854,0.0,0.0
2018-06-20 00:00:00+09:00,9173.869299600292,9716.1669921875,9173.869299600292,9716.1669921875,289056,0.0,0.0
2018-06-21 00:00:00+09:00,9851.738947310681,9851.738947310681,9002.139441762789,9011.177734375,449889,0.0,0.0
2018-06-22 00:00:00+09:00,9029.256411474164,9128.677653242148,8541.188497340425,8920.796875,392093,0.0,0.0
2018-06-25 00:00:00+09:00,8920.7964453125,9625.783398437501,8776.183736979166,9490.208984375,302564,0.0,0.0
2018-06-26 00:00:00+09:00,9264.251691462321,9490.20904979067,9128.67727646531,9445.017578125,156217,0.0,0.0
2018-06-27 00:00:00+09:00,9445.016724222525,9625.782594542572,9354.6337890625,9354.6337890625,183808,0.0,0.0
2018-06-28 00:00:00+09:00,9309.442679427346,9490.20855669778,8956.94921875,8956.94921875,147269,0.0,0.0
2018-06-29 00:00:00+09:00,8993.10138845916,9173.867245513615,8893.680167079208,9128.67578125,146418,0.0,0.0
2018-07-02 00:00:00+09:00,9219.058979949794,9219.058979949794,8767.144324069903,8776.1826171875,117255,0.0,0.0
2018-07-03 00:00:00+09:00,8839.452776442307,8993.103796073718,8730.993233173078,8812.337890625,84936,0.0,0.0
2018-07-04 00:00:00+09:00,8703.875640223754,9219.058310517372,8703.875640223754,8975.0244140625,110521,0.0,0.0
2018-07-05 00:00:00+09:00,8993.10143353967,9038.29289802982,8486.95703125,8486.95703125,194145,0.0,0.0
2018-07-06 00:00:00+09:00,8541.188278198242,8703.877578735352,8387.537272135416,8676.7626953125,116002,0.0,0.0
2018-07-09 00:00:00+09:00,8676.762096774193,8848.489679939516,8405.61328125,8405.61328125,122879,0.0,0.0
2018-07-10 00:00:00+09:00,8532.14991904145,8803.298751214379,8459.843563795337,8721.9541015625,97839,0.0,0.0
2018-07-11 00:00:00+09:00,8631.570458118807,8785.221450566996,8541.18752138458,8667.7236328125,75178,0.0,0.0
2018-07-12 00:00:00+09:00,8776.18450323548,9083.486535274622,8613.495192155935,8947.912109375,124531,0.0,0.0
2018-07-13 00:00:00+09:00,9083.484983582428,9490.208191802536,8975.025461390398,9354.6337890625,191550,0.0,0.0
2018-07-16 00:00:00+09:00,9354.633912919207,9490.20831745427,9128.67657202744,9264.2509765625,89748,0.0,0.0
2018-07-17 00:00:00+09:00,9264.251627604166,9625.783398437501,9173.868684895833,9490.208984375,185317,0.0,0.0
2018-07-18 00:00:00+09:00,9670.973698307684,9670.973698307684,8938.871951052615,9029.2548828125,257869,0.0,0.0
2018-07-19 00:00:00+09:00,9083.484641868432,9173.867573628317,8938.871951052615,9029.2548828125,136525,0.0,0.0
2018-07-20 00:00:00+09:00,9011.17845119201,9128.676264497422,8577.340371295104,8767.14453125,186268,0.0,0.0
2018-07-23 00:00:00+09:00,8694.838966534768,8839.451672838879,8297.154024198457,8351.3837890625,162248,0.0,0.0
2018-07-24 00:00:00+09:00,8242.924412818471,8685.800834121217,8242.924412818471,8514.0732421875,115171,0.0,0.0
2018-07-25 00:00:00+09:00,8550.226825914886,8631.571478592723,8197.733330977591,8242.9248046875,147602,0.0,0.0
2018-07-26 00:00:00+09:00,8315.230342741936,8486.957925907258,8261.000579637097,8405.61328125,102920,0.0,0.0
2018-07-27 00:00:00+09:00,8396.575905171016,8812.337467752142,8396.575905171016,8703.8779296875,112174,0.0,0.0
2018-07-30 00:00:00+09:00,8703.876828670991,8984.063933228417,8667.723653889389,8794.259765625,80268,0.0,0.0
2018-07-31 00:00:00+09:00,8794.26011782787,8956.949410860656,8749.068647540984,8821.375,76788,0.0,0.0
2018-08-01 00:00:00+09:00,8902.720299030172,9264.252087823275,8875.60541487069,9173.869140625,194613,0.0,0.0
2018-08-02 00:00:00+09:00,9309.442698616293,9354.634168027053,8984.06411885883,9083.4853515625,150427,0.0,0.0
2018-08-03 00:00:00+09:00,9173.868354492188,9219.05982421875,9029.255651367188,9038.2939453125,67814,0.0,0.0
2018-08-06 00:00:00+09:00,9083.484850560495,9173.867784396918,8993.101916724072,9020.216796875,46110,0.0,0.0
2018-08-07 00:00:00+09:00,9038.295272435898,9083.486748798077,8767.146414262821,8812.337890625,107338,0.0,0.0
2018-08-08 00:00:00+09:00,8875.60459227301,9128.676820973258,8857.528004508706,9083.4853515625,122554,0.0,0.0
2018-08-09 00:00:00+09:00,9128.676820973258,9128.676820973258,8920.796061683768,9083.4853515625,77262,0.0,0.0
2018-08-10 00:00:00+09:00,9038.293909143518,9083.485378689236,8649.647271050348,8785.2216796875,240618,0.0,0.0
2018-08-13 00:00:00+09:00,8785.221436895717,8785.221436895717,8152.540880740677,8179.65576171875,333668,0.0,0.0
2018-08-14 00:00:00+09:00,8224.848215203536,8450.805583753085,8188.695036235609,8242.9248046875,175061,0.0,0.0
2018-08-16 00:00:00+09:00,8288.114452519692,9128.675678347754,8143.501768506263,8749.0673828125,838427,0.0,0.0
2018-08-17 00:00:00+09:00,8749.067970337906,9011.178477713733,8676.76162347561,8893.6806640625,243434,0.0,0.0
2018-08-20 00:00:00+09:00,9011.179027416089,9011.179027416089,8685.800446686922,8785.2216796875,126836,0.0,0.0
2018-08-21 00:00:00+09:00,8902.71911326238,9399.825256642513,8785.221297554348,9354.6337890625,305863,0.0,0.0
2018-08-22 00:00:00+09:00,9354.63310256807,9399.824566831683,9038.292852722772,9128.67578125,150438,0.0,0.0
2018-08-23 00:00:00+09:00,9173.868101830576,9309.442507276348,9083.485164866728,9219.0595703125,90886,0.0,0.0
2018-08-24 00:00:00+09:00,9264.251038794424,9445.01691272212,9083.485164866728,9219.0595703125,116849,0.0,0.0
2018-08-27 00:00:00+09:00,9219.060614224138,9445.017982219828,9083.486193426725,9173.869140625,131702,0.0,0.0
2018-08-28 00:00:00+09:00,9219.06015625,9670.974869791668,9128.677213541667,9490.208984375,402930,0.0,0.0
2018-08-29 00:00:00+09:00,9490.20904979067,9716.16640811902,9219.060219796651,9445.017578125,218306,0.0,0.0
2018-08-30 00:00:00+09:00,9399.825444240196,9535.399849685968,9173.868101830576,9219.0595703125,99237,0.0,0.0
2018-08-31 00:00:00+09:00,9128.67645116244,9490.208191802536,9083.484983582428,9354.6337890625,133520,0.0,0.0
2018-09-03 00:00:00+09:00,9445.016031095298,9490.20749535891,9083.484316986387,9128.67578125,140192,0.0,0.0
2018-09-04 00:00:00+09:00,9309.44231712444,10348.84607097814,9264.250849565582,10077.697265625,1407450,0.0,0.0
2018-09-05 00:00:00+09:00,10077.697708695023,10348.84652596933,9761.357421875,9761.357421875,681213,0.0,0.0
2018-09-06 00:00:00+09:00,9761.358264048165,10077.698578160836,9716.166790603498,9851.7412109375,374803,0.0,0.0
2018-09-07 00:00:00+09:00,9851.741415334303,10032.507312863372,9535.401094658431,9716.1669921875,342318,0.0,0.0
2018-09-10 00:00:00+09:00,9670.97425513174,9716.165723613663,9128.676633348652,9219.0595703125,621671,0.0,0.0
2018-09-11 00:00:00+09:00,9309.442444740855,9445.016849275915,9128.67657202744,9264.2509765625,387209,0.0,0.0
2018-09-12 00:00:00+09:00,9173.867606026786,9219.059072066328,8749.067825255102,8857.52734375,674732,0.0,0.0
2018-09-13 00:00:00+09:00,8821.374855324075,8893.681206597223,8730.991916232639,8785.2216796875,151724,0.0,0.0
2018-09-14 00:00:00+09:00,8830.413261059466,8884.643025201081,8523.111264256988,8568.302734375,354243,0.0,0.0
2018-09-17 00:00:00+09:00,8541.188401442309,8721.954293536324,8405.613982371795,8459.84375,227894,0.0,0.0
2018-09-18 00:00:00+09:00,8432.726784980832,8541.186293469333,8251.9609375,8251.9609375,261306,0.0,0.0
2018-09-19 00:00:00+09:00,8306.191526574534,8387.536166116612,8179.655420620187,8215.80859375,206181,0.0,0.0
2018-09-20 00:00:00+09:00,8233.88533935547,8279.076806640625,7917.545068359375,7953.6982421875,470585,0.0,0.0
2018-09-21 00:00:00+09:00,7818.1243676729455,8053.1200134064675,7745.818015139554,7781.97119140625,318874,0.0,0.0
2018-09-27 00:00:00+09:00,7791.0090284368225,8441.766163062635,7791.0090284368225,8333.306640625,398412,0.0,0.0
2018-09-28 00:00:00+09:00,8279.076320482336,8423.68900730299,8143.5019265879755,8315.2294921875,178691,0.0,0.0
2018-10-01 00:00:00+09:00,8315.228788407821,8315.228788407821,8035.041731407123,8089.271484375,122121,0.0,0.0
2018-10-02 00:00:00+09:00,8098.311150107991,8541.187541129522,8098.311150107991,8369.4599609375,218207,0.0,0.0
2018-10-04 00:00:00+09:00,8514.072660046571,8604.455596989741,8360.421667243183,8369.4599609375,244832,0.0,0.0
2018-10-05 00:00:00+09:00,8251.961766879813,8495.995685506052,8134.463954207921,8215.80859375,150631,0.0,0.0
2018-10-08 00:00:00+09:00,8116.388597177306,8297.154490210209,8035.0439453125,8035.0439453125,101408,0.0,0.0
2018-10-10 00:00:00+09:00,7980.81313528446,8134.4641242989965,7655.4345703125,7655.4345703125,178055,0.0,0.0
2018-10-11 00:00:00+09:00,7239.673573704769,7456.5926320929275,6869.103515625,6869.103515625,393919,0.0,0.0
2018-10-12 00:00:00+09:00,6869.103414388433,7185.443703208953,6869.103414388433,7149.29052734375,165257,0.0,0.0
2018-10-15 00:00:00+09:00,7176.405051705919,7628.319727506039,7140.251877641908,7483.70703125,195314,0.0,0.0
2018-10-16 00:00:00+09:00,7510.822108496432,7917.54532736808,7510.822108496432,7836.20068359375,159854,0.0,0.0
2018-10-17 00:00:00+09:00,7908.5064065867455,7971.7744578394395,7700.625666756465,7863.31494140625,107823,0.0,0.0
2018-10-18 00:00:00+09:00,7845.239656361873,7926.584307176685,7429.478107752834,7574.0908203125,152282,0.0,0.0
2018-10-19 00:00:00+09:00,7528.8986050418625,7709.664477912015,7330.056144884694,7691.587890625,129194,0.0,0.0
2018-10-22 00:00:00+09:00,7682.549669053819,8143.502649197048,7583.128438042535,8134.46435546875,192044,0.0,0.0
2018-10-23 00:00:00+09:00,8134.463671875,8161.57855078125,7763.89366015625,7908.50634765625,168198,0.0,0.0
2018-10-24 00:00:00+09:00,8026.004786931818,8044.081374289773,7456.59228515625,7456.59228515625,189151,0.0,0.0
2018-10-25 00:00:00+09:00,7140.251925599342,7501.783668667663,7140.251925599342,7375.24755859375,156687,0.0,0.0
2018-10-26 00:00:00+09:00,7465.6301520806865,7483.706738405337,7076.983546100699,7113.13671875,157861,0.0,0.0
2018-10-29 00:00:00+09:00,7049.869560144026,7293.903506456703,6353.9208984375,6353.9208984375,287315,0.0,0.0
2018-10-30 00:00:00+09:00,6055.656559806034,6625.069042295258,6055.656559806034,6552.7626953125,293811,0.0,0.0
2018-10-31 00:00:00+09:00,6597.954553674769,6977.5628978587965,6435.265263310185,6832.9501953125,202774,0.0,0.0
2018-11-01 00:00:00+09:00,6887.179590589218,7339.0942618877225,6887.179590589218,7104.0986328125,186406,0.0,0.0
2018-11-02 00:00:00+09:00,7266.788096774815,7393.324207912685,7176.405160247765,7330.05615234375,158582,0.0,0.0
2018-11-05 00:00:00+09:00,7257.749610090431,7456.5920651614015,7113.136915493361,7402.3623046875,84391,0.0,0.0
2018-11-06 00:00:00+09:00,7456.591631915117,7501.783096350967,7221.596016848702,7357.17041015625,71393,0.0,0.0
2018-11-07 00:00:00+09:00,7384.286069846791,7601.205122082192,7284.864837572232,7429.4775390625,145848,0.0,0.0
2018-11-08 00:00:00+09:00,7592.167687049279,7592.167687049279,7456.593264066256,7519.861328125,61147,0.0,0.0
2018-11-09 00:00:00+09:00,7519.860467791411,7546.975349285851,7339.094591161809,7366.20947265625,55321,0.0,0.0
2018-11-12 00:00:00+09:00,7366.209810930698,7456.592753396105,7212.558808739505,7266.78857421875,82556,0.0,0.0
2018-11-13 00:00:00+09:00,7095.060164133707,7122.175043741861,6914.294300079346,6941.4091796875,247274,0.0,0.0
2018-11-14 00:00:00+09:00,6977.5634348290605,6977.5634348290605,6317.7679286858975,6344.8828125,586885,0.0,0.0
2018-11-15 00:00:00+09:00,6344.881702958777,6516.609270417775,6263.537065741357,6371.99658203125,251947,0.0,0.0
2018-11-16 00:00:00+09:00,6426.226285829197,6832.949468476615,6417.187992881477,6715.45166015625,263198,0.0,0.0
2018-11-19 00:00:00+09:00,6742.567194172963,7140.252122515604,6643.145962087303,6878.1416015625,265213,0.0,0.0
2018-11-20 00:00:00+09:00,6905.256581831952,7411.401043327487,6823.9119362344545,7086.0224609375,479629,0.0,0.0
2018-11-21 00:00:00+09:00,7004.678156926082,7131.214278470553,6887.180329777644,7049.86962890625,96925,0.0,0.0
2018-11-22 00:00:00+09:00,7058.906792169624,7113.136549855947,6616.030437731325,6715.45166015625,198009,0.0,0.0
2018-11-23 00:00:00+09:00,6661.222375620966,6823.911660235861,6597.954320492951,6652.18408203125,132639,0.0,0.0
2018-11-26 00:00:00+09:00,6661.221641224758,6814.872615309997,6652.183348631509,6769.68115234375,82500,0.0,0.0
2018-11-27 00:00:00+09:00,6787.758581283245,6878.141518450798,6706.413937832447,6796.796875,95602,0.0,0.0
2018-11-28 00:00:00+09:00,6832.950607115964,6914.295257200678,6733.529368123536,6751.60595703125,97272,0.0,0.0
2018-11-29 00:00:00+09:00,6841.988625575822,6959.486448736305,6778.720566950947,6805.83544921875,112094,0.0,0.0
2018-11-30 00:00:00+09:00,6878.141382320986,6995.639198313328,6796.796740480133,6823.91162109375,93385,0.0,0.0
2018-12-03 00:00:00+09:00,6959.486009626824,7194.4816411207175,6887.179661474857,7122.17529296875,207078,0.0,0.0
2018-12-04 00:00:00+09:00,7167.366524067541,7194.481403729839,6950.447486769153,7004.67724609375,128893,0.0,0.0
2018-12-05 00:00:00+09:00,6869.103307736531,6914.294776866376,6778.72036947684,6878.1416015625,128591,0.0,0.0
2018-12-06 00:00:00+09:00,6841.987914013262,6841.987914013262,6417.188135996586,6453.34130859375,207597,0.0,0.0
2018-12-07 00:00:00+09:00,6507.571228448276,6670.260509159483,6489.494641702587,6552.7626953125,62502,0.0,0.0
2018-12-10 00:00:00+09:00,6435.2660388697395,6498.534103858627,6155.07889391895,6227.38525390625,179096,0.0,0.0
2018-12-11 00:00:00+09:00,6263.5375031734675,6290.6523841395865,6082.771630066008,6118.9248046875,131234,0.0,0.0
2018-12-12 00:00:00+09:00,6118.925037969647,6344.882387968526,6118.925037969647,6299.69091796875,107301,0.0,0.0
2018-12-13 00:00:00+09:00,6317.767398659631,6516.60986328125,6272.575929427444,6516.60986328125,112467,0.0,0.0
2018-12-14 00:00:00+09:00,6543.725078902917,6561.80166751867,6308.729426898115,6353.9208984375,88992,0.0,0.0
2018-12-17 00:00:00+09:00,6290.652184078467,6353.920237653969,6137.001196823677,6191.23095703125,101714,0.0,0.0
2018-12-18 00:00:00+09:00,6091.810130824704,6236.422834227071,5983.350603272928,6109.88671875,95887,0.0,0.0
2018-12-19 00:00:00+09:00,6191.231291004034,6218.346172570475,6055.656883171829,6091.81005859375,116437,0.0,0.0
2018-12-20 00:00:00+09:00,6037.580349556269,6127.963288920883,5938.159116255192,5983.3505859375,126784,0.0,0.0
2018-12-21 00:00:00+09:00,5983.350450834117,6227.384381608318,5883.9292197779605,6010.46533203125,177336,0.0,0.0
2018-12-24 00:00:00+09:00,5965.274185180664,6001.427362060546,5766.431712341308,5784.50830078125,191761,0.0,0.0
2018-12-26 00:00:00+09:00,5694.125905797102,5730.279086151369,5486.2451187600645,5612.78125,170202,0.0,0.0
2018-12-27 00:00:00+09:00,5833.249457465277,5934.2978732638885,5778.1321397569445,5787.318359375,102145,100.0,0.0
2018-12-28 00:00:00+09:00,5888.366026141827,6026.1593028846155,5842.434933894231,5971.0419921875,65316,0.0,0.0
2019-01-02 00:00:00+09:00,6090.463694502668,6108.83613400343,5897.5530797446645,6026.16015625,63911,0.0,0.0
2019-01-03 00:00:00+09:00,5961.855840184232,6081.276681358954,5796.50390625,5796.50390625,67543,0.0,0.0
2019-01-04 00:00:00+09:00,5741.386952542435,5860.807801155318,5603.5936656814165,5851.62158203125,117894,0.0,0.0
2019-01-07 00:00:00+09:00,5934.2978732638885,6265.001779513889,5934.2978732638885,6200.6982421875,142460,0.0,0.0
2019-01-08 00:00:00+09:00,6255.815759607264,6310.933079075169,5971.042942356419,6118.0224609375,88677,0.0,0.0
2019-01-09 00:00:00+09:00,6191.512658514493,6384.423290307971,6081.278011775362,6338.4921875,141601,0.0,0.0
2019-01-10 00:00:00+09:00,6356.863843382893,6366.050062809746,6255.8154296875,6255.8154296875,47119,0.0,0.0
2019-01-11 00:00:00+09:00,6274.187684000412,6421.167190507011,6200.697930747113,6265.00146484375,100029,0.0,0.0
2019-01-14 00:00:00+09:00,6265.001887545621,6384.422744639599,6246.629447992701,6292.560546875,45271,0.0,0.0
2019-01-15 00:00:00+09:00,6310.932845610918,6503.843456612125,6301.746626039431,6421.16748046875,117868,0.0,0.0
2019-01-16 00:00:00+09:00,6494.657477301521,6494.657477301521,6347.677958720439,6457.91259765625,58105,0.0,0.0
2019-01-17 00:00:00+09:00,6494.657059333228,6494.657059333228,6347.677550211119,6356.86376953125,46795,0.0,0.0
2019-01-18 00:00:00+09:00,6411.980943353904,6715.126174200149,6356.863628654586,6558.96044921875,217916,0.0,0.0
2019-01-21 00:00:00+09:00,6577.33272132095,7266.299137660435,6577.33272132095,7201.99560546875,957932,0.0,0.0
2019-01-22 00:00:00+09:00,7247.927145397617,7257.11336484679,7018.271659168288,7082.5751953125,300063,0.0,0.0
2019-01-23 00:00:00+09:00,7073.388809334838,8138.990240351515,7055.016370869033,7505.14111328125,2781054,0.0,0.0
2019-01-24 00:00:00+09:00,7551.072321124924,7872.589999031704,7505.141224281099,7597.00341796875,846199,0.0,0.0
2019-01-25 00:00:00+09:00,7633.7484360585795,7679.679533748463,7440.83782576107,7468.396484375,278535,0.0,0.0
2019-01-28 00:00:00+09:00,7468.396603599501,7495.955262653374,7275.4859902223925,7486.76904296875,239077,0.0,0.0
2019-01-29 00:00:00+09:00,7422.465918092522,7505.141899853454,7247.927734375,7247.927734375,218205,0.0,0.0
2019-01-30 00:00:00+09:00,7312.231010065543,7541.886506612828,7275.486130617977,7358.162109375,181881,0.0,0.0
2019-01-31 00:00:00+09:00,7450.023953700763,7514.327489675985,7174.4373709498095,7229.5546875,177437,0.0,0.0
2019-02-01 00:00:00+09:00,7220.3687060485145,7339.789562509877,7091.761629859356,7266.2998046875,117638,0.0,0.0
2019-02-07 00:00:00+09:00,7348.975323932927,7532.69970703125,7165.250940834604,7532.69970703125,146215,0.0,0.0
2019-02-08 00:00:00+09:00,7532.700152958489,7532.700152958489,7367.348198381351,7413.279296875,101196,0.0,0.0
2019-02-11 00:00:00+09:00,7422.465341796875,7422.465341796875,7284.672049560547,7348.9755859375,82731,0.0,0.0
2019-02-12 00:00:00+09:00,7330.602722857199,7532.699539778075,7312.230284955302,7321.41650390625,155429,0.0,0.0
2019-02-13 00:00:00+09:00,7440.837446412455,7762.355113850031,7367.347693855295,7633.748046875,337846,0.0,0.0
2019-02-14 00:00:00+09:00,7633.748513249889,7808.286686236349,7551.072536572093,7780.72802734375,258966,0.0,0.0
2019-02-15 00:00:00+09:00,7780.72837340716,7780.72837340716,7495.955552184466,7569.4453125,192600,0.0,0.0
2019-02-18 00:00:00+09:00,7569.4442775106845,7661.306465344552,7459.209652110043,7523.51318359375,143089,0.0,0.0
2019-02-19 00:00:00+09:00,7551.072152574661,7569.444590902093,7431.651303446351,7459.2099609375,106398,0.0,0.0
2019-02-20 00:00:00+09:00,7523.5138016028595,7523.5138016028595,7413.2791671471405,7468.396484375,97094,0.0,0.0
2019-02-21 00:00:00+09:00,7468.3966935507615,7495.955352936558,7303.044737235984,7312.23095703125,137352,0.0,0.0
2019-02-22 00:00:00+09:00,7303.044206779234,7376.533959803427,7055.016290322581,7119.31982421875,238005,0.0,0.0
2019-02-25 00:00:00+09:00,7137.69287109375,7284.672389674832,7036.644452069257,7137.69287109375,135478,0.0,0.0
2019-02-26 00:00:00+09:00,7146.878302256267,7211.181834538778,7055.01611328125,7055.01611328125,95279,0.0,0.0
2019-02-27 00:00:00+09:00,7183.62412701231,7284.672548236269,7091.761925899621,7275.486328125,106766,0.0,0.0
2019-02-28 00:00:00+09:00,7587.817059795673,7845.031197415866,7165.2509765625,7165.2509765625,963070,0.0,0.0
2019-03-04 00:00:00+09:00,7348.975824004975,7587.817538285137,7321.417164664956,7385.720703125,235709,0.0,0.0
2019-03-05 00:00:00+09:00,7431.6518020250305,7532.700219605099,7275.486065764925,7385.720703125,124384,0.0,0.0
2019-03-06 00:00:00+09:00,7514.327750180635,8093.059594020953,7514.327750180635,7946.080078125,2129988,0.0,0.0
2019-03-07 00:00:00+09:00,7918.520896802108,7918.520896802108,7560.258350427071,7679.67919921875,615464,0.0,0.0
2019-03-08 00:00:00+09:00,7624.562618549054,7817.473239018367,7587.81773845966,7642.93505859375,246774,0.0,0.0
2019-03-11 00:00:00+09:00,7799.100346708579,7863.403883136094,7615.37595691568,7762.35546875,516874,0.0,0.0
2019-03-12 00:00:00+09:00,7835.8449976325755,7863.40365530303,7514.327324810606,7578.630859375,366430,0.0,0.0
2019-03-13 00:00:00+09:00,7762.35546875,8240.038882211538,7716.424371301775,7762.35546875,2458488,0.0,0.0
2019-03-14 00:00:00+09:00,7808.286576174209,7881.77633218526,7661.307064152106,7688.86572265625,375001,0.0,0.0
2019-03-15 00:00:00+09:00,7652.120563375539,7679.679220866687,7394.906426791487,7459.2099609375,479600,0.0,0.0
2019-03-18 00:00:00+09:00,7440.838297426919,7606.190259591961,7440.838297426919,7541.88671875,158006,0.0,0.0
2019-03-19 00:00:00+09:00,7587.817198599985,7762.355366606522,7477.582566174804,7597.00341796875,231534,0.0,0.0
2019-03-20 00:00:00+09:00,7679.679062002916,8846.328871661253,7652.120405081853,8662.6044921875,4862769,0.0,0.0
2019-03-21 00:00:00+09:00,8818.771114864865,9369.94430954392,8644.232936549832,8837.1435546875,4540042,0.0,0.0
2019-03-22 00:00:00+09:00,8910.633755387931,9369.944773706897,8782.026670258621,9324.013671875,2726774,0.0,0.0
2019-03-25 00:00:00+09:00,9140.288733756188,10012.979617883664,9121.916294090346,9278.08203125,3288706,0.0,0.0
2019-03-26 00:00:00+09:00,9507.738079202587,9645.531384698275,8947.37863685345,9324.013671875,1222219,0.0,0.0
2019-03-27 00:00:00+09:00,9415.874257064892,9875.185196433911,9232.149881317284,9599.5986328125,1774228,0.0,0.0
2019-03-28 00:00:00+09:00,9691.462035874736,9875.18643465909,8690.1640625,8690.1640625,1953494,0.0,0.0
2019-03-29 00:00:00+09:00,8699.349124733759,8791.21131190096,8295.155501198084,8625.859375,1110613,0.0,0.0
2019-04-01 00:00:00+09:00,8635.044634236612,8929.003600508497,8451.320280316684,8919.8173828125,962950,0.0,0.0
2019-04-02 00:00:00+09:00,8883.073499068158,8993.308123668798,8579.9282814164,8625.859375,645225,0.0,0.0
2019-04-03 00:00:00+09:00,8625.860522925475,8883.074681223574,8616.674302986257,8690.1640625,462637,0.0,0.0
2019-04-04 00:00:00+09:00,8726.908702809846,8919.819316240379,8644.232725625332,8653.4189453125,582716,0.0,0.0
2019-04-05 00:00:00+09:00,8736.095333199437,8883.074855103949,8671.791792366212,8754.4677734375,442181,0.0,0.0
2019-04-08 00:00:00+09:00,8791.212721011514,8846.330042146381,8644.233197985197,8726.9091796875,378341,0.0,0.0
2019-04-09 00:00:00+09:00,8873.8877441905,9131.10188170327,8782.025552221656,8993.30859375,1001860,0.0,0.0
2019-04-10 00:00:00+09:00,8993.308739673132,9002.49495901907,8671.791062565308,8791.2119140625,570296,0.0,0.0
2019-04-11 00:00:00+09:00,8837.144025853737,8974.937331870167,8754.46804224388,8910.6337890625,460004,0.0,0.0
2019-04-12 00:00:00+09:00,8910.632011974447,9415.874033271966,8873.887137698262,9121.9150390625,1211085,0.0,0.0
2019-04-15 00:00:00+09:00,9186.219196884576,9324.012484837845,8993.30859375,8993.30859375,439401,0.0,0.0
2019-04-16 00:00:00+09:00,9094.357634591584,9324.013130414603,9066.798975092823,9278.08203125,693477,0.0,0.0
2019-04-17 00:00:00+09:00,9369.944229579209,9415.875328743812,9167.847393254951,9278.08203125,372522,0.0,0.0
2019-04-18 00:00:00+09:00,9278.082110430743,9369.94430954392,8837.1435546875,8837.1435546875,693104,0.0,0.0
2019-04-19 00:00:00+09:00,8864.703519227074,9278.083476082224,8846.331076700179,8965.751953125,484645,0.0,0.0
2019-04-22 00:00:00+09:00,8919.820010502457,9140.289300154423,8644.2333984375,8644.2333984375,511351,0.0,0.0
2019-04-23 00:00:00+09:00,8680.977627649163,8699.350067072759,8350.273718024433,8506.439453125,298184,0.0,0.0
2019-04-24 00:00:00+09:00,8579.929210819384,8625.860309378375,8423.763475718817,8506.439453125,180710,0.0,0.0
2019-04-25 00:00:00+09:00,8515.626141660912,8579.929683183702,8295.156856439917,8313.529296875,261236,0.0,0.0
2019-04-26 00:00:00+09:00,8276.783380584044,8396.204228472605,8138.990094558782,8341.0869140625,178875,0.0,0.0
2019-04-29 00:00:00+09:00,8387.01836085785,8497.252994297383,8304.3423857782,8469.6943359375,140183,0.0,0.0
2019-04-30 00:00:00+09:00,8515.627451107202,8543.186115997516,8313.530575244895,8322.716796875,134868,0.0,0.0
2019-05-02 00:00:00+09:00,8341.087370909336,8625.860177625402,8295.156273051905,8561.556640625,234911,0.0,0.0
2019-05-03 00:00:00+09:00,8543.184770714577,8644.233192733782,8423.763908328245,8460.5087890625,155644,0.0,0.0
2019-05-07 00:00:00+09:00,8267.597769147398,8359.45996658237,7936.8938583815025,7946.080078125,414030,0.0,0.0
2019-05-08 00:00:00+09:00,7835.845518447197,8047.128574630416,7743.983320106667,7845.03173828125,195003,0.0,0.0
2019-05-09 00:00:00+09:00,7845.030783527838,7982.82406426896,7404.09228515625,7404.09228515625,409026,0.0,0.0
2019-05-10 00:00:00+09:00,7413.280013602121,7753.170175316221,7413.280013602121,7716.42529296875,258796,0.0,0.0
2019-05-13 00:00:00+09:00,7762.355171459143,7946.079554215572,7670.492980080928,7679.67919921875,189975,0.0,0.0
2019-05-14 00:00:00+09:00,7505.1423640091225,7826.6600907414595,7303.045507205939,7394.90771484375,333295,0.0,0.0
2019-05-15 00:00:00+09:00,7523.514082436743,7964.45263671875,7468.3967631514915,7964.45263671875,327695,0.0,0.0
2019-05-16 00:00:00+09:00,8083.8731508875735,8138.990467825443,7716.424371301775,7762.35546875,304114,0.0,0.0
2019-05-17 00:00:00+09:00,7927.707850618182,8074.687370444243,7762.355890813863,7789.91455078125,205209,0.0,0.0
2019-05-20 00:00:00+09:00,7808.286209198255,8056.314124078671,7532.699637108905,7633.748046875,196545,0.0,0.0
2019-05-21 00:00:00+09:00,7597.003290183261,7826.658770539466,7597.003290183261,7652.12060546875,117204,0.0,0.0
2019-05-22 00:00:00+09:00,7698.051693946938,7835.844982024747,7670.493036331376,7725.6103515625,118920,0.0,0.0
2019-05-23 00:00:00+09:00,7698.052545090663,7762.356086636767,7376.534837360146,7440.83837890625,182095,0.0,0.0
2019-05-24 00:00:00+09:00,7348.975889513109,7495.9554073033705,7303.044790203652,7358.162109375,174904,0.0,0.0
2019-05-27 00:00:00+09:00,7348.975530660377,7450.023944206958,7201.99602004717,7303.04443359375,154501,0.0,0.0
2019-05-28 00:00:00+09:00,7303.044275327318,7679.679263111494,7275.485617684573,7652.12060546875,207729,0.0,0.0
2019-05-29 00:00:00+09:00,7624.561729287563,7652.12038614041,7257.112971249609,7321.41650390625,228472,0.0,0.0
2019-05-30 00:00:00+09:00,7367.347798978366,7404.09267578125,7119.3198805588945,7165.2509765625,182773,0.0,0.0
2019-05-31 00:00:00+09:00,7211.18266972409,7358.162189107002,7100.948030186906,7257.11376953125,97489,0.0,0.0
2019-06-03 00:00:00+09:00,7174.437195763221,7257.113168569712,7119.3198805588945,7165.2509765625,92418,0.0,0.0
2019-06-04 00:00:00+09:00,7174.438073226299,7394.907361007901,7174.438073226299,7339.7900390625,111242,0.0,0.0
2019-06-05 00:00:00+09:00,7431.651303446351,7569.444590902093,7348.975330972906,7459.2099609375,107325,0.0,0.0
2019-06-07 00:00:00+09:00,7532.69970703125,7587.817021960747,7385.720200552591,7532.69970703125,105452,0.0,0.0
2019-06-10 00:00:00+09:00,7615.376041587848,7624.562261179631,7495.955186894673,7587.8173828125,77037,0.0,0.0
2019-06-11 00:00:00+09:00,7532.7005055147065,8010.383952205882,7532.7005055147065,7808.287109375,285505,0.0,0.0
2019-06-12 00:00:00+09:00,7817.473171430576,7854.218051202283,7624.562552629117,7670.49365234375,121823,0.0,0.0
2019-06-13 00:00:00+09:00,7661.30712890625,7808.2866421706385,7606.189811432105,7661.30712890625,152388,0.0,0.0
2019-06-14 00:00:00+09:00,7661.306832386364,7826.658778409091,7450.023790246212,7578.630859375,145367,0.0,0.0
2019-06-17 00:00:00+09:00,7615.3761302470575,7642.934789343247,7413.279296875,7413.279296875,94180,0.0,0.0
2019-06-18 00:00:00+09:00,7404.092709459982,7569.444655825093,7385.720270974969,7431.6513671875,95981,0.0,0.0
2019-06-19 00:00:00+09:00,7477.58286510228,7725.610797974223,7385.720667742301,7606.18994140625,195245,0.0,0.0
2019-06-20 00:00:00+09:00,7716.4245008939215,7909.335113416269,7661.307183030393,7707.23828125,291406,0.0,0.0
2019-06-21 00:00:00+09:00,7725.61030928449,7753.168966749238,7523.513487876334,7532.69970703125,123316,0.0,0.0
2019-06-24 00:00:00+09:00,7578.630851754764,7670.493043897246,7532.699755683523,7652.12060546875,86291,0.0,0.0
2019-06-25 00:00:00+09:00,7707.238050393931,7771.5415859752875,7477.582566174804,7597.00341796875,195059,0.0,0.0
2019-06-26 00:00:00+09:00,7578.631599231121,7652.121360193362,7477.583177908039,7541.88671875,81910,0.0,0.0
2019-06-27 00:00:00+09:00,7532.699770979958,7615.375744076079,7440.837578650934,7505.14111328125,81598,0.0,0.0
2019-06-28 00:00:00+09:00,7514.328661338092,7624.563311626671,7367.3491276199875,7560.259765625,112215,0.0,0.0
2019-07-01 00:00:00+09:00,7560.258724037151,7679.679578730326,7486.76896730289,7587.8173828125,90994,0.0,0.0
2019-07-02 00:00:00+09:00,7670.492616952184,7771.541022684488,7606.189086031626,7624.5615234375,111357,0.0,0.0
2019-07-03 00:00:00+09:00,7716.424833131067,7762.3559333282765,7569.4453125,7569.4453125,158961,0.0,0.0
2019-07-04 00:00:00+09:00,7679.679884168837,8056.314902411567,7679.679884168837,7936.89404296875,809301,0.0,0.0
2019-07-05 00:00:00+09:00,7936.894254278728,7973.639135085575,7514.328125,7514.328125,481447,0.0,0.0
2019-07-08 00:00:00+09:00,7450.023795960442,7514.327330574157,6944.78173828125,6944.78173828125,464070,0.0,0.0
2019-07-09 00:00:00+09:00,6880.477808499623,7992.01027155497,6825.360496282003,7624.5615234375,1359636,0.0,0.0
2019-07-10 00:00:00+09:00,7615.375950927734,7753.169243164062,7257.113391113281,7348.9755859375,491641,0.0,0.0
2019-07-11 00:00:00+09:00,7413.279066553656,7468.396383033609,7284.671994767099,7303.04443359375,180999,0.0,0.0
2019-07-12 00:00:00+09:00,7376.5344833449935,7477.582900925062,7312.23094488495,7385.720703125,121371,0.0,0.0
2019-07-15 00:00:00+09:00,7495.95511312724,7762.355478667301,7422.465357116189,7688.86572265625,456730,0.0,0.0
2019-07-16 00:00:00+09:00,7780.72852008419,8047.12890625,7468.397032855309,8047.12890625,1038219,0.0,0.0
2019-07-17 00:00:00+09:00,8175.735018018266,8175.735018018266,7734.796500192562,7826.65869140625,768791,0.0,0.0
2019-07-18 00:00:00+09:00,7881.77697356468,8019.570277298328,7780.728550826671,7900.1494140625,381725,0.0,0.0
2019-07-19 00:00:00+09:00,8047.128283210125,8102.245600218414,7670.493283653487,7688.86572265625,427405,0.0,0.0
2019-07-22 00:00:00+09:00,7780.7272812500005,8047.127625,7688.865093750001,8037.94140625,471309,0.0,0.0
2019-07-23 00:00:00+09:00,8074.687370444243,8111.432250400759,7780.728330792121,7789.91455078125,464482,0.0,0.0
2019-07-24 00:00:00+09:00,7872.590112683879,7955.266088196311,7661.307064152106,7688.86572265625,300807,0.0,0.0
2019-07-25 00:00:00+09:00,7707.238702842005,7854.2182251846425,7551.072960352954,7734.79736328125,210040,0.0,0.0
2019-07-26 00:00:00+09:00,7734.796974453604,7835.84539098447,7376.534406753259,7486.76904296875,344817,0.0,0.0
2019-07-29 00:00:00+09:00,8203.29417836944,8267.59771616181,7450.024164230253,7486.76904296875,1201209,0.0,0.0
2019-07-30 00:00:00+09:00,7422.465171579492,7854.217477352061,7413.278952307735,7771.54150390625,542106,0.0,0.0
2019-07-31 00:00:00+09:00,7863.404970760234,8010.384502923977,7661.308114035088,7854.21875,794624,0.0,0.0
2019-08-01 00:00:00+09:00,7753.169379469607,7845.03157590882,7615.376084810787,7707.23828125,396325,0.0,0.0
2019-08-02 00:00:00+09:00,7707.238969618561,8037.942906336401,7569.445662652794,7890.96337890625,563927,0.0,0.0
2019-08-05 00:00:00+09:00,7955.267181434394,8157.364038237577,7385.721494079969,7394.90771484375,803488,0.0,0.0
2019-08-06 00:00:00+09:00,7027.458065059268,7367.348193696121,6568.147080414871,6660.00927734375,903742,0.0,0.0
2019-08-07 00:00:00+09:00,6687.567816390042,6963.1544022302905,6494.6572063018675,6641.63671875,636470,0.0,0.0
2019-08-08 00:00:00+09:00,6981.5268204499325,7055.016576454669,6687.567796430988,6788.6162109375,533994,0.0,0.0
2019-08-09 00:00:00+09:00,6871.292186442828,6898.850844944604,6751.871332935132,6788.6162109375,257357,0.0,0.0
2019-08-12 00:00:00+09:00,6788.616383734082,6880.478581078251,6705.94040612433,6852.919921875,150682,0.0,0.0
2019-08-13 00:00:00+09:00,6770.244061638327,6981.527119192848,6733.499182063628,6871.29248046875,174549,0.0,0.0
2019-08-14 00:00:00+09:00,6953.967817320123,7009.085131592145,6329.304922237206,6439.53955078125,577873,0.0,0.0
2019-08-16 00:00:00+09:00,6384.422427491646,6485.470840013096,6274.187795650063,6356.86376953125,232207,0.0,0.0
2019-08-19 00:00:00+09:00,6356.8640732097765,6494.657369594381,6338.491633691829,6366.05029296875,140952,0.0,0.0
2019-08-20 00:00:00+09:00,6338.491840977822,6568.147342462526,6338.491840977822,6549.77490234375,183121,0.0,0.0
2019-08-21 00:00:00+09:00,6623.264410085425,6632.450629794282,6513.029773579149,6586.51953125,130057,0.0,0.0
2019-08-22 00:00:00+09:00,6604.891682477679,6604.891682477679,6421.167296316965,6430.353515625,166276,0.0,0.0
2019-08-23 00:00:00+09:00,6494.657237040638,6513.029676183611,6356.863943468348,6421.16748046875,123436,0.0,0.0
2019-08-26 00:00:00+09:00,6274.188841293798,6338.492387251421,6035.347099165483,6062.90576171875,270606,0.0,0.0
2019-08-27 00:00:00+09:00,6191.512259526878,6283.374459223122,6118.0224997698815,6237.443359375,118233,0.0,0.0
2019-08-28 00:00:00+09:00,6338.4915799872815,6577.3332916969475,6228.25694381359,6320.119140625,199232,0.0,0.0
2019-08-29 00:00:00+09:00,6366.050492136103,6384.4229322288475,6182.326091208653,6283.37451171875,89337,0.0,0.0
2019-08-30 00:00:00+09:00,6347.677958720439,6503.843697212838,6347.677958720439,6457.91259765625,152223,0.0,0.0
2019-09-02 00:00:00+09:00,6402.795381393539,6568.147342462526,6402.795381393539,6549.77490234375,106924,0.0,0.0
2019-09-03 00:00:00+09:00,6503.843671223053,6770.244047586709,6503.843671223053,6604.89208984375,186765,0.0,0.0
2019-09-04 00:00:00+09:00,6604.891712748628,6724.312564300412,6604.891712748628,6696.75390625,109959,0.0,0.0
2019-09-05 00:00:00+09:00,6733.499260621607,6825.361460630088,6705.940600619064,6770.244140625,137756,0.0,0.0
2019-09-06 00:00:00+09:00,6843.733481835399,6843.733481835399,6669.1953125,6669.1953125,87663,0.0,0.0
2019-09-09 00:00:00+09:00,6678.3818488406205,6788.616487335927,6595.7058699691415,6604.89208984375,83551,0.0,0.0
2019-09-10 00:00:00+09:00,6779.429945764463,7055.01652892562,6660.009093061295,6669.1953125,506717,0.0,0.0
2019-09-11 00:00:00+09:00,6724.312564300412,6761.05744170096,6660.009028849452,6696.75390625,83545,0.0,0.0
2019-09-16 00:00:00+09:00,6696.754250609859,6880.478647060061,6650.823151497309,6825.361328125,99552,0.0,0.0
2019-09-17 00:00:00+09:00,6935.595392342314,7165.25086890994,6917.222954216904,6999.89892578125,391357,0.0,0.0
2019-09-18 00:00:00+09:00,7027.457743456409,7284.6718830861855,7018.271524183917,7211.18212890625,216505,0.0,0.0
2019-09-19 00:00:00+09:00,7192.809690361266,7303.04432163117,7082.575059091361,7211.18212890625,149418,0.0,0.0
2019-09-20 00:00:00+09:00,7247.927406424907,7413.2793624650185,7165.25142840485,7385.720703125,197693,0.0,0.0
2019-09-23 00:00:00+09:00,7385.720343338816,7440.837659333882,7257.113272683662,7330.60302734375,101278,0.0,0.0
2019-09-24 00:00:00+09:00,7275.486169763514,7541.886547191723,7266.299949852197,7477.5830078125,117727,0.0,0.0
2019-09-25 00:00:00+09:00,7367.347472612469,7505.140754519186,7348.975035024907,7376.53369140625,106576,0.0,0.0
2019-09-26 00:00:00+09:00,7348.975035024907,7505.140754519186,7330.602597437344,7376.53369140625,89675,0.0,0.0
2019-09-27 00:00:00+09:00,7367.349052552407,7486.769922481561,7348.976611024845,7394.90771484375,85793,0.0,0.0
2019-09-30 00:00:00+09:00,7468.396439208984,7468.396439208984,7211.182293701171,7348.9755859375,75426,0.0,0.0
2019-10-01 00:00:00+09:00,7275.486077850188,7477.5829133460265,7275.486077850188,7312.23095703125,71180,0.0,0.0
2019-10-02 00:00:00+09:00,7137.693092027091,7367.348596918568,7137.693092027091,7247.927734375,67873,0.0,0.0
2019-10-04 00:00:00+09:00,7247.927201418533,7358.16183566064,7128.50634765625,7128.50634765625,60328,0.0,0.0
2019-10-07 00:00:00+09:00,7156.065048381846,7211.182365827663,6797.8024849840385,6834.54736328125,198925,0.0,0.0
2019-10-08 00:00:00+09:00,6742.6843830621665,7073.388249261401,6742.6843830621665,6898.85009765625,80977,0.0,0.0
2019-10-10 00:00:00+09:00,6926.409839284247,7045.830698582252,6908.037399392247,6990.71337890625,63442,0.0,0.0
2019-10-11 00:00:00+09:00,7027.457953202097,7064.202831388774,6944.781977282072,6981.52685546875,51048,0.0,0.0
2019-10-14 00:00:00+09:00,6981.527211161881,7045.830751264687,6944.782331103133,7036.64453125,54694,0.0,0.0
2019-10-15 00:00:00+09:00,6999.900300927798,7100.94873046875,6990.714080060438,7100.94873046875,62754,0.0,0.0
2019-10-16 00:00:00+09:00,7165.251280409731,7220.368597951344,7100.9477432778485,7174.4375,56943,0.0,0.0
2019-10-17 00:00:00+09:00,7192.809209657428,7201.995428315995,6981.526180510403,7064.2021484375,67014,0.0,0.0
2019-10-18 00:00:00+09:00,7073.388985450115,7137.69252168148,6990.713010295503,7009.08544921875,62187,0.0,0.0
2019-10-21 00:00:00+09:00,7036.644107603621,7128.5063022198565,6999.899229757127,7009.08544921875,66773,0.0,0.0
2019-10-22 00:00:00+09:00,7082.5755921626,7082.5755921626,6889.664972920817,6917.2236328125,97686,0.0,0.0
2019-10-23 00:00:00+09:00,6926.4098527763945,6944.782292704183,6779.430333354084,6917.2236328125,116527,0.0,0.0
2019-10-24 00:00:00+09:00,6880.478461152764,6944.781998172883,6779.430045835434,6834.54736328125,60053,0.0,0.0
2019-10-25 00:00:00+09:00,6788.6161464475235,6852.919682340802,6788.6161464475235,6816.1748046875,43495,0.0,0.0
2019-10-28 00:00:00+09:00,6816.174978095794,6908.037174566088,6806.988758448765,6880.478515625,67682,0.0,0.0
2019-10-29 00:00:00+09:00,6935.59642686203,7055.017292490118,6898.851545130311,6972.34130859375,123107,0.0,0.0
2019-10-30 00:00:00+09:00,7009.085489296554,7009.085489296554,6696.7540258154495,6715.12646484375,136452,0.0,0.0
2019-10-31 00:00:00+09:00,6733.49853515625,6806.988287245268,6715.126097133995,6733.49853515625,71933,0.0,0.0
2019-11-01 00:00:00+09:00,6715.126755173143,6825.361394108953,6696.754315350507,6797.802734375,66613,0.0,0.0
2019-11-04 00:00:00+09:00,6880.478203667535,6981.526615203374,6852.919545975943,6944.78173828125,75778,0.0,0.0
2019-11-05 00:00:00+09:00,6944.782529722589,6990.713631109644,6871.2927675033025,6953.96875,56699,0.0,0.0
2019-11-06 00:00:00+09:00,6953.96886772789,6999.899969892539,6926.4102064291,6972.34130859375,67052,0.0,0.0
2019-11-07 00:00:00+09:00,6981.526810366466,7009.085468828439,6852.919737543926,6862.10595703125,37565,0.0,0.0
2019-11-08 00:00:00+09:00,6898.8507143980705,6944.781811031879,6816.174740457215,6843.7333984375,31660,0.0,0.0
2019-11-11 00:00:00+09:00,6926.409559024278,6926.409559024278,6687.567850092406,6834.54736328125,61566,0.0,0.0
2019-11-12 00:00:00+09:00,6761.057841744652,6871.29248046875,6751.871621850978,6871.29248046875,46552,0.0,0.0
2019-11-13 00:00:00+09:00,6889.664559994104,6889.664559994104,6751.871268794222,6816.1748046875,31109,0.0,0.0
2019-11-14 00:00:00+09:00,6834.547482406167,6963.154558688003,6816.175042937332,6852.919921875,80766,0.0,0.0
2019-11-15 00:00:00+09:00,6843.733582855552,6889.664680727066,6788.616265409736,6834.54736328125,70938,0.0,0.0
2019-11-18 00:00:00+09:00,6889.664258345412,6889.664258345412,6696.753659111741,6733.49853515625,89464,0.0,0.0
2019-11-19 00:00:00+09:00,6715.126755173143,6770.2440746410475,6430.3539379222975,6457.91259765625,229419,0.0,0.0
2019-11-20 00:00:00+09:00,6439.540613677536,6549.775260416666,6329.305966938406,6338.4921875,125737,0.0,0.0
2019-11-21 00:00:00+09:00,6283.374351877802,6384.422769817357,6127.208615062126,6145.5810546875,155969,0.0,0.0
2019-11-22 00:00:00+09:00,6191.512153750934,6246.629472627055,6099.649955624065,6145.5810546875,79824,0.0,0.0
2019-11-25 00:00:00+09:00,6145.580796565253,6274.1878685412075,6145.580796565253,6255.8154296875,57349,0.0,0.0
2019-11-26 00:00:00+09:00,6237.443411486888,6320.11939190424,6209.88475134777,6283.37451171875,44714,0.0,0.0
2019-11-27 00:00:00+09:00,6274.188239253497,6320.1193391016195,6209.884699466126,6237.443359375,37889,0.0,0.0
2019-11-28 00:00:00+09:00,6228.25678079727,6283.374097441493,6173.139464153046,6182.32568359375,52433,0.0,0.0
2019-11-29 00:00:00+09:00,6108.836441388414,6246.629744577626,5989.415578624429,6035.3466796875,109028,0.0,0.0
2019-12-02 00:00:00+09:00,6035.3466796875,6090.464000963185,6007.788019049658,6035.3466796875,54109,0.0,0.0
2019-12-03 00:00:00+09:00,5998.601798837044,6044.532899900114,5925.11203713613,6035.3466796875,39132,0.0,0.0
2019-12-04 00:00:00+09:00,6035.345581613788,6108.835329943941,5980.228270366174,6016.97314453125,55274,0.0,0.0
2019-12-05 00:00:00+09:00,5989.414429086539,6062.904176682692,5915.9246814903845,5971.0419921875,88736,0.0,0.0
2019-12-06 00:00:00+09:00,5943.484890654593,6118.023086825284,5943.484890654593,6062.90576171875,40542,0.0,0.0
2019-12-09 00:00:00+09:00,6072.091545024671,6200.6986276726975,5971.043122944079,6108.83642578125,47797,0.0,0.0
2019-12-10 00:00:00+09:00,6081.277765213816,6154.767526726974,6062.905324835527,6108.83642578125,33912,0.0,0.0
2019-12-11 00:00:00+09:00,6173.139539274925,6173.139539274925,6044.53246554003,6081.27734375,31089,0.0,0.0
2019-12-12 00:00:00+09:00,6062.905000574448,6283.37427332261,6062.905000574448,6246.62939453125,58810,0.0,0.0
2019-12-13 00:00:00+09:00,6246.629447992701,6329.30542598084,6246.629447992701,6292.560546875,41544,0.0,0.0
2019-12-16 00:00:00+09:00,6283.373903157075,6329.304998940386,6265.00146484375,6265.00146484375,41030,0.0,0.0
2019-12-17 00:00:00+09:00,6265.001630873386,6421.167360675215,6255.815411473278,6402.794921875,81380,0.0,0.0
2019-12-18 00:00:00+09:00,6430.354393115942,6439.540613677536,6329.305966938406,6338.4921875,40302,0.0,0.0
2019-12-19 00:00:00+09:00,6310.93310546875,6402.795304966112,6301.746885519014,6310.93310546875,32321,0.0,0.0
2019-12-20 00:00:00+09:00,6347.677641207129,6614.078005309889,6283.374105044394,6595.70556640625,153638,0.0,0.0
2019-12-23 00:00:00+09:00,6696.75436970339,6696.75436970339,6494.657530014125,6503.84375,64748,0.0,0.0
2019-12-24 00:00:00+09:00,6476.284930076434,6558.960907907197,6338.491633691829,6366.05029296875,94320,0.0,0.0
2019-12-26 00:00:00+09:00,6366.050580929487,6522.216323896012,6366.050580929487,6448.7265625,58043,0.0,0.0
2019-12-27 00:00:00+09:00,6532.597178241146,6737.614493392794,6532.597178241146,6644.4248046875,56376,100.0,0.0
2019-12-30 00:00:00+09:00,6597.830078125,6663.062861383299,6551.235232940502,6597.830078125,37512,0.0,0.0
2020-01-02 00:00:00+09:00,6597.829705836593,6635.105579880868,6513.958989236976,6551.23486328125,96069,0.0,0.0
2020-01-03 00:00:00+09:00,6560.554088214783,6681.70068359375,6560.554088214783,6681.70068359375,75537,0.0,0.0
2020-01-06 00:00:00+09:00,6607.1489152730455,6644.42479067656,6430.0885071063485,6495.3212890625,87111,0.0,0.0
2020-01-07 00:00:00+09:00,6495.321292545247,6579.192012248128,6476.683354833496,6532.59716796875,32258,0.0,0.0
2020-01-08 00:00:00+09:00,6513.95907474347,6513.95907474347,6178.476203941232,6243.708984375,163105,0.0,0.0
2020-01-09 00:00:00+09:00,6383.4936593896555,6523.27819207702,6327.579846314709,6458.04541015625,94701,0.0,0.0
2020-01-10 00:00:00+09:00,6467.363672151255,6616.4671573881715,6430.087800842026,6588.51025390625,75713,0.0,0.0
2020-01-13 00:00:00+09:00,6588.51074699477,6644.42455814324,6569.872809945279,6625.78662109375,57528,0.0,0.0
2020-01-14 00:00:00+09:00,6653.743278385049,6663.062246562059,6579.19153296897,6607.1484375,49839,0.0,0.0
2020-01-15 00:00:00+09:00,6607.148684044259,6635.105589618495,6569.872809945279,6625.78662109375,75517,0.0,0.0
2020-01-16 00:00:00+09:00,6625.786505843008,6681.700316018899,6588.510632392415,6672.38134765625,55850,0.0,0.0
2020-01-17 00:00:00+09:00,6681.700441830016,6746.933221596836,6663.0625047537815,6700.33837890625,51455,0.0,0.0
2020-01-20 00:00:00+09:00,6728.295658321172,6896.037101326408,6700.338751153632,6784.20947265625,133281,0.0,0.0
2020-01-21 00:00:00+09:00,6840.123022117078,6840.123022117078,6607.148804742518,6616.4677734375,109570,0.0,0.0
2020-01-22 00:00:00+09:00,6607.148330730981,6728.294915074426,6588.510394678143,6691.01904296875,77326,0.0,0.0
2020-01-23 00:00:00+09:00,6653.74401906687,6746.933711210664,6644.425049852491,6663.06298828125,63088,0.0,0.0
2020-01-28 00:00:00+09:00,6458.045403028057,6607.14890439667,6318.260870494982,6383.49365234375,184197,0.0,0.0
2020-01-29 00:00:00+09:00,6383.494018910578,6504.6406207293185,6364.856080169233,6392.81298828125,51744,0.0,0.0
2020-01-30 00:00:00+09:00,6420.769513003316,6504.640232331371,6234.39013671875,6234.39013671875,114342,0.0,0.0
2020-01-31 00:00:00+09:00,6215.751554987981,6327.579169170673,5964.139423076923,6057.3291015625,119780,0.0,0.0
2020-02-03 00:00:00+09:00,5926.864379306102,6010.735101654774,5787.079842058317,5917.54541015625,118495,0.0,0.0
2020-02-04 00:00:00+09:00,5787.079292343048,6234.3897690458925,5777.760324078406,6225.07080078125,193685,0.0,0.0
2020-02-05 00:00:00+09:00,6234.389774867467,6327.579457600912,6197.113901774089,6262.3466796875,55388,0.0,0.0
2020-02-06 00:00:00+09:00,6299.622213882823,6439.4067304630635,6253.027375022743,6402.130859375,66882,0.0,0.0
2020-02-07 00:00:00+09:00,6448.726437772134,6467.364375453556,6346.217780524311,6420.76953125,42351,0.0,0.0
2020-02-10 00:00:00+09:00,6364.854988286936,6458.044666007096,6355.53602051492,6402.130859375,26091,0.0,0.0
2020-02-11 00:00:00+09:00,6430.088627256196,6513.959348481277,6402.131720181169,6486.00244140625,46759,0.0,0.0
2020-02-12 00:00:00+09:00,6486.001958705357,6541.915768694196,6420.769180385045,6523.27783203125,40875,0.0,0.0
2020-02-13 00:00:00+09:00,6523.27782074151,6551.234725687545,6430.08813758806,6448.72607421875,54116,0.0,0.0
2020-02-14 00:00:00+09:00,6448.725978490832,6616.46740567701,6402.131137605783,6607.1484375,104402,0.0,0.0
2020-02-17 00:00:00+09:00,6616.468131744605,6644.425039343525,6467.36462455036,6476.68359375,97274,0.0,0.0
2020-02-18 00:00:00+09:00,6476.682979164785,6513.958852426165,6402.131232642025,6448.72607421875,42738,0.0,0.0
2020-02-19 00:00:00+09:00,6430.08886576394,6513.959590099991,6290.304325203854,6392.81298828125,51460,0.0,0.0
2020-02-20 00:00:00+09:00,6392.811891602983,6486.0015693231435,6336.898084970888,6402.130859375,45160,0.0,0.0
2020-02-21 00:00:00+09:00,6346.217506097992,6392.81234828667,6178.47607421875,6178.47607421875,80401,0.0,0.0
2020-02-24 00:00:00+09:00,6010.734223865327,6150.5187406994055,5870.94970703125,5870.94970703125,134554,0.0,0.0
2020-02-25 00:00:00+09:00,5824.355602264404,5964.14013671875,5796.398695373535,5964.14013671875,75349,0.0,0.0
2020-02-26 00:00:00+09:00,5842.993298760775,5964.139890282131,5842.993298760775,5945.501953125,49545,0.0,0.0
2020-02-27 00:00:00+09:00,5917.545523876476,5973.459339850112,5665.933351995114,5721.84716796875,121687,0.0,0.0
2020-02-28 00:00:00+09:00,5582.062482042195,5684.571141979532,5311.812378571038,5321.13134765625,244841,0.0,0.0
2020-03-02 00:00:00+09:00,5293.174447898799,5460.91589167024,5274.536509701972,5432.958984375,88991,0.0,0.0
2020-03-03 00:00:00+09:00,5498.19189453125,5693.890250099312,5479.553955905721,5498.19189453125,82858,0.0,0.0
2020-03-04 00:00:00+09:00,5414.320576746323,5619.337879136029,5414.320576746323,5544.7861328125,46815,0.0,0.0
2020-03-05 00:00:00+09:00,5600.700329272778,5833.674552620231,5591.38136033888,5740.48486328125,108411,0.0,0.0
2020-03-06 00:00:00+09:00,5740.484878636006,5936.183226771325,5731.165909677182,5926.8642578125,171473,0.0,0.0
2020-03-09 00:00:00+09:00,5926.8642578125,5926.8642578125,5926.8642578125,5926.8642578125,0,0.0,0.0
2020-03-10 00:00:00+09:00,5544.78638704158,5656.614011654184,5423.639793711261,5637.97607421875,72621,0.0,0.0
2020-03-11 00:00:00+09:00,5610.019397244854,5665.933211835334,5386.364138882933,5432.958984375,80359,0.0,0.0
2020-03-12 00:00:00+09:00,5432.958984375,5432.958984375,5432.958984375,5432.958984375,0,0.0,0.0
2020-03-13 00:00:00+09:00,4473.104689099284,4612.889210633636,4072.389060700806,4552.31591796875,341058,0.0,0.0
2020-03-16 00:00:00+09:00,4552.316843646065,4743.355728589246,4202.85546875,4202.85546875,131665,0.0,0.0
2020-03-17 00:00:00+09:00,3755.5444696413592,4286.725697357383,3750.88498518771,4165.5791015625,205496,0.0,0.0
2020-03-18 00:00:00+09:00,4198.194976876795,4286.725170617816,3867.371621318247,4053.7509765625,116223,0.0,0.0
2020-03-19 00:00:00+09:00,4053.7514523058576,4118.984234296986,3182.427864281495,3266.298583984375,281242,0.0,0.0
2020-03-20 00:00:00+09:00,3284.9363250137153,3606.4407312916533,3280.2768408647594,3583.143310546875,157921,0.0,0.0
2020-03-23 00:00:00+09:00,3187.086950683594,3354.828369140625,3112.5352091471354,3354.828369140625,198447,0.0,0.0
2020-03-24 00:00:00+09:00,3466.6565634025997,3680.9928563011476,3261.6392397605105,3629.738525390625,94387,0.0,0.0
2020-03-25 00:00:00+09:00,3727.587414253049,3941.9236905725993,3704.2899929139676,3820.777099609375,122598,0.0,0.0
2020-03-26 00:00:00+09:00,3820.7769253910947,4035.1131919374247,3732.24672833935,3872.03125,127810,0.0,0.0
2020-03-27 00:00:00+09:00,3988.518917678357,4100.346550884293,3778.8421054172286,3886.01025390625,121348,0.0,0.0
2020-03-30 00:00:00+09:00,3722.927888796102,3993.1779733394987,3704.28995193104,3955.902099609375,94022,0.0,0.0
2020-03-31 00:00:00+09:00,4007.156922295604,4170.238890063449,3913.9672264282644,4067.730224609375,149871,0.0,0.0
2020-04-01 00:00:00+09:00,4067.7302856445312,4282.066589355469,3979.2000732421875,4100.3466796875,146255,0.0,0.0
2020-04-02 00:00:00+09:00,4025.794564757336,4184.217036055657,3895.329000158719,4128.30322265625,121049,0.0,0.0
2020-04-03 00:00:00+09:00,4212.174557348527,4300.7047748149225,4146.941765531182,4268.08837890625,98952,0.0,0.0
2020-04-06 00:00:00+09:00,4300.704051389533,4426.510128732455,4216.833333160918,4398.55322265625,108523,0.0,0.0
2020-04-07 00:00:00+09:00,4487.084042080966,4612.89013671875,4333.321037523674,4612.89013671875,204879,0.0,0.0
2020-04-08 00:00:00+09:00,4608.230291193182,4761.993283720355,4501.062144886363,4715.3984375,160031,0.0,0.0
2020-04-09 00:00:00+09:00,4761.992907739209,4827.22568729728,4622.208380114771,4668.80322265625,113301,0.0,0.0
2020-04-10 00:00:00+09:00,4687.440962087563,4752.673738895939,4515.040051951142,4589.591796875,135296,0.0,0.0
2020-04-13 00:00:00+09:00,4570.953710426211,4594.25112994928,4435.828677192409,4449.80712890625,120742,0.0,0.0
2020-04-14 00:00:00+09:00,4496.402533195169,4589.5922230023225,4482.424079724096,4575.61376953125,76550,0.0,0.0
2020-04-16 00:00:00+09:00,4570.954053319143,4687.441159672842,4459.126431219592,4668.80322265625,91902,0.0,0.0
2020-04-17 00:00:00+09:00,4752.674441053862,4883.140013945537,4734.036502069338,4855.18310546875,129232,0.0,0.0
2020-04-20 00:00:00+09:00,4892.457906315836,5069.518287687266,4836.544101672226,4976.32861328125,148017,0.0,0.0
2020-04-21 00:00:00+09:00,4976.3290789394305,5050.880825440396,4482.423758370536,4827.2255859375,205953,0.0,0.0
2020-04-22 00:00:00+09:00,4706.079234041908,4845.863765746124,4636.1869681898015,4808.587890625,81809,0.0,0.0
2020-04-23 00:00:00+09:00,4864.502312077703,5582.062997958897,4836.5454022381755,5172.0283203125,926225,0.0,0.0
2020-04-24 00:00:00+09:00,5199.984587458253,5199.984587458253,4845.863773258588,4883.1396484375,254076,0.0,0.0
2020-04-27 00:00:00+09:00,4929.73450344712,5162.70872383687,4901.7775970003495,4994.96728515625,183057,0.0,0.0
2020-04-28 00:00:00+09:00,5106.795035046729,5125.432973130841,4929.734623247663,4985.6484375,152423,0.0,0.0
2020-04-29 00:00:00+09:00,4985.648557267099,5013.605465064858,4892.458864607901,4939.0537109375,77107,0.0,0.0
2020-05-04 00:00:00+09:00,4892.458261608404,5022.923815251294,4883.139293491055,4948.3720703125,100980,0.0,0.0
2020-05-06 00:00:00+09:00,5032.242933238636,5162.708490767045,4985.648091264205,5125.4326171875,204728,0.0,0.0
2020-05-07 00:00:00+09:00,5125.433112370252,5321.131467569843,5060.200327303722,5274.53662109375,166695,0.0,0.0
2020-05-08 00:00:00+09:00,5311.811770992679,5395.682483166248,5274.5358989155375,5330.44970703125,128825,0.0,0.0
2020-05-11 00:00:00+09:00,5339.76953293083,5554.10583180938,5311.812624381454,5414.3212890625,211642,0.0,0.0
2020-05-12 00:00:00+09:00,5498.19175760582,5498.19175760582,5218.622685185185,5283.85546875,135753,0.0,0.0
2020-05-13 00:00:00+09:00,5218.622695111492,5470.234860768654,5162.708880521011,5432.958984375,103815,0.0,0.0
2020-05-14 00:00:00+09:00,5432.959102617324,5442.278071918554,5330.450440303789,5349.08837890625,72150,0.0,0.0
2020-05-15 00:00:00+09:00,5405.001329352094,5414.320297161322,5293.173715641361,5339.7685546875,74845,0.0,0.0
2020-05-18 00:00:00+09:00,5367.726682282794,5535.468141104131,5237.261103199531,5470.2353515625,156985,0.0,0.0
2020-05-19 00:00:00+09:00,5591.381478658536,5731.166015625,5535.467663871951,5731.166015625,240033,0.0,0.0
2020-05-20 00:00:00+09:00,5768.44201777909,5870.950680453678,5721.847171108822,5796.39892578125,136840,0.0,0.0
2020-05-21 00:00:00+09:00,5824.355596228491,5992.097037399872,5787.079720412628,5889.58837890625,260900,0.0,0.0
2020-05-22 00:00:00+09:00,5973.458835046268,5973.458835046268,5647.294936096784,5759.12255859375,241843,0.0,0.0
2020-05-25 00:00:00+09:00,5796.398062386041,5824.354966223916,5665.932511142625,5749.80322265625,88681,0.0,0.0
2020-05-26 00:00:00+09:00,5777.760029141866,5870.94970703125,5777.760029141866,5870.94970703125,101104,0.0,0.0
2020-05-27 00:00:00+09:00,5926.863992339198,5926.863992339198,5731.165652969508,5759.12255859375,138625,0.0,0.0
2020-05-28 00:00:00+09:00,5759.122663399542,5796.398538243552,5526.14844562448,5600.7001953125,164954,0.0,0.0
2020-05-29 00:00:00+09:00,5591.381230630165,5665.932980371901,5535.467418323864,5637.97607421875,73069,0.0,0.0
2020-06-01 00:00:00+09:00,5684.570351252481,6038.691127232143,5628.65654451885,5870.94970703125,710831,0.0,0.0
2020-06-02 00:00:00+09:00,5880.269528913726,5964.140251196172,5740.484991776316,5842.99365234375,166057,0.0,0.0
2020-06-03 00:00:00+09:00,5870.9508046875,5889.58874375,5777.761109375,5824.35595703125,154500,0.0,0.0
2020-06-04 00:00:00+09:00,5842.9937724515175,5898.907588455838,5731.166140442876,5796.39892578125,142990,0.0,0.0
2020-06-05 00:00:00+09:00,5824.355714058762,5870.950559771232,5759.122930061304,5842.99365234375,55394,0.0,0.0
2020-06-08 00:00:00+09:00,5908.226436341208,5908.226436341208,5815.036744916268,5842.99365234375,74482,0.0,0.0
2020-06-09 00:00:00+09:00,5861.631095286166,5898.906968706109,5777.760380091292,5805.71728515625,104620,0.0,0.0
2020-06-10 00:00:00+09:00,5842.993158576193,5842.993158576193,5777.760380091292,5805.71728515625,63935,0.0,0.0
2020-06-11 00:00:00+09:00,5805.717649004536,5824.355586882561,5731.165897492439,5777.7607421875,94826,0.0,0.0
2020-06-12 00:00:00+09:00,5507.510398789703,5731.165643410604,5432.958650582736,5684.57080078125,144729,0.0,0.0
2020-06-15 00:00:00+09:00,5600.701195208794,5610.020165583517,5227.942380219856,5265.21826171875,192872,0.0,0.0
2020-06-16 00:00:00+09:00,5349.0879056234,5544.786243634013,5349.0879056234,5460.91552734375,141131,0.0,0.0
2020-06-17 00:00:00+09:00,5395.68287169063,5544.786370735622,5330.450090858447,5488.87255859375,137649,0.0,0.0
2020-06-18 00:00:00+09:00,5498.1917680638935,5507.510737162307,5395.683107981346,5432.958984375,58781,0.0,0.0
2020-06-19 00:00:00+09:00,5498.191396182346,5526.1483015866625,5377.044806096972,5423.6396484375,47479,0.0,0.0
2020-06-22 00:00:00+09:00,5386.363774565078,5479.5534592461345,5386.363774565078,5423.6396484375,49013,0.0,0.0
2020-06-23 00:00:00+09:00,5451.597661327448,5535.468394578639,5367.726928076257,5377.0458984375,67237,0.0,0.0
2020-06-24 00:00:00+09:00,5432.958611828233,5451.596548747027,5321.130990315473,5386.36376953125,55272,0.0,0.0
2020-06-25 00:00:00+09:00,5311.811643576999,5414.32028933024,5283.854740189752,5302.49267578125,58302,0.0,0.0
2020-06-26 00:00:00+09:00,5377.0451569091365,5432.958971365731,5218.6226826154525,5246.57958984375,102357,0.0,0.0
2020-06-29 00:00:00+09:00,5199.985107421875,5246.5799560546875,5106.79541015625,5144.0712890625,49847,0.0,0.0
2020-06-30 00:00:00+09:00,5162.708748891844,5265.217406360815,5162.708748891844,5255.8984375,70373,0.0,0.0
2020-07-01 00:00:00+09:00,5265.217530588625,5311.812375992064,5181.346808862434,5283.85546875,36825,0.0,0.0
2020-07-02 00:00:00+09:00,5265.217409805513,5321.131223006987,4967.010406064315,5293.17431640625,58375,0.0,0.0
2020-07-03 00:00:00+09:00,5395.6829739422865,5395.6829739422865,5293.17431640625,5293.17431640625,14920,0.0,0.0
2020-07-06 00:00:00+09:00,5293.173848329741,5414.320432886584,5116.113455515894,5405.00146484375,67982,0.0,0.0
2020-07-07 00:00:00+09:00,5405.0017064500435,5451.596548747027,5321.130990315473,5386.36376953125,38690,0.0,0.0
2020-07-08 00:00:00+09:00,5405.0017064500435,5451.596548747027,5311.812021856077,5386.36376953125,60422,0.0,0.0
2020-07-09 00:00:00+09:00,5405.002203019781,5628.657466593013,5405.002203019781,5535.4677734375,121466,0.0,0.0
2020-07-10 00:00:00+09:00,5516.829204447323,5563.424045701101,5377.044680685988,5395.6826171875,81695,0.0,0.0
2020-07-13 00:00:00+09:00,5488.872432773837,5535.467275157316,5395.68274800688,5460.91552734375,58429,0.0,0.0
2020-07-14 00:00:00+09:00,5460.915656618887,5554.105343591906,5377.0449383431705,5526.1484375,69602,0.0,0.0
2020-07-15 00:00:00+09:00,5563.424324477014,5675.2519490896175,5535.467418323864,5637.97607421875,117831,0.0,0.0
2020-07-16 00:00:00+09:00,5665.932980371901,5665.932980371901,5554.105355759298,5637.97607421875,74085,0.0,0.0
2020-07-17 00:00:00+09:00,5656.614139731413,5712.527953303717,5582.062388301675,5703.208984375,93881,0.0,0.0
2020-07-20 00:00:00+09:00,5721.846816313096,5870.95031641246,5675.251972532044,5861.63134765625,236629,0.0,0.0
2020-07-21 00:00:00+09:00,5870.9504470825195,6150.519515991211,5777.760757446289,5964.14013671875,445705,0.0,0.0
2020-07-22 00:00:00+09:00,5926.864260864258,6001.416012573242,5852.312509155273,5964.14013671875,113409,0.0,0.0
2020-07-23 00:00:00+09:00,6010.735228351344,6094.605952467874,5945.502442927375,5982.7783203125,159456,0.0,0.0
2020-07-24 00:00:00+09:00,5973.458352709574,5973.458352709574,5852.311771453374,5870.94970703125,123369,0.0,0.0
2020-07-27 00:00:00+09:00,5908.226441006397,5992.097163355069,5842.993656957431,5917.54541015625,67349,0.0,0.0
2020-07-28 00:00:00+09:00,5973.45863463981,6197.113872130224,5973.45863463981,6075.96728515625,173385,0.0,0.0
2020-07-29 00:00:00+09:00,6075.967776414825,6150.519528272675,5992.097055574743,6113.24365234375,76602,0.0,0.0
2020-07-30 00:00:00+09:00,6150.519158516221,6150.519158516221,5852.312169012404,6103.92431640625,85907,0.0,0.0
2020-07-31 00:00:00+09:00,6048.010860466809,6103.92467427698,5954.8211707831915,6001.416015625,78506,0.0,0.0
2020-08-03 00:00:00+09:00,6057.3301992490315,6057.3301992490315,5889.58874757752,6010.7353515625,58707,0.0,0.0
2020-08-04 00:00:00+09:00,6048.01025390625,6122.56199817628,5992.096445703726,6048.01025390625,58437,0.0,0.0
2020-08-05 00:00:00+09:00,6048.011229711725,6085.28710786095,5964.140503875969,6010.7353515625,100474,0.0,0.0
2020-08-06 00:00:00+09:00,6038.691412241181,6103.924189842552,5973.45863463981,6075.96728515625,127559,0.0,0.0
2020-08-07 00:00:00+09:00,6113.243152006173,6122.562120225694,5954.820692274306,6038.69140625,62080,0.0,0.0
2020-08-10 00:00:00+09:00,6150.51967176259,6504.640501348921,6075.967918165467,6476.68359375,494841,0.0,0.0
2020-08-11 00:00:00+09:00,6439.407836560235,6504.640622169384,6336.899173460145,6430.0888671875,224614,0.0,0.0
2020-08-12 00:00:00+09:00,6430.088361519381,6430.088361519381,6187.795176882419,6280.98486328125,155678,0.0,0.0
2020-08-13 00:00:00+09:00,6290.303970931413,6541.916129768669,6290.303970931413,6458.04541015625,228802,0.0,0.0
2020-08-14 00:00:00+09:00,6411.449827147016,6504.639504867176,6280.984278338791,6402.130859375,87222,0.0,0.0
2020-08-18 00:00:00+09:00,6336.8987583925755,6336.8987583925755,5805.71753893908,5898.9072265625,233801,0.0,0.0
2020-08-19 00:00:00+09:00,5926.864132849526,6001.415882948262,5833.674445226106,5898.9072265625,139885,0.0,0.0
2020-08-20 00:00:00+09:00,5842.9941489432495,5842.9941489432495,5460.9163816279815,5470.2353515625,303567,0.0,0.0
2020-08-21 00:00:00+09:00,5554.105227058946,5768.441502599811,5470.234510542956,5572.7431640625,91880,0.0,0.0
2020-08-24 00:00:00+09:00,5563.424440917969,5647.295161132813,5460.915782877604,5591.38134765625,42917,0.0,0.0
2020-08-25 00:00:00+09:00,5591.381363407258,5833.6745558215725,5554.10548765121,5777.7607421875,109125,0.0,0.0
2020-08-26 00:00:00+09:00,5796.398922600265,5833.6747999160225,5600.700566692539,5721.84716796875,74775,0.0,0.0
2020-08-27 00:00:00+09:00,5759.12265919441,5759.12265919441,5516.82947288526,5563.42431640625,103762,0.0,0.0
2020-08-28 00:00:00+09:00,5591.38110594892,5759.122539127387,5563.424200419176,5610.01904296875,64560,0.0,0.0
2020-08-31 00:00:00+09:00,5610.0198972584985,5731.166506335509,5563.425047613495,5619.3388671875,76430,0.0,0.0
2020-09-01 00:00:00+09:00,5619.337776585629,5684.570553428249,5572.742935983759,5665.9326171875,57393,0.0,0.0
2020-09-02 00:00:00+09:00,5684.5708329251565,6010.734733174961,5656.613927189459,5945.501953125,303569,0.0,0.0
2020-09-03 00:00:00+09:00,5954.82153046875,5954.82153046875,5759.1231703124995,5824.35595703125,113404,0.0,0.0
2020-09-04 00:00:00+09:00,5619.33814472242,5731.165769493016,5591.3812385297715,5712.52783203125,130648,0.0,0.0
2020-09-07 00:00:00+09:00,5712.528086618462,5917.545407834786,5637.976333448891,5880.26953125,128918,0.0,0.0
2020-09-08 00:00:00+09:00,5917.545285768147,5917.545285768147,5796.398689366594,5889.58837890625,157624,0.0,0.0
2020-09-09 00:00:00+09:00,5777.760879540185,6029.373046875,5777.760879540185,6029.373046875,123125,0.0,0.0
2020-09-10 00:00:00+09:00,6075.96777935606,6290.304066051136,6048.010872395833,6150.51953125,148916,0.0,0.0
2020-09-11 00:00:00+09:00,6159.8381373432785,6187.795042656486,5992.096705464036,6178.47607421875,57576,0.0,0.0
2020-09-14 00:00:00+09:00,6178.4763127853885,6280.9849695586,6085.286624809742,6122.5625,118184,0.0,0.0
2020-09-15 00:00:00+09:00,6178.476320195019,6206.4332266212405,6066.648694490132,6197.1142578125,151840,0.0,0.0
2020-09-16 00:00:00+09:00,6197.114005891976,6215.751942751802,6066.648447873198,6141.2001953125,94951,0.0,0.0
2020-09-17 00:00:00+09:00,6085.2867363402565,6131.881581182065,5926.864263878106,6001.416015625,85228,0.0,0.0
2020-09-18 00:00:00+09:00,6001.416015625,6010.734984593362,5898.907356973021,6001.416015625,90590,0.0,0.0
2020-09-21 00:00:00+09:00,6001.416006353837,6048.010851123665,5870.950440998318,5889.58837890625,78364,0.0,0.0
2020-09-22 00:00:00+09:00,5945.501810481039,5954.820778836025,5703.2086332514045,5805.71728515625,57746,0.0,0.0
2020-09-23 00:00:00+09:00,5787.079094440082,5870.949805953707,5619.3376714128335,5749.80322265625,70902,0.0,0.0
2020-09-24 00:00:00+09:00,5610.019536021478,5721.84716796875,5572.743658705721,5721.84716796875,86323,0.0,0.0
2020-09-25 00:00:00+09:00,5721.847041675247,5731.166010798497,5591.381473949753,5656.6142578125,39303,0.0,0.0
2020-09-28 00:00:00+09:00,5665.933351995114,5740.485106626629,5637.976444008296,5721.84716796875,49254,0.0,0.0
2020-09-29 00:00:00+09:00,5749.804204517926,6085.28710786095,5749.804204517926,6010.7353515625,201122,0.0,0.0
2020-10-05 00:00:00+09:00,6038.691795133729,6374.174672641158,5926.86416929792,6271.666015625,337840,0.0,0.0
2020-10-06 00:00:00+09:00,6280.984977091166,6308.941883517387,6150.519413768798,6197.1142578125,106264,0.0,0.0
2020-10-07 00:00:00+09:00,6187.7952890037595,6243.709101856203,6103.924569725094,6197.1142578125,111502,0.0,0.0
2020-10-08 00:00:00+09:00,6234.389854556224,6896.036610420935,6225.070886163763,6821.48486328125,2151507,0.0,0.0
2020-10-12 00:00:00+09:00,6868.079840884715,7017.183338108807,6765.571186543152,6923.99365234375,841814,0.0,0.0
2020-10-13 00:00:00+09:00,7054.4590840107685,7063.778052417651,6793.527968618032,6896.03662109375,363526,0.0,0.0
2020-10-14 00:00:00+09:00,6923.99413663903,6933.313105867347,6653.7440290178565,6849.4423828125,320702,0.0,0.0
2020-10-15 00:00:00+09:00,6802.84752649694,6886.718249426354,6588.511234566215,6663.06298828125,252740,0.0,0.0
2020-10-16 00:00:00+09:00,6718.9763568398175,7045.140257657285,6579.191827918046,7035.8212890625,602149,0.0,0.0
2020-10-19 00:00:00+09:00,7343.3477409309435,7445.856402289117,6560.554326923077,6663.06298828125,1254842,0.0,0.0
2020-10-20 00:00:00+09:00,6588.510931098369,7408.580184191235,6569.872993528076,7250.15771484375,1356548,0.0,0.0
2020-10-21 00:00:00+09:00,7240.838452148437,7278.114325775971,6840.122810652449,6896.03662109375,540347,0.0,0.0
2020-10-22 00:00:00+09:00,6877.398781130477,6942.631560897297,6700.33837890625,6700.33837890625,209834,0.0,0.0
2020-10-23 00:00:00+09:00,6709.657603598226,6849.442137006523,6700.33863470434,6830.80419921875,111061,0.0,0.0
2020-10-26 00:00:00+09:00,6802.8467227078745,6802.8467227078745,6243.708635909967,6346.21728515625,382030,0.0,0.0
2020-10-27 00:00:00+09:00,6253.028204704734,6448.726553883273,6159.838514619715,6336.89892578125,185141,0.0,0.0
2020-10-28 00:00:00+09:00,6271.665687081473,6523.27783203125,6271.665687081473,6523.27783203125,113340,0.0,0.0
2020-10-29 00:00:00+09:00,6430.0887618322095,6737.61474609375,6383.493915731976,6737.61474609375,208113,0.0,0.0
2020-10-30 00:00:00+09:00,6746.9338302394945,6746.9338302394945,6402.131963224493,6541.91650390625,194628,0.0,0.0
2020-11-02 00:00:00+09:00,6476.683344294267,6551.235095019957,6420.76953125,6420.76953125,98834,0.0,0.0
2020-11-03 00:00:00+09:00,6402.130897360104,6616.4671573881715,6402.130897360104,6588.51025390625,122786,0.0,0.0
2020-11-04 00:00:00+09:00,6616.467901466614,6691.019652469055,6486.002337212343,6681.70068359375,102617,0.0,0.0
2020-11-05 00:00:00+09:00,6709.657347444368,6774.890127211188,6653.743536215665,6700.33837890625,107112,0.0,0.0
2020-11-06 00:00:00+09:00,6849.44225332355,7007.864727209945,6728.295655645718,6746.93359375,255872,0.0,0.0
2020-11-09 00:00:00+09:00,6840.123286991329,6868.080194158869,6728.295658321172,6784.20947265625,118026,0.0,0.0
2020-11-10 00:00:00+09:00,6858.761105900409,6896.036981475955,6718.976572492113,6830.80419921875,125158,0.0,0.0
2020-11-11 00:00:00+09:00,6784.208788547164,7119.691640728067,6737.613947966483,7063.77783203125,506357,0.0,0.0
2020-11-12 00:00:00+09:00,7101.053704495795,7175.605449424885,6914.674342173071,7063.77783203125,223579,0.0,0.0
2020-11-13 00:00:00+09:00,7017.183231414311,7166.2867263713215,6868.0797364573,7045.14013671875,178463,0.0,0.0
2020-11-16 00:00:00+09:00,7045.140257657285,7222.200660958195,6989.226446088576,7035.8212890625,298456,0.0,0.0
2020-11-17 00:00:00+09:00,7073.097776701343,7129.011593117954,6970.589113270888,7026.5029296875,161933,0.0,0.0
2020-11-18 00:00:00+09:00,7026.501887359038,7539.045128479392,6989.226015277557,7334.02783203125,628929,0.0,0.0
2020-11-19 00:00:00+09:00,7361.9855843183295,7408.580429788699,7166.287233342779,7194.244140625,268918,0.0,0.0
2020-11-20 00:00:00+09:00,7231.519163306451,7250.157099294354,7101.0536113911285,7222.2001953125,230581,0.0,0.0
2020-11-23 00:00:00+09:00,7175.606071883212,7250.157823279402,7017.1836001663105,7091.7353515625,217472,0.0,0.0
2020-11-24 00:00:00+09:00,7119.692261540033,7184.925044041054,7063.778447967729,7129.01123046875,102334,0.0,0.0
2020-11-25 00:00:00+09:00,7166.28696875,7222.20078125,6905.35584375,6989.2265625,151515,0.0,0.0
2020-11-26 00:00:00+09:00,7007.8645,7054.45934375,6933.31275,6989.2265625,82047,0.0,0.0
2020-11-27 00:00:00+09:00,6989.226680473994,6989.226680473994,6849.442146864514,6942.6318359375,119812,0.0,0.0
2020-11-30 00:00:00+09:00,6923.993399259032,6961.269272202553,6830.803716900229,6868.07958984375,145840,0.0,0.0
2020-12-01 00:00:00+09:00,6849.4417684586315,6905.355578813396,6793.527958103868,6821.48486328125,114794,0.0,0.0
2020-12-02 00:00:00+09:00,6858.760867726657,6923.993647718623,6821.484993445534,6886.7177734375,76280,0.0,0.0
2020-12-03 00:00:00+09:00,6886.717514226466,6886.717514226466,6681.700213396991,6793.52783203125,139646,0.0,0.0
2020-12-04 00:00:00+09:00,6793.528310097411,6793.528310097411,6653.7437769678345,6681.70068359375,117772,0.0,0.0
2020-12-07 00:00:00+09:00,6681.700337394339,6849.4417684586315,6663.062400609418,6821.48486328125,157021,0.0,0.0
2020-12-08 00:00:00+09:00,6840.123038804236,6849.442007521952,6737.614382909349,6765.5712890625,89023,0.0,0.0
2020-12-09 00:00:00+09:00,6793.528087734692,6933.312616288904,6746.933244883288,6886.7177734375,131689,0.0,0.0
2020-12-10 00:00:00+09:00,6877.399173859627,7007.864740843414,6830.804328508275,6933.31298828125,144011,0.0,0.0
2020-12-11 00:00:00+09:00,6970.588118224932,6989.2260543699185,6765.570820630081,6877.3984375,150633,0.0,0.0
2020-12-14 00:00:00+09:00,6896.036315524193,7389.941619203629,6793.527667590725,7222.2001953125,941233,0.0,0.0
2020-12-15 00:00:00+09:00,7231.519264681759,7250.157200930938,7026.501965940781,7101.0537109375,319780,0.0,0.0
2020-12-16 00:00:00+09:00,7138.3299571687585,7250.15758051866,7129.010988556266,7147.64892578125,234584,0.0,0.0
2020-12-17 00:00:00+09:00,7147.648930214413,7306.071396725032,7119.692024359598,7184.9248046875,187504,0.0,0.0
2020-12-18 00:00:00+09:00,7212.881706068693,7240.838611906169,7138.3299571687585,7147.64892578125,127624,0.0,0.0
2020-12-21 00:00:00+09:00,7212.881854386414,7641.554419375788,7203.562885582297,7399.26123046875,1006329,0.0,0.0
2020-12-22 00:00:00+09:00,7361.984569289922,7380.622504908377,7101.053470631544,7119.69140625,363538,0.0,0.0
2020-12-23 00:00:00+09:00,7129.011356966484,7324.709707942034,6951.950944179081,7194.244140625,257442,0.0,0.0
2020-12-24 00:00:00+09:00,7184.924693885217,7306.0712840544875,7175.605725410657,7268.79541015625,151398,0.0,0.0
2020-12-28 00:00:00+09:00,7315.390496339773,7361.985340265504,7222.200808488311,7250.15771484375,195611,0.0,0.0
2020-12-29 00:00:00+09:00,7449.703778480025,7620.742895843086,7354.682046611657,7611.24072265625,289699,150.0,0.0
2020-12-30 00:00:00+09:00,7611.240006980483,8038.837760181634,7582.733490100406,7896.30517578125,718240,0.0,0.0
2021-01-04 00:00:00+09:00,8095.849941821808,8998.556214677526,8086.34777052859,8932.041015625,1913086,0.0,0.0
2021-01-05 00:00:00+09:00,8865.527035679768,10072.302955863403,8665.981411082474,9217.107421875,2750925,0.0,0.0
2021-01-06 00:00:00+09:00,9217.106918174342,9407.150359786185,8884.530895353619,9027.0634765625,569523,0.0,0.0
2021-01-07 00:00:00+09:00,9103.081591796876,9226.609838867187,8922.540307617188,9122.0859375,537622,0.0,0.0
2021-01-08 00:00:00+09:00,9217.108082342296,9692.216746380558,8979.553750323164,9188.6015625,998503,0.0,0.0
2021-01-11 00:00:00+09:00,9255.116020310796,9302.62688283806,8561.457427412759,8713.4921875,784104,0.0,0.0
2021-01-12 00:00:00+09:00,8665.980127427185,8979.551776774879,8599.464929080705,8808.5126953125,386552,0.0,0.0
2021-01-13 00:00:00+09:00,8827.517695439326,8875.028554941153,8665.980773133117,8780.0068359375,190132,0.0,0.0
2021-01-14 00:00:00+09:00,8799.011795710197,8998.557419586994,8713.492242620141,8922.5400390625,260960,0.0,0.0
2021-01-15 00:00:00+09:00,8979.553319892022,9112.583739445978,8780.007690561088,8827.5185546875,161202,0.0,0.0
2021-01-18 00:00:00+09:00,8741.998973413141,8837.020701385023,8475.938135091872,8532.951171875,284669,0.0,0.0
2021-01-19 00:00:00+09:00,8618.469996498132,8903.53515625,8580.461308531216,8903.53515625,250137,0.0,0.0
2021-01-20 00:00:00+09:00,9008.058812368005,9141.089216770064,8856.024064479936,8998.556640625,342606,0.0,0.0
2021-01-21 00:00:00+09:00,9093.579418945314,9597.194580078125,8970.051171875,9502.1728515625,753842,0.0,0.0
2021-01-22 00:00:00+09:00,9502.172044486053,9502.172044486053,9169.596022929041,9198.1025390625,373869,0.0,0.0
2021-01-25 00:00:00+09:00,9293.124598319575,10357.367906102594,9207.605046801296,10072.302734375,1407592,0.0,0.0
2021-01-26 00:00:00+09:00,9977.281494140625,10024.792358398438,9435.657641601563,9502.1728515625,642920,0.0,0.0
2021-01-27 00:00:00+09:00,9549.683009018132,9549.683009018132,9217.106983828446,9236.111328125,387404,0.0,0.0
2021-01-28 00:00:00+09:00,8970.051565838676,9036.566778720953,8818.016793536324,8894.0341796875,324367,0.0,0.0
2021-01-29 00:00:00+09:00,8932.041925884638,8989.054959454113,8095.85076686565,8257.3876953125,384756,0.0,0.0
2021-02-01 00:00:00+09:00,8257.38763972691,8551.954977852958,8029.3355069841655,8513.9462890625,244744,0.0,0.0
2021-02-02 00:00:00+09:00,8646.976227739493,8875.028348031523,8580.46102598765,8703.9892578125,157585,0.0,0.0
2021-02-03 00:00:00+09:00,8789.509623144635,9093.579145242613,8770.505278013512,8922.5400390625,244351,0.0,0.0
2021-02-04 00:00:00+09:00,9008.060675370067,9008.060675370067,8532.951989960253,8665.982421875,252360,0.0,0.0
2021-02-05 00:00:00+09:00,8732.49609375,8837.019986058216,8637.474373469804,8732.49609375,124446,0.0,0.0
2021-02-08 00:00:00+09:00,8732.497703876537,8732.497703876537,8390.419447794324,8494.943359375,226734,0.0,0.0
2021-02-09 00:00:00+09:00,8494.94165625,8608.96771875,8285.893875,8314.400390625,175926,0.0,0.0
2021-02-10 00:00:00+09:00,8276.393362433586,8504.445533155062,8190.873798413031,8494.943359375,86975,0.0,0.0
2021-02-15 00:00:00+09:00,8570.95963335641,9036.566087940071,8551.955288271361,9008.0595703125,279174,0.0,0.0
2021-02-16 00:00:00+09:00,9055.569874836387,9188.600282231675,8960.548155268325,9074.57421875,190780,0.0,0.0
2021-02-17 00:00:00+09:00,9093.57861328125,9426.154633620688,8875.028657058188,9369.1416015625,407974,0.0,0.0
2021-02-18 00:00:00+09:00,9302.62677446076,9397.648498408264,9055.570292197246,9141.08984375,231763,0.0,0.0
2021-02-19 00:00:00+09:00,9122.085317460318,9179.098350694445,8732.496257027116,8979.552734375,169915,0.0,0.0
2021-02-22 00:00:00+09:00,9112.584176253878,9302.627641869183,8979.553750323164,9188.6015625,235701,0.0,0.0
2021-02-23 00:00:00+09:00,9122.08608615222,9236.112162229123,8932.042626024047,8989.0556640625,124385,0.0,0.0
2021-02-24 00:00:00+09:00,8970.051613585118,9065.073346779876,8428.427734375,8428.427734375,218212,0.0,0.0
2021-02-25 00:00:00+09:00,8637.474472889016,8780.007054949892,8532.950579377708,8770.5048828125,172183,0.0,0.0
2021-02-26 00:00:00+09:00,8504.443931536192,8589.96347945108,8219.378771819895,8352.4091796875,263931,0.0,0.0
2021-03-02 00:00:00+09:00,8551.955517469376,8799.01201019627,8409.422925511553,8532.951171875,196356,0.0,0.0
2021-03-03 00:00:00+09:00,8532.951584081491,8761.003742230663,8409.42333175069,8599.466796875,213476,0.0,0.0
2021-03-04 00:00:00+09:00,8485.441185594938,8637.475966075923,8428.42814291457,8494.943359375,145007,0.0,0.0
2021-03-05 00:00:00+09:00,8380.915712553879,8456.933088631466,8143.361412311422,8266.8896484375,137329,0.0,0.0
2021-03-08 00:00:00+09:00,8323.902901143556,8437.92896828251,8162.365972696705,8257.3876953125,163371,0.0,0.0
2021-03-09 00:00:00+09:00,8257.387359375,8409.422109375,8057.84175,8314.400390625,427015,0.0,0.0
2021-03-10 00:00:00+09:00,8428.42665717016,8532.950550325595,8285.894075594564,8390.41796875,218244,0.0,0.0
2021-03-11 00:00:00+09:00,8418.92433473027,8627.972117308223,8333.404787312016,8608.9677734375,234965,0.0,0.0
2021-03-12 00:00:00+09:00,8665.982421875,8741.99981154057,8570.960684793037,8665.982421875,155427,0.0,0.0
2021-03-15 00:00:00+09:00,8665.981368186875,8665.981368186875,8513.946607341491,8542.453125,91377,0.0,0.0
2021-03-16 00:00:00+09:00,8599.466673463256,8646.9775390625,8513.947115384615,8646.9775390625,121478,0.0,0.0
2021-03-17 00:00:00+09:00,8608.968579706001,8884.531591639196,8608.968579706001,8827.5185546875,387561,0.0,0.0
2021-03-18 00:00:00+09:00,8846.521380081918,8875.02789365898,8713.490983388956,8808.5126953125,163026,0.0,0.0
2021-03-19 00:00:00+09:00,8637.474172012213,8799.011092720912,8608.96765659303,8656.478515625,174835,0.0,0.0
2021-03-22 00:00:00+09:00,9008.059390943878,9027.06373565051,8818.01594387755,8846.5224609375,401481,0.0,0.0
2021-03-23 00:00:00+09:00,8856.024365288567,8932.04174181465,8542.452687118479,8561.45703125,197954,0.0,0.0
2021-03-24 00:00:00+09:00,8494.943014322916,8618.471268446181,8399.921280381945,8551.9560546875,110642,0.0,0.0
2021-03-25 00:00:00+09:00,8504.44347458743,8580.460846427317,8428.426102747542,8456.9326171875,126037,0.0,0.0
2021-03-26 00:00:00+09:00,8475.9375,8542.452704596411,8399.920123318385,8475.9375,112327,0.0,0.0
2021-03-29 00:00:00+09:00,8580.461694768044,8761.002970737694,8504.444315412404,8589.9638671875,222173,0.0,0.0
2021-03-30 00:00:00+09:00,8599.466039606956,8684.985591382052,8513.946487831858,8589.9638671875,143051,0.0,0.0
2021-03-31 00:00:00+09:00,8570.960401475693,8599.466921657986,8428.427800564235,8551.9560546875,108417,0.0,0.0
2021-04-01 00:00:00+09:00,8532.950515052718,8713.491784302163,8504.443998855439,8561.45703125,120909,0.0,0.0
2021-04-02 00:00:00+09:00,8570.95920331576,8608.9678915788,8466.435310592396,8561.45703125,152769,0.0,0.0
2021-04-05 00:00:00+09:00,8561.457427412759,8732.496532510906,8494.94221987459,8713.4921875,177074,0.0,0.0
2021-04-06 00:00:00+09:00,8780.006631243177,8789.508802922011,8646.976227739493,8703.9892578125,139832,0.0,0.0
2021-04-07 00:00:00+09:00,8703.98969587664,8741.998384504923,8637.474490777147,8684.9853515625,99168,0.0,0.0
2021-04-08 00:00:00+09:00,8694.487918976814,8884.531370757728,8627.972710853495,8837.0205078125,248704,0.0,0.0
2021-04-09 00:00:00+09:00,8865.526905080214,8941.544284759359,8741.998663101604,8884.53125,233118,0.0,0.0
2021-04-12 00:00:00+09:00,8989.0553753048,9397.648801455018,8903.53582099429,9255.1162109375,661794,0.0,0.0
2021-04-13 00:00:00+09:00,9198.103021162975,9302.626919130736,8932.042189972311,9008.0595703125,338863,0.0,0.0
2021-04-14 00:00:00+09:00,9008.058945438102,9046.067632971597,8837.01985153738,8865.5263671875,213726,0.0,0.0
2021-04-15 00:00:00+09:00,8884.530064851335,8970.049605582524,8770.504010543083,8808.5126953125,180403,0.0,0.0
2021-04-16 00:00:00+09:00,8856.024852990591,8884.531370757728,8751.500954511088,8837.0205078125,150426,0.0,0.0
2021-04-19 00:00:00+09:00,8884.53156753898,8922.540258737006,8789.509839543909,8913.0380859375,100632,0.0,0.0
2021-04-20 00:00:00+09:00,8913.038016110751,9169.5966796875,8913.038016110751,9169.5966796875,211164,0.0,0.0
2021-04-21 00:00:00+09:00,9264.617900545636,9312.128761574075,8827.517979083996,8979.552734375,456054,0.0,0.0
2021-04-22 00:00:00+09:00,9112.583764648438,10072.30322265625,8979.553344726562,9882.259765625,2905324,0.0,0.0
2021-04-23 00:00:00+09:00,9787.238037109375,10167.324951171875,9692.21630859375,9882.259765625,1034023,0.0,0.0
2021-04-26 00:00:00+09:00,10357.367020882702,10784.964741928317,10024.791015625,10024.791015625,1634927,0.0,0.0
2021-04-27 00:00:00+09:00,10167.325526569384,10832.477663821586,10119.814659622798,10784.966796875,1254950,0.0,0.0
2021-04-28 00:00:00+09:00,10642.432703488372,10689.943563771803,10119.81324037064,10214.8349609375,735473,0.0,0.0
2021-04-29 00:00:00+09:00,10262.347405389908,10737.456081565368,10167.325670154816,10357.369140625,708734,0.0,0.0
2021-04-30 00:00:00+09:00,10499.900122638082,10499.900122638082,9549.682916969477,10214.8349609375,850771,0.0,0.0
2021-05-03 00:00:00+09:00,10214.834991591928,10737.454456278027,10072.302410313901,10594.921875,601600,0.0,0.0
2021-05-04 00:00:00+09:00,10642.43279288703,13303.040991108786,10499.900210839434,11355.095703125,17932526,0.0,0.0
2021-05-06 00:00:00+09:00,11070.030156583867,11260.073592748398,10832.475861378205,11117.541015625,2039216,0.0,0.0
2021-05-07 00:00:00+09:00,11260.07421875,11877.715420622364,11212.56335706751,11260.07421875,3747954,0.0,0.0
2021-05-10 00:00:00+09:00,11260.0737116081,11355.095430693402,10832.475975724248,11070.0302734375,854419,0.0,0.0
2021-05-11 00:00:00+09:00,11165.05202930498,11877.714924792532,11117.541169605809,11450.1171875,2335471,0.0,0.0
2021-05-12 00:00:00+09:00,11402.606907894737,11450.117770010966,10642.433114035088,10832.4765625,948835,0.0,0.0
2021-05-13 00:00:00+09:00,10499.90000180845,10689.943440755209,10167.32398365162,10262.345703125,755643,0.0,0.0
2021-05-14 00:00:00+09:00,10499.900491966391,10594.92221587559,10072.302734375,10072.302734375,499108,0.0,0.0
2021-05-17 00:00:00+09:00,10072.303934919724,10404.880008242546,10024.793067302178,10357.369140625,431039,0.0,0.0
2021-05-18 00:00:00+09:00,10309.857782587274,10689.944705447635,10167.32518651464,10547.412109375,367094,0.0,0.0
2021-05-20 00:00:00+09:00,10547.410781249999,10927.49765625,10357.36734375,10689.943359375,312407,0.0,0.0
2021-05-21 00:00:00+09:00,10737.454698105204,10784.965559601244,10404.878667632918,10499.900390625,200201,0.0,0.0
2021-05-24 00:00:00+09:00,10452.389630011792,10499.900491966391,10072.302734375,10072.302734375,211263,0.0,0.0
2021-05-25 00:00:00+09:00,10167.32518651464,10642.43384009009,10119.814321157095,10547.412109375,232659,0.0,0.0
2021-05-26 00:00:00+09:00,10547.410861545139,10689.943440755209,10214.83484338831,10262.345703125,192983,0.0,0.0
2021-05-27 00:00:00+09:00,10262.34691722973,10594.922974732544,10119.814321157095,10547.412109375,247843,0.0,0.0
2021-05-28 00:00:00+09:00,10642.431640625,10737.45335170201,10357.366507393974,10642.431640625,227144,0.0,0.0
2021-05-31 00:00:00+09:00,10642.433823529413,11450.11853335084,10547.412092962186,11307.5859375,892719,0.0,0.0
2021-06-01 00:00:00+09:00,11307.586185778602,11450.118784759004,11117.542720471398,11212.564453125,287171,0.0,0.0
2021-06-02 00:00:00+09:00,11212.56349257172,11687.672115138319,11022.520043545082,11592.650390625,586722,0.0,0.0
2021-06-03 00:00:00+09:00,11212.56492513021,11497.630135091147,10975.010583496094,11402.6083984375,769953,0.0,0.0
2021-06-04 00:00:00+09:00,11402.6083984375,11592.651871744793,11260.075793457032,11402.6083984375,306280,0.0,0.0
2021-06-07 00:00:00+09:00,11497.629778922872,11497.629778922872,11117.542844082447,11165.0537109375,288409,0.0,0.0
2021-06-08 00:00:00+09:00,11117.541015625,11307.584451789531,11022.519297542736,11117.541015625,241234,0.0,0.0
2021-06-09 00:00:00+09:00,11070.030751057588,11165.052474242631,10832.476443094978,10879.9873046875,233842,0.0,0.0
2021-06-10 00:00:00+09:00,10927.497956982217,11450.117424490063,10737.454514252093,11355.095703125,550352,0.0,0.0
2021-06-11 00:00:00+09:00,11545.139145855126,11545.139145855126,11260.073981759937,11355.095703125,333439,0.0,0.0
2021-06-14 00:00:00+09:00,11450.118058078973,12305.313597686532,11402.607194767443,12257.802734375,1414316,0.0,0.0
2021-06-15 00:00:00+09:00,12162.779761904761,12257.801478794641,11877.714611235118,11972.736328125,703261,0.0,0.0
2021-06-16 00:00:00+09:00,11925.227790066516,12020.249525445532,11735.184319308484,11830.2060546875,371525,0.0,0.0
2021-06-17 00:00:00+09:00,11830.2060546875,12210.292996203563,11782.695186997991,11830.2060546875,484732,0.0,0.0
2021-06-18 00:00:00+09:00,11877.71484375,12115.269140625,11735.182265624999,11877.71484375,291944,0.0,0.0
2021-06-21 00:00:00+09:00,11735.18234569502,11735.18234569502,11402.60632780083,11450.1171875,389660,0.0,0.0
2021-06-22 00:00:00+09:00,11592.64855002572,11735.18111416538,11450.11598588606,11545.1376953125,283308,0.0,0.0
2021-06-23 00:00:00+09:00,11545.140645777925,11592.651512632978,11117.542844082447,11165.0537109375,336902,0.0,0.0
2021-06-24 00:00:00+09:00,11260.073981759937,11402.60656380753,11165.052260394874,11355.095703125,187222,0.0,0.0
2021-06-25 00:00:00+09:00,11355.097052105402,11450.118784759004,11165.0535867982,11212.564453125,194884,0.0,0.0
2021-06-28 00:00:00+09:00,11212.562733707266,11260.073592748398,11022.519297542736,11117.541015625,211730,0.0,0.0
2021-06-29 00:00:00+09:00,11165.051874666133,11165.051874666133,11022.519297542736,11117.541015625,140430,0.0,0.0
2021-06-30 00:00:00+09:00,11022.519297542736,11212.562733707266,11022.519297542736,11117.541015625,123218,0.0,0.0
2021-07-01 00:00:00+09:00,11117.542359983767,11117.542359983767,10879.98803605249,10975.009765625,226220,0.0,0.0
2021-07-02 00:00:00+09:00,10975.009027872544,11070.030751057588,10784.965581502456,10879.9873046875,201504,0.0,0.0
2021-07-05 00:00:00+09:00,10927.498286732456,10975.009148848683,10737.454838267544,10832.4765625,218722,0.0,0.0
2021-07-06 00:00:00+09:00,10832.477171266235,11117.542359983767,10737.455441693723,10975.009765625,258849,0.0,0.0
2021-07-07 00:00:00+09:00,11022.520630411256,11117.542359983767,10879.98803605249,10975.009765625,134157,0.0,0.0
2021-07-08 00:00:00+09:00,11022.519375,11070.030234374999,10594.921640625,10689.943359375,216714,0.0,0.0
2021-07-09 00:00:00+09:00,10547.411372514205,10642.43309659091,10167.324476207386,10452.3896484375,410184,0.0,0.0
2021-07-12 00:00:00+09:00,10499.900411947327,10879.9873046875,10499.900411947327,10879.9873046875,179721,0.0,0.0
2021-07-13 00:00:00+09:00,11117.541251346982,11307.584691540947,11022.51953125,11022.51953125,693346,0.0,0.0
2021-07-14 00:00:00+09:00,11165.05202930498,11497.62804719917,11070.03030990664,11450.1171875,613522,0.0,0.0
2021-07-15 00:00:00+09:00,11497.6279296875,11545.138788901084,11212.562774405991,11497.6279296875,370622,0.0,0.0
2021-07-16 00:00:00+09:00,11592.64964811467,11735.182225755423,11307.58449283316,11497.6279296875,755767,0.0,0.0
2021-07-19 00:00:00+09:00,11497.630135091147,11830.206213378908,11307.586661783855,11402.6083984375,570835,0.0,0.0
2021-07-20 00:00:00+09:00,11212.56335706751,11402.60680379747,11022.519910337553,11260.07421875,302360,0.0,0.0
2021-07-21 00:00:00+09:00,11355.097178357713,11402.608045212766,11117.542844082447,11165.0537109375,188324,0.0,0.0
2021-07-22 00:00:00+09:00,11260.07421875,11307.58508043249,11117.541633702533,11260.07421875,195002,0.0,0.0
2021-07-23 00:00:00+09:00,11260.075072216387,11307.5859375,11165.05334164916,11307.5859375,148045,0.0,0.0
2021-07-26 00:00:00+09:00,11402.608045212766,11402.608045212766,11070.031977227394,11165.0537109375,223513,0.0,0.0
2021-07-27 00:00:00+09:00,11260.075072216387,11402.607668067227,11212.564206932773,11307.5859375,207756,0.0,0.0
2021-07-28 00:00:00+09:00,11212.564577792553,11402.608045212766,11022.52111037234,11165.0537109375,243267,0.0,0.0
2021-07-29 00:00:00+09:00,11212.56349257172,11640.16125288166,11117.541768058401,11592.650390625,359528,0.0,0.0
2021-07-30 00:00:00+09:00,11640.160778414818,11925.225940335182,11450.117337134576,11782.693359375,702943,0.0,0.0
2021-08-02 00:00:00+09:00,11925.22630341199,11925.22630341199,11545.139409279336,11640.1611328125,294188,0.0,0.0
2021-08-03 00:00:00+09:00,11687.672115138319,11830.204701908298,11545.13952836834,11592.650390625,492830,0.0,0.0
2021-08-04 00:00:00+09:00,11640.160507328254,11640.160507328254,11402.60621126033,11497.6279296875,250920,0.0,0.0
2021-08-05 00:00:00+09:00,11497.628547512755,11687.671994579081,11402.606823979591,11640.1611328125,289111,0.0,0.0
2021-08-06 00:00:00+09:00,11687.672115138319,11782.69383965164,11450.11780385502,11592.650390625,181374,0.0,0.0
2021-08-09 00:00:00+09:00,11592.64964811467,11592.64964811467,11402.60621126033,11497.6279296875,183752,0.0,0.0
2021-08-10 00:00:00+09:00,11545.139388844937,11545.139388844937,11070.030772020042,11260.07421875,458207,0.0,0.0
2021-08-11 00:00:00+09:00,11212.562971443966,11307.584691540947,10927.497811153016,11022.51953125,318909,0.0,0.0
2021-08-12 00:00:00+09:00,11022.51953125,11165.052111395473,10832.476091056034,11022.51953125,170379,0.0,0.0
2021-08-13 00:00:00+09:00,11117.541735197368,11117.541735197368,10452.389665570176,10832.4765625,521292,0.0,0.0
2021-08-17 00:00:00+09:00,10832.47730152027,10927.49903223536,10404.879513302365,10547.412109375,278439,0.0,0.0
2021-08-18 00:00:00+09:00,10404.878203125,10689.943359375,10357.36734375,10689.943359375,212434,0.0,0.0
2021-08-19 00:00:00+09:00,10547.411740351381,10642.433467741936,9977.281376008064,10309.857421875,352990,0.0,0.0
2021-08-20 00:00:00+09:00,10309.855624433876,10357.366479846014,9692.214504076088,9834.7470703125,349461,0.0,0.0
2021-08-23 00:00:00+09:00,9929.770386904762,10072.302976190476,9739.72693452381,9977.28125,187869,0.0,0.0
2021-08-24 00:00:00+09:00,10024.79140444155,10357.36742259838,9977.280544704861,10262.345703125,227057,0.0,0.0
2021-08-25 00:00:00+09:00,10357.368285570275,10357.368285570275,10024.79223970334,10309.857421875,149564,0.0,0.0
2021-08-26 00:00:00+09:00,10214.835221648756,10547.41125212104,10119.813498656675,10499.900390625,156722,0.0,0.0
2021-08-27 00:00:00+09:00,10309.857062322444,10594.922234552558,10309.857062322444,10452.3896484375,161665,0.0,0.0
2021-08-30 00:00:00+09:00,10594.921640625,10689.943359375,10452.389062499999,10689.943359375,123139,0.0,0.0
2021-08-31 00:00:00+09:00,10689.944705447635,10689.944705447635,10357.36864794482,10547.412109375,134337,0.0,0.0
2021-09-01 00:00:00+09:00,10547.412109375,10594.922974732544,10499.901244017456,10547.412109375,97749,0.0,0.0
2021-09-02 00:00:00+09:00,10547.412109375,10594.922974732544,10404.879513302365,10547.412109375,123298,0.0,0.0
2021-09-03 00:00:00+09:00,10547.411389802632,10879.987424616227,10547.411389802632,10832.4765625,178899,0.0,0.0
2021-09-06 00:00:00+09:00,10784.965941302544,10784.965941302544,10642.433351769912,10737.455078125,100804,0.0,0.0
2021-09-07 00:00:00+09:00,10737.45421875,10737.45421875,10547.410781249999,10689.943359375,74204,0.0,0.0
2021-09-08 00:00:00+09:00,10642.43384009009,10642.43384009009,10452.39037865991,10547.412109375,103247,0.0,0.0
2021-09-09 00:00:00+09:00,10499.901743477638,10594.92347871273,10167.325670154816,10357.369140625,135628,0.0,0.0
2021-09-10 00:00:00+09:00,10262.346200284092,10499.900510475853,10167.324476207386,10452.3896484375,139770,0.0,0.0
2021-09-13 00:00:00+09:00,10594.921790813578,11022.51953125,10404.878350619612,11022.51953125,469015,0.0,0.0
2021-09-14 00:00:00+09:00,11022.519297542736,11117.541015625,10784.965002337072,11117.541015625,232643,0.0,0.0
2021-09-15 00:00:00+09:00,10975.009027872544,11022.519889465066,10737.454719909934,10879.9873046875,208015,0.0,0.0
2021-09-16 00:00:00+09:00,10879.986796874999,10975.008515624999,10642.432499999999,10689.943359375,101340,0.0,0.0
2021-09-17 00:00:00+09:00,10594.922135132369,10975.009027872544,10452.389550354805,10879.9873046875,144329,0.0,0.0
2021-09-23 00:00:00+09:00,10689.943359375,10737.45421875,10547.410781249999,10689.943359375,96983,0.0,0.0
2021-09-24 00:00:00+09:00,10689.942496163505,10737.45335170201,10547.409929547992,10642.431640625,93555,0.0,0.0
2021-09-27 00:00:00+09:00,10547.412109375,10594.922974732544,10404.879513302365,10547.412109375,113613,0.0,0.0
2021-09-28 00:00:00+09:00,10547.412611095184,10547.412611095184,10167.325670154816,10357.369140625,142872,0.0,0.0
2021-09-29 00:00:00+09:00,10024.79259911653,10262.346926109813,9929.770868319218,10167.3251953125,174632,0.0,0.0
2021-09-30 00:00:00+09:00,10072.302380087209,10309.856681504361,10072.302380087209,10214.8349609375,71967,0.0,0.0
2021-10-01 00:00:00+09:00,10119.813839285714,10119.813839285714,9787.237797619047,9977.28125,121610,0.0,0.0
2021-10-05 00:00:00+09:00,9834.748405905331,9834.748405905331,9464.16368336397,9692.2158203125,156357,0.0,0.0
2021-10-06 00:00:00+09:00,9692.21592548077,9787.237650240386,9055.570369591347,9264.6181640625,220583,0.0,0.0
2021-10-07 00:00:00+09:00,9274.120727169526,9435.657666064897,9264.618554293327,9416.6533203125,107275,0.0,0.0
2021-10-08 00:00:00+09:00,9549.682191531501,9597.193048205787,9312.12790816007,9483.1669921875,95079,0.0,0.0
2021-10-12 00:00:00+09:00,9502.171125315657,9549.681980942236,9264.616847182766,9407.1494140625,60668,0.0,0.0
2021-10-13 00:00:00+09:00,9407.151002798508,9549.68359375,9397.648830068409,9549.68359375,99574,0.0,0.0
2021-10-14 00:00:00+09:00,9549.682048316141,9787.236328125,9502.17119235437,9787.236328125,102634,0.0,0.0
2021-10-15 00:00:00+09:00,9882.258441943128,10072.301873518958,9692.2150103673,10024.791015625,101581,0.0,0.0
2021-10-18 00:00:00+09:00,10024.791519803779,10214.8349609375,9882.258938953488,10214.8349609375,102518,0.0,0.0
2021-10-19 00:00:00+09:00,10214.835199347124,10642.432951877934,10024.791753777876,10119.8134765625,283505,0.0,0.0
2021-10-20 00:00:00+09:00,10167.324702380953,10167.324702380953,9834.748660714286,9977.28125,135601,0.0,0.0
2021-10-21 00:00:00+09:00,9977.28099149816,9977.28099149816,9597.194096583946,9692.2158203125,84305,0.0,0.0
2021-10-22 00:00:00+09:00,9739.7265625,9787.237423780487,9549.683117378048,9739.7265625,58407,0.0,0.0
2021-10-25 00:00:00+09:00,9739.7265625,9739.7265625,9597.193978658537,9739.7265625,44309,0.0,0.0
2021-10-26 00:00:00+09:00,9692.214616201456,9834.747184086773,9644.703760239685,9787.236328125,96879,0.0,0.0
2021-10-27 00:00:00+09:00,9787.237788134282,9787.237788134282,9549.683472888304,9597.1943359375,95351,0.0,0.0
2021-10-28 00:00:00+09:00,9549.68359375,9692.216184701492,9483.168384639304,9549.68359375,93512,0.0,0.0
2021-10-29 00:00:00+09:00,9549.68463561455,9597.195504448455,9378.6455078125,9378.6455078125,108576,0.0,0.0
2021-11-01 00:00:00+09:00,9492.66939504523,9492.66939504523,9350.136821546053,9388.1455078125,51977,0.0,0.0
2021-11-02 00:00:00+09:00,9359.640020691522,9597.1943359375,9359.640020691522,9597.1943359375,78509,0.0,0.0
2021-11-03 00:00:00+09:00,9597.194457400497,9644.705321050995,9445.159693718906,9549.68359375,49341,0.0,0.0
2021-11-04 00:00:00+09:00,9502.1726546749,9597.194381221649,9350.1378922001,9426.1552734375,70232,0.0,0.0
2021-11-05 00:00:00+09:00,9454.6609440903,9454.6609440903,9160.093618194018,9293.1240234375,91772,0.0,0.0
2021-11-08 00:00:00+09:00,9302.626733896683,9340.635423309948,9160.094148596938,9312.12890625,81282,0.0,0.0
2021-11-09 00:00:00+09:00,9350.137716346155,9492.670303485578,9150.592094350963,9264.6181640625,72434,0.0,0.0
2021-11-10 00:00:00+09:00,9264.618411847016,9692.216184701492,8789.50977534204,9549.68359375,271291,0.0,0.0
2021-11-11 00:00:00+09:00,9435.65682274341,9692.215467470573,9274.119898285568,9283.6220703125,150834,0.0,0.0
2021-11-12 00:00:00+09:00,9388.14653852104,9692.216062035892,9264.61829459313,9597.1943359375,129986,0.0,0.0
2021-11-15 00:00:00+09:00,9739.726682176777,9787.237544041054,9597.194096583946,9692.2158203125,96878,0.0,0.0
2021-11-16 00:00:00+09:00,9692.21692195197,9739.72778921644,9473.666932535405,9644.7060546875,106824,0.0,0.0
2021-11-17 00:00:00+09:00,9644.703904880073,9644.703904880073,9407.149621508643,9483.1669921875,123367,0.0,0.0
2021-11-18 00:00:00+09:00,9492.668954190342,9492.668954190342,9283.621189433397,9407.1494140625,86316,0.0,0.0
2021-11-19 00:00:00+09:00,9416.65306547619,9977.28125,9397.648720238094,9977.28125,242467,0.0,0.0
2021-11-22 00:00:00+09:00,10072.303934919724,10357.369140625,9929.771332067086,10357.369140625,366400,0.0,0.0
2021-11-23 00:00:00+09:00,10357.369140625,10547.412611095184,10214.836537772362,10357.369140625,213701,0.0,0.0
2021-11-24 00:00:00+09:00,10404.877878776659,10404.877878776659,9977.280157731044,10024.791015625,142511,0.0,0.0
2021-11-25 00:00:00+09:00,10024.790607933859,10024.790607933859,9692.214616201456,9787.236328125,118065,0.0,0.0
2021-11-26 00:00:00+09:00,9787.238037109375,9882.259765625,9473.666333007814,9502.1728515625,178110,0.0,0.0
2021-11-29 00:00:00+09:00,9122.085459183672,9464.16366390306,9103.08111447704,9312.12890625,150970,0.0,0.0
2021-11-30 00:00:00+09:00,9473.666024896163,9473.666024896163,8884.531327259692,9008.0595703125,164450,0.0,0.0
2021-12-01 00:00:00+09:00,9008.059624677835,9255.116112274483,8865.527035679768,9217.107421875,79919,0.0,0.0
2021-12-02 00:00:00+09:00,9141.090331036787,9397.648999371499,9027.06425622136,9331.1337890625,77705,0.0,0.0
2021-12-03 00:00:00+09:00,9350.137499999999,9739.7265625,9264.617949695123,9739.7265625,125897,0.0,0.0
2021-12-06 00:00:00+09:00,9597.193978658537,9739.7265625,9454.661394817073,9739.7265625,89471,0.0,0.0
2021-12-07 00:00:00+09:00,9929.770629882812,10024.792358398438,9787.238037109375,9882.259765625,153938,0.0,0.0
2021-12-08 00:00:00+09:00,9929.770129633884,10072.302715226715,9644.704958448223,9692.2158203125,179062,0.0,0.0
2021-12-09 00:00:00+09:00,9692.21692195197,9834.74952374538,9597.195187423029,9644.7060546875,145925,0.0,0.0
2021-12-10 00:00:00+09:00,9549.683472888304,9644.705198986696,9502.172609839108,9597.1943359375,63237,0.0,0.0
2021-12-13 00:00:00+09:00,9644.704958448223,10262.346162683823,9644.704958448223,9692.2158203125,1124903,0.0,0.0
2021-12-14 00:00:00+09:00,9929.770868319218,10547.412118501752,9929.770868319218,10167.3251953125,1068660,0.0,0.0
2021-12-15 00:00:00+09:00,10072.303098833732,10309.857417202453,9834.748780465012,9929.7705078125,293517,0.0,0.0
2021-12-16 00:00:00+09:00,10119.813190328663,11070.030391298491,10024.791470231681,11022.51953125,2268779,0.0,0.0
2021-12-17 00:00:00+09:00,11212.563459429824,11260.074321546053,10689.943976151315,10832.4765625,1043524,0.0,0.0
2021-12-20 00:00:00+09:00,10784.965078125,11070.030234374999,10499.899921875,10689.943359375,623465,0.0,0.0
2021-12-21 00:00:00+09:00,10689.942496163505,11307.583618164062,10594.920785086495,10642.431640625,2705000,0.0,0.0
2021-12-22 00:00:00+09:00,10832.475062779018,11022.518484933036,10594.920785086495,10642.431640625,456246,0.0,0.0
2021-12-23 00:00:00+09:00,10689.943976151315,10975.009148848683,10594.922251918859,10832.4765625,583621,0.0,0.0
2021-12-24 00:00:00+09:00,10784.964499830163,11022.51878396739,10737.453643002716,10927.4970703125,491673,0.0,0.0
2021-12-27 00:00:00+09:00,11117.54113298015,11687.671447491952,10879.986835266898,11070.0302734375,2223899,0.0,0.0
2021-12-28 00:00:00+09:00,11117.542720471398,11355.097052105402,10737.455789856991,11212.564453125,834886,0.0,0.0
2021-12-29 00:00:00+09:00,11455.259304586909,11600.87700761132,11261.10236722103,11309.6416015625,578882,250.0,0.0
2021-12-30 00:00:00+09:00,11503.798828125,11649.416534810127,11309.641885878164,11503.798828125,533728,0.0,0.0
2022-01-04 00:00:00+09:00,12474.583575324294,14124.917589180424,12183.348161114387,12862.8974609375,8503346,0.0,0.0
2022-01-05 00:00:00+09:00,13008.515897863052,13348.290566837086,12231.888083065256,13202.6728515625,2964443,0.0,0.0
2022-01-06 00:00:00+09:00,13008.515991651624,13542.447618174638,12523.123603903428,13445.369140625,2533881,0.0,0.0
2022-01-07 00:00:00+09:00,13348.291015625,14173.45809659091,13105.59481534091,13348.291015625,2217484,0.0,0.0
2022-01-10 00:00:00+09:00,13396.829166666666,13833.682291666666,12862.897569444445,13105.59375,1403938,0.0,0.0
2022-01-11 00:00:00+09:00,13251.211230468749,13251.211230468749,12426.04423076923,12620.201171875,1103881,0.0,0.0
2022-01-12 00:00:00+09:00,12717.280098918725,12959.976284012595,12474.583913824858,12765.8193359375,639670,0.0,0.0
2022-01-13 00:00:00+09:00,12814.358289092663,12959.975996923262,12328.965929657335,12571.662109375,540326,0.0,0.0
2022-01-14 00:00:00+09:00,12328.966100411822,12765.819229953973,12328.966100411822,12523.123046875,492763,0.0,0.0
2022-01-17 00:00:00+09:00,12668.741008621762,12668.741008621762,11940.652444907868,12183.3486328125,707739,0.0,0.0
2022-01-18 00:00:00+09:00,12280.42736616291,12426.045081967213,11746.49574154713,11843.57421875,681927,0.0,0.0
2022-01-19 00:00:00+09:00,11649.417345063026,12037.731256565126,11406.721150374213,11552.3388671875,643124,0.0,0.0
2022-01-20 00:00:00+09:00,11552.3370466821,11892.111665702161,11309.640890239198,11795.033203125,408629,0.0,0.0
2022-01-21 00:00:00+09:00,11455.259479391165,11746.49488988416,11066.945598733837,11261.1025390625,678854,0.0,0.0
2022-01-24 00:00:00+09:00,11212.563132879559,11600.87700761132,10921.32772683074,11309.6416015625,623828,0.0,0.0
2022-01-25 00:00:00+09:00,11455.260560702432,11503.799800366427,10824.25044507052,10969.8681640625,581501,0.0,0.0
2022-01-26 00:00:00+09:00,10969.8681640625,10969.8681640625,10969.8681640625,10969.8681640625,0,0.0,0.0
2022-01-27 00:00:00+09:00,11649.417146381578,11843.574098821271,11066.9462890625,11066.9462890625,633001,0.0,0.0
2022-01-28 00:00:00+09:00,11164.024284930269,11795.034353208935,11115.485048908833,11746.4951171875,585823,0.0,0.0
2022-02-03 00:00:00+09:00,12086.270232780613,12426.044897959184,11795.034805484695,11892.11328125,754778,0.0,0.0
2022-02-04 00:00:00+09:00,11892.112369537354,12668.740116119385,11795.0339012146,12426.0439453125,850207,0.0,0.0
2022-02-07 00:00:00+09:00,12523.123575367646,12620.202052696077,12231.888143382352,12377.505859375,433928,0.0,0.0
2022-02-08 00:00:00+09:00,12377.505859375,12377.505859375,12377.505859375,12377.505859375,0,0.0,0.0
2022-02-09 00:00:00+09:00,12377.505859375,12377.505859375,12377.505859375,12377.505859375,0,0.0,0.0
2022-02-10 00:00:00+09:00,12037.731901041667,12086.271142578125,11455.261002604166,11649.41796875,479782,0.0,0.0
2022-02-11 00:00:00+09:00,11455.26092087766,11843.574850398936,11358.18243849734,11406.7216796875,435675,0.0,0.0
2022-02-14 00:00:00+09:00,11164.024305555555,11212.563541666666,10824.249652777778,10921.328125,391458,0.0,0.0
2022-02-15 00:00:00+09:00,10921.328014026987,11115.48495649858,10581.553364701704,10678.6318359375,453338,0.0,0.0
2022-02-16 00:00:00+09:00,10921.327275815218,11212.562669836956,10824.248811141304,11164.0234375,373228,0.0,0.0
2022-02-17 00:00:00+09:00,11164.025122718473,11406.72132103844,10727.171965742533,10969.8681640625,443169,0.0,0.0
2022-02-18 00:00:00+09:00,10775.71002380633,11455.259304586909,10678.631555123391,11309.6416015625,368768,0.0,0.0
2022-02-21 00:00:00+09:00,11309.6416015625,11309.6416015625,11309.6416015625,11309.6416015625,0,0.0,0.0
2022-02-22 00:00:00+09:00,11309.6416015625,11309.6416015625,11309.6416015625,11309.6416015625,0,0.0,0.0
2022-02-23 00:00:00+09:00,11309.6416015625,11309.6416015625,11309.6416015625,11309.6416015625,0,0.0,0.0
2022-02-24 00:00:00+09:00,11309.64230093477,11552.33848765011,11066.946114219432,11115.4853515625,379289,0.0,0.0
2022-02-25 00:00:00+09:00,11503.799628249739,11843.574300814076,11358.18191143645,11552.3388671875,552880,0.0,0.0
2022-02-28 00:00:00+09:00,11552.3388671875,11552.3388671875,11552.3388671875,11552.3388671875,0,0.0,0.0
2022-03-02 00:00:00+09:00,11552.339223053496,11600.878463486493,11309.643020888507,11455.2607421875,263323,0.0,0.0
2022-03-03 00:00:00+09:00,11552.33806368671,11649.416534810127,11406.720357001583,11503.798828125,247407,0.0,0.0
2022-03-04 00:00:00+09:00,11503.798828125,11503.798828125,11503.798828125,11503.798828125,0,0.0,0.0
2022-03-07 00:00:00+09:00,11309.64230093477,11406.720775620906,11066.946114219432,11115.4853515625,271501,0.0,0.0
2022-03-08 00:00:00+09:00,10872.788888888888,11115.485069444445,10775.710416666667,10921.328125,311016,0.0,0.0
2022-03-10 00:00:00+09:00,10921.328125,10921.328125,10921.328125,10921.328125,0,0.0,0.0
2022-03-11 00:00:00+09:00,10921.328125,10921.328125,10921.328125,10921.328125,0,0.0,0.0
2022-03-14 00:00:00+09:00,10921.328125,11309.64201388889,10824.249652777778,10921.328125,277400,0.0,0.0
2022-03-15 00:00:00+09:00,10921.328125,10921.328125,10921.328125,10921.328125,0,0.0,0.0
2022-03-16 00:00:00+09:00,10921.328125,10921.328125,10921.328125,10921.328125,0,0.0,0.0
2022-03-17 00:00:00+09:00,10921.328125,10921.328125,10921.328125,10921.328125,0,0.0,0.0
2022-03-18 00:00:00+09:00,12474.58435150376,13445.36912593985,12328.966635338345,12911.4375,2358427,0.0,0.0
2022-03-21 00:00:00+09:00,12911.4375,12911.4375,12911.4375,12911.4375,0,0.0,0.0
2022-03-22 00:00:00+09:00,12911.437421013326,13251.21208998736,12717.280467313878,13202.6728515625,613734,0.0,0.0
2022-03-23 00:00:00+09:00,13251.2119140625,13348.290389623398,12862.89801181891,13251.2119140625,509169,0.0,0.0
2022-03-24 00:00:00+09:00,13154.133438501603,13348.290389623398,13008.515725160256,13251.2119140625,463186,0.0,0.0
2022-03-25 00:00:00+09:00,13688.065696022728,13882.22265625,12814.359375,13348.291015625,1413676,0.0,0.0
2022-03-28 00:00:00+09:00,13299.750736766015,14027.839280749555,13105.593791703737,13639.525390625,1580690,0.0,0.0
2022-03-29 00:00:00+09:00,13590.986758961397,13785.143712660845,12959.976659438189,13202.6728515625,685266,0.0,0.0
2022-03-30 00:00:00+09:00,13251.211053422887,13493.9072265625,12717.279472515738,13493.9072265625,756378,0.0,0.0
2022-03-31 00:00:00+09:00,13493.908299746025,13736.6044921875,13299.751345792845,13736.6044921875,514238,0.0,0.0
2022-04-01 00:00:00+09:00,13785.14228515625,13785.14228515625,13445.367651367187,13590.9853515625,384390,0.0,0.0
2022-04-04 00:00:00+09:00,13688.06406504479,14998.623390421417,13542.446362225162,14901.544921875,2822743,0.0,0.0
2022-04-05 00:00:00+09:00,14998.62367802954,15144.241383641478,14658.849031601687,15095.7021484375,882242,0.0,0.0
2022-04-06 00:00:00+09:00,14804.467950118215,14998.624906841078,14513.232515033922,14755.9287109375,563485,0.0,0.0
2022-04-07 00:00:00+09:00,14464.692592075893,14998.624197823661,14270.53564453125,14950.0849609375,790625,0.0,0.0
2022-04-08 00:00:00+09:00,15095.703563115369,15095.703563115369,13833.683329543022,14173.4580078125,1006819,0.0,0.0
2022-04-11 00:00:00+09:00,13882.221506152004,14416.153102542465,13736.603798045513,13930.7607421875,545861,0.0,0.0
2022-04-12 00:00:00+09:00,13688.064733118445,13979.30015297203,13542.447023191653,13882.2216796875,471297,0.0,0.0
2022-04-13 00:00:00+09:00,13979.29865916955,14124.9163535359,13736.602501892301,14027.837890625,324187,0.0,0.0
2022-04-14 00:00:00+09:00,14173.457481461865,14367.614433262712,13979.300529661017,14319.0751953125,277810,0.0,0.0
2022-04-15 00:00:00+09:00,14124.91833984375,14561.771484375,13979.300625,14561.771484375,280952,0.0,0.0
2022-04-18 00:00:00+09:00,14513.23224609375,15338.399296875,14464.6930078125,14561.771484375,714024,0.0,0.0
2022-04-19 00:00:00+09:00,14610.310722656252,14950.085390625001,14367.614531250001,14561.771484375,316341,0.0,0.0
2022-04-20 00:00:00+09:00,14658.849860963983,14658.849860963983,14221.996719412076,14319.0751953125,330608,0.0,0.0
2022-04-21 00:00:00+09:00,14464.69192583133,15484.015853490584,14464.69192583133,15144.2412109375,1243624,0.0,0.0
2022-04-22 00:00:00+09:00,15289.86025705645,15969.409601814516,14998.624823588709,15047.1640625,1030107,0.0,0.0
2022-04-25 00:00:00+09:00,14610.310302734375,15095.702671595982,14513.231828962053,14950.0849609375,460768,0.0,0.0
2022-04-26 00:00:00+09:00,15095.702602507963,15678.173442476116,14804.467182523886,15241.3203125,584452,0.0,0.0
2022-04-27 00:00:00+09:00,14658.849997573758,15629.634765625,14610.310759171196,15629.634765625,730033,0.0,0.0
2022-04-28 00:00:00+09:00,15726.7119140625,16163.565022786459,15386.937273943866,15726.7119140625,672099,0.0,0.0
2022-04-29 00:00:00+09:00,15726.712370986237,15920.86931383792,15241.320013857032,15872.330078125,377161,0.0,0.0
2022-05-02 00:00:00+09:00,15484.0164016135,16357.72265625,15484.0164016135,16357.72265625,507374,0.0,0.0
2022-05-03 00:00:00+09:00,16357.723377316497,16988.733477925143,16163.566423283066,16697.498046875,459421,0.0,0.0
2022-05-04 00:00:00+09:00,16746.037248883928,16843.115725689055,15532.556288819876,15629.634765625,847111,0.0,0.0
2022-05-06 00:00:00+09:00,15386.937782929323,15775.251670195677,15241.32007520444,15581.0947265625,428972,0.0,0.0
2022-05-10 00:00:00+09:00,14221.996741600286,14998.624550015318,14076.379027522467,14853.0068359375,632535,0.0,0.0
2022-05-11 00:00:00+09:00,14658.849681957348,14901.54586874472,14124.918071025128,14367.6142578125,472349,0.0,0.0
2022-05-12 00:00:00+09:00,14076.378763969371,15289.859691897766,14076.378763969371,14658.849609375,824778,0.0,0.0
2022-05-13 00:00:00+09:00,14901.54565585191,15435.477259156052,14901.54565585191,15241.3203125,418470,0.0,0.0
2022-05-16 00:00:00+09:00,15338.398961661342,15435.477436102237,14950.085063897764,15192.78125,267699,0.0,0.0
2022-05-17 00:00:00+09:00,15144.242211687306,15775.252303840944,14950.085260255417,15678.173828125,293043,0.0,0.0
2022-05-18 00:00:00+09:00,15823.791719235249,15823.791719235249,15289.860096807066,15629.634765625,244811,0.0,0.0
2022-05-19 00:00:00+09:00,15144.242211687306,15775.252303840944,15047.163735971362,15678.173828125,343546,0.0,0.0
2022-05-20 00:00:00+09:00,15920.869423004518,16163.565603233246,15581.0947706843,16115.0263671875,469083,0.0,0.0
2022-05-23 00:00:00+09:00,16600.420372146335,16648.959613000563,16115.027963604043,16212.1064453125,448705,0.0,0.0
2022-05-24 00:00:00+09:00,16115.026679574928,17085.811419308357,15969.408968614913,16843.115234375,990959,0.0,0.0
2022-05-25 00:00:00+09:00,17231.42873898499,18833.223523172324,16988.732559562664,18590.52734375,3865046,0.0,0.0
2022-05-26 00:00:00+09:00,18250.75180967514,18347.83027674788,16746.03557004767,17182.888671875,1526365,0.0,0.0
2022-05-27 00:00:00+09:00,17134.351918625358,17377.048121438747,16843.116475249288,17037.2734375,429925,0.0,0.0
2022-05-30 00:00:00+09:00,17085.812322946178,17425.586999822946,17037.273083392352,17134.3515625,348304,0.0,0.0
2022-05-31 00:00:00+09:00,17377.046014118456,18202.213003615703,17231.42831008953,17619.7421875,577721,0.0,0.0
2022-06-02 00:00:00+09:00,17571.20402725883,18250.753354279892,17377.047076681385,17862.439453125,343006,0.0,0.0
2022-06-03 00:00:00+09:00,18202.21229989782,18396.36923109673,17619.741506301092,17813.8984375,277289,0.0,0.0
2022-06-07 00:00:00+09:00,17862.439982876713,18105.136178296234,17619.74378745719,17716.822265625,231942,0.0,0.0
2022-06-08 00:00:00+09:00,17716.823160807293,17910.980126953124,17085.81302083333,17474.126953125,292361,0.0,0.0
2022-06-09 00:00:00+09:00,17522.66619466146,17862.440885416665,17182.89150390625,17474.126953125,300819,0.0,0.0
2022-06-10 00:00:00+09:00,17231.4296875,17571.204357394367,17182.89044894366,17231.4296875,198812,0.0,0.0
2022-06-13 00:00:00+09:00,16697.496783088234,17182.889131433825,16454.80060891544,16503.33984375,515291,0.0,0.0
2022-06-14 00:00:00+09:00,16017.948707757994,16746.037285383358,15969.409469249636,16697.498046875,448297,0.0,0.0
2022-06-15 00:00:00+09:00,16697.497823142414,16746.037061000385,15532.556114551084,15678.173828125,629743,0.0,0.0
2022-06-16 00:00:00+09:00,16115.026256689602,16503.340142392964,15872.330078125,15872.330078125,323957,0.0,0.0
2022-06-17 00:00:00+09:00,15435.475481305804,16503.338564918155,15289.857788085938,16309.181640625,423907,0.0,0.0
2022-06-20 00:00:00+09:00,16454.801818468557,16454.801818468557,15386.93857361219,15629.634765625,377668,0.0,0.0
2022-06-21 00:00:00+09:00,15629.633435973128,15823.790373065962,14610.30951623575,14901.544921875,596404,0.0,0.0
2022-06-22 00:00:00+09:00,15047.162919855444,15144.241390306122,14221.99592102466,14270.53515625,489222,0.0,0.0
2022-06-23 00:00:00+09:00,14319.075816761364,14707.38973721591,13348.291015625,13348.291015625,831091,0.0,0.0
2022-06-24 00:00:00+09:00,13590.986626059323,14367.614433262712,13154.133484507416,14319.0751953125,691774,0.0,0.0
2022-06-27 00:00:00+09:00,14561.771407781862,14950.085311989378,14319.075217652164,14853.0068359375,365375,0.0,0.0
2022-06-28 00:00:00+09:00,14853.006735361296,15144.242161544851,14416.153596085964,14610.310546875,386801,0.0,0.0
2022-06-29 00:00:00+09:00,14319.074652777777,14367.613888888889,13105.59375,13105.59375,1770464,0.0,0.0
2022-06-30 00:00:00+09:00,13202.672176640926,13445.36835635859,12474.583637487935,12571.662109375,996216,0.0,0.0
2022-07-01 00:00:00+09:00,12814.359190452757,13154.133865957187,12134.809839443898,12328.966796875,1079544,0.0,0.0
2022-07-04 00:00:00+09:00,12571.661703125,12814.357875,11892.112421875001,12134.80859375,1135428,0.0,0.0
2022-07-05 00:00:00+09:00,12328.966100411822,12668.740756722384,12183.348390564437,12523.123046875,879054,0.0,0.0
2022-07-06 00:00:00+09:00,12426.04435483871,12620.201297883064,11989.191232988911,12037.73046875,914027,0.0,0.0
2022-07-07 00:00:00+09:00,12280.42624282837,12523.122413635254,12037.730072021484,12426.0439453125,611708,0.0,0.0
2022-07-08 00:00:00+09:00,12717.28017084144,12911.437120014592,12426.044747081713,12474.583984375,918106,0.0,0.0
2022-07-11 00:00:00+09:00,12571.66317471591,13008.516335227274,12523.123934659092,12814.359375,784449,0.0,0.0
2022-07-12 00:00:00+09:00,12668.7406473876,12862.897592175148,12231.887521615614,12280.4267578125,564586,0.0,0.0
2022-07-13 00:00:00+09:00,12426.045454545456,12911.437855113636,12183.349254261364,12814.359375,746530,0.0,0.0
2022-07-14 00:00:00+09:00,12717.279753832549,13057.054403744105,12571.662046727595,12862.8974609375,475974,0.0,0.0
2022-07-15 00:00:00+09:00,12959.976284012595,12959.976284012595,12474.583913824858,12765.8193359375,437717,0.0,0.0
2022-07-18 00:00:00+09:00,13008.516335227274,13396.830255681818,12911.437855113636,13348.291015625,664201,0.0,0.0
2022-07-19 00:00:00+09:00,13154.1328125,13348.289754381918,13008.51510608856,13154.1328125,467311,0.0,0.0
2022-07-20 00:00:00+09:00,13348.289930555555,13445.368402777778,12959.976041666667,13105.59375,596087,0.0,0.0
2022-07-21 00:00:00+09:00,13202.672158061594,13542.446809188179,13008.515214560688,13396.8291015625,672007,0.0,0.0
2022-07-22 00:00:00+09:00,13396.829524253732,13445.368761660447,13008.515625,13008.515625,417482,0.0,0.0
2022-07-25 00:00:00+09:00,13008.51510608856,13154.1328125,12814.358164206642,13154.1328125,333613,0.0,0.0
2022-07-26 00:00:00+09:00,13057.054790858805,13348.290213703238,13008.515553718065,13299.7509765625,283112,0.0,0.0
2022-07-27 00:00:00+09:00,13493.907681828292,13736.603863156139,13396.829209297153,13639.525390625,813456,0.0,0.0
2022-07-28 00:00:00+09:00,13930.761020725946,14464.692627792096,13639.525598689863,14124.91796875,1064465,0.0,0.0
2022-07-29 00:00:00+09:00,14270.53515625,14658.849038052722,14076.37821534864,14270.53515625,665618,0.0,0.0
2022-08-01 00:00:00+09:00,14755.92838130915,15920.87009562303,14755.92838130915,15386.9384765625,2684539,0.0,0.0
2022-08-02 00:00:00+09:00,15629.634590267027,16212.105444562692,15435.477638835138,15678.173828125,2023264,0.0,0.0
2022-08-03 00:00:00+09:00,16017.9482421875,16115.026716382576,15386.938159919508,16017.9482421875,906118,0.0,0.0
2022-08-04 00:00:00+09:00,16066.488722749813,16357.724167875187,15726.71403677021,16212.1064453125,706150,0.0,0.0
2022-08-05 00:00:00+09:00,16115.027520770394,16309.184478851965,15823.792083648037,16066.48828125,531211,0.0,0.0
2022-08-08 00:00:00+09:00,16115.026133849558,16697.496957964602,15969.408427820797,16454.80078125,855444,0.0,0.0
2022-08-09 00:00:00+09:00,16551.88262975146,16843.11810124269,16163.568667763157,16600.421875,749845,0.0,0.0
2022-08-10 00:00:00+09:00,16503.3405754683,17279.96836725504,16309.183627521614,16843.115234375,683567,0.0,0.0
2022-08-11 00:00:00+09:00,17134.35357273392,17134.35357273392,16503.343384502925,16600.421875,573522,0.0,0.0
2022-08-12 00:00:00+09:00,16406.261203262464,17134.34971820015,15435.476516678886,16551.87890625,1639724,0.0,0.0
2022-08-16 00:00:00+09:00,16648.958808366642,17037.2727164335,16503.34109284157,16697.498046875,514251,0.0,0.0
2022-08-17 00:00:00+09:00,16746.03641542801,16988.732595361747,16454.800999507523,16940.193359375,571226,0.0,0.0
2022-08-18 00:00:00+09:00,16794.57688562323,17813.90091625354,16746.037646069406,17134.3515625,871717,0.0,0.0
2022-08-19 00:00:00+09:00,17328.505493164062,17425.58395531064,16309.181640625,16309.181640625,732195,0.0,0.0
2022-08-22 00:00:00+09:00,16115.027520770394,16551.88067645393,15969.409802209215,16066.48828125,521661,0.0,0.0
2022-08-23 00:00:00+09:00,15872.330186958772,16357.722547416228,15726.712478821537,16115.0263671875,487640,0.0,0.0
2022-08-24 00:00:00+09:00,16212.104320195895,16406.261258162314,15969.408147737873,16260.6435546875,356437,0.0,0.0
2022-08-25 00:00:00+09:00,16454.800492653918,16503.33972714552,16066.486616721082,16260.6435546875,409901,0.0,0.0
2022-08-26 00:00:00+09:00,16309.182110363925,16406.260575306565,15338.3974609375,15338.3974609375,1014286,0.0,0.0
2022-08-29 00:00:00+09:00,14707.389390120969,15144.24254032258,14513.232434475807,15047.1640625,611543,0.0,0.0
2022-08-30 00:00:00+09:00,15192.779763523537,15435.475925880142,15047.162066109573,15338.3974609375,351362,0.0,0.0
2022-08-31 00:00:00+09:00,15241.319405048076,16017.947145432692,14998.623236177884,15775.2509765625,566011,0.0,0.0
2022-09-01 00:00:00+09:00,15726.71132070807,15823.789785650712,15241.318995994858,15338.3974609375,494347,0.0,0.0
2022-09-02 00:00:00+09:00,15484.016254745911,15872.330142012266,15435.477018837617,15581.0947265625,412501,0.0,0.0
2022-09-05 00:00:00+09:00,15484.016495820064,15581.09496914809,15095.702602507963,15241.3203125,331178,0.0,0.0
2022-09-06 00:00:00+09:00,15289.858228466179,15678.172088236748,15192.779763523537,15338.3974609375,354663,0.0,0.0
2022-09-07 00:00:00+09:00,15192.780445587941,15338.398149539262,14755.927333733975,15144.2412109375,338303,0.0,0.0
2022-09-08 00:00:00+09:00,15386.9384765625,15823.791619430205,15241.320762273266,15386.9384765625,416695,0.0,0.0
2022-09-13 00:00:00+09:00,15823.79242343305,17134.351918625358,15726.713942307693,17037.2734375,1941789,0.0,0.0
2022-09-14 00:00:00+09:00,16454.799520993365,17474.1233851257,16357.721057742667,17377.044921875,1434199,0.0,0.0
2022-09-15 00:00:00+09:00,17522.665036686434,20726.25476638534,17085.811891727495,19949.626953125,6606698,0.0,0.0
2022-09-16 00:00:00+09:00,19949.62801419772,20386.481182391828,19706.931809645434,20192.32421875,2710227,0.0,0.0
2022-09-19 00:00:00+09:00,20483.55782023515,20483.55782023515,19027.3807240099,19609.8515625,2304759,0.0,0.0
2022-09-20 00:00:00+09:00,19901.08628216912,21599.95950137868,19561.311638327206,21454.341796875,4262538,0.0,0.0
2022-09-21 00:00:00+09:00,21114.569424715908,21405.80486505682,19998.166903409092,20289.40234375,2295237,0.0,0.0
2022-09-22 00:00:00+09:00,19318.61529645477,19949.625343826407,18736.144483496333,19852.546875,3084621,0.0,0.0
2022-09-23 00:00:00+09:00,19755.470174352133,20483.55875571646,19221.538548018292,19901.087890625,1849613,0.0,0.0
2022-09-26 00:00:00+09:00,19464.235078327394,20143.784432682965,18493.450286390867,18736.146484375,2030237,0.0,0.0
2022-09-27 00:00:00+09:00,18784.684708436725,19561.3125,18153.674627791563,19561.3125,1723274,0.0,0.0
2022-09-28 00:00:00+09:00,19221.539256733424,19318.617737828037,17328.508875388467,17571.205078125,1937146,0.0,0.0
2022-09-29 00:00:00+09:00,18347.831015625,18639.06642857143,16988.732421875,16988.732421875,1742202,0.0,0.0
2022-09-30 00:00:00+09:00,16746.036934384032,17474.125496748555,16212.105321983381,16794.576171875,1708010,0.0,0.0
2022-10-04 00:00:00+09:00,17231.43004160765,17571.20471848442,16697.49840651558,17134.3515625,1040607,0.0,0.0
2022-10-05 00:00:00+09:00,17474.1243585044,17716.820530150293,16309.182734604106,16551.87890625,1162563,0.0,0.0
2022-10-06 00:00:00+09:00,17037.272918450344,18008.057700128425,16988.73367936644,17716.822265625,1825629,0.0,0.0
2022-10-07 00:00:00+09:00,17377.047286712725,19561.313007109577,17279.968810250644,18881.763671875,3487377,0.0,0.0
2022-10-11 00:00:00+09:00,18541.989873417722,19221.53924050633,18299.293670886076,19173.0,1609231,0.0,0.0
2022-10-12 00:00:00+09:00,19124.460220849483,19415.695655684754,18250.75391634367,18784.685546875,1170583,0.0,0.0
2022-10-13 00:00:00+09:00,18493.449889964788,18590.528367077466,17231.4296875,17231.4296875,1309990,0.0,0.0
2022-10-14 00:00:00+09:00,17910.976903099454,18105.133834298365,17619.741506301092,17813.8984375,901015,0.0,0.0
2022-10-17 00:00:00+09:00,17425.584976520942,18444.90888879654,17377.04574260306,18250.751953125,987793,0.0,0.0
2022-10-18 00:00:00+09:00,18541.98845554462,19075.920060285433,18105.135324393046,18493.44921875,1095100,0.0,0.0
2022-10-19 00:00:00+09:00,18541.989883545575,18833.225326742628,18105.13671875,18105.13671875,895016,0.0,0.0
2022-10-20 00:00:00+09:00,18250.754077953297,18493.450275798423,17279.969286572803,17668.283203125,902800,0.0,0.0
2022-10-21 00:00:00+09:00,17571.20254016596,17813.89870784781,17134.34943833863,17182.888671875,544271,0.0,0.0
2022-10-24 00:00:00+09:00,17668.283559219613,18008.05824305076,17425.58735648308,17571.205078125,690116,0.0,0.0
2022-10-25 00:00:00+09:00,17765.358774877794,17862.437238128492,17134.348763748254,17377.044921875,468883,0.0,0.0
2022-10-26 00:00:00+09:00,17425.586118016097,17522.664592211175,15823.791293797349,16017.9482421875,1618125,0.0,0.0
2022-10-27 00:00:00+09:00,16115.0263671875,16212.10483927899,15726.712478821537,16115.0263671875,634457,0.0,0.0
2022-10-28 00:00:00+09:00,15872.33070443104,16454.801555969792,15726.712991546352,15969.4091796875,534947,0.0,0.0
2022-10-31 00:00:00+09:00,16163.565603233246,16309.183311370482,15969.408659050263,16115.0263671875,352958,0.0,0.0
2022-11-01 00:00:00+09:00,16163.566423283066,16794.576523891716,16017.948707757994,16697.498046875,673895,0.0,0.0
2022-11-02 00:00:00+09:00,16551.881131292103,16746.03809470902,16066.488722749813,16212.1064453125,512115,0.0,0.0
2022-11-03 00:00:00+09:00,15872.329790900736,16600.41831341912,15775.251321231619,16503.33984375,484376,0.0,0.0
2022-11-04 00:00:00+09:00,16600.41779792274,17037.270897868075,16454.800097940963,16648.95703125,643588,0.0,0.0
2022-11-07 00:00:00+09:00,16600.41814057918,16697.496609237536,16406.261203262464,16551.87890625,288592,0.0,0.0
2022-11-08 00:00:00+09:00,16746.038330078125,17716.823160807293,16746.038330078125,17474.126953125,1218021,0.0,0.0
2022-11-09 00:00:00+09:00,17619.743237920167,17716.821713060224,17231.429337359943,17328.5078125,590526,0.0,0.0
2022-11-10 00:00:00+09:00,17037.27130655317,17425.585182486007,15969.408147737873,16260.6435546875,1069248,0.0,0.0
2022-11-11 00:00:00+09:00,16794.57542865044,16794.57542865044,16260.64383987832,16454.80078125,806936,0.0,0.0
2022-11-14 00:00:00+09:00,16551.877795991444,16746.0347202846,16260.642409551712,16309.181640625,518638,0.0,0.0
2022-11-15 00:00:00+09:00,16454.80016882945,17328.50637248411,16357.721701756709,17182.888671875,1007384,0.0,0.0
2022-11-16 00:00:00+09:00,17134.35121038732,17231.4296875,16746.03730193662,17231.4296875,489750,0.0,0.0
2022-11-17 00:00:00+09:00,17279.969286572803,18202.214838384272,17037.27308872768,17668.283203125,1501670,0.0,0.0
2022-11-18 00:00:00+09:00,17910.978515625,18784.684784679877,17668.282329776423,17910.978515625,1695308,0.0,0.0
2022-11-21 00:00:00+09:00,18008.05861002604,18250.754817708334,17279.969986979166,17474.126953125,805362,0.0,0.0
2022-11-22 00:00:00+09:00,17474.12380790191,18299.290765497277,17328.506109502727,17813.8984375,1052344,0.0,0.0
2022-11-23 00:00:00+09:00,17910.978341427366,18105.135288217905,17668.28215793919,17959.517578125,441295,0.0,0.0
2022-11-24 00:00:00+09:00,18153.673828125,18250.75229779412,17474.12454044118,18153.673828125,745318,0.0,0.0
2022-11-25 00:00:00+09:00,18153.674174647178,18396.37035345262,17959.517231602822,18056.595703125,449144,0.0,0.0
2022-11-28 00:00:00+09:00,17862.4375877809,17910.97682035639,17182.888331724018,17279.966796875,744409,0.0,0.0
2022-11-29 00:00:00+09:00,17182.887995373603,17474.1233851257,17134.348763748254,17377.044921875,370787,0.0,0.0
2022-11-30 00:00:00+09:00,17328.507425242457,17377.04666172773,16843.11506038973,16891.654296875,510198,0.0,0.0
2022-12-01 00:00:00+09:00,17231.43004160765,17377.047760269124,17037.273083392352,17134.3515625,370338,0.0,0.0
2022-12-02 00:00:00+09:00,17134.350303321993,17377.04648325573,16794.575651414758,16940.193359375,317589,0.0,0.0
2022-12-05 00:00:00+09:00,17085.81267806268,17377.048121438747,16940.194956374646,17037.2734375,278651,0.0,0.0
2022-12-06 00:00:00+09:00,16794.57885599415,16940.196591739765,16454.804139254386,16600.421875,300863,0.0,0.0
2022-12-07 00:00:00+09:00,16357.725648757309,16794.57885599415,16309.186403508771,16600.421875,235273,0.0,0.0
2022-12-08 00:00:00+09:00,16697.498046875,16940.19423941679,16600.419569858284,16697.498046875,236315,0.0,0.0
2022-12-09 00:00:00+09:00,16794.576523891716,16843.115762400073,16357.723377316497,16697.498046875,245294,0.0,0.0
2022-12-12 00:00:00+09:00,16551.87907858456,16648.95754825368,16406.261374080885,16503.33984375,184253,0.0,0.0
2022-12-13 00:00:00+09:00,16600.41831341912,16794.575252757353,16357.722139246323,16503.33984375,283891,0.0,0.0
2022-12-14 00:00:00+09:00,16600.419049441643,16843.115234375,16551.879812454972,16843.115234375,220512,0.0,0.0
2022-12-15 00:00:00+09:00,16697.498753561256,17231.430399750712,16648.959512998576,17037.2734375,329888,0.0,0.0
2022-12-16 00:00:00+09:00,16648.95703125,16843.113964559037,16454.800097940963,16648.95703125,278931,0.0,0.0
2022-12-19 00:00:00+09:00,16697.49700892857,17231.428599330357,16551.879302455356,16988.732421875,374622,0.0,0.0
2022-12-20 00:00:00+09:00,16940.194956374646,17522.665843126782,16697.498753561256,17037.2734375,668218,0.0,0.0
2022-12-21 00:00:00+09:00,17231.428952271912,17231.428952271912,16697.497350933907,16891.654296875,219084,0.0,0.0
2022-12-22 00:00:00+09:00,16988.732595361747,17182.88953930874,16843.114887401505,16940.193359375,234994,0.0,0.0
2022-12-23 00:00:00+09:00,16600.41866216716,16648.95789802145,16212.10477533284,16406.26171875,377581,0.0,0.0
2022-12-26 00:00:00+09:00,16309.182789179104,16503.33972714552,15969.408147737873,16260.6435546875,332422,0.0,0.0
2022-12-27 00:00:00+09:00,16309.183459051725,16988.73276984555,16309.183459051725,16891.654296875,472049,0.0,0.0
2022-12-28 00:00:00+09:00,16989.862878313037,17333.58842787428,16940.759228375715,17137.173828125,340727,200.0,0.0
2022-12-29 00:00:00+09:00,17186.27816133721,17333.589117005813,16744.345294331393,16891.65625,260674,0.0,0.0
2023-01-02 00:00:00+09:00,16940.759254945526,17137.173855002868,15860.47895463016,16056.8935546875,558057,0.0,0.0
2023-01-03 00:00:00+09:00,16547.929643110794,17382.691672585228,16155.100452769886,17284.484375,1453609,0.0,0.0
2023-01-04 00:00:00+09:00,17235.379814806754,17628.208984375,17137.172522414694,17628.208984375,770849,0.0,0.0
2023-01-05 00:00:00+09:00,17628.210745574423,17824.625349981936,16940.75963014812,16989.86328125,723316,0.0,0.0
2023-01-06 00:00:00+09:00,16744.34310617209,17971.934242988227,16744.34310617209,17726.416015625,1162555,0.0,0.0
2023-01-09 00:00:00+09:00,18021.037641575727,18855.7996031746,17922.83035197586,18561.177734375,1831980,0.0,0.0
2023-01-10 00:00:00+09:00,18708.4897067776,19985.184542410716,18610.2824117289,18904.904296875,3501422,0.0,0.0
2023-01-11 00:00:00+09:00,19003.11040567282,19052.214050131926,18217.45209432718,18610.28125,1143872,0.0,0.0
2023-01-12 00:00:00+09:00,18610.283402203855,18806.69800275482,17775.521349862258,17824.625,1081429,0.0,0.0
2023-01-13 00:00:00+09:00,17873.727337466487,18364.7638027815,17824.623690934986,18315.66015625,730789,0.0,0.0
2023-01-16 00:00:00+09:00,18364.76433350271,18512.075277354335,18070.142445799458,18119.24609375,715185,0.0,0.0
2023-01-17 00:00:00+09:00,18119.246969288793,18512.076171875,17824.625067349138,18512.076171875,721199,0.0,0.0
2023-01-18 00:00:00+09:00,18855.801923076924,19297.73478064904,18462.972716346154,19150.423828125,1652474,0.0,0.0
2023-01-19 00:00:00+09:00,18855.798828125,19592.353469848633,18610.28061421712,18855.798828125,1105831,0.0,0.0
2023-01-20 00:00:00+09:00,18855.79924242424,19788.76847577336,18659.38466698232,19445.04296875,1458958,0.0,0.0
2023-01-25 00:00:00+09:00,19631.63681541982,20476.219489820076,19602.174629103534,19445.04296875,22361,0.0,0.0
2023-01-26 00:00:00+09:00,19985.18736117494,21261.882376876532,18433.511880553004,20034.291015625,58030,0.0,0.0
2023-01-27 00:00:00+09:00,18826.338128961965,19062.035632923933,18629.923542326997,18590.640625,18989,0.0,0.0
2023-01-30 00:00:00+09:00,19150.42305658382,19150.42305658382,18325.481755684825,18571.0,11539,0.0,0.0
2023-01-31 00:00:00+09:00,18364.76346799357,19837.872837083964,18364.76346799357,19474.505859375,59750,0.0,0.0
2023-02-01 00:00:00+09:00,20378.013488800625,21114.568193215106,19101.318667815525,19278.091796875,28259,0.0,0.0
2023-02-02 00:00:00+09:00,19346.83720934818,19936.08098222173,19209.346995677686,19454.865234375,25180,0.0,0.0
2023-02-03 00:00:00+09:00,19621.815354253653,19631.636082659188,18826.33635340553,18816.515625,13153,0.0,0.0
2023-02-06 00:00:00+09:00,18590.642549635333,18620.104740680712,18168.35114465154,18178.171875,6058,0.0,0.0
2023-02-07 00:00:00+09:00,18178.171875,18531.71816754457,18168.35114465154,18178.171875,7023,0.0,0.0
2023-02-08 00:00:00+09:00,18698.66978784704,18914.725846320063,18571.000298749346,18747.7734375,4363,0.0,0.0
2023-02-09 00:00:00+09:00,18639.74493734944,18698.669315444324,18305.840128145075,18345.123046875,3046,0.0,0.0
2023-02-10 00:00:00+09:00,18237.09625709076,18462.973055105347,18089.785301863856,18178.171875,5208,0.0,0.0
2023-02-13 00:00:00+09:00,18178.169178759894,18659.384894459105,18129.065534300793,18610.28125,5647,0.0,0.0
2023-02-14 00:00:00+09:00,18757.592999517696,18757.592999517696,18315.66018015733,18453.150390625,2296,0.0,0.0
2023-02-15 00:00:00+09:00,18462.971587782056,18561.17888346175,17824.62416586406,17844.265625,4177,0.0,0.0
2023-02-16 00:00:00+09:00,17971.934736423347,18217.45297052749,17854.08598405336,18129.06640625,4586,0.0,0.0
2023-02-17 00:00:00+09:00,17903.189477578933,18217.45281454137,17863.90656045863,18040.6796875,2154,0.0,0.0
2023-02-20 00:00:00+09:00,17971.9361372086,18345.123882134245,17677.314233319936,18325.482421875,3768,0.0,0.0
2023-02-21 00:00:00+09:00,18305.83911410395,18600.460988257986,18119.245260473064,18138.88671875,4772,0.0,0.0
2023-02-22 00:00:00+09:00,17824.623690934986,18462.971095844503,17824.623690934986,18315.66015625,4837,0.0,0.0
2023-02-23 00:00:00+09:00,18462.97311922781,19140.603515625,18364.76581540213,19140.603515625,22995,0.0,0.0
2023-02-24 00:00:00+09:00,19366.478992146596,19494.14847840314,18462.971858638743,18757.59375,7674,0.0,0.0
2023-02-27 00:00:00+09:00,18885.264299976738,20181.60069498294,18875.443569711537,19788.771484375,2934648,0.0,0.0
2023-02-28 00:00:00+09:00,20034.287392077196,20230.70197435246,19042.3937515871,19337.015625,1278361,0.0,0.0
2023-03-02 00:00:00+09:00,19287.91315445026,19405.761910994763,18688.848642015706,18757.59375,926520,0.0,0.0
2023-03-03 00:00:00+09:00,19071.85620272691,19346.836621715764,18482.612447750795,18502.25390625,998459,0.0,0.0
2023-03-06 00:00:00+09:00,18561.178764204546,19238.809100040584,18561.178764204546,18904.904296875,922059,0.0,0.0
2023-03-07 00:00:00+09:00,18993.288921059637,19003.1096495607,18433.507396498935,18443.328125,505785,0.0,0.0
2023-03-08 00:00:00+09:00,18580.822818554898,18816.52035959365,18217.455776120158,18246.91796875,611205,0.0,0.0
2023-03-09 00:00:00+09:00,19936.081489193282,23717.06246128166,19641.459595264318,22293.056640625,19267860,0.0,0.0
2023-03-10 00:00:00+09:00,23422.43958442752,24944.652639180673,22636.781233587186,23373.3359375,13623998,0.0,0.0
2023-03-13 00:00:00+09:00,22882.300841879158,22931.404491754434,20967.258496743347,22145.74609375,4556123,0.0,0.0
2023-03-14 00:00:00+09:00,24208.097826656878,24699.13429372903,21802.019138003358,21949.330078125,12969899,0.0,0.0
2023-03-15 00:00:00+09:00,23471.543482182504,28136.389990147647,22980.507007659857,27645.353515625,21509827,0.0,0.0
2023-03-16 00:00:00+09:00,28971.153357935513,32359.30519132119,27989.080362751258,29314.87890625,17557489,0.0,0.0
2023-03-17 00:00:00+09:00,27989.08087847808,31966.476582261806,27989.08087847808,29118.46484375,12932521,0.0,0.0
2023-03-20 00:00:00+09:00,30640.677449748742,30886.19569854481,29020.257007694723,29314.87890625,4153372,0.0,0.0
2023-03-21 00:00:00+09:00,29069.358693535825,31819.1628942757,28381.907643350856,31524.541015625,6981625,0.0,0.0
2023-03-22 00:00:00+09:00,31082.607069960584,34176.13668355856,30395.15604471659,32703.02734375,10017337,0.0,0.0
2023-03-23 00:00:00+09:00,32899.44399126838,35943.87015165441,31279.023615579044,33390.48046875,9431258,0.0,0.0
2023-03-24 00:00:00+09:00,34028.8278894761,34372.55342371324,32162.889275045956,33390.48046875,2977432,0.0,0.0
2023-03-27 00:00:00+09:00,33586.89511494253,39724.851093550446,32948.547693167304,38448.15625,9019050,0.0,0.0
2023-03-28 00:00:00+09:00,37809.80895573997,39626.64393153527,35354.6265560166,35501.9375,3554215,0.0,0.0
2023-03-29 00:00:00+09:00,34912.69245088015,35109.10703569523,33537.79035717461,34519.86328125,2297261,0.0,0.0
2023-03-30 00:00:00+09:00,36336.69817429813,37908.01485210561,35403.728896849934,36729.52734375,4701546,0.0,0.0
2023-03-31 00:00:00+09:00,35452.832291666666,35501.9359375,32408.40625,32408.40625,2566610,0.0,0.0
2023-04-03 00:00:00+09:00,32408.40702073991,33292.27266676009,31770.059609725336,32850.33984375,1570450,0.0,0.0
2023-04-04 00:00:00+09:00,32703.027457932694,33537.78942007211,31229.91811298077,31917.369140625,1496899,0.0,0.0
2023-04-05 00:00:00+09:00,31720.954450544294,33390.478368993994,31524.53987190315,32703.02734375,1581578,0.0,0.0
2023-04-06 00:00:00+09:00,33046.755993071056,33734.207083565845,32261.09760393415,32997.65234375,1566885,0.0,0.0
2023-04-07 00:00:00+09:00,33046.75390625,34127.03412309621,32457.51015160661,33046.75390625,1518900,0.0,0.0
2023-04-10 00:00:00+09:00,33194.066770186335,33243.17041925466,30395.158773291925,31622.75,1811468,0.0,0.0
2023-04-11 00:00:00+09:00,31279.024076293415,34127.035687635675,30247.84745839363,33930.62109375,3489394,0.0,0.0
2023-04-12 00:00:00+09:00,33046.75467375367,37711.60117302053,32850.34008431085,33488.6875,6543660,0.0,0.0
2023-04-13 00:00:00+09:00,33144.96242717161,33292.27337129237,31131.712857521186,31868.267578125,1787434,0.0,0.0
2023-04-14 00:00:00+09:00,32064.681796997644,32506.614624215068,31180.81614256279,31279.0234375,1163442,0.0,0.0
2023-04-17 00:00:00+09:00,30935.298430094786,31475.438561413903,30149.64005726698,31082.609375,1117005,0.0,0.0
2023-04-18 00:00:00+09:00,31033.506036931816,31082.60968572443,29855.018465909092,30247.84765625,952262,0.0,0.0
2023-04-19 00:00:00+09:00,30247.848463114755,30689.781314036885,29756.811962090163,29953.2265625,768753,0.0,0.0
2023-04-20 00:00:00+09:00,29609.500804805277,29855.01905360134,28971.153357935513,29314.87890625,1089875,0.0,0.0
2023-04-21 00:00:00+09:00,31573.643832488004,32015.57663885253,27989.077736420157,28136.388671875,3563870,0.0,0.0
2023-04-24 00:00:00+09:00,27989.07928466797,29167.566833496094,27203.42091878255,28283.701171875,1053247,0.0,0.0
2023-04-25 00:00:00+09:00,27989.07918149466,28529.21930604982,26908.798932384343,27596.25,894421,0.0,0.0
2023-04-26 00:00:00+09:00,27841.77043269231,28087.28869047619,26663.28279532967,26810.59375,681641,0.0,0.0
2023-04-27 00:00:00+09:00,26761.48884662829,27989.080078125,26761.48884662829,27989.080078125,766030,0.0,0.0
2023-04-28 00:00:00+09:00,29118.462555387126,29413.084436217352,26319.5546875,26319.5546875,1763373,0.0,0.0
2023-05-02 00:00:00+09:00,26614.177645596592,28087.287109375,26565.073996803978,28087.287109375,766931,0.0,0.0
2023-05-03 00:00:00+09:00,27498.044114399294,28627.428069097838,27252.525863377872,27792.666015625,610195,0.0,0.0
2023-05-04 00:00:00+09:00,27743.56040232358,28971.151570567985,27596.24946213425,28529.21875,923888,0.0,0.0
2023-05-08 00:00:00+09:00,28971.15419213328,31279.02579726932,28676.532285094636,31131.71484375,2786019,0.0,0.0
2023-05-09 00:00:00+09:00,31131.71249509419,32408.407329277863,30493.365078002353,31279.0234375,2330876,0.0,0.0
2023-05-10 00:00:00+09:00,31573.646312881097,31868.268206935976,29953.22589557927,30198.744140625,1149468,0.0,0.0
2023-05-11 00:00:00+09:00,30787.987485189573,31819.164099526068,30640.67654028436,31082.609375,1632829,0.0,0.0
2023-05-12 00:00:00+09:00,31180.81575012207,31573.644924926757,30346.05375366211,31426.333984375,963534,0.0,0.0
2023-05-15 00:00:00+09:00,31622.74805323697,31868.266283463967,30149.638671875,30149.638671875,920843,0.0,0.0
2023-05-16 00:00:00+09:00,30542.470069950687,30640.67736921098,28381.90948622427,28627.427734375,873313,0.0,0.0
2023-05-17 00:00:00+09:00,28627.425391291596,29118.46184740294,27989.077998346842,28774.736328125,418795,0.0,0.0
2023-05-18 00:00:00+09:00,29118.4651456526,31377.233099615536,29069.361494479494,31131.71484375,1800692,0.0,0.0
2023-05-19 00:00:00+09:00,30787.988558987956,32310.20170943234,30149.641108801603,32113.787109375,1410541,0.0,0.0
2023-05-22 00:00:00+09:00,32064.680466335005,32064.680466335005,30837.08933056414,31770.05859375,883605,0.0,0.0
2023-05-23 00:00:00+09:00,31720.954701618975,33046.75311794051,31377.229186276356,32604.8203125,1454864,0.0,0.0
2023-05-24 00:00:00+09:00,31966.474099731444,31966.474099731444,31131.712103271482,31426.333984375,753003,0.0,0.0
2023-05-25 00:00:00+09:00,31426.334645669293,32359.3039554626,31131.712758366142,31180.81640625,724483,0.0,0.0
2023-05-26 00:00:00+09:00,31622.74913194444,31770.060075105674,30444.26158665459,30493.365234375,486935,0.0,0.0
2023-05-30 00:00:00+09:00,31622.750083111703,32604.82306705927,31033.50629274316,32310.201171875,1520643,0.0,0.0
2023-05-31 00:00:00+09:00,32064.678963047107,33095.85546875,31475.4352455026,33095.85546875,1385443,0.0,0.0
2023-06-01 00:00:00+09:00,33046.75546066013,33832.41383713942,32604.822623890534,33194.06640625,1064605,0.0,0.0
2023-06-02 00:00:00+09:00,33685.10129578591,36533.11277560455,33488.68671097084,34519.86328125,4123443,0.0,0.0
2023-06-05 00:00:00+09:00,34667.17685574856,35010.90240530981,34225.24400631268,34274.34765625,802822,0.0,0.0
2023-06-07 00:00:00+09:00,34323.44765288254,34568.96587643678,33537.78933750898,34176.13671875,769339,0.0,0.0
2023-06-08 00:00:00+09:00,34077.93305650071,34519.865905936604,32948.54910794234,34274.34765625,793833,0.0,0.0
2023-06-09 00:00:00+09:00,34470.76042413917,34519.864071467004,33586.89477223816,34225.2421875,581728,0.0,0.0
2023-06-12 00:00:00+09:00,34568.96828908555,34765.38288163717,33194.06614122419,33292.2734375,663099,0.0,0.0
2023-06-13 00:00:00+09:00,33194.067685389135,33537.79323834435,32604.823880323052,33439.5859375,582327,0.0,0.0
2023-06-14 00:00:00+09:00,33586.894156678085,33635.99780310597,31917.370178129757,32261.095703125,726357,0.0,0.0
2023-06-15 00:00:00+09:00,32506.615768664513,32850.34131304616,31622.750083111703,32310.201171875,410004,0.0,0.0
2023-06-16 00:00:00+09:00,32457.511585984706,33046.75536666824,32064.68239886235,32506.615234375,378476,0.0,0.0
2023-06-19 00:00:00+09:00,32604.82236356932,33734.206270741146,32310.200474741887,33292.2734375,727801,0.0,0.0
2023-06-20 00:00:00+09:00,33488.68672223254,33488.68672223254,32261.095566725482,33046.75390625,473002,0.0,0.0
2023-06-21 00:00:00+09:00,32703.030757038738,32850.34170639477,30444.26286691294,30738.884765625,1037615,0.0,0.0
2023-06-22 00:00:00+09:00,30346.054953835228,31377.231578480114,30149.640358664772,30247.84765625,531913,0.0,0.0
2023-06-23 00:00:00+09:00,30640.6743285124,30738.881618026862,29069.357696280993,29707.705078125,531769,0.0,0.0
2023-06-26 00:00:00+09:00,29511.291936289985,29707.70652488426,28922.048170507154,29167.56640625,390864,0.0,0.0
2023-06-27 00:00:00+09:00,29069.361193086002,29756.812302381957,28823.842939766022,29118.46484375,379032,0.0,0.0
2023-06-28 00:00:00+09:00,29413.08674773398,30149.64150769393,29118.46484375,29118.46484375,362981,0.0,0.0
2023-06-29 00:00:00+09:00,29560.39769972597,29560.39769972597,28971.15389175801,29118.46484375,234294,0.0,0.0
2023-06-30 00:00:00+09:00,28922.045980363884,29413.082414665478,28087.284042051175,29265.771484375,317838,0.0,0.0
2023-07-03 00:00:00+09:00,29413.085538439576,29904.12202489099,29363.981889794435,29560.396484375,267338,0.0,0.0
2023-07-04 00:00:00+09:00,29609.501350389968,29658.605001053962,28823.842939766022,29118.46484375,285473,0.0,0.0
2023-07-05 00:00:00+09:00,29118.46484375,29265.77579574199,28283.702782462056,29118.46484375,312647,0.0,0.0
2023-07-06 00:00:00+09:00,29265.776431837978,29265.776431837978,28185.49609375,28185.49609375,370544,0.0,0.0
2023-07-07 00:00:00+09:00,27989.079811789772,28774.738192471592,27841.76886541193,28087.287109375,246722,0.0,0.0
2023-07-10 00:00:00+09:00,27989.07972110215,28087.287018369174,27056.11039706541,27399.8359375,414740,0.0,0.0
2023-07-11 00:00:00+09:00,27498.041538966725,28234.596223046192,27498.041538966725,28038.181640625,253104,0.0,0.0
2023-07-12 00:00:00+09:00,28332.8046875,28774.737516247835,27743.56091583622,28332.8046875,274621,0.0,0.0
2023-07-13 00:00:00+09:00,28332.804424384714,28872.94454339378,28283.70077720207,28431.01171875,270842,0.0,0.0
2023-07-14 00:00:00+09:00,28529.21649771677,28676.52742627641,27547.14364065251,27890.869140625,341216,0.0,0.0
2023-07-17 00:00:00+09:00,27645.35284334217,30149.638802508158,27203.42002701876,30100.53515625,989222,0.0,0.0
2023-07-18 00:00:00+09:00,30100.537996859162,30100.537996859162,28823.843073664484,29069.361328125,459121,0.0,0.0
2023-07-19 00:00:00+09:00,29069.360213414635,30395.158736661586,28431.012776295735,30198.744140625,728564,0.0,0.0
2023-07-20 00:00:00+09:00,30689.779770905338,32408.407438076036,29756.810465869814,31966.474609375,1516321,0.0,0.0
2023-07-21 00:00:00+09:00,31819.163425744515,33243.16919634111,31180.816011339146,31328.126953125,1497756,0.0,0.0
2023-07-24 00:00:00+09:00,31720.955601392132,32211.99206580997,30787.986318998246,31524.541015625,757332,0.0,0.0
2023-07-25 00:00:00+09:00,31229.92067907654,31475.4389234089,29511.29296875,29511.29296875,630339,0.0,0.0
2023-07-26 00:00:00+09:00,29511.2907361202,29609.49802642343,27939.974091268545,28136.388671875,782480,0.0,0.0
2023-07-27 00:00:00+09:00,28087.28528956911,30002.327468403368,28087.28528956911,28774.736328125,699003,0.0,0.0
2023-07-28 00:00:00+09:00,28971.152962239583,29904.122294921875,28922.04931315104,29462.189453125,398386,0.0,0.0
2023-07-31 00:00:00+09:00,30149.64116906299,31524.543372212444,29363.982767263304,31377.232421875,1032093,0.0,0.0
2023-08-01 00:00:00+09:00,31819.163930084746,32457.51135460805,30984.401913400423,31868.267578125,1234943,0.0,0.0
2023-08-02 00:00:00+09:00,32506.61437049279,33194.0654296875,30542.468487079328,30640.67578125,1160436,0.0,0.0
2023-08-03 00:00:00+09:00,30640.675634765623,31868.26680603027,30493.364694213866,31426.333984375,660482,0.0,0.0
2023-08-04 00:00:00+09:00,31279.023123400948,33881.51641310307,30935.297594572367,33586.89453125,2508731,0.0,0.0
2023-08-07 00:00:00+09:00,34077.930620957,35060.00354951484,32211.99205669711,32261.095703125,2836313,0.0,0.0
2023-08-08 00:00:00+09:00,32703.028124999997,33194.06458333333,31966.473437499997,32408.40625,790691,0.0,0.0
2023-08-09 00:00:00+09:00,32015.578655478395,32997.65162037037,31622.749469521605,31819.1640625,726731,0.0,0.0
2023-08-10 00:00:00+09:00,31868.268433394704,32457.51222569168,30493.366251368432,30837.091796875,647074,0.0,0.0
2023-08-11 00:00:00+09:00,30935.29662142581,32162.887757196677,30493.363812548298,31770.05859375,743448,0.0,0.0
2023-08-14 00:00:00+09:00,32015.57773139313,32555.71784649332,31573.644909947518,32162.888671875,621087,0.0,0.0
2023-08-16 00:00:00+09:00,31819.164322051496,31819.164322051496,29560.396484375,29560.396484375,708350,0.0,0.0
2023-08-17 00:00:00+09:00,28971.15389175801,29707.70865171796,28087.28817980607,29118.46484375,485401,0.0,0.0
2023-08-18 00:00:00+09:00,28480.115497945502,28823.84102981726,28332.80455571475,28381.908203125,327328,0.0,0.0
2023-08-21 00:00:00+09:00,28234.59752400716,28676.530354817707,28087.286580403645,28283.701171875,255831,0.0,0.0
2023-08-22 00:00:00+09:00,28676.531719302122,28725.635369506406,27694.45871521643,27792.666015625,251332,0.0,0.0
2023-08-23 00:00:00+09:00,27939.97723778258,28480.117395279256,27694.458984375,27694.458984375,215570,0.0,0.0
2023-08-24 00:00:00+09:00,28038.18303098517,29216.670583951272,27890.87208686441,28971.15234375,418436,0.0,0.0
2023-08-25 00:00:00+09:00,28234.59893588362,28627.428138469826,28234.59893588362,28480.1171875,171489,0.0,0.0
2023-08-28 00:00:00+09:00,29020.254815969325,29805.913152780675,28774.736585715775,29413.083984375,345451,0.0,0.0
2023-08-29 00:00:00+09:00,29904.119787355132,29953.22343232616,29118.461467818706,29658.6015625,211105,0.0,0.0
2023-08-30 00:00:00+09:00,29855.01824212272,30100.536484245436,29413.085406301823,29609.5,307392,0.0,0.0
2023-08-31 00:00:00+09:00,29658.602683683206,32261.09596552958,29560.395390028625,32162.888671875,1810211,0.0,0.0
2023-09-01 00:00:00+09:00,32310.20081511223,32899.444598974456,31229.920544698143,31720.95703125,1618793,0.0,0.0
2023-09-04 00:00:00+09:00,32457.51105891047,39872.16184543919,32211.992820945943,36336.69921875,18776316,0.0,0.0
2023-09-05 00:00:00+09:00,36434.905726373996,37073.25313128351,35452.83279574397,36631.3203125,3144323,0.0,0.0
2023-09-06 00:00:00+09:00,36189.385664597605,37269.66583369007,35010.89820740582,35845.66015625,3009836,0.0,0.0
2023-09-07 00:00:00+09:00,38300.84705491239,42769.27921131883,37858.914204278786,39233.81640625,14821643,0.0,0.0
2023-09-08 00:00:00+09:00,39086.50431227598,41492.5830953181,38595.46782594086,41099.75390625,6197135,0.0,0.0
2023-09-11 00:00:00+09:00,42081.825571832924,43996.86780905753,38497.259332925336,40117.6796875,8542639,0.0,0.0
2023-09-12 00:00:00+09:00,40264.99319327048,41541.68809939857,37466.085129835825,37760.70703125,3154426,0.0,0.0
2023-09-13 00:00:00+09:00,37662.49745314649,37858.91204221114,35354.626031636864,35698.3515625,2541672,0.0,0.0
2023-09-14 00:00:00+09:00,37613.39453125,38055.32736516808,35403.7303616596,37613.39453125,3836055,0.0,0.0
2023-09-15 00:00:00+09:00,37613.39380588033,37613.39380588033,35501.936973435346,35698.3515625,1257960,0.0,0.0
2023-09-18 00:00:00+09:00,35403.730204011066,36385.80316390042,35060.00466804979,35501.9375,774732,0.0,0.0
2023-09-19 00:00:00+09:00,35452.83684055779,37269.671969506046,34568.971102150535,36533.1171875,1679255,0.0,0.0
2023-09-20 00:00:00+09:00,37711.59973404255,38742.77628927028,35649.2466235871,36925.94140625,1852596,0.0,0.0
2023-09-21 00:00:00+09:00,36287.59537526901,36827.73549587518,34028.82759818866,34225.2421875,1012157,0.0,0.0
2023-09-22 00:00:00+09:00,33439.586096643514,40854.23734567901,33390.482445987655,39773.95703125,9089147,0.0,0.0
2023-09-25 00:00:00+09:00,39184.71018047481,40314.09405785691,36729.527838339796,38006.22265625,3842223,0.0,0.0
2023-09-26 00:00:00+09:00,40510.50864522772,41394.37428839632,37613.3934815084,38006.22265625,4795235,0.0,0.0
2023-09-27 00:00:00+09:00,36484.01525639553,41197.96608360141,36434.91160194547,40068.58203125,5810014,0.0,0.0
2023-10-04 00:00:00+09:00,39528.436003550196,39921.26518122523,36238.491640521795,37171.4609375,2311376,0.0,0.0
2023-10-05 00:00:00+09:00,37613.39568563433,37662.49933535448,32506.61611473881,32899.4453125,2939762,0.0,0.0
2023-10-06 00:00:00+09:00,32261.09479715738,33685.1005035768,32211.991152108432,32604.8203125,885546,0.0,0.0
2023-10-10 00:00:00+09:00,32506.617076597002,33439.58644888604,30935.30023905757,31131.71484375,1069291,0.0,0.0
2023-10-11 00:00:00+09:00,31720.955865478514,32555.717861938476,31328.126690673827,31426.333984375,664885,0.0,0.0
2023-10-12 00:00:00+09:00,31720.95746140253,33341.3778889974,31720.95746140253,32997.65234375,913312,0.0,0.0
2023-10-13 00:00:00+09:00,32801.234892695786,33194.06405308735,31819.16199171687,32604.8203125,600640,0.0,0.0
2023-10-16 00:00:00+09:00,31819.161954765754,31868.265599757673,29805.912510096932,30395.15625,692087,0.0,0.0
2023-10-17 00:00:00+09:00,31033.505225080386,31720.956290192924,30444.261454983924,30542.46875,531895,0.0,0.0
2023-10-18 00:00:00+09:00,30444.261615614687,31180.816332121492,29756.810546875,29756.810546875,444280,0.0,0.0
2023-10-19 00:00:00+09:00,29167.568292025862,29511.293844288793,28381.909886853446,28480.1171875,586947,0.0,0.0
2023-10-20 00:00:00+09:00,28038.183642929405,28234.598239377247,27252.525257138037,27301.62890625,723037,0.0,0.0
2023-10-23 00:00:00+09:00,27007.00390625,27890.869488636363,27007.00390625,27007.00390625,444918,0.0,0.0
2023-10-24 00:00:00+09:00,27301.626956545533,28087.285286230297,26319.55404443958,28038.181640625,538188,0.0,0.0
2023-10-25 00:00:00+09:00,28283.701612903224,28529.219856070788,27399.8359375,27399.8359375,416990,0.0,0.0
2023-10-26 00:00:00+09:00,26368.658598139045,27154.316954880618,26123.1403616573,26221.34765625,413172,0.0,0.0
2023-10-27 00:00:00+09:00,26565.073589777545,26663.28088585805,25435.689684851695,26074.037109375,417298,0.0,0.0
2023-10-30 00:00:00+09:00,25926.726478494624,27792.6651265681,25779.415532594085,27399.8359375,819510,0.0,0.0
2023-10-31 00:00:00+09:00,27792.663541666665,27939.974479166667,26368.657812499998,26515.96875,417310,0.0,0.0
2023-11-01 00:00:00+09:00,26908.79628356074,28578.320140569984,26810.588997854316,27890.869140625,730298,0.0,0.0
2023-11-02 00:00:00+09:00,28578.32481920397,29216.672280801307,28332.806564743456,29069.361328125,590790,0.0,0.0
2023-11-03 00:00:00+09:00,29511.291529437294,30100.53528709661,28529.218600005104,30051.431640625,760388,0.0,0.0
2023-11-06 00:00:00+09:00,30640.677018633538,31868.268245341613,29805.91498447205,31622.75,1003019,0.0,0.0
2023-11-07 00:00:00+09:00,31328.127217226807,31770.060046309944,30296.950616032824,31229.919921875,488324,0.0,0.0
2023-11-08 00:00:00+09:00,31475.437115100776,31622.74805323697,30051.431379784204,30149.638671875,473413,0.0,0.0
2023-11-09 00:00:00+09:00,29953.22330191116,30689.77797326963,29609.497788610537,29707.705078125,327519,0.0,0.0
2023-11-10 00:00:00+09:00,29167.569128375435,29707.709297419424,28185.49609375,28185.49609375,441941,0.0,0.0
2023-11-13 00:00:00+09:00,28283.701203208555,28676.53038658645,27498.04283645276,27547.146484375,398495,0.0,0.0
2023-11-14 00:00:00+09:00,27841.768311786167,29216.670450639805,27792.664663969965,29020.255859375,363048,0.0,0.0
2023-11-15 00:00:00+09:00,29805.913149557207,30493.364194192793,29265.77304305782,30149.638671875,558550,0.0,0.0
2023-11-16 00:00:00+09:00,30591.572397508036,31082.608872588422,30051.432274919614,30542.46875,462689,0.0,0.0
2023-11-17 00:00:00+09:00,30149.640540364584,30247.847838541667,29413.08580403646,29462.189453125,297505,0.0,0.0
2023-11-20 00:00:00+09:00,29069.3591994382,30837.09050210674,29069.3591994382,30591.572265625,428242,0.0,0.0
2023-11-21 00:00:00+09:00,31033.504166666666,31622.747916666667,30346.053125,30935.296875,500391,0.0,0.0
2023-11-22 00:00:00+09:00,30640.67451054217,33930.61872882154,30346.052640248494,32604.8203125,2677042,0.0,0.0
2023-11-23 00:00:00+09:00,32850.33972745706,34323.44913227576,31966.474084565838,32162.888671875,1520285,0.0,0.0
2023-11-24 00:00:00+09:00,32850.34034352022,33635.99870749081,32555.71845703125,33390.48046875,908188,0.0,0.0
2023-11-27 00:00:00+09:00,33930.61872882154,34127.033309017315,32457.509377353163,32604.8203125,885843,0.0,0.0
2023-11-28 00:00:00+09:00,32408.40748651079,35551.0409397482,32261.096543390286,34127.03515625,2560897,0.0,0.0
2023-11-29 00:00:00+09:00,34470.75964663819,35354.625278603264,32408.406505386327,33046.75390625,1927838,0.0,0.0
2023-11-30 00:00:00+09:00,35796.560804306944,37564.2922020505,34077.93305650071,34274.34765625,5587162,0.0,0.0
2023-12-01 00:00:00+09:00,33685.103983439374,34176.14048465569,32555.72003064184,32801.23828125,1066946,0.0,0.0
2023-12-04 00:00:00+09:00,32555.71838097638,32997.65120967742,31770.060018841203,31966.474609375,679437,0.0,0.0
2023-12-05 00:00:00+09:00,31720.957164486434,32899.444737160855,31622.749866763566,31671.853515625,581930,0.0,0.0
2023-12-06 00:00:00+09:00,31720.955208333333,32555.7171875,30984.400520833333,32408.40625,545026,0.0,0.0
2023-12-07 00:00:00+09:00,31966.47436753037,32261.096251102077,31328.126953125,31328.126953125,334719,0.0,0.0
2023-12-08 00:00:00+09:00,31671.853601574352,32408.408336494685,31622.749952579663,32359.3046875,487841,0.0,0.0
2023-12-11 00:00:00+09:00,32997.65102639296,33783.309384164226,32653.925494868035,33488.6875,867606,0.0,0.0
2023-12-12 00:00:00+09:00,33439.58693677325,33881.51980377907,32801.239462209305,33783.3125,691920,0.0,0.0
2023-12-13 00:00:00+09:00,33635.99942294034,34568.96875,33046.75563742898,34568.96875,753530,0.0,0.0
2023-12-14 00:00:00+09:00,35207.315377420775,35649.248206426055,34225.2424240757,34863.58984375,1616203,0.0,0.0
2023-12-15 00:00:00+09:00,35060.006806930694,35158.21410891089,33292.27537128713,34716.28125,829244,0.0,0.0
2023-12-18 00:00:00+09:00,34716.2791010332,36631.321371104335,34127.0353256267,36238.4921875,1484792,0.0,0.0
2023-12-19 00:00:00+09:00,36140.28492392808,36631.32140387275,35158.21196403873,35501.9375,807340,0.0,0.0
2023-12-20 00:00:00+09:00,35600.143756546786,35845.661989350556,34912.69270469623,35158.2109375,545738,0.0,0.0
2023-12-21 00:00:00+09:00,34372.55310744382,35796.55887903792,34372.55310744382,34961.796875,563934,0.0,0.0
2023-12-22 00:00:00+09:00,35207.31859062946,35452.83685137304,34372.55650410128,34421.66015625,381309,0.0,0.0
2023-12-26 00:00:00+09:00,34519.864071467004,34863.58960276184,33537.79112491033,34225.2421875,366403,0.0,0.0
2023-12-27 00:00:00+09:00,34422.790482954544,35459.91903409091,33780.75852272727,35311.7578125,545571,200.0,0.0
2023-12-28 00:00:00+09:00,35608.07847764757,35805.626763237844,34768.49826388889,35558.69140625,382231,0.0,0.0
2024-01-02 00:00:00+09:00,35608.07777332929,36003.174336694945,35410.52949164647,35657.46484375,351344,0.0,0.0
2024-01-03 00:00:00+09:00,35114.21098285559,35212.9851347061,33830.14700879899,34027.6953125,535165,0.0,0.0
2024-01-04 00:00:00+09:00,33533.82421875,34126.46912394146,33286.88884158689,33533.82421875,357414,0.0,0.0
2024-01-05 00:00:00+09:00,33336.27311340065,34027.69211130823,32842.402400609535,33928.91796875,370928,0.0,0.0
2024-01-08 00:00:00+09:00,34027.69567019441,34521.566434638444,33830.147364416785,33978.30859375,311746,0.0,0.0
2024-01-09 00:00:00+09:00,34027.69497307621,34274.63035023932,33237.50176615427,33533.82421875,305452,0.0,0.0
2024-01-10 00:00:00+09:00,33484.43573261888,34768.49963976945,33286.887439211096,34274.62890625,514098,0.0,0.0
2024-01-11 00:00:00+09:00,34570.95424107143,35064.825015943876,33879.53515625,33879.53515625,402822,0.0,0.0
2024-01-12 00:00:00+09:00,33928.91627400427,35855.01195768137,33928.91627400427,34719.109375,1963864,0.0,0.0
2024-01-15 00:00:00+09:00,35064.82066510931,35558.6913787024,34620.33702287553,35015.43359375,201433,0.0,0.0
2024-01-16 00:00:00+09:00,35361.14347183588,36842.75562847705,35064.821040507646,35509.3046875,1740661,0.0,0.0
2024-01-17 00:00:00+09:00,35706.85402749817,35756.24110084187,33286.88743365666,33731.37109375,729878,0.0,0.0
2024-01-18 00:00:00+09:00,33484.43391047297,33928.9175464527,32249.75714386261,32891.7890625,529244,0.0,0.0
2024-01-19 00:00:00+09:00,33336.274857954544,34225.2421875,33336.274857954544,33681.984375,426681,0.0,0.0
2024-01-22 00:00:00+09:00,34175.85440647482,34422.789770683456,33237.50002248202,34324.015625,418115,0.0,0.0
2024-01-23 00:00:00+09:00,34126.46658564815,34175.85365740741,33188.112222222226,33336.2734375,321297,0.0,0.0
2024-01-24 00:00:00+09:00,33237.50106693097,33681.98473647388,32891.79154617537,33089.33984375,205217,0.0,0.0
2024-01-25 00:00:00+09:00,32941.178267045456,32941.178267045456,31508.953125,31508.953125,458210,0.0,0.0
2024-01-26 00:00:00+09:00,31212.63015988372,32249.758693677326,30619.985283430233,31854.662109375,206537,0.0,0.0
2024-01-29 00:00:00+09:00,31854.661887355847,31953.436032742997,29780.404834225697,29977.953125,524635,0.0,0.0
2024-01-30 00:00:00+09:00,30175.500514150455,30521.21001267591,29187.759089792013,29829.791015625,358563,0.0,0.0
2024-01-31 00:00:00+09:00,29434.696022727276,30027.34090909091,28792.6640625,28792.6640625,288414,0.0,0.0
2024-02-01 00:00:00+09:00,28842.049591266557,29879.178086842923,28792.662520048634,29829.791015625,311619,0.0,0.0
2024-02-02 00:00:00+09:00,30027.3394909688,30422.43606321839,29731.017061781607,30076.7265625,190419,0.0,0.0
2024-02-05 00:00:00+09:00,30076.728700248757,30669.37360074627,29632.24502487562,29780.40625,199632,0.0,0.0
2024-02-06 00:00:00+09:00,29632.242381198346,29977.95187564566,28940.82339230372,29879.177734375,195641,0.0,0.0
2024-02-07 00:00:00+09:00,29928.566224261645,30175.501589148294,29385.30842151102,29681.630859375,189348,0.0,0.0
2024-02-08 00:00:00+09:00,31410.17916239754,31607.72745901639,29977.95401191086,30126.115234375,521238,0.0,0.0
2024-02-13 00:00:00+09:00,30027.33988095238,31163.242540922616,29928.565736607143,31113.85546875,298230,0.0,0.0
2024-02-14 00:00:00+09:00,30619.984053599685,32052.20911417128,30521.209911491296,31212.62890625,425217,0.0,0.0
2024-02-15 00:00:00+09:00,31508.952404610493,31558.33947734499,30916.3075317965,31064.46875,214530,0.0,0.0
2024-02-16 00:00:00+09:00,31212.631400000002,31262.018475,30619.986500000003,30866.921875,192025,0.0,0.0
2024-02-19 00:00:00+09:00,30718.75994318182,30768.147017045456,30373.050426136364,30422.4375,159740,0.0,0.0
2024-02-20 00:00:00+09:00,30422.437855691056,30866.921525660568,30323.663706808944,30373.05078125,139726,0.0,0.0
2024-02-21 00:00:00+09:00,30175.50390625,30471.82636686784,29977.95559917144,30175.50390625,166650,0.0,0.0
2024-02-22 00:00:00+09:00,30175.500893856883,30916.306971447477,30175.500893856883,30323.662109375,252804,0.0,0.0
2024-02-23 00:00:00+09:00,30619.985611979166,30619.985611979166,29533.469993489583,29632.244140625,290295,0.0,0.0
2024-02-26 00:00:00+09:00,29632.242539649415,30076.726177744156,29385.30718515234,29582.85546875,163377,0.0,0.0
2024-02-27 00:00:00+09:00,29582.856703522244,30027.34036016949,28891.437682070973,29138.373046875,306990,0.0,0.0
2024-02-28 00:00:00+09:00,29088.985973914194,29434.69548463983,28940.82475503178,29138.373046875,157962,0.0,0.0
2024-02-29 00:00:00+09:00,28940.825104076557,29088.986324745892,28200.019000729888,28545.728515625,287357,0.0,0.0
2024-03-04 00:00:00+09:00,28595.115767045456,29385.308948863636,28595.115767045456,29335.921875,201118,0.0,0.0
2024-03-05 00:00:00+09:00,29681.629577221513,30126.113214817175,29039.59765625,29039.59765625,302327,0.0,0.0
2024-03-06 00:00:00+09:00,28792.6640625,29385.308948863636,28644.502840909092,29335.921875,146747,0.0,0.0
2024-03-07 00:00:00+09:00,29335.921328529792,29385.308401473445,28545.728161431347,28595.115234375,208539,0.0,0.0
2024-03-08 00:00:00+09:00,28644.501248389177,28940.82367509665,28249.404679445877,28743.275390625,308254,0.0,0.0
2024-03-11 00:00:00+09:00,28743.27680985078,28990.212177633002,28298.793147842778,28545.728515625,198478,0.0,0.0
2024-03-12 00:00:00+09:00,28545.729754849137,28743.27805765086,28150.63314924569,28644.50390625,182186,0.0,0.0
2024-03-13 00:00:00+09:00,29187.760313259725,30817.533731766613,29138.373239971635,30471.82421875,1043149,0.0,0.0
2024-03-14 00:00:00+09:00,30471.821565150443,30916.305186035945,29780.402599328554,30570.595703125,516372,0.0,0.0
2024-03-15 00:00:00+09:00,30817.53354779412,31113.85598575368,29977.9533069087,30224.888671875,388980,0.0,0.0
2024-03-18 00:00:00+09:00,30274.276805065525,30817.534627016128,30076.728506174397,30619.986328125,268224,0.0,0.0
2024-03-19 00:00:00+09:00,30619.986153455284,31360.79227007114,30224.88955792683,30373.05078125,439777,0.0,0.0
2024-03-20 00:00:00+09:00,30471.82402701227,30619.98524594426,29582.85671342034,29681.630859375,257296,0.0,0.0
2024-03-21 00:00:00+09:00,30027.34055280528,30175.501772638203,29681.6310398618,29928.56640625,232179,0.0,0.0
2024-03-22 00:00:00+09:00,30076.729752710722,30521.21344363748,29879.181445632163,30175.50390625,243382,0.0,0.0
2024-03-25 00:00:00+09:00,30175.50194986979,30274.276097005208,29582.85706705729,29632.244140625,165625,0.0,0.0
2024-03-26 00:00:00+09:00,29335.92133871822,29632.24377648305,28940.82475503178,29138.373046875,349674,0.0,0.0
2024-03-27 00:00:00+09:00,29138.373401687182,29385.30876949809,28842.050960314093,29088.986328125,151957,0.0,0.0
2024-03-28 00:00:00+09:00,29088.98650568182,29138.373579545456,28595.115767045456,28792.6640625,243208,0.0,0.0
2024-03-29 00:00:00+09:00,28891.438912056587,29582.85796294341,28891.438912056587,29237.1484375,229525,0.0,0.0
2024-04-01 00:00:00+09:00,29237.146837986464,29434.69512743232,28990.211476179145,29187.759765625,156675,0.0,0.0
2024-04-02 00:00:00+09:00,29088.98524567018,29237.146460843374,28496.34038497741,28693.888671875,224692,0.0,0.0
2024-04-03 00:00:00+09:00,28545.72941337719,28743.277713815787,27953.084512061403,28150.6328125,233946,0.0,0.0
2024-04-04 00:00:00+09:00,28446.953313253012,28990.211102221387,28446.953313253012,28693.888671875,182674,0.0,0.0
2024-04-05 00:00:00+09:00,28348.180221399223,29237.147545415224,28298.793147842778,28545.728515625,161446,0.0,0.0
2024-04-08 00:00:00+09:00,28842.051864035086,28891.438939144737,28002.47158717105,28150.6328125,152810,0.0,0.0
2024-04-09 00:00:00+09:00,28002.470703125,28298.793144427913,27804.922408923063,28002.470703125,145079,0.0,0.0
2024-04-11 00:00:00+09:00,27459.211831954384,28101.24376327706,27311.05061703377,27607.373046875,156956,0.0,0.0
2024-04-12 00:00:00+09:00,27656.760472670252,27854.308761760753,27409.825111307124,27557.986328125,125071,0.0,0.0
2024-04-15 00:00:00+09:00,26965.33999565972,27113.501204427084,26323.308091001156,26669.017578125,216141,0.0,0.0
2024-04-16 00:00:00+09:00,26026.98828125,26372.697803012335,25631.89168495019,26026.98828125,231913,0.0,0.0
2024-04-17 00:00:00+09:00,26026.98775090707,26866.568000936328,25928.213603844804,26372.697265625,144242,0.0,0.0
2024-04-18 00:00:00+09:00,26175.147265624997,27162.888671875,26175.147265624997,27162.888671875,121010,0.0,0.0
2024-04-19 00:00:00+09:00,26915.9529260706,26965.33999565972,25829.43739510995,26669.017578125,148996,0.0,0.0
2024-04-22 00:00:00+09:00,26669.01777522936,27064.11433486239,26471.469495412846,26915.953125,105872,0.0,0.0
2024-04-23 00:00:00+09:00,26915.956507769177,27261.66604089649,26619.634050802913,26718.408203125,99413,0.0,0.0
2024-04-24 00:00:00+09:00,26866.568008093524,27508.59996416929,26817.180934549237,27459.212890625,132799,0.0,0.0
2024-04-25 00:00:00+09:00,27311.05309174026,27804.923852892887,27113.50478727921,27261.666015625,100394,0.0,0.0
2024-04-26 00:00:00+09:00,27261.664949324324,27557.987394425676,27113.503726773648,27409.826171875,88660,0.0,0.0
2024-04-29 00:00:00+09:00,27360.43822158082,27953.083092806395,27360.43822158082,27804.921875,101756,0.0,0.0
2024-04-30 00:00:00+09:00,27804.92347143728,28051.85884862589,27557.98809424867,27854.310546875,114030,0.0,0.0
2024-05-02 00:00:00+09:00,27854.30894760213,27854.30894760213,27508.59943938721,27804.921875,71692,0.0,0.0
2024-05-03 00:00:00+09:00,27854.30824115044,28051.856526548672,27706.147027101768,27903.6953125,99222,0.0,0.0
2024-05-07 00:00:00+09:00,28298.790816186178,28348.177885673413,27854.307190801053,28051.85546875,116362,0.0,0.0
2024-05-08 00:00:00+09:00,28101.242736283813,28348.178085460295,27953.08152677792,28298.791015625,108843,0.0,0.0
2024-05-09 00:00:00+09:00,28397.568188048244,28397.568188048244,27953.084512061403,28150.6328125,117739,0.0,0.0
2024-05-10 00:00:00+09:00,28792.66243090521,29088.984857295316,28002.46929386493,28200.017578125,300855,0.0,0.0
2024-05-13 00:00:00+09:00,28200.018815335854,28595.115401189945,27508.59979009119,27755.53515625,158441,0.0,0.0
2024-05-14 00:00:00+09:00,27557.986863322953,27903.696375945285,27459.21271685943,27755.53515625,108095,0.0,0.0
2024-05-16 00:00:00+09:00,27903.69602020426,28002.470165408526,27706.147729795735,27804.921875,94740,0.0,0.0
2024-05-17 00:00:00+09:00,28002.469619996646,28002.469619996646,27409.82476031418,27607.373046875,94099,0.0,0.0
2024-05-20 00:00:00+09:00,27557.987215909092,27755.535511363636,27261.664772727276,27706.1484375,128209,0.0,0.0
2024-05-21 00:00:00+09:00,27656.7626245471,27706.14970066236,27113.50478727921,27261.666015625,109025,0.0,0.0
2024-05-22 00:00:00+09:00,27212.278939509735,27755.536776777626,27014.730635048687,27261.666015625,134546,0.0,0.0
2024-05-23 00:00:00+09:00,27261.662614678902,27261.662614678902,26619.63070527523,26915.953125,108888,0.0,0.0
2024-05-24 00:00:00+09:00,26718.407140449108,26767.794214645874,26273.923472678238,26323.310546875,127220,0.0,0.0
2024-05-27 00:00:00+09:00,26372.697265625,26422.084339156132,25681.278236189137,26372.697265625,188545,0.0,0.0
2024-05-28 00:00:00+09:00,26372.695160590276,26965.33999565972,26224.533951822916,26669.017578125,160163,0.0,0.0
2024-05-29 00:00:00+09:00,26767.794399312144,26767.794399312144,25780.05290856262,26026.98828125,176667,0.0,0.0
2024-05-30 00:00:00+09:00,25928.214326746325,25977.60140165441,25187.408203125,25187.408203125,164752,0.0,0.0
2024-05-31 00:00:00+09:00,25039.247148058254,25434.34375,24841.69884708738,25434.34375,140812,0.0,0.0
2024-06-03 00:00:00+09:00,25236.796320734797,25681.2800132722,25236.796320734797,25582.505859375,80406,0.0,0.0
2024-06-04 00:00:00+09:00,25434.34375,26026.988652912623,25187.40837378641,25434.34375,117599,0.0,0.0
2024-06-05 00:00:00+09:00,25483.73046875,25631.891692405523,25088.63387233527,25483.73046875,182207,0.0,0.0
2024-06-07 00:00:00+09:00,25582.504433923546,26323.310546875,25335.56906293973,26323.310546875,226511,0.0,0.0
2024-06-10 00:00:00+09:00,26125.760990084134,26224.53513371394,25384.954912860576,25681.27734375,142831,0.0,0.0
2024-06-11 00:00:00+09:00,25483.73028553002,26422.084695268528,25483.73028553002,26323.310546875,203637,0.0,0.0
2024-06-12 00:00:00+09:00,26323.310192093868,26965.342147998595,26125.761897969336,26372.697265625,182385,0.0,0.0
2024-06-13 00:00:00+09:00,26323.310188366395,26471.471408938814,25829.439453125,25829.439453125,167379,0.0,0.0
2024-06-14 00:00:00+09:00,26125.76189426984,26125.76189426984,25335.568717883605,25829.439453125,140486,0.0,0.0
2024-06-17 00:00:00+09:00,26026.986133560822,26125.760274485154,25582.50249940134,25780.05078125,99596,0.0,0.0
2024-06-18 00:00:00+09:00,25681.27751094358,25878.8257994893,25384.955078125,25384.955078125,82142,0.0,0.0
2024-06-19 00:00:00+09:00,25384.955078125,25384.955078125,24989.85850103356,25384.955078125,110364,0.0,0.0
2024-06-20 00:00:00+09:00,25286.180933852138,25533.11629453429,25138.01971744285,25384.955078125,74876,0.0,0.0
2024-06-21 00:00:00+09:00,25187.40712929532,25286.1812749004,24495.98811005976,24792.310546875,150199,0.0,0.0
2024-06-24 00:00:00+09:00,24644.15076761422,24644.15076761422,24002.1187836884,24051.505859375,152487,0.0,0.0
2024-06-25 00:00:00+09:00,23804.569427614795,24249.053089126275,23804.569427614795,24199.666015625,84973,0.0,0.0
2024-06-26 00:00:00+09:00,24199.666015625,24446.601383131376,24100.89186862245,24199.666015625,61392,0.0,0.0
2024-06-27 00:00:00+09:00,24100.891516038697,24298.43980715377,23853.956152144856,24249.052734375,79532,0.0,0.0
2024-06-28 00:00:00+09:00,24199.667066704318,24594.763671875,24002.118764118975,24594.763671875,83350,0.0,0.0
2024-07-01 00:00:00+09:00,24742.923828125,24841.697975143463,24397.21431356038,24742.923828125,82976,0.0,0.0
2024-07-02 00:00:00+09:00,24594.7626036352,24792.310897640305,24199.666015625,24199.666015625,83678,0.0,0.0
2024-07-03 00:00:00+09:00,24100.890557939914,24249.051770386268,23014.375,23014.375,188598,0.0,0.0
2024-07-04 00:00:00+09:00,22816.829007056454,23310.699764784946,22767.441931283603,22964.990234375,124758,0.0,0.0
2024-07-05 00:00:00+09:00,23211.925756886696,24644.150963162683,23162.53868080821,23755.18359375,293682,0.0,0.0
2024-07-08 00:00:00+09:00,23656.40820711097,24249.053089126275,23656.40820711097,24199.666015625,80817,0.0,0.0
2024-07-09 00:00:00+09:00,23952.731538511413,24150.27983985996,23557.634935814316,23804.5703125,97074,0.0,0.0
2024-07-10 00:00:00+09:00,23607.020347810736,27953.082671257063,23310.697916666668,26224.53515625,1836172,0.0,0.0
2024-07-11 00:00:00+09:00,26471.472822319778,26915.956507769177,25977.602060709334,26718.408203125,654021,0.0,0.0
2024-07-12 00:00:00+09:00,27212.276423562616,27508.59885285731,26224.53499258031,26520.857421875,663979,0.0,0.0
2024-07-15 00:00:00+09:00,26372.697621071766,26718.407140449108,26224.536398481472,26323.310546875,211543,0.0,0.0
2024-07-16 00:00:00+09:00,26273.92258254717,26767.79330778302,26175.1484375,26175.1484375,178609,0.0,0.0
2024-07-17 00:00:00+09:00,26372.697257995605,26866.567993164062,25286.181640625,25286.181640625,265432,0.0,0.0
2024-07-18 00:00:00+09:00,24841.69710062623,25582.503177185656,24792.310028855598,25138.01953125,177897,0.0,0.0
2024-07-19 00:00:00+09:00,24940.470351871296,25335.56691190094,24792.30914186018,24989.857421875,108352,0.0,0.0
2024-07-22 00:00:00+09:00,24989.860297420433,24989.860297420433,23853.957556628593,24051.505859375,156196,0.0,0.0
2024-07-23 00:00:00+09:00,24397.214488636364,24792.311079545456,24100.892045454548,24446.6015625,161500,0.0,0.0
2024-07-24 00:00:00+09:00,24199.665842363913,24693.536573840727,23952.730476625504,24495.98828125,90745,0.0,0.0
2024-07-25 00:00:00+09:00,24002.118597870183,24495.98935091278,23656.409070740367,24347.828125,144210,0.0,0.0
2024-07-26 00:00:00+09:00,24298.43851333682,24594.76093423117,23607.01953125,23607.01953125,130925,0.0,0.0
2024-07-29 00:00:00+09:00,23607.022011151454,23952.731538511413,23261.312483791495,23804.5703125,86330,0.0,0.0
2024-07-30 00:00:00+09:00,23557.63369119803,23755.18198210954,23113.150036647123,23162.537109375,97741,0.0,0.0
2024-07-31 00:00:00+09:00,22964.988119526275,23261.310546875,22668.66569217755,23261.310546875,108447,0.0,0.0
2024-08-01 00:00:00+09:00,23360.08663446577,24051.505689185688,23360.08663446577,23804.5703125,86704,0.0,0.0
2024-08-02 00:00:00+09:00,23360.0859375,23508.24715909091,22174.796164772728,22273.5703125,177774,0.0,0.0
2024-08-05 00:00:00+09:00,21582.15160528568,21730.31282912059,18371.991755529227,18757.2109375,371870,0.0,0.0
2024-08-06 00:00:00+09:00,18757.209818804145,20248.699383121904,18757.209818804145,19952.376953125,360551,0.0,0.0
2024-08-07 00:00:00+09:00,19665.93437212776,20396.863123276657,19665.93437212776,20149.927734375,155464,0.0,0.0
2024-08-08 00:00:00+09:00,19754.828015405812,20001.763365598385,19270.83472902837,19715.318359375,115029,0.0,0.0
2024-08-09 00:00:00+09:00,20001.764048381025,20693.183052522592,20001.764048381025,20495.634765625,106559,0.0,0.0
2024-08-12 00:00:00+09:00,20446.248753324468,21038.893644725176,20396.861679041074,20890.732421875,67676,0.0,0.0
2024-08-13 00:00:00+09:00,20791.95738467262,21384.602250744047,20248.69959077381,20742.5703125,101882,0.0,0.0
2024-08-14 00:00:00+09:00,21137.66531613372,21582.14893259448,20693.181699672965,21236.439453125,151669,0.0,0.0
2024-08-16 00:00:00+09:00,21582.151104435256,22125.408912556053,21187.054516711043,22026.634765625,191276,0.0,0.0
2024-08-19 00:00:00+09:00,22076.02237863041,22076.02237863041,21483.377482559794,21680.92578125,108981,0.0,0.0
2024-08-20 00:00:00+09:00,21878.472371244636,23261.310354077254,21878.472371244636,23014.375,296987,0.0,0.0
2024-08-21 00:00:00+09:00,22718.05449095912,23903.34429048742,22520.506191037737,23557.634765625,215366,0.0,0.0
2024-08-22 00:00:00+09:00,24002.11772548653,27360.438724114272,23853.956504958835,24742.923828125,3035755,0.0,0.0
2024-08-23 00:00:00+09:00,24397.21345469057,25928.212679580058,24347.82638291994,25138.01953125,537177,0.0,0.0
2024-08-26 00:00:00+09:00,25681.279126213594,26372.698179611652,25236.795449029127,25434.34375,471746,0.0,0.0
2024-08-27 00:00:00+09:00,25236.795095990794,25878.82706516473,25088.63387233527,25483.73046875,216347,0.0,0.0
2024-08-28 00:00:00+09:00,25384.953981904644,25384.953981904644,24644.147931849064,24989.857421875,233354,0.0,0.0
2024-08-29 00:00:00+09:00,24446.601910581685,25236.79510365099,24347.82776144802,24940.47265625,185058,0.0,0.0
2024-08-30 00:00:00+09:00,24693.535750356463,25977.599609375,24495.98746435361,25977.599609375,368324,0.0,0.0
2024-09-02 00:00:00+09:00,26619.63156497323,26619.63156497323,25928.212563285615,26520.857421875,417042,0.0,0.0
2024-09-03 00:00:00+09:00,26520.858664772728,26669.019886363636,25977.600852272728,26076.375,212582,0.0,0.0
2024-09-04 00:00:00+09:00,24693.53745404412,25483.73065257353,24446.602079503675,25187.408203125,249085,0.0,0.0
2024-09-05 00:00:00+09:00,25335.56698646705,25582.502337212343,23557.63246110094,23607.01953125,285783,0.0,0.0
2024-09-06 00:00:00+09:00,23607.019849785407,23755.18106223176,22471.117221030043,23014.375,220571,0.0,0.0
2024-09-09 00:00:00+09:00,22421.72996034436,22915.600664316702,22224.181678755423,22767.439453125,133055,0.0,0.0
2024-09-10 00:00:00+09:00,22915.601156884877,22915.601156884877,21779.69851333239,21878.47265625,211454,0.0,0.0
2024-09-11 00:00:00+09:00,21878.472843715124,23063.762568882536,21878.472843715124,22125.408203125,163132,0.0,0.0
2024-09-12 00:00:00+09:00,22520.506191037737,23903.34429048742,22520.506191037737,23557.634765625,288859,0.0,0.0
2024-09-13 00:00:00+09:00,23458.859909153183,23804.56942360386,22718.05380675887,23656.408203125,120231,0.0,0.0
2024-09-19 00:00:00+09:00,23656.408562801123,23755.18271128881,22520.505855192718,23063.763671875,188302,0.0,0.0
2024-09-20 00:00:00+09:00,23310.699933510637,23508.248238031912,23014.37747672872,23211.92578125,92715,0.0,0.0
2024-09-23 00:00:00+09:00,23261.310546875,23656.4071166733,23014.375190751063,23261.310546875,101570,0.0,0.0
2024-09-24 00:00:00+09:00,23162.537642045456,23508.24715909091,23162.537642045456,23360.0859375,80751,0.0,0.0
2024-09-25 00:00:00+09:00,23656.407836653787,23853.9561275653,23014.375891191365,23162.537109375,145005,0.0,0.0
2024-09-26 00:00:00+09:00,23310.698863636364,23952.730823863636,23310.698863636364,23903.34375,146208,0.0,0.0
2024-09-27 00:00:00+09:00,23853.957387837138,24051.505689185688,23656.40908648859,23804.5703125,92281,0.0,0.0
2024-09-30 00:00:00+09:00,23755.18359375,24495.989734927236,23360.08698512214,23755.18359375,189741,0.0,0.0
2024-10-02 00:00:00+09:00,23261.31285738032,23755.18361868351,22915.603324468084,23211.92578125,95232,0.0,0.0
2024-10-04 00:00:00+09:00,23211.924013157895,23705.794736842105,23014.37572368421,23458.859375,65550,0.0,0.0
2024-10-07 00:00:00+09:00,23508.246300177845,24397.213597243397,23261.31093988186,24298.439453125,134775,0.0,0.0
2024-10-08 00:00:00+09:00,24249.053089126275,24495.98845663265,23903.343574617345,24199.666015625,112009,0.0,0.0
2024-10-10 00:00:00+09:00,24298.43851333682,24347.82558348588,23409.471250653765,23607.01953125,117545,0.0,0.0
2024-10-11 00:00:00+09:00,23903.34393402034,24545.37589919031,23063.763671875,23063.763671875,236069,0.0,0.0
2024-10-14 00:00:00+09:00,23557.634414313437,24100.892230995716,23409.473191581907,23063.763671875,160048,0.0,0.0
2024-10-15 00:00:00+09:00,24051.50551542846,24150.279665389153,23360.086465703618,23557.634765625,127874,0.0,0.0
2024-10-16 00:00:00+09:00,23211.92489460653,23607.02148855728,22915.60244914347,23063.763671875,109303,0.0,0.0
2024-10-17 00:00:00+09:00,22915.602272727272,23113.15056818182,22471.118607954548,22816.828125,112369,0.0,0.0
2024-10-18 00:00:00+09:00,22866.215014538957,22866.215014538957,21582.151104435256,22026.634765625,190340,0.0,0.0
2024-10-21 00:00:00+09:00,22026.635121137642,22421.731715238766,21779.69974982444,21977.248046875,116174,0.0,0.0
2024-10-22 00:00:00+09:00,21779.699021139706,21927.86023897059,20841.344641544118,20989.505859375,161744,0.0,0.0
2024-10-23 00:00:00+09:00,21038.89381936332,21335.216267523363,20495.635997736565,21137.66796875,90345,0.0,0.0
2024-10-24 00:00:00+09:00,20841.34498902845,20989.5062093296,20396.861328125,20396.861328125,88616,0.0,0.0
2024-10-25 00:00:00+09:00,20446.247342623195,20791.956838754508,20051.150775615984,20545.021484375,120224,0.0,0.0
2024-10-28 00:00:00+09:00,20495.63582760786,20940.119496158393,20347.474604757685,20890.732421875,85870,0.0,0.0
2024-10-29 00:00:00+09:00,20742.57155287322,20890.732778250887,20248.700801614337,20841.345703125,93683,0.0,0.0
2024-10-30 00:00:00+09:00,20643.7956261268,20890.73098050631,20396.860271747293,20545.021484375,74286,0.0,0.0
2024-10-31 00:00:00+09:00,20396.860303534835,21187.05343878074,20001.763735911885,21088.279296875,113395,0.0,0.0
2024-11-01 00:00:00+09:00,20940.118216463416,20989.505287728658,20248.69921875,20248.69921875,96223,0.0,0.0
2024-11-04 00:00:00+09:00,20248.700801614337,20940.11985337678,20149.92665136256,20841.345703125,112878,0.0,0.0
2024-11-05 00:00:00+09:00,20742.57155287322,20890.732778250887,20545.02325236967,20841.345703125,45185,0.0,0.0
2024-11-06 00:00:00+09:00,20940.119679256597,21088.28090340228,20100.53940909772,20594.41015625,107952,0.0,0.0
2024-11-07 00:00:00+09:00,20643.796704382185,21532.76402658046,20545.022557471264,21483.376953125,241914,0.0,0.0
2024-11-08 00:00:00+09:00,21433.99130836717,21779.700845598898,21088.28177113544,21285.830078125,123502,0.0,0.0
2024-11-11 00:00:00+09:00,21285.8286499319,21335.215723365618,20298.087181257564,20396.861328125,126853,0.0,0.0
2024-11-12 00:00:00+09:00,20396.860460584918,21829.085529245844,20347.47338925178,20791.95703125,379970,0.0,0.0
2024-11-13 00:00:00+09:00,20347.474609375,20791.958278026395,19754.829717839806,20347.474609375,263840,0.0,0.0
2024-11-14 00:00:00+09:00,20396.86132326648,20643.796690376243,19754.829368781095,19853.603515625,213797,0.0,0.0
2024-11-15 00:00:00+09:00,19606.66713773287,20643.7956261268,19606.66713773287,20545.021484375,185041,0.0,0.0
2024-11-18 00:00:00+09:00,20545.02151639344,21187.05343878074,20248.69909067623,21088.279296875,164971,0.0,0.0
2024-11-19 00:00:00+09:00,21483.37781876392,22964.990082126948,21384.603667873052,22174.796875,507280,0.0,0.0
2024-11-20 00:00:00+09:00,22372.344275323274,22372.344275323274,21433.989879669538,21483.376953125,198199,0.0,0.0
2024-11-21 00:00:00+09:00,21384.60172259221,22174.794857838115,20989.50515496926,21088.279296875,214230,0.0,0.0
2024-11-22 00:00:00+09:00,21335.21487020316,22372.343370838036,21335.21487020316,21878.47265625,261631,0.0,0.0
2024-11-25 00:00:00+09:00,22076.023306083236,22224.184536325407,21285.830078125,21285.830078125,457238,0.0,0.0
2024-11-26 00:00:00+09:00,21285.827798744358,22076.020942085215,21038.892441450338,21878.47265625,197582,0.0,0.0
2024-11-27 00:00:00+09:00,21730.31198826419,22668.6663695756,21285.828333958787,22619.279296875,432171,0.0,0.0
2024-11-28 00:00:00+09:00,22915.602272727272,23014.376420454548,22372.344460227272,22816.828125,273198,0.0,0.0
2024-11-29 00:00:00+09:00,22915.600824175825,23162.536177884616,22076.020621565935,22471.1171875,270177,0.0,0.0
2024-12-02 00:00:00+09:00,22619.279829545456,22767.441051136364,21187.0546875,21187.0546875,274640,0.0,0.0
2024-12-03 00:00:00+09:00,21088.27824763808,21384.60065861192,21038.891179142443,21236.439453125,150849,0.0,0.0
2024-12-04 00:00:00+09:00,20347.474609375,20890.732426615596,20051.152163607403,20347.474609375,278279,0.0,0.0
2024-12-05 00:00:00+09:00,20396.86222993827,20545.023456790124,19853.60439814815,20001.765625,145119,0.0,0.0
2024-12-06 00:00:00+09:00,19804.21708703101,20100.53953721103,18549.78538126895,19547.404296875,324505,0.0,0.0
2024-12-09 00:00:00+09:00,18994.26716711202,19014.02199515894,17779.34524222654,17789.22265625,327001,0.0,0.0
2024-12-10 00:00:00+09:00,17769.469209619037,18925.126740205713,17769.469209619037,18846.107421875,224662,0.0,0.0
2024-12-11 00:00:00+09:00,18796.720485777245,19389.36537760417,18658.436677684294,19260.958984375,110823,0.0,0.0
2024-12-12 00:00:00+09:00,19409.11911303292,19675.80929931887,19162.183755360747,19577.03515625,207239,0.0,0.0
2024-12-13 00:00:00+09:00,19577.036774691358,20149.92685185185,19339.978811728393,20001.765625,113977,0.0,0.0
2024-12-16 00:00:00+09:00,20149.924178439804,20298.085385634215,19902.988833115785,20100.537109375,95441,0.0,0.0
2024-12-17 00:00:00+09:00,20100.53800495427,20347.47336128049,19853.60264862805,20248.69921875,105815,0.0,0.0
2024-12-18 00:00:00+09:00,20149.92507621951,20594.408717606708,20051.150933689023,20248.69921875,103573,0.0,0.0
2024-12-19 00:00:00+09:00,19754.829368781095,20001.764735890858,19557.281075093284,19853.603515625,110645,0.0,0.0
2024-12-20 00:00:00+09:00,19804.21742841232,19804.21742841232,18885.61781701963,19122.67578125,153150,0.0,0.0
2024-12-23 00:00:00+09:00,19201.693463799504,20100.538168123454,19201.693463799504,19952.376953125,102323,0.0,0.0
2024-12-24 00:00:00+09:00,19952.378176109814,21730.312865070093,19804.21695202979,21137.66796875,541309,0.0,0.0
2024-12-26 00:00:00+09:00,21532.764382920508,21730.31268001152,21137.66778873848,21433.990234375,360211,0.0,0.0
2024-12-27 00:00:00+09:00,21384.25878443424,21632.912956346267,20588.56543431576,20986.412109375,202332,150.0,0.0
2024-12-30 00:00:00+09:00,20837.220285790598,23373.492922008547,20737.75861378205,23274.03125,705800,0.0,0.0
2025-01-02 00:00:00+09:00,27749.80650675527,29042.808243629173,27302.228982452765,28296.845703125,3931974,0.0,0.0
2025-01-03 00:00:00+09:00,27650.34525128265,27700.076088065533,26108.689311013295,26655.728515625,1801944,0.0,0.0
2025-01-06 00:00:00+09:00,27351.958858944956,27650.3438646789,26705.458013188076,27103.3046875,973385,0.0,0.0
2025-01-07 00:00:00+09:00,27153.035394965278,27749.805403645834,26605.996220341436,26854.650390625,875867,0.0,0.0
2025-01-08 00:00:00+09:00,26158.419825185643,26655.728186881188,24865.418084777226,25114.072265625,1021119,0.0,0.0
2025-01-09 00:00:00+09:00,25362.72649949597,28794.15420236895,24964.879809307797,27749.806640625,2794277,0.0,0.0
2025-01-10 00:00:00+09:00,27948.730356541742,29142.2704429421,27401.69115027491,27700.076171875,2072248,0.0,0.0
2025-01-13 00:00:00+09:00,27053.57467672414,29639.578138469828,26755.18966190733,28843.884765625,1780104,0.0,0.0
2025-01-14 00:00:00+09:00,28794.15514255799,29241.73268363402,28346.57760148196,28943.34765625,742993,0.0,0.0
2025-01-15 00:00:00+09:00,29440.655314700703,29440.655314700703,27998.461050973812,28247.115234375,573178,0.0,0.0
2025-01-16 00:00:00+09:00,28644.962628865982,29291.463521531357,27749.807546713917,28943.34765625,784713,0.0,0.0
2025-01-17 00:00:00+09:00,28794.15441058433,29589.847796714468,28197.38437098673,29042.80859375,667572,0.0,0.0
2025-01-20 00:00:00+09:00,29341.19325983084,29341.19325983084,28147.653195024162,28296.845703125,410745,0.0,0.0
2025-01-21 00:00:00+09:00,28545.501582880435,29142.27165081522,27998.462353940216,28595.232421875,531077,0.0,0.0
2025-01-22 00:00:00+09:00,29341.19325983084,29739.039948099737,28247.114867091386,28296.845703125,824795,0.0,0.0
2025-01-23 00:00:00+09:00,28694.691645551804,28694.691645551804,27550.88244650901,27600.61328125,308399,0.0,0.0
2025-01-24 00:00:00+09:00,27351.959107545044,28197.383298141893,27302.228272804055,27600.61328125,346062,0.0,0.0
2025-01-31 00:00:00+09:00,27600.614485573085,32076.38980755791,27351.96030101837,31131.50390625,3418172,0.0,0.0
2025-02-03 00:00:00+09:00,30335.809326171875,31579.080200195312,30087.155151367188,31032.041015625,1458809,0.0,0.0
2025-02-04 00:00:00+09:00,31380.1567390502,33518.58263410433,30634.194217519685,31579.080078125,2319520,0.0,0.0
2025-02-05 00:00:00+09:00,31827.732896652113,35507.814512827514,31778.00206400109,34165.08203125,4116851,0.0,0.0
2025-02-06 00:00:00+09:00,34015.891242732556,34115.35291303295,31479.618650072673,32076.388671875,2051637,0.0,0.0
2025-02-07 00:00:00+09:00,32225.58276896285,32772.621982633515,31131.50434162152,32126.12109375,1148096,0.0,0.0
2025-02-10 00:00:00+09:00,32474.236887500003,33220.19945,30932.580925000002,31081.7734375,1438131,0.0,0.0
2025-02-11 00:00:00+09:00,30534.733972612918,31927.197411103407,30335.81062425713,31380.158203125,732480,0.0,0.0
2025-02-12 00:00:00+09:00,31230.965726626015,31230.965726626015,29888.233123729675,30584.46484375,698871,0.0,0.0
2025-02-13 00:00:00+09:00,30485.00219138744,31280.695560167536,30335.809684741173,30982.310546875,469954,0.0,0.0
2025-02-14 00:00:00+09:00,31380.15786069399,31877.466226156655,30485.0028028612,30634.1953125,582960,0.0,0.0
2025-02-17 00:00:00+09:00,30932.58019338118,31230.965211323764,30385.540993819777,31181.234375,400501,0.0,0.0
2025-02-18 00:00:00+09:00,31778.005011792455,32275.313384433965,30634.195754716984,31628.8125,957034,0.0,0.0
2025-02-19 00:00:00+09:00,31380.157976675724,31380.157976675724,30534.733752264492,30882.849609375,436636,0.0,0.0
2025-02-20 00:00:00+09:00,30634.19524503454,30634.19524503454,28744.423460438255,28794.154296875,739999,0.0,0.0
2025-02-21 00:00:00+09:00,28694.693359375,29192.00173648722,28545.500846241335,28694.693359375,452593,0.0,0.0
2025-02-24 00:00:00+09:00,28097.922358990552,28495.769047259444,27948.72985088972,28296.845703125,243806,0.0,0.0
2025-02-25 00:00:00+09:00,27948.730214293573,28446.038581095952,27650.34519421215,28247.115234375,243595,0.0,0.0
2025-02-26 00:00:00+09:00,28247.115234375,28446.038581095952,27849.2685409331,28247.115234375,195247,0.0,0.0
2025-02-27 00:00:00+09:00,28396.306637105856,28545.49914132883,27501.15161176802,27600.61328125,244522,0.0,0.0
2025-02-28 00:00:00+09:00,26854.651006407155,27153.036017589457,25710.841796875,25710.841796875,650162,0.0,0.0
2025-03-04 00:00:00+09:00,25561.6484375,26034.091356091925,25114.07093567607,25561.6484375,301531,0.0,0.0
2025-03-05 00:00:00+09:00,25312.996674408783,26257.88260135135,25312.996674408783,25760.57421875,313000,0.0,0.0
2025-03-06 00:00:00+09:00,25959.496101469864,26108.688607800148,24964.879392601284,25163.802734375,334138,0.0,0.0
2025-03-07 00:00:00+09:00,24865.41748046875,25312.994995117188,24517.301635742188,24666.494140625,261917,0.0,0.0
2025-03-10 00:00:00+09:00,24567.033941501526,25412.458186451982,24417.841427686737,24467.572265625,241302,0.0,0.0
2025-03-11 00:00:00+09:00,23671.87790625,25064.3413125,23522.6853984375,24865.41796875,325001,0.0,0.0
2025-03-12 00:00:00+09:00,25014.61070772059,25909.765762867646,24865.418198529413,25362.7265625,374651,0.0,0.0
2025-03-13 00:00:00+09:00,25710.84256012024,25760.57339679359,24467.571643286574,24815.6875,303569,0.0,0.0
2025-03-14 00:00:00+09:00,24865.416892461464,26158.41857086946,24716.224391106694,25810.302734375,344279,0.0,0.0
2025-03-17 00:00:00+09:00,26307.612430935125,26357.3432672885,25810.30406740138,26158.419921875,154625,0.0,0.0
2025-03-18 00:00:00+09:00,26257.881850961538,26257.881850961538,25561.650135216343,25860.03515625,109094,0.0,0.0
2025-03-19 00:00:00+09:00,25611.380744485294,25661.111580882352,25064.341544117648,25362.7265625,139729,0.0,0.0
2025-03-20 00:00:00+09:00,25561.649671875002,25710.8421796875,24716.2254609375,24865.41796875,109218,0.0,0.0
2025-03-21 00:00:00+09:00,24616.7637890625,25014.6104765625,24268.6479375,24865.41796875,144869,0.0,0.0
2025-03-24 00:00:00+09:00,24666.493775150906,24915.14794627138,24567.032106702714,24716.224609375,72204,0.0,0.0
2025-03-25 00:00:00+09:00,24765.95467779503,24915.147175854036,23622.145526009317,24019.9921875,192179,0.0,0.0
2025-03-26 00:00:00+09:00,23970.262209040637,24268.64721579218,23721.608036747686,24169.185546875,101819,0.0,0.0
2025-03-27 00:00:00+09:00,23721.608522053008,24069.72437038502,23423.223509196996,23572.416015625,109903,0.0,0.0
2025-03-28 00:00:00+09:00,23373.49317674513,23572.416522930194,22776.723138189933,22975.646484375,107717,0.0,0.0
2025-03-31 00:00:00+09:00,22279.41574889868,22975.647491051765,22130.22323272302,22577.80078125,169241,0.0,0.0
2025-04-01 00:00:00+09:00,22726.991451220372,22876.183955276523,21831.836426883463,22030.759765625,207899,0.0,0.0
2025-04-02 00:00:00+09:00,22478.3380279195,22776.72304598923,21881.567991780044,21931.298828125,127512,0.0,0.0
2025-04-03 00:00:00+09:00,21384.2596283305,22279.414682539682,21036.143773915817,21931.298828125,140384,0.0,0.0
2025-04-04 00:00:00+09:00,21632.9140625,22229.68410560345,21036.144019396554,21632.9140625,136574,0.0,0.0
2025-04-07 00:00:00+09:00,20837.22100814704,20837.22100814704,19693.411740396725,19743.142578125,239200,0.0,0.0
2025-04-08 00:00:00+09:00,20091.2574479428,20439.373294813096,19643.679930538132,19822.7109375,124275,0.0,0.0
2025-04-09 00:00:00+09:00,19325.40148976016,19942.063812130273,19027.016495064945,19335.34765625,161005,0.0,0.0
2025-04-10 00:00:00+09:00,20588.56458830549,20986.411247016706,20041.525432577564,20837.21875,178650,0.0,0.0
2025-04-11 00:00:00+09:00,20240.449716951185,22080.490600310382,20240.449716951185,22030.759765625,223558,0.0,0.0
2025-04-14 00:00:00+09:00,22378.876445819806,22975.646484375,22030.76058999594,22975.646484375,179574,0.0,0.0
2025-04-15 00:00:00+09:00,23124.839218915517,23671.8784262447,22876.185033765887,23472.955078125,159563,0.0,0.0
2025-04-16 00:00:00+09:00,23323.761723061532,23423.223393522352,22528.068359375,22528.068359375,121733,0.0,0.0
2025-04-17 00:00:00+09:00,22528.0687099359,23373.492922008547,22528.0687099359,23274.03125,92114,0.0,0.0
2025-04-18 00:00:00+09:00,23075.107905982906,23274.03125,22726.992053952992,23274.03125,72139,0.0,0.0
2025-04-21 00:00:00+09:00,23174.569944459316,23423.22412841274,22826.454086924517,23224.30078125,70680,0.0,0.0
2025-04-22 00:00:00+09:00,22677.262811888453,25611.38234237402,22677.262811888453,25412.458984375,605744,0.0,0.0
2025-04-23 00:00:00+09:00,26208.150758228374,26407.074103641873,25511.919049281132,26158.419921875,443788,0.0,0.0
2025-04-24 00:00:00+09:00,26208.150523104407,26208.150523104407,25462.187984496122,25661.111328125,188181,0.0,0.0
2025-04-25 00:00:00+09:00,25810.30420585558,26108.689225576454,25561.650022754853,25611.380859375,141309,0.0,0.0
2025-04-28 00:00:00+09:00,25611.37975441982,25611.37975441982,24666.49389940239,24964.87890625,154646,0.0,0.0
2025-04-29 00:00:00+09:00,25014.610819933252,25685.977114305217,24666.49496359223,25611.380859375,190955,0.0,0.0
2025-04-30 00:00:00+09:00,25412.4571640625,25412.4571640625,24517.3021171875,24865.41796875,129429,0.0,0.0
2025-05-02 00:00:00+09:00,24716.226302342195,25064.342165755465,24517.302951820326,25014.611328125,98303,0.0,0.0
2025-05-07 00:00:00+09:00,25312.99439652577,25909.764401944845,24616.76272353685,25810.302734375,184117,0.0,0.0
2025-05-08 00:00:00+09:00,25860.033438715953,25860.033438715953,25362.72510335603,25561.6484375,108309,0.0,0.0
2025-05-09 00:00:00+09:00,25661.11134375,25760.573015625,24666.494625,24865.41796875,128025,0.0,0.0
2025-05-12 00:00:00+09:00,25213.534787155513,25412.458138533464,24815.688084399608,25263.265625,153417,0.0,0.0
2025-05-13 00:00:00+09:00,25611.38025336586,26158.41944324358,24915.148557157856,25163.802734375,329392,0.0,0.0
2025-05-14 00:00:00+09:00,25561.650245535715,26158.420290178572,25362.72689732143,26108.689453125,256127,0.0,0.0
2025-05-15 00:00:00+09:00,27948.728739872684,28097.921242042823,26257.880381944444,26854.650390625,912494,0.0,0.0
2025-05-16 00:00:00+09:00,27153.03703125,27501.152890625002,25661.11191964286,26108.689453125,393318,0.0,0.0
2025-05-19 00:00:00+09:00,25412.456288512323,25462.187122736417,24368.10876980634,24716.224609375,299716,0.0,0.0
2025-05-20 00:00:00+09:00,25064.34182889344,25412.457687628073,24268.6484375,24268.6484375,192900,0.0,0.0
2025-05-21 00:00:00+09:00,24467.572905927835,24567.034584407218,24119.45703125,24119.45703125,81255,0.0,0.0
2025-05-22 00:00:00+09:00,23721.607058217833,24119.453717475157,23472.952896182007,23771.337890625,120116,0.0,0.0
2025-05-23 00:00:00+09:00,23821.070070962152,23970.2625766258,23274.030883528783,23323.76171875,107379,0.0,0.0
2025-05-26 00:00:00+09:00,23174.568031832296,24119.45385287267,23174.568031832296,24019.9921875,85076,0.0,0.0
2025-05-27 00:00:00+09:00,24069.725986842106,24169.187664473684,23472.95592105263,23622.1484375,65571,0.0,0.0
2025-05-28 00:00:00+09:00,23870.802631578947,24119.456825657897,23522.686759868422,23622.1484375,86658,0.0,0.0
2025-05-29 00:00:00+09:00,23970.263561320757,24019.994398584906,23522.686025943396,23721.609375,107435,0.0,0.0
2025-05-30 00:00:00+09:00,23870.802734375,23870.802734375,23373.49434407552,23870.802734375,91479,0.0,0.0
2025-06-02 00:00:00+09:00,23970.262921875,25064.3413125,23622.1470703125,24865.41796875,195505,0.0,0.0
2025-06-04 00:00:00+09:00,25362.727359995275,26407.07495717155,25213.53484611295,26307.61328125,358399,0.0,0.0
2025-06-05 00:00:00+09:00,26208.15098457906,26804.92102597365,25661.111779967352,26655.728515625,204312,0.0,0.0
2025-06-09 00:00:00+09:00,26456.805795132324,26605.998309014652,25909.7665775638,26307.61328125,201589,0.0,0.0
2025-06-10 00:00:00+09:00,26556.26687199519,26804.9210561899,25760.573482572116,25860.03515625,172363,0.0,0.0
2025-06-11 00:00:00+09:00,26058.95703125,26158.418699308208,25661.110359017177,26058.95703125,96404,0.0,0.0
2025-06-12 00:00:00+09:00,26058.959354086997,26456.806061782983,25909.766838701005,26009.228515625,156087,0.0,0.0
2025-06-13 00:00:00+09:00,26208.152416371086,26257.883255870842,24417.842194379893,25412.458984375,317856,0.0,0.0
2025-06-16 00:00:00+09:00,25064.3408203125,25511.918334960938,24666.494140625,25462.1875,118791,0.0,0.0
2025-06-17 00:00:00+09:00,25860.033438715953,26357.341774075878,25114.07093567607,25561.6484375,186569,0.0,0.0
2025-06-18 00:00:00+09:00,25511.918456086798,25710.841796875,25263.264280101546,25710.841796875,87970,0.0,0.0
2025-06-19 00:00:00+09:00,26009.227297264875,26506.53565858925,25561.64977207294,25909.765625,135679,0.0,0.0
2025-06-20 00:00:00+09:00,25860.0341796875,26804.920043945312,25710.841674804688,26257.880859375,286770,0.0,0.0
2025-06-23 00:00:00+09:00,25661.111752717392,27998.461079030796,25362.726732336956,27451.421875,697822,0.0,0.0
2025-06-24 00:00:00+09:00,29440.654296875,29440.654296875,28247.1142578125,28644.9609375,668756,0.0,0.0
2025-06-25 00:00:00+09:00,28993.07716416033,29092.538835392443,27550.882931294724,27799.537109375,332770,0.0,0.0
2025-06-26 00:00:00+09:00,28097.92290030037,28147.65373729205,26556.266953558224,26904.3828125,257991,0.0,0.0
2025-06-27 00:00:00+09:00,27302.229731454176,27799.538105433305,26954.113869668785,27401.69140625,234130,0.0,0.0
2025-06-30 00:00:00+09:00,28048.191915760868,28247.11526268116,26804.92099750906,27451.421875,169834,0.0,0.0
2025-07-01 00:00:00+09:00,27849.26856884058,27998.461079030796,27103.306017889492,27451.421875,233411,0.0,0.0
2025-07-02 00:00:00+09:00,27700.07631853823,27749.80715573489,26556.267063015108,27153.037109375,180146,0.0,0.0
2025-07-03 00:00:00+09:00,27252.49889405626,27401.69140625,26954.113869668785,27401.69140625,110470,0.0,0.0
2025-07-04 00:00:00+09:00,27700.075584468985,27898.998927984023,26208.150508106202,26456.8046875,185722,0.0,0.0
2025-07-07 00:00:00+09:00,25909.76452916269,26357.34203542462,25561.64869095897,26058.95703125,132378,0.0,0.0
2025-07-08 00:00:00+09:00,26257.881594581748,26257.881594581748,25810.30406740138,26158.419921875,103402,0.0,0.0
2025-07-09 00:00:00+09:00,26208.15098457906,27003.844373105178,26058.95847423041,26655.728515625,132401,0.0,0.0
2025-07-10 00:00:00+09:00,26804.920656570066,26954.11316486266,26556.2664760824,26705.458984375,103069,0.0,0.0
2025-07-11 00:00:00+09:00,26705.459984936202,26705.459984936202,26208.15160532845,26307.61328125,90834,0.0,0.0
2025-07-14 00:00:00+09:00,26158.418699308208,26208.14953333731,25760.57202707538,26058.95703125,74370,0.0,0.0
2025-07-15 00:00:00+09:00,25860.035127098883,27003.844373105178,25710.842616750233,26655.728515625,167048,0.0,0.0
2025-07-16 00:00:00+09:00,26755.188722511575,27003.84289279514,26158.41871383102,26854.650390625,109623,0.0,0.0
2025-07-17 00:00:00+09:00,27003.843882166355,27053.574718045114,26158.419672227443,26456.8046875,113366,0.0,0.0
2025-07-18 00:00:00+09:00,26456.805424528302,26556.267099056604,26009.227889150945,26357.34375,60687,0.0,0.0
2025-07-21 00:00:00+09:00,26357.343131692272,26705.458984375,26158.41978730214,26705.458984375,70437,0.0,0.0
2025-07-22 00:00:00+09:00,26705.45912176212,26705.45912176212,25760.573231048005,26158.419921875,103830,0.0,0.0
2025-07-23 00:00:00+09:00,26158.420177283653,26208.151014122595,25114.072603665863,25860.03515625,4,0.0,0.0
2025-07-24 00:00:00+09:00,25810.303344726562,26009.226684570312,25312.994995117188,25462.1875,163329,0.0,0.0
2025-07-25 00:00:00+09:00,25312.99646284449,25710.843165600396,24865.418922244095,25263.265625,82949,0.0,0.0
2025-07-28 00:00:00+09:00,25163.802368404835,25263.26403784517,24765.955690643492,25213.533203125,80684,0.0,0.0
2025-07-29 00:00:00+09:00,25213.53467864687,25462.188866799203,24666.49546471173,25014.611328125,88203,0.0,0.0
2025-07-30 00:00:00+09:00,24815.68580780329,25710.840806882366,24815.68580780329,25312.994140625,87625,0.0,0.0
2025-07-31 00:00:00+09:00,25312.995119136725,25362.725954341317,24865.41760229541,24915.1484375,70981,0.0,0.0
2025-08-01 00:00:00+09:00,24666.493762993763,24815.686265592518,23821.069581600834,23920.53125,119217,0.0,0.0
2025-08-04 00:00:00+09:00,23622.148638853094,24218.91870972938,23622.148638853094,24119.45703125,74133,0.0,0.0
2025-08-05 00:00:00+09:00,24318.3787734375,25064.3413125,24218.9171015625,24865.41796875,77473,0.0,0.0
2025-08-06 00:00:00+09:00,24716.22640871063,25263.265625,24517.30305733268,25263.265625,59669,0.0,0.0
2025-08-07 00:00:00+09:00,25263.26330734283,25511.91747375368,24964.878307649804,25312.994140625,56300,0.0,0.0
2025-08-08 00:00:00+09:00,25312.995240705288,25462.187747035576,25014.610228044716,25163.802734375,44137,0.0,0.0
2025-08-11 00:00:00+09:00,25263.26330734283,25412.45580718934,24964.878307649804,25312.994140625,68223,0.0,0.0
2025-08-12 00:00:00+09:00,25462.18849206349,26158.420208643354,24865.418449280754,25064.341796875,150919,0.0,0.0
2025-08-13 00:00:00+09:00,25263.265672637197,25312.996510575456,24268.64891387195,24467.572265625,105593,0.0,0.0
2025-08-14 00:00:00+09:00,24666.495245943206,24666.495245943206,24218.91771123859,24517.302734375,70524,0.0,0.0
2025-08-18 00:00:00+09:00,24318.38028564453,24318.38028564453,23622.148539225258,23870.802734375,97955,0.0,0.0
2025-08-19 00:00:00+09:00,23821.07093733448,23920.53261139433,23274.031730005296,23472.955078125,68213,0.0,0.0
2025-08-20 00:00:00+09:00,22925.915281621223,23373.49280338823,22378.876088350433,23025.376953125,101465,0.0,0.0
2025-08-21 00:00:00+09:00,22975.64696217811,23174.5703125,22826.454449436696,23174.5703125,51708,0.0,0.0
2025-08-22 00:00:00+09:00,22925.915870795816,23622.147589214776,22925.915870795816,23472.955078125,61193,0.0,0.0
2025-08-25 00:00:00+09:00,23671.87823118932,25810.30420585558,23622.147394569176,25611.380859375,376762,0.0,0.0
2025-08-26 00:00:00+09:00,25710.843484853012,26357.34438485899,25462.189292543022,26009.228515625,319804,0.0,0.0
2025-08-27 00:00:00+09:00,26158.41931364845,26158.41931364845,25362.725950495646,25710.841796875,141339,0.0,0.0
2025-08-28 00:00:00+09:00,26357.342529296875,26407.073364257812,25312.994995117188,25462.1875,157035,0.0,0.0
2025-08-29 00:00:00+09:00,25163.802368404835,25661.110715606508,25163.802368404835,25213.533203125,95493,0.0,0.0
2025-09-01 00:00:00+09:00,25959.49659926471,26208.150781250002,25064.341544117648,25362.7265625,183218,0.0,0.0
2025-09-02 00:00:00+09:00,25810.30380716811,27451.42139028285,25611.380463760266,27252.498046875,648245,0.0,0.0
2025-09-03 00:00:00+09:00,28247.11529267724,28247.11529267724,26456.805168493473,26655.728515625,548755,0.0,0.0
2025-09-04 00:00:00+09:00,27053.573726851853,27202.766229021992,26506.53455222801,26854.650390625,150604,0.0,0.0
2025-09-05 00:00:00+09:00,27202.766229021992,27202.766229021992,26605.996220341436,26854.650390625,127512,0.0,0.0
2025-09-08 00:00:00+09:00,27202.766480823862,27600.613156960226,26854.650639204545,27351.958984375,232683,0.0,0.0
2025-09-09 00:00:00+09:00,27451.422243647914,27501.153081045824,26854.652194872957,27401.69140625,211552,0.0,0.0
2025-09-10 00:00:00+09:00,27998.461455024953,28197.384804616606,27252.49889405626,27401.69140625,323836,0.0,0.0
2025-09-11 00:00:00+09:00,27401.69101081096,28843.885274537854,27153.03682740977,28247.115234375,528426,0.0,0.0
2025-09-12 00:00:00+09:00,28446.038581095952,28595.231091136666,27799.537704252863,28247.115234375,370400,0.0,0.0
2025-09-15 00:00:00+09:00,28794.154925152972,29042.80911276224,27948.73068728147,28446.0390625,395696,0.0,0.0
2025-09-16 00:00:00+09:00,28993.07820298321,29042.809040381126,27351.960568852086,27401.69140625,304397,0.0,0.0
2025-09-17 00:00:00+09:00,27202.766229021992,27700.07456958912,26755.188722511575,26854.650390625,189200,0.0,0.0
2025-09-18 00:00:00+09:00,27401.690063476562,28247.1142578125,27302.228393554688,27849.267578125,301243,0.0,0.0
2025-09-22 00:00:00+09:00,29241.730831326622,29540.115839809547,28346.57580587785,28396.306640625,386545,0.0,0.0
2025-09-23 00:00:00+09:00,28644.9609375,28694.691772460938,27501.151733398438,27849.267578125,239490,0.0,0.0
2025-09-24 00:00:00+09:00,27501.151984345957,27799.53699683434,26506.53527605135,26755.189453125,244283,0.0,0.0
2025-09-25 00:00:00+09:00,26854.652817670038,28048.192942899816,26605.99862491383,27053.576171875,330241,0.0,0.0
2025-09-26 00:00:00+09:00,27351.959994355988,27451.42166706274,25860.034903754753,26158.419921875,244816,0.0,0.0
2025-09-29 00:00:00+09:00,26307.61291273585,26755.190448113208,26208.15123820755,26357.34375,108865,0.0,0.0
2025-09-30 00:00:00+09:00,26854.651474909584,27849.26819620253,26307.612278198463,27501.15234375,278908,0.0,0.0
2025-10-01 00:00:00+09:00,27551.063787774725,27650.886482657967,27051.950313358517,27251.595703125,142811,100.0,0.0
2025-10-02 00:00:00+09:00,27351.41772280093,27351.41772280093,26702.570222077546,26952.126953125,119007,0.0,0.0
2025-10-10 00:00:00+09:00,27101.86160348361,31044.85804303279,26802.393519467216,30445.921875,1326438,0.0,0.0
2025-10-13 00:00:00+09:00,30695.478945758565,30945.035685154977,29896.89737969005,30595.65625,766670,0.0,0.0
2025-10-14 00:00:00+09:00,30645.56687049024,32941.488818442274,28948.581082873516,29397.783203125,1400737,0.0,0.0
2025-10-15 00:00:00+09:00,30396.01111355634,32392.46504548122,29946.80897887324,31893.3515625,1182117,0.0,0.0
2025-10-16 00:00:00+09:00,34189.272918466784,34239.18426579301,31593.88285750288,32492.287109375,1066007,0.0,0.0
2025-10-17 00:00:00+09:00,31344.325592585086,32392.463868770257,30795.30078125,30795.30078125,730801,0.0,0.0
2025-10-20 00:00:00+09:00,31543.970891034984,34363.961959616434,31144.68012026239,34239.18359375,1135382,0.0,0.0
2025-10-21 00:00:00+09:00,33889.80298145708,33939.714326054214,32292.639954348644,33141.1328125,713665,0.0,0.0
2025-10-22 00:00:00+09:00,33340.778883307576,33340.778883307576,31693.704477395673,32292.640625,377725,0.0,0.0
2025-10-23 00:00:00+09:00,31494.06087650335,32342.553800276026,31344.326831131704,31643.794921875,310610,0.0,0.0
2025-10-24 00:00:00+09:00,31843.439645949442,32242.730425208996,31294.414824467556,31344.326171875,402412,0.0,0.0
2025-10-27 00:00:00+09:00,31494.06021409733,31593.882908912223,30745.39000298567,31344.326171875,338414,0.0,0.0
2025-10-28 00:00:00+09:00,31893.351330353606,32142.908070027734,31244.503807200872,31494.060546875,273404,0.0,0.0
2025-10-29 00:00:00+09:00,31893.350558035712,32292.641331845236,31094.769010416665,31444.1484375,310198,0.0,0.0
2025-10-30 00:00:00+09:00,31244.50280722468,31244.50280722468,30046.63049512661,31044.857421875,260024,0.0,0.0
2025-10-31 00:00:00+09:00,32592.10934032914,34838.11993805473,31643.79375462278,33740.0703125,1941811,0.0,0.0
2025-11-03 00:00:00+09:00,34987.855589110644,37183.95494135154,34388.919402135856,35636.703125,1677327,0.0,0.0
2025-11-04 00:00:00+09:00,34638.473505434784,36135.813858695656,33839.891983695656,35586.7890625,916867,0.0,0.0
2025-11-05 00:00:00+09:00,34438.83059210527,34688.38733552631,32142.90855263158,33191.046875,618266,0.0,0.0
2025-11-06 00:00:00+09:00,34189.27221111919,34239.18355741279,31843.43893531977,32192.818359375,406866,0.0,0.0
2025-11-07 00:00:00+09:00,30695.478421118954,32192.818831905242,30495.833033014114,30945.03515625,356688,0.0,0.0
2025-11-10 00:00:00+09:00,31494.060546875,31693.7059386143,30146.454152634706,31494.060546875,193063,0.0,0.0
2025-11-11 00:00:00+09:00,32092.996285051344,33290.868619174566,30994.946645438387,31593.8828125,358195,0.0,0.0
2025-11-12 00:00:00+09:00,31943.261217948715,32043.083909254805,30795.300267928684,31144.6796875,209270,0.0,0.0
2025-11-13 00:00:00+09:00,31294.414397321427,31693.70517113095,30495.83284970238,31444.1484375,196510,0.0,0.0
2025-11-14 00:00:00+09:00,30445.921388362793,30745.38946759259,29597.4284972117,29647.33984375,221157,0.0,0.0
2025-11-17 00:00:00+09:00,30096.54267483313,30895.124238344455,29148.22706816343,30845.212890625,199337,0.0,0.0
2025-11-18 00:00:00+09:00,30296.18792936467,30795.301404313017,29297.960979467975,30196.365234375,202598,0.0,0.0
2025-11-19 00:00:00+09:00,32342.55349576271,38731.20603813559,31444.149231991523,38282.00390625,7324898,0.0,0.0
2025-11-20 00:00:00+09:00,37832.80065257353,44071.71896599265,37583.243920036766,42424.64453125,6969681,0.0,0.0
2025-11-21 00:00:00+09:00,40877.393001796365,49711.70137947397,40727.658961496745,46018.26171875,7756273,0.0,0.0
2025-11-24 00:00:00+09:00,47465.69077497967,47615.424815279286,44970.12343665266,46018.26171875,1540135,0.0,0.0
2025-11-25 00:00:00+09:00,46367.64110863095,49112.765178571426,45668.88225446428,47166.22265625,1886309,0.0,0.0
2025-11-26 00:00:00+09:00,47864.98378513003,48513.83132340604,44121.632602768455,44620.74609375,1439903,0.0,0.0
2025-11-27 00:00:00+09:00,44121.63238238238,50410.46233733733,43422.8734984985,49861.4375,3879340,0.0,0.0
2025-11-28 00:00:00+09:00,51608.33251488095,64285.81458333333,51608.33251488095,62888.296875,5790056,0.0,0.0
2025-12-01 00:00:00+09:00,60692.19696969697,64784.92735745614,60492.55158492823,62588.828125,1830412,0.0,0.0
2025-12-02 00:00:00+09:00,66282.26944659442,67979.25526073917,63087.943208204335,64485.4609375,1563315,0.0,0.0
2025-12-03 00:00:00+09:00,62189.53735546252,64385.63658791866,60492.55158492823,62588.828125,1266669,0.0,0.0
2025-12-04 00:00:00+09:00,64585.282775125386,73768.97058858989,62389.18351538388,64685.10546875,4090185,0.0,0.0
2025-12-05 00:00:00+09:00,65982.80059356232,70674.46720157658,63287.5878612988,66481.9140625,1894077,0.0,0.0
2025-12-08 00:00:00+09:00,67180.67569791667,74966.84613541666,66182.44871875,74867.0234375,2578464,0.0,0.0
2025-12-09 00:00:00+09:00,72371.453686751,77711.96785535953,70674.46787616512,74966.84375,1298741,0.0,0.0
2025-12-10 00:00:00+09:00,74767.19601980453,75266.30947788066,71273.4018132716,72770.7421875,999513,0.0,0.0
2025-12-11 00:00:00+09:00,71373.22749230507,74767.1991492818,69576.41896802327,72970.390625,1043063,0.0,0.0
2025-12-12 00:00:00+09:00,72970.39217708334,75266.31422916667,71473.05170833334,74867.0234375,803409,0.0,0.0
2025-12-15 00:00:00+09:00,74367.90549651015,81754.78470019036,73369.6785770939,78660.28125,1350028,0.0,0.0
2025-12-16 00:00:00+09:00,77961.52656631563,83351.95221878815,75965.07262095543,81754.7890625,1274467,0.0,0.0
2025-12-17 00:00:00+09:00,82154.07482978352,84749.46480010475,68378.54344884776,71473.046875,2321867,0.0,0.0
2025-12-18 00:00:00+09:00,68877.65591517858,75366.13074776785,67380.31556919642,69875.8828125,1326796,0.0,0.0
2025-12-19 00:00:00+09:00,72371.45479537862,90539.1855164254,68777.83772967706,89640.78125,4906964,0.0,0.0
2025-12-22 00:00:00+09:00,86146.9826208242,94032.97523617196,82453.54304148411,91138.1171875,3608371,0.0,0.0
2025-12-23 00:00:00+09:00,89840.42651537123,91836.88043793503,85148.75979734628,86047.1640625,1370909,0.0,0.0
2025-12-24 00:00:00+09:00,86745.92061011905,87943.79293154762,83351.94903273809,83851.0625,841915,0.0,0.0
2025-12-26 00:00:00+09:00,86246.8085106383,89441.13475177305,81455.31914893618,84450.0,1347472,0.0,0.0
2025-12-29 00:00:00+09:00,84700.0,88600.0,82800.0,85900.0,1259152,150.0,0.0
2025-12-30 00:00:00+09:00,87900.0,87900.0,80000.0,81300.0,1130977,0.0,0.0
2026-01-02 00:00:00+09:00,80800.0,88300.0,80600.0,82700.0,1624247,0.0,0.0
2026-01-05 00:00:00+09:00,81400.0,81500.0,77100.0,80000.0,950131,0.0,0.0
2026-01-06 00:00:00+09:00,81600.0,82400.0,73600.0,75200.0,1334704,0.0,0.0
2026-01-07 00:00:00+09:00,75200.0,83300.0,74000.0,80000.0,1910431,0.0,0.0
2026-01-08 00:00:00+09:00,81100.0,81100.0,76000.0,76000.0,822091,0.0,0.0
2026-01-09 00:00:00+09:00,78100.0,81100.0,75400.0,79000.0,862823,0.0,0.0
2026-01-12 00:00:00+09:00,78900.0,85800.0,77800.0,82600.0,1233105,0.0,0.0
2026-01-13 00:00:00+09:00,84200.0,92500.0,82800.0,91000.0,2627250,0.0,0.0
2026-01-14 00:00:00+09:00,94300.0,94700.0,85600.0,87100.0,1609109,0.0,0.0
2026-01-15 00:00:00+09:00,86100.0,99900.0,85800.0,96900.0,3144418,0.0,0.0
2026-01-16 00:00:00+09:00,98000.0,98700.0,89900.0,92400.0,1445369,0.0,0.0
2026-01-19 00:00:00+09:00,93900.0,117600.0,91500.0,112600.0,4786779,0.0,0.0
2026-01-20 00:00:00+09:00,112900.0,114400.0,103200.0,106400.0,1785805,0.0,0.0
2026-01-21 00:00:00+09:00,100700.0,114300.0,100700.0,110800.0,1961271,0.0,0.0
2026-01-22 00:00:00+09:00,112900.0,112900.0,104900.0,105700.0,1078960,0.0,0.0
2026-01-23 00:00:00+09:00,103900.0,110500.0,102200.0,103900.0,976903,0.0,0.0
2026-01-26 00:00:00+09:00,100600.0,127300.0,100500.0,120000.0,3523622,0.0,0.0
2026-01-27 00:00:00+09:00,117000.0,126300.0,115100.0,121900.0,1100102,0.0,0.0
2026-01-28 00:00:00+09:00,124000.0,157500.0,122800.0,151500.0,3410397,0.0,0.0
2026-01-29 00:00:00+09:00,154200.0,165700.0,147700.0,158100.0,2037903,0.0,0.0
2026-01-30 00:00:00+09:00,157200.0,161100.0,153000.0,153700.0,687905,0.0,0.0
2026-02-02 00:00:00+09:00,150000.0,162800.0,146300.0,148500.0,931165,0.0,0.0
2026-02-03 00:00:00+09:00,154000.0,159200.0,152400.0,156300.0,508844,0.0,0.0
2026-02-04 00:00:00+09:00,156700.0,159500.0,152300.0,155600.0,408332,0.0,0.0
2026-02-05 00:00:00+09:00,151400.0,155900.0,144500.0,148600.0,499031,0.0,0.0
2026-02-06 00:00:00+09:00,139700.0,142900.0,133100.0,136100.0,729310,0.0,0.0
2026-02-09 00:00:00+09:00,143000.0,148000.0,134100.0,138000.0,497479,0.0,0.0
2026-02-10 00:00:00+09:00,144000.0,147800.0,132100.0,133200.0,657549,0.0,0.0
2026-02-11 00:00:00+09:00,133500.0,143600.0,129000.0,137100.0,667822,0.0,0.0
2026-02-12 00:00:00+09:00,139800.0,140200.0,135800.0,137300.0,295728,0.0,0.0
2026-02-13 00:00:00+09:00,135000.0,137000.0,131800.0,133700.0,322895,0.0,0.0
2026-02-19 00:00:00+09:00,134500.0,140500.0,126000.0,139200.0,643547,0.0,0.0
2026-02-20 00:00:00+09:00,139300.0,140000.0,132200.0,132700.0,377851,0.0,0.0
2026-02-23 00:00:00+09:00,134100.0,134500.0,126800.0,129100.0,420983,0.0,0.0
2026-02-24 00:00:00+09:00,131800.0,134400.0,129600.0,132600.0,291750,0.0,0.0
2026-02-25 00:00:00+09:00,135200.0,152000.0,133000.0,147300.0,1286372,0.0,0.0
2026-02-26 00:00:00+09:00,147300.0,155000.0,143900.0,151700.0,774602,0.0,0.0
2026-02-27 00:00:00+09:00,147100.0,149500.0,142100.0,144600.0,515120,0.0,0.0
2026-03-03 00:00:00+09:00,138700.0,152500.0,134500.0,134800.0,695303,0.0,0.0
2026-03-04 00:00:00+09:00,124700.0,131200.0,106100.0,108400.0,751849,0.0,0.0
2026-03-05 00:00:00+09:00,120500.0,131900.0,119500.0,126900.0,535950,0.0,0.0
2026-03-06 00:00:00+09:00,126000.0,135100.0,122100.0,131400.0,356131,0.0,0.0
2026-03-09 00:00:00+09:00,123300.0,129400.0,120800.0,128100.0,286698,0.0,0.0
2026-03-10 00:00:00+09:00,137100.0,142800.0,132700.0,135000.0,492487,0.0,0.0
2026-03-11 00:00:00+09:00,144600.0,144600.0,128400.0,131200.0,456416,0.0,0.0
2026-03-12 00:00:00+09:00,131500.0,134200.0,129300.0,131200.0,200094,0.0,0.0
2026-03-13 00:00:00+09:00,127500.0,134300.0,126400.0,130300.0,263565,0.0,0.0
2026-03-16 00:00:00+09:00,128700.0,134000.0,123500.0,126800.0,202163,0.0,0.0
2026-03-17 00:00:00+09:00,130700.0,132200.0,125000.0,125000.0,209100,0.0,0.0
2026-03-18 00:00:00+09:00,127500.0,128700.0,124500.0,127500.0,194845,0.0,0.0
2026-03-19 00:00:00+09:00,124800.0,126600.0,123000.0,123200.0,207029,0.0,0.0
2026-03-20 00:00:00+09:00,123500.0,124000.0,118900.0,120500.0,668177,0.0,0.0
2026-03-23 00:00:00+09:00,115300.0,115700.0,109100.0,110100.0,320543,0.0,0.0
2026-03-24 00:00:00+09:00,115200.0,115700.0,109100.0,113800.0,260770,0.0,0.0
2026-03-25 00:00:00+09:00,115200.0,117700.0,111600.0,114800.0,337156,0.0,0.0
2026-03-26 00:00:00+09:00,113700.0,114300.0,107400.0,108000.0,244120,0.0,0.0
2026-03-27 00:00:00+09:00,102900.0,112200.0,101500.0,111300.0,315887,0.0,0.0
2026-03-30 00:00:00+09:00,103900.0,107600.0,103900.0,106800.0,131886,0.0,0.0
2026-03-31 00:00:00+09:00,109100.0,111500.0,103700.0,104600.0,239785,0.0,0.0
2026-04-01 00:00:00+09:00,110300.0,113600.0,108500.0,111700.0,168812,0.0,0.0
2026-04-02 00:00:00+09:00,121000.0,121100.0,106000.0,107800.0,476910,0.0,0.0
2026-04-03 00:00:00+09:00,112100.0,112100.0,105500.0,105800.0,167573,0.0,0.0
2026-04-06 00:00:00+09:00,108000.0,108000.0,101300.0,103500.0,209643,0.0,0.0
2026-04-07 00:00:00+09:00,104900.0,109700.0,102100.0,103900.0,166082,0.0,0.0
2026-04-08 00:00:00+09:00,109900.0,114800.0,108700.0,113800.0,233164,0.0,0.0
2026-04-09 00:00:00+09:00,115700.0,116300.0,107300.0,108000.0,350440,0.0,0.0
2026-04-10 00:00:00+09:00,111200.0,111300.0,107300.0,107400.0,149311,0.0,0.0
2026-04-13 00:00:00+09:00,104500.0,105400.0,103000.0,104600.0,104394,0.0,0.0
2026-04-14 00:00:00+09:00,107800.0,112600.0,105700.0,110200.0,254344,0.0,0.0
2026-04-15 00:00:00+09:00,116300.0,116300.0,112500.0,113500.0,217972,0.0,0.0
2026-04-16 00:00:00+09:00,116800.0,119300.0,113500.0,114000.0,254098,0.0,0.0
2026-04-17 00:00:00+09:00,117600.0,117600.0,113000.0,114600.0,191781,0.0,0.0
2026-04-20 00:00:00+09:00,114100.0,122400.0,112700.0,116500.0,359886,0.0,0.0
2026-04-21 00:00:00+09:00,119200.0,119200.0,114200.0,116800.0,206351,0.0,0.0
2026-04-22 00:00:00+09:00,116600.0,116700.0,112800.0,116100.0,208526,0.0,0.0
2026-04-23 00:00:00+09:00,117800.0,119200.0,112000.0,113800.0,200826,0.0,0.0
2026-04-24 00:00:00+09:00,113700.0,121300.0,112700.0,118900.0,400256,0.0,0.0
2026-04-27 00:00:00+09:00,122200.0,134900.0,121100.0,132900.0,1017780,0.0,0.0
2026-04-28 00:00:00+09:00,139900.0,140800.0,132100.0,135100.0,625560,0.0,0.0
2026-04-29 00:00:00+09:00,136100.0,137400.0,128700.0,130100.0,358359,0.0,0.0
2026-04-30 00:00:00+09:00,137600.0,138900.0,126900.0,127600.0,473782,0.0,0.0
2026-05-04 00:00:00+09:00,133000.0,133100.0,128100.0,129200.0,258175,0.0,0.0
2026-05-06 00:00:00+09:00,130000.0,130500.0,125000.0,127900.0,304409,0.0,0.0
2026-05-07 00:00:00+09:00,128300.0,132600.0,123400.0,124200.0,360490,0.0,0.0
2026-05-08 00:00:00+09:00,129100.0,142300.0,128900.0,135300.0,1493858,0.0,0.0
2026-05-11 00:00:00+09:00,134500.0,147300.0,129000.0,142200.0,1149557,0.0,0.0
2026-05-12 00:00:00+09:00,145200.0,152400.0,127100.0,135100.0,1109471,0.0,0.0
2026-05-13 00:00:00+09:00,136500.0,139000.0,130100.0,132300.0,437996,0.0,0.0
2026-05-14 00:00:00+09:00,136900.0,139400.0,127100.0,130700.0,343777,0.0,0.0
2026-05-15 00:00:00+09:00,131500.0,140300.0,121400.0,126600.0,723652,0.0,0.0
2026-05-18 00:00:00+09:00,129600.0,133100.0,119300.0,122300.0,432481,0.0,0.0
2026-05-19 00:00:00+09:00,120700.0,120800.0,105600.0,109800.0,433113,0.0,0.0
2026-05-20 00:00:00+09:00,108400.0,108500.0,99000.0,101700.0,361911,0.0,0.0
2026-05-21 00:00:00+09:00,105700.0,129800.0,105300.0,125900.0,533920,0.0,0.0
2026-05-22 00:00:00+09:00,126400.0,135500.0,123400.0,128500.0,426746,0.0,0.0
2026-05-26 00:00:00+09:00,131000.0,133400.0,127600.0,127700.0,238572,0.0,0.0
2026-05-27 00:00:00+09:00,127900.0,128700.0,121200.0,121900.0,252185,0.0,0.0
2026-05-28 00:00:00+09:00,125300.0,127200.0,111200.0,116400.0,285950,0.0,0.0
2026-05-29 00:00:00+09:00,119000.0,119400.0,113100.0,116600.0,540278,0.0,0.0
2026-06-01 00:00:00+09:00,119700.0,134400.0,117600.0,127900.0,1016848,0.0,0.0
2026-06-02 00:00:00+09:00,132400.0,134100.0,118000.0,123700.0,530727,0.0,0.0
2026-06-04 00:00:00+09:00,118500.0,120300.0,111300.0,111500.0,312618,0.0,0.0
2026-06-05 00:00:00+09:00,110400.0,110400.0,101600.0,103700.0,268129,0.0,0.0
2026-06-08 00:00:00+09:00,91000.0,101300.0,91000.0,95800.0,228637,0.0,0.0
2026-06-09 00:00:00+09:00,97800.0,102300.0,92400.0,95700.0,263875,0.0,0.0
2026-06-10 00:00:00+09:00,94500.0,97100.0,85500.0,88500.0,20,0.0,0.0
2026-06-11 00:00:00+09:00,85000.0,91400.0,82200.0,91400.0,332008,0.0,0.0
2026-06-12 00:00:00+09:00,95600.0,100300.0,93100.0,94700.0,326694,0.0,0.0
2026-06-15 00:00:00+09:00,97800.0,99400.0,95800.0,98500.0,133851,0.0,0.0
2026-06-16 00:00:00+09:00,100800.0,101000.0,95600.0,97800.0,148958,0.0,0.0
2026-06-17 00:00:00+09:00,97300.0,97800.0,93900.0,96600.0,115968,0.0,0.0
2026-06-18 00:00:00+09:00,98300.0,98400.0,91100.0,92200.0,144285,0.0,0.0
2026-06-19 00:00:00+09:00,91800.0,91800.0,85100.0,87600.0,237659,0.0,0.0
2026-06-22 00:00:00+09:00,86700.0,88600.0,83700.0,86400.0,138024,0.0,0.0
2026-06-23 00:00:00+09:00,85000.0,86800.0,76400.0,77000.0,263641,0.0,0.0
2026-06-24 00:00:00+09:00,77000.0,81900.0,75700.0,80200.0,234732,0.0,0.0
2026-06-25 00:00:00+09:00,81000.0,82400.0,77200.0,78200.0,141120,0.0,0.0
2026-06-26 00:00:00+09:00,76600.0,77100.0,70700.0,72400.0,213134,0.0,0.0
2026-06-29 00:00:00+09:00,72300.0,80100.0,71500.0,79800.0,164048,0.0,0.0
2026-06-30 00:00:00+09:00,82800.0,82800.0,77700.0,80300.0,153983,0.0,0.0
2026-07-01 00:00:00+09:00,80400.0,84900.0,78000.0,81400.0,139184,0.0,0.0
2026-07-02 00:00:00+09:00,79000.0,79000.0,73200.0,74000.0,159987,0.0,0.0
2026-07-03 00:00:00+09:00,74100.0,77200.0,68700.0,76700.0,185531,0.0,0.0
