Date,Open,High,Low,Close,Volume,Dividends,Stock Splits
2015-05-08 00:00:00+09:00,9998.93359375,10021.1533203125,9798.955078125,9910.0537109375,401632,0.0,0.0
2015-05-11 00:00:00+09:00,9910.0537109375,10065.5927734375,9843.39453125,9998.93359375,39599,0.0,0.0
2015-05-12 00:00:00+09:00,10021.1533203125,10043.373046875,9932.2734375,9998.93359375,8323,0.0,0.0
2015-05-13 00:00:00+09:00,9954.494140625,10421.1103515625,9954.494140625,10265.5712890625,23174,0.0,0.0
2015-05-14 00:00:00+09:00,10554.4296875,10643.3095703125,10110.0322265625,10509.990234375,22814,0.0,0.0
2015-05-15 00:00:00+09:00,10443.330078125,10776.6279296875,10443.330078125,10509.990234375,12453,0.0,0.0
2015-05-18 00:00:00+09:00,10310.01171875,10398.890625,10154.47265625,10354.451171875,9771,0.0,0.0
2015-05-19 00:00:00+09:00,10176.6923828125,10354.451171875,10087.8125,10176.6923828125,11675,0.0,0.0
2015-05-20 00:00:00+09:00,10443.330078125,10443.330078125,10110.0322265625,10398.890625,7690,0.0,0.0
2015-05-21 00:00:00+09:00,10154.47265625,10354.451171875,10154.47265625,10354.451171875,3508,0.0,0.0
2015-05-22 00:00:00+09:00,10176.6923828125,10354.451171875,10132.2529296875,10265.5712890625,5975,0.0,0.0
2015-05-26 00:00:00+09:00,10154.47265625,10154.47265625,9976.7138671875,10021.1533203125,7767,0.0,0.0
2015-05-27 00:00:00+09:00,9843.39453125,9976.7138671875,9843.39453125,9932.2734375,5295,0.0,0.0
2015-05-28 00:00:00+09:00,9932.2734375,10110.0322265625,9887.833984375,9998.93359375,2303,0.0,0.0
2015-05-29 00:00:00+09:00,9932.2734375,10087.8125,9932.2734375,10087.8125,3234,0.0,0.0
2015-06-01 00:00:00+09:00,10132.2529296875,10132.2529296875,9932.2734375,10087.8125,1377,0.0,0.0
2015-06-02 00:00:00+09:00,10087.8125,10221.1318359375,9998.93359375,10087.8125,7633,0.0,0.0
2015-06-03 00:00:00+09:00,10087.8125,10176.6923828125,10087.8125,10132.2529296875,4181,0.0,0.0
2015-06-04 00:00:00+09:00,9998.93359375,10798.84765625,9998.93359375,10354.451171875,12913,0.0,0.0
2015-06-05 00:00:00+09:00,10354.451171875,10443.330078125,10243.3515625,10354.451171875,3853,0.0,0.0
2015-06-08 00:00:00+09:00,9954.494140625,9998.93359375,9754.5146484375,9821.1748046875,130989,0.0,0.0
2015-06-09 00:00:00+09:00,9821.1748046875,9865.6142578125,9776.7353515625,9843.39453125,31765,0.0,0.0
2015-06-10 00:00:00+09:00,9821.1748046875,9843.39453125,9732.294921875,9776.7353515625,29689,0.0,0.0
2015-06-11 00:00:00+09:00,9776.7353515625,9776.7353515625,9643.416015625,9710.0751953125,16577,0.0,0.0
2015-06-12 00:00:00+09:00,9643.416015625,9687.85546875,9576.755859375,9665.6357421875,9675,0.0,0.0
2015-06-15 00:00:00+09:00,9598.9765625,9732.294921875,9576.755859375,9687.85546875,22197,0.0,0.0
2015-06-16 00:00:00+09:00,9687.85546875,9687.85546875,9354.5576171875,9487.876953125,7369,0.0,0.0
2015-06-17 00:00:00+09:00,9487.876953125,9532.31640625,9354.5576171875,9443.4375,8970,0.0,0.0
2015-06-18 00:00:00+09:00,9332.337890625,9376.77734375,9154.5791015625,9376.77734375,11541,0.0,0.0
2015-06-19 00:00:00+09:00,9154.5791015625,9332.337890625,9065.69921875,9221.23828125,19885,0.0,0.0
2015-06-22 00:00:00+09:00,9332.337890625,9421.2177734375,9332.337890625,9398.9970703125,18763,0.0,0.0
2015-06-23 00:00:00+09:00,9398.9970703125,9465.6572265625,9243.4580078125,9376.77734375,5391,0.0,0.0
2015-06-24 00:00:00+09:00,9354.5576171875,9398.9970703125,9221.23828125,9332.337890625,5002,0.0,0.0
2015-06-25 00:00:00+09:00,9176.798828125,9398.9970703125,9176.798828125,9398.9970703125,12900,0.0,0.0
2015-06-26 00:00:00+09:00,9398.9970703125,9487.876953125,9376.77734375,9487.876953125,11684,0.0,0.0
2015-06-29 00:00:00+09:00,9421.2177734375,9776.7353515625,9421.2177734375,9732.294921875,20038,0.0,0.0
2015-06-30 00:00:00+09:00,9776.7353515625,9865.6142578125,9643.416015625,9776.7353515625,19196,0.0,0.0
2015-07-01 00:00:00+09:00,9776.7353515625,9932.2734375,9776.7353515625,9910.0537109375,4723,0.0,0.0
2015-07-02 00:00:00+09:00,9954.494140625,9954.494140625,9710.0751953125,9954.494140625,5546,0.0,0.0
2015-07-03 00:00:00+09:00,9798.955078125,9865.6142578125,9554.5361328125,9821.1748046875,6384,0.0,0.0
2015-07-06 00:00:00+09:00,9821.1748046875,9887.833984375,9710.0751953125,9776.7353515625,2549,0.0,0.0
2015-07-07 00:00:00+09:00,9776.7353515625,9821.1748046875,9621.1962890625,9821.1748046875,3173,0.0,0.0
2015-07-08 00:00:00+09:00,9776.7353515625,9887.833984375,9332.337890625,9754.5146484375,14200,0.0,0.0
2015-07-09 00:00:00+09:00,9598.9765625,9776.7353515625,9598.9765625,9776.7353515625,6713,0.0,0.0
2015-07-10 00:00:00+09:00,9643.416015625,9865.6142578125,9643.416015625,9776.7353515625,5428,0.0,0.0
2015-07-13 00:00:00+09:00,9776.7353515625,9954.494140625,9776.7353515625,9821.1748046875,13137,0.0,0.0
2015-07-14 00:00:00+09:00,9954.494140625,9954.494140625,9732.294921875,9732.294921875,5949,0.0,0.0
2015-07-15 00:00:00+09:00,9776.7353515625,9865.6142578125,9732.294921875,9732.294921875,5987,0.0,0.0
2015-07-16 00:00:00+09:00,9976.7138671875,9976.7138671875,9710.0751953125,9754.5146484375,1658,0.0,0.0
2015-07-17 00:00:00+09:00,9821.1748046875,9821.1748046875,9710.0751953125,9754.5146484375,905,0.0,0.0
2015-07-20 00:00:00+09:00,9776.7353515625,9821.1748046875,9732.294921875,9732.294921875,6710,0.0,0.0
2015-07-21 00:00:00+09:00,9776.7353515625,12643.095703125,9776.7353515625,11109.92578125,127055,0.0,0.0
2015-07-22 00:00:00+09:00,10621.0888671875,11909.8408203125,10354.451171875,10909.947265625,20840,0.0,0.0
2015-07-23 00:00:00+09:00,10887.7275390625,11732.08203125,10887.7275390625,11021.046875,24747,0.0,0.0
2015-07-24 00:00:00+09:00,11109.92578125,11443.2236328125,10909.947265625,11087.7060546875,20041,0.0,0.0
2015-07-27 00:00:00+09:00,10865.5078125,11176.5859375,10865.5078125,11109.92578125,11329,0.0,0.0
2015-07-28 00:00:00+09:00,10998.8271484375,11398.7841796875,10598.869140625,10954.38671875,18181,0.0,0.0
2015-07-29 00:00:00+09:00,11265.46484375,11754.3017578125,10732.1884765625,11554.3232421875,10378,0.0,0.0
2015-07-30 00:00:00+09:00,11198.8056640625,11998.7197265625,11198.8056640625,11554.3232421875,3341,0.0,0.0
2015-07-31 00:00:00+09:00,11554.3232421875,12154.2587890625,11443.2236328125,11620.982421875,11929,0.0,0.0
2015-08-03 00:00:00+09:00,11798.7412109375,12154.2587890625,11554.3232421875,11732.08203125,6196,0.0,0.0
2015-08-04 00:00:00+09:00,11909.8408203125,12309.7978515625,11509.8837890625,12220.9189453125,26812,0.0,0.0
2015-08-05 00:00:00+09:00,12398.677734375,12531.9970703125,11576.54296875,12220.9189453125,23423,0.0,0.0
2015-08-06 00:00:00+09:00,12398.677734375,12443.1171875,11820.9609375,12420.8974609375,14438,0.0,0.0
2015-08-07 00:00:00+09:00,12398.677734375,12398.677734375,11665.421875,12176.478515625,2413,0.0,0.0
2015-08-10 00:00:00+09:00,12287.578125,12287.578125,11598.7626953125,12020.9404296875,6616,0.0,0.0
2015-08-11 00:00:00+09:00,12020.9404296875,12398.677734375,11754.3017578125,11932.060546875,3559,0.0,0.0
2015-08-12 00:00:00+09:00,12198.69921875,12198.69921875,11576.54296875,11665.421875,2464,0.0,0.0
2015-08-13 00:00:00+09:00,11798.7412109375,11798.7412109375,10887.7275390625,11109.92578125,4040,0.0,0.0
2015-08-14 00:00:00+09:00,11109.92578125,11109.92578125,11109.92578125,11109.92578125,0,0.0,0.0
2015-08-17 00:00:00+09:00,11176.5859375,11509.8837890625,10687.7490234375,10709.96875,3117,0.0,0.0
2015-08-18 00:00:00+09:00,10709.96875,10887.7275390625,10443.330078125,10709.96875,1815,0.0,0.0
2015-08-19 00:00:00+09:00,10465.55078125,11798.7412109375,10443.330078125,11043.2666015625,19378,0.0,0.0
2015-08-20 00:00:00+09:00,11332.125,11421.00390625,10709.96875,10843.2880859375,2474,0.0,0.0
2015-08-21 00:00:00+09:00,9865.6142578125,11309.904296875,9865.6142578125,10665.529296875,5544,0.0,0.0
2015-08-24 00:00:00+09:00,10621.0888671875,10709.96875,10132.2529296875,10621.0888671875,3675,0.0,0.0
2015-08-25 00:00:00+09:00,10598.869140625,10598.869140625,9998.93359375,10465.55078125,5752,0.0,0.0
2015-08-26 00:00:00+09:00,10976.607421875,11509.8837890625,10509.990234375,10865.5078125,11672,0.0,0.0
2015-08-27 00:00:00+09:00,11443.2236328125,11443.2236328125,10665.529296875,10843.2880859375,5286,0.0,0.0
2015-08-28 00:00:00+09:00,10487.7705078125,11109.92578125,10487.7705078125,10709.96875,5778,0.0,0.0
2015-08-31 00:00:00+09:00,10376.6708984375,11509.8837890625,10376.6708984375,10732.1884765625,9633,0.0,0.0
2015-09-01 00:00:00+09:00,11398.7841796875,11398.7841796875,10598.869140625,10621.0888671875,12876,0.0,0.0
2015-09-02 00:00:00+09:00,10621.0888671875,10954.38671875,10065.5927734375,10110.0322265625,10886,0.0,0.0
2015-09-03 00:00:00+09:00,10221.1318359375,10354.451171875,9776.7353515625,9954.494140625,4903,0.0,0.0
2015-09-04 00:00:00+09:00,9954.494140625,10621.0888671875,9887.833984375,10221.1318359375,16385,0.0,0.0
2015-09-07 00:00:00+09:00,10421.1103515625,10443.330078125,9954.494140625,10176.6923828125,3426,0.0,0.0
2015-09-08 00:00:00+09:00,10198.912109375,10398.890625,10110.0322265625,10198.912109375,865,0.0,0.0
2015-09-09 00:00:00+09:00,10243.3515625,10598.869140625,10065.5927734375,10110.0322265625,1636,0.0,0.0
2015-09-10 00:00:00+09:00,10154.47265625,10532.2099609375,10110.0322265625,10110.0322265625,460,0.0,0.0
2015-09-11 00:00:00+09:00,9998.93359375,10532.2099609375,9954.494140625,9976.7138671875,9133,0.0,0.0
2015-09-14 00:00:00+09:00,10021.1533203125,10021.1533203125,9510.0966796875,9887.833984375,14179,0.0,0.0
2015-09-15 00:00:00+09:00,9910.0537109375,10043.373046875,9754.5146484375,9887.833984375,1982,0.0,0.0
2015-09-16 00:00:00+09:00,9932.2734375,9932.2734375,9532.31640625,9887.833984375,1675,0.0,0.0
2015-09-17 00:00:00+09:00,9465.6572265625,9954.494140625,9465.6572265625,9932.2734375,7655,0.0,0.0
2015-09-18 00:00:00+09:00,9776.7353515625,9887.833984375,9598.9765625,9865.6142578125,14984,0.0,0.0
2015-09-21 00:00:00+09:00,9576.755859375,9754.5146484375,9576.755859375,9576.755859375,12561,0.0,0.0
2015-09-22 00:00:00+09:00,9598.9765625,10132.2529296875,9598.9765625,9665.6357421875,2663,0.0,0.0
2015-09-23 00:00:00+09:00,10132.2529296875,10132.2529296875,9687.85546875,9887.833984375,3980,0.0,0.0
2015-09-24 00:00:00+09:00,9798.955078125,9798.955078125,9576.755859375,9665.6357421875,3498,0.0,0.0
2015-09-25 00:00:00+09:00,9465.6572265625,9643.416015625,9443.4375,9554.5361328125,5377,0.0,0.0
2015-09-30 00:00:00+09:00,9487.876953125,9621.1962890625,9376.77734375,9576.755859375,20495,0.0,0.0
2015-10-01 00:00:00+09:00,10198.912109375,10198.912109375,9510.0966796875,9687.85546875,3242,0.0,0.0
2015-10-02 00:00:00+09:00,9554.5361328125,9776.7353515625,9554.5361328125,9732.294921875,1288,0.0,0.0
2015-10-05 00:00:00+09:00,9665.6357421875,9776.7353515625,9665.6357421875,9776.7353515625,2841,0.0,0.0
2015-10-06 00:00:00+09:00,10065.5927734375,10065.5927734375,9465.6572265625,9643.416015625,3424,0.0,0.0
2015-10-07 00:00:00+09:00,9465.6572265625,9665.6357421875,9465.6572265625,9643.416015625,14828,0.0,0.0
2015-10-08 00:00:00+09:00,9510.0966796875,9554.5361328125,9398.9970703125,9465.6572265625,10029,0.0,0.0
2015-10-12 00:00:00+09:00,9443.4375,9598.9765625,9443.4375,9510.0966796875,2087,0.0,0.0
2015-10-13 00:00:00+09:00,9687.85546875,9687.85546875,9376.77734375,9465.6572265625,17552,0.0,0.0
2015-10-14 00:00:00+09:00,9554.5361328125,9554.5361328125,9465.6572265625,9532.31640625,6189,0.0,0.0
2015-10-15 00:00:00+09:00,9843.39453125,9843.39453125,9443.4375,9510.0966796875,3607,0.0,0.0
2015-10-16 00:00:00+09:00,9598.9765625,9598.9765625,9376.77734375,9510.0966796875,656,0.0,0.0
2015-10-19 00:00:00+09:00,9621.1962890625,9621.1962890625,9443.4375,9532.31640625,2990,0.0,0.0
2015-10-20 00:00:00+09:00,9443.4375,9576.755859375,9443.4375,9532.31640625,494,0.0,0.0
2015-10-21 00:00:00+09:00,9576.755859375,9576.755859375,9376.77734375,9532.31640625,1602,0.0,0.0
2015-10-22 00:00:00+09:00,9554.5361328125,9554.5361328125,9376.77734375,9532.31640625,2979,0.0,0.0
2015-10-23 00:00:00+09:00,9376.77734375,9621.1962890625,9287.8984375,9621.1962890625,8546,0.0,0.0
2015-10-26 00:00:00+09:00,9421.2177734375,9643.416015625,9421.2177734375,9465.6572265625,3788,0.0,0.0
2015-10-27 00:00:00+09:00,9554.5361328125,9554.5361328125,9354.5576171875,9510.0966796875,3050,0.0,0.0
2015-10-28 00:00:00+09:00,9398.9970703125,9510.0966796875,9398.9970703125,9510.0966796875,2712,0.0,0.0
2015-10-29 00:00:00+09:00,9354.5576171875,9532.31640625,9354.5576171875,9532.31640625,10240,0.0,0.0
2015-10-30 00:00:00+09:00,9421.2177734375,9532.31640625,9421.2177734375,9532.31640625,6303,0.0,0.0
2015-11-02 00:00:00+09:00,9465.6572265625,9554.5361328125,9398.9970703125,9487.876953125,11397,0.0,0.0
2015-11-03 00:00:00+09:00,9398.9970703125,9598.9765625,9398.9970703125,9443.4375,1562,0.0,0.0
2015-11-04 00:00:00+09:00,9398.9970703125,9487.876953125,9021.259765625,9243.4580078125,7643,0.0,0.0
2015-11-05 00:00:00+09:00,9221.23828125,9398.9970703125,9221.23828125,9398.9970703125,4920,0.0,0.0
2015-11-06 00:00:00+09:00,9199.0185546875,9421.2177734375,9110.1396484375,9354.5576171875,2950,0.0,0.0
2015-11-09 00:00:00+09:00,9176.798828125,9354.5576171875,9176.798828125,9243.4580078125,3754,0.0,0.0
2015-11-10 00:00:00+09:00,9199.0185546875,9221.23828125,9065.69921875,9221.23828125,3948,0.0,0.0
2015-11-11 00:00:00+09:00,9154.5791015625,9243.4580078125,9087.919921875,9243.4580078125,4324,0.0,0.0
2015-11-12 00:00:00+09:00,9176.798828125,9310.1181640625,9176.798828125,9310.1181640625,863,0.0,0.0
2015-11-13 00:00:00+09:00,9132.359375,9332.337890625,9110.1396484375,9310.1181640625,1306,0.0,0.0
2015-11-16 00:00:00+09:00,9110.1396484375,9132.359375,9065.69921875,9065.69921875,4678,0.0,0.0
2015-11-17 00:00:00+09:00,9021.259765625,9110.1396484375,8999.0400390625,9065.69921875,2713,0.0,0.0
2015-11-18 00:00:00+09:00,9021.259765625,9065.69921875,8999.0400390625,8999.0400390625,3356,0.0,0.0
2015-11-19 00:00:00+09:00,8910.1611328125,9065.69921875,8910.1611328125,9065.69921875,590,0.0,0.0
2015-11-20 00:00:00+09:00,9065.69921875,9243.4580078125,8887.9404296875,9243.4580078125,12938,0.0,0.0
2015-11-23 00:00:00+09:00,9132.359375,9132.359375,8910.1611328125,8999.0400390625,3445,0.0,0.0
2015-11-24 00:00:00+09:00,8954.6005859375,8999.0400390625,8887.9404296875,8999.0400390625,3704,0.0,0.0
2015-11-25 00:00:00+09:00,8887.9404296875,8999.0400390625,8887.9404296875,8999.0400390625,3381,0.0,0.0
2015-11-26 00:00:00+09:00,9065.69921875,9065.69921875,8976.8203125,8976.8203125,3600,0.0,0.0
2015-11-27 00:00:00+09:00,8932.380859375,8976.8203125,8932.380859375,8932.380859375,25,0.0,0.0
2015-11-30 00:00:00+09:00,8932.380859375,8954.6005859375,8910.1611328125,8932.380859375,1906,0.0,0.0
2015-12-01 00:00:00+09:00,8910.1611328125,8954.6005859375,8910.1611328125,8932.380859375,797,0.0,0.0
2015-12-02 00:00:00+09:00,8932.380859375,9132.359375,8887.9404296875,9110.1396484375,4207,0.0,0.0
2015-12-03 00:00:00+09:00,9087.919921875,9087.919921875,8954.6005859375,9087.919921875,900,0.0,0.0
2015-12-04 00:00:00+09:00,8932.380859375,9065.69921875,8932.380859375,9065.69921875,723,0.0,0.0
2015-12-07 00:00:00+09:00,9065.69921875,9065.69921875,8887.9404296875,8910.1611328125,2524,0.0,0.0
2015-12-08 00:00:00+09:00,8910.1611328125,8932.380859375,8910.1611328125,8932.380859375,1375,0.0,0.0
2015-12-09 00:00:00+09:00,8910.1611328125,8932.380859375,8887.9404296875,8887.9404296875,1563,0.0,0.0
2015-12-10 00:00:00+09:00,8976.8203125,8999.0400390625,8887.9404296875,8932.380859375,649,0.0,0.0
2015-12-11 00:00:00+09:00,8932.380859375,8932.380859375,8887.9404296875,8932.380859375,1013,0.0,0.0
2015-12-14 00:00:00+09:00,8932.380859375,8932.380859375,8887.9404296875,8932.380859375,1473,0.0,0.0
2015-12-15 00:00:00+09:00,8932.380859375,8976.8203125,8932.380859375,8932.380859375,308,0.0,0.0
2015-12-16 00:00:00+09:00,8954.6005859375,8954.6005859375,8932.380859375,8954.6005859375,316,0.0,0.0
2015-12-17 00:00:00+09:00,8932.380859375,8954.6005859375,8932.380859375,8932.380859375,1154,0.0,0.0
2015-12-18 00:00:00+09:00,8910.1611328125,9021.259765625,8910.1611328125,8976.8203125,752,0.0,0.0
2015-12-21 00:00:00+09:00,8887.9404296875,8932.380859375,8887.9404296875,8932.380859375,12721,0.0,0.0
2015-12-22 00:00:00+09:00,8865.720703125,9021.259765625,8865.720703125,8954.6005859375,1036,0.0,0.0
2015-12-23 00:00:00+09:00,8865.720703125,8954.6005859375,8843.5009765625,8954.6005859375,2422,0.0,0.0
2015-12-24 00:00:00+09:00,8865.720703125,8932.380859375,8865.720703125,8932.380859375,765,0.0,0.0
2015-12-28 00:00:00+09:00,8932.380859375,8954.6005859375,8910.1611328125,8910.1611328125,3144,0.0,0.0
2015-12-29 00:00:00+09:00,8799.0615234375,8976.8203125,8799.0615234375,8976.8203125,171,0.0,0.0
2015-12-30 00:00:00+09:00,8910.1611328125,8954.6005859375,8910.1611328125,8932.380859375,1898,0.0,0.0
2016-01-04 00:00:00+09:00,9043.4794921875,9043.4794921875,8910.1611328125,8910.1611328125,9154,0.0,0.0
2016-01-05 00:00:00+09:00,8932.380859375,8932.380859375,8932.380859375,8932.380859375,173,0.0,0.0
2016-01-06 00:00:00+09:00,8932.380859375,8976.8203125,8932.380859375,8976.8203125,1125,0.0,0.0
2016-01-07 00:00:00+09:00,8910.1611328125,8910.1611328125,8910.1611328125,8910.1611328125,260,0.0,0.0
2016-01-08 00:00:00+09:00,9043.4794921875,9065.69921875,8954.6005859375,9065.69921875,3279,0.0,0.0
2016-01-11 00:00:00+09:00,8932.380859375,9065.69921875,8910.1611328125,9065.69921875,2478,0.0,0.0
2016-01-12 00:00:00+09:00,8999.0400390625,8999.0400390625,8932.380859375,8932.380859375,698,0.0,0.0
2016-01-13 00:00:00+09:00,8954.6005859375,8976.8203125,8954.6005859375,8976.8203125,391,0.0,0.0
2016-01-14 00:00:00+09:00,8976.8203125,8976.8203125,8976.8203125,8976.8203125,0,0.0,0.0
2016-01-15 00:00:00+09:00,8887.9404296875,8976.8203125,8887.9404296875,8976.8203125,1126,0.0,0.0
2016-01-18 00:00:00+09:00,8910.1611328125,8954.6005859375,8910.1611328125,8954.6005859375,47,0.0,0.0
2016-01-19 00:00:00+09:00,8910.1611328125,8954.6005859375,8910.1611328125,8954.6005859375,896,0.0,0.0
2016-01-20 00:00:00+09:00,8932.380859375,8954.6005859375,8932.380859375,8954.6005859375,1858,0.0,0.0
2016-01-21 00:00:00+09:00,8910.1611328125,8910.1611328125,8910.1611328125,8910.1611328125,77,0.0,0.0
2016-01-22 00:00:00+09:00,8910.1611328125,8910.1611328125,8910.1611328125,8910.1611328125,1035,0.0,0.0
2016-01-25 00:00:00+09:00,8910.1611328125,8910.1611328125,8887.9404296875,8910.1611328125,123,0.0,0.0
2016-01-26 00:00:00+09:00,8887.9404296875,8887.9404296875,8887.9404296875,8887.9404296875,495,0.0,0.0
2016-01-27 00:00:00+09:00,8887.9404296875,8932.380859375,8865.720703125,8932.380859375,229,0.0,0.0
2016-01-28 00:00:00+09:00,8976.8203125,8976.8203125,8976.8203125,8976.8203125,225,0.0,0.0
2016-01-29 00:00:00+09:00,8976.8203125,8976.8203125,8976.8203125,8976.8203125,0,0.0,0.0
2016-02-01 00:00:00+09:00,8976.8203125,8976.8203125,8976.8203125,8976.8203125,0,0.0,0.0
2016-02-02 00:00:00+09:00,8932.380859375,8932.380859375,8910.1611328125,8932.380859375,66,0.0,0.0
2016-02-03 00:00:00+09:00,8887.9404296875,8932.380859375,8887.9404296875,8932.380859375,4374,0.0,0.0
2016-02-04 00:00:00+09:00,8887.9404296875,8932.380859375,8843.5009765625,8887.9404296875,2823,0.0,0.0
2016-02-05 00:00:00+09:00,8865.720703125,8932.380859375,8865.720703125,8932.380859375,1565,0.0,0.0
2016-02-11 00:00:00+09:00,8843.5009765625,8976.8203125,8843.5009765625,8976.8203125,2415,0.0,0.0
2016-02-12 00:00:00+09:00,8843.5009765625,8910.1611328125,8843.5009765625,8910.1611328125,5431,0.0,0.0
2016-02-15 00:00:00+09:00,8910.1611328125,8932.380859375,8887.9404296875,8887.9404296875,1473,0.0,0.0
2016-02-16 00:00:00+09:00,8932.380859375,8954.6005859375,8932.380859375,8932.380859375,216,0.0,0.0
2016-02-17 00:00:00+09:00,8887.9404296875,8887.9404296875,8887.9404296875,8887.9404296875,105,0.0,0.0
2016-02-18 00:00:00+09:00,8954.6005859375,8976.8203125,8954.6005859375,8954.6005859375,307,0.0,0.0
2016-02-19 00:00:00+09:00,8843.5009765625,8887.9404296875,8843.5009765625,8887.9404296875,1269,0.0,0.0
2016-02-22 00:00:00+09:00,8865.720703125,8887.9404296875,8865.720703125,8887.9404296875,5875,0.0,0.0
2016-02-23 00:00:00+09:00,9021.259765625,9021.259765625,8865.720703125,8865.720703125,155,0.0,0.0
2016-02-24 00:00:00+09:00,8976.8203125,8999.0400390625,8976.8203125,8999.0400390625,63,0.0,0.0
2016-02-25 00:00:00+09:00,8821.28125,8910.1611328125,8821.28125,8910.1611328125,212,0.0,0.0
2016-02-26 00:00:00+09:00,8954.6005859375,8954.6005859375,8843.5009765625,8954.6005859375,556,0.0,0.0
2016-02-29 00:00:00+09:00,8821.28125,8954.6005859375,8821.28125,8865.720703125,530,0.0,0.0
2016-03-02 00:00:00+09:00,8821.28125,8954.6005859375,8821.28125,8954.6005859375,599,0.0,0.0
2016-03-03 00:00:00+09:00,8865.720703125,8954.6005859375,8821.28125,8954.6005859375,599,0.0,0.0
2016-03-04 00:00:00+09:00,8887.9404296875,8887.9404296875,8887.9404296875,8887.9404296875,0,0.0,0.0
2016-03-07 00:00:00+09:00,8887.9404296875,8887.9404296875,8865.720703125,8887.9404296875,427,0.0,0.0
2016-03-08 00:00:00+09:00,8821.28125,8865.720703125,8821.28125,8865.720703125,82,0.0,0.0
2016-03-09 00:00:00+09:00,8821.28125,8865.720703125,8821.28125,8865.720703125,646,0.0,0.0
2016-03-10 00:00:00+09:00,8932.380859375,8932.380859375,8487.9833984375,8776.841796875,2131,0.0,0.0
2016-03-11 00:00:00+09:00,8910.1611328125,8910.1611328125,8732.40234375,8865.720703125,1714,0.0,0.0
2016-03-14 00:00:00+09:00,8732.40234375,8776.841796875,8732.40234375,8776.841796875,234,0.0,0.0
2016-03-15 00:00:00+09:00,8865.720703125,8865.720703125,8821.28125,8821.28125,483,0.0,0.0
2016-03-16 00:00:00+09:00,8821.28125,8821.28125,8799.0615234375,8799.0615234375,247,0.0,0.0
2016-03-17 00:00:00+09:00,8732.40234375,8799.0615234375,8732.40234375,8799.0615234375,2480,0.0,0.0
2016-03-18 00:00:00+09:00,8799.0615234375,8821.28125,8710.181640625,8754.6220703125,152,0.0,0.0
2016-03-21 00:00:00+09:00,8754.6220703125,8754.6220703125,8732.40234375,8754.6220703125,2157,0.0,0.0
2016-03-22 00:00:00+09:00,8754.6220703125,8754.6220703125,8732.40234375,8732.40234375,1379,0.0,0.0
2016-03-23 00:00:00+09:00,8732.40234375,8776.841796875,8732.40234375,8776.841796875,158,0.0,0.0
2016-03-24 00:00:00+09:00,8754.6220703125,8754.6220703125,8732.40234375,8732.40234375,255,0.0,0.0
2016-03-25 00:00:00+09:00,8865.720703125,8865.720703125,8732.40234375,8865.720703125,1241,0.0,0.0
2016-03-28 00:00:00+09:00,8932.380859375,8932.380859375,8754.6220703125,8754.6220703125,289,0.0,0.0
2016-03-29 00:00:00+09:00,8887.9404296875,8887.9404296875,8710.181640625,8887.9404296875,831,0.0,0.0
2016-03-30 00:00:00+09:00,8843.5009765625,8865.720703125,8799.0615234375,8865.720703125,40,0.0,0.0
2016-03-31 00:00:00+09:00,8910.1611328125,8910.1611328125,8865.720703125,8865.720703125,145,0.0,0.0
2016-04-01 00:00:00+09:00,8887.9404296875,8887.9404296875,8754.6220703125,8843.5009765625,564,0.0,0.0
2016-04-04 00:00:00+09:00,8887.9404296875,8887.9404296875,8754.6220703125,8754.6220703125,345,0.0,0.0
2016-04-05 00:00:00+09:00,8754.6220703125,8843.5009765625,8754.6220703125,8776.841796875,2625,0.0,0.0
2016-04-06 00:00:00+09:00,8776.841796875,8932.380859375,8776.841796875,8799.0615234375,794,0.0,0.0
2016-04-07 00:00:00+09:00,8799.0615234375,8865.720703125,8799.0615234375,8799.0615234375,547,0.0,0.0
2016-04-08 00:00:00+09:00,8865.720703125,8954.6005859375,8754.6220703125,8843.5009765625,1164,0.0,0.0
2016-04-11 00:00:00+09:00,8821.28125,8843.5009765625,8821.28125,8843.5009765625,12399,0.0,0.0
2016-04-12 00:00:00+09:00,8843.5009765625,8843.5009765625,8843.5009765625,8843.5009765625,0,0.0,0.0
2016-04-14 00:00:00+09:00,8976.8203125,8976.8203125,8754.6220703125,8865.720703125,451,0.0,0.0
2016-04-15 00:00:00+09:00,8865.720703125,8865.720703125,8865.720703125,8865.720703125,0,0.0,0.0
2016-04-18 00:00:00+09:00,8776.841796875,8799.0615234375,8710.181640625,8754.6220703125,1464,0.0,0.0
2016-04-19 00:00:00+09:00,8754.6220703125,8843.5009765625,8754.6220703125,8821.28125,499,0.0,0.0
2016-04-20 00:00:00+09:00,8821.28125,8821.28125,8732.40234375,8732.40234375,2532,0.0,0.0
2016-04-21 00:00:00+09:00,8821.28125,8821.28125,8665.7421875,8754.6220703125,3802,0.0,0.0
2016-04-22 00:00:00+09:00,8687.9619140625,8799.0615234375,8687.9619140625,8799.0615234375,181,0.0,0.0
2016-04-25 00:00:00+09:00,8710.181640625,8887.9404296875,8687.9619140625,8865.720703125,1189,0.0,0.0
2016-04-26 00:00:00+09:00,8865.720703125,8865.720703125,8865.720703125,8865.720703125,0,0.0,0.0
2016-04-27 00:00:00+09:00,8865.720703125,8865.720703125,8665.7421875,8821.28125,5394,0.0,0.0
2016-04-28 00:00:00+09:00,8821.28125,8821.28125,8821.28125,8821.28125,0,0.0,0.0
2016-04-29 00:00:00+09:00,8687.9619140625,8776.841796875,8665.7421875,8776.841796875,471,0.0,0.0
2016-05-02 00:00:00+09:00,8710.181640625,8754.6220703125,8621.302734375,8754.6220703125,4140,0.0,0.0
2016-05-03 00:00:00+09:00,8687.9619140625,8799.0615234375,8687.9619140625,8754.6220703125,945,0.0,0.0
2016-05-04 00:00:00+09:00,8687.9619140625,8799.0615234375,8621.302734375,8732.40234375,7601,0.0,0.0
2016-05-09 00:00:00+09:00,8665.7421875,8799.0615234375,8643.5224609375,8732.40234375,4423,0.0,0.0
2016-05-10 00:00:00+09:00,8843.5009765625,8865.720703125,8799.0615234375,8865.720703125,376,0.0,0.0
2016-05-11 00:00:00+09:00,8865.720703125,8865.720703125,8665.7421875,8843.5009765625,209,0.0,0.0
2016-05-12 00:00:00+09:00,8843.5009765625,8843.5009765625,8843.5009765625,8843.5009765625,0,0.0,0.0
2016-05-13 00:00:00+09:00,8687.9619140625,8799.0615234375,8665.7421875,8776.841796875,5121,0.0,0.0
2016-05-16 00:00:00+09:00,8799.0615234375,8821.28125,8776.841796875,8821.28125,621,0.0,0.0
2016-05-17 00:00:00+09:00,8821.28125,8821.28125,8821.28125,8821.28125,22,0.0,0.0
2016-05-18 00:00:00+09:00,8776.841796875,8776.841796875,8776.841796875,8776.841796875,9,0.0,0.0
2016-05-19 00:00:00+09:00,8799.0615234375,8799.0615234375,8776.841796875,8776.841796875,2364,0.0,0.0
2016-05-20 00:00:00+09:00,8710.181640625,8776.841796875,8665.7421875,8776.841796875,1379,0.0,0.0
2016-05-23 00:00:00+09:00,8776.841796875,8799.0615234375,8687.9619140625,8776.841796875,2330,0.0,0.0
2016-05-24 00:00:00+09:00,8799.0615234375,8799.0615234375,8799.0615234375,8799.0615234375,225,0.0,0.0
2016-05-25 00:00:00+09:00,8821.28125,8821.28125,8776.841796875,8776.841796875,821,0.0,0.0
2016-05-26 00:00:00+09:00,8776.841796875,8776.841796875,8687.9619140625,8754.6220703125,3418,0.0,0.0
2016-05-27 00:00:00+09:00,8710.181640625,8710.181640625,8665.7421875,8665.7421875,12224,0.0,0.0
2016-05-30 00:00:00+09:00,8754.6220703125,8754.6220703125,8665.7421875,8732.40234375,12725,0.0,0.0
2016-05-31 00:00:00+09:00,8732.40234375,8732.40234375,8665.7421875,8732.40234375,2006,0.0,0.0
2016-06-01 00:00:00+09:00,8665.7421875,8665.7421875,8665.7421875,8665.7421875,6435,0.0,0.0
2016-06-02 00:00:00+09:00,8710.181640625,8732.40234375,8710.181640625,8732.40234375,10388,0.0,0.0
2016-06-03 00:00:00+09:00,8754.6220703125,8776.841796875,8754.6220703125,8776.841796875,7639,0.0,0.0
2016-06-07 00:00:00+09:00,8776.841796875,8776.841796875,8687.9619140625,8776.841796875,2907,0.0,0.0
2016-06-08 00:00:00+09:00,8776.841796875,8776.841796875,8665.7421875,8754.6220703125,1184,0.0,0.0
2016-06-09 00:00:00+09:00,8665.7421875,8754.6220703125,8665.7421875,8754.6220703125,4545,0.0,0.0
2016-06-10 00:00:00+09:00,8754.6220703125,8754.6220703125,8754.6220703125,8754.6220703125,2461,0.0,0.0
2016-06-13 00:00:00+09:00,8754.6220703125,8754.6220703125,8687.9619140625,8754.6220703125,3094,0.0,0.0
2016-06-14 00:00:00+09:00,8754.6220703125,8754.6220703125,8754.6220703125,8754.6220703125,135,0.0,0.0
2016-06-15 00:00:00+09:00,8687.9619140625,8754.6220703125,8687.9619140625,8754.6220703125,101,0.0,0.0
2016-06-16 00:00:00+09:00,8732.40234375,8732.40234375,8732.40234375,8732.40234375,78,0.0,0.0
2016-06-17 00:00:00+09:00,8754.6220703125,8754.6220703125,8732.40234375,8732.40234375,79,0.0,0.0
2016-06-20 00:00:00+09:00,8776.841796875,8799.0615234375,8754.6220703125,8776.841796875,452,0.0,0.0
2016-06-21 00:00:00+09:00,8821.28125,9532.31640625,8687.9619140625,8799.0615234375,1435,0.0,0.0
2016-06-22 00:00:00+09:00,8776.841796875,8799.0615234375,8732.40234375,8799.0615234375,151,0.0,0.0
2016-06-23 00:00:00+09:00,8776.841796875,8776.841796875,8776.841796875,8776.841796875,96,0.0,0.0
2016-06-24 00:00:00+09:00,8776.841796875,8821.28125,8687.9619140625,8754.6220703125,2408,0.0,0.0
2016-06-27 00:00:00+09:00,8732.40234375,8821.28125,8732.40234375,8821.28125,0,0.0,0.0
2016-06-28 00:00:00+09:00,8821.28125,8821.28125,8821.28125,8821.28125,0,0.0,0.0
2016-06-29 00:00:00+09:00,8732.40234375,8821.28125,8732.40234375,8821.28125,71,0.0,0.0
2016-06-30 00:00:00+09:00,8710.181640625,9265.6787109375,8710.181640625,8887.9404296875,15468,0.0,0.0
2016-07-01 00:00:00+09:00,9332.337890625,9332.337890625,8887.9404296875,8910.1611328125,8577,0.0,0.0
2016-07-04 00:00:00+09:00,8910.1611328125,9110.1396484375,8887.9404296875,9021.259765625,292,0.0,0.0
2016-07-05 00:00:00+09:00,9065.69921875,9065.69921875,8976.8203125,9021.259765625,253,0.0,0.0
2016-07-06 00:00:00+09:00,9021.259765625,9021.259765625,8976.8203125,9021.259765625,792,0.0,0.0
2016-07-07 00:00:00+09:00,8887.9404296875,8910.1611328125,8665.7421875,8910.1611328125,4450,0.0,0.0
2016-07-08 00:00:00+09:00,8932.380859375,8999.0400390625,8887.9404296875,8999.0400390625,45,0.0,0.0
2016-07-11 00:00:00+09:00,9021.259765625,9021.259765625,8843.5009765625,8976.8203125,524,0.0,0.0
2016-07-12 00:00:00+09:00,8865.720703125,9087.919921875,8865.720703125,9087.919921875,216,0.0,0.0
2016-07-13 00:00:00+09:00,9087.919921875,9110.1396484375,9065.69921875,9110.1396484375,872,0.0,0.0
2016-07-14 00:00:00+09:00,8865.720703125,9110.1396484375,8865.720703125,9065.69921875,901,0.0,0.0
2016-07-15 00:00:00+09:00,8954.6005859375,8976.8203125,8887.9404296875,8887.9404296875,3243,0.0,0.0
2016-07-18 00:00:00+09:00,8887.9404296875,8999.0400390625,8865.720703125,8887.9404296875,1092,0.0,0.0
2016-07-19 00:00:00+09:00,8887.9404296875,8999.0400390625,8887.9404296875,8976.8203125,563,0.0,0.0
2016-07-20 00:00:00+09:00,8976.8203125,8976.8203125,8799.0615234375,8887.9404296875,10219,0.0,0.0
2016-07-21 00:00:00+09:00,8887.9404296875,8887.9404296875,8865.720703125,8887.9404296875,1019,0.0,0.0
2016-07-22 00:00:00+09:00,8887.9404296875,8887.9404296875,8843.5009765625,8865.720703125,3710,0.0,0.0
2016-07-25 00:00:00+09:00,8865.720703125,8932.380859375,8843.5009765625,8910.1611328125,519,0.0,0.0
2016-07-26 00:00:00+09:00,8910.1611328125,8910.1611328125,8887.9404296875,8887.9404296875,5,0.0,0.0
2016-07-27 00:00:00+09:00,8887.9404296875,8887.9404296875,8776.841796875,8887.9404296875,3049,0.0,0.0
2016-07-28 00:00:00+09:00,8865.720703125,8887.9404296875,8865.720703125,8887.9404296875,4209,0.0,0.0
2016-07-29 00:00:00+09:00,8887.9404296875,8887.9404296875,8887.9404296875,8887.9404296875,2250,0.0,0.0
2016-08-01 00:00:00+09:00,8887.9404296875,8910.1611328125,8887.9404296875,8887.9404296875,547,0.0,0.0
2016-08-02 00:00:00+09:00,8910.1611328125,8976.8203125,8910.1611328125,8954.6005859375,723,0.0,0.0
2016-08-03 00:00:00+09:00,8910.1611328125,8999.0400390625,8865.720703125,8999.0400390625,1191,0.0,0.0
2016-08-04 00:00:00+09:00,8932.380859375,8976.8203125,8887.9404296875,8910.1611328125,212,0.0,0.0
2016-08-05 00:00:00+09:00,8887.9404296875,8976.8203125,8887.9404296875,8954.6005859375,950,0.0,0.0
2016-08-08 00:00:00+09:00,8954.6005859375,8976.8203125,8887.9404296875,8976.8203125,3781,0.0,0.0
2016-08-09 00:00:00+09:00,8932.380859375,8999.0400390625,8932.380859375,8999.0400390625,6013,0.0,0.0
2016-08-10 00:00:00+09:00,9043.4794921875,9199.0185546875,8999.0400390625,9087.919921875,1028,0.0,0.0
2016-08-11 00:00:00+09:00,8976.8203125,9176.798828125,8976.8203125,9065.69921875,8585,0.0,0.0
2016-08-12 00:00:00+09:00,8999.0400390625,9021.259765625,8799.0615234375,8976.8203125,22054,0.0,0.0
2016-08-16 00:00:00+09:00,8865.720703125,8932.380859375,8843.5009765625,8887.9404296875,1282,0.0,0.0
2016-08-17 00:00:00+09:00,8843.5009765625,8887.9404296875,8843.5009765625,8843.5009765625,2437,0.0,0.0
2016-08-18 00:00:00+09:00,8843.5009765625,8954.6005859375,8843.5009765625,8954.6005859375,2031,0.0,0.0
2016-08-19 00:00:00+09:00,8865.720703125,8976.8203125,8865.720703125,8865.720703125,3640,0.0,0.0
2016-08-22 00:00:00+09:00,8865.720703125,9154.5791015625,8865.720703125,8887.9404296875,4040,0.0,0.0
2016-08-23 00:00:00+09:00,8865.720703125,8932.380859375,8865.720703125,8932.380859375,1273,0.0,0.0
2016-08-24 00:00:00+09:00,8932.380859375,8932.380859375,8887.9404296875,8887.9404296875,8400,0.0,0.0
2016-08-25 00:00:00+09:00,8887.9404296875,8976.8203125,8887.9404296875,8954.6005859375,3770,0.0,0.0
2016-08-26 00:00:00+09:00,8976.8203125,9132.359375,8976.8203125,8976.8203125,27,0.0,0.0
2016-08-29 00:00:00+09:00,8976.8203125,8999.0400390625,8976.8203125,8976.8203125,697,0.0,0.0
2016-08-30 00:00:00+09:00,8976.8203125,9199.0185546875,8976.8203125,8999.0400390625,751,0.0,0.0
2016-08-31 00:00:00+09:00,9110.1396484375,9110.1396484375,8999.0400390625,8999.0400390625,347,0.0,0.0
2016-09-01 00:00:00+09:00,8999.0400390625,9199.0185546875,8954.6005859375,8976.8203125,9113,0.0,0.0
2016-09-02 00:00:00+09:00,8976.8203125,9021.259765625,8954.6005859375,9021.259765625,1205,0.0,0.0
2016-09-05 00:00:00+09:00,8976.8203125,9021.259765625,8954.6005859375,9021.259765625,1571,0.0,0.0
2016-09-06 00:00:00+09:00,8932.380859375,9065.69921875,8910.1611328125,9065.69921875,5887,0.0,0.0
2016-09-07 00:00:00+09:00,8932.380859375,9021.259765625,8932.380859375,9021.259765625,441,0.0,0.0
2016-09-08 00:00:00+09:00,8932.380859375,9110.1396484375,8932.380859375,9043.4794921875,972,0.0,0.0
2016-09-09 00:00:00+09:00,8976.8203125,8976.8203125,8954.6005859375,8976.8203125,1231,0.0,0.0
2016-09-12 00:00:00+09:00,9043.4794921875,9043.4794921875,8954.6005859375,8954.6005859375,4566,0.0,0.0
2016-09-13 00:00:00+09:00,8932.380859375,8999.0400390625,8932.380859375,8999.0400390625,225,0.0,0.0
2016-09-19 00:00:00+09:00,9021.259765625,9021.259765625,8954.6005859375,8954.6005859375,533,0.0,0.0
2016-09-20 00:00:00+09:00,8932.380859375,9199.0185546875,8910.1611328125,8932.380859375,1858,0.0,0.0
2016-09-21 00:00:00+09:00,8932.380859375,8954.6005859375,8932.380859375,8954.6005859375,1202,0.0,0.0
2016-09-22 00:00:00+09:00,8932.380859375,8932.380859375,8932.380859375,8932.380859375,1517,0.0,0.0
2016-09-23 00:00:00+09:00,9243.4580078125,9243.4580078125,8910.1611328125,8910.1611328125,4468,0.0,0.0
2016-09-26 00:00:00+09:00,8910.1611328125,8932.380859375,8865.720703125,8910.1611328125,3669,0.0,0.0
2016-09-27 00:00:00+09:00,8910.1611328125,8932.380859375,8887.9404296875,8887.9404296875,6450,0.0,0.0
2016-09-28 00:00:00+09:00,8910.1611328125,8910.1611328125,8910.1611328125,8910.1611328125,899,0.0,0.0
2016-09-29 00:00:00+09:00,8865.720703125,8910.1611328125,8843.5009765625,8887.9404296875,17821,0.0,0.0
2016-09-30 00:00:00+09:00,8799.0615234375,8865.720703125,8665.7421875,8821.28125,14135,0.0,0.0
2016-10-04 00:00:00+09:00,8865.720703125,8865.720703125,8843.5009765625,8843.5009765625,833,0.0,0.0
2016-10-05 00:00:00+09:00,8843.5009765625,9021.259765625,8843.5009765625,8843.5009765625,943,0.0,0.0
2016-10-06 00:00:00+09:00,8843.5009765625,8843.5009765625,8799.0615234375,8799.0615234375,1530,0.0,0.0
2016-10-07 00:00:00+09:00,8954.6005859375,8954.6005859375,8910.1611328125,8910.1611328125,2291,0.0,0.0
2016-10-10 00:00:00+09:00,8932.380859375,8932.380859375,8910.1611328125,8910.1611328125,1336,0.0,0.0
2016-10-11 00:00:00+09:00,8887.9404296875,8887.9404296875,8865.720703125,8865.720703125,470,0.0,0.0
2016-10-12 00:00:00+09:00,8887.9404296875,8910.1611328125,8887.9404296875,8910.1611328125,3160,0.0,0.0
2016-10-13 00:00:00+09:00,8910.1611328125,8932.380859375,8865.720703125,8865.720703125,1290,0.0,0.0
2016-10-14 00:00:00+09:00,8865.720703125,8887.9404296875,8865.720703125,8887.9404296875,236,0.0,0.0
2016-10-17 00:00:00+09:00,8887.9404296875,8976.8203125,8887.9404296875,8887.9404296875,1705,0.0,0.0
2016-10-18 00:00:00+09:00,8887.9404296875,8887.9404296875,8821.28125,8865.720703125,2387,0.0,0.0
2016-10-19 00:00:00+09:00,8865.720703125,8887.9404296875,8799.0615234375,8843.5009765625,2137,0.0,0.0
2016-10-20 00:00:00+09:00,8865.720703125,8865.720703125,8821.28125,8865.720703125,838,0.0,0.0
2016-10-21 00:00:00+09:00,8843.5009765625,8887.9404296875,8843.5009765625,8887.9404296875,447,0.0,0.0
2016-10-24 00:00:00+09:00,8976.8203125,8976.8203125,8865.720703125,8865.720703125,351,0.0,0.0
2016-10-25 00:00:00+09:00,8865.720703125,8865.720703125,8865.720703125,8865.720703125,4,0.0,0.0
2016-10-26 00:00:00+09:00,8865.720703125,8887.9404296875,8865.720703125,8865.720703125,3161,0.0,0.0
2016-10-27 00:00:00+09:00,8843.5009765625,8910.1611328125,8843.5009765625,8910.1611328125,1469,0.0,0.0
2016-10-28 00:00:00+09:00,8887.9404296875,8887.9404296875,8887.9404296875,8887.9404296875,175,0.0,0.0
2016-10-31 00:00:00+09:00,8887.9404296875,8887.9404296875,8865.720703125,8865.720703125,225,0.0,0.0
2016-11-01 00:00:00+09:00,8865.720703125,8865.720703125,8843.5009765625,8843.5009765625,1360,0.0,0.0
2016-11-02 00:00:00+09:00,8865.720703125,8887.9404296875,8843.5009765625,8865.720703125,956,0.0,0.0
2016-11-03 00:00:00+09:00,8843.5009765625,8887.9404296875,8843.5009765625,8865.720703125,2250,0.0,0.0
2016-11-04 00:00:00+09:00,8843.5009765625,8843.5009765625,8843.5009765625,8843.5009765625,78,0.0,0.0
2016-11-07 00:00:00+09:00,8843.5009765625,8843.5009765625,8799.0615234375,8843.5009765625,451,0.0,0.0
2016-11-08 00:00:00+09:00,8865.720703125,8865.720703125,8799.0615234375,8843.5009765625,1425,0.0,0.0
2016-11-09 00:00:00+09:00,8843.5009765625,8887.9404296875,8776.841796875,8887.9404296875,6571,0.0,0.0
2016-11-10 00:00:00+09:00,8799.0615234375,8821.28125,8754.6220703125,8821.28125,5785,0.0,0.0
2016-11-11 00:00:00+09:00,8776.841796875,8821.28125,8710.181640625,8821.28125,1036,0.0,0.0
2016-11-14 00:00:00+09:00,8754.6220703125,8843.5009765625,8754.6220703125,8843.5009765625,744,0.0,0.0
2016-11-15 00:00:00+09:00,8754.6220703125,8799.0615234375,8754.6220703125,8799.0615234375,562,0.0,0.0
2016-11-16 00:00:00+09:00,8776.841796875,8799.0615234375,8776.841796875,8799.0615234375,1450,0.0,0.0
2016-11-17 00:00:00+09:00,8799.0615234375,8799.0615234375,8799.0615234375,8799.0615234375,0,0.0,0.0
2016-11-18 00:00:00+09:00,8754.6220703125,8843.5009765625,8754.6220703125,8843.5009765625,3737,0.0,0.0
2016-11-21 00:00:00+09:00,8843.5009765625,8843.5009765625,8843.5009765625,8843.5009765625,0,0.0,0.0
2016-11-22 00:00:00+09:00,8843.5009765625,8843.5009765625,8843.5009765625,8843.5009765625,0,0.0,0.0
2016-11-23 00:00:00+09:00,8843.5009765625,8843.5009765625,8843.5009765625,8843.5009765625,0,0.0,0.0
2016-11-24 00:00:00+09:00,8843.5009765625,8843.5009765625,8843.5009765625,8843.5009765625,0,0.0,0.0
2016-11-25 00:00:00+09:00,8843.5009765625,8843.5009765625,8843.5009765625,8843.5009765625,0,0.0,0.0
2016-11-28 00:00:00+09:00,8843.5009765625,8843.5009765625,8843.5009765625,8843.5009765625,0,0.0,0.0
2016-11-29 00:00:00+09:00,8843.5009765625,8843.5009765625,8843.5009765625,8843.5009765625,0,0.0,0.0
2016-11-30 00:00:00+09:00,8843.5009765625,8843.5009765625,8843.5009765625,8843.5009765625,0,0.0,0.0
2016-12-01 00:00:00+09:00,8843.5009765625,8843.5009765625,8843.5009765625,8843.5009765625,0,0.0,0.0
2016-12-02 00:00:00+09:00,8843.5009765625,8843.5009765625,8843.5009765625,8843.5009765625,0,0.0,0.0
2016-12-05 00:00:00+09:00,8843.5009765625,8843.5009765625,8843.5009765625,8843.5009765625,0,0.0,0.0
2016-12-06 00:00:00+09:00,8843.5009765625,8843.5009765625,8843.5009765625,8843.5009765625,0,0.0,0.0
2016-12-07 00:00:00+09:00,8843.5009765625,8843.5009765625,8843.5009765625,8843.5009765625,0,0.0,0.0
2016-12-08 00:00:00+09:00,8843.5009765625,8843.5009765625,8843.5009765625,8843.5009765625,0,0.0,0.0
2016-12-09 00:00:00+09:00,8843.5009765625,8843.5009765625,8843.5009765625,8843.5009765625,0,0.0,0.0
2016-12-12 00:00:00+09:00,8843.5009765625,8843.5009765625,8843.5009765625,8843.5009765625,0,0.0,0.0
2016-12-13 00:00:00+09:00,8843.5009765625,8843.5009765625,8843.5009765625,8843.5009765625,0,0.0,0.0
2016-12-14 00:00:00+09:00,8843.5009765625,8843.5009765625,8843.5009765625,8843.5009765625,0,0.0,0.0
2016-12-15 00:00:00+09:00,8843.5009765625,8843.5009765625,8843.5009765625,8843.5009765625,0,0.0,0.0
2016-12-16 00:00:00+09:00,8843.5009765625,8843.5009765625,8843.5009765625,8843.5009765625,0,0.0,0.0
2016-12-19 00:00:00+09:00,8843.5009765625,8843.5009765625,8843.5009765625,8843.5009765625,0,0.0,0.0
2016-12-20 00:00:00+09:00,8843.5009765625,8843.5009765625,8843.5009765625,8843.5009765625,0,0.0,0.0
2016-12-21 00:00:00+09:00,8843.5009765625,8843.5009765625,8843.5009765625,8843.5009765625,0,0.0,0.0
2016-12-22 00:00:00+09:00,8843.5009765625,8843.5009765625,8843.5009765625,8843.5009765625,0,0.0,0.0
2016-12-23 00:00:00+09:00,8910.1611328125,8976.8203125,8799.0615234375,8799.0615234375,8332,0.0,0.0
2016-12-26 00:00:00+09:00,8865.720703125,8865.720703125,8665.7421875,8732.40234375,593,0.0,0.0
2016-12-27 00:00:00+09:00,8799.0615234375,8799.0615234375,8576.86328125,8754.6220703125,6279,0.0,0.0
2016-12-28 00:00:00+09:00,8687.9619140625,8754.6220703125,8576.86328125,8754.6220703125,8281,0.0,0.0
2016-12-29 00:00:00+09:00,8887.9404296875,8887.9404296875,8754.6220703125,8799.0615234375,368,0.0,0.0
2017-01-02 00:00:00+09:00,8821.28125,8821.28125,8799.0615234375,8821.28125,473,0.0,0.0
2017-01-03 00:00:00+09:00,8799.0615234375,8821.28125,8754.6220703125,8799.0615234375,278,0.0,0.0
2017-01-04 00:00:00+09:00,8799.0615234375,8799.0615234375,8643.5224609375,8732.40234375,3956,0.0,0.0
2017-01-05 00:00:00+09:00,8732.40234375,8799.0615234375,8732.40234375,8799.0615234375,4554,0.0,0.0
2017-01-06 00:00:00+09:00,8821.28125,8821.28125,8754.6220703125,8754.6220703125,727,0.0,0.0
2017-01-09 00:00:00+09:00,8754.6220703125,8754.6220703125,8754.6220703125,8754.6220703125,149,0.0,0.0
2017-01-10 00:00:00+09:00,8754.6220703125,8754.6220703125,8665.7421875,8665.7421875,3773,0.0,0.0
2017-01-11 00:00:00+09:00,8732.40234375,8754.6220703125,8665.7421875,8732.40234375,959,0.0,0.0
2017-01-12 00:00:00+09:00,8732.40234375,8799.0615234375,8621.302734375,8687.9619140625,5734,0.0,0.0
2017-01-13 00:00:00+09:00,8754.6220703125,8754.6220703125,8643.5224609375,8754.6220703125,358,0.0,0.0
2017-01-16 00:00:00+09:00,8799.0615234375,8799.0615234375,8687.9619140625,8732.40234375,1668,0.0,0.0
2017-01-17 00:00:00+09:00,8799.0615234375,8799.0615234375,8732.40234375,8732.40234375,8785,0.0,0.0
2017-01-18 00:00:00+09:00,8732.40234375,8799.0615234375,8687.9619140625,8754.6220703125,8791,0.0,0.0
2017-01-19 00:00:00+09:00,8799.0615234375,8843.5009765625,8710.181640625,8710.181640625,2824,0.0,0.0
2017-01-20 00:00:00+09:00,8754.6220703125,8843.5009765625,8754.6220703125,8843.5009765625,5470,0.0,0.0
2017-01-23 00:00:00+09:00,8754.6220703125,8843.5009765625,8732.40234375,8843.5009765625,3748,0.0,0.0
2017-01-24 00:00:00+09:00,8732.40234375,8754.6220703125,8710.181640625,8732.40234375,2081,0.0,0.0
2017-01-25 00:00:00+09:00,8710.181640625,8776.841796875,8710.181640625,8776.841796875,1081,0.0,0.0
2017-01-26 00:00:00+09:00,8732.40234375,8799.0615234375,8710.181640625,8799.0615234375,3729,0.0,0.0
2017-01-31 00:00:00+09:00,8799.0615234375,8799.0615234375,8799.0615234375,8799.0615234375,22,0.0,0.0
2017-02-01 00:00:00+09:00,8799.0615234375,8821.28125,8799.0615234375,8821.28125,1517,0.0,0.0
2017-02-02 00:00:00+09:00,8843.5009765625,8887.9404296875,8843.5009765625,8887.9404296875,702,0.0,0.0
2017-02-03 00:00:00+09:00,8754.6220703125,8887.9404296875,8754.6220703125,8887.9404296875,1618,0.0,0.0
2017-02-06 00:00:00+09:00,8732.40234375,8799.0615234375,8732.40234375,8799.0615234375,1161,0.0,0.0
2017-02-07 00:00:00+09:00,8754.6220703125,8887.9404296875,8754.6220703125,8776.841796875,2123,0.0,0.0
2017-02-08 00:00:00+09:00,8843.5009765625,8954.6005859375,8843.5009765625,8954.6005859375,1842,0.0,0.0
2017-02-09 00:00:00+09:00,8799.0615234375,9065.69921875,8799.0615234375,9065.69921875,14298,0.0,0.0
2017-02-10 00:00:00+09:00,8910.1611328125,9043.4794921875,8910.1611328125,9021.259765625,3394,0.0,0.0
2017-02-13 00:00:00+09:00,9065.69921875,9065.69921875,8710.181640625,8754.6220703125,29950,0.0,0.0
2017-02-14 00:00:00+09:00,8776.841796875,8776.841796875,8576.86328125,8643.5224609375,50265,0.0,0.0
2017-02-15 00:00:00+09:00,8665.7421875,8843.5009765625,8665.7421875,8843.5009765625,9512,0.0,0.0
2017-02-16 00:00:00+09:00,8843.5009765625,8843.5009765625,8843.5009765625,8843.5009765625,6160,0.0,0.0
2017-02-17 00:00:00+09:00,8776.841796875,8865.720703125,8776.841796875,8865.720703125,4470,0.0,0.0
2017-02-20 00:00:00+09:00,8865.720703125,8910.1611328125,8865.720703125,8910.1611328125,27016,0.0,0.0
2017-02-21 00:00:00+09:00,9021.259765625,9021.259765625,8954.6005859375,8999.0400390625,4148,0.0,0.0
2017-02-22 00:00:00+09:00,8887.9404296875,8932.380859375,8865.720703125,8887.9404296875,7278,0.0,0.0
2017-02-23 00:00:00+09:00,8799.0615234375,10554.4296875,8799.0615234375,9998.93359375,324882,0.0,0.0
2017-02-24 00:00:00+09:00,9932.2734375,10443.330078125,9643.416015625,9665.6357421875,112854,0.0,0.0
2017-02-27 00:00:00+09:00,9643.416015625,10043.373046875,9510.0966796875,9510.0966796875,39189,0.0,0.0
2017-02-28 00:00:00+09:00,9554.5361328125,9776.7353515625,9332.337890625,9776.7353515625,44534,0.0,0.0
2017-03-02 00:00:00+09:00,9487.876953125,9932.2734375,9465.6572265625,9754.5146484375,50413,0.0,0.0
2017-03-03 00:00:00+09:00,9776.7353515625,9776.7353515625,9376.77734375,9465.6572265625,40367,0.0,0.0
2017-03-06 00:00:00+09:00,9598.9765625,10554.4296875,9487.876953125,9776.7353515625,149301,0.0,0.0
2017-03-07 00:00:00+09:00,9865.6142578125,10154.47265625,9687.85546875,10087.8125,40659,0.0,0.0
2017-03-08 00:00:00+09:00,9998.93359375,10221.1318359375,9710.0751953125,9910.0537109375,29034,0.0,0.0
2017-03-09 00:00:00+09:00,9754.5146484375,10198.912109375,9754.5146484375,9865.6142578125,38477,0.0,0.0
2017-03-10 00:00:00+09:00,9754.5146484375,9998.93359375,9754.5146484375,9865.6142578125,25905,0.0,0.0
2017-03-13 00:00:00+09:00,9821.1748046875,10287.7919921875,9821.1748046875,10176.6923828125,83053,0.0,0.0
2017-03-14 00:00:00+09:00,10087.8125,10332.2314453125,10043.373046875,10332.2314453125,18068,0.0,0.0
2017-03-15 00:00:00+09:00,10398.890625,10398.890625,10065.5927734375,10132.2529296875,34010,0.0,0.0
2017-03-16 00:00:00+09:00,10043.373046875,10865.5078125,9998.93359375,10554.4296875,59080,0.0,0.0
2017-03-17 00:00:00+09:00,10487.7705078125,11198.8056640625,10221.1318359375,10576.6494140625,92855,0.0,0.0
2017-03-20 00:00:00+09:00,10576.6494140625,10732.1884765625,10221.1318359375,10576.6494140625,28352,0.0,0.0
2017-03-21 00:00:00+09:00,10598.869140625,12843.07421875,9843.39453125,10132.2529296875,570124,0.0,0.0
2017-03-22 00:00:00+09:00,10132.2529296875,10398.890625,9887.833984375,10110.0322265625,52968,0.0,0.0
2017-03-23 00:00:00+09:00,10110.0322265625,10376.6708984375,10110.0322265625,10221.1318359375,18707,0.0,0.0
2017-03-24 00:00:00+09:00,10176.6923828125,10776.6279296875,10132.2529296875,10509.990234375,44455,0.0,0.0
2017-03-27 00:00:00+09:00,10509.990234375,10665.529296875,10198.912109375,10243.3515625,17103,0.0,0.0
2017-03-28 00:00:00+09:00,10243.3515625,10621.0888671875,10221.1318359375,10354.451171875,13583,0.0,0.0
2017-03-29 00:00:00+09:00,10310.01171875,11332.125,10310.01171875,10643.3095703125,130992,0.0,0.0
2017-03-30 00:00:00+09:00,11554.3232421875,12265.3583984375,10598.869140625,10598.869140625,283546,0.0,0.0
2017-03-31 00:00:00+09:00,10554.4296875,10843.2880859375,10487.7705078125,10754.408203125,24191,0.0,0.0
2017-04-03 00:00:00+09:00,10776.6279296875,11376.564453125,10776.6279296875,10932.1669921875,83841,0.0,0.0
2017-04-04 00:00:00+09:00,11043.2666015625,11532.103515625,10887.7275390625,11376.564453125,128405,0.0,0.0
2017-04-05 00:00:00+09:00,11443.2236328125,11798.7412109375,10998.8271484375,11309.904296875,105256,0.0,0.0
2017-04-06 00:00:00+09:00,11287.6845703125,11354.3447265625,10998.8271484375,11309.904296875,26500,0.0,0.0
2017-04-07 00:00:00+09:00,11354.3447265625,11509.8837890625,11109.92578125,11243.2451171875,24734,0.0,0.0
2017-04-10 00:00:00+09:00,11198.8056640625,11198.8056640625,10665.529296875,10709.96875,52376,0.0,0.0
2017-04-11 00:00:00+09:00,10643.3095703125,10865.5078125,10598.869140625,10843.2880859375,12350,0.0,0.0
2017-04-12 00:00:00+09:00,10843.2880859375,10976.607421875,10643.3095703125,10754.408203125,13994,0.0,0.0
2017-04-13 00:00:00+09:00,10843.2880859375,10843.2880859375,10532.2099609375,10665.529296875,20094,0.0,0.0
2017-04-14 00:00:00+09:00,10598.869140625,10821.068359375,10443.330078125,10776.6279296875,36620,0.0,0.0
2017-04-17 00:00:00+09:00,10732.1884765625,11776.521484375,10732.1884765625,11398.7841796875,107000,0.0,0.0
2017-04-18 00:00:00+09:00,11376.564453125,11909.8408203125,11265.46484375,11754.3017578125,53792,0.0,0.0
2017-04-19 00:00:00+09:00,11754.3017578125,11998.7197265625,11376.564453125,11843.181640625,49372,0.0,0.0
2017-04-20 00:00:00+09:00,11754.3017578125,11932.060546875,11665.421875,11820.9609375,16870,0.0,0.0
2017-04-21 00:00:00+09:00,11820.9609375,12109.8193359375,11643.2021484375,11998.7197265625,48704,0.0,0.0
2017-04-24 00:00:00+09:00,11998.7197265625,12976.3935546875,11998.7197265625,12354.2373046875,188669,0.0,0.0
2017-04-25 00:00:00+09:00,12576.4365234375,12709.755859375,11998.7197265625,12443.1171875,65531,0.0,0.0
2017-04-26 00:00:00+09:00,12309.7978515625,12576.4365234375,12132.0390625,12443.1171875,49674,0.0,0.0
2017-04-27 00:00:00+09:00,12443.1171875,12598.65625,12109.8193359375,12398.677734375,64612,0.0,0.0
2017-04-28 00:00:00+09:00,12265.3583984375,12598.65625,12220.9189453125,12531.9970703125,25198,0.0,0.0
2017-05-02 00:00:00+09:00,12509.7763671875,13020.8330078125,12443.1171875,12443.1171875,63379,0.0,0.0
2017-05-04 00:00:00+09:00,12443.1171875,12487.556640625,12087.599609375,12265.3583984375,31350,0.0,0.0
2017-05-08 00:00:00+09:00,12132.0390625,12487.556640625,11709.8623046875,11998.7197265625,44115,0.0,0.0
2017-05-10 00:00:00+09:00,12132.0390625,14220.705078125,11909.8408203125,12976.3935546875,300821,0.0,0.0
2017-05-11 00:00:00+09:00,13131.9326171875,13265.251953125,12531.9970703125,12798.634765625,56614,0.0,0.0
2017-05-12 00:00:00+09:00,12798.634765625,12887.5146484375,12509.7763671875,12843.07421875,39407,0.0,0.0
2017-05-15 00:00:00+09:00,12887.5146484375,12887.5146484375,12420.8974609375,12487.556640625,37234,0.0,0.0
2017-05-16 00:00:00+09:00,12576.4365234375,12665.3154296875,12220.9189453125,12643.095703125,29017,0.0,0.0
2017-05-17 00:00:00+09:00,12576.4365234375,12687.53515625,12420.8974609375,12554.216796875,39218,0.0,0.0
2017-05-18 00:00:00+09:00,12820.8544921875,14887.30078125,12665.3154296875,12665.3154296875,1431893,0.0,0.0
2017-05-19 00:00:00+09:00,12665.3154296875,13176.3720703125,12487.556640625,12931.9541015625,101570,0.0,0.0
2017-05-22 00:00:00+09:00,12998.61328125,14442.904296875,12776.4150390625,13620.76953125,389154,0.0,0.0
2017-05-23 00:00:00+09:00,13487.4501953125,13687.4287109375,13243.0322265625,13354.130859375,123964,0.0,0.0
2017-05-24 00:00:00+09:00,13576.330078125,13620.76953125,13087.4931640625,13087.4931640625,94681,0.0,0.0
2017-05-25 00:00:00+09:00,13087.4931640625,13287.4716796875,12776.4150390625,12798.634765625,77565,0.0,0.0
2017-05-26 00:00:00+09:00,12798.634765625,13020.8330078125,12687.53515625,12909.734375,56070,0.0,0.0
2017-05-29 00:00:00+09:00,13020.8330078125,13087.4931640625,12843.07421875,12865.2939453125,41995,0.0,0.0
2017-05-30 00:00:00+09:00,12754.1953125,13131.9326171875,12709.755859375,12843.07421875,44404,0.0,0.0
2017-05-31 00:00:00+09:00,12998.61328125,13531.8896484375,12843.07421875,13331.9111328125,137465,0.0,0.0
2017-06-01 00:00:00+09:00,13331.9111328125,13531.8896484375,13198.591796875,13265.251953125,55904,0.0,0.0
2017-06-02 00:00:00+09:00,13309.69140625,14398.4638671875,13198.591796875,13731.8681640625,266571,0.0,0.0
2017-06-05 00:00:00+09:00,13731.8681640625,13976.287109375,13554.109375,13776.30859375,79879,0.0,0.0
2017-06-07 00:00:00+09:00,13776.30859375,13998.5068359375,13509.669921875,13865.1875,57422,0.0,0.0
2017-06-08 00:00:00+09:00,13865.1875,13998.5068359375,13554.109375,13954.0673828125,80640,0.0,0.0
2017-06-09 00:00:00+09:00,14042.9462890625,14065.166015625,13531.8896484375,13642.9892578125,82889,0.0,0.0
2017-06-12 00:00:00+09:00,13598.5498046875,13709.6484375,13265.251953125,13509.669921875,59732,0.0,0.0
2017-06-13 00:00:00+09:00,13331.9111328125,13731.8681640625,13243.0322265625,13554.109375,52589,0.0,0.0
2017-06-14 00:00:00+09:00,13554.109375,13709.6484375,13376.3505859375,13509.669921875,40747,0.0,0.0
2017-06-15 00:00:00+09:00,13376.3505859375,13598.5498046875,13087.4931640625,13309.69140625,53692,0.0,0.0
2017-06-16 00:00:00+09:00,13131.9326171875,13265.251953125,12731.9755859375,12909.734375,90342,0.0,0.0
2017-06-19 00:00:00+09:00,12931.9541015625,13398.5712890625,12931.9541015625,13398.5712890625,59616,0.0,0.0
2017-06-20 00:00:00+09:00,13398.5712890625,13398.5712890625,12820.8544921875,12998.61328125,55166,0.0,0.0
2017-06-21 00:00:00+09:00,12998.61328125,13220.8115234375,12665.3154296875,13131.9326171875,49102,0.0,0.0
2017-06-22 00:00:00+09:00,13131.9326171875,13131.9326171875,12887.5146484375,12954.173828125,20015,0.0,0.0
2017-06-23 00:00:00+09:00,12954.173828125,13154.15234375,12909.734375,13020.8330078125,17643,0.0,0.0
2017-06-26 00:00:00+09:00,13198.591796875,13198.591796875,12687.53515625,12909.734375,57696,0.0,0.0
2017-06-27 00:00:00+09:00,12909.734375,12909.734375,12709.755859375,12798.634765625,27792,0.0,0.0
2017-06-28 00:00:00+09:00,12798.634765625,13243.0322265625,12687.53515625,13065.2734375,29640,0.0,0.0
2017-06-29 00:00:00+09:00,13065.2734375,13065.2734375,12776.4150390625,12798.634765625,24101,0.0,0.0
2017-06-30 00:00:00+09:00,12798.634765625,13243.0322265625,12643.095703125,13087.4931640625,44525,0.0,0.0
2017-07-03 00:00:00+09:00,12909.734375,13109.712890625,12731.9755859375,12754.1953125,24121,0.0,0.0
2017-07-04 00:00:00+09:00,12665.3154296875,13176.3720703125,12620.8759765625,12665.3154296875,32833,0.0,0.0
2017-07-05 00:00:00+09:00,12709.755859375,12909.734375,12687.53515625,12843.07421875,11648,0.0,0.0
2017-07-06 00:00:00+09:00,12665.3154296875,12776.4150390625,12643.095703125,12687.53515625,17628,0.0,0.0
2017-07-07 00:00:00+09:00,12665.3154296875,12709.755859375,12509.7763671875,12531.9970703125,13246,0.0,0.0
2017-07-10 00:00:00+09:00,12531.9970703125,12731.9755859375,11909.8408203125,12176.478515625,45492,0.0,0.0
2017-07-11 00:00:00+09:00,12354.2373046875,12354.2373046875,11532.103515625,11932.060546875,35212,0.0,0.0
2017-07-12 00:00:00+09:00,11932.060546875,11932.060546875,11532.103515625,11598.7626953125,39371,0.0,0.0
2017-07-13 00:00:00+09:00,11598.7626953125,11820.9609375,11532.103515625,11576.54296875,21951,0.0,0.0
2017-07-14 00:00:00+09:00,11554.3232421875,11732.08203125,11487.6630859375,11687.642578125,16666,0.0,0.0
2017-07-17 00:00:00+09:00,11798.7412109375,11865.4013671875,11554.3232421875,11754.3017578125,13157,0.0,0.0
2017-07-18 00:00:00+09:00,11554.3232421875,11754.3017578125,11465.443359375,11754.3017578125,16000,0.0,0.0
2017-07-19 00:00:00+09:00,11732.08203125,11776.521484375,11576.54296875,11687.642578125,25577,0.0,0.0
2017-07-20 00:00:00+09:00,11598.7626953125,13154.15234375,11598.7626953125,12576.4365234375,141442,0.0,0.0
2017-07-21 00:00:00+09:00,12598.65625,13131.9326171875,12443.1171875,12998.61328125,46738,0.0,0.0
2017-07-24 00:00:00+09:00,13109.712890625,13243.0322265625,12776.4150390625,12887.5146484375,27306,0.0,0.0
2017-07-25 00:00:00+09:00,13109.712890625,13109.712890625,12309.7978515625,12487.556640625,34752,0.0,0.0
2017-07-26 00:00:00+09:00,12376.4580078125,12776.4150390625,12220.9189453125,12531.9970703125,26236,0.0,0.0
2017-07-27 00:00:00+09:00,12576.4365234375,14642.8828125,12354.2373046875,12354.2373046875,1524277,0.0,0.0
2017-07-28 00:00:00+09:00,12154.2587890625,12154.2587890625,11421.00390625,11687.642578125,125328,0.0,0.0
2017-07-31 00:00:00+09:00,11687.642578125,11776.521484375,11265.46484375,11287.6845703125,84151,0.0,0.0
2017-08-01 00:00:00+09:00,10909.947265625,11398.7841796875,10909.947265625,11154.3662109375,29117,0.0,0.0
2017-08-02 00:00:00+09:00,11176.5859375,11732.08203125,11109.92578125,11598.7626953125,37463,0.0,0.0
2017-08-03 00:00:00+09:00,11465.443359375,11709.8623046875,10665.529296875,10887.7275390625,88793,0.0,0.0
2017-08-04 00:00:00+09:00,10887.7275390625,10998.8271484375,10532.2099609375,10998.8271484375,30255,0.0,0.0
2017-08-07 00:00:00+09:00,10998.8271484375,11443.2236328125,10754.408203125,11243.2451171875,22523,0.0,0.0
2017-08-08 00:00:00+09:00,11421.00390625,11421.00390625,11043.2666015625,11087.7060546875,21978,0.0,0.0
2017-08-09 00:00:00+09:00,11087.7060546875,11087.7060546875,10754.408203125,10754.408203125,16296,0.0,0.0
2017-08-10 00:00:00+09:00,10865.5078125,10865.5078125,10398.890625,10532.2099609375,29001,0.0,0.0
2017-08-11 00:00:00+09:00,10509.990234375,10532.2099609375,10043.373046875,10198.912109375,40875,0.0,0.0
2017-08-14 00:00:00+09:00,10487.7705078125,10843.2880859375,10310.01171875,10421.1103515625,17472,0.0,0.0
2017-08-16 00:00:00+09:00,10176.6923828125,10221.1318359375,9643.416015625,9732.294921875,83224,0.0,0.0
2017-08-17 00:00:00+09:00,9732.294921875,9843.39453125,9621.1962890625,9843.39453125,30451,0.0,0.0
2017-08-18 00:00:00+09:00,9843.39453125,9954.494140625,9643.416015625,9843.39453125,13867,0.0,0.0
2017-08-21 00:00:00+09:00,9754.5146484375,9932.2734375,9265.6787109375,9332.337890625,29649,0.0,0.0
2017-08-22 00:00:00+09:00,9332.337890625,9443.4375,8932.380859375,9332.337890625,34816,0.0,0.0
2017-08-23 00:00:00+09:00,9487.876953125,9910.0537109375,9376.77734375,9687.85546875,56757,0.0,0.0
2017-08-24 00:00:00+09:00,9687.85546875,10132.2529296875,9665.6357421875,10043.373046875,20079,0.0,0.0
2017-08-25 00:00:00+09:00,9976.7138671875,10954.38671875,9910.0537109375,10310.01171875,62669,0.0,0.0
2017-08-28 00:00:00+09:00,10376.6708984375,10376.6708984375,10021.1533203125,10176.6923828125,24017,0.0,0.0
2017-08-29 00:00:00+09:00,9998.93359375,10509.990234375,9998.93359375,10198.912109375,26757,0.0,0.0
2017-08-30 00:00:00+09:00,10132.2529296875,10443.330078125,10132.2529296875,10221.1318359375,7184,0.0,0.0
2017-08-31 00:00:00+09:00,10154.47265625,10287.7919921875,10087.8125,10243.3515625,15050,0.0,0.0
2017-09-01 00:00:00+09:00,10176.6923828125,10354.451171875,10110.0322265625,10332.2314453125,14428,0.0,0.0
2017-09-04 00:00:00+09:00,9821.1748046875,10176.6923828125,9821.1748046875,9998.93359375,22278,0.0,0.0
2017-09-05 00:00:00+09:00,9954.494140625,10132.2529296875,9354.5576171875,9376.77734375,39060,0.0,0.0
2017-09-06 00:00:00+09:00,9443.4375,9776.7353515625,9421.2177734375,9465.6572265625,15646,0.0,0.0
2017-09-07 00:00:00+09:00,9665.6357421875,9665.6357421875,9043.4794921875,9132.359375,46553,0.0,0.0
2017-09-08 00:00:00+09:00,9132.359375,9132.359375,8910.1611328125,8999.0400390625,33445,0.0,0.0
2017-09-11 00:00:00+09:00,8999.0400390625,9243.4580078125,8932.380859375,9154.5791015625,12875,0.0,0.0
2017-09-12 00:00:00+09:00,9154.5791015625,9265.6787109375,8865.720703125,9043.4794921875,19080,0.0,0.0
2017-09-13 00:00:00+09:00,9176.798828125,9998.93359375,9154.5791015625,9443.4375,61277,0.0,0.0
2017-09-14 00:00:00+09:00,9443.4375,9643.416015625,9265.6787109375,9332.337890625,18734,0.0,0.0
2017-09-15 00:00:00+09:00,9332.337890625,9532.31640625,9065.69921875,9487.876953125,21727,0.0,0.0
2017-09-18 00:00:00+09:00,9421.2177734375,9621.1962890625,9398.9970703125,9487.876953125,12659,0.0,0.0
2017-09-19 00:00:00+09:00,9532.31640625,9532.31640625,9332.337890625,9443.4375,10068,0.0,0.0
2017-09-20 00:00:00+09:00,9465.6572265625,9465.6572265625,9087.919921875,9243.4580078125,19077,0.0,0.0
2017-09-21 00:00:00+09:00,9332.337890625,9332.337890625,8976.8203125,8976.8203125,22832,0.0,0.0
2017-09-25 00:00:00+09:00,8910.1611328125,9110.1396484375,8887.9404296875,9021.259765625,12607,0.0,0.0
2017-09-26 00:00:00+09:00,9021.259765625,9021.259765625,9021.259765625,9021.259765625,0,0.0,0.0
2017-09-27 00:00:00+09:00,8910.1611328125,9510.0966796875,8910.1611328125,9110.1396484375,18309,0.0,0.0
2017-09-28 00:00:00+09:00,9221.23828125,9265.6787109375,9065.69921875,9221.23828125,9252,0.0,0.0
2017-09-29 00:00:00+09:00,9132.359375,9376.77734375,9132.359375,9287.8984375,8556,0.0,0.0
2017-10-10 00:00:00+09:00,9421.2177734375,9510.0966796875,9310.1181640625,9376.77734375,15701,0.0,0.0
2017-10-11 00:00:00+09:00,9376.77734375,9421.2177734375,9221.23828125,9265.6787109375,17355,0.0,0.0
2017-10-12 00:00:00+09:00,9398.9970703125,9932.2734375,9221.23828125,9443.4375,56179,0.0,0.0
2017-10-13 00:00:00+09:00,9310.1181640625,9687.85546875,9287.8984375,9576.755859375,21635,0.0,0.0
2017-10-16 00:00:00+09:00,9576.755859375,9865.6142578125,9354.5576171875,9865.6142578125,26988,0.0,0.0
2017-10-17 00:00:00+09:00,9732.294921875,9954.494140625,9621.1962890625,9910.0537109375,12571,0.0,0.0
2017-10-18 00:00:00+09:00,9754.5146484375,9932.2734375,9665.6357421875,9776.7353515625,12584,0.0,0.0
2017-10-19 00:00:00+09:00,9776.7353515625,9843.39453125,9510.0966796875,9598.9765625,20708,0.0,0.0
2017-10-20 00:00:00+09:00,9665.6357421875,9687.85546875,9465.6572265625,9621.1962890625,10670,0.0,0.0
2017-10-23 00:00:00+09:00,9643.416015625,9665.6357421875,9421.2177734375,9532.31640625,8878,0.0,0.0
2017-10-24 00:00:00+09:00,9687.85546875,9732.294921875,9532.31640625,9665.6357421875,8731,0.0,0.0
2017-10-25 00:00:00+09:00,9665.6357421875,10021.1533203125,9621.1962890625,9821.1748046875,24168,0.0,0.0
2017-10-26 00:00:00+09:00,9932.2734375,9932.2734375,9665.6357421875,9776.7353515625,17106,0.0,0.0
2017-10-27 00:00:00+09:00,9776.7353515625,9798.955078125,9554.5361328125,9710.0751953125,16289,0.0,0.0
2017-10-30 00:00:00+09:00,9732.294921875,9843.39453125,9554.5361328125,9776.7353515625,24442,0.0,0.0
2017-10-31 00:00:00+09:00,9687.85546875,9843.39453125,9532.31640625,9776.7353515625,32676,0.0,0.0
2017-11-01 00:00:00+09:00,9798.955078125,9910.0537109375,9643.416015625,9843.39453125,22012,0.0,0.0
2017-11-02 00:00:00+09:00,9732.294921875,9887.833984375,9732.294921875,9821.1748046875,41192,0.0,0.0
2017-11-03 00:00:00+09:00,9887.833984375,10332.2314453125,9776.7353515625,10332.2314453125,35872,0.0,0.0
2017-11-06 00:00:00+09:00,10287.7919921875,10732.1884765625,10043.373046875,10221.1318359375,54245,0.0,0.0
2017-11-07 00:00:00+09:00,10221.1318359375,10287.7919921875,9998.93359375,10087.8125,16702,0.0,0.0
2017-11-08 00:00:00+09:00,10065.5927734375,10421.1103515625,9776.7353515625,9954.494140625,27571,0.0,0.0
2017-11-09 00:00:00+09:00,10087.8125,10198.912109375,9643.416015625,9776.7353515625,59075,0.0,0.0
2017-11-10 00:00:00+09:00,9821.1748046875,9887.833984375,9643.416015625,9776.7353515625,17449,0.0,0.0
2017-11-13 00:00:00+09:00,9798.955078125,9910.0537109375,9465.6572265625,9532.31640625,42506,0.0,0.0
2017-11-14 00:00:00+09:00,9465.6572265625,9621.1962890625,9199.0185546875,9199.0185546875,269249,0.0,0.0
2017-11-15 00:00:00+09:00,9199.0185546875,9265.6787109375,8421.32421875,8687.9619140625,221350,0.0,0.0
2017-11-16 00:00:00+09:00,8621.302734375,8687.9619140625,8421.32421875,8510.203125,44381,0.0,0.0
2017-11-17 00:00:00+09:00,8487.9833984375,8643.5224609375,8176.90576171875,8443.5439453125,77598,0.0,0.0
2017-11-20 00:00:00+09:00,8399.1044921875,8443.5439453125,7999.14697265625,8088.0263671875,140135,0.0,0.0
2017-11-21 00:00:00+09:00,8176.90576171875,8265.78515625,8043.58642578125,8132.4658203125,64336,0.0,0.0
2017-11-22 00:00:00+09:00,8199.125,8199.125,7999.14697265625,7999.14697265625,65367,0.0,0.0
2017-11-23 00:00:00+09:00,7999.14697265625,8332.4443359375,7999.14697265625,8176.90576171875,205714,0.0,0.0
2017-11-24 00:00:00+09:00,8243.5654296875,8288.0048828125,8110.24609375,8221.345703125,56512,0.0,0.0
2017-11-27 00:00:00+09:00,8288.0048828125,8288.0048828125,8132.4658203125,8243.5654296875,41936,0.0,0.0
2017-11-28 00:00:00+09:00,8265.78515625,9087.919921875,8221.345703125,8599.0830078125,275786,0.0,0.0
2017-11-29 00:00:00+09:00,8776.841796875,8776.841796875,8421.32421875,8599.0830078125,90104,0.0,0.0
2017-11-30 00:00:00+09:00,8599.0830078125,8599.0830078125,8399.1044921875,8487.9833984375,47508,0.0,0.0
2017-12-01 00:00:00+09:00,8487.9833984375,8665.7421875,8376.8837890625,8599.0830078125,39400,0.0,0.0
2017-12-04 00:00:00+09:00,8599.0830078125,9154.5791015625,8421.32421875,9043.4794921875,190570,0.0,0.0
2017-12-05 00:00:00+09:00,8999.0400390625,9176.798828125,8776.841796875,8887.9404296875,102794,0.0,0.0
2017-12-06 00:00:00+09:00,8865.720703125,9243.4580078125,8843.5009765625,9065.69921875,141475,0.0,0.0
2017-12-07 00:00:00+09:00,9132.359375,10576.6494140625,9021.259765625,9354.5576171875,575303,0.0,0.0
2017-12-08 00:00:00+09:00,9354.5576171875,9687.85546875,8999.0400390625,9154.5791015625,103543,0.0,0.0
2017-12-11 00:00:00+09:00,9287.8984375,9332.337890625,8910.1611328125,9243.4580078125,120133,0.0,0.0
2017-12-12 00:00:00+09:00,9243.4580078125,10332.2314453125,9132.359375,9443.4375,420177,0.0,0.0
2017-12-13 00:00:00+09:00,9443.4375,9532.31640625,9154.5791015625,9421.2177734375,124589,0.0,0.0
2017-12-14 00:00:00+09:00,9465.6572265625,9643.416015625,9176.798828125,9287.8984375,67224,0.0,0.0
2017-12-15 00:00:00+09:00,9443.4375,9710.0751953125,9043.4794921875,9065.69921875,113199,0.0,0.0
2017-12-18 00:00:00+09:00,9043.4794921875,9132.359375,8887.9404296875,8999.0400390625,105657,0.0,0.0
2017-12-19 00:00:00+09:00,9110.1396484375,9487.876953125,8776.841796875,9221.23828125,137186,0.0,0.0
2017-12-21 00:00:00+09:00,9021.259765625,9154.5791015625,8754.6220703125,8754.6220703125,64241,0.0,0.0
2017-12-22 00:00:00+09:00,8710.181640625,8932.380859375,8487.9833984375,8732.40234375,34139,0.0,0.0
2017-12-26 00:00:00+09:00,8754.6220703125,8776.841796875,8332.4443359375,8443.5439453125,67417,0.0,0.0
2017-12-27 00:00:00+09:00,8621.302734375,8843.5009765625,8354.6640625,8665.7421875,40462,0.0,0.0
2017-12-28 00:00:00+09:00,8887.9404296875,8887.9404296875,8576.86328125,8776.841796875,39275,0.0,0.0
2018-01-02 00:00:00+09:00,8821.28125,9687.85546875,8821.28125,9487.876953125,278129,0.0,0.0
2018-01-03 00:00:00+09:00,9554.5361328125,10132.2529296875,9487.876953125,9998.93359375,280203,0.0,0.0
2018-01-04 00:00:00+09:00,11509.8837890625,12398.677734375,10132.2529296875,10332.2314453125,1946871,0.0,0.0
2018-01-05 00:00:00+09:00,10621.0888671875,11132.1455078125,10087.8125,10865.5078125,498827,0.0,0.0
2018-01-08 00:00:00+09:00,10865.5078125,12154.2587890625,10865.5078125,11865.4013671875,1117940,0.0,0.0
2018-01-09 00:00:00+09:00,11865.4013671875,11887.62109375,11332.125,11687.642578125,302074,0.0,0.0
2018-01-10 00:00:00+09:00,11576.54296875,11598.7626953125,10732.1884765625,10865.5078125,349602,0.0,0.0
2018-01-11 00:00:00+09:00,10754.408203125,11243.2451171875,10598.869140625,10887.7275390625,151332,0.0,0.0
2018-01-12 00:00:00+09:00,10909.947265625,11021.046875,10198.912109375,10376.6708984375,210135,0.0,0.0
2018-01-15 00:00:00+09:00,10154.47265625,10576.6494140625,9998.93359375,10554.4296875,154983,0.0,0.0
2018-01-16 00:00:00+09:00,10665.529296875,10887.7275390625,10421.1103515625,10821.068359375,129117,0.0,0.0
2018-01-17 00:00:00+09:00,10887.7275390625,10976.607421875,10421.1103515625,10576.6494140625,114370,0.0,0.0
2018-01-18 00:00:00+09:00,10621.0888671875,10954.38671875,10376.6708984375,10843.2880859375,112237,0.0,0.0
2018-01-19 00:00:00+09:00,10932.1669921875,10954.38671875,10576.6494140625,10665.529296875,85932,0.0,0.0
2018-01-22 00:00:00+09:00,10687.7490234375,10798.84765625,10310.01171875,10754.408203125,74952,0.0,0.0
2018-01-23 00:00:00+09:00,10865.5078125,10865.5078125,10354.451171875,10443.330078125,103376,0.0,0.0
2018-01-24 00:00:00+09:00,10532.2099609375,10598.869140625,10310.01171875,10421.1103515625,65390,0.0,0.0
2018-01-25 00:00:00+09:00,10487.7705078125,10865.5078125,10398.890625,10776.6279296875,126987,0.0,0.0
2018-01-26 00:00:00+09:00,10776.6279296875,11421.00390625,10554.4296875,11421.00390625,337365,0.0,0.0
2018-01-29 00:00:00+09:00,11776.521484375,11776.521484375,11021.046875,11109.92578125,173948,0.0,0.0
2018-01-30 00:00:00+09:00,11109.92578125,11109.92578125,10687.7490234375,10776.6279296875,157781,0.0,0.0
2018-01-31 00:00:00+09:00,10621.0888671875,10665.529296875,10376.6708984375,10509.990234375,91893,0.0,0.0
2018-02-01 00:00:00+09:00,10554.4296875,10598.869140625,10132.2529296875,10221.1318359375,148232,0.0,0.0
2018-02-02 00:00:00+09:00,10265.5712890625,10354.451171875,9776.7353515625,9821.1748046875,91804,0.0,0.0
2018-02-05 00:00:00+09:00,9710.0751953125,10332.2314453125,9665.6357421875,10087.8125,111873,0.0,0.0
2018-02-06 00:00:00+09:00,9576.755859375,10043.373046875,9487.876953125,9643.416015625,125563,0.0,0.0
2018-02-07 00:00:00+09:00,9798.955078125,9932.2734375,9465.6572265625,9465.6572265625,54156,0.0,0.0
2018-02-08 00:00:00+09:00,9465.6572265625,9687.85546875,9332.337890625,9621.1962890625,42569,0.0,0.0
2018-02-09 00:00:00+09:00,9332.337890625,9643.416015625,9132.359375,9643.416015625,41339,0.0,0.0
2018-02-12 00:00:00+09:00,9865.6142578125,9910.0537109375,9487.876953125,9487.876953125,21274,0.0,0.0
2018-02-13 00:00:00+09:00,9510.0966796875,9732.294921875,9087.919921875,9221.23828125,46267,0.0,0.0
2018-02-14 00:00:00+09:00,9176.798828125,9332.337890625,8910.1611328125,9110.1396484375,53830,0.0,0.0
2018-02-19 00:00:00+09:00,9354.5576171875,9354.5576171875,9110.1396484375,9332.337890625,29668,0.0,0.0
2018-02-20 00:00:00+09:00,9354.5576171875,9687.85546875,9265.6787109375,9687.85546875,38954,0.0,0.0
2018-02-21 00:00:00+09:00,9732.294921875,9843.39453125,9643.416015625,9710.0751953125,53139,0.0,0.0
2018-02-22 00:00:00+09:00,9643.416015625,9643.416015625,9510.0966796875,9598.9765625,18354,0.0,0.0
2018-02-23 00:00:00+09:00,9510.0966796875,9798.955078125,9421.2177734375,9665.6357421875,42364,0.0,0.0
2018-02-26 00:00:00+09:00,9643.416015625,9687.85546875,9510.0966796875,9510.0966796875,23973,0.0,0.0
2018-02-27 00:00:00+09:00,9532.31640625,10443.330078125,9487.876953125,10021.1533203125,134956,0.0,0.0
2018-02-28 00:00:00+09:00,10043.373046875,10176.6923828125,9776.7353515625,9910.0537109375,62194,0.0,0.0
2018-03-02 00:00:00+09:00,9621.1962890625,9821.1748046875,9332.337890625,9487.876953125,70218,0.0,0.0
2018-03-05 00:00:00+09:00,9443.4375,9643.416015625,9087.919921875,9087.919921875,49063,0.0,0.0
2018-03-06 00:00:00+09:00,9132.359375,9510.0966796875,9043.4794921875,9376.77734375,51066,0.0,0.0
2018-03-07 00:00:00+09:00,9732.294921875,9732.294921875,9243.4580078125,9243.4580078125,33975,0.0,0.0
2018-03-08 00:00:00+09:00,9243.4580078125,9421.2177734375,9065.69921875,9310.1181640625,41816,0.0,0.0
2018-03-09 00:00:00+09:00,9310.1181640625,9421.2177734375,9154.5791015625,9221.23828125,40745,0.0,0.0
2018-03-12 00:00:00+09:00,9221.23828125,9487.876953125,9065.69921875,9332.337890625,84810,0.0,0.0
2018-03-13 00:00:00+09:00,9443.4375,9443.4375,9110.1396484375,9199.0185546875,62308,0.0,0.0
2018-03-14 00:00:00+09:00,9199.0185546875,9398.9970703125,9110.1396484375,9332.337890625,63149,0.0,0.0
2018-03-15 00:00:00+09:00,9821.1748046875,11532.103515625,9732.294921875,10110.0322265625,1832673,0.0,0.0
2018-03-16 00:00:00+09:00,10176.6923828125,10487.7705078125,9954.494140625,10110.0322265625,396100,0.0,0.0
2018-03-19 00:00:00+09:00,9998.93359375,10332.2314453125,9643.416015625,9710.0751953125,232844,0.0,0.0
2018-03-20 00:00:00+09:00,9776.7353515625,9798.955078125,9376.77734375,9443.4375,132881,0.0,0.0
2018-03-21 00:00:00+09:00,9443.4375,9821.1748046875,9398.9970703125,9487.876953125,120493,0.0,0.0
2018-03-22 00:00:00+09:00,9421.2177734375,9798.955078125,9243.4580078125,9265.6787109375,149234,0.0,0.0
2018-03-23 00:00:00+09:00,9132.359375,9221.23828125,8910.1611328125,9199.0185546875,151928,0.0,0.0
2018-03-26 00:00:00+09:00,9065.69921875,9243.4580078125,9021.259765625,9110.1396484375,51365,0.0,0.0
2018-03-27 00:00:00+09:00,9287.8984375,9287.8984375,9087.919921875,9243.4580078125,82138,0.0,0.0
2018-03-28 00:00:00+09:00,9087.919921875,9243.4580078125,9021.259765625,9243.4580078125,63778,0.0,0.0
2018-03-29 00:00:00+09:00,9176.798828125,9510.0966796875,9132.359375,9243.4580078125,58248,0.0,0.0
2018-03-30 00:00:00+09:00,9354.5576171875,9376.77734375,9021.259765625,9110.1396484375,99655,0.0,0.0
2018-04-02 00:00:00+09:00,9110.1396484375,9154.5791015625,8976.8203125,8976.8203125,49651,0.0,0.0
2018-04-03 00:00:00+09:00,8976.8203125,9043.4794921875,8932.380859375,8976.8203125,33618,0.0,0.0
2018-04-04 00:00:00+09:00,9087.919921875,9087.919921875,8621.302734375,8887.9404296875,88122,0.0,0.0
2018-04-05 00:00:00+09:00,8887.9404296875,8976.8203125,8776.841796875,8821.28125,58135,0.0,0.0
2018-04-06 00:00:00+09:00,8754.6220703125,8843.5009765625,8532.4228515625,8532.4228515625,57488,0.0,0.0
2018-04-09 00:00:00+09:00,8465.763671875,8554.642578125,8332.4443359375,8465.763671875,63220,0.0,0.0
2018-04-10 00:00:00+09:00,8421.32421875,8843.5009765625,8354.6640625,8843.5009765625,58503,0.0,0.0
2018-04-11 00:00:00+09:00,8887.9404296875,9199.0185546875,8665.7421875,9110.1396484375,82323,0.0,0.0
2018-04-12 00:00:00+09:00,9176.798828125,9199.0185546875,8732.40234375,9065.69921875,154850,0.0,0.0
2018-04-13 00:00:00+09:00,9043.4794921875,9043.4794921875,8843.5009765625,8976.8203125,27151,0.0,0.0
2018-04-16 00:00:00+09:00,8976.8203125,8976.8203125,8754.6220703125,8799.0615234375,61470,0.0,0.0
2018-04-17 00:00:00+09:00,8799.0615234375,9332.337890625,8799.0615234375,9287.8984375,167102,0.0,0.0
2018-04-18 00:00:00+09:00,9199.0185546875,9487.876953125,9154.5791015625,9221.23828125,93788,0.0,0.0
2018-04-19 00:00:00+09:00,9154.5791015625,9332.337890625,9110.1396484375,9287.8984375,84233,0.0,0.0
2018-04-20 00:00:00+09:00,9287.8984375,9910.0537109375,9132.359375,9665.6357421875,208860,0.0,0.0
2018-04-23 00:00:00+09:00,9665.6357421875,9665.6357421875,9243.4580078125,9287.8984375,58111,0.0,0.0
2018-04-24 00:00:00+09:00,9332.337890625,9398.9970703125,9087.919921875,9110.1396484375,73612,0.0,0.0
2018-04-25 00:00:00+09:00,9221.23828125,9221.23828125,8821.28125,9065.69921875,53637,0.0,0.0
2018-04-26 00:00:00+09:00,9154.5791015625,9154.5791015625,8865.720703125,8932.380859375,56054,0.0,0.0
2018-04-27 00:00:00+09:00,8999.0400390625,9021.259765625,8710.181640625,8710.181640625,85399,0.0,0.0
2018-04-30 00:00:00+09:00,8510.203125,8665.7421875,8332.4443359375,8621.302734375,132797,0.0,0.0
2018-05-02 00:00:00+09:00,8621.302734375,8621.302734375,8621.302734375,8621.302734375,0,0.0,0.0
2018-05-03 00:00:00+09:00,8621.302734375,8621.302734375,8621.302734375,8621.302734375,0,0.0,0.0
2018-05-04 00:00:00+09:00,8621.302734375,8621.302734375,8621.302734375,8621.302734375,0,0.0,0.0
2018-05-08 00:00:00+09:00,8621.302734375,8621.302734375,8621.302734375,8621.302734375,0,0.0,0.0
2018-05-09 00:00:00+09:00,8621.302734375,8621.302734375,8621.302734375,8621.302734375,0,0.0,0.0
2018-05-10 00:00:00+09:00,8621.302734375,8621.302734375,8621.302734375,8621.302734375,0,0.0,0.0
2018-05-11 00:00:00+09:00,8621.302734375,8621.302734375,8621.302734375,8621.302734375,0,0.0,0.0
2018-05-14 00:00:00+09:00,8621.302734375,8621.302734375,8621.302734375,8621.302734375,0,0.0,0.0
2018-05-15 00:00:00+09:00,8621.302734375,8621.302734375,8621.302734375,8621.302734375,0,0.0,0.0
2018-05-16 00:00:00+09:00,8621.302734375,8621.302734375,8621.302734375,8621.302734375,0,0.0,0.0
2018-05-17 00:00:00+09:00,8621.302734375,8621.302734375,8621.302734375,8621.302734375,0,0.0,0.0
2018-05-18 00:00:00+09:00,8621.302734375,8621.302734375,8621.302734375,8621.302734375,0,0.0,0.0
2018-05-21 00:00:00+09:00,8621.302734375,8621.302734375,8621.302734375,8621.302734375,0,0.0,0.0
2018-05-23 00:00:00+09:00,8621.302734375,8621.302734375,8621.302734375,8621.302734375,0,0.0,0.0
2018-05-24 00:00:00+09:00,8887.9404296875,9598.9765625,8567.974609375,8674.6298828125,278779,0.0,0.2
2018-05-25 00:00:00+09:00,8710.181640625,8719.0703125,8452.431640625,8621.302734375,128229,0.0,0.0
2018-05-28 00:00:00+09:00,8594.638671875,8603.5263671875,8372.4404296875,8585.7509765625,122992,0.0,0.0
2018-05-29 00:00:00+09:00,8532.4228515625,8683.5185546875,8452.431640625,8594.638671875,60810,0.0,0.0
2018-05-30 00:00:00+09:00,8594.638671875,8701.2939453125,8381.328125,8381.328125,31624,0.0,0.0
2018-05-31 00:00:00+09:00,8381.328125,8541.3115234375,8168.017578125,8168.017578125,36031,0.0,0.0
2018-06-01 00:00:00+09:00,8185.79345703125,8425.767578125,7999.14697265625,8256.8974609375,38914,0.0,0.0
2018-06-04 00:00:00+09:00,8399.1044921875,8532.4228515625,8256.8974609375,8399.1044921875,32334,0.0,0.0
2018-06-05 00:00:00+09:00,8407.9921875,8621.302734375,8354.6640625,8603.5263671875,71550,0.0,0.0
2018-06-07 00:00:00+09:00,8603.5263671875,8763.509765625,8514.6474609375,8719.0703125,91052,0.0,0.0
2018-06-08 00:00:00+09:00,8719.0703125,9154.5791015625,8630.1904296875,9110.1396484375,146488,0.0,0.0
2018-06-11 00:00:00+09:00,9243.4580078125,9332.337890625,9021.259765625,9154.5791015625,72454,0.0,0.0
2018-06-12 00:00:00+09:00,9154.5791015625,9154.5791015625,8745.7333984375,9065.69921875,50664,0.0,0.0
2018-06-14 00:00:00+09:00,9021.259765625,9021.259765625,8727.9580078125,8834.61328125,28306,0.0,0.0
2018-06-15 00:00:00+09:00,8807.94921875,8932.380859375,8781.28515625,8834.61328125,31650,0.0,0.0
2018-06-18 00:00:00+09:00,8763.509765625,8861.27734375,8363.552734375,8434.65625,34669,0.0,0.0
2018-06-19 00:00:00+09:00,8630.1904296875,8647.966796875,8088.0263671875,8176.90576171875,30249,0.0,0.0
2018-06-20 00:00:00+09:00,8176.90576171875,8354.6640625,8061.3623046875,8185.79345703125,41092,0.0,0.0
2018-06-21 00:00:00+09:00,8159.1298828125,8301.3369140625,7670.29296875,7670.29296875,33302,0.0,0.0
2018-06-22 00:00:00+09:00,7572.525390625,7821.38818359375,7296.99951171875,7625.85302734375,80426,0.0,0.0
2018-06-25 00:00:00+09:00,7768.06005859375,7768.06005859375,7465.8701171875,7625.85302734375,16634,0.0,0.0
2018-06-26 00:00:00+09:00,7688.06884765625,7768.06005859375,7483.64599609375,7634.7412109375,12547,0.0,0.0
2018-06-27 00:00:00+09:00,7572.525390625,7652.51708984375,7501.421875,7501.421875,15061,0.0,0.0
2018-06-28 00:00:00+09:00,7448.09423828125,7510.31005859375,7101.46484375,7332.55126953125,49187,0.0,0.0
2018-06-29 00:00:00+09:00,7332.55126953125,7332.55126953125,7083.68896484375,7323.6630859375,44003,0.0,0.0
2018-07-02 00:00:00+09:00,7110.3525390625,7137.0166015625,6657.06787109375,6745.947265625,46107,0.0,0.0
2018-07-03 00:00:00+09:00,6674.84375,6914.81787109375,6461.533203125,6728.17138671875,72886,0.0,0.0
2018-07-04 00:00:00+09:00,6737.05908203125,6737.05908203125,6470.4208984375,6710.3955078125,32036,0.0,0.0
2018-07-05 00:00:00+09:00,6737.05908203125,6737.05908203125,6452.64501953125,6452.64501953125,14100,0.0,0.0
2018-07-06 00:00:00+09:00,6639.2919921875,6639.2919921875,6212.67041015625,6505.97265625,31070,0.0,0.0
2018-07-09 00:00:00+09:00,6408.20556640625,6452.64501953125,6194.89453125,6452.64501953125,51495,0.0,0.0
2018-07-10 00:00:00+09:00,6514.86083984375,6514.86083984375,6274.88623046875,6408.20556640625,40504,0.0,0.0
2018-07-11 00:00:00+09:00,6390.4296875,6417.09326171875,6221.55859375,6399.3173828125,88728,0.0,0.0
2018-07-12 00:00:00+09:00,6425.9814453125,6434.869140625,6114.9033203125,6434.869140625,146647,0.0,0.0
2018-07-13 00:00:00+09:00,6434.869140625,6550.41259765625,6310.43798828125,6523.74853515625,54077,0.0,0.0
2018-07-16 00:00:00+09:00,6559.30029296875,6639.2919921875,6399.3173828125,6523.74853515625,36601,0.0,0.0
2018-07-17 00:00:00+09:00,6612.6279296875,6843.71435546875,6488.19677734375,6745.947265625,82852,0.0,0.0
2018-07-18 00:00:00+09:00,6754.8349609375,6870.37841796875,6621.51611328125,6754.8349609375,59505,0.0,0.0
2018-07-19 00:00:00+09:00,6745.947265625,6763.72314453125,6665.95556640625,6745.947265625,36480,0.0,0.0
2018-07-20 00:00:00+09:00,6745.947265625,6888.154296875,6550.41259765625,6719.283203125,29269,0.0,0.0
2018-07-23 00:00:00+09:00,6710.3955078125,6710.3955078125,6354.8779296875,6532.63671875,18027,0.0,0.0
2018-07-24 00:00:00+09:00,6497.0849609375,6639.2919921875,6212.67041015625,6381.54150390625,59062,0.0,0.0
2018-07-25 00:00:00+09:00,6186.0068359375,6265.99853515625,6097.12744140625,6150.455078125,67627,0.0,0.0
2018-07-26 00:00:00+09:00,6088.2392578125,6212.67041015625,5848.26513671875,6079.3515625,87115,0.0,0.0
2018-07-27 00:00:00+09:00,6079.3515625,6097.12744140625,5946.0322265625,5946.0322265625,70710,0.0,0.0
2018-07-30 00:00:00+09:00,5972.6962890625,6212.67041015625,5954.92041015625,6194.89453125,32706,0.0,0.0
2018-07-31 00:00:00+09:00,6177.11865234375,6239.33447265625,6114.9033203125,6230.4462890625,10117,0.0,0.0
2018-08-01 00:00:00+09:00,6292.662109375,6301.55029296875,6230.4462890625,6274.88623046875,11530,0.0,0.0
2018-08-02 00:00:00+09:00,6310.43798828125,6328.2138671875,6168.23095703125,6274.88623046875,16170,0.0,0.0
2018-08-03 00:00:00+09:00,6274.88623046875,6274.88623046875,6123.791015625,6132.67919921875,11807,0.0,0.0
2018-08-06 00:00:00+09:00,6239.33447265625,6239.33447265625,6052.6875,6168.23095703125,8179,0.0,0.0
2018-08-07 00:00:00+09:00,6212.67041015625,6212.67041015625,6052.6875,6132.67919921875,10235,0.0,0.0
2018-08-08 00:00:00+09:00,6070.46337890625,6186.0068359375,5946.0322265625,6132.67919921875,42586,0.0,0.0
2018-08-09 00:00:00+09:00,6132.67919921875,6132.67919921875,5954.92041015625,6123.791015625,35565,0.0,0.0
2018-08-10 00:00:00+09:00,6177.11865234375,6177.11865234375,6034.91162109375,6150.455078125,13131,0.0,0.0
2018-08-13 00:00:00+09:00,6194.89453125,6194.89453125,5866.041015625,5972.6962890625,27260,0.0,0.0
2018-08-14 00:00:00+09:00,6026.02392578125,6097.12744140625,5972.6962890625,6070.46337890625,9030,0.0,0.0
2018-08-16 00:00:00+09:00,5963.80810546875,5963.80810546875,5599.40283203125,5848.26513671875,46794,0.0,0.0
2018-08-17 00:00:00+09:00,5866.041015625,5866.041015625,5777.16162109375,5848.26513671875,22325,0.0,0.0
2018-08-20 00:00:00+09:00,5750.49755859375,5874.9287109375,5706.05810546875,5794.9375,35247,0.0,0.0
2018-08-21 00:00:00+09:00,5741.60986328125,5821.60107421875,5714.94580078125,5794.9375,16625,0.0,0.0
2018-08-22 00:00:00+09:00,5857.15283203125,5866.041015625,5777.16162109375,5848.26513671875,11711,0.0,0.0
2018-08-23 00:00:00+09:00,5910.48046875,5910.48046875,5688.2822265625,5910.48046875,21884,0.0,0.0
2018-08-24 00:00:00+09:00,5910.48046875,5990.47216796875,5866.041015625,5954.92041015625,14476,0.0,0.0
2018-08-27 00:00:00+09:00,5990.47216796875,6585.96435546875,5981.583984375,6283.7744140625,105335,0.0,0.0
2018-08-28 00:00:00+09:00,6301.55029296875,6381.54150390625,6150.455078125,6265.99853515625,40484,0.0,0.0
2018-08-29 00:00:00+09:00,6265.99853515625,6283.7744140625,6168.23095703125,6230.4462890625,17300,0.0,0.0
2018-08-30 00:00:00+09:00,6265.99853515625,6337.10205078125,6132.67919921875,6248.22216796875,41394,0.0,0.0
2018-08-31 00:00:00+09:00,6257.1103515625,6283.7744140625,6186.0068359375,6257.1103515625,10657,0.0,0.0
2018-09-03 00:00:00+09:00,6257.1103515625,6292.662109375,6141.56689453125,6257.1103515625,17631,0.0,0.0
2018-09-04 00:00:00+09:00,6310.43798828125,6310.43798828125,6194.89453125,6265.99853515625,9111,0.0,0.0
2018-09-05 00:00:00+09:00,6265.99853515625,6363.765625,6177.11865234375,6265.99853515625,37045,0.0,0.0
2018-09-06 00:00:00+09:00,6248.22216796875,6248.22216796875,6079.3515625,6177.11865234375,39064,0.0,0.0
2018-09-07 00:00:00+09:00,6026.02392578125,6239.33447265625,6026.02392578125,6159.3427734375,42520,0.0,0.0
2018-09-10 00:00:00+09:00,6177.11865234375,6221.55859375,5963.80810546875,6177.11865234375,25510,0.0,0.0
2018-09-11 00:00:00+09:00,6168.23095703125,6221.55859375,6141.56689453125,6203.78271484375,12291,0.0,0.0
2018-09-12 00:00:00+09:00,6257.1103515625,6390.4296875,6194.89453125,6248.22216796875,42088,0.0,0.0
2018-09-13 00:00:00+09:00,6310.43798828125,6310.43798828125,6150.455078125,6221.55859375,6973,0.0,0.0
2018-09-14 00:00:00+09:00,6248.22216796875,6265.99853515625,6159.3427734375,6212.67041015625,4934,0.0,0.0
2018-09-17 00:00:00+09:00,6186.0068359375,6248.22216796875,6123.791015625,6168.23095703125,26916,0.0,0.0
2018-09-18 00:00:00+09:00,6168.23095703125,6168.23095703125,6043.7998046875,6141.56689453125,13265,0.0,0.0
2018-09-19 00:00:00+09:00,6239.33447265625,6239.33447265625,6043.7998046875,6079.3515625,10465,0.0,0.0
2018-09-20 00:00:00+09:00,6088.2392578125,6159.3427734375,5786.04931640625,5874.9287109375,68266,0.0,0.0
2018-09-21 00:00:00+09:00,5954.92041015625,6052.6875,5866.041015625,5910.48046875,21199,0.0,0.0
2018-09-27 00:00:00+09:00,5901.5927734375,6070.46337890625,5883.81689453125,6034.91162109375,14861,0.0,0.0
2018-09-28 00:00:00+09:00,6008.248046875,6070.46337890625,5954.92041015625,5999.35986328125,6656,0.0,0.0
2018-10-01 00:00:00+09:00,6070.46337890625,6070.46337890625,5723.833984375,5839.376953125,39076,0.0,0.0
2018-10-02 00:00:00+09:00,5883.81689453125,5883.81689453125,5554.962890625,5643.84228515625,30657,0.0,0.0
2018-10-04 00:00:00+09:00,5599.40283203125,5723.833984375,5439.419921875,5723.833984375,44657,0.0,0.0
2018-10-05 00:00:00+09:00,5608.29052734375,5723.833984375,5537.18701171875,5626.06640625,9865,0.0,0.0
2018-10-08 00:00:00+09:00,5652.73046875,5679.39404296875,5483.859375,5608.29052734375,8172,0.0,0.0
2018-10-10 00:00:00+09:00,5599.40283203125,5714.94580078125,5323.87646484375,5510.5234375,17728,0.0,0.0
2018-10-11 00:00:00+09:00,5332.7646484375,5492.74755859375,4790.60009765625,4986.134765625,88540,0.0,0.0
2018-10-12 00:00:00+09:00,4675.056640625,4888.36767578125,4577.28955078125,4879.4794921875,114027,0.0,0.0
2018-10-15 00:00:00+09:00,4808.3759765625,4906.1435546875,4710.60888671875,4879.4794921875,25728,0.0,0.0
2018-10-16 00:00:00+09:00,5012.798828125,5048.3505859375,4763.9365234375,5039.46240234375,22348,0.0,0.0
2018-10-17 00:00:00+09:00,4906.1435546875,5217.22119140625,4897.25537109375,5075.01416015625,43535,0.0,0.0
2018-10-18 00:00:00+09:00,5075.01416015625,5217.22119140625,5057.23828125,5128.341796875,4520,0.0,0.0
2018-10-19 00:00:00+09:00,5057.23828125,5155.005859375,4977.2470703125,5155.005859375,20690,0.0,0.0
2018-10-22 00:00:00+09:00,5181.66943359375,5181.66943359375,5048.3505859375,5146.11767578125,3198,0.0,0.0
2018-10-23 00:00:00+09:00,5137.22998046875,5146.11767578125,4986.134765625,5137.22998046875,8921,0.0,0.0
2018-10-24 00:00:00+09:00,5137.22998046875,5181.66943359375,4870.591796875,5012.798828125,19155,0.0,0.0
2018-10-25 00:00:00+09:00,4852.81591796875,5021.6865234375,4675.056640625,4950.5830078125,12537,0.0,0.0
2018-10-26 00:00:00+09:00,4897.25537109375,5012.798828125,4408.41845703125,4870.591796875,51725,0.0,0.0
2018-10-29 00:00:00+09:00,4603.953125,4843.927734375,4261.767578125,4719.49658203125,68213,0.0,0.0
2018-10-30 00:00:00+09:00,4377.31103515625,4657.28076171875,4159.55615234375,4159.55615234375,157173,0.0,0.0
2018-10-31 00:00:00+09:00,4168.4443359375,4239.5478515625,3972.90966796875,4199.55224609375,37876,0.0,0.0
2018-11-01 00:00:00+09:00,4199.55224609375,4301.76318359375,4097.3408203125,4159.55615234375,17762,0.0,0.0
2018-11-02 00:00:00+09:00,4159.55615234375,4257.32373046875,3901.805908203125,4221.77197265625,35221,0.0,0.0
2018-11-05 00:00:00+09:00,4221.77197265625,4261.767578125,4137.33642578125,4217.328125,12800,0.0,0.0
2018-11-06 00:00:00+09:00,4257.32373046875,4257.32373046875,4106.228515625,4181.7763671875,7196,0.0,0.0
2018-11-07 00:00:00+09:00,4221.77197265625,4297.3193359375,4026.2373046875,4212.8837890625,40845,0.0,0.0
2018-11-08 00:00:00+09:00,4248.435546875,4252.8798828125,4075.120849609375,4150.66845703125,21795,0.0,0.0
2018-11-09 00:00:00+09:00,4172.88818359375,4172.88818359375,3870.6982421875,4026.2373046875,45666,0.0,0.0
2018-11-12 00:00:00+09:00,4088.452880859375,4088.452880859375,3830.702392578125,3959.57763671875,16850,0.0,0.0
2018-11-13 00:00:00+09:00,3959.57763671875,3959.57763671875,3768.48681640625,3884.030029296875,13619,0.0,0.0
2018-11-14 00:00:00+09:00,3866.254150390625,3910.694091796875,3732.93505859375,3897.362060546875,57268,0.0,0.0
2018-11-15 00:00:00+09:00,3977.353515625,3977.353515625,3812.926513671875,3892.91796875,10333,0.0,0.0
2018-11-16 00:00:00+09:00,3892.91796875,3892.91796875,3737.379150390625,3804.03857421875,47727,0.0,0.0
2018-11-19 00:00:00+09:00,3804.03857421875,3839.59033203125,3728.4912109375,3786.2626953125,41348,0.0,0.0
2018-11-20 00:00:00+09:00,3768.48681640625,3768.48681640625,3635.167724609375,3684.051513671875,53289,0.0,0.0
2018-11-21 00:00:00+09:00,3684.051513671875,3684.051513671875,3559.620361328125,3595.172119140625,49856,0.0,0.0
2018-11-22 00:00:00+09:00,3595.172119140625,3675.16357421875,3541.844482421875,3590.72802734375,24700,0.0,0.0
2018-11-23 00:00:00+09:00,3617.391845703125,4666.1689453125,3532.95654296875,4195.10791015625,1964934,0.0,0.0
2018-11-26 00:00:00+09:00,4141.7802734375,4168.4443359375,3928.469970703125,4150.66845703125,308331,0.0,0.0
2018-11-27 00:00:00+09:00,4159.55615234375,4164.00048828125,4004.017333984375,4159.55615234375,136183,0.0,0.0
2018-11-28 00:00:00+09:00,4159.55615234375,4968.35888671875,4101.78466796875,4408.41845703125,2386448,0.0,0.0
2018-11-29 00:00:00+09:00,4408.41845703125,4906.1435546875,4266.21142578125,4639.5048828125,1004172,0.0,0.0
2018-11-30 00:00:00+09:00,4639.5048828125,4817.26416015625,4470.63427734375,4568.4013671875,318788,0.0,0.0
2018-12-03 00:00:00+09:00,4728.384765625,5155.005859375,4612.84130859375,4755.04833984375,457287,0.0,0.0
2018-12-04 00:00:00+09:00,4799.48828125,4843.927734375,4666.1689453125,4763.9365234375,148156,0.0,0.0
2018-12-05 00:00:00+09:00,4595.0654296875,4666.1689453125,4488.41015625,4497.2978515625,136191,0.0,0.0
2018-12-06 00:00:00+09:00,4470.63427734375,4532.849609375,4297.3193359375,4301.76318359375,88725,0.0,0.0
2018-12-07 00:00:00+09:00,4261.767578125,4408.41845703125,4226.2158203125,4310.6513671875,42350,0.0,0.0
2018-12-10 00:00:00+09:00,4306.20751953125,4332.87109375,4101.78466796875,4199.55224609375,44369,0.0,0.0
2018-12-11 00:00:00+09:00,4199.55224609375,4266.21142578125,4017.349365234375,4186.22021484375,48426,0.0,0.0
2018-12-12 00:00:00+09:00,4186.22021484375,4479.52197265625,4186.22021484375,4395.0869140625,52983,0.0,0.0
2018-12-13 00:00:00+09:00,4488.41015625,4488.41015625,4292.87548828125,4346.203125,41096,0.0,0.0
2018-12-14 00:00:00+09:00,4310.6513671875,4346.203125,4137.33642578125,4301.76318359375,27529,0.0,0.0
2018-12-17 00:00:00+09:00,4319.5390625,4319.5390625,4101.78466796875,4168.4443359375,19305,0.0,0.0
2018-12-18 00:00:00+09:00,4168.4443359375,4168.4443359375,3919.58203125,4021.793212890625,43215,0.0,0.0
2018-12-19 00:00:00+09:00,4021.793212890625,4061.7890625,3710.71533203125,3928.469970703125,53869,0.0,0.0
2018-12-20 00:00:00+09:00,3955.1337890625,3955.1337890625,3852.92236328125,3906.25,13700,0.0,0.0
2018-12-21 00:00:00+09:00,3928.469970703125,4075.120849609375,3888.47412109375,4044.01318359375,38556,0.0,0.0
2018-12-24 00:00:00+09:00,4061.7890625,4061.7890625,3937.35791015625,4004.017333984375,32815,0.0,0.0
2018-12-26 00:00:00+09:00,3932.913818359375,3946.245849609375,3697.38330078125,3768.48681640625,57909,0.0,0.0
2018-12-27 00:00:00+09:00,3804.03857421875,3901.805908203125,3799.5947265625,3857.3662109375,15887,0.0,0.0
2018-12-28 00:00:00+09:00,4088.452880859375,4346.203125,3910.694091796875,4212.8837890625,131921,0.0,0.0
2019-01-02 00:00:00+09:00,4577.28955078125,4577.28955078125,4346.203125,4568.4013671875,169677,0.0,0.0
2019-01-03 00:00:00+09:00,4835.0400390625,5937.14453125,4683.94482421875,5937.14453125,2190691,0.0,0.0
2019-01-04 00:00:00+09:00,5990.47216796875,6488.19677734375,5812.71337890625,6150.455078125,2650894,0.0,0.0
2019-01-07 00:00:00+09:00,6150.455078125,6150.455078125,5857.15283203125,6097.12744140625,462428,0.0,0.0
2019-01-08 00:00:00+09:00,6097.12744140625,6701.50732421875,5990.47216796875,6248.22216796875,1325372,0.0,0.0
2019-01-09 00:00:00+09:00,6381.54150390625,6381.54150390625,5972.6962890625,5981.583984375,273394,0.0,0.0
2019-01-10 00:00:00+09:00,6061.57568359375,6061.57568359375,5697.169921875,5706.05810546875,362389,0.0,0.0
2019-01-11 00:00:00+09:00,5714.94580078125,5892.70458984375,5643.84228515625,5812.71337890625,242247,0.0,0.0
2019-01-14 00:00:00+09:00,5768.2734375,6221.55859375,5697.169921875,6017.1357421875,525037,0.0,0.0
2019-01-15 00:00:00+09:00,6043.7998046875,6177.11865234375,5972.6962890625,6070.46337890625,255285,0.0,0.0
2019-01-16 00:00:00+09:00,6159.3427734375,6159.3427734375,5954.92041015625,6070.46337890625,127587,0.0,0.0
2019-01-17 00:00:00+09:00,6061.57568359375,6150.455078125,5768.2734375,5768.2734375,152388,0.0,0.0
2019-01-18 00:00:00+09:00,5857.15283203125,6026.02392578125,5786.04931640625,5981.583984375,141748,0.0,0.0
2019-01-21 00:00:00+09:00,6026.02392578125,6088.2392578125,5919.36865234375,6043.7998046875,139529,0.0,0.0
2019-01-22 00:00:00+09:00,6177.11865234375,6177.11865234375,5937.14453125,5963.80810546875,146728,0.0,0.0
2019-01-23 00:00:00+09:00,5963.80810546875,5990.47216796875,5803.8251953125,5803.8251953125,101128,0.0,0.0
2019-01-24 00:00:00+09:00,5803.8251953125,5946.0322265625,5794.9375,5803.8251953125,69076,0.0,0.0
2019-01-25 00:00:00+09:00,5954.92041015625,7439.20654296875,5892.70458984375,6888.154296875,6037827,0.0,0.0
2019-01-28 00:00:00+09:00,6834.82666015625,7021.47314453125,6701.50732421875,6950.36962890625,712783,0.0,0.0
2019-01-29 00:00:00+09:00,6808.16259765625,6825.9384765625,6514.86083984375,6550.41259765625,494579,0.0,0.0
2019-01-30 00:00:00+09:00,6550.41259765625,6630.40380859375,6301.55029296875,6399.3173828125,348666,0.0,0.0
2019-01-31 00:00:00+09:00,6417.09326171875,6452.64501953125,6319.326171875,6372.65380859375,146405,0.0,0.0
2019-02-01 00:00:00+09:00,6372.65380859375,6408.20556640625,6159.3427734375,6310.43798828125,176371,0.0,0.0
2019-02-07 00:00:00+09:00,6310.43798828125,6310.43798828125,6070.46337890625,6310.43798828125,150817,0.0,0.0
2019-02-08 00:00:00+09:00,6274.88623046875,6292.662109375,6141.56689453125,6212.67041015625,125223,0.0,0.0
2019-02-11 00:00:00+09:00,6186.0068359375,6470.4208984375,6177.11865234375,6461.533203125,256014,0.0,0.0
2019-02-12 00:00:00+09:00,6488.19677734375,6639.2919921875,6345.98974609375,6630.40380859375,359017,0.0,0.0
2019-02-13 00:00:00+09:00,6710.3955078125,7243.671875,6621.51611328125,6825.9384765625,1718009,0.0,0.0
2019-02-14 00:00:00+09:00,6772.61083984375,6825.9384765625,6532.63671875,6603.740234375,224256,0.0,0.0
2019-02-15 00:00:00+09:00,6577.076171875,6577.076171875,6381.54150390625,6417.09326171875,139114,0.0,0.0
2019-02-18 00:00:00+09:00,6425.9814453125,6559.30029296875,6425.9814453125,6532.63671875,78393,0.0,0.0
2019-02-19 00:00:00+09:00,6568.1884765625,6568.1884765625,6425.9814453125,6488.19677734375,73264,0.0,0.0
2019-02-20 00:00:00+09:00,6594.85205078125,6594.85205078125,6390.4296875,6399.3173828125,97318,0.0,0.0
2019-02-21 00:00:00+09:00,6417.09326171875,6461.533203125,6141.56689453125,6221.55859375,103884,0.0,0.0
2019-02-22 00:00:00+09:00,6159.3427734375,6345.98974609375,6159.3427734375,6159.3427734375,75702,0.0,0.0
2019-02-25 00:00:00+09:00,6186.0068359375,6354.8779296875,6159.3427734375,6274.88623046875,51171,0.0,0.0
2019-02-26 00:00:00+09:00,6283.7744140625,6354.8779296875,6203.78271484375,6203.78271484375,52989,0.0,0.0
2019-02-27 00:00:00+09:00,6141.56689453125,6194.89453125,5999.35986328125,6061.57568359375,94081,0.0,0.0
2019-02-28 00:00:00+09:00,6017.1357421875,6061.57568359375,5697.169921875,5946.0322265625,102567,0.0,0.0
2019-03-04 00:00:00+09:00,5946.0322265625,6008.248046875,5821.60107421875,5946.0322265625,53402,0.0,0.0
2019-03-05 00:00:00+09:00,5937.14453125,5946.0322265625,5741.60986328125,5777.16162109375,98586,0.0,0.0
2019-03-06 00:00:00+09:00,5741.60986328125,5857.15283203125,5741.60986328125,5839.376953125,49112,0.0,0.0
2019-03-07 00:00:00+09:00,5786.04931640625,6026.02392578125,5706.05810546875,5910.48046875,73621,0.0,0.0
2019-03-08 00:00:00+09:00,5786.04931640625,5866.041015625,5510.5234375,5581.626953125,108108,0.0,0.0
2019-03-11 00:00:00+09:00,5608.29052734375,5608.29052734375,5163.8935546875,5341.65234375,91347,0.0,0.0
2019-03-12 00:00:00+09:00,5341.65234375,5492.74755859375,5119.4541015625,5492.74755859375,68564,0.0,0.0
2019-03-13 00:00:00+09:00,5510.5234375,5652.73046875,5492.74755859375,5546.0751953125,29376,0.0,0.0
2019-03-14 00:00:00+09:00,5652.73046875,5688.2822265625,5510.5234375,5626.06640625,33527,0.0,0.0
2019-03-15 00:00:00+09:00,5563.85107421875,5839.376953125,5563.85107421875,5741.60986328125,79324,0.0,0.0
2019-03-18 00:00:00+09:00,5759.3857421875,5857.15283203125,5661.6181640625,5670.50634765625,53031,0.0,0.0
2019-03-19 00:00:00+09:00,5830.4892578125,5946.0322265625,5732.7216796875,5901.5927734375,149003,0.0,0.0
2019-03-20 00:00:00+09:00,5999.35986328125,6354.8779296875,5901.5927734375,5901.5927734375,644613,0.0,0.0
2019-03-21 00:00:00+09:00,5901.5927734375,5901.5927734375,5306.1005859375,5306.1005859375,538709,0.0,0.0
2019-03-22 00:00:00+09:00,5510.5234375,5546.0751953125,5306.1005859375,5377.2041015625,169449,0.0,0.0
2019-03-25 00:00:00+09:00,5306.1005859375,5377.2041015625,5288.32470703125,5359.42822265625,50637,0.0,0.0
2019-03-26 00:00:00+09:00,5448.3076171875,5448.3076171875,5243.88525390625,5332.7646484375,33957,0.0,0.0
2019-03-27 00:00:00+09:00,5412.755859375,5688.2822265625,5350.54052734375,5377.2041015625,61688,0.0,0.0
2019-03-28 00:00:00+09:00,5350.54052734375,5403.8681640625,5243.88525390625,5359.42822265625,52471,0.0,0.0
2019-03-29 00:00:00+09:00,5359.42822265625,5377.2041015625,5190.5576171875,5252.77294921875,55898,0.0,0.0
2019-04-01 00:00:00+09:00,5243.88525390625,5297.212890625,5155.005859375,5261.6611328125,31020,0.0,0.0
2019-04-02 00:00:00+09:00,5252.77294921875,5314.98876953125,5190.5576171875,5217.22119140625,33249,0.0,0.0
2019-04-03 00:00:00+09:00,5279.43701171875,5314.98876953125,5190.5576171875,5261.6611328125,25204,0.0,0.0
2019-04-04 00:00:00+09:00,5306.1005859375,5634.95458984375,5297.212890625,5359.42822265625,134959,0.0,0.0
2019-04-05 00:00:00+09:00,5421.64404296875,5430.53173828125,5341.65234375,5368.31640625,41276,0.0,0.0
2019-04-08 00:00:00+09:00,5386.09228515625,5403.8681640625,5279.43701171875,5332.7646484375,50425,0.0,0.0
2019-04-09 00:00:00+09:00,5421.64404296875,6017.1357421875,5359.42822265625,5688.2822265625,1174162,0.0,0.0
2019-04-10 00:00:00+09:00,5688.2822265625,5848.26513671875,5688.2822265625,5732.7216796875,307232,0.0,0.0
2019-04-11 00:00:00+09:00,5803.8251953125,5803.8251953125,5652.73046875,5670.50634765625,91530,0.0,0.0
2019-04-12 00:00:00+09:00,5706.05810546875,5866.041015625,5474.9716796875,5866.041015625,205018,0.0,0.0
2019-04-15 00:00:00+09:00,5866.041015625,5901.5927734375,5803.8251953125,5803.8251953125,122734,0.0,0.0
2019-04-16 00:00:00+09:00,5803.8251953125,5803.8251953125,5608.29052734375,5688.2822265625,69198,0.0,0.0
2019-04-17 00:00:00+09:00,5732.7216796875,5954.92041015625,5617.1787109375,5812.71337890625,261661,0.0,0.0
2019-04-18 00:00:00+09:00,5777.16162109375,5803.8251953125,5599.40283203125,5608.29052734375,66880,0.0,0.0
2019-04-19 00:00:00+09:00,5608.29052734375,5732.7216796875,5608.29052734375,5670.50634765625,22323,0.0,0.0
2019-04-22 00:00:00+09:00,5679.39404296875,5786.04931640625,5599.40283203125,5750.49755859375,36402,0.0,0.0
2019-04-23 00:00:00+09:00,5803.8251953125,5803.8251953125,5563.85107421875,5688.2822265625,51618,0.0,0.0
2019-04-24 00:00:00+09:00,5661.6181640625,5670.50634765625,5590.5146484375,5617.1787109375,28146,0.0,0.0
2019-04-25 00:00:00+09:00,5599.40283203125,5634.95458984375,5546.0751953125,5581.626953125,32060,0.0,0.0
2019-04-26 00:00:00+09:00,5492.74755859375,5750.49755859375,5430.53173828125,5448.3076171875,53178,0.0,0.0
2019-04-29 00:00:00+09:00,5377.2041015625,5572.73876953125,5341.65234375,5501.63525390625,26445,0.0,0.0
2019-04-30 00:00:00+09:00,5430.53173828125,5590.5146484375,5368.31640625,5590.5146484375,49662,0.0,0.0
2019-05-02 00:00:00+09:00,5634.95458984375,5892.70458984375,5377.2041015625,5750.49755859375,222906,0.0,0.0
2019-05-03 00:00:00+09:00,5688.2822265625,5821.60107421875,5626.06640625,5714.94580078125,70452,0.0,0.0
2019-05-07 00:00:00+09:00,5599.40283203125,5732.7216796875,5537.18701171875,5652.73046875,57039,0.0,0.0
2019-05-08 00:00:00+09:00,5537.18701171875,5608.29052734375,5457.19580078125,5457.19580078125,57540,0.0,0.0
2019-05-09 00:00:00+09:00,5483.859375,5563.85107421875,5172.78173828125,5341.65234375,63438,0.0,0.0
2019-05-10 00:00:00+09:00,5226.109375,5403.8681640625,5155.005859375,5155.005859375,56989,0.0,0.0
2019-05-13 00:00:00+09:00,5057.23828125,5243.88525390625,4755.04833984375,4781.71240234375,87809,0.0,0.0
2019-05-14 00:00:00+09:00,4621.72900390625,4790.60009765625,4488.41015625,4772.82421875,66547,0.0,0.0
2019-05-15 00:00:00+09:00,4879.4794921875,5466.08349609375,4746.16064453125,5323.87646484375,262240,0.0,0.0
2019-05-16 00:00:00+09:00,5270.548828125,5270.548828125,5066.12646484375,5146.11767578125,58109,0.0,0.0
2019-05-17 00:00:00+09:00,5075.01416015625,5146.11767578125,5021.6865234375,5128.341796875,45721,0.0,0.0
2019-05-20 00:00:00+09:00,5057.23828125,5234.9970703125,4923.91943359375,5226.109375,105798,0.0,0.0
2019-05-21 00:00:00+09:00,5226.109375,5234.9970703125,5119.4541015625,5137.22998046875,35167,0.0,0.0
2019-05-22 00:00:00+09:00,5110.56591796875,5199.4453125,5030.57470703125,5101.67822265625,21245,0.0,0.0
2019-05-23 00:00:00+09:00,4995.02294921875,5243.88525390625,4986.134765625,5066.12646484375,37644,0.0,0.0
2019-05-24 00:00:00+09:00,4977.2470703125,4995.02294921875,4817.26416015625,4888.36767578125,39582,0.0,0.0
2019-05-27 00:00:00+09:00,4763.9365234375,4923.91943359375,4692.8330078125,4701.720703125,35520,0.0,0.0
2019-05-28 00:00:00+09:00,4808.3759765625,4826.15185546875,4621.72900390625,4826.15185546875,29163,0.0,0.0
2019-05-29 00:00:00+09:00,4870.591796875,4906.1435546875,4675.056640625,4781.71240234375,27432,0.0,0.0
2019-05-30 00:00:00+09:00,4790.60009765625,4843.927734375,4568.4013671875,4666.1689453125,48036,0.0,0.0
2019-05-31 00:00:00+09:00,4586.17724609375,4790.60009765625,4577.28955078125,4772.82421875,27465,0.0,0.0
2019-06-03 00:00:00+09:00,4772.82421875,4781.71240234375,4612.84130859375,4692.8330078125,19367,0.0,0.0
2019-06-04 00:00:00+09:00,4888.36767578125,4888.36767578125,4550.62548828125,4692.8330078125,26387,0.0,0.0
2019-06-05 00:00:00+09:00,4683.94482421875,4772.82421875,4612.84130859375,4675.056640625,34398,0.0,0.0
2019-06-07 00:00:00+09:00,4675.056640625,4915.03125,4675.056640625,4879.4794921875,39155,0.0,0.0
2019-06-10 00:00:00+09:00,4968.35888671875,5412.755859375,4888.36767578125,5234.9970703125,164965,0.0,0.0
2019-06-11 00:00:00+09:00,5537.18701171875,5750.49755859375,5412.755859375,5448.3076171875,565253,0.0,0.0
2019-06-12 00:00:00+09:00,5501.63525390625,5501.63525390625,5234.9970703125,5341.65234375,88748,0.0,0.0
2019-06-13 00:00:00+09:00,5252.77294921875,5377.2041015625,5226.109375,5306.1005859375,54659,0.0,0.0
2019-06-14 00:00:00+09:00,5323.87646484375,5368.31640625,5083.90234375,5226.109375,56302,0.0,0.0
2019-06-17 00:00:00+09:00,5226.109375,5279.43701171875,5128.341796875,5181.66943359375,32076,0.0,0.0
2019-06-18 00:00:00+09:00,5181.66943359375,5252.77294921875,5137.22998046875,5163.8935546875,60639,0.0,0.0
2019-06-19 00:00:00+09:00,5163.8935546875,5217.22119140625,5092.7900390625,5128.341796875,31318,0.0,0.0
2019-06-20 00:00:00+09:00,5075.01416015625,5270.548828125,5075.01416015625,5217.22119140625,29896,0.0,0.0
2019-06-21 00:00:00+09:00,5270.548828125,5279.43701171875,5128.341796875,5146.11767578125,37897,0.0,0.0
2019-06-24 00:00:00+09:00,5092.7900390625,5163.8935546875,5003.91064453125,5003.91064453125,30788,0.0,0.0
2019-06-25 00:00:00+09:00,5003.91064453125,5075.01416015625,4799.48828125,4906.1435546875,61641,0.0,0.0
2019-06-26 00:00:00+09:00,5101.67822265625,6337.10205078125,5101.67822265625,5457.19580078125,5582776,0.0,0.0
2019-06-27 00:00:00+09:00,5474.9716796875,5661.6181640625,5386.09228515625,5403.8681640625,782124,0.0,0.0
2019-06-28 00:00:00+09:00,5421.64404296875,5688.2822265625,5350.54052734375,5581.626953125,597577,0.0,0.0
2019-07-01 00:00:00+09:00,5634.95458984375,5634.95458984375,5075.01416015625,5075.01416015625,328418,0.0,0.0
2019-07-02 00:00:00+09:00,5092.7900390625,5199.4453125,4915.03125,5048.3505859375,241097,0.0,0.0
2019-07-03 00:00:00+09:00,5101.67822265625,5101.67822265625,4843.927734375,4932.80712890625,98329,0.0,0.0
2019-07-04 00:00:00+09:00,4897.25537109375,4977.2470703125,4746.16064453125,4772.82421875,83793,0.0,0.0
2019-07-05 00:00:00+09:00,4763.9365234375,4826.15185546875,4683.94482421875,4799.48828125,54994,0.0,0.0
2019-07-08 00:00:00+09:00,4799.48828125,4861.70361328125,4381.7548828125,4435.08251953125,127120,0.0,0.0
2019-07-09 00:00:00+09:00,4337.31494140625,4488.41015625,4141.7802734375,4208.43994140625,100170,0.0,0.0
2019-07-10 00:00:00+09:00,4106.228515625,4323.9833984375,4106.228515625,4261.767578125,74967,0.0,0.0
2019-07-11 00:00:00+09:00,4346.203125,4346.203125,4221.77197265625,4346.203125,42128,0.0,0.0
2019-07-12 00:00:00+09:00,4417.306640625,4443.97021484375,4323.9833984375,4443.97021484375,19204,0.0,0.0
2019-07-15 00:00:00+09:00,4377.31103515625,4470.63427734375,4306.20751953125,4346.203125,27262,0.0,0.0
2019-07-16 00:00:00+09:00,4399.53076171875,4701.720703125,4323.9833984375,4443.97021484375,70585,0.0,0.0
2019-07-17 00:00:00+09:00,4399.53076171875,4461.74609375,4221.77197265625,4301.76318359375,51662,0.0,0.0
2019-07-18 00:00:00+09:00,4319.5390625,4319.5390625,4221.77197265625,4230.65966796875,19688,0.0,0.0
2019-07-19 00:00:00+09:00,4230.65966796875,4435.08251953125,4221.77197265625,4279.54345703125,24533,0.0,0.0
2019-07-22 00:00:00+09:00,4226.2158203125,4435.08251953125,4226.2158203125,4283.9873046875,12654,0.0,0.0
2019-07-23 00:00:00+09:00,4341.75927734375,4341.75927734375,4128.44873046875,4168.4443359375,36515,0.0,0.0
2019-07-24 00:00:00+09:00,4106.228515625,4164.00048828125,3946.245849609375,3986.241455078125,41597,0.0,0.0
2019-07-25 00:00:00+09:00,3888.47412109375,3932.913818359375,3706.271240234375,3786.2626953125,120413,0.0,0.0
2019-07-26 00:00:00+09:00,3688.495361328125,3772.930908203125,3581.840087890625,3750.7109375,80541,0.0,0.0
2019-07-29 00:00:00+09:00,3750.7109375,3750.7109375,3439.633056640625,3537.400390625,85339,0.0,0.0
2019-07-30 00:00:00+09:00,3444.0771484375,3661.83154296875,3444.0771484375,3568.50830078125,70060,0.0,0.0
2019-07-31 00:00:00+09:00,3488.516845703125,3626.27978515625,3457.408935546875,3626.27978515625,77643,0.0,0.0
2019-08-01 00:00:00+09:00,3532.95654296875,3661.83154296875,3492.960693359375,3639.61181640625,33693,0.0,0.0
2019-08-02 00:00:00+09:00,3559.620361328125,3630.723876953125,3457.408935546875,3519.62451171875,53798,0.0,0.0
2019-08-05 00:00:00+09:00,3515.1806640625,3564.064208984375,3172.994873046875,3230.7666015625,64278,0.0,0.0
2019-08-06 00:00:00+09:00,2959.684326171875,3284.09423828125,2959.684326171875,3155.218994140625,133018,0.0,0.0
2019-08-07 00:00:00+09:00,2990.7919921875,3315.201904296875,2990.7919921875,3212.99072265625,97357,0.0,0.0
2019-08-08 00:00:00+09:00,3204.102783203125,3372.9736328125,3199.65869140625,3337.421875,57666,0.0,0.0
2019-08-09 00:00:00+09:00,3315.201904296875,3421.857177734375,3297.426025390625,3377.41748046875,24061,0.0,0.0
2019-08-12 00:00:00+09:00,3341.86572265625,3510.736572265625,3288.5380859375,3461.85302734375,36801,0.0,0.0
2019-08-13 00:00:00+09:00,3515.1806640625,3515.1806640625,3372.9736328125,3426.30126953125,25714,0.0,0.0
2019-08-14 00:00:00+09:00,3435.189208984375,3546.288330078125,3386.305419921875,3421.857177734375,16032,0.0,0.0
2019-08-16 00:00:00+09:00,3315.201904296875,3461.85302734375,3288.5380859375,3324.08984375,22385,0.0,0.0
2019-08-19 00:00:00+09:00,3324.08984375,3652.943603515625,3324.08984375,3555.17626953125,61668,0.0,0.0
2019-08-20 00:00:00+09:00,3475.184814453125,3608.50390625,3444.0771484375,3555.17626953125,18538,0.0,0.0
2019-08-21 00:00:00+09:00,3555.17626953125,3684.051513671875,3488.516845703125,3630.723876953125,27176,0.0,0.0
2019-08-22 00:00:00+09:00,3599.615966796875,3675.16357421875,3555.17626953125,3564.064208984375,26820,0.0,0.0
2019-08-23 00:00:00+09:00,3564.064208984375,3688.495361328125,3537.400390625,3612.947998046875,48222,0.0,0.0
2019-08-26 00:00:00+09:00,3608.50390625,3608.50390625,3359.6416015625,3452.965087890625,75596,0.0,0.0
2019-08-27 00:00:00+09:00,3497.40478515625,3572.9521484375,3448.52099609375,3546.288330078125,24803,0.0,0.0
2019-08-28 00:00:00+09:00,3470.740966796875,3541.844482421875,3381.861572265625,3484.07275390625,27555,0.0,0.0
2019-08-29 00:00:00+09:00,3484.07275390625,3506.292724609375,3390.74951171875,3452.965087890625,16504,0.0,0.0
2019-08-30 00:00:00+09:00,3439.633056640625,3568.50830078125,3421.857177734375,3559.620361328125,22524,0.0,0.0
2019-09-02 00:00:00+09:00,3572.9521484375,3910.694091796875,3572.9521484375,3786.2626953125,97003,0.0,0.0
2019-09-03 00:00:00+09:00,3786.2626953125,4017.349365234375,3786.2626953125,3870.6982421875,157268,0.0,0.0
2019-09-04 00:00:00+09:00,3870.6982421875,4386.19873046875,3870.6982421875,4061.7890625,384586,0.0,0.0
2019-09-05 00:00:00+09:00,4088.452880859375,4088.452880859375,3995.12939453125,3999.573486328125,53617,0.0,0.0
2019-09-06 00:00:00+09:00,4004.017333984375,4283.9873046875,3999.573486328125,4052.901123046875,84004,0.0,0.0
2019-09-09 00:00:00+09:00,4035.125244140625,4088.452880859375,3906.25,3981.797607421875,45495,0.0,0.0
2019-09-10 00:00:00+09:00,3848.478271484375,3981.797607421875,3764.04296875,3866.254150390625,46881,0.0,0.0
2019-09-11 00:00:00+09:00,3866.254150390625,3928.469970703125,3732.93505859375,3910.694091796875,15070,0.0,0.0
2019-09-16 00:00:00+09:00,3990.685546875,3990.685546875,3835.146484375,3937.35791015625,23966,0.0,0.0
2019-09-17 00:00:00+09:00,3870.6982421875,3990.685546875,3866.254150390625,3946.245849609375,27155,0.0,0.0
2019-09-18 00:00:00+09:00,3946.245849609375,3977.353515625,3875.14208984375,3937.35791015625,7878,0.0,0.0
2019-09-19 00:00:00+09:00,3990.685546875,4012.9052734375,3901.805908203125,3946.245849609375,24699,0.0,0.0
2019-09-20 00:00:00+09:00,3879.586181640625,3981.797607421875,3879.586181640625,3928.469970703125,11412,0.0,0.0
2019-09-23 00:00:00+09:00,3928.469970703125,4004.017333984375,3844.034423828125,3990.685546875,10049,0.0,0.0
2019-09-24 00:00:00+09:00,3910.694091796875,4061.7890625,3910.694091796875,4061.7890625,22599,0.0,0.0
2019-09-25 00:00:00+09:00,4017.349365234375,4061.7890625,3821.814453125,3928.469970703125,23419,0.0,0.0
2019-09-26 00:00:00+09:00,3937.35791015625,4057.344970703125,3928.469970703125,3986.241455078125,30036,0.0,0.0
2019-09-27 00:00:00+09:00,4035.125244140625,4052.901123046875,3959.57763671875,3964.021728515625,23882,0.0,0.0
2019-09-30 00:00:00+09:00,3972.90966796875,3972.90966796875,3759.598876953125,3884.030029296875,34428,0.0,0.0
2019-10-01 00:00:00+09:00,3821.814453125,3901.805908203125,3790.706787109375,3795.150634765625,18575,0.0,0.0
2019-10-02 00:00:00+09:00,3612.947998046875,3808.482666015625,3612.947998046875,3777.374755859375,39781,0.0,0.0
2019-10-04 00:00:00+09:00,3777.374755859375,3844.034423828125,3644.0556640625,3644.0556640625,28437,0.0,0.0
2019-10-07 00:00:00+09:00,3644.0556640625,3750.7109375,3528.512451171875,3635.167724609375,42499,0.0,0.0
2019-10-08 00:00:00+09:00,3555.17626953125,3626.27978515625,3532.95654296875,3555.17626953125,21767,0.0,0.0
2019-10-10 00:00:00+09:00,3555.17626953125,3555.17626953125,3439.633056640625,3555.17626953125,25588,0.0,0.0
2019-10-11 00:00:00+09:00,3501.8486328125,3595.172119140625,3501.8486328125,3550.732421875,15967,0.0,0.0
2019-10-14 00:00:00+09:00,3528.512451171875,3626.27978515625,3528.512451171875,3555.17626953125,13341,0.0,0.0
2019-10-15 00:00:00+09:00,3541.844482421875,3621.8359375,3492.960693359375,3537.400390625,17282,0.0,0.0
2019-10-16 00:00:00+09:00,3510.736572265625,3577.396240234375,3470.740966796875,3541.844482421875,43425,0.0,0.0
2019-10-17 00:00:00+09:00,3497.40478515625,3572.9521484375,3448.52099609375,3497.40478515625,35678,0.0,0.0
2019-10-18 00:00:00+09:00,3541.844482421875,3541.844482421875,3448.52099609375,3497.40478515625,24562,0.0,0.0
2019-10-21 00:00:00+09:00,3479.62890625,3497.40478515625,3355.19775390625,3386.305419921875,27934,0.0,0.0
2019-10-22 00:00:00+09:00,3337.421875,3395.193359375,3332.977783203125,3372.9736328125,28941,0.0,0.0
2019-10-23 00:00:00+09:00,3297.426025390625,3492.960693359375,3270.76220703125,3328.533935546875,28869,0.0,0.0
2019-10-24 00:00:00+09:00,3252.986328125,3324.08984375,3181.8828125,3266.318359375,40342,0.0,0.0
2019-10-25 00:00:00+09:00,3164.10693359375,3288.5380859375,3164.10693359375,3288.5380859375,28914,0.0,0.0
2019-10-28 00:00:00+09:00,3226.322509765625,3412.96923828125,3221.878662109375,3350.753662109375,19190,0.0,0.0
2019-10-29 00:00:00+09:00,3368.529541015625,3421.857177734375,3328.533935546875,3404.081298828125,17856,0.0,0.0
2019-10-30 00:00:00+09:00,3404.081298828125,3448.52099609375,3261.874267578125,3439.633056640625,14525,0.0,0.0
2019-10-31 00:00:00+09:00,3404.081298828125,3430.7451171875,3359.6416015625,3408.525390625,22364,0.0,0.0
2019-11-01 00:00:00+09:00,3355.19775390625,3395.193359375,3328.533935546875,3328.533935546875,16728,0.0,0.0
2019-11-04 00:00:00+09:00,3332.977783203125,3399.637451171875,3301.8701171875,3364.085693359375,33196,0.0,0.0
2019-11-05 00:00:00+09:00,3324.08984375,3359.6416015625,3306.31396484375,3341.86572265625,14457,0.0,0.0
2019-11-06 00:00:00+09:00,3377.41748046875,3377.41748046875,3257.430419921875,3324.08984375,27947,0.0,0.0
2019-11-07 00:00:00+09:00,3301.8701171875,3337.421875,3261.874267578125,3324.08984375,16090,0.0,0.0
2019-11-08 00:00:00+09:00,3324.08984375,3359.6416015625,3292.982177734375,3328.533935546875,19006,0.0,0.0
2019-11-11 00:00:00+09:00,3288.5380859375,3355.19775390625,3257.430419921875,3279.650146484375,23284,0.0,0.0
2019-11-12 00:00:00+09:00,3226.322509765625,3319.64599609375,3221.878662109375,3306.31396484375,33435,0.0,0.0
2019-11-13 00:00:00+09:00,3306.31396484375,3390.74951171875,3244.098388671875,3315.201904296875,18391,0.0,0.0
2019-11-14 00:00:00+09:00,3279.650146484375,3364.085693359375,3217.4345703125,3284.09423828125,22951,0.0,0.0
2019-11-15 00:00:00+09:00,3244.098388671875,3288.5380859375,3164.10693359375,3239.654541015625,57924,0.0,0.0
2019-11-18 00:00:00+09:00,3221.878662109375,3257.430419921875,3159.6630859375,3212.99072265625,12933,0.0,0.0
2019-11-19 00:00:00+09:00,3159.6630859375,3199.65869140625,3061.8955078125,3115.22314453125,39382,0.0,0.0
2019-11-20 00:00:00+09:00,3110.779296875,3132.999267578125,2977.460205078125,3110.779296875,20906,0.0,0.0
2019-11-21 00:00:00+09:00,3128.55517578125,3132.999267578125,2959.684326171875,3075.2275390625,37047,0.0,0.0
2019-11-22 00:00:00+09:00,3013.011962890625,3084.115478515625,2919.6884765625,2973.01611328125,35676,0.0,0.0
2019-11-25 00:00:00+09:00,2950.79638671875,3013.011962890625,2808.58935546875,2888.580810546875,86948,0.0,0.0
2019-11-26 00:00:00+09:00,2884.13671875,2884.13671875,2795.25732421875,2844.14111328125,44058,0.0,0.0
2019-11-27 00:00:00+09:00,2893.024658203125,2897.46875,2835.253173828125,2897.46875,23007,0.0,0.0
2019-11-28 00:00:00+09:00,2910.800537109375,2910.800537109375,2844.14111328125,2888.580810546875,17421,0.0,0.0
2019-11-29 00:00:00+09:00,2888.580810546875,2888.580810546875,2688.60205078125,2804.145263671875,55352,0.0,0.0
2019-12-02 00:00:00+09:00,2804.145263671875,2866.36083984375,2697.489990234375,2866.36083984375,46777,0.0,0.0
2019-12-03 00:00:00+09:00,2773.03759765625,2888.580810546875,2724.15380859375,2835.253173828125,36855,0.0,0.0
2019-12-04 00:00:00+09:00,2888.580810546875,2888.580810546875,2777.4814453125,2870.804931640625,18493,0.0,0.0
2019-12-05 00:00:00+09:00,2866.36083984375,2906.356689453125,2733.041748046875,2790.8134765625,27186,0.0,0.0
2019-12-06 00:00:00+09:00,2830.80908203125,2866.36083984375,2728.597900390625,2781.925537109375,13514,0.0,0.0
2019-12-09 00:00:00+09:00,2781.925537109375,2799.701416015625,2693.046142578125,2773.03759765625,27716,0.0,0.0
2019-12-10 00:00:00+09:00,2768.593505859375,2768.593505859375,2675.270263671875,2728.597900390625,22272,0.0,0.0
2019-12-11 00:00:00+09:00,2724.15380859375,2773.03759765625,2666.38232421875,2737.48583984375,27320,0.0,0.0
2019-12-12 00:00:00+09:00,2737.48583984375,2799.701416015625,2715.265869140625,2799.701416015625,9446,0.0,0.0
2019-12-13 00:00:00+09:00,2893.024658203125,2893.024658203125,2710.822021484375,2844.14111328125,11825,0.0,0.0
2019-12-16 00:00:00+09:00,2915.24462890625,2941.908447265625,2786.369384765625,2844.14111328125,21600,0.0,0.0
2019-12-17 00:00:00+09:00,2799.701416015625,2901.91259765625,2750.817626953125,2799.701416015625,30768,0.0,0.0
2019-12-18 00:00:00+09:00,2808.58935546875,2830.80908203125,2737.48583984375,2830.80908203125,13320,0.0,0.0
2019-12-19 00:00:00+09:00,2750.817626953125,2879.69287109375,2750.817626953125,2826.365234375,20060,0.0,0.0
2019-12-20 00:00:00+09:00,2826.365234375,2830.80908203125,2764.149658203125,2786.369384765625,17005,0.0,0.0
2019-12-23 00:00:00+09:00,2124.2177734375,2333.08447265625,1968.678955078125,1999.7867431640625,1185433,0.0,0.0
2019-12-24 00:00:00+09:00,1964.2349853515625,1986.454833984375,1813.139892578125,1848.691650390625,372989,0.0,0.0
2019-12-26 00:00:00+09:00,1853.1356201171875,1906.4632568359375,1853.1356201171875,1884.243408203125,105836,0.0,0.0
2019-12-27 00:00:00+09:00,1884.243408203125,1924.2391357421875,1866.467529296875,1910.9072265625,60945,0.0,0.0
2019-12-30 00:00:00+09:00,1937.571044921875,1937.571044921875,1866.467529296875,1893.13134765625,42976,0.0,0.0
2020-01-02 00:00:00+09:00,1893.13134765625,1919.795166015625,1866.467529296875,1902.019287109375,61753,0.0,0.0
2020-01-03 00:00:00+09:00,1902.019287109375,1924.2391357421875,1884.243408203125,1915.3511962890625,87929,0.0,0.0
2020-01-06 00:00:00+09:00,1893.13134765625,1999.7867431640625,1893.13134765625,1999.7867431640625,125816,0.0,0.0
2020-01-07 00:00:00+09:00,1999.7867431640625,1999.7867431640625,1902.019287109375,1928.68310546875,102012,0.0,0.0
2020-01-08 00:00:00+09:00,1928.68310546875,1928.68310546875,1799.8079833984375,1866.467529296875,129485,0.0,0.0
2020-01-09 00:00:00+09:00,1866.467529296875,1928.68310546875,1826.4718017578125,1844.2476806640625,128538,0.0,0.0
2020-01-10 00:00:00+09:00,1862.0235595703125,1866.467529296875,1826.4718017578125,1848.691650390625,66143,0.0,0.0
2020-01-13 00:00:00+09:00,1893.13134765625,1893.13134765625,1822.02783203125,1888.6873779296875,79837,0.0,0.0
2020-01-14 00:00:00+09:00,1897.5753173828125,1964.2349853515625,1870.9114990234375,1888.6873779296875,148934,0.0,0.0
2020-01-15 00:00:00+09:00,1888.6873779296875,1893.13134765625,1830.915771484375,1848.691650390625,129931,0.0,0.0
2020-01-16 00:00:00+09:00,1848.691650390625,1866.467529296875,1808.6959228515625,1808.6959228515625,97473,0.0,0.0
2020-01-17 00:00:00+09:00,1808.6959228515625,1844.2476806640625,1808.6959228515625,1822.02783203125,55519,0.0,0.0
2020-01-20 00:00:00+09:00,1839.8037109375,1857.57958984375,1822.02783203125,1839.8037109375,95591,0.0,0.0
2020-01-21 00:00:00+09:00,1822.02783203125,1893.13134765625,1822.02783203125,1866.467529296875,85700,0.0,0.0
2020-01-22 00:00:00+09:00,1866.467529296875,1866.467529296875,1817.5838623046875,1817.5838623046875,52108,0.0,0.0
2020-01-23 00:00:00+09:00,1844.2476806640625,1848.691650390625,1799.8079833984375,1808.6959228515625,31214,0.0,0.0
2020-01-28 00:00:00+09:00,1790.9200439453125,1799.8079833984375,1710.9285888671875,1728.7044677734375,112022,0.0,0.0
2020-01-29 00:00:00+09:00,1715.37255859375,1746.4803466796875,1697.5966796875,1715.37255859375,28291,0.0,0.0
2020-01-30 00:00:00+09:00,1710.9285888671875,1710.9285888671875,1653.156982421875,1662.044921875,74625,0.0,0.0
2020-01-31 00:00:00+09:00,1644.26904296875,1697.5966796875,1644.26904296875,1644.26904296875,45525,0.0,0.0
2020-02-03 00:00:00+09:00,1635.381103515625,1684.2647705078125,1546.501708984375,1617.605224609375,137214,0.0,0.0
2020-02-04 00:00:00+09:00,1626.4931640625,1662.044921875,1564.277587890625,1586.4974365234375,122175,0.0,0.0
2020-02-05 00:00:00+09:00,1604.2733154296875,1608.71728515625,1568.7215576171875,1604.2733154296875,52262,0.0,0.0
2020-02-06 00:00:00+09:00,1644.26904296875,1644.26904296875,1586.4974365234375,1635.381103515625,58642,0.0,0.0
2020-02-07 00:00:00+09:00,1626.4931640625,1670.932861328125,1582.053466796875,1604.2733154296875,61267,0.0,0.0
2020-02-10 00:00:00+09:00,1590.94140625,1604.2733154296875,1577.6094970703125,1586.4974365234375,61373,0.0,0.0
2020-02-11 00:00:00+09:00,1582.053466796875,2062.002197265625,1582.053466796875,2062.002197265625,5031002,0.0,0.0
2020-02-12 00:00:00+09:00,2266.4248046875,2679.714111328125,2266.4248046875,2679.714111328125,3707492,0.0,0.0
2020-02-13 00:00:00+09:00,3075.2275390625,3350.753662109375,2613.0546875,2679.714111328125,8949229,0.0,0.0
2020-02-14 00:00:00+09:00,2928.576416015625,3324.08984375,2684.158203125,2906.356689453125,8980948,0.0,0.0
2020-02-17 00:00:00+09:00,2697.489990234375,2777.4814453125,2381.96826171875,2488.62353515625,1714397,0.0,0.0
2020-02-18 00:00:00+09:00,2475.29150390625,2573.058837890625,2315.30859375,2408.632080078125,1059902,0.0,0.0
2020-02-19 00:00:00+09:00,2399.744140625,2488.62353515625,2293.088623046875,2395.300048828125,880824,0.0,0.0
2020-02-20 00:00:00+09:00,2439.73974609375,2444.183837890625,2239.760986328125,2253.093017578125,384607,0.0,0.0
2020-02-21 00:00:00+09:00,2217.541259765625,2217.541259765625,2124.2177734375,2181.989501953125,268842,0.0,0.0
2020-02-24 00:00:00+09:00,2079.778076171875,2150.881591796875,1924.2391357421875,1924.2391357421875,325395,0.0,0.0
2020-02-25 00:00:00+09:00,1928.68310546875,2115.329833984375,1924.2391357421875,2008.6746826171875,331329,0.0,0.0
2020-02-26 00:00:00+09:00,1937.571044921875,1982.0108642578125,1875.35546875,1964.2349853515625,253856,0.0,0.0
2020-02-27 00:00:00+09:00,1930.0,2305.0,1800.0,1855.0,1887867,0.0,0.0
2020-02-28 00:00:00+09:00,1805.0,1840.0,1630.0,1650.0,228872,0.0,0.0
2020-03-02 00:00:00+09:00,1660.0,1700.0,1575.0,1700.0,126028,0.0,0.0
2020-03-03 00:00:00+09:00,1780.0,1835.0,1700.0,1775.0,236365,0.0,0.0
2020-03-04 00:00:00+09:00,1775.0,2305.0,1670.0,2305.0,545047,0.0,0.0
2020-03-05 00:00:00+09:00,2400.0,2640.0,2035.0,2100.0,3326503,0.0,0.0
2020-03-06 00:00:00+09:00,2010.0,2110.0,1930.0,1970.0,690635,0.0,0.0
2020-03-09 00:00:00+09:00,1970.0,1970.0,1970.0,1970.0,0,0.0,0.0
2020-03-10 00:00:00+09:00,1725.0,2290.0,1695.0,2290.0,6120706,0.0,0.0
2020-03-11 00:00:00+09:00,2445.0,2740.0,2100.0,2235.0,6983626,0.0,0.0
2020-03-12 00:00:00+09:00,2245.0,2895.0,2130.0,2750.0,13770119,0.0,0.0
2020-03-13 00:00:00+09:00,2450.0,3390.0,2100.0,3025.0,15626693,0.0,0.0
2020-03-16 00:00:00+09:00,2920.0,3545.0,2755.0,2755.0,6429416,0.0,0.0
2020-03-17 00:00:00+09:00,2645.0,3200.0,2520.0,3000.0,5797217,0.0,0.0
2020-03-18 00:00:00+09:00,2940.0,3100.0,2275.0,2275.0,2220394,0.0,0.0
2020-03-19 00:00:00+09:00,2475.0,2670.0,2145.0,2230.0,6101615,0.0,0.0
2020-03-20 00:00:00+09:00,2315.0,2850.0,2315.0,2700.0,6595206,0.0,0.0
2020-03-23 00:00:00+09:00,2580.0,2845.0,2570.0,2650.0,3326466,0.0,0.0
2020-03-24 00:00:00+09:00,2745.0,2815.0,2695.0,2750.0,2197939,0.0,0.0
2020-03-25 00:00:00+09:00,2795.0,2855.0,2605.0,2700.0,2752332,0.0,0.0
2020-03-26 00:00:00+09:00,2745.0,2980.0,2575.0,2890.0,5258398,0.0,0.0
2020-03-27 00:00:00+09:00,2895.0,3155.0,2650.0,2725.0,6211140,0.0,0.0
2020-03-30 00:00:00+09:00,2645.0,2880.0,2520.0,2705.0,2724216,0.0,0.0
2020-03-31 00:00:00+09:00,2750.0,3040.0,2720.0,2785.0,6507315,0.0,0.0
2020-04-01 00:00:00+09:00,2810.0,3085.0,2675.0,2720.0,7583253,0.0,0.0
2020-04-02 00:00:00+09:00,2750.0,2855.0,2480.0,2690.0,1682515,0.0,0.0
2020-04-03 00:00:00+09:00,2695.0,2755.0,2505.0,2570.0,1130612,0.0,0.0
2020-04-06 00:00:00+09:00,2565.0,2565.0,2410.0,2480.0,1450350,0.0,0.0
2020-04-07 00:00:00+09:00,2560.0,2560.0,2365.0,2450.0,914187,0.0,0.0
2020-04-08 00:00:00+09:00,2405.0,2440.0,2245.0,2290.0,1004303,0.0,0.0
2020-04-09 00:00:00+09:00,2390.0,2625.0,2300.0,2590.0,2917273,0.0,0.0
2020-04-10 00:00:00+09:00,2670.0,3200.0,2610.0,3090.0,21279927,0.0,0.0
2020-04-13 00:00:00+09:00,3020.0,3320.0,2805.0,2835.0,8570858,0.0,0.0
2020-04-14 00:00:00+09:00,2900.0,3165.0,2825.0,2870.0,8377459,0.0,0.0
2020-04-16 00:00:00+09:00,2940.0,3225.0,2880.0,3225.0,9808886,0.0,0.0
2020-04-17 00:00:00+09:00,3365.0,3640.0,3170.0,3245.0,12060287,0.0,0.0
2020-04-20 00:00:00+09:00,3255.0,3270.0,3020.0,3070.0,2427112,0.0,0.0
2020-04-21 00:00:00+09:00,2495.0,2715.0,2250.0,2500.0,14883635,0.0,0.0
2020-04-22 00:00:00+09:00,2455.0,2465.0,2210.0,2305.0,4328434,0.0,0.0
2020-04-23 00:00:00+09:00,2295.0,2525.0,2210.0,2380.0,6378857,0.0,0.0
2020-04-24 00:00:00+09:00,2350.0,2390.0,2220.0,2240.0,2752450,0.0,0.0
2020-04-27 00:00:00+09:00,2255.0,2315.0,2155.0,2240.0,2823592,0.0,0.0
2020-04-28 00:00:00+09:00,2225.0,2260.0,2095.0,2105.0,2310735,0.0,0.0
2020-04-29 00:00:00+09:00,2110.0,2230.0,2000.0,2215.0,2945775,0.0,0.0
2020-05-04 00:00:00+09:00,2215.0,2270.0,2160.0,2250.0,1469715,0.0,0.0
2020-05-06 00:00:00+09:00,2265.0,2280.0,2220.0,2235.0,942775,0.0,0.0
2020-05-07 00:00:00+09:00,2220.0,2250.0,2165.0,2235.0,877947,0.0,0.0
2020-05-08 00:00:00+09:00,2210.0,2240.0,2190.0,2190.0,1130001,0.0,0.0
2020-05-11 00:00:00+09:00,2195.0,2200.0,2060.0,2090.0,1441228,0.0,0.0
2020-05-12 00:00:00+09:00,2070.0,2245.0,1995.0,2180.0,1988630,0.0,0.0
2020-05-13 00:00:00+09:00,2180.0,2195.0,2105.0,2140.0,802067,0.0,0.0
2020-05-14 00:00:00+09:00,2140.0,2150.0,2050.0,2060.0,991082,0.0,0.0
2020-05-15 00:00:00+09:00,2055.0,2115.0,2035.0,2060.0,905734,0.0,0.0
2020-05-18 00:00:00+09:00,2040.0,2050.0,1940.0,1940.0,1359455,0.0,0.0
2020-05-19 00:00:00+09:00,1955.0,2095.0,1920.0,2060.0,1388940,0.0,0.0
2020-05-20 00:00:00+09:00,2065.0,2145.0,2055.0,2095.0,944914,0.0,0.0
2020-05-21 00:00:00+09:00,2120.0,2220.0,2070.0,2160.0,2618848,0.0,0.0
2020-05-22 00:00:00+09:00,2250.0,2285.0,2100.0,2210.0,3264090,0.0,0.0
2020-05-25 00:00:00+09:00,2210.0,2220.0,2145.0,2170.0,782023,0.0,0.0
2020-05-26 00:00:00+09:00,2155.0,2170.0,2080.0,2095.0,1267192,0.0,0.0
2020-05-27 00:00:00+09:00,2140.0,2140.0,2030.0,2050.0,859758,0.0,0.0
2020-05-28 00:00:00+09:00,2055.0,2075.0,1905.0,1940.0,1831328,0.0,0.0
2020-05-29 00:00:00+09:00,1940.0,1965.0,1905.0,1940.0,506252,0.0,0.0
2020-06-01 00:00:00+09:00,1955.0,1975.0,1945.0,1965.0,363560,0.0,0.0
2020-06-02 00:00:00+09:00,1960.0,1970.0,1935.0,1965.0,559222,0.0,0.0
2020-06-03 00:00:00+09:00,1970.0,1995.0,1920.0,1925.0,739522,0.0,0.0
2020-06-04 00:00:00+09:00,1945.0,1945.0,1905.0,1915.0,555253,0.0,0.0
2020-06-05 00:00:00+09:00,1925.0,1925.0,1840.0,1860.0,1014552,0.0,0.0
2020-06-08 00:00:00+09:00,1870.0,1905.0,1725.0,1810.0,910421,0.0,0.0
2020-06-09 00:00:00+09:00,1825.0,1870.0,1805.0,1845.0,707936,0.0,0.0
2020-06-10 00:00:00+09:00,1820.0,1910.0,1815.0,1900.0,1105006,0.0,0.0
2020-06-11 00:00:00+09:00,1885.0,1990.0,1880.0,1930.0,1234031,0.0,0.0
2020-06-12 00:00:00+09:00,1840.0,1875.0,1780.0,1850.0,741316,0.0,0.0
2020-06-15 00:00:00+09:00,1850.0,1860.0,1580.0,1615.0,1084516,0.0,0.0
2020-06-16 00:00:00+09:00,1625.0,1740.0,1625.0,1720.0,771688,0.0,0.0
2020-06-17 00:00:00+09:00,1680.0,1810.0,1675.0,1770.0,826545,0.0,0.0
2020-06-18 00:00:00+09:00,1770.0,1785.0,1715.0,1740.0,340335,0.0,0.0
2020-06-19 00:00:00+09:00,1730.0,1760.0,1710.0,1730.0,323112,0.0,0.0
2020-06-22 00:00:00+09:00,1730.0,1740.0,1675.0,1685.0,415760,0.0,0.0
2020-06-23 00:00:00+09:00,1705.0,1710.0,1585.0,1615.0,919442,0.0,0.0
2020-06-24 00:00:00+09:00,1585.0,1640.0,1585.0,1610.0,430267,0.0,0.0
2020-06-25 00:00:00+09:00,1605.0,1610.0,1535.0,1540.0,725962,0.0,0.0
2020-06-26 00:00:00+09:00,1540.0,1660.0,1530.0,1565.0,909907,0.0,0.0
2020-06-29 00:00:00+09:00,1590.0,1850.0,1570.0,1690.0,3382490,0.0,0.0
2020-06-30 00:00:00+09:00,1700.0,1760.0,1650.0,1705.0,1042243,0.0,0.0
2020-07-01 00:00:00+09:00,1675.0,1720.0,1620.0,1625.0,548194,0.0,0.0
2020-07-02 00:00:00+09:00,1605.0,1640.0,1550.0,1615.0,602739,0.0,0.0
2020-07-03 00:00:00+09:00,1615.0,1700.0,1575.0,1700.0,802389,0.0,0.0
2020-07-06 00:00:00+09:00,1705.0,1760.0,1695.0,1730.0,495398,0.0,0.0
2020-07-07 00:00:00+09:00,1760.0,1765.0,1695.0,1735.0,547954,0.0,0.0
2020-07-08 00:00:00+09:00,1735.0,1750.0,1705.0,1750.0,345706,0.0,0.0
2020-07-09 00:00:00+09:00,1750.0,1780.0,1700.0,1715.0,448199,0.0,0.0
2020-07-10 00:00:00+09:00,1715.0,1730.0,1660.0,1675.0,296966,0.0,0.0
2020-07-13 00:00:00+09:00,1670.0,1695.0,1645.0,1670.0,227233,0.0,0.0
2020-07-14 00:00:00+09:00,1655.0,1680.0,1630.0,1640.0,301675,0.0,0.0
2020-07-15 00:00:00+09:00,1640.0,1845.0,1625.0,1800.0,2613160,0.0,0.0
2020-07-16 00:00:00+09:00,1845.0,1885.0,1805.0,1855.0,2322855,0.0,0.0
2020-07-17 00:00:00+09:00,1855.0,1855.0,1765.0,1820.0,747722,0.0,0.0
2020-07-20 00:00:00+09:00,1820.0,1825.0,1770.0,1805.0,504308,0.0,0.0
2020-07-21 00:00:00+09:00,1790.0,1825.0,1720.0,1770.0,810309,0.0,0.0
2020-07-22 00:00:00+09:00,1780.0,1790.0,1735.0,1775.0,514731,0.0,0.0
2020-07-23 00:00:00+09:00,1785.0,1805.0,1690.0,1705.0,839762,0.0,0.0
2020-07-24 00:00:00+09:00,1680.0,1715.0,1635.0,1700.0,744643,0.0,0.0
2020-07-27 00:00:00+09:00,1695.0,1715.0,1665.0,1675.0,303387,0.0,0.0
2020-07-28 00:00:00+09:00,1675.0,1690.0,1650.0,1665.0,342274,0.0,0.0
2020-07-29 00:00:00+09:00,1665.0,1685.0,1635.0,1655.0,401833,0.0,0.0
2020-07-30 00:00:00+09:00,1650.0,1660.0,1630.0,1640.0,260327,0.0,0.0
2020-07-31 00:00:00+09:00,1640.0,1650.0,1590.0,1600.0,476516,0.0,0.0
2020-08-03 00:00:00+09:00,1600.0,1645.0,1600.0,1640.0,284816,0.0,0.0
2020-08-04 00:00:00+09:00,1635.0,1665.0,1625.0,1660.0,313119,0.0,0.0
2020-08-05 00:00:00+09:00,1650.0,1675.0,1615.0,1645.0,448991,0.0,0.0
2020-08-06 00:00:00+09:00,1645.0,1740.0,1620.0,1730.0,1101444,0.0,0.0
2020-08-07 00:00:00+09:00,1745.0,1765.0,1665.0,1750.0,1027433,0.0,0.0
2020-08-10 00:00:00+09:00,1780.0,1780.0,1700.0,1710.0,548473,0.0,0.0
2020-08-11 00:00:00+09:00,1710.0,1900.0,1690.0,1900.0,2990061,0.0,0.0
2020-08-12 00:00:00+09:00,1970.0,2045.0,1820.0,1990.0,4345200,0.0,0.0
2020-08-13 00:00:00+09:00,2055.0,2070.0,1900.0,1915.0,3006509,0.0,0.0
2020-08-14 00:00:00+09:00,1930.0,2050.0,1885.0,2045.0,1960169,0.0,0.0
2020-08-18 00:00:00+09:00,2030.0,2030.0,1760.0,1775.0,1804023,0.0,0.0
2020-08-19 00:00:00+09:00,1775.0,1855.0,1775.0,1810.0,700481,0.0,0.0
2020-08-20 00:00:00+09:00,1795.0,1810.0,1585.0,1625.0,1859603,0.0,0.0
2020-08-21 00:00:00+09:00,1640.0,1670.0,1550.0,1630.0,814541,0.0,0.0
2020-08-24 00:00:00+09:00,1625.0,1655.0,1575.0,1615.0,475535,0.0,0.0
2020-08-25 00:00:00+09:00,1615.0,1755.0,1605.0,1680.0,1100086,0.0,0.0
2020-08-26 00:00:00+09:00,1675.0,1695.0,1630.0,1645.0,1067340,0.0,0.0
2020-08-27 00:00:00+09:00,1650.0,1725.0,1635.0,1710.0,1301516,0.0,0.0
2020-08-28 00:00:00+09:00,1745.0,1780.0,1680.0,1690.0,918958,0.0,0.0
2020-08-31 00:00:00+09:00,1725.0,1815.0,1705.0,1765.0,902020,0.0,0.0
2020-09-01 00:00:00+09:00,1760.0,1800.0,1740.0,1760.0,332877,0.0,0.0
2020-09-02 00:00:00+09:00,1770.0,1860.0,1735.0,1800.0,1165888,0.0,0.0
2020-09-03 00:00:00+09:00,1805.0,1835.0,1775.0,1780.0,704504,0.0,0.0
2020-09-04 00:00:00+09:00,1700.0,1755.0,1675.0,1740.0,547076,0.0,0.0
2020-09-07 00:00:00+09:00,1755.0,1960.0,1730.0,1870.0,2616768,0.0,0.0
2020-09-08 00:00:00+09:00,1955.0,2080.0,1885.0,1920.0,5254068,0.0,0.0
2020-09-09 00:00:00+09:00,1865.0,1945.0,1850.0,1880.0,868091,0.0,0.0
2020-09-10 00:00:00+09:00,1910.0,1915.0,1830.0,1890.0,828936,0.0,0.0
2020-09-11 00:00:00+09:00,1870.0,1890.0,1810.0,1850.0,551177,0.0,0.0
2020-09-14 00:00:00+09:00,1870.0,1985.0,1865.0,1965.0,1318789,0.0,0.0
2020-09-15 00:00:00+09:00,2050.0,2050.0,1915.0,1935.0,1173599,0.0,0.0
2020-09-16 00:00:00+09:00,1935.0,1935.0,1880.0,1915.0,612169,0.0,0.0
2020-09-17 00:00:00+09:00,1935.0,2390.0,1930.0,2260.0,26405567,0.0,0.0
2020-09-18 00:00:00+09:00,2185.0,2220.0,2080.0,2210.0,4087584,0.0,0.0
2020-09-21 00:00:00+09:00,2170.0,2240.0,2090.0,2105.0,3017433,0.0,0.0
2020-09-22 00:00:00+09:00,2070.0,2085.0,1910.0,1940.0,2442400,0.0,0.0
2020-09-23 00:00:00+09:00,1970.0,2000.0,1810.0,1900.0,1232891,0.0,0.0
2020-09-24 00:00:00+09:00,1850.0,1870.0,1750.0,1785.0,1444196,0.0,0.0
2020-09-25 00:00:00+09:00,1805.0,1825.0,1715.0,1720.0,933977,0.0,0.0
2020-09-28 00:00:00+09:00,1770.0,1865.0,1750.0,1865.0,741624,0.0,0.0
2020-09-29 00:00:00+09:00,1905.0,1915.0,1835.0,1870.0,703853,0.0,0.0
2020-10-05 00:00:00+09:00,1875.0,1975.0,1845.0,1975.0,584651,0.0,0.0
2020-10-06 00:00:00+09:00,1975.0,1995.0,1895.0,1895.0,983929,0.0,0.0
2020-10-07 00:00:00+09:00,1895.0,2035.0,1870.0,1990.0,1205715,0.0,0.0
2020-10-08 00:00:00+09:00,2005.0,2025.0,1970.0,1995.0,753764,0.0,0.0
2020-10-12 00:00:00+09:00,2000.0,2045.0,1970.0,2020.0,754532,0.0,0.0
2020-10-13 00:00:00+09:00,2040.0,2040.0,1950.0,1975.0,560858,0.0,0.0
2020-10-14 00:00:00+09:00,1965.0,2020.0,1915.0,1940.0,585022,0.0,0.0
2020-10-15 00:00:00+09:00,1940.0,1940.0,1820.0,1890.0,852054,0.0,0.0
2020-10-16 00:00:00+09:00,1890.0,1900.0,1825.0,1865.0,416700,0.0,0.0
2020-10-19 00:00:00+09:00,1845.0,1885.0,1830.0,1830.0,355463,0.0,0.0
2020-10-20 00:00:00+09:00,1815.0,1850.0,1740.0,1815.0,556343,0.0,0.0
2020-10-21 00:00:00+09:00,1825.0,1835.0,1800.0,1835.0,233438,0.0,0.0
2020-10-22 00:00:00+09:00,1835.0,1835.0,1770.0,1780.0,330756,0.0,0.0
2020-10-23 00:00:00+09:00,1780.0,1800.0,1755.0,1770.0,286643,0.0,0.0
2020-10-26 00:00:00+09:00,1745.0,1780.0,1680.0,1705.0,482179,0.0,0.0
2020-10-27 00:00:00+09:00,1670.0,1745.0,1650.0,1710.0,310943,0.0,0.0
2020-10-28 00:00:00+09:00,1725.0,1740.0,1680.0,1740.0,212339,0.0,0.0
2020-10-29 00:00:00+09:00,1685.0,1715.0,1665.0,1710.0,269086,0.0,0.0
2020-10-30 00:00:00+09:00,1720.0,1720.0,1675.0,1690.0,192602,0.0,0.0
2020-11-02 00:00:00+09:00,1690.0,1705.0,1650.0,1690.0,294633,0.0,0.0
2020-11-03 00:00:00+09:00,1700.0,1750.0,1690.0,1750.0,236098,0.0,0.0
2020-11-04 00:00:00+09:00,1760.0,1780.0,1730.0,1770.0,309676,0.0,0.0
2020-11-05 00:00:00+09:00,1750.0,1800.0,1730.0,1780.0,339207,0.0,0.0
2020-11-06 00:00:00+09:00,1800.0,1820.0,1750.0,1770.0,293477,0.0,0.0
2020-11-09 00:00:00+09:00,1785.0,1805.0,1750.0,1770.0,490665,0.0,0.0
2020-11-10 00:00:00+09:00,1775.0,1875.0,1750.0,1865.0,779532,0.0,0.0
2020-11-11 00:00:00+09:00,1860.0,1885.0,1815.0,1845.0,431942,0.0,0.0
2020-11-12 00:00:00+09:00,1845.0,1945.0,1840.0,1945.0,922071,0.0,0.0
2020-11-13 00:00:00+09:00,1940.0,1940.0,1860.0,1865.0,616061,0.0,0.0
2020-11-16 00:00:00+09:00,1865.0,1935.0,1840.0,1895.0,676512,0.0,0.0
2020-11-17 00:00:00+09:00,1900.0,1910.0,1840.0,1845.0,301637,0.0,0.0
2020-11-18 00:00:00+09:00,1840.0,1900.0,1840.0,1895.0,285970,0.0,0.0
2020-11-19 00:00:00+09:00,1895.0,1895.0,1860.0,1865.0,230792,0.0,0.0
2020-11-20 00:00:00+09:00,1875.0,1950.0,1860.0,1930.0,701241,0.0,0.0
2020-11-23 00:00:00+09:00,1910.0,1935.0,1880.0,1895.0,578965,0.0,0.0
2020-11-24 00:00:00+09:00,1890.0,2005.0,1845.0,1960.0,1271751,0.0,0.0
2020-11-25 00:00:00+09:00,1960.0,1975.0,1890.0,1920.0,574829,0.0,0.0
2020-11-26 00:00:00+09:00,1905.0,1975.0,1890.0,1940.0,506068,0.0,0.0
2020-11-27 00:00:00+09:00,1910.0,1955.0,1900.0,1935.0,421477,0.0,0.0
2020-11-30 00:00:00+09:00,1945.0,1970.0,1920.0,1950.0,394356,0.0,0.0
2020-12-01 00:00:00+09:00,1950.0,1970.0,1920.0,1965.0,363021,0.0,0.0
2020-12-02 00:00:00+09:00,1970.0,1970.0,1925.0,1940.0,422245,0.0,0.0
2020-12-03 00:00:00+09:00,1935.0,1940.0,1875.0,1900.0,558150,0.0,0.0
2020-12-04 00:00:00+09:00,1900.0,1950.0,1890.0,1925.0,535994,0.0,0.0
2020-12-07 00:00:00+09:00,1935.0,1980.0,1915.0,1965.0,826360,0.0,0.0
2020-12-08 00:00:00+09:00,1970.0,1985.0,1880.0,1880.0,802690,0.0,0.0
2020-12-09 00:00:00+09:00,1885.0,1915.0,1850.0,1885.0,594683,0.0,0.0
2020-12-10 00:00:00+09:00,1890.0,2070.0,1885.0,1990.0,4068146,0.0,0.0
2020-12-11 00:00:00+09:00,1990.0,2245.0,1990.0,2245.0,8747915,0.0,0.0
2020-12-14 00:00:00+09:00,2215.0,2365.0,2160.0,2315.0,5553459,0.0,0.0
2020-12-15 00:00:00+09:00,2280.0,2405.0,2225.0,2400.0,3747642,0.0,0.0
2020-12-16 00:00:00+09:00,2380.0,2490.0,2310.0,2330.0,3310224,0.0,0.0
2020-12-17 00:00:00+09:00,2330.0,2345.0,2265.0,2280.0,1540361,0.0,0.0
2020-12-18 00:00:00+09:00,2250.0,2335.0,2180.0,2330.0,2149088,0.0,0.0
2020-12-21 00:00:00+09:00,2300.0,2360.0,2215.0,2235.0,1275558,0.0,0.0
2020-12-22 00:00:00+09:00,2240.0,2245.0,2080.0,2090.0,1587861,0.0,0.0
2020-12-23 00:00:00+09:00,2095.0,2180.0,2055.0,2130.0,1375564,0.0,0.0
2020-12-24 00:00:00+09:00,2140.0,2235.0,2090.0,2200.0,880781,0.0,0.0
2020-12-28 00:00:00+09:00,2230.0,2230.0,2115.0,2140.0,759047,0.0,0.0
2020-12-29 00:00:00+09:00,2150.0,2230.0,2130.0,2220.0,615864,0.0,0.0
2020-12-30 00:00:00+09:00,2245.0,2370.0,2225.0,2290.0,1730776,0.0,0.0
2021-01-04 00:00:00+09:00,2310.0,2400.0,2300.0,2340.0,1869691,0.0,0.0
2021-01-05 00:00:00+09:00,2305.0,2340.0,2220.0,2300.0,1174603,0.0,0.0
2021-01-06 00:00:00+09:00,2300.0,2300.0,2215.0,2230.0,871482,0.0,0.0
2021-01-07 00:00:00+09:00,2240.0,2305.0,2240.0,2255.0,946929,0.0,0.0
2021-01-08 00:00:00+09:00,2280.0,2300.0,2205.0,2235.0,1344184,0.0,0.0
2021-01-11 00:00:00+09:00,2230.0,2250.0,2035.0,2105.0,1887486,0.0,0.0
2021-01-12 00:00:00+09:00,2105.0,2160.0,2045.0,2080.0,973321,0.0,0.0
2021-01-13 00:00:00+09:00,2110.0,2140.0,2060.0,2120.0,466402,0.0,0.0
2021-01-14 00:00:00+09:00,2125.0,2140.0,2090.0,2105.0,286037,0.0,0.0
2021-01-15 00:00:00+09:00,2105.0,2195.0,2100.0,2175.0,964861,0.0,0.0
2021-01-18 00:00:00+09:00,2110.0,2160.0,2080.0,2100.0,592096,0.0,0.0
2021-01-19 00:00:00+09:00,2105.0,2275.0,2095.0,2265.0,2026140,0.0,0.0
2021-01-20 00:00:00+09:00,2270.0,2390.0,2225.0,2375.0,3385436,0.0,0.0
2021-01-21 00:00:00+09:00,2420.0,2460.0,2320.0,2340.0,2926653,0.0,0.0
2021-01-22 00:00:00+09:00,2330.0,2740.0,2300.0,2640.0,9537561,0.0,0.0
2021-01-25 00:00:00+09:00,2670.0,2685.0,2550.0,2605.0,3322382,0.0,0.0
2021-01-26 00:00:00+09:00,2580.0,2685.0,2490.0,2625.0,1997035,0.0,0.0
2021-01-27 00:00:00+09:00,2600.0,2625.0,2450.0,2485.0,1466885,0.0,0.0
2021-01-28 00:00:00+09:00,2405.0,2625.0,2395.0,2535.0,2614924,0.0,0.0
2021-01-29 00:00:00+09:00,2565.0,2590.0,2315.0,2425.0,1603111,0.0,0.0
2021-02-01 00:00:00+09:00,2410.0,2520.0,2335.0,2490.0,1046792,0.0,0.0
2021-02-02 00:00:00+09:00,2505.0,2615.0,2460.0,2615.0,1956792,0.0,0.0
2021-02-03 00:00:00+09:00,2615.0,2655.0,2540.0,2595.0,1500834,0.0,0.0
2021-02-04 00:00:00+09:00,2600.0,2600.0,2470.0,2510.0,808068,0.0,0.0
2021-02-05 00:00:00+09:00,2540.0,2545.0,2450.0,2530.0,561400,0.0,0.0
2021-02-08 00:00:00+09:00,2525.0,2525.0,2460.0,2460.0,415360,0.0,0.0
2021-02-09 00:00:00+09:00,2465.0,2520.0,2445.0,2465.0,489024,0.0,0.0
2021-02-10 00:00:00+09:00,2480.0,2515.0,2435.0,2480.0,472024,0.0,0.0
2021-02-15 00:00:00+09:00,2540.0,2770.0,2490.0,2740.0,4156033,0.0,0.0
2021-02-16 00:00:00+09:00,2745.0,2770.0,2560.0,2580.0,3152522,0.0,0.0
2021-02-17 00:00:00+09:00,2600.0,2610.0,2510.0,2565.0,935185,0.0,0.0
2021-02-18 00:00:00+09:00,2550.0,2655.0,2520.0,2555.0,1277288,0.0,0.0
2021-02-19 00:00:00+09:00,2555.0,2580.0,2445.0,2565.0,888847,0.0,0.0
2021-02-22 00:00:00+09:00,2565.0,2630.0,2555.0,2570.0,787779,0.0,0.0
2021-02-23 00:00:00+09:00,2560.0,2560.0,2455.0,2465.0,834474,0.0,0.0
2021-02-24 00:00:00+09:00,2455.0,2505.0,2285.0,2290.0,1022653,0.0,0.0
2021-02-25 00:00:00+09:00,2360.0,2380.0,2305.0,2320.0,675581,0.0,0.0
2021-02-26 00:00:00+09:00,2245.0,2250.0,2155.0,2220.0,1017217,0.0,0.0
2021-03-02 00:00:00+09:00,2255.0,2280.0,2130.0,2195.0,775497,0.0,0.0
2021-03-03 00:00:00+09:00,2190.0,2240.0,2155.0,2210.0,457544,0.0,0.0
2021-03-04 00:00:00+09:00,2200.0,2200.0,2150.0,2160.0,409787,0.0,0.0
2021-03-05 00:00:00+09:00,2125.0,2275.0,2125.0,2220.0,629737,0.0,0.0
2021-03-08 00:00:00+09:00,2240.0,2260.0,2150.0,2170.0,385735,0.0,0.0
2021-03-09 00:00:00+09:00,2155.0,2175.0,2055.0,2100.0,577192,0.0,0.0
2021-03-10 00:00:00+09:00,2135.0,2135.0,2040.0,2060.0,375340,0.0,0.0
2021-03-11 00:00:00+09:00,2060.0,2120.0,2060.0,2100.0,264646,0.0,0.0
2021-03-12 00:00:00+09:00,2140.0,2210.0,2115.0,2190.0,402500,0.0,0.0
2021-03-15 00:00:00+09:00,2190.0,2290.0,2155.0,2260.0,516364,0.0,0.0
2021-03-16 00:00:00+09:00,2260.0,2295.0,2225.0,2285.0,437639,0.0,0.0
2021-03-17 00:00:00+09:00,2265.0,2290.0,2215.0,2230.0,384453,0.0,0.0
2021-03-18 00:00:00+09:00,2255.0,2295.0,2240.0,2295.0,332875,0.0,0.0
2021-03-19 00:00:00+09:00,2215.0,2315.0,2215.0,2275.0,368706,0.0,0.0
2021-03-22 00:00:00+09:00,2280.0,2290.0,2235.0,2250.0,285220,0.0,0.0
2021-03-23 00:00:00+09:00,2250.0,2285.0,2190.0,2195.0,428326,0.0,0.0
2021-03-24 00:00:00+09:00,2195.0,2300.0,2175.0,2290.0,494829,0.0,0.0
2021-03-25 00:00:00+09:00,2290.0,2290.0,2235.0,2265.0,318476,0.0,0.0
2021-03-26 00:00:00+09:00,2265.0,2280.0,2235.0,2255.0,226932,0.0,0.0
2021-03-29 00:00:00+09:00,2265.0,2315.0,2250.0,2300.0,343141,0.0,0.0
2021-03-30 00:00:00+09:00,2315.0,2315.0,2265.0,2280.0,242121,0.0,0.0
2021-03-31 00:00:00+09:00,2280.0,2285.0,2235.0,2245.0,245737,0.0,0.0
2021-04-01 00:00:00+09:00,2250.0,2280.0,2235.0,2275.0,259934,0.0,0.0
2021-04-02 00:00:00+09:00,2295.0,2365.0,2270.0,2350.0,607373,0.0,0.0
2021-04-05 00:00:00+09:00,2365.0,2425.0,2330.0,2400.0,656609,0.0,0.0
2021-04-06 00:00:00+09:00,2420.0,2420.0,2345.0,2360.0,402608,0.0,0.0
2021-04-07 00:00:00+09:00,2360.0,2395.0,2335.0,2370.0,319135,0.0,0.0
2021-04-08 00:00:00+09:00,2380.0,2400.0,2355.0,2370.0,273655,0.0,0.0
2021-04-09 00:00:00+09:00,2355.0,2430.0,2355.0,2415.0,449766,0.0,0.0
2021-04-12 00:00:00+09:00,2420.0,2435.0,2380.0,2395.0,338006,0.0,0.0
2021-04-13 00:00:00+09:00,2390.0,2435.0,2365.0,2400.0,383508,0.0,0.0
2021-04-14 00:00:00+09:00,2405.0,2415.0,2355.0,2390.0,357850,0.0,0.0
2021-04-15 00:00:00+09:00,2390.0,2395.0,2350.0,2350.0,259640,0.0,0.0
2021-04-16 00:00:00+09:00,2350.0,2385.0,2310.0,2335.0,394895,0.0,0.0
2021-04-19 00:00:00+09:00,2325.0,2390.0,2305.0,2375.0,459092,0.0,0.0
2021-04-20 00:00:00+09:00,2375.0,2395.0,2350.0,2390.0,433397,0.0,0.0
2021-04-21 00:00:00+09:00,2390.0,2395.0,2310.0,2320.0,420090,0.0,0.0
2021-04-22 00:00:00+09:00,2340.0,2350.0,2300.0,2315.0,267213,0.0,0.0
2021-04-23 00:00:00+09:00,2315.0,2315.0,2260.0,2270.0,462490,0.0,0.0
2021-04-26 00:00:00+09:00,2290.0,2395.0,2280.0,2375.0,873108,0.0,0.0
2021-04-27 00:00:00+09:00,2410.0,2410.0,2355.0,2390.0,452872,0.0,0.0
2021-04-28 00:00:00+09:00,2390.0,2420.0,2310.0,2315.0,656300,0.0,0.0
2021-04-29 00:00:00+09:00,2320.0,2340.0,2240.0,2305.0,494354,0.0,0.0
2021-04-30 00:00:00+09:00,2305.0,2385.0,2275.0,2340.0,480671,0.0,0.0
2021-05-03 00:00:00+09:00,2315.0,2410.0,2310.0,2375.0,729603,0.0,0.0
2021-05-04 00:00:00+09:00,2400.0,2400.0,2305.0,2355.0,452474,0.0,0.0
2021-05-06 00:00:00+09:00,2365.0,2460.0,2345.0,2435.0,1122773,0.0,0.0
2021-05-07 00:00:00+09:00,2460.0,2460.0,2390.0,2400.0,480294,0.0,0.0
2021-05-10 00:00:00+09:00,2420.0,2425.0,2360.0,2425.0,592272,0.0,0.0
2021-05-11 00:00:00+09:00,2410.0,2430.0,2385.0,2400.0,447745,0.0,0.0
2021-05-12 00:00:00+09:00,2395.0,2420.0,2325.0,2365.0,547954,0.0,0.0
2021-05-13 00:00:00+09:00,2295.0,2345.0,2270.0,2295.0,681844,0.0,0.0
2021-05-14 00:00:00+09:00,2290.0,2360.0,2290.0,2360.0,524180,0.0,0.0
2021-05-17 00:00:00+09:00,2360.0,2375.0,2270.0,2270.0,498058,0.0,0.0
2021-05-18 00:00:00+09:00,2270.0,2305.0,2125.0,2230.0,839843,0.0,0.0
2021-05-20 00:00:00+09:00,2220.0,2240.0,2135.0,2185.0,509142,0.0,0.0
2021-05-21 00:00:00+09:00,2195.0,2200.0,2115.0,2120.0,542288,0.0,0.0
2021-05-24 00:00:00+09:00,2125.0,2145.0,2085.0,2110.0,309671,0.0,0.0
2021-05-25 00:00:00+09:00,2115.0,2185.0,2115.0,2180.0,211096,0.0,0.0
2021-05-26 00:00:00+09:00,2200.0,2205.0,2145.0,2185.0,199071,0.0,0.0
2021-05-27 00:00:00+09:00,2185.0,2205.0,2150.0,2185.0,189915,0.0,0.0
2021-05-28 00:00:00+09:00,2200.0,2250.0,2190.0,2220.0,221963,0.0,0.0
2021-05-31 00:00:00+09:00,2225.0,2285.0,2190.0,2270.0,364390,0.0,0.0
2021-06-01 00:00:00+09:00,2260.0,2290.0,2235.0,2270.0,318103,0.0,0.0
2021-06-02 00:00:00+09:00,2270.0,2290.0,2255.0,2270.0,236976,0.0,0.0
2021-06-03 00:00:00+09:00,2280.0,2355.0,2260.0,2320.0,622003,0.0,0.0
2021-06-04 00:00:00+09:00,2320.0,2360.0,2300.0,2345.0,440929,0.0,0.0
2021-06-07 00:00:00+09:00,2350.0,2380.0,2310.0,2370.0,450353,0.0,0.0
2021-06-08 00:00:00+09:00,2355.0,2385.0,2330.0,2355.0,357373,0.0,0.0
2021-06-09 00:00:00+09:00,2355.0,2400.0,2335.0,2345.0,394730,0.0,0.0
2021-06-10 00:00:00+09:00,2345.0,2425.0,2340.0,2380.0,750205,0.0,0.0
2021-06-11 00:00:00+09:00,2415.0,2415.0,2365.0,2370.0,367338,0.0,0.0
2021-06-14 00:00:00+09:00,2370.0,2390.0,2320.0,2370.0,343722,0.0,0.0
2021-06-15 00:00:00+09:00,2370.0,2385.0,2345.0,2370.0,232960,0.0,0.0
2021-06-16 00:00:00+09:00,2380.0,2430.0,2360.0,2390.0,609368,0.0,0.0
2021-06-17 00:00:00+09:00,2390.0,2445.0,2370.0,2440.0,522572,0.0,0.0
2021-06-18 00:00:00+09:00,2445.0,2470.0,2415.0,2425.0,515633,0.0,0.0
2021-06-21 00:00:00+09:00,2390.0,2445.0,2375.0,2400.0,431824,0.0,0.0
2021-06-22 00:00:00+09:00,2410.0,2445.0,2395.0,2420.0,311317,0.0,0.0
2021-06-23 00:00:00+09:00,2420.0,2470.0,2365.0,2470.0,670574,0.0,0.0
2021-06-24 00:00:00+09:00,2470.0,2475.0,2345.0,2370.0,697773,0.0,0.0
2021-06-25 00:00:00+09:00,2380.0,2460.0,2360.0,2420.0,638140,0.0,0.0
2021-06-28 00:00:00+09:00,2445.0,2490.0,2415.0,2440.0,586007,0.0,0.0
2021-06-29 00:00:00+09:00,2445.0,2475.0,2425.0,2445.0,339218,0.0,0.0
2021-06-30 00:00:00+09:00,2470.0,2475.0,2430.0,2460.0,425082,0.0,0.0
2021-07-01 00:00:00+09:00,2460.0,2530.0,2445.0,2515.0,933190,0.0,0.0
2021-07-02 00:00:00+09:00,2515.0,2535.0,2480.0,2530.0,519282,0.0,0.0
2021-07-05 00:00:00+09:00,2530.0,2580.0,2500.0,2515.0,666494,0.0,0.0
2021-07-06 00:00:00+09:00,2505.0,2505.0,2470.0,2475.0,367654,0.0,0.0
2021-07-07 00:00:00+09:00,2455.0,2495.0,2430.0,2460.0,367532,0.0,0.0
2021-07-08 00:00:00+09:00,2460.0,2465.0,2360.0,2405.0,621157,0.0,0.0
2021-07-09 00:00:00+09:00,2390.0,2390.0,2280.0,2350.0,845563,0.0,0.0
2021-07-12 00:00:00+09:00,2350.0,2380.0,2335.0,2360.0,262046,0.0,0.0
2021-07-13 00:00:00+09:00,2360.0,2405.0,2360.0,2390.0,256883,0.0,0.0
2021-07-14 00:00:00+09:00,2390.0,2390.0,2350.0,2365.0,255610,0.0,0.0
2021-07-15 00:00:00+09:00,2385.0,2410.0,2355.0,2390.0,236081,0.0,0.0
2021-07-16 00:00:00+09:00,2390.0,2460.0,2360.0,2435.0,471887,0.0,0.0
2021-07-19 00:00:00+09:00,2435.0,2435.0,2365.0,2380.0,322885,0.0,0.0
2021-07-20 00:00:00+09:00,2330.0,2350.0,2310.0,2330.0,490067,0.0,0.0
2021-07-21 00:00:00+09:00,2340.0,2370.0,2295.0,2295.0,352390,0.0,0.0
2021-07-22 00:00:00+09:00,2300.0,2325.0,2285.0,2285.0,278702,0.0,0.0
2021-07-23 00:00:00+09:00,2290.0,2360.0,2270.0,2330.0,266326,0.0,0.0
2021-07-26 00:00:00+09:00,2340.0,2345.0,2235.0,2235.0,374894,0.0,0.0
2021-07-27 00:00:00+09:00,2255.0,2285.0,2245.0,2255.0,190273,0.0,0.0
2021-07-28 00:00:00+09:00,2255.0,2265.0,2200.0,2220.0,271399,0.0,0.0
2021-07-29 00:00:00+09:00,2220.0,2245.0,2205.0,2230.0,142589,0.0,0.0
2021-07-30 00:00:00+09:00,2230.0,2240.0,2185.0,2195.0,177197,0.0,0.0
2021-08-02 00:00:00+09:00,2180.0,2225.0,2180.0,2215.0,137254,0.0,0.0
2021-08-03 00:00:00+09:00,2215.0,2230.0,2150.0,2185.0,332988,0.0,0.0
2021-08-04 00:00:00+09:00,2175.0,2230.0,2170.0,2230.0,184221,0.0,0.0
2021-08-05 00:00:00+09:00,2240.0,2245.0,2215.0,2235.0,153336,0.0,0.0
2021-08-06 00:00:00+09:00,2245.0,2270.0,2225.0,2245.0,191753,0.0,0.0
2021-08-09 00:00:00+09:00,2260.0,2260.0,2180.0,2255.0,217883,0.0,0.0
2021-08-10 00:00:00+09:00,2255.0,2255.0,2185.0,2210.0,213658,0.0,0.0
2021-08-11 00:00:00+09:00,2200.0,2220.0,2185.0,2185.0,141474,0.0,0.0
2021-08-12 00:00:00+09:00,2185.0,2320.0,2170.0,2280.0,586747,0.0,0.0
2021-08-13 00:00:00+09:00,2280.0,2280.0,2185.0,2210.0,360661,0.0,0.0
2021-08-17 00:00:00+09:00,2210.0,2260.0,2095.0,2115.0,546655,0.0,0.0
2021-08-18 00:00:00+09:00,2120.0,2185.0,2105.0,2165.0,210509,0.0,0.0
2021-08-19 00:00:00+09:00,2215.0,2325.0,2180.0,2305.0,1211347,0.0,0.0
2021-08-20 00:00:00+09:00,2290.0,2290.0,2150.0,2175.0,616019,0.0,0.0
2021-08-23 00:00:00+09:00,2190.0,2260.0,2190.0,2240.0,312540,0.0,0.0
2021-08-24 00:00:00+09:00,2250.0,2290.0,2240.0,2260.0,291435,0.0,0.0
2021-08-25 00:00:00+09:00,2260.0,2315.0,2245.0,2315.0,301019,0.0,0.0
2021-08-26 00:00:00+09:00,2340.0,2345.0,2255.0,2300.0,301458,0.0,0.0
2021-08-27 00:00:00+09:00,2295.0,2295.0,2235.0,2280.0,159500,0.0,0.0
2021-08-30 00:00:00+09:00,2280.0,2365.0,2280.0,2345.0,528624,0.0,0.0
2021-08-31 00:00:00+09:00,2355.0,2395.0,2315.0,2365.0,748012,0.0,0.0
2021-09-01 00:00:00+09:00,2400.0,2425.0,2370.0,2395.0,672217,0.0,0.0
2021-09-02 00:00:00+09:00,2400.0,2410.0,2355.0,2370.0,341287,0.0,0.0
2021-09-03 00:00:00+09:00,2365.0,2390.0,2350.0,2375.0,261428,0.0,0.0
2021-09-06 00:00:00+09:00,2375.0,2420.0,2355.0,2395.0,611003,0.0,0.0
2021-09-07 00:00:00+09:00,2405.0,2415.0,2355.0,2400.0,311409,0.0,0.0
2021-09-08 00:00:00+09:00,2400.0,2410.0,2310.0,2340.0,335152,0.0,0.0
2021-09-09 00:00:00+09:00,2320.0,2355.0,2300.0,2315.0,218449,0.0,0.0
2021-09-10 00:00:00+09:00,2290.0,2345.0,2290.0,2340.0,249481,0.0,0.0
2021-09-13 00:00:00+09:00,2345.0,2415.0,2295.0,2320.0,529519,0.0,0.0
2021-09-14 00:00:00+09:00,2315.0,2340.0,2270.0,2330.0,279935,0.0,0.0
2021-09-15 00:00:00+09:00,2335.0,2390.0,2330.0,2360.0,472554,0.0,0.0
2021-09-16 00:00:00+09:00,2370.0,2390.0,2325.0,2345.0,226794,0.0,0.0
2021-09-17 00:00:00+09:00,2340.0,2345.0,2295.0,2310.0,242949,0.0,0.0
2021-09-23 00:00:00+09:00,2280.0,2310.0,2210.0,2210.0,435764,0.0,0.0
2021-09-24 00:00:00+09:00,2215.0,2280.0,2180.0,2205.0,386807,0.0,0.0
2021-09-27 00:00:00+09:00,2205.0,2240.0,2185.0,2235.0,247248,0.0,0.0
2021-09-28 00:00:00+09:00,2235.0,2250.0,2165.0,2195.0,351833,0.0,0.0
2021-09-29 00:00:00+09:00,2145.0,2180.0,2090.0,2165.0,430993,0.0,0.0
2021-09-30 00:00:00+09:00,2135.0,2185.0,2135.0,2175.0,232998,0.0,0.0
2021-10-01 00:00:00+09:00,2150.0,2175.0,2110.0,2120.0,297984,0.0,0.0
2021-10-05 00:00:00+09:00,2085.0,2110.0,2040.0,2085.0,431115,0.0,0.0
2021-10-06 00:00:00+09:00,2085.0,2120.0,1995.0,2000.0,328667,0.0,0.0
2021-10-07 00:00:00+09:00,2020.0,2090.0,2005.0,2085.0,224223,0.0,0.0
2021-10-08 00:00:00+09:00,2105.0,2120.0,2060.0,2080.0,161879,0.0,0.0
2021-10-12 00:00:00+09:00,2080.0,2110.0,2050.0,2070.0,140063,0.0,0.0
2021-10-13 00:00:00+09:00,2060.0,2105.0,2060.0,2085.0,107885,0.0,0.0
2021-10-14 00:00:00+09:00,2110.0,2165.0,2095.0,2130.0,118798,0.0,0.0
2021-10-15 00:00:00+09:00,2150.0,2165.0,2115.0,2135.0,129565,0.0,0.0
2021-10-18 00:00:00+09:00,2155.0,2175.0,2125.0,2150.0,194102,0.0,0.0
2021-10-19 00:00:00+09:00,2150.0,2175.0,2135.0,2155.0,113572,0.0,0.0
2021-10-20 00:00:00+09:00,2190.0,2190.0,2140.0,2165.0,140670,0.0,0.0
2021-10-21 00:00:00+09:00,2165.0,2185.0,2125.0,2125.0,157498,0.0,0.0
2021-10-22 00:00:00+09:00,2120.0,2145.0,2105.0,2125.0,102495,0.0,0.0
2021-10-25 00:00:00+09:00,2130.0,2160.0,2115.0,2130.0,109975,0.0,0.0
2021-10-26 00:00:00+09:00,2135.0,2175.0,2130.0,2160.0,175175,0.0,0.0
2021-10-27 00:00:00+09:00,2160.0,2180.0,2120.0,2145.0,155265,0.0,0.0
2021-10-28 00:00:00+09:00,2150.0,2210.0,2140.0,2175.0,398141,0.0,0.0
2021-10-29 00:00:00+09:00,2175.0,2220.0,2150.0,2155.0,134965,0.0,0.0
2021-11-01 00:00:00+09:00,2160.0,2175.0,2130.0,2130.0,128822,0.0,0.0
2021-11-02 00:00:00+09:00,2135.0,2160.0,2125.0,2160.0,137870,0.0,0.0
2021-11-03 00:00:00+09:00,2170.0,2210.0,2135.0,2160.0,203721,0.0,0.0
2021-11-04 00:00:00+09:00,2165.0,2195.0,2115.0,2135.0,179542,0.0,0.0
2021-11-05 00:00:00+09:00,2140.0,2155.0,2070.0,2110.0,187194,0.0,0.0
2021-11-08 00:00:00+09:00,2110.0,2145.0,2075.0,2130.0,163468,0.0,0.0
2021-11-09 00:00:00+09:00,2130.0,2160.0,2105.0,2110.0,106767,0.0,0.0
2021-11-10 00:00:00+09:00,2110.0,2115.0,2035.0,2050.0,226489,0.0,0.0
2021-11-11 00:00:00+09:00,2030.0,2050.0,2000.0,2010.0,168941,0.0,0.0
2021-11-12 00:00:00+09:00,2015.0,2075.0,2015.0,2045.0,103379,0.0,0.0
2021-11-15 00:00:00+09:00,2070.0,2075.0,2035.0,2035.0,187815,0.0,0.0
2021-11-16 00:00:00+09:00,2055.0,2085.0,2000.0,2015.0,440388,0.0,0.0
2021-11-17 00:00:00+09:00,2010.0,2020.0,1930.0,1935.0,570399,0.0,0.0
2021-11-18 00:00:00+09:00,1930.0,1945.0,1870.0,1910.0,329567,0.0,0.0
2021-11-19 00:00:00+09:00,1910.0,1980.0,1910.0,1975.0,223328,0.0,0.0
2021-11-22 00:00:00+09:00,1970.0,1990.0,1950.0,1985.0,217172,0.0,0.0
2021-11-23 00:00:00+09:00,1975.0,2000.0,1950.0,2000.0,175022,0.0,0.0
2021-11-24 00:00:00+09:00,1985.0,2115.0,1985.0,2075.0,634642,0.0,0.0
2021-11-25 00:00:00+09:00,2090.0,2095.0,2015.0,2015.0,211425,0.0,0.0
2021-11-26 00:00:00+09:00,2015.0,2020.0,1910.0,1935.0,354607,0.0,0.0
2021-11-29 00:00:00+09:00,1855.0,1930.0,1840.0,1865.0,363701,0.0,0.0
2021-11-30 00:00:00+09:00,1865.0,1895.0,1755.0,1760.0,398546,0.0,0.0
2021-12-01 00:00:00+09:00,1735.0,1845.0,1710.0,1800.0,195315,0.0,0.0
2021-12-02 00:00:00+09:00,1750.0,1830.0,1750.0,1815.0,130510,0.0,0.0
2021-12-03 00:00:00+09:00,1825.0,1850.0,1810.0,1840.0,134206,0.0,0.0
2021-12-06 00:00:00+09:00,1835.0,1900.0,1800.0,1885.0,178034,0.0,0.0
2021-12-07 00:00:00+09:00,1895.0,1930.0,1880.0,1900.0,177761,0.0,0.0
2021-12-08 00:00:00+09:00,1915.0,1935.0,1880.0,1880.0,147193,0.0,0.0
2021-12-09 00:00:00+09:00,1885.0,1925.0,1880.0,1910.0,112424,0.0,0.0
2021-12-10 00:00:00+09:00,1910.0,1950.0,1900.0,1920.0,163860,0.0,0.0
2021-12-13 00:00:00+09:00,1920.0,1935.0,1900.0,1920.0,102166,0.0,0.0
2021-12-14 00:00:00+09:00,1920.0,1940.0,1900.0,1930.0,97014,0.0,0.0
2021-12-15 00:00:00+09:00,1910.0,1935.0,1910.0,1915.0,72125,0.0,0.0
2021-12-16 00:00:00+09:00,1920.0,1935.0,1905.0,1915.0,86876,0.0,0.0
2021-12-17 00:00:00+09:00,1925.0,1955.0,1890.0,1895.0,68552,0.0,0.0
2021-12-20 00:00:00+09:00,1890.0,1915.0,1830.0,1850.0,166299,0.0,0.0
2021-12-21 00:00:00+09:00,1850.0,1865.0,1805.0,1815.0,110778,0.0,0.0
2021-12-22 00:00:00+09:00,1815.0,1835.0,1805.0,1815.0,103189,0.0,0.0
2021-12-23 00:00:00+09:00,1840.0,1845.0,1815.0,1825.0,58899,0.0,0.0
2021-12-24 00:00:00+09:00,1825.0,1855.0,1800.0,1855.0,96186,0.0,0.0
2021-12-27 00:00:00+09:00,1860.0,1860.0,1835.0,1850.0,73940,0.0,0.0
2021-12-28 00:00:00+09:00,1855.0,1935.0,1830.0,1895.0,242726,0.0,0.0
2021-12-29 00:00:00+09:00,1880.0,1920.0,1855.0,1860.0,307019,0.0,0.0
2021-12-30 00:00:00+09:00,1860.0,1890.0,1830.0,1855.0,170929,0.0,0.0
2022-01-04 00:00:00+09:00,1905.0,1930.0,1890.0,1915.0,155325,0.0,0.0
2022-01-05 00:00:00+09:00,1915.0,1925.0,1890.0,1895.0,137301,0.0,0.0
2022-01-06 00:00:00+09:00,1870.0,1920.0,1845.0,1870.0,190224,0.0,0.0
2022-01-07 00:00:00+09:00,1870.0,1895.0,1860.0,1885.0,99994,0.0,0.0
2022-01-10 00:00:00+09:00,1890.0,1900.0,1830.0,1865.0,215628,0.0,0.0
2022-01-11 00:00:00+09:00,1850.0,1855.0,1820.0,1830.0,113405,0.0,0.0
2022-01-12 00:00:00+09:00,1835.0,1875.0,1830.0,1870.0,80667,0.0,0.0
2022-01-13 00:00:00+09:00,1885.0,1890.0,1850.0,1875.0,70354,0.0,0.0
2022-01-14 00:00:00+09:00,1875.0,1875.0,1815.0,1835.0,114708,0.0,0.0
2022-01-17 00:00:00+09:00,1825.0,1835.0,1760.0,1780.0,243891,0.0,0.0
2022-01-18 00:00:00+09:00,1780.0,1805.0,1750.0,1780.0,153089,0.0,0.0
2022-01-19 00:00:00+09:00,1760.0,1785.0,1735.0,1755.0,80741,0.0,0.0
2022-01-20 00:00:00+09:00,1775.0,1805.0,1750.0,1800.0,61430,0.0,0.0
2022-01-21 00:00:00+09:00,1790.0,1820.0,1765.0,1800.0,79065,0.0,0.0
2022-01-24 00:00:00+09:00,1790.0,1790.0,1725.0,1765.0,114736,0.0,0.0
2022-01-25 00:00:00+09:00,1755.0,1765.0,1650.0,1670.0,320011,0.0,0.0
2022-01-26 00:00:00+09:00,1670.0,1670.0,1670.0,1670.0,0,0.0,0.0
2022-01-27 00:00:00+09:00,1710.0,1720.0,1620.0,1625.0,124613,0.0,0.0
2022-01-28 00:00:00+09:00,1625.0,1680.0,1595.0,1675.0,111736,0.0,0.0
2022-02-03 00:00:00+09:00,1725.0,1740.0,1690.0,1720.0,120035,0.0,0.0
2022-02-04 00:00:00+09:00,1705.0,1760.0,1705.0,1755.0,74849,0.0,0.0
2022-02-07 00:00:00+09:00,1760.0,1765.0,1725.0,1760.0,80405,0.0,0.0
2022-02-08 00:00:00+09:00,1760.0,1760.0,1760.0,1760.0,0,0.0,0.0
2022-02-09 00:00:00+09:00,1760.0,1760.0,1760.0,1760.0,0,0.0,0.0
2022-02-10 00:00:00+09:00,1810.0,1810.0,1770.0,1770.0,66726,0.0,0.0
2022-02-11 00:00:00+09:00,1750.0,1775.0,1745.0,1765.0,31994,0.0,0.0
2022-02-14 00:00:00+09:00,1730.0,1745.0,1705.0,1715.0,62221,0.0,0.0
2022-02-15 00:00:00+09:00,1700.0,1725.0,1675.0,1690.0,59751,0.0,0.0
2022-02-16 00:00:00+09:00,1700.0,1765.0,1700.0,1760.0,64470,0.0,0.0
2022-02-17 00:00:00+09:00,1780.0,1780.0,1720.0,1770.0,106306,0.0,0.0
2022-02-18 00:00:00+09:00,1730.0,1880.0,1730.0,1870.0,438836,0.0,0.0
2022-02-21 00:00:00+09:00,1830.0,1885.0,1830.0,1870.0,169093,0.0,0.0
2022-02-22 00:00:00+09:00,1870.0,1870.0,1870.0,1870.0,0,0.0,0.0
2022-02-23 00:00:00+09:00,1870.0,1870.0,1870.0,1870.0,0,0.0,0.0
2022-02-24 00:00:00+09:00,1835.0,1835.0,1745.0,1760.0,168561,0.0,0.0
2022-02-25 00:00:00+09:00,1770.0,1815.0,1770.0,1790.0,100958,0.0,0.0
2022-02-28 00:00:00+09:00,1790.0,1790.0,1790.0,1790.0,0,0.0,0.0
2022-03-02 00:00:00+09:00,1800.0,1840.0,1795.0,1820.0,79753,0.0,0.0
2022-03-03 00:00:00+09:00,1820.0,1850.0,1820.0,1845.0,87636,0.0,0.0
2022-03-04 00:00:00+09:00,1845.0,1845.0,1845.0,1845.0,0,0.0,0.0
2022-03-07 00:00:00+09:00,1850.0,1870.0,1815.0,1820.0,121444,0.0,0.0
2022-03-08 00:00:00+09:00,1800.0,1805.0,1750.0,1775.0,120752,0.0,0.0
2022-03-10 00:00:00+09:00,1775.0,1775.0,1775.0,1775.0,0,0.0,0.0
2022-03-11 00:00:00+09:00,1820.0,1850.0,1800.0,1830.0,86723,0.0,0.0
2022-03-14 00:00:00+09:00,1830.0,1830.0,1765.0,1810.0,88193,0.0,0.0
2022-03-15 00:00:00+09:00,1795.0,1830.0,1795.0,1830.0,56460,0.0,0.0
2022-03-16 00:00:00+09:00,1840.0,1865.0,1820.0,1840.0,98720,0.0,0.0
2022-03-17 00:00:00+09:00,1855.0,1870.0,1850.0,1860.0,98082,0.0,0.0
2022-03-18 00:00:00+09:00,1900.0,1900.0,1840.0,1865.0,123059,0.0,0.0
2022-03-21 00:00:00+09:00,1865.0,1865.0,1865.0,1865.0,0,0.0,0.0
2022-03-22 00:00:00+09:00,1860.0,1870.0,1825.0,1850.0,103585,0.0,0.0
2022-03-23 00:00:00+09:00,1860.0,1880.0,1845.0,1845.0,83206,0.0,0.0
2022-03-24 00:00:00+09:00,1860.0,1920.0,1840.0,1920.0,275384,0.0,0.0
2022-03-25 00:00:00+09:00,1940.0,1940.0,1900.0,1930.0,116971,0.0,0.0
2022-03-28 00:00:00+09:00,1930.0,1940.0,1900.0,1935.0,90851,0.0,0.0
2022-03-29 00:00:00+09:00,1925.0,1945.0,1915.0,1940.0,166399,0.0,0.0
2022-03-30 00:00:00+09:00,1945.0,1980.0,1935.0,1970.0,195251,0.0,0.0
2022-03-31 00:00:00+09:00,1980.0,2120.0,1975.0,2095.0,1480933,0.0,0.0
2022-04-01 00:00:00+09:00,2100.0,2105.0,2040.0,2090.0,247708,0.0,0.0
2022-04-04 00:00:00+09:00,2080.0,2135.0,2060.0,2120.0,326160,0.0,0.0
2022-04-05 00:00:00+09:00,2120.0,2140.0,2100.0,2135.0,151841,0.0,0.0
2022-04-06 00:00:00+09:00,2085.0,2120.0,2085.0,2090.0,209993,0.0,0.0
2022-04-07 00:00:00+09:00,2075.0,2075.0,1970.0,1975.0,715226,0.0,0.0
2022-04-08 00:00:00+09:00,1975.0,2025.0,1950.0,1985.0,280541,0.0,0.0
2022-04-11 00:00:00+09:00,2010.0,2020.0,1965.0,1990.0,176046,0.0,0.0
2022-04-12 00:00:00+09:00,1965.0,1985.0,1910.0,1935.0,193602,0.0,0.0
2022-04-13 00:00:00+09:00,1935.0,1995.0,1930.0,1995.0,111903,0.0,0.0
2022-04-14 00:00:00+09:00,1995.0,2025.0,1975.0,1990.0,154059,0.0,0.0
2022-04-15 00:00:00+09:00,1970.0,1980.0,1930.0,1960.0,152546,0.0,0.0
2022-04-18 00:00:00+09:00,1970.0,1970.0,1910.0,1915.0,279133,0.0,0.0
2022-04-19 00:00:00+09:00,1915.0,1995.0,1910.0,1960.0,357852,0.0,0.0
2022-04-20 00:00:00+09:00,1980.0,1985.0,1960.0,1975.0,90117,0.0,0.0
2022-04-21 00:00:00+09:00,1975.0,1990.0,1965.0,1980.0,120290,0.0,0.0
2022-04-22 00:00:00+09:00,1960.0,1970.0,1940.0,1955.0,84575,0.0,0.0
2022-04-25 00:00:00+09:00,1910.0,1925.0,1890.0,1895.0,166310,0.0,0.0
2022-04-26 00:00:00+09:00,1895.0,1940.0,1895.0,1905.0,121918,0.0,0.0
2022-04-27 00:00:00+09:00,1875.0,1900.0,1860.0,1900.0,161517,0.0,0.0
2022-04-28 00:00:00+09:00,1905.0,1935.0,1870.0,1905.0,132906,0.0,0.0
2022-04-29 00:00:00+09:00,1920.0,1925.0,1900.0,1915.0,101956,0.0,0.0
2022-05-02 00:00:00+09:00,1915.0,2060.0,1900.0,2000.0,681033,0.0,0.0
2022-05-03 00:00:00+09:00,2000.0,2010.0,1980.0,1995.0,138322,0.0,0.0
2022-05-04 00:00:00+09:00,2055.0,2090.0,1985.0,1995.0,491631,0.0,0.0
2022-05-06 00:00:00+09:00,1980.0,2015.0,1960.0,1995.0,151649,0.0,0.0
2022-05-10 00:00:00+09:00,2070.0,2110.0,1985.0,2110.0,668874,0.0,0.0
2022-05-11 00:00:00+09:00,2140.0,2140.0,2035.0,2040.0,436681,0.0,0.0
2022-05-12 00:00:00+09:00,2015.0,2025.0,1930.0,1935.0,387208,0.0,0.0
2022-05-13 00:00:00+09:00,1935.0,2010.0,1935.0,2010.0,257474,0.0,0.0
2022-05-16 00:00:00+09:00,2040.0,2080.0,2020.0,2045.0,350860,0.0,0.0
2022-05-17 00:00:00+09:00,2060.0,2080.0,1980.0,1995.0,241284,0.0,0.0
2022-05-18 00:00:00+09:00,2015.0,2025.0,1975.0,2010.0,229127,0.0,0.0
2022-05-19 00:00:00+09:00,1950.0,2005.0,1940.0,2000.0,165083,0.0,0.0
2022-05-20 00:00:00+09:00,1990.0,2005.0,1970.0,2000.0,267873,0.0,0.0
2022-05-23 00:00:00+09:00,2000.0,2010.0,1960.0,1975.0,151692,0.0,0.0
2022-05-24 00:00:00+09:00,1980.0,1995.0,1930.0,1940.0,199500,0.0,0.0
2022-05-25 00:00:00+09:00,1935.0,1950.0,1895.0,1935.0,96389,0.0,0.0
2022-05-26 00:00:00+09:00,1925.0,1955.0,1910.0,1925.0,85832,0.0,0.0
2022-05-27 00:00:00+09:00,1930.0,1940.0,1875.0,1915.0,162454,0.0,0.0
2022-05-30 00:00:00+09:00,1925.0,1945.0,1905.0,1915.0,77331,0.0,0.0
2022-05-31 00:00:00+09:00,1910.0,1945.0,1910.0,1935.0,176099,0.0,0.0
2022-06-02 00:00:00+09:00,1925.0,1930.0,1890.0,1890.0,139016,0.0,0.0
2022-06-03 00:00:00+09:00,1900.0,1925.0,1895.0,1915.0,90078,0.0,0.0
2022-06-07 00:00:00+09:00,1915.0,1930.0,1890.0,1905.0,114870,0.0,0.0
2022-06-08 00:00:00+09:00,1905.0,1935.0,1890.0,1915.0,99622,0.0,0.0
2022-06-09 00:00:00+09:00,1920.0,1935.0,1895.0,1935.0,102490,0.0,0.0
2022-06-10 00:00:00+09:00,1925.0,1930.0,1910.0,1925.0,74769,0.0,0.0
2022-06-13 00:00:00+09:00,1890.0,1890.0,1825.0,1830.0,254314,0.0,0.0
2022-06-14 00:00:00+09:00,1795.0,1825.0,1765.0,1825.0,157297,0.0,0.0
2022-06-15 00:00:00+09:00,1825.0,1825.0,1730.0,1730.0,180487,0.0,0.0
2022-06-16 00:00:00+09:00,1750.0,1790.0,1730.0,1745.0,91677,0.0,0.0
2022-06-17 00:00:00+09:00,1675.0,1740.0,1665.0,1705.0,115766,0.0,0.0
2022-06-20 00:00:00+09:00,1715.0,1780.0,1595.0,1615.0,264407,0.0,0.0
2022-06-21 00:00:00+09:00,1590.0,1650.0,1590.0,1640.0,99913,0.0,0.0
2022-06-22 00:00:00+09:00,1670.0,1690.0,1605.0,1645.0,272558,0.0,0.0
2022-06-23 00:00:00+09:00,1640.0,1685.0,1600.0,1640.0,206959,0.0,0.0
2022-06-24 00:00:00+09:00,1680.0,1695.0,1635.0,1690.0,94697,0.0,0.0
2022-06-27 00:00:00+09:00,1690.0,1765.0,1685.0,1745.0,222147,0.0,0.0
2022-06-28 00:00:00+09:00,1730.0,1765.0,1695.0,1740.0,153843,0.0,0.0
2022-06-29 00:00:00+09:00,1695.0,1730.0,1680.0,1725.0,99446,0.0,0.0
2022-06-30 00:00:00+09:00,1700.0,1705.0,1675.0,1685.0,49369,0.0,0.0
2022-07-01 00:00:00+09:00,1685.0,1700.0,1635.0,1645.0,79638,0.0,0.0
2022-07-04 00:00:00+09:00,1685.0,1685.0,1595.0,1615.0,89907,0.0,0.0
2022-07-05 00:00:00+09:00,1620.0,1665.0,1605.0,1650.0,101143,0.0,0.0
2022-07-06 00:00:00+09:00,1665.0,1670.0,1605.0,1635.0,166704,0.0,0.0
2022-07-07 00:00:00+09:00,1625.0,1665.0,1620.0,1650.0,70363,0.0,0.0
2022-07-08 00:00:00+09:00,1665.0,1680.0,1645.0,1665.0,81611,0.0,0.0
2022-07-11 00:00:00+09:00,1665.0,1680.0,1640.0,1670.0,37796,0.0,0.0
2022-07-12 00:00:00+09:00,1670.0,1670.0,1670.0,1670.0,0,0.0,0.0
2022-07-13 00:00:00+09:00,1610.0,1690.0,1595.0,1615.0,134578,0.0,0.0
2022-07-14 00:00:00+09:00,1620.0,1630.0,1600.0,1625.0,53028,0.0,0.0
2022-07-15 00:00:00+09:00,1620.0,1635.0,1570.0,1600.0,151743,0.0,0.0
2022-07-18 00:00:00+09:00,1620.0,1635.0,1605.0,1620.0,48090,0.0,0.0
2022-07-19 00:00:00+09:00,1630.0,1640.0,1610.0,1635.0,37113,0.0,0.0
2022-07-20 00:00:00+09:00,1635.0,1675.0,1635.0,1650.0,53136,0.0,0.0
2022-07-21 00:00:00+09:00,1655.0,1675.0,1635.0,1665.0,75877,0.0,0.0
2022-07-22 00:00:00+09:00,1650.0,1675.0,1645.0,1665.0,49468,0.0,0.0
2022-07-25 00:00:00+09:00,1665.0,1700.0,1660.0,1685.0,38547,0.0,0.0
2022-07-26 00:00:00+09:00,1700.0,1710.0,1645.0,1650.0,99782,0.0,0.0
2022-07-27 00:00:00+09:00,1650.0,1715.0,1630.0,1695.0,86963,0.0,0.0
2022-07-28 00:00:00+09:00,1695.0,1740.0,1665.0,1710.0,120079,0.0,0.0
2022-07-29 00:00:00+09:00,1695.0,1735.0,1690.0,1710.0,86873,0.0,0.0
2022-08-01 00:00:00+09:00,1710.0,1730.0,1670.0,1725.0,51288,0.0,0.0
2022-08-02 00:00:00+09:00,1730.0,1730.0,1670.0,1700.0,64092,0.0,0.0
2022-08-03 00:00:00+09:00,1700.0,1715.0,1680.0,1710.0,41132,0.0,0.0
2022-08-04 00:00:00+09:00,1715.0,1720.0,1700.0,1710.0,42497,0.0,0.0
2022-08-05 00:00:00+09:00,1720.0,1720.0,1680.0,1695.0,51275,0.0,0.0
2022-08-08 00:00:00+09:00,1715.0,1745.0,1710.0,1720.0,86937,0.0,0.0
2022-08-09 00:00:00+09:00,1720.0,1730.0,1690.0,1720.0,58832,0.0,0.0
2022-08-10 00:00:00+09:00,1720.0,1720.0,1685.0,1700.0,50051,0.0,0.0
2022-08-11 00:00:00+09:00,1700.0,1720.0,1690.0,1695.0,34694,0.0,0.0
2022-08-12 00:00:00+09:00,1700.0,1720.0,1700.0,1715.0,52959,0.0,0.0
2022-08-16 00:00:00+09:00,1730.0,1745.0,1680.0,1680.0,69493,0.0,0.0
2022-08-17 00:00:00+09:00,1695.0,1695.0,1615.0,1625.0,196354,0.0,0.0
2022-08-18 00:00:00+09:00,1605.0,1640.0,1595.0,1640.0,72007,0.0,0.0
2022-08-19 00:00:00+09:00,1625.0,1650.0,1620.0,1635.0,54191,0.0,0.0
2022-08-22 00:00:00+09:00,1620.0,1635.0,1580.0,1615.0,145865,0.0,0.0
2022-08-23 00:00:00+09:00,1580.0,1615.0,1575.0,1615.0,66372,0.0,0.0
2022-08-24 00:00:00+09:00,1590.0,1610.0,1590.0,1610.0,51782,0.0,0.0
2022-08-25 00:00:00+09:00,1620.0,1630.0,1610.0,1620.0,37174,0.0,0.0
2022-08-26 00:00:00+09:00,1630.0,1640.0,1620.0,1630.0,41354,0.0,0.0
2022-08-29 00:00:00+09:00,1600.0,1600.0,1570.0,1575.0,72422,0.0,0.0
2022-08-30 00:00:00+09:00,1565.0,1610.0,1565.0,1605.0,78923,0.0,0.0
2022-08-31 00:00:00+09:00,1615.0,1620.0,1590.0,1620.0,41312,0.0,0.0
2022-09-01 00:00:00+09:00,1610.0,1630.0,1600.0,1620.0,71239,0.0,0.0
2022-09-02 00:00:00+09:00,1605.0,1665.0,1605.0,1625.0,104764,0.0,0.0
2022-09-05 00:00:00+09:00,1625.0,1635.0,1585.0,1615.0,56262,0.0,0.0
2022-09-06 00:00:00+09:00,1595.0,1625.0,1590.0,1615.0,62416,0.0,0.0
2022-09-07 00:00:00+09:00,1635.0,1635.0,1575.0,1600.0,35260,0.0,0.0
2022-09-08 00:00:00+09:00,1595.0,1640.0,1575.0,1625.0,36257,0.0,0.0
2022-09-13 00:00:00+09:00,1635.0,1715.0,1615.0,1665.0,99077,0.0,0.0
2022-09-14 00:00:00+09:00,1625.0,1655.0,1590.0,1645.0,36718,0.0,0.0
2022-09-15 00:00:00+09:00,1630.0,1660.0,1615.0,1635.0,19813,0.0,0.0
2022-09-16 00:00:00+09:00,1620.0,1630.0,1590.0,1610.0,43618,0.0,0.0
2022-09-19 00:00:00+09:00,1595.0,1600.0,1565.0,1565.0,65966,0.0,0.0
2022-09-20 00:00:00+09:00,1580.0,1585.0,1560.0,1570.0,27156,0.0,0.0
2022-09-21 00:00:00+09:00,1585.0,1585.0,1535.0,1555.0,57047,0.0,0.0
2022-09-22 00:00:00+09:00,1545.0,1555.0,1450.0,1515.0,122848,0.0,0.0
2022-09-23 00:00:00+09:00,1500.0,1500.0,1435.0,1460.0,145752,0.0,0.0
2022-09-26 00:00:00+09:00,1440.0,1445.0,1350.0,1380.0,111524,0.0,0.0
2022-09-27 00:00:00+09:00,1345.0,1380.0,1260.0,1340.0,148413,0.0,0.0
2022-09-28 00:00:00+09:00,1340.0,1365.0,1235.0,1280.0,140479,0.0,0.0
2022-09-29 00:00:00+09:00,1285.0,1315.0,1280.0,1280.0,63344,0.0,0.0
2022-09-30 00:00:00+09:00,1225.0,1330.0,1205.0,1300.0,75627,0.0,0.0
2022-10-04 00:00:00+09:00,1295.0,1345.0,1295.0,1305.0,41584,0.0,0.0
2022-10-05 00:00:00+09:00,1340.0,1345.0,1305.0,1320.0,18544,0.0,0.0
2022-10-06 00:00:00+09:00,1305.0,1335.0,1285.0,1335.0,29175,0.0,0.0
2022-10-07 00:00:00+09:00,1320.0,1350.0,1305.0,1335.0,17719,0.0,0.0
2022-10-11 00:00:00+09:00,1325.0,1325.0,1255.0,1265.0,49725,0.0,0.0
2022-10-12 00:00:00+09:00,1235.0,1255.0,1205.0,1255.0,105098,0.0,0.0
2022-10-13 00:00:00+09:00,1240.0,1240.0,1180.0,1200.0,93392,0.0,0.0
2022-10-14 00:00:00+09:00,1200.0,1235.0,1200.0,1225.0,31593,0.0,0.0
2022-10-17 00:00:00+09:00,1215.0,1270.0,1185.0,1250.0,21828,0.0,0.0
2022-10-18 00:00:00+09:00,1255.0,1265.0,1240.0,1255.0,25315,0.0,0.0
2022-10-19 00:00:00+09:00,1255.0,1265.0,1245.0,1250.0,17629,0.0,0.0
2022-10-20 00:00:00+09:00,1235.0,1260.0,1205.0,1250.0,31761,0.0,0.0
2022-10-21 00:00:00+09:00,1225.0,1240.0,1220.0,1230.0,12099,0.0,0.0
2022-10-24 00:00:00+09:00,1235.0,1260.0,1235.0,1250.0,19467,0.0,0.0
2022-10-25 00:00:00+09:00,1255.0,1255.0,1225.0,1255.0,54877,0.0,0.0
2022-10-26 00:00:00+09:00,1240.0,1255.0,1210.0,1230.0,34474,0.0,0.0
2022-10-27 00:00:00+09:00,1225.0,1225.0,1190.0,1225.0,87326,0.0,0.0
2022-10-28 00:00:00+09:00,1220.0,1220.0,1190.0,1205.0,53286,0.0,0.0
2022-10-31 00:00:00+09:00,1220.0,1220.0,1185.0,1205.0,42178,0.0,0.0
2022-11-01 00:00:00+09:00,1190.0,1210.0,1180.0,1205.0,65418,0.0,0.0
2022-11-02 00:00:00+09:00,1205.0,1215.0,1195.0,1215.0,40286,0.0,0.0
2022-11-03 00:00:00+09:00,1195.0,1205.0,1180.0,1200.0,21764,0.0,0.0
2022-11-04 00:00:00+09:00,1185.0,1200.0,1180.0,1200.0,47403,0.0,0.0
2022-11-07 00:00:00+09:00,1220.0,1240.0,1190.0,1205.0,36806,0.0,0.0
2022-11-08 00:00:00+09:00,1210.0,1235.0,1205.0,1235.0,63800,0.0,0.0
2022-11-09 00:00:00+09:00,1235.0,1280.0,1225.0,1270.0,77019,0.0,0.0
2022-11-10 00:00:00+09:00,1255.0,1265.0,1230.0,1245.0,38881,0.0,0.0
2022-11-11 00:00:00+09:00,1270.0,1285.0,1260.0,1270.0,43766,0.0,0.0
2022-11-14 00:00:00+09:00,1280.0,1380.0,1255.0,1355.0,367221,0.0,0.0
2022-11-15 00:00:00+09:00,1375.0,1400.0,1345.0,1365.0,126077,0.0,0.0
2022-11-16 00:00:00+09:00,1365.0,1380.0,1325.0,1375.0,94162,0.0,0.0
2022-11-17 00:00:00+09:00,1390.0,1395.0,1340.0,1360.0,151386,0.0,0.0
2022-11-18 00:00:00+09:00,1370.0,1380.0,1270.0,1345.0,86684,0.0,0.0
2022-11-21 00:00:00+09:00,1345.0,1390.0,1335.0,1355.0,78611,0.0,0.0
2022-11-22 00:00:00+09:00,1330.0,1350.0,1295.0,1305.0,59739,0.0,0.0
2022-11-23 00:00:00+09:00,1315.0,1335.0,1300.0,1300.0,35651,0.0,0.0
2022-11-24 00:00:00+09:00,1325.0,1345.0,1320.0,1335.0,28550,0.0,0.0
2022-11-25 00:00:00+09:00,1360.0,1385.0,1325.0,1360.0,79820,0.0,0.0
2022-11-28 00:00:00+09:00,1360.0,1370.0,1310.0,1310.0,48630,0.0,0.0
2022-11-29 00:00:00+09:00,1275.0,1360.0,1275.0,1355.0,43502,0.0,0.0
2022-11-30 00:00:00+09:00,1355.0,1395.0,1345.0,1375.0,83538,0.0,0.0
2022-12-01 00:00:00+09:00,1400.0,1405.0,1360.0,1390.0,53657,0.0,0.0
2022-12-02 00:00:00+09:00,1400.0,1405.0,1370.0,1400.0,59255,0.0,0.0
2022-12-05 00:00:00+09:00,1400.0,1425.0,1385.0,1390.0,39733,0.0,0.0
2022-12-06 00:00:00+09:00,1385.0,1560.0,1350.0,1460.0,1164134,0.0,0.0
2022-12-07 00:00:00+09:00,1490.0,1550.0,1420.0,1420.0,790749,0.0,0.0
2022-12-08 00:00:00+09:00,1435.0,1530.0,1425.0,1490.0,358869,0.0,0.0
2022-12-09 00:00:00+09:00,1495.0,1535.0,1395.0,1440.0,609812,0.0,0.0
2022-12-12 00:00:00+09:00,1450.0,1460.0,1350.0,1385.0,278352,0.0,0.0
2022-12-13 00:00:00+09:00,1380.0,1410.0,1350.0,1395.0,113890,0.0,0.0
2022-12-14 00:00:00+09:00,1400.0,1470.0,1290.0,1355.0,414480,0.0,0.0
2022-12-15 00:00:00+09:00,1365.0,1395.0,1350.0,1380.0,171533,0.0,0.0
2022-12-16 00:00:00+09:00,1365.0,1420.0,1320.0,1385.0,162097,0.0,0.0
2022-12-19 00:00:00+09:00,1375.0,1405.0,1350.0,1375.0,192130,0.0,0.0
2022-12-20 00:00:00+09:00,1375.0,1380.0,1295.0,1300.0,185816,0.0,0.0
2022-12-21 00:00:00+09:00,1305.0,1315.0,1285.0,1300.0,104042,0.0,0.0
2022-12-22 00:00:00+09:00,1305.0,1320.0,1275.0,1290.0,120376,0.0,0.0
2022-12-23 00:00:00+09:00,1290.0,1290.0,1235.0,1255.0,114969,0.0,0.0
2022-12-26 00:00:00+09:00,1240.0,1285.0,1235.0,1260.0,94654,0.0,0.0
2022-12-27 00:00:00+09:00,1260.0,1315.0,1260.0,1295.0,76554,0.0,0.0
2022-12-28 00:00:00+09:00,1310.0,1310.0,1280.0,1290.0,41343,0.0,0.0
2022-12-29 00:00:00+09:00,1275.0,1320.0,1250.0,1255.0,54801,0.0,0.0
2023-01-02 00:00:00+09:00,1240.0,1275.0,1220.0,1220.0,69409,0.0,0.0
2023-01-03 00:00:00+09:00,1210.0,1240.0,1170.0,1225.0,129092,0.0,0.0
2023-01-04 00:00:00+09:00,1215.0,1255.0,1215.0,1255.0,34165,0.0,0.0
2023-01-05 00:00:00+09:00,1265.0,1280.0,1235.0,1255.0,80262,0.0,0.0
2023-01-06 00:00:00+09:00,1255.0,1310.0,1250.0,1295.0,84167,0.0,0.0
2023-01-09 00:00:00+09:00,1295.0,1315.0,1285.0,1310.0,34322,0.0,0.0
2023-01-10 00:00:00+09:00,1310.0,1315.0,1295.0,1305.0,22758,0.0,0.0
2023-01-11 00:00:00+09:00,1315.0,1325.0,1305.0,1320.0,26832,0.0,0.0
2023-01-12 00:00:00+09:00,1325.0,1340.0,1295.0,1310.0,28915,0.0,0.0
2023-01-13 00:00:00+09:00,1310.0,1335.0,1305.0,1310.0,24922,0.0,0.0
2023-01-16 00:00:00+09:00,1310.0,1340.0,1300.0,1310.0,40726,0.0,0.0
2023-01-17 00:00:00+09:00,1325.0,1335.0,1295.0,1325.0,39725,0.0,0.0
2023-01-18 00:00:00+09:00,1315.0,1325.0,1295.0,1300.0,51294,0.0,0.0
2023-01-19 00:00:00+09:00,1290.0,1305.0,1285.0,1300.0,22125,0.0,0.0
2023-01-20 00:00:00+09:00,1290.0,1300.0,1275.0,1290.0,67804,0.0,0.0
2023-01-25 00:00:00+09:00,1310.0,1345.0,1291.0,1311.0,74052,0.0,0.0
2023-01-26 00:00:00+09:00,1310.0,1337.0,1302.0,1314.0,75853,0.0,0.0
2023-01-27 00:00:00+09:00,1316.0,1324.0,1306.0,1314.0,108803,0.0,0.0
2023-01-30 00:00:00+09:00,1322.0,1330.0,1305.0,1320.0,47757,0.0,0.0
2023-01-31 00:00:00+09:00,1319.0,1319.0,1302.0,1317.0,47994,0.0,0.0
2023-02-01 00:00:00+09:00,1320.0,1338.0,1315.0,1330.0,85471,0.0,0.0
2023-02-02 00:00:00+09:00,1330.0,1342.0,1321.0,1340.0,75261,0.0,0.0
2023-02-03 00:00:00+09:00,1340.0,1340.0,1322.0,1334.0,49987,0.0,0.0
2023-02-06 00:00:00+09:00,1332.0,1346.0,1314.0,1334.0,55078,0.0,0.0
2023-02-07 00:00:00+09:00,1334.0,1354.0,1325.0,1342.0,48429,0.0,0.0
2023-02-08 00:00:00+09:00,1339.0,1348.0,1337.0,1350.0,56804,0.0,0.0
2023-02-09 00:00:00+09:00,1348.0,1406.0,1340.0,1389.0,5130,0.0,0.0
2023-02-10 00:00:00+09:00,1405.0,1410.0,1361.0,1369.0,82569,0.0,0.0
2023-02-13 00:00:00+09:00,1370.0,1375.0,1340.0,1340.0,3523,0.0,0.0
2023-02-14 00:00:00+09:00,1340.0,1351.0,1325.0,1345.0,43180,0.0,0.0
2023-02-15 00:00:00+09:00,1335.0,1339.0,1300.0,1301.0,510,0.0,0.0
2023-02-16 00:00:00+09:00,1301.0,1352.0,1301.0,1336.0,82989,0.0,0.0
2023-02-17 00:00:00+09:00,1333.0,1333.0,1314.0,1332.0,33710,0.0,0.0
2023-02-20 00:00:00+09:00,1323.0,1334.0,1295.0,1334.0,65299,0.0,0.0
2023-02-21 00:00:00+09:00,1348.0,1348.0,1317.0,1340.0,73133,0.0,0.0
2023-02-22 00:00:00+09:00,1335.0,1335.0,1311.0,1315.0,455,0.0,0.0
2023-02-23 00:00:00+09:00,1310.0,1335.0,1304.0,1335.0,3091,0.0,0.0
2023-02-24 00:00:00+09:00,1335.0,1335.0,1304.0,1318.0,508,0.0,0.0
2023-02-27 00:00:00+09:00,1288.0,1304.0,1277.0,1290.0,77542,0.0,0.0
2023-02-28 00:00:00+09:00,1277.0,1299.0,1277.0,1299.0,61401,0.0,0.0
2023-03-02 00:00:00+09:00,1300.0,1316.0,1299.0,1300.0,91172,0.0,0.0
2023-03-03 00:00:00+09:00,1300.0,1320.0,1294.0,1307.0,72880,0.0,0.0
2023-03-06 00:00:00+09:00,1307.0,1329.0,1296.0,1316.0,81470,0.0,0.0
2023-03-07 00:00:00+09:00,1316.0,1325.0,1302.0,1310.0,65858,0.0,0.0
2023-03-08 00:00:00+09:00,1296.0,1309.0,1281.0,1294.0,94785,0.0,0.0
2023-03-09 00:00:00+09:00,1295.0,1305.0,1289.0,1289.0,100806,0.0,0.0
2023-03-10 00:00:00+09:00,1283.0,1292.0,1275.0,1289.0,105209,0.0,0.0
2023-03-13 00:00:00+09:00,1271.0,1275.0,1240.0,1260.0,75284,0.0,0.0
2023-03-14 00:00:00+09:00,1254.0,1254.0,1204.0,1210.0,123194,0.0,0.0
2023-03-15 00:00:00+09:00,1220.0,1249.0,1220.0,1249.0,142495,0.0,0.0
2023-03-16 00:00:00+09:00,1262.0,1262.0,1213.0,1221.0,79548,0.0,0.0
2023-03-17 00:00:00+09:00,1222.0,1239.0,1222.0,1238.0,81471,0.0,0.0
2023-03-20 00:00:00+09:00,1238.0,1248.0,1221.0,1234.0,67014,0.0,0.0
2023-03-21 00:00:00+09:00,1234.0,1240.0,1221.0,1233.0,94422,0.0,0.0
2023-03-22 00:00:00+09:00,1231.0,1241.0,1216.0,1227.0,79690,0.0,0.0
2023-03-23 00:00:00+09:00,1215.0,1216.0,1198.0,1216.0,90491,0.0,0.0
2023-03-24 00:00:00+09:00,1204.0,1228.0,1198.0,1204.0,79357,0.0,0.0
2023-03-27 00:00:00+09:00,1205.0,1207.0,1191.0,1204.0,68500,0.0,0.0
2023-03-28 00:00:00+09:00,1206.0,1227.0,1199.0,1227.0,108202,0.0,0.0
2023-03-29 00:00:00+09:00,1227.0,1256.0,1227.0,1254.0,99088,0.0,0.0
2023-03-30 00:00:00+09:00,1254.0,1269.0,1237.0,1261.0,46826,0.0,0.0
2023-03-31 00:00:00+09:00,1247.0,1258.0,1240.0,1255.0,82852,0.0,0.0
2023-04-03 00:00:00+09:00,1239.0,1289.0,1239.0,1273.0,96766,0.0,0.0
2023-04-04 00:00:00+09:00,1267.0,1281.0,1261.0,1281.0,48184,0.0,0.0
2023-04-05 00:00:00+09:00,1270.0,1275.0,1252.0,1265.0,100850,0.0,0.0
2023-04-06 00:00:00+09:00,1248.0,1256.0,1225.0,1225.0,124612,0.0,0.0
2023-04-07 00:00:00+09:00,1225.0,1245.0,1218.0,1240.0,77818,0.0,0.0
2023-04-10 00:00:00+09:00,1240.0,1251.0,1205.0,1206.0,110195,0.0,0.0
2023-04-11 00:00:00+09:00,1206.0,1247.0,1195.0,1218.0,75826,0.0,0.0
2023-04-12 00:00:00+09:00,1235.0,1257.0,1219.0,1240.0,49293,0.0,0.0
2023-04-13 00:00:00+09:00,1239.0,1255.0,1210.0,1252.0,55995,0.0,0.0
2023-04-14 00:00:00+09:00,1253.0,1275.0,1253.0,1270.0,107321,0.0,0.0
2023-04-17 00:00:00+09:00,1271.0,1288.0,1271.0,1281.0,132631,0.0,0.0
2023-04-18 00:00:00+09:00,1280.0,1281.0,1251.0,1258.0,113419,0.0,0.0
2023-04-19 00:00:00+09:00,1251.0,1273.0,1250.0,1262.0,111435,0.0,0.0
2023-04-20 00:00:00+09:00,1262.0,1266.0,1248.0,1249.0,98634,0.0,0.0
2023-04-21 00:00:00+09:00,1242.0,1248.0,1212.0,1215.0,162794,0.0,0.0
2023-04-24 00:00:00+09:00,1215.0,1215.0,1193.0,1213.0,191055,0.0,0.0
2023-04-25 00:00:00+09:00,1206.0,1207.0,1187.0,1204.0,110019,0.0,0.0
2023-04-26 00:00:00+09:00,1199.0,1222.0,1186.0,1222.0,121637,0.0,0.0
2023-04-27 00:00:00+09:00,1222.0,1252.0,1209.0,1247.0,93795,0.0,0.0
2023-04-28 00:00:00+09:00,1264.0,1313.0,1252.0,1300.0,284796,0.0,0.0
2023-05-02 00:00:00+09:00,1300.0,1337.0,1300.0,1321.0,169398,0.0,0.0
2023-05-03 00:00:00+09:00,1313.0,1325.0,1299.0,1304.0,119739,0.0,0.0
2023-05-04 00:00:00+09:00,1304.0,1309.0,1293.0,1305.0,135939,0.0,0.0
2023-05-08 00:00:00+09:00,1301.0,1340.0,1280.0,1296.0,99740,0.0,0.0
2023-05-09 00:00:00+09:00,1309.0,1382.0,1300.0,1380.0,309821,0.0,0.0
2023-05-10 00:00:00+09:00,1380.0,1380.0,1345.0,1364.0,68653,0.0,0.0
2023-05-11 00:00:00+09:00,1351.0,1373.0,1345.0,1361.0,48363,0.0,0.0
2023-05-12 00:00:00+09:00,1353.0,1361.0,1310.0,1319.0,100242,0.0,0.0
2023-05-15 00:00:00+09:00,1318.0,1330.0,1306.0,1322.0,64266,0.0,0.0
2023-05-16 00:00:00+09:00,1292.0,1360.0,1292.0,1356.0,253513,0.0,0.0
2023-05-17 00:00:00+09:00,1356.0,1373.0,1337.0,1367.0,139730,0.0,0.0
2023-05-18 00:00:00+09:00,1377.0,1393.0,1353.0,1353.0,58049,0.0,0.0
2023-05-19 00:00:00+09:00,1367.0,1386.0,1339.0,1368.0,57819,0.0,0.0
2023-05-22 00:00:00+09:00,1355.0,1378.0,1349.0,1366.0,37564,0.0,0.0
2023-05-23 00:00:00+09:00,1366.0,1380.0,1365.0,1370.0,41376,0.0,0.0
2023-05-24 00:00:00+09:00,1368.0,1370.0,1331.0,1333.0,47885,0.0,0.0
2023-05-25 00:00:00+09:00,1333.0,1372.0,1330.0,1340.0,36598,0.0,0.0
2023-05-26 00:00:00+09:00,1338.0,1360.0,1333.0,1340.0,16463,0.0,0.0
2023-05-30 00:00:00+09:00,1340.0,1365.0,1333.0,1365.0,27360,0.0,0.0
2023-05-31 00:00:00+09:00,1388.0,1388.0,1339.0,1339.0,82942,0.0,0.0
2023-06-01 00:00:00+09:00,1368.0,1368.0,1339.0,1340.0,27443,0.0,0.0
2023-06-02 00:00:00+09:00,1338.0,1350.0,1329.0,1338.0,28874,0.0,0.0
2023-06-05 00:00:00+09:00,1351.0,1352.0,1330.0,1330.0,22575,0.0,0.0
2023-06-07 00:00:00+09:00,1330.0,1331.0,1259.0,1295.0,71967,0.0,0.0
2023-06-08 00:00:00+09:00,1308.0,1328.0,1295.0,1299.0,34670,0.0,0.0
2023-06-09 00:00:00+09:00,1299.0,1335.0,1299.0,1306.0,65573,0.0,0.0
2023-06-12 00:00:00+09:00,1343.0,1343.0,1305.0,1316.0,38415,0.0,0.0
2023-06-13 00:00:00+09:00,1316.0,1339.0,1300.0,1316.0,36114,0.0,0.0
2023-06-14 00:00:00+09:00,1316.0,1317.0,1279.0,1294.0,32102,0.0,0.0
2023-06-15 00:00:00+09:00,1285.0,1298.0,1262.0,1294.0,62793,0.0,0.0
2023-06-16 00:00:00+09:00,1294.0,1553.0,1286.0,1499.0,4396649,0.0,0.0
2023-06-19 00:00:00+09:00,1948.0,1948.0,1754.0,1948.0,10568633,0.0,0.0
2023-06-20 00:00:00+09:00,2130.0,2340.0,1820.0,1876.0,44162190,0.0,0.0
2023-06-21 00:00:00+09:00,1870.0,2055.0,1810.0,1835.0,13808830,0.0,0.0
2023-06-22 00:00:00+09:00,1820.0,1821.0,1673.0,1673.0,3185221,0.0,0.0
2023-06-23 00:00:00+09:00,1663.0,1713.0,1613.0,1686.0,2708584,0.0,0.0
2023-06-26 00:00:00+09:00,1686.0,2000.0,1641.0,1783.0,27293049,0.0,0.0
2023-06-27 00:00:00+09:00,1757.0,2045.0,1751.0,1874.0,19703568,0.0,0.0
2023-06-28 00:00:00+09:00,1916.0,2105.0,1845.0,1874.0,7874634,0.0,0.0
2023-06-29 00:00:00+09:00,1858.0,1868.0,1765.0,1770.0,2379924,0.0,0.0
2023-06-30 00:00:00+09:00,1770.0,1771.0,1683.0,1700.0,1262127,0.0,0.0
2023-07-03 00:00:00+09:00,1718.0,1900.0,1703.0,1900.0,6369340,0.0,0.0
2023-07-04 00:00:00+09:00,1841.0,1906.0,1830.0,1889.0,2146341,0.0,0.0
2023-07-05 00:00:00+09:00,1886.0,1898.0,1769.0,1795.0,1382275,0.0,0.0
2023-07-06 00:00:00+09:00,1781.0,1864.0,1731.0,1857.0,1505339,0.0,0.0
2023-07-07 00:00:00+09:00,1850.0,2375.0,1813.0,2215.0,49318022,0.0,0.0
2023-07-10 00:00:00+09:00,2175.0,2190.0,2050.0,2070.0,8446763,0.0,0.0
2023-07-11 00:00:00+09:00,2125.0,2125.0,1940.0,1959.0,4182902,0.0,0.0
2023-07-12 00:00:00+09:00,1954.0,2145.0,1954.0,1976.0,9827267,0.0,0.0
2023-07-13 00:00:00+09:00,1997.0,2005.0,1895.0,1914.0,2463551,0.0,0.0
2023-07-14 00:00:00+09:00,1914.0,1914.0,1799.0,1845.0,1684164,0.0,0.0
2023-07-17 00:00:00+09:00,1913.0,1969.0,1816.0,1828.0,2457552,0.0,0.0
2023-07-18 00:00:00+09:00,1817.0,1837.0,1690.0,1702.0,1839016,0.0,0.0
2023-07-19 00:00:00+09:00,1700.0,1709.0,1635.0,1670.0,942854,0.0,0.0
2023-07-20 00:00:00+09:00,1639.0,1651.0,1615.0,1635.0,567031,0.0,0.0
2023-07-21 00:00:00+09:00,1635.0,1635.0,1587.0,1594.0,454159,0.0,0.0
2023-07-24 00:00:00+09:00,1595.0,1612.0,1535.0,1552.0,665875,0.0,0.0
2023-07-25 00:00:00+09:00,1554.0,1570.0,1512.0,1520.0,552981,0.0,0.0
2023-07-26 00:00:00+09:00,1515.0,1520.0,1395.0,1434.0,1241574,0.0,0.0
2023-07-27 00:00:00+09:00,1434.0,1486.0,1400.0,1456.0,563326,0.0,0.0
2023-07-28 00:00:00+09:00,1450.0,1531.0,1446.0,1514.0,446521,0.0,0.0
2023-07-31 00:00:00+09:00,1531.0,1532.0,1492.0,1531.0,241302,0.0,0.0
2023-08-01 00:00:00+09:00,1531.0,1531.0,1482.0,1511.0,356934,0.0,0.0
2023-08-02 00:00:00+09:00,1511.0,1536.0,1484.0,1503.0,363517,0.0,0.0
2023-08-03 00:00:00+09:00,1491.0,1502.0,1435.0,1464.0,342208,0.0,0.0
2023-08-04 00:00:00+09:00,1451.0,1493.0,1445.0,1478.0,260800,0.0,0.0
2023-08-07 00:00:00+09:00,1478.0,1495.0,1456.0,1477.0,275731,0.0,0.0
2023-08-08 00:00:00+09:00,1480.0,1510.0,1447.0,1449.0,355418,0.0,0.0
2023-08-09 00:00:00+09:00,1450.0,1511.0,1440.0,1498.0,276296,0.0,0.0
2023-08-10 00:00:00+09:00,1504.0,1513.0,1463.0,1474.0,168474,0.0,0.0
2023-08-11 00:00:00+09:00,1473.0,1520.0,1465.0,1502.0,184636,0.0,0.0
2023-08-14 00:00:00+09:00,1472.0,1511.0,1470.0,1487.0,191776,0.0,0.0
2023-08-16 00:00:00+09:00,1450.0,1478.0,1410.0,1418.0,369664,0.0,0.0
2023-08-17 00:00:00+09:00,1411.0,1452.0,1376.0,1420.0,404337,0.0,0.0
2023-08-18 00:00:00+09:00,1401.0,1414.0,1369.0,1386.0,231131,0.0,0.0
2023-08-21 00:00:00+09:00,1386.0,1419.0,1375.0,1383.0,146179,0.0,0.0
2023-08-22 00:00:00+09:00,1397.0,1399.0,1364.0,1375.0,125902,0.0,0.0
2023-08-23 00:00:00+09:00,1375.0,1430.0,1368.0,1411.0,245464,0.0,0.0
2023-08-24 00:00:00+09:00,1401.0,1441.0,1394.0,1395.0,204508,0.0,0.0
2023-08-25 00:00:00+09:00,1407.0,1409.0,1385.0,1390.0,187204,0.0,0.0
2023-08-28 00:00:00+09:00,1383.0,1423.0,1380.0,1405.0,227164,0.0,0.0
2023-08-29 00:00:00+09:00,1425.0,1458.0,1415.0,1449.0,240393,0.0,0.0
2023-08-30 00:00:00+09:00,1449.0,1454.0,1431.0,1437.0,77821,0.0,0.0
2023-08-31 00:00:00+09:00,1430.0,1449.0,1420.0,1444.0,108013,0.0,0.0
2023-09-01 00:00:00+09:00,1437.0,1493.0,1434.0,1451.0,314733,0.0,0.0
2023-09-04 00:00:00+09:00,1499.0,1502.0,1446.0,1480.0,393040,0.0,0.0
2023-09-05 00:00:00+09:00,1475.0,1482.0,1445.0,1469.0,173224,0.0,0.0
2023-09-06 00:00:00+09:00,1469.0,1556.0,1451.0,1527.0,669688,0.0,0.0
2023-09-07 00:00:00+09:00,1520.0,1549.0,1467.0,1467.0,357401,0.0,0.0
2023-09-08 00:00:00+09:00,1466.0,1491.0,1455.0,1465.0,145521,0.0,0.0
2023-09-11 00:00:00+09:00,1489.0,1526.0,1482.0,1486.0,219716,0.0,0.0
2023-09-12 00:00:00+09:00,1486.0,1510.0,1428.0,1436.0,217869,0.0,0.0
2023-09-13 00:00:00+09:00,1432.0,1455.0,1407.0,1413.0,121800,0.0,0.0
2023-09-14 00:00:00+09:00,1421.0,1517.0,1407.0,1470.0,376837,0.0,0.0
2023-09-15 00:00:00+09:00,1470.0,1515.0,1461.0,1470.0,164336,0.0,0.0
2023-09-18 00:00:00+09:00,1460.0,1460.0,1432.0,1438.0,122410,0.0,0.0
2023-09-19 00:00:00+09:00,1436.0,1522.0,1417.0,1460.0,588709,0.0,0.0
2023-09-20 00:00:00+09:00,1470.0,1475.0,1395.0,1399.0,232888,0.0,0.0
2023-09-21 00:00:00+09:00,1390.0,1415.0,1300.0,1323.0,349039,0.0,0.0
2023-09-22 00:00:00+09:00,1300.0,1359.0,1300.0,1315.0,121518,0.0,0.0
2023-09-25 00:00:00+09:00,1315.0,1338.0,1260.0,1274.0,114185,0.0,0.0
2023-09-26 00:00:00+09:00,1249.0,1288.0,1228.0,1265.0,178046,0.0,0.0
2023-09-27 00:00:00+09:00,1299.0,1300.0,1250.0,1279.0,75504,0.0,0.0
2023-10-04 00:00:00+09:00,1256.0,1299.0,1214.0,1215.0,152995,0.0,0.0
2023-10-05 00:00:00+09:00,1242.0,1242.0,1201.0,1201.0,86690,0.0,0.0
2023-10-06 00:00:00+09:00,1201.0,1288.0,1201.0,1276.0,114697,0.0,0.0
2023-10-10 00:00:00+09:00,1275.0,1275.0,1211.0,1232.0,119637,0.0,0.0
2023-10-11 00:00:00+09:00,1228.0,1280.0,1228.0,1268.0,29140,0.0,0.0
2023-10-12 00:00:00+09:00,1268.0,1289.0,1239.0,1239.0,134508,0.0,0.0
2023-10-13 00:00:00+09:00,1227.0,1259.0,1205.0,1218.0,58864,0.0,0.0
2023-10-16 00:00:00+09:00,1218.0,1218.0,1156.0,1178.0,235483,0.0,0.0
2023-10-17 00:00:00+09:00,1178.0,1193.0,1162.0,1163.0,171006,0.0,0.0
2023-10-18 00:00:00+09:00,1191.0,1191.0,1147.0,1147.0,80517,0.0,0.0
2023-10-19 00:00:00+09:00,1136.0,1147.0,1061.0,1091.0,210225,0.0,0.0
2023-10-20 00:00:00+09:00,1130.0,1130.0,1040.0,1072.0,171940,0.0,0.0
2023-10-23 00:00:00+09:00,1072.0,1087.0,1030.0,1079.0,136542,0.0,0.0
2023-10-24 00:00:00+09:00,1100.0,1110.0,1021.0,1088.0,121924,0.0,0.0
2023-10-25 00:00:00+09:00,1092.0,1115.0,1077.0,1110.0,71997,0.0,0.0
2023-10-26 00:00:00+09:00,1066.0,1100.0,1038.0,1058.0,72318,0.0,0.0
2023-10-27 00:00:00+09:00,1058.0,1061.0,1024.0,1041.0,100900,0.0,0.0
2023-10-30 00:00:00+09:00,1042.0,1049.0,1009.0,1009.0,120766,0.0,0.0
2023-10-31 00:00:00+09:00,1038.0,1038.0,975.0,975.0,181849,0.0,0.0
2023-11-01 00:00:00+09:00,985.0,1004.0,960.0,981.0,139118,0.0,0.0
2023-11-02 00:00:00+09:00,981.0,1017.0,981.0,1010.0,43032,0.0,0.0
2023-11-03 00:00:00+09:00,1000.0,1028.0,987.0,1019.0,93124,0.0,0.0
2023-11-06 00:00:00+09:00,1035.0,1042.0,989.0,1011.0,241466,0.0,0.0
2023-11-07 00:00:00+09:00,1011.0,1012.0,964.0,990.0,163802,0.0,0.0
2023-11-08 00:00:00+09:00,991.0,1017.0,990.0,993.0,147849,0.0,0.0
2023-11-09 00:00:00+09:00,1020.0,1020.0,993.0,1002.0,77290,0.0,0.0
2023-11-10 00:00:00+09:00,991.0,1010.0,979.0,1002.0,58776,0.0,0.0
2023-11-13 00:00:00+09:00,1010.0,1010.0,979.0,980.0,78150,0.0,0.0
2023-11-14 00:00:00+09:00,977.0,993.0,962.0,991.0,63765,0.0,0.0
2023-11-15 00:00:00+09:00,989.0,1005.0,983.0,987.0,77599,0.0,0.0
2023-11-16 00:00:00+09:00,992.0,1002.0,982.0,1000.0,94525,0.0,0.0
2023-11-17 00:00:00+09:00,1000.0,1200.0,995.0,1200.0,3700341,0.0,0.0
2023-11-20 00:00:00+09:00,1186.0,1255.0,1132.0,1138.0,2415105,0.0,0.0
2023-11-21 00:00:00+09:00,1177.0,1247.0,1133.0,1163.0,1738784,0.0,0.0
2023-11-22 00:00:00+09:00,1162.0,1164.0,1105.0,1107.0,524792,0.0,0.0
2023-11-23 00:00:00+09:00,1100.0,1114.0,1067.0,1077.0,463353,0.0,0.0
2023-11-24 00:00:00+09:00,1080.0,1100.0,1061.0,1073.0,312898,0.0,0.0
2023-11-27 00:00:00+09:00,1073.0,1078.0,1042.0,1078.0,256309,0.0,0.0
2023-11-28 00:00:00+09:00,1079.0,1105.0,1047.0,1050.0,315914,0.0,0.0
2023-11-29 00:00:00+09:00,1050.0,1070.0,1041.0,1060.0,212910,0.0,0.0
2023-11-30 00:00:00+09:00,1060.0,1090.0,1053.0,1090.0,174356,0.0,0.0
2023-12-01 00:00:00+09:00,1090.0,1090.0,1044.0,1044.0,236979,0.0,0.0
2023-12-04 00:00:00+09:00,1050.0,1133.0,1044.0,1089.0,381252,0.0,0.0
2023-12-05 00:00:00+09:00,1089.0,1089.0,1040.0,1051.0,235228,0.0,0.0
2023-12-06 00:00:00+09:00,1051.0,1079.0,1042.0,1072.0,128729,0.0,0.0
2023-12-07 00:00:00+09:00,1055.0,1065.0,1038.0,1041.0,118809,0.0,0.0
2023-12-08 00:00:00+09:00,1041.0,1065.0,1030.0,1048.0,121428,0.0,0.0
2023-12-11 00:00:00+09:00,1048.0,1068.0,1042.0,1050.0,176459,0.0,0.0
2023-12-12 00:00:00+09:00,1061.0,1061.0,1043.0,1049.0,55906,0.0,0.0
2023-12-13 00:00:00+09:00,1054.0,1080.0,1023.0,1032.0,116319,0.0,0.0
2023-12-14 00:00:00+09:00,1034.0,1063.0,1023.0,1023.0,119219,0.0,0.0
2023-12-15 00:00:00+09:00,1036.0,1038.0,1012.0,1019.0,83524,0.0,0.0
2023-12-18 00:00:00+09:00,1019.0,1060.0,1017.0,1039.0,73087,0.0,0.0
2023-12-19 00:00:00+09:00,1032.0,1039.0,1014.0,1019.0,119709,0.0,0.0
2023-12-20 00:00:00+09:00,1019.0,1034.0,1013.0,1027.0,88377,0.0,0.0
2023-12-21 00:00:00+09:00,1015.0,1047.0,1012.0,1013.0,224109,0.0,0.0
2023-12-22 00:00:00+09:00,1024.0,1024.0,974.0,989.0,271042,0.0,0.0
2023-12-26 00:00:00+09:00,980.0,1285.0,980.0,1200.0,9481356,0.0,0.0
2023-12-27 00:00:00+09:00,1145.0,1197.0,1083.0,1157.0,2268351,0.0,0.0
2023-12-28 00:00:00+09:00,1165.0,1165.0,1100.0,1132.0,499943,0.0,0.0
2024-01-02 00:00:00+09:00,1131.0,1149.0,1024.0,1094.0,1249856,0.0,0.0
2024-01-03 00:00:00+09:00,1093.0,1094.0,1050.0,1065.0,432190,0.0,0.0
2024-01-04 00:00:00+09:00,1063.0,1084.0,1053.0,1080.0,220119,0.0,0.0
2024-01-05 00:00:00+09:00,1076.0,1080.0,1027.0,1051.0,368128,0.0,0.0
2024-01-08 00:00:00+09:00,1051.0,1094.0,1039.0,1079.0,188640,0.0,0.0
2024-01-09 00:00:00+09:00,1090.0,1097.0,1077.0,1095.0,172732,0.0,0.0
2024-01-10 00:00:00+09:00,1090.0,1100.0,1059.0,1080.0,214557,0.0,0.0
2024-01-11 00:00:00+09:00,1088.0,1119.0,1063.0,1119.0,327202,0.0,0.0
2024-01-12 00:00:00+09:00,1120.0,1121.0,1075.0,1105.0,215072,0.0,0.0
2024-01-15 00:00:00+09:00,1082.0,1092.0,1074.0,1095.0,28651,0.0,0.0
2024-01-16 00:00:00+09:00,1076.0,1094.0,1053.0,1085.0,276068,0.0,0.0
2024-01-17 00:00:00+09:00,1075.0,1077.0,1026.0,1030.0,240245,0.0,0.0
2024-01-18 00:00:00+09:00,1035.0,1045.0,1013.0,1021.0,95359,0.0,0.0
2024-01-19 00:00:00+09:00,1021.0,1052.0,1018.0,1020.0,125173,0.0,0.0
2024-01-22 00:00:00+09:00,1040.0,1051.0,1021.0,1021.0,156821,0.0,0.0
2024-01-23 00:00:00+09:00,1020.0,1049.0,1004.0,1049.0,160104,0.0,0.0
2024-01-24 00:00:00+09:00,1049.0,1049.0,1018.0,1032.0,100365,0.0,0.0
2024-01-25 00:00:00+09:00,1023.0,1023.0,995.0,1019.0,197909,0.0,0.0
2024-01-26 00:00:00+09:00,1012.0,1048.0,1006.0,1020.0,65247,0.0,0.0
2024-01-29 00:00:00+09:00,1030.0,1035.0,1011.0,1018.0,117958,0.0,0.0
2024-01-30 00:00:00+09:00,1013.0,1038.0,988.0,1013.0,236566,0.0,0.0
2024-01-31 00:00:00+09:00,1013.0,1028.0,989.0,1001.0,104472,0.0,0.0
2024-02-01 00:00:00+09:00,1005.0,1008.0,988.0,1001.0,119640,0.0,0.0
2024-02-02 00:00:00+09:00,992.0,1018.0,992.0,1007.0,116052,0.0,0.0
2024-02-05 00:00:00+09:00,1014.0,1014.0,991.0,1005.0,63345,0.0,0.0
2024-02-06 00:00:00+09:00,993.0,1018.0,993.0,1003.0,98787,0.0,0.0
2024-02-07 00:00:00+09:00,995.0,1010.0,993.0,998.0,33890,0.0,0.0
2024-02-08 00:00:00+09:00,998.0,1007.0,994.0,1004.0,39877,0.0,0.0
2024-02-13 00:00:00+09:00,1004.0,1035.0,1004.0,1033.0,142922,0.0,0.0
2024-02-14 00:00:00+09:00,1033.0,1033.0,1013.0,1026.0,83290,0.0,0.0
2024-02-15 00:00:00+09:00,1017.0,1044.0,1017.0,1042.0,86939,0.0,0.0
2024-02-16 00:00:00+09:00,1046.0,1046.0,1017.0,1033.0,54935,0.0,0.0
2024-02-19 00:00:00+09:00,1020.0,1040.0,1016.0,1034.0,53106,0.0,0.0
2024-02-20 00:00:00+09:00,1022.0,1045.0,1016.0,1016.0,74263,0.0,0.0
2024-02-21 00:00:00+09:00,1010.0,1025.0,1002.0,1004.0,115635,0.0,0.0
2024-02-22 00:00:00+09:00,1005.0,1010.0,997.0,1000.0,131772,0.0,0.0
2024-02-23 00:00:00+09:00,997.0,1027.0,995.0,996.0,78565,0.0,0.0
2024-02-26 00:00:00+09:00,997.0,1027.0,996.0,998.0,54082,0.0,0.0
2024-02-27 00:00:00+09:00,996.0,1004.0,979.0,984.0,186668,0.0,0.0
2024-02-28 00:00:00+09:00,989.0,989.0,959.0,963.0,206814,0.0,0.0
2024-02-29 00:00:00+09:00,951.0,959.0,905.0,911.0,325921,0.0,0.0
2024-03-04 00:00:00+09:00,910.0,910.0,851.0,868.0,467565,0.0,0.0
2024-03-05 00:00:00+09:00,868.0,869.0,785.0,808.0,775868,0.0,0.0
2024-03-06 00:00:00+09:00,808.0,825.0,774.0,781.0,233433,0.0,0.0
2024-03-07 00:00:00+09:00,775.0,799.0,762.0,771.0,174830,0.0,0.0
2024-03-08 00:00:00+09:00,781.0,875.0,776.0,834.0,719149,0.0,0.0
2024-03-11 00:00:00+09:00,833.0,833.0,770.0,808.0,178523,0.0,0.0
2024-03-12 00:00:00+09:00,808.0,812.0,783.0,792.0,138493,0.0,0.0
2024-03-13 00:00:00+09:00,790.0,852.0,780.0,802.0,190626,0.0,0.0
2024-03-14 00:00:00+09:00,802.0,811.0,783.0,790.0,120331,0.0,0.0
2024-03-15 00:00:00+09:00,818.0,818.0,783.0,799.0,148630,0.0,0.0
2024-03-18 00:00:00+09:00,802.0,808.0,792.0,799.0,71475,0.0,0.0
2024-03-19 00:00:00+09:00,800.0,821.0,796.0,810.0,81074,0.0,0.0
2024-03-20 00:00:00+09:00,810.0,816.0,798.0,807.0,86081,0.0,0.0
2024-03-21 00:00:00+09:00,807.0,815.0,800.0,808.0,52515,0.0,0.0
2024-03-22 00:00:00+09:00,815.0,870.0,809.0,832.0,250157,0.0,0.0
2024-03-25 00:00:00+09:00,833.0,860.0,823.0,832.0,82058,0.0,0.0
2024-03-26 00:00:00+09:00,840.0,840.0,814.0,818.0,54206,0.0,0.0
2024-03-27 00:00:00+09:00,818.0,835.0,809.0,815.0,76714,0.0,0.0
2024-03-28 00:00:00+09:00,820.0,821.0,806.0,810.0,93029,0.0,0.0
2024-03-29 00:00:00+09:00,810.0,813.0,799.0,799.0,57916,0.0,0.0
2024-04-01 00:00:00+09:00,803.0,830.0,797.0,810.0,41323,0.0,0.0
2024-04-02 00:00:00+09:00,804.0,840.0,804.0,821.0,80029,0.0,0.0
2024-04-03 00:00:00+09:00,815.0,836.0,805.0,819.0,32249,0.0,0.0
2024-04-04 00:00:00+09:00,810.0,887.0,802.0,819.0,155808,0.0,0.0
2024-04-05 00:00:00+09:00,812.0,814.0,802.0,802.0,61750,0.0,0.0
2024-04-08 00:00:00+09:00,802.0,806.0,780.0,781.0,100074,0.0,0.0
2024-04-09 00:00:00+09:00,768.0,792.0,768.0,789.0,197392,0.0,0.0
2024-04-11 00:00:00+09:00,791.0,814.0,763.0,814.0,190844,0.0,0.0
2024-04-12 00:00:00+09:00,801.0,826.0,789.0,820.0,177786,0.0,0.0
2024-04-15 00:00:00+09:00,825.0,841.0,782.0,826.0,199371,0.0,0.0
2024-04-16 00:00:00+09:00,812.0,850.0,783.0,803.0,267968,0.0,0.0
2024-04-17 00:00:00+09:00,785.0,824.0,766.0,766.0,323910,0.0,0.0
2024-04-18 00:00:00+09:00,766.0,776.0,761.0,766.0,45195,0.0,0.0
2024-04-19 00:00:00+09:00,759.0,778.0,752.0,766.0,87467,0.0,0.0
2024-04-22 00:00:00+09:00,766.0,775.0,754.0,762.0,56722,0.0,0.0
2024-04-23 00:00:00+09:00,762.0,775.0,755.0,755.0,45429,0.0,0.0
2024-04-24 00:00:00+09:00,752.0,770.0,752.0,759.0,50180,0.0,0.0
2024-04-25 00:00:00+09:00,763.0,769.0,739.0,739.0,148382,0.0,0.0
2024-04-26 00:00:00+09:00,741.0,751.0,739.0,744.0,33532,0.0,0.0
2024-04-29 00:00:00+09:00,744.0,774.0,744.0,753.0,50398,0.0,0.0
2024-04-30 00:00:00+09:00,756.0,770.0,750.0,755.0,21310,0.0,0.0
2024-05-02 00:00:00+09:00,755.0,755.0,746.0,755.0,39679,0.0,0.0
2024-05-03 00:00:00+09:00,748.0,790.0,748.0,768.0,32062,0.0,0.0
2024-05-07 00:00:00+09:00,768.0,770.0,762.0,769.0,34621,0.0,0.0
2024-05-08 00:00:00+09:00,769.0,775.0,760.0,761.0,31434,0.0,0.0
2024-05-09 00:00:00+09:00,761.0,775.0,760.0,770.0,18531,0.0,0.0
2024-05-10 00:00:00+09:00,770.0,780.0,761.0,771.0,36696,0.0,0.0
2024-05-13 00:00:00+09:00,758.0,767.0,750.0,760.0,116592,0.0,0.0
2024-05-14 00:00:00+09:00,760.0,766.0,754.0,760.0,23545,0.0,0.0
2024-05-16 00:00:00+09:00,760.0,777.0,756.0,761.0,28389,0.0,0.0
2024-05-17 00:00:00+09:00,760.0,760.0,749.0,759.0,36985,0.0,0.0
2024-05-20 00:00:00+09:00,759.0,763.0,749.0,749.0,41525,0.0,0.0
2024-05-21 00:00:00+09:00,747.0,760.0,736.0,747.0,72590,0.0,0.0
2024-05-22 00:00:00+09:00,741.0,755.0,736.0,739.0,74961,0.0,0.0
2024-05-23 00:00:00+09:00,735.0,737.0,724.0,733.0,146067,0.0,0.0
2024-05-24 00:00:00+09:00,733.0,733.0,722.0,727.0,58078,0.0,0.0
2024-05-27 00:00:00+09:00,727.0,727.0,710.0,725.0,63564,0.0,0.0
2024-05-28 00:00:00+09:00,724.0,789.0,709.0,777.0,295055,0.0,0.0
2024-05-29 00:00:00+09:00,759.0,761.0,708.0,710.0,359506,0.0,0.0
2024-05-30 00:00:00+09:00,706.0,720.0,695.0,700.0,144214,0.0,0.0
2024-05-31 00:00:00+09:00,700.0,708.0,695.0,698.0,65266,0.0,0.0
2024-06-03 00:00:00+09:00,698.0,703.0,696.0,702.0,89652,0.0,0.0
2024-06-04 00:00:00+09:00,702.0,722.0,692.0,697.0,65380,0.0,0.0
2024-06-05 00:00:00+09:00,697.0,708.0,690.0,701.0,41328,0.0,0.0
2024-06-07 00:00:00+09:00,701.0,701.0,687.0,696.0,72613,0.0,0.0
2024-06-10 00:00:00+09:00,696.0,696.0,651.0,667.0,70295,0.0,0.0
2024-06-11 00:00:00+09:00,667.0,677.0,663.0,667.0,40709,0.0,0.0
2024-06-12 00:00:00+09:00,670.0,676.0,660.0,668.0,36855,0.0,0.0
2024-06-13 00:00:00+09:00,668.0,676.0,656.0,656.0,45140,0.0,0.0
2024-06-14 00:00:00+09:00,652.0,670.0,648.0,649.0,78759,0.0,0.0
2024-06-17 00:00:00+09:00,648.0,653.0,600.0,609.0,249268,0.0,0.0
2024-06-18 00:00:00+09:00,609.0,621.0,586.0,600.0,227907,0.0,0.0
2024-06-19 00:00:00+09:00,593.0,610.0,580.0,610.0,145510,0.0,0.0
2024-06-20 00:00:00+09:00,610.0,610.0,589.0,589.0,64993,0.0,0.0
2024-06-21 00:00:00+09:00,589.0,597.0,580.0,580.0,111994,0.0,0.0
2024-06-24 00:00:00+09:00,577.0,600.0,570.0,570.0,68688,0.0,0.0
2024-06-25 00:00:00+09:00,570.0,577.0,538.0,550.0,234347,0.0,0.0
2024-06-26 00:00:00+09:00,544.0,553.0,539.0,545.0,135072,0.0,0.0
2024-06-27 00:00:00+09:00,546.0,555.0,546.0,555.0,95194,0.0,0.0
2024-06-28 00:00:00+09:00,553.0,562.0,548.0,562.0,50748,0.0,0.0
2024-07-01 00:00:00+09:00,562.0,694.0,558.0,578.0,2576009,0.0,0.0
2024-07-02 00:00:00+09:00,572.0,697.0,558.0,619.0,3243334,0.0,0.0
2024-07-03 00:00:00+09:00,620.0,632.0,589.0,600.0,444418,0.0,0.0
2024-07-04 00:00:00+09:00,600.0,650.0,590.0,610.0,446394,0.0,0.0
2024-07-05 00:00:00+09:00,607.0,689.0,607.0,628.0,1018464,0.0,0.0
2024-07-08 00:00:00+09:00,635.0,639.0,615.0,625.0,216575,0.0,0.0
2024-07-09 00:00:00+09:00,627.0,634.0,603.0,615.0,143124,0.0,0.0
2024-07-10 00:00:00+09:00,617.0,628.0,611.0,615.0,38577,0.0,0.0
2024-07-11 00:00:00+09:00,619.0,626.0,610.0,622.0,57157,0.0,0.0
2024-07-12 00:00:00+09:00,622.0,622.0,597.0,598.0,135517,0.0,0.0
2024-07-15 00:00:00+09:00,607.0,622.0,593.0,610.0,110141,0.0,0.0
2024-07-16 00:00:00+09:00,610.0,647.0,610.0,625.0,162331,0.0,0.0
2024-07-17 00:00:00+09:00,620.0,632.0,619.0,623.0,47451,0.0,0.0
2024-07-18 00:00:00+09:00,623.0,634.0,610.0,618.0,74442,0.0,0.0
2024-07-19 00:00:00+09:00,615.0,624.0,610.0,623.0,51964,0.0,0.0
2024-07-22 00:00:00+09:00,623.0,670.0,608.0,656.0,220884,0.0,0.0
2024-07-23 00:00:00+09:00,658.0,680.0,632.0,633.0,103533,0.0,0.0
2024-07-24 00:00:00+09:00,632.0,642.0,615.0,616.0,49119,0.0,0.0
2024-07-25 00:00:00+09:00,616.0,634.0,601.0,608.0,84763,0.0,0.0
2024-07-26 00:00:00+09:00,608.0,656.0,602.0,616.0,93474,0.0,0.0
2024-07-29 00:00:00+09:00,616.0,643.0,609.0,634.0,66718,0.0,0.0
2024-07-30 00:00:00+09:00,627.0,631.0,615.0,619.0,49807,0.0,0.0
2024-07-31 00:00:00+09:00,612.0,614.0,560.0,590.0,103828,0.0,0.0
2024-08-01 00:00:00+09:00,596.0,609.0,590.0,609.0,41078,0.0,0.0
2024-08-02 00:00:00+09:00,609.0,609.0,583.0,590.0,25570,0.0,0.0
2024-08-05 00:00:00+09:00,590.0,590.0,444.0,497.0,221368,0.0,0.0
2024-08-06 00:00:00+09:00,495.0,528.0,476.0,501.0,144925,0.0,0.0
2024-08-07 00:00:00+09:00,541.0,541.0,502.0,502.0,90679,0.0,0.0
2024-08-08 00:00:00+09:00,504.0,620.0,503.0,518.0,725570,0.0,0.0
2024-08-09 00:00:00+09:00,518.0,544.0,518.0,532.0,81592,0.0,0.0
2024-08-12 00:00:00+09:00,532.0,545.0,516.0,524.0,110575,0.0,0.0
2024-08-13 00:00:00+09:00,524.0,525.0,510.0,510.0,39759,0.0,0.0
2024-08-14 00:00:00+09:00,520.0,609.0,516.0,533.0,704981,0.0,0.0
2024-08-16 00:00:00+09:00,532.0,561.0,527.0,545.0,126457,0.0,0.0
2024-08-19 00:00:00+09:00,545.0,552.0,524.0,527.0,83277,0.0,0.0
2024-08-20 00:00:00+09:00,527.0,553.0,527.0,541.0,63707,0.0,0.0
2024-08-21 00:00:00+09:00,541.0,595.0,541.0,565.0,147632,0.0,0.0
2024-08-22 00:00:00+09:00,565.0,620.0,558.0,560.0,244410,0.0,0.0
2024-08-23 00:00:00+09:00,561.0,564.0,525.0,556.0,87974,0.0,0.0
2024-08-26 00:00:00+09:00,556.0,561.0,549.0,553.0,29234,0.0,0.0
2024-08-27 00:00:00+09:00,553.0,554.0,530.0,551.0,40174,0.0,0.0
2024-08-28 00:00:00+09:00,551.0,565.0,541.0,541.0,33755,0.0,0.0
2024-08-29 00:00:00+09:00,541.0,547.0,523.0,542.0,56187,0.0,0.0
2024-08-30 00:00:00+09:00,542.0,548.0,536.0,545.0,32557,0.0,0.0
2024-09-02 00:00:00+09:00,553.0,560.0,543.0,545.0,57564,0.0,0.0
2024-09-03 00:00:00+09:00,545.0,620.0,537.0,537.0,366834,0.0,0.0
2024-09-04 00:00:00+09:00,530.0,537.0,529.0,537.0,78737,0.0,0.0
2024-09-05 00:00:00+09:00,537.0,569.0,537.0,552.0,63597,0.0,0.0
2024-09-06 00:00:00+09:00,552.0,554.0,536.0,543.0,64601,0.0,0.0
2024-09-09 00:00:00+09:00,543.0,553.0,519.0,544.0,62412,0.0,0.0
2024-09-10 00:00:00+09:00,544.0,589.0,544.0,560.0,140379,0.0,0.0
2024-09-11 00:00:00+09:00,560.0,598.0,560.0,579.0,79978,0.0,0.0
2024-09-12 00:00:00+09:00,575.0,581.0,566.0,578.0,28384,0.0,0.0
2024-09-13 00:00:00+09:00,578.0,580.0,565.0,573.0,30045,0.0,0.0
2024-09-19 00:00:00+09:00,572.0,580.0,558.0,575.0,26536,0.0,0.0
2024-09-20 00:00:00+09:00,570.0,580.0,558.0,565.0,26236,0.0,0.0
2024-09-23 00:00:00+09:00,565.0,583.0,563.0,574.0,38934,0.0,0.0
2024-09-24 00:00:00+09:00,574.0,580.0,562.0,562.0,26849,0.0,0.0
2024-09-25 00:00:00+09:00,556.0,564.0,554.0,555.0,29470,0.0,0.0
2024-09-26 00:00:00+09:00,555.0,578.0,554.0,556.0,21123,0.0,0.0
2024-09-27 00:00:00+09:00,556.0,565.0,553.0,560.0,26930,0.0,0.0
2024-09-30 00:00:00+09:00,560.0,564.0,538.0,540.0,48753,0.0,0.0
2024-10-02 00:00:00+09:00,519.0,540.0,519.0,526.0,65958,0.0,0.0
2024-10-04 00:00:00+09:00,520.0,534.0,520.0,527.0,44577,0.0,0.0
2024-10-07 00:00:00+09:00,527.0,527.0,519.0,526.0,37475,0.0,0.0
2024-10-08 00:00:00+09:00,533.0,540.0,526.0,532.0,32189,0.0,0.0
2024-10-10 00:00:00+09:00,535.0,535.0,522.0,522.0,19344,0.0,0.0
2024-10-11 00:00:00+09:00,528.0,528.0,517.0,520.0,27080,0.0,0.0
2024-10-14 00:00:00+09:00,520.0,520.0,485.0,495.0,101170,0.0,0.0
2024-10-15 00:00:00+09:00,488.0,510.0,484.0,484.0,97407,0.0,0.0
2024-10-16 00:00:00+09:00,484.0,494.0,459.0,462.0,202896,0.0,0.0
2024-10-17 00:00:00+09:00,476.0,523.0,444.0,487.0,385065,0.0,0.0
2024-10-18 00:00:00+09:00,487.0,495.0,476.0,476.0,76316,0.0,0.0
2024-10-21 00:00:00+09:00,480.0,482.0,470.0,478.0,57833,0.0,0.0
2024-10-22 00:00:00+09:00,481.0,497.0,478.0,495.0,60645,0.0,0.0
2024-10-23 00:00:00+09:00,491.0,491.0,471.0,477.0,37260,0.0,0.0
2024-10-24 00:00:00+09:00,477.0,495.0,457.0,457.0,97034,0.0,0.0
2024-10-25 00:00:00+09:00,457.0,467.0,453.0,458.0,63919,0.0,0.0
2024-10-28 00:00:00+09:00,455.0,458.0,430.0,450.0,134728,0.0,0.0
2024-10-29 00:00:00+09:00,450.0,465.0,440.0,445.0,122980,0.0,0.0
2024-10-30 00:00:00+09:00,443.0,547.0,443.0,460.0,2362504,0.0,0.0
2024-10-31 00:00:00+09:00,460.0,461.0,436.0,448.0,296330,0.0,0.0
2024-11-01 00:00:00+09:00,448.0,468.0,447.0,450.0,108790,0.0,0.0
2024-11-04 00:00:00+09:00,450.0,452.0,436.0,443.0,96970,0.0,0.0
2024-11-05 00:00:00+09:00,451.0,453.0,443.0,445.0,64757,0.0,0.0
2024-11-06 00:00:00+09:00,454.0,489.0,444.0,463.0,141304,0.0,0.0
2024-11-07 00:00:00+09:00,463.0,482.0,450.0,455.0,103848,0.0,0.0
2024-11-08 00:00:00+09:00,456.0,460.0,444.0,459.0,90933,0.0,0.0
2024-11-11 00:00:00+09:00,463.0,546.0,463.0,525.0,1911127,0.0,0.0
2024-11-12 00:00:00+09:00,525.0,554.0,508.0,530.0,914896,0.0,0.0
2024-11-13 00:00:00+09:00,530.0,530.0,457.0,466.0,332938,0.0,0.0
2024-11-14 00:00:00+09:00,468.0,484.0,453.0,456.0,93970,0.0,0.0
2024-11-15 00:00:00+09:00,451.0,525.0,436.0,493.0,290556,0.0,0.0
2024-11-18 00:00:00+09:00,489.0,492.0,462.0,468.0,326905,0.0,0.0
2024-11-19 00:00:00+09:00,473.0,488.0,462.0,462.0,118668,0.0,0.0
2024-11-20 00:00:00+09:00,462.0,471.0,443.0,452.0,149676,0.0,0.0
2024-11-21 00:00:00+09:00,451.0,465.0,443.0,451.0,1890351,0.0,0.0
2024-11-22 00:00:00+09:00,455.0,465.0,447.0,459.0,66626,0.0,0.0
2024-11-25 00:00:00+09:00,459.0,459.0,443.0,452.0,71456,0.0,0.0
2024-11-26 00:00:00+09:00,452.0,461.0,450.0,456.0,75299,0.0,0.0
2024-11-27 00:00:00+09:00,456.0,464.0,448.0,456.0,83098,0.0,0.0
2024-11-28 00:00:00+09:00,456.0,466.0,448.0,457.0,45421,0.0,0.0
2024-11-29 00:00:00+09:00,457.0,467.0,449.0,463.0,36092,0.0,0.0
2024-12-02 00:00:00+09:00,459.0,463.0,450.0,451.0,58158,0.0,0.0
2024-12-03 00:00:00+09:00,451.0,456.0,445.0,450.0,61803,0.0,0.0
2024-12-04 00:00:00+09:00,438.0,468.0,438.0,442.0,73336,0.0,0.0
2024-12-05 00:00:00+09:00,442.0,450.0,437.0,439.0,91746,0.0,0.0
2024-12-06 00:00:00+09:00,442.0,442.0,425.0,425.0,107196,0.0,0.0
2024-12-09 00:00:00+09:00,425.0,455.0,400.0,411.0,161846,0.0,0.0
2024-12-10 00:00:00+09:00,415.0,448.0,414.0,426.0,103281,0.0,0.0
2024-12-11 00:00:00+09:00,433.0,448.0,430.0,447.0,62007,0.0,0.0
2024-12-12 00:00:00+09:00,450.0,488.0,425.0,470.0,194973,0.0,0.0
2024-12-13 00:00:00+09:00,465.0,490.0,465.0,471.0,229227,0.0,0.0
2024-12-16 00:00:00+09:00,471.0,491.0,460.0,460.0,118902,0.0,0.0
2024-12-17 00:00:00+09:00,460.0,469.0,460.0,465.0,23117,0.0,0.0
2024-12-18 00:00:00+09:00,482.0,530.0,466.0,482.0,478635,0.0,0.0
2024-12-19 00:00:00+09:00,487.0,490.0,470.0,475.0,70112,0.0,0.0
2024-12-20 00:00:00+09:00,475.0,480.0,450.0,450.0,176016,0.0,0.0
2024-12-23 00:00:00+09:00,453.0,496.0,453.0,490.0,162858,0.0,0.0
2024-12-24 00:00:00+09:00,494.0,505.0,475.0,478.0,90040,0.0,0.0
2024-12-26 00:00:00+09:00,504.0,504.0,461.0,465.0,95366,0.0,0.0
2024-12-27 00:00:00+09:00,465.0,469.0,457.0,469.0,75319,0.0,0.0
2024-12-30 00:00:00+09:00,469.0,486.0,463.0,470.0,23752,0.0,0.0
2025-01-02 00:00:00+09:00,478.0,488.0,468.0,487.0,48340,0.0,0.0
2025-01-03 00:00:00+09:00,487.0,494.0,475.0,476.0,33388,0.0,0.0
2025-01-06 00:00:00+09:00,492.0,492.0,473.0,484.0,26047,0.0,0.0
2025-01-07 00:00:00+09:00,485.0,497.0,474.0,481.0,53983,0.0,0.0
2025-01-08 00:00:00+09:00,485.0,492.0,474.0,489.0,68891,0.0,0.0
2025-01-09 00:00:00+09:00,490.0,490.0,478.0,479.0,38766,0.0,0.0
2025-01-10 00:00:00+09:00,483.0,494.0,476.0,491.0,61572,0.0,0.0
2025-01-13 00:00:00+09:00,491.0,503.0,475.0,475.0,46946,0.0,0.0
2025-01-14 00:00:00+09:00,475.0,477.0,461.0,469.0,49088,0.0,0.0
2025-01-15 00:00:00+09:00,472.0,499.0,470.0,487.0,56641,0.0,0.0
2025-01-16 00:00:00+09:00,482.0,499.0,482.0,485.0,63391,0.0,0.0
2025-01-17 00:00:00+09:00,498.0,498.0,480.0,492.0,28919,0.0,0.0
2025-01-20 00:00:00+09:00,492.0,492.0,468.0,484.0,102133,0.0,0.0
2025-01-21 00:00:00+09:00,484.0,492.0,480.0,483.0,20819,0.0,0.0
2025-01-22 00:00:00+09:00,482.0,488.0,466.0,466.0,115490,0.0,0.0
2025-01-23 00:00:00+09:00,480.0,484.0,460.0,460.0,58233,0.0,0.0
2025-01-24 00:00:00+09:00,460.0,475.0,460.0,471.0,45823,0.0,0.0
2025-01-31 00:00:00+09:00,471.0,488.0,466.0,474.0,39717,0.0,0.0
2025-02-03 00:00:00+09:00,478.0,483.0,470.0,471.0,34465,0.0,0.0
2025-02-04 00:00:00+09:00,471.0,478.0,455.0,468.0,65832,0.0,0.0
2025-02-05 00:00:00+09:00,468.0,469.0,452.0,460.0,93828,0.0,0.0
2025-02-06 00:00:00+09:00,464.0,474.0,462.0,466.0,31529,0.0,0.0
2025-02-07 00:00:00+09:00,486.0,487.0,466.0,472.0,18543,0.0,0.0
2025-02-10 00:00:00+09:00,472.0,480.0,470.0,472.0,24513,0.0,0.0
2025-02-11 00:00:00+09:00,468.0,474.0,467.0,469.0,33451,0.0,0.0
2025-02-12 00:00:00+09:00,463.0,473.0,463.0,471.0,15382,0.0,0.0
2025-02-13 00:00:00+09:00,471.0,487.0,471.0,475.0,43057,0.0,0.0
2025-02-14 00:00:00+09:00,475.0,475.0,463.0,474.0,63178,0.0,0.0
2025-02-17 00:00:00+09:00,473.0,478.0,464.0,477.0,59532,0.0,0.0
2025-02-18 00:00:00+09:00,473.0,483.0,471.0,471.0,58420,0.0,0.0
2025-02-19 00:00:00+09:00,476.0,483.0,472.0,480.0,97778,0.0,0.0
2025-02-20 00:00:00+09:00,487.0,487.0,471.0,480.0,51726,0.0,0.0
2025-02-21 00:00:00+09:00,487.0,487.0,479.0,479.0,81955,0.0,0.0
2025-02-24 00:00:00+09:00,475.0,477.0,471.0,475.0,25225,0.0,0.0
2025-02-25 00:00:00+09:00,474.0,481.0,470.0,476.0,14683,0.0,0.0
2025-02-26 00:00:00+09:00,473.0,476.0,471.0,476.0,20741,0.0,0.0
2025-02-27 00:00:00+09:00,476.0,487.0,470.0,486.0,129498,0.0,0.0
2025-02-28 00:00:00+09:00,493.0,630.0,493.0,526.0,10453893,0.0,0.0
2025-03-04 00:00:00+09:00,525.0,525.0,450.0,465.0,982069,0.0,0.0
2025-03-05 00:00:00+09:00,464.0,490.0,457.0,469.0,447382,0.0,0.0
2025-03-06 00:00:00+09:00,493.0,493.0,458.0,462.0,295815,0.0,0.0
2025-03-07 00:00:00+09:00,462.0,466.0,450.0,459.0,280708,0.0,0.0
2025-03-10 00:00:00+09:00,459.0,459.0,444.0,449.0,175447,0.0,0.0
2025-03-11 00:00:00+09:00,445.0,449.0,437.0,443.0,122687,0.0,0.0
2025-03-12 00:00:00+09:00,443.0,449.0,440.0,440.0,144005,0.0,0.0
2025-03-13 00:00:00+09:00,443.0,509.0,441.0,445.0,624447,0.0,0.0
2025-03-14 00:00:00+09:00,442.0,466.0,442.0,453.0,108596,0.0,0.0
2025-03-17 00:00:00+09:00,453.0,461.0,440.0,450.0,121984,0.0,0.0
2025-03-18 00:00:00+09:00,446.0,454.0,443.0,444.0,75401,0.0,0.0
2025-03-19 00:00:00+09:00,444.0,468.0,444.0,447.0,110276,0.0,0.0
2025-03-20 00:00:00+09:00,451.0,454.0,446.0,446.0,33080,0.0,0.0
2025-03-21 00:00:00+09:00,446.0,459.0,435.0,442.0,77793,0.0,0.0
2025-03-24 00:00:00+09:00,442.0,447.0,438.0,439.0,45076,0.0,0.0
2025-03-25 00:00:00+09:00,443.0,451.0,438.0,441.0,52659,0.0,0.0
2025-03-26 00:00:00+09:00,441.0,450.0,440.0,446.0,10416,0.0,0.0
2025-03-27 00:00:00+09:00,449.0,449.0,438.0,439.0,41493,0.0,0.0
2025-03-28 00:00:00+09:00,439.0,455.0,430.0,430.0,63867,0.0,0.0
2025-03-31 00:00:00+09:00,413.0,441.0,413.0,422.0,43293,0.0,0.0
2025-04-01 00:00:00+09:00,422.0,433.0,411.0,421.0,65187,0.0,0.0
2025-04-02 00:00:00+09:00,443.0,465.0,434.0,446.0,222002,0.0,0.0
2025-04-03 00:00:00+09:00,446.0,458.0,438.0,442.0,77237,0.0,0.0
2025-04-04 00:00:00+09:00,442.0,449.0,432.0,443.0,81379,0.0,0.0
2025-04-07 00:00:00+09:00,449.0,457.0,428.0,433.0,96733,0.0,0.0
2025-04-08 00:00:00+09:00,433.0,451.0,422.0,437.0,39131,0.0,0.0
2025-04-09 00:00:00+09:00,437.0,444.0,420.0,420.0,52966,0.0,0.0
2025-04-10 00:00:00+09:00,431.0,438.0,430.0,431.0,43689,0.0,0.0
2025-04-11 00:00:00+09:00,434.0,451.0,431.0,448.0,54590,0.0,0.0
2025-04-14 00:00:00+09:00,456.0,459.0,445.0,450.0,60630,0.0,0.0
2025-04-15 00:00:00+09:00,450.0,459.0,450.0,457.0,69282,0.0,0.0
2025-04-16 00:00:00+09:00,458.0,481.0,457.0,466.0,123742,0.0,0.0
2025-04-17 00:00:00+09:00,466.0,472.0,460.0,465.0,76237,0.0,0.0
2025-04-18 00:00:00+09:00,465.0,477.0,446.0,457.0,91996,0.0,0.0
2025-04-21 00:00:00+09:00,455.0,483.0,446.0,461.0,126729,0.0,0.0
2025-04-22 00:00:00+09:00,462.0,485.0,461.0,461.0,212782,0.0,0.0
2025-04-23 00:00:00+09:00,465.0,468.0,461.0,466.0,63498,0.0,0.0
2025-04-24 00:00:00+09:00,467.0,470.0,461.0,464.0,80894,0.0,0.0
2025-04-25 00:00:00+09:00,474.0,474.0,463.0,463.0,44796,0.0,0.0
2025-04-28 00:00:00+09:00,462.0,475.0,446.0,458.0,128440,0.0,0.0
2025-04-29 00:00:00+09:00,458.0,465.0,458.0,462.0,31297,0.0,0.0
2025-04-30 00:00:00+09:00,462.0,475.0,452.0,470.0,70171,0.0,0.0
2025-05-02 00:00:00+09:00,470.0,476.0,461.0,463.0,42305,0.0,0.0
2025-05-07 00:00:00+09:00,472.0,475.0,440.0,461.0,57917,0.0,0.0
2025-05-08 00:00:00+09:00,461.0,467.0,458.0,466.0,82563,0.0,0.0
2025-05-09 00:00:00+09:00,466.0,471.0,460.0,461.0,38845,0.0,0.0
2025-05-12 00:00:00+09:00,462.0,473.0,450.0,463.0,228340,0.0,0.0
2025-05-13 00:00:00+09:00,465.0,494.0,463.0,475.0,213043,0.0,0.0
2025-05-14 00:00:00+09:00,475.0,490.0,467.0,477.0,66775,0.0,0.0
2025-05-15 00:00:00+09:00,477.0,485.0,469.0,484.0,89720,0.0,0.0
2025-05-16 00:00:00+09:00,480.0,484.0,474.0,481.0,40123,0.0,0.0
2025-05-19 00:00:00+09:00,480.0,480.0,460.0,460.0,96407,0.0,0.0
2025-05-20 00:00:00+09:00,460.0,468.0,446.0,446.0,132031,0.0,0.0
2025-05-21 00:00:00+09:00,448.0,457.0,443.0,443.0,82297,0.0,0.0
2025-05-22 00:00:00+09:00,446.0,452.0,443.0,443.0,35298,0.0,0.0
2025-05-23 00:00:00+09:00,443.0,453.0,443.0,444.0,58018,0.0,0.0
2025-05-26 00:00:00+09:00,442.0,456.0,440.0,454.0,51225,0.0,0.0
2025-05-27 00:00:00+09:00,464.0,468.0,454.0,458.0,27623,0.0,0.0
2025-05-28 00:00:00+09:00,460.0,465.0,453.0,463.0,64966,0.0,0.0
2025-05-29 00:00:00+09:00,460.0,471.0,460.0,467.0,41641,0.0,0.0
2025-05-30 00:00:00+09:00,472.0,472.0,463.0,467.0,56087,0.0,0.0
2025-06-02 00:00:00+09:00,467.0,474.0,458.0,458.0,77381,0.0,0.0
2025-06-04 00:00:00+09:00,472.0,472.0,458.0,464.0,35130,0.0,0.0
2025-06-05 00:00:00+09:00,467.0,468.0,464.0,467.0,21611,0.0,0.0
2025-06-09 00:00:00+09:00,467.0,474.0,463.0,470.0,74927,0.0,0.0
2025-06-10 00:00:00+09:00,475.0,475.0,465.0,472.0,48398,0.0,0.0
2025-06-11 00:00:00+09:00,474.0,474.0,464.0,467.0,54238,0.0,0.0
2025-06-12 00:00:00+09:00,471.0,471.0,464.0,464.0,47348,0.0,0.0
2025-06-13 00:00:00+09:00,468.0,473.0,450.0,453.0,104904,0.0,0.0
2025-06-16 00:00:00+09:00,457.0,467.0,454.0,457.0,38406,0.0,0.0
2025-06-17 00:00:00+09:00,460.0,467.0,455.0,456.0,64248,0.0,0.0
2025-06-18 00:00:00+09:00,460.0,465.0,456.0,456.0,70534,0.0,0.0
2025-06-19 00:00:00+09:00,461.0,461.0,450.0,454.0,40896,0.0,0.0
2025-06-20 00:00:00+09:00,454.0,458.0,449.0,452.0,86283,0.0,0.0
2025-06-23 00:00:00+09:00,452.0,455.0,438.0,440.0,93469,0.0,0.0
2025-06-24 00:00:00+09:00,438.0,455.0,436.0,450.0,54752,0.0,0.0
2025-06-25 00:00:00+09:00,450.0,459.0,450.0,457.0,35001,0.0,0.0
2025-06-26 00:00:00+09:00,460.0,460.0,448.0,448.0,40640,0.0,0.0
2025-06-27 00:00:00+09:00,448.0,453.0,445.0,448.0,23966,0.0,0.0
2025-06-30 00:00:00+09:00,452.0,454.0,444.0,449.0,41719,0.0,0.0
2025-07-01 00:00:00+09:00,451.0,451.0,442.0,445.0,50076,0.0,0.0
2025-07-02 00:00:00+09:00,445.0,449.0,445.0,445.0,30865,0.0,0.0
2025-07-03 00:00:00+09:00,449.0,449.0,445.0,445.0,33413,0.0,0.0
2025-07-04 00:00:00+09:00,449.0,449.0,443.0,446.0,67826,0.0,0.0
2025-07-07 00:00:00+09:00,445.0,450.0,443.0,447.0,42626,0.0,0.0
2025-07-08 00:00:00+09:00,448.0,450.0,439.0,446.0,94306,0.0,0.0
2025-07-09 00:00:00+09:00,448.0,463.0,448.0,451.0,20457,0.0,0.0
2025-07-10 00:00:00+09:00,451.0,457.0,448.0,451.0,95321,0.0,0.0
2025-07-11 00:00:00+09:00,451.0,455.0,447.0,452.0,49372,0.0,0.0
2025-07-14 00:00:00+09:00,454.0,459.0,446.0,448.0,42681,0.0,0.0
2025-07-15 00:00:00+09:00,448.0,448.0,436.0,447.0,104524,0.0,0.0
2025-07-16 00:00:00+09:00,447.0,447.0,442.0,446.0,34393,0.0,0.0
2025-07-17 00:00:00+09:00,445.0,449.0,444.0,446.0,37418,0.0,0.0
2025-07-18 00:00:00+09:00,448.0,451.0,444.0,447.0,36509,0.0,0.0
2025-07-21 00:00:00+09:00,450.0,461.0,443.0,453.0,158006,0.0,0.0
2025-07-22 00:00:00+09:00,453.0,465.0,453.0,464.0,83474,0.0,0.0
2025-07-23 00:00:00+09:00,460.0,468.0,444.0,449.0,81283,0.0,0.0
2025-07-24 00:00:00+09:00,450.0,464.0,446.0,455.0,39760,0.0,0.0
2025-07-25 00:00:00+09:00,454.0,455.0,450.0,453.0,17039,0.0,0.0
2025-07-28 00:00:00+09:00,450.0,450.0,444.0,444.0,16861,0.0,0.0
2025-07-29 00:00:00+09:00,444.0,446.0,440.0,446.0,41145,0.0,0.0
2025-07-30 00:00:00+09:00,446.0,462.0,443.0,452.0,25754,0.0,0.0
2025-07-31 00:00:00+09:00,454.0,463.0,446.0,453.0,32832,0.0,0.0
2025-08-01 00:00:00+09:00,453.0,453.0,426.0,443.0,104020,0.0,0.0
2025-08-04 00:00:00+09:00,439.0,444.0,437.0,440.0,66541,0.0,0.0
2025-08-05 00:00:00+09:00,440.0,453.0,440.0,445.0,44481,0.0,0.0
2025-08-06 00:00:00+09:00,447.0,455.0,445.0,448.0,70933,0.0,0.0
2025-08-07 00:00:00+09:00,455.0,464.0,448.0,455.0,42997,0.0,0.0
2025-08-08 00:00:00+09:00,455.0,462.0,453.0,461.0,42002,0.0,0.0
2025-08-11 00:00:00+09:00,461.0,481.0,442.0,481.0,209433,0.0,0.0
2025-08-12 00:00:00+09:00,475.0,490.0,465.0,489.0,144125,0.0,0.0
2025-08-13 00:00:00+09:00,489.0,494.0,473.0,491.0,115446,0.0,0.0
2025-08-14 00:00:00+09:00,491.0,491.0,472.0,472.0,60165,0.0,0.0
2025-08-18 00:00:00+09:00,472.0,488.0,463.0,465.0,113595,0.0,0.0
2025-08-19 00:00:00+09:00,465.0,500.0,465.0,480.0,82144,0.0,0.0
2025-08-20 00:00:00+09:00,476.0,500.0,452.0,471.0,100276,0.0,0.0
2025-08-21 00:00:00+09:00,467.0,473.0,460.0,461.0,39030,0.0,0.0
2025-08-22 00:00:00+09:00,457.0,469.0,457.0,457.0,59422,0.0,0.0
2025-08-25 00:00:00+09:00,459.0,471.0,459.0,464.0,29073,0.0,0.0
2025-08-26 00:00:00+09:00,464.0,469.0,460.0,464.0,60116,0.0,0.0
2025-08-27 00:00:00+09:00,463.0,468.0,459.0,459.0,35239,0.0,0.0
2025-08-28 00:00:00+09:00,457.0,464.0,454.0,462.0,32542,0.0,0.0
2025-08-29 00:00:00+09:00,462.0,467.0,430.0,446.0,77987,0.0,0.0
2025-09-01 00:00:00+09:00,446.0,450.0,440.0,445.0,75184,0.0,0.0
2025-09-02 00:00:00+09:00,445.0,452.0,440.0,442.0,54534,0.0,0.0
2025-09-03 00:00:00+09:00,454.0,454.0,442.0,444.0,55205,0.0,0.0
2025-09-04 00:00:00+09:00,445.0,459.0,444.0,450.0,100585,0.0,0.0
2025-09-05 00:00:00+09:00,450.0,454.0,448.0,453.0,40500,0.0,0.0
2025-09-08 00:00:00+09:00,453.0,455.0,448.0,448.0,34090,0.0,0.0
2025-09-09 00:00:00+09:00,448.0,452.0,445.0,452.0,41789,0.0,0.0
2025-09-10 00:00:00+09:00,452.0,454.0,443.0,452.0,39429,0.0,0.0
2025-09-11 00:00:00+09:00,448.0,451.0,445.0,450.0,29016,0.0,0.0
2025-09-12 00:00:00+09:00,448.0,453.0,443.0,447.0,46479,0.0,0.0
2025-09-15 00:00:00+09:00,447.0,447.0,441.0,441.0,61935,0.0,0.0
2025-09-16 00:00:00+09:00,441.0,447.0,441.0,447.0,74484,0.0,0.0
2025-09-17 00:00:00+09:00,447.0,450.0,443.0,445.0,23718,0.0,0.0
2025-09-18 00:00:00+09:00,445.0,449.0,443.0,446.0,35424,0.0,0.0
2025-09-22 00:00:00+09:00,445.0,447.0,444.0,445.0,23729,0.0,0.0
2025-09-23 00:00:00+09:00,443.0,445.0,440.0,444.0,42523,0.0,0.0
2025-09-24 00:00:00+09:00,443.0,444.0,441.0,443.0,34175,0.0,0.0
2025-09-25 00:00:00+09:00,443.0,444.0,440.0,442.0,35494,0.0,0.0
2025-09-26 00:00:00+09:00,442.0,445.0,435.0,436.0,58154,0.0,0.0
2025-09-29 00:00:00+09:00,436.0,436.0,429.0,429.0,107332,0.0,0.0
2025-09-30 00:00:00+09:00,431.0,435.0,426.0,429.0,88329,0.0,0.0
2025-10-01 00:00:00+09:00,429.0,435.0,429.0,431.0,71569,0.0,0.0
2025-10-02 00:00:00+09:00,433.0,435.0,421.0,427.0,145872,0.0,0.0
2025-10-10 00:00:00+09:00,429.0,442.0,427.0,427.0,87968,0.0,0.0
2025-10-13 00:00:00+09:00,429.0,440.0,428.0,436.0,78456,0.0,0.0
2025-10-14 00:00:00+09:00,437.0,441.0,426.0,426.0,67524,0.0,0.0
2025-10-15 00:00:00+09:00,426.0,430.0,421.0,426.0,30779,0.0,0.0
2025-10-16 00:00:00+09:00,426.0,553.0,426.0,553.0,9245986,0.0,0.0
2025-10-17 00:00:00+09:00,559.0,604.0,478.0,478.0,9128210,0.0,0.0
2025-10-20 00:00:00+09:00,474.0,490.0,459.0,477.0,944977,0.0,0.0
2025-10-21 00:00:00+09:00,477.0,490.0,455.0,461.0,447612,0.0,0.0
2025-10-22 00:00:00+09:00,463.0,474.0,445.0,456.0,305230,0.0,0.0
2025-10-23 00:00:00+09:00,456.0,492.0,456.0,466.0,472994,0.0,0.0
2025-10-24 00:00:00+09:00,466.0,487.0,463.0,475.0,178242,0.0,0.0
2025-10-27 00:00:00+09:00,475.0,483.0,461.0,462.0,206564,0.0,0.0
2025-10-28 00:00:00+09:00,462.0,485.0,458.0,466.0,212634,0.0,0.0
2025-10-29 00:00:00+09:00,486.0,605.0,470.0,605.0,8190102,0.0,0.0
2025-10-30 00:00:00+09:00,648.0,743.0,584.0,590.0,20802947,0.0,0.0
2025-10-31 00:00:00+09:00,609.0,610.0,520.0,523.0,2113329,0.0,0.0
2025-11-03 00:00:00+09:00,523.0,679.0,512.0,679.0,10041218,0.0,0.0
2025-11-04 00:00:00+09:00,725.0,776.0,621.0,633.0,7572214,0.0,0.0
2025-11-05 00:00:00+09:00,633.0,809.0,611.0,715.0,16034207,0.0,0.0
2025-11-06 00:00:00+09:00,715.0,718.0,649.0,649.0,1681857,0.0,0.0
2025-11-07 00:00:00+09:00,651.0,698.0,587.0,609.0,1136735,0.0,0.0
2025-11-10 00:00:00+09:00,609.0,625.0,594.0,602.0,480381,0.0,0.0
2025-11-11 00:00:00+09:00,605.0,782.0,605.0,782.0,16710397,0.0,0.0
2025-11-12 00:00:00+09:00,830.0,850.0,706.0,721.0,8961224,0.0,0.0
2025-11-13 00:00:00+09:00,719.0,732.0,672.0,689.0,1665064,0.0,0.0
2025-11-14 00:00:00+09:00,713.0,772.0,665.0,680.0,2800501,0.0,0.0
2025-11-17 00:00:00+09:00,703.0,769.0,680.0,690.0,3114580,0.0,0.0
2025-11-18 00:00:00+09:00,711.0,720.0,635.0,640.0,1023916,0.0,0.0
2025-11-19 00:00:00+09:00,652.0,652.0,616.0,627.0,593210,0.0,0.0
2025-11-20 00:00:00+09:00,652.0,660.0,614.0,644.0,479510,0.0,0.0
2025-11-21 00:00:00+09:00,627.0,638.0,590.0,609.0,609787,0.0,0.0
2025-11-24 00:00:00+09:00,609.0,627.0,551.0,582.0,732176,0.0,0.0
2025-11-25 00:00:00+09:00,580.0,592.0,549.0,549.0,630755,0.0,0.0
2025-11-26 00:00:00+09:00,548.0,567.0,523.0,558.0,471404,0.0,0.0
2025-11-27 00:00:00+09:00,552.0,698.0,545.0,608.0,9311578,0.0,0.0
2025-11-28 00:00:00+09:00,609.0,622.0,576.0,597.0,1024694,0.0,0.0
2025-12-01 00:00:00+09:00,595.0,600.0,562.0,570.0,421891,0.0,0.0
2025-12-02 00:00:00+09:00,575.0,613.0,565.0,575.0,489290,0.0,0.0
2025-12-03 00:00:00+09:00,575.0,592.0,566.0,583.0,227317,0.0,0.0
2025-12-04 00:00:00+09:00,583.0,594.0,563.0,566.0,308957,0.0,0.0
2025-12-05 00:00:00+09:00,566.0,582.0,566.0,575.0,283536,0.0,0.0
2025-12-08 00:00:00+09:00,575.0,579.0,554.0,570.0,287648,0.0,0.0
2025-12-09 00:00:00+09:00,570.0,572.0,556.0,572.0,196163,0.0,0.0
2025-12-10 00:00:00+09:00,570.0,575.0,560.0,574.0,157831,0.0,0.0
2025-12-11 00:00:00+09:00,574.0,596.0,561.0,578.0,423787,0.0,0.0
2025-12-12 00:00:00+09:00,575.0,587.0,566.0,579.0,194629,0.0,0.0
2025-12-15 00:00:00+09:00,580.0,589.0,569.0,580.0,149092,0.0,0.0
2025-12-16 00:00:00+09:00,581.0,595.0,551.0,560.0,245646,0.0,0.0
2025-12-17 00:00:00+09:00,566.0,622.0,557.0,584.0,452735,0.0,0.0
2025-12-18 00:00:00+09:00,584.0,584.0,564.0,575.0,122488,0.0,0.0
2025-12-19 00:00:00+09:00,575.0,593.0,560.0,569.0,154267,0.0,0.0
2025-12-22 00:00:00+09:00,576.0,579.0,567.0,577.0,267124,0.0,0.0
2025-12-23 00:00:00+09:00,588.0,588.0,557.0,560.0,171987,0.0,0.0
2025-12-24 00:00:00+09:00,560.0,579.0,560.0,565.0,93542,0.0,0.0
2025-12-26 00:00:00+09:00,565.0,576.0,555.0,570.0,241684,0.0,0.0
2025-12-29 00:00:00+09:00,570.0,579.0,556.0,560.0,164195,0.0,0.0
2025-12-30 00:00:00+09:00,551.0,559.0,543.0,543.0,177473,0.0,0.0
2026-01-02 00:00:00+09:00,552.0,594.0,545.0,578.0,318300,0.0,0.0
2026-01-05 00:00:00+09:00,578.0,622.0,578.0,604.0,368649,0.0,0.0
2026-01-06 00:00:00+09:00,604.0,606.0,585.0,592.0,141276,0.0,0.0
2026-01-07 00:00:00+09:00,589.0,610.0,572.0,581.0,148357,0.0,0.0
2026-01-08 00:00:00+09:00,575.0,606.0,570.0,597.0,186249,0.0,0.0
2026-01-09 00:00:00+09:00,593.0,595.0,577.0,587.0,149511,0.0,0.0
2026-01-12 00:00:00+09:00,582.0,587.0,563.0,580.0,112646,0.0,0.0
2026-01-13 00:00:00+09:00,580.0,660.0,577.0,617.0,891927,0.0,0.0
2026-01-14 00:00:00+09:00,617.0,620.0,602.0,610.0,92373,0.0,0.0
2026-01-15 00:00:00+09:00,605.0,629.0,605.0,623.0,172731,0.0,0.0
2026-01-16 00:00:00+09:00,623.0,631.0,598.0,601.0,216675,0.0,0.0
2026-01-19 00:00:00+09:00,601.0,607.0,567.0,594.0,243313,0.0,0.0
2026-01-20 00:00:00+09:00,595.0,595.0,543.0,589.0,205924,0.0,0.0
2026-01-21 00:00:00+09:00,578.0,594.0,565.0,578.0,112545,0.0,0.0
2026-01-22 00:00:00+09:00,565.0,580.0,555.0,568.0,241453,0.0,0.0
2026-01-23 00:00:00+09:00,571.0,579.0,562.0,573.0,118341,0.0,0.0
2026-01-26 00:00:00+09:00,573.0,580.0,564.0,574.0,125639,0.0,0.0
2026-01-27 00:00:00+09:00,570.0,578.0,555.0,561.0,130896,0.0,0.0
2026-01-28 00:00:00+09:00,572.0,587.0,570.0,580.0,195306,0.0,0.0
2026-01-29 00:00:00+09:00,580.0,588.0,560.0,564.0,251759,0.0,0.0
2026-01-30 00:00:00+09:00,564.0,574.0,543.0,543.0,214134,0.0,0.0
2026-02-02 00:00:00+09:00,550.0,564.0,530.0,530.0,165608,0.0,0.0
2026-02-03 00:00:00+09:00,533.0,550.0,530.0,548.0,100476,0.0,0.0
2026-02-04 00:00:00+09:00,551.0,551.0,526.0,530.0,242586,0.0,0.0
2026-02-05 00:00:00+09:00,530.0,543.0,513.0,518.0,183138,0.0,0.0
2026-02-06 00:00:00+09:00,518.0,522.0,479.0,511.0,218300,0.0,0.0
2026-02-09 00:00:00+09:00,511.0,530.0,510.0,520.0,87981,0.0,0.0
2026-02-10 00:00:00+09:00,525.0,535.0,515.0,525.0,101921,0.0,0.0
2026-02-11 00:00:00+09:00,530.0,537.0,512.0,526.0,73630,0.0,0.0
2026-02-12 00:00:00+09:00,531.0,536.0,505.0,507.0,122800,0.0,0.0
2026-02-13 00:00:00+09:00,501.0,530.0,376.0,424.0,2269591,0.0,0.0
2026-02-19 00:00:00+09:00,424.0,462.0,372.0,399.0,1285974,0.0,0.0
2026-02-20 00:00:00+09:00,399.0,490.0,369.0,382.0,1410633,0.0,0.0
2026-02-23 00:00:00+09:00,382.0,408.0,382.0,397.0,431063,0.0,0.0
2026-02-24 00:00:00+09:00,396.0,416.0,389.0,407.0,330848,0.0,0.0
2026-02-25 00:00:00+09:00,407.0,410.0,392.0,405.0,307327,0.0,0.0
2026-02-26 00:00:00+09:00,404.0,405.0,380.0,380.0,339923,0.0,0.0
2026-02-27 00:00:00+09:00,380.0,380.0,364.0,364.0,293489,0.0,0.0
2026-03-03 00:00:00+09:00,360.0,364.0,306.0,307.0,819446,0.0,0.0
2026-03-04 00:00:00+09:00,307.0,307.0,252.0,260.0,646919,0.0,0.0
2026-03-05 00:00:00+09:00,260.0,337.0,260.0,305.0,722663,0.0,0.0
2026-03-06 00:00:00+09:00,305.0,385.0,305.0,330.0,1472705,0.0,0.0
2026-03-09 00:00:00+09:00,330.0,332.0,270.0,296.0,477576,0.0,0.0
2026-03-10 00:00:00+09:00,301.0,330.0,296.0,321.0,350350,0.0,0.0
2026-03-11 00:00:00+09:00,322.0,417.0,313.0,417.0,4355155,0.0,0.0
2026-03-12 00:00:00+09:00,449.0,542.0,417.0,422.0,17672772,0.0,0.0
2026-03-13 00:00:00+09:00,402.0,422.0,366.0,383.0,3265280,0.0,0.0
2026-03-16 00:00:00+09:00,393.0,393.0,354.0,380.0,1514214,0.0,0.0
2026-03-17 00:00:00+09:00,394.0,411.0,359.0,359.0,900518,0.0,0.0
2026-03-18 00:00:00+09:00,364.0,465.0,364.0,413.0,9894803,0.0,0.0
2026-03-19 00:00:00+09:00,408.0,408.0,379.0,387.0,1355206,0.0,0.0
2026-03-20 00:00:00+09:00,388.0,489.0,388.0,410.0,3071913,0.0,0.0
2026-03-23 00:00:00+09:00,410.0,450.0,382.0,389.0,2309463,0.0,0.0
2026-03-24 00:00:00+09:00,427.0,505.0,427.0,505.0,2150223,0.0,0.0
2026-03-25 00:00:00+09:00,656.0,656.0,656.0,656.0,806858,0.0,0.0
2026-03-26 00:00:00+09:00,852.0,852.0,852.0,852.0,3970699,0.0,0.0
2026-03-27 00:00:00+09:00,876.0,1107.0,711.0,895.0,57567111,0.0,0.0
2026-03-30 00:00:00+09:00,922.0,1119.0,830.0,941.0,25020014,0.0,0.0
2026-03-31 00:00:00+09:00,941.0,941.0,712.0,717.0,8160758,0.0,0.0
2026-04-01 00:00:00+09:00,766.0,932.0,750.0,932.0,7858832,0.0,0.0
2026-04-02 00:00:00+09:00,1100.0,1211.0,950.0,1211.0,33211254,0.0,0.0
2026-04-03 00:00:00+09:00,1211.0,1211.0,1211.0,1211.0,0,0.0,0.0
2026-04-06 00:00:00+09:00,1404.0,1574.0,1352.0,1574.0,7201901,0.0,0.0
2026-04-07 00:00:00+09:00,1800.0,2045.0,1795.0,2045.0,9634195,0.0,0.0
2026-04-08 00:00:00+09:00,2045.0,2045.0,2045.0,2045.0,0,0.0,0.0
2026-04-09 00:00:00+09:00,2460.0,2655.0,2440.0,2655.0,3856508,0.0,0.0
2026-04-10 00:00:00+09:00,3420.0,3430.0,2735.0,2925.0,52852496,0.0,0.0
2026-04-13 00:00:00+09:00,2735.0,3670.0,2635.0,3340.0,43620938,0.0,0.0
2026-04-14 00:00:00+09:00,3340.0,3340.0,3340.0,3340.0,0,0.0,0.0
2026-04-15 00:00:00+09:00,3810.0,4340.0,3430.0,4340.0,26098328,0.0,0.0
2026-04-16 00:00:00+09:00,4330.0,5080.0,3040.0,3040.0,31110811,0.0,0.0
2026-04-17 00:00:00+09:00,2800.0,3050.0,2280.0,2780.0,47184382,0.0,0.0
2026-04-20 00:00:00+09:00,2645.0,2840.0,2335.0,2445.0,16079983,0.0,0.0
2026-04-21 00:00:00+09:00,2430.0,2505.0,2090.0,2215.0,14316106,0.0,0.0
2026-04-22 00:00:00+09:00,2140.0,2355.0,2100.0,2110.0,9876563,0.0,0.0
2026-04-23 00:00:00+09:00,2110.0,2155.0,1716.0,1823.0,13084356,0.0,0.0
2026-04-24 00:00:00+09:00,1845.0,1990.0,1720.0,1737.0,9419125,0.0,0.0
2026-04-27 00:00:00+09:00,1738.0,2255.0,1722.0,2255.0,15552184,0.0,0.0
2026-04-28 00:00:00+09:00,2370.0,2375.0,1927.0,1960.0,16967175,0.0,0.0
2026-04-29 00:00:00+09:00,1893.0,1993.0,1801.0,1840.0,6139519,0.0,0.0
2026-04-30 00:00:00+09:00,1844.0,1865.0,1568.0,1596.0,6780303,0.0,0.0
2026-05-04 00:00:00+09:00,1620.0,1829.0,1570.0,1610.0,8892721,0.0,0.0
2026-05-06 00:00:00+09:00,1620.0,1690.0,1421.0,1488.0,6520525,0.0,0.0
2026-05-07 00:00:00+09:00,1514.0,1799.0,1400.0,1565.0,10538931,0.0,0.0
2026-05-08 00:00:00+09:00,1606.0,1640.0,1410.0,1529.0,4637732,0.0,0.0
2026-05-11 00:00:00+09:00,1535.0,1987.0,1480.0,1987.0,13316842,0.0,0.0
2026-05-12 00:00:00+09:00,2080.0,2490.0,1833.0,2305.0,58396696,0.0,0.0
2026-05-13 00:00:00+09:00,2255.0,2340.0,2050.0,2135.0,10823399,0.0,0.0
2026-05-14 00:00:00+09:00,2185.0,2375.0,1982.0,2310.0,13632463,0.0,0.0
2026-05-15 00:00:00+09:00,2185.0,2240.0,1960.0,2075.0,4752422,0.0,0.0
2026-05-18 00:00:00+09:00,1917.0,2080.0,1731.0,1875.0,6904273,0.0,0.0
2026-05-19 00:00:00+09:00,1875.0,1993.0,1701.0,1745.0,3563627,0.0,0.0
2026-05-20 00:00:00+09:00,1706.0,2265.0,1608.0,2265.0,49915341,0.0,0.0
2026-05-21 00:00:00+09:00,2320.0,2550.0,2090.0,2100.0,38023061,0.0,0.0
2026-05-22 00:00:00+09:00,2175.0,2300.0,1999.0,2190.0,14891539,0.0,0.0
2026-05-26 00:00:00+09:00,2235.0,2540.0,2135.0,2355.0,21715100,0.0,0.0
2026-05-27 00:00:00+09:00,2445.0,2860.0,2140.0,2230.0,26064196,0.0,0.0
2026-05-28 00:00:00+09:00,2190.0,2300.0,1878.0,1935.0,5493001,0.0,0.0
2026-05-29 00:00:00+09:00,2155.0,2155.0,1728.0,1758.0,4677491,0.0,0.0
2026-06-01 00:00:00+09:00,1760.0,1760.0,1566.0,1591.0,3445298,0.0,0.0
2026-06-02 00:00:00+09:00,1582.0,1584.0,1388.0,1435.0,4158524,0.0,0.0
2026-06-04 00:00:00+09:00,1512.0,1865.0,1508.0,1625.0,25118211,0.0,0.0
2026-06-05 00:00:00+09:00,1544.0,1865.0,1514.0,1560.0,11728324,0.0,0.0
2026-06-08 00:00:00+09:00,1391.0,1490.0,1307.0,1383.0,3256050,0.0,0.0
2026-06-09 00:00:00+09:00,1530.0,1797.0,1500.0,1584.0,19309153,0.0,0.0
2026-06-10 00:00:00+09:00,1568.0,1713.0,1460.0,1504.0,4505,0.0,0.0
2026-06-11 00:00:00+09:00,1398.0,1680.0,1393.0,1545.0,4887693,0.0,0.0
2026-06-12 00:00:00+09:00,1635.0,1700.0,1492.0,1500.0,4387200,0.0,0.0
2026-06-15 00:00:00+09:00,1558.0,1615.0,1471.0,1505.0,2327898,0.0,0.0
2026-06-16 00:00:00+09:00,1540.0,1774.0,1521.0,1594.0,7588395,0.0,0.0
2026-06-17 00:00:00+09:00,1589.0,1589.0,1486.0,1508.0,2310433,0.0,0.0
2026-06-18 00:00:00+09:00,1503.0,1653.0,1445.0,1501.0,4955412,0.0,0.0
2026-06-19 00:00:00+09:00,1546.0,1550.0,1325.0,1386.0,1984585,0.0,0.0
2026-06-22 00:00:00+09:00,1380.0,1410.0,1200.0,1235.0,1961827,0.0,0.0
2026-06-23 00:00:00+09:00,1269.0,1315.0,1123.0,1131.0,2155380,0.0,0.0
2026-06-24 00:00:00+09:00,1125.0,1198.0,1090.0,1140.0,1240819,0.0,0.0
2026-06-25 00:00:00+09:00,1172.0,1360.0,1040.0,1050.0,3697215,0.0,0.0
2026-06-26 00:00:00+09:00,1023.0,1049.0,935.0,951.0,2016140,0.0,0.0
2026-06-29 00:00:00+09:00,931.0,1032.0,931.0,1020.0,1163722,0.0,0.0
2026-06-30 00:00:00+09:00,1040.0,1087.0,940.0,959.0,1164984,0.0,0.0
2026-07-01 00:00:00+09:00,958.0,1003.0,911.0,956.0,1357282,0.0,0.0
2026-07-02 00:00:00+09:00,898.0,930.0,827.0,842.0,1459912,0.0,0.0
2026-07-03 00:00:00+09:00,834.0,950.0,824.0,944.0,1628414,0.0,0.0
