Date,Open,High,Low,Close,Volume,Dividends,Stock Splits
2003-08-29 00:00:00+09:00,693.9774028778077,745.3563346862793,688.1882274627686,694.7010498046875,1983000,0.0,0.0
2003-09-01 00:00:00+09:00,693.9775877593667,701.9377060756889,644.7695836221019,672.9918212890625,325000,0.0,0.0
2003-09-02 00:00:00+09:00,658.5189316891834,669.3736393543898,647.6642240239771,654.9006958007812,116000,0.0,0.0
2003-09-03 00:00:00+09:00,659.9662260445442,659.9662260445442,647.6642240239771,654.9006958007812,88000,0.0,0.0
2003-09-04 00:00:00+09:00,651.2824599123792,654.9006958007812,651.2824599123792,654.9006958007812,19000,0.0,0.0
2003-09-05 00:00:00+09:00,657.7952193282421,665.7553374939304,652.0060424804688,652.0060424804688,22000,0.0,0.0
2003-09-08 00:00:00+09:00,657.0716080912043,658.5189023821541,644.0459594726562,644.0459594726562,20000,0.0,0.0
2003-09-09 00:00:00+09:00,693.9774517854905,701.9375685421542,662.1369847588361,676.6099243164062,197000,0.0,0.0
2003-09-10 00:00:00+09:00,678.0572856440205,694.7011677889644,678.0572856440205,691.8065795898438,80000,0.0,0.0
2003-09-11 00:00:00+09:00,691.806462097168,697.5956375122071,690.3591682434082,694.7010498046875,99000,0.0,0.0
2003-09-12 00:00:00+09:00,693.9775963268979,697.5958319698952,687.4647721695026,691.0830078125,62000,0.0,0.0
2003-09-15 00:00:00+09:00,691.0830078125,691.0830078125,691.0830078125,691.0830078125,0,0.0,0.0
2003-09-16 00:00:00+09:00,691.0829862029386,691.0829862029386,652.0060424804688,652.0060424804688,9000,0.0,0.0
2003-09-17 00:00:00+09:00,657.7953128317127,665.7554321289062,654.9007239963697,665.7554321289062,29000,0.0,0.0
2003-09-18 00:00:00+09:00,665.7553500924059,672.9918212890625,662.1371144940777,672.9918212890625,27000,0.0,0.0
2003-09-19 00:00:00+09:00,675.8862773385277,680.2281592057989,672.9916894270137,676.6099243164062,19000,0.0,0.0
2003-09-22 00:00:00+09:00,675.1628595987955,678.0574484931099,675.1628595987955,677.3338012695312,13000,0.0,0.0
2003-09-23 00:00:00+09:00,677.3338012695312,677.3338012695312,677.3338012695312,677.3338012695312,0,0.0,0.0
2003-09-24 00:00:00+09:00,675.8865068223741,678.0574484931099,675.8865068223741,677.3338012695312,33000,0.0,0.0
2003-09-25 00:00:00+09:00,677.3336830950798,680.228271484375,676.610035997756,680.228271484375,35000,0.0,0.0
2003-09-26 00:00:00+09:00,680.228271484375,683.846506970994,680.228271484375,680.228271484375,7000,0.0,0.0
2003-09-29 00:00:00+09:00,683.846506970994,683.846506970994,676.610035997756,680.228271484375,14000,0.0,0.0
2003-09-30 00:00:00+09:00,683.1228494957011,683.8464965820312,677.3336728050596,683.8464965820312,15000,0.0,0.0
2003-10-01 00:00:00+09:00,677.333686957925,683.846510870982,672.9918043492204,683.1228637695312,28000,0.0,0.0
2003-10-02 00:00:00+09:00,680.228450254013,680.9520975415172,662.1372680664062,662.1372680664062,14000,0.0,0.0
2003-10-03 00:00:00+09:00,669.3735650245179,683.846506970994,662.1370940512799,680.228271484375,25000,0.0,0.0
2003-10-06 00:00:00+09:00,701.9376988002232,774.302410016741,698.3194632393972,759.8294677734375,198000,0.0,0.0
2003-10-07 00:00:00+09:00,767.0659710427989,846.6671567170516,767.0659710427989,832.1942138671875,134000,0.0,0.0
2003-10-08 00:00:00+09:00,824.9576416015625,853.9035237630209,817.7211710611979,846.6670532226562,83000,0.0,0.0
2003-10-09 00:00:00+09:00,839.4306802040289,875.613037109375,839.4306802040289,875.613037109375,37000,0.0,0.0
2003-10-10 00:00:00+09:00,875.6130160972721,882.8494873046875,824.9577176453637,882.8494873046875,124000,0.0,0.0
2003-10-13 00:00:00+09:00,882.8494873046875,882.8494873046875,882.8494873046875,882.8494873046875,0,0.0,0.0
2003-10-14 00:00:00+09:00,890.085896484375,919.031779296875,890.085896484375,904.558837890625,55000,0.0,0.0
2003-10-15 00:00:00+09:00,926.2685122282609,998.6332397460938,919.0320394764776,998.6332397460938,61000,0.0,0.0
2003-10-16 00:00:00+09:00,998.6331667792529,998.6331667792529,962.4508056640625,962.4508056640625,33000,0.0,0.0
2003-10-17 00:00:00+09:00,969.687234157986,991.3966498480902,962.4507622612847,976.9237060546875,20000,0.0,0.0
2003-10-20 00:00:00+09:00,969.687234157986,984.1601779513888,940.7413465711805,976.9237060546875,18000,0.0,0.0
2003-10-21 00:00:00+09:00,969.687234157986,984.1601779513888,969.687234157986,976.9237060546875,14000,0.0,0.0
2003-10-22 00:00:00+09:00,984.1601779513888,984.1601779513888,969.687234157986,976.9237060546875,7000,0.0,0.0
2003-10-23 00:00:00+09:00,969.687234157986,984.1601779513888,962.4507622612847,976.9237060546875,22000,0.0,0.0
2003-10-24 00:00:00+09:00,969.687234157986,976.9237060546875,969.687234157986,976.9237060546875,4000,0.0,0.0
2003-10-27 00:00:00+09:00,976.9237060546875,976.9237060546875,976.9237060546875,976.9237060546875,3000,0.0,0.0
2003-10-28 00:00:00+09:00,976.9235434460995,976.9235434460995,962.4506020617129,969.6870727539062,17000,0.0,0.0
2003-10-29 00:00:00+09:00,969.6872778871005,969.6872778871005,947.9778612179864,962.4508056640625,23000,0.0,0.0
2003-10-30 00:00:00+09:00,969.6870727539061,969.6870727539061,969.6870727539061,969.6870727539062,2000,0.0,0.0
2003-10-31 00:00:00+09:00,955.2141313695196,976.9235434460995,955.2141313695196,969.6870727539062,3000,0.0,0.0
2003-11-03 00:00:00+09:00,969.6870727539061,969.6870727539061,969.6870727539061,969.6870727539062,0,0.0,0.0
2003-11-04 00:00:00+09:00,969.6870727539061,969.6870727539061,969.6870727539061,969.6870727539062,1000,0.0,0.0
2003-11-05 00:00:00+09:00,969.6869904489229,976.9234605268999,947.9775802149918,955.2140502929688,25000,0.0,0.0
2003-11-06 00:00:00+09:00,947.9775802149918,969.6869904489229,947.9775802149918,955.2140502929688,14000,0.0,0.0
2003-11-07 00:00:00+09:00,969.6870727539061,976.9235434460995,962.4506020617129,969.6870727539062,17000,0.0,0.0
2003-11-10 00:00:00+09:00,955.2142986918606,976.923714571221,933.5048828125,933.5048828125,8000,0.0,0.0
2003-11-11 00:00:00+09:00,919.0318709663723,926.2683423913043,810.4847995923913,832.1942138671875,16000,0.0,0.0
2003-11-12 00:00:00+09:00,824.9577237019496,853.9036087441233,817.7212524414062,817.7212524414062,14000,0.0,0.0
2003-11-13 00:00:00+09:00,832.1942138671875,832.1942138671875,824.9577424422554,832.1942138671875,4000,0.0,0.0
2003-11-14 00:00:00+09:00,853.903564453125,853.903564453125,853.903564453125,853.903564453125,1000,0.0,0.0
2003-11-17 00:00:00+09:00,824.9576416015625,824.9576416015625,824.9576416015625,824.9576416015625,1000,0.0,0.0
2003-11-18 00:00:00+09:00,796.0119018554688,796.0119018554688,781.5389581853693,796.0119018554688,10000,0.0,0.0
2003-11-19 00:00:00+09:00,796.0118233816963,796.0118233816963,759.8294677734375,759.8294677734375,2000,0.0,0.0
2003-11-20 00:00:00+09:00,738.1199743652344,774.3023260498047,723.6470336914062,723.6470336914062,12000,0.0,0.0
2003-11-21 00:00:00+09:00,730.8835832868303,759.8294677734375,730.8835832868303,759.8294677734375,5000,0.0,0.0
2003-11-24 00:00:00+09:00,759.8294677734375,759.8294677734375,759.8294677734375,759.8294677734375,0,0.0,0.0
2003-11-25 00:00:00+09:00,788.7752685546875,788.7752685546875,788.7752685546875,788.7752685546875,1000,0.0,0.0
2003-11-26 00:00:00+09:00,788.7752685546875,788.7752685546875,788.7752685546875,788.7752685546875,1000,0.0,0.0
2003-11-27 00:00:00+09:00,796.0119018554688,796.0119018554688,796.0119018554688,796.0119018554688,3000,0.0,0.0
2003-11-28 00:00:00+09:00,781.5389581853693,796.0119018554688,781.5389581853693,796.0119018554688,2000,0.0,0.0
2003-12-01 00:00:00+09:00,796.0119018554688,796.0119018554688,788.775430020419,796.0119018554688,4000,0.0,0.0
2003-12-02 00:00:00+09:00,810.4849468609234,810.4849468609234,803.2484741210938,803.2484741210938,2000,0.0,0.0
2003-12-03 00:00:00+09:00,803.2484741210938,803.2484741210938,803.2484741210938,803.2484741210938,1000,0.0,0.0
2003-12-04 00:00:00+09:00,796.0119018554688,803.2483736905185,796.0119018554688,796.0119018554688,6000,0.0,0.0
2003-12-05 00:00:00+09:00,810.4849243164062,817.7213968549456,810.4849243164062,810.4849243164062,7000,0.0,0.0
2003-12-08 00:00:00+09:00,810.4849243164062,810.4849243164062,810.4849243164062,810.4849243164062,2000,0.0,0.0
2003-12-09 00:00:00+09:00,803.2484517778669,810.4849243164062,803.2484517778669,810.4849243164062,2000,0.0,0.0
2003-12-10 00:00:00+09:00,832.1942138671875,832.1942138671875,832.1942138671875,832.1942138671875,2000,0.0,0.0
2003-12-11 00:00:00+09:00,817.7212524414062,817.7212524414062,817.7212524414062,817.7212524414062,1000,0.0,0.0
2003-12-12 00:00:00+09:00,817.7214096357237,817.7214096357237,745.356683119288,767.0661010742188,24000,0.0,0.0
2003-12-15 00:00:00+09:00,774.3025737258623,774.3025737258623,767.0661010742188,767.0661010742188,4000,0.0,0.0
2003-12-16 00:00:00+09:00,781.5390014648438,781.5390014648438,781.5390014648438,781.5390014648438,2000,0.0,0.0
2003-12-17 00:00:00+09:00,767.0661010742188,767.0661010742188,767.0661010742188,767.0661010742188,1000,0.0,0.0
2003-12-18 00:00:00+09:00,796.0119018554688,796.0119018554688,796.0119018554688,796.0119018554688,1000,0.0,0.0
2003-12-19 00:00:00+09:00,781.5390014648438,781.5390014648438,781.5390014648438,781.5390014648438,1000,0.0,0.0
2003-12-22 00:00:00+09:00,774.3025292290582,781.5390014648438,774.3025292290582,781.5390014648438,2000,0.0,0.0
2003-12-23 00:00:00+09:00,781.5390014648438,781.5390014648438,781.5390014648438,781.5390014648438,0,0.0,0.0
2003-12-24 00:00:00+09:00,774.3025292290582,781.5390014648438,774.3025292290582,781.5390014648438,2000,0.0,0.0
2003-12-25 00:00:00+09:00,796.0119018554688,796.0119018554688,796.0119018554688,796.0119018554688,1000,0.0,0.0
2003-12-26 00:00:00+09:00,796.0117034912109,868.3764038085938,796.0117034912109,868.3764038085938,21000,0.0,0.0
2003-12-29 00:00:00+09:00,875.6130300668569,955.2142146183894,875.6130300668569,940.7412719726562,22000,0.0,0.0
2003-12-30 00:00:00+09:00,933.5047798447937,962.4506644911438,926.2683086832061,947.9777221679688,13000,0.0,0.0
2003-12-31 00:00:00+09:00,947.9777221679688,947.9777221679688,947.9777221679688,947.9777221679688,0,0.0,0.0
2004-01-01 00:00:00+09:00,947.9777221679688,947.9777221679688,947.9777221679688,947.9777221679688,0,0.0,0.0
2004-01-02 00:00:00+09:00,947.9777221679688,947.9777221679688,947.9777221679688,947.9777221679688,0,0.0,0.0
2004-01-05 00:00:00+09:00,940.7412719726562,940.7412719726562,940.7412719726562,940.7412719726562,8000,0.0,0.0
2004-01-06 00:00:00+09:00,911.79530859375,911.79530859375,904.558837890625,904.558837890625,8000,0.0,0.0
2004-01-07 00:00:00+09:00,882.8494873046875,882.8494873046875,882.8494873046875,882.8494873046875,1000,0.0,0.0
2004-01-08 00:00:00+09:00,919.0317993164062,919.0317993164062,919.0317993164062,919.0317993164062,3000,0.0,0.0
2004-01-09 00:00:00+09:00,940.7411899851329,976.9235434460995,940.7411899851329,969.6870727539062,16000,0.0,0.0
2004-01-12 00:00:00+09:00,969.6870727539061,969.6870727539061,969.6870727539061,969.6870727539062,0,0.0,0.0
2004-01-13 00:00:00+09:00,962.4507622612847,976.9237060546875,962.4507622612847,976.9237060546875,7000,0.0,0.0
2004-01-14 00:00:00+09:00,976.9235413826552,1078.234130859375,976.9235413826552,1078.234130859375,11000,0.0,0.0
2004-01-15 00:00:00+09:00,1078.2342317708333,1092.7071744791667,1056.5248177083333,1085.470703125,19000,0.0,0.0
2004-01-16 00:00:00+09:00,1078.234130859375,1078.234130859375,1078.234130859375,1078.234130859375,1000,0.0,0.0
2004-01-19 00:00:00+09:00,1078.2342317708333,1085.470703125,1078.2342317708333,1085.470703125,5000,0.0,0.0
2004-01-20 00:00:00+09:00,1085.470703125,1092.7071744791667,1085.470703125,1085.470703125,5000,0.0,0.0
2004-01-21 00:00:00+09:00,1063.7614186604817,1063.7614186604817,1027.579057481554,1042.052001953125,6000,0.0,0.0
2004-01-22 00:00:00+09:00,1034.815673828125,1034.815673828125,1034.815673828125,1034.815673828125,1000,0.0,0.0
2004-01-23 00:00:00+09:00,1042.052001953125,1042.052001953125,1042.052001953125,1042.052001953125,1000,0.0,0.0
2004-01-26 00:00:00+09:00,1049.288330078125,1049.288330078125,1049.288330078125,1049.288330078125,1000,0.0,0.0
2004-01-27 00:00:00+09:00,1078.234051074857,1107.179931640625,1070.997580933415,1107.179931640625,5000,0.0,0.0
2004-01-28 00:00:00+09:00,1099.9437255859375,1099.9437255859375,1099.9437255859375,1099.9437255859375,1000,0.0,0.0
2004-01-29 00:00:00+09:00,1099.9437255859375,1121.653141222502,1099.9437255859375,1099.9437255859375,6000,0.0,0.0
2004-01-30 00:00:00+09:00,1085.470703125,1085.470703125,1078.2342317708333,1085.470703125,3000,0.0,0.0
2004-02-02 00:00:00+09:00,1099.9436971796383,1150.5989990234375,1099.9436971796383,1150.5989990234375,8000,0.0,0.0
2004-02-03 00:00:00+09:00,1186.7812471277573,1244.673015280331,1186.7812471277573,1230.2000732421875,14000,0.0,0.0
2004-02-04 00:00:00+09:00,1259.1457456282383,1425.5845510848444,1230.1998664183936,1396.638671875,32000,0.0,0.0
2004-02-05 00:00:00+09:00,1396.639159485534,1403.8756318144747,1317.0379638671875,1317.0379638671875,6000,0.0,0.0
2004-02-06 00:00:00+09:00,1374.9295654296875,1374.9295654296875,1374.9295654296875,1374.9295654296875,1000,0.0,0.0
2004-02-09 00:00:00+09:00,1374.9295443390051,1382.166015625,1374.9295443390051,1382.166015625,7000,0.0,0.0
2004-02-10 00:00:00+09:00,1382.1660368266857,1382.1660368266857,1360.4566226356908,1374.9295654296875,8000,0.0,0.0
2004-02-11 00:00:00+09:00,1374.9295654296875,1374.9295654296875,1374.9295654296875,1374.9295654296875,0,0.0,0.0
2004-02-12 00:00:00+09:00,1338.7471923828125,1338.7471923828125,1338.7471923828125,1338.7471923828125,1000,0.0,0.0
2004-02-13 00:00:00+09:00,1324.2745361328125,1324.2745361328125,1324.2745361328125,1324.2745361328125,1000,0.0,0.0
2004-02-16 00:00:00+09:00,1302.5650634765625,1317.038008626302,1302.5650634765625,1302.5650634765625,4000,0.0,0.0
2004-02-17 00:00:00+09:00,1313.5109234800434,2320.5359648147432,1313.5109234800434,1474.0511474609375,63000,15.0,0.0
2004-02-18 00:00:00+09:00,1422.97016422923,1495.9429931640625,1386.483749761814,1495.9429931640625,21000,0.0,0.0
2004-02-19 00:00:00+09:00,1495.9429931640625,1525.1321247379954,1459.4565786966461,1495.9429931640625,8000,0.0,0.0
2004-02-20 00:00:00+09:00,1495.942910604431,1525.1320405674442,1495.942910604431,1510.5374755859375,7000,0.0,0.0
2004-02-23 00:00:00+09:00,1510.537473842076,1539.7266037713914,1510.537473842076,1532.4293212890625,5000,0.0,0.0
2004-02-24 00:00:00+09:00,1539.726690524962,1547.023973418445,1459.4565786966461,1495.9429931640625,15000,0.0,0.0
2004-02-25 00:00:00+09:00,1510.5374333530806,1539.7265625,1510.5374333530806,1539.7265625,15000,0.0,0.0
2004-02-26 00:00:00+09:00,1525.1320388067338,1532.4293212890625,1525.1320388067338,1532.4293212890625,2000,0.0,0.0
2004-02-27 00:00:00+09:00,1539.7266454377243,1539.7266454377243,1510.5375147185257,1525.132080078125,9000,0.0,0.0
2004-03-01 00:00:00+09:00,1532.4293212890625,1554.3211687360492,1525.1320388067338,1532.4293212890625,21000,0.0,0.0
2004-03-02 00:00:00+09:00,1539.7266037713914,1539.7266037713914,1532.4293212890625,1532.4293212890625,5000,0.0,0.0
2004-03-03 00:00:00+09:00,1532.4293212890625,1532.4293212890625,1532.4293212890625,1532.4293212890625,1000,0.0,0.0
2004-03-04 00:00:00+09:00,1532.4293212890625,1539.7266037713914,1532.4293212890625,1532.4293212890625,11000,0.0,0.0
2004-03-05 00:00:00+09:00,1539.7265625,1568.9156916469194,1539.7265625,1539.7265625,8000,0.0,0.0
2004-03-08 00:00:00+09:00,1561.618403882052,1722.158613626936,1561.618403882052,1649.185791015625,17000,0.0,0.0
2004-03-09 00:00:00+09:00,1707.5638124999998,1838.914875,1692.9692499999999,1824.3203125,25000,0.0,0.0
2004-03-10 00:00:00+09:00,1824.3203124999998,1860.8067187499998,1824.3203124999998,1824.3203125,8000,0.0,0.0
2004-03-11 00:00:00+09:00,1802.4284687499999,1838.914875,1802.4284687499999,1824.3203125,9000,0.0,0.0
2004-03-12 00:00:00+09:00,1824.3202726204559,1875.4012402538285,1809.725710439492,1831.6175537109375,26000,0.0,0.0
2004-03-15 00:00:00+09:00,1824.3200128728693,1941.076493696733,1824.3200128728693,1926.48193359375,7000,0.0,0.0
2004-03-16 00:00:00+09:00,1941.0772705078125,1941.0772705078125,1941.0772705078125,1941.0772705078125,1000,0.0,0.0
2004-03-17 00:00:00+09:00,1919.1849365234373,1919.1849365234373,1919.1849365234373,1919.1849365234375,1000,0.0,0.0
2004-03-18 00:00:00+09:00,1911.8878995546572,1911.8878995546572,1875.4014892578125,1875.4014892578125,5000,0.0,0.0
2004-03-19 00:00:00+09:00,1897.2932538913406,1911.8878173828125,1897.2932538913406,1911.8878173828125,2000,0.0,0.0
2004-03-22 00:00:00+09:00,1897.2929392565018,2174.589599609375,1897.2929392565018,2174.589599609375,12000,0.0,0.0
2004-03-23 00:00:00+09:00,2116.2119140625,2116.2119140625,2116.2119140625,2116.2119140625,2000,0.0,0.0
2004-03-24 00:00:00+09:00,2189.1849013506358,2189.1849013506358,2152.698486328125,2152.698486328125,7000,0.0,0.0
2004-03-25 00:00:00+09:00,2130.806396484375,2130.806396484375,2130.806396484375,2130.806396484375,1000,0.0,0.0
2004-03-26 00:00:00+09:00,2138.1037614493534,2138.1037614493534,2116.2119140625,2116.2119140625,2000,0.0,0.0
2004-03-29 00:00:00+09:00,2101.617431640625,2101.617431640625,2101.617431640625,2101.617431640625,1000,0.0,0.0
2004-03-30 00:00:00+09:00,2145.400634765625,2145.400634765625,2145.400634765625,2145.400634765625,1000,0.0,0.0
2004-03-31 00:00:00+09:00,2108.914303189874,2116.2115845157905,2065.130615234375,2065.130615234375,5000,0.0,0.0
2004-04-01 00:00:00+09:00,2087.02294921875,2087.02294921875,2087.02294921875,2087.02294921875,1000,0.0,0.0
2004-04-02 00:00:00+09:00,2087.0230015345983,2254.860515644024,2087.0230015345983,2247.563232421875,10000,0.0,0.0
2004-04-05 00:00:00+09:00,2247.562756849315,2699.994220890411,2247.562756849315,2663.5078125,72000,0.0,0.0
2004-04-06 00:00:00+09:00,2699.9943882042253,2699.9943882042253,2590.53515625,2590.53515625,9000,0.0,0.0
2004-04-07 00:00:00+09:00,2444.589599609375,2444.589599609375,2371.6167757404382,2444.589599609375,8000,0.0,0.0
2004-04-08 00:00:00+09:00,2386.2110178786056,2408.1028620793268,2371.616455078125,2371.616455078125,6000,0.0,0.0
2004-04-09 00:00:00+09:00,2335.1303726340698,2335.1303726340698,2313.238525390625,2313.238525390625,2000,0.0,0.0
2004-04-12 00:00:00+09:00,2298.643880728335,2298.643880728335,2262.157469923123,2284.04931640625,5000,0.0,0.0
2004-04-13 00:00:00+09:00,2262.1576318985376,2284.0494799491685,2189.184805063101,2276.752197265625,27000,0.0,0.0
2004-04-14 00:00:00+09:00,2284.0489803059895,2291.3462613932293,2189.184326171875,2189.184326171875,19000,0.0,0.0
2004-04-15 00:00:00+09:00,2196.482177734375,2225.6713096644,2167.29304580435,2196.482177734375,60000,0.0,0.0
2004-04-16 00:00:00+09:00,2189.184326171875,2196.4816072591148,2174.589763997396,2189.184326171875,76000,0.0,0.0
2004-04-19 00:00:00+09:00,2189.1847229003906,2335.13037109375,2189.1847229003906,2335.13037109375,36000,0.0,0.0
2004-04-20 00:00:00+09:00,2408.1034749348955,2772.9676378038193,2408.1034749348955,2627.02197265625,65000,0.0,0.0
2004-04-21 00:00:00+09:00,2663.5080540083814,2707.291748046875,2663.5080540083814,2707.291748046875,19000,0.0,0.0
2004-04-22 00:00:00+09:00,2707.291502568493,2714.5887842465754,2627.0214041095887,2663.5078125,48000,0.0,0.0
2004-04-23 00:00:00+09:00,2634.318355965215,2656.2101982585546,2561.345548320749,2612.426513671875,8000,0.0,0.0
2004-04-26 00:00:00+09:00,2663.5078125,2663.5078125,2663.5078125,2663.5078125,1000,0.0,0.0
2004-04-27 00:00:00+09:00,2809.4536165804475,2809.4536165804475,2663.507974160684,2699.994384765625,4000,0.0,0.0
2004-04-28 00:00:00+09:00,2685.4002387152777,2685.4002387152777,2627.02197265625,2627.02197265625,5000,0.0,0.0
2004-04-29 00:00:00+09:00,2627.02197265625,2627.02197265625,2627.02197265625,2627.02197265625,0,0.0,0.0
2004-04-30 00:00:00+09:00,2568.643310546875,2568.643310546875,2568.643310546875,2568.643310546875,1000,0.0,0.0
2004-05-03 00:00:00+09:00,2568.643310546875,2568.643310546875,2568.643310546875,2568.643310546875,0,0.0,0.0
2004-05-04 00:00:00+09:00,2568.643310546875,2568.643310546875,2568.643310546875,2568.643310546875,0,0.0,0.0
2004-05-05 00:00:00+09:00,2568.643310546875,2568.643310546875,2568.643310546875,2568.643310546875,0,0.0,0.0
2004-05-06 00:00:00+09:00,2656.210693359375,2656.210693359375,2656.210693359375,2656.210693359375,1000,0.0,0.0
2004-05-07 00:00:00+09:00,2627.0215648609205,2656.210693359375,2627.0215648609205,2656.210693359375,2000,0.0,0.0
2004-05-10 00:00:00+09:00,2554.048090778098,2554.048090778098,2335.1296829971184,2532.15625,9000,0.0,0.0
2004-05-11 00:00:00+09:00,2335.1302849264707,2481.075927734375,2335.1302849264707,2481.075927734375,3000,0.0,0.0
2004-05-12 00:00:00+09:00,2466.4814453125,2466.4814453125,2466.4814453125,2466.4814453125,1000,0.0,0.0
2004-05-13 00:00:00+09:00,2444.5896846886835,2444.5896846886835,2262.15761866714,2408.103271484375,9000,0.0,0.0
2004-05-14 00:00:00+09:00,2481.0760115438434,2481.0760115438434,2408.1031876749066,2444.589599609375,10000,0.0,0.0
2004-05-17 00:00:00+09:00,2415.4001188783677,2415.4001188783677,1751.3475182199645,2065.130615234375,22000,0.0,0.0
2004-05-18 00:00:00+09:00,2043.2388494318184,2043.2388494318184,2006.7524414062502,2006.75244140625,21000,0.0,0.0
2004-05-19 00:00:00+09:00,2014.0496638665752,2327.832763671875,1941.076849958366,2327.832763671875,12000,0.0,0.0
2004-05-20 00:00:00+09:00,2437.2915818547626,2437.2915818547626,2422.697021484375,2422.697021484375,2000,0.0,0.0
2004-05-21 00:00:00+09:00,2444.589599609375,2444.589599609375,2444.589599609375,2444.589599609375,1000,0.0,0.0
2004-05-24 00:00:00+09:00,2429.994218071422,2429.994218071422,2415.399658203125,2415.399658203125,2000,0.0,0.0
2004-05-25 00:00:00+09:00,2422.697768314549,2422.697768314549,2225.671142578125,2225.671142578125,12000,0.0,0.0
2004-05-26 00:00:00+09:00,2225.671545768017,2291.347099577565,2225.671545768017,2240.26611328125,9000,0.0,0.0
2004-05-27 00:00:00+09:00,2225.671142578125,2225.671142578125,2225.671142578125,2225.671142578125,1000,0.0,0.0
2004-05-28 00:00:00+09:00,2225.671061465615,2225.671061465615,2218.373779296875,2218.373779296875,3000,0.0,0.0
2004-05-31 00:00:00+09:00,2189.184326171875,2189.184326171875,2189.184326171875,2189.184326171875,1000,0.0,0.0
2004-06-01 00:00:00+09:00,2181.887040118782,2189.1843211894134,2138.1033536949935,2145.400634765625,18800,0.0,0.0
2004-06-02 00:00:00+09:00,2116.2119140625,2123.5091965247843,2116.2119140625,2116.2119140625,1100,0.0,0.0
2004-06-03 00:00:00+09:00,2108.913988531744,2138.10310948028,1955.6711035519286,1962.9683837890625,8000,0.0,0.0
2004-06-04 00:00:00+09:00,1977.5634375939003,2028.6444119966948,1897.2933349609375,1897.2933349609375,18700,0.0,0.0
2004-06-07 00:00:00+09:00,1919.1853629218206,2101.617431640625,1919.1853629218206,2101.617431640625,8400,0.0,0.0
2004-06-08 00:00:00+09:00,2130.806396484375,2152.698243023598,2130.806396484375,2130.806396484375,5100,0.0,0.0
2004-06-09 00:00:00+09:00,2130.806009470458,2335.1298733922827,2130.806009470458,2269.454345703125,9600,0.0,0.0
2004-06-10 00:00:00+09:00,2269.454451143569,2918.9124773550725,2262.157169950181,2517.56201171875,26600,0.0,0.0
2004-06-11 00:00:00+09:00,2524.8594606164384,2729.1833476027396,2524.8594606164384,2663.5078125,27300,0.0,0.0
2004-06-14 00:00:00+09:00,2670.8052562816724,2765.6699238545184,2670.8052562816724,2699.994384765625,32300,0.0,0.0
2004-06-15 00:00:00+09:00,2663.5078938802085,2663.5078938802085,2539.4541015625,2648.913330078125,26600,0.0,0.0
2004-06-16 00:00:00+09:00,2648.9132491438354,2670.805094178082,2648.9132491438354,2663.5078125,1200,0.0,0.0
2004-06-17 00:00:00+09:00,2648.913330078125,2648.913330078125,2641.6160481770835,2648.913330078125,1300,0.0,0.0
2004-06-18 00:00:00+09:00,2554.048090778098,2597.8317723342943,2532.15625,2532.15625,6900,0.0,0.0
2004-06-21 00:00:00+09:00,2517.56201171875,2590.534823652627,2517.56201171875,2517.56201171875,3600,0.0,0.0
2004-06-22 00:00:00+09:00,2517.56201171875,2517.56201171875,2517.56201171875,2517.56201171875,1000,0.0,0.0
2004-06-23 00:00:00+09:00,2510.2653738839285,2627.021902901786,2510.2653738839285,2554.049072265625,5700,0.0,0.0
2004-06-24 00:00:00+09:00,2590.534823652627,2692.696760360054,2517.56201171875,2517.56201171875,14400,0.0,0.0
2004-06-25 00:00:00+09:00,2590.5352371730164,2605.129801889484,2590.5352371730164,2597.83251953125,900,0.0,0.0
2004-06-28 00:00:00+09:00,2583.2379649603545,2583.2379649603545,2422.697752448694,2444.589599609375,1100,0.0,0.0
2004-06-29 00:00:00+09:00,2524.8597043731506,2524.8597043731506,2451.886880547337,2466.4814453125,1700,0.0,0.0
2004-06-30 00:00:00+09:00,2532.156425262963,2670.804759787448,2517.5618637340694,2612.426513671875,16500,0.0,0.0
2004-07-01 00:00:00+09:00,2627.0214041095887,2663.5078125,2627.0214041095887,2663.5078125,3300,0.0,0.0
2004-07-02 00:00:00+09:00,2627.02197265625,2627.02197265625,2481.07630750868,2627.02197265625,14200,0.0,0.0
2004-07-05 00:00:00+09:00,2663.507974160684,2699.994384765625,2627.0215635557433,2699.994384765625,14100,0.0,0.0
2004-07-06 00:00:00+09:00,2627.02197265625,2627.02197265625,2627.02197265625,2627.02197265625,100,0.0,0.0
2004-07-07 00:00:00+09:00,2619.7246893988713,2663.508388943142,2605.1301228841144,2627.02197265625,13600,0.0,0.0
2004-07-08 00:00:00+09:00,2554.049072265625,2554.049072265625,2554.049072265625,2554.049072265625,3300,0.0,0.0
2004-07-09 00:00:00+09:00,2554.049072265625,2554.049072265625,2554.049072265625,2554.049072265625,100,0.0,0.0
2004-07-12 00:00:00+09:00,2554.049072265625,2554.049072265625,2554.049072265625,2554.049072265625,2400,0.0,0.0
2004-07-13 00:00:00+09:00,2627.02197265625,2627.02197265625,2627.02197265625,2627.02197265625,1700,0.0,0.0
2004-07-14 00:00:00+09:00,2619.724284771127,2619.724284771127,2554.0487455985917,2590.53515625,1800,0.0,0.0
2004-07-15 00:00:00+09:00,2590.53515625,2590.53515625,2590.53515625,2590.53515625,100,0.0,0.0
2004-07-16 00:00:00+09:00,2590.53523188052,2685.39990234375,2590.53523188052,2685.39990234375,4100,0.0,0.0
2004-07-19 00:00:00+09:00,2685.39990234375,2685.39990234375,2685.39990234375,2685.39990234375,0,0.0,0.0
2004-07-20 00:00:00+09:00,2627.021560470779,2809.45361328125,2590.535149908685,2809.45361328125,16400,0.0,0.0
2004-07-21 00:00:00+09:00,2736.480712890625,2736.480712890625,2692.697021484375,2692.697021484375,300,0.0,0.0
2004-07-22 00:00:00+09:00,2627.0210752007683,2627.0210752007683,2554.0482675563026,2612.426513671875,35000,0.0,0.0
2004-07-23 00:00:00+09:00,2627.0219646516393,2670.8056640625,2627.0219646516393,2670.8056640625,2900,0.0,0.0
2004-07-26 00:00:00+09:00,2627.0212381827732,2627.0212381827732,2554.0484260110293,2605.12939453125,10700,0.0,0.0
2004-07-27 00:00:00+09:00,2473.7784007267715,2473.7784007267715,2444.589275054479,2459.183837890625,2600,0.0,0.0
2004-07-28 00:00:00+09:00,2481.075927022595,2517.5623377141037,2481.075927022595,2502.9677734375,4100,0.0,0.0
2004-07-29 00:00:00+09:00,2590.535158366826,2590.535158366826,2524.859619140625,2524.859619140625,3300,0.0,0.0
2004-07-30 00:00:00+09:00,2481.075927734375,2481.075927734375,2386.211259909237,2481.075927734375,11900,0.0,0.0
2004-08-02 00:00:00+09:00,2481.0760115438434,2495.6705763176305,2444.589599609375,2444.589599609375,2600,0.0,0.0
2004-08-03 00:00:00+09:00,2298.643972036001,2298.643972036001,2152.698323017842,2159.99560546875,1700,0.0,0.0
2004-08-04 00:00:00+09:00,2159.9957693326273,2167.293052337129,2043.2392412605932,2152.698486328125,6400,0.0,0.0
2004-08-05 00:00:00+09:00,2145.400627055921,2152.697908100329,2065.1305355674344,2079.72509765625,1400,0.0,0.0
2004-08-06 00:00:00+09:00,2087.02294921875,2087.02294921875,2087.02294921875,2087.02294921875,100,0.0,0.0
2004-08-09 00:00:00+09:00,2087.02294921875,2087.02294921875,2087.02294921875,2087.02294921875,1300,0.0,0.0
2004-08-10 00:00:00+09:00,2094.319501513841,2116.2113429930796,2094.319501513841,2108.9140625,2000,0.0,0.0
2004-08-11 00:00:00+09:00,2094.320068359375,2094.320068359375,2094.320068359375,2094.320068359375,300,0.0,0.0
2004-08-12 00:00:00+09:00,2094.31968358261,2094.31968358261,1919.1849365234373,1919.1849365234375,2400,0.0,0.0
2004-08-13 00:00:00+09:00,1962.968790075914,1962.968790075914,1933.7796630859377,1933.7796630859375,3900,0.0,0.0
2004-08-16 00:00:00+09:00,1933.779830633425,1977.5635249119177,1860.8070068359373,1860.8070068359375,5500,0.0,0.0
2004-08-17 00:00:00+09:00,1554.32080078125,1554.32080078125,1459.4561509683099,1554.32080078125,4200,0.0,0.0
2004-08-18 00:00:00+09:00,1554.32080078125,1561.6180815360917,1554.32080078125,1554.32080078125,900,0.0,0.0
2004-08-19 00:00:00+09:00,1583.5102789086031,1846.212444994823,1583.5102789086031,1817.0233154296875,8200,0.0,0.0
2004-08-20 00:00:00+09:00,1824.3205703307535,1824.3205703307535,1532.429279077833,1561.618408203125,9200,0.0,0.0
2004-08-23 00:00:00+09:00,1590.8072838416467,1590.8072838416467,1517.83447265625,1517.83447265625,5200,0.0,0.0
2004-08-24 00:00:00+09:00,1525.1321247379954,1525.1321247379954,1481.348427377096,1495.9429931640625,1000,0.0,0.0
2004-08-25 00:00:00+09:00,1495.9429493589264,1554.3212107973236,1495.9429493589264,1525.132080078125,500,0.0,0.0
2004-08-26 00:00:00+09:00,1525.132080078125,1525.132080078125,1525.132080078125,1525.132080078125,3000,0.0,0.0
2004-08-27 00:00:00+09:00,1510.5375589510288,1510.5375589510288,1495.9429931640625,1495.9429931640625,500,0.0,0.0
2004-08-30 00:00:00+09:00,1503.240029493169,1503.240029493169,1452.1590576171875,1452.1590576171875,5900,0.0,0.0
2004-08-31 00:00:00+09:00,1452.1588927912833,1452.1588927912833,1437.5643310546875,1437.5643310546875,2700,0.0,0.0
2004-09-01 00:00:00+09:00,1452.1587744140625,1474.0506152343748,1452.1587744140625,1459.4560546875,6400,0.0,0.0
2004-09-02 00:00:00+09:00,1510.53756200205,1510.53756200205,1466.7538645527152,1474.0511474609375,1900,0.0,0.0
2004-09-03 00:00:00+09:00,1488.645548703048,1495.9428308045335,1474.050984500077,1481.3482666015625,2000,0.0,0.0
2004-09-06 00:00:00+09:00,1481.3482666015625,1517.83467710899,1474.050984500077,1481.3482666015625,1900,0.0,0.0
2004-09-07 00:00:00+09:00,1481.348102626516,1481.348102626516,1466.7535400390625,1466.7535400390625,1900,0.0,0.0
2004-09-08 00:00:00+09:00,1466.7533349609375,1466.7533349609375,1459.4560546875,1459.4560546875,1900,0.0,0.0
2004-09-09 00:00:00+09:00,1459.4562510333994,1459.4562510333994,1379.1861572265625,1379.1861572265625,4300,0.0,0.0
2004-09-10 00:00:00+09:00,1422.9700135926942,1422.9700135926942,1349.9971923828125,1349.9971923828125,2300,0.0,0.0
2004-09-13 00:00:00+09:00,1328.1051760667947,1349.9970196283352,1247.8350830078125,1247.8350830078125,2600,0.0,0.0
2004-09-14 00:00:00+09:00,1247.8350830078125,1291.6187701308936,1247.8350830078125,1247.8350830078125,6100,0.0,0.0
2004-09-15 00:00:00+09:00,1247.8351170020767,1247.8351170020767,1131.0786148264438,1152.970458984375,5100,0.0,0.0
2004-09-16 00:00:00+09:00,1167.5652901785713,1277.0245361328125,1167.5652901785713,1277.0245361328125,3400,0.0,0.0
2004-09-17 00:00:00+09:00,1306.2132568359375,1306.2132568359375,1277.0241337781513,1306.2132568359375,1800,0.0,0.0
2004-09-20 00:00:00+09:00,1306.2132568359375,1306.2132568359375,1306.2132568359375,1306.2132568359375,0,0.0,0.0
2004-09-21 00:00:00+09:00,1342.6999539150281,1342.6999539150281,1298.916259765625,1298.916259765625,1600,0.0,0.0
2004-09-22 00:00:00+09:00,1298.9160535088902,1298.9160535088902,1269.7269287109375,1269.7269287109375,1900,0.0,0.0
2004-09-23 00:00:00+09:00,1269.7269287109375,1269.7269287109375,1269.7269287109375,1269.7269287109375,0,0.0,0.0
2004-09-24 00:00:00+09:00,1240.5379638671875,1240.5379638671875,1167.5651424632354,1240.5379638671875,900,0.0,0.0
2004-09-27 00:00:00+09:00,1247.8350830078125,1328.1051760667947,1247.8350830078125,1247.8350830078125,0,0.0,0.0
2004-09-28 00:00:00+09:00,1240.5378018206322,1247.8350830078125,1240.5378018206322,1247.8350830078125,400,0.0,0.0
2004-09-29 00:00:00+09:00,1313.5108217985733,1349.9972335152004,1262.4298453952954,1342.699951171875,3100,0.0,0.0
2004-09-30 00:00:00+09:00,1320.80810546875,1320.80810546875,1298.9162584167816,1320.80810546875,900,0.0,0.0
2004-10-01 00:00:00+09:00,1335.4026316923253,1386.4836066750918,1240.5379638671875,1240.5379638671875,3100,0.0,0.0
2004-10-04 00:00:00+09:00,1262.4299700055803,1277.0245361328125,1262.4299700055803,1277.0245361328125,800,0.0,0.0
2004-10-05 00:00:00+09:00,1277.0242119913048,1313.5106180481991,1277.0242119913048,1291.6187744140625,1500,0.0,0.0
2004-10-06 00:00:00+09:00,1320.80810546875,1320.80810546875,1320.80810546875,1320.80810546875,100,0.0,0.0
2004-10-07 00:00:00+09:00,1313.5107838023794,1313.5107838023794,1240.537962480025,1284.3216552734375,1700,0.0,0.0
2004-10-08 00:00:00+09:00,1247.8352874214127,1247.8352874214127,1233.24072265625,1233.24072265625,300,0.0,0.0
2004-10-11 00:00:00+09:00,1233.24072265625,1233.24072265625,1233.24072265625,1233.24072265625,0,0.0,0.0
2004-10-12 00:00:00+09:00,1233.2405227134968,1277.0242099104257,1233.2405227134968,1269.7269287109375,2400,0.0,0.0
2004-10-13 00:00:00+09:00,1269.7270924287684,1269.7270924287684,1204.0515531652113,1240.5379638671875,2300,0.0,0.0
2004-10-14 00:00:00+09:00,1240.53788296012,1277.0242912824763,1240.53788296012,1255.1324462890625,3600,0.0,0.0
2004-10-15 00:00:00+09:00,1255.1325281479778,1255.1325281479778,1225.943399586397,1240.5379638671875,5700,0.0,0.0
2004-10-18 00:00:00+09:00,1255.132716444672,1335.40283203125,1255.132716444672,1335.40283203125,7700,0.0,0.0
2004-10-19 00:00:00+09:00,1349.9971138652245,1452.1590576171875,1349.9971138652245,1452.1590576171875,9000,0.0,0.0
2004-10-20 00:00:00+09:00,1459.4562237079326,1525.1317537747898,1452.158942589393,1517.83447265625,10600,0.0,0.0
2004-10-21 00:00:00+09:00,1503.240191359747,1532.4293212890625,1495.9429088774182,1532.4293212890625,6400,0.0,0.0
2004-10-22 00:00:00+09:00,1532.428857421875,1532.428857421875,1444.861494140625,1459.4560546875,5500,0.0,0.0
2004-10-25 00:00:00+09:00,1430.2673753004808,1430.2673753004808,1415.6728102463942,1422.9700927734375,1700,0.0,0.0
2004-10-26 00:00:00+09:00,1422.9700927734375,1452.1592228816107,1408.375527719351,1422.9700927734375,3400,0.0,0.0
2004-10-27 00:00:00+09:00,1386.483642578125,1386.483642578125,1386.483642578125,1386.483642578125,700,0.0,0.0
2004-10-28 00:00:00+09:00,1386.4836029877533,1386.4836029877533,1335.4026281408362,1349.9971923828125,1600,0.0,0.0
2004-10-29 00:00:00+09:00,1277.0243711729306,1349.9971923828125,1204.051549963049,1349.9971923828125,2100,0.0,0.0
2004-11-01 00:00:00+09:00,1357.2942323075963,1371.8887939453125,1357.2942323075963,1371.8887939453125,200,0.0,0.0
2004-11-02 00:00:00+09:00,1357.29443359375,1357.29443359375,1357.29443359375,1357.29443359375,200,0.0,0.0
2004-11-03 00:00:00+09:00,1357.29443359375,1357.29443359375,1357.29443359375,1357.29443359375,0,0.0,0.0
2004-11-04 00:00:00+09:00,1233.24072265625,1313.510828864645,1233.24072265625,1233.24072265625,0,0.0,0.0
2004-11-05 00:00:00+09:00,1335.4026715567943,1349.997236273262,1211.3488714668188,1298.916259765625,3300,0.0,0.0
2004-11-08 00:00:00+09:00,1284.3215272484756,1284.3215272484756,1196.754150390625,1196.754150390625,1100,0.0,0.0
2004-11-09 00:00:00+09:00,1196.7543531013257,1204.0516357421875,1196.7543531013257,1204.0516357421875,700,0.0,0.0
2004-11-10 00:00:00+09:00,1204.0515553729135,1204.0515553729135,1167.5651446040372,1174.8624267578125,900,0.0,0.0
2004-11-11 00:00:00+09:00,1204.0515975952148,1204.0515975952148,1167.565185546875,1167.565185546875,1100,0.0,0.0
2004-11-12 00:00:00+09:00,1145.6731016943058,1189.456787109375,1145.6731016943058,1189.456787109375,1600,0.0,0.0
2004-11-15 00:00:00+09:00,1189.457032775879,1189.457032775879,1167.565185546875,1167.565185546875,5500,0.0,0.0
2004-11-16 00:00:00+09:00,1174.8625120505308,1174.8625120505308,1131.0788159492688,1138.3760986328125,2100,0.0,0.0
2004-11-17 00:00:00+09:00,1131.0787798907306,1131.0787798907306,1079.997802734375,1079.997802734375,11300,0.0,0.0
2004-11-18 00:00:00+09:00,1079.997802734375,1079.997802734375,1072.700520283467,1079.997802734375,1300,0.0,0.0
2004-11-19 00:00:00+09:00,1079.9975984534437,1079.9975984534437,1072.7003173828125,1072.7003173828125,2000,0.0,0.0
2004-11-22 00:00:00+09:00,1094.5921630859375,1109.1867252604166,1072.7003198242187,1094.5921630859375,22500,0.0,0.0
2004-11-23 00:00:00+09:00,1094.5921630859375,1094.5921630859375,1094.5921630859375,1094.5921630859375,0,0.0,0.0
2004-11-24 00:00:00+09:00,1094.5921630859375,1094.5921630859375,1072.7003198242187,1094.5921630859375,2600,0.0,0.0
2004-11-25 00:00:00+09:00,1072.7003198242187,1094.5921630859375,1058.1057576497396,1094.5921630859375,700,0.0,0.0
2004-11-26 00:00:00+09:00,1094.5921630859375,1094.5921630859375,1094.5921630859375,1094.5921630859375,1800,0.0,0.0
2004-11-29 00:00:00+09:00,1087.2947998046875,1087.2947998046875,1079.9975192690856,1087.2947998046875,1000,0.0,0.0
2004-11-30 00:00:00+09:00,1087.295085185283,1094.5923676361908,1072.700520283467,1079.997802734375,1600,0.0,0.0
2004-12-01 00:00:00+09:00,1079.9979177281475,1079.9979177281475,992.4305189934329,1007.0250854492188,4900,0.0,0.0
2004-12-02 00:00:00+09:00,1014.3223686771115,1028.9169351328974,1007.0250854492186,1007.0250854492188,3200,0.0,0.0
2004-12-03 00:00:00+09:00,992.4302949680118,992.4302949680118,904.8629160002461,926.7547607421875,12700,0.0,0.0
2004-12-06 00:00:00+09:00,985.133056640625,985.133056640625,890.2683919270834,897.565673828125,10600,0.0,0.0
2004-12-07 00:00:00+09:00,875.67387133573,875.67387133573,817.2956132466813,824.5928955078125,21000,0.0,0.0
2004-12-08 00:00:00+09:00,839.1873989586069,875.6738076089812,766.2145816578585,868.3765258789062,35500,0.0,0.0
2004-12-09 00:00:00+09:00,882.9713761613176,882.9713761613176,802.7012510557432,809.99853515625,24800,0.0,0.0
2004-12-10 00:00:00+09:00,824.5929440989078,831.8902267900485,751.6201171875,751.6201171875,26000,0.0,0.0
2004-12-13 00:00:00+09:00,780.8090115332789,795.4035724965177,753.079345703125,753.079345703125,13500,0.0,0.0
2004-12-14 00:00:00+09:00,766.2146395389165,799.0524098048701,766.2146395389165,780.8092041015625,12800,0.0,0.0
2004-12-15 00:00:00+09:00,788.1063608022837,817.2954852764423,758.917236328125,758.917236328125,12200,0.0,0.0
2004-12-16 00:00:00+09:00,767.6741844878635,787.3768489186357,764.7552712388602,777.890380859375,10000,0.0,0.0
2004-12-17 00:00:00+09:00,777.8902720183575,777.8902720183575,736.29576403989,740.6741333007812,42600,0.0,0.0
2004-12-20 00:00:00+09:00,752.3495961914062,753.8090522460938,729.72802734375,729.72802734375,32500,0.0,0.0
2004-12-21 00:00:00+09:00,730.4579347179782,730.4579347179782,723.1606526528635,723.890380859375,41900,0.0,0.0
2004-12-22 00:00:00+09:00,723.1606709318957,723.1606709318957,669.1607822851144,681.566162109375,128900,0.0,0.0
2004-12-23 00:00:00+09:00,681.566162109375,681.566162109375,681.566162109375,681.566162109375,0,0.0,0.0
2004-12-24 00:00:00+09:00,685.9446170770244,700.5391833978122,683.7554321289062,683.7554321289062,69000,0.0,0.0
2004-12-27 00:00:00+09:00,685.9445193728885,689.5931604333825,674.9985961914062,674.9985961914062,61600,0.0,0.0
2004-12-28 00:00:00+09:00,672.8094364763742,672.8094364763742,649.4581328242658,666.2418823242188,60000,0.0,0.0
2004-12-29 00:00:00+09:00,671.3499472505845,671.3499472505845,653.8364703657866,663.3229370117188,62200,0.0,0.0
2004-12-30 00:00:00+09:00,664.0525143873244,682.2957153320312,656.7552340094418,682.2957153320312,24900,0.0,0.0
2004-12-31 00:00:00+09:00,682.2957153320312,682.2957153320312,682.2957153320312,682.2957153320312,0,0.0,0.0
2005-01-03 00:00:00+09:00,682.2957153320312,682.2957153320312,682.2957153320312,682.2957153320312,0,0.0,0.0
2005-01-04 00:00:00+09:00,693.2418212890625,695.4310059878701,683.7553542608964,693.2418212890625,46900,0.0,0.0
2005-01-05 00:00:00+09:00,707.8363200372138,726.0795241618843,706.3768637072402,709.2957763671875,75300,0.0,0.0
2005-01-06 00:00:00+09:00,723.8903844673645,742.8633179312269,718.7822869963246,740.6741333007812,40900,0.0,0.0
2005-01-07 00:00:00+09:00,773.5118282616384,886.6196899414062,770.5929157021604,886.6196899414062,125100,0.0,0.0
2005-01-10 00:00:00+09:00,886.6196899414062,886.6196899414062,886.6196899414062,886.6196899414062,0,0.0,0.0
2005-01-11 00:00:00+09:00,1017.9707432275214,1032.5653058544394,948.6465707496616,1010.6734619140625,257200,0.0,0.0
2005-01-12 00:00:00+09:00,1014.3222874550924,1088.0248421550666,970.5385915937214,999.7277221679688,111700,0.0,0.0
2005-01-13 00:00:00+09:00,955.9438919338808,963.2411735516966,930.4034062715252,943.5385131835938,37800,0.0,0.0
2005-01-14 00:00:00+09:00,943.538310657848,963.240966796875,932.5923905806108,963.240966796875,19300,0.0,0.0
2005-01-17 00:00:00+09:00,1065.4031966359992,1109.1868896484375,1028.1870575754267,1109.1868896484375,88100,0.0,0.0
2005-01-18 00:00:00+09:00,1117.2140279892744,1189.4571297338452,1014.3223376257945,1076.3492431640625,73200,0.0,0.0
2005-01-19 00:00:00+09:00,1058.1057922578952,1058.1057922578952,989.51134779428,1032.5653076171875,17100,0.0,0.0
2005-01-20 00:00:00+09:00,1021.6192072088068,1021.6192072088068,948.646406693892,963.240966796875,27300,0.0,0.0
2005-01-21 00:00:00+09:00,919.4575083125342,1021.6194536805936,912.8899546817304,1000.4573364257812,35400,0.0,0.0
2005-01-24 00:00:00+09:00,1000.4575305441151,1015.0520969999009,970.5386693097543,1007.0250854492188,11300,0.0,0.0
2005-01-25 00:00:00+09:00,1007.0249647352431,1007.0249647352431,985.1331176757812,985.1331176757812,3600,0.0,0.0
2005-01-26 00:00:00+09:00,1021.6196519050045,1028.9169351328974,993.1602473162222,1007.0250854492188,11100,0.0,0.0
2005-01-27 00:00:00+09:00,1021.6194247159092,1021.6194247159092,993.160026455966,1003.376220703125,8900,0.0,0.0
2005-01-28 00:00:00+09:00,1003.3764212472098,1021.61962890625,999.7277797154018,1021.61962890625,7000,0.0,0.0
2005-01-31 00:00:00+09:00,1021.6196254916958,1050.8087576486014,1021.6196254916958,1043.511474609375,11900,0.0,0.0
2005-02-01 00:00:00+09:00,1058.1058014363862,1065.4030828256027,1043.5112386579533,1044.240966796875,12000,0.0,0.0
2005-02-02 00:00:00+09:00,1044.2412029132977,1047.8898444329109,1043.511474609375,1043.511474609375,17400,0.0,0.0
2005-02-03 00:00:00+09:00,1043.5115788796495,1043.5115788796495,978.5657533409859,985.863037109375,13800,0.0,0.0
2005-02-04 00:00:00+09:00,989.5115834263393,1021.61962890625,985.1332135881696,1021.61962890625,8500,0.0,0.0
2005-02-07 00:00:00+09:00,1036.2139465111688,1036.2139465111688,1010.6734619140625,1010.6734619140625,11500,0.0,0.0
2005-02-08 00:00:00+09:00,1008.4843178267046,1010.6735023082387,1000.4573080610796,1003.376220703125,7500,0.0,0.0
2005-02-09 00:00:00+09:00,1007.0248140412796,1020.8896484375,1003.3761734106952,1020.8896484375,9300,0.0,0.0
2005-02-10 00:00:00+09:00,1020.1599567927058,1020.8896849449179,1007.7545782050977,1018.7005004882812,4400,0.0,0.0
2005-02-11 00:00:00+09:00,1018.7005004882812,1018.7005004882812,1018.7005004882812,1018.7005004882812,0,0.0,0.0
2005-02-14 00:00:00+09:00,1021.6192709727426,1022.3489990234375,1010.6733502123204,1022.3489990234375,15700,0.0,0.0
2005-02-15 00:00:00+09:00,1025.2997052228009,1025.2997052228009,995.794677734375,995.794677734375,15300,15.0,0.0
2005-02-16 00:00:00+09:00,989.1560216647475,989.1560216647475,958.9133692499416,988.4183959960938,7000,0.0,0.0
2005-02-17 00:00:00+09:00,958.9134459736746,962.6015746120348,947.8490600585938,947.8490600585938,7300,0.0,0.0
2005-02-18 00:00:00+09:00,951.5370978625231,955.225226148812,936.7845847173677,946.3737182617188,15900,0.0,0.0
2005-02-21 00:00:00+09:00,944.1608021653543,944.1608021653543,924.9825358713706,936.7845458984375,6500,0.0,0.0
2005-02-22 00:00:00+09:00,922.0322106572554,929.4084683425134,922.0322106572554,922.7698364257812,7500,0.0,0.0
2005-02-23 00:00:00+09:00,918.344072208848,951.5372314453124,914.6559434047964,951.5372314453125,2400,0.0,0.0
2005-02-24 00:00:00+09:00,923.5074241116921,950.0619506835938,922.0321726354754,950.0619506835938,2400,0.0,0.0
2005-02-25 00:00:00+09:00,958.1756295797544,958.1756295797544,956.7003784179688,956.7003784179688,1100,0.0,0.0
2005-02-28 00:00:00+09:00,951.5370424332157,951.5370424332157,936.7845301474295,937.5221557617188,6200,0.0,0.0
2005-03-01 00:00:00+09:00,936.7846362995652,944.160893278302,936.7846362995652,938.2598876953125,4300,0.0,0.0
2005-03-02 00:00:00+09:00,938.2599938475796,951.5372579114604,938.2599938475796,938.9976196289062,3000,0.0,0.0
2005-03-03 00:00:00+09:00,938.2597971518209,940.472674031896,936.7845458984375,936.7845458984375,6000,0.0,0.0
2005-03-04 00:00:00+09:00,936.7846988540098,936.7846988540098,918.3440551757812,918.3440551757812,10600,0.0,0.0
2005-03-07 00:00:00+09:00,944.1609563253012,944.1609563253012,918.3440551757812,918.3440551757812,4600,0.0,0.0
2005-03-08 00:00:00+09:00,918.3439991848528,918.3439991848528,886.626093992123,892.527099609375,4500,0.0,0.0
2005-03-09 00:00:00+09:00,892.5269322044303,892.5269322044303,888.8388043854037,891.789306640625,5400,0.0,0.0
2005-03-10 00:00:00+09:00,887.3637314227449,887.3637314227449,877.7745971679688,877.7745971679688,5800,0.0,0.0
2005-03-11 00:00:00+09:00,884.4131312052409,885.8883824666341,877.7745005289713,885.1507568359375,8900,0.0,0.0
2005-03-14 00:00:00+09:00,885.1509240346586,904.3291940554095,885.1509240346586,885.8885498046875,7100,0.0,0.0
2005-03-15 00:00:00+09:00,922.0320383707682,922.0320383707682,885.1507568359375,885.1507568359375,9900,0.0,0.0
2005-03-16 00:00:00+09:00,1032.6759667184076,1032.6759667184076,958.9133976670928,1009.8095703125,51900,0.0,0.0
2005-03-17 00:00:00+09:00,975.1409156799317,1003.1706848144531,936.7843894958496,944.16064453125,42600,0.0,0.0
2005-03-18 00:00:00+09:00,957.4381945183304,958.1758202460026,944.1609314202334,947.8490600585938,8100,0.0,0.0
2005-03-21 00:00:00+09:00,947.8490600585938,947.8490600585938,947.8490600585938,947.8490600585938,0,0.0,0.0
2005-03-22 00:00:00+09:00,948.5867226753983,949.3243484317555,929.4084530101103,940.4728393554688,18000,0.0,0.0
2005-03-23 00:00:00+09:00,929.4083980437248,929.4083980437248,908.0172523744645,914.6558837890625,20200,0.0,0.0
2005-03-24 00:00:00+09:00,922.031963127203,928.6705932617189,913.9180818516836,928.6705932617188,5900,0.0,0.0
2005-03-25 00:00:00+09:00,922.0321249519982,922.0321249519982,910.9677394525742,915.3934936523438,7700,0.0,0.0
2005-03-28 00:00:00+09:00,914.6558090863732,914.6558090863732,899.903296036593,912.4429321289062,7500,0.0,0.0
2005-03-29 00:00:00+09:00,898.4280080326268,901.3785105220608,892.527003053759,899.9032592773438,3000,0.0,0.0
2005-03-30 00:00:00+09:00,886.6260828032457,888.1013341889417,863.759686324959,887.3637084960938,13900,0.0,0.0
2005-03-31 00:00:00+09:00,885.1507568359375,885.1507568359375,874.0863723754883,885.1507568359375,3400,0.0,0.0
2005-04-01 00:00:00+09:00,877.7745005289713,885.1507568359375,870.3982442220052,885.1507568359375,14500,0.0,0.0
2005-04-04 00:00:00+09:00,885.8883824666341,927.1954177856445,885.1507568359375,885.1507568359375,55600,0.0,0.0
2005-04-05 00:00:00+09:00,885.888586086697,936.7847663031683,885.888586086697,929.4085083007812,29300,0.0,0.0
2005-04-06 00:00:00+09:00,894.0022644042969,896.2151412963867,882.9378799438476,885.1507568359375,29900,0.0,0.0
2005-04-07 00:00:00+09:00,885.1507568359375,892.5270131429037,879.2497517903646,885.1507568359375,21700,0.0,0.0
2005-04-08 00:00:00+09:00,881.4626286824545,885.1507568359375,881.4626286824545,885.1507568359375,7400,0.0,0.0
2005-04-11 00:00:00+09:00,885.1508042567356,885.1508042567356,882.9379272460938,882.9379272460938,5500,0.0,0.0
2005-04-12 00:00:00+09:00,885.1508542870273,910.9677542037323,870.3983400489102,877.7745971679688,26000,0.0,0.0
2005-04-13 00:00:00+09:00,881.4627192071144,892.5271048038564,863.0220765458777,866.710205078125,51700,0.0,0.0
2005-04-14 00:00:00+09:00,870.3983175605907,887.3637084960938,870.3983175605907,887.3637084960938,43300,0.0,0.0
2005-04-15 00:00:00+09:00,885.1508335032627,904.3291015625,879.2498279465742,904.3291015625,40400,0.0,0.0
2005-04-18 00:00:00+09:00,919.0815308578372,944.1608021653543,904.3290183240034,936.7845458984375,48600,0.0,0.0
2005-04-19 00:00:00+09:00,958.9133427060884,983.9926147460938,958.9133427060884,983.9926147460938,24100,0.0,0.0
2005-04-20 00:00:00+09:00,995.7947770939317,1006.8591635060864,951.5372314453124,951.5372314453125,15100,0.0,0.0
2005-04-21 00:00:00+09:00,951.5369921391554,968.5023803710938,951.5369921391554,968.5023803710938,14100,0.0,0.0
2005-04-22 00:00:00+09:00,972.1906557436342,1004.6461859809027,972.1906557436342,995.794677734375,15100,0.0,0.0
2005-04-25 00:00:00+09:00,996.5323769017269,996.5323769017269,981.042236328125,981.042236328125,3100,0.0,0.0
2005-04-26 00:00:00+09:00,995.0570520471643,998.7451804832176,994.3194263599537,995.794677734375,15800,0.0,0.0
2005-04-27 00:00:00+09:00,988.4184208622685,998.007554796007,981.0421639901621,995.794677734375,4500,0.0,0.0
2005-04-28 00:00:00+09:00,988.4182564547514,992.1063842773438,988.4182564547514,992.1063842773438,1200,0.0,0.0
2005-04-29 00:00:00+09:00,992.1063842773438,992.1063842773438,992.1063842773438,992.1063842773438,0,0.0,0.0
2005-05-02 00:00:00+09:00,992.1064650941038,992.1064650941038,985.4678344726562,985.4678344726562,2700,0.0,0.0
2005-05-03 00:00:00+09:00,985.4678344726562,985.4678344726562,985.4678344726562,985.4678344726562,0,0.0,0.0
2005-05-04 00:00:00+09:00,985.4678344726562,985.4678344726562,985.4678344726562,985.4678344726562,0,0.0,0.0
2005-05-05 00:00:00+09:00,985.4678344726562,985.4678344726562,985.4678344726562,985.4678344726562,0,0.0,0.0
2005-05-06 00:00:00+09:00,995.7947511601269,997.2700026433271,981.042236328125,981.042236328125,4900,0.0,0.0
2005-05-09 00:00:00+09:00,979.5671018738677,1017.9236450195312,979.5671018738677,1017.9236450195312,14900,0.0,0.0
2005-05-10 00:00:00+09:00,1017.1858544034092,1017.1858544034092,1003.1709659090909,1014.2353515625,1200,0.0,0.0
2005-05-11 00:00:00+09:00,1014.2353221784954,1014.2353221784954,1010.5471937342099,1012.7600708007812,600,0.0,0.0
2005-05-12 00:00:00+09:00,996.5322245355022,1003.1708551948801,981.0420863302871,999.4827270507812,7800,0.0,0.0
2005-05-13 00:00:00+09:00,999.4828590958817,1025.2997595153327,999.4828590958817,1024.5621337890625,8300,0.0,0.0
2005-05-16 00:00:00+09:00,1025.2998633631644,1032.6761213729715,1011.2849731445312,1011.2849731445312,5500,0.0,0.0
2005-05-17 00:00:00+09:00,1014.2355260869626,1025.299913644275,1010.5473969011919,1023.0870361328125,15500,0.0,0.0
2005-05-18 00:00:00+09:00,1022.349179933397,1025.2996826171875,1010.5471691982351,1025.2996826171875,17300,0.0,0.0
2005-05-19 00:00:00+09:00,1025.299498124556,1025.299498124556,972.1904593727805,973.6657104492188,8200,0.0,0.0
2005-05-20 00:00:00+09:00,983.9926667390046,995.794677734375,974.4035328052662,995.794677734375,2900,0.0,0.0
2005-05-23 00:00:00+09:00,995.794677734375,995.794677734375,995.794677734375,995.794677734375,600,0.0,0.0
2005-05-24 00:00:00+09:00,977.3541110457978,995.05712890625,977.3541110457978,995.05712890625,400,0.0,0.0
2005-05-25 00:00:00+09:00,991.3687537440096,991.3687537440096,922.0319510267947,923.5072021484375,3100,0.0,0.0
2005-05-26 00:00:00+09:00,930.1460485839843,972.9283410644531,925.7202941894532,958.9134521484375,9700,0.0,0.0
2005-05-27 00:00:00+09:00,958.9134158068941,966.2896728515625,958.9134158068941,966.2896728515625,3000,0.0,0.0
2005-05-30 00:00:00+09:00,907.2794120094993,991.3687233664773,907.2794120094993,973.6657104492188,6900,0.0,0.0
2005-05-31 00:00:00+09:00,973.6659823248702,995.7947546504355,973.6659823248702,995.05712890625,5000,0.0,0.0
2005-06-01 00:00:00+09:00,974.4035739942528,981.0422054597701,962.6015625,962.6015625,2200,0.0,0.0
2005-06-02 00:00:00+09:00,958.1755998883929,958.9132254464286,955.22509765625,955.22509765625,1300,0.0,0.0
2005-06-03 00:00:00+09:00,958.9136673232256,966.2899263026351,955.2255378335209,957.4384155273438,10600,0.0,0.0
2005-06-06 00:00:00+09:00,958.9132551606472,958.9132551606472,955.2251272561831,956.7003784179688,7100,0.0,0.0
2005-06-07 00:00:00+09:00,958.9134459736746,958.9134459736746,947.8490600585938,947.8490600585938,9100,0.0,0.0
2005-06-08 00:00:00+09:00,947.8491125556585,947.8491125556585,922.7698364257811,922.7698364257812,2000,0.0,0.0
2005-06-09 00:00:00+09:00,914.6557495320299,922.7696311811044,886.6259765624999,886.6259765625,6100,0.0,0.0
2005-06-10 00:00:00+09:00,894.0024913079575,914.6560142094614,894.0024913079575,905.8045043945312,8700,0.0,0.0
2005-06-13 00:00:00+09:00,908.0172947159732,936.7846988540098,908.0172947159732,918.3440551757812,11800,0.0,0.0
2005-06-14 00:00:00+09:00,919.8190708705357,956.7003487723214,919.8190708705357,955.22509765625,7000,0.0,0.0
2005-06-15 00:00:00+09:00,950.799560546875,950.799560546875,950.799560546875,950.799560546875,400,0.0,0.0
2005-06-16 00:00:00+09:00,930.8836195150383,944.160881916996,927.19549107005,933.0964965820312,2500,0.0,0.0
2005-06-17 00:00:00+09:00,930.1459213281095,930.1459213281095,927.9330444335936,927.9330444335938,1200,0.0,0.0
2005-06-20 00:00:00+09:00,928.6706748255166,928.6706748255166,896.9527725082035,899.1656494140625,9800,0.0,0.0
2005-06-21 00:00:00+09:00,899.9032592773438,902.8537617667777,899.9032592773438,899.9032592773438,9100,0.0,0.0
2005-06-22 00:00:00+09:00,877.7744418243102,882.2001953125,875.5615650802154,882.2001953125,10000,0.0,0.0
2005-06-23 00:00:00+09:00,881.462566084244,888.8388218673757,881.462566084244,888.1011962890625,4600,0.0,0.0
2005-06-24 00:00:00+09:00,886.6260080973307,886.6260080973307,882.9378799438476,885.1507568359375,5900,0.0,0.0
2005-06-27 00:00:00+09:00,899.1657492989822,901.3786264506614,888.1013635405861,888.8389892578125,7900,0.0,0.0
2005-06-28 00:00:00+09:00,889.5765991210938,891.7894762333352,889.5765991210938,889.5765991210938,6900,0.0,0.0
2005-06-29 00:00:00+09:00,904.3290812998165,919.081594860988,903.591455621758,910.9677124023438,11200,0.0,0.0
2005-06-30 00:00:00+09:00,922.032250298394,929.4085083007812,914.655992296007,929.4085083007812,16700,0.0,0.0
2005-07-01 00:00:00+09:00,936.7846741435128,947.8490600585938,936.7846741435128,947.8490600585938,20200,0.0,0.0
2005-07-04 00:00:00+09:00,944.1609290147402,951.5371862726678,932.3589174020559,950.799560546875,33800,0.0,0.0
2005-07-05 00:00:00+09:00,946.3738588145081,950.0619876485475,942.6857299804688,942.6857299804688,66600,0.0,0.0
2005-07-06 00:00:00+09:00,942.68539352417,944.89827003479,936.7843894958496,944.16064453125,45300,0.0,0.0
2005-07-07 00:00:00+09:00,943.423348076399,951.5372314453124,943.423348076399,951.5372314453125,52200,0.0,0.0
2005-07-08 00:00:00+09:00,950.7992740631104,966.2894096374512,929.4081344604492,944.16064453125,66600,0.0,0.0
2005-07-11 00:00:00+09:00,936.7846801757813,966.2897094726562,936.7846801757813,958.9134521484375,49700,0.0,0.0
2005-07-12 00:00:00+09:00,958.9132084650047,984.7301025390625,957.4379573750585,984.7301025390625,24400,0.0,0.0
2005-07-13 00:00:00+09:00,988.4182302639279,992.1063579887933,975.8785959993855,984.7301025390625,10900,0.0,0.0
2005-07-14 00:00:00+09:00,991.3689468034352,992.8441982123688,966.2896728515625,966.2896728515625,3600,0.0,0.0
2005-07-15 00:00:00+09:00,962.6016178574672,966.2897466615188,944.1609738372092,951.5372314453125,2900,0.0,0.0
2005-07-18 00:00:00+09:00,951.5372314453124,951.5372314453124,951.5372314453124,951.5372314453125,0,0.0,0.0
2005-07-19 00:00:00+09:00,951.5372066641212,981.042236328125,951.5372066641212,981.042236328125,13000,0.0,0.0
2005-07-20 00:00:00+09:00,972.9281195998635,995.7945120999361,959.650859438531,992.1063842773438,30000,0.0,0.0
2005-07-21 00:00:00+09:00,981.0422241210938,981.7798498535157,958.9134521484375,958.9134521484375,7600,0.0,0.0
2005-07-22 00:00:00+09:00,958.9134640801221,981.042236328125,958.9134640801221,981.042236328125,12200,0.0,0.0
2005-07-25 00:00:00+09:00,964.8144580078125,981.0422241210938,958.9134521484375,958.9134521484375,1100,0.0,0.0
2005-07-26 00:00:00+09:00,958.9134158068941,966.2896728515625,958.1757901024273,966.2896728515625,10900,0.0,0.0
2005-07-27 00:00:00+09:00,962.6015808105469,968.5025866699219,936.7846801757813,958.9134521484375,9600,0.0,0.0
2005-07-28 00:00:00+09:00,958.9134521484375,966.2897094726562,958.9134521484375,958.9134521484375,21000,0.0,0.0
2005-07-29 00:00:00+09:00,958.9134890534157,958.9134890534157,951.5372314453124,951.5372314453125,2400,0.0,0.0
2005-08-01 00:00:00+09:00,944.8985995980196,951.5372314453124,944.8985995980196,951.5372314453125,500,0.0,0.0
2005-08-02 00:00:00+09:00,951.5370635986328,958.1756942749023,885.1507568359375,885.1507568359375,6100,0.0,0.0
2005-08-03 00:00:00+09:00,895.4775108037032,936.7845458984375,895.4775108037032,936.7845458984375,4400,0.0,0.0
2005-08-04 00:00:00+09:00,922.0321112470664,936.7846250270195,911.7053516010992,933.0964965820312,2600,0.0,0.0
2005-08-05 00:00:00+09:00,915.3935636393229,944.1609681372549,915.3935636393229,940.4728393554688,9600,0.0,0.0
2005-08-08 00:00:00+09:00,928.6706741699219,928.6706741699219,877.7745053710938,922.0320434570312,3800,0.0,0.0
2005-08-09 00:00:00+09:00,928.670664004829,937.5221715251292,928.670664004829,936.7845458984375,2500,0.0,0.0
2005-08-10 00:00:00+09:00,936.784716229106,953.012482966933,936.784716229106,951.5372314453125,7200,0.0,0.0
2005-08-11 00:00:00+09:00,947.8487720489502,951.5368995666504,944.16064453125,944.16064453125,6000,0.0,0.0
2005-08-12 00:00:00+09:00,951.5372314453124,951.5372314453124,951.5372314453124,951.5372314453125,200,0.0,0.0
2005-08-15 00:00:00+09:00,951.5372314453124,955.225360249364,951.5372314453124,951.5372314453125,11500,0.0,0.0
2005-08-16 00:00:00+09:00,951.5372314453124,951.5372314453124,936.784716229106,951.5372314453125,7500,0.0,0.0
2005-08-17 00:00:00+09:00,951.5372314453124,951.5372314453124,951.5372314453124,951.5372314453125,2100,0.0,0.0
2005-08-18 00:00:00+09:00,945.6358955383301,953.0121505737305,944.16064453125,944.16064453125,9400,0.0,0.0
2005-08-19 00:00:00+09:00,951.5372314453124,952.2748572061228,944.1609738372092,951.5372314453125,3000,0.0,0.0
2005-08-22 00:00:00+09:00,951.5372314453124,951.5372314453124,940.4728450331577,951.5372314453125,1700,0.0,0.0
2005-08-23 00:00:00+09:00,945.6362253588298,951.5372314453124,944.1609738372092,951.5372314453125,1400,0.0,0.0
2005-08-24 00:00:00+09:00,943.423348076399,951.5372314453124,942.6857223155886,951.5372314453125,4200,0.0,0.0
2005-08-25 00:00:00+09:00,950.0616485595704,951.5368995666504,929.4081344604492,944.16064453125,6400,0.0,0.0
2005-08-26 00:00:00+09:00,944.16064453125,953.0121505737305,944.16064453125,944.16064453125,5000,0.0,0.0
2005-08-29 00:00:00+09:00,944.1609290147402,950.799560546875,944.1609290147402,950.799560546875,6900,0.0,0.0
2005-08-30 00:00:00+09:00,947.8488420758929,958.9132254464286,947.8488420758929,955.22509765625,14000,0.0,0.0
2005-08-31 00:00:00+09:00,954.4874720982143,955.22509765625,954.4874720982143,955.22509765625,3700,0.0,0.0
2005-09-01 00:00:00+09:00,953.7500720214844,958.9134521484375,918.3440368652344,958.9134521484375,17100,0.0,0.0
2005-09-02 00:00:00+09:00,944.1609290147402,958.9134435305955,922.0321572409572,950.799560546875,8300,0.0,0.0
2005-09-05 00:00:00+09:00,944.1609314202334,950.799562969282,933.0965455051526,947.8490600585938,4700,0.0,0.0
2005-09-06 00:00:00+09:00,947.8489406738282,947.8489406738282,914.6557871093751,922.0320434570312,6200,0.0,0.0
2005-09-07 00:00:00+09:00,903.5914025878907,936.7845561523438,903.5914025878907,922.0320434570312,7900,0.0,0.0
2005-09-08 00:00:00+09:00,922.0320279480982,922.0320279480982,890.3141261866836,899.9032592773438,32800,0.0,0.0
2005-09-09 00:00:00+09:00,909.492479128954,923.5073672907139,892.527088196297,907.2796020507812,45500,0.0,0.0
2005-09-12 00:00:00+09:00,910.2300179903625,910.967643612721,899.9032592773438,899.9032592773438,11800,0.0,0.0
2005-09-13 00:00:00+09:00,899.90335663094,900.6409823330965,892.527099609375,892.527099609375,19200,0.0,0.0
2005-09-14 00:00:00+09:00,892.5270227988233,894.7398997148534,890.3141458827931,893.2646484375,11800,0.0,0.0
2005-09-15 00:00:00+09:00,892.5271060865753,903.5914916992188,892.5271060865753,903.5914916992188,12500,0.0,0.0
2005-09-16 00:00:00+09:00,901.3785783376126,903.5914553711747,891.0518188476562,891.0518188476562,16100,0.0,0.0
2005-09-19 00:00:00+09:00,891.0518188476562,891.0518188476562,891.0518188476562,891.0518188476562,0,0.0,0.0
2005-09-20 00:00:00+09:00,892.527067983898,896.2151963639967,890.3141909558387,894.0023193359375,25100,0.0,0.0
2005-09-21 00:00:00+09:00,885.1507568359375,895.4775156656901,855.6457316080729,885.1507568359375,24200,0.0,0.0
2005-09-22 00:00:00+09:00,880.7250883748709,892.527099609375,878.5122112684013,892.527099609375,12800,0.0,0.0
2005-09-23 00:00:00+09:00,892.527099609375,892.527099609375,892.527099609375,892.527099609375,0,0.0,0.0
2005-09-26 00:00:00+09:00,891.7894739072185,898.428105226627,885.1508425878098,892.527099609375,5500,0.0,0.0
2005-09-27 00:00:00+09:00,891.7893418669203,892.5269674598624,884.4130859375,884.4130859375,11400,0.0,0.0
2005-09-28 00:00:00+09:00,885.1506976379599,885.1506976379599,881.4625697311351,882.2001953125,7300,0.0,0.0
2005-09-29 00:00:00+09:00,881.4627075195314,885.1508360028766,880.7250818228622,881.4627075195312,11200,0.0,0.0
2005-09-30 00:00:00+09:00,881.4627007953192,882.2003264863613,870.3983154296875,870.3983154296875,7200,0.0,0.0
2005-10-03 00:00:00+09:00,868.1854383565612,885.1508292505297,868.1854383565612,870.3983154296875,3600,0.0,0.0
2005-10-04 00:00:00+09:00,870.398418957674,876.2994251878955,870.398418957674,874.0865478515625,2200,0.0,0.0
2005-10-05 00:00:00+09:00,870.3983154296875,871.1359411207296,869.6606897386454,870.3983154296875,15600,0.0,0.0
2005-10-06 00:00:00+09:00,870.3982502844198,884.4131373652706,870.3982502844198,876.2992553710938,6000,0.0,0.0
2005-10-07 00:00:00+09:00,879.2498485917805,879.2498485917805,877.7745971679688,877.7745971679688,200,0.0,0.0
2005-10-10 00:00:00+09:00,877.7745971679688,877.7745971679688,877.7745971679688,877.7745971679688,0,0.0,0.0
2005-10-11 00:00:00+09:00,877.7745855662448,892.527099609375,877.7745855662448,892.527099609375,2500,0.0,0.0
2005-10-12 00:00:00+09:00,892.5269534516095,908.7547162416388,882.2001953125,882.2001953125,33600,0.0,0.0
2005-10-13 00:00:00+09:00,902.8538208007811,904.3290721419589,883.6755533654705,902.8538208007812,10700,0.0,0.0
2005-10-14 00:00:00+09:00,919.0817712402344,1071.0326900809152,919.0817712402344,1032.6761474609375,192900,0.0,0.0
2005-10-17 00:00:00+09:00,1028.250487167905,1173.5627870044025,1018.6613506304712,1132.2557373046875,289900,0.0,0.0
2005-10-18 00:00:00+09:00,1132.2554783314968,1132.9931040502793,1033.4136320146104,1056.280029296875,32700,0.0,0.0
2005-10-19 00:00:00+09:00,1055.542547869001,1056.280173688616,1004.6463663155691,1032.6761474609375,12600,0.0,0.0
2005-10-20 00:00:00+09:00,1031.9385216413225,1032.6761474609375,994.3196048409598,1032.6761474609375,10700,0.0,0.0
2005-10-21 00:00:00+09:00,1032.6759664601293,1069.5572509765625,1016.4482012728987,1069.5572509765625,10400,0.0,0.0
2005-10-24 00:00:00+09:00,1048.1662896728515,1048.9039154924665,1030.4632700020925,1032.6761474609375,32000,0.0,0.0
2005-10-25 00:00:00+09:00,1032.6761867071061,1048.9039553553607,1032.6761867071061,1039.3148193359375,5000,0.0,0.0
2005-10-26 00:00:00+09:00,1039.3145976730873,1106.4385354929957,1039.3145976730873,1069.5572509765625,23600,0.0,0.0
2005-10-27 00:00:00+09:00,1090.9481310953229,1106.4382668309563,1090.9481310953229,1099.06201171875,6000,0.0,0.0
2005-10-28 00:00:00+09:00,1091.6863387670273,1178.7261955065605,1082.8348279121594,1150.6964111328125,17200,0.0,0.0
2005-10-31 00:00:00+09:00,1152.1712166719658,1272.4041925474655,1152.1712166719658,1268.716064453125,28100,0.0,0.0
2005-11-01 00:00:00+09:00,1268.7162471931138,1279.0430073446855,1228.8844580370508,1231.8349609375,34200,0.0,0.0
2005-11-02 00:00:00+09:00,1231.8349609375,1253.226106965756,1180.2011601796407,1231.8349609375,6400,0.0,0.0
2005-11-03 00:00:00+09:00,1231.8349609375,1231.8349609375,1231.8349609375,1231.8349609375,0,0.0,0.0
2005-11-04 00:00:00+09:00,1230.3597094872755,1276.0925044442365,1230.3597094872755,1231.8349609375,14000,0.0,0.0
2005-11-07 00:00:00+09:00,1289.3697674962575,1290.1073932213696,1158.0723884262725,1231.8349609375,22200,0.0,0.0
2005-11-08 00:00:00+09:00,1180.2009106289809,1186.839540751269,1106.4383537146696,1158.0721435546875,11600,0.0,0.0
2005-11-09 00:00:00+09:00,1150.6964111328125,1157.3350442739634,1032.676266401242,1150.6964111328125,18600,0.0,0.0
2005-11-10 00:00:00+09:00,1106.4384765625,1142.5821334635416,1099.799845703125,1106.4384765625,4600,0.0,0.0
2005-11-11 00:00:00+09:00,1099.7996372299706,1106.4382668309563,1099.06201171875,1099.06201171875,7100,0.0,0.0
2005-11-14 00:00:00+09:00,1099.0624150456608,1099.0624150456608,1085.047525189374,1091.6861572265625,7400,0.0,0.0
2005-11-15 00:00:00+09:00,1084.3099548339844,1091.6862130301338,1021.6117601667131,1032.6761474609375,22500,0.0,0.0
2005-11-16 00:00:00+09:00,1033.4137732805525,1039.314779837472,1032.6761474609375,1032.6761474609375,6600,0.0,0.0
2005-11-17 00:00:00+09:00,1031.9385216413225,1054.804922049386,1031.9385216413225,1032.6761474609375,7500,0.0,0.0
2005-11-18 00:00:00+09:00,1032.675935444079,1052.5918284847862,1032.675935444079,1051.1165771484375,6900,0.0,0.0
2005-11-21 00:00:00+09:00,1051.1166223469822,1068.819639144405,1051.1166223469822,1051.854248046875,5400,0.0,0.0
2005-11-22 00:00:00+09:00,1051.116581100354,1051.8542067713017,1021.6115542624494,1025.2996826171875,13900,0.0,0.0
2005-11-23 00:00:00+09:00,1025.2996826171875,1025.2996826171875,1025.2996826171875,1025.2996826171875,0,0.0,0.0
2005-11-24 00:00:00+09:00,1025.2996826171875,1027.5125596300304,1019.3986772496065,1025.2996826171875,5500,0.0,0.0
2005-11-25 00:00:00+09:00,1026.775146484375,1027.5127723079988,1018.6612624245129,1026.775146484375,4200,0.0,0.0
2005-11-28 00:00:00+09:00,1025.2995781743568,1028.9877061534014,1021.6114501953125,1021.6114501953125,3500,0.0,0.0
2005-11-29 00:00:00+09:00,1025.2995781743568,1025.2995781743568,1017.1856966204591,1021.6114501953125,9800,0.0,0.0
2005-11-30 00:00:00+09:00,1025.2999177820543,1032.676176183364,1003.1711425781251,1003.171142578125,35800,0.0,0.0
2005-12-01 00:00:00+09:00,1002.4333703613281,1003.17099609375,958.9134521484375,958.9134521484375,25200,0.0,0.0
2005-12-02 00:00:00+09:00,958.9132478921721,972.9281338229039,956.700371166267,968.5023803710938,26700,0.0,0.0
2005-12-05 00:00:00+09:00,987.6806727881035,1025.2995781743568,975.1410376593524,1021.6114501953125,37100,0.0,0.0
2005-12-06 00:00:00+09:00,1009.809760892564,1021.6117741681528,1007.5968834033911,1017.9236450195312,8100,0.0,0.0
2005-12-07 00:00:00+09:00,1006.8593466023115,1020.136612711353,1003.9088430225245,1019.3989868164062,5800,0.0,0.0
2005-12-08 00:00:00+09:00,1013.4979043399587,1014.2355301800897,1003.1711425781251,1003.171142578125,8700,0.0,0.0
2005-12-09 00:00:00+09:00,999.4830133774702,1003.1711425781251,995.0572583366844,1003.171142578125,7200,0.0,0.0
2005-12-12 00:00:00+09:00,1003.1709413633241,1017.1858295147235,995.794684441535,1006.8590698242188,11900,0.0,0.0
2005-12-13 00:00:00+09:00,1003.1709093691697,1006.8590377124387,986.9431446587862,988.4183959960938,13300,0.0,0.0
2005-12-14 00:00:00+09:00,992.844216954023,1001.6957255747127,960.3886853448275,962.6015625,11900,0.0,0.0
2005-12-15 00:00:00+09:00,965.5520310621995,1017.1858295147235,965.5520310621995,1006.8590698242188,14900,0.0,0.0
2005-12-16 00:00:00+09:00,1011.2849986921037,1047.4286638532365,1011.2849986921037,1032.6761474609375,18500,0.0,0.0
2005-12-19 00:00:00+09:00,1040.0523062928082,1085.785102739726,1033.4136745505136,1076.93359375,19600,0.0,0.0
2005-12-20 00:00:00+09:00,1079.884144716005,1091.6861572265625,1076.9336415883656,1091.6861572265625,13800,0.0,0.0
2005-12-21 00:00:00+09:00,1076.1961947710085,1180.201447315705,1068.0823098207131,1150.6964111328125,49600,0.0,0.0
2005-12-22 00:00:00+09:00,1149.2207643229167,1149.9583899739582,1082.096830078125,1106.4384765625,7000,0.0,0.0
2005-12-23 00:00:00+09:00,1106.4384765625,1106.4384765625,1106.4384765625,1106.4384765625,0,0.0,0.0
2005-12-26 00:00:00+09:00,1106.438646818462,1143.3199350457442,1105.7010210539165,1121.191162109375,22500,0.0,0.0
2005-12-27 00:00:00+09:00,1120.4535838734018,1143.3199835442877,1110.1268227317116,1135.9437255859375,9400,0.0,0.0
2005-12-28 00:00:00+09:00,1135.206267136794,1152.171662941957,1135.206267136794,1150.6964111328125,5500,0.0,0.0
2005-12-29 00:00:00+09:00,1158.0725641741071,1298.2214732142857,1157.3349383370535,1290.84521484375,54500,0.0,0.0
2005-12-30 00:00:00+09:00,1289.369963169643,1290.84521484375,1273.1421947544643,1290.84521484375,19800,0.0,0.0
2006-01-02 00:00:00+09:00,1290.84521484375,1290.84521484375,1290.84521484375,1290.84521484375,0,0.0,0.0
2006-01-03 00:00:00+09:00,1290.84521484375,1290.84521484375,1290.84521484375,1290.84521484375,0,0.0,0.0
2006-01-04 00:00:00+09:00,1290.8450743411681,1308.5480925035613,1276.8301849626068,1294.533203125,6000,0.0,0.0
2006-01-05 00:00:00+09:00,1294.5333440290178,1307.810609095982,1276.0926981026785,1290.84521484375,10000,0.0,0.0
2006-01-06 00:00:00+09:00,1290.8447718770078,1298.2210277163051,1289.3695207091484,1291.5823974609375,13200,0.0,0.0
2006-01-09 00:00:00+09:00,1291.5823974609375,1291.5823974609375,1291.5823974609375,1291.5823974609375,0,0.0,0.0
2006-01-10 00:00:00+09:00,1291.582732773861,1369.7710649691946,1291.582732773861,1360.9195556640625,17500,0.0,0.0
2006-01-11 00:00:00+09:00,1357.2313104281768,1384.5234617791782,1331.414410501554,1335.1025390625,7900,0.0,0.0
2006-01-12 00:00:00+09:00,1321.0873569936061,1321.8249825418995,1312.973475962378,1320.3497314453125,1400,0.0,0.0
2006-01-13 00:00:00+09:00,1313.7112529002964,1313.7112529002964,1282.7309763018616,1298.958740234375,3600,0.0,0.0
2006-01-16 00:00:00+09:00,1273.141851159563,1290.8448664711675,1258.3893383998925,1287.15673828125,7800,0.0,0.0
2006-01-17 00:00:00+09:00,1287.156570854537,1298.2209539850917,1283.468443144352,1286.4189453125,5700,0.0,0.0
2006-01-18 00:00:00+09:00,1267.2408849379594,1283.4686494715074,1239.2111098345588,1253.963623046875,17200,0.0,0.0
2006-01-19 00:00:00+09:00,1260.6022539924172,1261.339879653033,1235.5229815314797,1253.963623046875,3300,0.0,0.0
2006-01-20 00:00:00+09:00,1260.6022539924172,1261.339879653033,1247.3249921013328,1253.963623046875,7900,0.0,0.0
2006-01-23 00:00:00+09:00,1253.2259973862592,1260.6022539924172,1246.5873664407168,1253.963623046875,5400,0.0,0.0
2006-01-24 00:00:00+09:00,1253.963623046875,1262.8151309742648,1253.963623046875,1253.963623046875,4500,0.0,0.0
2006-01-25 00:00:00+09:00,1278.3051416187152,1289.3695254180693,1259.864501953125,1259.864501953125,1300,0.0,0.0
2006-01-26 00:00:00+09:00,1259.8645036083158,1305.5972900390625,1259.8645036083158,1305.5972900390625,4400,0.0,0.0
2006-01-27 00:00:00+09:00,1305.5972900390625,1321.8250529661018,1290.107152699616,1305.5972900390625,9100,0.0,0.0
2006-01-30 00:00:00+09:00,1305.5977315848215,1307.0729832589286,1290.84521484375,1290.84521484375,6200,0.0,0.0
2006-01-31 00:00:00+09:00,1305.5977315848215,1305.5977315848215,1289.369963169643,1290.84521484375,2900,0.0,0.0
2006-02-01 00:00:00+09:00,1289.3696654236012,1303.384553091249,1289.3696654236012,1301.9093017578125,5700,0.0,0.0
2006-02-02 00:00:00+09:00,1287.1566503492452,1305.5972900390625,1287.1566503492452,1305.5972900390625,2300,0.0,0.0
2006-02-03 00:00:00+09:00,1303.3847122061966,1304.122337962963,1290.8450743411681,1294.533203125,7600,0.0,0.0
2006-02-06 00:00:00+09:00,1298.2214732142857,1298.9590990513393,1287.8947114955358,1290.84521484375,11000,0.0,0.0
2006-02-07 00:00:00+09:00,1290.107506748219,1301.9095193885687,1288.6322551681753,1297.4837646484375,11400,0.0,0.0
2006-02-08 00:00:00+09:00,1296.7462215401786,1298.2214732142857,1288.6323373325893,1290.84521484375,9200,0.0,0.0
2006-02-09 00:00:00+09:00,1290.845132538241,1297.4837646484375,1283.4688746380223,1297.4837646484375,7700,0.0,0.0
2006-02-10 00:00:00+09:00,1297.4837061520655,1297.4837061520655,1294.533203125,1294.533203125,300,0.0,0.0
2006-02-13 00:00:00+09:00,1297.4837061520655,1297.4837061520655,1290.1074485844017,1294.533203125,7200,0.0,0.0
2006-02-14 00:00:00+09:00,1290.8450743411681,1294.533203125,1285.6816940438034,1294.533203125,4000,0.0,0.0
2006-02-15 00:00:00+09:00,1294.533250693947,1299.7411430817963,1294.533250693947,1298.253173828125,7700,15.0,0.0
2006-02-16 00:00:00+09:00,1294.5327296825724,1298.2526513195915,1294.5327296825724,1297.5086669921875,18400,0.0,0.0
2006-02-17 00:00:00+09:00,1295.2767140099763,1298.2526513195915,1294.5327296825724,1297.5086669921875,8100,0.0,0.0
2006-02-20 00:00:00+09:00,1297.5091892012895,1298.253173828125,1297.5091892012895,1298.253173828125,10400,0.0,0.0
2006-02-21 00:00:00+09:00,1296.7652045744537,1298.253173828125,1264.7738656205229,1298.253173828125,11100,0.0,0.0
2006-02-22 00:00:00+09:00,1300.484931361607,1309.4127455357143,1297.5089933035713,1301.972900390625,6100,0.0,0.0
2006-02-23 00:00:00+09:00,1301.972900390625,1302.7168849051338,1301.972900390625,1301.972900390625,2900,0.0,0.0
2006-02-24 00:00:00+09:00,1300.484931361607,1301.972900390625,1298.9969623325892,1301.972900390625,1400,0.0,0.0
2006-02-27 00:00:00+09:00,1302.7168849051338,1302.7168849051338,1301.972900390625,1301.972900390625,200,0.0,0.0
2006-02-28 00:00:00+09:00,1278.9093017578125,1278.9093017578125,1278.9093017578125,1278.9093017578125,100,0.0,0.0
2006-03-01 00:00:00+09:00,1264.7738148082385,1264.7738148082385,1226.8306003639914,1227.5745849609375,1200,0.0,0.0
2006-03-02 00:00:00+09:00,1197.0712395255796,1198.5592087481098,1153.1761474609375,1153.1761474609375,6200,0.0,0.0
2006-03-03 00:00:00+09:00,1148.712251953125,1154.66412890625,1115.9769287109375,1115.9769287109375,2800,0.0,0.0
2006-03-06 00:00:00+09:00,1108.5367431640625,1116.7205714693005,1108.5367431640625,1108.5367431640625,3000,0.0,0.0
2006-03-07 00:00:00+09:00,1075.8013916015625,1085.4731883448683,1041.578110817557,1075.8013916015625,2500,0.0,0.0
2006-03-08 00:00:00+09:00,1066.8740099500108,1066.8740099500108,1060.178147962877,1063.8980712890625,1000,0.0,0.0
2006-03-09 00:00:00+09:00,1063.897804287213,1063.897804287213,1052.738037109375,1052.738037109375,1200,0.0,0.0
2006-03-10 00:00:00+09:00,1056.4581839425223,1063.1540456717355,1041.5784912109375,1041.5784912109375,7100,0.0,0.0
2006-03-13 00:00:00+09:00,1041.578232729674,1043.0662016335734,1036.3703415660257,1038.602294921875,7100,0.0,0.0
2006-03-14 00:00:00+09:00,1041.5784912109375,1060.9220917619978,1037.114583391462,1041.5784912109375,9400,0.0,0.0
2006-03-15 00:00:00+09:00,1043.066312229887,1049.0181884765625,1042.3223276990525,1049.0181884765625,2500,0.0,0.0
2006-03-16 00:00:00+09:00,1049.0183848356246,1063.154093567452,1048.2744001655283,1058.690185546875,6000,0.0,0.0
2006-03-17 00:00:00+09:00,1078.033698596693,1089.9374523424124,1060.1780679781143,1086.217529296875,6000,0.0,0.0
2006-03-20 00:00:00+09:00,1092.913405990098,1144.2483447329957,1092.913405990098,1129.36865234375,11600,0.0,0.0
2006-03-21 00:00:00+09:00,1129.36865234375,1129.36865234375,1129.36865234375,1129.36865234375,0,0.0,0.0
2006-03-22 00:00:00+09:00,1146.480380092523,1203.7671998635317,1146.480380092523,1160.6160888671875,21500,0.0,0.0
2006-03-23 00:00:00+09:00,1163.5919592126622,1164.335943841315,1115.9769429788962,1145.736328125,15600,0.0,0.0
2006-03-24 00:00:00+09:00,1144.2483790103472,1144.9923636520966,1115.9769626238758,1116.720947265625,13200,0.0,0.0
2006-03-27 00:00:00+09:00,1114.4889594726562,1116.720913330078,1114.4889594726562,1115.9769287109375,4100,0.0,0.0
2006-03-28 00:00:00+09:00,1130.1126364746094,1131.6006057128907,1115.2329440917968,1115.9769287109375,4900,0.0,0.0
2006-03-29 00:00:00+09:00,1115.9766966256539,1138.296230558167,1115.9766966256539,1137.55224609375,6200,0.0,0.0
2006-03-30 00:00:00+09:00,1148.7121706495097,1160.6159237132354,1138.29638671875,1138.29638671875,5400,0.0,0.0
2006-03-31 00:00:00+09:00,1160.6160888671875,1162.1040582118892,1152.4322574713292,1160.6160888671875,3000,0.0,0.0
2006-04-03 00:00:00+09:00,1160.6159935735886,1160.6159935735886,1153.1761474609375,1153.1761474609375,1800,0.0,0.0
2006-04-04 00:00:00+09:00,1153.176174411526,1159.8720360693994,1139.0404664671266,1145.736328125,8600,0.0,0.0
2006-04-05 00:00:00+09:00,1145.7360784608315,1188.8871775197458,1145.7360784608315,1150.9439697265625,8300,0.0,0.0
2006-04-06 00:00:00+09:00,1152.4320548314079,1156.8959620805936,1138.2963485423204,1156.1519775390625,10600,0.0,0.0
2006-04-07 00:00:00+09:00,1156.8958740234375,1174.7515016610982,1155.4079050536322,1156.8958740234375,14300,0.0,0.0
2006-04-10 00:00:00+09:00,1160.6160355071108,1249.8941920845807,1160.6160355071108,1242.454345703125,18200,0.0,0.0
2006-04-11 00:00:00+09:00,1249.8939597389915,1330.988270222057,1249.8939597389915,1309.4127197265625,32900,0.0,0.0
2006-04-12 00:00:00+09:00,1320.5725378356353,1331.7323057610067,1313.132692552054,1326.5244140625,225100,0.0,0.0
2006-04-13 00:00:00+09:00,1316.1088785807292,1361.491943359375,1293.045353857155,1361.491943359375,35400,0.0,0.0
2006-04-14 00:00:00+09:00,1353.3080783049352,1365.211832704539,1345.8682318051829,1360.7479248046875,13300,0.0,0.0
2006-04-17 00:00:00+09:00,1353.3077518528423,1540.0478539501835,1353.3077518528423,1521.4482421875,32900,0.0,0.0
2006-04-18 00:00:00+09:00,1487.2252661758814,1525.1684820713142,1413.570788261218,1450.77001953125,18500,0.0,0.0
2006-04-19 00:00:00+09:00,1451.5139188574738,1451.5139188574738,1354.0519386574074,1406.130859375,11200,0.0,0.0
2006-04-20 00:00:00+09:00,1385.2993724959936,1450.77001953125,1376.3715569911858,1450.77001953125,8700,0.0,0.0
2006-04-21 00:00:00+09:00,1420.2663409139209,1452.2576728465026,1420.2663409139209,1435.8900146484375,4100,0.0,0.0
2006-04-24 00:00:00+09:00,1429.9383367800247,1525.1683612898285,1429.9383367800247,1517.728515625,30000,0.0,0.0
2006-04-25 00:00:00+09:00,1521.448329964864,1525.1682525320152,1442.5859715412573,1443.3299560546875,3600,0.0,0.0
2006-04-26 00:00:00+09:00,1417.2904980846288,1443.3299560546875,1416.5465135711984,1443.3299560546875,800,0.0,0.0
2006-04-27 00:00:00+09:00,1443.3299560546875,1444.817925081548,1421.01042065178,1443.3299560546875,4600,0.0,0.0
2006-04-28 00:00:00+09:00,1407.6187997855393,1517.728515625,1406.1308306525736,1517.728515625,10000,0.0,0.0
2006-05-01 00:00:00+09:00,1506.5684829711915,1514.0083273315431,1468.6252767333986,1487.9688720703125,3000,0.0,0.0
2006-05-02 00:00:00+09:00,1487.2249414942287,1487.2249414942287,1486.48095703125,1486.48095703125,200,0.0,0.0
2006-05-03 00:00:00+09:00,1486.48095703125,1486.48095703125,1486.48095703125,1486.48095703125,0,0.0,0.0
2006-05-04 00:00:00+09:00,1486.48095703125,1486.48095703125,1486.48095703125,1486.48095703125,0,0.0,0.0
2006-05-05 00:00:00+09:00,1486.48095703125,1486.48095703125,1486.48095703125,1486.48095703125,0,0.0,0.0
2006-05-08 00:00:00+09:00,1486.4809537020597,1487.2249381633721,1473.0892333984375,1473.0892333984375,7400,0.0,0.0
2006-05-09 00:00:00+09:00,1468.625422645454,1491.688942453969,1450.7697944066033,1480.5291748046875,6300,0.0,0.0
2006-05-10 00:00:00+09:00,1466.3933297568874,1466.3933297568874,1399.4347302246094,1413.5704345703125,6300,0.0,0.0
2006-05-11 00:00:00+09:00,1371.1636646133813,1450.77001953125,1371.1636646133813,1450.77001953125,9400,0.0,0.0
2006-05-12 00:00:00+09:00,1415.058258147738,1514.0081784072802,1362.979352747979,1495.4085693359375,23200,0.0,0.0
2006-05-15 00:00:00+09:00,1491.688647521669,1510.2882565930115,1480.5288820788635,1495.4085693359375,23600,0.0,0.0
2006-05-16 00:00:00+09:00,1499.1284911502062,1499.1284911502062,1495.4085693359375,1495.4085693359375,200,0.0,0.0
2006-05-17 00:00:00+09:00,1459.69731991896,1495.4085693359375,1428.4499766791046,1495.4085693359375,600,0.0,0.0
2006-05-18 00:00:00+09:00,1450.77001953125,1450.77001953125,1450.77001953125,1450.77001953125,2200,0.0,0.0
2006-05-19 00:00:00+09:00,1414.3147728866186,1450.77001953125,1414.3147728866186,1450.77001953125,9500,0.0,0.0
2006-05-22 00:00:00+09:00,1450.7697039194056,1450.7697039194056,1434.4020457213405,1435.8900146484375,300,0.0,0.0
2006-05-23 00:00:00+09:00,1433.6580144299958,1434.4019988692435,1411.3384812525699,1413.5704345703125,8000,0.0,0.0
2006-05-24 00:00:00+09:00,1413.5704345703125,1435.8899677477384,1413.5704345703125,1413.5704345703125,20000,0.0,0.0
2006-05-25 00:00:00+09:00,1413.5704345703125,1413.5704345703125,1404.6426212993422,1413.5704345703125,59300,0.0,0.0
2006-05-26 00:00:00+09:00,1413.570384979248,1428.4500732421875,1412.826400566101,1428.4500732421875,33700,0.0,0.0
2006-05-29 00:00:00+09:00,1428.4504807692308,1450.77001953125,1428.4504807692308,1450.77001953125,400,0.0,0.0
2006-05-30 00:00:00+09:00,1428.4502591080402,1480.5291748046875,1428.4502591080402,1480.5291748046875,800,0.0,0.0
2006-05-31 00:00:00+09:00,1428.4500732421875,1428.4500732421875,1428.4500732421875,1428.4500732421875,200,0.0,0.0
2006-06-01 00:00:00+09:00,1413.5704345703125,1413.5704345703125,1413.5704345703125,1413.5704345703125,29400,0.0,0.0
2006-06-02 00:00:00+09:00,1413.5704345703125,1413.5704345703125,1403.8986368600945,1413.5704345703125,14200,0.0,0.0
2006-06-05 00:00:00+09:00,1412.826450131065,1413.5704345703125,1402.4106679815995,1413.5704345703125,23100,0.0,0.0
2006-06-06 00:00:00+09:00,1413.5704852165059,1437.3779881254154,1398.6907958984375,1398.6907958984375,23000,0.0,0.0
2006-06-07 00:00:00+09:00,1397.2028269666305,1398.6907958984375,1391.9949357053065,1398.6907958984375,1200,0.0,0.0
2006-06-08 00:00:00+09:00,1390.5069667734997,1398.6907958984375,1376.3712619213347,1398.6907958984375,2200,0.0,0.0
2006-06-09 00:00:00+09:00,1397.9468114325339,1398.6907958984375,1394.9708735689203,1398.6907958984375,1300,0.0,0.0
2006-06-12 00:00:00+09:00,1397.2028269666305,1398.6907958984375,1339.1720386261634,1398.6907958984375,41600,0.0,0.0
2006-06-13 00:00:00+09:00,1385.2994527514516,1385.2994527514516,1357.0280353483608,1361.491943359375,33800,0.0,0.0
2006-06-14 00:00:00+09:00,1361.491943359375,1361.491943359375,1361.491943359375,1361.491943359375,1100,0.0,0.0
2006-06-15 00:00:00+09:00,1361.4918481177026,1361.4918481177026,1339.1723096239698,1354.052001953125,3100,0.0,0.0
2006-06-16 00:00:00+09:00,1362.9799126963799,1362.9799126963799,1361.491943359375,1361.491943359375,400,0.0,0.0
2006-06-19 00:00:00+09:00,1338.4282566324869,1347.3560715738931,1324.292549641927,1339.1722412109375,4700,0.0,0.0
2006-06-20 00:00:00+09:00,1362.9799126963799,1362.9799126963799,1361.491943359375,1361.491943359375,200,0.0,0.0
2006-06-21 00:00:00+09:00,1375.6276520609206,1386.7874220884564,1339.1724033043033,1361.491943359375,34000,0.0,0.0
2006-06-22 00:00:00+09:00,1374.8836127533784,1412.8268293391047,1361.4918892525338,1376.37158203125,1000,0.0,0.0
2006-06-23 00:00:00+09:00,1361.4916224325857,1383.8111572265625,1360.0036534463204,1383.8111572265625,900,0.0,0.0
2006-06-26 00:00:00+09:00,1413.5705369518648,1413.5705369518648,1383.8111572265625,1383.8111572265625,300,0.0,0.0
2006-06-27 00:00:00+09:00,1376.3713122952367,1383.8111572265625,1376.3713122952367,1383.8111572265625,300,0.0,0.0
2006-06-28 00:00:00+09:00,1374.8833433089717,1383.8111572265625,1309.4127079133063,1383.8111572265625,1900,0.0,0.0
2006-06-29 00:00:00+09:00,1338.4281005859375,1413.5705342486278,1338.4281005859375,1338.4281005859375,0,0.0,0.0
2006-06-30 00:00:00+09:00,1387.5313516152871,1387.5313516152871,1360.003919974662,1376.37158203125,2200,0.0,0.0
2006-07-03 00:00:00+09:00,1367.4437255859375,1368.1877102026872,1367.4437255859375,1367.4437255859375,900,0.0,0.0
2006-07-04 00:00:00+09:00,1368.9314644811009,1403.8987355846941,1367.4434954979693,1402.4107666015625,800,0.0,0.0
2006-07-05 00:00:00+09:00,1346.6119325699344,1383.8111572265625,1346.6119325699344,1383.8111572265625,6100,0.0,0.0
2006-07-06 00:00:00+09:00,1383.811428420608,1383.811428420608,1376.37158203125,1376.37158203125,300,0.0,0.0
2006-07-07 00:00:00+09:00,1361.491943359375,1406.1310234695186,1361.491943359375,1361.491943359375,0,0.0,0.0
2006-07-10 00:00:00+09:00,1376.3714701334634,1376.3714701334634,1339.1722412109375,1339.1722412109375,2700,0.0,0.0
2006-07-11 00:00:00+09:00,1298.9969482421875,1324.2924214611076,1298.9969482421875,1298.9969482421875,400,0.0,0.0
2006-07-12 00:00:00+09:00,1227.5745849609375,1309.412890625,1227.5745849609375,1227.5745849609375,0,0.0,0.0
2006-07-13 00:00:00+09:00,1268.493768416388,1287.0933837890625,1268.493768416388,1287.0933837890625,400,0.0,0.0
2006-07-14 00:00:00+09:00,1264.7734375,1339.171875,1264.7734375,1264.7734375,0,0.0,0.0
2006-07-17 00:00:00+09:00,1264.7734375,1264.7734375,1264.7734375,1264.7734375,0,0.0,0.0
2006-07-18 00:00:00+09:00,1287.0933837890625,1288.5813530188764,1287.0933837890625,1287.0933837890625,1200,0.0,0.0
2006-07-19 00:00:00+09:00,1197.815213008923,1208.9749820742236,1197.815213008923,1203.76708984375,2800,0.0,0.0
2006-07-20 00:00:00+09:00,1220.134375,1264.7734375,1218.6464062500002,1264.7734375,2900,0.0,0.0
2006-07-21 00:00:00+09:00,1264.7735968518216,1279.6532862265487,1264.7735968518216,1278.9093017578125,1900,0.0,0.0
2006-07-24 00:00:00+09:00,1272.2136744449012,1342.8922119140625,1272.2136744449012,1342.8922119140625,1200,0.0,0.0
2006-07-25 00:00:00+09:00,1339.1722888893698,1342.8922119140625,1316.8527507412136,1342.8922119140625,2600,0.0,0.0
2006-07-26 00:00:00+09:00,1342.89216410319,1342.89216410319,1339.1722412109375,1339.1722412109375,5300,0.0,0.0
2006-07-27 00:00:00+09:00,1339.1722412109375,1339.1722412109375,1331.7323954264323,1339.1722412109375,22900,0.0,0.0
2006-07-28 00:00:00+09:00,1339.1722412109375,1339.1722412109375,1331.7323954264323,1339.1722412109375,12100,0.0,0.0
2006-07-31 00:00:00+09:00,1331.732421875,1333.2203910614526,1324.2925759427374,1331.732421875,1500,0.0,0.0
2006-08-01 00:00:00+09:00,1331.732325864642,1331.732325864642,1324.29248046875,1324.29248046875,400,0.0,0.0
2006-08-02 00:00:00+09:00,1324.2925759427374,1331.732421875,1316.852730010475,1331.732421875,700,0.0,0.0
2006-08-03 00:00:00+09:00,1339.1722412109375,1339.1722412109375,1339.1722412109375,1339.1722412109375,1400,0.0,0.0
2006-08-04 00:00:00+09:00,1331.732421875,1339.1722678072626,1331.732421875,1331.732421875,0,0.0,0.0
2006-08-07 00:00:00+09:00,1339.1722412109375,1339.1722412109375,1331.7323954264323,1339.1722412109375,2000,0.0,0.0
2006-08-08 00:00:00+09:00,1331.732460683481,1331.732460683481,1287.0933837890625,1287.0933837890625,14000,0.0,0.0
2006-08-09 00:00:00+09:00,1264.0295025053479,1264.7734869094122,1248.4058300199963,1249.893798828125,1700,0.0,0.0
2006-08-10 00:00:00+09:00,1248.4058641096724,1339.9159483084147,1243.1979731390122,1250.6378173828125,1400,0.0,0.0
2006-08-11 00:00:00+09:00,1249.8941448028074,1252.1260986328125,1249.8941448028074,1252.1260986328125,700,0.0,0.0
2006-08-14 00:00:00+09:00,1257.33381412857,1257.33381412857,1250.6379535799563,1253.6138916015625,700,0.0,0.0
2006-08-15 00:00:00+09:00,1253.613939635147,1258.8218313725038,1253.613939635147,1257.3338623046875,600,0.0,0.0
2006-08-16 00:00:00+09:00,1257.3338623046875,1258.8218313725038,1256.5898777707794,1257.3338623046875,3500,0.0,0.0
2006-08-17 00:00:00+09:00,1258.0777954101563,1279.6533460115133,1258.0777954101563,1272.2135009765625,1500,0.0,0.0
2006-08-18 00:00:00+09:00,1301.2288760004474,1339.1720850776474,1298.9969225253178,1338.4281005859375,1200,0.0,0.0
2006-08-21 00:00:00+09:00,1339.1721377165422,1368.9315185546875,1339.1721377165422,1368.9315185546875,2100,0.0,0.0
2006-08-22 00:00:00+09:00,1339.1720509767797,1368.9314298873749,1337.68408203125,1337.68408203125,6400,0.0,0.0
2006-08-23 00:00:00+09:00,1368.9315185546875,1368.9315185546875,1368.9315185546875,1368.9315185546875,200,0.0,0.0
2006-08-24 00:00:00+09:00,1367.4435495127802,1368.9315185546875,1341.404091279403,1368.9315185546875,900,0.0,0.0
2006-08-25 00:00:00+09:00,1361.491760950882,1368.1876220703125,1361.491760950882,1368.1876220703125,1000,0.0,0.0
2006-08-28 00:00:00+09:00,1367.4435476673912,1367.4435476673912,1278.1654052734375,1278.1654052734375,1100,0.0,0.0
2006-08-29 00:00:00+09:00,1278.1654052734375,1279.6533743133366,1272.2135291138404,1278.1654052734375,4200,0.0,0.0
2006-08-30 00:00:00+09:00,1281.1413175794814,1287.0931936193394,1278.1653795595523,1285.605224609375,3300,0.0,0.0
2006-08-31 00:00:00+09:00,1307.9248889160156,1361.491778564453,1307.9248889160156,1339.1722412109375,1400,0.0,0.0
2006-09-01 00:00:00+09:00,1339.1721712605338,1339.1721712605338,1309.4127896769664,1324.29248046875,3600,0.0,0.0
2006-09-04 00:00:00+09:00,1309.4127197265625,1309.4127197265625,1309.4127197265625,1309.4127197265625,0,0.0,0.0
2006-09-05 00:00:00+09:00,1339.1720736228815,1339.1720736228815,1301.9728493555792,1316.8525390625,1700,0.0,0.0
2006-09-06 00:00:00+09:00,1316.1085834074433,1316.1085834074433,1290.8131103515625,1290.8131103515625,5800,0.0,0.0
2006-09-07 00:00:00+09:00,1287.093191046464,1287.093191046464,1272.2135009765625,1272.2135009765625,6800,0.0,0.0
2006-09-08 00:00:00+09:00,1272.2132812500001,1272.2132812500001,1264.7734375,1264.7734375,2600,0.0,0.0
2006-09-11 00:00:00+09:00,1264.7735214460329,1264.7735214460329,1249.8938329584325,1250.6378173828125,4200,0.0,0.0
2006-09-12 00:00:00+09:00,1261.0537849742282,1268.493630313309,1253.613939635147,1257.3338623046875,1400,0.0,0.0
2006-09-13 00:00:00+09:00,1264.7738848474924,1264.7738848474924,1242.454345703125,1242.454345703125,20400,0.0,0.0
2006-09-14 00:00:00+09:00,1242.4540075456134,1264.773540615295,1197.81494140625,1197.81494140625,1700,0.0,0.0
2006-09-15 00:00:00+09:00,1198.5588625181772,1198.5588625181772,1185.1671433838958,1191.1190185546875,3300,0.0,0.0
2006-09-18 00:00:00+09:00,1191.1190185546875,1191.1190185546875,1191.1190185546875,1191.1190185546875,0,0.0,0.0
2006-09-19 00:00:00+09:00,1191.8634576416016,1205.2551818847655,1175.4957946777342,1190.37548828125,8500,0.0,0.0
2006-09-20 00:00:00+09:00,1368.931486430921,1368.931486430921,1249.8939658717106,1272.2135009765625,16300,0.0,0.0
2006-09-21 00:00:00+09:00,1257.3337709391776,1264.7736157376341,1197.8150125515242,1212.6947021484375,10800,0.0,0.0
2006-09-22 00:00:00+09:00,1212.694893022017,1257.3339688387784,1212.694893022017,1227.5745849609375,500,0.0,0.0
2006-09-25 00:00:00+09:00,1217.902785200639,1227.5745849609375,1217.902785200639,1227.5745849609375,300,0.0,0.0
2006-09-26 00:00:00+09:00,1229.0625614393625,1237.2463920542737,1229.0625614393625,1235.7584228515625,2700,0.0,0.0
2006-09-27 00:00:00+09:00,1243.1980321418725,1243.9420166015625,1243.1980321418725,1243.9420166015625,200,0.0,0.0
2006-09-28 00:00:00+09:00,1249.150072328835,1264.7737480399162,1249.150072328835,1252.8699951171875,2600,0.0,0.0
2006-09-29 00:00:00+09:00,1252.8700857483084,1354.7959775223692,1252.8700857483084,1305.6929931640625,15400,0.0,0.0
2006-10-02 00:00:00+09:00,1328.0122838853067,1339.1720509767797,1311.6446254844793,1337.68408203125,2400,0.0,0.0
2006-10-03 00:00:00+09:00,1346.6121467959847,1346.6121467959847,1287.0933778768251,1305.6929931640625,1000,0.0,0.0
2006-10-04 00:00:00+09:00,1290.069129060444,1290.069129060444,1264.7736559416119,1272.2135009765625,2100,0.0,0.0
2006-10-05 00:00:00+09:00,1294.5328125,1294.5328125,1264.7734375,1264.7734375,3200,0.0,0.0
2006-10-06 00:00:00+09:00,1264.7734375,1272.2132812500001,1264.7734375,1264.7734375,2200,0.0,0.0
2006-10-09 00:00:00+09:00,1264.7734375,1264.7734375,1264.7734375,1264.7734375,0,0.0,0.0
2006-10-10 00:00:00+09:00,1264.7734375,1264.7734375,1264.7734375,1264.7734375,1100,0.0,0.0
2006-10-11 00:00:00+09:00,1265.517421875,1265.517421875,1264.7734375,1264.7734375,3600,0.0,0.0
2006-10-12 00:00:00+09:00,1264.7735375094128,1264.7735375094128,1220.1344714796687,1235.01416015625,3300,0.0,0.0
2006-10-13 00:00:00+09:00,1235.01416015625,1235.7581445900792,1235.01416015625,1235.01416015625,1200,0.0,0.0
2006-10-16 00:00:00+09:00,1212.6947021484375,1235.0142365438076,1190.3751677530674,1212.6947021484375,1600,0.0,0.0
2006-10-17 00:00:00+09:00,1214.926484375,1264.7734375,1214.926484375,1264.7734375,1500,0.0,0.0
2006-10-18 00:00:00+09:00,1264.0295025053479,1264.0295025053479,1249.893798828125,1249.893798828125,1300,0.0,0.0
2006-10-19 00:00:00+09:00,1294.5330360814146,1324.2924162212173,1272.2135009765625,1272.2135009765625,1000,0.0,0.0
2006-10-20 00:00:00+09:00,1264.7737076437686,1266.2616767115849,1249.8940169656066,1257.3338623046875,1400,0.0,0.0
2006-10-23 00:00:00+09:00,1264.7734375,1264.7734375,1257.33359375,1264.7734375,1100,0.0,0.0
2006-10-24 00:00:00+09:00,1264.7734375,1301.97265625,1264.7734375,1264.7734375,800,0.0,0.0
2006-10-25 00:00:00+09:00,1264.7734375,1264.7734375,1264.7734375,1264.7734375,300,0.0,0.0
2006-10-26 00:00:00+09:00,1242.4540905278955,1316.8525390625,1228.3183853063206,1316.8525390625,1200,0.0,0.0
2006-10-27 00:00:00+09:00,1249.893798828125,1249.893798828125,1249.893798828125,1249.893798828125,0,0.0,0.0
2006-10-30 00:00:00+09:00,1264.7734375,1264.7734375,1264.7734375,1264.7734375,700,0.0,0.0
2006-10-31 00:00:00+09:00,1264.7734375,1264.7734375,1264.7734375,1264.7734375,600,0.0,0.0
2006-11-01 00:00:00+09:00,1266.2614062500002,1266.2614062500002,1264.7734375,1264.7734375,1400,0.0,0.0
2006-11-02 00:00:00+09:00,1264.7736559416119,1272.2135009765625,1264.0296714381168,1272.2135009765625,700,0.0,0.0
2006-11-03 00:00:00+09:00,1272.2135009765625,1272.2135009765625,1272.2135009765625,1272.2135009765625,0,0.0,0.0
2006-11-06 00:00:00+09:00,1294.5331428226846,1301.22900390625,1294.5331428226846,1301.22900390625,1100,0.0,0.0
2006-11-07 00:00:00+09:00,1297.5090439979558,1297.5090439979558,1228.3184814453125,1228.3184814453125,600,0.0,0.0
2006-11-08 00:00:00+09:00,1264.7738289515946,1264.7738289515946,1230.550537109375,1230.550537109375,2300,0.0,0.0
2006-11-09 00:00:00+09:00,1290.0693222486905,1290.0693222486905,1264.7738453418533,1287.0933837890625,600,0.0,0.0
2006-11-10 00:00:00+09:00,1264.7734375,1264.7734375,1264.7734375,1264.7734375,300,0.0,0.0
2006-11-13 00:00:00+09:00,1278.909140625,1278.909140625,1264.7734375,1264.7734375,200,0.0,0.0
2006-11-14 00:00:00+09:00,1264.7734869094122,1264.7734869094122,1249.893798828125,1249.893798828125,300,0.0,0.0
2006-11-15 00:00:00+09:00,1264.7735968518216,1278.9093017578125,1264.7735968518216,1278.9093017578125,1700,0.0,0.0
2006-11-16 00:00:00+09:00,1250.6377832321893,1251.3817676362537,1249.893798828125,1249.893798828125,2300,0.0,0.0
2006-11-17 00:00:00+09:00,1265.5176150299783,1265.5176150299783,1175.495491914971,1183.6793212890625,11600,0.0,0.0
2006-11-20 00:00:00+09:00,1182.1913182672465,1190.3751474056603,1115.9767006928066,1182.935302734375,10300,0.0,0.0
2006-11-21 00:00:00+09:00,1182.935230425209,1182.935230425209,1164.3356198839322,1168.0555419921875,16300,0.0,0.0
2006-11-22 00:00:00+09:00,1182.1911979112049,1182.1911979112049,1108.5367431640625,1108.5367431640625,15500,0.0,0.0
2006-11-23 00:00:00+09:00,1108.5367431640625,1108.5367431640625,1108.5367431640625,1108.5367431640625,0,0.0,0.0
2006-11-24 00:00:00+09:00,1168.0558875463232,1168.0558875463232,1109.2811008481324,1116.720947265625,3100,0.0,0.0
2006-11-27 00:00:00+09:00,1119.69677734375,1122.6727156224044,1116.7208390650956,1119.69677734375,1700,0.0,0.0
2006-11-28 00:00:00+09:00,1116.7208299094098,1116.7208299094098,1086.2174628032901,1098.1212158203125,2600,0.0,0.0
2006-11-29 00:00:00+09:00,1110.7688442745725,1110.7688442745725,1098.8650924270219,1101.0970458984375,1900,0.0,0.0
2006-11-30 00:00:00+09:00,1101.0968258397108,1101.0968258397108,1093.656982421875,1093.656982421875,2000,0.0,0.0
2006-12-01 00:00:00+09:00,1083.9851795348907,1083.9851795348907,1056.457759052536,1061.6656494140625,2600,0.0,0.0
2006-12-04 00:00:00+09:00,1091.4253735099871,1101.0971730025774,1082.49755859375,1082.49755859375,800,0.0,0.0
2006-12-05 00:00:00+09:00,1127.1366979980469,1127.1366979980469,1115.9769287109375,1115.9769287109375,1600,0.0,0.0
2006-12-06 00:00:00+09:00,1109.281052179206,1110.0250367883134,1086.217529296875,1086.217529296875,2400,0.0,0.0
2006-12-07 00:00:00+09:00,1085.473619560608,1086.2176042210335,1069.10595703125,1069.10595703125,1800,0.0,0.0
2006-12-08 00:00:00+09:00,1069.1055757499034,1104.072842319316,1069.1055757499034,1084.729248046875,2200,0.0,0.0
2006-12-11 00:00:00+09:00,1084.7295937012734,1101.0972556089744,1071.3378703222454,1073.56982421875,2300,0.0,0.0
2006-12-12 00:00:00+09:00,1075.0576651737608,1078.777587890625,1073.569696087015,1078.777587890625,1500,0.0,0.0
2006-12-13 00:00:00+09:00,1077.2893603313019,1077.2893603313019,1075.8013916015625,1075.8013916015625,600,0.0,0.0
2006-12-14 00:00:00+09:00,1076.5455322265625,1079.5214701179973,1076.5455322265625,1076.5455322265625,2900,0.0,0.0
2006-12-15 00:00:00+09:00,1099.6090683700115,1099.6090683700115,1082.4974252221698,1092.9132080078125,700,0.0,0.0
2006-12-18 00:00:00+09:00,1108.5368708316653,1112.2567932170064,1101.097026060983,1103.3289794921875,2400,0.0,0.0
2006-12-19 00:00:00+09:00,1108.536882186277,1115.9767270331647,1092.9132080078125,1092.9132080078125,3100,0.0,0.0
2006-12-20 00:00:00+09:00,1148.712266953827,1159.1280517578125,1117.4649125418707,1159.1280517578125,15000,0.0,0.0
2006-12-21 00:00:00+09:00,1174.0075058070925,1179.215397150977,1161.3597696862303,1167.3116455078125,3800,0.0,0.0
2006-12-22 00:00:00+09:00,1165.8238206628946,1166.5678052325582,1119.69677734375,1119.69677734375,3700,0.0,0.0
2006-12-25 00:00:00+09:00,1124.160565103067,1124.160565103067,1086.2173560889992,1101.0970458984375,5800,0.0,0.0
2006-12-26 00:00:00+09:00,1100.353029694485,1100.353029694485,1080.2654490306911,1081.75341796875,3900,0.0,0.0
2006-12-27 00:00:00+09:00,1111.512606624681,1111.512606624681,1088.44909202939,1093.656982421875,900,0.0,0.0
2006-12-28 00:00:00+09:00,1106.305217250112,1106.305217250112,1088.4495849609375,1088.4495849609375,2400,0.0,0.0
2006-12-29 00:00:00+09:00,1079.5216064453125,1079.5216064453125,1079.5216064453125,1079.5216064453125,1000,0.0,0.0
2007-01-04 00:00:00+09:00,1080.265414968492,1082.4973683052037,1079.5214305229213,1081.0093994140625,1700,0.0,0.0
2007-01-05 00:00:00+09:00,1081.7534719419873,1091.4252705219362,1080.2655029296875,1080.2655029296875,2300,0.0,0.0
2007-01-09 00:00:00+09:00,1089.9372127609095,1090.6811972064802,1079.5214305229213,1081.0093994140625,3300,0.0,0.0
2007-01-10 00:00:00+09:00,1081.0094874358374,1081.7534719419873,1079.5215184235376,1080.2655029296875,2200,0.0,0.0
2007-01-11 00:00:00+09:00,1080.2655910121252,1089.937390380691,1079.5216064453125,1079.5216064453125,2300,0.0,0.0
2007-01-12 00:00:00+09:00,1079.5216879651575,1083.985595703125,1078.777703342163,1083.985595703125,3000,0.0,0.0
2007-01-15 00:00:00+09:00,1079.5214305229213,1089.9372127609095,1079.5214305229213,1081.0093994140625,4000,0.0,0.0
2007-01-16 00:00:00+09:00,1081.0094874358374,1085.473394472737,1080.2655029296875,1080.2655029296875,1900,0.0,0.0
2007-01-17 00:00:00+09:00,1080.2655029296875,1083.241440954287,1080.2655029296875,1080.2655029296875,1500,0.0,0.0
2007-01-18 00:00:00+09:00,1085.473646246075,1088.4495849609375,1084.7296615673595,1088.4495849609375,2400,0.0,0.0
2007-01-19 00:00:00+09:00,1078.777295586203,1093.656982421875,1063.8976087505314,1093.656982421875,12600,0.0,0.0
2007-01-22 00:00:00+09:00,1101.097236328125,1130.85662109375,1101.097236328125,1115.9769287109375,5700,0.0,0.0
2007-01-23 00:00:00+09:00,1122.6726019523294,1122.6726019523294,1093.6572066732433,1095.88916015625,4700,0.0,0.0
2007-01-24 00:00:00+09:00,1107.0492353555162,1107.0492353555162,1098.1214189413588,1102.5853271484375,1200,0.0,0.0
2007-01-25 00:00:00+09:00,1107.0490042479812,1109.280957885578,1104.8170506103843,1105.56103515625,2200,0.0,0.0
2007-01-26 00:00:00+09:00,1105.5612115165936,1105.5612115165936,1103.3292575229532,1104.0732421875,1400,0.0,0.0
2007-01-29 00:00:00+09:00,1110.0247802734375,1114.4886868965211,1110.0247802734375,1110.0247802734375,1700,0.0,0.0
2007-01-30 00:00:00+09:00,1114.4889933403772,1123.4168090413682,1114.4889933403772,1116.720947265625,3800,0.0,0.0
2007-01-31 00:00:00+09:00,1116.7208930933705,1124.1607391499554,1116.7208930933705,1118.2088623046875,4500,0.0,0.0
2007-02-01 00:00:00+09:00,1118.2087820525217,1127.1365966796875,1117.4647975002579,1127.1365966796875,2500,0.0,0.0
2007-02-02 00:00:00+09:00,1129.3685503364788,1131.6005039932704,1127.1365966796875,1127.1365966796875,4000,0.0,0.0
2007-02-05 00:00:00+09:00,1133.0885199941745,1137.5524274925099,1116.7208591669441,1117.46484375,4600,0.0,0.0
2007-02-06 00:00:00+09:00,1120.4407418248509,1121.9287109375,1118.9527727122015,1121.9287109375,3000,0.0,0.0
2007-02-07 00:00:00+09:00,1121.9287109375,1123.4166800501491,1118.9527727122015,1121.9287109375,2700,0.0,0.0
2007-02-08 00:00:00+09:00,1124.1607049975032,1127.136643329727,1117.46484375,1117.46484375,1700,0.0,0.0
2007-02-09 00:00:00+09:00,1116.720805147861,1121.1847124302642,1093.657284188778,1118.9527587890625,4900,0.0,0.0
2007-02-13 00:00:00+09:00,1123.4167140710424,1123.4167140710424,1118.2088220190576,1122.6727294921875,4200,0.0,0.0
2007-02-14 00:00:00+09:00,1120.440668019095,1125.6485595703125,1119.6966835117782,1125.6485595703125,7300,0.0,0.0
2007-02-15 00:00:00+09:00,1095.4906661034286,1101.5222733496967,1090.213009762944,1098.5064697265625,5600,20.0,0.0
2007-02-16 00:00:00+09:00,1099.2603878060568,1099.2603878060568,1096.99853515625,1096.99853515625,2700,0.0,0.0
2007-02-19 00:00:00+09:00,1096.9985141096445,1096.9985141096445,1093.228759765625,1093.228759765625,3600,0.0,0.0
2007-02-20 00:00:00+09:00,1093.2287151775715,1093.982666015625,1085.6892067970366,1093.982666015625,5300,0.0,0.0
2007-02-21 00:00:00+09:00,1093.2290285908284,1093.2290285908284,1079.6579096152182,1088.705322265625,900,0.0,0.0
2007-02-22 00:00:00+09:00,1085.6892112053883,1086.4431620465032,1063.8246368130576,1077.395751953125,2800,0.0,0.0
2007-02-23 00:00:00+09:00,1067.5943291161796,1067.5943291161796,1056.2850671552033,1057.79296875,2300,0.0,0.0
2007-02-26 00:00:00+09:00,1060.8088825166142,1061.5628333926031,1057.0391281366688,1060.054931640625,2700,0.0,0.0
2007-02-27 00:00:00+09:00,1056.2850706858708,1056.2850706858708,1041.2060546875,1041.2060546875,4100,0.0,0.0
2007-02-28 00:00:00+09:00,1022.357526717276,1022.357526717276,944.7005759415537,998.9850463867188,3600,0.0,0.0
2007-03-01 00:00:00+09:00,1003.5085872055461,1017.8336534391339,991.4453735351562,991.4453735351562,1900,0.0,0.0
2007-03-02 00:00:00+09:00,991.4453735351562,995.2151278071531,989.9374718263575,991.4453735351562,1800,0.0,0.0
2007-03-05 00:00:00+09:00,1014.063899167137,1017.0797025847345,991.4453735351562,991.4453735351562,1900,0.0,0.0
2007-03-06 00:00:00+09:00,972.5964800566088,976.3662338552779,949.9779572645947,971.842529296875,2000,0.0,0.0
2007-03-07 00:00:00+09:00,957.5174921875,957.5174921875,942.4384765625,942.4384765625,3600,0.0,0.0
2007-03-08 00:00:00+09:00,942.4385132828379,942.4385132828379,923.5897430171811,927.3594970703125,3100,0.0,0.0
2007-03-09 00:00:00+09:00,941.6843820630634,941.6843820630634,925.8514180732121,930.3751220703125,3600,0.0,0.0
2007-03-12 00:00:00+09:00,927.3594788582095,942.4384947746031,927.3594788582095,934.8989868164062,3300,0.0,0.0
2007-03-13 00:00:00+09:00,935.6529407759587,946.208251953125,934.8989899775896,946.208251953125,3100,0.0,0.0
2007-03-14 00:00:00+09:00,946.9622181465955,946.9622181465955,927.3594970703125,927.3594970703125,1600,0.0,0.0
2007-03-15 00:00:00+09:00,942.4382604427807,949.2238159179688,942.4382604427807,949.2238159179688,500,0.0,0.0
2007-03-16 00:00:00+09:00,946.2082404059333,948.4700927734375,946.2082404059333,948.4700927734375,2000,0.0,0.0
2007-03-19 00:00:00+09:00,948.4700927734375,953.7477482976141,938.6687325142526,948.4700927734375,1900,0.0,0.0
2007-03-20 00:00:00+09:00,946.9622260308247,946.9622260308247,926.6055539744295,941.6845703125,1100,0.0,0.0
2007-03-22 00:00:00+09:00,934.8989868164062,934.8989868164062,931.1292328373079,934.8989868164062,1800,0.0,0.0
2007-03-23 00:00:00+09:00,931.1292957486654,931.1292957486654,907.0028686523438,907.0028686523438,3800,0.0,0.0
2007-03-26 00:00:00+09:00,882.8763940471672,883.6303448533561,876.8447875976562,876.8447875976562,7900,0.0,0.0
2007-03-27 00:00:00+09:00,876.0909267879267,876.0909267879267,841.4091861405561,855.7342529296875,8600,0.0,0.0
2007-03-28 00:00:00+09:00,845.932849609375,863.2737190755208,845.932849609375,848.1947021484375,5600,0.0,0.0
2007-03-29 00:00:00+09:00,848.9486740787472,851.9644775390625,839.9012636978015,851.9644775390625,2800,0.0,0.0
2007-03-30 00:00:00+09:00,851.2106687818255,851.2106687818255,842.9172078813825,844.4251098632812,2900,0.0,0.0
2007-04-02 00:00:00+09:00,845.1790608542306,845.1790608542306,840.6553549085345,844.4251098632812,1700,0.0,0.0
2007-04-03 00:00:00+09:00,844.4248556233138,844.4248556233138,838.3932495117188,838.3932495117188,1200,0.0,0.0
2007-04-04 00:00:00+09:00,842.1631543408644,842.1631543408644,821.8064800640484,836.885498046875,3700,0.0,0.0
2007-04-05 00:00:00+09:00,851.9644330134157,920.5739581498943,844.4249247566598,919.8200073242188,29600,0.0,0.0
2007-04-06 00:00:00+09:00,928.1135299867947,942.4385966559654,920.574021213547,931.1293334960938,21400,0.0,0.0
2007-04-09 00:00:00+09:00,931.1292196005803,931.1292196005803,908.5106960475298,917.55810546875,7900,0.0,0.0
2007-04-10 00:00:00+09:00,925.8514180732121,930.3751220703125,925.8514180732121,930.3751220703125,11500,0.0,0.0
2007-04-11 00:00:00+09:00,930.375223695351,930.375223695351,912.2804057304495,918.31201171875,2000,0.0,0.0
2007-04-12 00:00:00+09:00,913.0343296754646,919.0659354866981,911.5264282226562,911.5264282226562,900,0.0,0.0
2007-04-13 00:00:00+09:00,912.2804990674629,920.5739581498943,912.2804990674629,919.8200073242188,8600,0.0,0.0
2007-04-16 00:00:00+09:00,920.5740401785715,925.8516964285715,919.8200892857143,923.58984375,5100,0.0,0.0
2007-04-17 00:00:00+09:00,923.5898109117884,927.3595652420406,920.5740074475866,922.0819091796875,6100,0.0,0.0
2007-04-18 00:00:00+09:00,924.3435834590847,925.0975341796875,919.8198791354675,925.0975341796875,1900,0.0,0.0
2007-04-19 00:00:00+09:00,925.0976818746772,925.0976818746772,906.2489108503357,912.280517578125,3100,0.0,0.0
2007-04-20 00:00:00+09:00,891.169999265308,891.9239501953124,889.6620974052989,891.9239501953125,600,0.0,0.0
2007-04-23 00:00:00+09:00,893.4318237304688,893.4318237304688,893.4318237304688,893.4318237304688,300,0.0,0.0
2007-04-24 00:00:00+09:00,892.6778728243671,893.4318237304688,891.9239219182654,893.4318237304688,2000,0.0,0.0
2007-04-25 00:00:00+09:00,893.4318237304688,893.4318237304688,885.8923146694522,893.4318237304688,1500,0.0,0.0
2007-04-26 00:00:00+09:00,893.4318237304688,893.4318237304688,876.0909528901306,893.4318237304688,4100,0.0,0.0
2007-04-27 00:00:00+09:00,878.3526644949185,889.6619262695312,878.3526644949185,889.6619262695312,1500,0.0,0.0
2007-05-01 00:00:00+09:00,896.4475357998193,904.7409949199186,889.66197833792,903.2330932617188,4700,0.0,0.0
2007-05-02 00:00:00+09:00,903.2330651855468,904.740966796875,882.1224426269531,904.740966796875,3900,0.0,0.0
2007-05-07 00:00:00+09:00,907.7568099911741,907.7568099911741,893.4317440527752,900.9712524414062,6900,0.0,0.0
2007-05-08 00:00:00+09:00,900.9712524414062,900.9712524414062,889.6619898584597,900.9712524414062,3200,0.0,0.0
2007-05-09 00:00:00+09:00,900.9712524414062,904.7410066357218,900.9712524414062,900.9712524414062,5700,0.0,0.0
2007-05-10 00:00:00+09:00,897.2015737457663,897.2015737457663,889.6620647226925,890.416015625,900,0.0,0.0
2007-05-11 00:00:00+09:00,890.416015625,890.416015625,885.1383593088484,890.416015625,3200,0.0,0.0
2007-05-14 00:00:00+09:00,889.6620251885776,889.6620251885776,874.5830078125,874.5830078125,2300,0.0,0.0
2007-05-15 00:00:00+09:00,888.1540162499664,888.1540162499664,873.0750006939397,875.3368530273438,2800,0.0,0.0
2007-05-16 00:00:00+09:00,864.781581363876,875.3368927318745,861.0118273038765,871.567138671875,900,0.0,0.0
2007-05-17 00:00:00+09:00,856.4881243176857,864.027632454285,856.4881243176857,863.273681640625,1400,0.0,0.0
2007-05-18 00:00:00+09:00,856.488325718471,856.488325718471,844.4251098632812,844.4251098632812,2700,0.0,0.0
2007-05-21 00:00:00+09:00,843.6711588723318,844.4251098632812,843.6711588723318,844.4251098632812,1200,0.0,0.0
2007-05-22 00:00:00+09:00,844.4251098632812,851.9646197727748,844.4251098632812,844.4251098632812,1900,0.0,0.0
2007-05-23 00:00:00+09:00,844.4250070382883,844.4250070382883,823.3143818623311,836.885498046875,2500,0.0,0.0
2007-05-24 00:00:00+09:00,836.8853479838199,838.3932495117188,825.5760865245791,838.3932495117188,1300,0.0,0.0
2007-05-25 00:00:00+09:00,829.3460900442941,844.4251098632812,829.3460900442941,844.4251098632812,1800,0.0,0.0
2007-05-28 00:00:00+09:00,859.5039215772141,859.5039215772141,840.6551513671875,840.6551513671875,2500,0.0,0.0
2007-05-29 00:00:00+09:00,839.1474529266358,844.4251098632812,836.8855999537876,844.4251098632812,3300,0.0,0.0
2007-05-30 00:00:00+09:00,844.4251098632812,857.9962277003697,837.639550944737,844.4251098632812,4300,0.0,0.0
2007-05-31 00:00:00+09:00,844.4249688882743,851.9644775390625,840.6552145628802,851.9644775390625,2600,0.0,0.0
2007-06-01 00:00:00+09:00,851.9643712063985,888.907958984375,851.9643712063985,888.907958984375,2600,0.0,0.0
2007-06-04 00:00:00+09:00,888.153973388672,888.9079241300884,859.5038452148438,859.5038452148438,400,0.0,0.0
2007-06-05 00:00:00+09:00,885.138277004076,888.1540803328804,859.5039487092391,867.04345703125,2800,0.0,0.0
2007-06-06 00:00:00+09:00,866.2896029366202,867.0435538530141,848.1947809431659,860.2579956054688,2000,0.0,0.0
2007-06-07 00:00:00+09:00,863.2736816406251,863.2736816406251,863.2736816406251,863.273681640625,300,0.0,0.0
2007-06-08 00:00:00+09:00,858.7499471863501,858.7499471863501,845.1788330078125,845.1788330078125,300,0.0,0.0
2007-06-11 00:00:00+09:00,849.7025377339917,849.7025377339917,844.4248822201159,845.1788330078125,2100,0.0,0.0
2007-06-12 00:00:00+09:00,844.4251098632812,845.1790608542306,838.3935019356863,844.4251098632812,2000,0.0,0.0
2007-06-13 00:00:00+09:00,843.6710815429688,844.4250324648124,843.6710815429688,843.6710815429688,0,0.0,0.0
2007-06-14 00:00:00+09:00,837.6392819394733,844.424838678857,801.4496459960938,801.4496459960938,12500,0.0,0.0
2007-06-15 00:00:00+09:00,805.9734423246838,821.0524590192522,777.3233106050037,791.6483764648438,13500,0.0,0.0
2007-06-18 00:00:00+09:00,805.219482421875,810.497138205539,802.9576299431619,805.219482421875,14300,0.0,0.0
2007-06-19 00:00:00+09:00,804.465559739333,804.465559739333,797.6800020658053,803.7116088867188,11300,0.0,0.0
2007-06-20 00:00:00+09:00,791.6484523463894,795.4182068813722,780.3391887414409,781.0931396484375,18500,0.0,0.0
2007-06-21 00:00:00+09:00,783.3549923694272,784.8628941834203,779.5852378344443,781.0931396484375,6100,0.0,0.0
2007-06-22 00:00:00+09:00,780.3391492120151,781.093100080819,756.9666722790948,765.2601318359375,16000,0.0,0.0
2007-06-25 00:00:00+09:00,760.7364266231142,765.2601318359375,756.9666722790948,765.2601318359375,8400,0.0,0.0
2007-06-26 00:00:00+09:00,761.4904010874783,761.4904010874783,757.7206466266492,760.7364501953125,4600,0.0,0.0
2007-06-27 00:00:00+09:00,757.7204983520508,772.7995132446289,753.1967938842773,753.9507446289062,9900,0.0,0.0
2007-06-28 00:00:00+09:00,758.4744344533649,758.4744344533649,729.8243067105936,736.60986328125,17400,0.0,0.0
2007-06-29 00:00:00+09:00,721.530834078039,729.07034122619,710.9755240706278,719.2689819335938,30700,0.0,0.0
2007-07-02 00:00:00+09:00,725.3006043439136,730.5782594690771,717.7610970222513,720.02294921875,13000,0.0,0.0
2007-07-03 00:00:00+09:00,723.0388865751378,723.792837447479,712.4835743623621,717.76123046875,8400,0.0,0.0
2007-07-04 00:00:00+09:00,716.253173828125,716.253173828125,713.9913217002468,716.253173828125,6800,0.0,0.0
2007-07-05 00:00:00+09:00,717.0072584786662,719.2691110290722,712.4835533778545,713.991455078125,8400,0.0,0.0
2007-07-06 00:00:00+09:00,712.4836338495114,712.4836338495114,703.4362226260256,706.4520263671875,8800,0.0,0.0
2007-07-09 00:00:00+09:00,706.4519368534151,706.4519368534151,684.5873625004278,688.3571166992188,13500,0.0,0.0
2007-07-10 00:00:00+09:00,683.8333740234375,692.1268328043171,683.0794232251757,683.8333740234375,21600,0.0,0.0
2007-07-11 00:00:00+09:00,683.8334541788602,686.0953068387681,675.539994425864,676.2939453125,15700,0.0,0.0
2007-07-12 00:00:00+09:00,671.0162612198418,674.7860154963578,652.167489837262,658.1990966796875,28300,0.0,0.0
2007-07-13 00:00:00+09:00,657.4451575969828,666.4925680226293,648.3977471713362,655.937255859375,23900,0.0,0.0
2007-07-17 00:00:00+09:00,666.4926147460938,670.2623693543861,658.1991546078505,666.4926147460938,3300,0.0,0.0
2007-07-18 00:00:00+09:00,671.0163143797416,671.0163143797416,649.1517378437726,652.1675415039062,10300,0.0,0.0
2007-07-19 00:00:00+09:00,659.70703125,667.2465401785714,659.70703125,659.70703125,3800,0.0,0.0
2007-07-20 00:00:00+09:00,663.4766927838602,663.4766927838602,648.3976770387725,649.9055786132812,14500,0.0,0.0
2007-07-23 00:00:00+09:00,649.9055950920662,651.4134967048088,649.9055950920662,650.6595458984375,2800,0.0,0.0
2007-07-24 00:00:00+09:00,651.4134721235796,665.738536904075,650.6595213456587,663.4766845703125,5200,0.0,0.0
2007-07-25 00:00:00+09:00,663.4766069397042,663.4766069397042,652.167346594141,662.72265625,8700,0.0,0.0
2007-07-26 00:00:00+09:00,658.9530475349908,664.2307035221131,656.6911949690812,658.1990966796875,2800,0.0,0.0
2007-07-27 00:00:00+09:00,653.6753986173634,655.9372512077349,652.1674968904491,652.9214477539062,10500,0.0,0.0
2007-07-30 00:00:00+09:00,649.1516197898171,663.4766845703125,641.612112010609,663.4766845703125,8000,0.0,0.0
2007-07-31 00:00:00+09:00,662.722742065837,677.8017578125,662.722742065837,677.8017578125,2600,0.0,0.0
2007-08-01 00:00:00+09:00,677.0478302377869,677.8017810509693,671.0162237323278,673.278076171875,5600,0.0,0.0
2007-08-02 00:00:00+09:00,671.0161793685332,674.7859331852104,671.0161793685332,674.031982421875,2500,0.0,0.0
2007-08-03 00:00:00+09:00,674.031982421875,677.8017362385522,674.031982421875,674.031982421875,2100,0.0,0.0
2007-08-06 00:00:00+09:00,681.5715351168813,685.3412891827932,668.7543712927807,673.278076171875,6000,0.0,0.0
2007-08-07 00:00:00+09:00,673.278076171875,673.278076171875,673.278076171875,673.278076171875,100,0.0,0.0
2007-08-08 00:00:00+09:00,669.5083074320729,669.5083074320729,663.476701058811,664.2306518554688,2700,0.0,0.0
2007-08-09 00:00:00+09:00,671.0161923495206,671.0161923495206,663.4766845703125,663.4766845703125,1300,0.0,0.0
2007-08-10 00:00:00+09:00,660.4608560251635,661.2148067740507,644.6278902985329,648.3976440429688,2900,0.0,0.0
2007-08-13 00:00:00+09:00,648.3976440429688,648.3976440429688,648.3976440429688,648.3976440429688,0,0.0,0.0
2007-08-14 00:00:00+09:00,628.7950385263033,645.3819580078125,628.7950385263033,645.3819580078125,1200,0.0,0.0
2007-08-15 00:00:00+09:00,599.6101744881732,601.8987629404181,579.0128784179688,579.0128784179688,19000,10.0,0.0
2007-08-16 00:00:00+09:00,579.0128627968338,591.2186675461742,562.9927440633246,578.25,4900,0.0,0.0
2007-08-17 00:00:00+09:00,566.0442272489539,566.0442272489539,539.3440278504183,546.97265625,5300,0.0,0.0
2007-08-20 00:00:00+09:00,577.4870388892389,577.4870388892389,567.56982421875,567.56982421875,3300,0.0,0.0
2007-08-21 00:00:00+09:00,567.56982421875,567.56982421875,567.56982421875,567.56982421875,4300,0.0,0.0
2007-08-22 00:00:00+09:00,559.9413440443066,559.9413440443066,556.889892578125,556.889892578125,2300,0.0,0.0
2007-08-23 00:00:00+09:00,557.6525899666507,572.1469801299426,557.6525899666507,560.7040405273438,900,0.0,0.0
2007-08-24 00:00:00+09:00,563.7556308230838,579.7757502375422,563.7556308230838,564.5184936523438,2600,0.0,0.0
2007-08-27 00:00:00+09:00,565.2813125917576,569.0956264419044,560.7041359715814,568.332763671875,3400,0.0,0.0
2007-08-28 00:00:00+09:00,564.5185536923616,567.5700053339419,561.4671020507812,561.4671020507812,2700,0.0,0.0
2007-08-29 00:00:00+09:00,560.7041795060442,564.5184936523438,546.2097857501055,564.5184936523438,3100,0.0,0.0
2007-08-30 00:00:00+09:00,553.0755615234375,566.8070927060884,552.3126986799568,553.0755615234375,1700,0.0,0.0
2007-08-31 00:00:00+09:00,553.0755445692274,553.0755445692274,549.26123046875,549.26123046875,1300,0.0,0.0
2007-09-03 00:00:00+09:00,541.63270664882,549.26133631993,541.63270664882,545.447021484375,2300,0.0,0.0
2007-09-04 00:00:00+09:00,545.4469448912378,545.4469448912378,543.9212191712622,544.68408203125,1400,0.0,0.0
2007-09-05 00:00:00+09:00,570.6213962864232,583.5900643838419,564.5184936523438,564.5184936523438,3400,0.0,0.0
2007-09-06 00:00:00+09:00,547.735546840468,559.1784900195864,539.3440551757812,539.3440551757812,8200,0.0,0.0
2007-09-07 00:00:00+09:00,539.3440551757812,539.3440551757812,539.3440551757812,539.3440551757812,800,0.0,0.0
2007-09-10 00:00:00+09:00,539.3439896617862,539.3439896617862,530.1896362304688,530.1896362304688,5900,0.0,0.0
2007-09-11 00:00:00+09:00,525.6124802436428,526.3753430596713,508.82949829101557,508.8294982910156,2200,0.0,0.0
2007-09-12 00:00:00+09:00,510.355208985106,513.4066601599048,509.59234619140625,509.59234619140625,4700,0.0,0.0
2007-09-13 00:00:00+09:00,508.8295282120095,509.5923910728971,507.3038024902344,507.3038024902344,2900,0.0,0.0
2007-09-14 00:00:00+09:00,504.2522731434215,504.2522731434215,496.6236457131125,503.4894104003906,1100,0.0,0.0
2007-09-18 00:00:00+09:00,502.72659439846404,505.7780456542969,502.72659439846404,505.7780456542969,2300,0.0,0.0
2007-09-19 00:00:00+09:00,528.6637613992663,528.6637613992663,512.6436474174703,514.1693725585938,1400,0.0,0.0
2007-09-20 00:00:00+09:00,516.4580778830722,516.4580778830722,503.48941123017374,505.01513671875,7600,0.0,0.0
2007-09-21 00:00:00+09:00,505.7780270802889,530.1896362304688,496.6236736489715,530.1896362304688,8800,0.0,0.0
2007-09-25 00:00:00+09:00,531.7153461027558,534.7667971564301,529.4267578125,529.4267578125,1600,0.0,0.0
2007-09-26 00:00:00+09:00,528.6638453066515,547.7354125976562,523.3238064651702,547.7354125976562,1400,0.0,0.0
2007-09-27 00:00:00+09:00,547.7355596479201,588.1672931595353,547.7355596479201,575.9614868164062,2800,0.0,0.0
2007-09-28 00:00:00+09:00,572.1471557617188,588.1672761230469,572.1471557617188,572.1471557617188,1400,0.0,0.0
2007-10-01 00:00:00+09:00,572.1471557617188,572.1471557617188,556.8898982747396,572.1471557617188,2600,0.0,0.0
2007-10-02 00:00:00+09:00,549.2612639126712,556.889892578125,549.2612639126712,556.889892578125,600,0.0,0.0
2007-10-03 00:00:00+09:00,556.1269593514052,568.332763671875,541.6325667208473,568.332763671875,1800,0.0,0.0
2007-10-04 00:00:00+09:00,568.3328546906545,568.3328546906545,564.5185402296433,566.80712890625,1600,0.0,0.0
2007-10-05 00:00:00+09:00,587.4044581527813,587.4044581527813,565.2814331054688,565.2814331054688,4400,0.0,0.0
2007-10-09 00:00:00+09:00,565.2812847843501,575.961363039385,565.2812847843501,572.909912109375,2700,0.0,0.0
2007-10-10 00:00:00+09:00,575.1985070180084,585.11572265625,572.1470560523957,585.11572265625,3900,0.0,0.0
2007-10-11 00:00:00+09:00,585.1157493440131,585.1157493440131,577.4871215820312,577.4871215820312,700,0.0,0.0
2007-10-12 00:00:00+09:00,582.0642700195312,582.0642700195312,582.0642700195312,582.0642700195312,100,0.0,0.0
2007-10-15 00:00:00+09:00,560.7040542852683,572.1469941686411,558.4154663085938,558.4154663085938,1900,0.0,0.0
2007-10-16 00:00:00+09:00,559.9413099500869,559.9413099500869,543.9211907280816,549.26123046875,1900,0.0,0.0
2007-10-17 00:00:00+09:00,544.6840194487236,544.6840194487236,540.1068428147007,541.632568359375,2000,0.0,0.0
2007-10-18 00:00:00+09:00,541.632657296317,541.632657296317,522.5610848563058,534.0040283203125,2900,0.0,0.0
2007-10-19 00:00:00+09:00,531.715361802355,531.715361802355,526.3753223007532,530.1896362304688,4500,0.0,0.0
2007-10-22 00:00:00+09:00,519.5095527615414,521.0352783203125,518.7466899821559,521.0352783203125,4600,0.0,0.0
2007-10-23 00:00:00+09:00,522.5609865441786,522.5609865441786,512.6437707411504,517.220947265625,5400,0.0,0.0
2007-10-24 00:00:00+09:00,511.8809826208044,521.7981998697917,511.8809826208044,514.9324340820312,5800,0.0,0.0
2007-10-25 00:00:00+09:00,514.9322351291555,514.9322351291555,511.8807848469086,514.1693725585938,3900,0.0,0.0
2007-10-26 00:00:00+09:00,514.1694178134867,514.1694178134867,512.6436925380758,513.4065551757812,2500,0.0,0.0
2007-10-29 00:00:00+09:00,514.1695236889284,514.1695236889284,511.1180725097656,511.1180725097656,6300,0.0,0.0
2007-10-30 00:00:00+09:00,514.1693725585938,518.746547981964,513.4065099880321,514.1693725585938,4200,0.0,0.0
2007-10-31 00:00:00+09:00,514.1693725585938,514.9322351291555,514.1693725585938,514.1693725585938,3800,0.0,0.0
2007-11-01 00:00:00+09:00,513.4065099880321,514.9322351291555,513.4065099880321,514.1693725585938,8400,0.0,0.0
2007-11-02 00:00:00+09:00,513.4065551757812,514.9322804511922,512.6436925380758,513.4065551757812,5500,0.0,0.0
2007-11-05 00:00:00+09:00,521.0353358079708,526.3753758528549,511.88098144531244,511.8809814453125,5400,0.0,0.0
2007-11-06 00:00:00+09:00,511.88098144531244,514.9324328995319,511.1181185817576,511.8809814453125,3700,0.0,0.0
2007-11-07 00:00:00+09:00,511.8810114611068,514.932463094258,509.59242273624346,510.35528564453125,3400,0.0,0.0
2007-11-08 00:00:00+09:00,510.35522392307263,510.35522392307263,501.2008701307305,508.8294982910156,3700,0.0,0.0
2007-11-09 00:00:00+09:00,508.82949829101557,508.82949829101557,508.82949829101557,508.8294982910156,100,0.0,0.0
2007-11-12 00:00:00+09:00,516.4580770319158,516.4580770319158,501.20082217129794,503.4894104003906,2700,0.0,0.0
2007-11-13 00:00:00+09:00,511.1181137434399,511.1181137434399,499.6751708984375,499.6751708984375,800,0.0,0.0
2007-11-14 00:00:00+09:00,503.4894445618587,511.1180725097656,499.6751305879052,511.1180725097656,1800,0.0,0.0
2007-11-15 00:00:00+09:00,497.3865422035331,511.1180725097656,497.3865422035331,511.1180725097656,900,0.0,0.0
2007-11-16 00:00:00+09:00,503.4894104003906,510.35517508766867,503.4894104003906,503.4894104003906,0,0.0,0.0
2007-11-19 00:00:00+09:00,511.1180530099951,532.4782104492188,503.4894253531295,532.4782104492188,4300,0.0,0.0
2007-11-20 00:00:00+09:00,527.1381580249683,527.1381580249683,503.48941287478885,508.06658935546875,2100,0.0,0.0
2007-11-21 00:00:00+09:00,505.7780456542969,526.3753416311687,505.7780456542969,505.7780456542969,0,0.0,0.0
2007-11-22 00:00:00+09:00,505.7780456542969,508.0666340961715,505.7780456542969,505.7780456542969,2300,0.0,0.0
2007-11-26 00:00:00+09:00,511.1180717788057,511.1180717788057,509.59234619140625,509.59234619140625,500,0.0,0.0
2007-11-27 00:00:00+09:00,514.9324082151726,525.6124877929688,514.9324082151726,525.6124877929688,300,0.0,0.0
2007-11-28 00:00:00+09:00,525.6125129893,525.6125129893,511.88098144531244,511.8809814453125,2000,0.0,0.0
2007-11-29 00:00:00+09:00,513.4067853142234,518.746826171875,511.8810593548943,518.746826171875,1900,0.0,0.0
2007-11-30 00:00:00+09:00,518.7467484085648,518.7467484085648,507.30380542896415,514.9324340820312,3700,0.0,0.0
2007-12-03 00:00:00+09:00,514.9322351291555,514.9322351291555,513.4065099880321,514.1693725585938,1600,0.0,0.0
2007-12-04 00:00:00+09:00,514.1694978507034,520.2723999023438,514.1694978507034,520.2723999023438,900,0.0,0.0
2007-12-05 00:00:00+09:00,534.0040283203125,549.2612862723214,530.1897138323103,534.0040283203125,4800,0.0,0.0
2007-12-06 00:00:00+09:00,534.0040283203125,534.0040283203125,534.0040283203125,534.0040283203125,100,0.0,0.0
2007-12-07 00:00:00+09:00,534.004055723852,534.004055723852,522.5611116726266,523.323974609375,1400,0.0,0.0
2007-12-10 00:00:00+09:00,526.3753558219747,537.8182983398438,523.3239044838763,537.8182983398438,4100,0.0,0.0
2007-12-11 00:00:00+09:00,535.5297541155134,537.8183428083147,530.1897138323103,534.0040283203125,1300,0.0,0.0
2007-12-12 00:00:00+09:00,531.715361802355,531.715361802355,527.9010478726394,530.1896362304688,700,0.0,0.0
2007-12-13 00:00:00+09:00,536.2925400195032,536.2925400195032,530.1896377148717,533.2410888671875,3100,0.0,0.0
2007-12-14 00:00:00+09:00,530.1896518400346,530.9525146484375,527.1382006064229,530.9525146484375,7200,0.0,0.0
2007-12-17 00:00:00+09:00,526.3753479272783,530.1896620426934,519.5095825195312,519.5095825195312,5200,0.0,0.0
2007-12-18 00:00:00+09:00,519.5095632524633,525.6124656107888,511.1180725097656,511.1180725097656,4700,0.0,0.0
2007-12-19 00:00:00+09:00,492.04645376939044,492.04645376939044,473.737748512855,476.0263366699219,11100,0.0,0.0
2007-12-20 00:00:00+09:00,442.46040145210594,443.22326421323027,434.83177384086275,438.6460876464844,23100,0.0,0.0
2007-12-21 00:00:00+09:00,450.0890290633492,450.0890290633492,423.38883242399794,438.6460876464844,7600,0.0,0.0
2007-12-25 00:00:00+09:00,434.8318034067204,437.88325465869735,427.2031752767779,437.1203918457031,7100,0.0,0.0
2007-12-26 00:00:00+09:00,427.96603808977216,437.1203918457031,427.96603808977216,437.1203918457031,2700,0.0,0.0
2007-12-27 00:00:00+09:00,431.01746003524113,438.6460876464844,431.01746003524113,438.6460876464844,5300,0.0,0.0
2007-12-28 00:00:00+09:00,434.83178859803735,438.64610253310786,434.83178859803735,437.88323974609375,2200,0.0,0.0
2008-01-04 00:00:00+09:00,439.408971838049,451.6147766113281,439.408971838049,451.6147766113281,1200,0.0,0.0
2008-01-07 00:00:00+09:00,459.24341769748264,459.24341769748264,442.46043565538196,446.2747497558594,4900,0.0,0.0
2008-01-08 00:00:00+09:00,446.27480936791613,446.27480936791613,441.6976318359375,441.6976318359375,2100,0.0,0.0
2008-01-09 00:00:00+09:00,441.69766085703196,441.69766085703196,434.83189410795893,435.5947570800781,2400,0.0,0.0
2008-01-10 00:00:00+09:00,458.48053499547444,458.48053499547444,434.83178859803735,437.88323974609375,3300,0.0,0.0
2008-01-11 00:00:00+09:00,437.88323974609375,437.88323974609375,437.12037695907964,437.88323974609375,900,0.0,0.0
2008-01-15 00:00:00+09:00,437.12040218230214,437.12040218230214,425.6774597167969,425.6774597167969,1700,0.0,0.0
2008-01-16 00:00:00+09:00,425.6774711608887,425.6774711608887,349.39118600660754,378.3799743652344,14500,0.0,0.0
2008-01-17 00:00:00+09:00,380.66841977602473,411.9457849279627,377.6169695172991,411.18292236328125,1800,0.0,0.0
2008-01-18 00:00:00+09:00,407.36885437990895,427.9661560058594,398.97736112489207,427.9661560058594,3000,0.0,0.0
2008-01-21 00:00:00+09:00,402.79156494140625,403.55442775379527,400.50297650423914,402.79156494140625,1700,0.0,0.0
2008-01-22 00:00:00+09:00,382.19426287482764,389.0600280761719,373.8027720731847,389.0600280761719,7800,0.0,0.0
2008-01-23 00:00:00+09:00,377.6170959472656,389.06003824869794,377.6170959472656,377.6170959472656,8300,0.0,0.0
2008-01-24 00:00:00+09:00,377.61704799107144,377.61704799107144,369.98842075892856,373.802734375,9100,0.0,0.0
2008-01-25 00:00:00+09:00,368.4627421061198,382.19427286783855,366.1741536458333,377.6170959472656,14800,0.0,0.0
2008-01-28 00:00:00+09:00,382.1942848016408,382.1942848016408,366.1741650794163,369.2256164550781,10200,0.0,0.0
2008-01-29 00:00:00+09:00,369.98846572844775,373.0399169921875,368.4627400965778,373.0399169921875,22500,0.0,0.0
2008-01-30 00:00:00+09:00,375.32846326713104,380.66850237865526,372.27701234626005,379.9056396484375,3700,0.0,0.0
2008-01-31 00:00:00+09:00,379.9056396484375,380.66850237865526,376.09132599734875,379.9056396484375,10200,0.0,0.0
2008-02-01 00:00:00+09:00,380.668484763248,380.668484763248,375.3284458988337,376.09130859375,9700,0.0,0.0
2008-02-04 00:00:00+09:00,377.6170795719798,377.6170795719798,372.2770400628811,375.3284912109375,22300,0.0,0.0
2008-02-05 00:00:00+09:00,376.85422896549073,376.85422896549073,367.69987522543835,368.4627380371094,18300,0.0,0.0
2008-02-06 00:00:00+09:00,368.46264322148926,368.46264322148926,355.49397876027746,363.8854675292969,14300,0.0,0.0
2008-02-07 00:00:00+09:00,356.25689611947666,356.25689611947666,351.67971972393735,354.7311706542969,16900,0.0,0.0
2008-02-08 00:00:00+09:00,353.9683988171571,354.73126174564237,352.4426729601866,353.2055358886719,18300,0.0,0.0
2008-02-12 00:00:00+09:00,353.2054904411579,363.88557006572853,353.2054904411579,353.9683532714844,15700,0.0,0.0
2008-02-13 00:00:00+09:00,360.8341213808221,363.8855727244231,354.73121869362006,360.0712585449219,21800,0.0,0.0
2008-02-14 00:00:00+09:00,366.1741377667683,376.0913539979516,366.1741377667683,375.3284912109375,96600,0.0,0.0
2008-02-15 00:00:00+09:00,362.86944908224126,365.98420830183136,358.1973102528562,362.09075927734375,46100,10.0,0.0
2008-02-18 00:00:00+09:00,362.0907271535773,376.1071423982319,362.0907271535773,369.87762451171875,11000,0.0,0.0
2008-02-19 00:00:00+09:00,372.21369371916114,372.21369371916114,366.76286556846213,369.87762451171875,13300,0.0,0.0
2008-02-20 00:00:00+09:00,372.99234635774945,373.77103601611634,370.65627738264874,371.4349670410156,11500,0.0,0.0
2008-02-21 00:00:00+09:00,372.9924109322684,372.9924109322684,369.09896196637834,370.6563415527344,4100,0.0,0.0
2008-02-22 00:00:00+09:00,370.6563350406152,373.77109415860355,369.8776452611181,372.2137145996094,6200,0.0,0.0
2008-02-25 00:00:00+09:00,383.1154103072648,383.1154103072648,376.10720158213195,377.6645812988281,40000,0.0,0.0
2008-02-26 00:00:00+09:00,374.5497256744833,374.5497256744833,367.5415187491811,371.4349670410156,4800,0.0,0.0
2008-02-27 00:00:00+09:00,373.7711115793569,376.10718102672786,370.6563523161956,375.3284912109375,1500,0.0,0.0
2008-02-28 00:00:00+09:00,369.0989717963382,369.0989717963382,368.3202819824219,368.3202819824219,400,0.0,0.0
2008-02-29 00:00:00+09:00,362.0907798180213,375.3285072522285,362.0907798180213,364.4268493652344,5000,0.0,0.0
2008-03-03 00:00:00+09:00,358.19732666015625,362.090775862984,355.86125713845956,358.19732666015625,2100,0.0,0.0
2008-03-04 00:00:00+09:00,358.97603697807693,360.5334167480469,358.19734709309193,360.5334167480469,1800,0.0,0.0
2008-03-05 00:00:00+09:00,353.5251786830062,367.5415954589844,350.41041939945546,367.5415954589844,5100,0.0,0.0
2008-03-06 00:00:00+09:00,365.9841613769531,370.65629960729717,354.3038158010929,365.9841613769531,2400,0.0,0.0
2008-03-07 00:00:00+09:00,348.85302734375,350.410406930106,337.9513702392578,348.85302734375,4600,0.0,0.0
2008-03-10 00:00:00+09:00,348.07432141840854,352.7464599609375,345.738252147144,352.7464599609375,4400,0.0,0.0
2008-03-11 00:00:00+09:00,341.8447908026987,341.8447908026987,334.8365832463791,341.06610107421875,2300,0.0,0.0
2008-03-12 00:00:00+09:00,344.95959546924695,351.9678039550781,344.1809056374879,351.9678039550781,700,0.0,0.0
2008-03-13 00:00:00+09:00,346.5169635135467,346.5169635135467,332.5005470118752,340.2874450683594,5700,0.0,0.0
2008-03-14 00:00:00+09:00,334.83661106654574,345.73826817103793,323.93495396205356,327.0497131347656,4100,0.0,0.0
2008-03-17 00:00:00+09:00,326.27102106957886,327.04971085733445,312.25460488997885,313.0332946777344,2500,0.0,0.0
2008-03-18 00:00:00+09:00,305.24638130738566,305.24638130738566,298.2381735732875,302.1316223144531,5300,0.0,0.0
2008-03-19 00:00:00+09:00,307.5824661634455,313.0332946777344,303.6890172246677,313.0332946777344,6900,0.0,0.0
2008-03-21 00:00:00+09:00,313.03330314672735,325.4923400878906,312.2546133379047,325.4923400878906,2300,0.0,0.0
2008-03-24 00:00:00+09:00,330.1644669464182,335.61529541015625,328.60708738535016,335.61529541015625,1500,0.0,0.0
2008-03-25 00:00:00+09:00,331.7218465074862,347.2956421181663,331.7218465074862,335.61529541015625,2600,0.0,0.0
2008-03-26 00:00:00+09:00,345.73826817103793,348.85302734375,342.62350899832586,348.85302734375,1900,0.0,0.0
2008-03-27 00:00:00+09:00,348.8530849805122,349.63177490234375,335.61535630937675,349.63177490234375,1200,0.0,0.0
2008-03-28 00:00:00+09:00,350.41040247136897,352.7464718211781,342.6235046386719,342.6235046386719,900,0.0,0.0
2008-03-31 00:00:00+09:00,350.4104748401013,354.3039245605469,348.853094951923,354.3039245605469,1400,0.0,0.0
2008-04-01 00:00:00+09:00,353.52520724521594,353.52520724521594,342.6235488720155,346.5169982910156,1000,0.0,0.0
2008-04-02 00:00:00+09:00,355.0826147789378,355.0826147789378,347.29571533203125,347.29571533203125,5500,0.0,0.0
2008-04-03 00:00:00+09:00,351.96777420043946,373.7710876464844,350.4103946685791,373.7710876464844,9900,0.0,0.0
2008-04-04 00:00:00+09:00,373.77114531899684,377.6645947494031,364.4268666860219,374.5498352050781,12800,0.0,0.0
2008-04-07 00:00:00+09:00,377.66454305608903,383.11537151256863,365.98419636363263,372.2137145996094,6400,0.0,0.0
2008-04-08 00:00:00+09:00,369.8776606855721,369.8776606855721,361.31207275390625,361.31207275390625,3300,0.0,0.0
2008-04-09 00:00:00+09:00,359.754693129967,368.32028106163284,359.754693129967,361.31207275390625,3300,0.0,0.0
2008-04-10 00:00:00+09:00,372.21371546394164,372.21371546394164,357.4186096191406,357.4186096191406,2900,0.0,0.0
2008-04-11 00:00:00+09:00,358.19729690378756,358.97598667966537,343.4021911621094,343.4021911621094,3600,0.0,0.0
2008-04-14 00:00:00+09:00,327.82845054482516,330.1645202636719,311.475962512898,330.1645202636719,3200,0.0,0.0
2008-04-15 00:00:00+09:00,327.0496775803057,327.0496775803057,319.2627804950603,320.8201599121094,1800,0.0,0.0
2008-04-16 00:00:00+09:00,319.2628479003906,327.04974662966845,319.2628479003906,319.2628479003906,2400,0.0,0.0
2008-04-17 00:00:00+09:00,323.15626005692917,342.6235046386719,323.15626005692917,342.6235046386719,3800,0.0,0.0
2008-04-18 00:00:00+09:00,341.84485898821544,360.53341619941625,334.8366500340151,346.5169982910156,4500,0.0,0.0
2008-04-21 00:00:00+09:00,347.2956433382901,350.41040247136897,342.6235046386719,342.6235046386719,8400,0.0,0.0
2008-04-22 00:00:00+09:00,337.9513181633905,342.62345620251574,337.9513181633905,339.5086975097656,8000,0.0,0.0
2008-04-23 00:00:00+09:00,339.5087893368153,346.5169982910156,339.5087893368153,346.5169982910156,2700,0.0,0.0
2008-04-24 00:00:00+09:00,341.06620337257925,341.06620337257925,330.94323386608716,331.721923828125,6300,0.0,0.0
2008-04-25 00:00:00+09:00,331.7218497342842,337.1726782510447,331.7218497342842,334.83660888671875,2900,0.0,0.0
2008-04-28 00:00:00+09:00,331.7218485852602,331.7218485852602,327.0497098727917,327.8283996582031,5600,0.0,0.0
2008-04-30 00:00:00+09:00,339.50874431282625,349.6317114597683,335.61529541015625,335.61529541015625,1900,0.0,0.0
2008-05-01 00:00:00+09:00,335.61528428021603,335.61528428021603,328.6070764878217,330.9431457519531,6400,0.0,0.0
2008-05-02 00:00:00+09:00,334.8365945255055,334.8365945255055,328.6070764878217,330.9431457519531,10600,0.0,0.0
2008-05-07 00:00:00+09:00,346.51695355502045,349.63171268809924,342.6235046386719,342.6235046386719,5800,0.0,0.0
2008-05-08 00:00:00+09:00,342.6235067678053,342.6235067678053,331.7218497342842,334.83660888671875,8000,0.0,0.0
2008-05-09 00:00:00+09:00,335.61531930267125,337.1726989746094,333.27924979476404,337.1726989746094,7700,0.0,0.0
2008-05-12 00:00:00+09:00,341.06612719158795,341.06612719158795,329.38578036995824,334.83660888671875,9700,0.0,0.0
2008-05-13 00:00:00+09:00,330.1644789408269,330.1644789408269,323.93496047024524,325.4923400878906,14300,0.0,0.0
2008-05-14 00:00:00+09:00,325.49236725509024,327.04974700272226,317.7054685169302,326.27105712890625,22700,0.0,0.0
2008-05-15 00:00:00+09:00,323.9349518531977,337.1726782510447,323.15626206508904,334.83660888671875,11200,0.0,0.0
2008-05-16 00:00:00+09:00,327.04975417564657,338.7301025390625,326.27106428475213,338.7301025390625,19500,0.0,0.0
2008-05-19 00:00:00+09:00,334.83661642882043,340.2874450683594,328.6070979836331,340.2874450683594,15400,0.0,0.0
2008-05-20 00:00:00+09:00,341.84487568402875,349.63177490234375,334.05797646571375,349.63177490234375,18700,0.0,0.0
2008-05-21 00:00:00+09:00,342.6235519935345,342.6235519935345,330.94320363011855,338.7301025390625,16500,0.0,0.0
2008-05-22 00:00:00+09:00,334.83660888671875,337.1726782510447,330.1644701580669,334.83660888671875,12900,0.0,0.0
2008-05-23 00:00:00+09:00,334.83660888671875,335.61529867482744,332.50053952239284,334.83660888671875,10000,0.0,0.0
2008-05-26 00:00:00+09:00,335.61529541015625,335.61529541015625,334.0579158490882,335.61529541015625,4300,0.0,0.0
2008-05-27 00:00:00+09:00,334.8366056296222,337.17267497122424,332.5005362880202,335.61529541015625,7600,0.0,0.0
2008-05-28 00:00:00+09:00,335.6152630123482,335.6152630123482,328.6070556640625,328.6070556640625,7600,0.0,0.0
2008-05-29 00:00:00+09:00,330.1644690144374,331.7218485852602,327.8283996582031,327.8283996582031,6100,0.0,0.0
2008-05-30 00:00:00+09:00,328.6070764878217,334.8365945255055,328.6070764878217,330.9431457519531,9100,0.0,0.0
2008-06-02 00:00:00+09:00,332.5005899825186,334.83665970136536,330.1645202636719,330.1645202636719,8600,0.0,0.0
2008-06-03 00:00:00+09:00,333.2792293105015,334.83660888671875,330.9431599461755,334.83660888671875,6700,0.0,0.0
2008-06-04 00:00:00+09:00,334.83660888671875,334.83660888671875,334.0579190986101,334.83660888671875,6500,0.0,0.0
2008-06-05 00:00:00+09:00,338.7300678047698,340.2874474268607,332.50054931640625,332.50054931640625,13600,0.0,0.0
2008-06-06 00:00:00+09:00,334.8366427477145,334.8366427477145,332.50057314714905,334.0579528808594,1300,0.0,0.0
2008-06-09 00:00:00+09:00,334.0579528808594,334.0579528808594,330.9431934134388,334.0579528808594,2900,0.0,0.0
2008-06-10 00:00:00+09:00,337.95140221513515,337.95140221513515,330.1645035465836,334.0579528808594,6000,0.0,0.0
2008-06-11 00:00:00+09:00,330.9432101699541,335.6153496076476,330.1645202636719,330.1645202636719,5600,0.0,0.0
2008-06-12 00:00:00+09:00,330.16445599724267,331.72183550666364,330.16445599724267,330.9431457519531,1800,0.0,0.0
2008-06-13 00:00:00+09:00,333.27921501608455,333.27921501608455,327.82838673311124,330.9431457519531,2400,0.0,0.0
2008-06-16 00:00:00+09:00,330.9432101699541,334.83665970136536,328.6071404511074,330.1645202636719,3000,0.0,0.0
2008-06-17 00:00:00+09:00,334.0579158490882,335.61529541015625,332.5005362880202,335.61529541015625,3300,0.0,0.0
2008-06-18 00:00:00+09:00,333.2792293105015,338.730057827262,328.6070905818496,334.83660888671875,8000,0.0,0.0
2008-06-19 00:00:00+09:00,337.95136803915335,337.95136803915335,334.83660888671875,334.83660888671875,2700,0.0,0.0
2008-06-20 00:00:00+09:00,334.8366427477145,334.8366427477145,333.27926301400424,334.0579528808594,5600,0.0,0.0
2008-06-23 00:00:00+09:00,330.9431247801577,334.8365733069831,326.27098654796725,328.6070556640625,13700,0.0,0.0
2008-06-24 00:00:00+09:00,329.38587730621623,333.2793273925781,327.82849727167144,333.2793273925781,1500,0.0,0.0
2008-06-25 00:00:00+09:00,331.7218485852602,335.6152975123172,321.59888137491185,327.8283996582031,14200,0.0,0.0
2008-06-26 00:00:00+09:00,328.60709272112166,330.16447230747764,323.93495396205356,327.0497131347656,14900,0.0,0.0
2008-06-27 00:00:00+09:00,323.9349703501506,324.71366018272306,323.1562805175781,323.1562805175781,2200,0.0,0.0
2008-06-30 00:00:00+09:00,321.59890085243313,327.0497296804405,321.59890085243313,323.1562805175781,900,0.0,0.0
2008-07-01 00:00:00+09:00,323.15626416887557,327.0497131347656,323.15626416887557,327.0497131347656,1000,0.0,0.0
2008-07-02 00:00:00+09:00,327.828419513013,333.2792483410203,323.1562805175781,323.1562805175781,8400,0.0,0.0
2008-07-03 00:00:00+09:00,323.934917431872,328.6070556640625,323.934917431872,328.6070556640625,1400,0.0,0.0
2008-07-04 00:00:00+09:00,326.27109409386003,334.83668367627644,326.27109409386003,331.721923828125,4300,0.0,0.0
2008-07-07 00:00:00+09:00,327.049744079163,334.0579528808594,327.049744079163,334.0579528808594,7100,0.0,0.0
2008-07-08 00:00:00+09:00,330.9431696943154,332.50054931640625,330.9431696943154,332.50054931640625,1000,0.0,0.0
2008-07-09 00:00:00+09:00,332.5006373753057,333.2793273925781,332.5006373753057,333.2793273925781,1100,0.0,0.0
2008-07-10 00:00:00+09:00,334.83670742712286,334.83670742712286,333.2793273925781,333.2793273925781,2700,0.0,0.0
2008-07-11 00:00:00+09:00,333.27919389625293,333.27919389625293,328.6070556640625,328.6070556640625,600,0.0,0.0
2008-07-14 00:00:00+09:00,324.71368745657117,328.60713694645807,323.1563076606164,323.93499755859375,17600,0.0,0.0
2008-07-15 00:00:00+09:00,323.1563076606164,341.8448652120737,320.8202379666842,323.93499755859375,13700,0.0,0.0
2008-07-16 00:00:00+09:00,327.04970339511306,329.3857727050781,327.04970339511306,329.3857727050781,1000,0.0,0.0
2008-07-17 00:00:00+09:00,327.04974662966845,329.3858162484518,319.2628479003906,319.2628479003906,13400,0.0,0.0
2008-07-18 00:00:00+09:00,323.15626416887557,327.0497131347656,323.15626416887557,327.0497131347656,400,0.0,0.0
2008-07-22 00:00:00+09:00,326.2710233415876,329.38578251429965,326.2710233415876,327.0497131347656,3000,0.0,0.0
2008-07-23 00:00:00+09:00,328.60708293508975,334.0579113250083,327.8283931651014,329.3857727050781,2700,0.0,0.0
2008-07-24 00:00:00+09:00,329.38579007222444,333.2792391274517,326.2710308280427,332.50054931640625,2700,0.0,0.0
2008-07-25 00:00:00+09:00,330.94325734076097,334.0580174098505,330.94325734076097,333.2793273925781,3600,0.0,0.0
2008-07-28 00:00:00+09:00,334.8365733069831,334.8365733069831,328.6070556640625,328.6070556640625,2300,0.0,0.0
2008-07-29 00:00:00+09:00,329.38579007222444,332.50054931640625,328.607100261179,332.50054931640625,1200,0.0,0.0
2008-07-30 00:00:00+09:00,330.16445599724267,334.05790477079506,319.26279943129595,330.9431457519531,8600,0.0,0.0
2008-07-31 00:00:00+09:00,327.8284740179357,331.721923828125,327.8284740179357,331.721923828125,1700,0.0,0.0
2008-08-01 00:00:00+09:00,330.94323386608716,331.721923828125,330.1645439040493,331.721923828125,3000,0.0,0.0
2008-08-04 00:00:00+09:00,331.721923828125,331.721923828125,326.27109409386003,331.721923828125,4400,0.0,0.0
2008-08-05 00:00:00+09:00,332.50054931640625,333.2792391274517,330.9431696943154,332.50054931640625,6700,0.0,0.0
2008-08-06 00:00:00+09:00,330.1644798832699,332.50054931640625,328.607100261179,332.50054931640625,3400,0.0,0.0
2008-08-07 00:00:00+09:00,332.50054931640625,332.50054931640625,327.0497206390881,332.50054931640625,3000,0.0,0.0
2008-08-08 00:00:00+09:00,328.607100261179,332.50054931640625,328.607100261179,332.50054931640625,1200,0.0,0.0
2008-08-11 00:00:00+09:00,335.6153736383143,335.6153736383143,330.94323386608716,331.721923828125,2900,0.0,0.0
2008-08-12 00:00:00+09:00,330.1645439040493,331.721923828125,320.0415743975572,331.721923828125,7200,0.0,0.0
2008-08-13 00:00:00+09:00,332.5005416870117,332.5005416870117,323.15626416887557,327.0497131347656,20700,0.0,0.0
2008-08-14 00:00:00+09:00,323.15630430226133,332.5005829808809,323.15630430226133,324.71368408203125,13500,0.0,0.0
2008-08-15 00:00:00+09:00,313.0332875353225,329.3857727050781,312.2545977653341,329.3857727050781,7100,0.0,0.0
2008-08-18 00:00:00+09:00,328.6071404511074,330.9432101699541,323.15631110713167,330.1645202636719,4100,0.0,0.0
2008-08-19 00:00:00+09:00,330.1645439040493,331.721923828125,330.1645439040493,331.721923828125,600,0.0,0.0
2008-08-20 00:00:00+09:00,328.60709272112166,328.60709272112166,327.0497131347656,327.0497131347656,2900,0.0,0.0
2008-08-21 00:00:00+09:00,326.2710308280427,332.50054931640625,325.4923410169972,332.50054931640625,3200,0.0,0.0
2008-08-22 00:00:00+09:00,330.9431934134388,334.8366427477145,330.9431934134388,334.0579528808594,2500,0.0,0.0
2008-08-25 00:00:00+09:00,333.2792293105015,334.83660888671875,328.6070905818496,334.83660888671875,1600,0.0,0.0
2008-08-26 00:00:00+09:00,327.82841045013356,332.50054931640625,327.0497206390881,332.50054931640625,1300,0.0,0.0
2008-08-27 00:00:00+09:00,323.93504718530954,333.2793273925781,323.1563571680372,333.2793273925781,4900,0.0,0.0
2008-08-28 00:00:00+09:00,332.5006373753057,333.2793273925781,330.94325734076097,333.2793273925781,2100,0.0,0.0
2008-08-29 00:00:00+09:00,330.9431696943154,332.50054931640625,330.9431696943154,332.50054931640625,1000,0.0,0.0
2008-09-01 00:00:00+09:00,330.1645202636719,330.1645202636719,327.82845054482516,330.1645202636719,1500,0.0,0.0
2008-09-02 00:00:00+09:00,330.1645202636719,330.1645202636719,330.1645202636719,330.1645202636719,200,0.0,0.0
2008-09-03 00:00:00+09:00,329.38579007222444,332.50054931640625,329.38579007222444,332.50054931640625,3800,0.0,0.0
2008-09-04 00:00:00+09:00,330.1645439040493,331.721923828125,327.0497840558979,331.721923828125,3200,0.0,0.0
2008-09-05 00:00:00+09:00,323.93495396205356,331.7218518938337,319.26281520298545,327.0497131347656,10400,0.0,0.0
2008-09-08 00:00:00+09:00,326.2709976606672,326.2709976606672,311.4758927548136,318.4841003417969,10800,0.0,0.0
2008-09-09 00:00:00+09:00,318.4841298675537,318.4841298675537,311.4759216308594,311.4759216308594,9000,0.0,0.0
2008-09-10 00:00:00+09:00,311.4759216308594,315.3693706512451,307.5824726104736,311.4759216308594,4400,0.0,0.0
2008-09-11 00:00:00+09:00,313.03328495732063,315.3693542480469,313.03328495732063,315.3693542480469,2200,0.0,0.0
2008-09-12 00:00:00+09:00,312.25456934895004,312.25456934895004,306.8037414550781,306.8037414550781,3600,0.0,0.0
2008-09-16 00:00:00+09:00,306.8037785121373,312.2546070643834,305.24639892578125,305.24639892578125,800,0.0,0.0
2008-09-17 00:00:00+09:00,289.67265153967816,290.45134146317196,277.21361276377803,286.5578918457031,12900,0.0,0.0
2008-09-18 00:00:00+09:00,282.664377339681,282.664377339681,272.5414106580946,280.32830810546875,14900,0.0,0.0
2008-09-19 00:00:00+09:00,276.4348710029888,276.4348710029888,256.96762656615863,270.2053527832031,13100,0.0,0.0
2008-09-22 00:00:00+09:00,270.20540717629825,274.0988568474265,264.75457763671875,264.75457763671875,3200,0.0,0.0
2008-09-24 00:00:00+09:00,259.30377771220077,260.0824677353605,253.07425752692265,254.6316375732422,11000,0.0,0.0
2008-09-25 00:00:00+09:00,250.73809173960746,253.07416091730565,249.95940201370803,252.29547119140625,3300,0.0,0.0
2008-09-26 00:00:00+09:00,259.30373798076926,262.4184975961539,252.29552884615387,253.07421875,2400,0.0,0.0
2008-09-29 00:00:00+09:00,256.96765470649694,256.96765470649694,256.18896484375,256.18896484375,700,0.0,0.0
2008-09-30 00:00:00+09:00,249.95939955711364,249.95939955711364,243.72988181114195,249.1807098388672,2100,0.0,0.0
2008-10-01 00:00:00+09:00,250.73815239800345,253.85291205512152,245.28732299804685,245.28732299804688,2000,0.0,0.0
2008-10-02 00:00:00+09:00,242.17251113539086,242.17251113539086,233.60692392481434,235.9429931640625,13600,0.0,0.0
2008-10-03 00:00:00+09:00,235.16434162419017,235.94303149711794,223.48399353027344,223.48399353027344,11800,0.0,0.0
2008-10-06 00:00:00+09:00,232.04956758106852,235.94301670155625,219.5905303955078,219.5905303955078,7400,0.0,0.0
2008-10-07 00:00:00+09:00,202.45934083887835,211.80361810836501,194.6724431143061,204.79541015625,14800,0.0,0.0
2008-10-08 00:00:00+09:00,190.7789758300781,197.00849340820312,186.88552734375,194.67242431640625,11200,0.0,0.0
2008-10-09 00:00:00+09:00,194.67242928438407,200.90194702148438,194.67242928438407,200.90194702148438,4100,0.0,0.0
2008-10-10 00:00:00+09:00,209.46756359911342,209.46756359911342,194.67245687649944,197.78721618652344,7000,0.0,0.0
2008-10-14 00:00:00+09:00,220.36922689165388,220.36922689165388,214.13970811026437,218.0331573486328,3200,0.0,0.0
2008-10-15 00:00:00+09:00,214.1397180109678,216.47578766199655,214.1397180109678,215.6970977783203,1500,0.0,0.0
2008-10-16 00:00:00+09:00,209.46755328301575,211.02493286132812,202.45934518061,211.02493286132812,1200,0.0,0.0
2008-10-17 00:00:00+09:00,218.03314096373387,218.03314096373387,211.02493286132812,211.02493286132812,4000,0.0,0.0
2008-10-20 00:00:00+09:00,214.91838615171372,218.0331453713038,212.5823167370212,217.25445556640625,1600,0.0,0.0
2008-10-21 00:00:00+09:00,221.92659775987804,221.92659775987804,216.47576904296875,216.47576904296875,9300,0.0,0.0
2008-10-22 00:00:00+09:00,218.0331573486328,221.14791673932757,216.47577765328543,218.0331573486328,3100,0.0,0.0
2008-10-23 00:00:00+09:00,216.47576904296875,216.47576904296875,214.13969959286476,216.47576904296875,1800,0.0,0.0
2008-10-24 00:00:00+09:00,214.13971235167307,214.13971235167307,206.35281372070312,206.35281372070312,3600,0.0,0.0
2008-10-27 00:00:00+09:00,195.45115192576606,201.68067071224465,195.45115192576606,200.123291015625,3100,0.0,0.0
2008-10-28 00:00:00+09:00,192.33639897365197,198.56591796875,189.22163947610295,198.56591796875,3200,0.0,0.0
2008-10-29 00:00:00+09:00,203.23807446100537,203.23807446100537,201.68069458007812,201.68069458007812,700,0.0,0.0
2008-10-30 00:00:00+09:00,205.5741292905291,218.03316742934905,205.5741292905291,215.6970977783203,2600,0.0,0.0
2008-10-31 00:00:00+09:00,217.25448125722457,228.93482971191406,214.1397216693074,228.93482971191406,6600,0.0,0.0
2008-11-04 00:00:00+09:00,228.93480746361516,241.39384460449216,226.59873799970072,241.3938446044922,8600,0.0,0.0
2008-11-05 00:00:00+09:00,256.96760954680263,256.96760954680263,244.50857393241222,252.29547119140625,5400,0.0,0.0
2008-11-06 00:00:00+09:00,245.2872815178436,249.18073043082526,240.61514282226562,240.61514282226562,2900,0.0,0.0
2008-11-07 00:00:00+09:00,233.60696726831895,235.94303694100216,225.820068359375,225.820068359375,4200,0.0,0.0
2008-11-10 00:00:00+09:00,249.18074492436304,249.18074492436304,241.39384664547669,244.50860595703125,3900,0.0,0.0
2008-11-11 00:00:00+09:00,236.7217056766633,241.39384460449216,236.7217056766633,241.3938446044922,900,0.0,0.0
2008-11-12 00:00:00+09:00,240.61515478318736,241.39384460449216,240.61515478318736,241.3938446044922,300,0.0,0.0
2008-11-13 00:00:00+09:00,242.1725410857758,242.1725410857758,239.8364715576172,239.8364715576172,700,0.0,0.0
2008-11-14 00:00:00+09:00,241.39385124305628,241.39385124305628,239.8364715576172,239.8364715576172,2300,0.0,0.0
2008-11-17 00:00:00+09:00,239.8364695498818,241.39384922228362,236.72171020507812,236.72171020507812,700,0.0,0.0
2008-11-18 00:00:00+09:00,244.50860388971142,244.50860388971142,241.39384460449216,241.3938446044922,700,0.0,0.0
2008-11-19 00:00:00+09:00,242.95124980914088,242.95124980914088,239.05780029296875,239.05780029296875,800,0.0,0.0
2008-11-20 00:00:00+09:00,238.27908655385502,238.27908655385502,232.82825777647923,237.50039672851562,2200,0.0,0.0
2008-11-21 00:00:00+09:00,233.60693359375,233.60693359375,233.60693359375,233.60693359375,600,0.0,0.0
2008-11-25 00:00:00+09:00,234.38562337239583,237.50038248697916,233.60693359375,233.60693359375,1900,0.0,0.0
2008-11-26 00:00:00+09:00,233.60694014786074,237.5003891503251,232.04956054687503,232.049560546875,900,0.0,0.0
2008-11-27 00:00:00+09:00,234.38560485839844,235.94298429267351,234.38560485839844,234.38560485839844,1800,0.0,0.0
2008-11-28 00:00:00+09:00,234.38563209180012,235.1643218994141,234.38563209180012,235.16432189941406,500,0.0,0.0
2008-12-01 00:00:00+09:00,235.16431974884648,235.16431974884648,232.04956054687503,232.049560546875,2200,0.0,0.0
2008-12-02 00:00:00+09:00,232.8282382849491,232.8282382849491,231.27085876464844,231.27085876464844,400,0.0,0.0
2008-12-03 00:00:00+09:00,235.16431974884648,235.16431974884648,232.04956054687503,232.049560546875,1200,0.0,0.0
2008-12-04 00:00:00+09:00,233.60692392481434,236.72168291047853,233.60692392481434,235.9429931640625,2900,0.0,0.0
2008-12-05 00:00:00+09:00,237.5003726568946,247.62333936030322,219.5905084893255,235.9429931640625,12100,0.0,0.0
2008-12-08 00:00:00+09:00,235.94301707783683,237.50039672851562,234.38563742715803,237.50039672851562,800,0.0,0.0
2008-12-09 00:00:00+09:00,239.05777971368087,244.5086085670873,235.94302036887723,236.72171020507812,1100,0.0,0.0
2008-12-10 00:00:00+09:00,247.62334001703593,247.62334001703593,238.27906303526098,246.8446502685547,2400,0.0,0.0
2008-12-11 00:00:00+09:00,246.06596924593458,248.40203857421878,241.3938305893662,248.40203857421875,1300,0.0,0.0
2008-12-12 00:00:00+09:00,247.62334090012772,247.62334090012772,242.95120239257812,242.95120239257812,2400,0.0,0.0
2008-12-15 00:00:00+09:00,244.50860595703122,246.0659856128085,242.17253647336534,244.50860595703125,3000,0.0,0.0
2008-12-16 00:00:00+09:00,241.39384922228362,241.39384922228362,235.94302036887723,236.72171020507812,1000,0.0,0.0
2008-12-17 00:00:00+09:00,233.60694760181863,237.50039672851562,229.71349847512167,237.50039672851562,3800,0.0,0.0
2008-12-18 00:00:00+09:00,238.27904436500575,239.83642373994041,229.713457802865,232.82821655273438,5200,0.0,0.0
2008-12-19 00:00:00+09:00,235.94298429267351,239.05774316122364,234.38560485839844,234.38560485839844,1400,0.0,0.0
2008-12-22 00:00:00+09:00,236.7217036228554,238.27908325195312,235.16432399375768,238.27908325195312,1600,0.0,0.0
2008-12-24 00:00:00+09:00,238.27908655385502,239.0577763791944,234.38563742715803,237.50039672851562,5100,0.0,0.0
2008-12-25 00:00:00+09:00,233.60693359375,233.60693359375,233.60693359375,233.60693359375,1400,0.0,0.0
2008-12-26 00:00:00+09:00,233.60693359375,233.60693359375,232.82824381510417,233.60693359375,2400,0.0,0.0
2008-12-29 00:00:00+09:00,233.60693359375,233.60693359375,232.82824381510417,233.60693359375,5700,0.0,0.0
2008-12-30 00:00:00+09:00,233.60693359375,233.60693359375,232.82824381510417,233.60693359375,6000,0.0,0.0
2009-01-05 00:00:00+09:00,233.60693359375,233.60693359375,232.82824381510417,233.60693359375,14000,0.0,0.0
2009-01-06 00:00:00+09:00,232.82824381510417,233.60693359375,232.82824381510417,233.60693359375,5200,0.0,0.0
2009-01-07 00:00:00+09:00,233.60693359375,233.60693359375,232.82824381510417,233.60693359375,4500,0.0,0.0
2009-01-08 00:00:00+09:00,233.6069656630694,233.6069656630694,228.93482634980802,229.71351623535156,12500,0.0,0.0
2009-01-09 00:00:00+09:00,229.71351623535156,231.2708960064387,228.93482634980802,229.71351623535156,4500,0.0,0.0
2009-01-13 00:00:00+09:00,232.82827577752585,233.6069656630694,225.82006680763376,229.71351623535156,9300,0.0,0.0
2009-01-14 00:00:00+09:00,229.71351623535156,229.71351623535156,221.14792749437237,229.71351623535156,4900,0.0,0.0
2009-01-15 00:00:00+09:00,225.8200802098435,228.15615000511772,225.8200802098435,226.59877014160156,1100,0.0,0.0
2009-01-16 00:00:00+09:00,229.71351623535156,229.71351623535156,229.71351623535156,229.71351623535156,3400,0.0,0.0
2009-01-19 00:00:00+09:00,229.71351623535156,229.71351623535156,228.93482634980802,229.71351623535156,2700,0.0,0.0
2009-01-20 00:00:00+09:00,228.9348279229526,228.9348279229526,224.2626885775862,225.820068359375,7200,0.0,0.0
2009-01-21 00:00:00+09:00,225.8200411153087,225.8200411153087,225.04135131835938,225.04135131835938,2400,0.0,0.0
2009-01-22 00:00:00+09:00,225.820068359375,225.820068359375,225.04137846848062,225.820068359375,2500,0.0,0.0
2009-01-23 00:00:00+09:00,225.820068359375,225.820068359375,224.2626885775862,225.820068359375,4500,0.0,0.0
2009-01-26 00:00:00+09:00,228.15613803205818,228.15613803205818,225.04137846848062,225.820068359375,1500,0.0,0.0
2009-01-27 00:00:00+09:00,225.8200411153087,225.8200411153087,225.04135131835938,225.04135131835938,2400,0.0,0.0
2009-01-28 00:00:00+09:00,225.8200411153087,225.8200411153087,225.04135131835938,225.04135131835938,4700,0.0,0.0
2009-01-29 00:00:00+09:00,228.93483309696964,228.93483309696964,227.37745327998346,228.15614318847656,1600,0.0,0.0
2009-01-30 00:00:00+09:00,228.93482634980802,229.71351623535156,225.82006680763376,229.71351623535156,6500,0.0,0.0
2009-02-02 00:00:00+09:00,229.71348470052084,239.83645182291667,228.15610514322915,233.60693359375,4700,0.0,0.0
2009-02-03 00:00:00+09:00,237.50038248697916,237.50038248697916,232.82824381510417,233.60693359375,3500,0.0,0.0
2009-02-04 00:00:00+09:00,235.16435077679662,239.83649019620316,235.16435077679662,239.05780029296875,3900,0.0,0.0
2009-02-05 00:00:00+09:00,241.3938425101486,241.3938425101486,237.50039343740426,238.27908325195312,9000,0.0,0.0
2009-02-06 00:00:00+09:00,246.0659813974418,246.0659813974418,238.27908325195312,238.27908325195312,7300,0.0,0.0
2009-02-09 00:00:00+09:00,240.6151800994376,242.95124980914088,238.2791103897343,239.05780029296875,5200,0.0,0.0
2009-02-10 00:00:00+09:00,245.28729498190958,245.28729498190958,237.50039672851562,237.50039672851562,15200,0.0,0.0
2009-02-12 00:00:00+09:00,239.83645182291667,239.83645182291667,232.04955403645835,233.60693359375,22700,0.0,0.0
2009-02-13 00:00:00+09:00,233.60693359375,237.50038248697916,226.5987255859375,233.60693359375,26700,0.0,0.0
2009-02-16 00:00:00+09:00,226.59875825026938,233.60696726831895,221.92661890490302,225.820068359375,133400,0.0,0.0
2009-02-17 00:00:00+09:00,210.24624528556035,216.47576366439176,199.34458812260536,203.238037109375,58200,0.0,0.0
2009-02-18 00:00:00+09:00,198.56591212896652,200.90198168342496,186.88556435667437,189.2216339111328,16900,0.0,0.0
2009-02-19 00:00:00+09:00,187.66425420816051,194.6724628715358,185.3281846537021,189.2216339111328,10700,0.0,0.0
2009-02-20 00:00:00+09:00,188.44294405964666,193.89377302004965,188.44294405964666,189.2216339111328,7100,0.0,0.0
2009-02-23 00:00:00+09:00,181.43473285177478,181.43473285177478,172.86914460555366,179.09866333007812,29400,0.0,0.0
2009-02-24 00:00:00+09:00,173.647832482262,178.31997147281612,172.86914265050297,175.98390197753906,10500,0.0,0.0
2009-02-25 00:00:00+09:00,176.76259180929807,177.5412816410571,175.20521214578005,175.98390197753906,2700,0.0,0.0
2009-02-26 00:00:00+09:00,183.7707703935339,183.7707703935339,175.20518363790308,182.99208068847656,3500,0.0,0.0
2009-02-27 00:00:00+09:00,177.541283648947,182.21342269234034,175.20521412725031,179.09866333007812,4100,0.0,0.0
2009-03-02 00:00:00+09:00,178.31996938344594,178.31996938344594,172.869140625,172.869140625,2600,0.0,0.0
2009-03-03 00:00:00+09:00,173.64785088433158,175.20523071289062,172.86916097005206,175.20523071289062,2200,0.0,0.0
2009-03-04 00:00:00+09:00,175.98392230038039,179.09868198711277,172.0904726919649,178.3199920654297,5400,0.0,0.0
2009-03-05 00:00:00+09:00,182.21342269234034,182.9921125329059,179.09866333007812,179.09866333007812,7400,0.0,0.0
2009-03-06 00:00:00+09:00,180.65603637695312,180.65603637695312,178.31996694104424,180.65603637695312,1900,0.0,0.0
2009-03-09 00:00:00+09:00,175.98389750513536,182.99210581286198,175.98389750513536,180.65603637695312,2100,0.0,0.0
2009-03-10 00:00:00+09:00,186.10683950870595,186.10683950870595,181.43470127836187,182.99208068847656,4800,0.0,0.0
2009-03-11 00:00:00+09:00,183.7707956248316,185.32817524877086,180.65603637695312,180.65603637695312,2300,0.0,0.0
2009-03-12 00:00:00+09:00,182.21341933213273,182.21341933213273,179.87734985351562,179.87734985351562,900,0.0,0.0
2009-03-13 00:00:00+09:00,179.87734776971624,186.1068663071956,175.98389868379167,176.76258850097656,3200,0.0,0.0
2009-03-16 00:00:00+09:00,176.76259380838144,179.09866333007812,175.98390396781588,179.09866333007812,3600,0.0,0.0
2009-03-17 00:00:00+09:00,176.76261054144965,179.09868028428818,174.4265407986111,175.20523071289062,6100,0.0,0.0
2009-03-18 00:00:00+09:00,175.20517646719554,177.54124548675816,169.7543487548828,169.7543487548828,8700,0.0,0.0
2009-03-19 00:00:00+09:00,167.4183034029874,173.64782166914506,166.6396136197177,171.31175231933594,5300,0.0,0.0
2009-03-23 00:00:00+09:00,169.75442376537856,172.0904938171957,166.63966369628906,166.63966369628906,7600,0.0,0.0
2009-03-24 00:00:00+09:00,169.75437380768534,170.53306359579398,163.52485550281614,167.41830444335938,13600,0.0,0.0
2009-03-25 00:00:00+09:00,167.41832267947314,167.41832267947314,155.7379745855564,159.6314239501953,28400,0.0,0.0
2009-03-26 00:00:00+09:00,157.2953626844618,158.85274251302081,149.50846354166666,154.18060302734375,27200,0.0,0.0
2009-03-27 00:00:00+09:00,154.18057904924663,155.73795863560267,148.72975049700054,152.62319946289062,18600,0.0,0.0
2009-03-30 00:00:00+09:00,154.95927101135254,155.7379608154297,153.40189140319822,155.7379608154297,5000,0.0,0.0
2009-03-31 00:00:00+09:00,156.51665061950683,158.07403022766113,155.7379608154297,155.7379608154297,2200,0.0,0.0
2009-04-01 00:00:00+09:00,155.7379608154297,157.29534042358398,155.7379608154297,155.7379608154297,900,0.0,0.0
2009-04-02 00:00:00+09:00,156.51662576609644,159.6313844878098,156.51662576609644,158.07400512695312,5000,0.0,0.0
2009-04-03 00:00:00+09:00,156.51665061950683,158.07403022766113,155.7379608154297,155.7379608154297,8900,0.0,0.0
2009-04-06 00:00:00+09:00,159.6313844878098,162.74614320952318,156.51662576609644,158.07400512695312,9900,0.0,0.0
2009-04-07 00:00:00+09:00,156.51665061950683,158.07403022766113,155.7379608154297,155.7379608154297,3800,0.0,0.0
2009-04-08 00:00:00+09:00,155.7379608154297,155.7379608154297,155.7379608154297,155.7379608154297,3400,0.0,0.0
2009-04-09 00:00:00+09:00,155.73795755111163,156.5166473388672,154.95926776335608,156.5166473388672,4400,0.0,0.0
2009-04-10 00:00:00+09:00,161.1887638486665,161.1887638486665,157.2953154465248,158.07400512695312,4200,0.0,0.0
2009-04-13 00:00:00+09:00,160.4101017970665,160.4101017970665,158.07403235341988,158.85272216796875,1300,0.0,0.0
2009-04-14 00:00:00+09:00,160.4101017970665,160.4101017970665,156.51665272432214,158.85272216796875,3000,0.0,0.0
2009-04-15 00:00:00+09:00,156.51665061950683,156.51665061950683,154.95927101135254,155.7379608154297,3200,0.0,0.0
2009-04-16 00:00:00+09:00,154.95924377441406,155.73793344162218,154.95924377441406,154.95924377441406,2000,0.0,0.0
2009-04-17 00:00:00+09:00,155.73795755111163,156.5166473388672,154.18057797560053,156.5166473388672,2500,0.0,0.0
2009-04-20 00:00:00+09:00,154.95927101135254,155.7379608154297,154.95927101135254,155.7379608154297,3100,0.0,0.0
2009-04-21 00:00:00+09:00,154.95924377441406,155.73793344162218,154.18055410720595,154.95924377441406,5400,0.0,0.0
2009-04-22 00:00:00+09:00,154.95924377441406,154.95924377441406,154.18055410720595,154.95924377441406,2700,0.0,0.0
2009-04-23 00:00:00+09:00,154.18056042666362,154.9592501257882,153.40187072753906,153.40187072753906,2600,0.0,0.0
2009-04-24 00:00:00+09:00,153.40186443999784,155.73793344162218,152.62317477278972,154.95924377441406,4400,0.0,0.0
2009-04-27 00:00:00+09:00,155.73798285590277,155.73798285590277,153.40191311306424,154.18060302734375,900,0.0,0.0
2009-04-28 00:00:00+09:00,155.7379608154297,156.51665061950683,155.7379608154297,155.7379608154297,2500,0.0,0.0
2009-04-30 00:00:00+09:00,155.7379608154297,156.51665061950683,154.95927101135254,155.7379608154297,3400,0.0,0.0
2009-05-01 00:00:00+09:00,157.2953643798828,157.2953643798828,155.73798453453745,157.2953643798828,2500,0.0,0.0
2009-05-07 00:00:00+09:00,159.63143414790088,162.74619383859164,156.51667445721014,157.2953643798828,8900,0.0,0.0
2009-05-08 00:00:00+09:00,159.6314173159392,161.1887969970703,159.6314173159392,161.1887969970703,2200,0.0,0.0
2009-05-11 00:00:00+09:00,163.52485985276803,163.52485985276803,161.96748023512262,162.7461700439453,3500,0.0,0.0
2009-05-12 00:00:00+09:00,165.08223615373882,165.08223615373882,163.5248565673828,163.5248565673828,2000,0.0,0.0
2009-05-13 00:00:00+09:00,164.30352783203125,165.86090724276139,162.7461484213011,164.30352783203125,1900,0.0,0.0
2009-05-14 00:00:00+09:00,163.52485985276803,163.52485985276803,162.7461700439453,162.7461700439453,3400,0.0,0.0
2009-05-15 00:00:00+09:00,163.52489202794894,165.8609619140625,163.52489202794894,165.8609619140625,3600,0.0,0.0
2009-05-18 00:00:00+09:00,167.41830444335938,167.41830444335938,165.8609248671421,167.41830444335938,2500,0.0,0.0
2009-05-19 00:00:00+09:00,165.8609619140625,167.41834183813822,164.3035819899868,165.8609619140625,2400,0.0,0.0
2009-05-20 00:00:00+09:00,165.8609216478136,168.19699096679688,165.08223187481914,168.19699096679688,1500,0.0,0.0
2009-05-21 00:00:00+09:00,168.9756622314453,171.31173129455286,168.9756622314453,168.9756622314453,2300,0.0,0.0
2009-05-22 00:00:00+09:00,171.31175231933594,171.31175231933594,170.53306253606624,171.31175231933594,1600,0.0,0.0
2009-05-25 00:00:00+09:00,174.42651581345945,177.54127502441406,172.8691362079821,177.54127502441406,7900,0.0,0.0
2009-05-26 00:00:00+09:00,181.43472826682915,183.7707977294922,181.43472826682915,183.7707977294922,4300,0.0,0.0
2009-05-27 00:00:00+09:00,189.22161641779306,189.22161641779306,182.99209818181632,186.1068572998047,5200,0.0,0.0
2009-05-28 00:00:00+09:00,189.221623094776,189.221623094776,181.43472502503212,184.5494842529297,6700,0.0,0.0
2009-05-29 00:00:00+09:00,186.10686719215522,186.10686719215522,181.43472826682915,183.7707977294922,2900,0.0,0.0
2009-06-01 00:00:00+09:00,182.99210463898092,184.5494842529297,182.99210463898092,184.5494842529297,2600,0.0,0.0
2009-06-02 00:00:00+09:00,186.106854057312,186.8855438232422,182.9920949935913,186.8855438232422,6400,0.0,0.0
2009-06-03 00:00:00+09:00,187.6642575224569,189.2216372529337,187.6642575224569,188.4429473876953,2400,0.0,0.0
2009-06-04 00:00:00+09:00,189.22160897603848,191.55767822265625,188.4429192271659,191.55767822265625,6800,0.0,0.0
2009-06-05 00:00:00+09:00,194.67245248647836,210.2462486853966,194.67245248647836,202.4593505859375,20300,0.0,0.0
2009-06-08 00:00:00+09:00,202.45936769427675,211.80364620324337,199.34460819128788,205.57412719726562,5600,0.0,0.0
2009-06-09 00:00:00+09:00,206.35280842089472,207.91018810709016,204.01673889160156,204.01673889160156,3200,0.0,0.0
2009-06-10 00:00:00+09:00,210.24627519087358,214.91841463955964,206.35282565030184,214.1397247314453,5200,0.0,0.0
2009-06-11 00:00:00+09:00,211.02495335488422,214.1397128139969,207.91019389577156,213.36102294921875,2700,0.0,0.0
2009-06-12 00:00:00+09:00,212.58233308444056,213.36102294921875,208.68888376054971,213.36102294921875,3100,0.0,0.0
2009-06-15 00:00:00+09:00,213.36102294921875,215.69709254355325,212.58233308444056,213.36102294921875,1800,0.0,0.0
2009-06-16 00:00:00+09:00,213.36102630279876,213.36102630279876,207.91019716367614,212.58233642578125,1300,0.0,0.0
2009-06-17 00:00:00+09:00,211.80362265048433,211.80362265048433,206.35279412639096,211.02493286132812,3300,0.0,0.0
2009-06-18 00:00:00+09:00,209.4675750732422,210.24626494340293,206.35281559259917,209.4675750732422,1300,0.0,0.0
2009-06-19 00:00:00+09:00,209.46754879099336,209.46754879099336,204.79541015625,204.79541015625,2700,0.0,0.0
2009-06-22 00:00:00+09:00,204.79539560717205,204.79539560717205,200.12325730434682,200.90194702148438,2400,0.0,0.0
2009-06-23 00:00:00+09:00,198.56591796875,200.1232977175245,198.56591796875,198.56591796875,1100,0.0,0.0
2009-06-24 00:00:00+09:00,207.91019682450727,208.6888867002545,200.9019879427823,205.57412719726562,6000,0.0,0.0
2009-06-25 00:00:00+09:00,209.46755751743112,218.0331453713038,209.46755751743112,217.25445556640625,7200,0.0,0.0
2009-06-26 00:00:00+09:00,219.59057755903763,224.26271750710228,218.03319757634944,222.70533752441406,9300,0.0,0.0
2009-06-29 00:00:00+09:00,220.3692370803778,220.3692370803778,210.24626859258657,215.6970977783203,6900,0.0,0.0
2009-06-30 00:00:00+09:00,215.69705520851025,218.03312439849412,214.91836547851562,214.91836547851562,4700,0.0,0.0
2009-07-01 00:00:00+09:00,211.02494032605946,218.0331486763714,211.02494032605946,216.47576904296875,5200,0.0,0.0
2009-07-02 00:00:00+09:00,216.47575804766487,219.59051715626435,211.80361938476562,211.80361938476562,5800,0.0,0.0
2009-07-03 00:00:00+09:00,211.80363856724333,218.0331573486328,211.80363856724333,218.0331573486328,2500,0.0,0.0
2009-07-06 00:00:00+09:00,219.5905249810988,221.14790459089383,217.25445556640628,217.25445556640625,7100,0.0,0.0
2009-07-07 00:00:00+09:00,221.14788818359375,221.14788818359375,218.03312919509244,221.14788818359375,2900,0.0,0.0
2009-07-08 00:00:00+09:00,219.5905490210048,221.926618691441,214.91840968013233,218.81185913085938,11800,0.0,0.0
2009-07-09 00:00:00+09:00,218.03317767571224,221.92662727706426,218.03317767571224,220.36924743652344,7300,0.0,0.0
2009-07-10 00:00:00+09:00,223.48400711760505,224.26269703787545,220.36924743652344,220.36924743652344,4500,0.0,0.0
2009-07-13 00:00:00+09:00,217.25444782481475,217.25444782481475,211.80361938476562,211.80361938476562,5500,0.0,0.0
2009-07-14 00:00:00+09:00,210.24624633789062,211.02493613914206,210.24624633789062,210.24624633789062,2400,0.0,0.0
2009-07-15 00:00:00+09:00,210.24626679472868,216.4757858108688,207.91019716367614,212.58233642578125,1200,0.0,0.0
2009-07-16 00:00:00+09:00,214.1396920179529,214.1396920179529,210.24624307217195,211.02493286132812,1300,0.0,0.0
2009-07-17 00:00:00+09:00,211.02494747948103,211.02494747948103,202.45935920540614,204.01673889160156,1000,0.0,0.0
2009-07-21 00:00:00+09:00,200.9019879427823,207.91019682450727,200.9019879427823,205.57412719726562,1900,0.0,0.0
2009-07-22 00:00:00+09:00,209.46756311672837,209.46756311672837,205.57411398816467,208.68887329101562,600,0.0,0.0
2009-07-23 00:00:00+09:00,210.24625294244112,210.24625294244112,208.68887329101562,208.68887329101562,400,0.0,0.0
2009-07-24 00:00:00+09:00,209.46756311672837,209.46756311672837,207.9101834653029,208.68887329101562,1000,0.0,0.0
2009-07-27 00:00:00+09:00,207.13147947362168,208.68885901853614,200.9019612939639,204.79541015625,9400,0.0,0.0
2009-07-28 00:00:00+09:00,204.79541015625,204.79541015625,202.45934083887835,204.79541015625,800,0.0,0.0
2009-07-29 00:00:00+09:00,209.4675750732422,209.4675750732422,205.57412572243842,209.4675750732422,2600,0.0,0.0
2009-07-30 00:00:00+09:00,206.35280381387741,208.68887329101562,206.35280381387741,208.68887329101562,200,0.0,0.0
2009-07-31 00:00:00+09:00,207.1314881027386,221.14790459089383,204.01672888314855,217.25445556640625,7200,0.0,0.0
2009-08-03 00:00:00+09:00,219.5905054995888,225.0413336502878,219.5905054995888,221.92657470703125,7200,0.0,0.0
2009-08-04 00:00:00+09:00,223.48397172446067,225.04135131835938,219.59052273971398,225.04135131835938,3400,0.0,0.0
2009-08-05 00:00:00+09:00,225.04137846848062,226.59875825026938,224.2626885775862,225.820068359375,6500,0.0,0.0
2009-08-06 00:00:00+09:00,225.82009748979047,225.82009748979047,222.70533752441406,222.70533752441406,700,0.0,0.0
2009-08-07 00:00:00+09:00,221.92662727706426,222.70531719733464,220.36924743652344,220.36924743652344,1500,0.0,0.0
2009-08-10 00:00:00+09:00,224.26266479492188,225.82004441155328,221.9265953699748,224.26266479492188,2600,0.0,0.0
2009-08-11 00:00:00+09:00,223.48399353027344,224.2626834032012,223.48399353027344,223.48399353027344,400,0.0,0.0
2009-08-12 00:00:00+09:00,224.2626834032012,225.041373276129,223.48399353027344,223.48399353027344,1700,0.0,0.0
2009-08-13 00:00:00+09:00,224.2626834032012,225.041373276129,223.48399353027344,223.48399353027344,3300,0.0,0.0
2009-08-14 00:00:00+09:00,224.2626834032012,225.041373276129,221.1479239114901,223.48399353027344,2800,0.0,0.0
2009-08-17 00:00:00+09:00,223.48397951599551,223.48397951599551,219.5905303955078,219.5905303955078,2500,0.0,0.0
2009-08-18 00:00:00+09:00,219.5905054995888,222.7052644428454,218.03312602796052,221.92657470703125,3100,0.0,0.0
2009-08-19 00:00:00+09:00,221.92657470703125,221.92657470703125,221.14788497121708,221.92657470703125,900,0.0,0.0
2009-08-20 00:00:00+09:00,224.26264391447367,227.37740285773026,221.92657470703125,221.92657470703125,1700,0.0,0.0
2009-08-21 00:00:00+09:00,221.1479239114901,223.48399353027344,220.36923403856233,223.48399353027344,1400,0.0,0.0
2009-08-24 00:00:00+09:00,223.48402751575816,223.48402751575816,221.92664753306997,222.70533752441406,1400,0.0,0.0
2009-08-25 00:00:00+09:00,222.7052644428454,222.7052644428454,220.36919523540294,221.92657470703125,800,0.0,0.0
2009-08-26 00:00:00+09:00,221.92657793071908,221.92657793071908,221.14788818359375,221.14788818359375,500,0.0,0.0
2009-08-27 00:00:00+09:00,221.92657793071908,222.7052676778444,221.14788818359375,221.14788818359375,1000,0.0,0.0
2009-08-28 00:00:00+09:00,220.36926755038175,222.70533752441406,220.36926755038175,222.70533752441406,600,0.0,0.0
2009-08-31 00:00:00+09:00,221.92657470703125,222.7052644428454,221.92657470703125,221.92657470703125,1100,0.0,0.0
2009-09-02 00:00:00+09:00,217.25445556640628,218.8118351762013,214.91838615171372,217.25445556640625,3400,0.0,0.0
2009-09-03 00:00:00+09:00,215.69707595661123,217.25445556640628,215.69707595661123,217.25445556640625,1100,0.0,0.0
2009-09-04 00:00:00+09:00,218.0331507473127,219.5905303955078,217.25446092321516,219.5905303955078,1800,0.0,0.0
2009-09-07 00:00:00+09:00,223.48392766885482,246.84461697221943,218.8117898081819,243.7298583984375,26400,0.0,0.0
2009-09-08 00:00:00+09:00,239.83644612630206,256.9676208496094,239.05775636615175,256.9676208496094,14400,0.0,0.0
2009-09-09 00:00:00+09:00,245.28729158289292,245.28729158289292,234.3856341792088,238.27908325195312,3200,0.0,0.0
2009-09-10 00:00:00+09:00,243.72991533123079,244.50860515657018,237.50039672851562,237.50039672851562,3200,0.0,0.0
2009-09-11 00:00:00+09:00,235.94301707783683,243.72991533123079,235.94301707783683,237.50039672851562,1600,0.0,0.0
2009-09-14 00:00:00+09:00,237.50039672851562,240.6151560298732,237.50039672851562,237.50039672851562,700,0.0,0.0
2009-09-15 00:00:00+09:00,238.27908531927292,242.17253442579698,238.27908531927292,241.3938446044922,2100,0.0,0.0
2009-09-16 00:00:00+09:00,243.7299140684066,245.28729371101625,241.39384460449216,241.3938446044922,3600,0.0,0.0
2009-09-17 00:00:00+09:00,239.05772053776457,243.7298583984375,238.27903089431908,243.7298583984375,1000,0.0,0.0
2009-09-18 00:00:00+09:00,237.5003412508736,243.7298583984375,237.5003412508736,243.7298583984375,1600,0.0,0.0
2009-09-21 00:00:00+09:00,243.7298583984375,243.7298583984375,243.7298583984375,243.7298583984375,0,0.0,0.0
2009-09-24 00:00:00+09:00,243.7298583984375,243.7298583984375,238.27903089431908,243.7298583984375,1500,0.0,0.0
2009-09-25 00:00:00+09:00,243.72989492705375,256.9676208496094,239.05775636615175,256.9676208496094,19800,0.0,0.0
2009-09-28 00:00:00+09:00,306.80378622637534,311.4759251029192,233.60694382718935,260.0823974609375,67800,0.0,0.0
2009-09-29 00:00:00+09:00,241.39384664547669,244.50860595703122,235.1643280223676,244.50860595703125,12000,0.0,0.0
2009-09-30 00:00:00+09:00,249.18075607902736,256.18896484375,245.28730676529256,256.18896484375,4400,0.0,0.0
2009-10-01 00:00:00+09:00,235.1643218994141,240.61515055271175,234.38563209180012,235.16432189941406,9300,0.0,0.0
2009-10-02 00:00:00+09:00,235.16434543415653,236.72172520524367,221.92661737991594,229.71351623535156,6000,0.0,0.0
2009-10-05 00:00:00+09:00,214.13966405351823,232.82821655273438,214.13966405351823,232.82821655273438,8700,0.0,0.0
2009-10-06 00:00:00+09:00,228.15613646426445,229.71351623535156,223.48399715100305,229.71351623535156,1200,0.0,0.0
2009-10-07 00:00:00+09:00,229.71348470052084,233.60693359375,229.71348470052084,233.60693359375,500,0.0,0.0
2009-10-08 00:00:00+09:00,236.7217339409722,245.28732299804685,235.9430440266927,245.28732299804688,5000,0.0,0.0
2009-10-09 00:00:00+09:00,245.28732803632627,250.73815754824463,245.28732803632627,247.62339782714844,2100,0.0,0.0
2009-10-13 00:00:00+09:00,254.6315378665924,254.6315378665924,246.8446406841278,249.1807098388672,2500,0.0,0.0
2009-10-14 00:00:00+09:00,246.8446502685547,246.8446502685547,246.8446502685547,246.8446502685547,100,0.0,0.0
2009-10-15 00:00:00+09:00,248.40203857421878,248.40203857421878,248.40203857421878,248.40203857421875,100,0.0,0.0
2009-10-16 00:00:00+09:00,247.62335861785502,247.62335861785502,241.39384016205992,246.06597900390625,600,0.0,0.0
2009-10-19 00:00:00+09:00,239.83645303966932,240.61514282226562,239.83645303966932,240.61514282226562,1100,0.0,0.0
2009-10-20 00:00:00+09:00,235.1643305326763,241.39384922228362,235.1643305326763,236.72171020507812,2100,0.0,0.0
2009-10-21 00:00:00+09:00,233.60694679054052,233.60694679054052,226.59873838682432,230.4921875,4200,0.0,0.0
2009-10-22 00:00:00+09:00,229.713457802865,234.38559592766904,229.713457802865,232.82821655273438,4500,0.0,0.0
2009-10-23 00:00:00+09:00,235.16432399375768,238.27908325195312,235.16432399375768,238.27908325195312,2700,0.0,0.0
2009-10-26 00:00:00+09:00,236.72168291047853,236.72168291047853,232.8282341783983,235.9429931640625,1600,0.0,0.0
2009-10-27 00:00:00+09:00,236.72169270833334,236.72169270833334,233.60693359375,233.60693359375,1400,0.0,0.0
2009-10-28 00:00:00+09:00,231.27085876464844,231.27085876464844,230.4921690044981,231.27085876464844,1000,0.0,0.0
2009-10-29 00:00:00+09:00,231.27090282244893,231.27090282244893,228.15614318847656,228.15614318847656,2500,0.0,0.0
2009-10-30 00:00:00+09:00,231.27088135167173,237.50040004127905,231.27088135167173,236.72171020507812,5000,0.0,0.0
2009-11-02 00:00:00+09:00,233.6069062402017,236.72166499007108,229.713457802865,232.82821655273438,3100,0.0,0.0
2009-11-04 00:00:00+09:00,235.94301707783683,237.50039672851562,233.60694760181863,237.50039672851562,2500,0.0,0.0
2009-11-05 00:00:00+09:00,241.3938108977781,242.1725006103516,233.60691377204333,242.17250061035156,6000,0.0,0.0
2009-11-06 00:00:00+09:00,242.172535680552,242.172535680552,235.16432725249743,237.50039672851562,600,0.0,0.0
2009-11-09 00:00:00+09:00,237.5003891503251,237.5003891503251,232.04956054687503,232.049560546875,2200,0.0,0.0
2009-11-10 00:00:00+09:00,242.17252795328233,242.17252795328233,232.04956054687503,232.049560546875,3300,0.0,0.0
2009-11-11 00:00:00+09:00,233.60694228418618,235.94301170702803,232.04956266895826,235.16432189941406,800,0.0,0.0
2009-11-12 00:00:00+09:00,231.27087074638214,232.04956054687503,231.27087074638214,232.049560546875,1300,0.0,0.0
2009-11-13 00:00:00+09:00,231.27087732263513,231.27087732263513,230.4921875,230.4921875,600,0.0,0.0
2009-11-16 00:00:00+09:00,230.49220950587267,230.49220950587267,228.93482971191406,228.93482971191406,1700,0.0,0.0
2009-11-17 00:00:00+09:00,228.15611596303444,228.15611596303444,227.37742614746094,227.37742614746094,800,0.0,0.0
2009-11-18 00:00:00+09:00,227.37740285773026,227.37740285773026,221.92657470703125,221.92657470703125,2500,0.0,0.0
2009-11-19 00:00:00+09:00,228.15611596303444,228.15611596303444,227.37742614746094,227.37742614746094,400,0.0,0.0
2009-11-20 00:00:00+09:00,221.92662063910038,228.93482971191406,221.14793074212108,228.93482971191406,600,0.0,0.0
2009-11-24 00:00:00+09:00,228.156130380004,228.156130380004,212.58233308444056,213.36102294921875,1500,0.0,0.0
2009-11-25 00:00:00+09:00,213.3610122452921,228.934808759547,208.68887329101562,208.68887329101562,2100,0.0,0.0
2009-11-26 00:00:00+09:00,209.46758065059268,225.820068359375,208.68889075969827,225.820068359375,800,0.0,0.0
2009-11-27 00:00:00+09:00,222.70529643467495,222.70529643467495,216.47577765328543,218.0331573486328,400,0.0,0.0
2009-11-30 00:00:00+09:00,216.47576904296875,216.47576904296875,216.47576904296875,216.47576904296875,1900,0.0,0.0
2009-12-01 00:00:00+09:00,214.91839795793805,218.0331573486328,214.13970811026437,218.0331573486328,1000,0.0,0.0
2009-12-02 00:00:00+09:00,219.59055751625303,220.36924743652344,216.47579783517145,220.36924743652344,600,0.0,0.0
2009-12-03 00:00:00+09:00,220.36921780729946,227.37742614746094,220.36921780729946,227.37742614746094,1100,0.0,0.0
2009-12-04 00:00:00+09:00,228.15611764231033,241.39384460449216,228.15611764231033,241.3938446044922,3900,0.0,0.0
2009-12-07 00:00:00+09:00,249.18072324810606,249.18072324810606,227.37740996389678,231.27085876464844,10200,0.0,0.0
2009-12-08 00:00:00+09:00,236.72166499007108,236.72166499007108,232.82821655273438,232.82821655273438,500,0.0,0.0
2009-12-09 00:00:00+09:00,232.8282895956662,232.8282895956662,226.59877014160156,226.59877014160156,1400,0.0,0.0
2009-12-10 00:00:00+09:00,233.60697254792822,233.60697254792822,228.15614318847656,228.15614318847656,2100,0.0,0.0
2009-12-11 00:00:00+09:00,227.3774499179555,232.82827919681057,227.3774499179555,228.93482971191406,2100,0.0,0.0
2009-12-14 00:00:00+09:00,227.37741536458333,233.60693359375,227.37741536458333,233.60693359375,1200,0.0,0.0
2009-12-15 00:00:00+09:00,234.38560485839844,234.38560485839844,226.59870768702308,234.38560485839844,900,0.0,0.0
2009-12-16 00:00:00+09:00,235.16428561513638,235.16428561513638,232.82821655273438,232.82821655273438,300,0.0,0.0
2009-12-17 00:00:00+09:00,231.27087074638214,232.04956054687503,231.27087074638214,232.049560546875,200,0.0,0.0
2009-12-18 00:00:00+09:00,232.04956054687503,235.16431974884648,230.4921809458893,232.049560546875,1400,0.0,0.0
2009-12-21 00:00:00+09:00,233.6069656630694,233.6069656630694,227.37744657872088,229.71351623535156,1800,0.0,0.0
2009-12-22 00:00:00+09:00,227.37744657872088,229.71351623535156,226.5987566931773,229.71351623535156,2000,0.0,0.0
2009-12-24 00:00:00+09:00,228.1561398149348,229.71351960889336,228.1561398149348,228.93482971191406,1900,0.0,0.0
2009-12-25 00:00:00+09:00,228.93482971191406,229.71351960889336,226.5987600209762,228.93482971191406,1400,0.0,0.0
2009-12-28 00:00:00+09:00,228.93482634980802,232.82827577752585,228.93482634980802,229.71351623535156,6300,0.0,0.0
2009-12-29 00:00:00+09:00,229.71351960889336,235.16434888774847,228.93482971191406,228.93482971191406,5800,0.0,0.0
2009-12-30 00:00:00+09:00,232.82824381510417,233.60693359375,230.49217447916666,233.60693359375,2600,0.0,0.0
2010-01-04 00:00:00+09:00,233.60694228418618,235.1643218994141,232.8282524765722,235.16432189941406,2100,0.0,0.0
2010-01-05 00:00:00+09:00,245.28728939839547,245.28728939839547,232.8282524765722,235.16432189941406,7300,0.0,0.0
2010-01-06 00:00:00+09:00,236.72169270833334,236.72169270833334,233.60693359375,233.60693359375,1200,0.0,0.0
2010-01-07 00:00:00+09:00,233.6069528158609,239.8364715576172,233.6069528158609,239.8364715576172,7500,0.0,0.0
2010-01-08 00:00:00+09:00,240.61515269559973,242.95122213924634,234.3856341792088,238.27908325195312,4100,0.0,0.0
2010-01-12 00:00:00+09:00,244.50859959078153,244.50859959078153,235.1643218994141,235.16432189941406,4300,0.0,0.0
2010-01-13 00:00:00+09:00,241.39383260486196,241.39383260486196,240.61514282226562,240.61514282226562,300,0.0,0.0
2010-01-14 00:00:00+09:00,242.95123092849533,242.95123092849533,236.72171218673904,239.8364715576172,1200,0.0,0.0
2010-01-15 00:00:00+09:00,242.17251113539086,242.17251113539086,235.9429931640625,235.9429931640625,2300,0.0,0.0
2010-01-18 00:00:00+09:00,239.83649019620316,239.83649019620316,237.5004204864999,239.05780029296875,4500,0.0,0.0
2010-01-19 00:00:00+09:00,241.3938458552126,241.3938458552126,237.50039672851562,237.50039672851562,1100,0.0,0.0
2010-01-20 00:00:00+09:00,237.50036372694856,239.8364328783612,234.38560485839844,234.38560485839844,2200,0.0,0.0
2010-01-21 00:00:00+09:00,235.16432725249743,239.8364662045338,235.16432725249743,237.50039672851562,1200,0.0,0.0
2010-01-22 00:00:00+09:00,237.50040202945857,240.61516140033672,237.50040202945857,239.8364715576172,4000,0.0,0.0
2010-01-25 00:00:00+09:00,237.50039672851562,239.8364662045338,237.50039672851562,237.50039672851562,3500,0.0,0.0
2010-01-26 00:00:00+09:00,237.50040004127905,238.27908987747998,236.72171020507812,236.72171020507812,6500,0.0,0.0
2010-01-27 00:00:00+09:00,236.72173058326547,239.05780029296875,235.94304068003103,239.05780029296875,1400,0.0,0.0
2010-01-28 00:00:00+09:00,239.05780029296875,239.05780029296875,236.72173058326547,239.05780029296875,3300,0.0,0.0
2010-01-29 00:00:00+09:00,236.72169934983222,237.5003891503251,232.04956054687503,232.049560546875,13900,0.0,0.0
2010-02-01 00:00:00+09:00,232.82824381510417,236.72169270833334,232.82824381510417,233.60693359375,1400,0.0,0.0
2010-02-02 00:00:00+09:00,235.16431315104165,235.9430029296875,233.60693359375,233.60693359375,3500,0.0,0.0
2010-02-03 00:00:00+09:00,235.94302036887723,236.72171020507812,233.60695086027448,236.72171020507812,3800,0.0,0.0
2010-02-04 00:00:00+09:00,237.50039672851562,237.50039672851562,236.72170690317623,237.50039672851562,2100,0.0,0.0
2010-02-05 00:00:00+09:00,237.50040004127905,237.50040004127905,235.94302036887723,236.72171020507812,5800,0.0,0.0
2010-02-08 00:00:00+09:00,237.50039672851562,238.27908655385502,234.38563742715803,237.50039672851562,3400,0.0,0.0
2010-02-09 00:00:00+09:00,237.5003726568946,237.5003726568946,235.16430341764644,235.9429931640625,2400,0.0,0.0
2010-02-10 00:00:00+09:00,237.5003726568946,237.5003726568946,235.9429931640625,235.9429931640625,4700,0.0,0.0
2010-02-12 00:00:00+09:00,235.1643305326763,236.72171020507812,235.1643305326763,236.72171020507812,10400,0.0,0.0
2010-02-15 00:00:00+09:00,235.16431974884648,237.5003891503251,228.15611154441066,232.049560546875,42100,0.0,0.0
2010-02-16 00:00:00+09:00,226.59876337149038,233.60697254792822,226.59876337149038,228.15614318847656,93000,0.0,0.0
2010-02-17 00:00:00+09:00,219.85234732792293,235.6690629630253,213.525661073882,229.34237670898438,66000,4.5,0.0
2010-02-18 00:00:00+09:00,223.80650895125382,230.92403043733609,223.80650895125382,226.17901611328125,12900,0.0,0.0
2010-02-19 00:00:00+09:00,230.1332224138107,230.1332224138107,226.96987915039062,226.96987915039062,10300,0.0,0.0
2010-02-22 00:00:00+09:00,227.76068755463285,231.71486615801192,225.38818039260542,226.17901611328125,6000,0.0,0.0
2010-02-23 00:00:00+09:00,223.01572351647704,235.66909790039062,223.01572351647704,235.66909790039062,12100,0.0,0.0
2010-02-24 00:00:00+09:00,226.179040061103,230.9240548875597,225.38820425669354,227.76071166992188,5100,0.0,0.0
2010-02-25 00:00:00+09:00,235.66907524816767,235.66907524816767,229.34238866432423,230.1332244873047,3400,0.0,0.0
2010-02-26 00:00:00+09:00,230.9240108194576,234.87818908691406,230.9240108194576,234.87818908691406,1900,0.0,0.0
2010-03-01 00:00:00+09:00,230.13322448730466,231.71489613326554,230.13322448730466,230.1332244873047,1300,0.0,0.0
2010-03-02 00:00:00+09:00,229.34238866432423,230.13322448730466,228.5515528413438,230.1332244873047,1800,0.0,0.0
2010-03-03 00:00:00+09:00,231.7148895263672,231.7148895263672,230.9240537259359,231.7148895263672,500,0.0,0.0
2010-03-04 00:00:00+09:00,230.92404723086602,233.29655456542972,230.92404723086602,233.2965545654297,2100,0.0,0.0
2010-03-05 00:00:00+09:00,234.08742610240142,236.45993379938523,234.08742610240142,235.66909790039062,5900,0.0,0.0
2010-03-08 00:00:00+09:00,233.29656112722975,233.29656112722975,231.7148895263672,231.7148895263672,1300,0.0,0.0
2010-03-09 00:00:00+09:00,233.29655456542972,235.6690618999934,233.29655456542972,233.2965545654297,4000,0.0,0.0
2010-03-10 00:00:00+09:00,237.25073568797032,237.25073568797032,233.2965567598375,236.45989990234375,3200,0.0,0.0
2010-03-11 00:00:00+09:00,233.29655456542972,236.45989767818128,233.29655456542972,233.2965545654297,0,0.0,0.0
2010-03-12 00:00:00+09:00,231.7149014635151,232.5057373046875,231.7149014635151,232.5057373046875,1200,0.0,0.0
2010-03-15 00:00:00+09:00,236.45991651054953,236.45991651054953,232.5057373046875,232.5057373046875,800,0.0,0.0
2010-03-16 00:00:00+09:00,232.5057373046875,232.5057373046875,232.5057373046875,232.5057373046875,1300,0.0,0.0
2010-03-17 00:00:00+09:00,235.6690685285236,236.4599043289549,230.9240537259359,231.7148895263672,3600,0.0,0.0
2010-03-18 00:00:00+09:00,231.7148464729489,236.45986039389666,231.7148464729489,234.87818908691406,2100,0.0,0.0
2010-03-19 00:00:00+09:00,235.66902474040535,236.45986039389666,234.87818908691406,234.87818908691406,2600,0.0,0.0
2010-03-23 00:00:00+09:00,234.0874043782552,237.25074768066406,234.0874043782552,237.25074768066406,8000,0.0,0.0
2010-03-24 00:00:00+09:00,237.25065313700426,238.04148864746094,234.8781466056342,238.04148864746094,2600,0.0,0.0
2010-03-25 00:00:00+09:00,234.08742610240142,237.25076969837983,234.08742610240142,235.66909790039062,3900,0.0,0.0
2010-03-26 00:00:00+09:00,237.25074768066406,237.25074768066406,237.25074768066406,237.25074768066406,1900,0.0,0.0
2010-03-29 00:00:00+09:00,235.66909790039062,238.832441496369,235.66909790039062,235.66909790039062,1300,0.0,0.0
2010-03-30 00:00:00+09:00,238.04148864746094,238.83232415791764,238.04148864746094,238.04148864746094,700,0.0,0.0
2010-03-31 00:00:00+09:00,238.832424654819,240.41409634127476,238.0415888115911,239.62326049804688,5900,0.0,0.0
2010-04-01 00:00:00+09:00,240.41404095818015,241.99571228027344,240.41404095818015,241.99571228027344,4200,0.0,0.0
2010-04-02 00:00:00+09:00,241.99572685217169,245.94990539550784,240.41405543483722,245.9499053955078,8900,0.0,0.0
2010-04-05 00:00:00+09:00,249.1133082883754,249.1133082883754,242.78662109375,242.78662109375,10100,0.0,0.0
2010-04-06 00:00:00+09:00,243.57738360236675,243.57738360236675,241.99571228027344,241.99571228027344,1100,0.0,0.0
2010-04-07 00:00:00+09:00,241.20487976074222,242.78655110343558,241.20487976074222,241.2048797607422,2000,0.0,0.0
2010-04-08 00:00:00+09:00,241.99571805787318,244.36822509765625,240.41404669801778,244.36822509765625,9600,0.0,0.0
2010-04-09 00:00:00+09:00,241.99573635745358,245.15907931637454,241.20490061772335,243.57740783691406,12800,0.0,0.0
2010-04-12 00:00:00+09:00,245.1590658964043,254.64909425368447,245.1590658964043,250.69491577148438,12500,0.0,0.0
2010-04-13 00:00:00+09:00,253.85828524173544,268.88416505355156,253.85828524173544,266.51165771484375,21200,0.0,0.0
2010-04-14 00:00:00+09:00,260.1850241299333,278.3742507408405,260.1850241299333,275.2109069824219,11300,0.0,0.0
2010-04-15 00:00:00+09:00,276.00170495712865,276.00170495712865,268.8841824797242,269.6750183105469,4600,0.0,0.0
2010-04-16 00:00:00+09:00,269.67503871474156,272.04754638671875,268.8842028240825,272.04754638671875,2900,0.0,0.0
2010-04-19 00:00:00+09:00,268.88415851424224,268.88415851424224,268.09332275390625,268.09332275390625,2600,0.0,0.0
2010-04-20 00:00:00+09:00,263.34828758239746,267.30246607462567,263.34828758239746,265.7207946777344,1700,0.0,0.0
2010-04-21 00:00:00+09:00,265.7207946777344,265.7207946777344,265.7207946777344,265.7207946777344,200,0.0,0.0
2010-04-22 00:00:00+09:00,264.92995897928876,265.7207946777344,264.92995897928876,265.7207946777344,3400,0.0,0.0
2010-04-23 00:00:00+09:00,268.09334664890144,272.04752580301505,268.09334664890144,269.6750183105469,5700,0.0,0.0
2010-04-26 00:00:00+09:00,269.6749892752511,283.1191969517299,269.6749892752511,276.7925109863281,9800,0.0,0.0
2010-04-27 00:00:00+09:00,276.00166251834503,280.7466767736747,264.92996258924234,279.9558410644531,6100,0.0,0.0
2010-04-28 00:00:00+09:00,276.00167355007596,289.4458811442057,272.8383305867513,284.70086669921875,21600,0.0,0.0
2010-04-30 00:00:00+09:00,287.86423801731416,292.6092529296875,284.70089474239865,292.6092529296875,3900,0.0,0.0
2010-05-06 00:00:00+09:00,292.6091903295272,308.4259033203125,289.4458477313702,308.4259033203125,12500,0.0,0.0
2010-05-07 00:00:00+09:00,284.7009213096217,307.63516219289676,283.910085417095,300.51763916015625,9500,0.0,0.0
2010-05-10 00:00:00+09:00,300.51761597625966,308.42597429142444,294.1909293241279,306.053466796875,5000,0.0,0.0
2010-05-11 00:00:00+09:00,303.68095930232556,306.053466796875,297.3542726501938,306.053466796875,4000,0.0,0.0
2010-05-12 00:00:00+09:00,306.84423828125,308.4259096125966,298.93588162451675,306.84423828125,2500,0.0,0.0
2010-05-13 00:00:00+09:00,306.84424460613667,306.84424460613667,300.51755915034,305.2625732421875,700,0.0,0.0
2010-05-14 00:00:00+09:00,298.9358877863909,310.79842301600956,296.5633807404671,305.2625732421875,2700,0.0,0.0
2010-05-17 00:00:00+09:00,302.09927041474583,303.6809419875979,298.14509148261567,302.8901062011719,7000,0.0,0.0
2010-05-18 00:00:00+09:00,298.9359841346741,308.4260153770447,298.9359841346741,303.6809997558594,1700,0.0,0.0
2010-05-19 00:00:00+09:00,302.8901289022586,305.26263643935204,287.86424783400037,290.23675537109375,3900,0.0,0.0
2010-05-20 00:00:00+09:00,288.6550738360431,298.93593947951854,288.6550738360431,292.6092529296875,800,0.0,0.0
2010-05-21 00:00:00+09:00,280.74668320742524,287.0733690261841,272.8383259339766,278.3741760253906,7200,0.0,0.0
2010-05-24 00:00:00+09:00,288.6551347135507,291.81847865561696,285.4917907714844,285.4917907714844,700,0.0,0.0
2010-05-25 00:00:00+09:00,291.02760812327347,291.02760812327347,276.7925620737655,286.2825927734375,3800,0.0,0.0
2010-05-26 00:00:00+09:00,279.95583594878974,279.95583594878974,273.629150390625,273.629150390625,1100,0.0,0.0
2010-05-27 00:00:00+09:00,273.6291663275824,284.70086669921875,264.1391374376085,284.70086669921875,3000,0.0,0.0
2010-05-28 00:00:00+09:00,283.1191711425781,284.70084248974337,283.1191711425781,283.1191711425781,700,0.0,0.0
2010-05-31 00:00:00+09:00,276.7925382000089,277.5833740234375,276.7925382000089,277.5833740234375,200,0.0,0.0
2010-06-01 00:00:00+09:00,283.91003269740514,284.70086844308037,272.838332257952,276.7925109863281,1000,0.0,0.0
2010-06-02 00:00:00+09:00,287.86420475352895,287.86420475352895,278.3741760253906,278.3741760253906,1200,0.0,0.0
2010-06-03 00:00:00+09:00,285.4917024400499,291.8183883666992,281.53752373589407,284.70086669921875,1500,0.0,0.0
2010-06-04 00:00:00+09:00,284.7008883568549,296.56342537172384,284.7008883568549,294.19091796875,5200,0.0,0.0
2010-06-07 00:00:00+09:00,296.5634286885634,299.72677192790815,293.40008544921875,293.40008544921875,8800,0.0,0.0
2010-06-08 00:00:00+09:00,294.98175048828125,297.35425786486263,294.98175048828125,294.98175048828125,1200,0.0,0.0
2010-06-09 00:00:00+09:00,294.1908759445441,294.1908759445441,289.44586181640625,289.44586181640625,300,0.0,0.0
2010-06-10 00:00:00+09:00,298.93593947951854,298.93593947951854,292.6092529296875,292.6092529296875,1700,0.0,0.0
2010-06-11 00:00:00+09:00,293.4000927960431,298.9359436035156,287.0734061589317,298.9359436035156,2300,0.0,0.0
2010-06-14 00:00:00+09:00,299.7268032676295,305.26265451531657,298.9359673751028,300.51763916015625,800,0.0,0.0
2010-06-15 00:00:00+09:00,300.51765625,301.3084921875,296.5634765625,296.5634765625,2400,0.0,0.0
2010-06-16 00:00:00+09:00,296.56342634065885,302.09927696568445,296.56342634065885,301.3084411621094,1700,0.0,0.0
2010-06-17 00:00:00+09:00,302.09923051428916,305.2625732421875,302.09923051428916,305.2625732421875,1500,0.0,0.0
2010-06-18 00:00:00+09:00,305.2625732421875,308.4259159700858,304.4717375602129,305.2625732421875,6400,0.0,0.0
2010-06-21 00:00:00+09:00,307.63515564120945,310.7984991439468,307.63515564120945,309.2168273925781,9200,0.0,0.0
2010-06-22 00:00:00+09:00,308.4259323120117,322.66097534179687,308.4259323120117,316.33428955078125,12800,0.0,0.0
2010-06-23 00:00:00+09:00,315.5434586020077,322.6609802246094,312.38011565862917,322.6609802246094,5600,0.0,0.0
2010-06-24 00:00:00+09:00,316.33428955078125,320.288468170166,316.33428955078125,316.33428955078125,1700,0.0,0.0
2010-06-25 00:00:00+09:00,340.05938313802085,358.24860595703126,340.05938313802085,355.8760986328125,19900,0.0,0.0
2010-06-28 00:00:00+09:00,349.5493680414771,385.9278090593684,349.5493680414771,374.8561096191406,31100,0.0,0.0
2010-06-29 00:00:00+09:00,370.11116227774784,371.69283391141346,340.85023705493444,344.0135803222656,14700,0.0,0.0
2010-06-30 00:00:00+09:00,344.0135672532345,351.13108933433585,336.8960451721331,347.1769104003906,6100,0.0,0.0
2010-07-01 00:00:00+09:00,347.9677105613762,347.9677105613762,336.1051749740565,340.8501892089844,6400,0.0,0.0
2010-07-02 00:00:00+09:00,341.6410527768342,367.73863319728684,341.6410527768342,363.7844543457031,8000,0.0,0.0
2010-07-05 00:00:00+09:00,365.36615987540847,370.9020107826116,360.6211448120915,362.99365234375,6600,0.0,0.0
2010-07-06 00:00:00+09:00,359.830322265625,363.7845016311813,356.66697877317995,359.830322265625,3700,0.0,0.0
2010-07-07 00:00:00+09:00,357.4577908884348,362.20280581173256,357.4577908884348,358.2486267089844,5200,0.0,0.0
2010-07-08 00:00:00+09:00,356.6669150904605,362.2027652138158,356.6669150904605,360.62109375,2400,0.0,0.0
2010-07-09 00:00:00+09:00,358.2485865542763,360.62109375,356.6669150904605,360.62109375,3200,0.0,0.0
2010-07-12 00:00:00+09:00,360.6211514462527,362.2028231631223,357.4578080125137,361.4119873046875,3500,0.0,0.0
2010-07-13 00:00:00+09:00,360.6211002030562,362.9936074412342,359.0394287109375,359.0394287109375,1700,0.0,0.0
2010-07-14 00:00:00+09:00,359.0394863925137,364.5753375042926,359.0394863925137,359.830322265625,13200,0.0,0.0
2010-07-15 00:00:00+09:00,362.20280581173256,362.20280581173256,357.4577908884348,358.2486267089844,1700,0.0,0.0
2010-07-16 00:00:00+09:00,357.457776750837,358.2486125401088,354.29443359375,354.29443359375,5500,0.0,0.0
2010-07-21 00:00:00+09:00,346.38608535595154,351.92193603515625,346.38608535595154,351.92193603515625,2600,0.0,0.0
2010-07-22 00:00:00+09:00,349.5494112114247,351.92191852733936,348.7585754394531,348.7585754394531,1800,0.0,0.0
2010-07-23 00:00:00+09:00,347.96769448376574,347.96769448376574,344.8043518066406,344.8043518066406,1400,0.0,0.0
2010-07-26 00:00:00+09:00,345.5952066820721,345.5952066820721,339.26852097622185,340.0593566894531,4600,0.0,0.0
2010-07-27 00:00:00+09:00,340.05940632647776,340.05940632647776,323.451853924487,328.1968688964844,9000,0.0,0.0
2010-07-28 00:00:00+09:00,328.19681421607805,335.31433548823395,324.24263573154695,326.6151428222656,2600,0.0,0.0
2010-07-29 00:00:00+09:00,325.03348743214326,325.03348743214326,322.6609802246094,322.6609802246094,1800,0.0,0.0
2010-07-30 00:00:00+09:00,321.0793087529201,322.6609802246094,321.0793087529201,322.6609802246094,500,0.0,0.0
2010-08-02 00:00:00+09:00,323.4518127441406,323.4518127441406,323.4518127441406,323.4518127441406,100,0.0,0.0
2010-08-03 00:00:00+09:00,325.8243784028192,334.5235729718265,325.8243784028192,331.3602294921875,1700,0.0,0.0
2010-08-04 00:00:00+09:00,340.05940123810166,344.0135803222656,336.1052221539377,344.0135803222656,3100,0.0,0.0
2010-08-05 00:00:00+09:00,353.5035441687348,356.6668868458599,344.8043518066406,344.8043518066406,3800,0.0,0.0
2010-08-06 00:00:00+09:00,338.47764927290063,338.47764927290063,321.87010106091253,333.7326354980469,1800,0.0,0.0
2010-08-09 00:00:00+09:00,336.10524175328254,339.2685852050781,336.10524175328254,339.2685852050781,400,0.0,0.0
2010-08-10 00:00:00+09:00,346.38603914973356,346.38603914973356,340.8501892089844,340.8501892089844,1200,0.0,0.0
2010-08-11 00:00:00+09:00,336.8960805815558,336.8960805815558,329.778557752368,331.3602294921875,500,0.0,0.0
2010-08-12 00:00:00+09:00,317.9159673237972,329.77850341796875,317.9159673237972,329.77850341796875,1100,0.0,0.0
2010-08-13 00:00:00+09:00,318.70684814453125,329.77855006518496,318.70684814453125,318.70684814453125,0,0.0,0.0
2010-08-16 00:00:00+09:00,317.12516729515715,328.1968688964844,317.12516729515715,328.1968688964844,900,0.0,0.0
2010-08-17 00:00:00+09:00,317.1251206595242,327.4059849203068,317.1251206595242,325.0334777832031,600,0.0,0.0
2010-08-18 00:00:00+09:00,324.6336933898926,324.6336933898926,316.6377896118164,319.8361511230469,800,4.5,0.0
2010-08-19 00:00:00+09:00,320.6357727050781,320.6357727050781,320.6357727050781,320.6357727050781,200,0.0,0.0
2010-08-20 00:00:00+09:00,322.23492225646976,322.23492225646976,319.8361511230469,319.8361511230469,700,0.0,0.0
2010-08-23 00:00:00+09:00,319.03656278472977,322.23492431640625,318.23697240181065,322.23492431640625,3500,0.0,0.0
2010-08-24 00:00:00+09:00,318.2369689941406,318.2369689941406,314.23901712235494,318.2369689941406,300,0.0,0.0
2010-08-25 00:00:00+09:00,311.8402776932181,320.6357727050781,311.8402776932181,320.6357727050781,600,0.0,0.0
2010-08-26 00:00:00+09:00,320.6357415008545,320.6357415008545,311.8402473449707,319.8361511230469,1900,0.0,0.0
2010-08-27 00:00:00+09:00,319.8361531676489,322.23492431640625,311.8402493384577,322.23492431640625,800,0.0,0.0
2010-08-30 00:00:00+09:00,324.6336437547063,339.82585861022216,324.6336437547063,331.8299560546875,2700,0.0,0.0
2010-08-31 00:00:00+09:00,328.63162742505233,334.228759765625,328.63162742505233,334.228759765625,900,0.0,0.0
2010-09-01 00:00:00+09:00,335.02841417389277,339.8259570976239,331.03046173745014,338.2267761230469,1300,0.0,0.0
2010-09-02 00:00:00+09:00,340.62554758491245,340.62554758491245,337.42718563575835,338.2267761230469,2300,0.0,0.0
2010-09-03 00:00:00+09:00,339.8259588250532,340.62554931640625,339.02636833370013,340.62554931640625,6700,0.0,0.0
2010-09-06 00:00:00+09:00,339.825927734375,339.825927734375,333.42920438878673,339.825927734375,6500,0.0,0.0
2010-09-07 00:00:00+09:00,338.22674165355215,338.22674165355215,333.42919921875,333.42919921875,1500,0.0,0.0
2010-09-08 00:00:00+09:00,333.42916273196346,333.42916273196346,321.43530795743237,327.0324401855469,1200,0.0,0.0
2010-09-09 00:00:00+09:00,327.8320676671577,335.02838134765625,327.8320676671577,335.02838134765625,2900,0.0,0.0
2010-09-10 00:00:00+09:00,335.0283800303507,335.0283800303507,328.63165678394785,333.42919921875,3300,0.0,0.0
2010-09-13 00:00:00+09:00,339.82595297006463,339.82595297006463,331.03045771672174,332.629638671875,12400,0.0,0.0
2010-09-14 00:00:00+09:00,326.23290773901607,326.23290773901607,313.43946037670173,323.0345458984375,4200,0.0,0.0
2010-09-16 00:00:00+09:00,317.43734586691556,319.03652645062795,315.8381652832031,315.8381652832031,1400,0.0,0.0
2010-09-17 00:00:00+09:00,315.8381978710692,323.03451124028345,307.0427037531407,318.2369689941406,5100,0.0,0.0
2010-09-21 00:00:00+09:00,322.2348930396844,322.2348930396844,318.2369415131374,321.435302734375,2400,0.0,0.0
2010-09-22 00:00:00+09:00,317.4373779296875,319.03655867492523,317.4373779296875,317.4373779296875,2900,0.0,0.0
2010-09-24 00:00:00+09:00,321.4353318786621,321.4353318786621,318.23697036743164,319.8361511230469,2100,0.0,0.0
2010-09-27 00:00:00+09:00,319.8361490475441,319.8361490475441,317.4373779296875,317.4373779296875,1100,0.0,0.0
2010-09-28 00:00:00+09:00,311.8402678254363,311.8402678254363,307.8423156738281,307.8423156738281,4100,0.0,0.0
2010-09-29 00:00:00+09:00,311.8402678254363,311.8402678254363,307.8423156738281,307.8423156738281,300,0.0,0.0
2010-09-30 00:00:00+09:00,307.8423708181918,307.8423708181918,295.0489216413319,298.2472839355469,10000,0.0,0.0
2010-10-01 00:00:00+09:00,304.64390119721617,317.43734586691556,297.4475885705103,315.8381652832031,1900,0.0,0.0
2010-10-04 00:00:00+09:00,315.8382287658844,319.0365905761719,315.8382287658844,319.0365905761719,1500,0.0,0.0
2010-10-05 00:00:00+09:00,321.43532979278183,321.43532979278183,304.64393196778576,317.4373779296875,3800,0.0,0.0
2010-10-06 00:00:00+09:00,319.8361511230469,321.4353318786621,319.8361511230469,319.8361511230469,3300,0.0,0.0
2010-10-07 00:00:00+09:00,317.43735120782804,321.435302734375,315.8381705972093,321.435302734375,10,0.0,0.0
2010-10-08 00:00:00+09:00,313.4394226074219,320.63573588157186,313.4394226074219,313.4394226074219,2800,0.0,0.0
2010-10-12 00:00:00+09:00,326.2328741455078,326.2328741455078,316.6377896118164,319.8361511230469,2100,0.0,0.0
2010-10-13 00:00:00+09:00,320.6357696224945,320.6357696224945,316.6378173828125,316.6378173828125,1000,0.0,0.0
2010-10-14 00:00:00+09:00,316.6378173828125,316.6378173828125,316.6378173828125,316.6378173828125,300,0.0,0.0
2010-10-15 00:00:00+09:00,315.8381978710692,318.2369689941406,311.8402459992835,318.2369689941406,3600,0.0,0.0
2010-10-18 00:00:00+09:00,306.2431335449219,306.2431335449219,306.2431335449219,306.2431335449219,200,0.0,0.0
2010-10-19 00:00:00+09:00,304.64390119721617,315.8381652832031,303.84431090536,315.8381652832031,3200,0.0,0.0
2010-10-20 00:00:00+09:00,315.8381652832031,315.8381652832031,315.8381652832031,315.8381652832031,3200,0.0,0.0
2010-10-21 00:00:00+09:00,315.8381652832031,315.8381652832031,315.8381652832031,315.8381652832031,3200,0.0,0.0
2010-10-22 00:00:00+09:00,311.8402678254363,311.8402678254363,307.8423156738281,307.8423156738281,300,0.0,0.0
2010-10-25 00:00:00+09:00,306.24316237600226,306.24316237600226,303.8443908691406,303.8443908691406,300,0.0,0.0
2010-10-26 00:00:00+09:00,303.8443224107897,303.8443224107897,291.0508772566512,295.8484191894531,1200,0.0,0.0
2010-10-27 00:00:00+09:00,301.445556640625,301.445556640625,301.445556640625,301.445556640625,100,0.0,0.0
2010-10-28 00:00:00+09:00,301.445556640625,301.445556640625,301.445556640625,301.445556640625,100,0.0,0.0
2010-10-29 00:00:00+09:00,299.846435546875,299.846435546875,292.65012109375,299.846435546875,2600,0.0,0.0
2010-11-01 00:00:00+09:00,295.04882886731946,295.8484191894531,290.2512869345175,295.8484191894531,3000,0.0,0.0
2010-11-02 00:00:00+09:00,295.848422126974,302.24514476755724,295.848422126974,299.0467834472656,1100,0.0,0.0
2010-11-04 00:00:00+09:00,299.84637741048607,303.04473876953125,299.84637741048607,303.04473876953125,2000,0.0,0.0
2010-11-05 00:00:00+09:00,298.2472222440986,299.04681265225975,297.4476318359375,297.4476318359375,5400,0.0,0.0
2010-11-08 00:00:00+09:00,297.4476318359375,297.4476318359375,296.6480414277764,297.4476318359375,1500,0.0,0.0
2010-11-09 00:00:00+09:00,300.6459901066502,300.6459901066502,287.85254371913317,293.4496765136719,7700,0.0,0.0
2010-11-10 00:00:00+09:00,295.8484536028923,300.64599609375,295.8484536028923,300.64599609375,2400,0.0,0.0
2010-11-11 00:00:00+09:00,311.8402404785156,311.8402404785156,307.84228867750903,311.8402404785156,1300,0.0,0.0
2010-11-12 00:00:00+09:00,303.8443908691406,303.8443908691406,303.8443908691406,303.8443908691406,100,0.0,0.0
2010-11-15 00:00:00+09:00,303.8443908691406,303.8443908691406,303.8443908691406,303.8443908691406,100,0.0,0.0
2010-11-16 00:00:00+09:00,303.84432542770304,303.84432542770304,299.0467834472656,299.0467834472656,1600,0.0,0.0
2010-11-17 00:00:00+09:00,292.65008938697076,299.84640306042087,292.65008938697076,297.4476318359375,4300,0.0,0.0
2010-11-18 00:00:00+09:00,295.8484830729167,299.846435546875,295.8484830729167,299.846435546875,1600,0.0,0.0
2010-11-19 00:00:00+09:00,311.04067149060836,311.04067149060836,300.64599609375,300.64599609375,1300,0.0,0.0
2010-11-22 00:00:00+09:00,303.0448003668534,303.8443908691406,303.0448003668534,303.8443908691406,200,0.0,0.0
2010-11-24 00:00:00+09:00,310.2410569265099,310.2410569265099,300.6459726916694,308.6418762207031,1300,0.0,0.0
2010-11-25 00:00:00+09:00,308.6418762207031,308.6418762207031,308.6418762207031,308.6418762207031,600,0.0,0.0
2010-11-26 00:00:00+09:00,311.8402425751431,316.6377847686069,311.8402425751431,314.239013671875,700,0.0,0.0
2010-11-29 00:00:00+09:00,315.8381652832031,315.8381652832031,315.8381652832031,315.8381652832031,800,0.0,0.0
2010-11-30 00:00:00+09:00,316.6377840625997,316.6377840625997,313.4394226074219,313.4394226074219,600,0.0,0.0
2010-12-01 00:00:00+09:00,314.239013671875,314.239013671875,314.239013671875,314.239013671875,500,0.0,0.0
2010-12-02 00:00:00+09:00,316.6378173828125,316.6378173828125,314.2390460390033,316.6378173828125,1700,0.0,0.0
2010-12-03 00:00:00+09:00,317.4373820188915,322.23492431640625,316.6377916359724,322.23492431640625,2600,0.0,0.0
2010-12-06 00:00:00+09:00,322.23495361632536,322.23495361632536,318.2370013382072,320.6357727050781,5800,0.0,0.0
2010-12-07 00:00:00+09:00,321.4353304915692,321.4353304915692,318.2369689941406,318.2369689941406,1600,0.0,0.0
2010-12-08 00:00:00+09:00,318.23697036743164,320.6357415008545,318.23697036743164,319.8361511230469,2500,0.0,0.0
2010-12-09 00:00:00+09:00,319.8361511230469,319.8361511230469,319.8361511230469,319.8361511230469,400,0.0,0.0
2010-12-10 00:00:00+09:00,320.6357415008545,320.6357415008545,319.8361511230469,319.8361511230469,3500,0.0,0.0
2010-12-13 00:00:00+09:00,319.83618224945445,320.6357727050781,319.83618224945445,320.6357727050781,3200,0.0,0.0
2010-12-14 00:00:00+09:00,321.4353304915692,325.43328236335486,318.2369689941406,318.2369689941406,6700,0.0,0.0
2010-12-15 00:00:00+09:00,319.83612212375624,322.2348930396844,319.83612212375624,321.435302734375,4500,0.0,0.0
2010-12-16 00:00:00+09:00,323.834103012085,323.834103012085,316.6377896118164,319.8361511230469,4700,0.0,0.0
2010-12-17 00:00:00+09:00,320.6357415008545,320.6357415008545,319.8361511230469,319.8361511230469,12500,0.0,0.0
2010-12-20 00:00:00+09:00,321.43536316070174,322.23495361632536,319.83618224945445,320.6357727050781,5200,0.0,0.0
2010-12-21 00:00:00+09:00,319.8362163468903,326.2329406738281,319.8362163468903,326.2329406738281,9500,0.0,0.0
2010-12-22 00:00:00+09:00,326.23287623100185,326.23287623100185,321.43533393348713,322.23492431640625,4400,0.0,0.0
2010-12-24 00:00:00+09:00,323.03451053801956,323.83410091063837,317.4373779296875,317.4373779296875,11700,0.0,0.0
2010-12-27 00:00:00+09:00,323.8341016146406,323.8341016146406,317.4373786197835,318.2369689941406,35300,0.0,0.0
2010-12-28 00:00:00+09:00,323.034544071949,323.034544071949,320.6357727050781,320.6357727050781,12100,0.0,0.0
2010-12-29 00:00:00+09:00,323.0345220151155,331.0304260253906,319.83616041100544,331.0304260253906,20900,0.0,0.0
2010-12-30 00:00:00+09:00,334.22878962455036,335.8279704361511,331.8300184071493,333.42919921875,7300,0.0,0.0
2011-01-04 00:00:00+09:00,343.02432193934357,343.8239124333747,339.8259599632192,342.2247314453125,6600,0.0,0.0
2011-01-05 00:00:00+09:00,340.625483921596,346.22261628650483,335.02835155668714,335.82794189453125,11100,0.0,0.0
2011-01-06 00:00:00+09:00,335.82794189453125,339.82589358375185,335.82794189453125,335.82794189453125,3600,0.0,0.0
2011-01-07 00:00:00+09:00,337.42718563575835,338.2267761230469,335.8280046611813,338.2267761230469,4500,0.0,0.0
2011-01-11 00:00:00+09:00,341.42513980775936,343.82391128181854,339.8259588250532,340.62554931640625,8100,0.0,0.0
2011-01-12 00:00:00+09:00,343.8239124333747,344.6235029274058,342.2247314453125,342.2247314453125,9700,0.0,0.0
2011-01-13 00:00:00+09:00,343.8239124333747,343.8239124333747,340.62555045725026,342.2247314453125,3900,0.0,0.0
2011-01-14 00:00:00+09:00,342.2247028395084,347.02224540267906,341.4251124123133,344.62347412109375,4800,0.0,0.0
2011-01-17 00:00:00+09:00,343.0242919921875,347.8218345375328,343.0242919921875,343.0242919921875,3000,0.0,0.0
2011-01-18 00:00:00+09:00,343.0243230775345,346.22268506427145,341.42514208416605,343.82391357421875,7600,0.0,0.0
2011-01-19 00:00:00+09:00,342.22470028450675,343.8238811269577,341.42510986328125,341.42510986328125,1600,0.0,0.0
2011-01-20 00:00:00+09:00,341.42513980775936,342.2247302991124,340.62554931640625,340.62554931640625,3400,0.0,0.0
2011-01-21 00:00:00+09:00,339.02630324590774,342.22466459728423,335.82794189453125,335.82794189453125,9900,0.0,0.0
2011-01-24 00:00:00+09:00,323.83405191269105,332.62954468069006,323.83405191269105,330.23077392578125,5700,0.0,0.0
2011-01-25 00:00:00+09:00,331.03039986746654,335.82794189453125,328.63162885393416,335.82794189453125,5500,0.0,0.0
2011-01-26 00:00:00+09:00,335.82794189453125,335.82794189453125,335.82794189453125,335.82794189453125,0,0.0,0.0
2011-01-27 00:00:00+09:00,335.82794189453125,339.82589358375185,335.82794189453125,335.82794189453125,4400,0.0,0.0
2011-01-28 00:00:00+09:00,335.8279129679169,339.02627404380183,335.8279129679169,337.4270935058594,4100,0.0,0.0
2011-01-31 00:00:00+09:00,335.8279129679169,337.4270935058594,335.0283226989457,337.4270935058594,2500,0.0,0.0
2011-02-01 00:00:00+09:00,337.4272150687537,337.4272150687537,335.8280339546838,336.62762451171875,1000,0.0,0.0
2011-02-02 00:00:00+09:00,336.6275951484698,340.62554758491245,335.8280046611813,338.2267761230469,5400,0.0,0.0
2011-02-03 00:00:00+09:00,340.6254545817443,340.6254545817443,337.4270935058594,337.4270935058594,2200,0.0,0.0
2011-02-04 00:00:00+09:00,339.8259867398586,339.8259867398586,335.8280339546838,336.62762451171875,7200,0.0,0.0
2011-02-07 00:00:00+09:00,336.6275032368882,337.4270935058594,336.6275032368882,337.4270935058594,6600,0.0,0.0
2011-02-08 00:00:00+09:00,339.02627404380183,339.8258643127731,335.0283226989457,337.4270935058594,8800,0.0,0.0
2011-02-09 00:00:00+09:00,339.0263666103354,339.0263666103354,337.42718563575835,338.2267761230469,4200,0.0,0.0
2011-02-10 00:00:00+09:00,338.22671290806363,338.22671290806363,335.82794189453125,335.82794189453125,6600,0.0,0.0
2011-02-14 00:00:00+09:00,335.82790568723516,335.82790568723516,327.03241291923615,330.23077392578125,31300,0.0,0.0
2011-02-15 00:00:00+09:00,327.8320617675781,329.4312425566883,327.0324713730231,327.8320617675781,133100,0.0,0.0
2011-02-16 00:00:00+09:00,326.2050619777245,327.8320198928253,321.3241882324219,321.3241882324219,72300,7.0,0.0
2011-02-17 00:00:00+09:00,324.5781504947348,326.2051086425781,322.95119234689156,326.2051086425781,14000,0.0,0.0
2011-02-18 00:00:00+09:00,323.7646789550781,324.57815804793006,322.9511998622262,323.7646789550781,6600,0.0,0.0
2011-02-21 00:00:00+09:00,325.3916015625,327.83203857421876,324.57812255859375,325.3916015625,15200,0.0,0.0
2011-02-22 00:00:00+09:00,325.39163714078205,325.39163714078205,322.9511998622262,323.7646789550781,9500,0.0,0.0
2011-02-23 00:00:00+09:00,322.9511743410669,322.9511743410669,322.1376953125,322.1376953125,13900,0.0,0.0
2011-02-24 00:00:00+09:00,322.95117931075504,322.95117931075504,320.5107421875,320.5107421875,3200,0.0,0.0
2011-02-25 00:00:00+09:00,320.51073725536617,322.1376953125,319.69725822679925,322.1376953125,2000,0.0,0.0
2011-02-28 00:00:00+09:00,322.1377207693742,323.7646789550781,321.32424167652226,323.7646789550781,3100,0.0,0.0
2011-03-01 00:00:00+09:00,323.76468149180374,323.76468149180374,320.5107650949012,322.9512023925781,1400,0.0,0.0
2011-03-02 00:00:00+09:00,322.13770026967,322.13770026967,320.5107421875,320.5107421875,2700,0.0,0.0
2011-03-03 00:00:00+09:00,323.76466338488524,323.76466338488524,318.8837890625,318.8837890625,2000,0.0,0.0
2011-03-04 00:00:00+09:00,321.3242162839331,323.76465336963383,321.3242162839331,322.1376953125,3700,0.0,0.0
2011-03-07 00:00:00+09:00,323.76468149180374,323.76468149180374,322.13772329335245,322.9512023925781,5900,0.0,0.0
2011-03-08 00:00:00+09:00,322.9512023925781,322.9512023925781,322.9512023925781,322.9512023925781,0,0.0,0.0
2011-03-09 00:00:00+09:00,321.3242162839331,322.9511743410669,319.69725822679925,322.1376953125,3300,0.0,0.0
2011-03-10 00:00:00+09:00,322.13770026967,322.13770026967,318.88378410532994,320.5107421875,1800,0.0,0.0
2011-03-11 00:00:00+09:00,318.88380167958655,319.6972807655039,314.81640625,314.81640625,2500,0.0,0.0
2011-03-14 00:00:00+09:00,314.81640625,314.81640625,314.81640625,314.81640625,0,0.0,0.0
2011-03-15 00:00:00+09:00,253.80546393005633,253.80546393005633,188.7271398454265,189.54061889648438,22900,0.0,0.0
2011-03-16 00:00:00+09:00,173.27106861787684,222.07982034122244,173.27106861787684,207.43719482421875,17000,0.0,0.0
2011-03-17 00:00:00+09:00,206.62371562882967,207.43719482421875,191.1676109164369,207.43719482421875,6600,0.0,0.0
2011-03-18 00:00:00+09:00,226.96063012981097,244.0436883116247,226.96063012981097,243.23020935058594,9800,0.0,0.0
2011-03-22 00:00:00+09:00,246.4840926880273,263.56714861690045,246.4840926880273,254.61888122558594,4500,0.0,0.0
2011-03-23 00:00:00+09:00,252.99204564793493,253.8055248943913,248.924649415653,249.73812866210938,5500,0.0,0.0
2011-03-24 00:00:00+09:00,252.17850143845016,252.17850143845016,236.72239973738385,240.789794921875,4700,0.0,0.0
2011-03-25 00:00:00+09:00,244.0436883116247,245.67064623370217,242.41673038954718,243.23020935058594,3200,0.0,0.0
2011-03-28 00:00:00+09:00,242.41677090919623,242.41677090919623,232.65502174506753,239.97633361816406,4300,0.0,0.0
2011-03-29 00:00:00+09:00,231.84152511070513,235.90892028808594,230.21456703975284,235.90892028808594,1200,0.0,0.0
2011-03-30 00:00:00+09:00,231.84153747558594,231.84153747558594,226.147183923554,231.84153747558594,3800,0.0,0.0
2011-03-31 00:00:00+09:00,235.09546895139547,242.41678113327285,235.09546895139547,241.60330200195312,3400,0.0,0.0
2011-04-01 00:00:00+09:00,237.5358963271319,244.0437291032177,237.5358963271319,239.97633361816406,3600,0.0,0.0
2011-04-04 00:00:00+09:00,235.90895339279442,235.90895339279442,227.77416189649114,235.09547424316406,12500,0.0,0.0
2011-04-05 00:00:00+09:00,237.5359200613839,237.5359200613839,227.774169921875,227.774169921875,7300,0.0,0.0
2011-04-06 00:00:00+09:00,232.65501897798168,232.65501897798168,226.14718627929688,226.14718627929688,3000,0.0,0.0
2011-04-07 00:00:00+09:00,226.14721156529018,227.774169921875,225.33373238699775,227.774169921875,700,0.0,0.0
2011-04-08 00:00:00+09:00,223.70674912358675,231.02806091308594,222.89327003586462,231.02806091308594,1500,0.0,0.0
2011-04-11 00:00:00+09:00,235.9089353273241,235.9089353273241,223.70674901729006,226.14718627929688,6200,0.0,0.0
2011-04-12 00:00:00+09:00,234.28194877705388,234.28194877705388,227.77411686658016,230.2145538330078,3800,0.0,0.0
2011-04-13 00:00:00+09:00,230.21453272228175,230.21453272228175,226.9606170654297,226.9606170654297,1100,0.0,0.0
2011-04-14 00:00:00+09:00,226.96069074358257,227.774169921875,226.14721156529018,227.774169921875,1800,0.0,0.0
2011-04-15 00:00:00+09:00,228.5876286824544,229.40110778808594,226.9606704711914,229.40110778808594,2100,0.0,0.0
2011-04-18 00:00:00+09:00,229.40109502717692,229.40109502717692,227.7741369064168,228.58761596679688,1300,0.0,0.0
2011-04-19 00:00:00+09:00,227.7741495768229,227.7741495768229,223.70675404866535,224.52023315429688,3300,0.0,0.0
2011-04-20 00:00:00+09:00,224.52022810462566,226.14718627929688,223.70674901729006,226.14718627929688,5200,0.0,0.0
2011-04-21 00:00:00+09:00,227.77414445396806,227.77414445396806,225.33370719196128,226.14718627929688,1100,0.0,0.0
2011-04-22 00:00:00+09:00,226.14719136555988,226.14719136555988,222.07979583740234,224.52023315429688,6100,0.0,0.0
2011-04-25 00:00:00+09:00,220.4528275649913,223.7067438390133,220.4528275649913,222.8932647705078,3800,0.0,0.0
2011-04-26 00:00:00+09:00,222.0798086469024,222.0798086469024,219.63937118924414,220.45285034179688,4500,0.0,0.0
2011-04-27 00:00:00+09:00,222.89328014316843,222.89328014316843,218.0124053955078,218.0124053955078,3900,0.0,0.0
2011-04-28 00:00:00+09:00,218.0124053955078,219.639363644728,217.1989262708977,218.0124053955078,2200,0.0,0.0
2011-05-02 00:00:00+09:00,218.0124053955078,218.0124053955078,218.0124053955078,218.0124053955078,0,0.0,0.0
2011-05-06 00:00:00+09:00,222.8932647705078,222.8932647705078,222.8932647705078,222.8932647705078,0,0.0,0.0
2011-05-09 00:00:00+09:00,222.8932647705078,222.8932647705078,222.8932647705078,222.8932647705078,0,0.0,0.0
2011-05-10 00:00:00+09:00,226.96069074358257,227.774169921875,226.14721156529018,227.774169921875,2500,0.0,0.0
2011-05-11 00:00:00+09:00,233.4685159439034,235.90895339279442,233.4685159439034,235.09547424316406,3800,0.0,0.0
2011-05-12 00:00:00+09:00,234.281982421875,235.908940633138,234.281982421875,234.281982421875,1000,0.0,0.0
2011-05-13 00:00:00+09:00,233.46844482421875,236.72236043152492,233.46844482421875,233.46844482421875,1000,0.0,0.0
2011-05-16 00:00:00+09:00,228.5876286824544,228.5876286824544,224.52023315429688,224.52023315429688,5300,0.0,0.0
2011-05-17 00:00:00+09:00,225.33368408203125,226.96064208984376,223.70672607421878,223.70672607421875,1500,0.0,0.0
2011-05-18 00:00:00+09:00,223.70674890630386,223.70674890630386,218.82587438471177,221.2663116455078,2600,0.0,0.0
2011-05-19 00:00:00+09:00,221.26628906250002,225.33368408203125,221.26628906250002,223.70672607421875,1400,0.0,0.0
2011-05-20 00:00:00+09:00,223.70674901729006,226.14718627929688,223.70674901729006,226.14718627929688,1300,0.0,0.0
2011-05-23 00:00:00+09:00,226.14719664160884,226.14719664160884,215.5719680216775,218.0124053955078,10000,0.0,0.0
2011-05-24 00:00:00+09:00,216.3854471462876,218.0124053955078,216.3854471462876,218.0124053955078,800,0.0,0.0
2011-05-25 00:00:00+09:00,219.639363644728,219.639363644728,218.0124053955078,218.0124053955078,3700,0.0,0.0
2011-05-26 00:00:00+09:00,219.63936107309337,220.4528401881789,215.5719654976657,218.8258819580078,1600,0.0,0.0
2011-05-27 00:00:00+09:00,218.82583380805121,220.45279168023004,215.57191806369357,219.63931274414062,2300,0.0,0.0
2011-05-30 00:00:00+09:00,219.63931274414062,219.63931274414062,219.63931274414062,219.63931274414062,0,0.0,0.0
2011-05-31 00:00:00+09:00,219.63931274414062,219.63931274414062,219.63931274414062,219.63931274414062,0,0.0,0.0
2011-06-01 00:00:00+09:00,221.2663116455078,221.2663116455078,218.01239529777976,221.2663116455078,2200,0.0,0.0
2011-06-02 00:00:00+09:00,221.26632433321885,222.07980346679688,220.45284519964085,222.07980346679688,1300,0.0,0.0
2011-06-03 00:00:00+09:00,222.89327242744528,225.33370971679685,222.89327242744528,225.33370971679688,2500,0.0,0.0
2011-06-06 00:00:00+09:00,226.96066231563174,226.96066231563174,212.3180389404297,212.3180389404297,16200,0.0,0.0
2011-06-07 00:00:00+09:00,215.5719501799957,217.1989082945617,213.9449920654297,213.9449920654297,900,0.0,0.0
2011-06-08 00:00:00+09:00,215.5719501799957,217.1989082945617,213.9449920654297,213.9449920654297,4000,0.0,0.0
2011-06-09 00:00:00+09:00,215.5719654976657,218.8258819580078,215.5719654976657,218.8258819580078,600,0.0,0.0
2011-06-10 00:00:00+09:00,223.70675404866535,224.52023315429688,223.70675404866535,224.52023315429688,2700,0.0,0.0
2011-06-13 00:00:00+09:00,224.52022799323586,224.52022799323586,221.2663116455078,221.2663116455078,1600,0.0,0.0
2011-06-14 00:00:00+09:00,222.07976806640627,224.520205078125,221.26628906250002,223.70672607421875,1000,0.0,0.0
2011-06-15 00:00:00+09:00,221.26631673177081,224.52023315429688,221.26631673177081,224.52023315429688,1400,0.0,0.0
2011-06-16 00:00:00+09:00,227.77412109375,227.77412109375,223.70672607421878,223.70672607421875,1200,0.0,0.0
2011-06-17 00:00:00+09:00,223.70675404866535,224.52023315429688,223.70675404866535,224.52023315429688,700,0.0,0.0
2011-06-20 00:00:00+09:00,223.70675404866535,224.52023315429688,223.70675404866535,224.52023315429688,300,0.0,0.0
2011-06-21 00:00:00+09:00,224.5202408675309,224.5202408675309,222.07980346679688,222.07980346679688,1200,0.0,0.0
2011-06-22 00:00:00+09:00,222.07979073243982,222.89326981937182,219.63935347164377,221.2663116455078,5900,0.0,0.0
2011-06-23 00:00:00+09:00,221.26632433321885,222.07980346679688,221.26632433321885,222.07980346679688,600,0.0,0.0
2011-06-24 00:00:00+09:00,222.89324707031253,225.33368408203125,222.07976806640627,223.70672607421875,1700,0.0,0.0
2011-06-27 00:00:00+09:00,222.89327494303384,226.14719136555988,222.89327494303384,224.52023315429688,1800,0.0,0.0
2011-06-28 00:00:00+09:00,224.52025320870536,227.774169921875,224.52025320870536,227.774169921875,4300,0.0,0.0
2011-06-29 00:00:00+09:00,239.97635680965692,266.82116960531346,238.349398458405,266.0076904296875,132400,0.0,0.0
2011-06-30 00:00:00+09:00,252.9919893764171,262.7537381626454,248.11111498330294,257.87286376953125,38200,0.0,0.0
2011-07-01 00:00:00+09:00,248.92457825707606,249.73805727098807,247.29762022925203,248.11109924316406,5000,0.0,0.0
2011-07-04 00:00:00+09:00,249.73808025840103,250.5515593471906,245.67068481445312,245.67068481445312,7100,0.0,0.0
2011-07-05 00:00:00+09:00,248.92454528808594,248.92454528808594,245.67062966340507,248.92454528808594,6400,0.0,0.0
2011-07-06 00:00:00+09:00,249.73812866210938,249.73812866210938,246.48421167628385,249.73812866210938,800,0.0,0.0
2011-07-07 00:00:00+09:00,246.48410856957528,248.92454528808594,246.48410856957528,248.92454528808594,900,0.0,0.0
2011-07-08 00:00:00+09:00,248.11110462571426,252.17849978351285,248.11110462571426,251.36502075195312,5500,0.0,0.0
2011-07-11 00:00:00+09:00,250.55160790856576,250.55160790856576,249.73812866210938,249.73812866210938,2800,0.0,0.0
2011-07-12 00:00:00+09:00,248.11109924316403,250.5515362849001,248.11109924316403,248.11109924316406,800,0.0,0.0
2011-07-13 00:00:00+09:00,248.11112218088917,250.5515594482422,248.11112218088917,250.5515594482422,400,0.0,0.0
2011-07-14 00:00:00+09:00,248.924649415653,251.36508715502214,248.924649415653,249.73812866210938,1400,0.0,0.0
2011-07-15 00:00:00+09:00,248.924649415653,251.36508715502214,248.924649415653,249.73812866210938,1400,0.0,0.0
2011-07-19 00:00:00+09:00,248.9245986183091,248.9245986183091,245.67068229650113,246.48416137695312,2700,0.0,0.0
2011-07-20 00:00:00+09:00,246.4841844177246,246.4841844177246,244.0437469482422,244.0437469482422,4800,0.0,0.0
2011-07-21 00:00:00+09:00,244.0437110694679,244.85719010636612,239.97631588497677,240.789794921875,8600,0.0,0.0
2011-07-22 00:00:00+09:00,242.4167734781901,266.8211466471354,242.4167734781901,253.80548095703125,29900,0.0,0.0
2011-07-25 00:00:00+09:00,253.8054578466323,253.8054578466323,251.36502075195315,251.36502075195312,1600,0.0,0.0
2011-07-26 00:00:00+09:00,248.1111701691966,249.73812866210938,244.0437739369147,249.73812866210938,2600,0.0,0.0
2011-07-27 00:00:00+09:00,250.5515362849001,251.3650152988121,248.11109924316403,248.11109924316406,2200,0.0,0.0
2011-07-28 00:00:00+09:00,248.11107108467505,248.11107108467505,247.29759216308594,247.29759216308594,2300,0.0,0.0
2011-07-29 00:00:00+09:00,247.29759216308594,247.29759216308594,244.04367647672956,247.29759216308594,3800,0.0,0.0
2011-08-01 00:00:00+09:00,247.2975874757455,248.92454528808594,247.2975874757455,248.92454528808594,800,0.0,0.0
2011-08-02 00:00:00+09:00,250.55153070494188,250.55153070494188,237.53586677221762,244.857177734375,11200,0.0,0.0
2011-08-03 00:00:00+09:00,243.23026026459254,243.23026026459254,239.9763437393137,241.60330200195312,2200,0.0,0.0
2011-08-04 00:00:00+09:00,244.04372413559713,246.48416137695312,244.04372413559713,246.48416137695312,2100,0.0,0.0
2011-08-05 00:00:00+09:00,239.16284934761597,239.97632842702964,235.90893302996136,236.722412109375,9300,0.0,0.0
2011-08-08 00:00:00+09:00,235.0954742431641,235.90895339279442,232.6550367942731,235.09547424316406,5300,0.0,0.0
2011-08-09 00:00:00+09:00,231.02807849501244,235.0954742431641,226.1472035972305,235.09547424316406,6000,0.0,0.0
2011-08-10 00:00:00+09:00,245.67070526123047,245.67070526123047,238.34939285278318,244.0437469482422,5400,0.0,0.0
2011-08-11 00:00:00+09:00,241.60330947875977,244.0437469482422,239.9763511657715,244.0437469482422,600,0.0,0.0
2011-08-12 00:00:00+09:00,244.0437110694679,244.0437110694679,239.97631588497677,240.789794921875,1800,0.0,0.0
2011-08-15 00:00:00+09:00,244.04372413559713,246.48416137695312,240.78980781378917,246.48416137695312,1500,0.0,0.0
2011-08-16 00:00:00+09:00,246.48411324149686,247.29759216308594,244.85715539831864,247.29759216308594,6500,0.0,0.0
2011-08-17 00:00:00+09:00,240.6809792372147,243.1622264458458,239.8538968343377,242.33514404296875,3700,5.0,0.0
2011-08-18 00:00:00+09:00,242.33514430605132,242.33514430605132,239.85389709472656,239.85389709472656,800,0.0,0.0
2011-08-19 00:00:00+09:00,237.37261962890625,237.37261962890625,237.37261962890625,237.37261962890625,900,0.0,0.0
2011-08-22 00:00:00+09:00,236.54557270473904,239.02681997087265,236.54557270473904,238.19973754882812,1100,0.0,0.0
2011-08-23 00:00:00+09:00,236.54556747962687,239.85389709472656,236.54556747962687,239.85389709472656,2200,0.0,0.0
2011-08-24 00:00:00+09:00,237.3726608222449,237.3726608222449,234.0643310546875,234.0643310546875,6300,0.0,0.0
2011-08-25 00:00:00+09:00,234.06432607664283,234.06432607664283,233.23724365234375,233.23724365234375,2200,0.0,0.0
2011-08-26 00:00:00+09:00,233.23722334349281,233.23722334349281,232.41014099121094,232.41014099121094,800,0.0,0.0
2011-08-29 00:00:00+09:00,232.41014099121094,232.41014099121094,232.41014099121094,232.41014099121094,0,0.0,0.0
2011-08-30 00:00:00+09:00,233.23724824065096,236.54557800292972,233.23724824065096,236.5455780029297,800,0.0,0.0
2011-08-31 00:00:00+09:00,234.8914031982422,235.71848560386982,234.8914031982422,234.8914031982422,500,0.0,0.0
2011-09-01 00:00:00+09:00,235.71848560386982,236.54556800949743,234.8914031982422,234.8914031982422,300,0.0,0.0
2011-09-02 00:00:00+09:00,235.71845503218915,239.02678422562337,235.71845503218915,237.37261962890625,1900,0.0,0.0
2011-09-05 00:00:00+09:00,241.50807189941406,241.50807189941406,238.1997421473673,241.50807189941406,4900,0.0,0.0
2011-09-06 00:00:00+09:00,234.06432607664283,234.06432607664283,232.41016122804464,233.23724365234375,1800,0.0,0.0
2011-09-07 00:00:00+09:00,234.06432079261458,234.8914031982422,234.06432079261458,234.8914031982422,900,0.0,0.0
2011-09-08 00:00:00+09:00,232.41014099121094,232.41014099121094,232.41014099121094,232.41014099121094,500,0.0,0.0
2011-09-09 00:00:00+09:00,236.54557800292972,236.54557800292972,236.54557800292972,236.5455780029297,100,0.0,0.0
2011-09-12 00:00:00+09:00,238.1997019272648,239.85386652398194,236.5455373305477,237.37261962890625,4100,0.0,0.0
2011-09-13 00:00:00+09:00,234.89141312179032,240.68099020577813,234.89141312179032,236.5455780029297,4900,0.0,0.0
2011-09-14 00:00:00+09:00,236.54556253294632,239.0268096923828,235.71848014646747,239.0268096923828,1300,0.0,0.0
2011-09-15 00:00:00+09:00,239.02681997087265,239.02681997087265,234.0643254386054,238.19973754882812,1200,0.0,0.0
2011-09-16 00:00:00+09:00,234.8914031982422,234.8914031982422,234.8914031982422,234.8914031982422,300,0.0,0.0
2011-09-20 00:00:00+09:00,234.89144483293805,234.89144483293805,231.58311462402344,231.58311462402344,4100,0.0,0.0
2011-09-21 00:00:00+09:00,234.0643310546875,234.0643310546875,232.41016617090878,234.0643310546875,700,0.0,0.0
2011-09-22 00:00:00+09:00,230.75600204743202,230.75600204743202,229.10183715820312,229.10183715820312,2100,0.0,0.0
2011-09-26 00:00:00+09:00,228.2747399587033,228.2747399587033,224.13932800292966,224.1393280029297,1600,0.0,0.0
2011-09-27 00:00:00+09:00,223.31224561177496,224.13932800292966,223.31224561177496,224.1393280029297,1800,0.0,0.0
2011-09-28 00:00:00+09:00,224.1393436602692,228.2747559049236,221.65809631347656,221.65809631347656,3100,0.0,0.0
2011-09-29 00:00:00+09:00,223.31224561177496,224.13932800292966,223.31224561177496,224.1393280029297,1700,0.0,0.0
2011-09-30 00:00:00+09:00,225.7935073797453,229.10183715820312,225.7935073797453,229.10183715820312,1500,0.0,0.0
2011-10-03 00:00:00+09:00,229.10183715820312,230.75600204743202,229.10183715820312,229.10183715820312,1500,0.0,0.0
2011-10-04 00:00:00+09:00,229.92891395514738,233.23724365234375,229.92891395514738,233.23724365234375,2100,0.0,0.0
2011-10-05 00:00:00+09:00,238.19974288406908,238.19974288406908,232.41016580008127,236.5455780029297,5100,0.0,0.0
2011-10-06 00:00:00+09:00,228.27475359723286,237.3726604434994,228.27475359723286,236.5455780029297,900,0.0,0.0
2011-10-07 00:00:00+09:00,236.54557727134392,241.50807189941406,236.54557727134392,241.50807189941406,3300,0.0,0.0
2011-10-11 00:00:00+09:00,246.4705560573539,246.4705560573539,242.33514404296878,242.33514404296875,2800,0.0,0.0
2011-10-12 00:00:00+09:00,237.3726604434994,237.3726604434994,236.54557800292972,236.5455780029297,1200,0.0,0.0
2011-10-13 00:00:00+09:00,236.54556800949743,236.54556800949743,231.58307357573173,234.8914031982422,10300,0.0,0.0
2011-10-14 00:00:00+09:00,233.23721313476562,233.23721313476562,228.27471923828125,230.75596618652344,13600,0.0,0.0
2011-10-17 00:00:00+09:00,233.23721313476562,233.23721313476562,229.10180155436197,230.75596618652344,2500,0.0,0.0
2011-10-18 00:00:00+09:00,229.10181686843652,229.10181686843652,228.2747344970703,228.2747344970703,1300,0.0,0.0
2011-10-19 00:00:00+09:00,228.27477047217155,228.27477047217155,226.62060546875,226.62060546875,6200,0.0,0.0
2011-10-20 00:00:00+09:00,227.44768797046078,227.44768797046078,225.79352296703925,226.62060546875,2800,0.0,0.0
2011-10-21 00:00:00+09:00,227.44764720692353,227.44764720692353,224.96640014648438,224.96640014648438,4300,0.0,0.0
2011-10-24 00:00:00+09:00,224.9664355826465,225.79351806640625,223.31227061512706,225.79351806640625,3200,0.0,0.0
2011-10-25 00:00:00+09:00,224.96640014648438,225.79348249996409,224.96640014648438,224.96640014648438,2200,0.0,0.0
2011-10-26 00:00:00+09:00,225.79347229003906,226.62055460611978,223.31222534179688,223.31222534179688,4100,0.0,0.0
2011-10-27 00:00:00+09:00,224.96640014648438,224.96640014648438,224.13931779300464,224.96640014648438,1400,0.0,0.0
2011-10-28 00:00:00+09:00,225.79348249996409,225.79348249996409,224.13931779300464,224.96640014648438,6300,0.0,0.0
2011-10-31 00:00:00+09:00,224.96640014648438,225.79348249996409,224.13931779300464,224.96640014648438,1700,0.0,0.0
2011-11-01 00:00:00+09:00,224.13932800292966,224.13932800292966,224.13932800292966,224.1393280029297,400,0.0,0.0
2011-11-02 00:00:00+09:00,223.31224561177496,224.13932800292966,223.31224561177496,224.1393280029297,4000,0.0,0.0
2011-11-04 00:00:00+09:00,224.9664355826465,225.79351806640625,224.9664355826465,225.79351806640625,3900,0.0,0.0
2011-11-07 00:00:00+09:00,225.79351806640625,225.79351806640625,224.9664355826465,225.79351806640625,6600,0.0,0.0
2011-11-08 00:00:00+09:00,224.96640014648438,225.79348249996409,224.96640014648438,224.96640014648438,10800,0.0,0.0
2011-11-09 00:00:00+09:00,224.96640014648438,225.79348249996409,224.96640014648438,224.96640014648438,4800,0.0,0.0
2011-11-10 00:00:00+09:00,230.75601797730386,230.75601797730386,225.79352296703925,226.62060546875,3200,0.0,0.0
2011-11-11 00:00:00+09:00,225.79352296703925,226.62060546875,225.79352296703925,226.62060546875,7900,0.0,0.0
2011-11-14 00:00:00+09:00,224.96644046532847,226.62060546875,224.96644046532847,226.62060546875,3100,0.0,0.0
2011-11-15 00:00:00+09:00,226.62058982435977,229.10183715820312,226.62058982435977,229.10183715820312,3300,0.0,0.0
2011-11-16 00:00:00+09:00,228.27474476207388,228.27474476207388,226.6205799449574,227.44766235351562,4600,0.0,0.0
2011-11-17 00:00:00+09:00,226.6205799449574,227.44766235351562,226.6205799449574,227.44766235351562,2000,0.0,0.0
2011-11-18 00:00:00+09:00,226.62060546875,227.44768797046078,226.62060546875,226.62060546875,2200,0.0,0.0
2011-11-21 00:00:00+09:00,226.6205799449574,227.44766235351562,225.79349753639914,227.44766235351562,4400,0.0,0.0
2011-11-22 00:00:00+09:00,227.44766235351562,227.44766235351562,227.44766235351562,227.44766235351562,0,0.0,0.0
2011-11-24 00:00:00+09:00,226.62060055016596,226.62060055016596,224.9664355826465,225.79351806640625,4900,0.0,0.0
2011-11-25 00:00:00+09:00,224.13935796361773,226.62060546875,224.13935796361773,226.62060546875,2700,0.0,0.0
2011-11-28 00:00:00+09:00,226.62060546875,226.62060546875,225.79352296703925,226.62060546875,2000,0.0,0.0
2011-11-29 00:00:00+09:00,226.62060546875,226.62060546875,226.62060546875,226.62060546875,600,0.0,0.0
2011-11-30 00:00:00+09:00,227.4476468775196,232.41014099121094,226.6205645252377,232.41014099121094,12100,0.0,0.0
2011-12-01 00:00:00+09:00,232.41016122804464,233.23724365234375,230.75599637944646,233.23724365234375,8500,0.0,0.0
2011-12-02 00:00:00+09:00,233.23724861279814,234.0643310546875,231.58308372901942,234.0643310546875,3500,0.0,0.0
2011-12-05 00:00:00+09:00,235.71851985970724,240.68101501464844,235.71851985970724,240.68101501464844,20300,0.0,0.0
2011-12-06 00:00:00+09:00,240.68098481496173,240.68098481496173,237.37265512678357,238.19973754882812,5900,0.0,0.0
2011-12-07 00:00:00+09:00,237.37265512678357,238.19973754882812,233.23724301656085,238.19973754882812,2400,0.0,0.0
2011-12-08 00:00:00+09:00,237.37265512678357,238.19973754882812,237.37265512678357,238.19973754882812,400,0.0,0.0
2011-12-09 00:00:00+09:00,239.02681997087265,239.02681997087265,238.19973754882812,238.19973754882812,400,0.0,0.0
2011-12-12 00:00:00+09:00,240.68097446534048,240.68097446534048,238.199727305904,239.0268096923828,3700,0.0,0.0
2011-12-13 00:00:00+09:00,238.199727305904,239.0268096923828,237.37264491942514,239.0268096923828,1700,0.0,0.0
2011-12-14 00:00:00+09:00,238.1997019272648,239.02678422562337,237.37261962890625,237.37261962890625,1700,0.0,0.0
2011-12-15 00:00:00+09:00,237.3726604434994,237.3726604434994,236.54557800292972,236.5455780029297,10400,0.0,0.0
2011-12-16 00:00:00+09:00,237.3726604434994,237.3726604434994,236.54557800292972,236.5455780029297,10400,0.0,0.0
2011-12-19 00:00:00+09:00,235.71847534179688,235.71847534179688,235.71847534179688,235.71847534179688,5200,0.0,0.0
2011-12-20 00:00:00+09:00,234.8914031982422,234.8914031982422,234.8914031982422,234.8914031982422,400,0.0,0.0
2011-12-21 00:00:00+09:00,236.54556800949743,236.54556800949743,234.06432079261458,234.8914031982422,3600,0.0,0.0
2011-12-22 00:00:00+09:00,234.89140850094194,235.718490925241,233.23724365234375,233.23724365234375,3500,0.0,0.0
2011-12-26 00:00:00+09:00,233.23724365234375,233.23724365234375,233.23724365234375,233.23724365234375,0,0.0,0.0
2011-12-27 00:00:00+09:00,225.79353675842285,231.58311462402344,225.79353675842285,231.58311462402344,5100,0.0,0.0
2011-12-28 00:00:00+09:00,228.27471923828125,232.41013081868488,228.27471923828125,230.75596618652344,5300,0.0,0.0
2011-12-29 00:00:00+09:00,230.7559917093181,230.7559917093181,228.27474448663727,229.9289093017578,16600,0.0,0.0
2011-12-30 00:00:00+09:00,229.9288838704427,230.75596618652344,229.10180155436197,230.75596618652344,10600,0.0,0.0
2012-01-04 00:00:00+09:00,231.58306349369516,236.54555771141722,231.58306349369516,235.71847534179688,6700,0.0,0.0
2012-01-05 00:00:00+09:00,236.54556800949743,236.54556800949743,233.23723838698697,234.8914031982422,6700,0.0,0.0
2012-01-06 00:00:00+09:00,234.8914031982422,234.8914031982422,234.06432079261458,234.8914031982422,3300,0.0,0.0
2012-01-10 00:00:00+09:00,238.19973754882812,238.19973754882812,236.54557270473904,238.19973754882812,10500,0.0,0.0
2012-01-11 00:00:00+09:00,238.199727305904,239.0268096923828,237.37264491942514,239.0268096923828,6000,0.0,0.0
2012-01-12 00:00:00+09:00,235.71845503218915,239.02678422562337,234.8913727338306,237.37261962890625,10500,0.0,0.0
2012-01-13 00:00:00+09:00,239.02679433014433,243.98928833007812,235.71846499685515,243.98928833007812,15300,0.0,0.0
2012-01-16 00:00:00+09:00,243.1622756958008,249.77893625895183,243.1622756958008,248.12477111816406,18200,0.0,0.0
2012-01-17 00:00:00+09:00,248.12468987006645,254.74134826660156,248.12468987006645,254.74134826660156,15400,0.0,0.0
2012-01-18 00:00:00+09:00,254.7413583578774,263.8392640135159,253.91427602554663,258.87677001953125,16000,0.0,0.0
2012-01-19 00:00:00+09:00,262.1851289250301,275.4184477351262,260.530964073768,268.8017883300781,18800,0.0,0.0
2012-01-20 00:00:00+09:00,272.9371394035724,283.689208531592,272.9371394035724,278.7267150878906,26500,0.0,0.0
2012-01-23 00:00:00+09:00,285.3434145767077,286.9975792988915,280.38092041015625,280.38092041015625,18100,0.0,0.0
2012-01-24 00:00:00+09:00,279.55384306066173,281.2080078125,266.3205250459559,281.2080078125,18000,0.0,0.0
2012-01-25 00:00:00+09:00,277.8996328472738,282.8621262909751,271.28297492233867,278.7267150878906,3600,0.0,0.0
2012-01-26 00:00:00+09:00,276.24546836604,281.2079618097413,276.24546836604,278.7267150878906,2600,0.0,0.0
2012-01-27 00:00:00+09:00,282.0350697835286,295.2683868408203,281.2079874674479,282.8621520996094,17000,0.0,0.0
2012-01-30 00:00:00+09:00,288.6517688860212,289.4788513183594,282.86219185965405,289.4788513183594,12800,0.0,0.0
2012-01-31 00:00:00+09:00,291.9600830078125,293.61424778406075,287.8246710671919,291.9600830078125,11300,0.0,0.0
2012-02-01 00:00:00+09:00,295.2684415634364,304.36634872645544,292.78719415534033,301.8851013183594,12500,0.0,0.0
2012-02-02 00:00:00+09:00,306.0205225394814,312.637182486281,302.7121925660816,308.50177001953125,23100,0.0,0.0
2012-02-03 00:00:00+09:00,312.6371401906933,321.73504638671875,311.8100578092364,321.73504638671875,20700,0.0,0.0
2012-02-06 00:00:00+09:00,328.3517194691271,334.14129638671875,317.5996480507426,334.14129638671875,34400,0.0,0.0
2012-02-07 00:00:00+09:00,334.14125064784247,338.2766621657613,327.5245922191723,336.62249755859375,22400,0.0,0.0
2012-02-08 00:00:00+09:00,332.4870860406749,338.2766621657613,330.83292143350735,336.62249755859375,18300,0.0,0.0
2012-02-09 00:00:00+09:00,336.6225551856956,336.6225551856956,319.2538238370479,325.8704833984375,15400,0.0,0.0
2012-02-10 00:00:00+09:00,323.38921238984057,323.38921238984057,297.7496584663494,306.8475646972656,43400,0.0,0.0
2012-02-13 00:00:00+09:00,300.2309779116982,300.2309779116982,285.3434914036801,298.5768127441406,44400,0.0,0.0
2012-02-14 00:00:00+09:00,301.8850502678461,313.4642028808594,299.40380327934326,313.4642028808594,54600,0.0,0.0
2012-02-15 00:00:00+09:00,299.4038433292048,305.19342041015625,295.26843112852515,305.19342041015625,173200,0.0,0.0
2012-02-16 00:00:00+09:00,285.0707761561149,295.9705411267899,285.0707761561149,290.93988037109375,86600,5.0,0.0
2012-02-17 00:00:00+09:00,297.64743825551625,317.77008196856525,295.97055127942883,310.2240905761719,144000,0.0,0.0
2012-02-20 00:00:00+09:00,299.32431496392064,304.3549757196168,290.93988037109375,290.93988037109375,58800,0.0,0.0
2012-02-21 00:00:00+09:00,290.10142563843795,302.6780770389483,281.71699137143105,301.0011901855469,111800,0.0,0.0
2012-02-22 00:00:00+09:00,285.9092252914515,303.5165382859397,285.9092252914515,296.8089904785156,78400,0.0,0.0
2012-02-23 00:00:00+09:00,297.6473660415478,298.4858093261719,285.07071677218664,298.4858093261719,33300,0.0,0.0
2012-02-24 00:00:00+09:00,297.6474537568934,301.00122788373164,295.97056669347427,299.3243408203125,29400,0.0,0.0
2012-02-27 00:00:00+09:00,293.4551967175258,299.32430065187634,293.4551967175258,294.29364013671875,21000,0.0,0.0
2012-02-28 00:00:00+09:00,297.6474068185088,297.6474068185088,286.7476426251549,295.97052001953125,21700,0.0,0.0
2012-02-29 00:00:00+09:00,292.61674353558084,292.61674353558084,287.58608318826424,289.2629699707031,24900,0.0,0.0
2012-03-01 00:00:00+09:00,290.1014039226782,290.1014039226782,269.14031982421875,269.14031982421875,32500,0.0,0.0
2012-03-02 00:00:00+09:00,271.6556363591177,280.0400695800781,271.6556363591177,280.0400695800781,8000,0.0,0.0
2012-03-05 00:00:00+09:00,282.5554575450385,282.5554575450385,280.8785705566406,280.8785705566406,6100,0.0,0.0
2012-03-06 00:00:00+09:00,280.8785705566406,280.8785705566406,280.8785705566406,280.8785705566406,0,0.0,0.0
2012-03-07 00:00:00+09:00,280.8785705566406,282.5554575450385,275.8479095914471,280.8785705566406,4600,0.0,0.0
2012-03-08 00:00:00+09:00,280.8785705566406,280.8785705566406,280.8785705566406,280.8785705566406,0,0.0,0.0
2012-03-09 00:00:00+09:00,285.07070661272326,300.1626851981027,285.07070661272326,293.45513916015625,18400,0.0,0.0
2012-03-12 00:00:00+09:00,293.45513916015625,293.45513916015625,293.45513916015625,293.45513916015625,0,0.0,0.0
2012-03-13 00:00:00+09:00,290.9399037183527,292.6167907714844,286.7476860855234,292.6167907714844,2900,0.0,0.0
2012-03-14 00:00:00+09:00,292.61674642157624,295.97052001953125,287.5860860246437,295.97052001953125,7400,0.0,0.0
2012-03-15 00:00:00+09:00,294.2936778246161,295.97056487774785,291.7783472449185,292.6167907714844,4900,0.0,0.0
2012-03-16 00:00:00+09:00,295.97056487774785,295.97056487774785,290.1014601917868,292.6167907714844,3000,0.0,0.0
2012-03-19 00:00:00+09:00,294.29364013671875,297.64741381349046,293.4551967175258,294.29364013671875,21200,0.0,0.0
2012-03-21 00:00:00+09:00,295.13202566964287,295.13202566964287,293.45513916015625,293.45513916015625,7100,0.0,0.0
2012-03-22 00:00:00+09:00,292.61675329833287,296.80897039429755,292.61675329833287,294.29364013671875,3500,0.0,0.0
2012-03-23 00:00:00+09:00,290.9399037183527,292.6167907714844,285.90924255895754,292.6167907714844,8000,0.0,0.0
2012-03-26 00:00:00+09:00,289.26294621503735,294.29360614921194,287.5860595703125,287.5860595703125,5100,0.0,0.0
2012-03-27 00:00:00+09:00,286.74770390710165,292.6168089578318,285.0708167497502,288.4245910644531,12800,0.0,0.0
2012-03-28 00:00:00+09:00,288.42447963169644,298.4857986886161,288.42447963169644,293.45513916015625,12200,0.0,0.0
2012-03-29 00:00:00+09:00,292.61678010767156,295.1321105957031,290.10144961964,295.1321105957031,5400,0.0,0.0
2012-03-30 00:00:00+09:00,296.8089904785156,299.32432090629965,296.8089904785156,296.8089904785156,10100,0.0,0.0
2012-04-02 00:00:00+09:00,298.48590609127496,306.0318980992005,296.80901897840266,304.3550109863281,35700,0.0,0.0
2012-04-03 00:00:00+09:00,306.0318683825041,320.2854074578536,301.8396510074013,318.6085205078125,61400,0.0,0.0
2012-04-04 00:00:00+09:00,352.1462628399884,356.3384802547502,332.0236192491319,339.5696105957031,172300,0.0,0.0
2012-04-05 00:00:00+09:00,334.53896915211396,337.89274327895225,325.31609030330884,327.8314208984375,32200,0.0,0.0
2012-04-06 00:00:00+09:00,329.50829224539274,342.92338811288965,329.50829224539274,338.7311706542969,32300,0.0,0.0
2012-04-09 00:00:00+09:00,348.792483998494,352.14625788309485,339.5696058158415,347.95404052734375,39900,0.0,0.0
2012-04-10 00:00:00+09:00,347.9539898666495,349.63087656480207,337.8926696777344,337.8926696777344,17200,0.0,0.0
2012-04-11 00:00:00+09:00,332.02358022836535,332.02358022836535,325.3160331530448,326.992919921875,11300,0.0,0.0
2012-04-12 00:00:00+09:00,326.1545338350184,335.37741268382354,321.12387264476104,327.8314208984375,15500,0.0,0.0
2012-04-13 00:00:00+09:00,331.1851914074956,337.05429606534994,328.66986083984375,328.66986083984375,6200,0.0,0.0
2012-04-16 00:00:00+09:00,318.6084922194781,335.37736023102957,315.2547186171678,332.8620300292969,37700,0.0,0.0
2012-04-17 00:00:00+09:00,334.5389452152203,334.5389452152203,324.4776235546122,326.1545104980469,9800,0.0,0.0
2012-04-18 00:00:00+09:00,326.1545104980469,326.9929539697642,323.6391800828948,326.1545104980469,2400,0.0,0.0
2012-04-19 00:00:00+09:00,325.3160884847218,325.3160884847218,316.09320968747454,321.1238708496094,6500,0.0,0.0
2012-04-20 00:00:00+09:00,317.77005701039764,321.9622741213528,315.2547267438246,316.0931701660156,14000,0.0,0.0
2012-04-23 00:00:00+09:00,316.93160541832293,332.8620300292969,315.2547186171678,332.8620300292969,17500,0.0,0.0
2012-04-24 00:00:00+09:00,331.1851571352427,331.1851571352427,324.4776096489593,329.5082702636719,6300,0.0,0.0
2012-04-25 00:00:00+09:00,329.5082702636719,335.37737431416986,329.5082702636719,329.5082702636719,7900,0.0,0.0
2012-04-26 00:00:00+09:00,329.50823998451233,332.86201341946924,320.285363038381,321.9622497558594,6200,0.0,0.0
2012-04-27 00:00:00+09:00,322.80075790365436,326.99297553876676,315.25476616045205,321.1238708496094,7800,0.0,0.0
2012-05-01 00:00:00+09:00,321.12381670293536,321.12381670293536,313.5778262321092,319.4469299316406,10000,0.0,0.0
2012-05-02 00:00:00+09:00,321.12381670293536,321.12381670293536,313.5778262321092,319.4469299316406,10000,0.0,0.0
2012-05-07 00:00:00+09:00,314.416259765625,319.446919921875,314.416259765625,314.416259765625,6200,0.0,0.0
2012-05-08 00:00:00+09:00,302.6780991837785,312.739421040303,302.6780991837785,310.2240905761719,6500,0.0,0.0
2012-05-09 00:00:00+09:00,310.2240905761719,311.0625340642156,306.03187313595333,310.2240905761719,8200,0.0,0.0
2012-05-10 00:00:00+09:00,306.87030733548676,311.0625246488131,303.5165334848257,305.19342041015625,4800,0.0,0.0
2012-05-11 00:00:00+09:00,299.3243185936371,304.35497941033685,290.1014404296875,290.1014404296875,15500,0.0,0.0
2012-05-14 00:00:00+09:00,280.0400695800781,294.2936060557109,280.0400695800781,280.0400695800781,11600,0.0,0.0
2012-05-15 00:00:00+09:00,276.6863062241498,292.6167299158433,255.72522241928996,285.07073974609375,22000,0.0,0.0
2012-05-16 00:00:00+09:00,268.3019126333841,276.68634740317736,267.4634691564048,275.00946044921875,13700,0.0,0.0
2012-05-17 00:00:00+09:00,276.68631962367465,281.71697998046875,275.00943283807663,281.71697998046875,6200,0.0,0.0
2012-05-18 00:00:00+09:00,275.84790392619806,280.878564788074,273.3325734952601,275.00946044921875,1900,0.0,0.0
2012-05-21 00:00:00+09:00,275.0094801796167,280.8785849395475,275.0094801796167,277.5248107910156,900,0.0,0.0
2012-05-22 00:00:00+09:00,280.04009319487074,284.2323101588658,280.04009319487074,281.71697998046875,1800,0.0,0.0
2012-05-23 00:00:00+09:00,280.0401035801426,280.0401035801426,279.20166015625,279.20166015625,3300,0.0,0.0
2012-05-24 00:00:00+09:00,283.393895219012,283.393895219012,272.49413001828077,275.00946044921875,1800,0.0,0.0
2012-05-25 00:00:00+09:00,275.00946609724815,280.8785705566406,275.00946609724815,280.8785705566406,1500,0.0,0.0
2012-05-28 00:00:00+09:00,283.39386676606676,283.39386676606676,279.2016498020717,281.71697998046875,2000,0.0,0.0
2012-05-29 00:00:00+09:00,280.0401008488582,280.0401008488582,264.10967595027046,272.4941101074219,10600,0.0,0.0
2012-05-30 00:00:00+09:00,271.65565300567533,275.8478698730469,271.65565300567533,275.8478698730469,400,0.0,0.0
2012-05-31 00:00:00+09:00,269.97877986027646,272.4941101074219,266.62500619741587,272.4941101074219,2500,0.0,0.0
2012-06-01 00:00:00+09:00,268.30189646026236,271.6556701660156,264.9481227545091,271.6556701660156,5200,0.0,0.0
2012-06-04 00:00:00+09:00,264.9481236049107,264.9481236049107,256.56368931361607,264.10968017578125,29300,0.0,0.0
2012-06-05 00:00:00+09:00,263.27122002015926,263.27122002015926,255.72522963741585,260.7558898925781,10600,0.0,0.0
2012-06-06 00:00:00+09:00,261.59439815398184,261.59439815398184,259.07906740250127,259.9175109863281,3100,0.0,0.0
2012-06-07 00:00:00+09:00,265.78656703404016,265.78656703404016,262.4327933175223,264.10968017578125,4500,0.0,0.0
2012-06-08 00:00:00+09:00,260.7558729920206,264.9480895996094,259.9174296705028,264.9480895996094,2000,0.0,0.0
2012-06-11 00:00:00+09:00,263.2712495803833,268.3019104003906,263.2712495803833,268.3019104003906,4500,0.0,0.0
2012-06-12 00:00:00+09:00,263.27125305367116,267.4634704589844,262.4328095726085,267.4634704589844,900,0.0,0.0
2012-06-13 00:00:00+09:00,269.14035387039183,269.14035387039183,268.3019104003906,268.3019104003906,2200,0.0,0.0
2012-06-14 00:00:00+09:00,265.7865834968591,267.4634704589844,264.94814001579647,267.4634704589844,600,0.0,0.0
2012-06-15 00:00:00+09:00,263.27123674665177,265.78656703404016,262.4327933175223,264.10968017578125,3600,0.0,0.0
2012-06-18 00:00:00+09:00,265.7865566037736,268.3018867924528,262.4327830188679,266.625,6100,0.0,0.0
2012-06-19 00:00:00+09:00,264.1096930503845,268.3019104003906,262.43280611038205,268.3019104003906,4700,0.0,0.0
2012-06-20 00:00:00+09:00,267.463433096342,269.14031982421875,266.6249897324036,269.14031982421875,2100,0.0,0.0
2012-06-21 00:00:00+09:00,269.1403433501536,270.8172302246094,266.62501303846994,270.8172302246094,3500,0.0,0.0
2012-06-22 00:00:00+09:00,269.1403195467862,276.6863098144531,269.1403195467862,276.6863098144531,2300,0.0,0.0
2012-06-25 00:00:00+09:00,278.36323435713604,278.36323435713604,274.1710169722394,275.00946044921875,9200,0.0,0.0
2012-06-26 00:00:00+09:00,275.84787623087567,282.5554233732678,275.84787623087567,281.71697998046875,7500,0.0,0.0
2012-06-27 00:00:00+09:00,282.5554233732678,283.39386676606676,280.04009319487074,281.71697998046875,3700,0.0,0.0
2012-06-28 00:00:00+09:00,281.71697998046875,288.42452712286087,280.8785365876697,281.71697998046875,9000,0.0,0.0
2012-06-29 00:00:00+09:00,283.3938764605606,290.10142383240816,280.8785461961177,286.7476501464844,14000,0.0,0.0
2012-07-02 00:00:00+09:00,301.8396465594952,318.6085158128005,289.26299461951623,305.19342041015625,67100,0.0,0.0
2012-07-03 00:00:00+09:00,305.19338281250003,326.99291015625,301.839609375,314.416259765625,38800,0.0,0.0
2012-07-04 00:00:00+09:00,316.9316477674119,324.47763938092174,311.0625431791265,315.2547607421875,25300,0.0,0.0
2012-07-05 00:00:00+09:00,317.7700500488281,319.44693685647366,311.90094622206874,317.7700500488281,16000,0.0,0.0
2012-07-06 00:00:00+09:00,317.770040149024,318.6084835267259,311.9009365051106,312.7393798828125,9200,0.0,0.0
2012-07-09 00:00:00+09:00,310.2240883843016,316.09319275913975,302.678097045224,303.51654052734375,9600,0.0,0.0
2012-07-10 00:00:00+09:00,311.0625295692918,311.0625295692918,296.8089904785156,296.8089904785156,14500,0.0,0.0
2012-07-11 00:00:00+09:00,296.80898695395024,298.48587388589345,296.80898695395024,297.6474304199219,400,0.0,0.0
2012-07-12 00:00:00+09:00,295.9705832725347,295.9705832725347,287.58614748577736,288.4245910644531,5900,0.0,0.0
2012-07-13 00:00:00+09:00,288.4245499932457,292.61676728965915,287.586106533963,290.93988037109375,5500,0.0,0.0
2012-07-17 00:00:00+09:00,295.13212316176475,303.5165584788603,295.13212316176475,299.3243408203125,6000,0.0,0.0
2012-07-18 00:00:00+09:00,304.3549720501078,304.3549720501078,291.7783203125,291.7783203125,8600,0.0,0.0
2012-07-19 00:00:00+09:00,291.7783124918393,301.0011901855469,291.7783124918393,301.0011901855469,2100,0.0,0.0
2012-07-20 00:00:00+09:00,301.8396513340837,301.8396513340837,296.8089904785156,296.8089904785156,5300,0.0,0.0
2012-07-23 00:00:00+09:00,296.8089574253524,298.4858441904674,277.52475962653006,282.555419921875,10100,0.0,0.0
2012-07-24 00:00:00+09:00,278.3632064092727,289.2629705156599,278.3632064092727,281.71697998046875,5600,0.0,0.0
2012-07-25 00:00:00+09:00,275.00946756374617,280.8785720544359,273.33258056640625,273.33258056640625,7300,0.0,0.0
2012-07-26 00:00:00+09:00,273.33257910885027,280.8785705566406,273.33257910885027,280.8785705566406,4600,0.0,0.0
2012-07-27 00:00:00+09:00,280.8785129914131,287.5860595703125,280.8785129914131,287.5860595703125,1800,0.0,0.0
2012-07-30 00:00:00+09:00,293.4552236036821,295.1321105957031,285.9092321395874,295.1321105957031,2500,0.0,0.0
2012-07-31 00:00:00+09:00,293.4552143074873,293.4552143074873,283.3938926740878,290.1014404296875,5300,0.0,0.0
2012-08-01 00:00:00+09:00,294.29365066002157,295.97053755836924,290.93987686332616,291.7783203125,3700,0.0,0.0
2012-08-02 00:00:00+09:00,292.61669590541294,293.45513916015625,292.61669590541294,293.45513916015625,1500,0.0,0.0
2012-08-03 00:00:00+09:00,298.4858679058908,298.4858679058908,291.7783203125,291.7783203125,1600,0.0,0.0
2012-08-06 00:00:00+09:00,300.16273701697503,301.83962381595256,295.97052001953125,295.97052001953125,5000,0.0,0.0
2012-08-07 00:00:00+09:00,300.16276206308703,300.16276206308703,290.1014404296875,290.1014404296875,1900,0.0,0.0
2012-08-08 00:00:00+09:00,290.10142383240816,290.10142383240816,286.7476501464844,286.7476501464844,5800,0.0,0.0
2012-08-09 00:00:00+09:00,286.7476368346625,286.7476368346625,281.7169765393175,282.555419921875,4300,0.0,0.0
2012-08-10 00:00:00+09:00,285.0707295126544,285.0707295126544,280.0400695800781,280.0400695800781,5000,0.0,0.0
2012-08-13 00:00:00+09:00,280.8785470040353,282.55543385182057,276.68632988457205,279.20166015625,9400,0.0,0.0
2012-08-14 00:00:00+09:00,278.36323435713604,278.36323435713604,275.00946044921875,275.00946044921875,10300,0.0,0.0
2012-08-15 00:00:00+09:00,274.1710169722394,292.61677346578455,274.1710169722394,275.00946044921875,17600,0.0,0.0
2012-08-16 00:00:00+09:00,275.8609135394495,276.7123361121021,273.3066458214916,275.0094909667969,7300,5.0,0.0
2012-08-17 00:00:00+09:00,275.0094354717548,280.1179698768029,275.0094354717548,276.7122802734375,6000,0.0,0.0
2012-08-20 00:00:00+09:00,280.9694033915511,282.6722482605908,277.56371365347167,280.11798095703125,7600,0.0,0.0
2012-08-21 00:00:00+09:00,281.8208639694869,281.8208639694869,276.71232867094636,277.5637512207031,4200,0.0,0.0
2012-08-22 00:00:00+09:00,280.9693603515625,282.6722049597538,276.71224883108425,280.9693603515625,24500,0.0,0.0
2012-08-23 00:00:00+09:00,280.1180264027126,280.9694489753652,274.15806839414427,275.0094909667969,20300,0.0,0.0
2012-08-24 00:00:00+09:00,278.4151737704599,278.4151737704599,276.71232867094636,277.5637512207031,2300,0.0,0.0
2012-08-27 00:00:00+09:00,279.26654747596154,279.26654747596154,275.0094354717548,276.7122802734375,6700,0.0,0.0
2012-08-28 00:00:00+09:00,274.1580088873329,275.0094312751818,269.90089694808864,270.7523193359375,10800,0.0,0.0
2012-08-29 00:00:00+09:00,272.45515159678683,280.9693750841864,265.64377280686716,271.6037292480469,9200,0.0,0.0
2012-08-30 00:00:00+09:00,275.86085015955103,318.4319690113336,271.6037382743728,302.25494384765625,92600,0.0,0.0
2012-08-31 00:00:00+09:00,297.14642964742825,297.14642964742825,276.7122912189518,280.11798095703125,51300,0.0,0.0
2012-09-03 00:00:00+09:00,276.7123488906007,276.7123488906007,270.75239060680315,274.1580810546875,9600,0.0,0.0
2012-09-04 00:00:00+09:00,275.0094326616476,275.0094326616476,266.4952087402344,266.4952087402344,9800,0.0,0.0
2012-09-05 00:00:00+09:00,273.3065950455204,273.3065950455204,263.9409484863281,263.9409484863281,13700,0.0,0.0
2012-09-06 00:00:00+09:00,264.7923889160156,267.3466563332119,261.38669902642056,264.7923889160156,11100,0.0,0.0
2012-09-07 00:00:00+09:00,265.6437918526786,268.19805908203125,265.6437918526786,268.19805908203125,7500,0.0,0.0
2012-09-10 00:00:00+09:00,274.15801595052085,274.15801595052085,267.34663667224703,268.19805908203125,7200,0.0,0.0
2012-09-11 00:00:00+09:00,268.1980605586882,268.1980605586882,254.57530192713583,263.9409484863281,15100,0.0,0.0
2012-09-12 00:00:00+09:00,260.53525335138494,265.6437877308239,257.9809861616655,262.23809814453125,10900,0.0,0.0
2012-09-13 00:00:00+09:00,269.04948855669073,269.04948855669073,263.94095396384216,265.643798828125,8100,0.0,0.0
2012-09-14 00:00:00+09:00,267.3466311323757,268.19805352451704,264.7923639559517,266.4952087402344,13100,0.0,0.0
2012-09-18 00:00:00+09:00,268.19805908203125,275.00943836030507,268.19805908203125,268.19805908203125,21900,0.0,0.0
2012-09-19 00:00:00+09:00,249.46674152956172,258.83238711599574,248.61531920352226,251.16958618164062,74400,0.0,0.0
2012-09-20 00:00:00+09:00,249.46679230250092,253.72390479913062,249.46679230250092,252.8724822998047,9400,0.0,0.0
2012-09-21 00:00:00+09:00,250.3182373046875,251.16965988055378,248.61539215295494,250.3182373046875,8700,0.0,0.0
2012-09-24 00:00:00+09:00,250.31817227562001,254.57528404901493,250.31817227562001,253.72386169433594,5800,0.0,0.0
2012-09-25 00:00:00+09:00,253.72385315975902,254.57527548579847,249.46674152956172,251.16958618164062,13500,0.0,0.0
2012-09-26 00:00:00+09:00,250.3182373046875,252.87250503228634,248.61539215295494,250.3182373046875,6600,0.0,0.0
2012-09-27 00:00:00+09:00,252.87250503228634,252.87250503228634,250.3182373046875,250.3182373046875,3100,0.0,0.0
2012-09-28 00:00:00+09:00,250.3182373046875,257.12961791161774,250.3182373046875,250.3182373046875,10100,0.0,0.0
2012-10-01 00:00:00+09:00,250.3182373046875,255.4267727598852,250.3182373046875,250.3182373046875,10300,0.0,0.0
2012-10-02 00:00:00+09:00,251.1696346386059,255.4267470901077,251.1696346386059,252.02105712890625,10800,0.0,0.0
2012-10-03 00:00:00+09:00,253.72390479913062,254.57532729845659,250.31821480182685,252.8724822998047,4400,0.0,0.0
2012-10-04 00:00:00+09:00,252.8724822998047,252.8724822998047,249.46679230250092,252.8724822998047,6400,0.0,0.0
2012-10-05 00:00:00+09:00,252.87239413212592,252.87239413212592,249.46670532226562,249.46670532226562,10000,0.0,0.0
2012-10-09 00:00:00+09:00,251.16965988055378,252.87250503228634,248.61539215295494,250.3182373046875,4300,0.0,0.0
2012-10-10 00:00:00+09:00,252.87243933965695,254.57528404901493,249.46674992094103,253.72386169433594,9100,0.0,0.0
2012-10-11 00:00:00+09:00,253.72390479913062,253.72390479913062,250.31821480182685,252.8724822998047,5200,0.0,0.0
2012-10-12 00:00:00+09:00,252.87239413212592,252.87239413212592,249.46670532226562,249.46670532226562,5100,0.0,0.0
2012-10-15 00:00:00+09:00,250.3182373046875,250.3182373046875,250.3182373046875,250.3182373046875,2000,0.0,0.0
2012-10-16 00:00:00+09:00,248.61535371865605,248.61535371865605,245.20966394168815,247.76393127441406,16000,0.0,0.0
2012-10-17 00:00:00+09:00,249.4667706341067,250.31819305947906,246.0610809326172,246.0610809326172,7000,0.0,0.0
2012-10-18 00:00:00+09:00,246.06108638593014,247.7639312744141,245.20966394168815,247.76393127441406,10500,0.0,0.0
2012-10-19 00:00:00+09:00,248.61535371865605,248.61535371865605,247.7639312744141,247.76393127441406,3300,0.0,0.0
2012-10-22 00:00:00+09:00,247.76391878519973,248.61534118652344,246.912496383876,248.61534118652344,6200,0.0,0.0
2012-10-23 00:00:00+09:00,249.46670532226562,250.3181275247307,249.46670532226562,249.46670532226562,3000,0.0,0.0
2012-10-24 00:00:00+09:00,249.4667706341067,249.4667706341067,245.2096585072448,246.0610809326172,17300,0.0,0.0
2012-10-25 00:00:00+09:00,246.0610809326172,246.91250335798955,245.2096585072448,246.0610809326172,5300,0.0,0.0
2012-10-26 00:00:00+09:00,246.912496383876,249.46676358784714,245.2096515812286,248.61534118652344,5000,0.0,0.0
2012-10-29 00:00:00+09:00,250.3181275247307,251.16954972719577,246.06101651240533,249.46670532226562,5900,0.0,0.0
2012-10-30 00:00:00+09:00,248.61535097319504,250.31819584287445,245.2096612338362,246.91250610351562,13500,0.0,0.0
2012-10-31 00:00:00+09:00,248.61539215295494,250.3182373046875,248.61539215295494,250.3182373046875,8100,0.0,0.0
2012-11-01 00:00:00+09:00,250.31816385560117,251.16958618164062,250.31816385560117,251.16958618164062,3800,0.0,0.0
2012-11-02 00:00:00+09:00,246.91247455144332,252.0210085076801,246.91247455144332,251.16958618164062,21700,0.0,0.0
2012-11-05 00:00:00+09:00,255.42671482428366,257.12955958977886,251.1696029105456,256.27813720703125,16700,0.0,0.0
2012-11-06 00:00:00+09:00,255.42670135001018,262.2380800526771,255.42670135001018,261.38665771484375,12000,0.0,0.0
2012-11-07 00:00:00+09:00,260.53525475228184,262.2380995545844,257.9809875488281,257.9809875488281,4100,0.0,0.0
2012-11-08 00:00:00+09:00,256.2781303807309,258.8323974609375,255.426708020662,258.8323974609375,3200,0.0,0.0
2012-11-09 00:00:00+09:00,257.9809861616655,262.23809814453125,257.1295637650923,262.23809814453125,3200,0.0,0.0
2012-11-12 00:00:00+09:00,265.64378634809304,272.45516548522363,262.2380967795278,266.4952087402344,31900,0.0,0.0
2012-11-13 00:00:00+09:00,266.49519174184394,269.04945875534406,255.42670135001018,261.38665771484375,9300,0.0,0.0
2012-11-14 00:00:00+09:00,257.12955828897316,261.3866701811747,257.12955828897316,260.5352478027344,2600,0.0,0.0
2012-11-15 00:00:00+09:00,258.83244588883196,259.6838684082031,256.2781783307185,259.6838684082031,2200,0.0,0.0
2012-11-16 00:00:00+09:00,261.3866866674179,265.643798828125,260.53526423527643,265.643798828125,4200,0.0,0.0
2012-11-19 00:00:00+09:00,272.45518937895565,274.15803431257416,265.6438096444818,269.04949951171875,7700,0.0,0.0
2012-11-20 00:00:00+09:00,272.4551641116352,275.0094312751818,268.19805217239093,270.7523193359375,4300,0.0,0.0
2012-11-21 00:00:00+09:00,269.90095553088116,275.0094909667969,269.90095553088116,275.0094909667969,6800,0.0,0.0
2012-11-22 00:00:00+09:00,276.71224883108425,282.6722049597538,274.15798191879736,280.9693603515625,13800,0.0,0.0
2012-11-26 00:00:00+09:00,280.9693603515625,281.82078265565815,278.41509343927555,280.9693603515625,4000,0.0,0.0
2012-11-27 00:00:00+09:00,279.26659632021665,279.26659632021665,277.5637512207031,277.5637512207031,3900,0.0,0.0
2012-11-28 00:00:00+09:00,276.71225544874096,279.26652242211395,275.0094107998256,278.41510009765625,6100,0.0,0.0
2012-11-29 00:00:00+09:00,275.00944634991214,280.11798095703125,273.3066014808724,280.11798095703125,4400,0.0,0.0
2012-11-30 00:00:00+09:00,278.41510009765625,281.82078939548694,276.71225544874096,278.41510009765625,4300,0.0,0.0
2012-12-03 00:00:00+09:00,276.7122621889468,279.26652922453707,275.86083984375,275.86083984375,10500,0.0,0.0
2012-12-04 00:00:00+09:00,277.56371365347167,280.11798095703125,275.00944634991214,280.11798095703125,40600,0.0,0.0
2012-12-05 00:00:00+09:00,280.9694033915511,280.9694033915511,279.2665585225114,280.11798095703125,11900,0.0,0.0
2012-12-06 00:00:00+09:00,276.71232867094636,281.8208639694869,275.8609061211896,277.5637512207031,8200,0.0,0.0
2012-12-07 00:00:00+09:00,276.7122802734375,280.9693922776442,272.45516826923074,276.7122802734375,10800,0.0,0.0
2012-12-10 00:00:00+09:00,279.266616726514,279.266616726514,274.1580810546875,274.1580810546875,9100,0.0,0.0
2012-12-11 00:00:00+09:00,274.15801307091346,280.1179698768029,274.15801307091346,276.7122802734375,7700,0.0,0.0
2012-12-12 00:00:00+09:00,276.71224883108425,280.9693603515625,275.00940422289295,280.9693603515625,6800,0.0,0.0
2012-12-13 00:00:00+09:00,280.96936707102924,282.6722117199446,278.41510009765625,278.41510009765625,9000,0.0,0.0
2012-12-14 00:00:00+09:00,281.82078939548694,282.6722117199446,278.41510009765625,278.41510009765625,5100,0.0,0.0
2012-12-17 00:00:00+09:00,279.26657459771457,286.92937694948114,278.41515211418493,285.2265319824219,8700,0.0,0.0
2012-12-18 00:00:00+09:00,282.672253749882,288.63221090725904,280.9694088477743,281.8208312988281,17800,0.0,0.0
2012-12-19 00:00:00+09:00,287.78079943301077,287.78079943301077,282.67226453183304,285.2265319824219,11100,0.0,0.0
2012-12-20 00:00:00+09:00,287.7807922363281,287.7807922363281,285.22652484961515,287.7807922363281,10100,0.0,0.0
2012-12-21 00:00:00+09:00,289.4836551812546,293.74076775744953,282.6722750593427,288.6322326660156,15700,0.0,0.0
2012-12-25 00:00:00+09:00,289.4836316789899,290.33505412510465,286.07794189453125,286.07794189453125,17700,0.0,0.0
2012-12-26 00:00:00+09:00,284.3750986519897,287.78078845620513,275.0094516903972,281.8208312988281,34500,0.0,0.0
2012-12-27 00:00:00+09:00,284.3750986519897,287.78078845620513,275.0094516903972,281.8208312988281,34500,0.0,0.0
2012-12-28 00:00:00+09:00,289.48364982265394,289.48364982265394,284.37511482578356,286.92938232421875,11300,0.0,0.0
2013-01-04 00:00:00+09:00,288.6321828413983,294.5921394192443,286.92933810487085,292.0378723144531,28300,0.0,0.0
2013-01-07 00:00:00+09:00,297.9978512494992,301.40354097806494,291.1864717923678,298.8492736816406,52500,0.0,0.0
2013-01-08 00:00:00+09:00,301.40351467026017,313.32342767981845,297.9978252389578,304.8092041015625,20800,0.0,0.0
2013-01-09 00:00:00+09:00,297.9978512494992,304.8092307066306,297.9978512494992,298.8492736816406,10200,0.0,0.0
2013-01-10 00:00:00+09:00,302.2550100973006,304.8092777882637,299.70074240633755,303.9578552246094,19000,0.0,0.0
2013-01-11 00:00:00+09:00,304.8092109787632,309.9177452409771,302.25494384765625,302.25494384765625,7700,0.0,0.0
2013-01-15 00:00:00+09:00,308.21490478515625,312.4720167297026,306.5120600073377,308.21490478515625,10700,0.0,0.0
2013-01-16 00:00:00+09:00,310.76924103548265,311.6206636136621,305.66070556640625,305.66070556640625,14300,0.0,0.0
2013-01-17 00:00:00+09:00,303.1063662246919,309.0663228639414,302.25494384765625,302.25494384765625,15100,0.0,0.0
2013-01-18 00:00:00+09:00,302.2550152536886,309.0663958791239,301.40359267550923,305.66070556640625,16400,0.0,0.0
2013-01-21 00:00:00+09:00,307.3634948730469,309.91776214346004,304.80922760263377,307.3634948730469,6600,0.0,0.0
2013-01-22 00:00:00+09:00,309.0663215637207,310.76916631062824,306.5120544433594,306.5120544433594,10600,0.0,0.0
2013-01-23 00:00:00+09:00,306.5120544433594,309.0663215637207,304.80920969645183,306.5120544433594,6700,0.0,0.0
2013-01-24 00:00:00+09:00,306.5120488172137,307.3634711750393,302.25493702808575,304.8092041015625,9600,0.0,0.0
2013-01-25 00:00:00+09:00,305.6606500261048,309.91776214346004,305.6606500261048,307.3634948730469,7600,0.0,0.0
2013-01-28 00:00:00+09:00,309.9177577241938,320.98624907148644,308.2149129015334,320.13482666015625,24000,0.0,0.0
2013-01-29 00:00:00+09:00,320.98632564844263,326.94628394960733,312.4720995039216,325.2434387207031,21500,0.0,0.0
2013-01-30 00:00:00+09:00,326.9461975097656,332.0547318458557,324.3919303417206,326.9461975097656,19900,0.0,0.0
2013-01-31 00:00:00+09:00,327.797630939287,336.3118551195282,327.797630939287,330.3518981933594,13500,0.0,0.0
2013-02-01 00:00:00+09:00,334.6089850792518,338.86609684870797,330.3518733097957,332.0547180175781,14900,0.0,0.0
2013-02-04 00:00:00+09:00,338.86615176601265,338.86615176601265,332.05477183101743,334.6090393066406,25000,0.0,0.0
2013-02-05 00:00:00+09:00,332.05474302940763,335.4604327015041,328.6490533573111,330.3518981933594,21400,0.0,0.0
2013-02-06 00:00:00+09:00,334.6090645948639,337.163332263527,331.2033743699798,332.9062194824219,16300,0.0,0.0
2013-02-07 00:00:00+09:00,336.3118297870343,340.5689415564904,332.0547180175781,332.0547180175781,19800,0.0,0.0
2013-02-08 00:00:00+09:00,335.46046179851504,335.46046179851504,330.3519268472686,334.6090393066406,14800,0.0,0.0
2013-02-12 00:00:00+09:00,336.31188429038946,338.01472927413823,328.6490818635198,334.6090393066406,35900,0.0,0.0
2013-02-13 00:00:00+09:00,336.31187340900647,336.31187340900647,329.5004936943937,331.2033386230469,26200,0.0,0.0
2013-02-14 00:00:00+09:00,332.05475905845907,332.9061815175833,315.026309875974,320.98626708984375,42900,0.0,0.0
2013-02-15 00:00:00+09:00,311.6206069904021,315.0262966842863,297.9978482148654,307.3634948730469,183200,0.0,0.0
2013-02-18 00:00:00+09:00,301.31980213838466,301.31980213838466,291.8226163976333,293.54937744140625,98800,5.0,0.0
2013-02-19 00:00:00+09:00,291.8226861298974,292.6860668580924,288.36916321711755,289.2325439453125,21200,0.0,0.0
2013-02-20 00:00:00+09:00,293.5493847371538,297.00290691053203,293.5493847371538,296.1395263671875,22200,0.0,0.0
2013-02-21 00:00:00+09:00,295.2761307433903,295.2761307433903,290.95922824714194,294.4127502441406,18600,0.0,0.0
2013-02-22 00:00:00+09:00,294.4127502441406,296.13951124264,292.6859892456413,294.4127502441406,16900,0.0,0.0
2013-02-25 00:00:00+09:00,294.4127502441406,295.2761307433903,290.95922824714194,294.4127502441406,47200,0.0,0.0
2013-02-26 00:00:00+09:00,290.95926684424995,291.8226474580311,288.36912500290646,290.09588623046875,25000,0.0,0.0
2013-02-27 00:00:00+09:00,290.09588623046875,290.09588623046875,288.36912500290646,290.09588623046875,12000,0.0,0.0
2013-02-28 00:00:00+09:00,291.8226861298974,291.8226861298974,289.2325439453125,289.2325439453125,20000,0.0,0.0
2013-03-01 00:00:00+09:00,290.0958553538603,293.54937744140625,289.2324748319738,293.54937744140625,18200,0.0,0.0
2013-03-04 00:00:00+09:00,293.54940080501206,294.41278139561507,290.09587844260017,290.9592590332031,24700,0.0,0.0
2013-03-05 00:00:00+09:00,292.6859819789133,294.4127429345411,288.36907958984375,288.36907958984375,32000,0.0,0.0
2013-03-06 00:00:00+09:00,290.95922102328547,290.95922102328547,286.64231863421594,288.36907958984375,19500,0.0,0.0
2013-03-07 00:00:00+09:00,289.2324984897006,290.0958790822072,285.7789761196744,287.5057373046875,16600,0.0,0.0
2013-03-08 00:00:00+09:00,289.23246006765766,290.09584054547156,288.36907958984375,288.36907958984375,10600,0.0,0.0
2013-03-11 00:00:00+09:00,290.95925126837557,291.8226318359375,288.3691095656897,291.8226318359375,6500,0.0,0.0
2013-03-12 00:00:00+09:00,291.8226861298974,292.6860668580924,289.2325439453125,289.2325439453125,10800,0.0,0.0
2013-03-13 00:00:00+09:00,291.8226318359375,291.8226318359375,290.09587070081363,291.8226318359375,7700,0.0,0.0
2013-03-14 00:00:00+09:00,292.6860202144091,292.6860202144091,290.9592590332031,290.9592590332031,8900,0.0,0.0
2013-03-15 00:00:00+09:00,289.2324978519972,290.9592590332031,286.6423560801883,290.9592590332031,26500,0.0,0.0
2013-03-18 00:00:00+09:00,291.82262365046466,296.1395263671875,290.9592431071201,296.1395263671875,27300,0.0,0.0
2013-03-19 00:00:00+09:00,297.0028917418897,301.31979423813806,294.4127502441406,294.4127502441406,20700,0.0,0.0
2013-03-21 00:00:00+09:00,293.54938518332875,293.54938518332875,289.2324824600445,292.6860046386719,30700,0.0,0.0
2013-03-22 00:00:00+09:00,292.68602807181225,293.5494086855934,290.09588623046875,290.09588623046875,8800,0.0,0.0
2013-03-25 00:00:00+09:00,293.54938518332875,293.54938518332875,290.9592435493582,292.6860046386719,9700,0.0,0.0
2013-03-26 00:00:00+09:00,293.54936974489095,294.4127502441406,289.2324672486426,294.4127502441406,23200,0.0,0.0
2013-03-27 00:00:00+09:00,294.41275796329273,297.0028995289522,293.54937744140625,293.54937744140625,15900,0.0,0.0
2013-03-28 00:00:00+09:00,297.00291524130915,297.8662958088711,291.8226318359375,291.8226318359375,23800,0.0,0.0
2013-03-29 00:00:00+09:00,294.41277353862336,295.2761541061853,290.95925126837557,291.8226318359375,7200,0.0,0.0
2013-04-01 00:00:00+09:00,293.54940080501206,293.54940080501206,290.9592590332031,290.9592590332031,13400,0.0,0.0
2013-04-02 00:00:00+09:00,289.2325439453125,290.09592467350745,287.5057824889226,289.2325439453125,13100,0.0,0.0
2013-04-03 00:00:00+09:00,271.9648284424608,276.28173048123006,265.0577851804301,270.2380676269531,83500,0.0,0.0
2013-04-04 00:00:00+09:00,271.10148601290547,273.69162759901604,270.2381054842019,272.8282470703125,14900,0.0,0.0
2013-04-05 00:00:00+09:00,276.281761386041,278.0085223947038,270.2380978557214,273.6916198730469,28800,0.0,0.0
2013-04-08 00:00:00+09:00,274.55500037737824,275.41838088170965,272.8282393687155,273.6916198730469,11300,0.0,0.0
2013-04-09 00:00:00+09:00,273.6916121956687,275.4183731558938,273.6916121956687,274.55499267578125,15000,0.0,0.0
2013-04-10 00:00:00+09:00,274.55503032363464,277.1451721191406,273.6916497251326,277.1451721191406,22600,0.0,0.0
2013-04-11 00:00:00+09:00,278.0085527176426,280.5986945131486,275.4184109221366,277.1451721191406,13500,0.0,0.0
2013-04-12 00:00:00+09:00,277.14516378765455,283.18882779548505,277.14516378765455,281.4620666503906,24200,0.0,0.0
2013-04-15 00:00:00+09:00,284.9155806342641,289.2324833711469,284.9155806342641,285.7789611816406,8200,0.0,0.0
2013-04-16 00:00:00+09:00,285.7789611816406,285.7789611816406,278.87191680262816,285.7789611816406,9900,0.0,0.0
2013-04-17 00:00:00+09:00,285.77894634540263,287.5057073505108,278.00852182241584,280.5986633300781,7100,0.0,0.0
2013-04-18 00:00:00+09:00,279.73532180786134,279.73532180786134,271.9648962020874,276.28179931640625,34700,0.0,0.0
2013-04-19 00:00:00+09:00,276.28179931640625,278.8719411849975,274.5550380706787,276.28179931640625,13900,0.0,0.0
2013-04-22 00:00:00+09:00,277.14514894838686,280.5986710536627,277.14514894838686,279.73529052734375,13800,0.0,0.0
2013-04-23 00:00:00+09:00,280.59870868647863,283.1888506128154,280.59870868647863,282.3254699707031,5800,0.0,0.0
2013-04-24 00:00:00+09:00,284.05219278102965,284.9155733062,280.59867068034845,283.1888122558594,17900,0.0,0.0
2013-04-25 00:00:00+09:00,284.05222265404393,287.50574511792286,283.1888420380742,286.6423645019531,16100,0.0,0.0
2013-04-26 00:00:00+09:00,286.6423645019531,286.6423645019531,284.05222265404393,286.6423645019531,9100,0.0,0.0
2013-04-30 00:00:00+09:00,286.6423567121809,288.3691178971941,284.9155955271678,287.5057373046875,16200,0.0,0.0
2013-05-01 00:00:00+09:00,288.3691178971941,288.3691178971941,284.9155955271678,287.5057373046875,5900,0.0,0.0
2013-05-02 00:00:00+09:00,287.5057824889226,289.2325439453125,286.64240176072764,289.2325439453125,9900,0.0,0.0
2013-05-07 00:00:00+09:00,290.9592590332031,293.54940080501206,289.2324978519972,290.9592590332031,23300,0.0,0.0
2013-05-08 00:00:00+09:00,290.9592953171841,297.0029602050781,290.9592953171841,297.0029602050781,33000,0.0,0.0
2013-05-09 00:00:00+09:00,294.4127729984752,297.8662952623869,291.8226313005414,295.2761535644531,21100,0.0,0.0
2013-05-10 00:00:00+09:00,293.54937744140625,295.2761384851792,292.68599691951977,293.54937744140625,12300,0.0,0.0
2013-05-13 00:00:00+09:00,294.4127729984752,297.8662952623869,294.4127729984752,295.2761535644531,20100,0.0,0.0
2013-05-14 00:00:00+09:00,297.002914696409,301.31981752629866,295.2761535644531,295.2761535644531,12300,0.0,0.0
2013-05-15 00:00:00+09:00,296.1395897708722,297.00297049906715,289.2325439453125,289.2325439453125,56200,0.0,0.0
2013-05-16 00:00:00+09:00,287.5057148817109,292.6859980327327,282.32543173068905,283.1888122558594,23900,0.0,0.0
2013-05-17 00:00:00+09:00,283.18881864744657,292.6860046386719,283.18881864744657,292.6860046386719,5100,0.0,0.0
2013-05-20 00:00:00+09:00,292.6860202144091,292.6860202144091,284.9155948989823,290.9592590332031,31600,0.0,0.0
2013-05-21 00:00:00+09:00,291.8226402672203,291.8226402672203,285.7789761196744,287.5057373046875,21200,0.0,0.0
2013-05-22 00:00:00+09:00,289.23246006765766,290.95922102328547,287.50569911202984,288.36907958984375,15500,0.0,0.0
2013-05-23 00:00:00+09:00,288.36911066228697,293.549394087358,284.91558837890625,284.91558837890625,20700,0.0,0.0
2013-05-24 00:00:00+09:00,284.0522000868875,289.2324833711469,284.0522000868875,285.7789611816406,4100,0.0,0.0
2013-05-27 00:00:00+09:00,284.05219278102965,284.9155733062,283.1888122558594,283.1888122558594,8000,0.0,0.0
2013-05-28 00:00:00+09:00,276.28178267045456,284.91558837890625,276.28178267045456,284.91558837890625,13700,0.0,0.0
2013-05-29 00:00:00+09:00,283.1888506128154,284.91561189703987,280.59870868647863,282.3254699707031,1900,0.0,0.0
2013-05-30 00:00:00+09:00,286.64237404460135,286.64237404460135,278.8719482421875,278.8719482421875,4300,0.0,0.0
2013-05-31 00:00:00+09:00,278.00852182241584,281.4620438326322,278.00852182241584,280.5986633300781,4300,0.0,0.0
2013-06-03 00:00:00+09:00,276.2817536360063,278.00851459623135,274.55499267578125,274.55499267578125,11700,0.0,0.0
2013-06-04 00:00:00+09:00,275.41843343225327,278.0085754394531,268.51138807972023,278.0085754394531,15800,0.0,0.0
2013-06-05 00:00:00+09:00,276.281761386041,277.1451418903724,273.6916198730469,273.6916198730469,12600,0.0,0.0
2013-06-06 00:00:00+09:00,274.55499267578125,275.4183731558938,268.5113293149936,274.55499267578125,8600,0.0,0.0
2013-06-07 00:00:00+09:00,269.37471854884757,269.37471854884757,258.1507719426456,259.8775329589844,21200,0.0,0.0
2013-06-10 00:00:00+09:00,264.1944047726762,270.2380676269531,264.1944047726762,270.2380676269531,6800,0.0,0.0
2013-06-11 00:00:00+09:00,271.9648962020874,276.28179931640625,271.10151557922364,276.28179931640625,4700,0.0,0.0
2013-06-12 00:00:00+09:00,274.55499267578125,274.55499267578125,274.55499267578125,274.55499267578125,900,0.0,0.0
2013-06-13 00:00:00+09:00,274.5550380706787,276.28179931640625,263.3310899734497,276.28179931640625,5500,0.0,0.0
2013-06-14 00:00:00+09:00,273.6916279915052,273.6916279915052,267.6479642819136,269.3747253417969,2700,0.0,0.0
2013-06-17 00:00:00+09:00,268.5113525390625,270.2381136486385,268.5113525390625,268.5113525390625,5400,0.0,0.0
2013-06-18 00:00:00+09:00,267.6479642819136,270.2381058717385,265.0578226920886,269.3747253417969,7900,0.0,0.0
2013-06-19 00:00:00+09:00,270.2381058717385,276.28176958133014,269.3747253417969,269.3747253417969,3700,0.0,0.0
2013-06-20 00:00:00+09:00,275.4183964804997,275.4183964804997,267.64797150142607,271.9648742675781,1700,0.0,0.0
2013-06-21 00:00:00+09:00,271.10150995840917,271.10150995840917,259.01418148892594,266.78460693359375,11500,0.0,0.0
2013-06-24 00:00:00+09:00,270.23809066280245,270.23809066280245,267.64794921875,267.64794921875,1000,0.0,0.0
2013-06-25 00:00:00+09:00,267.64800421082145,269.3747655283106,261.6043395996094,261.6043395996094,8200,0.0,0.0
2013-06-26 00:00:00+09:00,263.3310624172813,267.64796507985966,259.0141597547029,262.4676818847656,13500,0.0,0.0
2013-06-27 00:00:00+09:00,261.60430135224993,262.4676818847656,258.1507792221872,262.4676818847656,7900,0.0,0.0
2013-06-28 00:00:00+09:00,261.60431626263784,264.1944580078125,259.01417451746323,264.1944580078125,10300,0.0,0.0
2013-07-01 00:00:00+09:00,259.8775402872186,263.3310624172813,259.8775402872186,262.4676818847656,12400,0.0,0.0
2013-07-02 00:00:00+09:00,264.1944351946721,267.64795722336066,263.3310546875,263.3310546875,3300,0.0,0.0
2013-07-03 00:00:00+09:00,266.78460693359375,266.78460693359375,265.92122632863067,266.78460693359375,2000,0.0,0.0
2013-07-04 00:00:00+09:00,266.78459142948657,268.5113525390625,265.92121087469855,268.5113525390625,4800,0.0,0.0
2013-07-05 00:00:00+09:00,267.64794921875,269.37471018145163,266.7845687373992,267.64794921875,8000,0.0,0.0
2013-07-08 00:00:00+09:00,267.64798753855683,268.5113681435199,266.78460693359375,266.78460693359375,3500,0.0,0.0
2013-07-09 00:00:00+09:00,266.7845687373992,267.64794921875,265.92118825604837,267.64794921875,9600,0.0,0.0
2013-07-10 00:00:00+09:00,267.6479791531897,271.10150146484375,267.6479791531897,271.10150146484375,7600,0.0,0.0
2013-07-11 00:00:00+09:00,267.64797198427453,269.3747330938505,267.64797198427453,268.5113525390625,1100,0.0,0.0
2013-07-12 00:00:00+09:00,267.64797198427453,269.3747330938505,266.78459142948657,268.5113525390625,3500,0.0,0.0
2013-07-16 00:00:00+09:00,269.37471018145163,270.23809066280245,267.64794921875,267.64794921875,5800,0.0,0.0
2013-07-17 00:00:00+09:00,266.7845459959377,270.2380676269531,266.7845459959377,270.2380676269531,3500,0.0,0.0
2013-07-18 00:00:00+09:00,271.10149420342645,271.10149420342645,266.78459142948657,268.5113525390625,34500,0.0,0.0
2013-07-19 00:00:00+09:00,270.2380676269531,271.10144803470695,269.3746872191993,270.2380676269531,4200,0.0,0.0
2013-07-22 00:00:00+09:00,270.2381136486385,271.10149420342645,268.5113525390625,268.5113525390625,2700,0.0,0.0
2013-07-23 00:00:00+09:00,269.3746872191993,270.2380676269531,269.3746872191993,270.2380676269531,2500,0.0,0.0
2013-07-24 00:00:00+09:00,269.37471018145163,269.37471018145163,267.64794921875,267.64794921875,4500,0.0,0.0
2013-07-25 00:00:00+09:00,269.374748748483,269.374748748483,265.92122632863067,266.78460693359375,12000,0.0,0.0
2013-07-26 00:00:00+09:00,269.37471018145163,269.37471018145163,265.92118825604837,267.64794921875,5100,0.0,0.0
2013-07-29 00:00:00+09:00,267.64797247970534,268.51135303609146,263.3310696977746,265.0578308105469,7200,0.0,0.0
2013-07-30 00:00:00+09:00,264.1944272933468,267.64794921875,264.1944272933468,267.64794921875,4100,0.0,0.0
2013-07-31 00:00:00+09:00,267.64798753855683,269.374748748483,265.0578457236676,266.78460693359375,3500,0.0,0.0
2013-08-01 00:00:00+09:00,268.5113525390625,268.5113525390625,266.78459142948657,268.5113525390625,900,0.0,0.0
2013-08-02 00:00:00+09:00,268.5113525390625,268.5113525390625,265.92121087469855,268.5113525390625,4500,0.0,0.0
2013-08-05 00:00:00+09:00,268.5113452069171,268.5113452069171,265.92120361328125,265.92120361328125,6100,0.0,0.0
2013-08-06 00:00:00+09:00,268.5113297001008,268.5113297001008,266.7845687373992,267.64794921875,3600,0.0,0.0
2013-08-07 00:00:00+09:00,266.7845841444932,267.64796467570517,265.92120361328125,265.92120361328125,2800,0.0,0.0
2013-08-08 00:00:00+09:00,266.7845841444932,268.5113452069171,265.92120361328125,265.92120361328125,4600,0.0,0.0
2013-08-09 00:00:00+09:00,268.5113297001008,269.37471018145163,266.7845687373992,267.64794921875,4500,0.0,0.0
2013-08-12 00:00:00+09:00,270.23809066280245,270.23809066280245,263.331046811996,267.64794921875,14300,0.0,0.0
2013-08-13 00:00:00+09:00,268.5113297001008,269.37471018145163,267.64794921875,267.64794921875,3500,0.0,0.0
2013-08-14 00:00:00+09:00,269.37471018145163,269.37471018145163,266.7845687373992,267.64794921875,2100,0.0,0.0
2013-08-15 00:00:00+09:00,265.92122632863067,269.374748748483,265.0578457236676,266.78460693359375,12100,0.0,0.0
2013-08-16 00:00:00+09:00,263.2742829644795,273.8052542830587,263.2742829644795,272.92767333984375,17200,5.0,0.0
2013-08-19 00:00:00+09:00,272.05011442110134,272.927695435363,269.4173713783165,270.2949523925781,2900,0.0,0.0
2013-08-20 00:00:00+09:00,270.2949523925781,271.17253340683976,267.6622093497933,270.2949523925781,2700,0.0,0.0
2013-08-21 00:00:00+09:00,271.17252034240124,272.05010131438314,268.5397774264556,269.4173583984375,3400,0.0,0.0
2013-08-22 00:00:00+09:00,267.66219645447376,269.4173583984375,267.66219645447376,269.4173583984375,3400,0.0,0.0
2013-08-23 00:00:00+09:00,267.6622093497933,270.2949523925781,267.6622093497933,270.2949523925781,2100,0.0,0.0
2013-08-26 00:00:00+09:00,270.2948997899106,270.2948997899106,265.9069955725419,266.7845764160156,3700,0.0,0.0
2013-08-27 00:00:00+09:00,266.7845764160156,267.6621572594894,266.7845764160156,266.7845764160156,3000,0.0,0.0
2013-08-28 00:00:00+09:00,266.7845764160156,267.6621572594894,265.9069955725419,266.7845764160156,3100,0.0,0.0
2013-08-29 00:00:00+09:00,267.6621834748711,272.92766905142594,266.78460254544524,268.5397644042969,13300,0.0,0.0
2013-08-30 00:00:00+09:00,271.1725248743276,271.1725248743276,267.6622009277344,267.6622009277344,2300,0.0,0.0
2013-09-02 00:00:00+09:00,268.5397729966247,271.1725158691406,267.6621920391194,271.1725158691406,3100,0.0,0.0
2013-09-03 00:00:00+09:00,271.17252034240124,271.17252034240124,269.4173583984375,269.4173583984375,900,0.0,0.0
2013-09-04 00:00:00+09:00,269.4173713783165,270.2949523925781,268.5397903640549,270.2949523925781,3300,0.0,0.0
2013-09-05 00:00:00+09:00,271.17252034240124,271.17252034240124,268.5397774264556,269.4173583984375,5100,0.0,0.0
2013-09-06 00:00:00+09:00,269.4173583984375,269.4173583984375,267.66219645447376,269.4173583984375,3800,0.0,0.0
2013-09-09 00:00:00+09:00,268.5397774264556,269.4173583984375,266.78461548249186,269.4173583984375,8900,0.0,0.0
2013-09-10 00:00:00+09:00,271.17253340683976,271.17253340683976,268.5397903640549,270.2949523925781,2000,0.0,0.0
2013-09-11 00:00:00+09:00,271.1725071925743,271.1725071925743,268.5397644042969,268.5397644042969,4500,0.0,0.0
2013-09-12 00:00:00+09:00,269.4173713783165,270.2949523925781,268.5397903640549,270.2949523925781,1100,0.0,0.0
2013-09-13 00:00:00+09:00,271.1725071925743,271.1725071925743,268.5397644042969,268.5397644042969,2800,0.0,0.0
2013-09-17 00:00:00+09:00,268.5397644042969,270.2949262631485,268.5397644042969,268.5397644042969,5400,0.0,0.0
2013-09-18 00:00:00+09:00,268.5397903640549,270.2949523925781,268.5397903640549,270.2949523925781,5200,0.0,0.0
2013-09-19 00:00:00+09:00,271.17253340683976,271.17253340683976,267.6622093497933,270.2949523925781,12400,0.0,0.0
2013-09-20 00:00:00+09:00,269.4173713783165,270.2949523925781,268.5397903640549,270.2949523925781,8700,0.0,0.0
2013-09-24 00:00:00+09:00,269.4173713783165,271.17253340683976,269.4173713783165,270.2949523925781,5500,0.0,0.0
2013-09-25 00:00:00+09:00,270.2949523925781,272.05011442110134,269.4173713783165,270.2949523925781,9900,0.0,0.0
2013-09-26 00:00:00+09:00,271.17249415471,276.4379794781025,270.29491326747797,273.80523681640625,6200,0.0,0.0
2013-09-27 00:00:00+09:00,275.56039859087036,276.4379794781025,273.80523681640625,273.80523681640625,6100,0.0,0.0
2013-09-30 00:00:00+09:00,274.6828396991619,274.6828396991619,271.1725158691406,271.1725158691406,30200,0.0,0.0
2013-10-01 00:00:00+09:00,272.0500793457031,272.0500793457031,271.172498444588,272.0500793457031,6300,0.0,0.0
2013-10-02 00:00:00+09:00,272.05011442110134,273.8052764496246,270.2949523925781,270.2949523925781,14200,0.0,0.0
2013-10-03 00:00:00+09:00,272.05011442110134,272.05011442110134,270.2949523925781,270.2949523925781,11100,0.0,0.0
2013-10-04 00:00:00+09:00,270.2949349116353,271.1725158691406,267.6621920391194,271.1725158691406,13400,0.0,0.0
2013-10-07 00:00:00+09:00,272.05010131438314,272.05010131438314,268.5397774264556,269.4173583984375,9200,0.0,0.0
2013-10-08 00:00:00+09:00,267.66217484012725,272.0500793457031,267.66217484012725,272.0500793457031,3500,0.0,0.0
2013-10-09 00:00:00+09:00,269.41735395413,271.1725158691406,267.6621920391194,271.1725158691406,5400,0.0,0.0
2013-10-10 00:00:00+09:00,272.05011442110134,272.05011442110134,269.4173713783165,270.2949523925781,4400,0.0,0.0
2013-10-11 00:00:00+09:00,271.1725158691406,271.1725158691406,267.6621920391194,271.1725158691406,12100,0.0,0.0
2013-10-15 00:00:00+09:00,271.1725071925743,271.1725071925743,268.5397644042969,268.5397644042969,6900,0.0,0.0
2013-10-16 00:00:00+09:00,270.2949393704194,271.17252034240124,269.4173583984375,269.4173583984375,2500,0.0,0.0
2013-10-17 00:00:00+09:00,270.2949523925781,272.05011442110134,266.78462833553164,270.2949523925781,18200,0.0,0.0
2013-10-18 00:00:00+09:00,270.2949349116353,271.1725158691406,269.41735395413,271.1725158691406,7200,0.0,0.0
2013-10-21 00:00:00+09:00,271.17253340683976,271.17253340683976,269.4173713783165,270.2949523925781,5600,0.0,0.0
2013-10-22 00:00:00+09:00,270.2949305101989,272.92767333984375,269.417349566984,272.92767333984375,12500,0.0,0.0
2013-10-23 00:00:00+09:00,272.927695435363,274.6828574638862,269.4173713783165,270.2949523925781,24800,0.0,0.0
2013-10-24 00:00:00+09:00,271.17251145341385,272.92767333984375,271.17251145341385,272.92767333984375,5700,0.0,0.0
2013-10-25 00:00:00+09:00,272.927695435363,272.927695435363,268.5397903640549,270.2949523925781,22600,0.0,0.0
2013-10-28 00:00:00+09:00,272.92767333984375,272.92767333984375,271.17251145341385,272.92767333984375,11000,0.0,0.0
2013-10-29 00:00:00+09:00,272.92767333984375,272.92767333984375,272.92767333984375,272.92767333984375,0,0.0,0.0
2013-10-30 00:00:00+09:00,272.9276777841513,273.8052587416566,271.1725158691406,271.1725158691406,5400,0.0,0.0
2013-10-31 00:00:00+09:00,271.1725158691406,271.1725158691406,271.1725158691406,271.1725158691406,0,0.0,0.0
2013-11-01 00:00:00+09:00,271.1725158691406,272.0500968266459,271.1725158691406,271.1725158691406,4700,0.0,0.0
2013-11-05 00:00:00+09:00,272.9276777841513,272.9276777841513,271.1725158691406,271.1725158691406,13600,0.0,0.0
2013-11-06 00:00:00+09:00,271.1725158691406,272.0500968266459,270.2949349116353,271.1725158691406,10000,0.0,0.0
2013-11-07 00:00:00+09:00,272.9276602468183,272.9276602468183,271.172498444588,272.0500793457031,3000,0.0,0.0
2013-11-08 00:00:00+09:00,272.0500923966288,272.92767333984375,272.0500923966288,272.92767333984375,12100,0.0,0.0
2013-11-11 00:00:00+09:00,272.9276602468183,275.5604029501638,272.0500793457031,272.0500793457031,43300,0.0,0.0
2013-11-12 00:00:00+09:00,273.80523681640625,274.6828177036383,272.9276559291742,273.80523681640625,6700,0.0,0.0
2013-11-13 00:00:00+09:00,273.8052757626488,279.07076183500743,273.8052757626488,276.4380187988281,12300,0.0,0.0
2013-11-14 00:00:00+09:00,276.4379839491017,279.07072665337887,275.56040304767595,278.1931457519531,8900,0.0,0.0
2013-11-15 00:00:00+09:00,281.7034957072578,285.2138196413046,278.19317177321096,279.9483337402344,20100,0.0,0.0
2013-11-18 00:00:00+09:00,283.4586400032044,284.3362209320068,280.8258972167969,280.8258972167969,8600,0.0,0.0
2013-11-19 00:00:00+09:00,284.3362209320068,284.3362209320068,280.8258972167969,280.8258972167969,4100,0.0,0.0
2013-11-20 00:00:00+09:00,282.5810546875,283.45863560267856,281.70347377232144,282.5810546875,2500,0.0,0.0
2013-11-21 00:00:00+09:00,284.33616841319173,286.0913299466065,282.58100687977696,283.4585876464844,5800,0.0,0.0
2013-11-22 00:00:00+09:00,286.09136962890625,289.6016931826352,286.09136962890625,286.09136962890625,15300,0.0,0.0
2013-11-25 00:00:00+09:00,289.60168885021676,290.47926972552045,286.9689462243057,287.8465270996094,8200,0.0,0.0
2013-11-26 00:00:00+09:00,286.9689107133139,289.601653013436,282.58100687977696,283.4585876464844,11700,0.0,0.0
2013-11-27 00:00:00+09:00,282.5810766907695,285.2138196413046,279.9483337402344,279.9483337402344,9500,0.0,0.0
2013-11-28 00:00:00+09:00,279.94830755480456,283.4586311605074,278.1931457519531,278.1931457519531,10100,0.0,0.0
2013-11-29 00:00:00+09:00,278.1931544303894,282.5810590744019,278.1931544303894,280.8258972167969,9600,0.0,0.0
2013-12-02 00:00:00+09:00,284.33616841319173,286.0913299466065,282.58100687977696,283.4585876464844,15600,0.0,0.0
2013-12-03 00:00:00+09:00,283.45862696360956,286.09136962890625,283.45862696360956,286.09136962890625,1600,0.0,0.0
2013-12-04 00:00:00+09:00,286.0913783482143,286.0913783482143,280.82589285714283,282.5810546875,12500,0.0,0.0
2013-12-05 00:00:00+09:00,282.58105035475745,285.213793059926,282.58105035475745,284.3362121582031,9900,0.0,0.0
2013-12-06 00:00:00+09:00,284.3362121582031,284.3362121582031,282.58105035475745,284.3362121582031,1700,0.0,0.0
2013-12-09 00:00:00+09:00,286.0913960584599,286.96897702796434,281.7034912109375,281.7034912109375,17600,0.0,0.0
2013-12-10 00:00:00+09:00,282.581072180442,282.581072180442,279.9483292719285,281.7034912109375,21600,0.0,0.0
2013-12-11 00:00:00+09:00,281.70347377232144,285.2137974330357,279.9483119419643,282.5810546875,11200,0.0,0.0
2013-12-12 00:00:00+09:00,281.7034957072578,286.09140062481634,279.9483337402344,279.9483337402344,14800,0.0,0.0
2013-12-13 00:00:00+09:00,282.5810590744019,282.5810590744019,279.9483162879944,280.8258972167969,11900,0.0,0.0
2013-12-16 00:00:00+09:00,280.8258173268312,280.8258173268312,275.5603332519531,275.5603332519531,25100,0.0,0.0
2013-12-17 00:00:00+09:00,276.4379839491017,278.1931457519531,275.56040304767595,278.1931457519531,9900,0.0,0.0
2013-12-18 00:00:00+09:00,279.07077489925337,279.07077489925337,277.31561279296875,277.31561279296875,7700,0.0,0.0
2013-12-19 00:00:00+09:00,278.1931808229477,279.07076183500743,275.5604377867683,276.4380187988281,16300,0.0,0.0
2013-12-20 00:00:00+09:00,278.1931457519531,280.8258884562303,277.31556485052744,278.1931457519531,11500,0.0,0.0
2013-12-24 00:00:00+09:00,276.4379794781025,278.1931412525666,273.80523681640625,273.80523681640625,37700,0.0,0.0
2013-12-25 00:00:00+09:00,274.6828696335418,278.19319384611106,274.6828696335418,277.31561279296875,16400,0.0,0.0
2013-12-26 00:00:00+09:00,277.3155735015869,280.8258972167969,276.4379925727844,280.8258972167969,16400,0.0,0.0
2013-12-27 00:00:00+09:00,280.825910241433,282.581072180442,278.1931673329196,281.7034912109375,9900,0.0,0.0
2013-12-30 00:00:00+09:00,286.09138269453604,287.8465445515577,284.3362208375143,286.9689636230469,16800,0.0,0.0
2014-01-06 00:00:00+09:00,288.7241167604383,291.35685946646055,287.8465358584309,290.4792785644531,30700,0.0,0.0
2014-01-07 00:00:00+09:00,292.23447052543685,297.49995648085013,292.23447052543685,296.62237548828125,19200,0.0,0.0
2014-01-08 00:00:00+09:00,298.3774897404489,305.3981365578712,296.6223280360933,303.6429748535156,24800,0.0,0.0
2014-01-09 00:00:00+09:00,304.5206044214012,304.5206044214012,293.1120515180057,296.62237548828125,31100,0.0,0.0
2014-01-10 00:00:00+09:00,298.3775459356672,300.1327079705828,295.74480288329363,299.255126953125,8800,0.0,0.0
2014-01-14 00:00:00+09:00,299.255126953125,300.1327079705828,296.62238390075146,299.255126953125,18400,0.0,0.0
2014-01-15 00:00:00+09:00,301.0102669471918,302.7654288535894,299.2551050407942,301.8878479003906,12600,0.0,0.0
2014-01-16 00:00:00+09:00,302.7654113769531,303.64299227949505,300.1326686693275,302.7654113769531,10100,0.0,0.0
2014-01-17 00:00:00+09:00,302.76542005867793,305.3981628417969,302.76542005867793,305.3981628417969,15800,0.0,0.0
2014-01-20 00:00:00+09:00,305.3981150105211,306.27569580078125,302.76537263974075,306.27569580078125,13900,0.0,0.0
2014-01-21 00:00:00+09:00,306.27569580078125,307.15327659104133,304.52053422026097,306.27569580078125,8700,0.0,0.0
2014-01-22 00:00:00+09:00,302.7654641134697,304.5206262242724,298.37755883646287,300.1327209472656,27400,0.0,0.0
2014-01-23 00:00:00+09:00,299.2550617362598,301.8878042148779,298.37748091005375,301.0102233886719,11300,0.0,0.0
2014-01-24 00:00:00+09:00,300.1327209472656,301.8878830580683,298.37755883646287,300.1327209472656,15300,0.0,0.0
2014-01-27 00:00:00+09:00,295.7447859579058,295.7447859579058,292.2344620889692,293.9896240234375,20000,0.0,0.0
2014-01-28 00:00:00+09:00,294.8672090418199,298.3775329589844,293.9896280625287,298.3775329589844,7000,0.0,0.0
2014-01-29 00:00:00+09:00,301.8877959237662,304.5205383300781,301.0102151216622,304.5205383300781,12400,0.0,0.0
2014-01-30 00:00:00+09:00,301.0102669471918,303.64300980678826,301.0102669471918,301.8878479003906,9600,0.0,0.0
2014-01-31 00:00:00+09:00,302.76543785544004,303.64301883473115,293.9896280625287,298.3775329589844,16300,0.0,0.0
2014-02-03 00:00:00+09:00,293.98961095752827,296.6223537422226,292.2344491010654,293.1120300292969,20600,0.0,0.0
2014-02-04 00:00:00+09:00,283.4585876464844,287.84649148002126,280.8258453463622,283.4585876464844,29500,0.0,0.0
2014-02-05 00:00:00+09:00,289.6016798753005,290.47926072340744,284.33619478665867,285.2137756347656,16100,0.0,0.0
2014-02-06 00:00:00+09:00,285.2137974330357,288.72412109375,284.3362165178571,288.72412109375,10700,0.0,0.0
2014-02-07 00:00:00+09:00,289.60168885021676,290.47926972552045,286.9689462243057,287.8465270996094,11300,0.0,0.0
2014-02-10 00:00:00+09:00,292.2344403684679,293.98960217248276,289.6016976624457,290.4792785644531,22700,0.0,0.0
2014-02-12 00:00:00+09:00,290.4792829241071,295.74476841517856,290.4792829241071,294.8671875,37800,0.0,0.0
2014-02-13 00:00:00+09:00,290.4792829241071,292.2344447544643,285.2137974330357,288.72412109375,44500,0.0,0.0
2014-02-14 00:00:00+09:00,286.96895926339283,291.3568638392857,284.3362165178571,288.72412109375,48500,0.0,0.0
2014-02-17 00:00:00+09:00,289.60169756854026,291.35685937198593,283.4586312564803,284.3362121582031,176700,0.0,0.0
2014-02-18 00:00:00+09:00,271.8575163011427,276.3141968962434,271.8575163011427,274.5315246582031,135800,5.0,0.0
2014-02-19 00:00:00+09:00,274.53150328595785,276.3141753852173,273.6401672363281,273.6401672363281,29100,0.0,0.0
2014-02-20 00:00:00+09:00,276.3141753852173,279.8795195837363,273.6401672363281,273.6401672363281,46900,0.0,0.0
2014-02-21 00:00:00+09:00,274.5315366683468,278.09688130040325,273.64020051033265,276.314208984375,17100,0.0,0.0
2014-02-24 00:00:00+09:00,278.9881988916642,278.9881988916642,276.31419059557794,278.09686279296875,17900,0.0,0.0
2014-02-25 00:00:00+09:00,276.31419059557794,278.09686279296875,274.5315183981871,278.09686279296875,35600,0.0,0.0
2014-02-26 00:00:00+09:00,273.640188539183,276.3141968962434,273.640188539183,274.5315246582031,14800,0.0,0.0
2014-02-27 00:00:00+09:00,273.640188539183,274.5315246582031,272.74885242016285,274.5315246582031,14200,0.0,0.0
2014-02-28 00:00:00+09:00,273.6401672363281,274.53150328595785,272.7488311866984,273.6401672363281,6000,0.0,0.0
2014-03-03 00:00:00+09:00,273.6401764115477,273.6401764115477,270.9661681729984,272.74884033203125,13900,0.0,0.0
2014-03-04 00:00:00+09:00,270.0748320934819,272.74884033203125,270.0748320934819,272.74884033203125,8300,0.0,0.0
2014-03-05 00:00:00+09:00,274.5315246582031,275.42286077722326,272.74885242016285,274.5315246582031,11000,0.0,0.0
2014-03-06 00:00:00+09:00,275.42286077722326,275.42286077722326,272.74885242016285,274.5315246582031,4100,0.0,0.0
2014-03-07 00:00:00+09:00,273.6401764115477,273.6401764115477,272.74884033203125,272.74884033203125,7100,0.0,0.0
2014-03-10 00:00:00+09:00,275.4228485705806,275.4228485705806,272.74884033203125,272.74884033203125,5900,0.0,0.0
2014-03-11 00:00:00+09:00,272.74884033203125,274.5315124910641,272.74884033203125,272.74884033203125,6100,0.0,0.0
2014-03-12 00:00:00+09:00,273.6401672363281,275.4228393355876,272.7488311866984,273.6401672363281,10300,0.0,0.0
2014-03-13 00:00:00+09:00,274.5315124910641,274.5315124910641,272.74884033203125,272.74884033203125,4900,0.0,0.0
2014-03-14 00:00:00+09:00,272.7488588031969,273.64019494307666,270.9661865234375,270.9661865234375,11200,0.0,0.0
2014-03-17 00:00:00+09:00,271.85753195986103,271.85753195986103,270.0748596191406,270.0748596191406,6700,0.0,0.0
2014-03-18 00:00:00+09:00,270.0748412085361,272.7488495373335,269.183505098937,271.8575134277344,5200,0.0,0.0
2014-03-19 00:00:00+09:00,270.9661865234375,273.64019494307666,270.9661865234375,270.9661865234375,7400,0.0,0.0
2014-03-20 00:00:00+09:00,271.85753195986103,271.85753195986103,268.2921872784202,270.0748596191406,11400,0.0,0.0
2014-03-24 00:00:00+09:00,268.29217529296875,269.1835114235102,267.40083916242736,268.29217529296875,6000,0.0,0.0
2014-03-25 00:00:00+09:00,268.2921356807481,270.0748076786268,268.2921356807481,269.1834716796875,4200,0.0,0.0
2014-03-26 00:00:00+09:00,268.29218454996743,269.18352071126304,267.4008483886719,267.4008483886719,6400,0.0,0.0
2014-03-27 00:00:00+09:00,267.40085110806,270.0748596191406,267.40085110806,270.0748596191406,2700,0.0,0.0
2014-03-28 00:00:00+09:00,271.85749513706867,273.6401672363281,270.96615908743894,273.6401672363281,5000,0.0,0.0
2014-03-31 00:00:00+09:00,276.314208984375,276.314208984375,272.74886435231855,276.314208984375,16800,0.0,0.0
2014-04-01 00:00:00+09:00,276.31419397573,276.31419397573,270.96617731813524,271.8575134277344,4200,0.0,0.0
2014-04-02 00:00:00+09:00,268.29217529296875,270.96618368459303,268.29217529296875,268.29217529296875,26200,0.0,0.0
2014-04-03 00:00:00+09:00,269.1835234487804,270.0748596191406,268.2921872784202,270.0748596191406,7200,0.0,0.0
2014-04-04 00:00:00+09:00,270.07485038355776,270.9661865234375,270.07485038355776,270.9661865234375,4200,0.0,0.0
2014-04-07 00:00:00+09:00,271.85753195986103,271.85753195986103,269.1835234487804,270.0748596191406,15600,0.0,0.0
2014-04-08 00:00:00+09:00,269.183505098937,271.8575134277344,268.2921689893379,271.8575134277344,6500,0.0,0.0
2014-04-09 00:00:00+09:00,271.8575198151345,271.8575198151345,268.29217529296875,268.29217529296875,6700,0.0,0.0
2014-04-10 00:00:00+09:00,269.1835114235102,271.8575198151345,268.29217529296875,268.29217529296875,8900,0.0,0.0
2014-04-11 00:00:00+09:00,268.29218454996743,269.18352071126304,267.4008483886719,267.4008483886719,13500,0.0,0.0
2014-04-14 00:00:00+09:00,267.4007996818088,269.1834716796875,267.4007996818088,269.1834716796875,1900,0.0,0.0
2014-04-15 00:00:00+09:00,269.1835114235102,270.0748475540516,267.40083916242736,268.29217529296875,3300,0.0,0.0
2014-04-16 00:00:00+09:00,268.2921356807481,269.1834716796875,267.4007996818088,269.1834716796875,2700,0.0,0.0
2014-04-17 00:00:00+09:00,267.4007996818088,269.1834716796875,267.4007996818088,269.1834716796875,3000,0.0,0.0
2014-04-18 00:00:00+09:00,269.1835114235102,269.1835114235102,268.29217529296875,268.29217529296875,1800,0.0,0.0
2014-04-21 00:00:00+09:00,269.1835234487804,270.0748596191406,268.2921872784202,270.0748596191406,1600,0.0,0.0
2014-04-22 00:00:00+09:00,269.1835114235102,270.96618368459303,268.29217529296875,268.29217529296875,3500,0.0,0.0
2014-04-23 00:00:00+09:00,268.29217529296875,269.1835114235102,266.5095030318859,268.29217529296875,9000,0.0,0.0
2014-04-24 00:00:00+09:00,269.18352071126304,269.18352071126304,267.4008483886719,267.4008483886719,2400,0.0,0.0
2014-04-25 00:00:00+09:00,266.5095122273763,267.4008483886719,266.5095122273763,267.4008483886719,1200,0.0,0.0
2014-04-28 00:00:00+09:00,267.4008483886719,268.29218454996743,267.4008483886719,267.4008483886719,1200,0.0,0.0
2014-04-30 00:00:00+09:00,267.40083916242736,268.29217529296875,267.40083916242736,268.29217529296875,4100,0.0,0.0
2014-05-01 00:00:00+09:00,267.40083916242736,268.29217529296875,267.40083916242736,268.29217529296875,1500,0.0,0.0
2014-05-02 00:00:00+09:00,268.29217529296875,268.29217529296875,266.5095030318859,268.29217529296875,1900,0.0,0.0
2014-05-07 00:00:00+09:00,268.29218454996743,268.29218454996743,267.4008483886719,267.4008483886719,6200,0.0,0.0
2014-05-08 00:00:00+09:00,268.29218454996743,268.29218454996743,265.6181760660807,267.4008483886719,5700,0.0,0.0
2014-05-09 00:00:00+09:00,267.4007996818088,269.1834716796875,266.5094636828694,269.1834716796875,1900,0.0,0.0
2014-05-12 00:00:00+09:00,269.18352071126304,269.18352071126304,266.5095122273763,267.4008483886719,4300,0.0,0.0
2014-05-13 00:00:00+09:00,269.18347761935036,269.18347761935036,265.6181335449219,265.6181335449219,3600,0.0,0.0
2014-05-14 00:00:00+09:00,265.61816690134447,268.29217529296875,265.61816690134447,268.29217529296875,3700,0.0,0.0
2014-05-15 00:00:00+09:00,266.5095122273763,268.29218454996743,265.6181760660807,267.4008483886719,2500,0.0,0.0
2014-05-16 00:00:00+09:00,265.6181335449219,267.4008055821361,263.83546150770763,265.6181335449219,6500,0.0,0.0
2014-05-19 00:00:00+09:00,265.6181548766069,267.4008270569868,264.72681878641697,266.5094909667969,2300,0.0,0.0
2014-05-20 00:00:00+09:00,265.61817331025094,266.5095094622988,263.8355010061553,264.7268371582031,5500,0.0,0.0
2014-05-21 00:00:00+09:00,264.7268371582031,264.7268371582031,262.9441648541075,264.7268371582031,2700,0.0,0.0
2014-05-22 00:00:00+09:00,264.7267975263148,266.509469563529,264.7267975263148,265.6181335449219,2900,0.0,0.0
2014-05-23 00:00:00+09:00,262.9441648541075,265.61817331025094,262.9441648541075,264.7268371582031,5400,0.0,0.0
2014-05-26 00:00:00+09:00,264.7268371582031,266.5095094622988,264.7268371582031,264.7268371582031,2000,0.0,0.0
2014-05-27 00:00:00+09:00,265.6181335449219,266.509469563529,264.7267975263148,265.6181335449219,2100,0.0,0.0
2014-05-28 00:00:00+09:00,266.509469563529,266.509469563529,265.6181335449219,265.6181335449219,1600,0.0,0.0
2014-05-29 00:00:00+09:00,265.6181760660807,267.4008483886719,264.72683990478515,267.4008483886719,4200,0.0,0.0
2014-05-30 00:00:00+09:00,267.40083916242736,268.29217529296875,266.5095030318859,268.29217529296875,1500,0.0,0.0
2014-06-02 00:00:00+09:00,269.18352071126304,269.18352071126304,266.5095122273763,267.4008483886719,3900,0.0,0.0
2014-06-03 00:00:00+09:00,266.509469563529,266.509469563529,265.6181335449219,265.6181335449219,5800,0.0,0.0
2014-06-04 00:00:00+09:00,265.6181335449219,265.6181335449219,263.83546150770763,265.6181335449219,22300,0.0,0.0
2014-06-05 00:00:00+09:00,263.83552893813777,263.83552893813777,262.0528564453125,262.0528564453125,40200,0.0,0.0
2014-06-06 00:00:00+09:00,262.94417407061604,264.72684643719646,262.94417407061604,263.83551025390625,6200,0.0,0.0
2014-06-09 00:00:00+09:00,262.94417407061604,263.83551025390625,262.0528378873258,263.83551025390625,27700,0.0,0.0
2014-06-10 00:00:00+09:00,262.9441926917251,263.83552893813777,262.0528564453125,262.0528564453125,19500,0.0,0.0
2014-06-11 00:00:00+09:00,262.0527863066075,262.9441223144531,261.1614502987619,262.9441223144531,14300,0.0,0.0
2014-06-12 00:00:00+09:00,262.9441223144531,262.9441223144531,262.0527863066075,262.9441223144531,2800,0.0,0.0
2014-06-13 00:00:00+09:00,262.0528564453125,262.9441926917251,261.1615201988999,262.0528564453125,14100,0.0,0.0
2014-06-16 00:00:00+09:00,262.0528564453125,262.9441926917251,260.27018395248723,262.0528564453125,20600,0.0,0.0
2014-06-17 00:00:00+09:00,261.1615201988999,262.9441926917251,261.1615201988999,262.0528564453125,21100,0.0,0.0
2014-06-18 00:00:00+09:00,262.0528378873258,263.83551025390625,262.0528378873258,263.83551025390625,7100,0.0,0.0
2014-06-19 00:00:00+09:00,262.9441223144531,263.83545832229873,262.9441223144531,262.9441223144531,10400,0.0,0.0
2014-06-20 00:00:00+09:00,262.0527863066075,262.9441223144531,262.0527863066075,262.9441223144531,9900,0.0,0.0
2014-06-23 00:00:00+09:00,263.83546150770763,265.6181335449219,263.83546150770763,265.6181335449219,12800,0.0,0.0
2014-06-24 00:00:00+09:00,265.61817331025094,265.61817331025094,263.8355010061553,264.7268371582031,4100,0.0,0.0
2014-06-25 00:00:00+09:00,264.7268651845504,264.7268651845504,262.0528564453125,262.0528564453125,12300,0.0,0.0
2014-06-26 00:00:00+09:00,263.83545832229873,263.83545832229873,262.0527863066075,262.9441223144531,10500,0.0,0.0
2014-06-27 00:00:00+09:00,262.9441926917251,263.83552893813777,262.0528564453125,262.0528564453125,14900,0.0,0.0
2014-06-30 00:00:00+09:00,262.0528230962065,262.0528230962065,252.24812563342326,259.3788146972656,50700,0.0,0.0
2014-07-01 00:00:00+09:00,260.2701601225754,260.2701601225754,255.81347929855875,258.48748779296875,24200,0.0,0.0
2014-07-02 00:00:00+09:00,258.4874664623432,258.4874664623432,256.7047942798443,257.59613037109375,19900,0.0,0.0
2014-07-03 00:00:00+09:00,258.4874664623432,258.4874664623432,256.7047942798443,257.59613037109375,7900,0.0,0.0
2014-07-04 00:00:00+09:00,257.59613958994544,258.48747571309406,256.7048034667969,256.7048034667969,16300,0.0,0.0
2014-07-07 00:00:00+09:00,256.7048154633621,258.48748779296875,256.7048154633621,258.48748779296875,9900,0.0,0.0
2014-07-08 00:00:00+09:00,258.48748779296875,258.48748779296875,257.59615162816544,258.48748779296875,8100,0.0,0.0
2014-07-09 00:00:00+09:00,257.59613958994544,257.59613958994544,256.7048034667969,256.7048034667969,13000,0.0,0.0
2014-07-10 00:00:00+09:00,257.59613958994544,257.59613958994544,256.7048034667969,256.7048034667969,9600,0.0,0.0
2014-07-11 00:00:00+09:00,256.7047820938589,257.5961181427959,255.81344604492188,255.81344604492188,11900,0.0,0.0
2014-07-14 00:00:00+09:00,255.81346734364826,256.7048034667969,254.92213122049967,256.7048034667969,13900,0.0,0.0
2014-07-15 00:00:00+09:00,256.7048034667969,256.7048034667969,255.81346734364826,256.7048034667969,11900,0.0,0.0
2014-07-16 00:00:00+09:00,254.92213122049967,257.59613958994544,254.92213122049967,256.7048034667969,10100,0.0,0.0
2014-07-17 00:00:00+09:00,257.5961181427959,257.5961181427959,254.92210999598487,255.81344604492188,10600,0.0,0.0
2014-07-18 00:00:00+09:00,255.81344909667968,255.81344909667968,253.13944091796876,254.03077697753906,25200,0.0,0.0
2014-07-22 00:00:00+09:00,254.922119140625,254.922119140625,254.03078305971374,254.922119140625,10300,0.0,0.0
2014-07-23 00:00:00+09:00,254.03077697753906,254.92211303710937,254.03077697753906,254.03077697753906,5900,0.0,0.0
2014-07-24 00:00:00+09:00,253.13944697880245,254.922119140625,253.13944697880245,254.922119140625,5100,0.0,0.0
2014-07-25 00:00:00+09:00,254.92212209734538,257.59613037109375,254.92212209734538,257.59613037109375,12300,0.0,0.0
2014-07-28 00:00:00+09:00,257.59613958994544,257.59613958994544,256.7048034667969,256.7048034667969,4800,0.0,0.0
2014-07-29 00:00:00+09:00,258.48748779296875,258.48748779296875,256.7048154633621,258.48748779296875,11000,0.0,0.0
2014-07-30 00:00:00+09:00,258.4874664623432,258.4874664623432,257.59613037109375,257.59613037109375,7100,0.0,0.0
2014-07-31 00:00:00+09:00,258.48747571309406,258.48747571309406,255.81346734364826,256.7048034667969,6900,0.0,0.0
2014-08-01 00:00:00+09:00,254.03078600609592,257.59613037109375,254.03078600609592,257.59613037109375,11700,0.0,0.0
2014-08-04 00:00:00+09:00,254.92213122049967,256.7048034667969,254.92213122049967,256.7048034667969,8300,0.0,0.0
2014-08-05 00:00:00+09:00,257.5961181427959,257.5961181427959,255.81344604492188,255.81344604492188,8500,0.0,0.0
2014-08-06 00:00:00+09:00,256.7048034667969,258.48747571309406,255.81346734364826,256.7048034667969,6000,0.0,0.0
2014-08-07 00:00:00+09:00,256.7048154633621,258.48748779296875,256.7048154633621,258.48748779296875,6400,0.0,0.0
2014-08-08 00:00:00+09:00,258.4874664623432,258.4874664623432,255.81345818859484,257.59613037109375,4300,0.0,0.0
2014-08-11 00:00:00+09:00,257.59613958994544,258.48747571309406,256.7048034667969,256.7048034667969,2600,0.0,0.0
2014-08-12 00:00:00+09:00,258.48747571309406,258.48747571309406,255.81346734364826,256.7048034667969,5200,0.0,0.0
2014-08-13 00:00:00+09:00,256.7047820938589,258.4874541917329,255.81344604492188,255.81344604492188,4600,0.0,0.0
2014-08-14 00:00:00+09:00,255.81345818859484,257.59613037109375,255.81345818859484,257.59613037109375,5200,0.0,0.0
2014-08-15 00:00:00+09:00,255.81347929855875,258.48748779296875,255.81347929855875,258.48748779296875,9100,0.0,0.0
2014-08-18 00:00:00+09:00,262.99075969827584,262.99075969827584,258.4874932650862,261.189453125,12800,3.0,0.0
2014-08-19 00:00:00+09:00,260.28877576192224,261.18942896525067,259.38812255859375,259.38812255859375,5600,0.0,0.0
2014-08-20 00:00:00+09:00,257.58679790562826,261.1894104637489,257.58679790562826,260.28875732421875,16900,0.0,0.0
2014-08-21 00:00:00+09:00,261.18942896525067,261.18942896525067,259.38812255859375,259.38812255859375,1600,0.0,0.0
2014-08-22 00:00:00+09:00,259.38812255859375,260.28877576192224,259.38812255859375,259.38812255859375,3300,0.0,0.0
2014-08-25 00:00:00+09:00,261.189453125,261.189453125,260.2887998383621,261.189453125,11200,0.0,0.0
2014-08-26 00:00:00+09:00,261.1894104637489,261.1894104637489,260.28875732421875,260.28875732421875,5100,0.0,0.0
2014-08-27 00:00:00+09:00,260.28875732421875,261.1894104637489,260.28875732421875,260.28875732421875,3900,0.0,0.0
2014-08-28 00:00:00+09:00,259.38812255859375,259.38812255859375,258.4874693552653,259.38812255859375,5300,0.0,0.0
2014-08-29 00:00:00+09:00,261.189453125,261.189453125,260.2887998383621,261.189453125,8700,0.0,0.0
2014-09-01 00:00:00+09:00,260.2887998383621,261.189453125,259.3881465517241,261.189453125,3400,0.0,0.0
2014-09-02 00:00:00+09:00,261.1894104637489,261.1894104637489,258.4874510451584,260.28875732421875,4300,0.0,0.0
2014-09-03 00:00:00+09:00,260.28875732421875,261.1894104637489,260.28875732421875,260.28875732421875,3900,0.0,0.0
2014-09-04 00:00:00+09:00,261.189453125,261.189453125,260.2887998383621,261.189453125,5100,0.0,0.0
2014-09-05 00:00:00+09:00,261.1894104637489,261.1894104637489,259.3881041846886,260.28875732421875,7500,0.0,0.0
2014-09-08 00:00:00+09:00,261.1894104637489,261.1894104637489,258.4874510451584,260.28875732421875,15400,0.0,0.0
2014-09-09 00:00:00+09:00,259.3881041846886,261.1894104637489,258.4874510451584,260.28875732421875,8400,0.0,0.0
2014-09-10 00:00:00+09:00,260.28877576192224,260.28877576192224,259.38812255859375,259.38812255859375,4300,0.0,0.0
2014-09-11 00:00:00+09:00,258.4874510451584,261.1894104637489,258.4874510451584,260.28875732421875,3700,0.0,0.0
2014-09-12 00:00:00+09:00,261.1894104637489,261.1894104637489,258.4874510451584,260.28875732421875,5000,0.0,0.0
2014-09-16 00:00:00+09:00,261.1894104637489,261.1894104637489,257.58679790562826,260.28875732421875,13300,0.0,0.0
2014-09-17 00:00:00+09:00,257.5868225097656,259.38812896088285,257.5868225097656,257.5868225097656,16700,0.0,0.0
2014-09-18 00:00:00+09:00,256.686169284207,259.38812896088285,256.686169284207,257.5868225097656,10900,0.0,0.0
2014-09-19 00:00:00+09:00,257.5868225097656,258.4874757353242,257.5868225097656,257.5868225097656,5800,0.0,0.0
2014-09-22 00:00:00+09:00,256.6861629486084,259.38812255859375,255.78550974527997,259.38812255859375,14900,0.0,0.0
2014-09-24 00:00:00+09:00,259.38811043662895,259.38811043662895,258.4874572753906,258.4874572753906,9500,0.0,0.0
2014-09-25 00:00:00+09:00,259.38811043662895,259.38811043662895,258.4874572753906,258.4874572753906,5800,0.0,0.0
2014-09-26 00:00:00+09:00,258.4874693552653,259.38812255859375,257.5868161519369,259.38812255859375,5300,0.0,0.0
2014-09-29 00:00:00+09:00,258.4874757353242,259.38812896088285,254.88486283308976,257.5868225097656,25200,0.0,0.0
2014-09-30 00:00:00+09:00,256.6861267089844,257.58677978515624,256.6861267089844,256.6861267089844,5700,0.0,0.0
2014-10-01 00:00:00+09:00,256.6861267089844,257.58677978515624,256.6861267089844,256.6861267089844,11300,0.0,0.0
2014-10-02 00:00:00+09:00,255.7855410087235,256.6861943221345,254.8848876953125,254.8848876953125,12500,0.0,0.0
2014-10-03 00:00:00+09:00,255.7855410087235,255.7855410087235,253.9842343819015,254.8848876953125,10900,0.0,0.0
2014-10-06 00:00:00+09:00,254.88483880271374,256.68614508400503,254.88483880271374,255.78549194335938,10300,0.0,0.0
2014-10-07 00:00:00+09:00,255.78549194335938,255.78549194335938,254.88483880271374,255.78549194335938,4400,0.0,0.0
2014-10-08 00:00:00+09:00,255.78549194335938,256.68614508400503,254.88483880271374,255.78549194335938,2200,0.0,0.0
2014-10-09 00:00:00+09:00,255.78549194335938,256.68614508400503,254.88483880271374,255.78549194335938,4800,0.0,0.0
2014-10-10 00:00:00+09:00,256.68616680388755,256.68616680388755,253.98420715332034,253.9842071533203,9900,0.0,0.0
2014-10-14 00:00:00+09:00,253.0835723876953,253.9842256702138,252.1829191051768,253.0835723876953,9000,0.0,0.0
2014-10-15 00:00:00+09:00,252.18288284411534,253.08353599713004,249.48092338507124,250.38157653808594,18900,0.0,0.0
2014-10-16 00:00:00+09:00,250.38158602627843,250.38158602627843,246.77897327769887,247.67962646484375,15100,0.0,0.0
2014-10-17 00:00:00+09:00,248.5802925363238,248.5802925363238,243.17637313336024,244.0770263671875,10600,0.0,0.0
2014-10-20 00:00:00+09:00,244.97767960101476,244.97767960101476,243.17637313336024,244.0770263671875,6200,0.0,0.0
2014-10-21 00:00:00+09:00,244.97767960101476,244.97767960101476,244.0770263671875,244.0770263671875,3000,0.0,0.0
2014-10-22 00:00:00+09:00,244.0770263671875,244.97767960101476,243.17637313336024,244.0770263671875,5800,0.0,0.0
2014-10-23 00:00:00+09:00,244.0770263671875,244.97767960101476,244.0770263671875,244.0770263671875,5600,0.0,0.0
2014-10-24 00:00:00+09:00,246.77897962633068,246.77897962633068,245.87832641601562,245.87832641601562,3400,0.0,0.0
2014-10-27 00:00:00+09:00,248.58027965198863,249.48093283913354,245.87832009055398,247.67962646484375,3500,0.0,0.0
2014-10-28 00:00:00+09:00,248.58028927971336,248.58028927971336,244.97767639160156,244.97767639160156,4800,0.0,0.0
2014-10-29 00:00:00+09:00,245.87832009055398,247.67962646484375,245.87832009055398,247.67962646484375,1800,0.0,0.0
2014-10-30 00:00:00+09:00,247.67962963911737,248.58028283780507,246.7789764404297,246.7789764404297,4100,0.0,0.0
2014-10-31 00:00:00+09:00,247.67965589250835,252.18292236328125,245.87834930419922,252.18292236328125,14200,0.0,0.0
2014-11-04 00:00:00+09:00,254.8848789527323,254.8848789527323,252.1829191051768,253.0835723876953,17600,0.0,0.0
2014-11-05 00:00:00+09:00,253.98424767935148,253.98424767935148,250.38163423709116,251.28228759765625,8200,0.0,0.0
2014-11-06 00:00:00+09:00,252.1829191051768,254.8848789527323,251.28226582265833,253.0835723876953,9200,0.0,0.0
2014-11-07 00:00:00+09:00,253.0835723876953,254.8848789527323,250.38161254013986,253.0835723876953,3100,0.0,0.0
2014-11-10 00:00:00+09:00,253.0835756574358,253.0835756574358,252.18292236328125,252.18292236328125,3400,0.0,0.0
2014-11-11 00:00:00+09:00,253.08355393646457,254.88486037017609,251.28224750275308,253.9842071533203,7100,0.0,0.0
2014-11-12 00:00:00+09:00,253.0835756574358,253.0835756574358,251.28226906912667,252.18292236328125,2600,0.0,0.0
2014-11-13 00:00:00+09:00,252.18292236328125,253.0835756574358,251.28226906912667,252.18292236328125,4800,0.0,0.0
2014-11-14 00:00:00+09:00,252.18294095822134,253.98424767935148,250.38163423709116,251.28228759765625,10600,0.0,0.0
2014-11-17 00:00:00+09:00,251.28228759765625,254.88490103991654,251.28228759765625,251.28228759765625,8500,0.0,0.0
2014-11-18 00:00:00+09:00,253.98424767935148,253.98424767935148,250.38163423709116,251.28228759765625,8100,0.0,0.0
2014-11-19 00:00:00+09:00,252.18294095822134,252.18294095822134,251.28228759765625,251.28228759765625,2400,0.0,0.0
2014-11-20 00:00:00+09:00,251.28226906912667,252.18292236328125,250.3816157749721,252.18292236328125,11000,0.0,0.0
2014-11-21 00:00:00+09:00,251.28226906912667,252.18292236328125,251.28226906912667,252.18292236328125,5400,0.0,0.0
2014-11-25 00:00:00+09:00,253.9842256702138,253.9842256702138,252.1829191051768,253.0835723876953,3900,0.0,0.0
2014-11-26 00:00:00+09:00,252.1829277550795,254.8848876953125,252.1829277550795,254.8848876953125,9700,0.0,0.0
2014-11-27 00:00:00+09:00,252.1829191051768,254.8848789527323,252.1829191051768,253.0835723876953,4800,0.0,0.0
2014-11-28 00:00:00+09:00,254.8848789527323,254.8848789527323,252.1829191051768,253.0835723876953,5200,0.0,0.0
2014-12-01 00:00:00+09:00,253.08355393646457,254.88486037017609,253.08355393646457,253.9842071533203,19900,0.0,0.0
2014-12-02 00:00:00+09:00,253.98420715332034,253.98420715332034,253.08355393646457,253.9842071533203,6000,0.0,0.0
2014-12-03 00:00:00+09:00,253.9842343819015,254.8848876953125,253.9842343819015,254.8848876953125,5400,0.0,0.0
2014-12-04 00:00:00+09:00,254.88482055664062,256.6861267089844,253.08351440429686,256.6861267089844,15800,0.0,0.0
2014-12-05 00:00:00+09:00,255.78549194335938,255.78549194335938,254.88483880271374,255.78549194335938,9700,0.0,0.0
2014-12-08 00:00:00+09:00,255.78549194335938,256.68614508400503,254.88483880271374,255.78549194335938,5700,0.0,0.0
2014-12-09 00:00:00+09:00,255.78549194335938,256.68614508400503,254.88483880271374,255.78549194335938,10000,0.0,0.0
2014-12-10 00:00:00+09:00,254.88488224574496,254.88488224574496,251.28226906912667,252.18292236328125,25300,0.0,0.0
2014-12-11 00:00:00+09:00,251.28226582265833,253.0835723876953,251.28226582265833,253.0835723876953,10100,0.0,0.0
2014-12-12 00:00:00+09:00,252.1829191051768,253.9842256702138,251.28226582265833,253.0835723876953,4200,0.0,0.0
2014-12-15 00:00:00+09:00,252.18292236328125,253.98422895159038,252.18292236328125,252.18292236328125,2900,0.0,0.0
2014-12-16 00:00:00+09:00,252.18292236328125,252.18292236328125,250.3816157749721,252.18292236328125,9000,0.0,0.0
2014-12-17 00:00:00+09:00,250.3816157749721,252.18292236328125,250.3816157749721,252.18292236328125,2500,0.0,0.0
2014-12-18 00:00:00+09:00,252.18294095822134,252.18294095822134,251.28228759765625,251.28228759765625,8300,0.0,0.0
2014-12-19 00:00:00+09:00,251.28226906912667,252.18292236328125,250.3816157749721,252.18292236328125,24300,0.0,0.0
2014-12-22 00:00:00+09:00,251.28222969110064,251.28222969110064,250.38157653808594,250.38157653808594,15300,0.0,0.0
2014-12-24 00:00:00+09:00,251.28224821125127,251.28224821125127,248.58028855306577,249.48094177246094,27300,0.0,0.0
2014-12-25 00:00:00+09:00,249.48093283913354,250.38158602627843,246.77897327769887,247.67962646484375,51800,0.0,0.0
2014-12-26 00:00:00+09:00,249.48094177246094,251.28224821125127,249.48094177246094,249.48094177246094,27700,0.0,0.0
2014-12-29 00:00:00+09:00,252.18288284411534,252.18288284411534,250.38157653808594,250.38157653808594,16500,0.0,0.0
2014-12-30 00:00:00+09:00,250.3816157749721,252.18292236328125,250.3816157749721,252.18292236328125,12000,0.0,0.0
2015-01-05 00:00:00+09:00,252.18290071960882,253.98420715332034,252.18290071960882,253.9842071533203,14200,0.0,0.0
2015-01-06 00:00:00+09:00,253.9841856620681,255.78549194335938,253.08353252142248,255.78549194335938,8700,0.0,0.0
2015-01-07 00:00:00+09:00,253.0835810684905,254.8848876953125,253.0835810684905,254.8848876953125,5100,0.0,0.0
2015-01-08 00:00:00+09:00,255.78547363281248,256.6861267089844,255.78547363281248,256.6861267089844,10200,0.0,0.0
2015-01-09 00:00:00+09:00,259.38812896088285,260.2887821864415,256.686169284207,257.5868225097656,21100,0.0,0.0
2015-01-13 00:00:00+09:00,258.4874572753906,258.4874572753906,256.68615095291403,258.4874572753906,7800,0.0,0.0
2015-01-14 00:00:00+09:00,258.4874693552653,259.38812255859375,257.5868161519369,259.38812255859375,5000,0.0,0.0
2015-01-15 00:00:00+09:00,259.38812896088285,260.2887821864415,257.5868225097656,257.5868225097656,39800,0.0,0.0
2015-01-16 00:00:00+09:00,257.5868225097656,258.4874757353242,256.686169284207,257.5868225097656,5600,0.0,0.0
2015-01-19 00:00:00+09:00,257.58680411415236,259.38811043662895,257.58680411415236,258.4874572753906,6400,0.0,0.0
2015-01-20 00:00:00+09:00,259.38808593749997,259.38808593749997,254.88482055664062,256.6861267089844,20600,0.0,0.0
2015-01-21 00:00:00+09:00,256.68615095291403,258.4874572753906,256.68615095291403,258.4874572753906,3400,0.0,0.0
2015-01-22 00:00:00+09:00,257.58679822465064,257.58679822465064,253.9841856620681,255.78549194335938,8500,0.0,0.0
2015-01-23 00:00:00+09:00,255.78549194335938,256.68614508400503,253.9841856620681,255.78549194335938,8600,0.0,0.0
2015-01-26 00:00:00+09:00,253.98420715332034,256.68616680388755,253.98420715332034,253.9842071533203,13300,0.0,0.0
2015-01-27 00:00:00+09:00,253.98419146919915,258.4874572753906,253.98419146919915,258.4874572753906,9100,0.0,0.0
2015-01-28 00:00:00+09:00,258.4874757353242,259.38812896088285,257.5868225097656,257.5868225097656,12500,0.0,0.0
2015-01-29 00:00:00+09:00,256.6861267089844,257.58677978515624,256.6861267089844,256.6861267089844,9400,0.0,0.0
2015-01-30 00:00:00+09:00,257.5868225097656,258.4874757353242,256.686169284207,257.5868225097656,6000,0.0,0.0
2015-02-02 00:00:00+09:00,256.68615095291403,258.4874572753906,255.78549779167574,258.4874572753906,19000,0.0,0.0
2015-02-03 00:00:00+09:00,258.4874757353242,258.4874757353242,257.5868225097656,257.5868225097656,7700,0.0,0.0
2015-02-04 00:00:00+09:00,259.38812255859375,259.38812255859375,257.5868161519369,259.38812255859375,14100,0.0,0.0
2015-02-05 00:00:00+09:00,259.38812896088285,259.38812896088285,257.5868225097656,257.5868225097656,13800,0.0,0.0
2015-02-06 00:00:00+09:00,259.3881041846886,260.28875732421875,258.4874510451584,260.28875732421875,16900,0.0,0.0
2015-02-09 00:00:00+09:00,260.2887998383621,262.0901064116379,260.2887998383621,261.189453125,14700,0.0,0.0
2015-02-10 00:00:00+09:00,262.99075969827584,262.99075969827584,260.2887998383621,261.189453125,19300,0.0,0.0
2015-02-12 00:00:00+09:00,261.189453125,262.99075969827584,261.189453125,261.189453125,16700,0.0,0.0
2015-02-13 00:00:00+09:00,261.1894104637489,262.0900636032791,256.6861447660981,260.28875732421875,38200,0.0,0.0
2015-02-16 00:00:00+09:00,261.18942896525067,261.18942896525067,259.38812255859375,259.38812255859375,74600,0.0,0.0
2015-02-17 00:00:00+09:00,257.58677978515624,259.38808593749997,256.6861267089844,256.6861267089844,260000,0.0,0.0
2015-02-18 00:00:00+09:00,254.88484230315942,260.2887612212476,250.38157653808594,250.38157653808594,263700,0.0,0.0
2015-02-19 00:00:00+09:00,253.0835943187864,253.98424767935148,251.28228759765625,251.28228759765625,24300,0.0,0.0
2015-02-20 00:00:00+09:00,253.98422895159038,253.98422895159038,251.28226906912667,252.18292236328125,17300,0.0,0.0
2015-02-23 00:00:00+09:00,253.0835546500416,253.0835546500416,249.48094177246094,249.48094177246094,35900,0.0,0.0
2015-02-24 00:00:00+09:00,249.48094497901806,250.38159820998925,247.6796385170757,248.58029174804688,49800,0.0,0.0
2015-02-25 00:00:00+09:00,248.58028855306577,249.48094177246094,247.6796353336706,249.48094177246094,24900,0.0,0.0
2015-02-26 00:00:00+09:00,249.48092338507124,250.38157653808594,248.58027023205653,250.38157653808594,18100,0.0,0.0
2015-02-27 00:00:00+09:00,250.38163423709116,251.28228759765625,249.4809808765261,251.28228759765625,11700,0.0,0.0
2015-03-02 00:00:00+09:00,253.0835943187864,253.0835943187864,251.28228759765625,251.28228759765625,11600,0.0,0.0
2015-03-03 00:00:00+09:00,251.28222969110064,251.28222969110064,248.58027023205653,250.38157653808594,19000,0.0,0.0
2015-03-04 00:00:00+09:00,249.48092338507124,250.38157653808594,248.58027023205653,250.38157653808594,5300,0.0,0.0
2015-03-05 00:00:00+09:00,249.48092338507124,251.28222969110064,249.48092338507124,250.38157653808594,7000,0.0,0.0
2015-03-06 00:00:00+09:00,257.58683095925795,318.83125230621437,257.58683095925795,276.50054931640625,2398800,0.0,0.0
2015-03-09 00:00:00+09:00,262.0900451660156,264.79200439453126,253.08351440429686,256.6861267089844,300900,0.0,0.0
2015-03-10 00:00:00+09:00,254.8848876953125,257.5868476355455,252.1829277550795,254.8848876953125,89100,0.0,0.0
2015-03-11 00:00:00+09:00,255.7854916265679,260.28875732421875,253.08353220797738,260.28875732421875,66300,0.0,0.0
2015-03-12 00:00:00+09:00,257.5868476355455,259.3881542623675,253.9842343819015,254.8848876953125,47400,0.0,0.0
2015-03-13 00:00:00+09:00,258.4874513652963,258.4874513652963,254.88483880271374,255.78549194335938,26600,0.0,0.0
2015-03-16 00:00:00+09:00,254.88486037017609,254.88486037017609,253.08355393646457,253.9842071533203,13300,0.0,0.0
2015-03-17 00:00:00+09:00,253.0835756574358,253.0835756574358,248.58030918666293,252.18292236328125,30100,0.0,0.0
2015-03-18 00:00:00+09:00,244.97767960101476,247.67963930249655,242.275719899533,244.0770263671875,68300,0.0,0.0
2015-03-19 00:00:00+09:00,243.17636994754568,246.77898283565747,243.17636994754568,244.97767639160156,31400,0.0,0.0
2015-03-20 00:00:00+09:00,243.17637313336024,245.878332834842,243.17637313336024,244.0770263671875,23400,0.0,0.0
2015-03-23 00:00:00+09:00,244.97767320570054,247.67963283664577,243.1763667850704,245.87832641601562,15300,0.0,0.0
2015-03-24 00:00:00+09:00,244.07703283373752,244.07703283373752,242.27572631835938,242.27572631835938,12800,0.0,0.0
2015-03-25 00:00:00+09:00,242.27574487942368,243.176398206113,239.5737848993558,241.37509155273438,34500,0.0,0.0
2015-03-26 00:00:00+09:00,239.57373357808817,239.57373357808817,238.67308044433594,238.67308044433594,24300,0.0,0.0
2015-03-27 00:00:00+09:00,238.6730925481122,242.27570526581957,238.6730925481122,239.57374572753906,9400,0.0,0.0
2015-03-30 00:00:00+09:00,239.57374572753906,241.3750520863927,238.6730925481122,239.57374572753906,8600,0.0,0.0
2015-03-31 00:00:00+09:00,239.57379342538337,243.17640686035156,239.57379342538337,243.17640686035156,10700,0.0,0.0
2015-04-01 00:00:00+09:00,238.67310456122354,240.4744110107422,237.7724513364642,240.4744110107422,17100,0.0,0.0
2015-04-02 00:00:00+09:00,239.5737848993558,241.37509155273438,238.67313157266648,241.37509155273438,3800,0.0,0.0
2015-04-03 00:00:00+09:00,240.4744382260451,241.37509155273438,238.67313157266648,241.37509155273438,4300,0.0,0.0
2015-04-06 00:00:00+09:00,241.37509155273438,241.37509155273438,238.67313157266648,241.37509155273438,7600,0.0,0.0
2015-04-07 00:00:00+09:00,240.4743989069659,240.4743989069659,238.6730925481122,239.57374572753906,8800,0.0,0.0
2015-04-08 00:00:00+09:00,239.57373357808817,241.37503984559257,238.67308044433594,238.67308044433594,8800,0.0,0.0
2015-04-09 00:00:00+09:00,238.67310456122354,240.4744110107422,238.67310456122354,240.4744110107422,9800,0.0,0.0
2015-04-10 00:00:00+09:00,239.57374572753906,239.57374572753906,238.6730925481122,239.57374572753906,7700,0.0,0.0
2015-04-13 00:00:00+09:00,243.1763584452464,243.1763584452464,239.57374572753906,239.57374572753906,25900,0.0,0.0
2015-04-14 00:00:00+09:00,240.4744110107422,240.4744110107422,239.57375778598285,240.4744110107422,4600,0.0,0.0
2015-04-15 00:00:00+09:00,238.67308044433594,240.47438671184037,237.77242731058374,238.67308044433594,14900,0.0,0.0
2015-04-16 00:00:00+09:00,239.57374572753906,239.57374572753906,237.77243936868538,239.57374572753906,14700,0.0,0.0
2015-04-17 00:00:00+09:00,239.57373357808817,239.57373357808817,237.77242731058374,238.67308044433594,7400,0.0,0.0
2015-04-20 00:00:00+09:00,238.6730988820394,238.6730988820394,237.77244567871094,237.77244567871094,3500,0.0,0.0
2015-04-21 00:00:00+09:00,237.77244567871094,238.6730988820394,237.77244567871094,237.77244567871094,8200,0.0,0.0
2015-04-22 00:00:00+09:00,237.77242731058374,238.67308044433594,236.87177417683154,238.67308044433594,6000,0.0,0.0
2015-04-23 00:00:00+09:00,236.8717924753825,238.6730988820394,236.8717924753825,237.77244567871094,6400,0.0,0.0
2015-04-24 00:00:00+09:00,238.6730988820394,240.4744052886963,237.77244567871094,237.77244567871094,7300,0.0,0.0
2015-04-27 00:00:00+09:00,237.77244567871094,238.6730988820394,236.8717924753825,237.77244567871094,4100,0.0,0.0
2015-04-28 00:00:00+09:00,236.8717803955078,238.67308671030253,236.8717803955078,236.8717803955078,4900,0.0,0.0
2015-04-30 00:00:00+09:00,236.8717803955078,237.77243355290517,236.8717803955078,236.8717803955078,11400,0.0,0.0
2015-05-01 00:00:00+09:00,236.8717803955078,237.77243355290517,235.97112723811043,236.8717803955078,9700,0.0,0.0
2015-05-07 00:00:00+09:00,237.77243355290517,237.77243355290517,236.8717803955078,236.8717803955078,7000,0.0,0.0
2015-05-08 00:00:00+09:00,235.97116088867188,236.87181417450648,235.07050760283724,235.97116088867188,8100,0.0,0.0
2015-05-11 00:00:00+09:00,237.77246746034112,237.77246746034112,235.97116088867188,235.97116088867188,6900,0.0,0.0
2015-05-12 00:00:00+09:00,235.97116088867188,235.97116088867188,235.97116088867188,235.97116088867188,4900,0.0,0.0
2015-05-13 00:00:00+09:00,235.97112723811043,236.8717803955078,235.97112723811043,236.8717803955078,1400,0.0,0.0
2015-05-14 00:00:00+09:00,236.87181417450648,236.87181417450648,235.97116088867188,235.97116088867188,1700,0.0,0.0
2015-05-15 00:00:00+09:00,235.9711182108327,236.87177133377483,235.07046508789062,235.07046508789062,3800,0.0,0.0
2015-05-18 00:00:00+09:00,235.07046508789062,235.9711182108327,235.07046508789062,235.07046508789062,14600,0.0,0.0
2015-05-19 00:00:00+09:00,235.9711182108327,236.87177133377483,235.07046508789062,235.07046508789062,7600,0.0,0.0
2015-05-20 00:00:00+09:00,235.9711182108327,236.87177133377483,235.07046508789062,235.07046508789062,5600,0.0,0.0
2015-05-21 00:00:00+09:00,235.07046508789062,235.9711182108327,235.07046508789062,235.07046508789062,10200,0.0,0.0
2015-05-22 00:00:00+09:00,235.07046508789062,235.07046508789062,235.07046508789062,235.07046508789062,2100,0.0,0.0
2015-05-25 00:00:00+09:00,235.07050760283724,236.87181417450648,235.07050760283724,235.97116088867188,11700,0.0,0.0
2015-05-26 00:00:00+09:00,235.97112723811043,236.8717803955078,235.97112723811043,236.8717803955078,3500,0.0,0.0
2015-05-27 00:00:00+09:00,236.87180533775916,236.87180533775916,234.1698455810547,234.1698455810547,23500,0.0,0.0
2015-05-28 00:00:00+09:00,234.1698455810547,235.07049883328952,234.1698455810547,234.1698455810547,10300,0.0,0.0
2015-05-29 00:00:00+09:00,235.07046508789062,235.9711182108327,234.1698119649485,235.07046508789062,2000,0.0,0.0
2015-06-01 00:00:00+09:00,235.07049883328952,235.97115208552435,234.1698455810547,234.1698455810547,8600,0.0,0.0
2015-06-02 00:00:00+09:00,235.07046508789062,235.07046508789062,234.1698119649485,235.07046508789062,10000,0.0,0.0
2015-06-03 00:00:00+09:00,235.07047133280042,235.07047133280042,233.2691650390625,233.2691650390625,9500,0.0,0.0
2015-06-04 00:00:00+09:00,234.1698455810547,234.1698455810547,233.26919232881986,234.1698455810547,19900,0.0,0.0
2015-06-05 00:00:00+09:00,234.16985208673995,234.16985208673995,232.36854553222656,232.36854553222656,13800,0.0,0.0
2015-06-08 00:00:00+09:00,233.2691650390625,234.16981818593146,233.2691650390625,233.2691650390625,4700,0.0,0.0
2015-06-09 00:00:00+09:00,234.16985208673995,234.16985208673995,232.36854553222656,232.36854553222656,8300,0.0,0.0
2015-06-10 00:00:00+09:00,233.2691650390625,235.07047133280042,233.2691650390625,233.2691650390625,5000,0.0,0.0
2015-06-11 00:00:00+09:00,233.2691650390625,235.07047133280042,232.3685118921935,233.2691650390625,6200,0.0,0.0
2015-06-12 00:00:00+09:00,233.2691650390625,234.16981818593146,233.2691650390625,233.2691650390625,1600,0.0,0.0
2015-06-15 00:00:00+09:00,234.16981818593146,235.07047133280042,233.2691650390625,233.2691650390625,5900,0.0,0.0
2015-06-16 00:00:00+09:00,234.16981818593146,234.16981818593146,232.3685118921935,233.2691650390625,16200,0.0,0.0
2015-06-17 00:00:00+09:00,233.26919880948324,236.87181191851002,232.36854553222656,232.36854553222656,30900,0.0,0.0
2015-06-18 00:00:00+09:00,232.3685118921935,234.16981818593146,232.3685118921935,233.2691650390625,8200,0.0,0.0
2015-06-19 00:00:00+09:00,233.2691650390625,235.97112447966938,233.2691650390625,233.2691650390625,14000,0.0,0.0
2015-06-22 00:00:00+09:00,235.07047408071307,238.67308671030253,235.07047408071307,236.8717803955078,47700,0.0,0.0
2015-06-23 00:00:00+09:00,236.87180533775916,236.87180533775916,234.1698455810547,234.1698455810547,16400,0.0,0.0
2015-06-24 00:00:00+09:00,235.07046508789062,236.87177133377483,234.1698119649485,235.07046508789062,12300,0.0,0.0
2015-06-25 00:00:00+09:00,237.77244567871094,241.37505849202475,237.77244567871094,237.77244567871094,34000,0.0,0.0
2015-06-26 00:00:00+09:00,239.57374572753906,242.27570526581957,238.6730925481122,239.57374572753906,27500,0.0,0.0
2015-06-29 00:00:00+09:00,240.47438382554327,240.47438382554327,234.1698119649485,235.07046508789062,47900,0.0,0.0
2015-06-30 00:00:00+09:00,233.2691650390625,233.2691650390625,229.66655245158663,233.2691650390625,58300,0.0,0.0
2015-07-01 00:00:00+09:00,233.26917451620102,233.26917451620102,230.5672149658203,230.5672149658203,38000,0.0,0.0
2015-07-02 00:00:00+09:00,231.46789225496985,232.36854553222656,231.46789225496985,232.36854553222656,7200,0.0,0.0
2015-07-03 00:00:00+09:00,232.36853907658505,246.77899111234225,231.46788582435022,234.1698455810547,78400,0.0,0.0
2015-07-06 00:00:00+09:00,234.16981818593146,235.97112447966938,233.2691650390625,233.2691650390625,13500,0.0,0.0
2015-07-07 00:00:00+09:00,233.2691588420064,235.07046508789062,232.36850571906427,235.07046508789062,9300,0.0,0.0
2015-07-08 00:00:00+09:00,235.0704873753345,235.0704873753345,228.7659149169922,228.7659149169922,57100,0.0,0.0
2015-07-09 00:00:00+09:00,227.8652437133789,229.66654998779296,224.26263116455078,225.1632843017578,29300,0.0,0.0
2015-07-10 00:00:00+09:00,226.06395845073956,228.7659181134974,226.06395845073956,227.86526489257812,5300,0.0,0.0
2015-07-13 00:00:00+09:00,226.96460850032295,228.7659149169922,226.06395529198835,228.7659149169922,11300,0.0,0.0
2015-07-14 00:00:00+09:00,229.66655864789794,231.46786499023438,229.66655864789794,231.46786499023438,21800,0.0,0.0
2015-07-15 00:00:00+09:00,230.56721181906616,232.36851816140262,230.56721181906616,231.46786499023438,8900,0.0,0.0
2015-07-16 00:00:00+09:00,230.56721181906616,231.46786499023438,229.66655864789794,231.46786499023438,5500,0.0,0.0
2015-07-17 00:00:00+09:00,231.46786814928055,231.46786814928055,229.66656178236008,230.5672149658203,6700,0.0,0.0
2015-07-21 00:00:00+09:00,229.66656494140625,230.5672181372549,228.76591174555762,229.66656494140625,6600,0.0,0.0
2015-07-22 00:00:00+09:00,229.66656812532682,229.66656812532682,228.7659149169922,228.7659149169922,4500,0.0,0.0
2015-07-23 00:00:00+09:00,228.76590859889984,232.36852133274078,228.76590859889984,230.5672149658203,13900,0.0,0.0
2015-07-24 00:00:00+09:00,231.46789225496985,232.36854553222656,231.46789225496985,232.36854553222656,11200,0.0,0.0
2015-07-27 00:00:00+09:00,232.36854553222656,235.97115864125334,232.36854553222656,232.36854553222656,18500,0.0,0.0
2015-07-28 00:00:00+09:00,236.8717803955078,241.37504618249463,234.16982092331568,236.8717803955078,122100,0.0,0.0
2015-07-29 00:00:00+09:00,235.0704860687256,244.97767130533856,233.2691796620687,237.77244567871094,121600,0.0,0.0
2015-07-30 00:00:00+09:00,235.97115864125334,235.97115864125334,230.56723897771317,232.36854553222656,23400,0.0,0.0
2015-07-31 00:00:00+09:00,233.26917451620102,234.16982769966125,230.5672149658203,230.5672149658203,13200,0.0,0.0
2015-08-03 00:00:00+09:00,230.5672149658203,231.46786814928055,229.66656178236008,230.5672149658203,10100,0.0,0.0
2015-08-04 00:00:00+09:00,231.46786814928055,231.46786814928055,229.66656178236008,230.5672149658203,3600,0.0,0.0
2015-08-05 00:00:00+09:00,231.46786814928055,233.26917451620102,229.66656178236008,230.5672149658203,19500,0.0,0.0
2015-08-06 00:00:00+09:00,231.46789225496985,234.16985208673995,231.46789225496985,232.36854553222656,14500,0.0,0.0
2015-08-07 00:00:00+09:00,232.36854553222656,234.16985208673995,232.36854553222656,232.36854553222656,3000,0.0,0.0
2015-08-10 00:00:00+09:00,234.16982769966125,234.16982769966125,230.5672149658203,230.5672149658203,10200,0.0,0.0
2015-08-11 00:00:00+09:00,230.56721181906616,232.36851816140262,230.56721181906616,231.46786499023438,3300,0.0,0.0
2015-08-12 00:00:00+09:00,231.46786814928055,232.36852133274078,230.5672149658203,230.5672149658203,3700,0.0,0.0
2015-08-13 00:00:00+09:00,231.46786814928055,232.36852133274078,229.66656178236008,230.5672149658203,7900,0.0,0.0
2015-08-14 00:00:00+09:00,231.46787133310357,231.46787133310357,229.66656494140625,229.66656494140625,4800,0.0,0.0
2015-08-17 00:00:00+09:00,229.6665857004565,233.26919880948324,229.6665857004565,232.36854553222656,3100,0.0,0.0
2015-08-18 00:00:00+09:00,234.1698455810547,234.1698455810547,231.46788582435022,234.1698455810547,5100,0.0,0.0
2015-08-19 00:00:00+09:00,230.5672181372549,231.46787133310357,228.76591174555762,229.66656494140625,10800,0.0,0.0
2015-08-20 00:00:00+09:00,229.66656812532682,229.66656812532682,228.7659149169922,228.7659149169922,5800,0.0,0.0
2015-08-21 00:00:00+09:00,226.06396163456023,226.96461486816406,224.2626551673526,226.96461486816406,15200,0.0,0.0
2015-08-24 00:00:00+09:00,217.95807725694445,220.66003689236112,167.52149739583334,202.64697265625,54300,0.0,0.0
2015-08-25 00:00:00+09:00,185.53457224144125,202.64698424429264,184.6339189781333,190.93849182128906,32700,0.0,0.0
2015-08-26 00:00:00+09:00,185.53455634589668,199.94500732421875,185.53455634589668,199.94500732421875,23000,0.0,0.0
2015-08-27 00:00:00+09:00,200.8456890561165,204.44830231272846,196.34242248535156,196.34242248535156,20100,0.0,0.0
2015-08-28 00:00:00+09:00,202.64694816187807,207.15021367658647,202.64694816187807,205.34890747070312,14500,0.0,0.0
2015-08-31 00:00:00+09:00,210.7528260883532,210.7528260883532,204.44825436776142,205.34890747070312,6300,0.0,0.0
2015-09-01 00:00:00+09:00,205.34893229166667,208.9515451388889,202.64697265625,202.64697265625,5400,0.0,0.0
2015-09-02 00:00:00+09:00,202.6469542916897,204.44826055206028,202.6469542916897,203.547607421875,5300,0.0,0.0
2015-09-03 00:00:00+09:00,204.44827270507812,204.44827270507812,202.6469663376325,204.44827270507812,6100,0.0,0.0
2015-09-04 00:00:00+09:00,199.04437023813273,200.8456767561249,191.83914416616412,195.44175720214844,14300,0.0,0.0
2015-09-07 00:00:00+09:00,189.13717580396076,193.64044189453125,189.13717580396076,193.64044189453125,7700,0.0,0.0
2015-09-08 00:00:00+09:00,190.93848540404133,192.7397918701172,190.0378321710034,192.7397918701172,7700,0.0,0.0
2015-09-09 00:00:00+09:00,192.7398092287396,197.24307579950454,192.7398092287396,196.34242248535156,9500,0.0,0.0
2015-09-10 00:00:00+09:00,197.24307579950454,200.8456890561165,195.44176917119856,196.34242248535156,8600,0.0,0.0
2015-09-11 00:00:00+09:00,198.14370095192848,202.64696688265414,198.14370095192848,199.94500732421875,5500,0.0,0.0
2015-09-14 00:00:00+09:00,199.04434204101562,199.94499517242292,199.04434204101562,199.04434204101562,500,0.0,0.0
2015-09-15 00:00:00+09:00,199.9450234971288,199.9450234971288,195.44175720214844,195.44175720214844,3500,0.0,0.0
2015-09-16 00:00:00+09:00,193.64045161121297,193.64045161121297,190.03783855798108,190.93849182128906,6100,0.0,0.0
2015-09-17 00:00:00+09:00,190.93848859760124,192.73979509380501,189.13718210139746,191.83914184570312,5600,0.0,0.0
2015-09-18 00:00:00+09:00,191.83913863707926,193.64044510315512,191.83913863707926,192.7397918701172,2000,0.0,0.0
2015-09-24 00:00:00+09:00,192.73979834790498,192.73979834790498,190.93849182128906,190.93849182128906,5900,0.0,0.0
2015-09-25 00:00:00+09:00,191.83914184570312,192.73979509380501,191.83914184570312,191.83914184570312,2400,0.0,0.0
2015-09-28 00:00:00+09:00,192.73979834790498,192.73979834790498,189.13718529467312,190.93849182128906,6500,0.0,0.0
2015-09-29 00:00:00+09:00,190.93847974442758,214.3554631093102,190.03782653808594,190.03782653808594,93600,0.0,0.0
2015-09-30 00:00:00+09:00,189.13718296931341,189.13718296931341,185.5345699603741,187.33587646484375,24200,0.0,0.0
2015-10-01 00:00:00+09:00,187.33587646484375,189.13718296931341,185.5345699603741,187.33587646484375,8300,0.0,0.0
2015-10-02 00:00:00+09:00,186.43520180838448,189.1371612548828,185.5345486595517,189.1371612548828,6700,0.0,0.0
2015-10-05 00:00:00+09:00,189.1371612548828,190.03781440371557,189.1371612548828,189.1371612548828,12600,0.0,0.0
2015-10-06 00:00:00+09:00,190.03781440371557,191.83912070138112,189.1371612548828,189.1371612548828,7900,0.0,0.0
2015-10-07 00:00:00+09:00,190.03781440371557,190.93846755254836,188.23650810605002,189.1371612548828,8200,0.0,0.0
2015-10-08 00:00:00+09:00,189.13718210139746,191.83914184570312,189.13718210139746,191.83914184570312,5500,0.0,0.0
2015-10-09 00:00:00+09:00,188.23652971707858,193.64044923048752,187.33587646484375,187.33587646484375,19100,0.0,0.0
2015-10-13 00:00:00+09:00,188.23650810605002,190.03781440371557,187.33585495721726,189.1371612548828,12800,0.0,0.0
2015-10-14 00:00:00+09:00,189.13717893796547,210.7528565308758,189.13717893796547,192.7397918701172,108400,0.0,0.0
2015-10-15 00:00:00+09:00,191.83914416616412,198.14371697913666,191.83914416616412,195.44175720214844,16500,0.0,0.0
2015-10-16 00:00:00+09:00,198.14370473225912,199.04435793558758,192.73978551228842,194.5410919189453,13800,0.0,0.0
2015-10-19 00:00:00+09:00,193.64044510315512,194.54109833619304,192.7397918701172,192.7397918701172,9400,0.0,0.0
2015-10-20 00:00:00+09:00,193.6404483419069,194.5411015900088,191.83914184570312,191.83914184570312,6200,0.0,0.0
2015-10-21 00:00:00+09:00,190.03782590230307,194.5410919189453,190.03782590230307,194.5410919189453,6700,0.0,0.0
2015-10-22 00:00:00+09:00,190.93848859760124,191.83914184570312,189.13718210139746,191.83914184570312,10200,0.0,0.0
2015-10-23 00:00:00+09:00,191.8391329507692,192.73978615711084,190.03782653808594,190.03782653808594,4900,0.0,0.0
2015-10-26 00:00:00+09:00,195.4417548381107,195.4417548381107,190.03783534949935,191.83914184570312,9800,0.0,0.0
2015-10-27 00:00:00+09:00,190.03783855798108,190.93849182128906,190.03783855798108,190.93849182128906,3200,0.0,0.0
2015-10-28 00:00:00+09:00,192.73979509380501,192.73979509380501,190.93848859760124,191.83914184570312,2100,0.0,0.0
2015-10-29 00:00:00+09:00,191.83914508459702,191.83914508459702,190.03783855798108,190.93849182128906,6900,0.0,0.0
2015-10-30 00:00:00+09:00,190.93847974442758,190.93847974442758,189.1371733317443,190.03782653808594,46000,0.0,0.0
2015-11-02 00:00:00+09:00,191.8391329507692,191.8391329507692,190.03782653808594,190.03782653808594,4300,0.0,0.0
2015-11-04 00:00:00+09:00,191.83913863707926,192.7397918701172,191.83913863707926,192.7397918701172,5800,0.0,0.0
2015-11-05 00:00:00+09:00,193.6404483419069,194.5411015900088,191.83914184570312,191.83914184570312,6500,0.0,0.0
2015-11-06 00:00:00+09:00,190.93848859760124,191.83914184570312,190.03783534949935,191.83914184570312,1500,0.0,0.0
2015-11-09 00:00:00+09:00,192.7397918701172,193.64044510315512,190.0378321710034,192.7397918701172,5200,0.0,0.0
2015-11-10 00:00:00+09:00,192.73978615711084,193.6404393634525,190.03782653808594,190.03782653808594,11600,0.0,0.0
2015-11-11 00:00:00+09:00,190.93849182128906,191.83914508459702,190.03783855798108,190.93849182128906,6100,0.0,0.0
2015-11-12 00:00:00+09:00,193.64045161121297,193.64045161121297,190.93849182128906,190.93849182128906,7000,0.0,0.0
2015-11-13 00:00:00+09:00,193.64044510315512,194.54109833619304,190.93848540404133,192.7397918701172,7300,0.0,0.0
2015-11-16 00:00:00+09:00,190.93848224018896,193.64044189453125,190.93848224018896,193.64044189453125,3000,0.0,0.0
2015-11-17 00:00:00+09:00,193.64044189453125,194.54109511264534,192.73978867641713,193.64044189453125,4800,0.0,0.0
2015-11-18 00:00:00+09:00,193.6404483419069,194.5411015900088,191.83914184570312,191.83914184570312,10600,0.0,0.0
2015-11-19 00:00:00+09:00,191.83913545830305,193.64044189453125,191.83913545830305,193.64044189453125,5000,0.0,0.0
2015-11-20 00:00:00+09:00,192.7397918701172,193.64044510315512,191.83913863707926,192.7397918701172,7300,0.0,0.0
2015-11-24 00:00:00+09:00,191.83913545830305,193.64044189453125,191.83913545830305,193.64044189453125,13300,0.0,0.0
2015-11-25 00:00:00+09:00,191.83913863707926,193.64044510315512,191.83913863707926,192.7397918701172,2400,0.0,0.0
2015-11-26 00:00:00+09:00,192.73978867641713,193.64044189453125,192.73978867641713,193.64044189453125,4600,0.0,0.0
2015-11-27 00:00:00+09:00,193.64044189453125,193.64044189453125,192.73978867641713,193.64044189453125,7000,0.0,0.0
2015-11-30 00:00:00+09:00,193.64044510315512,194.54109833619304,192.7397918701172,192.7397918701172,17700,0.0,0.0
2015-12-01 00:00:00+09:00,193.64043871561688,195.44174512227377,193.64043871561688,194.5410919189453,8500,0.0,0.0
2015-12-02 00:00:00+09:00,193.64043871561688,194.5410919189453,192.73978551228842,194.5410919189453,11100,0.0,0.0
2015-12-03 00:00:00+09:00,194.5410919189453,195.44174512227377,193.64043871561688,194.5410919189453,11700,0.0,0.0
2015-12-04 00:00:00+09:00,192.73978551228842,194.5410919189453,192.73978551228842,194.5410919189453,9600,0.0,0.0
2015-12-07 00:00:00+09:00,195.44175079206352,197.24305725097656,194.541097562607,197.24305725097656,21800,0.0,0.0
2015-12-08 00:00:00+09:00,197.24306372014058,197.24306372014058,193.6404506841563,195.44175720214844,12000,0.0,0.0
2015-12-09 00:00:00+09:00,194.54110394315236,195.44175720214844,194.54110394315236,195.44175720214844,9400,0.0,0.0
2015-12-10 00:00:00+09:00,195.44174833075945,195.44174833075945,193.64044189453125,193.64044189453125,6800,0.0,0.0
2015-12-11 00:00:00+09:00,193.64044189453125,195.44174833075945,193.64044189453125,193.64044189453125,10000,0.0,0.0
2015-12-14 00:00:00+09:00,193.64044189453125,193.64044189453125,192.73978867641713,193.64044189453125,17400,0.0,0.0
2015-12-15 00:00:00+09:00,193.6404483419069,193.6404483419069,191.83914184570312,191.83914184570312,26000,0.0,0.0
2015-12-16 00:00:00+09:00,192.73978867641713,194.54109511264534,192.73978867641713,193.64044189453125,7000,0.0,0.0
2015-12-17 00:00:00+09:00,193.64044510315512,193.64044510315512,192.7397918701172,192.7397918701172,9200,0.0,0.0
2015-12-18 00:00:00+09:00,192.73979509380501,193.6404483419069,190.93848859760124,191.83914184570312,26500,0.0,0.0
2015-12-21 00:00:00+09:00,190.93847974442758,191.8391329507692,190.03782653808594,190.03782653808594,19300,0.0,0.0
2015-12-22 00:00:00+09:00,190.03782395809745,191.83913034632587,186.43521118164062,186.43521118164062,26900,0.0,0.0
2015-12-24 00:00:00+09:00,186.43521118164062,188.23651756986905,186.43521118164062,186.43521118164062,22300,0.0,0.0
2015-12-25 00:00:00+09:00,186.43521118164062,186.43521118164062,186.43521118164062,186.43521118164062,0,0.0,0.0
2015-12-28 00:00:00+09:00,178.32933855754573,187.33587080792682,178.32933855754573,184.6339111328125,35600,0.0,0.0
2015-12-29 00:00:00+09:00,182.832607867671,183.73326110839844,178.3293416640338,183.73326110839844,22300,0.0,0.0
2015-12-30 00:00:00+09:00,182.83261245151735,190.93849182128906,182.83261245151735,190.93849182128906,15500,0.0,0.0
2016-01-04 00:00:00+09:00,190.93850260043362,196.34242248535156,190.93850260043362,196.34242248535156,23500,0.0,0.0
2016-01-05 00:00:00+09:00,196.34242248535156,197.24307579950454,193.64046254289258,196.34242248535156,12800,0.0,0.0
2016-01-06 00:00:00+09:00,196.34241140113687,196.34241140113687,189.13718529467312,190.93849182128906,12100,0.0,0.0
2016-01-07 00:00:00+09:00,190.03783534949935,193.6404483419069,190.03783534949935,191.83914184570312,3700,0.0,0.0
2016-01-08 00:00:00+09:00,191.83914416616412,195.44175720214844,191.83914416616412,195.44175720214844,6400,0.0,0.0
2016-01-12 00:00:00+09:00,193.6404393634525,193.6404393634525,185.53456050637774,190.03782653808594,13600,0.0,0.0
2016-01-13 00:00:00+09:00,186.4352255047492,193.64045161121297,186.4352255047492,190.93849182128906,8300,0.0,0.0
2016-01-14 00:00:00+09:00,189.13717076398325,189.13717076398325,184.63390479341223,186.43521118164062,6600,0.0,0.0
2016-01-15 00:00:00+09:00,190.0378584630281,191.83916517831747,184.63393831716,185.5345916748047,5100,0.0,0.0
2016-01-18 00:00:00+09:00,181.93197824422595,185.5345916748047,181.03132488658127,185.5345916748047,4400,0.0,0.0
2016-01-19 00:00:00+09:00,183.7332336726447,184.63388677888315,181.9319274601678,182.83258056640625,4900,0.0,0.0
2016-01-20 00:00:00+09:00,181.9319367980957,184.63389625549317,180.13063049316406,180.13063049316406,9900,0.0,0.0
2016-01-21 00:00:00+09:00,180.1306213995423,182.83258072053545,178.32931518554688,178.32931518554688,9500,0.0,0.0
2016-01-22 00:00:00+09:00,179.22998562872698,188.23651756986905,179.22998562872698,186.43521118164062,6100,0.0,0.0
2016-01-25 00:00:00+09:00,190.03781440371557,190.03781440371557,186.43520180838448,189.1371612548828,6300,0.0,0.0
2016-01-26 00:00:00+09:00,186.43521118164062,187.33586437575485,186.43521118164062,186.43521118164062,1700,0.0,0.0
2016-01-27 00:00:00+09:00,186.43520490290445,189.1371643942509,185.5345517391223,188.23651123046875,5000,0.0,0.0
2016-01-28 00:00:00+09:00,189.1371612548828,189.1371612548828,187.33585495721726,189.1371612548828,7200,0.0,0.0
2016-01-29 00:00:00+09:00,189.13718296931341,189.13718296931341,186.43522321260892,187.33587646484375,10600,0.0,0.0
2016-02-01 00:00:00+09:00,188.23652885329557,195.4417548381107,188.23652885329557,191.83914184570312,14200,0.0,0.0
2016-02-02 00:00:00+09:00,194.5410919189453,194.5410919189453,192.73978551228842,194.5410919189453,5800,0.0,0.0
2016-02-03 00:00:00+09:00,194.5411015900088,194.5411015900088,191.83914184570312,191.83914184570312,4700,0.0,0.0
2016-02-04 00:00:00+09:00,190.93848224018896,193.64044189453125,190.93848224018896,193.64044189453125,9900,0.0,0.0
2016-02-05 00:00:00+09:00,192.73978867641713,193.64044189453125,189.13717580396076,193.64044189453125,12200,0.0,0.0
2016-02-08 00:00:00+09:00,192.7397918701172,193.64044510315512,191.83913863707926,192.7397918701172,7100,0.0,0.0
2016-02-09 00:00:00+09:00,190.03781440371557,190.03781440371557,185.5345486595517,189.1371612548828,16000,0.0,0.0
2016-02-10 00:00:00+09:00,187.33589839009403,189.1372051053834,178.3293648136472,185.5345916748047,24000,0.0,0.0
2016-02-12 00:00:00+09:00,178.32934006911057,181.93195299979968,175.62738037109375,175.62738037109375,27100,0.0,0.0
2016-02-15 00:00:00+09:00,180.13064256354946,181.0312957763672,180.13064256354946,181.0312957763672,30500,0.0,0.0
2016-02-16 00:00:00+09:00,181.9319591882094,190.93849182128906,181.0313059249014,190.93849182128906,139400,0.0,0.0
2016-02-17 00:00:00+09:00,176.52800897155146,181.03127450654,175.62735586455375,178.32931518554688,153500,0.0,0.0
2016-02-18 00:00:00+09:00,181.03128082898198,181.03128082898198,175.6273619982661,176.52801513671875,26700,0.0,0.0
2016-02-19 00:00:00+09:00,176.52801513671875,176.52801513671875,173.8260557213608,176.52801513671875,21000,0.0,0.0
2016-02-22 00:00:00+09:00,175.62738037109375,176.528033603766,173.82607390574918,175.62738037109375,19100,0.0,0.0
2016-02-23 00:00:00+09:00,175.6273619982661,176.52801513671875,173.8260557213608,176.52801513671875,17000,0.0,0.0
2016-02-24 00:00:00+09:00,174.72672713842147,175.62738037109375,173.82607390574918,175.62738037109375,66200,0.0,0.0
2016-02-25 00:00:00+09:00,171.1241060622195,172.9254124418218,169.3227996826172,169.3227996826172,33000,0.0,0.0
2016-02-26 00:00:00+09:00,169.3227996826172,171.1241060622195,168.42214649281604,169.3227996826172,9700,0.0,0.0
2016-02-29 00:00:00+09:00,172.02477807029683,172.02477807029683,168.4221649169922,168.4221649169922,12200,0.0,0.0
2016-03-01 00:00:00+09:00,170.2234714936445,170.2234714936445,167.52151162866602,168.4221649169922,10800,0.0,0.0
2016-03-02 00:00:00+09:00,168.42213416099548,180.13062477111816,168.42213416099548,172.92539978027344,17900,0.0,0.0
2016-03-03 00:00:00+09:00,172.02476501464844,174.72672467456437,172.02476501464844,172.02476501464844,3100,0.0,0.0
2016-03-04 00:00:00+09:00,172.02476501464844,172.92541823462042,170.22345857470447,172.02476501464844,36600,0.0,0.0
2016-03-07 00:00:00+09:00,173.82607470060648,173.82607470060648,171.12411499023438,171.12411499023438,9800,0.0,0.0
2016-03-08 00:00:00+09:00,170.22345857470447,172.02476501464844,170.22345857470447,172.02476501464844,4300,0.0,0.0
2016-03-09 00:00:00+09:00,172.02476822702508,172.02476822702508,171.12411499023438,171.12411499023438,3000,0.0,0.0
2016-03-10 00:00:00+09:00,172.02476501464844,172.02476501464844,169.32280535473248,172.02476501464844,11100,0.0,0.0
2016-03-11 00:00:00+09:00,172.02476822702508,172.92542146381578,170.22346175344367,171.12411499023438,2300,0.0,0.0
2016-03-14 00:00:00+09:00,171.12411179467645,172.02476501464844,171.12411179467645,172.02476501464844,1700,0.0,0.0
2016-03-15 00:00:00+09:00,171.12411499023438,172.02476822702508,171.12411499023438,171.12411499023438,5000,0.0,0.0
2016-03-16 00:00:00+09:00,172.02476822702508,172.92542146381578,171.12411499023438,171.12411499023438,2600,0.0,0.0
2016-03-17 00:00:00+09:00,172.02476501464844,172.92541823462042,172.02476501464844,172.02476501464844,4100,0.0,0.0
2016-03-18 00:00:00+09:00,171.12411499023438,172.92542146381578,170.22346175344367,171.12411499023438,4400,0.0,0.0
2016-03-22 00:00:00+09:00,172.92542146381578,172.92542146381578,171.12411499023438,171.12411499023438,5300,0.0,0.0
2016-03-23 00:00:00+09:00,172.02476501464844,172.92541823462042,172.02476501464844,172.02476501464844,5400,0.0,0.0
2016-03-24 00:00:00+09:00,172.92541823462042,172.92541823462042,172.02476501464844,172.02476501464844,9200,0.0,0.0
2016-03-25 00:00:00+09:00,172.02476501464844,175.62737789453635,172.02476501464844,172.02476501464844,14600,0.0,0.0
2016-03-28 00:00:00+09:00,172.02476822702508,172.92542146381578,171.12411499023438,171.12411499023438,17000,0.0,0.0
2016-03-29 00:00:00+09:00,173.82606506347656,175.62737143719133,172.92541187661917,173.82606506347656,12900,0.0,0.0
2016-03-30 00:00:00+09:00,174.72670885981347,176.52801513671875,172.92540258290816,176.52801513671875,7000,0.0,0.0
2016-03-31 00:00:00+09:00,176.52800897155146,178.32931518554688,175.62735586455375,178.32931518554688,13300,0.0,0.0
2016-04-01 00:00:00+09:00,181.93194898918495,210.75285179935287,180.13064256354946,181.0312957763672,1795200,0.0,0.0
2016-04-04 00:00:00+09:00,179.2299809406713,188.23651264623268,172.92540874677834,174.72671508789062,145400,0.0,0.0
2016-04-05 00:00:00+09:00,175.62739122360148,175.62739122360148,167.52151162866602,168.4221649169922,49200,0.0,0.0
2016-04-06 00:00:00+09:00,168.4221560916385,170.22346257390203,164.81954312711147,166.620849609375,28000,0.0,0.0
2016-04-07 00:00:00+09:00,169.32281820531836,170.2234714936445,166.62085834033985,168.4221649169922,13700,0.0,0.0
2016-04-08 00:00:00+09:00,169.32280535473248,172.92541823462042,166.62084569481655,172.02476501464844,20200,0.0,0.0
2016-04-11 00:00:00+09:00,172.02476501464844,172.02476501464844,167.52149891478854,172.02476501464844,11000,0.0,0.0
2016-04-12 00:00:00+09:00,170.2234649658203,172.92542472718253,169.3228117120329,170.2234649658203,8200,0.0,0.0
2016-04-13 00:00:00+09:00,171.12409353256226,174.72670602798462,169.32278728485107,172.92539978027344,15900,0.0,0.0
2016-04-14 00:00:00+09:00,173.82605290412903,174.72670602798462,172.92539978027344,172.92539978027344,8500,0.0,0.0
2016-04-15 00:00:00+09:00,175.62736825844675,175.62736825844675,171.12410240566606,174.72671508789062,9200,0.0,0.0
2016-04-18 00:00:00+09:00,172.02476501464844,174.72672467456437,171.12411179467645,172.02476501464844,11100,0.0,0.0
2016-04-19 00:00:00+09:00,172.02476501464844,173.8260714545924,171.12411179467645,172.02476501464844,4800,0.0,0.0
2016-04-20 00:00:00+09:00,172.92542472718253,173.82607798096993,169.3228117120329,170.2234649658203,12000,0.0,0.0
2016-04-21 00:00:00+09:00,172.92542146381578,172.92542146381578,168.42215527986224,171.12411499023438,18900,0.0,0.0
2016-04-22 00:00:00+09:00,170.22346175344367,171.12411499023438,169.32280851665294,171.12411499023438,6100,0.0,0.0
2016-04-25 00:00:00+09:00,171.1241060622195,171.1241060622195,169.3227996826172,169.3227996826172,13200,0.0,0.0
2016-04-26 00:00:00+09:00,171.1241060622195,171.1241060622195,169.3227996826172,169.3227996826172,6100,0.0,0.0
2016-04-27 00:00:00+09:00,170.22345857470447,172.02476501464844,170.22345857470447,172.02476501464844,10000,0.0,0.0
2016-04-28 00:00:00+09:00,171.1241182196077,171.1241182196077,169.3228117120329,170.2234649658203,4900,0.0,0.0
2016-05-02 00:00:00+09:00,168.4221584582455,170.2234649658203,168.4221584582455,170.2234649658203,4500,0.0,0.0
2016-05-06 00:00:00+09:00,171.12412478197066,171.12412478197066,168.4221649169922,168.4221649169922,7400,0.0,0.0
2016-05-09 00:00:00+09:00,168.42213751680106,170.22344380040323,167.521484375,167.521484375,8100,0.0,0.0
2016-05-10 00:00:00+09:00,168.4221584582455,170.2234649658203,168.4221584582455,170.2234649658203,2600,0.0,0.0
2016-05-11 00:00:00+09:00,170.22346175344367,172.02476822702508,168.42215527986224,171.12411499023438,6000,0.0,0.0
2016-05-12 00:00:00+09:00,168.42215527986224,171.12411499023438,168.42215527986224,171.12411499023438,7000,0.0,0.0
2016-05-13 00:00:00+09:00,171.12411499023438,172.02476822702508,169.32280851665294,171.12411499023438,5700,0.0,0.0
2016-05-16 00:00:00+09:00,170.22345287241833,172.02475925202066,169.3227996826172,169.3227996826172,5800,0.0,0.0
2016-05-17 00:00:00+09:00,169.3227996826172,171.1241060622195,169.3227996826172,169.3227996826172,5000,0.0,0.0
2016-05-18 00:00:00+09:00,169.32279065860214,170.22344380040323,167.521484375,167.521484375,18400,0.0,0.0
2016-05-19 00:00:00+09:00,167.5214933030149,169.3227996826172,167.5214933030149,169.3227996826172,4000,0.0,0.0
2016-05-20 00:00:00+09:00,167.52150520445807,170.2234649658203,167.52150520445807,170.2234649658203,7400,0.0,0.0
2016-05-23 00:00:00+09:00,169.32281820531836,170.2234714936445,168.4221649169922,168.4221649169922,5700,0.0,0.0
2016-05-24 00:00:00+09:00,169.32280851665294,171.12411499023438,168.42215527986224,171.12411499023438,2700,0.0,0.0
2016-05-25 00:00:00+09:00,171.1241060622195,171.1241060622195,169.3227996826172,169.3227996826172,8200,0.0,0.0
2016-05-26 00:00:00+09:00,169.32279065860214,169.32279065860214,167.521484375,167.521484375,12700,0.0,0.0
2016-05-27 00:00:00+09:00,168.42215527986224,171.12411499023438,167.52150204307154,171.12411499023438,14500,0.0,0.0
2016-05-30 00:00:00+09:00,174.72673123475735,176.52803774233217,170.2234649658203,170.2234649658203,39000,0.0,0.0
2016-05-31 00:00:00+09:00,171.12409353256226,173.82605290412903,171.12409353256226,172.92539978027344,14400,0.0,0.0
2016-06-01 00:00:00+09:00,172.92541823462042,172.92541823462042,172.02476501464844,172.02476501464844,2600,0.0,0.0
2016-06-02 00:00:00+09:00,171.12411499023438,171.12411499023438,170.22346175344367,171.12411499023438,3000,0.0,0.0
2016-06-03 00:00:00+09:00,171.12411499023438,172.92542146381578,171.12411499023438,171.12411499023438,9300,0.0,0.0
2016-06-06 00:00:00+09:00,170.22345857470447,172.02476501464844,169.32280535473248,172.02476501464844,7200,0.0,0.0
2016-06-07 00:00:00+09:00,172.02476822702508,172.02476822702508,171.12411499023438,171.12411499023438,4300,0.0,0.0
2016-06-08 00:00:00+09:00,172.02477147339513,172.02477147339513,168.4221584582455,170.2234649658203,8900,0.0,0.0
2016-06-09 00:00:00+09:00,170.2234649658203,172.02477147339513,169.3228117120329,170.2234649658203,4800,0.0,0.0
2016-06-10 00:00:00+09:00,170.22345287241833,170.22345287241833,169.3227996826172,169.3227996826172,7100,0.0,0.0
2016-06-13 00:00:00+09:00,168.4221560916385,168.4221560916385,166.620849609375,166.620849609375,13600,0.0,0.0
2016-06-14 00:00:00+09:00,164.81953115048614,165.72018432617188,163.91887797480044,165.72018432617188,19100,0.0,0.0
2016-06-15 00:00:00+09:00,163.0182342529297,165.72019393667992,162.11758102501295,163.0182342529297,11600,0.0,0.0
2016-06-16 00:00:00+09:00,164.81952845255535,165.72018161349826,162.11756896972656,162.11756896972656,4200,0.0,0.0
2016-06-17 00:00:00+09:00,165.72019393667992,165.72019393667992,162.11758102501295,163.0182342529297,7300,0.0,0.0
2016-06-20 00:00:00+09:00,163.01822791594626,164.8195343017578,162.11757472304046,164.8195343017578,5000,0.0,0.0
2016-06-21 00:00:00+09:00,163.0182342529297,164.81954070876316,162.11758102501295,163.0182342529297,6800,0.0,0.0
2016-06-22 00:00:00+09:00,162.11756896972656,163.9188752916124,161.21691580878363,162.11756896972656,32400,0.0,0.0
2016-06-23 00:00:00+09:00,162.11756896972656,162.11756896972656,161.21691580878363,162.11756896972656,6400,0.0,0.0
2016-06-24 00:00:00+09:00,163.9188890959087,163.9188890959087,154.01170349121094,154.01170349121094,25600,0.0,0.0
2016-06-27 00:00:00+09:00,154.0117058454241,162.11758510044643,154.0117058454241,157.61431884765625,7500,0.0,0.0
2016-06-28 00:00:00+09:00,157.61431180513821,167.52149711860403,157.61431180513821,163.91888427734375,23000,0.0,0.0
2016-06-29 00:00:00+09:00,181.93195462694356,202.64697916367476,168.42215601603192,183.73326110839844,1266700,0.0,0.0
2016-06-30 00:00:00+09:00,190.93848947378305,192.73979597825272,183.73326345590445,187.33587646484375,174500,0.0,0.0
2016-07-01 00:00:00+09:00,190.93847072181518,191.83912388559733,181.9319390839937,188.23651123046875,57100,0.0,0.0
2016-07-04 00:00:00+09:00,188.23650810605002,189.1371612548828,183.73324236188614,189.1371612548828,37200,0.0,0.0
2016-07-05 00:00:00+09:00,186.43522461218768,197.24306372014058,185.5345713531916,195.44175720214844,78900,0.0,0.0
2016-07-06 00:00:00+09:00,190.03782653808594,193.6404393634525,189.1371733317443,190.03782653808594,28500,0.0,0.0
2016-07-07 00:00:00+09:00,191.8391254588324,248.5802752424307,191.8391254588324,231.46786499023438,2910700,0.0,0.0
2016-07-08 00:00:00+09:00,224.26264698262116,235.97113859215563,211.6535021723533,220.6600341796875,828200,0.0,0.0
2016-07-11 00:00:00+09:00,220.6600341796875,220.6600341796875,220.6600341796875,220.6600341796875,0,0.0,0.0
2016-07-12 00:00:00+09:00,229.66655245158663,255.78549371078665,226.06393986411075,233.2691650390625,1627100,0.0,0.0
2016-07-13 00:00:00+09:00,243.17636625034604,271.09661570871907,222.46134245864988,228.7659149169922,2666600,0.0,0.0
2016-07-14 00:00:00+09:00,225.16328819626048,241.37504494639123,214.35545036283997,215.256103515625,568300,0.0,0.0
2016-07-15 00:00:00+09:00,220.66001923878989,229.6665506362915,214.35544726053874,216.15675354003906,401600,0.0,0.0
2016-07-19 00:00:00+09:00,218.85871295928956,228.76589749654136,216.15675354003906,216.15675354003906,128200,0.0,0.0
2016-07-20 00:00:00+09:00,220.6600341796875,221.56068738042092,216.15676817602042,220.6600341796875,69000,0.0,0.0
2016-07-21 00:00:00+09:00,225.16334014126903,255.78555440048163,222.46138005957383,251.28228759765625,608500,0.0,0.0
2016-07-22 00:00:00+09:00,244.07702343078822,283.7057652424291,244.07702343078822,262.090087890625,945900,0.0,0.0
2016-07-25 00:00:00+09:00,262.99072844941736,279.20248568260064,262.09007526979605,265.69268798828125,472600,0.0,0.0
2016-07-26 00:00:00+09:00,262.99075048987174,277.4012025715086,261.18944397966715,276.50054931640625,356200,0.0,0.0
2016-07-27 00:00:00+09:00,279.20248687267303,297.21555054187775,226.06394904851913,230.5672149658203,1295200,0.0,0.0
2016-07-28 00:00:00+09:00,234.16983092064953,247.6796288583793,226.9646053538603,229.66656494140625,339800,0.0,0.0
2016-07-29 00:00:00+09:00,229.66656232735073,229.66656232735073,217.95807091458383,226.06394958496094,142800,0.0,0.0
2016-08-01 00:00:00+09:00,221.56069381148725,225.16330671899112,217.95808090398342,218.85873413085938,46000,0.0,0.0
2016-08-02 00:00:00+09:00,223.36199378188775,226.96460658482144,217.95807457748725,220.6600341796875,39700,0.0,0.0
2016-08-03 00:00:00+09:00,220.66005491441294,228.7659344826975,217.05744177295315,223.3620147705078,87800,0.0,0.0
2016-08-04 00:00:00+09:00,223.3620180446609,230.56724443319837,218.858751551825,222.46136474609375,74300,0.0,0.0
2016-08-05 00:00:00+09:00,225.1633213412377,226.9646279119676,221.5607081997779,223.3620147705078,30900,0.0,0.0
2016-08-08 00:00:00+09:00,226.06395665153127,226.06395665153127,218.8587309415223,219.75938415527344,31300,0.0,0.0
2016-08-09 00:00:00+09:00,221.56069706688243,221.56069706688243,216.15677762622676,217.9580841064453,27500,0.0,0.0
2016-08-10 00:00:00+09:00,219.75937728577875,234.16982825533802,219.75937728577875,226.06394958496094,94000,0.0,0.0
2016-08-12 00:00:00+09:00,221.56068990316734,227.86526238008673,220.66003669217886,224.2626495361328,21800,0.0,0.0
2016-08-15 00:00:00+09:00,220.66003912522388,229.6665713344167,220.66003912522388,227.86526489257812,11800,0.0,0.0
2016-08-16 00:00:00+09:00,227.86527281541092,238.67311184222882,226.9646195631761,234.1698455810547,73400,0.0,0.0
2016-08-17 00:00:00+09:00,232.36852775033066,237.77244700033833,228.7659149169922,228.7659149169922,34700,0.0,0.0
2016-08-18 00:00:00+09:00,226.9646195631761,252.1829106257512,226.06396631094125,234.1698455810547,202700,0.0,0.0
2016-08-19 00:00:00+09:00,241.37506350348977,247.6796360576854,235.9711441713221,244.97767639160156,74300,0.0,0.0
2016-08-22 00:00:00+09:00,242.2757361275809,258.4874954223633,241.37508283342632,252.18292236328125,128700,0.0,0.0
2016-08-23 00:00:00+09:00,254.88484230315942,260.2887612212476,248.58027023205653,250.38157653808594,87100,0.0,0.0
2016-08-24 00:00:00+09:00,252.1829277550795,255.7855410087235,251.2822744416685,254.8848876953125,44800,0.0,0.0
2016-08-25 00:00:00+09:00,254.88486283308976,263.89139508867595,253.98420960753114,257.5868225097656,72100,0.0,0.0
2016-08-26 00:00:00+09:00,257.58680411415236,262.9907230815821,255.78549779167574,258.4874572753906,53500,0.0,0.0
2016-08-29 00:00:00+09:00,263.8913811238607,270.1959533691406,261.1894215901693,270.1959533691406,72800,0.0,0.0
2016-08-30 00:00:00+09:00,265.6927370862896,275.599923892897,263.89143039417917,264.7920837402344,51700,0.0,0.0
2016-08-31 00:00:00+09:00,262.0900699203438,265.692682565297,253.98419146919915,258.4874572753906,49000,0.0,0.0
2016-09-01 00:00:00+09:00,256.68618646286825,256.68618646286825,226.063974744491,235.97116088867188,244500,0.0,0.0
2016-09-02 00:00:00+09:00,226.9646165075381,227.86526974764737,212.55416466578964,217.9580841064453,163100,0.0,0.0
2016-09-05 00:00:00+09:00,209.85218156178794,218.85871295928956,207.15022214253744,216.15675354003906,69800,0.0,0.0
2016-09-06 00:00:00+09:00,214.35546303607046,215.25611624210438,210.75285021193483,211.65350341796875,23700,0.0,0.0
2016-09-07 00:00:00+09:00,210.75285818557109,221.56069706688243,210.75285818557109,217.9580841064453,38300,0.0,0.0
2016-09-08 00:00:00+09:00,217.05742929852198,229.66657456897553,217.05742929852198,226.96461486816406,59700,0.0,0.0
2016-09-09 00:00:00+09:00,226.96460916909825,228.76591559107524,220.66003669217886,224.2626495361328,26900,0.0,0.0
2016-09-12 00:00:00+09:00,225.16331246228722,225.16331246228722,220.66004621304148,221.56069946289062,11900,0.0,0.0
2016-09-13 00:00:00+09:00,221.56068990316734,224.2626495361328,219.75938348119038,224.2626495361328,12700,0.0,0.0
2016-09-14 00:00:00+09:00,221.56069946289062,226.06396571213637,220.66004621304148,221.56069946289062,31800,0.0,0.0
2016-09-15 00:00:00+09:00,221.56068617876838,231.46787133310357,221.56068617876838,229.66656494140625,26700,0.0,0.0
2016-09-16 00:00:00+09:00,227.86525854970895,230.5672181372549,227.86525854970895,229.66656494140625,11900,0.0,0.0
2016-09-20 00:00:00+09:00,229.66658788782948,235.97116088867188,228.76593460199487,235.97116088867188,34300,0.0,0.0
2016-09-21 00:00:00+09:00,308.023378390243,308.023378390243,269.29529280316564,285.5070495605469,915900,0.0,0.0
2016-09-23 00:00:00+09:00,271.0966201205434,272.8979265665271,253.98420888369844,262.090087890625,509400,0.0,0.0
2016-09-26 00:00:00+09:00,254.8848565419515,261.18942896525067,247.6796309153239,259.38812255859375,125800,0.0,0.0
2016-09-27 00:00:00+09:00,255.78550351899247,331.4403707570043,253.98419715618266,313.42730712890625,2152600,0.0,0.0
2016-09-28 00:00:00+09:00,306.222080485026,309.8246931966146,270.1959533691406,270.1959533691406,768300,0.0,0.0
2016-09-29 00:00:00+09:00,274.6992197844942,276.50052614373675,249.48093075509797,265.69268798828125,381800,0.0,0.0
2016-09-30 00:00:00+09:00,280.1031066894531,318.83118896484376,256.6861267089844,256.6861267089844,1219700,0.0,0.0
2016-10-03 00:00:00+09:00,262.9906982421875,265.6926574707031,256.6861267089844,256.6861267089844,96400,0.0,0.0
2016-10-04 00:00:00+09:00,256.68615095291403,262.0900699203438,255.78549779167574,258.4874572753906,62300,0.0,0.0
2016-10-05 00:00:00+09:00,258.48747359874636,276.50053796102833,258.48747359874636,271.09661865234375,166200,0.0,0.0
2016-10-06 00:00:00+09:00,267.4940261314655,275.5999057112069,261.189453125,261.189453125,83600,0.0,0.0
2016-10-07 00:00:00+09:00,262.0900699203438,269.2952952102502,258.4874572753906,258.4874572753906,39100,0.0,0.0
2016-10-11 00:00:00+09:00,259.38811043662895,263.8913762428204,258.4874572753906,258.4874572753906,50700,0.0,0.0
2016-10-12 00:00:00+09:00,259.38812896088285,261.1894354120001,256.686169284207,257.5868225097656,42800,0.0,0.0
2016-10-13 00:00:00+09:00,255.78551505593694,255.78551505593694,243.17636994754568,244.97767639160156,72300,0.0,0.0
2016-10-14 00:00:00+09:00,238.67314006664134,246.77902029531973,238.67314006664134,243.17640686035156,52100,0.0,0.0
2016-10-17 00:00:00+09:00,240.47441028146184,247.6796360576854,240.47441028146184,244.97767639160156,35100,0.0,0.0
2016-10-18 00:00:00+09:00,243.1763636456789,252.18289563255587,243.1763636456789,246.7789764404297,18600,0.0,0.0
2016-10-19 00:00:00+09:00,247.67962646484375,248.58027965198863,244.9776669034091,247.67962646484375,10400,0.0,0.0
2016-10-20 00:00:00+09:00,247.67965269258437,254.8848789527323,247.67965269258437,253.0835723876953,29500,0.0,0.0
2016-10-21 00:00:00+09:00,249.48092338507124,253.08353599713004,246.77896392602716,250.38157653808594,14500,0.0,0.0
2016-10-24 00:00:00+09:00,251.28224993085527,262.99074186311736,251.28224993085527,257.5868225097656,114200,0.0,0.0
2016-10-25 00:00:00+09:00,261.18942427201705,261.18942427201705,246.77897327769887,247.67962646484375,58700,0.0,0.0
2016-10-26 00:00:00+09:00,248.58028855306577,251.28224821125127,248.58028855306577,249.48094177246094,11600,0.0,0.0
2016-10-27 00:00:00+09:00,254.8848789527323,260.28879864784324,252.1829191051768,253.0835723876953,40700,0.0,0.0
2016-10-28 00:00:00+09:00,258.4874549152182,259.3881080682329,250.38157653808594,250.38157653808594,16900,0.0,0.0
2016-10-31 00:00:00+09:00,247.6796353336706,253.0835546500416,243.17636923669477,249.48094177246094,38500,0.0,0.0
2016-11-01 00:00:00+09:00,250.38158602627843,250.38158602627843,245.87832009055398,247.67962646484375,17000,0.0,0.0
2016-11-02 00:00:00+09:00,245.87832324174198,248.58028283780507,244.07701684436657,246.7789764404297,19100,0.0,0.0
2016-11-04 00:00:00+09:00,244.9777048594916,244.9777048594916,235.07051826590924,241.37509155273438,36100,0.0,0.0
2016-11-07 00:00:00+09:00,241.3750730606703,245.87833934911566,239.5737665452922,242.27572631835938,21200,0.0,0.0
2016-11-08 00:00:00+09:00,242.27569933989201,242.27569933989201,235.97112723811043,236.8717803955078,16700,0.0,0.0
2016-11-09 00:00:00+09:00,238.67309418332528,244.97766648250746,195.44174127464748,226.06394958496094,79500,0.0,0.0
2016-11-10 00:00:00+09:00,233.2691796620687,243.17636489868164,231.4678732554118,237.77244567871094,43000,0.0,0.0
2016-11-11 00:00:00+09:00,239.57375208536786,242.2757116953532,237.77244567871094,237.77244567871094,19400,0.0,0.0
2016-11-14 00:00:00+09:00,239.57374572753906,241.3750520863927,237.77243936868538,239.57374572753906,9500,0.0,0.0
2016-11-15 00:00:00+09:00,242.27569933989201,242.27569933989201,235.07047408071307,236.8717803955078,8300,0.0,0.0
2016-11-16 00:00:00+09:00,238.67308044433594,241.37503984559257,236.87177417683154,238.67308044433594,7700,0.0,0.0
2016-11-17 00:00:00+09:00,237.77243936868538,241.3750520863927,237.77243936868538,239.57374572753906,16000,0.0,0.0
2016-11-18 00:00:00+09:00,240.47444678412543,244.97771357783563,239.57379342538337,243.17640686035156,9200,0.0,0.0
2016-11-21 00:00:00+09:00,244.9776756754851,249.48094177246094,244.9776756754851,249.48094177246094,26800,0.0,0.0
2016-11-22 00:00:00+09:00,251.28226073800698,265.6927129667099,250.38160747371307,262.9907531738281,75200,0.0,0.0
2016-11-24 00:00:00+09:00,261.18944664524025,266.5933662310038,261.18944664524025,262.9907531738281,40700,0.0,0.0
2016-11-25 00:00:00+09:00,262.9906982421875,263.89135131835934,256.6861267089844,256.6861267089844,53100,0.0,0.0
2016-11-28 00:00:00+09:00,255.78549779167574,261.1894167591055,255.78549779167574,258.4874572753906,5300,0.0,0.0
2016-11-29 00:00:00+09:00,272.8979230470295,307.12274507933023,270.1959634129005,284.6064147949219,786800,0.0,0.0
2016-11-30 00:00:00+09:00,286.40769706652003,290.01030960823726,272.8979000350804,278.30181884765625,104800,0.0,0.0
2016-12-01 00:00:00+09:00,276.5005394584944,276.5005394584944,262.090087890625,262.090087890625,34800,0.0,0.0
2016-12-02 00:00:00+09:00,263.8913879394531,268.39465394524586,263.8913879394531,263.8913879394531,17600,0.0,0.0
2016-12-05 00:00:00+09:00,263.8913453967366,275.59983512423685,263.8913453967366,271.9972229003906,48200,0.0,0.0
2016-12-06 00:00:00+09:00,272.8979315614222,273.7985848008988,266.5933588850857,269.2953186035156,13100,0.0,0.0
2016-12-07 00:00:00+09:00,267.4940001212511,270.1959597184354,267.4940001212511,268.3946533203125,7600,0.0,0.0
2016-12-08 00:00:00+09:00,271.09660654703777,275.5998724365234,268.39464701334634,270.1959533691406,27900,0.0,0.0
2016-12-09 00:00:00+09:00,274.69923804037546,274.69923804037546,269.2953186035156,269.2953186035156,11100,0.0,0.0
2016-12-12 00:00:00+09:00,271.99729256465514,271.99729256465514,254.88488011853445,261.189453125,50500,0.0,0.0
2016-12-13 00:00:00+09:00,263.89143039417917,270.1960038165657,262.99077704812396,264.7920837402344,39700,0.0,0.0
2016-12-14 00:00:00+09:00,264.7920382517689,301.7188190964033,264.7920382517689,286.40771484375,161900,0.0,0.0
2016-12-15 00:00:00+09:00,285.50707291968075,291.8116455078125,284.60641969280476,291.8116455078125,51100,0.0,0.0
2016-12-16 00:00:00+09:00,292.7122802734375,297.2155461237981,291.8116271033654,292.7122802734375,50700,0.0,0.0
2016-12-19 00:00:00+09:00,288.20901442307695,293.61293344350963,287.3083612530048,292.7122802734375,38900,0.0,0.0
2016-12-20 00:00:00+09:00,292.7122687078585,292.7122687078585,279.2024716905728,282.8050842285156,36500,0.0,0.0
2016-12-21 00:00:00+09:00,287.3083627024005,287.3083627024005,277.401177781628,279.2024841308594,25400,0.0,0.0
2016-12-22 00:00:00+09:00,277.401177781628,283.70575000393774,277.401177781628,279.2024841308594,22700,0.0,0.0
2016-12-26 00:00:00+09:00,281.00377767437305,287.308349609375,281.00377767437305,287.308349609375,20500,0.0,0.0
2016-12-27 00:00:00+09:00,287.3083674664099,293.612939793259,283.7057547082104,290.9109802246094,33500,0.0,0.0
2016-12-28 00:00:00+09:00,293.612951214915,297.2155641132575,288.2090318674012,296.3149108886719,72900,0.0,0.0
2016-12-29 00:00:00+09:00,306.2220657251443,307.12271885963,282.8050842285156,282.8050842285156,154300,0.0,0.0
2016-12-30 00:00:00+09:00,290.01031572390826,290.01031572390826,279.2024778708433,281.0037841796875,27000,0.0,0.0
2017-01-04 00:00:00+09:00,281.9044734894283,286.4077398390997,280.10316694955975,283.7057800292969,24400,0.0,0.0
2017-01-05 00:00:00+09:00,286.40770854949955,288.2090148925781,282.8050958633423,288.2090148925781,44400,0.0,0.0
2017-01-06 00:00:00+09:00,284.60637823232827,288.208990615016,281.9044189453125,281.9044189453125,55200,0.0,0.0
2017-01-10 00:00:00+09:00,285.5070680062982,286.4077212176745,281.0038019494165,284.6064147949219,17700,0.0,0.0
2017-01-11 00:00:00+09:00,284.6063904974871,284.6063904974871,281.0037779595442,282.8050842285156,12300,0.0,0.0
2017-01-12 00:00:00+09:00,284.6064332992311,286.4077398390997,283.7057800292969,283.7057800292969,17100,0.0,0.0
2017-01-13 00:00:00+09:00,283.7057800292969,286.4077398390997,281.9044734894283,283.7057800292969,10600,0.0,0.0
2017-01-16 00:00:00+09:00,285.5070680062982,287.3083744290509,283.70576158354555,284.6064147949219,8300,0.0,0.0
2017-01-17 00:00:00+09:00,288.20904637896825,288.20904637896825,281.9044734894283,283.7057800292969,14200,0.0,0.0
2017-01-18 00:00:00+09:00,282.80507204098444,284.60637823232827,280.1031127539687,281.9044189453125,15200,0.0,0.0
2017-01-19 00:00:00+09:00,281.0037779595442,282.8050842285156,281.0037779595442,282.8050842285156,10400,0.0,0.0
2017-01-20 00:00:00+09:00,280.1031310252654,283.70574364295373,280.1031310252654,281.0037841796875,15100,0.0,0.0
2017-01-23 00:00:00+09:00,281.0037779595442,282.8050842285156,281.0037779595442,282.8050842285156,62100,0.0,0.0
2017-01-24 00:00:00+09:00,281.9044189453125,282.80507204098444,280.1031127539687,281.9044189453125,25500,0.0,0.0
2017-01-25 00:00:00+09:00,281.90448655499523,282.8051398666725,280.1031799316406,280.1031799316406,57900,0.0,0.0
2017-01-26 00:00:00+09:00,281.9044189453125,283.7057251366564,280.1031127539687,281.9044189453125,5800,0.0,0.0
2017-01-27 00:00:00+09:00,283.70576158354555,299.9175193883196,279.2024955266639,284.6064147949219,126300,0.0,0.0
2017-01-30 00:00:00+09:00,287.308349609375,287.308349609375,284.6063902086599,287.308349609375,9400,0.0,0.0
2017-01-31 00:00:00+09:00,287.3083744290509,287.3083744290509,284.6064147949219,284.6064147949219,9200,0.0,0.0
2017-02-01 00:00:00+09:00,284.6064147949219,287.3083744290509,284.6064147949219,284.6064147949219,22100,0.0,0.0
2017-02-02 00:00:00+09:00,287.30836803508254,290.91098080041274,286.40771484375,286.40771484375,12000,0.0,0.0
2017-02-03 00:00:00+09:00,288.20901442307695,297.2155461237981,288.20901442307695,292.7122802734375,32500,0.0,0.0
2017-02-06 00:00:00+09:00,300.8181770116,300.8181770116,290.0103383165725,296.3149108886719,70800,0.0,0.0
2017-02-07 00:00:00+09:00,293.61293922982566,296.3148987932903,292.71228604200405,295.41424560546875,26500,0.0,0.0
2017-02-08 00:00:00+09:00,295.41424560546875,295.41424560546875,292.71228604200405,295.41424560546875,7100,0.0,0.0
2017-02-09 00:00:00+09:00,296.3148987932903,296.3148987932903,292.71228604200405,295.41424560546875,20000,0.0,0.0
2017-02-10 00:00:00+09:00,295.41423347309825,296.3148866239308,292.7122740206004,294.5135803222656,28600,0.0,0.0
2017-02-13 00:00:00+09:00,297.2155641132575,297.2155641132575,288.2090318674012,296.3149108886719,29100,0.0,0.0
2017-02-14 00:00:00+09:00,297.21552730687074,299.016833532973,295.4142210807685,298.1161804199219,16200,0.0,0.0
2017-02-15 00:00:00+09:00,299.016845703125,299.016845703125,294.513579954584,299.016845703125,54300,0.0,0.0
2017-02-16 00:00:00+09:00,284.6064022064209,289.10966806411744,284.6064022064209,288.2090148925781,69900,0.0,0.0
2017-02-17 00:00:00+09:00,290.9109802246094,292.7122866037091,288.20902065595976,290.9109802246094,15400,0.0,0.0
2017-02-20 00:00:00+09:00,290.0103422466077,308.0234069824219,289.10968900981703,308.0234069824219,97500,0.0,0.0
2017-02-21 00:00:00+09:00,308.92406494140624,323.33451695033483,308.0234116908482,315.2286376953125,208800,0.0,0.0
2017-02-22 00:00:00+09:00,315.2286192630431,319.7318852525151,313.4273128672543,316.1292724609375,43300,0.0,0.0
2017-02-23 00:00:00+09:00,317.0299401891691,317.0299401891691,293.61295597065094,303.5201416015625,64900,0.0,0.0
2017-02-24 00:00:00+09:00,298.1161992938702,300.8181588040866,292.7122802734375,292.7122802734375,62200,0.0,0.0
2017-02-27 00:00:00+09:00,292.7122987346885,295.41425841531634,290.0103390540606,291.8116455078125,6000,0.0,0.0
2017-02-28 00:00:00+09:00,290.01032076322116,295.41423978365384,290.01032076322116,292.7122802734375,13300,0.0,0.0
2017-03-01 00:00:00+09:00,294.5135803222656,297.21553977476344,292.7122740206004,294.5135803222656,7800,0.0,0.0
2017-03-02 00:00:00+09:00,297.21553977476344,297.21553977476344,291.81162086976775,294.5135803222656,8500,0.0,0.0
2017-03-03 00:00:00+09:00,296.3148743799128,296.3148743799128,292.7122619254458,293.6129150390625,4600,0.0,0.0
2017-03-06 00:00:00+09:00,293.61290283203124,299.0168212890625,292.7122497558594,297.21551513671875,19100,0.0,0.0
2017-03-07 00:00:00+09:00,297.2155681409334,308.0234069824219,290.91099548339844,308.0234069824219,26800,0.0,0.0
2017-03-08 00:00:00+09:00,308.0234069824219,318.83124582391036,295.414261667352,308.0234069824219,69700,0.0,0.0
2017-03-09 00:00:00+09:00,300.81818188404117,308.0234077974314,299.9175286448674,303.5201416015625,58600,0.0,0.0
2017-03-10 00:00:00+09:00,305.32147216796875,308.92408540888874,303.5201655475087,305.32147216796875,14800,0.0,0.0
2017-03-13 00:00:00+09:00,305.3214545861998,308.02341436129893,298.1162285192689,301.7188415527344,8600,0.0,0.0
2017-03-14 00:00:00+09:00,298.1161804199219,300.8181397590752,296.3148741938196,298.1161804199219,18300,0.0,0.0
2017-03-15 00:00:00+09:00,294.5135559082031,299.91747436523434,292.7122497558594,297.21551513671875,12300,0.0,0.0
2017-03-16 00:00:00+09:00,294.5135924176472,297.21555198111184,293.61293922982566,295.41424560546875,5200,0.0,0.0
2017-03-17 00:00:00+09:00,291.8115966796875,299.0168212890625,291.8115966796875,297.21551513671875,8900,0.0,0.0
2017-03-21 00:00:00+09:00,296.3148866239308,296.3148866239308,293.612927171433,294.5135803222656,10800,0.0,0.0
2017-03-22 00:00:00+09:00,296.3148620605469,303.52008666992185,295.41420898437497,297.21551513671875,70400,0.0,0.0
2017-03-23 00:00:00+09:00,294.5135681526793,297.2155274935295,292.7122619254458,293.6129150390625,16200,0.0,0.0
2017-03-24 00:00:00+09:00,294.5136051884404,295.41425841531634,290.9109922809365,291.8116455078125,6200,0.0,0.0
2017-03-27 00:00:00+09:00,290.9109802246094,293.612939793259,290.0103270350595,290.9109802246094,9600,0.0,0.0
2017-03-28 00:00:00+09:00,290.0103153264861,294.51358109242534,285.5070495605469,285.5070495605469,34100,0.0,0.0
2017-03-29 00:00:00+09:00,282.8051231270406,309.8247208780317,282.8051231270406,301.7188415527344,49000,0.0,0.0
2017-03-30 00:00:00+09:00,301.71879287212636,301.71879287212636,292.7122617416151,298.1161804199219,21000,0.0,0.0
2017-03-31 00:00:00+09:00,298.1162267712579,310.7253723144531,293.61296050583104,310.7253723144531,78600,0.0,0.0
2017-04-03 00:00:00+09:00,309.82469661061356,310.7253497984351,290.0103264785394,295.41424560546875,92800,0.0,0.0
2017-04-04 00:00:00+09:00,298.11618751477283,299.0168406492586,277.4011654216013,282.8050842285156,60600,0.0,0.0
2017-04-05 00:00:00+09:00,278.301873308286,284.6064464900271,278.301873308286,280.1031799316406,10800,0.0,0.0
2017-04-06 00:00:00+09:00,283.7057251366564,283.7057251366564,275.599847275609,281.9044189453125,17000,0.0,0.0
2017-04-07 00:00:00+09:00,279.20248463114757,281.9044441598361,270.1959528688525,274.69921875,19100,0.0,0.0
2017-04-10 00:00:00+09:00,276.5005394584944,276.5005394584944,261.1894346676332,262.090087890625,31500,0.0,0.0
2017-04-11 00:00:00+09:00,258.4874572753906,261.1894167591055,256.68615095291403,258.4874572753906,17400,0.0,0.0
2017-04-12 00:00:00+09:00,256.6861943221345,256.6861943221345,253.0835810684905,254.8848876953125,24800,0.0,0.0
2017-04-13 00:00:00+09:00,261.18944664524025,315.22864250287614,258.4874868523585,262.9907531738281,763000,0.0,0.0
2017-04-14 00:00:00+09:00,270.19597928817956,279.20251193111886,262.9907531738281,262.9907531738281,113400,0.0,0.0
2017-04-17 00:00:00+09:00,262.9907230815821,263.8913762428204,254.88484463043744,258.4874572753906,20900,0.0,0.0
2017-04-18 00:00:00+09:00,255.78550974527997,261.18942896525067,255.78550974527997,259.38812255859375,56000,0.0,0.0
2017-04-19 00:00:00+09:00,257.5868217756658,263.8913943366087,257.5868217756658,262.090087890625,10300,0.0,0.0
2017-04-20 00:00:00+09:00,260.2887933809463,263.89140643812203,257.5868335880645,262.9907531738281,17800,0.0,0.0
2017-04-21 00:00:00+09:00,262.9907531738281,264.792059702416,259.3881401166524,262.9907531738281,25700,0.0,0.0
2017-04-24 00:00:00+09:00,262.9907230815821,262.9907230815821,257.58680411415236,258.4874572753906,12000,0.0,0.0
2017-04-25 00:00:00+09:00,259.3881542623675,259.3881542623675,251.2822744416685,254.8848876953125,38800,0.0,0.0
2017-04-26 00:00:00+09:00,255.78553223525077,257.58683880028775,251.28226582265833,253.0835723876953,24900,0.0,0.0
2017-04-27 00:00:00+09:00,253.0835546500416,253.0835546500416,245.87832889488027,249.48094177246094,49800,0.0,0.0
2017-04-28 00:00:00+09:00,250.38159820998925,250.38159820998925,247.6796385170757,248.58029174804688,19000,0.0,0.0
2017-05-01 00:00:00+09:00,247.67962963911737,249.48093603649278,246.7789764404297,246.7789764404297,11000,0.0,0.0
2017-05-02 00:00:00+09:00,245.878332834842,245.878332834842,242.275719899533,244.0770263671875,39500,0.0,0.0
2017-05-08 00:00:00+09:00,249.48093283913354,249.48093283913354,245.87832009055398,247.67962646484375,18500,0.0,0.0
2017-05-09 00:00:00+09:00,247.6796353336706,250.3815949918561,247.6796353336706,249.48094177246094,20500,0.0,0.0
2017-05-10 00:00:00+09:00,249.48094497901806,249.48094497901806,246.7789852861045,248.58029174804688,15500,0.0,0.0
2017-05-11 00:00:00+09:00,248.58027965198863,248.58027965198863,246.77897327769887,247.67962646484375,11000,0.0,0.0
2017-05-12 00:00:00+09:00,247.67962646484375,248.58027965198863,246.77897327769887,247.67962646484375,12900,0.0,0.0
2017-05-15 00:00:00+09:00,247.67967415539596,252.18294095822134,246.77902079483087,251.28228759765625,63600,0.0,0.0
2017-05-16 00:00:00+09:00,252.18288284411534,253.98418915014472,250.38157653808594,250.38157653808594,18800,0.0,0.0
2017-05-17 00:00:00+09:00,251.28224750275308,253.98420715332034,250.38159428589734,253.9842071533203,16200,0.0,0.0
2017-05-18 00:00:00+09:00,249.48094497901806,249.48094497901806,247.6796385170757,248.58029174804688,32000,0.0,0.0
2017-05-19 00:00:00+09:00,247.67962646484375,250.38158602627843,247.67962646484375,247.67962646484375,16200,0.0,0.0
2017-05-22 00:00:00+09:00,247.67962963911737,248.58028283780507,246.7789764404297,246.7789764404297,19000,0.0,0.0
2017-05-23 00:00:00+09:00,244.97767320570054,245.87832641601562,242.27571357475531,245.87832641601562,28100,0.0,0.0
2017-05-24 00:00:00+09:00,245.87832324174198,247.67962963911737,244.07701684436657,246.7789764404297,21700,0.0,0.0
2017-05-25 00:00:00+09:00,247.67963283664577,248.58028604696085,244.07701999538546,245.87832641601562,32000,0.0,0.0
2017-05-26 00:00:00+09:00,245.878332834842,245.878332834842,243.17637313336024,244.0770263671875,11600,0.0,0.0
2017-05-29 00:00:00+09:00,258.4874739664126,259.3881271858078,249.48094177246094,249.48094177246094,53500,0.0,0.0
2017-05-30 00:00:00+09:00,252.182861328125,256.6861267089844,249.48090209960935,256.6861267089844,31700,0.0,0.0
2017-05-31 00:00:00+09:00,255.78553223525077,255.78553223525077,251.28226582265833,253.0835723876953,16100,0.0,0.0
2017-06-01 00:00:00+09:00,253.08353599713004,254.88484230315942,249.48092338507124,250.38157653808594,19500,0.0,0.0
2017-06-02 00:00:00+09:00,252.18292236328125,253.0835756574358,249.4809624808175,252.18292236328125,27400,0.0,0.0
2017-06-05 00:00:00+09:00,252.18292236328125,254.88488224574496,251.28226906912667,252.18292236328125,24200,0.0,0.0
2017-06-06 00:00:00+09:00,252.1829031564139,259.38812896088285,251.28224993085527,257.5868225097656,30800,0.0,0.0
2017-06-07 00:00:00+09:00,255.78553223525077,256.6861855177693,251.28226582265833,253.0835723876953,39200,0.0,0.0
2017-06-08 00:00:00+09:00,253.0835756574358,253.0835756574358,250.3816157749721,252.18292236328125,19200,0.0,0.0
2017-06-09 00:00:00+09:00,252.18288284411534,252.18288284411534,249.48092338507124,250.38157653808594,22500,0.0,0.0
2017-06-12 00:00:00+09:00,250.38163423709116,252.18294095822134,249.4809808765261,251.28228759765625,12100,0.0,0.0
2017-06-13 00:00:00+09:00,251.28222969110064,252.18288284411534,250.38157653808594,250.38157653808594,7400,0.0,0.0
2017-06-14 00:00:00+09:00,253.08355393646457,253.98420715332034,250.38159428589734,253.9842071533203,21300,0.0,0.0
2017-06-15 00:00:00+09:00,253.9842256702138,254.8848789527323,253.0835723876953,253.0835723876953,19600,0.0,0.0
2017-06-16 00:00:00+09:00,253.08353252142248,256.68614508400503,253.08353252142248,255.78549194335938,21400,0.0,0.0
2017-06-19 00:00:00+09:00,255.78547363281248,258.4874328613281,255.78547363281248,256.6861267089844,23800,0.0,0.0
2017-06-20 00:00:00+09:00,256.6861267089844,257.58677978515624,254.88482055664062,256.6861267089844,19200,0.0,0.0
2017-06-21 00:00:00+09:00,255.7855410087235,257.5868476355455,254.8848876953125,254.8848876953125,10600,0.0,0.0
2017-06-22 00:00:00+09:00,255.78551605864837,259.38812896088285,255.78551605864837,257.5868225097656,19000,0.0,0.0
2017-06-23 00:00:00+09:00,257.58680411415236,259.38811043662895,256.68615095291403,258.4874572753906,15200,0.0,0.0
2017-06-26 00:00:00+09:00,256.686169284207,258.4874757353242,255.78551605864837,257.5868225097656,21300,0.0,0.0
2017-06-27 00:00:00+09:00,261.1894332530887,306.2220941587936,260.28878003497454,271.09661865234375,518700,0.0,0.0
2017-06-28 00:00:00+09:00,269.29532602388565,272.89793908106134,255.78552705947666,262.9907531738281,260200,0.0,0.0
2017-06-29 00:00:00+09:00,263.891388575236,263.891388575236,258.4874693552653,259.38812255859375,54400,0.0,0.0
2017-06-30 00:00:00+09:00,259.38812255859375,260.28877576192224,257.5868161519369,259.38812255859375,31000,0.0,0.0
2017-07-03 00:00:00+09:00,259.3881282216495,264.7920475596005,259.3881282216495,262.090087890625,97500,0.0,0.0
2017-07-04 00:00:00+09:00,262.0901142026005,262.0901142026005,253.0835810684905,254.8848876953125,115000,0.0,0.0
2017-07-05 00:00:00+09:00,258.48751448217683,258.48751448217683,251.28228759765625,251.28228759765625,51800,0.0,0.0
2017-07-06 00:00:00+09:00,251.2822392134233,253.08354558771308,247.67962646484375,247.67962646484375,50400,0.0,0.0
2017-07-07 00:00:00+09:00,247.67962646484375,248.58027965198863,244.07701371626422,247.67962646484375,83900,0.0,0.0
2017-07-10 00:00:00+09:00,247.67961707904183,254.88484230315942,247.67961707904183,250.38157653808594,49800,0.0,0.0
2017-07-11 00:00:00+09:00,250.38159820998925,251.28225144096044,247.6796385170757,248.58029174804688,59000,0.0,0.0
2017-07-12 00:00:00+09:00,248.58028855306577,252.18290143064644,246.77898211427544,249.48094177246094,42200,0.0,0.0
2017-07-13 00:00:00+09:00,250.38158923518048,250.38158923518048,246.7789764404297,246.7789764404297,35200,0.0,0.0
2017-07-14 00:00:00+09:00,247.67962963911737,248.58028283780507,244.97767004305427,246.7789764404297,33500,0.0,0.0
2017-07-17 00:00:00+09:00,246.7789764404297,246.7789764404297,246.7789764404297,246.7789764404297,0,0.0,0.0
2017-07-18 00:00:00+09:00,247.67962963911737,249.48093603649278,245.87832324174198,246.7789764404297,23900,0.0,0.0
2017-07-19 00:00:00+09:00,246.7789852861045,249.48094497901806,246.7789852861045,248.58029174804688,19500,0.0,0.0
2017-07-20 00:00:00+09:00,250.38157653808594,250.38157653808594,247.67961707904183,250.38157653808594,52500,0.0,0.0
2017-07-21 00:00:00+09:00,250.38159820998925,250.38159820998925,247.6796385170757,248.58029174804688,33000,0.0,0.0
2017-07-24 00:00:00+09:00,248.58029174804688,249.48094497901806,247.6796385170757,248.58029174804688,14200,0.0,0.0
2017-07-25 00:00:00+09:00,248.58027965198863,249.48093283913354,246.77897327769887,247.67962646484375,24100,0.0,0.0
2017-07-26 00:00:00+09:00,247.67961707904183,250.38157653808594,247.67961707904183,250.38157653808594,23100,0.0,0.0
2017-07-27 00:00:00+09:00,250.3815949918561,250.3815949918561,247.6796353336706,249.48094177246094,39400,0.0,0.0
2017-07-28 00:00:00+09:00,248.58028283780507,248.58028283780507,245.87832324174198,246.7789764404297,50600,0.0,0.0
2017-07-31 00:00:00+09:00,245.87832961362952,246.77898283565747,244.97767639160156,244.97767639160156,25600,0.0,0.0
2017-08-01 00:00:00+09:00,244.97767639160156,245.87832961362952,244.07702316957364,244.97767639160156,44300,0.0,0.0
2017-08-02 00:00:00+09:00,244.97767882416213,248.58029174804688,244.97767882416213,248.58029174804688,36900,0.0,0.0
2017-08-03 00:00:00+09:00,248.5803270128038,248.5803270128038,243.17640686035156,243.17640686035156,94000,0.0,0.0
2017-08-04 00:00:00+09:00,243.17640686035156,244.0770602190936,239.57379342538337,243.17640686035156,35000,0.0,0.0
2017-08-07 00:00:00+09:00,243.1763584452464,243.1763584452464,237.77243936868538,239.57374572753906,45100,0.0,0.0
2017-08-08 00:00:00+09:00,237.772458589994,238.67311184222882,234.1698455810547,234.1698455810547,42800,0.0,0.0
2017-08-09 00:00:00+09:00,235.07047133280042,235.07047133280042,228.76589930471766,233.2691650390625,38800,0.0,0.0
2017-08-10 00:00:00+09:00,233.26918750339084,233.26918750339084,226.96461486816406,226.96461486816406,23800,0.0,0.0
2017-08-11 00:00:00+09:00,226.96461486816406,226.96461486816406,226.96461486816406,226.96461486816406,0,0.0,0.0
2017-08-14 00:00:00+09:00,226.06394958496094,227.86525595615583,224.262643213766,226.06394958496094,50600,0.0,0.0
2017-08-15 00:00:00+09:00,226.96459913439324,255.7855006117765,226.96459913439324,231.46786499023438,149700,0.0,0.0
2017-08-16 00:00:00+09:00,231.46786814928055,231.46786814928055,228.76590859889984,230.5672149658203,25400,0.0,0.0
2017-08-17 00:00:00+09:00,230.5672149658203,234.16982769966125,230.5672149658203,230.5672149658203,25200,0.0,0.0
2017-08-18 00:00:00+09:00,228.76591174555762,229.66656494140625,226.9646053538603,229.66656494140625,27000,0.0,0.0
2017-08-21 00:00:00+09:00,228.7659181134974,228.7659181134974,224.262652008901,227.86526489257812,39000,0.0,0.0
2017-08-22 00:00:00+09:00,227.86525595615583,227.86525595615583,224.262643213766,226.06394958496094,20700,0.0,0.0
2017-08-23 00:00:00+09:00,225.1633027471213,227.86526238008673,224.2626495361328,224.2626495361328,36200,0.0,0.0
2017-08-24 00:00:00+09:00,223.36197802734375,226.06393743896484,223.36197802734375,225.1632843017578,21200,0.0,0.0
2017-08-25 00:00:00+09:00,227.86526170865758,232.36852775033066,227.86526170865758,228.7659149169922,38700,0.0,0.0
2017-08-28 00:00:00+09:00,229.66657931988055,236.87180533775916,229.66657931988055,234.1698455810547,41300,0.0,0.0
2017-08-29 00:00:00+09:00,231.46786499023438,234.16982450373908,229.66655864789794,231.46786499023438,18700,0.0,0.0
2017-08-30 00:00:00+09:00,231.46789225496985,234.16985208673995,230.56723897771317,232.36854553222656,17800,0.0,0.0
2017-08-31 00:00:00+09:00,232.36854553222656,233.26919880948324,230.56723897771317,232.36854553222656,26600,0.0,0.0
2017-09-01 00:00:00+09:00,232.3685118921935,237.77243077340734,231.46785874532455,233.2691650390625,33400,0.0,0.0
2017-09-04 00:00:00+09:00,233.26917451620102,236.87178725004196,229.66656178236008,230.5672149658203,36500,0.0,0.0
2017-09-05 00:00:00+09:00,233.26917451620102,233.26917451620102,228.76590859889984,230.5672149658203,24900,0.0,0.0
2017-09-06 00:00:00+09:00,228.76589930471766,233.2691650390625,227.86524615784867,233.2691650390625,29000,0.0,0.0
2017-09-07 00:00:00+09:00,232.36852133274078,233.26917451620102,230.5672149658203,230.5672149658203,12200,0.0,0.0
2017-09-08 00:00:00+09:00,230.56721181906616,231.46786499023438,227.86525230556148,231.46786499023438,20000,0.0,0.0
2017-09-11 00:00:00+09:00,231.46785874532455,234.16981818593146,231.46785874532455,233.2691650390625,11300,0.0,0.0
2017-09-12 00:00:00+09:00,235.07047983040485,242.27570526581957,235.07047983040485,239.57374572753906,32700,0.0,0.0
2017-09-13 00:00:00+09:00,238.6730925481122,240.4743989069659,237.77243936868538,239.57374572753906,24300,0.0,0.0
2017-09-14 00:00:00+09:00,240.47438671184037,240.47438671184037,236.87177417683154,238.67308044433594,23000,0.0,0.0
2017-09-15 00:00:00+09:00,238.67313157266648,241.37509155273438,237.77247824597717,241.37509155273438,19000,0.0,0.0
2017-09-18 00:00:00+09:00,241.37509155273438,241.37509155273438,241.37509155273438,241.37509155273438,0,0.0,0.0
2017-09-19 00:00:00+09:00,243.17636923669477,249.48094177246094,243.17636923669477,249.48094177246094,74300,0.0,0.0
2017-09-20 00:00:00+09:00,306.2221272786458,321.5332336425781,305.3214739631204,321.5332336425781,2442100,0.0,0.0
2017-09-21 00:00:00+09:00,379.17496514320374,391.784108877182,335.0429620742798,345.8507995605469,7116600,0.0,0.0
2017-09-22 00:00:00+09:00,360.2612563722646,362.9632157950566,322.43382445317684,339.5462341308594,1217600,0.0,0.0
2017-09-25 00:00:00+09:00,332.3410506475539,368.3671807990503,326.03647787104205,340.4469299316406,1340800,0.0,0.0
2017-09-26 00:00:00+09:00,342.2482199197287,344.9501795506739,318.8312364515367,327.8377685546875,539100,0.0,0.0
2017-09-27 00:00:00+09:00,330.5397149870926,351.2547379971829,326.9371022896856,335.9436340332031,445300,0.0,0.0
2017-09-28 00:00:00+09:00,337.7449467497052,342.24821270636795,328.7384148363797,334.142333984375,309800,0.0,0.0
2017-09-29 00:00:00+09:00,335.94362156713674,341.3475404127207,328.7383964396914,339.5462341308594,159600,0.0,0.0
2017-10-02 00:00:00+09:00,332.3410533558239,333.24170661695075,322.433867483428,326.9371337890625,205700,0.0,0.0
2017-10-03 00:00:00+09:00,322.4338264575266,323.334479604056,307.12272296652674,312.5266418457031,320400,0.0,0.0
2017-10-04 00:00:00+09:00,312.52667709135676,319.7319030761719,308.02341085084726,319.7319030761719,188300,0.0,0.0
2017-10-05 00:00:00+09:00,333.24167451014785,370.16845465856966,333.24167451014785,335.9436340332031,1900400,0.0,0.0
2017-10-06 00:00:00+09:00,335.94365562092173,336.8443088531494,316.12928451191294,317.0299377441406,275500,0.0,0.0
2017-10-09 00:00:00+09:00,317.0299377441406,317.0299377441406,317.0299377441406,317.0299377441406,0,0.0,0.0
2017-10-10 00:00:00+09:00,317.9305782532424,326.9371102150906,316.12927186087273,320.6325378417969,130000,0.0,0.0
2017-10-11 00:00:00+09:00,322.43384996164474,323.3345031738281,317.9305839007279,323.3345031738281,77600,0.0,0.0
2017-10-12 00:00:00+09:00,321.5331898673636,331.4403749893272,321.5331898673636,329.6390686035156,126500,0.0,0.0
2017-10-13 00:00:00+09:00,331.4403973937665,342.2482364392154,327.8377843786169,340.4469299316406,197500,0.0,0.0
2017-10-16 00:00:00+09:00,344.0495185040413,353.05605040205285,336.8442929856321,338.6455993652344,262700,0.0,0.0
2017-10-17 00:00:00+09:00,336.8442872075549,339.5462467306101,328.7384086383891,335.9436340332031,186600,0.0,0.0
2017-10-18 00:00:00+09:00,339.5462896989629,339.5462896989629,331.4404101040274,336.8443298339844,65200,0.0,0.0
2017-10-19 00:00:00+09:00,335.9436277669271,343.14885302734376,335.9436277669271,337.74493408203125,74500,0.0,0.0
2017-10-20 00:00:00+09:00,335.04302325733204,337.74498312231054,329.6391035273751,336.8443298339844,94700,0.0,0.0
2017-10-23 00:00:00+09:00,333.24167500371516,336.84428770645803,331.44036865234375,331.44036865234375,72100,0.0,0.0
2017-10-24 00:00:00+09:00,331.44036197916665,343.14885302734376,331.44036197916665,337.74493408203125,109000,0.0,0.0
2017-10-25 00:00:00+09:00,337.7449403819066,338.64559355625835,332.3410213357961,335.9436340332031,66400,0.0,0.0
2017-10-26 00:00:00+09:00,332.34100932459677,338.6455813172043,331.4403561827957,335.04296875,105700,0.0,0.0
2017-10-27 00:00:00+09:00,332.34100932459677,335.94362189180106,330.5397030409946,335.04296875,43500,0.0,0.0
2017-10-30 00:00:00+09:00,334.142377640311,337.7449908763251,326.93715116828275,330.5397644042969,95000,0.0,0.0
2017-10-31 00:00:00+09:00,330.53975787072324,334.14237103552676,327.8377979971206,332.341064453125,61000,0.0,0.0
2017-11-01 00:00:00+09:00,346.751459593414,346.751459593414,332.34100932459677,335.04296875,157500,0.0,0.0
2017-11-02 00:00:00+09:00,337.74492817540323,337.74492817540323,328.7383967573925,335.04296875,53700,0.0,0.0
2017-11-03 00:00:00+09:00,335.04296875,335.04296875,335.04296875,335.04296875,0,0.0,0.0
2017-11-06 00:00:00+09:00,334.142377640311,335.94368425831806,329.63911109529334,330.5397644042969,75800,0.0,0.0
2017-11-07 00:00:00+09:00,328.73845128832147,333.2417177443259,328.73845128832147,332.341064453125,41300,0.0,0.0
2017-11-08 00:00:00+09:00,333.24167451014785,335.9436340332031,330.5397149870926,335.9436340332031,45800,0.0,0.0
2017-11-09 00:00:00+09:00,337.7449518772417,343.14887110727756,335.94364546722977,341.3475646972656,158100,0.0,0.0
2017-11-10 00:00:00+09:00,342.2481935536514,342.2481935536514,337.7449278489981,339.5462341308594,111300,0.0,0.0
2017-11-13 00:00:00+09:00,340.44691644712935,354.8573679369549,337.74495679278704,348.55279541015625,194300,0.0,0.0
2017-11-14 00:00:00+09:00,351.25473604857467,354.85734872599596,349.45342970986405,353.9566955566406,100300,0.0,0.0
2017-11-15 00:00:00+09:00,353.9567154489887,354.85736866896065,341.34757036938095,344.0495300292969,135800,0.0,0.0
2017-11-16 00:00:00+09:00,343.148881648137,353.056067207532,343.148881648137,351.2547607421875,106900,0.0,0.0
2017-11-17 00:00:00+09:00,359.3606199040972,362.0625794522483,353.05604762507795,361.16192626953125,201500,0.0,0.0
2017-11-20 00:00:00+09:00,368.3671662086664,387.2808837890625,366.5658597724382,387.2808837890625,476800,0.0,0.0
2017-11-21 00:00:00+09:00,388.18154660896334,401.69134521484375,373.77109476269095,401.69134521484375,328900,0.0,0.0
2017-11-22 00:00:00+09:00,408.89657113797995,408.89657113797995,399.8900387340597,401.69134521484375,301600,0.0,0.0
2017-11-23 00:00:00+09:00,401.69134521484375,401.69134521484375,401.69134521484375,401.69134521484375,0,0.0,0.0
2017-11-24 00:00:00+09:00,400.7906550418288,473.7435607910156,400.7906550418288,473.7435607910156,1187700,0.0,0.0
2017-11-27 00:00:00+09:00,500.76321494742615,547.5971846907106,473.7436170186082,525.9815063476562,2902800,0.0,0.0
2017-11-28 00:00:00+09:00,525.9814807788746,533.1867065429688,478.2468600917507,533.1867065429688,1031100,0.0,0.0
2017-11-29 00:00:00+09:00,551.1997919131884,575.5174297917115,495.3592901180615,523.279541015625,1202200,0.0,0.0
2017-11-30 00:00:00+09:00,513.3723623159493,595.331809633057,497.16060350597195,546.696533203125,1161300,0.0,0.0
2017-12-01 00:00:00+09:00,540.3919194368708,556.6036770199769,522.3788554556418,536.789306640625,923400,0.0,0.0
2017-12-04 00:00:00+09:00,531.385338477839,565.6101568882762,526.8820728975184,551.19970703125,613000,0.0,0.0
2017-12-05 00:00:00+09:00,539.4913086906312,572.8154796781994,516.9749769422742,567.4115600585938,863400,0.0,0.0
2017-12-06 00:00:00+09:00,572.8154832237801,609.7422675196527,532.2860858258712,579.1200561523438,1615600,0.0,0.0
2017-12-07 00:00:00+09:00,578.2193844244347,591.7291831259402,549.3984805278897,580.0206909179688,592100,0.0,0.0
2017-12-08 00:00:00+09:00,583.6232570575586,621.4506903853633,571.9147657894285,615.1461181640625,569700,0.0,0.0
2017-12-11 00:00:00+09:00,603.4376546845181,606.1396143323592,580.020671069895,589.9278564453125,414800,0.0,0.0
2017-12-12 00:00:00+09:00,585.4245839220412,645.7683487263131,584.5239307160073,634.9605102539062,691500,0.0,0.0
2017-12-13 00:00:00+09:00,625.9539781935671,643.0663891082114,603.4376480427194,634.9605102539062,353700,0.0,0.0
2017-12-14 00:00:00+09:00,630.4572280572385,665.5827021918561,617.8480834960938,617.8480834960938,581500,0.0,0.0
2017-12-15 00:00:00+09:00,612.4441734056794,643.0663820759634,588.1265371086891,641.2650756835938,515300,0.0,0.0
2017-12-18 00:00:00+09:00,627.7552340994808,636.761765435198,559.3055959480309,574.61669921875,630200,0.0,0.0
2017-12-19 00:00:00+09:00,574.6167234420776,583.6232551574707,563.808885383606,576.4180297851562,212100,0.0,0.0
2017-12-20 00:00:00+09:00,581.8219117732062,593.5304022578064,570.1134212886061,578.2192993164062,173400,0.0,0.0
2017-12-21 00:00:00+09:00,571.914770719941,597.1330598225526,563.8088920798159,570.1134643554688,226600,0.0,0.0
2017-12-22 00:00:00+09:00,576.4180927579365,581.8220123775421,560.2063338991195,567.4115600585938,182800,0.0,0.0
2017-12-25 00:00:00+09:00,566.5108635287236,586.3252339542115,527.7827758789062,527.7827758789062,448800,0.0,0.0
2017-12-26 00:00:00+09:00,560.2063173057569,579.1200354141506,535.888679737822,559.3056640625,532500,0.0,0.0
2017-12-27 00:00:00+09:00,532.2860924030172,542.1932785560344,516.0743332435344,522.37890625,464400,0.0,0.0
2017-12-28 00:00:00+09:00,508.86908472364195,511.5710444655374,475.54491457359813,481.8494873046875,478500,0.0,0.0
2017-12-29 00:00:00+09:00,478.24683827565127,489.05467642877335,472.8429191990902,479.1474914550781,264800,0.0,0.0
2018-01-01 00:00:00+09:00,479.1474914550781,479.1474914550781,479.1474914550781,479.1474914550781,0,0.0,0.0
2018-01-02 00:00:00+09:00,479.1474914550781,479.1474914550781,479.1474914550781,479.1474914550781,0,0.0,0.0
2018-01-03 00:00:00+09:00,479.1474914550781,479.1474914550781,479.1474914550781,479.1474914550781,0,0.0,0.0
2018-01-04 00:00:00+09:00,482.75018310546875,487.2534497389153,479.1475697987116,482.75018310546875,128900,0.0,0.0
2018-01-05 00:00:00+09:00,483.6507993790297,501.6638645328111,483.6507993790297,484.55145263671875,201600,0.0,0.0
2018-01-08 00:00:00+09:00,484.55145263671875,484.55145263671875,484.55145263671875,484.55145263671875,0,0.0,0.0
2018-01-09 00:00:00+09:00,490.85604531424383,510.67041778564453,482.75016566685264,504.3658447265625,226200,0.0,0.0
2018-01-10 00:00:00+09:00,495.3592408115964,507.0677319580523,487.25336232558845,494.4585876464844,246400,0.0,0.0
2018-01-11 00:00:00+09:00,495.3592740572416,528.6834434029106,492.6573143805657,515.1736450195312,334800,0.0,0.0
2018-01-12 00:00:00+09:00,513.3723552132637,534.9880333275064,513.3723552132637,523.279541015625,232100,0.0,0.0
2018-01-15 00:00:00+09:00,538.5906356008429,559.3056600470292,531.3854097065173,547.59716796875,409700,0.0,0.0
2018-01-16 00:00:00+09:00,562.908220634186,562.908220634186,499.8624999231572,500.7631530761719,669900,0.0,0.0
2018-01-17 00:00:00+09:00,498.06127166748047,510.67041778564453,491.75669860839844,504.3658447265625,236900,0.0,0.0
2018-01-18 00:00:00+09:00,495.35928428719893,503.46516348462586,484.5514453572964,490.85601806640625,230400,0.0,0.0
2018-01-19 00:00:00+09:00,495.3592936197917,506.1671327533144,495.3592936197917,505.2664794921875,85100,0.0,0.0
2018-01-22 00:00:00+09:00,504.3658070505401,519.6769119074315,503.46515382366414,510.6703796386719,157100,0.0,0.0
2018-01-23 00:00:00+09:00,509.7696776054275,516.0742495899469,502.56445248026245,511.57098388671875,174800,0.0,0.0
2018-01-24 00:00:00+09:00,515.1736831530005,516.9749897374517,503.46519035406874,508.8691101074219,106400,0.0,0.0
2018-01-25 00:00:00+09:00,507.9684358776975,557.5043649083241,507.0677826225952,553.0010986328125,571300,0.0,0.0
2018-01-26 00:00:00+09:00,553.0010502049181,553.0010502049181,535.8886398565575,549.3984375,270300,0.0,0.0
2018-01-29 00:00:00+09:00,543.9945135835427,544.8951667517274,519.6768780425565,537.68994140625,227600,0.0,0.0
2018-01-30 00:00:00+09:00,545.7958631228444,567.4115408702837,524.180185375405,538.5906372070312,363300,0.0,0.0
2018-01-31 00:00:00+09:00,531.3853692289573,553.9016984335741,531.3853692289573,537.68994140625,134100,0.0,0.0
2018-02-01 00:00:00+09:00,528.6834144467214,553.0010502049181,528.6834144467214,549.3984375,154200,0.0,0.0
2018-02-02 00:00:00+09:00,557.504336145366,562.9082553971789,538.5906187640207,539.4912719726562,228200,0.0,0.0
2018-02-05 00:00:00+09:00,525.9815063476562,533.1867324620076,504.36582800460184,525.9815063476562,178200,0.0,0.0
2018-02-06 00:00:00+09:00,479.1475048174594,489.95534327198857,451.2272554765924,471.0416259765625,358400,0.0,0.0
2018-02-07 00:00:00+09:00,516.0742862037673,516.0742862037673,471.0416259765625,471.0416259765625,227400,0.0,0.0
2018-02-08 00:00:00+09:00,488.1540350279304,535.8886546893332,488.1540350279304,527.7827758789062,242600,0.0,0.0
2018-02-09 00:00:00+09:00,507.067767081773,552.1004284567084,498.0612348067859,544.8952026367188,325000,0.0,0.0
2018-02-12 00:00:00+09:00,544.8952026367188,544.8952026367188,544.8952026367188,544.8952026367188,0,0.0,0.0
2018-02-13 00:00:00+09:00,547.5971508503757,559.305642562637,534.0873527208433,539.4912719726562,176900,0.0,0.0
2018-02-14 00:00:00+09:00,535.8886978695299,546.6965371542935,505.26648656269964,528.6834716796875,149700,0.0,0.0
2018-02-15 00:00:00+09:00,564.7095153225456,572.815393532917,533.1866556155454,565.6101684570312,633800,0.0,0.0
2018-02-16 00:00:00+09:00,554.7505605799919,579.1849245859621,548.4157254673329,573.7550659179688,281200,3.0,0.0
2018-02-19 00:00:00+09:00,546.6056914277129,577.3748859782795,546.6056914277129,576.4699096679688,296000,0.0,0.0
2018-02-20 00:00:00+09:00,574.6600220502844,596.3794559545472,557.4654702094098,569.2301635742188,301200,0.0,0.0
2018-02-21 00:00:00+09:00,569.2300880833676,590.9495191072162,569.2300880833676,584.6146850585938,155700,0.0,0.0
2018-02-22 00:00:00+09:00,578.2798738904819,582.8047555328175,553.84551302187,568.3251342773438,104900,0.0,0.0
2018-02-23 00:00:00+09:00,575.5649690221568,575.5649690221568,542.9858198322233,552.0355834960938,210300,0.0,0.0
2018-02-26 00:00:00+09:00,542.9857949349393,550.225605534072,522.1713394624334,541.1758422851562,274700,0.0,0.0
2018-02-27 00:00:00+09:00,541.1758023035862,546.6056598517828,531.2210634652259,545.70068359375,95500,0.0,0.0
2018-02-28 00:00:00+09:00,536.6509367931702,545.700699639598,526.6961976620996,543.8907470703125,158600,0.0,0.0
2018-03-01 00:00:00+09:00,544.7957966787221,560.1803955882542,535.7460326142916,549.3206787109375,129400,0.0,0.0
2018-03-02 00:00:00+09:00,531.2210634652259,553.8454699160447,530.3160872071933,545.70068359375,123600,0.0,0.0
2018-03-05 00:00:00+09:00,536.6509560522089,540.2708613206893,513.1215718070868,534.8410034179688,134500,0.0,0.0
2018-03-06 00:00:00+09:00,540.2709713745118,552.9406423950195,537.5560418701172,542.9859008789062,80900,0.0,0.0
2018-03-07 00:00:00+09:00,542.9859008789062,552.0356658935547,529.4112533569336,542.9859008789062,84400,0.0,0.0
2018-03-08 00:00:00+09:00,546.6058068847657,554.7505953979493,533.031159362793,542.9859008789062,103300,0.0,0.0
2018-03-09 00:00:00+09:00,542.9857473980744,546.6056523807282,522.1712937478148,525.7911987304688,78800,0.0,0.0
2018-03-12 00:00:00+09:00,521.2664261122882,540.2709312309653,513.1216382042836,533.9360961914062,100600,0.0,0.0
2018-03-13 00:00:00+09:00,542.0807914044861,552.0355304786921,526.6961946534406,551.1305541992188,145600,0.0,0.0
2018-03-14 00:00:00+09:00,544.7957298344018,556.5604216746794,524.8862513354701,529.4111328125,207400,0.0,0.0
2018-03-15 00:00:00+09:00,538.4608957665598,538.4608957665598,523.0762987446581,529.4111328125,63000,0.0,0.0
2018-03-16 00:00:00+09:00,526.6961749761322,533.0310086957763,522.1712937478148,525.7911987304688,61900,0.0,0.0
2018-03-19 00:00:00+09:00,525.7912963449138,530.3161784132866,514.0266029671446,528.5062255859375,91000,0.0,0.0
2018-03-20 00:00:00+09:00,533.9360476500236,552.0355746890075,525.7912604824809,539.3659057617188,175400,0.0,0.0
2018-03-21 00:00:00+09:00,539.3659057617188,539.3659057617188,539.3659057617188,539.3659057617188,0,0.0,0.0
2018-03-22 00:00:00+09:00,536.6509431757479,541.1758246527778,519.4563935630342,529.4111328125,63500,0.0,0.0
2018-03-23 00:00:00+09:00,506.7867039754382,514.9314902893292,489.59215509055724,490.49713134765625,161300,0.0,0.0
2018-03-26 00:00:00+09:00,481.4473595767396,497.7369318932458,466.9677397398452,495.0220031738281,141500,0.0,0.0
2018-03-27 00:00:00+09:00,501.3568887019503,506.78674670233244,495.02205436817115,499.54693603515625,37000,0.0,0.0
2018-03-28 00:00:00+09:00,486.87726831183863,517.6464637070105,486.87726831183863,513.12158203125,58100,0.0,0.0
2018-03-29 00:00:00+09:00,513.1215739720304,515.8365029348454,502.2618581207705,514.0265502929688,71000,0.0,0.0
2018-03-30 00:00:00+09:00,507.69165325164795,534.8409395217896,507.69165325164795,521.2662963867188,129500,0.0,0.0
2018-04-02 00:00:00+09:00,529.4111783619708,529.4111783619708,469.6827377262612,486.8772888183594,438400,0.0,0.0
2018-04-03 00:00:00+09:00,480.54242111292916,504.07180519755474,476.0175395581935,476.9225158691406,176200,0.0,0.0
2018-04-04 00:00:00+09:00,479.6374918619792,495.0220906575521,470.5877278645833,488.687255859375,166100,0.0,0.0
2018-04-05 00:00:00+09:00,490.4971506219161,495.0220320852179,479.63743510999177,481.4473876953125,63400,0.0,0.0
2018-04-06 00:00:00+09:00,490.49716053334765,490.49716053334765,476.0175395581935,476.9225158691406,72800,0.0,0.0
2018-04-09 00:00:00+09:00,476.0175217209159,476.9224979979519,443.4383757476213,465.1578063964844,181200,0.0,0.0
2018-04-10 00:00:00+09:00,470.5877069152227,473.3026359935798,455.2031088045328,457.0130615234375,82800,0.0,0.0
2018-04-11 00:00:00+09:00,479.63748316611014,484.16236508277154,448.8682861328125,448.8682861328125,104800,0.0,0.0
2018-04-12 00:00:00+09:00,447.05831725338857,457.0130571112575,443.4384118505271,450.67822265625,56900,0.0,0.0
2018-04-13 00:00:00+09:00,448.86823798555776,457.9180008481698,446.15330912677416,454.298095703125,39800,0.0,0.0
2018-04-16 00:00:00+09:00,452.48819166614163,455.2031208161385,441.62847506615424,448.8682861328125,55700,0.0,0.0
2018-04-17 00:00:00+09:00,448.86825390625,452.4881591796875,443.43839599609373,452.4881591796875,146500,0.0,0.0
2018-04-18 00:00:00+09:00,448.86827486478364,474.2076129619892,447.0583221435547,470.58770751953125,59600,0.0,0.0
2018-04-19 00:00:00+09:00,470.5877012625423,472.3976539597059,459.72798507956054,467.8727722167969,41200,0.0,0.0
2018-04-20 00:00:00+09:00,467.87278031933215,476.9225439618724,462.442922133808,466.9678039550781,54300,0.0,0.0
2018-04-23 00:00:00+09:00,464.252889036672,470.5877237798625,464.252889036672,468.77777099609375,16500,0.0,0.0
2018-04-24 00:00:00+09:00,469.6827473879781,469.6827473879781,464.252889036672,468.77777099609375,14900,0.0,0.0
2018-04-25 00:00:00+09:00,461.53795151483445,461.53795151483445,452.4881877596416,456.10809326171875,34800,0.0,0.0
2018-04-26 00:00:00+09:00,462.44288227947584,463.34785856573706,443.43838026799057,454.298095703125,93600,0.0,0.0
2018-04-27 00:00:00+09:00,452.4881591796875,456.108064453125,448.86825390625,452.4881591796875,106500,0.0,0.0
2018-04-30 00:00:00+09:00,452.4881591796875,452.4881591796875,452.4881591796875,452.4881591796875,0,0.0,0.0
2018-05-01 00:00:00+09:00,454.2981590128834,455.20313542525963,431.6737487034768,437.1036071777344,109700,0.0,0.0
2018-05-02 00:00:00+09:00,434.3886123785452,438.91349375748837,427.1488021722361,430.7687072753906,151900,0.0,0.0
2018-05-03 00:00:00+09:00,430.7687072753906,430.7687072753906,430.7687072753906,430.7687072753906,0,0.0,0.0
2018-05-04 00:00:00+09:00,430.7687072753906,430.7687072753906,430.7687072753906,430.7687072753906,0,0.0,0.0
2018-05-07 00:00:00+09:00,427.1488371511345,428.9587898509274,402.71447570392974,406.3343811035156,440900,0.0,0.0
2018-05-08 00:00:00+09:00,403.6194683917157,419.9090433492289,403.6194683917157,418.0990905761719,64900,0.0,0.0
2018-05-09 00:00:00+09:00,416.28912925720215,417.1941056251526,404.52443647384644,405.4294128417969,79500,0.0,0.0
2018-05-10 00:00:00+09:00,403.61943605680955,409.95427025501056,400.90450711472334,408.1443176269531,68900,0.0,0.0
2018-05-11 00:00:00+09:00,411.76422288306804,411.76422288306804,399.99953080069463,408.1443176269531,52800,0.0,0.0
2018-05-14 00:00:00+09:00,410.8592564877908,410.8592564877908,399.9995404572765,403.61944580078125,59600,0.0,0.0
2018-05-15 00:00:00+09:00,400.9045348427512,401.8095112193714,391.8547710765492,398.1896057128906,78000,0.0,0.0
2018-05-16 00:00:00+09:00,391.85477496959544,396.3796568976508,389.13984581276225,390.9497985839844,60500,0.0,0.0
2018-05-17 00:00:00+09:00,389.13985995103684,397.2846477174539,389.13985995103684,392.759765625,38800,0.0,0.0
2018-05-18 00:00:00+09:00,390.04477888653537,390.04477888653537,377.3751108948614,385.5198974609375,238800,0.0,0.0
2018-05-21 00:00:00+09:00,387.3299071140553,396.3796712989631,384.6149778585829,392.759765625,62100,0.0,0.0
2018-05-22 00:00:00+09:00,389.13979604734595,391.85472485697863,379.1850570786929,382.8049621582031,54900,0.0,0.0
2018-05-23 00:00:00+09:00,384.61494718929464,386.4248998819501,378.28011276500035,379.1850891113281,42700,0.0,0.0
2018-05-24 00:00:00+09:00,379.1851114908854,381.90004069010416,362.8955362955729,380.090087890625,132400,0.0,0.0
2018-05-25 00:00:00+09:00,384.6149490540286,390.0448071583208,372.8502564947289,375.565185546875,80200,0.0,0.0
2018-05-28 00:00:00+09:00,376.4701695645363,376.4701695645363,357.46566581248044,361.0855712890625,270600,0.0,0.0
2018-05-29 00:00:00+09:00,362.8955031651531,367.4203847507535,353.8457399939523,356.5606689453125,74200,0.0,0.0
2018-05-30 00:00:00+09:00,347.5109215561224,361.08556692940846,334.8412525410555,354.750732421875,170900,0.0,0.0
2018-05-31 00:00:00+09:00,355.65570248797496,356.5606788301836,348.4158917503063,352.0357971191406,68900,0.0,0.0
2018-06-01 00:00:00+09:00,349.3208799663343,352.0358090852436,342.0810689825761,343.8910217285156,30200,0.0,0.0
2018-06-04 00:00:00+09:00,342.98601325048156,342.98601325048156,327.6014163500642,330.31634521484375,322200,0.0,0.0
2018-06-05 00:00:00+09:00,333.93625682333237,341.1760672693667,330.3163516003152,333.0312805175781,57400,0.0,0.0
2018-06-06 00:00:00+09:00,333.0312805175781,339.36611465785813,332.1263042118238,333.0312805175781,36200,0.0,0.0
2018-06-07 00:00:00+09:00,335.7462443033854,339.36614990234375,329.4114095052083,339.36614990234375,42300,0.0,0.0
2018-06-08 00:00:00+09:00,339.3661417859666,342.98604729835023,336.65121265167886,340.2711181640625,24600,0.0,0.0
2018-06-11 00:00:00+09:00,343.8910055909481,348.4158872434606,339.36612393843563,345.7009582519531,33100,0.0,0.0
2018-06-12 00:00:00+09:00,344.7959981014854,345.70097447445517,342.98604535554585,343.8910217285156,44100,0.0,0.0
2018-06-13 00:00:00+09:00,343.891011820211,351.13082259537333,342.9860354733157,348.4158935546875,36200,0.0,0.0
2018-06-14 00:00:00+09:00,348.41589674752413,375.56518740317534,348.41589674752413,371.9452819824219,194400,0.0,0.0
2018-06-15 00:00:00+09:00,370.1352970624211,370.1352970624211,357.46562919231377,358.37060546875,111200,0.0,0.0
2018-06-18 00:00:00+09:00,361.9905598958333,361.9905598958333,332.1263387044271,339.36614990234375,89800,0.0,0.0
2018-06-19 00:00:00+09:00,343.89098120517417,348.41586253682124,330.3163372102331,331.2213134765625,63500,0.0,0.0
2018-06-20 00:00:00+09:00,339.36609987352716,339.36609987352716,325.7914558785861,331.2213134765625,31300,0.0,0.0
2018-06-21 00:00:00+09:00,329.4113675146988,363.8004663211783,325.79146237717464,351.13079833984375,152900,0.0,0.0
2018-06-22 00:00:00+09:00,348.41588083231983,348.41588083231983,337.55616506611767,342.98602294921875,41300,0.0,0.0
2018-06-25 00:00:00+09:00,357.46564984024315,391.85475033120326,350.22583921056736,362.8955078125,254800,0.0,0.0
2018-06-26 00:00:00+09:00,355.6557126045227,355.6557126045227,334.8412561416626,347.51092529296875,92200,0.0,0.0
2018-06-27 00:00:00+09:00,361.9905598958333,376.4701822916667,349.3208902994792,366.51544189453125,211300,0.0,0.0
2018-06-28 00:00:00+09:00,372.8502024203916,372.8502024203916,357.4656066894531,357.4656066894531,52300,0.0,0.0
2018-06-29 00:00:00+09:00,362.89549834968506,362.89549834968506,347.5109011627907,350.225830078125,38900,0.0,0.0
2018-07-02 00:00:00+09:00,353.845727026301,353.845727026301,331.22131992743266,333.9362487792969,44400,0.0,0.0
2018-07-03 00:00:00+09:00,333.9362487792969,337.55615391511583,326.696438507659,333.9362487792969,51700,0.0,0.0
2018-07-04 00:00:00+09:00,336.65119389422256,339.3661228772405,330.3163596005141,332.1263122558594,37600,0.0,0.0
2018-07-05 00:00:00+09:00,333.93625199167354,333.93625199167354,323.98151277240953,326.6964416503906,53700,0.0,0.0
2018-07-06 00:00:00+09:00,325.79150390625,340.2711263020833,319.4566691080729,339.36614990234375,38700,0.0,0.0
2018-07-09 00:00:00+09:00,337.5561747831457,342.08105648265166,332.1263167437385,338.4611511230469,43200,0.0,0.0
2018-07-10 00:00:00+09:00,339.3661417859666,342.0810709202543,337.55618902977477,340.2711181640625,18300,0.0,0.0
2018-07-11 00:00:00+09:00,341.17608277952513,351.13082259537333,341.17608277952513,348.4158935546875,78800,0.0,0.0
2018-07-12 00:00:00+09:00,346.6059345824556,349.3208635739631,344.7959819214506,345.7009582519531,57900,0.0,0.0
2018-07-13 00:00:00+09:00,338.46118763081273,342.9860698183905,338.46118763081273,341.1761169433594,67900,0.0,0.0
2018-07-16 00:00:00+09:00,341.1761169433594,341.1761169433594,341.1761169433594,341.1761169433594,0,0.0,0.0
2018-07-17 00:00:00+09:00,338.46118763081273,342.9860698183905,338.46118763081273,341.1761169433594,56600,0.0,0.0
2018-07-18 00:00:00+09:00,339.36612393843563,346.6059345824556,339.36612393843563,345.7009582519531,68600,0.0,0.0
2018-07-19 00:00:00+09:00,342.9860292604456,351.13081623496805,342.9860292604456,345.7009582519531,121600,0.0,0.0
2018-07-20 00:00:00+09:00,349.3208554419774,349.3208554419774,343.89099758536634,346.6059265136719,61800,0.0,0.0
2018-07-23 00:00:00+09:00,342.9860698183905,342.9860698183905,337.5562111932972,341.1761169433594,71800,0.0,0.0
2018-07-24 00:00:00+09:00,342.0810670852661,348.4159016609192,341.1760907173157,347.51092529296875,61100,0.0,0.0
2018-07-25 00:00:00+09:00,346.6059631189534,351.130845144005,346.6059631189534,349.3208923339844,66700,0.0,0.0
2018-07-26 00:00:00+09:00,349.32084270438764,363.80046312736744,348.41586642795136,358.37060546875,112600,0.0,0.0
2018-07-27 00:00:00+09:00,352.9407653808594,359.27559963128505,352.03578905937,352.9407653808594,96400,0.0,0.0
2018-07-30 00:00:00+09:00,352.9407707093254,354.7507233796296,341.1760783523479,342.0810546875,77400,0.0,0.0
2018-07-31 00:00:00+09:00,345.7009645140016,353.8457516360592,342.0810591264204,348.4158935546875,64800,0.0,0.0
2018-08-01 00:00:00+09:00,352.94079795402564,352.94079795402564,346.6059631189534,349.3208923339844,13400,0.0,0.0
2018-08-02 00:00:00+09:00,350.22583641639125,354.75071802383815,349.32086009490183,352.9407653808594,19500,0.0,0.0
2018-08-03 00:00:00+09:00,352.9407752891639,356.5606806767451,346.6059408608969,348.4158935546875,16700,0.0,0.0
2018-08-06 00:00:00+09:00,355.6557271690566,355.6557271690566,349.3208923339844,349.3208923339844,14900,0.0,0.0
2018-08-07 00:00:00+09:00,350.2258586444513,361.99055157049236,345.7009767498202,353.84576416015625,42200,0.0,0.0
2018-08-08 00:00:00+09:00,357.4656452624326,358.3706215795527,354.7507163110723,356.5606689453125,21000,0.0,0.0
2018-08-09 00:00:00+09:00,352.9407509086058,360.18056118365416,350.22582205546274,351.13079833984375,20000,0.0,0.0
2018-08-10 00:00:00+09:00,348.41590359336453,349.3208799663343,343.8910217285156,343.8910217285156,103400,0.0,0.0
2018-08-13 00:00:00+09:00,341.1760703215184,362.8955018539227,341.1760703215184,342.98602294921875,58400,0.0,0.0
2018-08-14 00:00:00+09:00,340.2710992049131,342.0810518602584,331.22133592818676,332.1263122558594,53600,0.0,0.0
2018-08-15 00:00:00+09:00,333.9362749131345,335.7462276226908,326.6964640749094,327.6014404296875,36000,0.0,0.0
2018-08-16 00:00:00+09:00,324.86383730966713,325.7763761785145,314.8259097523459,322.126220703125,48400,3.0,0.0
2018-08-17 00:00:00+09:00,323.03875508912853,325.77637165768044,316.6509830958407,323.9512939453125,34400,0.0,0.0
2018-08-20 00:00:00+09:00,323.9513099056551,324.8638488067978,312.0883041908001,317.56353759765625,37800,0.0,0.0
2018-08-21 00:00:00+09:00,312.0883023279794,313.9133801193711,293.8375244140625,293.8375244140625,104400,0.0,0.0
2018-08-22 00:00:00+09:00,290.18734076201025,305.70050048828125,282.88703030258864,305.70050048828125,100500,0.0,0.0
2018-08-23 00:00:00+09:00,300.2252697973194,308.43811912308195,300.2252697973194,304.7879638671875,30100,0.0,0.0
2018-08-24 00:00:00+09:00,302.9629211425781,310.26323249541133,301.1378433043698,302.9629211425781,29700,0.0,0.0
2018-08-27 00:00:00+09:00,302.96291885146866,307.52561341248474,302.05037993926544,303.8754577636719,13000,0.0,0.0
2018-08-28 00:00:00+09:00,333.07668250715227,372.3158533230634,310.2632111025528,323.9512939453125,694700,0.0,0.0
2018-08-29 00:00:00+09:00,313.000798584646,336.726806640625,311.1757210418784,336.726806640625,278100,0.0,0.0
2018-08-30 00:00:00+09:00,333.9892213633363,333.9892213633363,320.3011385205766,323.9512939453125,62600,0.0,0.0
2018-08-31 00:00:00+09:00,323.951319317485,323.951319317485,310.2632354026617,313.91339111328125,68600,0.0,0.0
2018-09-03 00:00:00+09:00,313.0008492527238,313.91338817182793,302.9629211425781,302.9629211425781,58500,0.0,0.0
2018-09-04 00:00:00+09:00,303.87542287342586,306.613039295709,302.96288406599814,305.70050048828125,17500,0.0,0.0
2018-09-05 00:00:00+09:00,304.7879989807864,309.35069357630715,302.05038222347395,302.9629211425781,31300,0.0,0.0
2018-09-06 00:00:00+09:00,303.87545462635075,303.87545462635075,291.0999099874051,292.92498779296875,36700,0.0,0.0
2018-09-07 00:00:00+09:00,290.1873632105984,290.1873632105984,283.7995910644531,283.7995910644531,34500,0.0,0.0
2018-09-10 00:00:00+09:00,282.88705218643236,286.5372076985154,280.1494355523701,283.7995910644531,23900,0.0,0.0
2018-09-11 00:00:00+09:00,285.6246803632749,286.5372192781735,279.2369079589844,279.2369079589844,34100,0.0,0.0
2018-09-12 00:00:00+09:00,279.2369120489691,279.2369120489691,265.548828125,265.548828125,63400,0.0,0.0
2018-09-13 00:00:00+09:00,264.6362801244703,269.198974609375,259.16104674258474,269.198974609375,52100,0.0,0.0
2018-09-14 00:00:00+09:00,270.1115089699074,274.6742033781829,270.1115089699074,271.0240478515625,98000,0.0,0.0
2018-09-17 00:00:00+09:00,271.0240478515625,271.0240478515625,271.0240478515625,271.0240478515625,0,0.0,0.0
2018-09-18 00:00:00+09:00,271.93657339366746,276.499267578125,271.93657339366746,276.499267578125,24400,0.0,0.0
2018-09-19 00:00:00+09:00,268.28640965796984,271.9365648914116,263.7237156161676,267.3738708496094,48400,0.0,0.0
2018-09-20 00:00:00+09:00,268.2864334518845,271.0240501197609,266.46135567330026,270.11151123046875,36400,0.0,0.0
2018-09-21 00:00:00+09:00,271.0240411376953,275.5867354329427,271.0240411376953,273.76165771484375,29200,0.0,0.0
2018-09-24 00:00:00+09:00,273.76165771484375,273.76165771484375,273.76165771484375,273.76165771484375,0,0.0,0.0
2018-09-25 00:00:00+09:00,274.6741921128027,278.324347489717,274.6741921128027,275.58673095703125,20200,0.0,0.0
2018-09-26 00:00:00+09:00,276.49923495242473,279.2368511400725,273.7616187647769,277.4117736816406,33600,0.0,0.0
2018-09-27 00:00:00+09:00,277.41181771707215,280.1494343392801,270.11150672451765,271.93658447265625,30600,0.0,0.0
2018-09-28 00:00:00+09:00,271.93658900905297,273.76166678763724,270.11151123046875,270.11151123046875,28700,0.0,0.0
2018-10-01 00:00:00+09:00,271.93655181170305,274.67416810510946,271.93655181170305,272.8490905761719,22000,0.0,0.0
2018-10-02 00:00:00+09:00,274.6742079912606,276.49928578522247,268.28643571239405,269.198974609375,35900,0.0,0.0
2018-10-03 00:00:00+09:00,271.02405470244736,273.7616714166135,268.28643798828125,268.28643798828125,14400,0.0,0.0
2018-10-04 00:00:00+09:00,270.11151123046875,271.0240501197609,268.2864334518845,270.11151123046875,14600,0.0,0.0
2018-10-05 00:00:00+09:00,270.1115089699074,271.0240478515625,267.3738923249421,271.0240478515625,9900,0.0,0.0
2018-10-08 00:00:00+09:00,271.0240478515625,271.0240478515625,271.0240478515625,271.0240478515625,0,0.0,0.0
2018-10-09 00:00:00+09:00,270.1115157977253,270.1115157977253,264.63628236939303,268.28643798828125,25300,0.0,0.0
2018-10-10 00:00:00+09:00,269.19894846633025,271.9365648914116,265.5487932328885,267.3738708496094,20900,0.0,0.0
2018-10-11 00:00:00+09:00,260.0735495124065,260.0735495124065,250.9481618102168,259.1610107421875,52500,0.0,0.0
2018-10-12 00:00:00+09:00,256.42342019247843,265.5488088114278,256.42342019247843,260.9861145019531,9300,0.0,0.0
2018-10-15 00:00:00+09:00,263.72369810097723,263.72369810097723,255.510849371189,261.89862060546875,19100,0.0,0.0
2018-10-16 00:00:00+09:00,258.24848916941676,264.6362609863281,258.24848916941676,264.6362609863281,6600,0.0,0.0
2018-10-17 00:00:00+09:00,263.72369810097723,268.2863918397485,261.89862060546875,261.89862060546875,12600,0.0,0.0
2018-10-18 00:00:00+09:00,263.7237502684708,267.3739059815292,263.7237502684708,265.548828125,8200,0.0,0.0
2018-10-19 00:00:00+09:00,262.8112159385813,265.5488327712749,262.8112159385813,263.7237548828125,6500,0.0,0.0
2018-10-22 00:00:00+09:00,261.8986601812679,263.72373795256595,258.2485046386719,258.2485046386719,12900,0.0,0.0
2018-10-23 00:00:00+09:00,257.3359332017496,260.9860882826255,256.4233944315306,259.1610107421875,84100,0.0,0.0
2018-10-24 00:00:00+09:00,258.24846983792486,260.07354736328125,256.4233923125685,260.07354736328125,20900,0.0,0.0
2018-10-25 00:00:00+09:00,257.3359576214801,259.1610353351076,249.12310791015625,249.12310791015625,26300,0.0,0.0
2018-10-26 00:00:00+09:00,251.86072057965157,260.98610900645053,237.26009909677322,238.17263793945312,60400,0.0,0.0
2018-10-29 00:00:00+09:00,240.91026475694443,244.5604202835648,220.8344093605324,221.7469482421875,74000,0.0,0.0
2018-10-30 00:00:00+09:00,215.35916743104755,229.04725010674974,215.35916743104755,225.3970947265625,66100,0.0,0.0
2018-10-31 00:00:00+09:00,226.30963764493427,229.9597930908203,226.30963764493427,229.9597930908203,18100,0.0,0.0
2018-11-01 00:00:00+09:00,229.9597948650981,238.17264468170873,229.04725599658582,235.43502807617188,12200,0.0,0.0
2018-11-02 00:00:00+09:00,237.2600903780955,243.64786204212115,237.2600903780955,241.82278442382812,21700,0.0,0.0
2018-11-05 00:00:00+09:00,242.73531682794743,252.77324346368962,241.82277804287995,250.9481658935547,21900,0.0,0.0
2018-11-06 00:00:00+09:00,253.685791015625,258.24848509863983,250.94817456581612,253.685791015625,31000,0.0,0.0
2018-11-07 00:00:00+09:00,246.3854826228283,254.59833204358924,240.91024967565434,252.77325439453125,55900,0.0,0.0
2018-11-08 00:00:00+09:00,252.7732651686583,255.51088175893258,251.86072630523353,254.5983428955078,9400,0.0,0.0
2018-11-09 00:00:00+09:00,253.6858154074119,256.42343212044153,250.03565979003906,250.03565979003906,59700,0.0,0.0
2018-11-12 00:00:00+09:00,250.94817456581612,254.59832983222796,250.94817456581612,253.685791015625,19200,0.0,0.0
2018-11-13 00:00:00+09:00,250.94818562378376,253.68580219422503,248.21056905334248,249.12310791015625,26800,0.0,0.0
2018-11-14 00:00:00+09:00,249.12309693261017,253.685791015625,248.2105581160072,253.685791015625,14600,0.0,0.0
2018-11-15 00:00:00+09:00,246.38547841240378,250.03563364814312,246.38547841240378,248.21055603027344,15000,0.0,0.0
2018-11-16 00:00:00+09:00,250.948199440031,253.685816161195,243.64788818359375,243.64788818359375,32600,0.0,0.0
2018-11-19 00:00:00+09:00,246.38549133971497,251.86072448059753,245.4729524829012,249.12310791015625,9800,0.0,0.0
2018-11-20 00:00:00+09:00,247.29801294727255,258.24847846523295,247.29801294727255,256.42340087890625,32000,0.0,0.0
2018-11-21 00:00:00+09:00,250.03565979003906,255.5108932160983,249.12312088569587,250.03565979003906,12300,0.0,0.0
2018-11-22 00:00:00+09:00,246.38549096243725,255.51087951660156,244.56041325160436,255.51087951660156,26600,0.0,0.0
2018-11-23 00:00:00+09:00,255.51087951660156,255.51087951660156,255.51087951660156,255.51087951660156,0,0.0,0.0
2018-11-26 00:00:00+09:00,250.0356271084872,253.68578224875708,250.0356271084872,250.9481658935547,8100,0.0,0.0
2018-11-27 00:00:00+09:00,252.77325439453125,254.59833204358924,250.03563792094428,252.77325439453125,14000,0.0,0.0
2018-11-28 00:00:00+09:00,252.77325439453125,252.77325439453125,244.56040497377032,252.77325439453125,25600,0.0,0.0
2018-11-29 00:00:00+09:00,253.68580219422503,253.68580219422503,248.21056905334248,249.12310791015625,8000,0.0,0.0
2018-11-30 00:00:00+09:00,250.94819869438228,251.86073759872548,246.38550417266623,250.03565979003906,36300,0.0,0.0
2018-12-03 00:00:00+09:00,254.59835431175512,254.59835431175512,247.29804307700945,250.03565979003906,21100,0.0,0.0
2018-12-04 00:00:00+09:00,251.86071126601277,251.86071126601277,246.38547841240378,248.21055603027344,28500,0.0,0.0
2018-12-05 00:00:00+09:00,246.38550031583992,248.21057809595726,242.73534475560527,245.47296142578125,27800,0.0,0.0
2018-12-06 00:00:00+09:00,243.64788818359375,246.3855049047577,242.7353492765391,243.64788818359375,16100,0.0,0.0
2018-12-07 00:00:00+09:00,241.82278883321203,243.64786648478344,239.99771118164062,239.99771118164062,15700,0.0,0.0
2018-12-10 00:00:00+09:00,239.9977156248129,240.91025446749282,234.52248256873355,238.17263793945312,17100,0.0,0.0
2018-12-11 00:00:00+09:00,241.8227799607831,242.73531875308794,229.0472368685153,230.872314453125,26400,0.0,0.0
2018-12-12 00:00:00+09:00,235.43500841464922,235.43500841464922,229.0472368685153,230.872314453125,16200,0.0,0.0
2018-12-13 00:00:00+09:00,232.6974092579256,236.34756469726562,226.3096372390806,236.34756469726562,45400,0.0,0.0
2018-12-14 00:00:00+09:00,232.6973985605203,236.34755383205786,230.8723209247515,234.52247619628906,21800,0.0,0.0
2018-12-17 00:00:00+09:00,234.52249372005463,235.43503260612488,232.69741594791412,233.60995483398438,20300,0.0,0.0
2018-12-18 00:00:00+09:00,229.0472523759051,230.87233008407964,224.48455810546875,224.48455810546875,23600,0.0,0.0
2018-12-19 00:00:00+09:00,223.5720017751058,223.5720017751058,213.53407516479493,219.00930786132812,32500,0.0,0.0
2018-12-20 00:00:00+09:00,219.0093351665296,219.0093351665296,208.05886840820312,208.05886840820312,51400,0.0,0.0
2018-12-21 00:00:00+09:00,207.14632996516443,208.97140776221434,183.42031860351562,183.42031860351562,158600,0.0,0.0
2018-12-24 00:00:00+09:00,183.42031860351562,183.42031860351562,183.42031860351562,183.42031860351562,0,0.0,0.0
2018-12-25 00:00:00+09:00,171.55729233371756,177.03252506777235,166.99459838867188,166.99459838867188,160200,0.0,0.0
2018-12-26 00:00:00+09:00,176.11999488830565,182.5077667236328,171.55730072021484,182.5077667236328,81800,0.0,0.0
2018-12-27 00:00:00+09:00,191.63315678986024,200.75854520842503,191.63315678986024,194.3707733154297,37900,0.0,0.0
2018-12-28 00:00:00+09:00,194.37078403206758,198.0209396007449,194.37078403206758,196.19586181640625,26100,0.0,0.0
2018-12-31 00:00:00+09:00,196.19586181640625,196.19586181640625,196.19586181640625,196.19586181640625,0,0.0,0.0
2019-01-04 00:00:00+09:00,196.19583791793752,202.58360938503316,188.89552766982823,199.8459930419922,30900,0.0,0.0
2019-01-07 00:00:00+09:00,206.2337906151487,209.88394620125754,205.3212517186215,208.05886840820312,28800,0.0,0.0
2019-01-08 00:00:00+09:00,204.40871002714513,215.3591766357422,204.40871002714513,215.3591766357422,24500,0.0,0.0
2019-01-09 00:00:00+09:00,215.3591766357422,219.0093321719412,212.62155998359293,215.3591766357422,28700,0.0,0.0
2019-01-10 00:00:00+09:00,215.359152730306,219.00930786132812,213.53407516479493,219.00930786132812,13300,0.0,0.0
2019-01-11 00:00:00+09:00,220.83440050132845,226.3096335716093,220.83440050132845,225.3970947265625,19300,0.0,0.0
2019-01-15 00:00:00+09:00,225.3970947265625,228.13471126170293,223.57201703646888,225.3970947265625,19100,0.0,0.0
2019-01-16 00:00:00+09:00,226.30962914156626,231.78486210466866,225.39709031438252,227.22216796875,37400,0.0,0.0
2019-01-17 00:00:00+09:00,228.1347153678773,231.78487081376335,228.1347153678773,229.9597930908203,20000,0.0,0.0
2019-01-18 00:00:00+09:00,229.0472368685153,232.6973920377347,229.0472368685153,230.872314453125,18300,0.0,0.0
2019-01-21 00:00:00+09:00,231.7848597426359,239.99770910359544,230.8723209247515,234.52247619628906,34700,0.0,0.0
2019-01-22 00:00:00+09:00,236.34756469726562,239.99772013660564,235.4350258374306,236.34756469726562,58500,0.0,0.0
2019-01-23 00:00:00+09:00,235.43503260612488,237.26011037826538,232.69741594791412,233.60995483398438,26100,0.0,0.0
2019-01-24 00:00:00+09:00,234.52247619628906,237.26009264994227,232.6973985605203,234.52247619628906,19400,0.0,0.0
2019-01-25 00:00:00+09:00,234.5224869775956,237.26010355710062,233.6099481177606,236.34756469726562,12200,0.0,0.0
2019-01-28 00:00:00+09:00,237.2600860595703,238.17262485210713,236.34754726703352,237.2600860595703,17300,0.0,0.0
2019-01-29 00:00:00+09:00,237.26009264994227,238.17263146782665,234.52247619628906,234.52247619628906,32500,0.0,0.0
2019-01-30 00:00:00+09:00,236.34755383205786,238.17263146782665,234.52247619628906,234.52247619628906,20000,0.0,0.0
2019-01-31 00:00:00+09:00,234.52248920765956,236.34756694468416,233.60995033914728,235.43502807617188,17000,0.0,0.0
2019-02-01 00:00:00+09:00,237.2600860595703,237.2600860595703,235.4350084744967,237.2600860595703,15000,0.0,0.0
2019-02-04 00:00:00+09:00,237.26009909677322,238.17263793945312,235.43502141141343,238.17263793945312,17300,0.0,0.0
2019-02-05 00:00:00+09:00,239.08518981933594,241.82280649665657,238.17265092689573,239.08518981933594,23900,0.0,0.0
2019-02-06 00:00:00+09:00,239.9977325553751,243.64788818359375,239.08519364832046,243.64788818359375,25500,0.0,0.0
2019-02-07 00:00:00+09:00,243.64785351960555,252.77324129187542,243.64785351960555,251.86070251464844,52300,0.0,0.0
2019-02-08 00:00:00+09:00,250.03563586020383,250.03563586020383,244.56040295815558,247.2980194091797,53100,0.0,0.0
2019-02-12 00:00:00+09:00,248.21056043836805,250.94817691379123,246.38548278808594,246.38548278808594,50900,0.0,0.0
2019-02-13 00:00:00+09:00,246.38548059217166,248.21055822618774,246.38548059217166,247.2980194091797,41500,0.0,0.0
2019-02-14 00:00:00+09:00,247.29802161322698,247.29802161322698,244.5604051378038,246.38548278808594,108300,0.0,0.0
2019-02-15 00:00:00+09:00,244.56040079453413,248.21055603027344,239.08516794092517,248.21055603027344,319000,0.0,0.0
2019-02-18 00:00:00+09:00,244.47807481553818,247.2774420844184,242.61182996961804,243.54495239257812,158800,6.0,0.0
2019-02-19 00:00:00+09:00,244.47808663835997,245.4112091064453,242.61184170218928,245.4112091064453,34600,0.0,0.0
2019-02-20 00:00:00+09:00,244.47808837890625,245.4112108536349,243.54496590417762,244.47808837890625,39500,0.0,0.0
2019-02-21 00:00:00+09:00,242.61183166503906,243.54495409452,241.67870923555816,242.61183166503906,30600,0.0,0.0
2019-02-22 00:00:00+09:00,242.61184170218928,245.4112091064453,242.61184170218928,245.4112091064453,22700,0.0,0.0
2019-02-25 00:00:00+09:00,244.47807481553818,245.41119723849826,242.61182996961804,243.54495239257812,97900,0.0,0.0
2019-02-26 00:00:00+09:00,240.74559541590074,243.54496280445773,237.94622802734375,237.94622802734375,44900,0.0,0.0
2019-02-27 00:00:00+09:00,242.61184978127926,249.14370727539062,241.67872728212052,249.14370727539062,97300,0.0,0.0
2019-02-28 00:00:00+09:00,247.2774622770731,249.14370727539062,246.34433977791434,249.14370727539062,35100,0.0,0.0
2019-03-01 00:00:00+09:00,248.21056119133445,259.40803011725933,246.34431637034697,253.80929565429688,143000,0.0,0.0
2019-03-04 00:00:00+09:00,252.8761766221788,254.74242146809894,251.00993177625867,251.94305419921875,19900,0.0,0.0
2019-03-05 00:00:00+09:00,248.21056450737848,251.94305419921875,248.21056450737848,251.94305419921875,16000,0.0,0.0
2019-03-06 00:00:00+09:00,251.94307477286694,251.94307477286694,248.21058477623188,249.14370727539062,15100,0.0,0.0
2019-03-07 00:00:00+09:00,246.34433630053437,253.80931618842936,246.34433630053437,251.00994873046875,23400,0.0,0.0
2019-03-08 00:00:00+09:00,247.27743697888923,251.00992659366491,246.3443145751953,246.3443145751953,12900,0.0,0.0
2019-03-11 00:00:00+09:00,247.27743530273438,248.21055770010318,245.41119050799676,247.27743530273438,6400,0.0,0.0
2019-03-12 00:00:00+09:00,248.21056450737848,251.94305419921875,248.21056450737848,251.94305419921875,12100,0.0,0.0
2019-03-13 00:00:00+09:00,251.94304559463845,251.94304559463845,246.34431124809092,248.21055603027344,6800,0.0,0.0
2019-03-14 00:00:00+09:00,251.94307298802616,251.94307298802616,249.14370551038144,250.0768280029297,9500,0.0,0.0
2019-03-15 00:00:00+09:00,251.00993009335002,253.8092973434617,251.00993009335002,252.8761749267578,12400,0.0,0.0
2019-03-18 00:00:00+09:00,252.8761993516039,268.7392819677562,252.8761993516039,264.07366943359375,66800,0.0,0.0
2019-03-19 00:00:00+09:00,266.8729923329455,266.8729923329455,262.207380578873,263.1405029296875,32300,0.0,0.0
2019-03-20 00:00:00+09:00,283.669213233056,292.0673149406136,278.07047876135096,287.4017028808594,305000,0.0,0.0
2019-03-22 00:00:00+09:00,279.93672348583823,283.6692131323161,278.0704786625993,279.00360107421875,56800,0.0,0.0
2019-03-25 00:00:00+09:00,269.6723900349935,283.66922688802083,265.93990020751954,279.9367370605469,69200,0.0,0.0
2019-03-26 00:00:00+09:00,273.404866604502,280.8698458974577,273.404866604502,279.00360107421875,20900,0.0,0.0
2019-03-27 00:00:00+09:00,280.869873046875,281.80299554869185,275.2711380359739,280.869873046875,13500,0.0,0.0
2019-03-28 00:00:00+09:00,279.00360446506073,279.00360446506073,272.47174750434027,277.1373596191406,14700,0.0,0.0
2019-03-29 00:00:00+09:00,274.3380126953125,279.9367476482781,270.6055227266688,274.3380126953125,43400,0.0,0.0
2019-04-01 00:00:00+09:00,293.93357602422105,324.7266173219966,292.0673310970832,311.66290283203125,1171200,0.0,0.0
2019-04-02 00:00:00+09:00,316.3285047643325,319.1278720631319,310.7297701667337,317.2616271972656,207600,0.0,0.0
2019-04-03 00:00:00+09:00,313.52911376953125,319.12784794398715,310.7297466823033,313.52911376953125,49600,0.0,0.0
2019-04-04 00:00:00+09:00,310.7297702570336,311.6628926902379,306.0641580910121,308.863525390625,104200,0.0,0.0
2019-04-05 00:00:00+09:00,313.5291374655331,319.1278720631319,312.59601503259995,317.2616271972656,38500,0.0,0.0
2019-04-08 00:00:00+09:00,317.2616136038901,319.12785838979534,313.52912403207966,316.3284912109375,21000,0.0,0.0
2019-04-09 00:00:00+09:00,314.4622664741848,326.59285835597825,314.4622664741848,321.92724609375,61200,0.0,0.0
2019-04-10 00:00:00+09:00,318.19475971366506,325.65973941369236,318.19475971366506,320.0610046386719,28900,0.0,0.0
2019-04-11 00:00:00+09:00,319.12785504920043,324.72658934830923,318.1947326660156,318.1947326660156,26400,0.0,0.0
2019-04-12 00:00:00+09:00,322.86033739362443,322.86033739362443,313.52911376953125,313.52911376953125,36900,0.0,0.0
2019-04-15 00:00:00+09:00,314.4622565375434,316.32850138346356,307.93039957682294,310.7297668457031,45500,0.0,0.0
2019-04-16 00:00:00+09:00,309.79664442274304,313.5291341145833,308.86352199978296,310.7297668457031,97700,0.0,0.0
2019-04-17 00:00:00+09:00,313.5291577800445,315.3954027668305,310.72979029986556,314.4622802734375,23200,0.0,0.0
2019-04-18 00:00:00+09:00,311.6628926902379,315.39538242305514,306.99728052421636,308.863525390625,82900,0.0,0.0
2019-04-19 00:00:00+09:00,308.863525390625,310.7297702570336,307.9304029574207,308.863525390625,10500,0.0,0.0
2019-04-22 00:00:00+09:00,309.79665126626617,310.72977370983926,306.0641614919738,306.9972839355469,24800,0.0,0.0
2019-04-23 00:00:00+09:00,306.99727715386285,311.6628892686632,306.99727715386285,310.7297668457031,18800,0.0,0.0
2019-04-24 00:00:00+09:00,310.7297466823033,315.3953584943499,308.8635019574847,313.52911376953125,15700,0.0,0.0
2019-04-25 00:00:00+09:00,310.72977370983926,313.5291410405585,306.9972839355469,306.9972839355469,21800,0.0,0.0
2019-04-26 00:00:00+09:00,307.93039957682294,312.59601169162323,307.93039957682294,310.7297668457031,3600,0.0,0.0
2019-05-07 00:00:00+09:00,314.46224313327644,318.1947326660156,312.5959983669068,318.1947326660156,21700,0.0,0.0
2019-05-08 00:00:00+09:00,317.261630628236,320.99412040033286,315.3953857421875,315.3953857421875,23100,0.0,0.0
2019-05-09 00:00:00+09:00,315.3954145538141,316.3285370820798,298.59920904503105,300.4654541015625,48200,0.0,0.0
2019-05-10 00:00:00+09:00,305.13102222789416,308.8635117964311,305.13102222789416,307.9303894042969,31900,0.0,0.0
2019-05-13 00:00:00+09:00,308.8635429786373,308.8635429786373,299.5323181152344,299.5323181152344,26200,0.0,0.0
2019-05-14 00:00:00+09:00,293.0004305717273,294.8666753524389,284.6023290585249,291.1341857910156,76700,0.0,0.0
2019-05-15 00:00:00+09:00,294.86671269654477,296.7329577136115,292.0673451709447,295.7998352050781,7400,0.0,0.0
2019-05-16 00:00:00+09:00,294.8666753524389,298.5991649138622,291.1341857910156,291.1341857910156,4800,0.0,0.0
2019-05-17 00:00:00+09:00,291.13419934355034,293.00044421113716,290.20107690975686,292.06732177734375,14300,0.0,0.0
2019-05-20 00:00:00+09:00,287.401673634847,287.401673634847,265.00673802693683,268.7392272949219,127200,0.0,0.0
2019-05-21 00:00:00+09:00,267.8061319262956,270.6054991589747,257.54178540647246,262.2073974609375,76900,0.0,0.0
2019-05-22 00:00:00+09:00,262.207407561826,268.7392646897007,262.207407561826,265.00677490234375,20900,0.0,0.0
2019-05-23 00:00:00+09:00,267.8061049779256,269.6723496119181,265.9398603439331,268.7392272949219,16900,0.0,0.0
2019-05-24 00:00:00+09:00,266.87301958624414,274.33799915509013,265.00677469403263,273.4048767089844,49500,0.0,0.0
2019-05-27 00:00:00+09:00,274.33799235026044,280.8698493109809,273.40486992730035,277.1373596191406,25500,0.0,0.0
2019-05-28 00:00:00+09:00,279.9367370605469,285.5354718017578,279.9367370605469,279.9367370605469,41300,0.0,0.0
2019-05-29 00:00:00+09:00,282.73611805050876,282.73611805050876,275.2711380359739,280.869873046875,44300,0.0,0.0
2019-05-30 00:00:00+09:00,275.27112477620443,281.80298197428385,275.27112477620443,279.9367370605469,18500,0.0,0.0
2019-05-31 00:00:00+09:00,279.00361807394347,281.80298547936763,277.13737313699403,278.07049560546875,20300,0.0,0.0
2019-06-03 00:00:00+09:00,279.003628769966,279.9367512742134,272.4717712402344,272.4717712402344,9400,0.0,0.0
2019-06-04 00:00:00+09:00,274.3380162487291,276.2042612572239,269.6724037274922,272.4717712402344,6800,0.0,0.0
2019-06-05 00:00:00+09:00,282.73610443115234,282.73610443115234,278.0704921468099,279.9367370605469,12500,0.0,0.0
2019-06-06 00:00:00+09:00,279.936733624793,281.802978515625,279.936733624793,281.802978515625,4100,0.0,0.0
2019-06-07 00:00:00+09:00,281.802978515625,282.73610096104096,279.936733624793,281.802978515625,2200,0.0,0.0
2019-06-10 00:00:00+09:00,291.1341754209648,292.0672977780833,287.4016859924909,288.3348083496094,5400,0.0,0.0
2019-06-11 00:00:00+09:00,288.33482869466144,291.1341959635417,285.53546142578125,285.53546142578125,5400,0.0,0.0
2019-06-12 00:00:00+09:00,290.2010803222656,291.13420276703175,286.4685905432011,290.2010803222656,11600,0.0,0.0
2019-06-13 00:00:00+09:00,290.20108728067106,290.20108728067106,286.4685974121094,286.4685974121094,6700,0.0,0.0
2019-06-14 00:00:00+09:00,286.4685974121094,287.4017198792498,282.7361075435477,286.4685974121094,4700,0.0,0.0
2019-06-17 00:00:00+09:00,286.46858046890856,289.26794770476107,286.46858046890856,287.4017028808594,2800,0.0,0.0
2019-06-18 00:00:00+09:00,288.3348083496094,291.1341754209648,287.4016859924909,288.3348083496094,5400,0.0,0.0
2019-06-19 00:00:00+09:00,292.0673252117979,293.93357010133013,288.33483543273337,290.2010803222656,29000,0.0,0.0
2019-06-20 00:00:00+09:00,293.00041038876486,295.79977736700147,291.13416573660714,293.93353271484375,10700,0.0,0.0
2019-06-21 00:00:00+09:00,294.86669884314904,303.2648010253906,294.86669884314904,303.2648010253906,16200,0.0,0.0
2019-06-24 00:00:00+09:00,305.13102899807603,315.39537553929574,301.3985393467234,312.59600830078125,36100,0.0,0.0
2019-06-25 00:00:00+09:00,317.2616136038901,320.9941031757006,307.93038967436394,316.3284912109375,55600,0.0,0.0
2019-06-26 00:00:00+09:00,308.8635253008674,320.99411692899815,308.8635253008674,317.2616271972656,120400,0.0,0.0
2019-06-27 00:00:00+09:00,319.1279018806523,328.45912708184096,313.52916675993913,325.6597595214844,132500,0.0,0.0
2019-06-28 00:00:00+09:00,317.2616136038901,320.060980782748,311.66287924617444,316.3284912109375,71400,0.0,0.0
2019-07-01 00:00:00+09:00,321.92723592122394,321.92723592122394,310.7297668457031,310.7297668457031,34800,0.0,0.0
2019-07-02 00:00:00+09:00,309.79663446026916,319.12785838979534,309.79663446026916,316.3284912109375,33100,0.0,0.0
2019-07-03 00:00:00+09:00,316.32847113358343,319.1278381347656,316.32847113358343,319.1278381347656,9700,0.0,0.0
2019-07-04 00:00:00+09:00,319.1278755142844,319.1278755142844,312.59601841311485,315.3953857421875,50700,0.0,0.0
2019-07-05 00:00:00+09:00,315.3954027668305,316.32852526022344,310.72979029986556,314.4622802734375,29800,0.0,0.0
2019-07-08 00:00:00+09:00,315.3954027668305,315.3954027668305,312.5960352866515,314.4622802734375,24100,0.0,0.0
2019-07-09 00:00:00+09:00,313.52911376953125,315.3953584943499,311.66286904471264,313.52911376953125,20000,0.0,0.0
2019-07-10 00:00:00+09:00,314.4622361319406,315.3953584943499,313.52911376953125,313.52911376953125,15100,0.0,0.0
2019-07-11 00:00:00+09:00,313.52911376953125,315.3953584943499,312.5959914071219,313.52911376953125,52400,0.0,0.0
2019-07-12 00:00:00+09:00,313.52911376953125,314.4622361319406,312.5959914071219,313.52911376953125,13000,0.0,0.0
2019-07-16 00:00:00+09:00,316.3285081852117,317.261630628236,312.59601841311485,315.3953857421875,18700,0.0,0.0
2019-07-17 00:00:00+09:00,314.4622632991633,316.3285081852117,313.52914085613907,315.3953857421875,8600,0.0,0.0
2019-07-18 00:00:00+09:00,315.39537553929574,316.3284979521339,312.59600830078125,312.59600830078125,21200,0.0,0.0
2019-07-19 00:00:00+09:00,312.59601503259995,317.2616271972656,312.59601503259995,317.2616271972656,10300,0.0,0.0
2019-07-22 00:00:00+09:00,317.26163725116163,320.0610046386719,315.3953923261548,320.0610046386719,27700,0.0,0.0
2019-07-23 00:00:00+09:00,320.9941271011753,322.8603720261821,319.12788217616844,320.0610046386719,18300,0.0,0.0
2019-07-24 00:00:00+09:00,319.12785504920043,320.06097743238524,313.52912075009164,318.1947326660156,17100,0.0,0.0
2019-07-25 00:00:00+09:00,317.2616136038901,317.2616136038901,314.4622464250323,316.3284912109375,6100,0.0,0.0
2019-07-26 00:00:00+09:00,311.6628858879431,315.39537553929574,311.6628858879431,312.59600830078125,16300,0.0,0.0
2019-07-29 00:00:00+09:00,312.5959914071219,315.3953584943499,312.5959914071219,313.52911376953125,7000,0.0,0.0
2019-07-30 00:00:00+09:00,313.52911376953125,315.3953584943499,312.5959914071219,313.52911376953125,18700,0.0,0.0
2019-07-31 00:00:00+09:00,310.72976347510496,314.46225312645754,310.72976347510496,312.59600830078125,25000,0.0,0.0
2019-08-01 00:00:00+09:00,310.7297668457031,313.5291341145833,307.93039957682294,310.7297668457031,56000,0.0,0.0
2019-08-02 00:00:00+09:00,308.86352882269307,312.5960185969854,301.39854927410835,306.9972839355469,52500,0.0,0.0
2019-08-05 00:00:00+09:00,306.0641618832898,306.0641618832898,289.2679578774995,290.2010803222656,178900,0.0,0.0
2019-08-06 00:00:00+09:00,280.8698493109809,294.86668565538196,280.8698493109809,285.53546142578125,161400,0.0,0.0
2019-08-07 00:00:00+09:00,284.60236235587826,290.2010973530431,284.60236235587826,289.2679748535156,8500,0.0,0.0
2019-08-08 00:00:00+09:00,289.2679748535156,291.13421985257054,288.33485235398814,289.2679748535156,16000,0.0,0.0
2019-08-09 00:00:00+09:00,288.33483543273337,290.2010803222656,286.4685905432011,290.2010803222656,27300,0.0,0.0
2019-08-13 00:00:00+09:00,289.26793070672784,289.26793070672784,286.4685636353724,288.3348083496094,18000,0.0,0.0
2019-08-14 00:00:00+09:00,287.40172985446065,289.2679748535156,285.53548485540574,289.2679748535156,47900,0.0,0.0
2019-08-15 00:00:00+09:00,281.802971733941,287.40170627170136,279.9367268880208,285.53546142578125,40700,0.0,0.0
2019-08-16 00:00:00+09:00,280.869856070209,283.6692234064569,280.869856070209,281.802978515625,71200,0.0,0.0
2019-08-19 00:00:00+09:00,285.61114501953125,286.56318216959636,283.70707071940103,285.61114501953125,51500,6.0,0.0
2019-08-20 00:00:00+09:00,283.70707071940103,286.56318216959636,283.70707071940103,285.61114501953125,7200,0.0,0.0
2019-08-21 00:00:00+09:00,286.56317138671875,287.51520850096034,285.61113427247716,286.56317138671875,6500,0.0,0.0
2019-08-22 00:00:00+09:00,287.5151870777898,289.4192611643977,285.6111129911819,288.46722412109375,7100,0.0,0.0
2019-08-23 00:00:00+09:00,287.51519775390625,289.41927191121687,285.61112359659563,287.51519775390625,9300,0.0,0.0
2019-08-26 00:00:00+09:00,285.61114501953125,287.51521931966147,285.61114501953125,285.61114501953125,7900,0.0,0.0
2019-08-27 00:00:00+09:00,288.46722412109375,292.27537229430953,283.70703890457406,288.46722412109375,50300,0.0,0.0
2019-08-28 00:00:00+09:00,285.61114501953125,286.56318216959636,284.65910786946614,285.61114501953125,8900,0.0,0.0
2019-08-29 00:00:00+09:00,284.65906826761744,287.51517932046977,283.70703125,283.70703125,7400,0.0,0.0
2019-08-30 00:00:00+09:00,283.7070206351902,288.4672055451766,283.7070206351902,284.6590576171875,10800,0.0,0.0
2019-09-02 00:00:00+09:00,284.6590576171875,286.56313158118206,284.6590576171875,284.6590576171875,2200,0.0,0.0
2019-09-03 00:00:00+09:00,285.61114501953125,287.51521931966147,284.65910786946614,285.61114501953125,5800,0.0,0.0
2019-09-04 00:00:00+09:00,285.61114501953125,285.61114501953125,284.65910786946614,285.61114501953125,3300,0.0,0.0
2019-09-05 00:00:00+09:00,285.61114501953125,286.56318216959636,284.65910786946614,285.61114501953125,8900,0.0,0.0
2019-09-06 00:00:00+09:00,285.61114501953125,287.51521931966147,285.61114501953125,285.61114501953125,3700,0.0,0.0
2019-09-09 00:00:00+09:00,286.5631606752509,288.4672348325616,285.61112359659563,287.51519775390625,6500,0.0,0.0
2019-09-10 00:00:00+09:00,289.4192581917476,296.08351742642594,289.4192581917476,294.179443359375,17200,0.0,0.0
2019-09-11 00:00:00+09:00,296.0835250562923,298.93963623046875,295.13148799823347,298.93963623046875,19800,0.0,0.0
2019-09-12 00:00:00+09:00,297.9875885494171,301.7957366458953,297.9875885494171,299.89166259765625,17400,0.0,0.0
2019-09-13 00:00:00+09:00,299.8916717433027,301.7957458496094,298.9396346901493,301.7957458496094,9900,0.0,0.0
2019-09-17 00:00:00+09:00,299.8916776216947,314.17223369891826,298.9396405498798,309.41204833984375,43400,0.0,0.0
2019-09-18 00:00:00+09:00,309.4120499510202,309.4120499510202,300.8437162600689,306.5559387207031,21700,0.0,0.0
2019-09-19 00:00:00+09:00,306.55594200424,306.55594200424,299.89168239545216,300.8437194824219,34300,0.0,0.0
2019-09-20 00:00:00+09:00,300.8437285033412,304.6518769654088,297.98761715679046,302.747802734375,15300,0.0,0.0
2019-09-24 00:00:00+09:00,302.747806255634,302.747806255634,294.1794721163236,297.03558349609375,27700,0.0,0.0
2019-09-25 00:00:00+09:00,297.98759149347694,297.98759149347694,293.22740632584953,294.179443359375,33200,0.0,0.0
2019-09-26 00:00:00+09:00,297.03556367438705,297.03556367438705,292.2753783590924,296.0835266113281,26800,0.0,0.0
2019-09-27 00:00:00+09:00,295.13148039290047,297.03555445995147,294.179443359375,294.179443359375,95100,0.0,0.0
2019-09-30 00:00:00+09:00,290.37133076985674,290.37133076985674,283.70707071940103,285.61114501953125,64000,0.0,0.0
2019-10-01 00:00:00+09:00,288.4672348325616,290.3713089898722,286.5631606752509,287.51519775390625,8800,0.0,0.0
2019-10-02 00:00:00+09:00,287.51519775390625,289.41927191121687,286.5631606752509,287.51519775390625,11000,0.0,0.0
2019-10-03 00:00:00+09:00,286.5631606752509,287.51519775390625,283.70704943928496,287.51519775390625,14600,0.0,0.0
2019-10-04 00:00:00+09:00,287.51521931966147,287.51521931966147,283.70707071940103,285.61114501953125,24300,0.0,0.0
2019-10-07 00:00:00+09:00,287.51520850096034,289.4192827294435,285.61113427247716,286.56317138671875,18700,0.0,0.0
2019-10-08 00:00:00+09:00,285.61114501953125,289.4192936197917,284.65910786946614,285.61114501953125,646200,0.0,0.0
2019-10-09 00:00:00+09:00,285.61114501953125,289.4192936197917,285.61114501953125,285.61114501953125,46800,0.0,0.0
2019-10-10 00:00:00+09:00,287.51520850096034,289.4192827294435,284.65909715823557,286.56317138671875,40900,0.0,0.0
2019-10-11 00:00:00+09:00,287.51521931966147,287.51521931966147,282.7550335693359,285.61114501953125,31700,0.0,0.0
2019-10-15 00:00:00+09:00,285.61114501953125,286.56318216959636,284.65910786946614,285.61114501953125,24900,0.0,0.0
2019-10-16 00:00:00+09:00,286.56318216959636,287.51521931966147,285.61114501953125,285.61114501953125,9700,0.0,0.0
2019-10-17 00:00:00+09:00,285.61109459918475,286.56313158118206,284.6590576171875,284.6590576171875,8300,0.0,0.0
2019-10-18 00:00:00+09:00,286.56313158118206,286.56313158118206,284.6590576171875,284.6590576171875,15100,0.0,0.0
2019-10-21 00:00:00+09:00,286.56313158118206,286.56313158118206,283.7070206351902,284.6590576171875,36900,0.0,0.0
2019-10-23 00:00:00+09:00,285.61114501953125,287.51521931966147,284.65910786946614,285.61114501953125,35900,0.0,0.0
2019-10-24 00:00:00+09:00,287.51521931966147,287.51521931966147,284.65910786946614,285.61114501953125,19800,0.0,0.0
2019-10-25 00:00:00+09:00,286.56318216959636,287.51521931966147,284.65910786946614,285.61114501953125,45800,0.0,0.0
2019-10-28 00:00:00+09:00,285.61112359659563,289.41927191121687,284.6590865179403,287.51519775390625,29400,0.0,0.0
2019-10-29 00:00:00+09:00,285.61114501953125,287.51521931966147,285.61114501953125,285.61114501953125,15900,0.0,0.0
2019-10-30 00:00:00+09:00,286.56313158118206,287.5151685631793,284.6590576171875,284.6590576171875,28400,0.0,0.0
2019-10-31 00:00:00+09:00,285.61109459918475,286.56313158118206,284.6590576171875,284.6590576171875,23900,0.0,0.0
2019-11-01 00:00:00+09:00,284.6590576171875,287.5151685631793,284.6590576171875,284.6590576171875,44600,0.0,0.0
2019-11-05 00:00:00+09:00,287.5151685631793,287.5151685631793,284.6590576171875,284.6590576171875,44100,0.0,0.0
2019-11-06 00:00:00+09:00,285.61114501953125,287.51521931966147,284.65910786946614,285.61114501953125,61600,0.0,0.0
2019-11-07 00:00:00+09:00,285.61114501953125,285.61114501953125,284.65910786946614,285.61114501953125,16300,0.0,0.0
2019-11-08 00:00:00+09:00,285.61109459918475,287.5151685631793,284.6590576171875,284.6590576171875,36700,0.0,0.0
2019-11-11 00:00:00+09:00,285.61114501953125,287.51521931966147,285.61114501953125,285.61114501953125,24800,0.0,0.0
2019-11-12 00:00:00+09:00,285.61113427247716,286.56317138671875,284.65909715823557,286.56317138671875,13000,0.0,0.0
2019-11-13 00:00:00+09:00,287.51521931966147,287.51521931966147,285.61114501953125,285.61114501953125,17300,0.0,0.0
2019-11-14 00:00:00+09:00,285.61114501953125,287.51521931966147,285.61114501953125,285.61114501953125,16200,0.0,0.0
2019-11-15 00:00:00+09:00,285.6111220062756,290.3713073730469,285.6111220062756,290.3713073730469,22600,0.0,0.0
2019-11-18 00:00:00+09:00,293.22740933761344,301.7957427273489,288.46722412109375,288.46722412109375,101000,0.0,0.0
2019-11-19 00:00:00+09:00,291.32334606852754,292.2753831471828,287.51519775390625,287.51519775390625,40500,0.0,0.0
2019-11-20 00:00:00+09:00,288.46724561520193,289.4192827294435,285.61113427247716,286.56317138671875,31000,0.0,0.0
2019-11-21 00:00:00+09:00,286.5631606752509,288.4672348325616,285.61112359659563,287.51519775390625,14700,0.0,0.0
2019-11-22 00:00:00+09:00,289.41927191121687,291.32334606852754,287.51519775390625,287.51519775390625,20100,0.0,0.0
2019-11-25 00:00:00+09:00,290.37131641897395,293.227427728013,290.37131641897395,292.275390625,26700,0.0,0.0
2019-11-26 00:00:00+09:00,293.2274169921875,297.03556526481333,292.27537992403103,293.2274169921875,21100,0.0,0.0
2019-11-27 00:00:00+09:00,291.3233444464011,292.2753815197554,288.46723322633835,290.3713073730469,35600,0.0,0.0
2019-11-28 00:00:00+09:00,292.275369292324,294.179443359375,291.32333225879853,294.179443359375,14100,0.0,0.0
2019-11-29 00:00:00+09:00,295.1315002441406,295.1315002441406,292.2753889514554,295.1315002441406,14600,0.0,0.0
2019-12-02 00:00:00+09:00,295.1314895482692,297.03556367438705,294.1794524852103,296.0835266113281,19200,0.0,0.0
2019-12-03 00:00:00+09:00,297.03557277106626,297.98760986328125,291.3233502177765,297.98760986328125,33500,0.0,0.0
2019-12-04 00:00:00+09:00,296.08353734170237,296.08353734170237,292.2753889514554,295.1315002441406,20200,0.0,0.0
2019-12-05 00:00:00+09:00,297.03557277106626,297.98760986328125,296.0835356788513,297.98760986328125,21400,0.0,0.0
2019-12-06 00:00:00+09:00,297.98760502975176,306.5559387207031,297.0355679529794,306.5559387207031,91400,0.0,0.0
2019-12-09 00:00:00+09:00,308.4600236839223,309.4120607940579,302.74780102310893,305.6039123535156,42400,0.0,0.0
2019-12-10 00:00:00+09:00,306.5559387207031,306.5559387207031,304.6518645671584,306.5559387207031,15100,0.0,0.0
2019-12-11 00:00:00+09:00,308.46001451067787,308.46001451067787,301.79575493791634,303.6998291015625,37400,0.0,0.0
2019-12-12 00:00:00+09:00,305.60391408092573,305.60391408092573,301.79576561885807,302.747802734375,25400,0.0,0.0
2019-12-13 00:00:00+09:00,305.60389406222276,305.60389406222276,300.84370879645604,301.7957458496094,35100,0.0,0.0
2019-12-16 00:00:00+09:00,302.7477813720703,304.65185546875,297.0355590820312,304.65185546875,41300,0.0,0.0
2019-12-17 00:00:00+09:00,308.46001451067787,308.46001451067787,302.7477920197394,303.6998291015625,61000,0.0,0.0
2019-12-18 00:00:00+09:00,304.65185546875,304.65185546875,301.79574432373045,304.65185546875,21900,0.0,0.0
2019-12-19 00:00:00+09:00,304.65185546875,304.65185546875,302.7477813720703,304.65185546875,28200,0.0,0.0
2019-12-20 00:00:00+09:00,304.65186618338555,304.65186618338555,301.79575493791634,303.6998291015625,27400,0.0,0.0
2019-12-23 00:00:00+09:00,301.7957565693916,303.69983074333095,297.0355711345431,300.8437194824219,58300,0.0,0.0
2019-12-24 00:00:00+09:00,298.9396346901493,301.7957458496094,297.03556058384265,301.7957458496094,27300,0.0,0.0
2019-12-25 00:00:00+09:00,300.84371034658636,302.74778446270403,298.93963623046875,298.93963623046875,77400,0.0,0.0
2019-12-26 00:00:00+09:00,300.8437072753906,304.65185546875,299.8916702270508,304.65185546875,114300,0.0,0.0
2019-12-27 00:00:00+09:00,289.4192793159609,294.17946483102605,285.6111309039088,292.275390625,184300,0.0,0.0
2019-12-30 00:00:00+09:00,295.1315002441406,297.98761153682585,292.2753889514554,295.1315002441406,61200,0.0,0.0
2020-01-06 00:00:00+09:00,293.22741542215135,297.03556367438705,293.22741542215135,296.0835266113281,46900,0.0,0.0
2020-01-07 00:00:00+09:00,295.1314895482692,297.987600737446,295.1314895482692,296.0835266113281,29800,0.0,0.0
2020-01-08 00:00:00+09:00,297.98760986328125,297.98760986328125,293.22742440220645,297.98760986328125,71000,0.0,0.0
2020-01-09 00:00:00+09:00,297.9875885494171,300.8436996217758,297.9875885494171,299.89166259765625,28200,0.0,0.0
2020-01-10 00:00:00+09:00,302.7477829027627,302.7477829027627,299.8916717433027,301.7957458496094,26300,0.0,0.0
2020-01-14 00:00:00+09:00,302.7477829027627,302.7477829027627,298.9396346901493,301.7957458496094,48100,0.0,0.0
2020-01-15 00:00:00+09:00,300.8437211399261,301.79575823214105,295.1314985866364,297.98760986328125,60200,0.0,0.0
2020-01-16 00:00:00+09:00,297.9875885494171,299.89166259765625,297.9875885494171,299.89166259765625,25800,0.0,0.0
2020-01-17 00:00:00+09:00,299.89166259765625,299.89166259765625,297.0355515252976,299.89166259765625,28500,0.0,0.0
2020-01-20 00:00:00+09:00,299.8916717433027,302.7477829027627,298.9396346901493,301.7957458496094,83300,0.0,0.0
2020-01-21 00:00:00+09:00,301.79574432373045,306.55592956542966,300.8437072753906,304.65185546875,69700,0.0,0.0
2020-01-22 00:00:00+09:00,309.4120573924587,311.3161315917969,305.6039089937822,311.3161315917969,83200,0.0,0.0
2020-01-23 00:00:00+09:00,310.36407470703125,313.22018582396714,308.460000629074,310.36407470703125,76500,0.0,0.0
2020-01-24 00:00:00+09:00,310.3640762187379,311.31611326235367,306.5559280442749,307.5079650878906,53300,0.0,0.0
2020-01-27 00:00:00+09:00,304.65185395704333,308.46000213150637,304.65185395704333,307.5079650878906,63400,0.0,0.0
2020-01-28 00:00:00+09:00,305.60389100065913,307.5079650878906,301.7957428261961,307.5079650878906,62400,0.0,0.0
2020-01-29 00:00:00+09:00,306.55592956542966,306.55592956542966,301.79574432373045,304.65185546875,51800,0.0,0.0
2020-01-30 00:00:00+09:00,304.65185546875,305.60389251708983,297.98759613037106,304.65185546875,83000,0.0,0.0
2020-01-31 00:00:00+09:00,303.69981995591604,304.6518570090694,300.84370879645604,301.7957458496094,37100,0.0,0.0
2020-02-03 00:00:00+09:00,295.1314969606037,301.7957565693916,293.22742278666436,300.8437194824219,93500,0.0,0.0
2020-02-04 00:00:00+09:00,301.79574432373045,304.65185546875,300.8437072753906,304.65185546875,65500,0.0,0.0
2020-02-05 00:00:00+09:00,305.60389251708983,307.5079666137695,304.65185546875,304.65185546875,75200,0.0,0.0
2020-02-06 00:00:00+09:00,305.60390326520866,307.5079774288548,302.7477920197394,303.6998291015625,71500,0.0,0.0
2020-02-07 00:00:00+09:00,303.699827490386,306.5559387207031,303.699827490386,306.5559387207031,53500,0.0,0.0
2020-02-10 00:00:00+09:00,306.5559494636512,309.4120607940579,305.6039123535156,305.6039123535156,118800,0.0,0.0
2020-02-12 00:00:00+09:00,307.5079650878906,309.4120391751222,306.5559280442749,307.5079650878906,116700,0.0,0.0
2020-02-13 00:00:00+09:00,308.46001287424787,309.4120499510202,306.5559387207031,306.5559387207031,90700,0.0,0.0
2020-02-14 00:00:00+09:00,306.5559387207031,308.46001287424787,303.699827490386,306.5559387207031,140500,0.0,0.0
2020-02-17 00:00:00+09:00,306.5559280442749,307.5079650878906,304.65185395704333,307.5079650878906,210100,0.0,0.0
2020-02-18 00:00:00+09:00,309.4120590775101,310.364096182364,305.6039106580946,308.46002197265625,191200,0.0,0.0
2020-02-19 00:00:00+09:00,293.9100024494904,296.82000247374276,290.03000241715387,292.94000244140625,313800,6.0,0.0
2020-02-20 00:00:00+09:00,291.00001894194503,291.97001900508485,280.33001824740705,281.3000183105469,550900,0.0,0.0
2020-02-21 00:00:00+09:00,278.3900062561035,278.3900062561035,270.63000608171734,271.6000061035156,149000,0.0,0.0
2020-02-25 00:00:00+09:00,261.8999938964844,270.62999369303384,258.9899939643012,261.8999938964844,155200,0.0,0.0
2020-02-26 00:00:00+09:00,261.89999879711735,266.74999877484174,259.9599988060276,265.7799987792969,174600,0.0,0.0
2020-02-27 00:00:00+09:00,260.93000130824356,261.90000131310694,243.47000122070312,243.47000122070312,107500,0.0,0.0
2020-02-28 00:00:00+09:00,227.95000623620075,231.83000634234884,221.16000605044158,223.10000610351562,140600,0.0,0.0
2020-03-02 00:00:00+09:00,225.04000295003254,240.56000315348305,225.04000295003254,232.8000030517578,101900,0.0,0.0
2020-03-03 00:00:00+09:00,242.50000064112558,244.4400006462546,230.86000061035156,230.86000061035156,56600,0.0,0.0
2020-03-04 00:00:00+09:00,227.95000649283452,235.7100067138672,226.98000646520543,235.7100067138672,38400,0.0,0.0
2020-03-05 00:00:00+09:00,237.6500018770226,237.6500018770226,230.86000182339336,231.8300018310547,34400,0.0,0.0
2020-03-06 00:00:00+09:00,229.89,231.82999999999998,217.28,218.25,79700,0.0,0.0
2020-03-09 00:00:00+09:00,211.46001411206794,211.46001411206794,189.15001262318003,192.0600128173828,148600,0.0,0.0
2020-03-10 00:00:00+09:00,189.15000466739428,199.8200049306832,176.54000435623468,197.8800048828125,129100,0.0,0.0
2020-03-11 00:00:00+09:00,202.73001352945963,202.73001352945963,192.0600128173828,192.0600128173828,60900,0.0,0.0
2020-03-12 00:00:00+09:00,191.08999806065714,191.08999806065714,179.4499981787897,180.4199981689453,71300,0.0,0.0
2020-03-13 00:00:00+09:00,165.8699980552152,169.74999800972319,149.3799982485564,156.1699981689453,155400,0.0,0.0
2020-03-16 00:00:00+09:00,164.90001146183457,172.66001200121502,160.05001112472178,166.8400115966797,112200,0.0,0.0
2020-03-17 00:00:00+09:00,160.05000114440918,170.72000122070312,160.05000114440918,170.72000122070312,66600,0.0,0.0
2020-03-18 00:00:00+09:00,173.63000246899276,178.48000253795902,168.7800024000265,171.69000244140625,63100,0.0,0.0
2020-03-19 00:00:00+09:00,171.68999875825028,173.6299987442192,165.8699988003435,168.77999877929688,39200,0.0,0.0
2020-03-23 00:00:00+09:00,172.6600083571214,176.54000854492188,165.87000802847055,176.54000854492188,51200,0.0,0.0
2020-03-24 00:00:00+09:00,178.4800029553865,185.2700030678197,174.60000289113898,184.3000030517578,40400,0.0,0.0
2020-03-25 00:00:00+09:00,196.91000837980263,200.79000854492188,193.03000821468336,200.79000854492188,61700,0.0,0.0
2020-03-26 00:00:00+09:00,193.0300093430739,194.00000939002405,188.18000910832333,189.15000915527344,39700,0.0,0.0
2020-03-27 00:00:00+09:00,193.0300044514122,194.97000449615,185.27000427246094,185.27000427246094,64900,0.0,0.0
2020-03-30 00:00:00+09:00,180.42000752654525,181.39000756701054,174.60000728375346,175.57000732421875,67600,0.0,0.0
2020-03-31 00:00:00+09:00,180.42000507376048,180.42000507376048,171.69000482825595,173.6300048828125,80100,0.0,0.0
2020-04-01 00:00:00+09:00,173.6300084040715,185.27000896747296,169.75000821627103,176.54000854492188,75500,0.0,0.0
2020-04-02 00:00:00+09:00,173.63000124151057,175.57000125538218,167.81000119989568,170.72000122070312,39400,0.0,0.0
2020-04-03 00:00:00+09:00,174.60000463278897,185.27000491590385,157.14000416951006,161.02000427246094,62800,0.0,0.0
2020-04-06 00:00:00+09:00,159.08000226209393,172.6600024551995,156.17000222071417,171.69000244140625,52900,0.0,0.0
2020-04-07 00:00:00+09:00,174.60000610351562,178.4800062391493,168.7800059000651,174.60000610351562,40400,0.0,0.0
2020-04-08 00:00:00+09:00,174.5999982280116,180.4199981689453,172.65999824770037,180.4199981689453,50100,0.0,0.0
2020-04-09 00:00:00+09:00,181.390000607105,185.27000062009122,179.4500006006119,182.36000061035156,42200,0.0,0.0
2020-04-10 00:00:00+09:00,186.24000062333778,186.24000062333778,181.390000607105,182.36000061035156,31200,0.0,0.0
2020-04-13 00:00:00+09:00,185.2700030678197,189.15000313206724,181.39000300357216,184.3000030517578,43800,0.0,0.0
2020-04-14 00:00:00+09:00,184.3000054359436,189.15000557899475,183.33000540733337,186.24000549316406,22500,0.0,0.0
2020-04-15 00:00:00+09:00,186.2400066790803,187.2100067138672,185.27000664429343,187.2100067138672,7500,0.0,0.0
2020-04-16 00:00:00+09:00,189.15000678344094,189.15000678344094,186.2400066790803,187.2100067138672,11300,0.0,0.0
2020-04-17 00:00:00+09:00,188.18001027009925,191.0900104289152,186.24001016422193,190.12001037597656,42800,0.0,0.0
2020-04-20 00:00:00+09:00,190.1200068182278,193.03000692258843,187.2100067138672,187.2100067138672,65500,0.0,0.0
2020-04-21 00:00:00+09:00,188.18000187949528,189.15000188918341,182.36000182136658,183.3300018310547,35600,0.0,0.0
2020-04-22 00:00:00+09:00,179.45001104603642,181.39001116545305,177.51001092661983,178.48001098632812,22100,0.0,0.0
2020-04-23 00:00:00+09:00,179.45001104603642,180.42001110574475,177.51001092661983,178.48001098632812,10000,0.0,0.0
2020-04-24 00:00:00+09:00,179.45001220703125,179.45001220703125,178.4800121410473,179.45001220703125,5200,0.0,0.0
2020-04-27 00:00:00+09:00,180.4200122730152,181.39001233899916,179.45001220703125,179.45001220703125,23400,0.0,0.0
2020-04-28 00:00:00+09:00,179.45001220703125,182.3600124049831,177.51001207506334,179.45001220703125,34400,0.0,0.0
2020-04-30 00:00:00+09:00,184.30000184074282,186.24000186011904,183.3300018310547,183.3300018310547,31700,0.0,0.0
2020-05-01 00:00:00+09:00,182.36000301963404,184.3000030517578,182.36000301963404,184.3000030517578,12200,0.0,0.0
2020-05-07 00:00:00+09:00,182.36000537872314,186.24000549316406,181.39000535011292,186.24000549316406,23200,0.0,0.0
2020-05-08 00:00:00+09:00,188.18001019783568,202.73001098632812,187.2100101452695,202.73001098632812,72100,0.0,0.0
2020-05-11 00:00:00+09:00,198.85001077606347,202.73001098632812,195.940010618365,202.73001098632812,66900,0.0,0.0
2020-05-12 00:00:00+09:00,199.82000967172476,201.760009765625,198.85000962477466,201.760009765625,15900,0.0,0.0
2020-05-13 00:00:00+09:00,198.85000728866427,200.7900073597732,197.88000725310982,199.82000732421875,25700,0.0,0.0
2020-05-14 00:00:00+09:00,199.82000371622922,202.73000377034904,196.91000366210938,196.91000366210938,34300,0.0,0.0
2020-05-15 00:00:00+09:00,198.85001191638764,203.70001220703125,197.88001185825894,203.70001220703125,23600,0.0,0.0
2020-05-18 00:00:00+09:00,203.7000076084921,212.4300079345703,203.7000076084921,212.4300079345703,56600,0.0,0.0
2020-05-19 00:00:00+09:00,216.3100128173828,216.3100128173828,209.52001241504345,216.3100128173828,56200,0.0,0.0
2020-05-20 00:00:00+09:00,215.34000356573807,223.10000369423315,215.34000356573807,221.16000366210938,51900,0.0,0.0
2020-05-21 00:00:00+09:00,221.16000955606222,230.86000997518775,221.16000955606222,226.010009765625,42200,0.0,0.0
2020-05-22 00:00:00+09:00,225.04000735592533,228.92000748275163,222.1300072608056,224.07000732421875,19900,0.0,0.0
2020-05-25 00:00:00+09:00,226.01001210314163,229.8900123109209,224.07001199925202,227.95001220703125,19100,0.0,0.0
2020-05-26 00:00:00+09:00,230.86000182339336,232.800001838716,228.92000180807074,231.8300018310547,16400,0.0,0.0
2020-05-27 00:00:00+09:00,230.86000061035156,233.77000061804506,227.95000060265806,230.86000061035156,26600,0.0,0.0
2020-05-28 00:00:00+09:00,232.80000883957433,232.80000883957433,224.0700085080903,225.04000854492188,28300,0.0,0.0
2020-05-29 00:00:00+09:00,226.98000980753756,227.9500098494501,224.0700096817999,226.010009765625,18000,0.0,0.0
2020-06-01 00:00:00+09:00,228.92000060522255,230.86000061035156,224.07000059240005,230.86000061035156,26500,0.0,0.0
2020-06-02 00:00:00+09:00,231.83000061291605,231.83000061291605,228.92000060522255,230.86000061035156,14900,0.0,0.0
2020-06-03 00:00:00+09:00,228.92001342773438,230.86001354152876,227.9500133708372,228.92001342773438,20300,0.0,0.0
2020-06-04 00:00:00+09:00,230.86000061035156,230.86000061035156,227.95000060265806,230.86000061035156,16600,0.0,0.0
2020-06-05 00:00:00+09:00,230.8600123628657,230.8600123628657,227.95001220703125,227.95001220703125,19300,0.0,0.0
2020-06-08 00:00:00+09:00,228.91999939222376,229.88999938964844,227.94999939479908,229.88999938964844,17100,0.0,0.0
2020-06-09 00:00:00+09:00,232.8000030517578,232.8000030517578,230.8600030263265,232.8000030517578,20400,0.0,0.0
2020-06-10 00:00:00+09:00,232.8000030517578,232.8000030517578,229.89000301361082,232.8000030517578,9700,0.0,0.0
2020-06-11 00:00:00+09:00,231.8300038387901,234.74000388697576,221.16000366210938,221.16000366210938,39700,0.0,0.0
2020-06-12 00:00:00+09:00,216.31000475487855,222.1300048828125,209.52000460562226,222.1300048828125,30800,0.0,0.0
2020-06-15 00:00:00+09:00,220.1900094465776,224.07000961303712,213.40000915527344,213.40000915527344,20700,0.0,0.0
2020-06-16 00:00:00+09:00,217.28000359786185,221.16000366210938,217.28000359786185,221.16000366210938,13400,0.0,0.0
2020-06-17 00:00:00+09:00,222.13000246291642,222.13000246291642,219.22000243065114,220.19000244140625,5000,0.0,0.0
2020-06-18 00:00:00+09:00,219.22000716568587,224.07000732421875,219.22000716568587,224.07000732421875,9100,0.0,0.0
2020-06-19 00:00:00+09:00,224.07000492545714,224.07000492545714,222.1300048828125,222.1300048828125,3400,0.0,0.0
2020-06-22 00:00:00+09:00,223.10001079852765,226.98001098632812,221.1600107046274,226.98001098632812,20300,0.0,0.0
2020-06-23 00:00:00+09:00,228.92001108022836,230.8600111741286,226.98001098632812,226.98001098632812,17400,0.0,0.0
2020-06-24 00:00:00+09:00,228.92001225897607,229.8900123109209,226.98001215508646,227.95001220703125,14000,0.0,0.0
2020-06-25 00:00:00+09:00,225.04000972371244,229.8900099332752,225.04000972371244,226.010009765625,28600,0.0,0.0
2020-06-26 00:00:00+09:00,223.10000708343787,224.0700071142354,211.4600067138672,211.4600067138672,87500,0.0,0.0
2020-06-29 00:00:00+09:00,215.34000356573807,224.07000371029503,212.43000351755242,221.16000366210938,88100,0.0,0.0
2020-06-30 00:00:00+09:00,219.22000362998563,222.13000367817125,216.31000358179998,221.16000366210938,18500,0.0,0.0
2020-07-01 00:00:00+09:00,221.16,221.16,217.28,218.25,5700,0.0,0.0
2020-07-02 00:00:00+09:00,214.37000800703214,216.31000807949397,211.4600078983394,212.4300079345703,17900,0.0,0.0
2020-07-03 00:00:00+09:00,212.4300114399678,215.3400115966797,207.58001117878132,215.3400115966797,19000,0.0,0.0
2020-07-06 00:00:00+09:00,216.31000591775646,223.10000610351562,213.40000583814538,223.10000610351562,25300,0.0,0.0
2020-07-07 00:00:00+09:00,224.07000371029503,224.07000371029503,220.1900036460475,221.16000366210938,6100,0.0,0.0
2020-07-08 00:00:00+09:00,221.16000605044158,223.10000610351562,220.19000602390454,223.10000610351562,7700,0.0,0.0
2020-07-09 00:00:00+09:00,223.10000124230848,223.10000124230848,216.3100012044991,219.22000122070312,7700,0.0,0.0
2020-07-10 00:00:00+09:00,218.2500117533916,218.2500117533916,214.3700115444424,215.3400115966797,10100,0.0,0.0
2020-07-13 00:00:00+09:00,215.3400115966797,218.2500117533916,214.3700115444424,215.3400115966797,12200,0.0,0.0
2020-07-14 00:00:00+09:00,215.34001275990576,218.25001293233692,214.3700127024287,216.3100128173828,3400,0.0,0.0
2020-07-15 00:00:00+09:00,216.310011648917,220.19001185786618,215.3400115966797,215.3400115966797,2900,0.0,0.0
2020-07-16 00:00:00+09:00,214.37000919688833,216.3100092801181,213.40000915527344,213.40000915527344,5200,0.0,0.0
2020-07-17 00:00:00+09:00,213.40001032902646,215.3400104229267,213.40001032902646,214.37001037597656,4400,0.0,0.0
2020-07-20 00:00:00+09:00,217.28000811572488,217.28000811572488,212.4300079345703,212.4300079345703,6100,0.0,0.0
2020-07-21 00:00:00+09:00,214.37000919688833,214.37000919688833,211.46000907204368,213.40000915527344,5400,0.0,0.0
2020-07-22 00:00:00+09:00,209.52000782587757,212.4300079345703,209.52000782587757,212.4300079345703,8800,0.0,0.0
2020-07-27 00:00:00+09:00,210.49000429224085,210.49000429224085,209.52000427246094,209.52000427246094,4500,0.0,0.0
2020-07-28 00:00:00+09:00,208.5500030517578,210.49000308014627,208.5500030517578,208.5500030517578,5500,0.0,0.0
2020-07-29 00:00:00+09:00,211.46000062467905,211.46000062467905,205.64000060748606,206.61000061035156,6900,0.0,0.0
2020-07-30 00:00:00+09:00,205.64000631192835,205.64000631192835,198.85000610351562,198.85000610351562,9200,0.0,0.0
2020-07-31 00:00:00+09:00,197.88001200874444,197.88001200874444,189.1500114789469,191.0900115966797,17400,0.0,0.0
2020-08-03 00:00:00+09:00,188.18001255844578,193.03001288211706,186.24001242897725,192.0600128173828,11500,0.0,0.0
2020-08-04 00:00:00+09:00,192.0600128173828,192.0600128173828,191.09001275264856,192.0600128173828,7900,0.0,0.0
2020-08-05 00:00:00+09:00,194.00001177327889,194.00001177327889,190.1200115378133,191.0900115966797,7600,0.0,0.0
2020-08-06 00:00:00+09:00,193.03001053479252,193.03001053479252,189.1500103230379,190.12001037597656,9100,0.0,0.0
2020-08-07 00:00:00+09:00,189.1500103230379,190.12001037597656,188.18001027009925,190.12001037597656,11100,0.0,0.0
2020-08-11 00:00:00+09:00,192.06001048185385,194.97001064066984,190.12001037597656,190.12001037597656,32100,0.0,0.0
2020-08-12 00:00:00+09:00,191.0900104289152,191.0900104289152,188.18001027009925,190.12001037597656,24700,0.0,0.0
2020-08-13 00:00:00+09:00,191.09001275264856,194.0000129468513,189.15001262318003,192.0600128173828,22000,0.0,0.0
2020-08-14 00:00:00+09:00,192.06000120248368,194.97000122070312,192.06000120248368,194.97000122070312,18100,0.0,0.0
2020-08-17 00:00:00+09:00,194.970008297243,208.55000887516042,194.00000825596317,200.79000854492188,49900,0.0,0.0
2020-08-18 00:00:00+09:00,194.0,196.91,193.03,194.0,47000,0.0,0.0
2020-08-19 00:00:00+09:00,213.0,222.0,210.0,214.0,334100,6.0,0.0
2020-08-20 00:00:00+09:00,216.0,216.0,202.0,207.0,68900,0.0,0.0
2020-08-21 00:00:00+09:00,207.0,207.0,203.0,205.0,19200,0.0,0.0
2020-08-24 00:00:00+09:00,205.0,209.0,203.0,209.0,21000,0.0,0.0
2020-08-25 00:00:00+09:00,209.0,211.0,205.0,206.0,22800,0.0,0.0
2020-08-26 00:00:00+09:00,206.0,206.0,204.0,204.0,9800,0.0,0.0
2020-08-27 00:00:00+09:00,204.0,206.0,202.0,205.0,15000,0.0,0.0
2020-08-28 00:00:00+09:00,206.0,206.0,198.0,199.0,28700,0.0,0.0
2020-08-31 00:00:00+09:00,199.0,204.0,199.0,202.0,10800,0.0,0.0
2020-09-01 00:00:00+09:00,205.0,205.0,202.0,204.0,4700,0.0,0.0
2020-09-02 00:00:00+09:00,204.0,204.0,201.0,201.0,12000,0.0,0.0
2020-09-03 00:00:00+09:00,201.0,204.0,200.0,201.0,11300,0.0,0.0
2020-09-04 00:00:00+09:00,201.0,204.0,200.0,201.0,10200,0.0,0.0
2020-09-07 00:00:00+09:00,203.0,203.0,200.0,201.0,10000,0.0,0.0
2020-09-08 00:00:00+09:00,202.0,202.0,200.0,200.0,14600,0.0,0.0
2020-09-09 00:00:00+09:00,200.0,202.0,199.0,200.0,9700,0.0,0.0
2020-09-10 00:00:00+09:00,203.0,203.0,201.0,201.0,10500,0.0,0.0
2020-09-11 00:00:00+09:00,200.0,203.0,200.0,202.0,21800,0.0,0.0
2020-09-14 00:00:00+09:00,201.0,204.0,201.0,203.0,11600,0.0,0.0
2020-09-15 00:00:00+09:00,204.0,204.0,203.0,203.0,9000,0.0,0.0
2020-09-16 00:00:00+09:00,203.0,205.0,202.0,203.0,21000,0.0,0.0
2020-09-17 00:00:00+09:00,204.0,205.0,202.0,203.0,4900,0.0,0.0
2020-09-18 00:00:00+09:00,203.0,204.0,202.0,202.0,9800,0.0,0.0
2020-09-23 00:00:00+09:00,202.0,203.0,197.0,197.0,79900,0.0,0.0
2020-09-24 00:00:00+09:00,197.0,199.0,196.0,197.0,6700,0.0,0.0
2020-09-25 00:00:00+09:00,199.0,199.0,195.0,197.0,14700,0.0,0.0
2020-09-28 00:00:00+09:00,200.0,200.0,194.0,195.0,23200,0.0,0.0
2020-09-29 00:00:00+09:00,197.0,200.0,197.0,200.0,40700,0.0,0.0
2020-09-30 00:00:00+09:00,195.0,200.0,195.0,198.0,29900,0.0,0.0
2020-10-02 00:00:00+09:00,198.0,200.0,194.0,196.0,25000,0.0,0.0
2020-10-05 00:00:00+09:00,198.0,198.0,195.0,196.0,14500,0.0,0.0
2020-10-06 00:00:00+09:00,196.0,198.0,194.0,196.0,21800,0.0,0.0
2020-10-07 00:00:00+09:00,195.0,199.0,194.0,195.0,24800,0.0,0.0
2020-10-08 00:00:00+09:00,197.0,197.0,195.0,195.0,11000,0.0,0.0
2020-10-09 00:00:00+09:00,195.0,196.0,193.0,194.0,17400,0.0,0.0
2020-10-12 00:00:00+09:00,193.0,195.0,193.0,193.0,16200,0.0,0.0
2020-10-13 00:00:00+09:00,193.0,195.0,193.0,193.0,17400,0.0,0.0
2020-10-14 00:00:00+09:00,193.0,194.0,190.0,190.0,20300,0.0,0.0
2020-10-15 00:00:00+09:00,190.0,191.0,189.0,189.0,20600,0.0,0.0
2020-10-16 00:00:00+09:00,188.0,190.0,187.0,187.0,16300,0.0,0.0
2020-10-19 00:00:00+09:00,185.0,186.0,182.0,184.0,23800,0.0,0.0
2020-10-20 00:00:00+09:00,182.0,185.0,182.0,182.0,16500,0.0,0.0
2020-10-21 00:00:00+09:00,183.0,184.0,181.0,183.0,17000,0.0,0.0
2020-10-22 00:00:00+09:00,181.0,183.0,180.0,181.0,24000,0.0,0.0
2020-10-23 00:00:00+09:00,181.0,182.0,180.0,180.0,20100,0.0,0.0
2020-10-26 00:00:00+09:00,180.0,181.0,179.0,179.0,15500,0.0,0.0
2020-10-27 00:00:00+09:00,178.0,178.0,175.0,177.0,24100,0.0,0.0
2020-10-28 00:00:00+09:00,176.0,178.0,175.0,175.0,13000,0.0,0.0
2020-10-29 00:00:00+09:00,174.0,176.0,170.0,171.0,44800,0.0,0.0
2020-10-30 00:00:00+09:00,171.0,175.0,170.0,173.0,22900,0.0,0.0
2020-11-02 00:00:00+09:00,173.0,174.0,168.0,169.0,30500,0.0,0.0
2020-11-04 00:00:00+09:00,172.0,172.0,170.0,172.0,15600,0.0,0.0
2020-11-05 00:00:00+09:00,173.0,176.0,169.0,170.0,24900,0.0,0.0
2020-11-06 00:00:00+09:00,172.0,174.0,171.0,174.0,21900,0.0,0.0
2020-11-09 00:00:00+09:00,173.0,174.0,171.0,171.0,19300,0.0,0.0
2020-11-10 00:00:00+09:00,175.0,179.0,172.0,175.0,48900,0.0,0.0
2020-11-11 00:00:00+09:00,175.0,177.0,173.0,175.0,15900,0.0,0.0
2020-11-12 00:00:00+09:00,176.0,180.0,175.0,175.0,15400,0.0,0.0
2020-11-13 00:00:00+09:00,175.0,178.0,175.0,175.0,16900,0.0,0.0
2020-11-16 00:00:00+09:00,176.0,179.0,176.0,177.0,10000,0.0,0.0
2020-11-17 00:00:00+09:00,177.0,179.0,177.0,177.0,7500,0.0,0.0
2020-11-18 00:00:00+09:00,178.0,179.0,174.0,174.0,15000,0.0,0.0
2020-11-19 00:00:00+09:00,174.0,177.0,172.0,174.0,15900,0.0,0.0
2020-11-20 00:00:00+09:00,172.0,176.0,171.0,176.0,11000,0.0,0.0
2020-11-24 00:00:00+09:00,175.0,177.0,175.0,175.0,48200,0.0,0.0
2020-11-25 00:00:00+09:00,175.0,177.0,174.0,176.0,33400,0.0,0.0
2020-11-26 00:00:00+09:00,177.0,178.0,175.0,178.0,26300,0.0,0.0
2020-11-27 00:00:00+09:00,175.0,179.0,175.0,178.0,41300,0.0,0.0
2020-11-30 00:00:00+09:00,179.0,179.0,175.0,176.0,16000,0.0,0.0
2020-12-01 00:00:00+09:00,175.0,176.0,175.0,176.0,7800,0.0,0.0
2020-12-02 00:00:00+09:00,175.0,176.0,175.0,175.0,10400,0.0,0.0
2020-12-03 00:00:00+09:00,178.0,178.0,175.0,175.0,10600,0.0,0.0
2020-12-04 00:00:00+09:00,176.0,179.0,176.0,178.0,15700,0.0,0.0
2020-12-07 00:00:00+09:00,177.0,178.0,175.0,177.0,24000,0.0,0.0
2020-12-08 00:00:00+09:00,175.0,178.0,175.0,176.0,11900,0.0,0.0
2020-12-09 00:00:00+09:00,176.0,177.0,175.0,175.0,29800,0.0,0.0
2020-12-10 00:00:00+09:00,178.0,178.0,175.0,176.0,11800,0.0,0.0
2020-12-11 00:00:00+09:00,177.0,177.0,176.0,177.0,10600,0.0,0.0
2020-12-14 00:00:00+09:00,177.0,179.0,176.0,178.0,37700,0.0,0.0
2020-12-15 00:00:00+09:00,178.0,180.0,177.0,179.0,19200,0.0,0.0
2020-12-16 00:00:00+09:00,179.0,186.0,179.0,183.0,56900,0.0,0.0
2020-12-17 00:00:00+09:00,185.0,185.0,182.0,183.0,12800,0.0,0.0
2020-12-18 00:00:00+09:00,184.0,184.0,180.0,183.0,19400,0.0,0.0
2020-12-21 00:00:00+09:00,183.0,183.0,178.0,178.0,28200,0.0,0.0
2020-12-22 00:00:00+09:00,180.0,180.0,177.0,177.0,26300,0.0,0.0
2020-12-23 00:00:00+09:00,177.0,178.0,176.0,176.0,28300,0.0,0.0
2020-12-24 00:00:00+09:00,175.0,178.0,173.0,176.0,65200,0.0,0.0
2020-12-25 00:00:00+09:00,175.0,177.0,175.0,177.0,33600,0.0,0.0
2020-12-28 00:00:00+09:00,175.0,179.0,173.0,174.0,104300,0.0,0.0
2020-12-29 00:00:00+09:00,179.0,183.0,170.0,179.0,161100,0.0,0.0
2020-12-30 00:00:00+09:00,183.0,187.0,177.0,181.0,89900,0.0,0.0
2021-01-04 00:00:00+09:00,188.0,189.0,181.0,186.0,42300,0.0,0.0
2021-01-05 00:00:00+09:00,187.0,188.0,183.0,188.0,26100,0.0,0.0
2021-01-06 00:00:00+09:00,188.0,191.0,184.0,188.0,54500,0.0,0.0
2021-01-07 00:00:00+09:00,188.0,189.0,183.0,188.0,28900,0.0,0.0
2021-01-08 00:00:00+09:00,187.0,191.0,185.0,191.0,36300,0.0,0.0
2021-01-12 00:00:00+09:00,196.0,225.0,178.0,179.0,1284800,0.0,0.0
2021-01-13 00:00:00+09:00,179.0,183.0,178.0,182.0,109300,0.0,0.0
2021-01-14 00:00:00+09:00,183.0,183.0,179.0,180.0,61000,0.0,0.0
2021-01-15 00:00:00+09:00,180.0,182.0,179.0,181.0,50100,0.0,0.0
2021-01-18 00:00:00+09:00,183.0,183.0,180.0,181.0,37300,0.0,0.0
2021-01-19 00:00:00+09:00,182.0,183.0,180.0,183.0,39900,0.0,0.0
2021-01-20 00:00:00+09:00,184.0,186.0,183.0,185.0,72700,0.0,0.0
2021-01-21 00:00:00+09:00,186.0,188.0,185.0,185.0,59100,0.0,0.0
2021-01-22 00:00:00+09:00,186.0,188.0,184.0,185.0,63900,0.0,0.0
2021-01-25 00:00:00+09:00,187.0,189.0,186.0,189.0,48500,0.0,0.0
2021-01-26 00:00:00+09:00,189.0,191.0,188.0,189.0,54000,0.0,0.0
2021-01-27 00:00:00+09:00,190.0,195.0,190.0,195.0,69600,0.0,0.0
2021-01-28 00:00:00+09:00,194.0,199.0,192.0,199.0,79300,0.0,0.0
2021-01-29 00:00:00+09:00,200.0,201.0,193.0,197.0,126200,0.0,0.0
2021-02-01 00:00:00+09:00,200.0,200.0,195.0,198.0,70100,0.0,0.0
2021-02-02 00:00:00+09:00,198.0,198.0,194.0,197.0,85700,0.0,0.0
2021-02-03 00:00:00+09:00,197.0,197.0,192.0,194.0,81500,0.0,0.0
2021-02-04 00:00:00+09:00,195.0,196.0,193.0,195.0,43000,0.0,0.0
2021-02-05 00:00:00+09:00,194.0,196.0,193.0,195.0,56700,0.0,0.0
2021-02-08 00:00:00+09:00,196.0,197.0,195.0,197.0,88900,0.0,0.0
2021-02-09 00:00:00+09:00,198.0,198.0,196.0,198.0,57500,0.0,0.0
2021-02-10 00:00:00+09:00,199.0,199.0,197.0,199.0,63400,0.0,0.0
2021-02-12 00:00:00+09:00,200.0,200.0,196.0,198.0,105900,0.0,0.0
2021-02-15 00:00:00+09:00,197.0,198.0,192.0,193.0,204600,0.0,0.0
2021-02-16 00:00:00+09:00,192.0,193.0,185.0,185.0,250500,0.0,0.0
2021-02-17 00:00:00+09:00,186.0,193.0,185.0,193.0,165300,0.0,0.0
2021-02-18 00:00:00+09:00,177.0,184.0,176.0,178.0,1250200,0.0,0.0
2021-02-19 00:00:00+09:00,176.0,180.0,173.0,174.0,223300,0.0,0.0
2021-02-22 00:00:00+09:00,173.0,175.0,172.0,173.0,152000,0.0,0.0
2021-02-24 00:00:00+09:00,172.0,176.0,172.0,174.0,269400,0.0,0.0
2021-02-25 00:00:00+09:00,173.0,175.0,173.0,173.0,112600,0.0,0.0
2021-02-26 00:00:00+09:00,172.0,173.0,168.0,168.0,185100,0.0,0.0
2021-03-01 00:00:00+09:00,169.0,170.0,168.0,169.0,68800,0.0,0.0
2021-03-02 00:00:00+09:00,169.0,170.0,167.0,167.0,76900,0.0,0.0
2021-03-03 00:00:00+09:00,167.0,170.0,167.0,169.0,48000,0.0,0.0
2021-03-04 00:00:00+09:00,168.0,168.0,163.0,165.0,99300,0.0,0.0
2021-03-05 00:00:00+09:00,165.0,167.0,163.0,166.0,52900,0.0,0.0
2021-03-08 00:00:00+09:00,166.0,168.0,165.0,165.0,70400,0.0,0.0
2021-03-09 00:00:00+09:00,166.0,168.0,165.0,166.0,85300,0.0,0.0
2021-03-10 00:00:00+09:00,168.0,170.0,166.0,170.0,42600,0.0,0.0
2021-03-11 00:00:00+09:00,170.0,171.0,168.0,168.0,48500,0.0,0.0
2021-03-12 00:00:00+09:00,169.0,170.0,168.0,168.0,32000,0.0,0.0
2021-03-15 00:00:00+09:00,168.0,172.0,168.0,172.0,58200,0.0,0.0
2021-03-16 00:00:00+09:00,172.0,173.0,170.0,172.0,59800,0.0,0.0
2021-03-17 00:00:00+09:00,173.0,173.0,171.0,173.0,57300,0.0,0.0
2021-03-18 00:00:00+09:00,173.0,176.0,172.0,173.0,80000,0.0,0.0
2021-03-19 00:00:00+09:00,175.0,176.0,173.0,174.0,71200,0.0,0.0
2021-03-22 00:00:00+09:00,175.0,177.0,174.0,177.0,89500,0.0,0.0
2021-03-23 00:00:00+09:00,176.0,176.0,173.0,173.0,64800,0.0,0.0
2021-03-24 00:00:00+09:00,173.0,173.0,170.0,170.0,34700,0.0,0.0
2021-03-25 00:00:00+09:00,172.0,172.0,170.0,172.0,25600,0.0,0.0
2021-03-26 00:00:00+09:00,172.0,173.0,172.0,173.0,37300,0.0,0.0
2021-03-29 00:00:00+09:00,173.0,174.0,172.0,174.0,102800,0.0,0.0
2021-03-30 00:00:00+09:00,173.0,176.0,171.0,175.0,91500,0.0,0.0
2021-03-31 00:00:00+09:00,174.0,175.0,173.0,175.0,77400,0.0,0.0
2021-04-01 00:00:00+09:00,174.0,175.0,171.0,175.0,108700,0.0,0.0
2021-04-02 00:00:00+09:00,173.0,177.0,173.0,174.0,75300,0.0,0.0
2021-04-05 00:00:00+09:00,176.0,176.0,172.0,175.0,24800,0.0,0.0
2021-04-06 00:00:00+09:00,175.0,176.0,173.0,173.0,30600,0.0,0.0
2021-04-07 00:00:00+09:00,173.0,177.0,173.0,177.0,68300,0.0,0.0
2021-04-08 00:00:00+09:00,176.0,177.0,173.0,173.0,33700,0.0,0.0
2021-04-09 00:00:00+09:00,173.0,174.0,172.0,174.0,42900,0.0,0.0
2021-04-12 00:00:00+09:00,174.0,174.0,173.0,174.0,13200,0.0,0.0
2021-04-13 00:00:00+09:00,174.0,176.0,173.0,176.0,41800,0.0,0.0
2021-04-14 00:00:00+09:00,175.0,177.0,175.0,176.0,33500,0.0,0.0
2021-04-15 00:00:00+09:00,175.0,176.0,174.0,175.0,20400,0.0,0.0
2021-04-16 00:00:00+09:00,174.0,175.0,173.0,174.0,33300,0.0,0.0
2021-04-19 00:00:00+09:00,174.0,174.0,172.0,174.0,21500,0.0,0.0
2021-04-20 00:00:00+09:00,172.0,172.0,170.0,172.0,49600,0.0,0.0
2021-04-21 00:00:00+09:00,170.0,171.0,168.0,171.0,43200,0.0,0.0
2021-04-22 00:00:00+09:00,170.0,171.0,169.0,171.0,19300,0.0,0.0
2021-04-23 00:00:00+09:00,171.0,171.0,168.0,169.0,27700,0.0,0.0
2021-04-26 00:00:00+09:00,169.0,169.0,165.0,166.0,106300,0.0,0.0
2021-04-27 00:00:00+09:00,174.0,174.0,170.0,171.0,209900,0.0,0.0
2021-04-28 00:00:00+09:00,170.0,171.0,169.0,171.0,39600,0.0,0.0
2021-04-30 00:00:00+09:00,171.0,171.0,169.0,170.0,28600,0.0,0.0
2021-05-06 00:00:00+09:00,171.0,174.0,170.0,173.0,49800,0.0,0.0
2021-05-07 00:00:00+09:00,172.0,173.0,170.0,172.0,30500,0.0,0.0
2021-05-10 00:00:00+09:00,173.0,173.0,172.0,172.0,17500,0.0,0.0
2021-05-11 00:00:00+09:00,171.0,173.0,170.0,170.0,71200,0.0,0.0
2021-05-12 00:00:00+09:00,170.0,172.0,170.0,171.0,22600,0.0,0.0
2021-05-13 00:00:00+09:00,169.0,170.0,168.0,170.0,32000,0.0,0.0
2021-05-14 00:00:00+09:00,169.0,170.0,168.0,170.0,44400,0.0,0.0
2021-05-17 00:00:00+09:00,170.0,170.0,168.0,170.0,19800,0.0,0.0
2021-05-18 00:00:00+09:00,168.0,170.0,168.0,170.0,6000,0.0,0.0
2021-05-19 00:00:00+09:00,169.0,170.0,167.0,170.0,50200,0.0,0.0
2021-05-20 00:00:00+09:00,168.0,170.0,168.0,169.0,31200,0.0,0.0
2021-05-21 00:00:00+09:00,168.0,170.0,167.0,169.0,14000,0.0,0.0
2021-05-24 00:00:00+09:00,169.0,170.0,168.0,168.0,11000,0.0,0.0
2021-05-25 00:00:00+09:00,170.0,170.0,169.0,169.0,17800,0.0,0.0
2021-05-26 00:00:00+09:00,170.0,174.0,169.0,174.0,109000,0.0,0.0
2021-05-27 00:00:00+09:00,173.0,174.0,168.0,168.0,108900,0.0,0.0
2021-05-28 00:00:00+09:00,169.0,176.0,168.0,173.0,828900,0.0,0.0
2021-05-31 00:00:00+09:00,172.0,173.0,169.0,170.0,69700,0.0,0.0
2021-06-01 00:00:00+09:00,170.0,172.0,169.0,170.0,28800,0.0,0.0
2021-06-02 00:00:00+09:00,171.0,171.0,170.0,170.0,32400,0.0,0.0
2021-06-03 00:00:00+09:00,171.0,174.0,171.0,173.0,82900,0.0,0.0
2021-06-04 00:00:00+09:00,174.0,175.0,172.0,172.0,89300,0.0,0.0
2021-06-07 00:00:00+09:00,173.0,175.0,172.0,174.0,34900,0.0,0.0
2021-06-08 00:00:00+09:00,174.0,175.0,173.0,175.0,42600,0.0,0.0
2021-06-09 00:00:00+09:00,175.0,186.0,174.0,186.0,390800,0.0,0.0
2021-06-10 00:00:00+09:00,184.0,222.0,183.0,204.0,8932600,0.0,0.0
2021-06-11 00:00:00+09:00,228.0,240.0,205.0,217.0,4634900,0.0,0.0
2021-06-14 00:00:00+09:00,205.0,214.0,200.0,202.0,860100,0.0,0.0
2021-06-15 00:00:00+09:00,205.0,210.0,203.0,204.0,370100,0.0,0.0
2021-06-16 00:00:00+09:00,200.0,221.0,194.0,206.0,857600,0.0,0.0
2021-06-17 00:00:00+09:00,203.0,211.0,200.0,209.0,117000,0.0,0.0
2021-06-18 00:00:00+09:00,207.0,210.0,203.0,204.0,106300,0.0,0.0
2021-06-21 00:00:00+09:00,199.0,204.0,199.0,200.0,91000,0.0,0.0
2021-06-22 00:00:00+09:00,201.0,205.0,199.0,203.0,40600,0.0,0.0
2021-06-23 00:00:00+09:00,204.0,205.0,201.0,204.0,21600,0.0,0.0
2021-06-24 00:00:00+09:00,200.0,205.0,200.0,205.0,39300,0.0,0.0
2021-06-25 00:00:00+09:00,205.0,219.0,204.0,214.0,226700,0.0,0.0
2021-06-28 00:00:00+09:00,192.0,197.0,191.0,192.0,345600,0.0,0.0
2021-06-29 00:00:00+09:00,191.0,192.0,191.0,191.0,68100,0.0,0.0
2021-06-30 00:00:00+09:00,191.0,192.0,187.0,187.0,114400,0.0,0.0
2021-07-01 00:00:00+09:00,190.0,190.0,185.0,187.0,60300,0.0,0.0
2021-07-02 00:00:00+09:00,186.0,187.0,184.0,186.0,48200,0.0,0.0
2021-07-05 00:00:00+09:00,185.0,186.0,184.0,184.0,34900,0.0,0.0
2021-07-06 00:00:00+09:00,185.0,185.0,183.0,184.0,18900,0.0,0.0
2021-07-07 00:00:00+09:00,182.0,184.0,181.0,182.0,25300,0.0,0.0
2021-07-08 00:00:00+09:00,182.0,184.0,181.0,181.0,17500,0.0,0.0
2021-07-09 00:00:00+09:00,181.0,181.0,180.0,180.0,14600,0.0,0.0
2021-07-12 00:00:00+09:00,183.0,183.0,181.0,182.0,15200,0.0,0.0
2021-07-13 00:00:00+09:00,181.0,182.0,180.0,180.0,17600,0.0,0.0
2021-07-14 00:00:00+09:00,181.0,189.0,180.0,180.0,122900,0.0,0.0
2021-07-15 00:00:00+09:00,181.0,182.0,180.0,180.0,35600,0.0,0.0
2021-07-16 00:00:00+09:00,182.0,185.0,180.0,183.0,26500,0.0,0.0
2021-07-19 00:00:00+09:00,185.0,185.0,181.0,184.0,17300,0.0,0.0
2021-07-20 00:00:00+09:00,181.0,187.0,181.0,187.0,25300,0.0,0.0
2021-07-21 00:00:00+09:00,188.0,188.0,184.0,187.0,15100,0.0,0.0
2021-07-26 00:00:00+09:00,186.0,186.0,181.0,181.0,48200,0.0,0.0
2021-07-27 00:00:00+09:00,183.0,183.0,181.0,183.0,24100,0.0,0.0
2021-07-28 00:00:00+09:00,183.0,183.0,181.0,182.0,6000,0.0,0.0
2021-07-29 00:00:00+09:00,183.0,183.0,181.0,183.0,9100,0.0,0.0
2021-07-30 00:00:00+09:00,183.0,185.0,181.0,184.0,25500,0.0,0.0
2021-08-02 00:00:00+09:00,234.0,234.0,210.0,234.0,16978300,0.0,0.0
2021-08-03 00:00:00+09:00,241.0,304.0,224.0,268.0,37965700,0.0,0.0
2021-08-04 00:00:00+09:00,276.0,317.0,239.0,255.0,27951400,0.0,0.0
2021-08-05 00:00:00+09:00,256.0,273.0,235.0,248.0,4877700,0.0,0.0
2021-08-06 00:00:00+09:00,233.0,245.0,223.0,245.0,2270100,0.0,0.0
2021-08-10 00:00:00+09:00,234.0,238.0,223.0,228.0,1438500,0.0,0.0
2021-08-11 00:00:00+09:00,228.0,228.0,217.0,225.0,1041600,0.0,0.0
2021-08-12 00:00:00+09:00,223.0,234.0,220.0,231.0,944300,0.0,0.0
2021-08-13 00:00:00+09:00,228.0,234.0,225.0,232.0,690300,0.0,0.0
2021-08-16 00:00:00+09:00,229.0,232.0,218.0,220.0,752800,0.0,0.0
2021-08-17 00:00:00+09:00,224.0,239.0,221.0,237.0,969600,0.0,0.0
2021-08-18 00:00:00+09:00,240.0,257.0,217.0,218.0,2591100,0.0,0.0
2021-08-19 00:00:00+09:00,215.0,215.0,200.0,206.0,1329600,0.0,0.0
2021-08-20 00:00:00+09:00,204.0,206.0,197.0,197.0,413600,0.0,0.0
2021-08-23 00:00:00+09:00,200.0,204.0,195.0,200.0,300900,0.0,0.0
2021-08-24 00:00:00+09:00,200.0,204.0,196.0,197.0,212800,0.0,0.0
2021-08-25 00:00:00+09:00,197.0,198.0,191.0,192.0,333400,0.0,0.0
2021-08-26 00:00:00+09:00,194.0,203.0,193.0,198.0,265000,0.0,0.0
2021-08-27 00:00:00+09:00,193.0,195.0,188.0,191.0,388900,0.0,0.0
2021-08-30 00:00:00+09:00,192.0,201.0,192.0,199.0,251300,0.0,0.0
2021-08-31 00:00:00+09:00,197.0,200.0,196.0,199.0,106300,0.0,0.0
2021-09-01 00:00:00+09:00,199.0,215.0,198.0,205.0,676900,0.0,0.0
2021-09-02 00:00:00+09:00,201.0,203.0,194.0,198.0,325900,0.0,0.0
2021-09-03 00:00:00+09:00,201.0,203.0,196.0,200.0,163700,0.0,0.0
2021-09-06 00:00:00+09:00,198.0,199.0,193.0,196.0,183900,0.0,0.0
2021-09-07 00:00:00+09:00,196.0,200.0,193.0,195.0,206700,0.0,0.0
2021-09-08 00:00:00+09:00,195.0,196.0,189.0,192.0,479600,0.0,0.0
2021-09-09 00:00:00+09:00,191.0,192.0,188.0,192.0,178800,0.0,0.0
2021-09-10 00:00:00+09:00,192.0,196.0,191.0,195.0,77900,0.0,0.0
2021-09-13 00:00:00+09:00,192.0,197.0,190.0,197.0,141600,0.0,0.0
2021-09-14 00:00:00+09:00,195.0,196.0,193.0,193.0,97300,0.0,0.0
2021-09-15 00:00:00+09:00,193.0,193.0,189.0,189.0,186400,0.0,0.0
2021-09-16 00:00:00+09:00,190.0,190.0,185.0,186.0,171800,0.0,0.0
2021-09-17 00:00:00+09:00,186.0,188.0,185.0,186.0,102200,0.0,0.0
2021-09-21 00:00:00+09:00,186.0,190.0,180.0,185.0,288400,0.0,0.0
2021-09-22 00:00:00+09:00,185.0,185.0,182.0,183.0,124700,0.0,0.0
2021-09-24 00:00:00+09:00,185.0,192.0,185.0,192.0,263500,0.0,0.0
2021-09-27 00:00:00+09:00,191.0,198.0,191.0,196.0,287300,0.0,0.0
2021-09-28 00:00:00+09:00,194.0,194.0,183.0,184.0,421600,0.0,0.0
2021-09-29 00:00:00+09:00,184.0,191.0,183.0,191.0,162500,0.0,0.0
2021-09-30 00:00:00+09:00,188.0,194.0,186.0,192.0,153000,0.0,0.0
2021-10-01 00:00:00+09:00,187.0,191.0,183.0,183.0,354600,0.0,0.0
2021-10-04 00:00:00+09:00,186.0,190.0,180.0,182.0,413300,0.0,0.0
2021-10-05 00:00:00+09:00,178.0,183.0,173.0,182.0,343600,0.0,0.0
2021-10-06 00:00:00+09:00,182.0,183.0,175.0,177.0,229100,0.0,0.0
2021-10-07 00:00:00+09:00,179.0,181.0,170.0,171.0,270200,0.0,0.0
2021-10-08 00:00:00+09:00,173.0,178.0,172.0,175.0,134900,0.0,0.0
2021-10-11 00:00:00+09:00,174.0,178.0,173.0,174.0,162300,0.0,0.0
2021-10-12 00:00:00+09:00,175.0,175.0,169.0,169.0,123400,0.0,0.0
2021-10-13 00:00:00+09:00,168.0,171.0,162.0,164.0,445000,0.0,0.0
2021-10-14 00:00:00+09:00,164.0,167.0,163.0,163.0,193600,0.0,0.0
2021-10-15 00:00:00+09:00,167.0,169.0,159.0,167.0,306900,0.0,0.0
2021-10-18 00:00:00+09:00,167.0,170.0,165.0,168.0,140100,0.0,0.0
2021-10-19 00:00:00+09:00,167.0,168.0,164.0,166.0,130800,0.0,0.0
2021-10-20 00:00:00+09:00,166.0,167.0,164.0,166.0,79200,0.0,0.0
2021-10-21 00:00:00+09:00,165.0,165.0,160.0,161.0,265900,0.0,0.0
2021-10-22 00:00:00+09:00,161.0,163.0,159.0,162.0,150500,0.0,0.0
2021-10-25 00:00:00+09:00,160.0,162.0,159.0,161.0,109800,0.0,0.0
2021-10-26 00:00:00+09:00,161.0,164.0,160.0,163.0,113200,0.0,0.0
2021-10-27 00:00:00+09:00,164.0,164.0,161.0,162.0,39200,0.0,0.0
2021-10-28 00:00:00+09:00,162.0,163.0,160.0,163.0,63900,0.0,0.0
2021-10-29 00:00:00+09:00,162.0,162.0,159.0,159.0,79200,0.0,0.0
2021-11-01 00:00:00+09:00,161.0,164.0,160.0,163.0,93600,0.0,0.0
2021-11-02 00:00:00+09:00,163.0,167.0,163.0,165.0,74900,0.0,0.0
2021-11-04 00:00:00+09:00,165.0,171.0,165.0,168.0,80700,0.0,0.0
2021-11-05 00:00:00+09:00,170.0,175.0,168.0,171.0,136400,0.0,0.0
2021-11-08 00:00:00+09:00,174.0,175.0,168.0,172.0,181100,0.0,0.0
2021-11-09 00:00:00+09:00,172.0,177.0,169.0,169.0,208900,0.0,0.0
2021-11-10 00:00:00+09:00,169.0,174.0,168.0,174.0,89400,0.0,0.0
2021-11-11 00:00:00+09:00,173.0,173.0,167.0,167.0,65600,0.0,0.0
2021-11-12 00:00:00+09:00,167.0,168.0,165.0,167.0,53700,0.0,0.0
2021-11-15 00:00:00+09:00,168.0,168.0,164.0,164.0,75400,0.0,0.0
2021-11-16 00:00:00+09:00,166.0,168.0,165.0,168.0,65700,0.0,0.0
2021-11-17 00:00:00+09:00,168.0,168.0,165.0,165.0,31100,0.0,0.0
2021-11-18 00:00:00+09:00,165.0,165.0,162.0,162.0,65200,0.0,0.0
2021-11-19 00:00:00+09:00,162.0,164.0,161.0,161.0,39100,0.0,0.0
2021-11-22 00:00:00+09:00,161.0,162.0,160.0,160.0,61500,0.0,0.0
2021-11-24 00:00:00+09:00,160.0,166.0,160.0,164.0,87800,0.0,0.0
2021-11-25 00:00:00+09:00,161.0,168.0,161.0,167.0,83800,0.0,0.0
2021-11-26 00:00:00+09:00,165.0,166.0,160.0,161.0,74200,0.0,0.0
2021-11-29 00:00:00+09:00,160.0,160.0,148.0,149.0,389800,0.0,0.0
2021-11-30 00:00:00+09:00,150.0,154.0,140.0,145.0,238400,0.0,0.0
2021-12-01 00:00:00+09:00,145.0,147.0,138.0,147.0,177500,0.0,0.0
2021-12-02 00:00:00+09:00,145.0,145.0,139.0,141.0,86900,0.0,0.0
2021-12-03 00:00:00+09:00,141.0,146.0,140.0,146.0,115800,0.0,0.0
2021-12-06 00:00:00+09:00,145.0,149.0,142.0,148.0,102200,0.0,0.0
2021-12-07 00:00:00+09:00,149.0,152.0,146.0,152.0,122400,0.0,0.0
2021-12-08 00:00:00+09:00,154.0,173.0,152.0,172.0,836000,0.0,0.0
2021-12-09 00:00:00+09:00,170.0,222.0,163.0,222.0,6101800,0.0,0.0
2021-12-10 00:00:00+09:00,238.0,276.0,199.0,207.0,19046600,0.0,0.0
2021-12-13 00:00:00+09:00,211.0,224.0,167.0,170.0,5490800,0.0,0.0
2021-12-14 00:00:00+09:00,173.0,177.0,163.0,163.0,1097300,0.0,0.0
2021-12-15 00:00:00+09:00,178.0,192.0,169.0,174.0,3300700,0.0,0.0
2021-12-16 00:00:00+09:00,179.0,183.0,173.0,176.0,635300,0.0,0.0
2021-12-17 00:00:00+09:00,186.0,189.0,177.0,178.0,793900,0.0,0.0
2021-12-20 00:00:00+09:00,173.0,175.0,162.0,163.0,961800,0.0,0.0
2021-12-21 00:00:00+09:00,163.0,164.0,158.0,158.0,668500,0.0,0.0
2021-12-22 00:00:00+09:00,158.0,166.0,157.0,162.0,307000,0.0,0.0
2021-12-23 00:00:00+09:00,160.0,163.0,159.0,159.0,188000,0.0,0.0
2021-12-24 00:00:00+09:00,158.0,162.0,153.0,157.0,348900,0.0,0.0
2021-12-27 00:00:00+09:00,157.0,160.0,153.0,153.0,345200,0.0,0.0
2021-12-28 00:00:00+09:00,154.0,159.0,153.0,155.0,334900,0.0,0.0
2021-12-29 00:00:00+09:00,145.0,154.0,144.0,149.0,387700,0.0,0.0
2021-12-30 00:00:00+09:00,152.0,152.0,143.0,148.0,349500,0.0,0.0
2022-01-04 00:00:00+09:00,151.0,151.0,145.0,145.0,199400,0.0,0.0
2022-01-05 00:00:00+09:00,147.0,147.0,144.0,144.0,228800,0.0,0.0
2022-01-06 00:00:00+09:00,144.0,145.0,140.0,141.0,238900,0.0,0.0
2022-01-07 00:00:00+09:00,142.0,144.0,138.0,139.0,282400,0.0,0.0
2022-01-11 00:00:00+09:00,140.0,141.0,135.0,140.0,336100,0.0,0.0
2022-01-12 00:00:00+09:00,141.0,144.0,141.0,141.0,150900,0.0,0.0
2022-01-13 00:00:00+09:00,141.0,142.0,140.0,141.0,73200,0.0,0.0
2022-01-14 00:00:00+09:00,145.0,145.0,136.0,138.0,238500,0.0,0.0
2022-01-17 00:00:00+09:00,139.0,140.0,135.0,135.0,188700,0.0,0.0
2022-01-18 00:00:00+09:00,139.0,139.0,134.0,137.0,148500,0.0,0.0
2022-01-19 00:00:00+09:00,137.0,137.0,133.0,135.0,181200,0.0,0.0
2022-01-20 00:00:00+09:00,133.0,136.0,132.0,135.0,141500,0.0,0.0
2022-01-21 00:00:00+09:00,133.0,133.0,129.0,132.0,241200,0.0,0.0
2022-01-24 00:00:00+09:00,132.0,135.0,130.0,135.0,72100,0.0,0.0
2022-01-25 00:00:00+09:00,135.0,135.0,130.0,131.0,105500,0.0,0.0
2022-01-26 00:00:00+09:00,131.0,133.0,130.0,132.0,102700,0.0,0.0
2022-01-27 00:00:00+09:00,132.0,132.0,123.0,126.0,363000,0.0,0.0
2022-01-28 00:00:00+09:00,126.0,127.0,121.0,125.0,176500,0.0,0.0
2022-01-31 00:00:00+09:00,125.0,130.0,124.0,128.0,123700,0.0,0.0
2022-02-01 00:00:00+09:00,127.0,131.0,127.0,129.0,99700,0.0,0.0
2022-02-02 00:00:00+09:00,129.0,135.0,129.0,134.0,201800,0.0,0.0
2022-02-03 00:00:00+09:00,132.0,133.0,130.0,132.0,82300,0.0,0.0
2022-02-04 00:00:00+09:00,132.0,135.0,130.0,132.0,116800,0.0,0.0
2022-02-07 00:00:00+09:00,134.0,134.0,130.0,132.0,125800,0.0,0.0
2022-02-08 00:00:00+09:00,131.0,133.0,130.0,131.0,102300,0.0,0.0
2022-02-09 00:00:00+09:00,130.0,133.0,130.0,132.0,101400,0.0,0.0
2022-02-10 00:00:00+09:00,132.0,134.0,131.0,133.0,146200,0.0,0.0
2022-02-14 00:00:00+09:00,131.0,132.0,130.0,131.0,158800,0.0,0.0
2022-02-15 00:00:00+09:00,131.0,132.0,128.0,129.0,251500,0.0,0.0
2022-02-16 00:00:00+09:00,128.0,129.0,126.0,127.0,681800,0.0,0.0
2022-02-17 00:00:00+09:00,125.0,128.0,123.0,128.0,419600,0.0,0.0
2022-02-18 00:00:00+09:00,125.0,129.0,125.0,128.0,129800,0.0,0.0
2022-02-21 00:00:00+09:00,127.0,130.0,125.0,127.0,106000,0.0,0.0
2022-02-22 00:00:00+09:00,124.0,124.0,119.0,119.0,271900,0.0,0.0
2022-02-24 00:00:00+09:00,119.0,120.0,114.0,115.0,313400,0.0,0.0
2022-02-25 00:00:00+09:00,115.0,120.0,115.0,119.0,161700,0.0,0.0
2022-02-28 00:00:00+09:00,120.0,124.0,118.0,124.0,179500,0.0,0.0
2022-03-01 00:00:00+09:00,124.0,125.0,122.0,122.0,114600,0.0,0.0
2022-03-02 00:00:00+09:00,120.0,121.0,117.0,117.0,136800,0.0,0.0
2022-03-03 00:00:00+09:00,119.0,120.0,117.0,117.0,80100,0.0,0.0
2022-03-04 00:00:00+09:00,118.0,119.0,115.0,115.0,87600,0.0,0.0
2022-03-07 00:00:00+09:00,114.0,115.0,111.0,112.0,185900,0.0,0.0
2022-03-08 00:00:00+09:00,112.0,114.0,110.0,112.0,101300,0.0,0.0
2022-03-09 00:00:00+09:00,112.0,112.0,110.0,111.0,133300,0.0,0.0
2022-03-10 00:00:00+09:00,113.0,114.0,112.0,114.0,94900,0.0,0.0
2022-03-11 00:00:00+09:00,114.0,114.0,112.0,114.0,43500,0.0,0.0
2022-03-14 00:00:00+09:00,112.0,116.0,112.0,116.0,65900,0.0,0.0
2022-03-15 00:00:00+09:00,115.0,119.0,115.0,118.0,59700,0.0,0.0
2022-03-16 00:00:00+09:00,117.0,121.0,116.0,120.0,92200,0.0,0.0
2022-03-17 00:00:00+09:00,120.0,129.0,120.0,127.0,386100,0.0,0.0
2022-03-18 00:00:00+09:00,126.0,132.0,125.0,128.0,150500,0.0,0.0
2022-03-22 00:00:00+09:00,129.0,129.0,125.0,126.0,80600,0.0,0.0
2022-03-23 00:00:00+09:00,127.0,132.0,127.0,128.0,150500,0.0,0.0
2022-03-24 00:00:00+09:00,127.0,131.0,126.0,131.0,44600,0.0,0.0
2022-03-25 00:00:00+09:00,130.0,131.0,128.0,128.0,55200,0.0,0.0
2022-03-28 00:00:00+09:00,129.0,130.0,127.0,129.0,43200,0.0,0.0
2022-03-29 00:00:00+09:00,129.0,131.0,125.0,130.0,187300,0.0,0.0
2022-03-30 00:00:00+09:00,150.0,180.0,149.0,167.0,16176200,0.0,0.0
2022-03-31 00:00:00+09:00,172.0,179.0,160.0,168.0,6192200,0.0,0.0
2022-04-01 00:00:00+09:00,164.0,170.0,145.0,145.0,2326800,0.0,0.0
2022-04-04 00:00:00+09:00,144.0,150.0,139.0,141.0,794200,0.0,0.0
2022-04-05 00:00:00+09:00,142.0,151.0,141.0,145.0,492900,0.0,0.0
2022-04-06 00:00:00+09:00,142.0,148.0,141.0,145.0,313100,0.0,0.0
2022-04-07 00:00:00+09:00,149.0,155.0,140.0,143.0,972100,0.0,0.0
2022-04-08 00:00:00+09:00,143.0,153.0,141.0,148.0,596400,0.0,0.0
2022-04-11 00:00:00+09:00,148.0,163.0,146.0,152.0,1068800,0.0,0.0
2022-04-12 00:00:00+09:00,152.0,157.0,149.0,153.0,300400,0.0,0.0
2022-04-13 00:00:00+09:00,156.0,161.0,153.0,158.0,367200,0.0,0.0
2022-04-14 00:00:00+09:00,158.0,161.0,148.0,148.0,569900,0.0,0.0
2022-04-15 00:00:00+09:00,148.0,148.0,143.0,144.0,286400,0.0,0.0
2022-04-18 00:00:00+09:00,143.0,148.0,142.0,145.0,115000,0.0,0.0
2022-04-19 00:00:00+09:00,145.0,150.0,145.0,148.0,71700,0.0,0.0
2022-04-20 00:00:00+09:00,151.0,153.0,147.0,149.0,142000,0.0,0.0
2022-04-21 00:00:00+09:00,148.0,150.0,145.0,146.0,78100,0.0,0.0
2022-04-22 00:00:00+09:00,145.0,150.0,143.0,145.0,197100,0.0,0.0
2022-04-25 00:00:00+09:00,143.0,145.0,141.0,141.0,84400,0.0,0.0
2022-04-26 00:00:00+09:00,141.0,143.0,141.0,142.0,164500,0.0,0.0
2022-04-27 00:00:00+09:00,142.0,144.0,139.0,142.0,174200,0.0,0.0
2022-04-28 00:00:00+09:00,142.0,143.0,139.0,140.0,108300,0.0,0.0
2022-05-02 00:00:00+09:00,140.0,143.0,139.0,141.0,117400,0.0,0.0
2022-05-06 00:00:00+09:00,140.0,144.0,140.0,140.0,90000,0.0,0.0
2022-05-09 00:00:00+09:00,141.0,142.0,138.0,138.0,105000,0.0,0.0
2022-05-10 00:00:00+09:00,140.0,140.0,136.0,139.0,78000,0.0,0.0
2022-05-11 00:00:00+09:00,139.0,141.0,138.0,139.0,37200,0.0,0.0
2022-05-12 00:00:00+09:00,138.0,139.0,133.0,135.0,188900,0.0,0.0
2022-05-13 00:00:00+09:00,138.0,140.0,137.0,138.0,82900,0.0,0.0
2022-05-16 00:00:00+09:00,138.0,139.0,136.0,137.0,121100,0.0,0.0
2022-05-17 00:00:00+09:00,137.0,142.0,137.0,140.0,69300,0.0,0.0
2022-05-18 00:00:00+09:00,140.0,143.0,139.0,143.0,59700,0.0,0.0
2022-05-19 00:00:00+09:00,139.0,145.0,139.0,145.0,51900,0.0,0.0
2022-05-20 00:00:00+09:00,145.0,146.0,142.0,145.0,81600,0.0,0.0
2022-05-23 00:00:00+09:00,145.0,147.0,143.0,146.0,83500,0.0,0.0
2022-05-24 00:00:00+09:00,146.0,146.0,141.0,141.0,122100,0.0,0.0
2022-05-25 00:00:00+09:00,142.0,144.0,140.0,142.0,112500,0.0,0.0
2022-05-26 00:00:00+09:00,142.0,147.0,142.0,146.0,116800,0.0,0.0
2022-05-27 00:00:00+09:00,153.0,159.0,150.0,152.0,1039000,0.0,0.0
2022-05-30 00:00:00+09:00,154.0,161.0,152.0,156.0,407900,0.0,0.0
2022-05-31 00:00:00+09:00,152.0,157.0,151.0,156.0,132000,0.0,0.0
2022-06-01 00:00:00+09:00,154.0,155.0,152.0,152.0,109000,0.0,0.0
2022-06-02 00:00:00+09:00,152.0,158.0,150.0,157.0,184000,0.0,0.0
2022-06-03 00:00:00+09:00,158.0,161.0,156.0,157.0,151300,0.0,0.0
2022-06-06 00:00:00+09:00,157.0,166.0,156.0,165.0,269700,0.0,0.0
2022-06-07 00:00:00+09:00,164.0,166.0,158.0,163.0,327200,0.0,0.0
2022-06-08 00:00:00+09:00,163.0,175.0,163.0,170.0,373400,0.0,0.0
2022-06-09 00:00:00+09:00,169.0,173.0,165.0,170.0,377700,0.0,0.0
2022-06-10 00:00:00+09:00,166.0,170.0,164.0,164.0,310000,0.0,0.0
2022-06-13 00:00:00+09:00,159.0,166.0,159.0,162.0,121700,0.0,0.0
2022-06-14 00:00:00+09:00,160.0,169.0,160.0,168.0,149700,0.0,0.0
2022-06-15 00:00:00+09:00,165.0,167.0,155.0,157.0,300300,0.0,0.0
2022-06-16 00:00:00+09:00,162.0,165.0,155.0,155.0,91900,0.0,0.0
2022-06-17 00:00:00+09:00,149.0,156.0,148.0,153.0,227600,0.0,0.0
2022-06-20 00:00:00+09:00,155.0,161.0,151.0,161.0,195300,0.0,0.0
2022-06-21 00:00:00+09:00,161.0,169.0,161.0,165.0,280300,0.0,0.0
2022-06-22 00:00:00+09:00,167.0,167.0,156.0,156.0,186300,0.0,0.0
2022-06-23 00:00:00+09:00,156.0,165.0,155.0,165.0,85000,0.0,0.0
2022-06-24 00:00:00+09:00,167.0,172.0,164.0,171.0,407300,0.0,0.0
2022-06-27 00:00:00+09:00,172.0,172.0,164.0,166.0,280200,0.0,0.0
2022-06-28 00:00:00+09:00,167.0,173.0,164.0,173.0,682900,0.0,0.0
2022-06-29 00:00:00+09:00,201.0,207.0,177.0,179.0,3782600,0.0,0.0
2022-06-30 00:00:00+09:00,178.0,222.0,177.0,206.0,5043000,0.0,0.0
2022-07-01 00:00:00+09:00,214.0,227.0,192.0,200.0,7247600,0.0,0.0
2022-07-04 00:00:00+09:00,196.0,200.0,173.0,177.0,1972700,0.0,0.0
2022-07-05 00:00:00+09:00,182.0,188.0,176.0,179.0,944300,0.0,0.0
2022-07-06 00:00:00+09:00,177.0,188.0,177.0,188.0,465500,0.0,0.0
2022-07-07 00:00:00+09:00,183.0,184.0,179.0,180.0,486800,0.0,0.0
2022-07-08 00:00:00+09:00,181.0,190.0,181.0,185.0,709500,0.0,0.0
2022-07-11 00:00:00+09:00,189.0,196.0,188.0,194.0,514000,0.0,0.0
2022-07-12 00:00:00+09:00,191.0,193.0,186.0,187.0,360600,0.0,0.0
2022-07-13 00:00:00+09:00,186.0,208.0,186.0,203.0,811600,0.0,0.0
2022-07-14 00:00:00+09:00,199.0,208.0,198.0,199.0,430100,0.0,0.0
2022-07-15 00:00:00+09:00,197.0,200.0,191.0,192.0,414400,0.0,0.0
2022-07-19 00:00:00+09:00,197.0,203.0,191.0,200.0,417700,0.0,0.0
2022-07-20 00:00:00+09:00,204.0,211.0,197.0,208.0,860500,0.0,0.0
2022-07-21 00:00:00+09:00,204.0,221.0,203.0,218.0,1065600,0.0,0.0
2022-07-22 00:00:00+09:00,217.0,231.0,212.0,228.0,1472400,0.0,0.0
2022-07-25 00:00:00+09:00,227.0,232.0,208.0,209.0,1234800,0.0,0.0
2022-07-26 00:00:00+09:00,205.0,210.0,203.0,208.0,566900,0.0,0.0
2022-07-27 00:00:00+09:00,210.0,213.0,203.0,211.0,602600,0.0,0.0
2022-07-28 00:00:00+09:00,211.0,211.0,204.0,204.0,441600,0.0,0.0
2022-07-29 00:00:00+09:00,206.0,208.0,200.0,201.0,478500,0.0,0.0
2022-08-01 00:00:00+09:00,204.0,209.0,202.0,206.0,403900,0.0,0.0
2022-08-02 00:00:00+09:00,204.0,207.0,203.0,205.0,262200,0.0,0.0
2022-08-03 00:00:00+09:00,204.0,207.0,203.0,205.0,371500,0.0,0.0
2022-08-04 00:00:00+09:00,207.0,215.0,205.0,215.0,530200,0.0,0.0
2022-08-05 00:00:00+09:00,215.0,215.0,208.0,209.0,254400,0.0,0.0
2022-08-08 00:00:00+09:00,206.0,208.0,202.0,203.0,285700,0.0,0.0
2022-08-09 00:00:00+09:00,202.0,208.0,202.0,208.0,190400,0.0,0.0
2022-08-10 00:00:00+09:00,205.0,207.0,203.0,207.0,187400,0.0,0.0
2022-08-12 00:00:00+09:00,205.0,212.0,205.0,212.0,243200,0.0,0.0
2022-08-15 00:00:00+09:00,209.0,212.0,206.0,210.0,235900,0.0,0.0
2022-08-16 00:00:00+09:00,209.0,235.0,209.0,231.0,1953000,0.0,0.0
2022-08-17 00:00:00+09:00,238.0,246.0,230.0,241.0,1795000,0.0,0.0
2022-08-18 00:00:00+09:00,240.0,259.0,240.0,251.0,1338200,0.0,0.0
2022-08-19 00:00:00+09:00,252.0,254.0,242.0,250.0,653600,0.0,0.0
2022-08-22 00:00:00+09:00,247.0,253.0,244.0,246.0,276400,0.0,0.0
2022-08-23 00:00:00+09:00,243.0,243.0,225.0,231.0,648600,0.0,0.0
2022-08-24 00:00:00+09:00,232.0,242.0,232.0,234.0,330400,0.0,0.0
2022-08-25 00:00:00+09:00,234.0,236.0,229.0,229.0,253800,0.0,0.0
2022-08-26 00:00:00+09:00,230.0,241.0,229.0,238.0,236100,0.0,0.0
2022-08-29 00:00:00+09:00,222.0,229.0,214.0,227.0,1466200,0.0,0.0
2022-08-30 00:00:00+09:00,225.0,233.0,221.0,233.0,381700,0.0,0.0
2022-08-31 00:00:00+09:00,230.0,250.0,229.0,244.0,778800,0.0,0.0
2022-09-01 00:00:00+09:00,240.0,247.0,236.0,243.0,375300,0.0,0.0
2022-09-02 00:00:00+09:00,241.0,242.0,227.0,229.0,631700,0.0,0.0
2022-09-05 00:00:00+09:00,227.0,233.0,223.0,229.0,235000,0.0,0.0
2022-09-06 00:00:00+09:00,227.0,237.0,227.0,229.0,269300,0.0,0.0
2022-09-07 00:00:00+09:00,227.0,227.0,212.0,223.0,604100,0.0,0.0
2022-09-08 00:00:00+09:00,223.0,224.0,214.0,217.0,288800,0.0,0.0
2022-09-09 00:00:00+09:00,220.0,226.0,217.0,223.0,328500,0.0,0.0
2022-09-12 00:00:00+09:00,228.0,237.0,226.0,236.0,370700,0.0,0.0
2022-09-13 00:00:00+09:00,237.0,240.0,231.0,236.0,247200,0.0,0.0
2022-09-14 00:00:00+09:00,225.0,230.0,225.0,229.0,251800,0.0,0.0
2022-09-15 00:00:00+09:00,231.0,235.0,229.0,233.0,156400,0.0,0.0
2022-09-16 00:00:00+09:00,232.0,234.0,225.0,229.0,324100,0.0,0.0
2022-09-20 00:00:00+09:00,229.0,230.0,220.0,223.0,293400,0.0,0.0
2022-09-21 00:00:00+09:00,240.0,247.0,222.0,244.0,4041400,0.0,0.0
2022-09-22 00:00:00+09:00,237.0,252.0,235.0,250.0,1059900,0.0,0.0
2022-09-26 00:00:00+09:00,244.0,255.0,242.0,255.0,697400,0.0,0.0
2022-09-27 00:00:00+09:00,251.0,253.0,232.0,246.0,1003600,0.0,0.0
2022-09-28 00:00:00+09:00,243.0,253.0,219.0,223.0,1265700,0.0,0.0
2022-09-29 00:00:00+09:00,227.0,232.0,223.0,224.0,470300,0.0,0.0
2022-09-30 00:00:00+09:00,220.0,225.0,214.0,216.0,349400,0.0,0.0
2022-10-03 00:00:00+09:00,218.0,221.0,208.0,218.0,354300,0.0,0.0
2022-10-04 00:00:00+09:00,221.0,227.0,219.0,223.0,241300,0.0,0.0
2022-10-05 00:00:00+09:00,227.0,227.0,217.0,217.0,206300,0.0,0.0
2022-10-06 00:00:00+09:00,216.0,224.0,215.0,219.0,231800,0.0,0.0
2022-10-07 00:00:00+09:00,217.0,227.0,217.0,225.0,189500,0.0,0.0
2022-10-11 00:00:00+09:00,219.0,222.0,216.0,220.0,167900,0.0,0.0
2022-10-12 00:00:00+09:00,217.0,221.0,215.0,221.0,113400,0.0,0.0
2022-10-13 00:00:00+09:00,220.0,220.0,215.0,217.0,158000,0.0,0.0
2022-10-14 00:00:00+09:00,220.0,222.0,216.0,220.0,352300,0.0,0.0
2022-10-17 00:00:00+09:00,220.0,225.0,219.0,221.0,269300,0.0,0.0
2022-10-18 00:00:00+09:00,222.0,224.0,218.0,221.0,203700,0.0,0.0
2022-10-19 00:00:00+09:00,219.0,219.0,211.0,218.0,254200,0.0,0.0
2022-10-20 00:00:00+09:00,217.0,217.0,210.0,211.0,209400,0.0,0.0
2022-10-21 00:00:00+09:00,212.0,215.0,208.0,215.0,150700,0.0,0.0
2022-10-24 00:00:00+09:00,216.0,222.0,214.0,220.0,414200,0.0,0.0
2022-10-25 00:00:00+09:00,220.0,225.0,217.0,223.0,217400,0.0,0.0
2022-10-26 00:00:00+09:00,222.0,222.0,217.0,219.0,179600,0.0,0.0
2022-10-27 00:00:00+09:00,216.0,216.0,205.0,207.0,432700,0.0,0.0
2022-10-28 00:00:00+09:00,205.0,210.0,203.0,207.0,249900,0.0,0.0
2022-10-31 00:00:00+09:00,208.0,208.0,203.0,204.0,168800,0.0,0.0
2022-11-01 00:00:00+09:00,203.0,209.0,202.0,206.0,165500,0.0,0.0
2022-11-02 00:00:00+09:00,204.0,206.0,202.0,205.0,69100,0.0,0.0
2022-11-04 00:00:00+09:00,202.0,202.0,197.0,199.0,175800,0.0,0.0
2022-11-07 00:00:00+09:00,197.0,202.0,195.0,200.0,115700,0.0,0.0
2022-11-08 00:00:00+09:00,200.0,204.0,198.0,199.0,139200,0.0,0.0
2022-11-09 00:00:00+09:00,199.0,201.0,196.0,196.0,138300,0.0,0.0
2022-11-10 00:00:00+09:00,196.0,197.0,193.0,194.0,86300,0.0,0.0
2022-11-11 00:00:00+09:00,195.0,199.0,192.0,195.0,134300,0.0,0.0
2022-11-14 00:00:00+09:00,192.0,194.0,190.0,190.0,107100,0.0,0.0
2022-11-15 00:00:00+09:00,190.0,195.0,190.0,193.0,98100,0.0,0.0
2022-11-16 00:00:00+09:00,193.0,201.0,193.0,198.0,92300,0.0,0.0
2022-11-17 00:00:00+09:00,200.0,203.0,198.0,200.0,122600,0.0,0.0
2022-11-18 00:00:00+09:00,201.0,204.0,198.0,202.0,69000,0.0,0.0
2022-11-21 00:00:00+09:00,201.0,202.0,200.0,202.0,59100,0.0,0.0
2022-11-22 00:00:00+09:00,203.0,203.0,200.0,202.0,51200,0.0,0.0
2022-11-24 00:00:00+09:00,202.0,203.0,200.0,200.0,59500,0.0,0.0
2022-11-25 00:00:00+09:00,200.0,202.0,199.0,199.0,133800,0.0,0.0
2022-11-28 00:00:00+09:00,198.0,199.0,195.0,195.0,162300,0.0,0.0
2022-11-29 00:00:00+09:00,190.0,194.0,183.0,185.0,439800,0.0,0.0
2022-11-30 00:00:00+09:00,185.0,188.0,184.0,184.0,80200,0.0,0.0
2022-12-01 00:00:00+09:00,185.0,186.0,180.0,181.0,175300,0.0,0.0
2022-12-02 00:00:00+09:00,177.0,184.0,177.0,180.0,189300,0.0,0.0
2022-12-05 00:00:00+09:00,181.0,182.0,176.0,176.0,128700,0.0,0.0
2022-12-06 00:00:00+09:00,176.0,180.0,176.0,178.0,93400,0.0,0.0
2022-12-07 00:00:00+09:00,177.0,178.0,175.0,175.0,116000,0.0,0.0
2022-12-08 00:00:00+09:00,174.0,175.0,171.0,172.0,157100,0.0,0.0
2022-12-09 00:00:00+09:00,171.0,179.0,171.0,176.0,102200,0.0,0.0
2022-12-12 00:00:00+09:00,177.0,183.0,175.0,175.0,93700,0.0,0.0
2022-12-13 00:00:00+09:00,173.0,176.0,173.0,176.0,133600,0.0,0.0
2022-12-14 00:00:00+09:00,175.0,175.0,171.0,173.0,352600,0.0,0.0
2022-12-15 00:00:00+09:00,172.0,180.0,172.0,178.0,170700,0.0,0.0
2022-12-16 00:00:00+09:00,177.0,185.0,175.0,185.0,202700,0.0,0.0
2022-12-19 00:00:00+09:00,183.0,189.0,183.0,188.0,190000,0.0,0.0
2022-12-20 00:00:00+09:00,188.0,188.0,168.0,178.0,304800,0.0,0.0
2022-12-21 00:00:00+09:00,177.0,183.0,176.0,181.0,121000,0.0,0.0
2022-12-22 00:00:00+09:00,183.0,187.0,182.0,183.0,124300,0.0,0.0
2022-12-23 00:00:00+09:00,184.0,190.0,184.0,190.0,187800,0.0,0.0
2022-12-26 00:00:00+09:00,188.0,191.0,184.0,189.0,245600,0.0,0.0
2022-12-27 00:00:00+09:00,179.0,181.0,170.0,173.0,933700,0.0,0.0
2022-12-28 00:00:00+09:00,183.0,190.0,171.0,189.0,1384200,0.0,0.0
2022-12-29 00:00:00+09:00,185.0,194.0,181.0,185.0,722900,0.0,0.0
2022-12-30 00:00:00+09:00,182.0,190.0,178.0,189.0,477900,0.0,0.0
2023-01-04 00:00:00+09:00,185.0,185.0,179.0,179.0,222900,0.0,0.0
2023-01-05 00:00:00+09:00,182.0,182.0,174.0,176.0,237000,0.0,0.0
2023-01-06 00:00:00+09:00,179.0,179.0,175.0,177.0,173700,0.0,0.0
2023-01-10 00:00:00+09:00,178.0,181.0,175.0,178.0,128000,0.0,0.0
2023-01-11 00:00:00+09:00,180.0,185.0,179.0,185.0,138700,0.0,0.0
2023-01-12 00:00:00+09:00,200.0,206.0,187.0,192.0,2277700,0.0,0.0
2023-01-13 00:00:00+09:00,190.0,207.0,187.0,204.0,1049600,0.0,0.0
2023-01-16 00:00:00+09:00,198.0,201.0,189.0,190.0,809300,0.0,0.0
2023-01-17 00:00:00+09:00,191.0,198.0,190.0,192.0,322400,0.0,0.0
2023-01-18 00:00:00+09:00,190.0,196.0,189.0,194.0,315800,0.0,0.0
2023-01-19 00:00:00+09:00,191.0,202.0,191.0,200.0,374300,0.0,0.0
2023-01-20 00:00:00+09:00,200.0,205.0,199.0,204.0,271300,0.0,0.0
2023-01-23 00:00:00+09:00,205.0,207.0,199.0,199.0,321200,0.0,0.0
2023-01-24 00:00:00+09:00,201.0,210.0,199.0,203.0,544900,0.0,0.0
2023-01-25 00:00:00+09:00,203.0,212.0,203.0,209.0,306300,0.0,0.0
2023-01-26 00:00:00+09:00,207.0,208.0,200.0,203.0,310100,0.0,0.0
2023-01-27 00:00:00+09:00,204.0,207.0,200.0,201.0,304400,0.0,0.0
2023-01-30 00:00:00+09:00,198.0,202.0,196.0,197.0,358500,0.0,0.0
2023-01-31 00:00:00+09:00,198.0,198.0,195.0,198.0,164500,0.0,0.0
2023-02-01 00:00:00+09:00,197.0,201.0,197.0,200.0,130000,0.0,0.0
2023-02-02 00:00:00+09:00,200.0,200.0,197.0,197.0,92100,0.0,0.0
2023-02-03 00:00:00+09:00,198.0,201.0,198.0,198.0,112000,0.0,0.0
2023-02-06 00:00:00+09:00,200.0,203.0,196.0,198.0,278900,0.0,0.0
2023-02-07 00:00:00+09:00,198.0,201.0,196.0,200.0,115800,0.0,0.0
2023-02-08 00:00:00+09:00,197.0,199.0,197.0,197.0,143700,0.0,0.0
2023-02-09 00:00:00+09:00,197.0,199.0,196.0,199.0,187400,0.0,0.0
2023-02-10 00:00:00+09:00,197.0,197.0,190.0,191.0,392900,0.0,0.0
2023-02-13 00:00:00+09:00,191.0,191.0,187.0,189.0,199100,0.0,0.0
2023-02-14 00:00:00+09:00,189.0,190.0,186.0,186.0,119100,0.0,0.0
2023-02-15 00:00:00+09:00,186.0,190.0,184.0,187.0,145200,0.0,0.0
2023-02-16 00:00:00+09:00,189.0,192.0,188.0,190.0,266600,0.0,0.0
2023-02-17 00:00:00+09:00,190.0,192.0,187.0,188.0,131700,0.0,0.0
2023-02-20 00:00:00+09:00,189.0,194.0,187.0,190.0,195600,0.0,0.0
2023-02-21 00:00:00+09:00,190.0,195.0,189.0,191.0,84100,0.0,0.0
2023-02-22 00:00:00+09:00,190.0,192.0,189.0,190.0,81600,0.0,0.0
2023-02-24 00:00:00+09:00,189.0,193.0,188.0,193.0,144700,0.0,0.0
2023-02-27 00:00:00+09:00,192.0,192.0,190.0,190.0,145100,0.0,0.0
2023-02-28 00:00:00+09:00,197.0,204.0,196.0,201.0,884100,0.0,0.0
2023-03-01 00:00:00+09:00,200.0,217.0,199.0,213.0,799600,0.0,0.0
2023-03-02 00:00:00+09:00,213.0,228.0,212.0,223.0,713700,0.0,0.0
2023-03-03 00:00:00+09:00,221.0,228.0,217.0,219.0,350800,0.0,0.0
2023-03-06 00:00:00+09:00,222.0,231.0,219.0,231.0,399700,0.0,0.0
2023-03-07 00:00:00+09:00,227.0,232.0,222.0,230.0,276500,0.0,0.0
2023-03-08 00:00:00+09:00,229.0,232.0,220.0,226.0,345400,0.0,0.0
2023-03-09 00:00:00+09:00,223.0,229.0,220.0,223.0,195700,0.0,0.0
2023-03-10 00:00:00+09:00,220.0,221.0,213.0,214.0,443500,0.0,0.0
2023-03-13 00:00:00+09:00,210.0,216.0,209.0,215.0,286200,0.0,0.0
2023-03-14 00:00:00+09:00,210.0,211.0,205.0,207.0,316200,0.0,0.0
2023-03-15 00:00:00+09:00,212.0,215.0,210.0,212.0,134700,0.0,0.0
2023-03-16 00:00:00+09:00,207.0,210.0,205.0,210.0,175400,0.0,0.0
2023-03-17 00:00:00+09:00,213.0,219.0,211.0,219.0,200700,0.0,0.0
2023-03-20 00:00:00+09:00,215.0,218.0,209.0,210.0,277000,0.0,0.0
2023-03-22 00:00:00+09:00,216.0,226.0,216.0,222.0,557900,0.0,0.0
2023-03-23 00:00:00+09:00,221.0,234.0,217.0,234.0,434100,0.0,0.0
2023-03-24 00:00:00+09:00,231.0,236.0,226.0,236.0,371500,0.0,0.0
2023-03-27 00:00:00+09:00,234.0,237.0,230.0,231.0,231800,0.0,0.0
2023-03-28 00:00:00+09:00,229.0,235.0,225.0,231.0,302800,0.0,0.0
2023-03-29 00:00:00+09:00,228.0,235.0,227.0,233.0,204600,0.0,0.0
2023-03-30 00:00:00+09:00,230.0,243.0,230.0,242.0,330700,0.0,0.0
2023-03-31 00:00:00+09:00,241.0,242.0,231.0,235.0,615800,0.0,0.0
2023-04-03 00:00:00+09:00,212.0,219.0,208.0,211.0,930800,0.0,0.0
2023-04-04 00:00:00+09:00,214.0,218.0,209.0,218.0,363300,0.0,0.0
2023-04-05 00:00:00+09:00,213.0,216.0,208.0,212.0,359700,0.0,0.0
2023-04-06 00:00:00+09:00,209.0,214.0,209.0,212.0,241600,0.0,0.0
2023-04-07 00:00:00+09:00,210.0,214.0,210.0,211.0,133100,0.0,0.0
2023-04-10 00:00:00+09:00,212.0,218.0,212.0,218.0,161700,0.0,0.0
2023-04-11 00:00:00+09:00,218.0,218.0,212.0,214.0,153800,0.0,0.0
2023-04-12 00:00:00+09:00,216.0,216.0,212.0,215.0,83000,0.0,0.0
2023-04-13 00:00:00+09:00,215.0,217.0,213.0,215.0,66400,0.0,0.0
2023-04-14 00:00:00+09:00,216.0,218.0,212.0,212.0,146800,0.0,0.0
2023-04-17 00:00:00+09:00,213.0,213.0,210.0,210.0,110300,0.0,0.0
2023-04-18 00:00:00+09:00,212.0,213.0,210.0,210.0,123100,0.0,0.0
2023-04-19 00:00:00+09:00,211.0,211.0,205.0,206.0,228500,0.0,0.0
2023-04-20 00:00:00+09:00,207.0,208.0,203.0,203.0,340300,0.0,0.0
2023-04-21 00:00:00+09:00,205.0,205.0,199.0,205.0,239200,0.0,0.0
2023-04-24 00:00:00+09:00,204.0,208.0,203.0,203.0,147400,0.0,0.0
2023-04-25 00:00:00+09:00,205.0,214.0,201.0,208.0,331600,0.0,0.0
2023-04-26 00:00:00+09:00,205.0,216.0,205.0,209.0,190500,0.0,0.0
2023-04-27 00:00:00+09:00,203.0,208.0,203.0,205.0,113400,0.0,0.0
2023-04-28 00:00:00+09:00,207.0,207.0,200.0,201.0,162400,0.0,0.0
2023-05-01 00:00:00+09:00,203.0,203.0,199.0,200.0,180300,0.0,0.0
2023-05-02 00:00:00+09:00,200.0,200.0,196.0,197.0,140100,0.0,0.0
2023-05-08 00:00:00+09:00,198.0,203.0,198.0,200.0,158000,0.0,0.0
2023-05-09 00:00:00+09:00,201.0,205.0,200.0,200.0,80600,0.0,0.0
2023-05-10 00:00:00+09:00,202.0,202.0,199.0,200.0,200600,0.0,0.0
2023-05-11 00:00:00+09:00,202.0,202.0,198.0,198.0,116200,0.0,0.0
2023-05-12 00:00:00+09:00,198.0,199.0,195.0,196.0,161100,0.0,0.0
2023-05-15 00:00:00+09:00,196.0,196.0,193.0,194.0,144500,0.0,0.0
2023-05-16 00:00:00+09:00,194.0,197.0,194.0,196.0,107500,0.0,0.0
2023-05-17 00:00:00+09:00,196.0,198.0,196.0,197.0,75900,0.0,0.0
2023-05-18 00:00:00+09:00,196.0,198.0,195.0,196.0,93900,0.0,0.0
2023-05-19 00:00:00+09:00,228.0,238.0,209.0,211.0,4628000,0.0,0.0
2023-05-22 00:00:00+09:00,217.0,219.0,211.0,212.0,918700,0.0,0.0
2023-05-23 00:00:00+09:00,212.0,215.0,206.0,207.0,634400,0.0,0.0
2023-05-24 00:00:00+09:00,209.0,212.0,207.0,210.0,229900,0.0,0.0
2023-05-25 00:00:00+09:00,209.0,212.0,208.0,209.0,119500,0.0,0.0
2023-05-26 00:00:00+09:00,209.0,209.0,203.0,203.0,251400,0.0,0.0
2023-05-29 00:00:00+09:00,205.0,207.0,202.0,204.0,186400,0.0,0.0
2023-05-30 00:00:00+09:00,205.0,206.0,202.0,206.0,68900,0.0,0.0
2023-05-31 00:00:00+09:00,204.0,205.0,201.0,203.0,90700,0.0,0.0
2023-06-01 00:00:00+09:00,203.0,203.0,197.0,197.0,294100,0.0,0.0
2023-06-02 00:00:00+09:00,198.0,200.0,197.0,199.0,85900,0.0,0.0
2023-06-05 00:00:00+09:00,200.0,200.0,197.0,198.0,158000,0.0,0.0
2023-06-06 00:00:00+09:00,197.0,200.0,195.0,199.0,134600,0.0,0.0
2023-06-07 00:00:00+09:00,199.0,201.0,197.0,198.0,123100,0.0,0.0
2023-06-08 00:00:00+09:00,197.0,197.0,192.0,193.0,292400,0.0,0.0
2023-06-09 00:00:00+09:00,194.0,194.0,191.0,193.0,110600,0.0,0.0
2023-06-12 00:00:00+09:00,195.0,198.0,194.0,198.0,58300,0.0,0.0
2023-06-13 00:00:00+09:00,198.0,200.0,197.0,198.0,106100,0.0,0.0
2023-06-14 00:00:00+09:00,200.0,202.0,199.0,199.0,183300,0.0,0.0
2023-06-15 00:00:00+09:00,199.0,202.0,196.0,198.0,197100,0.0,0.0
2023-06-16 00:00:00+09:00,197.0,198.0,196.0,197.0,162200,0.0,0.0
2023-06-19 00:00:00+09:00,197.0,202.0,197.0,200.0,141700,0.0,0.0
2023-06-20 00:00:00+09:00,199.0,200.0,197.0,199.0,148600,0.0,0.0
2023-06-21 00:00:00+09:00,199.0,200.0,197.0,198.0,160200,0.0,0.0
2023-06-22 00:00:00+09:00,200.0,200.0,194.0,194.0,288100,0.0,0.0
2023-06-23 00:00:00+09:00,195.0,197.0,191.0,192.0,221900,0.0,0.0
2023-06-26 00:00:00+09:00,192.0,193.0,188.0,192.0,294700,0.0,0.0
2023-06-27 00:00:00+09:00,190.0,190.0,181.0,184.0,662400,0.0,0.0
2023-06-28 00:00:00+09:00,194.0,202.0,191.0,192.0,901100,0.0,0.0
2023-06-29 00:00:00+09:00,191.0,194.0,188.0,189.0,297400,0.0,0.0
2023-06-30 00:00:00+09:00,188.0,192.0,186.0,190.0,233000,0.0,0.0
2023-07-03 00:00:00+09:00,194.0,194.0,189.0,191.0,159000,0.0,0.0
2023-07-04 00:00:00+09:00,189.0,190.0,187.0,187.0,176800,0.0,0.0
2023-07-05 00:00:00+09:00,187.0,188.0,185.0,185.0,179400,0.0,0.0
2023-07-06 00:00:00+09:00,185.0,185.0,180.0,181.0,239300,0.0,0.0
2023-07-07 00:00:00+09:00,179.0,184.0,178.0,184.0,153800,0.0,0.0
2023-07-10 00:00:00+09:00,182.0,184.0,181.0,182.0,154700,0.0,0.0
2023-07-11 00:00:00+09:00,183.0,185.0,182.0,183.0,110200,0.0,0.0
2023-07-12 00:00:00+09:00,184.0,184.0,179.0,181.0,149700,0.0,0.0
2023-07-13 00:00:00+09:00,181.0,182.0,179.0,182.0,110000,0.0,0.0
2023-07-14 00:00:00+09:00,181.0,183.0,180.0,181.0,131000,0.0,0.0
2023-07-18 00:00:00+09:00,181.0,184.0,181.0,184.0,61000,0.0,0.0
2023-07-19 00:00:00+09:00,186.0,190.0,184.0,190.0,172100,0.0,0.0
2023-07-20 00:00:00+09:00,189.0,191.0,186.0,190.0,102800,0.0,0.0
2023-07-21 00:00:00+09:00,189.0,190.0,187.0,189.0,56900,0.0,0.0
2023-07-24 00:00:00+09:00,188.0,190.0,188.0,188.0,30700,0.0,0.0
2023-07-25 00:00:00+09:00,188.0,190.0,188.0,189.0,41300,0.0,0.0
2023-07-26 00:00:00+09:00,188.0,191.0,188.0,191.0,73500,0.0,0.0
2023-07-27 00:00:00+09:00,192.0,193.0,190.0,191.0,89400,0.0,0.0
2023-07-28 00:00:00+09:00,190.0,192.0,189.0,190.0,92000,0.0,0.0
2023-07-31 00:00:00+09:00,191.0,194.0,191.0,194.0,36900,0.0,0.0
2023-08-01 00:00:00+09:00,194.0,195.0,193.0,195.0,89800,0.0,0.0
2023-08-02 00:00:00+09:00,194.0,196.0,192.0,194.0,84000,0.0,0.0
2023-08-03 00:00:00+09:00,193.0,194.0,191.0,193.0,64700,0.0,0.0
2023-08-04 00:00:00+09:00,192.0,195.0,190.0,195.0,60000,0.0,0.0
2023-08-07 00:00:00+09:00,193.0,199.0,193.0,197.0,95200,0.0,0.0
2023-08-08 00:00:00+09:00,199.0,200.0,197.0,197.0,70900,0.0,0.0
2023-08-09 00:00:00+09:00,197.0,200.0,196.0,196.0,52600,0.0,0.0
2023-08-10 00:00:00+09:00,196.0,200.0,196.0,200.0,58400,0.0,0.0
2023-08-14 00:00:00+09:00,200.0,201.0,195.0,201.0,100200,0.0,0.0
2023-08-15 00:00:00+09:00,199.0,201.0,198.0,201.0,163800,0.0,0.0
2023-08-16 00:00:00+09:00,200.0,207.0,200.0,203.0,367500,0.0,0.0
2023-08-17 00:00:00+09:00,204.0,204.0,199.0,201.0,155500,0.0,0.0
2023-08-18 00:00:00+09:00,201.0,203.0,199.0,200.0,100500,0.0,0.0
2023-08-21 00:00:00+09:00,198.0,201.0,198.0,201.0,60400,0.0,0.0
2023-08-22 00:00:00+09:00,201.0,202.0,199.0,200.0,37700,0.0,0.0
2023-08-23 00:00:00+09:00,200.0,203.0,199.0,201.0,43400,0.0,0.0
2023-08-24 00:00:00+09:00,203.0,205.0,202.0,202.0,78400,0.0,0.0
2023-08-25 00:00:00+09:00,203.0,205.0,202.0,203.0,55000,0.0,0.0
2023-08-28 00:00:00+09:00,204.0,207.0,202.0,207.0,130500,0.0,0.0
2023-08-29 00:00:00+09:00,211.0,212.0,202.0,204.0,456700,0.0,0.0
2023-08-30 00:00:00+09:00,205.0,209.0,204.0,207.0,131100,0.0,0.0
2023-08-31 00:00:00+09:00,207.0,209.0,206.0,209.0,133400,0.0,0.0
2023-09-01 00:00:00+09:00,209.0,209.0,208.0,208.0,65200,0.0,0.0
2023-09-04 00:00:00+09:00,209.0,209.0,207.0,208.0,45300,0.0,0.0
2023-09-05 00:00:00+09:00,208.0,219.0,208.0,216.0,360600,0.0,0.0
2023-09-06 00:00:00+09:00,215.0,217.0,214.0,217.0,112000,0.0,0.0
2023-09-07 00:00:00+09:00,217.0,220.0,214.0,214.0,152700,0.0,0.0
2023-09-08 00:00:00+09:00,214.0,220.0,214.0,220.0,96400,0.0,0.0
2023-09-11 00:00:00+09:00,220.0,220.0,216.0,216.0,116100,0.0,0.0
2023-09-12 00:00:00+09:00,216.0,219.0,216.0,218.0,94200,0.0,0.0
2023-09-13 00:00:00+09:00,217.0,219.0,216.0,216.0,149200,0.0,0.0
2023-09-14 00:00:00+09:00,217.0,220.0,216.0,219.0,119000,0.0,0.0
2023-09-15 00:00:00+09:00,218.0,218.0,213.0,215.0,160200,0.0,0.0
2023-09-19 00:00:00+09:00,217.0,218.0,214.0,217.0,103600,0.0,0.0
2023-09-20 00:00:00+09:00,218.0,221.0,203.0,205.0,844400,0.0,0.0
2023-09-21 00:00:00+09:00,204.0,205.0,198.0,199.0,215900,0.0,0.0
2023-09-22 00:00:00+09:00,198.0,206.0,197.0,203.0,219000,0.0,0.0
2023-09-25 00:00:00+09:00,204.0,210.0,202.0,210.0,300700,0.0,0.0
2023-09-26 00:00:00+09:00,207.0,209.0,206.0,207.0,88100,0.0,0.0
2023-09-27 00:00:00+09:00,204.0,210.0,203.0,210.0,166400,0.0,0.0
2023-09-28 00:00:00+09:00,208.0,211.0,205.0,209.0,127100,0.0,0.0
2023-09-29 00:00:00+09:00,206.0,210.0,201.0,201.0,274500,0.0,0.0
2023-10-02 00:00:00+09:00,198.0,198.0,192.0,194.0,291600,0.0,0.0
2023-10-03 00:00:00+09:00,192.0,195.0,189.0,194.0,197400,0.0,0.0
2023-10-04 00:00:00+09:00,190.0,192.0,184.0,185.0,217400,0.0,0.0
2023-10-05 00:00:00+09:00,188.0,193.0,187.0,190.0,169900,0.0,0.0
2023-10-06 00:00:00+09:00,187.0,191.0,186.0,188.0,210500,0.0,0.0
2023-10-10 00:00:00+09:00,183.0,191.0,183.0,190.0,270500,0.0,0.0
2023-10-11 00:00:00+09:00,191.0,196.0,190.0,194.0,152700,0.0,0.0
2023-10-12 00:00:00+09:00,197.0,200.0,196.0,198.0,203400,0.0,0.0
2023-10-13 00:00:00+09:00,195.0,195.0,188.0,188.0,113600,0.0,0.0
2023-10-16 00:00:00+09:00,187.0,194.0,187.0,193.0,189400,0.0,0.0
2023-10-17 00:00:00+09:00,193.0,197.0,190.0,191.0,146500,0.0,0.0
2023-10-18 00:00:00+09:00,191.0,196.0,190.0,196.0,90300,0.0,0.0
2023-10-19 00:00:00+09:00,192.0,195.0,192.0,194.0,46800,0.0,0.0
2023-10-20 00:00:00+09:00,191.0,195.0,191.0,191.0,88400,0.0,0.0
2023-10-23 00:00:00+09:00,191.0,191.0,186.0,187.0,123100,0.0,0.0
2023-10-24 00:00:00+09:00,187.0,190.0,182.0,187.0,161700,0.0,0.0
2023-10-25 00:00:00+09:00,189.0,192.0,189.0,189.0,58900,0.0,0.0
2023-10-26 00:00:00+09:00,186.0,190.0,186.0,187.0,63100,0.0,0.0
2023-10-27 00:00:00+09:00,186.0,189.0,185.0,189.0,87800,0.0,0.0
2023-10-30 00:00:00+09:00,186.0,189.0,184.0,184.0,68700,0.0,0.0
2023-10-31 00:00:00+09:00,184.0,185.0,180.0,184.0,161600,0.0,0.0
2023-11-01 00:00:00+09:00,185.0,185.0,179.0,179.0,126100,0.0,0.0
2023-11-02 00:00:00+09:00,179.0,181.0,177.0,181.0,170700,0.0,0.0
2023-11-06 00:00:00+09:00,182.0,182.0,177.0,178.0,174500,0.0,0.0
2023-11-07 00:00:00+09:00,181.0,184.0,179.0,181.0,274000,0.0,0.0
2023-11-08 00:00:00+09:00,182.0,184.0,177.0,180.0,84700,0.0,0.0
2023-11-09 00:00:00+09:00,180.0,183.0,178.0,183.0,116800,0.0,0.0
2023-11-10 00:00:00+09:00,178.0,180.0,177.0,179.0,76000,0.0,0.0
2023-11-13 00:00:00+09:00,178.0,179.0,176.0,176.0,84800,0.0,0.0
2023-11-14 00:00:00+09:00,175.0,177.0,173.0,175.0,124500,0.0,0.0
2023-11-15 00:00:00+09:00,177.0,181.0,177.0,180.0,84800,0.0,0.0
2023-11-16 00:00:00+09:00,180.0,182.0,178.0,182.0,72000,0.0,0.0
2023-11-17 00:00:00+09:00,180.0,183.0,179.0,182.0,50900,0.0,0.0
2023-11-20 00:00:00+09:00,183.0,190.0,183.0,190.0,133300,0.0,0.0
2023-11-21 00:00:00+09:00,190.0,192.0,187.0,190.0,40900,0.0,0.0
2023-11-22 00:00:00+09:00,189.0,191.0,188.0,188.0,28400,0.0,0.0
2023-11-24 00:00:00+09:00,186.0,192.0,186.0,190.0,75600,0.0,0.0
2023-11-27 00:00:00+09:00,192.0,195.0,190.0,194.0,209800,0.0,0.0
2023-11-28 00:00:00+09:00,190.0,191.0,186.0,187.0,183300,0.0,0.0
2023-11-29 00:00:00+09:00,188.0,189.0,186.0,188.0,32900,0.0,0.0
2023-11-30 00:00:00+09:00,189.0,191.0,188.0,188.0,44400,0.0,0.0
2023-12-01 00:00:00+09:00,186.0,187.0,184.0,185.0,55000,0.0,0.0
2023-12-04 00:00:00+09:00,184.0,189.0,184.0,189.0,125500,0.0,0.0
2023-12-05 00:00:00+09:00,190.0,190.0,186.0,186.0,34500,0.0,0.0
2023-12-06 00:00:00+09:00,189.0,190.0,185.0,185.0,139800,0.0,0.0
2023-12-07 00:00:00+09:00,188.0,188.0,185.0,187.0,65900,0.0,0.0
2023-12-08 00:00:00+09:00,187.0,187.0,185.0,186.0,59300,0.0,0.0
2023-12-11 00:00:00+09:00,188.0,188.0,184.0,184.0,57400,0.0,0.0
2023-12-12 00:00:00+09:00,186.0,186.0,184.0,184.0,68700,0.0,0.0
2023-12-13 00:00:00+09:00,186.0,188.0,184.0,188.0,194800,0.0,0.0
2023-12-14 00:00:00+09:00,188.0,188.0,185.0,186.0,41800,0.0,0.0
2023-12-15 00:00:00+09:00,185.0,188.0,184.0,187.0,57500,0.0,0.0
2023-12-18 00:00:00+09:00,187.0,187.0,180.0,183.0,164200,0.0,0.0
2023-12-19 00:00:00+09:00,185.0,187.0,183.0,186.0,76200,0.0,0.0
2023-12-20 00:00:00+09:00,186.0,192.0,186.0,190.0,99200,0.0,0.0
2023-12-21 00:00:00+09:00,187.0,192.0,186.0,190.0,80400,0.0,0.0
2023-12-22 00:00:00+09:00,190.0,192.0,190.0,192.0,86600,0.0,0.0
2023-12-25 00:00:00+09:00,191.0,197.0,190.0,193.0,254100,0.0,0.0
2023-12-26 00:00:00+09:00,193.0,196.0,189.0,191.0,378400,0.0,0.0
2023-12-27 00:00:00+09:00,178.0,181.0,172.0,174.0,1177500,0.0,0.0
2023-12-28 00:00:00+09:00,174.0,174.0,171.0,173.0,310100,0.0,0.0
2023-12-29 00:00:00+09:00,172.0,176.0,172.0,175.0,145800,0.0,0.0
2024-01-04 00:00:00+09:00,175.0,176.0,169.0,171.0,521100,0.0,0.0
2024-01-05 00:00:00+09:00,173.0,175.0,171.0,171.0,158600,0.0,0.0
2024-01-09 00:00:00+09:00,173.0,174.0,170.0,174.0,117200,0.0,0.0
2024-01-10 00:00:00+09:00,175.0,177.0,172.0,173.0,142400,0.0,0.0
2024-01-11 00:00:00+09:00,176.0,176.0,174.0,175.0,74800,0.0,0.0
2024-01-12 00:00:00+09:00,172.0,172.0,172.0,172.0,107200,0.0,0.0
2024-01-15 00:00:00+09:00,174.0,174.0,172.0,172.0,22400,0.0,0.0
2024-01-16 00:00:00+09:00,174.0,178.0,174.0,174.0,117700,0.0,0.0
2024-01-17 00:00:00+09:00,176.0,177.0,173.0,173.0,72900,0.0,0.0
2024-01-18 00:00:00+09:00,173.0,176.0,172.0,172.0,88400,0.0,0.0
2024-01-19 00:00:00+09:00,174.0,174.0,174.0,174.0,52400,0.0,0.0
2024-01-22 00:00:00+09:00,174.0,178.0,173.0,175.0,163000,0.0,0.0
2024-01-23 00:00:00+09:00,176.0,178.0,176.0,177.0,84000,0.0,0.0
2024-01-24 00:00:00+09:00,178.0,178.0,176.0,176.0,47200,0.0,0.0
2024-01-25 00:00:00+09:00,176.0,178.0,175.0,177.0,116300,0.0,0.0
2024-01-26 00:00:00+09:00,176.0,178.0,175.0,176.0,53600,0.0,0.0
2024-01-29 00:00:00+09:00,178.0,178.0,176.0,177.0,64900,0.0,0.0
2024-01-30 00:00:00+09:00,177.0,178.0,177.0,178.0,45400,0.0,0.0
2024-01-31 00:00:00+09:00,178.0,178.0,175.0,176.0,79400,0.0,0.0
2024-02-01 00:00:00+09:00,175.0,175.0,172.0,173.0,98600,0.0,0.0
2024-02-02 00:00:00+09:00,174.0,184.0,172.0,181.0,316000,0.0,0.0
2024-02-05 00:00:00+09:00,180.0,181.0,178.0,180.0,73000,0.0,0.0
2024-02-06 00:00:00+09:00,179.0,184.0,178.0,181.0,90600,0.0,0.0
2024-02-07 00:00:00+09:00,181.0,182.0,180.0,182.0,43500,0.0,0.0
2024-02-08 00:00:00+09:00,183.0,183.0,178.0,180.0,148600,0.0,0.0
2024-02-09 00:00:00+09:00,180.0,181.0,179.0,180.0,51100,0.0,0.0
2024-02-13 00:00:00+09:00,181.0,182.0,179.0,182.0,63500,0.0,0.0
2024-02-14 00:00:00+09:00,180.0,180.0,178.0,179.0,114400,0.0,0.0
2024-02-15 00:00:00+09:00,178.0,178.0,173.0,177.0,202800,0.0,0.0
2024-02-16 00:00:00+09:00,176.0,178.0,174.0,177.0,85400,0.0,0.0
2024-02-19 00:00:00+09:00,177.0,180.0,176.0,180.0,288900,0.0,0.0
2024-02-20 00:00:00+09:00,181.0,183.0,180.0,180.0,139200,0.0,0.0
2024-02-21 00:00:00+09:00,181.0,181.0,177.0,178.0,147500,0.0,0.0
2024-02-22 00:00:00+09:00,179.0,180.0,177.0,178.0,107700,0.0,0.0
2024-02-26 00:00:00+09:00,178.0,182.0,178.0,182.0,97900,0.0,0.0
2024-02-27 00:00:00+09:00,180.0,183.0,180.0,183.0,49200,0.0,0.0
2024-02-28 00:00:00+09:00,180.0,183.0,170.0,173.0,617700,0.0,0.0
2024-02-29 00:00:00+09:00,172.0,174.0,171.0,173.0,196700,0.0,0.0
2024-03-01 00:00:00+09:00,173.0,173.0,170.0,170.0,212600,0.0,0.0
2024-03-04 00:00:00+09:00,171.0,172.0,168.0,168.0,269000,0.0,0.0
2024-03-05 00:00:00+09:00,169.0,170.0,168.0,169.0,97200,0.0,0.0
2024-03-06 00:00:00+09:00,167.0,170.0,164.0,170.0,654800,0.0,0.0
2024-03-07 00:00:00+09:00,172.0,177.0,168.0,169.0,169600,0.0,0.0
2024-03-08 00:00:00+09:00,170.0,175.0,169.0,171.0,191200,0.0,0.0
2024-03-11 00:00:00+09:00,171.0,172.0,167.0,167.0,112000,0.0,0.0
2024-03-12 00:00:00+09:00,165.0,170.0,165.0,168.0,129100,0.0,0.0
2024-03-13 00:00:00+09:00,168.0,169.0,166.0,169.0,69000,0.0,0.0
2024-03-14 00:00:00+09:00,167.0,169.0,167.0,168.0,43900,0.0,0.0
2024-03-15 00:00:00+09:00,167.0,170.0,167.0,169.0,85200,0.0,0.0
2024-03-18 00:00:00+09:00,169.0,173.0,169.0,172.0,90700,0.0,0.0
2024-03-19 00:00:00+09:00,171.0,172.0,170.0,171.0,163100,0.0,0.0
2024-03-21 00:00:00+09:00,174.0,179.0,173.0,179.0,283000,0.0,0.0
2024-03-22 00:00:00+09:00,177.0,177.0,175.0,176.0,75000,0.0,0.0
2024-03-25 00:00:00+09:00,177.0,178.0,174.0,174.0,91200,0.0,0.0
2024-03-26 00:00:00+09:00,173.0,175.0,171.0,172.0,96700,0.0,0.0
2024-03-27 00:00:00+09:00,171.0,174.0,171.0,172.0,116200,0.0,0.0
2024-03-28 00:00:00+09:00,172.0,173.0,170.0,170.0,65400,0.0,0.0
2024-03-29 00:00:00+09:00,171.0,173.0,171.0,172.0,54600,0.0,0.0
2024-04-01 00:00:00+09:00,174.0,176.0,171.0,172.0,237200,0.0,0.0
2024-04-02 00:00:00+09:00,169.0,170.0,165.0,167.0,307100,0.0,0.0
2024-04-03 00:00:00+09:00,166.0,169.0,165.0,167.0,81700,0.0,0.0
2024-04-04 00:00:00+09:00,182.0,215.0,174.0,177.0,14781000,0.0,0.0
2024-04-05 00:00:00+09:00,174.0,175.0,170.0,170.0,725200,0.0,0.0
2024-04-08 00:00:00+09:00,172.0,174.0,170.0,170.0,206200,0.0,0.0
2024-04-09 00:00:00+09:00,170.0,171.0,169.0,169.0,191600,0.0,0.0
2024-04-10 00:00:00+09:00,170.0,172.0,169.0,172.0,188400,0.0,0.0
2024-04-11 00:00:00+09:00,169.0,172.0,169.0,171.0,141000,0.0,0.0
2024-04-12 00:00:00+09:00,173.0,173.0,171.0,171.0,181500,0.0,0.0
2024-04-15 00:00:00+09:00,172.0,172.0,170.0,170.0,119300,0.0,0.0
2024-04-16 00:00:00+09:00,169.0,170.0,165.0,167.0,266100,0.0,0.0
2024-04-17 00:00:00+09:00,167.0,167.0,165.0,165.0,96400,0.0,0.0
2024-04-18 00:00:00+09:00,165.0,168.0,165.0,167.0,57900,0.0,0.0
2024-04-19 00:00:00+09:00,166.0,166.0,162.0,163.0,216900,0.0,0.0
2024-04-22 00:00:00+09:00,163.0,165.0,162.0,163.0,92500,0.0,0.0
2024-04-23 00:00:00+09:00,164.0,167.0,164.0,167.0,134600,0.0,0.0
2024-04-24 00:00:00+09:00,167.0,168.0,166.0,167.0,108700,0.0,0.0
2024-04-25 00:00:00+09:00,165.0,171.0,165.0,170.0,92800,0.0,0.0
2024-04-26 00:00:00+09:00,168.0,168.0,166.0,166.0,72600,0.0,0.0
2024-04-30 00:00:00+09:00,168.0,170.0,167.0,170.0,72000,0.0,0.0
2024-05-01 00:00:00+09:00,169.0,171.0,168.0,169.0,57900,0.0,0.0
2024-05-02 00:00:00+09:00,168.0,170.0,168.0,168.0,38000,0.0,0.0
2024-05-07 00:00:00+09:00,169.0,171.0,168.0,170.0,100900,0.0,0.0
2024-05-08 00:00:00+09:00,169.0,171.0,169.0,170.0,29900,0.0,0.0
2024-05-09 00:00:00+09:00,169.0,170.0,168.0,170.0,29700,0.0,0.0
2024-05-10 00:00:00+09:00,169.0,170.0,166.0,168.0,54200,0.0,0.0
2024-05-13 00:00:00+09:00,168.0,169.0,167.0,169.0,41000,0.0,0.0
2024-05-14 00:00:00+09:00,169.0,170.0,167.0,169.0,48800,0.0,0.0
2024-05-15 00:00:00+09:00,171.0,171.0,168.0,169.0,41900,0.0,0.0
2024-05-16 00:00:00+09:00,168.0,171.0,167.0,170.0,143300,0.0,0.0
2024-05-17 00:00:00+09:00,170.0,171.0,169.0,171.0,44000,0.0,0.0
2024-05-20 00:00:00+09:00,171.0,173.0,171.0,172.0,62600,0.0,0.0
2024-05-21 00:00:00+09:00,173.0,173.0,171.0,173.0,54400,0.0,0.0
2024-05-22 00:00:00+09:00,173.0,173.0,171.0,173.0,58600,0.0,0.0
2024-05-23 00:00:00+09:00,174.0,174.0,172.0,172.0,29700,0.0,0.0
2024-05-24 00:00:00+09:00,170.0,173.0,169.0,172.0,37400,0.0,0.0
2024-05-27 00:00:00+09:00,172.0,172.0,171.0,172.0,24000,0.0,0.0
2024-05-28 00:00:00+09:00,172.0,173.0,171.0,173.0,38300,0.0,0.0
2024-05-29 00:00:00+09:00,174.0,174.0,170.0,170.0,50000,0.0,0.0
2024-05-30 00:00:00+09:00,169.0,170.0,168.0,169.0,27400,0.0,0.0
2024-05-31 00:00:00+09:00,171.0,173.0,170.0,172.0,30000,0.0,0.0
2024-06-03 00:00:00+09:00,174.0,174.0,171.0,173.0,27800,0.0,0.0
2024-06-04 00:00:00+09:00,173.0,174.0,171.0,174.0,16400,0.0,0.0
2024-06-05 00:00:00+09:00,173.0,173.0,171.0,173.0,15100,0.0,0.0
2024-06-06 00:00:00+09:00,171.0,174.0,171.0,174.0,241100,0.0,0.0
2024-06-07 00:00:00+09:00,172.0,173.0,171.0,173.0,28200,0.0,0.0
2024-06-10 00:00:00+09:00,173.0,173.0,172.0,173.0,20800,0.0,0.0
2024-06-11 00:00:00+09:00,172.0,173.0,171.0,173.0,9800,0.0,0.0
2024-06-12 00:00:00+09:00,171.0,172.0,170.0,170.0,22300,0.0,0.0
2024-06-13 00:00:00+09:00,170.0,171.0,169.0,170.0,13600,0.0,0.0
2024-06-14 00:00:00+09:00,171.0,171.0,169.0,170.0,23100,0.0,0.0
2024-06-17 00:00:00+09:00,170.0,170.0,167.0,169.0,46800,0.0,0.0
2024-06-18 00:00:00+09:00,168.0,170.0,167.0,169.0,203500,0.0,0.0
2024-06-19 00:00:00+09:00,168.0,172.0,168.0,172.0,42400,0.0,0.0
2024-06-20 00:00:00+09:00,171.0,172.0,170.0,172.0,24400,0.0,0.0
2024-06-21 00:00:00+09:00,171.0,173.0,171.0,173.0,29700,0.0,0.0
2024-06-24 00:00:00+09:00,172.0,174.0,171.0,174.0,96900,0.0,0.0
2024-06-25 00:00:00+09:00,174.0,176.0,171.0,172.0,177000,0.0,0.0
2024-06-26 00:00:00+09:00,172.0,175.0,171.0,175.0,30600,0.0,0.0
2024-06-27 00:00:00+09:00,174.0,175.0,172.0,174.0,64300,0.0,0.0
2024-06-28 00:00:00+09:00,175.0,175.0,171.0,174.0,139700,0.0,0.0
2024-07-01 00:00:00+09:00,164.0,168.0,162.0,167.0,259000,0.0,0.0
2024-07-02 00:00:00+09:00,167.0,168.0,165.0,166.0,72800,0.0,0.0
2024-07-03 00:00:00+09:00,165.0,166.0,164.0,164.0,97500,0.0,0.0
2024-07-04 00:00:00+09:00,164.0,164.0,161.0,162.0,297200,0.0,0.0
2024-07-05 00:00:00+09:00,162.0,163.0,161.0,162.0,164000,0.0,0.0
2024-07-08 00:00:00+09:00,162.0,165.0,161.0,165.0,71800,0.0,0.0
2024-07-09 00:00:00+09:00,164.0,165.0,163.0,163.0,66700,0.0,0.0
2024-07-10 00:00:00+09:00,163.0,164.0,162.0,164.0,59700,0.0,0.0
2024-07-11 00:00:00+09:00,164.0,165.0,163.0,163.0,81800,0.0,0.0
2024-07-12 00:00:00+09:00,165.0,165.0,163.0,163.0,79300,0.0,0.0
2024-07-16 00:00:00+09:00,163.0,165.0,163.0,165.0,42000,0.0,0.0
2024-07-17 00:00:00+09:00,165.0,166.0,164.0,165.0,61200,0.0,0.0
2024-07-18 00:00:00+09:00,165.0,166.0,164.0,165.0,31300,0.0,0.0
2024-07-19 00:00:00+09:00,165.0,166.0,164.0,166.0,79100,0.0,0.0
2024-07-22 00:00:00+09:00,165.0,165.0,163.0,165.0,30000,0.0,0.0
2024-07-23 00:00:00+09:00,165.0,165.0,164.0,164.0,13500,0.0,0.0
2024-07-24 00:00:00+09:00,165.0,165.0,164.0,165.0,78400,0.0,0.0
2024-07-25 00:00:00+09:00,164.0,164.0,162.0,164.0,48300,0.0,0.0
2024-07-26 00:00:00+09:00,163.0,165.0,163.0,165.0,38300,0.0,0.0
2024-07-29 00:00:00+09:00,165.0,165.0,163.0,165.0,58300,0.0,0.0
2024-07-30 00:00:00+09:00,164.0,165.0,163.0,163.0,29000,0.0,0.0
2024-07-31 00:00:00+09:00,162.0,164.0,162.0,163.0,53500,0.0,0.0
2024-08-01 00:00:00+09:00,162.0,163.0,162.0,163.0,12500,0.0,0.0
2024-08-02 00:00:00+09:00,153.0,157.0,152.0,152.0,300900,0.0,0.0
2024-08-05 00:00:00+09:00,140.0,140.0,102.0,102.0,416600,0.0,0.0
2024-08-06 00:00:00+09:00,112.0,122.0,112.0,114.0,633900,0.0,0.0
2024-08-07 00:00:00+09:00,114.0,127.0,113.0,126.0,274600,0.0,0.0
2024-08-08 00:00:00+09:00,123.0,129.0,123.0,126.0,109900,0.0,0.0
2024-08-09 00:00:00+09:00,130.0,130.0,125.0,127.0,58200,0.0,0.0
2024-08-13 00:00:00+09:00,130.0,136.0,130.0,136.0,168000,0.0,0.0
2024-08-14 00:00:00+09:00,133.0,136.0,132.0,133.0,109200,0.0,0.0
2024-08-15 00:00:00+09:00,135.0,139.0,133.0,137.0,66700,0.0,0.0
2024-08-16 00:00:00+09:00,140.0,143.0,139.0,142.0,54300,0.0,0.0
2024-08-19 00:00:00+09:00,140.0,142.0,140.0,142.0,70100,0.0,0.0
2024-08-20 00:00:00+09:00,142.0,143.0,141.0,142.0,22500,0.0,0.0
2024-08-21 00:00:00+09:00,142.0,142.0,140.0,142.0,30500,0.0,0.0
2024-08-22 00:00:00+09:00,142.0,143.0,141.0,142.0,39200,0.0,0.0
2024-08-23 00:00:00+09:00,142.0,143.0,141.0,142.0,44500,0.0,0.0
2024-08-26 00:00:00+09:00,143.0,143.0,140.0,143.0,19900,0.0,0.0
2024-08-27 00:00:00+09:00,143.0,145.0,142.0,145.0,26800,0.0,0.0
2024-08-28 00:00:00+09:00,144.0,150.0,142.0,149.0,53700,0.0,0.0
2024-08-29 00:00:00+09:00,148.0,148.0,146.0,146.0,6900,0.0,0.0
2024-08-30 00:00:00+09:00,149.0,150.0,147.0,150.0,12600,0.0,0.0
2024-09-02 00:00:00+09:00,150.0,150.0,147.0,150.0,44400,0.0,0.0
2024-09-03 00:00:00+09:00,148.0,150.0,147.0,148.0,81200,0.0,0.0
2024-09-04 00:00:00+09:00,145.0,145.0,141.0,141.0,110800,0.0,0.0
2024-09-05 00:00:00+09:00,141.0,145.0,140.0,142.0,34600,0.0,0.0
2024-09-06 00:00:00+09:00,144.0,148.0,139.0,139.0,52000,0.0,0.0
2024-09-09 00:00:00+09:00,136.0,140.0,135.0,140.0,47100,0.0,0.0
2024-09-10 00:00:00+09:00,140.0,140.0,137.0,140.0,19600,0.0,0.0
2024-09-11 00:00:00+09:00,139.0,139.0,135.0,136.0,41800,0.0,0.0
2024-09-12 00:00:00+09:00,137.0,141.0,137.0,140.0,28800,0.0,0.0
2024-09-13 00:00:00+09:00,139.0,139.0,138.0,139.0,21300,0.0,0.0
2024-09-17 00:00:00+09:00,141.0,141.0,137.0,138.0,19900,0.0,0.0
2024-09-18 00:00:00+09:00,138.0,139.0,134.0,137.0,91200,0.0,0.0
2024-09-19 00:00:00+09:00,137.0,138.0,136.0,137.0,46100,0.0,0.0
2024-09-20 00:00:00+09:00,137.0,138.0,136.0,136.0,57000,0.0,0.0
2024-09-24 00:00:00+09:00,136.0,136.0,134.0,134.0,36800,0.0,0.0
2024-09-25 00:00:00+09:00,135.0,135.0,132.0,132.0,36200,0.0,0.0
2024-09-26 00:00:00+09:00,134.0,137.0,131.0,132.0,88500,0.0,0.0
2024-09-27 00:00:00+09:00,133.0,138.0,132.0,133.0,180600,0.0,0.0
2024-09-30 00:00:00+09:00,132.0,133.0,128.0,133.0,218900,0.0,0.0
2024-10-01 00:00:00+09:00,134.0,134.0,130.0,132.0,91400,0.0,0.0
2024-10-02 00:00:00+09:00,133.0,133.0,129.0,131.0,61400,0.0,0.0
2024-10-03 00:00:00+09:00,130.0,131.0,129.0,130.0,96300,0.0,0.0
2024-10-04 00:00:00+09:00,129.0,132.0,129.0,132.0,101500,0.0,0.0
2024-10-07 00:00:00+09:00,133.0,133.0,130.0,131.0,68000,0.0,0.0
2024-10-08 00:00:00+09:00,131.0,131.0,129.0,131.0,55900,0.0,0.0
2024-10-09 00:00:00+09:00,131.0,132.0,130.0,131.0,15500,0.0,0.0
2024-10-10 00:00:00+09:00,132.0,132.0,131.0,131.0,15900,0.0,0.0
2024-10-11 00:00:00+09:00,130.0,131.0,130.0,130.0,22300,0.0,0.0
2024-10-15 00:00:00+09:00,131.0,131.0,129.0,130.0,23400,0.0,0.0
2024-10-16 00:00:00+09:00,129.0,130.0,129.0,129.0,25900,0.0,0.0
2024-10-17 00:00:00+09:00,129.0,130.0,129.0,130.0,19000,0.0,0.0
2024-10-18 00:00:00+09:00,129.0,130.0,129.0,130.0,64800,0.0,0.0
2024-10-21 00:00:00+09:00,130.0,131.0,129.0,130.0,41200,0.0,0.0
2024-10-22 00:00:00+09:00,129.0,130.0,127.0,129.0,26600,0.0,0.0
2024-10-23 00:00:00+09:00,129.0,130.0,129.0,129.0,53500,0.0,0.0
2024-10-24 00:00:00+09:00,130.0,130.0,128.0,129.0,31500,0.0,0.0
2024-10-25 00:00:00+09:00,129.0,129.0,127.0,127.0,23600,0.0,0.0
2024-10-28 00:00:00+09:00,128.0,130.0,127.0,130.0,19800,0.0,0.0
2024-10-29 00:00:00+09:00,129.0,131.0,129.0,131.0,42600,0.0,0.0
2024-10-30 00:00:00+09:00,129.0,130.0,129.0,130.0,27400,0.0,0.0
2024-10-31 00:00:00+09:00,130.0,131.0,128.0,131.0,51800,0.0,0.0
2024-11-01 00:00:00+09:00,131.0,131.0,130.0,130.0,27900,0.0,0.0
2024-11-05 00:00:00+09:00,132.0,133.0,130.0,133.0,32900,0.0,0.0
2024-11-06 00:00:00+09:00,133.0,135.0,131.0,131.0,32500,0.0,0.0
2024-11-07 00:00:00+09:00,132.0,134.0,131.0,131.0,38300,0.0,0.0
2024-11-08 00:00:00+09:00,131.0,132.0,131.0,131.0,11700,0.0,0.0
2024-11-11 00:00:00+09:00,131.0,132.0,131.0,131.0,3100,0.0,0.0
2024-11-12 00:00:00+09:00,133.0,133.0,130.0,131.0,40000,0.0,0.0
2024-11-13 00:00:00+09:00,131.0,131.0,130.0,130.0,15300,0.0,0.0
2024-11-14 00:00:00+09:00,131.0,131.0,130.0,131.0,22500,0.0,0.0
2024-11-15 00:00:00+09:00,131.0,132.0,130.0,131.0,15200,0.0,0.0
2024-11-18 00:00:00+09:00,131.0,131.0,130.0,130.0,34500,0.0,0.0
2024-11-19 00:00:00+09:00,131.0,132.0,131.0,132.0,19100,0.0,0.0
2024-11-20 00:00:00+09:00,131.0,131.0,130.0,130.0,22900,0.0,0.0
2024-11-21 00:00:00+09:00,130.0,132.0,130.0,132.0,15600,0.0,0.0
2024-11-22 00:00:00+09:00,132.0,133.0,131.0,132.0,393700,0.0,0.0
2024-11-25 00:00:00+09:00,135.0,138.0,134.0,138.0,89300,0.0,0.0
2024-11-26 00:00:00+09:00,137.0,143.0,136.0,142.0,158400,0.0,0.0
2024-11-27 00:00:00+09:00,142.0,143.0,132.0,133.0,126700,0.0,0.0
2024-11-28 00:00:00+09:00,131.0,133.0,131.0,132.0,33500,0.0,0.0
2024-11-29 00:00:00+09:00,132.0,133.0,126.0,129.0,91300,0.0,0.0
2024-12-02 00:00:00+09:00,129.0,130.0,128.0,128.0,49300,0.0,0.0
2024-12-03 00:00:00+09:00,128.0,130.0,126.0,128.0,66400,0.0,0.0
2024-12-04 00:00:00+09:00,128.0,129.0,127.0,128.0,18800,0.0,0.0
2024-12-05 00:00:00+09:00,128.0,129.0,127.0,127.0,36500,0.0,0.0
2024-12-06 00:00:00+09:00,128.0,128.0,126.0,128.0,30600,0.0,0.0
2024-12-09 00:00:00+09:00,127.0,134.0,126.0,131.0,217400,0.0,0.0
2024-12-10 00:00:00+09:00,131.0,131.0,129.0,131.0,47200,0.0,0.0
2024-12-11 00:00:00+09:00,131.0,131.0,129.0,129.0,25700,0.0,0.0
2024-12-12 00:00:00+09:00,129.0,132.0,129.0,131.0,79700,0.0,0.0
2024-12-13 00:00:00+09:00,129.0,131.0,129.0,130.0,31900,0.0,0.0
2024-12-16 00:00:00+09:00,130.0,130.0,128.0,129.0,40000,0.0,0.0
2024-12-17 00:00:00+09:00,128.0,129.0,127.0,129.0,136000,0.0,0.0
2024-12-18 00:00:00+09:00,129.0,130.0,128.0,129.0,39900,0.0,0.0
2024-12-19 00:00:00+09:00,129.0,129.0,128.0,129.0,19300,0.0,0.0
2024-12-20 00:00:00+09:00,129.0,130.0,128.0,129.0,61700,0.0,0.0
2024-12-23 00:00:00+09:00,128.0,129.0,125.0,127.0,93000,0.0,0.0
2024-12-24 00:00:00+09:00,126.0,130.0,120.0,124.0,302700,0.0,0.0
2024-12-25 00:00:00+09:00,126.0,126.0,119.0,124.0,204400,0.0,0.0
2024-12-26 00:00:00+09:00,121.0,130.0,121.0,129.0,256300,0.0,0.0
2024-12-27 00:00:00+09:00,128.0,133.0,127.0,133.0,174900,0.0,0.0
2024-12-30 00:00:00+09:00,128.0,129.0,123.0,123.0,272700,0.0,0.0
2025-01-06 00:00:00+09:00,123.0,124.0,122.0,123.0,123300,0.0,0.0
2025-01-07 00:00:00+09:00,122.0,125.0,122.0,124.0,61800,0.0,0.0
2025-01-08 00:00:00+09:00,123.0,125.0,123.0,123.0,28200,0.0,0.0
2025-01-09 00:00:00+09:00,124.0,124.0,120.0,121.0,140900,0.0,0.0
2025-01-10 00:00:00+09:00,121.0,122.0,118.0,118.0,88900,0.0,0.0
2025-01-14 00:00:00+09:00,119.0,119.0,116.0,119.0,51300,0.0,0.0
2025-01-15 00:00:00+09:00,120.0,121.0,119.0,121.0,52800,0.0,0.0
2025-01-16 00:00:00+09:00,120.0,122.0,119.0,119.0,57200,0.0,0.0
2025-01-17 00:00:00+09:00,119.0,120.0,118.0,120.0,51500,0.0,0.0
2025-01-20 00:00:00+09:00,121.0,122.0,120.0,122.0,31800,0.0,0.0
2025-01-21 00:00:00+09:00,121.0,126.0,121.0,125.0,218600,0.0,0.0
2025-01-22 00:00:00+09:00,160.0,172.0,155.0,160.0,6135100,0.0,0.0
2025-01-23 00:00:00+09:00,160.0,160.0,149.0,152.0,759600,0.0,0.0
2025-01-24 00:00:00+09:00,149.0,149.0,145.0,147.0,295600,0.0,0.0
2025-01-27 00:00:00+09:00,149.0,150.0,145.0,145.0,290400,0.0,0.0
2025-01-28 00:00:00+09:00,148.0,148.0,144.0,145.0,138200,0.0,0.0
2025-01-29 00:00:00+09:00,146.0,147.0,144.0,144.0,113100,0.0,0.0
2025-01-30 00:00:00+09:00,145.0,146.0,142.0,143.0,194400,0.0,0.0
2025-01-31 00:00:00+09:00,146.0,146.0,141.0,142.0,179900,0.0,0.0
2025-02-03 00:00:00+09:00,143.0,143.0,140.0,140.0,95500,0.0,0.0
2025-02-04 00:00:00+09:00,142.0,145.0,142.0,145.0,56700,0.0,0.0
2025-02-05 00:00:00+09:00,145.0,148.0,144.0,148.0,68000,0.0,0.0
2025-02-06 00:00:00+09:00,148.0,149.0,146.0,147.0,43400,0.0,0.0
2025-02-07 00:00:00+09:00,149.0,149.0,145.0,146.0,48500,0.0,0.0
2025-02-10 00:00:00+09:00,147.0,147.0,145.0,146.0,44000,0.0,0.0
2025-02-12 00:00:00+09:00,147.0,147.0,145.0,145.0,32500,0.0,0.0
2025-02-13 00:00:00+09:00,145.0,147.0,145.0,145.0,100700,0.0,0.0
2025-02-14 00:00:00+09:00,145.0,145.0,143.0,145.0,35200,0.0,0.0
2025-02-17 00:00:00+09:00,145.0,146.0,144.0,144.0,57200,0.0,0.0
2025-02-18 00:00:00+09:00,145.0,147.0,144.0,146.0,154000,0.0,0.0
2025-02-19 00:00:00+09:00,143.0,147.0,143.0,146.0,196400,0.0,0.0
2025-02-20 00:00:00+09:00,144.0,144.0,141.0,143.0,63100,0.0,0.0
2025-02-21 00:00:00+09:00,142.0,142.0,140.0,141.0,46600,0.0,0.0
2025-02-25 00:00:00+09:00,139.0,140.0,138.0,139.0,67300,0.0,0.0
2025-02-26 00:00:00+09:00,138.0,140.0,137.0,139.0,49700,0.0,0.0
2025-02-27 00:00:00+09:00,138.0,139.0,136.0,138.0,21500,0.0,0.0
2025-02-28 00:00:00+09:00,136.0,137.0,135.0,135.0,30900,0.0,0.0
2025-03-03 00:00:00+09:00,134.0,137.0,134.0,135.0,25200,0.0,0.0
2025-03-04 00:00:00+09:00,138.0,138.0,135.0,136.0,27400,0.0,0.0
2025-03-05 00:00:00+09:00,137.0,138.0,135.0,138.0,43800,0.0,0.0
2025-03-06 00:00:00+09:00,136.0,141.0,136.0,137.0,53300,0.0,0.0
2025-03-07 00:00:00+09:00,136.0,137.0,136.0,136.0,559900,0.0,0.0
2025-03-10 00:00:00+09:00,140.0,142.0,137.0,140.0,46700,0.0,0.0
2025-03-11 00:00:00+09:00,138.0,140.0,137.0,138.0,11800,0.0,0.0
2025-03-12 00:00:00+09:00,138.0,140.0,138.0,139.0,12300,0.0,0.0
2025-03-13 00:00:00+09:00,140.0,142.0,140.0,142.0,34700,0.0,0.0
2025-03-14 00:00:00+09:00,142.0,142.0,140.0,140.0,26900,0.0,0.0
2025-03-17 00:00:00+09:00,140.0,143.0,139.0,143.0,38500,0.0,0.0
2025-03-18 00:00:00+09:00,143.0,144.0,135.0,140.0,108400,0.0,0.0
2025-03-19 00:00:00+09:00,139.0,141.0,139.0,141.0,63900,0.0,0.0
2025-03-21 00:00:00+09:00,141.0,164.0,139.0,142.0,673600,0.0,0.0
2025-03-24 00:00:00+09:00,142.0,157.0,140.0,147.0,614500,0.0,0.0
2025-03-25 00:00:00+09:00,147.0,168.0,145.0,151.0,806900,0.0,0.0
2025-03-26 00:00:00+09:00,152.0,152.0,147.0,149.0,113800,0.0,0.0
2025-03-27 00:00:00+09:00,150.0,150.0,145.0,146.0,173700,0.0,0.0
2025-03-28 00:00:00+09:00,148.0,148.0,142.0,144.0,236200,0.0,0.0
2025-03-31 00:00:00+09:00,146.0,147.0,142.0,146.0,207700,0.0,0.0
2025-04-01 00:00:00+09:00,146.0,146.0,142.0,144.0,151500,0.0,0.0
2025-04-02 00:00:00+09:00,141.0,147.0,138.0,144.0,3096800,0.0,0.0
2025-04-03 00:00:00+09:00,138.0,144.0,138.0,142.0,163800,0.0,0.0
2025-04-04 00:00:00+09:00,138.0,138.0,127.0,130.0,203200,0.0,0.0
2025-04-07 00:00:00+09:00,120.0,121.0,114.0,118.0,280200,0.0,0.0
2025-04-08 00:00:00+09:00,122.0,126.0,121.0,126.0,93600,0.0,0.0
2025-04-09 00:00:00+09:00,125.0,125.0,118.0,123.0,67600,0.0,0.0
2025-04-10 00:00:00+09:00,129.0,139.0,123.0,137.0,6210000,0.0,0.0
2025-04-11 00:00:00+09:00,132.0,138.0,131.0,133.0,421900,0.0,0.0
2025-04-14 00:00:00+09:00,134.0,147.0,131.0,133.0,500300,0.0,0.0
2025-04-15 00:00:00+09:00,137.0,147.0,135.0,137.0,602100,0.0,0.0
2025-04-16 00:00:00+09:00,140.0,145.0,135.0,135.0,3111700,0.0,0.0
2025-04-17 00:00:00+09:00,136.0,138.0,133.0,137.0,139300,0.0,0.0
2025-04-18 00:00:00+09:00,136.0,143.0,136.0,143.0,272200,0.0,0.0
2025-04-21 00:00:00+09:00,139.0,148.0,135.0,139.0,702300,0.0,0.0
2025-04-22 00:00:00+09:00,138.0,139.0,134.0,136.0,137100,0.0,0.0
2025-04-23 00:00:00+09:00,136.0,136.0,133.0,135.0,97700,0.0,0.0
2025-04-24 00:00:00+09:00,135.0,135.0,130.0,131.0,118800,0.0,0.0
2025-04-25 00:00:00+09:00,132.0,132.0,131.0,131.0,53800,0.0,0.0
2025-04-28 00:00:00+09:00,132.0,135.0,132.0,135.0,116800,0.0,0.0
2025-04-30 00:00:00+09:00,135.0,183.0,131.0,183.0,4815400,0.0,0.0
2025-05-01 00:00:00+09:00,169.0,212.0,142.0,150.0,13988100,0.0,0.0
2025-05-02 00:00:00+09:00,145.0,149.0,139.0,141.0,2401300,0.0,0.0
2025-05-07 00:00:00+09:00,141.0,144.0,139.0,140.0,587000,0.0,0.0
2025-05-08 00:00:00+09:00,141.0,143.0,140.0,141.0,225300,0.0,0.0
2025-05-09 00:00:00+09:00,140.0,144.0,139.0,142.0,305600,0.0,0.0
2025-05-12 00:00:00+09:00,143.0,149.0,142.0,143.0,550000,0.0,0.0
2025-05-13 00:00:00+09:00,145.0,148.0,143.0,146.0,195800,0.0,0.0
2025-05-14 00:00:00+09:00,146.0,151.0,145.0,148.0,243500,0.0,0.0
2025-05-15 00:00:00+09:00,149.0,152.0,147.0,147.0,139500,0.0,0.0
2025-05-16 00:00:00+09:00,149.0,155.0,146.0,151.0,321800,0.0,0.0
2025-05-19 00:00:00+09:00,155.0,162.0,153.0,157.0,446000,0.0,0.0
2025-05-20 00:00:00+09:00,162.0,165.0,156.0,156.0,533300,0.0,0.0
2025-05-21 00:00:00+09:00,159.0,177.0,157.0,166.0,1133300,0.0,0.0
2025-05-22 00:00:00+09:00,165.0,166.0,152.0,153.0,911200,0.0,0.0
2025-05-23 00:00:00+09:00,154.0,155.0,148.0,149.0,231800,0.0,0.0
2025-05-26 00:00:00+09:00,151.0,154.0,150.0,151.0,105900,0.0,0.0
2025-05-27 00:00:00+09:00,152.0,156.0,147.0,150.0,186200,0.0,0.0
2025-05-28 00:00:00+09:00,152.0,156.0,151.0,155.0,119900,0.0,0.0
2025-05-29 00:00:00+09:00,155.0,156.0,153.0,153.0,48600,0.0,0.0
2025-05-30 00:00:00+09:00,153.0,156.0,152.0,154.0,109300,0.0,0.0
2025-06-02 00:00:00+09:00,154.0,154.0,151.0,154.0,54200,0.0,0.0
2025-06-03 00:00:00+09:00,153.0,157.0,152.0,153.0,64100,0.0,0.0
2025-06-04 00:00:00+09:00,152.0,156.0,152.0,155.0,142800,0.0,0.0
2025-06-05 00:00:00+09:00,155.0,155.0,153.0,154.0,13900,0.0,0.0
2025-06-06 00:00:00+09:00,154.0,154.0,152.0,153.0,30300,0.0,0.0
2025-06-09 00:00:00+09:00,152.0,153.0,151.0,153.0,52000,0.0,0.0
2025-06-10 00:00:00+09:00,153.0,156.0,151.0,156.0,69800,0.0,0.0
2025-06-11 00:00:00+09:00,153.0,159.0,153.0,157.0,138900,0.0,0.0
2025-06-12 00:00:00+09:00,157.0,157.0,154.0,157.0,27500,0.0,0.0
2025-06-13 00:00:00+09:00,157.0,157.0,152.0,153.0,88700,0.0,0.0
2025-06-16 00:00:00+09:00,154.0,160.0,154.0,158.0,165700,0.0,0.0
2025-06-17 00:00:00+09:00,158.0,163.0,157.0,163.0,86700,0.0,0.0
2025-06-18 00:00:00+09:00,163.0,163.0,161.0,162.0,106400,0.0,0.0
2025-06-19 00:00:00+09:00,163.0,169.0,163.0,166.0,274500,0.0,0.0
2025-06-20 00:00:00+09:00,164.0,166.0,158.0,158.0,163500,0.0,0.0
2025-06-23 00:00:00+09:00,159.0,159.0,156.0,157.0,51300,0.0,0.0
2025-06-24 00:00:00+09:00,158.0,159.0,155.0,159.0,132100,0.0,0.0
2025-06-25 00:00:00+09:00,158.0,158.0,153.0,157.0,115800,0.0,0.0
2025-06-26 00:00:00+09:00,157.0,158.0,152.0,156.0,116200,0.0,0.0
2025-06-27 00:00:00+09:00,157.0,162.0,152.0,154.0,488100,0.0,0.0
2025-06-30 00:00:00+09:00,152.0,156.0,143.0,148.0,322800,0.0,0.0
2025-07-01 00:00:00+09:00,148.0,148.0,141.0,142.0,294700,0.0,0.0
2025-07-02 00:00:00+09:00,143.0,144.0,140.0,142.0,172800,0.0,0.0
2025-07-03 00:00:00+09:00,141.0,142.0,141.0,141.0,95400,0.0,0.0
2025-07-04 00:00:00+09:00,143.0,148.0,143.0,145.0,137900,0.0,0.0
2025-07-07 00:00:00+09:00,148.0,148.0,144.0,145.0,60100,0.0,0.0
2025-07-08 00:00:00+09:00,145.0,146.0,145.0,145.0,38200,0.0,0.0
2025-07-09 00:00:00+09:00,147.0,148.0,145.0,148.0,55500,0.0,0.0
2025-07-10 00:00:00+09:00,149.0,151.0,148.0,148.0,75300,0.0,0.0
2025-07-11 00:00:00+09:00,148.0,151.0,148.0,149.0,60500,0.0,0.0
2025-07-14 00:00:00+09:00,149.0,152.0,149.0,150.0,44100,0.0,0.0
2025-07-15 00:00:00+09:00,150.0,150.0,147.0,148.0,77500,0.0,0.0
2025-07-16 00:00:00+09:00,149.0,151.0,148.0,149.0,86500,0.0,0.0
2025-07-17 00:00:00+09:00,149.0,151.0,148.0,149.0,46100,0.0,0.0
2025-07-18 00:00:00+09:00,149.0,149.0,145.0,145.0,69800,0.0,0.0
2025-07-22 00:00:00+09:00,147.0,147.0,145.0,147.0,22100,0.0,0.0
2025-07-23 00:00:00+09:00,147.0,150.0,146.0,149.0,48200,0.0,0.0
2025-07-24 00:00:00+09:00,150.0,151.0,148.0,150.0,42100,0.0,0.0
2025-07-25 00:00:00+09:00,149.0,149.0,146.0,146.0,126500,0.0,0.0
2025-07-28 00:00:00+09:00,147.0,148.0,145.0,146.0,78500,0.0,0.0
2025-07-29 00:00:00+09:00,148.0,149.0,147.0,147.0,57800,0.0,0.0
2025-07-30 00:00:00+09:00,149.0,150.0,147.0,149.0,49800,0.0,0.0
2025-07-31 00:00:00+09:00,148.0,150.0,147.0,148.0,44400,0.0,0.0
2025-08-01 00:00:00+09:00,148.0,150.0,148.0,148.0,20400,0.0,0.0
2025-08-04 00:00:00+09:00,148.0,150.0,148.0,149.0,29600,0.0,0.0
2025-08-05 00:00:00+09:00,150.0,150.0,147.0,149.0,59900,0.0,0.0
2025-08-06 00:00:00+09:00,149.0,150.0,148.0,149.0,24200,0.0,0.0
2025-08-07 00:00:00+09:00,150.0,153.0,148.0,152.0,108100,0.0,0.0
2025-08-08 00:00:00+09:00,152.0,153.0,149.0,149.0,44100,0.0,0.0
2025-08-12 00:00:00+09:00,151.0,151.0,149.0,149.0,20500,0.0,0.0
2025-08-13 00:00:00+09:00,150.0,151.0,147.0,148.0,107300,0.0,0.0
2025-08-14 00:00:00+09:00,148.0,149.0,148.0,149.0,32700,0.0,0.0
2025-08-15 00:00:00+09:00,148.0,149.0,145.0,147.0,75000,0.0,0.0
2025-08-18 00:00:00+09:00,149.0,149.0,146.0,147.0,81800,0.0,0.0
2025-08-19 00:00:00+09:00,145.0,147.0,136.0,145.0,188000,0.0,0.0
2025-08-20 00:00:00+09:00,145.0,147.0,145.0,146.0,72400,0.0,0.0
2025-08-21 00:00:00+09:00,145.0,146.0,141.0,142.0,196500,0.0,0.0
2025-08-22 00:00:00+09:00,142.0,147.0,142.0,144.0,208100,0.0,0.0
2025-08-25 00:00:00+09:00,146.0,148.0,145.0,147.0,88800,0.0,0.0
2025-08-26 00:00:00+09:00,146.0,154.0,146.0,149.0,709600,0.0,0.0
2025-08-27 00:00:00+09:00,148.0,149.0,146.0,148.0,153600,0.0,0.0
2025-08-28 00:00:00+09:00,148.0,148.0,144.0,145.0,106300,0.0,0.0
2025-08-29 00:00:00+09:00,145.0,147.0,145.0,146.0,84400,0.0,0.0
2025-09-01 00:00:00+09:00,146.0,147.0,145.0,147.0,58900,0.0,0.0
2025-09-02 00:00:00+09:00,147.0,147.0,146.0,147.0,73400,0.0,0.0
2025-09-03 00:00:00+09:00,148.0,148.0,143.0,144.0,158900,0.0,0.0
2025-09-04 00:00:00+09:00,144.0,144.0,143.0,144.0,48000,0.0,0.0
2025-09-05 00:00:00+09:00,145.0,145.0,144.0,144.0,52400,0.0,0.0
2025-09-08 00:00:00+09:00,144.0,145.0,144.0,145.0,56600,0.0,0.0
2025-09-09 00:00:00+09:00,145.0,145.0,144.0,145.0,31600,0.0,0.0
2025-09-10 00:00:00+09:00,145.0,146.0,144.0,146.0,56700,0.0,0.0
2025-09-11 00:00:00+09:00,146.0,146.0,144.0,145.0,41400,0.0,0.0
2025-09-12 00:00:00+09:00,145.0,145.0,144.0,144.0,49300,0.0,0.0
2025-09-16 00:00:00+09:00,145.0,145.0,143.0,145.0,25400,0.0,0.0
2025-09-17 00:00:00+09:00,144.0,145.0,142.0,144.0,91600,0.0,0.0
2025-09-18 00:00:00+09:00,144.0,144.0,142.0,143.0,51100,0.0,0.0
2025-09-19 00:00:00+09:00,143.0,143.0,141.0,141.0,51000,0.0,0.0
2025-09-22 00:00:00+09:00,142.0,146.0,142.0,144.0,89700,0.0,0.0
2025-09-24 00:00:00+09:00,144.0,144.0,143.0,143.0,36400,0.0,0.0
2025-09-25 00:00:00+09:00,143.0,145.0,143.0,145.0,28500,0.0,0.0
2025-09-26 00:00:00+09:00,146.0,148.0,144.0,147.0,235600,0.0,0.0
2025-09-29 00:00:00+09:00,145.0,146.0,141.0,142.0,183000,0.0,0.0
2025-09-30 00:00:00+09:00,141.0,142.0,140.0,141.0,154600,0.0,0.0
2025-10-01 00:00:00+09:00,141.0,142.0,140.0,140.0,120200,0.0,0.0
2025-10-02 00:00:00+09:00,141.0,141.0,140.0,140.0,86400,0.0,0.0
2025-10-03 00:00:00+09:00,140.0,143.0,140.0,141.0,104000,0.0,0.0
2025-10-06 00:00:00+09:00,141.0,142.0,140.0,141.0,108900,0.0,0.0
2025-10-07 00:00:00+09:00,141.0,143.0,141.0,142.0,49400,0.0,0.0
2025-10-08 00:00:00+09:00,142.0,142.0,141.0,141.0,82900,0.0,0.0
2025-10-09 00:00:00+09:00,142.0,143.0,142.0,143.0,50700,0.0,0.0
2025-10-10 00:00:00+09:00,142.0,145.0,140.0,142.0,152900,0.0,0.0
2025-10-14 00:00:00+09:00,141.0,142.0,139.0,140.0,76100,0.0,0.0
2025-10-15 00:00:00+09:00,140.0,141.0,139.0,141.0,43700,0.0,0.0
2025-10-16 00:00:00+09:00,141.0,142.0,140.0,142.0,57800,0.0,0.0
2025-10-17 00:00:00+09:00,142.0,142.0,139.0,141.0,43600,0.0,0.0
2025-10-20 00:00:00+09:00,141.0,142.0,141.0,141.0,148600,0.0,0.0
2025-10-21 00:00:00+09:00,141.0,143.0,141.0,142.0,30300,0.0,0.0
2025-10-22 00:00:00+09:00,143.0,149.0,142.0,146.0,267100,0.0,0.0
2025-10-23 00:00:00+09:00,146.0,146.0,144.0,144.0,35000,0.0,0.0
2025-10-24 00:00:00+09:00,146.0,147.0,145.0,145.0,35600,0.0,0.0
2025-10-27 00:00:00+09:00,147.0,147.0,145.0,146.0,83400,0.0,0.0
2025-10-28 00:00:00+09:00,145.0,147.0,145.0,146.0,43200,0.0,0.0
2025-10-29 00:00:00+09:00,144.0,145.0,142.0,143.0,46600,0.0,0.0
2025-10-30 00:00:00+09:00,144.0,144.0,141.0,141.0,43100,0.0,0.0
2025-10-31 00:00:00+09:00,139.0,141.0,139.0,141.0,106800,0.0,0.0
2025-11-04 00:00:00+09:00,140.0,142.0,140.0,140.0,34900,0.0,0.0
2025-11-05 00:00:00+09:00,141.0,141.0,136.0,139.0,93000,0.0,0.0
2025-11-06 00:00:00+09:00,138.0,140.0,138.0,139.0,37600,0.0,0.0
2025-11-07 00:00:00+09:00,138.0,139.0,137.0,138.0,45300,0.0,0.0
2025-11-10 00:00:00+09:00,138.0,138.0,137.0,138.0,38500,0.0,0.0
2025-11-11 00:00:00+09:00,138.0,138.0,136.0,137.0,51000,0.0,0.0
2025-11-12 00:00:00+09:00,137.0,138.0,137.0,138.0,29500,0.0,0.0
2025-11-13 00:00:00+09:00,140.0,142.0,139.0,139.0,51300,0.0,0.0
2025-11-14 00:00:00+09:00,138.0,140.0,138.0,139.0,36000,0.0,0.0
2025-11-17 00:00:00+09:00,138.0,138.0,135.0,136.0,55900,0.0,0.0
2025-11-18 00:00:00+09:00,136.0,137.0,135.0,135.0,44700,0.0,0.0
2025-11-19 00:00:00+09:00,134.0,134.0,132.0,134.0,52800,0.0,0.0
2025-11-20 00:00:00+09:00,134.0,134.0,129.0,131.0,124200,0.0,0.0
2025-11-21 00:00:00+09:00,130.0,132.0,129.0,132.0,26200,0.0,0.0
2025-11-25 00:00:00+09:00,130.0,132.0,130.0,132.0,42300,0.0,0.0
2025-11-26 00:00:00+09:00,132.0,133.0,132.0,133.0,40700,0.0,0.0
2025-11-27 00:00:00+09:00,135.0,137.0,135.0,137.0,199300,0.0,0.0
2025-11-28 00:00:00+09:00,136.0,138.0,135.0,136.0,78900,0.0,0.0
2025-12-01 00:00:00+09:00,136.0,138.0,136.0,137.0,47600,0.0,0.0
2025-12-02 00:00:00+09:00,138.0,138.0,136.0,136.0,45500,0.0,0.0
2025-12-03 00:00:00+09:00,136.0,136.0,134.0,135.0,118100,0.0,0.0
2025-12-04 00:00:00+09:00,135.0,136.0,134.0,135.0,37800,0.0,0.0
2025-12-05 00:00:00+09:00,134.0,137.0,134.0,135.0,64000,0.0,0.0
2025-12-08 00:00:00+09:00,137.0,137.0,134.0,134.0,50300,0.0,0.0
2025-12-09 00:00:00+09:00,135.0,135.0,132.0,134.0,48700,0.0,0.0
2025-12-10 00:00:00+09:00,135.0,135.0,132.0,134.0,42400,0.0,0.0
2025-12-11 00:00:00+09:00,132.0,134.0,132.0,133.0,24800,0.0,0.0
2025-12-12 00:00:00+09:00,134.0,134.0,133.0,133.0,20200,0.0,0.0
2025-12-15 00:00:00+09:00,133.0,133.0,132.0,133.0,25000,0.0,0.0
2025-12-16 00:00:00+09:00,133.0,133.0,131.0,132.0,33000,0.0,0.0
2025-12-17 00:00:00+09:00,133.0,133.0,131.0,132.0,76500,0.0,0.0
2025-12-18 00:00:00+09:00,131.0,137.0,130.0,137.0,204200,0.0,0.0
2025-12-19 00:00:00+09:00,136.0,136.0,130.0,132.0,104500,0.0,0.0
2025-12-22 00:00:00+09:00,132.0,132.0,129.0,130.0,188400,0.0,0.0
2025-12-23 00:00:00+09:00,130.0,131.0,129.0,131.0,199300,0.0,0.0
2025-12-24 00:00:00+09:00,131.0,133.0,129.0,131.0,97000,0.0,0.0
2025-12-25 00:00:00+09:00,131.0,132.0,130.0,132.0,36400,0.0,0.0
2025-12-26 00:00:00+09:00,131.0,136.0,129.0,130.0,269600,0.0,0.0
2025-12-29 00:00:00+09:00,131.0,132.0,127.0,130.0,156900,0.0,0.0
2025-12-30 00:00:00+09:00,128.0,130.0,128.0,128.0,49300,0.0,0.0
2026-01-05 00:00:00+09:00,129.0,131.0,129.0,130.0,49800,0.0,0.0
2026-01-06 00:00:00+09:00,129.0,131.0,129.0,131.0,50600,0.0,0.0
2026-01-07 00:00:00+09:00,130.0,131.0,129.0,129.0,73600,0.0,0.0
2026-01-08 00:00:00+09:00,130.0,130.0,128.0,129.0,58500,0.0,0.0
2026-01-09 00:00:00+09:00,129.0,131.0,128.0,129.0,91600,0.0,0.0
2026-01-13 00:00:00+09:00,129.0,130.0,128.0,128.0,49800,0.0,0.0
2026-01-14 00:00:00+09:00,129.0,130.0,127.0,127.0,64200,0.0,0.0
2026-01-15 00:00:00+09:00,128.0,129.0,127.0,129.0,53100,0.0,0.0
2026-01-16 00:00:00+09:00,129.0,179.0,128.0,146.0,3257300,0.0,0.0
2026-01-19 00:00:00+09:00,141.0,146.0,136.0,136.0,676800,0.0,0.0
2026-01-20 00:00:00+09:00,136.0,138.0,132.0,136.0,356300,0.0,0.0
2026-01-21 00:00:00+09:00,151.0,161.0,143.0,155.0,4226900,0.0,0.0
2026-01-22 00:00:00+09:00,150.0,165.0,148.0,161.0,1831800,0.0,0.0
2026-01-23 00:00:00+09:00,161.0,171.0,156.0,158.0,847900,0.0,0.0
2026-01-26 00:00:00+09:00,154.0,160.0,148.0,159.0,452200,0.0,0.0
2026-01-27 00:00:00+09:00,164.0,166.0,153.0,159.0,1373500,0.0,0.0
2026-01-28 00:00:00+09:00,158.0,167.0,152.0,152.0,585500,0.0,0.0
2026-01-29 00:00:00+09:00,153.0,158.0,142.0,152.0,453200,0.0,0.0
2026-01-30 00:00:00+09:00,152.0,152.0,144.0,150.0,330500,0.0,0.0
2026-02-02 00:00:00+09:00,148.0,153.0,145.0,150.0,218900,0.0,0.0
2026-02-03 00:00:00+09:00,155.0,155.0,148.0,150.0,197700,0.0,0.0
2026-02-04 00:00:00+09:00,151.0,153.0,147.0,151.0,231900,0.0,0.0
2026-02-05 00:00:00+09:00,151.0,154.0,151.0,151.0,199300,0.0,0.0
2026-02-06 00:00:00+09:00,151.0,151.0,149.0,150.0,117600,0.0,0.0
2026-02-09 00:00:00+09:00,152.0,152.0,148.0,150.0,143700,0.0,0.0
2026-02-10 00:00:00+09:00,151.0,153.0,150.0,151.0,170000,0.0,0.0
2026-02-12 00:00:00+09:00,152.0,152.0,151.0,151.0,52400,0.0,0.0
2026-02-13 00:00:00+09:00,151.0,151.0,149.0,151.0,78900,0.0,0.0
2026-02-16 00:00:00+09:00,151.0,153.0,147.0,151.0,579700,0.0,0.0
2026-02-17 00:00:00+09:00,150.0,151.0,148.0,149.0,114000,0.0,0.0
2026-02-18 00:00:00+09:00,149.0,151.0,148.0,150.0,197100,0.0,0.0
2026-02-19 00:00:00+09:00,147.0,152.0,147.0,150.0,264000,0.0,0.0
2026-02-20 00:00:00+09:00,149.0,168.0,149.0,154.0,2242600,0.0,0.0
2026-02-24 00:00:00+09:00,151.0,157.0,150.0,152.0,257100,0.0,0.0
2026-02-25 00:00:00+09:00,152.0,153.0,150.0,152.0,221500,0.0,0.0
2026-02-26 00:00:00+09:00,152.0,157.0,151.0,151.0,299700,0.0,0.0
2026-02-27 00:00:00+09:00,154.0,160.0,152.0,157.0,891000,0.0,0.0
2026-03-02 00:00:00+09:00,156.0,158.0,150.0,153.0,623100,0.0,0.0
2026-03-03 00:00:00+09:00,154.0,154.0,150.0,153.0,344100,0.0,0.0
2026-03-04 00:00:00+09:00,148.0,151.0,138.0,143.0,640300,0.0,0.0
2026-03-05 00:00:00+09:00,149.0,151.0,145.0,149.0,240100,0.0,0.0
2026-03-06 00:00:00+09:00,148.0,149.0,146.0,149.0,75100,0.0,0.0
2026-03-09 00:00:00+09:00,144.0,145.0,132.0,137.0,925600,0.0,0.0
2026-03-10 00:00:00+09:00,139.0,140.0,135.0,140.0,292100,0.0,0.0
2026-03-11 00:00:00+09:00,140.0,143.0,138.0,141.0,190600,0.0,0.0
2026-03-12 00:00:00+09:00,141.0,142.0,137.0,138.0,198400,0.0,0.0
2026-03-13 00:00:00+09:00,138.0,138.0,135.0,137.0,155400,0.0,0.0
2026-03-16 00:00:00+09:00,137.0,139.0,135.0,138.0,200700,0.0,0.0
2026-03-17 00:00:00+09:00,139.0,140.0,135.0,136.0,151200,0.0,0.0
2026-03-18 00:00:00+09:00,135.0,135.0,126.0,127.0,804000,0.0,0.0
2026-03-19 00:00:00+09:00,127.0,128.0,119.0,120.0,827100,0.0,0.0
2026-03-23 00:00:00+09:00,119.0,119.0,116.0,116.0,259400,0.0,0.0
2026-03-24 00:00:00+09:00,121.0,122.0,119.0,121.0,662100,0.0,0.0
2026-03-25 00:00:00+09:00,123.0,125.0,122.0,125.0,179700,0.0,0.0
2026-03-26 00:00:00+09:00,125.0,125.0,123.0,123.0,96700,0.0,0.0
2026-03-27 00:00:00+09:00,124.0,127.0,123.0,126.0,422800,0.0,0.0
2026-03-30 00:00:00+09:00,117.0,121.0,115.0,121.0,483300,0.0,0.0
2026-03-31 00:00:00+09:00,120.0,120.0,116.0,116.0,310600,0.0,0.0
2026-04-01 00:00:00+09:00,119.0,119.0,116.0,118.0,157000,0.0,0.0
2026-04-02 00:00:00+09:00,119.0,119.0,115.0,118.0,299600,0.0,0.0
2026-04-03 00:00:00+09:00,118.0,119.0,117.0,119.0,111900,0.0,0.0
2026-04-06 00:00:00+09:00,118.0,119.0,118.0,119.0,64000,0.0,0.0
2026-04-07 00:00:00+09:00,119.0,121.0,119.0,120.0,68500,0.0,0.0
2026-04-08 00:00:00+09:00,121.0,122.0,119.0,120.0,152700,0.0,0.0
2026-04-09 00:00:00+09:00,120.0,122.0,119.0,120.0,61300,0.0,0.0
2026-04-10 00:00:00+09:00,121.0,121.0,120.0,121.0,60100,0.0,0.0
2026-04-13 00:00:00+09:00,119.0,120.0,119.0,119.0,39300,0.0,0.0
2026-04-14 00:00:00+09:00,119.0,122.0,119.0,121.0,88000,0.0,0.0
2026-04-15 00:00:00+09:00,122.0,122.0,120.0,121.0,49000,0.0,0.0
2026-04-16 00:00:00+09:00,122.0,124.0,121.0,123.0,103600,0.0,0.0
2026-04-17 00:00:00+09:00,122.0,123.0,121.0,122.0,97300,0.0,0.0
2026-04-20 00:00:00+09:00,123.0,124.0,121.0,124.0,45700,0.0,0.0
2026-04-21 00:00:00+09:00,123.0,125.0,122.0,125.0,86300,0.0,0.0
2026-04-22 00:00:00+09:00,125.0,125.0,122.0,123.0,57300,0.0,0.0
2026-04-23 00:00:00+09:00,123.0,123.0,118.0,119.0,94200,0.0,0.0
2026-04-24 00:00:00+09:00,121.0,121.0,117.0,118.0,61300,0.0,0.0
2026-04-27 00:00:00+09:00,120.0,121.0,119.0,120.0,24000,0.0,0.0
2026-04-28 00:00:00+09:00,119.0,123.0,119.0,123.0,45900,0.0,0.0
2026-04-30 00:00:00+09:00,122.0,123.0,119.0,120.0,31000,0.0,0.0
2026-05-01 00:00:00+09:00,120.0,121.0,119.0,120.0,18500,0.0,0.0
2026-05-07 00:00:00+09:00,121.0,121.0,119.0,119.0,23400,0.0,0.0
2026-05-08 00:00:00+09:00,119.0,120.0,116.0,118.0,58100,0.0,0.0
2026-05-11 00:00:00+09:00,119.0,119.0,116.0,117.0,46700,0.0,0.0
2026-05-12 00:00:00+09:00,117.0,118.0,116.0,117.0,25800,0.0,0.0
2026-05-13 00:00:00+09:00,117.0,121.0,115.0,118.0,91500,0.0,0.0
2026-05-14 00:00:00+09:00,118.0,119.0,116.0,117.0,16900,0.0,0.0
2026-05-15 00:00:00+09:00,118.0,118.0,114.0,115.0,79100,0.0,0.0
2026-05-18 00:00:00+09:00,114.0,115.0,108.0,109.0,177500,0.0,0.0
2026-05-19 00:00:00+09:00,109.0,111.0,108.0,109.0,78800,0.0,0.0
2026-05-20 00:00:00+09:00,108.0,110.0,108.0,110.0,55600,0.0,0.0
2026-05-21 00:00:00+09:00,110.0,110.0,109.0,109.0,25900,0.0,0.0
2026-05-22 00:00:00+09:00,110.0,111.0,109.0,110.0,64600,0.0,0.0
2026-05-25 00:00:00+09:00,110.0,112.0,110.0,112.0,39500,0.0,0.0
2026-05-26 00:00:00+09:00,110.0,112.0,110.0,111.0,15400,0.0,0.0
2026-05-27 00:00:00+09:00,110.0,110.0,109.0,109.0,50700,0.0,0.0
2026-05-28 00:00:00+09:00,109.0,111.0,109.0,110.0,21700,0.0,0.0
2026-05-29 00:00:00+09:00,110.0,111.0,109.0,110.0,9900,0.0,0.0
2026-06-01 00:00:00+09:00,110.0,111.0,109.0,110.0,61800,0.0,0.0
2026-06-02 00:00:00+09:00,109.0,110.0,109.0,110.0,35200,0.0,0.0
2026-06-03 00:00:00+09:00,109.0,111.0,109.0,109.0,60700,0.0,0.0
2026-06-04 00:00:00+09:00,109.0,111.0,109.0,110.0,21500,0.0,0.0
2026-06-05 00:00:00+09:00,112.0,112.0,111.0,111.0,22500,0.0,0.0
2026-06-08 00:00:00+09:00,111.0,112.0,110.0,110.0,63400,0.0,0.0
2026-06-09 00:00:00+09:00,110.0,111.0,107.0,108.0,72000,0.0,0.0
2026-06-10 00:00:00+09:00,109.0,110.0,105.0,106.0,111800,0.0,0.0
2026-06-11 00:00:00+09:00,106.0,109.0,106.0,107.0,30700,0.0,0.0
2026-06-12 00:00:00+09:00,108.0,108.0,106.0,108.0,28800,0.0,0.0
2026-06-15 00:00:00+09:00,108.0,109.0,107.0,109.0,26100,0.0,0.0
2026-06-16 00:00:00+09:00,108.0,110.0,107.0,110.0,60700,0.0,0.0
2026-06-17 00:00:00+09:00,110.0,111.0,109.0,111.0,39200,0.0,0.0
2026-06-18 00:00:00+09:00,111.0,113.0,110.0,113.0,38900,0.0,0.0
2026-06-19 00:00:00+09:00,113.0,113.0,111.0,113.0,18100,0.0,0.0
2026-06-22 00:00:00+09:00,113.0,114.0,112.0,114.0,25800,0.0,0.0
2026-06-23 00:00:00+09:00,114.0,116.0,114.0,116.0,58700,0.0,0.0
2026-06-24 00:00:00+09:00,116.0,121.0,116.0,120.0,69800,0.0,0.0
2026-06-25 00:00:00+09:00,120.0,124.0,119.0,123.0,62600,0.0,0.0
2026-06-26 00:00:00+09:00,120.0,130.0,120.0,127.0,305800,0.0,0.0
2026-06-29 00:00:00+09:00,113.0,118.0,111.0,111.0,328100,0.0,0.0
2026-06-30 00:00:00+09:00,113.0,113.0,111.0,111.0,71100,0.0,0.0
2026-07-01 00:00:00+09:00,111.0,112.0,108.0,111.0,80900,0.0,0.0
2026-07-02 00:00:00+09:00,111.0,112.0,111.0,112.0,30400,0.0,0.0
2026-07-03 00:00:00+09:00,113.0,113.0,111.0,111.0,25400,0.0,0.0
2026-07-06 00:00:00+09:00,112.0,113.0,112.0,112.0,20600,0.0,0.0
2026-07-07 00:00:00+09:00,112.0,113.0,112.0,112.0,25500,0.0,0.0
2026-07-08 00:00:00+09:00,112.0,113.0,112.0,112.0,21700,0.0,0.0
2026-07-09 00:00:00+09:00,112.0,114.0,112.0,113.0,10100,0.0,0.0
2026-07-10 00:00:00+09:00,114.0,114.0,113.0,114.0,31500,0.0,0.0
2026-07-13 00:00:00+09:00,113.0,114.0,113.0,113.0,14700,0.0,0.0
2026-07-14 00:00:00+09:00,114.0,114.0,113.0,114.0,5600,0.0,0.0
2026-07-15 00:00:00+09:00,114.0,114.0,112.0,112.0,45800,0.0,0.0
2026-07-16 00:00:00+09:00,113.0,115.0,112.0,114.0,37000,0.0,0.0
2026-07-17 00:00:00+09:00,114.0,114.0,111.0,112.0,51000,0.0,0.0
2026-07-21 00:00:00+09:00,113.0,113.0,112.0,112.0,37400,0.0,0.0
2026-07-22 00:00:00+09:00,112.0,112.0,111.0,112.0,33900,0.0,0.0
2026-07-23 00:00:00+09:00,110.0,111.0,109.0,110.0,50000,0.0,0.0
2026-07-24 00:00:00+09:00,109.0,110.0,109.0,109.0,38900,0.0,0.0
2026-07-27 00:00:00+09:00,109.0,110.0,109.0,109.0,21800,0.0,0.0
2026-07-28 00:00:00+09:00,109.0,109.0,108.0,108.0,22200,0.0,0.0
2026-07-29 00:00:00+09:00,108.0,109.0,108.0,108.0,20000,0.0,0.0
2026-07-30 00:00:00+09:00,108.0,110.0,108.0,109.0,13800,0.0,0.0
2026-07-31 00:00:00+09:00,109.0,110.0,109.0,109.0,20300,0.0,0.0
2026-08-03 00:00:00+09:00,110.0,110.0,108.0,110.0,17800,0.0,0.0
2026-08-04 00:00:00+09:00,108.0,109.0,108.0,108.0,24000,0.0,0.0
2026-08-05 00:00:00+09:00,109.0,110.0,109.0,110.0,22700,0.0,0.0
2026-08-06 00:00:00+09:00,110.0,111.0,109.0,111.0,29200,0.0,0.0
2026-08-07 00:00:00+09:00,110.0,111.0,109.0,110.0,17900,0.0,0.0
2026-08-10 00:00:00+09:00,111.0,111.0,109.0,110.0,26600,0.0,0.0
2026-08-12 00:00:00+09:00,110.0,111.0,109.0,110.0,14300,0.0,0.0
2026-08-13 00:00:00+09:00,110.0,111.0,110.0,110.0,12500,0.0,0.0
2026-08-14 00:00:00+09:00,110.0,111.0,110.0,111.0,31200,0.0,0.0
2026-08-17 00:00:00+09:00,111.0,111.0,110.0,111.0,87100,0.0,0.0
2026-08-18 00:00:00+09:00,112.0,113.0,111.0,113.0,107100,0.0,0.0
2026-08-19 00:00:00+09:00,112.0,112.0,111.0,111.0,21000,0.0,0.0
2026-08-20 00:00:00+09:00,111.0,112.0,111.0,111.0,9300,0.0,0.0
2026-08-21 00:00:00+09:00,111.0,113.0,111.0,113.0,31800,0.0,0.0
