Date,Open,High,Low,Close,Volume,Dividends,Stock Splits
2000-01-04 00:00:00+09:00,557.3638282264003,557.3638282264003,531.6393438467202,536.7842407226562,56800,0.0,0.0
2000-01-05 00:00:00+09:00,545.3593089252437,583.0885692911411,538.4994434041715,560.7940063476562,146400,0.0,0.0
2000-01-06 00:00:00+09:00,569.36865234375,569.36865234375,531.639404296875,541.92919921875,98400,0.0,0.0
2000-01-07 00:00:00+09:00,550.5042080660479,581.373602910873,548.7892416857799,560.7940063476562,97200,0.0,0.0
2000-01-10 00:00:00+09:00,560.7940063476562,560.7940063476562,560.7940063476562,560.7940063476562,0,0.0,0.0
2000-01-11 00:00:00+09:00,555.6488647460938,565.9386585376881,547.0740365864318,555.6488647460938,99600,0.0,0.0
2000-01-12 00:00:00+09:00,569.3689669970399,574.5138673012301,552.2192993164062,552.2192993164062,112400,0.0,0.0
2000-01-13 00:00:00+09:00,564.2239331126918,591.6633949054063,564.2239331126918,579.6586303710938,72400,0.0,0.0
2000-01-14 00:00:00+09:00,574.5135498046875,598.5230712890625,571.0836181640625,583.08837890625,224800,0.0,0.0
2000-01-17 00:00:00+09:00,608.8130333123293,670.5518197890725,608.8130333123293,667.1218872070312,250800,0.0,0.0
2000-01-18 00:00:00+09:00,667.1218252376634,684.271486554827,651.6871300522162,672.2667236328125,141200,0.0,0.0
2000-01-19 00:00:00+09:00,672.2668469551282,691.1314778645833,668.8369140625,668.8369140625,131200,0.0,0.0
2000-01-20 00:00:00+09:00,668.836669921875,703.135986328125,668.836669921875,694.5611572265625,154400,0.0,0.0
2000-01-21 00:00:00+09:00,687.7012939453125,689.416259765625,646.5421142578125,655.116943359375,143200,0.0,0.0
2000-01-24 00:00:00+09:00,651.6873779296875,663.692145417866,637.9676436574836,651.6873779296875,82800,0.0,0.0
2000-01-25 00:00:00+09:00,658.5469392123288,658.5469392123288,620.8176874866224,625.9625854492188,118000,0.0,0.0
2000-01-26 00:00:00+09:00,625.9625244140625,632.8223876953125,603.66796875,610.52783203125,158800,0.0,0.0
2000-01-27 00:00:00+09:00,601.9531892195992,608.8130546238111,589.9484247622282,591.6633911132812,132400,0.0,0.0
2000-01-28 00:00:00+09:00,583.0885641915457,591.6633960178921,567.6538669041225,576.2286987304688,229200,0.0,0.0
2000-01-31 00:00:00+09:00,593.3783522914832,608.8130493164062,576.2286889304577,608.8130493164062,110400,0.0,0.0
2000-02-01 00:00:00+09:00,617.3878815214513,617.3878815214513,593.378352795617,607.0980834960938,135200,0.0,0.0
2000-02-02 00:00:00+09:00,625.9627060268236,639.6824365698773,608.8130428480065,631.1076049804688,167600,0.0,0.0
2000-02-03 00:00:00+09:00,622.5327193777902,622.5327193777902,593.3782945033482,600.2381591796875,160000,0.0,0.0
2000-02-04 00:00:00+09:00,601.9531930776743,601.9531930776743,579.6586303710938,579.6586303710938,172800,0.0,0.0
2000-02-07 00:00:00+09:00,586.518310546875,596.80810546875,586.518310546875,595.0931396484375,129600,0.0,0.0
2000-02-08 00:00:00+09:00,591.6633921809516,595.093324889247,583.0885604102132,588.2334594726562,107200,0.0,0.0
2000-02-09 00:00:00+09:00,584.8033447265625,601.9530029296875,576.228515625,583.08837890625,89200,0.0,0.0
2000-02-10 00:00:00+09:00,574.5137312849598,591.6633949054063,574.5137312849598,579.6586303710938,220000,0.0,0.0
2000-02-11 00:00:00+09:00,579.6586303710938,579.6586303710938,579.6586303710938,579.6586303710938,0,0.0,0.0
2000-02-14 00:00:00+09:00,588.2334621813171,588.2334621813171,572.7987649229152,579.6586303710938,151200,0.0,0.0
2000-02-15 00:00:00+09:00,589.9483032226562,591.6632692203965,577.9435412384743,589.9483032226562,168000,0.0,0.0
2000-02-16 00:00:00+09:00,589.9483008358065,617.3877566886348,579.658504890996,613.9578247070312,181200,0.0,0.0
2000-02-17 00:00:00+09:00,605.3831258017636,613.9579576119869,579.6586303710938,579.6586303710938,83600,0.0,0.0
2000-02-18 00:00:00+09:00,579.658636530605,586.5185020516772,553.934140826584,560.7940063476562,234800,0.0,0.0
2000-02-21 00:00:00+09:00,552.2190546123799,569.3687146935097,552.2190546123799,557.3639526367188,97600,0.0,0.0
2000-02-22 00:00:00+09:00,552.2191189236111,552.2191189236111,533.3544906374008,540.21435546875,133200,0.0,0.0
2000-02-23 00:00:00+09:00,540.2143543171433,553.9340839505945,540.2143543171433,545.3592529296875,121200,0.0,0.0
2000-02-24 00:00:00+09:00,548.7891233450156,555.6489873868283,548.7891233450156,550.5040893554688,84400,0.0,0.0
2000-02-25 00:00:00+09:00,557.3641996205964,557.3641996205964,540.2145319399626,552.2192993164062,123200,0.0,0.0
2000-02-28 00:00:00+09:00,535.0692750973442,547.0740344745283,528.2094125960963,536.7842407226562,155200,0.0,0.0
2000-02-29 00:00:00+09:00,540.2144182645358,540.2144182645358,531.6395862285908,535.0695190429688,87600,0.0,0.0
2000-03-01 00:00:00+09:00,535.069456845238,548.7891865079365,533.3544906374008,540.21435546875,192000,0.0,0.0
2000-03-02 00:00:00+09:00,536.7843633836316,540.2142954180317,531.6394653320312,531.6394653320312,159200,0.0,0.0
2000-03-03 00:00:00+09:00,533.3544895004177,557.3640163589574,529.9245570920549,545.3592529296875,183600,0.0,0.0
2000-03-06 00:00:00+09:00,571.0837918795072,603.6681523771368,564.2239265115852,601.9531860351562,164400,0.0,0.0
2000-03-07 00:00:00+09:00,601.9532396516747,636.252569546357,601.9532396516747,620.81787109375,176000,0.0,0.0
2000-03-08 00:00:00+09:00,615.6727294921875,622.5325927734375,605.3829345703125,619.1026611328125,85600,0.0,0.0
2000-03-09 00:00:00+09:00,610.52783203125,632.8223876953125,608.8128662109375,627.677490234375,139600,0.0,0.0
2000-03-10 00:00:00+09:00,670.5517541776519,703.1361105187655,661.9769235615695,691.13134765625,1018000,0.0,0.0
2000-03-13 00:00:00+09:00,759.7299211329484,788.8843424856801,725.4306018944407,739.1503295898438,518400,0.0,0.0
2000-03-14 00:00:00+09:00,742.5804512948151,771.7348800985377,697.9913248891219,722.0008544921875,207200,0.0,0.0
2000-03-15 00:00:00+09:00,696.276123046875,720.28564453125,685.986328125,720.28564453125,169600,0.0,0.0
2000-03-16 00:00:00+09:00,703.1361735431929,703.1361735431929,687.7014770507812,687.7014770507812,118800,0.0,0.0
2000-03-17 00:00:00+09:00,699.7062409893235,703.1361735431929,668.8368480045004,687.7014770507812,174400,0.0,0.0
2000-03-20 00:00:00+09:00,687.7014770507812,687.7014770507812,687.7014770507812,687.7014770507812,0,0.0,0.0
2000-03-21 00:00:00+09:00,653.4022191431616,660.2620849609375,627.6777223265017,660.2620849609375,198000,0.0,0.0
2000-03-22 00:00:00+09:00,648.257080078125,703.135986328125,648.257080078125,701.4210205078125,149200,0.0,0.0
2000-03-23 00:00:00+09:00,703.1361078058632,720.2857689718599,696.2762433394645,706.5660400390625,116400,0.0,0.0
2000-03-24 00:00:00+09:00,711.7108763181246,728.8605359884409,703.1360464829664,713.4258422851562,164000,0.0,0.0
2000-03-27 00:00:00+09:00,730.575439453125,749.4400634765625,720.28564453125,749.4400634765625,238400,0.0,0.0
2000-03-28 00:00:00+09:00,732.1720540364583,754.6207255045573,723.5379496256511,725.2647705078125,94000,7.5,0.0
2000-03-29 00:00:00+09:00,733.8987406017711,737.3523817340148,707.996432109944,711.4500732421875,121600,0.0,0.0
2000-03-30 00:00:00+09:00,702.81595413208,707.9964157104492,690.7282104492188,690.7282104492188,94800,0.0,0.0
2000-03-31 00:00:00+09:00,707.9965164861068,725.2647242052801,656.1918933285868,701.0892333984375,151600,0.0,0.0
2000-04-03 00:00:00+09:00,690.7281916579653,725.2646012408636,690.7281916579653,723.5377807617188,105200,0.0,0.0
2000-04-04 00:00:00+09:00,732.1719425400369,766.7083549240009,725.2646600632442,761.5278930664062,194000,0.0,0.0
2000-04-05 00:00:00+09:00,761.5279400165264,768.4352229191707,744.2597327599159,763.2547607421875,130800,0.0,0.0
2000-04-06 00:00:00+09:00,766.7082245830998,777.0691465369255,761.527763606187,770.161865234375,149600,0.0,0.0
2000-04-07 00:00:00+09:00,764.9816053198018,777.0693507763224,752.8938598632812,752.8938598632812,97600,0.0,0.0
2000-04-10 00:00:00+09:00,777.0692661830358,790.8838309151786,768.4351632254464,785.703369140625,145200,0.0,0.0
2000-04-11 00:00:00+09:00,777.0694580078126,783.9767420789931,763.2548898654514,777.0694580078125,84800,0.0,0.0
2000-04-12 00:00:00+09:00,778.7960455615447,790.8837890625,768.435122560726,790.8837890625,117200,0.0,0.0
2000-04-13 00:00:00+09:00,782.2499275287829,828.8740953947369,780.5231064967105,820.239990234375,204800,0.0,0.0
2000-04-14 00:00:00+09:00,809.8787956957547,823.6933593749999,787.4301297169811,823.693359375,322800,0.0,0.0
2000-04-17 00:00:00+09:00,794.3375794316681,799.5180419062225,721.8111047879071,735.6256713867188,243200,0.0,0.0
2000-04-18 00:00:00+09:00,770.1620721990412,785.7034593061967,742.532939564098,759.8011474609375,266400,0.0,0.0
2000-04-19 00:00:00+09:00,761.5278725002123,811.6056691045346,751.1669490648353,794.3374633789062,326000,0.0,0.0
2000-04-20 00:00:00+09:00,785.7034798555596,790.8839423601017,742.532958984375,742.532958984375,369200,0.0,0.0
2000-04-21 00:00:00+09:00,742.5327428869299,758.0741258775865,638.9235229492188,638.9235229492188,740800,0.0,0.0
2000-04-24 00:00:00+09:00,725.26474643761,742.5329546861245,714.9038214885013,735.6256713867188,356000,0.0,0.0
2000-04-25 00:00:00+09:00,740.8061058687877,754.6206719455948,707.9965114363705,716.630615234375,210000,0.0,0.0
2000-04-26 00:00:00+09:00,707.9965467526175,707.9965467526175,675.1869506835938,675.1869506835938,265600,0.0,0.0
2000-04-27 00:00:00+09:00,683.8210838337485,694.182009346381,656.1919491333949,671.7333374023438,234800,0.0,0.0
2000-04-28 00:00:00+09:00,673.4601583211158,690.7283675088369,663.0992328084833,671.7333374023438,144400,0.0,0.0
2000-05-01 00:00:00+09:00,663.0990325453367,680.3672365178716,657.9185713535763,666.5526733398438,149200,0.0,0.0
2000-05-02 00:00:00+09:00,678.6404613148082,699.3623074618253,675.1868202903054,683.8209228515625,71200,0.0,0.0
2000-05-03 00:00:00+09:00,683.8209228515625,683.8209228515625,683.8209228515625,683.8209228515625,0,0.0,0.0
2000-05-04 00:00:00+09:00,683.8209228515625,683.8209228515625,683.8209228515625,683.8209228515625,0,0.0,0.0
2000-05-05 00:00:00+09:00,683.8209228515625,683.8209228515625,683.8209228515625,683.8209228515625,0,0.0,0.0
2000-05-08 00:00:00+09:00,735.6256756449854,775.3425548464753,726.9915714707486,742.532958984375,263200,0.0,0.0
2000-05-09 00:00:00+09:00,742.532958984375,742.532958984375,742.532958984375,742.532958984375,0,0.0,0.0
2000-05-10 00:00:00+09:00,768.4355735340338,768.4355735340338,735.6259647764009,751.1673583984375,94400,0.0,0.0
2000-05-11 00:00:00+09:00,749.4402280307424,759.8011528422273,742.5329448230858,744.259765625,104800,0.0,0.0
2000-05-12 00:00:00+09:00,747.7134072288284,752.8938696345708,726.9915576058585,744.259765625,402800,0.0,0.0
2000-05-15 00:00:00+09:00,744.2594815290809,768.4349635277053,739.0790211008042,764.9813232421875,95600,0.0,0.0
2000-05-16 00:00:00+09:00,775.3426658085415,775.3426658085415,763.254918234689,773.6158447265625,116000,0.0,0.0
2000-05-17 00:00:00+09:00,756.3474297924577,777.0692771840319,733.898761784919,739.0792236328125,127600,0.0,0.0
2000-05-18 00:00:00+09:00,742.5330955665429,758.0744859388659,728.7185263467003,740.8062744140625,74400,0.0,0.0
2000-05-19 00:00:00+09:00,742.5327637297282,759.8009675373963,728.7182006835938,728.7182006835938,100400,0.0,0.0
2000-05-22 00:00:00+09:00,725.2644588694853,739.0790199908089,714.9035380284927,733.8985595703125,89200,0.0,0.0
2000-05-23 00:00:00+09:00,747.7134419759115,758.0743672688802,716.6306660970052,725.2647705078125,100800,0.0,0.0
2000-05-24 00:00:00+09:00,721.8110342520255,721.8110342520255,695.9087244104455,699.3623657226562,88400,0.0,0.0
2000-05-25 00:00:00+09:00,725.264617994537,730.4450795516409,699.3623102090179,706.2695922851562,122000,0.0,0.0
2000-05-26 00:00:00+09:00,706.2695669297556,711.4500283008784,690.7281828163868,694.1818237304688,95600,0.0,0.0
2000-05-29 00:00:00+09:00,692.4550032734278,711.4500283008784,690.7281828163868,694.1818237304688,75600,0.0,0.0
2000-05-30 00:00:00+09:00,694.1818237304688,694.1818237304688,694.1818237304688,694.1818237304688,0,0.0,0.0
2000-05-31 00:00:00+09:00,690.728280755538,725.2646947933148,682.0941772460938,682.0941772460938,88000,0.0,0.0
2000-06-01 00:00:00+09:00,682.0943282032741,699.3625390438633,664.826117362685,678.6406860351562,122800,0.0,0.0
2000-06-02 00:00:00+09:00,687.2746922692587,706.2697214525799,664.8260214162427,668.2796630859375,149600,0.0,0.0
2000-06-05 00:00:00+09:00,685.5477488708495,695.9086720275878,685.5477488708495,690.7282104492188,74400,0.0,0.0
2000-06-06 00:00:00+09:00,690.7284114260236,701.089337597414,690.7284114260236,695.9088745117188,68800,0.0,0.0
2000-06-07 00:00:00+09:00,690.7281554571473,707.9963593435759,690.7281554571473,697.6354370117188,62000,0.0,0.0
2000-06-08 00:00:00+09:00,721.8112417367789,742.5330955665429,711.4503148218969,740.8062744140625,151200,0.0,0.0
2000-06-09 00:00:00+09:00,723.5378172050403,739.0792023001366,711.4500732421875,711.4500732421875,614400,0.0,0.0
2000-06-12 00:00:00+09:00,718.3573849364657,732.1719500313977,714.9037436627326,730.4451293945312,123600,0.0,0.0
2000-06-13 00:00:00+09:00,733.8988548101381,749.4402423237646,733.8988548101381,742.532958984375,126000,0.0,0.0
2000-06-14 00:00:00+09:00,742.5329546861245,759.801162934639,726.9915672624614,735.6256713867188,167600,0.0,0.0
2000-06-15 00:00:00+09:00,735.6254069010416,740.8058675130209,713.176744249132,714.903564453125,86000,0.0,0.0
2000-06-16 00:00:00+09:00,716.6305013517054,723.5377832924447,707.9963989257812,707.9963989257812,61200,0.0,0.0
2000-06-19 00:00:00+09:00,707.9964128041909,716.630515399364,692.4550281328794,706.2695922851562,103600,0.0,0.0
2000-06-20 00:00:00+09:00,732.1718414451274,739.0791229681946,725.2645599220601,728.7182006835938,253200,0.0,0.0
2000-06-21 00:00:00+09:00,728.718173332934,733.8986342807985,720.08407175316,732.1718139648438,120800,0.0,0.0
2000-06-22 00:00:00+09:00,728.7180991498162,742.5326602711398,728.7180991498162,733.8985595703125,106000,0.0,0.0
2000-06-23 00:00:00+09:00,740.8059433489614,740.8059433489614,728.7182006835938,728.7182006835938,89200,0.0,0.0
2000-06-26 00:00:00+09:00,737.3523025874277,739.0791229681946,726.9913803028269,728.7182006835938,66800,0.0,0.0
2000-06-27 00:00:00+09:00,725.2647452039437,758.0743408203125,720.0842827382012,758.0743408203125,168000,0.0,0.0
2000-06-28 00:00:00+09:00,775.3426434004934,820.239990234375,768.435359272204,820.239990234375,674000,0.0,0.0
2000-06-29 00:00:00+09:00,794.3376257064494,811.6058349609375,790.8839838555518,811.6058349609375,258800,0.0,0.0
2000-06-30 00:00:00+09:00,811.6056744805699,811.6056744805699,797.7911098085601,801.2447509765625,116400,0.0,0.0
2000-07-03 00:00:00+09:00,820.2399970581813,834.0545654296875,811.6058918259898,834.0545654296875,294000,0.0,0.0
2000-07-04 00:00:00+09:00,827.1468845949335,827.1468845949335,806.4250419746011,815.0591430664062,222000,0.0,0.0
2000-07-05 00:00:00+09:00,806.4253397884531,815.0594440688435,802.971698076297,808.1521606445312,163600,0.0,0.0
2000-07-06 00:00:00+09:00,796.0642926897322,802.9715750558036,783.9765485491072,785.703369140625,120000,0.0,0.0
2000-07-07 00:00:00+09:00,811.6055304471428,811.6055304471428,794.3373276716717,796.0641479492188,161600,0.0,0.0
2000-07-10 00:00:00+09:00,811.6056407581676,818.5129228071733,797.7910766601562,797.7910766601562,130400,0.0,0.0
2000-07-11 00:00:00+09:00,804.6985005040322,818.5130670362903,797.7912172379032,802.9716796875,122000,0.0,0.0
2000-07-12 00:00:00+09:00,811.6055304471428,816.7859912797841,794.3373276716717,796.0641479492188,122800,0.0,0.0
2000-07-13 00:00:00+09:00,794.3374848311721,794.3374848311721,747.7133281128207,761.5278930664062,171200,0.0,0.0
2000-07-14 00:00:00+09:00,756.3474312088117,775.3424580199919,756.3474312088117,761.5278930664062,240000,0.0,0.0
2000-07-17 00:00:00+09:00,768.4353387329371,794.3376535216879,763.254875775187,778.7962646484375,76000,0.0,0.0
2000-07-18 00:00:00+09:00,770.1620721990412,775.342534568093,742.532939564098,759.8011474609375,127600,0.0,0.0
2000-07-19 00:00:00+09:00,770.1620721990412,775.342534568093,742.532939564098,759.8011474609375,127600,0.0,0.0
2000-07-20 00:00:00+09:00,759.8011474609375,759.8011474609375,759.8011474609375,759.8011474609375,0,0.0,0.0
2000-07-21 00:00:00+09:00,754.620586201892,777.0692535259757,745.9864833849367,749.4401245117188,59600,0.0,0.0
2000-07-24 00:00:00+09:00,751.1667609719669,751.1667609719669,725.2644588694853,733.8985595703125,91200,0.0,0.0
2000-07-25 00:00:00+09:00,742.5329404022431,742.5329404022431,726.991553277545,737.3524780273438,103600,0.0,0.0
2000-07-26 00:00:00+09:00,728.7183087576647,732.1719500313977,725.2646674839317,730.4451293945312,61200,0.0,0.0
2000-07-27 00:00:00+09:00,725.2645676427608,725.2645676427608,704.5427228529676,720.0841064453125,112800,0.0,0.0
2000-07-28 00:00:00+09:00,707.9965164861068,718.3574411176108,701.0892333984375,701.0892333984375,112000,0.0,0.0
2000-07-31 00:00:00+09:00,690.7284336235688,690.7284336235688,666.5529384467438,678.6406860351562,99600,0.0,0.0
2000-08-01 00:00:00+09:00,682.0943062831983,706.2698006831091,682.0943062831983,695.9088745117188,89200,0.0,0.0
2000-08-02 00:00:00+09:00,699.3623292793349,713.1768938083094,699.3623292793349,711.4500732421875,42000,0.0,0.0
2000-08-03 00:00:00+09:00,702.8159260156735,706.2695669297556,685.547721445264,694.1818237304688,78800,0.0,0.0
2000-08-04 00:00:00+09:00,690.7281828163868,720.0841305860832,685.547721445264,694.1818237304688,94800,0.0,0.0
2000-08-07 00:00:00+09:00,695.9087244104455,725.2646755642361,695.9087244104455,699.3623657226562,87200,0.0,0.0
2000-08-08 00:00:00+09:00,702.8159374702268,723.5377832924447,701.089116985042,707.9963989257812,107600,0.0,0.0
2000-08-09 00:00:00+09:00,714.9036452478642,725.2645676427608,707.9963636512665,720.0841064453125,73200,0.0,0.0
2000-08-10 00:00:00+09:00,711.4500732421875,725.264637771162,709.7232526760657,711.4500732421875,65600,0.0,0.0
2000-08-11 00:00:00+09:00,702.8158685936118,737.3522749127081,699.3622279617022,732.1718139648438,266000,0.0,0.0
2000-08-14 00:00:00+09:00,740.806081740137,754.6206473669927,726.9915161132812,726.9915161132812,34000,0.0,0.0
2000-08-15 00:00:00+09:00,752.8938839934593,752.8938839934593,730.4452131404433,742.532958984375,86400,0.0,0.0
2000-08-16 00:00:00+09:00,726.9915576058585,747.7134072288284,726.9915576058585,744.259765625,50400,0.0,0.0
2000-08-17 00:00:00+09:00,744.2596297087492,745.9864501953125,733.89870678937,745.9864501953125,66000,0.0,0.0
2000-08-18 00:00:00+09:00,744.2597327599159,763.2547607421875,742.5329120342548,763.2547607421875,113600,0.0,0.0
2000-08-21 00:00:00+09:00,771.8889131767805,773.6157340116279,742.532958984375,742.532958984375,70800,0.0,0.0
2000-08-22 00:00:00+09:00,759.8012234871848,787.4303588867188,754.6207605997721,787.4303588867188,113200,0.0,0.0
2000-08-23 00:00:00+09:00,794.3373764745447,811.6055803109479,777.0691726381416,782.2496337890625,149600,0.0,0.0
2000-08-24 00:00:00+09:00,796.0642561479049,802.9715381969105,785.7033330743964,797.7910766601562,192800,0.0,0.0
2000-08-25 00:00:00+09:00,806.4252162388393,806.4252162388393,777.0692661830358,785.703369140625,143200,0.0,0.0
2000-08-28 00:00:00+09:00,789.1569153236237,796.064196858185,771.8887114872206,782.2496337890625,94000,0.0,0.0
2000-08-29 00:00:00+09:00,771.8888044084822,792.6106515066965,768.4351632254464,785.703369140625,79200,0.0,0.0
2000-08-30 00:00:00+09:00,782.2499066202708,792.6108325357711,770.1621597188539,778.7962646484375,66400,0.0,0.0
2000-08-31 00:00:00+09:00,790.883841265355,801.244764950054,785.7033794230056,799.5179443359375,90400,0.0,0.0
2000-09-01 00:00:00+09:00,799.5181312391494,799.5181312391494,777.0694580078126,777.0694580078125,100000,0.0,0.0
2000-09-04 00:00:00+09:00,778.7960867745536,794.3374720982143,778.7960867745536,785.703369140625,62800,0.0,0.0
2000-09-05 00:00:00+09:00,787.4303588867188,802.9717475489566,787.4303588867188,787.4303588867188,118800,0.0,0.0
2000-09-06 00:00:00+09:00,792.6108507332823,794.337671758845,783.9767456054688,783.9767456054688,84800,0.0,0.0
2000-09-07 00:00:00+09:00,792.610529467664,792.610529467664,761.527763606187,770.161865234375,80800,0.0,0.0
2000-09-08 00:00:00+09:00,777.0692763524231,799.5179443359375,777.0692763524231,799.5179443359375,597600,0.0,0.0
2000-09-11 00:00:00+09:00,808.15204740652,815.059329862986,787.4302000371221,799.5179443359375,330000,0.0,0.0
2000-09-12 00:00:00+09:00,802.9714677313797,821.9664916992188,785.7032641242532,821.9664916992188,256000,0.0,0.0
2000-09-13 00:00:00+09:00,821.9663966697982,823.6932168308692,808.1518353812302,818.5127563476562,232800,0.0,0.0
2000-09-14 00:00:00+09:00,811.6058783637153,815.0595203993056,777.0694580078126,777.0694580078125,135200,0.0,0.0
2000-09-15 00:00:00+09:00,777.0694580078126,777.0694580078126,777.0694580078126,777.0694580078125,0,0.0,0.0
2000-09-18 00:00:00+09:00,785.7035662414162,820.2399867355443,782.2499241920034,813.3327026367188,207600,0.0,0.0
2000-09-19 00:00:00+09:00,806.4252127285662,806.4252127285662,778.7960833845468,801.2447509765625,120800,0.0,0.0
2000-09-20 00:00:00+09:00,809.8787491742303,823.6933120599314,801.244647370667,821.9664916992188,109600,0.0,0.0
2000-09-21 00:00:00+09:00,813.3326375499782,820.2399210960502,802.9717122308701,806.4253540039062,75600,0.0,0.0
2000-09-22 00:00:00+09:00,806.4254004231049,811.605863380855,778.7962646484375,778.7962646484375,98000,0.0,0.0
2000-09-25 00:00:00+09:00,785.7033275620906,794.3374300627729,770.1619430608624,790.8837890625,132400,0.0,0.0
2000-09-26 00:00:00+09:00,794.3374633789062,802.9715662417204,782.2497193709663,794.3374633789062,50000,0.0,0.0
2000-09-27 00:00:00+09:00,785.7034628970357,794.3375668849152,780.523000504308,789.1571044921875,79200,0.0,0.0
2000-09-28 00:00:00+09:00,783.9767712184362,783.9767712184362,770.1622025626046,773.6158447265625,68800,0.0,0.0
2000-09-29 00:00:00+09:00,771.8889949544272,777.0694580078126,752.8939637586806,777.0694580078125,124400,0.0,0.0
2000-10-02 00:00:00+09:00,785.7034593061967,785.7034593061967,752.8938643022017,759.8011474609375,175600,0.0,0.0
2000-10-03 00:00:00+09:00,763.2550241856903,777.069594759187,733.89906171701,775.3427734375,175200,0.0,0.0
2000-10-04 00:00:00+09:00,759.8009432805494,770.161865234375,735.6254587216227,770.161865234375,168800,0.0,0.0
2000-10-05 00:00:00+09:00,759.8010140878183,759.8010140878183,735.6255272759331,745.9864501953125,176400,0.0,0.0
2000-10-06 00:00:00+09:00,751.1672013289445,751.1672013289445,733.8989898041413,740.8062744140625,101600,0.0,0.0
2000-10-09 00:00:00+09:00,740.8062744140625,740.8062744140625,740.8062744140625,740.8062744140625,0,0.0,0.0
2000-10-10 00:00:00+09:00,737.3522749127081,737.3522749127081,725.2645327010245,732.1718139648438,71600,0.0,0.0
2000-10-11 00:00:00+09:00,725.2645327010245,733.8986342807985,714.9036108052956,732.1718139648438,149200,0.0,0.0
2000-10-12 00:00:00+09:00,730.4452131404433,742.532958984375,714.9038256268169,742.532958984375,68400,0.0,0.0
2000-10-13 00:00:00+09:00,718.3572998046875,725.2645815335787,711.4500180757963,718.3572998046875,195600,0.0,0.0
2000-10-16 00:00:00+09:00,718.3572998046875,718.3572998046875,718.3572998046875,718.3572998046875,0,0.0,0.0
2000-10-17 00:00:00+09:00,742.5326602711398,747.713120691636,730.4449192899816,733.8985595703125,116800,0.0,0.0
2000-10-18 00:00:00+09:00,742.5329266283885,742.5329266283885,716.630615234375,716.630615234375,124000,0.0,0.0
2000-10-19 00:00:00+09:00,709.7233182466947,725.2647047776442,673.4600830078125,673.4600830078125,98000,0.0,0.0
2000-10-20 00:00:00+09:00,716.630384657118,723.5376654730902,702.8158230251736,714.903564453125,129600,0.0,0.0
2000-10-23 00:00:00+09:00,714.9037516276042,716.6305722837094,690.7282624421296,699.3623657226562,68000,0.0,0.0
2000-10-24 00:00:00+09:00,706.2696483470775,707.9964690031828,695.9087244104455,699.3623657226562,75600,0.0,0.0
2000-10-25 00:00:00+09:00,725.2646064282652,725.2646064282652,690.7281965983478,692.4550170898438,121600,0.0,0.0
2000-10-26 00:00:00+09:00,690.7282948786855,702.8160400390625,675.186908243915,702.8160400390625,116800,0.0,0.0
2000-10-27 00:00:00+09:00,702.8160400390625,702.8160400390625,702.8160400390625,702.8160400390625,0,0.0,0.0
2000-10-30 00:00:00+09:00,689.0016479492188,692.4552902948288,683.8211844308036,689.0016479492188,95200,0.0,0.0
2000-10-31 00:00:00+09:00,697.6354869495739,697.6354869495739,682.0941023393111,683.8209228515625,89200,0.0,0.0
2000-11-01 00:00:00+09:00,685.547721445264,694.1818237304688,685.547721445264,694.1818237304688,88000,0.0,0.0
2000-11-02 00:00:00+09:00,694.1817872261887,721.8109130859375,690.72814649372,721.8109130859375,69600,0.0,0.0
2000-11-03 00:00:00+09:00,721.8109130859375,721.8109130859375,721.8109130859375,721.8109130859375,0,0.0,0.0
2000-11-06 00:00:00+09:00,626.8359277405714,690.7282950309327,626.8359277405714,680.3673706054688,313200,0.0,0.0
2000-11-07 00:00:00+09:00,680.3673706054688,690.7282950309327,673.4600876551593,680.3673706054688,107600,0.0,0.0
2000-11-08 00:00:00+09:00,680.3674919332611,716.6307338890948,675.1870287967134,709.7234497070312,101200,0.0,0.0
2000-11-09 00:00:00+09:00,704.5428463706487,713.1769498800929,673.4600737366495,682.0941772460938,63200,0.0,0.0
2000-11-10 00:00:00+09:00,673.4601298378557,704.5429050611414,671.7333089921176,675.1869506835938,232400,0.0,0.0
2000-11-13 00:00:00+09:00,657.9188491210938,664.8261336263021,632.0165322265625,647.5579223632812,106400,0.0,0.0
2000-11-14 00:00:00+09:00,659.6454937887565,673.4600591037042,651.0113904669141,661.372314453125,50400,0.0,0.0
2000-11-15 00:00:00+09:00,666.5528281300338,689.0014985074702,654.4650825421835,670.0064697265625,78400,0.0,0.0
2000-11-16 00:00:00+09:00,659.645366936761,659.645366936761,638.9235229492188,638.9235229492188,83200,0.0,0.0
2000-11-17 00:00:00+09:00,647.5579079161299,652.738371179459,640.6506235650246,649.2847290039062,58000,0.0,0.0
2000-11-20 00:00:00+09:00,652.7382755723111,670.006483920785,645.8309922329215,668.2796630859375,84000,0.0,0.0
2000-11-21 00:00:00+09:00,664.8260127648829,664.8260127648829,640.6505213916145,654.465087890625,121200,0.0,0.0
2000-11-22 00:00:00+09:00,645.8310900236431,656.1920166015625,644.1042689273231,656.1920166015625,59200,0.0,0.0
2000-11-23 00:00:00+09:00,656.1920166015625,656.1920166015625,656.1920166015625,656.1920166015625,0,0.0,0.0
2000-11-24 00:00:00+09:00,673.4601543476056,682.0942588905235,656.1919452617695,664.8260498046875,107200,0.0,0.0
2000-11-27 00:00:00+09:00,668.2796208308293,682.0941866361178,663.0991586538462,673.4600830078125,62000,0.0,0.0
2000-11-28 00:00:00+09:00,673.4601543476056,673.4601543476056,651.0114825360187,664.8260498046875,62800,0.0,0.0
2000-11-29 00:00:00+09:00,663.0992105693717,671.7333148736604,642.3773602390789,659.6455688476562,46400,0.0,0.0
2000-11-30 00:00:00+09:00,673.4602573939732,689.0016479492188,668.279793875558,689.0016479492188,91600,0.0,0.0
2000-12-01 00:00:00+09:00,687.2747335361894,697.6356591673883,678.6406288435237,685.5479125976562,102400,0.0,0.0
2000-12-04 00:00:00+09:00,685.5479483403284,714.9039058259344,682.0943062831983,695.9088745117188,59600,0.0,0.0
2000-12-05 00:00:00+09:00,713.1768986258919,713.1768986258919,657.9186401367188,657.9186401367188,108800,0.0,0.0
2000-12-06 00:00:00+09:00,673.4601357345182,702.8160903690998,657.9187479867985,659.6455688476562,74400,0.0,0.0
2000-12-07 00:00:00+09:00,659.645517202524,668.2796208308293,651.0114135742188,651.0114135742188,53600,0.0,0.0
2000-12-08 00:00:00+09:00,651.0113167762756,671.7331624031067,651.0113167762756,663.0990600585938,826000,0.0,0.0
2000-12-11 00:00:00+09:00,671.733211804874,694.1818795515665,671.733211804874,687.2745971679688,68000,0.0,0.0
2000-12-12 00:00:00+09:00,695.9086720275878,697.635492553711,683.8209283447266,690.7282104492188,47200,0.0,0.0
2000-12-13 00:00:00+09:00,682.0941353802705,706.2696237228623,675.1868529966729,687.2745971679688,83600,0.0,0.0
2000-12-14 00:00:00+09:00,690.728280755538,699.3623842649822,676.9137151404271,682.0941772460938,62000,0.0,0.0
2000-12-15 00:00:00+09:00,664.8259517124721,694.1819028270488,664.8259517124721,676.9136962890625,74800,0.0,0.0
2000-12-18 00:00:00+09:00,682.0941353802705,694.1818795515665,656.1918264417792,687.2745971679688,38000,0.0,0.0
2000-12-19 00:00:00+09:00,680.3675237630208,680.3675237630208,647.5579223632812,647.5579223632812,87200,0.0,0.0
2000-12-20 00:00:00+09:00,647.5577913123191,657.9187159733161,628.5627627671577,633.7432250976562,92800,0.0,0.0
2000-12-21 00:00:00+09:00,633.7433457567512,642.3774512847724,595.7532814334583,597.4801025390625,161600,0.0,0.0
2000-12-22 00:00:00+09:00,604.3871518582274,621.6553561970339,602.6603314243467,611.29443359375,95200,0.0,0.0
2000-12-25 00:00:00+09:00,654.4651243531858,675.1869752561892,654.4651243531858,664.8260498046875,103600,0.0,0.0
2000-12-26 00:00:00+09:00,661.3724118897112,671.7333374023438,654.4651282146228,671.7333374023438,68800,0.0,0.0
2000-12-27 00:00:00+09:00,668.2797758789062,668.2797758789062,642.377458984375,647.5579223632812,48800,0.0,0.0
2000-12-28 00:00:00+09:00,649.284625453496,657.9187295153777,638.9237005792381,654.465087890625,102000,0.0,0.0
2000-12-29 00:00:00+09:00,654.464971230631,654.464971230631,616.4749201301722,623.3822021484375,41200,0.0,0.0
2001-01-01 00:00:00+09:00,623.3822021484375,623.3822021484375,623.3822021484375,623.3822021484375,0,0.0,0.0
2001-01-02 00:00:00+09:00,623.3822021484375,623.3822021484375,623.3822021484375,623.3822021484375,0,0.0,0.0
2001-01-03 00:00:00+09:00,623.3822021484375,623.3822021484375,623.3822021484375,623.3822021484375,0,0.0,0.0
2001-01-04 00:00:00+09:00,626.8360376434734,644.104248046875,609.567827240072,644.104248046875,49600,0.0,0.0
2001-01-05 00:00:00+09:00,609.5675587574196,637.1966832336767,609.5675587574196,618.20166015625,97200,0.0,0.0
2001-01-08 00:00:00+09:00,618.20166015625,618.20166015625,618.20166015625,618.20166015625,0,0.0,0.0
2001-01-09 00:00:00+09:00,600.9335188988628,618.2017234649221,600.9335188988628,602.6603393554688,78800,0.0,0.0
2001-01-10 00:00:00+09:00,611.2946713838963,611.2946713838963,595.7532814334583,597.4801025390625,74400,0.0,0.0
2001-01-11 00:00:00+09:00,600.9335212258732,613.0212644689224,562.9434710334328,587.1189575195312,152800,0.0,0.0
2001-01-12 00:00:00+09:00,587.1191759054371,619.9287769119175,587.1191759054371,597.4801025390625,310400,0.0,0.0
2001-01-15 00:00:00+09:00,592.2996001419197,619.9287360085982,590.5727791502522,609.5678100585938,64400,0.0,0.0
2001-01-16 00:00:00+09:00,595.7532814334583,604.3873869614794,595.7532814334583,597.4801025390625,65200,0.0,0.0
2001-01-17 00:00:00+09:00,599.2067007625805,599.2067007625805,587.1189575195312,587.1189575195312,66000,0.0,0.0
2001-01-18 00:00:00+09:00,578.484983773067,607.8409381734914,573.3045212318157,600.9336547851562,114400,0.0,0.0
2001-01-19 00:00:00+09:00,604.3872309666054,616.4749755859375,600.9335896467962,616.4749755859375,120800,0.0,0.0
2001-01-22 00:00:00+09:00,590.5725984461167,607.8408030790441,587.1189575195312,587.1189575195312,74800,0.0,0.0
2001-01-23 00:00:00+09:00,590.5726457970583,600.9335694075329,587.1190045935667,588.8458251953125,66000,0.0,0.0
2001-01-24 00:00:00+09:00,590.5727355416897,594.0263772700036,575.0313477642768,585.3922729492188,95200,0.0,0.0
2001-01-25 00:00:00+09:00,585.392301565108,592.2995853593866,581.9386596679688,581.9386596679688,60400,0.0,0.0
2001-01-26 00:00:00+09:00,590.5728181166455,600.9337447502709,588.8459970110414,597.4801025390625,67600,0.0,0.0
2001-01-29 00:00:00+09:00,583.6654463143184,609.5677590205752,583.6654463143184,600.9336547851562,75600,0.0,0.0
2001-01-30 00:00:00+09:00,592.2994189094095,599.2067007625805,581.938496129653,587.1189575195312,66400,0.0,0.0
2001-01-31 00:00:00+09:00,588.8459146775327,595.7531981341607,583.6654520850617,585.3922729492188,96400,0.0,0.0
2001-02-01 00:00:00+09:00,587.1191300101901,607.8409816576086,587.1191300101901,595.7532348632812,107200,0.0,0.0
2001-02-02 00:00:00+09:00,588.845853805542,609.567702033303,588.845853805542,607.8408813476562,89200,0.0,0.0
2001-02-05 00:00:00+09:00,590.5725984461167,599.2067007625805,587.1189575195312,587.1189575195312,50800,0.0,0.0
2001-02-06 00:00:00+09:00,587.1189575195312,595.7530598359949,587.1189575195312,587.1189575195312,58000,0.0,0.0
2001-02-07 00:00:00+09:00,587.1189575195312,594.0262393727022,587.1189575195312,587.1189575195312,32000,0.0,0.0
2001-02-08 00:00:00+09:00,587.1189300358644,597.4798523306149,587.1189300358644,590.5725708007812,91600,0.0,0.0
2001-02-09 00:00:00+09:00,588.8458587729187,637.1968383789062,588.8458587729187,637.1968383789062,310400,0.0,0.0
2001-02-12 00:00:00+09:00,637.1968383789062,637.1968383789062,637.1968383789062,637.1968383789062,0,0.0,0.0
2001-02-13 00:00:00+09:00,632.0164509648863,647.5578391033671,632.0164509648863,635.4700927734375,77200,0.0,0.0
2001-02-14 00:00:00+09:00,642.3773369543331,673.4601113230912,642.3773369543331,670.0064697265625,144800,0.0,0.0
2001-02-15 00:00:00+09:00,661.3724194581923,685.5479125976562,656.1919566425929,685.5479125976562,123200,0.0,0.0
2001-02-16 00:00:00+09:00,683.8209350585938,683.8209350585938,619.9285749647353,621.6553955078125,88800,0.0,0.0
2001-02-19 00:00:00+09:00,638.9234962148114,644.1039569949315,626.8357543945312,626.8357543945312,54000,0.0,0.0
2001-02-20 00:00:00+09:00,626.835895475794,638.9236400166495,623.3822541784067,632.016357421875,71200,0.0,0.0
2001-02-21 00:00:00+09:00,614.748273033596,619.9287360085982,609.5678100585938,609.5678100585938,67600,0.0,0.0
2001-02-22 00:00:00+09:00,604.3872106110246,604.3872106110246,588.8458251953125,588.8458251953125,146800,0.0,0.0
2001-02-23 00:00:00+09:00,592.2995761881964,619.9287109375,592.2995761881964,619.9287109375,160000,0.0,0.0
2001-02-26 00:00:00+09:00,602.6603864397322,625.1090541294643,599.2067452566964,604.38720703125,71600,0.0,0.0
2001-02-27 00:00:00+09:00,609.567702033303,619.9286261471835,607.8408813476562,607.8408813476562,86800,0.0,0.0
2001-02-28 00:00:00+09:00,613.0214693207523,656.191995329256,613.0214693207523,644.104248046875,112000,0.0,0.0
2001-03-01 00:00:00+09:00,632.0162151746513,647.5575975150116,619.9284733543711,626.8357543945312,140400,0.0,0.0
2001-03-02 00:00:00+09:00,609.5676920691202,618.2017953562182,594.0263061523438,594.0263061523438,144000,0.0,0.0
2001-03-05 00:00:00+09:00,587.1190331198952,609.567702033303,587.1190331198952,607.8408813476562,98800,0.0,0.0
2001-03-06 00:00:00+09:00,595.753141253182,623.3822724417354,588.8458584560436,614.7481689453125,127200,0.0,0.0
2001-03-07 00:00:00+09:00,599.2068768045176,604.3873397163723,592.2995929220448,595.7532348632812,100800,0.0,0.0
2001-03-08 00:00:00+09:00,592.2994854949242,602.6604094394418,590.5726648375046,594.0263061523438,135600,0.0,0.0
2001-03-09 00:00:00+09:00,578.4849202355674,618.2017953562182,578.4849202355674,594.0263061523438,746800,0.0,0.0
2001-03-12 00:00:00+09:00,578.4849853515625,597.4800147213153,571.5777019443797,578.4849853515625,158000,0.0,0.0
2001-03-13 00:00:00+09:00,562.9434984424446,569.8507806319225,542.2216518740111,545.67529296875,154800,0.0,0.0
2001-03-14 00:00:00+09:00,545.67529296875,545.67529296875,545.67529296875,545.67529296875,0,0.0,0.0
2001-03-15 00:00:00+09:00,504.23170462162534,583.6654663085938,504.23170462162534,583.6654663085938,158800,0.0,0.0
2001-03-16 00:00:00+09:00,545.6754111265525,568.1240831032777,538.7681274414062,538.7681274414062,152000,0.0,0.0
2001-03-19 00:00:00+09:00,537.0411495579447,611.294427471101,537.0411495579447,550.855712890625,130000,0.0,0.0
2001-03-20 00:00:00+09:00,550.855712890625,550.855712890625,550.855712890625,550.855712890625,0,0.0,0.0
2001-03-21 00:00:00+09:00,550.8558157047755,616.4750037824604,542.2217120103434,613.0213623046875,236800,0.0,0.0
2001-03-22 00:00:00+09:00,578.4849383873853,594.0263247918226,564.6703726945523,576.7581176757812,147200,0.0,0.0
2001-03-23 00:00:00+09:00,571.5776507753314,590.5726784446023,561.2167265920928,569.850830078125,149600,0.0,0.0
2001-03-26 00:00:00+09:00,569.8508438325264,613.0213623046875,569.8508438325264,613.0213623046875,159200,0.0,0.0
2001-03-27 00:00:00+09:00,618.2460079469543,621.7290840480638,595.6060132897418,600.8306274414062,104000,7.5,0.0
2001-03-28 00:00:00+09:00,616.5043768449262,618.2459146326238,604.3136123310436,613.0213012695312,58400,0.0,0.0
2001-03-29 00:00:00+09:00,613.0213264876497,613.0213264876497,576.4490314415115,581.6736450195312,68800,0.0,0.0
2001-03-30 00:00:00+09:00,581.6736887736492,606.055220638413,576.4490748026285,578.1906127929688,96800,0.0,0.0
2001-04-02 00:00:00+09:00,576.448793550817,590.3810906759122,567.7411078476324,571.2241821289062,110400,0.0,0.0
2001-04-03 00:00:00+09:00,593.8645629882812,597.3476396040484,572.966103293679,574.7076416015625,91200,0.0,0.0
2001-04-04 00:00:00+09:00,574.7074227291363,597.347412109375,565.9997345059676,597.347412109375,134400,0.0,0.0
2001-04-05 00:00:00+09:00,597.3476057194107,600.8306821375998,581.6737618375603,586.8983764648438,78400,0.0,0.0
2001-04-06 00:00:00+09:00,595.6060675103163,606.0552967648832,578.1906854193713,586.8983764648438,110000,0.0,0.0
2001-04-09 00:00:00+09:00,595.6061538461539,595.6061538461539,566.0,566.0,142000,0.0,0.0
2001-04-10 00:00:00+09:00,571.224372816382,572.9659105383831,557.2920710403727,560.775146484375,166000,0.0,0.0
2001-04-11 00:00:00+09:00,569.4827925606558,595.6058564395848,565.9997173767985,593.8643188476562,124400,0.0,0.0
2001-04-12 00:00:00+09:00,579.9322236284659,595.6060675103163,571.2245325829933,586.8983764648438,89200,0.0,0.0
2001-04-13 00:00:00+09:00,595.6058744647412,599.0889497540087,586.8981862415725,597.347412109375,249200,0.0,0.0
2001-04-16 00:00:00+09:00,597.3475388470818,604.3136909036075,592.1229248046875,592.1229248046875,82800,0.0,0.0
2001-04-17 00:00:00+09:00,592.1228721755707,597.3474857535905,581.6736450195312,581.6736450195312,87200,0.0,0.0
2001-04-18 00:00:00+09:00,581.6737417313977,609.5383521137402,581.6737417313977,607.7968139648438,174400,0.0,0.0
2001-04-19 00:00:00+09:00,609.5383521137402,623.4706573049114,602.5721995181545,607.7968139648438,142400,0.0,0.0
2001-04-20 00:00:00+09:00,616.5045047093257,626.9537336027041,604.313737667051,607.7968139648438,90400,0.0,0.0
2001-04-23 00:00:00+09:00,599.0888486271016,623.4703715363441,592.1226992244609,595.6057739257812,110000,0.0,0.0
2001-04-24 00:00:00+09:00,604.313720703125,607.796796903143,588.639877803044,604.313720703125,84800,0.0,0.0
2001-04-25 00:00:00+09:00,616.5044924713844,623.4706449286882,599.089111328125,599.089111328125,129600,0.0,0.0
2001-04-26 00:00:00+09:00,616.5044924713844,623.4706449286882,599.089111328125,599.089111328125,129600,0.0,0.0
2001-04-27 00:00:00+09:00,609.5381756218112,614.7627885557124,595.6058744647412,597.347412109375,192800,0.0,0.0
2001-04-30 00:00:00+09:00,597.347412109375,597.347412109375,597.347412109375,597.347412109375,0,0.0,0.0
2001-05-01 00:00:00+09:00,611.2797613376524,644.3689791878387,607.7966857744749,642.62744140625,168400,0.0,0.0
2001-05-02 00:00:00+09:00,653.0766096271452,653.0766096271452,633.9196957447489,637.4027709960938,148400,0.0,0.0
2001-05-03 00:00:00+09:00,637.4027709960938,637.4027709960938,637.4027709960938,637.4027709960938,0,0.0,0.0
2001-05-04 00:00:00+09:00,637.4027709960938,637.4027709960938,637.4027709960938,637.4027709960938,0,0.0,0.0
2001-05-07 00:00:00+09:00,639.1442938722731,642.6273690432392,619.9873804319598,628.695068359375,1208,0.0,0.0
2001-05-08 00:00:00+09:00,630.436827396056,632.1783655932826,611.2799072265625,611.2799072265625,988,0.0,0.0
2001-05-09 00:00:00+09:00,614.7628390572288,618.2459146326238,609.5382256941361,613.0213012695312,832,0.0,0.0
2001-05-10 00:00:00+09:00,613.0214013810198,626.9537059578612,613.0214013810198,614.762939453125,448,0.0,0.0
2001-05-11 00:00:00+09:00,616.50439453125,621.7290080442267,614.7628566935911,616.50439453125,2020,0.0,0.0
2001-05-14 00:00:00+09:00,616.5044698963994,616.5044698963994,593.864475239187,600.8306274414062,692,0.0,0.0
2001-05-15 00:00:00+09:00,604.3136123310436,618.2459146326238,593.8643856048584,613.0213012695312,117600,0.0,0.0
2001-05-16 00:00:00+09:00,618.2457594843636,618.2457594843636,595.6057739257812,595.6057739257812,111200,0.0,0.0
2001-05-17 00:00:00+09:00,600.8306421552386,606.0552564348493,583.4152612232027,585.1567993164062,145200,0.0,0.0
2001-05-18 00:00:00+09:00,585.156585506135,592.1227353335889,564.258136023773,567.7412109375,308400,0.0,0.0
2001-05-21 00:00:00+09:00,569.4829306209789,592.1229248046875,569.4829306209789,592.1229248046875,208800,0.0,0.0
2001-05-22 00:00:00+09:00,592.1229739972015,592.1229739972015,579.9322068854943,583.415283203125,135600,0.0,0.0
2001-05-23 00:00:00+09:00,579.932000354328,590.3812255859375,576.4489252771248,590.3812255859375,139200,0.0,0.0
2001-05-24 00:00:00+09:00,586.8982806048236,588.639818529467,576.4490530569632,579.93212890625,228800,0.0,0.0
2001-05-25 00:00:00+09:00,588.6397964568908,599.0890236129304,579.9321071601913,581.6736450195312,226000,0.0,0.0
2001-05-28 00:00:00+09:00,585.1567993164062,586.8983374096099,578.1906469435919,585.1567993164062,86400,0.0,0.0
2001-05-29 00:00:00+09:00,579.9321727925557,586.8983250182921,574.7075586232534,576.4490966796875,92000,0.0,0.0
2001-05-30 00:00:00+09:00,574.7075240108945,578.1905999139908,569.48291015625,569.48291015625,110800,0.0,0.0
2001-05-31 00:00:00+09:00,569.4828750090702,572.9659506971991,559.0336479446836,562.5167236328125,134000,0.0,0.0
2001-06-01 00:00:00+09:00,560.7752513885498,565.9998655319214,552.0675611495972,557.2921752929688,166400,0.0,0.0
2001-06-04 00:00:00+09:00,559.0336479446836,565.9997993209414,557.2921101006192,562.5167236328125,49200,0.0,0.0
2001-06-05 00:00:00+09:00,562.5165985669096,567.7412109375,553.808911282592,567.7412109375,140000,0.0,0.0
2001-06-06 00:00:00+09:00,565.9997993209414,565.9997993209414,559.0336479446836,562.5167236328125,57600,0.0,0.0
2001-06-07 00:00:00+09:00,559.0336087623739,560.775146484375,548.5843824303669,560.775146484375,156400,0.0,0.0
2001-06-08 00:00:00+09:00,569.48291015625,574.7075240108945,557.2921444954129,569.48291015625,892400,0.0,0.0
2001-06-11 00:00:00+09:00,579.932020526066,583.4150957244208,557.2920317367601,559.0335693359375,126400,0.0,0.0
2001-06-12 00:00:00+09:00,557.2920826677316,578.1905357677716,545.101318359375,545.101318359375,163600,0.0,0.0
2001-06-13 00:00:00+09:00,562.5168167307407,562.5168167307407,550.3260498046875,550.3260498046875,118800,0.0,0.0
2001-06-14 00:00:00+09:00,555.5506642015674,560.7752785984474,550.3260498046875,550.3260498046875,69200,0.0,0.0
2001-06-15 00:00:00+09:00,550.3259494357638,550.3259494357638,536.3936469184027,548.5844116210938,121200,0.0,0.0
2001-06-18 00:00:00+09:00,555.5507202148438,557.2922585227273,550.3261052911932,555.5507202148438,46400,0.0,0.0
2001-06-19 00:00:00+09:00,557.2920826677316,571.2243847344249,545.101318359375,545.101318359375,130400,0.0,0.0
2001-06-20 00:00:00+09:00,548.5844116210938,560.7751763237846,543.3597981770833,548.5844116210938,126800,0.0,0.0
2001-06-21 00:00:00+09:00,550.3259375301408,569.4828530770761,548.5843997531467,564.2582397460938,98000,0.0,0.0
2001-06-22 00:00:00+09:00,569.48291015625,571.2244481077981,557.2921444954129,569.48291015625,92000,0.0,0.0
2001-06-25 00:00:00+09:00,581.6736399175213,581.6736399175213,559.0336479446836,562.5167236328125,95200,0.0,0.0
2001-06-26 00:00:00+09:00,564.2584117542614,579.9322565252131,564.2584117542614,574.7076416015625,93200,0.0,0.0
2001-06-27 00:00:00+09:00,574.7074802016053,576.4490180203981,567.7413289264343,572.9659423828125,92000,0.0,0.0
2001-06-28 00:00:00+09:00,574.707555770874,576.4490938186646,548.5844850540161,557.2921752929688,222800,0.0,0.0
2001-06-29 00:00:00+09:00,562.5166842063762,571.224372816382,552.0674578743692,560.775146484375,171600,0.0,0.0
2001-07-02 00:00:00+09:00,559.0336204260683,559.0336204260683,543.3597806010383,545.101318359375,143200,0.0,0.0
2001-07-03 00:00:00+09:00,552.0676435990767,560.7753351384944,550.3261052911932,555.5507202148438,115600,0.0,0.0
2001-07-04 00:00:00+09:00,553.8090071510584,559.0336204260683,545.101318359375,545.101318359375,129600,0.0,0.0
2001-07-05 00:00:00+09:00,552.0675611495972,557.2921752929688,545.1014089584351,557.2921752929688,116000,0.0,0.0
2001-07-06 00:00:00+09:00,555.5505628797742,555.5505628797742,543.3597981770833,548.5844116210938,119600,0.0,0.0
2001-07-09 00:00:00+09:00,539.8765682864498,539.8765682864498,532.9104190182376,536.3934936523438,96400,0.0,0.0
2001-07-10 00:00:00+09:00,536.3936373931189,539.8767129606067,531.1690240418873,534.652099609375,95600,0.0,0.0
2001-07-11 00:00:00+09:00,527.6860413014278,531.1691174816352,510.2706604003906,510.2706604003906,133200,0.0,0.0
2001-07-12 00:00:00+09:00,520.7196577988661,541.618105603503,517.23658316476,536.3934936523438,145600,0.0,0.0
2001-07-13 00:00:00+09:00,532.9105540510184,546.8428561177117,531.1690162926817,545.101318359375,372400,0.0,0.0
2001-07-16 00:00:00+09:00,553.8091260692742,553.8091260692742,545.1014354078076,550.3260498046875,116400,0.0,0.0
2001-07-17 00:00:00+09:00,552.0673673580854,553.8089047945463,543.3596801757812,543.3596801757812,63200,0.0,0.0
2001-07-18 00:00:00+09:00,543.3598149365718,548.5844285417311,522.4613605159344,527.6859741210938,96000,0.0,0.0
2001-07-19 00:00:00+09:00,524.2027375682301,538.1350362411398,524.2027375682301,525.9442749023438,74400,0.0,0.0
2001-07-20 00:00:00+09:00,525.9442749023438,525.9442749023438,525.9442749023438,525.9442749023438,0,0.0,0.0
2001-07-23 00:00:00+09:00,534.6521118983327,534.6521118983327,513.7536580130558,518.978271484375,163600,0.0,0.0
2001-07-24 00:00:00+09:00,515.4951839881921,536.3936373931189,515.4951839881921,534.652099609375,110000,0.0,0.0
2001-07-25 00:00:00+09:00,536.3934989070261,538.1350362411398,525.9442749023438,525.9442749023438,102400,0.0,0.0
2001-07-26 00:00:00+09:00,531.1690498578666,536.393663463026,527.6859741210938,527.6859741210938,40000,0.0,0.0
2001-07-27 00:00:00+09:00,525.9443327356557,546.8427830430328,525.9443327356557,531.1689453125,92800,0.0,0.0
2001-07-30 00:00:00+09:00,532.9106820596231,536.393758412954,506.7876094096416,515.4953002929688,110000,0.0,0.0
2001-07-31 00:00:00+09:00,524.202841389974,527.6859167480469,517.2366906738281,522.4613037109375,116400,0.0,0.0
2001-08-01 00:00:00+09:00,522.4612822168293,525.9443574316082,518.9782070020505,524.2028198242188,104800,0.0,0.0
2001-08-02 00:00:00+09:00,525.9444409024184,553.8090470429439,524.2029030186355,546.8428955078125,181600,0.0,0.0
2001-08-03 00:00:00+09:00,529.4274077868853,538.135095414959,529.4274077868853,531.1689453125,107600,0.0,0.0
2001-08-06 00:00:00+09:00,532.9105579007057,543.3597845262098,532.9105579007057,539.876708984375,82000,0.0,0.0
2001-08-07 00:00:00+09:00,538.1351712134577,546.8428600680444,534.652095671623,539.876708984375,96400,0.0,0.0
2001-08-08 00:00:00+09:00,534.6519615729123,538.1350362411398,525.9442749023438,525.9442749023438,68400,0.0,0.0
2001-08-09 00:00:00+09:00,532.910655571739,534.6521936618427,510.2706604003906,510.2706604003906,118000,0.0,0.0
2001-08-10 00:00:00+09:00,510.27068576297245,531.1691438829577,508.52914758630703,515.4953002929688,258400,0.0,0.0
2001-08-13 00:00:00+09:00,513.7535429654056,520.7196927005298,508.5289306640625,508.5289306640625,95200,0.0,0.0
2001-08-14 00:00:00+09:00,517.2366835650276,534.6520601160387,512.0120705997243,532.9105224609375,125200,0.0,0.0
2001-08-15 00:00:00+09:00,531.1691438829577,531.1691438829577,515.4953002929688,515.4953002929688,109200,0.0,0.0
2001-08-16 00:00:00+09:00,515.4950864565122,517.2366239107572,498.0797119140625,498.0797119140625,170800,0.0,0.0
2001-08-17 00:00:00+09:00,499.8212708590324,508.5289585046601,491.11358321340464,496.33819580078125,118400,0.0,0.0
2001-08-20 00:00:00+09:00,487.6304421496036,496.33812861656077,466.7319946289063,466.73199462890625,195600,0.0,0.0
2001-08-21 00:00:00+09:00,468.47363648378763,478.9228625763628,461.50748575540416,463.2490234375,188800,0.0,0.0
2001-08-22 00:00:00+09:00,464.9905416669637,492.8551434147967,463.2490040577241,477.1813049316406,183600,0.0,0.0
2001-08-23 00:00:00+09:00,477.1813084225813,482.40592128852194,470.2151579346604,471.9566955566406,118800,0.0,0.0
2001-08-24 00:00:00+09:00,477.181435546875,482.4060498046875,473.69835937499994,478.9229736328125,110000,0.0,0.0
2001-08-27 00:00:00+09:00,487.6305758568549,487.6305758568549,480.6644247731855,485.8890380859375,51200,0.0,0.0
2001-08-28 00:00:00+09:00,487.6305341544626,487.6305341544626,470.2151579346604,471.9566955566406,89600,0.0,0.0
2001-08-29 00:00:00+09:00,480.66452375139505,492.85529065813336,475.43990936279295,487.63067626953125,148800,0.0,0.0
2001-08-30 00:00:00+09:00,482.40596254410286,487.6305758568549,475.4398114604335,485.8890380859375,82800,0.0,0.0
2001-08-31 00:00:00+09:00,485.8889965324824,485.8889965324824,471.9566955566406,471.9566955566406,178000,0.0,0.0
2001-09-03 00:00:00+09:00,471.9568378934529,477.18145233507784,451.0583801269531,451.0583801269531,135600,0.0,0.0
2001-09-04 00:00:00+09:00,452.7999382738797,463.24916761866155,449.31686182561907,461.50762939453125,124000,0.0,0.0
2001-09-05 00:00:00+09:00,449.3167636737749,461.50752857965256,444.09215014268455,447.5752258300781,105600,0.0,0.0
2001-09-06 00:00:00+09:00,456.28298595339754,473.69836709665697,445.83375726744185,449.31683349609375,113200,0.0,0.0
2001-09-07 00:00:00+09:00,435.38444170813347,444.0921305422961,417.96906403980813,419.7106018066406,182800,0.0,0.0
2001-09-10 00:00:00+09:00,414.48598234757134,421.4521333113961,400.55368041992193,400.5536804199219,142400,0.0,0.0
2001-09-11 00:00:00+09:00,400.55377708132573,409.2614678874415,393.5876244364331,395.32916259765625,188000,0.0,0.0
2001-09-12 00:00:00+09:00,369.20602809792695,372.6891038346999,351.7906494140625,351.7906494140625,167600,0.0,0.0
2001-09-13 00:00:00+09:00,358.75676597036966,370.9475298625667,355.2736905725991,357.0152282714844,182000,0.0,0.0
2001-09-14 00:00:00+09:00,358.75678256476596,402.29522705078125,358.75678256476596,402.29522705078125,492400,0.0,0.0
2001-09-17 00:00:00+09:00,383.1384132710678,383.1384132710678,367.4645690917969,367.4645690917969,114400,0.0,0.0
2001-09-18 00:00:00+09:00,376.172246368838,391.84608996753957,369.206093658304,370.9476318359375,92400,0.0,0.0
2001-09-19 00:00:00+09:00,370.94756656222876,383.13833166051796,369.2060286910446,376.17218017578125,125600,0.0,0.0
2001-09-20 00:00:00+09:00,367.464543562669,374.4306960472694,362.23992919921875,362.23992919921875,146000,0.0,0.0
2001-09-21 00:00:00+09:00,357.0152410497806,360.4983165722175,351.7906277661253,353.53216552734375,163200,0.0,0.0
2001-09-24 00:00:00+09:00,353.53216552734375,353.53216552734375,353.53216552734375,353.53216552734375,0,0.0,0.0
2001-09-25 00:00:00+09:00,379.65533678678537,381.3968750289266,365.72303084965563,367.4645690917969,118800,0.0,0.0
2001-09-26 00:00:00+09:00,376.17218017578125,376.17218017578125,365.7229529486762,376.17218017578125,92400,0.0,0.0
2001-09-27 00:00:00+09:00,367.46445594643643,376.17214447597286,357.01522971099274,369.20599365234375,107600,0.0,0.0
2001-09-28 00:00:00+09:00,369.20599365234375,369.20599365234375,369.20599365234375,369.20599365234375,0,0.0,0.0
2001-10-01 00:00:00+09:00,360.49833532882064,381.39678955078125,357.0152596251605,381.39678955078125,108000,0.0,0.0
2001-10-02 00:00:00+09:00,388.3629846572876,395.3291368484497,374.4306802749634,390.1045227050781,87600,0.0,0.0
2001-10-03 00:00:00+09:00,390.1045188210227,397.07067094282667,383.13836669921875,383.13836669921875,82400,0.0,0.0
2001-10-04 00:00:00+09:00,400.55370158977337,400.55370158977337,384.8798610927823,386.62139892578125,85200,0.0,0.0
2001-10-05 00:00:00+09:00,386.6213851436492,386.6213851436492,374.43062074722786,377.9136962890625,85200,0.0,0.0
2001-10-08 00:00:00+09:00,377.9136962890625,377.9136962890625,377.9136962890625,377.9136962890625,0,0.0,0.0
2001-10-09 00:00:00+09:00,374.4306960472694,377.9137722895696,362.23992919921875,362.23992919921875,70800,0.0,0.0
2001-10-10 00:00:00+09:00,360.4983126445881,367.46446361356567,358.75677490234375,358.75677490234375,70800,0.0,0.0
2001-10-11 00:00:00+09:00,374.43062074722786,377.9136962890625,362.23985635080646,377.9136962890625,87200,0.0,0.0
2001-10-12 00:00:00+09:00,395.32918096605636,395.32918096605636,365.72303084965563,367.4645690917969,383200,0.0,0.0
2001-10-15 00:00:00+09:00,372.6890819731213,372.6890819731213,365.7229309082031,365.7229309082031,92800,0.0,0.0
2001-10-16 00:00:00+09:00,383.138370513916,391.84606075286865,376.1722183227539,390.1045227050781,122400,0.0,0.0
2001-10-17 00:00:00+09:00,381.3967575936947,384.8798330055093,369.20599365234375,369.20599365234375,158000,0.0,0.0
2001-10-18 00:00:00+09:00,376.17214447597286,379.65521988778744,369.20599365234375,369.20599365234375,147200,0.0,0.0
2001-10-19 00:00:00+09:00,369.2060064406622,372.6890819731213,365.7229309082031,365.7229309082031,99200,0.0,0.0
2001-10-22 00:00:00+09:00,369.2060286910446,384.8798695317021,369.2060286910446,376.17218017578125,104000,0.0,0.0
2001-10-23 00:00:00+09:00,383.13836669921875,383.13836669921875,374.43067654696375,383.13836669921875,80400,0.0,0.0
2001-10-24 00:00:00+09:00,379.65529441833496,395.3291368484497,379.65529441833496,390.1045227050781,134000,0.0,0.0
2001-10-25 00:00:00+09:00,397.07064806349734,417.969103224734,397.07064806349734,409.26141357421875,205600,0.0,0.0
2001-10-26 00:00:00+09:00,411.002906865659,421.4521333113961,397.0706049380095,400.5536804199219,127600,0.0,0.0
2001-10-29 00:00:00+09:00,391.8460568514737,398.8122089732777,383.13836669921875,383.13836669921875,141600,0.0,0.0
2001-10-30 00:00:00+09:00,381.3967848666879,384.8798605275709,370.9475578840389,374.4306335449219,82800,0.0,0.0
2001-10-31 00:00:00+09:00,374.4306067700656,383.13829529960196,369.20599365234375,369.20599365234375,95600,0.0,0.0
2001-11-01 00:00:00+09:00,376.172211423445,376.172211423445,363.9814453125,363.9814453125,92800,0.0,0.0
2001-11-02 00:00:00+09:00,367.4644686744327,370.94754420689173,362.239855375744,365.7229309082031,122000,0.0,0.0
2001-11-05 00:00:00+09:00,367.4644686744327,369.2060064406622,358.75677984328496,365.7229309082031,78800,0.0,0.0
2001-11-06 00:00:00+09:00,365.7230054415189,367.464543562669,358.7568529569186,362.23992919921875,80000,0.0,0.0
2001-11-07 00:00:00+09:00,362.23983226102945,363.9813699161305,355.273681640625,355.273681640625,129600,0.0,0.0
2001-11-08 00:00:00+09:00,360.49830366925494,360.49830366925494,351.7906151748285,357.0152282714844,100000,0.0,0.0
2001-11-09 00:00:00+09:00,357.0152282714844,357.0152282714844,357.0152282714844,357.0152282714844,0,0.0,0.0
2001-11-12 00:00:00+09:00,336.1168169294085,343.08296857561385,329.1506652832031,329.1506652832031,125200,0.0,0.0
2001-11-13 00:00:00+09:00,329.15069697453424,334.3753112122253,315.21839234069154,316.9599304199219,151600,0.0,0.0
2001-11-14 00:00:00+09:00,334.37523352581525,334.37523352581525,318.70139445429265,320.44293212890625,154000,0.0,0.0
2001-11-15 00:00:00+09:00,329.150644370142,344.824484578244,320.4429553656409,343.08294677734375,168000,0.0,0.0
2001-11-16 00:00:00+09:00,343.08297761615955,343.08297761615955,327.40913599917764,330.8922119140625,206000,0.0,0.0
2001-11-19 00:00:00+09:00,339.599874567858,339.599874567858,320.44295856659426,325.6675720214844,144800,0.0,0.0
2001-11-20 00:00:00+09:00,344.8245109597636,344.8245109597636,330.89220748664184,336.1168212890625,168000,0.0,0.0
2001-11-21 00:00:00+09:00,332.6337539830159,346.5660578147652,330.8922160040472,337.8583679199219,181600,0.0,0.0
2001-11-22 00:00:00+09:00,343.08298185682787,346.5660578147652,334.37529196198454,337.8583679199219,150400,0.0,0.0
2001-11-23 00:00:00+09:00,337.8583679199219,337.8583679199219,337.8583679199219,337.8583679199219,0,0.0,0.0
2001-11-26 00:00:00+09:00,337.8584064609008,424.93531534257625,337.8584064609008,370.9476318359375,252000,0.0,0.0
2001-11-27 00:00:00+09:00,370.9476455760793,383.1384132710678,365.72303084965563,367.4645690917969,220400,0.0,0.0
2001-11-28 00:00:00+09:00,332.63373676935834,343.0829641024272,332.63373676935834,334.3752746582031,293200,0.0,0.0
2001-11-29 00:00:00+09:00,351.79064997920284,377.9137180469654,332.633733396177,376.17218017578125,272800,0.0,0.0
2001-11-30 00:00:00+09:00,367.46455548067047,379.655322724105,357.0153264148694,370.9476318359375,347200,0.0,0.0
2001-12-03 00:00:00+09:00,376.17215750558034,376.17215750558034,362.239855375744,365.7229309082031,344800,0.0,0.0
2001-12-04 00:00:00+09:00,365.7229309082031,369.2060064406622,362.239855375744,365.7229309082031,160400,0.0,0.0
2001-12-05 00:00:00+09:00,365.72303084965563,372.6891838182205,358.75687788109076,367.4645690917969,152400,0.0,0.0
2001-12-06 00:00:00+09:00,358.7568645925029,374.4307081912045,358.7568645925029,370.9476318359375,304800,0.0,0.0
2001-12-07 00:00:00+09:00,367.4644544647961,377.91368065810786,357.0152282714844,357.0152282714844,162400,0.0,0.0
2001-12-10 00:00:00+09:00,374.4306145825432,379.65522780927637,355.27369941785497,358.75677490234375,122400,0.0,0.0
2001-12-11 00:00:00+09:00,358.75677367550645,360.4983114117953,344.8244717851955,346.5660095214844,105600,0.0,0.0
2001-12-12 00:00:00+09:00,343.0829352221442,363.9813881290769,343.0829352221442,358.75677490234375,150000,0.0,0.0
2001-12-13 00:00:00+09:00,353.53219143549603,355.2737293243408,329.1506609916687,334.3752746582031,126400,0.0,0.0
2001-12-14 00:00:00+09:00,346.5660578147652,351.7906717516712,336.1168299409532,337.8583679199219,1279600,0.0,0.0
2001-12-17 00:00:00+09:00,336.1168082995292,344.8244976337139,325.66758109850764,339.5998840332031,85600,0.0,0.0
2001-12-18 00:00:00+09:00,336.1168169294085,344.8245064871652,329.1506652832031,329.1506652832031,156800,0.0,0.0
2001-12-19 00:00:00+09:00,322.1845651180186,330.8922560671542,315.2184123587101,327.4091796875,165600,0.0,0.0
2001-12-20 00:00:00+09:00,327.40908282736075,327.40908282736075,316.959856779679,320.44293212890625,106000,0.0,0.0
2001-12-21 00:00:00+09:00,318.7014335013725,329.1506608292863,316.95989561338683,322.18450927734375,146000,0.0,0.0
2001-12-24 00:00:00+09:00,322.18450927734375,322.18450927734375,322.18450927734375,322.18450927734375,0,0.0,0.0
2001-12-25 00:00:00+09:00,329.1506652832031,330.8922031947545,320.44297572544644,329.1506652832031,115200,0.0,0.0
2001-12-26 00:00:00+09:00,329.15069697453424,329.15069697453424,316.9599304199219,316.9599304199219,64800,0.0,0.0
2001-12-27 00:00:00+09:00,316.95990825452304,330.8922119140625,315.2183702970806,330.8922119140625,118000,0.0,0.0
2001-12-28 00:00:00+09:00,329.1506608292863,329.1506608292863,322.18450927734375,322.18450927734375,55200,0.0,0.0
2001-12-31 00:00:00+09:00,322.18450927734375,322.18450927734375,322.18450927734375,322.18450927734375,0,0.0,0.0
2002-01-01 00:00:00+09:00,322.18450927734375,322.18450927734375,322.18450927734375,322.18450927734375,0,0.0,0.0
2002-01-02 00:00:00+09:00,322.18450927734375,322.18450927734375,322.18450927734375,322.18450927734375,0,0.0,0.0
2002-01-03 00:00:00+09:00,322.18450927734375,322.18450927734375,322.18450927734375,322.18450927734375,0,0.0,0.0
2002-01-04 00:00:00+09:00,337.8583461663662,339.5998840332031,327.40911896534453,339.5998840332031,55200,0.0,0.0
2002-01-07 00:00:00+09:00,337.8583679199219,339.59990589889054,330.8922160040472,337.8583679199219,114800,0.0,0.0
2002-01-08 00:00:00+09:00,337.8584088264628,339.5999470162899,327.4091796875,327.4091796875,90800,0.0,0.0
2002-01-09 00:00:00+09:00,336.1168212890625,339.5998971573429,334.37528335492226,336.1168212890625,60400,0.0,0.0
2002-01-10 00:00:00+09:00,337.8583415565691,339.5998793996442,329.15065234119356,332.63372802734375,113200,0.0,0.0
2002-01-11 00:00:00+09:00,329.15062431209,332.63369970163586,311.7352473643603,315.21832275390625,262000,0.0,0.0
2002-01-14 00:00:00+09:00,315.21832275390625,315.21832275390625,315.21832275390625,315.21832275390625,0,0.0,0.0
2002-01-15 00:00:00+09:00,313.47684254365805,315.2183805577895,296.06146240234375,296.06146240234375,135600,0.0,0.0
2002-01-16 00:00:00+09:00,296.0614734691578,325.66762081607357,292.57839731069714,316.9599304199219,136400,0.0,0.0
2002-01-17 00:00:00+09:00,316.9598604486792,320.44293583822514,308.2521719748144,315.21832275390625,112400,0.0,0.0
2002-01-18 00:00:00+09:00,306.5105401400862,309.9936144598599,303.0274658203125,303.0274658203125,88800,0.0,0.0
2002-01-21 00:00:00+09:00,303.0275750593705,313.4768017855557,299.54449948397547,306.5106506347656,81600,0.0,0.0
2002-01-22 00:00:00+09:00,308.25207729997305,309.9936144598599,303.0274658203125,303.0274658203125,88000,0.0,0.0
2002-01-23 00:00:00+09:00,308.2521982242924,332.63372802734375,306.5106603812173,332.63372802734375,236800,0.0,0.0
2002-01-24 00:00:00+09:00,323.92606008429277,334.37528782894736,320.4429841694079,330.8922119140625,181200,0.0,0.0
2002-01-25 00:00:00+09:00,337.8584088264628,339.5999470162899,322.1845651180186,327.4091796875,152800,0.0,0.0
2002-01-28 00:00:00+09:00,337.8583679199219,339.59990589889054,327.4091400461098,337.8583679199219,123200,0.0,0.0
2002-01-29 00:00:00+09:00,337.8584088264628,337.8584088264628,327.4091796875,327.4091796875,63600,0.0,0.0
2002-01-30 00:00:00+09:00,322.1845179732128,330.89220764816446,322.1845179732128,323.9260559082031,53600,0.0,0.0
2002-01-31 00:00:00+09:00,323.9260559082031,323.9260559082031,323.9260559082031,323.9260559082031,0,0.0,0.0
2002-02-01 00:00:00+09:00,329.1506697131741,329.1506697131741,316.95990416824174,323.9260559082031,68000,0.0,0.0
2002-02-04 00:00:00+09:00,323.9260471653294,334.37527449324324,320.4429713893581,322.18450927734375,58800,0.0,0.0
2002-02-05 00:00:00+09:00,316.9598773609508,325.6675662994385,303.0275750593705,306.5106506347656,115600,0.0,0.0
2002-02-06 00:00:00+09:00,303.0276318927144,311.7353224643441,299.5445556640625,299.5445556640625,110800,0.0,0.0
2002-02-07 00:00:00+09:00,301.28608886718746,316.959931640625,299.54455078125,304.7691650390625,117200,0.0,0.0
2002-02-08 00:00:00+09:00,304.7691650390625,322.1845458984375,303.027626953125,304.7691650390625,425600,0.0,0.0
2002-02-11 00:00:00+09:00,304.7691650390625,304.7691650390625,304.7691650390625,304.7691650390625,0,0.0,0.0
2002-02-12 00:00:00+09:00,313.4768017855557,316.9598773609508,306.5106506347656,306.5106506347656,132400,0.0,0.0
2002-02-13 00:00:00+09:00,311.7352639978582,316.9598773609508,303.0275750593705,306.5106506347656,194000,0.0,0.0
2002-02-14 00:00:00+09:00,309.9937611897787,339.5999069213867,309.9937611897787,313.4768371582031,204400,0.0,0.0
2002-02-15 00:00:00+09:00,316.9599304199219,323.9260827368432,309.9937781030005,316.9599304199219,158000,0.0,0.0
2002-02-18 00:00:00+09:00,309.99383544921875,313.47691225201896,309.99383544921875,309.99383544921875,73600,0.0,0.0
2002-02-19 00:00:00+09:00,311.7353045295267,313.47684254365805,296.06146240234375,296.06146240234375,119200,0.0,0.0
2002-02-20 00:00:00+09:00,297.8028869628906,303.0274990148712,297.8028869628906,297.8028869628906,106000,0.0,0.0
2002-02-21 00:00:00+09:00,301.2860712687175,313.4768371582031,299.54453328450523,313.4768371582031,117600,0.0,0.0
2002-02-22 00:00:00+09:00,306.51070194453985,318.7014684991522,306.51070194453985,316.9599304199219,107200,0.0,0.0
2002-02-25 00:00:00+09:00,325.6674488988416,325.6674488988416,303.0274658203125,303.0274658203125,145600,0.0,0.0
2002-02-26 00:00:00+09:00,308.2522462356922,309.9937843500182,299.5445556640625,299.5445556640625,142800,0.0,0.0
2002-02-27 00:00:00+09:00,306.5106805098684,330.8922119140625,306.5106805098684,330.8922119140625,237600,0.0,0.0
2002-02-28 00:00:00+09:00,330.8921854763745,348.30756365934155,320.44295856659426,325.6675720214844,234800,0.0,0.0
2002-03-01 00:00:00+09:00,327.4091400461098,344.82451983579654,327.4091400461098,337.8583679199219,140000,0.0,0.0
2002-03-04 00:00:00+09:00,346.5661080736633,381.3968727041822,346.5661080736633,379.65533447265625,284400,0.0,0.0
2002-03-05 00:00:00+09:00,379.65531041071966,383.13838665301984,362.23992919921875,362.23992919921875,218400,0.0,0.0
2002-03-06 00:00:00+09:00,374.4306197393508,390.1044596354167,365.7229309082031,365.7229309082031,226400,0.0,0.0
2002-03-07 00:00:00+09:00,397.07073974609375,398.81227807831345,369.2061264305784,397.07073974609375,263200,0.0,0.0
2002-03-08 00:00:00+09:00,405.77833339146207,424.9352504185268,384.879878452846,414.48602294921875,863600,0.0,0.0
2002-03-11 00:00:00+09:00,419.710534593837,430.1597595214844,407.5197721782484,430.1597595214844,210800,0.0,0.0
2002-03-12 00:00:00+09:00,421.45217459542414,424.9352504185268,407.5198713030134,414.48602294921875,198400,0.0,0.0
2002-03-13 00:00:00+09:00,411.00305230034724,417.9692057291667,391.84613037109375,391.84613037109375,223600,0.0,0.0
2002-03-14 00:00:00+09:00,393.5875680106027,414.48602294921875,393.5875680106027,414.48602294921875,168400,0.0,0.0
2002-03-15 00:00:00+09:00,412.744399646097,421.45208740234375,411.00286209484767,421.45208740234375,109600,0.0,0.0
2002-03-18 00:00:00+09:00,430.1598641531808,435.38447788783486,412.7444850376674,414.48602294921875,112400,0.0,0.0
2002-03-19 00:00:00+09:00,424.9352671705832,444.09218495286353,423.19372919037585,442.35064697265625,189600,0.0,0.0
2002-03-20 00:00:00+09:00,438.8674406828704,438.8674406828704,423.193603515625,423.193603515625,122000,0.0,0.0
2002-03-21 00:00:00+09:00,423.193603515625,423.193603515625,423.193603515625,423.193603515625,0,0.0,0.0
2002-03-22 00:00:00+09:00,430.1598729079332,431.9014108549289,423.19372111995045,428.4183349609375,76800,0.0,0.0
2002-03-25 00:00:00+09:00,417.969103224734,423.1937170150432,404.03679978390954,409.26141357421875,95600,0.0,0.0
2002-03-26 00:00:00+09:00,411.0028742472331,435.3844006856283,411.0028742472331,417.9690246582031,111200,0.0,0.0
2002-03-27 00:00:00+09:00,428.4183262416295,428.4183262416295,414.48602294921875,414.48602294921875,88000,0.0,0.0
2002-03-28 00:00:00+09:00,411.0028742472331,417.9690246582031,405.7782614390055,417.9690246582031,87600,0.0,0.0
2002-03-29 00:00:00+09:00,407.5198893589256,409.26142734763897,381.39681952822525,393.58758544921875,206000,0.0,0.0
2002-04-01 00:00:00+09:00,402.29536051432297,402.29536051432297,388.36305365668403,391.84613037109375,80400,0.0,0.0
2002-04-02 00:00:00+09:00,390.10454473794846,400.5537736148578,383.13839215334224,388.3630065917969,76400,0.0,0.0
2002-04-03 00:00:00+09:00,391.84603009905135,417.96909877232144,384.879878452846,414.48602294921875,180800,0.0,0.0
2002-04-04 00:00:00+09:00,405.77835137021225,412.7445033250657,393.58758544921875,393.58758544921875,229600,0.0,0.0
2002-04-05 00:00:00+09:00,400.5537368708926,407.5198888164733,397.07066089810223,405.7783508300781,172800,0.0,0.0
2002-04-08 00:00:00+09:00,407.5198669433594,417.9690943008814,404.03679115751873,407.5198669433594,212400,0.0,0.0
2002-04-09 00:00:00+09:00,412.74448943442485,416.22756529463095,407.51987564411564,409.26141357421875,246400,0.0,0.0
2002-04-10 00:00:00+09:00,416.22747716941984,433.6428527832031,416.22747716941984,433.6428527832031,518400,0.0,0.0
2002-04-11 00:00:00+09:00,433.64286308288575,433.64286308288575,414.4859494527181,417.9690246582031,168000,0.0,0.0
2002-04-12 00:00:00+09:00,414.48608237111097,419.71069685478045,391.8460862752099,395.32916259765625,444800,0.0,0.0
2002-04-15 00:00:00+09:00,404.0367271970596,416.2274905176605,400.55365196260215,412.7444152832031,165200,0.0,0.0
2002-04-16 00:00:00+09:00,414.4859162004887,423.193603515625,405.7782288853524,423.193603515625,115200,0.0,0.0
2002-04-17 00:00:00+09:00,414.48598467717403,424.9352111816406,412.74444692642965,424.9352111816406,86800,0.0,0.0
2002-04-18 00:00:00+09:00,423.193603515625,428.4182159047068,423.193603515625,423.193603515625,70800,0.0,0.0
2002-04-19 00:00:00+09:00,419.7105498510944,423.19362495359314,416.22747474859574,421.45208740234375,46000,0.0,0.0
2002-04-22 00:00:00+09:00,417.9690945533014,440.6090871749385,417.9690945533014,431.9013977050781,181200,0.0,0.0
2002-04-23 00:00:00+09:00,426.6766845456019,433.64283449736683,421.4520720817782,430.1597595214844,101600,0.0,0.0
2002-04-24 00:00:00+09:00,423.19362495359314,431.9013127098399,416.22747474859574,421.45208740234375,102800,0.0,0.0
2002-04-25 00:00:00+09:00,421.45209986368815,421.45209986368815,405.7782614390055,417.9690246582031,138400,0.0,0.0
2002-04-26 00:00:00+09:00,423.1937170150432,423.1937170150432,402.2952618538065,409.26141357421875,130800,0.0,0.0
2002-04-29 00:00:00+09:00,409.26141357421875,409.26141357421875,409.26141357421875,409.26141357421875,0,0.0,0.0
2002-04-30 00:00:00+09:00,409.2613781685437,409.2613781685437,391.8460003741376,402.29522705078125,78400,0.0,0.0
2002-05-01 00:00:00+09:00,414.48603654220113,414.48603654220113,391.8460429495599,398.81219482421875,104400,0.0,0.0
2002-05-02 00:00:00+09:00,404.03680873021284,404.03680873021284,388.36296701223046,398.81219482421875,96400,0.0,0.0
2002-05-03 00:00:00+09:00,398.81219482421875,398.81219482421875,398.81219482421875,398.81219482421875,0,0.0,0.0
2002-05-06 00:00:00+09:00,398.81219482421875,398.81219482421875,398.81219482421875,398.81219482421875,0,0.0,0.0
2002-05-07 00:00:00+09:00,393.58762103025157,400.5537736148578,384.87993029949376,388.3630065917969,89200,0.0,0.0
2002-05-08 00:00:00+09:00,386.62143297973114,409.2614268028685,386.62143297973114,405.7783508300781,172000,0.0,0.0
2002-05-09 00:00:00+09:00,412.7445027756589,414.4860407620541,400.5537368708926,405.7783508300781,118400,0.0,0.0
2002-05-10 00:00:00+09:00,400.55381641053316,405.77843140719233,397.07073974609375,397.07073974609375,98400,0.0,0.0
2002-05-13 00:00:00+09:00,393.58766872829864,395.32920708550347,388.36305365668403,391.84613037109375,49600,0.0,0.0
2002-05-14 00:00:00+09:00,405.7783880533124,405.7783880533124,384.87993029949376,388.3630065917969,100400,0.0,0.0
2002-05-15 00:00:00+09:00,397.07063958583734,411.0029427292001,386.6214122283153,407.5198669433594,175600,0.0,0.0
2002-05-16 00:00:00+09:00,398.8121774787577,407.5198669433594,397.07063958583734,407.5198669433594,88400,0.0,0.0
2002-05-17 00:00:00+09:00,407.5197632353184,416.22745048393637,407.5197632353184,411.0028381347656,157200,0.0,0.0
2002-05-20 00:00:00+09:00,416.22748705546064,423.1936374664307,412.7444118499756,417.9690246582031,69600,0.0,0.0
2002-05-21 00:00:00+09:00,414.4859130342128,423.1936002828307,404.03668833587125,411.0028381347656,71600,0.0,0.0
2002-05-22 00:00:00+09:00,411.0029091756852,424.9352111816406,411.0029091756852,424.9352111816406,133200,0.0,0.0
2002-05-23 00:00:00+09:00,430.1597595214844,431.9012970094256,421.4520720817782,430.1597595214844,122000,0.0,0.0
2002-05-24 00:00:00+09:00,435.38439034458145,437.12592790595977,426.6767025376898,433.6428527832031,192800,0.0,0.0
2002-05-27 00:00:00+09:00,431.90144763230364,464.990671442843,431.90144763230364,454.54144287109375,363600,0.0,0.0
2002-05-28 00:00:00+09:00,447.5753451260654,447.5753451260654,437.12611527876425,440.60919189453125,132400,0.0,0.0
2002-05-29 00:00:00+09:00,437.12603303203434,445.8337229330709,435.384495051827,442.35064697265625,86800,0.0,0.0
2002-05-30 00:00:00+09:00,444.0921629628827,444.0921629628827,426.6767840231618,431.9013977050781,136000,0.0,0.0
2002-05-31 00:00:00+09:00,426.67681799994574,440.60912226116847,421.4522039019872,438.8675842285156,108400,0.0,0.0
2002-06-03 00:00:00+09:00,435.3845715522766,445.83380126953125,431.9014949798584,445.83380126953125,54000,0.0,0.0
2002-06-04 00:00:00+09:00,444.09205942501427,445.8335969129555,430.1597595214844,430.1597595214844,71600,0.0,0.0
2002-06-05 00:00:00+09:00,437.12603303203434,442.35064697265625,431.9014190914124,442.35064697265625,76400,0.0,0.0
2002-06-06 00:00:00+09:00,435.3843844666773,442.35053461814414,426.67669677734375,426.67669677734375,76400,0.0,0.0
2002-06-07 00:00:00+09:00,426.67667844167954,426.67667844167954,417.96899112654324,423.193603515625,119200,0.0,0.0
2002-06-10 00:00:00+09:00,438.867474609375,440.60901220703124,428.4182490234375,435.3843994140625,127200,0.0,0.0
2002-06-11 00:00:00+09:00,437.1259754368516,437.1259754368516,423.1936734308962,424.9352111816406,78400,0.0,0.0
2002-06-12 00:00:00+09:00,419.71056226094566,419.71056226094566,411.0028742472331,417.9690246582031,93200,0.0,0.0
2002-06-13 00:00:00+09:00,419.71060484518733,421.452142624628,395.32907593301877,402.29522705078125,121600,0.0,0.0
2002-06-14 00:00:00+09:00,402.2952890396118,402.2952890396118,386.62144660949707,390.1045227050781,904400,0.0,0.0
2002-06-17 00:00:00+09:00,383.1383085704985,386.62138410295756,355.2737043108259,365.7229309082031,271200,0.0,0.0
2002-06-18 00:00:00+09:00,372.6890819731213,372.6890819731213,360.4983176095145,365.7229309082031,175600,0.0,0.0
2002-06-19 00:00:00+09:00,365.7230069744053,370.94762135975395,350.0491638183594,350.0491638183594,142000,0.0,0.0
2002-06-20 00:00:00+09:00,357.0153148357685,365.7230054415189,350.04916235116815,362.23992919921875,162000,0.0,0.0
2002-06-21 00:00:00+09:00,355.273681640625,357.0152192957261,350.04906867532173,355.273681640625,108400,0.0,0.0
2002-06-24 00:00:00+09:00,339.5999350476621,351.7907019468089,339.5999350476621,350.0491638183594,92000,0.0,0.0
2002-06-25 00:00:00+09:00,353.53216167561055,360.4983126445881,348.3075484488774,358.75677490234375,144000,0.0,0.0
2002-06-26 00:00:00+09:00,341.34143509148316,344.8245109597636,334.37528335492226,336.1168212890625,174800,0.0,0.0
2002-06-27 00:00:00+09:00,344.8244717851955,348.30754725777325,341.3413963126178,346.5660095214844,179200,0.0,0.0
2002-06-28 00:00:00+09:00,350.0490861911218,358.75677490234375,348.3075484488774,358.75677490234375,143200,0.0,0.0
2002-07-01 00:00:00+09:00,355.2737251508354,358.7568008876083,348.3075736772896,351.7906494140625,107200,0.0,0.0
2002-07-02 00:00:00+09:00,348.3075736772896,351.7906494140625,341.3414222037438,351.7906494140625,133200,0.0,0.0
2002-07-03 00:00:00+09:00,348.30755703691125,362.2398593183877,344.8244814665421,360.4983215332031,169600,0.0,0.0
2002-07-04 00:00:00+09:00,363.9813699161305,365.72290757123164,355.273681640625,355.273681640625,80400,0.0,0.0
2002-07-05 00:00:00+09:00,360.498416123232,370.9476455760793,357.01533963894957,367.4645690917969,114400,0.0,0.0
2002-07-08 00:00:00+09:00,376.17215750558034,377.9136952718099,365.7229309082031,365.7229309082031,136800,0.0,0.0
2002-07-09 00:00:00+09:00,370.94756656222876,376.17218017578125,363.98141507749204,376.17218017578125,191200,0.0,0.0
2002-07-10 00:00:00+09:00,372.689086029495,381.3967749554178,360.4983215332031,360.4983215332031,199600,0.0,0.0
2002-07-11 00:00:00+09:00,358.75677367550645,358.75677367550645,346.5660095214844,346.5660095214844,218800,0.0,0.0
2002-07-12 00:00:00+09:00,355.2737032885622,357.0152410497806,348.3075522436884,353.53216552734375,285600,0.0,0.0
2002-07-15 00:00:00+09:00,355.273720481179,355.273720481179,343.0829555627071,344.8244934082031,89600,0.0,0.0
2002-07-16 00:00:00+09:00,339.59987117554334,348.30756018004445,339.59987117554334,343.08294677734375,157600,0.0,0.0
2002-07-17 00:00:00+09:00,343.082959766877,343.082959766877,334.37527043269233,339.5998840332031,99600,0.0,0.0
2002-07-18 00:00:00+09:00,341.3414611816406,350.049151517907,341.3414611816406,341.3414611816406,96800,0.0,0.0
2002-07-19 00:00:00+09:00,339.5998793996442,343.08295508579437,330.89219018426866,332.63372802734375,120000,0.0,0.0
2002-07-22 00:00:00+09:00,330.8922031947545,341.3414306640625,322.1845136369978,329.1506652832031,110800,0.0,0.0
2002-07-23 00:00:00+09:00,325.6675894601005,336.1168169294085,323.92605154854914,329.1506652832031,76800,0.0,0.0
2002-07-24 00:00:00+09:00,327.4091796875,334.3753324468085,327.4091796875,327.4091796875,132800,0.0,0.0
2002-07-25 00:00:00+09:00,351.7906717516712,351.7906717516712,332.6337539830159,337.8583679199219,148000,0.0,0.0
2002-07-26 00:00:00+09:00,337.8583593881258,337.8583593881258,323.9260559082031,323.9260559082031,162800,0.0,0.0
2002-07-29 00:00:00+09:00,330.8921698948846,346.5660095214844,327.40909442230685,346.5660095214844,221600,0.0,0.0
2002-07-30 00:00:00+09:00,350.0490849940621,351.79062273035095,339.5998585763289,346.5660095214844,122800,0.0,0.0
2002-07-31 00:00:00+09:00,353.5321604666398,353.5321604666398,341.3413963126178,346.5660095214844,64000,0.0,0.0
2002-08-01 00:00:00+09:00,351.79064479018706,351.79064479018706,336.11680418072325,344.8244934082031,105600,0.0,0.0
2002-08-02 00:00:00+09:00,339.5998840332031,344.8244976337139,339.5998840332031,339.5998840332031,87200,0.0,0.0
2002-08-05 00:00:00+09:00,339.59987117554334,346.5660223791442,337.8583333746431,343.08294677734375,79200,0.0,0.0
2002-08-06 00:00:00+09:00,337.85835484095986,341.3414306640625,325.6675894601005,329.1506652832031,107600,0.0,0.0
2002-08-07 00:00:00+09:00,344.8245494330107,350.0491638183594,337.8583969192125,350.0491638183594,122000,0.0,0.0
2002-08-08 00:00:00+09:00,351.7906239333662,360.4983126445881,350.0490861911218,358.75677490234375,114400,0.0,0.0
2002-08-09 00:00:00+09:00,355.2736920050855,369.20599365234375,355.2736920050855,369.20599365234375,259600,0.0,0.0
2002-08-12 00:00:00+09:00,365.7230069744053,365.7230069744053,350.0491638183594,350.0491638183594,73200,0.0,0.0
2002-08-13 00:00:00+09:00,344.82447672125153,360.4983165722175,344.82447672125153,353.53216552734375,46400,0.0,0.0
2002-08-14 00:00:00+09:00,355.2737032885622,360.4983165722175,353.53216552734375,353.53216552734375,58800,0.0,0.0
2002-08-15 00:00:00+09:00,362.23990729665076,365.7229833283493,358.75683126495215,363.9814453125,67600,0.0,0.0
2002-08-16 00:00:00+09:00,365.72292985587285,365.72292985587285,353.53216552734375,353.53216552734375,67600,0.0,0.0
2002-08-19 00:00:00+09:00,362.2398625872462,362.2398625872462,341.3414089764436,343.08294677734375,71600,0.0,0.0
2002-08-20 00:00:00+09:00,348.3075256347656,350.04906326293946,343.08291275024413,348.3075256347656,60400,0.0,0.0
2002-08-21 00:00:00+09:00,341.3413963126178,353.5321604666398,341.3413963126178,346.5660095214844,69200,0.0,0.0
2002-08-22 00:00:00+09:00,353.53217039246493,360.4983215332031,341.341405896173,360.4983215332031,74800,0.0,0.0
2002-08-23 00:00:00+09:00,360.4983215332031,360.4983215332031,360.4983215332031,360.4983215332031,0,0.0,0.0
2002-08-26 00:00:00+09:00,357.0153264148694,370.9476318359375,357.0153264148694,370.9476318359375,137600,0.0,0.0
2002-08-27 00:00:00+09:00,367.4645213441986,370.94759737589715,360.49836928080146,363.9814453125,66400,0.0,0.0
2002-08-28 00:00:00+09:00,369.2060053783097,369.2060053783097,350.0490900049069,353.53216552734375,70000,0.0,0.0
2002-08-29 00:00:00+09:00,350.0490900049069,355.2737032885622,344.82447672125153,353.53216552734375,80400,0.0,0.0
2002-08-30 00:00:00+09:00,350.04906867532173,357.0152192957261,343.0829180549173,355.273681640625,54000,0.0,0.0
2002-09-02 00:00:00+09:00,353.53216552734375,355.2737032885622,344.82447672125153,353.53216552734375,77200,0.0,0.0
2002-09-03 00:00:00+09:00,351.7906491010617,353.53218696789867,330.89219469901843,339.5998840332031,103200,0.0,0.0
2002-09-04 00:00:00+09:00,330.8922119140625,341.3414396587171,327.40913599917764,330.8922119140625,103200,0.0,0.0
2002-09-05 00:00:00+09:00,329.15065234119356,336.116803713494,323.9260388119683,332.63372802734375,98000,0.0,0.0
2002-09-06 00:00:00+09:00,325.6675894601005,329.1506652832031,316.95989990234375,329.1506652832031,86800,0.0,0.0
2002-09-09 00:00:00+09:00,320.4429553656409,343.08294677734375,320.4429553656409,343.08294677734375,48000,0.0,0.0
2002-09-10 00:00:00+09:00,334.37528782894736,341.3414396587171,323.92606008429277,330.8922119140625,107200,0.0,0.0
2002-09-11 00:00:00+09:00,329.1506568321815,339.5998840332031,329.1506568321815,339.5998840332031,53600,0.0,0.0
2002-09-12 00:00:00+09:00,329.1506652832031,330.8922031947545,322.1845136369978,329.1506652832031,112800,0.0,0.0
2002-09-13 00:00:00+09:00,322.1844735329981,325.66754892254403,313.4767850591333,315.21832275390625,1081600,0.0,0.0
2002-09-16 00:00:00+09:00,315.21832275390625,315.21832275390625,315.21832275390625,315.21832275390625,0,0.0,0.0
2002-09-17 00:00:00+09:00,329.1506609916687,337.85835043589276,329.1506609916687,334.3752746582031,86000,0.0,0.0
2002-09-18 00:00:00+09:00,332.6337708453743,343.0829992488939,323.9260805091079,341.3414611816406,97200,0.0,0.0
2002-09-19 00:00:00+09:00,346.5659933651195,358.75675695082725,346.5659933651195,355.273681640625,190400,0.0,0.0
2002-09-20 00:00:00+09:00,339.5998634375962,353.53216552734375,339.5998634375962,353.53216552734375,101200,0.0,0.0
2002-09-23 00:00:00+09:00,353.53216552734375,353.53216552734375,353.53216552734375,353.53216552734375,0,0.0,0.0
2002-09-24 00:00:00+09:00,351.7906008911133,351.7906008911133,346.5659880065918,348.3075256347656,93200,0.0,0.0
2002-09-25 00:00:00+09:00,351.7906063304228,360.4982946059283,341.3413803998162,355.273681640625,130000,0.0,0.0
2002-09-26 00:00:00+09:00,355.2737767146184,362.23992919921875,350.04916235116815,362.23992919921875,84400,0.0,0.0
2002-09-27 00:00:00+09:00,362.2398593183877,362.2398593183877,353.53217039246493,360.4983215332031,105200,0.0,0.0
2002-09-30 00:00:00+09:00,351.7906063304228,360.4982946059283,350.04906867532173,355.273681640625,60400,0.0,0.0
2002-10-01 00:00:00+09:00,346.5660095214844,351.79062273035095,341.3413963126178,346.5660095214844,67200,0.0,0.0
2002-10-02 00:00:00+09:00,341.3414611816406,344.82453731614714,337.8583850471341,341.3414611816406,47600,0.0,0.0
2002-10-03 00:00:00+09:00,337.8583415565691,341.3414172427193,332.63372802734375,332.63372802734375,72800,0.0,0.0
2002-10-04 00:00:00+09:00,332.6337455831548,334.3752835181451,316.95990416824174,323.9260559082031,232800,0.0,0.0
2002-10-07 00:00:00+09:00,306.5107421875,306.5107421875,269.93843772194606,287.35382080078125,296000,0.0,0.0
2002-10-08 00:00:00+09:00,289.09516534572697,292.57823962700076,285.6120910644531,285.6120910644531,136800,0.0,0.0
2002-10-09 00:00:00+09:00,287.353777885437,292.5783920288086,273.4214735031128,278.6460876464844,130800,0.0,0.0
2002-10-10 00:00:00+09:00,243.81522438742897,275.1628960943841,238.59061243626977,268.1967468261719,286800,0.0,0.0
2002-10-11 00:00:00+09:00,269.9383592905489,285.6121995074194,269.9383592905489,276.9045104980469,278400,0.0,0.0
2002-10-14 00:00:00+09:00,276.9045104980469,276.9045104980469,276.9045104980469,276.9045104980469,0,0.0,0.0
2002-10-15 00:00:00+09:00,296.06141274019797,296.06141274019797,280.3875732421875,280.3875732421875,90400,0.0,0.0
2002-10-16 00:00:00+09:00,285.61221294038614,287.353750824169,273.42144775390625,273.42144775390625,141600,0.0,0.0
2002-10-17 00:00:00+09:00,278.6460614052548,278.6460614052548,271.6799098701234,273.42144775390625,89600,0.0,0.0
2002-10-18 00:00:00+09:00,285.6120910644531,289.09516534572697,278.6459425019055,285.6120910644531,72000,0.0,0.0
2002-10-21 00:00:00+09:00,292.57823962700076,292.57823962700076,282.1290167831793,285.6120910644531,68800,0.0,0.0
2002-10-22 00:00:00+09:00,287.35367701603815,287.35367701603815,268.19676521496893,271.6798400878906,162800,0.0,0.0
2002-10-23 00:00:00+09:00,262.97213487501267,273.4213587773311,261.2305975579596,268.1967468261719,120800,0.0,0.0
2002-10-24 00:00:00+09:00,266.4552829140111,273.4214341013055,262.9722073203639,264.7137451171875,100400,0.0,0.0
2002-10-25 00:00:00+09:00,273.4214348942979,282.1291239036704,269.9383592905489,276.9045104980469,119200,0.0,0.0
2002-10-28 00:00:00+09:00,264.7136903420473,271.6798400878906,262.9721529055864,271.6798400878906,109600,0.0,0.0
2002-10-29 00:00:00+09:00,271.67989709242335,278.6460482999214,268.19682148867435,276.9045104980469,91200,0.0,0.0
2002-10-30 00:00:00+09:00,268.1968593597412,278.6460876464844,268.1968593597412,278.6460876464844,65600,0.0,0.0
2002-10-31 00:00:00+09:00,278.6459734581954,278.6459734581954,262.9721374511719,262.9721374511719,141200,0.0,0.0
2002-11-01 00:00:00+09:00,259.48906024090655,273.4213587773311,252.5229109726943,268.1967468261719,198000,0.0,0.0
2002-11-04 00:00:00+09:00,268.1967468261719,268.1967468261719,268.1967468261719,268.1967468261719,0,0.0,0.0
2002-11-05 00:00:00+09:00,278.6460614052548,278.6460614052548,269.9383719863406,273.42144775390625,100000,0.0,0.0
2002-11-06 00:00:00+09:00,273.4214309880763,283.870657650041,271.6798932110822,282.1291198730469,107600,0.0,0.0
2002-11-07 00:00:00+09:00,282.1290680118865,283.87060546875,275.1629181844325,283.87060546875,103600,0.0,0.0
2002-11-08 00:00:00+09:00,282.12916374206543,282.12916374206543,269.93839740753174,278.6460876464844,146400,0.0,0.0
2002-11-11 00:00:00+09:00,269.93834025065104,269.93834025065104,256.0060388183594,261.23065185546875,91200,0.0,0.0
2002-11-12 00:00:00+09:00,261.2306154691256,271.6798400878906,259.4890780326648,271.6798400878906,90400,0.0,0.0
2002-11-13 00:00:00+09:00,268.19674945351306,271.67982412174047,256.005988114717,262.9721374511719,80000,0.0,0.0
2002-11-14 00:00:00+09:00,264.7137166044138,264.7137166044138,238.5906524658203,238.5906524658203,106000,0.0,0.0
2002-11-15 00:00:00+09:00,243.81524658203125,245.5567840576172,235.10755920410156,235.10755920410156,131600,0.0,0.0
2002-11-18 00:00:00+09:00,226.39990759677573,235.1075963504979,212.4676055908203,212.4676055908203,172800,0.0,0.0
2002-11-19 00:00:00+09:00,203.75995471989998,203.75995471989998,174.15380745290597,186.34457397460938,289600,0.0,0.0
2002-11-20 00:00:00+09:00,186.34456479232924,198.53533071332274,184.60302680361588,196.79379272460938,162800,0.0,0.0
2002-11-21 00:00:00+09:00,202.01837795091714,203.75991569187332,196.7937647280486,200.27684020996094,156800,0.0,0.0
2002-11-22 00:00:00+09:00,214.20916748046875,221.1753192684515,208.98455363948173,214.20916748046875,121200,0.0,0.0
2002-11-25 00:00:00+09:00,224.6583433660842,233.36603109345182,215.9506556387166,228.14141845703125,176000,0.0,0.0
2002-11-26 00:00:00+09:00,228.14148227752202,231.6245583428277,215.95071604895213,219.4337921142578,139600,0.0,0.0
2002-11-27 00:00:00+09:00,217.6922642907431,228.14149297669877,217.6922642907431,224.65841674804688,114800,0.0,0.0
2002-11-28 00:00:00+09:00,229.88303309849329,243.81533813476562,228.14149496895925,243.81533813476562,102400,0.0,0.0
2002-11-29 00:00:00+09:00,243.81528597351507,247.29836148742243,235.1075971887467,245.55682373046875,128800,0.0,0.0
2002-12-02 00:00:00+09:00,245.55682373046875,245.55682373046875,245.55682373046875,245.55682373046875,0,0.0,0.0
2002-12-03 00:00:00+09:00,243.81533813476562,245.55687626429966,238.5907237461635,243.81533813476562,93200,0.0,0.0
2002-12-04 00:00:00+09:00,243.81528597351507,245.55682373046875,231.62452167483931,245.55682373046875,112800,0.0,0.0
2002-12-05 00:00:00+09:00,243.8152834665861,245.55682120563313,236.8491325103979,242.07374572753906,90400,0.0,0.0
2002-12-06 00:00:00+09:00,235.10757724734117,238.5906524658203,235.10757724734117,238.5906524658203,60800,0.0,0.0
2002-12-09 00:00:00+09:00,238.590628006879,240.33216543758616,231.6244782840504,236.84909057617188,105200,0.0,0.0
2002-12-10 00:00:00+09:00,236.84909377731643,249.03985595703125,235.10755632307146,249.03985595703125,142400,0.0,0.0
2002-12-11 00:00:00+09:00,247.2983589446802,249.03989668372722,240.332207988492,242.07374572753906,86800,0.0,0.0
2002-12-12 00:00:00+09:00,247.2983589446802,247.2983589446802,242.07374572753903,242.07374572753906,53600,0.0,0.0
2002-12-13 00:00:00+09:00,242.07376726212038,243.81530515609248,215.95069885253903,215.95069885253906,526800,0.0,0.0
2002-12-16 00:00:00+09:00,222.9168125,224.65835009765624,215.950662109375,217.69219970703125,152400,0.0,0.0
2002-12-17 00:00:00+09:00,221.17536234855652,226.39997720718384,219.4338240623474,222.91690063476562,95200,0.0,0.0
2002-12-18 00:00:00+09:00,222.91681315104168,222.91681315104168,208.98451232910156,208.98451232910156,143200,0.0,0.0
2002-12-19 00:00:00+09:00,202.01839557875937,208.9845471504407,202.01839557875937,203.7599334716797,68800,0.0,0.0
2002-12-20 00:00:00+09:00,203.75993979849468,214.20916748046875,203.75993979849468,214.20916748046875,120800,0.0,0.0
2002-12-23 00:00:00+09:00,214.20916748046875,214.20916748046875,214.20916748046875,214.20916748046875,0,0.0,0.0
2002-12-24 00:00:00+09:00,214.2091780162993,226.39994424486918,208.98456391834077,219.4337921142578,115600,0.0,0.0
2002-12-25 00:00:00+09:00,226.3998565673828,226.3998565673828,219.43370713454024,226.3998565673828,105200,0.0,0.0
2002-12-26 00:00:00+09:00,226.39988920114337,240.33219007505988,226.39988920114337,238.5906524658203,89200,0.0,0.0
2002-12-27 00:00:00+09:00,238.59063415527345,240.3321716308594,229.88294677734376,235.10755920410156,89200,0.0,0.0
2002-12-30 00:00:00+09:00,226.39984814088737,233.36599731445315,222.9167735541045,233.36599731445312,33600,0.0,0.0
2002-12-31 00:00:00+09:00,233.36599731445315,233.36599731445315,233.36599731445315,233.36599731445312,0,0.0,0.0
2003-01-01 00:00:00+09:00,233.36599731445315,233.36599731445315,233.36599731445315,233.36599731445312,0,0.0,0.0
2003-01-02 00:00:00+09:00,233.36599731445315,233.36599731445315,233.36599731445315,233.36599731445312,0,0.0,0.0
2003-01-03 00:00:00+09:00,233.36599731445315,233.36599731445315,233.36599731445315,233.36599731445312,0,0.0,0.0
2003-01-06 00:00:00+09:00,242.0737482165614,245.55682373046875,233.366059431793,245.55682373046875,69600,0.0,0.0
2003-01-07 00:00:00+09:00,247.29829566158466,247.29829566158466,233.36599731445315,233.36599731445312,58800,0.0,0.0
2003-01-08 00:00:00+09:00,231.62456035614014,250.78147888183594,231.62456035614014,250.78147888183594,181200,0.0,0.0
2003-01-09 00:00:00+09:00,243.81528597351507,245.55682373046875,235.1075971887467,245.55682373046875,102800,0.0,0.0
2003-01-10 00:00:00+09:00,249.03989668372722,249.03989668372722,238.59067024944497,242.07374572753906,144800,0.0,0.0
2003-01-13 00:00:00+09:00,242.07374572753903,242.07374572753903,242.07374572753903,242.07374572753906,0,0.0,0.0
2003-01-14 00:00:00+09:00,236.84921397333562,245.55690566353178,236.84921397333562,240.33229064941406,96000,0.0,0.0
2003-01-15 00:00:00+09:00,247.29834051201814,247.29834051201814,238.5906524658203,238.5906524658203,106400,0.0,0.0
2003-01-16 00:00:00+09:00,242.0738289874533,243.81536732549253,238.59075231137484,240.33229064941406,79600,0.0,0.0
2003-01-17 00:00:00+09:00,236.8491434446523,249.0399081807741,236.8491434446523,247.29837036132812,49200,0.0,0.0
2003-01-20 00:00:00+09:00,238.59067270265405,245.55682373046875,238.59067270265405,245.55682373046875,96400,0.0,0.0
2003-01-21 00:00:00+09:00,245.55686473846436,257.74763107299805,242.0737886428833,250.78147888183594,123600,0.0,0.0
2003-01-22 00:00:00+09:00,250.78139341127624,252.5229308655212,245.5567810485413,249.03985595703125,114800,0.0,0.0
2003-01-23 00:00:00+09:00,252.52303561648807,259.48918832314985,247.29842108649177,257.7476501464844,106400,0.0,0.0
2003-01-24 00:00:00+09:00,273.4213587773311,273.4213587773311,257.74752292385347,268.1967468261719,153200,0.0,0.0
2003-01-27 00:00:00+09:00,264.71367219206576,268.1967468261719,257.74752292385347,268.1967468261719,65600,0.0,0.0
2003-01-28 00:00:00+09:00,266.45526489257816,268.19680257161457,257.74757649739587,261.23065185546875,73600,0.0,0.0
2003-01-29 00:00:00+09:00,257.74763107299805,259.4891691207886,243.81532669067383,250.78147888183594,87600,0.0,0.0
2003-01-30 00:00:00+09:00,245.55687626429966,252.52302878243583,242.0738000052316,243.81533813476562,93200,0.0,0.0
2003-01-31 00:00:00+09:00,243.81529472243616,247.29837036132812,238.59068126409827,247.29837036132812,80400,0.0,0.0
2003-02-03 00:00:00+09:00,240.33223179408483,256.0060729980469,238.5906938825335,256.0060729980469,70000,0.0,0.0
2003-02-04 00:00:00+09:00,252.52297475828348,256.0060502721908,245.55682373046875,245.55682373046875,70000,0.0,0.0
2003-02-05 00:00:00+09:00,249.03992135184154,256.0060729980469,245.55684552873885,256.0060729980469,102000,0.0,0.0
2003-02-06 00:00:00+09:00,257.74754019959335,257.74754019959335,250.78139046446918,254.26446533203125,54400,0.0,0.0
2003-02-07 00:00:00+09:00,256.0060027658123,257.74754019959335,252.52292789825023,254.26446533203125,49600,0.0,0.0
2003-02-10 00:00:00+09:00,254.264531032295,273.42144775390625,252.52299314851214,273.42144775390625,120800,0.0,0.0
2003-02-11 00:00:00+09:00,273.42144775390625,273.42144775390625,273.42144775390625,273.42144775390625,0,0.0,0.0
2003-02-12 00:00:00+09:00,273.42144391636646,290.8368225097656,264.71375461966693,290.8368225097656,176800,0.0,0.0
2003-02-13 00:00:00+09:00,290.83684835994944,296.06146240234375,285.61223431755514,296.06146240234375,132800,0.0,0.0
2003-02-14 00:00:00+09:00,297.8029739471253,301.2860496658051,287.35374679108577,290.8368225097656,347600,0.0,0.0
2003-02-17 00:00:00+09:00,301.28592866042567,304.76900298019933,299.5443915005388,303.0274658203125,128400,0.0,0.0
2003-02-18 00:00:00+09:00,309.99383544921875,309.99383544921875,303.0276818436183,309.99383544921875,94000,0.0,0.0
2003-02-19 00:00:00+09:00,311.7352729409428,311.7352729409428,299.54450807733053,308.252197265625,92400,0.0,0.0
2003-02-20 00:00:00+09:00,299.5444731078396,306.51062364523125,294.3198602047959,301.2860107421875,95200,0.0,0.0
2003-02-21 00:00:00+09:00,292.5783465350116,297.8029598659939,280.38758209605277,282.1291198730469,84000,0.0,0.0
2003-02-24 00:00:00+09:00,290.8367375602499,297.8028869628906,283.8705881576092,297.8028869628906,91600,0.0,0.0
2003-02-25 00:00:00+09:00,296.0615123401989,296.0615123401989,282.1292058771307,287.35382080078125,110000,0.0,0.0
2003-02-26 00:00:00+09:00,280.38761206632535,294.3199157714844,280.38761206632535,294.3199157714844,50400,0.0,0.0
2003-02-27 00:00:00+09:00,287.35376391890486,299.544529660919,287.35376391890486,294.3199157714844,78400,0.0,0.0
2003-02-28 00:00:00+09:00,303.027626953125,304.7691650390625,296.06147460937495,304.7691650390625,109600,0.0,0.0
2003-03-03 00:00:00+09:00,309.9936973696849,318.7013854980469,306.51062211834017,318.7013854980469,94400,0.0,0.0
2003-03-04 00:00:00+09:00,336.1167989312646,336.1167989312646,318.70142074829755,325.6675720214844,87200,0.0,0.0
2003-03-05 00:00:00+09:00,316.9599505485372,327.4091796875,315.2184123587101,327.4091796875,74800,0.0,0.0
2003-03-06 00:00:00+09:00,327.40908282736075,329.1506205019744,320.44293212890625,320.44293212890625,69200,0.0,0.0
2003-03-07 00:00:00+09:00,315.2183525405244,322.18450397788405,290.8368225097656,290.8368225097656,108000,0.0,0.0
2003-03-10 00:00:00+09:00,282.1290680118865,289.0952178393405,275.1629181844325,283.87060546875,95600,0.0,0.0
2003-03-11 00:00:00+09:00,269.93839740753174,292.5783920288086,269.93839740753174,278.6460876464844,90400,0.0,0.0
2003-03-12 00:00:00+09:00,287.353777885437,287.353777885437,278.6460876464844,278.6460876464844,84400,0.0,0.0
2003-03-13 00:00:00+09:00,278.6460482999214,285.6121995074194,275.16297269617235,276.9045104980469,71200,0.0,0.0
2003-03-14 00:00:00+09:00,268.1968593597412,280.3876256942749,268.1968593597412,278.6460876464844,750400,0.0,0.0
2003-03-17 00:00:00+09:00,278.6460474917763,278.6460474917763,262.9722073203639,264.7137451171875,72000,0.0,0.0
2003-03-18 00:00:00+09:00,266.45526123046875,271.6798741957721,266.45526123046875,266.45526123046875,80000,0.0,0.0
2003-03-19 00:00:00+09:00,264.7137235753677,266.45526123046875,250.78142233455884,266.45526123046875,94800,0.0,0.0
2003-03-20 00:00:00+09:00,273.4214309880763,290.83680875801747,269.93835543408807,282.1291198730469,94400,0.0,0.0
2003-03-21 00:00:00+09:00,282.1291198730469,282.1291198730469,282.1291198730469,282.1291198730469,0,0.0,0.0
2003-03-24 00:00:00+09:00,278.64594558189657,303.0274658203125,278.64594558189657,303.0274658203125,96400,0.0,0.0
2003-03-25 00:00:00+09:00,311.73531738281247,313.47685546875,296.06147460937495,304.7691650390625,179200,0.0,0.0
2003-03-26 00:00:00+09:00,308.25222320556645,316.9599131266276,301.2860712687175,313.4768371582031,58400,0.0,0.0
2003-03-27 00:00:00+09:00,315.2183577254012,323.9260471653294,313.4768198374155,322.18450927734375,72400,0.0,0.0
2003-03-28 00:00:00+09:00,323.92603420318767,325.6675720214844,320.44295856659426,325.6675720214844,67200,0.0,0.0
2003-03-31 00:00:00+09:00,315.2182259395205,315.2182259395205,299.5443915005388,303.0274658203125,78000,0.0,0.0
2003-04-01 00:00:00+09:00,292.5783567266949,308.252197265625,290.836818889036,308.252197265625,70800,0.0,0.0
2003-04-02 00:00:00+09:00,306.5105867012919,311.7351989746094,297.8028995790961,311.7351989746094,43600,0.0,0.0
2003-04-03 00:00:00+09:00,313.47691225201896,316.9599890548192,306.51075864641854,309.99383544921875,42800,0.0,0.0
2003-04-04 00:00:00+09:00,313.4768198374155,322.18450927734375,306.510668285473,322.18450927734375,59600,0.0,0.0
2003-04-07 00:00:00+09:00,322.1845651180186,327.4091796875,315.2184123587101,327.4091796875,58800,0.0,0.0
2003-04-08 00:00:00+09:00,329.1507178773271,329.1507178773271,322.1845651180186,327.4091796875,65200,0.0,0.0
2003-04-09 00:00:00+09:00,320.4429713893581,329.1506608292863,320.4429713893581,322.18450927734375,42400,0.0,0.0
2003-04-10 00:00:00+09:00,320.4429713893581,322.18450927734375,316.95989561338683,322.18450927734375,34800,0.0,0.0
2003-04-11 00:00:00+09:00,325.6675720214844,337.8583367495613,325.6675720214844,325.6675720214844,126400,0.0,0.0
2003-04-14 00:00:00+09:00,323.9260827368432,325.66762081607357,309.9937781030005,316.9599304199219,110400,0.0,0.0
2003-04-15 00:00:00+09:00,318.70148873836433,327.4091796875,316.9599505485372,327.4091796875,88400,0.0,0.0
2003-04-16 00:00:00+09:00,325.66754515274715,327.40908282736075,316.959856779679,320.44293212890625,55600,0.0,0.0
2003-04-17 00:00:00+09:00,316.9599890548192,316.9599890548192,308.2522970478187,309.99383544921875,46800,0.0,0.0
2003-04-18 00:00:00+09:00,304.76904927685274,313.47673639904855,304.76904927685274,311.7351989746094,68800,0.0,0.0
2003-04-21 00:00:00+09:00,306.51062211834017,322.18446074939163,306.51062211834017,318.7013854980469,78800,0.0,0.0
2003-04-22 00:00:00+09:00,316.959931640625,320.44300781249996,304.7691650390625,304.7691650390625,61600,0.0,0.0
2003-04-23 00:00:00+09:00,297.80285434065195,313.4766887796336,297.80285434065195,303.0274658203125,71200,0.0,0.0
2003-04-24 00:00:00+09:00,304.7691650390625,308.2522412109375,299.54455078125,304.7691650390625,73600,0.0,0.0
2003-04-25 00:00:00+09:00,303.0275731969763,303.0275731969763,280.38758209605277,282.1291198730469,122800,0.0,0.0
2003-04-28 00:00:00+09:00,280.38753055502303,283.87060546875,276.904455641296,283.87060546875,68400,0.0,0.0
2003-04-29 00:00:00+09:00,283.87060546875,283.87060546875,283.87060546875,283.87060546875,0,0.0,0.0
2003-04-30 00:00:00+09:00,285.6120910644531,292.57823962700076,283.8705539238162,285.6120910644531,58800,0.0,0.0
2003-05-01 00:00:00+09:00,282.12915443512327,289.0953063964844,276.90454046410247,289.0953063964844,82000,0.0,0.0
2003-05-02 00:00:00+09:00,290.83670248636383,290.83670248636383,282.1290167831793,285.6120910644531,68800,0.0,0.0
2003-05-05 00:00:00+09:00,285.6120910644531,285.6120910644531,285.6120910644531,285.6120910644531,0,0.0,0.0
2003-05-06 00:00:00+09:00,292.57838237716487,296.0614583578454,289.0953063964844,289.0953063964844,79200,0.0,0.0
2003-05-07 00:00:00+09:00,290.83670248636383,290.83670248636383,280.3874796425424,285.6120910644531,71600,0.0,0.0
2003-05-08 00:00:00+09:00,285.612186408191,285.612186408191,278.64603552018633,280.3875732421875,43600,0.0,0.0
2003-05-09 00:00:00+09:00,289.0953063964844,289.0953063964844,276.90454046410247,289.0953063964844,147200,0.0,0.0
2003-05-12 00:00:00+09:00,287.35374679108577,290.8368225097656,283.87067107240597,290.8368225097656,48400,0.0,0.0
2003-05-13 00:00:00+09:00,292.57836036910555,296.06143608778535,289.0952846504257,290.8368225097656,70000,0.0,0.0
2003-05-14 00:00:00+09:00,294.3199377514067,294.3199377514067,289.09532347179595,292.5783996582031,61600,0.0,0.0
2003-05-15 00:00:00+09:00,292.5782749109101,303.0274990148712,290.8367375602499,297.8028869628906,93200,0.0,0.0
2003-05-16 00:00:00+09:00,297.8030004164752,299.5445384306066,294.3199243882123,296.06146240234375,65200,0.0,0.0
2003-05-19 00:00:00+09:00,296.0614583578454,296.0614583578454,280.387616444783,289.0953063964844,71600,0.0,0.0
2003-05-20 00:00:00+09:00,287.35382080078125,290.8368974165483,282.1292058771307,287.35382080078125,68000,0.0,0.0
2003-05-21 00:00:00+09:00,287.35376391890486,296.06145373462925,287.35376391890486,294.3199157714844,95600,0.0,0.0
2003-05-22 00:00:00+09:00,285.61228249289775,289.0953591086648,283.87074418501425,287.35382080078125,70000,0.0,0.0
2003-05-23 00:00:00+09:00,290.83686156499954,297.8030139378139,285.6122472853888,292.5783996582031,132800,0.0,0.0
2003-05-26 00:00:00+09:00,290.8368398451946,296.06145373462925,290.8368398451946,294.3199157714844,27600,0.0,0.0
2003-05-27 00:00:00+09:00,294.3199377514067,294.3199377514067,287.35378537859236,292.5783996582031,37600,0.0,0.0
2003-05-28 00:00:00+09:00,297.8030004164752,303.0276144588695,296.06146240234375,296.06146240234375,102400,0.0,0.0
2003-05-29 00:00:00+09:00,299.54455078125,308.2522412109375,297.8030126953125,304.7691650390625,62000,0.0,0.0
2003-05-30 00:00:00+09:00,304.76904927685274,311.7351989746094,304.76904927685274,311.7351989746094,76400,0.0,0.0
2003-06-02 00:00:00+09:00,316.9598604486792,322.1844735329981,311.7352473643603,315.21832275390625,151600,0.0,0.0
2003-06-03 00:00:00+09:00,313.4768017855557,316.9598773609508,306.5106506347656,306.5106506347656,102800,0.0,0.0
2003-06-04 00:00:00+09:00,313.47682829826107,327.4091317781838,309.9937524282804,323.9260559082031,117600,0.0,0.0
2003-06-05 00:00:00+09:00,330.8921493530274,348.3075256347656,325.6675364685059,348.3075256347656,279600,0.0,0.0
2003-06-06 00:00:00+09:00,353.53217039246493,362.2398593183877,350.0490948220958,360.4983215332031,275200,0.0,0.0
2003-06-09 00:00:00+09:00,360.4983126445881,365.72292587132125,355.27369941785497,358.75677490234375,166000,0.0,0.0
2003-06-10 00:00:00+09:00,369.2060286910446,381.3967937893338,362.2398772063079,376.17218017578125,225200,0.0,0.0
2003-06-11 00:00:00+09:00,390.1045920138889,397.07074544270836,390.1045920138889,391.84613037109375,302800,0.0,0.0
2003-06-12 00:00:00+09:00,395.3291368484497,395.3291368484497,386.62144660949707,390.1045227050781,112800,0.0,0.0
2003-06-13 00:00:00+09:00,381.3968324661255,407.5199031829834,381.3968324661255,390.1045227050781,842800,0.0,0.0
2003-06-16 00:00:00+09:00,390.10447401889536,390.10447401889536,372.6890957144804,374.4306335449219,167200,0.0,0.0
2003-06-17 00:00:00+09:00,379.6552340599799,383.1383096018145,377.9136962890625,377.9136962890625,150400,0.0,0.0
2003-06-18 00:00:00+09:00,376.17214447597286,379.65521988778744,369.20599365234375,369.20599365234375,104000,0.0,0.0
2003-06-19 00:00:00+09:00,374.4307081912045,376.172246368838,363.98147912540344,370.9476318359375,100400,0.0,0.0
2003-06-20 00:00:00+09:00,365.72301730303695,372.68917001357096,365.72301730303695,370.9476318359375,74400,0.0,0.0
2003-06-23 00:00:00+09:00,370.9476087751432,384.8799133300781,369.2060707057763,384.8799133300781,97200,0.0,0.0
2003-06-24 00:00:00+09:00,383.13833166051796,388.36294527407046,374.4306423045971,376.17218017578125,135200,0.0,0.0
2003-06-25 00:00:00+09:00,374.4306423045971,383.13833166051796,372.6891044334129,376.17218017578125,96000,0.0,0.0
2003-06-26 00:00:00+09:00,372.6890690641583,377.9136821818801,367.46445594643643,369.20599365234375,94400,0.0,0.0
2003-06-27 00:00:00+09:00,381.3967848666879,381.3967848666879,370.9475578840389,374.4306335449219,86800,0.0,0.0
2003-06-30 00:00:00+09:00,383.138348809604,407.5198800974879,376.1721970130657,404.03680419921875,277200,0.0,0.0
2003-07-01 00:00:00+09:00,508.5290701729911,513.7536839076452,484.14753941127236,512.0121459960938,1059200,0.0,0.0
2003-07-02 00:00:00+09:00,520.7199569175983,524.2030335524987,494.59688215584595,505.0461120605469,786400,0.0,0.0
2003-07-03 00:00:00+09:00,496.3382854535886,506.78751251576944,447.5752258300781,447.5752258300781,481200,0.0,0.0
2003-07-04 00:00:00+09:00,449.31666870117186,475.4397308349609,449.31666870117186,470.2151184082031,297200,0.0,0.0
2003-07-07 00:00:00+09:00,478.92282050952576,515.4951086211623,477.1812829804002,496.33819580078125,466000,0.0,0.0
2003-07-08 00:00:00+09:00,522.4614143371582,527.6860284805298,496.3383436203003,501.5629577636719,910400,0.0,0.0
2003-07-09 00:00:00+09:00,505.0460118488457,505.0460118488457,482.4060182142423,503.3044738769531,215600,0.0,0.0
2003-07-10 00:00:00+09:00,512.0121242717161,513.753662109375,496.338283732786,513.753662109375,200000,0.0,0.0
2003-07-11 00:00:00+09:00,505.04594432364263,510.2705575407837,473.6982650207958,484.1474914550781,529200,0.0,0.0
2003-07-14 00:00:00+09:00,492.85529065813336,494.5968287876674,478.922985621861,487.63067626953125,110000,0.0,0.0
2003-07-15 00:00:00+09:00,496.3384263411812,501.56304135529894,480.6645812988281,480.6645812988281,143200,0.0,0.0
2003-07-16 00:00:00+09:00,471.95686187176904,477.18147657883657,449.3168648078096,468.4737854003906,183200,0.0,0.0
2003-07-17 00:00:00+09:00,466.732289129337,466.732289129337,449.31690520660055,458.02459716796875,122800,0.0,0.0
2003-07-18 00:00:00+09:00,444.0920883350158,466.73207715209503,440.6090131323882,464.99053955078125,186800,0.0,0.0
2003-07-21 00:00:00+09:00,464.9905395507812,464.9905395507812,464.9905395507812,464.99053955078125,0,0.0,0.0
2003-07-22 00:00:00+09:00,471.9568212890625,478.92297363281244,461.50759277343747,478.9229736328125,114800,0.0,0.0
2003-07-23 00:00:00+09:00,478.9230429607889,480.6645812988281,470.21535127059275,480.6645812988281,160400,0.0,0.0
2003-07-24 00:00:00+09:00,487.63048718859267,505.0458617310424,478.9227999173678,498.0797119140625,198800,0.0,0.0
2003-07-25 00:00:00+09:00,499.8213452450378,499.8213452450378,480.66442957362517,492.8551940917969,284400,0.0,0.0
2003-07-28 00:00:00+09:00,501.5629185267857,512.0121459960938,499.8213806152344,512.0121459960938,195600,0.0,0.0
2003-07-29 00:00:00+09:00,513.7538036477977,515.4953419652478,505.0461120605469,505.0461120605469,137600,0.0,0.0
2003-07-30 00:00:00+09:00,505.0459682818541,512.0121195685003,496.3382791735462,506.7875061035156,169600,0.0,0.0
2003-07-31 00:00:00+09:00,491.11364241126626,492.8551801503133,478.92287823793697,484.1474914550781,134800,0.0,0.0
2003-08-01 00:00:00+09:00,475.43989746093746,482.4060498046875,461.50759277343747,478.9229736328125,171200,0.0,0.0
2003-08-04 00:00:00+09:00,470.2153205151828,471.9568587393131,461.50762939453125,461.50762939453125,128800,0.0,0.0
2003-08-05 00:00:00+09:00,468.47376159903627,468.47376159903627,447.5753038325365,451.0583801269531,135600,0.0,0.0
2003-08-06 00:00:00+09:00,442.3506602938213,442.3506602938213,431.90143209790426,438.8675842285156,156400,0.0,0.0
2003-08-07 00:00:00+09:00,430.1598641531808,430.1598641531808,411.0029471261161,414.48602294921875,201600,0.0,0.0
2003-08-08 00:00:00+09:00,412.74447680469524,438.86754495689115,412.74447680469524,437.1260070800781,436400,0.0,0.0
2003-08-11 00:00:00+09:00,435.38453680207834,456.2829945685781,435.38453680207834,451.0583801269531,214400,0.0,0.0
2003-08-12 00:00:00+09:00,468.4736147534088,487.63052836786045,464.9905395507812,464.99053955078125,460400,0.0,0.0
2003-08-13 00:00:00+09:00,489.3721185151764,499.8213452450378,485.8890429385559,492.8551940917969,497200,0.0,0.0
2003-08-14 00:00:00+09:00,491.11358321340464,496.33819580078125,480.66435803865136,496.33819580078125,208000,0.0,0.0
2003-08-15 00:00:00+09:00,496.3382556284074,496.3382556284074,484.14749145507807,484.1474914550781,177200,0.0,0.0
2003-08-18 00:00:00+09:00,489.3720456842791,499.8212708590324,487.6305081551535,496.33819580078125,228800,0.0,0.0
2003-08-19 00:00:00+09:00,505.0461120605469,508.5291886954472,498.0799587907462,505.0461120605469,349600,0.0,0.0
2003-08-20 00:00:00+09:00,510.2706257645234,513.7537017083085,501.56293590506056,503.3044738769531,349600,0.0,0.0
2003-08-21 00:00:00+09:00,496.3382785421022,499.82135418099415,494.59674072265625,494.59674072265625,285600,0.0,0.0
2003-08-22 00:00:00+09:00,491.1136474609375,496.3382607317985,485.8890341900765,491.1136474609375,202800,0.0,0.0
2003-08-25 00:00:00+09:00,505.04590614293505,524.2028198242188,501.5628309281562,524.2028198242188,850800,0.0,0.0
2003-08-26 00:00:00+09:00,527.6859386023071,534.6520896069582,510.2705610906799,520.7197875976562,846400,0.0,0.0
2003-08-27 00:00:00+09:00,524.2029113769531,531.1690630231585,510.27060808454246,512.0121459960938,462800,0.0,0.0
2003-08-28 00:00:00+09:00,517.2367776520937,518.9783156239863,494.5967840174903,503.3044738769531,146000,0.0,0.0
2003-08-29 00:00:00+09:00,508.52908779263083,513.7537017083085,494.5967840174903,503.3044738769531,142400,0.0,0.0
2003-09-01 00:00:00+09:00,512.0121459960938,515.4952218191964,501.5629185267857,512.0121459960938,275200,0.0,0.0
2003-09-02 00:00:00+09:00,512.012186050415,517.2368001937866,498.0798816680908,501.5629577636719,222800,0.0,0.0
2003-09-03 00:00:00+09:00,503.30434591728346,506.7874209755346,494.5966582716557,496.33819580078125,165200,0.0,0.0
2003-09-04 00:00:00+09:00,492.8552070156111,498.07982051754334,487.6305935136788,489.37213134765625,152000,0.0,0.0
2003-09-05 00:00:00+09:00,489.3721097039838,496.3382607317985,487.63057194703015,491.1136474609375,149200,0.0,0.0
2003-09-08 00:00:00+09:00,491.1137294769287,506.78757190704346,489.3721914291382,501.5629577636719,89600,0.0,0.0
2003-09-09 00:00:00+09:00,508.52890156120657,527.6858122364575,505.0458268929791,525.9442749023438,480400,0.0,0.0
2003-09-10 00:00:00+09:00,522.4613037109375,527.6859167480469,517.2366906738281,522.4613037109375,224400,0.0,0.0
2003-09-11 00:00:00+09:00,513.7536839076452,518.9782976422991,508.5290701729911,512.0121459960938,116400,0.0,0.0
2003-09-12 00:00:00+09:00,517.236880282698,517.236880282698,505.0461120605469,505.0461120605469,935600,0.0,0.0
2003-09-15 00:00:00+09:00,505.0461120605469,505.0461120605469,505.0461120605469,505.0461120605469,0,0.0,0.0
2003-09-16 00:00:00+09:00,522.4613253488191,525.9444008511445,515.495174344168,520.7197875976562,244000,0.0,0.0
2003-09-17 00:00:00+09:00,531.1690362507865,534.6521118983327,518.978271484375,518.978271484375,386000,0.0,0.0
2003-09-18 00:00:00+09:00,513.7535941798822,524.2028198242188,513.7535941798822,524.2028198242188,153600,0.0,0.0
2003-09-19 00:00:00+09:00,527.6859167480469,529.4274544270834,515.4951529947917,522.4613037109375,192400,0.0,0.0
2003-09-22 00:00:00+09:00,513.7537482125418,513.7537482125418,478.922985621861,487.63067626953125,164400,0.0,0.0
2003-09-23 00:00:00+09:00,487.63067626953125,487.63067626953125,487.63067626953125,487.63067626953125,0,0.0,0.0
2003-09-24 00:00:00+09:00,487.6306640625,496.3383544921875,477.181435546875,478.9229736328125,199200,0.0,0.0
2003-09-25 00:00:00+09:00,461.50746434815363,468.4736147534088,452.7997763415847,464.99053955078125,235600,0.0,0.0
2003-09-26 00:00:00+09:00,458.0243891455261,464.9905395507812,454.5413139428985,464.99053955078125,142800,0.0,0.0
2003-09-29 00:00:00+09:00,470.2153236360798,470.2153236360798,456.28301775056633,468.4737854003906,130400,0.0,0.0
2003-09-30 00:00:00+09:00,470.2151579346604,480.6643836665417,463.2490074467395,471.9566955566406,101200,0.0,0.0
2003-10-01 00:00:00+09:00,466.73203142951513,473.6981811523437,461.5074191373937,473.69818115234375,158000,0.0,0.0
2003-10-02 00:00:00+09:00,477.1813049316406,478.9228425408802,471.9566921039219,477.1813049316406,134000,0.0,0.0
2003-10-03 00:00:00+09:00,485.8891381399972,491.1137525285993,480.66452375139505,487.63067626953125,88000,0.0,0.0
2003-10-06 00:00:00+09:00,496.3382696684173,510.2705719748992,492.8551940917968,492.8551940917969,120000,0.0,0.0
2003-10-07 00:00:00+09:00,496.3382826835659,505.04597185345307,482.4059800117465,489.37213134765625,100000,0.0,0.0
2003-10-08 00:00:00+09:00,482.40583026942926,491.1135167363865,463.2489200421234,466.73199462890625,146800,0.0,0.0
2003-10-09 00:00:00+09:00,461.50762939453125,470.2153205151828,444.0922471532282,461.50762939453125,161200,0.0,0.0
2003-10-10 00:00:00+09:00,463.2491706933231,475.4399383431474,461.5076324576339,468.4737854003906,286400,0.0,0.0
2003-10-13 00:00:00+09:00,468.4737854003906,468.4737854003906,468.4737854003906,468.4737854003906,0,0.0,0.0
2003-10-14 00:00:00+09:00,470.21510629092944,484.14740573658656,468.47356886022226,473.69818115234375,108000,0.0,0.0
2003-10-15 00:00:00+09:00,475.43989746093746,480.66451171874996,471.9568212890625,478.9229736328125,63600,0.0,0.0
2003-10-16 00:00:00+09:00,471.95680815218157,482.4060363769531,471.95680815218157,482.4060363769531,98000,0.0,0.0
2003-10-17 00:00:00+09:00,478.9228057861328,478.9228057861328,461.50743103027344,470.2151184082031,245200,0.0,0.0
2003-10-20 00:00:00+09:00,470.21535127059275,482.4061196368674,456.2830445662789,480.6645812988281,214000,0.0,0.0
2003-10-21 00:00:00+09:00,487.6306640625,492.85527832031244,478.92297363281244,478.9229736328125,148000,0.0,0.0
2003-10-22 00:00:00+09:00,482.4060498046875,487.6306640625,470.21528320312495,478.9229736328125,144800,0.0,0.0
2003-10-23 00:00:00+09:00,470.21529086800507,473.69836709665697,442.35068103878996,449.31683349609375,251200,0.0,0.0
2003-10-24 00:00:00+09:00,449.31668476961096,449.31668476961096,421.4520841637436,426.67669677734375,315600,0.0,0.0
2003-10-27 00:00:00+09:00,426.67677981919974,447.57523434095646,426.67677981919974,437.1260070800781,90400,0.0,0.0
2003-10-28 00:00:00+09:00,435.3845285814862,451.0583716104197,435.3845285814862,449.31683349609375,80000,0.0,0.0
2003-10-29 00:00:00+09:00,451.0584435988742,466.732289129337,444.0922900297796,458.02459716796875,108400,0.0,0.0
2003-10-30 00:00:00+09:00,452.79990972474565,458.02452406772346,445.83375726744185,449.31683349609375,104000,0.0,0.0
2003-10-31 00:00:00+09:00,449.3166384183443,458.0243252093975,444.0920263437124,452.7997131347656,86800,0.0,0.0
2003-11-03 00:00:00+09:00,452.7997131347656,452.7997131347656,452.7997131347656,452.7997131347656,0,0.0,0.0
2003-11-04 00:00:00+09:00,458.0245529462706,461.50762939453125,447.5753236014888,461.50762939453125,84400,0.0,0.0
2003-11-05 00:00:00+09:00,456.2828369140625,463.2489870959566,451.05822427764195,456.2828369140625,56000,0.0,0.0
2003-11-06 00:00:00+09:00,451.05836668051063,458.0245190616768,449.31682858521907,454.54144287109375,120000,0.0,0.0
2003-11-07 00:00:00+09:00,447.5753038325365,452.7999182741614,442.35068939091155,451.0583801269531,99200,0.0,0.0
2003-11-10 00:00:00+09:00,445.83375726744185,452.79990972474565,442.35068103878996,449.31683349609375,64400,0.0,0.0
2003-11-11 00:00:00+09:00,442.35054059009474,445.8336157128514,417.96901473079816,433.6428527832031,172000,0.0,0.0
2003-11-12 00:00:00+09:00,433.6429355990502,433.6429355990502,421.45217034124556,431.9013977050781,95600,0.0,0.0
2003-11-13 00:00:00+09:00,447.57516259765623,447.57516259765623,428.4182490234375,435.3843994140625,59200,0.0,0.0
2003-11-14 00:00:00+09:00,430.159859811106,440.6090871749385,430.159859811106,431.9013977050781,240400,0.0,0.0
2003-11-17 00:00:00+09:00,405.77834669887756,411.0029606048717,391.8460429495599,398.81219482421875,175200,0.0,0.0
2003-11-18 00:00:00+09:00,395.32912291170703,405.7783508300781,383.13835700694074,405.7783508300781,177600,0.0,0.0
2003-11-19 00:00:00+09:00,393.5875502577773,395.32908809077634,384.8798610927823,386.62139892578125,120800,0.0,0.0
2003-11-20 00:00:00+09:00,390.1045089525215,407.5198888164733,390.1045089525215,405.7783508300781,170800,0.0,0.0
2003-11-21 00:00:00+09:00,405.7783377140126,411.0029515043218,402.2952618538065,409.26141357421875,115600,0.0,0.0
2003-11-24 00:00:00+09:00,409.26141357421875,409.26141357421875,409.26141357421875,409.26141357421875,0,0.0,0.0
2003-11-25 00:00:00+09:00,426.6767883300781,426.6767883300781,409.26140921456476,414.48602294921875,140400,0.0,0.0
2003-11-26 00:00:00+09:00,414.48611211776733,445.83380126953125,414.48611211776733,445.83380126953125,185200,0.0,0.0
2003-11-27 00:00:00+09:00,435.3843844666773,435.3843844666773,424.93515923947706,426.67669677734375,95600,0.0,0.0
2003-11-28 00:00:00+09:00,426.67674893238507,426.67674893238507,409.26137142494076,424.9352111816406,99200,0.0,0.0
2003-12-01 00:00:00+09:00,407.5197721782484,431.9012970094256,402.2951597144247,430.1597595214844,203200,0.0,0.0
2003-12-02 00:00:00+09:00,438.8675626429116,449.3167903248857,426.67679701394184,428.4183349609375,216000,0.0,0.0
2003-12-03 00:00:00+09:00,426.67679701394184,445.83371443089436,426.67679701394184,428.4183349609375,158000,0.0,0.0
2003-12-04 00:00:00+09:00,437.1258613137638,445.83354779411764,431.90124942555144,444.0920104980469,108400,0.0,0.0
2003-12-05 00:00:00+09:00,438.86761309649495,451.0583801269531,438.86761309649495,451.0583801269531,144400,0.0,0.0
2003-12-08 00:00:00+09:00,445.83371443089436,449.3167903248857,428.4183349609375,428.4183349609375,126800,0.0,0.0
2003-12-09 00:00:00+09:00,433.64293132645196,444.09215858733035,430.15985557282585,437.1260070800781,89200,0.0,0.0
2003-12-10 00:00:00+09:00,437.12602469591593,437.12602469591593,428.4183349609375,428.4183349609375,86000,0.0,0.0
2003-12-11 00:00:00+09:00,435.384324017693,444.0920104980469,430.1597121294807,444.0920104980469,127600,0.0,0.0
2003-12-12 00:00:00+09:00,438.86739860983454,452.79969697840073,433.64278672162226,444.0920104980469,573600,0.0,0.0
2003-12-15 00:00:00+09:00,459.76609422194474,473.6984001074582,445.8337883364312,468.4737854003906,194800,0.0,0.0
2003-12-16 00:00:00+09:00,449.3166867321684,463.2489870959566,449.3166867321684,456.2828369140625,100400,0.0,0.0
2003-12-17 00:00:00+09:00,449.31687784194946,456.2830309867859,442.35072469711304,445.83380126953125,90000,0.0,0.0
2003-12-18 00:00:00+09:00,451.0583368736928,451.0583368736928,438.8675710122416,442.35064697265625,100400,0.0,0.0
2003-12-19 00:00:00+09:00,449.31687784194946,451.05841612815857,444.09226298332214,445.83380126953125,116800,0.0,0.0
2003-12-22 00:00:00+09:00,445.8337656853282,454.5414564213698,444.0922275381199,451.0583801269531,88800,0.0,0.0
2003-12-23 00:00:00+09:00,451.0583801269531,451.0583801269531,451.0583801269531,451.0583801269531,0,0.0,0.0
2003-12-24 00:00:00+09:00,452.79990972474565,452.79990972474565,445.83375726744185,449.31683349609375,73600,0.0,0.0
2003-12-25 00:00:00+09:00,447.5751010601337,452.7997131347656,444.0920263437124,452.7997131347656,82000,0.0,0.0
2003-12-26 00:00:00+09:00,449.31682858521907,459.7660571569684,449.31682858521907,454.54144287109375,55200,0.0,0.0
2003-12-29 00:00:00+09:00,456.28277086855763,478.92275568264637,456.28277086855763,466.73199462890625,72400,0.0,0.0
2003-12-30 00:00:00+09:00,464.99045733551486,473.69814380247203,459.7658454553405,466.73199462890625,48400,0.0,0.0
2003-12-31 00:00:00+09:00,466.7319946289063,466.7319946289063,466.7319946289063,466.73199462890625,0,0.0,0.0
2004-01-01 00:00:00+09:00,466.7319946289063,466.7319946289063,466.7319946289063,466.73199462890625,0,0.0,0.0
2004-01-02 00:00:00+09:00,466.7319946289063,466.7319946289063,466.7319946289063,466.73199462890625,0,0.0,0.0
2004-01-05 00:00:00+09:00,480.66443816708846,494.59674072265625,480.66443816708846,494.59674072265625,81600,0.0,0.0
2004-01-06 00:00:00+09:00,496.3382607317985,498.0797984887522,487.63057194703015,491.1136474609375,147600,0.0,0.0
2004-01-07 00:00:00+09:00,492.85529065813336,492.85529065813336,484.1476000104632,487.63067626953125,126800,0.0,0.0
2004-01-08 00:00:00+09:00,482.40596736193544,496.3382696684173,482.40596736193544,492.8551940917969,176000,0.0,0.0
2004-01-09 00:00:00+09:00,498.0798169952078,506.7875061035156,491.11366570856154,506.7875061035156,284000,0.0,0.0
2004-01-12 00:00:00+09:00,506.7875061035156,506.7875061035156,506.7875061035156,506.7875061035156,0,0.0,0.0
2004-01-13 00:00:00+09:00,512.012118917116,512.012118917116,494.59674072265625,494.59674072265625,100400,0.0,0.0
2004-01-14 00:00:00+09:00,480.66452375139505,491.1137525285993,475.43990936279295,487.63067626953125,175600,0.0,0.0
2004-01-15 00:00:00+09:00,494.596888003142,499.8215030172597,480.6645812988281,480.6645812988281,120400,0.0,0.0
2004-01-16 00:00:00+09:00,491.1136650837643,501.5628920004401,487.6305894448723,494.59674072265625,93200,0.0,0.0
2004-01-19 00:00:00+09:00,501.56303542564655,510.2707270128974,496.3384204732961,505.0461120605469,122800,0.0,0.0
2004-01-20 00:00:00+09:00,508.5290439251772,513.7536573901618,505.0459682818541,506.7875061035156,184000,0.0,0.0
2004-01-21 00:00:00+09:00,506.7874950694727,536.3936373931189,499.8213439344971,534.652099609375,668000,0.0,0.0
2004-01-22 00:00:00+09:00,527.6859741210938,536.393663463026,522.4613605159344,527.6859741210938,294000,0.0,0.0
2004-01-23 00:00:00+09:00,522.4611951159192,539.8765682864498,517.23658316476,536.3934936523438,263200,0.0,0.0
2004-01-26 00:00:00+09:00,527.6858070670784,538.1350309693968,527.6858070670784,536.3934936523438,187600,0.0,0.0
2004-01-27 00:00:00+09:00,536.3935977711398,538.1351354262408,529.4274471507354,532.9105224609375,179600,0.0,0.0
2004-01-28 00:00:00+09:00,522.4612576844263,534.6520203637295,520.7197201588115,531.1689453125,152400,0.0,0.0
2004-01-29 00:00:00+09:00,529.4274471507354,532.9105224609375,522.4612965303309,532.9105224609375,243600,0.0,0.0
2004-01-30 00:00:00+09:00,532.9104584629096,541.6181456926956,527.6858461250379,538.1350708007812,229200,0.0,0.0
2004-02-02 00:00:00+09:00,536.393744746341,559.0337404661541,534.6522066140477,550.3260498046875,484400,0.0,0.0
2004-02-03 00:00:00+09:00,552.0674774468139,552.0674774468139,525.9444106906556,534.652099609375,274400,0.0,0.0
2004-02-04 00:00:00+09:00,532.9105335582386,545.1012973978062,515.4951566445707,517.2366943359375,174400,0.0,0.0
2004-02-05 00:00:00+09:00,510.2705610906799,520.7197875976562,510.2705610906799,520.7197875976562,177200,0.0,0.0
2004-02-06 00:00:00+09:00,520.719766031901,524.202841389974,510.27053995768233,522.4613037109375,117600,0.0,0.0
2004-02-09 00:00:00+09:00,524.2028843201313,524.2028843201313,505.0459682818541,506.7875061035156,169200,0.0,0.0
2004-02-10 00:00:00+09:00,506.7873932302815,518.9781552667488,505.04585579650046,508.5289306640625,132000,0.0,0.0
2004-02-11 00:00:00+09:00,508.5289306640625,508.5289306640625,508.5289306640625,508.5289306640625,0,0.0,0.0
2004-02-12 00:00:00+09:00,515.4951958368289,531.1690362507865,513.7536580130558,518.978271484375,158800,0.0,0.0
2004-02-13 00:00:00+09:00,512.0121984904944,517.2368127608055,506.7875842201832,510.2706604003906,270400,0.0,0.0
2004-02-16 00:00:00+09:00,513.7536580130558,524.2028849556942,513.7536580130558,518.978271484375,46000,0.0,0.0
2004-02-17 00:00:00+09:00,517.236645107582,534.6520203637295,517.236645107582,531.1689453125,118000,0.0,0.0
2004-02-18 00:00:00+09:00,538.1350708007812,546.8427580305673,534.6519959088668,538.1350708007812,192000,0.0,0.0
2004-02-19 00:00:00+09:00,543.3597845262098,548.5843978389618,539.876708984375,539.876708984375,128800,0.0,0.0
2004-02-20 00:00:00+09:00,539.8767050843651,548.5843938760484,539.8767050843651,545.101318359375,120000,0.0,0.0
2004-02-23 00:00:00+09:00,552.0674578743692,560.775146484375,550.325920152368,560.775146484375,367200,0.0,0.0
2004-02-24 00:00:00+09:00,560.7752785984474,560.7752785984474,550.3260498046875,550.3260498046875,181200,0.0,0.0
2004-02-25 00:00:00+09:00,550.325920152368,562.5166842063762,545.1013069863645,560.775146484375,214400,0.0,0.0
2004-02-26 00:00:00+09:00,572.9659988219479,579.932150783309,569.4829228412674,578.1906127929688,456000,0.0,0.0
2004-02-27 00:00:00+09:00,579.9320181122274,593.8643188476562,578.1904805202988,593.8643188476562,381600,0.0,0.0
2004-03-01 00:00:00+09:00,593.8642365751211,609.5380727310627,592.1226992244609,595.6057739257812,428000,0.0,0.0
2004-03-02 00:00:00+09:00,602.5718573208513,609.5380059603987,600.8303201609644,606.054931640625,313200,0.0,0.0
2004-03-03 00:00:00+09:00,600.8306373344673,639.1444750775348,600.8306373344673,633.9198608398438,602400,0.0,0.0
2004-03-04 00:00:00+09:00,632.1784111907219,647.852256096277,630.4368728678825,646.1107177734375,406400,0.0,0.0
2004-03-05 00:00:00+09:00,647.852014956267,651.3350903054943,632.1781758847444,640.8858642578125,278800,0.0,0.0
2004-03-08 00:00:00+09:00,649.5937667643229,661.7845345052083,649.5937667643229,653.0768432617188,363200,0.0,0.0
2004-03-09 00:00:00+09:00,654.8182196795622,661.784370952749,644.3689927697819,651.3351440429688,240800,0.0,0.0
2004-03-10 00:00:00+09:00,646.1105564426731,649.5936322186444,630.4367154508024,644.3690185546875,246000,0.0,0.0
2004-03-11 00:00:00+09:00,618.2458428464768,635.6612187013071,618.2458428464768,628.695068359375,341600,0.0,0.0
2004-03-12 00:00:00+09:00,602.5721995181545,611.2798902626365,599.0891232203618,607.7968139648438,1430400,0.0,0.0
2004-03-15 00:00:00+09:00,618.2460155973353,623.4706298136508,613.0214013810198,614.762939453125,211200,0.0,0.0
2004-03-16 00:00:00+09:00,614.7629836210159,618.2460600154692,609.5383690293359,611.2799072265625,133600,0.0,0.0
2004-03-17 00:00:00+09:00,602.5720045771294,633.919681115824,602.5720045771294,628.695068359375,172400,0.0,0.0
2004-03-18 00:00:00+09:00,644.369058902858,649.5936728939622,619.9875269443714,621.7290649414062,118000,0.0,0.0
2004-03-19 00:00:00+09:00,623.4704947287206,635.6612585921314,623.4704947287206,630.4366455078125,102000,0.0,0.0
2004-03-22 00:00:00+09:00,635.6612333704213,637.4027709960938,632.1781581190766,637.4027709960938,98800,0.0,0.0
2004-03-23 00:00:00+09:00,628.6952123006186,633.9198262532552,619.9875223795574,626.9536743164062,172400,0.0,0.0
2004-03-24 00:00:00+09:00,628.6951775628168,653.0767079946157,623.4705638988598,644.3690185546875,331200,0.0,0.0
2004-03-25 00:00:00+09:00,653.0767256213772,661.7844152963289,640.8859600764448,647.8521118164062,216400,0.0,0.0
2004-03-26 00:00:00+09:00,660.0428598721822,675.7167008717855,660.0428598721822,668.7505493164062,240400,0.0,0.0
2004-03-29 00:00:00+09:00,673.9751673420583,687.9074705429277,663.5259399414062,663.5259399414062,178400,0.0,0.0
2004-03-30 00:00:00+09:00,680.941318942493,680.941318942493,660.0428641411889,663.5259399414062,150000,0.0,0.0
2004-03-31 00:00:00+09:00,665.2675631393862,680.94140625,665.2675631393862,680.94140625,182000,0.0,0.0
2004-04-01 00:00:00+09:00,680.941389147604,680.941389147604,667.0090845103128,677.4583129882812,205200,0.0,0.0
2004-04-02 00:00:00+09:00,679.19983383297,680.9413718684391,668.750605620155,673.9752197265625,114000,0.0,0.0
2004-04-05 00:00:00+09:00,675.7166667492862,693.1320447582884,672.2335911474858,686.1658935546875,264000,0.0,0.0
2004-04-06 00:00:00+09:00,693.1320625073982,693.1320625073982,684.4243732799183,689.6489868164062,208400,0.0,0.0
2004-04-07 00:00:00+09:00,686.1659501313563,696.6151777983313,684.4244121868604,691.3905639648438,272000,0.0,0.0
2004-04-08 00:00:00+09:00,675.7166206531955,694.87353515625,675.7166206531955,694.87353515625,153600,0.0,0.0
2004-04-09 00:00:00+09:00,696.6151381983901,696.6151381983901,684.4243732799183,689.6489868164062,366800,0.0,0.0
2004-04-12 00:00:00+09:00,691.3906369944709,700.0983276367188,679.1998700953242,700.0983276367188,256800,0.0,0.0
2004-04-13 00:00:00+09:00,701.8398203872608,729.7044286408493,696.6152063397129,727.962890625,543600,0.0,0.0
2004-04-14 00:00:00+09:00,729.7044532276759,747.1198339729666,717.5136867059725,745.3782958984375,373200,0.0,0.0
2004-04-15 00:00:00+09:00,748.8613337408254,764.5351756098195,708.8059600756185,719.2551879882812,478400,0.0,0.0
2004-04-16 00:00:00+09:00,715.7721795378841,743.6367899335195,708.8060269389753,733.1875610351562,294400,0.0,0.0
2004-04-19 00:00:00+09:00,743.6366747752729,743.6366747752729,707.0643792945218,722.7382202148438,243200,0.0,0.0
2004-04-20 00:00:00+09:00,740.1535870277719,773.2428062125429,733.1874356204517,762.7935791015625,396000,0.0,0.0
2004-04-21 00:00:00+09:00,764.5350697261216,781.95044716863,762.7935319818707,771.501220703125,356800,0.0,0.0
2004-04-22 00:00:00+09:00,773.24290279889,780.2090550763575,754.0859840358545,769.7598266601562,168800,0.0,0.0
2004-04-23 00:00:00+09:00,774.9842961916266,778.4673716801284,766.2766074703725,771.501220703125,308800,0.0,0.0
2004-04-26 00:00:00+09:00,797.6245561566269,797.6245561566269,783.6922494988693,794.1414794921875,419200,0.0,0.0
2004-04-27 00:00:00+09:00,795.8827673751317,795.8827673751317,769.7597006122718,774.9843139648438,269600,0.0,0.0
2004-04-28 00:00:00+09:00,783.6918363635173,783.6918363635173,769.7595370503881,778.4672241210938,201600,0.0,0.0
2004-04-29 00:00:00+09:00,778.4672241210938,778.4672241210938,778.4672241210938,778.4672241210938,0,0.0,0.0
2004-04-30 00:00:00+09:00,748.861394163038,754.0860085409196,741.8952416591957,743.6367797851562,187600,0.0,0.0
2004-05-03 00:00:00+09:00,743.6367797851562,743.6367797851562,743.6367797851562,743.6367797851562,0,0.0,0.0
2004-05-04 00:00:00+09:00,743.6367797851562,743.6367797851562,743.6367797851562,743.6367797851562,0,0.0,0.0
2004-05-05 00:00:00+09:00,743.6367797851562,743.6367797851562,743.6367797851562,743.6367797851562,0,0.0,0.0
2004-05-06 00:00:00+09:00,726.2214084362474,745.3783280832467,720.9967939870658,733.1875610351562,177600,0.0,0.0
2004-05-07 00:00:00+09:00,689.6490004941642,748.8612884153803,689.6490004941642,722.7382202148438,347600,0.0,0.0
2004-05-10 00:00:00+09:00,679.1999169921875,696.6152994791667,646.1106902669271,653.0768432617188,294400,0.0,0.0
2004-05-11 00:00:00+09:00,633.9198374886627,668.7505977902375,633.9198374886627,660.0429077148438,240400,0.0,0.0
2004-05-12 00:00:00+09:00,661.7846172382305,673.9753865031453,660.0430787718141,670.4923095703125,250400,0.0,0.0
2004-05-13 00:00:00+09:00,670.491944195473,670.491944195473,635.6611938476562,635.6611938476562,248000,0.0,0.0
2004-05-14 00:00:00+09:00,630.4367743008378,635.6613884525023,585.156784986413,600.8306274414062,582400,0.0,0.0
2004-05-17 00:00:00+09:00,602.5723076923077,602.5723076923077,557.2923076923078,566.0,235600,0.0,0.0
2004-05-18 00:00:00+09:00,593.8644434878701,677.4582654451069,586.8982916581003,661.784423828125,658400,0.0,0.0
2004-05-19 00:00:00+09:00,679.1997810423843,701.8397737437972,661.7844020412975,663.5259399414062,734400,0.0,0.0
2004-05-20 00:00:00+09:00,663.5261557046468,693.1323096337256,660.0430787718141,670.4923095703125,379200,0.0,0.0
2004-05-21 00:00:00+09:00,670.4921343854365,687.907514499344,670.4921343854365,684.4244384765625,222000,0.0,0.0
2004-05-24 00:00:00+09:00,693.1321019093396,701.8397916318188,687.9074880758521,691.3905639648438,177200,0.0,0.0
2004-05-25 00:00:00+09:00,687.9076942344765,687.9076942344765,667.0092326374797,670.4923095703125,167600,0.0,0.0
2004-05-26 00:00:00+09:00,679.1997812005538,691.3905465041536,679.1997812005538,687.907470703125,201200,0.0,0.0
2004-05-27 00:00:00+09:00,687.9075587436062,694.8737112372123,673.9752537563938,680.94140625,124000,0.0,0.0
2004-05-28 00:00:00+09:00,687.907470703125,691.3905465041536,680.9413191010681,687.907470703125,80000,0.0,0.0
2004-05-31 00:00:00+09:00,679.1998510679426,687.9075414662495,665.2675464306515,677.4583129882812,122000,0.0,0.0
2004-06-01 00:00:00+09:00,670.4921343854365,687.907514499344,668.7505963740457,684.4244384765625,130000,0.0,0.0
2004-06-02 00:00:00+09:00,684.4243903160095,684.4243903160095,661.784397761027,668.7505493164062,202000,0.0,0.0
2004-06-03 00:00:00+09:00,680.9413718684391,712.2890565068839,670.4921436556242,673.9752197265625,700800,0.0,0.0
2004-06-04 00:00:00+09:00,686.1660226091224,701.8398657651683,684.4244844806727,700.0983276367188,335600,0.0,0.0
2004-06-07 00:00:00+09:00,708.8059600756185,729.7044159009439,707.0644220901747,719.2551879882812,402400,0.0,0.0
2004-06-08 00:00:00+09:00,729.7043717349868,734.9289853750942,715.7720686947007,722.7382202148438,258400,0.0,0.0
2004-06-09 00:00:00+09:00,722.7382983749719,731.4459887168391,714.0306080331048,726.2213745117188,213200,0.0,0.0
2004-06-10 00:00:00+09:00,731.445991302205,752.3444481965537,726.2213770786178,745.3782958984375,393600,0.0,0.0
2004-06-11 00:00:00+09:00,752.344492737676,761.0521836258436,741.895263671875,741.895263671875,955600,0.0,0.0
2004-06-14 00:00:00+09:00,750.6028911243785,780.2090376420454,748.8613530939275,766.2767333984375,402000,0.0,0.0
2004-06-15 00:00:00+09:00,757.5690624201409,761.052138569199,736.6706055257922,745.3782958984375,230400,0.0,0.0
2004-06-16 00:00:00+09:00,762.7935319818707,783.6919849128809,759.3104564933691,771.501220703125,293600,0.0,0.0
2004-06-17 00:00:00+09:00,771.501232516381,773.2427702872984,750.602779265373,755.827392578125,260000,0.0,0.0
2004-06-18 00:00:00+09:00,755.8273905436198,757.5689283098493,719.2550974527994,731.4458618164062,232800,0.0,0.0
2004-06-21 00:00:00+09:00,748.8612846091942,759.3105118362993,740.1535952532734,752.3443603515625,196000,0.0,0.0
2004-06-22 00:00:00+09:00,747.1198313321999,748.8613694005734,719.2552222382251,726.2213745117188,298000,0.0,0.0
2004-06-23 00:00:00+09:00,743.6366747752729,743.6366747752729,719.2551444547722,722.7382202148438,180000,0.0,0.0
2004-06-24 00:00:00+09:00,724.4796856574292,738.4119873046875,719.2550725397074,738.4119873046875,268000,0.0,0.0
2004-06-25 00:00:00+09:00,740.1537254942415,745.3783400271419,726.2214200731734,741.895263671875,182800,0.0,0.0
2004-06-28 00:00:00+09:00,750.6030161702661,761.05224609375,745.378401208524,761.05224609375,151600,0.0,0.0
2004-06-29 00:00:00+09:00,761.0522071768385,762.7937454083644,752.3445160192088,759.3106689453125,180000,0.0,0.0
2004-06-30 00:00:00+09:00,757.5687925965636,759.3103300508086,741.8949555083589,747.1195678710938,169600,0.0,0.0
2004-07-01 00:00:00+09:00,762.7937454083644,762.7937454083644,743.636824861579,759.3106689453125,218400,0.0,0.0
2004-07-02 00:00:00+09:00,736.670496974754,741.8951104284756,726.2212700673106,729.704345703125,222000,0.0,0.0
2004-07-05 00:00:00+09:00,724.4796827362804,724.4796827362804,708.8058434463129,714.0304565429688,190000,0.0,0.0
2004-07-06 00:00:00+09:00,708.8060182789665,715.7721707927647,700.0983276367188,700.0983276367188,157600,0.0,0.0
2004-07-07 00:00:00+09:00,682.6828354344224,698.3566760438862,682.6828354344224,689.6489868164062,246000,0.0,0.0
2004-07-08 00:00:00+09:00,691.3905644429259,691.3905644429259,663.5259573117248,667.009033203125,404800,0.0,0.0
2004-07-09 00:00:00+09:00,658.3013434746247,672.2336470402252,658.3013434746247,667.009033203125,715600,0.0,0.0
2004-07-12 00:00:00+09:00,680.9414197467175,710.5475684313575,680.9414197467175,708.8060302734375,498000,0.0,0.0
2004-07-13 00:00:00+09:00,701.8396785783178,708.805829234182,689.6489149305555,705.32275390625,318000,0.0,0.0
2004-07-14 00:00:00+09:00,708.8059984221862,710.5475365018476,673.9752368289585,677.4583129882812,369600,0.0,0.0
2004-07-15 00:00:00+09:00,682.6829443734015,689.6490968670076,677.4583300031969,680.94140625,247200,0.0,0.0
2004-07-16 00:00:00+09:00,673.9752118354737,680.9413638957888,654.8182936696076,660.0429077148438,550400,0.0,0.0
2004-07-19 00:00:00+09:00,660.0429077148438,660.0429077148438,660.0429077148438,660.0429077148438,0,0.0,0.0
2004-07-20 00:00:00+09:00,653.0767650450842,654.8183030852044,647.8521509247236,649.5936889648438,598400,0.0,0.0
2004-07-21 00:00:00+09:00,656.5598316846863,661.7844457299225,649.5936796243714,660.0429077148438,425600,0.0,0.0
2004-07-22 00:00:00+09:00,653.0768211851729,661.7845121343084,649.5937448055186,654.818359375,267600,0.0,0.0
2004-07-23 00:00:00+09:00,656.5599197591146,658.3014580078125,649.5937667643229,653.0768432617188,179600,0.0,0.0
2004-07-26 00:00:00+09:00,649.5935343758005,649.5935343758005,633.9196957447489,637.4027709960938,204800,0.0,0.0
2004-07-27 00:00:00+09:00,630.4365476469753,644.3688470424886,616.5042482514621,623.4703979492188,165600,0.0,0.0
2004-07-28 00:00:00+09:00,640.8858462474385,644.3689214987833,637.4027709960938,637.4027709960938,219200,0.0,0.0
2004-07-29 00:00:00+09:00,639.1444449117538,642.6275209058233,583.4152290066418,621.7290649414062,156000,0.0,0.0
2004-07-30 00:00:00+09:00,630.4366382101308,649.5935526308806,630.4366382101308,640.8858642578125,216800,0.0,0.0
2004-08-02 00:00:00+09:00,640.8856022942493,640.8856022942493,626.9533065922004,632.1779174804688,155600,0.0,0.0
2004-08-03 00:00:00+09:00,639.144440205892,639.144440205892,621.7290603637696,626.9536743164062,132000,0.0,0.0
2004-08-04 00:00:00+09:00,626.9534727980971,626.9534727980971,609.5380985537055,623.4703979492188,262800,0.0,0.0
2004-08-05 00:00:00+09:00,626.9535307738919,635.6612187013071,618.2458428464768,628.695068359375,153200,0.0,0.0
2004-08-06 00:00:00+09:00,618.2460181267708,639.1444750775348,614.7629419683101,633.9198608398438,227600,0.0,0.0
2004-08-09 00:00:00+09:00,618.2458816444017,630.4366455078125,613.0212685600828,630.4366455078125,190000,0.0,0.0
2004-08-10 00:00:00+09:00,632.178288269043,639.144440205892,625.2121363321941,626.9536743164062,152800,0.0,0.0
2004-08-11 00:00:00+09:00,639.1443339816773,642.6274093712233,623.4704947287206,630.4366455078125,172800,0.0,0.0
2004-08-12 00:00:00+09:00,630.4367324665028,649.5936497513966,630.4367324665028,647.8521118164062,191200,0.0,0.0
2004-08-13 00:00:00+09:00,647.8517501452737,653.0763610335421,626.9533065922004,632.1779174804688,322400,0.0,0.0
2004-08-16 00:00:00+09:00,626.9537085229224,633.9198608398438,618.2460181267708,633.9198608398438,138000,0.0,0.0
2004-08-17 00:00:00+09:00,635.6613642374675,637.4029022216797,619.9875223795574,626.9536743164062,144800,0.0,0.0
2004-08-18 00:00:00+09:00,623.4704947287206,630.4366455078125,623.4704947287206,630.4366455078125,161200,0.0,0.0
2004-08-19 00:00:00+09:00,635.6611512727244,640.885763474966,628.6950016697356,639.1442260742188,151600,0.0,0.0
2004-08-20 00:00:00+09:00,644.3688382764603,644.3688382764603,635.6611512727244,639.1442260742188,201200,0.0,0.0
2004-08-23 00:00:00+09:00,644.3688382764603,646.1103756772076,639.1442260742188,639.1442260742188,158800,0.0,0.0
2004-08-24 00:00:00+09:00,640.8856022942493,642.6271392570054,623.4702326666882,632.1779174804688,118800,0.0,0.0
2004-08-25 00:00:00+09:00,637.4027889085853,640.8858642578125,628.6951005355172,640.8858642578125,182000,0.0,0.0
2004-08-26 00:00:00+09:00,642.6275512359955,644.3690893152258,632.1783227606135,633.9198608398438,207600,0.0,0.0
2004-08-27 00:00:00+09:00,628.6952123006186,632.178288269043,621.7290603637696,626.9536743164062,271200,0.0,0.0
2004-08-30 00:00:00+09:00,623.4703979492188,630.4365476469753,614.7627108270229,623.4703979492188,281200,0.0,0.0
2004-08-31 00:00:00+09:00,619.9875810071186,619.9875810071186,604.313737667051,607.7968139648438,440000,0.0,0.0
2004-09-01 00:00:00+09:00,607.7968039929028,621.7291089554908,604.3137277522558,618.2460327148438,350000,0.0,0.0
2004-09-02 00:00:00+09:00,621.7289180174428,628.695068359375,619.9873804319598,628.695068359375,209600,0.0,0.0
2004-09-03 00:00:00+09:00,630.4365476469753,632.1780850714146,621.7288605247796,623.4703979492188,143600,0.0,0.0
2004-09-06 00:00:00+09:00,628.6950437780929,635.6611938476562,621.7288937085295,635.6611938476562,292000,0.0,0.0
2004-09-07 00:00:00+09:00,637.4027709960938,639.1443086217661,632.1781581190766,637.4027709960938,248800,0.0,0.0
2004-09-08 00:00:00+09:00,639.1445644820798,649.5937944191164,639.1445644820798,646.1107177734375,536400,0.0,0.0
2004-09-09 00:00:00+09:00,649.5934504787019,658.3011374824379,635.6611512727244,639.1442260742188,714000,0.0,0.0
2004-09-10 00:00:00+09:00,625.2117696294443,632.1779174804688,621.7286957039321,632.1779174804688,1270000,0.0,0.0
2004-09-13 00:00:00+09:00,632.17807647123,640.885763474966,621.7288520667469,639.1442260742188,230400,0.0,0.0
2004-09-14 00:00:00+09:00,640.8859036246613,646.1105169694275,635.661290279895,642.62744140625,200800,0.0,0.0
2004-09-15 00:00:00+09:00,644.3688814346104,644.3688814346104,635.6611938476562,635.6611938476562,214000,0.0,0.0
2004-09-16 00:00:00+09:00,633.9196138719772,639.1442260742188,630.4365390704828,639.1442260742188,137200,0.0,0.0
2004-09-17 00:00:00+09:00,639.1443864208156,640.8859242584746,613.0213188559322,616.50439453125,650800,0.0,0.0
2004-09-20 00:00:00+09:00,616.50439453125,616.50439453125,616.50439453125,616.50439453125,0,0.0,0.0
2004-09-21 00:00:00+09:00,618.2460155973353,619.9875536694404,609.5383252368094,614.762939453125,200000,0.0,0.0
2004-09-22 00:00:00+09:00,616.5043225591583,618.2458601935061,593.8643333126355,602.572021484375,244400,0.0,0.0
2004-09-23 00:00:00+09:00,602.572021484375,602.572021484375,602.572021484375,602.572021484375,0,0.0,0.0
2004-09-24 00:00:00+09:00,592.1229516892206,592.1229516892206,574.7075707571847,585.1567993164062,516000,0.0,0.0
2004-09-27 00:00:00+09:00,585.1567647543297,586.8983027446701,562.5167708799063,578.1906127929688,275600,0.0,0.0
2004-09-28 00:00:00+09:00,574.707360764954,578.190435678681,562.5165985669096,567.7412109375,258000,0.0,0.0
2004-09-29 00:00:00+09:00,572.9659772076765,585.1567426801802,567.7413634337463,579.93212890625,373600,0.0,0.0
2004-09-30 00:00:00+09:00,585.1568714488636,592.1230246803977,574.7076416015625,574.7076416015625,267600,0.0,0.0
2004-10-01 00:00:00+09:00,574.7075278378097,588.6398315429688,574.7075278378097,588.6398315429688,169200,0.0,0.0
2004-10-04 00:00:00+09:00,606.0551675052966,618.2459323689089,599.0890161546611,616.50439453125,408800,0.0,0.0
2004-10-05 00:00:00+09:00,613.021428411533,619.9875810071186,607.7968139648438,607.7968139648438,223600,0.0,0.0
2004-10-06 00:00:00+09:00,604.313486280388,625.2119353736579,604.313486280388,623.4703979492188,258800,0.0,0.0
2004-10-07 00:00:00+09:00,626.9538245040379,632.1784397082382,616.5045940956373,619.9876708984375,208000,0.0,0.0
2004-10-08 00:00:00+09:00,621.7288605247796,623.4703979492188,613.0211734025838,623.4703979492188,348000,0.0,0.0
2004-10-11 00:00:00+09:00,623.4703979492188,623.4703979492188,623.4703979492188,623.4703979492188,0,0.0,0.0
2004-10-12 00:00:00+09:00,618.2459323689089,623.4705458818856,616.50439453125,616.50439453125,81600,0.0,0.0
2004-10-13 00:00:00+09:00,623.4704730965499,623.4704730965499,599.0889462156792,602.572021484375,260800,0.0,0.0
2004-10-14 00:00:00+09:00,600.8304692153707,604.3135443992279,588.6397060718705,593.8643188476562,138000,0.0,0.0
2004-10-15 00:00:00+09:00,583.4152176535341,592.1229074692585,579.9321417272444,588.6398315429688,106400,0.0,0.0
2004-10-18 00:00:00+09:00,597.3475388470818,597.3475388470818,585.1567727481618,592.1229248046875,90400,0.0,0.0
2004-10-19 00:00:00+09:00,600.8303859777618,602.571923328422,592.1226992244609,595.6057739257812,92400,0.0,0.0
2004-10-20 00:00:00+09:00,595.6059702280405,595.6059702280405,576.4490530569632,579.93212890625,202800,0.0,0.0
2004-10-21 00:00:00+09:00,583.4153331409801,583.4153331409801,572.966103293679,574.7076416015625,104800,0.0,0.0
2004-10-22 00:00:00+09:00,585.1568213619403,585.1568213619403,576.4491305678638,583.415283203125,85600,0.0,0.0
2004-10-25 00:00:00+09:00,557.2920886381173,572.9659286310643,557.2920886381173,564.2582397460938,190800,0.0,0.0
2004-10-26 00:00:00+09:00,564.2584117542614,564.2584117542614,553.8091819069602,555.5507202148438,171200,0.0,0.0
2004-10-27 00:00:00+09:00,569.4829416275024,569.4829416275024,555.5506372451782,557.2921752929688,107200,0.0,0.0
2004-10-28 00:00:00+09:00,565.9997596503785,569.4828350943808,560.775146484375,560.775146484375,126400,0.0,0.0
2004-10-29 00:00:00+09:00,604.3137305719935,700.0983276367188,600.8306543150944,700.0983276367188,7394400,0.0,0.0
2004-11-01 00:00:00+09:00,701.8398743400664,761.0521714307916,667.0091113455222,733.1875610351562,8845200,0.0,0.0
2004-11-02 00:00:00+09:00,715.7719545993945,741.8950186358687,710.5473417920996,712.2888793945312,3445600,0.0,0.0
2004-11-03 00:00:00+09:00,712.2888793945312,712.2888793945312,712.2888793945312,712.2888793945312,0,0.0,0.0
2004-11-04 00:00:00+09:00,720.9967821561373,740.1537014887883,703.5814009446365,724.4798583984375,2324400,0.0,0.0
2004-11-05 00:00:00+09:00,731.4459058973524,761.0520497074834,727.9628301549841,752.3443603515625,3404800,0.0,0.0
2004-11-08 00:00:00+09:00,761.0520807961857,766.2766946231618,740.1536254882812,740.1536254882812,2164000,0.0,0.0
2004-11-09 00:00:00+09:00,738.4121654072746,750.6029322889985,734.9290891553535,743.6367797851562,882800,0.0,0.0
2004-11-10 00:00:00+09:00,755.827631132008,773.2430143378147,750.6030161702661,761.05224609375,2497200,0.0,0.0
2004-11-11 00:00:00+09:00,755.8274988785886,757.5690368944379,727.962890625,727.962890625,1465600,0.0,0.0
2004-11-12 00:00:00+09:00,722.7382202148438,741.8951368952372,708.8059171745576,722.7382202148438,2298000,0.0,0.0
2004-11-15 00:00:00+09:00,726.22125642196,729.704331992329,710.5474163552989,720.9966430664062,718000,0.0,0.0
2004-11-16 00:00:00+09:00,724.4797186367754,733.1874075626981,720.9966430664062,720.9966430664062,887200,0.0,0.0
2004-11-17 00:00:00+09:00,717.5136065747364,729.7043717349868,717.5136065747364,722.7382202148438,416000,0.0,0.0
2004-11-18 00:00:00+09:00,727.962739832261,734.9288904526654,707.0642879710479,710.54736328125,734400,0.0,0.0
2004-11-19 00:00:00+09:00,703.581216242284,715.7719798900463,703.581216242284,705.32275390625,434400,0.0,0.0
2004-11-22 00:00:00+09:00,696.6150512695312,700.0981265258789,684.4242878723145,696.6150512695312,470000,0.0,0.0
2004-11-23 00:00:00+09:00,696.6150512695312,696.6150512695312,696.6150512695312,696.6150512695312,0,0.0,0.0
2004-11-24 00:00:00+09:00,700.0983276367188,705.3229420220673,694.8737132513701,700.0983276367188,277600,0.0,0.0
2004-11-25 00:00:00+09:00,707.0642665872364,714.0304169969629,698.3565785750783,712.2888793945312,595200,0.0,0.0
2004-11-26 00:00:00+09:00,717.5135616179435,719.2550993888609,701.8397216796875,701.8397216796875,618000,0.0,0.0
2004-11-29 00:00:00+09:00,705.3227680485422,719.2550696396246,705.3227680485422,714.0304565429688,617200,0.0,0.0
2004-11-30 00:00:00+09:00,708.8058256261489,715.7719762465533,707.0642879710479,710.54736328125,488800,0.0,0.0
2004-12-01 00:00:00+09:00,701.8397177710322,708.8058688159059,700.0981800098137,707.0643310546875,359200,0.0,0.0
2004-12-02 00:00:00+09:00,715.7720198607797,720.996633144435,703.5812555322506,707.0643310546875,462400,0.0,0.0
2004-12-03 00:00:00+09:00,714.0305053419601,733.1874213389394,705.322816252424,729.704345703125,1367600,0.0,0.0
2004-12-06 00:00:00+09:00,731.4459058973524,761.0520497074834,729.7043680261683,752.3443603515625,2594800,0.0,0.0
2004-12-07 00:00:00+09:00,764.5349424135435,774.9841671390134,745.3780304168488,747.1195678710938,2718800,0.0,0.0
2004-12-08 00:00:00+09:00,734.9291983729972,755.8276589902389,734.9291983729972,754.0861206054688,746400,0.0,0.0
2004-12-09 00:00:00+09:00,761.052026425455,761.052026425455,727.9628078852178,729.704345703125,786400,0.0,0.0
2004-12-10 00:00:00+09:00,724.4796426115525,731.4457930212791,708.805804189668,712.2888793945312,2132800,0.0,0.0
2004-12-13 00:00:00+09:00,708.805804189668,715.7719545993945,707.0642665872364,712.2888793945312,234800,0.0,0.0
2004-12-14 00:00:00+09:00,720.9966073385099,720.9966073385099,708.8058434463129,714.0304565429688,242800,0.0,0.0
2004-12-15 00:00:00+09:00,724.4798019446125,727.9628779155001,715.7721120173936,719.2551879882812,272000,0.0,0.0
2004-12-16 00:00:00+09:00,715.7720120624431,724.479700773665,715.7720120624431,717.5135498046875,232000,0.0,0.0
2004-12-17 00:00:00+09:00,714.0304841541108,741.8950884137835,712.2889463878813,731.4458618164062,498800,0.0,0.0
2004-12-20 00:00:00+09:00,740.1538135273076,757.569197375009,738.4122751425375,754.0861206054688,584800,0.0,0.0
2004-12-21 00:00:00+09:00,757.5691307137865,766.2768218714164,755.8275924822607,759.3106689453125,560000,0.0,0.0
2004-12-22 00:00:00+09:00,764.5351169533926,766.2766548052226,757.5689655460724,762.7935791015625,304800,0.0,0.0
2004-12-23 00:00:00+09:00,762.7935791015625,762.7935791015625,762.7935791015625,762.7935791015625,0,0.0,0.0
2004-12-24 00:00:00+09:00,766.2770160147393,771.5016320330216,762.7939386692177,768.0185546875,421200,0.0,0.0
2004-12-27 00:00:00+09:00,766.2766548052226,768.0181926570527,754.0858898424123,762.7935791015625,236000,0.0,0.0
2004-12-28 00:00:00+09:00,757.5690432461824,768.0182714288884,755.8275052157314,766.2767333984375,260800,0.0,0.0
2004-12-29 00:00:00+09:00,769.7597305088827,769.7597305088827,761.0520412497325,762.7935791015625,298400,0.0,0.0
2004-12-30 00:00:00+09:00,764.5352836398904,764.5352836398904,759.3106689453125,759.3106689453125,152800,0.0,0.0
2004-12-31 00:00:00+09:00,759.3106689453125,759.3106689453125,759.3106689453125,759.3106689453125,0,0.0,0.0
2005-01-03 00:00:00+09:00,759.3106689453125,759.3106689453125,759.3106689453125,759.3106689453125,0,0.0,0.0
2005-01-04 00:00:00+09:00,759.3105888366699,780.2090454101562,759.3105888366699,780.2090454101562,223600,0.0,0.0
2005-01-05 00:00:00+09:00,776.7258324664573,801.1073608398439,769.7596815026325,801.1073608398438,1023200,0.0,0.0
2005-01-06 00:00:00+09:00,797.6242892142197,809.8150534598519,783.6919872192116,795.8827514648438,1377600,0.0,0.0
2005-01-07 00:00:00+09:00,804.5905151367188,832.4551217215402,799.3659014020648,828.9720458984375,2015600,0.0,0.0
2005-01-10 00:00:00+09:00,828.9720458984375,828.9720458984375,828.9720458984375,828.9720458984375,0,0.0,0.0
2005-01-11 00:00:00+09:00,839.4211245218913,844.6457373301189,830.7134365081787,835.9380493164062,807600,0.0,0.0
2005-01-12 00:00:00+09:00,827.230712890625,835.9384046052631,822.0060978618421,827.230712890625,692400,0.0,0.0
2005-01-13 00:00:00+09:00,820.2640703165606,837.679443359375,818.5225330122792,837.679443359375,658400,0.0,0.0
2005-01-14 00:00:00+09:00,837.6795316997328,863.8025940188512,827.2303067720853,860.3195190429688,1818000,0.0,0.0
2005-01-17 00:00:00+09:00,862.061084535822,865.5441596248556,848.1287841796875,848.1287841796875,635200,0.0,0.0
2005-01-18 00:00:00+09:00,848.1288125356039,855.0949629465739,832.4549741109213,835.9380493164062,385200,0.0,0.0
2005-01-19 00:00:00+09:00,844.6459047963929,846.3874427444267,825.4889873680211,832.4551391601562,425600,0.0,0.0
2005-01-20 00:00:00+09:00,823.7474409387466,827.2305167989527,809.8151374979221,818.5228271484375,421200,0.0,0.0
2005-01-21 00:00:00+09:00,804.5903227010351,823.7472351462978,804.5903227010351,820.26416015625,358000,0.0,0.0
2005-01-24 00:00:00+09:00,816.7814828330592,830.7137895764803,809.8153294613487,827.230712890625,263600,0.0,0.0
2005-01-25 00:00:00+09:00,844.6458564584547,849.8704700035585,835.9381672166149,841.1627807617188,552800,0.0,0.0
2005-01-26 00:00:00+09:00,846.38735074702,848.1288885057587,842.9042752295426,844.6458129882812,399200,0.0,0.0
2005-01-27 00:00:00+09:00,842.9043186100868,848.1289321551906,837.6797050649828,841.1627807617188,294000,0.0,0.0
2005-01-28 00:00:00+09:00,837.6795472083361,844.6456972890707,827.2303220872342,834.1964721679688,337200,0.0,0.0
2005-01-31 00:00:00+09:00,832.4550486771102,849.8704262644975,832.4550486771102,844.6458129882812,372000,0.0,0.0
2005-02-01 00:00:00+09:00,848.1288846125368,851.6119601140257,846.3873468617924,849.8704223632812,263200,0.0,0.0
2005-02-02 00:00:00+09:00,853.3535940278837,862.0612837628621,851.612056080888,856.836669921875,436800,0.0,0.0
2005-02-03 00:00:00+09:00,862.0612837628621,867.2858976038491,856.836669921875,856.836669921875,628400,0.0,0.0
2005-02-04 00:00:00+09:00,860.3198736459931,862.0614118517542,842.9044915883818,851.6121826171875,350000,0.0,0.0
2005-02-07 00:00:00+09:00,856.8366312461324,882.9596992719291,856.8366312461324,879.4766235351562,978000,0.0,0.0
2005-02-08 00:00:00+09:00,879.4766277905953,881.2181656674085,869.027400529717,874.2520141601562,438400,0.0,0.0
2005-02-09 00:00:00+09:00,870.7687439706161,872.5102814585574,858.5779815550276,860.3195190429688,478000,0.0,0.0
2005-02-10 00:00:00+09:00,862.0612490224648,875.9935520369693,856.8366353920256,874.2520141601562,688800,0.0,0.0
2005-02-11 00:00:00+09:00,874.2520141601562,874.2520141601562,874.2520141601562,874.2520141601562,0,0.0,0.0
2005-02-14 00:00:00+09:00,882.9595620117187,882.9595620117187,870.768798828125,870.768798828125,477600,0.0,0.0
2005-02-15 00:00:00+09:00,863.8026697927104,874.2518956369771,863.8026697927104,869.0272827148438,171200,0.0,0.0
2005-02-16 00:00:00+09:00,874.2518956369771,875.9934332776882,869.0272827148438,869.0272827148438,406800,0.0,0.0
2005-02-17 00:00:00+09:00,870.7687806891629,870.7687806891629,858.5780177595145,867.2857055664062,422000,0.0,0.0
2005-02-18 00:00:00+09:00,867.2858317057292,867.2858317057292,858.5781426323784,862.0612182617188,273200,0.0,0.0
2005-02-21 00:00:00+09:00,870.7689469860445,870.7689469860445,858.5781817282399,863.8027954101562,233200,0.0,0.0
2005-02-22 00:00:00+09:00,863.8028217098578,863.8028217098578,853.3535940278837,856.836669921875,236400,0.0,0.0
2005-02-23 00:00:00+09:00,842.9042849898581,858.5781250000001,841.1627472109534,858.578125,331200,0.0,0.0
2005-02-24 00:00:00+09:00,862.0612005578093,862.0612005578093,856.8365872210954,858.578125,163600,0.0,0.0
2005-02-25 00:00:00+09:00,858.5781426323784,863.8027560763888,856.8366048177082,862.0612182617188,240400,0.0,0.0
2005-02-28 00:00:00+09:00,869.0273840047042,902.1166030349435,865.5443083173107,895.1504516601562,952400,0.0,0.0
2005-03-01 00:00:00+09:00,896.8921190751466,910.824423837479,896.8921190751466,909.0828857421875,751200,0.0,0.0
2005-03-02 00:00:00+09:00,914.3074779619906,917.7905540685125,907.3413257489469,910.8244018554688,483600,0.0,0.0
2005-03-03 00:00:00+09:00,905.5998095516044,909.0828857421875,903.8582714563128,909.0828857421875,254800,0.0,0.0
2005-03-04 00:00:00+09:00,907.3413476468959,909.0828857421875,902.1167333610213,909.0828857421875,304000,0.0,0.0
2005-03-07 00:00:00+09:00,921.2733154296875,924.7563903462458,916.0487030548499,921.2733154296875,570000,0.0,0.0
2005-03-08 00:00:00+09:00,936.9472406253603,959.5872297111032,931.7226277594197,943.9133911132812,1246800,0.0,0.0
2005-03-09 00:00:00+09:00,947.3967187499999,963.0705615234374,940.4305664062499,957.845947265625,885600,0.0,0.0
2005-03-10 00:00:00+09:00,957.8460581368263,982.2275941621274,949.1383666992189,949.1383666992188,938400,0.0,0.0
2005-03-11 00:00:00+09:00,949.1379970355625,957.8456850817604,949.1379970355625,954.3626098632812,1869600,0.0,0.0
2005-03-14 00:00:00+09:00,957.8456850817604,961.3287603002395,952.6210722540417,954.3626098632812,289600,0.0,0.0
2005-03-15 00:00:00+09:00,963.0707009356955,977.0030076400094,957.8460859215778,961.3291625976562,414400,0.0,0.0
2005-03-16 00:00:00+09:00,957.8456207109233,961.3286956953267,945.6548582655116,959.587158203125,306000,0.0,0.0
2005-03-17 00:00:00+09:00,942.1721311017271,952.6213599124671,942.1721311017271,950.8798217773438,309600,0.0,0.0
2005-03-18 00:00:00+09:00,950.8797949218749,961.3290234374999,949.1382568359375,957.845947265625,298000,0.0,0.0
2005-03-21 00:00:00+09:00,957.8459472656249,957.8459472656249,957.8459472656249,957.845947265625,0,0.0,0.0
2005-03-22 00:00:00+09:00,961.328849546371,977.002689484627,957.8457740045363,971.778076171875,420400,0.0,0.0
2005-03-23 00:00:00+09:00,973.5195961272973,973.5195961272973,961.328831953968,968.2949829101562,351600,0.0,0.0
2005-03-24 00:00:00+09:00,968.2950830676718,996.1596897746552,957.8458555525531,994.4181518554688,1152400,0.0,0.0
2005-03-25 00:00:00+09:00,980.4859669276645,987.4521194458008,966.5536618913923,975.2613525390625,421200,0.0,0.0
2005-03-28 00:00:00+09:00,977.0184179862199,992.8334643205292,969.9895085043046,982.2901000976562,226800,12.5,0.0
2005-03-29 00:00:00+09:00,984.0477806686706,989.319465207967,957.6893579721883,968.2327270507812,544800,0.0,0.0
2005-03-30 00:00:00+09:00,952.4174770462178,957.6891604985032,933.0879710545049,940.1168823242188,641200,0.0,0.0
2005-03-31 00:00:00+09:00,941.8743043542989,968.2327270507812,940.1170761745335,968.2327270507812,420400,0.0,0.0
2005-04-01 00:00:00+09:00,952.4174838040044,964.7180786132811,941.8741168246243,964.7180786132812,264400,0.0,0.0
2005-04-04 00:00:00+09:00,952.4169921875,962.960353724631,950.6597652646448,952.4169921875,240000,0.0,0.0
2005-04-05 00:00:00+09:00,987.5619762509052,987.5619762509052,973.5041545249137,985.8047485351562,466000,0.0,0.0
2005-04-06 00:00:00+09:00,991.076435787577,998.1053466796874,984.0475248954665,998.1053466796875,414800,0.0,0.0
2005-04-07 00:00:00+09:00,1015.6777276747428,1036.7644625053604,1013.9204997721913,1024.4638671875,1587600,0.0,0.0
2005-04-08 00:00:00+09:00,1031.4923095703125,1042.03567218943,1027.97785536394,1031.4923095703125,1062400,0.0,0.0
2005-04-11 00:00:00+09:00,1015.6773464721255,1022.7062554442509,1008.6484375000001,1008.6484375,371200,0.0,0.0
2005-04-12 00:00:00+09:00,1008.6487586026434,1015.677669812418,999.8626195904253,1003.3770751953125,210000,0.0,0.0
2005-04-13 00:00:00+09:00,1006.8914031982422,1017.4347686767578,1006.8914031982422,1012.1630859375,264800,0.0,0.0
2005-04-14 00:00:00+09:00,1001.619593078935,1003.3768204352139,985.8045468724256,999.8623657226562,283600,0.0,0.0
2005-04-15 00:00:00+09:00,977.0185701394383,982.2902530718453,957.6890660539458,971.7468872070312,613200,0.0,0.0
2005-04-18 00:00:00+09:00,901.457853989794,929.5734985586765,901.457853989794,912.001220703125,752400,0.0,0.0
2005-04-19 00:00:00+09:00,920.7873889698702,966.4753128500546,920.7873889698702,955.9319458007812,444400,0.0,0.0
2005-04-20 00:00:00+09:00,975.2613424953026,975.2613424953026,964.7179766304886,971.7468872070312,447600,0.0,0.0
2005-04-21 00:00:00+09:00,957.6890206602869,957.6890206602869,922.5444694433957,945.388427734375,428400,0.0,0.0
2005-04-22 00:00:00+09:00,980.5325588526194,980.5325588526194,961.2030639648438,961.2030639648438,410800,0.0,0.0
2005-04-25 00:00:00+09:00,947.1452495010069,962.9602907728233,947.1452495010069,961.2030639648438,144400,0.0,0.0
2005-04-26 00:00:00+09:00,961.2035166981456,962.9607443337911,952.4173785199175,959.4462890625,180000,0.0,0.0
2005-04-27 00:00:00+09:00,948.9029485020069,966.4752253261181,947.1457208195957,957.6890869140625,212000,0.0,0.0
2005-04-28 00:00:00+09:00,964.7180118491933,973.504150390625,957.689101016048,973.504150390625,391600,0.0,0.0
2005-04-29 00:00:00+09:00,973.504150390625,973.504150390625,973.504150390625,973.504150390625,0,0.0,0.0
2005-05-02 00:00:00+09:00,964.7179766304886,977.0185701394383,964.7179766304886,971.7468872070312,149600,0.0,0.0
2005-05-03 00:00:00+09:00,971.7468872070312,971.7468872070312,971.7468872070312,971.7468872070312,0,0.0,0.0
2005-05-04 00:00:00+09:00,971.7468872070312,971.7468872070312,971.7468872070312,971.7468872070312,0,0.0,0.0
2005-05-05 00:00:00+09:00,971.7468872070312,971.7468872070312,971.7468872070312,971.7468872070312,0,0.0,0.0
2005-05-06 00:00:00+09:00,973.5041835455247,998.1053722993828,973.5041835455247,996.34814453125,262400,0.0,0.0
2005-05-09 00:00:00+09:00,1012.1632142075307,1012.1632142075307,991.0764805782071,1003.3770751953125,328000,0.0,0.0
2005-05-10 00:00:00+09:00,1010.4058227539064,1012.1630502717392,1003.3769126825748,1010.4058227539062,213200,0.0,0.0
2005-05-11 00:00:00+09:00,998.1049863617995,1026.220619780442,998.1049863617995,1019.1917114257812,254800,0.0,0.0
2005-05-12 00:00:00+09:00,1019.1919302488974,1024.4636126467365,1013.9202478510583,1020.9491577148438,250800,0.0,0.0
2005-05-13 00:00:00+09:00,1027.9779270346987,1049.0646537431028,1024.463472583298,1035.0068359375,882800,0.0,0.0
2005-05-16 00:00:00+09:00,1036.7644034417415,1036.7644034417415,1001.6198473928689,1003.3770751953125,318400,0.0,0.0
2005-05-17 00:00:00+09:00,1052.5794536637343,1052.5794536637343,985.8047971708762,1003.3770751953125,1297600,0.0,0.0
2005-05-18 00:00:00+09:00,1020.9493070790464,1027.978217971157,992.8336635106045,998.1053466796875,1099200,0.0,0.0
2005-05-19 00:00:00+09:00,1015.6774753170047,1024.4636126467365,1003.3768830553801,1020.9491577148438,387200,0.0,0.0
2005-05-20 00:00:00+09:00,1026.220628260754,1036.7639908798712,1020.9489469511952,1031.4923095703125,411200,0.0,0.0
2005-05-23 00:00:00+09:00,1035.006974338289,1052.5792489450512,1031.4925194169366,1050.822021484375,374000,0.0,0.0
2005-05-24 00:00:00+09:00,1052.5793404484427,1064.879933742498,1050.8221128350062,1061.365478515625,754400,0.0,0.0
2005-05-25 00:00:00+09:00,1064.8801020408164,1064.8801020408164,1024.4638605442176,1033.25,426800,0.0,0.0
2005-05-26 00:00:00+09:00,1026.2208414576307,1042.035888671875,1005.1341118386383,1042.035888671875,455200,0.0,0.0
2005-05-27 00:00:00+09:00,1043.7933093159138,1050.8222204897584,1040.2788537289916,1045.550537109375,373200,0.0,0.0
2005-05-30 00:00:00+09:00,1054.3365680618792,1066.6371613559345,1047.3076576081332,1061.365478515625,388800,0.0,0.0
2005-05-31 00:00:00+09:00,1061.36529491873,1096.5098411080917,1056.0936129903255,1091.2381591796875,1096800,0.0,0.0
2005-06-01 00:00:00+09:00,1089.480949280754,1107.05322265625,1082.4520399305554,1107.05322265625,623200,0.0,0.0
2005-06-02 00:00:00+09:00,1122.8680250598538,1122.8680250598538,1089.480712890625,1089.480712890625,581600,0.0,0.0
2005-06-03 00:00:00+09:00,1096.5098586309523,1107.05322265625,1092.9954039558531,1107.05322265625,444800,0.0,0.0
2005-06-06 00:00:00+09:00,1101.7814872418317,1122.8682142703835,1098.2670327370731,1119.353759765625,398800,0.0,0.0
2005-06-07 00:00:00+09:00,1133.4115959616267,1143.9549596449908,1129.8971414005055,1135.1688232421875,772400,0.0,0.0
2005-06-08 00:00:00+09:00,1129.8975185248687,1154.498708663824,1128.1402906578005,1150.9842529296875,693600,0.0,0.0
2005-06-09 00:00:00+09:00,1156.2561193395543,1158.0133474844472,1133.412153455946,1138.683837890625,630000,0.0,0.0
2005-06-10 00:00:00+09:00,1133.4116840798015,1158.0128679202935,1131.6544566626237,1154.4984130859375,1732000,0.0,0.0
2005-06-13 00:00:00+09:00,1163.2846828864335,1182.614186680619,1159.770227651127,1179.0997314453125,611600,0.0,0.0
2005-06-14 00:00:00+09:00,1196.671560406331,1223.0299648205676,1175.584836874942,1184.3709716796875,1571200,0.0,0.0
2005-06-15 00:00:00+09:00,1187.8861014076267,1200.1866971322618,1186.1288734469645,1196.6722412109375,514000,0.0,0.0
2005-06-16 00:00:00+09:00,1198.42912330349,1214.2441703852076,1194.9146683964416,1203.7008056640625,660000,0.0,0.0
2005-06-17 00:00:00+09:00,1210.7297154781593,1212.4869429316834,1198.42912330349,1203.7008056640625,445600,0.0,0.0
2005-06-20 00:00:00+09:00,1198.428810322179,1205.4577183006083,1189.6426753491426,1191.39990234375,539200,0.0,0.0
2005-06-21 00:00:00+09:00,1189.6426525625347,1191.3998795234838,1184.3709716796875,1184.3709716796875,470400,0.0,0.0
2005-06-22 00:00:00+09:00,1184.3716454863024,1203.7011530535863,1184.3716454863024,1196.6722412109375,400400,0.0,0.0
2005-06-23 00:00:00+09:00,1194.9146773726852,1194.9146773726852,1180.8568576388889,1186.1285400390625,282800,0.0,0.0
2005-06-24 00:00:00+09:00,1161.5275308757484,1182.6142636601796,1161.5275308757484,1173.828125,414800,0.0,0.0
2005-06-27 00:00:00+09:00,1165.042049873166,1165.042049873166,1149.226999422399,1152.741455078125,484800,0.0,0.0
2005-06-28 00:00:00+09:00,1154.4986392429896,1180.8570556640625,1150.98418372018,1180.8570556640625,558800,0.0,0.0
2005-06-29 00:00:00+09:00,1194.91450390048,1198.4289583237166,1186.1283678423883,1189.642822265625,393200,0.0,0.0
2005-06-30 00:00:00+09:00,1186.128544593925,1187.8857720673973,1170.3134973326726,1177.3424072265625,290000,0.0,0.0
2005-07-01 00:00:00+09:00,1180.8566862075331,1196.6717311120983,1170.3133229378232,1189.642822265625,357600,0.0,0.0
2005-07-04 00:00:00+09:00,1193.1572734575468,1198.428955078125,1180.8566830095308,1198.428955078125,291200,0.0,0.0
2005-07-05 00:00:00+09:00,1194.9144287109375,1201.9433371151194,1193.157201609892,1194.9144287109375,294000,0.0,0.0
2005-07-06 00:00:00+09:00,1198.42912330349,1210.7297154781593,1196.6718958499657,1203.7008056640625,601200,0.0,0.0
2005-07-07 00:00:00+09:00,1200.18641689058,1224.7876025955113,1198.4291893402276,1216.00146484375,836000,0.0,0.0
2005-07-08 00:00:00+09:00,1223.0305753356313,1244.1173093931422,1203.7010691162463,1210.72998046875,1574800,0.0,0.0
2005-07-11 00:00:00+09:00,1221.2733411101854,1231.8167080837986,1217.7588854523144,1219.51611328125,419200,0.0,0.0
2005-07-12 00:00:00+09:00,1226.5446489507501,1238.8452399860728,1226.5446489507501,1237.0880126953125,448000,0.0,0.0
2005-07-13 00:00:00+09:00,1238.8455750371368,1254.6606249312279,1238.8455750371368,1247.6317138671875,680000,0.0,0.0
2005-07-14 00:00:00+09:00,1256.4175941204203,1273.9898681640625,1256.4175941204203,1273.9898681640625,539200,0.0,0.0
2005-07-15 00:00:00+09:00,1282.775958370304,1282.775958370304,1265.203684967971,1268.7181396484375,586000,0.0,0.0
2005-07-18 00:00:00+09:00,1268.7181396484375,1268.7181396484375,1268.7181396484375,1268.7181396484375,0,0.0,0.0
2005-07-19 00:00:00+09:00,1272.2325904562842,1279.2614997958217,1254.6603171074405,1277.5042724609375,370800,0.0,0.0
2005-07-20 00:00:00+09:00,1286.2900326122854,1331.9779299455085,1282.775578971268,1330.220703125,1285200,0.0,0.0
2005-07-21 00:00:00+09:00,1365.36579883191,1391.7242119367731,1347.7935234286679,1360.0941162109375,1797600,0.0,0.0
2005-07-22 00:00:00+09:00,1346.0364556275974,1375.909327358236,1319.678039394681,1374.152099609375,1207200,0.0,0.0
2005-07-25 00:00:00+09:00,1384.6952594389118,1444.4409939832303,1384.6952594389118,1439.1693115234375,1930400,0.0,0.0
2005-07-26 00:00:00+09:00,1435.6551829878106,1483.1003359139684,1419.8401320124246,1458.4991455078125,1928400,0.0,0.0
2005-07-27 00:00:00+09:00,1465.5273737113646,1474.3135090453657,1446.1978759765625,1446.1978759765625,666000,0.0,0.0
2005-07-28 00:00:00+09:00,1449.7126764430232,1456.7415863894134,1435.6548565502421,1439.1693115234375,522000,0.0,0.0
2005-07-29 00:00:00+09:00,1433.897695028753,1451.469970703125,1430.3832398938787,1451.469970703125,532000,0.0,0.0
2005-08-01 00:00:00+09:00,1465.5276310567056,1535.8167260714158,1460.2559489306022,1530.5450439453125,1127200,0.0,0.0
2005-08-02 00:00:00+09:00,1537.573690870679,1544.602599171802,1497.157468139221,1505.943603515625,965200,0.0,0.0
2005-08-03 00:00:00+09:00,1504.1866324599168,1505.9438598342858,1462.0131754750594,1479.58544921875,1099200,0.0,0.0
2005-08-04 00:00:00+09:00,1462.0133154653286,1465.5277705505816,1382.9380760471317,1444.4410400390625,1269600,0.0,0.0
2005-08-05 00:00:00+09:00,1437.412012555462,1472.5565605397032,1414.5680563657054,1435.65478515625,1035200,0.0,0.0
2005-08-08 00:00:00+09:00,1388.2098410653323,1483.100133998912,1386.452613418414,1463.7706298828125,1362000,0.0,0.0
2005-08-09 00:00:00+09:00,1481.3425939727247,1521.7588213290387,1476.0709121436403,1502.4293212890625,1702800,0.0,0.0
2005-08-10 00:00:00+09:00,1534.0590368936228,1534.0590368936228,1502.4289536587028,1511.215087890625,974800,0.0,0.0
2005-08-11 00:00:00+09:00,1509.4584039328106,1509.4584039328106,1486.6144467138042,1498.9150390625,638000,0.0,0.0
2005-08-12 00:00:00+09:00,1493.6434376733541,1500.6723479682876,1476.0711619360206,1484.8572998046875,632400,0.0,0.0
2005-08-15 00:00:00+09:00,1484.8567338423295,1527.0301795372595,1477.8278262265078,1507.70068359375,453600,0.0,0.0
2005-08-16 00:00:00+09:00,1523.5165113920948,1523.5165113920948,1509.4586889109682,1512.97314453125,512400,0.0,0.0
2005-08-17 00:00:00+09:00,1514.7304430063189,1525.273810359031,1512.9732151142,1516.4876708984375,466400,0.0,0.0
2005-08-18 00:00:00+09:00,1518.2443667763157,1520.0015940526773,1497.157639459978,1502.4293212890625,361200,0.0,0.0
2005-08-19 00:00:00+09:00,1493.643494380687,1500.6724049424786,1462.0133968526254,1472.5567626953125,720000,0.0,0.0
2005-08-22 00:00:00+09:00,1476.0705993225524,1512.972364305616,1476.0705993225524,1507.70068359375,483600,0.0,0.0
2005-08-23 00:00:00+09:00,1521.7584988253932,1523.5157257293488,1507.70068359375,1507.70068359375,447600,0.0,0.0
2005-08-24 00:00:00+09:00,1511.2154302330657,1576.2328382779765,1511.2154302330657,1572.7183837890625,2103200,0.0,0.0
2005-08-25 00:00:00+09:00,1555.146657872443,1563.9327971824566,1542.8460628384237,1551.6322021484375,756400,0.0,0.0
2005-08-26 00:00:00+09:00,1549.8744614545037,1562.1750524184283,1530.5449613683363,1553.388916015625,470400,0.0,0.0
2005-08-29 00:00:00+09:00,1553.3889525804652,1553.3889525804652,1518.244406141993,1525.2733154296875,466800,0.0,0.0
2005-08-30 00:00:00+09:00,1534.0596669631364,1542.8458048037041,1532.3024393950227,1535.81689453125,338000,0.0,0.0
2005-08-31 00:00:00+09:00,1528.7877700735348,1532.302224717382,1521.7588607858404,1525.2733154296875,292400,0.0,0.0
2005-09-01 00:00:00+09:00,1535.816210269384,1548.1167977658208,1534.058983484179,1541.087890625,474800,0.0,0.0
2005-09-02 00:00:00+09:00,1539.331329135237,1539.331329135237,1514.730143509788,1528.7879638671875,575600,0.0,0.0
2005-09-05 00:00:00+09:00,1521.7590536884877,1539.331329135237,1512.972915965113,1528.7879638671875,640400,0.0,0.0
2005-09-06 00:00:00+09:00,1528.7878165699447,1553.3889998250932,1525.2733618192092,1530.5450439453125,688800,0.0,0.0
2005-09-07 00:00:00+09:00,1548.1175497457766,1548.1175497457766,1509.458541693101,1514.730224609375,514400,0.0,0.0
2005-09-08 00:00:00+09:00,1516.4874221295543,1516.4874221295543,1472.5567320331013,1483.10009765625,726400,0.0,0.0
2005-09-09 00:00:00+09:00,1493.6432601140698,1497.15771484375,1483.0998959250294,1497.15771484375,1485200,0.0,0.0
2005-09-12 00:00:00+09:00,1532.3027219275057,1537.5744056038618,1505.9443035457252,1516.4876708984375,483600,0.0,0.0
2005-09-13 00:00:00+09:00,1518.244511241269,1521.7589661284014,1500.6722368056062,1509.4583740234375,459600,0.0,0.0
2005-09-14 00:00:00+09:00,1491.8860327492298,1502.4293969382702,1490.1288053843896,1497.15771484375,268400,0.0,0.0
2005-09-15 00:00:00+09:00,1493.6428194267805,1516.4867684297783,1493.6428194267805,1511.215087890625,343200,0.0,0.0
2005-09-16 00:00:00+09:00,1511.215087890625,1520.0012221225472,1498.9144999659338,1511.215087890625,345200,0.0,0.0
2005-09-19 00:00:00+09:00,1511.215087890625,1511.215087890625,1511.215087890625,1511.215087890625,0,0.0,0.0
2005-09-20 00:00:00+09:00,1511.2157285512174,1549.8747355606672,1507.7012733685401,1542.8458251953125,558400,0.0,0.0
2005-09-21 00:00:00+09:00,1548.1176622023274,1556.9038010343497,1525.2737012390696,1532.3026123046875,614800,0.0,0.0
2005-09-22 00:00:00+09:00,1532.3024495442708,1572.7186838785806,1512.9729461669922,1560.4180908203125,979200,0.0,0.0
2005-09-23 00:00:00+09:00,1560.4180908203125,1560.4180908203125,1560.4180908203125,1560.4180908203125,0,0.0,0.0
2005-09-26 00:00:00+09:00,1595.5621954805108,1634.22119140625,1585.018832955309,1634.22119140625,1666400,0.0,0.0
2005-09-27 00:00:00+09:00,1660.580334933299,1729.1122217718162,1634.2219169184848,1676.3953857421875,1943600,0.0,0.0
2005-09-28 00:00:00+09:00,1686.9388020833335,1751.9562350802953,1686.9388020833335,1739.6556396484375,1403200,0.0,0.0
2005-09-29 00:00:00+09:00,1792.3721417444265,1804.672734874045,1722.0830381466058,1753.713134765625,1434800,0.0,0.0
2005-09-30 00:00:00+09:00,1769.5282637315859,1790.6149957720813,1722.0831166404707,1781.828857421875,1175600,0.0,0.0
2005-10-03 00:00:00+09:00,1778.314510455535,1780.0717382326648,1708.025399370336,1766.013916015625,1308800,0.0,0.0
2005-10-04 00:00:00+09:00,1758.9853775634767,1790.6154842529297,1727.3552708740235,1757.2281494140625,666000,0.0,0.0
2005-10-05 00:00:00+09:00,1737.8976831426473,1753.7127277819636,1722.082638503331,1730.8687744140625,514000,0.0,0.0
2005-10-06 00:00:00+09:00,1686.9382324218752,1695.7243690490725,1674.6376411437989,1686.938232421875,484000,0.0,0.0
2005-10-07 00:00:00+09:00,1669.3661905494353,1683.4240111014303,1653.5511424284405,1662.3372802734375,507200,0.0,0.0
2005-10-10 00:00:00+09:00,1662.3372802734375,1662.3372802734375,1662.3372802734375,1662.3372802734375,0,0.0,0.0
2005-10-11 00:00:00+09:00,1664.0942886594742,1774.7996109250992,1664.0942886594742,1771.28515625,962400,0.0,0.0
2005-10-12 00:00:00+09:00,1771.2849002000762,1774.7993543671398,1725.5969960282487,1729.1114501953125,941600,0.0,0.0
2005-10-13 00:00:00+09:00,1693.967084217464,1722.082720470036,1686.938175154321,1708.02490234375,470800,0.0,0.0
2005-10-14 00:00:00+09:00,1725.5972335815432,1725.5972335815432,1669.3659591674807,1686.938232421875,984400,0.0,0.0
2005-10-17 00:00:00+09:00,1693.9676845172723,1693.9676845172723,1637.7363920851637,1650.0369873046875,482000,0.0,0.0
2005-10-18 00:00:00+09:00,1644.7650045834434,1672.880645687434,1639.4933218764454,1662.3372802734375,410400,0.0,0.0
2005-10-19 00:00:00+09:00,1657.0654724518286,1662.337154760795,1607.863104234807,1620.1636962890625,430000,0.0,0.0
2005-10-20 00:00:00+09:00,1637.735857486218,1681.6665403587024,1635.9786301713186,1653.5509033203125,722000,0.0,0.0
2005-10-21 00:00:00+09:00,1639.4930634880268,1660.579790992696,1616.649108691302,1646.52197265625,416000,0.0,0.0
2005-10-24 00:00:00+09:00,1641.2504768703295,1644.7649318529213,1614.8920645008916,1616.6492919921875,297600,0.0,0.0
2005-10-25 00:00:00+09:00,1618.4061279296875,1644.7645339220276,1611.3772196650634,1618.4061279296875,405200,0.0,0.0
2005-10-26 00:00:00+09:00,1625.435491078913,1643.0077666581444,1616.6493532892973,1637.736083984375,316000,0.0,0.0
2005-10-27 00:00:00+09:00,1648.2789509016961,1676.3945833264586,1648.2789509016961,1664.093994140625,354400,0.0,0.0
2005-10-28 00:00:00+09:00,1651.7936545324171,1664.0942455768075,1637.7358361959712,1646.52197265625,311200,0.0,0.0
2005-10-31 00:00:00+09:00,1699.2390646476474,1737.8980712890625,1692.2101543492083,1737.8980712890625,956800,0.0,0.0
2005-11-01 00:00:00+09:00,1755.4709212646485,1766.014290161133,1739.655867919922,1757.2281494140625,864000,0.0,0.0
2005-11-02 00:00:00+09:00,1785.3432261808325,1790.6149089353034,1748.4414468995358,1762.499267578125,954800,0.0,0.0
2005-11-03 00:00:00+09:00,1762.499267578125,1762.499267578125,1762.499267578125,1762.499267578125,0,0.0,0.0
2005-11-04 00:00:00+09:00,1783.585852834501,1808.1870370115287,1755.470213775041,1806.4298095703125,1170400,0.0,0.0
2005-11-07 00:00:00+09:00,1876.7187687260307,1878.475996037572,1815.2158128220879,1832.7880859375,1526000,0.0,0.0
2005-11-08 00:00:00+09:00,1820.4874301914099,1824.001884689849,1790.6145669546784,1811.7012939453125,600400,0.0,0.0
2005-11-09 00:00:00+09:00,1776.556855598382,1797.6435838547427,1767.7707188248985,1787.1002197265625,496800,0.0,0.0
2005-11-10 00:00:00+09:00,1778.3141671594872,1790.6147592248196,1741.4123909634898,1764.25634765625,493600,0.0,0.0
2005-11-11 00:00:00+09:00,1781.8285376624722,1787.1002197265625,1766.0134914702019,1787.1002197265625,572800,0.0,0.0
2005-11-14 00:00:00+09:00,1790.614471020745,1818.7301055019343,1778.3138809352247,1809.9439697265625,618000,0.0,0.0
2005-11-15 00:00:00+09:00,1757.2273492573013,1774.7996227498743,1725.5972569706698,1744.9267578125,738800,0.0,0.0
2005-11-16 00:00:00+09:00,1727.3542231117806,1730.8686772788442,1697.4813626917396,1729.1114501953125,611200,0.0,0.0
2005-11-17 00:00:00+09:00,1729.1117116691844,1751.9556672095293,1709.782210827354,1744.9267578125,694800,0.0,0.0
2005-11-18 00:00:00+09:00,1757.2279188368057,1773.042970106337,1732.6267279730903,1739.6556396484375,713600,0.0,0.0
2005-11-21 00:00:00+09:00,1757.2282445225433,1758.9854727670656,1725.5981361211375,1734.38427734375,595200,0.0,0.0
2005-11-22 00:00:00+09:00,1736.1415055882726,1751.9565597889755,1723.840907876615,1734.38427734375,430400,0.0,0.0
2005-11-23 00:00:00+09:00,1734.38427734375,1734.38427734375,1734.38427734375,1734.38427734375,0,0.0,0.0
2005-11-24 00:00:00+09:00,1748.4415137114922,1750.1987413634636,1732.62646484375,1732.62646484375,487600,0.0,0.0
2005-11-25 00:00:00+09:00,1730.869279806847,1783.5861106639084,1704.5108643783165,1780.0716552734375,921200,0.0,0.0
2005-11-28 00:00:00+09:00,1794.1284917145674,1815.2152124790873,1773.0417709500475,1788.8568115234375,927200,0.0,0.0
2005-11-29 00:00:00+09:00,1783.5855780707466,1843.3313018681902,1767.770533536129,1834.545166015625,1488400,0.0,0.0
2005-11-30 00:00:00+09:00,1860.903792302624,1908.348931483144,1841.5742911550046,1896.04833984375,2122000,0.0,0.0
2005-12-01 00:00:00+09:00,1862.6614430464435,1911.863820787293,1853.875304164149,1908.349365234375,1092400,0.0,0.0
2005-12-02 00:00:00+09:00,1932.950157247564,1961.0657958984377,1917.1351105064475,1961.0657958984375,1311200,0.0,0.0
2005-12-05 00:00:00+09:00,1968.0952778348399,2201.806592077727,1968.0952778348399,2138.54638671875,2249600,0.0,0.0
2005-12-06 00:00:00+09:00,2119.216456091157,2147.332097299663,2073.528539127334,2117.459228515625,1006000,0.0,0.0
2005-12-07 00:00:00+09:00,2175.4480041850416,2198.2919654567745,2147.3323595429083,2166.661865234375,1232800,0.0,0.0
2005-12-08 00:00:00+09:00,2170.1758751502402,2189.5053768722264,2070.0139116817677,2078.800048828125,992000,0.0,0.0
2005-12-09 00:00:00+09:00,2057.713500681944,2187.748341886439,2057.713500681944,2184.23388671875,1879200,0.0,0.0
2005-12-12 00:00:00+09:00,2284.396061364363,2421.4598250462245,2280.881605885341,2405.644775390625,1418400,0.0,0.0
2005-12-13 00:00:00+09:00,2440.7883515058097,2553.2508817407784,2416.18717301691,2542.70751953125,1229200,0.0,0.0
2005-12-14 00:00:00+09:00,2618.2693713550834,2648.1422433772555,2433.760455924021,2495.263427734375,1152400,0.0,0.0
2005-12-15 00:00:00+09:00,2432.0028148387382,2530.407553011404,2407.401630295572,2465.39013671875,724800,0.0,0.0
2005-12-16 00:00:00+09:00,2409.158884869469,2511.0780791236116,2393.3438374852058,2412.67333984375,771600,0.0,0.0
2005-12-19 00:00:00+09:00,2421.4594176585065,2475.9334684186033,2414.4305078830103,2433.760009765625,764000,0.0,0.0
2005-12-20 00:00:00+09:00,2468.9050084372866,2574.3386742780244,2453.0899585611755,2570.82421875,819600,0.0,0.0
2005-12-21 00:00:00+09:00,2616.5114597247243,2693.829461220955,2590.1530501237366,2651.656005859375,922400,0.0,0.0
2005-12-22 00:00:00+09:00,2635.840673275108,2651.655717314759,2581.3666326940893,2637.597900390625,462400,0.0,0.0
2005-12-23 00:00:00+09:00,2637.597900390625,2637.597900390625,2637.597900390625,2637.597900390625,0,0.0,0.0
2005-12-26 00:00:00+09:00,2743.031502194423,2748.303183492683,2674.499645317048,2716.673095703125,482000,0.0,0.0
2005-12-27 00:00:00+09:00,2720.1880517482446,2720.1880517482446,2672.7429113107755,2690.315185546875,290000,0.0,0.0
2005-12-28 00:00:00+09:00,2670.9860783811478,2679.772216796875,2637.5987524013835,2679.772216796875,473600,0.0,0.0
2005-12-29 00:00:00+09:00,2706.1306320440576,2725.460136558658,2663.9571676485657,2679.772216796875,424800,0.0,0.0
2005-12-30 00:00:00+09:00,2655.170522735841,2660.442204779658,2618.268748429122,2621.783203125,228800,0.0,0.0
2006-01-02 00:00:00+09:00,2621.783203125,2621.783203125,2621.783203125,2621.783203125,0,0.0,0.0
2006-01-03 00:00:00+09:00,2621.783203125,2621.783203125,2621.783203125,2621.783203125,0,0.0,0.0
2006-01-04 00:00:00+09:00,2706.1307837257923,2744.789794921875,2695.5874170359516,2744.789794921875,484000,0.0,0.0
2006-01-05 00:00:00+09:00,2760.6045123357912,2776.4195604650226,2667.471451130319,2725.4599609375,506800,0.0,0.0
2006-01-06 00:00:00+09:00,2699.1010707332903,2734.24561592513,2692.072161694922,2707.88720703125,459200,0.0,0.0
2006-01-09 00:00:00+09:00,2707.88720703125,2707.88720703125,2707.88720703125,2707.88720703125,0,0.0,0.0
2006-01-10 00:00:00+09:00,2709.6446575296336,2776.419298895474,2690.3151560816273,2751.818115234375,572400,0.0,0.0
2006-01-11 00:00:00+09:00,2774.6624044492114,2823.8647776756698,2723.702803607522,2771.14794921875,662800,0.0,0.0
2006-01-12 00:00:00+09:00,2665.7139598423137,2713.159099536277,2663.956732446241,2676.25732421875,950800,0.0,0.0
2006-01-13 00:00:00+09:00,2697.3444713604877,2758.8474397628443,2672.743283999545,2714.916748046875,1228400,0.0,0.0
2006-01-16 00:00:00+09:00,2670.986270567289,2730.7320160931363,2670.986270567289,2683.286865234375,384400,0.0,0.0
2006-01-17 00:00:00+09:00,2648.141822758198,2692.0725099306965,2598.939453125,2598.939453125,345200,0.0,0.0
2006-01-18 00:00:00+09:00,2442.546694995011,2460.11897337627,2286.153417401805,2421.4599609375,719600,0.0,0.0
2006-01-19 00:00:00+09:00,2386.3150147166334,2565.5522249530813,2386.3150147166334,2516.349853515625,751200,0.0,0.0
2006-01-20 00:00:00+09:00,2546.2224522468614,2547.9796796121113,2442.5460376971273,2458.361083984375,1329200,0.0,0.0
2006-01-23 00:00:00+09:00,2442.546142578125,2454.8467346630505,2440.788915137421,2442.546142578125,1233600,0.0,0.0
2006-01-24 00:00:00+09:00,2442.5463158280586,2495.2631427883766,2442.5463158280586,2481.205322265625,325600,0.0,0.0
2006-01-25 00:00:00+09:00,2467.147201023745,2514.592339504971,2463.6327463214316,2502.291748046875,462000,0.0,0.0
2006-01-26 00:00:00+09:00,2502.2921853085554,2514.5927789161115,2491.7488193592217,2505.806640625,492000,0.0,0.0
2006-01-27 00:00:00+09:00,2521.6215232415343,2627.05517578125,2521.6215232415343,2627.05517578125,1357200,0.0,0.0
2006-01-30 00:00:00+09:00,2714.916279842979,2716.673507208573,2656.9277767783715,2670.985595703125,723600,0.0,0.0
2006-01-31 00:00:00+09:00,2683.2853549166116,2688.5570353781372,2649.8980453269482,2660.44140625,419200,0.0,0.0
2006-02-01 00:00:00+09:00,2637.5987414431493,2697.344482421875,2637.5987414431493,2697.344482421875,537600,0.0,0.0
2006-02-02 00:00:00+09:00,2700.858068139069,2714.9158850194285,2630.5689837372715,2663.956298828125,600000,0.0,0.0
2006-02-03 00:00:00+09:00,2637.5983799467963,2678.014610951977,2635.8411525117886,2655.170654296875,292400,0.0,0.0
2006-02-06 00:00:00+09:00,2690.3152361633424,2690.3152361633424,2655.1706870299217,2686.80078125,285200,0.0,0.0
2006-02-07 00:00:00+09:00,2714.9164317908653,2862.523538762019,2700.858612079327,2855.49462890625,1330400,0.0,0.0
2006-02-08 00:00:00+09:00,2799.2634767840145,2825.621889936406,2704.3731894354037,2711.402099609375,689200,0.0,0.0
2006-02-09 00:00:00+09:00,2764.118925914159,2792.234566610043,2695.58705171794,2711.402099609375,422000,0.0,0.0
2006-02-10 00:00:00+09:00,2725.4589959319524,2751.8174001479288,2547.9790742110454,2672.7421875,822000,0.0,0.0
2006-02-13 00:00:00+09:00,2665.7142713181515,2665.7142713181515,2477.69091796875,2477.69091796875,593600,0.0,0.0
2006-02-14 00:00:00+09:00,2467.1477922832073,2565.5525475309705,2321.297887183844,2553.251953125,935200,0.0,0.0
2006-02-15 00:00:00+09:00,2574.3383508843704,2614.7545843794833,2442.546285139437,2449.5751953125,551600,0.0,0.0
2006-02-16 00:00:00+09:00,2468.9044283749013,2539.193522421162,2461.875518970275,2502.291748046875,525200,0.0,0.0
2006-02-17 00:00:00+09:00,2500.5343086875682,2519.8638079114357,2379.285631737855,2414.43017578125,371200,0.0,0.0
2006-02-20 00:00:00+09:00,2308.997471318283,2368.7432201956203,2219.3788480022763,2231.679443359375,732800,0.0,0.0
2006-02-21 00:00:00+09:00,2231.678558755308,2379.28564453125,2231.678558755308,2379.28564453125,641600,0.0,0.0
2006-02-22 00:00:00+09:00,2442.546166337932,2537.436449058974,2424.973891759961,2491.74853515625,617200,0.0,0.0
2006-02-23 00:00:00+09:00,2504.049572624503,2544.4658113405476,2449.575511746356,2486.477294921875,588000,0.0,0.0
2006-02-24 00:00:00+09:00,2472.419204711914,2533.922170003255,2472.419204711914,2530.40771484375,384000,0.0,0.0
2006-02-27 00:00:00+09:00,2539.1938682154605,2547.9800061677633,2479.4481301398027,2504.04931640625,351600,0.0,0.0
2006-02-28 00:00:00+09:00,2539.1937234383245,2544.465405909131,2439.031756493007,2497.020263671875,335600,0.0,0.0
2006-03-01 00:00:00+09:00,2444.30374484592,2521.621764093383,2439.032061715411,2467.147705078125,448000,0.0,0.0
2006-03-02 00:00:00+09:00,2500.5353880222674,2502.2926159829294,2384.558342618564,2393.344482421875,296000,0.0,0.0
2006-03-03 00:00:00+09:00,2358.19926940007,2446.060643073694,2354.684814453125,2354.684814453125,301200,0.0,0.0
2006-03-06 00:00:00+09:00,2354.6850764402866,2412.6735895168013,2342.38448275739,2403.887451171875,285600,0.0,0.0
2006-03-07 00:00:00+09:00,2398.6155059471557,2398.6155059471557,2330.083634348666,2345.898681640625,259200,0.0,0.0
2006-03-08 00:00:00+09:00,2361.713240131579,2379.28551126351,2333.597606320489,2337.112060546875,256800,0.0,0.0
2006-03-09 00:00:00+09:00,2368.7427142476936,2491.7486415454223,2356.4421215179204,2475.93359375,448000,0.0,0.0
2006-03-10 00:00:00+09:00,2477.690847386195,2574.33836270977,2477.690847386195,2516.349853515625,1156400,0.0,0.0
2006-03-13 00:00:00+09:00,2547.979732133269,2574.338143155337,2540.950822527384,2556.765869140625,204000,0.0,0.0
2006-03-14 00:00:00+09:00,2558.5234129666783,2574.3384615358405,2512.8354948779875,2518.107177734375,229600,0.0,0.0
2006-03-15 00:00:00+09:00,2553.252094381381,2565.5526894678706,2539.194271425393,2560.281005859375,217200,0.0,0.0
2006-03-16 00:00:00+09:00,2547.9803722011206,2558.5237392585045,2468.905119270741,2479.448486328125,252400,0.0,0.0
2006-03-17 00:00:00+09:00,2486.476401038504,2533.921533779168,2481.2047196228746,2532.164306640625,154400,0.0,0.0
2006-03-20 00:00:00+09:00,2547.979703557571,2625.2977083551805,2539.193566648752,2618.268798828125,425200,0.0,0.0
2006-03-21 00:00:00+09:00,2618.268798828125,2618.268798828125,2618.268798828125,2618.268798828125,0,0.0,0.0
2006-03-22 00:00:00+09:00,2635.8410941090774,2688.557915991259,2618.26882014835,2676.25732421875,509200,0.0,0.0
2006-03-23 00:00:00+09:00,2793.991993135619,2797.506448472897,2706.1306097036813,2714.916748046875,678000,0.0,0.0
2006-03-24 00:00:00+09:00,2727.21689371378,2750.060849653393,2692.0723461143757,2728.97412109375,316800,0.0,0.0
2006-03-27 00:00:00+09:00,2732.4888965650316,2776.419586220418,2732.4888965650316,2765.876220703125,355200,0.0,0.0
2006-03-28 00:00:00+09:00,2743.0023377470493,2776.43212890625,2714.8509346656174,2776.43212890625,260400,5.0,0.0
2006-03-29 00:00:00+09:00,2762.356930532426,2815.140820924765,2750.0406894408798,2806.343505859375,547600,0.0,0.0
2006-03-30 00:00:00+09:00,2815.1406638440026,2859.1272367165648,2802.824423439685,2830.975830078125,593600,0.0,0.0
2006-03-31 00:00:00+09:00,2839.7735541315365,2862.646575323426,2836.2546277943225,2843.29248046875,366000,0.0,0.0
2006-04-03 00:00:00+09:00,2864.406822163201,2920.7096589624775,2864.406822163201,2918.9501953125,669200,0.0,0.0
2006-04-04 00:00:00+09:00,2920.709228515625,2973.493130235787,2906.6335213902485,2920.709228515625,504800,0.0,0.0
2006-04-05 00:00:00+09:00,2920.708729068487,2975.2520848522963,2818.65986986007,2846.811279296875,465600,0.0,0.0
2006-04-06 00:00:00+09:00,2885.5200896266033,2894.317406973026,2825.6983316709297,2880.24169921875,479600,0.0,0.0
2006-04-07 00:00:00+09:00,2878.4821314808783,2878.4821314808783,2827.457692719909,2869.684814453125,266400,0.0,0.0
2006-04-10 00:00:00+09:00,2866.1649312073996,2867.92439402582,2830.9756748389846,2855.608154296875,237600,0.0,0.0
2006-04-11 00:00:00+09:00,2834.4945608373027,2850.329725981645,2811.6215445176967,2839.77294921875,394400,0.0,0.0
2006-04-12 00:00:00+09:00,2786.9894914987403,2832.735531131927,2785.2300284359258,2794.02734375,386000,0.0,0.0
2006-04-13 00:00:00+09:00,2794.0270313236565,2832.7352143772587,2772.9134769307825,2799.305419921875,282000,0.0,0.0
2006-04-14 00:00:00+09:00,2836.2544572575566,2836.2544572575566,2790.50841762437,2794.02734375,395600,0.0,0.0
2006-04-17 00:00:00+09:00,2794.027380268778,2801.0652326120244,2727.1677830079384,2728.92724609375,220400,0.0,0.0
2006-04-18 00:00:00+09:00,2727.1679359269965,2786.9896841989435,2720.1300831891203,2748.281494140625,498800,0.0,0.0
2006-04-19 00:00:00+09:00,2820.4193273459514,2823.93825351856,2776.4327501883413,2809.862548828125,482800,0.0,0.0
2006-04-20 00:00:00+09:00,2799.3051348853805,2816.8997617545533,2778.1915826423733,2783.469970703125,230400,0.0,0.0
2006-04-21 00:00:00+09:00,2811.6217976759663,2822.178575389393,2771.1541497744975,2788.748779296875,282000,0.0,0.0
2006-04-24 00:00:00+09:00,2779.9515595523703,2779.9515595523703,2665.586463748001,2681.421630859375,381200,0.0,0.0
2006-04-25 00:00:00+09:00,2656.789379818901,2693.738106293204,2625.1190428409277,2688.459716796875,331600,0.0,0.0
2006-04-26 00:00:00+09:00,2663.8277136332918,2727.1683990301203,2663.8277136332918,2725.408935546875,249200,0.0,0.0
2006-04-27 00:00:00+09:00,2801.06493161615,2822.178486377076,2783.470302648712,2808.102783203125,544400,0.0,0.0
2006-04-28 00:00:00+09:00,2730.6870929409383,2755.3195796040654,2665.58694961696,2718.370849609375,480400,0.0,0.0
2006-05-01 00:00:00+09:00,2686.7006479006764,2718.3709895262245,2667.3465502406193,2707.814208984375,226400,0.0,0.0
2006-05-02 00:00:00+09:00,2676.1443983098775,2762.3581231732464,2676.1443983098775,2746.52294921875,238800,0.0,0.0
2006-05-03 00:00:00+09:00,2746.52294921875,2746.52294921875,2746.52294921875,2746.52294921875,0,0.0,0.0
2006-05-04 00:00:00+09:00,2746.52294921875,2746.52294921875,2746.52294921875,2746.52294921875,0,0.0,0.0
2006-05-05 00:00:00+09:00,2746.52294921875,2746.52294921875,2746.52294921875,2746.52294921875,0,0.0,0.0
2006-05-08 00:00:00+09:00,2797.5469383599298,2797.5469383599298,2688.460202398725,2725.408935546875,775200,0.0,0.0
2006-05-09 00:00:00+09:00,2734.2058603021164,2799.305999833119,2714.8517647658723,2779.951904296875,800400,0.0,0.0
2006-05-10 00:00:00+09:00,2815.1408653846156,2885.519387019231,2806.3435501802887,2859.12744140625,1555600,0.0,0.0
2006-05-11 00:00:00+09:00,2917.1899965540106,2941.822481446505,2836.2546890500994,2882.000732421875,1394400,0.0,0.0
2006-05-12 00:00:00+09:00,2816.900097686844,2829.216337964051,2767.6351365780174,2808.102783203125,741600,0.0,0.0
2006-05-15 00:00:00+09:00,2702.5353470437017,2797.546355338207,2691.9785683443124,2737.724609375,661600,0.0,0.0
2006-05-16 00:00:00+09:00,2716.611313859147,2764.1168225859583,2633.9165394087713,2649.751708984375,943600,0.0,0.0
2006-05-17 00:00:00+09:00,2653.270923425261,2725.4089259852317,2586.411311296508,2695.498046875,778400,0.0,0.0
2006-05-18 00:00:00+09:00,2554.7403840095762,2633.9162223569806,2554.7403840095762,2618.0810546875,786400,0.0,0.0
2006-05-19 00:00:00+09:00,2582.8922641113613,2598.7274346679023,2500.197484538314,2588.170654296875,805200,0.0,0.0
2006-05-22 00:00:00+09:00,2575.8538839049256,2621.5999228267347,2480.8428799904,2491.399658203125,542800,0.0,0.0
2006-05-23 00:00:00+09:00,2452.6913278322404,2516.0319934003614,2431.5777726428664,2465.007568359375,558400,0.0,0.0
2006-05-24 00:00:00+09:00,2445.653246143196,2503.7155174545096,2438.615395075158,2501.9560546875,606000,0.0,0.0
2006-05-25 00:00:00+09:00,2466.7672544524044,2501.9565162848207,2454.4510128110583,2479.08349609375,615600,0.0,0.0
2006-05-26 00:00:00+09:00,2521.310447903628,2554.740244491324,2491.399577272531,2547.702392578125,509600,0.0,0.0
2006-05-29 00:00:00+09:00,2558.2595156056345,2582.892000625221,2473.8052812527662,2484.362060546875,465600,0.0,0.0
2006-05-30 00:00:00+09:00,2505.475077181059,2505.475077181059,2443.893877952592,2475.564208984375,444000,0.0,0.0
2006-05-31 00:00:00+09:00,2440.374579842454,2454.4502803750706,2333.04736328125,2333.04736328125,2516000,0.0,0.0
2006-06-01 00:00:00+09:00,2350.6427388445336,2352.402201972411,2236.277635532487,2245.074951171875,1212400,0.0,0.0
2006-06-02 00:00:00+09:00,2236.277478311228,2297.8586834574853,2144.7854020939317,2269.707275390625,1127200,0.0,0.0
2006-06-05 00:00:00+09:00,2234.518258962624,2322.491418764302,2234.518258962624,2306.65625,544800,0.0,0.0
2006-06-06 00:00:00+09:00,2245.0752768850966,2266.188837482762,2218.6833261380148,2232.759033203125,420800,0.0,0.0
2006-06-07 00:00:00+09:00,2220.442547333221,2223.961473715682,2104.3179767119905,2114.874755859375,488800,0.0,0.0
2006-06-08 00:00:00+09:00,2044.495928030303,2109.5960565476194,1993.4715029761905,2032.1796875,626000,0.0,0.0
2006-06-09 00:00:00+09:00,2011.066571694018,2216.9237798201775,2011.066571694018,2134.22900390625,1810400,0.0,0.0
2006-06-12 00:00:00+09:00,2135.988248989983,2192.2910693916956,2130.7098595773223,2157.101806640625,489600,0.0,0.0
2006-06-13 00:00:00+09:00,2111.356172486945,2123.6724168264523,2012.8262177708878,2021.62353515625,545600,0.0,0.0
2006-06-14 00:00:00+09:00,1953.0040492734574,2100.798950299557,1953.0040492734574,2060.331298828125,931200,0.0,0.0
2006-06-15 00:00:00+09:00,2144.785637893612,2169.4181226602327,2062.090867605671,2070.88818359375,394000,0.0,0.0
2006-06-16 00:00:00+09:00,2169.417675502914,2194.0501551923226,2132.468955968801,2160.620361328125,492400,0.0,0.0
2006-06-19 00:00:00+09:00,2160.6205185916906,2169.4178334068033,2128.950185257285,2135.988037109375,172000,0.0,0.0
2006-06-20 00:00:00+09:00,2109.595936281369,2114.874324779154,2060.3309769687103,2072.647216796875,224000,0.0,0.0
2006-06-21 00:00:00+09:00,2074.4064750934467,2077.9254004116715,2002.268506069841,2040.9766845703125,351600,0.0,0.0
2006-06-22 00:00:00+09:00,2093.762136412061,2135.989271936338,2093.762136412061,2128.951416015625,409200,0.0,0.0
2006-06-23 00:00:00+09:00,2090.242197027439,2164.1396484375,2090.242197027439,2164.1396484375,288800,0.0,0.0
2006-06-26 00:00:00+09:00,2148.3044223024945,2183.493683929071,2134.228717651864,2162.380126953125,213600,0.0,0.0
2006-06-27 00:00:00+09:00,2209.885332859105,2266.1881438873625,2199.328555791307,2241.5556640625,593200,0.0,0.0
2006-06-28 00:00:00+09:00,2171.177404585041,2188.772035092213,2128.950291367828,2146.544921875,634400,0.0,0.0
2006-06-29 00:00:00+09:00,2181.7337333034293,2216.9229870663876,2164.1391064219497,2206.3662109375,420800,0.0,0.0
2006-06-30 00:00:00+09:00,2283.782851653202,2285.5423145589443,2252.112519349845,2273.22607421875,476800,0.0,0.0
2006-07-03 00:00:00+09:00,2294.3401690198534,2310.175338898058,2276.7455358218485,2282.02392578125,466400,0.0,0.0
2006-07-04 00:00:00+09:00,2304.8971369237074,2317.2133811668114,2271.467331120997,2280.2646484375,283600,0.0,0.0
2006-07-05 00:00:00+09:00,2220.4421679687503,2255.63142578125,2216.9232421875004,2243.315185546875,195600,0.0,0.0
2006-07-06 00:00:00+09:00,2216.923627945388,2218.6830911421703,2183.493827206529,2188.772216796875,250000,0.0,0.0
2006-07-07 00:00:00+09:00,2201.0887510789885,2227.4807025307746,2192.291433928393,2197.56982421875,313600,0.0,0.0
2006-07-10 00:00:00+09:00,2127.1904026940647,2164.1391193661702,2100.7984622139893,2148.303955078125,894000,0.0,0.0
2006-07-11 00:00:00+09:00,2164.1394650283737,2167.6583909877695,2107.836649678042,2121.912353515625,356400,0.0,0.0
2006-07-12 00:00:00+09:00,2114.8744142263527,2139.5068949244965,2077.925693179137,2097.27978515625,414400,0.0,0.0
2006-07-13 00:00:00+09:00,2046.25537109375,2100.798721484039,2026.9012790197764,2046.25537109375,416000,0.0,0.0
2006-07-14 00:00:00+09:00,1993.471928556975,2011.0665616422086,1935.4096393757038,1953.0042724609375,900400,0.0,0.0
2006-07-17 00:00:00+09:00,1953.0042724609375,1953.0042724609375,1953.0042724609375,1953.0042724609375,0,0.0,0.0
2006-07-18 00:00:00+09:00,1882.6259740072699,1898.4611457512563,1824.563677612653,1849.1961669921875,814000,0.0,0.0
2006-07-19 00:00:00+09:00,1865.0311569940477,1877.3474004836312,1833.360816592262,1847.4365234375,358400,0.0,0.0
2006-07-20 00:00:00+09:00,1942.447481275247,1965.320504152582,1935.4096280822205,1960.0421142578125,492400,0.0,0.0
2006-07-21 00:00:00+09:00,1926.6126067446967,1944.2072424227304,1909.017971066663,1928.3720703125,223600,0.0,0.0
2006-07-24 00:00:00+09:00,1865.0312741355751,1868.5502010679063,1824.5636144137654,1850.95556640625,377200,0.0,0.0
2006-07-25 00:00:00+09:00,1891.4225487735685,1930.1307311670741,1875.5873832489526,1889.6630859375,483600,0.0,0.0
2006-07-26 00:00:00+09:00,1916.0553735558658,1917.8148367088097,1859.752552661662,1866.7904052734375,181600,0.0,0.0
2006-07-27 00:00:00+09:00,1838.6384494407368,1928.371043623969,1831.6005989165617,1919.57373046875,348000,0.0,0.0
2006-07-28 00:00:00+09:00,1951.2448958942596,1991.7125537892712,1931.8907986401236,1974.117919921875,392800,0.0,0.0
2006-07-31 00:00:00+09:00,2040.9770071620228,2040.9770071620228,2009.3066742922674,2028.6607666015625,389600,0.0,0.0
2006-08-01 00:00:00+09:00,2030.419876111936,2048.014502421398,2004.0279366477425,2018.1036376953125,235600,0.0,0.0
2006-08-02 00:00:00+09:00,2002.2688225434329,2030.420229538771,1991.712044920181,2028.6607666015625,215200,0.0,0.0
2006-08-03 00:00:00+09:00,2046.2559711130084,2070.888459157361,2012.8261659099585,2016.3450927734375,230400,0.0,0.0
2006-08-04 00:00:00+09:00,2046.2554264051887,2051.5338152953136,1995.231000467312,2007.5472412109375,202800,0.0,0.0
2006-08-07 00:00:00+09:00,2011.0664645108309,2023.3827070756392,1935.4095458984375,1935.4095458984375,277200,0.0,0.0
2006-08-08 00:00:00+09:00,1935.4087519012724,1989.9520894548536,1903.7384268701605,1988.192626953125,580800,0.0,0.0
2006-08-09 00:00:00+09:00,1953.0042497501818,1974.1178092069406,1887.9041080918425,1967.0799560546875,731200,0.0,0.0
2006-08-10 00:00:00+09:00,1935.4092184329913,1986.4336432825883,1930.1308296554469,1951.244384765625,378800,0.0,0.0
2006-08-11 00:00:00+09:00,1937.1688709206198,1951.2445757047842,1900.2201458621882,1905.49853515625,812000,0.0,0.0
2006-08-14 00:00:00+09:00,1877.3472153393188,1905.498626253498,1866.7904362465017,1886.14453125,609600,0.0,0.0
2006-08-15 00:00:00+09:00,1901.979462032894,1949.4849620096636,1901.979462032894,1923.093017578125,482800,0.0,0.0
2006-08-16 00:00:00+09:00,1993.4713181176087,2002.2686319663185,1979.3956159596733,1989.952392578125,698800,0.0,0.0
2006-08-17 00:00:00+09:00,2058.5718742249505,2070.8881162074927,1986.433885470059,1995.231201171875,998400,0.0,0.0
2006-08-18 00:00:00+09:00,2030.41987820419,2076.1659066559305,2012.8252518765971,2065.609130859375,892000,0.0,0.0
2006-08-21 00:00:00+09:00,2100.7993916245105,2102.558855101583,2011.0667542938154,2021.62353515625,739600,0.0,0.0
2006-08-22 00:00:00+09:00,2028.6604645836646,2088.4821955427665,2023.3820765578614,2074.406494140625,540000,0.0,0.0
2006-08-23 00:00:00+09:00,2065.609365466495,2093.7607707880143,2051.5336628057353,2072.647216796875,324800,0.0,0.0
2006-08-24 00:00:00+09:00,2058.571311161436,2067.3686244569976,2028.660445956526,2040.9766845703125,364800,0.0,0.0
2006-08-25 00:00:00+09:00,2056.8131089130234,2102.5591660830305,2044.4968627518676,2090.242919921875,879600,0.0,0.0
2006-08-28 00:00:00+09:00,2100.7992824279154,2109.5965993560058,2040.977527316903,2048.015380859375,790800,0.0,0.0
2006-08-29 00:00:00+09:00,2076.1662406626183,2083.2040923258814,2019.8634273565133,2046.25537109375,425600,0.0,0.0
2006-08-30 00:00:00+09:00,2049.7746610892004,2056.8125140028114,1991.71237455191,2009.3070068359375,322800,0.0,0.0
2006-08-31 00:00:00+09:00,1989.9529193414892,2079.685544351583,1988.193456105997,2042.73681640625,399600,0.0,0.0
2006-09-01 00:00:00+09:00,2023.3824361341665,2055.052769917136,2018.1040471703382,2030.4202880859375,369200,0.0,0.0
2006-09-04 00:00:00+09:00,2067.369092631544,2072.64748180422,2055.052851228633,2058.57177734375,410400,0.0,0.0
2006-09-05 00:00:00+09:00,2107.836649678042,2151.8232241704886,2099.0393347795525,2121.912353515625,1064800,0.0,0.0
2006-09-06 00:00:00+09:00,2128.9501367510597,2141.2663772116034,2114.874433367582,2127.190673828125,551200,0.0,0.0
2006-09-07 00:00:00+09:00,2111.3563093354433,2116.6347001087815,2070.888646739847,2084.96435546875,523600,0.0,0.0
2006-09-08 00:00:00+09:00,2062.090537336092,2084.963555241697,2026.9012790197764,2046.25537109375,1646400,0.0,0.0
2006-09-11 00:00:00+09:00,2040.9776866007194,2040.9776866007194,1947.7261198853416,1956.5234375,1732800,0.0,0.0
2006-09-12 00:00:00+09:00,1954.7632010323662,1956.522663859578,1886.1441507711038,1896.700927734375,1289200,0.0,0.0
2006-09-13 00:00:00+09:00,1916.0548862836936,1931.8900506331456,1842.1574526529175,1856.233154296875,828400,0.0,0.0
2006-09-14 00:00:00+09:00,1857.9928273168102,1880.8658450773391,1824.563032128345,1836.8792724609375,985200,0.0,0.0
2006-09-15 00:00:00+09:00,1836.8794152690639,1859.7524348078548,1784.0955240257,1822.8037109375,613200,0.0,0.0
2006-09-18 00:00:00+09:00,1822.8037109375002,1822.8037109375002,1822.8037109375002,1822.8037109375,0,0.0,0.0
2006-09-19 00:00:00+09:00,1857.9928273168102,1894.9415483145876,1831.6008837469692,1836.8792724609375,629600,0.0,0.0
2006-09-20 00:00:00+09:00,1812.2467822599735,1829.841411213954,1791.1332275151972,1799.9305419921875,690400,0.0,0.0
2006-09-21 00:00:00+09:00,1829.841332296723,1829.841332296723,1799.9304643649498,1812.2467041015625,494800,0.0,0.0
2006-09-22 00:00:00+09:00,1798.170662450884,1810.4868998649313,1789.373350012279,1791.1328125,552000,0.0,0.0
2006-09-25 00:00:00+09:00,1759.463156423261,1768.2604722053773,1734.8306722333355,1745.387451171875,792000,0.0,0.0
2006-09-26 00:00:00+09:00,1747.1556473013552,1771.9129135586618,1717.09325256034,1720.6300048828125,492800,12.5,0.0
2006-09-27 00:00:00+09:00,1734.7772814570044,1801.9755859375,1734.7772814570044,1801.9755859375,542000,0.0,0.0
2006-09-28 00:00:00+09:00,1803.7436542344808,1830.2692962085173,1782.5231406552516,1826.7325439453125,431600,0.0,0.0
2006-09-29 00:00:00+09:00,1862.1002575742002,1863.868633887186,1837.342989192397,1847.9532470703125,468800,0.0,0.0
2006-10-02 00:00:00+09:00,1870.942600154433,1915.152018872638,1860.332339662064,1901.0050048828125,795600,0.0,0.0
2006-10-03 00:00:00+09:00,1897.4676799632887,1915.1514421251086,1878.0155415852867,1909.8463134765625,544000,0.0,0.0
2006-10-04 00:00:00+09:00,1936.372467832538,1954.0562346620588,1830.2698668554126,1840.880126953125,819600,0.0,0.0
2006-10-05 00:00:00+09:00,1918.6881378428377,1925.7616424984794,1893.9308715480913,1908.077880859375,585600,0.0,0.0
2006-10-06 00:00:00+09:00,1908.077917788209,1908.077917788209,1867.4052652310925,1893.930908203125,397200,0.0,0.0
2006-10-09 00:00:00+09:00,1893.930908203125,1893.930908203125,1893.930908203125,1893.930908203125,0,0.0,0.0
2006-10-10 00:00:00+09:00,1858.5634951033683,1945.21393398069,1858.5634951033683,1874.4788818359375,743600,0.0,0.0
2006-10-11 00:00:00+09:00,1892.1630242980352,1901.0049075891475,1784.2920481464648,1786.0604248046875,708800,0.0,0.0
2006-10-12 00:00:00+09:00,1768.3757543563843,1828.5005300045016,1741.8501180410385,1810.8167724609375,744000,0.0,0.0
2006-10-13 00:00:00+09:00,1823.1965116411727,1897.4683384975542,1823.1965116411727,1892.1632080078125,845200,0.0,0.0
2006-10-16 00:00:00+09:00,1918.6880091470164,1938.1401456452809,1909.8461289205322,1934.6033935546875,367200,0.0,0.0
2006-10-17 00:00:00+09:00,1938.1405302654691,1955.8242942277452,1931.0670246805587,1950.5191650390625,440800,0.0,0.0
2006-10-18 00:00:00+09:00,1961.1295726879223,1996.4971033044765,1950.519313502956,1962.89794921875,689600,0.0,0.0
2006-10-19 00:00:00+09:00,1996.4967791216834,2001.8019078527418,1982.349769172194,1991.191650390625,451600,0.0,0.0
2006-10-20 00:00:00+09:00,1991.1915557861328,1992.9599319458007,1968.202665710449,1980.581298828125,508800,0.0,0.0
2006-10-23 00:00:00+09:00,1962.8973213346474,1984.1178329166435,1934.6033058919857,1969.9708251953125,494800,0.0,0.0
2006-10-24 00:00:00+09:00,1989.4229608121425,1998.2648406379742,1964.6656972998137,1969.9708251953125,248400,0.0,0.0
2006-10-25 00:00:00+09:00,1994.7284024385108,1994.7284024385108,1961.1292538158764,1968.2027587890625,355600,0.0,0.0
2006-10-26 00:00:00+09:00,1968.202777501374,1968.202777501374,1932.835252299193,1961.1292724609375,399200,0.0,0.0
2006-10-27 00:00:00+09:00,1971.7399646745264,1975.276717974391,1946.982691575474,1959.361328125,192800,0.0,0.0
2006-10-30 00:00:00+09:00,1954.0558340809482,1969.9712209648656,1911.6148023905023,1913.3831787109375,425600,0.0,0.0
2006-10-31 00:00:00+09:00,1936.3715922672977,1989.4228687677717,1932.8348405005995,1982.349365234375,567600,0.0,0.0
2006-11-01 00:00:00+09:00,1964.6664077130968,1994.7288099913349,1950.5193948762787,1977.0450439453125,579600,0.0,0.0
2006-11-02 00:00:00+09:00,1945.2140918676405,1952.2875976562502,1927.5303273961165,1952.28759765625,397600,0.0,0.0
2006-11-03 00:00:00+09:00,1952.2875976562502,1952.2875976562502,1952.2875976562502,1952.28759765625,0,0.0,0.0
2006-11-06 00:00:00+09:00,1959.360886869937,1971.7395206317508,1927.530114339559,1964.666015625,211600,0.0,0.0
2006-11-07 00:00:00+09:00,1996.496807424978,2012.4121938437775,1985.8865498124449,2003.5703125,600000,0.0,0.0
2006-11-08 00:00:00+09:00,2015.9490916994844,2015.9490916994844,1946.9824122466073,1950.5191650390625,512400,0.0,0.0
2006-11-09 00:00:00+09:00,1936.372070876596,1943.4455761583367,1895.6994155065852,1913.3831787109375,414400,0.0,0.0
2006-11-10 00:00:00+09:00,1895.699690954257,1948.7509882757379,1869.1740422935163,1879.7843017578125,649600,0.0,0.0
2006-11-13 00:00:00+09:00,1855.0265112232669,1855.0265112232669,1791.3649722299042,1798.4384765625,574000,0.0,0.0
2006-11-14 00:00:00+09:00,1904.541904855282,2000.0342566307556,1895.7000204316269,1994.7291259765625,1040800,0.0,0.0
2006-11-15 00:00:00+09:00,2038.937504934301,2051.316136794266,2003.5699853343997,2012.411865234375,1012400,0.0,0.0
2006-11-16 00:00:00+09:00,2019.4861197434204,2060.1587824002495,2012.4126131944067,2028.3280029296875,826000,0.0,0.0
2006-11-17 00:00:00+09:00,2021.2540754000618,2060.1583533167736,2021.2540754000618,2049.548095703125,813200,0.0,0.0
2006-11-20 00:00:00+09:00,2060.158568788537,2061.926945242433,1971.73974609375,1971.73974609375,999600,0.0,0.0
2006-11-21 00:00:00+09:00,1936.3719955979975,1996.4967881553782,1911.61472807437,1964.666015625,853200,0.0,0.0
2006-11-22 00:00:00+09:00,1980.5808683206105,2086.683414837786,1971.7389894441792,2084.9150390625,748000,0.0,0.0
2006-11-23 00:00:00+09:00,2084.9150390625,2084.9150390625,2084.9150390625,2084.9150390625,0,0.0,0.0
2006-11-24 00:00:00+09:00,2056.6213790286306,2091.9889005940413,2014.1803531501378,2088.4521484375,691200,0.0,0.0
2006-11-27 00:00:00+09:00,2069.0006571604795,2125.5887093221336,2060.158774010221,2116.746826171875,837600,0.0,0.0
2006-11-28 00:00:00+09:00,2086.6840069110576,2169.7976919320913,2083.147254356971,2160.955810546875,718800,0.0,0.0
2006-11-29 00:00:00+09:00,2198.0918659410977,2199.860242341694,2150.345703125,2150.345703125,824800,0.0,0.0
2006-11-30 00:00:00+09:00,2180.407112524434,2183.943863720743,2150.3447273558086,2176.870361328125,718000,0.0,0.0
2006-12-01 00:00:00+09:00,2162.723738444659,2222.8485193989663,2159.186986623817,2219.311767578125,743200,0.0,0.0
2006-12-04 00:00:00+09:00,2217.544332028184,2261.753748535923,2199.860565425088,2252.911865234375,672400,0.0,0.0
2006-12-05 00:00:00+09:00,2263.522296488428,2263.522296488428,2201.629108693822,2215.776123046875,928000,0.0,0.0
2006-12-06 00:00:00+09:00,2228.1545209281053,2254.680169986773,2215.7758847007267,2235.22802734375,556000,0.0,0.0
2006-12-07 00:00:00+09:00,2245.8375030202965,2252.911006966817,2210.469983287693,2229.922119140625,452400,0.0,0.0
2006-12-08 00:00:00+09:00,2199.8599395995316,2274.1317382033744,2199.8599395995316,2217.543701171875,1788800,0.0,0.0
2006-12-11 00:00:00+09:00,2219.3126887409526,2277.669118006651,2219.3126887409526,2259.9853515625,570400,0.0,0.0
2006-12-12 00:00:00+09:00,2286.5105356654303,2288.278911949781,2242.3011285566636,2272.363525390625,556000,0.0,0.0
2006-12-13 00:00:00+09:00,2258.2165151158197,2272.363525390625,2245.8378811253647,2272.363525390625,360400,0.0,0.0
2006-12-14 00:00:00+09:00,2288.279276937476,2313.036548867248,2275.90064097259,2295.352783203125,549600,0.0,0.0
2006-12-15 00:00:00+09:00,2305.96261806091,2305.96261806091,2282.9737269299344,2293.583984375,502800,0.0,0.0
2006-12-18 00:00:00+09:00,2295.352769629427,2328.951924192569,2286.5108868496523,2321.87841796875,584800,0.0,0.0
2006-12-19 00:00:00+09:00,2304.19428898738,2328.951556865986,2288.2789024939902,2298.88916015625,460400,0.0,0.0
2006-12-20 00:00:00+09:00,2334.256486656022,2429.7487974737683,2328.951358277258,2422.67529296875,1279200,0.0,0.0
2006-12-21 00:00:00+09:00,2422.6750617334587,2472.1895885426097,2404.9913021587618,2442.127197265625,812800,0.0,0.0
2006-12-22 00:00:00+09:00,2422.676137140124,2426.212890625,2404.9923697157437,2426.212890625,505600,0.0,0.0
2006-12-25 00:00:00+09:00,2449.2014886452735,2484.5690191672265,2443.8963590669805,2466.88525390625,410000,0.0,0.0
2006-12-26 00:00:00+09:00,2466.884634554514,2472.189762800868,2431.5171129121554,2470.42138671875,470400,0.0,0.0
2006-12-27 00:00:00+09:00,2475.72697701214,2496.9474939579586,2450.969707242019,2458.043212890625,310400,0.0,0.0
2006-12-28 00:00:00+09:00,2465.1169573456764,2475.7272168464465,2420.9075427591324,2438.59130859375,324800,0.0,0.0
2006-12-29 00:00:00+09:00,2420.906750665195,2452.7375187528305,2420.906750665195,2440.35888671875,172800,0.0,0.0
2007-01-04 00:00:00+09:00,2449.201276025107,2466.88503975092,2420.907254063806,2433.285888671875,206000,0.0,0.0
2007-01-05 00:00:00+09:00,2429.7481782362706,2429.7481782362706,2320.108886350791,2346.634521484375,760400,0.0,0.0
2007-01-09 00:00:00+09:00,2318.341513864374,2350.1722897984387,2279.437232167184,2332.488525390625,558800,0.0,0.0
2007-01-10 00:00:00+09:00,2332.4885496342245,2334.2569260933865,2265.2902441860815,2279.437255859375,570800,0.0,0.0
2007-01-11 00:00:00+09:00,2290.0469761873665,2327.182873098513,2256.447831362996,2274.131591796875,364000,0.0,0.0
2007-01-12 00:00:00+09:00,2288.2789869389476,2307.731126704271,2281.2054815697393,2290.04736328125,780400,0.0,0.0
2007-01-15 00:00:00+09:00,2325.4147672867666,2373.160926006723,2323.6463910378793,2359.013916015625,580400,0.0,0.0
2007-01-16 00:00:00+09:00,2367.855984419983,2392.6132538612674,2362.550855253993,2380.234619140625,521600,0.0,0.0
2007-01-17 00:00:00+09:00,2397.918027201186,2438.5906781050408,2371.3923853073675,2422.67529296875,512800,0.0,0.0
2007-01-18 00:00:00+09:00,2413.8336087877765,2452.737886731609,2401.4549748965574,2417.370361328125,461200,0.0,0.0
2007-01-19 00:00:00+09:00,2417.37066438682,2429.7492998299126,2390.845017008764,2396.150146484375,293600,0.0,0.0
2007-01-22 00:00:00+09:00,2410.2968279670267,2422.6754617130055,2397.9181942210475,2404.99169921875,281200,0.0,0.0
2007-01-23 00:00:00+09:00,2389.076547768312,2401.4551827308424,2367.856030689689,2385.539794921875,290400,0.0,0.0
2007-01-24 00:00:00+09:00,2413.833925334457,2456.2749613842934,2404.9920428240744,2435.054443359375,460000,0.0,0.0
2007-01-25 00:00:00+09:00,2456.2745914403295,2456.2745914403295,2399.686551896708,2412.065185546875,348000,0.0,0.0
2007-01-26 00:00:00+09:00,2369.624073371302,2436.8223679892944,2350.1719354555676,2420.906982421875,561600,0.0,0.0
2007-01-29 00:00:00+09:00,2443.896424478233,2472.190449653089,2413.8340227299477,2465.116943359375,404800,0.0,0.0
2007-01-30 00:00:00+09:00,2475.7264914772727,2488.1051239346593,2415.6017052556817,2431.51708984375,475200,0.0,0.0
2007-01-31 00:00:00+09:00,2429.749267578125,2468.6535498828694,2417.3706322993426,2429.749267578125,386000,0.0,0.0
2007-02-01 00:00:00+09:00,2417.3698945993483,2420.9066464568455,2369.623744523136,2383.770751953125,528400,0.0,0.0
2007-02-02 00:00:00+09:00,2369.6239043445125,2417.370057641006,2364.3187762004573,2392.61279296875,467600,0.0,0.0
2007-02-05 00:00:00+09:00,2369.6247458566486,2369.6247458566486,2313.036692224251,2330.720458984375,522000,0.0,0.0
2007-02-06 00:00:00+09:00,2334.256921340304,2359.014191718156,2320.1099096958174,2325.4150390625,294800,0.0,0.0
2007-02-07 00:00:00+09:00,2318.341451417902,2334.2568389562402,2267.058536016591,2288.279052734375,605600,0.0,0.0
2007-02-08 00:00:00+09:00,2286.5103930051796,2288.2787691791978,2238.7642363066957,2256.447998046875,568400,0.0,0.0
2007-02-09 00:00:00+09:00,2256.448714205316,2290.0478721754575,2251.143583999504,2282.974365234375,618800,0.0,0.0
2007-02-13 00:00:00+09:00,2281.205191125073,2311.267585116643,2268.8265583050143,2284.741943359375,400800,0.0,0.0
2007-02-14 00:00:00+09:00,2334.256742294521,2346.6353765339613,2309.4994738156392,2323.646484375,570000,0.0,0.0
2007-02-15 00:00:00+09:00,2359.0140690254175,2359.0140690254175,2275.900379936816,2302.426025390625,459600,0.0,0.0
2007-02-16 00:00:00+09:00,2281.2057844772994,2281.2057844772994,2258.216888974815,2268.8271484375,352400,0.0,0.0
2007-02-19 00:00:00+09:00,2270.5952235159266,2304.1943740196666,2265.2900944890202,2290.04736328125,326800,0.0,0.0
2007-02-20 00:00:00+09:00,2281.20535068909,2309.499370542598,2268.8267170031804,2293.583984375,398000,0.0,0.0
2007-02-21 00:00:00+09:00,2293.58403132512,2320.1096754807695,2275.9002685546875,2298.88916015625,427600,0.0,0.0
2007-02-22 00:00:00+09:00,2383.77168818561,2399.687077795158,2359.014415459647,2397.918701171875,846400,0.0,0.0
2007-02-23 00:00:00+09:00,2433.285656625973,2516.3993382113076,2413.8335183825966,2498.715576171875,1452400,0.0,0.0
2007-02-26 00:00:00+09:00,2535.8513230415238,2604.8179908229877,2527.009442556721,2581.8291015625,1288400,0.0,0.0
2007-02-27 00:00:00+09:00,2580.0616591096855,2580.0616591096855,2477.495808370575,2491.642822265625,1010000,0.0,0.0
2007-02-28 00:00:00+09:00,2279.4369678665116,2426.2121954327804,2277.668591630774,2412.065185546875,1084000,0.0,0.0
2007-03-01 00:00:00+09:00,2422.6751266700635,2482.799910835598,2394.381110592165,2440.35888671875,1010800,0.0,0.0
2007-03-02 00:00:00+09:00,2422.675004767243,2422.675004767243,2355.47671996348,2390.84423828125,604400,0.0,0.0
2007-03-05 00:00:00+09:00,2336.025158882141,2351.9405460357666,2247.6063413619995,2263.521728515625,674000,0.0,0.0
2007-03-06 00:00:00+09:00,2263.5216807367615,2330.719980633634,2261.7533044236857,2304.1943359375,845200,0.0,0.0
2007-03-07 00:00:00+09:00,2376.698430332569,2383.7719375657016,2309.5001116178087,2313.036865234375,696400,0.0,0.0
2007-03-08 00:00:00+09:00,2286.5107903562803,2357.245849609375,2274.132154986989,2357.245849609375,696800,0.0,0.0
2007-03-09 00:00:00+09:00,2385.539271018043,2426.211919819685,2376.697390843773,2399.686279296875,1846400,0.0,0.0
2007-03-12 00:00:00+09:00,2420.9070854635797,2429.7489667107075,2389.07631297392,2404.99169921875,443200,0.0,0.0
2007-03-13 00:00:00+09:00,2429.7496354166665,2429.7496354166665,2380.2350868055555,2387.30859375,458400,0.0,0.0
2007-03-14 00:00:00+09:00,2316.5730084157817,2327.1832664695944,2274.1319762005305,2290.04736328125,637200,0.0,0.0
2007-03-15 00:00:00+09:00,2357.245671269414,2374.9294347448035,2339.5619077940246,2355.477294921875,508400,0.0,0.0
2007-03-16 00:00:00+09:00,2327.1832280074827,2355.477249016692,2275.9003149282903,2304.1943359375,675200,0.0,0.0
2007-03-19 00:00:00+09:00,2316.5728860423305,2360.7822922645123,2304.1942523001194,2359.013916015625,360400,0.0,0.0
2007-03-20 00:00:00+09:00,2394.3812459160627,2415.6017591738123,2376.6974848679383,2410.296630859375,460400,0.0,0.0
2007-03-22 00:00:00+09:00,2445.664702371834,2456.2749613842934,2427.9809373510693,2435.054443359375,358800,0.0,0.0
2007-03-23 00:00:00+09:00,2450.969519981971,2456.274648813101,2406.7601130558896,2436.822509765625,372800,0.0,0.0
2007-03-26 00:00:00+09:00,2440.359606014785,2466.88525390625,2440.359606014785,2466.88525390625,324800,0.0,0.0
2007-03-27 00:00:00+09:00,2440.1680521837825,2523.881846674759,2431.2623293655934,2470.447509765625,632400,25.0,0.0
2007-03-28 00:00:00+09:00,2470.4469309563187,2479.3526516879565,2418.7937507128195,2440.16748046875,470400,0.0,0.0
2007-03-29 00:00:00+09:00,2404.5455265323203,2463.323306069777,2377.8283540152947,2443.730712890625,384400,0.0,0.0
2007-03-30 00:00:00+09:00,2443.729882670764,2456.197892276227,2393.8578442489115,2454.416748046875,524800,0.0,0.0
2007-04-02 00:00:00+09:00,2465.1042531483213,2479.3534106809702,2376.0470185692634,2386.73388671875,647200,0.0,0.0
2007-04-03 00:00:00+09:00,2417.0136779295453,2449.0742867745944,2408.107953250365,2441.94970703125,617200,0.0,0.0
2007-04-04 00:00:00+09:00,2470.4476534808528,2486.477955486136,2443.7304834720476,2481.134521484375,555600,0.0,0.0
2007-04-05 00:00:00+09:00,2488.2590435847246,2514.9762129861356,2466.8853080635963,2513.195068359375,687200,0.0,0.0
2007-04-06 00:00:00+09:00,2514.97580447858,2555.9421242399167,2493.602072429187,2531.006103515625,569600,0.0,0.0
2007-04-09 00:00:00+09:00,2552.3798279179505,2637.874755859375,2548.817539253724,2637.874755859375,1034000,0.0,0.0
2007-04-10 00:00:00+09:00,2618.282794965219,2653.905690134814,2605.814781655861,2648.562255859375,681200,0.0,0.0
2007-04-11 00:00:00+09:00,2643.218527812074,2643.218527812074,2579.0973236333443,2614.72021484375,991200,0.0,0.0
2007-04-12 00:00:00+09:00,2586.221973120964,2632.531732970237,2586.221973120964,2620.063720703125,424800,0.0,0.0
2007-04-13 00:00:00+09:00,2634.3127476960713,2636.0938922178398,2561.2858223035496,2568.410400390625,496400,0.0,0.0
2007-04-16 00:00:00+09:00,2568.4099852670847,2604.0328699448532,2568.4099852670847,2573.75341796875,458400,0.0,0.0
2007-04-17 00:00:00+09:00,2609.3770750252984,2625.407377875283,2547.0370083864686,2557.723876953125,500800,0.0,0.0
2007-04-18 00:00:00+09:00,2563.0668742281464,2605.814341206239,2561.285729770726,2591.565185546875,371200,0.0,0.0
2007-04-19 00:00:00+09:00,2557.723268577366,2582.659289301658,2497.164361104086,2531.006103515625,525600,0.0,0.0
2007-04-20 00:00:00+09:00,2547.035697523014,2557.7225605895437,2513.193964479002,2527.443115234375,358400,0.0,0.0
2007-04-23 00:00:00+09:00,2570.19176542808,2600.4712248960477,2563.0671867297347,2596.908935546875,802800,0.0,0.0
2007-04-24 00:00:00+09:00,2577.316469325329,2589.7844826530945,2527.444416014265,2557.723876953125,710800,0.0,0.0
2007-04-25 00:00:00+09:00,2575.5345622026384,2593.3460045415227,2563.06655256542,2573.75341796875,661600,0.0,0.0
2007-04-26 00:00:00+09:00,2595.127742213288,2595.127742213288,2522.1008119245134,2563.067138671875,570400,0.0,0.0
2007-04-27 00:00:00+09:00,2573.753556439091,2591.564999736247,2555.9421131419344,2571.972412109375,786000,0.0,0.0
2007-05-01 00:00:00+09:00,2579.0976267587507,2598.6902192272223,2550.5993104409745,2595.1279296875,533600,0.0,0.0
2007-05-02 00:00:00+09:00,2596.9086520883516,2598.689796568522,2547.036606643582,2588.0029296875,333200,0.0,0.0
2007-05-07 00:00:00+09:00,2646.78076171875,2657.4676288589335,2639.6561836252945,2646.78076171875,545600,0.0,0.0
2007-05-08 00:00:00+09:00,2723.3694497630636,2732.275170658299,2700.2145754354506,2716.244873046875,1026800,0.0,0.0
2007-05-09 00:00:00+09:00,2634.312456333891,2685.9656417522024,2625.406734710044,2678.841064453125,702000,0.0,0.0
2007-05-10 00:00:00+09:00,2892.5783263530925,2944.231510752255,2848.0497191124355,2937.10693359375,2664000,0.0,0.0
2007-05-11 00:00:00+09:00,2840.925808989863,2919.2961761344113,2840.925808989863,2915.73388671875,1220000,0.0,0.0
2007-05-14 00:00:00+09:00,2935.326435096154,2946.0133031850964,2887.2355286959137,2894.360107421875,789600,0.0,0.0
2007-05-15 00:00:00+09:00,2814.2084801204696,2821.3330585511544,2773.2421541440326,2776.804443359375,702000,0.0,0.0
2007-05-16 00:00:00+09:00,2796.396676551185,2828.457275390625,2791.053243411278,2828.457275390625,655600,0.0,0.0
2007-05-17 00:00:00+09:00,2849.831007950252,2876.5481736497854,2808.864687210967,2828.457275390625,564800,0.0,0.0
2007-05-18 00:00:00+09:00,2899.702489210851,2906.8270653514182,2871.204184648582,2889.015625,1215600,0.0,0.0
2007-05-21 00:00:00+09:00,2867.6424278156555,2931.7636249593597,2867.6424278156555,2910.389892578125,762000,0.0,0.0
2007-05-22 00:00:00+09:00,2928.2011380798776,2997.665763618269,2912.1708398787105,2985.19775390625,986800,0.0,0.0
2007-05-23 00:00:00+09:00,2958.480851433076,2974.5111510495103,2937.1071186111635,2956.69970703125,1184400,0.0,0.0
2007-05-24 00:00:00+09:00,2938.8879800202985,2983.416585778182,2922.8576819474606,2947.793701171875,776000,0.0,0.0
2007-05-25 00:00:00+09:00,2929.9828821110755,2946.01318359375,2928.2017375018895,2946.01318359375,465200,0.0,0.0
2007-05-28 00:00:00+09:00,3001.228587796903,3010.1343106093564,2988.7605758594677,3006.572021484375,450000,0.0,0.0
2007-05-29 00:00:00+09:00,2995.885637037106,3010.134795833953,2985.1987679394706,2994.1044921875,551600,0.0,0.0
2007-05-30 00:00:00+09:00,2992.323216852152,3022.602677975061,2983.417492992473,3020.821533203125,675200,0.0,0.0
2007-05-31 00:00:00+09:00,3088.5049589664563,3108.0975509783543,3074.2558011396213,3106.31640625,824800,0.0,0.0
2007-06-01 00:00:00+09:00,3177.5623193386914,3195.373767317047,3145.5017129776506,3157.9697265625,637600,0.0,0.0
2007-06-04 00:00:00+09:00,3232.776920986333,3252.3695083862503,3223.8711994409164,3225.65234375,740400,0.0,0.0
2007-06-05 00:00:00+09:00,3190.028965444628,3214.964981924932,3188.2478214103207,3213.183837890625,529200,0.0,0.0
2007-06-06 00:00:00+09:00,3248.807866261606,3271.9627468873737,3248.807866261606,3261.27587890625,578800,0.0,0.0
2007-06-07 00:00:00+09:00,3207.841207309814,3286.211564401225,3206.0600628304637,3284.430419921875,701600,0.0,0.0
2007-06-08 00:00:00+09:00,3125.9082129921153,3125.9082129921153,3052.8812974749203,3084.94189453125,2833200,0.0,0.0
2007-06-11 00:00:00+09:00,3113.440316877694,3117.0026055697736,3093.8477290712553,3099.191162109375,1286400,0.0,0.0
2007-06-12 00:00:00+09:00,3084.942000189339,3115.2214540018213,3072.4739897959644,3086.72314453125,656800,0.0,0.0
2007-06-13 00:00:00+09:00,3090.285738104312,3125.9086284570994,3063.568570339721,3067.130859375,948000,0.0,0.0
2007-06-14 00:00:00+09:00,3117.003035096017,3140.1579147853013,3115.2218905045333,3118.7841796875,531600,0.0,0.0
2007-06-15 00:00:00+09:00,3143.719832181661,3157.9689872283766,3129.4706771349447,3145.5009765625,458000,0.0,0.0
2007-06-18 00:00:00+09:00,3206.060302734375,3222.090604248047,3202.4980135091146,3206.060302734375,700400,0.0,0.0
2007-06-19 00:00:00+09:00,3343.2082188206823,3368.144241763405,3337.864785332956,3346.7705078125,2220000,0.0,0.0
2007-06-20 00:00:00+09:00,3368.1447795067998,3394.8619512109785,3361.0202003856853,3380.61279296875,1301600,0.0,0.0
2007-06-21 00:00:00+09:00,3480.356174929556,3519.5413519246686,3478.575030520687,3496.386474609375,1198400,0.0,0.0
2007-06-22 00:00:00+09:00,3526.6659955653495,3556.94545108283,3507.0734067010976,3555.164306640625,1174400,0.0,0.0
2007-06-25 00:00:00+09:00,3505.2930326232754,3528.4479154607257,3475.0135704512245,3485.700439453125,746000,0.0,0.0
2007-06-26 00:00:00+09:00,3515.9785069367217,3528.4465158265684,3496.3859215383914,3503.510498046875,712800,0.0,0.0
2007-06-27 00:00:00+09:00,3544.4789273621604,3560.5092340688234,3471.451974587362,3476.79541015625,921200,0.0,0.0
2007-06-28 00:00:00+09:00,3444.733791169106,3473.232105884052,3435.8280678206856,3467.888671875,594000,0.0,0.0
2007-06-29 00:00:00+09:00,3501.7296150711973,3501.7296150711973,3466.106729872101,3475.012451171875,538800,0.0,0.0
2007-07-02 00:00:00+09:00,3517.7599646657554,3633.534343249692,3498.167377520782,3615.722900390625,837600,0.0,0.0
2007-07-03 00:00:00+09:00,3633.5343866895264,3678.0629943695453,3556.945181479894,3571.1943359375,622400,0.0,0.0
2007-07-04 00:00:00+09:00,3571.1948140212303,3642.44059584709,3571.1948140212303,3624.629150390625,405200,0.0,0.0
2007-07-05 00:00:00+09:00,3704.7796192354367,3722.5910597125303,3669.15673828125,3669.15673828125,574800,0.0,0.0
2007-07-06 00:00:00+09:00,3678.063152823715,3686.968874743385,3606.817377466355,3660.251708984375,388800,0.0,0.0
2007-07-09 00:00:00+09:00,3740.4029141939604,3793.8372415395884,3686.9685868483325,3704.780029296875,638400,0.0,0.0
2007-07-10 00:00:00+09:00,3722.590862265066,3767.119461095988,3704.779422732697,3731.49658203125,308800,0.0,0.0
2007-07-11 00:00:00+09:00,3678.06298828125,3713.685874366299,3678.06298828125,3678.06298828125,418400,0.0,0.0
2007-07-12 00:00:00+09:00,3722.5915600585936,3731.4972814941407,3549.8205642089843,3562.28857421875,685600,0.0,0.0
2007-07-13 00:00:00+09:00,3793.8374058314735,3820.5545706612725,3713.685911342076,3740.403076171875,1267600,0.0,0.0
2007-07-17 00:00:00+09:00,3758.2154080372934,3776.02685546875,3749.3096843215653,3776.02685546875,374800,0.0,0.0
2007-07-18 00:00:00+09:00,3749.3089281810753,3767.1203720204153,3642.440265145035,3660.251708984375,570000,0.0,0.0
2007-07-19 00:00:00+09:00,3669.15714439979,3704.780029296875,3660.2514231755185,3704.780029296875,393600,0.0,0.0
2007-07-20 00:00:00+09:00,3758.215190418359,3856.1781456188373,3758.215190418359,3838.36669921875,792000,0.0,0.0
2007-07-23 00:00:00+09:00,3767.1197526958626,3793.8369140625,3767.1197526958626,3793.8369140625,385200,0.0,0.0
2007-07-24 00:00:00+09:00,3731.497354561942,3740.403076171875,3713.685911342076,3740.403076171875,280400,0.0,0.0
2007-07-25 00:00:00+09:00,3633.534543225365,3695.874596663055,3633.534543225365,3660.251708984375,432800,0.0,0.0
2007-07-26 00:00:00+09:00,3624.629200190454,3642.4406458916355,3571.194863086909,3580.1005859375,326800,0.0,0.0
2007-07-27 00:00:00+09:00,3539.13375965097,3549.8206255583204,3464.3256982995154,3489.26171875,970400,0.0,0.0
2007-07-30 00:00:00+09:00,3435.827368590243,3571.1943359375,3435.827368590243,3571.1943359375,702000,0.0,0.0
2007-07-31 00:00:00+09:00,3555.163279656425,3555.163279656425,3476.7929468383477,3492.8232421875,796400,0.0,0.0
2007-08-01 00:00:00+09:00,3469.6695368889436,3526.6661617249015,3385.9557441611305,3393.080322265625,844800,0.0,0.0
2007-08-02 00:00:00+09:00,3475.012193683859,3489.261346707678,3257.712610070619,3355.675537109375,1220400,0.0,0.0
2007-08-03 00:00:00+09:00,3248.807256398971,3323.6153182239473,3248.807256398971,3287.992431640625,936400,0.0,0.0
2007-08-06 00:00:00+09:00,3156.1881002911746,3444.733513523212,3133.0332214515665,3393.080322265625,1505600,0.0,0.0
2007-08-07 00:00:00+09:00,3597.912104038593,3597.912104038593,3252.370050482411,3259.49462890625,1496400,0.0,0.0
2007-08-08 00:00:00+09:00,3131.25253026159,3165.094281157478,3081.380476309756,3083.16162109375,1438000,0.0,0.0
2007-08-09 00:00:00+09:00,2935.3258088235293,3060.005909926471,2908.6086443014706,3027.9453125,2406800,0.0,0.0
2007-08-10 00:00:00+09:00,2876.5485218527792,3010.1343665208647,2828.4576177722683,2974.511474609375,2009200,0.0,0.0
2007-08-13 00:00:00+09:00,3125.909095909608,3134.8148198295785,3065.3501732538093,3083.16162109375,1542000,0.0,0.0
2007-08-14 00:00:00+09:00,3093.848464415561,3117.0033464175194,3088.5050301074166,3111.659912109375,960400,0.0,0.0
2007-08-15 00:00:00+09:00,3051.100562175445,3051.100562175445,2994.1039375463647,3001.228515625,556000,0.0,0.0
2007-08-16 00:00:00+09:00,2840.9255655674847,2915.733636886503,2815.9895417944786,2903.265625,672400,0.0,0.0
2007-08-17 00:00:00+09:00,2840.925610591926,2840.925610591926,2511.4138626549316,2532.78759765625,1380400,0.0,0.0
2007-08-20 00:00:00+09:00,2671.7169076125247,2764.3364270764255,2662.81118458715,2685.966064453125,871200,0.0,0.0
2007-08-21 00:00:00+09:00,2757.211140660442,2778.5848704330037,2718.0259694107463,2748.305419921875,811600,0.0,0.0
2007-08-22 00:00:00+09:00,2773.2414379898637,2783.9283028761442,2725.1505460016,2748.305419921875,531600,0.0,0.0
2007-08-23 00:00:00+09:00,2892.578867855235,2929.98290493957,2876.5485662476626,2917.514892578125,829200,0.0,0.0
2007-08-24 00:00:00+09:00,2953.137785039396,2953.137785039396,2878.3297108707266,2917.514892578125,670400,0.0,0.0
2007-08-27 00:00:00+09:00,2953.136995324766,2969.1672926455876,2922.8575448298798,2949.57470703125,604000,0.0,0.0
2007-08-28 00:00:00+09:00,2946.0131337203743,2960.2622903526376,2889.0165071913225,2912.17138671875,343200,0.0,0.0
2007-08-29 00:00:00+09:00,2783.9291135392095,2832.02001953125,2783.9291135392095,2832.02001953125,416400,0.0,0.0
2007-08-30 00:00:00+09:00,2946.012702661706,2963.824145845876,2926.420115159119,2958.480712890625,877200,0.0,0.0
2007-08-31 00:00:00+09:00,3031.5080403645834,3086.7235217108246,3029.726895805027,3072.474365234375,966000,0.0,0.0
2007-09-03 00:00:00+09:00,3086.7228354551216,3143.719448689146,3045.756519693167,3093.847412109375,561200,0.0,0.0
2007-09-04 00:00:00+09:00,3049.319276857206,3081.379876730705,2988.760365985042,3003.009521484375,641600,0.0,0.0
2007-09-05 00:00:00+09:00,3013.6964779005525,3051.100512200737,2894.35979703806,2901.484375,797200,0.0,0.0
2007-09-06 00:00:00+09:00,2853.3932728948325,2910.389892578125,2785.7097870209222,2910.389892578125,778400,0.0,0.0
2007-09-07 00:00:00+09:00,2890.797376098633,2894.359664916992,2824.8950329589843,2849.8310546875,649600,0.0,0.0
2007-09-10 00:00:00+09:00,2689.5284926851773,2732.2759654165975,2641.43758586233,2684.18505859375,778800,0.0,0.0
2007-09-11 00:00:00+09:00,2732.276004205936,2757.2120303199404,2625.4073208602017,2693.0908203125,860800,0.0,0.0
2007-09-12 00:00:00+09:00,2698.433992627641,2755.4306182144956,2637.875077941608,2655.6865234375,939200,0.0,0.0
2007-09-13 00:00:00+09:00,2718.026386912769,2732.275542283216,2680.6223540653455,2689.528076171875,658000,0.0,0.0
2007-09-14 00:00:00+09:00,2696.652898329412,2775.023259971746,2693.0906091638512,2767.898681640625,1593200,0.0,0.0
2007-09-18 00:00:00+09:00,2767.898055039188,2787.490641014369,2730.4940272683884,2769.67919921875,609200,0.0,0.0
2007-09-19 00:00:00+09:00,2874.7662918118717,2922.857177734375,2871.20400396576,2922.857177734375,604000,0.0,0.0
2007-09-20 00:00:00+09:00,2899.702938988095,2903.2652276109307,2860.5177641369046,2880.1103515625,758400,0.0,0.0
2007-09-21 00:00:00+09:00,2821.332421875,2938.887939453125,2819.551277669271,2938.887939453125,983200,0.0,0.0
2007-09-25 00:00:00+09:00,2890.622063194256,2894.1973533157084,2833.417421251018,2881.683837890625,935600,15.0,0.0
2007-09-26 00:00:00+09:00,2883.4709904895453,2942.4632674183454,2872.745121957036,2928.162109375,713600,0.0,0.0
2007-09-27 00:00:00+09:00,2994.305285738822,3012.1817352059193,2940.6759373375294,3008.6064453125,644400,0.0,0.0
2007-09-28 00:00:00+09:00,3037.2086050538855,3064.023277847181,2990.729838878841,2996.0927734375,828400,0.0,0.0
2007-10-01 00:00:00+09:00,2997.8809478211547,3017.5450446762725,2954.977463773625,2985.367431640625,351600,0.0,0.0
2007-10-02 00:00:00+09:00,3038.9960378970736,3047.9342615379474,3015.756656430802,3031.845458984375,521600,0.0,0.0
2007-10-03 00:00:00+09:00,3033.633748491862,3064.0237153300245,3012.1820071943357,3044.359619140625,426800,0.0,0.0
2007-10-04 00:00:00+09:00,3021.119873046875,3047.934546476285,3006.818713884523,3021.119873046875,606800,0.0,0.0
2007-10-05 00:00:00+09:00,3021.1202663845484,3051.5102335611978,3013.969685872396,3024.695556640625,405600,0.0,0.0
2007-10-09 00:00:00+09:00,3038.9957186768147,3089.0497658079626,3038.9957186768147,3053.296875,403200,0.0,0.0
2007-10-10 00:00:00+09:00,3065.811224647045,3085.4753199654806,3040.7841942417626,3058.66064453125,402000,0.0,0.0
2007-10-11 00:00:00+09:00,3042.571552470142,3182.0078515845194,3033.633328167938,3171.281982421875,845600,0.0,0.0
2007-10-12 00:00:00+09:00,3165.9196557998657,3203.460205078125,3165.9196557998657,3203.460205078125,900800,0.0,0.0
2007-10-15 00:00:00+09:00,3219.5490119116644,3264.2401420048304,3182.008462633405,3203.460205078125,427600,0.0,0.0
2007-10-16 00:00:00+09:00,3195.9319693910006,3195.9319693910006,3165.91943359375,3165.91943359375,501600,0.0,0.0
2007-10-17 00:00:00+09:00,3074.3058606851787,3074.3058606851787,3072.9609375,3072.9609375,1003200,0.0,0.0
2007-10-18 00:00:00+09:00,3060.448001074549,3190.946075886723,3040.783907609701,3171.281982421875,489200,0.0,0.0
2007-10-19 00:00:00+09:00,3092.626309829331,3092.626309829331,3080.11279296875,3080.11279296875,468000,0.0,0.0
2007-10-22 00:00:00+09:00,2895.9847607658903,2965.702912413958,2879.895956539413,2946.038818359375,681200,0.0,0.0
2007-10-23 00:00:00+09:00,2946.0391505751063,2946.0391505751063,2933.525634765625,2933.525634765625,385200,0.0,0.0
2007-10-24 00:00:00+09:00,2954.9770510822864,2954.9770510822864,2899.56005859375,2899.56005859375,506400,0.0,0.0
2007-10-25 00:00:00+09:00,2899.5606538113593,2899.5606538113593,2840.568359375,2840.568359375,557600,0.0,0.0
2007-10-26 00:00:00+09:00,2829.841774430552,2858.444091796875,2829.841774430552,2858.444091796875,405600,0.0,0.0
2007-10-29 00:00:00+09:00,2904.922922912933,2951.4016896795397,2903.135278037294,2929.949951171875,314400,0.0,0.0
2007-10-30 00:00:00+09:00,2904.9228679878634,2922.79931640625,2904.9228679878634,2922.79931640625,492800,0.0,0.0
2007-10-31 00:00:00+09:00,2897.7724219300694,2899.560066854147,2822.6913351188027,2853.081298828125,536800,0.0,0.0
2007-11-01 00:00:00+09:00,2853.082016844653,2908.4990234375,2853.082016844653,2908.4990234375,424000,0.0,0.0
2007-11-02 00:00:00+09:00,2824.508049828769,2835.20458984375,2824.508049828769,2835.20458984375,536800,0.0,0.0
2007-11-05 00:00:00+09:00,2836.992797134907,2836.992797134907,2735.0970255931998,2740.4599609375,412000,0.0,0.0
2007-11-06 00:00:00+09:00,2740.4596858153814,2740.4596858153814,2704.706787109375,2704.706787109375,541600,0.0,0.0
2007-11-07 00:00:00+09:00,2584.93484830956,2584.93484830956,2565.270751953125,2565.270751953125,1281200,0.0,0.0
2007-11-08 00:00:00+09:00,2572.4207746857783,2595.66015625,2572.4207746857783,2595.66015625,970000,0.0,0.0
2007-11-09 00:00:00+09:00,2593.87271195945,2593.87271195945,2384.71826171875,2384.71826171875,2422000,0.0,0.0
2007-11-12 00:00:00+09:00,2384.7183415230443,2384.7183415230443,2307.849609375,2307.849609375,1446400,0.0,0.0
2007-11-13 00:00:00+09:00,2307.8494169983683,2307.8494169983683,2259.5830078125,2259.5830078125,1073600,0.0,0.0
2007-11-14 00:00:00+09:00,2259.583396825769,2382.930908203125,2259.583396825769,2382.930908203125,699200,0.0,0.0
2007-11-15 00:00:00+09:00,2382.930648192437,2382.930648192437,2365.05419921875,2365.05419921875,506000,0.0,0.0
2007-11-16 00:00:00+09:00,2365.054400309056,2365.054400309056,2311.425048828125,2311.425048828125,537200,0.0,0.0
2007-11-19 00:00:00+09:00,2311.4248015142666,2311.4248015142666,2200.5908203125,2200.5908203125,577600,0.0,0.0
2007-11-20 00:00:00+09:00,2200.5914941965657,2200.5914941965657,2184.502685546875,2184.502685546875,1171200,0.0,0.0
2007-11-21 00:00:00+09:00,2186.2905148940554,2186.2905148940554,2068.305908203125,2068.305908203125,1095600,0.0,0.0
2007-11-22 00:00:00+09:00,2068.3050259148404,2068.3050259148404,2064.729736328125,2064.729736328125,989200,0.0,0.0
2007-11-26 00:00:00+09:00,2066.5174032182836,2077.243272093119,2009.3127692191615,2036.12744140625,1091600,0.0,0.0
2007-11-27 00:00:00+09:00,2041.490354014475,2064.729736328125,2041.490354014475,2064.729736328125,1013600,0.0,0.0
2007-11-28 00:00:00+09:00,2050.429016542351,2050.429016542351,2021.8266937309493,2034.3402099609375,497200,0.0,0.0
2007-11-29 00:00:00+09:00,2034.3403158227436,2154.112548828125,2034.3403158227436,2154.112548828125,915600,0.0,0.0
2007-11-30 00:00:00+09:00,2154.112302192352,2273.884521484375,2154.112302192352,2273.884521484375,1165600,0.0,0.0
2007-12-03 00:00:00+09:00,2273.884637397418,2273.884637397418,2232.768798828125,2232.768798828125,951200,0.0,0.0
2007-12-04 00:00:00+09:00,2232.769138714157,2232.769138714157,2146.962158203125,2146.962158203125,837600,0.0,0.0
2007-12-05 00:00:00+09:00,2145.174069748711,2145.174069748711,2080.81884765625,2080.81884765625,1003600,0.0,0.0
2007-12-06 00:00:00+09:00,2087.789579373687,2155.89990234375,2087.789579373687,2155.89990234375,485600,0.0,0.0
2007-12-07 00:00:00+09:00,2155.8999776785713,2189.865234375,2155.8999776785713,2189.865234375,583600,0.0,0.0
2007-12-10 00:00:00+09:00,2197.0157954673705,2227.40576171875,2197.0157954673705,2227.40576171875,790000,0.0,0.0
2007-12-11 00:00:00+09:00,2273.884521484375,2273.884521484375,2273.884521484375,2273.884521484375,666800,0.0,0.0
2007-12-12 00:00:00+09:00,2214.8916029134757,2261.370361328125,2214.8916029134757,2261.370361328125,806400,0.0,0.0
2007-12-13 00:00:00+09:00,2261.371753285232,2261.371753285232,2209.530029296875,2209.530029296875,610400,0.0,0.0
2007-12-14 00:00:00+09:00,2281.035054221082,2281.035054221082,2275.672119140625,2275.672119140625,1905200,0.0,0.0
2007-12-17 00:00:00+09:00,2268.521186944797,2268.521186944797,2112.99609375,2112.99609375,1138000,0.0,0.0
2007-12-18 00:00:00+09:00,2077.243299627505,2159.474962091245,2057.5792064296547,2118.359130859375,817200,0.0,0.0
2007-12-19 00:00:00+09:00,2161.2626953125,2161.2626953125,2105.845703125,2105.845703125,556000,0.0,0.0
2007-12-20 00:00:00+09:00,2105.846071019666,2105.846071019666,2073.66845703125,2073.66845703125,444000,0.0,0.0
2007-12-21 00:00:00+09:00,2104.058375716309,2139.811279296875,2104.058375716309,2139.811279296875,630400,0.0,0.0
2007-12-25 00:00:00+09:00,2216.67965627498,2236.34375,2216.67965627498,2236.34375,385600,0.0,0.0
2007-12-26 00:00:00+09:00,2256.0080310421554,2284.6103515625,2241.7068707819835,2284.6103515625,280400,0.0,0.0
2007-12-27 00:00:00+09:00,2284.6105503318586,2284.6105503318586,2222.04296875,2222.04296875,440000,0.0,0.0
2007-12-28 00:00:00+09:00,2155.9002417884394,2175.5643401795446,2136.236143397334,2152.324951171875,363600,0.0,0.0
2008-01-04 00:00:00+09:00,2039.7028414818549,2039.7028414818549,1946.7453061995968,1995.01171875,793200,0.0,0.0
2008-01-07 00:00:00+09:00,1995.011487245119,1995.011487245119,1934.2315673828125,1934.2315673828125,925200,0.0,0.0
2008-01-08 00:00:00+09:00,1934.231915212506,1934.231915212506,1852.000244140625,1852.000244140625,1187600,0.0,0.0
2008-01-09 00:00:00+09:00,1852.000244140625,1852.000244140625,1852.000244140625,1852.000244140625,1114400,0.0,0.0
2008-01-10 00:00:00+09:00,1851.9999385380245,1851.9999385380245,1789.432373046875,1789.432373046875,864000,0.0,0.0
2008-01-11 00:00:00+09:00,1771.5559485164688,1771.5559485164688,1737.5906982421875,1737.5906982421875,1410800,0.0,0.0
2008-01-15 00:00:00+09:00,1737.5905874151933,1737.5905874151933,1630.3319091796875,1630.3319091796875,1049600,0.0,0.0
2008-01-16 00:00:00+09:00,1558.826641354288,1607.0930625888818,1532.011962890625,1532.011962890625,1404400,0.0,0.0
2008-01-17 00:00:00+09:00,1532.0114993496834,1605.304931640625,1532.0114993496834,1605.304931640625,1519200,0.0,0.0
2008-01-18 00:00:00+09:00,1605.3050293495482,1657.146728515625,1605.3050293495482,1657.146728515625,1098000,0.0,0.0
2008-01-21 00:00:00+09:00,1657.14697521121,1657.14697521121,1537.374755859375,1537.374755859375,994400,0.0,0.0
2008-01-22 00:00:00+09:00,1537.3748388431343,1537.3748388431343,1451.56787109375,1451.56787109375,1159600,0.0,0.0
2008-01-23 00:00:00+09:00,1462.2935243504992,1510.5599365234375,1462.2935243504992,1510.5599365234375,1196000,0.0,0.0
2008-01-24 00:00:00+09:00,1510.5603013566063,1583.853759765625,1510.5603013566063,1583.853759765625,1114000,0.0,0.0
2008-01-25 00:00:00+09:00,1583.853344647892,1664.29736328125,1583.853344647892,1664.29736328125,1122000,0.0,0.0
2008-01-28 00:00:00+09:00,1646.4210327996147,1646.4210327996147,1544.5252685546875,1544.5252685546875,1121600,0.0,0.0
2008-01-29 00:00:00+09:00,1544.5249130988436,1623.1812744140625,1544.5249130988436,1623.1812744140625,843600,0.0,0.0
2008-01-30 00:00:00+09:00,1623.1815696221338,1623.1815696221338,1598.154541015625,1598.154541015625,634400,0.0,0.0
2008-01-31 00:00:00+09:00,1630.3320084185707,1682.1737060546875,1630.3320084185707,1682.1737060546875,744800,0.0,0.0
2008-02-01 00:00:00+09:00,1682.173983141171,1682.173983141171,1662.5098876953125,1662.5098876953125,650400,0.0,0.0
2008-02-04 00:00:00+09:00,1716.1392585844862,1809.0968017578125,1716.1392585844862,1809.0968017578125,1608000,0.0,0.0
2008-02-05 00:00:00+09:00,1810.8840918362923,1810.8840918362923,1771.555908203125,1771.555908203125,1192800,0.0,0.0
2008-02-06 00:00:00+09:00,1771.555917027485,1771.555917027485,1632.11962890625,1632.11962890625,1194000,0.0,0.0
2008-02-07 00:00:00+09:00,1632.6802438655102,1639.270263671875,1632.6802438655102,1639.270263671875,926400,0.0,0.0
2008-02-08 00:00:00+09:00,1639.2704610685023,1639.2704610685023,1465.868896484375,1465.868896484375,2610000,0.0,0.0
2008-02-12 00:00:00+09:00,1465.8688295234754,1473.0194091796875,1465.8688295234754,1473.0194091796875,1486800,0.0,0.0
2008-02-13 00:00:00+09:00,1544.5251578928155,1544.5251578928155,1530.2239990234375,1530.2239990234375,1280800,0.0,0.0
2008-02-14 00:00:00+09:00,1567.764428980706,1617.8184814453123,1567.764428980706,1617.8184814453125,766400,0.0,0.0
2008-02-15 00:00:00+09:00,1598.1546592588682,1653.5716552734375,1596.36701422614,1653.5716552734375,716800,0.0,0.0
2008-02-18 00:00:00+09:00,1712.5641010485197,1712.5641010485197,1698.2629394531248,1698.262939453125,746000,0.0,0.0
2008-02-19 00:00:00+09:00,1685.749460150271,1751.892333984375,1685.749460150271,1751.892333984375,944800,0.0,0.0
2008-02-20 00:00:00+09:00,1744.7417375874597,1744.7417375874597,1660.7224121093752,1660.722412109375,674800,0.0,0.0
2008-02-21 00:00:00+09:00,1660.7221425121802,1800.158447265625,1660.7221425121802,1800.158447265625,1291200,0.0,0.0
2008-02-22 00:00:00+09:00,1800.1585965567704,1803.73388671875,1800.1585965567704,1803.73388671875,868000,0.0,0.0
2008-02-25 00:00:00+09:00,1796.609210378636,1860.9385986328125,1796.609210378636,1860.9385986328125,883200,0.0,0.0
2008-02-26 00:00:00+09:00,1909.2044677734375,1909.2044677734375,1909.2044677734375,1909.2044677734375,797600,0.0,0.0
2008-02-27 00:00:00+09:00,1909.2044677734375,1909.2044677734375,1909.2044677734375,1909.2044677734375,535600,0.0,0.0
2008-02-28 00:00:00+09:00,1909.2049229067716,1928.8690185546877,1909.2049229067716,1928.8690185546875,598400,0.0,0.0
2008-02-29 00:00:00+09:00,1918.1423172460363,1918.1423172460363,1825.184814453125,1825.184814453125,891600,0.0,0.0
2008-03-03 00:00:00+09:00,1825.18585736654,1825.18585736654,1703.6259765625,1703.6259765625,1060000,0.0,0.0
2008-03-04 00:00:00+09:00,1703.6259765625,1703.6259765625,1703.6259765625,1703.6259765625,962000,0.0,0.0
2008-03-05 00:00:00+09:00,1703.6258710099526,1703.6258710099526,1624.969482421875,1624.969482421875,1120000,0.0,0.0
2008-03-06 00:00:00+09:00,1624.9690707659402,1728.6524658203125,1624.9690707659402,1728.6524658203125,995600,0.0,0.0
2008-03-07 00:00:00+09:00,1728.6529499635858,1728.6529499635858,1687.5371093749998,1687.537109375,1068000,0.0,0.0
2008-03-10 00:00:00+09:00,1687.5365873816816,1687.5365873816816,1605.304931640625,1605.304931640625,926000,0.0,0.0
2008-03-11 00:00:00+09:00,1605.305407019106,1725.07763671875,1605.305407019106,1725.07763671875,1354000,0.0,0.0
2008-03-12 00:00:00+09:00,1716.7110745636978,1796.5833740234375,1716.7110745636978,1796.5833740234375,1997600,0.0,0.0
2008-03-13 00:00:00+09:00,1796.5831990979382,1796.5831990979382,1734.015625,1734.015625,1135600,0.0,0.0
2008-03-14 00:00:00+09:00,1727.1662492499058,1727.1662492499058,1664.29736328125,1664.29736328125,2521600,0.0,0.0
2008-03-17 00:00:00+09:00,1664.2973872823898,1691.112060546875,1664.2973872823898,1691.112060546875,1234000,0.0,0.0
2008-03-18 00:00:00+09:00,1683.9608953627583,1708.9879150390625,1683.9608953627583,1708.9879150390625,826800,0.0,0.0
2008-03-19 00:00:00+09:00,1698.9912359611717,1791.220458984375,1698.9912359611717,1791.220458984375,707600,0.0,0.0
2008-03-21 00:00:00+09:00,1782.282199099589,1875.2397460937502,1782.282199099589,1875.23974609375,820000,0.0,0.0
2008-03-24 00:00:00+09:00,1878.4487006515835,1878.4487006515835,1866.30126953125,1866.30126953125,758800,0.0,0.0
2008-03-25 00:00:00+09:00,1912.7801804848768,1948.5330810546875,1912.7801804848768,1948.5330810546875,717200,0.0,0.0
2008-03-26 00:00:00+09:00,1949.4381288979534,1949.4381288979534,1923.250732421875,1923.250732421875,702800,27.5,0.0
2008-03-27 00:00:00+09:00,1894.356421287415,1926.862060546875,1894.356421287415,1926.862060546875,627200,0.0,0.0
2008-03-28 00:00:00+09:00,1926.8628827702405,1926.8628827702405,1919.6394042968752,1919.639404296875,790000,0.0,0.0
2008-03-31 00:00:00+09:00,1919.6391103223023,1928.66845703125,1919.6391103223023,1928.66845703125,698400,0.0,0.0
2008-04-01 00:00:00+09:00,1928.6685693545035,1928.6685693545035,1899.774658203125,1899.774658203125,589200,0.0,0.0
2008-04-02 00:00:00+09:00,1899.7742837639946,1955.7562255859375,1899.7742837639946,1955.7562255859375,1104400,0.0,0.0
2008-04-03 00:00:00+09:00,1961.1736255992544,1961.1736255992544,1906.99755859375,1906.99755859375,1417200,0.0,0.0
2008-04-04 00:00:00+09:00,1851.0153446328277,1851.0153446328277,1843.7918701171875,1843.7918701171875,804400,0.0,0.0
2008-04-07 00:00:00+09:00,1851.0161831351743,1899.774658203125,1851.0161831351743,1899.774658203125,752800,0.0,0.0
2008-04-08 00:00:00+09:00,1899.7743607525663,1899.7743607525663,1869.0745849609375,1869.0745849609375,467600,0.0,0.0
2008-04-09 00:00:00+09:00,1869.0744583041683,1874.4920654296875,1869.0744583041683,1874.4920654296875,932400,0.0,0.0
2008-04-10 00:00:00+09:00,1847.4041209287245,1847.4041209287245,1816.704345703125,1816.704345703125,776400,0.0,0.0
2008-04-11 00:00:00+09:00,1818.5106464814858,1831.1517333984375,1818.5106464814858,1831.1517333984375,1574400,0.0,0.0
2008-04-14 00:00:00+09:00,1825.7338169109566,1825.7338169109566,1771.5577392578127,1771.5577392578125,660400,0.0,0.0
2008-04-15 00:00:00+09:00,1751.6936553796957,1751.6936553796957,1742.664306640625,1742.664306640625,814400,0.0,0.0
2008-04-16 00:00:00+09:00,1742.6634811142744,1811.2864990234375,1742.6634811142744,1811.2864990234375,513200,0.0,0.0
2008-04-17 00:00:00+09:00,1899.294520272355,1926.862060546875,1899.294520272355,1926.862060546875,1143200,0.0,0.0
2008-04-18 00:00:00+09:00,1926.8627869222767,1932.2803955078127,1926.8627869222767,1932.2803955078125,519600,0.0,0.0
2008-04-21 00:00:00+09:00,1984.6505514248936,1986.4564208984377,1984.6505514248936,1986.4564208984375,704800,0.0,0.0
2008-04-22 00:00:00+09:00,1955.7565586489588,1955.7565586489588,1948.5330810546875,1948.5330810546875,548800,0.0,0.0
2008-04-23 00:00:00+09:00,2004.5150591578295,2004.5150591578295,2000.9033203125,2000.9033203125,649200,0.0,0.0
2008-04-24 00:00:00+09:00,2002.7091630117222,2002.7091630117222,1948.5330810546875,1948.5330810546875,668400,0.0,0.0
2008-04-25 00:00:00+09:00,2026.1856061324331,2046.0501708984375,2026.1856061324331,2046.0501708984375,781200,0.0,0.0
2008-04-28 00:00:00+09:00,2046.0504333015504,2064.109130859375,2046.0504333015504,2064.109130859375,421200,0.0,0.0
2008-04-30 00:00:00+09:00,2120.2403289886374,2132.731689453125,2120.2403289886374,2132.731689453125,844800,0.0,0.0
2008-05-01 00:00:00+09:00,2112.8671710410813,2112.8671710410813,2089.390869140625,2089.390869140625,706400,0.0,0.0
2008-05-02 00:00:00+09:00,2089.391215470069,2139.95556640625,2089.391215470069,2139.95556640625,386800,0.0,0.0
2008-05-07 00:00:00+09:00,2168.579897418022,2168.579897418022,2167.04296875,2167.04296875,472400,0.0,0.0
2008-05-08 00:00:00+09:00,2116.4787226971534,2116.4787226971534,2069.526123046875,2069.526123046875,747600,0.0,0.0
2008-05-09 00:00:00+09:00,2065.914251254821,2065.914251254821,1990.0677490234377,1990.0677490234375,1258800,0.0,0.0
2008-05-12 00:00:00+09:00,1990.0682773420092,2026.1856689453123,1990.0682773420092,2026.1856689453125,685200,0.0,0.0
2008-05-13 00:00:00+09:00,2035.2148210292746,2056.88525390625,2035.2148210292746,2056.88525390625,583200,0.0,0.0
2008-05-14 00:00:00+09:00,2141.7608472954316,2248.30712890625,2141.7608472954316,2248.30712890625,1758000,0.0,0.0
2008-05-15 00:00:00+09:00,2224.8317780968005,2224.8317780968005,2201.35546875,2201.35546875,742800,0.0,0.0
2008-05-16 00:00:00+09:00,2161.625292682008,2161.625292682008,2152.595947265625,2152.595947265625,867600,0.0,0.0
2008-05-19 00:00:00+09:00,2181.489815159848,2195.936767578125,2181.489815159848,2195.936767578125,458000,0.0,0.0
2008-05-20 00:00:00+09:00,2152.5963465457776,2159.81982421875,2152.5963465457776,2159.81982421875,404000,0.0,0.0
2008-05-21 00:00:00+09:00,2120.090157704103,2134.537109375,2120.090157704103,2134.537109375,408400,0.0,0.0
2008-05-22 00:00:00+09:00,2134.537333886228,2156.207763671875,2134.537333886228,2156.207763671875,384400,0.0,0.0
2008-05-23 00:00:00+09:00,2168.848641597476,2168.848641597476,2158.013427734375,2158.013427734375,405600,0.0,0.0
2008-05-26 00:00:00+09:00,2138.150004104641,2138.150004104641,2062.303466796875,2062.303466796875,496400,0.0,0.0
2008-05-27 00:00:00+09:00,2125.508207254742,2177.87841796875,2125.508207254742,2177.87841796875,1035200,0.0,0.0
2008-05-28 00:00:00+09:00,2185.102465142714,2185.102465142714,2147.17919921875,2147.17919921875,752400,0.0,0.0
2008-05-29 00:00:00+09:00,2147.1793188955266,2210.384765625,2147.1793188955266,2210.384765625,567600,0.0,0.0
2008-05-30 00:00:00+09:00,2208.5783229359836,2251.919189453125,2208.5783229359836,2251.919189453125,525600,0.0,0.0
2008-06-02 00:00:00+09:00,2251.9188474231805,2269.9775390625,2251.9188474231805,2269.9775390625,461200,0.0,0.0
2008-06-03 00:00:00+09:00,2269.9775984321705,2269.9775984321705,2250.113037109375,2250.113037109375,577600,0.0,0.0
2008-06-04 00:00:00+09:00,2250.112834426592,2297.0654296875,2250.112834426592,2297.0654296875,547600,0.0,0.0
2008-06-05 00:00:00+09:00,2297.0654296875,2297.0654296875,2297.0654296875,2297.0654296875,530800,0.0,0.0
2008-06-06 00:00:00+09:00,2297.065818179602,2315.12451171875,2297.065818179602,2315.12451171875,386800,0.0,0.0
2008-06-09 00:00:00+09:00,2250.1131645810287,2250.1131645810287,2244.695556640625,2244.695556640625,512800,0.0,0.0
2008-06-10 00:00:00+09:00,2244.6956119899014,2244.6956119899014,2190.51953125,2190.51953125,540400,0.0,0.0
2008-06-11 00:00:00+09:00,2190.5192194248602,2221.218994140625,2190.5192194248602,2221.218994140625,516800,0.0,0.0
2008-06-12 00:00:00+09:00,2168.848641597476,2168.848641597476,2158.013427734375,2158.013427734375,472800,0.0,0.0
2008-06-13 00:00:00+09:00,2212.189070780081,2212.189070780081,2172.4599609375,2172.4599609375,2283200,0.0,0.0
2008-06-16 00:00:00+09:00,2174.266632687998,2266.365966796875,2174.266632687998,2266.365966796875,432400,0.0,0.0
2008-06-17 00:00:00+09:00,2264.560572431354,2277.20166015625,2264.560572431354,2277.20166015625,324800,0.0,0.0
2008-06-18 00:00:00+09:00,2277.201365683316,2286.230712890625,2277.201365683316,2286.230712890625,226400,0.0,0.0
2008-06-19 00:00:00+09:00,2223.0249513311837,2223.0249513311837,2213.99560546875,2213.99560546875,405200,0.0,0.0
2008-06-20 00:00:00+09:00,2213.995496097027,2213.995496097027,2152.595947265625,2152.595947265625,581200,0.0,0.0
2008-06-23 00:00:00+09:00,2078.5556640625,2078.5556640625,2078.5556640625,2078.5556640625,890400,0.0,0.0
2008-06-24 00:00:00+09:00,2078.5556082343887,2078.5556082343887,2053.2734375,2053.2734375,460000,0.0,0.0
2008-06-25 00:00:00+09:00,2053.273346847248,2053.273346847248,2020.7677001953125,2020.7677001953125,441600,0.0,0.0
2008-06-26 00:00:00+09:00,2020.7681563988929,2020.7681563988929,2013.544677734375,2013.544677734375,386400,0.0,0.0
2008-06-27 00:00:00+09:00,2013.5442643107817,2013.5442643107817,1937.69775390625,1937.69775390625,587200,0.0,0.0
2008-06-30 00:00:00+09:00,1937.6975382294136,1937.6975382294136,1905.19189453125,1905.19189453125,390000,0.0,0.0
2008-07-01 00:00:00+09:00,1905.1920183792854,1905.1920183792854,1860.0452880859373,1860.0452880859375,697200,0.0,0.0
2008-07-02 00:00:00+09:00,1860.0452601981308,1860.0452601981308,1802.2574462890625,1802.2574462890625,765200,0.0,0.0
2008-07-03 00:00:00+09:00,1802.2572546756628,1802.2572546756628,1787.8103027343748,1787.810302734375,1047600,0.0,0.0
2008-07-04 00:00:00+09:00,1787.8110516878526,1840.1812744140625,1787.8110516878526,1840.1812744140625,762400,0.0,0.0
2008-07-07 00:00:00+09:00,1840.18076553965,1840.18076553965,1776.975341796875,1776.975341796875,1008800,0.0,0.0
2008-07-08 00:00:00+09:00,1728.216326087903,1728.216326087903,1701.1282958984375,1701.1282958984375,887200,0.0,0.0
2008-07-09 00:00:00+09:00,1701.1290377495432,1730.02294921875,1701.1290377495432,1730.02294921875,815600,0.0,0.0
2008-07-10 00:00:00+09:00,1730.0223071622797,1730.0223071622797,1717.3812255859375,1717.3812255859375,692800,0.0,0.0
2008-07-11 00:00:00+09:00,1713.7698484536736,1722.7991943359375,1713.7698484536736,1722.7991943359375,1100800,0.0,0.0
2008-07-14 00:00:00+09:00,1722.7991943359375,1722.7991943359375,1722.7991943359375,1722.7991943359375,631200,0.0,0.0
2008-07-15 00:00:00+09:00,1688.487725283593,1688.487725283593,1674.040771484375,1674.040771484375,450400,0.0,0.0
2008-07-16 00:00:00+09:00,1674.040693359375,1674.040693359375,1670.428955078125,1670.428955078125,554400,0.0,0.0
2008-07-17 00:00:00+09:00,1670.4290410176895,1708.352294921875,1670.4290410176895,1708.352294921875,434000,0.0,0.0
2008-07-18 00:00:00+09:00,1708.3523078648811,1737.2462158203127,1708.3523078648811,1737.2462158203125,597600,0.0,0.0
2008-07-22 00:00:00+09:00,1778.7812289407284,1802.2575294242101,1748.0814513854064,1800.45166015625,475600,0.0,0.0
2008-07-23 00:00:00+09:00,1832.9577954173437,1840.1812744140625,1832.9577954173437,1840.1812744140625,504000,0.0,0.0
2008-07-24 00:00:00+09:00,1867.269090124361,1897.9688720703125,1867.269090124361,1897.9688720703125,541200,0.0,0.0
2008-07-25 00:00:00+09:00,1867.2687460150105,1867.2687460150105,1836.5689697265625,1836.5689697265625,624000,0.0,0.0
2008-07-28 00:00:00+09:00,1836.5690324415855,1836.5690324415855,1771.5577392578127,1771.5577392578125,717600,0.0,0.0
2008-07-29 00:00:00+09:00,1697.5170258655987,1722.7991943359375,1697.5170258655987,1722.7991943359375,992800,0.0,0.0
2008-07-30 00:00:00+09:00,1722.7986693222833,1782.392333984375,1722.7986693222833,1782.392333984375,490800,0.0,0.0
2008-07-31 00:00:00+09:00,1782.3931698145043,1782.3931698145043,1724.6053466796877,1724.6053466796875,657200,0.0,0.0
2008-08-01 00:00:00+09:00,1720.9937238826308,1720.9937238826308,1553.0478515625,1553.0478515625,1580400,0.0,0.0
2008-08-04 00:00:00+09:00,1553.0472838620105,1553.0472838620105,1498.8712158203125,1498.8712158203125,792400,0.0,0.0
2008-08-05 00:00:00+09:00,1498.8712882507793,1498.8712882507793,1412.1895751953125,1412.1895751953125,1320400,0.0,0.0
2008-08-06 00:00:00+09:00,1460.9483472455684,1477.201171875,1460.9483472455684,1477.201171875,1247200,0.0,0.0
2008-08-07 00:00:00+09:00,1450.112880663818,1450.112880663818,1442.889404296875,1442.889404296875,585600,0.0,0.0
2008-08-08 00:00:00+09:00,1392.325031940202,1441.08349609375,1392.325031940202,1441.08349609375,1210000,0.0,0.0
2008-08-11 00:00:00+09:00,1460.9483528745686,1471.7835693359375,1460.9483528745686,1471.7835693359375,647600,0.0,0.0
2008-08-12 00:00:00+09:00,1471.7835881758708,1471.7835881758708,1415.8016357421875,1415.8016357421875,961200,0.0,0.0
2008-08-13 00:00:00+09:00,1415.8013132392903,1415.8013132392903,1412.1895751953125,1412.1895751953125,701600,0.0,0.0
2008-08-14 00:00:00+09:00,1410.3840274421536,1415.8016357421875,1410.3840274421536,1415.8016357421875,420400,0.0,0.0
2008-08-15 00:00:00+09:00,1415.8014798677884,1415.8014798677884,1408.5780029296875,1408.5780029296875,509600,0.0,0.0
2008-08-18 00:00:00+09:00,1484.424627322962,1484.424627322962,1459.1424560546875,1459.1424560546875,703600,0.0,0.0
2008-08-19 00:00:00+09:00,1459.142473807513,1459.142473807513,1403.1605224609375,1403.1605224609375,490400,0.0,0.0
2008-08-20 00:00:00+09:00,1403.1606718944583,1450.11328125,1403.1606718944583,1450.11328125,606800,0.0,0.0
2008-08-21 00:00:00+09:00,1450.1129490735364,1457.33642578125,1450.1129490735364,1457.33642578125,469600,0.0,0.0
2008-08-22 00:00:00+09:00,1459.1426408860862,1459.1426408860862,1404.966552734375,1404.966552734375,388000,0.0,0.0
2008-08-25 00:00:00+09:00,1404.9666224453515,1448.3074951171875,1404.9666224453515,1448.3074951171875,456800,0.0,0.0
2008-08-26 00:00:00+09:00,1419.4131689764133,1419.4131689764133,1417.6072998046875,1417.6072998046875,330400,0.0,0.0
2008-08-27 00:00:00+09:00,1386.907608695652,1386.907608695652,1370.65478515625,1370.65478515625,555200,0.0,0.0
2008-08-28 00:00:00+09:00,1370.6548233652502,1370.6548233652502,1332.7315673828125,1332.7315673828125,592400,0.0,0.0
2008-08-29 00:00:00+09:00,1358.0137554048742,1435.6661376953125,1358.0137554048742,1435.6661376953125,1281200,0.0,0.0
2008-09-01 00:00:00+09:00,1435.6663307189942,1444.6956787109375,1435.6663307189942,1444.6956787109375,656400,0.0,0.0
2008-09-02 00:00:00+09:00,1436.5664489723429,1436.5664489723429,1372.4608154296875,1372.4608154296875,884400,0.0,0.0
2008-09-03 00:00:00+09:00,1372.460674838362,1372.460674838362,1309.2552490234375,1309.2552490234375,990400,0.0,0.0
2008-09-04 00:00:00+09:00,1267.7203150401915,1267.7203150401915,1249.66162109375,1249.66162109375,811200,0.0,0.0
2008-09-05 00:00:00+09:00,1231.6028273638558,1231.6028273638558,1227.9910888671875,1227.9910888671875,891600,0.0,0.0
2008-09-08 00:00:00+09:00,1227.99119852357,1278.5555419921875,1227.99119852357,1278.5555419921875,946800,0.0,0.0
2008-09-09 00:00:00+09:00,1278.5551117081448,1278.5551117081448,1197.291015625,1197.291015625,803200,0.0,0.0
2008-09-10 00:00:00+09:00,1190.0676312330293,1190.0676312330293,1166.5913350175067,1184.6500244140625,742800,0.0,0.0
2008-09-11 00:00:00+09:00,1184.6502059108527,1184.6502059108527,1164.78564453125,1164.78564453125,595600,0.0,0.0
2008-09-12 00:00:00+09:00,1164.7855165018839,1220.7674560546875,1164.7855165018839,1220.7674560546875,1529200,0.0,0.0
2008-09-16 00:00:00+09:00,1220.7676289876304,1220.7676289876304,1126.8624267578125,1126.8624267578125,832400,0.0,0.0
2008-09-17 00:00:00+09:00,1139.503911037071,1139.503911037071,1105.1923828125,1105.1923828125,934400,0.0,0.0
2008-09-18 00:00:00+09:00,1105.191874152233,1105.191874152233,1081.715576171875,1081.715576171875,845600,0.0,0.0
2008-09-19 00:00:00+09:00,1081.7154301772882,1170.2030029296875,1081.7154301772882,1170.2030029296875,889200,0.0,0.0
2008-09-22 00:00:00+09:00,1170.2037017327873,1226.1856689453125,1170.2037017327873,1226.1856689453125,701600,0.0,0.0
2008-09-24 00:00:00+09:00,1226.1849164545627,1226.1849164545627,1197.291015625,1197.291015625,600400,0.0,0.0
2008-09-25 00:00:00+09:00,1197.2912017260594,1197.2912017260594,1193.6297607421875,1193.6297607421875,373600,22.5,0.0
2008-09-26 00:00:00+09:00,1193.6301273363913,1193.6301273363913,1166.1693115234375,1166.1693115234375,667600,0.0,0.0
2008-09-29 00:00:00+09:00,1166.1690492021276,1166.1690492021276,1118.5703125,1118.5703125,549600,0.0,0.0
2008-09-30 00:00:00+09:00,1118.569991402004,1118.569991402004,1094.7706298828125,1094.7706298828125,692400,0.0,0.0
2008-10-01 00:00:00+09:00,1094.77119157121,1094.77119157121,1083.786865234375,1083.786865234375,650800,0.0,0.0
2008-10-02 00:00:00+09:00,1083.7866023480346,1083.7866023480346,1001.4041748046875,1001.4041748046875,864400,0.0,0.0
2008-10-03 00:00:00+09:00,1003.234713616499,1003.234713616499,955.635986328125,955.635986328125,815600,0.0,0.0
2008-10-06 00:00:00+09:00,955.6361260501527,955.6361260501527,898.8837890625,898.8837890625,998800,0.0,0.0
2008-10-07 00:00:00+09:00,843.9622330928873,895.2224121093751,843.9622330928873,895.222412109375,1156400,0.0,0.0
2008-10-08 00:00:00+09:00,895.2225562998112,895.2225562998112,818.332275390625,818.332275390625,1251600,0.0,0.0
2008-10-09 00:00:00+09:00,843.9621737664132,843.9621737664132,825.6549682617188,825.6549682617188,1238000,0.0,0.0
2008-10-10 00:00:00+09:00,825.6551407398898,825.6551407398898,778.0563964843751,778.056396484375,2000400,0.0,0.0
2008-10-14 00:00:00+09:00,778.0563173199645,924.5139770507812,778.0563173199645,924.5139770507812,516400,0.0,0.0
2008-10-15 00:00:00+09:00,926.3445405734806,930.0059814453125,926.3445405734806,930.0059814453125,882400,0.0,0.0
2008-10-16 00:00:00+09:00,930.0058605079031,930.0058605079031,789.0404052734375,789.0404052734375,1120800,0.0,0.0
2008-10-17 00:00:00+09:00,789.040588823337,789.040588823337,754.2568969726562,754.2568969726562,924400,0.0,0.0
2008-10-20 00:00:00+09:00,754.2567215142836,789.0404052734375,754.2567215142836,789.0404052734375,966800,0.0,0.0
2008-10-21 00:00:00+09:00,789.0406458900927,792.7020874023438,789.0406458900927,792.7020874023438,836800,0.0,0.0
2008-10-22 00:00:00+09:00,792.702030070777,792.702030070777,754.2568969726562,754.2568969726562,1048000,0.0,0.0
2008-10-23 00:00:00+09:00,754.2568605981693,754.2568605981693,724.96533203125,724.96533203125,2386400,0.0,0.0
2008-10-24 00:00:00+09:00,724.965445330043,724.965445330043,611.4607543945312,611.4607543945312,1673600,0.0,0.0
2008-10-27 00:00:00+09:00,611.4607732325425,611.4607732325425,593.153564453125,593.153564453125,2508800,0.0,0.0
2008-10-28 00:00:00+09:00,593.1534403816598,670.043701171875,593.1534403816598,670.043701171875,1660800,0.0,0.0
2008-10-29 00:00:00+09:00,670.0437147712202,690.181640625,670.0437147712202,690.181640625,1393600,0.0,0.0
2008-10-30 00:00:00+09:00,836.639404296875,836.639404296875,836.639404296875,836.639404296875,1092000,0.0,0.0
2008-10-31 00:00:00+09:00,840.3007170253582,840.3007170253582,770.7333374023438,770.7333374023438,840800,0.0,0.0
2008-11-04 00:00:00+09:00,855.8738256028427,873.2536010742188,855.8738256028427,873.2536010742188,939200,0.0,0.0
2008-11-05 00:00:00+09:00,875.084484638612,895.2224121093751,875.084484638612,895.222412109375,1288400,0.0,0.0
2008-11-06 00:00:00+09:00,895.2224767790682,895.2224767790682,891.56103515625,891.56103515625,1232800,0.0,0.0
2008-11-07 00:00:00+09:00,891.5611322209699,891.5611322209699,831.1473388671875,831.1473388671875,1466000,0.0,0.0
2008-11-10 00:00:00+09:00,831.1473281548947,897.0532836914062,831.1473281548947,897.0532836914062,875600,0.0,0.0
2008-11-11 00:00:00+09:00,897.0532012624839,897.0532012624839,887.8995971679688,887.8995971679688,1088400,0.0,0.0
2008-11-12 00:00:00+09:00,887.8995627918463,887.8995627918463,796.363525390625,796.363525390625,1589200,0.0,0.0
2008-11-13 00:00:00+09:00,796.3633486264712,796.3633486264712,704.8273315429688,704.8273315429688,1230400,0.0,0.0
2008-11-14 00:00:00+09:00,704.8274080403645,704.8274080403645,686.5202026367188,686.5202026367188,2026400,0.0,0.0
2008-11-17 00:00:00+09:00,686.5201334315022,697.5044555664062,686.5201334315022,697.5044555664062,1187200,0.0,0.0
2008-11-18 00:00:00+09:00,697.5046207203585,697.5046207203585,684.6895751953125,684.6895751953125,1071200,0.0,0.0
2008-11-19 00:00:00+09:00,684.689619100711,684.689619100711,671.8745727539062,671.8745727539062,1181200,0.0,0.0
2008-11-20 00:00:00+09:00,671.8745814205296,671.8745814205296,605.9686279296875,605.9686279296875,1276400,0.0,0.0
2008-11-21 00:00:00+09:00,605.9684762981882,642.5828857421875,605.9684762981882,642.5828857421875,1580800,0.0,0.0
2008-11-25 00:00:00+09:00,642.5828880516259,677.3665771484375,642.5828880516259,677.3665771484375,2559200,0.0,0.0
2008-11-26 00:00:00+09:00,677.3668388240245,677.3668388240245,662.7210693359375,662.7210693359375,1020000,0.0,0.0
2008-11-27 00:00:00+09:00,662.7208698231686,681.028076171875,662.7208698231686,681.028076171875,530000,0.0,0.0
2008-11-28 00:00:00+09:00,681.0281519627832,681.0281519627832,666.3823852539062,666.3823852539062,877200,0.0,0.0
2008-12-01 00:00:00+09:00,666.3823597043059,666.3823597043059,629.7679443359375,629.7679443359375,894400,0.0,0.0
2008-12-02 00:00:00+09:00,629.7678689166999,629.7678689166999,574.8462524414062,574.8462524414062,1545200,0.0,0.0
2008-12-03 00:00:00+09:00,574.8463278377758,574.8463278377758,560.2005615234375,560.2005615234375,1214800,0.0,0.0
2008-12-04 00:00:00+09:00,560.2005310058594,560.2005310058594,527.24755859375,527.24755859375,1392400,0.0,0.0
2008-12-05 00:00:00+09:00,527.2476441688144,532.7398071289062,527.2476441688144,532.7398071289062,1447600,0.0,0.0
2008-12-08 00:00:00+09:00,532.7396362706235,556.5390014648438,532.7396362706235,556.5390014648438,768800,0.0,0.0
2008-12-09 00:00:00+09:00,556.5391052451599,556.5391052451599,543.7240600585938,543.7240600585938,638000,0.0,0.0
2008-12-10 00:00:00+09:00,543.7239944458007,585.83056640625,543.7239944458007,585.83056640625,786400,0.0,0.0
2008-12-11 00:00:00+09:00,593.153609310288,607.7993774414062,593.153609310288,607.7993774414062,820800,0.0,0.0
2008-12-12 00:00:00+09:00,574.8462718433102,574.8462718433102,552.8776245117188,552.8776245117188,1506400,0.0,0.0
2008-12-15 00:00:00+09:00,585.8307169976636,587.6614379882812,585.8307169976636,587.6614379882812,432800,0.0,0.0
2008-12-16 00:00:00+09:00,587.6614462611186,607.7993774414062,587.6614462611186,607.7993774414062,1020400,0.0,0.0
2008-12-17 00:00:00+09:00,607.7991088493883,607.7991088493883,598.6455078125,598.6455078125,889200,0.0,0.0
2008-12-18 00:00:00+09:00,598.6456689301484,598.6456689301484,589.4920654296875,589.4920654296875,546400,0.0,0.0
2008-12-19 00:00:00+09:00,589.4920397910952,589.4920397910952,583.9998779296875,583.9998779296875,651200,0.0,0.0
2008-12-22 00:00:00+09:00,583.9999960070459,587.6614379882812,583.9999960070459,587.6614379882812,475200,0.0,0.0
2008-12-24 00:00:00+09:00,587.6613257998512,587.6613257998512,576.677001953125,576.677001953125,367600,0.0,0.0
2008-12-25 00:00:00+09:00,573.8588113703966,578.5077514648438,573.8588113703966,578.5077514648438,237200,0.0,0.0
2008-12-26 00:00:00+09:00,593.1534335049715,605.968476821437,589.49199255741,604.1377563476562,358400,0.0,0.0
2008-12-29 00:00:00+09:00,591.3227130311908,605.968476821437,591.3227130311908,604.1377563476562,393600,0.0,0.0
2008-12-30 00:00:00+09:00,594.9842389997419,616.9528878243477,594.9842389997419,609.6300048828125,172000,0.0,0.0
2009-01-05 00:00:00+09:00,638.921467470319,651.7365112304688,627.9371442473337,651.7365112304688,294400,0.0,0.0
2009-01-06 00:00:00+09:00,684.6895611348577,699.3353271484375,684.6895611348577,699.3353271484375,981200,0.0,0.0
2009-01-07 00:00:00+09:00,699.335417888355,756.0877685546875,699.335417888355,756.0877685546875,1084400,0.0,0.0
2009-01-08 00:00:00+09:00,756.0875069525612,756.0875069525612,697.5044555664062,697.5044555664062,583200,0.0,0.0
2009-01-09 00:00:00+09:00,697.5044289240761,697.5044289240761,692.0122680664062,692.0122680664062,770800,0.0,0.0
2009-01-13 00:00:00+09:00,692.0122438628098,692.0122438628098,637.0906372070312,637.0906372070312,1073200,0.0,0.0
2009-01-14 00:00:00+09:00,637.0907530351118,644.4136352539062,637.0907530351118,644.4136352539062,455200,0.0,0.0
2009-01-15 00:00:00+09:00,644.4137490354939,644.4137490354939,593.153564453125,593.153564453125,1670800,0.0,0.0
2009-01-16 00:00:00+09:00,593.1535901521382,626.1065673828125,593.1535901521382,626.1065673828125,856400,0.0,0.0
2009-01-19 00:00:00+09:00,626.1064224922338,626.1064224922338,616.9528198242188,616.9528198242188,474000,0.0,0.0
2009-01-20 00:00:00+09:00,616.9528057823884,616.9528057823884,596.8148803710938,596.8148803710938,592000,0.0,0.0
2009-01-21 00:00:00+09:00,596.815007809319,596.815007809319,562.0313110351562,562.0313110351562,2114000,0.0,0.0
2009-01-22 00:00:00+09:00,562.0313638276226,569.354248046875,562.0313638276226,569.354248046875,605200,0.0,0.0
2009-01-23 00:00:00+09:00,569.3540500895182,569.3540500895182,549.2161254882812,549.2161254882812,530800,0.0,0.0
2009-01-26 00:00:00+09:00,549.2160770810884,549.2160770810884,530.9088745117188,530.9088745117188,644000,0.0,0.0
2009-01-27 00:00:00+09:00,530.9089621519431,571.184814453125,530.9089621519431,571.184814453125,877200,0.0,0.0
2009-01-28 00:00:00+09:00,571.1849250073703,582.1692504882812,571.1849250073703,582.1692504882812,644000,0.0,0.0
2009-01-29 00:00:00+09:00,582.1689768890477,582.1689768890477,580.3382568359375,580.3382568359375,630400,0.0,0.0
2009-01-30 00:00:00+09:00,580.3385054825136,580.3385054825136,545.5548095703125,545.5548095703125,545200,0.0,0.0
2009-02-02 00:00:00+09:00,545.5545948245453,547.3853149414062,545.5545948245453,547.3853149414062,628000,0.0,0.0
2009-02-03 00:00:00+09:00,547.385595785605,547.385595785605,541.8934326171875,541.8934326171875,541600,0.0,0.0
2009-02-04 00:00:00+09:00,541.8932382684004,556.5390014648438,541.8932382684004,556.5390014648438,666400,0.0,0.0
2009-02-05 00:00:00+09:00,556.5390749007936,576.677001953125,556.5390749007936,576.677001953125,676000,0.0,0.0
2009-02-06 00:00:00+09:00,576.6769520829363,600.476318359375,576.6769520829363,600.476318359375,734800,0.0,0.0
2009-02-09 00:00:00+09:00,600.476465138784,605.9686279296875,600.476465138784,605.9686279296875,571200,0.0,0.0
2009-02-10 00:00:00+09:00,604.1377791219683,615.1221023787314,576.6769709800607,613.2913818359375,473600,0.0,0.0
2009-02-12 00:00:00+09:00,594.9841690063477,594.9841690063477,585.83056640625,585.83056640625,646400,0.0,0.0
2009-02-13 00:00:00+09:00,585.8307169976636,587.6614379882812,585.8307169976636,587.6614379882812,511200,0.0,0.0
2009-02-16 00:00:00+09:00,587.6613551272621,587.6613551272621,578.5077514648438,578.5077514648438,537200,0.0,0.0
2009-02-17 00:00:00+09:00,578.5077989808123,578.5077989808123,562.0313110351562,562.0313110351562,389200,0.0,0.0
2009-02-18 00:00:00+09:00,562.0313110351562,562.0313110351562,562.0313110351562,562.0313110351562,506000,0.0,0.0
2009-02-19 00:00:00+09:00,562.0313110351562,562.0313110351562,562.0313110351562,562.0313110351562,321600,0.0,0.0
2009-02-20 00:00:00+09:00,562.031297107671,562.031297107671,545.5548095703125,545.5548095703125,432400,0.0,0.0
2009-02-23 00:00:00+09:00,545.5547807995317,545.5547807995317,543.7240600585938,543.7240600585938,506000,0.0,0.0
2009-02-24 00:00:00+09:00,543.7240961814414,543.7240961814414,538.23193359375,538.23193359375,366800,0.0,0.0
2009-02-25 00:00:00+09:00,538.2319289137381,573.015625,538.2319289137381,573.015625,496800,0.0,0.0
2009-02-26 00:00:00+09:00,573.0155318922298,574.8462524414062,573.0155318922298,574.8462524414062,345200,0.0,0.0
2009-02-27 00:00:00+09:00,574.8462555714142,574.8462555714142,571.184814453125,571.184814453125,420400,0.0,0.0
2009-03-02 00:00:00+09:00,571.1848103151483,571.1848103151483,540.0625610351562,540.0625610351562,426800,0.0,0.0
2009-03-03 00:00:00+09:00,540.062551910299,551.046875,540.062551910299,551.046875,440800,0.0,0.0
2009-03-04 00:00:00+09:00,551.0470415133874,565.6928100585938,551.0470415133874,565.6928100585938,888000,0.0,0.0
2009-03-05 00:00:00+09:00,565.6926406860351,585.83056640625,565.6926406860351,585.83056640625,606400,0.0,0.0
2009-03-06 00:00:00+09:00,585.830682512215,585.830682512215,562.0313110351562,562.0313110351562,718800,0.0,0.0
2009-03-09 00:00:00+09:00,562.0311468859989,562.0311468859989,536.4010620117188,536.4010620117188,566000,0.0,0.0
2009-03-10 00:00:00+09:00,536.4012053828911,545.5548095703125,536.4012053828911,545.5548095703125,487600,0.0,0.0
2009-03-11 00:00:00+09:00,545.5547782801375,578.5077514648438,545.5547782801375,578.5077514648438,648400,0.0,0.0
2009-03-12 00:00:00+09:00,578.5077875399361,578.5077875399361,573.015625,573.015625,436000,0.0,0.0
2009-03-13 00:00:00+09:00,573.0156781300004,607.7993774414062,573.0156781300004,607.7993774414062,1546400,0.0,0.0
2009-03-16 00:00:00+09:00,609.6300158833349,629.7679443359375,609.6300158833349,629.7679443359375,688400,0.0,0.0
2009-03-17 00:00:00+09:00,627.9371442473337,651.7365112304688,627.9371442473337,651.7365112304688,746400,0.0,0.0
2009-03-18 00:00:00+09:00,651.7367422198722,662.7210693359375,651.7367422198722,662.7210693359375,618800,0.0,0.0
2009-03-19 00:00:00+09:00,662.7209181674691,662.7209181674691,629.7679443359375,629.7679443359375,767600,0.0,0.0
2009-03-23 00:00:00+09:00,668.2130737304688,668.2130737304688,668.2130737304688,668.2130737304688,656800,0.0,0.0
2009-03-24 00:00:00+09:00,668.2129854446291,701.1659545898438,668.2129854446291,701.1659545898438,859200,0.0,0.0
2009-03-25 00:00:00+09:00,681.0280696787734,688.3509521484375,681.0280696787734,688.3509521484375,621600,0.0,0.0
2009-03-26 00:00:00+09:00,688.3510180475779,715.9586791992188,688.3510180475779,715.9586791992188,598000,5.0,0.0
2009-03-27 00:00:00+09:00,714.1180513822115,717.799072265625,714.1180513822115,717.799072265625,476000,0.0,0.0
2009-03-30 00:00:00+09:00,717.799207713506,717.799207713506,671.7864379882812,671.7864379882812,492400,0.0,0.0
2009-03-31 00:00:00+09:00,671.7864379882812,671.7864379882812,671.7864379882812,671.7864379882812,566000,0.0,0.0
2009-04-01 00:00:00+09:00,671.7864079629221,684.6699829101562,671.7864079629221,684.6699829101562,544400,0.0,0.0
2009-04-02 00:00:00+09:00,684.6699554210401,723.3206787109375,684.6699554210401,723.3206787109375,628400,0.0,0.0
2009-04-03 00:00:00+09:00,721.4801219810705,721.4801219810705,704.91552734375,704.91552734375,906000,0.0,0.0
2009-04-06 00:00:00+09:00,727.0017484155031,743.5663452148438,727.0017484155031,743.5663452148438,750800,0.0,0.0
2009-04-07 00:00:00+09:00,743.566402009344,743.566402009344,741.7258911132812,741.7258911132812,477200,0.0,0.0
2009-04-08 00:00:00+09:00,712.2777747596557,712.2777747596557,686.5106201171875,686.5106201171875,670000,0.0,0.0
2009-04-09 00:00:00+09:00,741.72586453106,756.449951171875,741.72586453106,756.449951171875,1006400,0.0,0.0
2009-04-10 00:00:00+09:00,780.3764038085938,784.0574245812758,780.3764038085938,780.3764038085938,1100400,0.0,0.0
2009-04-13 00:00:00+09:00,795.10039787558,795.10039787558,793.2598876953125,793.2598876953125,385600,0.0,0.0
2009-04-14 00:00:00+09:00,780.3766124636628,791.419677734375,780.3766124636628,791.419677734375,620800,0.0,0.0
2009-04-15 00:00:00+09:00,791.4197164395961,791.4197164395961,754.6094970703125,754.6094970703125,504800,0.0,0.0
2009-04-16 00:00:00+09:00,754.6094673857203,754.6094673857203,741.7258911132812,741.7258911132812,676800,0.0,0.0
2009-04-17 00:00:00+09:00,741.7257304791883,774.8549194335938,741.7257304791883,774.8549194335938,354400,0.0,0.0
2009-04-20 00:00:00+09:00,765.6523207178656,780.3764038085938,765.6523207178656,780.3764038085938,540400,0.0,0.0
2009-04-21 00:00:00+09:00,727.0017955903699,738.0448608398438,727.0017955903699,738.0448608398438,756400,0.0,0.0
2009-04-22 00:00:00+09:00,733.616379934234,733.616379934234,730.6826171875,730.6826171875,392400,0.0,0.0
2009-04-23 00:00:00+09:00,712.2777085910711,738.0448608398438,712.2777085910711,738.0448608398438,516800,0.0,0.0
2009-04-24 00:00:00+09:00,763.8120644779528,763.8120644779528,760.1310424804688,760.1310424804688,669600,0.0,0.0
2009-04-27 00:00:00+09:00,760.1307044504966,793.2598876953125,760.1307044504966,793.2598876953125,1686400,0.0,0.0
2009-04-28 00:00:00+09:00,793.2601084292513,793.2601084292513,758.2904052734375,758.2904052734375,635200,0.0,0.0
2009-04-30 00:00:00+09:00,758.2903605996868,789.5790405273438,758.2903605996868,789.5790405273438,445200,0.0,0.0
2009-05-01 00:00:00+09:00,778.5360629377694,800.6221923828125,778.5360629377694,800.6221923828125,754800,0.0,0.0
2009-05-07 00:00:00+09:00,885.2858035963409,901.8504028320312,885.2858035963409,901.8504028320312,1254400,0.0,0.0
2009-05-08 00:00:00+09:00,900.0097194264529,931.2984008789062,900.0097194264529,931.2984008789062,1262800,0.0,0.0
2009-05-11 00:00:00+09:00,931.2983737792969,931.2983737792969,920.2553100585938,920.2553100585938,563200,0.0,0.0
2009-05-12 00:00:00+09:00,920.2552795410156,920.2552795410156,883.445068359375,883.445068359375,536800,0.0,0.0
2009-05-13 00:00:00+09:00,881.6047428769615,881.6047428769615,857.6781005859375,857.6781005859375,563600,0.0,0.0
2009-05-14 00:00:00+09:00,857.6780038094736,857.6780038094736,817.186767578125,817.186767578125,567600,0.0,0.0
2009-05-15 00:00:00+09:00,817.1868189761514,839.27294921875,817.1868189761514,839.27294921875,564400,0.0,0.0
2009-05-18 00:00:00+09:00,839.2729189116379,839.2729189116379,800.6221923828125,800.6221923828125,651200,0.0,0.0
2009-05-19 00:00:00+09:00,800.6221922468768,826.3893432617189,800.6221922468768,826.3893432617188,696000,0.0,0.0
2009-05-20 00:00:00+09:00,826.3894894778074,837.4325561523438,826.3894894778074,837.4325561523438,378800,0.0,0.0
2009-05-21 00:00:00+09:00,837.4324079823654,837.4324079823654,826.3893432617189,826.3893432617188,316800,0.0,0.0
2009-05-22 00:00:00+09:00,806.1435971589682,806.1435971589682,798.7815551757812,798.7815551757812,598000,0.0,0.0
2009-05-25 00:00:00+09:00,802.4627118492563,804.30322265625,802.4627118492563,804.30322265625,458000,0.0,0.0
2009-05-26 00:00:00+09:00,804.3032538835392,804.3032538835392,791.419677734375,791.419677734375,416800,0.0,0.0
2009-05-27 00:00:00+09:00,791.4195511113236,791.4195511113236,789.5790405273438,789.5790405273438,421200,0.0,0.0
2009-05-28 00:00:00+09:00,789.5789517743872,802.4625244140625,789.5789517743872,802.4625244140625,464800,0.0,0.0
2009-05-29 00:00:00+09:00,804.3033044046945,813.505859375,804.3033044046945,813.505859375,336400,0.0,0.0
2009-06-01 00:00:00+09:00,839.2728407118055,844.7943725585938,839.2728407118055,844.7943725585938,738800,0.0,0.0
2009-06-02 00:00:00+09:00,844.7942562950086,870.5614013671875,844.7942562950086,870.5614013671875,901600,0.0,0.0
2009-06-03 00:00:00+09:00,879.7639723163982,879.7639723163982,877.9234619140625,877.9234619140625,485600,0.0,0.0
2009-06-04 00:00:00+09:00,855.8375642195992,855.8375642195992,846.635009765625,846.635009765625,736400,0.0,0.0
2009-06-05 00:00:00+09:00,844.7945321890024,861.359130859375,844.7945321890024,861.359130859375,488800,0.0,0.0
2009-06-08 00:00:00+09:00,896.3286497790405,911.052734375,896.3286497790405,911.052734375,883200,0.0,0.0
2009-06-09 00:00:00+09:00,927.6172150088028,927.6172150088028,914.733642578125,914.733642578125,783200,0.0,0.0
2009-06-10 00:00:00+09:00,918.4148690881008,923.9364013671876,918.4148690881008,923.9364013671875,548400,0.0,0.0
2009-06-11 00:00:00+09:00,911.0527569580079,925.7768419189454,911.0527569580079,920.2553100585938,377600,0.0,0.0
2009-06-12 00:00:00+09:00,940.5008357121394,947.8628774789664,929.457773061899,933.1387939453125,2052400,0.0,0.0
2009-06-15 00:00:00+09:00,927.6171904773247,929.4577007758908,903.6905565959651,905.5310668945312,578400,0.0,0.0
2009-06-16 00:00:00+09:00,865.0399216572949,872.40196354374,861.3589007140724,866.8804321289062,472400,0.0,0.0
2009-06-17 00:00:00+09:00,852.1564260382402,876.083064350329,852.1564260382402,874.2425537109375,408400,0.0,0.0
2009-06-18 00:00:00+09:00,842.9539879840354,848.4755206564198,842.9539879840354,846.635009765625,427200,0.0,0.0
2009-06-19 00:00:00+09:00,820.8678673335484,824.5488891601562,813.5058236803327,824.5488891601562,722000,0.0,0.0
2009-06-22 00:00:00+09:00,822.7083216881699,839.2729187691398,819.0273001146211,826.3893432617188,337200,0.0,0.0
2009-06-23 00:00:00+09:00,784.0575087754042,789.5790405273438,782.2169981914244,789.5790405273438,636400,0.0,0.0
2009-06-24 00:00:00+09:00,778.5359903971355,800.6221177842882,778.5359903971355,795.1005859375,436400,0.0,0.0
2009-06-25 00:00:00+09:00,804.303103969261,846.6348462834327,795.1005512922671,830.0702514648438,611200,0.0,0.0
2009-06-26 00:00:00+09:00,839.2728407118055,850.315904405382,820.8677345558449,844.7943725585938,540800,0.0,0.0
2009-06-29 00:00:00+09:00,846.6348462834327,848.4753568188314,822.7082093232486,830.0702514648438,335200,0.0,0.0
2009-06-30 00:00:00+09:00,846.6351117144575,853.9971561641484,830.0705117026529,837.4325561523438,270800,0.0,0.0
2009-07-01 00:00:00+09:00,819.0272216796875,835.5918171743328,813.505689848139,819.0272216796875,516000,0.0,0.0
2009-07-02 00:00:00+09:00,807.9842267113524,809.8247374783487,795.1006513423787,796.941162109375,775600,0.0,0.0
2009-07-03 00:00:00+09:00,778.5359903971355,804.3031390154804,773.0144585503473,795.1005859375,401600,0.0,0.0
2009-07-06 00:00:00+09:00,789.5790034133296,791.4195139107965,765.652366946259,774.8549194335938,335600,0.0,0.0
2009-07-07 00:00:00+09:00,780.3766634666314,784.0576854641155,754.6095094842426,760.1310424804688,334400,0.0,0.0
2009-07-08 00:00:00+09:00,754.6094673857203,754.6094673857203,738.0448693211557,741.7258911132812,483200,0.0,0.0
2009-07-09 00:00:00+09:00,736.2043063658888,741.7258386636329,719.6397094726562,719.6397094726562,530800,0.0,0.0
2009-07-10 00:00:00+09:00,728.8421537912436,736.204195748731,717.7990908550127,725.1611328125,904400,0.0,0.0
2009-07-13 00:00:00+09:00,723.3207540097444,723.3207540097444,671.7864509250807,677.3079833984375,482000,0.0,0.0
2009-07-14 00:00:00+09:00,704.9155811164952,730.6827302956883,703.0750704608386,727.001708984375,511600,0.0,0.0
2009-07-15 00:00:00+09:00,728.842082743742,741.7256549134546,706.7559590242347,721.4800415039062,335600,0.0,0.0
2009-07-16 00:00:00+09:00,749.0877881840844,749.0877881840844,727.0016617511385,732.523193359375,294400,0.0,0.0
2009-07-17 00:00:00+09:00,750.9283382037214,750.9283382037214,717.7991468123807,723.3206787109375,304800,0.0,0.0
2009-07-21 00:00:00+09:00,743.5662821305456,769.3334305212081,734.3637291338804,767.492919921875,406400,0.0,0.0
2009-07-22 00:00:00+09:00,776.695466439485,791.4195511113236,771.1739346875455,789.5790405273438,436400,0.0,0.0
2009-07-23 00:00:00+09:00,780.3765737248564,807.9842355311602,780.3765737248564,800.6221923828125,528000,0.0,0.0
2009-07-24 00:00:00+09:00,819.0272605202415,819.0272605202415,800.6221535422585,809.82470703125,461600,0.0,0.0
2009-07-27 00:00:00+09:00,809.8248373868778,819.0273923571832,802.4627934106335,813.505859375,275200,0.0,0.0
2009-07-28 00:00:00+09:00,813.5055907627321,815.3461011490732,774.8548726495707,780.3764038085938,914800,0.0,0.0
2009-07-29 00:00:00+09:00,784.0577472437208,796.941325250073,780.3767249561915,787.73876953125,291600,0.0,0.0
2009-07-30 00:00:00+09:00,787.7385208165618,789.5790313792173,765.6523940646956,785.8980102539062,389600,0.0,0.0
2009-07-31 00:00:00+09:00,789.5790313792173,793.2600525045284,763.81188350204,785.8980102539062,571600,0.0,0.0
2009-08-03 00:00:00+09:00,787.7384413972908,802.4625244140625,782.2169102660013,802.4625244140625,513200,0.0,0.0
2009-08-04 00:00:00+09:00,815.3462874982122,819.0273091121996,798.7816902352689,804.30322265625,467600,0.0,0.0
2009-08-05 00:00:00+09:00,807.9842756404433,811.6652973973474,789.579166855923,791.419677734375,293200,0.0,0.0
2009-08-06 00:00:00+09:00,785.898093458783,824.5488193665919,785.898093458783,820.8677978515625,481600,0.0,0.0
2009-08-07 00:00:00+09:00,807.9842486098477,809.8247594267266,793.2601620748163,806.1437377929688,358000,0.0,0.0
2009-08-10 00:00:00+09:00,822.708245171441,846.6348831741899,815.3462027090568,844.7943725585938,635600,0.0,0.0
2009-08-11 00:00:00+09:00,839.2730019187087,841.1135128878287,822.708403196629,835.5919799804688,462400,0.0,0.0
2009-08-12 00:00:00+09:00,826.3893168085585,830.070338264276,813.5057417135475,815.3462524414062,376000,0.0,0.0
2009-08-13 00:00:00+09:00,830.0704117484714,848.4755206564198,820.8678572944973,846.635009765625,426800,0.0,0.0
2009-08-14 00:00:00+09:00,855.8373998575929,905.5311843654532,852.1563787829366,903.690673828125,1426400,0.0,0.0
2009-08-17 00:00:00+09:00,885.2855510470233,888.9665720492978,863.1994250333762,872.4019775390625,666000,0.0,0.0
2009-08-18 00:00:00+09:00,853.9971161511479,901.8504028320312,853.9971161511479,901.8504028320312,804400,0.0,0.0
2009-08-19 00:00:00+09:00,892.647545132747,894.4880555350826,874.2424411093914,877.9234619140625,417200,0.0,0.0
2009-08-20 00:00:00+09:00,879.7640472412108,885.285578918457,863.1994522094726,883.445068359375,333200,0.0,0.0
2009-08-21 00:00:00+09:00,887.1260615481606,887.1260615481606,853.9968725276899,872.4019775390625,294000,0.0,0.0
2009-08-24 00:00:00+09:00,894.4882812500001,900.0098138503087,879.7641943158437,894.48828125,406800,0.0,0.0
2009-08-25 00:00:00+09:00,883.4449931210693,888.9665243280759,870.5614203047203,877.9234619140625,464000,0.0,0.0
2009-08-26 00:00:00+09:00,883.4451087998466,905.5312365198428,879.7640875131806,900.0097045898438,460800,0.0,0.0
2009-08-27 00:00:00+09:00,896.328614053847,898.1691245549843,865.0399355345135,872.4019775390625,680000,0.0,0.0
2009-08-28 00:00:00+09:00,872.4021435027427,872.4021435027427,855.8375458412982,865.0401000976562,464400,0.0,0.0
2009-08-31 00:00:00+09:00,872.4021435027427,887.1262303129155,852.156524138755,865.0401000976562,415200,0.0,0.0
2009-09-02 00:00:00+09:00,846.6350789916464,855.8376341980774,844.7945679503601,850.3161010742188,323600,0.0,0.0
2009-09-03 00:00:00+09:00,842.9539982931955,842.9539982931955,824.5488891601562,824.5488891601562,379600,0.0,0.0
2009-09-04 00:00:00+09:00,831.9109328133719,837.4324655532837,820.8678673335484,824.5488891601562,380000,0.0,0.0
2009-09-07 00:00:00+09:00,842.953975218391,846.6349969442355,833.7514209037797,841.1134643554688,248400,0.0,0.0
2009-09-08 00:00:00+09:00,848.4753937897859,848.4753937897859,828.2297770182292,844.7943725585938,224800,0.0,0.0
2009-09-09 00:00:00+09:00,831.9107620002425,850.3158673542301,828.229740929445,830.0702514648438,238000,0.0,0.0
2009-09-10 00:00:00+09:00,839.2727289096395,853.9968118729664,835.5917081688077,848.4752807617188,236000,0.0,0.0
2009-09-11 00:00:00+09:00,828.2299008576766,852.1565424380095,822.7083681852921,846.635009765625,1775600,0.0,0.0
2009-09-14 00:00:00+09:00,837.432502297794,839.2730132918551,809.8248373868778,813.505859375,689600,0.0,0.0
2009-09-15 00:00:00+09:00,831.9108929834092,842.9539579345164,828.2298713330401,833.7514038085938,497600,0.0,0.0
2009-09-16 00:00:00+09:00,842.9539781990698,877.9236847182451,837.4324455907789,868.7211303710938,706800,0.0,0.0
2009-09-17 00:00:00+09:00,881.6046536555056,898.1692504882812,877.923632137111,898.1692504882812,714400,0.0,0.0
2009-09-18 00:00:00+09:00,898.1692283740942,898.1692283740942,877.9236105213995,888.9666748046875,292800,0.0,0.0
2009-09-21 00:00:00+09:00,888.9666748046875,888.9666748046875,888.9666748046875,888.9666748046875,0,0.0,0.0
2009-09-24 00:00:00+09:00,879.7642705177774,903.690913858219,870.5617153868383,901.8504028320312,382800,0.0,0.0
2009-09-25 00:00:00+09:00,855.8374473170231,888.9666388260691,846.6348941200658,874.2425537109375,970000,0.0,0.0
2009-09-28 00:00:00+09:00,848.4755310331072,848.4755310331072,819.0273564202445,824.5488891601562,465600,0.0,0.0
2009-09-29 00:00:00+09:00,830.070338264276,842.9539133592868,813.5057417135475,815.3462524414062,422800,0.0,0.0
2009-09-30 00:00:00+09:00,824.5488454092921,837.4324211188123,822.7083345936463,831.910888671875,331600,0.0,0.0
2009-10-01 00:00:00+09:00,807.9840555453519,813.5055866766414,793.2599725285802,802.4625244140625,618800,0.0,0.0
2009-10-02 00:00:00+09:00,791.4195435749735,796.9410752743338,754.609332245905,761.9713745117188,711600,0.0,0.0
2009-10-05 00:00:00+09:00,754.6094587140548,758.2904804638794,738.0448608398438,738.0448608398438,460400,0.0,0.0
2009-10-06 00:00:00+09:00,747.2474152144055,758.2904804638794,725.1612847154574,738.0448608398438,778800,0.0,0.0
2009-10-07 00:00:00+09:00,741.7258853912354,773.0145703829252,736.204352745643,765.6525268554688,607600,0.0,0.0
2009-10-08 00:00:00+09:00,765.6525628810975,773.0146067549542,747.2474531964558,754.6094970703125,544000,0.0,0.0
2009-10-09 00:00:00+09:00,763.8118426309247,780.3764368084629,754.6092903100703,769.3333740234375,773600,0.0,0.0
2009-10-13 00:00:00+09:00,787.7383571545098,796.9409080558476,780.3763164334397,793.2598876953125,442400,0.0,0.0
2009-10-14 00:00:00+09:00,798.78164171389,798.78164171389,776.6955133715705,784.0575561523438,359200,0.0,0.0
2009-10-15 00:00:00+09:00,802.4625761673748,811.6651286463584,791.4195131925944,798.7815551757812,462800,0.0,0.0
2009-10-16 00:00:00+09:00,796.9411277684101,813.5057239575918,793.2601063930364,807.9841918945312,555200,0.0,0.0
2009-10-19 00:00:00+09:00,798.7816728763712,806.1437159443561,778.5360544394125,796.941162109375,407200,0.0,0.0
2009-10-20 00:00:00+09:00,819.0272783159136,824.5488105292793,811.6652353647593,817.186767578125,404000,0.0,0.0
2009-10-21 00:00:00+09:00,819.0273564202445,835.5919546399798,817.1868455069406,824.5488891601562,403200,0.0,0.0
2009-10-22 00:00:00+09:00,824.5488665891685,842.953975218391,820.867844863324,841.1134643554688,580000,0.0,0.0
2009-10-23 00:00:00+09:00,855.8375979692509,870.5616856762487,853.9970870058761,861.359130859375,437200,0.0,0.0
2009-10-26 00:00:00+09:00,852.1564304127412,879.7640901453354,852.1564304127412,876.0830688476562,494800,0.0,0.0
2009-10-27 00:00:00+09:00,872.4021795864763,872.4021795864763,850.3160484577048,853.9970703125,380000,0.0,0.0
2009-10-28 00:00:00+09:00,855.8373989604265,855.8373989604265,815.3461671816536,830.0702514648438,561600,0.0,0.0
2009-10-29 00:00:00+09:00,820.8677978515625,822.7083086090772,796.9411580038712,820.8677978515625,726000,0.0,0.0
2009-10-30 00:00:00+09:00,830.0704915364583,844.794580078125,822.708447265625,828.22998046875,418800,0.0,0.0
2009-11-02 00:00:00+09:00,789.5792806750145,791.4197918187791,769.333658093604,787.73876953125,896800,0.0,0.0
2009-11-04 00:00:00+09:00,796.941082863263,796.941082863263,785.8980193593841,789.5790405273438,401600,0.0,0.0
2009-11-05 00:00:00+09:00,780.3765650637679,791.4196296637269,761.9714573971696,771.1740112304688,508000,0.0,0.0
2009-11-06 00:00:00+09:00,780.3765650637679,789.579118897067,767.4929896971491,771.1740112304688,465200,0.0,0.0
2009-11-09 00:00:00+09:00,774.8550026763772,787.7385775427302,761.9714278100241,784.0575561523438,642000,0.0,0.0
2009-11-10 00:00:00+09:00,789.5790405273438,804.3031251991823,778.5359770234647,789.5790405273438,519600,0.0,0.0
2009-11-11 00:00:00+09:00,787.7386081304072,796.9411619637063,767.4929896971491,771.1740112304688,405600,0.0,0.0
2009-11-12 00:00:00+09:00,774.8550812647893,782.2171247922457,761.9715050917405,765.6525268554688,404400,0.0,0.0
2009-11-13 00:00:00+09:00,758.2904052734375,765.6524480430825,750.9283625037924,758.2904052734375,714000,0.0,0.0
2009-11-16 00:00:00+09:00,758.2902640548407,765.6523054534314,743.5661812576593,750.92822265625,278400,0.0,0.0
2009-11-17 00:00:00+09:00,758.2904086387845,758.2904086387845,730.6827481300909,734.36376953125,468000,0.0,0.0
2009-11-18 00:00:00+09:00,734.363782740351,749.0878686098316,728.8422505392957,739.8853149414062,505600,0.0,0.0
2009-11-19 00:00:00+09:00,736.2042973770887,736.2042973770887,710.4371469688906,715.9586791992188,526800,0.0,0.0
2009-11-20 00:00:00+09:00,703.0749145823239,717.7989965631056,703.0749145823239,712.2774658203125,325200,0.0,0.0
2009-11-24 00:00:00+09:00,703.0750505766123,708.5965823874234,688.3509657477827,693.8724975585938,473200,0.0,0.0
2009-11-25 00:00:00+09:00,699.3940607706705,710.4371248881022,693.8725287119547,706.756103515625,431200,0.0,0.0
2009-11-26 00:00:00+09:00,701.2345511167105,736.2042531409033,701.2345511167105,723.3206787109375,571600,0.0,0.0
2009-11-27 00:00:00+09:00,695.712975744299,706.7560388513514,677.3078705658784,680.9888916015625,1062000,0.0,0.0
2009-11-30 00:00:00+09:00,692.031982421875,695.71300360497,690.1914718303274,692.031982421875,292000,0.0,0.0
2009-12-01 00:00:00+09:00,673.6269774758136,714.1182165590593,666.2649340061326,710.4371948242188,681200,0.0,0.0
2009-12-02 00:00:00+09:00,710.4370211571762,721.48008366221,703.0749794871537,714.1180419921875,421600,0.0,0.0
2009-12-03 00:00:00+09:00,723.3207021176236,761.97142665826,721.4801914252124,758.2904052734375,608400,0.0,0.0
2009-12-04 00:00:00+09:00,754.6093039614572,776.6954299310607,749.0877724690563,774.8549194335938,513600,0.0,0.0
2009-12-07 00:00:00+09:00,802.4627030336512,833.7513864088165,795.1006598865536,826.3893432617188,1186000,0.0,0.0
2009-12-08 00:00:00+09:00,809.8247333064743,822.7083086090772,798.781668761386,820.8677978515625,714400,0.0,0.0
2009-12-09 00:00:00+09:00,806.1437159443561,809.8247374783487,789.57911904139,796.941162109375,454000,0.0,0.0
2009-12-10 00:00:00+09:00,798.7815841924948,806.143626443117,778.5359680032842,785.8980102539062,405200,0.0,0.0
2009-12-11 00:00:00+09:00,795.1005837429775,822.7082429007198,785.8980306903968,819.0272216796875,1417600,0.0,0.0
2009-12-14 00:00:00+09:00,819.0273265881873,826.3893699732497,800.6222181255314,811.665283203125,356400,0.0,0.0
2009-12-15 00:00:00+09:00,809.8247333064743,824.5488193665919,796.9411580038712,820.8677978515625,425200,0.0,0.0
2009-12-16 00:00:00+09:00,830.0704470731089,842.9540238569487,824.5489141657489,835.5919799804688,372800,0.0,0.0
2009-12-17 00:00:00+09:00,844.7945348260687,844.7945348260687,831.9109580422288,835.5919799804688,294800,0.0,0.0
2009-12-18 00:00:00+09:00,819.0273001146211,828.2298540484933,807.9842353939745,826.3893432617188,405600,0.0,0.0
2009-12-21 00:00:00+09:00,828.2298713330401,837.4324254589628,824.5488496826711,833.7514038085938,229200,0.0,0.0
2009-12-22 00:00:00+09:00,841.1133779874413,855.8374633789062,833.7513352917086,855.8374633789062,312400,0.0,0.0
2009-12-24 00:00:00+09:00,870.5614944458007,883.445068359375,868.7209838867187,883.445068359375,542800,0.0,0.0
2009-12-25 00:00:00+09:00,888.9665049901724,888.9665049901724,866.8803806425905,870.5614013671875,280000,0.0,0.0
2009-12-28 00:00:00+09:00,877.9236148802703,896.3287221104646,865.0400398191342,890.8071899414062,325200,0.0,0.0
2009-12-29 00:00:00+09:00,885.2854770222899,914.733642578125,885.2854770222899,914.733642578125,739600,0.0,0.0
2009-12-30 00:00:00+09:00,903.6908312610744,907.3718529770055,890.8072552553157,892.6477661132812,218400,0.0,0.0
2010-01-04 00:00:00+09:00,892.6475596089392,911.0526639307731,888.9665387445725,907.3716430664062,138400,0.0,0.0
2010-01-05 00:00:00+09:00,916.5743669782366,933.1389639718192,911.0528346470425,927.617431640625,576800,0.0,0.0
2010-01-06 00:00:00+09:00,918.4149833605127,949.7036701683859,909.2124284170205,947.8631591796875,506800,0.0,0.0
2010-01-07 00:00:00+09:00,947.8629969419699,953.384528962991,923.9363581842114,931.2984008789062,648000,0.0,0.0
2010-01-08 00:00:00+09:00,938.6604435736012,947.8629969419699,914.7338048158427,931.2984008789062,1384000,0.0,0.0
2010-01-12 00:00:00+09:00,931.2983142994068,1003.0782238995588,922.0957617865669,993.8756713867188,1437600,0.0,0.0
2010-01-13 00:00:00+09:00,975.4708784969695,990.1949672289992,940.5011677583989,944.1821899414062,1234000,0.0,0.0
2010-01-14 00:00:00+09:00,999.3972747959772,1084.0607640052128,993.875742891027,1073.0177001953125,2809600,0.0,0.0
2010-01-15 00:00:00+09:00,1061.9748134547492,1073.0178791059252,1045.4102149779853,1071.1773681640625,1294400,0.0,0.0
2010-01-18 00:00:00+09:00,1049.0914306640625,1056.4534757915296,1027.0052952816611,1049.0914306640625,900000,0.0,0.0
2010-01-19 00:00:00+09:00,1052.7722397799178,1052.7722397799178,1032.5266197841502,1036.2076416015625,375200,0.0,0.0
2010-01-20 00:00:00+09:00,1049.0911605510305,1061.9747362069204,1032.5265632791723,1038.048095703125,666400,0.0,0.0
2010-01-21 00:00:00+09:00,1027.0050008209282,1060.1341943957968,1010.4404040334939,1050.931640625,885600,0.0,0.0
2010-01-22 00:00:00+09:00,1014.121772641946,1028.8458637147874,1008.6002384896304,1017.8027954101562,784800,0.0,0.0
2010-01-25 00:00:00+09:00,999.3971791511035,1014.121262821838,988.3541163980526,1008.5997314453125,572000,0.0,0.0
2010-01-26 00:00:00+09:00,1001.2377865075614,1027.0049354250355,973.630126953125,973.630126953125,616400,0.0,0.0
2010-01-27 00:00:00+09:00,982.8326874074437,984.6731980580195,949.7034956970805,951.5440063476562,587200,0.0,0.0
2010-01-28 00:00:00+09:00,966.268068784243,1006.7593021428208,958.9060263554107,992.0352172851562,620800,0.0,0.0
2010-01-29 00:00:00+09:00,968.1084970778101,986.5136015849928,957.0654343735005,958.9059448242188,580400,0.0,0.0
2010-02-01 00:00:00+09:00,922.0957853122146,929.4578275103161,874.2425110245548,881.6045532226562,1653600,0.0,0.0
2010-02-02 00:00:00+09:00,911.0526907784599,968.1085158575149,901.8501383463542,966.2680053710938,1632000,0.0,0.0
2010-02-03 00:00:00+09:00,975.4705977919333,1006.75927734375,969.9490661063186,1006.75927734375,1068400,0.0,0.0
2010-02-04 00:00:00+09:00,1001.2377331979756,1001.2377331979756,969.9490540355389,977.3110961914062,688400,0.0,0.0
2010-02-05 00:00:00+09:00,940.5011282915469,986.5139036482763,938.6606172772778,980.9923706054688,1057600,0.0,0.0
2010-02-08 00:00:00+09:00,962.5872470892748,971.7898020327669,946.022648190989,947.8631591796875,737200,0.0,0.0
2010-02-09 00:00:00+09:00,933.1388166155134,966.2680053710939,933.1388166155134,966.2680053710938,654400,0.0,0.0
2010-02-10 00:00:00+09:00,984.6734335928252,999.3975223194468,971.7898559570311,971.7898559570312,638000,0.0,0.0
2010-02-12 00:00:00+09:00,990.1946822869058,1006.75927734375,984.6731506012911,1006.75927734375,754800,0.0,0.0
2010-02-15 00:00:00+09:00,1010.4403775140723,1023.3239524550532,1006.7593561023635,1014.1213989257812,457200,0.0,0.0
2010-02-16 00:00:00+09:00,1030.6860977564104,1030.6860977564104,997.5569017570971,1004.9189453125,386400,0.0,0.0
2010-02-17 00:00:00+09:00,1021.4836903728504,1049.0913576802247,1017.8026680652006,1043.56982421875,442800,0.0,0.0
2010-02-18 00:00:00+09:00,1049.0911298708406,1056.453172887478,1038.0480653458844,1050.931640625,442400,0.0,0.0
2010-02-19 00:00:00+09:00,1065.6556814265123,1076.6987454827456,1028.8454679057347,1032.5264892578125,670000,0.0,0.0
2010-02-22 00:00:00+09:00,1063.8151890037334,1067.4962104189713,1027.004974851355,1039.8885498046875,776800,0.0,0.0
2010-02-23 00:00:00+09:00,1025.1642694982345,1039.8883523635593,1017.8022280655721,1034.3668212890625,391600,0.0,0.0
2010-02-24 00:00:00+09:00,1015.9618393528006,1017.8023499313382,1003.0782653030368,1010.4403076171875,528000,0.0,0.0
2010-02-25 00:00:00+09:00,1012.280850329336,1021.4834035141481,971.7896163161626,973.630126953125,1077200,0.0,0.0
2010-02-26 00:00:00+09:00,975.4708781386867,984.6734335928252,962.5873005028926,971.7898559570312,552000,0.0,0.0
2010-03-01 00:00:00+09:00,982.8326400394196,1008.5997879056216,973.6300872300617,1006.75927734375,478400,0.0,0.0
2010-03-02 00:00:00+09:00,1006.7592209864707,1023.323815116047,995.7161582334198,1008.5997314453125,433200,0.0,0.0
2010-03-03 00:00:00+09:00,1003.0784344236494,1008.5999670902015,993.8758799793957,1004.9189453125,465600,0.0,0.0
2010-03-04 00:00:00+09:00,1001.2377133969908,1014.1212869149667,992.0351608841507,993.8756713867188,422000,0.0,0.0
2010-03-05 00:00:00+09:00,1012.2812612578408,1025.164840946577,1012.2812612578408,1017.8027954101562,448400,0.0,0.0
2010-03-08 00:00:00+09:00,1039.8885847427873,1058.29369243735,1034.3670524344186,1054.6126708984375,1109200,0.0,0.0
2010-03-09 00:00:00+09:00,1047.2509193821957,1063.8155209189968,1038.048362972862,1049.0914306640625,856800,0.0,0.0
2010-03-10 00:00:00+09:00,1054.6124920654297,1117.1898476155598,1054.6124920654297,1104.3062744140625,1855600,0.0,0.0
2010-03-11 00:00:00+09:00,1119.0308070866142,1176.0866541584646,1119.0308070866142,1168.724609375,2482400,0.0,0.0
2010-03-12 00:00:00+09:00,1183.4485178053753,1183.4485178053753,1144.797788607999,1170.56494140625,2482000,0.0,0.0
2010-03-15 00:00:00+09:00,1166.8834228515625,1170.5644431129238,1150.318831675436,1166.8834228515625,555200,0.0,0.0
2010-03-16 00:00:00+09:00,1163.202749875992,1166.883771236359,1152.1596857948907,1159.521728515625,444400,0.0,0.0
2010-03-17 00:00:00+09:00,1185.2889361562975,1211.056086942304,1176.0863823041525,1209.215576171875,1376000,0.0,0.0
2010-03-18 00:00:00+09:00,1200.0128751653117,1211.0559384337041,1170.5647064495984,1174.2457275390625,914800,0.0,0.0
2010-03-19 00:00:00+09:00,1179.7674474581868,1183.4484691351233,1168.724382427377,1176.08642578125,510400,0.0,0.0
2010-03-23 00:00:00+09:00,1165.0432037982246,1168.7242249792614,1155.840650845632,1161.3621826171875,458400,0.0,0.0
2010-03-24 00:00:00+09:00,1177.9271653543308,1192.65125492126,1163.2030757874018,1168.724609375,948400,0.0,0.0
2010-03-25 00:00:00+09:00,1177.9267563169985,1207.3749252249233,1168.724203533272,1201.8533935546875,1175600,0.0,0.0
2010-03-26 00:00:00+09:00,1220.25845132223,1240.504066653368,1192.6507940524962,1207.3748779296875,2203600,0.0,0.0
2010-03-29 00:00:00+09:00,1244.1851694698416,1266.271296738537,1238.6636376526678,1264.4307861328125,1186400,0.0,0.0
2010-03-30 00:00:00+09:00,1279.1544646334785,1284.6759946966447,1258.9088544018696,1273.6329345703125,1132800,0.0,0.0
2010-03-31 00:00:00+09:00,1273.6332542441808,1275.4737647271925,1253.3876389310508,1255.2281494140625,709200,0.0,0.0
2010-04-01 00:00:00+09:00,1255.2279836222915,1292.038188420599,1238.663391463053,1284.6761474609375,1504400,0.0,0.0
2010-04-02 00:00:00+09:00,1282.8354846755892,1295.719054822977,1268.1114045071463,1273.6329345703125,794800,0.0,0.0
2010-04-05 00:00:00+09:00,1292.038516136908,1373.020987233808,1292.038516136908,1369.3399658203125,1780400,0.0,0.0
2010-04-06 00:00:00+09:00,1345.4135256567183,1365.6591464258345,1338.051481740676,1350.93505859375,1130000,0.0,0.0
2010-04-07 00:00:00+09:00,1363.8184070121952,1380.3830030487804,1354.6158536585365,1358.296875,1759600,0.0,0.0
2010-04-08 00:00:00+09:00,1339.8918589827406,1339.8918589827406,1306.7626646672334,1319.646240234375,1161200,0.0,0.0
2010-04-09 00:00:00+09:00,1317.8056519730055,1347.2538229668157,1299.4005451018743,1338.05126953125,1838800,0.0,0.0
2010-04-12 00:00:00+09:00,1365.658879029799,1389.5855170721,1358.296836555245,1367.4993896484375,1156000,0.0,0.0
2010-04-13 00:00:00+09:00,1350.93472213104,1352.7752326516545,1304.9219591156775,1314.12451171875,1273600,0.0,0.0
2010-04-14 00:00:00+09:00,1319.6461479079555,1327.0081905741088,1301.2410412425727,1306.7625732421875,1020800,0.0,0.0
2010-04-15 00:00:00+09:00,1332.5295406722487,1332.5295406722487,1301.240863612265,1308.6029052734375,664400,0.0,0.0
2010-04-16 00:00:00+09:00,1308.6034523943345,1310.4439635791366,1273.6337398830935,1279.1552734375,1119600,0.0,0.0
2010-04-19 00:00:00+09:00,1257.0690016887597,1264.4310456225153,1236.823380870932,1244.1854248046875,1011200,0.0,0.0
2010-04-20 00:00:00+09:00,1253.3878214030922,1260.7498644069283,1227.620670889666,1229.461181640625,721600,0.0,0.0
2010-04-21 00:00:00+09:00,1247.8664005510402,1284.6766188563806,1247.8664005510402,1277.3145751953125,1547200,0.0,0.0
2010-04-22 00:00:00+09:00,1269.9524140883123,1280.9954785586453,1249.7067958927014,1253.3878173828125,1141200,0.0,0.0
2010-04-23 00:00:00+09:00,1262.5903051039752,1271.7928583481732,1238.6636666690601,1251.5472412109375,825200,0.0,0.0
2010-04-26 00:00:00+09:00,1251.5473413121372,1279.155003252846,1251.5473413121372,1268.1119384765625,852000,0.0,0.0
2010-04-27 00:00:00+09:00,1249.706492374935,1325.1674145949237,1249.706492374935,1323.326904296875,1230800,0.0,0.0
2010-04-28 00:00:00+09:00,1280.9952105978261,1297.5598038383152,1269.9521484375,1269.9521484375,1294800,0.0,0.0
2010-04-30 00:00:00+09:00,1288.3573676215278,1293.8788991970487,1242.3446044921875,1242.3446044921875,1048800,0.0,0.0
2010-05-06 00:00:00+09:00,1205.5344367896319,1205.5344367896319,1148.4786084835578,1161.3621826171875,2343600,0.0,0.0
2010-05-07 00:00:00+09:00,1106.1465904360912,1139.2757728451588,1078.538938428535,1122.711181640625,1734000,0.0,0.0
2010-05-10 00:00:00+09:00,1141.116886353915,1165.043530745207,1122.7117752836907,1142.9573974609375,1284800,0.0,0.0
2010-05-11 00:00:00+09:00,1161.362282347835,1177.9268790849674,1119.030535130719,1126.392578125,1322400,0.0,0.0
2010-05-12 00:00:00+09:00,1124.552212893864,1144.797833747927,1093.263526119403,1109.828125,1106800,0.0,0.0
2010-05-13 00:00:00+09:00,1128.2328821982107,1154.0000279580393,1126.3923717867945,1141.116455078125,773600,0.0,0.0
2010-05-14 00:00:00+09:00,1122.711621730985,1148.4787737051386,1109.828045743908,1128.233154296875,1415600,0.0,0.0
2010-05-17 00:00:00+09:00,1109.82791289498,1109.82791289498,1060.1341257504287,1073.0177001953125,1525200,0.0,0.0
2010-05-18 00:00:00+09:00,1089.5822588315218,1095.1037905485734,1043.5694945227583,1058.2935791015625,1065600,0.0,0.0
2010-05-19 00:00:00+09:00,1039.8883172396957,1071.1769922716865,1010.4401525037042,1067.4959716796875,1895200,0.0,0.0
2010-05-20 00:00:00+09:00,1063.8152110147819,1071.1772539975832,1019.6429531179743,1023.323974609375,1088000,0.0,0.0
2010-05-21 00:00:00+09:00,986.5138238446708,1010.4404650946349,977.3112695177616,999.3973999023438,1527600,0.0,0.0
2010-05-24 00:00:00+09:00,995.7161396251005,1021.4832855673397,962.5869519850787,1001.2376708984375,1759200,0.0,0.0
2010-05-25 00:00:00+09:00,992.0352499783612,999.3972926498147,947.8629939496402,955.2250366210938,1094000,0.0,0.0
2010-05-26 00:00:00+09:00,968.1087842837784,980.992361260939,938.6606083359828,949.7036743164062,1290800,0.0,0.0
2010-05-27 00:00:00+09:00,936.8200061876237,995.7163523526609,933.1389845523089,988.3543090820312,2039200,0.0,0.0
2010-05-28 00:00:00+09:00,1010.4405033277428,1030.6861236129982,997.5569267825804,1015.9620361328125,1434800,0.0,0.0
2010-05-31 00:00:00+09:00,1012.2806969910754,1045.409883438056,1006.7591659165786,1034.3668212890625,1371200,0.0,0.0
2010-06-01 00:00:00+09:00,1034.3666589040158,1045.409719319361,992.0349273118586,997.5564575195312,1535600,0.0,0.0
2010-06-02 00:00:00+09:00,979.1515597821198,1003.0781956414572,949.7033925706274,958.9059448242188,1356000,0.0,0.0
2010-06-03 00:00:00+09:00,975.4706741028385,1019.6429310433444,971.7896526911297,1014.1213989257812,1190000,0.0,0.0
2010-06-04 00:00:00+09:00,1019.6427384237377,1052.7719248707183,1019.6427384237377,1034.3668212890625,1450800,0.0,0.0
2010-06-07 00:00:00+09:00,997.5565424075072,1003.0780730850395,960.746337890625,960.746337890625,1227600,0.0,0.0
2010-06-08 00:00:00+09:00,951.5439214797248,993.8756626674108,951.5439214797248,966.2680053710938,1358800,0.0,0.0
2010-06-09 00:00:00+09:00,957.0653866881728,969.9489592012827,929.457731302937,940.5007934570312,1462000,0.0,0.0
2010-06-10 00:00:00+09:00,953.3846921457828,957.0657141231795,922.0960053379096,947.8631591796875,1545200,0.0,0.0
2010-06-11 00:00:00+09:00,980.9924114111698,990.1949668653083,962.5873005028926,971.7898559570312,2262000,0.0,0.0
2010-06-14 00:00:00+09:00,990.1946085685031,1025.164306640625,990.1946085685031,1025.164306640625,1016800,0.0,0.0
2010-06-15 00:00:00+09:00,1012.2806638425535,1032.5262771194045,1008.5996432467624,1021.4832153320312,894800,0.0,0.0
2010-06-16 00:00:00+09:00,1050.9315637270063,1078.5392230193095,1050.9315637270063,1069.336669921875,1261200,0.0,0.0
2010-06-17 00:00:00+09:00,1078.5393949198474,1107.9875695251676,1056.4532639658573,1063.8153076171875,2154400,0.0,0.0
2010-06-18 00:00:00+09:00,1078.5393496519769,1106.1470121857303,1067.4962846384753,1096.9444580078125,1731600,0.0,0.0
2010-06-21 00:00:00+09:00,1115.3495434223194,1166.883845758664,1115.3495434223194,1165.0433349609375,1851200,0.0,0.0
2010-06-22 00:00:00+09:00,1165.043522503534,1181.6081223495557,1130.0738117174878,1139.2763671875,1814400,0.0,0.0
2010-06-23 00:00:00+09:00,1120.8710104834954,1128.2330532452918,1089.5823287458609,1111.66845703125,1051600,0.0,0.0
2010-06-24 00:00:00+09:00,1119.0306811286407,1152.1598789252123,1102.466082230355,1137.435791015625,1126000,0.0,0.0
2010-06-25 00:00:00+09:00,1115.3495309012278,1115.3495309012278,1080.3798261369977,1082.2203369140625,1240000,0.0,0.0
2010-06-28 00:00:00+09:00,1087.7417482591713,1095.1037905485734,1045.4100050951088,1058.2935791015625,994000,0.0,0.0
2010-06-29 00:00:00+09:00,1050.931671359015,1082.2203550947472,1025.164520047235,1038.048095703125,1207200,0.0,0.0
2010-06-30 00:00:00+09:00,1001.2376896099453,1015.9617732806797,986.5136059392107,1008.5997314453125,1103600,0.0,0.0
2010-07-01 00:00:00+09:00,993.8760474420363,1003.0786034368699,964.4278682585685,969.9494018554688,1113600,0.0,0.0
2010-07-02 00:00:00+09:00,975.4708416542311,995.7164628961114,962.5872645003072,982.8328857421875,1006800,0.0,0.0
2010-07-05 00:00:00+09:00,975.4707641601562,992.0353620421212,968.1087206570608,975.4707641601562,686800,0.0,0.0
2010-07-06 00:00:00+09:00,964.4275033456308,997.5566923918548,934.9793353045428,993.8756713867188,1008000,0.0,0.0
2010-07-07 00:00:00+09:00,995.7165001377914,1006.7595666827577,960.7467894120649,971.7898559570312,993200,0.0,0.0
2010-07-08 00:00:00+09:00,1008.5998015802556,1019.6428651012073,997.5567380593039,1012.2808227539062,932800,0.0,0.0
2010-07-09 00:00:00+09:00,1023.323965795634,1028.8454979851788,995.71630484791,1019.6429443359375,1124000,0.0,0.0
2010-07-12 00:00:00+09:00,1015.9619316265738,1049.0911250491795,1014.1214208808734,1023.323974609375,908800,0.0,0.0
2010-07-13 00:00:00+09:00,1036.2075498292772,1049.0911250491795,1014.1214208808734,1023.323974609375,1009200,0.0,0.0
2010-07-14 00:00:00+09:00,1060.1341168244408,1073.0176911608487,1047.2505424880326,1069.336669921875,991600,0.0,0.0
2010-07-15 00:00:00+09:00,1056.4530979210222,1056.4530979210222,1038.0479916854642,1045.4100341796875,1171600,0.0,0.0
2010-07-16 00:00:00+09:00,1028.8456612919153,1032.5266833358937,975.4708416542311,982.8328857421875,1887600,0.0,0.0
2010-07-21 00:00:00+09:00,980.992185971181,984.6732073069078,936.8199299424599,955.2250366210938,875200,0.0,0.0
2010-07-22 00:00:00+09:00,947.8628774789664,957.0654296875,927.6172626201924,933.1387939453125,1177600,0.0,0.0
2010-07-23 00:00:00+09:00,968.1083066553102,984.6728974535949,957.0652461231203,979.1513671875,957600,0.0,0.0
2010-07-26 00:00:00+09:00,995.715947450307,1001.2374776579798,988.3539071734101,997.5564575195312,668800,0.0,0.0
2010-07-27 00:00:00+09:00,993.8759518741222,1003.0785069840678,979.1518636982092,982.8328857421875,722000,0.0,0.0
2010-07-28 00:00:00+09:00,1003.0787204594357,1010.4407661141838,988.3546291499393,995.7166748046875,874800,0.0,0.0
2010-07-29 00:00:00+09:00,977.3111794315167,995.7162863887958,975.4706687357889,986.5137329101562,620000,0.0,0.0
2010-07-30 00:00:00+09:00,977.3111691988431,986.5137225811299,957.0655517578125,957.0655517578125,884800,0.0,0.0
2010-08-02 00:00:00+09:00,920.2551492830602,929.4577007758908,888.9664742074361,905.5310668945312,2058800,0.0,0.0
2010-08-03 00:00:00+09:00,927.6172578204234,927.6172578204234,890.8070491767559,907.3716430664062,1409600,0.0,0.0
2010-08-04 00:00:00+09:00,894.4880062650561,894.4880062650561,855.8372899449612,859.518310546875,1654800,0.0,0.0
2010-08-05 00:00:00+09:00,876.0831385656381,881.604670951556,866.8805845891083,879.76416015625,1064800,0.0,0.0
2010-08-06 00:00:00+09:00,861.3589371778771,907.3717009160116,855.837405529301,881.6045532226562,1158000,0.0,0.0
2010-08-09 00:00:00+09:00,861.358849555695,879.7639531786799,857.677828831098,870.5614013671875,881600,0.0,0.0
2010-08-10 00:00:00+09:00,874.2424411093914,896.3285659374181,866.8803995000492,877.9234619140625,1401600,0.0,0.0
2010-08-11 00:00:00+09:00,863.1995725378526,863.1995725378526,830.0703778562292,831.910888671875,1019600,0.0,0.0
2010-08-12 00:00:00+09:00,806.1438044745491,839.2730019187087,798.7817605980692,835.5919799804688,1616800,0.0,0.0
2010-08-13 00:00:00+09:00,842.9539579345164,842.9539579345164,811.6652739063793,833.7514038085938,1020800,0.0,0.0
2010-08-16 00:00:00+09:00,820.8677890537022,822.7082997914907,804.3031924136051,817.186767578125,754400,0.0,0.0
2010-08-17 00:00:00+09:00,802.4627934106335,822.7084143453054,802.4627934106335,813.505859375,628400,0.0,0.0
2010-08-18 00:00:00+09:00,824.5488193665919,833.7513731541655,809.8247333064743,820.8677978515625,1065600,0.0,0.0
2010-08-19 00:00:00+09:00,815.3461983360057,844.7943680275996,815.3461983360057,842.953857421875,776000,0.0,0.0
2010-08-20 00:00:00+09:00,820.8678374344529,830.0703916657809,811.665283203125,811.665283203125,1026800,0.0,0.0
2010-08-23 00:00:00+09:00,809.824647568428,809.824647568428,782.2169891285953,785.8980102539062,805600,0.0,0.0
2010-08-24 00:00:00+09:00,769.3335486191969,780.3766139103816,760.1309942098763,765.6525268554688,772400,0.0,0.0
2010-08-25 00:00:00+09:00,752.7689984855006,774.8551304704052,750.9284874867585,760.1310424804688,718800,0.0,0.0
2010-08-26 00:00:00+09:00,767.4930738495617,773.0146067549542,750.9284751333842,754.6094970703125,758400,0.0,0.0
2010-08-27 00:00:00+09:00,745.4067064681143,785.8979349676168,743.5661960817733,780.3764038085938,932800,0.0,0.0
2010-08-30 00:00:00+09:00,804.3030866631715,819.0271706295454,789.5790026967976,798.7815551757812,898400,0.0,0.0
2010-08-31 00:00:00+09:00,787.7385529839142,787.7385529839142,749.0878295898438,749.0878295898438,1112400,0.0,0.0
2010-09-01 00:00:00+09:00,750.9284874867585,767.4930864754369,747.2474654892744,760.1310424804688,822000,0.0,0.0
2010-09-02 00:00:00+09:00,776.6954865955171,780.3765078590029,763.8119121733166,773.0144653320312,770000,0.0,0.0
2010-09-03 00:00:00+09:00,776.6955907067587,795.1006994912791,763.8120145575945,791.419677734375,742800,0.0,0.0
2010-09-06 00:00:00+09:00,806.1437414308258,833.7514038085938,800.6222089552722,833.7514038085938,936000,0.0,0.0
2010-09-07 00:00:00+09:00,830.0704792201919,841.1135454625892,817.1869019373952,822.7084350585938,832000,0.0,0.0
2010-09-08 00:00:00+09:00,800.6220947551504,802.4626053178059,782.2169891285953,785.8980102539062,708800,0.0,0.0
2010-09-09 00:00:00+09:00,800.6221923828125,813.505767892421,798.7816815957256,800.6221923828125,560400,0.0,0.0
2010-09-10 00:00:00+09:00,800.622115574526,831.9107959533006,800.622115574526,819.0272216796875,856400,0.0,0.0
2010-09-13 00:00:00+09:00,837.4322185392235,857.6778326137982,833.7511977983918,848.4752807617188,1120000,0.0,0.0
2010-09-14 00:00:00+09:00,857.6781452393635,861.3591673219358,842.954056909074,850.3161010742188,893600,0.0,0.0
2010-09-16 00:00:00+09:00,896.3287221104646,901.8502542795229,879.7641256032897,890.8071899414062,1026400,0.0,0.0
2010-09-17 00:00:00+09:00,901.850315078674,916.5744018554688,896.328782537376,916.5744018554688,758000,0.0,0.0
2010-09-21 00:00:00+09:00,931.298385526505,940.50093874317,898.1691939465107,900.0097045898438,1244400,0.0,0.0
2010-09-22 00:00:00+09:00,887.1260848712324,890.8071059702831,876.0830215740801,881.6045532226562,653600,0.0,0.0
2010-09-24 00:00:00+09:00,866.8804840543377,879.7640581273321,853.9969099813433,863.199462890625,942400,0.0,0.0
2010-09-27 00:00:00+09:00,866.8804733276367,888.966600036621,853.9968994140625,883.445068359375,649600,0.0,0.0
2010-09-28 00:00:00+09:00,879.7640875131806,911.0527684498418,876.0830662265146,900.0097045898438,972800,0.0,0.0
2010-09-29 00:00:00+09:00,887.1260139257404,890.8070347304115,866.8803995000492,877.9234619140625,1302800,0.0,0.0
2010-09-30 00:00:00+09:00,879.7639570587887,881.6044674292045,846.6347703913029,848.4752807617188,902800,0.0,0.0
2010-10-01 00:00:00+09:00,859.5186030946929,865.0401358768859,848.4755375303072,853.9970703125,925600,0.0,0.0
2010-10-04 00:00:00+09:00,850.3159313571068,874.2425701182376,846.6349100092406,855.8374633789062,683200,0.0,0.0
2010-10-05 00:00:00+09:00,866.8805675819273,900.0097612474785,865.04005682273,898.1692504882812,1611200,0.0,0.0
2010-10-06 00:00:00+09:00,905.5313823827357,936.820068359375,905.5313823827357,936.820068359375,1627200,0.0,0.0
2010-10-07 00:00:00+09:00,927.6175260543823,947.8631466627121,918.4149712324142,942.3416137695312,1045200,0.0,0.0
2010-10-08 00:00:00+09:00,944.1820197238391,944.1820197238391,923.9364013671876,923.9364013671875,928000,0.0,0.0
2010-10-12 00:00:00+09:00,929.4577007758908,938.6602522687214,903.6905565959651,905.5310668945312,732400,0.0,0.0
2010-10-13 00:00:00+09:00,918.4146632726043,920.2551736198441,903.6905804946869,914.733642578125,859600,0.0,0.0
2010-10-14 00:00:00+09:00,922.0959036345529,929.4579467773438,909.212328134669,929.4579467773438,839200,0.0,0.0
2010-10-15 00:00:00+09:00,931.2984710569807,931.2984710569807,901.8502980591314,909.2123413085938,749600,0.0,0.0
2010-10-18 00:00:00+09:00,909.2122578065088,912.8932790931748,896.3286833031777,900.0097045898438,402400,0.0,0.0
2010-10-19 00:00:00+09:00,901.8501815025253,922.0957978219698,900.0096709280303,911.052734375,477600,0.0,0.0
2010-10-20 00:00:00+09:00,890.8072074514921,901.8502720066759,877.923632137111,898.1692504882812,581200,0.0,0.0
2010-10-21 00:00:00+09:00,912.893314085145,912.893314085145,883.4451426630435,888.9666748046875,750800,0.0,0.0
2010-10-22 00:00:00+09:00,885.2857269161523,898.1693029835392,885.2857269161523,894.48828125,458000,0.0,0.0
2010-10-25 00:00:00+09:00,896.328580473306,912.8931743629564,896.328580473306,907.3716430664062,566000,0.0,0.0
2010-10-26 00:00:00+09:00,898.1691185104584,922.0957548642206,898.1691185104584,918.4147338867188,644000,0.0,0.0
2010-10-27 00:00:00+09:00,898.1691185104584,929.4577968192244,898.1691185104584,918.4147338867188,698000,0.0,0.0
2010-10-28 00:00:00+09:00,918.4147338867188,923.9362653529715,911.052691931715,918.4147338867188,669600,0.0,0.0
2010-10-29 00:00:00+09:00,918.4148868576752,923.9364192435931,879.76416015625,879.76416015625,937200,0.0,0.0
2010-11-01 00:00:00+09:00,868.7209793759787,890.8071059702831,855.837405529301,881.6045532226562,936800,0.0,0.0
2010-11-02 00:00:00+09:00,876.0829032554872,876.0829032554872,857.6778002459181,859.518310546875,499600,0.0,0.0
2010-11-04 00:00:00+09:00,866.8804226317346,888.9665480491037,865.0399121802873,887.1260375976562,759600,0.0,0.0
2010-11-05 00:00:00+09:00,866.880527422505,879.7641021400369,848.4754206831738,855.8374633789062,1804400,0.0,0.0
2010-11-08 00:00:00+09:00,861.3588912773924,890.8070585005511,861.3588912773924,887.1260375976562,992000,0.0,0.0
2010-11-09 00:00:00+09:00,911.0527834684952,934.9794222262537,905.5312514474741,931.2984008789062,1560000,0.0,0.0
2010-11-10 00:00:00+09:00,938.6604406103232,955.2250366210936,934.9794192745965,955.2250366210938,1132800,0.0,0.0
2010-11-11 00:00:00+09:00,969.9490899986592,999.3972597139885,964.427558177035,992.0352172851562,1340800,0.0,0.0
2010-11-12 00:00:00+09:00,984.6730766149102,990.194607885648,949.703378566904,953.3843994140625,1052400,0.0,0.0
2010-11-15 00:00:00+09:00,962.5867763892153,982.8323873648967,951.5437158570254,979.1513671875,648800,0.0,0.0
2010-11-16 00:00:00+09:00,993.875894421729,1003.0784489997079,975.470785265771,984.67333984375,927600,0.0,0.0
2010-11-17 00:00:00+09:00,966.2680329576051,980.99211726934,958.9059908017376,977.3110961914062,593600,0.0,0.0
2010-11-18 00:00:00+09:00,968.1082964119436,997.5564575195312,968.1082964119436,997.5564575195312,740400,0.0,0.0
2010-11-19 00:00:00+09:00,1015.9622840260512,1028.8458637147874,1003.078704337315,1017.8027954101562,946800,0.0,0.0
2010-11-22 00:00:00+09:00,1027.0052623517386,1067.4965092544953,1025.1647511288859,1061.9749755859375,1909200,0.0,0.0
2010-11-24 00:00:00+09:00,1028.8452631140844,1056.452917759364,1027.0047528043992,1047.2503662109375,1127200,0.0,0.0
2010-11-25 00:00:00+09:00,1061.974796704355,1065.65581853002,1049.0912203145274,1063.8153076171875,871200,0.0,0.0
2010-11-26 00:00:00+09:00,1065.6557355151751,1069.3367570540875,1045.4101170511562,1054.6126708984375,754800,0.0,0.0
2010-11-29 00:00:00+09:00,1069.3367087046304,1071.1772193908691,1049.0910911560059,1060.1341552734375,806400,0.0,0.0
2010-11-30 00:00:00+09:00,1056.4531860351562,1060.1342075892858,1025.164502825056,1030.68603515625,1311600,0.0,0.0
2010-12-01 00:00:00+09:00,1030.6859962665928,1039.8885498046875,1023.3239534361172,1039.8885498046875,945600,0.0,0.0
2010-12-02 00:00:00+09:00,1073.0177001953125,1074.8582108302958,1061.9746363854122,1073.0177001953125,971200,0.0,0.0
2010-12-03 00:00:00+09:00,1091.4230631510416,1095.1040852864583,1069.3369303385416,1076.698974609375,739600,0.0,0.0
2010-12-06 00:00:00+09:00,1071.177095630173,1087.7416898924953,1069.3365851565816,1084.0606689453125,577200,0.0,0.0
2010-12-07 00:00:00+09:00,1084.0605935366893,1084.0605935366893,1065.6554900810581,1078.5390625,525600,0.0,0.0
2010-12-08 00:00:00+09:00,1091.422890799386,1098.7849339076452,1082.2203369140625,1082.2203369140625,754400,0.0,0.0
2010-12-09 00:00:00+09:00,1084.0605935366893,1087.7416142278157,1069.3365107721843,1078.5390625,689600,0.0,0.0
2010-12-10 00:00:00+09:00,1096.9445963541666,1098.785107421875,1063.8153971354166,1076.698974609375,2581600,0.0,0.0
2010-12-13 00:00:00+09:00,1071.1775931604395,1093.2637291018918,1056.4535025328046,1091.4232177734375,1280400,0.0,0.0
2010-12-14 00:00:00+09:00,1091.422869147168,1104.30644433103,1085.9013369255129,1098.784912109375,1138800,0.0,0.0
2010-12-15 00:00:00+09:00,1107.9875973301857,1111.6686192482262,1091.4229986990035,1102.466064453125,936400,0.0,0.0
2010-12-16 00:00:00+09:00,1104.3065837536396,1109.828116672408,1087.741984997335,1106.1470947265625,958000,0.0,0.0
2010-12-17 00:00:00+09:00,1109.8279813878678,1130.0735996221406,1106.1469598907272,1126.392578125,1116400,0.0,0.0
2010-12-20 00:00:00+09:00,1128.2330532452918,1137.4356066975372,1104.3064142694536,1111.66845703125,714000,0.0,0.0
2010-12-21 00:00:00+09:00,1117.1900416782923,1137.4356602260045,1117.1900416782923,1133.754638671875,605600,0.0,0.0
2010-12-22 00:00:00+09:00,1139.2763020043233,1150.3193679365138,1130.0737470608312,1137.435791015625,770400,0.0,0.0
2010-12-24 00:00:00+09:00,1124.5521325862815,1133.754686862765,1117.1900891650948,1128.233154296875,498400,0.0,0.0
2010-12-27 00:00:00+09:00,1130.073629804132,1165.0433349609375,1128.2331190064056,1165.0433349609375,653200,0.0,0.0
2010-12-28 00:00:00+09:00,1148.4787683456468,1157.6813225791857,1148.4787683456468,1152.1597900390625,352400,0.0,0.0
2010-12-29 00:00:00+09:00,1155.8410310039371,1172.4056317667323,1154.000519808071,1168.724609375,470400,0.0,0.0
2010-12-30 00:00:00+09:00,1165.0430904265372,1165.0430904265372,1131.9139030210433,1141.116455078125,808400,0.0,0.0
2011-01-04 00:00:00+09:00,1165.0431748154022,1187.129301352187,1159.521643181206,1174.2457275390625,885600,0.0,0.0
2011-01-05 00:00:00+09:00,1176.0863126614909,1181.607844645817,1165.0432486928382,1179.767333984375,731200,0.0,0.0
2011-01-06 00:00:00+09:00,1200.0128543738163,1233.1420436049953,1198.172343860973,1214.7369384765625,1302800,0.0,0.0
2011-01-07 00:00:00+09:00,1207.374887205547,1216.5774396994918,1198.1723347116024,1211.055908203125,753200,0.0,0.0
2011-01-11 00:00:00+09:00,1201.8533001854307,1244.185039701916,1200.0127897716704,1236.822998046875,1175600,0.0,0.0
2011-01-12 00:00:00+09:00,1269.9522623697917,1282.835836046007,1238.6635834418403,1242.3446044921875,1610000,0.0,0.0
2011-01-13 00:00:00+09:00,1257.0688032175776,1262.590335296132,1234.9826749033596,1238.6636962890625,901200,0.0,0.0
2011-01-14 00:00:00+09:00,1222.0990645559211,1242.344681589227,1220.2585539165298,1223.9395751953125,1114800,0.0,0.0
2011-01-17 00:00:00+09:00,1227.6205964740955,1244.1851922286185,1220.2585539165298,1223.9395751953125,698000,0.0,0.0
2011-01-18 00:00:00+09:00,1223.9394251505535,1240.5040188743956,1214.7368730817523,1236.822998046875,588800,0.0,0.0
2011-01-19 00:00:00+09:00,1236.8229984032848,1260.7496337890625,1234.982487988994,1260.7496337890625,695200,0.0,0.0
2011-01-20 00:00:00+09:00,1253.387763737563,1255.2282744038444,1227.620614409625,1231.3016357421875,686000,0.0,0.0
2011-01-21 00:00:00+09:00,1234.9828498816564,1234.9828498816564,1172.4054774584429,1181.6080322265625,1141200,0.0,0.0
2011-01-24 00:00:00+09:00,1181.607918875558,1194.491494315011,1165.0433218819755,1185.2889404296875,726000,0.0,0.0
2011-01-25 00:00:00+09:00,1196.332082143363,1227.620767368651,1185.289016769732,1218.418212890625,992000,0.0,0.0
2011-01-26 00:00:00+09:00,1212.896418701914,1229.4610131910144,1209.215397704336,1211.055908203125,541200,0.0,0.0
2011-01-27 00:00:00+09:00,1222.0991261275772,1255.2283193057344,1212.8965724669781,1249.706787109375,1100400,0.0,0.0
2011-01-28 00:00:00+09:00,1277.3141898777174,1279.1547002377717,1255.2280655570653,1269.9521484375,1133200,0.0,0.0
2011-01-31 00:00:00+09:00,1236.8229984032848,1266.2711650319343,1220.2584046746692,1260.7496337890625,1025200,0.0,0.0
2011-02-01 00:00:00+09:00,1262.590567962468,1271.7931231225443,1234.982902482239,1258.9095458984375,1111200,0.0,0.0
2011-02-02 00:00:00+09:00,1269.9527175134892,1282.8362958071043,1268.112206328687,1279.1552734375,846400,0.0,0.0
2011-02-03 00:00:00+09:00,1284.676595978174,1304.9222156855665,1280.9955742131935,1293.879150390625,978800,0.0,0.0
2011-02-04 00:00:00+09:00,1315.964863104681,1328.8484351910206,1310.4433322105356,1323.326904296875,1032000,0.0,0.0
2011-02-07 00:00:00+09:00,1354.6159188937754,1373.0210264874408,1345.4133650969427,1360.137451171875,1240000,0.0,0.0
2011-02-08 00:00:00+09:00,1369.3399390243903,1378.5424923780488,1354.6158536585365,1358.296875,904000,0.0,0.0
2011-02-09 00:00:00+09:00,1365.6589965820312,1367.499507359096,1332.5298025948662,1339.891845703125,779600,0.0,0.0
2011-02-10 00:00:00+09:00,1341.7320934280126,1360.1371975902625,1341.7320934280126,1356.4561767578125,900000,0.0,0.0
2011-02-14 00:00:00+09:00,1361.9778214019982,1361.9778214019982,1343.5727157073768,1352.7752685546875,610000,0.0,0.0
2011-02-15 00:00:00+09:00,1361.977995841734,1431.9174064390122,1352.7754418157763,1426.3958740234375,1442400,0.0,0.0
2011-02-16 00:00:00+09:00,1424.5552711486816,1446.641399383545,1406.1501642862954,1413.51220703125,1030000,0.0,0.0
2011-02-17 00:00:00+09:00,1441.1199255601416,1476.0896300117925,1433.7578825176888,1463.2060546875,2044800,0.0,0.0
2011-02-18 00:00:00+09:00,1476.0892685870735,1481.6107995169505,1431.917021148059,1442.9600830078125,1070800,0.0,0.0
2011-02-21 00:00:00+09:00,1454.0035852620022,1454.0035852620022,1417.193367913597,1420.8743896484375,886400,0.0,0.0
2011-02-22 00:00:00+09:00,1398.7882215349632,1400.6287323527724,1369.3400484500166,1378.5426025390625,1240400,0.0,0.0
2011-02-23 00:00:00+09:00,1350.9347652994793,1411.671614420573,1349.0942547200523,1380.3829345703125,2278400,0.0,0.0
2011-02-24 00:00:00+09:00,1382.223157927169,1395.1067293059843,1334.3698928058557,1341.73193359375,1510400,0.0,0.0
2011-02-25 00:00:00+09:00,1343.572706610249,1367.4993438512533,1327.008111597246,1349.09423828125,1470000,0.0,0.0
2011-02-28 00:00:00+09:00,1374.8613548976011,1413.5120757180157,1361.9777812907964,1409.8310546875,1286000,0.0,0.0
2011-03-01 00:00:00+09:00,1437.4386176042494,1444.8006591796875,1426.3955552410926,1444.8006591796875,1206400,0.0,0.0
2011-03-02 00:00:00+09:00,1417.1932134107647,1420.8742347442992,1376.7019787418858,1382.2235107421875,1347600,0.0,0.0
2011-03-03 00:00:00+09:00,1426.3957929491698,1470.5680497630797,1420.874260847431,1468.7275390625,2011200,0.0,0.0
2011-03-04 00:00:00+09:00,1498.1755950927734,1501.8566162109373,1463.2058944702148,1472.408447265625,2042800,0.0,0.0
2011-03-07 00:00:00+09:00,1457.6845753269415,1463.2061078092406,1417.1933371234154,1433.7579345703125,1173600,0.0,0.0
2011-03-08 00:00:00+09:00,1426.3958435839095,1450.3224835408007,1426.3958435839095,1439.2794189453125,626800,0.0,0.0
2011-03-09 00:00:00+09:00,1461.365186107402,1465.04620672732,1437.4385520779356,1442.9600830078125,667200,0.0,0.0
2011-03-10 00:00:00+09:00,1428.2365967751794,1442.9606854017275,1398.7884195220827,1411.6719970703125,717600,0.0,0.0
2011-03-11 00:00:00+09:00,1385.9043064142693,1411.6714515534456,1380.3827753130174,1389.5853271484375,2072800,0.0,0.0
2011-03-14 00:00:00+09:00,1292.038537927576,1301.2410916165188,1179.7673829224732,1225.7801513671875,1686800,0.0,0.0
2011-03-15 00:00:00+09:00,1139.2764469457459,1139.2764469457459,1041.7293521345591,1061.9749755859375,2255200,0.0,0.0
2011-03-16 00:00:00+09:00,1098.7850761781551,1166.8839837469855,1089.5825211012861,1144.7978515625,2090800,0.0,0.0
2011-03-17 00:00:00+09:00,1089.5824212509983,1187.12949612651,1082.2203778641672,1152.1597900390625,2110800,0.0,0.0
2011-03-18 00:00:00+09:00,1209.215507746812,1249.7067424050006,1203.6939757479681,1231.3016357421875,1721600,0.0,0.0
2011-03-22 00:00:00+09:00,1288.3575049867022,1301.2410800365692,1269.9523977726064,1297.56005859375,1538400,0.0,0.0
2011-03-23 00:00:00+09:00,1282.8357209578805,1301.240824558424,1258.909086277174,1269.9521484375,1586400,0.0,0.0
2011-03-24 00:00:00+09:00,1271.7929198119018,1280.9954735008446,1205.5345332515133,1225.7801513671875,1207600,0.0,0.0
2011-03-25 00:00:00+09:00,1246.0258763247027,1257.0689416983337,1203.6941257257836,1218.418212890625,957600,0.0,0.0
2011-03-28 00:00:00+09:00,1220.2586407944493,1225.7801731057364,1196.3320007788718,1209.215576171875,676400,0.0,0.0
2011-03-29 00:00:00+09:00,1203.6773615457926,1235.0615872302687,1174.1392667839325,1225.8309326171875,1216400,5.0,0.0
2011-03-30 00:00:00+09:00,1231.3691395334622,1255.3688379051787,1222.138486313571,1238.753662109375,1449600,0.0,0.0
2011-03-31 00:00:00+09:00,1253.5224611167516,1260.9069822426236,1222.1382463317962,1257.2147216796875,846400,0.0,0.0
2011-04-01 00:00:00+09:00,1259.0611593934912,1273.8302052514794,1238.7537213387575,1247.984375,676400,0.0,0.0
2011-04-04 00:00:00+09:00,1266.4454958735587,1284.9068004781295,1251.6764521899022,1260.9071044921875,674000,0.0,0.0
2011-04-05 00:00:00+09:00,1273.8299560546875,1279.3683471679688,1229.5228271484375,1240.599609375,708800,0.0,0.0
2011-04-06 00:00:00+09:00,1255.3688986577336,1273.8302059909356,1222.1385454579702,1244.2921142578125,1034400,0.0,0.0
2011-04-07 00:00:00+09:00,1260.907105215567,1277.5222793692128,1240.5996701388888,1246.1380615234375,679200,0.0,0.0
2011-04-08 00:00:00+09:00,1247.9845944522472,1323.6759677844102,1231.369414940309,1314.4453125,1954400,0.0,0.0
2011-04-11 00:00:00+09:00,1301.5222825675173,1310.7529370538118,1279.3687118004107,1284.9071044921875,684400,0.0,0.0
2011-04-12 00:00:00+09:00,1266.445812914745,1271.9842056825937,1222.138670771955,1225.8309326171875,1173200,0.0,0.0
2011-04-13 00:00:00+09:00,1225.8304450668975,1246.1378771387888,1216.5997941251287,1233.2149658203125,1229200,0.0,0.0
2011-04-14 00:00:00+09:00,1227.6766967773438,1277.522216796875,1227.6766967773438,1270.1376953125,1047200,0.0,0.0
2011-04-15 00:00:00+09:00,1303.368102769085,1323.675537798065,1283.060667740105,1308.906494140625,1521200,0.0,0.0
2011-04-18 00:00:00+09:00,1310.752502182417,1314.4447627519448,1290.4450690500132,1305.214111328125,718800,0.0,0.0
2011-04-19 00:00:00+09:00,1279.3686488610022,1299.6760877318118,1270.137994828816,1294.1376953125,681600,0.0,0.0
2011-04-20 00:00:00+09:00,1321.8295240752552,1362.4443977200256,1318.1372628348215,1356.906005859375,1389600,0.0,0.0
2011-04-21 00:00:00+09:00,1367.9830380712424,1373.5214309379276,1347.6755975600634,1349.521728515625,789200,0.0,0.0
2011-04-22 00:00:00+09:00,1351.3674922617029,1371.6749272547065,1340.2907095382461,1360.59814453125,826800,0.0,0.0
2011-04-25 00:00:00+09:00,1356.9059456603168,1373.5211205051369,1345.8291624304366,1347.67529296875,390800,0.0,0.0
2011-04-26 00:00:00+09:00,1356.9060726750197,1360.5983340972646,1323.675719874815,1325.5218505859375,786000,0.0,0.0
2011-04-27 00:00:00+09:00,1347.6752919736116,1360.5982057322626,1340.2907698258111,1358.7520751953125,644400,0.0,0.0
2011-04-28 00:00:00+09:00,1369.8291530282443,1401.21337890625,1362.444629292243,1401.21337890625,1067200,0.0,0.0
2011-05-02 00:00:00+09:00,1412.289854850176,1434.443421200767,1408.5975937917442,1425.2127685546875,1105200,0.0,0.0
2011-05-06 00:00:00+09:00,1375.3672477213543,1388.2901614583334,1362.4443339843751,1384.597900390625,1021200,0.0,0.0
2011-05-09 00:00:00+09:00,1386.443970885982,1393.8284927016198,1353.2136227156122,1360.59814453125,798000,0.0,0.0
2011-05-10 00:00:00+09:00,1355.0598713434172,1391.9824836416028,1355.0598713434172,1386.444091796875,626000,0.0,0.0
2011-05-11 00:00:00+09:00,1403.0592057291667,1408.5975973307293,1380.9056393229166,1384.597900390625,738800,0.0,0.0
2011-05-12 00:00:00+09:00,1371.6749264309844,1391.9823614117931,1366.136535072582,1379.0594482421875,697200,0.0,0.0
2011-05-13 00:00:00+09:00,1384.597903735017,1391.9824258882704,1329.2139875856165,1347.67529296875,994400,0.0,0.0
2011-05-16 00:00:00+09:00,1334.7527541257023,1340.2911472963483,1314.4453125,1314.4453125,602000,0.0,0.0
2011-05-17 00:00:00+09:00,1307.0606032412638,1332.9064343788032,1299.6760800591098,1327.3680419921875,594800,0.0,0.0
2011-05-18 00:00:00+09:00,1342.1367192496057,1362.4441524156932,1331.0599375226489,1353.2135009765625,642800,0.0,0.0
2011-05-19 00:00:00+09:00,1367.9830380712424,1369.829169026804,1347.6755975600634,1349.521728515625,626000,0.0,0.0
2011-05-20 00:00:00+09:00,1356.9059456603168,1364.29046781357,1342.13690135381,1347.67529296875,357600,0.0,0.0
2011-05-23 00:00:00+09:00,1331.0599346024455,1331.0599346024455,1290.445068359375,1290.445068359375,927600,0.0,0.0
2011-05-24 00:00:00+09:00,1271.9840659877232,1295.9837653459822,1270.137935267857,1292.29150390625,640800,0.0,0.0
2011-05-25 00:00:00+09:00,1301.5217215042228,1303.367851605647,1249.8300786643388,1253.5223388671875,652000,0.0,0.0
2011-05-26 00:00:00+09:00,1271.9838256835938,1292.291259765625,1255.36865234375,1281.2144775390625,720800,0.0,0.0
2011-05-27 00:00:00+09:00,1275.6760267719014,1321.8292838910006,1275.6760267719014,1305.214111328125,912400,0.0,0.0
2011-05-30 00:00:00+09:00,1312.5985702123396,1316.2908306067484,1290.4450078458867,1295.9833984375,612800,0.0,0.0
2011-05-31 00:00:00+09:00,1294.1375666937113,1343.983093513583,1292.291436070753,1342.136962890625,788000,0.0,0.0
2011-06-01 00:00:00+09:00,1351.367616005416,1351.367616005416,1327.3679179069593,1342.136962890625,726800,0.0,0.0
2011-06-02 00:00:00+09:00,1307.0605496651785,1307.0605496651785,1283.0608503069197,1292.29150390625,1244000,0.0,0.0
2011-06-03 00:00:00+09:00,1284.9070483576643,1299.676094890511,1262.7534785583941,1264.599609375,987600,0.0,0.0
2011-06-06 00:00:00+09:00,1266.4456823224853,1277.5224667159764,1242.4459828032545,1247.984375,725200,0.0,0.0
2011-06-07 00:00:00+09:00,1249.8302612304688,1271.9838256835938,1235.0612182617188,1270.1376953125,706400,0.0,0.0
2011-06-08 00:00:00+09:00,1270.137876573741,1286.7530522847348,1257.214962131857,1283.060791015625,540800,0.0,0.0
2011-06-09 00:00:00+09:00,1270.1380647452345,1271.9841956532944,1249.8306247565752,1259.061279296875,801600,0.0,0.0
2011-06-10 00:00:00+09:00,1253.5226442230135,1270.1378191832596,1249.8303831207365,1251.676513671875,1892800,0.0,0.0
2011-06-13 00:00:00+09:00,1233.2154465840358,1268.2919338371746,1233.2154465840358,1259.061279296875,634000,0.0,0.0
2011-06-14 00:00:00+09:00,1266.4455559329708,1277.5223392210144,1249.8303810009056,1273.830078125,478800,0.0,0.0
2011-06-15 00:00:00+09:00,1292.2911989909317,1299.6757201280227,1288.598938422386,1297.82958984375,724800,0.0,0.0
2011-06-16 00:00:00+09:00,1283.060791015625,1312.5988811685027,1277.5223991119606,1283.060791015625,757200,0.0,0.0
2011-06-17 00:00:00+09:00,1292.291259765625,1297.8296508789062,1262.753173828125,1270.1376953125,658000,0.0,0.0
2011-06-20 00:00:00+09:00,1286.7531764779872,1297.8299613544116,1275.6763916015625,1275.6763916015625,511200,0.0,0.0
2011-06-21 00:00:00+09:00,1294.1373292752044,1307.0602412651137,1279.3682870010223,1297.82958984375,606800,0.0,0.0
2011-06-22 00:00:00+09:00,1321.8297641821991,1356.906252337872,1319.9836332266373,1349.521728515625,1071600,0.0,0.0
2011-06-23 00:00:00+09:00,1332.9062470307222,1373.521118823902,1332.9062470307222,1366.1365966796875,655600,0.0,0.0
2011-06-24 00:00:00+09:00,1367.9826049804688,1382.7516479492188,1367.9826049804688,1380.905517578125,485600,0.0,0.0
2011-06-27 00:00:00+09:00,1364.290526849538,1379.0595717951353,1362.4443962313385,1367.9827880859375,298800,0.0,0.0
2011-06-28 00:00:00+09:00,1382.751771171138,1382.751771171138,1364.290465815048,1369.828857421875,386400,0.0,0.0
2011-06-29 00:00:00+09:00,1384.5979606962774,1391.9824831533242,1375.3673076249688,1390.1363525390625,508800,0.0,0.0
2011-06-30 00:00:00+09:00,1390.136410690668,1412.2899789885273,1377.2134958502502,1406.7515869140625,751600,0.0,0.0
2011-07-01 00:00:00+09:00,1419.6744375290568,1441.8280048246988,1406.7515232732658,1427.0589599609375,786400,0.0,0.0
2011-07-04 00:00:00+09:00,1443.6742534322389,1467.6739532974807,1441.828122673374,1452.9049072265625,909600,0.0,0.0
2011-07-05 00:00:00+09:00,1447.3666387292465,1454.7511623962325,1439.9821150622606,1445.5205078125,287200,0.0,0.0
2011-07-06 00:00:00+09:00,1439.981689453125,1478.7504272460938,1438.1355590820312,1473.2120361328125,867200,0.0,0.0
2011-07-07 00:00:00+09:00,1471.365965743247,1508.2885746703048,1462.1353135114828,1497.2117919921875,1093600,0.0,0.0
2011-07-08 00:00:00+09:00,1524.904115326929,1524.904115326929,1511.981199095345,1519.36572265625,1128400,0.0,0.0
2011-07-11 00:00:00+09:00,1510.1349476153318,1535.9807780146164,1506.4426861297197,1515.67333984375,900000,0.0,0.0
2011-07-12 00:00:00+09:00,1489.8270268198585,1502.7499378331659,1482.4425062408259,1493.519287109375,735600,0.0,0.0
2011-07-13 00:00:00+09:00,1487.9811996759154,1508.2886354035024,1482.4428081138462,1506.4425048828125,482400,0.0,0.0
2011-07-14 00:00:00+09:00,1506.44287715183,1513.827401059437,1471.3663885906967,1487.9815673828125,660400,0.0,0.0
2011-07-15 00:00:00+09:00,1482.4426295720352,1550.7494506108462,1482.4426295720352,1548.9033203125,1064000,0.0,0.0
2011-07-19 00:00:00+09:00,1541.518980062233,1572.9031988179909,1541.518980062233,1565.5186767578125,817600,0.0,0.0
2011-07-20 00:00:00+09:00,1582.133851393214,1583.9799819082584,1558.1341546976341,1565.5186767578125,604400,0.0,0.0
2011-07-21 00:00:00+09:00,1571.0571925509853,1572.9033232120323,1541.5191019742335,1554.4420166015625,627600,0.0,0.0
2011-07-22 00:00:00+09:00,1558.134215230234,1567.3648681640625,1539.6729093625772,1567.3648681640625,646000,0.0,0.0
2011-07-25 00:00:00+09:00,1569.2111799253512,1589.518618724385,1567.365049125439,1576.595703125,537600,0.0,0.0
2011-07-26 00:00:00+09:00,1578.4417128619027,1578.4417128619027,1552.5958836454504,1569.2110595703125,506800,0.0,0.0
2011-07-27 00:00:00+09:00,1561.8266627720423,1561.8266627720423,1541.5192238943916,1550.7498779296875,588400,0.0,0.0
2011-07-28 00:00:00+09:00,1517.5194085871133,1534.1345845935416,1513.8271472523513,1521.211669921875,604000,0.0,0.0
2011-07-29 00:00:00+09:00,1513.8270263671875,1523.0576789669874,1489.8273296077077,1513.8270263671875,753600,0.0,0.0
2011-08-01 00:00:00+09:00,1473.2125195675985,1519.3657939901423,1449.2128168678757,1487.9815673828125,1424000,0.0,0.0
2011-08-02 00:00:00+09:00,1476.9045511881511,1476.9045511881511,1391.9825394948325,1417.828369140625,1872000,0.0,0.0
2011-08-03 00:00:00+09:00,1390.1363570232782,1391.982487643495,1351.3676139987244,1356.906005859375,1548400,0.0,0.0
2011-08-04 00:00:00+09:00,1377.2133196390087,1377.2133196390087,1331.0600582570044,1338.444580078125,1603200,0.0,0.0
2011-08-05 00:00:00+09:00,1246.1380004882812,1284.90673828125,1242.4457397460938,1270.1376953125,1582000,0.0,0.0
2011-08-08 00:00:00+09:00,1260.906980580694,1279.368283371041,1220.2921144419306,1223.984375,1379200,0.0,0.0
2011-08-09 00:00:00+09:00,1198.1387879418544,1240.599792753353,1153.8316524863776,1238.753662109375,1734000,0.0,0.0
2011-08-10 00:00:00+09:00,1292.291450784743,1297.8298427166774,1235.0614008214186,1238.753662109375,1259200,0.0,0.0
2011-08-11 00:00:00+09:00,1203.6767600387063,1227.6764500394781,1196.292240038469,1214.7535400390625,862400,0.0,0.0
2011-08-12 00:00:00+09:00,1222.1382426293146,1236.9072848363153,1179.6772462841873,1183.3695068359375,1066400,0.0,0.0
2011-08-15 00:00:00+09:00,1196.2925425578885,1212.9077167600815,1172.2928464880542,1175.985107421875,1159200,0.0,0.0
2011-08-16 00:00:00+09:00,1190.7542707733296,1216.600099906394,1188.9081401209678,1201.8310546875,844400,0.0,0.0
2011-08-17 00:00:00+09:00,1188.908082590163,1190.7542131531914,1172.2929075229092,1174.1390380859375,514800,0.0,0.0
2011-08-18 00:00:00+09:00,1175.9852437440513,1177.8313744249683,1085.5248403791243,1091.063232421875,2404800,0.0,0.0
2011-08-19 00:00:00+09:00,1072.601619855732,1072.601619855732,1039.3712770719055,1041.2174072265625,1565600,0.0,0.0
2011-08-22 00:00:00+09:00,1044.9099161189838,1072.6018750267306,1009.8334348358377,1011.6795654296875,1473600,0.0,0.0
2011-08-23 00:00:00+09:00,1000.602783203125,1009.8334361847036,969.2185630657576,1000.602783203125,2645600,0.0,0.0
2011-08-24 00:00:00+09:00,1024.6023559570312,1055.986572265625,993.2181396484374,1002.4487915039062,2317600,0.0,0.0
2011-08-25 00:00:00+09:00,1013.525632828001,1055.9866338390102,1011.6795023492615,1046.7559814453125,1414400,0.0,0.0
2011-08-26 00:00:00+09:00,1030.14086615289,1057.832824920441,1017.2179520613664,1055.9866943359375,1530800,0.0,0.0
2011-08-29 00:00:00+09:00,1070.7556761644794,1091.0631114020816,1043.0637190222944,1072.601806640625,1578400,0.0,0.0
2011-08-30 00:00:00+09:00,1098.4478719277959,1122.4475733312604,1096.6017410506063,1113.2169189453125,1432800,0.0,0.0
2011-08-31 00:00:00+09:00,1107.6783476429182,1113.2167393811328,1074.4479972136305,1081.83251953125,1268800,0.0,0.0
2011-09-01 00:00:00+09:00,1091.062988487102,1103.985900364276,1083.6784674144315,1094.7552490234375,1161200,0.0,0.0
2011-09-02 00:00:00+09:00,1054.1408193429886,1065.2176055357345,1017.2181987005021,1022.756591796875,2160000,0.0,0.0
2011-09-05 00:00:00+09:00,1002.4487915039061,1004.2949218749999,969.2184448242186,991.3720092773438,1748800,0.0,0.0
2011-09-06 00:00:00+09:00,958.1416004854091,972.9106424967448,935.9880374684053,941.5264282226562,2044800,0.0,0.0
2011-09-07 00:00:00+09:00,961.8341075057688,976.6031533024025,952.6034538828727,956.2957153320312,1410400,0.0,0.0
2011-09-08 00:00:00+09:00,983.9877385192754,989.5261310437742,937.834467481786,958.1419067382812,1547600,0.0,0.0
2011-09-09 00:00:00+09:00,926.7575086916052,930.4497696824084,897.2194207651795,906.4500732421875,2874400,0.0,0.0
2011-09-12 00:00:00+09:00,869.5277679122121,897.2197350431743,863.9893744860196,876.9122924804688,1814800,0.0,0.0
2011-09-13 00:00:00+09:00,875.0659139827807,913.8346570073342,862.1429996412628,904.60400390625,1887200,0.0,0.0
2011-09-14 00:00:00+09:00,895.3732299804688,919.3729248046875,854.7583618164062,860.2967529296875,1980800,0.0,0.0
2011-09-15 00:00:00+09:00,876.9118659957282,887.9886474609375,871.3734752631236,887.9886474609375,1063200,0.0,0.0
2011-09-16 00:00:00+09:00,906.4498932853577,939.6802356053912,904.6037631564669,930.4495849609375,1357600,0.0,0.0
2011-09-20 00:00:00+09:00,908.2960801471543,913.8344708797589,887.9886474609375,887.9886474609375,968800,0.0,0.0
2011-09-21 00:00:00+09:00,897.2195457458496,899.065676498413,873.2198459625243,886.1427612304688,795200,0.0,0.0
2011-09-22 00:00:00+09:00,865.8351440429688,876.9119262695312,856.6044921875,860.2967529296875,1020800,0.0,0.0
2011-09-26 00:00:00+09:00,867.6812089197167,873.219599614949,804.912781040418,808.6050415039062,1504000,0.0,0.0
2011-09-27 00:00:00+09:00,839.9894987893157,858.4508064550149,836.2972372561758,854.758544921875,1052800,0.0,0.0
2011-09-28 00:00:00+09:00,871.4820790501645,891.9219572368421,865.9075668174343,882.631103515625,1226000,7.5,0.0
2011-09-29 00:00:00+09:00,852.9002737143605,903.0708780504993,838.0349094666157,901.2127075195312,1422000,0.0,0.0
2011-09-30 00:00:00+09:00,903.0706994398585,914.2197204205975,878.914487314924,886.34716796875,996400,0.0,0.0
2011-10-03 00:00:00+09:00,862.1911706757128,871.4820238079941,836.1767819053249,847.3258056640625,879200,0.0,0.0
2011-10-04 00:00:00+09:00,828.7441570839185,834.3186693512991,810.1624495259831,826.885986328125,1074000,0.0,0.0
2011-10-05 00:00:00+09:00,845.467669719444,856.6166939355246,812.0205970712022,815.7369384765625,1340800,0.0,0.0
2011-10-06 00:00:00+09:00,830.6023021815631,856.6166919590618,830.6023021815631,843.6094970703125,844800,0.0,0.0
2011-10-07 00:00:00+09:00,867.7656379621054,910.5035601743718,867.7656379621054,901.2127075195312,1182400,0.0,0.0
2011-10-11 00:00:00+09:00,958.8160279034174,971.8232220804018,940.234321936297,953.2415161132812,1667200,0.0,0.0
2011-10-12 00:00:00+09:00,934.65980980613,999.6957806673917,927.227127421986,981.1140747070312,1578400,0.0,0.0
2011-10-13 00:00:00+09:00,997.8379154829545,1033.1431676136363,995.9797443181818,1021.994140625,1586800,0.0,0.0
2011-10-14 00:00:00+09:00,1012.7029285756641,1021.9937811314041,975.539518352704,979.255859375,1324800,0.0,0.0
2011-10-17 00:00:00+09:00,1020.1355301823868,1027.5682116409105,1008.9865079946012,1016.419189453125,1104800,0.0,0.0
2011-10-18 00:00:00+09:00,966.2486511567679,1012.7029132316126,962.5323101907803,1008.986572265625,1048800,0.0,0.0
2011-10-19 00:00:00+09:00,1029.4266357421875,1042.4338315006628,1021.9939524516302,1029.4266357421875,1555200,0.0,0.0
2011-10-20 00:00:00+09:00,999.6957475770193,1007.1284297151385,968.1068484900132,984.8303833007812,1457200,0.0,0.0
2011-10-21 00:00:00+09:00,1003.4121961610749,1042.4337815673389,997.8376839601801,1035.0010986328125,1928800,0.0,0.0
2011-10-24 00:00:00+09:00,1059.1570146434804,1100.0367590683163,1055.4406742412225,1098.1785888671875,1996400,0.0,0.0
2011-10-25 00:00:00+09:00,1109.3277901485048,1120.4768131650728,1070.3062095905173,1077.7388916015625,1721600,0.0,0.0
2011-10-26 00:00:00+09:00,1053.582769682128,1111.186060440763,1051.7245990124945,1094.4625244140625,1194800,0.0,0.0
2011-10-27 00:00:00+09:00,1081.4553824976872,1129.767822265625,1079.597211737382,1129.767822265625,1424000,0.0,0.0
2011-10-28 00:00:00+09:00,1148.3492329748876,1155.7819140944662,1124.1930193362573,1135.342041015625,1204400,0.0,0.0
2011-10-31 00:00:00+09:00,1137.2001630908946,1150.207354498797,1092.6040782638008,1098.1785888671875,1475600,0.0,0.0
2011-11-01 00:00:00+09:00,1094.4626003642222,1137.2005287315858,1066.590038385507,1072.16455078125,1968000,0.0,0.0
2011-11-02 00:00:00+09:00,1040.5754233511586,1064.7316385360962,1027.5682305592693,1042.43359375,1232000,0.0,0.0
2011-11-04 00:00:00+09:00,1094.4624995100858,1114.9023764109531,1079.597134491273,1111.18603515625,1585200,0.0,0.0
2011-11-07 00:00:00+09:00,1113.0439504762187,1114.9021206773477,1092.6040782638008,1098.1785888671875,812000,0.0,0.0
2011-11-08 00:00:00+09:00,1098.1790040356532,1098.1790040356532,1048.0083896380852,1051.7247314453125,1084000,0.0,0.0
2011-11-09 00:00:00+09:00,1062.8735028310105,1074.022525587979,1035.0009459385888,1066.58984375,1169200,0.0,0.0
2011-11-10 00:00:00+09:00,1025.7100609360587,1031.284572136798,999.6956753326078,1007.1283569335938,1292400,0.0,0.0
2011-11-11 00:00:00+09:00,1014.5612347244123,1025.7102592818235,969.9651364947678,1012.7030639648438,1500800,0.0,0.0
2011-11-14 00:00:00+09:00,1038.7171892284293,1062.873402931416,1031.2845080890488,1049.8662109375,1021600,0.0,0.0
2011-11-15 00:00:00+09:00,1038.7175351200171,1062.8737568669942,1031.2848515055625,1051.7247314453125,1005200,0.0,0.0
2011-11-16 00:00:00+09:00,1053.5825967457438,1074.022470756684,1012.7028487238631,1016.419189453125,1222400,0.0,0.0
2011-11-17 00:00:00+09:00,1008.9867309787134,1049.866488034941,1003.4122186528641,1046.150146484375,909600,0.0,0.0
2011-11-18 00:00:00+09:00,1031.2847548264724,1070.3063401442307,1025.7102426382212,1062.8736572265625,1237600,0.0,0.0
2011-11-21 00:00:00+09:00,1062.8736834619228,1062.8736834619228,1027.5684387315441,1046.150146484375,840800,0.0,0.0
2011-11-22 00:00:00+09:00,1021.9937351771763,1057.2989733014788,1014.5610534667968,1040.575439453125,880400,0.0,0.0
2011-11-24 00:00:00+09:00,1023.8519604857942,1023.8519604857942,986.6885499418452,992.2630615234375,900000,0.0,0.0
2011-11-25 00:00:00+09:00,1003.4117327008929,1010.8444122023809,955.0993159412202,975.5391845703125,1378400,0.0,0.0
2011-11-28 00:00:00+09:00,986.6885781400649,1035.0010132279024,986.6885781400649,1023.8519897460938,1161600,0.0,0.0
2011-11-29 00:00:00+09:00,1048.0083367334653,1085.1717529296875,1044.291995113843,1085.1717529296875,1121200,0.0,0.0
2011-11-30 00:00:00+09:00,1068.4481859624698,1074.0226982370566,1042.4337953477313,1061.0155029296875,784400,0.0,0.0
2011-12-01 00:00:00+09:00,1113.0442134636492,1135.3422611457256,1100.037018982438,1124.1932373046875,1482400,0.0,0.0
2011-12-02 00:00:00+09:00,1113.0441890555019,1146.4912598451497,1113.0441890555019,1140.916748046875,882000,0.0,0.0
2011-12-05 00:00:00+09:00,1148.3493892876386,1159.498412484606,1122.335001828048,1131.6258544921875,658800,0.0,0.0
2011-12-06 00:00:00+09:00,1122.334950030874,1124.193120477945,1075.8806888540996,1081.4552001953125,1099200,0.0,0.0
2011-12-07 00:00:00+09:00,1092.6041930235288,1113.0440673828125,1088.8878522309317,1113.0440673828125,776800,0.0,0.0
2011-12-08 00:00:00+09:00,1096.3207115121438,1103.7533943020567,1083.3135166297964,1092.6043701171875,1016400,0.0,0.0
2011-12-09 00:00:00+09:00,1059.1571299235027,1077.7388339572483,1057.2989595201282,1070.30615234375,1961200,0.0,0.0
2011-12-12 00:00:00+09:00,1092.6042392225152,1103.7532620717243,1079.5970458984375,1079.5970458984375,662800,0.0,0.0
2011-12-13 00:00:00+09:00,1061.015232646571,1075.880594925332,1046.1498703678099,1049.8662109375,1329200,0.0,0.0
2011-12-14 00:00:00+09:00,1040.5756108337073,1051.724635235497,1023.8520742310228,1035.0010986328125,1043600,0.0,0.0
2011-12-15 00:00:00+09:00,1016.4192695979601,1020.1356106202562,973.681347841556,979.255859375,1286800,0.0,0.0
2011-12-16 00:00:00+09:00,988.5466179369979,1008.9864916161464,968.1067442578494,982.9721069335938,1289200,0.0,0.0
2011-12-19 00:00:00+09:00,971.82304879122,977.3975595873455,940.234154279842,958.8158569335938,797200,0.0,0.0
2011-12-20 00:00:00+09:00,964.3903306156056,986.6883729419781,953.2413094524195,977.3975219726562,776000,0.0,0.0
2011-12-21 00:00:00+09:00,995.9792239112999,1003.4119046867573,966.2485008094701,977.3975219726562,929200,0.0,0.0
2011-12-22 00:00:00+09:00,951.3832644628098,955.0996053396177,895.6381513106921,899.3544921875,2659600,0.0,0.0
2011-12-26 00:00:00+09:00,916.0782417896048,929.0854379204917,910.5037291620819,923.5109252929688,1172000,0.0,0.0
2011-12-27 00:00:00+09:00,919.7944992282969,921.6526699338085,908.6454749952266,912.36181640625,436800,0.0,0.0
2011-12-28 00:00:00+09:00,906.7871543088575,919.7943470960746,906.7871543088575,908.6453247070312,474000,0.0,0.0
2011-12-29 00:00:00+09:00,899.354621467668,912.36181640625,884.4892558235744,912.36181640625,724400,0.0,0.0
2011-12-30 00:00:00+09:00,914.2200927734375,917.9364346139798,901.2128963315389,914.2200927734375,425600,0.0,0.0
2012-01-04 00:00:00+09:00,932.8018188476562,942.0926736170552,921.6527931243775,932.8018188476562,660800,0.0,0.0
2012-01-05 00:00:00+09:00,914.2198165090462,925.3688386615954,912.3616461502879,917.9361572265625,578400,0.0,0.0
2012-01-06 00:00:00+09:00,917.9362422982442,919.7944128292123,886.3473432717864,901.2127075195312,707600,0.0,0.0
2012-01-10 00:00:00+09:00,901.2129128774008,901.2129128774008,875.1985195159913,891.9220581054688,895600,0.0,0.0
2012-01-11 00:00:00+09:00,891.921968978818,908.6455058971708,882.6311151352886,888.2056274414062,687200,0.0,0.0
2012-01-12 00:00:00+09:00,877.0564663116519,893.7800006269165,877.0564663116519,890.0636596679688,748400,0.0,0.0
2012-01-13 00:00:00+09:00,904.9291335842032,925.369011344832,901.2127921731798,912.36181640625,1290000,0.0,0.0
2012-01-16 00:00:00+09:00,906.7873231907895,906.7873231907895,880.7729327713816,882.631103515625,834000,0.0,0.0
2012-01-17 00:00:00+09:00,893.7799615216402,910.5034951052052,884.4891095307707,908.6453247070312,630400,0.0,0.0
2012-01-18 00:00:00+09:00,914.2201460319136,975.5397899730785,914.2201460319136,962.5325927734375,1872400,0.0,0.0
2012-01-19 00:00:00+09:00,981.114203051986,997.8377406040084,975.5396905346452,994.1213989257812,1298400,0.0,0.0
2012-01-20 00:00:00+09:00,1012.7029662642851,1029.4265014869982,1003.412113362778,1023.8519897460938,1294800,0.0,0.0
2012-01-23 00:00:00+09:00,1018.277506216094,1044.2918950610308,1014.5611649525317,1027.568359375,909200,0.0,0.0
2012-01-24 00:00:00+09:00,1040.5756942085598,1048.008377738621,1023.8521562659223,1025.7103271484375,652400,0.0,0.0
2012-01-25 00:00:00+09:00,1040.5754233511586,1049.8662753453655,1029.4264009581104,1042.43359375,771600,0.0,0.0
2012-01-26 00:00:00+09:00,1049.8661046670684,1064.7314654411152,1042.4334242800448,1048.0079345703125,1378400,0.0,0.0
2012-01-27 00:00:00+09:00,1042.4338315006628,1042.4338315006628,1020.1357816289908,1029.4266357421875,949600,0.0,0.0
2012-01-30 00:00:00+09:00,1023.8518871265454,1036.8590798849589,1014.56103515625,1014.56103515625,535200,0.0,0.0
2012-01-31 00:00:00+09:00,1018.277506216094,1042.4337244292497,1012.7029943207505,1027.568359375,746400,0.0,0.0
2012-02-01 00:00:00+09:00,1046.1499686955574,1072.1643551284842,1035.0009459385888,1066.58984375,1294000,0.0,0.0
2012-02-02 00:00:00+09:00,1074.0226470480952,1096.320695083696,1070.3063057088284,1094.4625244140625,1283600,0.0,0.0
2012-02-03 00:00:00+09:00,1087.0295251839802,1111.1857368547355,1077.7386745413821,1088.8876953125,923200,0.0,0.0
2012-02-06 00:00:00+09:00,1122.3350994053171,1127.9096114884562,1113.0442459334188,1120.4769287109375,890800,0.0,0.0
2012-02-07 00:00:00+09:00,1111.1858390231093,1113.044009322479,1098.178646927521,1105.611328125,679600,0.0,0.0
2012-02-08 00:00:00+09:00,1116.7605873221783,1120.4769287109375,1105.6115631559,1120.4769287109375,800000,0.0,0.0
2012-02-09 00:00:00+09:00,1114.9024950932912,1144.633228295779,1111.1861534429802,1139.0587158203125,1020800,0.0,0.0
2012-02-10 00:00:00+09:00,1137.2003654711175,1137.2003654711175,1100.0369548348065,1103.7532958984375,1152800,0.0,0.0
2012-02-13 00:00:00+09:00,1092.6040782638008,1100.0367590683163,1074.0223762525115,1098.1785888671875,839200,0.0,0.0
2012-02-14 00:00:00+09:00,1098.1787843029908,1109.3278074938842,1090.7461021757288,1103.7532958984375,462800,0.0,0.0
2012-02-15 00:00:00+09:00,1118.6187008537765,1157.640283441699,1114.9023596549268,1140.916748046875,1402800,0.0,0.0
2012-02-16 00:00:00+09:00,1129.767692268669,1168.7892737450538,1126.0513511756799,1144.633056640625,850800,0.0,0.0
2012-02-17 00:00:00+09:00,1170.6473388671875,1176.2218500046504,1155.7819758339533,1170.6473388671875,1196000,0.0,0.0
2012-02-20 00:00:00+09:00,1207.811018655194,1217.1018726448494,1196.6619938676076,1209.669189453125,932000,0.0,0.0
2012-02-21 00:00:00+09:00,1202.236393431668,1222.6762702906299,1189.2291990668741,1194.8037109375,787600,0.0,0.0
2012-02-22 00:00:00+09:00,1191.0871052186183,1215.2433179609616,1183.6544243748203,1211.5269775390625,587200,0.0,0.0
2012-02-23 00:00:00+09:00,1207.8108159507192,1220.8180093532656,1200.3781340064072,1218.9598388671875,596800,0.0,0.0
2012-02-24 00:00:00+09:00,1224.5344075520834,1257.9814778645834,1217.1017252604167,1254.26513671875,864800,0.0,0.0
2012-02-27 00:00:00+09:00,1285.8540364583334,1295.1448893229167,1248.690625,1254.26513671875,1048400,0.0,0.0
2012-02-28 00:00:00+09:00,1226.3928005963387,1256.12353515625,1220.8182878663554,1256.12353515625,756400,0.0,0.0
2012-02-29 00:00:00+09:00,1269.130731526211,1291.4287824461446,1254.2653642462556,1256.12353515625,971600,0.0,0.0
2012-03-01 00:00:00+09:00,1270.9888795767258,1287.7124174658932,1231.9672911686685,1244.9744873046875,1120400,0.0,0.0
2012-03-02 00:00:00+09:00,1259.839408542799,1259.839408542799,1215.2433232846467,1239.3995361328125,1005200,0.0,0.0
2012-03-05 00:00:00+09:00,1239.3997393374716,1267.2722971936366,1230.10888671875,1230.10888671875,889600,0.0,0.0
2012-03-06 00:00:00+09:00,1230.1089527847978,1239.3998059025078,1185.51285781979,1194.8037109375,1142400,0.0,0.0
2012-03-07 00:00:00+09:00,1172.5059897725896,1204.0948991642442,1163.2151340691619,1198.5203857421875,822400,0.0,0.0
2012-03-08 00:00:00+09:00,1217.1014935037365,1239.3995361328125,1211.5269828464675,1239.3995361328125,765600,0.0,0.0
2012-03-09 00:00:00+09:00,1259.8399825892034,1272.8471800495638,1239.4001008657797,1257.9818115234375,1944800,0.0,0.0
2012-03-12 00:00:00+09:00,1276.5633583068848,1280.2796999613445,1243.116283416748,1248.6907958984375,967600,0.0,0.0
2012-03-13 00:00:00+09:00,1274.7049472454898,1285.8539701076952,1252.406901521079,1261.69775390625,1118000,0.0,0.0
2012-03-14 00:00:00+09:00,1298.8610807719983,1298.8610807719983,1270.988525390625,1270.988525390625,1043600,0.0,0.0
2012-03-15 00:00:00+09:00,1276.563305133322,1285.8541588824728,1261.6979391346806,1282.1378173828125,850400,0.0,0.0
2012-03-16 00:00:00+09:00,1276.5630942056346,1285.8539464196494,1267.27224199162,1278.4212646484375,479600,0.0,0.0
2012-03-19 00:00:00+09:00,1285.854303469603,1300.719671139772,1282.1379615520607,1293.2869873046875,618000,0.0,0.0
2012-03-21 00:00:00+09:00,1282.1374888700598,1287.711999691234,1256.1231050379138,1263.5557861328125,768400,0.0,0.0
2012-03-22 00:00:00+09:00,1270.9884192269858,1297.0028020766608,1256.1230575985999,1269.1302490234375,994400,0.0,0.0
2012-03-23 00:00:00+09:00,1246.8326581812616,1250.5489999344102,1233.8254620452426,1244.9744873046875,741600,0.0,0.0
2012-03-26 00:00:00+09:00,1254.265202211019,1261.697884890788,1233.8253248416543,1246.83251953125,466000,0.0,0.0
2012-03-27 00:00:00+09:00,1272.847002866457,1291.4287109375,1261.697978023831,1291.4287109375,696000,0.0,0.0
2012-03-28 00:00:00+09:00,1289.5567336143679,1334.4759812293821,1287.6850982970757,1312.016357421875,876000,12.5,0.0
2012-03-29 00:00:00+09:00,1300.7866827508074,1302.6583182655568,1274.5837855443165,1285.8135986328125,523600,0.0,0.0
2012-03-30 00:00:00+09:00,1280.198486328125,1289.5566623977752,1252.1239581191749,1280.198486328125,760800,0.0,0.0
2012-04-02 00:00:00+09:00,1298.914863773044,1310.1446752754048,1293.2999580218639,1300.7864990234375,564800,0.0,0.0
2012-04-03 00:00:00+09:00,1297.043519937557,1297.043519937557,1276.4555275575958,1282.0704345703125,506000,0.0,0.0
2012-04-04 00:00:00+09:00,1282.0705485880108,1285.8138202627201,1242.7661960035607,1248.381103515625,682000,0.0,0.0
2012-04-05 00:00:00+09:00,1235.2794874598146,1244.6376653951163,1212.8198604150907,1237.151123046875,646800,0.0,0.0
2012-04-06 00:00:00+09:00,1239.022831305631,1239.022831305631,1199.7184816720685,1209.07666015625,576400,0.0,0.0
2012-04-09 00:00:00+09:00,1184.7454939284644,1195.975309036791,1167.9007712659745,1171.64404296875,742400,0.0,0.0
2012-04-10 00:00:00+09:00,1181.002030078125,1212.819834375,1160.4140390625,1169.772216796875,663600,0.0,0.0
2012-04-11 00:00:00+09:00,1137.9546392899526,1190.3604450467267,1136.0830033700677,1182.8739013671875,1065200,0.0,0.0
2012-04-12 00:00:00+09:00,1188.4885705242664,1205.3332904214606,1173.5154861712047,1199.7183837890625,457200,0.0,0.0
2012-04-13 00:00:00+09:00,1216.563125329515,1252.1242013006854,1210.948218597225,1220.306396484375,1510400,0.0,0.0
2012-04-16 00:00:00+09:00,1190.3604014826278,1203.4618524423422,1169.7724071173623,1171.64404296875,755600,0.0,0.0
2012-04-17 00:00:00+09:00,1175.3871166675121,1194.1034720284597,1145.4409480899958,1152.927490234375,771200,0.0,0.0
2012-04-18 00:00:00+09:00,1179.1301626352163,1218.4345013897237,1179.1301626352163,1216.5628662109375,687200,0.0,0.0
2012-04-19 00:00:00+09:00,1218.434760906945,1231.5362099489553,1207.204947442365,1220.306396484375,713600,0.0,0.0
2012-04-20 00:00:00+09:00,1229.6643535907453,1244.637435521835,1210.948001176883,1240.8941650390625,814800,0.0,0.0
2012-04-23 00:00:00+09:00,1250.2527352654824,1267.0974577466043,1224.049833628182,1231.536376953125,844000,0.0,0.0
2012-04-24 00:00:00+09:00,1212.8199315499228,1214.691567246759,1192.2319388847234,1209.07666015625,998400,0.0,0.0
2012-04-25 00:00:00+09:00,1220.306402763332,1237.151123046875,1216.5631315892115,1237.151123046875,854400,0.0,0.0
2012-04-26 00:00:00+09:00,1237.1511710499474,1244.637713688676,1210.948271814396,1218.434814453125,691600,0.0,0.0
2012-04-27 00:00:00+09:00,1203.4619109818611,1235.2797220031546,1177.259007787855,1186.6171875,1030000,0.0,0.0
2012-05-01 00:00:00+09:00,1162.285968464177,1167.9008765243902,1145.4412442835367,1151.05615234375,753600,0.0,0.0
2012-05-02 00:00:00+09:00,1152.9277234023875,1177.258990292373,1149.184451573159,1166.0291748046875,897600,0.0,0.0
2012-05-07 00:00:00+09:00,1130.467928499789,1137.9544710726352,1100.5217582084038,1108.00830078125,830000,0.0,0.0
2012-05-08 00:00:00+09:00,1134.2110825219686,1137.954353421381,1117.3663634746126,1124.8529052734375,711600,0.0,0.0
2012-05-09 00:00:00+09:00,1111.7515116652398,1111.7515116652398,1083.6769785423803,1093.03515625,778000,0.0,0.0
2012-05-10 00:00:00+09:00,1078.0618153994847,1111.7512471307184,1070.575275014766,1089.2916259765625,614400,0.0,0.0
2012-05-11 00:00:00+09:00,1085.548799302843,1102.3935220506457,1074.318984137641,1078.062255859375,699200,0.0,0.0
2012-05-14 00:00:00+09:00,1085.5484911421654,1106.1364797672754,1059.345596528389,1063.0888671875,619600,0.0,0.0
2012-05-15 00:00:00+09:00,1048.1156910409172,1049.9873262034903,1023.7844339274674,1040.629150390625,897600,0.0,0.0
2012-05-16 00:00:00+09:00,1042.501286741163,1055.6027391777666,1020.0416539926998,1027.5281982421875,899600,0.0,0.0
2012-05-17 00:00:00+09:00,1029.399534838781,1066.8322451965548,1016.29808621356,1059.345703125,857600,0.0,0.0
2012-05-18 00:00:00+09:00,1027.527656222204,1027.527656222204,980.7367793450545,986.3516845703125,1120800,0.0,0.0
2012-05-21 00:00:00+09:00,1003.1968239773526,1025.6564543649051,997.5819163804643,999.4535522460938,673600,0.0,0.0
2012-05-22 00:00:00+09:00,1025.6560904888838,1036.8859016986162,1018.1695496823957,1031.27099609375,553600,0.0,0.0
2012-05-23 00:00:00+09:00,1031.271196248145,1033.1428318130238,999.4533916452077,1005.0682983398438,976400,0.0,0.0
2012-05-24 00:00:00+09:00,1006.9397583007812,1014.4262992546904,980.7368649620992,1006.9397583007812,800800,0.0,0.0
2012-05-25 00:00:00+09:00,1014.4262106966022,1018.1694808467741,984.4800494952265,986.3516845703125,530000,0.0,0.0
2012-05-28 00:00:00+09:00,995.7100754215219,997.5817109016375,976.9937206203655,993.8384399414062,363200,0.0,0.0
2012-05-29 00:00:00+09:00,993.8384466240876,1027.5278854927008,978.8653626824818,1025.65625,553600,0.0,0.0
2012-05-30 00:00:00+09:00,1021.9130184237517,1027.5279251183877,986.351942691057,1005.0682983398438,538800,0.0,0.0
2012-05-31 00:00:00+09:00,973.2504580002422,978.8653644887052,952.6624675425447,965.763916015625,996800,0.0,0.0
2012-06-01 00:00:00+09:00,954.5339634906816,960.1488691582738,926.4594351527203,932.0743408203125,591200,0.0,0.0
2012-06-04 00:00:00+09:00,889.0267255437022,894.6416311787151,879.6685494853474,887.1550903320312,730000,0.0,0.0
2012-06-05 00:00:00+09:00,900.2565420372898,935.817611265374,898.3849068147591,932.0743408203125,772000,0.0,0.0
2012-06-06 00:00:00+09:00,945.1760905818717,967.6357204570844,932.0746398213308,962.0208129882812,753200,0.0,0.0
2012-06-07 00:00:00+09:00,991.9667971088511,993.8384325750942,969.5071715139337,976.9937133789062,902400,0.0,0.0
2012-06-08 00:00:00+09:00,971.3787289574034,971.3787289574034,939.5609285869297,943.30419921875,1564800,0.0,0.0
2012-06-11 00:00:00+09:00,967.6353338194527,993.8382248706564,963.8920636692807,986.3516845703125,581600,0.0,0.0
2012-06-12 00:00:00+09:00,954.5340653788837,984.4802321358683,947.0475236896376,971.3787841796875,624400,0.0,0.0
2012-06-13 00:00:00+09:00,978.8655353946908,984.4804428634941,956.4059055194781,962.0208129882812,625200,0.0,0.0
2012-06-14 00:00:00+09:00,952.6624675425447,971.3788225040879,947.0475610540818,965.763916015625,658000,0.0,0.0
2012-06-15 00:00:00+09:00,967.6355825662613,975.1221247911453,950.7908625602722,958.2774047851562,602400,0.0,0.0
2012-06-18 00:00:00+09:00,995.710164612828,1021.9130636815867,990.0952576695225,1016.2981567382812,929200,0.0,0.0
2012-06-19 00:00:00+09:00,1005.0682296752931,1029.3994903564453,1001.3249588012696,1018.169677734375,733600,0.0,0.0
2012-06-20 00:00:00+09:00,1035.0143029106987,1044.3724792480468,1001.3248680962456,1010.6830444335938,911200,0.0,0.0
2012-06-21 00:00:00+09:00,1010.6833640235816,1023.7848150387022,1003.1968205863699,1014.4266357421875,537600,0.0,0.0
2012-06-22 00:00:00+09:00,1003.1965033637152,1014.4263149685329,993.8383270263671,1010.6830444335938,471200,0.0,0.0
2012-06-25 00:00:00+09:00,1023.784623194367,1027.527894211531,995.7100905656366,997.5817260742188,327200,0.0,0.0
2012-06-26 00:00:00+09:00,982.6087351266344,991.9669135564119,960.1491068951685,975.1221923828125,443200,0.0,0.0
2012-06-27 00:00:00+09:00,973.2504424464199,978.8653488451494,965.7639005814475,976.9937133789062,318000,0.0,0.0
2012-06-28 00:00:00+09:00,991.9669285148781,997.5818356574151,969.5072999447299,978.865478515625,488800,0.0,0.0
2012-06-29 00:00:00+09:00,965.7641066647648,1006.9400957086114,960.1491990678766,999.4535522460938,453200,0.0,0.0
2012-07-02 00:00:00+09:00,1020.0412049701223,1021.9128402085996,1006.9397583007812,1006.9397583007812,408800,0.0,0.0
2012-07-03 00:00:00+09:00,991.9668195484726,1012.5548101428749,991.9668195484726,997.5817260742188,450000,0.0,0.0
2012-07-04 00:00:00+09:00,1012.5546640162131,1012.5546640162131,1003.1964878238267,1006.9397583007812,363600,0.0,0.0
2012-07-05 00:00:00+09:00,1005.0686916273755,1021.9134183026946,1001.3254190328602,1012.5552368164062,318000,0.0,0.0
2012-07-06 00:00:00+09:00,1010.6830430568609,1010.6830430568609,986.3517846128995,995.7099609375,507200,0.0,0.0
2012-07-09 00:00:00+09:00,967.6352113865424,971.3784810630862,932.0741494593775,948.5675659179688,910800,0.0,0.0
2012-07-10 00:00:00+09:00,935.817679659655,945.1758564562515,917.1013260664619,918.9729614257812,661600,0.0,0.0
2012-07-11 00:00:00+09:00,905.8715360633499,911.4864422786186,883.4119112022751,894.6417236328125,854800,0.0,0.0
2012-07-12 00:00:00+09:00,894.64186464507,904.0000431455414,864.6956934435614,868.43896484375,1061200,0.0,0.0
2012-07-13 00:00:00+09:00,870.3101640540632,885.283242145316,860.9519902470303,866.56689453125,839600,0.0,0.0
2012-07-17 00:00:00+09:00,879.6686707852735,879.6686707852735,862.8239515574704,872.18212890625,499200,0.0,0.0
2012-07-18 00:00:00+09:00,877.7970980848287,887.1552761027907,849.722564030943,857.2091064453125,483600,0.0,0.0
2012-07-19 00:00:00+09:00,870.3102376905538,905.8713011660818,866.5669678510245,883.4116821289062,784000,0.0,0.0
2012-07-20 00:00:00+09:00,903.9998152240954,905.8714504523026,875.9252868009868,889.0267333984375,489200,0.0,0.0
2012-07-23 00:00:00+09:00,860.952379014757,864.6956502278646,840.3643873426649,842.2360229492188,470000,0.0,0.0
2012-07-24 00:00:00+09:00,842.2361130231277,853.4659278634361,829.1346623761013,849.72265625,480000,0.0,0.0
2012-07-25 00:00:00+09:00,849.7226548533146,849.7226548533146,804.8033955659147,817.9048461914062,644000,0.0,0.0
2012-07-26 00:00:00+09:00,823.5196595733574,847.8509222425703,808.5465748538419,840.3643798828125,654000,0.0,0.0
2012-07-27 00:00:00+09:00,864.6955341608673,883.4118877141327,857.208992739561,874.0537109375,507600,0.0,0.0
2012-07-30 00:00:00+09:00,890.8984836038089,898.3850254828326,864.6955870272263,872.18212890625,411600,0.0,0.0
2012-07-31 00:00:00+09:00,857.2089189190315,894.6416228019585,849.722378142446,877.882080078125,410400,0.0,0.0
2012-08-01 00:00:00+09:00,887.1550981702303,903.9998152240954,872.1820163445724,889.0267333984375,698000,0.0,0.0
2012-08-02 00:00:00+09:00,879.6687336884211,883.4120048956058,857.2091064453125,857.2091064453125,698400,0.0,0.0
2012-08-03 00:00:00+09:00,842.2361523324993,842.2361523324993,810.4183421332715,812.2899780273438,568400,0.0,0.0
2012-08-06 00:00:00+09:00,832.8778280960785,842.2360059398546,819.7763791147918,826.4549560546875,579600,0.0,0.0
2012-08-07 00:00:00+09:00,816.0330937025751,842.2359912067863,812.2898226305449,839.0946044921875,540000,0.0,0.0
2012-08-08 00:00:00+09:00,853.4658647867274,896.5134851597421,853.4658647867274,868.4647216796875,931200,0.0,0.0
2012-08-09 00:00:00+09:00,855.3371807998494,885.2833403026889,855.3371807998494,872.6631469726562,611200,0.0,0.0
2012-08-10 00:00:00+09:00,872.1821824596774,887.1552671370968,860.9523689516129,870.310546875,426800,0.0,0.0
2012-08-13 00:00:00+09:00,879.6688304990214,885.2837379277386,870.3106514511594,881.5404663085938,345200,0.0,0.0
2012-08-14 00:00:00+09:00,866.5673011172133,870.3105723963374,829.134588325973,845.9793090820312,1220000,0.0,0.0
2012-08-15 00:00:00+09:00,847.8509070889262,849.7225426454139,817.904738185123,836.62109375,601600,0.0,0.0
2012-08-16 00:00:00+09:00,838.4927936422414,875.9255076441272,834.7495222420528,868.43896484375,827600,0.0,0.0
2012-08-17 00:00:00+09:00,883.4119707272376,911.4865036952642,881.5403351960358,909.6148681640625,838000,0.0,0.0
2012-08-20 00:00:00+09:00,924.5880590919556,926.4596948391054,904.0000658733088,920.8447875976562,705200,0.0,0.0
2012-08-21 00:00:00+09:00,917.1015035126056,924.5880463984229,911.4865963482428,918.8004150390625,414400,0.0,0.0
2012-08-22 00:00:00+09:00,918.9730058557417,924.5879122051658,903.9999222572775,920.7293090820312,348000,0.0,0.0
2012-08-23 00:00:00+09:00,909.61500912021,930.203003153795,900.2568300140349,925.7378540039062,473200,0.0,0.0
2012-08-24 00:00:00+09:00,903.9999006582603,907.7431714684394,890.8984528226333,894.6417236328125,545600,0.0,0.0
2012-08-27 00:00:00+09:00,903.9998072370698,905.8714424487407,879.6685494853474,887.1550903320312,428000,0.0,0.0
2012-08-28 00:00:00+09:00,896.5134050385291,902.1283115419019,877.7970500272862,890.8984985351562,624000,0.0,0.0
2012-08-29 00:00:00+09:00,889.0270812100036,904.0001688935405,887.1554452495615,900.2568969726562,366000,0.0,0.0
2012-08-30 00:00:00+09:00,890.8985985399048,898.385141384778,881.5404199838134,885.28369140625,474800,0.0,0.0
2012-08-31 00:00:00+09:00,874.0538180443549,885.2836315524194,866.5672757056452,870.310546875,438000,0.0,0.0
2012-09-03 00:00:00+09:00,862.8237432123541,868.4386482657967,849.7222980876546,851.5939331054688,542400,0.0,0.0
2012-09-04 00:00:00+09:00,849.7221816785908,874.0534335768764,847.8505469171841,866.56689453125,394000,0.0,0.0
2012-09-05 00:00:00+09:00,859.0807448167068,859.0807448167068,823.5196682338801,827.262939453125,591600,0.0,0.0
2012-09-06 00:00:00+09:00,831.00621067237,838.4927531108598,821.6480326242577,827.262939453125,430000,0.0,0.0
2012-09-07 00:00:00+09:00,866.5673342940671,892.7702342511232,853.465884315539,885.28369140625,857200,0.0,0.0
2012-09-10 00:00:00+09:00,883.4121021181661,890.8986453564557,870.3106514511594,881.5404663085938,559600,0.0,0.0
2012-09-11 00:00:00+09:00,868.4390143171806,868.4390143171806,842.2361130231277,849.72265625,479600,0.0,0.0
2012-09-12 00:00:00+09:00,851.5940936544667,866.56717661982,845.9791875424593,860.9522705078125,469200,0.0,0.0
2012-09-13 00:00:00+09:00,859.0806431882163,885.283538623151,859.0806431882163,877.7969970703125,355200,0.0,0.0
2012-09-14 00:00:00+09:00,889.0269798961112,926.4596948391054,889.0269798961112,920.8447875976562,1212000,0.0,0.0
2012-09-18 00:00:00+09:00,928.3311090488321,948.9190973543505,918.9729325463237,941.4325561523438,681200,0.0,0.0
2012-09-19 00:00:00+09:00,947.0477264048061,969.5073562800188,937.6895472901341,962.0208129882812,922400,0.0,0.0
2012-09-20 00:00:00+09:00,947.0476955700113,962.0207816659799,922.7164306640625,922.7164306640625,830800,0.0,0.0
2012-09-21 00:00:00+09:00,915.2300637981849,950.7911501216317,909.6151554313249,937.689697265625,646400,0.0,0.0
2012-09-24 00:00:00+09:00,924.5882568359375,932.0748014257023,911.4868038038494,924.5882568359375,631200,0.0,0.0
2012-09-25 00:00:00+09:00,913.35811638684,922.7162938088364,894.6417615428475,903.9999389648438,743200,0.0,0.0
2012-09-26 00:00:00+09:00,888.8702340299618,894.5438738216425,875.6317411827071,883.1965942382812,678400,12.5,0.0
2012-09-27 00:00:00+09:00,877.5229981509862,890.7614916575743,869.95814471865,886.9790649414062,497200,0.0,0.0
2012-09-28 00:00:00+09:00,892.6527123440889,902.1087792121407,868.0669384871543,871.849365234375,645600,0.0,0.0
2012-10-01 00:00:00+09:00,869.9583051908385,871.849518897775,847.2637407075991,858.6110229492188,548800,0.0,0.0
2012-10-02 00:00:00+09:00,868.0667438884358,879.4140215863238,854.8282532408997,860.5018920898438,482400,0.0,0.0
2012-10-03 00:00:00+09:00,858.6108716191025,877.523005355206,852.9372314982714,871.849365234375,466400,0.0,0.0
2012-10-04 00:00:00+09:00,873.7405060207383,890.7614249691942,862.3932267217676,881.3053588867188,498800,0.0,0.0
2012-10-05 00:00:00+09:00,892.6524498533096,902.1085139407387,883.1963857658804,896.4348754882812,635600,0.0,0.0
2012-10-09 00:00:00+09:00,892.652779414736,892.652779414736,873.7406442576441,877.5230712890625,486000,0.0,0.0
2012-10-10 00:00:00+09:00,854.8284912109375,860.5021316393287,845.3724238302856,854.8284912109375,582400,0.0,0.0
2012-10-11 00:00:00+09:00,851.046018124661,892.6527123440889,849.1548047510506,871.849365234375,1133200,0.0,0.0
2012-10-12 00:00:00+09:00,883.1966676918458,888.8703079553909,864.284533480029,873.7406005859375,1028400,0.0,0.0
2012-10-15 00:00:00+09:00,875.6320148204107,904.0002226439663,866.1759455458923,902.1090087890625,670800,0.0,0.0
2012-10-16 00:00:00+09:00,909.6735173309198,917.2383698658963,888.8701728597346,903.9998779296875,665600,0.0,0.0
2012-10-17 00:00:00+09:00,913.4559604420381,915.3471736106551,898.3262550931016,900.2174682617188,533200,0.0,0.0
2012-10-18 00:00:00+09:00,903.9999326855068,924.8032784167632,886.9790134508424,919.129638671875,1127200,0.0,0.0
2012-10-19 00:00:00+09:00,921.0207966308593,945.6065673828125,917.2383703613281,945.6065673828125,804000,0.0,0.0
2012-10-22 00:00:00+09:00,915.3472007860233,936.150546258433,903.9999214374363,928.585693359375,533200,0.0,0.0
2012-10-23 00:00:00+09:00,943.7153097252291,953.1713749529368,928.5856053608968,941.8240966796875,458400,0.0,0.0
2012-10-24 00:00:00+09:00,924.8032784167632,939.9329844031315,919.129638671875,919.129638671875,451200,0.0,0.0
2012-10-25 00:00:00+09:00,921.0208184689891,926.6944580078125,909.6735393913424,926.6944580078125,457200,0.0,0.0
2012-10-26 00:00:00+09:00,922.9120262851234,932.3680921282087,900.2174682617186,900.2174682617188,448400,0.0,0.0
2012-10-29 00:00:00+09:00,907.7822041362214,909.6734170615051,894.5437136592348,905.8909912109375,306400,0.0,0.0
2012-10-30 00:00:00+09:00,907.7826503537735,919.1299334831957,898.3265810792551,902.1090087890625,439200,0.0,0.0
2012-10-31 00:00:00+09:00,913.455718179503,928.5854195158096,905.8908675113498,921.0205688476562,440800,0.0,0.0
2012-11-01 00:00:00+09:00,905.8908094237227,905.8908094237227,866.1753459625573,875.6314086914062,1025600,0.0,0.0
2012-11-02 00:00:00+09:00,896.4351127909428,915.3472459721862,892.652686154694,911.5648193359375,694000,0.0,0.0
2012-11-05 00:00:00+09:00,909.6737670898438,924.8034763137913,900.2176988248766,909.6737670898438,454800,0.0,0.0
2012-11-06 00:00:00+09:00,909.6737670898438,921.0210490078043,905.8913397838569,909.6737670898438,390800,0.0,0.0
2012-11-07 00:00:00+09:00,924.8034102277057,932.3682642990981,915.3473426384654,930.47705078125,634400,0.0,0.0
2012-11-08 00:00:00+09:00,917.2384592903106,930.4769525171811,898.326326109067,911.5648193359375,581600,0.0,0.0
2012-11-09 00:00:00+09:00,892.6526157174059,892.6526157174059,873.7404840284778,879.4141235351562,884800,0.0,0.0
2012-11-12 00:00:00+09:00,860.5018920898438,869.9579568380838,852.9370402912517,860.5018920898438,707200,0.0,0.0
2012-11-13 00:00:00+09:00,860.5021316393287,868.0669855438503,835.9163564496337,854.8284912109375,780400,0.0,0.0
2012-11-14 00:00:00+09:00,847.2635393099548,851.0459658247314,832.1338332508485,835.916259765625,468000,0.0,0.0
2012-11-15 00:00:00+09:00,843.4812575325662,864.2846069335936,837.8076167868315,864.2846069335938,664000,0.0,0.0
2012-11-16 00:00:00+09:00,869.9578521211268,894.5436175071587,869.9578521211268,892.6524047851562,657600,0.0,0.0
2012-11-19 00:00:00+09:00,911.564629986789,915.3470558373565,902.10856536037,905.8909912109375,444000,0.0,0.0
2012-11-20 00:00:00+09:00,919.1294523540296,919.1294523540296,892.6524722450658,898.3261108398438,336400,0.0,0.0
2012-11-21 00:00:00+09:00,903.9999878687888,921.0209081424689,898.3263477775621,913.4560546875,501200,0.0,0.0
2012-11-22 00:00:00+09:00,917.2381435135796,921.0205688476564,911.5645055124647,921.0205688476562,760400,0.0,0.0
2012-11-26 00:00:00+09:00,932.368429701338,941.8244989680858,930.4772158479883,934.2596435546875,725600,0.0,0.0
2012-11-27 00:00:00+09:00,932.3683903241399,936.1508178710938,915.3474663628473,936.1508178710938,492400,0.0,0.0
2012-11-28 00:00:00+09:00,921.0210546615276,921.0210546615276,886.9792086986786,888.8704223632812,556400,0.0,0.0
2012-11-29 00:00:00+09:00,894.5438287558675,903.9998945989528,890.7614024186335,900.2174682617188,615600,0.0,0.0
2012-11-30 00:00:00+09:00,902.1086647959434,909.6735173309198,890.7613859934786,903.9998779296875,612400,0.0,0.0
2012-12-03 00:00:00+09:00,909.6732928454264,932.3678448498862,905.8908675113498,921.0205688476562,608000,0.0,0.0
2012-12-04 00:00:00+09:00,913.4557111755876,924.8029870908123,909.6732858705127,915.346923828125,396000,0.0,0.0
2012-12-05 00:00:00+09:00,907.7823478869653,932.368119808904,902.1087082126718,928.585693359375,510800,0.0,0.0
2012-12-06 00:00:00+09:00,939.9330882223431,947.4979420510944,932.3682343935918,943.7155151367188,506800,0.0,0.0
2012-12-07 00:00:00+09:00,945.6064516222974,958.8449419450096,941.8240258158082,951.2800903320312,515200,0.0,0.0
2012-12-10 00:00:00+09:00,968.3012647347741,968.3012647347741,955.0627708809783,962.6276245117188,571600,0.0,0.0
2012-12-11 00:00:00+09:00,951.2800201656312,962.6272967481237,934.2591052918922,960.736083984375,676800,0.0,0.0
2012-12-12 00:00:00+09:00,970.1924876981568,987.2134085349666,964.5188474192203,973.9749145507812,559200,0.0,0.0
2012-12-13 00:00:00+09:00,992.8868696424696,1026.9287051730685,987.2132303873698,1021.2550659179688,750800,0.0,0.0
2012-12-14 00:00:00+09:00,1015.5815869050034,1025.0376538221822,994.7782396872101,1019.364013671875,1448800,0.0,0.0
2012-12-17 00:00:00+09:00,1042.0584039386201,1051.514469310114,1015.5814208984375,1015.5814208984375,524800,0.0,0.0
2012-12-18 00:00:00+09:00,1015.5816738065436,1043.9498769854972,1013.6904602612799,1026.928955078125,524400,0.0,0.0
2012-12-19 00:00:00+09:00,1045.8409744262697,1059.0794677734375,1034.4936944144113,1059.0794677734375,636400,0.0,0.0
2012-12-20 00:00:00+09:00,1060.9708078519893,1066.64444853569,1036.385031555954,1038.2762451171875,694000,0.0,0.0
2012-12-21 00:00:00+09:00,1053.4057630877628,1053.4057630877628,1000.4517929504964,1011.799072265625,614400,0.0,0.0
2012-12-25 00:00:00+09:00,1045.8409318941385,1045.8409318941385,1021.2551595349634,1034.49365234375,409600,0.0,0.0
2012-12-26 00:00:00+09:00,1047.7324017441065,1077.9918212890625,1040.1675468578674,1077.9918212890625,429200,0.0,0.0
2012-12-27 00:00:00+09:00,1096.9036089185997,1113.9245269880262,1091.229969562124,1100.68603515625,529200,0.0,0.0
2012-12-28 00:00:00+09:00,1106.359564333546,1119.5980548469388,1104.4683514030612,1112.033203125,468800,0.0,0.0
2013-01-04 00:00:00+09:00,1163.0961249856389,1164.9873381969976,1151.7488457174863,1157.4224853515625,519600,0.0,0.0
2013-01-07 00:00:00+09:00,1174.443427710042,1174.443427710042,1136.619162727432,1138.5103759765625,506400,0.0,0.0
2013-01-08 00:00:00+09:00,1125.272113490393,1136.6193953071026,1093.1214816763816,1095.0126953125,466000,0.0,0.0
2013-01-09 00:00:00+09:00,1081.773777173913,1138.5101640886287,1079.8825642767558,1130.9453125,518400,0.0,0.0
2013-01-10 00:00:00+09:00,1149.8578884369851,1168.7700247599619,1144.1842475400922,1147.9666748046875,463600,0.0,0.0
2013-01-11 00:00:00+09:00,1182.0082570992265,1182.0082570992265,1147.9664192947687,1157.4224853515625,775600,0.0,0.0
2013-01-15 00:00:00+09:00,1166.8788471380078,1172.5524882099917,1134.7282143967661,1140.40185546875,739200,0.0,0.0
2013-01-16 00:00:00+09:00,1138.5105408562556,1138.5105408562556,1087.4477757347956,1089.3389892578125,750400,0.0,0.0
2013-01-17 00:00:00+09:00,1095.0128031735696,1102.5776584631972,1049.6236714358051,1072.3182373046875,775200,0.0,0.0
2013-01-18 00:00:00+09:00,1113.924878922129,1163.096435546875,1110.1424514894563,1163.096435546875,1120000,0.0,0.0
2013-01-21 00:00:00+09:00,1166.8785621618376,1187.6819076784993,1147.9664298739635,1168.769775390625,734000,0.0,0.0
2013-01-22 00:00:00+09:00,1176.3349469198563,1208.4855805173445,1159.314023250598,1185.791015625,969200,0.0,0.0
2013-01-23 00:00:00+09:00,1166.8787493866998,1195.246952370169,1161.205108790006,1174.443603515625,940000,0.0,0.0
2013-01-24 00:00:00+09:00,1172.5524657071098,1233.0713026468316,1170.6612520527435,1223.615234375,818400,0.0,0.0
2013-01-25 00:00:00+09:00,1250.0916973010292,1253.8741230114708,1234.9619944592616,1251.98291015625,771200,0.0,0.0
2013-01-28 00:00:00+09:00,1267.1127472620576,1276.5688125401327,1231.1796992053723,1242.5269775390625,532000,0.0,0.0
2013-01-29 00:00:00+09:00,1244.4182354827426,1293.5897767024253,1238.7445961112408,1267.11279296875,775200,0.0,0.0
2013-01-30 00:00:00+09:00,1284.1339330336627,1286.025146484375,1267.113011977252,1286.025146484375,672400,0.0,0.0
2013-01-31 00:00:00+09:00,1287.9162146526833,1306.828347026438,1274.6777219910553,1304.9371337890625,582000,0.0,0.0
2013-02-01 00:00:00+09:00,1304.9371794982103,1304.9371794982103,1272.7865533366603,1287.916259765625,619200,0.0,0.0
2013-02-04 00:00:00+09:00,1289.8075883629313,1333.3054982344083,1289.8075883629313,1329.5230712890625,664800,0.0,0.0
2013-02-05 00:00:00+09:00,1304.9372140273033,1318.1757075029427,1278.4602270760247,1280.3514404296875,840800,0.0,0.0
2013-02-06 00:00:00+09:00,1280.3512855485685,1314.3931217965362,1276.5688592987942,1308.719482421875,878800,0.0,0.0
2013-02-07 00:00:00+09:00,1303.0459543122495,1312.5020207441235,1282.2426081621263,1297.372314453125,522800,0.0,0.0
2013-02-08 00:00:00+09:00,1272.7869157906039,1295.4814818968255,1253.8747773687523,1255.7659912109375,892800,0.0,0.0
2013-02-12 00:00:00+09:00,1295.4810340827237,1352.2174297359818,1295.4810340827237,1333.3052978515625,1066400,0.0,0.0
2013-02-13 00:00:00+09:00,1333.3053431017647,1348.4350491227776,1306.828357564992,1316.284423828125,688000,0.0,0.0
2013-02-14 00:00:00+09:00,1304.937308674897,1337.087938019061,1301.1548816932307,1320.0670166015625,538800,0.0,0.0
2013-02-15 00:00:00+09:00,1310.610851908839,1320.066918661428,1269.0041581974474,1301.15478515625,768400,0.0,0.0
2013-02-18 00:00:00+09:00,1323.849409054487,1340.870330028045,1320.0669821714744,1327.6318359375,546000,0.0,0.0
2013-02-19 00:00:00+09:00,1318.1755480463105,1321.9579742960846,1304.9370561721007,1308.719482421875,400400,0.0,0.0
2013-02-20 00:00:00+09:00,1314.3931999759398,1320.066839688066,1297.3722808395607,1304.9371337890625,434800,0.0,0.0
2013-02-21 00:00:00+09:00,1295.4812840053014,1295.4812840053014,1270.8955078125,1270.8955078125,645600,0.0,0.0
2013-02-22 00:00:00+09:00,1255.7657098559462,1287.916337969728,1227.39750857908,1284.1339111328125,849600,0.0,0.0
2013-02-25 00:00:00+09:00,1320.0669360797951,1346.54392333641,1320.0669360797951,1344.6527099609375,906000,0.0,0.0
2013-02-26 00:00:00+09:00,1308.7196061054515,1327.6317391416576,1286.0250464620044,1287.916259765625,834000,0.0,0.0
2013-02-27 00:00:00+09:00,1286.024761550997,1295.480825974166,1229.2883750119825,1233.07080078125,1284000,0.0,0.0
2013-02-28 00:00:00+09:00,1267.113080705915,1278.4603620256696,1257.6570129394531,1270.8955078125,916800,0.0,0.0
2013-03-01 00:00:00+09:00,1251.9833898776915,1257.6570306173185,1233.0712540789348,1240.6361083984375,814400,0.0,0.0
2013-03-04 00:00:00+09:00,1253.8742886837397,1255.7655017888435,1210.376387266355,1214.1588134765625,724800,0.0,0.0
2013-03-05 00:00:00+09:00,1227.3976616837326,1229.288875338099,1212.2679524488021,1223.615234375,588000,0.0,0.0
2013-03-06 00:00:00+09:00,1229.288875338099,1236.8537299555642,1216.0503797575348,1223.615234375,477600,0.0,0.0
2013-03-07 00:00:00+09:00,1231.1799441122048,1242.5272247031007,1217.941450089493,1221.723876953125,655200,0.0,0.0
2013-03-08 00:00:00+09:00,1238.7446287229611,1263.3303999800582,1231.1797760284699,1259.5479736328125,1834000,0.0,0.0
2013-03-11 00:00:00+09:00,1270.8955078125,1286.0252162388392,1265.2218671526227,1270.8955078125,578800,0.0,0.0
2013-03-12 00:00:00+09:00,1289.8075733857997,1295.4812137379367,1267.113011977252,1286.025146484375,778000,0.0,0.0
2013-03-13 00:00:00+09:00,1274.6776454640858,1284.1337110832555,1259.5479404734142,1267.11279296875,568800,0.0,0.0
2013-03-14 00:00:00+09:00,1280.3514404296875,1293.5899339053267,1259.548093539397,1280.3514404296875,768800,0.0,0.0
2013-03-15 00:00:00+09:00,1289.807489483173,1361.6735959353146,1282.2426361724213,1352.217529296875,1414800,0.0,0.0
2013-03-18 00:00:00+09:00,1340.8700949458753,1367.347078485004,1329.5228162862488,1338.9788818359375,994400,0.0,0.0
2013-03-19 00:00:00+09:00,1371.129648858317,1408.9539150337189,1367.3472222407768,1382.4769287109375,955200,0.0,0.0
2013-03-21 00:00:00+09:00,1399.4979028353348,1410.8451831285943,1388.1506225420753,1397.606689453125,600000,0.0,0.0
2013-03-22 00:00:00+09:00,1388.1505907402664,1410.8451508068647,1384.3681640625,1384.3681640625,583200,0.0,0.0
2013-03-25 00:00:00+09:00,1407.0626779162449,1408.953891193014,1390.0417584253225,1401.3890380859375,479600,0.0,0.0
2013-03-26 00:00:00+09:00,1382.476942539882,1390.0417958506337,1344.652675986123,1352.217529296875,654400,0.0,0.0
2013-03-27 00:00:00+09:00,1357.930834586906,1371.2625538605503,1357.930834586906,1367.4534912109375,303600,12.5,0.0
2013-03-28 00:00:00+09:00,1348.4084388227216,1350.3129705159738,1308.4132732644205,1321.7449951171875,756400,0.0,0.0
2013-03-29 00:00:00+09:00,1323.6494140625,1338.8856663107015,1316.0312879383991,1323.6494140625,392800,0.0,0.0
2013-04-01 00:00:00+09:00,1323.6494320875022,1329.3630267583835,1296.9859902900562,1302.6995849609375,816400,0.0,0.0
2013-04-02 00:00:00+09:00,1285.5592129498543,1298.890938121186,1258.8957626071906,1287.4637451171875,838400,0.0,0.0
2013-04-03 00:00:00+09:00,1281.7499238410883,1293.1771148411574,1262.7046055076398,1291.2725830078125,921600,0.0,0.0
2013-04-04 00:00:00+09:00,1268.4179722780439,1317.935791015625,1256.990783338602,1317.935791015625,1076000,0.0,0.0
2013-04-05 00:00:00+09:00,1357.9310876975674,1371.262809456169,1319.8404541015625,1319.8404541015625,1072400,0.0,0.0
2013-04-08 00:00:00+09:00,1356.0267281518625,1363.644855838109,1323.6496854853153,1329.36328125,773200,0.0,0.0
2013-04-09 00:00:00+09:00,1376.9763027793483,1477.916474352385,1376.9763027793483,1447.4439697265625,2098400,0.0,0.0
2013-04-10 00:00:00+09:00,1447.4441770523313,1453.1577724880642,1424.5897953093997,1439.8260498046875,945600,0.0,0.0
2013-04-11 00:00:00+09:00,1447.4443269309947,1462.6805830039525,1430.303538848917,1445.539794921875,697200,0.0,0.0
2013-04-12 00:00:00+09:00,1456.9668386056317,1456.9668386056317,1397.9263523353382,1415.067138671875,1014800,0.0,0.0
2013-04-15 00:00:00+09:00,1415.066978939815,1422.6851053405678,1388.4035365371806,1407.4488525390625,623200,0.0,0.0
2013-04-16 00:00:00+09:00,1378.8807055598609,1428.3985209528946,1378.8807055598609,1420.7803955078125,808400,0.0,0.0
2013-04-17 00:00:00+09:00,1416.9716407806275,1436.0169585330555,1397.9263230281997,1434.1124267578125,739600,0.0,0.0
2013-04-18 00:00:00+09:00,1418.8763569289308,1418.8763569289308,1386.4993125426329,1396.02197265625,634400,0.0,0.0
2013-04-19 00:00:00+09:00,1403.6399453783793,1443.6351134285094,1403.6399453783793,1439.8260498046875,646000,0.0,0.0
2013-04-22 00:00:00+09:00,1462.6805109254499,1489.343957739195,1456.9669151796472,1481.725830078125,615200,0.0,0.0
2013-04-23 00:00:00+09:00,1466.489313808056,1476.0119716899267,1439.8258717388187,1453.1575927734375,406000,0.0,0.0
2013-04-24 00:00:00+09:00,1460.7759130049724,1493.1529541015625,1458.8713811757611,1493.1529541015625,449600,0.0,0.0
2013-04-25 00:00:00+09:00,1485.5346494498656,1516.0071550796065,1481.725586246148,1506.4844970703125,674400,0.0,0.0
2013-04-26 00:00:00+09:00,1506.4844113713334,1506.4844113713334,1481.7255019556226,1489.3436279296875,489200,0.0,0.0
2013-04-30 00:00:00+09:00,1472.2028893609868,1476.01195246412,1424.5896005718216,1449.3485107421875,1013600,0.0,0.0
2013-05-01 00:00:00+09:00,1449.3486809597548,1451.2532127349975,1430.303363207327,1434.1124267578125,531200,0.0,0.0
2013-05-02 00:00:00+09:00,1434.1124543689546,1455.062304299975,1434.1124543689546,1439.8260498046875,488000,0.0,0.0
2013-05-07 00:00:00+09:00,1441.7305127448842,1502.6755278146811,1441.7305127448842,1500.77099609375,814800,0.0,0.0
2013-05-08 00:00:00+09:00,1506.4847774481623,1523.6255650550315,1498.8666496228873,1514.1029052734375,595200,0.0,0.0
2013-05-09 00:00:00+09:00,1521.7208825313685,1559.8115178888495,1506.484628388376,1508.38916015625,568800,0.0,0.0
2013-05-10 00:00:00+09:00,1565.5249678667853,1575.0476258221795,1546.4796519559973,1554.0977783203125,802800,0.0,0.0
2013-05-13 00:00:00+09:00,1575.047803172951,1609.3293756724831,1569.3342077563623,1590.2840576171875,577200,0.0,0.0
2013-05-14 00:00:00+09:00,1582.6658750011782,1594.0930654343995,1573.1432163068268,1578.8568115234375,327200,0.0,0.0
2013-05-15 00:00:00+09:00,1607.424682897809,1689.3195423345455,1605.520151283001,1656.9425048828125,1073200,0.0,0.0
2013-05-16 00:00:00+09:00,1655.0380098470052,1714.0784912109375,1643.610819905599,1714.0784912109375,1134800,0.0,0.0
2013-05-17 00:00:00+09:00,1736.9329356317935,1771.2145067297895,1681.7015155294669,1752.169189453125,1191200,0.0,0.0
2013-05-20 00:00:00+09:00,1851.2054691449696,1885.4870519069136,1847.3964043936426,1883.58251953125,1213200,0.0,0.0
2013-05-21 00:00:00+09:00,1862.6320781072623,1931.1952220866706,1826.4459743403522,1887.3909912109375,1003600,0.0,0.0
2013-05-22 00:00:00+09:00,1885.4862167540775,1919.7677843314243,1864.5363699012544,1912.149658203125,691200,0.0,0.0
2013-05-23 00:00:00+09:00,1914.054724990245,2030.2311809349264,1792.1646728515627,1792.1646728515625,1958400,0.0,0.0
2013-05-24 00:00:00+09:00,1847.3955617804277,1885.4861919202303,1721.696482319079,1809.304931640625,1202000,0.0,0.0
2013-05-27 00:00:00+09:00,1723.6012815079598,1773.1191083800118,1704.5559634802476,1715.983154296875,1662000,0.0,0.0
2013-05-28 00:00:00+09:00,1687.4151358319143,1786.4507871448484,1687.4151358319143,1782.6417236328125,1428400,0.0,0.0
2013-05-29 00:00:00+09:00,1803.5908540598002,1822.6361640287528,1735.0277381715714,1763.595703125,1403200,0.0,0.0
2013-05-30 00:00:00+09:00,1677.8923909788764,1717.8875558035716,1626.4700362042684,1639.8017578125,1312000,0.0,0.0
2013-05-31 00:00:00+09:00,1662.6561955400598,1685.5105762347685,1590.2839900068154,1626.4700927734375,1763600,0.0,0.0
2013-06-03 00:00:00+09:00,1571.2386474609375,1613.1383447265623,1559.811457297585,1571.2386474609375,932800,0.0,0.0
2013-06-04 00:00:00+09:00,1544.5752965922482,1576.9523373346258,1514.102787658246,1565.525146484375,978000,0.0,0.0
2013-06-05 00:00:00+09:00,1565.525163611587,1595.997672878966,1485.5348267847178,1493.1529541015625,1092800,0.0,0.0
2013-06-06 00:00:00+09:00,1455.0621236979166,1491.2482236328126,1416.9714921875,1428.398681640625,1256800,0.0,0.0
2013-06-07 00:00:00+09:00,1392.2127685546875,1430.3034051772506,1357.9311955943806,1392.2127685546875,1497200,0.0,0.0
2013-06-10 00:00:00+09:00,1470.2983129945253,1508.3889428648497,1447.4439350723305,1489.3436279296875,1095600,0.0,0.0
2013-06-11 00:00:00+09:00,1489.3436733250862,1506.4844572891857,1439.8258529843545,1449.3485107421875,863200,0.0,0.0
2013-06-12 00:00:00+09:00,1428.3989626680539,1495.0575809258964,1416.9717709667093,1487.439453125,792400,0.0,0.0
2013-06-13 00:00:00+09:00,1441.730212878384,1441.730212878384,1363.644428561325,1367.4534912109375,1042800,0.0,0.0
2013-06-14 00:00:00+09:00,1396.0217765018858,1437.9214751144937,1373.1673954404635,1380.7855224609375,1619200,0.0,0.0
2013-06-17 00:00:00+09:00,1363.644553563928,1422.6850300450478,1363.644553563928,1416.971435546875,568000,0.0,0.0
2013-06-18 00:00:00+09:00,1405.544528260523,1422.6853151905293,1386.4992094494048,1399.8309326171875,491600,0.0,0.0
2013-06-19 00:00:00+09:00,1445.5394945269154,1474.107468727052,1432.2077732335183,1458.8712158203125,601600,0.0,0.0
2013-06-20 00:00:00+09:00,1436.0171451334413,1458.8715294061221,1390.3083765880797,1396.02197265625,705600,0.0,0.0
2013-06-21 00:00:00+09:00,1367.4541454605376,1384.5949355846947,1300.7955171999265,1376.976806640625,1223600,0.0,0.0
2013-06-24 00:00:00+09:00,1405.5443198939731,1407.4488514927455,1329.3630559430803,1333.172119140625,575600,0.0,0.0
2013-06-25 00:00:00+09:00,1323.6495655366105,1354.122073520187,1281.7498670591926,1304.604248046875,1018400,0.0,0.0
2013-06-26 00:00:00+09:00,1333.1722928076674,1350.3130794294802,1291.2725921765693,1293.1771240234375,412000,0.0,0.0
2013-06-27 00:00:00+09:00,1300.7950290256076,1371.2626953125,1291.2723714192707,1371.2626953125,776000,0.0,0.0
2013-06-28 00:00:00+09:00,1397.926047555595,1437.9212069543246,1394.116984755716,1426.4940185546875,927200,0.0,0.0
2013-07-01 00:00:00+09:00,1430.3034758872175,1445.5397312894781,1388.4037735310008,1432.2080078125,620800,0.0,0.0
2013-07-02 00:00:00+09:00,1426.494158985169,1426.494158985169,1382.689932474276,1405.5443115234375,828000,0.0,0.0
2013-07-03 00:00:00+09:00,1413.1625791807433,1418.8761745143581,1399.8308567356419,1409.353515625,574800,0.0,0.0
2013-07-04 00:00:00+09:00,1409.3535248502867,1443.6350970763747,1403.639929479272,1411.258056640625,591200,0.0,0.0
2013-07-05 00:00:00+09:00,1436.0167898812213,1458.8711685000205,1428.3986636749548,1449.3485107421875,636400,0.0,0.0
2013-07-08 00:00:00+09:00,1489.3436920572917,1496.961818359375,1428.398681640625,1428.398681640625,698000,0.0,0.0
2013-07-09 00:00:00+09:00,1434.112359872136,1474.1075252868968,1434.112359872136,1470.2984619140625,417600,0.0,0.0
2013-07-10 00:00:00+09:00,1462.6804033864544,1462.6804033864544,1418.8761725558704,1434.1124267578125,693600,0.0,0.0
2013-07-11 00:00:00+09:00,1405.5445159544429,1426.494366463249,1397.9263884966952,1422.685302734375,597200,0.0,0.0
2013-07-12 00:00:00+09:00,1420.7807341173873,1449.3487113449487,1411.2580750415334,1415.067138671875,1129600,0.0,0.0
2013-07-16 00:00:00+09:00,1434.112194235353,1464.584697698521,1434.112194235353,1460.775634765625,1019600,0.0,0.0
2013-07-17 00:00:00+09:00,1458.8711694525193,1479.8210165334303,1449.348511688469,1474.107421875,459600,0.0,0.0
2013-07-18 00:00:00+09:00,1487.438877541268,1519.8159081663662,1485.534346328027,1517.911376953125,4280800,0.0,0.0
2013-07-19 00:00:00+09:00,1527.4343735376995,1538.8615633646648,1434.1123232841492,1462.6802978515625,1017200,0.0,0.0
2013-07-22 00:00:00+09:00,1477.9165032663007,1477.9165032663007,1430.3032138569483,1453.1575927734375,610400,0.0,0.0
2013-07-23 00:00:00+09:00,1443.634851567593,1477.916417963657,1432.2076627689048,1460.775634765625,793600,0.0,0.0
2013-07-24 00:00:00+09:00,1464.5849038350214,1485.534752914586,1447.4441182244684,1477.9166259765625,679600,0.0,0.0
2013-07-25 00:00:00+09:00,1495.057316634407,1500.770911475048,1472.2029372718428,1483.630126953125,972000,0.0,0.0
2013-07-26 00:00:00+09:00,1466.489504533211,1466.489504533211,1437.9215271721744,1441.7305908203125,741200,0.0,0.0
2013-07-29 00:00:00+09:00,1397.926661236817,1403.6402579448693,1375.0722744046075,1376.976806640625,468000,0.0,0.0
2013-07-30 00:00:00+09:00,1357.93103093417,1411.2579157394389,1352.2174361336054,1407.4488525390625,472400,0.0,0.0
2013-07-31 00:00:00+09:00,1371.2628636853449,1403.6399035223599,1359.8356731546337,1380.7855224609375,508400,0.0,0.0
2013-08-01 00:00:00+09:00,1323.6493566593342,1325.5538881077648,1247.4680987221063,1312.22216796875,1646000,0.0,0.0
2013-08-02 00:00:00+09:00,1361.7402478470938,1415.067138671875,1344.599461510557,1415.067138671875,1140000,0.0,0.0
2013-08-05 00:00:00+09:00,1399.8311934728345,1399.8311934728345,1346.5042908643454,1376.976806640625,870000,0.0,0.0
2013-08-06 00:00:00+09:00,1443.6351134285094,1443.6351134285094,1396.0218181307353,1439.8260498046875,925200,0.0,0.0
2013-08-07 00:00:00+09:00,1411.2578200352045,1437.921260629662,1384.5943794407472,1388.4034423828125,992000,0.0,0.0
2013-08-08 00:00:00+09:00,1371.2626497038118,1434.1121878152364,1361.7399924142019,1386.4989013671875,917200,0.0,0.0
2013-08-09 00:00:00+09:00,1388.4035918165373,1432.2078203649328,1388.4035918165373,1418.8760986328125,814800,0.0,0.0
2013-08-12 00:00:00+09:00,1390.3080494853502,1413.162428381,1376.976328462888,1403.6397705078125,334400,0.0,0.0
2013-08-13 00:00:00+09:00,1415.0671090053847,1441.7305538587837,1415.0671090053847,1434.1124267578125,407600,0.0,0.0
2013-08-14 00:00:00+09:00,1456.966840371318,1495.057476720895,1449.3487131014028,1491.2484130859375,654000,0.0,0.0
2013-08-15 00:00:00+09:00,1491.248234925089,1523.625271954114,1472.2029190256626,1504.5799560546875,981600,0.0,0.0
2013-08-16 00:00:00+09:00,1477.9165792700228,1491.248300990242,1462.6803258754865,1468.3939208984375,693200,0.0,0.0
2013-08-19 00:00:00+09:00,1468.3938453844303,1474.1074401135525,1424.589619127826,1453.1575927734375,441200,0.0,0.0
2013-08-20 00:00:00+09:00,1453.1577724880642,1472.2030906071739,1437.9215179927764,1439.8260498046875,565600,0.0,0.0
2013-08-21 00:00:00+09:00,1449.3486995873861,1451.2532313871068,1415.0671271924152,1437.9215087890625,415600,0.0,0.0
2013-08-22 00:00:00+09:00,1426.4942253368813,1436.0168837169672,1399.8307818726405,1418.8760986328125,292800,0.0,0.0
2013-08-23 00:00:00+09:00,1464.5847922071066,1491.2482344579512,1455.0621342603763,1479.821044921875,633200,0.0,0.0
2013-08-26 00:00:00+09:00,1487.4394258239274,1495.0575534849975,1458.8714470949149,1481.725830078125,508400,0.0,0.0
2013-08-27 00:00:00+09:00,1460.77572855525,1485.5346392087288,1432.207754724313,1455.0621337890625,404800,0.0,0.0
2013-08-28 00:00:00+09:00,1422.684926869083,1430.3030523141651,1392.2124250887546,1420.7803955078125,634400,0.0,0.0
2013-08-29 00:00:00+09:00,1422.6852543912976,1449.3486995873861,1420.780722591577,1437.9215087890625,727200,0.0,0.0
2013-08-30 00:00:00+09:00,1437.9212820401756,1445.5394080377393,1411.257841048702,1416.971435546875,516000,0.0,0.0
2013-09-02 00:00:00+09:00,1418.8762089314832,1449.348718116589,1409.3535498111378,1441.7305908203125,333200,0.0,0.0
2013-09-03 00:00:00+09:00,1455.0621342603763,1481.7255765112209,1455.0621342603763,1479.821044921875,632400,0.0,0.0
2013-09-04 00:00:00+09:00,1451.2531816934802,1479.8211577110685,1447.4441182244684,1477.9166259765625,843200,0.0,0.0
2013-09-05 00:00:00+09:00,1489.343985075224,1502.6757087267927,1481.7258572743278,1487.439453125,663200,0.0,0.0
2013-09-06 00:00:00+09:00,1485.534921174776,1500.7711767765686,1464.5850697223111,1487.439453125,795600,0.0,0.0
2013-09-09 00:00:00+09:00,1521.7208345031738,1523.6253662109375,1502.6755174255372,1523.6253662109375,730000,0.0,0.0
2013-09-10 00:00:00+09:00,1523.625245041513,1552.1932183860413,1519.8161819289091,1548.3841552734375,696400,0.0,0.0
2013-09-11 00:00:00+09:00,1519.8159563463573,1584.570019649335,1519.8159563463573,1575.04736328125,995600,0.0,0.0
2013-09-12 00:00:00+09:00,1565.5250343605323,1575.0476927203897,1533.1479959370176,1542.670654296875,661600,0.0,0.0
2013-09-13 00:00:00+09:00,1533.1479136149087,1603.6155816941034,1531.2433820452009,1599.8065185546875,1595600,0.0,0.0
2013-09-17 00:00:00+09:00,1618.8518911952385,1635.992675925541,1599.8065748282359,1611.2337646484375,700800,0.0,0.0
2013-09-18 00:00:00+09:00,1616.9474249031452,1651.2289957491482,1609.3292980484778,1624.5655517578125,748400,0.0,0.0
2013-09-19 00:00:00+09:00,1660.751477335929,1717.887422657119,1645.515225250278,1712.173828125,1183600,0.0,0.0
2013-09-20 00:00:00+09:00,1714.0783387611355,1714.0783387611355,1672.1786460358633,1683.6058349609375,848000,0.0,0.0
2013-09-24 00:00:00+09:00,1695.033429120038,1696.9379610628694,1662.6563860919023,1691.224365234375,457200,0.0,0.0
2013-09-25 00:00:00+09:00,1685.5103159281177,1687.414847358545,1647.4196873195729,1649.32421875,643200,0.0,0.0
2013-09-26 00:00:00+09:00,1649.3248189752753,1691.4678457086736,1639.7468583540483,1685.7210693359375,546000,12.5,0.0
2013-09-27 00:00:00+09:00,1697.21433203125,1704.87669921875,1672.311638671875,1676.142822265625,533600,0.0,0.0
2013-09-30 00:00:00+09:00,1618.6748436583039,1662.7334488703052,1605.265702941608,1632.083984375,704000,0.0,0.0
2013-10-01 00:00:00+09:00,1641.6619025055475,1660.8178173539202,1616.7592132026627,1618.6748046875,570800,0.0,0.0
2013-10-02 00:00:00+09:00,1607.1814247469597,1607.1814247469597,1547.79808247383,1555.46044921875,954400,0.0,0.0
2013-10-03 00:00:00+09:00,1542.051145441963,1542.051145441963,1490.330175346394,1505.6549072265625,1866800,0.0,0.0
2013-10-04 00:00:00+09:00,1505.6552451491657,1536.3047157883345,1494.1616936594774,1520.97998046875,775600,0.0,0.0
2013-10-07 00:00:00+09:00,1522.8954124208326,1536.3045544169909,1503.7394952834636,1507.5706787109375,752800,0.0,0.0
2013-10-08 00:00:00+09:00,1494.1615701918436,1497.992753705156,1469.258877355313,1488.414794921875,572000,0.0,0.0
2013-10-09 00:00:00+09:00,1490.3301893750975,1538.2199769514182,1476.9210488537276,1534.3887939453125,603200,0.0,0.0
2013-10-10 00:00:00+09:00,1543.966956332161,1566.9540574189923,1534.3889975459815,1557.3760986328125,584400,0.0,0.0
2013-10-11 00:00:00+09:00,1593.772191220238,1609.096923828125,1578.447458612351,1609.096923828125,879600,0.0,0.0
2013-10-15 00:00:00+09:00,1612.928573860908,1634.0000872961455,1607.1817974694795,1620.5909423828125,597600,0.0,0.0
2013-10-16 00:00:00+09:00,1601.4345892916297,1632.084055115393,1591.8566312217038,1626.3372802734375,407200,0.0,0.0
2013-10-17 00:00:00+09:00,1645.4933302137586,1658.9024726019966,1633.999779595269,1655.0712890625,595600,0.0,0.0
2013-10-18 00:00:00+09:00,1668.480301854792,1676.1426683386258,1649.3243856452077,1658.90234375,484000,0.0,0.0
2013-10-21 00:00:00+09:00,1674.2267949619163,1685.7203427534168,1662.7332471704158,1681.88916015625,349600,0.0,0.0
2013-10-22 00:00:00+09:00,1683.8052472676316,1683.8052472676316,1656.986961190559,1678.0584716796875,414000,0.0,0.0
2013-10-23 00:00:00+09:00,1693.383183367955,1695.298775204344,1655.0713466401733,1656.9869384765625,859200,0.0,0.0
2013-10-24 00:00:00+09:00,1647.4085794968641,1685.720406927024,1637.8306226393242,1679.9736328125,697200,0.0,0.0
2013-10-25 00:00:00+09:00,1681.8892092166134,1681.8892092166134,1601.4343723292582,1611.0123291015625,876800,0.0,0.0
2013-10-28 00:00:00+09:00,1639.7465415286579,1662.733642578125,1603.350298200335,1662.733642578125,495200,0.0,0.0
2013-10-29 00:00:00+09:00,1637.83056640625,1664.6488446865865,1630.1682011832968,1637.83056640625,570800,0.0,0.0
2013-10-30 00:00:00+09:00,1666.5648193359375,1672.3115945750271,1633.999759647764,1666.5648193359375,583200,0.0,0.0
2013-10-31 00:00:00+09:00,1643.57755859375,1658.9022910748106,1574.6162624289773,1580.363037109375,812400,0.0,0.0
2013-11-01 00:00:00+09:00,1532.473475521437,1691.467598606786,1528.6422918326332,1653.15576171875,2228400,0.0,0.0
2013-11-05 00:00:00+09:00,1639.746199418475,1653.1553388997008,1595.6875982658757,1611.0123291015625,1202000,0.0,0.0
2013-11-06 00:00:00+09:00,1620.5906935851697,1685.7208160223988,1616.7595099123914,1656.9869384765625,830800,0.0,0.0
2013-11-07 00:00:00+09:00,1628.252987351737,1645.4933131001671,1611.0126616033067,1630.1685791015625,775600,0.0,0.0
2013-11-08 00:00:00+09:00,1605.265702941608,1647.4087166226525,1603.3501114106514,1632.083984375,550000,0.0,0.0
2013-11-11 00:00:00+09:00,1670.3961042290953,1683.8052472676316,1658.902553053207,1678.0584716796875,564800,0.0,0.0
2013-11-12 00:00:00+09:00,1674.2275165904653,1685.7210693359375,1634.0000819813122,1685.7210693359375,1028800,0.0,0.0
2013-11-13 00:00:00+09:00,1689.5520820827044,1756.5977996256688,1689.5520820827044,1745.104248046875,1324400,0.0,0.0
2013-11-14 00:00:00+09:00,1762.3440980190335,1781.500012127936,1729.7790440338993,1773.837646484375,1513200,0.0,0.0
2013-11-15 00:00:00+09:00,1791.0779640891335,1860.0392546850787,1791.0779640891335,1854.29248046875,2292800,0.0,0.0
2013-11-18 00:00:00+09:00,1883.0263550670436,1936.6629145196146,1850.461301113697,1890.688720703125,1756800,0.0,0.0
2013-11-19 00:00:00+09:00,1850.4615724655353,1875.3642644345332,1823.6432888066145,1871.5330810546875,977600,0.0,0.0
2013-11-20 00:00:00+09:00,1869.6174827630234,1886.857807911453,1852.377157614594,1875.3642578125,997600,0.0,0.0
2013-11-21 00:00:00+09:00,1896.4355103270022,1921.3381988464478,1886.8575532041386,1919.422607421875,878800,0.0,0.0
2013-11-22 00:00:00+09:00,1944.3257429154314,1982.6375802142577,1940.4945591855487,1978.806396484375,1460400,0.0,0.0
2013-11-25 00:00:00+09:00,1978.8062609945682,1988.3842196634673,1957.73475192299,1986.4686279296875,817600,0.0,0.0
2013-11-26 00:00:00+09:00,1978.806013428196,2040.104941240105,1969.228055957585,2026.69580078125,1444800,0.0,0.0
2013-11-27 00:00:00+09:00,1986.46824975797,2015.2021202944884,1982.6370670197675,1994.130615234375,897200,0.0,0.0
2013-11-28 00:00:00+09:00,2017.118408203125,2047.7678806924412,1996.04689586672,2017.118408203125,908400,0.0,0.0
2013-11-29 00:00:00+09:00,1988.3838452609082,2032.4424468418338,1984.5526625147406,2030.52685546875,654800,0.0,0.0
2013-12-02 00:00:00+09:00,2020.9489502642139,2040.1048644847278,1997.9618531995973,2036.273681640625,531600,0.0,0.0
2013-12-03 00:00:00+09:00,2007.540284807805,2055.43008167822,2007.540284807805,2040.1053466796875,820400,0.0,0.0
2013-12-04 00:00:00+09:00,2001.7931740821443,2020.9490896236002,1957.7345683367955,1988.384033203125,833200,0.0,0.0
2013-12-05 00:00:00+09:00,1965.3970182516828,1992.2153011518033,1930.9163688086708,1938.5787353515625,705200,0.0,0.0
2013-12-06 00:00:00+09:00,1921.3385089811732,1992.215403131027,1921.3385089811732,1986.4686279296875,703200,0.0,0.0
2013-12-09 00:00:00+09:00,2068.8391986811926,2089.910709038131,2040.1053209217316,2087.9951171875,1058000,0.0,0.0
2013-12-10 00:00:00+09:00,2097.5728052691684,2107.1507632840962,2063.0921564154287,2103.319580078125,770000,0.0,0.0
2013-12-11 00:00:00+09:00,2076.501040584603,2112.897276535809,2055.4295355602203,2074.58544921875,1000400,0.0,0.0
2013-12-12 00:00:00+09:00,2049.682286580404,2053.513468424479,1997.961331685384,2022.864013671875,851200,0.0,0.0
2013-12-13 00:00:00+09:00,1965.3969414155065,2040.1050122880258,1946.2410258071682,2020.9490966796875,2096800,0.0,0.0
2013-12-16 00:00:00+09:00,2030.5274285865105,2036.274204327793,1976.8908550012065,1984.55322265625,883600,0.0,0.0
2013-12-17 00:00:00+09:00,1986.468397829469,2034.358185626708,1982.63721480569,2015.2022705078125,731200,0.0,0.0
2013-12-18 00:00:00+09:00,2011.3711950913917,2133.9690584112477,2007.540011862646,2132.053466796875,1264000,0.0,0.0
2013-12-19 00:00:00+09:00,2189.521176207814,2229.7485993927344,2151.2093446031276,2227.8330078125,1590800,0.0,0.0
2013-12-20 00:00:00+09:00,2191.4366923293023,2243.1576632146966,2185.6899177864807,2237.410888671875,893200,0.0,0.0
2013-12-24 00:00:00+09:00,2252.736010448042,2279.5542962867094,2218.2553572268985,2225.917724609375,764000,0.0,0.0
2013-12-25 00:00:00+09:00,2201.014472706459,2250.8198480679625,2193.3521072662274,2235.4951171875,656000,0.0,0.0
2013-12-26 00:00:00+09:00,2266.1448909711235,2285.300807209256,2252.7357496044306,2269.97607421875,462400,0.0,0.0
2013-12-27 00:00:00+09:00,2283.384929767084,2287.21611253515,2233.579553782232,2256.566650390625,556000,0.0,0.0
2013-12-30 00:00:00+09:00,2260.398326278041,2273.807468891555,2176.1122869930973,2220.1708984375,1096400,0.0,0.0
2014-01-06 00:00:00+09:00,2204.8461030363305,2224.002020525786,2178.027818551093,2185.690185546875,941200,0.0,0.0
2014-01-07 00:00:00+09:00,2193.3531572103293,2222.087041365923,2187.6063803792103,2189.52197265625,577600,0.0,0.0
2014-01-08 00:00:00+09:00,2210.5923547321618,2245.072998046875,2199.098806960591,2245.072998046875,621200,0.0,0.0
2014-01-09 00:00:00+09:00,2218.2553434551887,2241.242445459906,2206.7617924528304,2233.580078125,665600,0.0,0.0
2014-01-10 00:00:00+09:00,2201.0148397683074,2231.664306640625,2181.8589229731087,2231.664306640625,1014400,0.0,0.0
2014-01-14 00:00:00+09:00,2105.2355324074074,2206.7619047619046,2101.4043485449733,2172.28125,1126800,0.0,0.0
2014-01-15 00:00:00+09:00,2208.6769771395216,2227.8328919455885,2191.436653814061,2224.001708984375,686000,0.0,0.0
2014-01-16 00:00:00+09:00,2291.0480772494025,2337.0222861574175,2197.184067395539,2204.846435546875,1476800,0.0,0.0
2014-01-17 00:00:00+09:00,2199.0995001940996,2204.8462758914707,2153.1252946151285,2158.8720703125,929600,0.0,0.0
2014-01-20 00:00:00+09:00,2147.377623345442,2151.20880554588,2101.403436940187,2105.234619140625,680800,0.0,0.0
2014-01-21 00:00:00+09:00,2080.332776050836,2087.9951435501025,2034.3585710552375,2040.1053466796875,1634800,0.0,0.0
2014-01-22 00:00:00+09:00,2105.2355324074074,2195.268353174603,2095.6575727513227,2172.28125,2596400,0.0,0.0
2014-01-23 00:00:00+09:00,2116.7288484445066,2170.365416549888,2109.0664815723094,2135.884765625,1356400,0.0,0.0
2014-01-24 00:00:00+09:00,2068.8390290335324,2097.572904436776,2028.6116034689915,2045.8519287109375,1460000,0.0,0.0
2014-01-27 00:00:00+09:00,1969.227969339551,1990.299474848048,1961.5656037000974,1967.3123779296875,1152800,0.0,0.0
2014-01-28 00:00:00+09:00,1997.961586880846,1997.961586880846,1965.3965370467383,1971.143310546875,1085600,0.0,0.0
2014-01-29 00:00:00+09:00,2007.5399044602543,2047.767326209935,1996.046355388917,2015.2022705078125,942800,0.0,0.0
2014-01-30 00:00:00+09:00,1965.3973096999448,1969.2284935395157,1930.9166551438054,1948.156982421875,674400,0.0,0.0
2014-01-31 00:00:00+09:00,1969.227984460766,1984.552715857348,1900.2666931761478,1919.422607421875,736000,0.0,0.0
2014-02-03 00:00:00+09:00,1838.9677526595744,1896.4354949301862,1798.7403330701463,1890.688720703125,1853200,0.0,0.0
2014-02-04 00:00:00+09:00,1794.9092876987731,1802.5716539216066,1729.7791748046875,1729.7791748046875,1508000,0.0,0.0
2014-02-05 00:00:00+09:00,1779.5850123004184,1785.3317884434766,1727.8640270128926,1752.7667236328125,907600,0.0,0.0
2014-02-06 00:00:00+09:00,1766.1757521028717,1779.584895557015,1739.357465194585,1748.9354248046875,634400,0.0,0.0
2014-02-07 00:00:00+09:00,1787.2471311551162,1827.4745585444596,1773.8379886920018,1821.727783203125,1093200,0.0,0.0
2014-02-10 00:00:00+09:00,1858.1233547592556,1865.7857191087783,1823.6427151864034,1856.207763671875,812400,0.0,0.0
2014-02-12 00:00:00+09:00,1879.1945704116433,1911.7596139355962,1861.9542532519035,1886.85693359375,1350000,0.0,0.0
2014-02-13 00:00:00+09:00,1884.9422007593614,1884.9422007593614,1771.9222923804973,1777.6690673828125,1877600,0.0,0.0
2014-02-14 00:00:00+09:00,1777.668885083976,1808.3183486199066,1712.5387750701234,1739.3570556640625,1152000,0.0,0.0
2014-02-17 00:00:00+09:00,1758.5129787795609,1783.4156680215372,1748.9350213788007,1771.922119140625,630400,0.0,0.0
2014-02-18 00:00:00+09:00,1775.7537624640213,1827.47474583676,1762.3446186266447,1819.8123779296875,706400,0.0,0.0
2014-02-19 00:00:00+09:00,1810.2343191093262,1848.5461565507935,1808.318727237253,1840.8837890625,815600,0.0,0.0
2014-02-20 00:00:00+09:00,1814.0652570913958,1821.7276235416236,1724.032451301221,1735.5260009765625,1100400,0.0,0.0
2014-02-21 00:00:00+09:00,1747.0195057744565,1766.1754214079485,1735.5259563943616,1762.34423828125,759600,0.0,0.0
2014-02-24 00:00:00+09:00,1739.357138986196,1750.8506883627567,1676.1426174151118,1725.947998046875,1082400,0.0,0.0
2014-02-25 00:00:00+09:00,1770.0064610901202,2011.3709785115002,1764.2596868658015,1814.0650634765625,1531600,0.0,0.0
2014-02-26 00:00:00+09:00,1777.6690985192101,1835.136849548926,1777.6690985192101,1794.909423828125,697600,0.0,0.0
2014-02-27 00:00:00+09:00,1770.006700713059,1789.1626173874427,1756.5975590409903,1777.6690673828125,427600,0.0,0.0
2014-02-28 00:00:00+09:00,1766.1760485786538,1798.741116719475,1731.695388194255,1754.6824951171875,665200,0.0,0.0
2014-03-03 00:00:00+09:00,1729.7792920528093,1733.610475423912,1676.1427248573734,1697.2142333984375,593600,0.0,0.0
2014-03-04 00:00:00+09:00,1670.3960497389994,1714.4546611426656,1658.902498938043,1708.7078857421875,920800,0.0,0.0
2014-03-05 00:00:00+09:00,1737.4412185342096,1747.0191745349493,1689.5514385305103,1699.12939453125,723200,0.0,0.0
2014-03-06 00:00:00+09:00,1710.6235212753447,1722.11707237014,1683.8052353874893,1718.285888671875,478800,0.0,0.0
2014-03-07 00:00:00+09:00,1725.9480493596168,1748.935148796149,1714.4544996413508,1731.69482421875,338800,0.0,0.0
2014-03-10 00:00:00+09:00,1720.201487484724,1725.948263055386,1699.1299770589649,1714.4547119140625,385200,0.0,0.0
2014-03-11 00:00:00+09:00,1716.369873046875,1729.7790126800537,1697.2139592851913,1716.369873046875,363200,0.0,0.0
2014-03-12 00:00:00+09:00,1695.2986955313847,1706.7922460095638,1666.5648193359375,1666.5648193359375,597600,0.0,0.0
2014-03-13 00:00:00+09:00,1670.3961899453395,1685.7209256329115,1645.493494453035,1664.6494140625,586000,0.0,0.0
2014-03-14 00:00:00+09:00,1607.181581448405,1614.8439489404118,1566.9541521153699,1572.700927734375,1975200,0.0,0.0
2014-03-17 00:00:00+09:00,1582.2790950403319,1612.9285690362703,1580.3635029155855,1591.8570556640625,1236000,0.0,0.0
2014-03-18 00:00:00+09:00,1620.590937535255,1626.3377139094935,1588.0258714145702,1591.8570556640625,594400,0.0,0.0
2014-03-19 00:00:00+09:00,1612.9280552288678,1630.1683788595803,1572.7006334238724,1603.35009765625,657200,0.0,0.0
2014-03-20 00:00:00+09:00,1626.3374194867963,1641.6621537104647,1582.27880859375,1582.27880859375,790400,0.0,0.0
2014-03-24 00:00:00+09:00,1607.1814781036555,1643.5777213503416,1591.8567441050511,1630.1685791015625,882800,0.0,0.0
2014-03-25 00:00:00+09:00,1620.5905714598725,1620.5905714598725,1572.700779159049,1588.0255126953125,475600,0.0,0.0
2014-03-26 00:00:00+09:00,1597.603271484375,1609.09682020009,1574.616174052945,1597.603271484375,641600,0.0,0.0
2014-03-27 00:00:00+09:00,1580.2589695890185,1651.563337729011,1560.987518740372,1641.9276123046875,656000,12.5,0.0
2014-03-28 00:00:00+09:00,1622.6562451056716,1636.1462613951485,1614.9476643688274,1634.2191162109375,484800,0.0,0.0
2014-03-31 00:00:00+09:00,1605.311868571549,1616.874739173505,1564.8418214647033,1607.239013671875,1114000,0.0,0.0
2014-04-01 00:00:00+09:00,1599.5306375018317,1657.3449978934643,1595.6763468090562,1643.85498046875,664400,0.0,0.0
2014-04-02 00:00:00+09:00,1661.1992391871113,1728.6493243049174,1647.70922216355,1703.596435546875,906800,0.0,0.0
2014-04-03 00:00:00+09:00,1722.8679471709413,1730.5765285900507,1705.5236389779452,1709.3779296875,665600,0.0,0.0
2014-04-04 00:00:00+09:00,1692.033563812394,1709.3778714141156,1690.1064185233138,1703.596435546875,478800,0.0,0.0
2014-04-07 00:00:00+09:00,1690.1065655375637,1692.033710994277,1643.8550745764444,1657.3450927734375,558800,0.0,0.0
2014-04-08 00:00:00+09:00,1653.490496079699,1653.490496079699,1603.3847234712232,1607.239013671875,575600,0.0,0.0
2014-04-09 00:00:00+09:00,1587.967597296779,1605.3119035779332,1566.769000730924,1570.623291015625,550400,0.0,0.0
2014-04-10 00:00:00+09:00,1599.5307014371142,1607.239283130787,1553.2792112750772,1560.98779296875,497600,0.0,0.0
2014-04-11 00:00:00+09:00,1512.809044988146,1522.4447713893444,1487.7561563450304,1505.1004638671875,1131600,0.0,0.0
2014-04-14 00:00:00+09:00,1497.3917236328125,1508.9545940855755,1481.9745630291284,1497.3917236328125,599600,0.0,0.0
2014-04-15 00:00:00+09:00,1526.299222482086,1541.7163863455414,1507.0277676527667,1512.8092041015625,453200,0.0,0.0
2014-04-16 00:00:00+09:00,1530.153522711985,1568.6964326039745,1522.4449407335871,1566.769287109375,444800,0.0,0.0
2014-04-17 00:00:00+09:00,1560.9876285045605,1578.3319354879445,1549.4247571823046,1564.8419189453125,380400,0.0,0.0
2014-04-18 00:00:00+09:00,1582.1861618697278,1587.967597296779,1559.0604201615222,1570.623291015625,269600,0.0,0.0
2014-04-21 00:00:00+09:00,1578.3321600769718,1586.0407420553697,1562.914996120176,1566.769287109375,241200,0.0,0.0
2014-04-22 00:00:00+09:00,1568.6964383282238,1568.6964383282238,1520.5178007874308,1522.4449462890625,397200,0.0,0.0
2014-04-23 00:00:00+09:00,1528.2261539099352,1547.497606039947,1518.5904278449293,1532.0804443359375,228000,0.0,0.0
2014-04-24 00:00:00+09:00,1541.7161491048994,1555.2061654095673,1530.1532779866127,1534.007568359375,339200,0.0,0.0
2014-04-25 00:00:00+09:00,1537.8619965399696,1553.2791594125508,1518.5905429492432,1543.6434326171875,371600,0.0,0.0
2014-04-28 00:00:00+09:00,1659.2722611100708,1695.8880252925228,1626.5107878941924,1688.179443359375,2042400,0.0,0.0
2014-04-30 00:00:00+09:00,1695.8880252925228,1717.0866256086795,1676.6165704596533,1688.179443359375,883200,0.0,0.0
2014-05-01 00:00:00+09:00,1680.4705973400087,1693.9606136030593,1666.980581076958,1690.1063232421875,606800,0.0,0.0
2014-05-02 00:00:00+09:00,1693.9608536783853,1751.7752172851563,1693.9608536783853,1734.430908203125,797200,0.0,0.0
2014-05-07 00:00:00+09:00,1697.815040135327,1697.815040135327,1620.729226735312,1622.6563720703125,1328000,0.0,0.0
2014-05-08 00:00:00+09:00,1647.7088623046875,1661.198876382036,1624.5831238863761,1647.7088623046875,608800,0.0,0.0
2014-05-09 00:00:00+09:00,1649.6365044926386,1676.6165407810695,1640.0007772467702,1668.907958984375,494400,0.0,0.0
2014-05-12 00:00:00+09:00,1676.616396788495,1709.3778666107987,1665.0535250865053,1670.8349609375,375200,0.0,0.0
2014-05-13 00:00:00+09:00,1697.8153276220214,1732.503949525763,1693.9610362993833,1728.649658203125,626800,0.0,0.0
2014-05-14 00:00:00+09:00,1724.795208938445,1740.2123728172244,1709.3780450596655,1720.94091796875,349600,0.0,0.0
2014-05-15 00:00:00+09:00,1705.5238877593492,1767.19254810771,1695.888159579918,1763.3382568359375,616400,0.0,0.0
2014-05-16 00:00:00+09:00,1722.8680079417036,1753.702334705761,1715.1594262506892,1747.9208984375,567600,0.0,0.0
2014-05-19 00:00:00+09:00,1745.9938092717666,1772.9738460596307,1713.2323360293603,1720.94091796875,469200,0.0,0.0
2014-05-20 00:00:00+09:00,1726.72233291387,1738.2852056789184,1703.5965873837738,1722.8680419921875,390400,0.0,0.0
2014-05-21 00:00:00+09:00,1693.9607668492813,1713.2322203970546,1682.3978947206172,1709.3779296875,416000,0.0,0.0
2014-05-22 00:00:00+09:00,1745.9933720147187,1796.099142072536,1745.9933720147187,1794.1719970703125,670000,0.0,0.0
2014-05-23 00:00:00+09:00,1809.5895022087695,1861.6224271924084,1798.0266299901832,1840.423828125,723600,0.0,0.0
2014-05-26 00:00:00+09:00,1853.9138027976426,1857.7680934479495,1825.0066229203403,1844.278076171875,500000,0.0,0.0
2014-05-27 00:00:00+09:00,1840.4235543495367,1886.675036343661,1838.4964092664482,1865.4764404296875,582800,0.0,0.0
2014-05-28 00:00:00+09:00,1857.7683249080883,1867.404052734375,1830.7882869944854,1834.642578125,638000,0.0,0.0
2014-05-29 00:00:00+09:00,1817.2977466180857,1846.2049218028908,1796.0991514825619,1826.9334716796875,699600,0.0,0.0
2014-05-30 00:00:00+09:00,1830.7877270143424,1840.4234518933652,1803.8076973530783,1807.6619873046875,622400,0.0,0.0
2014-06-02 00:00:00+09:00,1850.0594797036083,1880.8938043653352,1846.2051891208926,1869.3309326171875,868800,0.0,0.0
2014-06-03 00:00:00+09:00,1905.9460919107569,1909.8003812776137,1865.476053558759,1867.4031982421875,736800,0.0,0.0
2014-06-04 00:00:00+09:00,1863.549754355795,1863.549754355795,1832.715425431604,1846.2054443359375,664400,0.0,0.0
2014-06-05 00:00:00+09:00,1865.476604959239,1880.8937669836955,1846.2051524286685,1861.622314453125,439600,0.0,0.0
2014-06-06 00:00:00+09:00,1877.039039106301,1900.164776754428,1863.549025478227,1890.529052734375,571200,0.0,0.0
2014-06-09 00:00:00+09:00,1923.2912813146472,1942.5627370392428,1907.8741167349706,1921.3641357421875,718800,0.0,0.0
2014-06-10 00:00:00+09:00,1931.000095736596,1942.562970561366,1905.9472002829275,1911.7286376953125,442800,0.0,0.0
2014-06-11 00:00:00+09:00,1909.8008724379824,1942.5623404818227,1894.383711005587,1934.853759765625,575600,0.0,0.0
2014-06-12 00:00:00+09:00,1913.6554401942662,1944.4897675287157,1907.874003819057,1942.5626220703125,448800,0.0,0.0
2014-06-13 00:00:00+09:00,1902.0920823041129,1969.5421561446844,1902.0920823041129,1965.6878662109375,800000,0.0,0.0
2014-06-16 00:00:00+09:00,1963.7610342627581,1965.688179536814,1925.2181287816443,1948.3438720703125,474000,0.0,0.0
2014-06-17 00:00:00+09:00,1952.1982325631939,1957.9796685925025,1927.1453431028567,1930.9996337890625,347200,0.0,0.0
2014-06-18 00:00:00+09:00,1950.2707612062682,1986.8865166044095,1948.3436161853135,1983.0322265625,404400,0.0,0.0
2014-06-19 00:00:00+09:00,2002.3041616863259,2002.3041616863259,1946.416942543974,1961.8341064453125,760000,0.0,0.0
2014-06-20 00:00:00+09:00,1990.7412082942453,1990.7412082942453,1942.5625730499507,1957.979736328125,762800,0.0,0.0
2014-06-23 00:00:00+09:00,1977.2508631599019,1981.1051533415002,1934.8536711623212,1954.1251220703125,532400,0.0,0.0
2014-06-24 00:00:00+09:00,1934.8539825287623,1944.4897095333877,1904.0196561139614,1936.7811279296875,596000,0.0,0.0
2014-06-25 00:00:00+09:00,1938.7082858820336,1938.7082858820336,1909.8011046810093,1913.6553955078125,331600,0.0,0.0
2014-06-26 00:00:00+09:00,1923.2914333767362,1925.2185791015627,1892.457101779514,1907.874267578125,430800,0.0,0.0
2014-06-27 00:00:00+09:00,1878.9665294218912,1882.820819738654,1825.0064649872113,1836.5693359375,1064400,0.0,0.0
2014-06-30 00:00:00+09:00,1842.3514141106264,1880.8943307238192,1836.5699766186474,1877.0400390625,700400,0.0,0.0
2014-07-01 00:00:00+09:00,1875.112691510917,1923.2913320944451,1867.4041090175524,1905.947021484375,600400,0.0,0.0
2014-07-02 00:00:00+09:00,1913.6551015654954,1921.3636820350443,1882.8207796873003,1884.7479248046875,532800,0.0,0.0
2014-07-03 00:00:00+09:00,1896.3114973690965,1900.1657890304157,1863.5500182478825,1877.0400390625,466800,0.0,0.0
2014-07-04 00:00:00+09:00,1892.4566065600263,1900.1651874421445,1882.8208804573785,1886.6751708984375,306000,0.0,0.0
2014-07-07 00:00:00+09:00,1873.1856472411357,1898.2385417001221,1869.3313557859071,1875.11279296875,266800,0.0,0.0
2014-07-08 00:00:00+09:00,1859.6955209468083,1875.1126858873,1832.7154823009478,1851.9869384765625,482000,0.0,0.0
2014-07-09 00:00:00+09:00,1823.0798691920231,1838.4970351048519,1811.5169947574013,1830.7884521484375,474000,0.0,0.0
2014-07-10 00:00:00+09:00,1836.5694208336079,1848.1322923183943,1828.86083984375,1828.86083984375,466400,0.0,0.0
2014-07-11 00:00:00+09:00,1811.5167517626273,1826.9339156074157,1782.6095695536492,1798.0267333984375,456000,0.0,0.0
2014-07-14 00:00:00+09:00,1792.245154043847,1803.80802600542,1774.900846101487,1799.9537353515625,307600,0.0,0.0
2014-07-15 00:00:00+09:00,1798.0267137593653,1838.4967684098976,1798.0267137593653,1832.71533203125,304800,0.0,0.0
2014-07-16 00:00:00+09:00,1821.1522588538924,1842.350856576001,1821.1522588538924,1828.86083984375,248400,0.0,0.0
2014-07-17 00:00:00+09:00,1840.42348676593,1851.9863568398519,1821.1520366427264,1826.9334716796875,340400,0.0,0.0
2014-07-18 00:00:00+09:00,1798.0263973070225,1798.0263973070225,1767.1920753810716,1772.9735107421875,542400,0.0,0.0
2014-07-22 00:00:00+09:00,1782.609231837625,1801.8806829926264,1778.7549416066247,1784.536376953125,455200,0.0,0.0
2014-07-23 00:00:00+09:00,1772.9740641187295,1780.6826470062022,1761.4111897875205,1767.192626953125,536400,0.0,0.0
2014-07-24 00:00:00+09:00,1769.1192789625375,1788.3907308030878,1769.1192789625375,1778.7550048828125,599600,0.0,0.0
2014-07-25 00:00:00+09:00,1798.0262624256645,1811.5162772562967,1782.609102619228,1807.6619873046875,437600,0.0,0.0
2014-07-28 00:00:00+09:00,1798.0267839371018,1815.37109375,1790.318201798036,1815.37109375,292400,0.0,0.0
2014-07-29 00:00:00+09:00,1815.3711726301808,1840.4240656707248,1807.6625901561674,1819.2254638671875,676800,0.0,0.0
2014-07-30 00:00:00+09:00,1807.6621842172633,1830.7879264460557,1807.6621842172633,1823.079345703125,336400,0.0,0.0
2014-07-31 00:00:00+09:00,1840.4238646569913,1863.5496095532048,1838.4967192489735,1848.1324462890625,668000,0.0,0.0
2014-08-01 00:00:00+09:00,1695.887607531601,1744.066232745567,1688.1790274973664,1715.1590576171875,1615600,0.0,0.0
2014-08-04 00:00:00+09:00,1707.4507648798772,1711.3050555455202,1665.0535675578035,1666.980712890625,1046000,0.0,0.0
2014-08-05 00:00:00+09:00,1666.9808772382441,1676.6166048523382,1626.5108212590499,1630.3651123046875,844000,0.0,0.0
2014-08-06 00:00:00+09:00,1632.291997267715,1643.8548685588678,1605.3119642550257,1620.7291259765625,690800,0.0,0.0
2014-08-07 00:00:00+09:00,1628.4379667818687,1638.0736943959625,1603.3850749852245,1630.3651123046875,443600,0.0,0.0
2014-08-08 00:00:00+09:00,1609.16649605464,1616.8750780716682,1578.3321679865273,1587.9678955078125,814000,0.0,0.0
2014-08-11 00:00:00+09:00,1614.9478422673692,1641.9278778183755,1613.0206968708687,1640.000732421875,371600,0.0,0.0
2014-08-12 00:00:00+09:00,1647.7091649195531,1661.1991814744501,1641.9277292531688,1653.4906005859375,405200,0.0,0.0
2014-08-13 00:00:00+09:00,1638.073900997708,1661.1996501882638,1638.073900997708,1655.418212890625,324000,0.0,0.0
2014-08-14 00:00:00+09:00,1661.1990966796875,1666.9805320509624,1653.490516184654,1661.1990966796875,215600,0.0,0.0
2014-08-15 00:00:00+09:00,1657.3450587951031,1686.252240053157,1645.7821862918813,1682.39794921875,435200,0.0,0.0
2014-08-18 00:00:00+09:00,1676.6165473405706,1680.4708382539973,1653.490801860011,1657.3450927734375,323600,0.0,0.0
2014-08-19 00:00:00+09:00,1672.7621488890895,1680.4707302203758,1661.1992768921605,1666.980712890625,326400,0.0,0.0
2014-08-20 00:00:00+09:00,1676.616816315301,1676.616816315301,1651.5639213588656,1655.418212890625,366800,0.0,0.0
2014-08-21 00:00:00+09:00,1655.4181400422128,1678.5438882150959,1641.9281202746977,1672.762451171875,519200,0.0,0.0
2014-08-22 00:00:00+09:00,1678.5435420721599,1703.596430759804,1668.907815653835,1670.8349609375,488000,0.0,0.0
2014-08-25 00:00:00+09:00,1665.053610225956,1666.9807556081619,1638.0735748750724,1663.12646484375,733200,0.0,0.0
2014-08-26 00:00:00+09:00,1661.1992885862398,1663.1264339326276,1638.0735444295867,1643.85498046875,299200,0.0,0.0
2014-08-27 00:00:00+09:00,1641.9277982138913,1647.709234123095,1628.4377810924157,1636.1463623046875,322800,0.0,0.0
2014-08-28 00:00:00+09:00,1636.1463623046875,1638.0735076077553,1624.5834904862797,1636.1463623046875,244000,0.0,0.0
2014-08-29 00:00:00+09:00,1607.23935839259,1616.8750859608908,1586.040757742328,1609.16650390625,715600,0.0,0.0
2014-09-01 00:00:00+09:00,1607.2392093903095,1628.4378080753136,1603.3849187203089,1622.6563720703125,541600,0.0,0.0
2014-09-02 00:00:00+09:00,1622.6565302134122,1641.9279854416002,1603.3850749852245,1630.3651123046875,559200,0.0,0.0
2014-09-03 00:00:00+09:00,1641.927645442104,1680.4705479172708,1636.146210070829,1661.1990966796875,733600,0.0,0.0
2014-09-04 00:00:00+09:00,1661.1993380755364,1661.1993380755364,1624.5835754033378,1628.4378662109375,342800,0.0,0.0
2014-09-05 00:00:00+09:00,1643.8549435169593,1649.636379426163,1628.4377810924157,1636.1463623046875,356400,0.0,0.0
2014-09-08 00:00:00+09:00,1636.1464478261373,1651.5636110565367,1622.6564299995377,1628.4378662109375,315200,0.0,0.0
2014-09-09 00:00:00+09:00,1599.530603924249,1599.530603924249,1543.6433900521968,1547.4976806640625,1691600,0.0,0.0
2014-09-10 00:00:00+09:00,1543.6433844831583,1560.9876921739803,1524.3719314933562,1559.060546875,831600,0.0,0.0
2014-09-11 00:00:00+09:00,1570.6232069525527,1580.2589321485807,1564.841771834936,1578.331787109375,630400,0.0,0.0
2014-09-12 00:00:00+09:00,1574.4774799768695,1601.4575102335111,1562.9146098668803,1568.696044921875,1238800,0.0,0.0
2014-09-16 00:00:00+09:00,1562.9147737249366,1580.2590807083204,1555.2061928434325,1564.8419189453125,396400,0.0,0.0
2014-09-17 00:00:00+09:00,1574.4774970309638,1584.1132222269919,1557.1331916781135,1578.331787109375,445200,0.0,0.0
2014-09-18 00:00:00+09:00,1589.8949164848823,1638.0735503177575,1587.9677711315671,1632.2921142578125,850000,0.0,0.0
2014-09-19 00:00:00+09:00,1657.3448662285332,1711.304931640625,1655.4177210352443,1711.304931640625,1901200,0.0,0.0
2014-09-22 00:00:00+09:00,1695.88790858477,1701.6693446367635,1665.053582974138,1676.616455078125,642000,0.0,0.0
2014-09-24 00:00:00+09:00,1657.3450526388297,1697.8151062497777,1647.7093255886039,1693.9608154296875,555600,0.0,0.0
2014-09-25 00:00:00+09:00,1711.3051608507926,1722.868033559244,1693.9608517881159,1701.66943359375,525200,0.0,0.0
2014-09-26 00:00:00+09:00,1697.7883671106918,1726.893310546875,1691.967378423455,1726.893310546875,749200,15.0,0.0
2014-09-29 00:00:00+09:00,1746.2968640886872,1752.1178536356495,1715.2515865048883,1736.59521484375,453200,0.0,0.0
2014-09-30 00:00:00+09:00,1721.0724869383375,1721.0724869383375,1699.7288597046038,1701.669189453125,398800,0.0,0.0
2014-10-01 00:00:00+09:00,1701.6691427330989,1711.3707912093423,1658.9818894376276,1662.862548828125,477600,0.0,0.0
2014-10-02 00:00:00+09:00,1625.996099102657,1625.996099102657,1587.1895096252665,1593.010498046875,864800,0.0,0.0
2014-10-03 00:00:00+09:00,1594.9510723994329,1616.2946998889631,1589.1300830841064,1614.3543701171875,500000,0.0,0.0
2014-10-06 00:00:00+09:00,1649.2803512373662,1672.5643091371878,1625.9963933375445,1631.8173828125,687200,0.0,0.0
2014-10-07 00:00:00+09:00,1606.5930841619318,1618.2350630326705,1593.0107754794035,1600.7720947265625,513600,0.0,0.0
2014-10-08 00:00:00+09:00,1573.607410364648,1583.309059010546,1550.323453614493,1563.90576171875,681600,0.0,0.0
2014-10-09 00:00:00+09:00,1558.0848839868474,1571.6671930626978,1528.9799359671679,1532.860595703125,849200,0.0,0.0
2014-10-10 00:00:00+09:00,1509.5765372901726,1511.5168670296202,1472.7102722406698,1488.23291015625,1054400,0.0,0.0
2014-10-14 00:00:00+09:00,1439.7245992568726,1474.6505329315676,1439.7245992568726,1451.3665771484375,773200,0.0,0.0
2014-10-15 00:00:00+09:00,1464.9493318684897,1470.770322591146,1437.7847084960938,1455.2476806640625,790800,0.0,0.0
2014-10-16 00:00:00+09:00,1422.2616065863567,1424.2019361997077,1406.7389696795478,1410.61962890625,654000,0.0,0.0
2014-10-17 00:00:00+09:00,1410.6197843763562,1424.202093166775,1397.0374755859375,1397.0374755859375,620400,0.0,0.0
2014-10-20 00:00:00+09:00,1445.5458859216358,1461.0685263073715,1441.6652258252018,1457.1878662109375,574000,0.0,0.0
2014-10-21 00:00:00+09:00,1451.366687527509,1451.366687527509,1375.6938254772779,1377.6341552734375,1227600,0.0,0.0
2014-10-22 00:00:00+09:00,1416.4409056953762,1439.7248657889988,1406.7392556563666,1428.0828857421875,824400,0.0,0.0
2014-10-23 00:00:00+09:00,1422.2618752892024,1433.9038551687868,1406.739235449757,1408.6795654296875,630000,0.0,0.0
2014-10-24 00:00:00+09:00,1441.6648704258557,1451.3665182752895,1416.440586017328,1424.201904296875,672800,0.0,0.0
2014-10-27 00:00:00+09:00,1435.8439399596843,1461.0682253914085,1422.261632419525,1451.3665771484375,548800,0.0,0.0
2014-10-28 00:00:00+09:00,1443.6054674565398,1470.7700864678188,1437.7844776684085,1464.9490966796875,610800,0.0,0.0
2014-10-29 00:00:00+09:00,1435.8438940396652,1441.6648827992854,1393.1566431357833,1433.903564453125,2668000,0.0,0.0
2014-10-30 00:00:00+09:00,1435.8442928268003,1461.0685844575414,1424.2023120741505,1441.665283203125,1322400,0.0,0.0
2014-10-31 00:00:00+09:00,1463.008699544271,1523.158924591847,1457.1877100235376,1513.457275390625,1383600,0.0,0.0
2014-11-04 00:00:00+09:00,1594.9510941668254,1622.1157113424163,1565.8461471929784,1591.0704345703125,1818000,0.0,0.0
2014-11-05 00:00:00+09:00,1594.9510611703636,1610.4736992352819,1581.3687528635598,1604.6527099609375,736800,0.0,0.0
2014-11-06 00:00:00+09:00,1610.4738207250336,1649.2804188147936,1608.5334908205457,1625.9964599609375,875600,0.0,0.0
2014-11-07 00:00:00+09:00,1649.2802628846928,1666.74323037406,1639.5786142794886,1660.9222412109375,983600,0.0,0.0
2014-11-10 00:00:00+09:00,1641.5188450863486,1660.9221411275585,1639.5785154822277,1658.9818115234375,610400,0.0,0.0
2014-11-11 00:00:00+09:00,1662.8626378348213,1701.6692338169642,1662.8626378348213,1697.78857421875,695600,0.0,0.0
2014-11-12 00:00:00+09:00,1707.490245548484,1732.7145332668138,1690.0272771281018,1695.8482666015625,1325600,0.0,0.0
2014-11-13 00:00:00+09:00,1699.7289588679344,1726.8935769320337,1690.0273095593275,1724.9532470703125,889200,0.0,0.0
2014-11-14 00:00:00+09:00,1754.0577915736608,1765.6997680664062,1711.3705444335938,1738.53515625,1172800,0.0,0.0
2014-11-17 00:00:00+09:00,1730.774422588948,1744.3567330801168,1660.9225400629366,1666.7435302734375,1092800,0.0,0.0
2014-11-18 00:00:00+09:00,1676.445011010906,1742.4162267219833,1676.445011010906,1734.6549072265625,673600,0.0,0.0
2014-11-19 00:00:00+09:00,1744.3567272796804,1755.9987076619698,1707.4904560690977,1709.4307861328125,545600,0.0,0.0
2014-11-20 00:00:00+09:00,1728.8339963751325,1736.5953162241792,1701.6693769034694,1717.1920166015625,284400,0.0,0.0
2014-11-21 00:00:00+09:00,1705.550126005383,1713.3114462602423,1676.4451750496596,1709.4307861328125,558800,0.0,0.0
2014-11-25 00:00:00+09:00,1723.0128507742434,1738.5354890695069,1719.1321912004275,1730.774169921875,435200,0.0,0.0
2014-11-26 00:00:00+09:00,1715.2516432113298,1721.072632950735,1695.84834407998,1699.72900390625,628000,0.0,0.0
2014-11-27 00:00:00+09:00,1693.9077245586884,1703.6093724656682,1674.5044287447286,1682.2657470703125,504800,0.0,0.0
2014-11-28 00:00:00+09:00,1726.893313256538,1754.057927172933,1726.893313256538,1748.2369384765625,1120000,0.0,0.0
2014-12-01 00:00:00+09:00,1754.0579971976902,1790.9242604131282,1754.0579971976902,1785.103271484375,693600,0.0,0.0
2014-12-02 00:00:00+09:00,1765.7003567603326,1806.4472880701865,1763.7600266979587,1804.5069580078125,504000,0.0,0.0
2014-12-03 00:00:00+09:00,1806.4468022507638,1839.4324044400903,1785.103177304729,1825.85009765625,1022400,0.0,0.0
2014-12-04 00:00:00+09:00,1843.313138693753,1907.3440161431151,1843.313138693753,1905.4036865234375,1154800,0.0,0.0
2014-12-05 00:00:00+09:00,1882.120134678907,1934.5090456441962,1880.1798046431556,1922.8670654296875,758800,0.0,0.0
2014-12-08 00:00:00+09:00,1940.3304443359375,1955.8530878906251,1915.1061485595703,1940.3304443359375,738800,0.0,0.0
2014-12-09 00:00:00+09:00,1903.463556429235,1930.6281739521803,1901.5232266061676,1909.2845458984375,939600,0.0,0.0
2014-12-10 00:00:00+09:00,1880.179754600762,1901.5233844259512,1866.5974447120052,1874.3587646484375,856800,0.0,0.0
2014-12-11 00:00:00+09:00,1823.9100121249674,1849.1342995266955,1818.0890227245684,1847.1939697265625,863600,0.0,0.0
2014-12-12 00:00:00+09:00,1870.4774467125458,1889.8807397282362,1851.0741536968555,1856.8951416015625,1267200,0.0,0.0
2014-12-15 00:00:00+09:00,1835.552441249078,1862.7170651153433,1806.4474871066507,1808.3878173828125,979600,0.0,0.0
2014-12-16 00:00:00+09:00,1765.700150874623,1783.1631193997566,1750.1775121856153,1769.580810546875,1066400,0.0,0.0
2014-12-17 00:00:00+09:00,1750.177285293053,1806.446843245934,1746.2966261238887,1800.6258544921875,1010400,0.0,0.0
2014-12-18 00:00:00+09:00,1843.313828472313,1864.6574622756766,1837.492837435032,1854.955810546875,571200,0.0,0.0
2014-12-19 00:00:00+09:00,1905.403153933315,1911.2241411652906,1858.8352560775108,1876.2982177734375,710000,0.0,0.0
2014-12-22 00:00:00+09:00,1866.597412109375,1872.418401960028,1845.2537826569808,1866.597412109375,455200,0.0,0.0
2014-12-24 00:00:00+09:00,1882.1197628705931,1895.7020704377005,1880.1794332181491,1891.8214111328125,476000,0.0,0.0
2014-12-25 00:00:00+09:00,1891.8217672760954,1893.7620972938143,1874.3587971166237,1882.1201171875,329600,0.0,0.0
2014-12-26 00:00:00+09:00,1891.8216437010226,1907.3442828288257,1887.9409839190716,1903.463623046875,299600,0.0,0.0
2014-12-29 00:00:00+09:00,1917.045989268853,1918.9863192175055,1868.5377405525358,1887.9410400390625,380400,0.0,0.0
2014-12-30 00:00:00+09:00,1872.417776014115,1886.0000811250982,1856.8951416015625,1856.8951416015625,284000,0.0,0.0
2015-01-05 00:00:00+09:00,1845.2533648891667,1878.2389665748826,1845.2533648891667,1860.7760009765625,376800,0.0,0.0
2015-01-06 00:00:00+09:00,1808.3872271993885,1823.9098643427308,1775.401623269786,1785.103271484375,922000,0.0,0.0
2015-01-07 00:00:00+09:00,1763.7598982462478,1798.6858368253813,1763.7598982462478,1773.4615478515625,666800,0.0,0.0
2015-01-08 00:00:00+09:00,1808.3874714101848,1862.7167087486882,1808.3874714101848,1849.1343994140625,1019600,0.0,0.0
2015-01-09 00:00:00+09:00,1872.4179969795655,1882.1196446323092,1823.9097587158462,1837.4920654296875,733600,0.0,0.0
2015-01-13 00:00:00+09:00,1808.3870453042327,1837.4919870205026,1783.1627624834657,1833.611328125,535600,0.0,0.0
2015-01-14 00:00:00+09:00,1814.2084975469681,1835.5521269298736,1787.0438783323611,1792.8648681640625,564800,0.0,0.0
2015-01-15 00:00:00+09:00,1792.8647784745067,1849.1343440326893,1790.9244486276727,1843.3133544921875,456800,0.0,0.0
2015-01-16 00:00:00+09:00,1794.8052187803214,1820.0295083415583,1773.4615891515825,1812.2681884765625,759600,0.0,0.0
2015-01-19 00:00:00+09:00,1823.9100560238487,1847.1940141858554,1812.2680769428455,1843.3133544921875,424400,0.0,0.0
2015-01-20 00:00:00+09:00,1854.9556044281505,1895.7025371614047,1854.9556044281505,1893.76220703125,520000,0.0,0.0
2015-01-21 00:00:00+09:00,1882.1201114917485,1884.0604415035957,1823.9102111363336,1829.731201171875,609600,0.0,0.0
2015-01-22 00:00:00+09:00,1856.8953607351752,1903.4632694683457,1820.0290996547485,1837.4920654296875,1354800,0.0,0.0
2015-01-23 00:00:00+09:00,1874.3585655723093,1922.8668100229384,1866.5972464602087,1913.1651611328125,1034800,0.0,0.0
2015-01-26 00:00:00+09:00,1895.7025371614047,1918.9864987232645,1872.4185755995452,1893.76220703125,701600,0.0,0.0
2015-01-27 00:00:00+09:00,1924.8071398009636,1928.687799357014,1901.5231824646617,1913.1651611328125,372000,0.0,0.0
2015-01-28 00:00:00+09:00,1903.4638256110766,1969.4350489248143,1887.9411848313737,1959.7333984375,737600,0.0,0.0
2015-01-29 00:00:00+09:00,1934.5088223544035,1942.2701416015625,1907.3442049893465,1920.926513671875,597600,0.0,0.0
2015-01-30 00:00:00+09:00,1951.9723747532084,1994.6596433859822,1946.151383576012,1965.5546875,1096000,0.0,0.0
2015-02-02 00:00:00+09:00,2037.346045817804,2122.7205467854074,2017.9427501433488,2114.959228515625,1700800,0.0,0.0
2015-02-03 00:00:00+09:00,2147.945169522617,2165.4081383805246,2091.6756032026933,2107.1982421875,1222800,0.0,0.0
2015-02-04 00:00:00+09:00,2144.0649675641744,2173.169921875,2144.0649675641744,2173.169921875,798400,0.0,0.0
2015-02-05 00:00:00+09:00,2132.4224973192404,2142.1241465336134,2066.4512826615023,2078.09326171875,1242800,0.0,0.0
2015-02-06 00:00:00+09:00,2126.601571196015,2188.6921280192564,2109.1386020894784,2178.990478515625,938000,0.0,0.0
2015-02-09 00:00:00+09:00,2188.692337873341,2219.7376192616152,2182.8713476130392,2192.572998046875,625600,0.0,0.0
2015-02-10 00:00:00+09:00,2173.169921875,2188.6925641741072,2161.5279401506696,2173.169921875,459200,0.0,0.0
2015-02-12 00:00:00+09:00,2217.7973443188716,2221.678004588896,2171.2294210785803,2198.39404296875,712800,0.0,0.0
2015-02-13 00:00:00+09:00,2161.527219798277,2192.5724940503173,2095.5560120126925,2140.18359375,1029200,0.0,0.0
2015-02-16 00:00:00+09:00,2142.123644770408,2206.154514586915,2140.1833153820294,2186.751220703125,515200,0.0,0.0
2015-02-17 00:00:00+09:00,2171.229258255602,2192.5728881401524,2153.766288350061,2180.930908203125,394800,0.0,0.0
2015-02-18 00:00:00+09:00,2202.2743141672177,2215.8566227127426,2194.5129949983466,2200.333984375,391200,0.0,0.0
2015-02-19 00:00:00+09:00,2223.6177962382985,2225.558125903428,2196.4531809264868,2202.274169921875,576000,0.0,0.0
2015-02-20 00:00:00+09:00,2202.274435384825,2231.379383870087,2190.6324559907207,2221.677734375,645600,0.0,0.0
2015-02-23 00:00:00+09:00,2225.558543703348,2248.8425040559546,2163.4679827630625,2177.05029296875,547200,0.0,0.0
2015-02-24 00:00:00+09:00,2208.0950326304546,2268.245248809316,2194.5127257513573,2256.603271484375,904800,0.0,0.0
2015-02-25 00:00:00+09:00,2268.24541461447,2283.768052182405,2225.5581613026493,2231.379150390625,409200,0.0,0.0
2015-02-26 00:00:00+09:00,2241.0806350511207,2277.9468965801,2241.0806350511207,2256.603271484375,313200,0.0,0.0
2015-02-27 00:00:00+09:00,2262.424728883212,2274.0667086201756,2229.439119628483,2237.200439453125,434400,0.0,0.0
2015-03-02 00:00:00+09:00,2235.259954308094,2244.961603415334,2210.03566662927,2229.43896484375,388000,0.0,0.0
2015-03-03 00:00:00+09:00,2229.439389575687,2244.9620311044996,2200.334436709164,2213.916748046875,400800,0.0,0.0
2015-03-04 00:00:00+09:00,2192.5730805613025,2248.8426551951766,2184.8117599221473,2227.4990234375,424400,0.0,0.0
2015-03-05 00:00:00+09:00,2202.2747032387742,2223.618334723908,2196.453712833738,2198.39404296875,330400,0.0,0.0
2015-03-06 00:00:00+09:00,2198.3940076326066,2223.618298982319,2198.3940076326066,2211.976318359375,385600,0.0,0.0
2015-03-09 00:00:00+09:00,2194.512763689023,2223.617707504527,2188.691774925922,2210.035400390625,324000,0.0,0.0
2015-03-10 00:00:00+09:00,2215.8565243675594,2279.887404668899,2215.8565243675594,2241.080810546875,539600,0.0,0.0
2015-03-11 00:00:00+09:00,2241.0810993654463,2270.1860487078543,2233.319779540804,2237.200439453125,397200,0.0,0.0
2015-03-12 00:00:00+09:00,2254.662879755868,2295.409799269528,2237.1999142500135,2283.767822265625,558400,0.0,0.0
2015-03-13 00:00:00+09:00,2285.709157892972,2289.589818602468,2256.6042025717543,2260.48486328125,1057200,0.0,0.0
2015-03-16 00:00:00+09:00,2264.3651102321865,2291.529730234972,2250.782800230794,2285.708740234375,400400,0.0,0.0
2015-03-17 00:00:00+09:00,2308.9929651331017,2326.45593713831,2301.2316442418983,2305.1123046875,512800,0.0,0.0
2015-03-18 00:00:00+09:00,2283.7684999950093,2289.589490224393,2256.6038789245504,2277.947509765625,552800,0.0,0.0
2015-03-19 00:00:00+09:00,2252.722777046535,2266.3050849184783,2208.0951940387226,2231.379150390625,841200,0.0,0.0
2015-03-20 00:00:00+09:00,2246.901933236782,2248.84226305823,2213.916326272166,2229.43896484375,407600,0.0,0.0
2015-03-23 00:00:00+09:00,2231.379114898816,2233.3194445639456,2200.3338402567456,2202.274169921875,483600,0.0,0.0
2015-03-24 00:00:00+09:00,2192.5728674294487,2194.5131974006254,2159.5872579194483,2161.527587890625,554400,0.0,0.0
2015-03-25 00:00:00+09:00,2175.1101091232035,2237.200674236444,2169.2891186438374,2227.4990234375,663600,0.0,0.0
2015-03-26 00:00:00+09:00,2204.214471894832,2213.9161200985945,2132.4222751869897,2140.18359375,742800,0.0,0.0
2015-03-27 00:00:00+09:00,2140.1834156841314,2196.864072355218,2112.8203400498137,2130.410888671875,633600,20.0,0.0
2015-03-30 00:00:00+09:00,2165.592293506694,2189.0463616674165,2134.3202026257313,2171.455810546875,488400,0.0,0.0
2015-03-31 00:00:00+09:00,2198.819068170363,2237.909184937836,2181.228515625,2181.228515625,605200,0.0,0.0
2015-04-01 00:00:00+09:00,2165.592396801825,2169.501408348399,2124.5477755628012,2128.456787109375,568000,0.0,0.0
2015-04-02 00:00:00+09:00,2149.9566194572517,2165.592667598759,2132.366065298056,2146.047607421875,465200,0.0,0.0
2015-04-03 00:00:00+09:00,2153.8645968721744,2165.5916273451626,2140.1830613203547,2161.6826171875,241200,0.0,0.0
2015-04-06 00:00:00+09:00,2132.366065298056,2149.9566194572517,2124.5480412273023,2146.047607421875,169600,0.0,0.0
2015-04-07 00:00:00+09:00,2149.9563313216613,2192.9554579480946,2149.9563313216613,2173.410400390625,339600,0.0,0.0
2015-04-08 00:00:00+09:00,2183.182945401596,2218.3640492666173,2169.5014050096433,2185.137451171875,426000,0.0,0.0
2015-04-09 00:00:00+09:00,2194.9099448048596,2228.1365423664647,2194.9099448048596,2218.364013671875,245600,0.0,0.0
2015-04-10 00:00:00+09:00,2234.0001397783662,2286.7717966235246,2218.364093305727,2276.999267578125,954400,0.0,0.0
2015-04-13 00:00:00+09:00,2302.4078269082993,2302.4078269082993,2257.4541936155224,2265.272216796875,386800,0.0,0.0
2015-04-14 00:00:00+09:00,2257.4542139617492,2257.4542139617492,2216.4095918897174,2220.318603515625,349200,0.0,0.0
2015-04-15 00:00:00+09:00,2222.272798155401,2239.863348008874,2192.9552150662794,2230.0908203125,322000,0.0,0.0
2015-04-16 00:00:00+09:00,2241.8181042032984,2300.453276937473,2226.1820581408515,2292.63525390625,554000,0.0,0.0
2015-04-17 00:00:00+09:00,2296.5439806892373,2333.6795854833613,2276.9989255344353,2319.998046875,901200,0.0,0.0
2015-04-20 00:00:00+09:00,2378.633146700519,2460.7223760854176,2349.3155647773406,2437.268310546875,1449600,0.0,0.0
2015-04-21 00:00:00+09:00,2439.2226656175058,2460.722224368942,2411.8595908429506,2445.086181640625,654400,0.0,0.0
2015-04-22 00:00:00+09:00,2456.813994856309,2509.585655843676,2445.0869590813386,2480.26806640625,588800,0.0,0.0
2015-04-23 00:00:00+09:00,2521.312096061677,2550.6296785740224,2497.858030051801,2523.2666015625,686400,0.0,0.0
2015-04-24 00:00:00+09:00,2497.8579890625,2515.44853828125,2429.45029765625,2443.1318359375,622800,0.0,0.0
2015-04-27 00:00:00+09:00,2468.5409239025885,2480.2679591705346,2425.5417945867875,2460.722900390625,399200,0.0,0.0
2015-04-28 00:00:00+09:00,2491.994630778494,2574.083865674727,2480.2675972218894,2548.67529296875,754800,0.0,0.0
2015-04-30 00:00:00+09:00,2519.3578753858396,2632.719207249593,2515.448863942262,2552.58447265625,1068800,0.0,0.0
2015-05-01 00:00:00+09:00,2574.0847807695523,2622.947437959559,2542.812680167948,2558.44873046875,533200,0.0,0.0
2015-05-07 00:00:00+09:00,2519.357639694214,2536.948189544678,2493.949067687988,2501.76708984375,589200,0.0,0.0
2015-05-08 00:00:00+09:00,2482.2226094753946,2527.1762472847913,2458.7685375748397,2509.585693359375,701200,0.0,0.0
2015-05-11 00:00:00+09:00,2562.3567824679185,2599.492388010932,2552.5842546934414,2570.1748046875,411600,0.0,0.0
2015-05-12 00:00:00+09:00,2540.8571599992756,2566.2657315992683,2513.494082891591,2529.130126953125,390400,0.0,0.0
2015-05-13 00:00:00+09:00,2509.585914991868,2636.6288156729206,2509.585914991868,2628.810791015625,564400,0.0,0.0
2015-05-14 00:00:00+09:00,2595.583664238722,2628.810262350212,2581.902123839873,2599.49267578125,381600,0.0,0.0
2015-05-15 00:00:00+09:00,2619.037786083207,2619.037786083207,2558.4481059574014,2577.9931640625,353600,0.0,0.0
2015-05-18 00:00:00+09:00,2550.630241243539,2577.993324291362,2546.721229379564,2576.038818359375,361600,0.0,0.0
2015-05-19 00:00:00+09:00,2579.9470218471397,2644.4456973933184,2574.0835058883963,2630.76416015625,530800,0.0,0.0
2015-05-20 00:00:00+09:00,2671.8095471209385,2689.4001001012516,2622.946899953401,2654.218994140625,413600,0.0,0.0
2015-05-21 00:00:00+09:00,2632.719803344273,2665.9464081377787,2624.901778686977,2628.810791015625,295600,0.0,0.0
2015-05-22 00:00:00+09:00,2619.0376635241023,2669.854812219346,2619.0376635241023,2665.94580078125,338800,0.0,0.0
2015-05-25 00:00:00+09:00,2644.446237871724,2665.94580078125,2640.5372264336283,2665.94580078125,274400,0.0,0.0
2015-05-26 00:00:00+09:00,2654.218994140625,2662.0370176874308,2636.6284411603115,2654.218994140625,253600,0.0,0.0
2015-05-27 00:00:00+09:00,2638.582181434575,2650.3092133520618,2611.2191069604387,2630.76416015625,519600,0.0,0.0
2015-05-28 00:00:00+09:00,2644.446840330216,2650.310358823188,2605.3567170437386,2628.810791015625,490800,0.0,0.0
2015-05-29 00:00:00+09:00,2605.3563469730875,2667.9005353475354,2601.447335199685,2654.218994140625,574000,0.0,0.0
2015-06-01 00:00:00+09:00,2640.5372905456366,2720.6720269722623,2628.8102559466183,2712.85400390625,615600,0.0,0.0
2015-06-02 00:00:00+09:00,2734.353397606083,2771.489004864493,2705.035812928391,2708.94482421875,574400,0.0,0.0
2015-06-03 00:00:00+09:00,2732.399001681702,2755.853070365665,2720.6719673397206,2728.489990234375,323600,0.0,0.0
2015-06-04 00:00:00+09:00,2753.898134143007,2837.941867122531,2748.0346178886216,2820.351318359375,652400,0.0,0.0
2015-06-05 00:00:00+09:00,2820.3514116625993,2853.5780048699894,2814.4878952142362,2828.16943359375,488400,0.0,0.0
2015-06-08 00:00:00+09:00,2849.6696091480476,2875.078185909999,2808.624985147973,2859.442138671875,482400,0.0,0.0
2015-06-09 00:00:00+09:00,2816.443132315592,2839.8972042016344,2759.7624585909894,2765.6259765625,448400,0.0,0.0
2015-06-10 00:00:00+09:00,2792.9886279722086,2792.9886279722086,2683.536309451254,2693.308837890625,793200,0.0,0.0
2015-06-11 00:00:00+09:00,2720.6719755182276,2751.9440671908505,2693.308895304682,2734.353515625,689600,0.0,0.0
2015-06-12 00:00:00+09:00,2800.806606950431,2880.9413389008623,2796.897595635776,2834.033203125,1842400,0.0,0.0
2015-06-15 00:00:00+09:00,2804.715701523195,2869.2143901296517,2800.8066900925005,2835.98779296875,520400,0.0,0.0
2015-06-16 00:00:00+09:00,2830.1244645979023,2845.7605113636364,2777.352806763549,2794.943359375,487600,0.0,0.0
2015-06-17 00:00:00+09:00,2787.125335992133,2806.6703944493006,2767.5802775349653,2794.943359375,434800,0.0,0.0
2015-06-18 00:00:00+09:00,2783.2165079347437,2810.5795915801696,2748.035400390625,2748.035400390625,494000,0.0,0.0
2015-06-19 00:00:00+09:00,2816.4426003290937,2816.4426003290937,2726.5353417481515,2742.17138671875,647200,0.0,0.0
2015-06-22 00:00:00+09:00,2730.444685546875,2736.308203125,2644.446427734375,2687.445556640625,768000,0.0,0.0
2015-06-23 00:00:00+09:00,2703.0813817633693,2769.5345755305093,2703.0813817633693,2761.716552734375,591200,0.0,0.0
2015-06-24 00:00:00+09:00,2794.943215642941,2814.48827309499,2775.3981581908924,2808.624755859375,393600,0.0,0.0
2015-06-25 00:00:00+09:00,2816.4429236778847,2877.032604895105,2787.125335992133,2794.943359375,824000,0.0,0.0
2015-06-26 00:00:00+09:00,2796.8976786618064,2845.7603215454856,2765.6255872162515,2835.98779296875,483200,0.0,0.0
2015-06-29 00:00:00+09:00,2736.3084664645185,2749.9900087968413,2695.263839467551,2699.1728515625,691200,0.0,0.0
2015-06-30 00:00:00+09:00,2716.7628383015863,2720.671849579718,2665.945691685873,2703.081298828125,498800,0.0,0.0
2015-07-01 00:00:00+09:00,2722.626754663415,2771.4894028088456,2697.2181776277907,2757.807861328125,414400,0.0,0.0
2015-07-02 00:00:00+09:00,2808.624351957743,2822.3058902066673,2779.3067699957624,2810.578857421875,486000,0.0,0.0
2015-07-03 00:00:00+09:00,2810.5796067883543,2810.5796067883543,2742.1718973046322,2759.762451171875,419200,0.0,0.0
2015-07-06 00:00:00+09:00,2701.126818426724,2714.808358028017,2646.4006600215516,2663.9912109375,600800,0.0,0.0
2015-07-07 00:00:00+09:00,2706.9905143871642,2730.4445838258976,2656.173363936575,2673.763916015625,525600,0.0,0.0
2015-07-08 00:00:00+09:00,2656.1730491028993,2662.0365657675857,2568.220299132605,2570.1748046875,537600,0.0,0.0
2015-07-09 00:00:00+09:00,2484.1769434785588,2566.2661894471657,2448.9958380634416,2562.357177734375,734000,0.0,0.0
2015-07-10 00:00:00+09:00,2534.994333871106,2540.8578519910857,2480.268164751298,2493.94970703125,1012000,0.0,0.0
2015-07-13 00:00:00+09:00,2515.448579559208,2609.2648435987126,2511.5395685575622,2523.2666015625,959200,0.0,0.0
2015-07-14 00:00:00+09:00,2601.447302784912,2634.6739024448248,2546.721138639174,2568.220703125,1164000,0.0,0.0
2015-07-15 00:00:00+09:00,2572.12929824508,2574.083803790859,2501.7670985970385,2507.630615234375,735600,0.0,0.0
2015-07-16 00:00:00+09:00,2548.6754612126724,2570.17502415235,2511.539852498684,2552.58447265625,717600,0.0,0.0
2015-07-17 00:00:00+09:00,2581.9021883534538,2593.6292232740598,2511.539978829817,2527.176025390625,580000,0.0,0.0
2015-07-21 00:00:00+09:00,2560.4026353215595,2597.538246062865,2554.5391178360906,2595.583740234375,572400,0.0,0.0
2015-07-22 00:00:00+09:00,2548.675164074631,2558.4476915442424,2511.539559690108,2517.403076171875,529600,0.0,0.0
2015-07-23 00:00:00+09:00,2534.99342732845,2534.99342732845,2429.4501389123075,2445.086181640625,728800,0.0,0.0
2015-07-24 00:00:00+09:00,2435.313693889993,2458.7677583576333,2351.2699628809482,2366.906005859375,1096400,0.0,0.0
2015-07-27 00:00:00+09:00,2343.4523762065824,2378.6334794357053,2316.0892959172647,2331.725341796875,1293200,0.0,0.0
2015-07-28 00:00:00+09:00,2294.58970028379,2335.6343201355444,2255.499586139262,2308.271240234375,1172400,0.0,0.0
2015-07-29 00:00:00+09:00,2296.544265421862,2323.9073460311433,2251.5906329923273,2292.63525390625,932000,0.0,0.0
2015-07-30 00:00:00+09:00,2296.5440810824957,2351.2702379082916,2290.680564279732,2333.6796875,790000,0.0,0.0
2015-07-31 00:00:00+09:00,2288.725846110635,2362.9970520476154,2282.862329852452,2351.27001953125,459200,0.0,0.0
2015-08-03 00:00:00+09:00,2208.5915039940705,2253.545136376251,2165.5923773676373,2173.410400390625,1674000,0.0,0.0
2015-08-04 00:00:00+09:00,2181.228201729911,2202.7277628580728,2126.5020461309523,2134.320068359375,792000,0.0,0.0
2015-08-05 00:00:00+09:00,2159.72895140289,2196.8645623319894,2122.5933404737902,2181.228515625,672400,0.0,0.0
2015-08-06 00:00:00+09:00,2196.8647086691276,2224.227792229063,2163.6381072034915,2167.547119140625,695200,0.0,0.0
2015-08-07 00:00:00+09:00,2169.501304224918,2241.8180143657482,2167.546798545436,2228.136474609375,1232400,0.0,0.0
2015-08-10 00:00:00+09:00,2171.45570033989,2183.1827338250737,2144.0926222077937,2151.91064453125,709600,0.0,0.0
2015-08-11 00:00:00+09:00,2171.4559785717797,2212.500601029032,2165.5924610778866,2175.364990234375,800000,0.0,0.0
2015-08-12 00:00:00+09:00,2142.138856407858,2167.5474377338633,2077.6401499649205,2089.3671875,798800,0.0,0.0
2015-08-13 00:00:00+09:00,2101.093307635106,2148.0014372939363,2101.093307635106,2130.410888671875,739600,0.0,0.0
2015-08-14 00:00:00+09:00,2091.3210874615293,2105.002627286044,2036.5949281634707,2063.9580078125,956800,0.0,0.0
2015-08-17 00:00:00+09:00,2091.321434674124,2099.1394587289806,2044.4132903449847,2077.639892578125,551200,0.0,0.0
2015-08-18 00:00:00+09:00,2015.0954829289365,2056.1401047926684,1997.5049307016227,2032.68603515625,953600,0.0,0.0
2015-08-19 00:00:00+09:00,2017.049851329291,2026.8223796787545,1964.2781982421875,1964.2781982421875,1036000,0.0,0.0
2015-08-20 00:00:00+09:00,1954.5060507616204,1968.1875931169518,1915.415929746388,1944.7335205078125,972800,0.0,0.0
2015-08-21 00:00:00+09:00,1897.8249805848873,1921.2790483161114,1886.0979467192751,1890.0069580078125,706000,0.0,0.0
2015-08-24 00:00:00+09:00,1856.7805076132017,1882.1890829805402,1815.7358858659625,1819.6448974609375,857600,0.0,0.0
2015-08-25 00:00:00+09:00,1790.327377813681,1931.0518005239269,1774.691330845876,1809.8724365234375,1815200,0.0,0.0
2015-08-26 00:00:00+09:00,1809.8723859276624,1876.3255836831058,1800.0998568459797,1862.64404296875,976000,0.0,0.0
2015-08-27 00:00:00+09:00,1895.8706418464715,1915.4157000098373,1854.8260197034035,1862.64404296875,1542400,0.0,0.0
2015-08-28 00:00:00+09:00,1929.0972765426409,2001.413993089832,1921.2792531321338,1979.9144287109375,1222400,0.0,0.0
2015-08-31 00:00:00+09:00,1942.779097955011,1954.5061347635926,1856.7808280254128,1878.2803955078125,1074000,0.0,0.0
2015-09-01 00:00:00+09:00,1866.5531619546193,1893.9162449570954,1786.4184188759393,1788.3729248046875,1717200,0.0,0.0
2015-09-02 00:00:00+09:00,1776.6458513684668,1835.2810279812875,1768.8278278200908,1790.327392578125,1055600,0.0,0.0
2015-09-03 00:00:00+09:00,1819.6446380615234,1837.235187731291,1774.6910111276727,1782.509033203125,798800,0.0,0.0
2015-09-04 00:00:00+09:00,1790.3270783702355,1813.781144899103,1725.8283954158492,1743.4189453125,1060000,0.0,0.0
2015-09-07 00:00:00+09:00,1747.3283458375242,1788.372971410889,1719.965262121948,1761.0098876953125,914800,0.0,0.0
2015-09-08 00:00:00+09:00,1778.600249637831,1811.8268477079882,1762.9642034871688,1770.7822265625,716400,0.0,0.0
2015-09-09 00:00:00+09:00,1831.3722965357297,1850.9173583984375,1780.5551356926892,1850.9173583984375,758000,0.0,0.0
2015-09-10 00:00:00+09:00,1770.7824324804471,1782.5094684571388,1737.5558305464874,1772.7369384765625,1048800,0.0,0.0
2015-09-11 00:00:00+09:00,1755.1460718427386,1770.7821170261927,1739.5100266592844,1751.237060546875,1156400,0.0,0.0
2015-09-14 00:00:00+09:00,1739.509921761446,1753.1914604719293,1669.1477226789607,1680.874755859375,1131200,0.0,0.0
2015-09-15 00:00:00+09:00,1692.601886395142,1725.8284823174483,1655.4662791878582,1663.2843017578125,1400800,0.0,0.0
2015-09-16 00:00:00+09:00,1692.6018738430967,1737.5555032869663,1675.0113231911475,1682.829345703125,1162800,0.0,0.0
2015-09-17 00:00:00+09:00,1698.4656072090486,1743.4192423825907,1694.5565954548276,1721.919677734375,830400,0.0,0.0
2015-09-18 00:00:00+09:00,1684.7835494977016,1696.510581164739,1641.7844333852313,1647.64794921875,835200,0.0,0.0
2015-09-24 00:00:00+09:00,1567.5134446266115,1573.3769612523968,1495.196739575259,1497.1512451171875,1922400,0.0,0.0
2015-09-25 00:00:00+09:00,1497.1515275513166,1526.4691162109375,1473.6974566236197,1526.4691162109375,1364000,0.0,0.0
2015-09-28 00:00:00+09:00,1500.7973690864433,1512.6457693687046,1481.0500352826743,1494.8731689453125,1348400,20.0,0.0
2015-09-29 00:00:00+09:00,1479.0754942498813,1479.0754942498813,1429.7071533203125,1429.7071533203125,1350000,0.0,0.0
2015-09-30 00:00:00+09:00,1467.2269267420616,1488.9489942981352,1451.4290594285535,1469.20166015625,779200,0.0,0.0
2015-10-01 00:00:00+09:00,1481.0502442671227,1534.3680530607392,1443.530304745689,1524.494384765625,1630800,0.0,0.0
2015-10-02 00:00:00+09:00,1510.671150919329,1522.51955210301,1471.176480307059,1502.772216796875,778400,0.0,0.0
2015-10-05 00:00:00+09:00,1532.393280261076,1577.8121532585046,1528.4438130439082,1560.03955078125,932800,0.0,0.0
2015-10-06 00:00:00+09:00,1560.0394227074794,1625.20562644083,1548.1910220286884,1565.963623046875,1574000,0.0,0.0
2015-10-07 00:00:00+09:00,1585.710942598064,1714.0686154111079,1585.710942598064,1702.22021484375,1900000,0.0,0.0
2015-10-08 00:00:00+09:00,1702.22033267551,1816.754879421658,1698.2708655463325,1706.1697998046875,2610400,0.0,0.0
2015-10-09 00:00:00+09:00,1716.043511827257,1785.1591883680555,1716.043511827257,1777.26025390625,1350000,0.0,0.0
2015-10-13 00:00:00+09:00,1777.2603235804445,1806.881328973452,1710.119378022961,1716.0435791015625,1232400,0.0,0.0
2015-10-14 00:00:00+09:00,1686.4222695824642,1688.3970029192117,1619.2813361330452,1656.80126953125,1398000,0.0,0.0
2015-10-15 00:00:00+09:00,1641.0033861556142,1684.4475191224296,1621.25605298888,1674.5738525390625,858400,0.0,0.0
2015-10-16 00:00:00+09:00,1694.3212616246774,1721.967529296875,1650.8771267112243,1721.967529296875,1995200,0.0,0.0
2015-10-19 00:00:00+09:00,1694.3214305432862,1708.1445657575089,1652.8520249006183,1676.548828125,982400,0.0,0.0
2015-10-20 00:00:00+09:00,1694.3211819278495,1696.2959152401195,1639.0286491842833,1678.5233154296875,851600,0.0,0.0
2015-10-21 00:00:00+09:00,1698.2709155300654,1787.1339285519875,1686.4225137938092,1771.3360595703125,1005600,0.0,0.0
2015-10-22 00:00:00+09:00,1741.7147109572952,1797.007241463876,1739.7399777249173,1753.5631103515625,674800,0.0,0.0
2015-10-23 00:00:00+09:00,1812.8052899077245,1832.5526242204448,1798.9821558888202,1820.7042236328125,817600,0.0,0.0
2015-10-26 00:00:00+09:00,1856.2498903325536,1885.870899220839,1840.4520189254679,1846.376220703125,796800,0.0,0.0
2015-10-27 00:00:00+09:00,1797.007360661739,1808.8557608419262,1739.740093124167,1759.4874267578125,1356000,0.0,0.0
2015-10-28 00:00:00+09:00,1741.714723480952,1751.5883897138372,1716.0431912754505,1739.739990234375,1082000,0.0,0.0
2015-10-29 00:00:00+09:00,1911.5416358741554,1937.2131661080025,1864.1480415962837,1899.6932373046875,3412000,0.0,0.0
2015-10-30 00:00:00+09:00,1903.6429199718525,1937.2133864028915,1872.0471868602865,1929.314453125,2115600,0.0,0.0
2015-11-02 00:00:00+09:00,1899.6936979166665,1964.859905849359,1887.845296474359,1925.365234375,1749600,0.0,0.0
2015-11-04 00:00:00+09:00,1925.3651764433262,2006.3292505296608,1925.3651764433262,1980.65771484375,1654400,0.0,0.0
2015-11-05 00:00:00+09:00,1984.6071798013027,2006.3292484359438,1962.8851111666615,1982.6324462890625,783600,0.0,0.0
2015-11-06 00:00:00+09:00,1998.4307610498715,2022.1275684931506,1968.8097517457727,2018.1781005859375,920000,0.0,0.0
2015-11-09 00:00:00+09:00,2059.646937450297,2099.141605474272,2037.924870037111,2095.192138671875,1210400,0.0,0.0
2015-11-10 00:00:00+09:00,2073.4695675872094,2124.8126235465115,2059.646437136628,2122.837890625,1059600,0.0,0.0
2015-11-11 00:00:00+09:00,2120.86396512518,2130.737633491685,2024.1020151334355,2055.69775390625,1665600,0.0,0.0
2015-11-12 00:00:00+09:00,1949.0625898114913,1982.6330700818005,1881.9216292708725,1972.7593994140625,2725200,0.0,0.0
2015-11-13 00:00:00+09:00,1954.986792212134,1992.5067407495387,1941.1636532773007,1972.7593994140625,1361200,0.0,0.0
2015-11-16 00:00:00+09:00,1925.3650866056744,1968.809221893187,1917.4661529170357,1951.03662109375,746000,0.0,0.0
2015-11-17 00:00:00+09:00,1984.6074288191196,2012.253701459386,1978.6832275390625,1978.6832275390625,860800,0.0,0.0
2015-11-18 00:00:00+09:00,1990.531893844221,2010.2792340609296,1941.1635433024496,1964.8603515625,1210000,0.0,0.0
2015-11-19 00:00:00+09:00,2000.4052872567806,2004.3547547538326,1962.8853460347877,1988.556884765625,1334400,0.0,0.0
2015-11-20 00:00:00+09:00,1988.5569639624619,2026.0769066787348,1984.6074963081173,2024.1021728515625,768800,0.0,0.0
2015-11-24 00:00:00+09:00,2043.8490973092764,2073.4700987195556,2037.9248970272206,2067.5458984375,822800,0.0,0.0
2015-11-25 00:00:00+09:00,2059.646598291761,2077.4191959759664,2039.8992675315333,2069.520263671875,720800,0.0,0.0
2015-11-26 00:00:00+09:00,2172.2067015133557,2172.2067015133557,2116.914167293016,2134.686767578125,1370000,0.0,0.0
2015-11-27 00:00:00+09:00,2152.459956018916,2166.2830933511477,2132.712616972871,2156.409423828125,877600,0.0,0.0
2015-11-30 00:00:00+09:00,2158.3834967046473,2221.574962298928,2158.3834967046473,2209.7265625,1252800,0.0,0.0
2015-12-01 00:00:00+09:00,2231.449185884916,2259.095458984375,2211.701847956731,2259.095458984375,992800,0.0,0.0
2015-12-02 00:00:00+09:00,2263.045076159808,2265.0198100831585,2201.828324535939,2237.37353515625,958400,0.0,0.0
2015-12-03 00:00:00+09:00,2231.4489702959363,2255.145773520318,2219.6005686837457,2235.3984375,629600,0.0,0.0
2015-12-04 00:00:00+09:00,2162.3329890324517,2207.75185546875,2144.560389122596,2182.080322265625,868000,0.0,0.0
2015-12-07 00:00:00+09:00,2215.650725862873,2263.0443242770525,2211.7012593283584,2249.22119140625,806800,0.0,0.0
2015-12-08 00:00:00+09:00,2265.0193494012983,2270.943549966428,2176.156340924351,2205.77734375,857200,0.0,0.0
2015-12-09 00:00:00+09:00,2174.1813778057494,2225.524443948301,2144.560378108123,2193.9287109375,935600,0.0,0.0
2015-12-10 00:00:00+09:00,2148.510017873616,2178.131019958271,2136.6616170397547,2140.611083984375,715600,0.0,0.0
2015-12-11 00:00:00+09:00,2124.8133395010964,2164.3080112390353,2122.8386059141994,2138.636474609375,1124000,0.0,0.0
2015-12-14 00:00:00+09:00,2079.394679093315,2079.394679093315,2032.0010681738095,2057.672607421875,2082000,0.0,0.0
2015-12-15 00:00:00+09:00,2057.6726773140576,2075.4452820125475,1998.4306616524245,2000.4053955078125,1728400,0.0,0.0
2015-12-16 00:00:00+09:00,2041.8743717416705,2071.4953732659696,2033.9754380018576,2059.64697265625,796800,0.0,0.0
2015-12-17 00:00:00+09:00,2138.6366638531044,2146.535598899653,2065.5715146725274,2081.369384765625,760000,0.0,0.0
2015-12-18 00:00:00+09:00,2081.3687285620817,2093.217127396401,1984.6068047484746,1992.5057373046875,1176800,0.0,0.0
2015-12-21 00:00:00+09:00,1945.112642276741,1978.6831142754259,1927.3400394539078,1970.7841796875,1132800,0.0,0.0
2015-12-22 00:00:00+09:00,1949.0621337890623,1980.6578725333634,1943.137932774506,1949.0621337890625,676400,0.0,0.0
2015-12-24 00:00:00+09:00,1978.68301067603,2012.2534809170406,1945.1125404350196,1953.011474609375,739200,0.0,0.0
2015-12-25 00:00:00+09:00,1964.8600327258728,1968.8095001283368,1907.5927553901438,1923.390625,578000,0.0,0.0
2015-12-28 00:00:00+09:00,1923.3910460753723,1978.6836018147053,1911.5426412740867,1972.7593994140625,434800,0.0,0.0
2015-12-29 00:00:00+09:00,1956.9609375,1964.8598716574168,1913.5167996342077,1956.9609375,440800,0.0,0.0
2015-12-30 00:00:00+09:00,1980.657622426145,2004.354423492061,1947.0871542494308,1951.03662109375,546400,0.0,0.0
2016-01-04 00:00:00+09:00,1917.4661168243927,1937.2134506742834,1856.2493818897312,1864.1483154296875,1384800,0.0,0.0
2016-01-05 00:00:00+09:00,1844.401588027323,1897.7194069531663,1808.856375410094,1862.1741943359375,1960800,0.0,0.0
2016-01-06 00:00:00+09:00,1854.2748227788782,1868.09795777297,1795.032815661342,1814.7801513671875,1363200,0.0,0.0
2016-01-07 00:00:00+09:00,1802.9316837327897,1802.9316837327897,1759.4875467753732,1761.4622802734375,1466000,0.0,0.0
2016-01-08 00:00:00+09:00,1737.7655606112637,1824.653838641827,1735.79082701966,1797.007568359375,1801200,0.0,0.0
2016-01-12 00:00:00+09:00,1767.3864911239607,1793.0580267492248,1739.7402219890607,1751.588623046875,1645200,0.0,0.0
2016-01-13 00:00:00+09:00,1797.0075141059028,1870.0726547893296,1797.0075141059028,1848.3505859375,1456400,0.0,0.0
2016-01-14 00:00:00+09:00,1771.335789166481,1804.90625562783,1725.9169227775967,1798.9820556640625,1854800,0.0,0.0
2016-01-15 00:00:00+09:00,1844.4012058803014,1844.4012058803014,1759.4876599993024,1769.361328125,2108000,0.0,0.0
2016-01-18 00:00:00+09:00,1704.1950641257224,1735.7908011199422,1688.3971956286127,1708.14453125,1887200,0.0,0.0
2016-01-19 00:00:00+09:00,1708.1446113413815,1755.5382190548996,1692.346742103542,1745.66455078125,826800,0.0,0.0
2016-01-20 00:00:00+09:00,1747.6392651629703,1747.6392651629703,1648.902583515345,1652.85205078125,1676800,0.0,0.0
2016-01-21 00:00:00+09:00,1666.6754654078807,1725.917484320483,1627.1807861328125,1627.1807861328125,1087200,0.0,0.0
2016-01-22 00:00:00+09:00,1716.0431912754505,1745.6641899741062,1684.4474593302177,1739.739990234375,1313600,0.0,0.0
2016-01-25 00:00:00+09:00,1785.1593511112685,1795.0330200886538,1731.8415386333877,1743.68994140625,936000,0.0,0.0
2016-01-26 00:00:00+09:00,1698.2706580528845,1706.1695913461538,1658.7759915865383,1668.649658203125,930400,0.0,0.0
2016-01-27 00:00:00+09:00,1710.119219344525,1761.4622905950534,1704.195018815618,1751.588623046875,947200,0.0,0.0
2016-01-28 00:00:00+09:00,1721.9676204023392,1773.3106916528677,1700.2455517963465,1751.588623046875,1046400,0.0,0.0
2016-01-29 00:00:00+09:00,1751.5884744218665,1812.8052080262382,1684.447540791265,1779.2347412109375,2261200,0.0,0.0
2016-02-01 00:00:00+09:00,1777.2601606191429,1777.2601606191429,1615.332012651621,1633.1046142578125,3104800,0.0,0.0
2016-02-02 00:00:00+09:00,1625.2056099919046,1650.8771445361267,1567.9383406240245,1581.761474609375,1963600,0.0,0.0
2016-02-03 00:00:00+09:00,1552.140542240466,1552.140542240466,1494.8732703257415,1514.62060546875,1570800,0.0,0.0
2016-02-04 00:00:00+09:00,1516.595286885246,1587.6856909579917,1514.6205534387807,1565.963623046875,1662000,0.0,0.0
2016-02-05 00:00:00+09:00,1534.3679260727047,1558.0647280197736,1508.6963906300468,1528.4437255859375,1025600,0.0,0.0
2016-02-08 00:00:00+09:00,1498.8225815168773,1562.0140474042819,1481.0499817360449,1552.140380859375,918400,0.0,0.0
2016-02-09 00:00:00+09:00,1486.9745220401423,1500.7976583672087,1429.7072429708671,1457.353515625,1066400,0.0,0.0
2016-02-10 00:00:00+09:00,1475.1263746611926,1479.0758428664433,1409.9601492745535,1451.4295654296875,1279600,0.0,0.0
2016-02-12 00:00:00+09:00,1392.1869311523437,1512.6456585286458,1376.389065266927,1481.0499267578125,2883600,0.0,0.0
2016-02-15 00:00:00+09:00,1534.3679643110795,1621.2562402823633,1512.6458953182585,1607.43310546875,2029600,0.0,0.0
2016-02-16 00:00:00+09:00,1579.7866533387382,1729.8663854059182,1577.8119200220647,1674.5738525390625,2818800,0.0,0.0
2016-02-17 00:00:00+09:00,1674.5738525390625,1741.7147853059587,1654.8265193723282,1674.5738525390625,2006400,0.0,0.0
2016-02-18 00:00:00+09:00,1727.891919870706,1800.9570639109531,1725.9171862479968,1771.3360595703125,1466800,0.0,0.0
2016-02-19 00:00:00+09:00,1741.7149974994595,1743.6897310567151,1676.548790110024,1712.093994140625,1091200,0.0,0.0
2016-02-22 00:00:00+09:00,1706.169681699536,1723.9422825505728,1676.5486802811413,1702.22021484375,868400,0.0,0.0
2016-02-23 00:00:00+09:00,1721.9678931307274,1779.2351739802587,1719.99315930833,1723.942626953125,879200,0.0,0.0
2016-02-24 00:00:00+09:00,1684.44764597647,1710.1191810265218,1662.7255778571957,1670.62451171875,878800,0.0,0.0
2016-02-25 00:00:00+09:00,1646.9276653984666,1660.750799280708,1565.9635955167673,1593.60986328125,1969200,0.0,0.0
2016-02-26 00:00:00+09:00,1605.458502875434,1637.0542421694156,1595.5848343460648,1599.5343017578125,1047600,0.0,0.0
2016-02-29 00:00:00+09:00,1595.5846026216573,1656.8013386133298,1583.7362021071401,1587.6856689453125,937600,0.0,0.0
2016-03-01 00:00:00+09:00,1571.8878499348957,1575.837316894531,1492.8985107421875,1540.2921142578125,1150400,0.0,0.0
2016-03-02 00:00:00+09:00,1595.5846815814393,1646.9277530184659,1593.6099480646308,1629.1551513671875,1178800,0.0,0.0
2016-03-03 00:00:00+09:00,1637.0537951387614,1686.4221243045865,1631.1295956388624,1680.4979248046875,905200,0.0,0.0
2016-03-04 00:00:00+09:00,1692.3465186437695,1755.537987251238,1690.3717852497862,1731.8411865234375,1173600,0.0,0.0
2016-03-07 00:00:00+09:00,1755.5383802844633,1769.3615171370968,1706.1700343822004,1714.0689697265625,748800,0.0,0.0
2016-03-08 00:00:00+09:00,1704.1949972730833,1727.8917990891632,1639.0287922788634,1654.82666015625,996800,0.0,0.0
2016-03-09 00:00:00+09:00,1625.2057994897814,1644.9531360570934,1585.7111263551574,1635.0794677734375,820800,0.0,0.0
2016-03-10 00:00:00+09:00,1664.7003275796167,1690.37186288037,1642.9782592482102,1654.82666015625,740000,0.0,0.0
2016-03-11 00:00:00+09:00,1619.2812219647128,1656.8011527175538,1595.5844235944976,1650.876953125,1302400,0.0,0.0
2016-03-14 00:00:00+09:00,1680.498361687911,1747.6393068082273,1676.5488943278926,1725.917236328125,1274800,0.0,0.0
2016-03-15 00:00:00+09:00,1716.0429907369335,1719.9924567685491,1680.4977964523941,1688.396728515625,902800,0.0,0.0
2016-03-16 00:00:00+09:00,1629.1551472342144,1644.9530153286069,1595.5846775336306,1633.1046142578125,1222400,0.0,0.0
2016-03-17 00:00:00+09:00,1597.559484924933,1633.104689781112,1552.1406120531487,1563.989013671875,1855600,0.0,0.0
2016-03-18 00:00:00+09:00,1567.9381002807618,1597.5590971374513,1560.0391677856446,1579.7864990234375,1050400,0.0,0.0
2016-03-22 00:00:00+09:00,1609.407707093254,1642.9781746031747,1595.5845734126985,1617.306640625,1182000,0.0,0.0
2016-03-23 00:00:00+09:00,1601.5089367996618,1617.3068054733944,1571.8879330364127,1577.8121337890625,680000,0.0,0.0
2016-03-24 00:00:00+09:00,1560.0395682644662,1575.8374373101822,1540.292231957321,1544.24169921875,618400,0.0,0.0
2016-03-25 00:00:00+09:00,1556.0901471306297,1617.3068914974438,1550.1659460628734,1611.3826904296875,884400,0.0,0.0
2016-03-28 00:00:00+09:00,1633.1049605866392,1648.90283203125,1609.408153419723,1648.90283203125,839600,0.0,0.0
2016-03-29 00:00:00+09:00,1630.9144287109375,1664.8918126424155,1622.919750138825,1630.9144287109375,593200,25.0,0.0
2016-03-30 00:00:00+09:00,1600.934451174344,1610.9277998083912,1574.9517447258218,1580.94775390625,748400,0.0,0.0
2016-03-31 00:00:00+09:00,1578.9488892997538,1610.927600981774,1568.9555418991224,1572.952880859375,905200,0.0,0.0
2016-04-01 00:00:00+09:00,1572.9529834692028,1576.9503226902173,1514.9915647644928,1516.990234375,946800,0.0,0.0
2016-04-04 00:00:00+09:00,1499.0023697349407,1536.9770964348925,1481.0143412981213,1491.0076904296875,731600,0.0,0.0
2016-04-05 00:00:00+09:00,1485.0115842101393,1499.0022720829134,1463.0262175529233,1487.01025390625,1095200,0.0,0.0
2016-04-06 00:00:00+09:00,1473.0198146217215,1528.9825755571464,1473.0198146217215,1504.99853515625,903600,0.0,0.0
2016-04-07 00:00:00+09:00,1499.0023697349407,1524.985077477013,1473.0196619928684,1491.0076904296875,880400,0.0,0.0
2016-04-08 00:00:00+09:00,1491.0076904296875,1491.0076904296875,1491.0076904296875,1491.0076904296875,0,0.0,0.0
2016-04-11 00:00:00+09:00,1491.0076904296875,1491.0076904296875,1491.0076904296875,1491.0076904296875,0,0.0,0.0
2016-04-12 00:00:00+09:00,1491.0076904296875,1491.0076904296875,1491.0076904296875,1491.0076904296875,0,0.0,0.0
2016-04-13 00:00:00+09:00,1491.0076904296875,1491.0076904296875,1491.0076904296875,1491.0076904296875,0,0.0,0.0
2016-04-14 00:00:00+09:00,1491.0076904296875,1491.0076904296875,1491.0076904296875,1491.0076904296875,0,0.0,0.0
2016-04-15 00:00:00+09:00,1491.0076904296875,1491.0076904296875,1491.0076904296875,1491.0076904296875,0,0.0,0.0
2016-04-18 00:00:00+09:00,1491.0076904296875,1491.0076904296875,1491.0076904296875,1491.0076904296875,0,0.0,0.0
2016-04-19 00:00:00+09:00,1491.0076904296875,1491.0076904296875,1491.0076904296875,1491.0076904296875,0,0.0,0.0
2016-04-20 00:00:00+09:00,1491.0076904296875,1491.0076904296875,1491.0076904296875,1491.0076904296875,0,0.0,0.0
2016-04-21 00:00:00+09:00,1491.0076904296875,1491.0076904296875,1491.0076904296875,1491.0076904296875,0,0.0,0.0
2016-04-22 00:00:00+09:00,1491.0076904296875,1491.0076904296875,1491.0076904296875,1491.0076904296875,0,0.0,0.0
2016-04-25 00:00:00+09:00,1491.0076904296875,1491.0076904296875,1491.0076904296875,1491.0076904296875,0,0.0,0.0
2016-04-26 00:00:00+09:00,1491.0076904296875,1491.0076904296875,1491.0076904296875,1491.0076904296875,0,0.0,0.0
2016-04-27 00:00:00+09:00,1491.0076904296875,1491.0076904296875,1491.0076904296875,1491.0076904296875,0,0.0,0.0
2016-04-28 00:00:00+09:00,1491.0076904296875,1491.0076904296875,1491.0076904296875,1491.0076904296875,0,0.0,0.0
2016-05-02 00:00:00+09:00,1491.0076904296875,1491.0076904296875,1491.0076904296875,1491.0076904296875,0,0.0,0.0
2016-05-06 00:00:00+09:00,1491.0076904296875,1491.0076904296875,1491.0076904296875,1491.0076904296875,0,0.0,0.0
2016-05-09 00:00:00+09:00,1491.0076904296875,1491.0076904296875,1491.0076904296875,1491.0076904296875,0,0.0,0.0
2016-05-10 00:00:00+09:00,1491.0076904296875,1491.0076904296875,1491.0076904296875,1491.0076904296875,0,0.0,0.0
2016-05-11 00:00:00+09:00,1491.0076904296875,1491.0076904296875,1491.0076904296875,1491.0076904296875,0,0.0,0.0
2016-05-12 00:00:00+09:00,1491.0076904296875,1491.0076904296875,1491.0076904296875,1491.0076904296875,0,0.0,0.0
2016-05-13 00:00:00+09:00,1491.0076904296875,1491.0076904296875,1491.0076904296875,1491.0076904296875,0,0.0,0.0
2016-05-16 00:00:00+09:00,1491.0076904296875,1491.0076904296875,1491.0076904296875,1491.0076904296875,0,0.0,0.0
2016-05-17 00:00:00+09:00,1491.0076904296875,1491.0076904296875,1491.0076904296875,1491.0076904296875,0,0.0,0.0
2016-05-18 00:00:00+09:00,1491.0076904296875,1491.0076904296875,1491.0076904296875,1491.0076904296875,0,0.0,0.0
2016-05-19 00:00:00+09:00,1491.0076904296875,1491.0076904296875,1491.0076904296875,1491.0076904296875,0,0.0,0.0
2016-05-20 00:00:00+09:00,1491.0076904296875,1491.0076904296875,1491.0076904296875,1491.0076904296875,0,0.0,0.0
2016-05-23 00:00:00+09:00,1491.0076904296875,1491.0076904296875,1491.0076904296875,1491.0076904296875,0,0.0,0.0
2016-05-24 00:00:00+09:00,1491.0076904296875,1491.0076904296875,1491.0076904296875,1491.0076904296875,0,0.0,0.0
2016-05-25 00:00:00+09:00,1491.0076904296875,1491.0076904296875,1491.0076904296875,1491.0076904296875,0,0.0,0.0
2016-05-26 00:00:00+09:00,1491.0076904296875,1491.0076904296875,1491.0076904296875,1491.0076904296875,0,0.0,0.0
2016-05-27 00:00:00+09:00,1491.0076904296875,1491.0076904296875,1491.0076904296875,1491.0076904296875,0,0.0,0.0
2016-05-30 00:00:00+09:00,1491.0076904296875,1491.0076904296875,1491.0076904296875,1491.0076904296875,0,0.0,0.0
2016-05-31 00:00:00+09:00,1491.0076904296875,1491.0076904296875,1491.0076904296875,1491.0076904296875,0,0.0,0.0
2016-06-01 00:00:00+09:00,1491.0076904296875,1491.0076904296875,1491.0076904296875,1491.0076904296875,0,0.0,0.0
2016-06-02 00:00:00+09:00,1491.0076904296875,1491.0076904296875,1491.0076904296875,1491.0076904296875,0,0.0,0.0
2016-06-03 00:00:00+09:00,1491.0076904296875,1491.0076904296875,1491.0076904296875,1491.0076904296875,0,0.0,0.0
2016-06-06 00:00:00+09:00,1491.0076904296875,1491.0076904296875,1491.0076904296875,1491.0076904296875,0,0.0,0.0
2016-06-07 00:00:00+09:00,1491.0076904296875,1491.0076904296875,1491.0076904296875,1491.0076904296875,0,0.0,0.0
2016-06-08 00:00:00+09:00,1491.0076904296875,1491.0076904296875,1491.0076904296875,1491.0076904296875,0,0.0,0.0
2016-06-09 00:00:00+09:00,1562.9599207785982,1562.9599207785982,1520.987851294774,1530.981201171875,605200,0.0,0.0
2016-06-10 00:00:00+09:00,1530.9807736819655,1530.9807736819655,1489.0087159178386,1501.000732421875,944800,0.0,0.0
2016-06-13 00:00:00+09:00,1451.0342046411,1461.0275531579118,1437.043516717563,1447.036865234375,817600,0.0,0.0
2016-06-14 00:00:00+09:00,1459.028797758105,1461.027467344075,1423.0527452106448,1441.040771484375,534400,0.0,0.0
2016-06-15 00:00:00+09:00,1443.0395725197989,1473.0196190402933,1435.044893447667,1459.0289306640625,632800,0.0,0.0
2016-06-16 00:00:00+09:00,1447.036857962101,1451.0341973487366,1403.066124709109,1409.0621337890625,993200,0.0,0.0
2016-06-17 00:00:00+09:00,1459.0290477855785,1487.0104267842062,1451.0343680716849,1479.0157470703125,1208800,0.0,0.0
2016-06-20 00:00:00+09:00,1512.992942421109,1540.9743178423712,1512.992942421109,1528.9822998046875,842800,0.0,0.0
2016-06-21 00:00:00+09:00,1508.9954100912323,1508.9954100912323,1489.0087159178386,1501.000732421875,466800,0.0,0.0
2016-06-22 00:00:00+09:00,1483.0132742745536,1489.0092848174427,1463.0265724649234,1469.0225830078125,342000,0.0,0.0
2016-06-23 00:00:00+09:00,1483.0128996792218,1510.9942751448675,1471.0208816225165,1508.99560546875,381600,0.0,0.0
2016-06-24 00:00:00+09:00,1528.9826742143773,1540.9746951886077,1325.1183176524603,1339.1090087890625,974400,0.0,0.0
2016-06-27 00:00:00+09:00,1379.082252191742,1389.0756018453053,1307.130134686086,1325.1181640625,967200,0.0,0.0
2016-06-28 00:00:00+09:00,1297.1367148600507,1323.1194225537035,1269.1553373438092,1317.1234130859375,547600,0.0,0.0
2016-06-29 00:00:00+09:00,1337.1099977778817,1353.0993550009357,1309.1286226375375,1335.111328125,572000,0.0,0.0
2016-06-30 00:00:00+09:00,1355.098187118186,1363.0928666882048,1329.115478515625,1329.115478515625,624400,0.0,0.0
2016-07-01 00:00:00+09:00,1349.1020156951722,1367.090042571108,1327.116649513473,1335.111328125,678800,0.0,0.0
2016-07-04 00:00:00+09:00,1325.1180020845852,1357.0967170670187,1301.1339658477602,1351.1007080078125,455600,0.0,0.0
2016-07-05 00:00:00+09:00,1295.1380363581732,1327.1167533052885,1283.146017503005,1299.1353759765625,580400,0.0,0.0
2016-07-06 00:00:00+09:00,1269.1553111015996,1277.1499902266492,1243.172603945189,1263.1593017578125,801600,0.0,0.0
2016-07-07 00:00:00+09:00,1267.1565064826473,1295.1378804428318,1259.1618282083086,1265.1578369140625,535200,0.0,0.0
2016-07-08 00:00:00+09:00,1265.1578722000122,1297.13658618927,1263.1592025756836,1279.1485595703125,927600,0.0,0.0
2016-07-11 00:00:00+09:00,1279.1485595703125,1279.1485595703125,1279.1485595703125,1279.1485595703125,0,0.0,0.0
2016-07-12 00:00:00+09:00,1393.0730619148867,1435.0451340816192,1393.0730619148867,1421.054443359375,722000,0.0,0.0
2016-07-13 00:00:00+09:00,1493.0062172019875,1508.995574280456,1441.040806696965,1455.031494140625,694800,0.0,0.0
2016-07-14 00:00:00+09:00,1453.0331960028514,1477.0172377525546,1433.0464945447654,1473.0198974609375,504800,0.0,0.0
2016-07-15 00:00:00+09:00,1477.01714213647,1530.9812325798864,1475.0184721200474,1506.9971923828125,641600,0.0,0.0
2016-07-19 00:00:00+09:00,1526.9834837434812,1534.9781616688397,1502.9994499674056,1532.9794921875,715200,0.0,0.0
2016-07-20 00:00:00+09:00,1532.9799025963093,1532.9799025963093,1495.0051722842754,1506.9971923828125,559600,0.0,0.0
2016-07-21 00:00:00+09:00,1534.978423566879,1578.9491596586386,1534.978423566879,1568.955810546875,570000,0.0,0.0
2016-07-22 00:00:00+09:00,1544.9715090755378,1556.9635259635756,1520.9874752994622,1532.9794921875,476800,0.0,0.0
2016-07-25 00:00:00+09:00,1562.9595216098971,1584.9448857246143,1542.9728269601542,1554.96484375,588400,0.0,0.0
2016-07-26 00:00:00+09:00,1536.9766446377369,1536.9766446377369,1487.0099136677195,1502.999267578125,537600,0.0,0.0
2016-07-27 00:00:00+09:00,1542.973019651135,1584.9450836571891,1530.981001363691,1562.959716796875,591600,0.0,0.0
2016-07-28 00:00:00+09:00,1538.9757048778044,1562.9597418369392,1512.9929981720754,1558.96240234375,618800,0.0,0.0
2016-07-29 00:00:00+09:00,1556.9638001564467,1614.925225322733,1544.9717811565256,1586.94384765625,1082000,0.0,0.0
2016-08-01 00:00:00+09:00,1459.0288708917026,1512.9929524178342,1447.0368527747846,1449.0355224609375,1144800,0.0,0.0
2016-08-02 00:00:00+09:00,1421.0541645396838,1429.048843383789,1393.072788585316,1407.0634765625,672800,0.0,0.0
2016-08-03 00:00:00+09:00,1369.0887351854312,1373.0860745582354,1345.1046989486063,1351.1007080078125,761600,0.0,0.0
2016-08-04 00:00:00+09:00,1375.0847126588983,1417.0567751092426,1363.0926948159427,1415.05810546875,756400,0.0,0.0
2016-08-05 00:00:00+09:00,1425.0514536712128,1459.028837559587,1409.0620965472722,1415.05810546875,770400,0.0,0.0
2016-08-08 00:00:00+09:00,1459.0289855547398,1493.0063728895764,1455.0316458682885,1489.009033203125,632800,0.0,0.0
2016-08-09 00:00:00+09:00,1493.0065022678527,1514.9918724485037,1479.015812152893,1506.9971923828125,604400,0.0,0.0
2016-08-10 00:00:00+09:00,1471.020815273925,1485.011502375715,1433.0460931404948,1441.040771484375,751600,0.0,0.0
2016-08-12 00:00:00+09:00,1455.031859207664,1493.006591796875,1443.0398383900183,1493.006591796875,609600,0.0,0.0
2016-08-15 00:00:00+09:00,1495.005042732802,1508.9957316353816,1483.013023673448,1489.009033203125,264400,0.0,0.0
2016-08-16 00:00:00+09:00,1489.0092717046323,1508.9959733382516,1471.021240234375,1471.021240234375,455600,0.0,0.0
2016-08-17 00:00:00+09:00,1467.0238045214974,1506.997205189658,1465.0251344880894,1504.99853515625,411600,0.0,0.0
2016-08-18 00:00:00+09:00,1469.0222193224677,1475.0182283809268,1445.0381830886315,1449.0355224609375,945200,0.0,0.0
2016-08-19 00:00:00+09:00,1473.0197771667804,1514.991846801112,1463.0264272538443,1510.9945068359375,675200,0.0,0.0
2016-08-22 00:00:00+09:00,1514.9915895651006,1524.9849377812293,1501.0009020625205,1512.992919921875,376000,0.0,0.0
2016-08-23 00:00:00+09:00,1501.0009472251597,1501.0009472251597,1437.043516717563,1447.036865234375,702000,0.0,0.0
2016-08-24 00:00:00+09:00,1447.0368902570983,1461.0275784225673,1439.0422113054017,1443.03955078125,499200,0.0,0.0
2016-08-25 00:00:00+09:00,1459.0290477855785,1483.0130869272593,1445.0383582862648,1479.0157470703125,798800,0.0,0.0
2016-08-26 00:00:00+09:00,1455.0313233755976,1483.0126949789747,1455.0313233755976,1463.0260009765625,629600,0.0,0.0
2016-08-29 00:00:00+09:00,1499.002183470557,1522.9862184060858,1495.0048443146354,1520.987548828125,586800,0.0,0.0
2016-08-30 00:00:00+09:00,1514.9917455543398,1536.977113893519,1506.9970661582747,1526.9837646484375,334800,0.0,0.0
2016-08-31 00:00:00+09:00,1536.9770199164427,1590.941102540297,1536.9770199164427,1580.94775390625,575600,0.0,0.0
2016-09-01 00:00:00+09:00,1584.9448246748036,1610.9275267186529,1578.9488165108382,1604.9315185546875,666800,0.0,0.0
2016-09-02 00:00:00+09:00,1604.931876156132,1604.931876156132,1560.9611398230873,1586.94384765625,620000,0.0,0.0
2016-09-05 00:00:00+09:00,1616.9239958780674,1656.8973950345091,1616.9239958780674,1628.916015625,651200,0.0,0.0
2016-09-06 00:00:00+09:00,1624.9186170789928,1626.9172869646989,1604.9319182219328,1618.922607421875,432000,0.0,0.0
2016-09-07 00:00:00+09:00,1566.957140724522,1572.9531501915803,1540.974433033937,1568.955810546875,652000,0.0,0.0
2016-09-08 00:00:00+09:00,1552.9661865234375,1572.952881330689,1538.9755001583615,1552.9661865234375,584800,0.0,0.0
2016-09-09 00:00:00+09:00,1554.96495344091,1562.9596318647707,1540.9742661991536,1556.963623046875,696800,0.0,0.0
2016-09-12 00:00:00+09:00,1532.9795662958895,1544.9715837636538,1514.9915400942427,1520.987548828125,413600,0.0,0.0
2016-09-13 00:00:00+09:00,1536.9769430437316,1536.9769430437316,1510.9942378947478,1514.9915771484375,399600,0.0,0.0
2016-09-14 00:00:00+09:00,1502.999726460242,1534.9784440445026,1495.005047064177,1526.9837646484375,397200,0.0,0.0
2016-09-15 00:00:00+09:00,1504.99829380862,1516.9903120859797,1481.014257253901,1485.0115966796875,569200,0.0,0.0
2016-09-16 00:00:00+09:00,1489.0091748889859,1516.9905553566982,1483.0131647887617,1504.99853515625,317200,0.0,0.0
2016-09-20 00:00:00+09:00,1497.003816957827,1516.9905167836991,1481.0144570971293,1510.9945068359375,508800,0.0,0.0
2016-09-21 00:00:00+09:00,1508.995769020803,1544.971827090173,1485.0117303078896,1540.9744873046875,506400,0.0,0.0
2016-09-23 00:00:00+09:00,1520.9875984947778,1530.9809467109064,1508.9955806354235,1512.992919921875,462000,0.0,0.0
2016-09-26 00:00:00+09:00,1510.9943632238053,1510.9943632238053,1485.0116559196922,1495.0050048828125,544400,0.0,0.0
2016-09-27 00:00:00+09:00,1481.0141796811504,1538.9755983191442,1471.020831640117,1536.9769287109375,594000,0.0,0.0
2016-09-28 00:00:00+09:00,1522.82054925734,1541.0215916787424,1500.5748307422925,1504.6195068359375,422800,22.5,0.0
2016-09-29 00:00:00+09:00,1526.865250892246,1573.3790267472416,1514.7312224083341,1569.3343505859375,482800,0.0,0.0
2016-09-30 00:00:00+09:00,1559.2225303600167,1561.2448682722866,1543.0438270618583,1551.1331787109375,570000,0.0,0.0
2016-10-03 00:00:00+09:00,1553.1553773271276,1553.1553773271276,1512.7086227092336,1520.7979736328125,592000,0.0,0.0
2016-10-04 00:00:00+09:00,1526.8652423534518,1547.088623046875,1516.7535520067402,1547.088623046875,498800,0.0,0.0
2016-10-05 00:00:00+09:00,1549.1108593874085,1599.6693078008357,1549.1108593874085,1591.5799560546875,594000,0.0,0.0
2016-10-06 00:00:00+09:00,1613.825801040187,1625.9598296194365,1597.6470962678543,1601.6917724609375,348800,0.0,0.0
2016-10-07 00:00:00+09:00,1601.691777050047,1619.8928199710704,1591.5800865383674,1613.8258056640625,387200,0.0,0.0
2016-10-11 00:00:00+09:00,1625.9599645543983,1646.1833471981097,1619.8929497612849,1638.093994140625,510000,0.0,0.0
2016-10-12 00:00:00+09:00,1613.8256917620236,1640.1160852368437,1605.7363399236176,1632.0267333984375,365200,0.0,0.0
2016-10-13 00:00:00+09:00,1656.2951559069165,1660.339832722318,1605.7366957143977,1611.8037109375,329200,0.0,0.0
2016-10-14 00:00:00+09:00,1605.7365753212023,1617.8706048576346,1589.557869272626,1615.8482666015625,423200,0.0,0.0
2016-10-17 00:00:00+09:00,1634.0491965937115,1652.250239625077,1617.870491676942,1640.1162109375,398400,0.0,0.0
2016-10-18 00:00:00+09:00,1642.1387921323872,1660.3398378579925,1617.8707311649134,1634.0494384765625,626400,0.0,0.0
2016-10-19 00:00:00+09:00,1640.1160852368437,1648.2054370752496,1619.8927056408284,1632.0267333984375,308800,0.0,0.0
2016-10-20 00:00:00+09:00,1640.1165804155262,1662.3623046875,1625.9602104242701,1662.3623046875,493600,0.0,0.0
2016-10-21 00:00:00+09:00,1678.5405545334252,1751.3447231637906,1678.5405545334252,1743.25537109375,1225200,0.0,0.0
2016-10-24 00:00:00+09:00,1743.2553685358155,1749.3223825794437,1725.054326404931,1737.1883544921875,417200,0.0,0.0
2016-10-25 00:00:00+09:00,1755.3895185330366,1763.4788711530045,1729.099122518141,1733.143798828125,501200,0.0,0.0
2016-10-26 00:00:00+09:00,1735.166259765625,1741.2332746599104,1721.009891678959,1735.166259765625,268000,0.0,0.0
2016-10-27 00:00:00+09:00,1731.121456374853,1737.1884708247649,1700.7863841252938,1721.009765625,493200,0.0,0.0
2016-10-28 00:00:00+09:00,1739.2105916572077,1785.7243632945517,1739.2105916572077,1781.6796875,745600,0.0,0.0
2016-10-31 00:00:00+09:00,1761.4567908547142,1783.70251381614,1743.2557447953657,1779.6578369140625,624800,0.0,0.0
2016-11-01 00:00:00+09:00,1779.657494848901,1854.484003155048,1779.657494848901,1840.32763671875,962400,0.0,0.0
2016-11-02 00:00:00+09:00,1791.791484386316,1820.1042166452419,1741.2330339239481,1745.2777099609375,1106400,0.0,0.0
2016-11-04 00:00:00+09:00,1735.166259765625,1747.3002895541958,1706.8535235922932,1735.166259765625,667200,0.0,0.0
2016-11-07 00:00:00+09:00,1795.8366690942796,1807.970700642214,1775.6132831810557,1789.7696533203125,593200,0.0,0.0
2016-11-08 00:00:00+09:00,1793.8143305029573,1801.903684868247,1761.4569130417992,1789.7696533203125,416800,0.0,0.0
2016-11-09 00:00:00+09:00,1797.8588534676956,1818.082237646185,1625.960087950537,1648.205810546875,923600,0.0,0.0
2016-11-10 00:00:00+09:00,1801.9033230403284,1820.1043667074023,1781.6799411880238,1809.99267578125,822000,0.0,0.0
2016-11-11 00:00:00+09:00,1840.327654774166,1903.0201353214177,1830.2159643633188,1886.8414306640625,1242400,0.0,0.0
2016-11-14 00:00:00+09:00,1900.9981708829364,1923.243894159226,1874.7077706473215,1911.10986328125,797600,0.0,0.0
2016-11-15 00:00:00+09:00,1921.2211929449516,1941.4445739233195,1911.1095024557676,1925.265869140625,541200,0.0,0.0
2016-11-16 00:00:00+09:00,1969.7570830767816,2008.1815025618523,1957.6230558709697,1975.8240966796875,1080400,0.0,0.0
2016-11-17 00:00:00+09:00,1943.4669112437155,1955.6009398258823,1894.9307969150482,1923.2435302734375,842400,0.0,0.0
2016-11-18 00:00:00+09:00,1971.7797919654458,1994.0255126953125,1971.7797919654458,1994.0255126953125,884400,0.0,0.0
2016-11-21 00:00:00+09:00,1992.0029270770349,2000.092279065165,1981.8912370918724,1985.9359130859375,584400,0.0,0.0
2016-11-22 00:00:00+09:00,1992.0030510134814,1996.0477272591938,1979.8690222763432,1989.980712890625,408400,0.0,0.0
2016-11-24 00:00:00+09:00,2010.2041088575386,2034.4721665097425,2010.2041088575386,2030.427490234375,619600,0.0,0.0
2016-11-25 00:00:00+09:00,2050.6507676522942,2105.2538946016157,2046.6060915819744,2076.941162109375,894400,0.0,0.0
2016-11-28 00:00:00+09:00,2054.6957964172666,2054.6957964172666,2016.2713671535578,2036.4947509765625,698000,0.0,0.0
2016-11-29 00:00:00+09:00,2012.2266865253926,2026.383055174315,1998.0703178764702,2020.3160400390625,562800,0.0,0.0
2016-11-30 00:00:00+09:00,2022.3383793940436,2034.4724096704078,2016.2713642558615,2024.3607177734375,531600,0.0,0.0
2016-12-01 00:00:00+09:00,2093.1202397291263,2141.656361230092,2056.7181486034024,2095.142578125,934800,0.0,0.0
2016-12-02 00:00:00+09:00,2085.0308870819035,2103.2319326529387,2072.8968567012134,2099.187255859375,637600,0.0,0.0
2016-12-05 00:00:00+09:00,2076.9411832079477,2131.544310711954,2056.717802650908,2129.52197265625,674400,0.0,0.0
2016-12-06 00:00:00+09:00,2153.7900374548008,2180.080432278193,2127.4996426314087,2149.745361328125,930400,0.0,0.0
2016-12-07 00:00:00+09:00,2143.6785928713684,2161.8796375278234,2135.5892396907216,2157.8349609375,468800,0.0,0.0
2016-12-08 00:00:00+09:00,2167.947265625,2178.0589599609375,2145.7015380859375,2171.991943359375,754400,0.0,0.0
2016-12-09 00:00:00+09:00,2186.147716165347,2226.594482421875,2165.9243330370828,2226.594482421875,1350800,0.0,0.0
2016-12-12 00:00:00+09:00,2297.3763323914504,2315.577377278354,2218.5051378815324,2258.951904296875,894800,0.0,0.0
2016-12-13 00:00:00+09:00,2254.9065973111624,2254.9065973111624,2190.1917891372095,2220.52685546875,522800,0.0,0.0
2016-12-14 00:00:00+09:00,2228.6168294853683,2269.0635959007104,2204.3487696361626,2258.951904296875,552800,0.0,0.0
2016-12-15 00:00:00+09:00,2260.973883891402,2297.3759678896536,2260.973883891402,2277.152587890625,587200,0.0,0.0
2016-12-16 00:00:00+09:00,2305.4653422037763,2358.046130710178,2291.308976067437,2329.7333984375,697600,0.0,0.0
2016-12-19 00:00:00+09:00,2313.5550553073235,2321.644408647559,2281.1976419463817,2319.6220703125,420400,0.0,0.0
2016-12-20 00:00:00+09:00,2325.688232421875,2327.710570015285,2287.263818147079,2325.688232421875,488800,0.0,0.0
2016-12-21 00:00:00+09:00,2311.532836486496,2333.778559322324,2287.264775211047,2309.510498046875,619600,0.0,0.0
2016-12-22 00:00:00+09:00,2307.488281890789,2313.555297531168,2283.2202193292733,2311.532958984375,290800,0.0,0.0
2016-12-26 00:00:00+09:00,2289.2869878433917,2315.5773861136777,2287.264649514908,2291.309326171875,257200,0.0,0.0
2016-12-27 00:00:00+09:00,2275.130497693173,2303.443232775577,2267.0411448124864,2289.286865234375,323200,0.0,0.0
2016-12-28 00:00:00+09:00,2299.3983230990266,2333.7780693546847,2299.3983230990266,2317.599365234375,344000,0.0,0.0
2016-12-29 00:00:00+09:00,2291.3090651106127,2299.398417502883,2236.7059364627867,2246.817626953125,581600,0.0,0.0
2016-12-30 00:00:00+09:00,2212.437882304512,2273.108025329316,2196.2591774978982,2254.906982421875,594800,0.0,0.0
2017-01-04 00:00:00+09:00,2275.130271911621,2329.7333984375,2260.973905775282,2329.7333984375,682800,0.0,0.0
2017-01-05 00:00:00+09:00,2337.8229731523925,2341.8676495765317,2254.9071064575414,2260.97412109375,732000,0.0,0.0
2017-01-06 00:00:00+09:00,2234.6833395761987,2260.9737318065067,2198.2812580265413,2214.4599609375,1166000,0.0,0.0
2017-01-10 00:00:00+09:00,2218.504870165067,2218.504870165067,2171.9910944004396,2186.1474609375,736000,0.0,0.0
2017-01-11 00:00:00+09:00,2184.12537785252,2234.6838356731805,2184.12537785252,2226.594482421875,609600,0.0,0.0
2017-01-12 00:00:00+09:00,2242.7728315315726,2273.10790138998,2232.66114157877,2252.884521484375,670400,0.0,0.0
2017-01-13 00:00:00+09:00,2250.8618307291667,2277.152220486111,2226.5937786458335,2275.1298828125,719600,0.0,0.0
2017-01-16 00:00:00+09:00,2260.9742491108004,2293.3316623359997,2252.8848958045005,2283.219970703125,787600,0.0,0.0
2017-01-17 00:00:00+09:00,2260.974362599764,2299.3987927333915,2230.6392861784793,2248.84033203125,1044800,0.0,0.0
2017-01-18 00:00:00+09:00,2210.415299053553,2254.9067323373392,2194.236596041267,2242.772705078125,674400,0.0,0.0
2017-01-19 00:00:00+09:00,2258.9521567677575,2319.622313171547,2258.9521567677575,2311.532958984375,748800,0.0,0.0
2017-01-20 00:00:00+09:00,2325.688627470761,2398.4927932002806,2321.6439515968987,2388.381103515625,862800,0.0,0.0
2017-01-23 00:00:00+09:00,2358.045644177056,2380.291357801368,2339.8446057571646,2341.866943359375,688800,0.0,0.0
2017-01-24 00:00:00+09:00,2311.532475165225,2331.7558564002666,2287.2644176831755,2323.66650390625,712800,0.0,0.0
2017-01-25 00:00:00+09:00,2384.33655197556,2414.671622611381,2372.202523721231,2394.4482421875,750800,0.0,0.0
2017-01-26 00:00:00+09:00,2434.8952768148447,2479.38671875,2434.8952768148447,2479.38671875,1004800,0.0,0.0
2017-01-27 00:00:00+09:00,2501.6320711243125,2517.8107748987622,2463.207649659994,2481.40869140625,773600,0.0,0.0
2017-01-30 00:00:00+09:00,2445.0069549661935,2445.0069549661935,2414.671881083238,2434.895263671875,758400,0.0,0.0
2017-01-31 00:00:00+09:00,2376.2470721793356,2408.60447911965,2356.0236928416393,2380.291748046875,809600,0.0,0.0
2017-02-01 00:00:00+09:00,2331.7559969890704,2398.4931590884976,2309.5102762892616,2382.314453125,980000,0.0,0.0
2017-02-02 00:00:00+09:00,2386.3594897904063,2404.5605367464345,2331.7563489223207,2339.845703125,695600,0.0,0.0
2017-02-03 00:00:00+09:00,2349.9572720056594,2372.2029948903946,2309.510503124323,2333.778564453125,527600,0.0,0.0
2017-02-06 00:00:00+09:00,2362.0913000871083,2364.1136385289637,2313.5551774825785,2321.64453125,456400,0.0,0.0
2017-02-07 00:00:00+09:00,2295.3536453780594,2329.7333916083917,2269.063251201923,2313.5546875,389600,0.0,0.0
2017-02-08 00:00:00+09:00,2313.554816240243,2331.755859375,2311.5324781141585,2331.755859375,229600,0.0,0.0
2017-02-09 00:00:00+09:00,2289.286615890042,2301.4206438894594,2254.9068698916935,2277.152587890625,540400,0.0,0.0
2017-02-10 00:00:00+09:00,2339.845352405219,2392.426146841291,2333.778337662595,2390.40380859375,660000,0.0,0.0
2017-02-13 00:00:00+09:00,2428.828367101021,2436.9177205301667,2406.58264517087,2420.739013671875,514800,0.0,0.0
2017-02-14 00:00:00+09:00,2445.006577062487,2457.1406047402165,2412.649169921875,2412.649169921875,519600,0.0,0.0
2017-02-15 00:00:00+09:00,2463.2078836323303,2485.4536034352495,2449.051516485018,2457.140869140625,390400,0.0,0.0
2017-02-16 00:00:00+09:00,2445.0068401572144,2475.341912615741,2434.895149337706,2457.140869140625,356400,0.0,0.0
2017-02-17 00:00:00+09:00,2430.8505979247648,2475.3420398168987,2430.8505979247648,2471.29736328125,587600,0.0,0.0
2017-02-20 00:00:00+09:00,2453.0961928128218,2463.2078836323303,2424.783458518197,2457.140869140625,287600,0.0,0.0
2017-02-21 00:00:00+09:00,2467.2525792877614,2519.8333719611073,2453.096212029553,2513.766357421875,709200,0.0,0.0
2017-02-22 00:00:00+09:00,2513.766116805333,2538.0341726393344,2503.6544268744988,2521.85546875,596000,0.0,0.0
2017-02-23 00:00:00+09:00,2503.6541823544176,2519.8328846636546,2483.4308044678714,2517.810546875,342000,0.0,0.0
2017-02-24 00:00:00+09:00,2487.476071829119,2495.565424908238,2461.185674321982,2479.38671875,374400,0.0,0.0
2017-02-27 00:00:00+09:00,2457.1409845193753,2457.1409845193753,2392.4261602357374,2434.895263671875,638400,0.0,0.0
2017-02-28 00:00:00+09:00,2473.3203125,2505.6777327780046,2469.275634965249,2473.3203125,570000,0.0,0.0
2017-03-01 00:00:00+09:00,2491.5202964553714,2560.27978515625,2459.162890007899,2560.27978515625,900400,0.0,0.0
2017-03-02 00:00:00+09:00,2629.0390579788773,2659.37412403248,2614.8826938205298,2620.94970703125,704000,0.0,0.0
2017-03-03 00:00:00+09:00,2598.704226476065,2616.9052677509944,2588.5925368788817,2604.771240234375,420400,0.0,0.0
2017-03-06 00:00:00+09:00,2610.838018346716,2633.083733452691,2604.7710051359954,2620.94970703125,307200,0.0,0.0
2017-03-07 00:00:00+09:00,2687.687252542748,2744.3127176076064,2667.463872162441,2679.597900390625,1064400,0.0,0.0
2017-03-08 00:00:00+09:00,2679.5981496594854,2697.7991936949084,2657.3524291717463,2695.77685546875,528000,0.0,0.0
2017-03-09 00:00:00+09:00,2703.8659534901944,2713.9776436677944,2669.4862068863554,2671.508544921875,456800,0.0,0.0
2017-03-10 00:00:00+09:00,2675.5534869767644,2760.4916929125347,2671.5088105036325,2740.268310546875,960800,0.0,0.0
2017-03-13 00:00:00+09:00,2701.84374706738,2724.0894665417372,2689.709718263185,2693.75439453125,417600,0.0,0.0
2017-03-14 00:00:00+09:00,2691.73193359375,2703.8659618443603,2683.6425814266763,2691.73193359375,265200,0.0,0.0
2017-03-15 00:00:00+09:00,2669.4868171449507,2677.5761711362993,2653.3081091622544,2673.531494140625,311200,0.0,0.0
2017-03-16 00:00:00+09:00,2649.2634414989802,2730.156981697422,2649.2634414989802,2726.1123046875,500400,0.0,0.0
2017-03-17 00:00:00+09:00,2711.955695508678,2750.380123707533,2709.9333571824227,2738.24609375,429200,0.0,0.0
2017-03-21 00:00:00+09:00,2711.955445063629,2728.134150179594,2701.843754366151,2713.977783203125,329200,0.0,0.0
2017-03-22 00:00:00+09:00,2639.1508516098393,2663.418905417746,2572.413703638096,2586.570068359375,758400,0.0,0.0
2017-03-23 00:00:00+09:00,2586.570791085435,2590.615467850228,2531.967654760723,2546.1240234375,1082000,0.0,0.0
2017-03-24 00:00:00+09:00,2533.989514092714,2594.659654094934,2519.833148092196,2562.30224609375,882800,0.0,0.0
2017-03-27 00:00:00+09:00,2515.7883339906352,2531.967037103115,2503.654306656275,2523.877685546875,459600,0.0,0.0
2017-03-28 00:00:00+09:00,2544.101174013458,2560.279877822765,2477.3640208000684,2493.542724609375,890400,0.0,0.0
2017-03-29 00:00:00+09:00,2513.9151117425213,2534.2871953060753,2471.133736259059,2477.245361328125,565600,22.5,0.0
2017-03-30 00:00:00+09:00,2465.0219320676174,2489.4684305674614,2440.5754335677734,2450.761474609375,921200,0.0,0.0
2017-03-31 00:00:00+09:00,2471.133551203366,2483.3568004261365,2375.384765625,2375.384765625,1934800,0.0,0.0
2017-04-03 00:00:00+09:00,2399.8311171372047,2410.017157532524,2355.0125393978005,2373.347412109375,660800,0.0,0.0
2017-04-04 00:00:00+09:00,2336.6777455406223,2346.863786279683,2277.5987092540677,2316.3056640625,844000,0.0,0.0
2017-04-05 00:00:00+09:00,2352.9757195769207,2357.050136407357,2285.7478418747232,2300.00830078125,496800,0.0,0.0
2017-04-06 00:00:00+09:00,2267.4124614071716,2279.635709177561,2220.556678287347,2245.003173828125,2153600,0.0,0.0
2017-04-07 00:00:00+09:00,2279.6359512618565,2295.9336166864273,2222.5941222758584,2255.189453125,883200,0.0,0.0
2017-04-10 00:00:00+09:00,2277.5985760053563,2297.9706562916294,2249.0776636045734,2293.896240234375,606000,0.0,0.0
2017-04-11 00:00:00+09:00,2283.710514660777,2297.970972825474,2245.0035567851705,2257.226806640625,559600,0.0,0.0
2017-04-12 00:00:00+09:00,2228.7054165421505,2255.189118932505,2220.556585037426,2236.854248046875,712800,0.0,0.0
2017-04-13 00:00:00+09:00,2192.0364976820056,2226.6690445784684,2175.738828554258,2224.6318359375,738000,0.0,0.0
2017-04-14 00:00:00+09:00,2285.747701571133,2285.747701571133,2200.184953383978,2212.408203125,671200,0.0,0.0
2017-04-17 00:00:00+09:00,2194.073784343357,2210.371454050643,2149.255192648321,2187.962158203125,564000,0.0,0.0
2017-04-18 00:00:00+09:00,2232.7798972800924,2255.1891845703126,2192.035738570602,2200.1845703125,427600,0.0,0.0
2017-04-19 00:00:00+09:00,2183.887732420065,2206.297028181838,2177.7761063032176,2198.148193359375,472400,0.0,0.0
2017-04-20 00:00:00+09:00,2210.3714455930694,2228.7063239436106,2189.999358536912,2198.148193359375,504000,0.0,0.0
2017-04-21 00:00:00+09:00,2236.8542995505136,2251.114755012129,2218.5194282427224,2230.74267578125,637600,0.0,0.0
2017-04-24 00:00:00+09:00,2287.7850641790938,2316.3059821652982,2275.5618136135777,2279.63623046875,1120800,0.0,0.0
2017-04-25 00:00:00+09:00,2285.747667006586,2350.9383313062394,2275.5616257097654,2348.901123046875,948800,0.0,0.0
2017-04-26 00:00:00+09:00,2393.720153137878,2424.278282752404,2391.6829444969094,2410.017822265625,858800,0.0,0.0
2017-04-27 00:00:00+09:00,2401.8687374230585,2430.3896554246894,2383.5338615648675,2420.20361328125,837200,0.0,0.0
2017-04-28 00:00:00+09:00,2434.463702335047,2438.5381185732645,2367.2358344044555,2377.421875,728400,0.0,0.0
2017-05-01 00:00:00+09:00,2255.1891146925286,2275.561193416039,2204.2589178837543,2247.040283203125,1576000,0.0,0.0
2017-05-02 00:00:00+09:00,2253.152520910132,2279.63623046875,2216.482769213583,2279.63623046875,809600,0.0,0.0
2017-05-08 00:00:00+09:00,2332.6034692745925,2340.752302355028,2312.2313865735046,2328.529052734375,987600,0.0,0.0
2017-05-09 00:00:00+09:00,2334.6403004901013,2334.6403004901013,2289.8217257861024,2295.933349609375,540000,0.0,0.0
2017-05-10 00:00:00+09:00,2318.342430911847,2342.788924032183,2308.156392111707,2320.379638671875,645200,0.0,0.0
2017-05-11 00:00:00+09:00,2312.231201171875,2320.380033598912,2291.8591201042814,2312.231201171875,483600,0.0,0.0
2017-05-12 00:00:00+09:00,2320.3804457951187,2334.6409050756856,2275.561859484765,2283.710693359375,872000,0.0,0.0
2017-05-15 00:00:00+09:00,2236.8547219669117,2236.8547219669117,2175.738472732843,2181.85009765625,978400,0.0,0.0
2017-05-16 00:00:00+09:00,2214.445484175664,2214.445484175664,2169.626900319303,2175.738525390625,776400,0.0,0.0
2017-05-17 00:00:00+09:00,2155.366568637327,2159.4409855912727,2122.7712330057607,2132.957275390625,718400,0.0,0.0
2017-05-18 00:00:00+09:00,2071.8407799446936,2096.287278823097,2043.3198645865564,2057.580322265625,1301200,0.0,0.0
2017-05-19 00:00:00+09:00,2071.840622891622,2088.138287575135,2051.4685420372302,2075.9150390625,773200,0.0,0.0
2017-05-22 00:00:00+09:00,2082.026961198942,2098.3246282141977,2061.654877429872,2069.8037109375,449200,0.0,0.0
2017-05-23 00:00:00+09:00,2057.5802111816406,2063.691835571289,2031.0965054931642,2037.2081298828125,640800,0.0,0.0
2017-05-24 00:00:00+09:00,2069.8029754070762,2098.3238825485123,2065.7285601011567,2079.989013671875,1041600,0.0,0.0
2017-05-25 00:00:00+09:00,2075.9153360682208,2084.064169575849,2063.6920858067792,2069.8037109375,433200,0.0,0.0
2017-05-26 00:00:00+09:00,2071.8403874407672,2075.9148031486156,2055.542724609375,2055.542724609375,473600,0.0,0.0
2017-05-29 00:00:00+09:00,2053.5057949218753,2061.6546274414063,2031.0965054931642,2037.2081298828125,428800,0.0,0.0
2017-05-30 00:00:00+09:00,2027.0220892333987,2043.319754272461,2010.724424194336,2037.2081298828125,1082000,0.0,0.0
2017-05-31 00:00:00+09:00,2037.2082113859517,2037.2082113859517,2020.910545694864,2022.94775390625,544800,0.0,0.0
2017-06-01 00:00:00+09:00,2037.2082857275198,2090.1757011564355,2033.1338691560647,2061.65478515625,1071200,0.0,0.0
2017-06-02 00:00:00+09:00,2079.989707068417,2157.4036236880056,2077.9524987363225,2141.10595703125,1028400,0.0,0.0
2017-06-05 00:00:00+09:00,2128.8821387475773,2163.5146711482557,2102.3984375,2102.3984375,780800,0.0,0.0
2017-06-06 00:00:00+09:00,2088.138345629714,2088.138345629714,2057.580223498547,2059.617431640625,679200,0.0,0.0
2017-06-07 00:00:00+09:00,2057.580017507484,2094.2497603937563,2049.431185754979,2084.063720703125,480400,0.0,0.0
2017-06-08 00:00:00+09:00,2098.3247677080785,2116.6596443191197,2082.027099609375,2082.027099609375,430000,0.0,0.0
2017-06-09 00:00:00+09:00,2094.250290124393,2122.7712084723908,2079.989830950394,2098.32470703125,704400,0.0,0.0
2017-06-12 00:00:00+09:00,2082.0267212034805,2112.5848433346473,2051.468599072314,2059.617431640625,550000,0.0,0.0
2017-06-13 00:00:00+09:00,2047.39432095778,2071.8408203125,2033.1338630008602,2071.8408203125,553600,0.0,0.0
2017-06-14 00:00:00+09:00,2141.1053854772285,2157.4030477834303,2098.3240219234494,2102.3984375,938000,0.0,0.0
2017-06-15 00:00:00+09:00,2077.952588475393,2084.0642137356144,2029.059586393619,2041.2828369140625,923600,0.0,0.0
2017-06-16 00:00:00+09:00,2061.6547789147,2092.2129031081,2057.58036235558,2071.8408203125,714000,0.0,0.0
2017-06-19 00:00:00+09:00,2059.617461089494,2102.398832684825,2055.5430447470817,2094.25,480400,0.0,0.0
2017-06-20 00:00:00+09:00,2143.1430141069313,2163.515095990077,2143.1430141069313,2149.254638671875,708400,0.0,0.0
2017-06-21 00:00:00+09:00,2126.8452200132338,2165.552173251023,2112.5847635572063,2116.6591796875,776800,0.0,0.0
2017-06-22 00:00:00+09:00,2112.5850599134287,2130.9199350717904,2102.3990181587837,2110.5478515625,389600,0.0,0.0
2017-06-23 00:00:00+09:00,2120.732958141704,2124.807373046875,2102.3980910684327,2124.807373046875,369600,0.0,0.0
2017-06-26 00:00:00+09:00,2124.8088829807116,2145.180971983403,2120.7344651801736,2128.88330078125,260800,0.0,0.0
2017-06-27 00:00:00+09:00,2139.068299201111,2179.812457281132,2139.068299201111,2165.552001953125,617200,0.0,0.0
2017-06-28 00:00:00+09:00,2157.4035240724515,2179.8128146907675,2141.1058581682214,2143.14306640625,423200,0.0,0.0
2017-06-29 00:00:00+09:00,2171.6644432864973,2202.2225733515043,2165.5528172734957,2183.8876953125,516000,0.0,0.0
2017-06-30 00:00:00+09:00,2163.5153737662545,2173.701416015625,2155.3665399667584,2173.701416015625,478000,0.0,0.0
2017-07-03 00:00:00+09:00,2177.775432147058,2196.110304821823,2163.514975622241,2192.035888671875,525200,0.0,0.0
2017-07-04 00:00:00+09:00,2230.743263146995,2269.4502238773994,2200.1851362545704,2228.7060546875,1164800,0.0,0.0
2017-07-05 00:00:00+09:00,2228.7054165421505,2265.375158313411,2212.4077535327015,2236.854248046875,701600,0.0,0.0
2017-07-06 00:00:00+09:00,2214.445585013106,2218.5200019128542,2169.626999115877,2173.701416015625,700000,0.0,0.0
2017-07-07 00:00:00+09:00,2139.0687422318892,2169.6268671209164,2134.994325580019,2151.2919921875,612000,0.0,0.0
2017-07-10 00:00:00+09:00,2167.589565262595,2173.7011899766812,2134.994233454135,2143.14306640625,615200,0.0,0.0
2017-07-11 00:00:00+09:00,2132.956675489108,2167.5892098571258,2120.7334280651016,2165.552001953125,581600,0.0,0.0
2017-07-12 00:00:00+09:00,2145.1802451471103,2204.2592832375813,2141.1058287270776,2194.0732421875,546800,0.0,0.0
2017-07-13 00:00:00+09:00,2194.0729648806014,2194.0729648806014,2157.4032217349645,2159.4404296875,416800,0.0,0.0
2017-07-14 00:00:00+09:00,2175.738828554258,2232.7806705013736,2165.552785349416,2224.6318359375,857200,0.0,0.0
2017-07-17 00:00:00+09:00,2224.6318359375,2224.6318359375,2224.6318359375,2224.6318359375,0,0.0,0.0
2017-07-18 00:00:00+09:00,2210.3706145530523,2220.5566542514534,2183.8869113372093,2189.99853515625,458800,0.0,0.0
2017-07-19 00:00:00+09:00,2177.7759631651084,2177.7759631651084,2120.7341231570417,2130.920166015625,738400,0.0,0.0
2017-07-20 00:00:00+09:00,2141.1059964906513,2159.440871817403,2122.7711211639,2155.366455078125,459200,0.0,0.0
2017-07-21 00:00:00+09:00,2155.366274724011,2216.482520699172,2153.329066524839,2214.4453125,710000,0.0,0.0
2017-07-24 00:00:00+09:00,2210.3710139654822,2212.4082222732845,2173.701264425041,2181.85009765625,534000,0.0,0.0
2017-07-25 00:00:00+09:00,2181.8497079439253,2206.296203271028,2161.477628504673,2179.8125,1116000,0.0,0.0
2017-07-26 00:00:00+09:00,2204.258986183449,2255.1891845703126,2185.9241147641783,2200.1845703125,1050800,0.0,0.0
2017-07-27 00:00:00+09:00,2183.886825518379,2185.9240333780044,2159.440331202875,2161.4775390625,570000,0.0,0.0
2017-07-28 00:00:00+09:00,2155.366013782429,2171.663677402712,2126.845102446934,2159.4404296875,1498400,0.0,0.0
2017-07-31 00:00:00+09:00,2159.440378241122,2177.7752493771313,2122.770635969103,2165.552001953125,1344800,0.0,0.0
2017-08-01 00:00:00+09:00,2179.812935494088,2192.036185599662,2096.2873931059967,2110.5478515625,1481600,0.0,0.0
2017-08-02 00:00:00+09:00,2116.659413486994,2222.594244575852,2114.6222051968234,2212.408203125,1608800,0.0,0.0
2017-08-03 00:00:00+09:00,2206.2965782544893,2222.594244575852,2171.6640373215932,2212.408203125,574800,0.0,0.0
2017-08-04 00:00:00+09:00,2183.8873722530716,2196.110622470906,2155.366455078125,2155.366455078125,459200,0.0,0.0
2017-08-07 00:00:00+09:00,2185.924560546875,2208.3338524070946,2165.552477037584,2185.924560546875,743600,0.0,0.0
2017-08-08 00:00:00+09:00,2181.850033017542,2208.333740234375,2175.738408275196,2208.333740234375,506800,0.0,0.0
2017-08-09 00:00:00+09:00,2187.9617688978037,2200.1850190033783,2163.5152686866554,2185.924560546875,484800,0.0,0.0
2017-08-10 00:00:00+09:00,2187.9620692964236,2189.9992779270533,2112.5853499631203,2114.62255859375,727600,0.0,0.0
2017-08-11 00:00:00+09:00,2114.62255859375,2114.62255859375,2114.62255859375,2114.62255859375,0,0.0,0.0
2017-08-14 00:00:00+09:00,2077.9521532481526,2094.249817195197,2063.6916972944887,2067.76611328125,597600,0.0,0.0
2017-08-15 00:00:00+09:00,2088.1382929032607,2098.3243333564474,2065.72900390625,2065.72900390625,524800,0.0,0.0
2017-08-16 00:00:00+09:00,2061.6551741423987,2075.915634833107,2057.5807568021964,2063.6923828125,338400,0.0,0.0
2017-08-17 00:00:00+09:00,2057.580322265625,2075.915196424428,2041.2826563466895,2057.580322265625,482800,0.0,0.0
2017-08-18 00:00:00+09:00,2016.8359999720126,2020.9104161335722,1982.2034625987558,1990.352294921875,1146400,0.0,0.0
2017-08-21 00:00:00+09:00,2000.5389029947917,2000.5389029947917,1976.0923990885415,1986.2784423828125,436000,0.0,0.0
2017-08-22 00:00:00+09:00,1986.2778632871566,2020.910400390625,1980.1662390924268,2020.910400390625,419600,0.0,0.0
2017-08-23 00:00:00+09:00,2041.282481039724,2051.4685213642733,2008.6871520011655,2020.910400390625,435200,0.0,0.0
2017-08-24 00:00:00+09:00,1996.4639604770073,2016.8360417063645,1986.2779198623286,2004.61279296875,397600,0.0,0.0
2017-08-25 00:00:00+09:00,2020.910358502538,2020.910358502538,1998.5010702530137,2006.64990234375,383600,0.0,0.0
2017-08-28 00:00:00+09:00,2016.8361118861606,2029.059361049107,1994.426821754092,2010.7244873046875,386400,0.0,0.0
2017-08-29 00:00:00+09:00,1998.5015410285926,2010.724792044058,1992.3899155208599,1994.4271240234375,332400,0.0,0.0
2017-08-30 00:00:00+09:00,2022.9481351468655,2043.3202211000062,2010.724883574981,2035.17138671875,474800,0.0,0.0
2017-08-31 00:00:00+09:00,2047.3943271561573,2063.6919934419775,2033.1338691560647,2061.65478515625,563200,0.0,0.0
2017-09-01 00:00:00+09:00,2073.8773907129957,2086.1006366307543,2055.5425218363584,2079.989013671875,468400,0.0,0.0
2017-09-04 00:00:00+09:00,2063.69198719426,2082.0268617102997,2055.54315407602,2071.8408203125,418800,0.0,0.0
2017-09-05 00:00:00+09:00,2082.0266633188176,2102.3987441732093,2059.617374378987,2075.9150390625,566000,0.0,0.0
2017-09-06 00:00:00+09:00,2065.729476928711,2096.2876052856445,2049.4318084716797,2086.1015625,696800,0.0,0.0
2017-09-07 00:00:00+09:00,2104.4359111263575,2169.6265685862254,2098.324286989495,2157.4033203125,2408800,0.0,0.0
2017-09-08 00:00:00+09:00,2134.9943114522594,2143.1431447020773,2084.0641036408983,2096.287353515625,1016000,0.0,0.0
2017-09-11 00:00:00+09:00,2118.6968232665545,2153.3293674930273,2116.6596147826444,2122.771240234375,447200,0.0,0.0
2017-09-12 00:00:00+09:00,2165.552304402632,2236.8545910010257,2165.552304402632,2234.8173828125,1409600,0.0,0.0
2017-09-13 00:00:00+09:00,2257.2265572355122,2281.6730542452833,2251.1149329830696,2267.41259765625,722400,0.0,0.0
2017-09-14 00:00:00+09:00,2265.375205965909,2265.375205965909,2234.8170871803977,2240.9287109375,590400,0.0,0.0
2017-09-15 00:00:00+09:00,2224.6309459058543,2253.15185546875,2216.48211460217,2253.15185546875,661600,0.0,0.0
2017-09-18 00:00:00+09:00,2253.15185546875,2253.15185546875,2253.15185546875,2253.15185546875,0,0.0,0.0
2017-09-19 00:00:00+09:00,2275.561367976729,2295.933448263002,2265.375327833592,2293.896240234375,555600,0.0,0.0
2017-09-20 00:00:00+09:00,2277.598668677406,2312.2312065732162,2273.5242524543696,2302.045166015625,494000,0.0,0.0
2017-09-21 00:00:00+09:00,2332.602885232043,2338.714508512127,2314.268015391791,2320.379638671875,562000,0.0,0.0
2017-09-22 00:00:00+09:00,2342.7894460288708,2371.310361024005,2340.752237814933,2355.0126953125,888000,0.0,0.0
2017-09-25 00:00:00+09:00,2379.4589744269947,2420.2031349480053,2379.4589744269947,2399.8310546875,781200,0.0,0.0
2017-09-26 00:00:00+09:00,2403.9057555379745,2426.3150464794303,2385.570881131329,2414.091796875,606000,0.0,0.0
2017-09-27 00:00:00+09:00,2399.401516544118,2472.852583377101,2383.079057247899,2427.9658203125,687000,4.5,0.2
2017-09-28 00:00:00+09:00,2452.4492142440486,2476.9329002431573,2423.884913911755,2432.046142578125,804600,0.0,0.0
2017-09-29 00:00:00+09:00,2472.8527839957897,2517.7395507019837,2464.691553685572,2513.658935546875,1337000,0.0,0.0
2017-10-02 00:00:00+09:00,2509.5783203917663,2525.9007810122007,2493.2558597713323,2513.658935546875,429800,0.0,0.0
2017-10-03 00:00:00+09:00,2534.06181796875,2562.626121875,2501.41689921875,2550.38427734375,576600,0.0,0.0
2017-10-04 00:00:00+09:00,2689.124982671407,2693.205597212638,2578.9483900581627,2587.109619140625,889200,0.0,0.0
2017-10-05 00:00:00+09:00,2566.707175584709,2599.35209991647,2550.3847134188286,2595.271484375,394600,0.0,0.0
2017-10-06 00:00:00+09:00,2631.9965313749267,2631.9965313749267,2599.3516131563233,2615.674072265625,307600,0.0,0.0
2017-10-09 00:00:00+09:00,2615.674072265625,2615.674072265625,2615.674072265625,2615.674072265625,0,0.0,0.0
2017-10-10 00:00:00+09:00,2595.271484375,2607.5133309994103,2583.0296377505897,2595.271484375,380600,0.0,0.0
2017-10-11 00:00:00+09:00,2587.109437542197,2648.3186513641735,2574.867594777802,2644.238037109375,421600,0.0,0.0
2017-10-12 00:00:00+09:00,2652.3995615953313,2672.802635146065,2623.835258624305,2660.560791015625,404200,0.0,0.0
2017-10-13 00:00:00+09:00,2640.1577174648914,2672.802635146065,2611.5934144938647,2660.560791015625,636200,0.0,0.0
2017-10-16 00:00:00+09:00,2701.367188953218,2750.3345700218565,2693.205958775112,2742.17333984375,771400,0.0,0.0
2017-10-17 00:00:00+09:00,2762.575967691324,2770.737196547133,2705.4473657006615,2717.689208984375,549600,0.0,0.0
2017-10-18 00:00:00+09:00,2701.3666947595607,2734.0116094998575,2664.641165676727,2680.963623046875,752200,0.0,0.0
2017-10-19 00:00:00+09:00,2680.963864566358,2709.528167537385,2652.3995615953313,2660.560791015625,601800,0.0,0.0
2017-10-20 00:00:00+09:00,2644.238475349379,2656.480320142663,2615.674170831716,2627.916015625,559600,0.0,0.0
2017-10-23 00:00:00+09:00,2668.7218278094037,2697.2861287186784,2652.399370146961,2676.883056640625,689600,0.0,0.0
2017-10-24 00:00:00+09:00,2664.6415559699735,2713.6089352527297,2640.157866328596,2709.5283203125,544600,0.0,0.0
2017-10-25 00:00:00+09:00,2734.0119591915245,2750.3344186493846,2680.96396595348,2693.205810546875,481600,0.0,0.0
2017-10-26 00:00:00+09:00,2697.286768774526,2721.770461078077,2660.5612303191997,2664.641845703125,438200,0.0,0.0
2017-10-27 00:00:00+09:00,2685.0443820778382,2689.1249966402665,2656.48008014084,2668.721923828125,532200,0.0,0.0
2017-10-30 00:00:00+09:00,2672.8025383905533,2697.286225765123,2660.5606947032684,2668.721923828125,956000,0.0,0.0
2017-10-31 00:00:00+09:00,2685.044545241272,2856.430367277949,2685.044545241272,2819.704833984375,1456200,0.0,0.0
2017-11-01 00:00:00+09:00,2811.5439449607125,2848.269482703305,2774.81840721812,2831.947021484375,576000,0.0,0.0
2017-11-02 00:00:00+09:00,2840.1072924012697,2893.1552734375,2840.1072924012697,2893.1552734375,845600,0.0,0.0
2017-11-03 00:00:00+09:00,2893.1552734375,2893.1552734375,2893.1552734375,2893.1552734375,0,0.0,0.0
2017-11-06 00:00:00+09:00,2929.8811996715694,2954.364886576903,2893.155669313569,2921.719970703125,587200,0.0,0.0
2017-11-07 00:00:00+09:00,2901.3170474990275,2966.6068826044907,2897.2364328049357,2950.284423828125,561600,0.0,0.0
2017-11-08 00:00:00+09:00,2929.8815432403944,2962.5264629422372,2917.6396983522036,2933.962158203125,452600,0.0,0.0
2017-11-09 00:00:00+09:00,2942.123242660903,3031.8967674022897,2884.994636007293,2946.203857421875,1144200,0.0,0.0
2017-11-10 00:00:00+09:00,2905.397656797861,2933.961959603458,2872.7527393057503,2909.478271484375,681000,0.0,0.0
2017-11-13 00:00:00+09:00,2913.5583430668194,2925.8001848444114,2889.074659511636,2893.1552734375,355800,0.0,0.0
2017-11-14 00:00:00+09:00,2889.0751980518057,2925.8007302304304,2876.833353992264,2909.478271484375,410000,0.0,0.0
2017-11-15 00:00:00+09:00,2884.9944775390622,2893.155706612723,2836.027103097098,2856.43017578125,652400,0.0,0.0
2017-11-16 00:00:00+09:00,2848.269191877216,2884.9947258699026,2831.9467323249114,2876.83349609375,513800,0.0,0.0
2017-11-17 00:00:00+09:00,2933.9618519810265,2958.445539202009,2848.2689467075893,2856.43017578125,756400,0.0,0.0
2017-11-20 00:00:00+09:00,2852.3497035737673,2868.6721625355626,2815.624170909727,2823.785400390625,410200,0.0,0.0
2017-11-21 00:00:00+09:00,2864.590975956453,2925.8001848444114,2864.590975956453,2893.1552734375,408600,0.0,0.0
2017-11-22 00:00:00+09:00,3064.541893943746,3101.267429290608,3011.493898442722,3052.300048828125,1033800,0.0,0.0
2017-11-23 00:00:00+09:00,3052.300048828125,3052.300048828125,3052.300048828125,3052.300048828125,0,0.0,0.0
2017-11-24 00:00:00+09:00,3044.138865994954,3060.4613264024338,2999.252099874385,3007.413330078125,412400,0.0,0.0
2017-11-27 00:00:00+09:00,3048.2194318073552,3048.2194318073552,2962.5265160537347,3011.493896484375,427000,0.0,0.0
2017-11-28 00:00:00+09:00,3015.5739699527417,3019.6545842557903,2974.767826922258,2995.1708984375,355600,0.0,0.0
2017-11-29 00:00:00+09:00,3015.5739699527417,3031.896427164935,2974.767826922258,2995.1708984375,356800,0.0,0.0
2017-11-30 00:00:00+09:00,3011.493489356014,3019.654718324459,2897.236283797791,2921.719970703125,490000,0.0,0.0
2017-12-01 00:00:00+09:00,2970.6879393861454,3007.413477098337,2954.365478180727,2974.7685546875,465400,0.0,0.0
2017-12-04 00:00:00+09:00,2987.0099072535395,3007.412980390517,2946.203760979584,2954.364990234375,348800,0.0,0.0
2017-12-05 00:00:00+09:00,2909.4780711992794,2917.6393000104977,2884.994384765625,2884.994384765625,394400,0.0,0.0
2017-12-06 00:00:00+09:00,2856.430365114796,2868.6722095367168,2791.1405281978864,2799.3017578125,620200,0.0,0.0
2017-12-07 00:00:00+09:00,2799.3020507812503,2844.188818359375,2795.221435546875,2836.027587890625,448400,0.0,0.0
2017-12-08 00:00:00+09:00,2876.8339338986684,2909.478857971277,2864.59208737144,2901.317626953125,729200,0.0,0.0
2017-12-11 00:00:00+09:00,2938.04296875,2942.1235839843753,2905.398046875,2917.639892578125,252600,0.0,0.0
2017-12-12 00:00:00+09:00,2942.1229375634493,2962.526009252516,2884.994336834062,2889.074951171875,320200,0.0,0.0
2017-12-13 00:00:00+09:00,2897.2364161988185,2909.4782602109262,2823.7853521261727,2827.865966796875,407400,0.0,0.0
2017-12-14 00:00:00+09:00,2807.4633289683948,2893.156250346791,2807.4633289683948,2872.753173828125,343000,0.0,0.0
2017-12-15 00:00:00+09:00,2844.188380163627,2889.0751408261804,2823.7853071351933,2852.349609375,388200,0.0,0.0
2017-12-18 00:00:00+09:00,2880.913829533634,2950.284275853849,2872.752600554785,2942.123046875,347400,0.0,0.0
2017-12-19 00:00:00+09:00,2954.3648940577655,2974.76796653054,2933.9618215849905,2962.526123046875,271600,0.0,0.0
2017-12-20 00:00:00+09:00,2974.7679378428356,3068.6220703125,2966.60670893243,3068.6220703125,412400,0.0,0.0
2017-12-21 00:00:00+09:00,3072.7025410026904,3117.5892979097684,3056.380083945571,3080.86376953125,471000,0.0,0.0
2017-12-22 00:00:00+09:00,3101.2669025316973,3150.2342746769345,3089.0250594953877,3137.992431640625,511400,0.0,0.0
2017-12-25 00:00:00+09:00,3121.670361710591,3133.9122062663187,3097.186672599135,3125.7509765625,312400,0.0,0.0
2017-12-26 00:00:00+09:00,3109.4283222273284,3137.9926244000203,3097.186478439032,3121.670166015625,246400,0.0,0.0
2017-12-27 00:00:00+09:00,3089.0249980598096,3121.669912174048,3072.7025410026904,3080.86376953125,259800,0.0,0.0
2017-12-28 00:00:00+09:00,3068.6227052736986,3097.187012370661,3052.300244075434,3056.380859375,186800,0.0,0.0
2017-12-29 00:00:00+09:00,3076.7839358728306,3089.0257817715287,3052.300244075434,3056.380859375,162800,0.0,0.0
2018-01-01 00:00:00+09:00,3056.380859375,3056.380859375,3056.380859375,3056.380859375,0,0.0,0.0
2018-01-02 00:00:00+09:00,3056.380859375,3056.380859375,3056.380859375,3056.380859375,0,0.0,0.0
2018-01-03 00:00:00+09:00,3056.380859375,3056.380859375,3056.380859375,3056.380859375,0,0.0,0.0
2018-01-04 00:00:00+09:00,3113.5093273103544,3154.3154783891273,3109.428712202477,3150.23486328125,466400,0.0,0.0
2018-01-05 00:00:00+09:00,3182.8794427952503,3215.524360157253,3158.3957547737486,3178.798828125,359400,0.0,0.0
2018-01-08 00:00:00+09:00,3178.798828125,3178.798828125,3178.798828125,3178.798828125,0,0.0,0.0
2018-01-09 00:00:00+09:00,3203.2827163889438,3260.411325343651,3199.2021014636075,3223.685791015625,396800,0.0,0.0
2018-01-10 00:00:00+09:00,3215.5242627640846,3231.8467209507044,3174.7181172975356,3186.9599609375,292200,0.0,0.0
2018-01-11 00:00:00+09:00,3182.879738729508,3248.16957952396,3166.5572785308955,3235.927734375,307400,0.0,0.0
2018-01-12 00:00:00+09:00,3219.60498046875,3248.1692832105514,3191.0406777269486,3219.60498046875,483600,0.0,0.0
2018-01-15 00:00:00+09:00,3235.927044452827,3284.8944146084814,3199.2015168360863,3211.443359375,480000,0.0,0.0
2018-01-16 00:00:00+09:00,3211.443851944793,3256.330614805521,3191.040777917189,3252.25,386600,0.0,0.0
2018-01-17 00:00:00+09:00,3223.685840827692,3256.330760734808,3203.2827658857445,3240.00830078125,316200,0.0,0.0
2018-01-18 00:00:00+09:00,3297.136910618703,3321.62060054904,3223.685840827692,3240.00830078125,600600,0.0,0.0
2018-01-19 00:00:00+09:00,3248.16933691651,3264.49179589599,3207.36318946781,3256.33056640625,395800,0.0,0.0
2018-01-22 00:00:00+09:00,3272.652979608792,3280.814208984375,3240.00806210646,3280.814208984375,305800,0.0,0.0
2018-01-23 00:00:00+09:00,3293.0563970857065,3313.45947265625,3284.895166857489,3313.45947265625,412600,0.0,0.0
2018-01-24 00:00:00+09:00,3284.894815307153,3309.378503371554,3203.282521759149,3219.60498046875,579600,0.0,0.0
2018-01-25 00:00:00+09:00,3162.476608516034,3178.7990684309552,3109.428613792539,3117.58984375,588000,0.0,0.0
2018-01-26 00:00:00+09:00,3150.2344160643893,3158.395645121551,3084.944583607096,3105.34765625,407000,0.0,0.0
2018-01-29 00:00:00+09:00,3137.9925829700587,3166.556884765625,3121.6701248011636,3166.556884765625,396400,0.0,0.0
2018-01-30 00:00:00+09:00,3154.315676421916,3158.396291785981,3056.3809076843663,3072.703369140625,364000,0.0,0.0
2018-01-31 00:00:00+09:00,3089.0257817715287,3101.2676276702273,3052.300244075434,3056.380859375,467200,0.0,0.0
2018-02-01 00:00:00+09:00,3162.476369443999,3191.040672135751,3125.750837411746,3178.798828125,578000,0.0,0.0
2018-02-02 00:00:00+09:00,3129.831585555197,3137.9928152437374,3019.654984759903,3064.541748046875,751000,0.0,0.0
2018-02-05 00:00:00+09:00,2958.4458970093797,2974.7683571308107,2913.559131675444,2929.881591796875,627400,0.0,0.0
2018-02-06 00:00:00+09:00,2754.4146512461975,2803.382022823908,2664.641136687062,2766.656494140625,993800,0.0,0.0
2018-02-07 00:00:00+09:00,2889.0749230849005,2901.316765979328,2758.49526554434,2766.656494140625,803400,0.0,0.0
2018-02-08 00:00:00+09:00,2787.0598172919695,2819.7047346248182,2742.173055959302,2807.462890625,526800,0.0,0.0
2018-02-09 00:00:00+09:00,2672.802442225014,2713.6085863811213,2656.4799845625716,2676.883056640625,840200,0.0,0.0
2018-02-12 00:00:00+09:00,2676.883056640625,2676.883056640625,2676.883056640625,2676.883056640625,0,0.0,0.0
2018-02-13 00:00:00+09:00,2729.9313365936277,2729.9313365936277,2603.4322761535645,2611.593505859375,665800,0.0,0.0
2018-02-14 00:00:00+09:00,2599.351357749476,2623.835044007713,2517.73907022202,2554.464599609375,796800,0.0,0.0
2018-02-15 00:00:00+09:00,2611.593555900621,2652.3997052115683,2574.8680215207687,2627.916015625,612600,0.0,0.0
2018-02-16 00:00:00+09:00,2607.512794565932,2668.7220150956487,2595.2709504599884,2619.754638671875,483600,0.0,0.0
2018-02-19 00:00:00+09:00,2648.3191437181845,2705.44775390625,2636.0772986778848,2705.44775390625,439800,0.0,0.0
2018-02-20 00:00:00+09:00,2705.4473575499,2705.4473575499,2644.238141315739,2676.883056640625,397800,0.0,0.0
2018-02-21 00:00:00+09:00,2676.8834488122175,2754.4151340674493,2664.6416037719173,2705.44775390625,488600,0.0,0.0
2018-02-22 00:00:00+09:00,2685.044580817945,2701.367040275805,2656.48027676669,2693.205810546875,459600,0.0,0.0
2018-02-23 00:00:00+09:00,2725.8509765625,2766.65712890625,2717.6897460937503,2754.415283203125,533600,0.0,0.0
2018-02-26 00:00:00+09:00,2803.382419361788,2848.269182990579,2766.6568854836855,2774.818115234375,564800,0.0,0.0
2018-02-27 00:00:00+09:00,2803.382714351247,2860.511328617503,2799.3020990465147,2831.947021484375,507400,0.0,0.0
2018-02-28 00:00:00+09:00,2803.382321712908,2811.543551179321,2770.7374038472553,2782.979248046875,440000,0.0,0.0
2018-03-01 00:00:00+09:00,2758.4956464694656,2766.656876192748,2664.6415046517177,2672.802734375,570200,0.0,0.0
2018-03-02 00:00:00+09:00,2591.190575708317,2615.6742661874505,2566.706885229183,2578.94873046875,807400,0.0,0.0
2018-03-05 00:00:00+09:00,2538.141648739432,2558.544716655344,2509.5773536571555,2534.06103515625,519400,0.0,0.0
2018-03-06 00:00:00+09:00,2603.431932673911,2636.076847190198,2595.270704044839,2599.351318359375,346000,0.0,0.0
2018-03-07 00:00:00+09:00,2583.0296377505897,2623.835793165291,2562.626560043239,2595.271484375,635200,0.0,0.0
2018-03-08 00:00:00+09:00,2636.0771414731084,2640.1577562431903,2554.464846071464,2574.867919921875,534800,0.0,0.0
2018-03-09 00:00:00+09:00,2603.4322761535645,2672.802728652954,2587.109816741943,2611.593505859375,675400,0.0,0.0
2018-03-12 00:00:00+09:00,2693.2058605515813,2729.9313950136484,2676.8834007906626,2709.5283203125,577400,0.0,0.0
2018-03-13 00:00:00+09:00,2668.721780019264,2685.044237389412,2640.157479621504,2680.963623046875,452800,0.0,0.0
2018-03-14 00:00:00+09:00,2640.1572514523987,2729.93075922976,2631.9960234726386,2721.76953125,639400,0.0,0.0
2018-03-15 00:00:00+09:00,2705.4473091020977,2729.9309951573205,2574.8676501409104,2680.963623046875,1039200,0.0,0.0
2018-03-16 00:00:00+09:00,2717.689396957678,2717.689396957678,2648.3189468851847,2660.560791015625,339600,0.0,0.0
2018-03-19 00:00:00+09:00,2627.9160140967333,2660.5609335265062,2599.3517095956818,2607.512939453125,388200,0.0,0.0
2018-03-20 00:00:00+09:00,2570.7872088825534,2599.3515112034706,2554.4647504134578,2583.029052734375,388600,0.0,0.0
2018-03-21 00:00:00+09:00,2583.029052734375,2583.029052734375,2583.029052734375,2583.029052734375,0,0.0,0.0
2018-03-22 00:00:00+09:00,2578.9486349520735,2615.6741693105682,2566.706790165909,2607.512939453125,488200,0.0,0.0
2018-03-23 00:00:00+09:00,2485.094326122387,2485.094326122387,2403.4820329820786,2415.723876953125,1030200,0.0,0.0
2018-03-26 00:00:00+09:00,2374.91782759979,2427.9658203125,2350.4341386554624,2427.9658203125,641000,0.0,0.0
2018-03-27 00:00:00+09:00,2448.3688027697694,2493.2555641538816,2432.0463440846374,2476.93310546875,981200,0.0,0.0
2018-03-28 00:00:00+09:00,2439.8412308940538,2472.8120583385676,2427.4771706023607,2460.447998046875,540200,30.0,0.0
2018-03-29 00:00:00+09:00,2501.6610590118207,2542.874585519429,2497.53970636106,2522.267822265625,530800,0.0,0.0
2018-03-30 00:00:00+09:00,2571.723848093051,2596.4519620170227,2555.2384388104033,2579.966552734375,386800,0.0,0.0
2018-04-02 00:00:00+09:00,2571.724457675971,2596.4525774613167,2546.996337890625,2546.996337890625,261400,0.0,0.0
2018-04-03 00:00:00+09:00,2489.2964700041803,2501.660525318771,2435.7188969742892,2464.568359375,619400,0.0,0.0
2018-04-04 00:00:00+09:00,2481.0546270855402,2501.661393091234,2406.8702694650424,2431.598388671875,682600,0.0,0.0
2018-04-05 00:00:00+09:00,2472.811468537053,2476.9328209846144,2390.384419585818,2419.23388671875,868400,0.0,0.0
2018-04-06 00:00:00+09:00,2431.5983115082577,2468.6904891414347,2382.142074664022,2386.263427734375,665800,0.0,0.0
2018-04-09 00:00:00+09:00,2386.2627939077524,2394.5054978590747,2340.927922175481,2357.413330078125,529400,0.0,0.0
2018-04-10 00:00:00+09:00,2345.049898240546,2472.811843487395,2328.56448595063,2452.205078125,792000,0.0,0.0
2018-04-11 00:00:00+09:00,2493.4187165317157,2518.1468360345098,2485.1760100307843,2489.29736328125,457200,0.0,0.0
2018-04-12 00:00:00+09:00,2452.204795745482,2472.81155873494,2390.3845067771085,2394.505859375,419000,0.0,0.0
2018-04-13 00:00:00+09:00,2427.4769446865826,2493.4185934386796,2419.2342385925704,2456.326416015625,541000,0.0,0.0
2018-04-16 00:00:00+09:00,2452.2048934704158,2476.9330100432267,2415.1127186111994,2435.719482421875,352200,0.0,0.0
2018-04-17 00:00:00+09:00,2431.5984040083827,2448.083816916914,2410.9916378727185,2427.47705078125,293600,0.0,0.0
2018-04-18 00:00:00+09:00,2468.6902378057343,2538.7532328686684,2456.326179853452,2522.267822265625,537400,0.0,0.0
2018-04-19 00:00:00+09:00,2530.5103248864316,2588.2092573756986,2530.5103248864316,2579.966552734375,461600,0.0,0.0
2018-04-20 00:00:00+09:00,2579.966901788419,2579.966901788419,2522.267961492831,2551.117431640625,382600,0.0,0.0
2018-04-23 00:00:00+09:00,2567.602495772389,2592.3306096963606,2555.2384388104033,2579.966552734375,296800,0.0,0.0
2018-04-24 00:00:00+09:00,2596.4519326853197,2666.5149213450823,2588.2092281371124,2658.272216796875,439800,0.0,0.0
2018-04-25 00:00:00+09:00,2604.69482421875,2604.69482421875,2555.2385933791534,2604.69482421875,405800,0.0,0.0
2018-04-26 00:00:00+09:00,2621.180205047319,2629.4229100946372,2600.573442429022,2612.9375,419000,0.0,0.0
2018-04-27 00:00:00+09:00,2588.2097319826553,2596.4524381354663,2530.5107889129786,2584.08837890625,511600,0.0,0.0
2018-04-30 00:00:00+09:00,2584.08837890625,2584.08837890625,2584.08837890625,2584.08837890625,0,0.0,0.0
2018-05-01 00:00:00+09:00,2872.58303549855,2872.58303549855,2699.4862098300578,2798.398681640625,1882600,0.0,0.0
2018-05-02 00:00:00+09:00,2823.126538444968,2851.9760067210477,2794.277070168888,2802.519775390625,704000,0.0,0.0
2018-05-03 00:00:00+09:00,2802.519775390625,2802.519775390625,2802.519775390625,2802.519775390625,0,0.0,0.0
2018-05-04 00:00:00+09:00,2802.519775390625,2802.519775390625,2802.519775390625,2802.519775390625,0,0.0,0.0
2018-05-07 00:00:00+09:00,2806.64146391645,2814.8841701247215,2728.3357549378707,2777.7919921875,570200,0.0,0.0
2018-05-08 00:00:00+09:00,2798.398757708179,2810.7628170205858,2769.5492859792284,2777.7919921875,377800,0.0,0.0
2018-05-09 00:00:00+09:00,2806.641157572248,2823.1265681894124,2773.6703363379193,2794.277099609375,541400,0.0,0.0
2018-05-10 00:00:00+09:00,2839.611830955328,2864.3399455935455,2810.7623638774076,2835.490478515625,516400,0.0,0.0
2018-05-11 00:00:00+09:00,2827.247773636219,2847.8545358347337,2798.3983065582984,2835.490478515625,582600,0.0,0.0
2018-05-14 00:00:00+09:00,2802.520022337464,2876.7043758699265,2794.277316389413,2868.461669921875,425200,0.0,0.0
2018-05-15 00:00:00+09:00,2831.3691943359377,2893.189482421875,2831.3691943359377,2884.94677734375,536000,0.0,0.0
2018-05-16 00:00:00+09:00,2864.3403169478493,2901.4324937140805,2860.218963973824,2868.461669921875,517600,0.0,0.0
2018-05-17 00:00:00+09:00,2905.5537708407633,2909.675123707204,2876.7043007756774,2889.068359375,394800,0.0,0.0
2018-05-18 00:00:00+09:00,2909.674892578125,2913.7962451171875,2847.8546044921873,2884.94677734375,460800,0.0,0.0
2018-05-21 00:00:00+09:00,2868.461595042796,2905.5537708407633,2864.3402421763553,2889.068359375,252400,0.0,0.0
2018-05-22 00:00:00+09:00,2926.160273103633,2942.6456830929487,2876.704043135684,2893.189453125,475000,0.0,0.0
2018-05-23 00:00:00+09:00,2868.461730604227,2905.5539081551433,2847.854965298162,2851.976318359375,580200,0.0,0.0
2018-05-24 00:00:00+09:00,2835.4910138733185,2835.4910138733185,2736.578536645179,2757.185302734375,493600,0.0,0.0
2018-05-25 00:00:00+09:00,2715.972018044721,2728.3360788248947,2670.6371285174196,2691.243896484375,717800,0.0,0.0
2018-05-28 00:00:00+09:00,2699.4862662355413,2740.6997970177636,2645.908676218653,2650.030029296875,416400,0.0,0.0
2018-05-29 00:00:00+09:00,2625.3025063568693,2650.030630435584,2596.4530282650353,2621.18115234375,405200,0.0,0.0
2018-05-30 00:00:00+09:00,2563.481460251862,2571.724165911836,2530.5106376119666,2559.360107421875,709800,0.0,0.0
2018-05-31 00:00:00+09:00,2617.059295510572,2629.4233551744014,2584.0884697403603,2625.302001953125,720800,0.0,0.0
2018-06-01 00:00:00+09:00,2633.544782850477,2687.1223762418017,2629.423429512683,2670.636962890625,675200,0.0,0.0
2018-06-04 00:00:00+09:00,2711.8497959839974,2744.8206141722526,2691.243034616338,2728.335205078125,562000,0.0,0.0
2018-06-05 00:00:00+09:00,2769.548395396707,2773.6697471755706,2720.092174050337,2753.06298828125,517400,0.0,0.0
2018-06-06 00:00:00+09:00,2720.0927962543806,2724.2141489759783,2612.9376254928443,2645.908447265625,905600,0.0,0.0
2018-06-07 00:00:00+09:00,2687.1219665805197,2740.6995518037506,2687.1219665805197,2715.971435546875,535600,0.0,0.0
2018-06-08 00:00:00+09:00,2724.214556281949,2732.4572629575373,2662.3942562150364,2670.636962890625,664200,0.0,0.0
2018-06-11 00:00:00+09:00,2505.7823908730156,2621.1802641369045,2481.054275173611,2596.4521484375,771600,0.0,0.0
2018-06-12 00:00:00+09:00,2633.5444737588205,2633.5444737588205,2551.117416677167,2555.23876953125,764000,0.0,0.0
2018-06-13 00:00:00+09:00,2555.238453125,2588.209271875,2542.87439609375,2575.84521484375,407800,0.0,0.0
2018-06-14 00:00:00+09:00,2538.7535092213116,2563.481627817623,2505.7826844262295,2514.025390625,687000,0.0,0.0
2018-06-15 00:00:00+09:00,2530.5106781107247,2534.6320310066703,2472.8117375674833,2481.054443359375,431000,0.0,0.0
2018-06-18 00:00:00+09:00,2460.4479549878265,2460.4479549878265,2390.3849478943707,2406.870361328125,479000,0.0,0.0
2018-06-19 00:00:00+09:00,2394.506226225049,2443.962464976685,2353.2926939320187,2361.535400390625,542800,0.0,0.0
2018-06-20 00:00:00+09:00,2361.5349524528856,2427.4765916138736,2320.321427977268,2419.23388671875,767400,0.0,0.0
2018-06-21 00:00:00+09:00,2415.1129910998516,2456.32652337118,2394.5062249641874,2427.47705078125,474400,0.0,0.0
2018-06-22 00:00:00+09:00,2378.020721593669,2406.87019308614,2349.1712501011984,2386.263427734375,526600,0.0,0.0
2018-06-25 00:00:00+09:00,2423.355417798913,2435.719476052989,2357.413773777174,2369.77783203125,548800,0.0,0.0
2018-06-26 00:00:00+09:00,2328.5639665216927,2406.8696574312717,2299.7145014497423,2398.626953125,570400,0.0,0.0
2018-06-27 00:00:00+09:00,2402.748730040433,2427.476847330729,2320.321672406113,2349.171142578125,668400,0.0,0.0
2018-06-28 00:00:00+09:00,2340.928558877595,2394.5061491335964,2332.685852684364,2382.14208984375,488200,0.0,0.0
2018-06-29 00:00:00+09:00,2390.3841923528157,2415.1123046875,2349.1706717950083,2415.1123046875,542400,0.0,0.0
2018-07-02 00:00:00+09:00,2390.3844826634277,2419.2339505576415,2320.3214892060514,2332.685546875,708400,0.0,0.0
2018-07-03 00:00:00+09:00,2353.2923096565814,2361.535014769214,2299.71472642447,2332.685546875,522200,0.0,0.0
2018-07-04 00:00:00+09:00,2291.472153066091,2307.957564239228,2270.865389099669,2295.593505859375,551600,0.0,0.0
2018-07-05 00:00:00+09:00,2279.1073810385283,2328.5635990719143,2270.864678032964,2291.471435546875,470600,0.0,0.0
2018-07-06 00:00:00+09:00,2324.4428417623676,2349.1709571002652,2287.3506687555214,2332.685546875,763800,0.0,0.0
2018-07-09 00:00:00+09:00,2336.8072357177734,2378.020767211914,2336.8072357177734,2373.8994140625,427200,0.0,0.0
2018-07-10 00:00:00+09:00,2415.112900472689,2472.811843487395,2410.99154740021,2452.205078125,796000,0.0,0.0
2018-07-11 00:00:00+09:00,2427.4764037876553,2427.4764037876553,2324.442600570862,2402.748291015625,785000,0.0,0.0
2018-07-12 00:00:00+09:00,2406.8702694650424,2439.8410950741522,2365.6567374536544,2431.598388671875,485200,0.0,0.0
2018-07-13 00:00:00+09:00,2522.268173747417,2608.8165914740443,2452.2051689211003,2493.418701171875,1141800,0.0,0.0
2018-07-16 00:00:00+09:00,2493.418701171875,2493.418701171875,2493.418701171875,2493.418701171875,0,0.0,0.0
2018-07-17 00:00:00+09:00,2476.933432533001,2476.933432533001,2382.142302835399,2390.385009765625,801000,0.0,0.0
2018-07-18 00:00:00+09:00,2427.476360854842,2443.961769077965,2415.1123046875,2415.1123046875,378000,0.0,0.0
2018-07-19 00:00:00+09:00,2452.2047607421873,2501.6609912109375,2439.840703125,2472.8115234375,439400,0.0,0.0
2018-07-20 00:00:00+09:00,2497.5400556425084,2497.5400556425084,2398.62757819132,2427.47705078125,568600,0.0,0.0
2018-07-23 00:00:00+09:00,2402.7490701609645,2423.35583748653,2361.535535509833,2390.385009765625,536600,0.0,0.0
2018-07-24 00:00:00+09:00,2419.234253545168,2456.326431197479,2394.506135110294,2452.205078125,472800,0.0,0.0
2018-07-25 00:00:00+09:00,2522.2680512719207,2584.088346646233,2497.539933122196,2526.389404296875,619000,0.0,0.0
2018-07-26 00:00:00+09:00,2551.117662038235,2551.117662038235,2468.6905970289217,2489.29736328125,936000,0.0,0.0
2018-07-27 00:00:00+09:00,2497.539978227459,2526.3894499231556,2476.933212730533,2514.025390625,405800,0.0,0.0
2018-07-30 00:00:00+09:00,2538.75341796875,2551.1174768224937,2518.14665321251,2538.75341796875,486600,0.0,0.0
2018-07-31 00:00:00+09:00,2522.267592120322,2592.330580790331,2514.0248875709094,2588.209228515625,748600,0.0,0.0
2018-08-01 00:00:00+09:00,2559.360092506531,2600.573620566218,2534.6319756707194,2563.4814453125,776400,0.0,0.0
2018-08-02 00:00:00+09:00,2546.996261873198,2571.7243809205106,2485.1759642549164,2501.661376953125,617800,0.0,0.0
2018-08-03 00:00:00+09:00,2522.268218105279,2551.1176911881826,2505.7828049150485,2546.996337890625,407800,0.0,0.0
2018-08-06 00:00:00+09:00,2518.1466681751776,2551.117491981072,2514.025315199441,2534.632080078125,256000,0.0,0.0
2018-08-07 00:00:00+09:00,2546.9962012186006,2600.573791211872,2542.874848142195,2584.08837890625,386600,0.0,0.0
2018-08-08 00:00:00+09:00,2625.3014701843263,2715.9712226867678,2625.3014701843263,2637.66552734375,1129800,0.0,0.0
2018-08-09 00:00:00+09:00,2629.423263905764,2662.394088531542,2592.3310862017643,2650.030029296875,469800,0.0,0.0
2018-08-10 00:00:00+09:00,2658.272575341561,2658.272575341561,2555.238754591888,2559.360107421875,760800,0.0,0.0
2018-08-13 00:00:00+09:00,2518.1464013671875,2530.510458984375,2460.4474658203126,2472.8115234375,493200,0.0,0.0
2018-08-14 00:00:00+09:00,2514.025315199441,2538.7534330538615,2505.7826092479672,2534.632080078125,496800,0.0,0.0
2018-08-15 00:00:00+09:00,2575.845718383789,2588.2097778320312,2489.2973022460938,2505.78271484375,487200,0.0,0.0
2018-08-16 00:00:00+09:00,2464.5690211972437,2559.360137397138,2431.5981981711934,2551.117431640625,633200,0.0,0.0
2018-08-17 00:00:00+09:00,2579.96673797123,2612.93755890377,2546.9959170386905,2596.4521484375,482000,0.0,0.0
2018-08-20 00:00:00+09:00,2621.180249294275,2637.665659667195,2596.452133734895,2600.573486328125,465800,0.0,0.0
2018-08-21 00:00:00+09:00,2579.9666653850886,2629.4228953924703,2575.8453128844735,2617.058837890625,526200,0.0,0.0
2018-08-22 00:00:00+09:00,2617.0588623046874,2691.2432080078124,2584.0880419921873,2678.879150390625,643400,0.0,0.0
2018-08-23 00:00:00+09:00,2699.486878593013,2699.486878593013,2612.9384443175118,2621.18115234375,480800,0.0,0.0
2018-08-24 00:00:00+09:00,2645.908305394931,2650.0296578955463,2596.452075387549,2617.058837890625,451000,0.0,0.0
2018-08-27 00:00:00+09:00,2641.7869775390627,2695.364560546875,2621.18021484375,2678.879150390625,344200,0.0,0.0
2018-08-28 00:00:00+09:00,2707.7286181640625,2740.6994384765626,2674.7577978515624,2678.879150390625,409600,0.0,0.0
2018-08-29 00:00:00+09:00,2695.3652500777657,2720.0933716381123,2683.0011892975926,2691.243896484375,389000,0.0,0.0
2018-08-30 00:00:00+09:00,2732.45692149871,2757.1850384353497,2666.5152763343367,2695.36474609375,656800,0.0,0.0
2018-08-31 00:00:00+09:00,2633.544389100832,2666.5152108736124,2608.816272771247,2645.908447265625,528400,0.0,0.0
2018-09-03 00:00:00+09:00,2625.3014282616564,2629.422780582318,2567.602495772389,2579.966552734375,436000,0.0,0.0
2018-09-04 00:00:00+09:00,2588.209428548435,2629.422954480735,2579.9667233619753,2600.573486328125,400200,0.0,0.0
2018-09-05 00:00:00+09:00,2571.7242721905536,2579.9669781911643,2481.054506183835,2530.5107421875,669200,0.0,0.0
2018-09-06 00:00:00+09:00,2518.146469614864,2538.7532328686684,2497.53970636106,2522.267822265625,374800,0.0,0.0
2018-09-07 00:00:00+09:00,2476.9332427978516,2481.0545959472656,2431.598358154297,2439.841064453125,545400,0.0,0.0
2018-09-10 00:00:00+09:00,2410.9915924072266,2468.6905364990234,2410.9915924072266,2439.841064453125,370200,0.0,0.0
2018-09-11 00:00:00+09:00,2481.0543326109296,2489.297038034886,2431.59810006719,2443.962158203125,323800,0.0,0.0
2018-09-12 00:00:00+09:00,2419.2339810851618,2423.355333693484,2299.7147554438166,2324.44287109375,995800,0.0,0.0
2018-09-13 00:00:00+09:00,2332.685360077013,2345.0494167558663,2283.229133361599,2316.199951171875,1006400,0.0,0.0
2018-09-14 00:00:00+09:00,2353.2928088522035,2481.0547651996962,2345.0501019910753,2460.447998046875,1058800,0.0,0.0
2018-09-17 00:00:00+09:00,2460.447998046875,2460.447998046875,2460.447998046875,2460.447998046875,0,0.0,0.0
2018-09-18 00:00:00+09:00,2378.0209294355896,2472.8120583385676,2353.2928088522035,2460.447998046875,1394200,0.0,0.0
2018-09-19 00:00:00+09:00,2542.874710969002,2584.0882395098283,2518.146593844506,2555.23876953125,726200,0.0,0.0
2018-09-20 00:00:00+09:00,2596.452229182917,2666.5152258434086,2596.452229182917,2641.787109375,906600,0.0,0.0
2018-09-21 00:00:00+09:00,2666.515606615917,2744.82131994776,2658.272899949407,2736.57861328125,794200,0.0,0.0
2018-09-24 00:00:00+09:00,2736.57861328125,2736.57861328125,2736.57861328125,2736.57861328125,0,0.0,0.0
2018-09-25 00:00:00+09:00,2728.3352054566376,2728.3352054566376,2633.5441031522532,2658.272216796875,721400,0.0,0.0
2018-09-26 00:00:00+09:00,2666.5926681518554,2704.0331268310547,2629.1522094726565,2662.4326171875,593200,30.0,0.0
2018-09-27 00:00:00+09:00,2633.3126039641897,2658.2729130065045,2600.03219190777,2608.352294921875,616000,0.0,0.0
2018-09-28 00:00:00+09:00,2670.7529970099545,2699.873356790437,2608.352226051778,2624.992431640625,840000,0.0,0.0
2018-10-01 00:00:00+09:00,2641.6323623657227,2662.4326171875,2600.031852722168,2662.4326171875,480400,0.0,0.0
2018-10-02 00:00:00+09:00,2704.033412816334,2753.954029668328,2687.393207199003,2712.353515625,749000,0.0,0.0
2018-10-03 00:00:00+09:00,2687.39278303554,2699.8729352787395,2654.112377053676,2666.592529296875,453800,0.0,0.0
2018-10-04 00:00:00+09:00,2654.1128275169517,2716.5135993237764,2641.6326731555864,2645.792724609375,652000,0.0,0.0
2018-10-05 00:00:00+09:00,2641.632637229472,2670.7529970099545,2587.5519690657193,2624.992431640625,559200,0.0,0.0
2018-10-08 00:00:00+09:00,2624.992431640625,2624.992431640625,2624.992431640625,2624.992431640625,0,0.0,0.0
2018-10-09 00:00:00+09:00,2570.9118297881832,2575.071881292695,2525.151263238555,2550.111572265625,620400,0.0,0.0
2018-10-10 00:00:00+09:00,2558.4309639835988,2575.0711653753624,2487.710108068605,2512.67041015625,687200,0.0,0.0
2018-10-11 00:00:00+09:00,2387.8692878580173,2450.2700532201607,2379.5491858097316,2441.949951171875,1125000,0.0,0.0
2018-10-12 00:00:00+09:00,2466.910374629033,2575.0717064002893,2450.2701697411476,2562.591552734375,1247400,0.0,0.0
2018-10-15 00:00:00+09:00,2525.150907484584,2541.791111158288,2479.3903473818978,2487.71044921875,826600,0.0,0.0
2018-10-16 00:00:00+09:00,2462.750025201613,2583.391496030746,2458.589974483367,2579.2314453125,661800,0.0,0.0
2018-10-17 00:00:00+09:00,2591.7119112881746,2612.5121673980316,2545.9513478464896,2562.591552734375,1028800,0.0,0.0
2018-10-18 00:00:00+09:00,2558.4310474134472,2558.4310474134472,2412.8292804874786,2429.469482421875,1312800,0.0,0.0
2018-10-19 00:00:00+09:00,2387.8698000133545,2441.950474926549,2354.589384682158,2433.63037109375,783200,0.0,0.0
2018-10-22 00:00:00+09:00,2404.5098697805565,2446.110386558767,2367.0694046801673,2437.790283203125,546400,0.0,0.0
2018-10-23 00:00:00+09:00,2421.1503623560857,2433.630518863076,2362.909631990132,2371.229736328125,635800,0.0,0.0
2018-10-24 00:00:00+09:00,2383.7092242021863,2392.0293262063824,2333.78861217701,2354.5888671875,583000,0.0,0.0
2018-10-25 00:00:00+09:00,2271.387939453125,2292.188195308923,2213.147223056891,2271.387939453125,755800,0.0,0.0
2018-10-26 00:00:00+09:00,2279.7078636704337,2300.508117901003,2208.9869992864965,2254.74755859375,856200,0.0,0.0
2018-10-29 00:00:00+09:00,2267.227857984938,2325.4685736028996,2267.227857984938,2308.828369140625,794600,0.0,0.0
2018-10-30 00:00:00+09:00,2208.9871748912183,2325.468607842168,2208.9871748912183,2300.50830078125,1703400,0.0,0.0
2018-10-31 00:00:00+09:00,2300.5083401030142,2367.0691600698287,2300.5083401030142,2350.428955078125,794600,0.0,0.0
2018-11-01 00:00:00+09:00,2350.428955078125,2383.709365061532,2342.1088525822734,2350.428955078125,783000,0.0,0.0
2018-11-02 00:00:00+09:00,2379.5493284725085,2558.4315332353017,2371.229225925402,2525.151123046875,1257800,0.0,0.0
2018-11-05 00:00:00+09:00,2496.0307276526164,2550.1113934184227,2479.3905228015988,2504.350830078125,657400,0.0,0.0
2018-11-06 00:00:00+09:00,2512.6712834915056,2533.471542460806,2466.9107137590445,2479.390869140625,566000,0.0,0.0
2018-11-07 00:00:00+09:00,2496.0306872351694,2562.5915055614405,2441.950022345074,2454.43017578125,692200,0.0,0.0
2018-11-08 00:00:00+09:00,2537.631191677517,2550.11134507921,2383.709299723307,2396.189453125,1043600,0.0,0.0
2018-11-09 00:00:00+09:00,2392.0292476955938,2404.5094002922665,2300.5081286533273,2312.98828125,928200,0.0,0.0
2018-11-12 00:00:00+09:00,2292.1884416852677,2350.4291643415177,2275.5482352120534,2329.62890625,593800,0.0,0.0
2018-11-13 00:00:00+09:00,2267.22826971524,2300.508684683537,2213.147595391757,2296.3486328125,776000,0.0,0.0
2018-11-14 00:00:00+09:00,2304.668179518885,2329.62848471223,2263.0676708633096,2312.98828125,539400,0.0,0.0
2018-11-15 00:00:00+09:00,2283.867925191097,2342.108637308903,2283.867925191097,2312.98828125,497400,0.0,0.0
2018-11-16 00:00:00+09:00,2292.188119005801,2312.988374169193,2221.467251450268,2229.787353515625,628400,0.0,0.0
2018-11-19 00:00:00+09:00,2246.4273846967767,2288.027891820791,2238.1072832719738,2242.267333984375,307400,0.0,0.0
2018-11-20 00:00:00+09:00,2192.3470310674647,2229.7874926985983,2171.5467746057243,2225.62744140625,463400,0.0,0.0
2018-11-21 00:00:00+09:00,2171.5469786574718,2246.4279089560055,2163.226875290968,2233.94775390625,475000,0.0,0.0
2018-11-22 00:00:00+09:00,2238.107558225236,2258.907814342571,2192.346994767099,2204.8271484375,471800,0.0,0.0
2018-11-23 00:00:00+09:00,2204.8271484375,2204.8271484375,2204.8271484375,2204.8271484375,0,0.0,0.0
2018-11-26 00:00:00+09:00,2188.1866747231566,2250.587435409178,2175.706522585952,2242.267333984375,572200,0.0,0.0
2018-11-27 00:00:00+09:00,2258.907609439864,2279.7078636704337,2221.4671518248383,2254.74755859375,394200,0.0,0.0
2018-11-28 00:00:00+09:00,2267.227726829624,2346.268693453042,2263.067675954707,2342.108642578125,531200,0.0,0.0
2018-11-29 00:00:00+09:00,2371.229282432879,2404.5096934143926,2354.5890769421217,2362.9091796875,437800,0.0,0.0
2018-11-30 00:00:00+09:00,2358.7490575739766,2367.0691600698287,2342.1088525822734,2350.428955078125,337200,0.0,0.0
2018-12-03 00:00:00+09:00,2400.349129036681,2466.909936774267,2392.029028069483,2429.469482421875,600400,0.0,0.0
2018-12-04 00:00:00+09:00,2441.950015597873,2471.0703735351562,2379.5492485894097,2396.189453125,726000,0.0,0.0
2018-12-05 00:00:00+09:00,2337.9488013343475,2379.549313813606,2325.4686475905696,2350.428955078125,513600,0.0,0.0
2018-12-06 00:00:00+09:00,2308.8284031348894,2333.7887101958067,2267.227891366693,2300.50830078125,686200,0.0,0.0
2018-12-07 00:00:00+09:00,2288.0280721253453,2300.5082252460293,2229.7873575621547,2258.90771484375,602800,0.0,0.0
2018-12-10 00:00:00+09:00,2217.30712890625,2233.947332500293,2171.5465690226315,2217.30712890625,557200,0.0,0.0
2018-12-11 00:00:00+09:00,2208.98672473477,2221.4668757219724,2121.625667824356,2138.265869140625,756200,0.0,0.0
2018-12-12 00:00:00+09:00,2159.0659295723917,2221.4666789819985,2129.945579847909,2188.186279296875,705200,0.0,0.0
2018-12-13 00:00:00+09:00,2217.306746693586,2250.5871481448967,2179.8662950608614,2221.466796875,497400,0.0,0.0
2018-12-14 00:00:00+09:00,2192.3469544635313,2208.98715905149,2138.2662895526664,2154.906494140625,760600,0.0,0.0
2018-12-17 00:00:00+09:00,2159.0664349724266,2192.3468424479165,2117.465925628064,2121.6259765625,489400,0.0,0.0
2018-12-18 00:00:00+09:00,2063.3856371389443,2121.626360767866,2055.065533763384,2088.345947265625,641400,0.0,0.0
2018-12-19 00:00:00+09:00,2100.8257218903186,2146.5862821691176,2073.785390816483,2121.6259765625,550000,0.0,0.0
2018-12-20 00:00:00+09:00,2088.3455787283724,2113.3058844502257,2057.145196576056,2073.785400390625,721200,0.0,0.0
2018-12-21 00:00:00+09:00,2040.5049927614875,2100.8257315892993,2034.2649163310243,2073.785400390625,859400,0.0,0.0
2018-12-24 00:00:00+09:00,2073.785400390625,2073.785400390625,2073.785400390625,2073.785400390625,0,0.0,0.0
2018-12-25 00:00:00+09:00,2015.5444991382674,2036.3447519673516,1986.4241451775495,1998.904296875,744000,0.0,0.0
2018-12-26 00:00:00+09:00,2057.145263671875,2092.505697931149,1998.9045484213063,2057.145263671875,1366600,0.0,0.0
2018-12-27 00:00:00+09:00,2150.746651513767,2159.0667546144005,2109.1461360105995,2134.1064453125,895800,0.0,0.0
2018-12-28 00:00:00+09:00,2138.26567976919,2229.7867789032794,2129.945579847909,2188.186279296875,1045200,0.0,0.0
2018-12-31 00:00:00+09:00,2188.186279296875,2188.186279296875,2188.186279296875,2188.186279296875,0,0.0,0.0
2019-01-04 00:00:00+09:00,2092.505115139869,2096.6651650705644,2013.4641664566532,2063.384765625,804800,0.0,0.0
2019-01-07 00:00:00+09:00,2154.9060704568947,2229.7869763801073,2138.265869140625,2138.265869140625,1114600,0.0,0.0
2019-01-08 00:00:00+09:00,2125.785927942557,2171.5464860783068,2088.3454712860344,2146.586181640625,1182000,0.0,0.0
2019-01-09 00:00:00+09:00,2154.9060704568947,2159.066120785962,2084.1852148627495,2138.265869140625,960200,0.0,0.0
2019-01-10 00:00:00+09:00,2125.7862357866643,2129.946287128713,2092.5058250502784,2100.825927734375,577000,0.0,0.0
2019-01-11 00:00:00+09:00,2109.146034196622,2179.866907138126,2109.146034196622,2159.066650390625,656800,0.0,0.0
2019-01-15 00:00:00+09:00,2129.9461287313434,2238.107455580982,2125.786077698665,2229.787353515625,554400,0.0,0.0
2019-01-16 00:00:00+09:00,2242.267751192551,2246.4278026789934,2175.7069274094697,2200.667236328125,355400,0.0,0.0
2019-01-17 00:00:00+09:00,2229.7872816017825,2263.067688789869,2213.1470780077393,2217.30712890625,436200,0.0,0.0
2019-01-18 00:00:00+09:00,2233.9474086023824,2267.227816924206,2221.467255481699,2258.90771484375,366600,0.0,0.0
2019-01-21 00:00:00+09:00,2300.50816196483,2342.1086712227834,2288.028009187444,2304.668212890625,536400,0.0,0.0
2019-01-22 00:00:00+09:00,2296.3472900390625,2312.9874877929688,2254.746795654297,2263.06689453125,339600,0.0,0.0
2019-01-23 00:00:00+09:00,2229.7864990234375,2283.867141723633,2213.1463012695312,2263.06689453125,344200,0.0,0.0
2019-01-24 00:00:00+09:00,2254.7473229024363,2308.827978248805,2246.427222079918,2283.86767578125,379800,0.0,0.0
2019-01-25 00:00:00+09:00,2283.8679303292906,2362.908896952709,2283.8679303292906,2342.108642578125,560200,0.0,0.0
2019-01-28 00:00:00+09:00,2367.069125812941,2396.189484126984,2350.428921062059,2358.7490234375,333800,0.0,0.0
2019-01-29 00:00:00+09:00,2300.50830078125,2304.6683519580697,2250.5876866594144,2300.50830078125,754400,0.0,0.0
2019-01-30 00:00:00+09:00,2317.148539852966,2325.4686423299963,2275.548027467814,2292.188232421875,479800,0.0,0.0
2019-01-31 00:00:00+09:00,2279.7079120710787,2342.108676087623,2275.547861136642,2333.78857421875,784800,0.0,0.0
2019-02-01 00:00:00+09:00,2446.10986328125,2479.3902695843963,2400.349304614424,2446.10986328125,975400,0.0,0.0
2019-02-04 00:00:00+09:00,2462.750278072034,2475.2304315082097,2433.6299200542903,2454.43017578125,723400,0.0,0.0
2019-02-05 00:00:00+09:00,2454.429678287146,2454.429678287146,2425.309326171875,2425.309326171875,491400,0.0,0.0
2019-02-06 00:00:00+09:00,2454.4303508720013,2479.390659524937,2450.270299429845,2471.070556640625,559200,0.0,0.0
2019-02-07 00:00:00+09:00,2454.429678287146,2466.909829193691,2404.509074660967,2425.309326171875,413600,0.0,0.0
2019-02-08 00:00:00+09:00,2371.2290326286766,2371.2290326286766,2312.9883195465686,2333.78857421875,813800,0.0,0.0
2019-02-12 00:00:00+09:00,2371.2288148941534,2466.9099776004086,2362.9087137892616,2450.269775390625,724000,0.0,0.0
2019-02-13 00:00:00+09:00,2471.0706612723216,2520.991280691964,2466.9106096540177,2475.230712890625,621800,0.0,0.0
2019-02-14 00:00:00+09:00,2458.590226926642,2471.070380362818,2425.3098177635065,2454.43017578125,425200,0.0,0.0
2019-02-15 00:00:00+09:00,2425.3096369346395,2446.1098911107515,2400.3493319233053,2408.66943359375,471600,0.0,0.0
2019-02-18 00:00:00+09:00,2491.8702957381065,2516.8305992012592,2475.2300934293376,2508.510498046875,480000,0.0,0.0
2019-02-19 00:00:00+09:00,2500.190987489531,2508.5110906092964,2479.390729690117,2483.55078125,304400,0.0,0.0
2019-02-20 00:00:00+09:00,2504.350447469683,2525.1507003556435,2491.8702957381065,2508.510498046875,403200,0.0,0.0
2019-02-21 00:00:00+09:00,2487.710661584895,2533.4712255939817,2483.5506103113416,2525.151123046875,570600,0.0,0.0
2019-02-22 00:00:00+09:00,2520.9911775914634,2562.5916920731706,2508.5110232469515,2558.431640625,539600,0.0,0.0
2019-02-25 00:00:00+09:00,2579.231757622261,2608.3521161760605,2558.431501512404,2562.591552734375,425400,0.0,0.0
2019-02-26 00:00:00+09:00,2583.391808844232,2595.871962510146,2550.1113990684607,2562.591552734375,381200,0.0,0.0
2019-02-27 00:00:00+09:00,2562.5916920731706,2587.5520007621953,2541.791434832317,2558.431640625,362000,0.0,0.0
2019-02-28 00:00:00+09:00,2570.9111980226994,2570.9111980226994,2529.3106932003257,2554.27099609375,421800,0.0,0.0
2019-03-01 00:00:00+09:00,2545.9514862804876,2575.071846417683,2529.311280487805,2558.431640625,412800,0.0,0.0
2019-03-04 00:00:00+09:00,2579.2315557200436,2620.8320646832703,2579.2315557200436,2612.511962890625,328400,0.0,0.0
2019-03-05 00:00:00+09:00,2587.5515467489918,2616.6719017767136,2566.751293157762,2579.2314453125,279800,0.0,0.0
2019-03-06 00:00:00+09:00,2570.91176037657,2600.032120121936,2566.751708984375,2566.751708984375,409400,0.0,0.0
2019-03-07 00:00:00+09:00,2541.790844647038,2566.751147540462,2520.990592235851,2554.27099609375,586800,0.0,0.0
2019-03-08 00:00:00+09:00,2537.6309806149025,2537.6309806149025,2429.469660129677,2446.10986328125,983200,0.0,0.0
2019-03-11 00:00:00+09:00,2450.270368770938,2487.7108328098825,2425.3100594116413,2483.55078125,271000,0.0,0.0
2019-03-12 00:00:00+09:00,2471.0706265703516,2504.351039049414,2450.270368770938,2483.55078125,539000,0.0,0.0
2019-03-13 00:00:00+09:00,2458.5906101713244,2529.311490666946,2454.4305583774644,2479.390869140625,411600,0.0,0.0
2019-03-14 00:00:00+09:00,2425.3104145250823,2446.110675370066,2358.749579821135,2371.229736328125,743400,0.0,0.0
2019-03-15 00:00:00+09:00,2396.189281088083,2429.469687769862,2383.709128582416,2408.66943359375,765200,0.0,0.0
2019-03-18 00:00:00+09:00,2425.3094397736886,2471.0699952411164,2425.3094397736886,2458.58984375,262000,0.0,0.0
2019-03-19 00:00:00+09:00,2466.9099447440776,2483.5501467322333,2446.109692258883,2458.58984375,224200,0.0,0.0
2019-03-20 00:00:00+09:00,2433.6299200542903,2458.590226926642,2421.1497666181144,2454.43017578125,387200,0.0,0.0
2019-03-22 00:00:00+09:00,2491.870500137176,2496.030551055602,2446.1099400344897,2487.71044921875,286000,0.0,0.0
2019-03-25 00:00:00+09:00,2412.8294452308364,2416.9894959984754,2362.9088360191636,2387.869140625,286000,0.0,0.0
2019-03-26 00:00:00+09:00,2429.4702476143034,2483.550920934485,2416.9900922327233,2479.390869140625,286400,0.0,0.0
2019-03-27 00:00:00+09:00,2498.3169182899014,2527.7583634549337,2494.1109975520394,2506.728759765625,375400,32.5,0.0
2019-03-28 00:00:00+09:00,2494.111194507496,2502.5230366474875,2464.6697470175254,2489.9052734375,264200,0.0,0.0
2019-03-29 00:00:00+09:00,2515.140758686352,2527.7585216897955,2485.699311678318,2519.3466796875,384000,0.0,0.0
2019-04-01 00:00:00+09:00,2510.935038047262,2607.6712287928012,2510.935038047262,2548.788330078125,510600,0.0,0.0
2019-04-02 00:00:00+09:00,2616.0828973026187,2632.906581529645,2611.876976245862,2620.288818359375,407600,0.0,0.0
2019-04-03 00:00:00+09:00,2616.082907128149,2721.2309339419817,2616.082907128149,2712.819091796875,597000,0.0,0.0
2019-04-04 00:00:00+09:00,2733.8483645592205,2788.525331850405,2717.0246823157795,2725.4365234375,483600,0.0,0.0
2019-04-05 00:00:00+09:00,2754.877967363522,2754.877967363522,2700.201000072338,2725.4365234375,532400,0.0,0.0
2019-04-08 00:00:00+09:00,2717.0246095271127,2733.84829131985,2679.171325493453,2700.200927734375,164600,0.0,0.0
2019-04-09 00:00:00+09:00,2679.171897541936,2712.819268311693,2662.348212157057,2687.583740234375,230400,0.0,0.0
2019-04-10 00:00:00+09:00,2624.494432971736,2649.7299563656948,2607.6707507090964,2641.318115234375,318400,0.0,0.0
2019-04-11 00:00:00+09:00,2649.730177809255,2658.14201964357,2620.2887313891524,2632.906494140625,337200,0.0,0.0
2019-04-12 00:00:00+09:00,2628.700292505924,2674.9654176540284,2607.6706901658767,2662.34765625,660000,0.0,0.0
2019-04-15 00:00:00+09:00,2725.43687813949,2742.26056257245,2691.7895092735707,2721.23095703125,396400,0.0,0.0
2019-04-16 00:00:00+09:00,2717.0244140625,2733.8480946449304,2687.582973043247,2717.0244140625,278000,0.0,0.0
2019-04-17 00:00:00+09:00,2733.8483511403633,2792.7312387033867,2733.8483511403633,2763.289794921875,639000,0.0,0.0
2019-04-18 00:00:00+09:00,2763.289808485243,2780.1134907286846,2725.4365234375,2725.4365234375,311200,0.0,0.0
2019-04-19 00:00:00+09:00,2788.525634765625,2796.937476801117,2775.907871712387,2788.525634765625,380200,0.0,0.0
2019-04-22 00:00:00+09:00,2796.93718361746,2805.349024771197,2759.0838984256447,2771.70166015625,354400,0.0,0.0
2019-04-23 00:00:00+09:00,2775.9075807331183,2775.9075807331183,2721.2306132338294,2771.70166015625,341000,0.0,0.0
2019-04-24 00:00:00+09:00,2792.7316628264207,2792.7316628264207,2738.0546875,2738.0546875,463600,0.0,0.0
2019-04-25 00:00:00+09:00,2725.4371230290653,2771.702259376781,2700.2015941121294,2767.496337890625,351600,0.0,0.0
2019-04-26 00:00:00+09:00,2733.8487663210444,2763.2902145737326,2691.78955453149,2738.0546875,667200,0.0,0.0
2019-05-07 00:00:00+09:00,2712.8190090977005,2712.8190090977005,2590.847301711912,2595.05322265625,785800,0.0,0.0
2019-05-08 00:00:00+09:00,2574.0234375,2595.053040747549,2540.376072303922,2574.0234375,697200,0.0,0.0
2019-05-09 00:00:00+09:00,2569.8175071170444,2574.023427750624,2519.346459514091,2527.75830078125,506400,0.0,0.0
2019-05-10 00:00:00+09:00,2531.9645120415803,2578.22964432141,2506.728985343492,2544.582275390625,573800,0.0,0.0
2019-05-13 00:00:00+09:00,2531.9643480329946,2531.9643480329946,2473.081456218274,2485.69921875,387600,0.0,0.0
2019-05-14 00:00:00+09:00,2414.1985802929016,2460.4637098803964,2397.37489680654,2447.845947265625,642000,0.0,0.0
2019-05-15 00:00:00+09:00,2485.699329233978,2489.9052502648306,2431.022355832892,2481.493408203125,311600,0.0,0.0
2019-05-16 00:00:00+09:00,2468.8753567213726,2473.081277260932,2363.7273432323873,2380.551025390625,708400,0.0,0.0
2019-05-17 00:00:00+09:00,2431.02216915968,2452.0517726991234,2397.37480349657,2414.198486328125,420400,0.0,0.0
2019-05-20 00:00:00+09:00,2409.992917749805,2431.022524361933,2355.315940558274,2363.727783203125,289800,0.0,0.0
2019-05-21 00:00:00+09:00,2342.6981121514,2393.16916663222,2321.668506117725,2384.75732421875,403800,0.0,0.0
2019-05-22 00:00:00+09:00,2422.6105447860964,2447.8460712942847,2351.109886346229,2359.521728515625,476200,0.0,0.0
2019-05-23 00:00:00+09:00,2317.462233673039,2321.6681542423185,2250.167504564566,2258.579345703125,566400,0.0,0.0
2019-05-24 00:00:00+09:00,2233.3436055086095,2275.4028071189414,2195.490324059311,2266.990966796875,543200,0.0,0.0
2019-05-27 00:00:00+09:00,2283.815068744137,2292.2269106179647,2224.9321756273453,2241.755859375,354200,0.0,0.0
2019-05-28 00:00:00+09:00,2241.755859375,2254.373622185741,2203.902570942777,2241.755859375,525400,0.0,0.0
2019-05-29 00:00:00+09:00,2208.1085551868787,2224.932239416874,2170.2552656693892,2220.726318359375,669600,0.0,0.0
2019-05-30 00:00:00+09:00,2241.755445830676,2266.990966796875,2224.931765186543,2266.990966796875,300200,0.0,0.0
2019-05-31 00:00:00+09:00,2241.7555908662903,2262.7851930320153,2216.52006826742,2233.34375,513800,0.0,0.0
2019-06-03 00:00:00+09:00,2170.2556617601917,2170.2556617601917,2119.784599858792,2140.814208984375,562200,0.0,0.0
2019-06-04 00:00:00+09:00,2128.195965106671,2195.49069918119,2123.990044227013,2187.078857421875,447000,0.0,0.0
2019-06-05 00:00:00+09:00,2271.197265625,2279.609107349537,2250.1676613136574,2271.197265625,551400,0.0,0.0
2019-06-06 00:00:00+09:00,2229.138360642295,2245.9620463829915,2203.90283203125,2203.90283203125,457400,0.0,0.0
2019-06-07 00:00:00+09:00,2216.52053042666,2245.9619795974127,2212.3146091165527,2224.932373046875,365600,0.0,0.0
2019-06-10 00:00:00+09:00,2283.815497302655,2292.2273407549665,2245.9622017672514,2262.785888671875,547600,0.0,0.0
2019-06-11 00:00:00+09:00,2258.579812521463,2304.844948345925,2250.167969644288,2296.43310546875,394200,0.0,0.0
2019-06-12 00:00:00+09:00,2275.4028071189414,2317.462008729273,2245.961365991709,2266.990966796875,447000,0.0,0.0
2019-06-13 00:00:00+09:00,2241.755969972539,2241.755969972539,2199.696758528401,2237.550048828125,612200,0.0,0.0
2019-06-14 00:00:00+09:00,2216.5202399553573,2224.932081473214,2166.049190848214,2208.1083984375,722600,0.0,0.0
2019-06-17 00:00:00+09:00,2195.4904178279176,2220.7259398719166,2166.048975443252,2216.52001953125,407200,0.0,0.0
2019-06-18 00:00:00+09:00,2212.314674901598,2237.5502035126433,2195.490989160902,2203.90283203125,261200,0.0,0.0
2019-06-19 00:00:00+09:00,2275.4031864872686,2321.668315972222,2271.197265625,2271.197265625,681600,0.0,0.0
2019-06-20 00:00:00+09:00,2271.197202909977,2300.638648132884,2241.75575768707,2292.226806640625,426600,0.0,0.0
2019-06-21 00:00:00+09:00,2296.4326308266413,2309.0503925344797,2250.167504564566,2258.579345703125,465200,0.0,0.0
2019-06-24 00:00:00+09:00,2250.1678163307147,2292.227027850915,2245.9618951786947,2283.815185546875,215200,0.0,0.0
2019-06-25 00:00:00+09:00,2313.2560885682396,2321.667928890306,2254.3732063137754,2266.990966796875,416600,0.0,0.0
2019-06-26 00:00:00+09:00,2241.755663426007,2271.197107410964,2241.755663426007,2258.579345703125,333800,0.0,0.0
2019-06-27 00:00:00+09:00,2288.0209402901787,2384.7571197509765,2283.815019444057,2355.315673828125,711800,0.0,0.0
2019-06-28 00:00:00+09:00,2359.5216349210273,2372.139397674616,2304.844662988811,2325.874267578125,565400,0.0,0.0
2019-07-01 00:00:00+09:00,2452.051960987156,2498.317092326536,2439.4341978945977,2481.493408203125,925000,0.0,0.0
2019-07-02 00:00:00+09:00,2473.081456218274,2489.9051395939086,2452.051851998731,2485.69921875,389200,0.0,0.0
2019-07-03 00:00:00+09:00,2452.052425496913,2452.052425496913,2414.1991290484184,2426.81689453125,387800,0.0,0.0
2019-07-04 00:00:00+09:00,2460.463797613747,2464.6697186353085,2418.404587398127,2435.228271484375,218600,0.0,0.0
2019-07-05 00:00:00+09:00,2418.404368730502,2452.0517338606655,2401.5806861654205,2443.639892578125,296000,0.0,0.0
2019-07-08 00:00:00+09:00,2443.639758300781,2447.845678710937,2414.198315429687,2439.433837890625,414400,0.0,0.0
2019-07-09 00:00:00+09:00,2414.1986135929187,2422.6104554521276,2351.109799648853,2372.139404296875,692800,0.0,0.0
2019-07-10 00:00:00+09:00,2309.050716469004,2346.904006902922,2275.40334719441,2330.080322265625,806400,0.0,0.0
2019-07-11 00:00:00+09:00,2296.4329122451536,2363.7276496003233,2296.4329122451536,2359.521728515625,366400,0.0,0.0
2019-07-12 00:00:00+09:00,2363.7275795326577,2363.7275795326577,2325.8742908924546,2334.2861328125,228200,0.0,0.0
2019-07-16 00:00:00+09:00,2363.7275155203683,2388.9630405970984,2351.1097529820036,2355.315673828125,250000,0.0,0.0
2019-07-17 00:00:00+09:00,2351.1101296164775,2439.434481534091,2346.904208096591,2405.787109375,641800,0.0,0.0
2019-07-18 00:00:00+09:00,2388.963245425485,2405.786930252425,2372.139560598545,2384.75732421875,586200,0.0,0.0
2019-07-19 00:00:00+09:00,2426.816342907673,2468.8755516235774,2422.6104220360826,2447.845947265625,542400,0.0,0.0
2019-07-22 00:00:00+09:00,2473.0815661414194,2502.523013357389,2464.6697240797143,2481.493408203125,385200,0.0,0.0
2019-07-23 00:00:00+09:00,2489.9055179830016,2552.9943402291924,2489.9055179830016,2536.170654296875,500000,0.0,0.0
2019-07-24 00:00:00+09:00,2578.229958492098,2607.6714098941284,2565.6121936055133,2569.818115234375,607800,0.0,0.0
2019-07-25 00:00:00+09:00,2595.0531280467467,2599.2590488377464,2536.1702369727523,2561.40576171875,326800,0.0,0.0
2019-07-26 00:00:00+09:00,2519.34652197921,2519.34652197921,2489.905076814178,2506.728759765625,318000,0.0,0.0
2019-07-29 00:00:00+09:00,2477.287353515625,2485.6991951234877,2447.8459078881046,2477.287353515625,360400,0.0,0.0
2019-07-30 00:00:00+09:00,2494.111083984375,2523.552530169688,2489.9051631007587,2494.111083984375,387600,0.0,0.0
2019-07-31 00:00:00+09:00,2456.257781715193,2456.257781715193,2397.3748896877737,2401.580810546875,719200,0.0,0.0
2019-08-01 00:00:00+09:00,2233.3441135572352,2342.6980626203012,2195.490823496943,2321.66845703125,874800,0.0,0.0
2019-08-02 00:00:00+09:00,2245.9614619159156,2250.167382256582,2174.460816124585,2216.52001953125,781800,0.0,0.0
2019-08-05 00:00:00+09:00,2170.2553021599265,2174.461223288143,2123.9901697495407,2145.019775390625,619000,0.0,0.0
2019-08-06 00:00:00+09:00,2063.0042518393507,2166.04931640625,2050.386488831159,2166.04931640625,580800,0.0,0.0
2019-08-07 00:00:00+09:00,2128.1958871769384,2132.4018079025846,2094.5485213717693,2115.578125,502000,0.0,0.0
2019-08-08 00:00:00+09:00,2094.548607421875,2115.5782119140626,2071.4160424804686,2102.96044921875,443200,0.0,0.0
2019-08-09 00:00:00+09:00,2132.4022556832415,2132.4022556832415,2079.828235572708,2098.7548828125,502800,0.0,0.0
2019-08-13 00:00:00+09:00,2039.8711124543222,2096.6510300174837,2023.0474331763482,2086.13623046875,602600,0.0,0.0
2019-08-14 00:00:00+09:00,2145.0201308094915,2166.0497399350747,2115.5786780336753,2140.814208984375,673600,0.0,0.0
2019-08-15 00:00:00+09:00,2069.313323676003,2149.225830078125,2056.695559507247,2149.225830078125,587800,0.0,0.0
2019-08-16 00:00:00+09:00,2119.7841625548244,2166.0492930867754,2119.7841625548244,2157.637451171875,496400,0.0,0.0
2019-08-19 00:00:00+09:00,2178.6672798052227,2199.6968867531496,2149.225830078125,2149.225830078125,456600,0.0,0.0
2019-08-20 00:00:00+09:00,2166.049404144287,2178.667167663574,2140.813877105713,2153.431640625,412600,0.0,0.0
2019-08-21 00:00:00+09:00,2128.196004469725,2170.2552140442253,2123.990083512275,2157.637451171875,255200,0.0,0.0
2019-08-22 00:00:00+09:00,2166.0493810317093,2182.873065544577,2132.4020120059745,2145.019775390625,471400,0.0,0.0
2019-08-23 00:00:00+09:00,2145.019711392597,2174.461158411711,2145.019711392597,2166.04931640625,218800,0.0,0.0
2019-08-26 00:00:00+09:00,2086.136726454635,2145.0196179271447,2079.8278452254376,2132.40185546875,435800,0.0,0.0
2019-08-27 00:00:00+09:00,2161.8435942468814,2170.255437026052,2145.0199086885395,2149.225830078125,296600,0.0,0.0
2019-08-28 00:00:00+09:00,2157.63726902759,2161.8431896299826,2136.607666015625,2136.607666015625,217200,0.0,0.0
2019-08-29 00:00:00+09:00,2149.226052634608,2157.6378962848416,2132.4023653341415,2140.814208984375,250200,0.0,0.0
2019-08-30 00:00:00+09:00,2166.049253023588,2199.6966200608476,2161.84333214393,2187.078857421875,400400,0.0,0.0
2019-09-02 00:00:00+09:00,2170.2555042613635,2187.079190340909,2166.0495827414775,2174.46142578125,262600,0.0,0.0
2019-09-03 00:00:00+09:00,2174.460634428879,2224.931674299569,2174.460634428879,2195.490234375,284800,0.0,0.0
2019-09-04 00:00:00+09:00,2170.2552140442253,2170.2552140442253,2145.019688299525,2157.637451171875,255600,0.0,0.0
2019-09-05 00:00:00+09:00,2182.8731599458,2241.756058287305,2174.461317325585,2224.932373046875,520600,0.0,0.0
2019-09-06 00:00:00+09:00,2266.9911868416843,2266.9911868416843,2241.755663426007,2258.579345703125,410600,0.0,0.0
2019-09-09 00:00:00+09:00,2283.815341152988,2304.844948345925,2271.1975768372254,2296.43310546875,351600,0.0,0.0
2019-09-10 00:00:00+09:00,2338.492190944665,2393.16916663222,2334.28626973793,2384.75732421875,641400,0.0,0.0
2019-09-11 00:00:00+09:00,2422.6106150793653,2439.434299906305,2376.34548180528,2384.75732421875,559600,0.0,0.0
2019-09-12 00:00:00+09:00,2468.8755353743654,2515.1406646573605,2464.669614530457,2485.69921875,947800,0.0,0.0
2019-09-13 00:00:00+09:00,2523.552442717072,2523.552442717072,2485.699156076316,2506.728759765625,695400,0.0,0.0
2019-09-17 00:00:00+09:00,2481.493629922672,2494.111394142618,2464.6699442960776,2473.081787109375,403600,0.0,0.0
2019-09-18 00:00:00+09:00,2485.699282493201,2485.699282493201,2460.46375678261,2464.669677734375,373200,0.0,0.0
2019-09-19 00:00:00+09:00,2485.6993940304487,2498.3171574519233,2460.4638671875,2460.4638671875,340600,0.0,0.0
2019-09-20 00:00:00+09:00,2460.4634399414062,2460.4634399414062,2435.2279174804685,2439.433837890625,320400,0.0,0.0
2019-09-24 00:00:00+09:00,2426.8160522883327,2452.051574495837,2405.7864504487457,2431.02197265625,356600,0.0,0.0
2019-09-25 00:00:00+09:00,2372.139184311506,2397.3747075488627,2338.4918199950307,2380.551025390625,492400,0.0,0.0
2019-09-26 00:00:00+09:00,2422.610131920415,2485.698937439176,2414.1982911845803,2431.02197265625,586800,0.0,0.0
2019-09-27 00:00:00+09:00,2454.417980915083,2484.194282243342,2437.4029515846487,2475.686767578125,474600,32.5,0.0
2019-09-30 00:00:00+09:00,2475.686969150641,2505.463272903312,2462.925696113782,2488.4482421875,423200,0.0,0.0
2019-10-01 00:00:00+09:00,2518.224740435761,2607.5536585931104,2513.970982428268,2599.046142578125,690000,0.0,0.0
2019-10-02 00:00:00+09:00,2552.2545961598257,2565.015869140625,2518.2245348776946,2565.015869140625,481800,0.0,0.0
2019-10-03 00:00:00+09:00,2492.7019998664528,2492.7019998664528,2462.925696113782,2488.4482421875,536000,0.0,0.0
2019-10-04 00:00:00+09:00,2467.1789152953475,2484.193942297384,2458.6714017943286,2479.940185546875,275200,0.0,0.0
2019-10-07 00:00:00+09:00,2471.432711897225,2484.193982354526,2441.6564141635236,2467.178955078125,241800,0.0,0.0
2019-10-08 00:00:00+09:00,2488.4481998365754,2509.7169878693667,2484.194442230017,2501.20947265625,279600,0.0,0.0
2019-10-09 00:00:00+09:00,2462.925696113782,2496.955757545406,2450.164423076923,2488.4482421875,325800,0.0,0.0
2019-10-10 00:00:00+09:00,2488.448010460805,2509.716796875,2437.4029230667375,2509.716796875,338600,0.0,0.0
2019-10-11 00:00:00+09:00,2552.2542994748337,2565.0155709722076,2513.970484982711,2556.508056640625,444400,0.0,0.0
2019-10-15 00:00:00+09:00,2633.0760662792172,2641.5835818407013,2607.553519594766,2616.06103515625,407400,0.0,0.0
2019-10-16 00:00:00+09:00,2641.5834634610924,2662.852251411665,2565.0158268390314,2577.777099609375,544200,0.0,0.0
2019-10-17 00:00:00+09:00,2565.015543218904,2616.060628656096,2556.5080289793723,2590.5380859375,299400,0.0,0.0
2019-10-18 00:00:00+09:00,2624.5682641680573,2637.3295361170103,2616.0607495354216,2628.822021484375,253200,0.0,0.0
2019-10-21 00:00:00+09:00,2641.5830078125,2645.836764668881,2624.5679803869766,2641.5830078125,185600,0.0,0.0
2019-10-23 00:00:00+09:00,2679.8671990342027,2709.643501245694,2667.1059266578495,2701.135986328125,407800,0.0,0.0
2019-10-24 00:00:00+09:00,2696.88224029541,2722.40478515625,2696.88224029541,2722.40478515625,314200,0.0,0.0
2019-10-25 00:00:00+09:00,2705.3897437869095,2718.1510161632627,2684.1209564929873,2701.135986328125,376800,0.0,0.0
2019-10-28 00:00:00+09:00,2752.180813259549,2773.4495985243057,2735.165785047743,2756.4345703125,378200,0.0,0.0
2019-10-29 00:00:00+09:00,2777.703288377869,2824.4946148283384,2777.703288377869,2803.225830078125,454000,0.0,0.0
2019-10-30 00:00:00+09:00,2773.44943322868,2773.44943322868,2726.6581084349446,2730.911865234375,728400,0.0,0.0
2019-10-31 00:00:00+09:00,2688.374850678517,2790.4650348814985,2688.374850678517,2781.95751953125,809400,0.0,0.0
2019-11-01 00:00:00+09:00,2709.643650270858,2722.4049233490564,2658.598557958063,2705.389892578125,599200,0.0,0.0
2019-11-05 00:00:00+09:00,2756.434844970703,2790.4649047851562,2718.1510276794434,2722.40478515625,521200,0.0,0.0
2019-11-06 00:00:00+09:00,2722.404218266254,2756.434270994582,2713.896705084172,2747.9267578125,350000,0.0,0.0
2019-11-07 00:00:00+09:00,2730.912311500727,2752.181098973474,2726.6585540061774,2743.673583984375,267000,0.0,0.0
2019-11-08 00:00:00+09:00,2786.211192737926,2841.510040838068,2777.7036776455966,2807.47998046875,1034600,0.0,0.0
2019-11-11 00:00:00+09:00,2794.7180803139513,2803.2255934960335,2743.673001221459,2747.9267578125,423600,0.0,0.0
2019-11-12 00:00:00+09:00,2726.6582709418403,2760.6883273654516,2713.8969997829863,2756.4345703125,363400,0.0,0.0
2019-11-13 00:00:00+09:00,2735.1658535033603,2735.1658535033603,2684.1207675903897,2709.643310546875,483200,0.0,0.0
2019-11-14 00:00:00+09:00,2705.3894718750003,2705.3894718750003,2650.09063046875,2658.59814453125,300200,0.0,0.0
2019-11-15 00:00:00+09:00,2641.583464654337,2684.121040574697,2628.822191878229,2675.613525390625,312000,0.0,0.0
2019-11-18 00:00:00+09:00,2671.359767798589,2692.628555758769,2667.106010206553,2675.613525390625,191400,0.0,0.0
2019-11-19 00:00:00+09:00,2654.3448551829265,2654.3448551829265,2599.0460040332823,2616.06103515625,334800,0.0,0.0
2019-11-20 00:00:00+09:00,2624.5683360469006,2637.329608345346,2565.0157319874897,2582.03076171875,387000,0.0,0.0
2019-11-21 00:00:00+09:00,2569.2695198377505,2577.777034804101,2496.955642623774,2548.000732421875,386800,0.0,0.0
2019-11-22 00:00:00+09:00,2586.284315500828,2607.553100990144,2565.015530011512,2569.269287109375,234600,0.0,0.0
2019-11-25 00:00:00+09:00,2611.806830512153,2624.568101671007,2590.538045247396,2603.29931640625,179600,0.0,0.0
2019-11-26 00:00:00+09:00,2645.837480660546,2662.8525126905174,2594.792384570632,2599.046142578125,299400,0.0,0.0
2019-11-27 00:00:00+09:00,2641.583453838642,2662.8522417117388,2620.314665965545,2654.3447265625,335800,0.0,0.0
2019-11-28 00:00:00+09:00,2645.837189217732,2684.1210070681495,2599.045856289444,2611.80712890625,538600,0.0,0.0
2019-11-29 00:00:00+09:00,2620.3145241477273,2628.8220388365185,2569.2694360149794,2573.523193359375,508600,0.0,0.0
2019-12-02 00:00:00+09:00,2603.2997618140244,2620.3147929369916,2586.2847306910567,2616.06103515625,241400,0.0,0.0
2019-12-03 00:00:00+09:00,2552.2542994748337,2565.0155709722076,2539.4930279774594,2556.508056640625,382200,0.0,0.0
2019-12-04 00:00:00+09:00,2513.970566488314,2535.2393530068275,2492.7017799698006,2530.985595703125,346400,0.0,0.0
2019-12-05 00:00:00+09:00,2552.2544066373966,2590.538222736958,2552.2544066373966,2573.523193359375,290200,0.0,0.0
2019-12-06 00:00:00+09:00,2590.538222736958,2607.55325211454,2573.523193359375,2573.523193359375,260800,0.0,0.0
2019-12-09 00:00:00+09:00,2616.0605875651045,2620.3143446180557,2590.538045247396,2603.29931640625,227400,0.0,0.0
2019-12-10 00:00:00+09:00,2577.776814578202,2611.80687153633,2556.5080289793723,2590.5380859375,306800,0.0,0.0
2019-12-11 00:00:00+09:00,2569.2696268008913,2603.2996880830224,2560.7621114803587,2565.015869140625,232000,0.0,0.0
2019-12-12 00:00:00+09:00,2607.553337186326,2616.0608521526765,2548.000732421875,2548.000732421875,313800,0.0,0.0
2019-12-13 00:00:00+09:00,2633.075916600926,2645.837189217732,2603.2996138283793,2611.80712890625,888400,0.0,0.0
2019-12-16 00:00:00+09:00,2586.2842881944443,2616.0605875651045,2569.269259982639,2603.29931640625,394200,0.0,0.0
2019-12-17 00:00:00+09:00,2607.553100990144,2616.0606151858706,2569.269287109375,2569.269287109375,338200,0.0,0.0
2019-12-18 00:00:00+09:00,2569.2694414129046,2569.2694414129046,2488.4480516995845,2496.95556640625,398600,0.0,0.0
2019-12-19 00:00:00+09:00,2496.9555783658416,2518.224365234375,2488.448063618428,2518.224365234375,218600,0.0,0.0
2019-12-20 00:00:00+09:00,2513.9705129176327,2539.4930561959845,2501.2092412784573,2522.47802734375,275200,0.0,0.0
2019-12-23 00:00:00+09:00,2513.9703908423858,2522.4779048553887,2475.686577783872,2484.194091796875,274600,0.0,0.0
2019-12-24 00:00:00+09:00,2492.7016195352294,2518.2241617147706,2492.7016195352294,2505.462890625,410600,0.0,0.0
2019-12-25 00:00:00+09:00,2535.239023303495,2535.239023303495,2471.4326720458566,2479.940185546875,246600,0.0,0.0
2019-12-26 00:00:00+09:00,2467.179453792735,2488.4482421875,2467.179453792735,2488.4482421875,133800,0.0,0.0
2019-12-27 00:00:00+09:00,2492.7017969085587,2505.4630689063843,2475.686767578125,2475.686767578125,138200,0.0,0.0
2019-12-30 00:00:00+09:00,2471.432711897225,2475.6864687163256,2450.163927801724,2467.178955078125,230600,0.0,0.0
2020-01-06 00:00:00+09:00,2403.372425153092,2424.641207676571,2399.118668648396,2420.387451171875,299600,0.0,0.0
2020-01-07 00:00:00+09:00,2441.656494140625,2450.164008057491,2424.6414663068927,2441.656494140625,306600,0.0,0.0
2020-01-08 00:00:00+09:00,2356.581608246992,2403.372939818683,2343.820336000167,2386.35791015625,441800,0.0,0.0
2020-01-09 00:00:00+09:00,2424.6414928638474,2441.6565208839443,2399.1189508337015,2407.62646484375,269000,0.0,0.0
2020-01-10 00:00:00+09:00,2433.1493074658893,2433.1493074658893,2386.3579746300065,2416.13427734375,353600,0.0,0.0
2020-01-14 00:00:00+09:00,2390.6116013509704,2403.372873244303,2339.56651377764,2356.58154296875,574600,0.0,0.0
2020-01-15 00:00:00+09:00,2339.5666084496497,2352.327880859375,2322.551578570016,2352.327880859375,539800,0.0,0.0
2020-01-16 00:00:00+09:00,2352.3277856709724,2373.5965721598604,2331.058999182085,2356.58154296875,427600,0.0,0.0
2020-01-17 00:00:00+09:00,2365.08931266771,2386.358101450693,2356.581797154517,2377.8505859375,404400,0.0,0.0
2020-01-20 00:00:00+09:00,2382.1043010453736,2403.3730894475643,2382.1043010453736,2390.61181640625,135400,0.0,0.0
2020-01-21 00:00:00+09:00,2390.6116556949755,2399.1191704839252,2356.581596539175,2365.089111328125,331600,0.0,0.0
2020-01-22 00:00:00+09:00,2331.059283192491,2352.3280722727145,2322.5517675604015,2343.820556640625,295400,0.0,0.0
2020-01-23 00:00:00+09:00,2326.805419921875,2335.31293516839,2301.28287418233,2326.805419921875,446200,0.0,0.0
2020-01-24 00:00:00+09:00,2339.5665851965355,2339.5665851965355,2305.5365257754947,2309.790283203125,336000,0.0,0.0
2020-01-27 00:00:00+09:00,2241.7300629423585,2254.4913346479125,2203.4462478256955,2216.20751953125,550800,0.0,0.0
2020-01-28 00:00:00+09:00,2143.893674616228,2182.177490234375,2135.3861600344176,2182.177490234375,679600,0.0,0.0
2020-01-29 00:00:00+09:00,2207.699425006735,2224.714449476922,2186.4306444190015,2220.460693359375,471200,0.0,0.0
2020-01-30 00:00:00+09:00,2190.6851859714675,2194.9389436141305,2143.893851902174,2152.4013671875,473000,0.0,0.0
2020-01-31 00:00:00+09:00,2156.6551353618825,2182.1776813424963,2143.8938623715753,2173.670166015625,649200,0.0,0.0
2020-02-03 00:00:00+09:00,2097.1027131745764,2186.4316319913432,2092.848955135683,2165.162841796875,732800,0.0,0.0
2020-02-04 00:00:00+09:00,2152.4013671875,2160.908882472826,2124.7519425101905,2152.4013671875,496200,0.0,0.0
2020-02-05 00:00:00+09:00,2203.4462351244547,2211.953749545785,2173.6699346498,2194.938720703125,439000,0.0,0.0
2020-02-06 00:00:00+09:00,2228.968857273911,2267.252673524799,2224.715099912701,2245.98388671875,484000,0.0,0.0
2020-02-07 00:00:00+09:00,2228.9688452288483,2241.7301172435173,2211.953815875956,2224.715087890625,268000,0.0,0.0
2020-02-10 00:00:00+09:00,2182.17744907113,2228.9687783884447,2173.6699346498,2194.938720703125,331200,0.0,0.0
2020-02-12 00:00:00+09:00,2186.4312475252805,2194.938762107091,2169.4162183616595,2182.177490234375,322600,0.0,0.0
2020-02-13 00:00:00+09:00,2194.938597910503,2194.938597910503,2152.4010281835554,2156.65478515625,429600,0.0,0.0
2020-02-14 00:00:00+09:00,2139.639892578125,2139.639892578125,2109.863591886183,2139.639892578125,549200,0.0,0.0
2020-02-17 00:00:00+09:00,2126.8784324721537,2148.147216796875,2111.9902834448485,2148.147216796875,262800,0.0,0.0
2020-02-18 00:00:00+09:00,2135.3863472847847,2139.640104948699,2116.2444377971724,2124.751953125,322200,0.0,0.0
2020-02-19 00:00:00+09:00,2135.3861434337236,2135.3861434337236,2101.3560853710346,2111.990478515625,345200,0.0,0.0
2020-02-20 00:00:00+09:00,2139.6399340820312,2156.6549633789064,2126.878662109375,2126.878662109375,341400,0.0,0.0
2020-02-21 00:00:00+09:00,2126.8788963857323,2148.1476853495897,2101.3563496291035,2105.610107421875,392000,0.0,0.0
2020-02-25 00:00:00+09:00,2016.2808830308618,2063.0722115400167,2007.77336875647,2054.564697265625,564000,0.0,0.0
2020-02-26 00:00:00+09:00,1995.0123292285869,2048.184299623805,1992.885450412778,2043.9305419921875,674200,0.0,0.0
2020-02-27 00:00:00+09:00,2026.915468506894,2035.422983589819,1997.1391657166562,2007.7735595703125,498600,0.0,0.0
2020-02-28 00:00:00+09:00,1956.7285849225575,1969.4898583024872,1922.6985225760782,1948.2210693359375,705400,0.0,0.0
2020-03-02 00:00:00+09:00,1933.332933602354,1977.9973908142895,1903.556628794397,1931.2060546875,632400,0.0,0.0
2020-03-03 00:00:00+09:00,1965.2360146538329,1973.7435298687844,1924.8253173828125,1924.8253173828125,452400,0.0,0.0
2020-03-04 00:00:00+09:00,1901.4295239257813,1924.8251892089843,1890.7951306152343,1914.1907958984375,274400,0.0,0.0
2020-03-05 00:00:00+09:00,1943.9670147991822,1948.2207719431628,1882.2875362114619,1901.429443359375,603600,0.0,0.0
2020-03-06 00:00:00+09:00,1850.384579952632,1854.6383376076956,1799.3394880918697,1820.6082763671875,576200,0.0,0.0
2020-03-09 00:00:00+09:00,1733.4062775196296,1741.9137929921187,1669.5999114759622,1688.7418212890625,661400,0.0,0.0
2020-03-10 00:00:00+09:00,1641.9502090493127,1671.72650817715,1578.1438537753756,1663.218994140625,1073400,0.0,0.0
2020-03-11 00:00:00+09:00,1652.5845947265625,1707.8834357341439,1641.9502022251047,1652.5845947265625,1122200,0.0,0.0
2020-03-12 00:00:00+09:00,1607.92026353919,1637.6965647158415,1563.2558117742124,1565.3826904296875,743400,0.0,0.0
2020-03-13 00:00:00+09:00,1416.5011321885447,1493.0687609554932,1403.7398607273867,1431.3892822265625,1096400,0.0,0.0
2020-03-16 00:00:00+09:00,1452.6580335828994,1480.3074544270835,1367.5828925238716,1378.21728515625,715200,0.0,0.0
2020-03-17 00:00:00+09:00,1339.933652206206,1384.5981072797463,1301.6498335717429,1359.0755615234375,1153200,0.0,0.0
2020-03-18 00:00:00+09:00,1359.0755724551072,1359.0755724551072,1278.254176910046,1282.5079345703125,1234200,0.0,0.0
2020-03-19 00:00:00+09:00,1282.5079187430806,1293.1423127625092,1152.3429359452755,1164.6788330078125,1851800,0.0,0.0
2020-03-23 00:00:00+09:00,1163.4025148808732,1262.0896751925231,1152.768122605911,1251.0299072265625,1352800,0.0,0.0
2020-03-24 00:00:00+09:00,1272.2989447989116,1397.359422823278,1272.2989447989116,1395.2325439453125,1024000,0.0,0.0
2020-03-25 00:00:00+09:00,1544.1139475301916,1607.9203089983814,1499.4494945024587,1601.5396728515625,1015200,0.0,0.0
2020-03-26 00:00:00+09:00,1512.210680473208,1571.76328111069,1471.799987183488,1490.94189453125,593200,0.0,0.0
2020-03-27 00:00:00+09:00,1569.636570142663,1601.539752462636,1469.6732655400815,1516.464599609375,710600,0.0,0.0
2020-03-30 00:00:00+09:00,1451.4728796052038,1501.299560546875,1421.1435955537518,1501.299560546875,844400,32.5,0.0
2020-03-31 00:00:00+09:00,1503.4660770629707,1564.124650777327,1488.3014336343817,1509.9652099609375,673800,0.0,0.0
2020-04-01 00:00:00+09:00,1455.8058851709905,1483.9687966400722,1353.9861283212338,1377.8162841796875,862200,0.0,0.0
2020-04-02 00:00:00+09:00,1347.4869750396197,1399.480041600634,1325.8231973058637,1366.984375,653400,0.0,0.0
2020-04-03 00:00:00+09:00,1379.982447876969,1386.4815802845528,1312.824746331936,1332.3221435546875,566800,0.0,0.0
2020-04-06 00:00:00+09:00,1308.4922246518342,1405.9792281441066,1298.0936109459917,1395.1473388671875,695600,0.0,0.0
2020-04-07 00:00:00+09:00,1442.807727658371,1470.970641261312,1399.4801682692307,1436.30859375,602200,0.0,0.0
2020-04-08 00:00:00+09:00,1444.9740939053622,1455.8059836647726,1390.8146451083096,1429.8094482421875,618400,0.0,0.0
2020-04-09 00:00:00+09:00,1460.1386877189345,1509.9653788428743,1451.4731762191188,1468.80419921875,597600,0.0,0.0
2020-04-10 00:00:00+09:00,1499.133398295144,1499.133398295144,1431.9756882559107,1486.1351318359375,615400,0.0,0.0
2020-04-13 00:00:00+09:00,1473.1368981786522,1486.1351649272874,1434.1420979327468,1438.474853515625,364400,0.0,0.0
2020-04-14 00:00:00+09:00,1421.1438829669844,1542.4610437080685,1418.977505096608,1533.7955322265625,819400,0.0,0.0
2020-04-15 00:00:00+09:00,1507.7990211497986,1520.797288573504,1475.3033525905357,1479.6361083984375,641800,0.0,0.0
2020-04-16 00:00:00+09:00,1449.306640625,1453.6393959034006,1431.9756195113976,1449.306640625,517800,0.0,0.0
2020-04-17 00:00:00+09:00,1496.967201396164,1525.130115460057,1488.3016893765046,1518.6309814453125,468000,0.0,0.0
2020-04-20 00:00:00+09:00,1507.798828125,1514.2979610048492,1486.135051858836,1507.798828125,379200,0.0,0.0
2020-04-21 00:00:00+09:00,1486.135111222008,1507.798888353524,1464.4713340904918,1475.30322265625,433800,0.0,0.0
2020-04-22 00:00:00+09:00,1455.8060226212685,1464.4715346606808,1436.3086205325908,1451.4732666015625,372800,0.0,0.0
2020-04-23 00:00:00+09:00,1453.6396376255582,1516.464599609375,1453.6396376255582,1516.464599609375,379400,0.0,0.0
2020-04-24 00:00:00+09:00,1514.2979652262486,1525.1298533895265,1488.3014336343817,1509.9652099609375,407800,0.0,0.0
2020-04-27 00:00:00+09:00,1529.4627582435712,1592.2877157351627,1522.9636247099584,1590.121337890625,606000,0.0,0.0
2020-04-28 00:00:00+09:00,1596.6204553055436,1639.9480117588826,1564.1247879655393,1581.455810546875,654600,0.0,0.0
2020-04-30 00:00:00+09:00,1670.277425821545,1800.2601048738052,1665.9446698531362,1785.095458984375,1241800,0.0,0.0
2020-05-01 00:00:00+09:00,1741.7678423491725,1741.7678423491725,1672.4437491213448,1685.4420166015625,1053200,0.0,0.0
2020-05-07 00:00:00+09:00,1655.1127972572929,1743.9342955394252,1652.9464192504117,1726.603271484375,753800,0.0,0.0
2020-05-08 00:00:00+09:00,1778.5963335370684,1860.9186973305013,1769.930821558812,1858.7523193359375,1029200,0.0,0.0
2020-05-11 00:00:00+09:00,1876.0831941012082,1943.240906592129,1852.2530380560427,1910.7452392578125,800800,0.0,0.0
2020-05-12 00:00:00+09:00,1906.4125222306911,1906.4125222306911,1856.5858313087526,1865.2513427734375,601000,0.0,0.0
2020-05-13 00:00:00+09:00,1834.9221689623455,1882.5824850392896,1815.4247669308684,1863.0850830078125,497800,0.0,0.0
2020-05-14 00:00:00+09:00,1841.4213412701372,1869.5842559013274,1813.258426638947,1815.4248046875,519800,0.0,0.0
2020-05-15 00:00:00+09:00,1897.7468270365998,1912.9114706316411,1811.0917207792209,1834.921875,591400,0.0,0.0
2020-05-18 00:00:00+09:00,1856.5857832226793,1858.7521610327408,1802.4263379711426,1839.2547607421875,384600,0.0,0.0
2020-05-19 00:00:00+09:00,1930.2425037162702,1943.2407697345616,1904.2459716796875,1904.2459716796875,481400,0.0,0.0
2020-05-20 00:00:00+09:00,1899.9131485993173,1906.412281376738,1863.0847295272667,1869.5838623046875,541200,0.0,0.0
2020-05-21 00:00:00+09:00,1880.415809065885,1912.9114739690974,1876.0830537454567,1899.9132080078125,506600,0.0,0.0
2020-05-22 00:00:00+09:00,1904.2462052745932,1910.745339080991,1817.5910878559541,1830.58935546875,514000,0.0,0.0
2020-05-25 00:00:00+09:00,1891.2477575598625,1897.7468907473535,1854.4193361640805,1867.4176025390625,449800,0.0,0.0
2020-05-26 00:00:00+09:00,1897.747069235805,1986.568564485426,1884.7488016382995,1964.90478515625,516600,0.0,0.0
2020-05-27 00:00:00+09:00,1993.0678390244304,2071.0574501166907,1986.5687047667423,2045.0609130859375,672800,0.0,0.0
2020-05-28 00:00:00+09:00,2066.7246556414784,2073.2237897787154,1984.4022899031384,2023.3970947265625,769000,0.0,0.0
2020-05-29 00:00:00+09:00,1962.7380023098203,1984.4017771697522,1938.9078499638954,1945.406982421875,852000,0.0,0.0
2020-06-01 00:00:00+09:00,1956.2389045361651,1984.4018123534079,1936.7415068165358,1962.738037109375,476000,0.0,0.0
2020-06-02 00:00:00+09:00,2010.3985959178228,2034.2287516884005,1999.5667069311967,2029.89599609375,499800,0.0,0.0
2020-06-03 00:00:00+09:00,2101.38623046875,2127.3827611549614,2081.8888324540912,2101.38623046875,751600,0.0,0.0
2020-06-04 00:00:00+09:00,2162.0451908562436,2192.37448211074,2079.7228288797533,2107.8857421875,722800,0.0,0.0
2020-06-05 00:00:00+09:00,2138.214569091797,2192.374005998884,2097.053397042411,2183.70849609375,742400,0.0,0.0
2020-06-08 00:00:00+09:00,2240.0349271623613,2283.362488616179,2227.036658726216,2248.700439453125,788400,0.0,0.0
2020-06-09 00:00:00+09:00,2244.367341592702,2244.367341592702,2153.3794763929977,2196.70703125,895400,0.0,0.0
2020-06-10 00:00:00+09:00,2159.878609621548,2218.370808678501,2142.5475876787473,2196.70703125,476000,0.0,0.0
2020-06-11 00:00:00+09:00,2144.714159351667,2164.2115608003187,2103.552978515625,2103.552978515625,692000,0.0,0.0
2020-06-12 00:00:00+09:00,2027.7301949474297,2097.0543041764017,1982.2362482659169,2086.222412109375,797800,0.0,0.0
2020-06-15 00:00:00+09:00,2058.0589126385257,2062.3916682440804,1967.071044921875,1967.071044921875,581200,0.0,0.0
2020-06-16 00:00:00+09:00,2058.0591238277316,2164.2116470567407,2047.2272337023223,2151.21337890625,731200,0.0,0.0
2020-06-17 00:00:00+09:00,2110.0520887305697,2112.2184666450776,2062.391774611399,2090.5546875,642600,0.0,0.0
2020-06-18 00:00:00+09:00,2062.3915933388157,2064.5579710629113,2014.731283408717,2058.058837890625,432200,0.0,0.0
2020-06-19 00:00:00+09:00,2097.0539986470435,2097.0539986470435,2034.229033811543,2051.56005859375,471400,0.0,0.0
2020-06-22 00:00:00+09:00,2034.2285831151833,2088.3880235602096,2019.063939790576,2068.890625,399200,0.0,0.0
2020-06-23 00:00:00+09:00,2112.2184103595723,2112.2184103595723,2023.3969182316312,2060.225341796875,561000,0.0,0.0
2020-06-24 00:00:00+09:00,2058.059143458495,2066.7246556414784,2016.8979605893253,2023.3970947265625,485800,0.0,0.0
2020-06-25 00:00:00+09:00,1993.067322451021,1993.067322451021,1936.7415068165358,1962.738037109375,528200,0.0,0.0
2020-06-26 00:00:00+09:00,1993.0674632984203,1993.0674632984203,1954.0726651034513,1971.4036865234375,369600,0.0,0.0
2020-06-29 00:00:00+09:00,1936.741670318225,1973.5700913421733,1919.4106486598964,1921.5770263671875,468800,0.0,0.0
2020-06-30 00:00:00+09:00,1982.2357455768708,2019.0641692651843,1980.0693677128525,1997.400390625,568800,0.0,0.0
2020-07-01 00:00:00+09:00,2006.0658079832629,2008.2321857456636,1936.741719586433,1947.5736083984375,400400,0.0,0.0
2020-07-02 00:00:00+09:00,1951.9063639232395,1980.0692748344516,1928.0762085368292,1947.5736083984375,404600,0.0,0.0
2020-07-03 00:00:00+09:00,1956.2388698518407,1977.9026447117726,1919.4104525899568,1945.406982421875,359000,0.0,0.0
2020-07-06 00:00:00+09:00,1930.2422394783266,2027.7292212701614,1930.2422394783266,2014.73095703125,460800,0.0,0.0
2020-07-07 00:00:00+09:00,2006.0657587581788,2025.5631581413577,1964.9045822825792,1986.568359375,372000,0.0,0.0
2020-07-08 00:00:00+09:00,1949.7402152802026,1980.0695075178946,1934.5755691613565,1938.9083251953125,497200,0.0,0.0
2020-07-09 00:00:00+09:00,1949.7402037205718,1958.4057157371076,1925.9100456750982,1932.4091796875,315400,0.0,0.0
2020-07-10 00:00:00+09:00,1949.7401920829232,1962.7384600301427,1919.4109002060777,1925.9100341796875,492000,0.0,0.0
2020-07-13 00:00:00+09:00,1967.0712169601657,2012.56515479735,1958.405704991178,1995.234130859375,413800,0.0,0.0
2020-07-14 00:00:00+09:00,1986.5682752704001,2010.398429063175,1958.4053662425756,2006.065673828125,276000,0.0,0.0
2020-07-15 00:00:00+09:00,2053.7260659602935,2073.223465320676,2027.7295334797834,2049.393310546875,378800,0.0,0.0
2020-07-16 00:00:00+09:00,2079.7227425078863,2094.88738750534,2045.0606967994217,2060.225341796875,416200,0.0,0.0
2020-07-17 00:00:00+09:00,2071.0569031023674,2071.0569031023674,2012.5647102323212,2019.0638427734375,312000,0.0,0.0
2020-07-20 00:00:00+09:00,2032.0626557137673,2051.56005859375,2010.3988747360086,2051.56005859375,331800,0.0,0.0
2020-07-21 00:00:00+09:00,2036.3953819721778,2055.8927845655285,2032.062625840322,2034.22900390625,345000,0.0,0.0
2020-07-22 00:00:00+09:00,2034.2286209840827,2062.3915305397727,2023.3967326934326,2025.5631103515625,341000,0.0,0.0
2020-07-27 00:00:00+09:00,1969.237591154679,1999.5668829876442,1958.4057012143342,1993.0677490234375,495200,0.0,0.0
2020-07-28 00:00:00+09:00,2001.7333648181352,2012.565255320398,1977.9032057131574,1982.2359619140625,405000,0.0,0.0
2020-07-29 00:00:00+09:00,1958.4054134225682,1958.4054134225682,1891.2477056613961,1904.2459716796875,479800,0.0,0.0
2020-07-30 00:00:00+09:00,1906.4124935963114,1912.9116270972079,1841.4211585873463,1850.086669921875,429200,0.0,0.0
2020-07-31 00:00:00+09:00,1813.2584548330835,1815.4248329153213,1754.7662466126615,1761.265380859375,631200,0.0,0.0
2020-08-03 00:00:00+09:00,1912.9115221869542,1930.2425439055223,1813.2581473051878,1860.91845703125,1040600,0.0,0.0
2020-08-04 00:00:00+09:00,1876.0833590036004,1945.4074554101999,1867.4178469527753,1936.741943359375,689600,0.0,0.0
2020-08-05 00:00:00+09:00,1906.4121961805556,1956.2388785807293,1897.7466861979167,1949.73974609375,757600,0.0,0.0
2020-08-06 00:00:00+09:00,1947.5733815612457,1990.9009317628306,1945.4070040511663,1956.2388916015625,310600,0.0,0.0
2020-08-07 00:00:00+09:00,1958.405505384642,1982.2356608705172,1945.407238755983,1951.9063720703125,337000,0.0,0.0
2020-08-11 00:00:00+09:00,1993.0675299097804,2075.389884406054,1986.5683966600745,2071.05712890625,600200,0.0,0.0
2020-08-12 00:00:00+09:00,2079.722797927461,2116.5512224740933,2075.3900420984455,2090.5546875,456000,0.0,0.0
2020-08-13 00:00:00+09:00,2149.0465714468305,2157.7120818155677,2101.3862644187757,2118.71728515625,553200,0.0,0.0
2020-08-14 00:00:00+09:00,2097.0540513625133,2110.0523202759173,2075.390269840173,2081.889404296875,457400,0.0,0.0
2020-08-17 00:00:00+09:00,2084.055506254919,2099.2201513108275,2064.55810546875,2064.55810546875,229000,0.0,0.0
2020-08-18 00:00:00+09:00,2060.225333821786,2073.2236009121443,2025.5632882474974,2055.892578125,413400,0.0,0.0
2020-08-19 00:00:00+09:00,2047.226957433364,2068.8907347607014,2027.7295578387607,2062.3916015625,320600,0.0,0.0
2020-08-20 00:00:00+09:00,2060.2252238297665,2107.885533949908,2051.5597128988315,2062.3916015625,329600,0.0,0.0
2020-08-21 00:00:00+09:00,2079.7229509829967,2094.8875975005813,2038.561767578125,2038.561767578125,293800,0.0,0.0
2020-08-24 00:00:00+09:00,2058.058736910995,2077.556135471204,2036.3949607329844,2068.890625,231200,0.0,0.0
2020-08-25 00:00:00+09:00,2110.0519248691307,2146.880346555758,2105.7191693765863,2133.882080078125,410200,0.0,0.0
2020-08-26 00:00:00+09:00,2125.2166547931606,2133.8821661276893,2097.0537429559427,2114.384765625,194200,0.0,0.0
2020-08-27 00:00:00+09:00,2112.2188330685944,2112.2188330685944,2075.3904021330395,2088.388671875,204800,0.0,0.0
2020-08-28 00:00:00+09:00,2103.55308163092,2159.8789107992043,2064.558276822108,2092.72119140625,415400,0.0,0.0
2020-08-31 00:00:00+09:00,2142.5480226373033,2155.5462917331815,2097.0540808017286,2099.220458984375,261000,0.0,0.0
2020-09-01 00:00:00+09:00,2090.554656364657,2149.0468591852227,2068.8908775422256,2140.38134765625,462600,0.0,0.0
2020-09-02 00:00:00+09:00,2151.2132528981856,2157.712386592742,2125.2167181199598,2149.046875,452800,0.0,0.0
2020-09-03 00:00:00+09:00,2201.0397867357,2231.3690751356016,2188.0415202785994,2196.70703125,367800,0.0,0.0
2020-09-04 00:00:00+09:00,2155.545588902065,2183.70849609375,2136.0481916155136,2183.70849609375,257000,0.0,0.0
2020-09-07 00:00:00+09:00,2201.039456845238,2283.361798735119,2192.373947172619,2274.6962890625,473000,0.0,0.0
2020-09-08 00:00:00+09:00,2274.6965828588454,2331.022403005826,2274.6965828588454,2300.693115234375,359400,0.0,0.0
2020-09-09 00:00:00+09:00,2257.365528548239,2296.360326546193,2248.7000178820267,2283.362060546875,238200,0.0,0.0
2020-09-10 00:00:00+09:00,2296.3603680832944,2322.3569005521617,2292.0276126718163,2305.02587890625,256400,0.0,0.0
2020-09-11 00:00:00+09:00,2326.6899568065865,2339.688224721707,2292.0279090329313,2335.35546875,482200,0.0,0.0
2020-09-14 00:00:00+09:00,2335.3555219601362,2383.015838734833,2326.6900098192823,2365.684814453125,358400,0.0,0.0
2020-09-15 00:00:00+09:00,2348.3537054614485,2348.3537054614485,2300.693390405958,2318.0244140625,334800,0.0,0.0
2020-09-16 00:00:00+09:00,2326.689878640418,2331.0226344665643,2292.02783203125,2292.02783203125,201200,0.0,0.0
2020-09-17 00:00:00+09:00,2292.027571213087,2305.0258372124053,2261.698283881345,2283.362060546875,238200,0.0,0.0
2020-09-18 00:00:00+09:00,2292.027571213087,2322.3568585448293,2279.029305213769,2283.362060546875,457600,0.0,0.0
2020-09-23 00:00:00+09:00,2231.369148668393,2248.700171182322,2218.3708817829456,2235.701904296875,348400,0.0,0.0
2020-09-24 00:00:00+09:00,2218.37075,2218.37075,2146.8802863769533,2166.377685546875,529000,0.0,0.0
2020-09-25 00:00:00+09:00,2188.0414624023438,2205.372483886719,2164.211307861328,2166.377685546875,357000,0.0,0.0
2020-09-28 00:00:00+09:00,2201.0397867357,2205.3725422214,2175.043253821499,2196.70703125,361400,0.0,0.0
2020-09-29 00:00:00+09:00,2194.53466796875,2216.2627339882424,2168.460988745359,2194.53466796875,376000,7.5,0.0
2020-09-30 00:00:00+09:00,2185.8429487816315,2185.8429487816315,2133.695602091016,2135.868408203125,645200,0.0,0.0
2020-10-02 00:00:00+09:00,2159.7697623375616,2251.0276396194304,2151.0785359297647,2194.53466796875,593200,0.0,0.0
2020-10-05 00:00:00+09:00,2251.027444081764,2272.755508213827,2207.5713158176372,2220.608154296875,354200,0.0,0.0
2020-10-06 00:00:00+09:00,2251.02722500456,2255.3728374080433,2229.2991629871412,2233.644775390625,164200,0.0,0.0
2020-10-07 00:00:00+09:00,2229.2991287143245,2268.4096397444005,2216.262291704299,2255.372802734375,222200,0.0,0.0
2020-10-08 00:00:00+09:00,2255.372802734375,2281.4464767544255,2246.681578061025,2255.372802734375,195000,0.0,0.0
2020-10-09 00:00:00+09:00,2264.063970078734,2264.063970078734,2220.6078478123477,2229.299072265625,262400,0.0,0.0
2020-10-12 00:00:00+09:00,2203.2254384765624,2203.2254384765624,2164.114927734375,2172.80615234375,314600,0.0,0.0
2020-10-13 00:00:00+09:00,2198.8797254247575,2251.0270706917477,2185.84288910801,2237.990234375,303800,0.0,0.0
2020-10-14 00:00:00+09:00,2216.2624599259216,2216.2624599259216,2146.732657261579,2181.49755859375,309800,0.0,0.0
2020-10-15 00:00:00+09:00,2194.5346039239707,2216.2626693093566,2166.288118922969,2203.225830078125,252800,0.0,0.0
2020-10-16 00:00:00+09:00,2194.5342423001057,2203.2254670220864,2172.806180495154,2185.843017578125,206000,0.0,0.0
2020-10-19 00:00:00+09:00,2185.8429499992385,2233.644684492264,2185.8429499992385,2229.299072265625,167400,0.0,0.0
2020-10-20 00:00:00+09:00,2216.26236051848,2229.2991979332946,2203.2255231036656,2211.916748046875,132000,0.0,0.0
2020-10-21 00:00:00+09:00,2220.608346720688,2285.792544765327,2211.9171203147366,2277.101318359375,276400,0.0,0.0
2020-10-22 00:00:00+09:00,2259.7184709821427,2285.7921456473214,2259.7184709821427,2281.446533203125,166600,0.0,0.0
2020-10-23 00:00:00+09:00,2298.82906590151,2337.939579310042,2290.1378406996137,2320.55712890625,318200,0.0,0.0
2020-10-26 00:00:00+09:00,2316.211334916882,2329.248171698778,2298.828885874354,2311.86572265625,143600,0.0,0.0
2020-10-27 00:00:00+09:00,2285.7922724103287,2285.7922724103287,2246.681758243612,2264.064208984375,202800,0.0,0.0
2020-10-28 00:00:00+09:00,2251.0277316730485,2251.0277316730485,2177.152304185709,2198.88037109375,260400,0.0,0.0
2020-10-29 00:00:00+09:00,2151.0781186902022,2198.879854661096,2151.0781186902022,2185.843017578125,331600,0.0,0.0
2020-10-30 00:00:00+09:00,2207.5710793830763,2233.6447535490183,2181.4974052171347,2185.843017578125,482200,0.0,0.0
2020-11-02 00:00:00+09:00,2172.8060208834136,2268.4094858022836,2172.8060208834136,2259.71826171875,456600,0.0,0.0
2020-11-04 00:00:00+09:00,2346.630776615466,2364.0132268126176,2294.4834260240114,2307.520263671875,442200,0.0,0.0
2020-11-05 00:00:00+09:00,2277.1013939376176,2329.248754104128,2237.9908738127347,2316.2119140625,561200,0.0,0.0
2020-11-06 00:00:00+09:00,2307.5201665601767,2350.97629022421,2290.1377170945634,2337.939453125,288000,0.0,0.0
2020-11-09 00:00:00+09:00,2355.322317304402,2403.1240617515396,2342.2854779097283,2381.39599609375,558400,0.0,0.0
2020-11-10 00:00:00+09:00,2476.999231487772,2533.4921964164405,2472.6536188009513,2498.727294921875,609800,0.0,0.0
2020-11-11 00:00:00+09:00,2581.293643873565,2594.330480458785,2494.3813999720983,2555.219970703125,450800,0.0,0.0
2020-11-12 00:00:00+09:00,2520.4552593427834,2563.911384503866,2516.1096468266755,2529.146484375,456800,0.0,0.0
2020-11-13 00:00:00+09:00,2537.837836559256,2542.1834492930902,2498.727321954747,2511.76416015625,379600,0.0,0.0
2020-11-16 00:00:00+09:00,2572.6022036273266,2594.3302627795842,2559.5653681359718,2568.256591796875,298600,0.0,0.0
2020-11-17 00:00:00+09:00,2607.3675222285774,2637.7868099879106,2585.6394595433394,2611.713134765625,414800,0.0,0.0
2020-11-18 00:00:00+09:00,2620.404395596293,2637.7868459816746,2585.6394948255297,2589.985107421875,399600,0.0,0.0
2020-11-19 00:00:00+09:00,2581.293643873565,2594.330480458785,2542.183134117905,2555.219970703125,351400,0.0,0.0
2020-11-20 00:00:00+09:00,2546.5287463129785,2581.293643873565,2533.4919097277584,2555.219970703125,324000,0.0,0.0
2020-11-24 00:00:00+09:00,2650.823520628874,2668.205969944473,2624.7498466554753,2629.095458984375,425600,0.0,0.0
2020-11-25 00:00:00+09:00,2702.97135788387,2733.3906496928525,2659.515226728181,2663.86083984375,471400,0.0,0.0
2020-11-26 00:00:00+09:00,2642.1328380728314,2663.860904175404,2624.750385190773,2655.169677734375,369600,0.0,0.0
2020-11-27 00:00:00+09:00,2672.551632389691,2724.6989813143678,2655.1691827481322,2689.93408203125,484600,0.0,0.0
2020-11-30 00:00:00+09:00,2716.007676235465,2716.007676235465,2607.3673691860463,2616.05859375,445600,0.0,0.0
2020-12-01 00:00:00+09:00,2629.095860660363,2724.699346502558,2629.095860660363,2707.31689453125,339800,0.0,0.0
2020-12-02 00:00:00+09:00,2707.3166308434184,2716.0078559825624,2646.478054869409,2659.514892578125,405200,0.0,0.0
2020-12-03 00:00:00+09:00,2663.8601730118935,2663.8601730118935,2589.984768540112,2620.404052734375,348800,0.0,0.0
2020-12-04 00:00:00+09:00,2585.6395580150465,2633.4412977430557,2559.5658817997687,2581.2939453125,370000,0.0,0.0
2020-12-07 00:00:00+09:00,2624.749702065678,2633.4409262447034,2555.2199086334745,2563.9111328125,270800,0.0,0.0
2020-12-08 00:00:00+09:00,2529.146400012271,2537.837624754581,2485.69027630072,2490.035888671875,407800,0.0,0.0
2020-12-09 00:00:00+09:00,2520.455322265625,2550.8746106377966,2507.4184843918374,2520.455322265625,274400,0.0,0.0
2020-12-10 00:00:00+09:00,2511.7641775652587,2576.9483690245647,2511.7641775652587,2559.56591796875,361600,0.0,0.0
2020-12-11 00:00:00+09:00,2572.6027562606114,2589.985207316426,2546.5290796768886,2559.56591796875,470600,0.0,0.0
2020-12-14 00:00:00+09:00,2576.948117050094,2633.4410774576004,2576.948117050094,2594.33056640625,319200,0.0,0.0
2020-12-15 00:00:00+09:00,2594.3307200182203,2607.3675578072566,2572.6026570364934,2589.985107421875,407400,0.0,0.0
2020-12-16 00:00:00+09:00,2624.7498183139533,2629.09543059593,2581.293695494186,2616.05859375,437600,0.0,0.0
2020-12-17 00:00:00+09:00,2603.0222676247868,2611.713493893985,2529.1468443366043,2546.529296875,522600,0.0,0.0
2020-12-18 00:00:00+09:00,2529.1465837296196,2555.2202598505437,2490.0360695482336,2498.727294921875,494200,0.0,0.0
2020-12-21 00:00:00+09:00,2485.690311055788,2503.0727607834506,2437.888574304715,2468.307861328125,354000,0.0,0.0
2020-12-22 00:00:00+09:00,2437.888608996864,2463.962283959397,2429.197384009353,2446.579833984375,323400,0.0,0.0
2020-12-23 00:00:00+09:00,2437.888680263195,2442.2342928839853,2381.395716192925,2403.123779296875,340800,0.0,0.0
2020-12-24 00:00:00+09:00,2429.197509765625,2450.9255733592354,2416.160671609459,2429.197509765625,196600,0.0,0.0
2020-12-25 00:00:00+09:00,2433.543212890625,2437.8888257707868,2407.469535609654,2433.543212890625,215800,0.0,0.0
2020-12-28 00:00:00+09:00,2433.5431861535008,2437.8887989859177,2398.778283494165,2420.50634765625,238200,0.0,0.0
2020-12-29 00:00:00+09:00,2463.96226952113,2516.109619140625,2459.616657052839,2516.109619140625,412600,0.0,0.0
2020-12-30 00:00:00+09:00,2516.1096821856045,2529.146519917136,2459.616718682301,2507.41845703125,384800,0.0,0.0
2021-01-04 00:00:00+09:00,2511.7641695792213,2511.7641695792213,2420.506301826343,2476.999267578125,268000,0.0,0.0
2021-01-05 00:00:00+09:00,2455.2710172865127,2516.1095911661787,2433.542955186632,2503.07275390625,391600,0.0,0.0
2021-01-06 00:00:00+09:00,2485.690394145364,2511.7640696084272,2472.653556413832,2507.41845703125,257600,0.0,0.0
2021-01-07 00:00:00+09:00,2568.257036423841,2650.823675496689,2568.257036423841,2624.75,647600,0.0,0.0
2021-01-08 00:00:00+09:00,2655.169280008553,2685.5885679955577,2633.4412171606923,2659.514892578125,434000,0.0,0.0
2021-01-12 00:00:00+09:00,2642.1324503311257,2672.551738410596,2624.75,2624.75,316800,0.0,0.0
2021-01-13 00:00:00+09:00,2620.404771970259,2668.2065173959186,2616.0591587497443,2655.169677734375,359200,0.0,0.0
2021-01-14 00:00:00+09:00,2655.169210256104,2733.3902344535018,2650.8235978006933,2702.970947265625,515600,0.0,0.0
2021-01-15 00:00:00+09:00,2733.39033441311,2750.7727848704267,2642.1324695121953,2672.5517578125,370400,0.0,0.0
2021-01-18 00:00:00+09:00,2642.13199081803,2655.16882629904,2598.6758725479967,2603.021484375,232600,0.0,0.0
2021-01-19 00:00:00+09:00,2637.7872248523167,2694.2801967190057,2620.404771970259,2655.169677734375,272400,0.0,0.0
2021-01-20 00:00:00+09:00,2672.5512991599667,2698.6249703712833,2646.47762794865,2685.588134765625,299000,0.0,0.0
2021-01-21 00:00:00+09:00,2707.316531672809,2737.7358185455373,2663.8604075689113,2689.93408203125,261000,0.0,0.0
2021-01-22 00:00:00+09:00,2668.2063253393435,2702.971228601094,2659.515099523906,2681.2431640625,225200,0.0,0.0
2021-01-25 00:00:00+09:00,2698.6255152775693,2716.0079662616436,2681.2430642934946,2711.662353515625,252800,0.0,0.0
2021-01-26 00:00:00+09:00,2711.662353515625,2720.3535790076626,2689.934289785532,2711.662353515625,256000,0.0,0.0
2021-01-27 00:00:00+09:00,2733.390345046949,2789.8833092530067,2733.390345046949,2755.118408203125,371800,0.0,0.0
2021-01-28 00:00:00+09:00,2711.6623875290247,2859.413222746952,2711.6623875290247,2807.265869140625,657800,0.0,0.0
2021-01-29 00:00:00+09:00,2781.1919358054224,2798.5743854042066,2716.007749809983,2724.698974609375,428400,0.0,0.0
2021-02-01 00:00:00+09:00,2646.4780821265244,2676.897370426829,2546.5289919969514,2672.5517578125,742400,0.0,0.0
2021-02-02 00:00:00+09:00,2672.551592090462,2755.11822664285,2646.4779180212863,2746.427001953125,386800,0.0,0.0
2021-02-03 00:00:00+09:00,2724.699282421875,2755.1185726562503,2685.58876640625,2716.008056640625,393000,0.0,0.0
2021-02-04 00:00:00+09:00,2724.6990811217065,2729.0446936912786,2642.132442299837,2659.514892578125,407600,0.0,0.0
2021-02-05 00:00:00+09:00,2702.97085645003,2720.3533056876513,2659.5147333559785,2698.625244140625,360600,0.0,0.0
2021-02-08 00:00:00+09:00,2720.353390066964,2755.1182896205355,2711.6621651785713,2737.73583984375,271600,0.0,0.0
2021-02-09 00:00:00+09:00,2763.8097241018704,2768.1553368756154,2720.3535963644194,2759.464111328125,227200,0.0,0.0
2021-02-10 00:00:00+09:00,2737.7359223701583,2802.9201109980195,2737.7359223701583,2776.846435546875,308000,0.0,0.0
2021-02-12 00:00:00+09:00,2763.8095942478553,2763.8095942478553,2611.713154312832,2659.514892578125,688000,0.0,0.0
2021-02-15 00:00:00+09:00,2694.2798666658387,2768.1552823647407,2694.2798666658387,2733.390380859375,431800,0.0,0.0
2021-02-16 00:00:00+09:00,2720.353209282942,2768.1549429923866,2707.3163728167297,2729.04443359375,424600,0.0,0.0
2021-02-17 00:00:00+09:00,2742.0814522879464,2763.8095145089283,2724.6990025111604,2737.73583984375,281000,0.0,0.0
2021-02-18 00:00:00+09:00,2737.7362090712522,2755.1186611923395,2633.4414963447284,2637.787109375,428200,0.0,0.0
2021-02-19 00:00:00+09:00,2607.367685678843,2620.404524107237,2546.529106346337,2572.602783203125,458400,0.0,0.0
2021-02-22 00:00:00+09:00,2607.367403423367,2633.4410774576004,2581.293729389133,2594.33056640625,256600,0.0,0.0
2021-02-24 00:00:00+09:00,2598.675874610036,2611.7127101013907,2559.5653681359718,2568.256591796875,328600,0.0,0.0
2021-02-25 00:00:00+09:00,2642.132422524958,2646.4780350620063,2598.676297154482,2611.713134765625,275000,0.0,0.0
2021-02-26 00:00:00+09:00,2598.6765625,2598.6765625,2537.837980769231,2542.18359375,327200,0.0,0.0
2021-03-01 00:00:00+09:00,2576.94781341298,2607.3670962020033,2555.219754277963,2603.021484375,179600,0.0,0.0
2021-03-02 00:00:00+09:00,2646.477914474717,2655.169139152795,2559.5656676939384,2594.33056640625,247000,0.0,0.0
2021-03-03 00:00:00+09:00,2629.0957933683994,2650.8238577764027,2598.6765031971945,2633.44140625,208400,0.0,0.0
2021-03-04 00:00:00+09:00,2646.478054869409,2681.2429554259857,2616.058766882404,2659.514892578125,278600,0.0,0.0
2021-03-05 00:00:00+09:00,2681.2429830411584,2694.2798208841464,2633.4412442835364,2672.5517578125,352600,0.0,0.0
2021-03-08 00:00:00+09:00,2729.044253451153,2729.044253451153,2668.2056872914136,2685.588134765625,299000,0.0,0.0
2021-03-09 00:00:00+09:00,2729.0448953125,2729.0448953125,2676.897540625,2716.008056640625,204400,0.0,0.0
2021-03-10 00:00:00+09:00,2733.390425283097,2807.26584218264,2716.00797424791,2794.22900390625,568800,0.0,0.0
2021-03-11 00:00:00+09:00,2815.95703125,2863.7587709780096,2811.611418547454,2815.95703125,400000,0.0,0.0
2021-03-12 00:00:00+09:00,2824.647966735566,2911.5602118658912,2785.53745642692,2907.214599609375,592000,0.0,0.0
2021-03-15 00:00:00+09:00,2928.9427457826328,2981.0900943722345,2911.5602962527655,2946.3251953125,279600,0.0,0.0
2021-03-16 00:00:00+09:00,2955.0168958489508,2968.053735095343,2894.1783126991195,2898.52392578125,228000,0.0,0.0
2021-03-17 00:00:00+09:00,2881.14111328125,2898.5235634367928,2815.9569251979638,2881.14111328125,235800,0.0,0.0
2021-03-18 00:00:00+09:00,2907.2146279471262,2963.7075878324963,2902.8690156482517,2920.25146484375,216200,0.0,0.0
2021-03-19 00:00:00+09:00,2915.9061865161825,2941.979863295761,2876.7956713468147,2924.597412109375,253400,0.0,0.0
2021-03-22 00:00:00+09:00,2898.5233517910574,2898.5233517910574,2833.33916846742,2859.412841796875,279400,0.0,0.0
2021-03-23 00:00:00+09:00,2863.7588080469964,2881.1412590821833,2794.22900390625,2794.22900390625,250600,0.0,0.0
2021-03-24 00:00:00+09:00,2768.1550636774377,2781.191900712025,2729.044552573675,2746.427001953125,299600,0.0,0.0
2021-03-25 00:00:00+09:00,2776.846705926913,2820.30283591012,2772.5010929285922,2789.883544921875,220600,0.0,0.0
2021-03-26 00:00:00+09:00,2815.956912970691,2850.721813130823,2781.192012810559,2798.574462890625,325600,0.0,0.0
2021-03-29 00:00:00+09:00,2820.30268045903,2828.9939059766234,2755.11848907708,2794.22900390625,434800,0.0,0.0
2021-03-30 00:00:00+09:00,2802.947306315104,2837.8206787109375,2781.1514485677085,2824.7431640625,267200,10.0,0.0
2021-03-31 00:00:00+09:00,2798.588175904282,2798.588175904282,2750.637288155143,2768.073974609375,294600,0.0,0.0
2021-04-01 00:00:00+09:00,2785.5108242064857,2811.665855419692,2768.0741367310147,2776.79248046875,228000,0.0,0.0
2021-04-02 00:00:00+09:00,2798.588134765625,2837.8206787109375,2789.8697916666665,2824.7431640625,235000,0.0,0.0
2021-04-05 00:00:00+09:00,2833.46187280986,2855.2577333699355,2816.025184361799,2837.821044921875,277200,0.0,0.0
2021-04-06 00:00:00+09:00,2829.102170562744,2850.898027038574,2776.7921150207517,2789.86962890625,252400,0.0,0.0
2021-04-07 00:00:00+09:00,2824.7435285858296,2863.976077593966,2811.6660122497838,2837.821044921875,358800,0.0,0.0
2021-04-08 00:00:00+09:00,2816.024534803898,2824.742877016913,2776.7919948453296,2802.947021484375,257200,0.0,0.0
2021-04-09 00:00:00+09:00,2802.9469812997377,2855.2570338278824,2794.228639211714,2807.30615234375,331000,0.0,0.0
2021-04-12 00:00:00+09:00,2811.665486905597,2842.1796859882934,2789.8696304179566,2816.024658203125,258000,0.0,0.0
2021-04-13 00:00:00+09:00,2833.461548040234,2855.257406102082,2807.3065183660165,2820.384033203125,356200,0.0,0.0
2021-04-14 00:00:00+09:00,2794.228800201416,2798.5879714965818,2768.07377243042,2789.86962890625,243000,0.0,0.0
2021-04-15 00:00:00+09:00,2807.3062329633954,2824.742917640187,2781.1512059482084,2798.587890625,195200,0.0,0.0
2021-04-16 00:00:00+09:00,2794.2291267418937,2794.2291267418937,2768.0740959143563,2781.151611328125,166600,0.0,0.0
2021-04-19 00:00:00+09:00,2763.714601135254,2807.306314086914,2763.714601135254,2789.86962890625,147000,0.0,0.0
2021-04-20 00:00:00+09:00,2746.278034758683,2750.637206242427,2676.53129101878,2698.3271484375,347600,0.0,0.0
2021-04-21 00:00:00+09:00,2654.7351410116926,2654.7351410116926,2576.2700629522333,2598.06591796875,404800,0.0,0.0
2021-04-22 00:00:00+09:00,2650.3762609193013,2650.3762609193013,2602.425374619774,2619.862060546875,195800,0.0,0.0
2021-04-23 00:00:00+09:00,2589.3478597689077,2611.1437171743696,2576.2703453256304,2593.70703125,185600,0.0,0.0
2021-04-26 00:00:00+09:00,2602.4250922218907,2641.6576313006126,2571.910895160662,2624.220947265625,321000,0.0,0.0
2021-04-27 00:00:00+09:00,2624.221233213853,2754.996377726171,2624.221233213853,2698.3271484375,523200,0.0,0.0
2021-04-28 00:00:00+09:00,2598.066122836339,2650.3761790008293,2567.5519234070534,2628.580322265625,617600,0.0,0.0
2021-04-30 00:00:00+09:00,2615.502888237479,2628.5804026786664,2558.8336589923333,2567.552001953125,355800,0.0,0.0
2021-05-06 00:00:00+09:00,2602.4250922218907,2654.735144326853,2593.706750204397,2624.220947265625,397000,0.0,0.0
2021-05-07 00:00:00+09:00,2654.73571657667,2685.2499202154822,2646.017372679866,2667.813232421875,357600,0.0,0.0
2021-05-10 00:00:00+09:00,2711.4047444008324,2733.2006024747943,2698.3272295564557,2715.763916015625,380600,0.0,0.0
2021-05-11 00:00:00+09:00,2680.890587471627,2680.890587471627,2567.5521236110376,2580.629638671875,410000,0.0,0.0
2021-05-12 00:00:00+09:00,2593.707029980638,2602.425372938556,2458.572714132907,2515.241943359375,429000,0.0,0.0
2021-05-13 00:00:00+09:00,2497.805008987832,2523.960035259956,2462.931640625,2462.931640625,304200,0.0,0.0
2021-05-14 00:00:00+09:00,2497.805215464885,2523.9602438990723,2462.931844219302,2467.291015625,376000,0.0,0.0
2021-05-17 00:00:00+09:00,2497.8052136803362,2497.8052136803362,2397.544271420916,2414.98095703125,269600,0.0,0.0
2021-05-18 00:00:00+09:00,2449.854130466014,2502.164183073829,2436.77661731406,2489.086669921875,269400,0.0,0.0
2021-05-19 00:00:00+09:00,2445.4952392578125,2449.8544108072915,2406.2626953125,2406.2626953125,259000,0.0,0.0
2021-05-20 00:00:00+09:00,2397.5445928539425,2436.777140737007,2397.5445928539425,2432.41796875,185000,0.0,0.0
2021-05-21 00:00:00+09:00,2449.854127488938,2476.009153761062,2436.776614352876,2462.931640625,240600,0.0,0.0
2021-05-24 00:00:00+09:00,2458.572552243519,2515.241777738494,2458.572552243519,2480.368408203125,148200,0.0,0.0
2021-05-25 00:00:00+09:00,2506.52335412448,2510.8825251751314,2471.64998571927,2489.086669921875,172800,0.0,0.0
2021-05-26 00:00:00+09:00,2467.2908946273615,2489.0867505869674,2462.9317234354403,2480.368408203125,183200,0.0,0.0
2021-05-27 00:00:00+09:00,2480.36844508768,2493.445958857914,2423.69921875,2423.69921875,306000,0.0,0.0
2021-05-28 00:00:00+09:00,2467.29097767568,2541.3968904327235,2454.213463659731,2523.960205078125,416400,0.0,0.0
2021-05-31 00:00:00+09:00,2489.0868726534895,2489.0868726534895,2441.1359871908126,2467.291015625,286400,0.0,0.0
2021-06-01 00:00:00+09:00,2489.0868726534895,2502.164386870583,2436.7768157851146,2467.291015625,204200,0.0,0.0
2021-06-02 00:00:00+09:00,2432.4177649381104,2458.572794668628,2428.058593316358,2454.213623046875,354800,0.0,0.0
2021-06-03 00:00:00+09:00,2454.213338649019,2502.164220931682,2449.8541675324136,2458.572509765625,242000,0.0,0.0
2021-06-04 00:00:00+09:00,2458.5725922920333,2489.0867911325377,2441.135907240317,2476.00927734375,174000,0.0,0.0
2021-06-07 00:00:00+09:00,2489.0869960208984,2489.0869960208984,2454.213623046875,2454.213623046875,144600,0.0,0.0
2021-06-08 00:00:00+09:00,2436.7770191089526,2454.213706186655,2410.6219884923985,2419.34033203125,233600,0.0,0.0
2021-06-09 00:00:00+09:00,2419.340086556523,2419.340086556523,2393.18505859375,2393.18505859375,269000,0.0,0.0
2021-06-10 00:00:00+09:00,2397.5445928539425,2445.495484711021,2371.3895609318997,2432.41796875,375400,0.0,0.0
2021-06-11 00:00:00+09:00,2414.9806285511363,2414.9806285511363,2375.7480912642045,2397.5439453125,384800,0.0,0.0
2021-06-14 00:00:00+09:00,2410.6219884923985,2428.058675570101,2397.5444731841217,2419.34033203125,173200,0.0,0.0
2021-06-15 00:00:00+09:00,2406.2627356373428,2449.854451862657,2406.2627356373428,2428.05859375,217400,0.0,0.0
2021-06-16 00:00:00+09:00,2432.4177649381104,2462.931966290381,2432.4177649381104,2454.213623046875,186400,0.0,0.0
2021-06-17 00:00:00+09:00,2467.291344646057,2467.291344646057,2423.6996247759857,2432.41796875,217400,0.0,0.0
2021-06-18 00:00:00+09:00,2428.058429210781,2428.058429210781,2393.18505859375,2393.18505859375,244600,0.0,0.0
2021-06-21 00:00:00+09:00,2340.8749123717907,2340.8749123717907,2258.0506603511876,2271.128173828125,407800,0.0,0.0
2021-06-22 00:00:00+09:00,2349.5929777922456,2367.029660373264,2327.7971245659724,2353.9521484375,300000,0.0,0.0
2021-06-23 00:00:00+09:00,2388.82642512535,2388.82642512535,2332.157185113252,2336.516357421875,186800,0.0,0.0
2021-06-24 00:00:00+09:00,2353.9525139664806,2362.670856610801,2336.51582867784,2340.875,175200,0.0,0.0
2021-06-25 00:00:00+09:00,2367.029660373264,2371.3888310185184,2332.1562952112267,2353.9521484375,281400,0.0,0.0
2021-06-28 00:00:00+09:00,2349.59310165602,2371.3889560313078,2349.59310165602,2367.02978515625,193000,0.0,0.0
2021-06-29 00:00:00+09:00,2375.7486581274507,2380.1078299772257,2336.516111479474,2362.671142578125,255600,0.0,0.0
2021-06-30 00:00:00+09:00,2353.9522725310776,2384.46646865648,2353.9522725310776,2367.02978515625,242200,0.0,0.0
2021-07-01 00:00:00+09:00,2388.826173676776,2388.826173676776,2336.516111479474,2362.671142578125,218600,0.0,0.0
2021-07-02 00:00:00+09:00,2345.234453410128,2401.9036874144617,2345.234453410128,2388.826171875,178400,0.0,0.0
2021-07-05 00:00:00+09:00,2388.826173676776,2388.826173676776,2353.952798878575,2362.671142578125,148200,0.0,0.0
2021-07-06 00:00:00+09:00,2358.3116446002264,2362.670815847177,2340.8749596124244,2345.234130859375,155200,0.0,0.0
2021-07-07 00:00:00+09:00,2288.564901025576,2323.438270945966,2284.2057297855276,2292.924072265625,308000,0.0,0.0
2021-07-08 00:00:00+09:00,2279.8470030464305,2314.7203797660695,2279.8470030464305,2297.28369140625,279400,0.0,0.0
2021-07-09 00:00:00+09:00,2258.050700495793,2266.76904296875,2214.4589881310094,2266.76904296875,429600,0.0,0.0
2021-07-12 00:00:00+09:00,2327.797766024179,2393.1853437214872,2323.438594177692,2388.826171875,464400,0.0,0.0
2021-07-13 00:00:00+09:00,2419.340371268136,2445.495402308873,2397.5445120675226,2441.13623046875,407200,0.0,0.0
2021-07-14 00:00:00+09:00,2397.5444731841217,2441.1361908783783,2388.82612964527,2419.34033203125,249400,0.0,0.0
2021-07-15 00:00:00+09:00,2419.3403748004107,2436.7770621863597,2371.389484489051,2388.826171875,241600,0.0,0.0
2021-07-16 00:00:00+09:00,2375.748697172789,2410.6220725441326,2367.030353329953,2384.467041015625,271600,0.0,0.0
2021-07-19 00:00:00+09:00,2340.8752042153724,2340.8752042153724,2292.924315488428,2319.079345703125,248600,0.0,0.0
2021-07-20 00:00:00+09:00,2288.5648991511416,2288.5648991511416,2258.050700495793,2266.76904296875,362000,0.0,0.0
2021-07-21 00:00:00+09:00,2310.360714258937,2314.719885417916,2262.409831510167,2271.128173828125,378600,0.0,0.0
2021-07-26 00:00:00+09:00,2314.7201740006753,2327.797689108024,2288.5651437859788,2319.079345703125,278400,0.0,0.0
2021-07-27 00:00:00+09:00,2319.079103377672,2353.952473353276,2314.7199321307216,2345.234130859375,200600,0.0,0.0
2021-07-28 00:00:00+09:00,2353.9521087251615,2371.3887910120147,2336.5154264383086,2358.311279296875,366000,0.0,0.0
2021-07-29 00:00:00+09:00,2340.8749216062215,2384.466633367976,2332.1565792538704,2375.748291015625,186600,0.0,0.0
2021-07-30 00:00:00+09:00,2393.1849757203267,2401.903318072678,2358.3116063109233,2375.748291015625,396000,0.0,0.0
2021-08-02 00:00:00+09:00,2266.7696004839086,2380.108080508104,2266.7696004839086,2336.516357421875,518800,0.0,0.0
2021-08-03 00:00:00+09:00,2323.438395334404,2349.5934241749414,2306.0017094407126,2332.15673828125,356600,0.0,0.0
2021-08-04 00:00:00+09:00,2332.156945148497,2340.8752888686786,2262.4101953870468,2284.2060546875,261200,0.0,0.0
2021-08-05 00:00:00+09:00,2253.6912074765023,2288.5645723890984,2244.9728662483535,2275.487060546875,197200,0.0,0.0
2021-08-06 00:00:00+09:00,2284.2055305437852,2319.0788974223165,2275.4871888241523,2314.7197265625,221600,0.0,0.0
2021-08-10 00:00:00+09:00,2336.515580861582,2345.2339225812148,2301.642213983051,2314.7197265625,215200,0.0,0.0
2021-08-11 00:00:00+09:00,2327.7972472807323,2375.748126906365,2327.7972472807323,2367.02978515625,150800,0.0,0.0
2021-08-12 00:00:00+09:00,2401.9031521567103,2410.6214939068254,2358.311443406135,2367.02978515625,164600,0.0,0.0
2021-08-13 00:00:00+09:00,2384.466921239867,2384.466921239867,2306.0018305957765,2319.079345703125,292400,0.0,0.0
2021-08-16 00:00:00+09:00,2288.5646071943265,2288.5646071943265,2240.613729710255,2244.972900390625,219200,0.0,0.0
2021-08-17 00:00:00+09:00,2249.332313282785,2275.487340181422,2218.818115234375,2218.818115234375,193000,0.0,0.0
2021-08-18 00:00:00+09:00,2223.1773287405763,2258.0506986031737,2201.3814725764532,2240.614013671875,247800,0.0,0.0
2021-08-19 00:00:00+09:00,2218.8186863404526,2236.2553754276073,2201.381997253298,2210.100341796875,225400,0.0,0.0
2021-08-20 00:00:00+09:00,2188.3042832347546,2192.663455113708,2151.251322263648,2153.430908203125,274000,0.0,0.0
2021-08-23 00:00:00+09:00,2170.8673515470605,2214.4590654335475,2168.687765852736,2205.74072265625,216000,0.0,0.0
2021-08-24 00:00:00+09:00,2210.0999352143467,2240.6141355033024,2201.3815922746453,2227.53662109375,199800,0.0,0.0
2021-08-25 00:00:00+09:00,2244.973020553589,2279.846387863159,2231.8955078125,2231.8955078125,140400,0.0,0.0
2021-08-26 00:00:00+09:00,2227.536540189449,2249.332396747076,2223.177368877924,2236.2548828125,142600,0.0,0.0
2021-08-27 00:00:00+09:00,2214.4591066841976,2231.895792563601,2197.0224208047944,2227.53662109375,214800,0.0,0.0
2021-08-30 00:00:00+09:00,2249.3327202587234,2284.206095766611,2244.9735483202376,2279.846923828125,196200,0.0,0.0
2021-08-31 00:00:00+09:00,2266.7694867765654,2314.7203797660695,2258.0511425966556,2297.28369140625,247800,0.0,0.0
2021-09-01 00:00:00+09:00,2297.2834468075753,2332.1568198141417,2292.924275181754,2323.4384765625,291200,0.0,0.0
2021-09-02 00:00:00+09:00,2323.4379539207175,2362.670489728009,2319.078783275463,2353.9521484375,245800,0.0,0.0
2021-09-03 00:00:00+09:00,2380.107506182554,2428.0583900067445,2371.389163669065,2423.69921875,288200,0.0,0.0
2021-09-06 00:00:00+09:00,2467.291015625,2476.009358436396,2432.4176443794167,2467.291015625,332000,0.0,0.0
2021-09-07 00:00:00+09:00,2471.64998571927,2510.8825251751314,2471.64998571927,2489.086669921875,253800,0.0,0.0
2021-09-08 00:00:00+09:00,2480.3684916916286,2523.960205078125,2476.009320352979,2523.960205078125,281000,0.0,0.0
2021-09-09 00:00:00+09:00,2484.727619869608,2510.882647447183,2462.931763554963,2476.00927734375,298600,0.0,0.0
2021-09-10 00:00:00+09:00,2519.6011965013586,2545.756226222826,2493.4461667798914,2506.523681640625,674400,0.0,0.0
2021-09-13 00:00:00+09:00,2510.882650862069,2528.3193359375,2493.445965786638,2528.3193359375,270400,0.0,0.0
2021-09-14 00:00:00+09:00,2532.6786301099587,2567.552001953125,2532.6786301099587,2567.552001953125,324400,0.0,0.0
2021-09-15 00:00:00+09:00,2528.3197011015222,2558.8339043906785,2523.9605292030715,2541.397216796875,259400,0.0,0.0
2021-09-16 00:00:00+09:00,2576.270262419872,2580.6294337606837,2545.756063034188,2550.115234375,355800,0.0,0.0
2021-09-17 00:00:00+09:00,2550.1153564453125,2576.2703857421875,2550.1153564453125,2563.19287109375,293400,0.0,0.0
2021-09-21 00:00:00+09:00,2476.009194232048,2489.086707581865,2458.572509765625,2458.572509765625,279200,0.0,0.0
2021-09-22 00:00:00+09:00,2388.8260091145835,2428.058553059896,2375.748494466146,2406.2626953125,397400,0.0,0.0
2021-09-24 00:00:00+09:00,2489.086666897124,2493.4458379424777,2458.572469579646,2462.931640625,269400,0.0,0.0
2021-09-27 00:00:00+09:00,2449.854451862657,2458.5727951077197,2419.340250504937,2428.05859375,251800,0.0,0.0
2021-09-28 00:00:00+09:00,2441.135825299202,2471.650023115442,2428.058311949385,2458.572509765625,308000,0.0,0.0
2021-09-29 00:00:00+09:00,2421.2881640625,2434.447338867187,2386.19703125,2412.515380859375,282200,17.5,0.0
2021-09-30 00:00:00+09:00,2408.1292257869945,2412.5156178193934,2377.4244815602024,2386.197265625,400600,0.0,0.0
2021-10-01 00:00:00+09:00,2355.4924233646716,2368.651598914195,2316.0148967161017,2329.174072265625,326600,0.0,0.0
2021-10-04 00:00:00+09:00,2346.719631231399,2364.2651985677085,2289.696537388393,2302.855712890625,320200,0.0,0.0
2021-10-05 00:00:00+09:00,2276.5375118514867,2280.9239039745144,2237.059982744235,2258.991943359375,364000,0.0,0.0
2021-10-06 00:00:00+09:00,2285.3104575319535,2329.1743818607815,2223.900963471594,2241.446533203125,303400,0.0,0.0
2021-10-07 00:00:00+09:00,2263.3783321380615,2285.3102927207947,2241.4463715553284,2245.832763671875,248600,0.0,0.0
2021-10-08 00:00:00+09:00,2333.560129936551,2346.719303601607,2298.4690001630693,2311.628173828125,515000,0.0,0.0
2021-10-11 00:00:00+09:00,2316.014900807584,2351.106035668305,2298.469333377224,2342.333251953125,291600,0.0,0.0
2021-10-12 00:00:00+09:00,2316.0150574882077,2337.947018259876,2311.628665333874,2324.787841796875,243200,0.0,0.0
2021-10-13 00:00:00+09:00,2324.787759185964,2346.7197191782843,2289.6966231982515,2320.4013671875,357400,0.0,0.0
2021-10-14 00:00:00+09:00,2346.7196396649892,2346.7196396649892,2302.8557211665784,2329.174072265625,264000,0.0,0.0
2021-10-15 00:00:00+09:00,2355.4921330003685,2425.674393946376,2355.4921330003685,2416.901611328125,310600,0.0,0.0
2021-10-18 00:00:00+09:00,2430.061519873403,2443.2206977788546,2390.5839861570485,2403.7431640625,188800,0.0,0.0
2021-10-19 00:00:00+09:00,2408.129229390425,2421.2884055073127,2377.4244851176873,2399.3564453125,151600,0.0,0.0
2021-10-20 00:00:00+09:00,2416.90201346835,2443.220365702125,2390.5836612345747,2399.3564453125,165200,0.0,0.0
2021-10-21 00:00:00+09:00,2416.901430583132,2438.833385488605,2381.810302734375,2381.810302734375,231800,0.0,0.0
2021-10-22 00:00:00+09:00,2337.946627242477,2390.583324291088,2329.1738444010416,2368.6513671875,200600,0.0,0.0
2021-10-25 00:00:00+09:00,2355.49251783445,2390.58365404055,2351.1061258086875,2373.0380859375,208600,0.0,0.0
2021-10-26 00:00:00+09:00,2416.902189693349,2469.53889799883,2403.743012616979,2460.76611328125,378200,0.0,0.0
2021-10-27 00:00:00+09:00,2443.2205359417458,2465.152497664742,2399.3566124957542,2421.28857421875,195000,0.0,0.0
2021-10-28 00:00:00+09:00,2381.810552240728,2412.515292324863,2368.6513779189563,2394.9697265625,308200,0.0,0.0
2021-10-29 00:00:00+09:00,2390.5837370812674,2399.356521437529,2333.5606387655675,2377.424560546875,297200,0.0,0.0
2021-11-01 00:00:00+09:00,2478.3113621148964,2491.4705374889577,2443.2202277840656,2482.69775390625,397200,0.0,0.0
2021-11-02 00:00:00+09:00,2438.833567873752,2447.606350492003,2403.7424374007487,2416.901611328125,262800,0.0,0.0
2021-11-04 00:00:00+09:00,2482.697745186942,2482.697745186942,2438.8338274274556,2456.37939453125,258600,0.0,0.0
2021-11-05 00:00:00+09:00,2438.833567873752,2438.833567873752,2399.3560460916233,2416.901611328125,188800,0.0,0.0
2021-11-08 00:00:00+09:00,2430.0611895852376,2430.0611895852376,2381.81087715665,2399.3564453125,178400,0.0,0.0
2021-11-09 00:00:00+09:00,2386.1970012922934,2408.1289590247593,2324.787519641389,2333.560302734375,218800,0.0,0.0
2021-11-10 00:00:00+09:00,2351.106035668305,2351.106035668305,2307.242117092404,2342.333251953125,297600,0.0,0.0
2021-11-11 00:00:00+09:00,2324.7879295420157,2368.6518527409216,2324.7879295420157,2355.49267578125,162400,0.0,0.0
2021-11-12 00:00:00+09:00,2351.1062834613595,2403.7429913000465,2342.333498821578,2355.49267578125,253800,0.0,0.0
2021-11-15 00:00:00+09:00,2359.8788193834853,2364.2652112410756,2324.7876845227647,2342.333251953125,119400,0.0,0.0
2021-11-16 00:00:00+09:00,2337.946851788145,2351.1060273141575,2302.855717052113,2316.014892578125,162800,0.0,0.0
2021-11-17 00:00:00+09:00,2316.0149639423075,2324.7877478966343,2276.5374361478366,2280.923828125,197400,0.0,0.0
2021-11-18 00:00:00+09:00,2250.2191623997046,2285.3102994351775,2245.8327702702704,2272.151123046875,162800,0.0,0.0
2021-11-19 00:00:00+09:00,2276.537515176309,2280.9239073057433,2245.8327702702704,2272.151123046875,151400,0.0,0.0
2021-11-22 00:00:00+09:00,2237.0599046482107,2267.7646484375,2228.287120708414,2267.7646484375,152400,0.0,0.0
2021-11-24 00:00:00+09:00,2267.7646484375,2311.628568136485,2258.9918644977033,2267.7646484375,206600,0.0,0.0
2021-11-25 00:00:00+09:00,2280.923753720238,2311.6284965587797,2267.764578218006,2302.855712890625,158600,0.0,0.0
2021-11-26 00:00:00+09:00,2285.3101152692525,2285.3101152692525,2201.968671526228,2210.741455078125,337600,0.0,0.0
2021-11-29 00:00:00+09:00,2177.843319979581,2188.8092984286222,2112.0474492853336,2123.013427734375,389400,0.0,0.0
2021-11-30 00:00:00+09:00,2184.422974018704,2191.002561289845,2076.9563819234063,2081.3427734375,447800,0.0,0.0
2021-12-01 00:00:00+09:00,2068.1841699621873,2136.1732572037863,2065.990973599555,2125.207275390625,309800,0.0,0.0
2021-12-02 00:00:00+09:00,2087.9226179929124,2142.7525186754997,2079.1498338836986,2127.400146484375,358200,0.0,0.0
2021-12-03 00:00:00+09:00,2140.559412993921,2164.6845703125,2116.4342556753422,2164.6845703125,286000,0.0,0.0
2021-12-06 00:00:00+09:00,2153.718671499779,2191.003006953441,2138.3662980776826,2169.071044921875,191800,0.0,0.0
2021-12-07 00:00:00+09:00,2191.002696381518,2237.0598101192677,2175.6503251356016,2223.900634765625,339400,0.0,0.0
2021-12-08 00:00:00+09:00,2245.832766990291,2272.1511197284585,2210.7416300060677,2258.991943359375,306200,0.0,0.0
2021-12-09 00:00:00+09:00,2245.832509881423,2254.605293123147,2215.1277685353875,2219.51416015625,178200,0.0,0.0
2021-12-10 00:00:00+09:00,2188.809418810215,2237.0597266396985,2184.4230271893525,2219.51416015625,279600,0.0,0.0
2021-12-13 00:00:00+09:00,2254.6054725278045,2276.537432377297,2245.832688588008,2267.7646484375,286600,0.0,0.0
2021-12-14 00:00:00+09:00,2237.0599794387817,2258.991940021515,2223.900803089142,2245.832763671875,193400,0.0,0.0
2021-12-15 00:00:00+09:00,2241.446050146674,2272.1507905596427,2237.0596586591073,2254.605224609375,174600,0.0,0.0
2021-12-16 00:00:00+09:00,2298.4692335952495,2302.8556252624157,2272.1508835922505,2285.31005859375,252000,0.0,0.0
2021-12-17 00:00:00+09:00,2285.3102927207947,2289.6966848373413,2237.0599794387817,2245.832763671875,208400,0.0,0.0
2021-12-20 00:00:00+09:00,2206.355040879825,2215.1278243425677,2142.7523607749395,2144.945556640625,237000,0.0,0.0
2021-12-21 00:00:00+09:00,2180.0367017363733,2193.1958769983635,2160.2979388433882,2177.843505859375,171600,0.0,0.0
2021-12-22 00:00:00+09:00,2184.4234220393914,2193.1962068668586,2155.911871350122,2188.809814453125,191800,0.0,0.0
2021-12-23 00:00:00+09:00,2215.1281762310837,2232.6737459438054,2206.3553913747232,2228.287353515625,108200,0.0,0.0
2021-12-24 00:00:00+09:00,2245.832925636008,2250.219318068891,2223.900963471594,2241.446533203125,103400,0.0,0.0
2021-12-27 00:00:00+09:00,2237.0601383719854,2237.0601383719854,2206.3553913747232,2228.287353515625,136200,0.0,0.0
2021-12-28 00:00:00+09:00,2245.8321220930234,2263.377685546875,2237.0593403660973,2263.377685546875,145800,0.0,0.0
2021-12-29 00:00:00+09:00,2267.764076410338,2285.3096398641896,2237.0593403660973,2263.377685546875,149000,0.0,0.0
2021-12-30 00:00:00+09:00,2232.673587322235,2254.6055479049683,2223.900803089142,2245.832763671875,212000,0.0,0.0
2022-01-04 00:00:00+09:00,2276.537682148512,2294.083251953125,2258.9921123438994,2294.083251953125,175600,0.0,0.0
2022-01-05 00:00:00+09:00,2294.0830224153037,2346.7197265625,2285.3102383907712,2346.7197265625,226800,0.0,0.0
2022-01-06 00:00:00+09:00,2346.719546718452,2368.6515050989983,2294.0828466051407,2298.46923828125,225400,0.0,0.0
2022-01-07 00:00:00+09:00,2307.2420169295824,2333.5603669325815,2272.1508835922505,2285.31005859375,199200,0.0,0.0
2022-01-11 00:00:00+09:00,2250.219159113319,2280.9239039745144,2250.219159113319,2258.991943359375,153200,0.0,0.0
2022-01-12 00:00:00+09:00,2285.3101578044534,2346.7196438107153,2285.3101578044534,2342.333251953125,183000,0.0,0.0
2022-01-13 00:00:00+09:00,2359.8786520133344,2359.8786520133344,2324.787519641389,2333.560302734375,166000,0.0,0.0
2022-01-14 00:00:00+09:00,2289.6964549290315,2307.2420216334685,2267.764496548485,2298.46923828125,307600,0.0,0.0
2022-01-17 00:00:00+09:00,2320.4012844201293,2355.4924191561613,2311.628500736121,2316.014892578125,189400,0.0,0.0
2022-01-18 00:00:00+09:00,2359.8788913973385,2368.651675380228,2307.2421875,2307.2421875,214200,0.0,0.0
2022-01-19 00:00:00+09:00,2267.7644679857335,2280.92364284832,2206.3549852936635,2219.51416015625,213600,0.0,0.0
2022-01-20 00:00:00+09:00,2215.1278511965297,2237.0598101192677,2184.4231087046965,2223.900634765625,165200,0.0,0.0
2022-01-21 00:00:00+09:00,2180.0366259765624,2193.19580078125,2149.331884765625,2193.19580078125,167600,0.0,0.0
2022-01-24 00:00:00+09:00,2186.616227725166,2232.67333984375,2175.6502486493123,2232.67333984375,137400,0.0,0.0
2022-01-25 00:00:00+09:00,2210.741775282663,2210.741775282663,2162.491458758637,2182.230224609375,198800,0.0,0.0
2022-01-26 00:00:00+09:00,2197.58251953125,2219.5144808040172,2184.42334276759,2197.58251953125,228400,0.0,0.0
2022-01-27 00:00:00+09:00,2232.6736390802926,2232.6736390802926,2105.468264751553,2118.62744140625,289000,0.0,0.0
2022-01-28 00:00:00+09:00,2180.036947595068,2193.1961243411142,2133.979828983904,2184.42333984375,275800,0.0,0.0
2022-01-31 00:00:00+09:00,2182.229978499874,2219.5143097908267,2158.1048229586695,2175.650390625,383000,0.0,0.0
2022-02-01 00:00:00+09:00,2169.0707761878607,2206.3551070222325,2079.149742999082,2090.11572265625,418800,0.0,0.0
2022-02-02 00:00:00+09:00,2098.8883597363183,2149.3318626348923,2083.535989288926,2133.9794921875,270800,0.0,0.0
2022-02-03 00:00:00+09:00,2129.59326171875,2140.559241439238,2101.0817144454813,2129.59326171875,215800,0.0,0.0
2022-02-04 00:00:00+09:00,2120.8202320445666,2140.558993252841,2094.5018837668676,2123.013427734375,189800,0.0,0.0
2022-02-07 00:00:00+09:00,2092.309248168439,2123.0139960451243,2079.150070507002,2114.2412109375,252200,0.0,0.0
2022-02-08 00:00:00+09:00,2114.2410491880178,2149.332186933877,2114.2410491880178,2118.62744140625,216600,0.0,0.0
2022-02-09 00:00:00+09:00,2123.013677872313,2151.525225199111,2123.013677872313,2142.75244140625,319000,0.0,0.0
2022-02-10 00:00:00+09:00,2149.332279093466,2184.423418343971,2147.139082890309,2169.071044921875,333200,0.0,0.0
2022-02-14 00:00:00+09:00,2116.434157446417,2127.400137536813,2087.922609211387,2094.502197265625,311600,0.0,0.0
2022-02-15 00:00:00+09:00,2116.4340738334536,2136.172837216356,2076.956547067648,2090.11572265625,240200,0.0,0.0
2022-02-16 00:00:00+09:00,2127.3999048529035,2153.71825419129,2125.2067090747046,2133.9794921875,187600,0.0,0.0
2022-02-17 00:00:00+09:00,2133.9797380791333,2153.718502357358,2118.627365862737,2140.559326171875,190800,0.0,0.0
2022-02-18 00:00:00+09:00,2109.8546554549584,2125.2070282077493,2087.922694379543,2112.0478515625,238000,0.0,0.0
2022-02-21 00:00:00+09:00,2072.5703155806386,2090.115884389787,2059.4111389737777,2085.7294921875,142200,0.0,0.0
2022-02-22 00:00:00+09:00,2035.2861700858778,2046.252151605737,1998.0018329183563,2011.1610107421875,253800,0.0,0.0
2022-02-24 00:00:00+09:00,2000.1943229166666,2011.160300564236,1947.5576302083332,1973.8759765625,299400,0.0,0.0
2022-02-25 00:00:00+09:00,1982.6493397588315,2017.740478515625,1978.2629474142323,2017.740478515625,256000,0.0,0.0
2022-02-28 00:00:00+09:00,2035.2858512526795,2050.638222975491,2017.7402835694668,2046.2518310546875,225800,0.0,0.0
2022-03-01 00:00:00+09:00,2107.661459347417,2136.173008745457,2098.8886749172507,2112.0478515625,445000,0.0,0.0
2022-03-02 00:00:00+09:00,2096.6953125,2127.4000555700836,2085.729332832113,2096.6953125,339800,0.0,0.0
2022-03-03 00:00:00+09:00,2094.502191846013,2112.0477599452465,2061.6042516599496,2074.763427734375,425600,0.0,0.0
2022-03-04 00:00:00+09:00,2052.8311656605115,2065.9903397993608,2002.3876647949219,2026.5128173828125,439800,0.0,0.0
2022-03-07 00:00:00+09:00,1969.4898917410715,1976.0694793526786,1903.694015625,1919.04638671875,482000,0.0,0.0
2022-03-08 00:00:00+09:00,1894.9212959558824,1932.20562701057,1864.216552734375,1864.216552734375,863600,0.0,0.0
2022-03-09 00:00:00+09:00,1883.9552461478781,1951.944317894775,1883.9552461478781,1899.3076171875,609800,0.0,0.0
2022-03-10 00:00:00+09:00,1960.7172526220918,1995.808389134344,1949.7512724620128,1991.4219970703125,540800,0.0,0.0
2022-03-11 00:00:00+09:00,1989.2284411006735,2015.546788722733,1956.330506573099,2004.580810546875,484200,0.0,0.0
2022-03-14 00:00:00+09:00,2022.1263987331756,2083.5358772196496,2019.9332030729445,2057.217529296875,374600,0.0,0.0
2022-03-15 00:00:00+09:00,2055.024575430314,2101.081689714238,2050.63818359375,2050.63818359375,282200,0.0,0.0
2022-03-16 00:00:00+09:00,2052.8317039809344,2063.797685305619,2030.8997413315656,2041.86572265625,309000,0.0,0.0
2022-03-17 00:00:00+09:00,2133.9798260929606,2175.65055239899,2129.5934338502207,2171.26416015625,337000,0.0,0.0
2022-03-18 00:00:00+09:00,2155.9118664724106,2175.650632289554,2147.1390816647913,2162.491455078125,400600,0.0,0.0
2022-03-22 00:00:00+09:00,2193.196216441414,2250.219318068891,2184.4234315756485,2241.446533203125,413200,0.0,0.0
2022-03-23 00:00:00+09:00,2250.219159113319,2280.9239039745144,2237.059982744235,2258.991943359375,292600,0.0,0.0
2022-03-24 00:00:00+09:00,2215.1280253642317,2272.151123046875,2206.3552411053633,2272.151123046875,260200,0.0,0.0
2022-03-25 00:00:00+09:00,2285.309965022343,2285.309965022343,2237.0596586591073,2254.605224609375,221000,0.0,0.0
2022-03-28 00:00:00+09:00,2254.605224609375,2276.5371820472096,2237.0596586591073,2254.605224609375,149400,0.0,0.0
2022-03-29 00:00:00+09:00,2250.21900260793,2276.537353515625,2250.21900260793,2276.537353515625,196000,0.0,0.0
2022-03-30 00:00:00+09:00,2327.5212873492324,2327.5212873492324,2243.2871836165937,2274.32080078125,228000,27.5,0.0
2022-03-31 00:00:00+09:00,2229.9868929993872,2274.3206284466914,2216.6867723651962,2261.0205078125,280000,0.0,0.0
2022-04-01 00:00:00+09:00,2261.02053179488,2283.187399753653,2225.5535430608425,2256.587158203125,242000,0.0,0.0
2022-04-04 00:00:00+09:00,2252.1538568428855,2265.4539780447135,2216.686866971344,2243.287109375,181200,0.0,0.0
2022-04-05 00:00:00+09:00,2252.154126701733,2269.8876237623763,2229.9872553759283,2238.85400390625,205200,0.0,0.0
2022-04-06 00:00:00+09:00,2203.386593702363,2210.036653844322,2174.569666420541,2181.2197265625,191800,0.0,0.0
2022-04-07 00:00:00+09:00,2150.1865978953256,2150.1865978953256,2119.1529768947744,2136.886474609375,258800,0.0,0.0
2022-04-08 00:00:00+09:00,2141.319603354244,2145.7529772742323,2074.8189945544227,2092.552490234375,508000,0.0,0.0
2022-04-11 00:00:00+09:00,2110.285997789389,2114.719371734325,2065.952258340032,2068.1689453125,242000,0.0,0.0
2022-04-12 00:00:00+09:00,2052.652085612338,2057.085459447354,2008.3183472621797,2010.5350341796875,238200,0.0,0.0
2022-04-13 00:00:00+09:00,2039.3519907252676,2074.8189818683154,2037.135303778827,2072.602294921875,236800,0.0,0.0
2022-04-14 00:00:00+09:00,2070.385668945313,2101.419287109375,2065.952294921875,2083.685791015625,152000,0.0,0.0
2022-04-15 00:00:00+09:00,2070.385668945313,2083.685791015625,2043.7854248046876,2083.685791015625,117400,0.0,0.0
2022-04-18 00:00:00+09:00,2068.1688197659246,2068.1688197659246,1986.1514067634173,2023.8350830078125,370800,0.0,0.0
2022-04-19 00:00:00+09:00,2039.3516651857565,2077.035337259841,2021.6181724450107,2065.951904296875,262400,0.0,0.0
2022-04-20 00:00:00+09:00,2085.902392213347,2103.6358875775413,2072.6022706902013,2077.03564453125,196600,0.0,0.0
2022-04-21 00:00:00+09:00,2083.685551961263,2132.452660624186,2083.685551961263,2128.019287109375,235400,0.0,0.0
2022-04-22 00:00:00+09:00,2077.0355484250995,2110.2858506944444,2077.0355484250995,2094.76904296875,285000,0.0,0.0
2022-04-25 00:00:00+09:00,2041.5686641509876,2046.0020380145077,2006.101673242827,2030.4852294921875,294200,0.0,0.0
2022-04-26 00:00:00+09:00,2039.3515101459927,2050.4349422663513,2026.0513916015625,2026.0513916015625,201600,0.0,0.0
2022-04-27 00:00:00+09:00,1963.9845230136675,1981.718017578125,1941.8176548080958,1981.718017578125,451800,0.0,0.0
2022-04-28 00:00:00+09:00,2008.3182668420436,2079.252245361851,2006.1015800132998,2070.385498046875,311400,0.0,0.0
2022-05-02 00:00:00+09:00,2065.9521619287993,2103.6358387021787,2063.735475059777,2085.90234375,271800,0.0,0.0
2022-05-06 00:00:00+09:00,2096.9855790571733,2159.052805498612,2094.7688923985506,2145.752685546875,340000,0.0,0.0
2022-05-09 00:00:00+09:00,2110.2858024894626,2114.7191760241044,2079.2521877469703,2103.6357421875,248400,0.0,0.0
2022-05-10 00:00:00+09:00,2088.118801912007,2112.5023548005756,2070.385308902138,2105.852294921875,323800,0.0,0.0
2022-05-11 00:00:00+09:00,2074.818861607143,2103.6357902405753,2070.3854879712303,2094.76904296875,274800,0.0,0.0
2022-05-12 00:00:00+09:00,2092.552624602333,2096.985998806999,2054.8689438626725,2090.3359375,316400,0.0,0.0
2022-05-13 00:00:00+09:00,2214.470109081456,2318.6543884876905,2194.51992791856,2256.587158203125,964800,0.0,0.0
2022-05-16 00:00:00+09:00,2300.9208647460937,2300.9208647460937,2201.169960205078,2216.686767578125,507200,0.0,0.0
2022-05-17 00:00:00+09:00,2203.38648279555,2256.58696125339,2185.6529899762695,2247.72021484375,222200,0.0,0.0
2022-05-18 00:00:00+09:00,2265.4538813572303,2283.187375536152,2238.8536400888484,2261.0205078125,219400,0.0,0.0
2022-05-19 00:00:00+09:00,2221.1203618058953,2278.7542234894813,2221.1203618058953,2265.4541015625,351800,0.0,0.0
2022-05-20 00:00:00+09:00,2247.720292740759,2287.620652966926,2229.986799306907,2278.75390625,424200,0.0,0.0
2022-05-23 00:00:00+09:00,2296.487670184576,2296.487670184576,2256.587305258589,2274.32080078125,217600,0.0,0.0
2022-05-24 00:00:00+09:00,2292.0541512373557,2340.8212608381505,2278.7540304371387,2300.9208984375,536000,0.0,0.0
2022-05-25 00:00:00+09:00,2314.220703125,2327.520822108477,2278.7537191690612,2314.220703125,721200,0.0,0.0
2022-05-26 00:00:00+09:00,2300.9210454820445,2323.0879148990202,2287.6209238318593,2318.654541015625,543000,0.0,0.0
2022-05-27 00:00:00+09:00,2345.2546627160273,2362.9881573301373,2314.221047141335,2340.8212890625,383800,0.0,0.0
2022-05-30 00:00:00+09:00,2371.855200013118,2385.155322630014,2358.5550773962223,2376.28857421875,527400,0.0,0.0
2022-05-31 00:00:00+09:00,2331.9544651961373,2354.1213327360247,2305.3542241482724,2309.78759765625,472400,0.0,0.0
2022-06-01 00:00:00+09:00,2305.3544453413283,2402.888671875,2296.4876974746307,2402.888671875,386200,0.0,0.0
2022-06-02 00:00:00+09:00,2394.0218039448127,2429.4887936328837,2385.155056522795,2425.055419921875,308000,0.0,0.0
2022-06-03 00:00:00+09:00,2447.222240010246,2447.222240010246,2407.321877401383,2433.922119140625,278800,0.0,0.0
2022-06-06 00:00:00+09:00,2438.3560016591064,2482.6897471438174,2416.1891289167506,2473.822998046875,335800,0.0,0.0
2022-06-07 00:00:00+09:00,2473.822489599352,2535.8897205211997,2469.389115962077,2522.589599609375,346800,0.0,0.0
2022-06-08 00:00:00+09:00,2495.9895511233035,2562.490160833516,2491.556177142623,2531.45654296875,300400,0.0,0.0
2022-06-09 00:00:00+09:00,2531.4565186400514,2580.2236319588615,2522.589770763904,2535.889892578125,417000,0.0,0.0
2022-06-10 00:00:00+09:00,2522.589669426568,2522.589669426568,2447.2223155069696,2464.955810546875,554800,0.0,0.0
2022-06-13 00:00:00+09:00,2385.155347364194,2394.0220958674067,2336.3882305965244,2371.855224609375,407200,0.0,0.0
2022-06-14 00:00:00+09:00,2336.388086569287,2407.3220702222447,2336.388086569287,2398.455322265625,395400,0.0,0.0
2022-06-15 00:00:00+09:00,2407.3218975988902,2407.3218975988902,2362.9881609948593,2385.155029296875,225400,0.0,0.0
2022-06-16 00:00:00+09:00,2460.522458697678,2473.8225800960436,2411.7553469036698,2416.188720703125,291600,0.0,0.0
2022-06-17 00:00:00+09:00,2327.521266294329,2380.721752381057,2318.654518613208,2367.421630859375,290800,0.0,0.0
2022-06-20 00:00:00+09:00,2371.8550261558844,2371.8550261558844,2252.153931377924,2274.32080078125,528000,0.0,0.0
2022-06-21 00:00:00+09:00,2318.6547335900996,2389.5887216158003,2318.6547335900996,2371.855224609375,380200,0.0,0.0
2022-06-22 00:00:00+09:00,2385.154657818363,2398.4547767281306,2362.98779296875,2362.98779296875,232000,0.0,0.0
2022-06-23 00:00:00+09:00,2287.6207776372835,2331.954513638006,2278.7540304371387,2300.9208984375,411800,0.0,0.0
2022-06-24 00:00:00+09:00,2305.3541464007785,2305.3541464007785,2265.453786174611,2278.75390625,311600,0.0,0.0
2022-06-27 00:00:00+09:00,2323.0877181801825,2336.3878387041145,2292.0541036243403,2309.78759765625,217200,0.0,0.0
2022-06-28 00:00:00+09:00,2309.7877450706847,2327.521240234375,2300.920997488839,2327.521240234375,198800,0.0,0.0
2022-06-29 00:00:00+09:00,2292.0539315124274,2305.3540510376447,2269.8870656370655,2296.4873046875,455200,0.0,0.0
2022-06-30 00:00:00+09:00,2296.4877939299336,2300.9211680494896,2238.8539303757075,2252.154052734375,384600,0.0,0.0
2022-07-01 00:00:00+09:00,2265.453852061502,2287.620719498503,2210.0366834689994,2221.1201171875,304200,0.0,0.0
2022-07-04 00:00:00+09:00,2247.72021484375,2265.45370766303,2229.98672202447,2247.72021484375,209800,0.0,0.0
2022-07-05 00:00:00+09:00,2283.1872004823103,2287.62057368713,2247.72021484375,2247.72021484375,211000,0.0,0.0
2022-07-06 00:00:00+09:00,2194.5200680622465,2207.8201896868663,2174.569885625317,2185.6533203125,193400,0.0,0.0
2022-07-07 00:00:00+09:00,2212.2538213528583,2225.5539445273243,2170.1367646337153,2205.603759765625,203800,0.0,0.0
2022-07-08 00:00:00+09:00,2221.1201459099266,2314.220990349265,2214.470085592831,2261.0205078125,515800,0.0,0.0
2022-07-11 00:00:00+09:00,2305.3543202973888,2318.6544413760275,2269.8873307543518,2292.05419921875,263000,0.0,0.0
2022-07-12 00:00:00+09:00,2274.320510451858,2274.320510451858,2183.436357500078,2214.469970703125,338200,0.0,0.0
2022-07-13 00:00:00+09:00,2221.119826451448,2243.2866909868912,2214.4697670908145,2229.986572265625,212000,0.0,0.0
2022-07-14 00:00:00+09:00,2216.68660241001,2261.02033445821,2212.2532292051897,2247.72021484375,220600,0.0,0.0
2022-07-15 00:00:00+09:00,2247.7204555457747,2247.7204555457747,2196.7366582306336,2203.38671875,322400,0.0,0.0
2022-07-19 00:00:00+09:00,2225.55380801704,2252.154052734375,2216.687059777928,2252.154052734375,261600,0.0,0.0
2022-07-20 00:00:00+09:00,2305.3544193654398,2323.0879148990202,2292.0542977152545,2318.654541015625,319200,0.0,0.0
2022-07-21 00:00:00+09:00,2300.920973629099,2331.95458984375,2292.054226139199,2331.95458984375,284400,0.0,0.0
2022-07-22 00:00:00+09:00,2336.3879154089723,2345.2546627160273,2314.221047141335,2340.8212890625,244400,0.0,0.0
2022-07-25 00:00:00+09:00,2336.3879635887,2340.8213373336503,2309.7877211189993,2331.95458984375,295400,0.0,0.0
2022-07-26 00:00:00+09:00,2349.6880122799503,2362.9881331041765,2336.3878914557245,2345.254638671875,146600,0.0,0.0
2022-07-27 00:00:00+09:00,2331.954470302201,2354.121337890625,2300.9208556784074,2354.121337890625,246000,0.0,0.0
2022-07-28 00:00:00+09:00,2354.1214100230823,2354.1214100230823,2323.08779444839,2340.8212890625,197000,0.0,0.0
2022-07-29 00:00:00+09:00,2354.1213327360247,2354.1213327360247,2292.0541036243403,2309.78759765625,354000,0.0,0.0
2022-08-01 00:00:00+09:00,2318.654444656517,2358.5548079488854,2309.787697258213,2336.387939453125,346800,0.0,0.0
2022-08-02 00:00:00+09:00,2300.921263250686,2340.8216319775765,2278.7543917357466,2323.088134765625,410200,0.0,0.0
2022-08-03 00:00:00+09:00,2300.921263250686,2327.521509068613,2292.0545146447103,2323.088134765625,183800,0.0,0.0
2022-08-04 00:00:00+09:00,2318.6543687086837,2327.521115816556,2296.487500939002,2305.354248046875,200200,0.0,0.0
2022-08-05 00:00:00+09:00,2300.9209025911214,2358.5547594961013,2283.18740815882,2345.254638671875,221800,0.0,0.0
2022-08-08 00:00:00+09:00,2345.2547616565716,2376.288378540496,2340.8213878160113,2367.421630859375,249200,0.0,0.0
2022-08-09 00:00:00+09:00,2376.288253928403,2376.288253928403,2323.087770631498,2345.254638671875,163000,0.0,0.0
2022-08-10 00:00:00+09:00,2349.688060550581,2354.1214342497333,2296.487576160757,2336.387939453125,215400,0.0,0.0
2022-08-12 00:00:00+09:00,2425.055371894211,2433.922119140625,2376.288262038934,2433.922119140625,435400,0.0,0.0
2022-08-15 00:00:00+09:00,2429.48876953125,2442.7888905323334,2411.7552748631388,2429.48876953125,156400,0.0,0.0
2022-08-16 00:00:00+09:00,2416.188349971065,2425.055096209491,2380.7213650173608,2394.021484375,252200,0.0,0.0
2022-08-17 00:00:00+09:00,2407.3219250778393,2425.055419921875,2394.0218039448127,2425.055419921875,228600,0.0,0.0
2022-08-18 00:00:00+09:00,2407.32177734375,2420.6218976605664,2398.4550304658724,2407.32177734375,136600,0.0,0.0
2022-08-19 00:00:00+09:00,2433.922191577953,2433.922191577953,2411.755322802198,2420.6220703125,142400,0.0,0.0
2022-08-22 00:00:00+09:00,2376.288452374076,2402.888696243935,2367.421704417456,2398.455322265625,181000,0.0,0.0
2022-08-23 00:00:00+09:00,2362.98779296875,2376.2879118785177,2358.554419998827,2362.98779296875,195000,0.0,0.0
2022-08-24 00:00:00+09:00,2394.0218739027387,2394.0218739027387,2367.421630859375,2367.421630859375,160000,0.0,0.0
2022-08-25 00:00:00+09:00,2380.721973112588,2380.721973112588,2354.1217276029497,2371.855224609375,227400,0.0,0.0
2022-08-26 00:00:00+09:00,2376.2883027454936,2380.7216764446457,2327.521192054821,2336.387939453125,263200,0.0,0.0
2022-08-29 00:00:00+09:00,2300.9208697150734,2300.9208697150734,2256.5871342677697,2261.0205078125,414400,0.0,0.0
2022-08-30 00:00:00+09:00,2305.3544193654398,2340.8214104326003,2300.9210454820445,2318.654541015625,341200,0.0,0.0
2022-08-31 00:00:00+09:00,2292.0541319649174,2358.5547354068394,2292.0541319649174,2349.68798828125,305000,0.0,0.0
2022-09-01 00:00:00+09:00,2309.787645637645,2340.8212608381505,2278.7540304371387,2300.9208984375,241600,0.0,0.0
2022-09-02 00:00:00+09:00,2305.354368932039,2309.7877427184467,2261.0206310679614,2283.1875,258400,0.0,0.0
2022-09-05 00:00:00+09:00,2278.7540781401112,2305.3543202973888,2269.8873307543518,2292.05419921875,174800,0.0,0.0
2022-09-06 00:00:00+09:00,2305.3542241482724,2314.2209711642276,2283.1873566083855,2309.78759765625,153400,0.0,0.0
2022-09-07 00:00:00+09:00,2287.6209224232457,2287.6209224232457,2243.2871836165937,2274.32080078125,213600,0.0,0.0
2022-09-08 00:00:00+09:00,2300.9210454820445,2323.0879148990202,2269.8874282982792,2318.654541015625,292800,0.0,0.0
2022-09-09 00:00:00+09:00,2314.2211671322298,2323.0879148990202,2296.4876715986497,2318.654541015625,315000,0.0,0.0
2022-09-12 00:00:00+09:00,2358.5547114083097,2376.288205479049,2340.8212173375705,2354.121337890625,211000,0.0,0.0
2022-09-13 00:00:00+09:00,2340.8213373336503,2345.2547110786004,2331.95458984375,2331.95458984375,129200,0.0,0.0
2022-09-14 00:00:00+09:00,2265.4541015625,2292.0543454164626,2252.1539796355187,2265.4541015625,328600,0.0,0.0
2022-09-15 00:00:00+09:00,2278.753953933716,2278.753953933716,2256.5870866775513,2269.88720703125,165600,0.0,0.0
2022-09-16 00:00:00+09:00,2247.7204110196158,2261.02053179488,2247.7204110196158,2256.587158203125,219600,0.0,0.0
2022-09-20 00:00:00+09:00,2278.75390625,2318.6542664761673,2269.887159533074,2278.75390625,254000,0.0,0.0
2022-09-21 00:00:00+09:00,2247.720387178309,2274.3206284466914,2247.720387178309,2261.0205078125,225600,0.0,0.0
2022-09-22 00:00:00+09:00,2256.587158203125,2278.7540261618983,2247.7204110196158,2256.587158203125,264400,0.0,0.0
2022-09-26 00:00:00+09:00,2225.5532595264667,2234.420005580357,2163.4860371492346,2172.352783203125,393600,0.0,0.0
2022-09-27 00:00:00+09:00,2203.3866469726563,2234.4202617187498,2183.436466064453,2216.686767578125,357000,0.0,0.0
2022-09-28 00:00:00+09:00,2216.687036181738,2221.120410254102,2167.91992138574,2212.253662109375,422600,0.0,0.0
2022-09-29 00:00:00+09:00,2279.975830078125,2311.5794554455447,2266.431419206374,2279.975830078125,430000,45.0,0.0
2022-09-30 00:00:00+09:00,2261.91620945786,2261.91620945786,2203.223772885101,2234.827392578125,716600,0.0,0.0
2022-10-03 00:00:00+09:00,2216.7683183282493,2284.4903647130227,2216.7683183282493,2266.43115234375,432000,0.0,0.0
2022-10-04 00:00:00+09:00,2311.578972868217,2352.212197000666,2302.5493675054504,2329.63818359375,540800,0.0,0.0
2022-10-05 00:00:00+09:00,2343.1825785163705,2383.8158024212785,2329.6381705480676,2365.756591796875,506000,0.0,0.0
2022-10-06 00:00:00+09:00,2379.3012286881753,2415.4196534120947,2379.3012286881753,2401.875244140625,408800,0.0,0.0
2022-10-07 00:00:00+09:00,2388.330720843691,2401.875129468513,2365.7567064689865,2383.81591796875,247600,0.0,0.0
2022-10-11 00:00:00+09:00,2352.212262224131,2356.7270650307028,2307.0642341584085,2320.608642578125,341800,0.0,0.0
2022-10-12 00:00:00+09:00,2320.608748035318,2320.608748035318,2279.9755209296413,2289.005126953125,256800,0.0,0.0
2022-10-13 00:00:00+09:00,2289.005437325959,2289.005437325959,2266.431419206374,2279.975830078125,234000,0.0,0.0
2022-10-14 00:00:00+09:00,2320.6087566361,2352.212377835425,2298.034741493726,2338.66796875,373000,0.0,0.0
2022-10-17 00:00:00+09:00,2307.0641189874386,2307.0641189874386,2279.9753035003064,2302.54931640625,289400,0.0,0.0
2022-10-18 00:00:00+09:00,2334.152960526316,2334.152960526316,2302.5493421052633,2316.09375,248600,0.0,0.0
2022-10-19 00:00:00+09:00,2325.123380912367,2343.1825916379,2316.0937755496,2329.63818359375,204000,0.0,0.0
2022-10-20 00:00:00+09:00,2307.0641835130104,2311.5789862204724,2284.490169975701,2293.519775390625,285800,0.0,0.0
2022-10-21 00:00:00+09:00,2284.490144700744,2289.0049473582553,2223.540308824341,2237.084716796875,541800,0.0,0.0
2022-10-24 00:00:00+09:00,2270.946008925213,2284.4904185211885,2250.62939453125,2250.62939453125,342600,0.0,0.0
2022-10-25 00:00:00+09:00,2261.9166155824564,2289.005437325959,2250.629606522664,2279.975830078125,303800,0.0,0.0
2022-10-26 00:00:00+09:00,2302.5494859889595,2302.5494859889595,2257.4014568519215,2261.916259765625,229800,0.0,0.0
2022-10-27 00:00:00+09:00,2261.9161314131875,2261.9161314131875,2216.7681048380737,2237.084716796875,307600,0.0,0.0
2022-10-28 00:00:00+09:00,2214.510781662349,2221.282985887616,2182.9071619444358,2191.936767578125,584000,0.0,0.0
2022-10-31 00:00:00+09:00,2255.144120271794,2270.945930924349,2200.9664837487476,2252.88671875,518400,0.0,0.0
2022-11-01 00:00:00+09:00,2329.6385184573264,2343.1829284483574,2239.3424518504535,2241.599853515625,700200,0.0,0.0
2022-11-02 00:00:00+09:00,2243.8569456085447,2320.6085916353964,2239.3421429010828,2293.519775390625,685400,0.0,0.0
2022-11-04 00:00:00+09:00,2252.886885420577,2279.975705686155,2230.312868532595,2255.144287109375,386200,0.0,0.0
2022-11-07 00:00:00+09:00,2289.005167805341,2293.5199708976593,2261.9163492514317,2266.43115234375,249200,0.0,0.0
2022-11-08 00:00:00+09:00,2293.5200612729873,2293.5200612729873,2257.4016351112077,2270.946044921875,238400,0.0,0.0
2022-11-09 00:00:00+09:00,2257.4014568519215,2279.9754714204405,2252.8866539382175,2261.916259765625,300800,0.0,0.0
2022-11-10 00:00:00+09:00,2241.599711141032,2261.916324837174,2239.3423096192387,2252.88671875,290800,0.0,0.0
2022-11-11 00:00:00+09:00,2329.6383034711826,2329.6383034711826,2257.4014568519215,2261.916259765625,481000,0.0,0.0
2022-11-14 00:00:00+09:00,2257.4014066445707,2257.4014066445707,2223.540385544902,2234.827392578125,293600,0.0,0.0
2022-11-15 00:00:00+09:00,2230.3126393696984,2266.431062679329,2225.7978364559945,2261.916259765625,144800,0.0,0.0
2022-11-16 00:00:00+09:00,2261.9166155824564,2279.975830078125,2252.8870083346224,2279.975830078125,269000,0.0,0.0
2022-11-17 00:00:00+09:00,2284.4904369496085,2320.608862830235,2284.4904369496085,2307.064453125,351400,0.0,0.0
2022-11-18 00:00:00+09:00,2316.0939291944783,2334.1531411180217,2311.579126213592,2325.12353515625,245800,0.0,0.0
2022-11-21 00:00:00+09:00,2325.12353515625,2329.638338137136,2311.579126213592,2325.12353515625,152200,0.0,0.0
2022-11-22 00:00:00+09:00,2334.1531010554386,2356.727115572416,2334.1531010554386,2347.697509765625,150800,0.0,0.0
2022-11-24 00:00:00+09:00,2352.212361963076,2374.786376953125,2338.667952969047,2374.786376953125,265000,0.0,0.0
2022-11-25 00:00:00+09:00,2379.3010646776224,2379.3010646776224,2352.2122480019757,2356.72705078125,239200,0.0,0.0
2022-11-28 00:00:00+09:00,2356.72705078125,2370.2714591190734,2338.6678396641523,2356.72705078125,171200,0.0,0.0
2022-11-29 00:00:00+09:00,2338.66796875,2352.212377835425,2325.123559664575,2338.66796875,174000,0.0,0.0
2022-11-30 00:00:00+09:00,2352.212158203125,2356.726960810041,2334.152947775462,2352.212158203125,332400,0.0,0.0
2022-12-01 00:00:00+09:00,2383.8158024212785,2383.8158024212785,2356.726986484673,2365.756591796875,224000,0.0,0.0
2022-12-02 00:00:00+09:00,2343.1824863978795,2343.1824863978795,2270.9456467401415,2275.46044921875,360000,0.0,0.0
2022-12-05 00:00:00+09:00,2275.4609023085586,2275.4609023085586,2243.857278665384,2255.144287109375,270200,0.0,0.0
2022-12-06 00:00:00+09:00,2255.143952377199,2307.0641835130104,2255.143952377199,2293.519775390625,272600,0.0,0.0
2022-12-07 00:00:00+09:00,2275.461026454208,2298.035044573793,2270.946222830291,2279.975830078125,147400,0.0,0.0
2022-12-08 00:00:00+09:00,2293.5196591331846,2293.5196591331846,2261.9160417829244,2275.46044921875,149400,0.0,0.0
2022-12-09 00:00:00+09:00,2275.461026454208,2298.035044573793,2275.461026454208,2279.975830078125,287000,0.0,0.0
2022-12-12 00:00:00+09:00,2279.9752516973585,2284.490054175967,2261.9160417829244,2275.46044921875,132200,0.0,0.0
2022-12-13 00:00:00+09:00,2307.064248548666,2311.579051383399,2275.4606287055335,2284.490234375,203600,0.0,0.0
2022-12-14 00:00:00+09:00,2284.490234375,2298.0346428791995,2275.4606287055335,2284.490234375,137400,0.0,0.0
2022-12-15 00:00:00+09:00,2275.460830479452,2311.5792563600785,2270.946027244374,2307.064453125,128800,0.0,0.0
2022-12-16 00:00:00+09:00,2270.9456467401415,2298.034461611793,2266.430844261533,2275.46044921875,156200,0.0,0.0
2022-12-19 00:00:00+09:00,2275.4607585283866,2275.4607585283866,2243.857136882159,2266.43115234375,199400,0.0,0.0
2022-12-20 00:00:00+09:00,2289.00521484375,2289.00521484375,2167.105528846154,2200.966552734375,391400,0.0,0.0
2022-12-21 00:00:00+09:00,2203.223855645373,2209.996060119693,2137.759212393615,2146.788818359375,321200,0.0,0.0
2022-12-22 00:00:00+09:00,2178.392608386128,2180.650010052849,2137.759378385143,2149.04638671875,219200,0.0,0.0
2022-12-23 00:00:00+09:00,2135.501683531416,2137.7590848882146,2108.4128672498337,2121.957275390625,190600,0.0,0.0
2022-12-26 00:00:00+09:00,2135.501964959003,2144.531571576166,2126.47235834184,2142.274169921875,120200,0.0,0.0
2022-12-27 00:00:00+09:00,2153.5608292919096,2160.333033157607,2128.729415117684,2130.98681640625,127200,0.0,0.0
2022-12-28 00:00:00+09:00,2121.9573774388227,2133.244384765625,2112.927771577381,2133.244384765625,161400,0.0,0.0
2022-12-29 00:00:00+09:00,2110.6702686066324,2121.957275390625,2099.3832618226397,2121.957275390625,214200,0.0,0.0
2022-12-30 00:00:00+09:00,2133.2442821746176,2142.2738876018116,2117.4424726770276,2121.957275390625,196200,0.0,0.0
2023-01-04 00:00:00+09:00,2106.155517578125,2108.41291899032,2083.581503456173,2106.155517578125,164600,0.0,0.0
2023-01-05 00:00:00+09:00,2099.3835330703882,2106.155738015777,2072.294713288835,2092.611328125,223000,0.0,0.0
2023-01-06 00:00:00+09:00,2081.324266846226,2110.6704875284395,2081.324266846226,2108.4130859375,178400,0.0,0.0
2023-01-10 00:00:00+09:00,2112.9276315789475,2117.4424342105262,2097.1258223684213,2101.640625,192000,0.0,0.0
2023-01-11 00:00:00+09:00,2110.6700122878033,2133.244023114411,2103.8978090398214,2115.184814453125,326800,0.0,0.0
2023-01-12 00:00:00+09:00,2106.155542538189,2133.244359805561,2092.611133904503,2119.699951171875,292000,0.0,0.0
2023-01-13 00:00:00+09:00,2151.303401727412,2155.8182042494004,2108.4127777685235,2117.4423828125,529600,0.0,0.0
2023-01-16 00:00:00+09:00,2090.353411712812,2094.868213897937,2056.4923953243756,2079.06640625,307000,0.0,0.0
2023-01-17 00:00:00+09:00,2085.838866151909,2135.5016962983827,2085.838866151909,2128.7294921875,259600,0.0,0.0
2023-01-18 00:00:00+09:00,2137.759120025171,2241.599584144662,2137.759120025171,2228.05517578125,552400,0.0,0.0
2023-01-19 00:00:00+09:00,2196.4515193744296,2196.4515193744296,2162.590499034639,2164.847900390625,317400,0.0,0.0
2023-01-20 00:00:00+09:00,2169.362548828125,2173.8773512190264,2153.56074045997,2169.362548828125,190200,0.0,0.0
2023-01-23 00:00:00+09:00,2200.9663732118147,2207.738577437082,2178.3923591275907,2191.936767578125,170600,0.0,0.0
2023-01-24 00:00:00+09:00,2234.827618760096,2289.0052580027645,2232.5702171249845,2270.946044921875,435800,0.0,0.0
2023-01-25 00:00:00+09:00,2279.9753672682396,2307.0641835130104,2275.4605645607776,2293.519775390625,422800,0.0,0.0
2023-01-26 00:00:00+09:00,2298.0345138250614,2316.0937241498164,2289.0049086626836,2302.54931640625,304400,0.0,0.0
2023-01-27 00:00:00+09:00,2316.0936224990933,2338.6676344142893,2311.578820116054,2334.15283203125,254600,0.0,0.0
2023-01-30 00:00:00+09:00,2334.1531411180217,2365.7567619842234,2316.0939291944783,2325.12353515625,261400,0.0,0.0
2023-01-31 00:00:00+09:00,2329.6381705480676,2374.786197109077,2329.6381705480676,2365.756591796875,330600,0.0,0.0
2023-02-01 00:00:00+09:00,2320.608862830235,2329.6384693003915,2275.460830479452,2307.064453125,445000,0.0,0.0
2023-02-02 00:00:00+09:00,2316.0938542181325,2316.0938542181325,2275.4606287055335,2284.490234375,217400,0.0,0.0
2023-02-03 00:00:00+09:00,2293.5198400444665,2307.064248548666,2279.9754315402665,2284.490234375,156600,0.0,0.0
2023-02-06 00:00:00+09:00,2329.6382481912697,2343.182656610986,2320.608642578125,2320.608642578125,256200,0.0,0.0
2023-02-07 00:00:00+09:00,2334.153165721525,2343.182771778475,2320.6087566361,2338.66796875,214600,0.0,0.0
2023-02-08 00:00:00+09:00,2320.6084248821326,2343.182436797328,2316.0936224990933,2334.15283203125,173800,0.0,0.0
2023-02-09 00:00:00+09:00,2334.1530617559524,2383.815892857143,2334.1530617559524,2370.271484375,398200,0.0,0.0
2023-02-10 00:00:00+09:00,2370.271484375,2379.3010900297622,2352.2122730654764,2370.271484375,487600,0.0,0.0
2023-02-13 00:00:00+09:00,2361.2419838923747,2365.7567869208497,2325.123559664575,2338.66796875,215000,0.0,0.0
2023-02-14 00:00:00+09:00,2365.7565660238724,2379.30097384462,2352.212158203125,2352.212158203125,256400,0.0,0.0
2023-02-15 00:00:00+09:00,2383.815982949144,2392.845588945164,2365.7567709571053,2374.786376953125,258000,0.0,0.0
2023-02-16 00:00:00+09:00,2392.845637959645,2401.875244140625,2379.3012286881753,2401.875244140625,274600,0.0,0.0
2023-02-17 00:00:00+09:00,2379.301196006274,2383.815999034749,2334.153165721525,2338.66796875,460200,0.0,0.0
2023-02-20 00:00:00+09:00,2343.1825785163705,2365.756591796875,2325.1233678919666,2365.756591796875,211200,0.0,0.0
2023-02-21 00:00:00+09:00,2352.212183828572,2370.271394452976,2343.1825785163705,2365.756591796875,197200,0.0,0.0
2023-02-22 00:00:00+09:00,2343.182722091675,2347.697525024414,2302.5494956970215,2311.5791015625,408800,0.0,0.0
2023-02-24 00:00:00+09:00,2415.4194841367257,2460.5675118775994,2392.8454702662893,2442.50830078125,676800,0.0,0.0
2023-02-27 00:00:00+09:00,2437.993700635302,2478.626928979224,2437.993700635302,2465.08251953125,270800,0.0,0.0
2023-02-28 00:00:00+09:00,2487.6564696374603,2496.6860756978504,2465.082454486485,2474.112060546875,398000,0.0,0.0
2023-03-01 00:00:00+09:00,2474.111980916779,2528.289615535394,2469.597178031894,2519.260009765625,371200,0.0,0.0
2023-03-02 00:00:00+09:00,2532.804549564954,2546.348958920916,2496.686124615721,2501.200927734375,297600,0.0,0.0
2023-03-03 00:00:00+09:00,2609.555959205105,2681.7928023664917,2586.9819457171716,2636.644775390625,963800,0.0,0.0
2023-03-06 00:00:00+09:00,2641.159603502316,2672.763222689523,2618.585589797168,2650.189208984375,457600,0.0,0.0
2023-03-07 00:00:00+09:00,2668.2486083984377,2731.455851236979,2663.7338053385415,2708.8818359375,550400,0.0,0.0
2023-03-08 00:00:00+09:00,2708.8818042309254,2785.6334553508013,2699.852198216822,2781.11865234375,728000,0.0,0.0
2023-03-09 00:00:00+09:00,2790.148193359375,2812.722207868755,2781.118587555623,2790.148193359375,461600,0.0,0.0
2023-03-10 00:00:00+09:00,2785.633610423018,2799.1780201981705,2754.0299876143295,2776.60400390625,608200,0.0,0.0
2023-03-13 00:00:00+09:00,2731.455875732017,2740.4854819327843,2708.8818602300994,2722.42626953125,540200,0.0,0.0
2023-03-14 00:00:00+09:00,2663.7336715007077,2668.2484743337595,2591.496826171875,2591.496826171875,533400,0.0,0.0
2023-03-15 00:00:00+09:00,2623.1004315667956,2641.1596427996133,2605.0412203339774,2627.615234375,309800,0.0,0.0
2023-03-16 00:00:00+09:00,2528.2894864879895,2568.922710377975,2501.2006705613326,2537.319091796875,447800,0.0,0.0
2023-03-17 00:00:00+09:00,2577.952224160261,2577.952224160261,2492.1709767713905,2532.80419921875,538800,0.0,0.0
2023-03-20 00:00:00+09:00,2501.2008381131327,2555.378473595728,2496.68603515625,2496.68603515625,340600,0.0,0.0
2023-03-22 00:00:00+09:00,2555.3783024146464,2555.3783024146464,2523.7746838335465,2537.319091796875,312600,0.0,0.0
2023-03-23 00:00:00+09:00,2514.74517800999,2605.041234671031,2510.230375176938,2591.496826171875,539200,0.0,0.0
2023-03-24 00:00:00+09:00,2573.43739845104,2627.6150278921145,2573.43739845104,2605.041015625,459400,0.0,0.0
2023-03-27 00:00:00+09:00,2586.982201894124,2618.5858239067925,2564.40818617079,2600.526611328125,319800,0.0,0.0
2023-03-28 00:00:00+09:00,2618.5858239067925,2627.615430196126,2600.526611328125,2600.526611328125,283800,0.0,0.0
2023-03-29 00:00:00+09:00,2618.5859192309736,2654.704345703125,2605.041509303917,2654.704345703125,309800,0.0,0.0
2023-03-30 00:00:00+09:00,2659.2887202857905,2695.9685647035253,2659.2887202857905,2682.213623046875,317800,45.0,0.0
2023-03-31 00:00:00+09:00,2705.1388957738473,2732.6487828495137,2695.9689334152918,2709.723876953125,515200,0.0,0.0
2023-04-03 00:00:00+09:00,2737.233642578125,2760.158547457339,2718.893718674754,2737.233642578125,261400,0.0,0.0
2023-04-04 00:00:00+09:00,2746.4036045298108,2746.4036045298108,2718.893718674754,2737.233642578125,340200,0.0,0.0
2023-04-05 00:00:00+09:00,2691.3837437885886,2700.553705436931,2645.533935546875,2645.533935546875,330600,0.0,0.0
2023-04-06 00:00:00+09:00,2613.4392063592068,2613.4392063592068,2540.0795093385977,2558.41943359375,558600,0.0,0.0
2023-04-07 00:00:00+09:00,2558.4196751644736,2613.439453125,2558.4196751644736,2613.439453125,306200,0.0,0.0
2023-04-10 00:00:00+09:00,2645.533995518701,2654.7039573749184,2604.269167165723,2631.779052734375,260800,0.0,0.0
2023-04-11 00:00:00+09:00,2663.8738588435604,2668.458839667732,2627.194012250189,2645.533935546875,261800,0.0,0.0
2023-04-12 00:00:00+09:00,2663.8742265390492,2682.214152367201,2645.5343007108972,2673.044189453125,306600,0.0,0.0
2023-04-13 00:00:00+09:00,2668.4590247844826,2673.0440059267244,2650.1191002155174,2659.2890625,221600,0.0,0.0
2023-04-14 00:00:00+09:00,2705.1388329574743,2718.893776175902,2654.704041156572,2668.458984375,334200,0.0,0.0
2023-04-17 00:00:00+09:00,2677.628866254266,2700.5537709311006,2668.458904383532,2686.798828125,281800,0.0,0.0
2023-04-18 00:00:00+09:00,2705.1387518664674,2723.478675607935,2682.2138471896333,2686.798828125,245400,0.0,0.0
2023-04-19 00:00:00+09:00,2668.459207996087,2686.799133824239,2659.2892450820113,2673.044189453125,289600,0.0,0.0
2023-04-20 00:00:00+09:00,2663.8737862958474,2723.4785353868047,2650.1188441979343,2718.8935546875,269600,0.0,0.0
2023-04-21 00:00:00+09:00,2718.8938190357107,2737.233743616053,2695.968913310283,2714.308837890625,303600,0.0,0.0
2023-04-24 00:00:00+09:00,2723.478962943058,2746.403870038538,2714.309000104866,2732.64892578125,234600,0.0,0.0
2023-04-25 00:00:00+09:00,2750.9886259191176,2750.9886259191176,2718.893758616728,2728.063720703125,225800,0.0,0.0
2023-04-26 00:00:00+09:00,2718.8936744702937,2718.8936744702937,2677.628846358603,2691.3837890625,269800,0.0,0.0
2023-04-27 00:00:00+09:00,2682.213709093065,2718.8935546875,2673.043747694456,2718.8935546875,268000,0.0,0.0
2023-04-28 00:00:00+09:00,2750.9887492200496,2760.15871171745,2723.478861727849,2755.57373046875,314200,0.0,0.0
2023-05-01 00:00:00+09:00,2769.3289561170213,2806.0088098404253,2755.5740109707444,2801.423828125,282000,0.0,0.0
2023-05-02 00:00:00+09:00,2806.008462463783,2810.5934436116,2760.1586509856165,2769.32861328125,236800,0.0,0.0
2023-05-08 00:00:00+09:00,2783.0831931192365,2806.008095863217,2773.9132320216445,2796.838134765625,250800,0.0,0.0
2023-05-09 00:00:00+09:00,2792.2535607154673,2819.763448013157,2778.4986170666225,2815.178466796875,274400,0.0,0.0
2023-05-10 00:00:00+09:00,2819.7635694934474,2842.6884765625,2815.178588079637,2842.6884765625,358800,0.0,0.0
2023-05-11 00:00:00+09:00,2796.838134765625,2819.7630375096055,2773.9132320216445,2796.838134765625,366600,0.0,0.0
2023-05-12 00:00:00+09:00,2705.138600163727,2796.8382137285994,2705.138600163727,2778.498291015625,712200,0.0,0.0
2023-05-15 00:00:00+09:00,2796.8386826029887,2842.68849707189,2796.8386826029887,2838.103515625,272400,0.0,0.0
2023-05-16 00:00:00+09:00,2842.6883132736407,2851.8582755745233,2819.7634075214337,2824.348388671875,336400,0.0,0.0
2023-05-17 00:00:00+09:00,2842.6885382901137,2847.2735198034848,2815.1786492098868,2828.93359375,443800,0.0,0.0
2023-05-18 00:00:00+09:00,2856.443603515625,2870.198548636888,2824.3487315660113,2856.443603515625,408800,0.0,0.0
2023-05-19 00:00:00+09:00,2902.2928744741585,2984.822529672476,2879.3679702524037,2980.237548828125,596400,0.0,0.0
2023-05-22 00:00:00+09:00,2961.898052054895,2966.483033559624,2902.2932924934184,2938.97314453125,344600,0.0,0.0
2023-05-23 00:00:00+09:00,2957.313070550166,2975.6529965690816,2934.3881630265214,2938.97314453125,418200,0.0,0.0
2023-05-24 00:00:00+09:00,2938.97314453125,2966.483033559624,2920.633218512334,2938.97314453125,335400,0.0,0.0
2023-05-25 00:00:00+09:00,2920.6330966515316,3035.257629487149,2911.4631340246824,3021.502685546875,407200,0.0,0.0
2023-05-26 00:00:00+09:00,3049.01261467549,3049.01261467549,2998.5778195455196,3012.332763671875,386200,0.0,0.0
2023-05-29 00:00:00+09:00,3094.862140592981,3126.957007236168,3067.3522548988217,3076.522216796875,363400,0.0,0.0
2023-05-30 00:00:00+09:00,3049.0122522424767,3104.032022207755,3044.427271412037,3094.862060546875,267400,0.0,0.0
2023-05-31 00:00:00+09:00,3081.10725813997,3090.2772202177675,3030.672466712084,3062.767333984375,579600,0.0,0.0
2023-06-01 00:00:00+09:00,3035.25743105268,3131.54203233985,3030.672450039005,3122.3720703125,557800,0.0,0.0
2023-06-02 00:00:00+09:00,3145.2968603306063,3214.071573020051,3131.541917792717,3204.901611328125,571800,0.0,0.0
2023-06-05 00:00:00+09:00,3206.277649985988,3263.5899202917576,3178.309262076772,3246.62548828125,693800,0.0,0.0
2023-06-06 00:00:00+09:00,3208.569939840652,3243.874296137841,3190.2300144914625,3237.455322265625,441600,0.0,0.0
2023-06-07 00:00:00+09:00,3255.795539180703,3284.2224260176563,3215.906197974011,3227.36865234375,630400,0.0,0.0
2023-06-08 00:00:00+09:00,3255.7952399433043,3291.558094289957,3181.5185424541037,3184.26953125,718600,0.0,0.0
2023-06-09 00:00:00+09:00,3169.5976973356123,3183.8111399245613,3128.3328640128575,3160.427734375,1000000,0.0,0.0
2023-06-12 00:00:00+09:00,3204.4434043310484,3271.3841307629177,3187.4789736599582,3249.376220703125,498000,0.0,0.0
2023-06-13 00:00:00+09:00,3266.3405577956987,3337.86626344086,3266.3405577956987,3325.9453125,584400,0.0,0.0
2023-06-14 00:00:00+09:00,3369.0440688328918,3435.0677958214515,3354.372129502101,3396.553955078125,700000,0.0,0.0
2023-06-15 00:00:00+09:00,3396.0955473891177,3456.617298739916,3364.9176754811306,3431.39990234375,560800,0.0,0.0
2023-06-16 00:00:00+09:00,3384.632978374819,3411.2258682076204,3361.2495752459763,3402.514404296875,430000,0.0,0.0
2023-06-19 00:00:00+09:00,3432.3168704382074,3432.3168704382074,3365.376146008074,3382.340576171875,363600,0.0,0.0
2023-06-20 00:00:00+09:00,3398.388078906868,3516.2220962138113,3397.471082663234,3477.249755859375,659400,0.0,0.0
2023-06-21 00:00:00+09:00,3454.783172607422,3535.937336051551,3429.5657771869296,3517.597412109375,496000,0.0,0.0
2023-06-22 00:00:00+09:00,3495.58961576574,3520.8070119969984,3469.45522330789,3491.921630859375,361000,0.0,0.0
2023-06-23 00:00:00+09:00,3505.676421299657,3521.265356471536,3380.964939924623,3414.893798828125,386800,0.0,0.0
2023-06-26 00:00:00+09:00,3413.5184234152434,3429.1073591299673,3341.5342202619604,3387.842529296875,345400,0.0,0.0
2023-06-27 00:00:00+09:00,3395.637189494624,3395.637189494624,3307.6055475309504,3344.743896484375,338600,0.0,0.0
2023-06-28 00:00:00+09:00,3395.1785368125065,3491.9216389418025,3362.1666725788127,3490.087646484375,582600,0.0,0.0
2023-06-29 00:00:00+09:00,3490.087691066576,3535.020506847517,3472.6647624984557,3480.000732421875,395800,0.0,0.0
2023-06-30 00:00:00+09:00,3496.5064737135044,3529.059838470082,3483.2100289537757,3523.557861328125,440400,0.0,0.0
2023-07-03 00:00:00+09:00,3543.273533140783,3598.7518066281064,3532.2695780689173,3576.743896484375,357800,0.0,0.0
2023-07-04 00:00:00+09:00,3544.1905027964162,3576.285371515142,3521.7240946933084,3527.6845703125,256600,0.0,0.0
2023-07-05 00:00:00+09:00,3496.9651298182307,3543.2734395221305,3472.2062315607004,3542.81494140625,226600,0.0,0.0
2023-07-06 00:00:00+09:00,3507.052139916248,3539.6055066222298,3464.870312635258,3475.874267578125,488600,0.0,0.0
2023-07-07 00:00:00+09:00,3432.3165945332585,3444.2375445009134,3374.5458369977,3388.75927734375,455400,0.0,0.0
2023-07-10 00:00:00+09:00,3406.182580368148,3430.0244829363464,3341.075846431915,3359.415771484375,447200,0.0,0.0
2023-07-11 00:00:00+09:00,3388.3012421140297,3395.6372123269966,3328.2379859953644,3339.700439453125,439000,0.0,0.0
2023-07-12 00:00:00+09:00,3347.494686911413,3347.494686911413,3262.672536921191,3278.719970703125,439600,0.0,0.0
2023-07-13 00:00:00+09:00,3291.558097311469,3311.732015166561,3247.542276536723,3293.39208984375,253000,0.0,0.0
2023-07-14 00:00:00+09:00,3287.8899268069545,3340.617209136169,3252.585572551741,3280.095458984375,412600,0.0,0.0
2023-07-18 00:00:00+09:00,3289.724151120506,3397.4712139098187,3289.724151120506,3392.427734375,323800,0.0,0.0
2023-07-19 00:00:00+09:00,3418.5618828956117,3447.90576171875,3392.427490818754,3447.90576171875,284200,0.0,0.0
2023-07-20 00:00:00+09:00,3404.806947195635,3433.2338298681543,3374.5460720926303,3390.593505859375,264600,0.0,0.0
2023-07-21 00:00:00+09:00,3364.000567818639,3428.6488000746604,3322.735738719051,3401.597412109375,351800,0.0,0.0
2023-07-24 00:00:00+09:00,3403.8899247435206,3434.6092977173644,3386.4669967882064,3396.553955078125,341800,0.0,0.0
2023-07-25 00:00:00+09:00,3403.43163043604,3405.72412109375,3364.9177873865146,3405.72412109375,389200,0.0,0.0
2023-07-26 00:00:00+09:00,3405.724234008375,3405.724234008375,3354.372441573138,3380.5068359375,208800,0.0,0.0
2023-07-27 00:00:00+09:00,3365.3764772272125,3374.54644038042,3319.9851596188346,3362.62548828125,304800,0.0,0.0
2023-07-28 00:00:00+09:00,3301.186537458977,3369.044260728967,3280.095623469656,3352.996826171875,536400,0.0,0.0
2023-07-31 00:00:00+09:00,3379.1312010769575,3404.34859809992,3264.9651672820914,3302.103515625,855400,0.0,0.0
2023-08-01 00:00:00+09:00,3233.328711842232,3319.526357591855,3187.478900273284,3266.340576171875,848200,0.0,0.0
2023-08-02 00:00:00+09:00,3214.071747108541,3286.055950289146,3209.486766014235,3220.94921875,443000,0.0,0.0
2023-08-03 00:00:00+09:00,3177.3919453818417,3192.0638851007766,3099.447265625,3099.447265625,681000,0.0,0.0
2023-08-04 00:00:00+09:00,3121.9137755722113,3140.253700821571,3085.6924232047263,3131.542236328125,535200,0.0,0.0
2023-08-07 00:00:00+09:00,3097.154540660666,3162.7197663178795,3058.1822037315533,3153.5498046875,577200,0.0,0.0
2023-08-08 00:00:00+09:00,3199.3997647083706,3230.1191376283277,3165.4709050654333,3175.099365234375,426000,0.0,0.0
2023-08-09 00:00:00+09:00,3167.7635067335905,3168.6805029723323,3125.123181632096,3149.882080078125,295800,0.0,0.0
2023-08-10 00:00:00+09:00,3163.6367935475573,3213.613084923888,3139.794893074445,3202.609130859375,309400,0.0,0.0
2023-08-14 00:00:00+09:00,3216.364214259595,3233.787142291222,3109.99265364545,3115.0361328125,336400,0.0,0.0
2023-08-15 00:00:00+09:00,3143.4632452426677,3174.182620597285,3114.5778624465347,3118.704345703125,209000,0.0,0.0
2023-08-16 00:00:00+09:00,3074.688425782991,3121.4552345258876,3073.7714295331302,3086.15087890625,292600,0.0,0.0
2023-08-17 00:00:00+09:00,3071.937217888404,3084.7751644706245,3026.0874086661893,3080.648681640625,562800,0.0,0.0
2023-08-18 00:00:00+09:00,3047.178629143453,3087.0679672017554,3047.178629143453,3065.5185546875,255800,0.0,0.0
2023-08-21 00:00:00+09:00,3072.854634409628,3081.1076011985524,3039.842767253929,3041.21826171875,241200,0.0,0.0
2023-08-22 00:00:00+09:00,3055.4314551737943,3059.5579382315022,3014.166624596717,3042.135009765625,284800,0.0,0.0
2023-08-23 00:00:00+09:00,3015.542082937502,3050.8464375651724,3005.4551244724535,3050.387939453125,350800,0.0,0.0
2023-08-24 00:00:00+09:00,3081.1074259452216,3089.3603922647176,3064.1429951773684,3080.1904296875,272200,0.0,0.0
2023-08-25 00:00:00+09:00,3041.2182802946672,3057.265715815595,3034.799306086296,3037.091796875,283400,0.0,0.0
2023-08-28 00:00:00+09:00,3062.3088565489943,3119.621119922048,3051.304901981368,3113.66064453125,289000,0.0,0.0
2023-08-29 00:00:00+09:00,3121.913630672444,3125.581615552071,3106.783193043983,3109.07568359375,198800,0.0,0.0
2023-08-30 00:00:00+09:00,3131.083799582089,3139.3367661061006,3112.7438739731733,3117.787353515625,250600,0.0,0.0
2023-08-31 00:00:00+09:00,3118.2460233117686,3149.882396728694,3115.953532484455,3133.8349609375,330200,0.0,0.0
2023-09-01 00:00:00+09:00,3124.664901205704,3168.2222255805455,3124.664901205704,3155.38427734375,209400,0.0,0.0
2023-09-04 00:00:00+09:00,3165.9293552453028,3186.103271484375,3148.0479294879433,3186.103271484375,180400,0.0,0.0
2023-09-05 00:00:00+09:00,3197.565903770055,3201.233888747135,3162.261548365653,3200.775390625,197800,0.0,0.0
2023-09-06 00:00:00+09:00,3196.1903308488027,3225.9927080551106,3188.8543610749425,3218.65673828125,180800,0.0,0.0
2023-09-07 00:00:00+09:00,3208.569759762847,3253.502574346551,3208.569759762847,3223.24169921875,239200,0.0,0.0
2023-09-08 00:00:00+09:00,3229.2024649804034,3229.2024649804034,3148.506790717085,3158.59375,356600,0.0,0.0
2023-09-11 00:00:00+09:00,3174.6409074323406,3193.4393299055823,3150.3405076498575,3165.929443359375,150200,0.0,0.0
2023-09-12 00:00:00+09:00,3181.9767626658554,3203.0676749256004,3163.1783408691263,3192.063720703125,212200,0.0,0.0
2023-09-13 00:00:00+09:00,3193.4392994786963,3209.9452312491535,3157.6764473093726,3172.806884765625,207800,0.0,0.0
2023-09-14 00:00:00+09:00,3181.5183145589885,3186.561793656863,3149.881945672323,3180.601318359375,298000,0.0,0.0
2023-09-15 00:00:00+09:00,3214.530431801793,3248.4592938690207,3202.609480264659,3233.787353515625,432000,0.0,0.0
2023-09-19 00:00:00+09:00,3203.067877968046,3256.712158203125,3203.067877968046,3256.712158203125,310200,0.0,0.0
2023-09-20 00:00:00+09:00,3251.668499085172,3275.96889819001,3242.0400390625,3242.0400390625,416600,0.0,0.0
2023-09-21 00:00:00+09:00,3244.3325891042723,3248.0005739421513,3160.4274359377823,3172.806884765625,365200,0.0,0.0
2023-09-22 00:00:00+09:00,3142.0878473658668,3159.0522790530895,3089.360559689364,3151.71630859375,312400,0.0,0.0
2023-09-25 00:00:00+09:00,3176.9335896639645,3206.7359685538704,3152.1746902785044,3177.8505859375,191600,0.0,0.0
2023-09-26 00:00:00+09:00,3177.8506805442084,3190.230130605483,3156.759765625,3156.759765625,234800,0.0,0.0
2023-09-27 00:00:00+09:00,3133.3760855961773,3164.095458984375,3111.36817630314,3164.095458984375,372400,0.0,0.0
2023-09-28 00:00:00+09:00,3158.512506818342,3192.940246618689,3082.21319158514,3098.49658203125,702400,50.0,0.0
2023-09-29 00:00:00+09:00,3091.983438911003,3092.4486786700927,3018.9407967339,3058.951416015625,737800,0.0,0.0
2023-10-02 00:00:00+09:00,3104.54440815401,3183.1699146695246,3084.539101762489,3089.65673828125,343000,0.0,0.0
2023-10-03 00:00:00+09:00,3059.4167823035355,3059.882022081866,2971.4864641990084,2980.791259765625,418800,0.0,0.0
2023-10-04 00:00:00+09:00,2934.2670885795915,2937.523766813309,2866.342085419195,2875.181640625,563000,0.0,0.0
2023-10-05 00:00:00+09:00,2896.1175425607503,2937.523881723466,2890.0694256043985,2928.684326171875,493800,0.0,0.0
2023-10-06 00:00:00+09:00,2941.2457071746157,2948.224303442825,2915.1922811066343,2928.218994140625,269400,0.0,0.0
2023-10-10 00:00:00+09:00,3016.1492647138007,3046.855087862206,3016.1492647138007,3037.55029296875,348200,0.0,0.0
2023-10-11 00:00:00+09:00,3030.5717695596654,3036.1546466297787,2996.1440276273024,3005.9140625,411200,0.0,0.0
2023-10-12 00:00:00+09:00,3047.7857596194494,3167.817621317178,3047.7857596194494,3164.095703125,684800,0.0,0.0
2023-10-13 00:00:00+09:00,3145.4857923409495,3172.00445676388,3123.1542854584814,3153.860107421875,748600,0.0,0.0
2023-10-16 00:00:00+09:00,3117.5715767877628,3143.625002888362,3045.924655011115,3067.32568359375,602800,0.0,0.0
2023-10-17 00:00:00+09:00,3122.2241085012333,3150.1384948087994,3062.2081779399673,3093.844482421875,263000,0.0,0.0
2023-10-18 00:00:00+09:00,3125.480726690516,3125.9459664533456,3078.0262708818777,3094.77490234375,310200,0.0,0.0
2023-10-19 00:00:00+09:00,3005.448889580054,3052.903345731318,3005.448889580054,3029.641357421875,296600,0.0,0.0
2023-10-20 00:00:00+09:00,3021.7320913727267,3046.8550371670494,2999.8658237369273,3024.98876953125,455200,0.0,0.0
2023-10-23 00:00:00+09:00,2999.865749408272,3016.614379522835,2984.978078195328,2997.53955078125,255600,0.0,0.0
2023-10-24 00:00:00+09:00,3008.705466054669,3014.7535828103073,2893.791247697548,2983.58251953125,524800,0.0,0.0
2023-10-25 00:00:00+09:00,3021.7322394264374,3021.7322394264374,2975.2082634537437,2982.652099609375,236600,0.0,0.0
2023-10-26 00:00:00+09:00,2958.4597028192093,2975.2083345697188,2890.534696275475,2909.144287109375,321200,0.0,0.0
2023-10-27 00:00:00+09:00,2935.6628668339986,2977.069205209312,2935.6628668339986,2971.486328125,340600,0.0,0.0
2023-10-30 00:00:00+09:00,2935.197404325181,2938.919322098933,2851.454254415761,2889.138671875,1028000,0.0,0.0
2023-10-31 00:00:00+09:00,2889.1385628297567,2903.095753954538,2786.3205882105335,2860.293701171875,912400,0.0,0.0
2023-11-01 00:00:00+09:00,2674.198035432583,2795.6256080226844,2668.6151585318885,2755.614990234375,1124400,0.0,0.0
2023-11-02 00:00:00+09:00,2785.855528296494,2794.2298435118137,2725.374362852515,2746.775390625,693000,0.0,0.0
2023-11-06 00:00:00+09:00,2873.786092309908,2929.6148653513824,2847.7326648905528,2927.75390625,788000,0.0,0.0
2023-11-07 00:00:00+09:00,2919.3794321096416,2926.8232681118334,2865.41162109375,2865.41162109375,399400,0.0,0.0
2023-11-08 00:00:00+09:00,2939.850123398307,2963.577351803642,2906.818099539899,2916.588134765625,834800,0.0,0.0
2023-11-09 00:00:00+09:00,2918.448933919271,2998.0049306832107,2897.0479055500236,2989.630615234375,471000,0.0,0.0
2023-11-10 00:00:00+09:00,2974.7430505672173,2989.1654832490417,2935.1976706331834,2980.325927734375,392400,0.0,0.0
2023-11-13 00:00:00+09:00,2980.325930205121,2984.5130880839606,2910.5399655577953,2942.17626953125,267200,0.0,0.0
2023-11-14 00:00:00+09:00,2953.8072463650174,2959.3901235041544,2928.684299238901,2931.010498046875,206400,0.0,0.0
2023-11-15 00:00:00+09:00,2977.0688441863076,3019.4056569415748,2958.4592561620143,3011.49658203125,268400,0.0,0.0
2023-11-16 00:00:00+09:00,3003.12264903736,3003.12264903736,2945.43291883122,2982.652099609375,240000,0.0,0.0
2023-11-17 00:00:00+09:00,2947.759197643058,2975.673583984375,2944.502519236571,2975.673583984375,361800,0.0,0.0
2023-11-20 00:00:00+09:00,2975.673415519194,3010.566396470404,2926.3580024414837,2926.8232421875,270000,0.0,0.0
2023-11-21 00:00:00+09:00,2917.5186300631826,2932.871542643646,2900.7699981572227,2906.818115234375,312400,0.0,0.0
2023-11-22 00:00:00+09:00,2861.6896283574793,2921.7055545577905,2861.6896283574793,2914.26171875,249600,0.0,0.0
2023-11-24 00:00:00+09:00,2956.133609523456,2963.5774461228225,2926.8235029134503,2937.9892578125,206600,0.0,0.0
2023-11-27 00:00:00+09:00,2971.951348560882,2977.068985510501,2887.7429587535053,2892.860595703125,305600,0.0,0.0
2023-11-28 00:00:00+09:00,2884.951740904992,2901.2351324437236,2866.8073903332624,2877.97314453125,306400,0.0,0.0
2023-11-29 00:00:00+09:00,2838.8931758977037,2875.6471190140455,2831.4493393171783,2871.4599609375,255600,0.0,0.0
2023-11-30 00:00:00+09:00,2837.9622905609262,2887.7429405756834,2837.9622905609262,2881.69482421875,285800,0.0,0.0
2023-12-01 00:00:00+09:00,2895.18694977498,2906.3527037191543,2867.7378046622166,2875.181640625,206400,0.0,0.0
2023-12-04 00:00:00+09:00,2842.6148559271855,2874.2511587427416,2817.0266698263677,2854.245849609375,237800,0.0,0.0
2023-12-05 00:00:00+09:00,2826.7965287759985,2846.336596947261,2801.673583984375,2801.673583984375,267800,0.0,0.0
2023-12-06 00:00:00+09:00,2807.256901891313,2851.919921875,2794.6954275209014,2851.919921875,268600,0.0,0.0
2023-12-07 00:00:00+09:00,2822.6098797595123,2833.3103952094,2769.1073025100736,2770.96826171875,403600,0.0,0.0
2023-12-08 00:00:00+09:00,2744.9145039276686,2744.9145039276686,2692.807652327686,2715.13916015625,506000,0.0,0.0
2023-12-11 00:00:00+09:00,2751.427701580607,2784.459721670601,2737.935749712863,2750.031982421875,206600,0.0,0.0
2023-12-12 00:00:00+09:00,2777.4812707417404,2777.9465104855835,2711.8824668599004,2724.9091796875,337200,0.0,0.0
2023-12-13 00:00:00+09:00,2721.1874177247355,2732.8184119875355,2693.7382712645267,2707.230224609375,444800,0.0,0.0
2023-12-14 00:00:00+09:00,2720.7223030108817,2720.7223030108817,2660.2411300643334,2688.155517578125,440600,0.0,0.0
2023-12-15 00:00:00+09:00,2692.8078901233525,2759.8024195251774,2681.642135223048,2753.2890625,497200,0.0,0.0
2023-12-18 00:00:00+09:00,2733.2837119716455,2744.4494667099125,2672.8025404726986,2706.2998046875,361800,0.0,0.0
2023-12-19 00:00:00+09:00,2706.2995132619067,2757.475883634747,2695.5989994566767,2752.823486328125,295800,0.0,0.0
2023-12-20 00:00:00+09:00,2796.0910062898556,2837.497345650887,2783.994772319217,2817.957275390625,362000,0.0,0.0
2023-12-21 00:00:00+09:00,2847.2673303404854,2848.1978098602044,2799.8128748348104,2805.395751953125,290600,0.0,0.0
2023-12-22 00:00:00+09:00,2805.395626925251,2834.2404907510163,2788.646996316742,2803.53466796875,249000,0.0,0.0
2023-12-25 00:00:00+09:00,2850.058862624487,2862.155096778623,2802.6044055582615,2805.861083984375,236800,0.0,0.0
2023-12-26 00:00:00+09:00,2798.882568359375,2812.8397620180817,2790.5082521641507,2798.882568359375,174000,0.0,0.0
2023-12-27 00:00:00+09:00,2801.673770841057,2835.17103279731,2801.673770841057,2823.5400390625,253400,0.0,0.0
2023-12-28 00:00:00+09:00,2790.5079638278294,2831.4490609963605,2790.5079638278294,2828.1923828125,189600,0.0,0.0
2023-12-29 00:00:00+09:00,2808.65243208269,2842.614934574331,2807.256712802212,2826.33154296875,215800,0.0,0.0
2024-01-04 00:00:00+09:00,2819.352921715561,2857.037341956314,2779.8075424505737,2849.593505859375,228600,0.0,0.0
2024-01-05 00:00:00+09:00,2847.7325564406988,2859.3635503813975,2836.1015625,2836.1015625,188600,0.0,0.0
2024-01-09 00:00:00+09:00,2861.2244881239512,2880.299318044778,2807.2566766406376,2842.149658203125,259000,0.0,0.0
2024-01-10 00:00:00+09:00,2857.0373078278003,2901.7003238759144,2851.454430821786,2886.347412109375,241200,0.0,0.0
2024-01-11 00:00:00+09:00,2926.823036980758,2951.4807417908005,2914.7268044324346,2931.940673828125,284600,0.0,0.0
2024-01-12 00:00:00+09:00,3024.9890653266084,3036.154820104806,2931.0106292767814,2957.529296875,482200,0.0,0.0
2024-01-15 00:00:00+09:00,2949.1547524423313,2951.015711427939,2939.384717767889,2947.759033203125,19600,0.0,0.0
2024-01-16 00:00:00+09:00,2964.9732041964444,2975.208479654207,2929.149740094275,2964.042724609375,290000,0.0,0.0
2024-01-17 00:00:00+09:00,2976.138631308416,2999.4006184219725,2911.935546875,2911.935546875,451400,0.0,0.0
2024-01-18 00:00:00+09:00,2927.2888020002392,2940.7807561099035,2904.492051952876,2916.123046875,221200,0.0,0.0
2024-01-19 00:00:00+09:00,2940.780342058947,2980.790958957708,2937.9889036706613,2964.507568359375,269000,0.0,0.0
2024-01-22 00:00:00+09:00,2994.748157082088,3021.266821825552,2978.930006182478,3006.379150390625,353400,0.0,0.0
2024-01-23 00:00:00+09:00,3018.475587581796,3060.3471663244536,3018.010347817989,3039.411376953125,387800,0.0,0.0
2024-01-24 00:00:00+09:00,3028.2455436973205,3047.3203735162774,3002.6573573548176,3008.240234375,336600,0.0,0.0
2024-01-25 00:00:00+09:00,3025.919478793963,3069.652017386619,3021.2670810713403,3055.69482421875,335400,0.0,0.0
2024-01-26 00:00:00+09:00,3047.320345211044,3064.9994556107413,3020.801679611497,3048.716064453125,257000,0.0,0.0
2024-01-29 00:00:00+09:00,3064.534193973105,3121.758682489682,3057.5555978125467,3092.913818359375,441800,0.0,0.0
2024-01-30 00:00:00+09:00,3092.913893278302,3110.5930039799528,3070.1171452682784,3082.21337890625,300400,0.0,0.0
2024-01-31 00:00:00+09:00,3070.1167740472133,3121.758380642037,3053.8333845803772,3114.77978515625,423400,0.0,0.0
2024-02-01 00:00:00+09:00,3198.0581552096164,3313.9028570785713,3172.9352078163492,3210.61962890625,908800,0.0,0.0
2024-02-02 00:00:00+09:00,3202.710283741823,3296.6887086860193,3182.704975461623,3289.244873046875,531000,0.0,0.0
2024-02-05 00:00:00+09:00,3303.667436032536,3344.1432939306956,3272.4963730534937,3294.827880859375,366200,0.0,0.0
2024-02-06 00:00:00+09:00,3293.8976369974057,3297.154315452064,3205.9673187216276,3228.298828125,393600,0.0,0.0
2024-02-07 00:00:00+09:00,3210.619542425053,3252.0258805319695,3195.2666305427133,3213.876220703125,335000,0.0,0.0
2024-02-08 00:00:00+09:00,3214.80655151853,3279.940114067386,3214.80655151853,3273.4267578125,466200,0.0,0.0
2024-02-09 00:00:00+09:00,3288.314429252239,3312.041655609322,3244.116654665515,3273.4267578125,383200,0.0,0.0
2024-02-13 00:00:00+09:00,3257.143334568674,3291.57107442842,3237.603265999629,3272.031005859375,358400,0.0,0.0
2024-02-14 00:00:00+09:00,3271.565961973299,3279.4750378199356,3208.758594955894,3221.320068359375,365800,0.0,0.0
2024-02-15 00:00:00+09:00,3256.6780331283658,3281.3357382363374,3189.683513589725,3196.662109375,429400,0.0,0.0
2024-02-16 00:00:00+09:00,3228.7640486600485,3319.9510448469896,3227.8335691071206,3276.218505859375,372000,0.0,0.0
2024-02-19 00:00:00+09:00,3276.2187011027136,3307.855007787602,3258.539588543511,3284.593017578125,164600,0.0,0.0
2024-02-20 00:00:00+09:00,3284.127266074447,3368.3356575122534,3262.260998684519,3346.004150390625,299800,0.0,0.0
2024-02-21 00:00:00+09:00,3301.806369976902,3358.100377412044,3284.592499934751,3342.2822265625,428600,0.0,0.0
2024-02-22 00:00:00+09:00,3311.111316504168,3340.8866606458378,3291.571246911197,3303.66748046875,544600,0.0,0.0
2024-02-26 00:00:00+09:00,3326.464365479853,3359.961629020349,3297.619499653314,3312.972412109375,381200,0.0,0.0
2024-02-27 00:00:00+09:00,3316.694062041066,3367.8704327556848,3303.202109761757,3336.234130859375,321800,0.0,0.0
2024-02-28 00:00:00+09:00,3319.4854731105493,3342.74745960747,3246.442835510219,3262.260986328125,474400,0.0,0.0
2024-02-29 00:00:00+09:00,3266.4484167764354,3289.7104052166605,3238.534030648165,3280.870849609375,342400,0.0,0.0
2024-03-01 00:00:00+09:00,3265.982992586231,3320.416042462668,3257.1434374780915,3318.08984375,213800,0.0,0.0
2024-03-04 00:00:00+09:00,3352.517736475312,3357.1701341112757,3286.9189298082265,3296.68896484375,267200,0.0,0.0
2024-03-05 00:00:00+09:00,3294.362766025768,3303.2023215340987,3277.148894772703,3296.68896484375,325800,0.0,0.0
2024-03-06 00:00:00+09:00,3279.939997798532,3364.6136261104944,3274.8223609225347,3351.5869140625,286400,0.0,0.0
2024-03-07 00:00:00+09:00,3379.9668273581724,3400.902616378285,3288.7798351816823,3301.34130859375,363600,0.0,0.0
2024-03-08 00:00:00+09:00,3301.3414178244802,3321.8119677658947,3212.9458612592816,3312.972412109375,436000,0.0,0.0
2024-03-11 00:00:00+09:00,3262.261091230927,3316.6941413840955,3198.523246179781,3232.0205078125,440800,0.0,0.0
2024-03-12 00:00:00+09:00,3210.61962890625,3234.8120967664336,3156.1865762208377,3210.61962890625,350200,0.0,0.0
2024-03-13 00:00:00+09:00,3218.5286609889667,3249.699724921644,3142.229340317936,3142.694580078125,391800,0.0,0.0
2024-03-14 00:00:00+09:00,3172.9353318907374,3253.8870544345773,3161.3043372723696,3233.41650390625,459200,0.0,0.0
2024-03-15 00:00:00+09:00,3230.159586022117,3291.5712330558085,3230.159586022117,3275.287841796875,319400,0.0,0.0
2024-03-18 00:00:00+09:00,3299.0150424146377,3377.175319826238,3264.5873011738136,3374.84912109375,342000,0.0,0.0
2024-03-19 00:00:00+09:00,3356.239772198122,3373.4536440544193,3325.5339467247263,3332.977783203125,230400,0.0,0.0
2024-03-21 00:00:00+09:00,3389.737018767203,3432.0738385184814,3374.384106110146,3422.76904296875,327600,0.0,0.0
2024-03-22 00:00:00+09:00,3453.0092532930903,3464.1750067394705,3408.811479234502,3438.12158203125,240600,0.0,0.0
2024-03-25 00:00:00+09:00,3412.5334890858553,3433.4692773624556,3386.945303414455,3400.437255859375,244200,0.0,0.0
2024-03-26 00:00:00+09:00,3373.453321481312,3402.298185076932,3338.5603413253198,3381.82763671875,372200,0.0,0.0
2024-03-27 00:00:00+09:00,3424.164509600904,3429.282146775579,3377.175295542522,3398.111083984375,303400,0.0,0.0
2024-03-28 00:00:00+09:00,3361.79058769733,3401.8849050755075,3361.79058769733,3379.243408203125,288200,50.0,0.0
2024-03-29 00:00:00+09:00,3377.3564650299704,3411.7904066427063,3338.2055451141205,3364.14892578125,196000,0.0,0.0
2024-04-01 00:00:00+09:00,3376.4130792834844,3396.2243882147372,3321.224432974995,3357.545166015625,401400,0.0,0.0
2024-04-02 00:00:00+09:00,3357.5453500261483,3381.1302429035445,3340.092529296875,3340.092529296875,275000,0.0,0.0
2024-04-03 00:00:00+09:00,3353.7716942291154,3399.998083263497,3333.0169889483727,3341.979248046875,393800,0.0,0.0
2024-04-04 00:00:00+09:00,3387.73355262799,3416.978815822495,3372.167525443818,3377.356201171875,274200,0.0,0.0
2024-04-05 00:00:00+09:00,3344.33769209615,3351.8848575508096,3279.715087890625,3279.715087890625,293600,0.0,0.0
2024-04-08 00:00:00+09:00,3324.0545243243782,3354.2431846843556,3308.9601941443893,3328.2998046875,232400,0.0,0.0
2024-04-09 00:00:00+09:00,3329.7151258892986,3382.073587282373,3329.7151258892986,3373.111328125,198200,0.0,0.0
2024-04-10 00:00:00+09:00,3366.979150809957,3394.337625277172,3340.564072014026,3350.4697265625,266600,0.0,0.0
2024-04-11 00:00:00+09:00,3333.4885799600493,3403.7715569536886,3330.1866951348447,3401.884765625,253400,0.0,0.0
2024-04-12 00:00:00+09:00,3443.394223528604,3451.884784627716,3377.8282239299087,3381.601806640625,362800,0.0,0.0
2024-04-15 00:00:00+09:00,3346.6962164290303,3373.5829936434707,3304.715108146834,3348.5830078125,284400,0.0,0.0
2024-04-16 00:00:00+09:00,3320.280961185948,3346.224341334439,3290.0923006495223,3315.09228515625,346200,0.0,0.0
2024-04-17 00:00:00+09:00,3302.827928352855,3320.7524443879033,3237.7336332782056,3244.33740234375,341000,0.0,0.0
2024-04-18 00:00:00+09:00,3251.8846807884893,3308.4884176168357,3229.243186057151,3298.582763671875,389800,0.0,0.0
2024-04-19 00:00:00+09:00,3251.412880716273,3254.7147652607405,3141.507295164715,3186.790283203125,318800,0.0,0.0
2024-04-22 00:00:00+09:00,3233.9605557928603,3245.753002393622,3192.4511437581796,3243.8662109375,271400,0.0,0.0
2024-04-23 00:00:00+09:00,3269.3373935563814,3269.3373935563814,3238.2053393110027,3263.205322265625,219200,0.0,0.0
2024-04-24 00:00:00+09:00,3295.7527091197894,3334.903628664221,3285.8470547772226,3326.884765625,234800,0.0,0.0
2024-04-25 00:00:00+09:00,3316.0358501752125,3321.6962243149146,3272.167950592525,3272.6396484375,245600,0.0,0.0
2024-04-26 00:00:00+09:00,3275.941348106394,3331.601690666013,3264.6206004671494,3315.56396484375,229600,0.0,0.0
2024-04-30 00:00:00+09:00,3377.356411789533,3401.884698579066,3325.941349096089,3352.828125,249400,0.0,0.0
2024-05-01 00:00:00+09:00,3297.6394741305944,3350.469630203063,3270.7526982722848,3321.224365234375,330000,0.0,0.0
2024-05-02 00:00:00+09:00,3304.2432326645676,3341.035662664259,3304.2432326645676,3340.56396484375,229800,0.0,0.0
2024-05-07 00:00:00+09:00,3334.432078463972,3377.356582515496,3325.9415172230115,3367.450927734375,339000,0.0,0.0
2024-05-08 00:00:00+09:00,3350.9410356966405,3362.7334802197843,3312.7335154416533,3341.507080078125,400400,0.0,0.0
2024-05-09 00:00:00+09:00,3379.243300548193,3439.14892578125,3365.09236545377,3439.14892578125,391400,0.0,0.0
2024-05-10 00:00:00+09:00,3442.9222840266443,3496.695833879917,3390.5638275905626,3413.205322265625,393000,0.0,0.0
2024-05-13 00:00:00+09:00,3157.073709431212,3316.979280549871,3147.1680545831537,3284.43212890625,883800,0.0,0.0
2024-05-14 00:00:00+09:00,3249.997667187728,3292.9221646788865,3186.79016538756,3234.431640625,519600,0.0,0.0
2024-05-15 00:00:00+09:00,3301.8849412657373,3331.130207888377,3231.1302639529,3278.300048828125,458600,0.0,0.0
2024-05-16 00:00:00+09:00,3317.9225612256205,3353.771596575798,3300.941439217642,3325.4697265625,418600,0.0,0.0
2024-05-17 00:00:00+09:00,3295.2808617999362,3341.0355488303676,3263.677108902628,3286.318603515625,334200,0.0,0.0
2024-05-20 00:00:00+09:00,3302.356421025006,3394.3374954572128,3302.356421025006,3366.50732421875,457800,0.0,0.0
2024-05-21 00:00:00+09:00,3396.224022665514,3410.374956093287,3341.507080078125,3341.507080078125,232600,0.0,0.0
2024-05-22 00:00:00+09:00,3333.0168750312455,3353.2998817714583,3242.922589278207,3243.394287109375,419600,0.0,0.0
2024-05-23 00:00:00+09:00,3244.809367658905,3296.2244310510873,3239.6206915367584,3275.4697265625,160600,0.0,0.0
2024-05-24 00:00:00+09:00,3230.658326623551,3267.450756098896,3221.2243703478216,3265.56396484375,232000,0.0,0.0
2024-05-27 00:00:00+09:00,3265.5637851231845,3291.9788612414713,3208.016655008346,3232.0732421875,187200,0.0,0.0
2024-05-28 00:00:00+09:00,3244.337691031445,3273.5829566383004,3212.262238430378,3249.5263671875,280000,0.0,0.0
2024-05-29 00:00:00+09:00,3258.016862321161,3265.0923296636856,3184.90369978174,3187.73388671875,183400,0.0,0.0
2024-05-30 00:00:00+09:00,3160.3753625561376,3182.5451598755612,3096.2244596744013,3150.94140625,292000,0.0,0.0
2024-05-31 00:00:00+09:00,3158.4885605169434,3191.035709662055,3156.601769262154,3170.281005859375,243200,0.0,0.0
2024-06-03 00:00:00+09:00,3160.8471585773577,3254.7150267398547,3160.375460747395,3237.26220703125,253000,0.0,0.0
2024-06-04 00:00:00+09:00,3189.1489342508467,3197.639494939578,3137.7338723024154,3195.281005859375,341400,0.0,0.0
2024-06-05 00:00:00+09:00,3148.1113900250457,3183.960425931834,3080.1869009385,3095.7529296875,358800,0.0,0.0
2024-06-06 00:00:00+09:00,3130.6585081324342,3130.6585081324342,3048.583085439193,3078.300048828125,325000,0.0,0.0
2024-06-07 00:00:00+09:00,3077.8282060439265,3098.5829096555635,3059.9036892884214,3082.073486328125,165400,0.0,0.0
2024-06-10 00:00:00+09:00,3078.3000538272127,3121.69625440216,3078.3000538272127,3109.90380859375,142200,0.0,0.0
2024-06-11 00:00:00+09:00,3108.4887676864514,3137.734033786081,3098.583113039803,3121.224609375,137200,0.0,0.0
2024-06-12 00:00:00+09:00,3131.1299264168138,3176.412914204704,3117.4506905225553,3174.526123046875,225600,0.0,0.0
2024-06-13 00:00:00+09:00,3186.318777745735,3193.394245053831,3129.7150392809704,3162.73388671875,240000,0.0,0.0
2024-06-14 00:00:00+09:00,3181.130189632995,3218.3943184854575,3169.809441627184,3185.84716796875,564200,0.0,0.0
2024-06-17 00:00:00+09:00,3154.2435763815174,3171.2246992691703,3124.526611328125,3124.526611328125,283200,0.0,0.0
2024-06-18 00:00:00+09:00,3156.1300776070825,3201.884765625,3122.1678349546073,3201.884765625,262800,0.0,0.0
2024-06-19 00:00:00+09:00,3190.0924287175612,3221.6961833714245,3172.6396089833383,3199.0546875,192000,0.0,0.0
2024-06-20 00:00:00+09:00,3179.243207114484,3231.129965687569,3158.48850368525,3209.903564453125,271200,0.0,0.0
2024-06-21 00:00:00+09:00,3193.3943724123806,3238.205667150811,3177.8283437137675,3229.243408203125,608400,0.0,0.0
2024-06-24 00:00:00+09:00,3248.1114359843564,3261.7906738065385,3188.2058082803173,3200.941650390625,212000,0.0,0.0
2024-06-25 00:00:00+09:00,3236.7907020770226,3300.4699129164865,3225.9416513414103,3270.28125,251200,0.0,0.0
2024-06-26 00:00:00+09:00,3301.8845995942816,3407.0732089813564,3285.846874396252,3357.0732421875,500600,0.0,0.0
2024-06-27 00:00:00+09:00,3349.9980236299853,3413.6772313447204,3334.9036929124186,3388.67724609375,371200,0.0,0.0
2024-06-28 00:00:00+09:00,3392.450887583213,3458.96028346047,3392.450887583213,3418.865966796875,395200,0.0,0.0
2024-07-01 00:00:00+09:00,3454.7148359228895,3557.073262929343,3454.7148359228895,3531.1298828125,451800,0.0,0.0
2024-07-02 00:00:00+09:00,3531.1299636606695,3568.865790149162,3511.318654754211,3535.375244140625,321600,0.0,0.0
2024-07-03 00:00:00+09:00,3536.790374795176,3707.0732936136687,3536.790374795176,3661.318603515625,642400,0.0,0.0
2024-07-04 00:00:00+09:00,3664.1488673123004,3717.450723904253,3653.299816855531,3691.03564453125,356800,0.0,0.0
2024-07-05 00:00:00+09:00,3689.148820624578,3709.4318278214655,3666.50732421875,3666.50732421875,322400,0.0,0.0
2024-07-08 00:00:00+09:00,3646.6958273614578,3690.5637243921933,3641.97884918611,3652.356201171875,261600,0.0,0.0
2024-07-09 00:00:00+09:00,3660.3751255221723,3681.601527667597,3612.2619473258756,3669.80908203125,322800,0.0,0.0
2024-07-10 00:00:00+09:00,3662.73361178786,3733.016587725579,3657.073237886835,3695.28076171875,329200,0.0,0.0
2024-07-11 00:00:00+09:00,3730.6582250087536,3748.582742969347,3704.71484375,3704.71484375,319400,0.0,0.0
2024-07-12 00:00:00+09:00,3683.9601412477,3811.3185584227163,3683.9601412477,3749.054443359375,714400,0.0,0.0
2024-07-16 00:00:00+09:00,3799.9974665934997,3851.412526655403,3774.0540876631817,3827.82763671875,312600,0.0,0.0
2024-07-17 00:00:00+09:00,3843.394193750955,3867.9224826654186,3800.941386014383,3858.488525390625,329600,0.0,0.0
2024-07-18 00:00:00+09:00,3820.7525871371613,3849.526156003256,3744.809233244682,3759.903564453125,270400,0.0,0.0
2024-07-19 00:00:00+09:00,3797.6391570467667,3806.6014156461815,3732.544857745754,3740.563720703125,332400,0.0,0.0
2024-07-22 00:00:00+09:00,3740.563893664811,3749.526152678636,3654.714886269225,3672.639404296875,310800,0.0,0.0
2024-07-23 00:00:00+09:00,3668.865706027477,3709.903417061726,3646.2242102844425,3656.6015625,233200,0.0,0.0
2024-07-24 00:00:00+09:00,3632.073306341241,3663.2053632527372,3547.167696582614,3554.2431640625,398800,0.0,0.0
2024-07-25 00:00:00+09:00,3483.4883355527727,3514.1486932793714,3369.809163058769,3374.054443359375,547200,0.0,0.0
2024-07-26 00:00:00+09:00,3396.224439644651,3447.1678062393203,3375.9414325745506,3381.601806640625,357600,0.0,0.0
2024-07-29 00:00:00+09:00,3450.4695503834264,3474.0544413634907,3396.224301129278,3404.2431640625,281800,0.0,0.0
2024-07-30 00:00:00+09:00,3419.8094589546795,3544.8093909026784,3416.0358761034195,3536.79052734375,427600,0.0,0.0
2024-07-31 00:00:00+09:00,3510.37537925822,3582.073452040705,3484.431997659295,3570.281005859375,311600,0.0,0.0
2024-08-01 00:00:00+09:00,3443.8659500749145,3488.6772451382094,3327.828280753119,3374.5263671875,434800,0.0,0.0
2024-08-02 00:00:00+09:00,3185.847271229078,3196.6963217529556,3080.6586509323524,3107.07373046875,577800,0.0,0.0
2024-08-05 00:00:00+09:00,2836.7907024852616,2871.224643503124,2635.375732421875,2635.375732421875,772200,0.0,0.0
2024-08-06 00:00:00+09:00,2641.50768283195,2841.979248046875,2463.677612041299,2841.979248046875,1376600,0.0,0.0
2024-08-07 00:00:00+09:00,2700.469753150088,2957.5450396945066,2660.847140178104,2871.696044921875,706800,0.0,0.0
2024-08-08 00:00:00+09:00,2761.7906664579955,2900.9415198491324,2751.413314679673,2834.43212890625,305600,0.0,0.0
2024-08-09 00:00:00+09:00,2881.6017170605883,2881.6017170605883,2736.3188018773076,2794.809326171875,606800,0.0,0.0
2024-08-13 00:00:00+09:00,2826.885191431208,2896.696472647931,2799.998414205849,2879.24365234375,410000,0.0,0.0
2024-08-14 00:00:00+09:00,2880.6583912365686,2959.903619618384,2868.394248748907,2933.016845703125,339600,0.0,0.0
2024-08-15 00:00:00+09:00,2926.8850122355902,3007.5453405341054,2896.6963513519354,2983.96044921875,293200,0.0,0.0
2024-08-16 00:00:00+09:00,3091.9793107090154,3112.7340154643466,3059.9038579053217,3096.6962890625,337200,0.0,0.0
2024-08-19 00:00:00+09:00,3061.318858240606,3065.5641386295374,2958.0170354432726,2959.43212890625,356200,0.0,0.0
2024-08-20 00:00:00+09:00,3006.601973445483,3051.8849652011727,3005.1868799531176,3046.6962890625,410600,0.0,0.0
2024-08-21 00:00:00+09:00,2952.3567241472015,2985.847270147274,2945.752954513385,2964.149169921875,419600,0.0,0.0
2024-08-22 00:00:00+09:00,2971.224858397644,2971.224858397644,2871.2249107900393,2901.41357421875,627400,0.0,0.0
2024-08-23 00:00:00+09:00,2926.41341655455,2934.9039777244375,2863.2059056231656,2892.451171875,614000,0.0,0.0
2024-08-26 00:00:00+09:00,2882.5454480498297,2886.790728532966,2837.2624562297046,2868.8662109375,236800,0.0,0.0
2024-08-27 00:00:00+09:00,2873.1115144073146,2915.0926217430974,2866.036046878812,2899.998291015625,306000,0.0,0.0
2024-08-28 00:00:00+09:00,2867.9225350304077,2877.3564907377445,2841.0357612644975,2869.809326171875,213400,0.0,0.0
2024-08-29 00:00:00+09:00,2864.6211691499348,2875.9419180482714,2834.904203291801,2849.99853515625,328000,0.0,0.0
2024-08-30 00:00:00+09:00,2853.77197265625,2889.149311160253,2850.47008772921,2853.77197265625,267200,0.0,0.0
2024-09-02 00:00:00+09:00,2921.224661791417,2921.224661791417,2842.451124165199,2862.734130859375,285800,0.0,0.0
2024-09-03 00:00:00+09:00,2854.243695051996,2855.658788604327,2814.621075586723,2815.0927734375,187200,0.0,0.0
2024-09-04 00:00:00+09:00,2735.847428534475,2757.0738309972426,2660.375775333524,2678.30029296875,502600,0.0,0.0
2024-09-05 00:00:00+09:00,2600.941787450517,2688.677582239381,2567.4512421278864,2673.583251953125,549200,0.0,0.0
2024-09-06 00:00:00+09:00,2688.677795931824,2705.658918853499,2634.904240013188,2649.05517578125,324000,0.0,0.0
2024-09-09 00:00:00+09:00,2594.3380397492056,2638.2059375122376,2556.6022137164896,2634.904052734375,385600,0.0,0.0
2024-09-10 00:00:00+09:00,2645.7532202292487,2696.696587636052,2627.8287020675957,2638.2060546875,315800,0.0,0.0
2024-09-11 00:00:00+09:00,2594.338195040184,2643.3947718191257,2573.111791626219,2611.791015625,474200,0.0,0.0
2024-09-12 00:00:00+09:00,2688.677318530605,2700.469762910125,2641.507541012524,2674.0546875,318600,0.0,0.0
2024-09-13 00:00:00+09:00,2682.07377520858,2699.5265943578447,2668.3945385780758,2687.262451171875,443400,0.0,0.0
2024-09-17 00:00:00+09:00,2704.243436651715,2712.2622991012317,2645.752910549358,2671.6962890625,253000,0.0,0.0
2024-09-18 00:00:00+09:00,2718.8660676534223,2735.8471881314795,2661.3189371444496,2684.43212890625,202600,0.0,0.0
2024-09-19 00:00:00+09:00,2759.4324718200537,2775.4701990067,2719.3381538534377,2763.2060546875,372200,0.0,0.0
2024-09-20 00:00:00+09:00,2810.3758152817236,2862.2625792429503,2782.5456418843382,2801.88525390625,634400,0.0,0.0
2024-09-24 00:00:00+09:00,2867.4509981627384,2867.9226959745765,2767.922759864937,2783.01708984375,382000,0.0,0.0
2024-09-25 00:00:00+09:00,2785.8475359359495,2874.5267328130167,2783.4890466573042,2852.35693359375,455000,0.0,0.0
2024-09-26 00:00:00+09:00,2899.5263671875,2912.2622077461565,2853.77168073603,2899.5263671875,353800,0.0,0.0
2024-09-27 00:00:00+09:00,3101.395219575991,3137.837092904342,2974.8076595932976,3047.69140625,601000,50.0,2.0
2024-09-30 00:00:00+09:00,2846.3020565519914,2954.66867797732,2818.970652033214,2937.40673828125,627100,0.0,0.0
2024-10-01 00:00:00+09:00,2976.7259590448452,3026.5937908329674,2945.0790657946905,3004.536865234375,331600,0.0,0.0
2024-10-02 00:00:00+09:00,2983.438915310243,3024.675775920445,2964.2589801427066,2987.27490234375,317500,0.0,0.0
2024-10-03 00:00:00+09:00,3087.9692081056874,3089.8872014026474,2993.028539906165,2994.946533203125,331600,0.0,0.0
2024-10-04 00:00:00+09:00,2993.0286222392615,3029.470495883956,2976.725678766635,3026.593505859375,257400,0.0,0.0
2024-10-07 00:00:00+09:00,3116.7394093951502,3116.7394093951502,3066.8715788448276,3086.051513671875,267800,0.0,0.0
2024-10-08 00:00:00+09:00,3054.4044094303263,3070.7073529029526,3001.659592313005,3026.593505859375,221000,0.0,0.0
2024-10-09 00:00:00+09:00,3057.281558745653,3071.6665096180445,3017.003696302956,3033.306640625,229500,0.0,0.0
2024-10-10 00:00:00+09:00,3076.4614875214643,3077.420484244507,3039.060615322793,3071.66650390625,220500,0.0,0.0
2024-10-11 00:00:00+09:00,3085.0923011453087,3097.5592579108943,3029.4704940373113,3045.7734375,312400,0.0,0.0
2024-10-15 00:00:00+09:00,3063.035476838699,3063.035476838699,2986.3157404119315,3038.1015625,398600,0.0,0.0
2024-10-16 00:00:00+09:00,2972.8896679192726,3032.347461277658,2953.709734577858,3028.511474609375,232200,0.0,0.0
2024-10-17 00:00:00+09:00,3025.634301812014,3049.6092170403185,3011.249352675032,3023.71630859375,285500,0.0,0.0
2024-10-18 00:00:00+09:00,3060.158412344439,3064.953395754568,3027.5525251555605,3043.85546875,170100,0.0,0.0
2024-10-21 00:00:00+09:00,3033.3067520905993,3054.404680812064,3011.249826609068,3024.67578125,225100,0.0,0.0
2024-10-22 00:00:00+09:00,3020.839669646475,3031.3886335722245,2930.693977917342,2958.5048828125,382400,0.0,0.0
2024-10-23 00:00:00+09:00,2934.5297957814023,2999.741569020989,2934.5297957814023,2952.750732421875,212200,0.0,0.0
2024-10-24 00:00:00+09:00,2932.6119741218904,2956.5868921575498,2887.53912821485,2939.324951171875,292600,0.0,0.0
2024-10-25 00:00:00+09:00,2942.201635662663,2950.832605258805,2912.4727403870625,2944.11962890625,195200,0.0,0.0
2024-10-28 00:00:00+09:00,2915.3499770294025,3010.2906506234517,2910.5549935145514,3000.70068359375,216500,0.0,0.0
2024-10-29 00:00:00+09:00,2985.3567240852135,3005.4956547648762,2970.0127769007086,3001.65966796875,250300,0.0,0.0
2024-10-30 00:00:00+09:00,3004.5366827533066,3015.085646529332,2963.2998243561183,2999.74169921875,537700,0.0,0.0
2024-10-31 00:00:00+09:00,3011.2494515625,3068.78925,2963.29961953125,2996.864501953125,383300,0.0,0.0
2024-11-01 00:00:00+09:00,2814.655311657598,3044.8145194251697,2814.655311657598,3001.65966796875,739900,0.0,0.0
2024-11-05 00:00:00+09:00,3025.6345176637083,3107.149235255282,3006.4545841127497,3063.994384765625,386700,0.0,0.0
2024-11-06 00:00:00+09:00,3097.559196061003,3212.6387946762725,3083.1742462340944,3203.048828125,390900,0.0,0.0
2024-11-07 00:00:00+09:00,3270.1788402739026,3298.9487420944943,3188.6641184488935,3222.22900390625,414200,0.0,0.0
2024-11-08 00:00:00+09:00,3255.793653405231,3260.5886366944874,3073.58428841348,3087.96923828125,377400,0.0,0.0
2024-11-11 00:00:00+09:00,3078.37921640625,3092.764166015625,2982.47955234375,2996.864501953125,225300,0.0,0.0
2024-11-12 00:00:00+09:00,3001.6597916040664,3035.2246774526743,2958.5049383701426,2992.06982421875,228700,0.0,0.0
2024-11-13 00:00:00+09:00,2944.1197550186257,2982.4796215335264,2876.9899886175494,2896.169921875,308600,0.0,0.0
2024-11-14 00:00:00+09:00,2896.1701071131447,2963.2998778078204,2881.78515625,2881.78515625,305700,0.0,0.0
2024-11-15 00:00:00+09:00,2934.52984870521,2939.3248321181272,2900.964964814791,2910.554931640625,166600,0.0,0.0
2024-11-18 00:00:00+09:00,2866.4412701822916,2910.5551204427084,2846.3023385416664,2876.990234375,189900,0.0,0.0
2024-11-19 00:00:00+09:00,2886.5800165837477,2915.34991708126,2846.30215588723,2891.375,193700,0.0,0.0
2024-11-20 00:00:00+09:00,2876.9901698088843,2920.1450223560178,2870.277192745997,2900.965087890625,232800,0.0,0.0
2024-11-21 00:00:00+09:00,2891.375175924862,2948.914980420879,2891.375175924862,2934.530029296875,181700,0.0,0.0
2024-11-22 00:00:00+09:00,2934.529661123392,3001.659424613143,2934.529661123392,2982.4794921875,198800,0.0,0.0
2024-11-25 00:00:00+09:00,3025.6344616154956,3044.8143948111565,2987.274595224174,3011.24951171875,197000,0.0,0.0
2024-11-26 00:00:00+09:00,2972.8896453274283,3011.24951171875,2948.9147288328522,3011.24951171875,188000,0.0,0.0
2024-11-27 00:00:00+09:00,2982.47968283438,3001.659616486048,2896.169981401874,2910.554931640625,195800,0.0,0.0
2024-11-28 00:00:00+09:00,2915.3499053030305,3020.83954003439,2915.3499053030305,3006.45458984375,278900,0.0,0.0
2024-11-29 00:00:00+09:00,2958.5047001033636,2987.274599942294,2905.7598837319906,2953.709716796875,203300,0.0,0.0
2024-12-02 00:00:00+09:00,2972.8897041526347,3040.0194716657584,2968.09472075884,3025.634521484375,234700,0.0,0.0
2024-12-03 00:00:00+09:00,3035.2244752643683,3169.484009715241,3025.6345085178777,3159.89404296875,555200,0.0,0.0
2024-12-04 00:00:00+09:00,3140.7141229354447,3155.099073116828,3020.8395380905804,3025.634521484375,261100,0.0,0.0
2024-12-05 00:00:00+09:00,3063.994444089515,3092.764344972985,3030.4295597254672,3078.37939453125,229900,0.0,0.0
2024-12-06 00:00:00+09:00,3063.994323348999,3083.1742565155027,3040.019406890869,3068.789306640625,115200,0.0,0.0
2024-12-09 00:00:00+09:00,3087.969426081731,3087.969426081731,3030.429623111264,3054.404541015625,141100,0.0,0.0
2024-12-10 00:00:00+09:00,3121.5342412860577,3150.304142127404,3097.5593239182695,3116.7392578125,190100,0.0,0.0
2024-12-11 00:00:00+09:00,3102.3541265443314,3102.3541265443314,3044.814328215843,3092.76416015625,196600,0.0,0.0
2024-12-12 00:00:00+09:00,3145.5092182714393,3145.5092182714393,3092.7643990626198,3131.124267578125,156900,0.0,0.0
2024-12-13 00:00:00+09:00,3131.1240878845592,3159.893987620099,3068.7893051242236,3087.96923828125,291000,0.0,0.0
2024-12-16 00:00:00+09:00,3111.9439695390506,3140.7138675625242,3107.148986535138,3121.533935546875,172400,0.0,0.0
2024-12-17 00:00:00+09:00,3131.1242105111987,3135.919193988245,3078.37939226369,3097.559326171875,137500,0.0,0.0
2024-12-18 00:00:00+09:00,3097.5595118402507,3140.714365720378,3083.174560546875,3083.174560546875,115500,0.0,0.0
2024-12-19 00:00:00+09:00,3044.814390182495,3083.1742565155027,3030.4294403076174,3068.789306640625,150500,0.0,0.0
2024-12-20 00:00:00+09:00,3087.9693614924063,3121.534245856454,3078.37939453125,3078.37939453125,161100,0.0,0.0
2024-12-23 00:00:00+09:00,3087.96923828125,3097.559204859763,3059.1993385457104,3087.96923828125,114700,0.0,0.0
2024-12-24 00:00:00+09:00,3083.174378011828,3087.9693614924063,3059.199460608937,3078.37939453125,121900,0.0,0.0
2024-12-25 00:00:00+09:00,3126.3289185507874,3126.3289185507874,3063.994139499928,3121.533935546875,207000,0.0,0.0
2024-12-26 00:00:00+09:00,3102.354248046875,3107.1492314287098,3054.404414228531,3102.354248046875,202600,0.0,0.0
2024-12-27 00:00:00+09:00,3164.6890814482276,3318.128552063899,3164.6890814482276,3212.638916015625,695000,0.0,0.0
2024-12-30 00:00:00+09:00,3212.6389095720306,3289.3586447259895,3212.6389095720306,3270.1787109375,382600,0.0,0.0
2025-01-06 00:00:00+09:00,3270.1787130980365,3318.1285476009402,3246.2037958465844,3250.998779296875,307100,0.0,0.0
2025-01-07 00:00:00+09:00,3231.8186648228548,3241.4086311873143,3164.6889002716384,3227.023681640625,239200,0.0,0.0
2025-01-08 00:00:00+09:00,3227.0239846494774,3260.588870076738,3198.2540828546826,3241.408935546875,287800,0.0,0.0
2025-01-09 00:00:00+09:00,3227.023987543015,3236.613954816546,3179.0741511753627,3222.22900390625,168000,0.0,0.0
2025-01-10 00:00:00+09:00,3179.0741058960903,3193.459056601502,3111.9443359375,3111.9443359375,498000,0.0,0.0
2025-01-14 00:00:00+09:00,3097.559204859763,3169.483954198612,3059.1993385457104,3087.96923828125,328500,0.0,0.0
2025-01-15 00:00:00+09:00,3092.764528075792,3140.714365720378,3083.174560546875,3083.174560546875,344100,0.0,0.0
2025-01-16 00:00:00+09:00,3135.919062266093,3227.023744503181,3116.739129163548,3203.048828125,548800,0.0,0.0
2025-01-17 00:00:00+09:00,3255.793869628906,3394.848394252232,3241.4089188058038,3356.488525390625,839400,0.0,0.0
2025-01-20 00:00:00+09:00,3356.4884637459877,3447.593150619093,3337.3085296674394,3361.283447265625,492300,0.0,0.0
2025-01-21 00:00:00+09:00,3394.848327034115,3404.438294059635,3346.898491906514,3399.643310546875,516500,0.0,0.0
2025-01-22 00:00:00+09:00,3399.6431910811925,3447.593024523804,3342.103390950058,3370.873291015625,380500,0.0,0.0
2025-01-23 00:00:00+09:00,3327.71875,3375.6685878962535,3322.9237662103747,3327.71875,283400,0.0,0.0
2025-01-24 00:00:00+09:00,3356.488282653107,3370.873232435906,3322.923399826576,3337.308349609375,235300,0.0,0.0
2025-01-27 00:00:00+09:00,3390.0535392651295,3394.848523054755,3318.1287824207493,3327.71875,246300,0.0,0.0
2025-01-28 00:00:00+09:00,3337.3084748641304,3375.668342391304,3274.9736901324727,3308.53857421875,243400,0.0,0.0
2025-01-29 00:00:00+09:00,3346.8986851585014,3366.078620317003,3308.5388148414986,3327.71875,214200,0.0,0.0
2025-01-30 00:00:00+09:00,3361.283387804441,3380.4633215436966,3322.9235203259313,3346.8984375,241100,0.0,0.0
2025-01-31 00:00:00+09:00,3380.4632577041475,3380.4632577041475,3346.898374294319,3370.873291015625,205500,0.0,0.0
2025-02-03 00:00:00+09:00,3356.4884086277175,3356.4884086277175,3284.563657014266,3308.53857421875,403400,0.0,0.0
2025-02-04 00:00:00+09:00,3375.6685878962535,3380.463571685879,3308.5388148414986,3327.71875,263300,0.0,0.0
2025-02-05 00:00:00+09:00,3342.103701368876,3356.488652737752,3303.743831051873,3327.71875,240800,0.0,0.0
2025-02-06 00:00:00+09:00,3394.848148740571,3423.6180483061694,3322.923399826576,3337.308349609375,351900,0.0,0.0
2025-02-07 00:00:00+09:00,3313.333490884491,3404.438174425454,3298.948540851707,3370.873291015625,252700,0.0,0.0
2025-02-10 00:00:00+09:00,3346.8983161312412,3351.693299392174,3303.743466782844,3337.308349609375,304000,0.0,0.0
2025-02-12 00:00:00+09:00,3370.873171587527,3375.6681547619046,3303.743407146239,3322.92333984375,219300,0.0,0.0
2025-02-13 00:00:00+09:00,3342.1033357132314,3370.873235303302,3284.5635365330895,3298.948486328125,368100,0.0,0.0
2025-02-14 00:00:00+09:00,3270.1787174965016,3294.1536347802003,3198.2539656454055,3212.638916015625,384800,0.0,0.0
2025-02-17 00:00:00+09:00,3183.868774782855,3183.868774782855,3155.09887621554,3174.27880859375,303600,0.0,0.0
2025-02-18 00:00:00+09:00,3145.509154160334,3164.689088027166,3121.534236826795,3155.09912109375,309900,0.0,0.0
2025-02-19 00:00:00+09:00,3155.0989953686376,3217.4337779519087,3135.919062266093,3203.048828125,224300,0.0,0.0
2025-02-20 00:00:00+09:00,3174.279173333961,3188.6641242705196,3150.3042551063627,3183.869140625,149200,0.0,0.0
2025-02-21 00:00:00+09:00,3164.6890208760246,3217.433837890625,3164.6890208760246,3217.433837890625,244400,0.0,0.0
2025-02-25 00:00:00+09:00,3169.484000698983,3274.9736346102954,3169.484000698983,3255.793701171875,194100,0.0,0.0
2025-02-26 00:00:00+09:00,3260.588813177317,3265.383796726107,3207.843994140625,3207.843994140625,232800,0.0,0.0
2025-02-27 00:00:00+09:00,3236.613822605299,3337.3084748641304,3212.638905400815,3308.53857421875,326800,0.0,0.0
2025-02-28 00:00:00+09:00,3260.588627432635,3279.76856053518,3193.4588615737275,3203.048828125,336300,0.0,0.0
2025-03-03 00:00:00+09:00,3241.4088167560635,3255.7937671262825,3207.843932558885,3212.638916015625,169000,0.0,0.0
2025-03-04 00:00:00+09:00,3179.0739727792356,3203.048889617691,3155.0990559407796,3198.25390625,232200,0.0,0.0
2025-03-05 00:00:00+09:00,3145.5090928490135,3193.4589265814684,3102.3542424898046,3159.89404296875,536600,0.0,0.0
2025-03-06 00:00:00+09:00,3318.1286483936096,3553.082844594891,3308.5386812017205,3414.0283203125,1139700,0.0,0.0
2025-03-07 00:00:00+09:00,3356.488642273814,3438.003366443321,3346.8986747244603,3385.258544921875,468000,0.0,0.0
2025-03-10 00:00:00+09:00,3385.2582410484088,3404.438174425454,3342.103390950058,3370.873291015625,216700,0.0,0.0
2025-03-11 00:00:00+09:00,3313.333553456304,3385.2583049785103,3303.7435865866764,3346.8984375,389200,0.0,0.0
2025-03-12 00:00:00+09:00,3313.333553456304,3380.4633215436966,3308.53857002149,3346.8984375,451300,0.0,0.0
2025-03-13 00:00:00+09:00,3370.873541479317,3414.0283947841726,3332.513671875,3332.513671875,287100,0.0,0.0
2025-03-14 00:00:00+09:00,3337.30846045874,3457.183045963723,3337.30846045874,3442.798095703125,398500,0.0,0.0
2025-03-17 00:00:00+09:00,3471.568115234375,3519.5179510801536,3409.2333286348626,3471.568115234375,370900,0.0,0.0
2025-03-18 00:00:00+09:00,3524.3129973985347,3524.3129973985347,3423.618340330005,3466.773193359375,363600,0.0,0.0
2025-03-19 00:00:00+09:00,3461.9779642097233,3514.722780838957,3461.9779642097233,3485.952880859375,187000,0.0,0.0
2025-03-21 00:00:00+09:00,3461.9780889714807,3519.5178910042478,3442.7981549605583,3457.18310546875,241500,0.0,0.0
2025-03-24 00:00:00+09:00,3447.5930791233245,3476.3629796445202,3433.2081288627264,3442.798095703125,140400,0.0,0.0
2025-03-25 00:00:00+09:00,3476.363037109375,3500.337954606681,3438.003169113685,3476.363037109375,172700,0.0,0.0
2025-03-26 00:00:00+09:00,3495.54296875,3519.5178862311386,3461.978084276406,3495.54296875,166700,0.0,0.0
2025-03-27 00:00:00+09:00,3495.542723610164,3538.6975720497953,3466.7728246504093,3514.72265625,244200,0.0,0.0
2025-03-28 00:00:00+09:00,3490.416259765625,3500.138867731546,3456.3871318849015,3490.416259765625,307100,50.0,0.0
2025-03-31 00:00:00+09:00,3354.2998569522088,3359.1611610927193,3300.8255114065937,3315.409423828125,385800,0.0,0.0
2025-04-01 00:00:00+09:00,3315.4094281877788,3320.2707323346817,3261.935082571847,3266.79638671875,196500,0.0,0.0
2025-04-02 00:00:00+09:00,3257.0737585393817,3266.7963667738277,3193.876805015483,3213.322021484375,276400,0.0,0.0
2025-04-03 00:00:00+09:00,3052.8987797678856,3062.6213873467645,2984.8405267157355,3023.73095703125,404600,0.0,0.0
2025-04-04 00:00:00+09:00,2887.6145772332834,2945.9502252581983,2802.0556267967418,2853.58544921875,382300,0.0,0.0
2025-04-07 00:00:00+09:00,2610.5202843447046,2658.161064207978,2567.7408085491115,2594.964111328125,449200,0.0,0.0
2025-04-08 00:00:00+09:00,2759.2763170895305,2853.585620386812,2702.8851872829086,2729.13623046875,420000,0.0,0.0
2025-04-09 00:00:00+09:00,2607.603474057357,2625.104168514117,2517.1832193640926,2569.685302734375,564900,0.0,0.0
2025-04-10 00:00:00+09:00,2909.976426095204,2909.976426095204,2819.556176303405,2873.030517578125,499500,0.0,0.0
2025-04-11 00:00:00+09:00,2727.1916548516665,2926.505126953125,2694.1347863080096,2926.505126953125,817600,0.0,0.0
2025-04-14 00:00:00+09:00,2931.366283454517,2999.4245387917695,2926.5049795018563,2945.9501953125,288500,0.0,0.0
2025-04-15 00:00:00+09:00,3009.1469970703124,3009.1469970703124,2965.395263671875,2965.395263671875,149200,0.0,0.0
2025-04-16 00:00:00+09:00,2984.840626933787,2994.5632348391086,2921.6436755491955,2945.9501953125,222400,0.0,0.0
2025-04-17 00:00:00+09:00,2955.6729892828525,3043.176465939253,2945.9503807654746,3033.453857421875,186100,0.0,0.0
2025-04-18 00:00:00+09:00,3048.0376493241365,3052.8989533900444,3004.285912730967,3009.147216796875,171400,0.0,0.0
2025-04-21 00:00:00+09:00,2975.118241541839,2994.5634588068183,2921.6438940631456,2941.089111328125,142400,0.0,0.0
2025-04-22 00:00:00+09:00,2936.2275390625,2941.08884293512,2889.5590218853476,2936.2275390625,382300,0.0,0.0
2025-04-23 00:00:00+09:00,3048.0376736548637,3048.0376736548637,2950.81159156061,3014.008544921875,248700,0.0,0.0
2025-04-24 00:00:00+09:00,3048.03754921875,3082.0666765625,3028.59233359375,3038.31494140625,187600,0.0,0.0
2025-04-25 00:00:00+09:00,3106.373266907695,3116.0958749418346,3067.4828347711355,3101.511962890625,198100,0.0,0.0
2025-04-28 00:00:00+09:00,3101.5121355191927,3135.5412655327264,3086.92822265625,3086.92822265625,162500,0.0,0.0
2025-04-30 00:00:00+09:00,3082.0667707416374,3116.09589912522,3072.3441626320423,3106.373291015625,184800,0.0,0.0
2025-05-01 00:00:00+09:00,3116.0956787109376,3135.5408935546875,3096.6504638671877,3111.234375,123300,0.0,0.0
2025-05-02 00:00:00+09:00,3159.847605047255,3213.32194913267,3154.98630103949,3198.738037109375,212300,0.0,0.0
2025-05-07 00:00:00+09:00,3184.154176682692,3218.1833052884617,3125.818527644231,3159.84765625,225900,0.0,0.0
2025-05-08 00:00:00+09:00,3164.7090509253812,3266.7964396649095,3135.5412255712304,3227.906005859375,326600,0.0,0.0
2025-05-09 00:00:00+09:00,3364.022361602346,3417.496705500649,3305.6867137132876,3393.190185546875,640200,0.0,0.0
2025-05-12 00:00:00+09:00,3402.912790761829,3490.416262524276,3364.0223588674085,3441.80322265625,547900,0.0,0.0
2025-05-13 00:00:00+09:00,3602.2262762544547,3680.0071405190583,3470.9710678079364,3495.277587890625,510600,0.0,0.0
2025-05-14 00:00:00+09:00,3514.7228523074505,3548.7519808913403,3436.941986972846,3505.000244140625,263200,0.0,0.0
2025-05-15 00:00:00+09:00,3451.525857949973,3519.5841143039165,3378.6062975707487,3398.051513671875,439200,0.0,0.0
2025-05-16 00:00:00+09:00,3417.4967471652562,3524.4454362657334,3383.4676188151043,3500.138916015625,390400,0.0,0.0
2025-05-19 00:00:00+09:00,3451.5259067682327,3466.109819050352,3368.8837371695568,3407.774169921875,352200,0.0,0.0
2025-05-20 00:00:00+09:00,3417.4966567467,3466.1096959607353,3378.6062253754712,3383.467529296875,184200,0.0,0.0
2025-05-21 00:00:00+09:00,3402.912769290262,3412.63537720252,3339.7158178605855,3388.328857421875,196900,0.0,0.0
2025-05-22 00:00:00+09:00,3320.270751953125,3354.2998811825128,3295.9642310749905,3320.270751953125,160800,0.0,0.0
2025-05-23 00:00:00+09:00,3339.7159361227964,3427.2194104316904,3320.270719609709,3412.635498046875,238600,0.0,0.0
2025-05-26 00:00:00+09:00,3412.635278216127,3446.6644049219863,3388.3287591405137,3417.49658203125,143800,0.0,0.0
2025-05-27 00:00:00+09:00,3427.219334697858,3466.109766864642,3417.4967266561616,3446.66455078125,146400,0.0,0.0
2025-05-28 00:00:00+09:00,3500.1388650412086,3548.751904833448,3466.1097371866413,3539.029296875,305700,0.0,0.0
2025-05-29 00:00:00+09:00,3553.6132538666593,3607.0875983160895,3534.1680377032303,3597.364990234375,273300,0.0,0.0
2025-05-30 00:00:00+09:00,3543.8904781159404,3587.642212413668,3509.86135143993,3563.335693359375,188800,0.0,0.0
2025-06-02 00:00:00+09:00,3539.0294642857143,3587.642506377551,3534.1681600765305,3573.05859375,242600,0.0,0.0
2025-06-03 00:00:00+09:00,3577.919750084574,3626.5327901672445,3553.613230043238,3592.503662109375,218300,0.0,0.0
2025-06-04 00:00:00+09:00,3645.977904465025,3699.4522470638453,3631.3939928471646,3670.284423828125,327600,0.0,0.0
2025-06-05 00:00:00+09:00,3650.839331380208,3680.0071555989584,3641.1167233072915,3645.97802734375,234700,0.0,0.0
2025-06-06 00:00:00+09:00,3616.8101526426453,3709.1749280461536,3616.8101526426453,3684.868408203125,293300,0.0,0.0
2025-06-09 00:00:00+09:00,3718.8974123013595,3733.481323722149,3684.8682856528503,3709.1748046875,243400,0.0,0.0
2025-06-10 00:00:00+09:00,3757.7878660847664,3796.6782967816334,3733.4813468992247,3762.649169921875,359100,0.0,0.0
2025-06-11 00:00:00+09:00,3796.678424337636,3801.539728338068,3650.8393043246665,3689.729736328125,362400,0.0,0.0
2025-06-12 00:00:00+09:00,3694.5909918882103,3718.8975115716853,3645.9779525212602,3680.007080078125,297500,0.0,0.0
2025-06-13 00:00:00+09:00,3723.7586923152844,3723.7586923152844,3616.810009246177,3655.700439453125,363100,0.0,0.0
2025-06-16 00:00:00+09:00,3660.56201171875,3689.7298365133215,3641.1167951890357,3660.56201171875,184900,0.0,0.0
2025-06-17 00:00:00+09:00,3704.3135753813244,3709.1748792860244,3655.7005363343255,3675.145751953125,231000,0.0,0.0
2025-06-18 00:00:00+09:00,3621.6715310575482,3655.7006595372836,3597.36501071488,3650.83935546875,193600,0.0,0.0
2025-06-19 00:00:00+09:00,3611.948954597848,3631.3941710425206,3534.16808881916,3558.474609375,262000,0.0,0.0
2025-06-20 00:00:00+09:00,3563.3358167711194,3573.0584247295674,3534.167992895776,3539.029296875,281600,0.0,0.0
2025-06-23 00:00:00+09:00,3543.890773504849,3548.752077720905,3485.5551229121766,3524.445556640625,218600,0.0,0.0
2025-06-24 00:00:00+09:00,3587.6424626393928,3597.3650709392286,3500.138987940871,3514.722900390625,249200,0.0,0.0
2025-06-25 00:00:00+09:00,3524.4455086904604,3539.0294211402143,3505.000292090789,3514.722900390625,194600,0.0,0.0
2025-06-26 00:00:00+09:00,3495.2776837909532,3543.890725290132,3485.5550754911173,3514.722900390625,379200,0.0,0.0
2025-06-27 00:00:00+09:00,3573.0583253283594,3597.36484454828,3505.0000715125807,3568.197021484375,478200,0.0,0.0
2025-06-30 00:00:00+09:00,3626.532667612185,3631.3939714561693,3563.335717640391,3568.197021484375,323100,0.0,0.0
2025-07-01 00:00:00+09:00,3621.671578659321,3762.649398499751,3621.671578659321,3660.56201171875,718300,0.0,0.0
2025-07-02 00:00:00+09:00,3611.9489301898084,3631.394146503078,3553.61328125,3553.61328125,301400,0.0,0.0
2025-07-03 00:00:00+09:00,3543.8907166759545,3626.532887023679,3519.5841959854474,3611.948974609375,419900,0.0,0.0
2025-07-04 00:00:00+09:00,3602.226195307264,3631.394018751047,3577.9196757707773,3626.53271484375,197400,0.0,0.0
2025-07-07 00:00:00+09:00,3626.5327413447676,3645.9779571160534,3563.3357900880897,3582.781005859375,251200,0.0,0.0
2025-07-08 00:00:00+09:00,3553.613230043238,3621.6714861589776,3539.029318018437,3592.503662109375,333200,0.0,0.0
2025-07-09 00:00:00+09:00,3636.255419270833,3650.839331380208,3611.9488990885416,3645.97802734375,190900,0.0,0.0
2025-07-10 00:00:00+09:00,3650.839234380236,3655.7005382875336,3611.948803121858,3626.53271484375,205800,0.0,0.0
2025-07-11 00:00:00+09:00,3680.0070332162336,3680.0070332162336,3616.81008284396,3621.67138671875,286600,0.0,0.0
2025-07-14 00:00:00+09:00,3602.2263147834137,3655.7006595372836,3592.5037066463465,3650.83935546875,177300,0.0,0.0
2025-07-15 00:00:00+09:00,3626.53298284283,3631.394287109375,3597.365157243558,3631.394287109375,145100,0.0,0.0
2025-07-16 00:00:00+09:00,3626.5327657890834,3645.977981691438,3573.0584220576093,3587.642333984375,189100,0.0,0.0
2025-07-17 00:00:00+09:00,3548.752020814056,3611.948974609375,3539.029412537853,3611.948974609375,144400,0.0,0.0
2025-07-18 00:00:00+09:00,3641.1165791441376,3641.1165791441376,3568.197021484375,3568.197021484375,189400,0.0,0.0
2025-07-22 00:00:00+09:00,3563.335913486168,3597.365042264344,3534.16808881916,3558.474609375,155400,0.0,0.0
2025-07-23 00:00:00+09:00,3626.532824878961,3816.123683016065,3607.087608659771,3796.678466796875,535700,0.0,0.0
2025-07-24 00:00:00+09:00,3874.4593282089522,3889.043240360303,3816.1236796035478,3845.29150390625,236500,0.0,0.0
2025-07-25 00:00:00+09:00,3864.7367442737923,3874.4593524354877,3786.955878980232,3850.15283203125,251500,0.0,0.0
2025-07-28 00:00:00+09:00,3889.0432573891626,3971.685426608682,3864.73673703048,3947.37890625,324500,0.0,0.0
2025-07-29 00:00:00+09:00,3927.9338139908614,3961.9629435675147,3923.072509765625,3923.072509765625,246100,0.0,0.0
2025-07-30 00:00:00+09:00,3898.7656962950537,3966.823950345092,3898.7656962950537,3961.962646484375,240100,0.0,0.0
2025-07-31 00:00:00+09:00,3986.269406960227,4030.021144353693,3971.6854944957386,4010.575927734375,235300,0.0,0.0
2025-08-01 00:00:00+09:00,4044.604736328125,4073.772558945876,3995.9916986318735,4044.604736328125,199700,0.0,0.0
2025-08-04 00:00:00+09:00,3952.240234375,3971.6854507802886,3913.349801564422,3952.240234375,265600,0.0,0.0
2025-08-05 00:00:00+09:00,3986.2690676537454,4010.575586358951,3942.517333984375,3942.517333984375,252200,0.0,0.0
2025-08-06 00:00:00+09:00,3743.2042660920515,3743.2042660920515,3568.197313391644,3577.919921875,904200,0.0,0.0
2025-08-07 00:00:00+09:00,3529.306764557689,3543.8906768079273,3451.5258992230843,3505.000244140625,690300,0.0,0.0
2025-08-08 00:00:00+09:00,3480.693649124313,3543.890600854224,3475.832345145089,3539.029296875,553300,0.0,0.0
2025-08-12 00:00:00+09:00,3543.8905022644544,3587.6422368603116,3524.445286888518,3568.197021484375,296100,0.0,0.0
2025-08-13 00:00:00+09:00,3597.3649393173464,3645.977979037851,3573.058419457094,3636.25537109375,345100,0.0,0.0
2025-08-14 00:00:00+09:00,3636.2554711190196,3650.839383436342,3592.5037341670527,3607.087646484375,210300,0.0,0.0
2025-08-15 00:00:00+09:00,3592.503640646463,3607.0875525841348,3534.167992895776,3539.029296875,293000,0.0,0.0
2025-08-18 00:00:00+09:00,3543.890673093365,3592.5037138765388,3539.029369015048,3553.61328125,216000,0.0,0.0
2025-08-19 00:00:00+09:00,3573.058521708504,3573.058521708504,3529.306784707992,3558.474609375,194600,0.0,0.0
2025-08-20 00:00:00+09:00,3558.474365910665,3558.474365910665,3509.861328125,3509.861328125,229700,0.0,0.0
2025-08-21 00:00:00+09:00,3500.138895010578,3500.138895010578,3436.9419427395537,3446.66455078125,225200,0.0,0.0
2025-08-22 00:00:00+09:00,3441.8032467604016,3451.525854802098,3427.219334697858,3446.66455078125,164000,0.0,0.0
2025-08-25 00:00:00+09:00,3466.1098114733227,3534.168068641102,3466.1098114733227,3505.000244140625,213400,0.0,0.0
2025-08-26 00:00:00+09:00,3495.277688217698,3495.277688217698,3451.525950813026,3466.10986328125,201300,0.0,0.0
2025-08-27 00:00:00+09:00,3461.248487015845,3461.248487015845,3432.08066268706,3451.52587890625,156800,0.0,0.0
2025-08-28 00:00:00+09:00,3432.080810546875,3446.6647233395674,3412.6355934899525,3432.080810546875,153000,0.0,0.0
2025-08-29 00:00:00+09:00,3436.941821705211,3470.9709486527877,3422.35791015625,3422.35791015625,189400,0.0,0.0
2025-09-01 00:00:00+09:00,3407.7741493999097,3407.7741493999097,3334.854588428442,3354.2998046875,242300,0.0,0.0
2025-09-02 00:00:00+09:00,3354.299732191594,3373.744948030386,3315.4093005140103,3339.7158203125,274600,0.0,0.0
2025-09-03 00:00:00+09:00,3325.1318105722403,3388.3287601883794,3325.1318105722403,3368.883544921875,240700,0.0,0.0
2025-09-04 00:00:00+09:00,3364.0222912864965,3364.0222912864965,3305.6866446167883,3329.9931640625,268000,0.0,0.0
2025-09-05 00:00:00+09:00,3329.9931143888666,3368.883544921875,3325.1318105722403,3368.883544921875,191100,0.0,0.0
2025-09-08 00:00:00+09:00,3427.2191896614954,3436.941797291741,3378.6061515102683,3417.49658203125,253800,0.0,0.0
2025-09-09 00:00:00+09:00,3470.971115556735,3548.7519808913403,3456.3872033064968,3505.000244140625,430500,0.0,0.0
2025-09-10 00:00:00+09:00,3475.832350563868,3475.832350563868,3417.496702722237,3441.80322265625,316300,0.0,0.0
2025-09-11 00:00:00+09:00,3427.21923828125,3451.5257577016846,3402.9127188608154,3427.21923828125,230900,0.0,0.0
2025-09-12 00:00:00+09:00,3490.4161870356206,3490.4161870356206,3446.6644521006338,3475.832275390625,402400,0.0,0.0
2025-09-16 00:00:00+09:00,3466.1097637913986,3534.1680200229266,3461.2484597748607,3495.277587890625,246400,0.0,0.0
2025-09-17 00:00:00+09:00,3466.1097182472154,3466.1097182472154,3422.357982673267,3436.94189453125,195100,0.0,0.0
2025-09-18 00:00:00+09:00,3436.9419667418574,3470.97109512544,3427.2193586322624,3451.52587890625,164100,0.0,0.0
2025-09-19 00:00:00+09:00,3500.1388484128406,3509.8614563250985,3383.4675534657463,3388.328857421875,356900,0.0,0.0
2025-09-22 00:00:00+09:00,3402.912909252279,3470.9711674373248,3402.912909252279,3466.10986328125,197700,0.0,0.0
2025-09-24 00:00:00+09:00,3505.000174484684,3505.000174484684,3417.496702722237,3441.80322265625,271500,0.0,0.0
2025-09-25 00:00:00+09:00,3432.080638718706,3451.525854802098,3412.6354226353137,3446.66455078125,311000,0.0,0.0
2025-09-26 00:00:00+09:00,3407.774073246391,3422.357985114778,3388.328857421875,3388.328857421875,397700,0.0,0.0
2025-09-29 00:00:00+09:00,3417.9212281531895,3417.9212281531895,3334.076118660254,3348.872314453125,222200,50.0,0.0
2025-09-30 00:00:00+09:00,3314.3479105029587,3368.6006292760726,3304.483779816938,3334.076171875,272400,0.0,0.0
2025-10-01 00:00:00+09:00,3324.2119031308303,3339.008098545359,3279.8233168872434,3304.483642578125,187500,0.0,0.0
2025-10-02 00:00:00+09:00,3289.687563593516,3324.2120207826533,3269.9593023425805,3294.61962890625,160100,0.0,0.0
2025-10-03 00:00:00+09:00,3260.0952345501682,3324.2120848514573,3260.0952345501682,3299.5517578125,182900,0.0,0.0
2025-10-06 00:00:00+09:00,3412.9892676342492,3491.9023142847523,3378.4648097246545,3432.717529296875,363800,0.0,0.0
2025-10-07 00:00:00+09:00,3437.6494140625,3447.5135443754484,3388.3287624977584,3437.6494140625,265700,0.0,0.0
2025-10-08 00:00:00+09:00,3452.44572701214,3467.2419229850493,3427.785400390625,3427.785400390625,181400,0.0,0.0
2025-10-09 00:00:00+09:00,3462.3099173385344,3585.611552571388,3452.445786519906,3546.155029296875,424300,0.0,0.0
2025-10-10 00:00:00+09:00,3541.2228692678823,3546.154934545414,3477.106020659968,3482.0380859375,433100,0.0,0.0
2025-10-14 00:00:00+09:00,3388.328782962564,3467.2418259427695,3319.2798703548847,3363.66845703125,390900,0.0,0.0
2025-10-15 00:00:00+09:00,3412.9891720520536,3482.0380859375,3388.3288456643945,3482.0380859375,269000,0.0,0.0
2025-10-16 00:00:00+09:00,3472.174042630058,3496.8343696373736,3412.9892578125,3412.9892578125,272100,0.0,0.0
2025-10-17 00:00:00+09:00,3388.3289308051844,3427.7854540168896,3368.6006691993316,3412.9892578125,232700,0.0,0.0
2025-10-20 00:00:00+09:00,3482.0381692526225,3546.1550193946678,3467.2419730659963,3526.4267578125,340100,0.0,0.0
2025-10-21 00:00:00+09:00,3536.2909425885487,3551.087139001053,3501.766484292705,3511.630615234375,269700,0.0,0.0
2025-10-22 00:00:00+09:00,3516.562520994062,3560.951108215586,3516.562520994062,3556.01904296875,218700,0.0,0.0
2025-10-23 00:00:00+09:00,3546.15484890408,3551.0869140625,3496.8341973198785,3551.0869140625,165600,0.0,0.0
2025-10-24 00:00:00+09:00,3551.086977721914,3590.543499696602,3531.35871673457,3556.01904296875,172100,0.0,0.0
2025-10-27 00:00:00+09:00,3615.203920951656,3625.0680517045935,3580.679463316374,3620.135986328125,237400,0.0,0.0
2025-10-28 00:00:00+09:00,3580.6794771634613,3580.6794771634613,3526.4267578125,3526.4267578125,359500,0.0,0.0
2025-10-29 00:00:00+09:00,3521.4947364936443,3531.358867408192,3467.24201646363,3491.90234375,217200,0.0,0.0
2025-10-30 00:00:00+09:00,3486.9702346481645,3541.222953999126,3472.1740384615387,3526.4267578125,249500,0.0,0.0
2025-10-31 00:00:00+09:00,3516.562686737459,3531.3588831753445,3378.4648533171944,3398.193115234375,454700,0.0,0.0
2025-11-04 00:00:00+09:00,3412.989088280129,3462.309739844871,3398.192892810707,3437.6494140625,386700,0.0,0.0
2025-11-05 00:00:00+09:00,3447.5136851591224,3462.3098812327667,3294.619659064798,3353.804443359375,407400,0.0,0.0
2025-11-06 00:00:00+09:00,3403.1251070792214,3417.921303196957,3363.668584098593,3373.53271484375,303800,0.0,0.0
2025-11-07 00:00:00+09:00,3235.434751797566,3403.1249675919526,3220.638556286297,3343.940185546875,659600,0.0,0.0
2025-11-10 00:00:00+09:00,3373.532748943629,3408.057206900655,3319.280029296875,3319.280029296875,334600,0.0,0.0
2025-11-11 00:00:00+09:00,3358.7363925365694,3477.10595703125,3358.7363925365694,3477.10595703125,574000,0.0,0.0
2025-11-12 00:00:00+09:00,3536.2909230318937,3536.2909230318937,3452.445810491389,3472.174072265625,268200,0.0,0.0
2025-11-13 00:00:00+09:00,3506.698534755472,3620.1360400991794,3482.03820750684,3605.33984375,361500,0.0,0.0
2025-11-14 00:00:00+09:00,3570.8152609330737,3580.6793914881373,3467.2418901049045,3482.0380859375,501400,0.0,0.0
2025-11-17 00:00:00+09:00,3482.0382031527433,3511.6305958140983,3437.6496141607113,3472.174072265625,395900,0.0,0.0
2025-11-18 00:00:00+09:00,3403.1249453416513,3442.5814664470613,3304.483642578125,3304.483642578125,470600,0.0,0.0
2025-11-19 00:00:00+09:00,3353.804293959888,3358.7363590980644,3279.8233168872434,3304.483642578125,422300,0.0,0.0
2025-11-20 00:00:00+09:00,3358.7364344618054,3363.668499710648,3319.279912471065,3329.14404296875,317100,0.0,0.0
2025-11-21 00:00:00+09:00,3289.687468672221,3373.532576569414,3289.687468672221,3343.940185546875,359700,0.0,0.0
2025-11-25 00:00:00+09:00,3398.1929564525462,3398.1929564525462,3314.3478472222223,3329.14404296875,327000,0.0,0.0
2025-11-26 00:00:00+09:00,3353.8044205260794,3427.785400390625,3329.1440939045638,3427.785400390625,244300,0.0,0.0
2025-11-27 00:00:00+09:00,3452.4456942723086,3482.0380859375,3422.8533026071177,3482.0380859375,255200,0.0,0.0
2025-11-28 00:00:00+09:00,3620.1359730349436,3748.3696723522576,3605.3397769598687,3713.84521484375,842000,0.0,0.0
2025-12-01 00:00:00+09:00,3733.5735061146856,3842.0789448657065,3723.709375319138,3773.030029296875,575300,0.0,0.0
2025-12-02 00:00:00+09:00,3777.9619348680926,3787.826065246338,3684.252696274759,3703.98095703125,414200,0.0,0.0
2025-12-03 00:00:00+09:00,3733.573486328125,3782.8941400444805,3718.7772902132183,3733.573486328125,292600,0.0,0.0
2025-12-04 00:00:00+09:00,3718.7772352430557,3861.80712890625,3689.1848434506705,3861.80712890625,380500,0.0,0.0
2025-12-05 00:00:00+09:00,3797.690380859375,3832.2148388671876,3699.049072265625,3699.049072265625,335900,0.0,0.0
2025-12-08 00:00:00+09:00,3699.048944973053,3743.4375323127297,3674.3886186732325,3689.184814453125,243400,0.0,0.0
2025-12-09 00:00:00+09:00,3684.2528025377514,3738.505521182886,3674.388671875,3674.388671875,316600,0.0,0.0
2025-12-10 00:00:00+09:00,3659.5924228933404,3802.6223154322984,3649.7282923734124,3689.184814453125,1024900,0.0,0.0
2025-12-11 00:00:00+09:00,3689.184857614288,3723.7093148379513,3639.8642044376265,3654.660400390625,525900,0.0,0.0
2025-12-12 00:00:00+09:00,3644.7961534215174,3684.252674703482,3610.271697299798,3664.5244140625,590600,0.0,0.0
2025-12-15 00:00:00+09:00,3595.4757224569516,3649.7284425488947,3590.543656994048,3625.068115234375,338400,0.0,0.0
2025-12-16 00:00:00+09:00,3531.358837610004,3556.019164688286,3432.717529296875,3432.717529296875,753800,0.0,0.0
2025-12-17 00:00:00+09:00,3422.853271484375,3477.1059890439255,3373.532619157511,3422.853271484375,1039600,0.0,0.0
2025-12-18 00:00:00+09:00,3422.853378650754,3452.4457709733833,3393.260986328125,3393.260986328125,1417500,0.0,0.0
2025-12-19 00:00:00+09:00,3432.7174858863796,3477.106074065945,3408.0571591199546,3467.241943359375,868000,0.0,0.0
2025-12-22 00:00:00+09:00,3531.358842820712,3610.2718895876556,3496.8343848601744,3565.88330078125,628900,0.0,0.0
2025-12-23 00:00:00+09:00,3546.154880878052,3610.271728515625,3541.222815675162,3610.271728515625,545200,0.0,0.0
2025-12-24 00:00:00+09:00,3531.358642578125,3575.747228867515,3452.4456002858765,3531.358642578125,2693100,0.0,0.0
2025-12-25 00:00:00+09:00,3551.086988146552,3575.747314453125,3516.562531317349,3575.747314453125,639400,0.0,0.0
2025-12-26 00:00:00+09:00,3570.815292315895,3575.747357636773,3526.42670442799,3541.222900390625,377000,0.0,0.0
2025-12-29 00:00:00+09:00,3541.222867905521,3595.4755859375,3531.3587373542523,3595.4755859375,406100,0.0,0.0
2025-12-30 00:00:00+09:00,3585.611508708355,3625.0680315001937,3570.815312661415,3580.679443359375,415700,0.0,0.0
2026-01-05 00:00:00+09:00,3580.6793266547907,3615.2037829723986,3546.1548703371823,3590.54345703125,525000,0.0,0.0
2026-01-06 00:00:00+09:00,3630.000146615281,3694.1169970310402,3630.000146615281,3679.32080078125,578300,0.0,0.0
2026-01-07 00:00:00+09:00,3664.5244984728224,3713.845151211353,3654.660367925116,3708.9130859375,477500,0.0,0.0
2026-01-08 00:00:00+09:00,3654.66046389351,3713.845248733891,3649.728398490145,3659.592529296875,436000,0.0,0.0
2026-01-09 00:00:00+09:00,3708.913043478261,3782.8940217391305,3679.320652173913,3743.4375,601000,0.0,0.0
2026-01-13 00:00:00+09:00,3797.690185546875,3827.2825766030846,3782.89399001877,3797.690185546875,494200,0.0,0.0
2026-01-14 00:00:00+09:00,3807.5544732541453,3886.4675193319517,3802.6224078742825,3866.7392578125,478600,0.0,0.0
2026-01-15 00:00:00+09:00,3738.5054347826085,3866.7391304347825,3738.5054347826085,3856.875,680400,0.0,0.0
2026-01-16 00:00:00+09:00,3886.4673605526195,4039.361381081974,3886.4673605526195,4024.565185546875,590000,0.0,0.0
2026-01-19 00:00:00+09:00,3999.9050391823234,4044.293627779908,3940.720254385544,4019.63330078125,381500,0.0,0.0
2026-01-20 00:00:00+09:00,3985.1088029959324,4009.7691297471447,3916.059888092537,3940.72021484375,510000,0.0,0.0
2026-01-21 00:00:00+09:00,3827.2827445867706,3901.2637254744013,3827.2827445867706,3886.467529296875,359300,0.0,0.0
2026-01-22 00:00:00+09:00,3911.1278025244947,3950.584325122472,3886.467475900759,3901.263671875,361400,0.0,0.0
2026-01-23 00:00:00+09:00,3965.3804670281015,3970.312532285599,3901.263618680632,3916.059814453125,221500,0.0,0.0
2026-01-26 00:00:00+09:00,3847.01088041653,3876.6032718043493,3763.165771484375,3763.165771484375,313500,0.0,0.0
2026-01-27 00:00:00+09:00,3738.5055185953775,3807.554433186849,3718.777257283529,3787.826171875,220000,0.0,0.0
2026-01-28 00:00:00+09:00,3743.437478544233,3768.097804489847,3694.1168266530044,3703.98095703125,235100,0.0,0.0
2026-01-29 00:00:00+09:00,3674.388639258329,3743.43755328466,3649.728312820354,3728.641357421875,318300,0.0,0.0
2026-01-30 00:00:00+09:00,3728.641262442885,3802.622239872307,3723.7091972809235,3777.9619140625,321200,0.0,0.0
2026-02-02 00:00:00+09:00,3847.01088041653,3891.399467498259,3763.165771484375,3763.165771484375,493500,0.0,0.0
2026-02-03 00:00:00+09:00,3851.9430483465326,3999.9050092305224,3847.010982983733,3960.448486328125,486300,0.0,0.0
2026-02-04 00:00:00+09:00,3990.040781994734,4054.157630160286,3950.5842600467017,4009.76904296875,376900,0.0,0.0
2026-02-05 00:00:00+09:00,4414.19845793968,4414.19845793968,4216.915845294331,4241.576171875,1162600,0.0,0.0
2026-02-06 00:00:00+09:00,4177.459155979046,4281.032523482659,4142.9347001445085,4266.236328125,392600,0.0,0.0
2026-02-09 00:00:00+09:00,4527.636023888221,4527.636023888221,4320.4892776972565,4359.94580078125,489400,0.0,0.0
2026-02-10 00:00:00+09:00,4389.538208674863,4562.160497780054,4389.538208674863,4512.83984375,450300,0.0,0.0
2026-02-12 00:00:00+09:00,4557.228303840361,4567.0924343681545,4488.17939014581,4502.9755859375,260500,0.0,0.0
2026-02-13 00:00:00+09:00,4443.790674707911,4473.383065438486,4345.149372272664,4379.673828125,476300,0.0,0.0
2026-02-16 00:00:00+09:00,4414.198348192315,4453.654869740403,4384.60595703125,4384.60595703125,302400,0.0,0.0
2026-02-17 00:00:00+09:00,4340.217391304348,4345.149456521739,4266.236413043478,4310.625,292700,0.0,0.0
2026-02-18 00:00:00+09:00,4340.217349972345,4488.179305085038,4335.285284801922,4458.5869140625,408600,0.0,0.0
2026-02-19 00:00:00+09:00,4419.130581587651,4512.839823831139,4379.674058537762,4473.38330078125,396800,0.0,0.0
2026-02-20 00:00:00+09:00,4463.518915355931,4502.975436154658,4419.1303294573645,4453.65478515625,280900,0.0,0.0
2026-02-24 00:00:00+09:00,4424.062728681939,4542.432300017911,4424.062728681939,4517.77197265625,251300,0.0,0.0
2026-02-25 00:00:00+09:00,4586.820652173913,4586.820652173913,4502.975543478261,4537.5,203100,0.0,0.0
2026-02-26 00:00:00+09:00,4537.499849759615,4576.956370192308,4473.383004056491,4488.17919921875,201300,0.0,0.0
2026-02-27 00:00:00+09:00,4537.4998534632905,4626.277024509312,4502.975398056505,4601.61669921875,305400,0.0,0.0
2026-03-02 00:00:00+09:00,4507.90756683185,4581.888544405677,4419.130393743258,4572.0244140625,332800,0.0,0.0
2026-03-03 00:00:00+09:00,4502.975543478261,4586.820652173913,4261.304347826087,4310.625,461000,0.0,0.0
2026-03-04 00:00:00+09:00,4103.478260869565,4172.527173913043,3920.991847826087,3970.3125,660600,0.0,0.0
2026-03-05 00:00:00+09:00,4108.41030452077,4157.730956435786,3994.9728051162347,4044.29345703125,561900,0.0,0.0
2026-03-06 00:00:00+09:00,4044.2936667982854,4123.2067139553255,4009.7692086670804,4098.54638671875,356500,0.0,0.0
2026-03-09 00:00:00+09:00,3822.350532904382,3856.8749893306153,3708.9130332181876,3837.146728515625,582500,0.0,0.0
2026-03-10 00:00:00+09:00,3906.195777184015,3994.972953938197,3896.33164643355,3980.1767578125,451100,0.0,0.0
2026-03-11 00:00:00+09:00,4024.565196265244,4093.6141089462653,4024.565196265244,4044.29345703125,415200,0.0,0.0
2026-03-12 00:00:00+09:00,3955.516282985022,4004.836934892566,3876.603239932952,3930.85595703125,313600,0.0,0.0
2026-03-13 00:00:00+09:00,3861.8070757916867,3925.9239237933366,3851.9429453298944,3876.603271484375,399200,0.0,0.0
2026-03-16 00:00:00+09:00,3832.2146633118773,3891.3994457568483,3792.7581416818966,3837.146728515625,311900,0.0,0.0
2026-03-17 00:00:00+09:00,3881.5353260869565,3920.991847826087,3842.078804347826,3856.875,241900,0.0,0.0
2026-03-18 00:00:00+09:00,3906.1958299323696,3965.380615234375,3881.535502723201,3965.380615234375,230800,0.0,0.0
2026-03-19 00:00:00+09:00,3837.1468147956884,3866.7392066835732,3758.23376976133,3768.097900390625,872600,0.0,0.0
2026-03-23 00:00:00+09:00,3590.543553599408,3595.4756189202863,3477.106051219207,3541.222900390625,484100,0.0,0.0
2026-03-24 00:00:00+09:00,3699.048891842127,3728.641282976864,3644.796174761776,3703.98095703125,499300,0.0,0.0
2026-03-25 00:00:00+09:00,3817.418672336368,3827.282803272638,3743.437690314345,3758.23388671875,420800,0.0,0.0
2026-03-26 00:00:00+09:00,3763.1658144350404,3817.4185325985864,3689.1848351211142,3728.641357421875,249900,0.0,0.0
2026-03-27 00:00:00+09:00,3664.524456521739,3718.7771739130435,3615.203804347826,3630.0,513100,0.0,0.0
2026-03-30 00:00:00+09:00,3420.0,3505.0,3390.0,3485.0,624100,50.0,0.0
2026-03-31 00:00:00+09:00,3415.0,3565.0,3415.0,3510.0,619900,0.0,0.0
2026-04-01 00:00:00+09:00,3650.0,3750.0,3620.0,3740.0,353900,0.0,0.0
2026-04-02 00:00:00+09:00,3810.0,3860.0,3720.0,3755.0,399900,0.0,0.0
2026-04-03 00:00:00+09:00,3815.0,3830.0,3760.0,3795.0,197500,0.0,0.0
2026-04-06 00:00:00+09:00,3805.0,3845.0,3795.0,3825.0,161300,0.0,0.0
2026-04-07 00:00:00+09:00,3865.0,3895.0,3825.0,3835.0,237200,0.0,0.0
2026-04-08 00:00:00+09:00,4050.0,4065.0,3970.0,4035.0,401200,0.0,0.0
2026-04-09 00:00:00+09:00,4040.0,4050.0,3990.0,3995.0,364200,0.0,0.0
2026-04-10 00:00:00+09:00,4030.0,4210.0,3995.0,4110.0,783700,0.0,0.0
2026-04-13 00:00:00+09:00,4080.0,4185.0,4055.0,4135.0,456400,0.0,0.0
2026-04-14 00:00:00+09:00,4205.0,4275.0,4190.0,4230.0,477800,0.0,0.0
2026-04-15 00:00:00+09:00,4260.0,4315.0,4220.0,4275.0,450600,0.0,0.0
2026-04-16 00:00:00+09:00,4300.0,4425.0,4285.0,4425.0,525100,0.0,0.0
2026-04-17 00:00:00+09:00,4425.0,4435.0,4290.0,4310.0,460100,0.0,0.0
2026-04-20 00:00:00+09:00,4380.0,4385.0,4315.0,4340.0,294700,0.0,0.0
2026-04-21 00:00:00+09:00,4370.0,4370.0,4280.0,4325.0,345600,0.0,0.0
2026-04-22 00:00:00+09:00,4255.0,4290.0,4145.0,4170.0,384700,0.0,0.0
2026-04-23 00:00:00+09:00,4165.0,4170.0,4035.0,4100.0,388100,0.0,0.0
2026-04-24 00:00:00+09:00,4135.0,4225.0,4115.0,4170.0,442000,0.0,0.0
2026-04-27 00:00:00+09:00,4195.0,4415.0,4175.0,4395.0,595100,0.0,0.0
2026-04-28 00:00:00+09:00,4440.0,4470.0,4380.0,4450.0,437100,0.0,0.0
2026-04-30 00:00:00+09:00,4400.0,4490.0,4395.0,4475.0,367300,0.0,0.0
2026-05-01 00:00:00+09:00,4450.0,4535.0,4390.0,4490.0,335700,0.0,0.0
2026-05-07 00:00:00+09:00,4650.0,4890.0,4625.0,4770.0,639100,0.0,0.0
2026-05-08 00:00:00+09:00,4815.0,5030.0,4785.0,5010.0,686500,0.0,0.0
2026-05-11 00:00:00+09:00,5100.0,5120.0,4920.0,5040.0,381800,0.0,0.0
2026-05-12 00:00:00+09:00,5100.0,5200.0,5030.0,5100.0,530600,0.0,0.0
2026-05-13 00:00:00+09:00,4600.0,4785.0,4590.0,4760.0,1023300,0.0,0.0
2026-05-14 00:00:00+09:00,4820.0,4925.0,4805.0,4900.0,692700,0.0,0.0
2026-05-15 00:00:00+09:00,4900.0,4985.0,4695.0,4795.0,496100,0.0,0.0
2026-05-18 00:00:00+09:00,4800.0,4850.0,4680.0,4685.0,417100,0.0,0.0
2026-05-19 00:00:00+09:00,4755.0,4815.0,4465.0,4505.0,735700,0.0,0.0
2026-05-20 00:00:00+09:00,4295.0,4295.0,4055.0,4055.0,1044600,0.0,0.0
2026-05-21 00:00:00+09:00,4125.0,4140.0,4020.0,4035.0,968700,0.0,0.0
2026-05-22 00:00:00+09:00,4050.0,4090.0,3970.0,4035.0,721500,0.0,0.0
2026-05-25 00:00:00+09:00,4105.0,4150.0,4055.0,4130.0,439200,0.0,0.0
2026-05-26 00:00:00+09:00,4160.0,4185.0,4065.0,4065.0,422800,0.0,0.0
2026-05-27 00:00:00+09:00,4145.0,4225.0,4025.0,4025.0,554500,0.0,0.0
2026-05-28 00:00:00+09:00,4010.0,4045.0,3935.0,4015.0,457100,0.0,0.0
2026-05-29 00:00:00+09:00,4000.0,4120.0,3975.0,4080.0,565900,0.0,0.0
2026-06-01 00:00:00+09:00,4000.0,4145.0,3960.0,4095.0,660500,0.0,0.0
2026-06-02 00:00:00+09:00,4055.0,4065.0,3865.0,3920.0,559800,0.0,0.0
2026-06-03 00:00:00+09:00,3955.0,4090.0,3925.0,4010.0,505400,0.0,0.0
2026-06-04 00:00:00+09:00,3960.0,4210.0,3925.0,4075.0,919500,0.0,0.0
2026-06-05 00:00:00+09:00,4100.0,4220.0,3970.0,4185.0,965600,0.0,0.0
2026-06-08 00:00:00+09:00,4035.0,4060.0,3900.0,3930.0,670500,0.0,0.0
2026-06-09 00:00:00+09:00,3985.0,4085.0,3905.0,4020.0,820900,0.0,0.0
2026-06-10 00:00:00+09:00,4075.0,4175.0,4005.0,4050.0,845100,0.0,0.0
2026-06-11 00:00:00+09:00,3885.0,4060.0,3810.0,4025.0,742700,0.0,0.0
2026-06-12 00:00:00+09:00,4220.0,4310.0,4165.0,4165.0,608000,0.0,0.0
2026-06-15 00:00:00+09:00,4235.0,4340.0,4235.0,4335.0,519300,0.0,0.0
2026-06-16 00:00:00+09:00,4330.0,4455.0,4310.0,4455.0,543500,0.0,0.0
2026-06-17 00:00:00+09:00,4445.0,4585.0,4370.0,4555.0,675500,0.0,0.0
2026-06-18 00:00:00+09:00,4530.0,4550.0,4420.0,4460.0,527000,0.0,0.0
2026-06-19 00:00:00+09:00,4575.0,4620.0,4490.0,4560.0,600500,0.0,0.0
2026-06-22 00:00:00+09:00,4560.0,4660.0,4515.0,4580.0,495000,0.0,0.0
2026-06-23 00:00:00+09:00,4650.0,4650.0,4410.0,4435.0,603800,0.0,0.0
2026-06-24 00:00:00+09:00,4500.0,4595.0,4385.0,4475.0,483200,0.0,0.0
2026-06-25 00:00:00+09:00,4600.0,4605.0,4515.0,4520.0,460300,0.0,0.0
2026-06-26 00:00:00+09:00,4530.0,4580.0,4425.0,4465.0,642800,0.0,0.0
2026-06-29 00:00:00+09:00,4465.0,4550.0,4365.0,4550.0,586500,0.0,0.0
2026-06-30 00:00:00+09:00,4600.0,4680.0,4535.0,4625.0,609900,0.0,0.0
2026-07-01 00:00:00+09:00,4675.0,4795.0,4675.0,4775.0,510700,0.0,0.0
2026-07-02 00:00:00+09:00,4680.0,4870.0,4635.0,4790.0,499700,0.0,0.0
2026-07-03 00:00:00+09:00,4750.0,4945.0,4730.0,4945.0,500200,0.0,0.0
2026-07-06 00:00:00+09:00,5000.0,5020.0,4900.0,5010.0,401400,0.0,0.0
2026-07-07 00:00:00+09:00,5070.0,5080.0,4775.0,4845.0,543500,0.0,0.0
2026-07-08 00:00:00+09:00,4730.0,4810.0,4640.0,4670.0,509100,0.0,0.0
2026-07-09 00:00:00+09:00,4715.0,4855.0,4685.0,4815.0,629900,0.0,0.0
2026-07-10 00:00:00+09:00,4885.0,5140.0,4865.0,5080.0,864800,0.0,0.0
2026-07-13 00:00:00+09:00,5100.0,5150.0,5000.0,5030.0,521300,0.0,0.0
2026-07-14 00:00:00+09:00,4940.0,4985.0,4865.0,4960.0,479700,0.0,0.0
2026-07-15 00:00:00+09:00,5010.0,5050.0,4935.0,5030.0,312500,0.0,0.0
2026-07-16 00:00:00+09:00,4950.0,5010.0,4935.0,4950.0,325600,0.0,0.0
2026-07-17 00:00:00+09:00,4880.0,4880.0,4650.0,4790.0,699500,0.0,0.0
2026-07-21 00:00:00+09:00,4860.0,4935.0,4810.0,4875.0,553300,0.0,0.0
2026-07-22 00:00:00+09:00,4900.0,5030.0,4860.0,4890.0,377400,0.0,0.0
2026-07-23 00:00:00+09:00,4915.0,4980.0,4900.0,4940.0,227300,0.0,0.0
2026-07-24 00:00:00+09:00,4975.0,4980.0,4830.0,4870.0,328500,0.0,0.0
2026-07-27 00:00:00+09:00,4930.0,5040.0,4905.0,5020.0,357700,0.0,0.0
2026-07-28 00:00:00+09:00,4960.0,5020.0,4795.0,4820.0,474200,0.0,0.0
2026-07-29 00:00:00+09:00,4950.0,4950.0,4645.0,4765.0,589000,0.0,0.0
2026-07-30 00:00:00+09:00,4695.0,4930.0,4695.0,4820.0,566600,0.0,0.0
2026-07-31 00:00:00+09:00,4985.0,5070.0,4850.0,4945.0,439700,0.0,0.0
2026-08-03 00:00:00+09:00,4875.0,4935.0,4715.0,4890.0,629100,0.0,0.0
2026-08-04 00:00:00+09:00,4880.0,5170.0,4865.0,5140.0,724800,0.0,0.0
2026-08-05 00:00:00+09:00,5200.0,5310.0,5140.0,5280.0,654700,0.0,0.0
2026-08-06 00:00:00+09:00,5570.0,5590.0,5300.0,5520.0,1386700,0.0,0.0
2026-08-07 00:00:00+09:00,5500.0,5630.0,5420.0,5580.0,633400,0.0,0.0
2026-08-10 00:00:00+09:00,5660.0,5710.0,5460.0,5520.0,439800,0.0,0.0
2026-08-12 00:00:00+09:00,5530.0,5570.0,5350.0,5410.0,415900,0.0,0.0
2026-08-13 00:00:00+09:00,5450.0,5490.0,5350.0,5420.0,505000,0.0,0.0
2026-08-14 00:00:00+09:00,5500.0,5560.0,5430.0,5500.0,366700,0.0,0.0
2026-08-17 00:00:00+09:00,5500.0,5550.0,5450.0,5470.0,244500,0.0,0.0
2026-08-18 00:00:00+09:00,5470.0,5500.0,5290.0,5330.0,237500,0.0,0.0
2026-08-19 00:00:00+09:00,5130.0,5170.0,4925.0,4950.0,522800,0.0,0.0
2026-08-20 00:00:00+09:00,5080.0,5080.0,4930.0,4980.0,518400,0.0,0.0
2026-08-21 00:00:00+09:00,4910.0,4990.0,4860.0,4935.0,432000,0.0,0.0
