Date,Open,High,Low,Close,Volume,Dividends,Stock Splits
2001-01-04 00:00:00+09:00,840.1102905273438,844.2899437140469,840.1102905273438,840.1102905273438,2200,0.0,0.0
2001-01-05 00:00:00+09:00,840.9461077008929,848.469482421875,840.9461077008929,848.469482421875,4300,0.0,0.0
2001-01-08 00:00:00+09:00,848.469482421875,848.469482421875,848.469482421875,848.469482421875,0,0.0,0.0
2001-01-09 00:00:00+09:00,835.930419921875,835.930419921875,835.930419921875,835.930419921875,7100,0.0,0.0
2001-01-10 00:00:00+09:00,835.930569966634,835.930569966634,777.4154300689697,802.4933471679688,4600,0.0,0.0
2001-01-11 00:00:00+09:00,802.4932585685484,802.4932585685484,777.4153442382812,777.4153442382812,6600,0.0,0.0
2001-01-12 00:00:00+09:00,777.4153326476314,785.7746372997565,752.3374186912562,761.5326538085938,3600,0.0,0.0
2001-01-15 00:00:00+09:00,761.5327666415228,777.4154478338268,736.4548489694639,745.6500854492188,8300,0.0,0.0
2001-01-16 00:00:00+09:00,746.4860367247512,752.3375510103875,746.4860367247512,748.1578979492188,1500,0.0,0.0
2001-01-17 00:00:00+09:00,748.1578019388605,752.3374544636587,735.6188443644662,743.9781494140625,9600,0.0,0.0
2001-01-18 00:00:00+09:00,736.4547470471659,794.1339497103379,736.4547470471659,740.6343994140625,9700,0.0,0.0
2001-01-19 00:00:00+09:00,794.1339983258929,800.8214425223214,760.69677734375,760.69677734375,3300,0.0,0.0
2001-01-22 00:00:00+09:00,794.1340414683024,802.4933471679688,778.2513606389363,802.4933471679688,5200,0.0,0.0
2001-01-23 00:00:00+09:00,802.4932771381579,806.6729296232525,794.1339721679688,794.1339721679688,1300,0.0,0.0
2001-01-24 00:00:00+09:00,827.5712280273438,835.9305333609533,794.1340066929056,827.5712280273438,6000,0.0,0.0
2001-01-25 00:00:00+09:00,823.3915395636307,832.5867750308388,794.1339721679688,794.1339721679688,4400,0.0,0.0
2001-01-26 00:00:00+09:00,835.930569966634,835.930569966634,794.969972038269,802.4933471679688,4800,0.0,0.0
2001-01-29 00:00:00+09:00,811.6885891441538,811.6885891441538,795.805908203125,795.805908203125,12800,0.0,0.0
2001-01-30 00:00:00+09:00,827.5712193080357,827.5712193080357,819.2119140625,819.2119140625,2100,0.0,0.0
2001-01-31 00:00:00+09:00,827.5712642669678,827.5712642669678,802.4933471679688,802.4933471679688,3700,0.0,0.0
2001-02-01 00:00:00+09:00,796.6417376932674,802.4932509816754,796.6417376932674,798.3135986328125,5700,0.0,0.0
2001-02-02 00:00:00+09:00,802.4932602007772,819.2118697882934,802.4932602007772,806.6729125976562,2600,0.0,0.0
2001-02-05 00:00:00+09:00,810.8526088169642,827.5712193080357,810.8526088169642,819.2119140625,3300,0.0,0.0
2001-02-06 00:00:00+09:00,827.5711157226563,843.4537937011719,827.5711157226563,835.930419921875,5600,0.0,0.0
2001-02-07 00:00:00+09:00,852.6490573327518,876.8910403353497,852.6490573327518,861.0083618164062,4700,0.0,0.0
2001-02-08 00:00:00+09:00,876.891147424679,877.7270779751315,844.2898559570312,844.2898559570312,12600,0.0,0.0
2001-02-09 00:00:00+09:00,845.1257343965418,852.6491088867188,827.5711939194623,852.6491088867188,6800,0.0,0.0
2001-02-12 00:00:00+09:00,852.6491088867188,852.6491088867188,852.6491088867188,852.6491088867188,0,0.0,0.0
2001-02-13 00:00:00+09:00,852.6490573327518,870.2035967484261,852.6490573327518,861.0083618164062,5100,0.0,0.0
2001-02-14 00:00:00+09:00,877.7269897460938,927.8828177315847,877.7269897460938,877.7269897460938,10500,0.0,0.0
2001-02-15 00:00:00+09:00,917.8516712224372,917.8516712224372,877.7270079995984,894.4456176757812,4500,0.0,0.0
2001-02-16 00:00:00+09:00,894.4456176757812,895.2815481595904,894.4456176757812,894.4456176757812,7400,0.0,0.0
2001-02-19 00:00:00+09:00,919.5233658256881,919.5233658256881,902.8047591743119,911.1640625,4900,0.0,0.0
2001-02-20 00:00:00+09:00,911.1644122579823,969.6795579993207,911.1644122579823,961.3202514648438,5600,0.0,0.0
2001-02-21 00:00:00+09:00,944.60163839589,978.0388645337976,944.60163839589,961.3202514648438,4300,0.0,0.0
2001-02-22 00:00:00+09:00,927.8830253269361,961.3202514648438,927.8830253269361,961.3202514648438,2700,0.0,0.0
2001-02-23 00:00:00+09:00,968.9093059120378,978.1852000504472,944.4546759107766,966.3795166015625,7500,10.0,0.0
2001-02-26 00:00:00+09:00,961.3198987572594,961.3198987572594,919.1567453029936,952.8872680664062,6500,0.0,0.0
2001-02-27 00:00:00+09:00,952.8872680664062,957.1035834118328,952.8872680664062,952.8872680664062,14000,0.0,0.0
2001-02-28 00:00:00+09:00,952.8872680664062,957.1035834118328,948.6709527209796,952.8872680664062,21700,0.0,0.0
2001-03-01 00:00:00+09:00,949.5144653320312,952.0442552041415,948.6712020413279,949.5144653320312,9000,0.0,0.0
2001-03-02 00:00:00+09:00,948.671181418679,949.5144446910512,919.1569668856534,927.589599609375,10600,0.0,0.0
2001-03-05 00:00:00+09:00,927.5896007609816,927.5896007609816,893.8590698242188,893.8590698242188,5100,0.0,0.0
2001-03-06 00:00:00+09:00,889.642642225849,923.3731689453125,889.642642225849,923.3731689453125,1900,0.0,0.0
2001-03-07 00:00:00+09:00,919.1568676645305,923.3731835712485,906.5079199443765,914.9405517578125,7500,0.0,0.0
2001-03-08 00:00:00+09:00,910.7241807173624,911.5674438476562,910.7241807173624,911.5674438476562,2000,0.0,0.0
2001-03-09 00:00:00+09:00,912.4107069779501,912.4107069779501,910.7241807173624,911.5674438476562,1800,0.0,0.0
2001-03-12 00:00:00+09:00,911.5675674438477,926.746305847168,910.7243041992188,910.7243041992188,9100,0.0,0.0
2001-03-13 00:00:00+09:00,903.1348600335077,919.1568603515625,902.2915968588733,919.1568603515625,9100,0.0,0.0
2001-03-14 00:00:00+09:00,919.1568603515625,919.1568603515625,919.1568603515625,919.1568603515625,0,0.0,0.0
2001-03-15 00:00:00+09:00,893.8590393066406,893.8590393066406,843.2632446289062,843.2632446289062,7100,0.0,0.0
2001-03-16 00:00:00+09:00,868.5610815194938,947.8278209979718,868.5610815194938,876.9937133789062,1100,0.0,0.0
2001-03-19 00:00:00+09:00,826.3979797363281,843.2632446289062,826.3979797363281,843.2632446289062,1700,0.0,0.0
2001-03-20 00:00:00+09:00,843.2632446289062,843.2632446289062,843.2632446289062,843.2632446289062,0,0.0,0.0
2001-03-21 00:00:00+09:00,843.2631983901515,843.2631983901515,834.83056640625,834.83056640625,3300,0.0,0.0
2001-03-22 00:00:00+09:00,851.6958770751953,851.6958770751953,843.2632446289062,843.2632446289062,4800,0.0,0.0
2001-03-23 00:00:00+09:00,902.2916397393918,902.2916397393918,860.1284790039062,860.1284790039062,600,0.0,0.0
2001-03-26 00:00:00+09:00,868.5612182617188,885.4264846357327,868.5612182617188,868.5612182617188,1300,0.0,0.0
2001-03-27 00:00:00+09:00,881.2101207229326,893.8590698242188,881.2101207229326,893.8590698242188,2900,0.0,0.0
2001-03-28 00:00:00+09:00,911.567597434304,944.4548650568182,911.567597434304,927.589599609375,6800,0.0,0.0
2001-03-29 00:00:00+09:00,946.1413604736327,946.1413604736327,910.7243041992188,910.7243041992188,17100,0.0,0.0
2001-03-30 00:00:00+09:00,927.5895690917969,927.5895690917969,910.7243041992188,910.7243041992188,1400,0.0,0.0
2001-04-02 00:00:00+09:00,927.589492097907,927.589492097907,919.1568603515625,919.1568603515625,1900,0.0,0.0
2001-04-03 00:00:00+09:00,919.1569366455078,919.1569366455078,910.7243041992188,910.7243041992188,2100,0.0,0.0
2001-04-04 00:00:00+09:00,927.5895690917969,927.5895690917969,910.7243041992188,910.7243041992188,4100,0.0,0.0
2001-04-05 00:00:00+09:00,902.2916717529297,902.2916717529297,843.2632446289062,843.2632446289062,7100,0.0,0.0
2001-04-06 00:00:00+09:00,869.4045375360507,902.2918090820312,869.4045375360507,902.2918090820312,200,0.0,0.0
2001-04-09 00:00:00+09:00,900.6051070092429,900.6051070092429,898.0753173828125,898.0753173828125,1700,0.0,0.0
2001-04-10 00:00:00+09:00,898.0753236658433,898.0753236658433,851.6958468568091,860.1284790039062,7000,0.0,0.0
2001-04-11 00:00:00+09:00,868.5611649676067,868.5611649676067,863.5015853658537,864.3448486328125,2300,0.0,0.0
2001-04-12 00:00:00+09:00,902.2917184012276,902.2917184012276,885.4264526367188,885.4264526367188,500,0.0,0.0
2001-04-13 00:00:00+09:00,903.1350724550051,927.5897102712471,902.2918090820312,902.2918090820312,800,0.0,0.0
2001-04-16 00:00:00+09:00,902.2917025584095,906.5080189255049,885.426437090028,893.8590698242188,7400,0.0,0.0
2001-04-17 00:00:00+09:00,927.5895996093751,936.0222323330967,911.567597434304,927.589599609375,6500,0.0,0.0
2001-04-18 00:00:00+09:00,918.3137036132813,927.5895996093751,910.7243341619319,927.589599609375,3600,0.0,0.0
2001-04-19 00:00:00+09:00,927.5897656689892,936.0223999023438,927.5897656689892,936.0223999023438,6800,0.0,0.0
2001-04-20 00:00:00+09:00,944.4547729492188,957.1037208012173,944.4547729492188,944.4547729492188,8400,0.0,0.0
2001-04-23 00:00:00+09:00,1011.072707181017,1011.072707181017,969.7528050526852,1003.4833374023438,8400,0.0,0.0
2001-04-24 00:00:00+09:00,1001.7964994933317,1007.6993408203125,910.7240904484833,1007.6993408203125,8600,0.0,0.0
2001-04-25 00:00:00+09:00,1003.4830593532986,1003.4830593532986,986.6177978515625,986.6177978515625,1900,0.0,0.0
2001-04-26 00:00:00+09:00,1003.4830593532986,1003.4830593532986,986.6177978515625,986.6177978515625,1900,0.0,0.0
2001-04-27 00:00:00+09:00,999.2669677734375,1003.4832840931566,999.2669677734375,999.2669677734375,7800,0.0,0.0
2001-04-30 00:00:00+09:00,999.2669677734375,999.2669677734375,999.2669677734375,999.2669677734375,0,0.0,0.0
2001-05-01 00:00:00+09:00,1018.6621426493166,1064.1983642578125,1018.6621426493166,1064.1983642578125,10100,0.0,0.0
2001-05-02 00:00:00+09:00,1087.8095552884615,1104.6748197115385,1087.8095552884615,1096.2421875,10700,0.0,0.0
2001-05-03 00:00:00+09:00,1096.2421875,1096.2421875,1096.2421875,1096.2421875,0,0.0,0.0
2001-05-04 00:00:00+09:00,1096.2421875,1096.2421875,1096.2421875,1096.2421875,0,0.0,0.0
2001-05-07 00:00:00+09:00,1121.5402051276967,1172.136003855262,1118.1671518791923,1162.860107421875,71,0.0,0.0
2001-05-08 00:00:00+09:00,1218.5154354014294,1222.7317517869014,1184.784904317653,1189.001220703125,200,0.0,0.0
2001-05-09 00:00:00+09:00,1180.568416819853,1197.4336799172795,1146.837890625,1146.837890625,51,0.0,0.0
2001-05-10 00:00:00+09:00,1138.4053485576922,1138.4053485576922,1054.0790264423076,1096.2421875,56,0.0,0.0
2001-05-11 00:00:00+09:00,1096.2421013327205,1163.7031537224266,1096.2421013327205,1146.837890625,71,0.0,0.0
2001-05-14 00:00:00+09:00,1180.5685115206068,1197.4337759709013,1163.7032470703125,1163.7032470703125,76,0.0,0.0
2001-05-15 00:00:00+09:00,1172.1358642578125,1180.5684963747751,1172.1358642578125,1172.1358642578125,3800,0.0,0.0
2001-05-16 00:00:00+09:00,1188.1578002025462,1188.1578002025462,1138.4052734375,1138.4052734375,5800,0.0,0.0
2001-05-17 00:00:00+09:00,1138.4053485576922,1138.4053485576922,1096.2421875,1096.2421875,5100,0.0,0.0
2001-05-18 00:00:00+09:00,1083.5932391826923,1096.2421875,1083.5932391826923,1096.2421875,300,0.0,0.0
2001-05-21 00:00:00+09:00,1121.5401611328125,1121.5401611328125,1113.1075283423402,1121.5401611328125,3300,0.0,0.0
2001-05-22 00:00:00+09:00,1121.5401611328125,1122.3834244118598,1121.5401611328125,1121.5401611328125,1200,0.0,0.0
2001-05-23 00:00:00+09:00,1138.4053178267045,1138.4053178267045,1113.107421875,1113.107421875,3700,0.0,0.0
2001-05-24 00:00:00+09:00,1096.2421875,1096.2421875,1096.2421875,1096.2421875,2500,0.0,0.0
2001-05-25 00:00:00+09:00,1096.2422627613958,1138.405426713757,1096.2422627613958,1121.5401611328125,4400,0.0,0.0
2001-05-28 00:00:00+09:00,1122.3831787109375,1122.3831787109375,1122.3831787109375,1122.3831787109375,1100,0.0,0.0
2001-05-29 00:00:00+09:00,1146.837890625,1147.6811537798712,1146.837890625,1146.837890625,5100,0.0,0.0
2001-05-30 00:00:00+09:00,1169.606319902611,1172.136110068226,1169.606319902611,1171.2928466796875,12000,0.0,0.0
2001-05-31 00:00:00+09:00,1193.2173791956018,1193.2173791956018,1138.4052734375,1138.4052734375,13800,0.0,0.0
2001-06-01 00:00:00+09:00,1129.9727860925796,1135.0323657318002,1125.7564697265625,1125.7564697265625,800,0.0,0.0
2001-06-04 00:00:00+09:00,1129.9727845334721,1129.9727845334721,1125.7564681732727,1126.5997314453125,1800,0.0,0.0
2001-06-05 00:00:00+09:00,1138.4056569569148,1138.4056569569148,1128.2864955617422,1129.9730224609375,4700,0.0,0.0
2001-06-06 00:00:00+09:00,1129.9728258438693,1129.9728258438693,1104.6749267578125,1104.6749267578125,2500,0.0,0.0
2001-06-07 00:00:00+09:00,1105.5180829326923,1105.5180829326923,1096.2421875,1096.2421875,4400,0.0,0.0
2001-06-08 00:00:00+09:00,1096.242293729127,1104.6749267578125,1079.3770276717557,1104.6749267578125,3900,0.0,0.0
2001-06-11 00:00:00+09:00,1104.6749589313833,1104.6749589313833,1087.8096923828125,1087.8096923828125,9400,0.0,0.0
2001-06-12 00:00:00+09:00,1079.377091535433,1079.377091535433,1070.9444580078125,1070.9444580078125,3600,0.0,0.0
2001-06-13 00:00:00+09:00,1070.9442908653846,1096.2421875,1070.9442908653846,1096.2421875,12400,0.0,0.0
2001-06-14 00:00:00+09:00,1096.2421875,1113.107451923077,1096.2421875,1096.2421875,13400,0.0,0.0
2001-06-15 00:00:00+09:00,1096.2421875,1097.0854507211538,1096.2421875,1096.2421875,18400,0.0,0.0
2001-06-18 00:00:00+09:00,1097.0854507211538,1097.0854507211538,1096.2421875,1096.2421875,3100,0.0,0.0
2001-06-19 00:00:00+09:00,1104.6749220163151,1121.540188001297,1104.6749220163151,1107.2047119140625,1300,0.0,0.0
2001-06-20 00:00:00+09:00,1174.6657477127878,1174.6657477127878,1121.5401611328125,1121.5401611328125,1200,0.0,0.0
2001-06-21 00:00:00+09:00,1167.91964148041,1167.91964148041,1121.5401611328125,1121.5401611328125,5600,0.0,0.0
2001-06-22 00:00:00+09:00,1172.1359578756462,1172.1359578756462,1121.5401611328125,1121.5401611328125,7300,0.0,0.0
2001-06-25 00:00:00+09:00,1175.5088527199075,1175.5088527199075,1138.4052734375,1138.4052734375,2900,0.0,0.0
2001-06-26 00:00:00+09:00,1138.4052734375,1146.8379050925926,1138.4052734375,1138.4052734375,6600,0.0,0.0
2001-06-27 00:00:00+09:00,1139.248599001658,1172.1358642578125,1139.248599001658,1172.1358642578125,2900,0.0,0.0
2001-06-28 00:00:00+09:00,1194.9039335972009,1197.433723153158,1193.2174072265625,1193.2174072265625,15200,0.0,0.0
2001-06-29 00:00:00+09:00,1193.217537088597,1222.7317517869014,1180.568587932181,1189.001220703125,7300,0.0,0.0
2001-07-02 00:00:00+09:00,1189.001220703125,1189.001220703125,1163.7033223902924,1189.001220703125,2500,0.0,0.0
2001-07-03 00:00:00+09:00,1189.0011899721371,1205.866455078125,1180.5685574191432,1205.866455078125,2600,0.0,0.0
2001-07-04 00:00:00+09:00,1180.568550363238,1180.568550363238,1138.4053878502652,1142.6217041015625,3300,0.0,0.0
2001-07-05 00:00:00+09:00,1180.568603515625,1180.568603515625,1180.568603515625,1180.568603515625,200,0.0,0.0
2001-07-06 00:00:00+09:00,1159.487060546875,1159.487060546875,1159.487060546875,1159.487060546875,600,0.0,0.0
2001-07-09 00:00:00+09:00,1159.4869831873084,1159.4869831873084,1135.0323486328125,1135.0323486328125,5500,0.0,0.0
2001-07-10 00:00:00+09:00,1135.0322064568015,1155.2705221737133,1135.0322064568015,1146.837890625,1100,0.0,0.0
2001-07-11 00:00:00+09:00,1146.8379050925926,1146.8379050925926,1138.4052734375,1138.4052734375,1200,0.0,0.0
2001-07-12 00:00:00+09:00,1138.4053878502652,1146.8380203528598,1096.2422253372924,1142.6217041015625,3600,0.0,0.0
2001-07-13 00:00:00+09:00,1154.4273681640625,1154.4273681640625,1154.4273681640625,1154.4273681640625,700,0.0,0.0
2001-07-16 00:00:00+09:00,1147.6811466203067,1151.05419921875,1129.9726204784797,1151.05419921875,4600,0.0,0.0
2001-07-17 00:00:00+09:00,1142.6215748506434,1151.0542063993566,1131.6591538373161,1146.837890625,3500,0.0,0.0
2001-07-18 00:00:00+09:00,1155.2706298828125,1155.2706298828125,1138.4053652129903,1155.2706298828125,1900,0.0,0.0
2001-07-19 00:00:00+09:00,1172.1358568198366,1176.3521728515625,1155.2705926929325,1176.3521728515625,16500,0.0,0.0
2001-07-20 00:00:00+09:00,1176.3521728515625,1176.3521728515625,1176.3521728515625,1176.3521728515625,0,0.0,0.0
2001-07-23 00:00:00+09:00,1162.0165878636024,1162.0165878636024,1097.0853271484375,1097.0853271484375,3300,0.0,0.0
2001-07-24 00:00:00+09:00,1129.1295544758495,1130.8160810695401,1104.674918867336,1108.8912353515625,1500,0.0,0.0
2001-07-25 00:00:00+09:00,1108.0477781295776,1108.0477781295776,1079.3768310546875,1079.3768310546875,5300,0.0,0.0
2001-07-26 00:00:00+09:00,1096.2421608260622,1111.4208984375,1096.2421608260622,1111.4208984375,1500,0.0,0.0
2001-07-27 00:00:00+09:00,1111.420888119104,1117.32373046875,1111.420888119104,1117.32373046875,6100,0.0,0.0
2001-07-30 00:00:00+09:00,1137.5620853365383,1137.5620853365383,1096.2421875,1096.2421875,9400,0.0,0.0
2001-07-31 00:00:00+09:00,1096.2421875,1119.8535576923077,1079.376923076923,1096.2421875,4300,0.0,0.0
2001-08-01 00:00:00+09:00,1096.2421875,1096.2421875,1096.2421875,1096.2421875,3900,0.0,0.0
2001-08-02 00:00:00+09:00,1108.891010914831,1108.891010914831,1097.0853271484375,1097.0853271484375,2300,0.0,0.0
2001-08-03 00:00:00+09:00,1097.0853271484375,1104.6746952839762,1097.0853271484375,1097.0853271484375,4800,0.0,0.0
2001-08-06 00:00:00+09:00,1097.0855260404428,1121.5401611328125,1096.2422627613958,1121.5401611328125,3900,0.0,0.0
2001-08-07 00:00:00+09:00,1120.6968209134616,1121.5400841346154,1096.2421875,1096.2421875,5100,0.0,0.0
2001-08-08 00:00:00+09:00,1097.9287139423077,1113.107451923077,1096.2421875,1096.2421875,6500,0.0,0.0
2001-08-09 00:00:00+09:00,1096.2421506485848,1120.6967832399764,1096.2421506485848,1117.32373046875,1700,0.0,0.0
2001-08-10 00:00:00+09:00,1117.3237680288462,1125.7564002403847,1096.2421875,1096.2421875,5200,0.0,0.0
2001-08-13 00:00:00+09:00,1120.6969295123151,1121.5401928151837,1097.0855570319954,1104.6749267578125,2600,0.0,0.0
2001-08-14 00:00:00+09:00,1105.518190060681,1105.518190060681,1104.6749267578125,1104.6749267578125,2300,0.0,0.0
2001-08-15 00:00:00+09:00,1104.6748121707376,1121.5400764786878,1100.45849609375,1100.45849609375,3600,0.0,0.0
2001-08-16 00:00:00+09:00,1104.6748121707376,1104.6748121707376,1097.08544323216,1100.45849609375,4500,0.0,0.0
2001-08-17 00:00:00+09:00,1121.5400841346154,1121.5400841346154,1096.2421875,1096.2421875,4100,0.0,0.0
2001-08-20 00:00:00+09:00,1121.5400538589015,1121.5400538589015,1096.242157907197,1113.107421875,4100,0.0,0.0
2001-08-21 00:00:00+09:00,1104.6747825766508,1117.32373046875,1092.025834684552,1117.32373046875,4800,0.0,0.0
2001-08-22 00:00:00+09:00,1116.4804971863027,1116.4804971863027,1096.2421800167624,1100.45849609375,1900,0.0,0.0
2001-08-23 00:00:00+09:00,1104.6747038263152,1104.6747038263152,1087.8094411724783,1092.0257568359375,10100,0.0,0.0
2001-08-24 00:00:00+09:00,1092.0258713942308,1096.2421875,1087.8095552884615,1096.2421875,2600,0.0,0.0
2001-08-27 00:00:00+09:00,1096.2420781945923,1096.2420781945923,1087.8094468238646,1088.6527099609375,15500,0.0,0.0
2001-08-28 00:00:00+09:00,1126.045972192269,1126.045972192269,1092.9019775390625,1092.9019775390625,900,10.0,0.0
2001-08-29 00:00:00+09:00,1092.9021032618725,1092.9021032618725,1079.3045654296875,1079.3045654296875,2700,0.0,0.0
2001-08-30 00:00:00+09:00,1080.1542610351562,1086.1031830078125,1062.3074951171875,1062.3074951171875,1800,0.0,0.0
2001-08-31 00:00:00+09:00,960.3259414611571,1079.3043766864332,960.3259414611571,1058.0582275390625,4200,0.0,0.0
2001-09-03 00:00:00+09:00,990.0708010377002,1019.8154173778886,990.0708010377002,1011.3169555664062,7100,0.0,0.0
2001-09-04 00:00:00+09:00,1011.3164835611979,1028.3133992513021,977.3226521809895,1019.81494140625,6500,0.0,0.0
2001-09-05 00:00:00+09:00,994.3197021484375,994.3197021484375,994.3197021484375,994.3197021484375,200,0.0,0.0
2001-09-06 00:00:00+09:00,934.830822643933,943.3292846679688,934.830822643933,943.3292846679688,9900,0.0,0.0
2001-09-07 00:00:00+09:00,934.8307495117188,934.8307495117188,900.836904074929,934.8307495117188,4300,0.0,0.0
2001-09-10 00:00:00+09:00,917.8336628709587,917.8336628709587,851.5456761080562,860.8939819335938,8500,0.0,0.0
2001-09-11 00:00:00+09:00,860.8939819335938,860.8939819335938,852.395522092196,860.8939819335938,5400,0.0,0.0
2001-09-12 00:00:00+09:00,775.9094931466238,832.8491821289062,775.9094931466238,832.8491821289062,5700,0.0,0.0
2001-09-13 00:00:00+09:00,807.3537078857422,849.8460083007812,807.3537078857422,849.8460083007812,2300,0.0,0.0
2001-09-14 00:00:00+09:00,849.8460083007812,849.8460083007812,832.8490881347657,849.8460083007812,2100,0.0,0.0
2001-09-17 00:00:00+09:00,849.8460083007812,849.8460083007812,849.8460083007812,849.8460083007812,1800,0.0,0.0
2001-09-18 00:00:00+09:00,867.6928503659692,867.6928503659692,849.846082630724,858.3445434570312,6500,0.0,0.0
2001-09-19 00:00:00+09:00,892.3384427157315,934.8307495117188,875.3415199973367,934.8307495117188,4500,0.0,0.0
2001-09-20 00:00:00+09:00,951.8272786458333,1028.3133992513021,951.8272786458333,1019.81494140625,7200,0.0,0.0
2001-09-21 00:00:00+09:00,968.8248184552947,1018.1159057100377,968.8248184552947,1003.6685180664062,8200,0.0,0.0
2001-09-24 00:00:00+09:00,1003.6685180664062,1003.6685180664062,1003.6685180664062,1003.6685180664062,0,0.0,0.0
2001-09-25 00:00:00+09:00,1007.0674375336746,1007.0674375336746,978.1726756128771,985.8212890625,1400,0.0,0.0
2001-09-26 00:00:00+09:00,1019.8151266163793,1019.8151266163793,985.8212890625,985.8212890625,600,0.0,0.0
2001-09-27 00:00:00+09:00,1002.8181611411592,1002.8181611411592,994.3197021484375,994.3197021484375,900,0.0,0.0
2001-09-28 00:00:00+09:00,994.3197021484375,994.3197021484375,994.3197021484375,994.3197021484375,0,0.0,0.0
2001-10-01 00:00:00+09:00,1077.6048043216867,1077.6048043216867,1034.2626552519657,1043.6109619140625,2600,0.0,0.0
2001-10-02 00:00:00+09:00,1077.6047761442173,1079.3044682201546,1064.0072395367195,1068.2564697265625,2700,0.0,0.0
2001-10-03 00:00:00+09:00,1232.2768413837139,1232.2768413837139,1104.7999267578125,1104.7999267578125,10100,0.0,0.0
2001-10-04 00:00:00+09:00,1171.0879271556714,1172.787619357639,1147.292236328125,1147.292236328125,9800,0.0,0.0
2001-10-05 00:00:00+09:00,1137.943750838651,1138.793596806417,1113.2982177734375,1113.2982177734375,3200,0.0,0.0
2001-10-08 00:00:00+09:00,1113.2982177734375,1113.2982177734375,1113.2982177734375,1113.2982177734375,0,0.0,0.0
2001-10-09 00:00:00+09:00,1096.301487719919,1113.29841001015,1070.8061042845718,1079.3045654296875,2900,0.0,0.0
2001-10-10 00:00:00+09:00,1113.2982177734375,1113.2982177734375,1087.8028387404581,1113.2982177734375,2900,0.0,0.0
2001-10-11 00:00:00+09:00,1104.7997580957776,1113.2982177734375,1062.3074597074785,1113.2982177734375,2100,0.0,0.0
2001-10-12 00:00:00+09:00,1113.2982177734375,1113.2982177734375,1088.6526847082241,1113.2982177734375,2800,0.0,0.0
2001-10-15 00:00:00+09:00,1113.2983850884914,1146.4423828125,1113.2983850884914,1146.4423828125,1500,0.0,0.0
2001-10-16 00:00:00+09:00,1154.9408998403976,1155.7907459771454,1113.2984391397504,1138.7938232421875,6500,0.0,0.0
2001-10-17 00:00:00+09:00,1104.7999488650346,1104.7999488650346,1079.3045654296875,1079.3045654296875,5000,0.0,0.0
2001-10-18 00:00:00+09:00,1113.2982548828124,1121.79671484375,1062.3074951171875,1062.3074951171875,2000,0.0,0.0
2001-10-19 00:00:00+09:00,1104.7999488650346,1104.7999488650346,1079.3045654296875,1079.3045654296875,5900,0.0,0.0
2001-10-22 00:00:00+09:00,1104.7999118987143,1104.7999118987143,1083.553759746816,1103.1002197265625,1700,0.0,0.0
2001-10-23 00:00:00+09:00,1106.4996189528244,1106.4996189528244,1104.7999267578125,1104.7999267578125,4700,0.0,0.0
2001-10-24 00:00:00+09:00,1121.7967529296875,1122.6465989546343,1121.7967529296875,1121.7967529296875,5700,0.0,0.0
2001-10-25 00:00:00+09:00,1130.2953983576324,1147.2923216412057,1130.2953983576324,1143.0430908203125,8500,0.0,0.0
2001-10-26 00:00:00+09:00,1147.292236328125,1155.790697337963,1147.292236328125,1147.292236328125,3300,0.0,0.0
2001-10-29 00:00:00+09:00,1147.2920133404782,1177.03662109375,1147.2920133404782,1177.03662109375,5600,0.0,0.0
2001-10-30 00:00:00+09:00,1199.1328530447825,1211.0306985037666,1189.7845458984375,1189.7845458984375,15700,0.0,0.0
2001-10-31 00:00:00+09:00,1180.43611221148,1189.784418355703,1175.3370361328125,1175.3370361328125,2000,0.0,0.0
2001-11-01 00:00:00+09:00,1141.343375443892,1168.5384521484375,1141.343375443892,1168.5384521484375,2900,0.0,0.0
2001-11-02 00:00:00+09:00,1164.2892214133522,1168.5384521484375,1147.2922984730112,1168.5384521484375,1300,0.0,0.0
2001-11-05 00:00:00+09:00,1202.5322980291194,1202.5322980291194,1164.2892214133522,1168.5384521484375,4300,0.0,0.0
2001-11-06 00:00:00+09:00,1172.7873756784982,1188.9344482421875,1172.7873756784982,1188.9344482421875,200,0.0,0.0
2001-11-07 00:00:00+09:00,1202.532237461635,1206.7814679827009,1164.2891627720423,1189.7845458984375,6600,0.0,0.0
2001-11-08 00:00:00+09:00,1189.7845458984375,1189.7845458984375,1155.7907017299108,1189.7845458984375,3500,0.0,0.0
2001-11-09 00:00:00+09:00,1189.7845458984375,1189.7845458984375,1189.7845458984375,1189.7845458984375,0,0.0,0.0
2001-11-12 00:00:00+09:00,1181.2861328125,1181.2861328125,1181.2861328125,1181.2861328125,2700,0.0,0.0
2001-11-13 00:00:00+09:00,1164.2889871036305,1181.2859066233916,1147.2920675838695,1155.79052734375,3400,0.0,0.0
2001-11-14 00:00:00+09:00,1147.2922437372779,1148.14208984375,1147.2922437372779,1148.14208984375,1200,0.0,0.0
2001-11-15 00:00:00+09:00,1148.9919655212177,1151.54150390625,1148.9919655212177,1151.54150390625,400,0.0,0.0
2001-11-16 00:00:00+09:00,1181.2857974328308,1181.2857974328308,1157.4901123046875,1157.4901123046875,2400,0.0,0.0
2001-11-19 00:00:00+09:00,1160.0399353343587,1166.8387041861351,1148.14208984375,1148.14208984375,1900,0.0,0.0
2001-11-20 00:00:00+09:00,1148.1420824291088,1151.541466833044,1147.292236328125,1147.292236328125,5100,0.0,0.0
2001-11-21 00:00:00+09:00,1148.1420824291088,1148.1420824291088,1128.5956221064814,1147.292236328125,3100,0.0,0.0
2001-11-22 00:00:00+09:00,1122.6468505859375,1123.4966968013696,1122.6468505859375,1122.6468505859375,300,0.0,0.0
2001-11-23 00:00:00+09:00,1122.6468505859375,1122.6468505859375,1122.6468505859375,1122.6468505859375,0,0.0,0.0
2001-11-26 00:00:00+09:00,1126.0458984375,1126.0458984375,1126.0458984375,1126.0458984375,300,0.0,0.0
2001-11-27 00:00:00+09:00,1138.7935878537735,1138.7935878537735,1126.0458984375,1126.0458984375,1500,0.0,0.0
2001-11-28 00:00:00+09:00,1148.14208984375,1148.14208984375,1148.14208984375,1148.14208984375,9200,0.0,0.0
2001-11-29 00:00:00+09:00,1171.0880126953125,1172.7877050214306,1171.0880126953125,1171.0880126953125,2900,0.0,0.0
2001-11-30 00:00:00+09:00,1171.0877549115348,1171.0877549115348,1155.79052734375,1155.79052734375,2400,0.0,0.0
2001-12-03 00:00:00+09:00,1155.790512242268,1155.790512242268,1148.1418985583118,1154.0908203125,3500,0.0,0.0
2001-12-04 00:00:00+09:00,1155.790675951087,1172.78759765625,1155.790675951087,1172.78759765625,2200,0.0,0.0
2001-12-05 00:00:00+09:00,1164.2891006124505,1164.2891006124505,1114.1481831408196,1126.8958740234375,2500,0.0,0.0
2001-12-06 00:00:00+09:00,1164.289297640049,1164.289297640049,1106.499755859375,1106.499755859375,4000,0.0,0.0
2001-12-07 00:00:00+09:00,1104.7999267578125,1106.4996189528244,1104.7999267578125,1104.7999267578125,1700,0.0,0.0
2001-12-10 00:00:00+09:00,1104.799794921875,1104.799794921875,1053.80903515625,1062.3074951171875,4300,0.0,0.0
2001-12-11 00:00:00+09:00,1041.0613915228073,1053.80908203125,1041.0613915228073,1053.80908203125,800,0.0,0.0
2001-12-12 00:00:00+09:00,1041.061549926355,1045.3107807423808,1030.0135498046875,1030.0135498046875,7700,0.0,0.0
2001-12-13 00:00:00+09:00,1047.01025390625,1049.5597918621907,1047.01025390625,1047.01025390625,2000,0.0,0.0
2001-12-14 00:00:00+09:00,1047.0103236607142,1047.0103236607142,1041.0614013671875,1041.0614013671875,4100,0.0,0.0
2001-12-17 00:00:00+09:00,1087.8029983108108,1147.2922247809333,1075.055306924356,1131.9949951171875,5000,0.0,0.0
2001-12-18 00:00:00+09:00,1154.090815153302,1181.2858859080188,1126.0458984375,1126.0458984375,5400,0.0,0.0
2001-12-19 00:00:00+09:00,1104.7999750181687,1104.7999750181687,1096.301513671875,1096.301513671875,1500,0.0,0.0
2001-12-20 00:00:00+09:00,1096.301513671875,1096.301513671875,1096.301513671875,1096.301513671875,3500,0.0,0.0
2001-12-21 00:00:00+09:00,1096.3015632342574,1130.29541015625,1096.3015632342574,1130.29541015625,2400,0.0,0.0
2001-12-24 00:00:00+09:00,1130.29541015625,1130.29541015625,1130.29541015625,1130.29541015625,0,0.0,0.0
2001-12-25 00:00:00+09:00,1130.2953143084492,1147.292236328125,1096.3014702690973,1147.292236328125,11000,0.0,0.0
2001-12-26 00:00:00+09:00,1147.2923437282664,1147.2923437282664,1104.8000347012935,1145.5926513671875,7200,0.0,0.0
2001-12-27 00:00:00+09:00,1145.5925367170125,1147.2922289079875,1145.5925367170125,1146.4423828125,8300,0.0,0.0
2001-12-28 00:00:00+09:00,1168.5383672299592,1172.78759765625,1138.793754245924,1172.78759765625,5400,0.0,0.0
2001-12-31 00:00:00+09:00,1172.78759765625,1172.78759765625,1172.78759765625,1172.78759765625,0,0.0,0.0
2002-01-01 00:00:00+09:00,1172.78759765625,1172.78759765625,1172.78759765625,1172.78759765625,0,0.0,0.0
2002-01-02 00:00:00+09:00,1172.78759765625,1172.78759765625,1172.78759765625,1172.78759765625,0,0.0,0.0
2002-01-03 00:00:00+09:00,1172.78759765625,1172.78759765625,1172.78759765625,1172.78759765625,0,0.0,0.0
2002-01-04 00:00:00+09:00,1155.79052734375,1155.79052734375,1155.79052734375,1155.79052734375,1100,0.0,0.0
2002-01-07 00:00:00+09:00,1155.7907459771454,1155.7907459771454,1138.7938232421875,1138.7938232421875,1000,0.0,0.0
2002-01-08 00:00:00+09:00,1138.793775318287,1147.292236328125,1138.793775318287,1147.292236328125,1300,0.0,0.0
2002-01-09 00:00:00+09:00,1138.793775318287,1147.292236328125,1138.793775318287,1147.292236328125,2200,0.0,0.0
2002-01-10 00:00:00+09:00,1143.043053925927,1143.043053925927,1130.2953618747085,1138.7938232421875,1800,0.0,0.0
2002-01-11 00:00:00+09:00,1121.7966686320754,1143.0428176591981,1113.2982090212263,1126.0458984375,4100,0.0,0.0
2002-01-14 00:00:00+09:00,1126.0458984375,1126.0458984375,1126.0458984375,1126.0458984375,0,0.0,0.0
2002-01-15 00:00:00+09:00,1126.04608380353,1147.292236328125,1126.04608380353,1147.292236328125,5300,0.0,0.0
2002-01-16 00:00:00+09:00,1147.2922150985055,1172.78759765625,1138.793754245924,1172.78759765625,11300,0.0,0.0
2002-01-17 00:00:00+09:00,1172.7876714253598,1206.7815169739208,1164.2892100382194,1181.2861328125,19100,0.0,0.0
2002-01-18 00:00:00+09:00,1189.7844513369278,1206.7813720703125,1181.2859909702356,1206.7813720703125,8600,0.0,0.0
2002-01-21 00:00:00+09:00,1181.2861328125,1188.0849019222123,1172.7876714253598,1181.2861328125,5800,0.0,0.0
2002-01-22 00:00:00+09:00,1181.2862782579787,1198.283203125,1164.2893533909576,1198.283203125,2800,0.0,0.0
2002-01-23 00:00:00+09:00,1164.2889871036305,1165.9886790556066,1147.2920675838695,1155.79052734375,11700,0.0,0.0
2002-01-24 00:00:00+09:00,1173.6374619848382,1181.2860768710536,1160.0399244093442,1160.8897705078125,1700,0.0,0.0
2002-01-25 00:00:00+09:00,1170.2382467117475,1180.4364013671875,1156.6407071711608,1180.4364013671875,3500,0.0,0.0
2002-01-28 00:00:00+09:00,1180.4364013671875,1188.9348635800543,1180.4364013671875,1180.4364013671875,3200,0.0,0.0
2002-01-29 00:00:00+09:00,1203.382080078125,1205.9316183833753,1203.382080078125,1203.382080078125,12700,0.0,0.0
2002-01-30 00:00:00+09:00,1181.2859909702356,1206.7813720703125,1177.0367607868893,1206.7813720703125,1800,0.0,0.0
2002-01-31 00:00:00+09:00,1206.7813720703125,1206.7813720703125,1206.7813720703125,1206.7813720703125,0,0.0,0.0
2002-02-01 00:00:00+09:00,1173.6374699183873,1189.7845458984375,1160.0399322509766,1189.7845458984375,1600,0.0,0.0
2002-02-04 00:00:00+09:00,1189.7845458984375,1189.7845458984375,1189.7845458984375,1189.7845458984375,800,0.0,0.0
2002-02-05 00:00:00+09:00,1172.78759765625,1172.78759765625,1148.1420611837636,1172.78759765625,1000,0.0,0.0
2002-02-06 00:00:00+09:00,1138.7937936383094,1138.7937936383094,1135.3944091796875,1135.3944091796875,1500,0.0,0.0
2002-02-07 00:00:00+09:00,1169.3883341165413,1169.3883341165413,1130.29541015625,1130.29541015625,2300,0.0,0.0
2002-02-08 00:00:00+09:00,1104.7999267578125,1104.7999267578125,1062.307621882512,1104.7999267578125,11700,0.0,0.0
2002-02-11 00:00:00+09:00,1104.7999267578125,1104.7999267578125,1104.7999267578125,1104.7999267578125,0,0.0,0.0
2002-02-12 00:00:00+09:00,1105.6498711378053,1172.7877188087407,1104.8000249647557,1130.29541015625,3500,0.0,0.0
2002-02-13 00:00:00+09:00,1164.2893087528726,1178.7366943359375,1130.295460322132,1178.7366943359375,4200,0.0,0.0
2002-02-14 00:00:00+09:00,1178.7363686954275,1178.7363686954275,1130.2951480641084,1155.79052734375,2400,0.0,0.0
2002-02-15 00:00:00+09:00,1155.790675951087,1177.886674167799,1155.790675951087,1172.78759765625,600,0.0,0.0
2002-02-18 00:00:00+09:00,1184.685442849864,1184.685442849864,1171.0879054857337,1172.78759765625,2200,0.0,0.0
2002-02-19 00:00:00+09:00,1172.787522810219,1172.787522810219,1164.2890625,1164.2890625,400,0.0,0.0
2002-02-20 00:00:00+09:00,1155.790675951087,1172.78759765625,1155.790675951087,1172.78759765625,1300,0.0,0.0
2002-02-21 00:00:00+09:00,1165.9886790556066,1165.9886790556066,1147.2920675838695,1155.79052734375,3700,0.0,0.0
2002-02-22 00:00:00+09:00,1154.9408884196264,1155.7907345479705,1138.7938119810885,1151.54150390625,7500,0.0,0.0
2002-02-25 00:00:00+09:00,1070.205813548604,1070.205813548604,993.1509949731045,1044.5208740234375,4200,10.0,0.0
2002-02-26 00:00:00+09:00,1027.3974609375,1035.9591064453125,1027.3974609375,1035.9591064453125,800,0.0,0.0
2002-02-27 00:00:00+09:00,1036.8154534987461,1053.0825828269676,1035.9592887972608,1040.2401123046875,3800,0.0,0.0
2002-02-28 00:00:00+09:00,1060.7878057039702,1068.4932861328125,1060.7878057039702,1068.4932861328125,4500,0.0,0.0
2002-03-01 00:00:00+09:00,1089.0414280348557,1113.0140380859375,1089.0414280348557,1113.0140380859375,4700,0.0,0.0
2002-03-04 00:00:00+09:00,1135.2740478515625,1164.3836388221155,1135.2740478515625,1135.2740478515625,8200,0.0,0.0
2002-03-05 00:00:00+09:00,1155.822270320012,1162.6715874774638,1078.7674522986779,1113.0140380859375,5900,0.0,0.0
2002-03-06 00:00:00+09:00,1112.1578743868095,1113.014039032219,1104.452392578125,1104.452392578125,4500,0.0,0.0
2002-03-07 00:00:00+09:00,1113.014039032219,1117.294862259266,1070.205806761749,1104.452392578125,3200,0.0,0.0
2002-03-08 00:00:00+09:00,1070.2059306795634,1103.5963557167659,1070.2059306795634,1078.767578125,3500,0.0,0.0
2002-03-11 00:00:00+09:00,1078.7674541473389,1095.8907470703125,1078.7674541473389,1095.8907470703125,2500,0.0,0.0
2002-03-12 00:00:00+09:00,1104.4525204613094,1104.4525204613094,1078.767578125,1078.767578125,2400,0.0,0.0
2002-03-13 00:00:00+09:00,1078.767578125,1078.767578125,1061.644283234127,1078.767578125,2100,0.0,0.0
2002-03-14 00:00:00+09:00,1029.1100229414683,1078.767578125,1029.1100229414683,1078.767578125,6600,0.0,0.0
2002-03-15 00:00:00+09:00,1078.767333984375,1078.767333984375,1070.2056884765625,1070.2056884765625,3400,0.0,0.0
2002-03-18 00:00:00+09:00,1046.2330810546875,1053.0823974609375,1005.9933471679688,1018.8358154296875,12800,0.0,0.0
2002-03-19 00:00:00+09:00,994.0071045448041,1011.1303966127593,993.1509399414062,993.1509399414062,10100,0.0,0.0
2002-03-20 00:00:00+09:00,1001.712646484375,1021.4044335520165,994.0071645883413,1001.712646484375,3900,0.0,0.0
2002-03-21 00:00:00+09:00,1001.712646484375,1001.712646484375,1001.712646484375,1001.712646484375,0,0.0,0.0
2002-03-22 00:00:00+09:00,1025.6851806640625,1027.397509847141,1002.5687366925018,1025.6851806640625,3400,0.0,0.0
2002-03-25 00:00:00+09:00,1025.6851945999867,1027.3975238063306,997.4317626953125,997.4317626953125,4200,0.0,0.0
2002-03-26 00:00:00+09:00,1002.5687503143442,1002.5687503143442,997.4317626953125,997.4317626953125,1300,0.0,0.0
2002-03-27 00:00:00+09:00,998.2882080078125,999.14437285173,997.4320431638951,998.2882080078125,2900,0.0,0.0
2002-03-28 00:00:00+09:00,1017.9796508789062,1027.3974609375,1017.9796508789062,1018.8358154296875,1300,0.0,0.0
2002-03-29 00:00:00+09:00,1038.527587890625,1042.8084105942137,1038.527587890625,1038.527587890625,3700,0.0,0.0
2002-04-01 00:00:00+09:00,1059.0758056640625,1070.2059475182523,1059.0758056640625,1059.0758056640625,3700,0.0,0.0
2002-04-02 00:00:00+09:00,1112.1578859492458,1112.1578859492458,1077.9112997768286,1110.445556640625,7300,0.0,0.0
2002-04-03 00:00:00+09:00,1051.3702253884217,1062.5003662109375,1051.3702253884217,1062.5003662109375,800,0.0,0.0
2002-04-04 00:00:00+09:00,1104.4524211974806,1104.4524211974806,1073.6304931640625,1073.6304931640625,1000,0.0,0.0
2002-04-05 00:00:00+09:00,1070.2058086245079,1103.5962298535924,1070.2058086245079,1087.3291015625,2400,0.0,0.0
2002-04-08 00:00:00+09:00,1104.452392578125,1104.452392578125,1095.890746124031,1104.452392578125,2800,0.0,0.0
2002-04-09 00:00:00+09:00,1095.8906621728786,1095.8906621728786,1079.62353515625,1079.62353515625,1400,0.0,0.0
2002-04-10 00:00:00+09:00,1079.6237428695435,1079.6237428695435,1078.767578125,1078.767578125,2100,0.0,0.0
2002-04-11 00:00:00+09:00,1078.7673903245193,1168.6646728515625,1078.7673903245193,1168.6646728515625,25300,0.0,0.0
2002-04-12 00:00:00+09:00,1166.9522213193322,1168.664550330806,1142.9796151587004,1160.1029052734375,11000,0.0,0.0
2002-04-15 00:00:00+09:00,1160.9593591729526,1241.4388427734375,1160.1031944537986,1241.4388427734375,25300,0.0,0.0
2002-04-16 00:00:00+09:00,1224.315558783442,1232.8772060476617,1183.2196519151867,1190.0689697265625,22400,0.0,0.0
2002-04-17 00:00:00+09:00,1207.1922607421875,1207.1922607421875,1183.2196484721298,1207.1922607421875,4700,0.0,0.0
2002-04-18 00:00:00+09:00,1185.7881443568638,1198.630615234375,1185.7881443568638,1198.630615234375,1700,0.0,0.0
2002-04-19 00:00:00+09:00,1190.0690971430201,1190.0690971430201,1172.94580078125,1172.94580078125,8200,0.0,0.0
2002-04-22 00:00:00+09:00,1172.9455575382008,1172.9455575382008,1160.1030879301184,1164.3839111328125,4600,0.0,0.0
2002-04-23 00:00:00+09:00,1148.1167838541667,1164.3839120370371,1131.8496556712964,1155.822265625,1700,0.0,0.0
2002-04-24 00:00:00+09:00,1155.8220827447533,1181.5070179168588,1155.8220827447533,1160.1029052734375,5900,0.0,0.0
2002-04-25 00:00:00+09:00,1156.678429367963,1164.3839111328125,1155.8222647274242,1164.3839111328125,6600,0.0,0.0
2002-04-26 00:00:00+09:00,1198.630444231455,1207.1920902616798,1190.0687982012303,1200.3427734375,17000,0.0,0.0
2002-04-29 00:00:00+09:00,1200.3427734375,1200.3427734375,1200.3427734375,1200.3427734375,0,0.0,0.0
2002-04-30 00:00:00+09:00,1201.1990475909142,1215.7538471697064,1201.1990475909142,1202.911376953125,8600,0.0,0.0
2002-05-01 00:00:00+09:00,1224.3156764070752,1224.3156764070752,1202.9115561901683,1215.7540283203125,19500,0.0,0.0
2002-05-02 00:00:00+09:00,1232.8770272943038,1232.8770272943038,1215.7537352485497,1217.466064453125,7300,0.0,0.0
2002-05-03 00:00:00+09:00,1217.466064453125,1217.466064453125,1217.466064453125,1217.466064453125,0,0.0,0.0
2002-05-06 00:00:00+09:00,1217.466064453125,1217.466064453125,1217.466064453125,1217.466064453125,0,0.0,0.0
2002-05-07 00:00:00+09:00,1185.7881443568638,1198.630615234375,1179.7949912806919,1198.630615234375,2800,0.0,0.0
2002-05-08 00:00:00+09:00,1173.8018399245448,1190.0689697265625,1173.8018399245448,1190.0689697265625,1900,0.0,0.0
2002-05-09 00:00:00+09:00,1215.7537938811981,1238.8702392578125,1215.7537938811981,1238.8702392578125,12600,0.0,0.0
2002-05-10 00:00:00+09:00,1238.014192592076,1238.014192592076,1172.9456734793528,1198.630615234375,3000,0.0,0.0
2002-05-13 00:00:00+09:00,1181.5071643668468,1197.7742919921875,1181.5071643668468,1197.7742919921875,1900,0.0,0.0
2002-05-14 00:00:00+09:00,1182.3634033203125,1189.2127206458465,1182.3634033203125,1182.3634033203125,1900,0.0,0.0
2002-05-15 00:00:00+09:00,1181.5072386546208,1182.3634033203125,1181.5072386546208,1182.3634033203125,5500,0.0,0.0
2002-05-16 00:00:00+09:00,1181.5073863636364,1181.5073863636364,1177.2265625,1177.2265625,2500,0.0,0.0
2002-05-17 00:00:00+09:00,1177.22628175605,1177.22628175605,1173.8016234818504,1176.3701171875,2600,0.0,0.0
2002-05-20 00:00:00+09:00,1176.3703523325235,1176.3703523325235,1160.1032222784347,1161.8155517578125,3700,0.0,0.0
2002-05-21 00:00:00+09:00,1160.959493328011,1172.94580078125,1150.6855155109488,1172.94580078125,6200,0.0,0.0
2002-05-22 00:00:00+09:00,1172.94580078125,1177.2266248716926,1172.94580078125,1172.94580078125,2200,0.0,0.0
2002-05-23 00:00:00+09:00,1174.6580681818182,1178.9388920454546,1169.5210795454545,1177.2265625,2100,0.0,0.0
2002-05-24 00:00:00+09:00,1178.0826618303572,1198.630615234375,1172.9456734793528,1198.630615234375,8900,0.0,0.0
2002-05-27 00:00:00+09:00,1215.753662109375,1267.12353515625,1207.1920166015625,1224.3153076171875,12600,0.0,0.0
2002-05-28 00:00:00+09:00,1248.28799984843,1265.4112920274208,1248.28799984843,1257.705810546875,25100,0.0,0.0
2002-05-29 00:00:00+09:00,1274.8291389259132,1274.8291389259132,1265.4113279600401,1267.1236572265625,18300,0.0,0.0
2002-05-30 00:00:00+09:00,1267.1237164245401,1301.370303354933,1267.1237164245401,1279.9661865234375,18100,0.0,0.0
2002-05-31 00:00:00+09:00,1285.1033291376361,1301.370459886214,1284.247164361395,1297.94580078125,6400,0.0,0.0
2002-06-03 00:00:00+09:00,1297.9455823567707,1318.493533528646,1284.2469482421875,1284.2469482421875,13000,0.0,0.0
2002-06-04 00:00:00+09:00,1275.6850610030324,1309.9316398219057,1261.1302650050113,1301.3699951171875,8000,0.0,0.0
2002-06-05 00:00:00+09:00,1300.5141982324865,1300.5141982324865,1267.123774446399,1292.8087158203125,3000,0.0,0.0
2002-06-06 00:00:00+09:00,1284.2469482421875,1284.2469482421875,1241.4387166341146,1284.2469482421875,8100,0.0,0.0
2002-06-07 00:00:00+09:00,1266.267575356227,1283.390869140625,1241.4387993688501,1283.390869140625,5100,0.0,0.0
2002-06-10 00:00:00+09:00,1283.3908452164767,1283.3908452164767,1279.9661865234375,1279.9661865234375,3000,0.0,0.0
2002-06-11 00:00:00+09:00,1250.000446261049,1283.390869140625,1250.000446261049,1283.390869140625,1200,0.0,0.0
2002-06-12 00:00:00+09:00,1284.2469879917999,1284.2469879917999,1259.418212890625,1259.418212890625,1000,0.0,0.0
2002-06-13 00:00:00+09:00,1258.561926495123,1258.561926495123,1250.8564453125,1250.8564453125,1900,0.0,0.0
2002-06-14 00:00:00+09:00,1241.4387097994265,1241.4387097994265,1226.8839111328125,1226.8839111328125,2700,0.0,0.0
2002-06-17 00:00:00+09:00,1226.8839111328125,1228.5962403877083,1226.8839111328125,1226.8839111328125,2400,0.0,0.0
2002-06-18 00:00:00+09:00,1226.883862647341,1226.883862647341,1198.630431058114,1220.0345458984375,2600,0.0,0.0
2002-06-19 00:00:00+09:00,1207.1921159488297,1207.1921159488297,1186.6441650390625,1186.6441650390625,700,0.0,0.0
2002-06-20 00:00:00+09:00,1189.2126458735872,1197.7742919921875,1186.6441520380072,1197.7742919921875,10000,0.0,0.0
2002-06-21 00:00:00+09:00,1198.6304566040476,1215.7537488412484,1197.7742919921875,1197.7742919921875,3400,0.0,0.0
2002-06-24 00:00:00+09:00,1197.7742919921875,1197.7742919921875,1197.7742919921875,1197.7742919921875,2800,0.0,0.0
2002-06-25 00:00:00+09:00,1197.77438523274,1250.0004306217302,1145.54833984375,1145.54833984375,3900,0.0,0.0
2002-06-26 00:00:00+09:00,1162.6714599609375,1207.1920166015625,1155.8221435546875,1181.507080078125,1900,0.0,0.0
2002-06-27 00:00:00+09:00,1181.5073190242688,1232.8772024601064,1181.5073190242688,1207.1922607421875,3200,0.0,0.0
2002-06-28 00:00:00+09:00,1231.1648747907366,1231.1648747907366,1198.630615234375,1198.630615234375,10700,0.0,0.0
2002-07-01 00:00:00+09:00,1215.7540283203125,1215.7540283203125,1215.7540283203125,1215.7540283203125,200,0.0,0.0
2002-07-02 00:00:00+09:00,1177.2262573242188,1181.507080078125,1177.2262573242188,1181.507080078125,1300,0.0,0.0
2002-07-03 00:00:00+09:00,1181.5071169396197,1190.0687627145446,1172.945471164695,1173.8016357421875,3100,0.0,0.0
2002-07-04 00:00:00+09:00,1173.8016357421875,1173.8016357421875,1173.8016357421875,1173.8016357421875,0,0.0,0.0
2002-07-05 00:00:00+09:00,1215.753907981494,1215.753907981494,1207.1922607421875,1207.1922607421875,400,0.0,0.0
2002-07-08 00:00:00+09:00,1230.3087158203125,1230.3087158203125,1230.3087158203125,1230.3087158203125,100,0.0,0.0
2002-07-09 00:00:00+09:00,1198.6304566040476,1198.6304566040476,1197.7742919921875,1197.7742919921875,1600,0.0,0.0
2002-07-10 00:00:00+09:00,1197.7742065429686,1198.63037109375,1181.507080078125,1181.507080078125,4400,0.0,0.0
2002-07-11 00:00:00+09:00,1177.2265625,1181.5073863636364,1177.2265625,1177.2265625,700,0.0,0.0
2002-07-12 00:00:00+09:00,1177.2263549094978,1178.08251953125,1177.2263549094978,1178.08251953125,600,0.0,0.0
2002-07-15 00:00:00+09:00,1195.2059563337054,1198.630615234375,1190.068967982701,1198.630615234375,3200,0.0,0.0
2002-07-16 00:00:00+09:00,1198.6304323476702,1198.6304323476702,1194.349609375,1194.349609375,1600,0.0,0.0
2002-07-17 00:00:00+09:00,1193.4935302734375,1193.4935302734375,1193.4935302734375,1193.4935302734375,400,0.0,0.0
2002-07-18 00:00:00+09:00,1188.356767506843,1188.356767506843,1172.94580078125,1172.94580078125,1000,0.0,0.0
2002-07-19 00:00:00+09:00,1172.94580078125,1172.94580078125,1155.8225044194799,1172.94580078125,6100,0.0,0.0
2002-07-22 00:00:00+09:00,1147.2605835599095,1148.1167481745065,1146.4044189453125,1146.4044189453125,4200,0.0,0.0
2002-07-23 00:00:00+09:00,1112.1578743868095,1113.014039032219,1071.918136052568,1104.452392578125,9900,0.0,0.0
2002-07-24 00:00:00+09:00,1104.4523916391224,1113.0140380859375,1100.171568415715,1113.0140380859375,1900,0.0,0.0
2002-07-25 00:00:00+09:00,1113.014039032219,1113.014039032219,1104.452392578125,1104.452392578125,1300,0.0,0.0
2002-07-26 00:00:00+09:00,1089.8975955031988,1091.609924796998,1087.3291015625,1087.3291015625,3900,0.0,0.0
2002-07-29 00:00:00+09:00,1087.3291015625,1087.3291015625,1087.3291015625,1087.3291015625,14200,0.0,0.0
2002-07-30 00:00:00+09:00,1095.8907470703125,1095.8907470703125,1087.3291006088257,1095.8907470703125,1600,0.0,0.0
2002-07-31 00:00:00+09:00,1071.0620954241072,1078.767578125,1071.0620954241072,1078.767578125,3600,0.0,0.0
2002-08-01 00:00:00+09:00,1077.0553689644964,1077.0553689644964,1011.1306762695312,1011.1306762695312,10300,0.0,0.0
2002-08-02 00:00:00+09:00,1011.986547199434,1025.6851806640625,1010.2742180163555,1025.6851806640625,6900,0.0,0.0
2002-08-05 00:00:00+09:00,1042.8084228515625,1042.8084228515625,1027.3974609375,1035.9591064453125,400,0.0,0.0
2002-08-06 00:00:00+09:00,1027.3974978353274,1027.3974978353274,1019.6920166015625,1019.6920166015625,7000,0.0,0.0
2002-08-07 00:00:00+09:00,1019.6920166015625,1023.1166749276803,1019.6920166015625,1019.6920166015625,8500,0.0,0.0
2002-08-08 00:00:00+09:00,1024.829004090739,1024.829004090739,1014.5550291123858,1019.6920166015625,2200,0.0,0.0
2002-08-09 00:00:00+09:00,1019.6920655734205,1019.6920655734205,1014.5550778375342,1017.979736328125,5600,0.0,0.0
2002-08-12 00:00:00+09:00,1018.8358154296875,1024.8289672851563,1017.9796508789062,1018.8358154296875,9800,0.0,0.0
2002-08-13 00:00:00+09:00,1018.8356938701295,1023.1165161132812,1018.8356938701295,1023.1165161132812,2000,0.0,0.0
2002-08-14 00:00:00+09:00,1018.8356943766275,1027.3973388671875,1018.8356943766275,1027.3973388671875,1700,0.0,0.0
2002-08-15 00:00:00+09:00,1027.397338356433,1029.965831702324,1018.8356938701295,1023.1165161132812,7300,0.0,0.0
2002-08-16 00:00:00+09:00,1019.692151310468,1026.5414688675492,1017.1236572265625,1017.1236572265625,2200,0.0,0.0
2002-08-19 00:00:00+09:00,1015.4112919583135,1018.8359506158458,1011.9866333007814,1011.9866333007812,7800,0.0,0.0
2002-08-20 00:00:00+09:00,1011.1303966127593,1011.1303966127593,993.1509399414062,993.1509399414062,2900,0.0,0.0
2002-08-21 00:00:00+09:00,984.5891972178036,996.5755004882812,984.5891972178036,996.5755004882812,4800,0.0,0.0
2002-08-22 00:00:00+09:00,984.5895385742188,984.5895385742188,976.0278904127038,984.5895385742188,2300,0.0,0.0
2002-08-23 00:00:00+09:00,984.5895385742188,984.5895385742188,984.5895385742188,984.5895385742188,0,0.0,0.0
2002-08-26 00:00:00+09:00,1016.2676287634898,1016.2676287634898,1010.2744750976562,1010.2744750976562,1100,0.0,0.0
2002-08-27 00:00:00+09:00,1019.7806980752537,1024.101802728115,1011.1384887695312,1011.1384887695312,14500,11.0,0.0
2002-08-28 00:00:00+09:00,1011.1384887695312,1011.1384887695312,1011.1384887695312,1011.1384887695312,3400,0.0,0.0
2002-08-29 00:00:00+09:00,993.8543090820312,993.8543090820312,993.8543090820312,993.8543090820312,400,0.0,0.0
2002-08-30 00:00:00+09:00,992.1258646097269,992.1258646097269,959.2854614257812,959.2854614257812,4800,0.0,0.0
2002-09-02 00:00:00+09:00,959.2852761008523,959.2852761008523,950.64306640625,950.64306640625,15600,0.0,0.0
2002-09-03 00:00:00+09:00,949.7787167019314,949.7787167019314,933.3585205078125,933.3585205078125,5800,0.0,0.0
2002-09-04 00:00:00+09:00,933.3586282169118,940.2723958333333,881.50537109375,881.50537109375,11100,0.0,0.0
2002-09-05 00:00:00+09:00,931.6301689390924,950.6430295296861,931.6301689390924,949.77880859375,2900,0.0,0.0
2002-09-06 00:00:00+09:00,933.3585205078125,933.3585205078125,933.3585205078125,933.3585205078125,1800,0.0,0.0
2002-09-09 00:00:00+09:00,950.64306640625,950.64306640625,950.64306640625,950.64306640625,500,0.0,0.0
2002-09-10 00:00:00+09:00,950.6429375542534,950.6429375542534,933.3585205078125,933.3585205078125,5000,0.0,0.0
2002-09-11 00:00:00+09:00,924.716552734375,924.716552734375,924.716552734375,924.716552734375,1100,0.0,0.0
2002-09-12 00:00:00+09:00,908.29635226526,924.716552734375,908.29635226526,924.716552734375,1400,0.0,0.0
2002-09-13 00:00:00+09:00,907.4321311879381,924.716552734375,907.4321311879381,924.716552734375,1300,0.0,0.0
2002-09-16 00:00:00+09:00,924.716552734375,924.716552734375,924.716552734375,924.716552734375,0,0.0,0.0
2002-09-17 00:00:00+09:00,924.7163608257588,924.7163608257588,890.1475249070388,898.7897338867188,2500,0.0,0.0
2002-09-18 00:00:00+09:00,898.7897925515778,898.7897925515778,890.1475830078125,890.1475830078125,2200,0.0,0.0
2002-09-19 00:00:00+09:00,890.1475985440342,950.64306640625,884.9622727272728,950.64306640625,4100,0.0,0.0
2002-09-20 00:00:00+09:00,890.1475588542298,891.0117797851562,890.1475588542298,891.0117797851562,500,0.0,0.0
2002-09-23 00:00:00+09:00,891.0117797851562,891.0117797851562,891.0117797851562,891.0117797851562,0,0.0,0.0
2002-09-24 00:00:00+09:00,933.3586439975472,933.3586439975472,891.8760375976562,891.8760375976562,1900,0.0,0.0
2002-09-25 00:00:00+09:00,927.3092159663406,927.3092159663406,924.716552734375,924.716552734375,1100,0.0,0.0
2002-09-26 00:00:00+09:00,924.716311984592,933.3585205078125,924.716311984592,933.3585205078125,1600,0.0,0.0
2002-09-27 00:00:00+09:00,933.3585205078125,934.2227413601345,933.3585205078125,933.3585205078125,6100,0.0,0.0
2002-09-30 00:00:00+09:00,951.5072021484375,959.2851901768988,951.5072021484375,951.5072021484375,6300,0.0,0.0
2002-10-01 00:00:00+09:00,971.3842548741703,976.569580078125,967.9273714048672,976.569580078125,4900,0.0,0.0
2002-10-02 00:00:00+09:00,950.6427510579427,1037.0648193359375,950.6427510579427,1037.0648193359375,5400,0.0,0.0
2002-10-03 00:00:00+09:00,985.2117983061693,1002.4962158203125,985.2117983061693,1002.4962158203125,7400,0.0,0.0
2002-10-04 00:00:00+09:00,992.1255928488339,992.1255928488339,905.7035028794234,940.2723388671875,2000,0.0,0.0
2002-10-07 00:00:00+09:00,940.2723388671875,940.2723388671875,940.2723388671875,940.2723388671875,0,0.0,0.0
2002-10-08 00:00:00+09:00,940.2723388671875,940.2723388671875,940.2723388671875,940.2723388671875,1000,0.0,0.0
2002-10-09 00:00:00+09:00,907.4320020953429,907.4320020953429,890.1475830078125,890.1475830078125,1600,0.0,0.0
2002-10-10 00:00:00+09:00,890.147580614277,890.147580614277,881.50537109375,881.50537109375,7700,0.0,0.0
2002-10-11 00:00:00+09:00,866.8136172396465,890.1475830078125,866.8136172396465,890.1475830078125,2800,0.0,0.0
2002-10-14 00:00:00+09:00,890.1475830078125,890.1475830078125,890.1475830078125,890.1475830078125,0,0.0,0.0
2002-10-15 00:00:00+09:00,891.0117228540881,1002.4962158203125,891.0117228540881,1002.4962158203125,4600,0.0,0.0
2002-10-16 00:00:00+09:00,1037.0654296875,1037.0654296875,1019.781005859375,1019.781005859375,8700,0.0,0.0
2002-10-17 00:00:00+09:00,986.0761476640316,986.9403686523436,985.2119266757196,986.9403686523438,2600,0.0,0.0
2002-10-18 00:00:00+09:00,990.3971188207901,991.2613396923615,989.5328979492188,989.5328979492188,2700,0.0,0.0
2002-10-21 00:00:00+09:00,993.8540622644257,994.7182831881339,985.2118530273438,985.2118530273438,5000,0.0,0.0
2002-10-22 00:00:00+09:00,976.569580078125,976.569580078125,976.569580078125,976.569580078125,0,0.0,0.0
2002-10-23 00:00:00+09:00,942.0006103515625,942.0006103515625,942.0006103515625,942.0006103515625,1200,0.0,0.0
2002-10-24 00:00:00+09:00,937.6796817689993,937.6796817689993,920.395263671875,920.395263671875,2000,0.0,0.0
2002-10-25 00:00:00+09:00,885.8265424455915,907.4320678710938,881.505437360491,907.4320678710938,3600,0.0,0.0
2002-10-28 00:00:00+09:00,924.716552734375,924.716552734375,919.531226270444,924.716552734375,800,0.0,0.0
2002-10-29 00:00:00+09:00,943.7292049632352,943.7292049632352,925.58056640625,925.58056640625,15600,0.0,0.0
2002-10-30 00:00:00+09:00,890.1476475306919,907.4320678710938,890.1476475306919,907.4320678710938,5400,0.0,0.0
2002-10-31 00:00:00+09:00,898.7897338867188,898.7897338867188,898.7897338867188,898.7897338867188,2200,0.0,0.0
2002-11-01 00:00:00+09:00,898.7898532774391,898.7898532774391,872.863222894436,885.8265380859375,6800,0.0,0.0
2002-11-04 00:00:00+09:00,885.8265380859375,885.8265380859375,885.8265380859375,885.8265380859375,0,0.0,0.0
2002-11-05 00:00:00+09:00,890.147462706635,894.4685668945312,890.147462706635,894.4685668945312,3300,0.0,0.0
2002-11-06 00:00:00+09:00,884.0980363271769,890.1475830078125,881.5053734640474,890.1475830078125,2200,0.0,0.0
2002-11-07 00:00:00+09:00,882.3696997386745,885.8265839687967,866.813720703125,866.813720703125,6600,0.0,0.0
2002-11-08 00:00:00+09:00,868.5421740661315,868.5421740661315,859.8999633789062,859.8999633789062,11800,0.0,0.0
2002-11-11 00:00:00+09:00,859.8999633789062,863.3568476537963,854.7146369665711,859.8999633789062,7300,0.0,0.0
2002-11-12 00:00:00+09:00,839.1585311968709,840.0227521352817,830.5163218127631,833.9732055664062,3200,0.0,0.0
2002-11-13 00:00:00+09:00,833.9732055664062,852.1218452730327,833.9732055664062,833.9732055664062,2100,0.0,0.0
2002-11-14 00:00:00+09:00,829.6519964324918,830.516217262109,786.4409549516329,787.30517578125,6000,0.0,0.0
2002-11-15 00:00:00+09:00,794.2190310270889,795.083251953125,793.354810101053,795.083251953125,4300,0.0,0.0
2002-11-18 00:00:00+09:00,812.3676821709719,812.3676821709719,792.4906005859375,792.4906005859375,3600,0.0,0.0
2002-11-19 00:00:00+09:00,795.0832150265234,795.0832150265234,794.218994140625,794.218994140625,800,0.0,0.0
2002-11-20 00:00:00+09:00,778.6630249023438,782.9841293690604,769.156595075567,778.6630249023438,2800,0.0,0.0
2002-11-21 00:00:00+09:00,795.0832492702609,795.0832492702609,786.4410400390625,786.4410400390625,1900,0.0,0.0
2002-11-22 00:00:00+09:00,790.7621486354519,801.1327997650972,790.7621486354519,799.4043579101562,2900,0.0,0.0
2002-11-25 00:00:00+09:00,801.1327997650972,812.3676718222129,795.0832532728041,799.4043579101562,3900,0.0,0.0
2002-11-26 00:00:00+09:00,812.3676718222129,812.3676718222129,786.4410439980996,799.4043579101562,10300,0.0,0.0
2002-11-27 00:00:00+09:00,799.4043618060173,812.36767578125,799.4043618060173,812.36767578125,8200,0.0,0.0
2002-11-28 00:00:00+09:00,827.923590474821,851.2575538806876,827.923590474821,845.2080078125,8900,0.0,0.0
2002-11-29 00:00:00+09:00,861.628349728468,885.8265380859375,861.628349728468,885.8265380859375,6900,0.0,0.0
2002-12-02 00:00:00+09:00,885.8265380859375,885.8265380859375,885.8265380859375,885.8265380859375,0,0.0,0.0
2002-12-03 00:00:00+09:00,950.6429953418427,950.6429953418427,916.0741591475938,920.395263671875,10800,0.0,0.0
2002-12-04 00:00:00+09:00,903.1108646602421,903.975085583362,865.0851440429688,865.0851440429688,5300,0.0,0.0
2002-12-05 00:00:00+09:00,864.220947265625,865.0851682128906,864.220947265625,864.220947265625,3900,0.0,0.0
2002-12-06 00:00:00+09:00,861.6282844238282,864.220947265625,861.6282844238282,864.220947265625,6000,0.0,0.0
2002-12-09 00:00:00+09:00,856.4429587402344,864.220947265625,846.9365283203125,864.220947265625,15600,0.0,0.0
2002-12-10 00:00:00+09:00,864.2207881709835,864.2207881709835,829.6519566441441,863.3565673828125,12800,0.0,0.0
2002-12-11 00:00:00+09:00,846.0722974141439,846.0722974141439,829.652099609375,829.652099609375,4100,0.0,0.0
2002-12-12 00:00:00+09:00,829.6521385813594,839.1585693359375,829.6521385813594,839.1585693359375,1300,0.0,0.0
2002-12-13 00:00:00+09:00,829.6521625322165,838.2943725585938,821.0099525058392,838.2943725585938,4000,0.0,0.0
2002-12-16 00:00:00+09:00,838.294308980306,838.294308980306,821.0098902384441,829.652099609375,5900,0.0,0.0
2002-12-17 00:00:00+09:00,817.5529770886607,821.0098607127143,813.2318725585938,813.2318725585938,3000,0.0,0.0
2002-12-18 00:00:00+09:00,814.9604007781497,817.5530637710814,814.9604007781497,816.6888427734375,500,0.0,0.0
2002-12-19 00:00:00+09:00,817.5530129089681,817.5530129089681,809.7750244140625,809.7750244140625,2900,0.0,0.0
2002-12-20 00:00:00+09:00,814.0961202199836,821.0098876953125,814.0961202199836,821.0098876953125,8000,0.0,0.0
2002-12-23 00:00:00+09:00,821.0098876953125,821.0098876953125,821.0098876953125,821.0098876953125,0,0.0,0.0
2002-12-24 00:00:00+09:00,824.466717998798,842.6153564453125,823.6024971203926,842.6153564453125,3600,0.0,0.0
2002-12-25 00:00:00+09:00,842.6154794498366,846.9365844726562,841.7512584452726,846.9365844726562,27500,0.0,0.0
2002-12-26 00:00:00+09:00,863.356783559371,863.356783559371,846.9365844726562,846.9365844726562,17300,0.0,0.0
2002-12-27 00:00:00+09:00,849.529247486348,849.529247486348,846.9365844726562,846.9365844726562,21800,0.0,0.0
2002-12-30 00:00:00+09:00,855.5787721820603,861.6283190560749,851.25766727205,856.4429931640625,3400,0.0,0.0
2002-12-31 00:00:00+09:00,856.4429931640625,856.4429931640625,856.4429931640625,856.4429931640625,0,0.0,0.0
2003-01-01 00:00:00+09:00,856.4429931640625,856.4429931640625,856.4429931640625,856.4429931640625,0,0.0,0.0
2003-01-02 00:00:00+09:00,856.4429931640625,856.4429931640625,856.4429931640625,856.4429931640625,0,0.0,0.0
2003-01-03 00:00:00+09:00,856.4429931640625,856.4429931640625,856.4429931640625,856.4429931640625,0,0.0,0.0
2003-01-06 00:00:00+09:00,864.220947265625,864.220947265625,864.220947265625,864.220947265625,300,0.0,0.0
2003-01-07 00:00:00+09:00,907.4319946289063,907.4319946289063,864.220947265625,864.220947265625,3400,0.0,0.0
2003-01-08 00:00:00+09:00,864.2208214962121,864.2208214962121,846.9364050662879,855.57861328125,6100,0.0,0.0
2003-01-09 00:00:00+09:00,855.57873411227,855.57873411227,851.2576293945312,851.2576293945312,1000,0.0,0.0
2003-01-10 00:00:00+09:00,850.3933715820312,850.3933715820312,849.5291506759519,850.3933715820312,6500,0.0,0.0
2003-01-13 00:00:00+09:00,850.3933715820312,850.3933715820312,850.3933715820312,850.3933715820312,0,0.0,0.0
2003-01-14 00:00:00+09:00,847.8008176967076,907.4320678710938,843.479712611607,907.4320678710938,9400,0.0,0.0
2003-01-15 00:00:00+09:00,931.6302962025826,949.7789383363992,916.0743172307399,921.2596435546875,14600,0.0,0.0
2003-01-16 00:00:00+09:00,939.408177407274,939.408177407274,890.1475830078125,890.1475830078125,11800,0.0,0.0
2003-01-17 00:00:00+09:00,890.1475159295715,890.1475159295715,855.578680359491,872.8630981445312,30600,0.0,0.0
2003-01-20 00:00:00+09:00,871.9989894893046,890.1476304994883,871.1347684888196,884.0980834960938,15700,0.0,0.0
2003-01-21 00:00:00+09:00,849.529310554236,864.2210687225188,849.529310554236,859.8999633789062,20800,0.0,0.0
2003-01-22 00:00:00+09:00,865.0850089591545,868.5418921118384,859.8996842301285,863.3565673828125,13800,0.0,0.0
2003-01-23 00:00:00+09:00,863.3567263183594,868.5420520019532,863.3567263183594,864.220947265625,13100,0.0,0.0
2003-01-24 00:00:00+09:00,872.8631250383341,880.64111328125,871.9989041224546,880.64111328125,2700,0.0,0.0
2003-01-27 00:00:00+09:00,897.9256599397038,902.2467651367188,881.5054601910471,902.2467651367188,7000,0.0,0.0
2003-01-28 00:00:00+09:00,919.531065023028,920.3952859488014,872.8631350312577,873.7273559570312,23100,0.0,0.0
2003-01-29 00:00:00+09:00,868.5420024578389,898.7897338867188,851.2575844984789,898.7897338867188,6700,0.0,0.0
2003-01-30 00:00:00+09:00,897.9256322646723,897.9256322646723,885.8265380859375,885.8265380859375,2900,0.0,0.0
2003-01-31 00:00:00+09:00,847.8006258877841,861.6281590317235,847.8006258877841,855.57861328125,11700,0.0,0.0
2003-02-03 00:00:00+09:00,854.7143924597539,855.57861328125,847.8006258877841,855.57861328125,6400,0.0,0.0
2003-02-04 00:00:00+09:00,855.578685632955,859.03556921127,852.9860229492188,852.9860229492188,17000,0.0,0.0
2003-02-05 00:00:00+09:00,855.57861328125,864.2208214962121,849.5290675307765,855.57861328125,4400,0.0,0.0
2003-02-06 00:00:00+09:00,863.3567493830168,863.3567493830168,855.5787606498365,859.03564453125,5800,0.0,0.0
2003-02-07 00:00:00+09:00,855.57861328125,855.57861328125,854.7143924597539,855.57861328125,3600,0.0,0.0
2003-02-10 00:00:00+09:00,856.4428341027462,864.2208214962121,852.9859508167614,855.57861328125,14900,0.0,0.0
2003-02-11 00:00:00+09:00,855.57861328125,855.57861328125,855.57861328125,855.57861328125,0,0.0,0.0
2003-02-12 00:00:00+09:00,864.2208214962121,864.2208214962121,851.257509173769,855.57861328125,13000,0.0,0.0
2003-02-13 00:00:00+09:00,863.356600674716,863.356600674716,855.57861328125,855.57861328125,7500,0.0,0.0
2003-02-14 00:00:00+09:00,855.57861328125,864.2208214962121,855.57861328125,855.57861328125,9500,0.0,0.0
2003-02-17 00:00:00+09:00,877.1841338186554,877.1841338186554,853.8501716382576,855.57861328125,17500,0.0,0.0
2003-02-18 00:00:00+09:00,864.2210191295992,868.5421242252472,857.3072509765625,857.3072509765625,3600,0.0,0.0
2003-02-19 00:00:00+09:00,865.9493789672852,872.86314646403,862.4924952189128,871.1347045898438,3200,0.0,0.0
2003-02-20 00:00:00+09:00,888.4190642651032,888.4190642651032,877.184192829844,879.77685546875,8000,0.0,0.0
2003-02-21 00:00:00+09:00,883.2337389872913,883.2337389872913,872.8630884316675,879.77685546875,1500,0.0,0.0
2003-02-24 00:00:00+09:00,881.5054204946389,885.8265254970636,864.2210004849401,884.0980834960938,16300,0.0,0.0
2003-02-25 00:00:00+09:00,786.2532328511332,803.7255269144918,786.2532328511332,794.9893798828125,6700,11.0,0.0
2003-02-26 00:00:00+09:00,786.2532328511332,794.9893798828125,786.2532328511332,794.9893798828125,1000,0.0,0.0
2003-02-27 00:00:00+09:00,794.98928782979,799.3573608398438,794.98928782979,799.3573608398438,6900,0.0,0.0
2003-02-28 00:00:00+09:00,815.0824365877555,815.0824365877555,786.2531542647159,795.8629150390625,11900,0.0,0.0
2003-03-03 00:00:00+09:00,794.9892868454392,808.093505859375,794.9892868454392,808.093505859375,5100,0.0,0.0
2003-03-04 00:00:00+09:00,794.989317520805,803.7254638671875,794.989317520805,803.7254638671875,1300,0.0,0.0
2003-03-05 00:00:00+09:00,799.3572692871094,802.8517272949218,786.2530517578125,786.2530517578125,4000,0.0,0.0
2003-03-06 00:00:00+09:00,784.5057983398438,785.3794128146097,777.516882541716,784.5057983398438,6800,0.0,0.0
2003-03-07 00:00:00+09:00,777.51693708537,781.885009765625,770.5280207969622,781.885009765625,2100,0.0,0.0
2003-03-10 00:00:00+09:00,781.8850413235751,781.8850413235751,768.7808227539062,768.7808227539062,8000,0.0,0.0
2003-03-11 00:00:00+09:00,768.7809925323025,768.7809925323025,752.1823120117188,752.1823120117188,1900,0.0,0.0
2003-03-12 00:00:00+09:00,747.814073042436,768.7808227539062,746.9404584711248,768.7808227539062,3200,0.0,0.0
2003-03-13 00:00:00+09:00,758.2975445792996,767.03369140625,758.2975445792996,767.03369140625,4300,0.0,0.0
2003-03-14 00:00:00+09:00,777.5170713482481,784.5059888435133,767.9073097922585,778.3906860351562,9400,0.0,0.0
2003-03-17 00:00:00+09:00,778.3906134136652,778.3906134136652,773.14892578125,773.14892578125,3400,0.0,0.0
2003-03-18 00:00:00+09:00,768.7807927655348,768.7807927655348,755.6765747070312,755.6765747070312,2100,0.0,0.0
2003-03-19 00:00:00+09:00,755.6765747070312,755.6765747070312,751.3085020208634,755.6765747070312,3300,0.0,0.0
2003-03-20 00:00:00+09:00,743.4459711857614,755.6765747070312,743.4459711857614,755.6765747070312,2000,0.0,0.0
2003-03-21 00:00:00+09:00,755.6765747070312,755.6765747070312,755.6765747070312,755.6765747070312,0,0.0,0.0
2003-03-24 00:00:00+09:00,755.6765866197483,760.9182739257812,755.6765866197483,760.9182739257812,6800,0.0,0.0
2003-03-25 00:00:00+09:00,760.9183477029943,760.9183477029943,757.4238891601562,757.4238891601562,5100,0.0,0.0
2003-03-26 00:00:00+09:00,751.3086972474775,760.0448448898901,751.3086972474775,752.1823120117188,1900,0.0,0.0
2003-03-27 00:00:00+09:00,760.0446593747757,760.9182739257812,753.0557429667318,760.9182739257812,3300,0.0,0.0
2003-03-28 00:00:00+09:00,775.7697868603188,786.2531623584313,775.7697868603188,781.011474609375,9900,0.0,0.0
2003-03-31 00:00:00+09:00,795.8628559660008,796.7364705170063,752.1821284157263,760.9182739257812,18600,0.0,0.0
2003-04-01 00:00:00+09:00,760.9182739257812,760.9182739257812,757.4238157217593,760.9182739257812,2100,0.0,0.0
2003-04-02 00:00:00+09:00,760.9182739257812,762.6655030277922,760.0446593747757,760.9182739257812,7000,0.0,0.0
2003-04-03 00:00:00+09:00,760.9182739257812,761.7918884767868,760.0446593747757,760.9182739257812,3900,0.0,0.0
2003-04-04 00:00:00+09:00,760.0447227755949,760.0447227755949,743.446044921875,743.446044921875,4300,0.0,0.0
2003-04-07 00:00:00+09:00,752.182147287768,760.0446784440861,745.1932307043741,751.3085327148438,4000,0.0,0.0
2003-04-08 00:00:00+09:00,760.0448319718644,777.5171269597233,760.0448319718644,775.7698974609375,2700,0.0,0.0
2003-04-09 00:00:00+09:00,767.033721852022,777.517098460478,733.8363625919118,742.572509765625,45400,0.0,0.0
2003-04-10 00:00:00+09:00,744.3197843763563,755.6767763914885,744.3197843763563,754.8031616210938,4300,0.0,0.0
2003-04-11 00:00:00+09:00,759.1711775846056,766.1600952148438,754.8031040657069,766.1600952148438,2800,0.0,0.0
2003-04-14 00:00:00+09:00,777.5171429177989,777.5171429177989,723.35302734375,723.35302734375,22500,0.0,0.0
2003-04-15 00:00:00+09:00,732.0889526367187,738.2042541503906,720.7319641113281,725.1000366210938,45800,0.0,0.0
2003-04-16 00:00:00+09:00,751.308563767818,755.6766368129797,733.836271587171,746.9404907226562,14600,0.0,0.0
2003-04-17 00:00:00+09:00,746.9406573928816,760.0448794524058,746.9406573928816,759.1712646484375,4200,0.0,0.0
2003-04-18 00:00:00+09:00,759.1712301256488,760.0448448898901,751.3086972474775,752.1823120117188,5200,0.0,0.0
2003-04-21 00:00:00+09:00,751.3085327148438,751.3085327148438,746.9404598502226,751.3085327148438,4400,0.0,0.0
2003-04-22 00:00:00+09:00,752.182116558097,755.6765747070312,750.43488748363,755.6765747070312,24600,0.0,0.0
2003-04-23 00:00:00+09:00,757.4237977490347,762.665484930689,753.0557250976562,753.0557250976562,24800,0.0,0.0
2003-04-24 00:00:00+09:00,764.4127505949174,764.4127505949174,760.044677734375,760.044677734375,5900,0.0,0.0
2003-04-25 00:00:00+09:00,756.5502260634687,768.7808301799681,742.5723927874692,753.9293823242188,18900,0.0,0.0
2003-04-28 00:00:00+09:00,753.9293757296157,762.6655214507005,753.9293757296157,760.044677734375,23200,0.0,0.0
2003-04-29 00:00:00+09:00,760.044677734375,760.044677734375,760.044677734375,760.044677734375,0,0.0,0.0
2003-04-30 00:00:00+09:00,768.7809207716401,775.7698382332005,760.0447739446897,767.03369140625,6000,0.0,0.0
2003-05-01 00:00:00+09:00,770.5281116957076,778.3906434477045,768.7808824174859,777.5170288085938,8300,0.0,0.0
2003-05-02 00:00:00+09:00,783.6323259907384,822.0713698520456,783.6323259907384,812.4616088867188,18500,0.0,0.0
2003-05-05 00:00:00+09:00,812.4616088867188,812.4616088867188,812.4616088867188,812.4616088867188,0,0.0,0.0
2003-05-06 00:00:00+09:00,845.659009744076,870.9938354492188,843.038165705613,870.9938354492188,35200,0.0,0.0
2003-05-07 00:00:00+09:00,862.2576535247093,882.3507903343024,861.3840388808139,864.0048828125,18800,0.0,0.0
2003-05-08 00:00:00+09:00,877.9827392199808,882.3508125494335,843.9117672502503,845.6589965820312,13800,0.0,0.0
2003-05-09 00:00:00+09:00,845.658930689627,854.3950766678256,828.1866387332298,834.3019409179688,9900,0.0,0.0
2003-05-12 00:00:00+09:00,847.4062315197364,856.1423782364346,847.4062315197364,848.2798461914062,7100,0.0,0.0
2003-05-13 00:00:00+09:00,856.1423303585241,884.9716129114132,856.1423303585241,882.3507690429688,14900,0.0,0.0
2003-05-14 00:00:00+09:00,886.7188751374058,891.0869484139447,864.878508754711,869.24658203125,45500,0.0,0.0
2003-05-15 00:00:00+09:00,869.2464914127272,873.6145642338968,852.6478146922832,856.1422729492188,10200,0.0,0.0
2003-05-16 00:00:00+09:00,864.8784498948318,873.6145958533655,851.7742309570312,851.7742309570312,13700,0.0,0.0
2003-05-19 00:00:00+09:00,856.1423327513415,864.8784790039062,851.7742596250591,864.8784790039062,6100,0.0,0.0
2003-05-20 00:00:00+09:00,873.6145268146958,873.6145268146958,856.1422362784018,857.8894653320312,10400,0.0,0.0
2003-05-21 00:00:00+09:00,858.7631754150391,882.3507702636718,858.7631754150391,873.6146240234375,5800,0.0,0.0
2003-05-22 00:00:00+09:00,882.3507610198469,897.2022094726562,882.3507610198469,897.2022094726562,22900,0.0,0.0
2003-05-23 00:00:00+09:00,917.295437171811,960.9761722752305,917.295437171811,959.2289428710938,21100,0.0,0.0
2003-05-26 00:00:00+09:00,953.1135394881256,995.0470407671633,952.2399248781458,987.1845092773438,28700,0.0,0.0
2003-05-27 00:00:00+09:00,990.679088070518,1012.5194559733072,990.679088070518,995.9207763671875,30600,0.0,0.0
2003-05-28 00:00:00+09:00,1004.6569824218749,1004.6569824218749,1000.2889085852581,1004.656982421875,29800,0.0,0.0
2003-05-29 00:00:00+09:00,1002.9095032217197,1002.9095032217197,992.4261286235833,1002.035888671875,7300,0.0,0.0
2003-05-30 00:00:00+09:00,1002.0358935755542,1022.1290283203125,995.9205916967147,1022.1290283203125,33000,0.0,0.0
2003-06-02 00:00:00+09:00,1039.601484298706,1135.6991004943848,1030.8653373718262,1118.226806640625,58800,0.0,0.0
2003-06-03 00:00:00+09:00,1121.721274912782,1121.721274912782,1101.6281368107618,1103.3753662109375,25200,0.0,0.0
2003-06-04 00:00:00+09:00,1105.1225302734376,1118.22675,1092.018310546875,1092.018310546875,20800,0.0,0.0
2003-06-05 00:00:00+09:00,1074.5460451148715,1118.2267786561265,1057.0737516983695,1105.12255859375,38800,0.0,0.0
2003-06-06 00:00:00+09:00,1118.2268028846154,1135.6990966796875,1115.6059588153546,1135.6990966796875,35400,0.0,0.0
2003-06-09 00:00:00+09:00,1148.8032538727039,1157.5394002899868,1131.3309610381382,1144.4351806640625,30400,0.0,0.0
2003-06-10 00:00:00+09:00,1140.0672244882223,1167.1492811618891,1128.7102329799106,1161.9075927734375,50300,0.0,0.0
2003-06-11 00:00:00+09:00,1178.50623657677,1214.3244394675392,1173.2645483488527,1183.7479248046875,72700,0.0,0.0
2003-06-12 00:00:00+09:00,1188.1158152300186,1192.483888080129,1175.0115966796875,1175.0115966796875,24300,0.0,0.0
2003-06-13 00:00:00+09:00,1161.907430230615,1161.907430230615,1141.8142942191082,1143.5615234375,39800,0.0,0.0
2003-06-16 00:00:00+09:00,1135.6990720726285,1135.6990720726285,1078.914118468997,1105.12255859375,37000,0.0,0.0
2003-06-17 00:00:00+09:00,1101.6281368107618,1135.6991101141875,1101.6281368107618,1103.3753662109375,29600,0.0,0.0
2003-06-18 00:00:00+09:00,1109.4905443555754,1120.8475341796875,1093.7654815221892,1120.8475341796875,32900,0.0,0.0
2003-06-19 00:00:00+09:00,1118.226624015748,1118.226624015748,1100.754333015502,1109.490478515625,14300,0.0,0.0
2003-06-20 00:00:00+09:00,1109.4906319478755,1109.4906319478755,1096.386411885499,1105.12255859375,16400,0.0,0.0
2003-06-23 00:00:00+09:00,1105.1224057655634,1109.490478515625,1097.2598748154528,1109.490478515625,19500,0.0,0.0
2003-06-24 00:00:00+09:00,1108.6167733028017,1153.1711117097702,1108.6167733028017,1140.06689453125,51200,0.0,0.0
2003-06-25 00:00:00+09:00,1132.2047492746854,1132.2047492746854,1109.4907651071376,1110.3643798828125,15200,0.0,0.0
2003-06-26 00:00:00+09:00,1113.858508101908,1126.089111328125,1109.490435521116,1126.089111328125,3300,0.0,0.0
2003-06-27 00:00:00+09:00,1126.9628878294966,1153.1713270813455,1126.9628878294966,1144.4351806640625,26200,0.0,0.0
2003-06-30 00:00:00+09:00,1161.9074677144104,1161.9074677144104,1135.6990285930326,1141.8143310546875,16700,0.0,0.0
2003-07-01 00:00:00+09:00,1127.8365644719051,1144.4352435772237,1122.5948763333834,1135.6990966796875,23100,0.0,0.0
2003-07-02 00:00:00+09:00,1136.572774819071,1136.572774819071,1126.9630126953125,1126.9630126953125,12400,0.0,0.0
2003-07-03 00:00:00+09:00,1126.962769515871,1126.962769515871,1101.6279475655142,1109.490478515625,15700,0.0,0.0
2003-07-04 00:00:00+09:00,1109.490478515625,1126.962769515871,1109.490478515625,1109.490478515625,9800,0.0,0.0
2003-07-07 00:00:00+09:00,1109.490583451564,1109.490583451564,1100.7544371251736,1101.6280517578125,11100,0.0,0.0
2003-07-08 00:00:00+09:00,1100.754334984756,1100.754334984756,1061.441680163872,1074.5458984375,19100,0.0,0.0
2003-07-09 00:00:00+09:00,1083.2821885639592,1122.5948486328125,1083.2821885639592,1122.5948486328125,18700,0.0,0.0
2003-07-10 00:00:00+09:00,1117.3531827316342,1133.0782470703125,1117.3531827316342,1133.0782470703125,20700,0.0,0.0
2003-07-11 00:00:00+09:00,1133.0780456260834,1135.6988892165832,1114.732140492585,1133.95166015625,9800,0.0,0.0
2003-07-14 00:00:00+09:00,1122.5948444672083,1179.379797689285,1118.226771142433,1177.632568359375,114800,0.0,0.0
2003-07-15 00:00:00+09:00,1169.7699883778891,1188.1158955891929,1161.033842086792,1174.1380615234375,107100,0.0,0.0
2003-07-16 00:00:00+09:00,1165.4017170367324,1258.8784664542216,1153.1711143092107,1244.900634765625,220000,0.0,0.0
2003-07-17 00:00:00+09:00,1227.4286351059422,1244.900928844105,1153.17138671875,1153.17138671875,156700,0.0,0.0
2003-07-18 00:00:00+09:00,1151.4242368152957,1185.4952119562643,1111.2379584438968,1152.2978515625,100300,0.0,0.0
2003-07-21 00:00:00+09:00,1152.2978515625,1152.2978515625,1152.2978515625,1152.2978515625,0,0.0,0.0
2003-07-22 00:00:00+09:00,1134.825536099771,1161.9075927734375,1075.419734363986,1161.9075927734375,168700,0.0,0.0
2003-07-23 00:00:00+09:00,1165.4016852936923,1184.621203342014,1144.4349383318865,1179.3795166015625,69100,0.0,0.0
2003-07-24 00:00:00+09:00,1174.138052446889,1174.138052446889,1133.9517798184986,1151.424072265625,23100,0.0,0.0
2003-07-25 00:00:00+09:00,1125.2157832182654,1141.814463250212,1121.7213242641715,1126.9630126953125,27400,0.0,0.0
2003-07-28 00:00:00+09:00,1137.446147120276,1164.5281982421875,1126.9627724924394,1164.5281982421875,23500,0.0,0.0
2003-07-29 00:00:00+09:00,1177.6324403897538,1183.7477423799082,1149.6767741490476,1175.0115966796875,44200,0.0,0.0
2003-07-30 00:00:00+09:00,1175.0117501785505,1179.3798235992886,1156.6658418114505,1170.6436767578125,75900,0.0,0.0
2003-07-31 00:00:00+09:00,1163.654668846559,1178.506117322829,1092.018270313963,1166.2755126953125,371900,0.0,0.0
2003-08-01 00:00:00+09:00,1161.9075373722958,1166.2756108210638,1127.8365644719051,1135.6990966796875,140700,0.0,0.0
2003-08-04 00:00:00+09:00,1115.6059346436512,1135.6990720726285,1096.386411885499,1105.12255859375,34400,0.0,0.0
2003-08-05 00:00:00+09:00,1112.111419056876,1118.2267214397496,1094.6391265343798,1116.4794921875,26900,0.0,0.0
2003-08-06 00:00:00+09:00,1116.4794690462086,1116.4794690462086,1100.7544061018957,1105.99609375,11900,0.0,0.0
2003-08-07 00:00:00+09:00,1092.0182252541565,1096.386298155173,1084.1556940323267,1090.27099609375,11400,0.0,0.0
2003-08-08 00:00:00+09:00,1090.2708920739349,1090.2708920739349,1041.3484802501043,1045.716552734375,35200,0.0,0.0
2003-08-11 00:00:00+09:00,1045.7168604297206,1045.7168604297206,1014.266729288977,1036.980712890625,21500,0.0,0.0
2003-08-12 00:00:00+09:00,1007.2776512930807,1036.10693359375,1007.2776512930807,1036.10693359375,13100,0.0,0.0
2003-08-13 00:00:00+09:00,1035.2333671505712,1067.557109416032,1023.0027619690454,1039.6014404296875,9400,0.0,0.0
2003-08-14 00:00:00+09:00,1030.86517085874,1116.47939691311,1030.86517085874,1074.5458984375,16700,0.0,0.0
2003-08-15 00:00:00+09:00,1081.534912109375,1081.534912109375,1081.534912109375,1081.534912109375,8400,0.0,0.0
2003-08-18 00:00:00+09:00,1100.7544852396245,1118.2267786561265,1085.0294211647727,1105.12255859375,9100,0.0,0.0
2003-08-19 00:00:00+09:00,1121.7211545763266,1135.6989882782125,1105.1224770553374,1123.4683837890625,28200,0.0,0.0
2003-08-20 00:00:00+09:00,1117.353186407963,1121.7212598497454,1100.7545073291894,1115.60595703125,3600,0.0,0.0
2003-08-21 00:00:00+09:00,1098.1335273155798,1098.1335273155798,1085.9029231927334,1090.27099609375,12200,0.0,0.0
2003-08-22 00:00:00+09:00,1076.2934316766123,1080.6615056688063,1039.6016101421822,1043.0960693359375,14800,0.0,0.0
2003-08-25 00:00:00+09:00,1078.040345454929,1078.040345454929,1039.601305584575,1051.8319091796875,5000,0.0,0.0
2003-08-26 00:00:00+09:00,1058.8852980831102,1059.7669677734375,1049.1869314895096,1059.7669677734375,8500,11.0,0.0
2003-08-27 00:00:00+09:00,1062.4119768444193,1067.7019949863834,1059.7669677734375,1059.7669677734375,7400,0.0,0.0
2003-08-28 00:00:00+09:00,1080.9272487608325,1080.9272487608325,1040.370435185793,1049.1871337890625,21700,0.0,0.0
2003-08-29 00:00:00+09:00,1049.18720703125,1058.885576171875,1049.18720703125,1058.00390625,1800,0.0,0.0
2003-09-01 00:00:00+09:00,1084.4537927435738,1119.7205827514947,1078.2821044921875,1078.2821044921875,11200,0.0,0.0
2003-09-02 00:00:00+09:00,1075.6373046875,1078.282314453125,1058.00390625,1058.00390625,12400,0.0,0.0
2003-09-03 00:00:00+09:00,1061.5302077622441,1061.5302077622441,1045.660154822277,1055.3585205078125,9600,0.0,0.0
2003-09-04 00:00:00+09:00,1045.6601808727296,1046.5418505024707,1008.6300564236111,1031.553466796875,16200,0.0,0.0
2003-09-05 00:00:00+09:00,1053.5952952264831,1058.0036437420752,1043.0152587890625,1043.0152587890625,5700,0.0,0.0
2003-09-08 00:00:00+09:00,1057.122162532005,1064.1755214146206,1049.1871337890625,1049.1871337890625,6400,0.0,0.0
2003-09-09 00:00:00+09:00,1050.0686320423783,1075.6370538133515,1030.6718982850884,1067.7020263671875,6900,0.0,0.0
2003-09-10 00:00:00+09:00,1067.7020263671875,1067.7020263671875,1058.0036594885426,1067.7020263671875,12400,0.0,0.0
2003-09-11 00:00:00+09:00,1066.820560175881,1066.820560175881,1031.553764798166,1035.0804443359375,4600,0.0,0.0
2003-09-12 00:00:00+09:00,1082.6906640625,1082.6906640625,1035.962158203125,1058.00390625,27500,0.0,0.0
2003-09-15 00:00:00+09:00,1058.00390625,1058.00390625,1058.00390625,1058.00390625,0,0.0,0.0
2003-09-16 00:00:00+09:00,1058.003706221378,1065.9387340180383,1058.003706221378,1058.8853759765625,2100,0.0,0.0
2003-09-17 00:00:00+09:00,1075.636943205138,1075.636943205138,1058.8852203191566,1060.6485595703125,8600,0.0,0.0
2003-09-18 00:00:00+09:00,1064.1754423024572,1064.1754423024572,1050.0687255859375,1050.0687255859375,6600,0.0,0.0
2003-09-19 00:00:00+09:00,1050.0688288917227,1066.820556640625,1049.1871590102014,1066.820556640625,4800,0.0,0.0
2003-09-22 00:00:00+09:00,1068.5835912459936,1080.0452964326255,1031.553466796875,1031.553466796875,8800,0.0,0.0
2003-09-23 00:00:00+09:00,1031.553466796875,1031.553466796875,1031.553466796875,1031.553466796875,0,0.0,0.0
2003-09-24 00:00:00+09:00,1073.8738100450646,1077.4004892241944,1049.187055791155,1050.0687255859375,3900,0.0,0.0
2003-09-25 00:00:00+09:00,1050.068639588648,1080.04541015625,1040.3702726403062,1080.04541015625,8200,0.0,0.0
2003-09-26 00:00:00+09:00,1074.7555855743155,1074.7555855743155,1065.0572168775825,1066.820556640625,2700,0.0,0.0
2003-09-29 00:00:00+09:00,1071.228955078125,1071.228955078125,1058.00390625,1058.00390625,16000,0.0,0.0
2003-09-30 00:00:00+09:00,1040.370435185793,1057.122162532005,1040.370435185793,1049.1871337890625,5000,0.0,0.0
2003-10-01 00:00:00+09:00,1050.0686504418925,1057.1220082954064,1034.198595271486,1041.251953125,8100,0.0,0.0
2003-10-02 00:00:00+09:00,1050.0687187427543,1072.9921332577094,1035.0803323291298,1069.4654541015625,10300,0.0,0.0
2003-10-03 00:00:00+09:00,1042.1335428754323,1058.00359682785,1042.1335428754323,1051.8319091796875,3800,0.0,0.0
2003-10-06 00:00:00+09:00,1048.305419921875,1057.122118155028,1047.4237500985598,1048.305419921875,2500,0.0,0.0
2003-10-07 00:00:00+09:00,1050.068582500989,1056.240270223497,1040.370216079905,1044.778564453125,2900,0.0,0.0
2003-10-08 00:00:00+09:00,1044.7787406286138,1049.1870897451904,1041.2520613353527,1048.305419921875,10400,0.0,0.0
2003-10-09 00:00:00+09:00,1040.370344427648,1057.1220703125,1037.7253350774083,1057.1220703125,2000,0.0,0.0
2003-10-10 00:00:00+09:00,1057.122162532005,1057.122162532005,1040.370435185793,1049.1871337890625,7200,0.0,0.0
2003-10-13 00:00:00+09:00,1049.1871337890625,1049.1871337890625,1049.1871337890625,1049.1871337890625,0,0.0,0.0
2003-10-14 00:00:00+09:00,1049.1868593916934,1049.1868593916934,1031.553466796875,1031.553466796875,5000,0.0,0.0
2003-10-15 00:00:00+09:00,1052.7135379106571,1052.7135379106571,1031.553466796875,1031.553466796875,11300,0.0,0.0
2003-10-16 00:00:00+09:00,1049.1870283978703,1049.1870283978703,1031.553632962612,1032.435302734375,3900,0.0,0.0
2003-10-17 00:00:00+09:00,1032.4353366718015,1032.4353366718015,977.7718090256429,1030.6719970703125,10300,0.0,0.0
2003-10-20 00:00:00+09:00,1030.6717943085564,1030.6717943085564,1005.103375116984,1015.6834106445312,4800,0.0,0.0
2003-10-21 00:00:00+09:00,1015.6835054347825,1019.2101842730978,1013.920166015625,1013.920166015625,4500,0.0,0.0
2003-10-22 00:00:00+09:00,1016.5651751443613,1019.2101842730978,1013.920166015625,1013.920166015625,1800,0.0,0.0
2003-10-23 00:00:00+09:00,1014.8017915453229,1015.6834612165178,987.4700317382812,987.4700317382812,7300,0.0,0.0
2003-10-24 00:00:00+09:00,980.4167142967348,983.0617234180389,969.8366778115181,982.1800537109375,5900,0.0,0.0
2003-10-27 00:00:00+09:00,983.9432576676965,1000.6949797964476,983.9432576676965,998.931640625,5300,0.0,0.0
2003-10-28 00:00:00+09:00,1018.3284133858335,1027.1451096056242,1018.3284133858335,1019.2100830078125,10100,0.0,0.0
2003-10-29 00:00:00+09:00,1039.4884270416287,1039.4884270416287,1022.7367051469798,1025.3817138671875,9200,0.0,0.0
2003-10-30 00:00:00+09:00,1032.4350367992222,1032.4350367992222,1025.381680441926,1027.14501953125,2600,0.0,0.0
2003-10-31 00:00:00+09:00,1009.511935817288,1014.8019546949332,999.8135678749385,1007.7485961914062,2300,0.0,0.0
2003-11-03 00:00:00+09:00,1007.7485961914062,1007.7485961914062,1007.7485961914062,1007.7485961914062,0,0.0,0.0
2003-11-04 00:00:00+09:00,1000.6951203719428,1040.370257302989,1000.6951203719428,1013.920166015625,2700,0.0,0.0
2003-11-05 00:00:00+09:00,1007.7486390525831,1024.5003662109375,1007.7486390525831,1024.5003662109375,2500,0.0,0.0
2003-11-06 00:00:00+09:00,1024.5000586109886,1024.5000586109886,998.931640625,998.931640625,2800,0.0,0.0
2003-11-07 00:00:00+09:00,1024.5000683253188,1024.5000683253188,997.1683109087226,1011.2750244140625,2700,0.0,0.0
2003-11-10 00:00:00+09:00,1011.2752517025027,1024.500298586145,996.286865234375,996.286865234375,4800,0.0,0.0
2003-11-11 00:00:00+09:00,997.1684933749112,1031.5536138361151,969.8367309570312,969.8367309570312,9000,0.0,0.0
2003-11-12 00:00:00+09:00,1005.103580670567,1005.103580670567,978.6534864423942,979.53515625,4300,0.0,0.0
2003-11-13 00:00:00+09:00,980.4167142967348,982.1800537109375,969.8366778115181,982.1800537109375,7400,0.0,0.0
2003-11-14 00:00:00+09:00,983.0617338093457,985.7067429586085,962.7833303316642,984.8250732421875,6200,0.0,0.0
2003-11-17 00:00:00+09:00,984.8251167990945,986.5884563099255,969.8367309570312,969.8367309570312,14400,0.0,0.0
2003-11-18 00:00:00+09:00,969.8366081458626,982.179983158628,944.2681884765625,944.2681884765625,10700,0.0,0.0
2003-11-19 00:00:00+09:00,944.2682805379231,969.8367027000145,944.2682805379231,952.2033081054688,6300,0.0,0.0
2003-11-20 00:00:00+09:00,953.0849761274939,977.771728515625,952.2033063993463,977.771728515625,2900,0.0,0.0
2003-11-21 00:00:00+09:00,943.3866289763173,994.5234742853139,943.3866289763173,983.061767578125,2800,0.0,0.0
2003-11-24 00:00:00+09:00,983.0617675781251,983.0617675781251,983.0617675781251,983.061767578125,0,0.0,0.0
2003-11-25 00:00:00+09:00,965.4283661625021,987.4701096821939,965.4283661625021,986.5884399414062,1100,0.0,0.0
2003-11-26 00:00:00+09:00,1013.038740234375,1013.038740234375,989.23365234375,991.878662109375,1400,0.0,0.0
2003-11-27 00:00:00+09:00,1003.3401687649173,1005.1035082530806,991.8784620918559,992.7601318359375,1800,0.0,0.0
2003-11-28 00:00:00+09:00,1012.1567563657408,1013.9200956625451,974.2449614844455,976.00830078125,20800,0.0,0.0
2003-12-01 00:00:00+09:00,976.0084829255352,1007.7485961914062,953.0850677890728,1007.7485961914062,2200,0.0,0.0
2003-12-02 00:00:00+09:00,1004.2218762843826,1004.2218762843826,987.4701505166888,997.1685180664062,1500,0.0,0.0
2003-12-03 00:00:00+09:00,996.2867409173697,1009.5117861507861,995.4050712351419,1005.985107421875,5600,0.0,0.0
2003-12-04 00:00:00+09:00,1005.9852193017836,1005.9852193017836,989.2334934764252,1003.3402099609375,1700,0.0,0.0
2003-12-05 00:00:00+09:00,1001.5767380231279,1002.4584076868806,994.5233807131058,1000.695068359375,1100,0.0,0.0
2003-12-08 00:00:00+09:00,1005.1034377396472,1005.985107421875,1002.4584286929639,1005.985107421875,3900,0.0,0.0
2003-12-09 00:00:00+09:00,1005.9851242868524,1005.9851242868524,1000.6951061048005,1005.1034545898438,2400,0.0,0.0
2003-12-10 00:00:00+09:00,1005.1035082530806,1005.1035082530806,985.7067738832843,992.7601318359375,9100,0.0,0.0
2003-12-11 00:00:00+09:00,992.7599822889443,992.7599822889443,974.2449204522944,990.9966430664062,1600,0.0,0.0
2003-12-12 00:00:00+09:00,1000.6951432404694,1000.6951432404694,952.2033081054688,952.2033081054688,15500,0.0,0.0
2003-12-15 00:00:00+09:00,964.5467699056139,969.8367887533594,961.0200906737834,963.6651000976562,3100,0.0,0.0
2003-12-16 00:00:00+09:00,982.1801315237942,982.1801315237942,962.7833964308647,965.4284057617188,3600,0.0,0.0
2003-12-17 00:00:00+09:00,966.310109920058,970.7184589616642,947.7950439453125,947.7950439453125,4100,0.0,0.0
2003-12-18 00:00:00+09:00,958.3750065938258,965.4283645080397,943.386621026121,954.8483276367188,4600,0.0,0.0
2003-12-19 00:00:00+09:00,945.1499502676504,954.8483172946505,943.3866108081959,952.2033081054688,2600,0.0,0.0
2003-12-22 00:00:00+09:00,952.2033081054688,957.4933264838324,952.2033081054688,952.2033081054688,8800,0.0,0.0
2003-12-23 00:00:00+09:00,952.2033081054688,952.2033081054688,952.2033081054688,952.2033081054688,0,0.0,0.0
2003-12-24 00:00:00+09:00,955.7299700797872,967.1916763630319,947.7949426529256,953.0849609375,8300,0.0,0.0
2003-12-25 00:00:00+09:00,961.0200774143559,961.0200774143559,908.1198896667767,938.9783325195312,5800,0.0,0.0
2003-12-26 00:00:00+09:00,956.6116943359375,956.6116943359375,946.0316571635585,956.6116943359375,2800,0.0,0.0
2003-12-29 00:00:00+09:00,958.37502413663,973.3634099786932,958.37502413663,969.8367309570312,8200,0.0,0.0
2003-12-30 00:00:00+09:00,989.2333772217862,1013.0384584918293,989.2333772217862,1009.5117797851562,7200,0.0,0.0
2003-12-31 00:00:00+09:00,1009.5117797851561,1009.5117797851561,1009.5117797851561,1009.5117797851562,0,0.0,0.0
2004-01-01 00:00:00+09:00,1009.5117797851561,1009.5117797851561,1009.5117797851561,1009.5117797851562,0,0.0,0.0
2004-01-02 00:00:00+09:00,1009.5117797851561,1009.5117797851561,1009.5117797851561,1009.5117797851562,0,0.0,0.0
2004-01-05 00:00:00+09:00,1028.908746419543,1054.4771728515625,1028.908746419543,1054.4771728515625,5400,0.0,0.0
2004-01-06 00:00:00+09:00,1074.7553525090018,1074.7553525090018,1058.0036283927827,1059.7669677734375,21800,0.0,0.0
2004-01-07 00:00:00+09:00,1059.7672460937501,1075.6373046875,1058.00390625,1058.00390625,9000,0.0,0.0
2004-01-08 00:00:00+09:00,1062.4121816939667,1062.4121816939667,1049.1871337890625,1049.1871337890625,5400,0.0,0.0
2004-01-09 00:00:00+09:00,1057.1222363281252,1058.00390625,1049.18720703125,1058.00390625,4700,0.0,0.0
2004-01-12 00:00:00+09:00,1058.00390625,1058.00390625,1058.00390625,1058.00390625,0,0.0,0.0
2004-01-13 00:00:00+09:00,1058.00390625,1063.29392578125,1058.00390625,1058.00390625,6900,0.0,0.0
2004-01-14 00:00:00+09:00,1062.4120924207898,1062.4120924207898,1047.4237060546875,1047.4237060546875,3400,0.0,0.0
2004-01-15 00:00:00+09:00,1047.423633565633,1047.423633565633,1022.7368812593724,1028.9085693359375,11800,0.0,0.0
2004-01-16 00:00:00+09:00,1030.672094913723,1045.660482949252,1024.5004057226229,1035.0804443359375,1700,0.0,0.0
2004-01-19 00:00:00+09:00,1032.4351890081093,1049.186912826345,1032.4351890081093,1044.778564453125,4900,0.0,0.0
2004-01-20 00:00:00+09:00,1044.778716887661,1053.595414920468,1040.3703678712573,1052.7137451171875,3900,0.0,0.0
2004-01-21 00:00:00+09:00,1058.0036437420752,1058.8853134451936,1043.0152587890625,1043.0152587890625,5300,0.0,0.0
2004-01-22 00:00:00+09:00,1054.4767739377105,1056.240113024563,1041.251730786318,1046.541748046875,4200,0.0,0.0
2004-01-23 00:00:00+09:00,1047.4236073046545,1049.1869467108913,1040.3702496797073,1043.0152587890625,2900,0.0,0.0
2004-01-26 00:00:00+09:00,1055.3588427285288,1056.2405126054948,1048.305483712799,1054.4771728515625,7100,0.0,0.0
2004-01-27 00:00:00+09:00,1054.4769963002045,1054.4769963002045,1045.6602990067245,1050.9503173828125,20600,0.0,0.0
2004-01-28 00:00:00+09:00,1044.7786453129995,1046.5419847987598,1031.553599169797,1034.1986083984375,5000,0.0,0.0
2004-01-29 00:00:00+09:00,1025.3818722401495,1025.3818722401495,1013.920166015625,1013.920166015625,8000,0.0,0.0
2004-01-30 00:00:00+09:00,1013.9202473243217,1040.3703407327823,1003.3402099609375,1003.3402099609375,9600,0.0,0.0
2004-02-02 00:00:00+09:00,1009.5118174677309,1013.920166015625,997.1684415336276,1013.920166015625,9700,0.0,0.0
2004-02-03 00:00:00+09:00,1020.9735236922554,1020.9735236922554,1005.9851386294157,1013.920166015625,4900,0.0,0.0
2004-02-04 00:00:00+09:00,1013.920166015625,1016.5651751443613,1013.0384963060461,1013.920166015625,4500,0.0,0.0
2004-02-05 00:00:00+09:00,1031.553666871057,1043.8970440814799,1016.5652802584007,1030.6719970703125,2700,0.0,0.0
2004-02-06 00:00:00+09:00,1022.7367170589827,1022.7367170589827,1018.328369140625,1018.328369140625,1500,0.0,0.0
2004-02-09 00:00:00+09:00,1019.2100447216416,1022.7367230770798,1014.8016967773438,1014.8016967773438,6600,0.0,0.0
2004-02-10 00:00:00+09:00,1014.8019105056236,1031.55363622205,1013.9202407310748,1022.7369384765625,14100,0.0,0.0
2004-02-11 00:00:00+09:00,1022.7369384765624,1022.7369384765624,1022.7369384765624,1022.7369384765625,0,0.0,0.0
2004-02-12 00:00:00+09:00,1030.6718327976448,1030.6718327976448,1016.5651182341185,1020.091796875,3700,0.0,0.0
2004-02-13 00:00:00+09:00,1023.6185198373745,1026.2635289325615,1018.3285016470005,1020.9735107421875,4400,0.0,0.0
2004-02-16 00:00:00+09:00,1025.381680441926,1027.14501953125,1021.8550022632779,1027.14501953125,15900,0.0,0.0
2004-02-17 00:00:00+09:00,1028.9083921607978,1029.7900617342004,1023.6183747203823,1025.3817138671875,7800,0.0,0.0
2004-02-18 00:00:00+09:00,1022.736837344554,1029.790194843482,1022.736837344554,1028.02685546875,8500,0.0,0.0
2004-02-19 00:00:00+09:00,1023.618591774511,1044.7786660230797,1023.618591774511,1039.4886474609375,5900,0.0,0.0
2004-02-20 00:00:00+09:00,1040.3702496797073,1055.35863463272,1040.3702496797073,1043.0152587890625,13900,0.0,0.0
2004-02-23 00:00:00+09:00,1044.7784089600227,1053.5951043942844,1044.7784089600227,1046.541748046875,25200,0.0,0.0
2004-02-24 00:00:00+09:00,1032.29123465822,1046.542019606047,1031.4005605989807,1034.9632568359375,12300,12.0,0.0
2004-02-25 00:00:00+09:00,1031.4004894690759,1031.4004894690759,1025.165771484375,1025.165771484375,3000,0.0,0.0
2004-02-26 00:00:00+09:00,1025.1658205247963,1027.83784264606,1020.7124503226903,1024.275146484375,6600,0.0,0.0
2004-02-27 00:00:00+09:00,1025.165576171875,1042.08837890625,1024.27490234375,1042.08837890625,16100,0.0,0.0
2004-03-01 00:00:00+09:00,1062.57429338845,1069.6996868059753,1059.0115966796875,1059.0115966796875,23800,0.0,0.0
2004-03-02 00:00:00+09:00,1058.1206792882972,1058.1206792882972,1050.104613536113,1054.5579833984375,2200,0.0,0.0
2004-03-03 00:00:00+09:00,1050.9953174209925,1050.9953174209925,1025.165771484375,1025.165771484375,5700,0.0,0.0
2004-03-04 00:00:00+09:00,1029.6192572976456,1050.9954356498458,1029.6192572976456,1047.4327392578125,5400,0.0,0.0
2004-03-05 00:00:00+09:00,1049.2140360497183,1057.2301025390625,1046.5420138866036,1057.2301025390625,4200,0.0,0.0
2004-03-08 00:00:00+09:00,1057.2302008133902,1063.4649197735364,1054.5581784018989,1055.4488525390625,6300,0.0,0.0
2004-03-09 00:00:00+09:00,1054.5580574682203,1055.4487315032443,1042.9792950129106,1050.995361328125,8100,0.0,0.0
2004-03-10 00:00:00+09:00,1050.99531151191,1068.8087913680438,1050.99531151191,1056.33935546875,12300,0.0,0.0
2004-03-11 00:00:00+09:00,1063.4650366210938,1088.4039152018229,1063.4650366210938,1068.80908203125,40000,0.0,0.0
2004-03-12 00:00:00+09:00,1068.8089614932007,1071.4809838969338,1051.886152936225,1064.3555908203125,18600,0.0,0.0
2004-03-15 00:00:00+09:00,1068.8090328372189,1087.5131909118702,1067.918358643188,1069.69970703125,16800,0.0,0.0
2004-03-16 00:00:00+09:00,1085.7316384416285,1095.529052734375,1068.8088319359756,1095.529052734375,27100,0.0,0.0
2004-03-17 00:00:00+09:00,1095.5292778015137,1140.06298828125,1073.2624225616455,1140.06298828125,29200,0.0,0.0
2004-03-18 00:00:00+09:00,1156.094921649466,1157.876269756784,1142.7348108445801,1156.985595703125,16700,0.0,0.0
2004-03-19 00:00:00+09:00,1147.1880372231935,1148.9693851070804,1131.1559062682109,1146.29736328125,5000,0.0,0.0
2004-03-22 00:00:00+09:00,1146.2975583283796,1151.6416028893511,1131.1560987389605,1147.188232421875,6700,0.0,0.0
2004-03-23 00:00:00+09:00,1113.3426955983607,1131.1561787279345,1113.3426955983607,1125.8121337890625,2400,0.0,0.0
2004-03-24 00:00:00+09:00,1126.7026586091977,1139.172095147165,1126.7026586091977,1137.3907470703125,6800,0.0,0.0
2004-03-25 00:00:00+09:00,1155.2040764001138,1162.3294677734375,1147.1880111051246,1162.3294677734375,14500,0.0,0.0
2004-03-26 00:00:00+09:00,1144.5162325236788,1173.0178040729065,1144.5162325236788,1153.4229736328125,6500,0.0,0.0
2004-03-29 00:00:00+09:00,1157.8762151961935,1188.1591315936325,1157.8762151961935,1184.596435546875,9100,0.0,0.0
2004-03-30 00:00:00+09:00,1207.7538795970934,1246.9435335073235,1207.7538795970934,1223.7860107421875,24600,0.0,0.0
2004-03-31 00:00:00+09:00,1246.9437282205486,1246.9437282205486,1224.676875930896,1238.0369873046875,24300,0.0,0.0
2004-04-01 00:00:00+09:00,1243.3810399672564,1246.0530622594497,1211.3167724609375,1211.3167724609375,6000,0.0,0.0
2004-04-02 00:00:00+09:00,1203.3005879416394,1217.5513721067514,1184.59643372493,1193.503173828125,8700,0.0,0.0
2004-04-05 00:00:00+09:00,1212.2074213734638,1217.551465846822,1189.049895322244,1213.98876953125,11700,0.0,0.0
2004-04-06 00:00:00+09:00,1196.175193150369,1220.2233913745388,1193.5031711254612,1206.86328125,9800,0.0,0.0
2004-04-07 00:00:00+09:00,1220.2233913745388,1220.2233913745388,1195.2845191420665,1206.86328125,8700,0.0,0.0
2004-04-08 00:00:00+09:00,1219.3324947137942,1246.943383929373,1208.6444085658281,1239.8179931640625,39000,0.0,0.0
2004-04-09 00:00:00+09:00,1242.4902844686487,1246.0529806248312,1231.8021960001013,1237.146240234375,24100,0.0,0.0
2004-04-12 00:00:00+09:00,1237.1463005065918,1291.477419535319,1233.5836041768391,1282.5706787109375,33400,0.0,0.0
2004-04-13 00:00:00+09:00,1283.461350266029,1309.2908986058728,1282.5706761853448,1291.4774169921875,34200,0.0,0.0
2004-04-14 00:00:00+09:00,1309.2908985258766,1407.26504739516,1300.3841577195783,1377.872802734375,40400,0.0,0.0
2004-04-15 00:00:00+09:00,1407.2651079583059,1416.1718491479153,1309.2909548726009,1345.80859375,42000,0.0,0.0
2004-04-16 00:00:00+09:00,1351.152522363347,1351.152522363347,1303.0561240722327,1319.0882568359375,14700,0.0,0.0
2004-04-19 00:00:00+09:00,1497.22314453125,1497.22314453125,1497.22314453125,1497.22314453125,51100,0.0,0.0
2004-04-20 00:00:00+09:00,1458.9241772870112,1458.9241772870112,1389.4515974162011,1434.8759765625,79500,0.0,0.0
2004-04-21 00:00:00+09:00,1441.1103754507212,1467.830592548077,1441.1103754507212,1447.3450927734375,29500,0.0,0.0
2004-04-22 00:00:00+09:00,1469.612262345768,1469.612262345768,1447.3454098859836,1448.236083984375,39700,0.0,0.0
2004-04-23 00:00:00+09:00,1448.2357678146836,1460.7052024699146,1433.9849853515625,1433.9849853515625,17200,0.0,0.0
2004-04-26 00:00:00+09:00,1442.8920041149809,1442.8920041149809,1389.4515595181297,1400.1396484375,29500,0.0,0.0
2004-04-27 00:00:00+09:00,1400.1396817510356,1401.0303558488415,1362.7313696431834,1370.7474365234375,29500,0.0,0.0
2004-04-28 00:00:00+09:00,1368.0752728174602,1370.747294834682,1340.4643786395036,1346.6990966796875,38700,0.0,0.0
2004-04-29 00:00:00+09:00,1346.6990966796875,1346.6990966796875,1346.6990966796875,1346.6990966796875,0,0.0,0.0
2004-04-30 00:00:00+09:00,1338.6831234202666,1380.5448045917585,1323.5416642731311,1362.7313232421875,21300,0.0,0.0
2004-05-03 00:00:00+09:00,1362.7313232421875,1362.7313232421875,1362.7313232421875,1362.7313232421875,0,0.0,0.0
2004-05-04 00:00:00+09:00,1362.7313232421875,1362.7313232421875,1362.7313232421875,1362.7313232421875,0,0.0,0.0
2004-05-05 00:00:00+09:00,1362.7313232421875,1362.7313232421875,1362.7313232421875,1362.7313232421875,0,0.0,0.0
2004-05-06 00:00:00+09:00,1442.8922520687704,1442.8922520687704,1353.8248291015625,1353.8248291015625,11200,0.0,0.0
2004-05-07 00:00:00+09:00,1358.2779529047948,1380.5448045917585,1335.1204271503523,1362.7313232421875,18200,0.0,0.0
2004-05-10 00:00:00+09:00,1362.7312357888293,1362.7312357888293,1190.8311517971665,1193.503173828125,19800,0.0,0.0
2004-05-11 00:00:00+09:00,1193.5033317132297,1193.5033317132297,1140.0628840245777,1159.65771484375,27300,0.0,0.0
2004-05-12 00:00:00+09:00,1220.223444282697,1260.3037763941725,1189.94052668736,1192.612548828125,18600,0.0,0.0
2004-05-13 00:00:00+09:00,1245.1623909505208,1245.1623909505208,1197.9566636827255,1202.4100341796875,13900,0.0,0.0
2004-05-14 00:00:00+09:00,1202.4099139313198,1211.3166540345148,1193.503173828125,1193.503173828125,16700,0.0,0.0
2004-05-17 00:00:00+09:00,1211.3167612176194,1211.3167612176194,1079.4969960262902,1083.0596923828125,27900,0.0,0.0
2004-05-18 00:00:00+09:00,1083.0596163617886,1136.5000579585874,1079.4969202553352,1095.529052734375,18000,0.0,0.0
2004-05-19 00:00:00+09:00,1105.3265117953738,1121.3586449237516,1080.3876380401196,1112.451904296875,29500,0.0,0.0
2004-05-20 00:00:00+09:00,1153.422896154395,1173.9083993293377,1139.1721113370434,1170.345703125,9200,0.0,0.0
2004-05-21 00:00:00+09:00,1165.8922795082206,1197.0658698694028,1154.313517374067,1193.503173828125,15500,0.0,0.0
2004-05-24 00:00:00+09:00,1210.4259467854058,1245.1622322339938,1210.4259467854058,1240.7088623046875,13100,0.0,0.0
2004-05-25 00:00:00+09:00,1311.9626759020264,1311.9626759020264,1260.3035888671875,1260.3035888671875,12900,0.0,0.0
2004-05-26 00:00:00+09:00,1224.6767761187089,1262.9757589355122,1220.2234060237317,1253.1783447265625,8400,0.0,0.0
2004-05-27 00:00:00+09:00,1254.959592334702,1280.7891368185246,1254.959592334702,1272.7730712890625,8200,0.0,0.0
2004-05-28 00:00:00+09:00,1297.7121305504625,1318.1976343271685,1297.7121305504625,1309.2908935546875,20700,0.0,0.0
2004-05-31 00:00:00+09:00,1309.2908731396249,1309.2908731396249,1290.5867178090589,1294.1494140625,4500,0.0,0.0
2004-06-01 00:00:00+09:00,1311.9629208479257,1335.1204469457166,1291.4774169921875,1291.4774169921875,6800,0.0,0.0
2004-06-02 00:00:00+09:00,1255.8504363305956,1291.4773990633785,1249.6157178523586,1267.42919921875,14800,0.0,0.0
2004-06-03 00:00:00+09:00,1318.1976736172371,1318.1976736172371,1260.303856870534,1262.085205078125,13300,0.0,0.0
2004-06-04 00:00:00+09:00,1244.271809952152,1290.5868665860187,1244.271809952152,1287.024169921875,11700,0.0,0.0
2004-06-07 00:00:00+09:00,1309.2908696062882,1318.1976102158549,1303.0561511795916,1307.509521484375,8800,0.0,0.0
2004-06-08 00:00:00+09:00,1308.4004279431526,1308.4004279431526,1274.5548076151474,1279.0081787109375,6500,0.0,0.0
2004-06-09 00:00:00+09:00,1307.5095238286608,1307.5095238286608,1277.2266057018392,1298.602783203125,6900,0.0,0.0
2004-06-10 00:00:00+09:00,1298.6027302152004,1318.1975587918357,1298.6027302152004,1317.306884765625,13500,0.0,0.0
2004-06-11 00:00:00+09:00,1313.7444067580495,1327.1045193691484,1313.7444067580495,1319.9791259765625,17000,0.0,0.0
2004-06-14 00:00:00+09:00,1318.1976055842574,1328.8856942781838,1318.1976055842574,1325.322998046875,4400,0.0,0.0
2004-06-15 00:00:00+09:00,1325.3229751329338,1325.3229751329338,1317.3069087510814,1319.0882568359375,8500,0.0,0.0
2004-06-16 00:00:00+09:00,1330.6670458884928,1331.5577199486593,1287.0240169403428,1311.962890625,5800,0.0,0.0
2004-06-17 00:00:00+09:00,1328.8859134625461,1329.7765876672797,1282.5708548163984,1327.9952392578125,4800,0.0,0.0
2004-06-18 00:00:00+09:00,1275.4454818343054,1309.2911021623106,1275.4454818343054,1279.0081787109375,14400,0.0,0.0
2004-06-21 00:00:00+09:00,1281.6801702402317,1318.1978123388067,1281.6801702402317,1295.040283203125,9200,0.0,0.0
2004-06-22 00:00:00+09:00,1296.821361202548,1302.1654052734375,1295.930687190733,1302.1654052734375,5200,0.0,0.0
2004-06-23 00:00:00+09:00,1302.1655021797676,1311.0722429607508,1302.1655021797676,1304.8375244140625,7700,0.0,0.0
2004-06-24 00:00:00+09:00,1304.8373533823967,1318.1974628026944,1304.8373533823967,1305.72802734375,5600,0.0,0.0
2004-06-25 00:00:00+09:00,1306.6188223791478,1313.744214730227,1305.7281483352629,1310.1815185546875,4300,0.0,0.0
2004-06-28 00:00:00+09:00,1311.9628367153623,1335.120361328125,1311.9628367153623,1335.120361328125,13200,0.0,0.0
2004-06-29 00:00:00+09:00,1360.9500437115944,1376.982177734375,1360.9500437115944,1376.982177734375,21600,0.0,0.0
2004-06-30 00:00:00+09:00,1380.544775832223,1380.544775832223,1360.9499467558946,1378.763427734375,13500,0.0,0.0
2004-07-01 00:00:00+09:00,1352.043041319359,1378.7632595272514,1352.043041319359,1357.3870849609375,3600,0.0,0.0
2004-07-02 00:00:00+09:00,1344.9176990373333,1355.6057867118022,1340.4643291729712,1352.0430908203125,6000,0.0,0.0
2004-07-05 00:00:00+09:00,1352.9338239468889,1352.9338239468889,1295.930687190733,1302.1654052734375,12700,0.0,0.0
2004-07-06 00:00:00+09:00,1303.9468264055024,1329.7763741963217,1303.05615234375,1303.05615234375,3700,0.0,0.0
2004-07-07 00:00:00+09:00,1303.0561839033917,1303.946857986716,1269.21056873707,1278.1173095703125,6600,0.0,0.0
2004-07-08 00:00:00+09:00,1283.4614242617026,1357.3873772205654,1266.5386157530472,1287.914794921875,9100,0.0,0.0
2004-07-09 00:00:00+09:00,1287.9148841686522,1327.1045486938394,1287.9148841686522,1308.400390625,4400,0.0,0.0
2004-07-12 00:00:00+09:00,1308.4001161699764,1349.3711204884373,1308.4001161699764,1337.7923583984375,3500,0.0,0.0
2004-07-13 00:00:00+09:00,1338.6831306152344,1339.5738046875001,1327.1043676757813,1336.0111083984375,3500,0.0,0.0
2004-07-14 00:00:00+09:00,1336.90185546875,1352.9339896449242,1336.0111813478513,1336.90185546875,8300,0.0,0.0
2004-07-15 00:00:00+09:00,1336.011070288271,1336.011070288271,1292.3680419921875,1292.3680419921875,10000,0.0,0.0
2004-07-16 00:00:00+09:00,1279.0079749282527,1309.2908935546875,1279.0079749282527,1309.2908935546875,6100,0.0,0.0
2004-07-19 00:00:00+09:00,1309.2908935546875,1309.2908935546875,1309.2908935546875,1309.2908935546875,0,0.0,0.0
2004-07-20 00:00:00+09:00,1327.104376366521,1327.104376366521,1300.3841540235708,1304.8375244140625,4100,0.0,0.0
2004-07-21 00:00:00+09:00,1296.8215491718645,1320.8697509765625,1291.477504326376,1320.8697509765625,4700,0.0,0.0
2004-07-22 00:00:00+09:00,1291.4774132425875,1319.9789837417343,1291.4774132425875,1304.8375244140625,5700,0.0,0.0
2004-07-23 00:00:00+09:00,1304.8375282024515,1304.8375282024515,1291.4774169921875,1291.4774169921875,3800,0.0,0.0
2004-07-26 00:00:00+09:00,1292.3682606105463,1308.4003961660183,1292.3682606105463,1295.040283203125,1200,0.0,0.0
2004-07-27 00:00:00+09:00,1297.7120446915667,1297.7120446915667,1257.6317138671875,1257.6317138671875,20200,0.0,0.0
2004-07-28 00:00:00+09:00,1240.7089363905575,1299.493422967569,1234.4742181172383,1237.146240234375,15400,0.0,0.0
2004-07-29 00:00:00+09:00,1232.6928302821827,1232.6928302821827,1189.0498037765274,1193.503173828125,13900,0.0,0.0
2004-07-30 00:00:00+09:00,1229.1301738829643,1242.4902844686487,1220.223433492508,1237.146240234375,3800,0.0,0.0
2004-08-02 00:00:00+09:00,1254.9595212079244,1263.8662601803012,1246.0527822355473,1258.522216796875,3000,0.0,0.0
2004-08-03 00:00:00+09:00,1259.413162841797,1259.413162841797,1231.8022660609654,1246.9437255859375,5700,0.0,0.0
2004-08-04 00:00:00+09:00,1229.1300018634054,1260.3035888671875,1221.1139366338616,1260.3035888671875,6500,0.0,0.0
2004-08-05 00:00:00+09:00,1254.069018745558,1254.069018745558,1246.052952574599,1253.1783447265625,4100,0.0,0.0
2004-08-06 00:00:00+09:00,1252.287623327689,1252.287623327689,1238.036839562936,1245.1622314453125,4600,0.0,0.0
2004-08-09 00:00:00+09:00,1243.3807840696522,1264.7569580078125,1230.9113492723923,1264.7569580078125,2900,0.0,0.0
2004-08-10 00:00:00+09:00,1264.7569588735594,1264.7569588735594,1233.5833718590702,1255.8502197265625,5500,0.0,0.0
2004-08-11 00:00:00+09:00,1255.8502197265625,1255.8502197265625,1247.8341544942652,1255.8502197265625,4500,0.0,0.0
2004-08-12 00:00:00+09:00,1255.8503677433466,1255.8503677433466,1248.7249755859375,1248.7249755859375,2600,0.0,0.0
2004-08-13 00:00:00+09:00,1247.834057775037,1247.834057775037,1239.8179931640625,1239.8179931640625,2700,0.0,0.0
2004-08-16 00:00:00+09:00,1239.8182177197803,1239.8182177197803,1214.8793455242674,1215.77001953125,5300,0.0,0.0
2004-08-17 00:00:00+09:00,1215.7700675033668,1220.2234377140019,1215.7700675033668,1219.332763671875,3400,0.0,0.0
2004-08-18 00:00:00+09:00,1213.0982260939252,1219.332945317609,1186.3780008495655,1191.7220458984375,3400,0.0,0.0
2004-08-19 00:00:00+09:00,1202.4100275213068,1224.6768798828125,1201.5193534268467,1224.6768798828125,2000,0.0,0.0
2004-08-20 00:00:00+09:00,1225.567509563975,1225.567509563975,1206.8633542581294,1207.7540283203125,1400,0.0,0.0
2004-08-23 00:00:00+09:00,1208.6447501687442,1213.9887947531308,1197.9566609999713,1211.3167724609375,1800,0.0,0.0
2004-08-24 00:00:00+09:00,1228.2394529480864,1229.130126953125,1206.8632768271625,1229.130126953125,5700,0.0,0.0
2004-08-25 00:00:00+09:00,1230.0209484003383,1230.9116225121415,1203.3007250462397,1226.458251953125,4200,0.0,0.0
2004-08-26 00:00:00+09:00,1208.4881441420403,1239.935791015625,1208.4881441420403,1239.935791015625,3700,12.0,0.0
2004-08-27 00:00:00+09:00,1239.9356686820408,1256.108742621372,1239.9356686820408,1249.8192138671875,4700,0.0,0.0
2004-08-30 00:00:00+09:00,1274.0788127392136,1299.236927518267,1274.0788127392136,1291.150390625,8200,0.0,0.0
2004-08-31 00:00:00+09:00,1316.3085945895482,1316.3085945895482,1306.425048828125,1306.425048828125,18800,0.0,0.0
2004-09-01 00:00:00+09:00,1306.4250479948805,1317.2070979095563,1301.932527197099,1316.30859375,3800,0.0,0.0
2004-09-02 00:00:00+09:00,1320.8011017972947,1343.2637055693576,1320.8011017972947,1337.8726806640625,8600,0.0,0.0
2004-09-03 00:00:00+09:00,1337.8727498594442,1337.8727498594442,1302.8310861626555,1317.2071533203125,10400,0.0,0.0
2004-09-06 00:00:00+09:00,1301.9325465926206,1344.1622427208836,1301.9325465926206,1342.365234375,7400,0.0,0.0
2004-09-07 00:00:00+09:00,1329.7860885134564,1342.3651461075026,1320.801047374852,1327.090576171875,3100,0.0,0.0
2004-09-08 00:00:00+09:00,1309.1205288140268,1327.090611570568,1288.4549336440043,1292.0489501953125,4500,0.0,0.0
2004-09-09 00:00:00+09:00,1289.353459447313,1302.8310217411874,1285.759442835613,1298.3385009765625,4500,0.0,0.0
2004-09-10 00:00:00+09:00,1315.41011417434,1319.9026350560828,1284.8609721784878,1292.947509765625,16000,0.0,0.0
2004-09-13 00:00:00+09:00,1292.947509765625,1292.947509765625,1289.3534930602307,1292.947509765625,1000,0.0,0.0
2004-09-14 00:00:00+09:00,1291.1504579564144,1291.1504579564144,1275.8758874725877,1280.368408203125,2800,0.0,0.0
2004-09-15 00:00:00+09:00,1285.75927734375,1298.3383338656315,1284.8607733064728,1285.75927734375,5000,0.0,0.0
2004-09-16 00:00:00+09:00,1301.9323944810626,1301.9323944810626,1258.80419921875,1258.80419921875,6200,0.0,0.0
2004-09-17 00:00:00+09:00,1229.1538276176948,1257.007459676283,1229.1538276176948,1245.326904296875,1900,0.0,0.0
2004-09-20 00:00:00+09:00,1245.326904296875,1245.326904296875,1245.326904296875,1245.326904296875,0,0.0,0.0
2004-09-21 00:00:00+09:00,1246.2252314538414,1246.2252314538414,1233.6461736021083,1234.544677734375,1800,0.0,0.0
2004-09-22 00:00:00+09:00,1235.443058803942,1235.443058803942,1212.9804577347795,1214.7774658203125,8900,0.0,0.0
2004-09-23 00:00:00+09:00,1214.7774658203125,1214.7774658203125,1214.7774658203125,1214.7774658203125,0,0.0,0.0
2004-09-24 00:00:00+09:00,1189.6195171839836,1201.3000713557296,1188.721013016926,1197.7060546875,6600,0.0,0.0
2004-09-27 00:00:00+09:00,1198.6044258015647,1209.386474609375,1198.6044258015647,1209.386474609375,6400,0.0,0.0
2004-09-28 00:00:00+09:00,1233.646161561019,1257.0072687719342,1232.7476574375223,1256.1087646484375,13100,0.0,0.0
2004-09-29 00:00:00+09:00,1280.3681848404256,1280.3681848404256,1257.9055851063831,1266.890625,21600,0.0,0.0
2004-09-30 00:00:00+09:00,1266.8909472239804,1266.8909472239804,1257.905905045087,1264.1954345703125,2700,0.0,0.0
2004-10-01 00:00:00+09:00,1263.2969663331835,1264.1954705766636,1248.9208984375,1248.9208984375,1900,0.0,0.0
2004-10-04 00:00:00+09:00,1276.7743792695123,1302.8309992546044,1276.7743792695123,1301.9324951171875,10700,0.0,0.0
2004-10-05 00:00:00+09:00,1301.9324284422325,1312.7144775390625,1280.3683302485722,1312.7144775390625,10800,0.0,0.0
2004-10-06 00:00:00+09:00,1301.9326819458427,1311.8162288757283,1275.8760582215987,1310.917724609375,11300,0.0,0.0
2004-10-07 00:00:00+09:00,1310.9176138496268,1310.9176138496268,1298.3385551834892,1309.12060546875,8100,0.0,0.0
2004-10-08 00:00:00+09:00,1305.526433771307,1308.2219460227273,1284.86083984375,1284.86083984375,9800,0.0,0.0
2004-10-11 00:00:00+09:00,1284.86083984375,1284.86083984375,1284.86083984375,1284.86083984375,0,0.0,0.0
2004-10-12 00:00:00+09:00,1284.8608844826829,1298.3384462080255,1277.6728515625,1277.6728515625,12300,0.0,0.0
2004-10-13 00:00:00+09:00,1239.9357808653583,1257.0073604569827,1227.356722218898,1231.8492431640625,12400,0.0,0.0
2004-10-14 00:00:00+09:00,1231.8492085129794,1269.5863833908388,1231.8492085129794,1247.123779296875,11400,0.0,0.0
2004-10-15 00:00:00+09:00,1247.12372341347,1256.1087646484375,1221.9656079555614,1256.1087646484375,3700,0.0,0.0
2004-10-18 00:00:00+09:00,1257.0072924555564,1257.0072924555564,1225.559647540657,1232.7476806640625,2200,0.0,0.0
2004-10-19 00:00:00+09:00,1230.9507958876745,1230.9507958876745,1195.0106266646767,1222.8642578125,6400,0.0,0.0
2004-10-20 00:00:00+09:00,1215.6761942210048,1215.6761942210048,1197.7061100492235,1198.6046142578125,3500,0.0,0.0
2004-10-21 00:00:00+09:00,1195.0106502062818,1195.0106502062818,1118.6377891028726,1151.8824462890625,15300,0.0,0.0
2004-10-22 00:00:00+09:00,1156.374755859375,1168.0553089488637,1150.0852272727273,1156.374755859375,5900,0.0,0.0
2004-10-25 00:00:00+09:00,1159.9687608870918,1159.9687608870918,1138.4046630859375,1138.4046630859375,4500,0.0,0.0
2004-10-26 00:00:00+09:00,1156.3747779339137,1164.4613148425424,1143.7957205204912,1162.664306640625,2500,0.0,0.0
2004-10-27 00:00:00+09:00,1198.604470678975,1198.604470678975,1162.664306640625,1162.664306640625,7000,0.0,0.0
2004-10-28 00:00:00+09:00,1185.126708984375,1186.0252129335672,1185.126708984375,1185.126708984375,8600,0.0,0.0
2004-10-29 00:00:00+09:00,1167.156926002823,1185.127009544052,1159.07038840927,1176.1419677734375,1600,0.0,0.0
2004-11-01 00:00:00+09:00,1177.040574999395,1177.040574999395,1141.1004047704057,1159.968994140625,3800,0.0,0.0
2004-11-02 00:00:00+09:00,1159.968847711402,1194.112005118864,1154.5778228575923,1193.2135009765625,4900,0.0,0.0
2004-11-03 00:00:00+09:00,1193.2135009765625,1193.2135009765625,1193.2135009765625,1193.2135009765625,0,0.0,0.0
2004-11-04 00:00:00+09:00,1211.1835391249288,1211.1835391249288,1180.6343994140625,1180.6343994140625,1500,0.0,0.0
2004-11-05 00:00:00+09:00,1194.112180521951,1210.2852574590427,1193.213676247668,1203.9957275390625,3500,0.0,0.0
2004-11-08 00:00:00+09:00,1203.0970018609964,1203.0970018609964,1186.0254237912736,1190.5179443359375,1300,0.0,0.0
2004-11-09 00:00:00+09:00,1202.1986197283168,1203.0971239284127,1190.51806512707,1200.401611328125,1800,0.0,0.0
2004-11-10 00:00:00+09:00,1200.4016226749907,1200.4016226749907,1181.5330342946204,1198.6046142578125,4900,0.0,0.0
2004-11-11 00:00:00+09:00,1197.7061902595287,1198.6046945282906,1186.025634765625,1186.025634765625,3400,0.0,0.0
2004-11-12 00:00:00+09:00,1176.1420345014753,1177.0405387295132,1154.5779330285682,1175.2435302734375,4000,0.0,0.0
2004-11-15 00:00:00+09:00,1175.2435907620104,1203.9957275390625,1173.4465822134446,1203.9957275390625,7900,0.0,0.0
2004-11-16 00:00:00+09:00,1199.5031987970526,1199.5031987970526,1166.2585408528646,1186.025634765625,5000,0.0,0.0
2004-11-17 00:00:00+09:00,1186.0255137211134,1186.924017898175,1172.5479510651917,1176.1419677734375,4100,0.0,0.0
2004-11-18 00:00:00+09:00,1177.0405501501484,1178.83755862366,1173.446533203125,1173.446533203125,2700,0.0,0.0
2004-11-19 00:00:00+09:00,1168.0553421641164,1184.2284161325426,1168.0553421641164,1170.7508544921875,2700,0.0,0.0
2004-11-22 00:00:00+09:00,1168.0553089488637,1168.0553089488637,1132.115145596591,1166.25830078125,4300,0.0,0.0
2004-11-23 00:00:00+09:00,1166.25830078125,1166.25830078125,1166.25830078125,1166.25830078125,0,0.0,0.0
2004-11-24 00:00:00+09:00,1148.288408203125,1149.186912434896,1145.5928955078125,1145.5928955078125,1200,0.0,0.0
2004-11-25 00:00:00+09:00,1141.1003203403357,1164.4614292606889,1133.9122868263808,1134.810791015625,2500,0.0,0.0
2004-11-26 00:00:00+09:00,1123.1302946278054,1139.3033708704459,1105.1602099137606,1115.9422607421875,6800,0.0,0.0
2004-11-29 00:00:00+09:00,1126.7242744986465,1145.5928628275713,1121.333249261811,1141.100341796875,8400,0.0,0.0
2004-11-30 00:00:00+09:00,1163.5628107415837,1168.0553312463774,1143.7957205204912,1162.664306640625,21300,0.0,0.0
2004-12-01 00:00:00+09:00,1159.0705033423196,1170.7510588023586,1148.2884521484375,1148.2884521484375,3000,0.0,0.0
2004-12-02 00:00:00+09:00,1168.0553644780841,1168.0553644780841,1161.765835592433,1167.1568603515625,4400,0.0,0.0
2004-12-03 00:00:00+09:00,1167.1568495639535,1167.1568495639535,1159.0703125,1159.0703125,2400,0.0,0.0
2004-12-06 00:00:00+09:00,1158.1719531212032,1162.6644742737292,1154.5779361991822,1155.4764404296875,2300,0.0,0.0
2004-12-07 00:00:00+09:00,1155.476474761963,1155.476474761963,1150.08544921875,1150.08544921875,1800,0.0,0.0
2004-12-08 00:00:00+09:00,1150.0853838582677,1157.2734175073817,1141.100341796875,1141.100341796875,3200,0.0,0.0
2004-12-09 00:00:00+09:00,1141.100341796875,1141.9988460030143,1132.1152997354823,1141.100341796875,2400,0.0,0.0
2004-12-10 00:00:00+09:00,1141.1004453421401,1141.1004453421401,1124.0288638763916,1124.9273681640625,12600,0.0,0.0
2004-12-13 00:00:00+09:00,1124.927435005121,1124.927435005121,1118.6379046177121,1124.0289306640625,5900,0.0,0.0
2004-12-14 00:00:00+09:00,1123.1302171704062,1124.0287213441425,1106.058637869416,1108.754150390625,5400,0.0,0.0
2004-12-15 00:00:00+09:00,1108.7542220052085,1148.288408203125,1108.7542220052085,1145.5928955078125,4600,0.0,0.0
2004-12-16 00:00:00+09:00,1145.592796688988,1145.592796688988,1127.6227136036707,1132.115234375,4200,0.0,0.0
2004-12-17 00:00:00+09:00,1132.1154024654304,1132.1154024654304,1118.6378381503657,1124.9273681640625,6700,0.0,0.0
2004-12-20 00:00:00+09:00,1128.5213280630944,1133.912353515625,1124.9273110947406,1133.912353515625,3400,0.0,0.0
2004-12-21 00:00:00+09:00,1135.709151141827,1169.8523060021034,1135.709151141827,1168.0552978515625,8200,0.0,0.0
2004-12-22 00:00:00+09:00,1186.0254567081768,1196.8075063146148,1177.9389195033482,1195.010498046875,7900,0.0,0.0
2004-12-23 00:00:00+09:00,1195.010498046875,1195.010498046875,1195.010498046875,1195.010498046875,0,0.0,0.0
2004-12-24 00:00:00+09:00,1196.8076171875,1211.1836846612237,1195.0106087532845,1196.8076171875,9700,0.0,0.0
2004-12-27 00:00:00+09:00,1199.5032176201653,1203.995739034473,1197.7062090544423,1202.19873046875,8000,0.0,0.0
2004-12-28 00:00:00+09:00,1225.5596923828125,1231.8492215959207,1225.5596923828125,1225.5596923828125,14100,0.0,0.0
2004-12-29 00:00:00+09:00,1226.4581290027093,1257.9057733361121,1221.965608383652,1246.2252197265625,18000,0.0,0.0
2004-12-30 00:00:00+09:00,1271.3835045245055,1271.3835045245055,1246.2253857070593,1248.9208984375,7600,0.0,0.0
2004-12-31 00:00:00+09:00,1248.9208984375,1248.9208984375,1248.9208984375,1248.9208984375,0,0.0,0.0
2005-01-03 00:00:00+09:00,1248.9208984375,1248.9208984375,1248.9208984375,1248.9208984375,0,0.0,0.0
2005-01-04 00:00:00+09:00,1248.9208614204094,1274.0789794921875,1248.9208614204094,1274.0789794921875,700,0.0,0.0
2005-01-05 00:00:00+09:00,1274.0788357979911,1274.0788357979911,1257.90576171875,1257.90576171875,5600,0.0,0.0
2005-01-06 00:00:00+09:00,1257.90576171875,1266.8908028738838,1257.90576171875,1257.90576171875,1900,0.0,0.0
2005-01-07 00:00:00+09:00,1258.8043551537298,1258.8043551537298,1248.9208091817877,1253.413330078125,8300,0.0,0.0
2005-01-10 00:00:00+09:00,1253.413330078125,1253.413330078125,1253.413330078125,1253.413330078125,0,0.0,0.0
2005-01-11 00:00:00+09:00,1253.413251420142,1275.8758544921875,1253.413251420142,1275.8758544921875,10500,0.0,0.0
2005-01-12 00:00:00+09:00,1275.8759090487517,1286.657958984375,1275.8759090487517,1286.657958984375,8700,0.0,0.0
2005-01-13 00:00:00+09:00,1288.4550227546558,1292.0490395545294,1286.6580143547192,1287.5565185546875,7400,0.0,0.0
2005-01-14 00:00:00+09:00,1283.9622802734375,1287.5562964533492,1275.8757438686364,1283.9622802734375,6400,0.0,0.0
2005-01-17 00:00:00+09:00,1289.353525684811,1302.8310886710633,1289.353525684811,1297.4400634765625,2700,0.0,0.0
2005-01-18 00:00:00+09:00,1303.7297248183984,1315.4102805886528,1303.7297248183984,1305.5267333984375,12100,0.0,0.0
2005-01-19 00:00:00+09:00,1305.5265446679957,1306.425048828125,1298.3385113869606,1306.425048828125,5600,0.0,0.0
2005-01-20 00:00:00+09:00,1302.8311767578125,1305.5266895373113,1284.861091561153,1302.8311767578125,9000,0.0,0.0
2005-01-21 00:00:00+09:00,1285.759675687402,1306.4252749472275,1285.759675687402,1290.252197265625,5300,0.0,0.0
2005-01-24 00:00:00+09:00,1280.3683751065964,1280.3683751065964,1274.9773503693057,1275.8758544921875,3400,0.0,0.0
2005-01-25 00:00:00+09:00,1263.2967967718419,1275.8758544921875,1257.905772034551,1275.8758544921875,6700,0.0,0.0
2005-01-26 00:00:00+09:00,1276.7744921427352,1289.3535511786242,1269.5864584079413,1274.0789794921875,2700,0.0,0.0
2005-01-27 00:00:00+09:00,1283.962412954869,1292.0489501953125,1278.5713881279066,1292.0489501953125,4800,0.0,0.0
2005-01-28 00:00:00+09:00,1317.207268130565,1320.8012852332404,1278.5715842768034,1299.2371826171875,19400,0.0,0.0
2005-01-31 00:00:00+09:00,1299.237191929768,1311.8162518792956,1291.150653390786,1307.32373046875,3700,0.0,0.0
2005-02-01 00:00:00+09:00,1315.4100226916892,1327.090576171875,1307.3234856669453,1327.090576171875,15000,0.0,0.0
2005-02-02 00:00:00+09:00,1334.278564453125,1338.7710848721592,1327.0905317826705,1334.278564453125,14500,0.0,0.0
2005-02-03 00:00:00+09:00,1329.7862083837142,1346.8577880859375,1326.1921916042986,1346.8577880859375,16200,0.0,0.0
2005-02-04 00:00:00+09:00,1347.75634765625,1356.7413899739583,1337.872801106771,1347.75634765625,12400,0.0,0.0
2005-02-07 00:00:00+09:00,1347.7562360213717,1356.7412775948476,1346.8577318640241,1355.8427734375,13300,0.0,0.0
2005-02-08 00:00:00+09:00,1347.7563556871917,1378.3054997494346,1347.7563556871917,1365.7264404296875,5000,0.0,0.0
2005-02-09 00:00:00+09:00,1369.3203917244412,1369.3203917244412,1356.7413330078125,1356.7413330078125,10000,0.0,0.0
2005-02-10 00:00:00+09:00,1357.6397817521952,1360.335294224238,1354.0457651228048,1355.8427734375,6600,0.0,0.0
2005-02-11 00:00:00+09:00,1355.8427734375,1355.8427734375,1355.8427734375,1355.8427734375,0,0.0,0.0
2005-02-14 00:00:00+09:00,1357.6398384241838,1358.5383426190376,1345.9592838910837,1346.8577880859375,7500,0.0,0.0
2005-02-15 00:00:00+09:00,1348.6546519591027,1359.4367011419868,1348.6546519591027,1350.45166015625,5800,0.0,0.0
2005-02-16 00:00:00+09:00,1358.5383984375,1358.5383984375,1329.7862630208333,1347.75634765625,5900,0.0,0.0
2005-02-17 00:00:00+09:00,1343.2637623341361,1343.2637623341361,1325.293678557091,1328.8876953125,3400,0.0,0.0
2005-02-18 00:00:00+09:00,1310.917788926885,1320.8013363416865,1310.917788926885,1319.90283203125,2800,0.0,0.0
2005-02-21 00:00:00+09:00,1336.0756393391487,1336.0756393391487,1329.7861104384265,1333.380126953125,2700,0.0,0.0
2005-02-22 00:00:00+09:00,1297.4401833655497,1322.5983032646047,1297.4401833655497,1307.32373046875,25800,0.0,0.0
2005-02-23 00:00:00+09:00,1289.2039705602135,1300.07568359375,1281.9561618711891,1300.07568359375,9800,12.0,0.0
2005-02-24 00:00:00+09:00,1302.7937438128745,1322.7252197265625,1290.110077322346,1322.7252197265625,5000,0.0,0.0
2005-02-25 00:00:00+09:00,1322.725056276483,1343.5625057931672,1322.725056276483,1336.314697265625,5200,0.0,0.0
2005-02-28 00:00:00+09:00,1340.8446044921875,1346.2804609968855,1337.2207001557222,1340.8446044921875,11100,0.0,0.0
2005-03-01 00:00:00+09:00,1367.1181825083163,1368.024158772404,1321.819369303932,1348.9986572265625,16400,0.0,0.0
2005-03-02 00:00:00+09:00,1358.9641471397774,1358.9641471397774,1300.0757007637203,1352.622314453125,10500,0.0,0.0
2005-03-03 00:00:00+09:00,1357.1521322703281,1358.0581083265834,1338.1266350889684,1354.4342041015625,4600,0.0,0.0
2005-03-04 00:00:00+09:00,1352.6224709686048,1352.6224709686048,1313.6654942427845,1316.3834228515625,8400,0.0,0.0
2005-03-07 00:00:00+09:00,1316.383456021013,1318.1954084725216,1310.947598666487,1313.66552734375,6500,0.0,0.0
2005-03-08 00:00:00+09:00,1313.6654851149444,1316.3834137048375,1272.8965562665496,1293.7340087890625,10300,0.0,0.0
2005-03-09 00:00:00+09:00,1292.8279732253409,1321.8192101862455,1291.0160209152843,1291.9219970703125,8500,0.0,0.0
2005-03-10 00:00:00+09:00,1291.9220563958006,1313.6654851149444,1291.9220563958006,1293.7340087890625,8600,0.0,0.0
2005-03-11 00:00:00+09:00,1320.0073081122505,1320.0073081122505,1298.2638795640732,1304.605712890625,16100,0.0,0.0
2005-03-14 00:00:00+09:00,1296.451779249238,1330.8788705221036,1296.451779249238,1300.07568359375,12800,0.0,0.0
2005-03-15 00:00:00+09:00,1300.981785164439,1319.101308634696,1295.545928123362,1296.451904296875,14200,0.0,0.0
2005-03-16 00:00:00+09:00,1302.7937442353305,1310.0415536608398,1284.6742206715567,1289.2041015625,6000,0.0,0.0
2005-03-17 00:00:00+09:00,1284.673960643556,1284.673960643556,1265.648464752502,1270.1783447265625,8900,0.0,0.0
2005-03-18 00:00:00+09:00,1271.084617463455,1291.01609400244,1271.084617463455,1279.2384033203125,4200,0.0,0.0
2005-03-21 00:00:00+09:00,1279.2384033203125,1279.2384033203125,1279.2384033203125,1279.2384033203125,0,0.0,0.0
2005-03-22 00:00:00+09:00,1296.4517010187699,1296.4517010187699,1280.144132452496,1282.862060546875,4500,0.0,0.0
2005-03-23 00:00:00+09:00,1300.0756895817822,1321.8191157490035,1290.1099525884722,1292.827880859375,20900,0.0,0.0
2005-03-24 00:00:00+09:00,1296.4518774044952,1296.4518774044952,1258.40087890625,1258.40087890625,16700,0.0,0.0
2005-03-25 00:00:00+09:00,1268.3664225376426,1272.896302618134,1261.118614408856,1271.0843505859375,6900,0.0,0.0
2005-03-28 00:00:00+09:00,1274.708276263738,1286.4859646727136,1271.990348169359,1282.862060546875,7200,0.0,0.0
2005-03-29 00:00:00+09:00,1308.2296526227678,1308.2296526227678,1250.2471749441963,1268.36669921875,22100,0.0,0.0
2005-03-30 00:00:00+09:00,1254.7770613445089,1254.7770613445089,1218.5380126414182,1231.2216796875,16100,0.0,0.0
2005-03-31 00:00:00+09:00,1234.8454454019036,1286.486083984375,1234.8454454019036,1286.486083984375,7700,0.0,0.0
2005-04-01 00:00:00+09:00,1277.4265028555183,1289.2041940165975,1251.15319180388,1288.2982177734375,12100,0.0,0.0
2005-04-04 00:00:00+09:00,1288.297916735633,1288.297916735633,1281.9560845154153,1282.862060546875,3400,0.0,0.0
2005-04-05 00:00:00+09:00,1281.95614739382,1321.8190947332744,1281.95614739382,1318.1951904296875,14400,0.0,0.0
2005-04-06 00:00:00+09:00,1327.25519338481,1333.597027073338,1318.1954309726268,1321.8193359375,12900,0.0,0.0
2005-04-07 00:00:00+09:00,1321.8193133755387,1321.8193133755387,1313.66552734375,1313.66552734375,14800,0.0,0.0
2005-04-08 00:00:00+09:00,1322.7253050176807,1335.4089723260693,1313.6655426545458,1329.067138671875,12600,0.0,0.0
2005-04-11 00:00:00+09:00,1328.1610903753137,1329.9730427496322,1291.9220428889478,1308.2296142578125,19400,0.0,0.0
2005-04-12 00:00:00+09:00,1283.7681314767885,1329.0669363983407,1277.4262987877712,1315.477294921875,18500,0.0,0.0
2005-04-13 00:00:00+09:00,1314.5715224395772,1325.4432373046875,1300.0759026194303,1325.4432373046875,6300,0.0,0.0
2005-04-14 00:00:00+09:00,1321.8192731895158,1327.2551303787804,1313.665487405619,1323.6312255859375,43800,0.0,0.0
2005-04-15 00:00:00+09:00,1331.7848646936338,1331.7848646936338,1315.477294921875,1315.477294921875,13400,0.0,0.0
2005-04-18 00:00:00+09:00,1279.2381818246151,1283.7680620718693,1250.2469482421875,1250.2469482421875,9500,0.0,0.0
2005-04-19 00:00:00+09:00,1277.4263352614182,1287.3920726287058,1261.1187650240383,1271.990478515625,6100,0.0,0.0
2005-04-20 00:00:00+09:00,1290.1101630791084,1295.5460205078125,1279.2384482217,1295.5460205078125,6300,0.0,0.0
2005-04-21 00:00:00+09:00,1279.238284371116,1286.486093347723,1271.990475394509,1275.6143798828125,8300,0.0,0.0
2005-04-22 00:00:00+09:00,1293.7340680315779,1295.5460205078125,1278.3324719835828,1295.5460205078125,2700,0.0,0.0
2005-04-25 00:00:00+09:00,1292.828046415075,1292.828046415075,1279.2384033203125,1279.2384033203125,1600,0.0,0.0
2005-04-26 00:00:00+09:00,1269.2726514800256,1293.7340087890625,1269.2726514800256,1293.7340087890625,1900,0.0,0.0
2005-04-27 00:00:00+09:00,1293.7340053792773,1310.9475530698978,1293.7340053792773,1297.35791015625,5700,0.0,0.0
2005-04-28 00:00:00+09:00,1322.725256272045,1324.537208677897,1309.1356132281542,1316.3834228515625,15400,0.0,0.0
2005-04-29 00:00:00+09:00,1316.3834228515625,1316.3834228515625,1316.3834228515625,1316.3834228515625,0,0.0,0.0
2005-05-02 00:00:00+09:00,1305.51171875,1305.51171875,1291.0160993884456,1305.51171875,1500,0.0,0.0
2005-05-03 00:00:00+09:00,1305.51171875,1305.51171875,1305.51171875,1305.51171875,0,0.0,0.0
2005-05-04 00:00:00+09:00,1305.51171875,1305.51171875,1305.51171875,1305.51171875,0,0.0,0.0
2005-05-05 00:00:00+09:00,1305.51171875,1305.51171875,1305.51171875,1305.51171875,0,0.0,0.0
2005-05-06 00:00:00+09:00,1291.0160993884456,1307.3236711701943,1286.4862183379598,1305.51171875,5100,0.0,0.0
2005-05-09 00:00:00+09:00,1304.605765086207,1313.66552734375,1303.6997888604526,1313.66552734375,5100,0.0,0.0
2005-05-10 00:00:00+09:00,1313.6653977997448,1313.6653977997448,1278.3323284796138,1287.39208984375,7700,0.0,0.0
2005-05-11 00:00:00+09:00,1275.6143675386236,1290.1099853515625,1275.6143675386236,1290.1099853515625,9300,0.0,0.0
2005-05-12 00:00:00+09:00,1279.2383795844185,1304.605712890625,1279.2383795844185,1304.605712890625,4700,0.0,0.0
2005-05-13 00:00:00+09:00,1300.0758319430881,1312.7594985961914,1300.0758319430881,1304.605712890625,6800,0.0,0.0
2005-05-16 00:00:00+09:00,1304.6057425399028,1320.0073381115544,1304.6057425399028,1305.51171875,8900,0.0,0.0
2005-05-17 00:00:00+09:00,1303.6994565346101,1303.6994565346101,1270.1783447265625,1270.1783447265625,8300,0.0,0.0
2005-05-18 00:00:00+09:00,1271.9905018411625,1304.6056429140128,1270.1785495593374,1280.144287109375,8200,0.0,0.0
2005-05-19 00:00:00+09:00,1297.3577406840636,1322.725070809171,1282.8621234697166,1318.1951904296875,10200,0.0,0.0
2005-05-20 00:00:00+09:00,1318.195205316311,1331.7848466082316,1300.07568359375,1300.07568359375,4500,0.0,0.0
2005-05-23 00:00:00+09:00,1282.8622420167048,1298.2638367301822,1282.8622420167048,1284.6741943359375,5500,0.0,0.0
2005-05-24 00:00:00+09:00,1281.9561086554274,1293.7337972861842,1273.8023242187498,1291.015869140625,9300,0.0,0.0
2005-05-25 00:00:00+09:00,1272.8965107802803,1277.4263916015625,1265.648701466229,1277.4263916015625,12700,0.0,0.0
2005-05-26 00:00:00+09:00,1271.9903266020358,1272.896302618134,1269.272398553741,1271.0843505859375,3800,0.0,0.0
2005-05-27 00:00:00+09:00,1274.7083002672696,1294.639773334704,1274.7083002672696,1291.015869140625,3400,0.0,0.0
2005-05-30 00:00:00+09:00,1316.3833038982973,1322.7251367457084,1311.8534232930037,1312.7593994140625,13100,0.0,0.0
2005-05-31 00:00:00+09:00,1320.9133596962818,1321.8193359375,1312.7595735253171,1321.8193359375,5900,0.0,0.0
2005-06-01 00:00:00+09:00,1314.571378222522,1318.1952827799928,1304.6056406894775,1317.289306640625,5100,0.0,0.0
2005-06-02 00:00:00+09:00,1317.2893495645847,1320.0072780712517,1299.169826186805,1303.69970703125,5100,0.0,0.0
2005-06-03 00:00:00+09:00,1291.0161873366628,1304.6058314138909,1274.7086144439893,1278.33251953125,4700,0.0,0.0
2005-06-06 00:00:00+09:00,1280.1442306290812,1281.0502067300217,1272.8964218215563,1274.7083740234375,6800,0.0,0.0
2005-06-07 00:00:00+09:00,1277.4262284128288,1298.2636775287829,1277.4262284128288,1291.015869140625,4800,0.0,0.0
2005-06-08 00:00:00+09:00,1302.7936295438406,1317.2892471187372,1291.0159402642369,1315.477294921875,5600,0.0,0.0
2005-06-09 00:00:00+09:00,1316.383456021013,1316.383456021013,1300.9818601831896,1313.66552734375,10900,0.0,0.0
2005-06-10 00:00:00+09:00,1313.6653755351213,1313.6653755351213,1300.0757337192406,1312.7593994140625,13400,0.0,0.0
2005-06-13 00:00:00+09:00,1295.545928123362,1304.6056898584905,1295.545928123362,1296.451904296875,3300,0.0,0.0
2005-06-14 00:00:00+09:00,1288.2982177734375,1290.1101702597573,1284.6743128007977,1288.2982177734375,6200,0.0,0.0
2005-06-15 00:00:00+09:00,1288.2980004078704,1313.6653309362955,1288.2980004078704,1292.827880859375,17800,0.0,0.0
2005-06-16 00:00:00+09:00,1299.1698659688484,1302.7937707553724,1292.8280325924316,1293.7340087890625,5800,0.0,0.0
2005-06-17 00:00:00+09:00,1310.9475294139288,1322.7252197265625,1309.135577058139,1322.7252197265625,8300,0.0,0.0
2005-06-20 00:00:00+09:00,1332.690947657046,1354.4343757629395,1322.7252097751784,1333.596923828125,20500,0.0,0.0
2005-06-21 00:00:00+09:00,1342.6566556286114,1351.7164171375764,1331.7849418178535,1332.69091796875,11400,0.0,0.0
2005-06-22 00:00:00+09:00,1348.998686801987,1349.9046630859375,1331.7851374069317,1349.9046630859375,12000,0.0,0.0
2005-06-23 00:00:00+09:00,1352.6225919377885,1352.6225919377885,1346.2807579501364,1349.9046630859375,5700,0.0,0.0
2005-06-24 00:00:00+09:00,1348.0924963845573,1353.5283532248177,1340.8446872642103,1350.8104248046875,6300,0.0,0.0
2005-06-27 00:00:00+09:00,1351.7165455729166,1358.96435546875,1351.7165455729166,1358.96435546875,22900,0.0,0.0
2005-06-28 00:00:00+09:00,1379.8017050471435,1379.8017050471435,1349.9044914775075,1370.741943359375,21200,0.0,0.0
2005-06-29 00:00:00+09:00,1370.7418479869175,1375.271728515625,1350.810373660604,1375.271728515625,11200,0.0,0.0
2005-06-30 00:00:00+09:00,1376.1776420994809,1377.9895942286441,1371.6477617765727,1377.0836181640625,9600,0.0,0.0
2005-07-01 00:00:00+09:00,1373.4596219335551,1386.1432859883505,1373.4596219335551,1377.989501953125,7000,0.0,0.0
2005-07-04 00:00:00+09:00,1386.1433701477847,1389.7672743834653,1382.5194659121044,1387.955322265625,6800,0.0,0.0
2005-07-05 00:00:00+09:00,1386.1436507428277,1386.1436507428277,1377.083888319672,1381.61376953125,10200,0.0,0.0
2005-07-06 00:00:00+09:00,1380.707585150074,1393.3912506304553,1366.2119674582098,1375.271728515625,16400,0.0,0.0
2005-07-07 00:00:00+09:00,1360.7763079427082,1369.8360703125,1340.8448307291667,1358.96435546875,11300,0.0,0.0
2005-07-08 00:00:00+09:00,1358.9644253606164,1383.4257850171075,1358.9644253606164,1379.8018798828125,6700,0.0,0.0
2005-07-11 00:00:00+09:00,1379.8016152085058,1391.5793046357617,1368.02392578125,1368.02392578125,14700,0.0,0.0
2005-07-12 00:00:00+09:00,1368.023952370823,1379.8016420269955,1364.4000478612313,1372.5538330078125,10300,0.0,0.0
2005-07-13 00:00:00+09:00,1373.4598059990126,1376.177734375,1365.3060208710501,1376.177734375,2200,0.0,0.0
2005-07-14 00:00:00+09:00,1331.784904233871,1381.613591126975,1331.784904233871,1376.177734375,11200,0.0,0.0
2005-07-15 00:00:00+09:00,1377.0836181640625,1387.955330939042,1376.1776420994809,1377.0836181640625,6400,0.0,0.0
2005-07-18 00:00:00+09:00,1377.0836181640625,1377.0836181640625,1377.0836181640625,1377.0836181640625,0,0.0,0.0
2005-07-19 00:00:00+09:00,1386.1433788098786,1386.1433788098786,1368.0238575182464,1377.0836181640625,1900,0.0,0.0
2005-07-20 00:00:00+09:00,1365.3060005258912,1375.2717377560073,1358.96416774309,1364.4000244140625,4000,0.0,0.0
2005-07-21 00:00:00+09:00,1360.7761539607855,1404.263008414925,1360.7761539607855,1395.2032470703125,17900,0.0,0.0
2005-07-22 00:00:00+09:00,1385.2375223154784,1386.1434984582615,1373.459832459297,1380.7076416015625,4200,0.0,0.0
2005-07-25 00:00:00+09:00,1381.6136540593327,1387.9554872255067,1369.835963893581,1374.3658447265625,3900,0.0,0.0
2005-07-26 00:00:00+09:00,1368.0238489693825,1388.8612983245453,1368.0238489693825,1387.955322265625,6000,0.0,0.0
2005-07-27 00:00:00+09:00,1388.8613985501802,1413.32275390625,1388.8613985501802,1413.32275390625,23800,0.0,0.0
2005-07-28 00:00:00+09:00,1438.6901863339176,1438.6901863339176,1404.2630911949448,1405.1690673828125,14800,0.0,0.0
2005-07-29 00:00:00+09:00,1401.5451396541373,1403.3570920001673,1397.0152587890625,1397.0152587890625,7300,0.0,0.0
2005-08-01 00:00:00+09:00,1397.015281692003,1406.0750435706802,1397.015281692003,1405.1690673828125,3700,0.0,0.0
2005-08-02 00:00:00+09:00,1377.0836391063274,1403.3569453787509,1377.0836391063274,1388.861328125,8400,0.0,0.0
2005-08-03 00:00:00+09:00,1377.0836889443278,1405.1689483899029,1377.0836889443278,1401.5450439453125,4800,0.0,0.0
2005-08-04 00:00:00+09:00,1378.8958007494607,1393.391420205434,1378.8958007494607,1391.5794677734375,5300,0.0,0.0
2005-08-05 00:00:00+09:00,1381.61383244996,1385.237737584255,1377.0839510320914,1379.8018798828125,11400,0.0,0.0
2005-08-08 00:00:00+09:00,1379.8015463578074,1384.3314266807154,1359.8700729370116,1377.0836181640625,7300,0.0,0.0
2005-08-09 00:00:00+09:00,1359.8701081539828,1425.1003864931477,1359.8701081539828,1407.8868408203125,17200,0.0,0.0
2005-08-10 00:00:00+09:00,1407.8870588761902,1413.3229162463685,1399.7332728209228,1403.357177734375,6900,0.0,0.0
2005-08-11 00:00:00+09:00,1404.2629630998438,1422.3824852043579,1404.2629630998438,1412.416748046875,7000,0.0,0.0
2005-08-12 00:00:00+09:00,1412.4167777819512,1430.5363002679287,1405.16896878756,1413.32275390625,3700,0.0,0.0
2005-08-15 00:00:00+09:00,1413.3226973485762,1414.2286734366203,1401.5450082040047,1407.8868408203125,7600,0.0,0.0
2005-08-16 00:00:00+09:00,1408.7930175314443,1421.4766845703125,1407.8870413143823,1421.4766845703125,9300,0.0,0.0
2005-08-17 00:00:00+09:00,1419.664705944793,1435.0663013507033,1405.1690867392304,1416.94677734375,10500,0.0,0.0
2005-08-18 00:00:00+09:00,1415.1348985635082,1415.1348985635082,1404.26318359375,1404.26318359375,4100,0.0,0.0
2005-08-19 00:00:00+09:00,1403.3569394556598,1403.3569394556598,1388.8613222630902,1396.109130859375,8600,0.0,0.0
2005-08-22 00:00:00+09:00,1392.485437027531,1413.3228898913133,1392.485437027531,1398.8272705078125,12100,0.0,0.0
2005-08-23 00:00:00+09:00,1405.1689125561807,1421.476482140972,1405.1689125561807,1407.8868408203125,9600,0.0,0.0
2005-08-24 00:00:00+09:00,1420.5705030487804,1420.5705030487804,1405.1689095846036,1411.5107421875,10400,0.0,0.0
2005-08-25 00:00:00+09:00,1406.075069790328,1413.3228794284223,1400.639212561757,1409.698974609375,9400,0.0,0.0
2005-08-26 00:00:00+09:00,1405.1691231259033,1410.60498046875,1401.545218230672,1410.60498046875,19300,0.0,0.0
2005-08-29 00:00:00+09:00,1410.604766101372,1420.5705030487804,1404.2629334984756,1411.5107421875,22100,0.0,0.0
2005-08-30 00:00:00+09:00,1411.5109935735888,1420.5707560483872,1404.26318359375,1404.26318359375,5300,0.0,0.0
2005-08-31 00:00:00+09:00,1405.1689185454652,1405.1689185454652,1400.6390380859375,1400.6390380859375,5500,0.0,0.0
2005-09-01 00:00:00+09:00,1406.9811123361897,1411.5109935735888,1392.4854923765122,1404.26318359375,13100,0.0,0.0
2005-09-02 00:00:00+09:00,1399.7333023563508,1415.1348985635082,1399.7333023563508,1404.26318359375,7200,0.0,0.0
2005-09-05 00:00:00+09:00,1402.4513588169643,1433.2545540364583,1393.391595517113,1426.9127197265625,10500,0.0,0.0
2005-09-06 00:00:00+09:00,1427.8182542938548,1427.8182542938548,1397.0150686047741,1406.0748291015625,3900,0.0,0.0
2005-09-07 00:00:00+09:00,1405.1689577183427,1405.1689577183427,1377.9896742034812,1390.67333984375,5800,0.0,0.0
2005-09-08 00:00:00+09:00,1387.0496457103634,1393.3914794921875,1362.5882868376136,1393.3914794921875,6300,0.0,0.0
2005-09-09 00:00:00+09:00,1386.1434561746162,1395.2032173260843,1385.2374800594694,1394.2972412109375,26300,0.0,0.0
2005-09-12 00:00:00+09:00,1394.2972805163,1411.5108271893405,1361.6821394515912,1384.33154296875,9700,0.0,0.0
2005-09-13 00:00:00+09:00,1377.9895942286441,1381.6134984869707,1361.682025066175,1377.0836181640625,9100,0.0,0.0
2005-09-14 00:00:00+09:00,1363.494120985172,1391.5793819489863,1363.494120985172,1385.237548828125,12500,0.0,0.0
2005-09-15 00:00:00+09:00,1386.1433573661454,1386.1433573661454,1365.305908203125,1365.305908203125,10800,0.0,0.0
2005-09-16 00:00:00+09:00,1361.6820930127276,1368.02392578125,1357.1522124637831,1368.02392578125,8400,0.0,0.0
2005-09-19 00:00:00+09:00,1368.02392578125,1368.02392578125,1368.02392578125,1368.02392578125,0,0.0,0.0
2005-09-20 00:00:00+09:00,1368.0237659100715,1385.2373099844367,1340.844485792653,1377.989501953125,11600,0.0,0.0
2005-09-21 00:00:00+09:00,1368.02392578125,1372.5538063301947,1361.6820930127276,1368.02392578125,7900,0.0,0.0
2005-09-22 00:00:00+09:00,1359.8702293340527,1384.3315858910278,1359.8702293340527,1370.741943359375,4600,0.0,0.0
2005-09-23 00:00:00+09:00,1370.741943359375,1370.741943359375,1370.741943359375,1370.741943359375,0,0.0,0.0
2005-09-26 00:00:00+09:00,1384.3315271973918,1407.8869065868762,1376.1777420241087,1402.4510498046875,12900,0.0,0.0
2005-09-27 00:00:00+09:00,1402.4510762938667,1407.8869331787266,1402.4510762938667,1406.98095703125,15800,0.0,0.0
2005-09-28 00:00:00+09:00,1416.9467409790739,1423.28857421875,1406.0750268539148,1423.28857421875,5500,0.0,0.0
2005-09-29 00:00:00+09:00,1422.382678529999,1425.1006072150883,1377.9898433402093,1403.357177734375,8300,0.0,0.0
2005-09-30 00:00:00+09:00,1382.5194987497512,1422.3824462890625,1381.6135226693123,1422.3824462890625,11800,0.0,0.0
2005-10-03 00:00:00+09:00,1395.2031638758958,1422.3824462890625,1386.1434030715068,1422.3824462890625,10900,0.0,0.0
2005-10-04 00:00:00+09:00,1396.109371444554,1401.5452288285042,1385.2376566766534,1399.7332763671875,9200,0.0,0.0
2005-10-05 00:00:00+09:00,1398.827277501424,1399.7332537174225,1377.0838483174641,1391.5794677734375,15200,0.0,0.0
2005-10-06 00:00:00+09:00,1372.5539990234374,1372.5539990234374,1358.0583792317707,1358.96435546875,8500,0.0,0.0
2005-10-07 00:00:00+09:00,1358.9643364234828,1358.9643364234828,1347.1866455078125,1347.1866455078125,4900,0.0,0.0
2005-10-10 00:00:00+09:00,1347.1866455078125,1347.1866455078125,1347.1866455078125,1347.1866455078125,0,0.0,0.0
2005-10-11 00:00:00+09:00,1347.186408032869,1404.2629001015111,1328.160910676655,1377.0836181640625,34500,0.0,0.0
2005-10-12 00:00:00+09:00,1360.7760842420266,1419.664529964884,1360.7760842420266,1407.8868408203125,19700,0.0,0.0
2005-10-13 00:00:00+09:00,1404.2631755891393,1404.2631755891393,1381.61376953125,1381.61376953125,7900,0.0,0.0
2005-10-14 00:00:00+09:00,1381.6137293974557,1397.0153250694275,1369.8360385894775,1391.5794677734375,9700,0.0,0.0
2005-10-17 00:00:00+09:00,1404.2631755891393,1404.2631755891393,1381.61376953125,1381.61376953125,10400,0.0,0.0
2005-10-18 00:00:00+09:00,1394.2972298424343,1404.2629670277927,1370.7418510406776,1371.6478271484375,10700,0.0,0.0
2005-10-19 00:00:00+09:00,1363.4942224346553,1385.2376518954072,1363.4942224346553,1373.4599609375,12200,0.0,0.0
2005-10-20 00:00:00+09:00,1377.9895455961062,1377.9895455961062,1358.9640489113474,1360.7760009765625,9200,0.0,0.0
2005-10-21 00:00:00+09:00,1360.7762087954045,1369.8359705050943,1354.4343755986217,1367.1180419921875,13000,0.0,0.0
2005-10-24 00:00:00+09:00,1368.023844945391,1373.4597012829222,1352.622251989052,1354.4342041015625,8300,0.0,0.0
2005-10-25 00:00:00+09:00,1371.6479195281518,1387.955490566135,1358.964253165276,1370.741943359375,13500,0.0,0.0
2005-10-26 00:00:00+09:00,1385.2375620598045,1385.2375620598045,1368.0240148530445,1370.741943359375,7900,0.0,0.0
2005-10-27 00:00:00+09:00,1377.0836889443278,1401.5450439453125,1377.0836889443278,1401.5450439453125,14300,0.0,0.0
2005-10-28 00:00:00+09:00,1428.7244576391229,1428.7244576391229,1414.2288385381553,1427.8184814453125,23200,0.0,0.0
2005-10-31 00:00:00+09:00,1404.2629753701192,1435.9721393300895,1396.1091903518409,1397.921142578125,18800,0.0,0.0
2005-11-01 00:00:00+09:00,1431.4422607421875,1431.4422607421875,1426.0064040558248,1431.4422607421875,1600,0.0,0.0
2005-11-02 00:00:00+09:00,1411.5108933221727,1449.5618930137844,1404.2630838571038,1445.93798828125,25400,0.0,0.0
2005-11-03 00:00:00+09:00,1445.93798828125,1445.93798828125,1445.93798828125,1445.93798828125,0,0.0,0.0
2005-11-04 00:00:00+09:00,1449.5619666561315,1449.5619666561315,1429.6304896146096,1433.25439453125,14500,0.0,0.0
2005-11-07 00:00:00+09:00,1434.1603341699772,1444.1260724364772,1434.1603341699772,1439.59619140625,3300,0.0,0.0
2005-11-08 00:00:00+09:00,1439.5961719648487,1445.0320291277114,1427.8184814453125,1427.8184814453125,5800,0.0,0.0
2005-11-09 00:00:00+09:00,1427.8183562846123,1442.313974114913,1417.8526190262808,1431.4422607421875,10400,0.0,0.0
2005-11-10 00:00:00+09:00,1431.4423399539578,1447.7499109154585,1429.6303876249021,1445.031982421875,9500,0.0,0.0
2005-11-11 00:00:00+09:00,1448.655827466602,1448.655827466602,1429.6303287944327,1443.219970703125,6400,0.0,0.0
2005-11-14 00:00:00+09:00,1434.1602951118143,1435.0662712931862,1416.040771484375,1416.040771484375,5500,0.0,0.0
2005-11-15 00:00:00+09:00,1416.0406107920705,1433.2541562847443,1416.0406107920705,1426.00634765625,4700,0.0,0.0
2005-11-16 00:00:00+09:00,1442.3141074667171,1442.3141074667171,1415.1348215219925,1420.5706787109375,5500,0.0,0.0
2005-11-17 00:00:00+09:00,1420.5705148452307,1437.7840606246052,1416.0406343769741,1434.16015625,4000,0.0,0.0
2005-11-18 00:00:00+09:00,1417.8526683314383,1444.1259765625,1417.8526683314383,1444.1259765625,4600,0.0,0.0
2005-11-21 00:00:00+09:00,1444.1261273920154,1444.1261273920154,1415.1348876953125,1415.1348876953125,8100,0.0,0.0
2005-11-22 00:00:00+09:00,1438.6902152002044,1442.3141200243863,1423.2886196974314,1439.59619140625,6500,0.0,0.0
2005-11-23 00:00:00+09:00,1439.59619140625,1439.59619140625,1439.59619140625,1439.59619140625,0,0.0,0.0
2005-11-24 00:00:00+09:00,1433.2541592543294,1439.5959918174015,1422.3824462890625,1422.3824462890625,8000,0.0,0.0
2005-11-25 00:00:00+09:00,1422.3825815561656,1442.3140572212837,1422.3825815561656,1441.4080810546875,6600,0.0,0.0
2005-11-28 00:00:00+09:00,1444.1260575957767,1493.9547484162083,1441.4081290055715,1487.6129150390625,33300,0.0,0.0
2005-11-29 00:00:00+09:00,1516.6041937934028,1599.0480298956727,1494.8607644917054,1541.0655517578125,50200,0.0,0.0
2005-11-30 00:00:00+09:00,1540.1595704293136,1541.0655466472133,1476.741235176342,1514.792236328125,6700,0.0,0.0
2005-12-01 00:00:00+09:00,1513.8862601102253,1540.1595704293136,1508.4504028028277,1514.792236328125,11800,0.0,0.0
2005-12-02 00:00:00+09:00,1515.69808400472,1526.5697976975214,1499.390513465518,1522.0399169921875,6500,0.0,0.0
2005-12-05 00:00:00+09:00,1523.8519742359836,1541.0655221019072,1523.8519742359836,1540.1595458984375,18200,0.0,0.0
2005-12-06 00:00:00+09:00,1540.159400294759,1558.278922651168,1532.005615234375,1532.005615234375,12800,0.0,0.0
2005-12-07 00:00:00+09:00,1532.9117362706802,1541.0655221019072,1524.7579504394532,1540.1595458984375,14000,0.0,0.0
2005-12-08 00:00:00+09:00,1539.2534159856584,1541.0653682116567,1505.7322998046875,1505.7322998046875,10800,0.0,0.0
2005-12-09 00:00:00+09:00,1451.373877252684,1476.7412109375,1440.5021628163342,1476.7412109375,46600,0.0,0.0
2005-12-12 00:00:00+09:00,1476.740976509522,1504.8262343449792,1461.339383502981,1503.0142822265625,22900,0.0,0.0
2005-12-13 00:00:00+09:00,1501.2024910830326,1501.2024910830326,1458.6216117342683,1459.527587890625,14500,0.0,0.0
2005-12-14 00:00:00+09:00,1470.3992545205097,1483.082920301956,1440.5020423213866,1443.219970703125,31600,0.0,0.0
2005-12-15 00:00:00+09:00,1443.2201511514934,1447.7500323541033,1415.1348876953125,1415.1348876953125,21100,0.0,0.0
2005-12-16 00:00:00+09:00,1419.6645962816183,1422.3825246727129,1398.8271452832284,1402.4510498046875,16200,0.0,0.0
2005-12-19 00:00:00+09:00,1418.7587127685547,1436.8782365587022,1414.2288318210178,1435.0662841796875,7600,0.0,0.0
2005-12-20 00:00:00+09:00,1435.9722142686564,1464.9634514021561,1435.9722142686564,1452.27978515625,14900,0.0,0.0
2005-12-21 00:00:00+09:00,1463.1512776793677,1463.1512776793677,1440.5018770960958,1460.433349609375,16900,0.0,0.0
2005-12-22 00:00:00+09:00,1453.1857679026255,1454.0917440671533,1445.031982421875,1445.031982421875,14900,0.0,0.0
2005-12-23 00:00:00+09:00,1445.031982421875,1445.031982421875,1445.031982421875,1445.031982421875,0,0.0,0.0
2005-12-26 00:00:00+09:00,1437.7843203735351,1454.091893005371,1436.8783441162109,1449.56201171875,9300,0.0,0.0
2005-12-27 00:00:00+09:00,1456.8097243500686,1487.6129150390625,1443.2200813990416,1487.6129150390625,57800,0.0,0.0
2005-12-28 00:00:00+09:00,1482.1770477110415,1499.3905953311573,1459.5276429477308,1498.484619140625,26800,0.0,0.0
2005-12-29 00:00:00+09:00,1506.638427734375,1508.450380142955,1494.8607370786042,1506.638427734375,12200,0.0,0.0
2005-12-30 00:00:00+09:00,1479.4592433120265,1492.1429110440342,1464.963623046875,1464.963623046875,8900,0.0,0.0
2006-01-02 00:00:00+09:00,1464.963623046875,1464.963623046875,1464.963623046875,1464.963623046875,0,0.0,0.0
2006-01-03 00:00:00+09:00,1464.963623046875,1464.963623046875,1464.963623046875,1464.963623046875,0,0.0,0.0
2006-01-04 00:00:00+09:00,1467.6814261547656,1478.5531404225787,1464.9634975878123,1468.58740234375,6800,0.0,0.0
2006-01-05 00:00:00+09:00,1482.1769722381498,1493.048685970948,1476.7411153717508,1481.27099609375,15900,0.0,0.0
2006-01-06 00:00:00+09:00,1488.518828528931,1498.4845662731902,1484.8949238946548,1489.4248046875,14100,0.0,0.0
2006-01-09 00:00:00+09:00,1489.4248046875,1489.4248046875,1489.4248046875,1489.4248046875,0,0.0,0.0
2006-01-10 00:00:00+09:00,1500.296581793354,1500.296581793354,1487.6129150390625,1487.6129150390625,15600,0.0,0.0
2006-01-11 00:00:00+09:00,1488.5188981129752,1490.330850514817,1476.741207501004,1480.3651123046875,17400,0.0,0.0
2006-01-12 00:00:00+09:00,1480.364980889989,1492.1426704564333,1476.7410764080062,1491.2366943359375,6700,0.0,0.0
2006-01-13 00:00:00+09:00,1492.1427364442407,1495.7666410864854,1485.8009033203125,1485.8009033203125,9200,0.0,0.0
2006-01-16 00:00:00+09:00,1485.8008376129633,1493.9546226974246,1485.8008376129633,1491.2366943359375,5300,0.0,0.0
2006-01-17 00:00:00+09:00,1499.390698792657,1499.390698792657,1486.70703125,1486.70703125,10600,0.0,0.0
2006-01-18 00:00:00+09:00,1476.741417875744,1479.4593468656994,1415.135027436756,1426.9127197265625,15200,0.0,0.0
2006-01-19 00:00:00+09:00,1399.733228332024,1487.6129196900863,1399.733228332024,1450.4678955078125,15800,0.0,0.0
2006-01-20 00:00:00+09:00,1484.8948629313911,1484.8948629313911,1449.5617941978192,1454.0916748046875,13900,0.0,0.0
2006-01-23 00:00:00+09:00,1454.9978692626953,1465.869584350586,1449.56201171875,1449.56201171875,10300,0.0,0.0
2006-01-24 00:00:00+09:00,1449.5618373540258,1479.4590502494527,1449.5618373540258,1474.023193359375,6800,0.0,0.0
2006-01-25 00:00:00+09:00,1467.681380109089,1488.518831801996,1455.903690021794,1485.8009033203125,9200,0.0,0.0
2006-01-26 00:00:00+09:00,1494.86083984375,1501.2026737097538,1490.3309585108902,1494.86083984375,17300,0.0,0.0
2006-01-27 00:00:00+09:00,1502.1085868632244,1503.0145630917307,1487.6129672071258,1496.6727294921875,33300,0.0,0.0
2006-01-30 00:00:00+09:00,1512.0741955125188,1512.0741955125188,1498.4845532520708,1503.92041015625,10100,0.0,0.0
2006-01-31 00:00:00+09:00,1504.8264979312294,1514.792236328125,1503.92052171333,1514.792236328125,8900,0.0,0.0
2006-02-01 00:00:00+09:00,1514.7920249541269,1520.2278815030052,1508.4501923137686,1512.0740966796875,7900,0.0,0.0
2006-02-02 00:00:00+09:00,1521.1339408511208,1522.0399169921875,1516.604060145787,1522.0399169921875,13100,0.0,0.0
2006-02-03 00:00:00+09:00,1522.9459261271522,1522.9459261271522,1503.9204267525715,1519.322021484375,13700,0.0,0.0
2006-02-06 00:00:00+09:00,1521.1339111328125,1521.1339111328125,1504.8263409122105,1521.1339111328125,4300,0.0,0.0
2006-02-07 00:00:00+09:00,1522.0401427526995,1522.0401427526995,1504.8265935191869,1510.262451171875,5300,0.0,0.0
2006-02-08 00:00:00+09:00,1520.2281753077652,1520.2281753077652,1494.86083984375,1494.86083984375,9400,0.0,0.0
2006-02-09 00:00:00+09:00,1494.8606914299962,1494.8606914299962,1449.5618825987842,1490.330810546875,16100,0.0,0.0
2006-02-10 00:00:00+09:00,1490.3307607757174,1490.3307607757174,1452.2797626282525,1477.6470947265625,8200,0.0,0.0
2006-02-13 00:00:00+09:00,1476.7412994384765,1476.7412994384765,1445.032130432129,1449.56201171875,12000,0.0,0.0
2006-02-14 00:00:00+09:00,1448.6560354614257,1449.56201171875,1431.4424865722656,1449.56201171875,5700,0.0,0.0
2006-02-15 00:00:00+09:00,1449.5618566749845,1458.621618279203,1449.5618566749845,1452.27978515625,6300,0.0,0.0
2006-02-16 00:00:00+09:00,1458.6216447365225,1458.6216447365225,1450.4678591448276,1456.8096923828125,7000,0.0,0.0
2006-02-17 00:00:00+09:00,1456.8098329020388,1456.8098329020388,1416.0409010111234,1438.6903076171875,11900,0.0,0.0
2006-02-20 00:00:00+09:00,1448.6559431086773,1465.8694909004628,1438.690204913433,1450.4678955078125,15300,0.0,0.0
2006-02-21 00:00:00+09:00,1451.373808995828,1462.2455229208906,1440.5020950707658,1452.27978515625,8600,0.0,0.0
2006-02-22 00:00:00+09:00,1452.27978515625,1467.6813798834216,1448.6558805145626,1452.27978515625,33700,0.0,0.0
2006-02-23 00:00:00+09:00,1454.0916748046875,1463.1514360184237,1435.9721523772148,1454.0916748046875,19100,0.0,0.0
2006-02-24 00:00:00+09:00,1451.373808995828,1458.621618279203,1435.9722142686564,1452.27978515625,9500,0.0,0.0
2006-02-27 00:00:00+09:00,1455.9036632246607,1457.7156155124326,1447.7498779296875,1447.7498779296875,27300,0.0,0.0
2006-02-28 00:00:00+09:00,1435.9724830264136,1435.9724830264136,1417.8529564267112,1426.9127197265625,11400,0.0,0.0
2006-03-01 00:00:00+09:00,1427.818371895032,1427.818371895032,1406.9809210361577,1413.32275390625,4200,0.0,0.0
2006-03-02 00:00:00+09:00,1409.698974609375,1429.630451114135,1402.4511649712806,1409.698974609375,3900,0.0,0.0
2006-03-03 00:00:00+09:00,1404.2629334984756,1412.416718273628,1386.1434117759147,1411.5107421875,7800,0.0,0.0
2006-03-06 00:00:00+09:00,1408.7929721342832,1414.2288292614894,1362.5881865530303,1405.1690673828125,9000,0.0,0.0
2006-03-07 00:00:00+09:00,1404.263153962738,1421.4767023016361,1397.9213203641966,1403.357177734375,7900,0.0,0.0
2006-03-08 00:00:00+09:00,1397.0151726638842,1397.0151726638842,1372.5538175005088,1390.67333984375,7400,0.0,0.0
2006-03-09 00:00:00+09:00,1392.4853030473757,1416.9466584034456,1392.4853030473757,1413.32275390625,4100,0.0,0.0
2006-03-10 00:00:00+09:00,1413.322842940259,1426.0065094794666,1410.6049143961434,1416.040771484375,13200,0.0,0.0
2006-03-13 00:00:00+09:00,1422.3825105566102,1454.0916748046875,1416.0406777069948,1454.0916748046875,4700,0.0,0.0
2006-03-14 00:00:00+09:00,1448.6558402091096,1448.6558402091096,1414.2287470709318,1428.724365234375,3300,0.0,0.0
2006-03-15 00:00:00+09:00,1429.6303413695903,1445.937911803464,1428.724365234375,1428.724365234375,3400,0.0,0.0
2006-03-16 00:00:00+09:00,1440.5020262876628,1440.5020262876628,1377.0836980863191,1390.67333984375,3100,0.0,0.0
2006-03-17 00:00:00+09:00,1393.391468623992,1418.7588035534275,1393.391468623992,1404.26318359375,2800,0.0,0.0
2006-03-20 00:00:00+09:00,1404.2630937364365,1435.9722603691948,1404.2630937364365,1435.0662841796875,4800,0.0,0.0
2006-03-21 00:00:00+09:00,1435.0662841796875,1435.0662841796875,1435.0662841796875,1435.0662841796875,0,0.0,0.0
2006-03-22 00:00:00+09:00,1407.8870636102363,1434.1603743211094,1407.8870636102363,1429.6304931640625,3900,0.0,0.0
2006-03-23 00:00:00+09:00,1414.2289114547905,1420.5707451384442,1409.6990302521806,1415.1348876953125,5700,0.0,0.0
2006-03-24 00:00:00+09:00,1409.6990302521806,1416.9468401763563,1409.6990302521806,1415.1348876953125,1800,0.0,0.0
2006-03-27 00:00:00+09:00,1418.758693333267,1427.818455104233,1418.758693333267,1423.28857421875,3600,0.0,0.0
2006-03-28 00:00:00+09:00,1451.3738453800518,1462.245559577655,1435.0662740836467,1445.93798828125,14000,0.0,0.0
2006-03-29 00:00:00+09:00,1452.2797319755866,1454.091684230079,1443.219970703125,1443.219970703125,2300,0.0,0.0
2006-03-30 00:00:00+09:00,1443.2199802000564,1443.2199802000564,1429.6303382019391,1432.3482666015625,1500,0.0,0.0
2006-03-31 00:00:00+09:00,1433.2541592543294,1433.2541592543294,1422.3824462890625,1422.3824462890625,1600,0.0,0.0
2006-04-03 00:00:00+09:00,1426.0064400044203,1439.5960820629123,1418.758630906558,1425.1004638671875,5000,0.0,0.0
2006-04-04 00:00:00+09:00,1425.100663653549,1440.5022601456726,1425.100663653549,1438.6903076171875,2800,0.0,0.0
2006-04-05 00:00:00+09:00,1440.502148158659,1460.4336244224896,1426.912505251502,1427.8184814453125,10000,0.0,0.0
2006-04-06 00:00:00+09:00,1400.6390174565202,1426.912323734812,1400.6390174565202,1426.00634765625,3000,0.0,0.0
2006-04-07 00:00:00+09:00,1422.382535455489,1427.8183922788858,1412.4167979459282,1425.1004638671875,5200,0.0,0.0
2006-04-10 00:00:00+09:00,1425.1003715776883,1427.8182998133736,1413.322682556385,1426.00634765625,12700,0.0,0.0
2006-04-11 00:00:00+09:00,1417.8527306069132,1421.4766353496784,1404.2630878215434,1408.79296875,12400,0.0,0.0
2006-04-12 00:00:00+09:00,1405.168964018756,1406.0749401399803,1382.5195609881507,1383.425537109375,8700,0.0,0.0
2006-04-13 00:00:00+09:00,1381.6136771385823,1396.1092960462659,1377.9897724116613,1382.5196533203125,6800,0.0,0.0
2006-04-14 00:00:00+09:00,1393.3914379431892,1393.3914379431892,1372.5539847099687,1373.4599609375,5300,0.0,0.0
2006-04-17 00:00:00+09:00,1374.3658054212,1384.33154296875,1373.4598292805138,1384.33154296875,3300,0.0,0.0
2006-04-18 00:00:00+09:00,1392.4853314577438,1394.2972837433101,1377.989713173213,1380.7076416015625,5000,0.0,0.0
2006-04-19 00:00:00+09:00,1388.8613070036236,1388.8613070036236,1377.0836181640625,1377.0836181640625,1700,0.0,0.0
2006-04-20 00:00:00+09:00,1377.0836332941271,1397.0151069339106,1374.3657050705203,1396.109130859375,2900,0.0,0.0
2006-04-21 00:00:00+09:00,1377.0837829827335,1399.7331873081075,1377.0837829827335,1397.0152587890625,6700,0.0,0.0
2006-04-24 00:00:00+09:00,1388.8612140000923,1402.4508540588017,1375.2715739413832,1377.989501953125,2800,0.0,0.0
2006-04-25 00:00:00+09:00,1374.3658054212,1384.33154296875,1364.4000678736502,1384.33154296875,1500,0.0,0.0
2006-04-26 00:00:00+09:00,1390.6733791721774,1390.6733791721774,1358.9642141747663,1380.7076416015625,9800,0.0,0.0
2006-04-27 00:00:00+09:00,1381.6137918126628,1390.6735543819264,1381.6137918126628,1389.767578125,6400,0.0,0.0
2006-04-28 00:00:00+09:00,1416.9466200086806,1416.9466200086806,1358.9641496246936,1386.1434326171875,16000,0.0,0.0
2006-05-01 00:00:00+09:00,1387.0493548744603,1387.0493548744603,1377.0836181640625,1377.0836181640625,900,0.0,0.0
2006-05-02 00:00:00+09:00,1388.8612140000923,1389.7671900040064,1368.9297419139855,1377.989501953125,2600,0.0,0.0
2006-05-03 00:00:00+09:00,1377.989501953125,1377.989501953125,1377.989501953125,1377.989501953125,0,0.0,0.0
2006-05-04 00:00:00+09:00,1377.989501953125,1377.989501953125,1377.989501953125,1377.989501953125,0,0.0,0.0
2006-05-05 00:00:00+09:00,1377.989501953125,1377.989501953125,1377.989501953125,1377.989501953125,0,0.0,0.0
2006-05-08 00:00:00+09:00,1377.9897527095898,1379.8017050471435,1368.0240148530445,1370.741943359375,6300,0.0,0.0
2006-05-09 00:00:00+09:00,1307.3235786850673,1322.7251731671506,1295.5458887870038,1306.4176025390625,41700,0.0,0.0
2006-05-10 00:00:00+09:00,1306.4175222138883,1306.4175222138883,1290.1099525884722,1292.827880859375,38000,0.0,0.0
2006-05-11 00:00:00+09:00,1291.0161274895759,1291.9221037193931,1268.3667217441448,1276.5205078125,18200,0.0,0.0
2006-05-12 00:00:00+09:00,1268.3667097723792,1268.3667097723792,1250.2471853470595,1257.4949951171875,19600,0.0,0.0
2006-05-15 00:00:00+09:00,1249.3411715064858,1249.3411715064858,1195.8885760613207,1200.41845703125,51400,0.0,0.0
2006-05-16 00:00:00+09:00,1182.298894093714,1194.0765842264482,1170.5212039609796,1176.863037109375,115700,0.0,0.0
2006-05-17 00:00:00+09:00,1171.427190038152,1171.427190038152,1159.6494998057499,1165.9913330078125,259900,0.0,0.0
2006-05-18 00:00:00+09:00,1167.8032657672757,1199.5124312458286,1150.5897187932042,1187.7347412109375,42500,0.0,0.0
2006-05-19 00:00:00+09:00,1183.2048276671899,1191.358612850195,1173.2390902212946,1190.45263671875,24000,0.0,0.0
2006-05-22 00:00:00+09:00,1190.4526829075169,1194.9825637404983,1173.2391357421875,1173.2391357421875,13500,0.0,0.0
2006-05-23 00:00:00+09:00,1165.08546382874,1168.7093688484254,1148.7778912401575,1150.58984375,20700,0.0,0.0
2006-05-24 00:00:00+09:00,1159.6495225694443,1174.1451416015625,1157.8375701904297,1174.1451416015625,59900,0.0,0.0
2006-05-25 00:00:00+09:00,1174.1449926776722,1174.1449926776722,1148.7776625889571,1169.6151123046875,36400,0.0,0.0
2006-05-26 00:00:00+09:00,1168.7092019166464,1169.6151780421633,1155.1195600338947,1164.1793212890625,8300,0.0,0.0
2006-05-29 00:00:00+09:00,1164.179487573819,1171.427297613189,1123.4105561023623,1150.58984375,50400,0.0,0.0
2006-05-30 00:00:00+09:00,1118.8806083599407,1132.4702513764582,1105.290965343423,1126.12841796875,33700,0.0,0.0
2006-05-31 00:00:00+09:00,1111.6328790838068,1119.7866654829545,1100.7611638849432,1106.197021484375,26600,0.0,0.0
2006-06-01 00:00:00+09:00,1104.3850436794748,1156.9316659382193,1103.4790674336343,1131.5643310546875,19400,0.0,0.0
2006-06-02 00:00:00+09:00,1127.0340974464757,1127.0340974464757,1103.4787224194595,1113.4444580078125,14600,0.0,0.0
2006-06-05 00:00:00+09:00,1131.5642589674883,1131.5642589674883,1105.2909495118781,1110.726806640625,10500,0.0,0.0
2006-06-06 00:00:00+09:00,1110.7265703430678,1116.162426315383,1099.8548583984375,1099.8548583984375,17000,0.0,0.0
2006-06-07 00:00:00+09:00,1103.4790405979047,1105.2909930455203,1092.607325912211,1097.13720703125,15900,0.0,0.0
2006-06-08 00:00:00+09:00,1087.1712850629265,1087.1712850629265,1060.8979790072392,1061.803955078125,21200,0.0,0.0
2006-06-09 00:00:00+09:00,1060.897936010444,1060.897936010444,978.4541169011779,1038.24853515625,24800,0.0,0.0
2006-06-12 00:00:00+09:00,1037.342887511228,1037.342887511228,1007.4456689192012,1016.5054321289062,31800,0.0,0.0
2006-06-13 00:00:00+09:00,1014.6932481210443,1014.6932481210443,1002.0095825195312,1002.0095825195312,22900,0.0,0.0
2006-06-14 00:00:00+09:00,1002.0096958392837,1023.7531250437528,997.4798147550193,1011.0694580078125,11900,0.0,0.0
2006-06-15 00:00:00+09:00,1032.8127143464662,1040.060522868196,1014.6931930421423,1031.90673828125,4300,0.0,0.0
2006-06-16 00:00:00+09:00,1051.8382803109976,1064.5219460511819,1043.6844951923076,1059.9920654296875,16700,0.0,0.0
2006-06-19 00:00:00+09:00,1065.4279946825231,1120.6925420257492,1060.8981137527505,1080.82958984375,17600,0.0,0.0
2006-06-20 00:00:00+09:00,1117.068465733292,1117.068465733292,1080.8294238603548,1098.04296875,11500,0.0,0.0
2006-06-21 00:00:00+09:00,1098.0431867977165,1111.6328301986782,1089.8894007571394,1093.5133056640625,17400,0.0,0.0
2006-06-22 00:00:00+09:00,1088.0774483036778,1106.1969728382935,1069.0519475423312,1093.5133056640625,18500,0.0,0.0
2006-06-23 00:00:00+09:00,1093.5130642631702,1093.5130642631702,1079.0174478354893,1089.88916015625,13000,0.0,0.0
2006-06-26 00:00:00+09:00,1091.7014304003428,1111.6329087976933,1087.1715489463993,1107.10302734375,17300,0.0,0.0
2006-06-27 00:00:00+09:00,1117.9745079597283,1131.5641494665322,1115.2565796583676,1129.752197265625,14400,0.0,0.0
2006-06-28 00:00:00+09:00,1151.495808463177,1151.495808463177,1129.7523785630067,1131.5643310546875,28500,0.0,0.0
2006-06-29 00:00:00+09:00,1132.4702761300798,1133.3762523509838,1098.0431797357253,1100.7611083984375,14500,0.0,0.0
2006-06-30 00:00:00+09:00,1091.7010373485332,1113.4444604990433,1088.9831094547194,1109.820556640625,14200,0.0,0.0
2006-07-03 00:00:00+09:00,1120.6924720025831,1123.410400390625,1112.5386868384576,1123.410400390625,11700,0.0,0.0
2006-07-04 00:00:00+09:00,1123.4103645624498,1132.4701255669856,1121.5984123615426,1129.752197265625,17300,0.0,0.0
2006-07-05 00:00:00+09:00,1133.3760747494905,1134.282050828427,1118.8804574865073,1125.2222900390625,12700,0.0,0.0
2006-07-06 00:00:00+09:00,1114.3506095830812,1134.2820839008273,1114.3506095830812,1122.50439453125,6500,0.0,0.0
2006-07-07 00:00:00+09:00,1123.4105139210392,1123.4105139210392,1100.7611083984375,1100.7611083984375,7200,0.0,0.0
2006-07-10 00:00:00+09:00,1105.290979013855,1113.4447649246129,1092.6073120415647,1111.6328125,10900,0.0,0.0
2006-07-11 00:00:00+09:00,1096.2311714872828,1098.0431238368485,1087.171409739454,1095.3251953125,17100,0.0,0.0
2006-07-12 00:00:00+09:00,1085.359437668204,1087.1713899848453,1078.1116284016382,1083.5474853515625,10300,0.0,0.0
2006-07-13 00:00:00+09:00,1069.0519027774128,1077.2056884765625,1066.3339742110295,1077.2056884765625,9700,0.0,0.0
2006-07-14 00:00:00+09:00,1069.9577040344705,1074.487584237834,1060.8979436277432,1068.145751953125,3600,0.0,0.0
2006-07-17 00:00:00+09:00,1068.145751953125,1068.145751953125,1068.145751953125,1068.145751953125,0,0.0,0.0
2006-07-18 00:00:00+09:00,1068.1457964666959,1071.7697007804081,1043.684442349138,1050.9322509765625,11800,0.0,0.0
2006-07-19 00:00:00+09:00,1041.872747461279,1046.4026289719802,1030.095055533456,1036.4368896484375,7200,0.0,0.0
2006-07-20 00:00:00+09:00,1040.9665289627878,1044.5904333281935,1027.3768875925164,1032.812744140625,11100,0.0,0.0
2006-07-21 00:00:00+09:00,1032.813025775044,1037.3429074670398,1025.5652150678509,1026.47119140625,6200,0.0,0.0
2006-07-24 00:00:00+09:00,1026.4709737606752,1031.90683063849,1023.7530453217679,1031.0008544921875,3200,0.0,0.0
2006-07-25 00:00:00+09:00,1021.035028371937,1032.812717252891,1021.035028371937,1028.2828369140625,4100,0.0,0.0
2006-07-26 00:00:00+09:00,1019.2230893974338,1040.9665153045792,1002.0095438876106,1011.9752807617188,10100,0.0,0.0
2006-07-27 00:00:00+09:00,1012.8812760531692,1025.56494140625,1011.9752999565205,1025.56494140625,5900,0.0,0.0
2006-07-28 00:00:00+09:00,1045.4965193065393,1048.2144478662617,1015.5993051495932,1047.3084716796875,23600,0.0,0.0
2006-07-31 00:00:00+09:00,1056.3681970204348,1059.086125486182,1050.026363933691,1053.6502685546875,6600,0.0,0.0
2006-08-01 00:00:00+09:00,1062.7102722324871,1063.6162485941518,1053.650508615842,1057.2744140625,5600,0.0,0.0
2006-08-02 00:00:00+09:00,1057.2741370567908,1064.5219460511819,1046.4024235652043,1059.9920654296875,9200,0.0,0.0
2006-08-03 00:00:00+09:00,1067.2400234790557,1069.051975980718,1060.898189723238,1064.5220947265625,4800,0.0,0.0
2006-08-04 00:00:00+09:00,1065.4280968617586,1073.5818833173332,1062.7101680432336,1069.052001953125,7700,0.0,0.0
2006-08-07 00:00:00+09:00,1069.052106764139,1069.052106764139,1056.3684377008356,1057.2744140625,6600,0.0,0.0
2006-08-08 00:00:00+09:00,1054.556381587659,1069.052001953125,1054.556381587659,1069.052001953125,4600,0.0,0.0
2006-08-09 00:00:00+09:00,1076.2998046875,1076.2998046875,1063.6161369554925,1076.2998046875,5100,0.0,0.0
2006-08-10 00:00:00+09:00,1076.299748919337,1076.299748919337,1064.522058064159,1070.8638916015625,6900,0.0,0.0
2006-08-11 00:00:00+09:00,1067.2398324185785,1075.3936172163437,1067.2398324185785,1073.5816650390625,2400,0.0,0.0
2006-08-14 00:00:00+09:00,1076.2997384382852,1081.735595703125,1075.3937622274786,1081.735595703125,4200,0.0,0.0
2006-08-15 00:00:00+09:00,1082.6415979991464,1088.077455394958,1082.6415979991464,1086.2655029296875,12200,0.0,0.0
2006-08-16 00:00:00+09:00,1102.573034567084,1102.573034567084,1087.1714391787189,1096.231201171875,15200,0.0,0.0
2006-08-17 00:00:00+09:00,1094.4192890234049,1096.2312414886753,1083.5475742317817,1086.2655029296875,13800,0.0,0.0
2006-08-18 00:00:00+09:00,1086.26535110601,1086.26535110601,1079.9235183639398,1085.359375,6200,0.0,0.0
2006-08-21 00:00:00+09:00,1092.6073365581344,1092.6073365581344,1086.2655029296875,1086.2655029296875,2900,0.0,0.0
2006-08-22 00:00:00+09:00,1088.9832794240401,1089.8892555300501,1082.64144668197,1085.359375,10500,0.0,0.0
2006-08-23 00:00:00+09:00,1085.359375,1088.9832794240401,1082.64144668197,1085.359375,9700,0.0,0.0
2006-08-24 00:00:00+09:00,1085.3593811548058,1086.2653572659533,1077.2055961544775,1078.111572265625,15200,0.0,0.0
2006-08-25 00:00:00+09:00,1073.5817770133342,1086.2654435772047,1070.8638484639332,1084.4534912109375,45200,0.0,0.0
2006-08-28 00:00:00+09:00,1080.829452566726,1080.829452566726,1051.8382182983814,1061.803955078125,28700,0.0,0.0
2006-08-29 00:00:00+09:00,1060.898189723238,1067.2400234790557,1053.650379716589,1064.5220947265625,8900,0.0,0.0
2006-08-30 00:00:00+09:00,1047.3085133369589,1068.145966456985,1047.3085133369589,1067.239990234375,10300,0.0,0.0
2006-08-31 00:00:00+09:00,1069.0518832044536,1069.0518832044536,1059.992121482382,1065.427978515625,4000,0.0,0.0
2006-09-01 00:00:00+09:00,1064.5219758878295,1065.4279520375214,1055.4622143909119,1060.8980712890625,7600,0.0,0.0
2006-09-04 00:00:00+09:00,1045.4964474409055,1059.9920654296875,1044.5904713166065,1059.9920654296875,12200,0.0,0.0
2006-09-05 00:00:00+09:00,1059.992062310344,1063.615966796875,1050.932301094016,1063.615966796875,5200,0.0,0.0
2006-09-06 00:00:00+09:00,1055.461909691696,1062.709716796875,1051.8380061391065,1062.709716796875,7400,0.0,0.0
2006-09-07 00:00:00+09:00,1064.5219429185076,1069.0518235266716,1056.3681578238127,1063.615966796875,7000,0.0,0.0
2006-09-08 00:00:00+09:00,1059.9919675870706,1070.863680075143,1059.9919675870706,1068.145751953125,13100,0.0,0.0
2006-09-11 00:00:00+09:00,1069.051975980718,1071.7699047332114,1064.5220947265625,1064.5220947265625,11700,0.0,0.0
2006-09-12 00:00:00+09:00,1064.5220124025116,1064.5220124025116,1049.1204173294539,1054.5562744140625,2800,0.0,0.0
2006-09-13 00:00:00+09:00,1047.3084012919342,1047.3084012919342,996.5737382535707,1022.8470458984375,10600,0.0,0.0
2006-09-14 00:00:00+09:00,1021.9411811527717,1054.5563252321156,1021.9411811527717,1033.7188720703125,6400,0.0,0.0
2006-09-15 00:00:00+09:00,1034.6246282693614,1041.8724365234375,1033.7186522376019,1041.8724365234375,4000,0.0,0.0
2006-09-18 00:00:00+09:00,1041.8724365234375,1041.8724365234375,1041.8724365234375,1041.8724365234375,0,0.0,0.0
2006-09-19 00:00:00+09:00,1059.9921825786728,1059.9921825786728,1023.7531336016242,1033.7188720703125,3400,0.0,0.0
2006-09-20 00:00:00+09:00,1032.8126627604167,1032.8126627604167,1013.7871663411458,1019.2230224609375,6500,0.0,0.0
2006-09-21 00:00:00+09:00,1036.4366691172484,1050.0263107577719,1017.4111708205157,1044.5904541015625,4800,0.0,0.0
2006-09-22 00:00:00+09:00,1045.4963881485,1045.4963881485,995.6677041379562,1021.0350341796875,8100,0.0,0.0
2006-09-25 00:00:00+09:00,1021.0350254986556,1031.90673828125,1014.6931930421423,1031.90673828125,1800,0.0,0.0
2006-09-26 00:00:00+09:00,1014.6932983398438,1032.8128215244838,1013.7873221806118,1014.6932983398438,5600,0.0,0.0
2006-09-27 00:00:00+09:00,1018.317159070608,1030.0948486328125,1014.6932545899297,1030.0948486328125,19700,0.0,0.0
2006-09-28 00:00:00+09:00,1041.8727103627432,1041.8727103627432,1011.9754934566819,1012.8814697265625,5000,0.0,0.0
2006-09-29 00:00:00+09:00,1019.2233532930898,1048.2145953423155,1015.5994480369366,1023.7532348632812,5400,0.0,0.0
2006-10-02 00:00:00+09:00,1005.6334933882339,1032.8127769933212,1005.6334933882339,1030.0948486328125,6000,0.0,0.0
2006-10-03 00:00:00+09:00,1014.6933218149038,1014.6933218149038,978.4542746072287,989.3259887695312,23600,0.0,0.0
2006-10-04 00:00:00+09:00,1003.8217238547586,1005.6336764248936,992.9500084339489,996.5739135742188,7700,0.0,0.0
2006-10-05 00:00:00+09:00,997.4798147550193,1028.2830061280172,996.5738385381665,1011.0694580078125,20300,0.0,0.0
2006-10-06 00:00:00+09:00,1011.0694948820728,1011.0694948820728,998.3858273835522,1004.7276611328125,5500,0.0,0.0
2006-10-09 00:00:00+09:00,1004.7276611328125,1004.7276611328125,1004.7276611328125,1004.7276611328125,0,0.0,0.0
2006-10-10 00:00:00+09:00,1004.7275855388116,1010.1634426291929,981.1722048138259,987.5140380859375,9900,0.0,0.0
2006-10-11 00:00:00+09:00,993.855811511769,993.855811511769,982.0781218584847,985.7020263671875,9400,0.0,0.0
2006-10-12 00:00:00+09:00,979.3601460964879,987.5139308465975,964.8645287629599,969.3944091796875,6800,0.0,0.0
2006-10-13 00:00:00+09:00,982.984079039219,982.984079039219,970.300413503229,972.1123657226562,2700,0.0,0.0
2006-10-16 00:00:00+09:00,978.4544284284607,987.5141916546502,976.6424757832228,986.6082153320312,9000,0.0,0.0
2006-10-17 00:00:00+09:00,996.5736317589851,996.5736317589851,933.1553097379588,965.7704467773438,8600,0.0,0.0
2006-10-18 00:00:00+09:00,975.7362117642436,976.6421878197351,959.4286427653984,968.4884033203125,3100,0.0,0.0
2006-10-19 00:00:00+09:00,978.4542615874475,978.4542615874475,962.14669056099,970.3004760742188,3200,0.0,0.0
2006-10-20 00:00:00+09:00,976.6422178464514,976.6422178464514,965.7705048463055,969.3944091796875,2600,0.0,0.0
2006-10-23 00:00:00+09:00,964.8646024237096,964.8646024237096,942.2151986109465,954.8988647460938,5400,0.0,0.0
2006-10-24 00:00:00+09:00,964.8645707984672,968.4884752897291,953.0868812018662,955.8048095703125,9400,0.0,0.0
2006-10-25 00:00:00+09:00,969.3944848354325,969.3944848354325,952.1809379084482,953.0869140625,8500,0.0,0.0
2006-10-26 00:00:00+09:00,955.8048158662026,955.8048158662026,944.0271261920219,948.5570068359375,5700,0.0,0.0
2006-10-27 00:00:00+09:00,951.2749569177178,958.5227661132812,948.5570284693814,958.5227661132812,22200,0.0,0.0
2006-10-30 00:00:00+09:00,965.7706757319098,966.6766519755607,935.8734596914286,950.3690795898438,24500,0.0,0.0
2006-10-31 00:00:00+09:00,963.9586295572917,967.5825341796875,951.2749633789064,951.2749633789062,12600,0.0,0.0
2006-11-01 00:00:00+09:00,953.0868621826172,953.0868621826172,933.155387878418,942.2151489257812,7300,0.0,0.0
2006-11-02 00:00:00+09:00,942.2152149193062,942.2152149193062,925.0016677236649,936.7793579101562,7800,0.0,0.0
2006-11-03 00:00:00+09:00,936.7793579101562,936.7793579101562,936.7793579101562,936.7793579101562,0,0.0,0.0
2006-11-06 00:00:00+09:00,929.5315303184801,929.5315303184801,919.5657926639935,923.189697265625,6900,0.0,0.0
2006-11-07 00:00:00+09:00,921.3777514720882,923.189703785701,915.0359183744436,915.94189453125,9000,0.0,0.0
2006-11-08 00:00:00+09:00,915.0359899694616,915.0359899694616,898.7284178709959,905.0702514648438,13000,0.0,0.0
2006-11-09 00:00:00+09:00,905.9761416527533,905.9761416527533,896.9163802362258,898.7283325195312,7400,0.0,0.0
2006-11-10 00:00:00+09:00,898.7283791270555,909.6000933906893,878.7969029770603,881.5148315429688,18100,0.0,0.0
2006-11-13 00:00:00+09:00,882.4208111364406,883.3267873285724,865.2072634859351,877.8909301757812,11600,0.0,0.0
2006-11-14 00:00:00+09:00,884.2326585874112,896.0103476874484,873.3609455719923,893.2924194335938,6600,0.0,0.0
2006-11-15 00:00:00+09:00,885.1387431564726,887.8566717434423,874.2670288085938,874.2670288085938,13000,0.0,0.0
2006-11-16 00:00:00+09:00,876.0789153141293,896.9163662471437,874.2669630590846,879.7028198242188,6500,0.0,0.0
2006-11-17 00:00:00+09:00,878.796875,889.6685889175258,878.796875,878.796875,5000,0.0,0.0
2006-11-20 00:00:00+09:00,886.9506955477858,889.6686241347555,874.2670288085938,874.2670288085938,6400,0.0,0.0
2006-11-21 00:00:00+09:00,876.0789794921875,878.7969080738592,874.2670271044063,876.0789794921875,6400,0.0,0.0
2006-11-22 00:00:00+09:00,875.1729948732968,885.1387329101562,870.6431139474516,885.1387329101562,6600,0.0,0.0
2006-11-23 00:00:00+09:00,885.1387329101562,885.1387329101562,885.1387329101562,885.1387329101562,0,0.0,0.0
2006-11-24 00:00:00+09:00,903.2582072913956,904.1641834270941,870.64306640625,870.64306640625,7500,0.0,0.0
2006-11-27 00:00:00+09:00,881.5147627464753,892.3864761616425,876.9848821568222,890.5745239257812,7600,0.0,0.0
2006-11-28 00:00:00+09:00,907.7881139954525,914.1299471271573,907.7881139954525,910.5060424804688,30400,0.0,0.0
2006-11-29 00:00:00+09:00,933.1554499572871,946.7450924323932,928.6255691322517,940.4032592773438,11000,0.0,0.0
2006-11-30 00:00:00+09:00,969.3944831862622,988.4199823889833,943.121174763457,954.8988647460938,14500,0.0,0.0
2006-12-01 00:00:00+09:00,955.8048392787124,963.9586246374882,945.8391016179866,956.7108154296875,8900,0.0,0.0
2006-12-04 00:00:00+09:00,955.8049370517494,955.8049370517494,947.6511508588909,950.3690795898438,4900,0.0,0.0
2006-12-05 00:00:00+09:00,932.2494490851949,944.9331150591431,924.0956638162281,934.0614013671875,12800,0.0,0.0
2006-12-06 00:00:00+09:00,926.8135627228079,938.5912521806736,918.6597777135164,933.1553955078125,7800,0.0,0.0
2006-12-07 00:00:00+09:00,939.4972582131653,942.2151866361542,933.1554252261911,934.0614013671875,5200,0.0,0.0
2006-12-08 00:00:00+09:00,916.847898705236,924.0957081811667,915.0359463362533,918.6598510742188,15900,0.0,0.0
2006-12-11 00:00:00+09:00,919.5658569335938,922.2837855747767,915.0359758649554,919.5658569335938,17900,0.0,0.0
2006-12-12 00:00:00+09:00,923.1897286225865,923.1897286225865,911.4120382672443,922.2837524414062,6100,0.0,0.0
2006-12-13 00:00:00+09:00,924.0957380022321,924.0957380022321,915.941952078683,919.5658569335938,4900,0.0,0.0
2006-12-14 00:00:00+09:00,915.941952078683,923.1897617885045,908.6941423688615,919.5658569335938,4900,0.0,0.0
2006-12-15 00:00:00+09:00,920.4718331473214,920.4718331473214,908.6941423688615,919.5658569335938,5700,0.0,0.0
2006-12-18 00:00:00+09:00,906.8821035252939,942.2151724938119,905.976127397896,915.035888671875,19800,0.0,0.0
2006-12-19 00:00:00+09:00,910.5059937881146,911.4119699013365,896.0103759765625,896.0103759765625,13600,0.0,0.0
2006-12-20 00:00:00+09:00,897.8223484671283,908.6940620711702,896.9163723334581,907.7880859375,7500,0.0,0.0
2006-12-21 00:00:00+09:00,911.4120001282355,923.1896899907276,896.9163818359375,896.9163818359375,19300,0.0,0.0
2006-12-22 00:00:00+09:00,904.1641625556057,905.976114785176,894.1984252929688,894.1984252929688,16000,0.0,0.0
2006-12-25 00:00:00+09:00,894.1984614780971,894.1984614780971,880.6088192063935,887.8566284179688,17800,0.0,0.0
2006-12-26 00:00:00+09:00,887.8566717434423,887.8566717434423,873.3610526129372,874.2670288085938,17400,0.0,0.0
2006-12-27 00:00:00+09:00,879.7028257937251,907.7880859375,879.7028257937251,907.7880859375,9400,0.0,0.0
2006-12-28 00:00:00+09:00,925.9077095002052,931.3435668945312,912.3180660143901,931.3435668945312,27200,0.0,0.0
2006-12-29 00:00:00+09:00,924.0956405370903,937.6852823096946,924.0956405370903,925.9075927734375,7400,0.0,0.0
2007-01-04 00:00:00+09:00,928.6255707611908,939.4972847603462,928.6255707611908,938.59130859375,4500,0.0,0.0
2007-01-05 00:00:00+09:00,938.5912631778266,938.5912631778266,919.5657645998978,920.4717407226562,7600,0.0,0.0
2007-01-09 00:00:00+09:00,921.3778283382668,931.3435668945312,921.3778283382668,931.3435668945312,5800,0.0,0.0
2007-01-10 00:00:00+09:00,931.3434541957585,931.3434541957585,915.9418601088636,920.4717407226562,10800,0.0,0.0
2007-01-11 00:00:00+09:00,920.4718227962209,938.5913468670126,915.0359655749833,930.4375610351562,12000,0.0,0.0
2007-01-12 00:00:00+09:00,930.4375330209732,934.0614377260208,927.7196044921875,927.7196044921875,10200,0.0,0.0
2007-01-15 00:00:00+09:00,929.5315502078034,935.8733833963557,928.6255740380103,934.9674072265625,6900,0.0,0.0
2007-01-16 00:00:00+09:00,946.7450609106187,953.9928699893603,936.779323427349,941.3092041015625,14200,0.0,0.0
2007-01-17 00:00:00+09:00,942.2152430388138,942.2152430388138,933.1554810865175,939.497314453125,6900,0.0,0.0
2007-01-18 00:00:00+09:00,936.7792922973633,947.6510055541993,936.7792922973633,942.2151489257812,18100,0.0,0.0
2007-01-19 00:00:00+09:00,942.2152430388138,942.2152430388138,937.6853620626657,939.497314453125,14400,0.0,0.0
2007-01-22 00:00:00+09:00,940.4032279667199,942.2151802364052,934.9673711576637,941.3092041015625,23900,0.0,0.0
2007-01-23 00:00:00+09:00,945.8390912001394,945.8390912001394,934.0614013671875,934.0614013671875,7900,0.0,0.0
2007-01-24 00:00:00+09:00,934.967405573773,936.7793579101562,931.3435009010065,936.7793579101562,20000,0.0,0.0
2007-01-25 00:00:00+09:00,934.0613716199559,936.7792999563865,933.1553955078125,933.1553955078125,16300,0.0,0.0
2007-01-26 00:00:00+09:00,933.1553627745341,937.6852431763522,933.1553627745341,935.873291015625,12500,0.0,0.0
2007-01-29 00:00:00+09:00,935.873291015625,940.4031714174431,925.0015780512614,935.873291015625,51900,0.0,0.0
2007-01-30 00:00:00+09:00,932.249485373497,933.1554615497589,927.7196044921875,927.7196044921875,9700,0.0,0.0
2007-01-31 00:00:00+09:00,928.6256173132913,928.6256173132913,921.3778076171875,921.3778076171875,13700,0.0,0.0
2007-02-01 00:00:00+09:00,922.2837115342355,940.4032343541616,922.2837115342355,934.0614013671875,18500,0.0,0.0
2007-02-02 00:00:00+09:00,925.9077095002052,934.9674718240819,925.9077095002052,931.3435668945312,4700,0.0,0.0
2007-02-05 00:00:00+09:00,934.0614763532366,934.0614763532366,919.5658569335938,919.5658569335938,15400,0.0,0.0
2007-02-06 00:00:00+09:00,915.9418051583426,931.3433983212426,910.5059487479074,913.223876953125,32000,0.0,0.0
2007-02-07 00:00:00+09:00,929.5315303184801,929.5315303184801,922.2837211152172,923.189697265625,6800,0.0,0.0
2007-02-08 00:00:00+09:00,934.0614462105715,936.7793747640455,918.6598510742188,918.6598510742188,13700,0.0,0.0
2007-02-09 00:00:00+09:00,920.4717672050992,927.7195763956905,916.8478626098035,925.0016479492188,5200,0.0,0.0
2007-02-13 00:00:00+09:00,927.7196358748778,933.1554931163322,925.0017072541506,926.8136596679688,9800,0.0,0.0
2007-02-14 00:00:00+09:00,928.6255525445144,931.3434809909862,925.0016479492188,925.0016479492188,18300,0.0,0.0
2007-02-15 00:00:00+09:00,925.907554131625,935.873291015625,925.907554131625,935.873291015625,11300,0.0,0.0
2007-02-16 00:00:00+09:00,936.7793961985518,938.5913486089939,928.6256103515625,928.6256103515625,20400,0.0,0.0
2007-02-19 00:00:00+09:00,934.9674122235929,936.7793645728633,929.5315551757812,929.5315551757812,12200,0.0,0.0
2007-02-20 00:00:00+09:00,929.5315568447113,934.9674139022827,927.7196044921875,927.7196044921875,24200,0.0,0.0
2007-02-21 00:00:00+09:00,928.6256120817868,930.437564495605,925.0017072541506,926.8136596679688,47800,0.0,0.0
2007-02-22 00:00:00+09:00,925.0017055306784,928.6256103515625,924.0957293254573,928.6256103515625,56800,0.0,0.0
2007-02-23 00:00:00+09:00,914.1299125444771,919.5657693088644,910.5060080348854,915.035888671875,33300,0.0,0.0
2007-02-26 00:00:00+09:00,913.2239364170791,922.2836976910581,913.2239364170791,915.035888671875,20200,0.0,0.0
2007-02-27 00:00:00+09:00,915.035888671875,917.7538170540687,908.6940557800897,915.035888671875,42400,0.0,0.0
2007-02-28 00:00:00+09:00,888.7625686042577,900.540258096465,885.138664145117,894.1984252929688,22300,0.0,0.0
2007-03-01 00:00:00+09:00,897.8224728265124,905.9762591589429,896.0105203081945,904.164306640625,17900,0.0,0.0
2007-03-02 00:00:00+09:00,896.9164115220578,901.4462923883309,896.0104353488033,897.8223876953125,8400,0.0,0.0
2007-03-05 00:00:00+09:00,892.3864730633984,897.8223297521095,888.7625686042577,894.1984252929688,16600,0.0,0.0
2007-03-06 00:00:00+09:00,887.8565940276015,896.9163551911485,887.8565940276015,892.386474609375,6600,0.0,0.0
2007-03-07 00:00:00+09:00,896.9163567512954,901.4462373409485,888.76257168992,890.5745239257812,5800,0.0,0.0
2007-03-08 00:00:00+09:00,894.1985420157902,899.6343994140625,887.8567083844725,899.6343994140625,7400,0.0,0.0
2007-03-09 00:00:00+09:00,898.7282685429217,905.0701010830431,895.1043642342809,902.3521728515625,11500,0.0,0.0
2007-03-12 00:00:00+09:00,902.3523227817661,905.9762276925363,899.6343940986885,905.0702514648438,10700,0.0,0.0
2007-03-13 00:00:00+09:00,905.0701970813493,905.9761732546039,897.8223876953125,897.8223876953125,3500,0.0,0.0
2007-03-14 00:00:00+09:00,897.8224295711713,902.352310648725,885.1387625540204,886.0447387695312,17600,0.0,0.0
2007-03-15 00:00:00+09:00,900.5402871822835,900.5402871822835,860.6773368442347,861.5833129882812,16500,0.0,0.0
2007-03-16 00:00:00+09:00,870.6430679973646,876.9849009588438,867.9251395853021,868.8311157226562,9500,0.0,0.0
2007-03-19 00:00:00+09:00,868.8311454137166,874.2670024236044,868.8311454137166,869.7371215820312,5400,0.0,0.0
2007-03-20 00:00:00+09:00,870.6430443693462,871.5490204821135,837.1219281969572,860.6773071289062,24300,0.0,0.0
2007-03-22 00:00:00+09:00,861.583351086659,869.7371367436306,852.5235892455796,853.4295654296875,23200,0.0,0.0
2007-03-23 00:00:00+09:00,860.6773715190606,864.3012762412461,853.4295620746896,857.053466796875,17600,0.0,0.0
2007-03-26 00:00:00+09:00,865.2072175644674,865.2072175644674,854.3355038359088,861.5833129882812,6400,0.0,0.0
2007-03-27 00:00:00+09:00,863.3952916995252,866.1132202148438,861.5833393559794,866.1132202148438,11200,0.0,0.0
2007-03-28 00:00:00+09:00,883.3266733582117,887.8565537344076,862.4892236277102,867.0191040039062,25900,0.0,0.0
2007-03-29 00:00:00+09:00,865.2072111732394,876.0789248214896,862.4892827611769,868.8311157226562,8900,0.0,0.0
2007-03-30 00:00:00+09:00,887.8565537344076,887.8565537344076,865.2071518534278,867.0191040039062,6900,0.0,0.0
2007-04-02 00:00:00+09:00,868.8311925192821,871.5491211715844,852.5236206054688,852.5236206054688,8800,0.0,0.0
2007-04-03 00:00:00+09:00,853.42950284279,862.489264019465,851.617550607455,855.241455078125,3500,0.0,0.0
2007-04-04 00:00:00+09:00,882.4207715092873,889.6685807208626,870.6430815404775,887.8566284179688,18100,0.0,0.0
2007-04-05 00:00:00+09:00,886.9506721656193,887.8566483373921,866.1132202148438,866.1132202148438,2900,0.0,0.0
2007-04-06 00:00:00+09:00,860.677341683201,867.0191747271825,856.1474609375,856.1474609375,9100,0.0,0.0
2007-04-09 00:00:00+09:00,864.3012745531299,867.9251792682373,847.0877271563695,858.8654174804688,19100,0.0,0.0
2007-04-10 00:00:00+09:00,862.489307348279,876.9849259591745,861.583331185098,875.1729736328125,8900,0.0,0.0
2007-04-11 00:00:00+09:00,875.1729141172037,876.984866320345,864.3012008983565,873.3609619140625,7900,0.0,0.0
2007-04-12 00:00:00+09:00,874.2669081960264,874.2669081960264,865.2071474893319,872.4549560546875,4100,0.0,0.0
2007-04-13 00:00:00+09:00,865.2073086009307,868.8312135584214,860.6774274040671,862.4893798828125,4300,0.0,0.0
2007-04-16 00:00:00+09:00,862.4893798828125,868.8312135584214,861.5834036434399,862.4893798828125,5900,0.0,0.0
2007-04-17 00:00:00+09:00,865.2072558230909,874.2670176641703,852.5235892455796,853.4295654296875,7500,0.0,0.0
2007-04-18 00:00:00+09:00,858.8654174804688,859.7713936592456,852.5235842290307,858.8654174804688,2600,0.0,0.0
2007-04-19 00:00:00+09:00,859.771331016139,864.3012115799753,858.8653549033717,860.6773071289062,5200,0.0,0.0
2007-04-20 00:00:00+09:00,861.5833129882812,862.4892891323278,860.6773368442347,861.5833129882812,3000,0.0,0.0
2007-04-23 00:00:00+09:00,864.3013061394536,864.3013061394536,856.1475202324776,857.95947265625,6400,0.0,0.0
2007-04-24 00:00:00+09:00,856.14742656507,860.6773071289062,851.6175460012336,860.6773071289062,6100,0.0,0.0
2007-04-25 00:00:00+09:00,857.0534290892915,865.2072143554688,856.1474529486052,865.2072143554688,4300,0.0,0.0
2007-04-26 00:00:00+09:00,867.0192192433411,874.2670288085938,860.6773858737452,874.2670288085938,9400,0.0,0.0
2007-04-27 00:00:00+09:00,874.2670203575722,883.3267822265625,874.2670203575722,883.3267822265625,10600,0.0,0.0
2007-05-01 00:00:00+09:00,896.9163551911485,896.9163551911485,881.5147612131186,892.386474609375,18400,0.0,0.0
2007-05-02 00:00:00+09:00,886.9506210031616,895.104406078778,886.0446448836487,888.7625732421875,3000,0.0,0.0
2007-05-07 00:00:00+09:00,879.7028511597938,881.5148034793814,874.2669942010309,878.796875,11000,0.0,0.0
2007-05-08 00:00:00+09:00,878.7968782855363,880.6088306118983,875.1729736328125,875.1729736328125,2800,0.0,0.0
2007-05-09 00:00:00+09:00,876.0789794921875,878.7969080738592,875.1730032982969,876.0789794921875,1300,0.0,0.0
2007-05-10 00:00:00+09:00,874.2669081960264,877.8908124787042,871.548979984018,872.4549560546875,7200,0.0,0.0
2007-05-11 00:00:00+09:00,865.2071518534278,868.8310561543846,865.2071518534278,867.0191040039062,4600,0.0,0.0
2007-05-14 00:00:00+09:00,874.2669304881008,883.3266914258013,869.7370500192505,882.4207153320312,6100,0.0,0.0
2007-05-15 00:00:00+09:00,872.455018677647,874.266970949044,861.583305049265,870.64306640625,8300,0.0,0.0
2007-05-16 00:00:00+09:00,861.5832832416735,863.3952354672081,860.6773071289062,860.6773071289062,5700,0.0,0.0
2007-05-17 00:00:00+09:00,860.677341683201,860.677341683201,856.1474609375,856.1474609375,6700,0.0,0.0
2007-05-18 00:00:00+09:00,857.0534718614944,857.0534718614944,851.6176147460938,851.6176147460938,4700,0.0,0.0
2007-05-21 00:00:00+09:00,852.5236136594235,860.6773995498962,852.5236136594235,859.7714233398438,3800,0.0,0.0
2007-05-22 00:00:00+09:00,860.6773598988851,869.7371215820312,854.3355267206828,869.7371215820312,3600,0.0,0.0
2007-05-23 00:00:00+09:00,860.6773648371986,869.737126572327,860.6773648371986,864.30126953125,4800,0.0,0.0
2007-05-24 00:00:00+09:00,862.4892593544408,863.3952354672081,860.6773071289062,860.6773071289062,5100,0.0,0.0
2007-05-25 00:00:00+09:00,861.5833097927233,865.2072143554688,859.7713575113506,865.2072143554688,8200,0.0,0.0
2007-05-28 00:00:00+09:00,866.1132169087729,873.3610262552897,866.1132169087729,869.7371215820312,5400,0.0,0.0
2007-05-29 00:00:00+09:00,881.5147720792635,881.5147720792635,879.7028198242188,879.7028198242188,17900,0.0,0.0
2007-05-30 00:00:00+09:00,878.7968436966964,881.5147720792635,878.7968436966964,879.7028198242188,3100,0.0,0.0
2007-05-31 00:00:00+09:00,877.8908424219155,877.8908424219155,871.5490097109213,873.3609619140625,4700,0.0,0.0
2007-06-01 00:00:00+09:00,877.8909021223553,878.7968782855363,869.7371166537267,875.1729736328125,2800,0.0,0.0
2007-06-04 00:00:00+09:00,870.6430039133486,873.360932125357,865.2071474893319,872.4549560546875,4700,0.0,0.0
2007-06-05 00:00:00+09:00,866.1131531014977,873.3609619140625,866.1131531014977,873.3609619140625,3200,0.0,0.0
2007-06-06 00:00:00+09:00,875.1729551489797,875.1729551489797,860.6773368442347,861.5833129882812,6000,0.0,0.0
2007-06-07 00:00:00+09:00,863.3952916995252,868.8311487301622,863.3952916995252,866.1132202148438,2600,0.0,0.0
2007-06-08 00:00:00+09:00,861.5833129882812,864.3012414204209,861.5833129882812,861.5833129882812,9700,0.0,0.0
2007-06-11 00:00:00+09:00,863.3953561221853,864.3013323615579,861.5834036434399,862.4893798828125,4600,0.0,0.0
2007-06-12 00:00:00+09:00,863.3953561221853,864.3013323615579,860.6774274040671,862.4893798828125,17500,0.0,0.0
2007-06-13 00:00:00+09:00,861.5833097927233,867.0191666368414,861.5833097927233,865.2072143554688,7600,0.0,0.0
2007-06-14 00:00:00+09:00,866.1131576506231,867.9251098632812,866.1131576506231,867.9251098632812,9000,0.0,0.0
2007-06-15 00:00:00+09:00,875.1730032982969,876.984955686078,871.5490985227345,876.0789794921875,5100,0.0,0.0
2007-06-18 00:00:00+09:00,889.6685240821917,889.6685240821917,876.0788826756409,882.4207153320312,8900,0.0,0.0
2007-06-19 00:00:00+09:00,882.4207153320312,883.3266914258013,882.4207153320312,882.4207153320312,6800,0.0,0.0
2007-06-20 00:00:00+09:00,883.326789043312,883.326789043312,876.0789794921875,876.0789794921875,7400,0.0,0.0
2007-06-21 00:00:00+09:00,879.7028198242188,879.7028198242188,879.7028198242188,879.7028198242188,1000,0.0,0.0
2007-06-22 00:00:00+09:00,873.3610245988176,873.3610245988176,869.7371199324324,871.549072265625,6100,0.0,0.0
2007-06-25 00:00:00+09:00,873.3609964094271,874.2669725467813,868.8311157226562,868.8311157226562,5900,0.0,0.0
2007-06-26 00:00:00+09:00,869.7370278426791,872.4549560546875,867.9250757013402,872.4549560546875,4200,0.0,0.0
2007-06-27 00:00:00+09:00,874.2670479678912,886.0447387695312,872.4550955368697,886.0447387695312,23200,0.0,0.0
2007-06-28 00:00:00+09:00,883.3266839748476,891.48046875,872.454970941311,891.48046875,31300,0.0,0.0
2007-06-29 00:00:00+09:00,883.3267788599655,887.8566597771961,882.4208026765194,886.95068359375,1300,0.0,0.0
2007-07-02 00:00:00+09:00,886.95068359375,886.95068359375,886.95068359375,886.95068359375,1700,0.0,0.0
2007-07-03 00:00:00+09:00,885.1387625540204,886.9507149850419,884.2327863385096,886.0447387695312,2800,0.0,0.0
2007-07-04 00:00:00+09:00,887.8566614656635,887.8566614656635,883.3267805398182,885.1387329101562,2500,0.0,0.0
2007-07-05 00:00:00+09:00,888.7626674160636,892.3865722781067,879.7029052609558,886.0447387695312,16200,0.0,0.0
2007-07-06 00:00:00+09:00,887.8566631610577,887.8566631610577,882.4208060396635,883.3267822265625,6300,0.0,0.0
2007-07-09 00:00:00+09:00,885.1387329101562,888.7626376508325,885.1387329101562,885.1387329101562,5900,0.0,0.0
2007-07-10 00:00:00+09:00,885.1387346003606,886.0447107872596,879.7028774789663,883.3267822265625,6900,0.0,0.0
2007-07-11 00:00:00+09:00,883.3268153814622,883.3268153814622,879.702910497846,880.60888671875,3500,0.0,0.0
2007-07-12 00:00:00+09:00,880.6088587521768,881.5148349443087,874.2670254072538,877.8909301757812,10400,0.0,0.0
2007-07-13 00:00:00+09:00,878.7968832651775,878.7968832651775,867.925169245402,869.7371215820312,11700,0.0,0.0
2007-07-17 00:00:00+09:00,869.7370322296238,873.3609365305805,867.0191040039062,867.0191040039062,7600,0.0,0.0
2007-07-18 00:00:00+09:00,866.1132848403033,866.1132848403033,860.6774274040671,862.4893798828125,8200,0.0,0.0
2007-07-19 00:00:00+09:00,863.3952916995252,867.0191963866165,861.5833393559794,866.1132202148438,4300,0.0,0.0
2007-07-20 00:00:00+09:00,866.113253326256,866.113253326256,860.6773960878066,863.3953247070312,6000,0.0,0.0
2007-07-23 00:00:00+09:00,861.5832832416735,862.4892593544408,856.14742656507,860.6773071289062,24100,0.0,0.0
2007-07-24 00:00:00+09:00,864.3013043901063,864.3013043901063,859.7714233398438,859.7714233398438,12900,0.0,0.0
2007-07-25 00:00:00+09:00,860.6773071289062,861.5832832416735,856.14742656507,860.6773071289062,13400,0.0,0.0
2007-07-26 00:00:00+09:00,858.865359548795,860.67731178413,855.241455078125,855.241455078125,15800,0.0,0.0
2007-07-27 00:00:00+09:00,849.8056606932557,856.1474939820114,848.8996845091478,853.4295654296875,36100,0.0,0.0
2007-07-30 00:00:00+09:00,849.8056919531665,852.5236206054688,844.369834648562,852.5236206054688,8800,0.0,0.0
2007-07-31 00:00:00+09:00,850.7116368773637,855.2415177979034,848.8996845091478,853.4295654296875,6500,0.0,0.0
2007-08-01 00:00:00+09:00,853.4295106679521,855.241462919901,846.1817016601562,846.1817016601562,5900,0.0,0.0
2007-08-02 00:00:00+09:00,843.4637732822329,854.3354867939265,843.4637732822329,846.1817016601562,7300,0.0,0.0
2007-08-03 00:00:00+09:00,846.1816718948871,852.5235045536283,843.4637436125695,845.2756958007812,5200,0.0,0.0
2007-08-06 00:00:00+09:00,842.5578018714641,844.3697541335533,837.1219450851966,840.745849609375,9100,0.0,0.0
2007-08-07 00:00:00+09:00,837.1220075636137,839.8399361595995,837.1220075636137,838.9339599609375,6100,0.0,0.0
2007-08-08 00:00:00+09:00,838.9339686231322,843.4638496632139,828.9682303349524,829.8742065429688,14300,0.0,0.0
2007-08-09 00:00:00+09:00,819.00244140625,822.6263460142422,817.1904891022539,819.00244140625,15400,0.0,0.0
2007-08-10 00:00:00+09:00,808.1307389505794,809.942691280065,806.3187866210938,806.3187866210938,14500,0.0,0.0
2007-08-13 00:00:00+09:00,799.9769583999841,804.5068392516262,797.2590298889988,800.8829345703125,12300,0.0,0.0
2007-08-14 00:00:00+09:00,802.6948523676972,805.4127807617188,802.6948523676972,805.4127807617188,2700,0.0,0.0
2007-08-15 00:00:00+09:00,806.3187270980698,808.1306792937958,801.7888466087547,804.5067749023438,8400,0.0,0.0
2007-08-16 00:00:00+09:00,800.8828466630225,800.8828466630225,794.5410141668222,796.3529663085938,8500,0.0,0.0
2007-08-17 00:00:00+09:00,795.446990237708,798.1649184503652,792.7290620250507,796.3529663085938,15400,0.0,0.0
2007-08-20 00:00:00+09:00,798.1649467485562,805.4127555726067,798.1649467485562,799.0709228515625,4600,0.0,0.0
2007-08-21 00:00:00+09:00,798.1650460539269,803.6009033482783,790.0112601123998,790.917236328125,18100,0.0,0.0
2007-08-22 00:00:00+09:00,796.3529663085938,797.2589423794794,796.3529663085938,796.3529663085938,900,0.0,0.0
2007-08-23 00:00:00+09:00,799.9769650812018,799.9769650812018,790.0112271243579,793.6351318359375,8300,0.0,0.0
2007-08-24 00:00:00+09:00,793.635166733191,795.4471191686549,787.2933332090673,789.1052856445312,13800,0.0,0.0
2007-08-27 00:00:00+09:00,789.1051979681636,789.1051979681636,783.6693412657423,784.5753173828125,82000,0.0,0.0
2007-08-28 00:00:00+09:00,780.9005448038544,780.9005448038544,772.6321860941665,775.3883056640625,46400,12.0,0.0
2007-08-29 00:00:00+09:00,760.6889542545181,763.445073653991,758.8515413215362,762.5263671875,16900,0.0,0.0
2007-08-30 00:00:00+09:00,756.0953665849527,761.6076049804688,756.0953665849527,761.6076049804688,23700,0.0,0.0
2007-08-31 00:00:00+09:00,743.2335655325152,746.9083915672866,739.5587394977438,745.9896850585938,12800,0.0,0.0
2007-09-03 00:00:00+09:00,752.4205796983507,752.4205796983507,742.3148087866513,744.1522216796875,8100,0.0,0.0
2007-09-04 00:00:00+09:00,742.3149735056495,744.1523868064061,725.7782537988404,726.6969604492188,24700,0.0,0.0
2007-09-05 00:00:00+09:00,716.5910244971207,717.5097309387836,707.403960080491,712.9161987304688,21000,0.0,0.0
2007-09-06 00:00:00+09:00,705.5667162698413,706.485422931651,694.542236328125,694.542236328125,13200,0.0,0.0
2007-09-07 00:00:00+09:00,676.1679768542531,679.8428028154175,661.4686730095954,664.2247924804688,33400,0.0,0.0
2007-09-10 00:00:00+09:00,664.22486435127,666.0622775306648,651.3629720955054,662.387451171875,25700,0.0,0.0
2007-09-11 00:00:00+09:00,666.0621632629478,673.4118147196424,662.3873375346005,671.5744018554688,18600,0.0,0.0
2007-09-12 00:00:00+09:00,673.4119083378232,676.1680280172413,665.1435492995689,666.062255859375,13400,0.0,0.0
2007-09-13 00:00:00+09:00,669.7370875237397,669.7370875237397,662.3874349857563,665.1435546875,12400,0.0,0.0
2007-09-14 00:00:00+09:00,689.0298648756377,689.0298648756377,666.0622027131164,675.249267578125,17000,0.0,0.0
2007-09-18 00:00:00+09:00,678.9240935241284,682.5989194701318,675.249267578125,675.249267578125,10700,0.0,0.0
2007-09-19 00:00:00+09:00,682.5989326559087,685.3550521686514,681.6802261516613,683.5176391601562,9100,0.0,0.0
2007-09-20 00:00:00+09:00,681.6802583193067,681.6802583193067,671.5744862957052,678.0054321289062,7400,0.0,0.0
2007-09-21 00:00:00+09:00,673.4118493121604,677.0866752292799,666.9809039572011,676.16796875,13900,0.0,0.0
2007-09-25 00:00:00+09:00,684.436327063519,684.436327063519,670.6557298743207,676.16796875,6400,0.0,0.0
2007-09-26 00:00:00+09:00,674.3305557914402,676.16796875,666.9809039572011,676.16796875,11000,0.0,0.0
2007-09-27 00:00:00+09:00,679.8428594342637,696.3795776367188,679.8428594342637,696.3795776367188,15800,0.0,0.0
2007-09-28 00:00:00+09:00,710.1601411735869,714.7536737814368,691.7860107421875,691.7860107421875,44700,0.0,0.0
2007-10-01 00:00:00+09:00,683.5176804956897,689.0299198545258,666.062255859375,666.062255859375,26500,0.0,0.0
2007-10-02 00:00:00+09:00,665.1435404625042,678.0054321289062,665.1435404625042,678.0054321289062,10800,0.0,0.0
2007-10-03 00:00:00+09:00,679.8428161287569,687.1924681950137,668.8183380293716,672.4931640625,9700,0.0,0.0
2007-10-04 00:00:00+09:00,672.4930732663997,672.4930732663997,662.3873030397189,666.9808349609375,15800,0.0,0.0
2007-10-05 00:00:00+09:00,668.8182477294249,668.8182477294249,666.0621285766938,666.9808349609375,11600,0.0,0.0
2007-10-09 00:00:00+09:00,668.8183540166324,670.6557670771176,664.2248213654193,669.737060546875,5900,0.0,0.0
2007-10-10 00:00:00+09:00,671.574366882156,677.0866051876184,664.2247158082064,666.9808349609375,16100,0.0,0.0
2007-10-11 00:00:00+09:00,679.8427162221205,707.4039074203146,671.5743588626623,689.948486328125,24700,0.0,0.0
2007-10-12 00:00:00+09:00,689.9485346775429,707.4039569929535,688.1111218022365,702.8104248046875,14300,0.0,0.0
2007-10-15 00:00:00+09:00,709.2413967712324,721.1845809137532,709.2413967712324,719.34716796875,17000,0.0,0.0
2007-10-16 00:00:00+09:00,744.1522804995502,745.0709870186854,734.0465087890625,734.0465087890625,21200,0.0,0.0
2007-10-17 00:00:00+09:00,743.2335168063256,743.2335168063256,711.9974975585938,711.9974975585938,15500,0.0,0.0
2007-10-18 00:00:00+09:00,713.8349449744592,740.4774332682292,711.9975319886819,716.591064453125,15400,0.0,0.0
2007-10-19 00:00:00+09:00,711.0787774227929,711.0787774227929,703.7291259765625,703.7291259765625,15400,0.0,0.0
2007-10-22 00:00:00+09:00,703.7291312423407,707.4039569929535,700.9730119293811,702.8104248046875,12200,0.0,0.0
2007-10-23 00:00:00+09:00,707.4039970169762,707.4039970169762,706.4852905273438,706.4852905273438,12200,0.0,0.0
2007-10-24 00:00:00+09:00,712.9161902843505,712.9161902843505,702.8104195457837,703.7291259765625,8400,0.0,0.0
2007-10-25 00:00:00+09:00,694.5421645031126,696.3795776367188,694.5421645031126,696.3795776367188,8400,0.0,0.0
2007-10-26 00:00:00+09:00,696.3794797411152,705.566544117647,696.3794797411152,702.8104248046875,8200,0.0,0.0
2007-10-29 00:00:00+09:00,706.4852905273438,708.3227035066086,702.810464568814,706.4852905273438,26400,0.0,0.0
2007-10-30 00:00:00+09:00,715.6723662255796,715.6723662255796,704.6478881835938,704.6478881835938,26400,0.0,0.0
2007-10-31 00:00:00+09:00,704.6479116829174,711.9975639560117,704.6479116829174,711.078857421875,7400,0.0,0.0
2007-11-01 00:00:00+09:00,711.078857421875,714.7536835584222,711.078857421875,711.078857421875,9900,0.0,0.0
2007-11-02 00:00:00+09:00,710.1601508877382,716.5910966266957,709.2414443536014,711.078857421875,6000,0.0,0.0
2007-11-05 00:00:00+09:00,711.0788627910738,714.7536889553687,709.2414497089263,710.16015625,8000,0.0,0.0
2007-11-06 00:00:00+09:00,706.4853300857051,710.16015625,706.4853300857051,710.16015625,8000,0.0,0.0
2007-11-07 00:00:00+09:00,710.1600846616684,711.9974975585938,710.1600846616684,711.9974975585938,8000,0.0,0.0
2007-11-08 00:00:00+09:00,706.4852958520254,706.4852958520254,702.810469865799,705.5665893554688,6800,0.0,0.0
2007-11-09 00:00:00+09:00,707.4039970169762,707.4039970169762,706.4852905273438,706.4852905273438,6800,0.0,0.0
2007-11-12 00:00:00+09:00,705.566544117647,705.566544117647,702.8104248046875,702.8104248046875,6800,0.0,0.0
2007-11-13 00:00:00+09:00,702.810469865799,705.5665893554688,702.810469865799,705.5665893554688,6800,0.0,0.0
2007-11-14 00:00:00+09:00,706.4853011905914,706.4853011905914,704.6478881835938,704.6478881835938,6800,0.0,0.0
2007-11-15 00:00:00+09:00,712.9162040070565,713.8349104555192,711.9974975585938,711.9974975585938,3100,0.0,0.0
2007-11-16 00:00:00+09:00,711.9975575229578,711.9975575229578,680.7615356445312,680.7615356445312,3100,0.0,0.0
2007-11-19 00:00:00+09:00,688.1111770568273,688.1111770568273,678.9241119425839,682.5989379882812,7200,0.0,0.0
2007-11-20 00:00:00+09:00,676.1680744671854,678.9241943359375,676.1680744671854,678.9241943359375,7200,0.0,0.0
2007-11-21 00:00:00+09:00,679.8427972959546,686.2737426757812,679.8427972959546,686.2737426757812,7200,0.0,0.0
2007-11-22 00:00:00+09:00,676.1679713646251,686.2737426757812,676.1679713646251,686.2737426757812,11400,0.0,0.0
2007-11-26 00:00:00+09:00,698.2170070622931,700.9731268270126,689.9486477681344,693.6234741210938,5500,0.0,0.0
2007-11-27 00:00:00+09:00,693.6233604281556,702.8104248046875,693.6233604281556,702.8104248046875,11400,0.0,0.0
2007-11-28 00:00:00+09:00,695.4608603226511,698.2169799804688,695.4608603226511,698.2169799804688,11400,0.0,0.0
2007-11-29 00:00:00+09:00,702.8104248046875,702.8104248046875,702.8104248046875,702.8104248046875,11400,0.0,0.0
2007-11-30 00:00:00+09:00,692.7046092276186,701.8916730104783,689.9484900927606,700.0542602539062,22800,0.0,0.0
2007-12-03 00:00:00+09:00,700.0543716190997,701.8917846679688,700.0543716190997,701.8917846679688,22800,0.0,0.0
2007-12-04 00:00:00+09:00,693.6234741210938,693.6234741210938,693.6234741210938,693.6234741210938,22800,0.0,0.0
2007-12-05 00:00:00+09:00,693.6234579363096,696.3795776367188,693.6234579363096,696.3795776367188,22800,0.0,0.0
2007-12-06 00:00:00+09:00,696.3795668752571,698.2169799804688,696.3795668752571,698.2169799804688,22800,0.0,0.0
2007-12-07 00:00:00+09:00,698.2169001153175,699.1356065628377,689.029835640116,690.8672485351562,6200,0.0,0.0
2007-12-10 00:00:00+09:00,693.6234312444965,700.9730834960938,693.6234312444965,700.9730834960938,6200,0.0,0.0
2007-12-11 00:00:00+09:00,702.810464568814,707.4039970169762,702.810464568814,706.4852905273438,4300,0.0,0.0
2007-12-12 00:00:00+09:00,706.485324751191,711.9975639560117,706.485324751191,711.078857421875,6000,0.0,0.0
2007-12-13 00:00:00+09:00,707.4040292162414,707.4040292162414,700.9730834960938,700.9730834960938,6000,0.0,0.0
2007-12-14 00:00:00+09:00,697.2982896127033,697.2982896127033,695.4608764648438,695.4608764648438,6000,0.0,0.0
2007-12-17 00:00:00+09:00,698.2169596354167,699.1356661612527,680.7615356445312,680.7615356445312,15400,0.0,0.0
2007-12-18 00:00:00+09:00,670.655748100691,684.4363456644038,670.655748100691,683.5176391601562,2800,0.0,0.0
2007-12-19 00:00:00+09:00,678.0054877130201,678.9241943359375,678.0054877130201,678.9241943359375,15400,0.0,0.0
2007-12-20 00:00:00+09:00,657.7939222413831,657.7939222413831,651.3629760742188,651.3629760742188,15400,0.0,0.0
2007-12-21 00:00:00+09:00,651.3629126781037,651.3629126781037,641.2571411132812,641.2571411132812,15400,0.0,0.0
2007-12-25 00:00:00+09:00,641.257189746519,644.9320160487913,628.3952976885658,632.9888305664062,8400,0.0,0.0
2007-12-26 00:00:00+09:00,634.8262083061683,649.5255126953125,634.8262083061683,649.5255126953125,8400,0.0,0.0
2007-12-27 00:00:00+09:00,657.7939021495166,665.1435546875,657.7939021495166,665.1435546875,8400,0.0,0.0
2007-12-28 00:00:00+09:00,678.0054877130201,679.8429009588549,670.6558347296811,678.9241943359375,24500,0.0,0.0
2008-01-04 00:00:00+09:00,670.6557326378054,678.9240909853947,644.0132446289062,644.0132446289062,7900,0.0,0.0
2008-01-07 00:00:00+09:00,645.8507527035289,654.1191122687234,645.8507527035289,648.6068725585938,4500,0.0,0.0
2008-01-08 00:00:00+09:00,653.2003784179688,653.2003784179688,653.2003784179688,653.2003784179688,4500,0.0,0.0
2008-01-09 00:00:00+09:00,642.175878308703,656.8751831054688,642.175878308703,656.8751831054688,4500,0.0,0.0
2008-01-10 00:00:00+09:00,649.5254167084001,649.5254167084001,644.01317837707,644.931884765625,7300,0.0,0.0
2008-01-11 00:00:00+09:00,637.5822510476369,637.5822510476369,631.1513061523438,631.1513061523438,7300,0.0,0.0
2008-01-15 00:00:00+09:00,616.4520263671875,616.4520263671875,616.4520263671875,616.4520263671875,7300,0.0,0.0
2008-01-16 00:00:00+09:00,597.1592300508652,613.6959471907352,595.321817035324,598.9966430664062,8900,0.0,0.0
2008-01-17 00:00:00+09:00,588.8909139692413,594.4031534135712,588.8909139692413,591.6470336914062,11300,0.0,0.0
2008-01-18 00:00:00+09:00,579.7038324229316,606.3463223441123,576.9477127759129,594.4031372070312,12600,0.0,0.0
2008-01-21 00:00:00+09:00,587.0535377770567,587.0535377770567,575.1103515625,575.1103515625,8400,0.0,0.0
2008-01-22 00:00:00+09:00,565.0045273549016,571.4354731947135,563.1671142578125,563.1671142578125,6500,0.0,0.0
2008-01-23 00:00:00+09:00,560.410931640625,574.1915283203125,560.410931640625,574.1915283203125,6500,0.0,0.0
2008-01-24 00:00:00+09:00,592.5657402654613,594.4031534135712,577.8664350805816,591.6470336914062,5600,0.0,0.0
2008-01-25 00:00:00+09:00,602.6714767041163,608.1837158203125,602.6714767041163,608.1837158203125,7200,0.0,0.0
2008-01-28 00:00:00+09:00,622.8830729166667,624.7204861111111,618.2895399305556,620.126953125,6300,0.0,0.0
2008-01-29 00:00:00+09:00,642.1758446921765,652.2816162109375,637.5823121836488,652.2816162109375,11400,0.0,0.0
2008-01-30 00:00:00+09:00,666.9809681768003,666.9809681768003,633.9075317382812,633.9075317382812,11400,0.0,0.0
2008-01-31 00:00:00+09:00,639.4196736653646,661.4686279296875,639.4196736653646,661.4686279296875,7600,0.0,0.0
2008-02-01 00:00:00+09:00,656.8751955822687,667.8996743892438,656.8751955822687,665.1435546875,2700,0.0,0.0
2008-02-04 00:00:00+09:00,663.306049169253,671.5744071228863,663.306049169253,670.6557006835938,4400,0.0,0.0
2008-02-05 00:00:00+09:00,663.3061806815011,673.4119535173688,663.3061806815011,668.8184204101562,3400,0.0,0.0
2008-02-06 00:00:00+09:00,661.4685772654074,670.655640838538,657.7937518361551,659.6311645507812,6400,0.0,0.0
2008-02-07 00:00:00+09:00,661.4686279296875,661.4686279296875,661.4686279296875,661.4686279296875,6400,0.0,0.0
2008-02-08 00:00:00+09:00,656.8751884909237,656.8751884909237,655.9564819335938,655.9564819335938,6400,0.0,0.0
2008-02-12 00:00:00+09:00,648.6067743716033,655.0377197265625,648.6067743716033,655.0377197265625,6400,0.0,0.0
2008-02-13 00:00:00+09:00,642.1757917582048,651.3628560179789,640.33837890625,640.33837890625,11100,0.0,0.0
2008-02-14 00:00:00+09:00,655.0376550397302,655.0376550397302,644.931884765625,644.931884765625,6100,0.0,0.0
2008-02-15 00:00:00+09:00,646.7694593218838,650.4442857953036,645.8507527035289,648.6068725585938,5600,0.0,0.0
2008-02-18 00:00:00+09:00,662.387451171875,662.387451171875,662.387451171875,662.387451171875,5600,0.0,0.0
2008-02-19 00:00:00+09:00,663.3061415530042,665.1435546875,663.3061415530042,665.1435546875,5600,0.0,0.0
2008-02-20 00:00:00+09:00,662.3874552179291,662.3874552179291,649.5255628836004,651.3629760742188,5600,0.0,0.0
2008-02-21 00:00:00+09:00,650.4441663670241,659.6312308637334,649.5254599173531,658.7125244140625,7700,0.0,0.0
2008-02-22 00:00:00+09:00,650.4442032075265,655.0377357160542,649.5254967058208,652.2816162109375,8700,0.0,0.0
2008-02-25 00:00:00+09:00,655.956339121529,659.6311645507812,654.1189264069029,659.6311645507812,44700,0.0,0.0
2008-02-26 00:00:00+09:00,640.9448156524122,641.8791375411184,639.076171875,639.076171875,19800,12.0,0.0
2008-02-27 00:00:00+09:00,654.9596936722876,663.3685913085938,645.6164740763919,663.3685913085938,15500,0.0,0.0
2008-02-28 00:00:00+09:00,663.3685658194802,665.237209666859,657.7626342773438,657.7626342773438,30300,0.0,0.0
2008-02-29 00:00:00+09:00,640.0105108216751,646.5507642169331,640.0105108216751,642.8134765625,4500,0.0,0.0
2008-03-03 00:00:00+09:00,625.995614188058,628.7985796247209,625.995614188058,627.8642578125,8100,0.0,0.0
2008-03-04 00:00:00+09:00,627.8643715018657,627.8643715018657,625.9957275390625,625.9957275390625,8100,0.0,0.0
2008-03-05 00:00:00+09:00,624.1270817181536,624.1270817181536,611.9808959960938,611.9808959960938,8100,0.0,0.0
2008-03-06 00:00:00+09:00,610.1121433803013,615.7180742536272,610.1121433803013,614.7837524414062,1900,0.0,0.0
2008-03-07 00:00:00+09:00,614.7837524414062,614.7837524414062,614.7837524414062,614.7837524414062,1900,0.0,0.0
2008-03-10 00:00:00+09:00,620.3898274003111,620.3898274003111,614.7838952250071,619.4555053710938,3000,0.0,0.0
2008-03-11 00:00:00+09:00,619.4553913009711,634.404541015625,619.4553913009711,634.404541015625,3000,0.0,0.0
2008-03-12 00:00:00+09:00,644.6821032072368,644.6821032072368,639.076171875,639.076171875,3000,0.0,0.0
2008-03-13 00:00:00+09:00,626.9300155409153,626.9300155409153,618.5211181640625,618.5211181640625,6000,0.0,0.0
2008-03-14 00:00:00+09:00,600.7689604086562,607.3092134768686,594.2287073404437,596.0973510742188,13600,0.0,0.0
2008-03-17 00:00:00+09:00,581.1482543945312,581.1482543945312,581.1482543945312,581.1482543945312,13600,0.0,0.0
2008-03-18 00:00:00+09:00,580.2139180983412,596.0973908965245,579.2795961690364,591.42578125,4800,0.0,0.0
2008-03-19 00:00:00+09:00,600.7689554006456,608.2435302734375,600.7689554006456,608.2435302734375,4800,0.0,0.0
2008-03-21 00:00:00+09:00,608.2435685591264,616.6524658203125,608.2435685591264,616.6524658203125,4800,0.0,0.0
2008-03-24 00:00:00+09:00,599.8346164237587,607.3091910832447,599.8346164237587,604.5062255859375,2300,0.0,0.0
2008-03-25 00:00:00+09:00,603.5720146306548,615.7182006835938,588.6228625654994,615.7182006835938,5400,0.0,0.0
2008-03-26 00:00:00+09:00,618.5210694438052,634.404541015625,618.5210694438052,634.404541015625,6600,0.0,0.0
2008-03-27 00:00:00+09:00,640.94482421875,640.94482421875,640.94482421875,640.94482421875,6600,0.0,0.0
2008-03-28 00:00:00+09:00,652.1566162109375,661.4998342082289,651.2222944112084,652.1566162109375,30800,0.0,0.0
2008-03-31 00:00:00+09:00,645.616455078125,645.616455078125,645.616455078125,645.616455078125,30800,0.0,0.0
2008-04-01 00:00:00+09:00,628.7986268787747,638.141845703125,627.8643049963397,638.141845703125,6300,0.0,0.0
2008-04-02 00:00:00+09:00,638.1418572998047,654.0253295898438,638.1418572998047,654.0253295898438,6300,0.0,0.0
2008-04-03 00:00:00+09:00,650.2880859375,650.2880859375,650.2880859375,650.2880859375,6300,0.0,0.0
2008-04-04 00:00:00+09:00,653.0909862051765,653.0909862051765,649.3536987304688,649.3536987304688,6300,0.0,0.0
2008-04-07 00:00:00+09:00,645.6164423033249,645.6164423033249,642.8134765625,642.8134765625,1200,0.0,0.0
2008-04-08 00:00:00+09:00,640.9447983685661,641.8791202320772,634.4045453239889,635.3388671875,4100,0.0,0.0
2008-04-09 00:00:00+09:00,635.3389026856918,635.3389026856918,629.7329711914062,629.7329711914062,4100,0.0,0.0
2008-04-10 00:00:00+09:00,620.3897747297932,621.3240966796875,620.3897747297932,621.3240966796875,4100,0.0,0.0
2008-04-11 00:00:00+09:00,563.3961956897717,569.9364500344291,561.5275515912981,567.1334838867188,55300,0.0,0.0
2008-04-14 00:00:00+09:00,568.0678059359556,568.0678059359556,567.1334838867188,567.1334838867188,55300,0.0,0.0
2008-04-15 00:00:00+09:00,563.396240234375,565.2648844805918,563.396240234375,563.396240234375,55300,0.0,0.0
2008-04-16 00:00:00+09:00,555.9215130901977,556.8558349609375,555.9215130901977,556.8558349609375,55300,0.0,0.0
2008-04-17 00:00:00+09:00,550.3156212614676,552.1842651367188,550.3156212614676,552.1842651367188,55300,0.0,0.0
2008-04-18 00:00:00+09:00,561.5274399701286,561.5274399701286,555.9215087890625,555.9215087890625,55300,0.0,0.0
2008-04-21 00:00:00+09:00,560.5931224438967,560.5931224438967,555.9215130901977,556.8558349609375,8900,0.0,0.0
2008-04-22 00:00:00+09:00,561.5275226847331,561.5275226847331,560.5932006835938,560.5932006835938,8900,0.0,0.0
2008-04-23 00:00:00+09:00,560.593135368844,560.593135368844,559.6588134765625,559.6588134765625,8900,0.0,0.0
2008-04-24 00:00:00+09:00,561.5273916187095,561.5273916187095,558.7244262695312,558.7244262695312,5600,0.0,0.0
2008-04-25 00:00:00+09:00,562.4617653768571,569.9363403320312,562.4617653768571,569.9363403320312,5600,0.0,0.0
2008-04-28 00:00:00+09:00,569.9364180673605,573.6737060546875,569.9364180673605,573.6737060546875,5600,0.0,0.0
2008-04-30 00:00:00+09:00,571.8049926757812,576.4766020930671,571.8049926757812,571.8049926757812,8500,0.0,0.0
2008-05-01 00:00:00+09:00,575.5422671964799,575.5422671964799,569.0020141601562,569.0020141601562,8500,0.0,0.0
2008-05-02 00:00:00+09:00,561.5274350015741,569.0020098435251,561.5274350015741,568.0676879882812,11800,0.0,0.0
2008-05-07 00:00:00+09:00,569.9363186418518,569.9363186418518,565.2647094726562,565.2647094726562,11800,0.0,0.0
2008-05-08 00:00:00+09:00,569.0020453874455,569.0020453874455,562.4617919921875,562.4617919921875,6100,0.0,0.0
2008-05-09 00:00:00+09:00,568.0676930147059,568.0676930147059,555.9215087890625,555.9215087890625,6100,0.0,0.0
2008-05-12 00:00:00+09:00,560.593135368844,562.4617791534067,557.7901696919997,559.6588134765625,13000,0.0,0.0
2008-05-13 00:00:00+09:00,558.7244262695312,558.7244262695312,558.7244262695312,558.7244262695312,13000,0.0,0.0
2008-05-14 00:00:00+09:00,566.1990966796875,566.1990966796875,562.461808912825,566.1990966796875,6300,0.0,0.0
2008-05-15 00:00:00+09:00,566.1990528544442,569.9363403320312,566.1990528544442,569.9363403320312,6300,0.0,0.0
2008-05-16 00:00:00+09:00,569.5539648334432,569.5539648334432,566.1990966796875,566.1990966796875,6300,0.0,0.0
2008-05-19 00:00:00+09:00,568.0676879882812,568.0676879882812,568.0676879882812,568.0676879882812,6300,0.0,0.0
2008-05-20 00:00:00+09:00,569.0021729730255,569.0021729730255,563.396240234375,563.396240234375,6300,0.0,0.0
2008-05-21 00:00:00+09:00,567.1333661330374,568.0676879882812,567.1333661330374,568.0676879882812,6300,0.0,0.0
2008-05-22 00:00:00+09:00,562.461808912825,567.1334186214032,562.461808912825,566.1990966796875,6300,0.0,0.0
2008-05-23 00:00:00+09:00,569.936348908867,571.8049926757812,569.936348908867,571.8049926757812,6300,0.0,0.0
2008-05-26 00:00:00+09:00,567.1334292195965,582.0825805664062,567.1334292195965,582.0825805664062,6300,0.0,0.0
2008-05-27 00:00:00+09:00,584.8855603573927,625.9957275390625,584.8855603573927,625.9957275390625,6300,0.0,0.0
2008-05-28 00:00:00+09:00,590.4914719683569,595.163081714942,590.4914719683569,594.228759765625,30300,0.0,0.0
2008-05-29 00:00:00+09:00,580.2139154823082,580.2139154823082,577.4109497070312,577.4109497070312,30300,0.0,0.0
2008-05-30 00:00:00+09:00,577.4109581731981,579.2796020507812,577.4109581731981,579.2796020507812,30300,0.0,0.0
2008-06-02 00:00:00+09:00,582.0825805664062,582.0825805664062,582.0825805664062,582.0825805664062,30300,0.0,0.0
2008-06-03 00:00:00+09:00,585.8198684031087,586.7541903622844,581.1482586072307,582.0825805664062,8600,0.0,0.0
2008-06-04 00:00:00+09:00,583.016845703125,583.016845703125,583.016845703125,583.016845703125,8600,0.0,0.0
2008-06-05 00:00:00+09:00,582.0825493706596,588.622802734375,582.0825493706596,588.622802734375,2700,0.0,0.0
2008-06-06 00:00:00+09:00,586.754150390625,586.754150390625,586.754150390625,586.754150390625,2700,0.0,0.0
2008-06-09 00:00:00+09:00,591.425724546992,595.1630119058988,591.425724546992,592.3600463867188,4400,0.0,0.0
2008-06-10 00:00:00+09:00,597.9660539685583,610.1122394397946,597.9660539685583,609.1779174804688,5600,0.0,0.0
2008-06-11 00:00:00+09:00,609.1779952525382,626.9301147460938,609.1779952525382,626.9301147460938,5600,0.0,0.0
2008-06-12 00:00:00+09:00,625.0613139165205,632.535888671875,625.0613139165205,632.535888671875,5600,0.0,0.0
2008-06-13 00:00:00+09:00,602.6376637651877,609.1779174804688,602.6376637651877,609.1779174804688,5600,0.0,0.0
2008-06-16 00:00:00+09:00,619.4553876210408,623.1926750275026,614.7837783629635,620.3897094726562,7000,0.0,0.0
2008-06-17 00:00:00+09:00,625.9956936101538,625.9956936101538,618.5211181640625,618.5211181640625,7000,0.0,0.0
2008-06-18 00:00:00+09:00,611.9808133638822,616.6524226262019,607.3092041015625,607.3092041015625,14500,0.0,0.0
2008-06-19 00:00:00+09:00,609.1778521325365,609.1778521325365,608.2435302734375,608.2435302734375,14500,0.0,0.0
2008-06-20 00:00:00+09:00,608.2435302734375,611.9808177098334,608.2435302734375,608.2435302734375,5400,0.0,0.0
2008-06-23 00:00:00+09:00,602.6376342773438,605.4406000181687,602.6376342773438,602.6376342773438,10000,0.0,0.0
2008-06-24 00:00:00+09:00,604.5063434990567,604.5063434990567,598.9004114109665,603.572021484375,5800,0.0,0.0
2008-06-25 00:00:00+09:00,601.7032995491385,601.7032995491385,599.8346557617188,599.8346557617188,5800,0.0,0.0
2008-06-26 00:00:00+09:00,594.2286725725446,614.7837524414062,594.2286725725446,614.7837524414062,14300,0.0,0.0
2008-06-27 00:00:00+09:00,622.2584186295817,622.2584186295817,621.3240966796875,621.3240966796875,14300,0.0,0.0
2008-06-30 00:00:00+09:00,620.3898048697512,620.3898048697512,600.76904296875,600.76904296875,14300,0.0,0.0
2008-07-01 00:00:00+09:00,606.4682959305571,608.2435302734375,606.4682959305571,608.2435302734375,14300,0.0,0.0
2008-07-02 00:00:00+09:00,608.2435216213045,608.2435216213045,606.3748779296875,606.3748779296875,14300,0.0,0.0
2008-07-03 00:00:00+09:00,606.3748779296875,606.3748779296875,606.3748779296875,606.3748779296875,14300,0.0,0.0
2008-07-04 00:00:00+09:00,607.3092756600215,623.1927490234375,607.3092756600215,623.1927490234375,14300,0.0,0.0
2008-07-07 00:00:00+09:00,621.3241327080272,622.2584547120994,611.9809126673049,615.7182006835938,2700,0.0,0.0
2008-07-08 00:00:00+09:00,603.571956190952,604.5062781045604,598.9003466229105,602.6376342773438,10300,0.0,0.0
2008-07-09 00:00:00+09:00,612.9151220778593,612.9151220778593,604.5062255859375,604.5062255859375,10300,0.0,0.0
2008-07-10 00:00:00+09:00,611.9809126673049,615.7182006835938,611.9809126673049,615.7182006835938,10300,0.0,0.0
2008-07-11 00:00:00+09:00,615.7181881230052,615.7181881230052,612.9152221679688,612.9152221679688,10300,0.0,0.0
2008-07-14 00:00:00+09:00,603.571956190952,605.4406000181687,602.6376342773438,602.6376342773438,3400,0.0,0.0
2008-07-15 00:00:00+09:00,600.76904296875,600.76904296875,599.8347209734643,600.76904296875,9000,0.0,0.0
2008-07-16 00:00:00+09:00,591.4257958709619,591.4257958709619,581.1482543945312,581.1482543945312,9000,0.0,0.0
2008-07-17 00:00:00+09:00,566.1990485731604,569.0020141601562,566.1990485731604,569.0020141601562,9000,0.0,0.0
2008-07-18 00:00:00+09:00,566.1990313064954,566.1990313064954,562.461743971139,565.2647094726562,4800,0.0,0.0
2008-07-22 00:00:00+09:00,563.3961369995322,565.264780903345,538.1694442980607,554.0529174804688,13200,0.0,0.0
2008-07-23 00:00:00+09:00,552.1842651367188,553.1185870743443,550.3156212614676,552.1842651367188,8100,0.0,0.0
2008-07-24 00:00:00+09:00,561.5275077757391,570.8707275390625,561.5275077757391,570.8707275390625,8100,0.0,0.0
2008-07-25 00:00:00+09:00,578.3452187908184,592.3600463867188,578.3452187908184,592.3600463867188,8100,0.0,0.0
2008-07-28 00:00:00+09:00,592.3601158669909,594.228759765625,592.3601158669909,594.228759765625,8100,0.0,0.0
2008-07-29 00:00:00+09:00,597.9659813174114,606.3748779296875,597.9659813174114,606.3748779296875,13100,0.0,0.0
2008-07-30 00:00:00+09:00,603.5719337580036,611.0465087890625,603.5719337580036,611.0465087890625,13100,0.0,0.0
2008-07-31 00:00:00+09:00,612.9151781486743,616.6524658203125,612.9151781486743,616.6524658203125,13100,0.0,0.0
2008-08-01 00:00:00+09:00,615.7180742536272,615.7180742536272,614.7837524414062,614.7837524414062,13100,0.0,0.0
2008-08-04 00:00:00+09:00,608.2436080816137,614.7838619319538,606.3749641243738,611.9808959960938,4200,0.0,0.0
2008-08-05 00:00:00+09:00,608.2435388725713,610.1121826171875,608.2435388725713,610.1121826171875,4200,0.0,0.0
2008-08-06 00:00:00+09:00,609.1778703472357,609.1778703472357,598.9003295898438,598.9003295898438,4200,0.0,0.0
2008-08-07 00:00:00+09:00,585.8198427172496,585.8198427172496,576.4766235351562,576.4766235351562,4200,0.0,0.0
2008-08-08 00:00:00+09:00,569.9363360224883,572.7393016094841,567.1333704354923,569.0020141601562,5300,0.0,0.0
2008-08-11 00:00:00+09:00,571.8049926757812,571.8049926757812,571.8049926757812,571.8049926757812,5300,0.0,0.0
2008-08-12 00:00:00+09:00,568.0677405631188,568.0677405631188,566.1990966796875,566.1990966796875,5300,0.0,0.0
2008-08-13 00:00:00+09:00,563.3960483950902,563.3960483950902,561.5274047851562,561.5274047851562,5300,0.0,0.0
2008-08-14 00:00:00+09:00,561.5275226847331,561.5275226847331,560.5932006835938,560.5932006835938,5300,0.0,0.0
2008-08-15 00:00:00+09:00,563.396122408229,564.3304443359375,563.396122408229,564.3304443359375,5300,0.0,0.0
2008-08-18 00:00:00+09:00,562.4617618336397,565.2647274241727,555.9215087890625,555.9215087890625,12400,0.0,0.0
2008-08-19 00:00:00+09:00,553.1186273464164,553.1186273464164,547.5126953125,547.5126953125,12400,0.0,0.0
2008-08-20 00:00:00+09:00,547.5126214002868,547.5126214002868,544.7096557617188,544.7096557617188,12400,0.0,0.0
2008-08-21 00:00:00+09:00,542.8410120026734,545.6439776412415,542.8410120026734,544.7096557617188,5700,0.0,0.0
2008-08-22 00:00:00+09:00,545.6439819335938,545.6439819335938,544.7096600467212,545.6439819335938,6800,0.0,0.0
2008-08-25 00:00:00+09:00,543.7753779752267,543.7753779752267,540.972412109375,540.972412109375,6800,0.0,0.0
2008-08-26 00:00:00+09:00,536.3007496553308,557.7901525160846,530.6948184742647,555.9215087890625,25600,0.0,0.0
2008-08-27 00:00:00+09:00,556.8558341604764,569.9363403320312,556.8558341604764,569.9363403320312,25600,0.0,0.0
2008-08-28 00:00:00+09:00,569.9363403320312,569.9363403320312,569.9363403320312,569.9363403320312,25600,0.0,0.0
2008-08-29 00:00:00+09:00,569.9363784913293,578.3452758789062,569.9363784913293,578.3452758789062,25600,0.0,0.0
2008-09-01 00:00:00+09:00,574.6079626285622,574.6079626285622,569.9363531762974,572.7393188476562,4500,0.0,0.0
2008-09-02 00:00:00+09:00,563.3961540490538,566.1991199895964,554.9872562274262,557.7902221679688,7400,0.0,0.0
2008-09-03 00:00:00+09:00,566.1990313064954,566.1990313064954,565.2647094726562,565.2647094726562,7400,0.0,0.0
2008-09-04 00:00:00+09:00,565.2647577330124,565.2647577330124,562.4617919921875,562.4617919921875,7400,0.0,0.0
2008-09-05 00:00:00+09:00,534.4321108683688,543.7753295898438,534.4321108683688,543.7753295898438,7400,0.0,0.0
2008-09-08 00:00:00+09:00,547.5126803859794,557.7902221679688,547.5126803859794,557.7902221679688,7400,0.0,0.0
2008-09-09 00:00:00+09:00,557.7901967624723,557.7901967624723,552.1842651367188,552.1842651367188,7400,0.0,0.0
2008-09-10 00:00:00+09:00,560.593135368844,565.264744830251,559.6588134765625,559.6588134765625,5200,0.0,0.0
2008-09-11 00:00:00+09:00,565.2647852014612,565.2647852014612,554.9872436523438,554.9872436523438,5200,0.0,0.0
2008-09-12 00:00:00+09:00,545.6439213066994,558.7244262695312,545.6439213066994,558.7244262695312,5200,0.0,0.0
2008-09-16 00:00:00+09:00,546.5783081054688,546.5783081054688,546.5783081054688,546.5783081054688,5200,0.0,0.0
2008-09-17 00:00:00+09:00,546.5783335109653,555.9215528872211,546.5783335109653,552.1842651367188,3300,0.0,0.0
2008-09-18 00:00:00+09:00,552.1843209706182,552.1843209706182,537.2351684570312,537.2351684570312,3300,0.0,0.0
2008-09-19 00:00:00+09:00,550.3156296728433,554.0529174804688,550.3156296728433,554.0529174804688,3300,0.0,0.0
2008-09-22 00:00:00+09:00,556.8558619492719,556.8558619492719,549.3812866210938,549.3812866210938,3300,0.0,0.0
2008-09-24 00:00:00+09:00,549.3812342756885,551.2498779296875,549.3812342756885,551.2498779296875,3300,0.0,0.0
2008-09-25 00:00:00+09:00,544.7097021032263,554.9872436523438,544.7097021032263,554.9872436523438,3300,0.0,0.0
2008-09-26 00:00:00+09:00,561.5274519577525,571.8049926757812,556.8558425404667,571.8049926757812,20300,0.0,0.0
2008-09-29 00:00:00+09:00,574.6079754519772,575.5422973632812,574.6079754519772,575.5422973632812,20300,0.0,0.0
2008-09-30 00:00:00+09:00,571.8050097180651,575.5422973632812,571.8050097180651,575.5422973632812,20300,0.0,0.0
2008-10-01 00:00:00+09:00,575.5423100830473,578.3452758789062,575.5423100830473,578.3452758789062,20300,0.0,0.0
2008-10-02 00:00:00+09:00,572.7393188476562,572.7393188476562,572.7393188476562,572.7393188476562,20300,0.0,0.0
2008-10-03 00:00:00+09:00,558.7245441481497,558.7245441481497,543.775392465256,557.7902221679688,5300,0.0,0.0
2008-10-06 00:00:00+09:00,554.9871876596789,554.9871876596789,542.8410034179688,542.8410034179688,5300,0.0,0.0
2008-10-07 00:00:00+09:00,476.504179702727,476.504179702727,449.4088439941406,449.4088439941406,5300,0.0,0.0
2008-10-08 00:00:00+09:00,449.40887534885934,449.40887534885934,374.6631164550781,374.6631164550781,5300,0.0,0.0
2008-10-09 00:00:00+09:00,299.9173278808594,299.9173278808594,299.9173278808594,299.9173278808594,9600,0.0,0.0
2008-10-10 00:00:00+09:00,251.33260491553773,263.4787902832031,251.33260491553773,263.4787902832031,9600,0.0,0.0
2008-10-14 00:00:00+09:00,305.5232635877147,305.5232635877147,300.8516540527344,300.8516540527344,9600,0.0,0.0
2008-10-15 00:00:00+09:00,299.9173146409255,303.65460205078125,299.9173146409255,303.65460205078125,9600,0.0,0.0
2008-10-16 00:00:00+09:00,301.7859759597305,301.7859759597305,300.8516540527344,300.8516540527344,9600,0.0,0.0
2008-10-17 00:00:00+09:00,330.7499470356082,339.1588439941406,330.7499470356082,339.1588439941406,9600,0.0,0.0
2008-10-20 00:00:00+09:00,338.22456776012075,349.4364318847656,338.22456776012075,349.4364318847656,9600,0.0,0.0
2008-10-21 00:00:00+09:00,357.8453189671966,360.6482849121094,357.8453189671966,360.6482849121094,9600,0.0,0.0
2008-10-22 00:00:00+09:00,360.6482458114624,360.6482458114624,358.77960205078125,358.77960205078125,9600,0.0,0.0
2008-10-23 00:00:00+09:00,340.0932131567183,342.89617919921875,340.0932131567183,342.89617919921875,9600,0.0,0.0
2008-10-24 00:00:00+09:00,341.0274963378906,341.0274963378906,341.0274963378906,341.0274963378906,9600,0.0,0.0
2008-10-27 00:00:00+09:00,341.02754986475384,353.1737365722656,341.02754986475384,353.1737365722656,9600,0.0,0.0
2008-10-28 00:00:00+09:00,392.4151977539063,420.4448547363281,392.4151977539063,420.4448547363281,9600,0.0,0.0
2008-10-29 00:00:00+09:00,420.4448547363281,420.4448547363281,420.4448547363281,420.4448547363281,9600,0.0,0.0
2008-10-30 00:00:00+09:00,420.4448547363281,420.4448547363281,420.4448547363281,420.4448547363281,9600,0.0,0.0
2008-10-31 00:00:00+09:00,419.51051185413195,419.51051185413195,402.6927185058594,402.6927185058594,9600,0.0,0.0
2008-11-04 00:00:00+09:00,402.69275242972753,410.1673278808594,402.69275242972753,410.1673278808594,15900,0.0,0.0
2008-11-05 00:00:00+09:00,410.16731020552004,412.97027587890625,410.16731020552004,412.97027587890625,15900,0.0,0.0
2008-11-06 00:00:00+09:00,417.6418632301124,417.6418632301124,414.8388977050781,414.8388977050781,15900,0.0,0.0
2008-11-07 00:00:00+09:00,417.6418809955623,417.6418809955623,412.03594970703125,412.03594970703125,15900,0.0,0.0
2008-11-10 00:00:00+09:00,417.6418632301124,425.11643796353724,414.8388977050781,414.8388977050781,18500,0.0,0.0
2008-11-11 00:00:00+09:00,421.37921684350863,421.37921684350863,415.7732849121094,415.7732849121094,18500,0.0,0.0
2008-11-12 00:00:00+09:00,420.44487680707664,421.3791987555368,418.57623291015625,418.57623291015625,10900,0.0,0.0
2008-11-13 00:00:00+09:00,420.4448547363281,420.4448547363281,420.4448547363281,420.4448547363281,10900,0.0,0.0
2008-11-14 00:00:00+09:00,420.4448810398977,421.37920299776414,412.97030537696617,419.51055908203125,6500,0.0,0.0
2008-11-17 00:00:00+09:00,419.51054888743903,430.722412109375,419.51054888743903,430.722412109375,6500,0.0,0.0
2008-11-18 00:00:00+09:00,437.26261246052195,439.1312561035156,437.26261246052195,439.1312561035156,6500,0.0,0.0
2008-11-19 00:00:00+09:00,440.99992136101974,443.8028869628906,440.99992136101974,443.8028869628906,6500,0.0,0.0
2008-11-20 00:00:00+09:00,461.5550350613064,470.89825439453125,449.40884992811414,470.89825439453125,6500,0.0,0.0
2008-11-21 00:00:00+09:00,475.56985047107605,475.56985047107605,474.6355285644531,474.6355285644531,6500,0.0,0.0
2008-11-25 00:00:00+09:00,474.6354935345483,480.2414245605469,474.6354935345483,480.2414245605469,22300,0.0,0.0
2008-11-26 00:00:00+09:00,490.519066852072,537.2351684570312,490.519066852072,537.2351684570312,28200,0.0,0.0
2008-11-27 00:00:00+09:00,521.3516817959872,534.4321899414062,521.3516817959872,534.4321899414062,28200,0.0,0.0
2008-11-28 00:00:00+09:00,538.1694737850263,538.1694737850263,533.4978637695312,533.4978637695312,28200,0.0,0.0
2008-12-01 00:00:00+09:00,533.4977274725599,533.4977274725599,511.0740051269531,511.0740051269531,28200,0.0,0.0
2008-12-02 00:00:00+09:00,512.9427466231786,512.9427466231786,498.92791748046875,498.92791748046875,28200,0.0,0.0
2008-12-03 00:00:00+09:00,495.19067643743466,502.6652526855469,495.19067643743466,502.6652526855469,28200,0.0,0.0
2008-12-04 00:00:00+09:00,508.27107461587343,508.27107461587343,505.4681091308594,505.4681091308594,28200,0.0,0.0
2008-12-05 00:00:00+09:00,527.8918811886809,527.8918811886809,522.2859497070312,522.2859497070312,28200,0.0,0.0
2008-12-08 00:00:00+09:00,533.4978384912541,533.4978384912541,527.8919067382812,527.8919067382812,28200,0.0,0.0
2008-12-09 00:00:00+09:00,529.7605108963816,532.5634765625,529.7605108963816,532.5634765625,28200,0.0,0.0
2008-12-10 00:00:00+09:00,533.4978637695312,533.4978637695312,533.4978637695312,533.4978637695312,28200,0.0,0.0
2008-12-11 00:00:00+09:00,538.1693723516948,551.2498779296875,538.1693723516948,551.2498779296875,28200,0.0,0.0
2008-12-12 00:00:00+09:00,565.2647747379718,566.1990966796875,565.2647747379718,566.1990966796875,28200,0.0,0.0
2008-12-15 00:00:00+09:00,572.7393856078908,587.6885375976562,572.7393856078908,587.6885375976562,28200,0.0,0.0
2008-12-16 00:00:00+09:00,591.425777000717,591.425777000717,590.491455078125,590.491455078125,21600,0.0,0.0
2008-12-17 00:00:00+09:00,591.4257555509868,591.4257555509868,585.81982421875,585.81982421875,5000,0.0,0.0
2008-12-18 00:00:00+09:00,579.279559025999,579.279559025999,569.9363403320312,569.9363403320312,9800,0.0,0.0
2008-12-19 00:00:00+09:00,568.0676974098154,568.0676974098154,556.8558349609375,556.8558349609375,6400,0.0,0.0
2008-12-22 00:00:00+09:00,555.9215782076071,557.7902221679688,555.9215782076071,557.7902221679688,7600,0.0,0.0
2008-12-24 00:00:00+09:00,507.336800503512,509.2054443359375,507.336800503512,509.2054443359375,21300,0.0,0.0
2008-12-25 00:00:00+09:00,518.5486647974739,540.038068924216,518.5486647974739,536.30078125,7300,0.0,0.0
2008-12-26 00:00:00+09:00,551.249955816301,554.9872436523438,548.446989939269,554.9872436523438,5100,0.0,0.0
2008-12-29 00:00:00+09:00,558.7245854435879,567.1334838867188,556.8559413451143,567.1334838867188,23000,0.0,0.0
2008-12-30 00:00:00+09:00,578.3452801119896,586.7541775611139,578.3452801119896,579.2796020507812,13900,0.0,0.0
2009-01-05 00:00:00+09:00,590.4914283752441,597.9660034179688,590.4914283752441,597.9660034179688,4300,0.0,0.0
2009-01-06 00:00:00+09:00,585.8197579782543,585.8197579782543,558.7244262695312,558.7244262695312,15700,0.0,0.0
2009-01-07 00:00:00+09:00,557.7902096278403,582.0825805664062,557.7902096278403,582.0825805664062,19500,0.0,0.0
2009-01-08 00:00:00+09:00,562.4618064506002,562.4618064506002,552.1842651367188,552.1842651367188,9400,0.0,0.0
2009-01-09 00:00:00+09:00,551.2499164460298,559.6588134765625,551.2499164460298,559.6588134765625,4500,0.0,0.0
2009-01-13 00:00:00+09:00,561.5274572611253,561.5274572611253,559.6588134765625,559.6588134765625,20500,0.0,0.0
2009-01-14 00:00:00+09:00,556.8558349609375,556.8558349609375,556.8558349609375,556.8558349609375,11700,0.0,0.0
2009-01-15 00:00:00+09:00,552.1842213350184,555.9215087890625,552.1842213350184,555.9215087890625,8800,0.0,0.0
2009-01-16 00:00:00+09:00,573.6736407381092,573.6736407381092,572.7393188476562,572.7393188476562,7700,0.0,0.0
2009-01-19 00:00:00+09:00,573.6737060546875,573.6737060546875,563.3961640895384,573.6737060546875,8800,0.0,0.0
2009-01-20 00:00:00+09:00,555.9215656113545,555.9215656113545,554.9872436523438,554.9872436523438,6400,0.0,0.0
2009-01-21 00:00:00+09:00,554.052921693333,554.9872436523438,554.052921693333,554.9872436523438,8100,0.0,0.0
2009-01-22 00:00:00+09:00,554.9872436523438,554.9872436523438,554.9872436523438,554.9872436523438,5600,0.0,0.0
2009-01-23 00:00:00+09:00,554.05290901197,554.05290901197,552.1842651367188,552.1842651367188,2300,0.0,0.0
2009-01-26 00:00:00+09:00,562.4617611238326,569.0020141601562,562.4617611238326,569.0020141601562,7800,0.0,0.0
2009-01-27 00:00:00+09:00,571.805062061024,573.6737060546875,571.805062061024,573.6737060546875,14100,0.0,0.0
2009-01-28 00:00:00+09:00,578.3452801119896,579.2796020507812,572.7393484792402,579.2796020507812,28700,0.0,0.0
2009-01-29 00:00:00+09:00,570.8706707923241,571.8049926757812,570.8706707923241,571.8049926757812,4200,0.0,0.0
2009-01-30 00:00:00+09:00,571.8049926757812,571.8049926757812,571.8049926757812,571.8049926757812,3700,0.0,0.0
2009-02-02 00:00:00+09:00,566.1990528544442,569.9363403320312,566.1990528544442,569.9363403320312,2500,0.0,0.0
2009-02-03 00:00:00+09:00,571.8049926757812,571.8049926757812,571.8049926757812,571.8049926757812,2000,0.0,0.0
2009-02-04 00:00:00+09:00,572.7392665459857,574.60791015625,572.7392665459857,574.60791015625,1500,0.0,0.0
2009-02-05 00:00:00+09:00,573.6737060546875,573.6737060546875,573.6737060546875,573.6737060546875,3500,0.0,0.0
2009-02-06 00:00:00+09:00,560.5931481649709,562.4617919921875,560.5931481649709,562.4617919921875,3400,0.0,0.0
2009-02-09 00:00:00+09:00,554.9872394323751,554.9872394323751,554.0529174804688,554.0529174804688,2300,0.0,0.0
2009-02-10 00:00:00+09:00,551.2499833351109,553.1186273464164,541.9067632785836,547.5126953125,5700,0.0,0.0
2009-02-12 00:00:00+09:00,541.9067632785836,547.5126953125,541.9067632785836,547.5126953125,4400,0.0,0.0
2009-02-13 00:00:00+09:00,557.7901525160846,557.7901525160846,552.1842213350184,555.9215087890625,3200,0.0,0.0
2009-02-16 00:00:00+09:00,555.9215087890625,555.9215087890625,555.9215087890625,555.9215087890625,4300,0.0,0.0
2009-02-17 00:00:00+09:00,555.9215571429279,555.9215571429279,553.1185913085938,553.1185913085938,1700,0.0,0.0
2009-02-18 00:00:00+09:00,558.7245272400005,558.7245272400005,554.0529174804688,554.0529174804688,5700,0.0,0.0
2009-02-19 00:00:00+09:00,555.9215087890625,555.9215087890625,555.9215087890625,555.9215087890625,3800,0.0,0.0
2009-02-20 00:00:00+09:00,551.249926175535,554.0528919018514,542.8410289965863,548.4469604492188,5200,0.0,0.0
2009-02-23 00:00:00+09:00,549.3812564711973,549.3812564711973,542.8410034179688,542.8410034179688,26300,0.0,0.0
2009-02-24 00:00:00+09:00,535.3663940429688,535.3663940429688,535.3663940429688,535.3663940429688,11700,0.0,0.0
2009-02-25 00:00:00+09:00,543.7753676980885,552.1842651367188,543.7753676980885,552.1842651367188,5700,0.0,0.0
2009-02-26 00:00:00+09:00,552.1842256072383,556.8558349609375,552.1842256072383,556.8558349609375,7400,0.0,0.0
2009-02-27 00:00:00+09:00,560.5931216380635,569.9363403320312,560.5931216380635,569.9363403320312,14300,0.0,0.0
2009-03-02 00:00:00+09:00,569.9364055627301,570.8707275390625,569.9364055627301,570.8707275390625,26600,0.0,0.0
2009-03-03 00:00:00+09:00,571.8049969572033,572.7393188476562,571.8049969572033,572.7393188476562,3600,0.0,0.0
2009-03-04 00:00:00+09:00,566.1991176574007,570.8707275390625,566.1991176574007,570.8707275390625,2600,0.0,0.0
2009-03-05 00:00:00+09:00,587.6885375976562,587.6885375976562,587.6885375976562,587.6885375976562,13000,0.0,0.0
2009-03-06 00:00:00+09:00,584.8854500127032,584.8854500127032,574.60791015625,574.60791015625,5800,0.0,0.0
2009-03-09 00:00:00+09:00,569.936365895457,575.5422973632812,569.936365895457,575.5422973632812,2500,0.0,0.0
2009-03-10 00:00:00+09:00,575.5422802096099,575.5422802096099,571.8049926757812,571.8049926757812,3200,0.0,0.0
2009-03-11 00:00:00+09:00,573.6736636130225,573.6736636130225,564.3304443359375,564.3304443359375,2200,0.0,0.0
2009-03-12 00:00:00+09:00,544.7096464269301,555.9215087890625,544.7096464269301,555.9215087890625,3000,0.0,0.0
2009-03-13 00:00:00+09:00,577.4109539469533,579.2795978108593,575.5423100830473,578.3452758789062,13600,0.0,0.0
2009-03-16 00:00:00+09:00,583.9512202517396,583.9512202517396,581.1482543945312,581.1482543945312,6600,0.0,0.0
2009-03-17 00:00:00+09:00,585.819819928739,585.819819928739,584.885498046875,584.885498046875,8300,0.0,0.0
2009-03-18 00:00:00+09:00,571.8049754092568,571.8049754092568,568.0676879882812,568.0676879882812,5600,0.0,0.0
2009-03-19 00:00:00+09:00,568.0677766927083,568.0677766927083,560.5932006835938,560.5932006835938,2600,0.0,0.0
2009-03-23 00:00:00+09:00,560.5932295420614,567.1334838867188,560.5932295420614,567.1334838867188,4400,0.0,0.0
2009-03-24 00:00:00+09:00,572.7393856078908,587.6885375976562,572.7393856078908,587.6885375976562,8300,0.0,0.0
2009-03-25 00:00:00+09:00,590.4914283752441,597.9660034179688,590.4914283752441,597.9660034179688,5000,0.0,0.0
2009-03-26 00:00:00+09:00,602.6377098961214,633.4703369140625,602.6377098961214,633.4703369140625,12800,0.0,0.0
2009-03-27 00:00:00+09:00,633.4702348709106,633.4702348709106,586.7541408538818,597.9660034179688,48100,0.0,0.0
2009-03-30 00:00:00+09:00,597.9660218253968,597.9660218253968,588.622802734375,588.622802734375,5900,0.0,0.0
2009-03-31 00:00:00+09:00,589.5571117735745,589.5571117735745,585.81982421875,585.81982421875,5100,0.0,0.0
2009-04-01 00:00:00+09:00,586.7541375,586.7541375,583.951171875,583.951171875,4700,0.0,0.0
2009-04-02 00:00:00+09:00,584.8855065995721,586.754150390625,584.8855065995721,586.754150390625,3300,0.0,0.0
2009-04-03 00:00:00+09:00,583.951176165011,584.885498046875,583.951176165011,584.885498046875,2300,0.0,0.0
2009-04-06 00:00:00+09:00,583.9512074706242,583.9512074706242,578.3452758789062,578.3452758789062,3400,0.0,0.0
2009-04-07 00:00:00+09:00,578.3452801119896,579.2796020507812,578.3452801119896,579.2796020507812,1200,0.0,0.0
2009-04-08 00:00:00+09:00,583.01685,583.951171875,583.01685,583.951171875,1700,0.0,0.0
2009-04-09 00:00:00+09:00,583.0168712797619,588.622802734375,583.0168712797619,588.622802734375,1500,0.0,0.0
2009-04-10 00:00:00+09:00,588.622802734375,588.622802734375,580.2139055524553,588.622802734375,3600,0.0,0.0
2009-04-13 00:00:00+09:00,577.4109411858893,578.3452630971933,575.5422973632812,575.5422973632812,4400,0.0,0.0
2009-04-14 00:00:00+09:00,560.5931131463302,568.0676879882812,549.3812508834036,568.0676879882812,5800,0.0,0.0
2009-04-15 00:00:00+09:00,569.9363403320312,569.9363403320312,569.9363403320312,569.9363403320312,3800,0.0,0.0
2009-04-16 00:00:00+09:00,569.936365895457,575.5422973632812,569.936365895457,575.5422973632812,900,0.0,0.0
2009-04-17 00:00:00+09:00,575.5423100830473,578.3452758789062,575.5423100830473,578.3452758789062,3000,0.0,0.0
2009-04-20 00:00:00+09:00,578.3452673715749,579.2795892897842,571.8050139441096,576.4766235351562,16400,0.0,0.0
2009-04-21 00:00:00+09:00,568.0677616100654,572.7393714917272,566.1991176574007,570.8707275390625,3600,0.0,0.0
2009-04-22 00:00:00+09:00,576.4766720451827,576.4766720451827,573.6737060546875,573.6737060546875,3500,0.0,0.0
2009-04-23 00:00:00+09:00,576.4765926263271,583.016845703125,576.4765926263271,583.016845703125,5700,0.0,0.0
2009-04-24 00:00:00+09:00,585.8198935989356,587.6885375976562,585.8198935989356,587.6885375976562,8200,0.0,0.0
2009-04-27 00:00:00+09:00,590.4914593206951,591.42578125,589.5571373913903,591.42578125,23500,0.0,0.0
2009-04-28 00:00:00+09:00,594.2287530714466,594.2287530714466,579.2796020507812,579.2796020507812,13500,0.0,0.0
2009-04-30 00:00:00+09:00,587.6884722861515,587.6884722861515,571.8050000622014,586.754150390625,4400,0.0,0.0
2009-05-01 00:00:00+09:00,590.4914206480369,590.4914206480369,583.016845703125,583.016845703125,3300,0.0,0.0
2009-05-07 00:00:00+09:00,587.688459375,587.688459375,579.2795625,583.951171875,7200,0.0,0.0
2009-05-08 00:00:00+09:00,583.016845703125,583.016845703125,583.016845703125,583.016845703125,2600,0.0,0.0
2009-05-11 00:00:00+09:00,583.0168585526316,585.81982421875,583.0168585526316,585.81982421875,3600,0.0,0.0
2009-05-12 00:00:00+09:00,585.8198370070684,588.622802734375,585.8198370070684,588.622802734375,8300,0.0,0.0
2009-05-13 00:00:00+09:00,589.5571373913903,591.42578125,589.5571373913903,591.42578125,2800,0.0,0.0
2009-05-14 00:00:00+09:00,587.6884550436948,587.6884550436948,583.016845703125,583.016845703125,1500,0.0,0.0
2009-05-15 00:00:00+09:00,588.6228154620853,591.42578125,588.6228154620853,591.42578125,2600,0.0,0.0
2009-05-18 00:00:00+09:00,583.9511675712389,583.9511675712389,583.016845703125,583.016845703125,4800,0.0,0.0
2009-05-19 00:00:00+09:00,587.6884994999054,589.5571433774886,579.2796020507812,579.2796020507812,3300,0.0,0.0
2009-05-20 00:00:00+09:00,592.3600463867188,592.3600463867188,592.3600463867188,592.3600463867188,3600,0.0,0.0
2009-05-21 00:00:00+09:00,586.754150390625,586.754150390625,586.754150390625,586.754150390625,6700,0.0,0.0
2009-05-22 00:00:00+09:00,585.819819928739,585.819819928739,584.885498046875,584.885498046875,4900,0.0,0.0
2009-05-25 00:00:00+09:00,587.6884935327804,591.42578125,587.6884935327804,591.42578125,4700,0.0,0.0
2009-05-26 00:00:00+09:00,590.4914326065231,598.9003295898438,590.4914326065231,598.9003295898438,11800,0.0,0.0
2009-05-27 00:00:00+09:00,604.5063201671338,611.9808959960938,604.5063201671338,611.9808959960938,10100,0.0,0.0
2009-05-28 00:00:00+09:00,596.0973596572876,597.9660034179688,596.0973596572876,597.9660034179688,21700,0.0,0.0
2009-05-29 00:00:00+09:00,583.951171875,583.951171875,583.951171875,583.951171875,3800,0.0,0.0
2009-06-01 00:00:00+09:00,583.016845703125,583.016845703125,583.016845703125,583.016845703125,6700,0.0,0.0
2009-06-02 00:00:00+09:00,583.0169276008545,587.6885375976562,583.0169276008545,587.6885375976562,2100,0.0,0.0
2009-06-03 00:00:00+09:00,590.491455078125,590.491455078125,590.491455078125,590.491455078125,4100,0.0,0.0
2009-06-04 00:00:00+09:00,588.6228069903923,589.55712890625,588.6228069903923,589.55712890625,800,0.0,0.0
2009-06-05 00:00:00+09:00,587.6884679961622,589.5571117735745,585.81982421875,585.81982421875,2400,0.0,0.0
2009-06-08 00:00:00+09:00,587.6885375976562,587.6885375976562,587.6885375976562,587.6885375976562,2400,0.0,0.0
2009-06-09 00:00:00+09:00,592.3600946538234,592.3600946538234,589.55712890625,589.55712890625,1600,0.0,0.0
2009-06-10 00:00:00+09:00,592.3601158669909,594.228759765625,592.3601158669909,594.228759765625,3800,0.0,0.0
2009-06-11 00:00:00+09:00,594.228759765625,596.097403664259,594.228759765625,594.228759765625,1800,0.0,0.0
2009-06-12 00:00:00+09:00,591.42578125,594.2287470379147,590.4914593206951,591.42578125,12000,0.0,0.0
2009-06-15 00:00:00+09:00,591.4257544935587,598.9003295898438,591.4257544935587,598.9003295898438,5900,0.0,0.0
2009-06-16 00:00:00+09:00,598.900343734499,598.900343734499,588.622802734375,588.622802734375,9700,0.0,0.0
2009-06-17 00:00:00+09:00,593.2944251086099,593.2944251086099,591.42578125,591.42578125,1900,0.0,0.0
2009-06-18 00:00:00+09:00,590.491455078125,592.3600989233089,589.557133155533,590.491455078125,3900,0.0,0.0
2009-06-19 00:00:00+09:00,588.622763325849,597.0316599447897,588.622763325849,593.2943725585938,3300,0.0,0.0
2009-06-22 00:00:00+09:00,599.8346786137441,599.8346786137441,591.42578125,591.42578125,2600,0.0,0.0
2009-06-23 00:00:00+09:00,589.5571373913903,594.2287470379147,588.6228154620853,591.42578125,2800,0.0,0.0
2009-06-24 00:00:00+09:00,597.03173828125,599.8347041886738,597.03173828125,597.03173828125,3500,0.0,0.0
2009-06-25 00:00:00+09:00,597.9660274621212,625.9956849994081,597.9660274621212,616.6524658203125,9100,0.0,0.0
2009-06-26 00:00:00+09:00,616.6523831628364,625.995601089546,607.3091652361267,625.061279296875,5900,0.0,0.0
2009-06-29 00:00:00+09:00,625.0614705888773,632.5360472177429,625.0614705888773,626.9301147460938,21200,0.0,0.0
2009-06-30 00:00:00+09:00,639.0761061869395,639.0761061869395,624.126957504204,625.061279296875,7600,0.0,0.0
2009-07-01 00:00:00+09:00,620.3897831357759,636.2732564991918,618.5211392106681,623.1927490234375,3700,0.0,0.0
2009-07-02 00:00:00+09:00,623.1927934879631,625.0614375463978,617.586861312659,619.4555053710938,2100,0.0,0.0
2009-07-03 00:00:00+09:00,616.6523960658482,616.6523960658482,602.6375688825334,614.7837524414062,5600,0.0,0.0
2009-07-06 00:00:00+09:00,615.7181080537683,645.6164076861213,607.3092112821691,635.3388671875,14500,0.0,0.0
2009-07-07 00:00:00+09:00,635.338849852071,642.813424556213,613.8494475776628,631.6015625,4900,0.0,0.0
2009-07-08 00:00:00+09:00,629.7329279888107,629.7329279888107,615.718100214579,620.3897094726562,3400,0.0,0.0
2009-07-09 00:00:00+09:00,629.7330476924844,629.7330476924844,612.9152511665724,619.4555053710938,5200,0.0,0.0
2009-07-10 00:00:00+09:00,619.455461173222,627.8643588362069,613.8495293978988,623.1927490234375,8300,0.0,0.0
2009-07-13 00:00:00+09:00,623.1927682536922,626.9300562192316,613.8495483398438,613.8495483398438,2200,0.0,0.0
2009-07-14 00:00:00+09:00,613.8495441529809,621.3241200330781,611.0465781979444,612.9152221679688,6200,0.0,0.0
2009-07-15 00:00:00+09:00,612.9152179747138,619.4554718250537,611.9808959960938,611.9808959960938,3500,0.0,0.0
2009-07-16 00:00:00+09:00,621.3240856594509,621.3240856594509,603.5719689263237,605.4406127929688,3500,0.0,0.0
2009-07-17 00:00:00+09:00,599.834629281851,613.8494570688101,599.834629281851,607.3092041015625,4000,0.0,0.0
2009-07-21 00:00:00+09:00,625.995565578905,625.995565578905,613.8493829631949,617.586669921875,3400,0.0,0.0
2009-07-22 00:00:00+09:00,613.8494565113481,620.3897094726562,613.8494565113481,620.3897094726562,3600,0.0,0.0
2009-07-23 00:00:00+09:00,615.7180742536272,618.5210396902902,614.7837524414062,614.7837524414062,4600,0.0,0.0
2009-07-24 00:00:00+09:00,614.7838841869213,630.6673583984375,613.8495621744792,630.6673583984375,12000,0.0,0.0
2009-07-27 00:00:00+09:00,630.6672232491629,631.601545061384,615.7180742536272,627.8642578125,24400,0.0,0.0
2009-07-28 00:00:00+09:00,613.8495000665838,625.0613630814986,613.8495000665838,616.6524658203125,9100,0.0,0.0
2009-07-29 00:00:00+09:00,617.586861312659,619.4555053710938,617.586861312659,619.4555053710938,1800,0.0,0.0
2009-07-30 00:00:00+09:00,621.3240313242717,621.3240313242717,616.6524220661944,620.3897094726562,4900,0.0,0.0
2009-07-31 00:00:00+09:00,618.5210657694254,622.2583531758871,617.5867439178099,620.3897094726562,4700,0.0,0.0
2009-08-03 00:00:00+09:00,623.192740579476,623.192740579476,620.3897747297932,621.3240966796875,3500,0.0,0.0
2009-08-04 00:00:00+09:00,622.2584270608836,623.1927490234375,619.455461173222,623.1927490234375,1900,0.0,0.0
2009-08-05 00:00:00+09:00,624.1270055455847,625.0613274101738,620.3897180872278,622.2583618164062,2300,0.0,0.0
2009-08-06 00:00:00+09:00,623.1927934879631,623.1927934879631,618.5211833418764,619.4555053710938,3700,0.0,0.0
2009-08-07 00:00:00+09:00,620.3897180872278,622.2583618164062,618.5210743580494,622.2583618164062,1800,0.0,0.0
2009-08-10 00:00:00+09:00,625.9957427283882,625.9957427283882,613.8495566754493,615.7182006835938,9100,0.0,0.0
2009-08-11 00:00:00+09:00,610.1121691048863,620.3897094726562,610.1121691048863,620.3897094726562,3800,0.0,0.0
2009-08-12 00:00:00+09:00,611.9808959960938,616.6525058891937,610.1122520388537,611.9808959960938,4700,0.0,0.0
2009-08-13 00:00:00+09:00,618.5210396902902,618.5210396902902,613.8494306291852,614.7837524414062,1200,0.0,0.0
2009-08-14 00:00:00+09:00,613.8495441529809,616.6525101080173,611.0465781979444,612.9152221679688,6700,0.0,0.0
2009-08-17 00:00:00+09:00,612.9151088169642,614.7837524414062,609.1778215680803,614.7837524414062,6500,0.0,0.0
2009-08-18 00:00:00+09:00,613.8495566754493,615.7182006835938,607.3093026469438,615.7182006835938,8500,0.0,0.0
2009-08-19 00:00:00+09:00,611.9809001829566,616.6525101080173,610.1122562129323,612.9152221679688,5000,0.0,0.0
2009-08-20 00:00:00+09:00,613.8493829631949,622.258278620225,611.9807394838549,617.586669921875,6400,0.0,0.0
2009-08-21 00:00:00+09:00,614.7838219844934,620.3897534919507,614.7838219844934,616.6524658203125,4700,0.0,0.0
2009-08-24 00:00:00+09:00,617.5867524934603,622.2583618164062,617.5867524934603,622.2583618164062,8500,0.0,0.0
2009-08-25 00:00:00+09:00,614.7838952250071,623.1927934879631,613.8495731957897,619.4555053710938,26900,0.0,0.0
2009-08-26 00:00:00+09:00,611.0465078753625,625.0613360376415,607.3092203654215,624.1270141601562,24100,0.0,0.0
2009-08-27 00:00:00+09:00,624.1270411635891,624.1270411635891,611.0465343128551,616.6524658203125,20300,0.0,0.0
2009-08-28 00:00:00+09:00,609.1779342279201,618.5211540780416,609.1779342279201,612.9152221679688,6600,0.0,0.0
2009-08-31 00:00:00+09:00,609.1778650312978,614.7837963045919,603.5719337580036,611.0465087890625,6200,0.0,0.0
2009-09-02 00:00:00+09:00,607.3093095431018,609.1779535724652,600.7690554403299,603.572021484375,7800,0.0,0.0
2009-09-03 00:00:00+09:00,600.7689904501271,604.5062781045604,600.7689904501271,602.6376342773438,1800,0.0,0.0
2009-09-04 00:00:00+09:00,599.8346786137441,599.8346786137441,590.4914593206951,591.42578125,3600,0.0,0.0
2009-09-07 00:00:00+09:00,588.622802734375,589.5571246434771,581.1482274615576,588.622802734375,4100,0.0,0.0
2009-09-08 00:00:00+09:00,597.9660043929712,597.9660043929712,583.0168542831469,584.885498046875,2000,0.0,0.0
2009-09-09 00:00:00+09:00,594.228734188988,594.228734188988,588.622802734375,588.622802734375,1500,0.0,0.0
2009-09-10 00:00:00+09:00,589.5571160772045,590.4914379727309,586.754150390625,586.754150390625,4200,0.0,0.0
2009-09-11 00:00:00+09:00,582.0825593324927,591.4257785834155,577.4109497070312,577.4109497070312,8100,0.0,0.0
2009-09-14 00:00:00+09:00,569.9363826628654,583.0168898059476,569.9363826628654,579.2796020507812,4200,0.0,0.0
2009-09-15 00:00:00+09:00,582.0824845973069,582.0824845973069,569.9363011305894,574.60791015625,4000,0.0,0.0
2009-09-16 00:00:00+09:00,574.6079496790151,577.4109152872054,567.1333747238409,569.9363403320312,3500,0.0,0.0
2009-09-17 00:00:00+09:00,569.9364180673605,573.6737060546875,564.3304860863701,573.6737060546875,1400,0.0,0.0
2009-09-18 00:00:00+09:00,569.0019968080127,573.6736059772082,564.3303876388172,565.2647094726562,4100,0.0,0.0
2009-09-21 00:00:00+09:00,565.2647094726562,565.2647094726562,565.2647094726562,565.2647094726562,0,0.0,0.0
2009-09-24 00:00:00+09:00,566.1991031560867,582.082576346934,566.1991031560867,581.1482543945312,4700,0.0,0.0
2009-09-25 00:00:00+09:00,572.7393344208102,593.2944165696811,571.8050125049525,589.55712890625,8000,0.0,0.0
2009-09-28 00:00:00+09:00,589.5571233145199,601.7033081054688,589.5571233145199,601.7033081054688,8800,0.0,0.0
2009-09-29 00:00:00+09:00,611.9808133638822,611.9808133638822,602.6375948392428,607.3092041015625,25500,0.0,0.0
2009-09-30 00:00:00+09:00,606.3749090176876,607.3092309113975,597.9660119742991,599.8346557617188,5100,0.0,0.0
2009-10-01 00:00:00+09:00,596.0973337456255,596.0973337456255,590.4914027072654,592.3600463867188,2600,0.0,0.0
2009-10-02 00:00:00+09:00,578.345236362555,585.8198113074669,573.6736270219851,583.016845703125,4200,0.0,0.0
2009-10-05 00:00:00+09:00,583.0168767755682,616.6524658203125,576.4766233502013,616.6524658203125,10500,0.0,0.0
2009-10-06 00:00:00+09:00,588.622802734375,589.5571246434771,586.7541589161706,588.622802734375,4500,0.0,0.0
2009-10-07 00:00:00+09:00,579.2795667556909,588.622785574331,576.4766011100988,584.885498046875,4400,0.0,0.0
2009-10-08 00:00:00+09:00,584.8855302598741,605.4406127929688,579.2795986599392,605.4406127929688,2500,0.0,0.0
2009-10-09 00:00:00+09:00,605.4406360035211,605.4406360035211,591.4258064664026,597.03173828125,2000,0.0,0.0
2009-10-13 00:00:00+09:00,597.9660518053375,603.5719835410125,595.1630859375,595.1630859375,4700,0.0,0.0
2009-10-14 00:00:00+09:00,601.7032647839856,601.7032647839856,588.622759027812,592.3600463867188,3800,0.0,0.0
2009-10-15 00:00:00+09:00,607.3092438453851,610.11220958621,597.9660247093024,602.6376342773438,2900,0.0,0.0
2009-10-16 00:00:00+09:00,611.9809126673049,615.7182006835938,610.1122686591605,615.7182006835938,3800,0.0,0.0
2009-10-19 00:00:00+09:00,615.718100773738,615.718100773738,607.3092041015625,607.3092041015625,1900,0.0,0.0
2009-10-20 00:00:00+09:00,614.7838703312285,614.7838703312285,613.8495483398438,613.8495483398438,3100,0.0,0.0
2009-10-21 00:00:00+09:00,614.7838703312285,617.5868363053831,612.9152263484589,613.8495483398438,6400,0.0,0.0
2009-10-22 00:00:00+09:00,613.8494701064199,615.7181138510362,599.8346420217985,610.1121826171875,4900,0.0,0.0
2009-10-23 00:00:00+09:00,614.7837524414062,618.5210396902902,611.0464651925223,614.7837524414062,4000,0.0,0.0
2009-10-26 00:00:00+09:00,616.6524601974601,629.7329669289213,613.8494944692898,628.7986450195312,12100,0.0,0.0
2009-10-27 00:00:00+09:00,628.7986244878273,628.7986244878273,610.1121869101801,611.0465087890625,21900,0.0,0.0
2009-10-28 00:00:00+09:00,599.8346557617188,606.3749090176876,598.9003338680089,599.8346557617188,9500,0.0,0.0
2009-10-29 00:00:00+09:00,597.9660304588607,598.9003523814526,590.491455078125,590.491455078125,4000,0.0,0.0
2009-10-30 00:00:00+09:00,590.4915035957373,591.4258255950976,587.6885375976562,587.6885375976562,4200,0.0,0.0
2009-11-02 00:00:00+09:00,587.6884822102336,588.6228041215376,574.6079754519772,575.5422973632812,3900,0.0,0.0
2009-11-04 00:00:00+09:00,575.5423058568467,578.3452716321235,572.7393400815698,577.4109497070312,2400,0.0,0.0
2009-11-05 00:00:00+09:00,585.8198556223223,585.8198556223223,578.3452801119896,579.2796020507812,1900,0.0,0.0
2009-11-06 00:00:00+09:00,580.2138671875,591.4257293553744,579.2795453401772,580.2138671875,2900,0.0,0.0
2009-11-09 00:00:00+09:00,589.5570590383638,589.5570590383638,574.60791015625,574.60791015625,3200,0.0,0.0
2009-11-10 00:00:00+09:00,582.0825507424095,585.8198383876255,574.6079754519772,575.5422973632812,8100,0.0,0.0
2009-11-11 00:00:00+09:00,582.0825377521857,582.0825377521857,569.9363531762974,572.7393188476562,3600,0.0,0.0
2009-11-12 00:00:00+09:00,572.7393067635146,573.6736286342543,554.9871912194578,556.8558349609375,7600,0.0,0.0
2009-11-13 00:00:00+09:00,558.7245229772619,559.65884492204,550.3156254742597,553.1185913085938,6200,0.0,0.0
2009-11-16 00:00:00+09:00,555.9215087890625,563.3960836971507,555.9215087890625,555.9215087890625,1500,0.0,0.0
2009-11-17 00:00:00+09:00,567.1334838867188,570.8707720836659,566.199161837482,567.1334838867188,2400,0.0,0.0
2009-11-18 00:00:00+09:00,557.7902221679688,568.0677639499581,554.0529342472454,557.7902221679688,4300,0.0,0.0
2009-11-19 00:00:00+09:00,553.1184955711748,560.5930698356501,553.1184955711748,558.7244262695312,1500,0.0,0.0
2009-11-20 00:00:00+09:00,558.72448834981,562.4617758973004,545.6439819335938,545.6439819335938,4600,0.0,0.0
2009-11-24 00:00:00+09:00,542.8410560199428,547.5126657963623,537.2351242882394,540.972412109375,4500,0.0,0.0
2009-11-25 00:00:00+09:00,550.3155870388548,551.2499089183774,540.972368243628,544.7096557617188,4900,0.0,0.0
2009-11-26 00:00:00+09:00,545.6440364256177,562.461832068873,543.775392465256,557.7902221679688,17300,0.0,0.0
2009-11-27 00:00:00+09:00,557.7901824241461,568.0677234738372,557.7901824241461,562.4617919921875,56100,0.0,0.0
2009-11-30 00:00:00+09:00,561.5274047851562,566.1990138099911,556.8557957603214,561.5274047851562,8800,0.0,0.0
2009-12-01 00:00:00+09:00,567.133454691569,567.133454691569,558.7245566813151,560.5932006835938,8100,0.0,0.0
2009-12-02 00:00:00+09:00,569.9364079103199,569.9364079103199,554.9872562274262,557.7902221679688,6600,0.0,0.0
2009-12-03 00:00:00+09:00,554.9872351981498,555.9215571429279,549.3813035294817,553.1185913085938,11200,0.0,0.0
2009-12-04 00:00:00+09:00,553.1185526774228,554.0528745569454,544.7096557617188,544.7096557617188,2600,0.0,0.0
2009-12-07 00:00:00+09:00,546.5782908769564,551.2499002006912,541.9066815532218,542.8410034179688,5800,0.0,0.0
2009-12-08 00:00:00+09:00,550.3155783359442,550.3155783359442,542.8410034179688,542.8410034179688,2700,0.0,0.0
2009-12-09 00:00:00+09:00,541.9067660245029,542.8410880348899,533.4978679310192,534.4321899414062,5300,0.0,0.0
2009-12-10 00:00:00+09:00,538.169390459364,540.0380341762368,528.826171875,528.826171875,8600,0.0,0.0
2009-12-11 00:00:00+09:00,527.8919025177651,528.826224469124,525.0889366636885,526.9575805664062,8100,0.0,0.0
2009-12-14 00:00:00+09:00,524.1545978001186,531.6291731698172,522.2859539576939,523.2202758789062,4500,0.0,0.0
2009-12-15 00:00:00+09:00,523.2202758789062,523.2202758789062,522.2859539576939,523.2202758789062,5800,0.0,0.0
2009-12-16 00:00:00+09:00,523.2202758789062,524.1545978001186,521.3516320364815,523.2202758789062,13200,0.0,0.0
2009-12-17 00:00:00+09:00,523.2202587539343,526.0232244258304,512.0083960663501,519.4829711914062,12100,0.0,0.0
2009-12-18 00:00:00+09:00,528.8262031022892,528.8262031022892,519.4829839662063,522.2859497070312,4800,0.0,0.0
2009-12-21 00:00:00+09:00,513.8770566667829,523.2202758789062,513.8770566667829,523.2202758789062,5400,0.0,0.0
2009-12-22 00:00:00+09:00,527.8918326707072,527.8918326707072,519.4829362210854,525.0888671875,4800,0.0,0.0
2009-12-24 00:00:00+09:00,526.9575592750726,526.9575592750726,519.4829839662063,522.2859497070312,6000,0.0,0.0
2009-12-25 00:00:00+09:00,520.4173209522585,539.103759765625,520.4173209522585,539.103759765625,15700,0.0,0.0
2009-12-28 00:00:00+09:00,539.1038125212295,539.1038125212295,534.4322023607336,537.2351684570312,21400,0.0,0.0
2009-12-29 00:00:00+09:00,534.4321731782295,536.3008171403911,523.2203094052597,530.6948852539062,9300,0.0,0.0
2009-12-30 00:00:00+09:00,525.088919721331,530.6948512486049,523.2202758789062,523.2202758789062,5100,0.0,0.0
2010-01-04 00:00:00+09:00,532.5635292160679,532.5635292160679,522.2859874241789,530.6948852539062,6100,0.0,0.0
2010-01-05 00:00:00+09:00,539.103729783443,539.103729783443,531.6291546737938,532.5634765625,1400,0.0,0.0
2010-01-06 00:00:00+09:00,539.103747005662,539.103747005662,530.6948497386759,536.30078125,4700,0.0,0.0
2010-01-07 00:00:00+09:00,540.9723623807313,581.1482027647925,540.9723623807313,569.9363403320312,32900,0.0,0.0
2010-01-08 00:00:00+09:00,562.4617611238326,569.9363360224883,547.5126113265214,569.0020141601562,11700,0.0,0.0
2010-01-12 00:00:00+09:00,569.0020687109704,569.0020687109704,543.7753760094988,554.0529174804688,14400,0.0,0.0
2010-01-13 00:00:00+09:00,558.7244262695312,559.6587480525907,554.9871391372936,558.7244262695312,7400,0.0,0.0
2010-01-14 00:00:00+09:00,558.7245101021991,559.6588320254469,543.775359330234,550.3156127929688,8000,0.0,0.0
2010-01-15 00:00:00+09:00,550.3156613294582,550.3156613294582,542.8410852842363,547.5126953125,7900,0.0,0.0
2010-01-18 00:00:00+09:00,538.1694110576923,546.5783081054688,538.1694110576923,546.5783081054688,2900,0.0,0.0
2010-01-19 00:00:00+09:00,546.5783038204663,548.4469475942115,541.9066943861034,545.6439819335938,4600,0.0,0.0
2010-01-20 00:00:00+09:00,546.5783480940194,546.5783480940194,540.9724163186961,541.90673828125,6400,0.0,0.0
2010-01-21 00:00:00+09:00,541.90673828125,544.7097041689117,540.0380943561422,541.90673828125,5300,0.0,0.0
2010-01-22 00:00:00+09:00,540.0381345533287,540.0381345533287,534.4322023607336,537.2351684570312,6100,0.0,0.0
2010-01-25 00:00:00+09:00,537.2351684570312,538.1694904891305,531.6292362644361,537.2351684570312,10000,0.0,0.0
2010-01-26 00:00:00+09:00,538.1694904891305,540.0381345533287,532.5635582965353,537.2351684570312,13700,0.0,0.0
2010-01-27 00:00:00+09:00,537.235139121472,537.235139121472,530.6948852539062,530.6948852539062,25300,0.0,0.0
2010-01-28 00:00:00+09:00,526.9575108429715,526.9575108429715,524.1545453597643,525.0888671875,4400,0.0,0.0
2010-01-29 00:00:00+09:00,524.1546020507812,525.0889239795705,523.220280121992,524.1546020507812,2300,0.0,0.0
2010-02-01 00:00:00+09:00,521.3516235351562,522.2859454411332,519.4829797232022,521.3516235351562,3400,0.0,0.0
2010-02-02 00:00:00+09:00,518.5487630134885,518.5487630134885,515.7457967269291,517.6144409179688,4500,0.0,0.0
2010-02-03 00:00:00+09:00,518.5487630134885,518.5487630134885,517.6144409179688,517.6144409179688,2800,0.0,0.0
2010-02-04 00:00:00+09:00,517.6143672548492,518.5486892174031,513.8770794046336,514.8114013671875,10000,0.0,0.0
2010-02-05 00:00:00+09:00,513.8770709706569,514.8113929178762,512.9427490234375,512.9427490234375,5600,0.0,0.0
2010-02-08 00:00:00+09:00,512.9427976503476,513.8771196861406,510.13983154296875,510.13983154296875,5200,0.0,0.0
2010-02-09 00:00:00+09:00,512.9427190689144,513.8770409615718,503.59950014234033,506.4024658203125,8200,0.0,0.0
2010-02-10 00:00:00+09:00,504.53387451171875,505.4681965015552,502.6652305320457,504.53387451171875,10400,0.0,0.0
2010-02-12 00:00:00+09:00,506.402540809603,506.402540809603,501.73093065453287,502.6652526855469,3600,0.0,0.0
2010-02-15 00:00:00+09:00,504.53379616808536,504.53379616808536,499.8621869443068,500.7965087890625,3700,0.0,0.0
2010-02-16 00:00:00+09:00,499.86217391423844,500.7964957346389,495.1905648122362,497.9935302734375,4200,0.0,0.0
2010-02-17 00:00:00+09:00,497.0592735947741,499.86223942331605,494.2563077662321,498.92791748046875,4200,0.0,0.0
2010-02-18 00:00:00+09:00,494.2562908820386,495.19061279296875,493.3219689711085,495.19061279296875,4700,0.0,0.0
2010-02-19 00:00:00+09:00,494.2562474172979,496.12489107483026,492.3876037597656,492.3876037597656,5800,0.0,0.0
2010-02-22 00:00:00+09:00,488.650368594215,490.5190124511719,485.8474028087798,490.5190124511719,14300,0.0,0.0
2010-02-23 00:00:00+09:00,488.6503252635971,488.6503252635971,485.84735972671217,487.71600341796875,49200,0.0,0.0
2010-02-24 00:00:00+09:00,473.70119381139773,478.3728032178218,469.9639062862585,471.8325500488281,24500,0.0,0.0
2010-02-25 00:00:00+09:00,476.50415897369385,484.91305589675903,473.7011933326721,478.372802734375,17600,0.0,0.0
2010-02-26 00:00:00+09:00,479.3071374393204,484.91306887135926,479.3071374393204,481.17578125,6300,0.0,0.0
2010-03-01 00:00:00+09:00,481.17579818460985,485.8474078757226,481.17579818460985,484.9130859375,26700,0.0,0.0
2010-03-02 00:00:00+09:00,487.7160034179688,489.5846471092254,485.84735972671217,487.71600341796875,7100,0.0,0.0
2010-03-03 00:00:00+09:00,486.78168157234046,488.6503252635971,485.84735972671217,487.71600341796875,2800,0.0,0.0
2010-03-04 00:00:00+09:00,486.7817478032075,488.65039174870924,482.1101379394531,482.1101379394531,4400,0.0,0.0
2010-03-05 00:00:00+09:00,479.30715430816474,485.8474078757226,479.30715430816474,484.9130859375,3600,0.0,0.0
2010-03-08 00:00:00+09:00,482.1101243239182,489.5846998948317,479.3071584848257,485.847412109375,4100,0.0,0.0
2010-03-09 00:00:00+09:00,486.78173828125,487.71606023572457,485.84741632677543,486.78173828125,3500,0.0,0.0
2010-03-10 00:00:00+09:00,486.78173405573915,488.6503779484675,485.847412109375,485.847412109375,6500,0.0,0.0
2010-03-11 00:00:00+09:00,490.51902184119587,490.51902184119587,477.4385145920973,485.847412109375,5900,0.0,0.0
2010-03-12 00:00:00+09:00,489.5846998948317,489.5846998948317,483.9787682166466,485.847412109375,7700,0.0,0.0
2010-03-15 00:00:00+09:00,486.78173405573915,487.71605600210336,485.847412109375,485.847412109375,4500,0.0,0.0
2010-03-16 00:00:00+09:00,488.6503601074219,488.6503601074219,484.91307245841676,488.6503601074219,2300,0.0,0.0
2010-03-17 00:00:00+09:00,487.7160034179688,488.6503252635971,486.78168157234046,487.71600341796875,5200,0.0,0.0
2010-03-18 00:00:00+09:00,489.5846998948317,490.51902184119587,485.847412109375,485.847412109375,2600,0.0,0.0
2010-03-19 00:00:00+09:00,488.6503601074219,489.58468201967315,485.84739437066804,488.6503601074219,2500,0.0,0.0
2010-03-23 00:00:00+09:00,488.6503601074219,489.58468201967315,487.7160381951706,488.6503601074219,1600,0.0,0.0
2010-03-24 00:00:00+09:00,490.51901756683526,490.51901756683526,478.3728323699422,484.9130859375,9500,0.0,0.0
2010-03-25 00:00:00+09:00,488.6503601074219,489.58468201967315,487.7160381951706,488.6503601074219,11200,0.0,0.0
2010-03-26 00:00:00+09:00,488.65033740324964,503.5994873046875,488.65033740324964,503.5994873046875,14100,0.0,0.0
2010-03-29 00:00:00+09:00,504.53383120744587,506.40247502673276,497.05925593029855,501.7308654785156,10700,0.0,0.0
2010-03-30 00:00:00+09:00,506.4024700916494,507.3367919921875,500.7965386884208,507.3367919921875,5700,0.0,0.0
2010-03-31 00:00:00+09:00,508.27116247106477,510.1398064507378,504.53387451171875,504.53387451171875,5400,0.0,0.0
2010-04-01 00:00:00+09:00,505.4680745405514,511.0740051269531,504.5337527761512,511.0740051269531,3300,0.0,0.0
2010-04-02 00:00:00+09:00,511.07410091205236,513.8770667305828,505.46816927499145,512.0084228515625,3000,0.0,0.0
2010-04-05 00:00:00+09:00,517.6143231366132,518.5486450195312,513.8770356049408,518.5486450195312,5300,0.0,0.0
2010-04-06 00:00:00+09:00,515.7456708083748,516.6799926757812,513.8770270735619,516.6799926757812,2900,0.0,0.0
2010-04-07 00:00:00+09:00,518.5486934496009,518.5486934496009,513.8770835987036,515.7457275390625,5300,0.0,0.0
2010-04-08 00:00:00+09:00,516.6800452922953,516.6800452922953,514.8114013671875,514.8114013671875,3000,0.0,0.0
2010-04-09 00:00:00+09:00,515.7456597222223,588.6227638134059,514.8113378748993,580.2138671875,86600,0.0,0.0
2010-04-12 00:00:00+09:00,579.2795054968384,579.2795054968384,546.5782430897589,558.7244262695312,41200,0.0,0.0
2010-04-13 00:00:00+09:00,556.8558088916843,560.5930961996822,543.7753033136917,551.2498779296875,12000,0.0,0.0
2010-04-14 00:00:00+09:00,551.2499431990932,555.9215528872211,547.5126554485909,552.1842651367188,7800,0.0,0.0
2010-04-15 00:00:00+09:00,553.1185932093425,553.1185932093425,532.56351035359,540.0380859375,18800,0.0,0.0
2010-04-16 00:00:00+09:00,540.0380463641054,544.7096557617188,529.7605056893559,544.7096557617188,11500,0.0,0.0
2010-04-19 00:00:00+09:00,538.169425087108,546.5783223540941,536.30078125,536.30078125,3500,0.0,0.0
2010-04-20 00:00:00+09:00,532.5634722718036,540.0380473212324,531.629150390625,531.629150390625,4900,0.0,0.0
2010-04-21 00:00:00+09:00,528.8261754467648,544.7096471474626,528.8261754467648,542.8410034179688,6600,0.0,0.0
2010-04-22 00:00:00+09:00,543.775356598432,543.775356598432,526.9575620644599,536.30078125,8000,0.0,0.0
2010-04-23 00:00:00+09:00,533.4977504337437,541.9066466752563,533.4977504337437,535.3663940429688,10400,0.0,0.0
2010-04-26 00:00:00+09:00,541.9066815532218,545.6439690122095,536.3007503647402,542.8410034179688,32800,0.0,0.0
2010-04-27 00:00:00+09:00,533.4978511971487,537.235139121472,529.7605632728254,530.6948852539062,28400,0.0,0.0
2010-04-28 00:00:00+09:00,521.351729300048,526.0233397776469,505.46825367621136,517.6144409179688,12200,0.0,0.0
2010-04-30 00:00:00+09:00,526.9575281581273,532.5634593087456,526.9575281581273,528.826171875,10100,0.0,0.0
2010-05-06 00:00:00+09:00,528.8261857316301,528.8261857316301,518.5486450195312,518.5486450195312,7100,0.0,0.0
2010-05-07 00:00:00+09:00,513.876970420154,514.8112921845542,509.20536159815254,511.0740051269531,10100,0.0,0.0
2010-05-10 00:00:00+09:00,512.0084396583446,515.7457275390625,512.0084396583446,515.7457275390625,5900,0.0,0.0
2010-05-11 00:00:00+09:00,517.6143714794214,527.8919131513954,515.7457275390625,515.7457275390625,14800,0.0,0.0
2010-05-12 00:00:00+09:00,525.0888762872869,525.0888762872869,512.0083704723011,513.8770141601562,4600,0.0,0.0
2010-05-13 00:00:00+09:00,525.0888315929573,525.0888315929573,508.2710398337523,511.0740051269531,3800,0.0,0.0
2010-05-14 00:00:00+09:00,508.27111389272557,511.0740795943399,504.5338262905732,507.3367919921875,6900,0.0,0.0
2010-05-17 00:00:00+09:00,505.46809596979466,507.33673957781605,495.19055612567684,496.1248779296875,16200,0.0,0.0
2010-05-18 00:00:00+09:00,496.1249568245628,496.1249568245628,492.38766901420826,493.3219909667969,6000,0.0,0.0
2010-05-19 00:00:00+09:00,488.65038219019914,488.65038219019914,485.84741632677543,486.78173828125,5300,0.0,0.0
2010-05-20 00:00:00+09:00,485.847412109375,485.847412109375,484.9130901630108,485.847412109375,3100,0.0,0.0
2010-05-21 00:00:00+09:00,483.97878188495486,484.9131038577058,481.17581596670226,482.1101379394531,12400,0.0,0.0
2010-05-24 00:00:00+09:00,475.569828527114,485.8473690257353,474.63550666360294,476.504150390625,7600,0.0,0.0
2010-05-25 00:00:00+09:00,475.56984618899855,476.50416808720877,472.7668804943679,473.7012023925781,7700,0.0,0.0
2010-05-26 00:00:00+09:00,475.56985977203186,475.56985977203186,469.0296062977603,469.96392822265625,16500,0.0,0.0
2010-05-27 00:00:00+09:00,470.8982111509995,470.8982111509995,461.55499267578125,461.55499267578125,30300,0.0,0.0
2010-05-28 00:00:00+09:00,457.8177185058594,461.5550060038664,456.88339663135764,457.8177185058594,12500,0.0,0.0
2010-05-31 00:00:00+09:00,457.8177185058594,458.75204038036117,456.88339663135764,457.8177185058594,19300,0.0,0.0
2010-06-01 00:00:00+09:00,458.75206590467883,466.2266413165677,458.75206590467883,463.4236755371094,6100,0.0,0.0
2010-06-02 00:00:00+09:00,457.8177447796843,459.6863886359279,456.8834228515625,456.8834228515625,8800,0.0,0.0
2010-06-03 00:00:00+09:00,460.6206976494181,461.5550195513439,454.0804443359375,454.0804443359375,19200,0.0,0.0
2010-06-04 00:00:00+09:00,458.75204038036117,458.75204038036117,455.9490747568559,457.8177185058594,6900,0.0,0.0
2010-06-07 00:00:00+09:00,459.6863843573899,459.6863843573899,455.0147747602619,455.9490966796875,6700,0.0,0.0
2010-06-08 00:00:00+09:00,454.0804400571843,455.94908384342784,452.21179627094074,453.1461181640625,7500,0.0,0.0
2010-06-09 00:00:00+09:00,458.752088918823,458.752088918823,452.21183510531637,455.0148010253906,3900,0.0,0.0
2010-06-10 00:00:00+09:00,455.94912299874875,456.8834449721068,455.0148010253906,455.0148010253906,3200,0.0,0.0
2010-06-11 00:00:00+09:00,463.4236891831809,463.4236891831809,459.6864013671875,459.6864013671875,8900,0.0,0.0
2010-06-14 00:00:00+09:00,462.4893629769444,463.4236849223523,458.7520751953125,458.7520751953125,6600,0.0,0.0
2010-06-15 00:00:00+09:00,463.42366272344066,463.42366272344066,460.6206970214844,460.6206970214844,1500,0.0,0.0
2010-06-16 00:00:00+09:00,468.0953117601799,469.9639557193024,460.62073592369006,462.4893798828125,7200,0.0,0.0
2010-06-17 00:00:00+09:00,464.35804467773437,467.1610107421875,464.35804467773437,467.1610107421875,4900,0.0,0.0
2010-06-18 00:00:00+09:00,467.1609760047439,467.1609760047439,465.2923321007249,466.2266540527344,10200,0.0,0.0
2010-06-21 00:00:00+09:00,468.0952885945638,472.7668982611762,468.0952885945638,470.89825439453125,2900,0.0,0.0
2010-06-22 00:00:00+09:00,474.63552429078834,475.56984618899855,472.7668804943679,473.7012023925781,2600,0.0,0.0
2010-06-23 00:00:00+09:00,472.7668804943679,473.7012023925781,469.96391479973727,473.7012023925781,1300,0.0,0.0
2010-06-24 00:00:00+09:00,472.766845703125,473.7011675325778,470.8982020442194,472.766845703125,2800,0.0,0.0
2010-06-25 00:00:00+09:00,472.76689581008185,490.5190124511719,472.76689581008185,490.5190124511719,13300,0.0,0.0
2010-06-28 00:00:00+09:00,494.25630962665264,494.25630962665264,485.847412109375,485.847412109375,38400,0.0,0.0
2010-06-29 00:00:00+09:00,489.58469052269345,491.4533343796503,489.58469052269345,490.5190124511719,5700,0.0,0.0
2010-06-30 00:00:00+09:00,479.3070985092947,479.3070985092947,471.8325238736722,472.766845703125,4000,0.0,0.0
2010-07-01 00:00:00+09:00,468.0953327636719,471.8326208496094,466.2266887207031,467.1610107421875,5400,0.0,0.0
2010-07-02 00:00:00+09:00,462.4893317165145,465.29229736328125,462.4893317165145,465.29229736328125,2600,0.0,0.0
2010-07-05 00:00:00+09:00,466.2266405230725,471.83257207244816,465.29231859817656,469.96392822265625,6100,0.0,0.0
2010-07-06 00:00:00+09:00,471.8325505390704,471.8325505390704,465.29229736328125,465.29229736328125,5300,0.0,0.0
2010-07-07 00:00:00+09:00,470.898298828125,470.898298828125,466.2266887207031,467.1610107421875,7200,0.0,0.0
2010-07-08 00:00:00+09:00,469.02961990876287,469.96394186077237,466.2266540527344,466.2266540527344,6500,0.0,0.0
2010-07-09 00:00:00+09:00,469.02956720835675,471.8325327494425,466.2266016672709,468.0952453613281,11800,0.0,0.0
2010-07-12 00:00:00+09:00,469.02965478515625,475.5699089355469,463.42372265625,467.1610107421875,7400,0.0,0.0
2010-07-13 00:00:00+09:00,467.1609760047439,467.1609760047439,466.2266540527344,466.2266540527344,4000,0.0,0.0
2010-07-14 00:00:00+09:00,467.16092351429955,468.0952453613281,467.16092351429955,468.0952453613281,3900,0.0,0.0
2010-07-15 00:00:00+09:00,469.96394186077237,469.96394186077237,465.2923321007249,466.2266540527344,5000,0.0,0.0
2010-07-16 00:00:00+09:00,465.29229736328125,466.2266192455369,465.29229736328125,465.29229736328125,1500,0.0,0.0
2010-07-21 00:00:00+09:00,467.16092351429955,470.89821090241395,465.29227982024236,468.0952453613281,2100,0.0,0.0
2010-07-22 00:00:00+09:00,465.29231438503797,469.96392396721706,465.29231438503797,469.02960205078125,4200,0.0,0.0
2010-07-23 00:00:00+09:00,471.8325763278537,472.7668982611762,469.96393246120874,470.89825439453125,4600,0.0,0.0
2010-07-26 00:00:00+09:00,476.5041935792443,480.2414813720227,476.5041935792443,479.3071594238281,10300,0.0,0.0
2010-07-27 00:00:00+09:00,480.2414593446602,482.1101031553398,479.3071374393204,481.17578125,11600,0.0,0.0
2010-07-28 00:00:00+09:00,484.91307245841676,488.6503601074219,483.0444286339142,488.6503601074219,8700,0.0,0.0
2010-07-29 00:00:00+09:00,485.84739077669906,487.71603458737866,481.17578125,481.17578125,2800,0.0,0.0
2010-07-30 00:00:00+09:00,478.37279411764706,478.37279411764706,475.569828527114,476.504150390625,3600,0.0,0.0
2010-08-02 00:00:00+09:00,476.5041859944661,476.5041859944661,470.89825439453125,470.89825439453125,3000,0.0,0.0
2010-08-03 00:00:00+09:00,471.8325410730699,476.504150390625,470.8982192095588,476.504150390625,2000,0.0,0.0
2010-08-04 00:00:00+09:00,475.5698375739674,476.5041594552522,471.8325500488281,471.8325500488281,4900,0.0,0.0
2010-08-05 00:00:00+09:00,471.8325670763177,475.5698547363281,471.8325670763177,475.5698547363281,3100,0.0,0.0
2010-08-06 00:00:00+09:00,477.43849428432196,478.3728161909449,474.6355285644531,474.6355285644531,3200,0.0,0.0
2010-08-09 00:00:00+09:00,475.56984618899855,476.50416808720877,472.7668804943679,473.7012023925781,3500,0.0,0.0
2010-08-10 00:00:00+09:00,479.3071380975678,479.3071380975678,474.6355285644531,474.6355285644531,3300,0.0,0.0
2010-08-11 00:00:00+09:00,474.6355285644531,476.50417237769904,474.6355285644531,474.6355285644531,3700,0.0,0.0
2010-08-12 00:00:00+09:00,475.56984618899855,475.56984618899855,470.8982366979475,473.7012023925781,4900,0.0,0.0
2010-08-13 00:00:00+09:00,473.7012066578302,474.6355285644531,473.7012066578302,474.6355285644531,1700,0.0,0.0
2010-08-16 00:00:00+09:00,475.569863216751,477.4385070800781,475.569863216751,477.4385070800781,1600,0.0,0.0
2010-08-17 00:00:00+09:00,476.50418514841454,477.4385070800781,475.569863216751,477.4385070800781,1400,0.0,0.0
2010-08-18 00:00:00+09:00,483.97878188495486,483.97878188495486,475.56988413019695,482.1101379394531,3700,0.0,0.0
2010-08-19 00:00:00+09:00,482.1100812133553,483.0444030761719,481.1757593505387,483.0444030761719,1400,0.0,0.0
2010-08-20 00:00:00+09:00,482.1100902557373,483.97873401641846,476.50415897369385,478.372802734375,4100,0.0,0.0
2010-08-23 00:00:00+09:00,483.044459912204,483.97878188495486,480.24149399395134,482.1101379394531,2500,0.0,0.0
2010-08-24 00:00:00+09:00,476.5041935792443,480.2414813720227,476.5041935792443,479.3071594238281,3400,0.0,0.0
2010-08-25 00:00:00+09:00,478.37282048133596,478.37282048133596,474.6355328213255,475.5698547363281,10900,0.0,0.0
2010-08-26 00:00:00+09:00,470.89820618388256,480.2414245605469,467.1609188332168,480.2414245605469,37100,0.0,0.0
2010-08-27 00:00:00+09:00,477.4109561254108,481.18495577857607,472.69345655895415,475.5239562988281,42900,5.0,0.0
2010-08-30 00:00:00+09:00,477.411,477.411,470.8065,471.75,8000,0.0,0.0
2010-08-31 00:00:00+09:00,468.9194667705362,468.9194667705362,454.7669677734375,454.7669677734375,5500,0.0,0.0
2010-09-01 00:00:00+09:00,453.8234614222503,458.5409610212342,453.8234614222503,456.6539611816406,5500,0.0,0.0
2010-09-02 00:00:00+09:00,457.5974675728573,457.5974675728573,450.9929680408779,454.7669677734375,3600,0.0,0.0
2010-09-03 00:00:00+09:00,453.82344310013286,458.54094250865813,451.93644333672273,457.5974426269531,2600,0.0,0.0
2010-09-06 00:00:00+09:00,466.08895308422706,466.08895308422706,458.54095384399665,463.2584533691406,1300,0.0,0.0
2010-09-07 00:00:00+09:00,465.1454708214962,467.9759706439394,465.1454708214962,467.032470703125,1500,0.0,0.0
2010-09-08 00:00:00+09:00,462.314970999053,467.9759706439394,462.314970999053,467.032470703125,2000,0.0,0.0
2010-09-09 00:00:00+09:00,469.8629455566406,471.7499453379926,467.97594577528866,469.8629455566406,2100,0.0,0.0
2010-09-10 00:00:00+09:00,475.5239449006965,475.5239449006965,469.8629455566406,469.8629455566406,11100,0.0,0.0
2010-09-13 00:00:00+09:00,471.7499453379926,480.24144435407646,468.91944566596464,469.8629455566406,6600,0.0,0.0
2010-09-14 00:00:00+09:00,475.5239397321429,475.5239397321429,458.54094188456634,462.31494140625,5100,0.0,0.0
2010-09-16 00:00:00+09:00,463.25844699325717,465.14544677734375,463.25844699325717,465.14544677734375,1600,0.0,0.0
2010-09-17 00:00:00+09:00,468.9194520519626,469.8629519554877,467.0324522449124,467.9759521484375,2500,0.0,0.0
2010-09-21 00:00:00+09:00,469.863,471.75,469.863,471.75,2900,0.0,0.0
2010-09-22 00:00:00+09:00,475.5239435631459,479.2979431152344,472.69344389907957,479.2979431152344,6900,0.0,0.0
2010-09-24 00:00:00+09:00,478.35443689682904,484.01543615004596,475.5239372702206,481.1849365234375,13800,0.0,0.0
2010-09-27 00:00:00+09:00,478.35444322721224,481.18494289127864,473.6369437871017,479.2979431152344,6500,0.0,0.0
2010-09-28 00:00:00+09:00,468.9194569057889,475.5239562988281,468.9194569057889,475.5239562988281,3500,0.0,0.0
2010-09-29 00:00:00+09:00,471.7499630384711,473.636962890625,467.0324634080864,473.636962890625,4200,0.0,0.0
2010-09-30 00:00:00+09:00,475.52395137663814,476.4674512801632,467.9759521484375,467.9759521484375,1700,0.0,0.0
2010-10-01 00:00:00+09:00,466.08894666938704,467.03244656143033,465.14544677734375,465.14544677734375,1600,0.0,0.0
2010-10-04 00:00:00+09:00,464.20194116709183,464.20194116709183,462.31494140625,462.31494140625,1600,0.0,0.0
2010-10-05 00:00:00+09:00,461.3714599609375,470.8064591421428,459.48446012469645,461.3714599609375,5100,0.0,0.0
2010-10-06 00:00:00+09:00,466.08895234138737,467.9759521484375,466.08895234138737,467.9759521484375,2300,0.0,0.0
2010-10-07 00:00:00+09:00,467.9759577749249,471.7499574344001,467.9759577749249,470.80645751953125,4400,0.0,0.0
2010-10-08 00:00:00+09:00,463.2584533691406,467.03245298925583,463.2584533691406,463.2584533691406,5000,0.0,0.0
2010-10-12 00:00:00+09:00,464.2019662093333,464.2019662093333,459.4844665527344,459.4844665527344,4100,0.0,0.0
2010-10-13 00:00:00+09:00,458.54094250865813,459.4844423903632,457.5974426269531,457.5974426269531,3100,0.0,0.0
2010-10-14 00:00:00+09:00,457.59749283123614,460.42799278689324,451.9364929199219,451.9364929199219,6500,0.0,0.0
2010-10-15 00:00:00+09:00,452.8799509447674,452.8799509447674,445.33195176235466,446.27545166015625,3700,0.0,0.0
2010-10-18 00:00:00+09:00,446.27545730206145,450.99295685070905,443.4449575728729,449.10595703125,2900,0.0,0.0
2010-10-19 00:00:00+09:00,451.9364929199219,458.5409928164552,451.9364929199219,451.9364929199219,2800,0.0,0.0
2010-10-20 00:00:00+09:00,448.1624700255313,448.1624700255313,445.33197021484375,445.33197021484375,2200,0.0,0.0
2010-10-21 00:00:00+09:00,445.33197021484375,446.2754701517396,444.38847027794793,445.33197021484375,2800,0.0,0.0
2010-10-22 00:00:00+09:00,451.9364559942868,453.8234558105469,450.99295608615677,453.8234558105469,2900,0.0,0.0
2010-10-25 00:00:00+09:00,452.8799615024535,458.5409610212342,451.93646158265676,456.6539611816406,5800,0.0,0.0
2010-10-26 00:00:00+09:00,460.42796004281695,462.31495987905805,457.5974602884554,461.3714599609375,11100,0.0,0.0
2010-10-27 00:00:00+09:00,461.3714427947998,462.3149426778158,447.21894454956055,452.87994384765625,23900,0.0,0.0
2010-10-28 00:00:00+09:00,446.275459670193,447.21895958492917,424.5749616312619,434.9534606933594,8900,0.0,0.0
2010-10-29 00:00:00+09:00,446.27543539307715,447.21893525648744,424.57493853464,428.34893798828125,5000,0.0,0.0
2010-11-01 00:00:00+09:00,423.63147526293733,426.46197509765625,417.9704755934994,426.46197509765625,4000,0.0,0.0
2010-11-02 00:00:00+09:00,422.6879091005067,422.6879091005067,415.139910723712,418.9139099121094,4700,0.0,0.0
2010-11-04 00:00:00+09:00,419.8574339862362,429.2924325027808,417.9704342829272,420.8009338378906,6800,0.0,0.0
2010-11-05 00:00:00+09:00,422.687956297762,437.7839547369678,422.687956297762,432.1229553222656,4600,0.0,0.0
2010-11-08 00:00:00+09:00,434.0099607786232,441.5579600965123,434.0099607786232,434.9534606933594,2000,0.0,0.0
2010-11-09 00:00:00+09:00,437.78395964659336,439.67095947265625,437.78395964659336,439.67095947265625,1000,0.0,0.0
2010-11-10 00:00:00+09:00,439.6709164883228,443.4449157714844,439.6709164883228,443.4449157714844,4200,0.0,0.0
2010-11-11 00:00:00+09:00,443.4449583405902,446.2754580746791,443.4449583405902,444.3884582519531,2500,0.0,0.0
2010-11-12 00:00:00+09:00,447.2189700886355,449.1059699624272,445.33197021484375,445.33197021484375,3400,0.0,0.0
2010-11-15 00:00:00+09:00,445.33195176235466,447.21895155795784,445.33195176235466,446.27545166015625,1800,0.0,0.0
2010-11-16 00:00:00+09:00,454.76694425884045,454.76694425884045,445.33194541529605,448.1624450683594,6500,0.0,0.0
2010-11-17 00:00:00+09:00,446.27543324659644,448.16243296434106,444.38843352885186,447.21893310546875,1500,0.0,0.0
2010-11-18 00:00:00+09:00,452.8799615024535,456.6539611816406,443.4449623044857,456.6539611816406,2900,0.0,0.0
2010-11-19 00:00:00+09:00,457.5974187491828,457.5974187491828,450.992919921875,450.992919921875,2300,0.0,0.0
2010-11-22 00:00:00+09:00,455.7104612618439,457.59746110143743,455.7104612618439,456.6539611816406,3500,0.0,0.0
2010-11-24 00:00:00+09:00,458.5409610212342,458.5409610212342,455.7104612618439,456.6539611816406,2200,0.0,0.0
2010-11-25 00:00:00+09:00,457.5974420041454,462.31494140625,457.5974420041454,462.31494140625,6800,0.0,0.0
2010-11-26 00:00:00+09:00,462.31495272728705,467.9759521484375,462.31495272728705,467.9759521484375,9300,0.0,0.0
2010-11-29 00:00:00+09:00,469.86294423501323,479.2979431152344,469.86294423501323,479.2979431152344,11700,0.0,0.0
2010-11-30 00:00:00+09:00,484.015448284709,485.90244808308995,482.1284484863281,482.1284484863281,5500,0.0,0.0
2010-12-01 00:00:00+09:00,481.18495577857607,481.18495577857607,475.5239562988281,475.5239562988281,3900,0.0,0.0
2010-12-02 00:00:00+09:00,478.35443115234375,479.29793101654957,477.41093128813793,478.35443115234375,1300,0.0,0.0
2010-12-03 00:00:00+09:00,479.2979431152344,479.2979431152344,478.35444322721224,479.2979431152344,800,0.0,0.0
2010-12-06 00:00:00+09:00,479.29793101654957,480.2414308807554,478.35443115234375,478.35443115234375,2300,0.0,0.0
2010-12-07 00:00:00+09:00,479.29793677236523,481.1849365234375,479.29793677236523,481.1849365234375,3600,0.0,0.0
2010-12-08 00:00:00+09:00,481.18493020534515,483.0719299316406,481.18493020534515,483.0719299316406,4800,0.0,0.0
2010-12-09 00:00:00+09:00,481.18493020534515,484.01542979478836,481.18493020534515,483.0719299316406,2100,0.0,0.0
2010-12-10 00:00:00+09:00,484.01547791237056,486.8459777832031,484.01547791237056,486.8459777832031,11200,0.0,0.0
2010-12-13 00:00:00+09:00,486.84593517710863,489.67643480023133,485.9024353027344,485.9024353027344,12400,0.0,0.0
2010-12-14 00:00:00+09:00,484.9589546368492,485.90245454859405,476.46745543114565,480.241455078125,5900,0.0,0.0
2010-12-15 00:00:00+09:00,481.18491855063456,481.18491855063456,477.4109191894531,477.4109191894531,5200,0.0,0.0
2010-12-16 00:00:00+09:00,484.95892333984375,484.95892333984375,483.0719236381323,484.95892333984375,3900,0.0,0.0
2010-12-17 00:00:00+09:00,487.78947774014733,487.78947774014733,486.8459777832031,486.8459777832031,6900,0.0,0.0
2010-12-20 00:00:00+09:00,486.845952910495,490.61995254546,486.845952910495,489.67645263671875,4200,0.0,0.0
2010-12-21 00:00:00+09:00,489.67647665247125,492.50697651751443,489.67647665247125,491.5634765625,13000,0.0,0.0
2010-12-22 00:00:00+09:00,491.56343968466183,494.3939393373566,489.6764399161986,493.450439453125,7100,0.0,0.0
2010-12-24 00:00:00+09:00,491.5634645315317,494.3939643272987,483.0719651442308,490.6199645996094,13800,0.0,0.0
2010-12-27 00:00:00+09:00,489.67642790695714,494.39392721241916,488.73292804586475,492.5069274902344,21600,0.0,0.0
2010-12-28 00:00:00+09:00,485.90244808308995,492.5069473774232,482.1284484863281,482.1284484863281,7400,0.0,0.0
2010-12-29 00:00:00+09:00,484.0154724121094,485.90247230455424,483.0719724658869,484.0154724121094,3100,0.0,0.0
2010-12-30 00:00:00+09:00,485.9024231906995,485.9024231906995,484.01542348898806,484.95892333984375,1700,0.0,0.0
2011-01-04 00:00:00+09:00,488.7329776970915,488.7329776970915,486.8459777832031,486.8459777832031,1800,0.0,0.0
2011-01-05 00:00:00+09:00,485.9024530017537,489.67645263671875,485.9024530017537,489.67645263671875,1600,0.0,0.0
2011-01-06 00:00:00+09:00,487.78947124702125,489.6764711357912,486.8459713026363,488.73297119140625,1700,0.0,0.0
2011-01-07 00:00:00+09:00,490.61995254546,492.50695236294257,489.67645263671875,489.67645263671875,4100,0.0,0.0
2011-01-11 00:00:00+09:00,490.6199645996094,495.337464259221,489.67646466768707,490.6199645996094,9100,0.0,0.0
2011-01-12 00:00:00+09:00,496.2809205965232,497.22442044556595,494.3939208984375,494.3939208984375,6000,0.0,0.0
2011-01-13 00:00:00+09:00,495.33742074748034,496.2809205965232,494.3939208984375,494.3939208984375,1500,0.0,0.0
2011-01-14 00:00:00+09:00,494.3939754355543,497.2244752949182,494.3939754355543,496.2809753417969,3400,0.0,0.0
2011-01-17 00:00:00+09:00,481.18495824146856,482.12845815958906,460.42796004281695,461.3714599609375,89300,0.0,0.0
2011-01-18 00:00:00+09:00,434.9534466873972,450.9929447214227,434.9534466873972,448.1624450683594,109300,0.0,0.0
2011-01-19 00:00:00+09:00,448.16245005984734,459.48444879820136,448.16245005984734,455.71044921875,33600,0.0,0.0
2011-01-20 00:00:00+09:00,454.76694298183793,459.4844423903632,453.82344310013286,457.5974426269531,12400,0.0,0.0
2011-01-21 00:00:00+09:00,458.54095535119706,460.42795516745707,453.8234558105469,453.8234558105469,11800,0.0,0.0
2011-01-24 00:00:00+09:00,453.8234678402976,456.65396763971734,453.8234678402976,454.7669677734375,4200,0.0,0.0
2011-01-25 00:00:00+09:00,455.7104434967041,455.7104434967041,449.10594431559247,452.87994384765625,17800,0.0,0.0
2011-01-26 00:00:00+09:00,454.76691925176516,454.76691925176516,449.10592025692995,450.992919921875,17800,0.0,0.0
2011-01-27 00:00:00+09:00,451.9364929199219,452.8799929051409,450.99299293470284,451.9364929199219,23200,0.0,0.0
2011-01-28 00:00:00+09:00,451.93646886413705,456.653968539128,450.0494689941406,450.0494689941406,14600,0.0,0.0
2011-01-31 00:00:00+09:00,446.27545166015625,448.1624514557594,444.388451864553,446.27545166015625,14700,0.0,0.0
2011-02-01 00:00:00+09:00,447.21895721179095,450.0494569409795,446.27545730206145,449.10595703125,10800,0.0,0.0
2011-02-02 00:00:00+09:00,456.6539928460171,456.6539928460171,449.1059929642647,451.9364929199219,40900,0.0,0.0
2011-02-03 00:00:00+09:00,450.0494441986084,452.87994384765625,448.16244443257654,452.87994384765625,22100,0.0,0.0
2011-02-04 00:00:00+09:00,451.9364197543476,452.8799195868201,450.992919921875,450.992919921875,5500,0.0,0.0
2011-02-07 00:00:00+09:00,452.8799615024535,459.484460941031,452.8799615024535,456.6539611816406,21600,0.0,0.0
2011-02-08 00:00:00+09:00,456.653955534937,456.653955534937,453.8234558105469,453.8234558105469,6100,0.0,0.0
2011-02-09 00:00:00+09:00,457.5974490084757,457.5974490084757,452.8799495341615,455.71044921875,15800,0.0,0.0
2011-02-10 00:00:00+09:00,455.71044921875,456.65394911361284,454.76694932388716,455.71044921875,12600,0.0,0.0
2011-02-14 00:00:00+09:00,455.71044921875,456.65394911361284,454.76694932388716,455.71044921875,12200,0.0,0.0
2011-02-15 00:00:00+09:00,456.65394911361284,457.5974490084757,455.71044921875,455.71044921875,8100,0.0,0.0
2011-02-16 00:00:00+09:00,455.7104612618439,457.59746110143743,455.7104612618439,456.6539611816406,6500,0.0,0.0
2011-02-17 00:00:00+09:00,454.76694932388716,456.65394911361284,454.76694932388716,455.71044921875,10700,0.0,0.0
2011-02-18 00:00:00+09:00,456.65396763971734,457.5974675728573,454.7669677734375,454.7669677734375,10600,0.0,0.0
2011-02-21 00:00:00+09:00,456.65395477671683,461.37145430953416,456.65395477671683,458.54095458984375,17100,0.0,0.0
2011-02-22 00:00:00+09:00,460.427967372277,460.427967372277,454.7669677734375,454.7669677734375,22100,0.0,0.0
2011-02-23 00:00:00+09:00,455.71046770657745,456.65396763971734,454.7669677734375,454.7669677734375,73600,0.0,0.0
2011-02-24 00:00:00+09:00,450.95339300102086,450.95339300102086,441.41949462890625,441.41949462890625,31600,5.0,0.0
2011-02-25 00:00:00+09:00,441.4195214610989,452.8602002030712,441.4195214610989,450.0000305175781,14500,0.0,0.0
2011-02-28 00:00:00+09:00,449.99998026097074,451.90675983834774,446.18642110621676,448.09320068359375,28500,0.0,0.0
2011-03-01 00:00:00+09:00,448.09321150820483,449.999991131644,446.1864318847656,446.1864318847656,6100,0.0,0.0
2011-03-02 00:00:00+09:00,446.18646478033685,446.18646478033685,440.46612548828125,440.46612548828125,12400,0.0,0.0
2011-03-03 00:00:00+09:00,441.41954457272766,445.2331043530536,441.41954457272766,443.3263244628906,4100,0.0,0.0
2011-03-04 00:00:00+09:00,447.1398108949052,448.09320068359375,446.18642110621676,448.09320068359375,4600,0.0,0.0
2011-03-07 00:00:00+09:00,449.0466013199244,449.0466013199244,446.1864318847656,446.1864318847656,4000,0.0,0.0
2011-03-08 00:00:00+09:00,449.999991131644,449.999991131644,446.1864318847656,446.1864318847656,3400,0.0,0.0
2011-03-09 00:00:00+09:00,446.18647340438906,447.1398633048258,444.2796936035156,444.2796936035156,3300,0.0,0.0
2011-03-10 00:00:00+09:00,444.27967513409203,445.2330649948948,439.5127258300781,439.5127258300781,9300,0.0,0.0
2011-03-11 00:00:00+09:00,439.51276886254027,439.51276886254027,434.7458190917969,434.7458190917969,18700,0.0,0.0
2011-03-14 00:00:00+09:00,373.7288449449094,389.9364734246631,364.1949458391719,388.0296936035156,12100,0.0,0.0
2011-03-15 00:00:00+09:00,385.1695278417691,385.1695278417691,311.75850397093683,334.6398620605469,20300,0.0,0.0
2011-03-16 00:00:00+09:00,334.6398410194799,362.28814697265625,325.1059424149363,362.28814697265625,16300,0.0,0.0
2011-03-17 00:00:00+09:00,357.52122076203295,368.0085099043859,355.61444091796875,355.61444091796875,10400,0.0,0.0
2011-03-18 00:00:00+09:00,361.3347692871094,381.35595703125,358.474599609375,381.35595703125,24200,0.0,0.0
2011-03-22 00:00:00+09:00,386.1228898960909,405.19068692799664,382.3093304897098,397.5635681152344,12600,0.0,0.0
2011-03-23 00:00:00+09:00,405.190694557046,405.190694557046,395.6567958615861,404.2373046875,7800,0.0,0.0
2011-03-24 00:00:00+09:00,403.2839171487178,403.2839171487178,394.7034082732132,398.5169677734375,4100,0.0,0.0
2011-03-25 00:00:00+09:00,400.4237440765881,407.09747314453125,397.563574476041,407.09747314453125,9700,0.0,0.0
2011-03-28 00:00:00+09:00,407.09747200899346,409.9576416015625,407.09747200899346,409.9576416015625,13300,0.0,0.0
2011-03-29 00:00:00+09:00,413.77119992016094,413.77119992016094,411.86442019702656,412.81781005859375,22600,0.0,0.0
2011-03-30 00:00:00+09:00,413.7712194683908,414.724609375,411.8644396551724,414.724609375,5100,0.0,0.0
2011-03-31 00:00:00+09:00,417.5847634228407,428.0720520019531,417.5847634228407,428.0720520019531,7300,0.0,0.0
2011-04-01 00:00:00+09:00,419.4915414135685,429.02544008205865,407.09747314453125,407.09747314453125,10900,0.0,0.0
2011-04-04 00:00:00+09:00,406.1440734863281,408.05085317405735,406.1440734863281,406.1440734863281,5100,0.0,0.0
2011-04-05 00:00:00+09:00,406.14408559187575,406.14408559187575,401.37713623046875,401.37713623046875,5400,0.0,0.0
2011-04-06 00:00:00+09:00,404.237295968192,404.237295968192,400.4237365722656,400.4237365722656,2600,0.0,0.0
2011-04-07 00:00:00+09:00,404.237316923665,404.237316923665,399.4703674316406,399.4703674316406,2200,0.0,0.0
2011-04-08 00:00:00+09:00,398.5169775332358,399.4703674316406,398.5169775332358,399.4703674316406,2700,0.0,0.0
2011-04-11 00:00:00+09:00,399.4703576484936,413.7712057743346,397.5635778983814,398.5169677734375,8800,0.0,0.0
2011-04-12 00:00:00+09:00,396.61017054115854,397.56356037419016,390.88983154296875,390.88983154296875,5300,0.0,0.0
2011-04-13 00:00:00+09:00,390.8898100184934,397.56353848222375,390.8898100184934,394.703369140625,2800,0.0,0.0
2011-04-14 00:00:00+09:00,395.6567981482693,398.5169677734375,390.8898487729889,398.5169677734375,3100,0.0,0.0
2011-04-15 00:00:00+09:00,398.5169912370742,403.28394089302003,391.84326171875,391.84326171875,3900,0.0,0.0
2011-04-18 00:00:00+09:00,391.8432507087763,398.5169800395827,391.8432507087763,393.7500305175781,1700,0.0,0.0
2011-04-19 00:00:00+09:00,391.8431997990263,395.6567589211579,390.8898100184934,394.703369140625,1900,0.0,0.0
2011-04-20 00:00:00+09:00,400.4237365722656,404.237295968192,400.4237365722656,400.4237365722656,2500,0.0,0.0
2011-04-21 00:00:00+09:00,400.4237548828125,406.14409423828124,400.4237548828125,405.1907043457031,4200,0.0,0.0
2011-04-22 00:00:00+09:00,406.1440734863281,407.09746333019274,405.1906836424635,406.1440734863281,1600,0.0,0.0
2011-04-25 00:00:00+09:00,405.1907043457031,408.05087402343753,403.2839245605469,405.1907043457031,6900,0.0,0.0
2011-04-26 00:00:00+09:00,405.19068257792014,409.0042419433594,404.23729273656033,409.0042419433594,13700,0.0,0.0
2011-04-27 00:00:00+09:00,408.0508630113803,408.0508630113803,406.1440832776822,407.09747314453125,21800,0.0,0.0
2011-04-28 00:00:00+09:00,403.28387451171875,405.19065406023753,402.33048473745936,403.28387451171875,2600,0.0,0.0
2011-05-02 00:00:00+09:00,403.28387451171875,406.1440438344969,403.28387451171875,403.28387451171875,2200,0.0,0.0
2011-05-06 00:00:00+09:00,403.28391481795404,404.2373046875,403.28391481795404,404.2373046875,1500,0.0,0.0
2011-05-09 00:00:00+09:00,404.237314453125,408.05087402343753,404.237314453125,405.1907043457031,3200,0.0,0.0
2011-05-10 00:00:00+09:00,405.1906934108332,407.09747314453125,405.1906934108332,407.09747314453125,2800,0.0,0.0
2011-05-11 00:00:00+09:00,407.0974336087563,407.0974336087563,403.28387451171875,403.28387451171875,3500,0.0,0.0
2011-05-12 00:00:00+09:00,403.28391481795404,404.2373046875,403.28391481795404,404.2373046875,800,0.0,0.0
2011-05-13 00:00:00+09:00,404.2373046875,404.2373046875,401.377135078862,404.2373046875,4400,0.0,0.0
2011-05-16 00:00:00+09:00,406.1440734863281,406.1440734863281,404.2372937985989,406.1440734863281,1300,0.0,0.0
2011-05-17 00:00:00+09:00,406.14409547055504,406.14409547055504,400.4237560977303,402.3305358886719,4500,0.0,0.0
2011-05-18 00:00:00+09:00,402.330524948408,404.2373046875,402.330524948408,404.2373046875,600,0.0,0.0
2011-05-19 00:00:00+09:00,402.3305358886719,403.2839257841427,402.3305358886719,402.3305358886719,1000,0.0,0.0
2011-05-20 00:00:00+09:00,406.1440967204747,406.1440967204747,399.4703674316406,399.4703674316406,3300,0.0,0.0
2011-05-23 00:00:00+09:00,400.42370518894063,403.28387451171875,400.42370518894063,403.28387451171875,1500,0.0,0.0
2011-05-24 00:00:00+09:00,406.14409423828124,406.14409423828124,404.237314453125,405.1907043457031,2900,0.0,0.0
2011-05-25 00:00:00+09:00,406.14406068863406,414.7245690130418,406.14406068863406,413.77117919921875,9400,0.0,0.0
2011-05-26 00:00:00+09:00,417.58476805523276,417.58476805523276,413.77120852961417,416.6313781738281,7100,0.0,0.0
2011-05-27 00:00:00+09:00,416.6313683746058,416.6313683746058,413.77119879766343,415.677978515625,22300,0.0,0.0
2011-05-30 00:00:00+09:00,409.9576199439264,418.53812826833416,409.9576199439264,413.77117919921875,3200,0.0,0.0
2011-05-31 00:00:00+09:00,413.7712010583212,415.6779807867006,400.4237429596657,409.9576416015625,7300,0.0,0.0
2011-06-01 00:00:00+09:00,410.91102491106307,410.91102491106307,398.5169568743025,400.4237365722656,11500,0.0,0.0
2011-06-02 00:00:00+09:00,400.42374752354965,400.42374752354965,398.5169677734375,398.5169677734375,3600,0.0,0.0
2011-06-03 00:00:00+09:00,399.47035882788964,399.47035882788964,395.65679931640625,395.65679931640625,3900,0.0,0.0
2011-06-06 00:00:00+09:00,399.4703576484936,399.4703576484936,396.61018802332535,398.5169677734375,1800,0.0,0.0
2011-06-07 00:00:00+09:00,397.5635681152344,399.4703478184249,397.5635681152344,397.5635681152344,1000,0.0,0.0
2011-06-08 00:00:00+09:00,398.51695796682964,399.4703478184249,397.5635681152344,397.5635681152344,1300,0.0,0.0
2011-06-09 00:00:00+09:00,396.61016845703125,396.61016845703125,393.7499989729661,396.61016845703125,1500,0.0,0.0
2011-06-10 00:00:00+09:00,404.2373119034791,404.2373119034791,387.0762939453125,387.0762939453125,23800,0.0,0.0
2011-06-13 00:00:00+09:00,388.0296600048358,398.51694811307465,388.0296600048358,396.61016845703125,2000,0.0,0.0
2011-06-14 00:00:00+09:00,391.843238648045,400.42374752354965,389.9364588979328,398.5169677734375,3400,0.0,0.0
2011-06-15 00:00:00+09:00,399.4703674316406,399.4703674316406,398.5169775332358,399.4703674316406,2900,0.0,0.0
2011-06-16 00:00:00+09:00,399.47036002446146,403.283919547368,388.9830713364684,392.796630859375,19700,0.0,0.0
2011-06-17 00:00:00+09:00,392.796611209032,393.7500010420636,390.88983154296875,390.88983154296875,1400,0.0,0.0
2011-06-20 00:00:00+09:00,392.796630859375,394.70341062082827,391.84324097864834,392.796630859375,2800,0.0,0.0
2011-06-21 00:00:00+09:00,396.61017826363906,397.5635681152344,396.61017826363906,397.5635681152344,700,0.0,0.0
2011-06-22 00:00:00+09:00,399.47034249482334,411.8644104003906,399.47034249482334,411.8644104003906,8300,0.0,0.0
2011-06-23 00:00:00+09:00,409.9576525821864,409.9576525821864,408.0508728027344,408.0508728027344,1700,0.0,0.0
2011-06-24 00:00:00+09:00,409.9576361152563,424.25848388671875,409.9576361152563,424.25848388671875,14900,0.0,0.0
2011-06-27 00:00:00+09:00,424.25848388671875,424.25848388671875,418.53814477813376,424.25848388671875,39400,0.0,0.0
2011-06-28 00:00:00+09:00,420.444930107649,422.3517098360283,409.9576416015625,409.9576416015625,8300,0.0,0.0
2011-06-29 00:00:00+09:00,417.5847716999945,417.5847716999945,407.0974829130084,408.0508728027344,4900,0.0,0.0
2011-06-30 00:00:00+09:00,408.05085210199957,412.8178013087986,406.14407241927995,409.0042419433594,2500,0.0,0.0
2011-07-01 00:00:00+09:00,409.9576209260803,410.9110107421875,409.00423110997315,410.9110107421875,3900,0.0,0.0
2011-07-04 00:00:00+09:00,411.8644396551724,416.6313891882184,411.8644396551724,414.724609375,5300,0.0,0.0
2011-07-05 00:00:00+09:00,418.5381579366374,418.5381579366374,415.6779882924235,416.6313781738281,3600,0.0,0.0
2011-07-06 00:00:00+09:00,420.4449365095659,420.4449365095659,415.67798711603336,419.4915466308594,6900,0.0,0.0
2011-07-07 00:00:00+09:00,419.49158829641124,419.49158829641124,414.7246384294066,417.5848083496094,9700,0.0,0.0
2011-07-08 00:00:00+09:00,423.3050852665285,423.3050852665285,419.491525939803,420.4449157714844,4400,0.0,0.0
2011-07-11 00:00:00+09:00,420.4449353358008,422.3517150878906,420.4449353358008,422.3517150878906,3500,0.0,0.0
2011-07-12 00:00:00+09:00,422.3516943991721,424.25847405785913,421.3983045698286,423.3050842285156,4500,0.0,0.0
2011-07-13 00:00:00+09:00,424.2584948399804,424.2584948399804,420.4449353358008,422.3517150878906,8700,0.0,0.0
2011-07-14 00:00:00+09:00,423.3051049639355,423.3051049639355,421.3983252118457,422.3517150878906,3500,0.0,0.0
2011-07-15 00:00:00+09:00,422.3517052836008,423.3050951375141,421.3983154296875,421.3983154296875,2700,0.0,0.0
2011-07-19 00:00:00+09:00,422.3516943991721,423.3050842285156,421.3983045698286,423.3050842285156,2400,0.0,0.0
2011-07-20 00:00:00+09:00,423.3050842285156,423.3050842285156,422.3516943991721,423.3050842285156,5100,0.0,0.0
2011-07-21 00:00:00+09:00,423.3050842285156,424.25847405785913,423.3050842285156,423.3050842285156,3600,0.0,0.0
2011-07-22 00:00:00+09:00,425.21187373814956,428.07204329244206,423.30509403528794,424.25848388671875,5900,0.0,0.0
2011-07-25 00:00:00+09:00,428.072062993743,428.072062993743,426.165283203125,426.165283203125,4700,0.0,0.0
2011-07-26 00:00:00+09:00,429.9787885469733,435.6991271972656,429.9787885469733,435.6991271972656,10200,0.0,0.0
2011-07-27 00:00:00+09:00,435.699128071117,435.699128071117,431.8855689632735,432.8389587402344,23700,0.0,0.0
2011-07-28 00:00:00+09:00,426.165273418341,429.02544303859827,424.2584936715028,425.2118835449219,4500,0.0,0.0
2011-07-29 00:00:00+09:00,424.25848499142745,425.2118748453408,420.44492557577416,421.3983154296875,4900,0.0,0.0
2011-08-01 00:00:00+09:00,421.39831433242625,426.16526358958043,421.39831433242625,424.25848388671875,1400,0.0,0.0
2011-08-02 00:00:00+09:00,426.16525371654615,426.16525371654615,423.3050842285156,423.3050842285156,2700,0.0,0.0
2011-08-03 00:00:00+09:00,423.3050852665285,423.3050852665285,420.4449157714844,420.4449157714844,3300,0.0,0.0
2011-08-04 00:00:00+09:00,421.3983252118457,422.3517150878906,421.3983252118457,422.3517150878906,2700,0.0,0.0
2011-08-05 00:00:00+09:00,419.491547818042,420.44493769944665,416.6313781738281,416.6313781738281,7300,0.0,0.0
2011-08-08 00:00:00+09:00,414.72459092251086,415.6779807867006,409.9576416015625,409.9576416015625,3800,0.0,0.0
2011-08-09 00:00:00+09:00,400.4237573300455,408.05087651728445,395.6568078380211,399.4703674316406,8100,0.0,0.0
2011-08-10 00:00:00+09:00,407.09746120594167,415.6779697559498,405.1906815281621,411.8644104003906,5500,0.0,0.0
2011-08-11 00:00:00+09:00,411.86441907970186,416.6313683746058,411.86441907970186,415.677978515625,2900,0.0,0.0
2011-08-12 00:00:00+09:00,418.5381480925674,418.5381480925674,415.677978515625,415.677978515625,4400,0.0,0.0
2011-08-15 00:00:00+09:00,418.53814697265625,419.491536829086,417.5847571162265,418.53814697265625,3100,0.0,0.0
2011-08-16 00:00:00+09:00,415.67798711603336,420.4449365095659,415.67798711603336,419.4915466308594,4600,0.0,0.0
2011-08-17 00:00:00+09:00,415.67798711603336,421.3983263882724,415.67798711603336,419.4915466308594,2500,0.0,0.0
2011-08-18 00:00:00+09:00,419.491536829086,419.491536829086,416.6313672597967,418.53814697265625,3700,0.0,0.0
2011-08-19 00:00:00+09:00,414.72457678139614,422.3516954348471,414.72457678139614,420.4449157714844,8700,0.0,0.0
2011-08-22 00:00:00+09:00,422.3517150878906,423.3051049639355,418.538155583711,422.3517150878906,5900,0.0,0.0
2011-08-23 00:00:00+09:00,423.3051049639355,425.2118847160253,420.4449353358008,422.3517150878906,9000,0.0,0.0
2011-08-24 00:00:00+09:00,423.3051049639355,423.3051049639355,421.3983252118457,422.3517150878906,5100,0.0,0.0
2011-08-25 00:00:00+09:00,423.305113517198,428.072062993743,422.35172362188894,426.165283203125,14900,0.0,0.0
2011-08-26 00:00:00+09:00,424.2584960243919,425.2118859030984,414.7245972373269,419.4915466308594,98700,0.0,0.0
2011-08-29 00:00:00+09:00,424.31327208774314,425.2776204333971,417.5628336681654,421.42022705078125,50400,5.0,0.0
2011-08-30 00:00:00+09:00,419.49150894094726,419.49150894094726,417.5628123481153,418.52716064453125,7200,0.0,0.0
2011-08-31 00:00:00+09:00,419.4915466308594,419.4915466308594,418.5271982477999,419.4915466308594,3200,0.0,0.0
2011-09-01 00:00:00+09:00,419.4915466308594,420.4558950139188,417.5628498647405,419.4915466308594,4300,0.0,0.0
2011-09-02 00:00:00+09:00,415.63414817632633,417.56284491960395,414.6697998046875,414.6697998046875,3500,0.0,0.0
2011-09-05 00:00:00+09:00,414.6697459917887,418.52713897775885,414.6697459917887,415.63409423828125,2000,0.0,0.0
2011-09-06 00:00:00+09:00,417.5628591466833,417.5628591466833,414.6698139331959,416.5985107421875,3400,0.0,0.0
2011-09-07 00:00:00+09:00,415.63409423828125,416.5984424847738,414.6697459917887,415.63409423828125,4000,0.0,0.0
2011-09-08 00:00:00+09:00,415.6341623376917,417.5628591466833,415.6341623376917,416.5985107421875,2200,0.0,0.0
2011-09-09 00:00:00+09:00,417.5628591466833,418.5272075511791,416.5985107421875,416.5985107421875,6500,0.0,0.0
2011-09-12 00:00:00+09:00,416.5984873430283,417.5628356933594,416.5984873430283,417.5628356933594,4100,0.0,0.0
2011-09-13 00:00:00+09:00,416.5985107421875,416.5985107421875,414.6698139331959,416.5985107421875,4500,0.0,0.0
2011-09-14 00:00:00+09:00,416.5984965479651,416.5984965479651,414.6697998046875,414.6697998046875,2800,0.0,0.0
2011-09-15 00:00:00+09:00,415.63411575528335,418.52716064453125,414.6697674588674,418.52716064453125,2300,0.0,0.0
2011-09-16 00:00:00+09:00,422.3845682406644,422.3845682406644,417.5628265940815,420.45587158203125,4600,0.0,0.0
2011-09-20 00:00:00+09:00,414.6697998046875,416.5984965479651,414.6697998046875,414.6697998046875,5400,0.0,0.0
2011-09-21 00:00:00+09:00,416.5984965479651,416.5984965479651,414.6697998046875,414.6697998046875,1500,0.0,0.0
2011-09-22 00:00:00+09:00,414.6697459917887,415.63409423828125,414.6697459917887,415.63409423828125,2400,0.0,0.0
2011-09-26 00:00:00+09:00,414.6698047155621,422.3845917800377,414.6698047155621,419.4915466308594,12700,0.0,0.0
2011-09-27 00:00:00+09:00,419.4915423597762,427.2063293457031,419.4915423597762,427.2063293457031,22300,0.0,0.0
2011-09-28 00:00:00+09:00,428.1706594624339,432.9924011230469,423.3489178018209,432.9924011230469,16900,0.0,0.0
2011-09-29 00:00:00+09:00,429.1350077945565,432.9924011230469,425.2776144660661,432.9924011230469,4600,0.0,0.0
2011-09-30 00:00:00+09:00,432.028076171875,436.8498180934361,431.0637277875628,432.028076171875,7200,0.0,0.0
2011-10-03 00:00:00+09:00,426.24198312259756,426.24198312259756,422.38458961017585,423.34893798828125,3000,0.0,0.0
2011-10-04 00:00:00+09:00,423.3489021266111,423.3489021266111,418.52716064453125,418.52716064453125,1700,0.0,0.0
2011-10-05 00:00:00+09:00,418.5271861114146,418.5271861114146,411.7767476257466,413.7054443359375,4800,0.0,0.0
2011-10-06 00:00:00+09:00,413.70543004198987,414.6697783637661,410.8123850766613,411.7767333984375,3300,0.0,0.0
2011-10-07 00:00:00+09:00,409.84804585294904,409.84804585294904,405.9906524802154,408.8836975097656,5200,0.0,0.0
2011-10-11 00:00:00+09:00,409.84808349609375,409.84808349609375,408.8837350643382,409.84808349609375,6200,0.0,0.0
2011-10-12 00:00:00+09:00,408.8837235062211,417.5628591466833,405.99067829273366,416.5985107421875,4100,0.0,0.0
2011-10-13 00:00:00+09:00,414.6697783637661,414.6697783637661,410.8123850766613,411.7767333984375,1100,0.0,0.0
2011-10-14 00:00:00+09:00,410.8124319278492,420.4559162454044,408.8837350643382,409.84808349609375,3500,0.0,0.0
2011-10-17 00:00:00+09:00,411.7767568239024,412.74110520053915,409.84806007062883,410.8124084472656,2500,0.0,0.0
2011-10-18 00:00:00+09:00,412.7411001753637,412.7411001753637,405.99066162109375,405.99066162109375,3200,0.0,0.0
2011-10-19 00:00:00+09:00,406.9550028483073,407.9193511962891,405.02630615234375,405.02630615234375,2300,0.0,0.0
2011-10-20 00:00:00+09:00,405.0263082064115,406.9550049121563,400.2045664420495,401.1689147949219,3400,0.0,0.0
2011-10-21 00:00:00+09:00,403.0976115006667,405.99065655928393,401.1689147949219,401.1689147949219,2400,0.0,0.0
2011-10-24 00:00:00+09:00,405.026313256198,408.8837067157809,405.026313256198,405.99066162109375,4000,0.0,0.0
2011-10-25 00:00:00+09:00,405.9906665640818,412.74110520053915,405.9906665640818,410.8124084472656,4200,0.0,0.0
2011-10-26 00:00:00+09:00,413.7054771527852,423.34896146870096,410.8124318580105,422.3846130371094,9100,0.0,0.0
2011-10-27 00:00:00+09:00,422.3845662897283,427.2063079140403,422.3845662897283,424.3132629394531,22100,0.0,0.0
2011-10-28 00:00:00+09:00,423.34892374208914,423.34892374208914,419.4915303594733,421.42022705078125,7400,0.0,0.0
2011-10-31 00:00:00+09:00,423.348916569981,424.31326489929756,419.49152325271467,420.45587158203125,3700,0.0,0.0
2011-11-01 00:00:00+09:00,419.49153239402153,419.49153239402153,411.7767455913729,417.5628356933594,4200,0.0,0.0
2011-11-02 00:00:00+09:00,407.9193542053649,414.6697926910329,407.9193542053649,413.7054443359375,2600,0.0,0.0
2011-11-04 00:00:00+09:00,411.7767589984912,413.7054557619502,402.1332751811963,406.95501708984375,4500,0.0,0.0
2011-11-07 00:00:00+09:00,407.9193471748138,412.7410888671875,405.99065049786435,412.7410888671875,1000,0.0,0.0
2011-11-08 00:00:00+09:00,408.8836975097656,409.84804585294904,407.9193491665822,408.8836975097656,600,0.0,0.0
2011-11-09 00:00:00+09:00,409.84808349609375,409.84808349609375,401.1689476102941,409.84808349609375,3000,0.0,0.0
2011-11-10 00:00:00+09:00,409.8480572231668,409.8480572231668,397.31152841398756,402.1332702636719,8200,0.0,0.0
2011-11-11 00:00:00+09:00,402.1332702636719,403.09761863360876,397.31152841398756,402.1332702636719,3200,0.0,0.0
2011-11-14 00:00:00+09:00,402.13325910748176,409.84804585294904,402.13325910748176,408.8836975097656,1800,0.0,0.0
2011-11-15 00:00:00+09:00,410.8124084472656,410.8124084472656,409.84806007062883,410.8124084472656,1700,0.0,0.0
2011-11-16 00:00:00+09:00,410.8124084472656,411.7767568239024,410.8124084472656,410.8124084472656,2100,0.0,0.0
2011-11-17 00:00:00+09:00,413.7054443359375,413.7054443359375,411.7767476257466,413.7054443359375,1700,0.0,0.0
2011-11-18 00:00:00+09:00,413.70543720566224,414.66978554413697,412.7410888671875,412.7410888671875,1400,0.0,0.0
2011-11-21 00:00:00+09:00,412.74110794944323,419.4915466308594,412.74110794944323,419.4915466308594,2000,0.0,0.0
2011-11-22 00:00:00+09:00,421.4202179648659,424.3132629394531,417.5628246654164,424.3132629394531,5900,0.0,0.0
2011-11-24 00:00:00+09:00,423.3489021266111,423.3489021266111,418.52716064453125,418.52716064453125,4400,0.0,0.0
2011-11-25 00:00:00+09:00,422.3845662897283,424.3132629394531,419.49152131514114,424.3132629394531,9300,0.0,0.0
2011-11-28 00:00:00+09:00,424.313274145677,426.24197084633914,417.5628356933594,417.5628356933594,36600,0.0,0.0
2011-11-29 00:00:00+09:00,419.4915423597762,427.2063293457031,418.52719398653534,427.2063293457031,3300,0.0,0.0
2011-11-30 00:00:00+09:00,419.4915194124789,428.170654296875,419.4915194124789,428.170654296875,3100,0.0,0.0
2011-12-01 00:00:00+09:00,428.170677718944,428.170677718944,424.31328422598057,427.2063293457031,1200,0.0,0.0
2011-12-02 00:00:00+09:00,427.2063150903265,428.17066343138816,425.2776184082031,425.2776184082031,600,0.0,0.0
2011-12-05 00:00:00+09:00,427.2063150903265,427.2063150903265,415.6341349975863,425.2776184082031,2600,0.0,0.0
2011-12-06 00:00:00+09:00,419.49150894094726,424.31325042302706,418.52716064453125,418.52716064453125,3500,0.0,0.0
2011-12-07 00:00:00+09:00,423.34894016309715,423.34894016309715,418.5271982477999,419.4915466308594,1800,0.0,0.0
2011-12-08 00:00:00+09:00,419.4915353766394,426.2419738769531,418.52718701945173,426.2419738769531,1800,0.0,0.0
2011-12-09 00:00:00+09:00,419.4915353766394,427.2063222341408,419.4915353766394,426.2419738769531,6500,0.0,0.0
2011-12-12 00:00:00+09:00,426.24199506781076,429.1350402832031,426.24199506781076,429.1350402832031,3300,0.0,0.0
2011-12-13 00:00:00+09:00,429.1350402832031,430.09938868833393,429.1350402832031,429.1350402832031,4500,0.0,0.0
2011-12-14 00:00:00+09:00,429.1350260921849,429.1350260921849,427.2063293457031,427.2063293457031,1300,0.0,0.0
2011-12-15 00:00:00+09:00,427.2063293457031,429.1350260921849,427.2063293457031,427.2063293457031,2400,0.0,0.0
2011-12-16 00:00:00+09:00,429.13500261736345,430.0993509378519,428.170654296875,428.170654296875,2900,0.0,0.0
2011-12-19 00:00:00+09:00,429.1350168818316,430.099365234375,428.17066852928815,430.099365234375,3200,0.0,0.0
2011-12-20 00:00:00+09:00,431.0637044588017,432.9924011230469,431.0637044588017,432.9924011230469,5000,0.0,0.0
2011-12-21 00:00:00+09:00,432.9924011230469,433.9567494551695,432.9924011230469,432.9924011230469,3900,0.0,0.0
2011-12-22 00:00:00+09:00,438.77850631187704,450.3506866981243,437.81415794635643,447.4576416015625,13800,0.0,0.0
2011-12-26 00:00:00+09:00,448.42197174721576,454.20806170524435,447.45762342087767,453.24371337890625,8400,0.0,0.0
2011-12-27 00:00:00+09:00,453.24371337890625,454.20806170524435,453.24371337890625,453.24371337890625,23000,0.0,0.0
2011-12-28 00:00:00+09:00,456.1367726730088,456.1367726730088,453.24372760320114,455.17242431640625,3200,0.0,0.0
2011-12-29 00:00:00+09:00,452.2793507372212,452.2793507372212,451.31500244140625,451.31500244140625,1700,0.0,0.0
2011-12-30 00:00:00+09:00,451.3150400515558,452.2793884277344,450.3506916753773,452.2793884277344,1700,0.0,0.0
2012-01-04 00:00:00+09:00,444.5645923937781,455.17242431640625,444.5645923937781,455.17242431640625,3300,0.0,0.0
2012-01-05 00:00:00+09:00,449.3863341767909,455.17242431640625,448.42198582018835,455.17242431640625,7700,0.0,0.0
2012-01-06 00:00:00+09:00,455.17241003158244,455.17241003158244,451.31501672623006,453.24371337890625,2300,0.0,0.0
2012-01-10 00:00:00+09:00,453.2437205061538,456.13676553066114,453.2437205061538,454.20806884765625,2600,0.0,0.0
2012-01-11 00:00:00+09:00,455.17242431640625,456.1367726730088,454.2080759598037,455.17242431640625,7100,0.0,0.0
2012-01-12 00:00:00+09:00,453.2437225276449,453.2437225276449,449.3863291444309,450.3506774902344,1400,0.0,0.0
2012-01-13 00:00:00+09:00,450.3506754816464,454.20806884765625,450.3506754816464,454.20806884765625,2900,0.0,0.0
2012-01-16 00:00:00+09:00,457.10112102961136,457.10112102961136,454.2080759598037,455.17242431640625,1500,0.0,0.0
2012-01-17 00:00:00+09:00,456.1367545028112,462.8871927301255,456.1367545028112,460.95849609375,5100,0.0,0.0
2012-01-18 00:00:00+09:00,461.9229031637991,464.8159484863281,460.95855472295614,464.8159484863281,1800,0.0,0.0
2012-01-19 00:00:00+09:00,462.8871836830821,463.8515319824219,458.06544218638334,463.8515319824219,3100,0.0,0.0
2012-01-20 00:00:00+09:00,462.8871927301255,462.8871927301255,459.02979945737445,460.95849609375,4600,0.0,0.0
2012-01-23 00:00:00+09:00,459.9941477755622,461.9228444119377,459.9941477755622,460.95849609375,1500,0.0,0.0
2012-01-24 00:00:00+09:00,462.88720703125,463.85155537923174,461.9228586832682,462.88720703125,1600,0.0,0.0
2012-01-25 00:00:00+09:00,463.8516000454851,464.8159484863281,463.8516000454851,464.8159484863281,3700,0.0,0.0
2012-01-26 00:00:00+09:00,466.7445873874268,473.4950256347656,466.7445873874268,473.4950256347656,11600,0.0,0.0
2012-01-27 00:00:00+09:00,473.49506322348986,475.4237600186976,473.49506322348986,474.45941162109375,16300,0.0,0.0
2012-01-30 00:00:00+09:00,482.1741657872354,482.1741657872354,478.3167724609375,478.3167724609375,5700,0.0,0.0
2012-01-31 00:00:00+09:00,478.31679374373743,481.2098388671875,478.31679374373743,481.2098388671875,1900,0.0,0.0
2012-02-01 00:00:00+09:00,481.2098388671875,481.2098388671875,480.24549049270416,481.2098388671875,6800,0.0,0.0
2012-02-02 00:00:00+09:00,480.2454833984375,481.20983175867536,479.2811350381997,480.2454833984375,2200,0.0,0.0
2012-02-03 00:00:00+09:00,480.2454691240864,480.2454691240864,478.3167724609375,478.3167724609375,1300,0.0,0.0
2012-02-06 00:00:00+09:00,478.31677958375246,480.2454762756225,478.31677958375246,479.2811279296875,7800,0.0,0.0
2012-02-07 00:00:00+09:00,477.3524425273039,479.2811392647879,472.53070068359375,472.53070068359375,7200,0.0,0.0
2012-02-08 00:00:00+09:00,472.5306683127214,476.3880615234375,472.5306683127214,476.3880615234375,2400,0.0,0.0
2012-02-09 00:00:00+09:00,475.42375075215045,478.31679588857327,472.53070561572764,477.3524475097656,3400,0.0,0.0
2012-02-10 00:00:00+09:00,478.3167724609375,479.28112079251196,477.35242412936304,478.3167724609375,2100,0.0,0.0
2012-02-13 00:00:00+09:00,478.3167866779619,480.2454833984375,477.352438317724,480.2454833984375,4100,0.0,0.0
2012-02-14 00:00:00+09:00,480.2455114820983,480.2455114820983,467.70898206589897,471.5663757324219,57600,0.0,0.0
2012-02-15 00:00:00+09:00,472.5306915221301,475.4237365722656,471.56634317208494,475.4237365722656,8700,0.0,0.0
2012-02-16 00:00:00+09:00,473.4950539945352,479.28114426738085,473.4950539945352,477.3524475097656,5200,0.0,0.0
2012-02-17 00:00:00+09:00,480.2454783224914,480.2454783224914,474.45938822222047,475.4237365722656,6700,0.0,0.0
2012-02-20 00:00:00+09:00,475.4237274662141,478.3167724609375,474.4593791346396,478.3167724609375,6600,0.0,0.0
2012-02-21 00:00:00+09:00,478.31677958375246,480.2454762756225,476.3880828918825,479.2811279296875,6400,0.0,0.0
2012-02-22 00:00:00+09:00,481.20984594726565,482.1741943359375,479.2811491699219,482.1741943359375,23000,0.0,0.0
2012-02-23 00:00:00+09:00,482.17418011891317,482.17418011891317,480.2454833984375,480.2454833984375,20000,0.0,0.0
2012-02-24 00:00:00+09:00,481.20985989872906,482.1742083153598,471.5663757324219,471.5663757324219,101500,0.0,0.0
2012-02-27 00:00:00+09:00,476.43789031359614,481.3094433842873,476.43789031359614,477.4122009277344,110800,5.0,0.0
2012-02-28 00:00:00+09:00,485.2066650390625,485.2066650390625,477.4121804601217,485.2066650390625,20000,0.0,0.0
2012-02-29 00:00:00+09:00,484.2323736633917,484.2323736633917,480.33513121942076,482.28375244140625,7700,0.0,0.0
2012-03-01 00:00:00+09:00,481.3094611439279,482.2837717940168,477.4122185435722,479.36083984375,7200,0.0,0.0
2012-03-02 00:00:00+09:00,482.28379138408263,482.28379138408263,472.5406844874345,476.43792724609375,5800,0.0,0.0
2012-03-05 00:00:00+09:00,475.46357816445703,482.28375244140625,474.4892675534643,482.28375244140625,6300,0.0,0.0
2012-03-06 00:00:00+09:00,477.4122009277344,479.36082215601084,477.4122009277344,477.4122009277344,1300,0.0,0.0
2012-03-07 00:00:00+09:00,473.5149695839408,480.33514404296875,473.5149695839408,480.33514404296875,3100,0.0,0.0
2012-03-08 00:00:00+09:00,480.3351263290996,482.28374753124604,478.3865051269531,478.3865051269531,3200,0.0,0.0
2012-03-09 00:00:00+09:00,480.33515049383897,480.33515049383897,476.43790789348327,479.36083984375,8300,0.0,0.0
2012-03-12 00:00:00+09:00,480.33515049383897,481.3094611439279,479.36083984375,479.36083984375,4300,0.0,0.0
2012-03-13 00:00:00+09:00,479.36082215601084,480.3351327701491,477.4122009277344,477.4122009277344,4400,0.0,0.0
2012-03-14 00:00:00+09:00,476.4378725896116,477.41218316750445,475.46356201171875,475.46356201171875,5300,0.0,0.0
2012-03-15 00:00:00+09:00,474.4892883300781,476.4379096373885,474.4892883300781,474.4892883300781,3500,0.0,0.0
2012-03-16 00:00:00+09:00,477.4121716686131,477.4121716686131,472.5406188964844,472.5406188964844,4300,0.0,0.0
2012-03-19 00:00:00+09:00,475.4635505597616,475.4635505597616,472.5406188964844,472.5406188964844,1700,0.0,0.0
2012-03-21 00:00:00+09:00,471.5663210787882,474.48925282101203,470.5920104980469,470.5920104980469,4800,0.0,0.0
2012-03-22 00:00:00+09:00,471.56631970014723,475.46356201171875,470.5920091222544,475.46356201171875,2800,0.0,0.0
2012-03-23 00:00:00+09:00,472.5406478570432,479.36082215601084,472.5406478570432,477.4122009277344,4700,0.0,0.0
2012-03-26 00:00:00+09:00,481.3094433842873,485.20668584084024,477.4122009277344,477.4122009277344,22600,0.0,0.0
2012-03-27 00:00:00+09:00,477.4121804601217,485.2066650390625,470.59200645354855,485.2066650390625,25100,0.0,0.0
2012-03-28 00:00:00+09:00,475.46357332373344,480.3351263290996,474.4892627226602,478.3865051269531,2600,0.0,0.0
2012-03-29 00:00:00+09:00,479.3608334059648,482.28376531697677,477.4122121319568,480.33514404296875,3400,0.0,0.0
2012-03-30 00:00:00+09:00,480.33517000475297,482.28379138408263,475.4636165564289,476.43792724609375,2700,0.0,0.0
2012-04-02 00:00:00+09:00,482.28376531697677,483.2580759539808,478.3865227689608,480.33514404296875,3400,0.0,0.0
2012-04-03 00:00:00+09:00,480.33513761821547,481.3094482421875,478.3865163702714,481.3094482421875,1700,0.0,0.0
2012-04-04 00:00:00+09:00,481.30945467997276,482.28376531697677,480.33514404296875,480.33514404296875,2200,0.0,0.0
2012-04-05 00:00:00+09:00,477.41221683126105,484.2323913574219,477.41221683126105,484.2323913574219,2700,0.0,0.0
2012-04-06 00:00:00+09:00,482.28375244140625,482.28375244140625,478.38650999743527,482.28375244140625,2600,0.0,0.0
2012-04-09 00:00:00+09:00,482.28375886615953,482.28375886615953,477.4122057462994,481.3094482421875,2200,0.0,0.0
2012-04-10 00:00:00+09:00,484.2323913574219,484.2323913574219,482.28377006423307,484.2323913574219,2900,0.0,0.0
2012-04-11 00:00:00+09:00,484.2323943126814,500.7956754058717,482.2837730076002,493.0011901855469,19100,0.0,0.0
2012-04-12 00:00:00+09:00,487.1553103766126,488.1296209973658,480.33513603134,486.1809997558594,5700,0.0,0.0
2012-04-13 00:00:00+09:00,486.1809756114301,486.1809756114301,481.3094227495921,485.2066650390625,5100,0.0,0.0
2012-04-16 00:00:00+09:00,486.18101265061074,486.18101265061074,483.25808071082747,484.2323913574219,2400,0.0,0.0
2012-04-17 00:00:00+09:00,481.3094418304135,485.20668427438443,480.33513121942076,482.28375244140625,2700,0.0,0.0
2012-04-18 00:00:00+09:00,485.2067020040163,493.97549782336597,484.2323913574219,484.2323913574219,5400,0.0,0.0
2012-04-19 00:00:00+09:00,484.2324024658203,489.1039558105469,484.2324024658203,487.15533447265625,2700,0.0,0.0
2012-04-20 00:00:00+09:00,491.0525448638614,493.0011660736386,489.10392365408416,492.02685546875,2800,0.0,0.0
2012-04-23 00:00:00+09:00,492.0268748006023,493.00118544377176,488.1296322279242,489.10394287109375,5500,0.0,0.0
2012-04-24 00:00:00+09:00,487.1553135669138,494.9497985839844,486.18100293977994,494.9497985839844,5100,0.0,0.0
2012-04-25 00:00:00+09:00,493.9754611518904,503.71856689453125,493.00115057762633,503.71856689453125,9000,0.0,0.0
2012-04-26 00:00:00+09:00,505.66722813197543,512.4874026925223,503.71860682896204,511.5130920410156,10700,0.0,0.0
2012-04-27 00:00:00+09:00,511.5130373539816,513.4616584486633,507.6157951646179,510.5387268066406,20000,0.0,0.0
2012-05-01 00:00:00+09:00,510.5387523944561,510.5387523944561,506.6415100097656,506.6415100097656,2300,0.0,0.0
2012-05-02 00:00:00+09:00,504.69293403253687,504.69293403253687,498.8470699317739,499.8213806152344,2100,0.0,0.0
2012-05-07 00:00:00+09:00,498.8470410925197,498.8470410925197,488.1296241940476,494.9497985839844,5100,0.0,0.0
2012-05-08 00:00:00+09:00,494.94978728341584,494.94978728341584,492.02685546875,492.02685546875,3000,0.0,0.0
2012-05-09 00:00:00+09:00,492.02683904563565,493.00114961800324,485.2066650390625,485.2066650390625,8000,0.0,0.0
2012-05-10 00:00:00+09:00,485.2067037442836,486.1810143943725,479.36083984375,479.36083984375,5500,0.0,0.0
2012-05-11 00:00:00+09:00,478.38648222303885,479.36079277746455,472.5406188964844,472.5406188964844,4000,0.0,0.0
2012-05-14 00:00:00+09:00,470.59202976226806,471.5663403828938,463.77185541788737,467.6690979003906,4100,0.0,0.0
2012-05-15 00:00:00+09:00,467.6691107969404,467.6691107969404,462.7975575594723,465.7204895019531,3200,0.0,0.0
2012-05-16 00:00:00+09:00,461.8232229940547,466.694775979224,461.8232229940547,464.74615478515625,2300,0.0,0.0
2012-05-17 00:00:00+09:00,461.82324863941926,461.82324863941926,457.9260060348672,460.84893798828125,2200,0.0,0.0
2012-05-18 00:00:00+09:00,460.84892675521525,460.84892675521525,455.9773736182679,457.9259948730469,4200,0.0,0.0
2012-05-21 00:00:00+09:00,457.9259948730469,457.9259948730469,455.9773736182679,457.9259948730469,2400,0.0,0.0
2012-05-22 00:00:00+09:00,458.90027363024257,462.7975158691406,457.9259630705181,462.7975158691406,2200,0.0,0.0
2012-05-23 00:00:00+09:00,462.79753507193874,462.79753507193874,459.8746032714844,459.8746032714844,4200,0.0,0.0
2012-05-24 00:00:00+09:00,460.8489315499736,463.77186346255274,460.8489315499736,461.8232421875,3900,0.0,0.0
2012-05-25 00:00:00+09:00,462.7975775907864,478.38654862542336,462.7975775907864,476.43792724609375,6800,0.0,0.0
2012-05-28 00:00:00+09:00,476.43786111418734,479.36079277746455,472.5406188964844,472.5406188964844,15200,0.0,0.0
2012-05-29 00:00:00+09:00,469.6176999173056,471.5663210787882,468.64338933656427,470.5920104980469,900,0.0,0.0
2012-05-30 00:00:00+09:00,478.38650999743527,482.28375244140625,476.4378887754498,482.28375244140625,2600,0.0,0.0
2012-05-31 00:00:00+09:00,467.6691201292438,478.386537465539,467.6691201292438,473.5149841308594,1800,0.0,0.0
2012-06-01 00:00:00+09:00,472.54064452871216,472.54064452871216,468.6434020996094,468.6434020996094,1500,0.0,0.0
2012-06-04 00:00:00+09:00,468.6434020996094,470.59202331416077,467.6690914923337,468.6434020996094,1700,0.0,0.0
2012-06-05 00:00:00+09:00,468.6434020996094,468.6434020996094,467.6690914923337,468.6434020996094,900,0.0,0.0
2012-06-06 00:00:00+09:00,467.6691201292438,473.5149841308594,467.6691201292438,473.5149841308594,2300,0.0,0.0
2012-06-07 00:00:00+09:00,473.5149632504112,481.3094482421875,470.59203137849505,481.3094482421875,2700,0.0,0.0
2012-06-08 00:00:00+09:00,477.4121993864425,482.28375244140625,477.4121993864425,482.28375244140625,5100,0.0,0.0
2012-06-11 00:00:00+09:00,482.28374604255924,486.1809884348223,482.28374604255924,483.258056640625,3600,0.0,0.0
2012-06-12 00:00:00+09:00,483.25809179687496,487.15533447265625,483.25809179687496,487.15533447265625,2400,0.0,0.0
2012-06-13 00:00:00+09:00,487.15532158475474,489.10394287109375,487.15532158475474,489.10394287109375,3800,0.0,0.0
2012-06-14 00:00:00+09:00,489.103931618119,489.103931618119,484.2323785143529,486.1809997558594,3900,0.0,0.0
2012-06-15 00:00:00+09:00,483.25806949013156,485.2066907380757,479.36082699424344,481.3094482421875,3600,0.0,0.0
2012-06-18 00:00:00+09:00,482.28375886615953,483.25806949013156,481.3094482421875,481.3094482421875,37400,0.0,0.0
2012-06-19 00:00:00+09:00,481.3094577257377,489.10394287109375,481.3094577257377,489.10394287109375,16400,0.0,0.0
2012-06-20 00:00:00+09:00,489.10393643995405,491.052557700671,489.10393643995405,490.0782470703125,2100,0.0,0.0
2012-06-21 00:00:00+09:00,482.2837557111468,491.05255126953125,482.2837557111468,491.05255126953125,1700,0.0,0.0
2012-06-22 00:00:00+09:00,491.0525735294118,497.8727481617647,491.0525735294118,496.8984375,3500,0.0,0.0
2012-06-25 00:00:00+09:00,510.5387523944561,510.5387523944561,501.76995702890247,506.6415100097656,4800,0.0,0.0
2012-06-26 00:00:00+09:00,507.61580022176105,516.3845952351887,506.6414896647135,514.4359741210938,13600,0.0,0.0
2012-06-27 00:00:00+09:00,514.4359904351635,521.2561645507812,514.4359904351635,521.2561645507812,25000,0.0,0.0
2012-06-28 00:00:00+09:00,521.25617737618,521.25617737618,506.6415181974085,519.3075561523438,18700,0.0,0.0
2012-06-29 00:00:00+09:00,509.56444375256024,520.2818603515625,509.56444375256024,520.2818603515625,7300,0.0,0.0
2012-07-02 00:00:00+09:00,520.2818732010691,520.2818732010691,517.358941329153,518.333251953125,5200,0.0,0.0
2012-07-03 00:00:00+09:00,518.3332805953212,526.1277660178073,517.3589699175105,523.204833984375,8200,0.0,0.0
2012-07-04 00:00:00+09:00,524.1791125082882,528.0763549804688,521.2561806541528,528.0763549804688,2700,0.0,0.0
2012-07-05 00:00:00+09:00,526.1277369449014,526.1277369449014,517.358941329153,518.333251953125,3200,0.0,0.0
2012-07-06 00:00:00+09:00,518.3332552270414,521.2561871174195,508.59014892578125,508.59014892578125,5200,0.0,0.0
2012-07-09 00:00:00+09:00,499.82136422293524,516.3846452985491,499.82136422293524,511.5130920410156,4800,0.0,0.0
2012-07-10 00:00:00+09:00,513.4617374550706,516.3846695468453,512.4874267578125,512.4874267578125,2300,0.0,0.0
2012-07-11 00:00:00+09:00,512.4873979389096,513.461708581379,503.7186021566849,507.6158447265625,7000,0.0,0.0
2012-07-12 00:00:00+09:00,508.5901683300217,508.5901683300217,505.667236328125,505.667236328125,600,0.0,0.0
2012-07-13 00:00:00+09:00,501.7699471116066,508.5901211500168,498.8470153808594,498.8470153808594,2700,0.0,0.0
2012-07-17 00:00:00+09:00,512.4873735868014,514.4359947791467,506.6415100097656,506.6415100097656,3100,0.0,0.0
2012-07-18 00:00:00+09:00,510.53877837898193,510.53877837898193,501.7699825671292,502.7442932128906,4600,0.0,0.0
2012-07-19 00:00:00+09:00,502.7443107693352,508.5901748480484,502.7443107693352,504.69293212890625,1200,0.0,0.0
2012-07-20 00:00:00+09:00,509.5644432882661,509.5644432882661,496.89840550098603,501.76995849609375,3500,0.0,0.0
2012-07-23 00:00:00+09:00,501.76995849609375,502.74426909511527,498.84702669902913,501.76995849609375,4200,0.0,0.0
2012-07-24 00:00:00+09:00,493.9755165144714,499.8213806152344,493.9755165144714,499.8213806152344,3300,0.0,0.0
2012-07-25 00:00:00+09:00,503.71857822124775,506.6415100097656,495.9240934518667,506.6415100097656,7000,0.0,0.0
2012-07-26 00:00:00+09:00,510.53878605343215,516.384650015876,504.6929220909883,515.4103393554688,12400,0.0,0.0
2012-07-27 00:00:00+09:00,510.53879620761944,512.4874175671905,504.69293212890625,504.69293212890625,15800,0.0,0.0
2012-07-30 00:00:00+09:00,503.7186021566849,507.6158447265625,502.74429151421543,507.6158447265625,3400,0.0,0.0
2012-07-31 00:00:00+09:00,505.66722813197543,511.5130920410156,502.74429617745534,511.5130920410156,3000,0.0,0.0
2012-08-01 00:00:00+09:00,512.4873914462853,512.4873914462853,508.59014892578125,508.59014892578125,900,0.0,0.0
2012-08-02 00:00:00+09:00,509.564453125,513.4616955963193,509.564453125,509.564453125,2500,0.0,0.0
2012-08-03 00:00:00+09:00,509.56446601150134,509.56446601150134,506.6415340840931,507.6158447265625,1500,0.0,0.0
2012-08-06 00:00:00+09:00,505.6672106536807,510.5387637428298,505.6672106536807,509.564453125,3100,0.0,0.0
2012-08-07 00:00:00+09:00,507.6158318893403,511.51307436065963,507.6158318893403,509.564453125,3000,0.0,0.0
2012-08-08 00:00:00+09:00,511.5130373539816,512.4873479013224,510.5387268066406,510.5387268066406,2000,0.0,0.0
2012-08-09 00:00:00+09:00,509.564453125,513.4616955963193,509.564453125,509.564453125,2300,0.0,0.0
2012-08-10 00:00:00+09:00,513.4617180346542,515.4103393554688,513.4617180346542,515.4103393554688,3100,0.0,0.0
2012-08-13 00:00:00+09:00,516.3846435546875,517.3589542029039,515.4103329064711,516.3846435546875,4000,0.0,0.0
2012-08-14 00:00:00+09:00,516.3846179519253,521.2561709514717,515.410307352016,520.2818603515625,5600,0.0,0.0
2012-08-15 00:00:00+09:00,520.2818603515625,522.2304815513811,518.3332391517439,520.2818603515625,2300,0.0,0.0
2012-08-16 00:00:00+09:00,522.2305233065642,524.1791446621858,520.2819019509427,523.204833984375,4900,0.0,0.0
2012-08-17 00:00:00+09:00,524.1790708071226,525.1533813476562,522.2304497260552,525.1533813476562,3200,0.0,0.0
2012-08-20 00:00:00+09:00,523.2047986000161,523.2047986000161,519.3075561523438,519.3075561523438,6400,0.0,0.0
2012-08-21 00:00:00+09:00,517.3589221989997,521.2561645507812,517.3589221989997,521.2561645507812,5500,0.0,0.0
2012-08-22 00:00:00+09:00,520.2818475979477,523.2047793260261,520.2818475979477,522.23046875,9200,0.0,0.0
2012-08-23 00:00:00+09:00,522.23046875,523.2047793260261,521.2561581739739,522.23046875,14400,0.0,0.0
2012-08-24 00:00:00+09:00,523.2047793260261,526.1277110541045,521.2561581739739,522.23046875,29800,0.0,0.0
2012-08-27 00:00:00+09:00,522.23046875,523.2047793260261,521.2561581739739,522.23046875,36400,0.0,0.0
2012-08-28 00:00:00+09:00,521.2561868940081,545.6139526367188,521.2561868940081,545.6139526367188,57300,0.0,0.0
2012-08-29 00:00:00+09:00,521.0367431640625,527.9183605266068,515.1382139961675,521.0367431640625,84300,5.0,0.0
2012-08-30 00:00:00+09:00,521.0367639768169,521.0367639768169,511.2058816376317,513.1720581054688,8800,0.0,0.0
2012-08-31 00:00:00+09:00,505.3073529411764,505.3073529411764,501.375,501.375,3700,0.0,0.0
2012-09-03 00:00:00+09:00,501.3749901516979,501.3749901516979,493.5102844238281,493.5102844238281,5200,0.0,0.0
2012-09-04 00:00:00+09:00,491.5440981505347,491.5440981505347,479.7470397949219,479.7470397949219,5400,0.0,0.0
2012-09-05 00:00:00+09:00,474.83161945343016,475.81470769246414,471.8823547363281,471.8823547363281,6600,0.0,0.0
2012-09-06 00:00:00+09:00,472.8654429753621,473.84853121439613,471.8823547363281,471.8823547363281,4900,0.0,0.0
2012-09-07 00:00:00+09:00,473.8485159883959,473.8485159883959,468.9330749511719,468.9330749511719,6500,0.0,0.0
2012-09-10 00:00:00+09:00,471.88232929443865,472.86541748046875,470.89924110840855,472.86541748046875,1600,0.0,0.0
2012-09-11 00:00:00+09:00,480.73016357421875,480.73016357421875,475.8147222288791,480.73016357421875,2500,0.0,0.0
2012-09-12 00:00:00+09:00,485.6455737207226,492.5271911621094,485.6455737207226,492.5271911621094,5800,0.0,0.0
2012-09-13 00:00:00+09:00,492.5271962078444,498.4257255037467,492.5271962078444,493.5102844238281,1500,0.0,0.0
2012-09-14 00:00:00+09:00,502.3580992431641,504.3242757568359,491.54412841796875,491.54412841796875,9200,0.0,0.0
2012-09-18 00:00:00+09:00,501.3749949637003,501.3749949637003,491.5441127095101,500.39190673828125,3700,0.0,0.0
2012-09-19 00:00:00+09:00,505.30734756617875,507.27352401585256,502.35808289166795,506.2904357910156,2200,0.0,0.0
2012-09-20 00:00:00+09:00,504.32427978515625,508.25663284390987,502.3581032557794,504.32427978515625,1500,0.0,0.0
2012-09-21 00:00:00+09:00,501.37500036330454,501.37500036330454,494.49338271125913,495.4764709472656,4200,0.0,0.0
2012-09-24 00:00:00+09:00,500.39190169206756,500.39190169206756,491.54410775252217,499.4088134765625,4600,0.0,0.0
2012-09-25 00:00:00+09:00,509.2397004655264,509.2397004655264,491.5441124184618,506.2904357910156,4300,0.0,0.0
2012-09-26 00:00:00+09:00,510.22277302292156,523.0029195533608,509.2396848282724,521.0367431640625,13000,0.0,0.0
2012-09-27 00:00:00+09:00,520.0536808283789,522.0198573154428,514.1551513671875,514.1551513671875,16500,0.0,0.0
2012-09-28 00:00:00+09:00,520.0536500204001,520.0536500204001,508.256591796875,508.256591796875,1500,0.0,0.0
2012-10-01 00:00:00+09:00,508.256591796875,508.256591796875,506.2904154262875,508.256591796875,1000,0.0,0.0
2012-10-02 00:00:00+09:00,507.2735400294127,510.22280479702556,481.7132453767679,497.4426574707031,7200,0.0,0.0
2012-10-03 00:00:00+09:00,493.51026913482366,496.45953369140625,492.5271809492961,496.45953369140625,2400,0.0,0.0
2012-10-04 00:00:00+09:00,505.3073378389705,505.3073378389705,492.5271911621094,492.5271911621094,2600,0.0,0.0
2012-10-05 00:00:00+09:00,492.5272009349291,500.39190673828125,488.594848033253,500.39190673828125,3300,0.0,0.0
2012-10-09 00:00:00+09:00,506.2904154857777,506.2904154857777,502.3580627441406,502.3580627441406,700,0.0,0.0
2012-10-10 00:00:00+09:00,502.3580831891193,504.32425963995735,499.40881851286224,500.39190673828125,5400,0.0,0.0
2012-10-11 00:00:00+09:00,496.45955413757684,496.45955413757684,493.51028945953186,494.4933776855469,2900,0.0,0.0
2012-10-12 00:00:00+09:00,494.49338271125913,497.4426474192786,494.49338271125913,495.4764709472656,800,0.0,0.0
2012-10-15 00:00:00+09:00,496.4595591832721,496.4595591832721,495.4764709472656,495.4764709472656,400,0.0,0.0
2012-10-16 00:00:00+09:00,504.32425479964905,504.32425479964905,493.5102844238281,493.5102844238281,1800,0.0,0.0
2012-10-17 00:00:00+09:00,500.39190673828125,501.3749949637003,495.4764656111862,500.39190673828125,1500,0.0,0.0
2012-10-18 00:00:00+09:00,501.37498966914666,517.1044011097474,501.37498966914666,505.3073425292969,2000,0.0,0.0
2012-10-19 00:00:00+09:00,507.273503671187,507.273503671187,501.3749745587313,502.3580627441406,4000,0.0,0.0
2012-10-22 00:00:00+09:00,509.23969515286956,511.20587158203125,496.4595483633188,511.20587158203125,3400,0.0,0.0
2012-10-23 00:00:00+09:00,511.2058976379751,511.2058976379751,501.375014991091,504.32427978515625,3100,0.0,0.0
2012-10-24 00:00:00+09:00,506.2904454189322,514.1551513671875,503.3411806883365,514.1551513671875,5200,0.0,0.0
2012-10-25 00:00:00+09:00,513.1720631236556,514.1551513671875,507.27353366246416,514.1551513671875,4300,0.0,0.0
2012-10-26 00:00:00+09:00,516.121317740823,522.0198470864324,512.18896484375,512.18896484375,7500,0.0,0.0
2012-10-29 00:00:00+09:00,512.18896484375,513.1720530680183,511.2058766194818,512.18896484375,14300,0.0,0.0
2012-10-30 00:00:00+09:00,512.1889605275188,514.1551369594863,493.5102844238281,493.5102844238281,6600,0.0,0.0
2012-10-31 00:00:00+09:00,503.3411560058594,503.3411560058594,499.4088032245636,503.3411560058594,1500,0.0,0.0
2012-11-01 00:00:00+09:00,509.23969538944704,509.23969538944704,501.37498966914666,505.3073425292969,1500,0.0,0.0
2012-11-02 00:00:00+09:00,511.20585635275626,511.20585635275626,503.3411508704062,508.256591796875,2400,0.0,0.0
2012-11-05 00:00:00+09:00,513.1720581054688,513.1720581054688,503.3411757662835,513.1720581054688,2300,0.0,0.0
2012-11-06 00:00:00+09:00,506.2904508141477,512.188980338196,506.2904508141477,509.2397155761719,1000,0.0,0.0
2012-11-07 00:00:00+09:00,507.2735290527344,507.2735290527344,506.29044081813606,507.2735290527344,600,0.0,0.0
2012-11-08 00:00:00+09:00,508.2566119466771,512.18896484375,508.2566119466771,512.18896484375,1400,0.0,0.0
2012-11-09 00:00:00+09:00,503.3411508704062,514.1551209086375,503.3411508704062,508.256591796875,2000,0.0,0.0
2012-11-12 00:00:00+09:00,508.256591796875,509.23967998216875,508.256591796875,508.256591796875,1800,0.0,0.0
2012-11-13 00:00:00+09:00,508.2565918565963,511.2058564128241,502.3580627441406,502.3580627441406,3000,0.0,0.0
2012-11-14 00:00:00+09:00,502.3580627441406,503.3411509295499,502.3580627441406,502.3580627441406,700,0.0,0.0
2012-11-15 00:00:00+09:00,503.3411508704062,508.256591796875,503.3411508704062,508.256591796875,1600,0.0,0.0
2012-11-16 00:00:00+09:00,515.1382496279762,516.121337890625,510.22280831473216,516.121337890625,2100,0.0,0.0
2012-11-19 00:00:00+09:00,519.070586815309,524.9691162109375,518.0874985827043,524.9691162109375,3400,0.0,0.0
2012-11-20 00:00:00+09:00,527.9183656509313,527.9183656509313,517.1043954048229,522.0198364257812,4000,0.0,0.0
2012-11-21 00:00:00+09:00,528.9014892578125,529.8845775278085,525.9522244478247,528.9014892578125,4600,0.0,0.0
2012-11-22 00:00:00+09:00,530.8676248810829,533.8168894637555,529.8845366868586,532.8338012695312,8800,0.0,0.0
2012-11-26 00:00:00+09:00,533.8169046104501,538.7323457210435,533.8169046104501,535.7830810546875,11700,0.0,0.0
2012-11-27 00:00:00+09:00,535.7830960907205,539.7154490895515,535.7830960907205,538.7323608398438,25400,0.0,0.0
2012-11-28 00:00:00+09:00,540.698486328125,540.698486328125,538.7323100142045,540.698486328125,7200,0.0,0.0
2012-11-29 00:00:00+09:00,540.6985373392592,540.6985373392592,537.749272590136,538.7323608398438,1400,0.0,0.0
2012-11-30 00:00:00+09:00,537.7492065429688,541.6815590588222,537.7492065429688,537.7492065429688,2800,0.0,0.0
2012-12-03 00:00:00+09:00,538.7323406443876,538.7323406443876,532.8338113672593,534.7999877929688,1700,0.0,0.0
2012-12-04 00:00:00+09:00,534.7999877929688,536.7661642186781,534.7999877929688,534.7999877929688,500,0.0,0.0
2012-12-05 00:00:00+09:00,526.9353226273148,530.86767578125,526.9353226273148,530.86767578125,1700,0.0,0.0
2012-12-06 00:00:00+09:00,530.86767578125,530.86767578125,528.9014992042823,530.86767578125,2400,0.0,0.0
2012-12-07 00:00:00+09:00,528.9014892578125,530.8676657978044,528.9014892578125,528.9014892578125,2400,0.0,0.0
2012-12-10 00:00:00+09:00,530.867639944094,535.7830810546875,529.8845517219753,535.7830810546875,2600,0.0,0.0
2012-12-11 00:00:00+09:00,535.7831010662142,540.6985423603996,535.7831010662142,539.7154541015625,5300,0.0,0.0
2012-12-12 00:00:00+09:00,539.7153981711648,540.698486328125,539.7153981711648,540.698486328125,2200,0.0,0.0
2012-12-13 00:00:00+09:00,541.6815897439747,545.6139424825878,540.6985015593214,543.6477661132812,2800,0.0,0.0
2012-12-14 00:00:00+09:00,544.630895395748,545.613983654585,539.7154541015625,539.7154541015625,7500,0.0,0.0
2012-12-17 00:00:00+09:00,541.681640625,547.5801702869783,541.681640625,541.681640625,5100,0.0,0.0
2012-12-18 00:00:00+09:00,541.6816154731499,545.6139683985448,536.7661743164062,536.7661743164062,9500,0.0,0.0
2012-12-19 00:00:00+09:00,538.7323100142045,540.698486328125,533.8168692294034,540.698486328125,6500,0.0,0.0
2012-12-20 00:00:00+09:00,540.698486328125,548.5631915838068,538.7323100142045,540.698486328125,5100,0.0,0.0
2012-12-21 00:00:00+09:00,541.6816456006921,544.6309104587721,540.6985573146654,542.6647338867188,4000,0.0,0.0
2012-12-25 00:00:00+09:00,543.6477862757027,547.5801391601562,543.6477862757027,547.5801391601562,6800,0.0,0.0
2012-12-26 00:00:00+09:00,548.5631918041731,555.4448089056592,548.5631918041731,552.4955444335938,16300,0.0,0.0
2012-12-27 00:00:00+09:00,540.698563722057,563.3095945686157,531.8507690429688,531.8507690429688,55200,0.0,0.0
2012-12-28 00:00:00+09:00,531.8507540678003,531.8507540678003,528.9014892578125,528.9014892578125,9400,0.0,0.0
2013-01-04 00:00:00+09:00,537.7492524315329,537.7492524315329,533.816899580114,534.7999877929688,5100,0.0,0.0
2013-01-07 00:00:00+09:00,539.7154339431622,539.7154339431622,535.7830810546875,535.7830810546875,5400,0.0,0.0
2013-01-08 00:00:00+09:00,535.7830960907205,539.7154490895515,535.7830960907205,538.7323608398438,5100,0.0,0.0
2013-01-09 00:00:00+09:00,539.7153828008956,544.6308234457124,536.7661184140054,537.7492065429688,9800,0.0,0.0
2013-01-10 00:00:00+09:00,539.7154184059116,545.6139475688177,537.7492420182762,544.630859375,4500,0.0,0.0
2013-01-11 00:00:00+09:00,545.61395768639,548.5632223225326,545.61395768639,546.5970458984375,16800,0.0,0.0
2013-01-15 00:00:00+09:00,548.5632273812696,549.5463156023831,546.5970509390429,547.5801391601562,5800,0.0,0.0
2013-01-16 00:00:00+09:00,548.563237444446,550.5294139227415,548.563237444446,549.5463256835938,4000,0.0,0.0
2013-01-17 00:00:00+09:00,549.5463256835938,550.5294139227415,548.563237444446,549.5463256835938,5200,0.0,0.0
2013-01-18 00:00:00+09:00,550.5293782552083,554.4617309570312,550.5293782552083,554.4617309570312,3200,0.0,0.0
2013-01-21 00:00:00+09:00,559.377207313444,563.309560264681,555.4448543622073,561.3433837890625,4000,0.0,0.0
2013-01-22 00:00:00+09:00,562.3264415099558,563.3095296944138,552.4955596653762,555.44482421875,6100,0.0,0.0
2013-01-23 00:00:00+09:00,553.4786729243764,561.3433787563391,553.4786729243764,560.3602905273438,4900,0.0,0.0
2013-01-24 00:00:00+09:00,565.2757518382854,565.2757518382854,561.343398782019,564.2926635742188,4900,0.0,0.0
2013-01-25 00:00:00+09:00,569.2080535888672,570.1911417643229,565.2757008870442,566.2587890625,10300,0.0,0.0
2013-01-28 00:00:00+09:00,566.2588550693241,569.2081199394769,566.2588550693241,567.241943359375,12600,0.0,0.0
2013-01-29 00:00:00+09:00,570.191162109375,570.191162109375,569.2080738988416,570.191162109375,6600,0.0,0.0
2013-01-30 00:00:00+09:00,570.1911931586183,570.1911931586183,563.3095753101522,564.2926635742188,12100,0.0,0.0
2013-01-31 00:00:00+09:00,568.2250166304851,568.2250166304851,562.3264870460856,564.2926635742188,5800,0.0,0.0
2013-02-01 00:00:00+09:00,570.1911417643229,570.1911417643229,564.2926127115885,566.2587890625,4200,0.0,0.0
2013-02-04 00:00:00+09:00,570.1911570494657,570.1911570494657,566.2588042422279,569.2080688476562,4500,0.0,0.0
2013-02-05 00:00:00+09:00,570.1912082295278,570.1912082295278,566.2588550693241,567.241943359375,10200,0.0,0.0
2013-02-06 00:00:00+09:00,566.2588550693241,568.2250316494259,565.2757667792732,567.241943359375,3600,0.0,0.0
2013-02-07 00:00:00+09:00,566.2588451086956,567.2419333814538,565.2757568359375,565.2757568359375,3300,0.0,0.0
2013-02-08 00:00:00+09:00,566.2588451086956,567.2419333814538,564.2926685631793,565.2757568359375,4500,0.0,0.0
2013-02-12 00:00:00+09:00,567.2418772379557,569.2080535888672,566.2587890625,566.2587890625,4000,0.0,0.0
2013-02-13 00:00:00+09:00,569.2080535888672,569.2080535888672,566.2587890625,566.2587890625,4700,0.0,0.0
2013-02-14 00:00:00+09:00,566.2588300371503,566.2588300371503,562.3264770507812,562.3264770507812,2900,0.0,0.0
2013-02-15 00:00:00+09:00,562.3264932039576,562.3264932039576,550.5294339059725,553.4786987304688,7200,0.0,0.0
2013-02-18 00:00:00+09:00,553.4786427815754,568.2249654134114,553.4786427815754,566.2587890625,4200,0.0,0.0
2013-02-19 00:00:00+09:00,568.2249755859375,568.2249755859375,565.2757110067718,568.2249755859375,4800,0.0,0.0
2013-02-20 00:00:00+09:00,568.2249755859375,570.191151972048,568.2249755859375,568.2249755859375,3600,0.0,0.0
2013-02-21 00:00:00+09:00,569.2080637789927,569.2080637789927,568.2249755859375,568.2249755859375,6200,0.0,0.0
2013-02-22 00:00:00+09:00,568.2249755859375,569.2080637789927,564.2926228137164,568.2249755859375,12800,0.0,0.0
2013-02-25 00:00:00+09:00,570.191151972048,570.191151972048,567.2418873928823,568.2249755859375,102600,0.0,0.0
2013-02-26 00:00:00+09:00,548.3916830912124,556.3250166621522,541.45001621664,543.433349609375,41300,5.0,0.0
2013-02-27 00:00:00+09:00,547.4000244140625,552.3583579685377,546.4083577031674,547.4000244140625,18600,0.0,0.0
2013-02-28 00:00:00+09:00,554.3416993943907,554.3416993943907,550.3750324935364,551.36669921875,16700,0.0,0.0
2013-03-01 00:00:00+09:00,552.3583333333333,557.3166666666667,545.4166666666666,550.375,14700,0.0,0.0
2013-03-04 00:00:00+09:00,556.3250081671372,557.316674848362,554.3416748046875,554.3416748046875,6200,0.0,0.0
2013-03-05 00:00:00+09:00,554.341646357945,559.2999795096262,554.341646357945,555.3333129882812,3500,0.0,0.0
2013-03-06 00:00:00+09:00,561.2833496961034,561.2833496961034,556.3250162182227,558.308349609375,3100,0.0,0.0
2013-03-07 00:00:00+09:00,558.3083170283307,559.2999836660365,557.316650390625,557.316650390625,2300,0.0,0.0
2013-03-08 00:00:00+09:00,560.2916830005273,560.2916830005273,555.3333495226465,558.308349609375,13000,0.0,0.0
2013-03-11 00:00:00+09:00,559.2999795096262,559.2999795096262,555.3333129882812,555.3333129882812,6100,0.0,0.0
2013-03-12 00:00:00+09:00,555.3333129882812,559.2999795096262,554.341646357945,555.3333129882812,4900,0.0,0.0
2013-03-13 00:00:00+09:00,555.3333661196043,555.3333661196043,551.36669921875,551.36669921875,3000,0.0,0.0
2013-03-14 00:00:00+09:00,551.366662575582,552.3583292348907,546.408329279039,548.3916625976562,4600,0.0,0.0
2013-03-15 00:00:00+09:00,550.3750040543999,554.3416707502876,549.3833373804281,552.3583374023438,5000,0.0,0.0
2013-03-18 00:00:00+09:00,552.3583454533269,558.3083455838834,552.3583454533269,556.3250122070312,2500,0.0,0.0
2013-03-19 00:00:00+09:00,556.3249878578998,563.2666543730608,555.3333212128769,559.2999877929688,3700,0.0,0.0
2013-03-21 00:00:00+09:00,562.2750323240477,567.2333659424256,561.2833656003721,566.24169921875,6400,0.0,0.0
2013-03-22 00:00:00+09:00,567.2333292356678,568.2249958951708,563.2666625976562,563.2666625976562,6100,0.0,0.0
2013-03-25 00:00:00+09:00,569.2166422099967,569.2166422099967,566.241642337819,568.2249755859375,8600,0.0,0.0
2013-03-26 00:00:00+09:00,569.2166828300714,574.1750163042009,568.2250161352455,573.183349609375,12800,0.0,0.0
2013-03-27 00:00:00+09:00,573.183321147385,575.1666544385524,573.183321147385,574.1749877929688,14700,0.0,0.0
2013-03-28 00:00:00+09:00,574.1750289836542,574.1750289836542,564.2583618164062,564.2583618164062,10100,0.0,0.0
2013-03-29 00:00:00+09:00,559.2999877929688,565.2499876631067,556.3249878578998,559.2999877929688,5800,0.0,0.0
2013-04-01 00:00:00+09:00,555.3333374242594,556.3250040982313,552.3583374023438,552.3583374023438,3600,0.0,0.0
2013-04-02 00:00:00+09:00,550.3750205300071,550.3750205300071,544.425020308061,545.4166870117188,6300,0.0,0.0
2013-04-03 00:00:00+09:00,549.3833571876378,562.2750244140625,545.4166903487379,562.2750244140625,7200,0.0,0.0
2013-04-04 00:00:00+09:00,562.2750244140625,562.2750244140625,556.3250241557126,562.2750244140625,4100,0.0,0.0
2013-04-05 00:00:00+09:00,562.2749758415822,570.208308834056,560.2916425934637,568.2249755859375,6500,0.0,0.0
2013-04-08 00:00:00+09:00,568.225012143453,573.1833455827501,558.3083452648586,571.2000122070312,9700,0.0,0.0
2013-04-09 00:00:00+09:00,571.2000162197232,574.1750163042009,570.2083495248972,573.183349609375,9600,0.0,0.0
2013-04-10 00:00:00+09:00,573.1833415280652,573.1833415280652,568.2250081238432,569.2166748046875,5700,0.0,0.0
2013-04-11 00:00:00+09:00,566.2416787677341,573.1833455827501,566.2416787677341,571.2000122070312,6000,0.0,0.0
2013-04-12 00:00:00+09:00,567.2333089618783,574.1749753302929,565.2499757137598,568.2249755859375,4100,0.0,0.0
2013-04-15 00:00:00+09:00,568.2249838367904,576.1583169444594,568.2249838367904,572.191650390625,13800,0.0,0.0
2013-04-16 00:00:00+09:00,567.2333374023438,575.1666707925863,567.2333374023438,567.2333374023438,7000,0.0,0.0
2013-04-17 00:00:00+09:00,567.2333130944294,574.1749795134172,567.2333130944294,570.2083129882812,4800,0.0,0.0
2013-04-18 00:00:00+09:00,570.2083374236847,570.2083374236847,567.2333374023438,567.2333374023438,4100,0.0,0.0
2013-04-19 00:00:00+09:00,570.208308834056,570.208308834056,568.2249755859375,568.2249755859375,4600,0.0,0.0
2013-04-22 00:00:00+09:00,568.2250081238432,572.1916748472207,568.2250081238432,569.2166748046875,5900,0.0,0.0
2013-04-23 00:00:00+09:00,569.2166788313124,573.1833455827501,569.2166788313124,571.2000122070312,2000,0.0,0.0
2013-04-24 00:00:00+09:00,573.1833292992201,578.1416625976562,573.1833292992201,578.1416625976562,8000,0.0,0.0
2013-04-25 00:00:00+09:00,581.1166423356452,585.0833088362298,581.1166423356452,583.0999755859375,8000,0.0,0.0
2013-04-26 00:00:00+09:00,584.0916748046875,587.0666748461375,581.1166747632375,584.0916748046875,10100,0.0,0.0
2013-04-30 00:00:00+09:00,584.0916666666667,587.0666666666667,580.125,580.125,19300,0.0,0.0
2013-05-01 00:00:00+09:00,580.1250324965337,583.1000326631826,580.1250324965337,581.11669921875,1500,0.0,0.0
2013-05-02 00:00:00+09:00,584.0916463560977,587.0666462526483,577.1499799308131,585.0833129882812,6100,0.0,0.0
2013-05-07 00:00:00+09:00,586.0749837514517,594.0083168648384,586.0749837514517,587.066650390625,7200,0.0,0.0
2013-05-08 00:00:00+09:00,585.0833455197097,590.0416789563174,585.0833455197097,586.0750122070312,6300,0.0,0.0
2013-05-09 00:00:00+09:00,590.0416748875875,590.0416748875875,583.1000081242041,584.0916748046875,4700,0.0,0.0
2013-05-10 00:00:00+09:00,586.0749878546204,594.0083210235493,586.0749878546204,589.0499877929688,5700,0.0,0.0
2013-05-13 00:00:00+09:00,594.0083457056036,594.0083457056036,585.0833455197097,586.0750122070312,11000,0.0,0.0
2013-05-14 00:00:00+09:00,586.0750122070312,590.0416789563174,586.0750122070312,586.0750122070312,3100,0.0,0.0
2013-05-15 00:00:00+09:00,587.0666788943528,589.0500122689958,584.0916788323882,586.0750122070312,9700,0.0,0.0
2013-05-16 00:00:00+09:00,584.0916422110837,586.074975461376,582.1083089607913,583.0999755859375,6400,0.0,0.0
2013-05-17 00:00:00+09:00,583.0999797239142,586.0749796204648,583.0999797239142,585.0833129882812,2400,0.0,0.0
2013-05-20 00:00:00+09:00,592.0250283879708,599.9583621017125,579.1333611031406,594.0083618164062,15200,0.0,0.0
2013-05-21 00:00:00+09:00,595.9916543157815,595.9916543157815,588.0583211468527,589.0499877929688,4900,0.0,0.0
2013-05-22 00:00:00+09:00,591.0333333333333,596.9833333333333,591.0333333333333,595.0,5000,0.0,0.0
2013-05-23 00:00:00+09:00,597.9750041799205,598.966670853519,582.1083374023438,582.1083374023438,11100,0.0,0.0
2013-05-24 00:00:00+09:00,582.1083659409663,589.0500329964804,581.11669921875,581.11669921875,13500,0.0,0.0
2013-05-27 00:00:00+09:00,581.11669921875,584.0916993853989,581.11669921875,581.11669921875,14300,0.0,0.0
2013-05-28 00:00:00+09:00,584.0916542488059,584.0916542488059,574.1749877929688,574.1749877929688,8400,0.0,0.0
2013-05-29 00:00:00+09:00,575.1666666666666,584.0916666666667,575.1666666666666,580.125,3400,0.0,0.0
2013-05-30 00:00:00+09:00,580.125033350208,583.1000335212346,562.2750323240477,566.24169921875,10300,0.0,0.0
2013-05-31 00:00:00+09:00,576.1583292782818,580.1249959170307,569.2166626604711,578.1416625976562,3300,0.0,0.0
2013-06-03 00:00:00+09:00,568.225012143453,580.1250123977661,568.225012143453,571.2000122070312,3000,0.0,0.0
2013-06-04 00:00:00+09:00,570.208341485532,572.1916748472207,566.2416747621543,569.2166748046875,4500,0.0,0.0
2013-06-05 00:00:00+09:00,568.225012143453,577.1500123341879,567.2333454555935,571.2000122070312,3800,0.0,0.0
2013-06-06 00:00:00+09:00,568.2249755859375,575.1666419543521,565.2499757137598,568.2249755859375,2700,0.0,0.0
2013-06-07 00:00:00+09:00,567.2333457797181,568.2250124681442,556.3250122070312,556.3250122070312,6300,0.0,0.0
2013-06-10 00:00:00+09:00,558.3083333333334,568.225,558.3083333333334,565.25,6300,0.0,0.0
2013-06-11 00:00:00+09:00,566.24169921875,573.183366284479,565.2500324950744,566.24169921875,5900,0.0,0.0
2013-06-12 00:00:00+09:00,566.241654628299,574.1749877929688,566.241654628299,574.1749877929688,6700,0.0,0.0
2013-06-13 00:00:00+09:00,572.1916420821744,572.1916420821744,567.2333089618783,568.2249755859375,4200,0.0,0.0
2013-06-14 00:00:00+09:00,558.3083252384469,567.2333251090438,557.3166585861584,561.2833251953125,18800,0.0,0.0
2013-06-17 00:00:00+09:00,561.2833254054162,577.1499918479722,561.2833254054162,576.1583251953125,4300,0.0,0.0
2013-06-18 00:00:00+09:00,578.1416625976562,579.1333292573435,576.1583292782818,578.1416625976562,5500,0.0,0.0
2013-06-19 00:00:00+09:00,578.1416787084589,586.0750122070312,578.1416787084589,586.0750122070312,5400,0.0,0.0
2013-06-20 00:00:00+09:00,589.0500122689958,589.0500122689958,586.0750122070312,586.0750122070312,3600,0.0,0.0
2013-06-21 00:00:00+09:00,585.0833535074186,591.0333537125788,579.1333533022583,590.0416870117188,6100,0.0,0.0
2013-06-24 00:00:00+09:00,594.008357829185,595.0000245367462,584.0916907535726,592.0250244140625,8400,0.0,0.0
2013-06-25 00:00:00+09:00,594.0083333333333,595.0,590.0416666666666,595.0,5400,0.0,0.0
2013-06-26 00:00:00+09:00,595.0000040554921,599.9583374226212,595.0000040554921,596.9833374023438,19400,0.0,0.0
2013-06-27 00:00:00+09:00,596.9833089597585,597.9749755859375,596.9833089597585,597.9749755859375,26800,0.0,0.0
2013-06-28 00:00:00+09:00,597.9749919685327,605.9083251953125,597.9749919685327,605.9083251953125,11000,0.0,0.0
2013-07-01 00:00:00+09:00,614.8333414845011,614.8333414845011,601.9416746469229,613.8416748046875,7000,0.0,0.0
2013-07-02 00:00:00+09:00,608.8833373825593,614.8333374221282,608.8833373825593,611.8583374023438,5000,0.0,0.0
2013-07-03 00:00:00+09:00,608.8833373825593,614.8333374221282,608.8833373825593,611.8583374023438,5400,0.0,0.0
2013-07-04 00:00:00+09:00,612.85,613.8416666666667,608.8833333333333,609.875,3600,0.0,0.0
2013-07-05 00:00:00+09:00,614.8333660967938,614.8333660967938,595.0000317065746,610.86669921875,9400,0.0,0.0
2013-07-08 00:00:00+09:00,605.9083616772382,612.8500286686304,600.950028111958,608.8833618164062,7400,0.0,0.0
2013-07-09 00:00:00+09:00,612.8500040756053,612.8500040756053,609.8750040558208,611.8583374023438,3100,0.0,0.0
2013-07-10 00:00:00+09:00,614.8333535156249,619.7916870117188,614.8333535156249,619.7916870117188,14700,0.0,0.0
2013-07-11 00:00:00+09:00,623.7583292578436,624.749995918031,619.7916626170942,622.7666625976562,7600,0.0,0.0
2013-07-12 00:00:00+09:00,627.7250161484865,633.6750163015527,626.7333494563088,632.683349609375,9900,0.0,0.0
2013-07-16 00:00:00+09:00,633.6749836728562,639.6249835195497,621.7749839794692,631.691650390625,17800,0.0,0.0
2013-07-17 00:00:00+09:00,624.7500080866769,631.6916748431954,623.7583414071742,628.7166748046875,2800,0.0,0.0
2013-07-18 00:00:00+09:00,628.7166707485537,632.6833374409736,626.7333374023438,626.7333374023438,12900,0.0,0.0
2013-07-19 00:00:00+09:00,630.7000166156702,630.7000166156702,615.8250162237912,617.808349609375,9100,0.0,0.0
2013-07-22 00:00:00+09:00,617.8083575916443,624.7500245308762,615.8250241804351,621.7750244140625,2300,0.0,0.0
2013-07-23 00:00:00+09:00,616.8166987544572,627.7250326552595,615.8250320362025,625.74169921875,3500,0.0,0.0
2013-07-24 00:00:00+09:00,630.7000081636928,631.6916748431954,627.7250081251848,628.7166748046875,3300,0.0,0.0
2013-07-25 00:00:00+09:00,631.6916788928913,632.6833455787514,628.716678835311,630.7000122070312,9100,0.0,0.0
2013-07-26 00:00:00+09:00,620.783321087177,624.7499876755934,613.8416545574481,618.7999877929688,14800,0.0,0.0
2013-07-29 00:00:00+09:00,609.8750041568794,612.8500041771568,595.0000040554921,596.9833374023438,25000,0.0,0.0
2013-07-30 00:00:00+09:00,596.9833253151851,609.8749918087024,596.9833253151851,605.9083251953125,4100,0.0,0.0
2013-07-31 00:00:00+09:00,609.8749959177138,609.8749959177138,605.9083292775987,607.8916625976562,4700,0.0,0.0
2013-08-01 00:00:00+09:00,612.8499797205772,616.8166462559853,607.8916465513167,614.8333129882812,3200,0.0,0.0
2013-08-02 00:00:00+09:00,618.7999918879792,620.7833251953125,610.8666586586462,620.7833251953125,7300,0.0,0.0
2013-08-05 00:00:00+09:00,620.7833616805569,624.7500285283561,619.7916949686072,623.7583618164062,4800,0.0,0.0
2013-08-06 00:00:00+09:00,623.758313180518,629.7083129882812,620.7833132766364,629.7083129882812,3100,0.0,0.0
2013-08-07 00:00:00+09:00,627.7250286642054,629.7083620881049,623.7583618164062,623.7583618164062,3100,0.0,0.0
2013-08-08 00:00:00+09:00,622.7666585026458,623.7583251563125,619.7916585416459,620.7833251953125,3500,0.0,0.0
2013-08-09 00:00:00+09:00,624.7499835146202,624.7499835146202,614.8333171096263,616.816650390625,7900,0.0,0.0
2013-08-12 00:00:00+09:00,622.766687109375,624.7500205078125,616.8166869140624,619.7916870117188,5700,0.0,0.0
2013-08-13 00:00:00+09:00,619.7916585416459,623.7583251563125,619.7916585416459,620.7833251953125,3800,0.0,0.0
2013-08-14 00:00:00+09:00,620.7833333333333,625.7416666666667,620.7833333333333,624.75,4000,0.0,0.0
2013-08-15 00:00:00+09:00,628.7166666666667,628.7166666666667,623.7583333333333,624.75,3300,0.0,0.0
2013-08-16 00:00:00+09:00,624.7499918099791,624.7499918099791,619.7916585416459,620.7833251953125,6000,0.0,0.0
2013-08-19 00:00:00+09:00,619.7916870117188,623.7583538085937,616.8166869140624,619.7916870117188,5000,0.0,0.0
2013-08-20 00:00:00+09:00,619.7916829949588,621.7750163805428,617.808349609375,617.808349609375,4700,0.0,0.0
2013-08-21 00:00:00+09:00,617.8083374419127,617.8083374419127,610.8666707290822,611.8583374023438,7100,0.0,0.0
2013-08-22 00:00:00+09:00,609.8749918087024,609.8749918087024,602.93332523527,605.9083251953125,11000,0.0,0.0
2013-08-23 00:00:00+09:00,604.9166789542724,605.9083456410826,600.9500122070312,600.9500122070312,18300,0.0,0.0
2013-08-26 00:00:00+09:00,601.9416748451081,602.9333415252484,597.9750081245472,598.9666748046875,20700,0.0,0.0
2013-08-27 00:00:00+09:00,595.9916666666667,598.9666666666667,594.0083333333333,595.0,118500,0.0,0.0
2013-08-28 00:00:00+09:00,580.0,587.0,578.0,584.0,44500,5.0,0.0
2013-08-29 00:00:00+09:00,588.0,595.0,587.0,592.0,12400,0.0,0.0
2013-08-30 00:00:00+09:00,593.0,593.0,575.0,576.0,11000,0.0,0.0
2013-09-02 00:00:00+09:00,578.0,585.0,568.0,574.0,17700,0.0,0.0
2013-09-03 00:00:00+09:00,574.0,580.0,573.0,574.0,6000,0.0,0.0
2013-09-04 00:00:00+09:00,574.0,580.0,574.0,576.0,2700,0.0,0.0
2013-09-05 00:00:00+09:00,576.0,581.0,576.0,579.0,3200,0.0,0.0
2013-09-06 00:00:00+09:00,576.0,577.0,571.0,572.0,7200,0.0,0.0
2013-09-09 00:00:00+09:00,585.0,585.0,575.0,580.0,6600,0.0,0.0
2013-09-10 00:00:00+09:00,580.0,585.0,580.0,582.0,6300,0.0,0.0
2013-09-11 00:00:00+09:00,588.0,590.0,584.0,585.0,5800,0.0,0.0
2013-09-12 00:00:00+09:00,592.0,592.0,586.0,586.0,1800,0.0,0.0
2013-09-13 00:00:00+09:00,587.0,589.0,586.0,586.0,11900,0.0,0.0
2013-09-17 00:00:00+09:00,590.0,590.0,585.0,585.0,3000,0.0,0.0
2013-09-18 00:00:00+09:00,584.0,589.0,580.0,581.0,6500,0.0,0.0
2013-09-19 00:00:00+09:00,585.0,588.0,583.0,588.0,3100,0.0,0.0
2013-09-20 00:00:00+09:00,586.0,587.0,573.0,575.0,16400,0.0,0.0
2013-09-24 00:00:00+09:00,577.0,580.0,575.0,578.0,7000,0.0,0.0
2013-09-25 00:00:00+09:00,582.0,585.0,580.0,585.0,5400,0.0,0.0
2013-09-26 00:00:00+09:00,585.0,588.0,584.0,586.0,5400,0.0,0.0
2013-09-27 00:00:00+09:00,586.0,594.0,586.0,593.0,14300,0.0,0.0
2013-09-30 00:00:00+09:00,593.0,593.0,553.0,567.0,50800,0.0,0.0
2013-10-01 00:00:00+09:00,562.0,565.0,557.0,558.0,24200,0.0,0.0
2013-10-02 00:00:00+09:00,558.0,564.0,558.0,558.0,8800,0.0,0.0
2013-10-03 00:00:00+09:00,558.0,561.0,556.0,556.0,6300,0.0,0.0
2013-10-04 00:00:00+09:00,557.0,570.0,550.0,550.0,13600,0.0,0.0
2013-10-07 00:00:00+09:00,550.0,551.0,540.0,540.0,10600,0.0,0.0
2013-10-08 00:00:00+09:00,531.0,533.0,521.0,524.0,18500,0.0,0.0
2013-10-09 00:00:00+09:00,528.0,530.0,521.0,523.0,7500,0.0,0.0
2013-10-10 00:00:00+09:00,524.0,529.0,520.0,526.0,13700,0.0,0.0
2013-10-11 00:00:00+09:00,527.0,528.0,520.0,521.0,17400,0.0,0.0
2013-10-15 00:00:00+09:00,521.0,521.0,515.0,519.0,13900,0.0,0.0
2013-10-16 00:00:00+09:00,520.0,525.0,520.0,524.0,7100,0.0,0.0
2013-10-17 00:00:00+09:00,526.0,527.0,523.0,524.0,7900,0.0,0.0
2013-10-18 00:00:00+09:00,525.0,530.0,525.0,527.0,4800,0.0,0.0
2013-10-21 00:00:00+09:00,529.0,533.0,526.0,530.0,12400,0.0,0.0
2013-10-22 00:00:00+09:00,535.0,540.0,529.0,530.0,12800,0.0,0.0
2013-10-23 00:00:00+09:00,535.0,540.0,532.0,532.0,4400,0.0,0.0
2013-10-24 00:00:00+09:00,532.0,536.0,530.0,532.0,8500,0.0,0.0
2013-10-25 00:00:00+09:00,535.0,536.0,532.0,532.0,6800,0.0,0.0
2013-10-28 00:00:00+09:00,532.0,535.0,532.0,534.0,10200,0.0,0.0
2013-10-29 00:00:00+09:00,539.0,540.0,537.0,539.0,15600,0.0,0.0
2013-10-30 00:00:00+09:00,542.0,543.0,540.0,542.0,6000,0.0,0.0
2013-10-31 00:00:00+09:00,542.0,545.0,541.0,544.0,8100,0.0,0.0
2013-11-01 00:00:00+09:00,546.0,546.0,540.0,541.0,7500,0.0,0.0
2013-11-05 00:00:00+09:00,547.0,549.0,539.0,540.0,6500,0.0,0.0
2013-11-06 00:00:00+09:00,538.0,548.0,538.0,540.0,5800,0.0,0.0
2013-11-07 00:00:00+09:00,550.0,555.0,542.0,544.0,8900,0.0,0.0
2013-11-08 00:00:00+09:00,544.0,554.0,542.0,544.0,6000,0.0,0.0
2013-11-11 00:00:00+09:00,544.0,544.0,539.0,540.0,9100,0.0,0.0
2013-11-12 00:00:00+09:00,544.0,553.0,539.0,542.0,9400,0.0,0.0
2013-11-13 00:00:00+09:00,542.0,544.0,538.0,538.0,8100,0.0,0.0
2013-11-14 00:00:00+09:00,537.0,544.0,536.0,537.0,6500,0.0,0.0
2013-11-15 00:00:00+09:00,537.0,545.0,537.0,539.0,8500,0.0,0.0
2013-11-18 00:00:00+09:00,543.0,546.0,541.0,542.0,6300,0.0,0.0
2013-11-19 00:00:00+09:00,543.0,545.0,539.0,541.0,9000,0.0,0.0
2013-11-20 00:00:00+09:00,545.0,546.0,541.0,542.0,6700,0.0,0.0
2013-11-21 00:00:00+09:00,542.0,547.0,540.0,543.0,9000,0.0,0.0
2013-11-22 00:00:00+09:00,542.0,543.0,540.0,541.0,6300,0.0,0.0
2013-11-25 00:00:00+09:00,540.0,541.0,540.0,541.0,11300,0.0,0.0
2013-11-26 00:00:00+09:00,541.0,545.0,541.0,544.0,19000,0.0,0.0
2013-11-27 00:00:00+09:00,544.0,545.0,540.0,541.0,34100,0.0,0.0
2013-11-28 00:00:00+09:00,542.0,545.0,542.0,545.0,4800,0.0,0.0
2013-11-29 00:00:00+09:00,544.0,546.0,541.0,542.0,7000,0.0,0.0
2013-12-02 00:00:00+09:00,540.0,543.0,540.0,542.0,5000,0.0,0.0
2013-12-03 00:00:00+09:00,545.0,545.0,541.0,541.0,4500,0.0,0.0
2013-12-04 00:00:00+09:00,542.0,543.0,539.0,539.0,9800,0.0,0.0
2013-12-05 00:00:00+09:00,539.0,540.0,539.0,539.0,5500,0.0,0.0
2013-12-06 00:00:00+09:00,539.0,540.0,538.0,538.0,4500,0.0,0.0
2013-12-09 00:00:00+09:00,538.0,541.0,538.0,538.0,3900,0.0,0.0
2013-12-10 00:00:00+09:00,538.0,541.0,538.0,540.0,6200,0.0,0.0
2013-12-11 00:00:00+09:00,540.0,545.0,540.0,540.0,7800,0.0,0.0
2013-12-12 00:00:00+09:00,540.0,543.0,540.0,540.0,8600,0.0,0.0
2013-12-13 00:00:00+09:00,539.0,543.0,538.0,538.0,20200,0.0,0.0
2013-12-16 00:00:00+09:00,538.0,539.0,531.0,532.0,23900,0.0,0.0
2013-12-17 00:00:00+09:00,533.0,536.0,532.0,533.0,4600,0.0,0.0
2013-12-18 00:00:00+09:00,533.0,535.0,532.0,533.0,5700,0.0,0.0
2013-12-19 00:00:00+09:00,532.0,535.0,532.0,533.0,10700,0.0,0.0
2013-12-20 00:00:00+09:00,531.0,533.0,521.0,522.0,17700,0.0,0.0
2013-12-24 00:00:00+09:00,522.0,525.0,521.0,522.0,15600,0.0,0.0
2013-12-25 00:00:00+09:00,521.0,525.0,521.0,522.0,18600,0.0,0.0
2013-12-26 00:00:00+09:00,524.0,528.0,513.0,514.0,31400,0.0,0.0
2013-12-27 00:00:00+09:00,524.0,524.0,519.0,521.0,42200,0.0,0.0
2013-12-30 00:00:00+09:00,526.0,534.0,524.0,534.0,32800,0.0,0.0
2014-01-06 00:00:00+09:00,535.0,536.0,530.0,531.0,16200,0.0,0.0
2014-01-07 00:00:00+09:00,530.0,532.0,529.0,531.0,11500,0.0,0.0
2014-01-08 00:00:00+09:00,531.0,533.0,530.0,533.0,7400,0.0,0.0
2014-01-09 00:00:00+09:00,533.0,533.0,530.0,533.0,13400,0.0,0.0
2014-01-10 00:00:00+09:00,533.0,537.0,520.0,532.0,52700,0.0,0.0
2014-01-14 00:00:00+09:00,532.0,539.0,530.0,532.0,27100,0.0,0.0
2014-01-15 00:00:00+09:00,535.0,539.0,532.0,536.0,12800,0.0,0.0
2014-01-16 00:00:00+09:00,539.0,539.0,535.0,538.0,8800,0.0,0.0
2014-01-17 00:00:00+09:00,539.0,539.0,536.0,538.0,8100,0.0,0.0
2014-01-20 00:00:00+09:00,540.0,540.0,537.0,538.0,10000,0.0,0.0
2014-01-21 00:00:00+09:00,539.0,542.0,538.0,538.0,9200,0.0,0.0
2014-01-22 00:00:00+09:00,539.0,540.0,536.0,538.0,8100,0.0,0.0
2014-01-23 00:00:00+09:00,540.0,541.0,538.0,538.0,10400,0.0,0.0
2014-01-24 00:00:00+09:00,538.0,542.0,535.0,535.0,18500,0.0,0.0
2014-01-27 00:00:00+09:00,535.0,535.0,531.0,532.0,19800,0.0,0.0
2014-01-28 00:00:00+09:00,534.0,537.0,531.0,531.0,7700,0.0,0.0
2014-01-29 00:00:00+09:00,532.0,535.0,531.0,531.0,8300,0.0,0.0
2014-01-30 00:00:00+09:00,531.0,533.0,530.0,531.0,8000,0.0,0.0
2014-01-31 00:00:00+09:00,534.0,535.0,527.0,530.0,11700,0.0,0.0
2014-02-03 00:00:00+09:00,530.0,531.0,528.0,531.0,5500,0.0,0.0
2014-02-04 00:00:00+09:00,526.0,526.0,520.0,520.0,16500,0.0,0.0
2014-02-05 00:00:00+09:00,523.0,525.0,520.0,523.0,10200,0.0,0.0
2014-02-06 00:00:00+09:00,525.0,525.0,520.0,520.0,9800,0.0,0.0
2014-02-07 00:00:00+09:00,521.0,530.0,521.0,528.0,5900,0.0,0.0
2014-02-10 00:00:00+09:00,532.0,537.0,530.0,537.0,8900,0.0,0.0
2014-02-12 00:00:00+09:00,537.0,538.0,535.0,537.0,9300,0.0,0.0
2014-02-13 00:00:00+09:00,537.0,540.0,535.0,540.0,8600,0.0,0.0
2014-02-14 00:00:00+09:00,541.0,541.0,538.0,539.0,7900,0.0,0.0
2014-02-17 00:00:00+09:00,539.0,540.0,530.0,535.0,13200,0.0,0.0
2014-02-18 00:00:00+09:00,537.0,537.0,531.0,535.0,13100,0.0,0.0
2014-02-19 00:00:00+09:00,535.0,539.0,533.0,538.0,8300,0.0,0.0
2014-02-20 00:00:00+09:00,538.0,541.0,536.0,541.0,11500,0.0,0.0
2014-02-21 00:00:00+09:00,542.0,544.0,541.0,543.0,15800,0.0,0.0
2014-02-24 00:00:00+09:00,543.0,545.0,540.0,542.0,18900,0.0,0.0
2014-02-25 00:00:00+09:00,543.0,545.0,541.0,541.0,71100,0.0,0.0
2014-02-26 00:00:00+09:00,539.0,539.0,521.0,532.0,49200,0.0,0.0
2014-02-27 00:00:00+09:00,530.0,530.0,526.0,526.0,16500,0.0,0.0
2014-02-28 00:00:00+09:00,525.0,525.0,521.0,522.0,6100,0.0,0.0
2014-03-03 00:00:00+09:00,525.0,525.0,520.0,521.0,7200,0.0,0.0
2014-03-04 00:00:00+09:00,522.0,524.0,520.0,524.0,3900,0.0,0.0
2014-03-05 00:00:00+09:00,522.0,525.0,522.0,522.0,4600,0.0,0.0
2014-03-06 00:00:00+09:00,525.0,525.0,521.0,522.0,2700,0.0,0.0
2014-03-07 00:00:00+09:00,525.0,525.0,521.0,524.0,3300,0.0,0.0
2014-03-10 00:00:00+09:00,524.0,526.0,523.0,523.0,6300,0.0,0.0
2014-03-11 00:00:00+09:00,526.0,526.0,522.0,525.0,3400,0.0,0.0
2014-03-12 00:00:00+09:00,522.0,524.0,520.0,520.0,6300,0.0,0.0
2014-03-13 00:00:00+09:00,526.0,526.0,522.0,523.0,5000,0.0,0.0
2014-03-14 00:00:00+09:00,522.0,523.0,520.0,520.0,18100,0.0,0.0
2014-03-17 00:00:00+09:00,520.0,521.0,505.0,508.0,15100,0.0,0.0
2014-03-18 00:00:00+09:00,511.0,521.0,511.0,519.0,4600,0.0,0.0
2014-03-19 00:00:00+09:00,519.0,520.0,515.0,515.0,4300,0.0,0.0
2014-03-20 00:00:00+09:00,517.0,517.0,516.0,516.0,4600,0.0,0.0
2014-03-24 00:00:00+09:00,516.0,521.0,516.0,519.0,5100,0.0,0.0
2014-03-25 00:00:00+09:00,523.0,523.0,518.0,521.0,12100,0.0,0.0
2014-03-26 00:00:00+09:00,523.0,523.0,521.0,522.0,7700,0.0,0.0
2014-03-27 00:00:00+09:00,522.0,525.0,515.0,515.0,22700,0.0,0.0
2014-03-28 00:00:00+09:00,516.0,529.0,510.0,528.0,13500,0.0,0.0
2014-03-31 00:00:00+09:00,525.0,536.0,521.0,534.0,11500,0.0,0.0
2014-04-01 00:00:00+09:00,532.0,538.0,530.0,537.0,8900,0.0,0.0
2014-04-02 00:00:00+09:00,537.0,538.0,533.0,537.0,8000,0.0,0.0
2014-04-03 00:00:00+09:00,536.0,539.0,526.0,539.0,8300,0.0,0.0
2014-04-04 00:00:00+09:00,538.0,542.0,536.0,542.0,8900,0.0,0.0
2014-04-07 00:00:00+09:00,536.0,542.0,534.0,542.0,4400,0.0,0.0
2014-04-08 00:00:00+09:00,544.0,544.0,535.0,542.0,11900,0.0,0.0
2014-04-09 00:00:00+09:00,534.0,543.0,534.0,541.0,8900,0.0,0.0
2014-04-10 00:00:00+09:00,541.0,545.0,540.0,540.0,12600,0.0,0.0
2014-04-11 00:00:00+09:00,531.0,545.0,531.0,544.0,10500,0.0,0.0
2014-04-14 00:00:00+09:00,530.0,542.0,530.0,540.0,4700,0.0,0.0
2014-04-15 00:00:00+09:00,543.0,544.0,540.0,543.0,5500,0.0,0.0
2014-04-16 00:00:00+09:00,545.0,545.0,541.0,545.0,5900,0.0,0.0
2014-04-17 00:00:00+09:00,545.0,545.0,543.0,545.0,3800,0.0,0.0
2014-04-18 00:00:00+09:00,545.0,545.0,543.0,543.0,3500,0.0,0.0
2014-04-21 00:00:00+09:00,545.0,545.0,534.0,535.0,3300,0.0,0.0
2014-04-22 00:00:00+09:00,543.0,543.0,533.0,533.0,2600,0.0,0.0
2014-04-23 00:00:00+09:00,534.0,542.0,534.0,540.0,5700,0.0,0.0
2014-04-24 00:00:00+09:00,543.0,543.0,538.0,539.0,2100,0.0,0.0
2014-04-25 00:00:00+09:00,540.0,544.0,540.0,540.0,8800,0.0,0.0
2014-04-28 00:00:00+09:00,540.0,544.0,540.0,543.0,7400,0.0,0.0
2014-04-30 00:00:00+09:00,544.0,544.0,538.0,541.0,13500,0.0,0.0
2014-05-01 00:00:00+09:00,545.0,545.0,542.0,544.0,3200,0.0,0.0
2014-05-02 00:00:00+09:00,545.0,545.0,540.0,542.0,2200,0.0,0.0
2014-05-07 00:00:00+09:00,537.0,540.0,534.0,534.0,5900,0.0,0.0
2014-05-08 00:00:00+09:00,532.0,533.0,530.0,531.0,3200,0.0,0.0
2014-05-09 00:00:00+09:00,532.0,533.0,530.0,530.0,3200,0.0,0.0
2014-05-12 00:00:00+09:00,530.0,533.0,530.0,530.0,2600,0.0,0.0
2014-05-13 00:00:00+09:00,531.0,532.0,530.0,531.0,2600,0.0,0.0
2014-05-14 00:00:00+09:00,531.0,533.0,526.0,527.0,5900,0.0,0.0
2014-05-15 00:00:00+09:00,530.0,530.0,527.0,528.0,1100,0.0,0.0
2014-05-16 00:00:00+09:00,525.0,525.0,519.0,519.0,6500,0.0,0.0
2014-05-19 00:00:00+09:00,519.0,525.0,519.0,520.0,3800,0.0,0.0
2014-05-20 00:00:00+09:00,524.0,524.0,518.0,518.0,2500,0.0,0.0
2014-05-21 00:00:00+09:00,523.0,523.0,516.0,516.0,1900,0.0,0.0
2014-05-22 00:00:00+09:00,519.0,522.0,519.0,522.0,3200,0.0,0.0
2014-05-23 00:00:00+09:00,526.0,532.0,524.0,532.0,6700,0.0,0.0
2014-05-26 00:00:00+09:00,535.0,545.0,531.0,545.0,8900,0.0,0.0
2014-05-27 00:00:00+09:00,542.0,542.0,536.0,537.0,12800,0.0,0.0
2014-05-28 00:00:00+09:00,531.0,541.0,531.0,541.0,4800,0.0,0.0
2014-05-29 00:00:00+09:00,543.0,543.0,537.0,539.0,1800,0.0,0.0
2014-05-30 00:00:00+09:00,539.0,545.0,539.0,545.0,4400,0.0,0.0
2014-06-02 00:00:00+09:00,545.0,545.0,540.0,545.0,5500,0.0,0.0
2014-06-03 00:00:00+09:00,541.0,543.0,540.0,541.0,6100,0.0,0.0
2014-06-04 00:00:00+09:00,541.0,544.0,541.0,544.0,5300,0.0,0.0
2014-06-05 00:00:00+09:00,544.0,544.0,542.0,543.0,1800,0.0,0.0
2014-06-06 00:00:00+09:00,544.0,545.0,542.0,544.0,3100,0.0,0.0
2014-06-09 00:00:00+09:00,544.0,544.0,541.0,543.0,2400,0.0,0.0
2014-06-10 00:00:00+09:00,543.0,544.0,541.0,544.0,3300,0.0,0.0
2014-06-11 00:00:00+09:00,544.0,544.0,541.0,541.0,5400,0.0,0.0
2014-06-12 00:00:00+09:00,541.0,543.0,541.0,541.0,1600,0.0,0.0
2014-06-13 00:00:00+09:00,543.0,545.0,540.0,544.0,11800,0.0,0.0
2014-06-16 00:00:00+09:00,544.0,548.0,544.0,547.0,12200,0.0,0.0
2014-06-17 00:00:00+09:00,549.0,550.0,547.0,550.0,7800,0.0,0.0
2014-06-18 00:00:00+09:00,553.0,558.0,553.0,558.0,13200,0.0,0.0
2014-06-19 00:00:00+09:00,560.0,562.0,559.0,560.0,8500,0.0,0.0
2014-06-20 00:00:00+09:00,565.0,568.0,562.0,566.0,11000,0.0,0.0
2014-06-23 00:00:00+09:00,568.0,568.0,565.0,567.0,4900,0.0,0.0
2014-06-24 00:00:00+09:00,567.0,569.0,566.0,569.0,5500,0.0,0.0
2014-06-25 00:00:00+09:00,569.0,570.0,567.0,568.0,9200,0.0,0.0
2014-06-26 00:00:00+09:00,568.0,570.0,568.0,570.0,6700,0.0,0.0
2014-06-27 00:00:00+09:00,567.0,568.0,560.0,568.0,18800,0.0,0.0
2014-06-30 00:00:00+09:00,567.0,568.0,564.0,568.0,4000,0.0,0.0
2014-07-01 00:00:00+09:00,569.0,569.0,566.0,568.0,5100,0.0,0.0
2014-07-02 00:00:00+09:00,568.0,570.0,567.0,569.0,3900,0.0,0.0
2014-07-03 00:00:00+09:00,569.0,569.0,561.0,564.0,6700,0.0,0.0
2014-07-04 00:00:00+09:00,564.0,564.0,556.0,562.0,6700,0.0,0.0
2014-07-07 00:00:00+09:00,562.0,563.0,556.0,563.0,9000,0.0,0.0
2014-07-08 00:00:00+09:00,559.0,567.0,559.0,564.0,6000,0.0,0.0
2014-07-09 00:00:00+09:00,565.0,567.0,564.0,565.0,3100,0.0,0.0
2014-07-10 00:00:00+09:00,565.0,567.0,565.0,565.0,3900,0.0,0.0
2014-07-11 00:00:00+09:00,565.0,565.0,559.0,563.0,4800,0.0,0.0
2014-07-14 00:00:00+09:00,558.0,560.0,558.0,560.0,4100,0.0,0.0
2014-07-15 00:00:00+09:00,561.0,566.0,561.0,566.0,2400,0.0,0.0
2014-07-16 00:00:00+09:00,567.0,567.0,562.0,564.0,5400,0.0,0.0
2014-07-17 00:00:00+09:00,566.0,566.0,564.0,565.0,3300,0.0,0.0
2014-07-18 00:00:00+09:00,560.0,566.0,560.0,564.0,3200,0.0,0.0
2014-07-22 00:00:00+09:00,568.0,568.0,566.0,567.0,2900,0.0,0.0
2014-07-23 00:00:00+09:00,566.0,568.0,566.0,568.0,3800,0.0,0.0
2014-07-24 00:00:00+09:00,569.0,569.0,567.0,567.0,4400,0.0,0.0
2014-07-25 00:00:00+09:00,569.0,573.0,569.0,573.0,5600,0.0,0.0
2014-07-28 00:00:00+09:00,573.0,575.0,573.0,575.0,12400,0.0,0.0
2014-07-29 00:00:00+09:00,579.0,579.0,573.0,575.0,16000,0.0,0.0
2014-07-30 00:00:00+09:00,574.0,577.0,573.0,577.0,5400,0.0,0.0
2014-07-31 00:00:00+09:00,578.0,580.0,576.0,576.0,4000,0.0,0.0
2014-08-01 00:00:00+09:00,569.0,577.0,568.0,571.0,3700,0.0,0.0
2014-08-04 00:00:00+09:00,573.0,573.0,569.0,571.0,4200,0.0,0.0
2014-08-05 00:00:00+09:00,571.0,572.0,570.0,570.0,2800,0.0,0.0
2014-08-06 00:00:00+09:00,570.0,571.0,567.0,567.0,3900,0.0,0.0
2014-08-07 00:00:00+09:00,567.0,571.0,567.0,570.0,3000,0.0,0.0
2014-08-08 00:00:00+09:00,566.0,571.0,566.0,568.0,6300,0.0,0.0
2014-08-11 00:00:00+09:00,572.0,572.0,569.0,571.0,3200,0.0,0.0
2014-08-12 00:00:00+09:00,573.0,573.0,571.0,572.0,2900,0.0,0.0
2014-08-13 00:00:00+09:00,572.0,572.0,566.0,566.0,11000,0.0,0.0
2014-08-14 00:00:00+09:00,566.0,567.0,560.0,560.0,7800,0.0,0.0
2014-08-15 00:00:00+09:00,560.0,562.0,558.0,558.0,8700,0.0,0.0
2014-08-18 00:00:00+09:00,558.0,561.0,556.0,557.0,7600,0.0,0.0
2014-08-19 00:00:00+09:00,559.0,559.0,555.0,556.0,9500,0.0,0.0
2014-08-20 00:00:00+09:00,555.0,556.0,555.0,555.0,7500,0.0,0.0
2014-08-21 00:00:00+09:00,555.0,557.0,555.0,556.0,8800,0.0,0.0
2014-08-22 00:00:00+09:00,556.0,559.0,556.0,557.0,7800,0.0,0.0
2014-08-25 00:00:00+09:00,554.0,557.0,554.0,555.0,18500,0.0,0.0
2014-08-26 00:00:00+09:00,554.0,563.0,553.0,563.0,67300,0.0,0.0
2014-08-27 00:00:00+09:00,554.0,554.0,544.0,544.0,51200,0.0,0.0
2014-08-28 00:00:00+09:00,541.0,544.0,538.0,544.0,12100,0.0,0.0
2014-08-29 00:00:00+09:00,554.0,555.0,535.0,535.0,14900,0.0,0.0
2014-09-01 00:00:00+09:00,536.0,536.0,525.0,526.0,11300,0.0,0.0
2014-09-02 00:00:00+09:00,529.0,532.0,522.0,524.0,18400,0.0,0.0
2014-09-03 00:00:00+09:00,524.0,529.0,524.0,527.0,10700,0.0,0.0
2014-09-04 00:00:00+09:00,533.0,541.0,533.0,538.0,13900,0.0,0.0
2014-09-05 00:00:00+09:00,542.0,548.0,542.0,547.0,11800,0.0,0.0
2014-09-08 00:00:00+09:00,547.0,550.0,540.0,542.0,11400,0.0,0.0
2014-09-09 00:00:00+09:00,550.0,550.0,540.0,540.0,7500,0.0,0.0
2014-09-10 00:00:00+09:00,541.0,545.0,541.0,543.0,4000,0.0,0.0
2014-09-11 00:00:00+09:00,544.0,546.0,543.0,543.0,6200,0.0,0.0
2014-09-12 00:00:00+09:00,546.0,546.0,542.0,542.0,12100,0.0,0.0
2014-09-16 00:00:00+09:00,542.0,544.0,542.0,542.0,3500,0.0,0.0
2014-09-17 00:00:00+09:00,548.0,548.0,540.0,542.0,8800,0.0,0.0
2014-09-18 00:00:00+09:00,543.0,546.0,543.0,546.0,9700,0.0,0.0
2014-09-19 00:00:00+09:00,546.0,550.0,545.0,547.0,7300,0.0,0.0
2014-09-22 00:00:00+09:00,552.0,552.0,537.0,543.0,8400,0.0,0.0
2014-09-24 00:00:00+09:00,543.0,546.0,537.0,546.0,7100,0.0,0.0
2014-09-25 00:00:00+09:00,546.0,549.0,542.0,549.0,8100,0.0,0.0
2014-09-26 00:00:00+09:00,545.0,553.0,545.0,552.0,6200,0.0,0.0
2014-09-29 00:00:00+09:00,552.0,553.0,547.0,550.0,14300,0.0,0.0
2014-09-30 00:00:00+09:00,548.0,553.0,543.0,551.0,6900,0.0,0.0
2014-10-01 00:00:00+09:00,551.0,551.0,545.0,551.0,4400,0.0,0.0
2014-10-02 00:00:00+09:00,631.0,636.0,570.0,588.0,604000,0.0,0.0
2014-10-03 00:00:00+09:00,570.0,580.0,561.0,561.0,104600,0.0,0.0
2014-10-06 00:00:00+09:00,567.0,567.0,556.0,558.0,24300,0.0,0.0
2014-10-07 00:00:00+09:00,557.0,569.0,557.0,560.0,28700,0.0,0.0
2014-10-08 00:00:00+09:00,551.0,556.0,550.0,552.0,17600,0.0,0.0
2014-10-09 00:00:00+09:00,552.0,554.0,535.0,536.0,25000,0.0,0.0
2014-10-10 00:00:00+09:00,530.0,535.0,524.0,524.0,21300,0.0,0.0
2014-10-14 00:00:00+09:00,531.0,535.0,525.0,525.0,13200,0.0,0.0
2014-10-15 00:00:00+09:00,526.0,534.0,525.0,525.0,6000,0.0,0.0
2014-10-16 00:00:00+09:00,525.0,530.0,522.0,522.0,8400,0.0,0.0
2014-10-17 00:00:00+09:00,525.0,527.0,516.0,516.0,10200,0.0,0.0
2014-10-20 00:00:00+09:00,518.0,525.0,516.0,518.0,9000,0.0,0.0
2014-10-21 00:00:00+09:00,524.0,525.0,519.0,519.0,4800,0.0,0.0
2014-10-22 00:00:00+09:00,522.0,526.0,522.0,526.0,4800,0.0,0.0
2014-10-23 00:00:00+09:00,526.0,526.0,525.0,525.0,4500,0.0,0.0
2014-10-24 00:00:00+09:00,533.0,533.0,528.0,530.0,5400,0.0,0.0
2014-10-27 00:00:00+09:00,530.0,534.0,526.0,531.0,23700,0.0,0.0
2014-10-28 00:00:00+09:00,530.0,532.0,528.0,530.0,2900,0.0,0.0
2014-10-29 00:00:00+09:00,534.0,536.0,531.0,536.0,6400,0.0,0.0
2014-10-30 00:00:00+09:00,538.0,540.0,521.0,521.0,14700,0.0,0.0
2014-10-31 00:00:00+09:00,528.0,538.0,526.0,538.0,11500,0.0,0.0
2014-11-04 00:00:00+09:00,543.0,545.0,529.0,529.0,14800,0.0,0.0
2014-11-05 00:00:00+09:00,534.0,538.0,530.0,537.0,10800,0.0,0.0
2014-11-06 00:00:00+09:00,539.0,541.0,536.0,539.0,7800,0.0,0.0
2014-11-07 00:00:00+09:00,540.0,541.0,534.0,539.0,7400,0.0,0.0
2014-11-10 00:00:00+09:00,540.0,553.0,540.0,552.0,16200,0.0,0.0
2014-11-11 00:00:00+09:00,552.0,554.0,550.0,553.0,14500,0.0,0.0
2014-11-12 00:00:00+09:00,545.0,549.0,545.0,546.0,8700,0.0,0.0
2014-11-13 00:00:00+09:00,545.0,545.0,540.0,544.0,6400,0.0,0.0
2014-11-14 00:00:00+09:00,549.0,549.0,543.0,549.0,9300,0.0,0.0
2014-11-17 00:00:00+09:00,549.0,549.0,545.0,545.0,4700,0.0,0.0
2014-11-18 00:00:00+09:00,545.0,549.0,529.0,549.0,12300,0.0,0.0
2014-11-19 00:00:00+09:00,549.0,549.0,540.0,546.0,5100,0.0,0.0
2014-11-20 00:00:00+09:00,542.0,546.0,542.0,544.0,5200,0.0,0.0
2014-11-21 00:00:00+09:00,544.0,551.0,542.0,550.0,6700,0.0,0.0
2014-11-25 00:00:00+09:00,550.0,558.0,550.0,558.0,12500,0.0,0.0
2014-11-26 00:00:00+09:00,557.0,563.0,557.0,562.0,15500,0.0,0.0
2014-11-27 00:00:00+09:00,558.0,560.0,551.0,551.0,18800,0.0,0.0
2014-11-28 00:00:00+09:00,557.0,557.0,544.0,547.0,3700,0.0,0.0
2014-12-01 00:00:00+09:00,552.0,558.0,548.0,548.0,4700,0.0,0.0
2014-12-02 00:00:00+09:00,557.0,557.0,553.0,557.0,4100,0.0,0.0
2014-12-03 00:00:00+09:00,560.0,560.0,549.0,557.0,4900,0.0,0.0
2014-12-04 00:00:00+09:00,558.0,558.0,556.0,558.0,2900,0.0,0.0
2014-12-05 00:00:00+09:00,555.0,558.0,550.0,557.0,6300,0.0,0.0
2014-12-08 00:00:00+09:00,557.0,657.0,556.0,583.0,687100,0.0,0.0
2014-12-09 00:00:00+09:00,571.0,579.0,556.0,558.0,113800,0.0,0.0
2014-12-10 00:00:00+09:00,557.0,568.0,552.0,556.0,38600,0.0,0.0
2014-12-11 00:00:00+09:00,553.0,567.0,545.0,550.0,23000,0.0,0.0
2014-12-12 00:00:00+09:00,550.0,554.0,547.0,547.0,20600,0.0,0.0
2014-12-15 00:00:00+09:00,547.0,560.0,547.0,554.0,10800,0.0,0.0
2014-12-16 00:00:00+09:00,554.0,557.0,547.0,548.0,16700,0.0,0.0
2014-12-17 00:00:00+09:00,550.0,554.0,545.0,546.0,9700,0.0,0.0
2014-12-18 00:00:00+09:00,553.0,553.0,547.0,551.0,5600,0.0,0.0
2014-12-19 00:00:00+09:00,556.0,560.0,554.0,560.0,13100,0.0,0.0
2014-12-22 00:00:00+09:00,560.0,560.0,554.0,558.0,8700,0.0,0.0
2014-12-24 00:00:00+09:00,557.0,558.0,553.0,553.0,11700,0.0,0.0
2014-12-25 00:00:00+09:00,551.0,554.0,547.0,551.0,16000,0.0,0.0
2014-12-26 00:00:00+09:00,551.0,558.0,551.0,555.0,12500,0.0,0.0
2014-12-29 00:00:00+09:00,555.0,557.0,553.0,556.0,20600,0.0,0.0
2014-12-30 00:00:00+09:00,556.0,559.0,549.0,555.0,17900,0.0,0.0
2015-01-05 00:00:00+09:00,557.0,557.0,554.0,554.0,9000,0.0,0.0
2015-01-06 00:00:00+09:00,551.0,556.0,551.0,552.0,7300,0.0,0.0
2015-01-07 00:00:00+09:00,551.0,556.0,551.0,553.0,5100,0.0,0.0
2015-01-08 00:00:00+09:00,554.0,556.0,552.0,554.0,5700,0.0,0.0
2015-01-09 00:00:00+09:00,555.0,555.0,551.0,552.0,8200,0.0,0.0
2015-01-13 00:00:00+09:00,551.0,558.0,550.0,555.0,13100,0.0,0.0
2015-01-14 00:00:00+09:00,554.0,560.0,554.0,555.0,7200,0.0,0.0
2015-01-15 00:00:00+09:00,553.0,557.0,553.0,557.0,5000,0.0,0.0
2015-01-16 00:00:00+09:00,552.0,555.0,547.0,555.0,10900,0.0,0.0
2015-01-19 00:00:00+09:00,557.0,557.0,552.0,554.0,3500,0.0,0.0
2015-01-20 00:00:00+09:00,554.0,566.0,553.0,565.0,10900,0.0,0.0
2015-01-21 00:00:00+09:00,565.0,565.0,556.0,558.0,8400,0.0,0.0
2015-01-22 00:00:00+09:00,558.0,558.0,556.0,557.0,4400,0.0,0.0
2015-01-23 00:00:00+09:00,558.0,565.0,557.0,564.0,12900,0.0,0.0
2015-01-26 00:00:00+09:00,561.0,570.0,561.0,569.0,10000,0.0,0.0
2015-01-27 00:00:00+09:00,569.0,569.0,563.0,569.0,15000,0.0,0.0
2015-01-28 00:00:00+09:00,569.0,570.0,567.0,570.0,11300,0.0,0.0
2015-01-29 00:00:00+09:00,570.0,574.0,568.0,569.0,24700,0.0,0.0
2015-01-30 00:00:00+09:00,569.0,572.0,568.0,570.0,6900,0.0,0.0
2015-02-02 00:00:00+09:00,566.0,572.0,565.0,569.0,8600,0.0,0.0
2015-02-03 00:00:00+09:00,565.0,568.0,560.0,560.0,14000,0.0,0.0
2015-02-04 00:00:00+09:00,560.0,565.0,560.0,564.0,6500,0.0,0.0
2015-02-05 00:00:00+09:00,561.0,563.0,558.0,562.0,10200,0.0,0.0
2015-02-06 00:00:00+09:00,560.0,561.0,558.0,560.0,9200,0.0,0.0
2015-02-09 00:00:00+09:00,558.0,561.0,558.0,558.0,8100,0.0,0.0
2015-02-10 00:00:00+09:00,558.0,562.0,558.0,561.0,4200,0.0,0.0
2015-02-12 00:00:00+09:00,562.0,563.0,561.0,561.0,6800,0.0,0.0
2015-02-13 00:00:00+09:00,570.0,570.0,566.0,566.0,29300,0.0,0.0
2015-02-16 00:00:00+09:00,570.0,570.0,567.0,568.0,9300,0.0,0.0
2015-02-17 00:00:00+09:00,570.0,570.0,564.0,567.0,9000,0.0,0.0
2015-02-18 00:00:00+09:00,569.0,570.0,565.0,566.0,9600,0.0,0.0
2015-02-19 00:00:00+09:00,566.0,568.0,565.0,567.0,9600,0.0,0.0
2015-02-20 00:00:00+09:00,567.0,569.0,562.0,562.0,15600,0.0,0.0
2015-02-23 00:00:00+09:00,562.0,562.0,552.0,554.0,29900,0.0,0.0
2015-02-24 00:00:00+09:00,559.0,559.0,555.0,558.0,84600,0.0,0.0
2015-02-25 00:00:00+09:00,536.0,541.0,535.0,536.0,88100,0.0,0.0
2015-02-26 00:00:00+09:00,535.0,535.0,531.0,533.0,23300,0.0,0.0
2015-02-27 00:00:00+09:00,533.0,534.0,533.0,534.0,20200,0.0,0.0
2015-03-02 00:00:00+09:00,535.0,537.0,529.0,532.0,22000,0.0,0.0
2015-03-03 00:00:00+09:00,531.0,531.0,524.0,525.0,23300,0.0,0.0
2015-03-04 00:00:00+09:00,523.0,525.0,521.0,521.0,12000,0.0,0.0
2015-03-05 00:00:00+09:00,518.0,520.0,517.0,517.0,19600,0.0,0.0
2015-03-06 00:00:00+09:00,524.0,545.0,524.0,540.0,38200,0.0,0.0
2015-03-09 00:00:00+09:00,540.0,544.0,539.0,542.0,27500,0.0,0.0
2015-03-10 00:00:00+09:00,542.0,543.0,527.0,538.0,17800,0.0,0.0
2015-03-11 00:00:00+09:00,533.0,537.0,531.0,533.0,7500,0.0,0.0
2015-03-12 00:00:00+09:00,534.0,539.0,534.0,537.0,9500,0.0,0.0
2015-03-13 00:00:00+09:00,539.0,547.0,537.0,544.0,31300,0.0,0.0
2015-03-16 00:00:00+09:00,545.0,548.0,542.0,545.0,10600,0.0,0.0
2015-03-17 00:00:00+09:00,543.0,546.0,542.0,545.0,7600,0.0,0.0
2015-03-18 00:00:00+09:00,547.0,548.0,542.0,546.0,7600,0.0,0.0
2015-03-19 00:00:00+09:00,547.0,549.0,545.0,545.0,8400,0.0,0.0
2015-03-20 00:00:00+09:00,546.0,546.0,541.0,542.0,5800,0.0,0.0
2015-03-23 00:00:00+09:00,541.0,542.0,539.0,539.0,10800,0.0,0.0
2015-03-24 00:00:00+09:00,538.0,540.0,537.0,540.0,7500,0.0,0.0
2015-03-25 00:00:00+09:00,539.0,541.0,522.0,525.0,30200,0.0,0.0
2015-03-26 00:00:00+09:00,526.0,528.0,524.0,526.0,12100,0.0,0.0
2015-03-27 00:00:00+09:00,526.0,534.0,525.0,525.0,25600,0.0,0.0
2015-03-30 00:00:00+09:00,525.0,527.0,525.0,526.0,8200,0.0,0.0
2015-03-31 00:00:00+09:00,525.0,526.0,520.0,521.0,27400,0.0,0.0
2015-04-01 00:00:00+09:00,521.0,523.0,520.0,521.0,8500,0.0,0.0
2015-04-02 00:00:00+09:00,519.0,523.0,519.0,520.0,16700,0.0,0.0
2015-04-03 00:00:00+09:00,521.0,525.0,521.0,523.0,8100,0.0,0.0
2015-04-06 00:00:00+09:00,523.0,526.0,522.0,522.0,6000,0.0,0.0
2015-04-07 00:00:00+09:00,525.0,527.0,525.0,525.0,6600,0.0,0.0
2015-04-08 00:00:00+09:00,529.0,531.0,527.0,528.0,16900,0.0,0.0
2015-04-09 00:00:00+09:00,533.0,550.0,529.0,550.0,33100,0.0,0.0
2015-04-10 00:00:00+09:00,544.0,549.0,530.0,546.0,54900,0.0,0.0
2015-04-13 00:00:00+09:00,542.0,554.0,540.0,550.0,29400,0.0,0.0
2015-04-14 00:00:00+09:00,543.0,554.0,543.0,551.0,14500,0.0,0.0
2015-04-15 00:00:00+09:00,553.0,553.0,551.0,553.0,10300,0.0,0.0
2015-04-16 00:00:00+09:00,550.0,556.0,550.0,555.0,13400,0.0,0.0
2015-04-17 00:00:00+09:00,555.0,556.0,553.0,554.0,10800,0.0,0.0
2015-04-20 00:00:00+09:00,554.0,555.0,554.0,554.0,11000,0.0,0.0
2015-04-21 00:00:00+09:00,555.0,559.0,553.0,558.0,13800,0.0,0.0
2015-04-22 00:00:00+09:00,557.0,559.0,556.0,559.0,8800,0.0,0.0
2015-04-23 00:00:00+09:00,561.0,565.0,560.0,564.0,23200,0.0,0.0
2015-04-24 00:00:00+09:00,564.0,565.0,562.0,565.0,12300,0.0,0.0
2015-04-27 00:00:00+09:00,565.0,565.0,558.0,559.0,18300,0.0,0.0
2015-04-28 00:00:00+09:00,556.0,556.0,553.0,554.0,9600,0.0,0.0
2015-04-30 00:00:00+09:00,554.0,559.0,551.0,552.0,10300,0.0,0.0
2015-05-01 00:00:00+09:00,550.0,552.0,542.0,544.0,8600,0.0,0.0
2015-05-07 00:00:00+09:00,540.0,544.0,533.0,534.0,11700,0.0,0.0
2015-05-08 00:00:00+09:00,540.0,541.0,537.0,538.0,9200,0.0,0.0
2015-05-11 00:00:00+09:00,542.0,542.0,538.0,538.0,3400,0.0,0.0
2015-05-12 00:00:00+09:00,540.0,541.0,538.0,538.0,6200,0.0,0.0
2015-05-13 00:00:00+09:00,542.0,542.0,530.0,535.0,8800,0.0,0.0
2015-05-14 00:00:00+09:00,532.0,535.0,532.0,533.0,6400,0.0,0.0
2015-05-15 00:00:00+09:00,533.0,539.0,533.0,537.0,3900,0.0,0.0
2015-05-18 00:00:00+09:00,537.0,537.0,533.0,535.0,7500,0.0,0.0
2015-05-19 00:00:00+09:00,535.0,540.0,534.0,540.0,5200,0.0,0.0
2015-05-20 00:00:00+09:00,541.0,550.0,539.0,548.0,11000,0.0,0.0
2015-05-21 00:00:00+09:00,549.0,549.0,533.0,544.0,9800,0.0,0.0
2015-05-22 00:00:00+09:00,544.0,545.0,542.0,545.0,4900,0.0,0.0
2015-05-25 00:00:00+09:00,545.0,545.0,543.0,544.0,7600,0.0,0.0
2015-05-26 00:00:00+09:00,544.0,547.0,544.0,546.0,11200,0.0,0.0
2015-05-27 00:00:00+09:00,545.0,545.0,544.0,545.0,13200,0.0,0.0
2015-05-28 00:00:00+09:00,547.0,548.0,546.0,546.0,3800,0.0,0.0
2015-05-29 00:00:00+09:00,548.0,548.0,546.0,548.0,2100,0.0,0.0
2015-06-01 00:00:00+09:00,548.0,549.0,547.0,547.0,5500,0.0,0.0
2015-06-02 00:00:00+09:00,547.0,548.0,545.0,545.0,9500,0.0,0.0
2015-06-03 00:00:00+09:00,545.0,547.0,544.0,547.0,4100,0.0,0.0
2015-06-04 00:00:00+09:00,547.0,547.0,545.0,545.0,4200,0.0,0.0
2015-06-05 00:00:00+09:00,547.0,547.0,545.0,545.0,3700,0.0,0.0
2015-06-08 00:00:00+09:00,545.0,546.0,543.0,544.0,5700,0.0,0.0
2015-06-09 00:00:00+09:00,545.0,550.0,545.0,550.0,40200,0.0,0.0
2015-06-10 00:00:00+09:00,550.0,550.0,549.0,549.0,8700,0.0,0.0
2015-06-11 00:00:00+09:00,550.0,550.0,548.0,550.0,10800,0.0,0.0
2015-06-12 00:00:00+09:00,550.0,550.0,549.0,550.0,20000,0.0,0.0
2015-06-15 00:00:00+09:00,550.0,550.0,549.0,549.0,4000,0.0,0.0
2015-06-16 00:00:00+09:00,550.0,550.0,549.0,549.0,6300,0.0,0.0
2015-06-17 00:00:00+09:00,550.0,550.0,549.0,549.0,4400,0.0,0.0
2015-06-18 00:00:00+09:00,549.0,550.0,549.0,549.0,9800,0.0,0.0
2015-06-19 00:00:00+09:00,549.0,550.0,548.0,549.0,6100,0.0,0.0
2015-06-22 00:00:00+09:00,549.0,550.0,548.0,550.0,5100,0.0,0.0
2015-06-23 00:00:00+09:00,550.0,550.0,548.0,550.0,4700,0.0,0.0
2015-06-24 00:00:00+09:00,549.0,550.0,548.0,550.0,9400,0.0,0.0
2015-06-25 00:00:00+09:00,550.0,550.0,549.0,549.0,4900,0.0,0.0
2015-06-26 00:00:00+09:00,548.0,550.0,548.0,549.0,7800,0.0,0.0
2015-06-29 00:00:00+09:00,548.0,550.0,548.0,550.0,18300,0.0,0.0
2015-06-30 00:00:00+09:00,550.0,550.0,548.0,550.0,6500,0.0,0.0
2015-07-01 00:00:00+09:00,550.0,550.0,549.0,549.0,17900,0.0,0.0
2015-07-02 00:00:00+09:00,550.0,550.0,549.0,550.0,15800,0.0,0.0
2015-07-03 00:00:00+09:00,550.0,550.0,549.0,549.0,6400,0.0,0.0
2015-07-06 00:00:00+09:00,549.0,550.0,548.0,548.0,8600,0.0,0.0
2015-07-07 00:00:00+09:00,549.0,550.0,548.0,550.0,7600,0.0,0.0
2015-07-08 00:00:00+09:00,550.0,550.0,519.0,525.0,46200,0.0,0.0
2015-07-09 00:00:00+09:00,526.0,548.0,520.0,546.0,34000,0.0,0.0
2015-07-10 00:00:00+09:00,545.0,546.0,535.0,546.0,15900,0.0,0.0
2015-07-13 00:00:00+09:00,545.0,546.0,540.0,546.0,4600,0.0,0.0
2015-07-14 00:00:00+09:00,540.0,545.0,539.0,545.0,22100,0.0,0.0
2015-07-15 00:00:00+09:00,545.0,546.0,542.0,546.0,8400,0.0,0.0
2015-07-16 00:00:00+09:00,545.0,545.0,542.0,545.0,7800,0.0,0.0
2015-07-17 00:00:00+09:00,545.0,546.0,544.0,545.0,3300,0.0,0.0
2015-07-21 00:00:00+09:00,545.0,545.0,543.0,545.0,4600,0.0,0.0
2015-07-22 00:00:00+09:00,545.0,545.0,544.0,544.0,3200,0.0,0.0
2015-07-23 00:00:00+09:00,545.0,547.0,544.0,547.0,4400,0.0,0.0
2015-07-24 00:00:00+09:00,548.0,548.0,546.0,547.0,4100,0.0,0.0
2015-07-27 00:00:00+09:00,547.0,548.0,547.0,547.0,13400,0.0,0.0
2015-07-28 00:00:00+09:00,548.0,548.0,545.0,548.0,9400,0.0,0.0
2015-07-29 00:00:00+09:00,548.0,549.0,545.0,548.0,4400,0.0,0.0
2015-07-30 00:00:00+09:00,549.0,549.0,546.0,546.0,6500,0.0,0.0
2015-07-31 00:00:00+09:00,546.0,548.0,546.0,548.0,3400,0.0,0.0
2015-08-03 00:00:00+09:00,547.0,548.0,546.0,548.0,4400,0.0,0.0
2015-08-04 00:00:00+09:00,548.0,548.0,547.0,548.0,9600,0.0,0.0
2015-08-05 00:00:00+09:00,548.0,550.0,548.0,550.0,16000,0.0,0.0
2015-08-06 00:00:00+09:00,550.0,550.0,548.0,549.0,5800,0.0,0.0
2015-08-07 00:00:00+09:00,549.0,549.0,547.0,547.0,8300,0.0,0.0
2015-08-10 00:00:00+09:00,548.0,549.0,548.0,548.0,6100,0.0,0.0
2015-08-11 00:00:00+09:00,548.0,550.0,548.0,548.0,7200,0.0,0.0
2015-08-12 00:00:00+09:00,548.0,549.0,547.0,547.0,8500,0.0,0.0
2015-08-13 00:00:00+09:00,547.0,549.0,546.0,546.0,9800,0.0,0.0
2015-08-14 00:00:00+09:00,546.0,548.0,545.0,548.0,23200,0.0,0.0
2015-08-17 00:00:00+09:00,549.0,549.0,546.0,547.0,11200,0.0,0.0
2015-08-18 00:00:00+09:00,546.0,548.0,546.0,548.0,5100,0.0,0.0
2015-08-19 00:00:00+09:00,546.0,547.0,544.0,544.0,17200,0.0,0.0
2015-08-20 00:00:00+09:00,543.0,546.0,542.0,543.0,16500,0.0,0.0
2015-08-21 00:00:00+09:00,541.0,544.0,533.0,536.0,22500,0.0,0.0
2015-08-24 00:00:00+09:00,530.0,531.0,518.0,519.0,30800,0.0,0.0
2015-08-25 00:00:00+09:00,504.0,530.0,502.0,521.0,33700,0.0,0.0
2015-08-26 00:00:00+09:00,521.0,528.0,518.0,519.0,151700,0.0,0.0
2015-08-27 00:00:00+09:00,521.0,524.0,517.0,517.0,65700,0.0,0.0
2015-08-28 00:00:00+09:00,527.0,529.0,522.0,529.0,23500,0.0,0.0
2015-08-31 00:00:00+09:00,520.0,530.0,520.0,526.0,16100,0.0,0.0
2015-09-01 00:00:00+09:00,529.0,530.0,521.0,523.0,16400,0.0,0.0
2015-09-02 00:00:00+09:00,516.0,522.0,515.0,516.0,12500,0.0,0.0
2015-09-03 00:00:00+09:00,520.0,521.0,517.0,519.0,5200,0.0,0.0
2015-09-04 00:00:00+09:00,522.0,522.0,502.0,514.0,10700,0.0,0.0
2015-09-07 00:00:00+09:00,505.0,517.0,503.0,508.0,8100,0.0,0.0
2015-09-08 00:00:00+09:00,514.0,514.0,504.0,505.0,5500,0.0,0.0
2015-09-09 00:00:00+09:00,507.0,512.0,507.0,512.0,5100,0.0,0.0
2015-09-10 00:00:00+09:00,512.0,514.0,512.0,514.0,3100,0.0,0.0
2015-09-11 00:00:00+09:00,524.0,524.0,516.0,516.0,10200,0.0,0.0
2015-09-14 00:00:00+09:00,516.0,518.0,516.0,517.0,3000,0.0,0.0
2015-09-15 00:00:00+09:00,529.0,529.0,520.0,520.0,7900,0.0,0.0
2015-09-16 00:00:00+09:00,526.0,526.0,519.0,522.0,7800,0.0,0.0
2015-09-17 00:00:00+09:00,523.0,526.0,523.0,525.0,3800,0.0,0.0
2015-09-18 00:00:00+09:00,525.0,548.0,506.0,514.0,77300,0.0,0.0
2015-09-24 00:00:00+09:00,512.0,513.0,508.0,510.0,11300,0.0,0.0
2015-09-25 00:00:00+09:00,509.0,517.0,509.0,517.0,11800,0.0,0.0
2015-09-28 00:00:00+09:00,517.0,517.0,515.0,517.0,11300,0.0,0.0
2015-09-29 00:00:00+09:00,514.0,514.0,507.0,507.0,13500,0.0,0.0
2015-09-30 00:00:00+09:00,509.0,513.0,507.0,511.0,4500,0.0,0.0
2015-10-01 00:00:00+09:00,517.0,546.0,511.0,540.0,94800,0.0,0.0
2015-10-02 00:00:00+09:00,536.0,541.0,522.0,541.0,21500,0.0,0.0
2015-10-05 00:00:00+09:00,541.0,542.0,529.0,535.0,11700,0.0,0.0
2015-10-06 00:00:00+09:00,536.0,540.0,533.0,537.0,6900,0.0,0.0
2015-10-07 00:00:00+09:00,537.0,540.0,533.0,540.0,2800,0.0,0.0
2015-10-08 00:00:00+09:00,540.0,542.0,533.0,540.0,11400,0.0,0.0
2015-10-09 00:00:00+09:00,538.0,542.0,535.0,536.0,13600,0.0,0.0
2015-10-13 00:00:00+09:00,536.0,538.0,530.0,532.0,7800,0.0,0.0
2015-10-14 00:00:00+09:00,529.0,529.0,526.0,527.0,6300,0.0,0.0
2015-10-15 00:00:00+09:00,527.0,531.0,526.0,529.0,4400,0.0,0.0
2015-10-16 00:00:00+09:00,530.0,540.0,509.0,531.0,27500,0.0,0.0
2015-10-19 00:00:00+09:00,528.0,528.0,522.0,523.0,2600,0.0,0.0
2015-10-20 00:00:00+09:00,523.0,523.0,521.0,522.0,3000,0.0,0.0
2015-10-21 00:00:00+09:00,520.0,528.0,520.0,528.0,4800,0.0,0.0
2015-10-22 00:00:00+09:00,529.0,529.0,522.0,522.0,4200,0.0,0.0
2015-10-23 00:00:00+09:00,531.0,531.0,527.0,528.0,4400,0.0,0.0
2015-10-26 00:00:00+09:00,528.0,533.0,528.0,533.0,8000,0.0,0.0
2015-10-27 00:00:00+09:00,533.0,536.0,533.0,535.0,9400,0.0,0.0
2015-10-28 00:00:00+09:00,539.0,539.0,534.0,537.0,8700,0.0,0.0
2015-10-29 00:00:00+09:00,537.0,537.0,532.0,532.0,4600,0.0,0.0
2015-10-30 00:00:00+09:00,535.0,536.0,533.0,533.0,3400,0.0,0.0
2015-11-02 00:00:00+09:00,533.0,533.0,526.0,526.0,4500,0.0,0.0
2015-11-04 00:00:00+09:00,529.0,529.0,524.0,525.0,6000,0.0,0.0
2015-11-05 00:00:00+09:00,526.0,527.0,523.0,523.0,7200,0.0,0.0
2015-11-06 00:00:00+09:00,523.0,526.0,523.0,525.0,3800,0.0,0.0
2015-11-09 00:00:00+09:00,526.0,530.0,526.0,530.0,5000,0.0,0.0
2015-11-10 00:00:00+09:00,530.0,535.0,530.0,533.0,6200,0.0,0.0
2015-11-11 00:00:00+09:00,535.0,536.0,534.0,535.0,4700,0.0,0.0
2015-11-12 00:00:00+09:00,536.0,537.0,532.0,537.0,3600,0.0,0.0
2015-11-13 00:00:00+09:00,537.0,537.0,532.0,537.0,4300,0.0,0.0
2015-11-16 00:00:00+09:00,525.0,531.0,525.0,530.0,7400,0.0,0.0
2015-11-17 00:00:00+09:00,530.0,533.0,530.0,533.0,3600,0.0,0.0
2015-11-18 00:00:00+09:00,537.0,537.0,533.0,533.0,3400,0.0,0.0
2015-11-19 00:00:00+09:00,533.0,537.0,533.0,537.0,5000,0.0,0.0
2015-11-20 00:00:00+09:00,537.0,538.0,536.0,537.0,3100,0.0,0.0
2015-11-24 00:00:00+09:00,537.0,540.0,537.0,540.0,9600,0.0,0.0
2015-11-25 00:00:00+09:00,540.0,543.0,535.0,542.0,12700,0.0,0.0
2015-11-26 00:00:00+09:00,541.0,544.0,537.0,543.0,19000,0.0,0.0
2015-11-27 00:00:00+09:00,542.0,542.0,538.0,541.0,16500,0.0,0.0
2015-11-30 00:00:00+09:00,536.0,543.0,536.0,543.0,4900,0.0,0.0
2015-12-01 00:00:00+09:00,543.0,545.0,539.0,545.0,3400,0.0,0.0
2015-12-02 00:00:00+09:00,545.0,545.0,539.0,541.0,4000,0.0,0.0
2015-12-03 00:00:00+09:00,539.0,545.0,539.0,543.0,5600,0.0,0.0
2015-12-04 00:00:00+09:00,535.0,540.0,525.0,531.0,13300,0.0,0.0
2015-12-07 00:00:00+09:00,535.0,537.0,532.0,532.0,4100,0.0,0.0
2015-12-08 00:00:00+09:00,531.0,533.0,528.0,529.0,7900,0.0,0.0
2015-12-09 00:00:00+09:00,525.0,531.0,525.0,527.0,5800,0.0,0.0
2015-12-10 00:00:00+09:00,527.0,529.0,524.0,524.0,8600,0.0,0.0
2015-12-11 00:00:00+09:00,520.0,527.0,520.0,527.0,12400,0.0,0.0
2015-12-14 00:00:00+09:00,525.0,530.0,520.0,528.0,18100,0.0,0.0
2015-12-15 00:00:00+09:00,531.0,531.0,529.0,531.0,15300,0.0,0.0
2015-12-16 00:00:00+09:00,533.0,537.0,530.0,531.0,14600,0.0,0.0
2015-12-17 00:00:00+09:00,532.0,533.0,521.0,531.0,11600,0.0,0.0
2015-12-18 00:00:00+09:00,530.0,530.0,526.0,528.0,6300,0.0,0.0
2015-12-21 00:00:00+09:00,528.0,529.0,527.0,527.0,6300,0.0,0.0
2015-12-22 00:00:00+09:00,527.0,529.0,522.0,522.0,5600,0.0,0.0
2015-12-24 00:00:00+09:00,523.0,529.0,522.0,523.0,10500,0.0,0.0
2015-12-25 00:00:00+09:00,523.0,523.0,523.0,523.0,0,0.0,0.0
2015-12-28 00:00:00+09:00,524.0,529.0,524.0,529.0,14200,0.0,0.0
2015-12-29 00:00:00+09:00,533.0,534.0,532.0,534.0,10400,0.0,0.0
2015-12-30 00:00:00+09:00,535.0,535.0,527.0,529.0,8400,0.0,0.0
2016-01-04 00:00:00+09:00,528.0,533.0,527.0,529.0,5500,0.0,0.0
2016-01-05 00:00:00+09:00,529.0,534.0,529.0,531.0,3900,0.0,0.0
2016-01-06 00:00:00+09:00,536.0,536.0,532.0,533.0,5000,0.0,0.0
2016-01-07 00:00:00+09:00,532.0,533.0,530.0,530.0,8700,0.0,0.0
2016-01-08 00:00:00+09:00,530.0,545.0,523.0,525.0,18400,0.0,0.0
2016-01-12 00:00:00+09:00,525.0,525.0,520.0,520.0,8900,0.0,0.0
2016-01-13 00:00:00+09:00,521.0,524.0,520.0,520.0,6200,0.0,0.0
2016-01-14 00:00:00+09:00,518.0,520.0,507.0,511.0,15300,0.0,0.0
2016-01-15 00:00:00+09:00,521.0,521.0,508.0,509.0,9200,0.0,0.0
2016-01-18 00:00:00+09:00,506.0,511.0,506.0,508.0,7900,0.0,0.0
2016-01-19 00:00:00+09:00,506.0,510.0,505.0,508.0,5000,0.0,0.0
2016-01-20 00:00:00+09:00,512.0,512.0,503.0,505.0,8300,0.0,0.0
2016-01-21 00:00:00+09:00,500.0,505.0,490.0,490.0,13700,0.0,0.0
2016-01-22 00:00:00+09:00,496.0,503.0,496.0,503.0,9900,0.0,0.0
2016-01-25 00:00:00+09:00,505.0,510.0,503.0,510.0,10100,0.0,0.0
2016-01-26 00:00:00+09:00,510.0,517.0,507.0,517.0,9000,0.0,0.0
2016-01-27 00:00:00+09:00,517.0,518.0,512.0,514.0,19200,0.0,0.0
2016-01-28 00:00:00+09:00,514.0,517.0,513.0,513.0,7100,0.0,0.0
2016-01-29 00:00:00+09:00,517.0,517.0,510.0,517.0,5800,0.0,0.0
2016-02-01 00:00:00+09:00,518.0,522.0,517.0,522.0,9700,0.0,0.0
2016-02-02 00:00:00+09:00,522.0,524.0,520.0,523.0,5500,0.0,0.0
2016-02-03 00:00:00+09:00,521.0,524.0,514.0,524.0,7600,0.0,0.0
2016-02-04 00:00:00+09:00,523.0,523.0,516.0,518.0,5500,0.0,0.0
2016-02-05 00:00:00+09:00,515.0,519.0,515.0,517.0,5700,0.0,0.0
2016-02-08 00:00:00+09:00,517.0,521.0,514.0,520.0,7300,0.0,0.0
2016-02-09 00:00:00+09:00,516.0,516.0,500.0,506.0,11800,0.0,0.0
2016-02-10 00:00:00+09:00,508.0,510.0,500.0,501.0,9700,0.0,0.0
2016-02-12 00:00:00+09:00,488.0,498.0,485.0,486.0,15200,0.0,0.0
2016-02-15 00:00:00+09:00,502.0,502.0,490.0,491.0,8400,0.0,0.0
2016-02-16 00:00:00+09:00,490.0,498.0,490.0,492.0,8200,0.0,0.0
2016-02-17 00:00:00+09:00,493.0,496.0,488.0,490.0,9000,0.0,0.0
2016-02-18 00:00:00+09:00,498.0,520.0,496.0,498.0,15100,0.0,0.0
2016-02-19 00:00:00+09:00,498.0,503.0,496.0,499.0,10600,0.0,0.0
2016-02-22 00:00:00+09:00,500.0,504.0,499.0,503.0,10600,0.0,0.0
2016-02-23 00:00:00+09:00,503.0,503.0,499.0,503.0,16600,0.0,0.0
2016-02-24 00:00:00+09:00,508.0,513.0,505.0,513.0,26400,0.0,0.0
2016-02-25 00:00:00+09:00,500.0,500.0,494.0,497.0,26200,0.0,0.0
2016-02-26 00:00:00+09:00,496.0,500.0,486.0,489.0,17600,0.0,0.0
2016-02-29 00:00:00+09:00,489.0,492.0,477.0,477.0,30400,0.0,0.0
2016-03-01 00:00:00+09:00,478.0,480.0,473.0,474.0,15700,0.0,0.0
2016-03-02 00:00:00+09:00,476.0,478.0,473.0,476.0,10700,0.0,0.0
2016-03-03 00:00:00+09:00,475.0,478.0,475.0,478.0,12500,0.0,0.0
2016-03-04 00:00:00+09:00,478.0,478.0,474.0,474.0,9500,0.0,0.0
2016-03-07 00:00:00+09:00,474.0,475.0,469.0,471.0,19800,0.0,0.0
2016-03-08 00:00:00+09:00,473.0,474.0,470.0,471.0,11700,0.0,0.0
2016-03-09 00:00:00+09:00,471.0,473.0,467.0,468.0,13900,0.0,0.0
2016-03-10 00:00:00+09:00,469.0,471.0,468.0,469.0,9200,0.0,0.0
2016-03-11 00:00:00+09:00,469.0,470.0,468.0,469.0,12000,0.0,0.0
2016-03-14 00:00:00+09:00,475.0,475.0,469.0,469.0,12900,0.0,0.0
2016-03-15 00:00:00+09:00,470.0,476.0,470.0,471.0,16100,0.0,0.0
2016-03-16 00:00:00+09:00,476.0,477.0,470.0,470.0,12700,0.0,0.0
2016-03-17 00:00:00+09:00,472.0,477.0,472.0,473.0,5400,0.0,0.0
2016-03-18 00:00:00+09:00,472.0,479.0,472.0,472.0,7800,0.0,0.0
2016-03-22 00:00:00+09:00,472.0,477.0,472.0,475.0,10900,0.0,0.0
2016-03-23 00:00:00+09:00,475.0,480.0,475.0,476.0,13000,0.0,0.0
2016-03-24 00:00:00+09:00,477.0,478.0,475.0,475.0,6700,0.0,0.0
2016-03-25 00:00:00+09:00,479.0,479.0,476.0,477.0,9600,0.0,0.0
2016-03-28 00:00:00+09:00,477.0,480.0,477.0,480.0,18200,0.0,0.0
2016-03-29 00:00:00+09:00,482.0,482.0,480.0,481.0,10200,0.0,0.0
2016-03-30 00:00:00+09:00,481.0,482.0,480.0,480.0,9100,0.0,0.0
2016-03-31 00:00:00+09:00,481.0,482.0,471.0,471.0,19400,0.0,0.0
2016-04-01 00:00:00+09:00,471.0,479.0,469.0,469.0,15200,0.0,0.0
2016-04-04 00:00:00+09:00,470.0,480.0,470.0,479.0,7700,0.0,0.0
2016-04-05 00:00:00+09:00,478.0,480.0,469.0,471.0,18300,0.0,0.0
2016-04-06 00:00:00+09:00,472.0,477.0,469.0,474.0,7200,0.0,0.0
2016-04-07 00:00:00+09:00,474.0,475.0,470.0,474.0,4000,0.0,0.0
2016-04-08 00:00:00+09:00,474.0,483.0,463.0,478.0,21100,0.0,0.0
2016-04-11 00:00:00+09:00,481.0,481.0,475.0,476.0,13200,0.0,0.0
2016-04-12 00:00:00+09:00,481.0,481.0,475.0,476.0,6300,0.0,0.0
2016-04-13 00:00:00+09:00,477.0,478.0,469.0,469.0,10700,0.0,0.0
2016-04-14 00:00:00+09:00,471.0,478.0,466.0,468.0,20200,0.0,0.0
2016-04-15 00:00:00+09:00,463.0,468.0,462.0,464.0,22200,0.0,0.0
2016-04-18 00:00:00+09:00,463.0,465.0,462.0,462.0,9200,0.0,0.0
2016-04-19 00:00:00+09:00,466.0,467.0,463.0,463.0,11100,0.0,0.0
2016-04-20 00:00:00+09:00,465.0,466.0,463.0,463.0,6900,0.0,0.0
2016-04-21 00:00:00+09:00,469.0,472.0,463.0,466.0,9100,0.0,0.0
2016-04-22 00:00:00+09:00,466.0,470.0,466.0,467.0,5100,0.0,0.0
2016-04-25 00:00:00+09:00,468.0,470.0,467.0,467.0,7700,0.0,0.0
2016-04-26 00:00:00+09:00,468.0,472.0,468.0,471.0,6700,0.0,0.0
2016-04-27 00:00:00+09:00,471.0,474.0,470.0,471.0,25500,0.0,0.0
2016-04-28 00:00:00+09:00,471.0,474.0,467.0,467.0,7800,0.0,0.0
2016-05-02 00:00:00+09:00,465.0,473.0,464.0,468.0,8100,0.0,0.0
2016-05-06 00:00:00+09:00,469.0,471.0,461.0,462.0,7100,0.0,0.0
2016-05-09 00:00:00+09:00,463.0,465.0,463.0,464.0,3200,0.0,0.0
2016-05-10 00:00:00+09:00,466.0,469.0,460.0,462.0,17000,0.0,0.0
2016-05-11 00:00:00+09:00,465.0,465.0,460.0,460.0,14600,0.0,0.0
2016-05-12 00:00:00+09:00,458.0,463.0,458.0,463.0,6900,0.0,0.0
2016-05-13 00:00:00+09:00,464.0,464.0,460.0,460.0,6000,0.0,0.0
2016-05-16 00:00:00+09:00,464.0,465.0,461.0,461.0,4600,0.0,0.0
2016-05-17 00:00:00+09:00,465.0,467.0,464.0,467.0,4500,0.0,0.0
2016-05-18 00:00:00+09:00,465.0,470.0,465.0,470.0,7300,0.0,0.0
2016-05-19 00:00:00+09:00,470.0,470.0,468.0,468.0,3000,0.0,0.0
2016-05-20 00:00:00+09:00,470.0,473.0,470.0,472.0,4900,0.0,0.0
2016-05-23 00:00:00+09:00,472.0,474.0,468.0,473.0,6200,0.0,0.0
2016-05-24 00:00:00+09:00,472.0,474.0,472.0,474.0,3900,0.0,0.0
2016-05-25 00:00:00+09:00,475.0,486.0,475.0,485.0,17200,0.0,0.0
2016-05-26 00:00:00+09:00,485.0,494.0,481.0,491.0,15800,0.0,0.0
2016-05-27 00:00:00+09:00,491.0,491.0,480.0,483.0,20600,0.0,0.0
2016-05-30 00:00:00+09:00,485.0,486.0,484.0,485.0,4200,0.0,0.0
2016-05-31 00:00:00+09:00,486.0,490.0,486.0,487.0,9200,0.0,0.0
2016-06-01 00:00:00+09:00,488.0,490.0,488.0,490.0,2500,0.0,0.0
2016-06-02 00:00:00+09:00,485.0,492.0,485.0,489.0,5200,0.0,0.0
2016-06-03 00:00:00+09:00,489.0,497.0,489.0,497.0,12300,0.0,0.0
2016-06-06 00:00:00+09:00,493.0,495.0,490.0,493.0,8600,0.0,0.0
2016-06-07 00:00:00+09:00,490.0,492.0,489.0,491.0,5600,0.0,0.0
2016-06-08 00:00:00+09:00,490.0,497.0,489.0,494.0,8400,0.0,0.0
2016-06-09 00:00:00+09:00,490.0,495.0,490.0,493.0,3400,0.0,0.0
2016-06-10 00:00:00+09:00,498.0,498.0,493.0,497.0,12400,0.0,0.0
2016-06-13 00:00:00+09:00,497.0,498.0,493.0,494.0,8500,0.0,0.0
2016-06-14 00:00:00+09:00,495.0,495.0,487.0,491.0,10900,0.0,0.0
2016-06-15 00:00:00+09:00,491.0,494.0,489.0,491.0,3500,0.0,0.0
2016-06-16 00:00:00+09:00,494.0,494.0,489.0,489.0,13200,0.0,0.0
2016-06-17 00:00:00+09:00,487.0,489.0,486.0,489.0,2500,0.0,0.0
2016-06-20 00:00:00+09:00,487.0,493.0,487.0,493.0,2500,0.0,0.0
2016-06-21 00:00:00+09:00,496.0,498.0,494.0,498.0,7900,0.0,0.0
2016-06-22 00:00:00+09:00,491.0,494.0,490.0,493.0,2800,0.0,0.0
2016-06-23 00:00:00+09:00,496.0,497.0,493.0,494.0,3700,0.0,0.0
2016-06-24 00:00:00+09:00,494.0,495.0,473.0,483.0,17500,0.0,0.0
2016-06-27 00:00:00+09:00,483.0,493.0,483.0,493.0,13900,0.0,0.0
2016-06-28 00:00:00+09:00,492.0,494.0,489.0,493.0,12700,0.0,0.0
2016-06-29 00:00:00+09:00,494.0,494.0,492.0,493.0,3000,0.0,0.0
2016-06-30 00:00:00+09:00,494.0,495.0,492.0,492.0,3400,0.0,0.0
2016-07-01 00:00:00+09:00,492.0,493.0,491.0,491.0,6500,0.0,0.0
2016-07-04 00:00:00+09:00,490.0,492.0,489.0,490.0,6100,0.0,0.0
2016-07-05 00:00:00+09:00,488.0,494.0,486.0,494.0,5500,0.0,0.0
2016-07-06 00:00:00+09:00,492.0,494.0,490.0,493.0,5100,0.0,0.0
2016-07-07 00:00:00+09:00,493.0,493.0,489.0,491.0,3800,0.0,0.0
2016-07-08 00:00:00+09:00,492.0,492.0,480.0,480.0,8400,0.0,0.0
2016-07-11 00:00:00+09:00,480.0,480.0,480.0,480.0,0,0.0,0.0
2016-07-12 00:00:00+09:00,488.0,496.0,488.0,496.0,5900,0.0,0.0
2016-07-13 00:00:00+09:00,496.0,498.0,490.0,495.0,11100,0.0,0.0
2016-07-14 00:00:00+09:00,491.0,494.0,491.0,494.0,2700,0.0,0.0
2016-07-15 00:00:00+09:00,494.0,495.0,492.0,494.0,4200,0.0,0.0
2016-07-19 00:00:00+09:00,494.0,499.0,494.0,497.0,5600,0.0,0.0
2016-07-20 00:00:00+09:00,494.0,499.0,494.0,499.0,3900,0.0,0.0
2016-07-21 00:00:00+09:00,498.0,499.0,496.0,499.0,3200,0.0,0.0
2016-07-22 00:00:00+09:00,497.0,528.0,491.0,498.0,36000,0.0,0.0
2016-07-25 00:00:00+09:00,497.0,499.0,491.0,494.0,8300,0.0,0.0
2016-07-26 00:00:00+09:00,494.0,504.0,494.0,501.0,7900,0.0,0.0
2016-07-27 00:00:00+09:00,501.0,510.0,501.0,510.0,16100,0.0,0.0
2016-07-28 00:00:00+09:00,511.0,511.0,505.0,509.0,11100,0.0,0.0
2016-07-29 00:00:00+09:00,508.0,517.0,504.0,515.0,13800,0.0,0.0
2016-08-01 00:00:00+09:00,515.0,515.0,506.0,508.0,4500,0.0,0.0
2016-08-02 00:00:00+09:00,507.0,508.0,504.0,504.0,9900,0.0,0.0
2016-08-03 00:00:00+09:00,502.0,504.0,500.0,501.0,9600,0.0,0.0
2016-08-04 00:00:00+09:00,501.0,503.0,500.0,502.0,4700,0.0,0.0
2016-08-05 00:00:00+09:00,502.0,503.0,500.0,500.0,2900,0.0,0.0
2016-08-08 00:00:00+09:00,501.0,507.0,501.0,507.0,3700,0.0,0.0
2016-08-09 00:00:00+09:00,505.0,509.0,504.0,508.0,4500,0.0,0.0
2016-08-10 00:00:00+09:00,508.0,509.0,505.0,505.0,6400,0.0,0.0
2016-08-12 00:00:00+09:00,504.0,505.0,502.0,504.0,5900,0.0,0.0
2016-08-15 00:00:00+09:00,500.0,501.0,496.0,500.0,7600,0.0,0.0
2016-08-16 00:00:00+09:00,496.0,499.0,491.0,492.0,9800,0.0,0.0
2016-08-17 00:00:00+09:00,486.0,488.0,484.0,484.0,12500,0.0,0.0
2016-08-18 00:00:00+09:00,481.0,484.0,479.0,479.0,11300,0.0,0.0
2016-08-19 00:00:00+09:00,478.0,484.0,478.0,484.0,7500,0.0,0.0
2016-08-22 00:00:00+09:00,483.0,491.0,483.0,487.0,24200,0.0,0.0
2016-08-23 00:00:00+09:00,483.0,487.0,483.0,483.0,14600,0.0,0.0
2016-08-24 00:00:00+09:00,483.0,485.0,482.0,483.0,15200,0.0,0.0
2016-08-25 00:00:00+09:00,483.0,487.0,482.0,487.0,16200,0.0,0.0
2016-08-26 00:00:00+09:00,487.0,490.0,486.0,490.0,37200,0.0,0.0
2016-08-29 00:00:00+09:00,485.0,485.0,476.0,479.0,57500,0.0,0.0
2016-08-30 00:00:00+09:00,478.0,480.0,475.0,479.0,11700,0.0,0.0
2016-08-31 00:00:00+09:00,477.0,478.0,474.0,475.0,14500,0.0,0.0
2016-09-01 00:00:00+09:00,479.0,481.0,475.0,476.0,5700,0.0,0.0
2016-09-02 00:00:00+09:00,479.0,480.0,475.0,479.0,5600,0.0,0.0
2016-09-05 00:00:00+09:00,480.0,480.0,479.0,480.0,2300,0.0,0.0
2016-09-06 00:00:00+09:00,499.0,546.0,497.0,532.0,436000,0.0,0.0
2016-09-07 00:00:00+09:00,540.0,549.0,533.0,547.0,308200,0.0,0.0
2016-09-08 00:00:00+09:00,547.0,560.0,544.0,558.0,260900,0.0,0.0
2016-09-09 00:00:00+09:00,563.0,564.0,540.0,552.0,251800,0.0,0.0
2016-09-12 00:00:00+09:00,530.0,531.0,510.0,514.0,273200,0.0,0.0
2016-09-13 00:00:00+09:00,504.0,522.0,503.0,511.0,121800,0.0,0.0
2016-09-14 00:00:00+09:00,515.0,515.0,510.0,510.0,39900,0.0,0.0
2016-09-15 00:00:00+09:00,522.0,535.0,509.0,514.0,127600,0.0,0.0
2016-09-16 00:00:00+09:00,512.0,517.0,510.0,515.0,37400,0.0,0.0
2016-09-20 00:00:00+09:00,513.0,513.0,507.0,510.0,25700,0.0,0.0
2016-09-21 00:00:00+09:00,510.0,512.0,508.0,512.0,20500,0.0,0.0
2016-09-23 00:00:00+09:00,508.0,511.0,506.0,510.0,20000,0.0,0.0
2016-09-26 00:00:00+09:00,508.0,508.0,499.0,500.0,36800,0.0,0.0
2016-09-27 00:00:00+09:00,500.0,502.0,491.0,497.0,37400,0.0,0.0
2016-09-28 00:00:00+09:00,501.0,504.0,501.0,502.0,9000,0.0,0.0
2016-09-29 00:00:00+09:00,511.0,511.0,503.0,507.0,10600,0.0,0.0
2016-09-30 00:00:00+09:00,503.0,507.0,501.0,502.0,6400,0.0,0.0
2016-10-03 00:00:00+09:00,501.0,505.0,501.0,501.0,4100,0.0,0.0
2016-10-04 00:00:00+09:00,505.0,505.0,500.0,504.0,6400,0.0,0.0
2016-10-05 00:00:00+09:00,507.0,507.0,502.0,502.0,6600,0.0,0.0
2016-10-06 00:00:00+09:00,510.0,510.0,502.0,502.0,14600,0.0,0.0
2016-10-07 00:00:00+09:00,502.0,505.0,470.0,487.0,44500,0.0,0.0
2016-10-11 00:00:00+09:00,482.0,493.0,482.0,488.0,9800,0.0,0.0
2016-10-12 00:00:00+09:00,491.0,506.0,491.0,497.0,16500,0.0,0.0
2016-10-13 00:00:00+09:00,514.0,514.0,499.0,502.0,12800,0.0,0.0
2016-10-14 00:00:00+09:00,502.0,502.0,496.0,499.0,5500,0.0,0.0
2016-10-17 00:00:00+09:00,499.0,499.0,495.0,498.0,5900,0.0,0.0
2016-10-18 00:00:00+09:00,498.0,498.0,491.0,492.0,11000,0.0,0.0
2016-10-19 00:00:00+09:00,492.0,494.0,489.0,491.0,7100,0.0,0.0
2016-10-20 00:00:00+09:00,492.0,507.0,492.0,499.0,11000,0.0,0.0
2016-10-21 00:00:00+09:00,497.0,497.0,490.0,492.0,14500,0.0,0.0
2016-10-24 00:00:00+09:00,506.0,506.0,496.0,501.0,26400,0.0,0.0
2016-10-25 00:00:00+09:00,501.0,505.0,501.0,505.0,15400,0.0,0.0
2016-10-26 00:00:00+09:00,505.0,507.0,502.0,507.0,8100,0.0,0.0
2016-10-27 00:00:00+09:00,507.0,507.0,497.0,503.0,26800,0.0,0.0
2016-10-28 00:00:00+09:00,497.0,499.0,493.0,493.0,24000,0.0,0.0
2016-10-31 00:00:00+09:00,490.0,496.0,487.0,493.0,28300,0.0,0.0
2016-11-01 00:00:00+09:00,491.0,500.0,491.0,495.0,11300,0.0,0.0
2016-11-02 00:00:00+09:00,491.0,497.0,491.0,492.0,15900,0.0,0.0
2016-11-04 00:00:00+09:00,493.0,494.0,489.0,492.0,6900,0.0,0.0
2016-11-07 00:00:00+09:00,491.0,491.0,487.0,487.0,11400,0.0,0.0
2016-11-08 00:00:00+09:00,487.0,489.0,486.0,488.0,6100,0.0,0.0
2016-11-09 00:00:00+09:00,488.0,490.0,468.0,473.0,21600,0.0,0.0
2016-11-10 00:00:00+09:00,485.0,487.0,480.0,481.0,7900,0.0,0.0
2016-11-11 00:00:00+09:00,482.0,485.0,482.0,484.0,5300,0.0,0.0
2016-11-14 00:00:00+09:00,485.0,487.0,485.0,485.0,6200,0.0,0.0
2016-11-15 00:00:00+09:00,486.0,488.0,486.0,486.0,3100,0.0,0.0
2016-11-16 00:00:00+09:00,494.0,494.0,489.0,493.0,9800,0.0,0.0
2016-11-17 00:00:00+09:00,494.0,494.0,491.0,493.0,2900,0.0,0.0
2016-11-18 00:00:00+09:00,494.0,497.0,493.0,494.0,9000,0.0,0.0
2016-11-21 00:00:00+09:00,497.0,501.0,495.0,498.0,11900,0.0,0.0
2016-11-22 00:00:00+09:00,499.0,499.0,496.0,499.0,4000,0.0,0.0
2016-11-24 00:00:00+09:00,500.0,501.0,498.0,500.0,5700,0.0,0.0
2016-11-25 00:00:00+09:00,500.0,501.0,499.0,500.0,7200,0.0,0.0
2016-11-28 00:00:00+09:00,500.0,505.0,500.0,505.0,12200,0.0,0.0
2016-11-29 00:00:00+09:00,506.0,506.0,504.0,506.0,13400,0.0,0.0
2016-11-30 00:00:00+09:00,507.0,507.0,502.0,505.0,6800,0.0,0.0
2016-12-01 00:00:00+09:00,506.0,506.0,502.0,502.0,4100,0.0,0.0
2016-12-02 00:00:00+09:00,502.0,505.0,501.0,503.0,8800,0.0,0.0
2016-12-05 00:00:00+09:00,504.0,504.0,498.0,500.0,3800,0.0,0.0
2016-12-06 00:00:00+09:00,498.0,502.0,496.0,496.0,7000,0.0,0.0
2016-12-07 00:00:00+09:00,496.0,499.0,494.0,494.0,9500,0.0,0.0
2016-12-08 00:00:00+09:00,494.0,498.0,493.0,497.0,9900,0.0,0.0
2016-12-09 00:00:00+09:00,493.0,500.0,493.0,500.0,16300,0.0,0.0
2016-12-12 00:00:00+09:00,500.0,501.0,495.0,499.0,16500,0.0,0.0
2016-12-13 00:00:00+09:00,499.0,501.0,497.0,499.0,4700,0.0,0.0
2016-12-14 00:00:00+09:00,502.0,502.0,499.0,499.0,5300,0.0,0.0
2016-12-15 00:00:00+09:00,501.0,502.0,499.0,502.0,4400,0.0,0.0
2016-12-16 00:00:00+09:00,502.0,504.0,500.0,503.0,11600,0.0,0.0
2016-12-19 00:00:00+09:00,498.0,503.0,492.0,502.0,15600,0.0,0.0
2016-12-20 00:00:00+09:00,502.0,502.0,499.0,502.0,4100,0.0,0.0
2016-12-21 00:00:00+09:00,502.0,502.0,499.0,500.0,4900,0.0,0.0
2016-12-22 00:00:00+09:00,498.0,500.0,495.0,499.0,9500,0.0,0.0
2016-12-26 00:00:00+09:00,501.0,502.0,499.0,501.0,14700,0.0,0.0
2016-12-27 00:00:00+09:00,501.0,503.0,500.0,501.0,18200,0.0,0.0
2016-12-28 00:00:00+09:00,499.0,499.0,497.0,497.0,10400,0.0,0.0
2016-12-29 00:00:00+09:00,496.0,497.0,495.0,495.0,11600,0.0,0.0
2016-12-30 00:00:00+09:00,495.0,503.0,495.0,502.0,11200,0.0,0.0
2017-01-04 00:00:00+09:00,508.0,510.0,502.0,507.0,13300,0.0,0.0
2017-01-05 00:00:00+09:00,507.0,507.0,503.0,504.0,4500,0.0,0.0
2017-01-06 00:00:00+09:00,504.0,504.0,500.0,504.0,6300,0.0,0.0
2017-01-10 00:00:00+09:00,504.0,512.0,504.0,512.0,25500,0.0,0.0
2017-01-11 00:00:00+09:00,512.0,512.0,497.0,502.0,19400,0.0,0.0
2017-01-12 00:00:00+09:00,501.0,508.0,501.0,504.0,10900,0.0,0.0
2017-01-13 00:00:00+09:00,504.0,510.0,504.0,508.0,6400,0.0,0.0
2017-01-16 00:00:00+09:00,508.0,508.0,506.0,508.0,3600,0.0,0.0
2017-01-17 00:00:00+09:00,509.0,509.0,504.0,505.0,5500,0.0,0.0
2017-01-18 00:00:00+09:00,505.0,509.0,505.0,509.0,2100,0.0,0.0
2017-01-19 00:00:00+09:00,509.0,510.0,506.0,508.0,3400,0.0,0.0
2017-01-20 00:00:00+09:00,510.0,510.0,506.0,510.0,3700,0.0,0.0
2017-01-23 00:00:00+09:00,511.0,511.0,505.0,508.0,9800,0.0,0.0
2017-01-24 00:00:00+09:00,510.0,510.0,507.0,510.0,9300,0.0,0.0
2017-01-25 00:00:00+09:00,505.0,513.0,505.0,511.0,10500,0.0,0.0
2017-01-26 00:00:00+09:00,515.0,517.0,510.0,517.0,12200,0.0,0.0
2017-01-27 00:00:00+09:00,517.0,520.0,514.0,515.0,20600,0.0,0.0
2017-01-30 00:00:00+09:00,515.0,519.0,515.0,518.0,5400,0.0,0.0
2017-01-31 00:00:00+09:00,518.0,518.0,516.0,518.0,6100,0.0,0.0
2017-02-01 00:00:00+09:00,518.0,518.0,515.0,517.0,8200,0.0,0.0
2017-02-02 00:00:00+09:00,518.0,518.0,516.0,516.0,14500,0.0,0.0
2017-02-03 00:00:00+09:00,519.0,519.0,515.0,515.0,4800,0.0,0.0
2017-02-06 00:00:00+09:00,517.0,519.0,515.0,518.0,4300,0.0,0.0
2017-02-07 00:00:00+09:00,518.0,521.0,516.0,516.0,12900,0.0,0.0
2017-02-08 00:00:00+09:00,519.0,519.0,517.0,518.0,2300,0.0,0.0
2017-02-09 00:00:00+09:00,518.0,519.0,517.0,519.0,5300,0.0,0.0
2017-02-10 00:00:00+09:00,521.0,521.0,519.0,520.0,6900,0.0,0.0
2017-02-13 00:00:00+09:00,520.0,521.0,516.0,519.0,8400,0.0,0.0
2017-02-14 00:00:00+09:00,521.0,523.0,516.0,520.0,14100,0.0,0.0
2017-02-15 00:00:00+09:00,522.0,522.0,519.0,521.0,4000,0.0,0.0
2017-02-16 00:00:00+09:00,521.0,526.0,521.0,522.0,7000,0.0,0.0
2017-02-17 00:00:00+09:00,522.0,523.0,520.0,522.0,8100,0.0,0.0
2017-02-20 00:00:00+09:00,526.0,526.0,519.0,520.0,11900,0.0,0.0
2017-02-21 00:00:00+09:00,523.0,527.0,522.0,525.0,10400,0.0,0.0
2017-02-22 00:00:00+09:00,525.0,532.0,523.0,532.0,12600,0.0,0.0
2017-02-23 00:00:00+09:00,532.0,539.0,528.0,538.0,53200,0.0,0.0
2017-02-24 00:00:00+09:00,528.0,536.0,524.0,534.0,40400,0.0,0.0
2017-02-27 00:00:00+09:00,534.0,534.0,527.0,533.0,14700,0.0,0.0
2017-02-28 00:00:00+09:00,527.0,531.0,524.0,525.0,12300,0.0,0.0
2017-03-01 00:00:00+09:00,520.0,523.0,518.0,523.0,7600,0.0,0.0
2017-03-02 00:00:00+09:00,523.0,527.0,519.0,527.0,4500,0.0,0.0
2017-03-03 00:00:00+09:00,522.0,528.0,522.0,527.0,3800,0.0,0.0
2017-03-06 00:00:00+09:00,527.0,528.0,524.0,526.0,4000,0.0,0.0
2017-03-07 00:00:00+09:00,523.0,528.0,523.0,527.0,4600,0.0,0.0
2017-03-08 00:00:00+09:00,527.0,527.0,521.0,525.0,8200,0.0,0.0
2017-03-09 00:00:00+09:00,525.0,525.0,523.0,523.0,2200,0.0,0.0
2017-03-10 00:00:00+09:00,525.0,529.0,525.0,528.0,11600,0.0,0.0
2017-03-13 00:00:00+09:00,528.0,531.0,526.0,531.0,6200,0.0,0.0
2017-03-14 00:00:00+09:00,529.0,532.0,527.0,532.0,4900,0.0,0.0
2017-03-15 00:00:00+09:00,532.0,532.0,523.0,528.0,6700,0.0,0.0
2017-03-16 00:00:00+09:00,525.0,532.0,525.0,532.0,4100,0.0,0.0
2017-03-17 00:00:00+09:00,529.0,535.0,529.0,535.0,7200,0.0,0.0
2017-03-21 00:00:00+09:00,535.0,536.0,533.0,534.0,3000,0.0,0.0
2017-03-22 00:00:00+09:00,528.0,535.0,528.0,532.0,8400,0.0,0.0
2017-03-23 00:00:00+09:00,532.0,532.0,528.0,532.0,2700,0.0,0.0
2017-03-24 00:00:00+09:00,532.0,535.0,529.0,535.0,3700,0.0,0.0
2017-03-27 00:00:00+09:00,535.0,535.0,528.0,531.0,13200,0.0,0.0
2017-03-28 00:00:00+09:00,533.0,538.0,530.0,538.0,5600,0.0,0.0
2017-03-29 00:00:00+09:00,537.0,538.0,532.0,538.0,2700,0.0,0.0
2017-03-30 00:00:00+09:00,536.0,536.0,533.0,536.0,2300,0.0,0.0
2017-03-31 00:00:00+09:00,538.0,538.0,530.0,530.0,7600,0.0,0.0
2017-04-03 00:00:00+09:00,530.0,536.0,525.0,533.0,9800,0.0,0.0
2017-04-04 00:00:00+09:00,533.0,533.0,528.0,531.0,2700,0.0,0.0
2017-04-05 00:00:00+09:00,532.0,533.0,526.0,526.0,3600,0.0,0.0
2017-04-06 00:00:00+09:00,524.0,527.0,521.0,521.0,5300,0.0,0.0
2017-04-07 00:00:00+09:00,520.0,531.0,520.0,529.0,6600,0.0,0.0
2017-04-10 00:00:00+09:00,530.0,535.0,528.0,529.0,5700,0.0,0.0
2017-04-11 00:00:00+09:00,529.0,535.0,525.0,533.0,5200,0.0,0.0
2017-04-12 00:00:00+09:00,526.0,558.0,500.0,546.0,276200,0.0,0.0
2017-04-13 00:00:00+09:00,540.0,544.0,518.0,522.0,28500,0.0,0.0
2017-04-14 00:00:00+09:00,512.0,521.0,500.0,503.0,20800,0.0,0.0
2017-04-17 00:00:00+09:00,499.0,510.0,499.0,509.0,7500,0.0,0.0
2017-04-18 00:00:00+09:00,513.0,515.0,503.0,507.0,13500,0.0,0.0
2017-04-19 00:00:00+09:00,509.0,514.0,508.0,508.0,2900,0.0,0.0
2017-04-20 00:00:00+09:00,510.0,514.0,509.0,511.0,3700,0.0,0.0
2017-04-21 00:00:00+09:00,511.0,512.0,510.0,511.0,1600,0.0,0.0
2017-04-24 00:00:00+09:00,513.0,518.0,513.0,516.0,2900,0.0,0.0
2017-04-25 00:00:00+09:00,520.0,521.0,517.0,520.0,3000,0.0,0.0
2017-04-26 00:00:00+09:00,520.0,528.0,520.0,527.0,5200,0.0,0.0
2017-04-27 00:00:00+09:00,527.0,529.0,524.0,525.0,14000,0.0,0.0
2017-04-28 00:00:00+09:00,525.0,526.0,525.0,525.0,1500,0.0,0.0
2017-05-01 00:00:00+09:00,524.0,530.0,523.0,526.0,11200,0.0,0.0
2017-05-02 00:00:00+09:00,526.0,527.0,520.0,526.0,3600,0.0,0.0
2017-05-08 00:00:00+09:00,529.0,533.0,527.0,530.0,6600,0.0,0.0
2017-05-09 00:00:00+09:00,530.0,536.0,530.0,536.0,4200,0.0,0.0
2017-05-10 00:00:00+09:00,536.0,538.0,536.0,537.0,5900,0.0,0.0
2017-05-11 00:00:00+09:00,539.0,539.0,535.0,538.0,5300,0.0,0.0
2017-05-12 00:00:00+09:00,540.0,540.0,530.0,534.0,5500,0.0,0.0
2017-05-15 00:00:00+09:00,539.0,539.0,532.0,533.0,4400,0.0,0.0
2017-05-16 00:00:00+09:00,538.0,538.0,534.0,538.0,2500,0.0,0.0
2017-05-17 00:00:00+09:00,538.0,538.0,530.0,534.0,6400,0.0,0.0
2017-05-18 00:00:00+09:00,534.0,535.0,530.0,530.0,7100,0.0,0.0
2017-05-19 00:00:00+09:00,530.0,615.0,530.0,542.0,274900,0.0,0.0
2017-05-22 00:00:00+09:00,540.0,549.0,530.0,533.0,34000,0.0,0.0
2017-05-23 00:00:00+09:00,535.0,539.0,530.0,536.0,11200,0.0,0.0
2017-05-24 00:00:00+09:00,542.0,543.0,539.0,541.0,5500,0.0,0.0
2017-05-25 00:00:00+09:00,542.0,546.0,539.0,543.0,4900,0.0,0.0
2017-05-26 00:00:00+09:00,548.0,549.0,543.0,548.0,14800,0.0,0.0
2017-05-29 00:00:00+09:00,548.0,555.0,548.0,555.0,13900,0.0,0.0
2017-05-30 00:00:00+09:00,566.0,567.0,561.0,565.0,20000,0.0,0.0
2017-05-31 00:00:00+09:00,565.0,565.0,562.0,562.0,10600,0.0,0.0
2017-06-01 00:00:00+09:00,562.0,572.0,562.0,571.0,12700,0.0,0.0
2017-06-02 00:00:00+09:00,578.0,578.0,571.0,575.0,10000,0.0,0.0
2017-06-05 00:00:00+09:00,573.0,575.0,571.0,574.0,5900,0.0,0.0
2017-06-06 00:00:00+09:00,573.0,573.0,565.0,569.0,6200,0.0,0.0
2017-06-07 00:00:00+09:00,570.0,570.0,565.0,570.0,6600,0.0,0.0
2017-06-08 00:00:00+09:00,569.0,569.0,564.0,566.0,5900,0.0,0.0
2017-06-09 00:00:00+09:00,570.0,570.0,566.0,568.0,5800,0.0,0.0
2017-06-12 00:00:00+09:00,558.0,564.0,555.0,555.0,18600,0.0,0.0
2017-06-13 00:00:00+09:00,556.0,558.0,552.0,552.0,4300,0.0,0.0
2017-06-14 00:00:00+09:00,552.0,558.0,552.0,554.0,3300,0.0,0.0
2017-06-15 00:00:00+09:00,557.0,558.0,554.0,555.0,2200,0.0,0.0
2017-06-16 00:00:00+09:00,558.0,558.0,555.0,555.0,9200,0.0,0.0
2017-06-19 00:00:00+09:00,555.0,560.0,555.0,560.0,3100,0.0,0.0
2017-06-20 00:00:00+09:00,561.0,570.0,560.0,568.0,9700,0.0,0.0
2017-06-21 00:00:00+09:00,568.0,569.0,565.0,569.0,2900,0.0,0.0
2017-06-22 00:00:00+09:00,568.0,569.0,564.0,569.0,3400,0.0,0.0
2017-06-23 00:00:00+09:00,568.0,573.0,560.0,569.0,9800,0.0,0.0
2017-06-26 00:00:00+09:00,567.0,577.0,566.0,577.0,7600,0.0,0.0
2017-06-27 00:00:00+09:00,577.0,585.0,577.0,585.0,15100,0.0,0.0
2017-06-28 00:00:00+09:00,589.0,590.0,575.0,586.0,17400,0.0,0.0
2017-06-29 00:00:00+09:00,586.0,588.0,583.0,588.0,6900,0.0,0.0
2017-06-30 00:00:00+09:00,586.0,588.0,581.0,584.0,8200,0.0,0.0
2017-07-03 00:00:00+09:00,584.0,588.0,583.0,586.0,8500,0.0,0.0
2017-07-04 00:00:00+09:00,588.0,589.0,580.0,583.0,7800,0.0,0.0
2017-07-05 00:00:00+09:00,588.0,588.0,582.0,584.0,4700,0.0,0.0
2017-07-06 00:00:00+09:00,582.0,584.0,581.0,582.0,1900,0.0,0.0
2017-07-07 00:00:00+09:00,581.0,645.0,571.0,571.0,339800,0.0,0.0
2017-07-10 00:00:00+09:00,574.0,587.0,573.0,579.0,34700,0.0,0.0
2017-07-11 00:00:00+09:00,585.0,587.0,579.0,584.0,17700,0.0,0.0
2017-07-12 00:00:00+09:00,584.0,593.0,583.0,586.0,14600,0.0,0.0
2017-07-13 00:00:00+09:00,590.0,595.0,589.0,594.0,11300,0.0,0.0
2017-07-14 00:00:00+09:00,595.0,607.0,591.0,606.0,20200,0.0,0.0
2017-07-17 00:00:00+09:00,606.0,606.0,606.0,606.0,0,0.0,0.0
2017-07-18 00:00:00+09:00,605.0,625.0,603.0,623.0,20500,0.0,0.0
2017-07-19 00:00:00+09:00,623.0,623.0,605.0,615.0,10700,0.0,0.0
2017-07-20 00:00:00+09:00,608.0,621.0,608.0,618.0,9900,0.0,0.0
2017-07-21 00:00:00+09:00,618.0,627.0,617.0,624.0,9500,0.0,0.0
2017-07-24 00:00:00+09:00,624.0,640.0,623.0,638.0,14600,0.0,0.0
2017-07-25 00:00:00+09:00,647.0,663.0,636.0,653.0,38500,0.0,0.0
2017-07-26 00:00:00+09:00,660.0,685.0,660.0,675.0,38100,0.0,0.0
2017-07-27 00:00:00+09:00,685.0,688.0,680.0,688.0,31300,0.0,0.0
2017-07-28 00:00:00+09:00,700.0,700.0,661.0,672.0,34700,0.0,0.0
2017-07-31 00:00:00+09:00,660.0,660.0,622.0,622.0,23700,0.0,0.0
2017-08-01 00:00:00+09:00,620.0,622.0,611.0,612.0,18000,0.0,0.0
2017-08-02 00:00:00+09:00,607.0,612.0,605.0,611.0,11000,0.0,0.0
2017-08-03 00:00:00+09:00,608.0,612.0,608.0,612.0,5900,0.0,0.0
2017-08-04 00:00:00+09:00,609.0,624.0,609.0,619.0,6900,0.0,0.0
2017-08-07 00:00:00+09:00,617.0,651.0,617.0,646.0,13900,0.0,0.0
2017-08-08 00:00:00+09:00,641.0,648.0,636.0,647.0,8300,0.0,0.0
2017-08-09 00:00:00+09:00,640.0,641.0,634.0,637.0,6400,0.0,0.0
2017-08-10 00:00:00+09:00,637.0,638.0,625.0,628.0,7700,0.0,0.0
2017-08-11 00:00:00+09:00,628.0,628.0,628.0,628.0,0,0.0,0.0
2017-08-14 00:00:00+09:00,625.0,625.0,617.0,621.0,7900,0.0,0.0
2017-08-15 00:00:00+09:00,621.0,627.0,617.0,619.0,8300,0.0,0.0
2017-08-16 00:00:00+09:00,621.0,625.0,619.0,619.0,8400,0.0,0.0
2017-08-17 00:00:00+09:00,623.0,623.0,619.0,620.0,25000,0.0,0.0
2017-08-18 00:00:00+09:00,620.0,620.0,606.0,609.0,15000,0.0,0.0
2017-08-21 00:00:00+09:00,609.0,614.0,609.0,613.0,3600,0.0,0.0
2017-08-22 00:00:00+09:00,610.0,611.0,609.0,610.0,6700,0.0,0.0
2017-08-23 00:00:00+09:00,615.0,616.0,608.0,611.0,10300,0.0,0.0
2017-08-24 00:00:00+09:00,615.0,616.0,610.0,613.0,20100,0.0,0.0
2017-08-25 00:00:00+09:00,613.0,614.0,609.0,614.0,15400,0.0,0.0
2017-08-28 00:00:00+09:00,613.0,618.0,608.0,614.0,85700,0.0,0.0
2017-08-29 00:00:00+09:00,602.0,606.0,595.0,599.0,80700,0.0,0.0
2017-08-30 00:00:00+09:00,600.0,600.0,593.0,597.0,6800,0.0,0.0
2017-08-31 00:00:00+09:00,599.0,599.0,580.0,583.0,23100,0.0,0.0
2017-09-01 00:00:00+09:00,580.0,585.0,570.0,571.0,13500,0.0,0.0
2017-09-04 00:00:00+09:00,570.0,575.0,565.0,566.0,12700,0.0,0.0
2017-09-05 00:00:00+09:00,572.0,589.0,565.0,574.0,7100,0.0,0.0
2017-09-06 00:00:00+09:00,567.0,574.0,567.0,571.0,5100,0.0,0.0
2017-09-07 00:00:00+09:00,568.0,574.0,564.0,574.0,11600,0.0,0.0
2017-09-08 00:00:00+09:00,570.0,580.0,570.0,570.0,19000,0.0,0.0
2017-09-11 00:00:00+09:00,573.0,580.0,573.0,580.0,5800,0.0,0.0
2017-09-12 00:00:00+09:00,584.0,597.0,583.0,597.0,10300,0.0,0.0
2017-09-13 00:00:00+09:00,600.0,601.0,597.0,597.0,9200,0.0,0.0
2017-09-14 00:00:00+09:00,599.0,599.0,589.0,593.0,15500,0.0,0.0
2017-09-15 00:00:00+09:00,593.0,609.0,585.0,602.0,10900,0.0,0.0
2017-09-18 00:00:00+09:00,602.0,602.0,602.0,602.0,0,0.0,0.0
2017-09-19 00:00:00+09:00,608.0,608.0,583.0,588.0,17200,0.0,0.0
2017-09-20 00:00:00+09:00,585.0,590.0,584.0,586.0,7900,0.0,0.0
2017-09-21 00:00:00+09:00,586.0,588.0,584.0,586.0,4900,0.0,0.0
2017-09-22 00:00:00+09:00,586.0,592.0,582.0,591.0,4500,0.0,0.0
2017-09-25 00:00:00+09:00,589.0,597.0,589.0,597.0,6100,0.0,0.0
2017-09-26 00:00:00+09:00,592.0,606.0,592.0,606.0,10500,0.0,0.0
2017-09-27 00:00:00+09:00,606.0,606.0,600.0,606.0,13600,0.0,0.0
2017-09-28 00:00:00+09:00,602.0,604.0,599.0,604.0,6500,0.0,0.0
2017-09-29 00:00:00+09:00,601.0,604.0,600.0,603.0,4900,0.0,0.0
2017-10-02 00:00:00+09:00,604.0,613.0,595.0,595.0,17300,0.0,0.0
2017-10-03 00:00:00+09:00,600.0,608.0,600.0,606.0,5100,0.0,0.0
2017-10-04 00:00:00+09:00,610.0,620.0,607.0,618.0,17300,0.0,0.0
2017-10-05 00:00:00+09:00,618.0,618.0,611.0,612.0,9800,0.0,0.0
2017-10-06 00:00:00+09:00,614.0,617.0,606.0,608.0,10200,0.0,0.0
2017-10-09 00:00:00+09:00,608.0,608.0,608.0,608.0,0,0.0,0.0
2017-10-10 00:00:00+09:00,609.0,618.0,609.0,618.0,6900,0.0,0.0
2017-10-11 00:00:00+09:00,620.0,624.0,592.0,600.0,55900,0.0,0.0
2017-10-12 00:00:00+09:00,610.0,610.0,601.0,605.0,14100,0.0,0.0
2017-10-13 00:00:00+09:00,601.0,607.0,601.0,606.0,6800,0.0,0.0
2017-10-16 00:00:00+09:00,601.0,607.0,601.0,607.0,7200,0.0,0.0
2017-10-17 00:00:00+09:00,605.0,611.0,605.0,611.0,5200,0.0,0.0
2017-10-18 00:00:00+09:00,607.0,612.0,605.0,611.0,4600,0.0,0.0
2017-10-19 00:00:00+09:00,611.0,615.0,609.0,609.0,4500,0.0,0.0
2017-10-20 00:00:00+09:00,601.0,617.0,601.0,615.0,10700,0.0,0.0
2017-10-23 00:00:00+09:00,616.0,618.0,610.0,618.0,4500,0.0,0.0
2017-10-24 00:00:00+09:00,615.0,619.0,614.0,618.0,6400,0.0,0.0
2017-10-25 00:00:00+09:00,612.0,617.0,610.0,617.0,5900,0.0,0.0
2017-10-26 00:00:00+09:00,618.0,626.0,616.0,626.0,15200,0.0,0.0
2017-10-27 00:00:00+09:00,626.0,630.0,624.0,627.0,15400,0.0,0.0
2017-10-30 00:00:00+09:00,625.0,644.0,623.0,637.0,32000,0.0,0.0
2017-10-31 00:00:00+09:00,636.0,636.0,630.0,635.0,6000,0.0,0.0
2017-11-01 00:00:00+09:00,637.0,660.0,630.0,659.0,20000,0.0,0.0
2017-11-02 00:00:00+09:00,658.0,662.0,633.0,659.0,20100,0.0,0.0
2017-11-03 00:00:00+09:00,659.0,659.0,659.0,659.0,0,0.0,0.0
2017-11-06 00:00:00+09:00,654.0,674.0,648.0,672.0,16700,0.0,0.0
2017-11-07 00:00:00+09:00,666.0,666.0,650.0,665.0,4800,0.0,0.0
2017-11-08 00:00:00+09:00,670.0,670.0,664.0,670.0,4300,0.0,0.0
2017-11-09 00:00:00+09:00,670.0,682.0,666.0,680.0,17300,0.0,0.0
2017-11-10 00:00:00+09:00,672.0,682.0,657.0,681.0,9000,0.0,0.0
2017-11-13 00:00:00+09:00,680.0,683.0,667.0,683.0,5500,0.0,0.0
2017-11-14 00:00:00+09:00,681.0,685.0,676.0,685.0,4600,0.0,0.0
2017-11-15 00:00:00+09:00,689.0,690.0,670.0,671.0,5300,0.0,0.0
2017-11-16 00:00:00+09:00,665.0,680.0,661.0,674.0,6600,0.0,0.0
2017-11-17 00:00:00+09:00,674.0,686.0,669.0,683.0,5700,0.0,0.0
2017-11-20 00:00:00+09:00,680.0,685.0,680.0,683.0,2900,0.0,0.0
2017-11-21 00:00:00+09:00,683.0,688.0,666.0,687.0,4300,0.0,0.0
2017-11-22 00:00:00+09:00,690.0,690.0,678.0,687.0,4400,0.0,0.0
2017-11-23 00:00:00+09:00,687.0,687.0,687.0,687.0,0,0.0,0.0
2017-11-24 00:00:00+09:00,684.0,695.0,684.0,695.0,9400,0.0,0.0
2017-11-27 00:00:00+09:00,695.0,695.0,676.0,694.0,13200,0.0,0.0
2017-11-28 00:00:00+09:00,691.0,693.0,686.0,687.0,4100,0.0,0.0
2017-11-29 00:00:00+09:00,689.0,716.0,686.0,716.0,18300,0.0,0.0
2017-11-30 00:00:00+09:00,720.0,724.0,703.0,718.0,9100,0.0,0.0
2017-12-01 00:00:00+09:00,712.0,735.0,711.0,727.0,9000,0.0,0.0
2017-12-04 00:00:00+09:00,724.0,727.0,714.0,715.0,4600,0.0,0.0
2017-12-05 00:00:00+09:00,710.0,729.0,704.0,726.0,10600,0.0,0.0
2017-12-06 00:00:00+09:00,718.0,727.0,718.0,723.0,9900,0.0,0.0
2017-12-07 00:00:00+09:00,721.0,721.0,711.0,714.0,6400,0.0,0.0
2017-12-08 00:00:00+09:00,690.0,723.0,690.0,722.0,16500,0.0,0.0
2017-12-11 00:00:00+09:00,722.0,722.0,710.0,713.0,5400,0.0,0.0
2017-12-12 00:00:00+09:00,712.0,712.0,705.0,706.0,5600,0.0,0.0
2017-12-13 00:00:00+09:00,706.0,706.0,700.0,701.0,5500,0.0,0.0
2017-12-14 00:00:00+09:00,701.0,702.0,692.0,695.0,9700,0.0,0.0
2017-12-15 00:00:00+09:00,688.0,695.0,675.0,680.0,11100,0.0,0.0
2017-12-18 00:00:00+09:00,680.0,681.0,675.0,675.0,11100,0.0,0.0
2017-12-19 00:00:00+09:00,673.0,673.0,668.0,673.0,7800,0.0,0.0
2017-12-20 00:00:00+09:00,668.0,684.0,668.0,682.0,11700,0.0,0.0
2017-12-21 00:00:00+09:00,674.0,698.0,671.0,696.0,7700,0.0,0.0
2017-12-22 00:00:00+09:00,685.0,693.0,678.0,684.0,12200,0.0,0.0
2017-12-25 00:00:00+09:00,684.0,691.0,684.0,687.0,4900,0.0,0.0
2017-12-26 00:00:00+09:00,686.0,709.0,686.0,709.0,14100,0.0,0.0
2017-12-27 00:00:00+09:00,709.0,711.0,704.0,709.0,8400,0.0,0.0
2017-12-28 00:00:00+09:00,710.0,722.0,707.0,721.0,5900,0.0,0.0
2017-12-29 00:00:00+09:00,715.0,735.0,710.0,720.0,9200,0.0,0.0
2018-01-01 00:00:00+09:00,720.0,720.0,720.0,720.0,0,0.0,0.0
2018-01-02 00:00:00+09:00,720.0,720.0,720.0,720.0,0,0.0,0.0
2018-01-03 00:00:00+09:00,720.0,720.0,720.0,720.0,0,0.0,0.0
2018-01-04 00:00:00+09:00,720.0,739.0,710.0,731.0,10800,0.0,0.0
2018-01-05 00:00:00+09:00,725.0,747.0,723.0,732.0,32700,0.0,0.0
2018-01-08 00:00:00+09:00,732.0,732.0,732.0,732.0,0,0.0,0.0
2018-01-09 00:00:00+09:00,736.0,742.0,735.0,741.0,8100,0.0,0.0
2018-01-10 00:00:00+09:00,741.0,775.0,737.0,766.0,31900,0.0,0.0
2018-01-11 00:00:00+09:00,765.0,765.0,732.0,742.0,15100,0.0,0.0
2018-01-12 00:00:00+09:00,742.0,770.0,742.0,750.0,17900,0.0,0.0
2018-01-15 00:00:00+09:00,751.0,757.0,751.0,755.0,3600,0.0,0.0
2018-01-16 00:00:00+09:00,756.0,775.0,756.0,763.0,14000,0.0,0.0
2018-01-17 00:00:00+09:00,763.0,778.0,762.0,775.0,23400,0.0,0.0
2018-01-18 00:00:00+09:00,775.0,779.0,759.0,763.0,10000,0.0,0.0
2018-01-19 00:00:00+09:00,760.0,773.0,760.0,771.0,5100,0.0,0.0
2018-01-22 00:00:00+09:00,771.0,777.0,770.0,774.0,7400,0.0,0.0
2018-01-23 00:00:00+09:00,774.0,790.0,769.0,788.0,19200,0.0,0.0
2018-01-24 00:00:00+09:00,787.0,799.0,787.0,799.0,11500,0.0,0.0
2018-01-25 00:00:00+09:00,791.0,820.0,791.0,819.0,20200,0.0,0.0
2018-01-26 00:00:00+09:00,849.0,920.0,822.0,920.0,96000,0.0,0.0
2018-01-29 00:00:00+09:00,920.0,931.0,875.0,911.0,88300,0.0,0.0
2018-01-30 00:00:00+09:00,899.0,907.0,896.0,899.0,14900,0.0,0.0
2018-01-31 00:00:00+09:00,886.0,896.0,884.0,884.0,14100,0.0,0.0
2018-02-01 00:00:00+09:00,880.0,893.0,879.0,893.0,15300,0.0,0.0
2018-02-02 00:00:00+09:00,893.0,937.0,893.0,937.0,23500,0.0,0.0
2018-02-05 00:00:00+09:00,920.0,936.0,906.0,931.0,15700,0.0,0.0
2018-02-06 00:00:00+09:00,876.0,894.0,806.0,835.0,38900,0.0,0.0
2018-02-07 00:00:00+09:00,865.0,873.0,855.0,855.0,13900,0.0,0.0
2018-02-08 00:00:00+09:00,870.0,870.0,852.0,852.0,6300,0.0,0.0
2018-02-09 00:00:00+09:00,831.0,832.0,823.0,827.0,10700,0.0,0.0
2018-02-12 00:00:00+09:00,827.0,827.0,827.0,827.0,0,0.0,0.0
2018-02-13 00:00:00+09:00,838.0,853.0,829.0,847.0,11900,0.0,0.0
2018-02-14 00:00:00+09:00,847.0,855.0,833.0,853.0,22000,0.0,0.0
2018-02-15 00:00:00+09:00,859.0,859.0,834.0,834.0,7200,0.0,0.0
2018-02-16 00:00:00+09:00,839.0,849.0,828.0,828.0,7000,0.0,0.0
2018-02-19 00:00:00+09:00,832.0,842.0,827.0,839.0,6700,0.0,0.0
2018-02-20 00:00:00+09:00,835.0,881.0,833.0,874.0,10600,0.0,0.0
2018-02-21 00:00:00+09:00,878.0,907.0,874.0,901.0,13000,0.0,0.0
2018-02-22 00:00:00+09:00,900.0,911.0,892.0,907.0,14700,0.0,0.0
2018-02-23 00:00:00+09:00,898.0,898.0,850.0,867.0,30000,0.0,0.0
2018-02-26 00:00:00+09:00,839.0,871.0,836.0,866.0,30500,0.0,0.0
2018-02-27 00:00:00+09:00,866.0,871.0,846.0,848.0,16400,0.0,0.0
2018-02-28 00:00:00+09:00,846.0,853.0,836.0,852.0,25300,0.0,0.0
2018-03-01 00:00:00+09:00,840.0,845.0,827.0,827.0,6800,0.0,0.0
2018-03-02 00:00:00+09:00,821.0,834.0,816.0,816.0,7200,0.0,0.0
2018-03-05 00:00:00+09:00,801.0,843.0,795.0,837.0,12600,0.0,0.0
2018-03-06 00:00:00+09:00,850.0,852.0,842.0,847.0,9200,0.0,0.0
2018-03-07 00:00:00+09:00,839.0,864.0,839.0,850.0,6500,0.0,0.0
2018-03-08 00:00:00+09:00,848.0,861.0,848.0,858.0,5100,0.0,0.0
2018-03-09 00:00:00+09:00,858.0,864.0,841.0,841.0,7900,0.0,0.0
2018-03-12 00:00:00+09:00,841.0,855.0,840.0,853.0,6200,0.0,0.0
2018-03-13 00:00:00+09:00,852.0,865.0,852.0,863.0,3100,0.0,0.0
2018-03-14 00:00:00+09:00,863.0,867.0,850.0,851.0,7500,0.0,0.0
2018-03-15 00:00:00+09:00,851.0,883.0,851.0,880.0,12700,0.0,0.0
2018-03-16 00:00:00+09:00,884.0,888.0,871.0,873.0,5800,0.0,0.0
2018-03-19 00:00:00+09:00,872.0,893.0,872.0,892.0,10300,0.0,0.0
2018-03-20 00:00:00+09:00,891.0,891.0,882.0,886.0,4000,0.0,0.0
2018-03-21 00:00:00+09:00,886.0,886.0,886.0,886.0,0,0.0,0.0
2018-03-22 00:00:00+09:00,890.0,890.0,869.0,869.0,5200,0.0,0.0
2018-03-23 00:00:00+09:00,857.0,873.0,850.0,850.0,7700,0.0,0.0
2018-03-26 00:00:00+09:00,835.0,868.0,835.0,868.0,11100,0.0,0.0
2018-03-27 00:00:00+09:00,868.0,884.0,868.0,884.0,8800,0.0,0.0
2018-03-28 00:00:00+09:00,884.0,915.0,872.0,905.0,12700,0.0,0.0
2018-03-29 00:00:00+09:00,915.0,924.0,905.0,924.0,10000,0.0,0.0
2018-03-30 00:00:00+09:00,941.0,952.0,885.0,897.0,42800,0.0,0.0
2018-04-02 00:00:00+09:00,867.0,867.0,840.0,846.0,25300,0.0,0.0
2018-04-03 00:00:00+09:00,850.0,862.0,841.0,858.0,8500,0.0,0.0
2018-04-04 00:00:00+09:00,859.0,907.0,859.0,906.0,12100,0.0,0.0
2018-04-05 00:00:00+09:00,901.0,907.0,901.0,906.0,7000,0.0,0.0
2018-04-06 00:00:00+09:00,914.0,925.0,904.0,924.0,11300,0.0,0.0
2018-04-09 00:00:00+09:00,913.0,947.0,907.0,946.0,12000,0.0,0.0
2018-04-10 00:00:00+09:00,946.0,972.0,915.0,937.0,22600,0.0,0.0
2018-04-11 00:00:00+09:00,938.0,938.0,877.0,877.0,17600,0.0,0.0
2018-04-12 00:00:00+09:00,905.0,913.0,875.0,879.0,18900,0.0,0.0
2018-04-13 00:00:00+09:00,894.0,905.0,885.0,898.0,5200,0.0,0.0
2018-04-16 00:00:00+09:00,898.0,904.0,872.0,904.0,8300,0.0,0.0
2018-04-17 00:00:00+09:00,904.0,933.0,885.0,923.0,13200,0.0,0.0
2018-04-18 00:00:00+09:00,921.0,921.0,906.0,910.0,6500,0.0,0.0
2018-04-19 00:00:00+09:00,914.0,917.0,905.0,907.0,6000,0.0,0.0
2018-04-20 00:00:00+09:00,900.0,903.0,899.0,903.0,2800,0.0,0.0
2018-04-23 00:00:00+09:00,903.0,917.0,895.0,917.0,5900,0.0,0.0
2018-04-24 00:00:00+09:00,917.0,918.0,905.0,911.0,3800,0.0,0.0
2018-04-25 00:00:00+09:00,911.0,916.0,909.0,916.0,2700,0.0,0.0
2018-04-26 00:00:00+09:00,915.0,917.0,910.0,915.0,10400,0.0,0.0
2018-04-27 00:00:00+09:00,911.0,912.0,895.0,903.0,10100,0.0,0.0
2018-04-30 00:00:00+09:00,903.0,903.0,903.0,903.0,0,0.0,0.0
2018-05-01 00:00:00+09:00,900.0,903.0,892.0,893.0,3500,0.0,0.0
2018-05-02 00:00:00+09:00,892.0,892.0,881.0,885.0,2100,0.0,0.0
2018-05-03 00:00:00+09:00,885.0,885.0,885.0,885.0,0,0.0,0.0
2018-05-04 00:00:00+09:00,885.0,885.0,885.0,885.0,0,0.0,0.0
2018-05-07 00:00:00+09:00,881.0,894.0,881.0,886.0,3100,0.0,0.0
2018-05-08 00:00:00+09:00,893.0,911.0,893.0,911.0,7500,0.0,0.0
2018-05-09 00:00:00+09:00,900.0,902.0,895.0,900.0,5500,0.0,0.0
2018-05-10 00:00:00+09:00,900.0,902.0,894.0,900.0,3100,0.0,0.0
2018-05-11 00:00:00+09:00,900.0,917.0,895.0,917.0,16900,0.0,0.0
2018-05-14 00:00:00+09:00,910.0,910.0,871.0,897.0,18000,0.0,0.0
2018-05-15 00:00:00+09:00,897.0,897.0,880.0,886.0,3200,0.0,0.0
2018-05-16 00:00:00+09:00,891.0,893.0,880.0,891.0,2900,0.0,0.0
2018-05-17 00:00:00+09:00,898.0,898.0,857.0,868.0,11600,0.0,0.0
2018-05-18 00:00:00+09:00,868.0,868.0,844.0,847.0,10300,0.0,0.0
2018-05-21 00:00:00+09:00,849.0,862.0,848.0,862.0,5100,0.0,0.0
2018-05-22 00:00:00+09:00,856.0,873.0,856.0,873.0,8400,0.0,0.0
2018-05-23 00:00:00+09:00,873.0,882.0,867.0,882.0,2200,0.0,0.0
2018-05-24 00:00:00+09:00,890.0,895.0,872.0,893.0,6900,0.0,0.0
2018-05-25 00:00:00+09:00,883.0,889.0,883.0,888.0,1400,0.0,0.0
2018-05-28 00:00:00+09:00,888.0,889.0,883.0,889.0,6700,0.0,0.0
2018-05-29 00:00:00+09:00,889.0,890.0,886.0,890.0,2100,0.0,0.0
2018-05-30 00:00:00+09:00,878.0,894.0,878.0,893.0,3900,0.0,0.0
2018-05-31 00:00:00+09:00,895.0,895.0,891.0,893.0,3000,0.0,0.0
2018-06-01 00:00:00+09:00,891.0,891.0,879.0,890.0,16200,0.0,0.0
2018-06-04 00:00:00+09:00,889.0,896.0,889.0,895.0,7300,0.0,0.0
2018-06-05 00:00:00+09:00,895.0,905.0,890.0,904.0,13800,0.0,0.0
2018-06-06 00:00:00+09:00,900.0,900.0,888.0,896.0,4500,0.0,0.0
2018-06-07 00:00:00+09:00,896.0,897.0,894.0,897.0,2100,0.0,0.0
2018-06-08 00:00:00+09:00,895.0,897.0,892.0,897.0,6100,0.0,0.0
2018-06-11 00:00:00+09:00,897.0,897.0,886.0,891.0,5400,0.0,0.0
2018-06-12 00:00:00+09:00,880.0,900.0,873.0,891.0,22900,0.0,0.0
2018-06-13 00:00:00+09:00,891.0,893.0,871.0,876.0,4600,0.0,0.0
2018-06-14 00:00:00+09:00,882.0,882.0,872.0,879.0,4200,0.0,0.0
2018-06-15 00:00:00+09:00,879.0,887.0,872.0,883.0,7800,0.0,0.0
2018-06-18 00:00:00+09:00,889.0,889.0,870.0,870.0,6200,0.0,0.0
2018-06-19 00:00:00+09:00,870.0,870.0,864.0,868.0,2500,0.0,0.0
2018-06-20 00:00:00+09:00,866.0,874.0,863.0,874.0,3200,0.0,0.0
2018-06-21 00:00:00+09:00,874.0,882.0,872.0,877.0,1500,0.0,0.0
2018-06-22 00:00:00+09:00,870.0,883.0,870.0,880.0,3200,0.0,0.0
2018-06-25 00:00:00+09:00,879.0,879.0,877.0,878.0,1700,0.0,0.0
2018-06-26 00:00:00+09:00,873.0,889.0,873.0,889.0,3400,0.0,0.0
2018-06-27 00:00:00+09:00,883.0,887.0,879.0,884.0,2300,0.0,0.0
2018-06-28 00:00:00+09:00,878.0,889.0,878.0,887.0,3300,0.0,0.0
2018-06-29 00:00:00+09:00,883.0,883.0,873.0,878.0,3500,0.0,0.0
2018-07-02 00:00:00+09:00,879.0,879.0,851.0,855.0,7100,0.0,0.0
2018-07-03 00:00:00+09:00,851.0,851.0,779.0,828.0,26900,0.0,0.0
2018-07-04 00:00:00+09:00,826.0,826.0,800.0,803.0,8800,0.0,0.0
2018-07-05 00:00:00+09:00,803.0,815.0,798.0,800.0,6900,0.0,0.0
2018-07-06 00:00:00+09:00,809.0,825.0,806.0,825.0,7900,0.0,0.0
2018-07-09 00:00:00+09:00,815.0,858.0,815.0,854.0,6800,0.0,0.0
2018-07-10 00:00:00+09:00,867.0,874.0,788.0,789.0,39200,0.0,0.0
2018-07-11 00:00:00+09:00,792.0,804.0,786.0,791.0,17600,0.0,0.0
2018-07-12 00:00:00+09:00,800.0,809.0,797.0,806.0,7600,0.0,0.0
2018-07-13 00:00:00+09:00,806.0,806.0,793.0,803.0,4400,0.0,0.0
2018-07-16 00:00:00+09:00,803.0,803.0,803.0,803.0,0,0.0,0.0
2018-07-17 00:00:00+09:00,796.0,816.0,796.0,810.0,8500,0.0,0.0
2018-07-18 00:00:00+09:00,810.0,815.0,810.0,815.0,5000,0.0,0.0
2018-07-19 00:00:00+09:00,815.0,821.0,800.0,821.0,11600,0.0,0.0
2018-07-20 00:00:00+09:00,820.0,820.0,814.0,816.0,2500,0.0,0.0
2018-07-23 00:00:00+09:00,815.0,816.0,811.0,816.0,2900,0.0,0.0
2018-07-24 00:00:00+09:00,816.0,816.0,815.0,816.0,1000,0.0,0.0
2018-07-25 00:00:00+09:00,816.0,821.0,813.0,821.0,6400,0.0,0.0
2018-07-26 00:00:00+09:00,821.0,835.0,821.0,833.0,6400,0.0,0.0
2018-07-27 00:00:00+09:00,833.0,849.0,833.0,846.0,9900,0.0,0.0
2018-07-30 00:00:00+09:00,850.0,856.0,845.0,846.0,9300,0.0,0.0
2018-07-31 00:00:00+09:00,847.0,847.0,839.0,839.0,5800,0.0,0.0
2018-08-01 00:00:00+09:00,838.0,840.0,830.0,836.0,4400,0.0,0.0
2018-08-02 00:00:00+09:00,837.0,839.0,831.0,831.0,4300,0.0,0.0
2018-08-03 00:00:00+09:00,830.0,834.0,820.0,823.0,4900,0.0,0.0
2018-08-06 00:00:00+09:00,820.0,822.0,812.0,812.0,3500,0.0,0.0
2018-08-07 00:00:00+09:00,810.0,810.0,805.0,807.0,4200,0.0,0.0
2018-08-08 00:00:00+09:00,806.0,822.0,803.0,822.0,3200,0.0,0.0
2018-08-09 00:00:00+09:00,814.0,816.0,813.0,814.0,2000,0.0,0.0
2018-08-10 00:00:00+09:00,814.0,817.0,812.0,813.0,2900,0.0,0.0
2018-08-13 00:00:00+09:00,810.0,818.0,801.0,802.0,3900,0.0,0.0
2018-08-14 00:00:00+09:00,805.0,809.0,805.0,808.0,1200,0.0,0.0
2018-08-15 00:00:00+09:00,805.0,808.0,803.0,803.0,3900,0.0,0.0
2018-08-16 00:00:00+09:00,796.0,796.0,781.0,781.0,39100,0.0,0.0
2018-08-17 00:00:00+09:00,792.0,795.0,777.0,777.0,8600,0.0,0.0
2018-08-20 00:00:00+09:00,767.0,774.0,760.0,760.0,6900,0.0,0.0
2018-08-21 00:00:00+09:00,748.0,748.0,698.0,698.0,31200,0.0,0.0
2018-08-22 00:00:00+09:00,688.0,698.0,683.0,686.0,21200,0.0,0.0
2018-08-23 00:00:00+09:00,688.0,694.0,686.0,691.0,12800,0.0,0.0
2018-08-24 00:00:00+09:00,691.0,702.0,691.0,701.0,11200,0.0,0.0
2018-08-27 00:00:00+09:00,702.0,705.0,700.0,705.0,23100,0.0,0.0
2018-08-28 00:00:00+09:00,704.0,715.0,702.0,705.0,58700,0.0,0.0
2018-08-29 00:00:00+09:00,691.0,699.0,686.0,691.0,22800,0.0,0.0
2018-08-30 00:00:00+09:00,688.0,706.0,688.0,705.0,17900,0.0,0.0
2018-08-31 00:00:00+09:00,705.0,705.0,692.0,695.0,8100,0.0,0.0
2018-09-03 00:00:00+09:00,690.0,691.0,654.0,654.0,12100,0.0,0.0
2018-09-04 00:00:00+09:00,656.0,664.0,629.0,629.0,15300,0.0,0.0
2018-09-05 00:00:00+09:00,627.0,639.0,627.0,636.0,12000,0.0,0.0
2018-09-06 00:00:00+09:00,622.0,626.0,612.0,612.0,14000,0.0,0.0
2018-09-07 00:00:00+09:00,611.0,624.0,611.0,623.0,8100,0.0,0.0
2018-09-10 00:00:00+09:00,625.0,632.0,625.0,631.0,8000,0.0,0.0
2018-09-11 00:00:00+09:00,631.0,662.0,631.0,662.0,11700,0.0,0.0
2018-09-12 00:00:00+09:00,650.0,651.0,640.0,644.0,12300,0.0,0.0
2018-09-13 00:00:00+09:00,644.0,665.0,644.0,665.0,9100,0.0,0.0
2018-09-14 00:00:00+09:00,670.0,670.0,657.0,659.0,10100,0.0,0.0
2018-09-17 00:00:00+09:00,659.0,659.0,659.0,659.0,0,0.0,0.0
2018-09-18 00:00:00+09:00,665.0,688.0,660.0,686.0,11800,0.0,0.0
2018-09-19 00:00:00+09:00,684.0,684.0,675.0,676.0,10900,0.0,0.0
2018-09-20 00:00:00+09:00,680.0,685.0,666.0,666.0,11900,0.0,0.0
2018-09-21 00:00:00+09:00,659.0,666.0,650.0,650.0,21200,0.0,0.0
2018-09-24 00:00:00+09:00,650.0,650.0,650.0,650.0,0,0.0,0.0
2018-09-25 00:00:00+09:00,651.0,655.0,641.0,650.0,16500,0.0,0.0
2018-09-26 00:00:00+09:00,650.0,680.0,636.0,673.0,14400,0.0,0.0
2018-09-27 00:00:00+09:00,673.0,674.0,660.0,667.0,17400,0.0,0.0
2018-09-28 00:00:00+09:00,667.0,667.0,653.0,659.0,9700,0.0,0.0
2018-10-01 00:00:00+09:00,650.0,654.0,647.0,647.0,8100,0.0,0.0
2018-10-02 00:00:00+09:00,645.0,647.0,636.0,638.0,12300,0.0,0.0
2018-10-03 00:00:00+09:00,636.0,643.0,620.0,641.0,23900,0.0,0.0
2018-10-04 00:00:00+09:00,645.0,651.0,642.0,648.0,9400,0.0,0.0
2018-10-05 00:00:00+09:00,648.0,648.0,632.0,640.0,3900,0.0,0.0
2018-10-08 00:00:00+09:00,640.0,640.0,640.0,640.0,0,0.0,0.0
2018-10-09 00:00:00+09:00,640.0,648.0,640.0,643.0,6000,0.0,0.0
2018-10-10 00:00:00+09:00,630.0,643.0,625.0,643.0,16800,0.0,0.0
2018-10-11 00:00:00+09:00,613.0,637.0,612.0,633.0,20600,0.0,0.0
2018-10-12 00:00:00+09:00,623.0,634.0,621.0,630.0,11100,0.0,0.0
2018-10-15 00:00:00+09:00,630.0,631.0,620.0,620.0,8300,0.0,0.0
2018-10-16 00:00:00+09:00,615.0,615.0,601.0,601.0,9100,0.0,0.0
2018-10-17 00:00:00+09:00,621.0,621.0,604.0,604.0,6100,0.0,0.0
2018-10-18 00:00:00+09:00,609.0,609.0,601.0,601.0,3000,0.0,0.0
2018-10-19 00:00:00+09:00,601.0,613.0,597.0,613.0,7000,0.0,0.0
2018-10-22 00:00:00+09:00,613.0,614.0,605.0,613.0,3300,0.0,0.0
2018-10-23 00:00:00+09:00,613.0,613.0,607.0,607.0,5700,0.0,0.0
2018-10-24 00:00:00+09:00,607.0,615.0,605.0,615.0,4800,0.0,0.0
2018-10-25 00:00:00+09:00,605.0,606.0,601.0,601.0,5400,0.0,0.0
2018-10-26 00:00:00+09:00,603.0,606.0,584.0,588.0,7600,0.0,0.0
2018-10-29 00:00:00+09:00,588.0,590.0,565.0,565.0,12900,0.0,0.0
2018-10-30 00:00:00+09:00,565.0,579.0,556.0,566.0,11700,0.0,0.0
2018-10-31 00:00:00+09:00,576.0,583.0,570.0,583.0,8200,0.0,0.0
2018-11-01 00:00:00+09:00,577.0,587.0,577.0,581.0,4700,0.0,0.0
2018-11-02 00:00:00+09:00,581.0,587.0,573.0,581.0,6300,0.0,0.0
2018-11-05 00:00:00+09:00,576.0,590.0,576.0,587.0,6300,0.0,0.0
2018-11-06 00:00:00+09:00,586.0,600.0,586.0,596.0,4500,0.0,0.0
2018-11-07 00:00:00+09:00,598.0,606.0,588.0,589.0,3900,0.0,0.0
2018-11-08 00:00:00+09:00,594.0,601.0,594.0,595.0,4600,0.0,0.0
2018-11-09 00:00:00+09:00,596.0,605.0,596.0,603.0,3200,0.0,0.0
2018-11-12 00:00:00+09:00,603.0,615.0,603.0,614.0,4200,0.0,0.0
2018-11-13 00:00:00+09:00,602.0,605.0,602.0,602.0,4400,0.0,0.0
2018-11-14 00:00:00+09:00,602.0,612.0,596.0,596.0,5500,0.0,0.0
2018-11-15 00:00:00+09:00,595.0,595.0,581.0,583.0,4900,0.0,0.0
2018-11-16 00:00:00+09:00,582.0,595.0,580.0,595.0,4500,0.0,0.0
2018-11-19 00:00:00+09:00,585.0,598.0,585.0,596.0,3400,0.0,0.0
2018-11-20 00:00:00+09:00,596.0,613.0,595.0,608.0,2000,0.0,0.0
2018-11-21 00:00:00+09:00,601.0,618.0,601.0,615.0,4600,0.0,0.0
2018-11-22 00:00:00+09:00,615.0,638.0,612.0,631.0,11200,0.0,0.0
2018-11-23 00:00:00+09:00,631.0,631.0,631.0,631.0,0,0.0,0.0
2018-11-26 00:00:00+09:00,638.0,638.0,629.0,629.0,6300,0.0,0.0
2018-11-27 00:00:00+09:00,629.0,630.0,610.0,612.0,14000,0.0,0.0
2018-11-28 00:00:00+09:00,612.0,612.0,600.0,612.0,5600,0.0,0.0
2018-11-29 00:00:00+09:00,627.0,627.0,610.0,613.0,7400,0.0,0.0
2018-11-30 00:00:00+09:00,613.0,613.0,608.0,610.0,3500,0.0,0.0
2018-12-03 00:00:00+09:00,608.0,620.0,608.0,620.0,5100,0.0,0.0
2018-12-04 00:00:00+09:00,616.0,620.0,615.0,615.0,5200,0.0,0.0
2018-12-05 00:00:00+09:00,608.0,617.0,608.0,615.0,3100,0.0,0.0
2018-12-06 00:00:00+09:00,612.0,624.0,612.0,620.0,6500,0.0,0.0
2018-12-07 00:00:00+09:00,620.0,621.0,616.0,616.0,5200,0.0,0.0
2018-12-10 00:00:00+09:00,616.0,621.0,610.0,610.0,5700,0.0,0.0
2018-12-11 00:00:00+09:00,610.0,611.0,600.0,600.0,5100,0.0,0.0
2018-12-12 00:00:00+09:00,604.0,609.0,601.0,609.0,3700,0.0,0.0
2018-12-13 00:00:00+09:00,606.0,612.0,606.0,612.0,2700,0.0,0.0
2018-12-14 00:00:00+09:00,609.0,609.0,601.0,607.0,7600,0.0,0.0
2018-12-17 00:00:00+09:00,607.0,607.0,603.0,603.0,7200,0.0,0.0
2018-12-18 00:00:00+09:00,600.0,604.0,595.0,595.0,4200,0.0,0.0
2018-12-19 00:00:00+09:00,595.0,599.0,577.0,577.0,4200,0.0,0.0
2018-12-20 00:00:00+09:00,580.0,584.0,555.0,555.0,7700,0.0,0.0
2018-12-21 00:00:00+09:00,555.0,565.0,516.0,516.0,8700,0.0,0.0
2018-12-24 00:00:00+09:00,516.0,516.0,516.0,516.0,0,0.0,0.0
2018-12-25 00:00:00+09:00,493.0,494.0,461.0,483.0,17600,0.0,0.0
2018-12-26 00:00:00+09:00,489.0,511.0,489.0,507.0,9400,0.0,0.0
2018-12-27 00:00:00+09:00,521.0,570.0,521.0,570.0,7500,0.0,0.0
2018-12-28 00:00:00+09:00,580.0,580.0,520.0,531.0,19000,0.0,0.0
2018-12-31 00:00:00+09:00,531.0,531.0,531.0,531.0,0,0.0,0.0
2019-01-04 00:00:00+09:00,531.0,550.0,531.0,544.0,9200,0.0,0.0
2019-01-07 00:00:00+09:00,549.0,564.0,549.0,557.0,10200,0.0,0.0
2019-01-08 00:00:00+09:00,558.0,572.0,558.0,566.0,4900,0.0,0.0
2019-01-09 00:00:00+09:00,579.0,583.0,552.0,558.0,10000,0.0,0.0
2019-01-10 00:00:00+09:00,566.0,567.0,559.0,560.0,11800,0.0,0.0
2019-01-11 00:00:00+09:00,565.0,585.0,561.0,574.0,10200,0.0,0.0
2019-01-15 00:00:00+09:00,574.0,574.0,561.0,562.0,8600,0.0,0.0
2019-01-16 00:00:00+09:00,563.0,567.0,561.0,564.0,5300,0.0,0.0
2019-01-17 00:00:00+09:00,565.0,572.0,563.0,571.0,5700,0.0,0.0
2019-01-18 00:00:00+09:00,568.0,568.0,546.0,549.0,24500,0.0,0.0
2019-01-21 00:00:00+09:00,551.0,595.0,551.0,582.0,24200,0.0,0.0
2019-01-22 00:00:00+09:00,577.0,600.0,573.0,600.0,26500,0.0,0.0
2019-01-23 00:00:00+09:00,597.0,599.0,594.0,597.0,5000,0.0,0.0
2019-01-24 00:00:00+09:00,596.0,618.0,594.0,616.0,23700,0.0,0.0
2019-01-25 00:00:00+09:00,616.0,629.0,616.0,626.0,5600,0.0,0.0
2019-01-28 00:00:00+09:00,626.0,629.0,622.0,628.0,12100,0.0,0.0
2019-01-29 00:00:00+09:00,622.0,627.0,618.0,618.0,6000,0.0,0.0
2019-01-30 00:00:00+09:00,617.0,617.0,597.0,597.0,7600,0.0,0.0
2019-01-31 00:00:00+09:00,597.0,609.0,597.0,605.0,3200,0.0,0.0
2019-02-01 00:00:00+09:00,605.0,622.0,605.0,606.0,6900,0.0,0.0
2019-02-04 00:00:00+09:00,616.0,616.0,593.0,593.0,7500,0.0,0.0
2019-02-05 00:00:00+09:00,594.0,597.0,580.0,580.0,8300,0.0,0.0
2019-02-06 00:00:00+09:00,586.0,598.0,582.0,589.0,4300,0.0,0.0
2019-02-07 00:00:00+09:00,586.0,590.0,585.0,587.0,2100,0.0,0.0
2019-02-08 00:00:00+09:00,581.0,585.0,578.0,578.0,18400,0.0,0.0
2019-02-12 00:00:00+09:00,578.0,582.0,578.0,582.0,4200,0.0,0.0
2019-02-13 00:00:00+09:00,582.0,584.0,576.0,576.0,4900,0.0,0.0
2019-02-14 00:00:00+09:00,577.0,583.0,575.0,580.0,3600,0.0,0.0
2019-02-15 00:00:00+09:00,580.0,580.0,577.0,577.0,2800,0.0,0.0
2019-02-18 00:00:00+09:00,582.0,582.0,575.0,577.0,8400,0.0,0.0
2019-02-19 00:00:00+09:00,576.0,576.0,573.0,576.0,6600,0.0,0.0
2019-02-20 00:00:00+09:00,576.0,578.0,570.0,572.0,24100,0.0,0.0
2019-02-21 00:00:00+09:00,572.0,574.0,572.0,574.0,9400,0.0,0.0
2019-02-22 00:00:00+09:00,565.0,570.0,543.0,551.0,39900,0.0,0.0
2019-02-25 00:00:00+09:00,546.0,556.0,546.0,552.0,93000,0.0,0.0
2019-02-26 00:00:00+09:00,550.0,550.0,541.0,546.0,55300,0.0,0.0
2019-02-27 00:00:00+09:00,546.0,550.0,546.0,547.0,13600,0.0,0.0
2019-02-28 00:00:00+09:00,550.0,550.0,541.0,542.0,6000,0.0,0.0
2019-03-01 00:00:00+09:00,540.0,541.0,535.0,537.0,8900,0.0,0.0
2019-03-04 00:00:00+09:00,537.0,543.0,537.0,541.0,2700,0.0,0.0
2019-03-05 00:00:00+09:00,543.0,543.0,538.0,540.0,5800,0.0,0.0
2019-03-06 00:00:00+09:00,539.0,540.0,532.0,533.0,8500,0.0,0.0
2019-03-07 00:00:00+09:00,531.0,537.0,531.0,534.0,4800,0.0,0.0
2019-03-08 00:00:00+09:00,530.0,534.0,526.0,534.0,11700,0.0,0.0
2019-03-11 00:00:00+09:00,534.0,537.0,532.0,534.0,5300,0.0,0.0
2019-03-12 00:00:00+09:00,538.0,543.0,537.0,541.0,4300,0.0,0.0
2019-03-13 00:00:00+09:00,543.0,547.0,543.0,544.0,2000,0.0,0.0
2019-03-14 00:00:00+09:00,548.0,548.0,544.0,545.0,3100,0.0,0.0
2019-03-15 00:00:00+09:00,546.0,559.0,545.0,554.0,14500,0.0,0.0
2019-03-18 00:00:00+09:00,551.0,559.0,551.0,553.0,4100,0.0,0.0
2019-03-19 00:00:00+09:00,553.0,553.0,541.0,542.0,5400,0.0,0.0
2019-03-20 00:00:00+09:00,542.0,548.0,536.0,541.0,7500,0.0,0.0
2019-03-22 00:00:00+09:00,536.0,540.0,532.0,533.0,8400,0.0,0.0
2019-03-25 00:00:00+09:00,527.0,527.0,512.0,523.0,8400,0.0,0.0
2019-03-26 00:00:00+09:00,528.0,555.0,528.0,555.0,6900,0.0,0.0
2019-03-27 00:00:00+09:00,571.0,571.0,563.0,563.0,1700,0.0,0.0
2019-03-28 00:00:00+09:00,563.0,563.0,563.0,563.0,0,0.0,0.0
2019-03-29 00:00:00+09:00,563.0,576.0,563.0,571.0,5400,0.0,0.0
2019-04-01 00:00:00+09:00,574.0,590.0,574.0,590.0,12800,0.0,0.0
2019-04-02 00:00:00+09:00,585.0,586.0,582.0,583.0,3700,0.0,0.0
2019-04-03 00:00:00+09:00,582.0,582.0,564.0,576.0,3500,0.0,0.0
2019-04-04 00:00:00+09:00,591.0,599.0,591.0,597.0,5200,0.0,0.0
2019-04-05 00:00:00+09:00,599.0,599.0,525.0,544.0,56900,0.0,0.0
2019-04-08 00:00:00+09:00,535.0,542.0,525.0,533.0,33300,0.0,0.0
2019-04-09 00:00:00+09:00,543.0,548.0,533.0,536.0,6500,0.0,0.0
2019-04-10 00:00:00+09:00,543.0,546.0,539.0,545.0,8200,0.0,0.0
2019-04-11 00:00:00+09:00,544.0,549.0,533.0,533.0,19700,0.0,0.0
2019-04-12 00:00:00+09:00,539.0,540.0,531.0,535.0,8500,0.0,0.0
2019-04-15 00:00:00+09:00,537.0,545.0,537.0,539.0,8800,0.0,0.0
2019-04-16 00:00:00+09:00,542.0,544.0,526.0,528.0,11100,0.0,0.0
2019-04-17 00:00:00+09:00,529.0,530.0,527.0,527.0,2800,0.0,0.0
2019-04-18 00:00:00+09:00,533.0,534.0,514.0,514.0,13800,0.0,0.0
2019-04-19 00:00:00+09:00,516.0,517.0,514.0,517.0,3700,0.0,0.0
2019-04-22 00:00:00+09:00,521.0,528.0,520.0,528.0,4900,0.0,0.0
2019-04-23 00:00:00+09:00,526.0,537.0,524.0,537.0,10400,0.0,0.0
2019-04-24 00:00:00+09:00,539.0,539.0,525.0,525.0,8700,0.0,0.0
2019-04-25 00:00:00+09:00,529.0,538.0,529.0,538.0,3700,0.0,0.0
2019-04-26 00:00:00+09:00,531.0,538.0,530.0,537.0,4400,0.0,0.0
2019-05-07 00:00:00+09:00,537.0,542.0,537.0,542.0,9300,0.0,0.0
2019-05-08 00:00:00+09:00,542.0,543.0,533.0,536.0,9500,0.0,0.0
2019-05-09 00:00:00+09:00,533.0,533.0,522.0,523.0,13800,0.0,0.0
2019-05-10 00:00:00+09:00,524.0,533.0,500.0,501.0,19500,0.0,0.0
2019-05-13 00:00:00+09:00,504.0,518.0,483.0,485.0,15100,0.0,0.0
2019-05-14 00:00:00+09:00,475.0,482.0,474.0,480.0,9600,0.0,0.0
2019-05-15 00:00:00+09:00,483.0,508.0,475.0,476.0,17900,0.0,0.0
2019-05-16 00:00:00+09:00,478.0,486.0,478.0,486.0,3000,0.0,0.0
2019-05-17 00:00:00+09:00,487.0,487.0,479.0,480.0,7400,0.0,0.0
2019-05-20 00:00:00+09:00,481.0,483.0,477.0,482.0,3200,0.0,0.0
2019-05-21 00:00:00+09:00,483.0,483.0,462.0,467.0,28300,0.0,0.0
2019-05-22 00:00:00+09:00,517.0,520.0,487.0,491.0,386800,0.0,0.0
2019-05-23 00:00:00+09:00,485.0,487.0,478.0,482.0,42000,0.0,0.0
2019-05-24 00:00:00+09:00,478.0,488.0,477.0,488.0,18700,0.0,0.0
2019-05-27 00:00:00+09:00,492.0,494.0,480.0,482.0,24300,0.0,0.0
2019-05-28 00:00:00+09:00,481.0,483.0,478.0,481.0,8400,0.0,0.0
2019-05-29 00:00:00+09:00,478.0,487.0,478.0,481.0,5500,0.0,0.0
2019-05-30 00:00:00+09:00,481.0,483.0,478.0,482.0,5700,0.0,0.0
2019-05-31 00:00:00+09:00,482.0,482.0,478.0,480.0,8000,0.0,0.0
2019-06-03 00:00:00+09:00,477.0,482.0,476.0,476.0,7200,0.0,0.0
2019-06-04 00:00:00+09:00,476.0,479.0,473.0,479.0,4700,0.0,0.0
2019-06-05 00:00:00+09:00,481.0,490.0,479.0,488.0,8800,0.0,0.0
2019-06-06 00:00:00+09:00,486.0,494.0,483.0,483.0,8100,0.0,0.0
2019-06-07 00:00:00+09:00,485.0,489.0,481.0,482.0,7000,0.0,0.0
2019-06-10 00:00:00+09:00,484.0,485.0,480.0,482.0,10500,0.0,0.0
2019-06-11 00:00:00+09:00,482.0,484.0,481.0,481.0,8000,0.0,0.0
2019-06-12 00:00:00+09:00,483.0,483.0,476.0,476.0,6700,0.0,0.0
2019-06-13 00:00:00+09:00,476.0,477.0,474.0,476.0,5300,0.0,0.0
2019-06-14 00:00:00+09:00,479.0,483.0,478.0,483.0,6400,0.0,0.0
2019-06-17 00:00:00+09:00,485.0,485.0,480.0,483.0,8800,0.0,0.0
2019-06-18 00:00:00+09:00,483.0,485.0,477.0,484.0,6900,0.0,0.0
2019-06-19 00:00:00+09:00,485.0,487.0,479.0,480.0,8700,0.0,0.0
2019-06-20 00:00:00+09:00,480.0,482.0,479.0,480.0,5500,0.0,0.0
2019-06-21 00:00:00+09:00,482.0,482.0,477.0,481.0,7700,0.0,0.0
2019-06-24 00:00:00+09:00,482.0,482.0,480.0,481.0,1900,0.0,0.0
2019-06-25 00:00:00+09:00,482.0,489.0,482.0,489.0,4900,0.0,0.0
2019-06-26 00:00:00+09:00,486.0,500.0,486.0,493.0,24300,0.0,0.0
2019-06-27 00:00:00+09:00,493.0,496.0,487.0,495.0,21000,0.0,0.0
2019-06-28 00:00:00+09:00,496.0,498.0,493.0,495.0,7200,0.0,0.0
2019-07-01 00:00:00+09:00,495.0,499.0,493.0,497.0,9500,0.0,0.0
2019-07-02 00:00:00+09:00,497.0,498.0,494.0,498.0,7400,0.0,0.0
2019-07-03 00:00:00+09:00,500.0,512.0,500.0,512.0,14600,0.0,0.0
2019-07-04 00:00:00+09:00,508.0,515.0,508.0,514.0,13900,0.0,0.0
2019-07-05 00:00:00+09:00,520.0,520.0,516.0,519.0,10000,0.0,0.0
2019-07-08 00:00:00+09:00,519.0,522.0,519.0,522.0,11600,0.0,0.0
2019-07-09 00:00:00+09:00,524.0,524.0,495.0,503.0,19800,0.0,0.0
2019-07-10 00:00:00+09:00,507.0,515.0,502.0,502.0,11300,0.0,0.0
2019-07-11 00:00:00+09:00,505.0,510.0,504.0,506.0,5100,0.0,0.0
2019-07-12 00:00:00+09:00,511.0,511.0,504.0,507.0,6300,0.0,0.0
2019-07-16 00:00:00+09:00,507.0,509.0,507.0,509.0,2500,0.0,0.0
2019-07-17 00:00:00+09:00,510.0,510.0,506.0,507.0,3900,0.0,0.0
2019-07-18 00:00:00+09:00,507.0,507.0,501.0,501.0,5500,0.0,0.0
2019-07-19 00:00:00+09:00,501.0,504.0,500.0,500.0,13300,0.0,0.0
2019-07-22 00:00:00+09:00,500.0,500.0,497.0,498.0,4800,0.0,0.0
2019-07-23 00:00:00+09:00,499.0,501.0,499.0,499.0,3500,0.0,0.0
2019-07-24 00:00:00+09:00,500.0,502.0,500.0,501.0,4200,0.0,0.0
2019-07-25 00:00:00+09:00,502.0,510.0,502.0,504.0,7700,0.0,0.0
2019-07-26 00:00:00+09:00,504.0,507.0,504.0,507.0,5300,0.0,0.0
2019-07-29 00:00:00+09:00,507.0,513.0,504.0,505.0,14100,0.0,0.0
2019-07-30 00:00:00+09:00,503.0,507.0,503.0,507.0,6400,0.0,0.0
2019-07-31 00:00:00+09:00,507.0,507.0,501.0,501.0,4100,0.0,0.0
2019-08-01 00:00:00+09:00,501.0,501.0,498.0,498.0,5900,0.0,0.0
2019-08-02 00:00:00+09:00,497.0,497.0,491.0,493.0,9400,0.0,0.0
2019-08-05 00:00:00+09:00,493.0,494.0,487.0,492.0,7400,0.0,0.0
2019-08-06 00:00:00+09:00,484.0,494.0,477.0,494.0,10500,0.0,0.0
2019-08-07 00:00:00+09:00,493.0,497.0,492.0,496.0,6800,0.0,0.0
2019-08-08 00:00:00+09:00,493.0,501.0,493.0,499.0,8500,0.0,0.0
2019-08-09 00:00:00+09:00,500.0,501.0,498.0,499.0,3500,0.0,0.0
2019-08-13 00:00:00+09:00,497.0,497.0,486.0,493.0,18600,0.0,0.0
2019-08-14 00:00:00+09:00,493.0,493.0,488.0,491.0,6700,0.0,0.0
2019-08-15 00:00:00+09:00,487.0,494.0,486.0,493.0,7600,0.0,0.0
2019-08-16 00:00:00+09:00,492.0,492.0,490.0,491.0,3800,0.0,0.0
2019-08-19 00:00:00+09:00,496.0,496.0,492.0,493.0,14200,0.0,0.0
2019-08-20 00:00:00+09:00,494.0,496.0,494.0,496.0,4000,0.0,0.0
2019-08-21 00:00:00+09:00,494.0,496.0,491.0,493.0,10100,0.0,0.0
2019-08-22 00:00:00+09:00,494.0,495.0,492.0,494.0,6300,0.0,0.0
2019-08-23 00:00:00+09:00,493.0,499.0,492.0,498.0,6600,0.0,0.0
2019-08-26 00:00:00+09:00,498.0,502.0,497.0,499.0,15600,0.0,0.0
2019-08-27 00:00:00+09:00,499.0,501.0,488.0,488.0,29400,0.0,0.0
2019-08-28 00:00:00+09:00,496.0,496.0,482.0,486.0,78100,0.0,0.0
2019-08-29 00:00:00+09:00,478.0,485.0,477.0,478.0,30000,0.0,0.0
2019-08-30 00:00:00+09:00,480.0,484.0,479.0,480.0,7400,0.0,0.0
2019-09-02 00:00:00+09:00,478.0,481.0,475.0,476.0,3800,0.0,0.0
2019-09-03 00:00:00+09:00,476.0,476.0,475.0,476.0,2700,0.0,0.0
2019-09-04 00:00:00+09:00,476.0,477.0,474.0,474.0,10800,0.0,0.0
2019-09-05 00:00:00+09:00,475.0,478.0,475.0,476.0,3900,0.0,0.0
2019-09-06 00:00:00+09:00,479.0,480.0,477.0,479.0,4100,0.0,0.0
2019-09-09 00:00:00+09:00,479.0,482.0,479.0,479.0,2700,0.0,0.0
2019-09-10 00:00:00+09:00,481.0,498.0,479.0,485.0,22800,0.0,0.0
2019-09-11 00:00:00+09:00,488.0,496.0,486.0,496.0,21500,0.0,0.0
2019-09-12 00:00:00+09:00,496.0,497.0,487.0,487.0,12400,0.0,0.0
2019-09-13 00:00:00+09:00,489.0,496.0,489.0,496.0,14300,0.0,0.0
2019-09-17 00:00:00+09:00,496.0,498.0,494.0,496.0,6600,0.0,0.0
2019-09-18 00:00:00+09:00,495.0,495.0,491.0,491.0,4000,0.0,0.0
2019-09-19 00:00:00+09:00,495.0,497.0,492.0,497.0,6200,0.0,0.0
2019-09-20 00:00:00+09:00,495.0,498.0,495.0,495.0,6600,0.0,0.0
2019-09-24 00:00:00+09:00,495.0,498.0,495.0,497.0,6600,0.0,0.0
2019-09-25 00:00:00+09:00,496.0,501.0,496.0,501.0,9900,0.0,0.0
2019-09-26 00:00:00+09:00,499.0,504.0,498.0,504.0,11900,0.0,0.0
2019-09-27 00:00:00+09:00,504.0,507.0,502.0,505.0,14700,0.0,0.0
2019-09-30 00:00:00+09:00,507.0,507.0,501.0,501.0,6000,0.0,0.0
2019-10-01 00:00:00+09:00,503.0,507.0,503.0,506.0,5800,0.0,0.0
2019-10-02 00:00:00+09:00,496.0,509.0,496.0,508.0,6100,0.0,0.0
2019-10-03 00:00:00+09:00,502.0,507.0,497.0,507.0,4200,0.0,0.0
2019-10-04 00:00:00+09:00,507.0,508.0,500.0,503.0,5200,0.0,0.0
2019-10-07 00:00:00+09:00,503.0,509.0,500.0,509.0,4100,0.0,0.0
2019-10-08 00:00:00+09:00,510.0,594.0,496.0,535.0,77100,0.0,0.0
2019-10-09 00:00:00+09:00,535.0,536.0,514.0,514.0,24800,0.0,0.0
2019-10-10 00:00:00+09:00,521.0,521.0,491.0,494.0,21200,0.0,0.0
2019-10-11 00:00:00+09:00,502.0,503.0,497.0,501.0,6600,0.0,0.0
2019-10-15 00:00:00+09:00,506.0,509.0,502.0,502.0,9000,0.0,0.0
2019-10-16 00:00:00+09:00,510.0,512.0,505.0,510.0,8600,0.0,0.0
2019-10-17 00:00:00+09:00,510.0,511.0,500.0,501.0,5300,0.0,0.0
2019-10-18 00:00:00+09:00,501.0,502.0,498.0,500.0,5200,0.0,0.0
2019-10-21 00:00:00+09:00,501.0,503.0,500.0,500.0,4900,0.0,0.0
2019-10-23 00:00:00+09:00,503.0,505.0,501.0,504.0,4100,0.0,0.0
2019-10-24 00:00:00+09:00,505.0,507.0,502.0,505.0,5800,0.0,0.0
2019-10-25 00:00:00+09:00,505.0,510.0,505.0,510.0,4700,0.0,0.0
2019-10-28 00:00:00+09:00,510.0,512.0,502.0,504.0,15000,0.0,0.0
2019-10-29 00:00:00+09:00,510.0,511.0,507.0,509.0,5500,0.0,0.0
2019-10-30 00:00:00+09:00,509.0,516.0,505.0,516.0,9700,0.0,0.0
2019-10-31 00:00:00+09:00,520.0,520.0,512.0,518.0,3800,0.0,0.0
2019-11-01 00:00:00+09:00,519.0,519.0,516.0,519.0,3100,0.0,0.0
2019-11-05 00:00:00+09:00,520.0,524.0,518.0,521.0,5900,0.0,0.0
2019-11-06 00:00:00+09:00,522.0,522.0,520.0,521.0,3600,0.0,0.0
2019-11-07 00:00:00+09:00,522.0,525.0,522.0,525.0,4800,0.0,0.0
2019-11-08 00:00:00+09:00,525.0,525.0,516.0,518.0,10300,0.0,0.0
2019-11-11 00:00:00+09:00,519.0,523.0,505.0,507.0,12000,0.0,0.0
2019-11-12 00:00:00+09:00,509.0,511.0,505.0,510.0,5800,0.0,0.0
2019-11-13 00:00:00+09:00,510.0,514.0,508.0,510.0,4200,0.0,0.0
2019-11-14 00:00:00+09:00,514.0,516.0,512.0,515.0,3100,0.0,0.0
2019-11-15 00:00:00+09:00,518.0,518.0,511.0,512.0,6100,0.0,0.0
2019-11-18 00:00:00+09:00,513.0,517.0,513.0,514.0,2400,0.0,0.0
2019-11-19 00:00:00+09:00,517.0,520.0,511.0,518.0,7200,0.0,0.0
2019-11-20 00:00:00+09:00,518.0,522.0,516.0,521.0,3800,0.0,0.0
2019-11-21 00:00:00+09:00,524.0,524.0,513.0,513.0,8500,0.0,0.0
2019-11-22 00:00:00+09:00,520.0,520.0,513.0,514.0,4700,0.0,0.0
2019-11-25 00:00:00+09:00,519.0,524.0,516.0,517.0,8600,0.0,0.0
2019-11-26 00:00:00+09:00,518.0,522.0,518.0,519.0,3600,0.0,0.0
2019-11-27 00:00:00+09:00,519.0,522.0,519.0,522.0,9700,0.0,0.0
2019-11-28 00:00:00+09:00,525.0,525.0,516.0,518.0,10700,0.0,0.0
2019-11-29 00:00:00+09:00,522.0,548.0,520.0,540.0,24900,0.0,0.0
2019-12-02 00:00:00+09:00,537.0,548.0,526.0,531.0,24400,0.0,0.0
2019-12-03 00:00:00+09:00,530.0,530.0,527.0,527.0,4400,0.0,0.0
2019-12-04 00:00:00+09:00,528.0,533.0,528.0,530.0,7600,0.0,0.0
2019-12-05 00:00:00+09:00,535.0,544.0,531.0,541.0,9300,0.0,0.0
2019-12-06 00:00:00+09:00,544.0,550.0,538.0,544.0,17300,0.0,0.0
2019-12-09 00:00:00+09:00,558.0,558.0,545.0,549.0,25100,0.0,0.0
2019-12-10 00:00:00+09:00,549.0,550.0,529.0,529.0,20000,0.0,0.0
2019-12-11 00:00:00+09:00,529.0,537.0,529.0,534.0,12400,0.0,0.0
2019-12-12 00:00:00+09:00,536.0,536.0,521.0,521.0,12800,0.0,0.0
2019-12-13 00:00:00+09:00,521.0,532.0,520.0,524.0,15200,0.0,0.0
2019-12-16 00:00:00+09:00,525.0,534.0,524.0,524.0,7000,0.0,0.0
2019-12-17 00:00:00+09:00,525.0,534.0,525.0,528.0,16700,0.0,0.0
2019-12-18 00:00:00+09:00,528.0,534.0,528.0,533.0,5000,0.0,0.0
2019-12-19 00:00:00+09:00,533.0,537.0,533.0,537.0,12100,0.0,0.0
2019-12-20 00:00:00+09:00,540.0,540.0,533.0,536.0,5000,0.0,0.0
2019-12-23 00:00:00+09:00,536.0,536.0,530.0,534.0,5900,0.0,0.0
2019-12-24 00:00:00+09:00,534.0,534.0,529.0,534.0,6300,0.0,0.0
2019-12-25 00:00:00+09:00,532.0,532.0,526.0,529.0,5200,0.0,0.0
2019-12-26 00:00:00+09:00,525.0,531.0,525.0,530.0,11700,0.0,0.0
2019-12-27 00:00:00+09:00,530.0,537.0,527.0,536.0,12200,0.0,0.0
2019-12-30 00:00:00+09:00,531.0,534.0,528.0,529.0,13600,0.0,0.0
2020-01-06 00:00:00+09:00,530.0,530.0,524.0,526.0,10600,0.0,0.0
2020-01-07 00:00:00+09:00,530.0,532.0,526.0,527.0,15800,0.0,0.0
2020-01-08 00:00:00+09:00,527.0,530.0,520.0,525.0,21900,0.0,0.0
2020-01-09 00:00:00+09:00,530.0,533.0,511.0,514.0,51900,0.0,0.0
2020-01-10 00:00:00+09:00,510.0,510.0,497.0,500.0,29000,0.0,0.0
2020-01-14 00:00:00+09:00,509.0,509.0,502.0,507.0,16200,0.0,0.0
2020-01-15 00:00:00+09:00,508.0,508.0,503.0,504.0,4700,0.0,0.0
2020-01-16 00:00:00+09:00,504.0,506.0,503.0,505.0,7200,0.0,0.0
2020-01-17 00:00:00+09:00,505.0,511.0,505.0,506.0,9900,0.0,0.0
2020-01-20 00:00:00+09:00,509.0,513.0,508.0,512.0,5900,0.0,0.0
2020-01-21 00:00:00+09:00,515.0,516.0,512.0,512.0,8700,0.0,0.0
2020-01-22 00:00:00+09:00,514.0,518.0,512.0,518.0,6800,0.0,0.0
2020-01-23 00:00:00+09:00,517.0,522.0,515.0,516.0,13400,0.0,0.0
2020-01-24 00:00:00+09:00,519.0,519.0,514.0,517.0,4700,0.0,0.0
2020-01-27 00:00:00+09:00,517.0,517.0,506.0,506.0,16000,0.0,0.0
2020-01-28 00:00:00+09:00,505.0,509.0,502.0,509.0,9500,0.0,0.0
2020-01-29 00:00:00+09:00,509.0,514.0,504.0,506.0,13100,0.0,0.0
2020-01-30 00:00:00+09:00,510.0,511.0,497.0,503.0,18700,0.0,0.0
2020-01-31 00:00:00+09:00,497.0,505.0,497.0,501.0,14100,0.0,0.0
2020-02-03 00:00:00+09:00,492.0,499.0,492.0,498.0,21800,0.0,0.0
2020-02-04 00:00:00+09:00,500.0,505.0,500.0,504.0,11600,0.0,0.0
2020-02-05 00:00:00+09:00,508.0,512.0,506.0,508.0,5500,0.0,0.0
2020-02-06 00:00:00+09:00,508.0,513.0,506.0,513.0,17600,0.0,0.0
2020-02-07 00:00:00+09:00,513.0,514.0,511.0,511.0,10100,0.0,0.0
2020-02-10 00:00:00+09:00,511.0,512.0,507.0,509.0,15700,0.0,0.0
2020-02-12 00:00:00+09:00,507.0,509.0,505.0,508.0,3800,0.0,0.0
2020-02-13 00:00:00+09:00,507.0,511.0,507.0,510.0,7000,0.0,0.0
2020-02-14 00:00:00+09:00,506.0,509.0,504.0,509.0,7500,0.0,0.0
2020-02-17 00:00:00+09:00,509.0,509.0,489.0,493.0,44000,0.0,0.0
2020-02-18 00:00:00+09:00,493.0,497.0,492.0,493.0,8100,0.0,0.0
2020-02-19 00:00:00+09:00,492.0,495.0,492.0,492.0,7500,0.0,0.0
2020-02-20 00:00:00+09:00,496.0,496.0,488.0,489.0,19200,0.0,0.0
2020-02-21 00:00:00+09:00,484.0,486.0,482.0,483.0,13000,0.0,0.0
2020-02-25 00:00:00+09:00,477.0,477.0,455.0,458.0,54000,0.0,0.0
2020-02-26 00:00:00+09:00,456.0,460.0,450.0,451.0,67600,0.0,0.0
2020-02-27 00:00:00+09:00,450.0,452.0,444.0,447.0,53800,0.0,0.0
2020-02-28 00:00:00+09:00,419.0,419.0,403.0,406.0,21400,0.0,0.0
2020-03-02 00:00:00+09:00,412.0,448.0,412.0,446.0,23100,0.0,0.0
2020-03-03 00:00:00+09:00,446.0,449.0,439.0,439.0,15700,0.0,0.0
2020-03-04 00:00:00+09:00,439.0,443.0,438.0,438.0,9000,0.0,0.0
2020-03-05 00:00:00+09:00,439.0,441.0,422.0,423.0,9500,0.0,0.0
2020-03-06 00:00:00+09:00,415.0,415.0,400.0,400.0,15200,0.0,0.0
2020-03-09 00:00:00+09:00,386.0,386.0,357.0,357.0,13500,0.0,0.0
2020-03-10 00:00:00+09:00,349.0,381.0,341.0,352.0,36000,0.0,0.0
2020-03-11 00:00:00+09:00,358.0,379.0,358.0,373.0,22800,0.0,0.0
2020-03-12 00:00:00+09:00,359.0,362.0,352.0,360.0,34000,0.0,0.0
2020-03-13 00:00:00+09:00,340.0,340.0,317.0,330.0,27600,0.0,0.0
2020-03-16 00:00:00+09:00,330.0,352.0,330.0,348.0,9800,0.0,0.0
2020-03-17 00:00:00+09:00,342.0,380.0,340.0,377.0,18700,0.0,0.0
2020-03-18 00:00:00+09:00,375.0,433.0,374.0,425.0,26200,0.0,0.0
2020-03-19 00:00:00+09:00,411.0,453.0,411.0,453.0,27100,0.0,0.0
2020-03-23 00:00:00+09:00,453.0,462.0,444.0,459.0,26600,0.0,0.0
2020-03-24 00:00:00+09:00,460.0,460.0,441.0,453.0,22500,0.0,0.0
2020-03-25 00:00:00+09:00,453.0,453.0,432.0,442.0,16900,0.0,0.0
2020-03-26 00:00:00+09:00,437.0,451.0,429.0,451.0,17700,0.0,0.0
2020-03-27 00:00:00+09:00,451.0,465.0,448.0,456.0,36400,0.0,0.0
2020-03-30 00:00:00+09:00,432.0,452.0,432.0,452.0,9600,0.0,0.0
2020-03-31 00:00:00+09:00,459.0,461.0,454.0,460.0,9400,0.0,0.0
2020-04-01 00:00:00+09:00,436.0,444.0,435.0,435.0,7000,0.0,0.0
2020-04-02 00:00:00+09:00,431.0,432.0,426.0,428.0,6200,0.0,0.0
2020-04-03 00:00:00+09:00,436.0,444.0,425.0,425.0,8200,0.0,0.0
2020-04-06 00:00:00+09:00,417.0,432.0,417.0,432.0,6900,0.0,0.0
2020-04-07 00:00:00+09:00,448.0,453.0,423.0,444.0,23400,0.0,0.0
2020-04-08 00:00:00+09:00,449.0,453.0,444.0,450.0,15200,0.0,0.0
2020-04-09 00:00:00+09:00,450.0,450.0,446.0,448.0,3800,0.0,0.0
2020-04-10 00:00:00+09:00,448.0,449.0,440.0,449.0,6600,0.0,0.0
2020-04-13 00:00:00+09:00,446.0,446.0,434.0,434.0,4100,0.0,0.0
2020-04-14 00:00:00+09:00,422.0,451.0,422.0,450.0,16800,0.0,0.0
2020-04-15 00:00:00+09:00,436.0,448.0,432.0,444.0,8600,0.0,0.0
2020-04-16 00:00:00+09:00,445.0,448.0,444.0,447.0,6000,0.0,0.0
2020-04-17 00:00:00+09:00,450.0,453.0,444.0,453.0,4000,0.0,0.0
2020-04-20 00:00:00+09:00,454.0,460.0,454.0,460.0,10100,0.0,0.0
2020-04-21 00:00:00+09:00,457.0,460.0,455.0,460.0,7100,0.0,0.0
2020-04-22 00:00:00+09:00,458.0,460.0,454.0,457.0,6200,0.0,0.0
2020-04-23 00:00:00+09:00,460.0,460.0,455.0,459.0,6400,0.0,0.0
2020-04-24 00:00:00+09:00,459.0,463.0,459.0,461.0,8800,0.0,0.0
2020-04-27 00:00:00+09:00,461.0,472.0,461.0,466.0,14900,0.0,0.0
2020-04-28 00:00:00+09:00,474.0,474.0,463.0,469.0,11300,0.0,0.0
2020-04-30 00:00:00+09:00,470.0,472.0,466.0,466.0,9200,0.0,0.0
2020-05-01 00:00:00+09:00,465.0,465.0,459.0,463.0,3600,0.0,0.0
2020-05-07 00:00:00+09:00,461.0,462.0,456.0,461.0,4700,0.0,0.0
2020-05-08 00:00:00+09:00,461.0,461.0,453.0,460.0,4600,0.0,0.0
2020-05-11 00:00:00+09:00,455.0,466.0,455.0,466.0,8100,0.0,0.0
2020-05-12 00:00:00+09:00,468.0,468.0,455.0,455.0,9200,0.0,0.0
2020-05-13 00:00:00+09:00,455.0,457.0,453.0,457.0,3400,0.0,0.0
2020-05-14 00:00:00+09:00,457.0,457.0,449.0,450.0,6200,0.0,0.0
2020-05-15 00:00:00+09:00,451.0,452.0,438.0,441.0,6500,0.0,0.0
2020-05-18 00:00:00+09:00,430.0,434.0,429.0,434.0,8000,0.0,0.0
2020-05-19 00:00:00+09:00,435.0,441.0,435.0,439.0,4200,0.0,0.0
2020-05-20 00:00:00+09:00,439.0,443.0,436.0,436.0,9300,0.0,0.0
2020-05-21 00:00:00+09:00,445.0,445.0,440.0,441.0,5900,0.0,0.0
2020-05-22 00:00:00+09:00,436.0,437.0,433.0,437.0,4400,0.0,0.0
2020-05-25 00:00:00+09:00,442.0,444.0,440.0,442.0,4000,0.0,0.0
2020-05-26 00:00:00+09:00,445.0,448.0,442.0,448.0,6800,0.0,0.0
2020-05-27 00:00:00+09:00,448.0,451.0,445.0,451.0,13800,0.0,0.0
2020-05-28 00:00:00+09:00,453.0,454.0,449.0,454.0,10500,0.0,0.0
2020-05-29 00:00:00+09:00,450.0,454.0,450.0,451.0,3500,0.0,0.0
2020-06-01 00:00:00+09:00,450.0,453.0,446.0,448.0,3000,0.0,0.0
2020-06-02 00:00:00+09:00,445.0,448.0,445.0,448.0,4500,0.0,0.0
2020-06-03 00:00:00+09:00,450.0,451.0,446.0,451.0,10400,0.0,0.0
2020-06-04 00:00:00+09:00,451.0,452.0,445.0,449.0,2900,0.0,0.0
2020-06-05 00:00:00+09:00,452.0,452.0,446.0,450.0,5000,0.0,0.0
2020-06-08 00:00:00+09:00,452.0,453.0,445.0,448.0,12100,0.0,0.0
2020-06-09 00:00:00+09:00,446.0,448.0,444.0,446.0,5200,0.0,0.0
2020-06-10 00:00:00+09:00,440.0,443.0,430.0,435.0,32100,0.0,0.0
2020-06-11 00:00:00+09:00,435.0,439.0,432.0,434.0,10500,0.0,0.0
2020-06-12 00:00:00+09:00,420.0,428.0,420.0,424.0,20600,0.0,0.0
2020-06-15 00:00:00+09:00,426.0,426.0,421.0,423.0,4500,0.0,0.0
2020-06-16 00:00:00+09:00,425.0,431.0,423.0,426.0,10700,0.0,0.0
2020-06-17 00:00:00+09:00,430.0,430.0,427.0,430.0,4900,0.0,0.0
2020-06-18 00:00:00+09:00,430.0,430.0,428.0,430.0,7600,0.0,0.0
2020-06-19 00:00:00+09:00,430.0,431.0,428.0,430.0,7600,0.0,0.0
2020-06-22 00:00:00+09:00,430.0,430.0,428.0,430.0,4400,0.0,0.0
2020-06-23 00:00:00+09:00,430.0,435.0,429.0,433.0,4600,0.0,0.0
2020-06-24 00:00:00+09:00,433.0,434.0,429.0,432.0,4400,0.0,0.0
2020-06-25 00:00:00+09:00,434.0,434.0,430.0,432.0,6100,0.0,0.0
2020-06-26 00:00:00+09:00,435.0,435.0,433.0,435.0,5900,0.0,0.0
2020-06-29 00:00:00+09:00,435.0,436.0,432.0,433.0,12900,0.0,0.0
2020-06-30 00:00:00+09:00,434.0,436.0,432.0,432.0,4800,0.0,0.0
2020-07-01 00:00:00+09:00,432.0,436.0,429.0,429.0,3500,0.0,0.0
2020-07-02 00:00:00+09:00,430.0,434.0,428.0,430.0,3600,0.0,0.0
2020-07-03 00:00:00+09:00,432.0,432.0,425.0,427.0,5700,0.0,0.0
2020-07-06 00:00:00+09:00,422.0,432.0,422.0,431.0,7600,0.0,0.0
2020-07-07 00:00:00+09:00,426.0,429.0,410.0,410.0,18600,0.0,0.0
2020-07-08 00:00:00+09:00,407.0,410.0,386.0,401.0,54600,0.0,0.0
2020-07-09 00:00:00+09:00,409.0,412.0,375.0,375.0,49900,0.0,0.0
2020-07-10 00:00:00+09:00,380.0,402.0,380.0,390.0,69100,0.0,0.0
2020-07-13 00:00:00+09:00,398.0,408.0,390.0,390.0,22300,0.0,0.0
2020-07-14 00:00:00+09:00,395.0,399.0,393.0,399.0,5800,0.0,0.0
2020-07-15 00:00:00+09:00,407.0,408.0,404.0,407.0,6600,0.0,0.0
2020-07-16 00:00:00+09:00,415.0,415.0,406.0,406.0,9600,0.0,0.0
2020-07-17 00:00:00+09:00,409.0,410.0,403.0,403.0,4700,0.0,0.0
2020-07-20 00:00:00+09:00,403.0,405.0,402.0,405.0,2300,0.0,0.0
2020-07-21 00:00:00+09:00,402.0,406.0,398.0,404.0,8200,0.0,0.0
2020-07-22 00:00:00+09:00,404.0,412.0,404.0,405.0,14700,0.0,0.0
2020-07-27 00:00:00+09:00,405.0,412.0,405.0,409.0,21500,0.0,0.0
2020-07-28 00:00:00+09:00,413.0,413.0,400.0,407.0,29600,0.0,0.0
2020-07-29 00:00:00+09:00,407.0,410.0,376.0,379.0,48900,0.0,0.0
2020-07-30 00:00:00+09:00,382.0,393.0,375.0,379.0,18300,0.0,0.0
2020-07-31 00:00:00+09:00,383.0,386.0,378.0,378.0,18600,0.0,0.0
2020-08-03 00:00:00+09:00,386.0,393.0,383.0,385.0,8500,0.0,0.0
2020-08-04 00:00:00+09:00,392.0,399.0,392.0,398.0,8200,0.0,0.0
2020-08-05 00:00:00+09:00,400.0,400.0,397.0,400.0,5600,0.0,0.0
2020-08-06 00:00:00+09:00,400.0,400.0,397.0,398.0,15900,0.0,0.0
2020-08-07 00:00:00+09:00,400.0,400.0,397.0,397.0,10400,0.0,0.0
2020-08-11 00:00:00+09:00,402.0,404.0,399.0,404.0,10300,0.0,0.0
2020-08-12 00:00:00+09:00,404.0,410.0,401.0,409.0,12300,0.0,0.0
2020-08-13 00:00:00+09:00,411.0,414.0,408.0,411.0,10000,0.0,0.0
2020-08-14 00:00:00+09:00,414.0,414.0,411.0,412.0,6300,0.0,0.0
2020-08-17 00:00:00+09:00,412.0,414.0,403.0,403.0,20700,0.0,0.0
2020-08-18 00:00:00+09:00,403.0,406.0,402.0,405.0,13400,0.0,0.0
2020-08-19 00:00:00+09:00,404.0,407.0,404.0,405.0,6200,0.0,0.0
2020-08-20 00:00:00+09:00,404.0,409.0,403.0,403.0,7100,0.0,0.0
2020-08-21 00:00:00+09:00,403.0,405.0,402.0,403.0,5300,0.0,0.0
2020-08-24 00:00:00+09:00,403.0,405.0,403.0,405.0,15100,0.0,0.0
2020-08-25 00:00:00+09:00,405.0,408.0,403.0,403.0,20800,0.0,0.0
2020-08-26 00:00:00+09:00,403.0,406.0,401.0,401.0,41600,0.0,0.0
2020-08-27 00:00:00+09:00,401.0,405.0,401.0,403.0,149000,0.0,0.0
2020-08-28 00:00:00+09:00,403.0,403.0,391.0,398.0,90900,0.0,0.0
2020-08-31 00:00:00+09:00,405.0,407.0,400.0,403.0,24200,0.0,0.0
2020-09-01 00:00:00+09:00,400.0,403.0,400.0,401.0,6800,0.0,0.0
2020-09-02 00:00:00+09:00,401.0,403.0,400.0,402.0,5400,0.0,0.0
2020-09-03 00:00:00+09:00,402.0,403.0,400.0,400.0,5200,0.0,0.0
2020-09-04 00:00:00+09:00,400.0,401.0,399.0,399.0,4000,0.0,0.0
2020-09-07 00:00:00+09:00,399.0,404.0,398.0,401.0,10700,0.0,0.0
2020-09-08 00:00:00+09:00,402.0,411.0,402.0,408.0,13500,0.0,0.0
2020-09-09 00:00:00+09:00,408.0,409.0,402.0,409.0,21400,0.0,0.0
2020-09-10 00:00:00+09:00,409.0,410.0,404.0,409.0,15000,0.0,0.0
2020-09-11 00:00:00+09:00,450.0,452.0,425.0,425.0,177200,0.0,0.0
2020-09-14 00:00:00+09:00,429.0,430.0,409.0,419.0,29300,0.0,0.0
2020-09-15 00:00:00+09:00,421.0,421.0,413.0,417.0,12500,0.0,0.0
2020-09-16 00:00:00+09:00,415.0,420.0,415.0,418.0,9900,0.0,0.0
2020-09-17 00:00:00+09:00,420.0,427.0,419.0,424.0,12700,0.0,0.0
2020-09-18 00:00:00+09:00,424.0,427.0,421.0,425.0,11300,0.0,0.0
2020-09-23 00:00:00+09:00,422.0,424.0,420.0,422.0,10800,0.0,0.0
2020-09-24 00:00:00+09:00,425.0,425.0,420.0,423.0,5300,0.0,0.0
2020-09-25 00:00:00+09:00,421.0,423.0,421.0,423.0,6800,0.0,0.0
2020-09-28 00:00:00+09:00,423.0,430.0,423.0,430.0,31400,0.0,0.0
2020-09-29 00:00:00+09:00,438.0,440.0,431.0,438.0,15900,0.0,0.0
2020-09-30 00:00:00+09:00,440.0,444.0,434.0,437.0,15800,0.0,0.0
2020-10-02 00:00:00+09:00,431.0,433.0,420.0,420.0,7200,0.0,0.0
2020-10-05 00:00:00+09:00,420.0,423.0,419.0,423.0,20500,0.0,0.0
2020-10-06 00:00:00+09:00,423.0,425.0,421.0,425.0,5800,0.0,0.0
2020-10-07 00:00:00+09:00,425.0,440.0,425.0,440.0,13400,0.0,0.0
2020-10-08 00:00:00+09:00,440.0,445.0,423.0,437.0,30700,0.0,0.0
2020-10-09 00:00:00+09:00,432.0,438.0,432.0,435.0,8600,0.0,0.0
2020-10-12 00:00:00+09:00,435.0,442.0,435.0,442.0,6700,0.0,0.0
2020-10-13 00:00:00+09:00,442.0,442.0,421.0,429.0,15800,0.0,0.0
2020-10-14 00:00:00+09:00,422.0,423.0,422.0,423.0,4900,0.0,0.0
2020-10-15 00:00:00+09:00,423.0,423.0,422.0,423.0,1600,0.0,0.0
2020-10-16 00:00:00+09:00,423.0,423.0,420.0,420.0,1800,0.0,0.0
2020-10-19 00:00:00+09:00,418.0,419.0,416.0,417.0,3200,0.0,0.0
2020-10-20 00:00:00+09:00,414.0,417.0,413.0,414.0,6400,0.0,0.0
2020-10-21 00:00:00+09:00,413.0,419.0,412.0,417.0,6300,0.0,0.0
2020-10-22 00:00:00+09:00,414.0,420.0,414.0,420.0,2800,0.0,0.0
2020-10-23 00:00:00+09:00,421.0,426.0,421.0,425.0,3500,0.0,0.0
2020-10-26 00:00:00+09:00,425.0,428.0,425.0,426.0,3800,0.0,0.0
2020-10-27 00:00:00+09:00,426.0,433.0,426.0,433.0,12700,0.0,0.0
2020-10-28 00:00:00+09:00,435.0,436.0,431.0,434.0,7300,0.0,0.0
2020-10-29 00:00:00+09:00,433.0,433.0,423.0,423.0,6200,0.0,0.0
2020-10-30 00:00:00+09:00,424.0,430.0,424.0,426.0,1300,0.0,0.0
2020-11-02 00:00:00+09:00,423.0,425.0,417.0,417.0,8500,0.0,0.0
2020-11-04 00:00:00+09:00,418.0,422.0,417.0,422.0,9000,0.0,0.0
2020-11-05 00:00:00+09:00,422.0,429.0,422.0,429.0,6400,0.0,0.0
2020-11-06 00:00:00+09:00,426.0,426.0,421.0,425.0,9500,0.0,0.0
2020-11-09 00:00:00+09:00,423.0,428.0,421.0,428.0,5500,0.0,0.0
2020-11-10 00:00:00+09:00,430.0,432.0,424.0,428.0,19800,0.0,0.0
2020-11-11 00:00:00+09:00,430.0,433.0,426.0,429.0,6300,0.0,0.0
2020-11-12 00:00:00+09:00,429.0,432.0,424.0,429.0,5300,0.0,0.0
2020-11-13 00:00:00+09:00,420.0,422.0,411.0,419.0,26800,0.0,0.0
2020-11-16 00:00:00+09:00,415.0,419.0,415.0,418.0,8000,0.0,0.0
2020-11-17 00:00:00+09:00,416.0,418.0,402.0,411.0,17800,0.0,0.0
2020-11-18 00:00:00+09:00,410.0,412.0,410.0,410.0,3600,0.0,0.0
2020-11-19 00:00:00+09:00,410.0,412.0,406.0,409.0,2800,0.0,0.0
2020-11-20 00:00:00+09:00,405.0,409.0,405.0,406.0,5900,0.0,0.0
2020-11-24 00:00:00+09:00,408.0,418.0,408.0,411.0,8100,0.0,0.0
2020-11-25 00:00:00+09:00,417.0,417.0,412.0,412.0,7300,0.0,0.0
2020-11-26 00:00:00+09:00,413.0,416.0,413.0,415.0,5800,0.0,0.0
2020-11-27 00:00:00+09:00,415.0,417.0,409.0,410.0,17700,0.0,0.0
2020-11-30 00:00:00+09:00,410.0,412.0,408.0,408.0,1800,0.0,0.0
2020-12-01 00:00:00+09:00,408.0,408.0,400.0,402.0,10900,0.0,0.0
2020-12-02 00:00:00+09:00,406.0,406.0,403.0,404.0,4800,0.0,0.0
2020-12-03 00:00:00+09:00,402.0,405.0,402.0,403.0,5000,0.0,0.0
2020-12-04 00:00:00+09:00,405.0,405.0,401.0,402.0,7000,0.0,0.0
2020-12-07 00:00:00+09:00,402.0,402.0,390.0,390.0,22900,0.0,0.0
2020-12-08 00:00:00+09:00,390.0,396.0,390.0,391.0,10600,0.0,0.0
2020-12-09 00:00:00+09:00,395.0,395.0,393.0,395.0,6800,0.0,0.0
2020-12-10 00:00:00+09:00,390.0,394.0,390.0,390.0,14900,0.0,0.0
2020-12-11 00:00:00+09:00,392.0,394.0,390.0,394.0,6500,0.0,0.0
2020-12-14 00:00:00+09:00,394.0,396.0,390.0,390.0,16100,0.0,0.0
2020-12-15 00:00:00+09:00,390.0,395.0,390.0,391.0,4900,0.0,0.0
2020-12-16 00:00:00+09:00,390.0,393.0,390.0,390.0,5500,0.0,0.0
2020-12-17 00:00:00+09:00,390.0,393.0,390.0,392.0,11700,0.0,0.0
2020-12-18 00:00:00+09:00,393.0,393.0,391.0,393.0,5000,0.0,0.0
2020-12-21 00:00:00+09:00,393.0,394.0,390.0,391.0,13200,0.0,0.0
2020-12-22 00:00:00+09:00,392.0,393.0,390.0,390.0,9700,0.0,0.0
2020-12-23 00:00:00+09:00,389.0,390.0,388.0,389.0,8600,0.0,0.0
2020-12-24 00:00:00+09:00,388.0,390.0,388.0,389.0,7900,0.0,0.0
2020-12-25 00:00:00+09:00,389.0,389.0,386.0,387.0,11600,0.0,0.0
2020-12-28 00:00:00+09:00,387.0,389.0,387.0,388.0,15000,0.0,0.0
2020-12-29 00:00:00+09:00,390.0,394.0,389.0,394.0,9800,0.0,0.0
2020-12-30 00:00:00+09:00,394.0,396.0,392.0,396.0,6000,0.0,0.0
2021-01-04 00:00:00+09:00,398.0,398.0,396.0,396.0,10400,0.0,0.0
2021-01-05 00:00:00+09:00,396.0,396.0,392.0,396.0,10000,0.0,0.0
2021-01-06 00:00:00+09:00,398.0,399.0,396.0,398.0,5100,0.0,0.0
2021-01-07 00:00:00+09:00,400.0,402.0,400.0,402.0,6900,0.0,0.0
2021-01-08 00:00:00+09:00,402.0,406.0,398.0,402.0,9300,0.0,0.0
2021-01-12 00:00:00+09:00,402.0,403.0,362.0,365.0,213100,0.0,0.0
2021-01-13 00:00:00+09:00,357.0,373.0,357.0,371.0,136100,0.0,0.0
2021-01-14 00:00:00+09:00,369.0,369.0,364.0,369.0,42500,0.0,0.0
2021-01-15 00:00:00+09:00,366.0,369.0,365.0,369.0,21600,0.0,0.0
2021-01-18 00:00:00+09:00,366.0,370.0,366.0,369.0,15100,0.0,0.0
2021-01-19 00:00:00+09:00,369.0,370.0,366.0,366.0,18400,0.0,0.0
2021-01-20 00:00:00+09:00,366.0,368.0,365.0,366.0,15200,0.0,0.0
2021-01-21 00:00:00+09:00,365.0,367.0,365.0,365.0,11400,0.0,0.0
2021-01-22 00:00:00+09:00,363.0,365.0,361.0,361.0,12500,0.0,0.0
2021-01-25 00:00:00+09:00,360.0,363.0,351.0,352.0,31500,0.0,0.0
2021-01-26 00:00:00+09:00,350.0,350.0,345.0,347.0,24600,0.0,0.0
2021-01-27 00:00:00+09:00,346.0,347.0,326.0,333.0,154900,0.0,0.0
2021-01-28 00:00:00+09:00,337.0,340.0,330.0,336.0,43500,0.0,0.0
2021-01-29 00:00:00+09:00,336.0,339.0,335.0,336.0,20700,0.0,0.0
2021-02-01 00:00:00+09:00,332.0,335.0,330.0,331.0,21100,0.0,0.0
2021-02-02 00:00:00+09:00,331.0,333.0,330.0,331.0,18200,0.0,0.0
2021-02-03 00:00:00+09:00,333.0,340.0,332.0,337.0,37700,0.0,0.0
2021-02-04 00:00:00+09:00,339.0,340.0,335.0,337.0,14500,0.0,0.0
2021-02-05 00:00:00+09:00,337.0,342.0,337.0,342.0,21000,0.0,0.0
2021-02-08 00:00:00+09:00,344.0,347.0,340.0,344.0,40300,0.0,0.0
2021-02-09 00:00:00+09:00,345.0,345.0,332.0,338.0,45400,0.0,0.0
2021-02-10 00:00:00+09:00,338.0,344.0,336.0,343.0,11900,0.0,0.0
2021-02-12 00:00:00+09:00,344.0,344.0,339.0,339.0,18100,0.0,0.0
2021-02-15 00:00:00+09:00,338.0,339.0,335.0,335.0,13100,0.0,0.0
2021-02-16 00:00:00+09:00,335.0,338.0,335.0,336.0,10300,0.0,0.0
2021-02-17 00:00:00+09:00,338.0,338.0,335.0,335.0,15000,0.0,0.0
2021-02-18 00:00:00+09:00,337.0,339.0,337.0,339.0,10800,0.0,0.0
2021-02-19 00:00:00+09:00,337.0,340.0,335.0,340.0,12000,0.0,0.0
2021-02-22 00:00:00+09:00,339.0,340.0,337.0,340.0,8000,0.0,0.0
2021-02-24 00:00:00+09:00,340.0,341.0,331.0,334.0,28800,0.0,0.0
2021-02-25 00:00:00+09:00,334.0,339.0,334.0,336.0,21800,0.0,0.0
2021-02-26 00:00:00+09:00,335.0,338.0,335.0,337.0,8300,0.0,0.0
2021-03-01 00:00:00+09:00,337.0,338.0,336.0,337.0,15600,0.0,0.0
2021-03-02 00:00:00+09:00,338.0,339.0,335.0,337.0,6900,0.0,0.0
2021-03-03 00:00:00+09:00,337.0,338.0,335.0,337.0,6100,0.0,0.0
2021-03-04 00:00:00+09:00,337.0,337.0,334.0,337.0,3400,0.0,0.0
2021-03-05 00:00:00+09:00,335.0,339.0,333.0,338.0,12500,0.0,0.0
2021-03-08 00:00:00+09:00,338.0,341.0,337.0,341.0,12300,0.0,0.0
2021-03-09 00:00:00+09:00,343.0,345.0,339.0,345.0,19800,0.0,0.0
2021-03-10 00:00:00+09:00,345.0,346.0,343.0,346.0,11500,0.0,0.0
2021-03-11 00:00:00+09:00,344.0,347.0,344.0,347.0,13800,0.0,0.0
2021-03-12 00:00:00+09:00,348.0,350.0,346.0,350.0,18100,0.0,0.0
2021-03-15 00:00:00+09:00,350.0,350.0,346.0,347.0,10500,0.0,0.0
2021-03-16 00:00:00+09:00,347.0,348.0,344.0,347.0,11800,0.0,0.0
2021-03-17 00:00:00+09:00,348.0,356.0,348.0,356.0,18600,0.0,0.0
2021-03-18 00:00:00+09:00,352.0,357.0,348.0,354.0,13300,0.0,0.0
2021-03-19 00:00:00+09:00,354.0,354.0,350.0,353.0,8500,0.0,0.0
2021-03-22 00:00:00+09:00,353.0,353.0,345.0,349.0,13800,0.0,0.0
2021-03-23 00:00:00+09:00,345.0,349.0,345.0,345.0,13300,0.0,0.0
2021-03-24 00:00:00+09:00,345.0,346.0,341.0,346.0,13000,0.0,0.0
2021-03-25 00:00:00+09:00,346.0,351.0,344.0,351.0,14600,0.0,0.0
2021-03-26 00:00:00+09:00,350.0,351.0,348.0,349.0,11200,0.0,0.0
2021-03-29 00:00:00+09:00,349.0,351.0,349.0,351.0,15800,0.0,0.0
2021-03-30 00:00:00+09:00,351.0,351.0,349.0,351.0,11000,0.0,0.0
2021-03-31 00:00:00+09:00,351.0,351.0,347.0,348.0,11800,0.0,0.0
2021-04-01 00:00:00+09:00,348.0,348.0,345.0,346.0,2400,0.0,0.0
2021-04-02 00:00:00+09:00,346.0,346.0,345.0,345.0,2000,0.0,0.0
2021-04-05 00:00:00+09:00,343.0,343.0,342.0,342.0,6600,0.0,0.0
2021-04-06 00:00:00+09:00,342.0,345.0,342.0,343.0,7600,0.0,0.0
2021-04-07 00:00:00+09:00,342.0,344.0,341.0,344.0,5200,0.0,0.0
2021-04-08 00:00:00+09:00,343.0,343.0,340.0,343.0,7700,0.0,0.0
2021-04-09 00:00:00+09:00,338.0,339.0,337.0,337.0,9000,0.0,0.0
2021-04-12 00:00:00+09:00,337.0,339.0,334.0,337.0,13100,0.0,0.0
2021-04-13 00:00:00+09:00,337.0,341.0,307.0,323.0,125200,0.0,0.0
2021-04-14 00:00:00+09:00,321.0,325.0,317.0,324.0,31900,0.0,0.0
2021-04-15 00:00:00+09:00,324.0,324.0,317.0,320.0,24200,0.0,0.0
2021-04-16 00:00:00+09:00,320.0,320.0,318.0,318.0,8200,0.0,0.0
2021-04-19 00:00:00+09:00,317.0,319.0,317.0,319.0,4300,0.0,0.0
2021-04-20 00:00:00+09:00,318.0,320.0,317.0,318.0,11500,0.0,0.0
2021-04-21 00:00:00+09:00,319.0,319.0,317.0,317.0,10500,0.0,0.0
2021-04-22 00:00:00+09:00,316.0,319.0,316.0,317.0,6000,0.0,0.0
2021-04-23 00:00:00+09:00,317.0,321.0,317.0,320.0,5600,0.0,0.0
2021-04-26 00:00:00+09:00,321.0,321.0,317.0,318.0,6000,0.0,0.0
2021-04-27 00:00:00+09:00,318.0,318.0,313.0,313.0,23200,0.0,0.0
2021-04-28 00:00:00+09:00,313.0,314.0,310.0,310.0,11200,0.0,0.0
2021-04-30 00:00:00+09:00,310.0,310.0,308.0,308.0,3200,0.0,0.0
2021-05-06 00:00:00+09:00,307.0,310.0,306.0,308.0,8100,0.0,0.0
2021-05-07 00:00:00+09:00,308.0,309.0,307.0,308.0,6100,0.0,0.0
2021-05-10 00:00:00+09:00,308.0,310.0,308.0,310.0,7400,0.0,0.0
2021-05-11 00:00:00+09:00,310.0,310.0,307.0,307.0,12400,0.0,0.0
2021-05-12 00:00:00+09:00,306.0,308.0,304.0,304.0,7300,0.0,0.0
2021-05-13 00:00:00+09:00,303.0,305.0,302.0,305.0,12500,0.0,0.0
2021-05-14 00:00:00+09:00,304.0,307.0,303.0,304.0,8100,0.0,0.0
2021-05-17 00:00:00+09:00,303.0,305.0,296.0,297.0,22800,0.0,0.0
2021-05-18 00:00:00+09:00,297.0,297.0,294.0,295.0,11700,0.0,0.0
2021-05-19 00:00:00+09:00,294.0,294.0,291.0,292.0,16500,0.0,0.0
2021-05-20 00:00:00+09:00,290.0,292.0,288.0,292.0,8900,0.0,0.0
2021-05-21 00:00:00+09:00,289.0,290.0,287.0,288.0,9600,0.0,0.0
2021-05-24 00:00:00+09:00,286.0,287.0,282.0,282.0,16200,0.0,0.0
2021-05-25 00:00:00+09:00,274.0,282.0,271.0,278.0,48700,0.0,0.0
2021-05-26 00:00:00+09:00,277.0,279.0,275.0,279.0,18100,0.0,0.0
2021-05-27 00:00:00+09:00,279.0,280.0,276.0,276.0,33600,0.0,0.0
2021-05-28 00:00:00+09:00,276.0,276.0,271.0,271.0,19700,0.0,0.0
2021-05-31 00:00:00+09:00,270.0,270.0,263.0,264.0,36000,0.0,0.0
2021-06-01 00:00:00+09:00,265.0,267.0,265.0,266.0,6500,0.0,0.0
2021-06-02 00:00:00+09:00,267.0,346.0,267.0,346.0,3299300,0.0,0.0
2021-06-03 00:00:00+09:00,402.0,426.0,345.0,358.0,5747100,0.0,0.0
2021-06-04 00:00:00+09:00,335.0,348.0,320.0,329.0,907100,0.0,0.0
2021-06-07 00:00:00+09:00,325.0,328.0,311.0,314.0,279900,0.0,0.0
2021-06-08 00:00:00+09:00,308.0,325.0,302.0,309.0,408900,0.0,0.0
2021-06-09 00:00:00+09:00,310.0,314.0,303.0,308.0,104600,0.0,0.0
2021-06-10 00:00:00+09:00,304.0,309.0,302.0,303.0,69300,0.0,0.0
2021-06-11 00:00:00+09:00,300.0,318.0,300.0,303.0,120900,0.0,0.0
2021-06-14 00:00:00+09:00,308.0,309.0,297.0,297.0,97200,0.0,0.0
2021-06-15 00:00:00+09:00,298.0,301.0,298.0,298.0,20200,0.0,0.0
2021-06-16 00:00:00+09:00,299.0,308.0,298.0,305.0,51400,0.0,0.0
2021-06-17 00:00:00+09:00,304.0,304.0,300.0,301.0,21800,0.0,0.0
2021-06-18 00:00:00+09:00,302.0,302.0,292.0,292.0,52400,0.0,0.0
2021-06-21 00:00:00+09:00,289.0,290.0,283.0,285.0,42400,0.0,0.0
2021-06-22 00:00:00+09:00,290.0,290.0,282.0,286.0,21200,0.0,0.0
2021-06-23 00:00:00+09:00,287.0,288.0,284.0,284.0,10200,0.0,0.0
2021-06-24 00:00:00+09:00,283.0,285.0,281.0,282.0,30800,0.0,0.0
2021-06-25 00:00:00+09:00,281.0,287.0,280.0,287.0,22600,0.0,0.0
2021-06-28 00:00:00+09:00,287.0,290.0,283.0,283.0,25600,0.0,0.0
2021-06-29 00:00:00+09:00,286.0,286.0,282.0,284.0,15000,0.0,0.0
2021-06-30 00:00:00+09:00,282.0,284.0,280.0,280.0,17200,0.0,0.0
2021-07-01 00:00:00+09:00,280.0,290.0,279.0,280.0,51200,0.0,0.0
2021-07-02 00:00:00+09:00,280.0,282.0,278.0,278.0,44200,0.0,0.0
2021-07-05 00:00:00+09:00,279.0,282.0,278.0,279.0,26500,0.0,0.0
2021-07-06 00:00:00+09:00,280.0,283.0,278.0,278.0,22600,0.0,0.0
2021-07-07 00:00:00+09:00,278.0,278.0,272.0,273.0,29100,0.0,0.0
2021-07-08 00:00:00+09:00,277.0,306.0,267.0,268.0,433300,0.0,0.0
2021-07-09 00:00:00+09:00,266.0,268.0,262.0,262.0,58300,0.0,0.0
2021-07-12 00:00:00+09:00,263.0,264.0,261.0,263.0,55300,0.0,0.0
2021-07-13 00:00:00+09:00,264.0,265.0,261.0,265.0,19900,0.0,0.0
2021-07-14 00:00:00+09:00,264.0,264.0,262.0,263.0,12900,0.0,0.0
2021-07-15 00:00:00+09:00,263.0,265.0,261.0,261.0,11500,0.0,0.0
2021-07-16 00:00:00+09:00,261.0,264.0,261.0,262.0,13800,0.0,0.0
2021-07-19 00:00:00+09:00,264.0,264.0,260.0,260.0,21200,0.0,0.0
2021-07-20 00:00:00+09:00,260.0,261.0,258.0,258.0,12900,0.0,0.0
2021-07-21 00:00:00+09:00,258.0,260.0,257.0,259.0,16300,0.0,0.0
2021-07-26 00:00:00+09:00,262.0,262.0,258.0,261.0,18800,0.0,0.0
2021-07-27 00:00:00+09:00,261.0,262.0,261.0,262.0,11500,0.0,0.0
2021-07-28 00:00:00+09:00,270.0,299.0,250.0,253.0,1400100,0.0,0.0
2021-07-29 00:00:00+09:00,250.0,256.0,243.0,243.0,201800,0.0,0.0
2021-07-30 00:00:00+09:00,244.0,245.0,240.0,240.0,79000,0.0,0.0
2021-08-02 00:00:00+09:00,241.0,241.0,236.0,239.0,36900,0.0,0.0
2021-08-03 00:00:00+09:00,238.0,238.0,235.0,237.0,19500,0.0,0.0
2021-08-04 00:00:00+09:00,239.0,240.0,236.0,236.0,18200,0.0,0.0
2021-08-05 00:00:00+09:00,234.0,237.0,234.0,234.0,39800,0.0,0.0
2021-08-06 00:00:00+09:00,234.0,234.0,229.0,230.0,35200,0.0,0.0
2021-08-10 00:00:00+09:00,230.0,233.0,230.0,231.0,17900,0.0,0.0
2021-08-11 00:00:00+09:00,237.0,237.0,231.0,233.0,12000,0.0,0.0
2021-08-12 00:00:00+09:00,233.0,233.0,230.0,232.0,14100,0.0,0.0
2021-08-13 00:00:00+09:00,231.0,232.0,230.0,231.0,13500,0.0,0.0
2021-08-16 00:00:00+09:00,231.0,231.0,226.0,228.0,30900,0.0,0.0
2021-08-17 00:00:00+09:00,228.0,230.0,226.0,227.0,10200,0.0,0.0
2021-08-18 00:00:00+09:00,229.0,229.0,225.0,227.0,10900,0.0,0.0
2021-08-19 00:00:00+09:00,226.0,228.0,225.0,226.0,8500,0.0,0.0
2021-08-20 00:00:00+09:00,224.0,226.0,223.0,225.0,19200,0.0,0.0
2021-08-23 00:00:00+09:00,224.0,226.0,224.0,224.0,29100,0.0,0.0
2021-08-24 00:00:00+09:00,223.0,223.0,212.0,213.0,152900,0.0,0.0
2021-08-25 00:00:00+09:00,219.0,219.0,213.0,217.0,79900,0.0,0.0
2021-08-26 00:00:00+09:00,218.0,222.0,216.0,221.0,75300,0.0,0.0
2021-08-27 00:00:00+09:00,222.0,225.0,221.0,223.0,37700,0.0,0.0
2021-08-30 00:00:00+09:00,227.0,227.0,223.0,225.0,38400,0.0,0.0
2021-08-31 00:00:00+09:00,225.0,225.0,224.0,225.0,8300,0.0,0.0
2021-09-01 00:00:00+09:00,225.0,225.0,223.0,224.0,7300,0.0,0.0
2021-09-02 00:00:00+09:00,225.0,225.0,223.0,224.0,7300,0.0,0.0
2021-09-03 00:00:00+09:00,225.0,227.0,222.0,223.0,27000,0.0,0.0
2021-09-06 00:00:00+09:00,227.0,227.0,223.0,225.0,24900,0.0,0.0
2021-09-07 00:00:00+09:00,226.0,226.0,223.0,225.0,12000,0.0,0.0
2021-09-08 00:00:00+09:00,226.0,226.0,223.0,223.0,9300,0.0,0.0
2021-09-09 00:00:00+09:00,225.0,228.0,223.0,223.0,49500,0.0,0.0
2021-09-10 00:00:00+09:00,224.0,225.0,223.0,225.0,47800,0.0,0.0
2021-09-13 00:00:00+09:00,223.0,226.0,223.0,226.0,9200,0.0,0.0
2021-09-14 00:00:00+09:00,226.0,228.0,225.0,228.0,20800,0.0,0.0
2021-09-15 00:00:00+09:00,226.0,226.0,225.0,226.0,7400,0.0,0.0
2021-09-16 00:00:00+09:00,225.0,225.0,224.0,225.0,17000,0.0,0.0
2021-09-17 00:00:00+09:00,225.0,226.0,223.0,225.0,10900,0.0,0.0
2021-09-21 00:00:00+09:00,221.0,223.0,221.0,222.0,21600,0.0,0.0
2021-09-22 00:00:00+09:00,222.0,224.0,222.0,222.0,15100,0.0,0.0
2021-09-24 00:00:00+09:00,225.0,226.0,224.0,226.0,19200,0.0,0.0
2021-09-27 00:00:00+09:00,226.0,231.0,226.0,228.0,74500,0.0,0.0
2021-09-28 00:00:00+09:00,230.0,230.0,226.0,227.0,77500,0.0,0.0
2021-09-29 00:00:00+09:00,225.0,231.0,225.0,226.0,40800,0.0,0.0
2021-09-30 00:00:00+09:00,226.0,228.0,226.0,226.0,7500,0.0,0.0
2021-10-01 00:00:00+09:00,222.0,224.0,215.0,217.0,60800,0.0,0.0
2021-10-04 00:00:00+09:00,220.0,220.0,217.0,218.0,14700,0.0,0.0
2021-10-05 00:00:00+09:00,215.0,217.0,214.0,215.0,37600,0.0,0.0
2021-10-06 00:00:00+09:00,215.0,217.0,215.0,216.0,5500,0.0,0.0
2021-10-07 00:00:00+09:00,215.0,216.0,215.0,215.0,4600,0.0,0.0
2021-10-08 00:00:00+09:00,220.0,220.0,215.0,217.0,16000,0.0,0.0
2021-10-11 00:00:00+09:00,220.0,220.0,217.0,217.0,9400,0.0,0.0
2021-10-12 00:00:00+09:00,218.0,226.0,217.0,217.0,65300,0.0,0.0
2021-10-13 00:00:00+09:00,216.0,216.0,212.0,215.0,20800,0.0,0.0
2021-10-14 00:00:00+09:00,213.0,214.0,208.0,211.0,31100,0.0,0.0
2021-10-15 00:00:00+09:00,215.0,215.0,210.0,212.0,13900,0.0,0.0
2021-10-18 00:00:00+09:00,212.0,212.0,210.0,210.0,23500,0.0,0.0
2021-10-19 00:00:00+09:00,210.0,211.0,208.0,209.0,21100,0.0,0.0
2021-10-20 00:00:00+09:00,210.0,211.0,207.0,210.0,18600,0.0,0.0
2021-10-21 00:00:00+09:00,210.0,210.0,208.0,209.0,11300,0.0,0.0
2021-10-22 00:00:00+09:00,209.0,210.0,208.0,210.0,8900,0.0,0.0
2021-10-25 00:00:00+09:00,210.0,210.0,208.0,209.0,7200,0.0,0.0
2021-10-26 00:00:00+09:00,209.0,213.0,208.0,211.0,20500,0.0,0.0
2021-10-27 00:00:00+09:00,211.0,212.0,210.0,210.0,22600,0.0,0.0
2021-10-28 00:00:00+09:00,209.0,209.0,207.0,207.0,13600,0.0,0.0
2021-10-29 00:00:00+09:00,208.0,213.0,206.0,212.0,31800,0.0,0.0
2021-11-01 00:00:00+09:00,215.0,215.0,205.0,207.0,49600,0.0,0.0
2021-11-02 00:00:00+09:00,207.0,207.0,205.0,205.0,15400,0.0,0.0
2021-11-04 00:00:00+09:00,207.0,207.0,205.0,206.0,6500,0.0,0.0
2021-11-05 00:00:00+09:00,205.0,205.0,203.0,204.0,15500,0.0,0.0
2021-11-08 00:00:00+09:00,206.0,206.0,203.0,203.0,11400,0.0,0.0
2021-11-09 00:00:00+09:00,203.0,203.0,199.0,199.0,65900,0.0,0.0
2021-11-10 00:00:00+09:00,199.0,200.0,196.0,199.0,42600,0.0,0.0
2021-11-11 00:00:00+09:00,199.0,199.0,197.0,198.0,7400,0.0,0.0
2021-11-12 00:00:00+09:00,197.0,200.0,197.0,200.0,33500,0.0,0.0
2021-11-15 00:00:00+09:00,200.0,200.0,198.0,200.0,22000,0.0,0.0
2021-11-16 00:00:00+09:00,197.0,200.0,197.0,197.0,50000,0.0,0.0
2021-11-17 00:00:00+09:00,204.0,206.0,196.0,196.0,28800,0.0,0.0
2021-11-18 00:00:00+09:00,195.0,195.0,192.0,194.0,28100,0.0,0.0
2021-11-19 00:00:00+09:00,192.0,194.0,191.0,193.0,18000,0.0,0.0
2021-11-22 00:00:00+09:00,191.0,193.0,189.0,190.0,37300,0.0,0.0
2021-11-24 00:00:00+09:00,190.0,190.0,188.0,188.0,40900,0.0,0.0
2021-11-25 00:00:00+09:00,188.0,190.0,187.0,187.0,39600,0.0,0.0
2021-11-26 00:00:00+09:00,187.0,188.0,181.0,181.0,74400,0.0,0.0
2021-11-29 00:00:00+09:00,177.0,184.0,175.0,178.0,69600,0.0,0.0
2021-11-30 00:00:00+09:00,178.0,180.0,172.0,174.0,44400,0.0,0.0
2021-12-01 00:00:00+09:00,171.0,179.0,170.0,173.0,95100,0.0,0.0
2021-12-02 00:00:00+09:00,172.0,172.0,164.0,164.0,115300,0.0,0.0
2021-12-03 00:00:00+09:00,162.0,168.0,162.0,166.0,84600,0.0,0.0
2021-12-06 00:00:00+09:00,167.0,171.0,162.0,162.0,49600,0.0,0.0
2021-12-07 00:00:00+09:00,162.0,168.0,162.0,164.0,139500,0.0,0.0
2021-12-08 00:00:00+09:00,167.0,167.0,165.0,165.0,39100,0.0,0.0
2021-12-09 00:00:00+09:00,165.0,169.0,165.0,166.0,46000,0.0,0.0
2021-12-10 00:00:00+09:00,166.0,167.0,165.0,166.0,33600,0.0,0.0
2021-12-13 00:00:00+09:00,166.0,169.0,156.0,156.0,107900,0.0,0.0
2021-12-14 00:00:00+09:00,153.0,155.0,152.0,152.0,136800,0.0,0.0
2021-12-15 00:00:00+09:00,150.0,155.0,150.0,151.0,54800,0.0,0.0
2021-12-16 00:00:00+09:00,152.0,153.0,151.0,151.0,149400,0.0,0.0
2021-12-17 00:00:00+09:00,151.0,152.0,150.0,150.0,46000,0.0,0.0
2021-12-20 00:00:00+09:00,150.0,152.0,143.0,143.0,105500,0.0,0.0
2021-12-21 00:00:00+09:00,141.0,143.0,138.0,138.0,199300,0.0,0.0
2021-12-22 00:00:00+09:00,135.0,139.0,133.0,138.0,128900,0.0,0.0
2021-12-23 00:00:00+09:00,139.0,141.0,137.0,140.0,45700,0.0,0.0
2021-12-24 00:00:00+09:00,140.0,140.0,136.0,138.0,179400,0.0,0.0
2021-12-27 00:00:00+09:00,138.0,138.0,133.0,134.0,71500,0.0,0.0
2021-12-28 00:00:00+09:00,133.0,137.0,133.0,136.0,55800,0.0,0.0
2021-12-29 00:00:00+09:00,136.0,150.0,136.0,148.0,77700,0.0,0.0
2021-12-30 00:00:00+09:00,147.0,154.0,145.0,152.0,35700,0.0,0.0
2022-01-04 00:00:00+09:00,152.0,152.0,149.0,152.0,44300,0.0,0.0
2022-01-05 00:00:00+09:00,152.0,154.0,150.0,153.0,54600,0.0,0.0
2022-01-06 00:00:00+09:00,155.0,155.0,150.0,150.0,33300,0.0,0.0
2022-01-07 00:00:00+09:00,149.0,149.0,141.0,144.0,28800,0.0,0.0
2022-01-11 00:00:00+09:00,147.0,147.0,141.0,142.0,32600,0.0,0.0
2022-01-12 00:00:00+09:00,140.0,145.0,140.0,144.0,31200,0.0,0.0
2022-01-13 00:00:00+09:00,145.0,146.0,140.0,140.0,26100,0.0,0.0
2022-01-14 00:00:00+09:00,140.0,141.0,139.0,140.0,19900,0.0,0.0
2022-01-17 00:00:00+09:00,140.0,140.0,138.0,138.0,18100,0.0,0.0
2022-01-18 00:00:00+09:00,139.0,142.0,138.0,140.0,39600,0.0,0.0
2022-01-19 00:00:00+09:00,140.0,141.0,131.0,131.0,53400,0.0,0.0
2022-01-20 00:00:00+09:00,132.0,135.0,127.0,128.0,62400,0.0,0.0
2022-01-21 00:00:00+09:00,126.0,132.0,126.0,132.0,44400,0.0,0.0
2022-01-24 00:00:00+09:00,131.0,137.0,128.0,137.0,33000,0.0,0.0
2022-01-25 00:00:00+09:00,136.0,137.0,132.0,132.0,35700,0.0,0.0
2022-01-26 00:00:00+09:00,133.0,135.0,133.0,135.0,18500,0.0,0.0
2022-01-27 00:00:00+09:00,135.0,136.0,127.0,127.0,102600,0.0,0.0
2022-01-28 00:00:00+09:00,127.0,132.0,127.0,130.0,52500,0.0,0.0
2022-01-31 00:00:00+09:00,130.0,140.0,130.0,138.0,67100,0.0,0.0
2022-02-01 00:00:00+09:00,147.0,162.0,132.0,133.0,987100,0.0,0.0
2022-02-02 00:00:00+09:00,133.0,137.0,130.0,137.0,116500,0.0,0.0
2022-02-03 00:00:00+09:00,140.0,142.0,136.0,140.0,44000,0.0,0.0
2022-02-04 00:00:00+09:00,139.0,140.0,135.0,140.0,52300,0.0,0.0
2022-02-07 00:00:00+09:00,137.0,141.0,137.0,141.0,22500,0.0,0.0
2022-02-08 00:00:00+09:00,141.0,145.0,140.0,142.0,65300,0.0,0.0
2022-02-09 00:00:00+09:00,143.0,145.0,143.0,145.0,21700,0.0,0.0
2022-02-10 00:00:00+09:00,145.0,145.0,142.0,144.0,13200,0.0,0.0
2022-02-14 00:00:00+09:00,142.0,142.0,139.0,140.0,15200,0.0,0.0
2022-02-15 00:00:00+09:00,140.0,144.0,140.0,141.0,17500,0.0,0.0
2022-02-16 00:00:00+09:00,144.0,144.0,141.0,143.0,10900,0.0,0.0
2022-02-17 00:00:00+09:00,142.0,145.0,142.0,142.0,9600,0.0,0.0
2022-02-18 00:00:00+09:00,142.0,146.0,141.0,144.0,25500,0.0,0.0
2022-02-21 00:00:00+09:00,143.0,148.0,143.0,148.0,26200,0.0,0.0
2022-02-22 00:00:00+09:00,148.0,148.0,144.0,146.0,32300,0.0,0.0
2022-02-24 00:00:00+09:00,146.0,146.0,144.0,145.0,22900,0.0,0.0
2022-02-25 00:00:00+09:00,142.0,147.0,140.0,147.0,9900,0.0,0.0
2022-02-28 00:00:00+09:00,147.0,150.0,147.0,149.0,16300,0.0,0.0
2022-03-01 00:00:00+09:00,151.0,151.0,148.0,149.0,42000,0.0,0.0
2022-03-02 00:00:00+09:00,147.0,148.0,145.0,145.0,11900,0.0,0.0
2022-03-03 00:00:00+09:00,146.0,147.0,143.0,144.0,12800,0.0,0.0
2022-03-04 00:00:00+09:00,143.0,143.0,136.0,136.0,28700,0.0,0.0
2022-03-07 00:00:00+09:00,138.0,138.0,132.0,134.0,17400,0.0,0.0
2022-03-08 00:00:00+09:00,135.0,136.0,130.0,133.0,45900,0.0,0.0
2022-03-09 00:00:00+09:00,132.0,135.0,130.0,132.0,16600,0.0,0.0
2022-03-10 00:00:00+09:00,133.0,140.0,133.0,140.0,15900,0.0,0.0
2022-03-11 00:00:00+09:00,139.0,139.0,136.0,137.0,16000,0.0,0.0
2022-03-14 00:00:00+09:00,138.0,140.0,135.0,136.0,6900,0.0,0.0
2022-03-15 00:00:00+09:00,137.0,138.0,136.0,136.0,9500,0.0,0.0
2022-03-16 00:00:00+09:00,137.0,138.0,136.0,136.0,26600,0.0,0.0
2022-03-17 00:00:00+09:00,137.0,139.0,137.0,139.0,17200,0.0,0.0
2022-03-18 00:00:00+09:00,139.0,140.0,138.0,140.0,16600,0.0,0.0
2022-03-22 00:00:00+09:00,136.0,138.0,136.0,138.0,76400,0.0,0.0
2022-03-23 00:00:00+09:00,140.0,141.0,138.0,139.0,32300,0.0,0.0
2022-03-24 00:00:00+09:00,140.0,154.0,140.0,148.0,86200,0.0,0.0
2022-03-25 00:00:00+09:00,151.0,152.0,145.0,147.0,37500,0.0,0.0
2022-03-28 00:00:00+09:00,147.0,147.0,141.0,142.0,78900,0.0,0.0
2022-03-29 00:00:00+09:00,142.0,143.0,139.0,143.0,24500,0.0,0.0
2022-03-30 00:00:00+09:00,142.0,147.0,142.0,146.0,19500,0.0,0.0
2022-03-31 00:00:00+09:00,145.0,148.0,145.0,146.0,13600,0.0,0.0
2022-04-01 00:00:00+09:00,145.0,146.0,145.0,145.0,9100,0.0,0.0
2022-04-04 00:00:00+09:00,145.0,146.0,145.0,145.0,29400,0.0,0.0
2022-04-05 00:00:00+09:00,145.0,160.0,145.0,152.0,150200,0.0,0.0
2022-04-06 00:00:00+09:00,148.0,151.0,147.0,151.0,27500,0.0,0.0
2022-04-07 00:00:00+09:00,149.0,149.0,144.0,144.0,19000,0.0,0.0
2022-04-08 00:00:00+09:00,144.0,147.0,142.0,147.0,19300,0.0,0.0
2022-04-11 00:00:00+09:00,147.0,149.0,146.0,148.0,8400,0.0,0.0
2022-04-12 00:00:00+09:00,148.0,148.0,145.0,146.0,21200,0.0,0.0
2022-04-13 00:00:00+09:00,149.0,151.0,146.0,151.0,46700,0.0,0.0
2022-04-14 00:00:00+09:00,151.0,163.0,143.0,145.0,180800,0.0,0.0
2022-04-15 00:00:00+09:00,145.0,146.0,142.0,142.0,14900,0.0,0.0
2022-04-18 00:00:00+09:00,141.0,142.0,138.0,140.0,17600,0.0,0.0
2022-04-19 00:00:00+09:00,140.0,140.0,138.0,139.0,9800,0.0,0.0
2022-04-20 00:00:00+09:00,141.0,143.0,140.0,142.0,5300,0.0,0.0
2022-04-21 00:00:00+09:00,144.0,144.0,142.0,144.0,13400,0.0,0.0
2022-04-22 00:00:00+09:00,143.0,143.0,140.0,143.0,8800,0.0,0.0
2022-04-25 00:00:00+09:00,143.0,144.0,141.0,143.0,5700,0.0,0.0
2022-04-26 00:00:00+09:00,145.0,145.0,143.0,145.0,7800,0.0,0.0
2022-04-27 00:00:00+09:00,140.0,143.0,139.0,139.0,34600,0.0,0.0
2022-04-28 00:00:00+09:00,141.0,141.0,139.0,139.0,3200,0.0,0.0
2022-05-02 00:00:00+09:00,139.0,141.0,139.0,140.0,2200,0.0,0.0
2022-05-06 00:00:00+09:00,139.0,141.0,139.0,140.0,8800,0.0,0.0
2022-05-09 00:00:00+09:00,140.0,140.0,138.0,138.0,5300,0.0,0.0
2022-05-10 00:00:00+09:00,138.0,138.0,134.0,137.0,36800,0.0,0.0
2022-05-11 00:00:00+09:00,136.0,139.0,135.0,137.0,19300,0.0,0.0
2022-05-12 00:00:00+09:00,136.0,137.0,135.0,135.0,20900,0.0,0.0
2022-05-13 00:00:00+09:00,135.0,136.0,135.0,135.0,5500,0.0,0.0
2022-05-16 00:00:00+09:00,134.0,135.0,133.0,133.0,11600,0.0,0.0
2022-05-17 00:00:00+09:00,137.0,137.0,134.0,136.0,10300,0.0,0.0
2022-05-18 00:00:00+09:00,135.0,138.0,133.0,138.0,14200,0.0,0.0
2022-05-19 00:00:00+09:00,135.0,136.0,130.0,135.0,15900,0.0,0.0
2022-05-20 00:00:00+09:00,135.0,135.0,133.0,134.0,9000,0.0,0.0
2022-05-23 00:00:00+09:00,135.0,153.0,135.0,140.0,199400,0.0,0.0
2022-05-24 00:00:00+09:00,140.0,140.0,136.0,136.0,45700,0.0,0.0
2022-05-25 00:00:00+09:00,136.0,139.0,135.0,136.0,13100,0.0,0.0
2022-05-26 00:00:00+09:00,137.0,137.0,132.0,132.0,25700,0.0,0.0
2022-05-27 00:00:00+09:00,132.0,135.0,132.0,134.0,37300,0.0,0.0
2022-05-30 00:00:00+09:00,136.0,139.0,136.0,136.0,33200,0.0,0.0
2022-05-31 00:00:00+09:00,138.0,141.0,138.0,141.0,14600,0.0,0.0
2022-06-01 00:00:00+09:00,149.0,191.0,146.0,161.0,1417500,0.0,0.0
2022-06-02 00:00:00+09:00,171.0,171.0,153.0,155.0,205600,0.0,0.0
2022-06-03 00:00:00+09:00,158.0,158.0,148.0,154.0,86900,0.0,0.0
2022-06-06 00:00:00+09:00,154.0,155.0,149.0,152.0,42200,0.0,0.0
2022-06-07 00:00:00+09:00,151.0,164.0,149.0,154.0,82700,0.0,0.0
2022-06-08 00:00:00+09:00,155.0,162.0,152.0,155.0,37400,0.0,0.0
2022-06-09 00:00:00+09:00,158.0,162.0,152.0,153.0,30800,0.0,0.0
2022-06-10 00:00:00+09:00,153.0,154.0,151.0,152.0,22000,0.0,0.0
2022-06-13 00:00:00+09:00,154.0,154.0,151.0,151.0,19700,0.0,0.0
2022-06-14 00:00:00+09:00,150.0,151.0,146.0,149.0,42800,0.0,0.0
2022-06-15 00:00:00+09:00,147.0,148.0,142.0,142.0,31600,0.0,0.0
2022-06-16 00:00:00+09:00,146.0,146.0,142.0,143.0,21800,0.0,0.0
2022-06-17 00:00:00+09:00,143.0,146.0,142.0,144.0,31100,0.0,0.0
2022-06-20 00:00:00+09:00,144.0,146.0,144.0,144.0,17100,0.0,0.0
2022-06-21 00:00:00+09:00,147.0,147.0,146.0,147.0,8600,0.0,0.0
2022-06-22 00:00:00+09:00,147.0,147.0,146.0,146.0,6200,0.0,0.0
2022-06-23 00:00:00+09:00,145.0,150.0,145.0,148.0,11600,0.0,0.0
2022-06-24 00:00:00+09:00,150.0,155.0,147.0,147.0,76700,0.0,0.0
2022-06-27 00:00:00+09:00,147.0,149.0,147.0,147.0,15500,0.0,0.0
2022-06-28 00:00:00+09:00,149.0,150.0,143.0,144.0,34700,0.0,0.0
2022-06-29 00:00:00+09:00,144.0,146.0,143.0,143.0,20500,0.0,0.0
2022-06-30 00:00:00+09:00,143.0,143.0,140.0,142.0,15400,0.0,0.0
2022-07-01 00:00:00+09:00,143.0,155.0,143.0,150.0,72400,0.0,0.0
2022-07-04 00:00:00+09:00,150.0,152.0,147.0,149.0,27700,0.0,0.0
2022-07-05 00:00:00+09:00,154.0,154.0,149.0,149.0,11100,0.0,0.0
2022-07-06 00:00:00+09:00,144.0,149.0,144.0,145.0,32600,0.0,0.0
2022-07-07 00:00:00+09:00,147.0,147.0,144.0,146.0,7100,0.0,0.0
2022-07-08 00:00:00+09:00,147.0,147.0,145.0,146.0,12300,0.0,0.0
2022-07-11 00:00:00+09:00,147.0,148.0,146.0,146.0,12900,0.0,0.0
2022-07-12 00:00:00+09:00,148.0,190.0,148.0,158.0,1325200,0.0,0.0
2022-07-13 00:00:00+09:00,155.0,156.0,148.0,152.0,230400,0.0,0.0
2022-07-14 00:00:00+09:00,150.0,150.0,146.0,146.0,73200,0.0,0.0
2022-07-15 00:00:00+09:00,146.0,147.0,144.0,144.0,47800,0.0,0.0
2022-07-19 00:00:00+09:00,144.0,148.0,144.0,147.0,30700,0.0,0.0
2022-07-20 00:00:00+09:00,147.0,149.0,147.0,147.0,43100,0.0,0.0
2022-07-21 00:00:00+09:00,147.0,148.0,146.0,148.0,9600,0.0,0.0
2022-07-22 00:00:00+09:00,148.0,149.0,147.0,147.0,11900,0.0,0.0
2022-07-25 00:00:00+09:00,150.0,150.0,147.0,149.0,7700,0.0,0.0
2022-07-26 00:00:00+09:00,147.0,150.0,147.0,147.0,16100,0.0,0.0
2022-07-27 00:00:00+09:00,149.0,149.0,147.0,147.0,11700,0.0,0.0
2022-07-28 00:00:00+09:00,150.0,150.0,146.0,146.0,32000,0.0,0.0
2022-07-29 00:00:00+09:00,150.0,180.0,150.0,157.0,1285600,0.0,0.0
2022-08-01 00:00:00+09:00,157.0,157.0,150.0,153.0,99000,0.0,0.0
2022-08-02 00:00:00+09:00,155.0,155.0,150.0,151.0,37200,0.0,0.0
2022-08-03 00:00:00+09:00,152.0,152.0,150.0,150.0,36600,0.0,0.0
2022-08-04 00:00:00+09:00,153.0,168.0,151.0,157.0,211700,0.0,0.0
2022-08-05 00:00:00+09:00,157.0,166.0,155.0,163.0,74300,0.0,0.0
2022-08-08 00:00:00+09:00,160.0,163.0,158.0,163.0,51200,0.0,0.0
2022-08-09 00:00:00+09:00,164.0,166.0,160.0,166.0,42500,0.0,0.0
2022-08-10 00:00:00+09:00,166.0,169.0,161.0,164.0,78800,0.0,0.0
2022-08-12 00:00:00+09:00,165.0,165.0,155.0,157.0,80300,0.0,0.0
2022-08-15 00:00:00+09:00,156.0,158.0,153.0,154.0,40900,0.0,0.0
2022-08-16 00:00:00+09:00,154.0,156.0,153.0,155.0,27400,0.0,0.0
2022-08-17 00:00:00+09:00,155.0,158.0,153.0,156.0,34200,0.0,0.0
2022-08-18 00:00:00+09:00,156.0,158.0,154.0,156.0,19300,0.0,0.0
2022-08-19 00:00:00+09:00,158.0,158.0,155.0,155.0,15000,0.0,0.0
2022-08-22 00:00:00+09:00,155.0,157.0,154.0,156.0,15200,0.0,0.0
2022-08-23 00:00:00+09:00,156.0,157.0,154.0,156.0,11800,0.0,0.0
2022-08-24 00:00:00+09:00,157.0,158.0,155.0,158.0,25700,0.0,0.0
2022-08-25 00:00:00+09:00,158.0,160.0,156.0,160.0,15900,0.0,0.0
2022-08-26 00:00:00+09:00,160.0,162.0,158.0,159.0,14800,0.0,0.0
2022-08-29 00:00:00+09:00,159.0,159.0,157.0,158.0,34100,0.0,0.0
2022-08-30 00:00:00+09:00,157.0,159.0,157.0,158.0,18200,0.0,0.0
2022-08-31 00:00:00+09:00,157.0,157.0,153.0,155.0,35400,0.0,0.0
2022-09-01 00:00:00+09:00,153.0,155.0,146.0,150.0,92300,0.0,0.0
2022-09-02 00:00:00+09:00,150.0,152.0,148.0,152.0,16400,0.0,0.0
2022-09-05 00:00:00+09:00,153.0,153.0,149.0,151.0,13200,0.0,0.0
2022-09-06 00:00:00+09:00,150.0,150.0,147.0,147.0,33100,0.0,0.0
2022-09-07 00:00:00+09:00,147.0,147.0,144.0,147.0,47500,0.0,0.0
2022-09-08 00:00:00+09:00,147.0,147.0,145.0,145.0,19200,0.0,0.0
2022-09-09 00:00:00+09:00,145.0,147.0,145.0,147.0,9400,0.0,0.0
2022-09-12 00:00:00+09:00,150.0,150.0,147.0,148.0,12400,0.0,0.0
2022-09-13 00:00:00+09:00,148.0,148.0,147.0,148.0,9100,0.0,0.0
2022-09-14 00:00:00+09:00,146.0,147.0,144.0,146.0,24300,0.0,0.0
2022-09-15 00:00:00+09:00,146.0,157.0,145.0,151.0,81400,0.0,0.0
2022-09-16 00:00:00+09:00,152.0,156.0,148.0,148.0,41700,0.0,0.0
2022-09-20 00:00:00+09:00,148.0,149.0,145.0,145.0,26500,0.0,0.0
2022-09-21 00:00:00+09:00,145.0,146.0,144.0,145.0,11800,0.0,0.0
2022-09-22 00:00:00+09:00,144.0,145.0,142.0,145.0,17200,0.0,0.0
2022-09-26 00:00:00+09:00,142.0,144.0,141.0,142.0,10300,0.0,0.0
2022-09-27 00:00:00+09:00,142.0,144.0,142.0,144.0,7800,0.0,0.0
2022-09-28 00:00:00+09:00,146.0,146.0,140.0,143.0,32300,0.0,0.0
2022-09-29 00:00:00+09:00,146.0,146.0,144.0,145.0,8600,0.0,0.0
2022-09-30 00:00:00+09:00,145.0,145.0,141.0,141.0,13600,0.0,0.0
2022-10-03 00:00:00+09:00,140.0,142.0,140.0,142.0,5100,0.0,0.0
2022-10-04 00:00:00+09:00,143.0,145.0,142.0,143.0,14300,0.0,0.0
2022-10-05 00:00:00+09:00,145.0,145.0,142.0,143.0,8600,0.0,0.0
2022-10-06 00:00:00+09:00,142.0,146.0,142.0,143.0,8800,0.0,0.0
2022-10-07 00:00:00+09:00,143.0,147.0,142.0,147.0,7400,0.0,0.0
2022-10-11 00:00:00+09:00,147.0,158.0,144.0,158.0,98900,0.0,0.0
2022-10-12 00:00:00+09:00,157.0,163.0,147.0,149.0,203600,0.0,0.0
2022-10-13 00:00:00+09:00,147.0,149.0,145.0,145.0,42700,0.0,0.0
2022-10-14 00:00:00+09:00,145.0,147.0,142.0,146.0,28100,0.0,0.0
2022-10-17 00:00:00+09:00,145.0,145.0,143.0,143.0,15700,0.0,0.0
2022-10-18 00:00:00+09:00,145.0,145.0,142.0,145.0,21400,0.0,0.0
2022-10-19 00:00:00+09:00,145.0,145.0,142.0,144.0,10200,0.0,0.0
2022-10-20 00:00:00+09:00,145.0,145.0,143.0,144.0,5600,0.0,0.0
2022-10-21 00:00:00+09:00,144.0,144.0,143.0,143.0,2500,0.0,0.0
2022-10-24 00:00:00+09:00,145.0,145.0,142.0,143.0,11400,0.0,0.0
2022-10-25 00:00:00+09:00,144.0,144.0,143.0,143.0,2300,0.0,0.0
2022-10-26 00:00:00+09:00,143.0,144.0,143.0,144.0,4600,0.0,0.0
2022-10-27 00:00:00+09:00,144.0,145.0,143.0,143.0,18200,0.0,0.0
2022-10-28 00:00:00+09:00,143.0,145.0,143.0,145.0,51100,0.0,0.0
2022-10-31 00:00:00+09:00,145.0,147.0,144.0,146.0,14900,0.0,0.0
2022-11-01 00:00:00+09:00,147.0,148.0,145.0,148.0,12700,0.0,0.0
2022-11-02 00:00:00+09:00,146.0,147.0,144.0,144.0,17100,0.0,0.0
2022-11-04 00:00:00+09:00,144.0,145.0,142.0,143.0,21900,0.0,0.0
2022-11-07 00:00:00+09:00,144.0,146.0,143.0,145.0,12100,0.0,0.0
2022-11-08 00:00:00+09:00,146.0,146.0,144.0,146.0,13100,0.0,0.0
2022-11-09 00:00:00+09:00,146.0,146.0,144.0,145.0,12900,0.0,0.0
2022-11-10 00:00:00+09:00,145.0,147.0,144.0,144.0,18400,0.0,0.0
2022-11-11 00:00:00+09:00,147.0,148.0,145.0,148.0,18200,0.0,0.0
2022-11-14 00:00:00+09:00,146.0,149.0,146.0,149.0,6500,0.0,0.0
2022-11-15 00:00:00+09:00,149.0,149.0,144.0,146.0,28500,0.0,0.0
2022-11-16 00:00:00+09:00,149.0,149.0,146.0,147.0,6800,0.0,0.0
2022-11-17 00:00:00+09:00,148.0,149.0,147.0,149.0,6700,0.0,0.0
2022-11-18 00:00:00+09:00,149.0,149.0,147.0,148.0,4000,0.0,0.0
2022-11-21 00:00:00+09:00,148.0,148.0,147.0,147.0,4400,0.0,0.0
2022-11-22 00:00:00+09:00,148.0,148.0,147.0,147.0,16300,0.0,0.0
2022-11-24 00:00:00+09:00,148.0,149.0,148.0,149.0,7400,0.0,0.0
2022-11-25 00:00:00+09:00,148.0,149.0,147.0,149.0,7500,0.0,0.0
2022-11-28 00:00:00+09:00,149.0,151.0,147.0,148.0,25000,0.0,0.0
2022-11-29 00:00:00+09:00,149.0,151.0,147.0,149.0,24400,0.0,0.0
2022-11-30 00:00:00+09:00,152.0,152.0,149.0,150.0,16100,0.0,0.0
2022-12-01 00:00:00+09:00,151.0,154.0,150.0,150.0,9400,0.0,0.0
2022-12-02 00:00:00+09:00,150.0,151.0,148.0,148.0,10100,0.0,0.0
2022-12-05 00:00:00+09:00,148.0,149.0,146.0,147.0,17500,0.0,0.0
2022-12-06 00:00:00+09:00,147.0,149.0,147.0,147.0,4300,0.0,0.0
2022-12-07 00:00:00+09:00,147.0,147.0,143.0,146.0,51800,0.0,0.0
2022-12-08 00:00:00+09:00,147.0,147.0,145.0,145.0,5500,0.0,0.0
2022-12-09 00:00:00+09:00,147.0,147.0,145.0,145.0,8800,0.0,0.0
2022-12-12 00:00:00+09:00,145.0,149.0,144.0,144.0,51700,0.0,0.0
2022-12-13 00:00:00+09:00,145.0,146.0,143.0,143.0,19200,0.0,0.0
2022-12-14 00:00:00+09:00,145.0,145.0,143.0,145.0,6500,0.0,0.0
2022-12-15 00:00:00+09:00,144.0,145.0,144.0,145.0,6200,0.0,0.0
2022-12-16 00:00:00+09:00,145.0,146.0,145.0,145.0,6800,0.0,0.0
2022-12-19 00:00:00+09:00,145.0,146.0,144.0,145.0,25900,0.0,0.0
2022-12-20 00:00:00+09:00,146.0,146.0,141.0,142.0,20000,0.0,0.0
2022-12-21 00:00:00+09:00,142.0,144.0,142.0,142.0,13700,0.0,0.0
2022-12-22 00:00:00+09:00,140.0,140.0,137.0,139.0,33300,0.0,0.0
2022-12-23 00:00:00+09:00,138.0,139.0,137.0,138.0,24400,0.0,0.0
2022-12-26 00:00:00+09:00,137.0,139.0,137.0,139.0,7600,0.0,0.0
2022-12-27 00:00:00+09:00,139.0,139.0,137.0,138.0,20300,0.0,0.0
2022-12-28 00:00:00+09:00,137.0,138.0,136.0,136.0,25000,0.0,0.0
2022-12-29 00:00:00+09:00,136.0,139.0,136.0,139.0,6600,0.0,0.0
2022-12-30 00:00:00+09:00,138.0,140.0,138.0,140.0,7500,0.0,0.0
2023-01-04 00:00:00+09:00,140.0,141.0,139.0,140.0,7200,0.0,0.0
2023-01-05 00:00:00+09:00,141.0,141.0,139.0,139.0,7100,0.0,0.0
2023-01-06 00:00:00+09:00,139.0,144.0,139.0,143.0,13000,0.0,0.0
2023-01-10 00:00:00+09:00,144.0,144.0,141.0,142.0,13200,0.0,0.0
2023-01-11 00:00:00+09:00,143.0,154.0,138.0,140.0,133400,0.0,0.0
2023-01-12 00:00:00+09:00,140.0,140.0,138.0,139.0,26700,0.0,0.0
2023-01-13 00:00:00+09:00,139.0,140.0,139.0,139.0,6300,0.0,0.0
2023-01-16 00:00:00+09:00,139.0,139.0,137.0,137.0,12500,0.0,0.0
2023-01-17 00:00:00+09:00,137.0,138.0,137.0,138.0,6900,0.0,0.0
2023-01-18 00:00:00+09:00,138.0,138.0,137.0,137.0,7800,0.0,0.0
2023-01-19 00:00:00+09:00,137.0,138.0,137.0,137.0,5900,0.0,0.0
2023-01-20 00:00:00+09:00,138.0,138.0,137.0,138.0,10800,0.0,0.0
2023-01-23 00:00:00+09:00,139.0,139.0,137.0,138.0,7900,0.0,0.0
2023-01-24 00:00:00+09:00,138.0,139.0,137.0,139.0,5700,0.0,0.0
2023-01-25 00:00:00+09:00,139.0,141.0,138.0,140.0,13600,0.0,0.0
2023-01-26 00:00:00+09:00,140.0,141.0,139.0,140.0,4500,0.0,0.0
2023-01-27 00:00:00+09:00,140.0,141.0,140.0,141.0,11800,0.0,0.0
2023-01-30 00:00:00+09:00,143.0,144.0,141.0,141.0,54200,0.0,0.0
2023-01-31 00:00:00+09:00,141.0,145.0,141.0,142.0,6300,0.0,0.0
2023-02-01 00:00:00+09:00,144.0,145.0,142.0,143.0,5900,0.0,0.0
2023-02-02 00:00:00+09:00,143.0,143.0,141.0,141.0,2500,0.0,0.0
2023-02-03 00:00:00+09:00,141.0,142.0,141.0,142.0,1300,0.0,0.0
2023-02-06 00:00:00+09:00,142.0,142.0,137.0,138.0,26300,0.0,0.0
2023-02-07 00:00:00+09:00,138.0,140.0,138.0,139.0,6300,0.0,0.0
2023-02-08 00:00:00+09:00,140.0,140.0,139.0,140.0,2800,0.0,0.0
2023-02-09 00:00:00+09:00,139.0,140.0,138.0,139.0,7800,0.0,0.0
2023-02-10 00:00:00+09:00,139.0,140.0,138.0,139.0,4800,0.0,0.0
2023-02-13 00:00:00+09:00,143.0,144.0,138.0,138.0,43100,0.0,0.0
2023-02-14 00:00:00+09:00,138.0,138.0,137.0,138.0,3900,0.0,0.0
2023-02-15 00:00:00+09:00,139.0,140.0,136.0,137.0,18600,0.0,0.0
2023-02-16 00:00:00+09:00,137.0,139.0,137.0,138.0,7000,0.0,0.0
2023-02-17 00:00:00+09:00,140.0,140.0,138.0,139.0,2900,0.0,0.0
2023-02-20 00:00:00+09:00,140.0,141.0,137.0,138.0,25400,0.0,0.0
2023-02-21 00:00:00+09:00,138.0,139.0,138.0,138.0,4000,0.0,0.0
2023-02-22 00:00:00+09:00,138.0,138.0,138.0,138.0,4000,0.0,0.0
2023-02-24 00:00:00+09:00,138.0,139.0,137.0,138.0,14000,0.0,0.0
2023-02-27 00:00:00+09:00,138.0,140.0,138.0,139.0,7100,0.0,0.0
2023-02-28 00:00:00+09:00,141.0,141.0,139.0,140.0,13700,0.0,0.0
2023-03-01 00:00:00+09:00,140.0,140.0,138.0,138.0,9600,0.0,0.0
2023-03-02 00:00:00+09:00,138.0,140.0,138.0,139.0,14300,0.0,0.0
2023-03-03 00:00:00+09:00,138.0,140.0,137.0,137.0,24300,0.0,0.0
2023-03-06 00:00:00+09:00,139.0,139.0,136.0,137.0,18300,0.0,0.0
2023-03-07 00:00:00+09:00,137.0,140.0,136.0,138.0,37100,0.0,0.0
2023-03-08 00:00:00+09:00,139.0,139.0,136.0,139.0,41900,0.0,0.0
2023-03-09 00:00:00+09:00,139.0,139.0,137.0,139.0,22600,0.0,0.0
2023-03-10 00:00:00+09:00,138.0,139.0,137.0,138.0,31600,0.0,0.0
2023-03-13 00:00:00+09:00,138.0,140.0,137.0,138.0,23400,0.0,0.0
2023-03-14 00:00:00+09:00,138.0,138.0,131.0,133.0,103100,0.0,0.0
2023-03-15 00:00:00+09:00,134.0,135.0,133.0,134.0,15000,0.0,0.0
2023-03-16 00:00:00+09:00,132.0,133.0,129.0,129.0,65500,0.0,0.0
2023-03-17 00:00:00+09:00,131.0,132.0,130.0,131.0,39900,0.0,0.0
2023-03-20 00:00:00+09:00,132.0,132.0,130.0,131.0,4800,0.0,0.0
2023-03-22 00:00:00+09:00,132.0,133.0,131.0,132.0,27100,0.0,0.0
2023-03-23 00:00:00+09:00,133.0,134.0,132.0,133.0,6800,0.0,0.0
2023-03-24 00:00:00+09:00,133.0,134.0,133.0,133.0,11300,0.0,0.0
2023-03-27 00:00:00+09:00,133.0,136.0,133.0,136.0,16800,0.0,0.0
2023-03-28 00:00:00+09:00,138.0,142.0,136.0,142.0,38400,0.0,0.0
2023-03-29 00:00:00+09:00,141.0,142.0,138.0,142.0,17300,0.0,0.0
2023-03-30 00:00:00+09:00,141.0,143.0,138.0,143.0,18800,0.0,0.0
2023-03-31 00:00:00+09:00,143.0,143.0,141.0,142.0,5200,0.0,0.0
2023-04-03 00:00:00+09:00,143.0,143.0,141.0,142.0,5100,0.0,0.0
2023-04-04 00:00:00+09:00,142.0,142.0,140.0,141.0,8700,0.0,0.0
2023-04-05 00:00:00+09:00,138.0,141.0,138.0,139.0,9000,0.0,0.0
2023-04-06 00:00:00+09:00,139.0,144.0,139.0,142.0,27100,0.0,0.0
2023-04-07 00:00:00+09:00,141.0,147.0,141.0,142.0,35500,0.0,0.0
2023-04-10 00:00:00+09:00,144.0,145.0,142.0,143.0,21300,0.0,0.0
2023-04-11 00:00:00+09:00,143.0,147.0,143.0,146.0,7300,0.0,0.0
2023-04-12 00:00:00+09:00,146.0,146.0,141.0,146.0,25400,0.0,0.0
2023-04-13 00:00:00+09:00,146.0,196.0,145.0,196.0,958300,0.0,0.0
2023-04-14 00:00:00+09:00,215.0,233.0,178.0,180.0,2493200,0.0,0.0
2023-04-17 00:00:00+09:00,180.0,204.0,171.0,188.0,725700,0.0,0.0
2023-04-18 00:00:00+09:00,183.0,194.0,179.0,182.0,198100,0.0,0.0
2023-04-19 00:00:00+09:00,177.0,181.0,174.0,176.0,142800,0.0,0.0
2023-04-20 00:00:00+09:00,171.0,171.0,156.0,156.0,545100,0.0,0.0
2023-04-21 00:00:00+09:00,159.0,161.0,152.0,152.0,98400,0.0,0.0
2023-04-24 00:00:00+09:00,154.0,154.0,147.0,147.0,135100,0.0,0.0
2023-04-25 00:00:00+09:00,148.0,155.0,148.0,154.0,132000,0.0,0.0
2023-04-26 00:00:00+09:00,154.0,201.0,153.0,163.0,2090600,0.0,0.0
2023-04-27 00:00:00+09:00,176.0,213.0,167.0,213.0,3047400,0.0,0.0
2023-04-28 00:00:00+09:00,221.0,283.0,221.0,240.0,3174700,0.0,0.0
2023-05-01 00:00:00+09:00,265.0,320.0,265.0,320.0,2210100,0.0,0.0
2023-05-02 00:00:00+09:00,360.0,399.0,320.0,329.0,3112000,0.0,0.0
2023-05-08 00:00:00+09:00,305.0,328.0,283.0,290.0,1075100,0.0,0.0
2023-05-09 00:00:00+09:00,294.0,325.0,286.0,288.0,645500,0.0,0.0
2023-05-10 00:00:00+09:00,300.0,302.0,266.0,274.0,398800,0.0,0.0
2023-05-11 00:00:00+09:00,267.0,277.0,266.0,267.0,170900,0.0,0.0
2023-05-12 00:00:00+09:00,267.0,282.0,245.0,254.0,397000,0.0,0.0
2023-05-15 00:00:00+09:00,254.0,270.0,244.0,254.0,232100,0.0,0.0
2023-05-16 00:00:00+09:00,246.0,261.0,245.0,260.0,169100,0.0,0.0
2023-05-17 00:00:00+09:00,262.0,293.0,255.0,288.0,593400,0.0,0.0
2023-05-18 00:00:00+09:00,300.0,300.0,254.0,264.0,485100,0.0,0.0
2023-05-19 00:00:00+09:00,264.0,264.0,244.0,245.0,231000,0.0,0.0
2023-05-22 00:00:00+09:00,247.0,253.0,236.0,238.0,149700,0.0,0.0
2023-05-23 00:00:00+09:00,236.0,237.0,212.0,212.0,558300,0.0,0.0
2023-05-24 00:00:00+09:00,217.0,222.0,207.0,207.0,378400,0.0,0.0
2023-05-25 00:00:00+09:00,206.0,208.0,201.0,204.0,193700,0.0,0.0
2023-05-26 00:00:00+09:00,206.0,213.0,201.0,208.0,182700,0.0,0.0
2023-05-29 00:00:00+09:00,212.0,220.0,208.0,218.0,183600,0.0,0.0
2023-05-30 00:00:00+09:00,226.0,253.0,200.0,207.0,1514000,0.0,0.0
2023-05-31 00:00:00+09:00,204.0,210.0,201.0,205.0,236200,0.0,0.0
2023-06-01 00:00:00+09:00,206.0,206.0,202.0,202.0,125300,0.0,0.0
2023-06-02 00:00:00+09:00,202.0,205.0,201.0,203.0,77900,0.0,0.0
2023-06-05 00:00:00+09:00,207.0,210.0,206.0,206.0,112400,0.0,0.0
2023-06-06 00:00:00+09:00,206.0,207.0,202.0,202.0,86500,0.0,0.0
2023-06-07 00:00:00+09:00,204.0,211.0,203.0,207.0,96700,0.0,0.0
2023-06-08 00:00:00+09:00,205.0,209.0,203.0,203.0,50000,0.0,0.0
2023-06-09 00:00:00+09:00,205.0,205.0,197.0,198.0,146300,0.0,0.0
2023-06-12 00:00:00+09:00,198.0,199.0,193.0,198.0,89700,0.0,0.0
2023-06-13 00:00:00+09:00,205.0,220.0,194.0,195.0,544700,0.0,0.0
2023-06-14 00:00:00+09:00,196.0,196.0,189.0,189.0,154600,0.0,0.0
2023-06-15 00:00:00+09:00,189.0,189.0,185.0,187.0,131700,0.0,0.0
2023-06-16 00:00:00+09:00,188.0,195.0,188.0,193.0,134400,0.0,0.0
2023-06-19 00:00:00+09:00,196.0,196.0,193.0,195.0,62100,0.0,0.0
2023-06-20 00:00:00+09:00,193.0,196.0,193.0,195.0,52800,0.0,0.0
2023-06-21 00:00:00+09:00,197.0,199.0,195.0,199.0,52100,0.0,0.0
2023-06-22 00:00:00+09:00,196.0,198.0,191.0,192.0,95600,0.0,0.0
2023-06-23 00:00:00+09:00,197.0,208.0,195.0,199.0,296300,0.0,0.0
2023-06-26 00:00:00+09:00,202.0,214.0,192.0,192.0,371800,0.0,0.0
2023-06-27 00:00:00+09:00,192.0,193.0,185.0,188.0,198700,0.0,0.0
2023-06-28 00:00:00+09:00,187.0,192.0,187.0,191.0,51600,0.0,0.0
2023-06-29 00:00:00+09:00,192.0,192.0,189.0,190.0,36100,0.0,0.0
2023-06-30 00:00:00+09:00,189.0,190.0,186.0,190.0,58100,0.0,0.0
2023-07-03 00:00:00+09:00,190.0,197.0,190.0,195.0,65400,0.0,0.0
2023-07-04 00:00:00+09:00,193.0,205.0,193.0,204.0,171600,0.0,0.0
2023-07-05 00:00:00+09:00,206.0,206.0,199.0,202.0,129100,0.0,0.0
2023-07-06 00:00:00+09:00,204.0,225.0,201.0,224.0,518200,0.0,0.0
2023-07-07 00:00:00+09:00,215.0,225.0,209.0,212.0,425900,0.0,0.0
2023-07-10 00:00:00+09:00,220.0,247.0,216.0,233.0,964000,0.0,0.0
2023-07-11 00:00:00+09:00,249.0,298.0,235.0,253.0,2910900,0.0,0.0
2023-07-12 00:00:00+09:00,245.0,252.0,223.0,224.0,900900,0.0,0.0
2023-07-13 00:00:00+09:00,224.0,232.0,216.0,221.0,331900,0.0,0.0
2023-07-14 00:00:00+09:00,219.0,230.0,219.0,224.0,222100,0.0,0.0
2023-07-18 00:00:00+09:00,227.0,239.0,220.0,231.0,234200,0.0,0.0
2023-07-19 00:00:00+09:00,237.0,241.0,231.0,238.0,210000,0.0,0.0
2023-07-20 00:00:00+09:00,239.0,240.0,230.0,230.0,151000,0.0,0.0
2023-07-21 00:00:00+09:00,234.0,249.0,232.0,246.0,556300,0.0,0.0
2023-07-24 00:00:00+09:00,248.0,249.0,232.0,235.0,220600,0.0,0.0
2023-07-25 00:00:00+09:00,234.0,235.0,231.0,233.0,84700,0.0,0.0
2023-07-26 00:00:00+09:00,233.0,234.0,222.0,222.0,129400,0.0,0.0
2023-07-27 00:00:00+09:00,221.0,226.0,221.0,224.0,78100,0.0,0.0
2023-07-28 00:00:00+09:00,224.0,225.0,214.0,215.0,150300,0.0,0.0
2023-07-31 00:00:00+09:00,222.0,230.0,215.0,216.0,190600,0.0,0.0
2023-08-01 00:00:00+09:00,217.0,221.0,214.0,218.0,66100,0.0,0.0
2023-08-02 00:00:00+09:00,216.0,217.0,212.0,212.0,82600,0.0,0.0
2023-08-03 00:00:00+09:00,211.0,211.0,206.0,207.0,85100,0.0,0.0
2023-08-04 00:00:00+09:00,206.0,209.0,202.0,209.0,124300,0.0,0.0
2023-08-07 00:00:00+09:00,210.0,210.0,202.0,204.0,68600,0.0,0.0
2023-08-08 00:00:00+09:00,204.0,205.0,201.0,201.0,39600,0.0,0.0
2023-08-09 00:00:00+09:00,201.0,210.0,201.0,208.0,58400,0.0,0.0
2023-08-10 00:00:00+09:00,208.0,214.0,205.0,212.0,60200,0.0,0.0
2023-08-14 00:00:00+09:00,215.0,220.0,210.0,213.0,65400,0.0,0.0
2023-08-15 00:00:00+09:00,213.0,213.0,207.0,212.0,55700,0.0,0.0
2023-08-16 00:00:00+09:00,210.0,211.0,207.0,211.0,35900,0.0,0.0
2023-08-17 00:00:00+09:00,207.0,212.0,205.0,209.0,47100,0.0,0.0
2023-08-18 00:00:00+09:00,205.0,212.0,205.0,207.0,36600,0.0,0.0
2023-08-21 00:00:00+09:00,207.0,216.0,207.0,211.0,74000,0.0,0.0
2023-08-22 00:00:00+09:00,211.0,214.0,209.0,211.0,16600,0.0,0.0
2023-08-23 00:00:00+09:00,214.0,215.0,210.0,211.0,34000,0.0,0.0
2023-08-24 00:00:00+09:00,214.0,214.0,207.0,207.0,87700,0.0,0.0
2023-08-25 00:00:00+09:00,206.0,211.0,203.0,204.0,92800,0.0,0.0
2023-08-28 00:00:00+09:00,204.0,208.0,204.0,205.0,18600,0.0,0.0
2023-08-29 00:00:00+09:00,209.0,213.0,207.0,210.0,63800,0.0,0.0
2023-08-30 00:00:00+09:00,211.0,212.0,209.0,209.0,31800,0.0,0.0
2023-08-31 00:00:00+09:00,208.0,213.0,208.0,213.0,49700,0.0,0.0
2023-09-01 00:00:00+09:00,213.0,215.0,211.0,213.0,45000,0.0,0.0
2023-09-04 00:00:00+09:00,215.0,216.0,212.0,213.0,46200,0.0,0.0
2023-09-05 00:00:00+09:00,227.0,229.0,215.0,225.0,146000,0.0,0.0
2023-09-06 00:00:00+09:00,225.0,225.0,221.0,223.0,71300,0.0,0.0
2023-09-07 00:00:00+09:00,221.0,233.0,221.0,228.0,127400,0.0,0.0
2023-09-08 00:00:00+09:00,227.0,229.0,208.0,220.0,84100,0.0,0.0
2023-09-11 00:00:00+09:00,224.0,239.0,222.0,234.0,215800,0.0,0.0
2023-09-12 00:00:00+09:00,234.0,234.0,224.0,230.0,180500,0.0,0.0
2023-09-13 00:00:00+09:00,232.0,232.0,222.0,222.0,58700,0.0,0.0
2023-09-14 00:00:00+09:00,224.0,229.0,224.0,229.0,34900,0.0,0.0
2023-09-15 00:00:00+09:00,231.0,231.0,222.0,227.0,70400,0.0,0.0
2023-09-19 00:00:00+09:00,228.0,229.0,222.0,224.0,65500,0.0,0.0
2023-09-20 00:00:00+09:00,222.0,224.0,219.0,222.0,39200,0.0,0.0
2023-09-21 00:00:00+09:00,222.0,231.0,219.0,228.0,295800,0.0,0.0
2023-09-22 00:00:00+09:00,225.0,237.0,225.0,232.0,117500,0.0,0.0
2023-09-25 00:00:00+09:00,232.0,242.0,232.0,236.0,74700,0.0,0.0
2023-09-26 00:00:00+09:00,236.0,280.0,235.0,239.0,974200,0.0,0.0
2023-09-27 00:00:00+09:00,236.0,251.0,234.0,238.0,283300,0.0,0.0
2023-09-28 00:00:00+09:00,238.0,243.0,234.0,237.0,82600,0.0,0.0
2023-09-29 00:00:00+09:00,238.0,241.0,228.0,228.0,111000,0.0,0.0
2023-10-02 00:00:00+09:00,230.0,238.0,222.0,222.0,93900,0.0,0.0
2023-10-03 00:00:00+09:00,224.0,234.0,220.0,224.0,142400,0.0,0.0
2023-10-04 00:00:00+09:00,219.0,219.0,212.0,213.0,62600,0.0,0.0
2023-10-05 00:00:00+09:00,217.0,218.0,213.0,217.0,37500,0.0,0.0
2023-10-06 00:00:00+09:00,218.0,226.0,217.0,224.0,63200,0.0,0.0
2023-10-10 00:00:00+09:00,227.0,232.0,221.0,232.0,129800,0.0,0.0
2023-10-11 00:00:00+09:00,233.0,243.0,209.0,219.0,513300,0.0,0.0
2023-10-12 00:00:00+09:00,224.0,224.0,214.0,215.0,179700,0.0,0.0
2023-10-13 00:00:00+09:00,214.0,216.0,209.0,212.0,131300,0.0,0.0
2023-10-16 00:00:00+09:00,207.0,213.0,204.0,208.0,102700,0.0,0.0
2023-10-17 00:00:00+09:00,209.0,211.0,207.0,208.0,39300,0.0,0.0
2023-10-18 00:00:00+09:00,208.0,212.0,204.0,210.0,103000,0.0,0.0
2023-10-19 00:00:00+09:00,211.0,212.0,206.0,206.0,83600,0.0,0.0
2023-10-20 00:00:00+09:00,206.0,206.0,197.0,203.0,127000,0.0,0.0
2023-10-23 00:00:00+09:00,203.0,203.0,195.0,196.0,118900,0.0,0.0
2023-10-24 00:00:00+09:00,197.0,197.0,188.0,197.0,137700,0.0,0.0
2023-10-25 00:00:00+09:00,197.0,197.0,190.0,191.0,111800,0.0,0.0
2023-10-26 00:00:00+09:00,191.0,192.0,185.0,187.0,125500,0.0,0.0
2023-10-27 00:00:00+09:00,187.0,192.0,186.0,189.0,73400,0.0,0.0
2023-10-30 00:00:00+09:00,188.0,189.0,181.0,181.0,145100,0.0,0.0
2023-10-31 00:00:00+09:00,182.0,186.0,176.0,185.0,77200,0.0,0.0
2023-11-01 00:00:00+09:00,186.0,189.0,183.0,189.0,80500,0.0,0.0
2023-11-02 00:00:00+09:00,188.0,189.0,183.0,185.0,64200,0.0,0.0
2023-11-06 00:00:00+09:00,186.0,191.0,185.0,191.0,40000,0.0,0.0
2023-11-07 00:00:00+09:00,191.0,192.0,188.0,190.0,61500,0.0,0.0
2023-11-08 00:00:00+09:00,191.0,196.0,188.0,195.0,100600,0.0,0.0
2023-11-09 00:00:00+09:00,194.0,197.0,192.0,197.0,25200,0.0,0.0
2023-11-10 00:00:00+09:00,196.0,196.0,191.0,194.0,40500,0.0,0.0
2023-11-13 00:00:00+09:00,195.0,195.0,190.0,193.0,31200,0.0,0.0
2023-11-14 00:00:00+09:00,191.0,193.0,189.0,191.0,35300,0.0,0.0
2023-11-15 00:00:00+09:00,189.0,194.0,189.0,192.0,21200,0.0,0.0
2023-11-16 00:00:00+09:00,191.0,193.0,190.0,190.0,6200,0.0,0.0
2023-11-17 00:00:00+09:00,190.0,192.0,188.0,190.0,15900,0.0,0.0
2023-11-20 00:00:00+09:00,192.0,194.0,190.0,192.0,23200,0.0,0.0
2023-11-21 00:00:00+09:00,192.0,205.0,192.0,205.0,146000,0.0,0.0
2023-11-22 00:00:00+09:00,206.0,206.0,199.0,199.0,39300,0.0,0.0
2023-11-24 00:00:00+09:00,200.0,201.0,199.0,200.0,10300,0.0,0.0
2023-11-27 00:00:00+09:00,201.0,201.0,197.0,198.0,29900,0.0,0.0
2023-11-28 00:00:00+09:00,200.0,201.0,198.0,200.0,12600,0.0,0.0
2023-11-29 00:00:00+09:00,200.0,200.0,197.0,199.0,25200,0.0,0.0
2023-11-30 00:00:00+09:00,200.0,200.0,195.0,196.0,53500,0.0,0.0
2023-12-01 00:00:00+09:00,197.0,201.0,195.0,201.0,68600,0.0,0.0
2023-12-04 00:00:00+09:00,197.0,199.0,196.0,197.0,52300,0.0,0.0
2023-12-05 00:00:00+09:00,197.0,198.0,192.0,194.0,61100,0.0,0.0
2023-12-06 00:00:00+09:00,194.0,197.0,194.0,194.0,27800,0.0,0.0
2023-12-07 00:00:00+09:00,194.0,195.0,192.0,193.0,45800,0.0,0.0
2023-12-08 00:00:00+09:00,193.0,196.0,189.0,193.0,56200,0.0,0.0
2023-12-11 00:00:00+09:00,193.0,194.0,191.0,192.0,23700,0.0,0.0
2023-12-12 00:00:00+09:00,192.0,192.0,190.0,190.0,16800,0.0,0.0
2023-12-13 00:00:00+09:00,190.0,192.0,188.0,189.0,13200,0.0,0.0
2023-12-14 00:00:00+09:00,189.0,189.0,184.0,186.0,57600,0.0,0.0
2023-12-15 00:00:00+09:00,185.0,188.0,184.0,186.0,22700,0.0,0.0
2023-12-18 00:00:00+09:00,186.0,187.0,184.0,187.0,40400,0.0,0.0
2023-12-19 00:00:00+09:00,187.0,190.0,185.0,190.0,18800,0.0,0.0
2023-12-20 00:00:00+09:00,190.0,192.0,187.0,189.0,58200,0.0,0.0
2023-12-21 00:00:00+09:00,188.0,195.0,185.0,188.0,144700,0.0,0.0
2023-12-22 00:00:00+09:00,190.0,190.0,186.0,188.0,63300,0.0,0.0
2023-12-25 00:00:00+09:00,185.0,188.0,185.0,187.0,62700,0.0,0.0
2023-12-26 00:00:00+09:00,188.0,191.0,183.0,188.0,136500,0.0,0.0
2023-12-27 00:00:00+09:00,188.0,188.0,186.0,188.0,73300,0.0,0.0
2023-12-28 00:00:00+09:00,189.0,191.0,187.0,191.0,62700,0.0,0.0
2023-12-29 00:00:00+09:00,191.0,193.0,191.0,193.0,42800,0.0,0.0
2024-01-04 00:00:00+09:00,193.0,194.0,191.0,193.0,30800,0.0,0.0
2024-01-05 00:00:00+09:00,195.0,198.0,192.0,198.0,33300,0.0,0.0
2024-01-09 00:00:00+09:00,200.0,203.0,198.0,203.0,183800,0.0,0.0
2024-01-10 00:00:00+09:00,205.0,209.0,191.0,196.0,583000,0.0,0.0
2024-01-11 00:00:00+09:00,198.0,198.0,192.0,194.0,126200,0.0,0.0
2024-01-12 00:00:00+09:00,193.0,223.0,188.0,190.0,2024300,0.0,0.0
2024-01-15 00:00:00+09:00,190.0,197.0,190.0,196.0,135600,0.0,0.0
2024-01-16 00:00:00+09:00,190.0,203.0,190.0,201.0,116800,0.0,0.0
2024-01-17 00:00:00+09:00,200.0,203.0,196.0,197.0,131600,0.0,0.0
2024-01-18 00:00:00+09:00,197.0,200.0,196.0,197.0,45800,0.0,0.0
2024-01-19 00:00:00+09:00,199.0,201.0,197.0,200.0,74200,0.0,0.0
2024-01-22 00:00:00+09:00,201.0,204.0,200.0,200.0,92100,0.0,0.0
2024-01-23 00:00:00+09:00,200.0,232.0,199.0,206.0,981100,0.0,0.0
2024-01-24 00:00:00+09:00,208.0,214.0,206.0,212.0,139100,0.0,0.0
2024-01-25 00:00:00+09:00,212.0,212.0,207.0,212.0,104200,0.0,0.0
2024-01-26 00:00:00+09:00,212.0,212.0,207.0,207.0,83000,0.0,0.0
2024-01-29 00:00:00+09:00,208.0,211.0,206.0,207.0,78600,0.0,0.0
2024-01-30 00:00:00+09:00,207.0,211.0,205.0,205.0,99500,0.0,0.0
2024-01-31 00:00:00+09:00,205.0,215.0,205.0,211.0,127600,0.0,0.0
2024-02-01 00:00:00+09:00,207.0,212.0,207.0,212.0,55900,0.0,0.0
2024-02-02 00:00:00+09:00,212.0,213.0,209.0,213.0,35400,0.0,0.0
2024-02-05 00:00:00+09:00,210.0,215.0,210.0,212.0,58700,0.0,0.0
2024-02-06 00:00:00+09:00,212.0,258.0,210.0,245.0,1306300,0.0,0.0
2024-02-07 00:00:00+09:00,259.0,267.0,233.0,244.0,1770800,0.0,0.0
2024-02-08 00:00:00+09:00,239.0,324.0,229.0,324.0,4862100,0.0,0.0
2024-02-09 00:00:00+09:00,404.0,404.0,404.0,404.0,120900,0.0,0.0
2024-02-13 00:00:00+09:00,404.0,415.0,324.0,324.0,1679400,0.0,0.0
2024-02-14 00:00:00+09:00,270.0,295.0,263.0,269.0,2144100,0.0,0.0
2024-02-15 00:00:00+09:00,270.0,319.0,265.0,288.0,2164400,0.0,0.0
2024-02-16 00:00:00+09:00,288.0,306.0,279.0,282.0,811100,0.0,0.0
2024-02-19 00:00:00+09:00,286.0,309.0,281.0,309.0,759400,0.0,0.0
2024-02-20 00:00:00+09:00,309.0,319.0,300.0,303.0,491200,0.0,0.0
2024-02-21 00:00:00+09:00,308.0,331.0,303.0,313.0,665600,0.0,0.0
2024-02-22 00:00:00+09:00,318.0,321.0,306.0,306.0,252100,0.0,0.0
2024-02-26 00:00:00+09:00,304.0,304.0,287.0,295.0,429800,0.0,0.0
2024-02-27 00:00:00+09:00,295.0,301.0,288.0,299.0,288900,0.0,0.0
2024-02-28 00:00:00+09:00,295.0,302.0,288.0,288.0,211400,0.0,0.0
2024-02-29 00:00:00+09:00,288.0,291.0,278.0,287.0,180200,0.0,0.0
2024-03-01 00:00:00+09:00,287.0,287.0,276.0,276.0,211800,0.0,0.0
2024-03-04 00:00:00+09:00,274.0,277.0,261.0,268.0,311700,0.0,0.0
2024-03-05 00:00:00+09:00,264.0,268.0,254.0,260.0,209700,0.0,0.0
2024-03-06 00:00:00+09:00,259.0,270.0,258.0,269.0,157600,0.0,0.0
2024-03-07 00:00:00+09:00,267.0,267.0,255.0,258.0,163700,0.0,0.0
2024-03-08 00:00:00+09:00,258.0,274.0,257.0,274.0,160000,0.0,0.0
2024-03-11 00:00:00+09:00,273.0,273.0,258.0,261.0,127800,0.0,0.0
2024-03-12 00:00:00+09:00,261.0,267.0,255.0,265.0,78500,0.0,0.0
2024-03-13 00:00:00+09:00,267.0,273.0,264.0,267.0,51000,0.0,0.0
2024-03-14 00:00:00+09:00,265.0,268.0,260.0,268.0,92500,0.0,0.0
2024-03-15 00:00:00+09:00,264.0,271.0,264.0,267.0,34100,0.0,0.0
2024-03-18 00:00:00+09:00,267.0,273.0,267.0,269.0,97000,0.0,0.0
2024-03-19 00:00:00+09:00,269.0,270.0,263.0,265.0,63200,0.0,0.0
2024-03-21 00:00:00+09:00,265.0,283.0,265.0,267.0,372700,0.0,0.0
2024-03-22 00:00:00+09:00,270.0,273.0,266.0,269.0,92700,0.0,0.0
2024-03-25 00:00:00+09:00,269.0,271.0,263.0,265.0,74900,0.0,0.0
2024-03-26 00:00:00+09:00,265.0,268.0,262.0,264.0,79100,0.0,0.0
2024-03-27 00:00:00+09:00,264.0,269.0,264.0,266.0,74300,0.0,0.0
2024-03-28 00:00:00+09:00,270.0,271.0,267.0,270.0,94800,0.0,0.0
2024-03-29 00:00:00+09:00,270.0,272.0,267.0,268.0,59000,0.0,0.0
2024-04-01 00:00:00+09:00,268.0,280.0,265.0,278.0,210100,0.0,0.0
2024-04-02 00:00:00+09:00,281.0,281.0,264.0,267.0,210700,0.0,0.0
2024-04-03 00:00:00+09:00,266.0,269.0,263.0,264.0,107300,0.0,0.0
2024-04-04 00:00:00+09:00,268.0,269.0,261.0,261.0,116100,0.0,0.0
2024-04-05 00:00:00+09:00,258.0,260.0,255.0,260.0,140200,0.0,0.0
2024-04-08 00:00:00+09:00,261.0,265.0,259.0,260.0,90300,0.0,0.0
2024-04-09 00:00:00+09:00,262.0,267.0,261.0,262.0,66900,0.0,0.0
2024-04-10 00:00:00+09:00,264.0,270.0,264.0,264.0,98100,0.0,0.0
2024-04-11 00:00:00+09:00,266.0,269.0,260.0,268.0,117500,0.0,0.0
2024-04-12 00:00:00+09:00,267.0,281.0,221.0,230.0,1347400,0.0,0.0
2024-04-15 00:00:00+09:00,230.0,252.0,230.0,246.0,585100,0.0,0.0
2024-04-16 00:00:00+09:00,245.0,248.0,240.0,242.0,175300,0.0,0.0
2024-04-17 00:00:00+09:00,242.0,242.0,232.0,234.0,177400,0.0,0.0
2024-04-18 00:00:00+09:00,234.0,244.0,234.0,237.0,153900,0.0,0.0
2024-04-19 00:00:00+09:00,233.0,235.0,229.0,232.0,198300,0.0,0.0
2024-04-22 00:00:00+09:00,227.0,236.0,226.0,232.0,115200,0.0,0.0
2024-04-23 00:00:00+09:00,232.0,239.0,232.0,237.0,68900,0.0,0.0
2024-04-24 00:00:00+09:00,237.0,241.0,237.0,239.0,35900,0.0,0.0
2024-04-25 00:00:00+09:00,240.0,240.0,232.0,234.0,68100,0.0,0.0
2024-04-26 00:00:00+09:00,233.0,234.0,230.0,231.0,67800,0.0,0.0
2024-04-30 00:00:00+09:00,233.0,234.0,228.0,229.0,147800,0.0,0.0
2024-05-01 00:00:00+09:00,229.0,229.0,227.0,229.0,14300,0.0,0.0
2024-05-02 00:00:00+09:00,229.0,230.0,227.0,227.0,36100,0.0,0.0
2024-05-07 00:00:00+09:00,229.0,239.0,228.0,237.0,107400,0.0,0.0
2024-05-08 00:00:00+09:00,238.0,238.0,230.0,230.0,41700,0.0,0.0
2024-05-09 00:00:00+09:00,230.0,230.0,226.0,228.0,26100,0.0,0.0
2024-05-10 00:00:00+09:00,228.0,228.0,225.0,226.0,40900,0.0,0.0
2024-05-13 00:00:00+09:00,225.0,229.0,221.0,229.0,63300,0.0,0.0
2024-05-14 00:00:00+09:00,229.0,235.0,227.0,233.0,62400,0.0,0.0
2024-05-15 00:00:00+09:00,233.0,233.0,230.0,230.0,22600,0.0,0.0
2024-05-16 00:00:00+09:00,229.0,232.0,226.0,232.0,31300,0.0,0.0
2024-05-17 00:00:00+09:00,230.0,247.0,230.0,243.0,135500,0.0,0.0
2024-05-20 00:00:00+09:00,244.0,247.0,241.0,241.0,33400,0.0,0.0
2024-05-21 00:00:00+09:00,243.0,260.0,243.0,257.0,175100,0.0,0.0
2024-05-22 00:00:00+09:00,259.0,291.0,257.0,273.0,790700,0.0,0.0
2024-05-23 00:00:00+09:00,281.0,282.0,263.0,268.0,289600,0.0,0.0
2024-05-24 00:00:00+09:00,266.0,275.0,265.0,265.0,89600,0.0,0.0
2024-05-27 00:00:00+09:00,270.0,273.0,261.0,265.0,139800,0.0,0.0
2024-05-28 00:00:00+09:00,264.0,272.0,263.0,271.0,73500,0.0,0.0
2024-05-29 00:00:00+09:00,272.0,272.0,260.0,262.0,89000,0.0,0.0
2024-05-30 00:00:00+09:00,260.0,267.0,259.0,261.0,56600,0.0,0.0
2024-05-31 00:00:00+09:00,253.0,256.0,242.0,253.0,224900,0.0,0.0
2024-06-03 00:00:00+09:00,252.0,259.0,247.0,252.0,106000,0.0,0.0
2024-06-04 00:00:00+09:00,256.0,261.0,249.0,250.0,91700,0.0,0.0
2024-06-05 00:00:00+09:00,252.0,252.0,244.0,246.0,111900,0.0,0.0
2024-06-06 00:00:00+09:00,250.0,258.0,246.0,252.0,164300,0.0,0.0
2024-06-07 00:00:00+09:00,250.0,260.0,250.0,256.0,79200,0.0,0.0
2024-06-10 00:00:00+09:00,257.0,263.0,254.0,263.0,54600,0.0,0.0
2024-06-11 00:00:00+09:00,260.0,260.0,257.0,260.0,44500,0.0,0.0
2024-06-12 00:00:00+09:00,261.0,261.0,256.0,256.0,27700,0.0,0.0
2024-06-13 00:00:00+09:00,255.0,257.0,253.0,253.0,31900,0.0,0.0
2024-06-14 00:00:00+09:00,254.0,259.0,251.0,257.0,76100,0.0,0.0
2024-06-17 00:00:00+09:00,258.0,258.0,252.0,254.0,40200,0.0,0.0
2024-06-18 00:00:00+09:00,254.0,261.0,252.0,253.0,72400,0.0,0.0
2024-06-19 00:00:00+09:00,252.0,253.0,247.0,250.0,66600,0.0,0.0
2024-06-20 00:00:00+09:00,250.0,250.0,244.0,245.0,55400,0.0,0.0
2024-06-21 00:00:00+09:00,245.0,247.0,244.0,245.0,18900,0.0,0.0
2024-06-24 00:00:00+09:00,245.0,258.0,245.0,256.0,140900,0.0,0.0
2024-06-25 00:00:00+09:00,262.0,278.0,251.0,256.0,643000,0.0,0.0
2024-06-26 00:00:00+09:00,256.0,263.0,250.0,260.0,161700,0.0,0.0
2024-06-27 00:00:00+09:00,260.0,261.0,255.0,258.0,54300,0.0,0.0
2024-06-28 00:00:00+09:00,261.0,261.0,255.0,257.0,26600,0.0,0.0
2024-07-01 00:00:00+09:00,257.0,259.0,253.0,253.0,25000,0.0,0.0
2024-07-02 00:00:00+09:00,253.0,256.0,253.0,254.0,19300,0.0,0.0
2024-07-03 00:00:00+09:00,254.0,255.0,252.0,252.0,16800,0.0,0.0
2024-07-04 00:00:00+09:00,254.0,265.0,254.0,262.0,153700,0.0,0.0
2024-07-05 00:00:00+09:00,262.0,269.0,261.0,267.0,95900,0.0,0.0
2024-07-08 00:00:00+09:00,269.0,271.0,252.0,256.0,95700,0.0,0.0
2024-07-09 00:00:00+09:00,256.0,256.0,250.0,252.0,112900,0.0,0.0
2024-07-10 00:00:00+09:00,253.0,254.0,247.0,249.0,94800,0.0,0.0
2024-07-11 00:00:00+09:00,253.0,289.0,246.0,278.0,2942400,0.0,0.0
2024-07-12 00:00:00+09:00,250.0,259.0,246.0,254.0,1298000,0.0,0.0
2024-07-16 00:00:00+09:00,252.0,253.0,246.0,249.0,316800,0.0,0.0
2024-07-17 00:00:00+09:00,249.0,249.0,242.0,245.0,298500,0.0,0.0
2024-07-18 00:00:00+09:00,242.0,245.0,241.0,244.0,122200,0.0,0.0
2024-07-19 00:00:00+09:00,243.0,244.0,241.0,243.0,68500,0.0,0.0
2024-07-22 00:00:00+09:00,241.0,242.0,238.0,239.0,135200,0.0,0.0
2024-07-23 00:00:00+09:00,243.0,246.0,241.0,243.0,86000,0.0,0.0
2024-07-24 00:00:00+09:00,242.0,244.0,240.0,240.0,57600,0.0,0.0
2024-07-25 00:00:00+09:00,238.0,239.0,234.0,235.0,141100,0.0,0.0
2024-07-26 00:00:00+09:00,235.0,239.0,235.0,236.0,28500,0.0,0.0
2024-07-29 00:00:00+09:00,236.0,241.0,236.0,239.0,43300,0.0,0.0
2024-07-30 00:00:00+09:00,241.0,241.0,236.0,236.0,98300,0.0,0.0
2024-07-31 00:00:00+09:00,236.0,236.0,232.0,236.0,68000,0.0,0.0
2024-08-01 00:00:00+09:00,236.0,236.0,228.0,229.0,101100,0.0,0.0
2024-08-02 00:00:00+09:00,225.0,226.0,220.0,220.0,128600,0.0,0.0
2024-08-05 00:00:00+09:00,201.0,213.0,166.0,170.0,360800,0.0,0.0
2024-08-06 00:00:00+09:00,216.0,216.0,184.0,189.0,303300,0.0,0.0
2024-08-07 00:00:00+09:00,194.0,204.0,191.0,198.0,177400,0.0,0.0
2024-08-08 00:00:00+09:00,193.0,199.0,190.0,196.0,156100,0.0,0.0
2024-08-09 00:00:00+09:00,196.0,199.0,191.0,196.0,136000,0.0,0.0
2024-08-13 00:00:00+09:00,198.0,209.0,198.0,208.0,94700,0.0,0.0
2024-08-14 00:00:00+09:00,209.0,212.0,205.0,205.0,58500,0.0,0.0
2024-08-15 00:00:00+09:00,207.0,213.0,207.0,212.0,41100,0.0,0.0
2024-08-16 00:00:00+09:00,214.0,217.0,213.0,216.0,37300,0.0,0.0
2024-08-19 00:00:00+09:00,216.0,229.0,214.0,221.0,217800,0.0,0.0
2024-08-20 00:00:00+09:00,221.0,227.0,217.0,217.0,132700,0.0,0.0
2024-08-21 00:00:00+09:00,220.0,222.0,219.0,220.0,28500,0.0,0.0
2024-08-22 00:00:00+09:00,217.0,221.0,217.0,221.0,29100,0.0,0.0
2024-08-23 00:00:00+09:00,221.0,221.0,218.0,218.0,20400,0.0,0.0
2024-08-26 00:00:00+09:00,217.0,219.0,217.0,219.0,16700,0.0,0.0
2024-08-27 00:00:00+09:00,219.0,224.0,219.0,224.0,30600,0.0,0.0
2024-08-28 00:00:00+09:00,222.0,223.0,219.0,221.0,29900,0.0,0.0
2024-08-29 00:00:00+09:00,220.0,221.0,218.0,221.0,19700,0.0,0.0
2024-08-30 00:00:00+09:00,220.0,221.0,219.0,219.0,11800,0.0,0.0
2024-09-02 00:00:00+09:00,220.0,221.0,220.0,221.0,16800,0.0,0.0
2024-09-03 00:00:00+09:00,220.0,223.0,220.0,220.0,19300,0.0,0.0
2024-09-04 00:00:00+09:00,218.0,220.0,207.0,207.0,71800,0.0,0.0
2024-09-05 00:00:00+09:00,212.0,213.0,210.0,211.0,22300,0.0,0.0
2024-09-06 00:00:00+09:00,211.0,212.0,206.0,207.0,19500,0.0,0.0
2024-09-09 00:00:00+09:00,199.0,206.0,199.0,206.0,39900,0.0,0.0
2024-09-10 00:00:00+09:00,209.0,209.0,207.0,208.0,8500,0.0,0.0
2024-09-11 00:00:00+09:00,206.0,206.0,199.0,202.0,36100,0.0,0.0
2024-09-12 00:00:00+09:00,203.0,206.0,203.0,204.0,11400,0.0,0.0
2024-09-13 00:00:00+09:00,204.0,212.0,204.0,206.0,38400,0.0,0.0
2024-09-17 00:00:00+09:00,208.0,210.0,206.0,208.0,23500,0.0,0.0
2024-09-18 00:00:00+09:00,208.0,213.0,208.0,210.0,24300,0.0,0.0
2024-09-19 00:00:00+09:00,208.0,214.0,208.0,211.0,28900,0.0,0.0
2024-09-20 00:00:00+09:00,213.0,219.0,209.0,211.0,72900,0.0,0.0
2024-09-24 00:00:00+09:00,213.0,214.0,211.0,212.0,12200,0.0,0.0
2024-09-25 00:00:00+09:00,212.0,215.0,211.0,214.0,110700,0.0,0.0
2024-09-26 00:00:00+09:00,213.0,217.0,213.0,215.0,36500,0.0,0.0
2024-09-27 00:00:00+09:00,215.0,216.0,214.0,214.0,45600,0.0,0.0
2024-09-30 00:00:00+09:00,208.0,212.0,208.0,210.0,24400,0.0,0.0
2024-10-01 00:00:00+09:00,210.0,213.0,210.0,212.0,12400,0.0,0.0
2024-10-02 00:00:00+09:00,212.0,214.0,212.0,214.0,15100,0.0,0.0
2024-10-03 00:00:00+09:00,214.0,245.0,214.0,219.0,498400,0.0,0.0
2024-10-04 00:00:00+09:00,217.0,227.0,217.0,223.0,267000,0.0,0.0
2024-10-07 00:00:00+09:00,223.0,224.0,219.0,220.0,60700,0.0,0.0
2024-10-08 00:00:00+09:00,220.0,220.0,211.0,217.0,146100,0.0,0.0
2024-10-09 00:00:00+09:00,216.0,216.0,213.0,213.0,38400,0.0,0.0
2024-10-10 00:00:00+09:00,215.0,216.0,213.0,216.0,26600,0.0,0.0
2024-10-11 00:00:00+09:00,216.0,223.0,202.0,212.0,177700,0.0,0.0
2024-10-15 00:00:00+09:00,212.0,214.0,207.0,213.0,48000,0.0,0.0
2024-10-16 00:00:00+09:00,213.0,218.0,213.0,218.0,29600,0.0,0.0
2024-10-17 00:00:00+09:00,216.0,216.0,212.0,214.0,35600,0.0,0.0
2024-10-18 00:00:00+09:00,214.0,216.0,214.0,214.0,5700,0.0,0.0
2024-10-21 00:00:00+09:00,213.0,216.0,211.0,215.0,39700,0.0,0.0
2024-10-22 00:00:00+09:00,215.0,215.0,210.0,211.0,28300,0.0,0.0
2024-10-23 00:00:00+09:00,210.0,214.0,210.0,211.0,23400,0.0,0.0
2024-10-24 00:00:00+09:00,211.0,212.0,210.0,210.0,16800,0.0,0.0
2024-10-25 00:00:00+09:00,210.0,210.0,204.0,204.0,59700,0.0,0.0
2024-10-28 00:00:00+09:00,204.0,210.0,204.0,209.0,32400,0.0,0.0
2024-10-29 00:00:00+09:00,213.0,213.0,210.0,213.0,19800,0.0,0.0
2024-10-30 00:00:00+09:00,213.0,215.0,209.0,209.0,66900,0.0,0.0
2024-10-31 00:00:00+09:00,210.0,211.0,209.0,210.0,22900,0.0,0.0
2024-11-01 00:00:00+09:00,213.0,214.0,211.0,211.0,33900,0.0,0.0
2024-11-05 00:00:00+09:00,214.0,216.0,212.0,212.0,22100,0.0,0.0
2024-11-06 00:00:00+09:00,213.0,214.0,212.0,213.0,15000,0.0,0.0
2024-11-07 00:00:00+09:00,213.0,216.0,213.0,215.0,22200,0.0,0.0
2024-11-08 00:00:00+09:00,215.0,216.0,214.0,214.0,11800,0.0,0.0
2024-11-11 00:00:00+09:00,216.0,216.0,214.0,215.0,10200,0.0,0.0
2024-11-12 00:00:00+09:00,214.0,220.0,214.0,217.0,40800,0.0,0.0
2024-11-13 00:00:00+09:00,217.0,226.0,217.0,221.0,50400,0.0,0.0
2024-11-14 00:00:00+09:00,221.0,221.0,217.0,218.0,21000,0.0,0.0
2024-11-15 00:00:00+09:00,219.0,219.0,216.0,217.0,12300,0.0,0.0
2024-11-18 00:00:00+09:00,216.0,220.0,216.0,218.0,18000,0.0,0.0
2024-11-19 00:00:00+09:00,219.0,219.0,216.0,216.0,20200,0.0,0.0
2024-11-20 00:00:00+09:00,220.0,221.0,219.0,219.0,16900,0.0,0.0
2024-11-21 00:00:00+09:00,219.0,220.0,219.0,220.0,6200,0.0,0.0
2024-11-22 00:00:00+09:00,220.0,220.0,218.0,220.0,7900,0.0,0.0
2024-11-25 00:00:00+09:00,220.0,220.0,218.0,218.0,16400,0.0,0.0
2024-11-26 00:00:00+09:00,217.0,218.0,215.0,217.0,15700,0.0,0.0
2024-11-27 00:00:00+09:00,217.0,218.0,210.0,214.0,43700,0.0,0.0
2024-11-28 00:00:00+09:00,210.0,214.0,210.0,210.0,23800,0.0,0.0
2024-11-29 00:00:00+09:00,208.0,212.0,208.0,211.0,15400,0.0,0.0
2024-12-02 00:00:00+09:00,211.0,211.0,208.0,210.0,19300,0.0,0.0
2024-12-03 00:00:00+09:00,209.0,213.0,209.0,210.0,13200,0.0,0.0
2024-12-04 00:00:00+09:00,210.0,211.0,209.0,210.0,11900,0.0,0.0
2024-12-05 00:00:00+09:00,211.0,211.0,206.0,206.0,51500,0.0,0.0
2024-12-06 00:00:00+09:00,207.0,208.0,206.0,207.0,17900,0.0,0.0
2024-12-09 00:00:00+09:00,207.0,208.0,203.0,206.0,34300,0.0,0.0
2024-12-10 00:00:00+09:00,206.0,208.0,204.0,208.0,28300,0.0,0.0
2024-12-11 00:00:00+09:00,206.0,209.0,206.0,207.0,9500,0.0,0.0
2024-12-12 00:00:00+09:00,209.0,213.0,206.0,206.0,73200,0.0,0.0
2024-12-13 00:00:00+09:00,206.0,207.0,206.0,206.0,9800,0.0,0.0
2024-12-16 00:00:00+09:00,209.0,209.0,206.0,207.0,24500,0.0,0.0
2024-12-17 00:00:00+09:00,206.0,207.0,205.0,205.0,31700,0.0,0.0
2024-12-18 00:00:00+09:00,207.0,207.0,204.0,206.0,26100,0.0,0.0
2024-12-19 00:00:00+09:00,206.0,210.0,203.0,208.0,65300,0.0,0.0
2024-12-20 00:00:00+09:00,208.0,214.0,207.0,210.0,51800,0.0,0.0
2024-12-23 00:00:00+09:00,209.0,213.0,204.0,208.0,74900,0.0,0.0
2024-12-24 00:00:00+09:00,207.0,207.0,206.0,206.0,38500,0.0,0.0
2024-12-25 00:00:00+09:00,206.0,207.0,202.0,206.0,51800,0.0,0.0
2024-12-26 00:00:00+09:00,206.0,207.0,203.0,204.0,30600,0.0,0.0
2024-12-27 00:00:00+09:00,205.0,209.0,205.0,209.0,70700,0.0,0.0
2024-12-30 00:00:00+09:00,210.0,211.0,208.0,208.0,48900,0.0,0.0
2025-01-06 00:00:00+09:00,216.0,223.0,214.0,223.0,203300,0.0,0.0
2025-01-07 00:00:00+09:00,223.0,229.0,222.0,228.0,110100,0.0,0.0
2025-01-08 00:00:00+09:00,229.0,229.0,219.0,226.0,92500,0.0,0.0
2025-01-09 00:00:00+09:00,223.0,226.0,222.0,224.0,29500,0.0,0.0
2025-01-10 00:00:00+09:00,220.0,230.0,210.0,213.0,215700,0.0,0.0
2025-01-14 00:00:00+09:00,216.0,216.0,207.0,208.0,66400,0.0,0.0
2025-01-15 00:00:00+09:00,208.0,213.0,206.0,206.0,57000,0.0,0.0
2025-01-16 00:00:00+09:00,206.0,207.0,205.0,205.0,28300,0.0,0.0
2025-01-17 00:00:00+09:00,209.0,209.0,205.0,206.0,14200,0.0,0.0
2025-01-20 00:00:00+09:00,205.0,209.0,205.0,208.0,10200,0.0,0.0
2025-01-21 00:00:00+09:00,208.0,208.0,206.0,207.0,14800,0.0,0.0
2025-01-22 00:00:00+09:00,208.0,208.0,206.0,207.0,15000,0.0,0.0
2025-01-23 00:00:00+09:00,207.0,207.0,206.0,206.0,14400,0.0,0.0
2025-01-24 00:00:00+09:00,206.0,208.0,206.0,208.0,7800,0.0,0.0
2025-01-27 00:00:00+09:00,208.0,210.0,208.0,209.0,16300,0.0,0.0
2025-01-28 00:00:00+09:00,210.0,210.0,207.0,209.0,13500,0.0,0.0
2025-01-29 00:00:00+09:00,209.0,210.0,207.0,207.0,12900,0.0,0.0
2025-01-30 00:00:00+09:00,207.0,211.0,207.0,211.0,52000,0.0,0.0
2025-01-31 00:00:00+09:00,210.0,211.0,208.0,208.0,16000,0.0,0.0
2025-02-03 00:00:00+09:00,210.0,210.0,206.0,208.0,31700,0.0,0.0
2025-02-04 00:00:00+09:00,208.0,210.0,207.0,207.0,14600,0.0,0.0
2025-02-05 00:00:00+09:00,209.0,216.0,205.0,206.0,119300,0.0,0.0
2025-02-06 00:00:00+09:00,206.0,209.0,206.0,209.0,37300,0.0,0.0
2025-02-07 00:00:00+09:00,208.0,209.0,206.0,207.0,14400,0.0,0.0
2025-02-10 00:00:00+09:00,207.0,210.0,207.0,209.0,12100,0.0,0.0
2025-02-12 00:00:00+09:00,209.0,212.0,209.0,210.0,21100,0.0,0.0
2025-02-13 00:00:00+09:00,211.0,212.0,208.0,208.0,14300,0.0,0.0
2025-02-14 00:00:00+09:00,209.0,211.0,209.0,211.0,6900,0.0,0.0
2025-02-17 00:00:00+09:00,210.0,215.0,210.0,212.0,28700,0.0,0.0
2025-02-18 00:00:00+09:00,212.0,215.0,211.0,212.0,18100,0.0,0.0
2025-02-19 00:00:00+09:00,211.0,214.0,210.0,214.0,10700,0.0,0.0
2025-02-20 00:00:00+09:00,213.0,214.0,211.0,211.0,9000,0.0,0.0
2025-02-21 00:00:00+09:00,210.0,213.0,210.0,211.0,13800,0.0,0.0
2025-02-25 00:00:00+09:00,211.0,213.0,211.0,211.0,9600,0.0,0.0
2025-02-26 00:00:00+09:00,211.0,212.0,209.0,211.0,11700,0.0,0.0
2025-02-27 00:00:00+09:00,211.0,213.0,211.0,212.0,10900,0.0,0.0
2025-02-28 00:00:00+09:00,215.0,215.0,208.0,208.0,17000,0.0,0.0
2025-03-03 00:00:00+09:00,209.0,212.0,209.0,210.0,6000,0.0,0.0
2025-03-04 00:00:00+09:00,210.0,210.0,208.0,209.0,13000,0.0,0.0
2025-03-05 00:00:00+09:00,209.0,211.0,208.0,209.0,8800,0.0,0.0
2025-03-06 00:00:00+09:00,210.0,210.0,209.0,209.0,4400,0.0,0.0
2025-03-07 00:00:00+09:00,208.0,209.0,208.0,209.0,10200,0.0,0.0
2025-03-10 00:00:00+09:00,210.0,210.0,207.0,208.0,24300,0.0,0.0
2025-03-11 00:00:00+09:00,207.0,208.0,204.0,205.0,49700,0.0,0.0
2025-03-12 00:00:00+09:00,205.0,207.0,205.0,206.0,42900,0.0,0.0
2025-03-13 00:00:00+09:00,207.0,207.0,205.0,206.0,19500,0.0,0.0
2025-03-14 00:00:00+09:00,205.0,206.0,202.0,205.0,35100,0.0,0.0
2025-03-17 00:00:00+09:00,202.0,204.0,201.0,202.0,61400,0.0,0.0
2025-03-18 00:00:00+09:00,201.0,204.0,201.0,202.0,78900,0.0,0.0
2025-03-19 00:00:00+09:00,203.0,204.0,203.0,203.0,15500,0.0,0.0
2025-03-21 00:00:00+09:00,204.0,205.0,202.0,202.0,55100,0.0,0.0
2025-03-24 00:00:00+09:00,203.0,203.0,201.0,202.0,22200,0.0,0.0
2025-03-25 00:00:00+09:00,201.0,203.0,201.0,201.0,107800,0.0,0.0
2025-03-26 00:00:00+09:00,201.0,203.0,201.0,201.0,42300,0.0,0.0
2025-03-27 00:00:00+09:00,201.0,202.0,201.0,201.0,45100,0.0,0.0
2025-03-28 00:00:00+09:00,203.0,203.0,201.0,203.0,35600,0.0,0.0
2025-03-31 00:00:00+09:00,202.0,202.0,198.0,200.0,80700,0.0,0.0
2025-04-01 00:00:00+09:00,199.0,215.0,195.0,195.0,909000,0.0,0.0
2025-04-02 00:00:00+09:00,198.0,198.0,194.0,197.0,51000,0.0,0.0
2025-04-03 00:00:00+09:00,194.0,194.0,187.0,192.0,109600,0.0,0.0
2025-04-04 00:00:00+09:00,188.0,190.0,176.0,183.0,110200,0.0,0.0
2025-04-07 00:00:00+09:00,161.0,172.0,156.0,156.0,206400,0.0,0.0
2025-04-08 00:00:00+09:00,169.0,172.0,168.0,170.0,83600,0.0,0.0
2025-04-09 00:00:00+09:00,172.0,214.0,160.0,176.0,1299400,0.0,0.0
2025-04-10 00:00:00+09:00,189.0,192.0,184.0,191.0,244200,0.0,0.0
2025-04-11 00:00:00+09:00,189.0,205.0,179.0,185.0,243400,0.0,0.0
2025-04-14 00:00:00+09:00,185.0,193.0,179.0,181.0,160100,0.0,0.0
2025-04-15 00:00:00+09:00,183.0,187.0,170.0,173.0,740300,0.0,0.0
2025-04-16 00:00:00+09:00,178.0,178.0,175.0,175.0,37600,0.0,0.0
2025-04-17 00:00:00+09:00,175.0,176.0,171.0,172.0,42400,0.0,0.0
2025-04-18 00:00:00+09:00,174.0,185.0,171.0,172.0,555500,0.0,0.0
2025-04-21 00:00:00+09:00,173.0,184.0,170.0,179.0,699800,0.0,0.0
2025-04-22 00:00:00+09:00,178.0,199.0,173.0,176.0,1879800,0.0,0.0
2025-04-23 00:00:00+09:00,178.0,187.0,176.0,178.0,518300,0.0,0.0
2025-04-24 00:00:00+09:00,180.0,181.0,176.0,177.0,94800,0.0,0.0
2025-04-25 00:00:00+09:00,177.0,178.0,176.0,176.0,43300,0.0,0.0
2025-04-28 00:00:00+09:00,176.0,178.0,176.0,178.0,31600,0.0,0.0
2025-04-30 00:00:00+09:00,178.0,179.0,177.0,179.0,19100,0.0,0.0
2025-05-01 00:00:00+09:00,179.0,179.0,177.0,177.0,16100,0.0,0.0
2025-05-02 00:00:00+09:00,177.0,177.0,175.0,175.0,54200,0.0,0.0
2025-05-07 00:00:00+09:00,176.0,209.0,175.0,184.0,5362700,0.0,0.0
2025-05-08 00:00:00+09:00,184.0,196.0,181.0,183.0,3297200,0.0,0.0
2025-05-09 00:00:00+09:00,183.0,206.0,183.0,194.0,5171100,0.0,0.0
2025-05-12 00:00:00+09:00,191.0,200.0,186.0,186.0,745100,0.0,0.0
2025-05-13 00:00:00+09:00,191.0,191.0,185.0,185.0,137700,0.0,0.0
2025-05-14 00:00:00+09:00,187.0,189.0,187.0,187.0,90800,0.0,0.0
2025-05-15 00:00:00+09:00,188.0,189.0,184.0,184.0,65700,0.0,0.0
2025-05-16 00:00:00+09:00,186.0,188.0,185.0,187.0,39800,0.0,0.0
2025-05-19 00:00:00+09:00,187.0,190.0,187.0,189.0,94800,0.0,0.0
2025-05-20 00:00:00+09:00,188.0,189.0,183.0,186.0,145400,0.0,0.0
2025-05-21 00:00:00+09:00,186.0,188.0,183.0,183.0,27400,0.0,0.0
2025-05-22 00:00:00+09:00,183.0,184.0,182.0,182.0,45300,0.0,0.0
2025-05-23 00:00:00+09:00,183.0,185.0,181.0,181.0,44000,0.0,0.0
2025-05-26 00:00:00+09:00,182.0,184.0,181.0,184.0,32100,0.0,0.0
2025-05-27 00:00:00+09:00,184.0,186.0,183.0,185.0,32000,0.0,0.0
2025-05-28 00:00:00+09:00,184.0,186.0,184.0,184.0,12400,0.0,0.0
2025-05-29 00:00:00+09:00,185.0,186.0,183.0,184.0,32500,0.0,0.0
2025-05-30 00:00:00+09:00,185.0,187.0,184.0,184.0,42200,0.0,0.0
2025-06-02 00:00:00+09:00,184.0,184.0,182.0,182.0,19800,0.0,0.0
2025-06-03 00:00:00+09:00,183.0,185.0,182.0,185.0,5100,0.0,0.0
2025-06-04 00:00:00+09:00,183.0,187.0,183.0,184.0,23400,0.0,0.0
2025-06-05 00:00:00+09:00,186.0,187.0,184.0,184.0,14500,0.0,0.0
2025-06-06 00:00:00+09:00,185.0,187.0,185.0,185.0,8800,0.0,0.0
2025-06-09 00:00:00+09:00,185.0,188.0,185.0,187.0,41900,0.0,0.0
2025-06-10 00:00:00+09:00,188.0,188.0,187.0,187.0,13200,0.0,0.0
2025-06-11 00:00:00+09:00,186.0,188.0,185.0,188.0,17000,0.0,0.0
2025-06-12 00:00:00+09:00,188.0,188.0,187.0,187.0,24400,0.0,0.0
2025-06-13 00:00:00+09:00,187.0,187.0,185.0,186.0,32600,0.0,0.0
2025-06-16 00:00:00+09:00,187.0,192.0,187.0,189.0,96700,0.0,0.0
2025-06-17 00:00:00+09:00,188.0,191.0,188.0,189.0,15800,0.0,0.0
2025-06-18 00:00:00+09:00,191.0,192.0,190.0,192.0,21700,0.0,0.0
2025-06-19 00:00:00+09:00,192.0,192.0,190.0,190.0,11500,0.0,0.0
2025-06-20 00:00:00+09:00,191.0,191.0,189.0,190.0,11100,0.0,0.0
2025-06-23 00:00:00+09:00,190.0,191.0,188.0,189.0,34000,0.0,0.0
2025-06-24 00:00:00+09:00,188.0,191.0,187.0,191.0,31100,0.0,0.0
2025-06-25 00:00:00+09:00,190.0,191.0,188.0,189.0,15400,0.0,0.0
2025-06-26 00:00:00+09:00,189.0,190.0,188.0,189.0,9100,0.0,0.0
2025-06-27 00:00:00+09:00,189.0,190.0,188.0,188.0,26300,0.0,0.0
2025-06-30 00:00:00+09:00,188.0,190.0,188.0,189.0,11000,0.0,0.0
2025-07-01 00:00:00+09:00,189.0,191.0,188.0,189.0,36900,0.0,0.0
2025-07-02 00:00:00+09:00,189.0,190.0,189.0,189.0,17500,0.0,0.0
2025-07-03 00:00:00+09:00,189.0,190.0,188.0,189.0,16200,0.0,0.0
2025-07-04 00:00:00+09:00,188.0,190.0,188.0,190.0,4400,0.0,0.0
2025-07-07 00:00:00+09:00,191.0,194.0,190.0,193.0,46900,0.0,0.0
2025-07-08 00:00:00+09:00,192.0,197.0,192.0,196.0,50700,0.0,0.0
2025-07-09 00:00:00+09:00,196.0,198.0,193.0,197.0,65100,0.0,0.0
2025-07-10 00:00:00+09:00,197.0,198.0,195.0,196.0,46400,0.0,0.0
2025-07-11 00:00:00+09:00,196.0,200.0,181.0,184.0,326300,0.0,0.0
2025-07-14 00:00:00+09:00,184.0,185.0,182.0,183.0,84500,0.0,0.0
2025-07-15 00:00:00+09:00,183.0,185.0,183.0,183.0,30200,0.0,0.0
2025-07-16 00:00:00+09:00,183.0,184.0,183.0,184.0,18100,0.0,0.0
2025-07-17 00:00:00+09:00,184.0,184.0,183.0,183.0,14500,0.0,0.0
2025-07-18 00:00:00+09:00,182.0,184.0,182.0,182.0,32000,0.0,0.0
2025-07-22 00:00:00+09:00,182.0,183.0,182.0,183.0,7800,0.0,0.0
2025-07-23 00:00:00+09:00,183.0,184.0,182.0,184.0,18500,0.0,0.0
2025-07-24 00:00:00+09:00,183.0,184.0,181.0,182.0,31100,0.0,0.0
2025-07-25 00:00:00+09:00,182.0,183.0,182.0,182.0,21200,0.0,0.0
2025-07-28 00:00:00+09:00,182.0,184.0,182.0,182.0,24400,0.0,0.0
2025-07-29 00:00:00+09:00,182.0,183.0,182.0,182.0,17700,0.0,0.0
2025-07-30 00:00:00+09:00,182.0,184.0,181.0,184.0,13100,0.0,0.0
2025-07-31 00:00:00+09:00,183.0,184.0,182.0,183.0,3400,0.0,0.0
2025-08-01 00:00:00+09:00,182.0,184.0,182.0,182.0,11000,0.0,0.0
2025-08-04 00:00:00+09:00,183.0,183.0,182.0,182.0,19400,0.0,0.0
2025-08-05 00:00:00+09:00,181.0,184.0,181.0,183.0,8900,0.0,0.0
2025-08-06 00:00:00+09:00,183.0,184.0,183.0,184.0,16500,0.0,0.0
2025-08-07 00:00:00+09:00,184.0,185.0,183.0,185.0,30500,0.0,0.0
2025-08-08 00:00:00+09:00,185.0,185.0,183.0,184.0,15000,0.0,0.0
2025-08-12 00:00:00+09:00,185.0,185.0,183.0,183.0,14400,0.0,0.0
2025-08-13 00:00:00+09:00,183.0,184.0,182.0,183.0,18400,0.0,0.0
2025-08-14 00:00:00+09:00,183.0,186.0,182.0,185.0,57000,0.0,0.0
2025-08-15 00:00:00+09:00,186.0,186.0,184.0,184.0,25500,0.0,0.0
2025-08-18 00:00:00+09:00,183.0,185.0,183.0,184.0,27600,0.0,0.0
2025-08-19 00:00:00+09:00,184.0,186.0,183.0,185.0,54400,0.0,0.0
2025-08-20 00:00:00+09:00,185.0,186.0,185.0,186.0,25100,0.0,0.0
2025-08-21 00:00:00+09:00,186.0,186.0,185.0,185.0,13400,0.0,0.0
2025-08-22 00:00:00+09:00,186.0,188.0,186.0,186.0,36300,0.0,0.0
2025-08-25 00:00:00+09:00,187.0,187.0,185.0,187.0,15800,0.0,0.0
2025-08-26 00:00:00+09:00,186.0,187.0,185.0,187.0,17500,0.0,0.0
2025-08-27 00:00:00+09:00,187.0,188.0,186.0,187.0,13500,0.0,0.0
2025-08-28 00:00:00+09:00,188.0,188.0,185.0,185.0,7300,0.0,0.0
2025-08-29 00:00:00+09:00,187.0,187.0,186.0,186.0,8700,0.0,0.0
2025-09-01 00:00:00+09:00,189.0,189.0,174.0,181.0,176900,0.0,0.0
2025-09-02 00:00:00+09:00,181.0,183.0,180.0,182.0,53100,0.0,0.0
2025-09-03 00:00:00+09:00,183.0,183.0,181.0,182.0,15800,0.0,0.0
2025-09-04 00:00:00+09:00,181.0,182.0,181.0,181.0,7200,0.0,0.0
2025-09-05 00:00:00+09:00,182.0,183.0,179.0,182.0,24000,0.0,0.0
2025-09-08 00:00:00+09:00,181.0,183.0,181.0,181.0,16600,0.0,0.0
2025-09-09 00:00:00+09:00,181.0,183.0,181.0,182.0,7500,0.0,0.0
2025-09-10 00:00:00+09:00,182.0,182.0,178.0,181.0,31300,0.0,0.0
2025-09-11 00:00:00+09:00,181.0,181.0,180.0,181.0,28400,0.0,0.0
2025-09-12 00:00:00+09:00,182.0,182.0,180.0,181.0,6400,0.0,0.0
2025-09-16 00:00:00+09:00,181.0,182.0,180.0,181.0,16200,0.0,0.0
2025-09-17 00:00:00+09:00,181.0,182.0,181.0,181.0,4500,0.0,0.0
2025-09-18 00:00:00+09:00,182.0,182.0,180.0,180.0,16500,0.0,0.0
2025-09-19 00:00:00+09:00,181.0,182.0,181.0,181.0,11800,0.0,0.0
2025-09-22 00:00:00+09:00,180.0,183.0,180.0,182.0,100900,0.0,0.0
2025-09-24 00:00:00+09:00,181.0,182.0,181.0,182.0,6300,0.0,0.0
2025-09-25 00:00:00+09:00,183.0,183.0,181.0,181.0,8300,0.0,0.0
2025-09-26 00:00:00+09:00,181.0,182.0,181.0,181.0,10300,0.0,0.0
2025-09-29 00:00:00+09:00,181.0,194.0,180.0,181.0,525700,0.0,0.0
2025-09-30 00:00:00+09:00,183.0,183.0,181.0,181.0,97200,0.0,0.0
2025-10-01 00:00:00+09:00,182.0,184.0,181.0,181.0,110000,0.0,0.0
2025-10-02 00:00:00+09:00,181.0,182.0,181.0,181.0,42200,0.0,0.0
2025-10-03 00:00:00+09:00,181.0,183.0,180.0,181.0,84500,0.0,0.0
2025-10-06 00:00:00+09:00,182.0,185.0,182.0,184.0,78800,0.0,0.0
2025-10-07 00:00:00+09:00,184.0,185.0,183.0,185.0,84600,0.0,0.0
2025-10-08 00:00:00+09:00,185.0,186.0,184.0,185.0,18400,0.0,0.0
2025-10-09 00:00:00+09:00,185.0,188.0,176.0,183.0,178100,0.0,0.0
2025-10-10 00:00:00+09:00,183.0,184.0,179.0,180.0,144500,0.0,0.0
2025-10-14 00:00:00+09:00,180.0,180.0,178.0,178.0,32000,0.0,0.0
2025-10-15 00:00:00+09:00,178.0,180.0,178.0,179.0,8100,0.0,0.0
2025-10-16 00:00:00+09:00,180.0,185.0,179.0,180.0,50200,0.0,0.0
2025-10-17 00:00:00+09:00,182.0,182.0,180.0,180.0,32800,0.0,0.0
2025-10-20 00:00:00+09:00,179.0,182.0,179.0,181.0,22900,0.0,0.0
2025-10-21 00:00:00+09:00,180.0,181.0,180.0,180.0,13900,0.0,0.0
2025-10-22 00:00:00+09:00,180.0,181.0,180.0,181.0,5600,0.0,0.0
2025-10-23 00:00:00+09:00,180.0,181.0,179.0,181.0,10700,0.0,0.0
2025-10-24 00:00:00+09:00,180.0,181.0,180.0,180.0,1300,0.0,0.0
2025-10-27 00:00:00+09:00,180.0,181.0,179.0,180.0,42000,0.0,0.0
2025-10-28 00:00:00+09:00,181.0,181.0,179.0,180.0,37700,0.0,0.0
2025-10-29 00:00:00+09:00,180.0,180.0,177.0,178.0,20300,0.0,0.0
2025-10-30 00:00:00+09:00,178.0,180.0,176.0,180.0,51000,0.0,0.0
2025-10-31 00:00:00+09:00,180.0,180.0,176.0,178.0,59300,0.0,0.0
2025-11-04 00:00:00+09:00,178.0,180.0,177.0,177.0,21500,0.0,0.0
2025-11-05 00:00:00+09:00,177.0,178.0,175.0,177.0,50100,0.0,0.0
2025-11-06 00:00:00+09:00,177.0,179.0,177.0,178.0,2700,0.0,0.0
2025-11-07 00:00:00+09:00,177.0,178.0,176.0,176.0,16400,0.0,0.0
2025-11-10 00:00:00+09:00,176.0,178.0,176.0,177.0,24200,0.0,0.0
2025-11-11 00:00:00+09:00,177.0,179.0,176.0,177.0,8300,0.0,0.0
2025-11-12 00:00:00+09:00,178.0,179.0,177.0,177.0,28500,0.0,0.0
2025-11-13 00:00:00+09:00,177.0,180.0,177.0,178.0,8500,0.0,0.0
2025-11-14 00:00:00+09:00,177.0,178.0,176.0,177.0,8400,0.0,0.0
2025-11-17 00:00:00+09:00,177.0,177.0,169.0,173.0,92800,0.0,0.0
2025-11-18 00:00:00+09:00,171.0,172.0,170.0,170.0,24400,0.0,0.0
2025-11-19 00:00:00+09:00,169.0,172.0,169.0,170.0,16700,0.0,0.0
2025-11-20 00:00:00+09:00,170.0,171.0,164.0,166.0,73100,0.0,0.0
2025-11-21 00:00:00+09:00,166.0,174.0,166.0,170.0,57200,0.0,0.0
2025-11-25 00:00:00+09:00,170.0,172.0,169.0,172.0,3900,0.0,0.0
2025-11-26 00:00:00+09:00,172.0,172.0,171.0,171.0,6400,0.0,0.0
2025-11-27 00:00:00+09:00,171.0,173.0,171.0,173.0,9100,0.0,0.0
2025-11-28 00:00:00+09:00,176.0,176.0,173.0,173.0,21800,0.0,0.0
2025-12-01 00:00:00+09:00,175.0,175.0,170.0,170.0,12100,0.0,0.0
2025-12-02 00:00:00+09:00,173.0,173.0,170.0,170.0,9700,0.0,0.0
2025-12-03 00:00:00+09:00,170.0,173.0,167.0,168.0,34600,0.0,0.0
2025-12-04 00:00:00+09:00,169.0,172.0,169.0,170.0,41300,0.0,0.0
2025-12-05 00:00:00+09:00,170.0,175.0,170.0,173.0,14900,0.0,0.0
2025-12-08 00:00:00+09:00,172.0,174.0,172.0,174.0,17400,0.0,0.0
2025-12-09 00:00:00+09:00,174.0,175.0,172.0,174.0,12900,0.0,0.0
2025-12-10 00:00:00+09:00,175.0,175.0,173.0,174.0,6100,0.0,0.0
2025-12-11 00:00:00+09:00,174.0,174.0,171.0,171.0,1900,0.0,0.0
2025-12-12 00:00:00+09:00,172.0,177.0,172.0,175.0,81200,0.0,0.0
2025-12-15 00:00:00+09:00,172.0,175.0,172.0,173.0,7400,0.0,0.0
2025-12-16 00:00:00+09:00,175.0,175.0,169.0,170.0,35700,0.0,0.0
2025-12-17 00:00:00+09:00,170.0,170.0,168.0,170.0,26200,0.0,0.0
2025-12-18 00:00:00+09:00,170.0,171.0,168.0,169.0,132700,0.0,0.0
2025-12-19 00:00:00+09:00,169.0,171.0,168.0,169.0,121400,0.0,0.0
2025-12-22 00:00:00+09:00,172.0,172.0,168.0,169.0,22900,0.0,0.0
2025-12-23 00:00:00+09:00,170.0,171.0,167.0,170.0,78700,0.0,0.0
2025-12-24 00:00:00+09:00,169.0,171.0,168.0,171.0,23500,0.0,0.0
2025-12-25 00:00:00+09:00,168.0,170.0,168.0,169.0,34300,0.0,0.0
2025-12-26 00:00:00+09:00,169.0,170.0,166.0,169.0,76400,0.0,0.0
2025-12-29 00:00:00+09:00,173.0,174.0,170.0,173.0,31200,0.0,0.0
2025-12-30 00:00:00+09:00,176.0,176.0,171.0,174.0,20900,0.0,0.0
2026-01-05 00:00:00+09:00,174.0,177.0,173.0,177.0,19800,0.0,0.0
2026-01-06 00:00:00+09:00,176.0,179.0,173.0,174.0,78900,0.0,0.0
2026-01-07 00:00:00+09:00,175.0,177.0,173.0,175.0,45500,0.0,0.0
2026-01-08 00:00:00+09:00,174.0,175.0,172.0,172.0,16400,0.0,0.0
2026-01-09 00:00:00+09:00,173.0,209.0,172.0,181.0,2141200,0.0,0.0
2026-01-13 00:00:00+09:00,185.0,186.0,179.0,179.0,402000,0.0,0.0
2026-01-14 00:00:00+09:00,182.0,182.0,179.0,180.0,87200,0.0,0.0
2026-01-15 00:00:00+09:00,181.0,186.0,180.0,184.0,143500,0.0,0.0
2026-01-16 00:00:00+09:00,185.0,186.0,184.0,186.0,39000,0.0,0.0
2026-01-19 00:00:00+09:00,187.0,187.0,185.0,186.0,40700,0.0,0.0
2026-01-20 00:00:00+09:00,186.0,188.0,184.0,187.0,57700,0.0,0.0
2026-01-21 00:00:00+09:00,187.0,187.0,185.0,185.0,19400,0.0,0.0
2026-01-22 00:00:00+09:00,187.0,187.0,185.0,186.0,14200,0.0,0.0
2026-01-23 00:00:00+09:00,186.0,189.0,186.0,187.0,25200,0.0,0.0
2026-01-26 00:00:00+09:00,187.0,188.0,185.0,186.0,26700,0.0,0.0
2026-01-27 00:00:00+09:00,186.0,187.0,186.0,187.0,13800,0.0,0.0
2026-01-28 00:00:00+09:00,187.0,188.0,186.0,186.0,13300,0.0,0.0
2026-01-29 00:00:00+09:00,186.0,186.0,182.0,182.0,31500,0.0,0.0
2026-01-30 00:00:00+09:00,183.0,185.0,182.0,184.0,26700,0.0,0.0
2026-02-02 00:00:00+09:00,185.0,185.0,182.0,182.0,35700,0.0,0.0
2026-02-03 00:00:00+09:00,184.0,184.0,181.0,182.0,20700,0.0,0.0
2026-02-04 00:00:00+09:00,183.0,184.0,182.0,184.0,29000,0.0,0.0
2026-02-05 00:00:00+09:00,184.0,185.0,182.0,183.0,27800,0.0,0.0
2026-02-06 00:00:00+09:00,184.0,184.0,179.0,183.0,99300,0.0,0.0
2026-02-09 00:00:00+09:00,183.0,183.0,180.0,181.0,48800,0.0,0.0
2026-02-10 00:00:00+09:00,179.0,182.0,179.0,181.0,32700,0.0,0.0
2026-02-12 00:00:00+09:00,182.0,183.0,181.0,181.0,27400,0.0,0.0
2026-02-13 00:00:00+09:00,183.0,184.0,181.0,181.0,27500,0.0,0.0
2026-02-16 00:00:00+09:00,183.0,185.0,182.0,183.0,39300,0.0,0.0
2026-02-17 00:00:00+09:00,184.0,185.0,183.0,183.0,39400,0.0,0.0
2026-02-18 00:00:00+09:00,183.0,188.0,183.0,186.0,63100,0.0,0.0
2026-02-19 00:00:00+09:00,186.0,187.0,185.0,185.0,16700,0.0,0.0
2026-02-20 00:00:00+09:00,187.0,187.0,184.0,184.0,14500,0.0,0.0
2026-02-24 00:00:00+09:00,187.0,187.0,183.0,183.0,96100,0.0,0.0
2026-02-25 00:00:00+09:00,183.0,185.0,179.0,180.0,103000,0.0,0.0
2026-02-26 00:00:00+09:00,175.0,178.0,174.0,176.0,107000,0.0,0.0
2026-02-27 00:00:00+09:00,176.0,180.0,176.0,178.0,21500,0.0,0.0
2026-03-02 00:00:00+09:00,178.0,178.0,176.0,176.0,42500,0.0,0.0
2026-03-03 00:00:00+09:00,176.0,177.0,175.0,177.0,11800,0.0,0.0
2026-03-04 00:00:00+09:00,173.0,175.0,172.0,173.0,80000,0.0,0.0
2026-03-05 00:00:00+09:00,174.0,176.0,173.0,173.0,30600,0.0,0.0
2026-03-06 00:00:00+09:00,172.0,174.0,172.0,173.0,29600,0.0,0.0
2026-03-09 00:00:00+09:00,173.0,173.0,171.0,173.0,22300,0.0,0.0
2026-03-10 00:00:00+09:00,173.0,174.0,173.0,173.0,7300,0.0,0.0
2026-03-11 00:00:00+09:00,174.0,175.0,174.0,174.0,11500,0.0,0.0
2026-03-12 00:00:00+09:00,175.0,176.0,175.0,175.0,8400,0.0,0.0
2026-03-13 00:00:00+09:00,175.0,176.0,174.0,174.0,10300,0.0,0.0
2026-03-16 00:00:00+09:00,173.0,173.0,170.0,172.0,91300,0.0,0.0
2026-03-17 00:00:00+09:00,172.0,172.0,171.0,171.0,9400,0.0,0.0
2026-03-18 00:00:00+09:00,171.0,173.0,171.0,172.0,13200,0.0,0.0
2026-03-19 00:00:00+09:00,172.0,172.0,170.0,170.0,24700,0.0,0.0
2026-03-23 00:00:00+09:00,173.0,173.0,170.0,171.0,21700,0.0,0.0
2026-03-24 00:00:00+09:00,170.0,172.0,170.0,171.0,57000,0.0,0.0
2026-03-25 00:00:00+09:00,171.0,174.0,171.0,174.0,13900,0.0,0.0
2026-03-26 00:00:00+09:00,174.0,174.0,172.0,173.0,13800,0.0,0.0
2026-03-27 00:00:00+09:00,173.0,173.0,172.0,173.0,12100,0.0,0.0
2026-03-30 00:00:00+09:00,172.0,172.0,171.0,171.0,13700,0.0,0.0
2026-03-31 00:00:00+09:00,170.0,172.0,170.0,172.0,9200,0.0,0.0
2026-04-01 00:00:00+09:00,171.0,174.0,171.0,174.0,7000,0.0,0.0
2026-04-02 00:00:00+09:00,174.0,174.0,172.0,173.0,3400,0.0,0.0
2026-04-03 00:00:00+09:00,172.0,173.0,171.0,172.0,5400,0.0,0.0
2026-04-06 00:00:00+09:00,173.0,174.0,173.0,173.0,12500,0.0,0.0
2026-04-07 00:00:00+09:00,174.0,174.0,173.0,173.0,11500,0.0,0.0
2026-04-08 00:00:00+09:00,173.0,175.0,172.0,173.0,32400,0.0,0.0
2026-04-09 00:00:00+09:00,173.0,174.0,172.0,173.0,6500,0.0,0.0
2026-04-10 00:00:00+09:00,175.0,175.0,173.0,174.0,8000,0.0,0.0
2026-04-13 00:00:00+09:00,174.0,174.0,172.0,173.0,7400,0.0,0.0
2026-04-14 00:00:00+09:00,174.0,177.0,171.0,172.0,65700,0.0,0.0
2026-04-15 00:00:00+09:00,172.0,173.0,171.0,172.0,11900,0.0,0.0
2026-04-16 00:00:00+09:00,172.0,173.0,171.0,171.0,8100,0.0,0.0
2026-04-17 00:00:00+09:00,171.0,172.0,171.0,171.0,15200,0.0,0.0
2026-04-20 00:00:00+09:00,171.0,172.0,171.0,171.0,6000,0.0,0.0
2026-04-21 00:00:00+09:00,172.0,172.0,170.0,170.0,12800,0.0,0.0
2026-04-22 00:00:00+09:00,171.0,171.0,169.0,169.0,33300,0.0,0.0
2026-04-23 00:00:00+09:00,169.0,170.0,168.0,168.0,32800,0.0,0.0
2026-04-24 00:00:00+09:00,168.0,170.0,167.0,167.0,40800,0.0,0.0
2026-04-27 00:00:00+09:00,167.0,169.0,167.0,169.0,36000,0.0,0.0
2026-04-28 00:00:00+09:00,169.0,169.0,168.0,168.0,23500,0.0,0.0
2026-04-30 00:00:00+09:00,170.0,170.0,167.0,167.0,18500,0.0,0.0
2026-05-01 00:00:00+09:00,167.0,168.0,165.0,168.0,51200,0.0,0.0
2026-05-07 00:00:00+09:00,169.0,169.0,167.0,167.0,11500,0.0,0.0
2026-05-08 00:00:00+09:00,168.0,168.0,167.0,167.0,16000,0.0,0.0
2026-05-11 00:00:00+09:00,168.0,168.0,165.0,165.0,20500,0.0,0.0
2026-05-12 00:00:00+09:00,165.0,166.0,165.0,166.0,16300,0.0,0.0
2026-05-13 00:00:00+09:00,166.0,166.0,165.0,166.0,9800,0.0,0.0
2026-05-14 00:00:00+09:00,166.0,167.0,165.0,166.0,7300,0.0,0.0
2026-05-15 00:00:00+09:00,166.0,167.0,162.0,163.0,43100,0.0,0.0
2026-05-18 00:00:00+09:00,164.0,164.0,162.0,162.0,26800,0.0,0.0
2026-05-19 00:00:00+09:00,163.0,164.0,162.0,163.0,13300,0.0,0.0
2026-05-20 00:00:00+09:00,164.0,164.0,161.0,162.0,15200,0.0,0.0
2026-05-21 00:00:00+09:00,162.0,163.0,162.0,162.0,17100,0.0,0.0
2026-05-22 00:00:00+09:00,162.0,164.0,162.0,164.0,18000,0.0,0.0
2026-05-25 00:00:00+09:00,165.0,165.0,163.0,163.0,3900,0.0,0.0
2026-05-26 00:00:00+09:00,163.0,165.0,163.0,164.0,9300,0.0,0.0
2026-05-27 00:00:00+09:00,164.0,165.0,163.0,163.0,20500,0.0,0.0
2026-05-28 00:00:00+09:00,163.0,165.0,163.0,164.0,5500,0.0,0.0
2026-05-29 00:00:00+09:00,165.0,166.0,164.0,166.0,6400,0.0,0.0
2026-06-01 00:00:00+09:00,166.0,166.0,164.0,165.0,6800,0.0,0.0
2026-06-02 00:00:00+09:00,165.0,165.0,164.0,164.0,4400,0.0,0.0
2026-06-03 00:00:00+09:00,164.0,165.0,164.0,164.0,9300,0.0,0.0
2026-06-04 00:00:00+09:00,164.0,166.0,164.0,165.0,9600,0.0,0.0
2026-06-05 00:00:00+09:00,166.0,166.0,165.0,165.0,2000,0.0,0.0
2026-06-08 00:00:00+09:00,165.0,165.0,163.0,165.0,13600,0.0,0.0
2026-06-09 00:00:00+09:00,165.0,165.0,163.0,163.0,2900,0.0,0.0
2026-06-10 00:00:00+09:00,165.0,165.0,164.0,164.0,8500,0.0,0.0
2026-06-11 00:00:00+09:00,164.0,164.0,163.0,163.0,2700,0.0,0.0
2026-06-12 00:00:00+09:00,163.0,165.0,163.0,164.0,3800,0.0,0.0
2026-06-15 00:00:00+09:00,164.0,167.0,164.0,165.0,27800,0.0,0.0
2026-06-16 00:00:00+09:00,166.0,166.0,163.0,164.0,18100,0.0,0.0
2026-06-17 00:00:00+09:00,164.0,165.0,163.0,163.0,16000,0.0,0.0
2026-06-18 00:00:00+09:00,164.0,165.0,163.0,164.0,13300,0.0,0.0
2026-06-19 00:00:00+09:00,163.0,164.0,162.0,163.0,13300,0.0,0.0
2026-06-22 00:00:00+09:00,162.0,164.0,162.0,162.0,24300,0.0,0.0
2026-06-23 00:00:00+09:00,162.0,164.0,162.0,162.0,12600,0.0,0.0
2026-06-24 00:00:00+09:00,163.0,163.0,161.0,161.0,9600,0.0,0.0
2026-06-25 00:00:00+09:00,161.0,164.0,161.0,164.0,12900,0.0,0.0
2026-06-26 00:00:00+09:00,162.0,163.0,161.0,162.0,3800,0.0,0.0
2026-06-29 00:00:00+09:00,162.0,164.0,162.0,164.0,11300,0.0,0.0
2026-06-30 00:00:00+09:00,165.0,166.0,164.0,164.0,13400,0.0,0.0
2026-07-01 00:00:00+09:00,166.0,166.0,163.0,165.0,6700,0.0,0.0
2026-07-02 00:00:00+09:00,163.0,165.0,163.0,164.0,10600,0.0,0.0
2026-07-03 00:00:00+09:00,164.0,165.0,164.0,165.0,2500,0.0,0.0
2026-07-06 00:00:00+09:00,165.0,166.0,165.0,166.0,5800,0.0,0.0
2026-07-07 00:00:00+09:00,167.0,168.0,167.0,167.0,24900,0.0,0.0
2026-07-08 00:00:00+09:00,167.0,168.0,167.0,168.0,1000,0.0,0.0
2026-07-09 00:00:00+09:00,167.0,169.0,167.0,168.0,27800,0.0,0.0
2026-07-10 00:00:00+09:00,169.0,170.0,165.0,167.0,40600,0.0,0.0
2026-07-13 00:00:00+09:00,167.0,167.0,166.0,167.0,9600,0.0,0.0
2026-07-14 00:00:00+09:00,167.0,170.0,166.0,170.0,32400,0.0,0.0
2026-07-15 00:00:00+09:00,170.0,170.0,168.0,168.0,5400,0.0,0.0
2026-07-16 00:00:00+09:00,169.0,170.0,168.0,170.0,10800,0.0,0.0
2026-07-17 00:00:00+09:00,170.0,170.0,165.0,168.0,36000,0.0,0.0
2026-07-21 00:00:00+09:00,168.0,168.0,166.0,166.0,6100,0.0,0.0
2026-07-22 00:00:00+09:00,166.0,168.0,166.0,166.0,4400,0.0,0.0
2026-07-23 00:00:00+09:00,166.0,167.0,166.0,166.0,3100,0.0,0.0
2026-07-24 00:00:00+09:00,166.0,167.0,166.0,166.0,2300,0.0,0.0
2026-07-27 00:00:00+09:00,166.0,167.0,166.0,166.0,4100,0.0,0.0
2026-07-28 00:00:00+09:00,169.0,169.0,165.0,166.0,23800,0.0,0.0
2026-07-29 00:00:00+09:00,167.0,167.0,166.0,166.0,2800,0.0,0.0
2026-07-30 00:00:00+09:00,165.0,167.0,165.0,167.0,4800,0.0,0.0
2026-07-31 00:00:00+09:00,167.0,168.0,167.0,168.0,4300,0.0,0.0
2026-08-03 00:00:00+09:00,168.0,168.0,164.0,166.0,11600,0.0,0.0
2026-08-04 00:00:00+09:00,166.0,167.0,165.0,167.0,3200,0.0,0.0
2026-08-05 00:00:00+09:00,167.0,167.0,166.0,167.0,3000,0.0,0.0
2026-08-06 00:00:00+09:00,166.0,167.0,166.0,166.0,3600,0.0,0.0
2026-08-07 00:00:00+09:00,166.0,168.0,166.0,167.0,4300,0.0,0.0
2026-08-10 00:00:00+09:00,167.0,167.0,166.0,166.0,2900,0.0,0.0
2026-08-12 00:00:00+09:00,167.0,167.0,166.0,167.0,900,0.0,0.0
2026-08-13 00:00:00+09:00,166.0,167.0,166.0,167.0,1100,0.0,0.0
2026-08-14 00:00:00+09:00,166.0,167.0,166.0,166.0,10400,0.0,0.0
2026-08-17 00:00:00+09:00,167.0,167.0,166.0,167.0,12400,0.0,0.0
2026-08-18 00:00:00+09:00,166.0,167.0,166.0,166.0,1600,0.0,0.0
2026-08-19 00:00:00+09:00,166.0,167.0,166.0,167.0,1100,0.0,0.0
2026-08-20 00:00:00+09:00,167.0,167.0,166.0,166.0,2200,0.0,0.0
2026-08-21 00:00:00+09:00,166.0,167.0,165.0,166.0,8600,0.0,0.0
