Date,Open,High,Low,Close,Volume,Dividends,Stock Splits
2016-01-15 00:00:00+08:00,46.261985778808594,47.12217982204795,42.83834427880989,46.261985778808594,39266,0.0,0.0
2016-01-18 00:00:00+08:00,55.1757926940918,55.51849733342952,44.380529633524155,55.1757926940918,181350,0.0,0.0
2016-01-19 00:00:00+08:00,54.83308029174805,58.25672470930134,53.80496083794069,54.83308029174805,152395,0.0,0.0
2016-01-20 00:00:00+08:00,47.86243438720704,54.147678963860606,47.86243438720704,47.86243438720703,111710,0.0,0.0
2016-01-21 00:00:00+08:00,49.863834381103516,50.03518669066062,47.978947822404436,49.863834381103516,75334,0.0,0.0
2016-01-22 00:00:00+08:00,51.23123550415039,52.08800264905831,49.69248325108857,51.23123550415039,121807,0.0,0.0
2016-01-25 00:00:00+08:00,48.15715789794922,51.40259075692396,47.639671204356866,48.15715789794922,116970,0.0,0.0
2016-01-26 00:00:00+08:00,49.00706481933594,49.17499297427901,47.63966498035923,49.00706481933594,28282,0.0,0.0
2016-01-27 00:00:00+08:00,49.34977340698242,49.52113129864225,47.29696419807521,49.34977340698242,148023,0.0,0.0
2016-01-28 00:00:00+08:00,52.434139251708984,52.60549157269378,48.664365882900334,52.434139251708984,120722,0.0,0.0
2016-01-29 00:00:00+08:00,55.172359466552734,55.172359466552734,51.406016089165604,55.172359466552734,179328,0.0,0.0
2016-02-01 00:00:00+08:00,53.11955261230469,53.80496187688746,52.09485728503924,53.11955261230469,36259,0.0,0.0
2016-02-02 00:00:00+08:00,54.49380111694336,55.172356445651296,52.77683724649656,54.49380111694336,79344,0.0,0.0
2016-02-03 00:00:00+08:00,55.14152145385742,55.17579080125841,52.77684167783417,55.14152145385742,100792,0.0,0.0
2016-02-15 00:00:00+08:00,55.14152145385742,55.14152145385742,55.14152145385742,55.14152145385742,0,0.0,0.0
2016-02-16 00:00:00+08:00,55.8612060546875,56.20391068485433,55.172361494409444,55.8612060546875,135336,0.0,0.0
2016-02-17 00:00:00+08:00,66.79011535644531,68.54134855562333,56.546609630577095,66.79011535644531,477143,0.0,0.0
2016-02-18 00:00:00+08:00,65.11772155761719,68.88406536248124,64.77158717772777,65.11772155761719,458725,0.0,0.0
2016-02-19 00:00:00+08:00,63.05804443359375,67.17052207650694,62.37262963417978,63.05804443359375,59081,0.0,0.0
2016-02-22 00:00:00+08:00,66.14239501953125,67.17051431140607,59.288264548104294,66.14239501953125,104089,0.0,0.0
2016-02-23 00:00:00+08:00,66.14239501953125,69.98413602153286,64.77499530174866,66.14239501953125,137678,0.0,0.0
2016-02-24 00:00:00+08:00,65.45699310302734,66.82782281152383,62.02992998535767,65.45699310302734,107391,0.0,0.0
2016-02-25 00:00:00+08:00,66.13898468017578,66.48511904670123,65.11428932018597,66.13898468017578,36472,0.0,0.0
2016-02-26 00:00:00+08:00,64.42887115478516,65.7997008110419,63.743456326656776,64.42887115478516,11091,0.0,0.0
2016-03-01 00:00:00+08:00,65.11429595947266,65.79285702212552,64.42888102632767,65.11429595947266,18236,0.0,0.0
2016-03-02 00:00:00+08:00,63.1265869140625,65.79970200382733,63.0580482184,63.1265869140625,80229,0.0,0.0
2016-03-03 00:00:00+08:00,64.77156829833984,64.90865123632757,64.15469228900282,64.77156829833984,17063,0.0,0.0
2016-03-04 00:00:00+08:00,64.77156829833984,64.77156829833984,64.77156829833984,64.77156829833984,4265,0.0,0.0
2016-03-07 00:00:00+08:00,64.46656799316406,64.49741319297794,64.46656799316406,64.46656799316406,6398,0.0,0.0
2016-03-08 00:00:00+08:00,64.08616638183594,64.42887100671977,63.74345618016657,64.08616638183594,31140,0.0,0.0
2016-03-09 00:00:00+08:00,65.12455749511719,67.51322256952986,63.74344450249574,65.12455749511719,26767,0.0,0.0
2016-03-10 00:00:00+08:00,65.12455749511719,65.12455749511719,65.12455749511719,65.12455749511719,0,0.0,0.0
2016-03-11 00:00:00+08:00,66.14239501953125,67.17051431140607,64.77499530174866,66.14239501953125,55882,0.0,0.0
2016-03-14 00:00:00+08:00,66.485107421875,68.54134607533165,66.14239726177566,66.485107421875,42807,0.0,0.0
2016-03-15 00:00:00+08:00,65.45699310302734,67.8559423045033,64.08959311777534,65.45699310302734,58014,0.0,0.0
2016-03-16 00:00:00+08:00,65.45699310302734,67.8559423045033,65.45699310302734,65.45699310302734,63923,0.0,0.0
2016-03-17 00:00:00+08:00,65.11772155761719,68.19865604954637,65.11772155761719,65.11772155761719,44897,0.0,0.0
2016-03-18 00:00:00+08:00,65.49125671386719,67.32816039840353,65.49125671386719,65.49125671386719,6654,0.0,0.0
2016-03-21 00:00:00+08:00,70.25489044189453,70.25489044189453,65.4604218348044,70.25489044189453,193880,0.0,0.0
2016-03-22 00:00:00+08:00,67.8525161743164,70.25145972887137,65.46042091247865,67.8525161743164,73629,0.0,0.0
2016-03-23 00:00:00+08:00,66.485107421875,69.2233310960556,65.1554011466167,66.485107421875,200260,0.0,0.0
2016-03-24 00:00:00+08:00,66.31718444824219,67.85593662404548,66.31718444824219,66.31718444824219,44897,0.0,0.0
2016-03-25 00:00:00+08:00,67.87307739257812,68.19865013405392,66.31375795661879,67.87307739257812,43191,0.0,0.0
2016-03-28 00:00:00+08:00,68.71269989013672,68.88405218559231,66.48853304162496,68.71269989013672,22815,0.0,0.0
2016-03-29 00:00:00+08:00,66.82781982421875,67.85251512493409,66.48511520080693,66.82781982421875,31161,0.0,0.0
2016-03-30 00:00:00+08:00,66.485107421875,66.82781200518949,66.485107421875,66.485107421875,3199,0.0,0.0
2016-03-31 00:00:00+08:00,68.19866180419922,68.19866180419922,66.48512722370062,68.19866180419922,38605,0.0,0.0
2016-04-01 00:00:00+08:00,68.19866180419922,68.88407117496943,66.82783190908573,68.19866180419922,24858,0.0,0.0
2016-04-06 00:00:00+08:00,69.56947326660156,69.56947326660156,67.85593900275144,69.56947326660156,39757,0.0,0.0
2016-04-07 00:00:00+08:00,74.36736297607422,74.36736297607422,69.56947056938033,74.36736297607422,107961,0.0,0.0
2016-04-08 00:00:00+08:00,77.44829559326172,77.44829559326172,73.33924220376518,77.44829559326172,123153,0.0,0.0
2016-04-11 00:00:00+08:00,77.45173645019531,79.8506857420077,77.109026221773,77.45173645019531,116179,0.0,0.0
2016-04-12 00:00:00+08:00,78.13713836669922,78.82254755625723,77.10901342879208,78.13713836669922,53964,0.0,0.0
2016-04-13 00:00:00+08:00,78.82255554199219,80.53608984306032,77.52027014239466,78.82255554199219,12840,0.0,0.0
2016-04-14 00:00:00+08:00,81.564208984375,81.564208984375,79.50796462578066,81.564208984375,33465,0.0,0.0
2016-04-15 00:00:00+08:00,89.107177734375,89.107177734375,80.65602885256699,89.107177734375,72284,0.0,0.0
2016-04-18 00:00:00+08:00,90.81387329101562,92.53083745447586,83.65815967083644,90.81387329101562,191489,0.0,0.0
2016-04-19 00:00:00+08:00,88.07564544677734,88.41835009014302,87.04752593989447,88.07564544677734,63688,0.0,0.0
2016-04-20 00:00:00+08:00,85.3716812133789,87.72950139133913,84.99127196296925,85.3716812133789,53674,0.0,0.0
2016-04-21 00:00:00+08:00,90.81729125976562,92.87353009094372,87.38679310029225,90.81729125976562,90486,0.0,0.0
2016-04-22 00:00:00+08:00,95.9578857421875,97.6714198144969,92.18810743703587,95.9578857421875,133041,0.0,0.0
2016-04-25 00:00:00+08:00,93.55895233154297,96.63988667704369,91.84541797707331,93.55895233154297,46145,0.0,0.0
2016-04-26 00:00:00+08:00,93.18196868896484,94.24436306525357,90.47458430428641,93.18196868896484,44569,0.0,0.0
2016-04-27 00:00:00+08:00,92.53083038330078,93.2128154991227,90.51228493725188,92.53083038330078,85689,0.0,0.0
2016-04-28 00:00:00+08:00,90.81387329101562,92.53083745447586,88.58970601169243,90.81387329101562,68941,0.0,0.0
2016-04-29 00:00:00+08:00,93.55895233154297,93.55895233154297,84.64857591901506,93.55895233154297,75186,0.0,0.0
2016-05-03 00:00:00+08:00,90.81729125976562,95.95789391449621,86.2935591390314,90.81729125976562,57210,0.0,0.0
2016-05-04 00:00:00+08:00,90.81729125976562,92.53082547800915,89.79259599037754,90.81729125976562,31682,0.0,0.0
2016-05-05 00:00:00+08:00,89.103759765625,90.13187921264598,85.6801209474559,89.103759765625,71784,0.0,0.0
2016-05-06 00:00:00+08:00,91.15657043457031,91.15657043457031,91.15657043457031,91.15657043457031,319,0.0,0.0
2016-05-09 00:00:00+08:00,89.103759765625,89.103759765625,86.74250974146095,89.103759765625,34179,0.0,0.0
2016-05-10 00:00:00+08:00,89.103759765625,90.47115968975216,84.64857177734375,89.103759765625,44217,0.0,0.0
2016-05-11 00:00:00+08:00,87.04751586914062,89.10375464501476,87.04751586914062,87.04751586914062,9713,0.0,0.0
2016-05-12 00:00:00+08:00,87.04751586914062,87.04751586914062,85.67668630070108,87.04751586914062,30767,0.0,0.0
2016-05-13 00:00:00+08:00,86.70481872558594,87.39023361286479,86.0331171551601,86.70481872558594,21723,0.0,0.0
2016-05-16 00:00:00+08:00,86.70481872558594,89.10376804266889,85.67669918306069,86.70481872558594,8753,0.0,0.0
2016-05-17 00:00:00+08:00,87.73294067382812,89.1003407624714,87.73294067382812,87.73294067382812,4265,0.0,0.0
2016-05-18 00:00:00+08:00,89.10032653808594,89.10032653808594,89.10032653808594,89.10032653808594,38,0.0,0.0
2016-05-19 00:00:00+08:00,88.4183349609375,89.1003199844698,86.01939171428774,88.4183349609375,22346,0.0,0.0
2016-05-20 00:00:00+08:00,87.39022827148438,88.75420409264098,85.68012366961338,87.39022827148438,24323,0.0,0.0
2016-05-23 00:00:00+08:00,89.103759765625,89.103759765625,84.99127640075558,89.103759765625,39352,0.0,0.0
2016-05-24 00:00:00+08:00,93.55895233154297,95.59462971699575,87.73293441098897,93.55895233154297,66828,0.0,0.0
2016-05-25 00:00:00+08:00,99.72766876220703,100.06694923505854,94.8749396794084,99.72766876220703,126562,0.0,0.0
2016-05-26 00:00:00+08:00,93.55895233154297,101.00597457678954,92.87696719765691,93.55895233154297,48303,0.0,0.0
2016-05-27 00:00:00+08:00,93.90164947509766,94.92976325249786,93.21623471337917,93.90164947509766,12370,0.0,0.0
2016-05-30 00:00:00+08:00,95.5809097290039,95.61518465005823,94.24435511143761,95.5809097290039,29988,0.0,0.0
2016-05-31 00:00:00+08:00,95.9578857421875,97.6714198144969,95.61518115843955,95.9578857421875,11730,0.0,0.0
2016-06-01 00:00:00+08:00,99.38496398925781,99.38496398925781,95.95789549627851,99.38496398925781,47135,0.0,0.0
2016-06-02 00:00:00+08:00,95.61519622802734,96.6433101413087,94.75842348005472,95.61519622802734,17602,0.0,0.0
2016-06-03 00:00:00+08:00,94.96403503417969,95.6151804304852,94.93319541409087,94.96403503417969,20283,0.0,0.0
2016-06-06 00:00:00+08:00,94.24435424804688,94.24435424804688,92.8735247219847,94.24435424804688,4276,0.0,0.0
2016-06-07 00:00:00+08:00,94.24435424804688,94.24435424804688,94.24435424804688,94.24435424804688,0,0.0,0.0
2016-06-08 00:00:00+08:00,97.97986602783202,98.01071680693624,95.96475024303086,97.97986602783203,4267,0.0,0.0
2016-06-13 00:00:00+08:00,102.12661743164062,103.84015176772999,97.67143484995114,102.12661743164062,154211,0.0,0.0
2016-06-14 00:00:00+08:00,102.81204223632812,103.4974515385225,100.41652267165816,102.81204223632812,10775,0.0,0.0
2016-06-15 00:00:00+08:00,99.38152313232422,100.41650752985895,99.38152313232422,99.38152313232422,15992,0.0,0.0
2016-06-16 00:00:00+08:00,100.75236511230469,101.09506975400123,100.07037997539996,100.75236511230469,1497,0.0,0.0
2016-06-17 00:00:00+08:00,99.38496398925781,101.09849823574746,96.98600935202978,99.38496398925781,58405,0.0,0.0
2016-06-20 00:00:00+08:00,99.38496398925781,99.38496398925781,96.30402426111968,99.38496398925781,17643,0.0,0.0
2016-06-21 00:00:00+08:00,99.04225158691406,99.72766077021507,95.99901116748924,99.04225158691406,12633,0.0,0.0
2016-06-22 00:00:00+08:00,99.04225158691406,101.09849029038706,97.67142206674207,99.04225158691406,82336,0.0,0.0
2016-06-23 00:00:00+08:00,99.04225158691406,99.38495617856456,97.3389899130565,99.04225158691406,4483,0.0,0.0
2016-06-24 00:00:00+08:00,95.9578857421875,99.38495388680631,93.55893692559735,95.9578857421875,121076,0.0,0.0
2016-06-27 00:00:00+08:00,98.01412963867188,98.01412963867188,95.27247051496327,98.01412963867188,11737,0.0,0.0
2016-06-28 00:00:00+08:00,97.66801452636719,97.67143867293767,95.95790426977835,97.66801452636719,30022,0.0,0.0
2016-06-29 00:00:00+08:00,97.66801452636719,97.66801452636719,97.66801452636719,97.66801452636719,428,0.0,0.0
2016-06-30 00:00:00+08:00,95.27246856689453,97.3287184444163,94.59048352278974,95.27246856689453,40194,0.0,0.0
2016-07-01 00:00:00+08:00,95.9578857421875,98.0107002523355,94.24777581578743,95.9578857421875,33384,0.0,0.0
2016-07-04 00:00:00+08:00,96.643310546875,96.643310546875,95.95790126847776,96.643310546875,6616,0.0,0.0
2016-07-05 00:00:00+08:00,95.95447540283203,95.95789954923407,94.25121352317427,95.95447540283203,45151,0.0,0.0
2016-07-06 00:00:00+08:00,95.9578857421875,95.9578857421875,94.24435166987809,95.9578857421875,24129,0.0,0.0
2016-07-07 00:00:00+08:00,96.643310546875,97.32529567880887,95.27248083650898,96.643310546875,58415,0.0,0.0
2016-07-11 00:00:00+08:00,96.98258209228516,96.98600623843264,92.53082403272934,96.98258209228516,94617,0.0,0.0
2016-07-12 00:00:00+08:00,95.9578857421875,96.98257534752196,94.41570396175206,95.9578857421875,14345,0.0,0.0
2016-07-13 00:00:00+08:00,96.60561370849608,96.64331278117952,95.61862298635715,96.6056137084961,38082,0.0,0.0
2016-07-14 00:00:00+08:00,95.61519622802734,96.29718135709923,95.2724804366954,95.61519622802734,32742,0.0,0.0
2016-07-15 00:00:00+08:00,96.643310546875,97.66801147157904,95.78654894887845,96.643310546875,143653,0.0,0.0
2016-07-18 00:00:00+08:00,96.98600006103516,97.66799624018276,96.47194318240477,96.98600006103516,17788,0.0,0.0
2016-07-19 00:00:00+08:00,96.40340423583984,96.98599979933495,95.95788604484838,96.40340423583984,28049,0.0,0.0
2016-07-20 00:00:00+08:00,95.9578857421875,97.32527993126989,95.2724654211219,95.9578857421875,39138,0.0,0.0
2016-07-21 00:00:00+08:00,96.643310546875,96.643310546875,93.56237621019348,96.643310546875,114325,0.0,0.0
2016-07-22 00:00:00+08:00,96.98600006103516,97.32871580035855,95.65286963038366,96.98600006103516,11118,0.0,0.0
2016-07-25 00:00:00+08:00,100.07035827636719,100.40963869800657,95.64944035781758,100.07035827636719,67623,0.0,0.0
2016-07-26 00:00:00+08:00,102.43163299560548,104.18285522989926,100.41308196370929,102.43163299560547,242342,0.0,0.0
2016-07-27 00:00:00+08:00,104.25370025634764,105.7924974461173,101.94549878066469,104.25370025634766,127239,2.813067,1.1
2016-07-28 00:00:00+08:00,100.02201080322266,103.09960553215468,98.09851125212558,100.02201080322266,123791,0.0,0.0
2016-07-29 00:00:00+08:00,96.60202026367188,100.02199825772007,95.79029749966622,96.60202026367188,93733,0.0,0.0
2016-08-01 00:00:00+08:00,101.17224884033203,101.17224884033203,96.94439510529097,101.17224884033203,23463,0.0,0.0
2016-08-02 00:00:00+08:00,99.25260162353516,100.01815882403737,97.71380433358723,99.25260162353516,15318,0.0,0.0
2016-08-03 00:00:00+08:00,98.48320770263672,98.48320770263672,97.7176505096511,98.48320770263672,11634,0.0,0.0
2016-08-04 00:00:00+08:00,98.09850311279297,98.86790742221683,97.7253423641841,98.09850311279297,50627,0.0,0.0
2016-08-05 00:00:00+08:00,97.34449005126953,97.34449005126953,97.34449005126953,97.34449005126953,1,0.0,0.0
2016-08-08 00:00:00+08:00,97.71380615234375,97.71380615234375,97.32910397718184,97.71380615234375,30649,0.0,0.0
2016-08-09 00:00:00+08:00,96.95209503173828,96.95209503173828,96.95209503173828,96.95209503173828,1939,0.0,0.0
2016-08-10 00:00:00+08:00,85.78810119628906,96.94439522698649,85.78810119628906,85.78810119628906,385241,0.0,0.0
2016-08-11 00:00:00+08:00,84.24929809570312,86.55749960271652,73.93933971121854,84.24929809570312,346360,0.0,0.0
2016-08-12 00:00:00+08:00,88.48099517822266,89.2503994416808,82.7104973484565,88.48099517822266,239309,0.0,0.0
2016-08-15 00:00:00+08:00,76.5552978515625,89.63124929120067,75.05496635794785,76.5552978515625,432845,0.0,0.0
2016-08-16 00:00:00+08:00,84.24929809570312,85.03793806857173,76.17444564748718,84.24929809570312,159793,0.0,0.0
2016-08-17 00:00:00+08:00,84.55320739746094,84.63015010077346,82.71434508063204,84.55320739746094,40117,0.0,0.0
2016-08-18 00:00:00+08:00,84.59169006347656,84.98023938511754,82.71435614389308,84.59169006347656,30143,0.0,0.0
2016-08-19 00:00:00+08:00,82.5950927734375,84.59552915350177,81.94494966943518,82.5950927734375,32381,0.0,0.0
2016-08-22 00:00:00+08:00,82.32579803466797,82.32579803466797,81.17554442627475,82.32579803466797,5526,0.0,0.0
2016-08-23 00:00:00+08:00,81.556396484375,82.70665005114051,81.21016570470341,81.556396484375,10082,0.0,0.0
2016-08-24 00:00:00+08:00,82.51814270019531,82.70664662273839,81.5640873735955,82.51814270019531,3079,0.0,0.0
2016-08-25 00:00:00+08:00,82.36427307128906,83.47990251215542,81.56025021913581,82.36427307128906,15853,0.0,0.0
2016-08-26 00:00:00+08:00,83.47989654541016,83.47989654541016,83.09520010183144,83.47989654541016,11634,0.0,0.0
2016-08-29 00:00:00+08:00,83.8646011352539,84.21083192833092,82.71434752395261,83.8646011352539,12021,0.0,0.0
2016-08-30 00:00:00+08:00,84.05695343017578,84.24929881487836,83.47990020298228,84.05695343017578,15705,0.0,0.0
2016-08-31 00:00:00+08:00,83.47989654541016,83.86459868001722,82.5258411702541,83.47989654541016,16481,0.0,0.0
2016-09-01 00:00:00+08:00,83.09520721435547,83.47990369086224,82.71050504681986,83.09520721435547,5041,0.0,0.0
2016-09-02 00:00:00+08:00,80.40229797363281,82.52199550483424,80.40229797363281,80.40229797363281,11672,0.0,0.0
2016-09-05 00:00:00+08:00,82.17192840576172,82.17192840576172,81.28712133128258,82.17192840576172,12603,0.0,0.0
2016-09-06 00:00:00+08:00,81.556396484375,81.556396484375,80.78699791345387,81.556396484375,24237,0.0,0.0
2016-09-07 00:00:00+08:00,82.51814270019531,82.51814270019531,81.94109521868164,82.51814270019531,11634,0.0,0.0
2016-09-08 00:00:00+08:00,83.05288696289062,83.09520545244858,83.05288696289062,83.05288696289062,426,0.0,0.0
2016-09-09 00:00:00+08:00,83.0567398071289,83.0567398071289,81.17555306152111,83.0567398071289,4669,0.0,0.0
2016-09-12 00:00:00+08:00,83.8646011352539,84.24929759009507,82.71050038867335,83.8646011352539,62936,0.0,0.0
2016-09-13 00:00:00+08:00,83.8646011352539,84.63015260068549,82.71434752395261,83.8646011352539,57229,0.0,0.0
2016-09-14 00:00:00+08:00,83.8646011352539,83.8646011352539,82.71434752395261,83.8646011352539,21,0.0,0.0
2016-09-19 00:00:00+08:00,83.8646011352539,83.8646011352539,82.71434752395261,83.8646011352539,3492,0.0,0.0
2016-09-20 00:00:00+08:00,83.8646011352539,84.5955283831721,83.10674394038084,83.8646011352539,13828,0.0,0.0
2016-09-21 00:00:00+08:00,83.47989654541016,84.24929512359594,80.40614367680526,83.47989654541016,105392,0.0,0.0
2016-09-22 00:00:00+08:00,88.48099517822266,91.51627667245384,83.67224698675086,88.48099517822266,124561,0.0,0.0
2016-09-23 00:00:00+08:00,92.2895278930664,92.32799355334248,88.90416848987564,92.2895278930664,257835,0.0,0.0
2016-09-26 00:00:00+08:00,92.48188781738281,92.71270456526237,90.44297429528335,92.48188781738281,165255,0.0,0.0
2016-09-27 00:00:00+08:00,92.48188781738281,92.48188781738281,92.48188781738281,92.48188781738281,0,0.0,0.0
2016-09-28 00:00:00+08:00,92.48188781738281,92.48188781738281,92.48188781738281,92.48188781738281,0,0.0,0.0
2016-09-29 00:00:00+08:00,90.67379760742188,92.32800328658554,89.6351051588743,90.67379760742188,96610,0.0,0.0
2016-09-30 00:00:00+08:00,88.8656997680664,90.71226208400407,86.17279615353112,88.8656997680664,68929,0.0,0.0
2016-10-03 00:00:00+08:00,89.16960906982422,89.63509534563256,87.71159608056206,89.16960906982422,64382,0.0,0.0
2016-10-04 00:00:00+08:00,88.48099517822266,89.55815887065273,88.48099517822266,88.48099517822266,45779,0.0,0.0
2016-10-05 00:00:00+08:00,87.51925659179688,88.7503001541682,87.3769182647501,87.51925659179688,23353,0.0,0.0
2016-10-06 00:00:00+08:00,89.24655151367188,89.63510080186371,88.09630357254959,89.24655151367188,270601,0.0,0.0
2016-10-07 00:00:00+08:00,88.48099517822266,88.86569730995173,86.5613430367718,88.48099517822266,32891,0.0,0.0
2016-10-11 00:00:00+08:00,87.51925659179688,88.4810063515403,86.56135396767712,87.51925659179688,60506,0.0,0.0
2016-10-12 00:00:00+08:00,86.86141204833984,86.94220188981839,86.17279759223214,86.86141204833984,13574,0.0,0.0
2016-10-13 00:00:00+08:00,85.78810119628906,86.55365266808992,84.63784757541785,85.78810119628906,36451,0.0,0.0
2016-10-14 00:00:00+08:00,80.40229797363281,86.55365095556708,80.02144865843766,80.40229797363281,114628,0.0,0.0
2016-10-17 00:00:00+08:00,80.78700256347656,81.55640117868353,78.86350317994481,80.78700256347656,89989,0.0,0.0
2016-10-18 00:00:00+08:00,76.94000244140625,81.17169759603362,75.78974882869059,76.94000244140625,161385,0.0,0.0
2016-10-19 00:00:00+08:00,76.05904388427734,76.94000948987542,76.05904388427734,76.05904388427734,59818,0.0,0.0
2016-10-20 00:00:00+08:00,82.71051025390625,83.8646111381413,76.94001152376019,82.71051025390625,125505,0.0,0.0
2016-10-21 00:00:00+08:00,86.55750274658203,86.55750274658203,81.17170093160863,86.55750274658203,85860,0.0,0.0
2016-10-24 00:00:00+08:00,83.8646011352539,86.90372987633319,83.8646011352539,83.8646011352539,39063,0.0,0.0
2016-10-25 00:00:00+08:00,83.47989654541016,84.98022804114372,82.47967554825445,83.47989654541016,27846,0.0,0.0
2016-10-26 00:00:00+08:00,84.24929809570312,85.78425386208588,83.09905016852734,84.24929809570312,39109,0.0,0.0
2016-10-27 00:00:00+08:00,84.05695343017578,84.6301538310055,83.47990020298228,84.05695343017578,12047,0.0,0.0
2016-10-28 00:00:00+08:00,88.74644470214844,88.74644470214844,83.4837457750618,88.74644470214844,65881,0.0,0.0
2016-10-31 00:00:00+08:00,88.74644470214844,89.63125166650353,86.55749872078266,88.74644470214844,76906,0.0,0.0
2016-11-01 00:00:00+08:00,86.17279815673828,89.50815067048813,86.17279815673828,86.17279815673828,58210,0.0,0.0
2016-11-02 00:00:00+08:00,83.8646011352539,84.63399973596476,83.8646011352539,83.8646011352539,22209,0.0,0.0
2016-11-03 00:00:00+08:00,84.94175720214844,86.16895349051424,83.86459918618706,84.94175720214844,30269,0.0,0.0
2016-11-04 00:00:00+08:00,82.71051025390625,84.24930763886685,82.36427941953282,82.71051025390625,57208,0.0,0.0
2016-11-07 00:00:00+08:00,84.59552764892578,84.63399900138454,81.99110814392317,84.59552764892578,23500,0.0,0.0
2016-11-08 00:00:00+08:00,84.24929809570312,85.0148552567576,83.47220521977015,84.24929809570312,25928,0.0,0.0
2016-11-09 00:00:00+08:00,81.556396484375,86.17279360093005,80.05991213793789,81.556396484375,91639,0.0,0.0
2016-11-10 00:00:00+08:00,83.09520721435547,84.5955331474809,82.0180434216673,83.09520721435547,40728,0.0,0.0
2016-11-11 00:00:00+08:00,81.556396484375,83.46835435180101,81.556396484375,81.556396484375,17993,0.0,0.0
2016-11-14 00:00:00+08:00,81.3640365600586,82.71048818084158,80.79083625216457,81.3640365600586,55785,0.0,0.0
2016-11-15 00:00:00+08:00,81.17169952392578,81.17169952392578,81.17169952392578,81.17169952392578,46,0.0,0.0
2016-11-16 00:00:00+08:00,80.79469299316406,83.09520014974296,80.79469299316406,80.79469299316406,7759,0.0,0.0
2016-11-17 00:00:00+08:00,80.79469299316406,80.79469299316406,80.79469299316406,80.79469299316406,0,0.0,0.0
2016-11-18 00:00:00+08:00,83.09520721435547,83.09520721435547,81.1755492032022,83.09520721435547,31613,0.0,0.0
2016-11-21 00:00:00+08:00,89.25040435791016,90.4044994346124,83.47605338390606,89.25040435791016,121455,0.0,0.0
2016-11-22 00:00:00+08:00,96.17500305175781,96.5212338503825,89.89669443447973,96.17500305175781,502661,0.0,0.0
2016-11-23 00:00:00+08:00,94.25151062011719,96.94440311870929,91.55860673946701,94.25151062011719,274878,0.0,0.0
2016-11-24 00:00:00+08:00,92.32799530029297,94.63619674783311,91.17390026755132,92.32799530029297,187202,0.0,0.0
2016-11-25 00:00:00+08:00,92.32799530029297,93.8667981623292,90.79304526448838,92.32799530029297,24943,0.0,0.0
2016-11-28 00:00:00+08:00,93.05892944335938,93.85525798571346,91.17390146143406,93.05892944335938,111632,0.0,0.0
2016-11-29 00:00:00+08:00,93.4782485961914,93.85910359806192,91.94714570038373,93.4782485961914,32346,0.0,0.0
2016-11-30 00:00:00+08:00,92.78964233398438,93.86680037912848,92.32799748075122,92.78964233398438,60925,0.0,0.0
2016-12-01 00:00:00+08:00,91.94330596923828,93.09740678233288,90.41219725910452,91.94330596923828,120057,0.0,0.0
2016-12-02 00:00:00+08:00,91.55475616455078,91.86251562088758,90.44682098353258,91.55475616455078,27403,0.0,0.0
2016-12-05 00:00:00+08:00,91.94330596923828,92.70885747879075,90.40450298810254,91.94330596923828,51920,0.0,0.0
2016-12-06 00:00:00+08:00,92.67037963867188,93.09740026734083,91.5585973938911,92.67037963867188,47864,0.0,0.0
2016-12-07 00:00:00+08:00,90.3083267211914,91.55860018135125,89.25424578176762,90.3083267211914,101526,0.0,0.0
2016-12-08 00:00:00+08:00,90.01980590820312,91.13543535881617,87.32690213200789,90.01980590820312,97235,0.0,0.0
2016-12-09 00:00:00+08:00,91.94330596923828,91.94330596923828,88.0963070529422,91.94330596923828,61353,0.0,0.0
2016-12-12 00:00:00+08:00,93.08970642089844,95.78645148316527,91.17774849434399,93.08970642089844,111199,0.0,0.0
2016-12-13 00:00:00+08:00,92.02408599853516,94.17456066381261,92.02408599853516,92.02408599853516,44837,0.0,0.0
2016-12-14 00:00:00+08:00,92.32799530029297,94.25150030059535,91.55859671478906,92.32799530029297,153303,0.0,0.0
2016-12-15 00:00:00+08:00,92.52034759521484,93.09740081025937,91.9625357474698,92.52034759521484,45663,0.0,0.0
2016-12-16 00:00:00+08:00,94.63619995117188,94.63619995117188,91.17775048902831,94.63619995117188,127654,0.0,0.0
2016-12-19 00:00:00+08:00,104.23062133789062,104.63840630757899,93.48210065542965,104.23062133789062,545102,0.0,0.0
2016-12-20 00:00:00+08:00,104.2575454711914,107.71599479473318,101.94549690284587,104.2575454711914,1471897,0.0,0.0
2016-12-21 00:00:00+08:00,96.17500287162552,99.25259731801717,85.78810169645362,86.17279815673828,2413019,0.0,0.0
2016-12-22 00:00:00+08:00,82.71051025390625,84.63400983062161,80.40230848543614,82.71051025390625,998247,0.0,0.0
2016-12-23 00:00:00+08:00,82.71050245481595,83.47990107474672,80.78700305947473,81.17169952392578,309664,0.0,0.0
2016-12-26 00:00:00+08:00,81.5563996420928,83.8646011352539,80.97935211431678,83.8646011352539,472536,0.0,0.0
2016-12-27 00:00:00+08:00,83.67224335425072,83.86459441176464,81.74874416116772,82.51814270019531,277397,0.0,0.0
2016-12-28 00:00:00+08:00,82.90285353255581,82.90285353255581,80.78700305947473,81.17169952392578,350996,0.0,0.0
2016-12-29 00:00:00+08:00,81.17169300785768,87.7115949798493,81.17169300785768,84.63399505615234,778218,0.0,0.0
2016-12-30 00:00:00+08:00,83.8646111381413,83.8646111381413,81.94111156142594,82.71051025390625,339519,0.0,0.0
2017-01-03 00:00:00+08:00,82.51815324255831,83.28755187988281,82.13345107838167,83.28755187988281,159133,0.0,0.0
2017-01-04 00:00:00+08:00,83.28754547810662,84.05694974732077,82.71049796722436,83.47989654541016,147558,0.0,0.0
2017-01-05 00:00:00+08:00,83.47990017063128,86.55750030805153,83.47990017063128,86.17279815673828,484351,0.0,0.0
2017-01-06 00:00:00+08:00,86.17279815673828,86.9422024593648,85.21104846948374,86.17279815673828,223179,0.0,0.0
2017-01-09 00:00:00+08:00,86.55749665269968,93.48209524670999,86.55749665269968,90.40449523925781,962336,0.0,0.0
2017-01-10 00:00:00+08:00,90.40450116266243,91.17390548320898,88.67335282349016,89.82745361328125,302668,0.0,0.0
2017-01-11 00:00:00+08:00,93.2897589902469,93.86680655823166,90.59685516357422,90.59685516357422,628865,0.0,0.0
2017-01-12 00:00:00+08:00,90.59685224279907,91.17390548320898,89.63510253314462,89.82745361328125,161199,0.0,0.0
2017-01-13 00:00:00+08:00,89.0580506127149,89.63509813377406,86.36514700502954,87.32689666748047,376463,0.0,0.0
2017-01-16 00:00:00+08:00,86.55749756789653,87.71159829427228,85.7880989806555,86.94219970703125,116727,0.0,0.0
2017-01-17 00:00:00+08:00,87.1345570848178,87.1345570848178,84.82635546496107,85.21105194091797,225312,0.0,0.0
2017-01-18 00:00:00+08:00,85.2110496724559,87.13455476514878,85.2110496724559,86.36515045166016,324783,0.0,0.0
2017-01-19 00:00:00+08:00,86.36514872886602,86.5574998034012,85.21104797268353,85.78810119628906,200128,0.0,0.0
2017-01-20 00:00:00+08:00,85.4034078376051,86.17280652390977,85.21105674327164,85.98046112060547,72875,0.0,0.0
2017-01-23 00:00:00+08:00,86.17279542876182,87.90394936383963,85.59574791108815,86.94219970703125,622613,0.0,0.0
2017-01-24 00:00:00+08:00,86.94220195247155,86.94220195247155,85.59575012175388,85.78810119628906,132240,0.0,0.0
2017-02-02 00:00:00+08:00,85.78809922965746,85.78809922965746,82.71049918073214,83.67224884033203,119539,0.0,0.0
2017-02-03 00:00:00+08:00,83.6722454356863,85.40339361431953,83.2875433110886,84.63399505615234,85393,0.0,0.0
2017-02-06 00:00:00+08:00,84.8263561902531,86.17280240415803,84.8263561902531,85.01870727539062,93217,0.0,0.0
2017-02-07 00:00:00+08:00,85.01870308485572,86.17279815673828,84.05695339760118,86.17279815673828,122351,0.0,0.0
2017-02-08 00:00:00+08:00,86.17278874488844,86.17278874488844,85.21103916267683,85.59574127197266,60109,0.0,0.0
2017-02-09 00:00:00+08:00,85.01869379905689,85.59574127197266,84.24928958046522,85.59574127197266,124518,0.0,0.0
2017-02-10 00:00:00+08:00,84.82634611845118,86.55749429708442,84.63399505615234,84.63399505615234,118550,0.0,0.0
2017-02-13 00:00:00+08:00,85.40339660644531,85.40339660644531,84.63399802132209,85.40339660644531,46652,0.0,0.0
2017-02-14 00:00:00+08:00,84.82636092649898,85.21105742722453,82.71051025390625,82.71051025390625,208611,0.0,0.0
2017-02-15 00:00:00+08:00,83.47989437338745,84.82634611845118,83.47989437338745,84.63399505615234,126073,0.0,0.0
2017-02-16 00:00:00+08:00,85.7881036945268,92.13565519286344,85.7881036945268,89.82745361328125,768551,0.0,0.0
2017-02-17 00:00:00+08:00,89.82744694824609,89.82744694824609,87.71159660579283,88.48099517822266,256786,0.0,0.0
2017-02-20 00:00:00+08:00,89.63510494717404,91.17390793868105,89.25040846756896,90.212158203125,258217,0.0,0.0
2017-02-21 00:00:00+08:00,90.98155440307235,91.17390548320898,88.48100174335352,89.82745361328125,201656,0.0,0.0
2017-02-22 00:00:00+08:00,91.94330535346899,93.09740615883425,89.25040726830255,90.01980590820312,525615,0.0,0.0
2017-02-23 00:00:00+08:00,89.82745189626128,90.59685051107232,88.86570220499033,89.25040435791016,207502,0.0,0.0
2017-02-24 00:00:00+08:00,89.2503994416808,89.2503994416808,88.48099517822266,88.48099517822266,100944,0.0,0.0
2017-03-01 00:00:00+08:00,88.8657043374319,88.8657043374319,86.55750274658203,86.55750274658203,97529,0.0,0.0
2017-03-02 00:00:00+08:00,87.13455077659862,88.48099688151329,86.55749756789653,86.94219970703125,136021,0.0,0.0
2017-03-03 00:00:00+08:00,87.90395233338953,88.86570202268751,87.71160125732422,87.71160125732422,122448,0.0,0.0
2017-03-06 00:00:00+08:00,87.32689688961361,88.8656997680664,87.32689688961361,88.8656997680664,58189,0.0,0.0
2017-03-07 00:00:00+08:00,88.86569730995173,89.63509588238155,88.48099517822266,88.48099517822266,73684,0.0,0.0
2017-03-08 00:00:00+08:00,88.28865888357926,88.28865888357926,87.90396237851648,88.0963134765625,52934,0.0,0.0
2017-03-09 00:00:00+08:00,87.90394767165736,89.05804837581626,87.90394767165736,88.48099517822266,40719,0.0,0.0
2017-03-10 00:00:00+08:00,89.6351089477539,90.01981113555784,88.48100807537122,89.6351089477539,99276,0.0,0.0
2017-03-13 00:00:00+08:00,90.59685521252402,98.48320991943626,90.59685521252402,95.7903060913086,1354921,0.0,0.0
2017-03-14 00:00:00+08:00,95.0209056237273,96.55970859487512,93.48210265257948,93.67445373535156,555378,0.0,0.0
2017-03-15 00:00:00+08:00,93.86680182758114,102.71490582497074,93.09740321203424,101.36845397949219,914102,0.0,0.0
2017-03-16 00:00:00+08:00,102.90724428373994,109.25478954852458,102.90724428373994,103.29194641113281,1287422,0.0,0.0
2017-03-17 00:00:00+08:00,104.6383980255064,109.06244402944407,104.6383980255064,106.56189727783203,777549,0.0,0.0
2017-03-20 00:00:00+08:00,107.52366361456762,115.02531641731439,107.33130683020643,114.44825744628906,1041845,0.0,0.0
2017-03-21 00:00:00+08:00,116.17940393935041,120.02640278836878,112.33240509033203,112.33240509033203,913929,0.0,0.0
2017-03-22 00:00:00+08:00,110.21653709285228,118.1028907181539,109.6394896036976,117.9105453491211,1041772,0.0,0.0
2017-03-23 00:00:00+08:00,120.79579409595638,125.41219677021108,117.71818851910115,121.18049621582031,1360668,0.0,0.0
2017-03-24 00:00:00+08:00,122.9116396286555,124.25809136752005,119.64168865771482,119.83404541015625,620733,0.0,0.0
2017-03-27 00:00:00+08:00,120.98815162251113,123.48869857981302,116.5641052546605,118.87230682373047,613601,0.0,0.0
2017-03-28 00:00:00+08:00,121.18051855797354,121.56520936670698,110.02421193530316,116.17941284179688,948950,0.0,0.0
2017-03-29 00:00:00+08:00,117.71820895984683,117.71820895984683,112.71711467938782,114.44825744628906,471230,0.0,0.0
2017-03-30 00:00:00+08:00,115.79469818208142,116.179400331448,113.29415128428441,115.40999603271484,293196,0.0,0.0
2017-03-31 00:00:00+08:00,115.98704189152289,116.5640893595879,113.67884063720703,113.67884063720703,298800,0.0,0.0
2017-04-05 00:00:00+08:00,114.64060221493818,124.25809896322113,114.25590006859545,123.10400390625,936020,0.0,0.0
2017-04-06 00:00:00+08:00,121.75754212754325,126.75863547482977,119.4493408203125,119.4493408203125,663870,0.0,0.0
2017-04-07 00:00:00+08:00,120.2187558267113,120.79580335973259,113.48649666793912,115.40999603271484,577541,0.0,0.0
2017-04-10 00:00:00+08:00,116.17942283714599,116.56412506103516,111.56301891459466,116.56412506103516,319935,0.0,0.0
2017-04-11 00:00:00+08:00,114.64059905417014,114.64059905417014,106.75424510877937,106.94660186767578,664628,0.0,0.0
2017-04-12 00:00:00+08:00,106.1771983417075,113.10180268740629,103.86899689314122,108.87010192871094,459433,0.0,0.0
2017-04-13 00:00:00+08:00,108.87011177738796,110.02420691504517,105.79250577353899,106.17720794677734,231088,0.0,0.0
2017-04-14 00:00:00+08:00,103.48429010605841,106.17719357209323,99.25258953745642,99.4449462890625,396865,0.0,0.0
2017-04-17 00:00:00+08:00,100.02199901337694,105.79249698648499,100.02199901337694,101.17609405517578,310298,0.0,0.0
2017-04-18 00:00:00+08:00,102.71491472758186,102.71491472758186,99.06026102767412,100.02201080322266,192252,0.0,0.0
2017-04-19 00:00:00+08:00,99.25259372215021,103.29194909150998,99.25259372215021,100.40670013427734,275844,0.0,0.0
2017-04-20 00:00:00+08:00,100.40670327085354,103.86899985127903,100.40670327085354,102.71490478515625,430768,0.0,0.0
2017-04-21 00:00:00+08:00,105.02310015238282,108.67774190256765,104.44604127103996,106.56189727783203,520176,0.0,0.0
2017-04-24 00:00:00+08:00,106.94661245066234,107.71600541621362,103.48430426847905,104.06136322021484,211584,0.0,0.0
2017-04-25 00:00:00+08:00,105.2154455247928,108.87009865703409,104.06135052622001,106.56189727783203,318015,0.0,0.0
2017-04-26 00:00:00+08:00,107.71598726090774,108.67773684228935,105.21544062572676,105.79248809814453,174898,0.0,0.0
2017-04-27 00:00:00+08:00,105.21544151692517,106.9465953308977,104.06134656231417,104.44603729248047,193919,0.0,0.0
2017-04-28 00:00:00+08:00,105.40780905584948,105.40780905584948,103.67666625976562,103.67666625976562,106761,0.0,0.0
2017-05-02 00:00:00+08:00,105.02309762439388,105.02309762439388,100.02199285949389,100.79139709472656,231226,0.0,0.0
2017-05-03 00:00:00+08:00,94.63619851967562,94.63619851967562,90.78919982910156,90.78919982910156,967110,0.0,0.0
2017-05-04 00:00:00+08:00,89.2504089412668,90.98155733625,88.48100459591522,90.59685516357422,459245,0.0,0.0
2017-05-05 00:00:00+08:00,91.36624735627626,93.8667999197665,90.78919982910156,90.78919982910156,217362,0.0,0.0
2017-05-08 00:00:00+08:00,89.63511087887217,90.40450958002701,86.74986148126959,88.0963134765625,369893,0.0,0.0
2017-05-09 00:00:00+08:00,89.82745603249103,91.94330658892012,89.44275386185706,90.212158203125,313003,0.0,0.0
2017-05-10 00:00:00+08:00,90.40449768363275,92.13565164721389,90.40449768363275,90.78919982910156,155149,0.0,0.0
2017-05-11 00:00:00+08:00,91.17391204833984,92.71270941817917,90.40450767239105,91.17391204833984,141741,0.0,0.0
2017-05-12 00:00:00+08:00,91.36624735627626,92.13565164721389,90.59684875636717,90.78919982910156,135924,0.0,0.0
2017-05-15 00:00:00+08:00,90.98154919841824,93.67444709319612,90.98154919841824,92.32799530029297,264014,0.0,0.0
2017-05-16 00:00:00+08:00,92.32799453253688,93.0973988026712,89.63509666015186,90.40449523925781,162876,0.0,0.0
2017-05-17 00:00:00+08:00,90.21215157533405,91.17390124023137,88.8656997680664,88.8656997680664,91152,0.0,0.0
2017-05-18 00:00:00+08:00,87.51926018242443,88.86571217771734,87.51926018242443,88.0963134765625,120584,0.0,0.0
2017-05-19 00:00:00+08:00,88.48100807537122,90.01981113555784,88.09631157859641,89.6351089477539,77560,0.0,0.0
2017-05-22 00:00:00+08:00,90.98155624016427,93.28975786635345,90.78920515614368,91.94330596923828,225215,0.0,0.0
2017-05-23 00:00:00+08:00,93.09740976998555,95.02090928986193,92.32800540921177,94.25151062011719,293952,0.0,0.0
2017-05-24 00:00:00+08:00,96.55970859487512,96.55970859487512,93.48210265257948,93.67445373535156,131900,0.0,0.0
2017-05-25 00:00:00+08:00,93.86680481812364,94.63620345818315,93.48210265257948,93.67445373535156,104900,0.0,0.0
2017-05-26 00:00:00+08:00,94.05914700477365,94.05914700477365,93.48209381103516,93.48209381103516,68252,0.0,0.0
2017-05-31 00:00:00+08:00,94.44385188346567,95.4056072923164,92.7127035295919,93.28975677490234,71995,0.0,0.0
2017-06-01 00:00:00+08:00,93.2897584655343,94.44385359501257,92.52035412451028,93.86680603027344,60128,0.0,0.0
2017-06-02 00:00:00+08:00,95.2132596404416,96.5597115703075,94.25150988797425,94.44385528564453,87293,0.0,0.0
2017-06-05 00:00:00+08:00,95.0209021024598,95.0209021024598,94.05915241526857,94.63619995117188,83549,0.0,0.0
2017-06-06 00:00:00+08:00,94.63621235681856,95.59796786111275,93.86681364441256,95.4056167602539,81438,0.0,0.0
2017-06-07 00:00:00+08:00,95.79029889333526,100.79140400090874,95.79029889333526,98.86790466308594,266345,0.0,0.0
2017-06-08 00:00:00+08:00,99.06025280854415,99.06025280854415,96.94439664865716,98.09850311279297,89525,0.0,0.0
2017-06-09 00:00:00+08:00,96.94439020935303,96.94439020935303,92.90504630832493,93.48209381103516,426945,0.0,0.0
2017-06-12 00:00:00+08:00,93.86680771057573,94.82855746304307,92.32800469201057,94.44385528564453,93401,0.0,0.0
2017-06-13 00:00:00+08:00,94.2515069836678,94.2515069836678,93.28975726083623,93.67445373535156,44597,0.0,0.0
2017-06-14 00:00:00+08:00,93.67445324741385,93.67445324741385,92.32800136605161,93.28975677490234,85413,0.0,0.0
2017-06-15 00:00:00+08:00,93.09739781230506,93.09739781230506,91.1738985394881,91.75094604492188,110523,0.0,0.0
2017-06-16 00:00:00+08:00,92.32800469201057,95.02090855174234,92.32800469201057,94.44385528564453,91133,0.0,0.0
2017-06-19 00:00:00+08:00,94.4438488755279,95.0209021024598,93.67445026398063,94.63619995117188,31276,0.0,0.0
2017-06-20 00:00:00+08:00,94.63619995117188,97.90615685506211,94.63619995117188,94.63619995117188,105093,0.0,0.0
2017-06-21 00:00:00+08:00,96.17499471956633,96.55969683827117,95.5979472325372,96.36734008789062,77965,0.0,0.0
2017-06-22 00:00:00+08:00,97.13675689697266,98.2908520203967,96.36735255998484,97.13675689697266,127980,0.0,0.0
2017-06-23 00:00:00+08:00,97.52145845028271,98.48320817442175,95.02090575290393,95.2132568359375,145522,0.0,0.0
2017-06-26 00:00:00+08:00,97.52145662486136,97.52145662486136,96.36735014826267,96.7520523071289,81438,0.0,0.0
2017-06-27 00:00:00+08:00,96.94440012169684,97.90616123396049,96.17500716676673,97.13675689697266,71743,0.0,0.0
2017-06-28 00:00:00+08:00,97.13675519319216,97.52145735493839,96.17500547985533,96.55970764160156,98966,0.0,0.0
2017-06-29 00:00:00+08:00,97.9061696893601,97.9061696893601,95.4056167602539,95.4056167602539,81496,0.0,0.0
2017-06-30 00:00:00+08:00,95.40560791897107,95.40560791897107,94.25150711179846,95.2132568359375,54292,0.0,0.0
2017-07-03 00:00:00+08:00,95.02090928986193,95.40561147024881,94.25151062011719,94.25151062011719,29164,0.0,0.0
2017-07-04 00:00:00+08:00,94.05915651140691,94.05915651140691,91.94330596923828,91.94330596923828,128107,0.0,0.0
2017-07-05 00:00:00+08:00,91.94330707691056,91.94330707691056,90.40450407723633,90.59685516357422,83454,0.0,0.0
2017-07-06 00:00:00+08:00,90.78920104870511,91.55859965894982,90.78920104870511,90.98155212402344,42706,0.0,0.0
2017-07-07 00:00:00+08:00,90.7892033229357,90.7892033229357,89.44275145300797,89.82745361328125,42658,0.0,0.0
2017-07-10 00:00:00+08:00,91.36625493954323,96.17500939290896,91.36625493954323,94.44385528564453,255240,0.0,0.0
2017-07-11 00:00:00+08:00,95.79030251658504,95.79030251658504,92.71270232145322,93.09740447998047,68059,0.0,0.0
2017-07-12 00:00:00+08:00,94.44384692997299,94.44384692997299,92.52034759521484,92.52034759521484,56250,0.0,0.0
2017-07-13 00:00:00+08:00,92.71270110831188,93.28975433855202,91.5586003388602,92.9050521850586,65945,0.0,0.0
2017-07-14 00:00:00+08:00,92.71269866689636,93.48209726259392,92.32799652353333,92.52034759521484,133791,0.0,0.0
2017-07-17 00:00:00+08:00,92.52035003156516,93.67445080101682,92.52035003156516,92.9050521850586,54447,0.0,0.0
2017-07-18 00:00:00+08:00,93.09740290857333,96.94439597376817,92.90505183255644,96.17500305175781,180191,0.0,0.0
2017-07-19 00:00:00+08:00,96.17500410188521,96.75205164520801,94.82855224609375,94.82855224609375,105462,0.0,0.0
2017-07-20 00:00:00+08:00,96.175002865295,96.175002865295,94.25150349091254,94.63619995117188,54447,0.0,0.0
2017-07-21 00:00:00+08:00,94.63621235681856,95.98265868077172,94.63621235681856,95.4056167602539,43899,0.0,0.0
2017-07-24 00:00:00+08:00,95.98265868077172,98.86791950262493,95.02091455853623,95.4056167602539,318054,0.0,0.0
2017-07-25 00:00:00+08:00,95.59796256044227,95.59796256044227,93.4821062593434,94.25151062011719,87323,0.0,0.0
2017-07-26 00:00:00+08:00,94.63620710947504,95.98265335877109,93.86680843973029,94.25151062011719,97047,0.0,0.0
2017-07-27 00:00:00+08:00,94.25150770635486,97.90616123396049,94.25150770635486,97.13675689697266,290559,0.0,0.0
2017-07-28 00:00:00+08:00,97.3290974577642,105.79249921618843,97.3290974577642,102.71490478515625,1248425,0.0,0.0
2017-07-31 00:00:00+08:00,103.48429975900416,103.86900191604478,99.63730095271258,102.13784790039062,531742,0.0,0.0
2017-08-01 00:00:00+08:00,100.79140231499,103.29194913592207,100.79140231499,102.52254486083984,229131,0.0,0.0
2017-08-02 00:00:00+08:00,102.33020294613983,102.90725048095146,100.9837511102079,101.56079864501953,262436,0.0,0.0
2017-08-03 00:00:00+08:00,100.40670703831395,101.1760999839126,98.0985054374029,100.59905242919922,269928,0.0,0.0
2017-08-04 00:00:00+08:00,100.59905673892487,100.59905673892487,98.48321182031256,87.51925659179688,517035,0.0,0.0
2017-08-07 00:00:00+08:00,99.76399709374645,101.29211764441374,94.30644970172999,94.74305725097656,949922,3.610102,1.1
2017-08-08 00:00:00+08:00,95.61627079092257,96.05287838667566,93.4332504272461,93.4332504272461,211792,0.0,0.0
2017-08-09 00:00:00+08:00,92.99664870318934,96.27117631285587,92.99664870318934,93.4332504272461,193581,0.0,0.0
2017-08-10 00:00:00+08:00,94.74305858285551,94.74305858285551,85.13776869644593,89.06720733642578,315722,0.0,0.0
2017-08-11 00:00:00+08:00,89.06721690210176,90.15872416439709,87.75739996697239,89.28551483154297,90154,0.0,0.0
2017-08-14 00:00:00+08:00,89.50381367090168,89.50381367090168,86.01098240481203,86.22928619384766,192245,0.0,0.0
2017-08-15 00:00:00+08:00,89.50381721091257,89.50381721091257,87.1024930516329,87.53910064697266,61915,0.0,0.0
2017-08-16 00:00:00+08:00,87.97569864543794,88.41230035059422,87.32079315185547,87.32079315185547,82865,0.0,0.0
2017-08-17 00:00:00+08:00,87.32080408323942,89.50382462569766,87.32080408323942,88.630615234375,54644,0.0,0.0
2017-08-18 00:00:00+08:00,88.19400024414062,88.19400024414062,87.75739267812857,88.19400024414062,31729,0.0,0.0
2017-08-21 00:00:00+08:00,88.41229836215408,88.41229836215408,87.75739288330078,87.75739288330078,32483,0.0,0.0
2017-08-22 00:00:00+08:00,87.97569666681719,88.8489059291869,87.75739288330078,87.75739288330078,40719,0.0,0.0
2017-08-23 00:00:00+08:00,89.28550168474764,89.28550168474764,87.3207853788918,88.41229248046875,74299,0.0,0.0
2017-08-24 00:00:00+08:00,88.8489059291869,88.8489059291869,87.75739288330078,87.75739288330078,38965,0.0,0.0
2017-08-25 00:00:00+08:00,88.41229836215408,88.63060214567048,87.53909497148031,87.75739288330078,43132,0.0,0.0
2017-08-28 00:00:00+08:00,87.97569666681719,87.97569666681719,87.75739288330078,87.75739288330078,42309,0.0,0.0
2017-08-29 00:00:00+08:00,88.63059819871204,88.63059819871204,87.32078729933484,87.97569274902344,42393,0.0,0.0
2017-08-30 00:00:00+08:00,88.1940004503336,88.63060214567048,87.75739288330078,87.75739288330078,35534,0.0,0.0
2017-08-31 00:00:00+08:00,88.41228653856115,91.68681936661221,88.41228653856115,89.50379943847656,121945,0.0,0.0
2017-09-01 00:00:00+08:00,91.03193994246305,93.43325843820867,91.03193994246305,92.34175109863281,138233,0.0,0.0
2017-09-04 00:00:00+08:00,91.90514456197475,91.90514456197475,89.94042205810547,89.94042205810547,58275,0.0,0.0
2017-09-05 00:00:00+08:00,90.37702966860822,90.37702966860822,89.72212412455063,89.94042205810547,37017,0.0,0.0
2017-09-06 00:00:00+08:00,89.5038186326806,91.46853522783005,88.63060929982649,89.28551483154297,63458,0.0,0.0
2017-09-07 00:00:00+08:00,89.50379943847656,89.94040107542563,89.06719780152748,89.50379943847656,52881,0.0,0.0
2017-09-08 00:00:00+08:00,90.59532589497593,91.0319334972512,89.28551483154297,89.28551483154297,37017,0.0,0.0
2017-09-11 00:00:00+08:00,92.99664551454758,92.99664551454758,90.81362522572186,91.03192901611328,162171,0.0,0.0
2017-09-12 00:00:00+08:00,91.6868461807516,92.99665734635283,90.81363677978516,90.81363677978516,67018,0.0,0.0
2017-09-13 00:00:00+08:00,90.81362945174097,90.81362945174097,89.72212219238281,89.72212219238281,47658,0.0,0.0
2017-09-14 00:00:00+08:00,89.72210319279867,89.94040107542563,89.50379943847656,89.50379943847656,33491,0.0,0.0
2017-09-15 00:00:00+08:00,89.50380545374125,89.50380545374125,88.19399458317069,88.41229248046875,19390,0.0,0.0
2017-09-18 00:00:00+08:00,88.41229248046875,89.50380545374125,88.41229248046875,88.41229248046875,40560,0.0,0.0
2017-09-19 00:00:00+08:00,89.06720378744959,89.06720378744959,88.19399458317069,88.41229248046875,24854,0.0,0.0
2017-09-20 00:00:00+08:00,87.53909694028165,87.75739485701176,87.10248936342929,87.32079315185547,96216,0.0,0.0
2017-09-21 00:00:00+08:00,87.75739857294622,88.41230409425951,87.53910064697266,87.53910064697266,39627,0.0,0.0
2017-09-22 00:00:00+08:00,87.75740082768823,87.75740082768823,86.6658935546875,86.6658935546875,45957,0.0,0.0
2017-09-25 00:00:00+08:00,86.22929215117756,86.66589388771627,80.33513641357422,80.33513641357422,162033,0.0,0.0
2017-09-26 00:00:00+08:00,81.20834911212953,85.57438427291675,80.77174148586307,81.64495086669922,132724,0.0,0.0
2017-09-27 00:00:00+08:00,82.08154296875,83.82796152504922,82.08154296875,82.08154296875,43557,0.0,0.0
2017-09-28 00:00:00+08:00,82.08154080589468,83.82795931617562,82.08154080589468,82.95475006103516,22718,0.0,0.0
2017-09-29 00:00:00+08:00,82.29983712576998,82.51814088768624,81.64493171171654,81.86323547363281,52529,0.0,0.0
2017-10-02 00:00:00+08:00,82.51814836931287,83.60965553446653,82.51814836931287,82.95475006103516,39201,0.0,0.0
2017-10-03 00:00:00+08:00,82.51814836931287,83.39135762445333,82.08154080589468,82.95475006103516,31041,0.0,0.0
2017-10-05 00:00:00+08:00,82.95475376469669,83.391361347608,82.73644997324104,83.17305755615234,29046,0.0,0.0
2017-10-06 00:00:00+08:00,83.60965553446653,83.60965553446653,82.95475006103516,82.95475006103516,35607,0.0,0.0
2017-10-11 00:00:00+08:00,81.64493755987543,81.64493755987543,80.55343041550108,81.20833587646484,105716,0.0,0.0
2017-10-12 00:00:00+08:00,82.51815078403106,82.51815078403106,80.55343430624369,80.99003601074219,71755,0.0,0.0
2017-10-13 00:00:00+08:00,81.20833587646484,81.20833587646484,80.77172832135848,81.20833587646484,32390,0.0,0.0
2017-10-16 00:00:00+08:00,80.7717364411122,80.99004024061084,79.68022918701172,79.68022918701172,54300,0.0,0.0
2017-10-17 00:00:00+08:00,79.24361863319893,79.68022621591612,75.53248941027984,76.84230041503906,121642,0.0,0.0
2017-10-18 00:00:00+08:00,76.84229823832148,79.89852187228709,76.40569066797211,77.71550750732422,135030,0.0,0.0
2017-10-19 00:00:00+08:00,78.58872030286567,79.4619296762934,78.37042236328125,78.37042236328125,65309,0.0,0.0
2017-10-20 00:00:00+08:00,78.58871459960938,78.58871459960938,77.71551116124752,78.58871459960938,26000,0.0,0.0
2017-10-23 00:00:00+08:00,78.37041299115228,78.58871090463097,77.71550750732422,77.71550750732422,26726,0.0,0.0
2017-10-24 00:00:00+08:00,78.15210876684338,80.77173068743605,78.15210876684338,79.89852142333984,102855,0.0,0.0
2017-10-25 00:00:00+08:00,79.89852562884842,79.89852562884842,78.58871459960938,78.58871459960938,43186,0.0,0.0
2017-10-26 00:00:00+08:00,77.27890187281342,78.37041495433327,77.27890187281342,77.93380737304688,26973,0.0,0.0
2017-10-27 00:00:00+08:00,77.71551196083851,77.71551196083851,75.9690933227539,75.9690933227539,96950,0.0,0.0
2017-10-30 00:00:00+08:00,75.96909210408204,75.96909210408204,72.47626075564003,73.78607177734375,140903,0.0,0.0
2017-10-31 00:00:00+08:00,74.2226791381836,74.87757877533166,74.2226791381836,74.2226791381836,14630,0.0,0.0
2017-11-01 00:00:00+08:00,75.09587902123893,75.09587902123893,73.56776428222656,73.56776428222656,61272,0.0,0.0
2017-11-02 00:00:00+08:00,72.03965855525172,72.03965855525172,68.32852900676112,69.42003631591797,346538,0.0,0.0
2017-11-03 00:00:00+08:00,70.72984717215238,70.72984717215238,69.85664367675781,69.85664367675781,71422,0.0,0.0
2017-11-06 00:00:00+08:00,69.42003089641176,69.42003089641176,68.54682159423828,68.54682159423828,110417,0.0,0.0
2017-11-07 00:00:00+08:00,68.32852513617033,69.85663997978446,68.32852513617033,69.63833618164062,44773,0.0,0.0
2017-11-08 00:00:00+08:00,70.29324735818285,70.29324735818285,70.07494354248047,70.07494354248047,32480,0.0,0.0
2017-11-09 00:00:00+08:00,70.2932454244551,71.16645479154631,69.85664367675781,69.85664367675781,59158,0.0,0.0
2017-11-10 00:00:00+08:00,71.82135625420645,72.47626177426272,70.72984313964844,70.72984313964844,74651,0.0,0.0
2017-11-13 00:00:00+08:00,72.47626520796027,73.56777250253414,72.03965759277344,72.03965759277344,60394,0.0,0.0
2017-11-14 00:00:00+08:00,71.1664410757062,71.60304273925767,70.29323187690777,70.51153564453125,30442,0.0,0.0
2017-11-15 00:00:00+08:00,69.85664393693804,71.82136061643835,68.5468269455745,69.42003631591797,34038,0.0,0.0
2017-11-16 00:00:00+08:00,69.85664367675781,69.85664367675781,68.98343430966659,69.85664367675781,35430,0.0,0.0
2017-11-17 00:00:00+08:00,70.29324170437577,70.29324170437577,69.4200323834968,69.63833618164062,23091,0.0,0.0
2017-11-20 00:00:00+08:00,70.29324474711592,73.56777250253414,70.29324474711592,72.03965759277344,103066,0.0,0.0
2017-11-21 00:00:00+08:00,72.25795722935183,74.2226796408878,72.03965343435978,72.69456481933594,99241,0.0,0.0
2017-11-22 00:00:00+08:00,73.78607052151725,73.78607052151725,71.6030502319336,71.6030502319336,37748,0.0,0.0
2017-11-23 00:00:00+08:00,71.60305584928321,72.47626520796027,71.60305584928321,72.03965759277344,26793,0.0,0.0
2017-11-24 00:00:00+08:00,71.60305194313935,72.2579574584961,71.38474814745501,72.2579574584961,28434,0.0,0.0
2017-11-27 00:00:00+08:00,72.47625376648757,72.47625376648757,71.16644287109375,71.16644287109375,28626,0.0,0.0
2017-11-28 00:00:00+08:00,71.60304273925767,71.60304273925767,69.8566302133563,70.51153564453125,28219,0.0,0.0
2017-11-29 00:00:00+08:00,70.2932454244551,70.2932454244551,68.98343430966659,69.85664367675781,55809,0.0,0.0
2017-11-30 00:00:00+08:00,70.94814144862296,70.94814144862296,68.98342504043706,69.20172882080078,29966,0.0,0.0
2017-12-01 00:00:00+08:00,69.85664393693804,70.0749418757514,69.42003631591797,69.42003631591797,19830,0.0,0.0
2017-12-04 00:00:00+08:00,69.20172882080078,69.20172882080078,68.54681747970962,69.20172882080078,34373,0.0,0.0
2017-12-05 00:00:00+08:00,69.42003605736387,70.07494161475813,69.42003605736387,69.85664367675781,33491,0.0,0.0
2017-12-06 00:00:00+08:00,69.42003066888579,69.42003066888579,67.67361794195895,68.98342895507812,21152,0.0,0.0
2017-12-07 00:00:00+08:00,68.32852767844969,68.32852767844969,67.45531832508146,67.67362213134766,35970,0.0,0.0
2017-12-08 00:00:00+08:00,67.45530895558277,68.11021441171886,66.1454980433106,67.01870727539062,49532,0.0,0.0
2017-12-11 00:00:00+08:00,68.98343620736217,71.8213623247059,68.98343620736217,70.07494354248047,77739,0.0,0.0
2017-12-12 00:00:00+08:00,69.42003463331531,69.42003463331531,68.76512908935547,68.76512908935547,25057,0.0,0.0
2017-12-13 00:00:00+08:00,68.76513075608453,69.85664393693804,68.5468269455745,69.42003631591797,27322,0.0,0.0
2017-12-14 00:00:00+08:00,71.16644926750881,71.16644926750881,68.98342895507812,68.98342895507812,27477,0.0,0.0
2017-12-15 00:00:00+08:00,68.11022354539563,68.76512908935547,67.67362180665458,68.76512908935547,26440,0.0,0.0
2017-12-18 00:00:00+08:00,68.98342346319231,69.63832891761378,68.11021423339844,68.11021423339844,12515,0.0,0.0
2017-12-19 00:00:00+08:00,67.45531832508146,68.54682561301932,67.45531832508146,67.67362213134766,14101,0.0,0.0
2017-12-20 00:00:00+08:00,68.11022387218348,68.11022387218348,67.67362213134766,67.67362213134766,9695,0.0,0.0
2017-12-21 00:00:00+08:00,68.32852767844969,68.54682561301932,67.67362213134766,67.67362213134766,15935,0.0,0.0
2017-12-22 00:00:00+08:00,67.67361255434938,68.32851800877084,67.67361255434938,68.11021423339844,15864,0.0,0.0
2017-12-25 00:00:00+08:00,67.89191974017685,68.98343289457426,67.89191974017685,68.76512908935547,19486,0.0,0.0
2017-12-26 00:00:00+08:00,68.32852194356323,68.54681985981088,67.89191436767578,67.89191436767578,24731,0.0,0.0
2017-12-27 00:00:00+08:00,67.89192006591729,67.89192006591729,67.67362213134766,67.67362213134766,5346,0.0,0.0
2017-12-28 00:00:00+08:00,68.32851800877084,68.54681591244751,68.11021423339844,68.11021423339844,21329,0.0,0.0
2017-12-29 00:00:00+08:00,68.32852900676112,69.42003631591797,68.32852900676112,69.42003631591797,47787,0.0,0.0
2018-01-02 00:00:00+08:00,67.67361794195895,68.98342895507812,67.67361794195895,68.98342895507812,22915,0.0,0.0
2018-01-03 00:00:00+08:00,69.85664224375289,69.85664224375289,68.54682528413667,68.76512908935547,23179,0.0,0.0
2018-01-04 00:00:00+08:00,69.42003667267639,69.42003667267639,68.32852935791016,68.32852935791016,18459,0.0,0.0
2018-01-05 00:00:00+08:00,68.32852367246707,68.98342918117312,68.32852367246707,68.54682159423828,14436,0.0,0.0
2018-01-08 00:00:00+08:00,68.54682528413667,68.76512908935547,67.67362180665458,68.76512908935547,16234,0.0,0.0
2018-01-09 00:00:00+08:00,68.54681591244751,68.98342346319231,68.11021423339844,68.11021423339844,14197,0.0,0.0
2018-01-10 00:00:00+08:00,67.89190867441489,67.89190867441489,66.80040156961971,67.45530700683594,44244,0.0,0.0
2018-01-11 00:00:00+08:00,66.80040740966797,67.01871119839052,66.80040740966797,66.80040740966797,17803,0.0,0.0
2018-01-12 00:00:00+08:00,67.23700911541698,67.23700911541698,66.36380570391896,66.80040740966797,26969,0.0,0.0
2018-01-15 00:00:00+08:00,66.80040717134929,68.1102181556195,66.58210338340557,67.89191436767578,34129,0.0,0.0
2018-01-16 00:00:00+08:00,69.42002514224137,69.85663269298617,68.11021423339844,68.11021423339844,61880,0.0,0.0
2018-01-17 00:00:00+08:00,67.23700517963883,67.23700517963883,67.01870727539062,67.01870727539062,14316,0.0,0.0
2018-01-18 00:00:00+08:00,67.23701477050781,67.67362238467459,67.23701477050781,67.23701477050781,22915,0.0,0.0
2018-01-19 00:00:00+08:00,67.4553185775912,67.4553185775912,67.23701477050781,67.23701477050781,21417,0.0,0.0
2018-01-22 00:00:00+08:00,67.23700517963883,67.67361273152672,67.01870727539062,67.01870727539062,11686,0.0,0.0
2018-01-23 00:00:00+08:00,66.58211517333984,67.89192638954303,66.58211517333984,66.58211517333984,41441,0.0,0.0
2018-01-24 00:00:00+08:00,66.5821095571749,66.80041336536065,66.1455078125,66.1455078125,38788,0.0,0.0
2018-01-25 00:00:00+08:00,66.36380570391896,66.80040740966797,65.92719812647385,66.80040740966797,10047,0.0,0.0
2018-01-26 00:00:00+08:00,66.58210362094542,66.80040740966797,66.1455019151964,66.80040740966797,17979,0.0,0.0
2018-01-29 00:00:00+08:00,66.36380767822266,66.80040939696045,66.36380767822266,66.36380767822266,14211,0.0,0.0
2018-01-30 00:00:00+08:00,66.36380022941663,66.80040189914936,65.92719268798828,65.92719268798828,14225,0.0,0.0
2018-01-31 00:00:00+08:00,65.49059642072484,67.23700911541698,65.49059642072484,66.80040740966797,32081,0.0,0.0
2018-02-01 00:00:00+08:00,67.01870472103299,70.72983354045923,67.01870472103299,70.51153564453125,155208,0.0,0.0
2018-02-02 00:00:00+08:00,70.51154721163839,72.03965622059579,68.9834323309845,70.29324340820312,96985,0.0,0.0
2018-02-05 00:00:00+08:00,68.98343430966659,69.85664367675781,67.23701557548415,69.85664367675781,65485,0.0,0.0
2018-02-06 00:00:00+08:00,68.54681444977591,68.54681444977591,65.70888891727411,65.92719268798828,85640,0.0,0.0
2018-02-07 00:00:00+08:00,66.80040939696045,67.67361870613227,66.36380767822266,66.36380767822266,42481,0.0,0.0
2018-02-08 00:00:00+08:00,66.36380439623319,66.36380439623319,64.61738586425781,64.61738586425781,76174,0.0,0.0
2018-02-09 00:00:00+08:00,64.61738586425781,64.61738586425781,64.61738586425781,64.61738586425781,0,0.0,0.0
2018-02-12 00:00:00+08:00,65.49059354535542,71.3847427368164,65.49059354535542,71.3847427368164,275051,0.0,0.0
2018-02-21 00:00:00+08:00,74.65927754760095,76.40569020328914,72.03964975652474,72.47625732421875,270931,0.0,0.0
2018-02-22 00:00:00+08:00,70.51154376094922,70.51154376094922,66.80040864264744,68.98342895507812,150468,0.0,0.0
2018-02-23 00:00:00+08:00,68.98343289457426,70.07494017727515,67.67362180665458,68.76512908935547,85139,0.0,0.0
2018-02-26 00:00:00+08:00,70.72984743558484,70.72984743558484,68.98343456659457,69.42003631591797,74299,0.0,0.0
2018-02-27 00:00:00+08:00,69.42003066888579,70.51154376094922,68.11021965576661,68.98342895507812,78723,0.0,0.0
2018-03-01 00:00:00+08:00,69.42003406615855,70.29324340820312,69.42003406615855,70.29324340820312,38956,0.0,0.0
2018-03-02 00:00:00+08:00,69.42003406615855,70.29324340820312,69.42003406615855,70.29324340820312,21152,0.0,0.0
2018-03-05 00:00:00+08:00,70.51154521409389,70.72984313964844,70.29324141684303,70.72984313964844,27322,0.0,0.0
2018-03-06 00:00:00+08:00,70.94813730808272,70.94813730808272,69.8566302133563,70.51153564453125,28820,0.0,0.0
2018-03-07 00:00:00+08:00,71.16644287109375,72.47625376648757,71.16644287109375,71.16644287109375,81790,0.0,0.0
2018-03-08 00:00:00+08:00,71.82134831879065,72.25794999335672,71.16644287109375,71.16644287109375,75973,0.0,0.0
2018-03-09 00:00:00+08:00,70.0749418757514,70.0749418757514,68.98343456659457,69.42003631591797,56953,0.0,0.0
2018-03-12 00:00:00+08:00,69.42003463331531,69.42003463331531,68.11022354539563,68.76512908935547,54644,0.0,0.0
2018-03-13 00:00:00+08:00,68.76512908935547,69.20173669979305,68.54682528413667,68.76512908935547,33869,0.0,0.0
2018-03-14 00:00:00+08:00,69.20173274783005,69.20173274783005,68.98342895507812,68.98342895507812,10735,0.0,0.0
2018-03-15 00:00:00+08:00,68.98343037673047,71.38474865970471,68.98343037673047,70.72984313964844,58328,0.0,0.0
2018-03-16 00:00:00+08:00,70.0749418757514,70.29324568626144,69.42003631591797,69.42003631591797,26775,0.0,0.0
2018-03-19 00:00:00+08:00,69.63833589678676,71.16645073415017,69.63833589678676,70.72984313964844,16042,0.0,0.0
2018-03-20 00:00:00+08:00,70.51154470811021,73.78607228489392,70.29324091242587,72.2579574584961,82245,0.0,0.0
2018-03-21 00:00:00+08:00,72.69456432698152,76.40569358653373,72.25795673995452,74.2226791381836,208883,0.0,0.0
2018-03-22 00:00:00+08:00,74.22268392531437,74.22268392531437,71.16645410579298,72.03965759277344,97457,0.0,0.0
2018-03-23 00:00:00+08:00,69.42002633966274,71.3847427368164,69.42002633966274,71.3847427368164,50442,0.0,0.0
2018-03-26 00:00:00+08:00,72.0396495432142,74.00437184862777,72.0396495432142,73.56776428222656,110530,0.0,0.0
2018-03-27 00:00:00+08:00,74.65929086868618,74.65929086868618,72.91287202969723,73.34947967529297,51568,0.0,0.0
2018-03-28 00:00:00+08:00,73.34947006067459,74.22267936570914,73.34947006067459,73.78607177734375,55349,0.0,0.0
2018-03-29 00:00:00+08:00,73.78607722691127,80.55344250112145,73.78607722691127,79.46192932128906,338232,0.0,0.0
2018-03-30 00:00:00+08:00,80.771728515625,83.82795792193706,79.68022136862542,80.771728515625,525339,0.0,0.0
2018-04-02 00:00:00+08:00,84.26456100789791,84.26456100789791,81.86324289588148,82.95475006103516,202890,0.0,0.0
2018-04-03 00:00:00+08:00,82.08154811605887,83.82796678187546,80.99004085369582,83.39136505126953,153480,0.0,0.0
2018-04-09 00:00:00+08:00,84.70118076377734,84.70118076377734,81.20834911212953,81.64495086669922,160156,0.0,0.0
2018-04-10 00:00:00+08:00,81.64494041029256,82.5181496792953,77.71550750732422,77.71550750732422,195936,0.0,0.0
2018-04-11 00:00:00+08:00,78.80701666392353,78.80701666392353,76.62399637257995,77.93380737304688,107824,0.0,0.0
2018-04-12 00:00:00+08:00,78.58872289615573,79.68023611688258,77.06060791015625,77.06060791015625,111228,0.0,0.0
2018-04-13 00:00:00+08:00,77.71551573243163,77.71551573243163,76.1874008178711,76.1874008178711,67512,0.0,0.0
2018-04-16 00:00:00+08:00,77.27890014648438,77.27890014648438,76.40569087511429,77.27890014648438,49708,0.0,0.0
2018-04-17 00:00:00+08:00,77.71551047591852,77.71551047591852,74.2226791381836,74.2226791381836,54195,0.0,0.0
2018-04-18 00:00:00+08:00,74.22268536765723,74.87758505977072,72.25796280452997,73.13117218017578,40807,0.0,0.0
2018-04-19 00:00:00+08:00,73.7860695904745,76.40569155624166,73.7860695904745,74.6592788696289,58522,0.0,0.0
2018-04-20 00:00:00+08:00,74.65928085351437,75.53249015587217,73.7860715511566,74.2226791381836,45830,0.0,0.0
2018-04-23 00:00:00+08:00,74.22267909855317,75.53249011554237,74.22267909855317,74.87757873535156,45830,0.0,0.0
2018-04-24 00:00:00+08:00,76.18739229113808,76.40569020328914,72.03964975652474,72.47625732421875,102238,0.0,0.0
2018-04-25 00:00:00+08:00,72.69456432698152,74.2226791381836,72.47626053346802,74.2226791381836,42305,0.0,0.0
2018-04-26 00:00:00+08:00,75.09587924359901,76.40569020328914,72.47625732421875,72.47625732421875,74034,0.0,0.0
2018-04-27 00:00:00+08:00,73.13116280406382,73.13116280406382,72.47625732421875,72.47625732421875,19589,0.0,0.0
2018-04-30 00:00:00+08:00,72.69457407859636,75.31419646538279,72.69457407859636,73.34947967529297,31729,0.0,0.0
2018-05-02 00:00:00+08:00,72.91285860179121,74.0043716430664,72.91285860179121,74.0043716430664,29968,0.0,0.0
2018-05-03 00:00:00+08:00,69.85664393693804,71.82136061643835,68.98343456659457,69.42003631591797,192789,0.0,0.0
2018-05-04 00:00:00+08:00,69.42003667267639,69.42003667267639,67.45531998307915,68.32852935791016,58718,0.0,0.0
2018-05-07 00:00:00+08:00,68.32852367246707,68.54682159423828,68.32852367246707,68.54682159423828,15989,0.0,0.0
2018-05-08 00:00:00+08:00,68.54682729784538,68.54682729784538,67.8919217346463,68.32852935791016,32751,0.0,0.0
2018-05-09 00:00:00+08:00,68.11021244405217,68.11021244405217,67.45530700683594,67.45530700683594,23285,0.0,0.0
2018-05-10 00:00:00+08:00,66.80040349944669,67.45530895558277,66.36380181925453,67.01870727539062,30398,0.0,0.0
2018-05-11 00:00:00+08:00,67.01871319217746,67.23701111569822,66.36380767822266,66.36380767822266,36047,0.0,0.0
2018-05-14 00:00:00+08:00,66.36380767822266,67.23701111569822,66.36380767822266,66.36380767822266,54820,0.0,0.0
2018-05-15 00:00:00+08:00,66.36380767822266,66.58210560174342,65.49059836905083,66.36380767822266,37042,0.0,0.0
2018-05-16 00:00:00+08:00,66.36380570391896,67.01871119839052,66.36380570391896,66.80040740966797,28415,0.0,0.0
2018-05-17 00:00:00+08:00,66.80041302803762,68.11022412714478,66.80041302803762,67.23701477050781,33491,0.0,0.0
2018-05-18 00:00:00+08:00,68.11021244405217,68.11021244405217,67.45530700683594,67.45530700683594,30230,0.0,0.0
2018-05-21 00:00:00+08:00,68.54681591244751,68.54681591244751,67.01870709992791,68.11021423339844,16040,0.0,0.0
2018-05-22 00:00:00+08:00,67.23701111569822,67.67361870613227,66.36380767822266,66.36380767822266,35289,0.0,0.0
2018-05-23 00:00:00+08:00,66.58211517333984,66.80041899993941,66.36381721843738,66.58211517333984,12515,0.0,0.0
2018-05-24 00:00:00+08:00,66.5821095571749,66.5821095571749,65.92720400431423,66.1455078125,10576,0.0,0.0
2018-05-25 00:00:00+08:00,66.36381162068575,66.80041336536065,66.1455078125,66.1455078125,19390,0.0,0.0
2018-05-28 00:00:00+08:00,66.14550806972957,66.36381187876428,65.49060251432208,65.70890045166016,28379,0.0,0.0
2018-05-29 00:00:00+08:00,65.4906005859375,65.70889851684774,64.61739124720714,65.4906005859375,34020,0.0,0.0
2018-05-30 00:00:00+08:00,65.0539836295114,65.92719284272192,64.83568572998047,64.83568572998047,33844,0.0,0.0
2018-05-31 00:00:00+08:00,65.0539834768272,67.2370035688821,65.0539834768272,65.92719268798828,30318,0.0,0.0
2018-06-01 00:00:00+08:00,68.32852935791016,68.54682729784538,67.45531998307915,68.32852935791016,60373,0.0,0.0
2018-06-04 00:00:00+08:00,68.32852367246707,69.85663848334661,68.32852367246707,68.54682159423828,37547,0.0,0.0
2018-06-05 00:00:00+08:00,67.89192006591729,67.89192006591729,67.67362213134766,67.67362213134766,26987,0.0,0.0
2018-06-06 00:00:00+08:00,67.6736107764732,68.11021244405217,67.23700323719866,67.45530700683594,23461,0.0,0.0
2018-06-07 00:00:00+08:00,67.67362238467459,67.67362238467459,67.23701477050781,67.23701477050781,32864,0.0,0.0
2018-06-08 00:00:00+08:00,67.45531290413953,67.45531290413953,66.80040740966797,66.80040740966797,14454,0.0,0.0
2018-06-11 00:00:00+08:00,66.36380570391896,66.80040740966797,66.36380570391896,66.80040740966797,14128,0.0,0.0
2018-06-12 00:00:00+08:00,66.80041302803762,67.23701477050781,66.80041302803762,67.23701477050781,10768,0.0,0.0
2018-06-13 00:00:00+08:00,66.58211517333984,66.58211517333984,65.70890573863869,66.58211517333984,33791,0.0,0.0
2018-06-14 00:00:00+08:00,66.80040189914936,66.80040189914936,65.70888891727411,65.92719268798828,29984,0.0,0.0
2018-06-15 00:00:00+08:00,65.49059642072484,66.80040740966797,65.05398884327975,66.80040740966797,17891,0.0,0.0
2018-06-19 00:00:00+08:00,66.80040205593245,66.80040205593245,64.61738195875392,64.83568572998047,26758,0.0,0.0
2018-06-20 00:00:00+08:00,63.962474738261484,65.92719100958355,63.962474738261484,64.18077850341797,14912,0.0,0.0
2018-06-21 00:00:00+08:00,64.39908207983689,65.4905951302455,64.18078416711195,64.61738586425781,31729,0.0,0.0
2018-06-22 00:00:00+08:00,63.744189623712735,65.05400085449219,63.525891666380936,65.05400085449219,14454,0.0,0.0
2018-06-25 00:00:00+08:00,64.18079728177067,65.27230468352116,63.525891666380936,65.05400085449219,21329,0.0,0.0
2018-06-26 00:00:00+08:00,63.744189623712735,65.05400085449219,63.744189623712735,65.05400085449219,17803,0.0,0.0
2018-06-27 00:00:00+08:00,64.61739288137271,64.8356966895003,63.74418352055899,61.12456130981445,38256,0.0,0.0
2018-06-28 00:00:00+08:00,65.70317597885779,65.70317597885779,64.10065859045872,65.4742431640625,24766,3.687462,0.0
2018-06-29 00:00:00+08:00,65.47423975824843,65.47423975824843,64.55851470428509,65.0163803100586,27498,0.0,0.0
2018-07-02 00:00:00+08:00,65.7031875309986,65.7031875309986,64.10066986083984,64.10066986083984,29966,0.0,0.0
2018-07-03 00:00:00+08:00,64.10065323625193,64.5585126700144,61.81134375227269,62.269203186035156,54768,0.0,0.0
2018-07-04 00:00:00+08:00,61.12456214474973,61.12456214474973,56.088082867815274,58.606319427490234,117544,0.0,0.0
2018-07-05 00:00:00+08:00,57.46166338491807,57.46166338491807,54.48556137084961,54.48556137084961,92534,0.0,0.0
2018-07-06 00:00:00+08:00,54.02768782005265,54.25662060532225,51.05158932067221,53.111968994140625,60590,0.0,0.0
2018-07-09 00:00:00+08:00,53.11197066721398,54.256622314453125,51.28052064253129,54.256622314453125,46009,0.0,0.0
2018-07-10 00:00:00+08:00,52.883046599783526,53.1119794300358,52.1962542666111,52.65411376953125,36576,0.0,0.0
2018-07-11 00:00:00+08:00,53.11197677321557,55.401286488467,53.11197677321557,54.48556137084961,17944,0.0,0.0
2018-07-12 00:00:00+08:00,54.48556757563242,56.317011861846865,54.48556757563242,56.08808517456055,55115,0.0,0.0
2018-07-13 00:00:00+08:00,55.85914939870412,55.85914939870412,54.48556471672045,54.943424224853516,59985,0.0,0.0
2018-07-16 00:00:00+08:00,54.71448174183211,54.94341453431329,54.256622314453125,54.256622314453125,25298,0.0,0.0
2018-07-17 00:00:00+08:00,54.256622314453125,54.256622314453125,54.256622314453125,54.256622314453125,3583,0.0,0.0
2018-07-18 00:00:00+08:00,54.48555936335625,54.48555936335625,53.79876708984375,53.79876708984375,19516,0.0,0.0
2018-07-19 00:00:00+08:00,53.569835230869884,54.02769470214844,53.569835230869884,54.02769470214844,5392,0.0,0.0
2018-07-20 00:00:00+08:00,54.48555510693431,54.48555510693431,54.256622314453125,54.256622314453125,19419,0.0,0.0
2018-07-23 00:00:00+08:00,53.5698356628418,53.5698356628418,53.5698356628418,53.5698356628418,1815,0.0,0.0
2018-07-24 00:00:00+08:00,54.02769470214844,54.485560331010966,54.02769470214844,54.02769470214844,5464,0.0,0.0
2018-07-25 00:00:00+08:00,54.027695733248876,54.48556137084961,53.56983625323222,54.48556137084961,12785,0.0,0.0
2018-07-26 00:00:00+08:00,54.485560331010966,54.485560331010966,53.111975759591324,54.02769470214844,12471,0.0,0.0
2018-07-27 00:00:00+08:00,54.48556137084961,54.48556137084961,54.25662855204924,54.48556137084961,17803,0.0,0.0
2018-07-30 00:00:00+08:00,56.31700890683719,56.31700890683719,54.943424224853516,54.943424224853516,14454,0.0,0.0
2018-07-31 00:00:00+08:00,54.71449139199475,54.943424224853516,54.71449139199475,54.943424224853516,5834,0.0,0.0
2018-08-01 00:00:00+08:00,54.943424224853516,55.17235705771228,54.02769905100292,54.943424224853516,24678,0.0,0.0
2018-08-02 00:00:00+08:00,59.0641786661335,60.43776321411133,58.60631304508498,60.43776321411133,1018089,0.0,0.0
2018-08-03 00:00:00+08:00,59.293105319073895,60.89562267757598,57.46166130763142,60.43776321411133,514447,0.0,0.0
2018-08-06 00:00:00+08:00,59.06417717352509,59.06417717352509,56.31700198940933,57.23272705078125,427497,0.0,0.0
2018-08-07 00:00:00+08:00,56.77487000672046,58.148454578240475,56.77487000672046,57.46166229248047,99356,0.0,0.0
2018-08-08 00:00:00+08:00,58.37738449939282,58.60631114491079,57.69058609008789,57.69058609008789,123396,0.0,0.0
2018-08-09 00:00:00+08:00,58.1484599141633,59.522044611728646,58.1484599141633,58.606319427490234,86902,0.0,0.0
2018-08-10 00:00:00+08:00,58.606319427490234,59.522044611728646,58.377392749619034,58.606319427490234,93574,0.0,0.0
2018-08-13 00:00:00+08:00,58.606321837803506,58.606321837803506,55.85915232968945,56.08808517456055,47769,0.0,0.0
2018-08-14 00:00:00+08:00,56.08807333427288,56.54593276977539,55.40128110222737,56.54593276977539,51647,0.0,0.0
2018-08-15 00:00:00+08:00,56.77486694699401,56.77486694699401,56.31700134277344,56.31700134277344,44085,0.0,0.0
2018-08-16 00:00:00+08:00,56.31700175344248,56.31700175344248,55.8591423034668,55.8591423034668,39661,0.0,0.0
2018-08-17 00:00:00+08:00,56.77486556631838,58.1484500304094,56.54593276977539,56.54593276977539,44156,0.0,0.0
2018-08-20 00:00:00+08:00,57.00379383836663,57.91951889318953,56.54593438974701,57.69058609008789,35413,0.0,0.0
2018-08-21 00:00:00+08:00,57.69058609008789,57.69058609008789,57.46165944456992,57.69058609008789,28256,0.0,0.0
2018-08-22 00:00:00+08:00,57.69058609008789,58.37738449939282,57.69058609008789,57.69058609008789,28434,0.0,0.0
2018-08-23 00:00:00+08:00,58.606314049552495,58.606314049552495,57.46166229248047,57.46166229248047,17882,0.0,0.0
2018-08-24 00:00:00+08:00,57.46165985552016,57.46165985552016,57.23272705078125,57.23272705078125,10752,0.0,0.0
2018-08-27 00:00:00+08:00,57.232725001820896,57.232725001820896,56.54593276977539,56.54593276977539,31746,0.0,0.0
2018-08-28 00:00:00+08:00,56.77487564086914,56.77487564086914,56.545942803702616,56.77487564086914,26580,0.0,0.0
2018-08-29 00:00:00+08:00,56.54593719227247,57.46166229248047,56.54593719227247,57.46166229248047,31907,0.0,0.0
2018-08-30 00:00:00+08:00,57.23272705078125,57.46165985552016,57.23272705078125,57.23272705078125,12515,0.0,0.0
2018-08-31 00:00:00+08:00,57.69058954999365,58.60631465973579,57.69058954999365,58.37738800048828,44068,0.0,0.0
2018-09-03 00:00:00+08:00,58.60631114491079,58.60631114491079,57.69058609008789,57.69058609008789,28230,0.0,0.0
2018-09-04 00:00:00+08:00,58.14844886773885,60.20882552267841,58.14844886773885,59.97989273071289,92278,0.0,0.0
2018-09-05 00:00:00+08:00,59.9799022207768,60.20883504896423,58.835250395008295,59.29310989379883,76149,0.0,0.0
2018-09-06 00:00:00+08:00,59.522044611728646,59.75097744718438,58.606319427490234,58.606319427490234,42834,0.0,0.0
2018-09-07 00:00:00+08:00,58.606311564047274,58.606311564047274,57.23272705078125,57.23272705078125,61986,0.0,0.0
2018-09-10 00:00:00+08:00,56.77487564086914,57.2327351576176,55.63021761262111,56.77487564086914,68393,0.0,0.0
2018-09-11 00:00:00+08:00,56.31700217089941,56.31700217089941,55.401283264160156,55.401283264160156,30248,0.0,0.0
2018-09-12 00:00:00+08:00,55.40128285349111,56.31700175344248,55.40128285349111,55.8591423034668,28203,0.0,0.0
2018-09-13 00:00:00+08:00,55.85914368591033,55.85914368591033,55.4012842246032,55.630210876464844,24854,0.0,0.0
2018-09-14 00:00:00+08:00,55.85914189613651,56.31700134277344,55.85914189613651,56.31700134277344,10576,0.0,0.0
2018-09-17 00:00:00+08:00,56.545934144883724,56.545934144883724,56.31700134277344,56.31700134277344,8901,0.0,0.0
2018-09-18 00:00:00+08:00,56.774877551589064,57.461669928617574,56.08808517456055,56.08808517456055,15864,0.0,0.0
2018-09-19 00:00:00+08:00,56.3170099665361,56.77487564086914,56.3170099665361,56.77487564086914,5947,0.0,0.0
2018-09-20 00:00:00+08:00,56.08807552300646,56.08807552300646,55.401283264160156,55.401283264160156,32610,0.0,0.0
2018-09-21 00:00:00+08:00,56.08807552300646,56.08807552300646,54.9434176532068,55.401283264160156,38780,0.0,0.0
2018-09-25 00:00:00+08:00,54.94341902596167,55.1723518371582,54.71448621476513,55.1723518371582,7237,0.0,0.0
2018-09-26 00:00:00+08:00,55.172350458683475,55.401283264160156,55.172350458683475,55.401283264160156,10576,0.0,0.0
2018-09-27 00:00:00+08:00,55.4012842246032,55.630210876464844,55.4012842246032,55.630210876464844,3525,0.0,0.0
2018-09-28 00:00:00+08:00,55.63021130196739,56.08807692436047,55.1723518371582,55.1723518371582,14278,0.0,0.0
2018-10-01 00:00:00+08:00,56.08807510724648,56.08807510724648,55.8591423034668,55.8591423034668,5289,0.0,0.0
2018-10-02 00:00:00+08:00,55.8591423034668,55.8591423034668,55.40128285349111,55.8591423034668,8813,0.0,0.0
2018-10-03 00:00:00+08:00,57.23272639363094,57.23272639363094,56.31700134277344,56.31700134277344,26440,0.0,0.0
2018-10-04 00:00:00+08:00,55.85914368591033,55.85914368591033,55.630210876464844,55.630210876464844,8813,0.0,0.0
2018-10-05 00:00:00+08:00,54.94342085086627,54.94342085086627,54.48556137084961,54.48556137084961,12353,0.0,0.0
2018-10-08 00:00:00+08:00,54.48555872031336,54.48555872031336,52.88304138183594,52.88304138183594,10578,0.0,0.0
2018-10-09 00:00:00+08:00,53.79877176320824,53.79877176320824,52.65411376953125,52.65411376953125,7414,0.0,0.0
2018-10-11 00:00:00+08:00,51.28052836364903,51.28052836364903,47.38870417220011,48.99121856689453,72271,0.0,0.0
2018-10-12 00:00:00+08:00,47.388702824342424,49.67800947719095,47.388702824342424,49.220149993896484,38899,0.0,0.0
2018-10-15 00:00:00+08:00,49.220149993896484,49.220149993896484,47.61763256598966,49.220149993896484,22915,0.0,0.0
2018-10-16 00:00:00+08:00,49.67800733799039,49.67800733799039,49.44907760620117,49.44907760620117,8813,0.0,0.0
2018-10-17 00:00:00+08:00,49.906940148571536,50.13586988036075,48.9912150638308,49.44907760620117,14101,0.0,0.0
2018-10-18 00:00:00+08:00,50.13586988036075,50.13586988036075,48.9912150638308,49.44907760620117,10576,0.0,0.0
2018-10-19 00:00:00+08:00,49.220149993896484,49.220149993896484,48.76228743180995,49.220149993896484,8813,0.0,0.0
2018-10-22 00:00:00+08:00,49.678009326509276,50.36480470695194,49.678009326509276,50.13587188720703,10576,0.0,0.0
2018-10-23 00:00:00+08:00,49.44908015375487,51.051597595214844,49.44908015375487,51.051597595214844,8813,0.0,0.0
2018-10-24 00:00:00+08:00,50.135864617508695,51.05158960612412,49.90693490975064,50.593727111816406,21329,0.0,0.0
2018-10-25 00:00:00+08:00,49.67800670002361,49.67800670002361,48.53335189819336,48.53335189819336,12460,0.0,0.0
2018-10-26 00:00:00+08:00,48.53335189819336,48.53335189819336,48.07549244049477,48.53335189819336,7105,0.0,0.0
2018-10-29 00:00:00+08:00,48.53335189819336,48.53335189819336,48.53335189819336,48.53335189819336,5288,0.0,0.0
2018-10-30 00:00:00+08:00,48.53335402476893,48.53335402476893,46.015114581917985,48.30442428588867,16040,0.0,0.0
2018-10-31 00:00:00+08:00,48.53334846954244,49.22014376515527,47.61762654004479,48.07548904418945,8813,0.0,0.0
2018-11-01 00:00:00+08:00,48.99121443468383,48.99121443468383,48.07549244049477,48.53335189819336,8813,0.0,0.0
2018-11-02 00:00:00+08:00,48.53335588906854,48.53335588906854,47.15977124543978,47.61763381958008,19742,0.0,0.0
2018-11-05 00:00:00+08:00,47.15976826762067,49.90694046020508,47.15976826762067,49.90694046020508,22915,0.0,0.0
2018-11-06 00:00:00+08:00,54.714481353759766,54.714481353759766,54.485554720485666,54.714481353759766,181455,0.0,0.0
2018-11-07 00:00:00+08:00,56.088082231562886,59.52204393652205,54.02769905100292,54.943424224853516,261976,0.0,0.0
2018-11-08 00:00:00+08:00,55.85913778704306,55.85913778704306,53.111968994140625,53.111968994140625,65608,0.0,0.0
2018-11-09 00:00:00+08:00,57.003793591520655,57.003793591520655,54.48555739864208,56.31700134277344,76248,0.0,0.0
2018-11-12 00:00:00+08:00,55.40128464835474,56.317003577973125,54.94341902596167,55.1723518371582,42305,0.0,0.0
2018-11-13 00:00:00+08:00,52.42518273313529,55.40128464835474,52.42518273313529,55.1723518371582,31729,0.0,0.0
2018-11-14 00:00:00+08:00,56.088075965977744,58.377385566073805,55.40128370170731,58.14845275878906,63810,0.0,0.0
2018-11-15 00:00:00+08:00,58.83524502305951,58.83524502305951,57.00379487994915,58.14845275878906,60484,0.0,0.0
2018-11-16 00:00:00+08:00,59.29310769520318,60.666698455810554,58.37738873157709,60.66669845581055,177385,0.0,0.0
2018-11-19 00:00:00+08:00,62.04028120308746,62.269207858354285,60.89562329641763,61.35348892211914,96493,0.0,0.0
2018-11-20 00:00:00+08:00,60.437768432096156,60.66670126238567,59.979902771517125,60.20883560180664,65619,0.0,0.0
2018-11-21 00:00:00+08:00,58.377391432243705,60.20883560180664,58.377391432243705,60.20883560180664,70509,0.0,0.0
2018-11-22 00:00:00+08:00,61.12456076538031,61.353493595669825,60.20883560180664,60.20883560180664,40542,0.0,0.0
2018-11-23 00:00:00+08:00,60.89562511792502,61.1245579376236,60.20883281641339,60.66669845581055,56759,0.0,0.0
2018-11-26 00:00:00+08:00,60.66669110660945,60.8956177409916,59.52203330436522,59.97989273071289,51515,0.0,0.0
2018-11-27 00:00:00+08:00,60.895626068115234,60.895626068115234,59.97990093261643,60.895626068115234,74034,0.0,0.0
2018-11-28 00:00:00+08:00,60.666696641150814,61.58241557738596,59.75097154733174,61.35348892211914,69504,0.0,0.0
2018-11-29 00:00:00+08:00,60.89561600665958,60.89561600665958,58.377379997092746,58.83523941040039,149969,0.0,0.0
2018-11-30 00:00:00+08:00,59.75096609633074,59.97989273071289,58.83524108605204,59.97989273071289,51348,0.0,0.0
2018-12-03 00:00:00+08:00,60.208821107891836,61.58240544380072,59.5220289399374,61.12454605102539,109372,0.0,0.0
2018-12-04 00:00:00+08:00,61.3534882986245,61.3534882986245,59.52203812959816,60.43776321411133,91686,0.0,0.0
2018-12-05 00:00:00+08:00,60.208832225119274,60.437765042569566,59.750972747802734,59.750972747802734,45853,0.0,0.0
2018-12-06 00:00:00+08:00,59.7509694301581,59.7509694301581,57.23272705078125,57.23272705078125,67533,0.0,0.0
2018-12-07 00:00:00+08:00,58.1484599141633,58.83525226294597,58.1484599141633,58.606319427490234,23973,0.0,0.0
2018-12-10 00:00:00+08:00,58.60631304508498,60.666696024635584,58.37738639214459,60.43776321411133,41071,0.0,0.0
2018-12-11 00:00:00+08:00,60.43776657915794,60.895626068115234,59.97990093261643,60.895626068115234,72271,0.0,0.0
2018-12-12 00:00:00+08:00,60.895624061470464,63.642799377441406,60.895624061470464,63.642799377441406,121231,0.0,0.0
2018-12-13 00:00:00+08:00,64.10065779903128,65.01638288932234,62.72707324238666,63.184932708740234,116340,0.0,0.0
2018-12-14 00:00:00+08:00,63.642810308330944,64.55852941334875,63.184944598236974,64.10066986083984,95541,0.0,0.0
2018-12-17 00:00:00+08:00,64.55852650920279,64.55852650920279,62.72708222396909,62.95600891113281,42307,0.0,0.0
2018-12-18 00:00:00+08:00,62.49814409471231,62.72707692010348,61.35349228292497,61.81135177612305,34108,0.0,0.0
2018-12-19 00:00:00+08:00,61.811338218979834,61.811338218979834,61.12454605102539,61.12454605102539,19742,0.0,0.0
2018-12-20 00:00:00+08:00,61.582417419436645,61.582417419436645,59.97989999671481,60.66669845581055,44085,0.0,0.0
2018-12-21 00:00:00+08:00,60.43776563611197,60.666698455810554,59.064181033088715,60.66669845581055,49894,0.0,0.0
2018-12-24 00:00:00+08:00,59.750976098812004,60.20883560180664,59.52204326852249,60.20883560180664,9536,0.0,0.0
2018-12-25 00:00:00+08:00,59.7509664848604,59.7509664848604,59.52203369140625,59.52203369140625,14101,0.0,0.0
2018-12-26 00:00:00+08:00,59.7509755501737,59.9799022207768,59.29310989379883,59.29310989379883,5711,0.0,0.0
2018-12-27 00:00:00+08:00,59.97989940766898,59.97989940766898,59.52203993035244,59.750972747802734,7050,0.0,0.0
2018-12-28 00:00:00+08:00,59.2931008979521,59.52203369140625,59.06417426208136,59.52203369140625,12691,0.0,0.0
2019-01-02 00:00:00+08:00,59.52203993035244,59.750972747802734,59.52203993035244,59.750972747802734,8989,0.0,0.0
2019-01-03 00:00:00+08:00,59.52203369140625,59.52203369140625,59.52203369140625,59.52203369140625,7050,0.0,0.0
2019-01-04 00:00:00+08:00,58.37738203930232,59.52203369140625,58.37738203930232,59.52203369140625,16040,0.0,0.0
2019-01-07 00:00:00+08:00,59.522041443659134,60.895626068115234,59.522041443659134,60.895626068115234,15864,0.0,0.0
2019-01-08 00:00:00+08:00,60.895626068115234,61.81135120361404,60.895626068115234,60.895626068115234,19566,0.0,0.0
2019-01-09 00:00:00+08:00,60.8956177409916,60.8956177409916,59.97989273071289,59.97989273071289,12568,0.0,0.0
2019-01-10 00:00:00+08:00,60.89562329641763,61.81134839023671,60.89562329641763,61.35348892211914,49356,0.0,0.0
2019-01-11 00:00:00+08:00,61.582415340126865,63.18493270874023,61.35348868574203,63.184932708740234,44420,0.0,0.0
2019-01-14 00:00:00+08:00,65.24530954370718,65.24530954370718,63.18493270874023,63.184932708740234,17979,0.0,0.0
2019-01-15 00:00:00+08:00,63.64280017787859,63.64280017787859,62.49814224243163,62.49814224243164,26617,0.0,0.0
2019-01-16 00:00:00+08:00,62.49813705513138,62.72706985473633,60.66669313104249,62.72706985473633,26440,0.0,0.0
2019-01-17 00:00:00+08:00,62.04027654794565,62.49813598170812,61.58241095659972,62.269203186035156,21210,0.0,0.0
2019-01-18 00:00:00+08:00,62.2692098657719,62.2692098657719,62.040283203125,62.040283203125,3555,0.0,0.0
2019-01-21 00:00:00+08:00,63.18492929636266,63.18492929636266,61.8113448139001,62.72706985473633,30287,0.0,0.0
2019-01-22 00:00:00+08:00,62.2692098657719,62.49814268600292,62.040283203125,62.040283203125,14140,0.0,0.0
2019-01-23 00:00:00+08:00,62.26920425552643,63.64279489557256,62.26920425552643,62.72706985473633,38850,0.0,0.0
2019-01-24 00:00:00+08:00,62.727071683620856,65.47424072864304,62.727071683620856,65.24530792236328,146236,0.0,0.0
2019-01-25 00:00:00+08:00,65.70317457430073,69.13713593490132,65.47424176439941,68.908203125,160937,0.0,0.0
2019-01-28 00:00:00+08:00,69.13712575651407,69.59499130890961,66.84781646728516,66.84781646728516,106611,0.0,0.0
2019-01-29 00:00:00+08:00,66.847828942237,67.30569458007812,65.70317716280235,67.30569458007812,28468,0.0,0.0
2019-01-30 00:00:00+08:00,66.8478360302698,66.8478360302698,65.93211081507513,66.38997650146484,44778,0.0,0.0
2019-02-11 00:00:00+08:00,66.84782630863964,68.908203125,66.84782630863964,68.908203125,87223,0.0,0.0
2019-02-12 00:00:00+08:00,69.36607508967148,71.88431159859205,69.36607508967148,70.51072692871094,144520,0.0,0.0
2019-02-13 00:00:00+08:00,70.51071517828149,70.73964797097207,68.2214057241257,69.13713073730469,106028,0.0,0.0
2019-02-14 00:00:00+08:00,68.22140679424973,68.22140679424973,66.38996289674702,67.53461456298828,201180,0.0,0.0
2019-02-15 00:00:00+08:00,67.99247908901849,69.13713073730469,67.30568686853009,69.13713073730469,76008,0.0,0.0
2019-02-18 00:00:00+08:00,70.05285470141764,70.96857970088334,69.13712970195196,70.7396469116211,144543,0.0,0.0
2019-02-19 00:00:00+08:00,70.7396597595526,72.57111009111702,70.51072692871094,70.51072692871094,94200,0.0,0.0
2019-02-20 00:00:00+08:00,71.42644338650035,71.42644338650035,70.05285888408052,70.28179168701172,93216,0.0,0.0
2019-02-21 00:00:00+08:00,70.28179168701172,70.28179168701172,69.5949994358018,70.28179168701172,71002,0.0,0.0
2019-02-22 00:00:00+08:00,70.96858575835125,70.96858575835125,69.59500122070312,69.59500122070312,60371,0.0,0.0
2019-02-25 00:00:00+08:00,69.36606663287061,70.73965113529044,69.36606663287061,70.28179168701172,69294,0.0,0.0
2019-02-26 00:00:00+08:00,71.19750633256228,71.19750633256228,70.51071412235885,70.7396469116211,51447,0.0,0.0
2019-02-27 00:00:00+08:00,70.51071412235885,70.96857970088334,70.51071412235885,70.7396469116211,45919,0.0,0.0
2019-03-04 00:00:00+08:00,70.7396469116211,70.7396469116211,69.59499528047645,70.7396469116211,16927,0.0,0.0
2019-03-05 00:00:00+08:00,70.96857970088334,71.42643912182453,70.7396469116211,70.7396469116211,19390,0.0,0.0
2019-03-06 00:00:00+08:00,71.42643809957757,74.63147247304575,71.42643809957757,72.3421630859375,97048,0.0,0.0
2019-03-07 00:00:00+08:00,71.42645263671875,72.80003731702728,71.19751980413918,71.42645263671875,30021,0.0,0.0
2019-03-08 00:00:00+08:00,71.4264583374529,72.11325073242188,71.4264583374529,72.11325073242188,26705,0.0,0.0
2019-03-11 00:00:00+08:00,72.34216553390414,72.80002496378589,72.34216553390414,72.57109832763672,14595,0.0,0.0
2019-03-12 00:00:00+08:00,72.57111451152898,72.80004119873047,72.34218166674268,72.80004119873047,27220,0.0,0.0
2019-03-13 00:00:00+08:00,73.25789055125104,73.25789055125104,72.57109832763672,72.57109832763672,18173,0.0,0.0
2019-03-14 00:00:00+08:00,72.3421630859375,72.3421630859375,72.11323029995171,72.3421630859375,33678,0.0,0.0
2019-03-15 00:00:00+08:00,72.11325073242188,72.57111643412449,72.11325073242188,72.11325073242188,28669,0.0,0.0
2019-03-18 00:00:00+08:00,72.11325073242188,72.34218358327318,72.11325073242188,72.11325073242188,17852,0.0,0.0
2019-03-19 00:00:00+08:00,72.34218710085396,72.34218710085396,68.22142637308647,69.82394409179688,129560,0.0,0.0
2019-03-20 00:00:00+08:00,70.28179841085546,71.19751739501953,70.05286558602232,71.19751739501953,42665,0.0,0.0
2019-03-21 00:00:00+08:00,71.65538546929832,71.88431214429345,71.19751980413918,71.42645263671875,37898,0.0,0.0
2019-03-22 00:00:00+08:00,71.8843002319336,72.1132330265754,71.8843002319336,71.8843002319336,33844,0.0,0.0
2019-03-25 00:00:00+08:00,71.88431214429345,71.88431214429345,70.96859312914407,71.42645263671875,27357,0.0,0.0
2019-03-26 00:00:00+08:00,71.42645263671875,71.42645263671875,71.42645263671875,71.42645263671875,10632,0.0,0.0
2019-03-27 00:00:00+08:00,71.65538546929832,71.65538546929832,71.19751980413918,71.42645263671875,37687,0.0,0.0
2019-03-28 00:00:00+08:00,72.34216592217511,72.34216592217511,70.0528564453125,70.0528564453125,42354,0.0,0.0
2019-03-29 00:00:00+08:00,70.51073652016058,70.51073652016058,69.82394409179688,69.82394409179688,16745,0.0,0.0
2019-04-01 00:00:00+08:00,70.05286068072456,70.05286068072456,69.3660684119005,69.59500122070312,35607,0.0,0.0
2019-04-02 00:00:00+08:00,69.59501738739914,69.82394409179688,69.59501738739914,69.82394409179688,16340,0.0,0.0
2019-04-03 00:00:00+08:00,70.0528564453125,70.0528564453125,70.0528564453125,70.0528564453125,2407,0.0,0.0
2019-04-08 00:00:00+08:00,70.05286742461203,70.51072692871094,70.05286742461203,70.51072692871094,17063,0.0,0.0
2019-04-09 00:00:00+08:00,73.715755040646,76.69185693310195,72.34217049914076,74.17361450195312,152336,0.0,0.0
2019-04-10 00:00:00+08:00,74.63149021345153,75.31828257708084,73.25790548619293,74.40255737304688,54822,0.0,0.0
2019-04-11 00:00:00+08:00,75.31827424101137,75.31827424101137,73.48682403564453,73.48682403564453,53657,0.0,0.0
2019-04-12 00:00:00+08:00,73.48682645474071,75.08934389779361,73.48682645474071,73.71575927734375,37546,0.0,0.0
2019-04-15 00:00:00+08:00,74.17361751551093,75.31827545166016,73.71575803560168,75.31827545166016,49125,0.0,0.0
2019-04-16 00:00:00+08:00,76.4629229363578,76.4629229363578,74.8604056102906,75.77613067626953,41142,0.0,0.0
2019-04-17 00:00:00+08:00,76.46291668461033,78.52329329641498,76.46291668461033,77.60757446289062,145310,0.0,0.0
2019-04-18 00:00:00+08:00,76.69185409188368,76.69185409188368,74.63147735595703,74.63147735595703,88594,0.0,0.0
2019-04-19 00:00:00+08:00,74.86040953219,77.83651769193428,74.86040953219,77.14971923828125,96853,0.0,0.0
2019-04-22 00:00:00+08:00,77.37864167571793,78.29436666682551,77.37864167571793,77.60757446289062,64031,0.0,0.0
2019-04-23 00:00:00+08:00,78.52331116602299,78.52331116602299,77.37865928483666,77.8365249633789,69201,0.0,0.0
2019-04-24 00:00:00+08:00,78.29438112841892,81.49941611049925,78.29438112841892,78.52330780029297,138011,0.0,0.0
2019-04-25 00:00:00+08:00,78.75222955106906,78.98116234832173,77.83651067722536,78.06543731689453,63722,0.0,0.0
2019-04-26 00:00:00+08:00,77.83651706503349,79.89689393664597,77.83651706503349,79.66796112060547,85404,0.0,0.0
2019-04-29 00:00:00+08:00,81.04154630652747,81.49941194202572,79.66796171520085,80.58368682861328,132483,0.0,0.0
2019-04-30 00:00:00+08:00,81.27048098508152,81.27048098508152,78.52330558194366,79.89689636230469,94314,0.0,0.0
2019-05-02 00:00:00+08:00,80.12582302771136,80.5836886736931,78.75223840493453,79.89689636230469,109502,0.0,0.0
2019-05-03 00:00:00+08:00,79.43903256673526,79.43903256673526,78.29438074028637,79.2101058959961,41239,0.0,0.0
2019-05-06 00:00:00+08:00,78.52330412619304,78.52330412619304,75.31827545166016,75.31827545166016,113377,0.0,0.0
2019-05-07 00:00:00+08:00,76.00507456437921,77.8365249633789,75.54720888583697,77.8365249633789,63787,0.0,0.0
2019-05-08 00:00:00+08:00,76.92079976387906,77.8365249633789,76.23400740365034,77.8365249633789,59985,0.0,0.0
2019-05-09 00:00:00+08:00,77.83651067722536,78.29437011414721,76.46292005129281,78.06543731689453,67355,0.0,0.0
2019-05-10 00:00:00+08:00,78.29436341943634,78.52329003953069,76.4629135131836,76.4629135131836,37898,0.0,0.0
2019-05-13 00:00:00+08:00,75.54720211282275,75.54720211282275,75.31827545166016,75.31827545166016,19910,0.0,0.0
2019-05-14 00:00:00+08:00,73.25789557933886,74.86040677270574,70.96858595763554,74.17361450195312,46271,0.0,0.0
2019-05-15 00:00:00+08:00,74.6314870111899,76.92079684425357,74.17362135002652,76.69186401367188,25577,0.0,0.0
2019-05-16 00:00:00+08:00,75.54719967509615,75.54719967509615,74.86040739860138,75.08934020996094,19742,0.0,0.0
2019-05-17 00:00:00+08:00,76.00506529781526,76.00506529781526,75.08934020996094,75.08934020996094,14216,0.0,0.0
2019-05-20 00:00:00+08:00,76.46292228058518,76.46292228058518,73.94468606772006,74.86040496826172,54646,0.0,0.0
2019-05-21 00:00:00+08:00,74.86040739860138,75.08934020996094,74.86040739860138,75.08934020996094,4101,0.0,0.0
2019-05-22 00:00:00+08:00,76.46292538683981,76.46292538683981,76.00506591796875,76.00506591796875,17752,0.0,0.0
2019-05-23 00:00:00+08:00,75.54719722245981,75.54719722245981,74.86040496826172,74.86040496826172,8813,0.0,0.0
2019-05-24 00:00:00+08:00,74.17361271406362,75.77613002638708,74.17361271406362,74.86040496826172,9166,0.0,0.0
2019-05-27 00:00:00+08:00,75.31827122207194,75.77613067626953,75.31827122207194,75.77613067626953,7121,0.0,0.0
2019-05-28 00:00:00+08:00,76.92079162597656,76.92079162597656,76.92079162597656,76.92079162597656,3525,0.0,0.0
2019-05-29 00:00:00+08:00,75.54719967509615,75.54719967509615,75.08934020996094,75.08934020996094,15371,0.0,0.0
2019-05-30 00:00:00+08:00,74.63148074482572,75.08934020996094,74.63148074482572,75.08934020996094,9130,0.0,0.0
2019-05-31 00:00:00+08:00,75.77613248645571,75.77613248645571,75.08934020996094,75.08934020996094,11105,0.0,0.0
2019-06-03 00:00:00+08:00,75.54721069335938,75.54721069335938,75.54721069335938,75.54721069335938,25030,0.0,0.0
2019-06-04 00:00:00+08:00,76.00506775031607,76.00506775031607,75.31827545166016,75.31827545166016,10840,0.0,0.0
2019-06-05 00:00:00+08:00,76.00506348216021,76.00506348216021,75.54719787037887,75.77613067626953,9871,0.0,0.0
2019-06-06 00:00:00+08:00,75.54720029151375,76.69185820006732,75.31827363587018,76.00506591796875,9095,0.0,0.0
2019-06-10 00:00:00+08:00,77.37864685058594,77.60757965306902,77.37864685058594,77.37864685058594,25207,0.0,0.0
2019-06-11 00:00:00+08:00,77.8365146883072,80.12581814847265,77.8365146883072,79.43902587890625,65573,0.0,0.0
2019-06-12 00:00:00+08:00,79.8968986194591,79.8968986194591,78.52330780029297,78.52330780029297,22007,0.0,0.0
2019-06-13 00:00:00+08:00,79.43902587890625,79.43902587890625,79.43902587890625,79.43902587890625,8989,0.0,0.0
2019-06-14 00:00:00+08:00,78.9811734592098,79.21010628866821,78.52330780029297,78.52330780029297,7315,0.0,0.0
2019-06-17 00:00:00+08:00,78.52330780029297,78.75224062975138,77.60758879762805,78.52330780029297,16040,0.0,0.0
2019-06-18 00:00:00+08:00,77.83651245555212,77.83651245555212,77.37864685058594,77.37864685058594,11281,0.0,0.0
2019-06-19 00:00:00+08:00,77.83650725006333,77.83650725006333,77.60757446289062,77.60757446289062,32469,0.0,0.0
2019-06-20 00:00:00+08:00,77.60759212410778,77.8365249633789,77.60759212410778,77.8365249633789,8901,0.0,0.0
2019-06-21 00:00:00+08:00,78.29436666682551,78.52329329641498,77.60757446289062,77.60757446289062,42481,0.0,0.0
2019-06-24 00:00:00+08:00,77.60758879762805,78.52330780029297,77.60758879762805,78.52330780029297,40225,0.0,0.0
2019-06-25 00:00:00+08:00,78.9811682268898,79.21010104118194,78.5233025983055,78.75223541259766,109068,0.0,0.0
2019-06-26 00:00:00+08:00,78.75222955106906,78.98116234832173,78.06543731689453,78.06543731689453,68289,0.0,0.0
2019-06-27 00:00:00+08:00,78.0654380722643,78.77945073743484,77.35142540709376,77.58943176269531,34766,3.687462,1.1
2019-06-28 00:00:00+08:00,77.58943859480551,78.54145129777261,77.58943859480551,78.06544494628906,29460,0.0,0.0
2019-07-01 00:00:00+08:00,78.54145812988281,78.54145812988281,78.06545173699274,78.54145812988281,13396,0.0,0.0
2019-07-02 00:00:00+08:00,78.54145812988281,79.01747092440814,77.58944534410267,78.54145812988281,19742,0.0,0.0
2019-07-03 00:00:00+08:00,79.0174706716043,79.73148345947266,79.0174706716043,79.73148345947266,21152,0.0,0.0
2019-07-04 00:00:00+08:00,79.969482421875,80.44548876899181,79.969482421875,79.969482421875,24678,0.0,0.0
2019-07-05 00:00:00+08:00,80.44549415734555,82.11152608629952,80.20748776702781,81.63551330566406,24678,0.0,0.0
2019-07-08 00:00:00+08:00,82.11151863679117,82.11151863679117,81.39750593225135,81.8735122680664,33491,0.0,0.0
2019-07-09 00:00:00+08:00,81.87352029692535,83.30154584604315,81.87352029692535,82.34953308105469,79322,0.0,0.0
2019-07-10 00:00:00+08:00,82.34953308105469,82.34953308105469,81.87352029692535,82.34953308105469,35254,0.0,0.0
2019-07-11 00:00:00+08:00,82.11152668899003,82.34953308105469,81.87352029692535,82.34953308105469,23620,0.0,0.0
2019-07-12 00:00:00+08:00,82.3495246719723,83.06353737362015,81.87351193645077,82.82553100585938,43579,0.0,0.0
2019-07-15 00:00:00+08:00,83.30153678567777,84.25355584875415,83.06353682113449,83.53954315185547,95804,0.0,0.0
2019-07-16 00:00:00+08:00,84.49157013689164,84.96757651224316,83.77755737304688,83.77755737304688,55531,0.0,0.0
2019-07-17 00:00:00+08:00,84.01555735990512,84.01555735990512,82.34953184535733,83.77755737304688,49708,0.0,0.0
2019-07-18 00:00:00+08:00,83.30154521567934,83.77755799620657,83.06354522705078,83.06354522705078,28494,0.0,0.0
2019-07-19 00:00:00+08:00,83.77755737304688,83.77755737304688,83.30154459606034,83.77755737304688,39044,0.0,0.0
2019-07-22 00:00:00+08:00,84.72956848144531,85.68158114176745,84.49156211554757,84.72956848144531,85205,0.0,0.0
2019-07-23 00:00:00+08:00,84.72956802709449,84.72956802709449,84.25355529785156,84.25355529785156,21207,0.0,0.0
2019-07-24 00:00:00+08:00,84.72956802709449,84.72956802709449,84.25355529785156,84.25355529785156,28221,0.0,0.0
2019-07-25 00:00:00+08:00,84.25356252650772,85.20558166503906,84.25356252650772,85.20558166503906,41071,0.0,0.0
2019-07-26 00:00:00+08:00,85.2055734966014,85.91958618164062,85.2055734966014,85.91958618164062,59657,0.0,0.0
2019-07-29 00:00:00+08:00,87.82363167631033,87.82363167631033,86.63360616654886,86.87161254882812,72041,0.0,0.0
2019-07-30 00:00:00+08:00,87.10961375125355,87.10961375125355,83.3015435895484,85.44358825683594,108515,0.0,0.0
2019-07-31 00:00:00+08:00,85.68158763496294,86.39560038513167,85.44358765266328,86.15760040283203,13477,0.0,0.0
2019-08-01 00:00:00+08:00,85.20558166503906,85.20558166503906,83.53954977301794,85.20558166503906,49708,0.0,0.0
2019-08-02 00:00:00+08:00,84.49156972447574,84.49156972447574,82.82553781642507,83.30154418945312,52279,0.0,0.0
2019-08-05 00:00:00+08:00,82.82553883678716,83.06354522705078,82.11152606763137,83.06354522705078,21170,0.0,0.0
2019-08-06 00:00:00+08:00,80.92150691958342,83.06354522705078,80.92150691958342,83.06354522705078,13248,0.0,0.0
2019-08-07 00:00:00+08:00,83.5395509845536,83.77755737304688,82.58753183221557,83.77755737304688,12779,0.0,0.0
2019-08-08 00:00:00+08:00,84.72957410830647,88.06163144398356,84.72957410830647,86.63360595703125,201252,0.0,0.0
2019-08-12 00:00:00+08:00,87.10960405018713,89.01364211981168,87.10960405018713,88.53763580322266,178732,0.0,0.0
2019-08-13 00:00:00+08:00,88.53763527775573,89.7276542629827,87.58561624859365,89.25164794921875,93761,0.0,0.0
2019-08-14 00:00:00+08:00,89.9656730584791,93.05973052978516,89.72766666787554,93.05973052978516,221518,0.0,0.0
2019-08-15 00:00:00+08:00,93.05972070519427,96.39177781369365,92.10770164492256,95.915771484375,210907,0.0,0.0
2019-08-16 00:00:00+08:00,95.67776657149622,95.67776657149622,93.05972211804438,93.53572845458984,143960,0.0,0.0
2019-08-19 00:00:00+08:00,94.72575378417969,94.72575378417969,93.05972200582778,94.72575378417969,78862,0.0,0.0
2019-08-20 00:00:00+08:00,94.48773786364578,97.58179473876953,94.48773786364578,97.58179473876953,214776,0.0,0.0
2019-08-21 00:00:00+08:00,98.53381371610772,98.53381371610772,95.20175049624096,97.58179473876953,177951,0.0,0.0
2019-08-22 00:00:00+08:00,97.65321491273623,99.22404168712201,97.39140724952115,97.9150161743164,160126,0.0,1.1
2019-08-23 00:00:00+08:00,98.17682431311009,98.17682431311009,94.24974775567011,96.08238220214844,178830,0.0,0.0
2019-08-26 00:00:00+08:00,94.77335357666016,94.77335357666016,93.46433450205355,94.77335357666016,74034,0.0,0.0
2019-08-27 00:00:00+08:00,95.82057998486474,95.82057998486474,93.72613789476509,93.98794555664062,58545,0.0,0.0
2019-08-28 00:00:00+08:00,93.98794555664062,94.77335573899747,93.72613789476509,93.98794555664062,38619,0.0,0.0
2019-08-29 00:00:00+08:00,94.51155809425417,94.51155809425417,92.41711592403259,93.46434020996094,40719,0.0,0.0
2019-08-30 00:00:00+08:00,93.46433221124133,95.29696655273438,93.46433221124133,95.29696655273438,34918,0.0,0.0
2019-09-02 00:00:00+08:00,93.726133459092,95.29696655273438,93.726133459092,95.29696655273438,18200,0.0,0.0
2019-09-03 00:00:00+08:00,94.51155589578133,94.51155589578133,93.9879469658146,94.24974822998047,18606,0.0,0.0
2019-09-04 00:00:00+08:00,96.08237824424636,100.00945463991906,96.08237824424636,98.4386215209961,122102,0.0,0.0
2019-09-05 00:00:00+08:00,97.91501524318907,99.22404074354644,97.39140632337309,98.70043182373047,34347,0.0,0.0
2019-09-06 00:00:00+08:00,101.05667516371977,101.05667516371977,98.70043182373047,98.70043182373047,27347,0.0,0.0
2019-09-10 00:00:00+08:00,94.24975042236329,94.24975042236329,93.20253253807007,93.46434020996094,51545,0.0,0.0
2019-09-11 00:00:00+08:00,95.55876963049343,95.55876963049343,93.72613525390625,93.72613525390625,17859,0.0,0.0
2019-09-12 00:00:00+08:00,93.98794915210756,93.98794915210756,93.46434020996094,93.46434020996094,17705,0.0,0.0
2019-09-16 00:00:00+08:00,93.46433080901309,93.46433080901309,92.41710662841797,92.41710662841797,53240,0.0,0.0
2019-09-17 00:00:00+08:00,92.41710662841797,92.41710662841797,92.41710662841797,92.41710662841797,11858,0.0,0.0
2019-09-18 00:00:00+08:00,93.20253037004701,94.24974822998047,93.20253037004701,94.24974822998047,35501,0.0,0.0
2019-09-19 00:00:00+08:00,95.03516072313062,95.03516072313062,93.72613525390625,93.72613525390625,19309,0.0,0.0
2019-09-20 00:00:00+08:00,93.72613930001374,94.24974822998047,93.72613930001374,94.24974822998047,17627,0.0,0.0
2019-09-23 00:00:00+08:00,94.24973734971705,94.24973734971705,92.94071197509766,92.94071197509766,13005,0.0,0.0
2019-09-24 00:00:00+08:00,92.94072270424617,94.24974822998047,92.94072270424617,94.24974822998047,11377,0.0,0.0
2019-09-25 00:00:00+08:00,94.24974416126905,94.24974416126905,92.94071869204468,93.72613525390625,17675,0.0,0.0
2019-09-26 00:00:00+08:00,93.20253253807007,93.72614148021668,92.9407248661792,93.46434020996094,17750,0.0,0.0
2019-09-27 00:00:00+08:00,93.20252171779542,93.20252171779542,91.63169507371948,92.15530395507812,40307,0.0,0.0
2019-10-01 00:00:00+08:00,91.89351113904672,91.89351113904672,90.58448552364376,91.10810089111328,59663,0.0,0.0
2019-10-02 00:00:00+08:00,90.32267141133914,91.10808794934073,90.06086376479378,90.58447265625,38796,0.0,0.0
2019-10-03 00:00:00+08:00,89.79906078814703,92.15530395507812,89.53725314665051,92.15530395507812,51680,0.0,0.0
2019-10-04 00:00:00+08:00,92.94072907071494,92.94072907071494,91.10810089111328,91.10810089111328,14822,0.0,0.0
2019-10-07 00:00:00+08:00,91.10808970684165,91.63169860839844,90.58447440365025,91.63169860839844,51768,0.0,0.0
2019-10-08 00:00:00+08:00,90.84627886608564,90.84627886608564,89.53725345732974,90.32266998291016,49100,0.0,0.0
2019-10-09 00:00:00+08:00,86.91921468403609,87.44282360120299,85.61018919030144,86.39559936523438,180056,0.0,0.0
2019-10-14 00:00:00+08:00,86.91921829806603,87.18101956671755,85.87199401855469,85.87199401855469,84796,0.0,0.0
2019-10-15 00:00:00+08:00,85.87199044806748,87.96643251836988,85.34838153090058,86.39559936523438,64580,0.0,0.0
2019-10-16 00:00:00+08:00,86.39559352283693,87.44281768798828,86.13379228277489,87.44281768798828,40813,0.0,0.0
2019-10-17 00:00:00+08:00,86.39559703661985,87.70462249507241,85.08657797980192,86.9192123413086,61711,0.0,0.0
2019-10-18 00:00:00+08:00,87.44282716798205,88.75184631347656,87.44282716798205,88.75184631347656,20213,0.0,0.0
2019-10-21 00:00:00+08:00,88.75184631347656,88.75184631347656,88.49004504503169,88.75184631347656,11858,0.0,0.0
2019-10-22 00:00:00+08:00,87.96642712567461,88.75183725245876,87.96642712567461,88.49003601074219,7211,0.0,0.0
2019-10-23 00:00:00+08:00,89.01365398355651,89.01365398355651,88.49004504503169,88.75184631347656,13621,0.0,0.0
2019-10-24 00:00:00+08:00,89.01364807971852,90.06086588731135,89.01364807971852,89.79906463623047,31137,0.0,0.0
2019-10-25 00:00:00+08:00,90.06086177920724,90.06086177920724,87.44281737964663,89.27545166015625,27154,0.0,0.0
2019-10-28 00:00:00+08:00,89.01364489580975,89.01364489580975,88.49003601074219,88.49003601074219,14832,0.0,0.0
2019-10-29 00:00:00+08:00,88.49004099550132,88.49004099550132,88.22823333740234,88.22823333740234,5276,0.0,0.0
2019-10-30 00:00:00+08:00,88.22823737495175,88.75184631347656,88.22823737495175,88.75184631347656,31027,0.0,0.0
2019-10-31 00:00:00+08:00,88.49003513947088,89.79906054006837,88.49003513947088,89.27545166015625,13060,0.0,0.0
2019-11-01 00:00:00+08:00,89.27545573243405,89.79906463623047,89.27545573243405,89.79906463623047,16720,0.0,0.0
2019-11-04 00:00:00+08:00,90.06086376479378,90.58447265625,89.79906251988292,90.58447265625,49676,0.0,0.0
2019-11-05 00:00:00+08:00,90.58446854788424,90.58446854788424,90.06085968017578,90.06085968017578,12819,0.0,0.0
2019-11-06 00:00:00+08:00,90.58446854788424,90.58446854788424,90.06085968017578,90.06085968017578,12819,0.0,0.0
2019-11-07 00:00:00+08:00,90.32267354002688,90.32267354002688,89.79906463623047,89.79906463623047,11217,0.0,0.0
2019-11-08 00:00:00+08:00,89.01364433326373,89.27545197496016,87.44281768798828,87.44281768798828,50396,0.0,0.0
2019-11-11 00:00:00+08:00,88.22823333740234,88.75184225196548,86.9192142518119,88.22823333740234,64099,0.0,0.0
2019-11-12 00:00:00+08:00,86.91921468403609,86.91921468403609,86.39559936523438,86.39559936523438,24037,0.0,0.0
2019-11-13 00:00:00+08:00,86.65740702463523,86.65740702463523,86.39559936523438,86.39559936523438,11217,0.0,0.0
2019-11-14 00:00:00+08:00,86.65740702463523,86.65740702463523,86.39559936523438,86.39559936523438,11217,0.0,0.0
2019-11-15 00:00:00+08:00,86.3955975440397,87.9664306640625,86.3955975440397,87.9664306640625,14645,0.0,0.0
2019-11-18 00:00:00+08:00,87.96643158286344,87.96643158286344,87.18101501464844,87.18101501464844,24037,0.0,0.0
2019-11-19 00:00:00+08:00,87.18101501464844,87.18101501464844,87.18101501464844,87.18101501464844,4807,0.0,0.0
2019-11-20 00:00:00+08:00,87.18101860110743,87.18101860110743,86.3956020005819,86.65740966796875,27242,0.0,0.0
2019-11-21 00:00:00+08:00,86.3956020005819,86.65740966796875,86.3956020005819,86.65740966796875,19229,0.0,0.0
2019-11-22 00:00:00+08:00,86.39559893561396,90.06086773919074,86.39559893561396,88.22823333740234,44289,0.0,0.0
2019-11-25 00:00:00+08:00,87.1810038871668,88.22822157670039,87.1810038871668,87.7046127319336,30447,0.0,0.0
2019-11-26 00:00:00+08:00,87.18101359201832,87.18101359201832,86.65740468896422,86.9192123413086,17627,0.0,0.0
2019-11-27 00:00:00+08:00,87.18101359201832,87.18101359201832,86.65740468896422,86.9192123413086,17627,0.0,0.0
2019-11-28 00:00:00+08:00,86.9192123413086,86.9192123413086,86.9192123413086,86.9192123413086,4807,0.0,0.0
2019-11-29 00:00:00+08:00,87.44282626849427,87.44282626849427,86.65740966796875,86.65740966796875,17821,0.0,0.0
2019-12-02 00:00:00+08:00,86.65740468896422,86.9192123413086,86.65740468896422,86.9192123413086,8012,0.0,0.0
2019-12-03 00:00:00+08:00,86.65740468896422,86.9192123413086,86.65740468896422,86.9192123413086,8012,0.0,0.0
2019-12-04 00:00:00+08:00,86.65740966796875,86.65740966796875,86.65740966796875,86.65740966796875,4807,0.0,0.0
2019-12-05 00:00:00+08:00,86.9192088062298,87.44281768798828,86.65740116453337,87.44281768798828,14422,0.0,0.0
2019-12-06 00:00:00+08:00,86.9192123413086,86.9192123413086,86.9192123413086,86.9192123413086,12819,0.0,0.0
2019-12-09 00:00:00+08:00,87.18101501464844,87.70462392624685,86.91921375966662,87.18101501464844,20832,0.0,0.0
2019-12-10 00:00:00+08:00,85.871980826679,85.871980826679,85.0865707397461,85.0865707397461,105763,0.0,0.0
2019-12-11 00:00:00+08:00,84.82476895972646,84.82476895972646,84.03935241699219,84.03935241699219,57689,0.0,0.0
2019-12-12 00:00:00+08:00,85.08657459163302,85.08657459163302,82.73033142089844,82.73033142089844,62496,0.0,0.0
2019-12-13 00:00:00+08:00,83.25394302125336,83.25394302125336,80.37408447265625,80.37408447265625,69419,0.0,0.0
2019-12-16 00:00:00+08:00,78.80326483309855,80.11229039941196,78.5414571591818,79.32687377929688,84931,0.0,0.0
2019-12-17 00:00:00+08:00,79.58867290932777,80.1122817993164,79.58867290932777,80.1122817993164,9614,0.0,0.0
2019-12-18 00:00:00+08:00,79.58867645263672,79.58867645263672,79.58867645263672,79.58867645263672,11217,0.0,0.0
2019-12-19 00:00:00+08:00,80.1122817993164,80.1122817993164,79.06506401933915,80.1122817993164,24037,0.0,0.0
2019-12-20 00:00:00+08:00,80.1122817993164,80.1122817993164,79.06506401933915,80.1122817993164,24710,0.0,0.0
2019-12-23 00:00:00+08:00,79.58867786549652,80.11228678809148,79.3268702033816,79.85047912597656,22434,0.0,0.0
2019-12-24 00:00:00+08:00,80.1122817993164,80.63589068930504,80.1122817993164,80.1122817993164,20832,0.0,0.0
2019-12-25 00:00:00+08:00,80.112283223824,80.37408447265625,80.112283223824,80.37408447265625,38459,0.0,0.0
2019-12-26 00:00:00+08:00,80.1122817993164,80.37408304349348,80.1122817993164,80.1122817993164,28844,0.0,0.0
2019-12-27 00:00:00+08:00,81.1595023635322,84.82477112082697,80.89770111037384,83.25394439697266,64357,0.0,0.0
2019-12-30 00:00:00+08:00,82.20671844482422,82.20671844482422,81.94491719719002,82.20671844482422,16024,0.0,0.0
2019-12-31 00:00:00+08:00,82.20671844482422,82.20671844482422,81.94491719719002,82.20671844482422,16377,0.0,0.0
2020-01-02 00:00:00+08:00,82.46852783422815,83.7775533049241,82.46852783422815,83.25394439697266,32049,0.0,0.0
2020-01-03 00:00:00+08:00,83.25394894305418,83.25394894305418,81.9449234008789,81.9449234008789,24088,0.0,0.0
2020-01-06 00:00:00+08:00,82.20672201780532,82.20672201780532,81.68311309814453,81.68311309814453,24037,0.0,0.0
2020-01-07 00:00:00+08:00,82.73033374336177,82.99213499099598,82.20671844482422,82.20671844482422,17627,0.0,0.0
2020-01-08 00:00:00+08:00,81.42131042480469,82.20672058983548,81.42131042480469,81.42131042480469,20832,0.0,0.0
2020-01-09 00:00:00+08:00,83.77755063192335,83.77755063192335,81.68310866530801,82.99213409423828,8012,0.0,0.0
2020-01-10 00:00:00+08:00,83.77755063192335,83.77755063192335,81.68310866530801,82.99213409423828,8012,0.0,0.0
2020-01-13 00:00:00+08:00,83.25394439697266,83.25394439697266,83.25394439697266,83.25394439697266,9614,0.0,0.0
2020-01-14 00:00:00+08:00,83.25394581270221,83.5157470703125,83.25394581270221,83.5157470703125,4807,0.0,0.0
2020-01-15 00:00:00+08:00,83.25394843966971,84.03935863891795,83.25394843966971,83.77755737304688,17627,0.0,0.0
2020-01-16 00:00:00+08:00,84.0393550633594,85.0865792871933,84.0393550633594,84.30116271972656,20832,0.0,0.0
2020-01-17 00:00:00+08:00,83.77755643041488,84.82477428538633,83.77755643041488,84.56297302246094,11617,0.0,0.0
2020-01-20 00:00:00+08:00,84.82476454572152,86.3955911478148,84.82476454572152,85.34837341308594,62809,0.0,0.0
2020-01-30 00:00:00+08:00,82.99213266118316,83.77754918530616,82.73033142089844,82.73033142089844,41664,0.0,0.0
2020-01-31 00:00:00+08:00,83.7775533049241,84.03935455808247,82.73033548902123,83.25394439697266,46632,0.0,0.0
2020-02-03 00:00:00+08:00,80.1122817993164,80.1122817993164,79.58867290932777,80.1122817993164,32049,0.0,0.0
2020-02-04 00:00:00+08:00,81.15950012207031,81.42130776963278,81.15950012207031,81.15950012207031,11217,0.0,0.0
2020-02-05 00:00:00+08:00,81.15950012207031,81.42130776963278,81.15950012207031,81.15950012207031,11217,0.0,0.0
2020-02-06 00:00:00+08:00,83.25394531900152,83.25394531900152,82.4685287475586,82.4685287475586,17627,0.0,0.0
2020-02-07 00:00:00+08:00,81.68311309814453,82.20672201780532,81.15950417848374,81.68311309814453,16342,0.0,0.0
2020-02-10 00:00:00+08:00,77.49423926678516,79.32687377929688,77.49423926678516,79.32687377929688,37050,0.0,0.0
2020-02-11 00:00:00+08:00,79.32687377929688,79.32687377929688,79.0650725070153,79.32687377929688,17627,0.0,0.0
2020-02-12 00:00:00+08:00,79.58867290932777,80.1122817993164,79.58867290932777,80.1122817993164,16024,0.0,0.0
2020-02-13 00:00:00+08:00,80.11228678809148,80.11228678809148,79.85047912597656,79.85047912597656,14422,0.0,0.0
2020-02-14 00:00:00+08:00,79.85047770846926,79.85047770846926,79.32686879516942,79.58867645263672,21168,0.0,0.0
2020-02-17 00:00:00+08:00,79.58867786549652,79.85047912597656,79.58867786549652,79.85047912597656,16024,0.0,0.0
2020-02-18 00:00:00+08:00,79.85047770846926,79.85047770846926,79.06506753933688,79.58867645263672,11217,0.0,0.0
2020-02-19 00:00:00+08:00,79.58867694234739,81.68311260843386,79.58867694234739,80.63589477539062,8012,0.0,0.0
2020-02-20 00:00:00+08:00,81.94491757218825,81.94491757218825,80.37408447265625,80.37408447265625,8012,0.0,0.0
2020-02-21 00:00:00+08:00,81.94491757218825,81.94491757218825,80.37408447265625,80.37408447265625,8012,0.0,0.0
2020-02-24 00:00:00+08:00,79.58867694234739,80.63589477539062,79.58867694234739,80.63589477539062,35254,0.0,0.0
2020-02-25 00:00:00+08:00,88.22822836739118,88.49003601074219,86.91920935553948,88.49003601074219,153838,0.0,0.0
2020-02-26 00:00:00+08:00,95.29696785525,95.29696785525,90.58447491154729,92.67891693115234,459912,0.0,0.0
2020-02-27 00:00:00+08:00,92.67891680792809,92.67891680792809,89.01364807971852,89.79906463623047,259602,0.0,0.0
2020-03-02 00:00:00+08:00,89.79906218101637,92.67891427397538,88.49003675649833,92.41710662841797,169863,0.0,0.0
2020-03-03 00:00:00+08:00,93.20252531306878,94.51155076777805,91.63169860839844,91.63169860839844,121788,0.0,0.0
2020-03-04 00:00:00+08:00,90.84628030279536,90.84628030279536,89.27545362842672,90.58447265625,94546,0.0,0.0
2020-03-05 00:00:00+08:00,91.10810089111328,91.63170985694738,90.58448552364376,91.10810089111328,73714,0.0,0.0
2020-03-06 00:00:00+08:00,91.10809467083337,91.89350486514401,91.10809467083337,91.3698959350586,35254,0.0,0.0
2020-03-09 00:00:00+08:00,92.15530573225315,92.15530573225315,89.53725487333756,90.58447265625,51279,0.0,0.0
2020-03-10 00:00:00+08:00,89.79906197846296,90.06086322179534,87.96642766859834,89.5372543334961,68906,0.0,0.0
2020-03-11 00:00:00+08:00,89.53725738245062,90.58447519470936,87.9664306640625,87.9664306640625,88136,0.0,0.0
2020-03-12 00:00:00+08:00,87.9664241515423,87.9664241515423,82.46852144176448,85.34837341308594,144223,0.0,0.0
2020-03-13 00:00:00+08:00,81.9449234008789,82.9921412739651,78.80326337998524,81.9449234008789,129801,0.0,0.0
2020-03-16 00:00:00+08:00,82.20671613706017,83.77754918530616,81.68310725485631,82.73033142089844,104161,0.0,0.0
2020-03-17 00:00:00+08:00,81.68311127148364,85.87198893672984,80.89770111037384,83.25394439697266,144223,0.0,0.0
2020-03-18 00:00:00+08:00,81.94491631174786,84.30115952316855,81.94491631174786,82.99213409423828,70509,0.0,0.0
2020-03-19 00:00:00+08:00,81.15949957929368,81.15949957929368,77.49423094773874,80.1122817993164,157043,0.0,0.0
2020-03-20 00:00:00+08:00,80.37408323637774,84.82476841441377,80.37408323637774,82.99213409423828,68906,0.0,0.0
2020-03-23 00:00:00+08:00,80.89770552779271,82.20672466833292,79.58867998561742,81.9449234008789,33652,0.0,0.0
2020-03-24 00:00:00+08:00,83.25394439697266,83.7775533049241,82.99213674217958,83.25394439697266,49676,0.0,0.0
2020-03-25 00:00:00+08:00,83.77755472955761,84.56297130565808,83.5157470703125,83.5157470703125,75316,0.0,0.0
2020-03-26 00:00:00+08:00,82.99213983836881,84.56297302246094,82.99213983836881,84.56297302246094,43267,0.0,0.0
2020-03-27 00:00:00+08:00,85.34838321287205,86.13379980491811,84.56297302246094,84.56297302246094,86534,0.0,0.0
2020-03-30 00:00:00+08:00,83.51573917649334,85.61018104758526,83.25393794362823,85.34837341308594,36857,0.0,0.0
2020-03-31 00:00:00+08:00,85.08657218022084,86.13378991494969,84.82476454572152,85.34837341308594,38459,0.0,0.0
2020-04-01 00:00:00+08:00,84.30115484404463,86.3955902927741,83.77754598186226,86.1337890625,36857,0.0,0.0
2020-04-06 00:00:00+08:00,87.18100678686474,87.442814418773,85.34837256840937,86.1337890625,72111,0.0,0.0
2020-04-07 00:00:00+08:00,86.39559703661985,87.9664301474168,86.39559703661985,86.9192123413086,81726,0.0,0.0
2020-04-08 00:00:00+08:00,86.91922276280503,91.10810089111328,86.91922276280503,91.10810089111328,139415,0.0,0.0
2020-04-09 00:00:00+08:00,86.91920935553948,89.01364489580975,86.91920935553948,88.49003601074219,198707,0.0,0.0
2020-04-10 00:00:00+08:00,87.96642656974677,88.49003545150525,87.44281768798828,87.44281768798828,41664,0.0,0.0
2020-04-13 00:00:00+08:00,88.49002919990075,88.49002919990075,87.1810038871668,87.7046127319336,44869,0.0,0.0
2020-04-14 00:00:00+08:00,87.7046244228392,88.75184225196548,87.7046244228392,88.22823333740234,51279,0.0,0.0
2020-04-15 00:00:00+08:00,88.22823737495175,89.27546165363647,87.96643610650688,88.75184631347656,46471,0.0,0.0
2020-04-16 00:00:00+08:00,89.27545253916075,89.27545253916075,88.22822836739118,88.49003601074219,17627,0.0,0.0
2020-04-17 00:00:00+08:00,89.27545166015625,90.06086177920724,89.27545166015625,89.27545166015625,89738,0.0,0.0
2020-04-20 00:00:00+08:00,89.27545166015625,90.06086177920724,89.013644019383,89.27545166015625,49676,0.0,0.0
2020-04-21 00:00:00+08:00,89.27545706267685,89.27545706267685,86.39559844643344,87.18101501464844,105763,0.0,0.0
2020-04-22 00:00:00+08:00,87.1810038871668,87.96642035513396,86.91920266560038,87.7046127319336,40062,0.0,0.0
2020-04-23 00:00:00+08:00,87.96642712567461,88.49003601074219,87.96642712567461,88.49003601074219,3204,0.0,0.0
2020-04-24 00:00:00+08:00,87.96642712567461,88.75183725245876,87.96642712567461,88.49003601074219,38459,0.0,0.0
2020-04-27 00:00:00+08:00,89.79906463623047,89.79906463623047,88.75184042700297,89.79906463623047,36857,0.0,0.0
2020-04-28 00:00:00+08:00,90.06085968017578,90.58446854788424,89.27544957943017,90.06085968017578,46471,0.0,0.0
2020-04-29 00:00:00+08:00,89.79906251988292,90.58447265625,89.53725487333756,90.58447265625,24037,0.0,0.0
2020-04-30 00:00:00+08:00,90.58447265625,90.58447265625,90.06086376479378,90.58447265625,36857,0.0,0.0
2020-05-04 00:00:00+08:00,89.53725698351494,90.06086588731135,89.53725698351494,89.79906463623047,19229,0.0,0.0
2020-05-05 00:00:00+08:00,89.79906197846296,89.79906197846296,89.5372543334961,89.5372543334961,22434,0.0,0.0
2020-05-06 00:00:00+08:00,89.53725487333756,91.63169684079693,89.27545362842672,90.58447265625,49676,0.0,0.0
2020-05-07 00:00:00+08:00,91.36989186575,91.63169951995017,90.84628295898438,90.84628295898438,30447,0.0,0.0
2020-05-08 00:00:00+08:00,91.10808650849059,91.10808650849059,90.32266998291016,90.32266998291016,41664,0.0,0.0
2020-05-11 00:00:00+08:00,91.10809061318454,91.10809061318454,90.32267405221873,90.84628295898438,17627,0.0,0.0
2020-05-12 00:00:00+08:00,89.01364847632124,89.01364847632124,86.91921285180376,87.9664306640625,169863,0.0,0.0
2020-05-13 00:00:00+08:00,87.96642766859834,89.5372543334961,87.70462002363148,89.5372543334961,36857,0.0,0.0
2020-05-14 00:00:00+08:00,88.49004504503169,89.53726292208134,88.22823737495175,88.75184631347656,25639,0.0,0.0
2020-05-15 00:00:00+08:00,88.49003601074219,88.49003601074219,87.96642712567461,88.49003601074219,22434,0.0,0.0
2020-05-18 00:00:00+08:00,87.96642656974677,87.96642656974677,87.18101004629185,87.44281768798828,46471,0.0,0.0
2020-05-19 00:00:00+08:00,87.7046127319336,87.7046127319336,87.44281151036716,87.7046127319336,35254,0.0,0.0
2020-05-20 00:00:00+08:00,87.44282267126502,87.44282267126502,87.18101501464844,87.18101501464844,19229,0.0,0.0
2020-05-21 00:00:00+08:00,87.18101004629185,88.75183669156729,87.18101004629185,87.44281768798828,46471,0.0,0.0
2020-05-22 00:00:00+08:00,87.70462301018047,88.22823191630984,87.44282175793313,87.9664306640625,22434,0.0,0.0
2020-05-25 00:00:00+08:00,89.53725345732974,91.10808650849059,89.53725345732974,90.32266998291016,136210,0.0,0.0
2020-05-26 00:00:00+08:00,90.58446854788424,90.58446854788424,89.5372508124673,90.06085968017578,48074,0.0,0.0
2020-05-27 00:00:00+08:00,90.06087452423294,91.10809883389021,89.01365661621094,89.01365661621094,68906,0.0,0.0
2020-05-28 00:00:00+08:00,89.01365661621094,89.53726557022193,89.01365661621094,89.01365661621094,17627,0.0,0.0
2020-05-29 00:00:00+08:00,89.01364457415426,90.32266998291016,88.49003569097877,90.32266998291016,49676,0.0,0.0
2020-06-01 00:00:00+08:00,90.58447265625,90.58447265625,89.79906251988292,90.58447265625,22434,0.0,0.0
2020-06-02 00:00:00+08:00,90.8462761825556,90.8462761825556,90.06085968017578,90.06085968017578,44869,0.0,0.0
2020-06-03 00:00:00+08:00,91.63169684079693,91.63169684079693,90.32267141133914,90.58447265625,33652,0.0,0.0
2020-06-04 00:00:00+08:00,90.84628030279536,90.84628030279536,90.58447265625,90.58447265625,33652,0.0,0.0
2020-06-05 00:00:00+08:00,91.10810089111328,91.36990217321262,90.84629320737852,91.10810089111328,32049,0.0,0.0
2020-06-08 00:00:00+08:00,91.3698959350586,91.89350486514401,91.10809467083337,91.3698959350586,78521,0.0,0.0
2020-06-09 00:00:00+08:00,90.84628030279536,91.10808794934073,89.79906251988292,90.58447265625,41664,0.0,0.0
2020-06-10 00:00:00+08:00,90.5844712236807,90.5844712236807,89.79906109973467,90.32266998291016,12819,0.0,0.0
2020-06-11 00:00:00+08:00,90.06086588731135,90.06086588731135,89.01364807971852,89.79906463623047,60894,0.0,0.0
2020-06-12 00:00:00+08:00,87.96643870818893,89.27546429403408,87.96643870818893,89.01365661621094,25639,0.0,0.0
2020-06-15 00:00:00+08:00,89.27545166015625,90.58447065911938,89.013644019383,89.27545166015625,33652,0.0,0.0
2020-06-16 00:00:00+08:00,90.32267086676221,90.32267086676221,89.5372543334961,89.5372543334961,16024,0.0,0.0
2020-06-17 00:00:00+08:00,90.06086376479378,90.58447265625,89.79906251988292,90.58447265625,32049,0.0,0.0
2020-06-18 00:00:00+08:00,90.84628030279536,91.36988919425157,90.58447265625,90.58447265625,30447,0.0,0.0
2020-06-19 00:00:00+08:00,90.84628030279536,90.84628030279536,90.58447265625,90.58447265625,24037,0.0,0.0
2020-06-22 00:00:00+08:00,90.5844753047842,91.36989186575,90.5844753047842,90.84628295898438,30447,0.0,0.0
2020-06-23 00:00:00+08:00,91.10809061318454,91.10809061318454,90.84628295898438,90.84628295898438,17627,0.0,0.0
2020-06-24 00:00:00+08:00,91.36989186575,91.36989186575,90.5844753047842,90.84628295898438,48074,0.0,0.0
2020-06-29 00:00:00+08:00,91.10808650849059,91.10808650849059,90.32266998291016,90.32266998291016,33652,0.0,0.0
2020-06-30 00:00:00+08:00,90.5844753047842,90.84628295898438,90.5844753047842,90.84628295898438,9614,0.0,0.0
2020-07-01 00:00:00+08:00,90.84628030279536,91.10808794934073,90.58447265625,90.58447265625,14422,0.0,0.0
2020-07-02 00:00:00+08:00,90.58447933911296,91.6317036009188,90.32267807488775,91.3698959350586,76919,0.0,0.0
2020-07-03 00:00:00+08:00,91.63170985694738,91.63170985694738,90.58448552364376,91.10810089111328,56086,0.0,0.0
2020-07-06 00:00:00+08:00,91.10809467083337,91.6317036009188,91.10809467083337,91.3698959350586,56086,0.0,0.0
2020-07-07 00:00:00+08:00,91.89350077251565,91.89350077251565,90.84628295898438,90.84628295898438,19229,0.0,0.0
2020-07-08 00:00:00+08:00,91.10808970684165,91.63169860839844,90.58447440365025,91.63169860839844,68906,0.0,0.0
2020-07-09 00:00:00+08:00,91.63170002772206,92.67891784705643,91.36989237207109,91.89350128173828,83329,0.0,0.0
2020-07-10 00:00:00+08:00,91.63169507371948,92.15530395507812,91.10808619236084,92.15530395507812,59291,0.0,0.0
2020-07-13 00:00:00+08:00,91.63169268493542,92.41710278568101,90.06085968017578,90.06085968017578,126596,0.0,0.0
2020-07-14 00:00:00+08:00,90.06086209678068,91.10808626193203,86.9192088062298,87.44281768798828,174670,0.0,0.0
2020-07-15 00:00:00+08:00,87.70462392624685,87.96643158286344,86.39559844643344,87.18101501464844,62496,0.0,0.0
2020-07-16 00:00:00+08:00,88.22822780980881,88.22822780980881,86.65740116453337,87.44281768798828,33652,0.0,0.0
2020-07-17 00:00:00+08:00,86.39559703661985,87.18101359201832,86.39559703661985,86.9192123413086,54484,0.0,0.0
2020-07-20 00:00:00+08:00,86.9192123413086,86.9192123413086,86.39559703661985,86.9192123413086,30447,0.0,0.0
2020-07-21 00:00:00+08:00,88.49004766219994,90.32268220205607,88.2282399843768,89.01365661621094,48074,0.0,0.0
2020-07-22 00:00:00+08:00,90.32266731484712,90.32266731484712,89.79905844713865,90.06085968017578,43267,0.0,0.0
2020-07-23 00:00:00+08:00,90.06085968017578,90.06085968017578,89.5372508124673,90.06085968017578,24037,0.0,0.0
2020-07-24 00:00:00+08:00,89.79906197846296,90.84627975506146,89.27545309016371,89.5372543334961,56086,0.0,0.0
2020-07-27 00:00:00+08:00,89.5372543334961,91.10808740002832,89.27545309016371,89.5372543334961,59291,0.0,0.0
2020-07-28 00:00:00+08:00,90.58447065911938,91.10808594066587,89.27545166015625,89.27545166015625,46471,0.0,0.0
2020-07-29 00:00:00+08:00,89.2754522165592,90.32266998291016,89.2754522165592,90.32266998291016,36857,0.0,0.0
2020-07-30 00:00:00+08:00,90.5844753047842,91.10809061318454,90.32267405221873,90.84628295898438,27242,0.0,0.0
2020-07-31 00:00:00+08:00,90.58447231441961,93.72613205293601,90.58447231441961,92.41710662841797,97751,0.0,0.0
2020-08-03 00:00:00+08:00,92.94071691227082,95.29696655273438,92.94071691227082,95.29696655273438,182682,0.0,0.0
2020-08-04 00:00:00+08:00,95.5587723229892,95.5587723229892,93.72613789476509,93.98794555664062,256397,0.0,0.0
2020-08-05 00:00:00+08:00,94.12337313340493,98.86340030973057,94.12337313340493,98.1862564086914,228193,3.744192,1.25
2020-08-06 00:00:00+08:00,96.8319502517021,97.84766929170769,94.4619369506836,94.4619369506836,92302,0.0,0.0
2020-08-07 00:00:00+08:00,94.8005142211914,95.81623328315591,94.46193899286439,94.8005142211914,52561,0.0,0.0
2020-08-10 00:00:00+08:00,96.15481021958942,96.15481021958942,93.44622802734375,93.44622802734375,75637,0.0,0.0
2020-08-11 00:00:00+08:00,93.4462188023734,93.4462188023734,91.41478070297755,91.75334930419922,80765,0.0,0.0
2020-08-12 00:00:00+08:00,91.75334930419922,92.09192452843735,91.07620547873942,91.75334930419922,42305,0.0,0.0
2020-08-13 00:00:00+08:00,92.09192452843735,92.43049975267547,91.75334930419922,91.75334930419922,35895,0.0,0.0
2020-08-14 00:00:00+08:00,91.75335182911383,91.75335182911383,90.39906414092627,90.73763275146484,25639,0.0,0.0
2020-08-17 00:00:00+08:00,91.75335637848232,93.44622600717858,91.75335637848232,93.10765075683594,24357,0.0,0.0
2020-08-18 00:00:00+08:00,93.44622802734375,93.44622802734375,92.76907751201949,93.44622802734375,15383,0.0,0.0
2020-08-19 00:00:00+08:00,93.44621993089989,96.1548018884664,93.44621993089989,94.8005142211914,46151,0.0,0.0
2020-08-20 00:00:00+08:00,95.13908694108264,95.13908694108264,92.43050486637522,92.76907348632812,42305,0.0,0.0
2020-08-21 00:00:00+08:00,93.10764872929786,93.4462239722676,92.09192962340548,92.76907348632812,35895,0.0,0.0
2020-08-24 00:00:00+08:00,93.10765276968162,94.12337191965089,93.10765276968162,93.44622802734375,12819,0.0,0.0
2020-08-25 00:00:00+08:00,96.15480498827958,96.15480498827958,94.1233667988616,95.4776611328125,24357,0.0,0.0
2020-08-26 00:00:00+08:00,96.15480702672299,96.83195751956214,95.13908791048117,95.81623840332031,30767,0.0,0.0
2020-08-27 00:00:00+08:00,95.81623121169652,96.15479980968745,94.4619369506836,94.4619369506836,16665,0.0,0.0
2020-08-28 00:00:00+08:00,94.8005142211914,95.13908282650188,94.8005142211914,94.8005142211914,19229,0.0,0.0
2020-08-31 00:00:00+08:00,94.80051779172832,94.80051779172832,94.12336730957031,94.12336730957031,29485,0.0,0.0
2020-09-01 00:00:00+08:00,94.1233698848469,94.1233698848469,93.10765075683594,93.10765075683594,42305,0.0,0.0
2020-09-02 00:00:00+08:00,93.44622802734375,93.44622802734375,93.44622802734375,93.44622802734375,3845,0.0,0.0
2020-09-03 00:00:00+08:00,93.44621791067802,94.80051217169093,93.44621791067802,94.4619369506836,21793,0.0,0.0
2020-09-04 00:00:00+08:00,94.12336730957031,94.12336730957031,94.12336730957031,94.12336730957031,5127,0.0,0.0
2020-09-07 00:00:00+08:00,94.12336172967628,95.47765599068919,94.12336172967628,94.4619369506836,32049,0.0,0.0
2020-09-08 00:00:00+08:00,94.80051217169093,94.80051217169093,94.4619369506836,94.4619369506836,14101,0.0,0.0
2020-09-09 00:00:00+08:00,94.1233698848469,94.1233698848469,93.10765075683594,93.10765075683594,38459,0.0,0.0
2020-09-10 00:00:00+08:00,93.44622600717858,94.1233698848469,93.10765075683594,93.10765075683594,41023,0.0,0.0
2020-09-11 00:00:00+08:00,93.10764564697409,93.10764564697409,91.4147827342012,92.09192657470703,71791,0.0,0.0
2020-09-14 00:00:00+08:00,92.09193361971235,93.44622802734375,92.09193361971235,93.44622802734375,25639,0.0,0.0
2020-09-15 00:00:00+08:00,93.78479921523734,93.78479921523734,92.43050486637522,92.76907348632812,21793,0.0,0.0
2020-09-16 00:00:00+08:00,92.7690755064933,93.10765075683594,92.43050687916761,93.10765075683594,29485,0.0,0.0
2020-09-17 00:00:00+08:00,93.44622600717858,93.44622600717858,92.7690755064933,93.10765075683594,10255,0.0,0.0
2020-09-18 00:00:00+08:00,93.10764872929786,93.4462239722676,92.76907348632812,92.76907348632812,19229,0.0,0.0
2020-09-21 00:00:00+08:00,92.76907041521287,92.76907041521287,91.4147827342012,92.09192657470703,32049,0.0,0.0
2020-09-22 00:00:00+08:00,92.09192452843735,92.09192452843735,91.75334930419922,91.75334930419922,11537,0.0,0.0
2020-09-23 00:00:00+08:00,92.09192452843735,92.76906835389714,91.75334930419922,91.75334930419922,29485,0.0,0.0
2020-09-24 00:00:00+08:00,91.75335852679198,91.75335852679198,90.06049548147607,90.3990707397461,42305,0.0,0.0
2020-09-25 00:00:00+08:00,90.3990707397461,90.3990707397461,90.06049548147607,90.3990707397461,11537,0.0,0.0
2020-09-28 00:00:00+08:00,90.06049092160674,92.76907298157693,90.06049092160674,91.07621002197266,17947,0.0,0.0
2020-09-29 00:00:00+08:00,91.07620798502005,91.41478321857525,90.73763275146484,90.73763275146484,5127,0.0,0.0
2020-09-30 00:00:00+08:00,91.07621463326903,91.07621463326903,90.3990707397461,90.3990707397461,10255,0.0,0.0
2020-10-05 00:00:00+08:00,91.41478579112986,91.41478579112986,89.72191619873047,89.72191619873047,15383,0.0,0.0
2020-10-06 00:00:00+08:00,90.06049346923828,90.39906871994346,90.06049346923828,90.06049346923828,10255,0.0,0.0
2020-10-07 00:00:00+08:00,90.06049548147607,90.737639374999,89.72192022320603,90.3990707397461,10255,0.0,0.0
2020-10-08 00:00:00+08:00,90.39906871994346,90.73763734763168,90.06049346923828,90.06049346923828,19229,0.0,0.0
2020-10-12 00:00:00+08:00,89.38333377067934,89.38333377067934,88.02904615324275,88.36761474609375,24357,0.0,0.0
2020-10-13 00:00:00+08:00,89.38333377067934,89.38333377067934,88.36761474609375,88.36761474609375,7691,0.0,0.0
2020-10-14 00:00:00+08:00,89.72191312707683,89.72191312707683,88.70619405561735,89.04476928710938,5127,0.0,0.0
2020-10-15 00:00:00+08:00,88.36762135253771,89.0447718348967,88.029052734375,88.029052734375,19229,0.0,0.0
2020-10-16 00:00:00+08:00,88.02905835606322,88.02905835606322,87.69048309326172,87.69048309326172,11537,0.0,0.0
2020-10-19 00:00:00+08:00,87.35189759868717,87.35189759868717,83.9661652363042,85.6590347290039,73073,0.0,0.0
2020-10-20 00:00:00+08:00,85.3204661928033,85.3204661928033,79.22614481366843,82.61187744140625,106404,0.0,0.0
2020-10-21 00:00:00+08:00,82.61187744140625,83.28902794076399,82.61187744140625,82.61187744140625,11537,0.0,0.0
2020-10-22 00:00:00+08:00,81.25757598876953,81.25757598876953,81.25757598876953,81.25757598876953,1281,0.0,0.0
2020-10-23 00:00:00+08:00,81.93473003566606,83.28902435302734,81.59615480057157,83.28902435302734,15383,0.0,0.0
2020-10-26 00:00:00+08:00,81.59615480057157,83.28902435302734,81.59615480057157,83.28902435302734,664068,0.0,0.0
2020-10-27 00:00:00+08:00,81.93473255478882,82.27330780029297,81.93473255478882,82.27330780029297,1157632,0.0,0.0
2020-10-28 00:00:00+08:00,82.61187642278024,82.9504516682844,82.27330780029297,82.27330780029297,658940,0.0,0.0
2020-10-29 00:00:00+08:00,79.90329531302616,82.61187744140625,79.90329531302616,82.61187744140625,2563,0.0,0.0
2020-10-30 00:00:00+08:00,82.61187642278024,82.61187642278024,82.27330780029297,82.27330780029297,30767,0.0,0.0
2020-11-02 00:00:00+08:00,81.25757598876953,81.25757598876953,81.25757598876953,81.25757598876953,382031,0.0,0.0
2020-11-03 00:00:00+08:00,81.59616088867188,81.59616088867188,81.59616088867188,81.59616088867188,20511,0.0,0.0
2020-11-04 00:00:00+08:00,82.95045269108512,82.95045269108512,82.61187744140625,82.61187744140625,111532,0.0,0.0
2020-11-05 00:00:00+08:00,82.6118718557329,82.95044708251953,81.93472802517616,82.95044708251953,526896,0.0,0.0
2020-11-06 00:00:00+08:00,81.25758260177969,83.28902746523771,80.91901397705078,80.91901397705078,32049,0.0,0.0
2020-11-09 00:00:00+08:00,82.61188375876152,86.67476719654698,82.61188375876152,85.32047271728516,34613,0.0,0.0
2020-11-10 00:00:00+08:00,85.3204661928033,85.3204661928033,81.5961583153866,82.61187744140625,25639,0.0,0.0
2020-11-11 00:00:00+08:00,81.93473851882453,83.96617689368422,81.59616324867547,83.62760162353516,20511,0.0,0.0
2020-11-12 00:00:00+08:00,83.62759296510517,83.96616820019966,83.28902435302734,83.28902435302734,8973,0.0,0.0
2020-11-13 00:00:00+08:00,83.28901982489553,83.28901982489553,83.28901982489553,83.9661636352539,5127,0.0,0.0
2020-11-16 00:00:00+08:00,83.28902435302734,83.96616820019966,83.28902435302734,83.28902435302734,19229,0.0,0.0
2020-11-17 00:00:00+08:00,83.28902485531371,83.28902485531371,81.93473052978516,81.93473052978516,8973,0.0,0.0
2020-11-18 00:00:00+08:00,81.93472955735878,84.64331817626953,81.59615432424079,84.64331817626953,20511,0.0,0.0
2020-11-19 00:00:00+08:00,83.9661636352539,83.9661636352539,83.9661636352539,83.9661636352539,1281,0.0,0.0
2020-11-20 00:00:00+08:00,83.96617823802333,85.32047271728516,81.93473983063934,85.32047271728516,14101,0.0,0.0
2020-11-23 00:00:00+08:00,84.98188678637091,84.98188678637091,83.96616771003353,84.64331817626953,20511,0.0,0.0
2020-11-24 00:00:00+08:00,83.9661636352539,83.9661636352539,83.9661636352539,83.9661636352539,14101,0.0,0.0
2020-11-25 00:00:00+08:00,84.30473885194125,84.30473885194125,83.28901982489553,83.9661636352539,19229,0.0,0.0
2020-11-26 00:00:00+08:00,82.95045903433135,85.32047271728516,82.95045903433135,85.32047271728516,3845,0.0,0.0
2020-11-27 00:00:00+08:00,85.3204620194889,85.3204620194889,84.64331817626953,84.64331817626953,5127,0.0,0.0
2020-11-30 00:00:00+08:00,84.64331406862858,84.64331406862858,83.9661636352539,83.9661636352539,28203,0.0,0.0
2020-12-01 00:00:00+08:00,83.9661636352539,83.9661636352539,83.9661636352539,83.9661636352539,10255,0.0,0.0
2020-12-02 00:00:00+08:00,85.6590322645478,87.01332649514052,85.6590322645478,86.67475128173828,69227,0.0,0.0
2020-12-03 00:00:00+08:00,86.67475687587948,86.67475687587948,86.336181640625,86.336181640625,8973,0.0,0.0
2020-12-04 00:00:00+08:00,86.67475482460044,87.01333005184206,85.99760437011719,85.99760437011719,16665,0.0,0.0
2020-12-07 00:00:00+08:00,85.9976033291307,85.9976033291307,85.6590347290039,85.6590347290039,11537,0.0,0.0
2020-12-08 00:00:00+08:00,85.65903926672947,85.65903926672947,85.65903926672947,94.12336730957031,14101,0.0,0.0
2020-12-09 00:00:00+08:00,86.6747609305475,87.69048006080988,85.65904180028514,87.01333618164062,46151,0.0,0.0
2020-12-10 00:00:00+08:00,88.029055311903,88.029055311903,87.01333618164062,87.01333618164062,19229,0.0,0.0
2020-12-11 00:00:00+08:00,87.35190225201602,89.38334045305939,87.35190225201602,88.029052734375,58971,0.0,0.0
2020-12-14 00:00:00+08:00,89.72191367381585,90.73763275146484,89.72191367381585,90.73763275146484,33331,0.0,0.0
2020-12-15 00:00:00+08:00,91.75335852679198,91.75335852679198,89.72192022320603,90.3990707397461,29485,0.0,0.0
2020-12-16 00:00:00+08:00,91.07621463326903,91.07621463326903,90.3990707397461,90.3990707397461,25639,0.0,0.0
2020-12-17 00:00:00+08:00,90.737639374999,90.737639374999,90.3990707397461,90.3990707397461,25639,0.0,0.0
2020-12-18 00:00:00+08:00,90.3990707397461,90.3990707397461,90.06049548147607,90.3990707397461,7691,0.0,0.0
2020-12-21 00:00:00+08:00,91.07621463326903,91.07621463326903,90.3990707397461,90.3990707397461,6409,0.0,0.0
2020-12-22 00:00:00+08:00,90.3990707397461,90.3990707397461,90.3990707397461,90.3990707397461,1281,0.0,0.0
2020-12-23 00:00:00+08:00,90.06049144181371,91.41478579112986,89.72191619873047,89.72191619873047,25639,0.0,0.0
2020-12-24 00:00:00+08:00,91.41478266152039,91.41478266152039,89.04476928710938,89.04476928710938,11537,0.0,0.0
2020-12-25 00:00:00+08:00,89.04477489882557,89.04477489882557,88.7061996459961,88.7061996459961,8973,0.0,0.0
2020-12-28 00:00:00+08:00,90.39905941828124,90.39905941828124,88.36761474609375,88.36761474609375,10255,0.0,0.0
2020-12-29 00:00:00+08:00,88.36762135253771,88.36762135253771,88.029052734375,88.029052734375,8973,0.0,0.0
2020-12-30 00:00:00+08:00,89.38334352863804,89.38334352863804,88.36762439316661,88.7061996459961,25639,0.0,0.0
2020-12-31 00:00:00+08:00,88.36761882412532,88.36761882412532,88.02905021564987,89.04476928710938,19229,0.0,0.0
2021-01-04 00:00:00+08:00,88.029052734375,88.029052734375,87.69047749319552,88.029052734375,12819,0.0,0.0
2021-01-05 00:00:00+08:00,87.69047749319552,88.029052734375,87.35190225201602,88.029052734375,7691,0.0,0.0
2021-01-06 00:00:00+08:00,88.70620225864899,88.70620225864899,87.01333919067594,87.69048309326172,17947,0.0,0.0
2021-01-07 00:00:00+08:00,87.69048309326172,87.69048309326172,87.35190783046022,87.69048309326172,12819,0.0,0.0
2021-01-08 00:00:00+08:00,87.69047093737545,87.69047093737545,87.35189572150816,88.36761474609375,11537,0.0,0.0
2021-01-11 00:00:00+08:00,88.70619508043221,90.06048939902978,88.70619508043221,89.38333892822266,21793,0.0,0.0
2021-01-12 00:00:00+08:00,88.36762135253771,88.36762135253771,88.029052734375,88.029052734375,7691,0.0,0.0
2021-01-13 00:00:00+08:00,87.35189819335938,87.35189819335938,87.01332959092768,87.35189819335938,8973,0.0,0.0
2021-01-14 00:00:00+08:00,86.67475191278984,88.70618996196104,86.67475191278984,88.36761474609375,14101,0.0,0.0
2021-01-15 00:00:00+08:00,87.35190480971676,87.35190480971676,87.01333618164062,87.01333618164062,5127,0.0,0.0
2021-01-18 00:00:00+08:00,85.3204600867033,87.35189819335938,85.3204600867033,87.35189819335938,5127,0.0,0.0
2021-01-19 00:00:00+08:00,87.35190225201602,88.029052734375,87.35190225201602,88.029052734375,2563,0.0,0.0
2021-01-20 00:00:00+08:00,87.35190225201602,88.029052734375,86.67475839267382,88.029052734375,17947,0.0,0.0
2021-01-21 00:00:00+08:00,86.67475687587948,87.69047595862625,85.99760640537052,86.336181640625,10255,0.0,0.0
2021-01-22 00:00:00+08:00,86.33617959735882,86.33617959735882,85.99760437011719,85.99760437011719,11537,0.0,0.0
2021-01-25 00:00:00+08:00,85.99760437011719,85.99760437011719,85.99760437011719,85.99760437011719,0,0.0,0.0
2021-01-26 00:00:00+08:00,84.98188732262376,86.336181640625,83.96616823987699,86.336181640625,10255,0.0,0.0
2021-01-27 00:00:00+08:00,84.30474853515625,85.32046767886713,83.96617327958027,84.30474853515625,15383,0.0,0.0
2021-01-28 00:00:00+08:00,84.30474294315152,85.3204620194889,84.30474294315152,84.64331817626953,7691,0.0,0.0
2021-01-29 00:00:00+08:00,84.64331817626953,84.64331817626953,84.64331817626953,84.64331817626953,0,0.0,0.0
2021-02-01 00:00:00+08:00,82.6118718557329,82.95044708251953,81.93472802517616,82.95044708251953,14101,0.0,0.0
2021-02-02 00:00:00+08:00,82.95044911793286,83.28902435302734,82.61187388283837,83.28902435302734,8973,0.0,0.0
2021-02-03 00:00:00+08:00,83.28902794076399,83.28902794076399,82.27330881474434,82.61187744140625,6409,0.0,0.0
2021-02-04 00:00:00+08:00,82.61187440283673,84.98188781738281,82.61187440283673,84.98188781738281,7691,0.0,0.0
2021-02-05 00:00:00+08:00,84.98188428271744,85.6590347290039,84.64331568259065,85.6590347290039,12819,0.0,0.0
2021-02-17 00:00:00+08:00,82.95044863369615,85.99760586270827,82.95044863369615,84.64331817626953,16665,0.0,0.0
2021-02-18 00:00:00+08:00,85.65903783085018,89.38333892822266,85.65903783085018,89.38333892822266,25639,0.0,0.0
2021-02-19 00:00:00+08:00,88.02905576335415,88.7061996459961,88.02905576335415,88.7061996459961,11537,0.0,0.0
2021-02-22 00:00:00+08:00,88.70619709249756,90.06049144181371,88.70619709249756,89.72191619873047,35895,0.0,0.0
2021-02-23 00:00:00+08:00,90.06048939902978,90.06048939902978,89.38333892822266,89.38333892822266,10255,0.0,0.0
2021-02-24 00:00:00+08:00,89.38333892822266,90.06048939902978,89.04477031583576,89.38333892822266,23075,0.0,0.0
2021-02-25 00:00:00+08:00,89.38333892822266,90.06048939902978,89.38333892822266,89.38333892822266,12819,0.0,0.0
2021-02-26 00:00:00+08:00,91.07621144551385,96.49338227314257,90.73763619909428,95.81623840332031,187169,0.0,0.0
2021-03-02 00:00:00+08:00,96.49338227314257,96.83195751956214,95.13908791048117,95.81623840332031,91020,0.0,0.0
2021-03-03 00:00:00+08:00,94.8005142211914,94.8005142211914,94.12336376453737,94.8005142211914,30767,0.0,0.0
2021-03-04 00:00:00+08:00,94.12337191965089,94.12337191965089,93.44622802734375,93.44622802734375,25639,0.0,0.0
2021-03-05 00:00:00+08:00,93.44622087873532,93.44622087873532,92.09192657470703,92.09192657470703,35895,0.0,0.0
2021-03-08 00:00:00+08:00,92.76907195630005,93.78479766845703,92.76907195630005,93.78479766845703,10255,0.0,0.0
2021-03-09 00:00:00+08:00,93.10764564697409,93.78479611049653,92.09192657470703,92.09192657470703,20511,0.0,0.0
2021-03-10 00:00:00+08:00,93.78480125752122,93.78480125752122,92.7690755064933,93.10765075683594,11537,0.0,0.0
2021-03-11 00:00:00+08:00,92.7690755064933,93.78480125752122,92.7690755064933,93.10765075683594,19229,0.0,0.0
2021-03-12 00:00:00+08:00,93.78479921523734,93.78479921523734,92.76907348632812,92.76907348632812,15383,0.0,0.0
2021-03-15 00:00:00+08:00,93.10764820935009,94.46194255064933,93.10764820935009,94.12336730957031,24357,0.0,0.0
2021-03-16 00:00:00+08:00,94.4619369506836,94.80051217169093,94.12336172967628,94.4619369506836,20511,0.0,0.0
2021-03-17 00:00:00+08:00,94.80051727734542,95.4776611328125,94.80051727734542,95.4776611328125,29485,0.0,0.0
2021-03-18 00:00:00+08:00,95.81623840332031,96.15480702672299,95.47766315690073,95.81623840332031,15383,0.0,0.0
2021-03-19 00:00:00+08:00,95.4776611328125,95.4776611328125,95.4776611328125,95.4776611328125,3845,0.0,0.0
2021-03-22 00:00:00+08:00,94.8005142211914,94.8005142211914,92.09192564060837,94.8005142211914,24357,0.0,0.0
2021-03-23 00:00:00+08:00,94.46194717731302,94.80052243497514,93.44622802734375,93.44622802734375,7691,0.0,0.0
2021-03-24 00:00:00+08:00,94.12336172967628,94.4619369506836,93.78479313168533,94.4619369506836,24357,0.0,0.0
2021-03-25 00:00:00+08:00,94.4619420381035,95.4776611328125,94.1233667988616,95.4776611328125,10255,0.0,0.0
2021-03-26 00:00:00+08:00,95.13908589357058,95.8162363720544,94.80051727734542,95.4776611328125,23075,0.0,0.0
2021-03-29 00:00:00+08:00,95.13908282650188,95.4776580548289,94.8005142211914,94.8005142211914,17947,0.0,0.0
2021-03-30 00:00:00+08:00,94.80051525330813,95.13908386230469,93.78479618028524,95.13908386230469,11537,0.0,0.0
2021-03-31 00:00:00+08:00,94.46194255064933,94.46194255064933,93.7847986915081,94.12336730957031,17947,0.0,0.0
2021-04-01 00:00:00+08:00,94.12336730957031,94.12336730957031,93.44622345042909,94.12336730957031,16665,0.0,0.0
2021-04-07 00:00:00+08:00,93.78479766845703,94.46194152021164,93.78479766845703,93.78479766845703,21793,0.0,0.0
2021-04-08 00:00:00+08:00,93.78479618028524,95.13908386230469,93.78479618028524,95.13908386230469,26921,0.0,0.0
2021-04-09 00:00:00+08:00,95.13908791048117,95.81623840332031,95.13908791048117,95.81623840332031,51279,0.0,0.0
2021-04-12 00:00:00+08:00,95.81623840332031,96.15480702672299,95.81623840332031,95.81623840332031,41023,0.0,0.0
2021-04-13 00:00:00+08:00,95.81623328315591,95.81623328315591,94.8005142211914,94.8005142211914,23075,0.0,0.0
2021-04-14 00:00:00+08:00,94.12336730957031,94.12336730957031,92.76907296827108,94.12336730957031,56407,0.0,0.0
2021-04-15 00:00:00+08:00,94.12336730957031,94.46194255064933,93.7847986915081,94.12336730957031,24357,0.0,0.0
2021-04-16 00:00:00+08:00,94.12336730957031,94.46194255064933,94.12336730957031,94.12336730957031,21793,0.0,0.0
2021-04-19 00:00:00+08:00,93.7847951592269,95.13908282650188,93.10764470257287,94.8005142211914,30767,0.0,0.0
2021-04-20 00:00:00+08:00,93.44622094827207,95.13908386230469,93.44622094827207,95.13908386230469,12819,0.0,0.0
2021-04-21 00:00:00+08:00,94.8005142211914,95.13908282650188,94.12336376453737,94.8005142211914,6409,0.0,0.0
2021-04-22 00:00:00+08:00,95.47766632728228,95.47766632728228,93.44622802734375,93.44622802734375,30767,0.0,0.0
2021-04-23 00:00:00+08:00,94.12336730957031,94.12336730957031,93.44622345042909,94.12336730957031,32049,0.0,0.0
2021-04-26 00:00:00+08:00,93.78479766845703,94.46194152021164,93.44622243107138,93.78479766845703,21793,0.0,0.0
2021-04-27 00:00:00+08:00,94.8005167575973,94.8005167575973,93.44622243107138,93.78479766845703,37177,0.0,0.0
2021-04-28 00:00:00+08:00,94.12336628282598,94.12336628282598,93.78479766845703,93.78479766845703,10255,0.0,0.0
2021-04-29 00:00:00+08:00,94.12336730957031,94.12336730957031,94.12336730957031,94.12336730957031,3845,0.0,0.0
2021-05-03 00:00:00+08:00,93.44622802734375,94.12337191965089,92.76907751201949,93.44622802734375,17947,0.0,0.0
2021-05-04 00:00:00+08:00,93.10765028966577,93.10765028966577,91.41478729248047,91.41478729248047,37177,0.0,0.0
2021-05-05 00:00:00+08:00,91.07621204383663,91.41478729248047,90.7376367951928,91.41478729248047,46151,0.0,0.0
2021-05-06 00:00:00+08:00,91.41478526310023,91.41478526310023,91.07621002197266,91.07621002197266,11537,0.0,0.0
2021-05-07 00:00:00+08:00,91.4147827342012,92.09192657470703,91.4147827342012,92.09192657470703,33331,0.0,0.0
2021-05-10 00:00:00+08:00,92.0919311667512,92.43050641539503,90.7376367951928,91.41478729248047,26921,0.0,0.0
2021-05-11 00:00:00+08:00,91.07620848222378,91.07620848222378,89.38333892822266,89.38333892822266,46151,0.0,0.0
2021-05-12 00:00:00+08:00,88.02904551233098,89.38333311990745,83.28901901676463,86.67475128173828,58971,0.0,0.0
2021-05-13 00:00:00+08:00,86.67475128173828,86.67475128173828,86.67475128173828,86.67475128173828,11537,0.0,0.0
2021-05-14 00:00:00+08:00,87.35189819335938,87.69047341880754,85.99760391458317,87.35189819335938,7691,0.0,0.0
2021-05-17 00:00:00+08:00,85.99761664540733,88.0290616758088,83.96617823802333,85.32047271728516,15383,0.0,0.0
2021-05-18 00:00:00+08:00,87.69048006080988,87.69048006080988,85.65904180028514,87.01333618164062,7691,0.0,0.0
2021-05-19 00:00:00+08:00,87.35190480971676,87.35190480971676,85.32046654919202,87.01333618164062,5127,0.0,0.0
2021-05-20 00:00:00+08:00,84.64332878916298,85.32047271728516,84.64332878916298,85.32047271728516,3845,0.0,0.0
2021-05-21 00:00:00+08:00,85.65903779313271,85.99760640537052,85.65903779313271,86.336181640625,2563,0.0,0.0
2021-05-24 00:00:00+08:00,85.99760640537052,86.67475687587948,85.99760640537052,86.336181640625,6409,0.0,0.0
2021-05-25 00:00:00+08:00,86.6747609305475,87.01333618164062,86.33618567945439,87.01333618164062,21793,0.0,0.0
2021-05-26 00:00:00+08:00,87.01332649514052,87.69047029892874,85.6590322645478,86.67475128173828,12819,0.0,0.0
2021-05-27 00:00:00+08:00,88.02904864425571,89.38333630001544,87.35189819335938,87.35189819335938,3845,0.0,0.0
2021-05-28 00:00:00+08:00,87.35190225201602,88.029052734375,86.67475839267382,88.029052734375,5127,0.0,0.0
2021-05-31 00:00:00+08:00,88.029052734375,88.029052734375,88.029052734375,88.029052734375,2563,0.0,0.0
2021-06-01 00:00:00+08:00,86.67475128173828,86.67475128173828,86.67475128173828,86.67475128173828,2563,0.0,0.0
2021-06-02 00:00:00+08:00,86.6747543654795,87.35189819335938,86.6747543654795,87.35189819335938,16665,0.0,0.0
2021-06-03 00:00:00+08:00,85.99760437011719,87.6904738833088,85.99760437011719,85.99760437011719,15383,0.0,0.0
2021-06-04 00:00:00+08:00,85.99760437011719,87.35189865606716,85.99760437011719,85.99760437011719,7691,0.0,0.0
2021-06-07 00:00:00+08:00,85.99761664540733,85.99761664540733,85.32047271728516,85.32047271728516,6409,0.0,0.0
2021-06-08 00:00:00+08:00,85.32046949968569,87.69048309326172,85.32046949968569,87.69048309326172,6409,0.0,0.0
2021-06-09 00:00:00+08:00,85.99760437011719,87.35189865606716,85.99760437011719,85.99760437011719,6409,0.0,0.0
2021-06-10 00:00:00+08:00,87.35190783046022,87.69048309326172,86.67476392787445,87.69048309326172,12819,0.0,0.0
2021-06-11 00:00:00+08:00,88.02904864425571,88.02904864425571,87.35189819335938,87.35189819335938,5127,0.0,0.0
2021-06-15 00:00:00+08:00,86.67475128173828,86.67475128173828,86.67475128173828,86.67475128173828,2563,0.0,0.0
2021-06-16 00:00:00+08:00,85.65903531215147,87.35189819335938,85.65903531215147,87.35189819335938,21793,0.0,0.0
2021-06-17 00:00:00+08:00,87.35189819335938,87.35189819335938,87.35189819335938,87.35189819335938,8973,0.0,0.0
2021-06-18 00:00:00+08:00,87.35189819335938,87.35189819335938,87.01332959092768,87.35189819335938,11537,0.0,0.0
2021-06-21 00:00:00+08:00,85.99760085493381,86.67475128173828,85.99760085493381,86.67475128173828,14101,0.0,0.0
2021-06-22 00:00:00+08:00,87.69048309326172,87.69048309326172,87.69048309326172,87.69048309326172,6409,0.0,0.0
2021-06-23 00:00:00+08:00,88.70619508043221,90.06048939902978,88.70619508043221,89.38333892822266,15383,0.0,0.0
2021-06-24 00:00:00+08:00,89.72192142403625,89.72192142403625,87.69048309326172,87.69048309326172,5127,0.0,0.0
2021-06-25 00:00:00+08:00,88.029052734375,88.029052734375,88.029052734375,88.029052734375,2563,0.0,0.0
2021-06-28 00:00:00+08:00,88.029052734375,88.029052734375,88.029052734375,88.029052734375,1281,0.0,0.0
2021-06-29 00:00:00+08:00,88.02904864425571,88.02904864425571,87.35189819335938,87.35189819335938,16665,0.0,0.0
2021-06-30 00:00:00+08:00,88.02905272087492,92.76907298157693,88.02905272087492,91.07621002197266,39741,0.0,0.0
2021-07-01 00:00:00+08:00,88.70619608274389,92.43050384521484,88.70619608274389,92.43050384521484,26921,0.0,0.0
2021-07-02 00:00:00+08:00,92.09192912233857,92.43050436346614,91.07621002197266,91.07621002197266,17947,0.0,0.0
2021-07-05 00:00:00+08:00,92.09192860598564,92.43050384521484,91.07620951131479,92.43050384521484,10255,0.0,0.0
2021-07-06 00:00:00+08:00,92.76907246142729,92.76907246142729,92.43050384521484,92.43050384521484,7691,0.0,0.0
2021-07-07 00:00:00+08:00,92.43050384521484,92.43050384521484,92.43050384521484,92.43050384521484,0,0.0,0.0
2021-07-08 00:00:00+08:00,91.07620750243997,92.76907041521287,91.07620750243997,92.09192657470703,14101,0.0,0.0
2021-07-09 00:00:00+08:00,92.76907298157693,92.76907298157693,90.06049092160674,91.07621002197266,17947,0.0,0.0
2021-07-12 00:00:00+08:00,89.72191120480338,91.75334930419922,89.72191120480338,91.75334930419922,3845,0.0,0.0
2021-07-13 00:00:00+08:00,90.39906928712647,90.73763791693892,88.7061996459961,88.7061996459961,28203,0.0,0.0
2021-07-14 00:00:00+08:00,88.7061965937172,90.06049093541837,87.35190225201602,88.029052734375,16665,0.0,0.0
2021-07-15 00:00:00+08:00,91.07620848222378,91.07620848222378,89.38333892822266,89.38333892822266,6409,0.0,0.0
2021-07-16 00:00:00+08:00,88.02905123264176,89.38333892822266,88.02905123264176,89.38333892822266,2563,0.0,0.0
2021-07-19 00:00:00+08:00,88.029052734375,89.38334045305939,87.69047749319552,88.029052734375,6409,0.0,0.0
2021-07-20 00:00:00+08:00,90.06049093541837,90.73763479476057,88.029052734375,88.029052734375,3845,0.0,0.0
2021-07-21 00:00:00+08:00,88.029052734375,88.029052734375,88.029052734375,88.029052734375,2563,0.0,0.0
2021-07-22 00:00:00+08:00,88.02905123264176,89.38333892822266,87.35190076183464,89.38333892822266,8973,0.0,0.0
2021-07-23 00:00:00+08:00,88.7061965937172,88.7061965937172,88.029052734375,88.029052734375,3845,0.0,0.0
2021-07-26 00:00:00+08:00,87.69047996033594,90.06049346923828,87.69047996033594,90.06049346923828,26921,0.0,0.0
2021-07-27 00:00:00+08:00,90.06048939902978,90.73763324682022,88.70619508043221,89.38333892822266,19229,0.0,0.0
2021-07-28 00:00:00+08:00,88.02905835606322,88.36762699584749,87.35190783046022,87.69048309326172,17947,0.0,0.0
2021-07-29 00:00:00+08:00,88.70618996196104,88.70618996196104,88.36761474609375,88.36761474609375,6409,0.0,0.0
2021-07-30 00:00:00+08:00,90.06048939902978,90.06048939902978,89.38333892822266,89.38333892822266,5127,0.0,0.0
2021-08-02 00:00:00+08:00,88.36762439316661,88.7061996459961,88.36762439316661,88.7061996459961,10255,0.0,0.0
2021-08-03 00:00:00+08:00,88.36762439316661,88.7061996459961,88.02905576335415,88.7061996459961,5127,0.0,0.0
2021-08-04 00:00:00+08:00,88.7061996459961,88.7061996459961,88.7061996459961,88.7061996459961,14101,0.0,0.0
2021-08-05 00:00:00+08:00,88.70619405561735,90.39906359006089,88.70619405561735,89.04476928710938,26921,0.0,0.0
2021-08-06 00:00:00+08:00,89.04476928710938,90.39906359006089,89.04476928710938,89.04476928710938,21793,0.0,0.0
2021-08-09 00:00:00+08:00,89.04477027662749,89.04477027662749,83.62759300462251,86.336181640625,84611,0.0,0.0
2021-08-10 00:00:00+08:00,86.33619192097716,86.33619192097716,82.61188375876152,85.32047271728516,37177,0.0,0.0
2021-08-11 00:00:00+08:00,84.98189094312443,84.98189094312443,82.27330881474434,82.61187744140625,34613,0.0,0.0
2021-08-12 00:00:00+08:00,82.61187340057816,84.64331817626953,82.27330479047679,84.64331817626953,20511,0.0,0.0
2021-08-13 00:00:00+08:00,83.28902794076399,83.62759656742591,82.61187744140625,82.61187744140625,30767,0.0,0.0
2021-08-16 00:00:00+08:00,81.93473150822811,83.28902584992927,81.59615626704861,88.029052734375,24357,0.0,0.0
2021-08-17 00:00:00+08:00,82.27330325196279,83.28902230930616,81.93472802517616,82.95044708251953,20511,0.0,0.0
2021-08-18 00:00:00+08:00,84.3047380339551,86.67475128173828,83.96616282055287,86.67475128173828,16665,0.0,0.0
2021-08-19 00:00:00+08:00,88.02905063839964,88.02905063839964,84.64331817626953,84.64331817626953,12819,0.0,0.0
2021-08-20 00:00:00+08:00,87.01332959092768,88.02904864425571,85.99760391458317,87.35189819335938,28203,0.0,0.0
2021-08-23 00:00:00+08:00,87.35190470963074,90.39906871994346,87.35190470963074,90.06049346923828,75637,0.0,0.0
2021-08-24 00:00:00+08:00,90.52160956218074,91.30197143554688,87.4001759460102,91.30197143554688,37294,4.719242,1.1
2021-08-25 00:00:00+08:00,91.30197143554688,91.30197143554688,88.5707118174124,91.30197143554688,6992,0.0,0.0
2021-08-26 00:00:00+08:00,88.57071685791016,88.96089781679815,88.57071685791016,88.57071685791016,8158,0.0,0.0
2021-08-27 00:00:00+08:00,90.13143375481474,90.13143375481474,88.57071685791016,88.57071685791016,3496,0.0,0.0
2021-08-30 00:00:00+08:00,88.57071079146934,88.96089172363281,88.18053679795277,88.96089172363281,5827,0.0,0.0
2021-08-31 00:00:00+08:00,88.96088926692302,88.96088926692302,87.79035344140458,88.18053436279297,24474,0.0,0.0
2021-09-01 00:00:00+08:00,87.79036187878157,88.57071685791016,85.83946402298899,88.57071685791016,38459,0.0,0.0
2021-09-02 00:00:00+08:00,87.40018091989357,88.57071685791016,87.40018091989357,88.57071685791016,3496,0.0,0.0
2021-09-03 00:00:00+08:00,87.79035949707031,87.79035949707031,87.79035949707031,87.79035949707031,5827,0.0,0.0
2021-09-06 00:00:00+08:00,88.57071685791016,88.57071685791016,88.57071685791016,88.57071685791016,1165,0.0,0.0
2021-09-07 00:00:00+08:00,86.2296371459961,86.2296371459961,86.2296371459961,86.2296371459961,1165,0.0,0.0
2021-09-08 00:00:00+08:00,86.22963358919353,87.4001693725586,85.83945268185633,87.4001693725586,15150,0.0,0.0
2021-09-09 00:00:00+08:00,87.40017137738155,87.40017137738155,84.27873792437626,85.8394546508789,18647,0.0,0.0
2021-09-10 00:00:00+08:00,87.40017756608704,87.40017756608704,85.44927978515625,85.44927978515625,4661,0.0,0.0
2021-09-13 00:00:00+08:00,84.27874149151448,86.61981321103212,84.27874149151448,84.6689224243164,4661,0.0,0.0
2021-09-14 00:00:00+08:00,84.66892329188612,85.05909729003906,84.66892329188612,85.05909729003906,5827,0.0,0.0
2021-09-15 00:00:00+08:00,85.05909729003906,85.05909729003906,85.05909729003906,85.05909729003906,1165,0.0,0.0
2021-09-16 00:00:00+08:00,84.27874235508617,84.27874235508617,83.49838048148627,85.05909729003906,6992,0.0,0.0
2021-09-17 00:00:00+08:00,84.27874755859375,84.27874755859375,84.27874755859375,84.27874755859375,2330,0.0,0.0
2021-09-22 00:00:00+08:00,83.88855700808894,83.88855700808894,83.88855700808894,85.8394546508789,3496,0.0,0.0
2021-09-23 00:00:00+08:00,83.88855743408203,83.88855743408203,83.88855743408203,83.88855743408203,1165,0.0,0.0
2021-09-24 00:00:00+08:00,83.88855743408203,83.88855743408203,83.88855743408203,83.88855743408203,0,0.0,0.0
2021-09-27 00:00:00+08:00,84.27874184312172,84.27874184312172,84.27874184312172,87.00999450683594,3496,0.0,0.0
2021-09-28 00:00:00+08:00,84.27874184312172,87.40017544126567,84.27874184312172,87.00999450683594,8158,0.0,0.0
2021-09-29 00:00:00+08:00,87.40017854876774,87.79035949707031,87.00999760046517,87.79035949707031,12819,0.0,0.0
2021-09-30 00:00:00+08:00,87.79035949707031,87.79035949707031,87.79035949707031,87.79035949707031,0,0.0,0.0
2021-10-01 00:00:00+08:00,85.44927822683901,85.44927822683901,85.05909729003906,85.05909729003906,3496,0.0,0.0
2021-10-04 00:00:00+08:00,84.66892851948411,84.66892851948411,84.27874755859375,84.27874755859375,6992,0.0,0.0
2021-10-05 00:00:00+08:00,84.27874755859375,84.27874755859375,84.27874755859375,84.27874755859375,0,0.0,0.0
2021-10-06 00:00:00+08:00,83.88856351491111,83.88856351491111,83.49838256835938,83.49838256835938,4661,0.0,0.0
2021-10-07 00:00:00+08:00,83.49838256835938,83.49838256835938,83.49838256835938,83.49838256835938,2330,0.0,0.0
2021-10-08 00:00:00+08:00,83.88856107447502,83.88856107447502,81.93766333711788,82.71802520751953,11654,0.0,0.0
2021-10-12 00:00:00+08:00,82.71801847903151,83.49837334731019,82.71801847903151,83.10819244384766,13985,0.0,0.0
2021-10-13 00:00:00+08:00,83.10820162180764,83.49838256835938,81.93766572079961,83.49838256835938,8158,0.0,0.0
2021-10-14 00:00:00+08:00,83.49838256835938,83.49838256835938,83.49838256835938,83.49838256835938,0,0.0,0.0
2021-10-15 00:00:00+08:00,83.10819244384766,83.10819244384766,83.10819244384766,83.10819244384766,3496,0.0,0.0
2021-10-18 00:00:00+08:00,83.88855743408203,83.88855743408203,83.88855743408203,83.88855743408203,1165,0.0,0.0
2021-10-19 00:00:00+08:00,83.88855700808894,83.88855700808894,83.88855700808894,85.8394546508789,1165,0.0,0.0
2021-10-20 00:00:00+08:00,83.88856351491111,83.88856351491111,83.49838256835938,83.49838256835938,4661,0.0,0.0
2021-10-21 00:00:00+08:00,82.71802976002971,83.10820377805737,81.93766784667969,81.93766784667969,8158,0.0,0.0
2021-10-22 00:00:00+08:00,83.10819244384766,83.10819244384766,83.10819244384766,83.10819244384766,2330,0.0,0.0
2021-10-25 00:00:00+08:00,83.49838256835938,83.49838256835938,83.49838256835938,83.49838256835938,1165,0.0,0.0
2021-10-26 00:00:00+08:00,83.10819869310873,83.10819869310873,82.71802469895374,84.6689224243164,2330,0.0,0.0
2021-10-27 00:00:00+08:00,82.32784069965393,82.71802161792263,82.32784069965393,83.88855743408203,4661,0.0,0.0
2021-10-28 00:00:00+08:00,82.71802705504143,83.49838200422546,82.71802705504143,85.44927978515625,5827,0.0,0.0
2021-10-29 00:00:00+08:00,83.10819244384766,83.10819244384766,83.10819244384766,83.10819244384766,3496,0.0,0.0
2021-11-01 00:00:00+08:00,83.4983801392742,83.4983801392742,82.71802520751953,82.71802520751953,3496,0.0,0.0
2021-11-02 00:00:00+08:00,87.40017182120692,87.40017182120692,83.88855743408203,83.88855743408203,18647,0.0,0.0
2021-11-03 00:00:00+08:00,82.3278442723187,83.10819920407337,82.3278442723187,82.71802520751953,9323,0.0,0.0
2021-11-04 00:00:00+08:00,82.71802520751953,82.71802520751953,82.71802520751953,82.71802520751953,2330,0.0,0.0
2021-11-05 00:00:00+08:00,82.71802520751953,83.4983801392742,82.71802520751953,82.71802520751953,4661,0.0,0.0
2021-11-08 00:00:00+08:00,82.32784069965393,83.88855743408203,82.32784069965393,83.88855743408203,8158,0.0,0.0
2021-11-09 00:00:00+08:00,83.88855743408203,83.88855743408203,83.88855743408203,83.88855743408203,1165,0.0,0.0
2021-11-10 00:00:00+08:00,83.10819920407337,83.4983801392742,82.71802520751953,82.71802520751953,5827,0.0,0.0
2021-11-11 00:00:00+08:00,82.32784271240234,82.71802364021016,82.32784271240234,82.32784271240234,3496,0.0,0.0
2021-11-12 00:00:00+08:00,82.32783954778714,83.10819443475974,81.54747772216797,81.54747772216797,30301,0.0,0.0
2021-11-15 00:00:00+08:00,81.54748449239584,81.54748449239584,81.15731048583984,81.15731048583984,6992,0.0,0.0
2021-11-16 00:00:00+08:00,81.54748240191707,82.71802520751953,81.54748240191707,82.71802520751953,10488,0.0,0.0
2021-11-17 00:00:00+08:00,82.71802520751953,83.4983801392742,82.71802520751953,82.71802520751953,8158,0.0,0.0
2021-11-18 00:00:00+08:00,81.54748240191707,83.10819920407337,81.54748240191707,82.71802520751953,6992,0.0,0.0
2021-11-19 00:00:00+08:00,81.937665437599,81.937665437599,81.54748449239584,81.15731048583984,3496,0.0,0.0
2021-11-22 00:00:00+08:00,81.54747951513053,81.54747951513053,81.54747951513053,88.18053436279297,4661,0.0,0.0
2021-11-23 00:00:00+08:00,82.71802554653337,82.71802554653337,81.93766367293347,85.05909729003906,2330,0.0,0.0
2021-11-24 00:00:00+08:00,81.93766086554449,81.93766086554449,81.93766086554449,86.2296371459961,12819,0.0,0.0
2021-11-25 00:00:00+08:00,81.54747772216797,81.54747772216797,81.54747772216797,81.54747772216797,2330,0.0,0.0
2021-11-26 00:00:00+08:00,81.54748449239584,81.54748449239584,81.15731048583984,81.15731048583984,9323,0.0,0.0
2021-11-29 00:00:00+08:00,80.37693946046964,80.76712036132812,80.37693946046964,80.76712036132812,2330,0.0,0.0
2021-11-30 00:00:00+08:00,81.93766178459452,82.32784271240234,81.93766178459452,82.32784271240234,2330,0.0,0.0
2021-12-01 00:00:00+08:00,80.37693946046964,80.76712036132812,80.37693946046964,80.76712036132812,8158,0.0,0.0
2021-12-02 00:00:00+08:00,81.15731048583984,81.15731048583984,81.15731048583984,81.15731048583984,8158,0.0,0.0
2021-12-03 00:00:00+08:00,81.54748449239584,81.54748449239584,80.76712954063669,81.15731048583984,5827,0.0,0.0
2021-12-06 00:00:00+08:00,82.71801930045183,82.71801930045183,81.93765748577746,87.4001693725586,2330,0.0,0.0
2021-12-07 00:00:00+08:00,82.71802705504143,85.44927978515625,82.71802705504143,85.44927978515625,26805,0.0,0.0
2021-12-08 00:00:00+08:00,85.44927416851013,85.44927416851013,83.88855743408203,83.88855743408203,10488,0.0,0.0
2021-12-09 00:00:00+08:00,82.71802520751953,82.71802520751953,82.71802520751953,82.71802520751953,2330,0.0,0.0
2021-12-10 00:00:00+08:00,83.88855743408203,83.88855743408203,83.88855743408203,83.88855743408203,1165,0.0,0.0
2021-12-13 00:00:00+08:00,82.32784271240234,82.32784271240234,82.32784271240234,82.32784271240234,2330,0.0,0.0
2021-12-14 00:00:00+08:00,82.32784271240234,82.32784271240234,81.93766178459452,82.32784271240234,5827,0.0,0.0
2021-12-15 00:00:00+08:00,82.71802520751953,83.4983801392742,82.71802520751953,82.71802520751953,9323,0.0,0.0
2021-12-16 00:00:00+08:00,82.71802976002971,82.71802976002971,81.93766784667969,81.93766784667969,13985,0.0,0.0
2021-12-17 00:00:00+08:00,81.93766784667969,81.93766784667969,81.93766784667969,81.93766784667969,2330,0.0,0.0
2021-12-20 00:00:00+08:00,81.93766784667969,81.93766784667969,81.93766784667969,81.93766784667969,5827,0.0,0.0
2021-12-21 00:00:00+08:00,81.93766784667969,81.93766784667969,81.93766784667969,81.93766784667969,3496,0.0,0.0
2021-12-22 00:00:00+08:00,81.93765863497755,81.93765863497755,81.15730374800495,81.54747772216797,11654,0.0,0.0
2021-12-23 00:00:00+08:00,81.54747772216797,81.54747772216797,81.54747772216797,81.54747772216797,1165,0.0,0.0
2021-12-24 00:00:00+08:00,81.54748085678669,82.32784271240234,81.54748085678669,82.32784271240234,8158,0.0,0.0
2021-12-27 00:00:00+08:00,81.54748449239584,81.54748449239584,81.15731048583984,81.15731048583984,18647,0.0,0.0
2021-12-28 00:00:00+08:00,81.15730126218662,81.15730126218662,80.76712036132812,80.76712036132812,15150,0.0,0.0
2021-12-29 00:00:00+08:00,81.15730840536321,82.71802520751953,80.7671274701624,82.71802520751953,13985,0.0,0.0
2021-12-30 00:00:00+08:00,82.71802046059673,82.71802046059673,81.15730374800495,81.54747772216797,8158,0.0,0.0
2022-01-03 00:00:00+08:00,81.54748449239584,82.32784638280215,81.15731048583984,81.15731048583984,12819,0.0,0.0
2022-01-04 00:00:00+08:00,81.15730374800495,81.54747772216797,81.15730374800495,81.54747772216797,8158,0.0,0.0
2022-01-05 00:00:00+08:00,81.15730374800495,81.54747772216797,81.15730374800495,81.54747772216797,10488,0.0,0.0
2022-01-06 00:00:00+08:00,81.54747772216797,81.93765863497755,81.54747772216797,81.54747772216797,3496,0.0,0.0
2022-01-07 00:00:00+08:00,81.93766784667969,81.93766784667969,81.54748689000468,81.93766784667969,11654,0.0,0.0
2022-01-10 00:00:00+08:00,81.93766333711788,82.71802520751953,81.93766333711788,82.71802520751953,2330,0.0,0.0
2022-01-11 00:00:00+08:00,82.32783702611572,82.71801792697421,80.76712036132812,80.76712036132812,22143,0.0,0.0
2022-01-12 00:00:00+08:00,81.15731287197701,81.93766784667969,81.15731287197701,81.93766784667969,10488,0.0,0.0
2022-01-13 00:00:00+08:00,82.71802520751953,82.71802520751953,82.3278442723187,82.71802520751953,5827,0.0,0.0
2022-01-14 00:00:00+08:00,81.54748085678669,82.32784271240234,81.1573068676257,82.32784271240234,9323,0.0,0.0
2022-01-17 00:00:00+08:00,84.66891927061943,84.66891927061943,83.88855743408203,83.88855743408203,3496,0.0,0.0
2022-01-18 00:00:00+08:00,83.88855743408203,83.88855743408203,83.49837651581335,83.88855743408203,6992,0.0,0.0
2022-01-19 00:00:00+08:00,82.71802761390308,83.49838256835938,82.71802761390308,83.49838256835938,13985,0.0,0.0
2022-01-20 00:00:00+08:00,83.4983801392742,83.88856107447502,82.71802520751953,82.71802520751953,8158,0.0,0.0
2022-01-21 00:00:00+08:00,82.71802161792263,87.40017182120692,82.71802161792263,83.88855743408203,24474,0.0,0.0
2022-01-24 00:00:00+08:00,81.93765978138525,83.88855743408203,81.93765978138525,83.88855743408203,25639,0.0,0.0
2022-01-25 00:00:00+08:00,83.10819559754465,83.88855743408203,82.71802161792263,83.88855743408203,13985,0.0,0.0
2022-01-26 00:00:00+08:00,83.10820467592266,84.27874755859375,83.10820467592266,84.27874755859375,8158,0.0,0.0
2022-02-07 00:00:00+08:00,85.05909729003906,85.05909729003906,83.49838048148627,85.05909729003906,12819,0.0,0.0
2022-02-08 00:00:00+08:00,84.66892329188612,85.05909729003906,84.27874235508617,85.05909729003906,12819,0.0,0.0
2022-02-09 00:00:00+08:00,85.05909729003906,85.83945916363896,84.27874235508617,85.05909729003906,24474,0.0,0.0
2022-02-10 00:00:00+08:00,85.81313334071127,86.20858764648438,85.81313334071127,86.20858764648438,12648,0.0,0.0
2022-02-11 00:00:00+08:00,84.62677736203891,86.20858764648438,83.83587568913967,86.20858764648438,11499,0.0,0.0
2022-02-14 00:00:00+08:00,85.41768626315319,85.41768626315319,84.62677764892578,84.62677764892578,5749,0.0,0.0
2022-02-15 00:00:00+08:00,85.41768549365545,85.81313285855974,84.62677688655306,86.9994888305664,12648,0.0,0.0
2022-02-16 00:00:00+08:00,84.62677764892578,85.41768626315319,83.83587597334535,84.62677764892578,17248,0.0,0.0
2022-02-17 00:00:00+08:00,84.62677804637126,84.62677804637126,83.44042205810547,83.44042205810547,5749,0.0,0.0
2022-02-18 00:00:00+08:00,83.83586896811751,84.2313232421875,83.83586896811751,84.2313232421875,2299,0.0,0.0
2022-02-21 00:00:00+08:00,82.25405841626956,83.83586856632212,82.25405841626956,83.04496002197266,11499,0.0,0.0
2022-02-22 00:00:00+08:00,83.44041429414739,83.44041429414739,83.04496002197266,83.04496002197266,4599,0.0,0.0
2022-02-23 00:00:00+08:00,83.04496002197266,83.04496002197266,82.64951268844429,83.04496002197266,10349,0.0,0.0
2022-02-24 00:00:00+08:00,82.6495132766308,82.6495132766308,80.276794565343,80.67224884033203,18398,0.0,0.0
2022-02-25 00:00:00+08:00,80.67225697674466,81.4631656064919,79.88135528564453,79.88135528564453,22998,0.0,0.0
2022-03-01 00:00:00+08:00,79.88134722900037,80.67224884033203,79.88134722900037,80.67224884033203,12648,0.0,0.0
2022-03-02 00:00:00+08:00,80.67225656361637,81.06771087646484,79.8813548765665,81.06771087646484,14948,0.0,0.0
2022-03-03 00:00:00+08:00,81.46316528320312,81.85861265786029,81.46316528320312,81.46316528320312,10349,0.0,0.0
2022-03-04 00:00:00+08:00,81.46316518931332,81.46316518931332,81.06771087646484,81.06771087646484,6899,0.0,0.0
2022-03-07 00:00:00+08:00,81.06771110329572,81.46316541725069,79.01135977256524,79.09044647216797,18398,0.0,0.0
2022-03-08 00:00:00+08:00,79.09044657340661,79.09044657340661,78.29954488313139,78.93226623535156,5749,0.0,0.0
2022-03-09 00:00:00+08:00,81.46316541725069,81.85861279255856,79.09044647216797,79.09044647216797,6899,0.0,0.0
2022-03-10 00:00:00+08:00,80.27680206298828,80.27680206298828,79.8813546897119,80.27680206298828,6899,0.0,0.0
2022-03-11 00:00:00+08:00,79.8813546897119,80.27680206298828,79.8813546897119,80.27680206298828,10349,0.0,0.0
2022-03-14 00:00:00+08:00,80.27680206298828,80.67225637491173,79.48590037778845,80.27680206298828,16098,0.0,0.0
2022-03-15 00:00:00+08:00,79.48590087890625,79.48590087890625,79.48590087890625,79.48590087890625,2299,0.0,0.0
2022-03-16 00:00:00+08:00,79.48590078612294,79.48590078612294,78.77408579646284,79.09044647216797,11499,0.0,0.0
2022-03-17 00:00:00+08:00,78.69499927967078,79.88135528564453,78.69499927967078,79.88135528564453,21848,0.0,0.0
2022-03-18 00:00:00+08:00,78.9322661343154,79.88135510007791,78.9322661343154,79.09044647216797,9199,0.0,0.0
2022-03-21 00:00:00+08:00,79.0904466558973,80.67225697674466,79.0904466558973,79.88135528564453,17248,0.0,0.0
2022-03-22 00:00:00+08:00,79.48590037778845,80.27680206298828,79.48590037778845,80.27680206298828,3449,0.0,0.0
2022-03-23 00:00:00+08:00,80.67225616240525,82.25406646728516,80.67225616240525,82.25406646728516,13798,0.0,0.0
2022-03-24 00:00:00+08:00,82.64952128446879,82.64952128446879,81.46316528320312,81.46316528320312,12648,0.0,0.0
2022-03-25 00:00:00+08:00,82.25406687636318,82.64952118921165,81.06771087646484,81.06771087646484,26447,0.0,0.0
2022-03-28 00:00:00+08:00,81.06771037835658,82.25406637096553,80.67225606793792,81.85861206054688,9199,0.0,0.0
2022-03-29 00:00:00+08:00,81.46316528320312,81.46316528320312,81.46316528320312,81.46316528320312,1149,0.0,0.0
2022-03-30 00:00:00+08:00,80.67224884033203,80.67224884033203,80.67224884033203,80.67224884033203,6899,0.0,0.0
2022-03-31 00:00:00+08:00,82.25406606983968,83.8358763670764,82.25406606983968,83.44042205810547,36796,0.0,0.0
2022-04-01 00:00:00+08:00,83.44042205810547,83.8358763670764,83.44042205810547,83.44042205810547,6899,0.0,0.0
2022-04-06 00:00:00+08:00,84.23133028045905,85.02223195603948,84.23133028045905,84.62677764892578,14948,0.0,0.0
2022-04-07 00:00:00+08:00,84.62677764892578,85.41768626315319,84.62677764892578,84.62677764892578,14948,0.0,0.0
2022-04-08 00:00:00+08:00,79.8813546897119,81.46316499875861,79.48590037778845,80.27680206298828,149487,0.0,0.0
2022-04-11 00:00:00+08:00,82.25406687636318,82.64952118921165,80.67225656361637,81.06771087646484,83942,0.0,0.0
2022-04-12 00:00:00+08:00,79.88135496863322,83.04496865912596,79.88135496863322,81.46316528320312,58644,0.0,0.0
2022-04-13 00:00:00+08:00,82.6495207781669,84.23133108304681,82.25406646728516,82.25406646728516,37946,0.0,0.0
2022-04-14 00:00:00+08:00,82.25406646728516,83.0449681504016,82.25406646728516,82.25406646728516,21848,0.0,0.0
2022-04-15 00:00:00+08:00,82.25406656268305,82.64952087402344,82.25406656268305,82.64952087402344,12648,0.0,0.0
2022-04-18 00:00:00+08:00,82.6495203788106,83.44042205810547,82.6495203788106,83.44042205810547,62094,0.0,0.0
2022-04-19 00:00:00+08:00,83.44042255805715,83.44042255805715,82.64952087402344,82.64952087402344,32197,0.0,0.0
2022-04-20 00:00:00+08:00,83.44041429414739,83.83586856632212,82.64951268844429,83.04496002197266,36796,0.0,0.0
2022-04-21 00:00:00+08:00,83.44041429414739,83.44041429414739,83.04496002197266,83.04496002197266,21848,0.0,0.0
2022-04-22 00:00:00+08:00,83.44042186086855,85.8131338317915,83.0449675528324,85.41768646240234,110390,0.0,0.0
2022-04-25 00:00:00+08:00,85.0222321543662,86.60404244786382,84.62677784633003,85.41768646240234,109240,0.0,0.0
2022-04-26 00:00:00+08:00,85.41768587308522,85.8131332397461,85.0222315677774,85.8131332397461,65544,0.0,0.0
2022-04-27 00:00:00+08:00,85.02223195603948,85.41768626315319,84.23133028045905,84.62677764892578,48295,0.0,0.0
2022-04-28 00:00:00+08:00,85.41768437672019,92.9312744140625,85.41768437672019,92.9312744140625,312773,0.0,0.0
2022-04-29 00:00:00+08:00,88.58129794782108,93.32672871244267,87.79039628970757,92.9312744140625,213881,0.0,0.0
2022-05-03 00:00:00+08:00,92.93127467583345,92.93127467583345,90.55856275616256,91.3494644165039,74743,0.0,0.0
2022-05-04 00:00:00+08:00,89.37220872682293,89.37220872682293,83.8358761689047,85.41768646240234,178234,0.0,0.0
2022-05-05 00:00:00+08:00,85.81313344075438,86.60404205322266,85.02223176693309,86.60404205322266,43696,0.0,0.0
2022-05-06 00:00:00+08:00,83.83586896811751,85.41767912575112,83.0449604199775,84.2313232421875,48295,0.0,0.0
2022-05-09 00:00:00+08:00,84.23133108304681,84.23133108304681,81.85861215640342,82.25406646728516,51745,0.0,0.0
2022-05-10 00:00:00+08:00,81.46315681056646,83.04496002197266,80.672248266217,83.04496002197266,40246,0.0,0.0
2022-05-11 00:00:00+08:00,82.25406656268305,83.04496824671676,81.85861225134266,82.64952087402344,18398,0.0,0.0
2022-05-12 00:00:00+08:00,80.67225637491173,80.67225637491173,79.09044606586501,80.27680206298828,44846,0.0,0.0
2022-05-13 00:00:00+08:00,81.06771087646484,81.06771087646484,79.8813548765665,81.06771087646484,33347,0.0,0.0
2022-05-16 00:00:00+08:00,79.88135528564453,80.27680266187103,79.0904466558973,79.88135528564453,19548,0.0,0.0
2022-05-17 00:00:00+08:00,79.88134722900037,80.67224884033203,79.01135198721235,80.67224884033203,25297,0.0,0.0
2022-05-18 00:00:00+08:00,80.276794565343,80.67224884033203,79.48589295401133,80.67224884033203,10349,0.0,0.0
2022-05-19 00:00:00+08:00,79.88135528564453,79.88135528564453,79.48590097077091,79.88135528564453,11499,0.0,0.0
2022-05-20 00:00:00+08:00,79.88135519332283,80.67225688350888,79.48590087890625,79.48590087890625,43696,0.0,0.0
2022-05-23 00:00:00+08:00,79.88135519332283,80.2768025690923,79.48590087890625,79.48590087890625,36796,0.0,0.0
2022-05-24 00:00:00+08:00,79.48590139009673,79.88135570705656,78.53681935576971,78.69499969482422,86242,0.0,0.0
2022-05-25 00:00:00+08:00,78.29954488313139,79.48590088786777,78.29954488313139,78.93226623535156,29897,0.0,0.0
2022-05-26 00:00:00+08:00,78.93225895253248,78.93225895253248,78.2995376586914,78.2995376586914,82792,0.0,0.0
2022-05-27 00:00:00+08:00,78.37863911874739,79.48590149357032,78.29954547979361,78.53681945800781,20698,0.0,0.0
2022-05-30 00:00:00+08:00,79.09044576491031,82.6495206813842,79.09044576491031,81.85861206054688,62094,0.0,0.0
2022-05-31 00:00:00+08:00,82.25406687636318,82.25406687636318,80.67225656361637,81.06771087646484,28747,0.0,0.0
2022-06-01 00:00:00+08:00,81.46316468877525,81.85861206054688,81.46316468877525,81.85861206054688,26447,0.0,0.0
2022-06-02 00:00:00+08:00,86.9994822070637,86.9994822070637,82.649512953763,83.83586883544922,59794,0.0,0.0
2022-06-06 00:00:00+08:00,83.0449681504016,83.83587677216508,81.46316478416873,82.25406646728516,22998,0.0,0.0
2022-06-07 00:00:00+08:00,81.85861215640342,82.25406646728516,81.85861215640342,82.25406646728516,13798,0.0,0.0
2022-06-08 00:00:00+08:00,82.25406606983968,83.8358763670764,82.25406606983968,83.44042205810547,24147,0.0,0.0
2022-06-09 00:00:00+08:00,83.04496865912596,83.04496865912596,81.06771096989888,81.46316528320312,43696,0.0,0.0
2022-06-10 00:00:00+08:00,81.46316528320312,81.46316528320312,81.06771096989888,81.46316528320312,9199,0.0,0.0
2022-06-13 00:00:00+08:00,80.67225606793792,81.85861206054688,80.67225606793792,81.85861206054688,14948,0.0,0.0
2022-06-14 00:00:00+08:00,81.06771096989888,81.46316528320312,81.06771096989888,81.46316528320312,6899,0.0,0.0
2022-06-15 00:00:00+08:00,81.85861206054688,81.85861206054688,81.85861206054688,81.85861206054688,3449,0.0,0.0
2022-06-16 00:00:00+08:00,82.6495206813842,83.04496805315583,81.85861206054688,81.85861206054688,28747,0.0,0.0
2022-06-17 00:00:00+08:00,81.06771129161828,81.06771129161828,79.48590097077091,79.88135528564453,25297,0.0,0.0
2022-06-20 00:00:00+08:00,79.88135519332283,82.64952151694467,79.48590087890625,79.48590087890625,20698,0.0,0.0
2022-06-21 00:00:00+08:00,79.8813548765665,81.06771087646484,79.8813548765665,81.06771087646484,10349,0.0,0.0
2022-06-22 00:00:00+08:00,80.67225697674466,80.67225697674466,79.48590097077091,79.88135528564453,8049,0.0,0.0
2022-06-23 00:00:00+08:00,79.0904466558973,80.67225697674466,77.66682361191705,79.88135528564453,11499,0.0,0.0
2022-06-24 00:00:00+08:00,80.67224884033203,80.67224884033203,79.88134722900037,80.67224884033203,5749,0.0,0.0
2022-06-27 00:00:00+08:00,78.37863820184823,82.64952118921165,78.37863820184823,81.06771087646484,36796,0.0,0.0
2022-06-28 00:00:00+08:00,81.858612372035,81.858612372035,79.09044606586501,80.27680206298828,54045,0.0,0.0
2022-06-29 00:00:00+08:00,81.67649951173823,83.15853474959245,81.51182973234434,82.74685668945312,52895,3.478558,0.0
2022-06-30 00:00:00+08:00,82.33518369526244,83.15853986620085,82.00584411621094,82.00584411621094,20698,0.0,0.0
2022-07-01 00:00:00+08:00,81.1001550852754,81.1001550852754,79.28878021240234,79.28878021240234,29897,0.0,0.0
2022-07-04 00:00:00+08:00,80.1121394216703,81.34716647784114,78.6301040649414,78.6301040649414,14948,0.0,0.0
2022-07-05 00:00:00+08:00,78.79476210644904,78.79476210644904,77.80674349818491,78.21841430664062,11499,0.0,0.0
2022-07-06 00:00:00+08:00,78.21841430664062,78.21841430664062,77.39506546642052,78.21841430664062,9199,0.0,0.0
2022-07-07 00:00:00+08:00,77.06573188764905,77.72441101074219,77.06573188764905,77.72441101074219,8049,0.0,0.0
2022-07-08 00:00:00+08:00,78.21842694040996,79.45345401187492,78.21842694040996,78.87711334228516,9199,0.0,0.0
2022-07-11 00:00:00+08:00,78.9594394960854,78.9594394960854,77.39507293701172,77.39507293701172,10349,0.0,0.0
2022-07-12 00:00:00+08:00,76.2423717514373,76.65404979337796,76.1600404770345,77.31272888183594,6899,0.0,0.0
2022-07-13 00:00:00+08:00,76.90106250801203,76.90106250801203,76.16004487901229,76.32471466064453,13798,0.0,0.0
2022-07-14 00:00:00+08:00,76.57172804575994,78.87711236549947,76.57172804575994,78.6301040649414,14948,0.0,0.0
2022-07-15 00:00:00+08:00,78.63010056232068,79.86512756347656,78.63010056232068,79.86512756347656,5749,0.0,0.0
2022-07-18 00:00:00+08:00,79.78279628249787,80.6884837131201,79.04177863714246,79.86512756347656,25297,0.0,0.0
2022-07-19 00:00:00+08:00,79.12410266466934,79.12410266466934,78.46542358398438,78.46542358398438,13798,0.0,0.0
2022-07-20 00:00:00+08:00,78.63009335415562,78.79476312432685,78.63009335415562,78.46542358398438,9199,0.0,0.0
2022-07-21 00:00:00+08:00,77.80675156443301,79.04177856445312,77.80675156443301,79.04177856445312,14948,0.0,0.0
2022-07-22 00:00:00+08:00,79.28877565770571,79.45344543457031,79.28877565770571,79.45344543457031,6899,0.0,0.0
2022-07-25 00:00:00+08:00,79.5357884648777,80.52381440565063,79.5357884648777,80.68848419189453,4599,0.0,0.0
2022-07-26 00:00:00+08:00,81.51183372054156,81.51183372054156,80.85315457073824,83.15853881835938,16098,0.0,0.0
2022-07-27 00:00:00+08:00,81.10015046783067,81.10015046783067,80.68847963711403,80.8531494140625,17248,0.0,0.0
2022-07-28 00:00:00+08:00,80.85315349838693,80.93548477936562,79.86512756347656,79.86512756347656,19548,0.0,0.0
2022-07-29 00:00:00+08:00,80.27680154220239,80.6061410959316,79.45344543457031,79.45344543457031,5749,0.0,0.0
2022-08-01 00:00:00+08:00,79.45344543457031,79.45344543457031,79.45344543457031,79.45344543457031,0,0.0,0.0
2022-08-02 00:00:00+08:00,78.63009900748114,79.3711166381836,78.38309794611985,79.3711166381836,3449,0.0,0.0
2022-08-03 00:00:00+08:00,76.9833945971153,79.04177772413856,76.9833945971153,81.84117126464844,3449,0.0,0.0
2022-08-04 00:00:00+08:00,78.54776208072438,78.54776208072438,78.46542358398438,78.46542358398438,6899,0.0,0.0
2022-08-05 00:00:00+08:00,78.46542358398438,78.46542358398438,78.46542358398438,78.46542358398438,4599,0.0,0.0
2022-08-08 00:00:00+08:00,78.63010353414397,80.1121388808683,78.63010353414397,79.20645141601562,14948,0.0,0.0
2022-08-09 00:00:00+08:00,79.37111515405103,79.86512449084559,79.04177559618797,79.70045471191406,9199,0.0,0.0
2022-08-10 00:00:00+08:00,79.45344543457031,79.45344543457031,78.87710482719874,79.45344543457031,14948,0.0,0.0
2022-08-11 00:00:00+08:00,79.45344999872631,79.45344999872631,79.04177914457115,79.28878021240234,24147,0.0,0.0
2022-08-12 00:00:00+08:00,79.04177914457115,79.28878021240234,79.04177914457115,79.28878021240234,4599,0.0,0.0
2022-08-15 00:00:00+08:00,79.86512749003005,79.94746599424246,79.04177856445312,79.04177856445312,13798,0.0,0.0
2022-08-16 00:00:00+08:00,79.86512756347656,79.9474660677647,79.53578799294291,79.86512756347656,8049,0.0,0.0
2022-08-17 00:00:00+08:00,80.44147542356515,80.44147542356515,79.86512756347656,79.86512756347656,4599,0.0,0.0
2022-08-18 00:00:00+08:00,80.27680335566332,80.27680335566332,79.86512529254743,84.39356231689453,2299,0.0,0.0
2022-08-19 00:00:00+08:00,79.61812799558378,79.61812799558378,79.45345098390841,79.5357894897461,6899,0.0,0.0
2022-08-22 00:00:00+08:00,79.5357894897461,79.61812799558378,79.5357894897461,79.5357894897461,12648,0.0,0.0
2022-08-23 00:00:00+08:00,79.53578493298254,80.19446404870864,79.53578493298254,79.70045471191406,10349,0.0,0.0
2022-08-24 00:00:00+08:00,79.70045323388901,80.11213128523792,79.70045323388901,80.02979278564453,22998,0.0,0.0
2022-08-25 00:00:00+08:00,80.11213386357124,81.51183061523464,80.02979536132786,80.77081298828125,41396,0.0,0.0
2022-08-26 00:00:00+08:00,80.60613866664556,81.51182602376005,80.60613866664556,80.93547821044922,40246,0.0,0.0
2022-08-29 00:00:00+08:00,79.70045777820974,80.6884837131201,79.70045777820974,79.86512756347656,13798,0.0,0.0
2022-08-30 00:00:00+08:00,79.86512756347656,79.9474660677647,79.86512756347656,79.86512756347656,40246,0.0,0.0
2022-08-31 00:00:00+08:00,79.94746103709862,81.10014946143386,79.86512253799161,80.60614013671875,77043,0.0,0.0
2022-09-01 00:00:00+08:00,81.18248796054087,81.34715773544589,80.11213081200366,80.60614013671875,24147,0.0,0.0
2022-09-02 00:00:00+08:00,81.42948752615472,82.74685292467821,80.93547821044922,80.93547821044922,33347,0.0,0.0
2022-09-05 00:00:00+08:00,81.10015167220502,83.98188364656191,81.10015167220502,82.74685668945312,79343,0.0,0.0
2022-09-06 00:00:00+08:00,83.15853675487568,83.15853675487568,81.51183169791896,81.84117126464844,25297,0.0,0.0
2022-09-07 00:00:00+08:00,80.68848419189453,80.93548525960566,80.02979782360941,80.68848419189453,31047,0.0,0.0
2022-09-08 00:00:00+08:00,81.10015195859128,81.10015195859128,80.52381134033203,80.52381134033203,3449,0.0,0.0
2022-09-12 00:00:00+08:00,80.68848112030742,80.85315090028281,80.44147283868973,80.52381134033203,12648,0.0,0.0
2022-09-13 00:00:00+08:00,80.6884771642509,81.01781670805457,80.6884771642509,80.93547821044922,11499,0.0,0.0
2022-09-14 00:00:00+08:00,80.44147184092117,80.68848011947503,80.27680206298828,80.27680206298828,9199,0.0,0.0
2022-09-15 00:00:00+08:00,80.27680206298828,80.68848011947503,80.27680206298828,80.27680206298828,19548,0.0,0.0
2022-09-16 00:00:00+08:00,80.68848011947503,80.77081139678693,80.27680206298828,80.27680206298828,4599,0.0,0.0
2022-09-19 00:00:00+08:00,81.10015106201172,81.92350717609548,81.10015106201172,81.10015106201172,8049,0.0,0.0
2022-09-20 00:00:00+08:00,80.8531494140625,80.8531494140625,80.8531494140625,80.8531494140625,1149,0.0,0.0
2022-09-21 00:00:00+08:00,79.78279569959106,79.78279569959106,79.61812591552734,79.61812591552734,11499,0.0,0.0
2022-09-22 00:00:00+08:00,78.79476984899308,79.28877920166757,78.79476984899308,80.44147491455078,6899,0.0,0.0
2022-09-23 00:00:00+08:00,79.28878021240234,79.28878021240234,78.79477085343046,79.28878021240234,14948,0.0,0.0
2022-09-26 00:00:00+08:00,77.64208114413654,77.64208114413654,76.57172393798828,76.57172393798828,14948,0.0,0.0
2022-09-27 00:00:00+08:00,76.8187222797796,80.27680206298828,76.65405250184672,80.27680206298828,9199,0.0,0.0
2022-09-28 00:00:00+08:00,77.14806456952245,77.14806456952245,76.57172393798828,76.57172393798828,4599,0.0,0.0
2022-09-29 00:00:00+08:00,76.73638975687007,76.90105953213,76.73638975687007,76.98339080810547,2299,0.0,0.0
2022-09-30 00:00:00+08:00,75.74836475449014,76.40705108642578,75.74836475449014,76.40705108642578,8049,0.0,0.0
2022-10-03 00:00:00+08:00,76.5717240173175,77.39507293701172,76.5717240173175,77.39507293701172,2299,0.0,0.0
2022-10-04 00:00:00+08:00,79.4534478285439,79.4534478285439,76.6540543141894,77.14806365966797,3449,0.0,0.0
2022-10-05 00:00:00+08:00,77.39507293701172,77.39507293701172,77.39507293701172,77.39507293701172,4599,0.0,0.0
2022-10-06 00:00:00+08:00,77.39506974936562,77.39506974936562,76.40705108642578,76.40705108642578,6899,0.0,0.0
2022-10-07 00:00:00+08:00,76.73639064073906,76.73639064073906,76.40705108642578,76.40705108642578,4599,0.0,0.0
2022-10-11 00:00:00+08:00,76.4070535765659,76.4070535765659,74.92501831054688,74.92501831054688,12648,0.0,0.0
2022-10-12 00:00:00+08:00,75.74836471541072,75.74836471541072,75.0073471069336,75.0073471069336,5749,0.0,0.0
2022-10-13 00:00:00+08:00,75.33668793751625,75.33668793751625,71.63160705566406,71.63160705566406,19548,0.0,0.0
2022-10-14 00:00:00+08:00,74.10165913262205,74.9250152347477,74.10165913262205,74.76034545898438,6899,0.0,0.0
2022-10-17 00:00:00+08:00,74.59567824972481,74.59567824972481,73.85466062164022,74.1016616821289,5749,0.0,0.0
2022-10-18 00:00:00+08:00,74.18400018449798,74.18400018449798,74.1016616821289,74.1016616821289,4599,0.0,0.0
2022-10-19 00:00:00+08:00,73.36064910888672,73.36064910888672,73.36064910888672,73.36064910888672,3449,0.0,0.0
2022-10-20 00:00:00+08:00,73.36064910888672,73.36064910888672,73.36064910888672,73.36064910888672,0,0.0,0.0
2022-10-21 00:00:00+08:00,73.27831268310547,73.27831268310547,73.27831268310547,73.27831268310547,1149,0.0,0.0
2022-10-24 00:00:00+08:00,73.19597625732422,73.19597625732422,73.19597625732422,73.19597625732422,1149,0.0,0.0
2022-10-25 00:00:00+08:00,75.25435638427734,75.25435638427734,75.25435638427734,75.25435638427734,1149,0.0,0.0
2022-10-26 00:00:00+08:00,75.25435638427734,75.25435638427734,75.25435638427734,75.25435638427734,0,0.0,0.0
2022-10-27 00:00:00+08:00,74.92501831054688,74.92501831054688,74.92501831054688,74.92501831054688,1149,0.0,0.0
2022-10-28 00:00:00+08:00,74.92501831054688,74.92501831054688,74.92501831054688,74.92501831054688,0,0.0,0.0
2022-10-31 00:00:00+08:00,74.9250152347477,75.3366860625015,74.76034545898438,74.76034545898438,8049,0.0,0.0
2022-11-01 00:00:00+08:00,74.76034545898438,74.76034545898438,74.76034545898438,74.76034545898438,2299,0.0,0.0
2022-11-02 00:00:00+08:00,74.5956802368164,74.67801151806937,74.18400216062324,74.5956802368164,10349,0.0,0.0
2022-11-03 00:00:00+08:00,74.5956802368164,74.5956802368164,74.5956802368164,74.5956802368164,0,0.0,0.0
2022-11-04 00:00:00+08:00,77.97142079245235,77.97142079245235,77.39507293701172,77.39507293701172,2299,0.0,0.0
2022-11-07 00:00:00+08:00,77.3950719440619,77.3950719440619,77.14806365966797,77.14806365966797,2299,0.0,0.0
2022-11-08 00:00:00+08:00,76.16004943847656,76.16004943847656,76.16004943847656,76.16004943847656,1149,0.0,0.0
2022-11-09 00:00:00+08:00,76.24237254841555,76.24237254841555,74.92501435772898,75.33668518066406,8049,0.0,0.0
2022-11-10 00:00:00+08:00,76.98339429155854,76.98339429155854,75.74836730957031,75.74836730957031,2299,0.0,0.0
2022-11-11 00:00:00+08:00,75.74836730957031,75.74836730957031,75.74836730957031,75.74836730957031,8049,0.0,0.0
2022-11-14 00:00:00+08:00,76.9833895283787,76.9833895283787,75.08968353271484,75.08968353271484,2299,0.0,0.0
2022-11-15 00:00:00+08:00,75.17201788299273,75.33668766225277,75.17201788299273,75.25435638427734,10349,0.0,0.0
2022-11-16 00:00:00+08:00,75.33668766225277,75.33668766225277,75.25435638427734,75.25435638427734,10349,0.0,0.0
2022-11-17 00:00:00+08:00,75.74836985346626,76.8187270886897,75.74836985346626,76.48938751220703,13798,0.0,0.0
2022-11-18 00:00:00+08:00,76.48938751220703,76.48938751220703,76.16004793572436,76.48938751220703,12648,0.0,0.0
2022-11-21 00:00:00+08:00,76.57172699919931,76.73639678955078,76.57172699919931,76.73639678955078,4599,0.0,0.0
2022-11-22 00:00:00+08:00,76.73639678955078,76.73639678955078,76.73639678955078,76.73639678955078,2299,0.0,0.0
2022-11-23 00:00:00+08:00,75.74836730957031,75.74836730957031,75.74836730957031,75.74836730957031,2299,0.0,0.0
2022-11-24 00:00:00+08:00,75.41902774414802,75.74836730957031,75.41902774414802,75.74836730957031,10349,0.0,0.0
2022-11-25 00:00:00+08:00,75.41902367923645,75.41902367923645,75.33668518066406,75.33668518066406,4599,0.0,0.0
2022-11-28 00:00:00+08:00,75.58369345307226,75.58369345307226,75.33668518066406,75.33668518066406,3449,0.0,0.0
2022-11-29 00:00:00+08:00,76.4893865256943,76.4893865256943,76.24237823486328,76.24237823486328,4599,0.0,0.0
2022-11-30 00:00:00+08:00,76.24237566613142,76.9833932903489,76.24237566613142,76.90106201171875,10349,0.0,0.0
2022-12-01 00:00:00+08:00,76.81872500198595,76.81872500198595,76.57172393798828,76.57172393798828,14948,0.0,0.0
2022-12-02 00:00:00+08:00,76.5717240173175,77.97142079245235,76.5717240173175,77.39507293701172,11499,0.0,0.0
2022-12-05 00:00:00+08:00,77.97141987943863,79.3711166381836,77.97141987943863,79.3711166381836,33347,0.0,0.0
2022-12-06 00:00:00+08:00,79.04177914457115,79.28878021240234,79.04177914457115,79.28878021240234,26447,0.0,0.0
2022-12-07 00:00:00+08:00,78.21841773420945,78.21841773420945,76.98339080810547,76.98339080810547,21848,0.0,0.0
2022-12-08 00:00:00+08:00,76.98339033763766,77.55973815917969,76.98339033763766,77.55973815917969,18398,0.0,0.0
2022-12-09 00:00:00+08:00,81.10014958542858,82.33517651075907,79.20644355947091,81.42948913574219,62094,0.0,0.0
2022-12-12 00:00:00+08:00,81.34715934089867,81.34715934089867,79.78279283677232,81.10015106201172,25297,0.0,0.0
2022-12-13 00:00:00+08:00,82.00584261691117,84.80524343428725,82.00584261691117,82.3351821899414,117289,0.0,0.0
2022-12-14 00:00:00+08:00,83.98188668519462,84.39356476022928,82.08818054199219,82.08818054199219,54045,0.0,0.0
2022-12-15 00:00:00+08:00,82.33518467764509,82.33518467764509,82.08818360206418,82.25285339355469,12648,0.0,0.0
2022-12-16 00:00:00+08:00,82.33518369526244,82.33518369526244,81.92351283310288,82.00584411621094,14948,0.0,0.0
2022-12-19 00:00:00+08:00,83.1585348511437,83.98188374911861,83.1585348511437,83.57020568847656,19548,0.0,0.0
2022-12-20 00:00:00+08:00,83.15853524392472,83.15853524392472,81.51183021688784,82.1705093383789,22998,0.0,0.0
2022-12-21 00:00:00+08:00,82.17051542016246,82.33518521272313,81.67650604248047,81.67650604248047,8049,0.0,0.0
2022-12-22 00:00:00+08:00,81.67650350799238,83.15853881835938,81.67650350799238,83.15853881835938,13798,0.0,0.0
2022-12-23 00:00:00+08:00,83.15853834582651,83.57020920045959,82.3351821899414,82.3351821899414,22998,0.0,0.0
2022-12-26 00:00:00+08:00,83.15854239041043,83.15854239041043,81.92351531982422,81.92351531982422,31047,0.0,0.0
2022-12-27 00:00:00+08:00,81.51182556152344,81.51182556152344,80.27679866760887,81.51182556152344,40246,0.0,0.0
2022-12-28 00:00:00+08:00,80.68848170934713,80.93548276945876,80.68848170934713,80.77081298828125,5749,0.0,0.0
2022-12-29 00:00:00+08:00,80.52381134033203,80.52381134033203,80.52381134033203,80.52381134033203,1149,0.0,0.0
2022-12-30 00:00:00+08:00,80.68848112030742,80.68848112030742,80.52381134033203,80.52381134033203,13798,0.0,0.0
2023-01-03 00:00:00+08:00,80.52381034154216,81.51182900913943,80.27680206298828,80.27680206298828,18398,0.0,0.0
2023-01-04 00:00:00+08:00,80.52381453827505,82.3351821899414,80.52381453827505,82.3351821899414,40246,0.0,0.0
2023-01-05 00:00:00+08:00,81.51183474763367,82.00584411621094,81.51183474763367,82.00584411621094,6899,0.0,0.0
2023-01-06 00:00:00+08:00,82.00584660543139,82.00584660543139,81.92351531982422,81.92351531982422,2299,0.0,0.0
2023-01-09 00:00:00+08:00,81.92350258318028,81.92350258318028,81.10014651525672,81.26481628417969,34497,0.0,0.0
2023-01-10 00:00:00+08:00,80.68848419189453,80.77081547336175,80.68848419189453,80.68848419189453,10349,0.0,0.0
2023-01-11 00:00:00+08:00,81.92351120037858,81.92351120037858,80.68848419189453,80.68848419189453,6899,0.0,0.0
2023-01-12 00:00:00+08:00,80.68848011947503,80.68848011947503,80.27680206298828,80.27680206298828,10349,0.0,0.0
2023-01-13 00:00:00+08:00,80.27680106111568,81.92350604320234,79.86512300976676,80.02979278564453,36796,0.0,0.0
2023-01-16 00:00:00+08:00,79.86512697996822,79.86512697996822,79.61812591552734,79.61812591552734,3449,0.0,0.0
2023-01-17 00:00:00+08:00,79.6181216090174,81.42948913574219,79.6181216090174,81.42948913574219,3449,0.0,0.0
2023-01-30 00:00:00+08:00,82.25284314253395,82.25284314253395,81.1824860195874,81.51182556152344,14948,0.0,0.0
2023-01-31 00:00:00+08:00,81.51182556152344,81.51182556152344,81.51182556152344,81.51182556152344,6899,0.0,0.0
2023-02-01 00:00:00+08:00,82.33518061474265,82.74685868480917,81.84117126464844,81.84117126464844,21848,0.0,0.0
2023-02-02 00:00:00+08:00,81.84117681090721,82.33518619447972,81.67650701638304,81.92351531982422,14948,0.0,0.0
2023-02-03 00:00:00+08:00,81.92350789252671,83.57020568847656,81.92350789252671,83.57020568847656,40246,0.0,0.0
2023-02-06 00:00:00+08:00,83.57020920045959,83.57020920045959,81.92351133530835,82.3351821899414,18398,0.0,0.0
2023-02-07 00:00:00+08:00,82.00584261691117,82.3351821899414,81.75884154879323,82.3351821899414,19548,0.0,0.0
2023-02-08 00:00:00+08:00,82.3351752385554,83.98188018798828,82.3351752385554,83.98188018798828,42546,0.0,0.0
2023-02-09 00:00:00+08:00,84.39356170670123,84.39356170670123,81.92350779248366,82.74685668945312,45996,0.0,0.0
2023-02-10 00:00:00+08:00,82.00583279261963,82.25284105445549,81.59416198730469,81.59416198730469,21848,0.0,0.0
2023-02-13 00:00:00+08:00,81.75884252397084,81.92351231245006,81.59417273549161,84.80524444580078,33347,0.0,0.0
2023-02-14 00:00:00+08:00,81.9235097679855,83.15853675487568,81.75883998462075,81.84117126464844,20698,0.0,0.0
2023-02-15 00:00:00+08:00,81.75883382962988,81.75883382962988,81.51182556152344,81.51182556152344,28747,0.0,0.0
2023-02-16 00:00:00+08:00,82.74686125484617,82.74686125484617,81.59417273549161,84.80524444580078,32197,0.0,0.0
2023-02-17 00:00:00+08:00,81.34715785981828,81.51182763497508,81.34715785981828,81.42948913574219,5749,0.0,0.0
2023-02-20 00:00:00+08:00,81.92351133530835,83.15853834582651,81.92351133530835,82.3351821899414,31047,0.0,0.0
2023-02-21 00:00:00+08:00,83.158539337699,84.80524444580078,83.158539337699,84.80524444580078,54045,0.0,0.0
2023-02-22 00:00:00+08:00,84.80524450188362,85.62859344482422,83.57021025250836,85.62859344482422,63244,0.0,0.0
2023-02-23 00:00:00+08:00,85.21691181237888,86.04026794433594,84.39356290373112,86.04026794433594,64394,0.0,0.0
2023-02-24 00:00:00+08:00,86.45193679794278,93.86210569851866,86.45193679794278,92.21540069580078,525505,0.0,0.0
2023-03-01 00:00:00+08:00,90.15702412247549,91.39205105858512,87.27529219711667,89.74534606933594,212731,0.0,0.0
2023-03-02 00:00:00+08:00,89.74535020425348,90.98037719726562,87.68697429033641,90.98037719726562,112690,0.0,0.0
2023-03-03 00:00:00+08:00,92.21539994155519,92.62707799469476,88.5103191332263,89.74534606933594,118439,0.0,0.0
2023-03-06 00:00:00+08:00,91.3920557514051,91.8037338256836,90.15702875187901,91.8037338256836,125339,0.0,0.0
2023-03-07 00:00:00+08:00,91.39205519018421,92.21540411037576,89.74535012649173,90.15702819824219,111540,0.0,0.0
2023-03-08 00:00:00+08:00,89.33367156982422,90.56869855506231,88.09864458458611,89.33367156982422,83942,0.0,0.0
2023-03-09 00:00:00+08:00,88.5103147849035,88.92199281781821,87.2752879094681,87.68696594238281,79343,0.0,0.0
2023-03-10 00:00:00+08:00,88.09863977939021,88.51031782645173,86.04026399070057,86.45193481445312,51745,0.0,0.0
2023-03-13 00:00:00+08:00,86.4519318436387,88.5103147849035,86.4519318436387,87.68696594238281,48295,0.0,0.0
2023-03-14 00:00:00+08:00,87.68696949245287,87.68696949245287,86.86361339328931,87.2752914428711,25297,0.0,0.0
2023-03-15 00:00:00+08:00,88.09863977939021,88.09863977939021,86.45193481445312,86.45193481445312,51745,0.0,0.0
2023-03-16 00:00:00+08:00,86.45193878700518,86.45193878700518,85.62858987835742,86.04026794433594,16098,0.0,0.0
2023-03-17 00:00:00+08:00,86.4519318436387,86.86360987655341,86.04026103403271,87.68696594238281,33347,0.0,0.0
2023-03-20 00:00:00+08:00,86.04026451743475,88.51031836830745,86.04026451743475,87.2752914428711,25297,0.0,0.0
2023-03-21 00:00:00+08:00,87.27529912298088,89.74535319121505,87.27529912298088,88.09864807128906,49445,0.0,0.0
2023-03-22 00:00:00+08:00,89.3336755643211,89.74535365224483,88.92200469970703,88.92200469970703,49445,0.0,0.0
2023-03-23 00:00:00+08:00,88.92199730030919,90.98037312202646,88.51031924664211,90.56869506835938,57495,0.0,0.0
2023-03-24 00:00:00+08:00,90.56869912515845,91.39205526937279,89.74535020425348,90.98037719726562,129938,0.0,0.0
2023-03-27 00:00:00+08:00,92.21540475010063,93.03876089931343,89.74535074908113,92.62708282470703,93142,0.0,0.0
2023-03-28 00:00:00+08:00,93.03876025387669,93.03876025387669,89.74535012649173,90.15702819824219,79343,0.0,0.0
2023-03-29 00:00:00+08:00,90.15703227833818,91.39205932617188,89.33367609757589,91.39205932617188,28747,0.0,0.0
2023-03-30 00:00:00+08:00,90.15702819824219,91.39205519018421,90.15702819824219,90.15702819824219,11499,0.0,0.0
2023-03-31 00:00:00+08:00,90.56869569308292,92.21540069580078,90.56869569308292,92.21540069580078,51745,0.0,0.0
2023-04-06 00:00:00+08:00,92.21540130956424,95.09713327767336,92.21540130956424,93.86210632324219,103491,0.0,0.0
2023-04-07 00:00:00+08:00,93.8621022356546,93.8621022356546,92.62707533500745,93.45042419433594,36796,0.0,0.0
2023-04-10 00:00:00+08:00,92.62708282470703,92.62708282470703,90.56869967498449,92.62708282470703,57495,0.0,0.0
2023-04-11 00:00:00+08:00,92.21540467665267,92.21540467665267,90.98037767712658,91.8037338256836,14948,0.0,0.0
2023-04-12 00:00:00+08:00,91.39205231237867,93.86210621848421,90.56869619480405,93.03875732421875,22998,0.0,0.0
2023-04-13 00:00:00+08:00,92.21540828362444,92.21540828362444,91.39205932617188,91.39205932617188,25297,0.0,0.0
2023-04-14 00:00:00+08:00,91.3920557514051,91.8037338256836,90.15702875187901,91.8037338256836,32197,0.0,0.0
2023-04-17 00:00:00+08:00,92.62708275093117,92.62708275093117,90.56869960284808,91.8037338256836,36796,0.0,0.0
2023-04-18 00:00:00+08:00,91.80373741655302,91.80373741655302,90.15703227833818,91.39205932617188,34497,0.0,0.0
2023-04-19 00:00:00+08:00,90.98038123579074,91.39205932617188,90.5687031454096,91.39205932617188,19548,0.0,0.0
2023-04-20 00:00:00+08:00,90.98037711843374,91.80373326193467,90.15702819824219,90.15702819824219,39096,0.0,0.0
2023-04-21 00:00:00+08:00,90.1570196932536,90.1570196932536,87.68696594238281,87.68696594238281,59794,0.0,0.0
2023-04-24 00:00:00+08:00,88.09864506279924,90.15702819824219,88.09864506279924,90.15702819824219,44846,0.0,0.0
2023-04-25 00:00:00+08:00,88.51032615709796,88.51032615709796,87.27529912298088,88.09864807128906,20698,0.0,0.0
2023-04-26 00:00:00+08:00,86.4519318436387,87.68696594238281,86.4519318436387,87.68696594238281,24147,0.0,0.0
2023-04-27 00:00:00+08:00,87.27529912298088,88.09864807128906,86.86362103717198,88.09864807128906,9199,0.0,0.0
2023-04-28 00:00:00+08:00,87.68697373837965,89.74534963934003,87.68697373837965,89.33367156982422,31047,0.0,0.0
2023-05-02 00:00:00+08:00,88.51032265410193,89.33367156982422,88.09864458458611,89.33367156982422,14948,0.0,0.0
2023-05-03 00:00:00+08:00,88.5103266117833,89.3336755643211,88.5103266117833,88.92200469970703,20698,0.0,0.0
2023-05-04 00:00:00+08:00,88.92200072361774,89.33367156982422,88.09864458458611,89.33367156982422,24147,0.0,0.0
2023-05-05 00:00:00+08:00,89.33366801619637,90.15702412247549,89.33366801619637,89.74534606933594,39096,0.0,0.0
2023-05-08 00:00:00+08:00,90.56869506835938,90.56869506835938,89.3336681306672,90.56869506835938,20698,0.0,0.0
2023-05-09 00:00:00+08:00,90.15702770885584,90.15702770885584,89.33367156982422,89.33367156982422,6899,0.0,0.0
2023-05-10 00:00:00+08:00,88.92199718636587,89.74534606933594,88.5103191332263,89.74534606933594,13798,0.0,0.0
2023-05-11 00:00:00+08:00,89.33367148574817,89.33367148574817,87.27529558672502,88.51032257080078,35646,0.0,0.0
2023-05-12 00:00:00+08:00,88.09864852385957,88.92200469970703,86.86362148339805,88.92200469970703,22998,0.0,0.0
2023-05-15 00:00:00+08:00,88.09864450167241,88.51032257080078,87.27529558672502,88.51032257080078,17248,0.0,0.0
2023-05-16 00:00:00+08:00,88.09864108008674,89.74534606933594,87.27529219711667,89.74534606933594,26447,0.0,0.0
2023-05-17 00:00:00+08:00,88.5103266117833,88.92200469970703,88.5103266117833,88.92200469970703,9199,0.0,0.0
2023-05-18 00:00:00+08:00,88.92200120630018,90.15702819824219,87.27529614260769,90.15702819824219,65544,0.0,0.0
2023-05-19 00:00:00+08:00,90.98037567671771,98.80221557617188,90.98037567671771,98.80221557617188,510556,0.0,0.0
2023-05-22 00:00:00+08:00,96.74383672990145,103.33064945499262,95.50880979540366,100.03724670410156,335771,0.0,0.0
2023-05-23 00:00:00+08:00,104.56567527000968,109.50579017842094,104.56567527000968,108.68243408203125,672692,0.0,0.0
2023-05-24 00:00:00+08:00,107.44741456663947,108.27077071977953,104.56568247726818,107.0357437133789,246078,0.0,0.0
2023-05-25 00:00:00+08:00,108.68243814734366,110.32914317840978,104.97735724492684,109.0941162109375,219631,0.0,0.0
2023-05-26 00:00:00+08:00,109.50579436932,115.26925837138567,108.68243824141962,109.91746520996094,309323,0.0,0.0
2023-05-29 00:00:00+08:00,111.97584521978612,112.79919410168162,107.03573748179501,111.15249633789062,206982,0.0,0.0
2023-05-30 00:00:00+08:00,111.15249930559746,111.56417014588206,107.44741117987138,109.0941162109375,146037,0.0,0.0
2023-05-31 00:00:00+08:00,108.6824387326339,110.7408218383789,105.38903587607486,110.7408218383789,181684,0.0,0.0
2023-06-01 00:00:00+08:00,110.32914177280519,117.73931070654179,109.09411482106728,116.91595458984375,319672,0.0,0.0
2023-06-02 00:00:00+08:00,117.7393216615109,128.44290161132812,116.09261649820749,128.44290161132812,1085507,0.0,0.0
2023-06-05 00:00:00+08:00,126.38450548088093,126.79617631230151,118.56265855756268,123.9144515991211,660043,0.0,0.0
2023-06-06 00:00:00+08:00,122.67942699688231,123.91445396130558,119.38601694288079,120.20936584472656,342670,0.0,0.0
2023-06-07 00:00:00+08:00,120.20936229382148,123.09109420012105,118.5626573154633,120.62104034423828,181684,0.0,0.0
2023-06-08 00:00:00+08:00,118.15099642205102,119.38602345382887,114.85758618843698,116.09261322021484,266777,0.0,0.0
2023-06-09 00:00:00+08:00,114.44590344636578,115.68093042788782,111.97584948332171,113.21087646484375,182834,0.0,0.0
2023-06-12 00:00:00+08:00,113.2108721542839,113.2108721542839,109.50579135079056,111.15249633789062,158686,0.0,0.0
2023-06-13 00:00:00+08:00,111.56417494473594,114.03422898592811,110.74082600544173,112.79920196533203,81643,0.0,0.0
2023-06-14 00:00:00+08:00,112.79919772081465,113.21087578662551,110.32914377256805,110.7408218383789,133388,0.0,0.0
2023-06-15 00:00:00+08:00,110.32914107582296,115.26925607487556,110.32914107582296,114.4458999633789,101191,0.0,0.0
2023-06-16 00:00:00+08:00,115.68092690731477,116.0926049630631,113.62255107519135,114.4458999633789,101191,0.0,0.0
2023-06-19 00:00:00+08:00,114.44590706723,114.44590706723,112.3875311073397,112.79920196533203,60944,0.0,0.0
2023-06-20 00:00:00+08:00,116.91595157457795,123.50276422174241,116.09260270242325,118.15098571777344,531254,0.0,0.0
2023-06-21 00:00:00+08:00,118.15098801849562,118.15098801849562,114.4458999633789,114.4458999633789,159836,0.0,0.0
2023-06-26 00:00:00+08:00,113.62255453312086,113.62255453312086,111.15250057007678,113.21087646484375,87392,0.0,0.0
2023-06-27 00:00:00+08:00,111.56417435291172,111.97585243202974,109.09412032482265,110.32914733886719,113840,0.0,0.0
2023-06-28 00:00:00+08:00,110.32914792413985,112.79920196533203,110.32914792413985,112.79920196533203,58644,0.0,0.0
2023-06-29 00:00:00+08:00,113.62255812793579,113.62255812793579,111.1525040867436,112.79920196533203,56345,0.0,0.0
2023-06-30 00:00:00+08:00,113.62255565982942,116.91595856877659,113.21087758747,116.50428771972656,133388,0.0,0.0
2023-07-03 00:00:00+08:00,116.50428771972656,119.38601977962371,116.09260964736714,116.50428771972656,187433,0.0,0.0
2023-07-04 00:00:00+08:00,118.20779393401067,120.76825753827315,116.07408299941524,119.48802947998047,188583,4.344671,0.0
2023-07-05 00:00:00+08:00,119.48802973818947,121.19499549448365,116.92756612839392,118.20779418945312,177084,0.0,0.0
2023-07-06 00:00:00+08:00,116.92756428559449,117.35430946178101,114.36710820382933,116.07408142089844,198932,0.0,0.0
2023-07-07 00:00:00+08:00,115.64733846288236,116.92756652832031,115.64733846288236,116.92756652832031,94291,0.0,0.0
2023-07-10 00:00:00+08:00,120.34151458740234,124.18219883348627,119.4880316952761,120.34151458740234,369118,0.0,0.0
2023-07-11 00:00:00+08:00,120.7682543822687,122.90196526110442,118.63453601575604,121.19499206542969,118439,0.0,0.0
2023-07-12 00:00:00+08:00,123.32871937219507,133.14381408691406,123.32871937219507,133.14381408691406,990065,0.0,0.0
2023-07-13 00:00:00+08:00,142.53213403341056,146.37281799316406,142.53213403341056,146.37281799316406,353019,0.0,0.0
2023-07-14 00:00:00+08:00,160.882080078125,160.882080078125,160.882080078125,160.882080078125,188583,0.0,0.0
2023-07-17 00:00:00+08:00,176.67156982421875,176.67156982421875,176.67156982421875,176.67156982421875,365668,0.0,0.0
2023-07-18 00:00:00+08:00,189.0471361496504,193.74129574825994,175.8181027981216,182.64598083496094,2859805,0.0,0.0
2023-07-19 00:00:00+08:00,185.2064319742985,200.56918334960938,185.2064319742985,200.56918334960938,597948,0.0,0.0
2023-07-20 00:00:00+08:00,203.9831305304607,208.677304995435,192.461063211823,198.00872802734375,825629,0.0,0.0
2023-07-21 00:00:00+08:00,198.86222078505926,209.1040452141746,193.31455590238565,207.39707946777344,566901,0.0,0.0
2023-07-24 00:00:00+08:00,200.99591762223164,202.70289828791883,191.18083120826822,193.7412872314453,438112,0.0,0.0
2023-07-25 00:00:00+08:00,192.03432907019393,204.40987199254187,192.03432907019393,202.27615356445312,295524,0.0,0.0
2023-07-26 00:00:00+08:00,200.1424496308983,200.1424496308983,187.76690673828125,187.76690673828125,208132,0.0,0.0
2023-07-27 00:00:00+08:00,192.03432224515237,192.46105992546185,187.76690051599647,191.1808319091797,137988,0.0,0.0
2023-07-28 00:00:00+08:00,192.88781146373975,197.15523316817482,191.6075834548739,196.3017578125,148337,0.0,0.0
2023-07-31 00:00:00+08:00,200.1424479807904,200.56918567172292,191.60758933466076,192.8878173828125,134538,0.0,0.0
2023-08-01 00:00:00+08:00,193.31455678587744,193.31455678587744,183.92620769937866,186.48666381835938,75893,0.0,0.0
2023-08-02 00:00:00+08:00,183.49947559968825,186.059931796739,168.1367234420292,169.8437042236328,196633,0.0,0.0
2023-08-04 00:00:00+08:00,167.70997619628906,169.84369456426722,164.2960298025948,167.70997619628906,126489,0.0,0.0
2023-08-07 00:00:00+08:00,171.9774169921875,173.68438274165476,165.5762617371383,171.9774169921875,186284,0.0,0.0
2023-08-08 00:00:00+08:00,154.90768432617188,156.18792735503058,154.90768432617188,154.90768432617188,382917,0.0,0.0
2023-08-09 00:00:00+08:00,143.38563825336885,151.06700691772096,140.82518203191813,150.21353149414062,1261442,0.0,0.0
2023-08-10 00:00:00+08:00,146.3728292492719,152.34723197121713,142.95889767274994,143.38563537597656,689940,0.0,0.0
2023-08-11 00:00:00+08:00,145.09259033203125,149.36002694712064,142.95888699984,145.09259033203125,296674,0.0,0.0
2023-08-14 00:00:00+08:00,144.23911466575882,149.36002661209682,142.53213403341056,146.37281799316406,220781,0.0,0.0
2023-08-15 00:00:00+08:00,149.78677450732715,155.3344394781264,146.79958065983445,147.226318359375,333471,0.0,0.0
2023-08-16 00:00:00+08:00,146.79958120109364,161.73558044433594,145.94609082351124,161.73558044433594,596798,0.0,0.0
2023-08-17 00:00:00+08:00,157.46815414305996,161.73557596199564,156.18792609984385,160.0286102294922,433512,0.0,0.0
2023-08-18 00:00:00+08:00,159.6018609559073,159.6018609559073,146.37282757802788,148.5065460205078,320822,0.0,0.0
2023-08-21 00:00:00+08:00,148.93330338341528,153.2007254273815,147.65307527268993,150.21353149414062,172485,0.0,0.0
2023-08-22 00:00:00+08:00,153.2007206038219,153.2007206038219,148.5065460205078,148.5065460205078,108090,0.0,0.0
2023-08-23 00:00:00+08:00,149.3600376602653,149.3600376602653,140.82517879326028,144.66586303710938,284025,0.0,0.0
2023-08-24 00:00:00+08:00,149.36002661209682,153.6274482422607,143.81236201999505,146.37281799316406,258727,0.0,0.0
2023-08-25 00:00:00+08:00,142.5321449941688,145.51935384281867,142.1054072909422,143.38563537597656,108090,0.0,0.0
2023-08-28 00:00:00+08:00,143.81236369190387,144.2391163426289,137.83796135993555,139.9716796875,134538,0.0,0.0
2023-08-29 00:00:00+08:00,139.9716849381912,142.95889370390987,138.26471919731918,139.11819458007812,64394,0.0,0.0
2023-08-30 00:00:00+08:00,142.95888799671297,144.6658536694396,139.5449416759062,141.2519073486328,101191,0.0,0.0
2023-08-31 00:00:00+08:00,140.82518005371094,141.67867044065693,140.39844234791525,140.82518005371094,49445,0.0,0.0
2023-09-01 00:00:00+08:00,140.82518048927952,144.23912707226808,139.54495239257812,139.54495239257812,121889,0.0,0.0
2023-09-04 00:00:00+08:00,139.9716796875,141.25190768896795,134.42403000625671,139.9716796875,127639,0.0,0.0
2023-09-05 00:00:00+08:00,139.97167935024947,142.53213534701615,139.97167935024947,141.2519073486328,48295,0.0,0.0
2023-09-06 00:00:00+08:00,142.10540172633904,148.50654190085322,140.8251736914362,145.51934814453125,187433,0.0,0.0
2023-09-07 00:00:00+08:00,145.51934929623826,145.51934929623826,141.25191249588505,141.6786651611328,65544,0.0,0.0
2023-09-08 00:00:00+08:00,141.67867001034418,142.95889809919748,140.3984419214909,142.10540771484375,59794,0.0,0.0
2023-09-11 00:00:00+08:00,145.09259702772846,148.50654348227525,140.3984375,140.3984375,162136,0.0,0.0
2023-09-12 00:00:00+08:00,141.67866605359828,141.67866605359828,136.55773886584572,137.8379669189453,124189,0.0,0.0
2023-09-13 00:00:00+08:00,138.26472517515532,138.26472517515532,136.55774438512836,136.9844970703125,40246,0.0,0.0
2023-09-14 00:00:00+08:00,138.69145168603205,145.09259169337182,138.26471401066058,139.9716796875,165585,0.0,0.0
2023-09-15 00:00:00+08:00,140.82518048927952,140.82518048927952,138.26472429587676,139.54495239257812,75893,0.0,0.0
2023-09-18 00:00:00+08:00,139.97169054063963,139.97169054063963,137.4112343391708,138.2647247314453,21848,0.0,0.0
2023-09-19 00:00:00+08:00,139.97168573432864,139.97168573432864,136.1310015640058,136.5577392578125,102341,0.0,0.0
2023-09-20 00:00:00+08:00,138.264719093989,140.82517519106057,135.70426299691744,140.3984375,86242,0.0,0.0
2023-09-21 00:00:00+08:00,140.39843303369253,140.39843303369253,136.98448668774904,137.41122436523438,67844,0.0,0.0
2023-09-22 00:00:00+08:00,137.41122239529446,146.3728183214874,137.41122239529446,145.09259033203125,154086,0.0,0.0
2023-09-25 00:00:00+08:00,145.09259066327732,145.09259066327732,141.25190668614067,143.81236267089844,97741,0.0,0.0
2023-09-26 00:00:00+08:00,144.2391159950963,144.2391159950963,140.82516967428955,141.2519073486328,49445,0.0,0.0
2023-09-27 00:00:00+08:00,142.9588988864852,155.33444213867188,142.53214620428088,155.33444213867188,697990,0.0,0.0
2023-09-28 00:00:00+08:00,163.44255628271586,165.5762596994527,157.04140110644332,161.308837890625,1164850,0.0,0.0
2023-10-02 00:00:00+08:00,161.30883341701247,169.4169391215274,157.89488707941763,158.32162475585938,632445,0.0,0.0
2023-10-03 00:00:00+08:00,158.32163068354362,160.02861140392852,155.33443688590128,156.18792724609375,166735,0.0,0.0
2023-10-04 00:00:00+08:00,155.33443282639087,155.76117050765765,150.21352074977443,151.9204864501953,173635,0.0,0.0
2023-10-05 00:00:00+08:00,153.20072452568476,156.6146711259771,152.77398681640625,152.77398681640625,249528,0.0,0.0
2023-10-06 00:00:00+08:00,155.33444347605138,155.33444347605138,151.49375915527344,151.49375915527344,89692,0.0,0.0
2023-10-11 00:00:00+08:00,155.76117508478094,166.0030145143294,153.20071897123236,153.62745666503906,906122,0.0,0.0
2023-10-12 00:00:00+08:00,157.89489145835046,163.44255628271586,155.33443537798303,161.308837890625,376017,0.0,0.0
2023-10-13 00:00:00+08:00,158.32163068354362,160.45534909634767,154.0542088332897,156.18792724609375,292075,0.0,0.0
2023-10-16 00:00:00+08:00,154.48094212749044,155.76117014365272,152.34722377543537,153.20071411132812,96591,0.0,0.0
2023-10-17 00:00:00+08:00,155.33444393704204,155.33444393704204,150.21353149414062,150.21353149414062,81643,0.0,0.0
2023-10-18 00:00:00+08:00,150.2135241972257,150.2135241972257,140.3984375,140.3984375,233430,0.0,0.0
2023-10-19 00:00:00+08:00,141.67865933383592,146.7995713033515,141.25190668614067,143.81236267089844,121889,0.0,0.0
2023-10-20 00:00:00+08:00,142.10540771484375,143.38563580369706,140.82517962599047,142.10540771484375,64394,0.0,0.0
2023-10-23 00:00:00+08:00,142.532139782202,145.51934852161875,142.532139782202,144.23912048339844,41396,0.0,0.0
2023-10-24 00:00:00+08:00,143.38562903739904,149.36003149523683,143.38562903739904,148.07980346679688,64394,0.0,0.0
2023-10-25 00:00:00+08:00,148.07980832215358,150.64026446298774,148.07980832215358,148.5065460205078,50595,0.0,0.0
2023-10-26 00:00:00+08:00,145.94609028539892,148.50654643335108,143.81237183698732,147.226318359375,50595,0.0,0.0
2023-10-27 00:00:00+08:00,148.93329552983454,161.73557596199564,148.50654286519313,160.0286102294922,665793,0.0,0.0
2023-10-30 00:00:00+08:00,161.3088364210738,173.2576413375021,159.1751180484215,166.42974853515625,1452325,0.0,0.0
2023-10-31 00:00:00+08:00,165.5762567726518,174.11111521479512,160.45534470243652,171.5506591796875,875075,0.0,0.0
2023-11-01 00:00:00+08:00,172.83088867775928,175.3913447348005,164.29603016250394,166.42974853515625,702589,0.0,0.0
2023-11-02 00:00:00+08:00,168.56346690780856,172.83088867775928,164.72278282224673,166.42974853515625,426613,0.0,0.0
2023-11-03 00:00:00+08:00,166.85648621954516,174.1111167062799,163.01580213398333,166.42974853515625,525505,0.0,0.0
2023-11-06 00:00:00+08:00,166.42974745785367,171.55065953878835,165.57625711924663,170.2704315185547,344970,0.0,0.0
2023-11-07 00:00:00+08:00,171.12392714105434,175.39134901514964,167.2832429617623,169.4169464111328,458810,0.0,0.0
2023-11-08 00:00:00+08:00,168.13671875,170.69717487559853,166.00301529557072,168.13671875,209282,0.0,0.0
2023-11-09 00:00:00+08:00,172.83088984935023,184.7796948467774,160.45534716464138,162.5890655517578,2525183,0.0,0.0
2023-11-10 00:00:00+08:00,163.86930156561854,166.42975776465192,153.62746179413037,154.05421447753906,795731,0.0,0.0
2023-11-13 00:00:00+08:00,155.33444302278684,157.4681615198889,151.49375871321595,152.77398681640625,165585,0.0,0.0
2023-11-14 00:00:00+08:00,154.90767910159173,157.04139744391995,153.62745109126553,155.76116943359375,141437,0.0,0.0
2023-11-15 00:00:00+08:00,158.32162441506904,162.16230842083849,157.0413964131459,159.6018524169922,323122,0.0,0.0
2023-11-16 00:00:00+08:00,163.86928833277358,166.00300665145,161.30883234050327,163.4425506591797,602548,0.0,0.0
2023-11-17 00:00:00+08:00,162.162308769896,162.162308769896,157.89488707941763,158.32162475585938,298974,0.0,0.0
2023-11-20 00:00:00+08:00,158.32162441506904,162.58906107171526,158.32162441506904,159.6018524169922,119589,0.0,0.0
2023-11-21 00:00:00+08:00,160.8820793643645,166.85648165929604,160.8820793643645,164.7227783203125,610597,0.0,0.0
2023-11-22 00:00:00+08:00,167.28324416998475,168.56347223899536,163.86929766083836,165.57626342773438,519755,0.0,0.0
2023-11-23 00:00:00+08:00,165.57625333422033,167.70997164428485,163.8692876713808,166.0030059814453,300124,0.0,0.0
2023-11-24 00:00:00+08:00,167.2832489013672,169.84370511180748,165.57626811083713,167.2832489013672,401315,0.0,0.0
2023-11-27 00:00:00+08:00,168.1367191547483,169.41694722062942,164.72278762930154,166.8564910888672,401315,0.0,0.0
2023-11-28 00:00:00+08:00,168.56346805047139,168.56346805047139,162.5890655517578,162.5890655517578,290925,0.0,0.0
2023-11-29 00:00:00+08:00,162.16231178985163,167.28323887928795,162.16231178985163,166.42974853515625,185134,0.0,0.0
2023-11-30 00:00:00+08:00,164.72277905111244,166.42974472494296,159.17511440429448,160.882080078125,463410,0.0,0.0
2023-12-01 00:00:00+08:00,161.3088435895438,164.7227901424305,159.1751251220703,159.1751251220703,311623,0.0,0.0
2023-12-04 00:00:00+08:00,160.02861593414454,164.296037905204,157.8948974609375,157.8948974609375,525505,0.0,0.0
2023-12-05 00:00:00+08:00,158.74837883160058,158.74837883160058,153.20071411132812,153.20071411132812,353019,0.0,0.0
2023-12-06 00:00:00+08:00,153.62745666503906,154.90768472181335,151.9204909144581,153.62745666503906,148337,0.0,0.0
2023-12-07 00:00:00+08:00,153.62745666503906,155.33443739097424,153.62745666503906,153.62745666503906,78193,0.0,0.0
2023-12-08 00:00:00+08:00,154.48094248850353,154.90768016977032,150.6402584310412,151.9204864501953,235729,0.0,0.0
2023-12-11 00:00:00+08:00,143.38563013280023,146.37282389686297,139.11819335516313,144.23912048339844,604848,0.0,0.0
2023-12-12 00:00:00+08:00,143.81236782042234,147.2263142474612,143.38563013280023,144.23912048339844,141437,0.0,0.0
2023-12-13 00:00:00+08:00,143.38562499855664,145.5193433109726,143.38562499855664,143.81236267089844,50595,0.0,0.0
2023-12-14 00:00:00+08:00,145.9460915460453,146.3728292492719,143.38563537597656,143.38563537597656,55195,0.0,0.0
2023-12-15 00:00:00+08:00,143.81236267089844,144.66585299093552,143.38562499855664,143.81236267089844,34497,0.0,0.0
2023-12-18 00:00:00+08:00,143.38563051101335,145.51934890546008,142.10540246941613,142.95889282226562,54045,0.0,0.0
2023-12-19 00:00:00+08:00,142.1054028510265,142.1054028510265,141.25191249588505,141.6786651611328,36796,0.0,0.0
2023-12-20 00:00:00+08:00,141.67867001034418,142.53214541934332,140.82517962599047,142.10540771484375,42546,0.0,0.0
2023-12-21 00:00:00+08:00,140.3984419214909,142.53214541934332,140.3984419214909,142.10540771484375,18398,0.0,0.0
2023-12-22 00:00:00+08:00,142.10539700617775,144.66585299093552,142.10539700617775,143.81236267089844,35646,0.0,0.0
2023-12-25 00:00:00+08:00,144.23912125120313,144.23912125120313,141.6786651611328,141.6786651611328,26447,0.0,0.0
2023-12-26 00:00:00+08:00,141.6786647806684,142.95889282226562,141.6786647806684,142.95889282226562,25297,0.0,0.0
2023-12-27 00:00:00+08:00,142.53214015816386,143.8123681997611,142.53214015816386,142.95889282226562,22998,0.0,0.0
2023-12-28 00:00:00+08:00,143.38562499855664,143.81236267089844,142.53213467851955,143.81236267089844,35646,0.0,0.0
2023-12-29 00:00:00+08:00,144.6658574278074,148.93329418352073,144.6658574278074,146.79957580566406,93142,0.0,0.0
2024-01-02 00:00:00+08:00,146.79958107509202,147.65307145194183,144.6658626206447,145.9460906982422,78193,0.0,0.0
2024-01-03 00:00:00+08:00,146.37282351756383,146.37282351756383,145.51934814453125,145.51934814453125,24147,0.0,0.0
2024-01-04 00:00:00+08:00,145.9460809833144,145.9460809833144,143.81236267089844,143.81236267089844,27597,0.0,0.0
2024-01-05 00:00:00+08:00,144.66585332714038,144.66585332714038,142.53213500976562,142.53213500976562,33347,0.0,0.0
2024-01-08 00:00:00+08:00,143.81236267089844,143.81236267089844,143.38562499855664,143.81236267089844,12648,0.0,0.0
2024-01-09 00:00:00+08:00,146.37281899582808,146.37281899582808,142.53213500976562,142.53213500976562,55195,0.0,0.0
2024-01-10 00:00:00+08:00,142.95889244517812,144.23912048339844,142.95889244517812,144.23912048339844,35646,0.0,0.0
2024-01-11 00:00:00+08:00,145.09259585864265,145.09259585864265,143.81236782042234,144.23912048339844,19548,0.0,0.0
2024-01-12 00:00:00+08:00,142.5321405409202,144.66585894109681,141.6786651611328,141.6786651611328,39096,0.0,0.0
2024-01-15 00:00:00+08:00,144.2391257577843,144.66586346101093,142.5321449941688,143.38563537597656,58644,0.0,0.0
2024-01-16 00:00:00+08:00,142.53214541934332,142.53214541934332,142.10540771484375,142.10540771484375,10349,0.0,0.0
2024-01-17 00:00:00+08:00,140.8251765091628,142.1054045696813,133.99728353616118,135.2775115966797,151787,0.0,0.0
2024-01-18 00:00:00+08:00,135.27751282984786,135.27751282984786,128.8763724689035,131.43682861328125,125339,0.0,0.0
2024-01-19 00:00:00+08:00,134.85077901137555,137.83797294065775,132.29032279331798,135.7042694091797,91992,0.0,0.0
2024-01-22 00:00:00+08:00,135.7042634806821,141.67866605359828,135.7042634806821,137.8379669189453,72443,0.0,0.0
2024-01-23 00:00:00+08:00,137.41122471517144,137.8379623937435,136.13099670410156,136.13099670410156,52895,0.0,0.0
2024-01-24 00:00:00+08:00,136.13099635742478,138.69145237304397,133.9972780192909,137.41122436523438,26447,0.0,0.0
2024-01-25 00:00:00+08:00,137.8379669189453,138.2647195868813,136.55773886584572,137.8379669189453,31047,0.0,0.0
2024-01-26 00:00:00+08:00,138.26471998374768,138.26471998374768,135.70426387019913,136.5577392578125,44846,0.0,0.0
2024-01-29 00:00:00+08:00,136.5577392578125,136.5577392578125,135.70426387019913,136.5577392578125,19548,0.0,0.0
2024-01-30 00:00:00+08:00,136.55774528663437,136.55774528663437,134.42404174804688,134.42404174804688,26447,0.0,0.0
2024-01-31 00:00:00+08:00,135.7042694091797,136.13100712040432,134.85077901137555,135.7042694091797,25297,0.0,0.0
2024-02-01 00:00:00+08:00,136.55773473704028,136.55773473704028,134.85076904296875,134.85076904296875,12648,0.0,0.0
2024-02-02 00:00:00+08:00,136.5577396571982,136.5577396571982,133.99728353616118,135.2775115966797,33347,0.0,0.0
2024-02-05 00:00:00+08:00,134.42403620657018,135.2775115966797,133.99728353616118,135.2775115966797,16098,0.0,0.0
2024-02-15 00:00:00+08:00,133.570542483447,133.570542483447,127.1694023417645,129.7298583984375,198932,0.0,0.0
2024-02-16 00:00:00+08:00,129.72986284214755,131.86356631222608,128.02288209565944,131.43682861328125,159836,0.0,0.0
2024-02-19 00:00:00+08:00,133.57054791077078,133.57054791077078,128.0228829123271,128.87637329101562,189733,0.0,0.0
2024-02-20 00:00:00+08:00,129.72986366970414,131.0100917500597,128.0228829123271,128.87637329101562,141437,0.0,0.0
2024-02-21 00:00:00+08:00,130.58333865244097,133.57054748055205,129.7298632518559,130.15660095214844,167885,0.0,0.0
2024-02-22 00:00:00+08:00,131.8635621723923,131.8635621723923,127.59614039085582,128.4496307373047,287475,0.0,0.0
2024-02-23 00:00:00+08:00,128.87637329101562,132.29031983041526,128.44963558934862,128.87637329101562,269076,0.0,0.0
2024-02-26 00:00:00+08:00,129.30311057620892,131.01009132808795,129.30311057620892,130.15660095214844,179384,0.0,0.0
2024-02-27 00:00:00+08:00,131.43682988356818,132.2903202650609,127.59614562988281,127.59614562988281,346120,0.0,0.0
2024-02-29 00:00:00+08:00,131.86355902796723,139.9716796875,131.86355902796723,139.9716796875,1005014,0.0,0.0
2024-03-01 00:00:00+08:00,142.53214093065688,143.81236897919268,138.264719093989,140.3984375,753185,0.0,0.0
2024-03-04 00:00:00+08:00,140.39843636873746,145.94608620924086,139.54494601813926,144.23912048339844,454211,0.0,0.0
2024-03-05 00:00:00+08:00,143.81236672176107,154.48094360899668,143.81236672176107,148.07980346679688,764684,0.0,0.0
2024-03-06 00:00:00+08:00,148.07981343149615,151.06700737375462,146.7995853169061,148.9333038330078,290925,0.0,0.0
2024-03-07 00:00:00+08:00,150.21352338310123,152.77397946629569,142.53214015816386,142.95889282226562,447311,0.0,0.0
2024-03-08 00:00:00+08:00,144.23911565380683,145.09259100047393,140.39843166774438,142.53213500976562,249528,0.0,0.0
2024-03-11 00:00:00+08:00,140.82517405635957,144.66585817102055,140.39843636873746,144.23912048339844,166735,0.0,0.0
2024-03-12 00:00:00+08:00,145.51934297875223,148.0797989576645,145.09259033203125,145.09259033203125,157536,0.0,0.0
2024-03-13 00:00:00+08:00,145.51934929623826,145.51934929623826,140.82517480599134,141.6786651611328,143737,0.0,0.0
2024-03-14 00:00:00+08:00,142.10540246941613,145.0925962413583,141.25191211656664,142.95889282226562,116140,0.0,0.0
2024-03-15 00:00:00+08:00,143.38563580369706,143.81237350819663,141.67867001034418,142.10540771484375,93142,0.0,0.0
2024-03-18 00:00:00+08:00,144.2391261880508,144.2391261880508,140.3984419214909,142.10540771484375,93142,0.0,0.0
2024-03-19 00:00:00+08:00,142.10539700617775,144.66585299093552,142.10539700617775,143.81236267089844,116140,0.0,0.0
2024-03-20 00:00:00+08:00,145.09258996529215,149.36002656959508,145.09258996529215,147.65306091308594,401315,0.0,0.0
2024-03-21 00:00:00+08:00,148.5065468534372,148.5065468534372,145.5193529974945,145.9460906982422,135688,0.0,0.0
2024-03-22 00:00:00+08:00,147.65307062379935,149.36003639257066,144.23912411090234,148.5065460205078,146037,0.0,0.0
2024-03-25 00:00:00+08:00,148.5065460205078,148.5065460205078,148.5065460205078,148.5065460205078,0,0.0,0.0
2024-03-26 00:00:00+08:00,155.3344357459151,167.2832407995015,155.3344357459151,160.0286102294922,1774298,0.0,0.0
2024-03-27 00:00:00+08:00,160.02861140392852,161.30883945654014,151.92049042048566,156.18792724609375,729037,0.0,0.0
2024-03-28 00:00:00+08:00,156.61465976559577,160.0286061182502,154.90767910159173,155.76116943359375,254128,0.0,0.0
2024-03-29 00:00:00+08:00,156.18793387245364,156.18793387245364,150.64026875887117,151.49375915527344,174785,0.0,0.0
2024-04-01 00:00:00+08:00,153.2007201852092,153.2007201852092,149.36003598445242,149.78677368164062,167885,0.0,0.0
2024-04-02 00:00:00+08:00,149.78676917959885,150.6402595236768,148.07980346679688,148.07980346679688,100041,0.0,0.0
2024-04-03 00:00:00+08:00,148.0798063659325,156.61466504774737,148.0798063659325,154.90768432617188,365668,0.0,0.0
2024-04-08 00:00:00+08:00,155.76117508478094,157.8948935045228,153.62745666503906,153.62745666503906,182834,0.0,0.0
2024-04-09 00:00:00+08:00,153.62745251573705,154.05420517337186,149.36003076686572,150.6402587890625,196633,0.0,0.0
2024-04-10 00:00:00+08:00,150.6402636467315,153.62745746973357,150.2135259506896,151.06700134277344,103491,0.0,0.0
2024-04-11 00:00:00+08:00,151.06699720803883,151.06699720803883,147.65306578243485,148.07980346679688,126489,0.0,0.0
2024-04-12 00:00:00+08:00,147.65306095510195,148.07979862551232,145.9460803227537,146.37281799316406,96591,0.0,0.0
2024-04-15 00:00:00+08:00,145.9460809833144,146.7995713033515,142.10539700617775,143.81236267089844,218481,0.0,0.0
2024-04-16 00:00:00+08:00,142.1054028510265,143.81236858595534,139.9716844508499,141.6786651611328,173635,0.0,0.0
2024-04-17 00:00:00+08:00,144.23912086386287,144.23912086386287,142.53214015816386,142.95889282226562,31047,0.0,0.0
2024-04-18 00:00:00+08:00,142.5321405409202,143.81236858595534,140.82517480599134,141.6786651611328,43696,0.0,0.0
2024-04-19 00:00:00+08:00,142.5321414387619,142.95889410669787,136.55773886584572,137.8379669189453,164435,0.0,0.0
2024-04-22 00:00:00+08:00,136.98448668774904,139.11819005052928,136.55773403491008,137.41122436523438,57495,0.0,0.0
2024-04-23 00:00:00+08:00,139.11819458007812,140.3984376049248,138.69145688869864,139.11819458007812,44846,0.0,0.0
2024-04-24 00:00:00+08:00,140.39844234791525,141.25191775950663,139.97168966676495,140.82518005371094,50595,0.0,0.0
2024-04-25 00:00:00+08:00,140.8251700135965,140.8251700135965,139.1181893614035,139.9716796875,37946,0.0,0.0
2024-04-26 00:00:00+08:00,139.9716796875,139.9716796875,139.1181893614035,139.9716796875,41396,0.0,0.0
2024-04-29 00:00:00+08:00,140.39843673907117,143.8123681997611,140.39843673907117,142.95889282226562,48295,0.0,0.0
2024-04-30 00:00:00+08:00,142.53213534701615,142.53213534701615,139.97167935024947,141.2519073486328,35646,0.0,0.0
2024-05-02 00:00:00+08:00,140.82517480599134,142.1054028510265,139.11819409570842,141.6786651611328,35646,0.0,0.0
2024-05-03 00:00:00+08:00,141.25191775950663,141.25191775950663,140.39844234791525,140.82518005371094,19548,0.0,0.0
2024-05-06 00:00:00+08:00,140.82517519106057,142.10540323959634,139.97168483358533,140.3984375,33347,0.0,0.0
2024-05-07 00:00:00+08:00,141.67867044065693,141.67867044065693,139.97168966676495,140.82518005371094,35646,0.0,0.0
2024-05-08 00:00:00+08:00,139.9716840749694,143.38563051101335,139.9716840749694,142.95889282226562,50595,0.0,0.0
2024-05-09 00:00:00+08:00,143.81236334539952,143.81236334539952,140.82516967428955,141.2519073486328,40246,0.0,0.0
2024-05-10 00:00:00+08:00,141.67867087886532,141.67867087886532,138.26472429587676,139.54495239257812,101191,0.0,0.0
2024-05-13 00:00:00+08:00,139.54494804052197,139.54494804052197,135.70426387019913,136.5577392578125,144887,0.0,0.0
2024-05-14 00:00:00+08:00,136.13099568309613,140.39843233822504,136.13099568309613,139.9716796875,48295,0.0,0.0
2024-05-15 00:00:00+08:00,140.3984375,142.10540323959634,139.97168483358533,140.3984375,83942,0.0,0.0
2024-05-16 00:00:00+08:00,142.53213435311898,147.65306128629695,141.67865901038385,145.09259033203125,154086,0.0,0.0
2024-05-17 00:00:00+08:00,145.51934852161875,146.37282389686297,143.81236782042234,144.23912048339844,90842,0.0,0.0
2024-05-20 00:00:00+08:00,144.66586346101093,145.09260116423752,142.95889767274994,143.38563537597656,52895,0.0,0.0
2024-05-21 00:00:00+08:00,145.0925999109634,148.07980873381052,144.66586221142285,147.226318359375,226530,0.0,0.0
2024-05-22 00:00:00+08:00,148.07980832215358,149.7867740909249,146.7995802517365,148.5065460205078,197783,0.0,0.0
2024-05-23 00:00:00+08:00,148.5065468534372,149.36003723028702,145.09260032139238,145.9460906982422,93142,0.0,0.0
2024-05-24 00:00:00+08:00,145.09259511323717,147.6530661518775,145.09259511323717,146.79957580566406,66694,0.0,0.0
2024-05-27 00:00:00+08:00,148.50655069627027,152.77398771559135,148.50655069627027,150.21353149414062,248378,0.0,0.0
2024-05-28 00:00:00+08:00,151.4937491289783,152.34722449354027,150.2135211067815,150.6402587890625,142587,0.0,0.0
2024-05-29 00:00:00+08:00,151.9204864501953,156.1879231642782,151.49374876892853,151.9204864501953,232280,0.0,0.0
2024-05-30 00:00:00+08:00,152.77398290546768,152.77398290546768,148.5065460205078,148.5065460205078,100041,0.0,0.0
2024-05-31 00:00:00+08:00,150.21353061002569,152.77398681640625,149.3600402161139,152.77398681640625,103491,0.0,0.0
2024-06-03 00:00:00+08:00,167.70997237450993,167.70997237450993,158.32162374963104,162.1623077392578,1904237,0.0,0.0
2024-06-04 00:00:00+08:00,161.73558336907774,178.37856366844778,161.73558336907774,168.5634765625,3118533,0.0,0.0
2024-06-05 00:00:00+08:00,167.28323504953502,173.25763737097225,160.0286047288865,160.882080078125,1086657,0.0,0.0
2024-06-06 00:00:00+08:00,164.72278970686605,172.4041581990339,160.45535278320312,160.45535278320312,969367,0.0,0.0
2024-06-07 00:00:00+08:00,160.0286047288865,162.1623080773363,156.61465840587186,160.882080078125,390966,0.0,0.0
2024-06-11 00:00:00+08:00,160.8820834089005,168.9902042220052,157.04139933175213,167.70997619628906,971666,0.0,0.0
2024-06-12 00:00:00+08:00,168.56347700658733,168.56347700658733,163.8693022956619,167.2832489013672,392116,0.0,0.0
2024-06-13 00:00:00+08:00,168.13671956575558,168.13671956575558,162.16231691858798,165.57626342773438,350719,0.0,0.0
2024-06-14 00:00:00+08:00,164.72278635008178,173.68438274165476,164.72278635008178,171.9774169921875,741686,0.0,0.0
2024-06-17 00:00:00+08:00,171.9774169921875,180.08552302134976,171.12392662977678,171.9774169921875,715238,0.0,0.0
2024-06-18 00:00:00+08:00,174.9646140312302,182.64598250882864,173.68438595163047,177.5250701904297,1022262,0.0,0.0
2024-06-19 00:00:00+08:00,178.80529956244445,180.08552765129775,172.40415911817797,173.68438720703125,501357,0.0,0.0
2024-06-20 00:00:00+08:00,172.83088580255043,177.0983224768621,171.977410447971,176.67156982421875,334621,0.0,0.0
2024-06-21 00:00:00+08:00,173.6843828549751,176.67157666233035,168.56347062787796,170.69717407226562,420863,0.0,0.0
2024-06-24 00:00:00+08:00,172.83088792628428,172.83088792628428,168.99020385742188,168.99020385742188,160986,0.0,0.0
2024-06-25 00:00:00+08:00,170.2704367760936,170.69717447089684,165.14952453703754,169.4169464111328,132238,0.0,0.0
2024-06-26 00:00:00+08:00,171.97742184034018,175.81810611642848,169.41695068092667,172.40415954589844,226530,0.0,0.0
2024-06-27 00:00:00+08:00,174.11112054878177,176.24483896852365,170.69717407226562,170.69717407226562,162136,0.0,0.0
2024-06-28 00:00:00+08:00,174.11112081160317,187.76690673828125,174.11112081160317,187.76690673828125,1017662,0.0,0.0
2024-07-01 00:00:00+08:00,197.1552454862448,198.86222625495228,182.2192461245048,189.473876953125,1229244,0.0,0.0
2024-07-02 00:00:00+08:00,191.60759228538447,191.60759228538447,182.21924313745671,182.64598083496094,425463,0.0,0.0
2024-07-03 00:00:00+08:00,184.77969397353166,189.47386841286212,183.4994659423828,183.4994659423828,386366,0.0,0.0
2024-07-04 00:00:00+08:00,186.0599177493889,187.76689840211708,180.51226806640625,180.51226806640625,284025,0.0,0.0
2024-07-05 00:00:00+08:00,184.77969989697795,198.43547099211077,184.35296219803314,197.15524291992188,1451175,0.0,0.0
2024-07-08 00:00:00+08:00,196.3017683513559,197.15524375285128,188.62038491041642,194.59478759765625,546203,0.0,0.0
2024-07-09 00:00:00+08:00,191.18083744588293,194.5947839132897,186.9134155931401,190.32736206054688,344970,0.0,0.0
2024-07-10 00:00:00+08:00,189.90060389289755,198.4354623265631,189.90060389289755,191.1808319091797,284025,0.0,0.0
2024-07-11 00:00:00+08:00,193.3145546884273,198.8622195362632,189.4738705516274,194.1680450439453,405915,0.0,0.0
2024-07-12 00:00:00+08:00,195.02152407050482,207.39708204316736,193.31455830290707,198.4354705810547,792282,0.0,0.0
2024-07-15 00:00:00+08:00,201.42267848189408,218.06564331054688,199.28896005053846,218.06564331054688,1023412,0.0,0.0
2024-07-16 00:00:00+08:00,221.90634598075533,226.1737679354896,213.37148709593222,223.61331176757812,1399430,0.0,0.0
2024-07-17 00:00:00+08:00,223.6133065139634,229.58770909051125,221.47958809904898,224.466796875,512856,0.0,0.0
2024-07-18 00:00:00+08:00,221.9063420698193,229.58771043817524,216.78541484889436,219.3458709716797,563451,0.0,0.0
2024-07-19 00:00:00+08:00,219.34586802282098,219.77262068778418,209.95753402394183,212.5179901123047,516305,0.0,0.0
2024-07-22 00:00:00+08:00,217.63889658047887,217.63889658047887,208.250547852497,214.65170288085938,404765,0.0,0.0
2024-07-23 00:00:00+08:00,220.62610800731974,226.1737577973385,215.0784432419471,222.7598114013672,511706,0.0,0.0
2024-07-26 00:00:00+08:00,220.199355711552,233.42838865817237,217.63889965418727,221.47958374023438,1022262,0.0,0.0
2024-07-29 00:00:00+08:00,224.46679244964997,226.17375816271627,201.8494106432368,203.129638671875,811830,0.0,0.0
2024-07-30 00:00:00+08:00,203.12964113807146,212.5179901123047,198.86221931591805,212.5179901123047,344970,0.0,0.0
2024-07-31 00:00:00+08:00,210.8110095573328,232.14816360976667,209.5307815122151,229.58770751953125,793432,0.0,0.0
2024-08-01 00:00:00+08:00,222.5,235.0,215.0,216.5,833000,4.345346,1.1499016
2024-08-02 00:00:00+08:00,212.0,212.0,198.0,198.0,492000,0.0,0.0
2024-08-05 00:00:00+08:00,189.5,190.5,179.0,180.0,391000,0.0,0.0
2024-08-06 00:00:00+08:00,185.0,188.0,164.5,174.0,523000,0.0,0.0
2024-08-07 00:00:00+08:00,174.0,186.0,174.0,181.5,290000,0.0,0.0
2024-08-08 00:00:00+08:00,178.5,180.5,175.5,176.0,145000,0.0,0.0
2024-08-09 00:00:00+08:00,179.0,184.0,178.5,178.5,196000,0.0,0.0
2024-08-12 00:00:00+08:00,180.0,185.0,180.0,183.0,146000,0.0,0.0
2024-08-13 00:00:00+08:00,185.0,185.0,177.5,181.5,135000,0.0,0.0
2024-08-14 00:00:00+08:00,182.5,183.5,178.0,178.0,123000,0.0,0.0
2024-08-15 00:00:00+08:00,178.5,181.5,176.5,177.0,97000,0.0,0.0
2024-08-16 00:00:00+08:00,179.5,183.0,179.0,180.0,106000,0.0,0.0
2024-08-19 00:00:00+08:00,180.0,181.5,179.0,179.0,67000,0.0,0.0
2024-08-20 00:00:00+08:00,181.0,196.5,181.0,196.5,381000,0.0,0.0
2024-08-21 00:00:00+08:00,195.0,205.5,190.0,190.5,666000,0.0,0.0
2024-08-22 00:00:00+08:00,191.0,202.0,191.0,195.5,257000,0.0,0.0
2024-08-23 00:00:00+08:00,196.0,196.0,192.0,196.0,125000,0.0,0.0
2024-08-26 00:00:00+08:00,199.0,201.5,193.0,193.0,138000,0.0,0.0
2024-08-27 00:00:00+08:00,195.5,197.0,193.5,195.5,67000,0.0,0.0
2024-08-28 00:00:00+08:00,196.0,205.0,195.5,195.5,190000,0.0,0.0
2024-08-29 00:00:00+08:00,197.0,197.0,192.5,193.5,55000,0.0,0.0
2024-08-30 00:00:00+08:00,191.0,193.5,191.0,191.5,72000,0.0,0.0
2024-09-02 00:00:00+08:00,192.0,192.0,187.0,187.0,57000,0.0,0.0
2024-09-03 00:00:00+08:00,187.5,188.0,182.5,183.5,38000,0.0,0.0
2024-09-04 00:00:00+08:00,181.0,181.0,175.0,179.0,84000,0.0,0.0
2024-09-05 00:00:00+08:00,182.5,182.5,179.0,180.0,55000,0.0,0.0
2024-09-06 00:00:00+08:00,180.0,181.0,176.0,177.0,85000,0.0,0.0
2024-09-09 00:00:00+08:00,173.0,174.0,170.0,173.5,65000,0.0,0.0
2024-09-10 00:00:00+08:00,174.5,174.5,167.5,168.0,95000,0.0,0.0
2024-09-11 00:00:00+08:00,168.5,170.0,168.0,168.0,54000,0.0,0.0
2024-09-12 00:00:00+08:00,169.0,173.0,169.0,171.5,35000,0.0,0.0
2024-09-13 00:00:00+08:00,172.0,173.0,171.0,173.0,17000,0.0,0.0
2024-09-16 00:00:00+08:00,173.5,177.0,173.5,175.5,28000,0.0,0.0
2024-09-18 00:00:00+08:00,174.0,176.0,173.5,175.0,20000,0.0,0.0
2024-09-19 00:00:00+08:00,173.5,177.0,173.5,176.0,20000,0.0,0.0
2024-09-20 00:00:00+08:00,177.0,177.0,172.0,175.5,40000,0.0,0.0
2024-09-23 00:00:00+08:00,176.0,176.0,171.0,172.0,36000,0.0,0.0
2024-09-24 00:00:00+08:00,171.0,172.0,170.0,171.0,38000,0.0,0.0
2024-09-25 00:00:00+08:00,171.5,182.0,171.5,175.0,132000,0.0,0.0
2024-09-26 00:00:00+08:00,177.0,178.5,175.0,177.0,56000,0.0,0.0
2024-09-27 00:00:00+08:00,179.5,180.5,175.5,177.0,43000,0.0,0.0
2024-09-30 00:00:00+08:00,177.0,177.0,172.5,173.0,29000,0.0,0.0
2024-10-01 00:00:00+08:00,175.0,176.0,172.5,175.0,30000,0.0,0.0
2024-10-04 00:00:00+08:00,175.5,175.5,169.0,170.5,70000,0.0,0.0
2024-10-07 00:00:00+08:00,170.0,173.0,169.5,172.5,28000,0.0,0.0
2024-10-08 00:00:00+08:00,171.0,171.0,169.0,170.5,22000,0.0,0.0
2024-10-09 00:00:00+08:00,168.5,170.5,165.5,165.5,91000,0.0,0.0
2024-10-11 00:00:00+08:00,165.5,166.0,164.5,165.0,41000,0.0,0.0
2024-10-14 00:00:00+08:00,171.0,171.0,165.0,167.5,34000,0.0,0.0
2024-10-15 00:00:00+08:00,167.5,170.5,167.5,168.5,35000,0.0,0.0
2024-10-16 00:00:00+08:00,166.5,168.5,166.0,168.0,26000,0.0,0.0
2024-10-17 00:00:00+08:00,168.0,169.0,166.0,168.0,34000,0.0,0.0
2024-10-18 00:00:00+08:00,167.0,167.0,164.0,164.0,97000,0.0,0.0
2024-10-21 00:00:00+08:00,165.0,168.0,165.0,166.0,44000,0.0,0.0
2024-10-22 00:00:00+08:00,166.0,168.0,165.0,167.0,21000,0.0,0.0
2024-10-23 00:00:00+08:00,167.0,169.0,167.0,167.0,37000,0.0,0.0
2024-10-24 00:00:00+08:00,167.0,167.0,165.0,165.0,27000,0.0,0.0
2024-10-25 00:00:00+08:00,167.5,168.0,165.0,165.5,21000,0.0,0.0
2024-10-28 00:00:00+08:00,164.0,164.5,161.0,162.0,42000,0.0,0.0
2024-10-29 00:00:00+08:00,161.5,164.0,160.5,162.5,38000,0.0,0.0
2024-10-30 00:00:00+08:00,164.5,164.5,159.5,159.5,47000,0.0,0.0
2024-11-01 00:00:00+08:00,159.0,162.5,158.0,160.0,20000,0.0,0.0
2024-11-04 00:00:00+08:00,160.0,161.0,159.0,160.5,21000,0.0,0.0
2024-11-05 00:00:00+08:00,160.0,161.5,159.0,160.5,25000,0.0,0.0
2024-11-06 00:00:00+08:00,163.0,163.5,162.0,162.0,15000,0.0,0.0
2024-11-07 00:00:00+08:00,160.5,162.5,159.5,160.5,66000,0.0,0.0
2024-11-08 00:00:00+08:00,160.0,161.5,159.5,159.5,28000,0.0,0.0
2024-11-11 00:00:00+08:00,160.0,160.0,154.0,155.0,87000,0.0,0.0
2024-11-12 00:00:00+08:00,154.0,154.5,152.0,152.0,40000,0.0,0.0
2024-11-13 00:00:00+08:00,151.0,154.5,151.0,153.0,28000,0.0,0.0
2024-11-14 00:00:00+08:00,151.5,152.5,147.0,148.0,97000,0.0,0.0
2024-11-15 00:00:00+08:00,146.5,152.0,146.5,148.0,20000,0.0,0.0
2024-11-18 00:00:00+08:00,149.0,149.0,146.5,147.0,20000,0.0,0.0
2024-11-19 00:00:00+08:00,149.0,150.5,147.5,149.0,20000,0.0,0.0
2024-11-20 00:00:00+08:00,148.5,151.0,148.0,148.0,28958,0.0,0.0
2024-11-21 00:00:00+08:00,147.5,148.0,147.5,148.0,9000,0.0,0.0
2024-11-22 00:00:00+08:00,149.0,150.0,148.0,150.0,17000,0.0,0.0
2024-11-25 00:00:00+08:00,152.5,160.5,152.5,158.0,76000,0.0,0.0
2024-11-26 00:00:00+08:00,156.5,158.5,155.0,156.5,36000,0.0,0.0
2024-11-27 00:00:00+08:00,157.0,157.0,154.0,154.0,17000,0.0,0.0
2024-11-28 00:00:00+08:00,154.0,154.0,151.5,151.5,18000,0.0,0.0
2024-11-29 00:00:00+08:00,153.5,160.0,153.5,157.0,39000,0.0,0.0
2024-12-02 00:00:00+08:00,157.0,157.0,157.0,157.0,10000,0.0,0.0
2024-12-03 00:00:00+08:00,157.5,162.5,157.5,158.0,51000,0.0,0.0
2024-12-04 00:00:00+08:00,162.0,162.0,158.5,160.5,29000,0.0,0.0
2024-12-05 00:00:00+08:00,162.0,164.5,160.0,160.0,42000,0.0,0.0
2024-12-06 00:00:00+08:00,160.0,160.0,155.0,155.0,50000,0.0,0.0
2024-12-09 00:00:00+08:00,153.0,155.5,153.0,153.5,16000,0.0,0.0
2024-12-10 00:00:00+08:00,156.5,156.5,152.5,153.5,15000,0.0,0.0
2024-12-11 00:00:00+08:00,155.5,155.5,151.5,154.0,23000,0.0,0.0
2024-12-12 00:00:00+08:00,154.0,155.5,154.0,154.5,24000,0.0,0.0
2024-12-13 00:00:00+08:00,154.0,154.0,149.0,149.5,34000,0.0,0.0
2024-12-16 00:00:00+08:00,149.5,149.5,142.0,145.5,51000,0.0,0.0
2024-12-17 00:00:00+08:00,147.0,150.0,145.0,145.0,17000,0.0,0.0
2024-12-18 00:00:00+08:00,145.0,147.0,144.0,146.0,13000,0.0,0.0
2024-12-19 00:00:00+08:00,146.5,147.0,146.0,147.0,9000,0.0,0.0
2024-12-20 00:00:00+08:00,148.5,151.0,146.5,147.5,15000,0.0,0.0
2024-12-23 00:00:00+08:00,148.0,149.0,145.5,148.0,31000,0.0,0.0
2024-12-24 00:00:00+08:00,148.5,150.5,148.5,148.5,25000,0.0,0.0
2024-12-25 00:00:00+08:00,152.0,158.5,149.0,157.0,102000,0.0,0.0
2024-12-26 00:00:00+08:00,157.5,160.5,156.0,156.0,61000,0.0,0.0
2024-12-27 00:00:00+08:00,156.0,156.0,153.5,154.5,19000,0.0,0.0
2024-12-30 00:00:00+08:00,153.5,155.0,152.0,152.0,11000,0.0,0.0
2024-12-31 00:00:00+08:00,152.5,154.0,151.5,151.5,16000,0.0,0.0
2025-01-02 00:00:00+08:00,153.0,156.5,153.0,153.0,11000,0.0,0.0
2025-01-03 00:00:00+08:00,156.5,156.5,153.0,155.0,10000,0.0,0.0
2025-01-06 00:00:00+08:00,155.5,156.0,154.0,155.5,22000,0.0,0.0
2025-01-07 00:00:00+08:00,156.0,157.5,153.0,153.0,37000,0.0,0.0
2025-01-08 00:00:00+08:00,156.5,156.5,153.5,153.5,10000,0.0,0.0
2025-01-09 00:00:00+08:00,156.5,164.0,156.5,157.0,147000,0.0,0.0
2025-01-10 00:00:00+08:00,157.5,159.0,157.5,158.0,38000,0.0,0.0
2025-01-13 00:00:00+08:00,157.0,157.0,151.0,152.5,62000,0.0,0.0
2025-01-14 00:00:00+08:00,153.5,164.0,153.5,163.0,126000,0.0,0.0
2025-01-15 00:00:00+08:00,164.5,164.5,158.5,159.5,68000,0.0,0.0
2025-01-16 00:00:00+08:00,160.5,166.5,159.0,159.0,118000,0.0,0.0
2025-01-17 00:00:00+08:00,160.0,162.0,157.0,159.0,30000,0.0,0.0
2025-01-20 00:00:00+08:00,158.5,161.5,158.5,159.5,23000,0.0,0.0
2025-01-21 00:00:00+08:00,158.0,160.5,157.5,158.0,23000,0.0,0.0
2025-01-22 00:00:00+08:00,160.5,165.0,160.0,163.0,92000,0.0,0.0
2025-02-03 00:00:00+08:00,161.0,167.5,161.0,164.0,78014,0.0,0.0
2025-02-04 00:00:00+08:00,164.0,166.0,163.0,163.0,38202,0.0,0.0
2025-02-05 00:00:00+08:00,165.0,165.0,163.0,164.0,20512,0.0,0.0
2025-02-06 00:00:00+08:00,166.0,180.0,166.0,180.0,431224,0.0,0.0
2025-02-07 00:00:00+08:00,179.5,179.5,174.5,175.5,217129,0.0,0.0
2025-02-10 00:00:00+08:00,175.0,178.0,174.0,174.5,80149,0.0,0.0
2025-02-11 00:00:00+08:00,174.5,175.5,169.5,169.5,98321,0.0,0.0
2025-02-12 00:00:00+08:00,169.0,171.5,167.0,169.0,107593,0.0,0.0
2025-02-13 00:00:00+08:00,169.0,171.0,169.0,170.0,28000,0.0,0.0
2025-02-14 00:00:00+08:00,171.0,174.5,171.0,172.0,48156,0.0,0.0
2025-02-17 00:00:00+08:00,171.5,178.0,171.0,176.5,138194,0.0,0.0
2025-02-18 00:00:00+08:00,182.0,186.5,177.0,178.0,265034,0.0,0.0
2025-02-19 00:00:00+08:00,178.5,186.5,178.5,179.5,224113,0.0,0.0
2025-02-20 00:00:00+08:00,181.5,195.0,178.0,183.0,711326,0.0,0.0
2025-02-21 00:00:00+08:00,182.5,182.5,180.0,181.0,108227,0.0,0.0
