Date,Open,High,Low,Close,Volume,Dividends,Stock Splits
1999-10-29 00:00:00-04:00,110.0,165.0,110.0,145.1875,11474900,0.0,0.0
1999-11-01 00:00:00-05:00,144.0,179.0,143.0,174.3125,5103800,0.0,0.0
1999-11-02 00:00:00-05:00,178.0,199.0,175.0,192.75,3979400,0.0,0.0
1999-11-03 00:00:00-05:00,200.5,204.0,185.125,190.875,1545100,0.0,0.0
1999-11-04 00:00:00-05:00,191.875,191.9375,171.0,173.25,1596900,0.0,0.0
1999-11-05 00:00:00-05:00,178.0,183.0,166.4375,174.25,770600,0.0,0.0
1999-11-08 00:00:00-05:00,173.0,190.5,172.875,187.5625,872200,0.0,0.0
1999-11-09 00:00:00-05:00,189.1875,197.0,178.0,189.75,539900,0.0,0.0
1999-11-10 00:00:00-05:00,190.375,195.5,181.5,190.0,439600,0.0,0.0
1999-11-11 00:00:00-05:00,190.0,194.25,178.5,182.1875,368200,0.0,0.0
1999-11-12 00:00:00-05:00,185.125,185.5,174.0625,177.3125,298900,0.0,0.0
1999-11-15 00:00:00-05:00,180.0,181.0,169.0,171.75,374100,0.0,0.0
1999-11-16 00:00:00-05:00,176.75,184.0,163.625,184.0,584700,0.0,0.0
1999-11-17 00:00:00-05:00,180.625,190.0,178.3125,189.375,422500,0.0,0.0
1999-11-18 00:00:00-05:00,190.5,190.5,180.0,187.375,318200,0.0,0.0
1999-11-19 00:00:00-05:00,191.0,192.625,183.25,185.0,426400,0.0,0.0
1999-11-22 00:00:00-05:00,187.375,188.6875,176.0,184.875,242000,0.0,0.0
1999-11-23 00:00:00-05:00,193.0,219.875,186.0,210.0,1596200,0.0,0.0
1999-11-24 00:00:00-05:00,215.9375,215.9375,200.25,201.0,517700,0.0,0.0
1999-11-26 00:00:00-05:00,207.5,210.5,203.5,206.5,182100,0.0,0.0
1999-11-29 00:00:00-05:00,213.5,236.5,210.75,227.0,751800,0.0,0.0
1999-11-30 00:00:00-05:00,237.5,249.5,220.5,237.0,1421400,0.0,0.0
1999-12-01 00:00:00-05:00,238.125,239.0,207.25,217.625,790500,0.0,0.0
1999-12-02 00:00:00-05:00,214.5625,225.75,214.5,215.25,282000,0.0,0.0
1999-12-03 00:00:00-05:00,218.375,229.0,206.25,207.0,435200,0.0,0.0
1999-12-06 00:00:00-05:00,208.1875,219.0,201.125,216.75,292700,0.0,0.0
1999-12-07 00:00:00-05:00,223.75,229.375,215.0,226.0,516200,0.0,0.0
1999-12-08 00:00:00-05:00,226.0,241.6875,223.25,241.5,515800,0.0,0.0
1999-12-09 00:00:00-05:00,247.0,258.0,224.0,250.0,560300,0.0,0.0
1999-12-10 00:00:00-05:00,253.375,258.75,238.0,243.5,309700,0.0,0.0
1999-12-13 00:00:00-05:00,246.5,246.5,227.0,228.5,386100,0.0,0.0
1999-12-14 00:00:00-05:00,233.75,236.375,217.0,217.0,395600,0.0,0.0
1999-12-15 00:00:00-05:00,215.0,232.0,201.0,230.375,352800,0.0,0.0
1999-12-16 00:00:00-05:00,236.5625,271.5,236.0,271.0,936400,0.0,0.0
1999-12-17 00:00:00-05:00,271.5,298.0,268.0,281.75,685200,0.0,0.0
1999-12-20 00:00:00-05:00,285.4375,302.0,282.9375,286.25,367100,0.0,0.0
1999-12-21 00:00:00-05:00,292.5,309.0,290.25,301.875,454700,0.0,0.0
1999-12-22 00:00:00-05:00,305.75,309.125,287.6875,291.0,352500,0.0,0.0
1999-12-23 00:00:00-05:00,289.875,293.9375,274.25,281.4375,377100,0.0,0.0
1999-12-27 00:00:00-05:00,282.5625,285.875,275.0,285.875,177600,0.0,0.0
1999-12-28 00:00:00-05:00,284.6875,290.0,265.0,271.5,175400,0.0,0.0
1999-12-29 00:00:00-05:00,277.875,304.0,277.5,303.5625,381800,0.0,0.0
1999-12-30 00:00:00-05:00,315.9375,342.375,314.75,327.0,388100,0.0,0.0
1999-12-31 00:00:00-05:00,334.0,344.875,320.0,327.625,237400,0.0,0.0
2000-01-03 00:00:00-05:00,344.1875,345.5,311.0,321.25,285600,0.0,0.0
2000-01-04 00:00:00-05:00,320.0,321.5,300.0,300.0,215900,0.0,0.0
2000-01-05 00:00:00-05:00,282.5,299.625,262.0,283.5,1183500,0.0,0.0
2000-01-06 00:00:00-05:00,272.0,278.125,235.25,236.125,797500,0.0,0.0
2000-01-07 00:00:00-05:00,248.375,254.5,238.0,248.375,729100,0.0,0.0
2000-01-10 00:00:00-05:00,259.125,286.25,249.5625,285.5,1143200,0.0,0.0
2000-01-11 00:00:00-05:00,295.125,298.0,267.25,278.4375,481000,0.0,0.0
2000-01-12 00:00:00-05:00,288.0,289.25,250.0,254.0,1011300,0.0,0.0
2000-01-13 00:00:00-05:00,260.375,260.5,218.375,232.8125,1031300,0.0,0.0
2000-01-14 00:00:00-05:00,254.0,254.625,229.0,230.0,641500,0.0,0.0
2000-01-18 00:00:00-05:00,229.0625,229.0625,207.5,211.5,822200,0.0,0.0
2000-01-19 00:00:00-05:00,212.0,233.0,212.0,224.75,1367500,0.0,0.0
2000-01-20 00:00:00-05:00,229.5,235.75,220.0,234.0,916400,0.0,0.0
2000-01-21 00:00:00-05:00,235.0,275.0,229.75,269.0,1232100,0.0,0.0
2000-01-24 00:00:00-05:00,271.9375,284.4375,258.625,262.0625,886600,0.0,0.0
2000-01-25 00:00:00-05:00,264.0,282.0,254.625,279.3125,369800,0.0,0.0
2000-01-26 00:00:00-05:00,278.0,288.0,274.0625,277.5,596900,0.0,0.0
2000-01-27 00:00:00-05:00,270.0,290.0,264.0,281.125,544100,0.0,0.0
2000-01-28 00:00:00-05:00,266.125,285.0625,255.0,270.0625,418300,0.0,0.0
2000-01-31 00:00:00-05:00,264.125,267.0,235.0625,249.125,675900,0.0,0.0
2000-02-01 00:00:00-05:00,255.25,256.46875,235.375,239.0625,328100,0.0,0.0
2000-02-02 00:00:00-05:00,239.125,245.0,231.25,233.625,314400,0.0,0.0
2000-02-03 00:00:00-05:00,240.0,252.0,239.875,245.375,479800,0.0,0.0
2000-02-04 00:00:00-05:00,247.625,254.0,230.40625,235.0,330200,0.0,0.0
2000-02-07 00:00:00-05:00,230.0,233.0,216.0,228.625,1577400,0.0,0.0
2000-02-08 00:00:00-05:00,241.125,246.0,232.0625,240.9375,684000,0.0,0.0
2000-02-09 00:00:00-05:00,241.25,244.0,233.0,234.875,672500,0.0,0.0
2000-02-10 00:00:00-05:00,236.75,236.875,227.0,229.0,422800,0.0,0.0
2000-02-11 00:00:00-05:00,229.0625,241.0,226.125,233.0625,393000,0.0,0.0
2000-02-14 00:00:00-05:00,233.5625,238.75,226.8125,230.375,419000,0.0,0.0
2000-02-15 00:00:00-05:00,231.75,233.0,217.0,222.5,380600,0.0,0.0
2000-02-16 00:00:00-05:00,229.75,252.0,228.1875,246.125,1087700,0.0,0.0
2000-02-17 00:00:00-05:00,246.25,253.0,235.5,252.0,702300,0.0,0.0
2000-02-18 00:00:00-05:00,246.0,247.0,239.25,241.6875,502700,0.0,0.0
2000-02-22 00:00:00-05:00,238.625,244.0,238.375,242.125,374400,0.0,0.0
2000-02-23 00:00:00-05:00,246.0,260.5,233.5,252.0625,497000,0.0,0.0
2000-02-24 00:00:00-05:00,253.5,275.375,253.0,274.8125,739600,0.0,0.0
2000-02-25 00:00:00-05:00,274.25,275.0,261.0,267.0625,493500,0.0,0.0
2000-02-28 00:00:00-05:00,263.375,265.375,248.3125,256.75,456200,0.0,0.0
2000-02-29 00:00:00-05:00,259.28125,262.75,250.0,261.25,252100,0.0,0.0
2000-03-01 00:00:00-05:00,259.375,285.875,259.3125,278.625,688000,0.0,0.0
2000-03-02 00:00:00-05:00,282.1875,290.6875,265.0,268.0,556600,0.0,0.0
2000-03-03 00:00:00-05:00,278.25,286.625,265.875,268.375,585100,0.0,0.0
2000-03-06 00:00:00-05:00,270.5,278.8125,252.75,254.0,363500,0.0,0.0
2000-03-07 00:00:00-05:00,260.0,268.1875,255.0,262.4375,585900,0.0,0.0
2000-03-08 00:00:00-05:00,264.1875,269.0625,249.0,265.0,400700,0.0,0.0
2000-03-09 00:00:00-05:00,267.875,288.0,265.15625,286.0,465200,0.0,0.0
2000-03-10 00:00:00-05:00,288.0625,305.9375,288.0,296.0,669100,0.0,0.0
2000-03-13 00:00:00-05:00,274.0,302.5,273.9375,284.75,453300,0.0,0.0
2000-03-14 00:00:00-05:00,292.5,292.75,266.0,269.75,343500,0.0,0.0
2000-03-15 00:00:00-05:00,269.5625,270.1875,230.1875,240.25,898700,0.0,0.0
2000-03-16 00:00:00-05:00,243.0,245.5,215.0,229.125,826100,0.0,0.0
2000-03-17 00:00:00-05:00,227.0,237.5,218.5,218.9375,550800,0.0,0.0
2000-03-20 00:00:00-05:00,218.75,227.875,209.625,213.25,1239900,0.0,0.0
2000-03-21 00:00:00-05:00,208.875,208.875,189.0,197.5,1344400,0.0,0.0
2000-03-22 00:00:00-05:00,202.25,225.0,201.3125,208.5,821000,0.0,0.0
2000-03-23 00:00:00-05:00,210.0,215.0,199.0,201.875,633900,0.0,0.0
2000-03-24 00:00:00-05:00,203.5,215.0,202.5,211.0,556700,0.0,0.0
2000-03-27 00:00:00-05:00,214.25,219.5,206.125,208.6875,325900,0.0,0.0
2000-03-28 00:00:00-05:00,207.25,207.375,199.0,199.875,493200,0.0,0.0
2000-03-29 00:00:00-05:00,199.4375,199.4375,168.0,170.0,1700200,0.0,0.0
2000-03-30 00:00:00-05:00,166.0,172.0625,159.5,160.0625,1395700,0.0,0.0
2000-03-31 00:00:00-05:00,172.0625,172.125,155.0,160.8125,841300,0.0,0.0
2000-04-03 00:00:00-04:00,157.125,157.875,118.0,119.0,1812400,0.0,0.0
2000-04-04 00:00:00-04:00,127.0,127.75,105.0,115.46875,2058700,0.0,0.0
2000-04-05 00:00:00-04:00,110.875,130.125,107.0,110.0,1405500,0.0,0.0
2000-04-06 00:00:00-04:00,117.5,136.0,115.0,135.125,2277000,0.0,0.0
2000-04-07 00:00:00-04:00,141.0,149.75,138.0,145.6875,1293800,0.0,0.0
2000-04-10 00:00:00-04:00,149.9375,151.625,127.3125,133.3125,1420900,0.0,0.0
2000-04-11 00:00:00-04:00,121.3125,123.0,105.0,107.75,3136600,0.0,0.0
2000-04-12 00:00:00-04:00,110.875,111.5625,92.75,92.75,2596400,0.0,0.0
2000-04-13 00:00:00-04:00,97.3125,99.25,87.875,88.0,1587800,0.0,0.0
2000-04-14 00:00:00-04:00,84.5,84.75,64.0,64.875,2184500,0.0,0.0
2000-04-17 00:00:00-04:00,60.0,76.625,56.625,70.0,2003400,0.0,0.0
2000-04-18 00:00:00-04:00,74.5,95.0,67.875,91.5,1895100,0.0,0.0
2000-04-19 00:00:00-04:00,95.0,102.125,85.0,88.9375,1564000,0.0,0.0
2000-04-20 00:00:00-04:00,93.0,93.5625,81.25,86.9375,948900,0.0,0.0
2000-04-24 00:00:00-04:00,78.0,82.5,74.5,75.875,943100,0.0,0.0
2000-04-25 00:00:00-04:00,82.0,82.0,70.0,73.0625,2603400,0.0,0.0
2000-04-26 00:00:00-04:00,68.0,79.8125,67.0,73.5,1799600,0.0,0.0
2000-04-27 00:00:00-04:00,68.0625,83.75,68.0,83.125,1502400,0.0,0.0
2000-04-28 00:00:00-04:00,88.1875,108.0,87.5,98.875,2801200,0.0,0.0
2000-05-01 00:00:00-04:00,105.5,113.375,100.125,103.3125,2010700,0.0,0.0
2000-05-02 00:00:00-04:00,105.125,111.75,101.125,105.375,1608600,0.0,0.0
2000-05-03 00:00:00-04:00,101.125,103.1875,87.328125,91.875,2057600,0.0,0.0
2000-05-04 00:00:00-04:00,99.9375,100.875,93.0,97.0,1355000,0.0,0.0
2000-05-05 00:00:00-04:00,94.9375,103.0,94.0,97.0625,846400,0.0,0.0
2000-05-08 00:00:00-04:00,96.75,96.875,86.375,86.625,867700,0.0,0.0
2000-05-09 00:00:00-04:00,90.65625,91.375,82.75,83.25,1300800,0.0,0.0
2000-05-10 00:00:00-04:00,80.25,87.0625,73.6875,77.375,1342500,0.0,0.0
2000-05-11 00:00:00-04:00,82.75,83.0,72.0,73.203125,1488800,0.0,0.0
2000-05-12 00:00:00-04:00,77.0,78.5,69.875,70.5,1602000,0.0,0.0
2000-05-15 00:00:00-04:00,72.0,75.0,67.75,74.75,1559200,0.0,0.0
2000-05-16 00:00:00-04:00,79.75,81.0,72.0,76.0625,1652600,0.0,0.0
2000-05-17 00:00:00-04:00,74.6875,82.0,74.0625,77.0,1398200,0.0,0.0
2000-05-18 00:00:00-04:00,79.75,80.1875,74.4375,75.5625,806100,0.0,0.0
2000-05-19 00:00:00-04:00,74.0,74.9375,70.0,71.9375,852300,0.0,0.0
2000-05-22 00:00:00-04:00,74.0,74.0,61.5,69.375,1274700,0.0,0.0
2000-05-23 00:00:00-04:00,67.3125,71.0,65.5,67.75,1333600,0.0,0.0
2000-05-24 00:00:00-04:00,67.8125,69.25,60.9375,66.4375,1520000,0.0,0.0
2000-05-25 00:00:00-04:00,69.5625,71.5625,62.0,62.4375,861800,0.0,0.0
2000-05-26 00:00:00-04:00,64.0,64.0,58.875,59.9375,666700,0.0,0.0
2000-05-30 00:00:00-04:00,63.25,76.0,61.75,75.0,1787200,0.0,0.0
2000-05-31 00:00:00-04:00,72.46875,77.0625,66.625,66.75,1696600,0.0,0.0
2000-06-01 00:00:00-04:00,74.625,76.0,71.5,73.875,1412700,0.0,0.0
2000-06-02 00:00:00-04:00,80.125,91.0,79.5,89.0,3279800,0.0,0.0
2000-06-05 00:00:00-04:00,85.625,99.75,85.5,95.0625,2892600,0.0,0.0
2000-06-06 00:00:00-04:00,97.5625,102.0,86.5,87.5625,2228800,0.0,0.0
2000-06-07 00:00:00-04:00,89.1875,92.0,83.875,85.5,1824800,0.0,0.0
2000-06-08 00:00:00-04:00,90.25,91.5,87.0,90.5625,1311100,0.0,0.0
2000-06-09 00:00:00-04:00,96.0625,100.0,93.0,98.0,1612000,0.0,0.0
2000-06-12 00:00:00-04:00,93.9375,93.9375,88.0,88.625,1715100,0.0,0.0
2000-06-13 00:00:00-04:00,88.75,98.0625,81.0,98.0,3002100,0.0,0.0
2000-06-14 00:00:00-04:00,96.4375,100.75,92.375,93.9375,3123100,0.0,0.0
2000-06-15 00:00:00-04:00,93.25,95.5,91.0,91.25,1597300,0.0,0.0
2000-06-16 00:00:00-04:00,92.75,95.0,87.875,88.0,1540900,0.0,0.0
2000-06-19 00:00:00-04:00,87.875,93.625,87.875,92.75,1359200,0.0,0.0
2000-06-20 00:00:00-04:00,94.8125,96.75,90.5,94.0,2130900,0.0,0.0
2000-06-21 00:00:00-04:00,98.0,115.75,97.0,115.375,9643100,0.0,0.0
2000-06-22 00:00:00-04:00,118.25,118.4375,107.5,107.5625,2986800,0.0,0.0
2000-06-23 00:00:00-04:00,107.75,109.0,100.0,102.5,1420700,0.0,0.0
2000-06-26 00:00:00-04:00,105.0,120.0,102.5,119.25,3564400,0.0,0.0
2000-06-27 00:00:00-04:00,116.8125,119.0,114.0,116.25,1782500,0.0,0.0
2000-06-28 00:00:00-04:00,116.25,119.0,109.0,112.5,2361000,0.0,0.0
2000-06-29 00:00:00-04:00,110.0,116.21875,107.0,109.125,2089200,0.0,0.0
2000-06-30 00:00:00-04:00,109.75,119.0,108.25,118.734375,1769300,0.0,0.0
2000-07-03 00:00:00-04:00,118.75,127.8125,118.75,126.46875,1635700,0.0,0.0
2000-07-05 00:00:00-04:00,122.0625,128.5,115.0,115.1875,1751300,0.0,0.0
2000-07-06 00:00:00-04:00,117.5,118.0,106.5,110.6875,1943000,0.0,0.0
2000-07-07 00:00:00-04:00,112.8125,119.5,112.8125,113.75,1225900,0.0,0.0
2000-07-10 00:00:00-04:00,114.0,117.5,110.375,114.875,1146900,0.0,0.0
2000-07-11 00:00:00-04:00,114.6875,118.75,106.875,107.0625,1260400,0.0,0.0
2000-07-12 00:00:00-04:00,111.9375,114.25,110.125,113.5,1391400,0.0,0.0
2000-07-13 00:00:00-04:00,117.75,129.1875,115.75,127.0625,2957900,0.0,0.0
2000-07-14 00:00:00-04:00,129.375,132.9375,122.5,126.0,1849800,0.0,0.0
2000-07-17 00:00:00-04:00,125.5625,127.6875,121.5,124.6875,924900,0.0,0.0
2000-07-18 00:00:00-04:00,122.8125,126.5,116.875,122.0,1173000,0.0,0.0
2000-07-19 00:00:00-04:00,121.6875,126.625,120.4375,121.0,1345000,0.0,0.0
2000-07-20 00:00:00-04:00,122.5,129.375,121.0,125.4375,1099700,0.0,0.0
2000-07-21 00:00:00-04:00,124.875,125.5,117.0,117.0,1096900,0.0,0.0
2000-07-24 00:00:00-04:00,117.5,117.5,107.5,107.875,1976400,0.0,0.0
2000-07-25 00:00:00-04:00,98.625,98.75,84.625,85.0,6955500,0.0,0.0
2000-07-26 00:00:00-04:00,80.1875,87.4375,74.0,84.6875,5709600,0.0,0.0
2000-07-27 00:00:00-04:00,82.5,84.625,77.375,78.125,1236800,0.0,0.0
2000-07-28 00:00:00-04:00,80.125,81.0,72.5,77.9375,1331600,0.0,0.0
2000-07-31 00:00:00-04:00,80.0625,83.0,74.0,78.859375,1799100,0.0,0.0
2000-08-01 00:00:00-04:00,79.0625,79.75,71.1875,71.25,1497600,0.0,0.0
2000-08-02 00:00:00-04:00,71.1875,73.75,66.5,68.625,1863600,0.0,0.0
2000-08-03 00:00:00-04:00,65.125,76.0,65.0625,75.0,2098000,0.0,0.0
2000-08-04 00:00:00-04:00,78.625,80.125,75.125,77.375,1358400,0.0,0.0
2000-08-07 00:00:00-04:00,78.5,81.0,75.875,76.6875,907500,0.0,0.0
2000-08-08 00:00:00-04:00,77.0,78.875,73.875,74.0625,1236100,0.0,0.0
2000-08-09 00:00:00-04:00,77.0,77.0,71.375,71.375,890500,0.0,0.0
2000-08-10 00:00:00-04:00,71.25,72.5,66.0,66.5,1671800,0.0,0.0
2000-08-11 00:00:00-04:00,65.9375,66.0,60.6875,63.4375,3678000,0.0,0.0
2000-08-14 00:00:00-04:00,65.125,73.4375,63.625,71.375,2869600,0.0,0.0
2000-08-15 00:00:00-04:00,70.5,77.5,70.4375,75.0625,2728800,0.0,0.0
2000-08-16 00:00:00-04:00,75.875,78.5,75.0,75.1875,1265000,0.0,0.0
2000-08-17 00:00:00-04:00,74.75,77.375,74.5625,75.125,1007800,0.0,0.0
2000-08-18 00:00:00-04:00,76.4375,79.75,76.4375,78.9375,1699300,0.0,0.0
2000-08-21 00:00:00-04:00,80.375,80.4375,75.75,76.0,788400,0.0,0.0
2000-08-22 00:00:00-04:00,77.1875,77.1875,71.375,71.625,2000700,0.0,0.0
2000-08-23 00:00:00-04:00,70.9375,71.0,68.5,69.3125,1435800,0.0,0.0
2000-08-24 00:00:00-04:00,66.0,66.0,63.875,65.1875,4710300,0.0,0.0
2000-08-25 00:00:00-04:00,65.375,70.875,64.875,70.0625,3072100,0.0,0.0
2000-08-28 00:00:00-04:00,70.625,70.625,65.0,67.0,2300600,0.0,0.0
2000-08-29 00:00:00-04:00,67.25,68.875,65.5,66.3125,1430000,0.0,0.0
2000-08-30 00:00:00-04:00,66.875,74.75,66.75,72.5,2762700,0.0,0.0
2000-08-31 00:00:00-04:00,74.0,76.25,71.0,75.5625,3741400,0.0,0.0
2000-09-01 00:00:00-04:00,76.3125,76.75,70.875,72.1875,1963200,0.0,0.0
2000-09-05 00:00:00-04:00,72.125,72.1875,67.3125,67.875,1532400,0.0,0.0
2000-09-06 00:00:00-04:00,67.4375,72.75,67.4375,69.125,1929900,0.0,0.0
2000-09-07 00:00:00-04:00,69.75,72.25,68.0,70.0,1219100,0.0,0.0
2000-09-08 00:00:00-04:00,69.5625,69.5625,66.875,67.5,1321600,0.0,0.0
2000-09-11 00:00:00-04:00,64.4375,67.5,62.6875,62.6875,2754100,0.0,0.0
2000-09-12 00:00:00-04:00,63.8125,67.5625,60.5625,61.6875,3879500,0.0,0.0
2000-09-13 00:00:00-04:00,60.25,65.875,60.25,63.3125,3211100,0.0,0.0
2000-09-14 00:00:00-04:00,65.6875,67.75,62.1875,63.9375,2695900,0.0,0.0
2000-09-15 00:00:00-04:00,64.5,65.25,60.25,61.125,2690300,0.0,0.0
2000-09-18 00:00:00-04:00,60.75,62.625,57.75,59.875,1957700,0.0,0.0
2000-09-19 00:00:00-04:00,61.0,62.4375,60.0625,61.9375,1649700,0.0,0.0
2000-09-20 00:00:00-04:00,61.9375,63.5,58.5,60.625,1365700,0.0,0.0
2000-09-21 00:00:00-04:00,59.75,59.9375,58.5,58.625,2265000,0.0,0.0
2000-09-22 00:00:00-04:00,56.625,58.75,54.0,56.25,1810000,0.0,0.0
2000-09-25 00:00:00-04:00,59.375,60.125,56.0,56.125,2272600,0.0,0.0
2000-09-26 00:00:00-04:00,57.0,59.5,55.0,57.375,1958800,0.0,0.0
2000-09-27 00:00:00-04:00,58.75,59.25,48.5,50.5,3394700,0.0,0.0
2000-09-28 00:00:00-04:00,49.0,51.75,45.5,48.875,2721700,0.0,0.0
2000-09-29 00:00:00-04:00,49.875,55.0,48.75,52.515625,2824700,0.0,0.0
2000-10-02 00:00:00-04:00,53.125,53.75,46.5625,46.875,2196100,0.0,0.0
2000-10-03 00:00:00-04:00,48.75,49.75,43.875,44.0,2379000,0.0,0.0
2000-10-04 00:00:00-04:00,44.375,46.5625,42.5625,45.484375,2589500,0.0,0.0
2000-10-05 00:00:00-04:00,44.8125,45.4375,38.5,39.6875,3113800,0.0,0.0
2000-10-06 00:00:00-04:00,39.75,40.375,35.0,36.1875,3562800,0.0,0.0
2000-10-09 00:00:00-04:00,36.3125,44.3125,35.5,43.9375,4383500,0.0,0.0
2000-10-10 00:00:00-04:00,44.875,48.75,39.875,41.75,6694500,0.0,0.0
2000-10-11 00:00:00-04:00,38.8125,46.8125,38.75,45.5625,3590300,0.0,0.0
2000-10-12 00:00:00-04:00,47.75,48.0,41.25,42.875,2880400,0.0,0.0
2000-10-13 00:00:00-04:00,41.75,49.125,41.3125,49.0,2440400,0.0,0.0
2000-10-16 00:00:00-04:00,50.3125,58.5,49.5,52.875,4172900,0.0,0.0
2000-10-17 00:00:00-04:00,55.75,57.5,45.5625,49.125,4311300,0.0,0.0
2000-10-18 00:00:00-04:00,45.0625,48.5,40.3125,40.375,5146800,0.0,0.0
2000-10-19 00:00:00-04:00,48.0,53.625,45.75,52.796875,5611500,0.0,0.0
2000-10-20 00:00:00-04:00,53.375,60.0,53.125,56.375,4829900,0.0,0.0
2000-10-23 00:00:00-04:00,57.0,57.0,53.1875,55.75,2394100,0.0,0.0
2000-10-24 00:00:00-04:00,55.375,59.0,51.9375,53.0,2448700,0.0,0.0
2000-10-25 00:00:00-04:00,51.5,56.0,49.75,50.375,2596200,0.0,0.0
2000-10-26 00:00:00-04:00,50.96875,52.5,45.5,49.0,1972800,0.0,0.0
2000-10-27 00:00:00-04:00,50.5,51.125,46.5,48.6875,1501100,0.0,0.0
2000-10-30 00:00:00-05:00,48.6875,53.375,46.5,47.25,1975600,0.0,0.0
2000-10-31 00:00:00-05:00,49.125,53.0,46.25,51.0,3341700,0.0,0.0
2000-11-01 00:00:00-05:00,49.8125,52.125,49.25,50.3125,2618300,0.0,0.0
2000-11-02 00:00:00-05:00,51.75,53.375,50.5,52.0625,2491100,0.0,0.0
2000-11-03 00:00:00-05:00,54.0625,54.625,50.875,53.9375,2573600,0.0,0.0
2000-11-06 00:00:00-05:00,55.0,57.5,52.875,56.5,2230000,0.0,0.0
2000-11-07 00:00:00-05:00,56.375,58.734375,55.5,57.75,2778600,0.0,0.0
2000-11-08 00:00:00-05:00,58.0625,58.125,51.875,52.0,2160900,0.0,0.0
2000-11-09 00:00:00-05:00,50.1875,52.25,48.5,50.875,2058700,0.0,0.0
2000-11-10 00:00:00-05:00,49.0,53.0,48.25,49.125,1756900,0.0,0.0
2000-11-13 00:00:00-05:00,47.375,49.125,42.0,45.875,1902400,0.0,0.0
2000-11-14 00:00:00-05:00,49.1875,51.0,48.0,48.8125,1392200,0.0,0.0
2000-11-15 00:00:00-05:00,49.5625,50.296875,47.0625,47.0625,1272500,0.0,0.0
2000-11-16 00:00:00-05:00,46.875,48.0,42.0,42.0625,1992200,0.0,0.0
2000-11-17 00:00:00-05:00,44.0,45.9375,40.5,41.25,3528900,0.0,0.0
2000-11-20 00:00:00-05:00,40.375,40.625,35.6875,37.5625,2914800,0.0,0.0
2000-11-21 00:00:00-05:00,38.125,39.125,35.75,36.0625,2396500,0.0,0.0
2000-11-22 00:00:00-05:00,35.9375,36.75,31.3125,32.125,5349900,0.0,0.0
2000-11-24 00:00:00-05:00,33.875,35.9375,32.8125,35.0625,1344100,0.0,0.0
2000-11-27 00:00:00-05:00,37.0625,38.0,34.1875,35.25,2641000,0.0,0.0
2000-11-28 00:00:00-05:00,34.375,36.0,29.75,30.375,2359500,0.0,0.0
2000-11-29 00:00:00-05:00,30.0625,33.625,28.5,30.9375,3897400,0.0,0.0
2000-11-30 00:00:00-05:00,27.625,30.0,26.75,28.75,4375500,0.0,0.0
2000-12-01 00:00:00-05:00,30.3125,30.875,26.6875,27.0,2985800,0.0,0.0
2000-12-04 00:00:00-05:00,27.5625,28.0625,26.0,26.3125,2620900,0.0,0.0
2000-12-05 00:00:00-05:00,27.8125,37.625,26.5625,37.5,6298600,0.0,0.0
2000-12-06 00:00:00-05:00,36.0,36.25,32.0,32.375,4135400,0.0,0.0
2000-12-07 00:00:00-05:00,30.9375,31.0,28.0,29.890625,3809400,0.0,0.0
2000-12-08 00:00:00-05:00,34.5625,35.5,32.375,34.25,2626800,0.0,0.0
2000-12-11 00:00:00-05:00,35.5625,40.125,34.0,38.625,3796100,0.0,0.0
2000-12-12 00:00:00-05:00,37.9375,41.0,37.5,39.4375,2173600,0.0,0.0
2000-12-13 00:00:00-05:00,41.8125,42.5,34.0,34.25,3604200,0.0,0.0
2000-12-14 00:00:00-05:00,34.75,35.875,31.3125,32.625,3501800,0.0,0.0
2000-12-15 00:00:00-05:00,31.1875,34.25,30.875,33.3125,2366100,0.0,0.0
2000-12-18 00:00:00-05:00,34.625,34.625,28.75,31.0,2912400,0.0,0.0
2000-12-19 00:00:00-05:00,30.1875,33.0,27.25,28.0,2914500,0.0,0.0
2000-12-20 00:00:00-05:00,26.0,26.5,22.625,23.9375,4484400,0.0,0.0
2000-12-21 00:00:00-05:00,23.5,24.125,18.0625,21.1875,5748800,0.0,0.0
2000-12-22 00:00:00-05:00,21.5,25.125,21.5,23.5625,5273000,0.0,0.0
2000-12-26 00:00:00-05:00,23.875,25.75,23.3125,23.8125,2960800,0.0,0.0
2000-12-27 00:00:00-05:00,23.6875,25.875,23.5,24.9375,1900200,0.0,0.0
2000-12-28 00:00:00-05:00,24.625,26.875,21.75,23.875,3706900,0.0,0.0
2000-12-29 00:00:00-05:00,24.0,25.8125,20.25,21.0625,5117200,0.0,0.0
2001-01-02 00:00:00-05:00,22.0,22.375,18.0,19.75,3880400,0.0,0.0
2001-01-03 00:00:00-05:00,19.875,25.5,19.625,24.25,4693200,0.0,0.0
2001-01-04 00:00:00-05:00,24.25,25.5,20.6875,20.875,6062100,0.0,0.0
2001-01-05 00:00:00-05:00,21.375,21.375,18.9375,19.4375,3044500,0.0,0.0
2001-01-08 00:00:00-05:00,19.0625,20.25,17.6875,18.625,2117600,0.0,0.0
2001-01-09 00:00:00-05:00,19.375,21.5625,19.25,20.5625,2544700,0.0,0.0
2001-01-10 00:00:00-05:00,19.0,22.625,19.0,22.125,3434500,0.0,0.0
2001-01-11 00:00:00-05:00,20.8125,25.0625,20.25,24.5,4020000,0.0,0.0
2001-01-12 00:00:00-05:00,24.8125,28.25,24.5625,27.4375,5090400,0.0,0.0
2001-01-16 00:00:00-05:00,27.5625,31.875,25.625,31.6875,3420100,0.0,0.0
2001-01-17 00:00:00-05:00,33.0,35.0,32.0,32.375,4315700,0.0,0.0
2001-01-18 00:00:00-05:00,32.375,32.5,30.0,31.25,1966400,0.0,0.0
2001-01-19 00:00:00-05:00,32.3125,32.5,28.5,30.0,2621200,0.0,0.0
2001-01-22 00:00:00-05:00,29.0,29.734375,26.625,28.5,3177100,0.0,0.0
2001-01-23 00:00:00-05:00,28.40625,35.5,27.625,32.125,6733800,0.0,0.0
2001-01-24 00:00:00-05:00,33.5,37.4375,32.3125,35.375,7461100,0.0,0.0
2001-01-25 00:00:00-05:00,37.25,37.25,29.5,29.625,10758000,0.0,0.0
2001-01-26 00:00:00-05:00,28.8125,31.125,27.5,29.75,6098800,0.0,0.0
2001-01-29 00:00:00-05:00,32.375,33.3125,30.25,31.8125,5069500,0.0,0.0
2001-01-30 00:00:00-05:00,32.125,32.125,29.75,30.6875,3729400,0.0,0.0
2001-01-31 00:00:00-05:00,30.9375,31.125,28.9375,29.0625,3340300,0.0,0.0
2001-02-01 00:00:00-05:00,28.6875,28.8125,27.0625,27.625,2704800,0.0,0.0
2001-02-02 00:00:00-05:00,27.4375,28.75,25.75,25.75,2191300,0.0,0.0
2001-02-05 00:00:00-05:00,25.25,26.4375,24.0625,24.875,1850500,0.0,0.0
2001-02-06 00:00:00-05:00,24.625,26.6875,24.5,25.8125,2227700,0.0,0.0
2001-02-07 00:00:00-05:00,25.5,25.6875,22.9375,25.25,2394500,0.0,0.0
2001-02-08 00:00:00-05:00,25.5,27.375,25.25,25.625,2269800,0.0,0.0
2001-02-09 00:00:00-05:00,25.5625,25.75,23.625,24.4375,1762600,0.0,0.0
2001-02-12 00:00:00-05:00,24.125,25.625,23.25,24.9375,1372600,0.0,0.0
2001-02-13 00:00:00-05:00,25.25,25.375,22.6875,22.9375,2094500,0.0,0.0
2001-02-14 00:00:00-05:00,22.9375,23.0625,20.75,21.75,4049200,0.0,0.0
2001-02-15 00:00:00-05:00,23.25,25.5625,23.125,23.3125,3918700,0.0,0.0
2001-02-16 00:00:00-05:00,22.0625,22.625,21.0625,21.25,2651700,0.0,0.0
2001-02-20 00:00:00-05:00,21.625,21.625,19.125,19.796875,1912300,0.0,0.0
2001-02-21 00:00:00-05:00,19.4375,20.4375,17.5,17.9375,2443000,0.0,0.0
2001-02-22 00:00:00-05:00,18.25,18.3125,16.125,17.0,3399700,0.0,0.0
2001-02-23 00:00:00-05:00,16.5625,19.625,16.25,19.1875,2531900,0.0,0.0
2001-02-26 00:00:00-05:00,20.0,20.625,18.5625,20.0625,1883000,0.0,0.0
2001-02-27 00:00:00-05:00,19.3125,19.5,17.5,17.8125,2287900,0.0,0.0
2001-02-28 00:00:00-05:00,18.125,18.5625,16.25,16.9375,1672500,0.0,0.0
2001-03-01 00:00:00-05:00,16.5,17.125,15.1875,17.0,1772400,0.0,0.0
2001-03-02 00:00:00-05:00,16.5,16.625,14.5625,14.8125,2376000,0.0,0.0
2001-03-05 00:00:00-05:00,15.0,15.125,13.25,13.25,2755600,0.0,0.0
2001-03-06 00:00:00-05:00,13.875,13.90625,12.25,12.5625,5782900,0.0,0.0
2001-03-07 00:00:00-05:00,12.8125,12.9375,11.625,12.3125,3850500,0.0,0.0
2001-03-08 00:00:00-05:00,12.0,12.0625,10.5,10.9375,2304800,0.0,0.0
2001-03-09 00:00:00-05:00,10.4375,11.5,10.1875,11.125,3232900,0.0,0.0
2001-03-12 00:00:00-05:00,10.5625,11.625,10.4375,10.4375,3650400,0.0,0.0
2001-03-13 00:00:00-05:00,10.4375,11.875,10.375,11.4375,3538700,0.0,0.0
2001-03-14 00:00:00-05:00,10.875,12.5,10.75,11.25,3362100,0.0,0.0
2001-03-15 00:00:00-05:00,11.875,12.125,9.265625,9.3125,2859500,0.0,0.0
2001-03-16 00:00:00-05:00,9.53125,9.625,7.8125,8.21875,3485800,0.0,0.0
2001-03-19 00:00:00-05:00,8.4375,9.84375,7.25,9.46875,4271100,0.0,0.0
2001-03-20 00:00:00-05:00,9.75,10.5,8.625,8.875,5177900,0.0,0.0
2001-03-21 00:00:00-05:00,8.875,9.125,8.0,8.34375,2028900,0.0,0.0
2001-03-22 00:00:00-05:00,8.375,8.75,7.21875,8.6875,3890400,0.0,0.0
2001-03-23 00:00:00-05:00,9.09375,9.34375,7.875,8.53125,2398500,0.0,0.0
2001-03-26 00:00:00-05:00,9.28125,10.09375,8.5,9.40625,2198700,0.0,0.0
2001-03-27 00:00:00-05:00,9.4375,9.625,8.8125,9.0,1379600,0.0,0.0
2001-03-28 00:00:00-05:00,8.703125,8.71875,7.5,8.21875,1925700,0.0,0.0
2001-03-29 00:00:00-05:00,8.0,8.53125,7.5,8.25,2191200,0.0,0.0
2001-03-30 00:00:00-05:00,8.25,8.625,7.75,8.5625,1625100,0.0,0.0
2001-04-02 00:00:00-04:00,8.21875,8.625,7.375,7.4375,1327500,0.0,0.0
2001-04-03 00:00:00-04:00,7.0,7.375,5.5,5.8125,2773100,0.0,0.0
2001-04-04 00:00:00-04:00,5.9375,6.375,5.625,6.0,3308200,0.0,0.0
2001-04-05 00:00:00-04:00,5.71875,7.625,5.5,7.5,6867100,0.0,0.0
2001-04-06 00:00:00-04:00,7.28125,7.984375,6.75,7.21875,3080000,0.0,0.0
2001-04-09 00:00:00-04:00,7.559999942779541,7.559999942779541,6.949999809265137,7.130000114440918,2042700,0.0,0.0
2001-04-10 00:00:00-04:00,7.28000020980835,8.84000015258789,7.25,8.670000076293945,2691900,0.0,0.0
2001-04-11 00:00:00-04:00,9.1899995803833,9.649999618530273,8.09000015258789,8.350000381469727,1968900,0.0,0.0
2001-04-12 00:00:00-04:00,8.390000343322754,9.180000305175781,8.300000190734863,9.0600004196167,1186000,0.0,0.0
2001-04-16 00:00:00-04:00,8.869999885559082,9.069999694824219,8.199999809265137,8.399999618530273,1138300,0.0,0.0
2001-04-17 00:00:00-04:00,8.199999809265137,8.899999618530273,8.079999923706055,8.550000190734863,1459300,0.0,0.0
2001-04-18 00:00:00-04:00,9.359999656677246,10.619999885559082,8.739999771118164,9.039999961853027,4801600,0.0,0.0
2001-04-19 00:00:00-04:00,11.050000190734863,12.649999618530273,10.210000038146973,12.600000381469727,7029700,0.0,0.0
2001-04-20 00:00:00-04:00,12.020000457763672,12.539999961853027,9.75,10.210000038146973,11505100,0.0,0.0
2001-04-23 00:00:00-04:00,9.970000267028809,10.039999961853027,8.800000190734863,9.140000343322754,3613400,0.0,0.0
2001-04-24 00:00:00-04:00,9.479999542236328,9.699999809265137,9.100000381469727,9.239999771118164,2784900,0.0,0.0
2001-04-25 00:00:00-04:00,8.989999771118164,9.0,7.909999847412109,7.96999979019165,4924800,0.0,0.0
2001-04-26 00:00:00-04:00,8.289999961853027,8.289999961853027,7.0,7.0,4697000,0.0,0.0
2001-04-27 00:00:00-04:00,7.550000190734863,8.0,7.25,7.909999847412109,2135200,0.0,0.0
2001-04-30 00:00:00-04:00,8.800000190734863,9.600000381469727,8.399999618530273,9.449999809265137,4585900,0.0,0.0
2001-05-01 00:00:00-04:00,9.579999923706055,9.609999656677246,8.850000381469727,9.079999923706055,2522800,0.0,0.0
2001-05-02 00:00:00-04:00,9.529999732971191,12.0,9.229999542236328,11.460000038146973,7527700,0.0,0.0
2001-05-03 00:00:00-04:00,10.770000457763672,11.819999694824219,10.050000190734863,10.140000343322754,5055900,0.0,0.0
2001-05-04 00:00:00-04:00,9.649999618530273,10.979999542236328,9.220000267028809,10.5600004196167,4087300,0.0,0.0
2001-05-07 00:00:00-04:00,10.699999809265137,10.989999771118164,9.899999618530273,9.989999771118164,2512500,0.0,0.0
2001-05-08 00:00:00-04:00,10.600000381469727,10.729999542236328,9.899999618530273,10.329999923706055,2364800,0.0,0.0
2001-05-09 00:00:00-04:00,9.970000267028809,10.180000305175781,9.600000381469727,10.069999694824219,2551400,0.0,0.0
2001-05-10 00:00:00-04:00,10.390000343322754,10.449999809265137,9.529999732971191,9.569999694824219,3372700,0.0,0.0
2001-05-11 00:00:00-04:00,9.670000076293945,9.680000305175781,8.899999618530273,9.34000015258789,1957800,0.0,0.0
2001-05-14 00:00:00-04:00,8.859999656677246,9.390000343322754,8.8100004196167,8.899999618530273,1681000,0.0,0.0
2001-05-15 00:00:00-04:00,8.9399995803833,9.979999542236328,8.800000190734863,9.15999984741211,3645500,0.0,0.0
2001-05-16 00:00:00-04:00,9.020000457763672,10.140000343322754,8.930000305175781,9.960000038146973,2364700,0.0,0.0
2001-05-17 00:00:00-04:00,10.119999885559082,10.680000305175781,10.100000381469727,10.289999961853027,2819500,0.0,0.0
2001-05-18 00:00:00-04:00,10.170000076293945,10.329999923706055,9.829999923706055,10.010000228881836,2004900,0.0,0.0
2001-05-21 00:00:00-04:00,10.34000015258789,11.199999809265137,10.199999809265137,10.899999618530273,3219000,0.0,0.0
2001-05-22 00:00:00-04:00,11.239999771118164,13.34000015258789,11.050000190734863,12.8100004196167,6374900,0.0,0.0
2001-05-23 00:00:00-04:00,12.850000381469727,12.850000381469727,11.260000228881836,11.260000228881836,3262000,0.0,0.0
2001-05-24 00:00:00-04:00,11.34000015258789,12.130000114440918,11.199999809265137,11.930000305175781,3278100,0.0,0.0
2001-05-25 00:00:00-04:00,11.789999961853027,11.8100004196167,10.949999809265137,10.949999809265137,2690500,0.0,0.0
2001-05-29 00:00:00-04:00,12.510000228881836,12.649999618530273,11.010000228881836,11.130000114440918,5732800,0.0,0.0
2001-05-30 00:00:00-04:00,10.399999618530273,10.649999618530273,9.90999984741211,10.050000190734863,3015800,0.0,0.0
2001-05-31 00:00:00-04:00,10.0600004196167,10.800000190734863,10.0600004196167,10.329999923706055,2214200,0.0,0.0
2001-06-01 00:00:00-04:00,10.75,10.819999694824219,10.0600004196167,10.350000381469727,4029200,0.0,0.0
2001-06-04 00:00:00-04:00,10.399999618530273,10.5600004196167,10.100000381469727,10.149999618530273,1002900,0.0,0.0
2001-06-05 00:00:00-04:00,10.15999984741211,10.1899995803833,9.710000038146973,10.130000114440918,3428500,0.0,0.0
2001-06-06 00:00:00-04:00,10.329999923706055,10.399999618530273,9.869999885559082,10.050000190734863,2492900,0.0,0.0
2001-06-07 00:00:00-04:00,10.0,10.0,9.300000190734863,9.640000343322754,1852700,0.0,0.0
2001-06-08 00:00:00-04:00,9.640000343322754,9.640000343322754,9.25,9.25,962000,0.0,0.0
2001-06-11 00:00:00-04:00,9.699999809265137,9.699999809265137,9.020000457763672,9.119999885559082,2688500,0.0,0.0
2001-06-12 00:00:00-04:00,8.989999771118164,9.420000076293945,8.520000457763672,9.149999618530273,2322500,0.0,0.0
2001-06-13 00:00:00-04:00,9.180000305175781,9.199999809265137,8.5,8.529999732971191,1385600,0.0,0.0
2001-06-14 00:00:00-04:00,8.390000343322754,8.5,7.539999961853027,7.599999904632568,2341500,0.0,0.0
2001-06-15 00:00:00-04:00,7.380000114440918,7.940000057220459,7.0,7.510000228881836,2263000,0.0,0.0
2001-06-18 00:00:00-04:00,8.100000381469727,8.100000381469727,6.599999904632568,6.71999979019165,3017600,0.0,0.0
2001-06-19 00:00:00-04:00,7.179999828338623,7.460000038146973,6.050000190734863,6.349999904632568,3893700,0.0,0.0
2001-06-20 00:00:00-04:00,6.139999866485596,7.0,6.050000190734863,6.980000019073486,3072000,0.0,0.0
2001-06-21 00:00:00-04:00,7.0,7.179999828338623,6.539999961853027,6.940000057220459,2266400,0.0,0.0
2001-06-22 00:00:00-04:00,7.010000228881836,7.190000057220459,6.699999809265137,6.809999942779541,1991100,0.0,0.0
2001-06-25 00:00:00-04:00,7.03000020980835,7.409999847412109,6.949999809265137,7.309999942779541,1853600,0.0,0.0
2001-06-26 00:00:00-04:00,7.110000133514404,8.029999732971191,7.0,7.409999847412109,2443400,0.0,0.0
2001-06-27 00:00:00-04:00,8.029999732971191,8.050000190734863,7.400000095367432,7.590000152587891,2022500,0.0,0.0
2001-06-28 00:00:00-04:00,7.849999904632568,8.390000343322754,7.789999961853027,8.140000343322754,3360500,0.0,0.0
2001-06-29 00:00:00-04:00,8.600000381469727,9.449999809265137,8.140000343322754,9.180000305175781,3108000,0.0,0.0
2001-07-02 00:00:00-04:00,9.0600004196167,9.329999923706055,8.649999618530273,8.699999809265137,1635000,0.0,0.0
2001-07-03 00:00:00-04:00,8.260000228881836,8.520000457763672,8.050000190734863,8.229999542236328,823300,0.0,0.0
2001-07-05 00:00:00-04:00,7.949999809265137,8.199999809265137,7.929999828338623,7.960000038146973,1297300,0.0,0.0
2001-07-06 00:00:00-04:00,7.75,8.140000343322754,7.409999847412109,7.860000133514404,1343300,0.0,0.0
2001-07-09 00:00:00-04:00,7.96999979019165,8.40999984741211,7.949999809265137,8.289999961853027,1546100,0.0,0.0
2001-07-10 00:00:00-04:00,8.399999618530273,8.399999618530273,7.590000152587891,7.630000114440918,1281800,0.0,0.0
2001-07-11 00:00:00-04:00,7.599999904632568,8.0,7.329999923706055,7.699999809265137,1427400,0.0,0.0
2001-07-12 00:00:00-04:00,8.15999984741211,8.350000381469727,7.940000057220459,8.199999809265137,1900500,0.0,0.0
2001-07-13 00:00:00-04:00,8.350000381469727,8.6899995803833,8.069999694824219,8.449999809265137,1301300,0.0,0.0
2001-07-16 00:00:00-04:00,8.680000305175781,8.779999732971191,7.769999980926514,7.920000076293945,1560000,0.0,0.0
2001-07-17 00:00:00-04:00,7.78000020980835,8.6899995803833,7.760000228881836,8.640000343322754,1624300,0.0,0.0
2001-07-18 00:00:00-04:00,8.390000343322754,8.579999923706055,7.949999809265137,7.960000038146973,1907600,0.0,0.0
2001-07-19 00:00:00-04:00,8.399999618530273,9.029999732971191,8.100000381469727,8.300000190734863,2461700,0.0,0.0
2001-07-20 00:00:00-04:00,8.069999694824219,8.199999809265137,7.929999828338623,8.100000381469727,1258600,0.0,0.0
2001-07-23 00:00:00-04:00,8.260000228881836,8.399999618530273,8.020000457763672,8.149999618530273,824300,0.0,0.0
2001-07-24 00:00:00-04:00,8.229999542236328,8.399999618530273,7.800000190734863,8.029999732971191,1329500,0.0,0.0
2001-07-25 00:00:00-04:00,8.029999732971191,8.050000190734863,7.570000171661377,7.889999866485596,771800,0.0,0.0
2001-07-26 00:00:00-04:00,7.699999809265137,8.119999885559082,7.579999923706055,8.069999694824219,1314300,0.0,0.0
2001-07-27 00:00:00-04:00,8.050000190734863,8.239999771118164,7.679999828338623,8.010000228881836,738800,0.0,0.0
2001-07-30 00:00:00-04:00,7.989999771118164,8.029999732971191,7.579999923706055,7.599999904632568,579300,0.0,0.0
2001-07-31 00:00:00-04:00,7.75,7.880000114440918,7.550000190734863,7.75,884700,0.0,0.0
2001-08-01 00:00:00-04:00,7.809999942779541,8.029999732971191,7.190000057220459,8.010000228881836,2122200,0.0,0.0
2001-08-02 00:00:00-04:00,8.050000190734863,8.239999771118164,7.820000171661377,8.130000114440918,1059900,0.0,0.0
2001-08-03 00:00:00-04:00,8.0600004196167,8.119999885559082,7.75,7.75,497700,0.0,0.0
2001-08-06 00:00:00-04:00,7.71999979019165,7.730000019073486,7.400000095367432,7.480000019073486,829700,0.0,0.0
2001-08-07 00:00:00-04:00,7.489999771118164,7.550000190734863,7.269999980926514,7.400000095367432,975100,0.0,0.0
2001-08-08 00:00:00-04:00,7.230000019073486,7.300000190734863,6.599999904632568,6.889999866485596,2465600,0.0,0.0
2001-08-09 00:00:00-04:00,6.510000228881836,6.800000190734863,6.409999847412109,6.53000020980835,2347300,0.0,0.0
2001-08-10 00:00:00-04:00,6.5,6.510000228881836,5.849999904632568,5.96999979019165,3050200,0.0,0.0
2001-08-13 00:00:00-04:00,6.179999828338623,6.309999942779541,5.800000190734863,5.849999904632568,1975000,0.0,0.0
2001-08-14 00:00:00-04:00,6.010000228881836,6.170000076293945,5.800000190734863,5.829999923706055,1323900,0.0,0.0
2001-08-15 00:00:00-04:00,5.429999828338623,5.5,5.019999980926514,5.099999904632568,4386700,0.0,0.0
2001-08-16 00:00:00-04:00,5.099999904632568,5.289999961853027,5.0,5.199999809265137,2942400,0.0,0.0
2001-08-17 00:00:00-04:00,5.050000190734863,5.269999980926514,4.550000190734863,4.550000190734863,1838700,0.0,0.0
2001-08-20 00:00:00-04:00,4.690000057220459,4.699999809265137,4.0,4.309999942779541,2363000,0.0,0.0
2001-08-21 00:00:00-04:00,4.349999904632568,4.949999809265137,4.119999885559082,4.420000076293945,2152900,0.0,0.0
2001-08-22 00:00:00-04:00,4.75,4.949999809265137,4.360000133514404,4.949999809265137,1980900,0.0,0.0
2001-08-23 00:00:00-04:00,4.829999923706055,5.110000133514404,4.380000114440918,4.449999809265137,1648200,0.0,0.0
2001-08-24 00:00:00-04:00,4.170000076293945,4.840000152587891,4.159999847412109,4.75,1598700,0.0,0.0
2001-08-27 00:00:00-04:00,4.710000038146973,5.099999904632568,4.699999809265137,4.900000095367432,1192500,0.0,0.0
2001-08-28 00:00:00-04:00,4.900000095367432,5.199999809265137,4.449999809265137,4.449999809265137,1501900,0.0,0.0
2001-08-29 00:00:00-04:00,4.449999809265137,4.71999979019165,4.320000171661377,4.440000057220459,782700,0.0,0.0
2001-08-30 00:00:00-04:00,4.420000076293945,4.550000190734863,4.059999942779541,4.150000095367432,931800,0.0,0.0
2001-08-31 00:00:00-04:00,4.170000076293945,4.25,4.050000190734863,4.210000038146973,677500,0.0,0.0
2001-09-04 00:00:00-04:00,4.21999979019165,4.320000171661377,4.0,4.0,937800,0.0,0.0
2001-09-05 00:00:00-04:00,4.099999904632568,4.150000095367432,3.75,3.7799999713897705,1657900,0.0,0.0
2001-09-06 00:00:00-04:00,3.75,4.03000020980835,3.319999933242798,3.5999999046325684,2780500,0.0,0.0
2001-09-07 00:00:00-04:00,3.5,3.5,3.109999895095825,3.200000047683716,2842500,0.0,0.0
2001-09-10 00:00:00-04:00,3.1700000762939453,3.1700000762939453,2.9200000762939453,2.9800000190734863,1793300,0.0,0.0
2001-09-17 00:00:00-04:00,2.5299999713897705,3.3499999046325684,2.5199999809265137,2.819999933242798,2762200,0.0,0.0
2001-09-18 00:00:00-04:00,3.0,3.299999952316284,2.799999952316284,2.859999895095825,1854900,0.0,0.0
2001-09-19 00:00:00-04:00,3.009999990463257,3.180000066757202,2.700000047683716,2.950000047683716,1366700,0.0,0.0
2001-09-20 00:00:00-04:00,2.880000114440918,3.049999952316284,2.7699999809265137,2.9100000858306885,1667700,0.0,0.0
2001-09-21 00:00:00-04:00,2.609999895095825,2.9600000381469727,2.549999952316284,2.7899999618530273,1267600,0.0,0.0
2001-09-24 00:00:00-04:00,3.0299999713897705,3.4700000286102295,3.0,3.299999952316284,1737600,0.0,0.0
2001-09-25 00:00:00-04:00,3.299999952316284,3.6500000953674316,3.2899999618530273,3.3499999046325684,1270300,0.0,0.0
2001-09-26 00:00:00-04:00,3.5,3.5,3.069999933242798,3.180000066757202,928300,0.0,0.0
2001-09-27 00:00:00-04:00,3.009999990463257,3.1600000858306885,2.7200000286102295,3.0299999713897705,1010000,0.0,0.0
2001-09-28 00:00:00-04:00,3.0799999237060547,3.0999999046325684,2.8499999046325684,2.9100000858306885,1423700,0.0,0.0
2001-10-01 00:00:00-04:00,2.940000057220459,2.9600000381469727,2.630000114440918,2.6500000953674316,691900,0.0,0.0
2001-10-02 00:00:00-04:00,2.7300000190734863,2.9000000953674316,2.619999885559082,2.799999952316284,1490900,0.0,0.0
2001-10-03 00:00:00-04:00,2.7799999713897705,3.299999952316284,2.6700000762939453,3.190000057220459,1640000,0.0,0.0
2001-10-04 00:00:00-04:00,3.25,4.090000152587891,3.240000009536743,3.7200000286102295,3126400,0.0,0.0
2001-10-05 00:00:00-04:00,3.7200000286102295,3.799999952316284,3.4100000858306885,3.799999952316284,1147100,0.0,0.0
2001-10-08 00:00:00-04:00,3.5199999809265137,3.799999952316284,3.4000000953674316,3.5999999046325684,1449700,0.0,0.0
2001-10-09 00:00:00-04:00,3.5299999713897705,3.75,3.2699999809265137,3.4600000381469727,1202600,0.0,0.0
2001-10-10 00:00:00-04:00,3.4000000953674316,4.190000057220459,3.3499999046325684,4.079999923706055,2011400,0.0,0.0
2001-10-11 00:00:00-04:00,4.360000133514404,4.820000171661377,4.079999923706055,4.130000114440918,3933500,0.0,0.0
2001-10-12 00:00:00-04:00,4.139999866485596,4.489999771118164,3.809999942779541,3.950000047683716,2168600,0.0,0.0
2001-10-15 00:00:00-04:00,3.950000047683716,4.130000114440918,3.8499999046325684,3.9800000190734863,660400,0.0,0.0
2001-10-16 00:00:00-04:00,4.010000228881836,4.070000171661377,3.809999942779541,3.990000009536743,965000,0.0,0.0
2001-10-17 00:00:00-04:00,4.110000133514404,4.340000152587891,3.549999952316284,3.5999999046325684,1409100,0.0,0.0
2001-10-18 00:00:00-04:00,3.619999885559082,3.7100000381469727,3.390000104904175,3.630000114440918,769700,0.0,0.0
2001-10-19 00:00:00-04:00,3.690000057220459,3.7899999618530273,3.2799999713897705,3.5,980300,0.0,0.0
2001-10-22 00:00:00-04:00,3.5,3.549999952316284,3.2699999809265137,3.4200000762939453,539900,0.0,0.0
2001-10-23 00:00:00-04:00,3.4200000762939453,3.5899999141693115,3.25,3.3499999046325684,770400,0.0,0.0
2001-10-24 00:00:00-04:00,3.3399999141693115,3.5,3.2799999713897705,3.3499999046325684,818600,0.0,0.0
2001-10-25 00:00:00-04:00,3.299999952316284,3.440000057220459,3.2300000190734863,3.380000114440918,842300,0.0,0.0
2001-10-26 00:00:00-04:00,3.450000047683716,3.759999990463257,3.3499999046325684,3.5899999141693115,1153000,0.0,0.0
2001-10-29 00:00:00-05:00,3.680000066757202,3.690000057220459,3.380000114440918,3.4000000953674316,491200,0.0,0.0
2001-10-30 00:00:00-05:00,3.369999885559082,3.4000000953674316,3.109999895095825,3.25,662000,0.0,0.0
2001-10-31 00:00:00-05:00,3.299999952316284,3.390000104904175,3.1500000953674316,3.1600000858306885,568700,0.0,0.0
2001-11-01 00:00:00-05:00,3.190000057220459,3.2699999809265137,3.0999999046325684,3.1700000762939453,485700,0.0,0.0
2001-11-02 00:00:00-05:00,3.1700000762939453,3.4000000953674316,3.0199999809265137,3.319999933242798,691600,0.0,0.0
2001-11-05 00:00:00-05:00,3.3499999046325684,3.4000000953674316,3.049999952316284,3.190000057220459,1181000,0.0,0.0
2001-11-06 00:00:00-05:00,3.119999885559082,3.549999952316284,3.109999895095825,3.5,1462300,0.0,0.0
2001-11-07 00:00:00-05:00,3.6500000953674316,4.5,3.5199999809265137,4.25,5354100,0.0,0.0
2001-11-08 00:00:00-05:00,4.400000095367432,4.550000190734863,4.010000228881836,4.119999885559082,2244800,0.0,0.0
2001-11-09 00:00:00-05:00,4.059999942779541,4.269999980926514,3.9200000762939453,4.0,714500,0.0,0.0
2001-11-12 00:00:00-05:00,4.300000190734863,4.699999809265137,4.0,4.429999828338623,1745100,0.0,0.0
2001-11-13 00:00:00-05:00,4.690000057220459,5.190000057220459,4.690000057220459,5.099999904632568,3889000,0.0,0.0
2001-11-14 00:00:00-05:00,5.409999847412109,5.739999771118164,5.03000020980835,5.730000019073486,3329000,0.0,0.0
2001-11-15 00:00:00-05:00,5.809999942779541,5.96999979019165,5.550000190734863,5.849999904632568,2290300,0.0,0.0
2001-11-16 00:00:00-05:00,5.789999961853027,5.849999904632568,5.369999885559082,5.449999809265137,1535600,0.0,0.0
2001-11-19 00:00:00-05:00,5.550000190734863,5.880000114440918,5.550000190734863,5.849999904632568,2614600,0.0,0.0
2001-11-20 00:00:00-05:00,6.150000095367432,6.329999923706055,5.849999904632568,5.900000095367432,3711600,0.0,0.0
2001-11-21 00:00:00-05:00,6.019999980926514,6.329999923706055,5.400000095367432,5.800000190734863,1593500,0.0,0.0
2001-11-23 00:00:00-05:00,5.599999904632568,5.96999979019165,5.599999904632568,5.900000095367432,507100,0.0,0.0
2001-11-26 00:00:00-05:00,6.03000020980835,6.199999809265137,5.699999809265137,6.099999904632568,1540300,0.0,0.0
2001-11-27 00:00:00-05:00,5.989999771118164,6.329999923706055,5.860000133514404,6.269999980926514,1959900,0.0,0.0
2001-11-28 00:00:00-05:00,6.400000095367432,6.75,5.929999828338623,5.949999809265137,3394900,0.0,0.0
2001-11-29 00:00:00-05:00,6.230000019073486,6.230000019073486,5.28000020980835,5.869999885559082,3144300,0.0,0.0
2001-11-30 00:00:00-05:00,5.730000019073486,5.909999847412109,5.519999980926514,5.760000228881836,1679100,0.0,0.0
2001-12-03 00:00:00-05:00,5.590000152587891,5.599999904632568,5.179999828338623,5.539999961853027,1667400,0.0,0.0
2001-12-04 00:00:00-05:00,5.590000152587891,6.039999961853027,5.420000076293945,6.03000020980835,1500300,0.0,0.0
2001-12-05 00:00:00-05:00,6.099999904632568,6.449999809265137,6.0,6.070000171661377,2946700,0.0,0.0
2001-12-06 00:00:00-05:00,6.139999866485596,6.619999885559082,6.099999904632568,6.210000038146973,2751800,0.0,0.0
2001-12-07 00:00:00-05:00,6.239999771118164,6.260000228881836,5.820000171661377,5.849999904632568,2051200,0.0,0.0
2001-12-10 00:00:00-05:00,5.760000228881836,5.829999923706055,5.510000228881836,5.590000152587891,1419300,0.0,0.0
2001-12-11 00:00:00-05:00,5.699999809265137,5.900000095367432,5.400000095367432,5.489999771118164,2873300,0.0,0.0
2001-12-12 00:00:00-05:00,5.559999942779541,5.599999904632568,5.150000095367432,5.380000114440918,2187000,0.0,0.0
2001-12-13 00:00:00-05:00,5.150000095367432,5.170000076293945,4.71999979019165,4.949999809265137,2616100,0.0,0.0
2001-12-14 00:00:00-05:00,4.949999809265137,5.150000095367432,4.920000076293945,4.949999809265137,2043600,0.0,0.0
2001-12-17 00:00:00-05:00,5.0,5.300000190734863,4.949999809265137,5.239999771118164,1702600,0.0,0.0
2001-12-18 00:00:00-05:00,5.449999809265137,5.699999809265137,5.300000190734863,5.489999771118164,2086900,0.0,0.0
2001-12-19 00:00:00-05:00,5.25,5.53000020980835,5.059999942779541,5.309999942779541,1989300,0.0,0.0
2001-12-20 00:00:00-05:00,5.269999980926514,5.449999809265137,5.099999904632568,5.349999904632568,3483800,0.0,0.0
2001-12-21 00:00:00-05:00,5.449999809265137,5.599999904632568,5.179999828338623,5.440000057220459,1805800,0.0,0.0
2001-12-24 00:00:00-05:00,5.519999980926514,5.590000152587891,5.360000133514404,5.5,563500,0.0,0.0
2001-12-26 00:00:00-05:00,5.5,6.0,5.46999979019165,5.610000133514404,1812400,0.0,0.0
2001-12-27 00:00:00-05:00,5.769999980926514,5.889999866485596,5.610000133514404,5.760000228881836,1422100,0.0,0.0
2001-12-28 00:00:00-05:00,5.889999866485596,6.039999961853027,5.739999771118164,6.0,1309400,0.0,0.0
2001-12-31 00:00:00-05:00,6.0,6.099999904632568,5.829999923706055,5.940000057220459,1573000,0.0,0.0
2002-01-02 00:00:00-05:00,6.059999942779541,6.099999904632568,5.75,5.869999885559082,1544500,0.0,0.0
2002-01-03 00:00:00-05:00,5.989999771118164,6.170000076293945,5.900000095367432,6.099999904632568,3563800,0.0,0.0
2002-01-04 00:00:00-05:00,6.230000019073486,6.329999923706055,5.960000038146973,6.210000038146973,2088200,0.0,0.0
2002-01-07 00:00:00-05:00,6.25,6.340000152587891,5.739999771118164,5.809999942779541,1720000,0.0,0.0
2002-01-08 00:00:00-05:00,5.940000057220459,5.949999809265137,5.579999923706055,5.650000095367432,1633500,0.0,0.0
2002-01-09 00:00:00-05:00,5.650000095367432,5.849999904632568,5.53000020980835,5.659999847412109,1357200,0.0,0.0
2002-01-10 00:00:00-05:00,5.619999885559082,5.650000095367432,5.210000038146973,5.25,3706700,0.0,0.0
2002-01-11 00:00:00-05:00,5.349999904632568,5.559999942779541,5.150000095367432,5.25,1863000,0.0,0.0
2002-01-14 00:00:00-05:00,5.289999961853027,5.300000190734863,4.900000095367432,5.119999885559082,1813000,0.0,0.0
2002-01-15 00:00:00-05:00,5.210000038146973,5.25,4.900000095367432,4.949999809265137,947600,0.0,0.0
2002-01-16 00:00:00-05:00,4.789999961853027,4.789999961853027,4.400000095367432,4.409999847412109,1698100,0.0,0.0
2002-01-17 00:00:00-05:00,4.800000190734863,4.829999923706055,4.599999904632568,4.760000228881836,1119500,0.0,0.0
2002-01-18 00:00:00-05:00,4.650000095367432,4.679999828338623,4.409999847412109,4.519999980926514,907200,0.0,0.0
2002-01-22 00:00:00-05:00,4.460000038146973,4.699999809265137,4.0,4.119999885559082,2131300,0.0,0.0
2002-01-23 00:00:00-05:00,4.230000019073486,4.300000190734863,3.930000066757202,4.059999942779541,2459900,0.0,0.0
2002-01-24 00:00:00-05:00,4.28000020980835,4.579999923706055,4.25,4.340000152587891,1707300,0.0,0.0
2002-01-25 00:00:00-05:00,4.28000020980835,4.550000190734863,4.260000228881836,4.5,1106200,0.0,0.0
2002-01-28 00:00:00-05:00,4.5,4.900000095367432,4.429999828338623,4.880000114440918,1349700,0.0,0.0
2002-01-29 00:00:00-05:00,4.889999866485596,4.929999828338623,4.610000133514404,4.650000095367432,1070500,0.0,0.0
2002-01-30 00:00:00-05:00,4.659999847412109,4.75,4.519999980926514,4.650000095367432,987800,0.0,0.0
2002-01-31 00:00:00-05:00,4.760000228881836,4.880000114440918,4.590000152587891,4.610000133514404,1746000,0.0,0.0
2002-02-01 00:00:00-05:00,4.610000133514404,4.619999885559082,4.070000171661377,4.179999828338623,1730600,0.0,0.0
2002-02-04 00:00:00-05:00,4.210000038146973,4.21999979019165,3.8299999237060547,3.940000057220459,1133200,0.0,0.0
2002-02-05 00:00:00-05:00,3.5,3.799999952316284,3.450000047683716,3.5899999141693115,2867200,0.0,0.0
2002-02-06 00:00:00-05:00,3.619999885559082,3.7799999713897705,3.450000047683716,3.5999999046325684,913600,0.0,0.0
2002-02-07 00:00:00-05:00,3.5999999046325684,3.9000000953674316,3.5199999809265137,3.680000066757202,970700,0.0,0.0
2002-02-08 00:00:00-05:00,3.799999952316284,3.990000009536743,3.700000047683716,3.9200000762939453,642200,0.0,0.0
2002-02-11 00:00:00-05:00,3.9000000953674316,4.090000152587891,3.8499999046325684,3.880000114440918,482600,0.0,0.0
2002-02-12 00:00:00-05:00,3.880000114440918,4.150000095367432,3.740000009536743,3.950000047683716,500200,0.0,0.0
2002-02-13 00:00:00-05:00,4.019999980926514,4.159999847412109,3.759999990463257,3.9100000858306885,544900,0.0,0.0
2002-02-14 00:00:00-05:00,3.9100000858306885,3.950000047683716,3.680000066757202,3.680000066757202,505400,0.0,0.0
2002-02-15 00:00:00-05:00,3.680000066757202,3.690000057220459,3.4200000762939453,3.5,641200,0.0,0.0
2002-02-19 00:00:00-05:00,3.390000104904175,3.5,3.1500000953674316,3.240000009536743,1094700,0.0,0.0
2002-02-20 00:00:00-05:00,3.2899999618530273,3.299999952316284,3.109999895095825,3.2100000381469727,607600,0.0,0.0
2002-02-21 00:00:00-05:00,3.299999952316284,3.6500000953674316,3.2200000286102295,3.2699999809265137,905200,0.0,0.0
2002-02-22 00:00:00-05:00,3.3299999237060547,3.3299999237060547,3.049999952316284,3.140000104904175,987700,0.0,0.0
2002-02-25 00:00:00-05:00,3.240000009536743,3.299999952316284,3.119999885559082,3.2699999809265137,743300,0.0,0.0
2002-02-26 00:00:00-05:00,3.299999952316284,3.3399999141693115,3.1600000858306885,3.2100000381469727,438000,0.0,0.0
2002-02-27 00:00:00-05:00,3.380000114440918,3.549999952316284,3.1700000762939453,3.240000009536743,1254100,0.0,0.0
2002-02-28 00:00:00-05:00,3.299999952316284,3.3499999046325684,3.069999933242798,3.109999895095825,942700,0.0,0.0
2002-03-01 00:00:00-05:00,3.1500000953674316,3.25,3.069999933242798,3.190000057220459,909100,0.0,0.0
2002-03-04 00:00:00-05:00,3.240000009536743,4.179999828338623,3.2300000190734863,3.9200000762939453,2936600,0.0,0.0
2002-03-05 00:00:00-05:00,3.819999933242798,4.340000152587891,3.809999942779541,4.130000114440918,1951100,0.0,0.0
2002-03-06 00:00:00-05:00,4.110000133514404,4.46999979019165,3.950000047683716,4.320000171661377,1602500,0.0,0.0
2002-03-07 00:00:00-05:00,4.429999828338623,4.900000095367432,4.389999866485596,4.610000133514404,1608000,0.0,0.0
2002-03-08 00:00:00-05:00,4.840000152587891,4.940000057220459,4.440000057220459,4.599999904632568,978000,0.0,0.0
2002-03-11 00:00:00-05:00,4.610000133514404,4.639999866485596,4.349999904632568,4.599999904632568,670000,0.0,0.0
2002-03-12 00:00:00-05:00,4.400000095367432,4.440000057220459,4.139999866485596,4.320000171661377,594300,0.0,0.0
2002-03-13 00:00:00-05:00,4.260000228881836,4.329999923706055,4.099999904632568,4.130000114440918,695300,0.0,0.0
2002-03-14 00:00:00-05:00,4.150000095367432,4.230000019073486,3.9600000381469727,4.159999847412109,580900,0.0,0.0
2002-03-15 00:00:00-05:00,4.119999885559082,4.199999809265137,4.050000190734863,4.059999942779541,901100,0.0,0.0
2002-03-18 00:00:00-05:00,4.070000171661377,4.289999961853027,4.059999942779541,4.239999771118164,538700,0.0,0.0
2002-03-19 00:00:00-05:00,4.28000020980835,4.449999809265137,4.159999847412109,4.230000019073486,727600,0.0,0.0
2002-03-20 00:00:00-05:00,4.159999847412109,4.190000057220459,3.950000047683716,4.0,315600,0.0,0.0
2002-03-21 00:00:00-05:00,4.03000020980835,4.199999809265137,3.990000009536743,4.199999809265137,360000,0.0,0.0
2002-03-22 00:00:00-05:00,4.25,4.420000076293945,4.130000114440918,4.21999979019165,537400,0.0,0.0
2002-03-25 00:00:00-05:00,4.269999980926514,4.340000152587891,4.039999961853027,4.090000152587891,360000,0.0,0.0
2002-03-26 00:00:00-05:00,4.210000038146973,4.230000019073486,3.950000047683716,4.059999942779541,499500,0.0,0.0
2002-03-27 00:00:00-05:00,3.9800000190734863,4.059999942779541,3.950000047683716,4.039999961853027,338600,0.0,0.0
2002-03-28 00:00:00-05:00,4.070000171661377,4.179999828338623,4.0,4.0,514400,0.0,0.0
2002-04-01 00:00:00-05:00,4.050000190734863,4.099999904632568,3.950000047683716,4.059999942779541,517300,0.0,0.0
2002-04-02 00:00:00-05:00,4.0,4.110000133514404,3.819999933242798,3.9100000858306885,656900,0.0,0.0
2002-04-03 00:00:00-05:00,3.950000047683716,4.0,3.7200000286102295,3.75,940800,0.0,0.0
2002-04-04 00:00:00-05:00,3.799999952316284,3.819999933242798,3.5799999237060547,3.640000104904175,442000,0.0,0.0
2002-04-05 00:00:00-05:00,3.5899999141693115,3.6600000858306885,3.430000066757202,3.5899999141693115,815700,0.0,0.0
2002-04-08 00:00:00-04:00,3.430000066757202,3.9700000286102295,3.4000000953674316,3.7799999713897705,869000,0.0,0.0
2002-04-09 00:00:00-04:00,3.809999942779541,4.070000171661377,3.7699999809265137,3.7699999809265137,504200,0.0,0.0
2002-04-10 00:00:00-04:00,3.8299999237060547,4.340000152587891,3.7799999713897705,4.170000076293945,2536100,0.0,0.0
2002-04-11 00:00:00-04:00,4.150000095367432,4.300000190734863,3.8499999046325684,3.859999895095825,1269600,0.0,0.0
2002-04-12 00:00:00-04:00,3.9600000381469727,4.119999885559082,3.859999895095825,3.9200000762939453,705500,0.0,0.0
2002-04-15 00:00:00-04:00,3.950000047683716,4.0,3.8499999046325684,3.950000047683716,315600,0.0,0.0
2002-04-16 00:00:00-04:00,4.010000228881836,4.099999904632568,3.9700000286102295,4.070000171661377,687000,0.0,0.0
2002-04-17 00:00:00-04:00,4.099999904632568,4.440000057220459,4.070000171661377,4.309999942779541,1180800,0.0,0.0
2002-04-18 00:00:00-04:00,4.269999980926514,4.380000114440918,4.130000114440918,4.150000095367432,640200,0.0,0.0
2002-04-19 00:00:00-04:00,4.039999961853027,4.039999961853027,3.5299999713897705,3.630000114440918,2069600,0.0,0.0
2002-04-22 00:00:00-04:00,3.5999999046325684,3.609999895095825,3.259999990463257,3.3499999046325684,1035000,0.0,0.0
2002-04-23 00:00:00-04:00,3.299999952316284,3.319999933242798,2.9800000190734863,3.1700000762939453,1627500,0.0,0.0
2002-04-24 00:00:00-04:00,3.2699999809265137,3.299999952316284,2.819999933242798,2.880000114440918,1782400,0.0,0.0
2002-04-25 00:00:00-04:00,2.880000114440918,2.880000114440918,2.5199999809265137,2.7699999809265137,3177500,0.0,0.0
2002-04-26 00:00:00-04:00,2.9100000858306885,2.950000047683716,2.5399999618530273,2.6700000762939453,1478300,0.0,0.0
2002-04-29 00:00:00-04:00,2.6600000858306885,2.680000066757202,2.4200000762939453,2.5,1940900,0.0,0.0
2002-04-30 00:00:00-04:00,2.5,2.5,2.2300000190734863,2.2899999618530273,2289100,0.0,0.0
2002-05-01 00:00:00-04:00,2.3499999046325684,2.380000114440918,1.9700000286102295,2.0199999809265137,3083900,0.0,0.0
2002-05-02 00:00:00-04:00,2.0399999618530273,2.25,2.0199999809265137,2.130000114440918,2120200,0.0,0.0
2002-05-03 00:00:00-04:00,2.2200000286102295,2.2799999713897705,2.0999999046325684,2.2300000190734863,2009900,0.0,0.0
2002-05-06 00:00:00-04:00,2.259999990463257,2.2699999809265137,1.9700000286102295,2.0,1240800,0.0,0.0
2002-05-07 00:00:00-04:00,2.0799999237060547,2.0999999046325684,1.75,1.899999976158142,1586300,0.0,0.0
2002-05-08 00:00:00-04:00,2.1500000953674316,2.4100000858306885,2.0999999046325684,2.2799999713897705,2295200,0.0,0.0
2002-05-09 00:00:00-04:00,2.2899999618530273,2.3299999237060547,2.0899999141693115,2.119999885559082,977700,0.0,0.0
2002-05-10 00:00:00-04:00,2.180000066757202,2.190000057220459,2.0199999809265137,2.0299999713897705,485400,0.0,0.0
2002-05-13 00:00:00-04:00,2.109999895095825,2.190000057220459,1.9900000095367432,2.0399999618530273,777000,0.0,0.0
2002-05-14 00:00:00-04:00,2.0899999141693115,2.200000047683716,2.0799999237060547,2.130000114440918,1263200,0.0,0.0
2002-05-15 00:00:00-04:00,2.1700000762939453,2.5,2.109999895095825,2.319999933242798,1357400,0.0,0.0
2002-05-16 00:00:00-04:00,2.299999952316284,2.569999933242798,2.2799999713897705,2.490000009536743,1068300,0.0,0.0
2002-05-17 00:00:00-04:00,2.690000057220459,2.700000047683716,2.5299999713897705,2.619999885559082,1042700,0.0,0.0
2002-05-20 00:00:00-04:00,2.619999885559082,2.640000104904175,2.4200000762939453,2.5199999809265137,955900,0.0,0.0
2002-05-21 00:00:00-04:00,2.559999942779541,2.569999933242798,2.2300000190734863,2.2699999809265137,856400,0.0,0.0
2002-05-22 00:00:00-04:00,2.2799999713897705,2.299999952316284,2.0199999809265137,2.180000066757202,839100,0.0,0.0
2002-05-23 00:00:00-04:00,2.190000057220459,2.25,2.0399999618530273,2.25,466900,0.0,0.0
2002-05-24 00:00:00-04:00,2.299999952316284,2.299999952316284,2.069999933242798,2.1500000953674316,843400,0.0,0.0
2002-05-28 00:00:00-04:00,2.130000114440918,2.2799999713897705,2.0999999046325684,2.1600000858306885,684300,0.0,0.0
2002-05-29 00:00:00-04:00,2.200000047683716,2.2100000381469727,2.0799999237060547,2.0899999141693115,388800,0.0,0.0
2002-05-30 00:00:00-04:00,2.0899999141693115,2.130000114440918,2.0399999618530273,2.0799999237060547,484500,0.0,0.0
2002-05-31 00:00:00-04:00,2.0899999141693115,2.140000104904175,2.0,2.0,680800,0.0,0.0
2002-06-03 00:00:00-04:00,2.0299999713897705,2.049999952316284,1.9600000381469727,1.9700000286102295,517700,0.0,0.0
2002-06-04 00:00:00-04:00,1.9199999570846558,1.9800000190734863,1.8600000143051147,1.9299999475479126,1052200,0.0,0.0
2002-06-05 00:00:00-04:00,1.940000057220459,1.940000057220459,1.8700000047683716,1.8899999856948853,584300,0.0,0.0
2002-06-06 00:00:00-04:00,1.8899999856948853,1.899999976158142,1.7200000286102295,1.7699999809265137,653700,0.0,0.0
2002-06-07 00:00:00-04:00,1.7699999809265137,1.7999999523162842,1.5700000524520874,1.7000000476837158,856300,0.0,0.0
2002-06-10 00:00:00-04:00,1.7000000476837158,1.75,1.6299999952316284,1.7000000476837158,330300,0.0,0.0
2002-06-11 00:00:00-04:00,1.7200000286102295,1.9299999475479126,1.649999976158142,1.649999976158142,736500,0.0,0.0
2002-06-12 00:00:00-04:00,1.590000033378601,1.7100000381469727,1.5700000524520874,1.6399999856948853,576900,0.0,0.0
2002-06-13 00:00:00-04:00,1.6399999856948853,1.7000000476837158,1.559999942779541,1.559999942779541,443300,0.0,0.0
2002-06-14 00:00:00-04:00,1.5800000429153442,1.659999966621399,1.5,1.6200000047683716,512200,0.0,0.0
2002-06-17 00:00:00-04:00,1.6699999570846558,1.7100000381469727,1.590000033378601,1.6399999856948853,493800,0.0,0.0
2002-06-18 00:00:00-04:00,1.6699999570846558,1.6799999475479126,1.4500000476837158,1.5099999904632568,1341200,0.0,0.0
2002-06-19 00:00:00-04:00,1.5299999713897705,1.5499999523162842,1.1799999475479126,1.2200000286102295,4571100,0.0,0.0
2002-06-20 00:00:00-04:00,1.2300000190734863,1.2999999523162842,1.059999942779541,1.090000033378601,1721100,0.0,0.0
2002-06-21 00:00:00-04:00,1.1200000047683716,1.1299999952316284,0.949999988079071,1.0499999523162842,2238700,0.0,0.0
2002-06-24 00:00:00-04:00,1.0199999809265137,1.0399999618530273,0.949999988079071,0.9599999785423279,4032000,0.0,0.0
2002-06-25 00:00:00-04:00,1.0,1.0099999904632568,0.8700000047683716,0.9399999976158142,3342500,0.0,0.0
2002-06-26 00:00:00-04:00,0.8199999928474426,0.949999988079071,0.7599999904632568,0.9399999976158142,1252600,0.0,0.0
2002-06-27 00:00:00-04:00,0.9800000190734863,1.1399999856948853,0.8999999761581421,1.1200000047683716,1073700,0.0,0.0
2002-06-28 00:00:00-04:00,1.1200000047683716,1.4700000286102295,1.1100000143051147,1.2999999523162842,4493500,0.0,0.0
2002-07-01 00:00:00-04:00,1.2899999618530273,1.399999976158142,1.1200000047683716,1.399999976158142,1178900,0.0,0.0
2002-07-02 00:00:00-04:00,1.2599999904632568,1.309999942779541,1.059999942779541,1.2699999809265137,1267000,0.0,0.0
2002-07-03 00:00:00-04:00,1.2100000381469727,1.3300000429153442,1.149999976158142,1.2999999523162842,598700,0.0,0.0
2002-07-05 00:00:00-04:00,1.2899999618530273,1.4299999475479126,1.2899999618530273,1.409999966621399,440700,0.0,0.0
2002-07-08 00:00:00-04:00,1.4299999475479126,1.440000057220459,1.2000000476837158,1.2200000286102295,1014000,0.0,0.0
2002-07-09 00:00:00-04:00,1.2000000476837158,1.3200000524520874,1.2000000476837158,1.25,437400,0.0,0.0
2002-07-10 00:00:00-04:00,1.2599999904632568,1.3799999952316284,1.1699999570846558,1.1699999570846558,472100,0.0,0.0
2002-07-11 00:00:00-04:00,1.1699999570846558,1.3600000143051147,1.100000023841858,1.340000033378601,970600,0.0,0.0
2002-07-12 00:00:00-04:00,1.4199999570846558,1.4500000476837158,1.25,1.2599999904632568,548600,0.0,0.0
2002-07-15 00:00:00-04:00,1.3300000429153442,1.350000023841858,1.2300000190734863,1.2799999713897705,694600,0.0,0.0
2002-07-16 00:00:00-04:00,1.2899999618530273,1.3799999952316284,1.2799999713897705,1.350000023841858,958300,0.0,0.0
2002-07-17 00:00:00-04:00,1.440000057220459,1.5299999713897705,1.3700000047683716,1.5,853600,0.0,0.0
2002-07-18 00:00:00-04:00,1.5,1.5499999523162842,1.309999942779541,1.4199999570846558,692400,0.0,0.0
2002-07-19 00:00:00-04:00,1.2999999523162842,1.3300000429153442,1.190000057220459,1.190000057220459,854700,0.0,0.0
2002-07-22 00:00:00-04:00,1.2100000381469727,1.2400000095367432,1.100000023841858,1.2000000476837158,672300,0.0,0.0
2002-07-23 00:00:00-04:00,1.2000000476837158,1.2599999904632568,1.1799999475479126,1.1799999475479126,770200,0.0,0.0
2002-07-24 00:00:00-04:00,1.159999966621399,1.2100000381469727,1.0499999523162842,1.1399999856948853,848800,0.0,0.0
2002-07-25 00:00:00-04:00,1.1100000143051147,1.159999966621399,1.0499999523162842,1.0499999523162842,443700,0.0,0.0
2002-07-26 00:00:00-04:00,1.0399999618530273,1.100000023841858,1.0199999809265137,1.100000023841858,344700,0.0,0.0
2002-07-29 00:00:00-04:00,1.1200000047683716,1.25,1.1100000143051147,1.2400000095367432,709400,0.0,0.0
2002-07-30 00:00:00-04:00,1.2599999904632568,1.309999942779541,1.1100000143051147,1.1200000047683716,1548000,0.0,0.0
2002-07-31 00:00:00-04:00,1.149999976158142,1.149999976158142,1.059999942779541,1.059999942779541,705400,0.0,0.0
2002-08-01 00:00:00-04:00,1.0499999523162842,1.1200000047683716,1.0399999618530273,1.100000023841858,233000,0.0,0.0
2002-08-02 00:00:00-04:00,1.059999942779541,1.1100000143051147,1.0,1.0099999904632568,870200,0.0,0.0
2002-08-05 00:00:00-04:00,1.0,1.0199999809265137,0.9200000166893005,0.9599999785423279,546900,0.0,0.0
2002-08-06 00:00:00-04:00,0.9700000286102295,1.100000023841858,0.9200000166893005,1.059999942779541,957500,0.0,0.0
2002-08-07 00:00:00-04:00,1.0199999809265137,1.1200000047683716,1.0,1.1100000143051147,526200,0.0,0.0
2002-08-08 00:00:00-04:00,1.090000033378601,1.1100000143051147,1.0099999904632568,1.0700000524520874,397600,0.0,0.0
2002-08-09 00:00:00-04:00,1.0499999523162842,1.0700000524520874,1.0,1.0199999809265137,757400,0.0,0.0
2002-08-12 00:00:00-04:00,1.0,1.0299999713897705,0.8999999761581421,0.9599999785423279,492300,0.0,0.0
2002-08-13 00:00:00-04:00,0.9700000286102295,0.9800000190734863,0.8799999952316284,0.8899999856948853,417100,0.0,0.0
2002-08-14 00:00:00-04:00,0.8999999761581421,0.9300000071525574,0.8500000238418579,0.8999999761581421,634600,0.0,0.0
2002-08-15 00:00:00-04:00,0.9300000071525574,0.949999988079071,0.800000011920929,0.800000011920929,1089800,0.0,0.0
2002-08-16 00:00:00-04:00,0.7599999904632568,0.8999999761581421,0.75,0.8399999737739563,913100,0.0,0.0
2002-08-19 00:00:00-04:00,0.8899999856948853,0.9300000071525574,0.8299999833106995,0.8700000047683716,605300,0.0,0.0
2002-08-20 00:00:00-04:00,0.8999999761581421,0.9399999976158142,0.8899999856948853,0.8899999856948853,1171200,0.0,0.0
2002-08-21 00:00:00-04:00,0.9200000166893005,0.949999988079071,0.8899999856948853,0.9200000166893005,1457400,0.0,0.0
2002-08-22 00:00:00-04:00,0.9399999976158142,1.0399999618530273,0.9100000262260437,0.9900000095367432,2362400,0.0,0.0
2002-08-23 00:00:00-04:00,1.2400000095367432,1.25,1.0800000429153442,1.1399999856948853,3803000,0.0,0.0
2002-08-26 00:00:00-04:00,1.25,1.2599999904632568,1.0299999713897705,1.090000033378601,1796800,0.0,0.0
2002-08-27 00:00:00-04:00,1.0800000429153442,1.100000023841858,0.9900000095367432,1.0399999618530273,954900,0.0,0.0
2002-08-28 00:00:00-04:00,0.9900000095367432,1.0,0.949999988079071,0.949999988079071,698700,0.0,0.0
2002-08-29 00:00:00-04:00,0.9900000095367432,1.0,0.9100000262260437,0.9599999785423279,432700,0.0,0.0
2002-08-30 00:00:00-04:00,0.9700000286102295,1.0,0.8899999856948853,0.949999988079071,437200,0.0,0.0
2002-09-03 00:00:00-04:00,0.8999999761581421,0.949999988079071,0.8799999952316284,0.9100000262260437,1005000,0.0,0.0
2002-09-04 00:00:00-04:00,0.8999999761581421,0.9100000262260437,0.8799999952316284,0.8899999856948853,384000,0.0,0.0
2002-09-05 00:00:00-04:00,0.8899999856948853,0.9399999976158142,0.8700000047683716,0.9100000262260437,366300,0.0,0.0
2002-09-06 00:00:00-04:00,0.9200000166893005,0.9599999785423279,0.9100000262260437,0.9599999785423279,332700,0.0,0.0
2002-09-09 00:00:00-04:00,0.8999999761581421,0.9399999976158142,0.8899999856948853,0.9399999976158142,1232800,0.0,0.0
2002-09-10 00:00:00-04:00,0.9399999976158142,0.9599999785423279,0.8899999856948853,0.9599999785423279,989300,0.0,0.0
2002-09-11 00:00:00-04:00,0.9599999785423279,1.0099999904632568,0.9300000071525574,1.0,406100,0.0,0.0
2002-09-12 00:00:00-04:00,0.9800000190734863,0.9900000095367432,0.9399999976158142,0.9599999785423279,342000,0.0,0.0
2002-09-13 00:00:00-04:00,0.9399999976158142,0.9599999785423279,0.9200000166893005,0.9200000166893005,284700,0.0,0.0
2002-09-16 00:00:00-04:00,0.9300000071525574,0.9800000190734863,0.8899999856948853,0.9100000262260437,483200,0.0,0.0
2002-09-17 00:00:00-04:00,0.9200000166893005,0.949999988079071,0.9200000166893005,0.9399999976158142,461900,0.0,0.0
2002-09-18 00:00:00-04:00,0.9200000166893005,0.9300000071525574,0.8999999761581421,0.9100000262260437,358600,0.0,0.0
2002-09-19 00:00:00-04:00,0.9100000262260437,0.9300000071525574,0.8999999761581421,0.8999999761581421,303000,0.0,0.0
2002-09-20 00:00:00-04:00,0.949999988079071,0.9700000286102295,0.8999999761581421,0.9100000262260437,1939800,0.0,0.0
2002-09-23 00:00:00-04:00,0.9100000262260437,0.9300000071525574,0.8899999856948853,0.8999999761581421,785100,0.0,0.0
2002-09-24 00:00:00-04:00,0.8999999761581421,0.9200000166893005,0.8899999856948853,0.8899999856948853,206100,0.0,0.0
2002-09-25 00:00:00-04:00,0.8899999856948853,0.9300000071525574,0.8899999856948853,0.9200000166893005,415300,0.0,0.0
2002-09-26 00:00:00-04:00,0.9399999976158142,0.949999988079071,0.8899999856948853,0.9200000166893005,383500,0.0,0.0
2002-09-27 00:00:00-04:00,0.9100000262260437,0.9300000071525574,0.8899999856948853,0.8899999856948853,458900,0.0,0.0
2002-09-30 00:00:00-04:00,0.9100000262260437,0.9200000166893005,0.7699999809265137,0.8299999833106995,1327000,0.0,0.0
2002-10-01 00:00:00-04:00,0.8700000047683716,0.8700000047683716,0.7699999809265137,0.8500000238418579,301200,0.0,0.0
2002-10-02 00:00:00-04:00,0.8500000238418579,0.8700000047683716,0.8199999928474426,0.8299999833106995,236500,0.0,0.0
2002-10-03 00:00:00-04:00,0.8199999928474426,0.8500000238418579,0.7400000095367432,0.7900000214576721,798300,0.0,0.0
2002-10-04 00:00:00-04:00,0.800000011920929,0.8100000023841858,0.699999988079071,0.7099999785423279,557100,0.0,0.0
2002-10-07 00:00:00-04:00,0.6499999761581421,0.7099999785423279,0.5600000023841858,0.6700000166893005,1247100,0.0,0.0
2002-10-08 00:00:00-04:00,0.6899999976158142,0.7699999809265137,0.6700000166893005,0.7300000190734863,605300,0.0,0.0
2002-10-09 00:00:00-04:00,0.7699999809265137,0.7699999809265137,0.6899999976158142,0.7099999785423279,572200,0.0,0.0
2002-10-10 00:00:00-04:00,0.7099999785423279,0.7400000095367432,0.7099999785423279,0.7300000190734863,222100,0.0,0.0
2002-10-11 00:00:00-04:00,0.7200000286102295,0.949999988079071,0.7099999785423279,0.8899999856948853,1008300,0.0,0.0
2002-10-14 00:00:00-04:00,0.8600000143051147,0.9300000071525574,0.800000011920929,0.9200000166893005,982900,0.0,0.0
2002-10-15 00:00:00-04:00,0.9800000190734863,1.0199999809265137,0.9399999976158142,1.0,2424300,0.0,0.0
2002-10-16 00:00:00-04:00,1.0299999713897705,1.0499999523162842,0.8899999856948853,0.9900000095367432,703100,0.0,0.0
2002-10-17 00:00:00-04:00,0.9599999785423279,0.9900000095367432,0.800000011920929,0.8600000143051147,533700,0.0,0.0
2002-10-18 00:00:00-04:00,0.8399999737739563,0.8799999952316284,0.7699999809265137,0.800000011920929,668000,0.0,0.0
2002-10-21 00:00:00-04:00,0.7699999809265137,0.8399999737739563,0.7699999809265137,0.8399999737739563,398400,0.0,0.0
2002-10-22 00:00:00-04:00,0.8100000023841858,0.8199999928474426,0.7799999713897705,0.800000011920929,324800,0.0,0.0
2002-10-23 00:00:00-04:00,0.8399999737739563,0.8399999737739563,0.7599999904632568,0.8199999928474426,242900,0.0,0.0
2002-10-24 00:00:00-04:00,0.8100000023841858,0.9200000166893005,0.800000011920929,0.8999999761581421,544200,0.0,0.0
2002-10-25 00:00:00-04:00,0.8999999761581421,0.9800000190734863,0.8399999737739563,0.949999988079071,1685800,0.0,0.0
2002-10-28 00:00:00-05:00,0.949999988079071,1.0,0.9399999976158142,0.949999988079071,483100,0.0,0.0
2002-10-29 00:00:00-05:00,0.9800000190734863,0.9800000190734863,0.8500000238418579,0.8600000143051147,392600,0.0,0.0
2002-10-30 00:00:00-05:00,0.8799999952316284,0.9399999976158142,0.8399999737739563,0.9200000166893005,238700,0.0,0.0
2002-10-31 00:00:00-05:00,0.9300000071525574,0.9800000190734863,0.8899999856948853,0.9700000286102295,351200,0.0,0.0
2002-11-01 00:00:00-05:00,0.9599999785423279,1.0,0.9300000071525574,1.0,589300,0.0,0.0
2002-11-04 00:00:00-05:00,1.0399999618530273,1.1699999570846558,1.0199999809265137,1.059999942779541,1875500,0.0,0.0
2002-11-05 00:00:00-05:00,1.0499999523162842,1.0499999523162842,0.949999988079071,1.0299999713897705,818200,0.0,0.0
2002-11-06 00:00:00-05:00,1.0199999809265137,1.1299999952316284,0.9800000190734863,1.1299999952316284,992000,0.0,0.0
2002-11-07 00:00:00-05:00,1.1299999952316284,1.149999976158142,1.0499999523162842,1.059999942779541,749400,0.0,0.0
2002-11-08 00:00:00-05:00,1.0399999618530273,1.1399999856948853,0.9900000095367432,1.0,612300,0.0,0.0
2002-11-11 00:00:00-05:00,1.0199999809265137,1.0299999713897705,0.949999988079071,0.9599999785423279,299700,0.0,0.0
2002-11-12 00:00:00-05:00,0.949999988079071,1.0,0.949999988079071,0.9700000286102295,385300,0.0,0.0
2002-11-13 00:00:00-05:00,0.9800000190734863,1.0299999713897705,0.949999988079071,0.9700000286102295,713500,0.0,0.0
2002-11-14 00:00:00-05:00,1.0,1.100000023841858,0.9900000095367432,1.0099999904632568,1166500,0.0,0.0
2002-11-15 00:00:00-05:00,1.0,1.0499999523162842,0.9800000190734863,1.0299999713897705,436500,0.0,0.0
2002-11-18 00:00:00-05:00,1.0800000429153442,1.149999976158142,1.0499999523162842,1.1200000047683716,1676200,0.0,0.0
2002-11-19 00:00:00-05:00,1.1299999952316284,1.2899999618530273,1.100000023841858,1.2200000286102295,1697900,0.0,0.0
2002-11-20 00:00:00-05:00,1.2799999713897705,1.559999942779541,1.25,1.5099999904632568,3040400,0.0,0.0
2002-11-21 00:00:00-05:00,1.6100000143051147,2.4000000953674316,1.6100000143051147,2.200000047683716,6581200,0.0,0.0
2002-11-22 00:00:00-05:00,2.2699999809265137,2.75,2.119999885559082,2.200000047683716,7263000,0.0,0.0
2002-11-25 00:00:00-05:00,2.2899999618530273,2.4000000953674316,2.049999952316284,2.069999933242798,3628600,0.0,0.0
2002-11-26 00:00:00-05:00,2.0999999046325684,2.119999885559082,1.8799999952316284,1.9600000381469727,2447700,0.0,0.0
2002-11-27 00:00:00-05:00,2.1500000953674316,2.200000047683716,1.8799999952316284,2.109999895095825,2619100,0.0,0.0
2002-11-29 00:00:00-05:00,2.109999895095825,2.1500000953674316,2.0,2.059999942779541,743300,0.0,0.0
2002-12-02 00:00:00-05:00,2.180000066757202,2.319999933242798,2.0999999046325684,2.130000114440918,1835300,0.0,0.0
2002-12-03 00:00:00-05:00,2.130000114440918,2.130000114440918,1.9600000381469727,2.0,1252700,0.0,0.0
2002-12-04 00:00:00-05:00,1.7899999618530273,1.9600000381469727,1.7699999809265137,1.8300000429153442,1675600,0.0,0.0
2002-12-05 00:00:00-05:00,1.8899999856948853,1.9700000286102295,1.649999976158142,1.7000000476837158,1378500,0.0,0.0
2002-12-06 00:00:00-05:00,1.5099999904632568,1.75,1.4600000381469727,1.6200000047683716,1497400,0.0,0.0
2002-12-09 00:00:00-05:00,1.5499999523162842,1.5800000429153442,1.409999966621399,1.5,907700,0.0,0.0
2002-12-10 00:00:00-05:00,1.5,1.6100000143051147,1.399999976158142,1.590000033378601,1849500,0.0,0.0
2002-12-11 00:00:00-05:00,1.6299999952316284,1.8700000047683716,1.5399999618530273,1.7400000095367432,1574800,0.0,0.0
2002-12-12 00:00:00-05:00,1.7799999713897705,1.850000023841858,1.7000000476837158,1.7799999713897705,681700,0.0,0.0
2002-12-13 00:00:00-05:00,1.7300000190734863,1.7400000095367432,1.5800000429153442,1.649999976158142,1687200,0.0,0.0
2002-12-16 00:00:00-05:00,1.7000000476837158,1.7300000190734863,1.5099999904632568,1.7000000476837158,1204900,0.0,0.0
2002-12-17 00:00:00-05:00,1.7400000095367432,1.7599999904632568,1.600000023841858,1.659999966621399,881900,0.0,0.0
2002-12-18 00:00:00-05:00,1.5199999809265137,1.6299999952316284,1.440000057220459,1.600000023841858,2231400,0.0,0.0
2002-12-19 00:00:00-05:00,1.5,1.7000000476837158,1.5,1.649999976158142,711500,0.0,0.0
2002-12-20 00:00:00-05:00,1.6699999570846558,1.940000057220459,1.5800000429153442,1.7899999618530273,1014500,0.0,0.0
2002-12-23 00:00:00-05:00,1.7999999523162842,2.0,1.690000057220459,2.0,1452800,0.0,0.0
2002-12-24 00:00:00-05:00,2.0199999809265137,2.190000057220459,1.9700000286102295,2.049999952316284,917400,0.0,0.0
2002-12-26 00:00:00-05:00,2.0799999237060547,2.140000104904175,1.9299999475479126,1.9600000381469727,493400,0.0,0.0
2002-12-27 00:00:00-05:00,1.9500000476837158,2.0299999713897705,1.8799999952316284,1.8799999952316284,531200,0.0,0.0
2002-12-30 00:00:00-05:00,1.8600000143051147,1.9700000286102295,1.7100000381469727,1.7699999809265137,624100,0.0,0.0
2002-12-31 00:00:00-05:00,1.7699999809265137,1.7899999618530273,1.7000000476837158,1.7300000190734863,720100,0.0,0.0
2003-01-02 00:00:00-05:00,1.7999999523162842,1.9199999570846558,1.7599999904632568,1.8799999952316284,608600,0.0,0.0
2003-01-03 00:00:00-05:00,1.9500000476837158,1.9600000381469727,1.8200000524520874,1.899999976158142,552700,0.0,0.0
2003-01-06 00:00:00-05:00,1.8799999952316284,1.899999976158142,1.8200000524520874,1.8600000143051147,522700,0.0,0.0
2003-01-07 00:00:00-05:00,1.899999976158142,1.899999976158142,1.7300000190734863,1.7400000095367432,826100,0.0,0.0
2003-01-08 00:00:00-05:00,1.7200000286102295,1.7400000095367432,1.659999966621399,1.659999966621399,502600,0.0,0.0
2003-01-09 00:00:00-05:00,1.7400000095367432,1.7899999618530273,1.6799999475479126,1.7799999713897705,740600,0.0,0.0
2003-01-10 00:00:00-05:00,1.7799999713897705,1.850000023841858,1.690000057220459,1.7699999809265137,922200,0.0,0.0
2003-01-13 00:00:00-05:00,1.7999999523162842,1.8700000047683716,1.7200000286102295,1.7699999809265137,426300,0.0,0.0
2003-01-14 00:00:00-05:00,1.7999999523162842,1.850000023841858,1.75,1.809999942779541,894800,0.0,0.0
2003-01-15 00:00:00-05:00,1.8600000143051147,1.8700000047683716,1.6799999475479126,1.7599999904632568,1045100,0.0,0.0
2003-01-16 00:00:00-05:00,1.7200000286102295,1.7599999904632568,1.649999976158142,1.7000000476837158,529600,0.0,0.0
2003-01-17 00:00:00-05:00,1.649999976158142,1.649999976158142,1.5199999809265137,1.5399999618530273,1316600,0.0,0.0
2003-01-21 00:00:00-05:00,1.5399999618530273,1.5800000429153442,1.409999966621399,1.4900000095367432,1507400,0.0,0.0
2003-01-22 00:00:00-05:00,1.399999976158142,1.5,1.399999976158142,1.4800000190734863,1031400,0.0,0.0
2003-01-23 00:00:00-05:00,1.559999942779541,1.559999942779541,1.4500000476837158,1.5,653600,0.0,0.0
2003-01-24 00:00:00-05:00,1.5299999713897705,1.5399999618530273,1.399999976158142,1.399999976158142,1501800,0.0,0.0
2003-01-27 00:00:00-05:00,1.399999976158142,1.4199999570846558,1.2599999904632568,1.309999942779541,1663600,0.0,0.0
2003-01-28 00:00:00-05:00,1.4199999570846558,1.4600000381469727,1.309999942779541,1.3600000143051147,1384500,0.0,0.0
2003-01-29 00:00:00-05:00,1.4500000476837158,1.5099999904632568,1.350000023841858,1.4299999475479126,1441400,0.0,0.0
2003-01-30 00:00:00-05:00,1.399999976158142,1.4500000476837158,1.2799999713897705,1.3899999856948853,824800,0.0,0.0
2003-01-31 00:00:00-05:00,1.3600000143051147,1.3899999856948853,1.2999999523162842,1.3300000429153442,705000,0.0,0.0
2003-02-03 00:00:00-05:00,1.3300000429153442,1.350000023841858,1.2799999713897705,1.309999942779541,1633700,0.0,0.0
2003-02-04 00:00:00-05:00,1.2999999523162842,1.309999942779541,1.1799999475479126,1.2300000190734863,1406100,0.0,0.0
2003-02-05 00:00:00-05:00,1.2200000286102295,1.2999999523162842,1.2000000476837158,1.2599999904632568,610900,0.0,0.0
2003-02-06 00:00:00-05:00,1.25,1.350000023841858,1.1799999475479126,1.2699999809265137,375900,0.0,0.0
2003-02-07 00:00:00-05:00,1.350000023841858,1.5,1.2999999523162842,1.4199999570846558,812700,0.0,0.0
2003-02-10 00:00:00-05:00,1.4500000476837158,1.5199999809265137,1.340000033378601,1.350000023841858,1295000,0.0,0.0
2003-02-11 00:00:00-05:00,1.399999976158142,1.4199999570846558,1.25,1.2699999809265137,1292200,0.0,0.0
2003-02-12 00:00:00-05:00,1.2699999809265137,1.340000033378601,1.2200000286102295,1.2300000190734863,397100,0.0,0.0
2003-02-13 00:00:00-05:00,1.2899999618530273,1.3200000524520874,1.2300000190734863,1.2300000190734863,538500,0.0,0.0
2003-02-14 00:00:00-05:00,1.2599999904632568,1.350000023841858,1.2400000095367432,1.3300000429153442,444500,0.0,0.0
2003-02-18 00:00:00-05:00,1.3600000143051147,1.4600000381469727,1.340000033378601,1.4299999475479126,675700,0.0,0.0
2003-02-19 00:00:00-05:00,1.440000057220459,1.4600000381469727,1.399999976158142,1.440000057220459,356900,0.0,0.0
2003-02-20 00:00:00-05:00,1.409999966621399,1.4800000190734863,1.3600000143051147,1.3799999952316284,297700,0.0,0.0
2003-02-21 00:00:00-05:00,1.3899999856948853,1.4800000190734863,1.350000023841858,1.4600000381469727,337800,0.0,0.0
2003-02-24 00:00:00-05:00,1.3899999856948853,1.440000057220459,1.350000023841858,1.399999976158142,375800,0.0,0.0
2003-02-25 00:00:00-05:00,1.3700000047683716,1.5800000429153442,1.350000023841858,1.5399999618530273,531600,0.0,0.0
2003-02-26 00:00:00-05:00,1.5199999809265137,1.7200000286102295,1.5,1.600000023841858,1119900,0.0,0.0
2003-02-27 00:00:00-05:00,1.600000023841858,1.6200000047683716,1.4600000381469727,1.5800000429153442,551100,0.0,0.0
2003-02-28 00:00:00-05:00,1.5499999523162842,1.600000023841858,1.5,1.5299999713897705,315100,0.0,0.0
2003-03-03 00:00:00-05:00,1.5700000524520874,1.590000033378601,1.4900000095367432,1.5,359300,0.0,0.0
2003-03-04 00:00:00-05:00,1.4600000381469727,1.5,1.3700000047683716,1.399999976158142,478200,0.0,0.0
2003-03-05 00:00:00-05:00,1.4199999570846558,1.4199999570846558,1.3600000143051147,1.399999976158142,250600,0.0,0.0
2003-03-06 00:00:00-05:00,1.3200000524520874,1.399999976158142,1.3200000524520874,1.3300000429153442,599300,0.0,0.0
2003-03-07 00:00:00-05:00,1.3300000429153442,1.440000057220459,1.2999999523162842,1.3600000143051147,762300,0.0,0.0
2003-03-10 00:00:00-05:00,1.3600000143051147,1.3799999952316284,1.2999999523162842,1.3200000524520874,283800,0.0,0.0
2003-03-11 00:00:00-05:00,1.3200000524520874,1.3600000143051147,1.2999999523162842,1.3300000429153442,260400,0.0,0.0
2003-03-12 00:00:00-05:00,1.3300000429153442,1.350000023841858,1.2799999713897705,1.3200000524520874,442500,0.0,0.0
2003-03-13 00:00:00-05:00,1.2899999618530273,1.4299999475479126,1.2899999618530273,1.3899999856948853,872000,0.0,0.0
2003-03-14 00:00:00-05:00,1.409999966621399,1.4500000476837158,1.350000023841858,1.3600000143051147,564700,0.0,0.0
2003-03-17 00:00:00-05:00,1.350000023841858,1.4800000190734863,1.3200000524520874,1.4800000190734863,584800,0.0,0.0
2003-03-18 00:00:00-05:00,1.4800000190734863,1.590000033378601,1.4700000286102295,1.5499999523162842,793400,0.0,0.0
2003-03-19 00:00:00-05:00,1.559999942779541,1.5700000524520874,1.4299999475479126,1.5,518400,0.0,0.0
2003-03-20 00:00:00-05:00,1.399999976158142,1.590000033378601,1.399999976158142,1.5,456300,0.0,0.0
2003-03-21 00:00:00-05:00,1.5,1.5800000429153442,1.409999966621399,1.4500000476837158,794900,0.0,0.0
2003-03-24 00:00:00-05:00,1.4199999570846558,1.4600000381469727,1.3200000524520874,1.3600000143051147,431100,0.0,0.0
2003-03-25 00:00:00-05:00,1.340000033378601,1.4600000381469727,1.340000033378601,1.409999966621399,319500,0.0,0.0
2003-03-26 00:00:00-05:00,1.399999976158142,1.4299999475479126,1.3200000524520874,1.3600000143051147,257400,0.0,0.0
2003-03-27 00:00:00-05:00,1.3600000143051147,1.4500000476837158,1.3600000143051147,1.4500000476837158,377300,0.0,0.0
2003-03-28 00:00:00-05:00,1.4299999475479126,1.5,1.3899999856948853,1.4900000095367432,260700,0.0,0.0
2003-03-31 00:00:00-05:00,1.4500000476837158,1.4800000190734863,1.3600000143051147,1.409999966621399,594300,0.0,0.0
2003-04-01 00:00:00-05:00,1.440000057220459,1.4600000381469727,1.3799999952316284,1.409999966621399,199000,0.0,0.0
2003-04-02 00:00:00-05:00,1.4299999475479126,1.5199999809265137,1.409999966621399,1.5,451700,0.0,0.0
2003-04-03 00:00:00-05:00,1.4199999570846558,1.4800000190734863,1.4199999570846558,1.4500000476837158,752900,0.0,0.0
2003-04-04 00:00:00-05:00,1.4500000476837158,1.4600000381469727,1.3799999952316284,1.4299999475479126,421100,0.0,0.0
2003-04-07 00:00:00-04:00,1.4900000095367432,1.5399999618530273,1.4500000476837158,1.4900000095367432,953300,0.0,0.0
2003-04-08 00:00:00-04:00,1.4700000286102295,1.5,1.4600000381469727,1.4900000095367432,367100,0.0,0.0
2003-04-09 00:00:00-04:00,1.4900000095367432,1.5099999904632568,1.409999966621399,1.4500000476837158,372100,0.0,0.0
2003-04-10 00:00:00-04:00,1.440000057220459,1.4700000286102295,1.399999976158142,1.409999966621399,213400,0.0,0.0
2003-04-11 00:00:00-04:00,1.440000057220459,1.4500000476837158,1.399999976158142,1.399999976158142,270800,0.0,0.0
2003-04-14 00:00:00-04:00,1.4199999570846558,1.440000057220459,1.3799999952316284,1.4199999570846558,323200,0.0,0.0
2003-04-15 00:00:00-04:00,1.3799999952316284,1.440000057220459,1.3799999952316284,1.399999976158142,351200,0.0,0.0
2003-04-16 00:00:00-04:00,1.440000057220459,1.440000057220459,1.3600000143051147,1.399999976158142,361100,0.0,0.0
2003-04-17 00:00:00-04:00,1.440000057220459,1.4600000381469727,1.3700000047683716,1.4500000476837158,374600,0.0,0.0
2003-04-21 00:00:00-04:00,1.4500000476837158,1.690000057220459,1.4199999570846558,1.659999966621399,1350100,0.0,0.0
2003-04-22 00:00:00-04:00,1.590000033378601,2.049999952316284,1.559999942779541,2.0199999809265137,3788000,0.0,0.0
2003-04-23 00:00:00-04:00,2.190000057220459,2.75,2.0999999046325684,2.740000009536743,6771900,0.0,0.0
2003-04-24 00:00:00-04:00,2.7300000190734863,2.7300000190734863,2.130000114440918,2.1700000762939453,3953500,0.0,0.0
2003-04-25 00:00:00-04:00,2.130000114440918,2.4800000190734863,2.059999942779541,2.299999952316284,2332000,0.0,0.0
2003-04-28 00:00:00-04:00,2.2899999618530273,2.4600000381469727,2.25,2.450000047683716,1378800,0.0,0.0
2003-04-29 00:00:00-04:00,2.490000009536743,2.569999933242798,2.3299999237060547,2.4200000762939453,1503000,0.0,0.0
2003-04-30 00:00:00-04:00,2.4100000858306885,2.440000057220459,2.299999952316284,2.4200000762939453,1424400,0.0,0.0
2003-05-01 00:00:00-04:00,2.509999990463257,2.5399999618530273,2.299999952316284,2.390000104904175,2128300,0.0,0.0
2003-05-02 00:00:00-04:00,2.380000114440918,2.700000047683716,2.359999895095825,2.559999942779541,2355100,0.0,0.0
2003-05-05 00:00:00-04:00,2.7300000190734863,3.319999933242798,2.7200000286102295,3.259999990463257,6377200,0.0,0.0
2003-05-06 00:00:00-04:00,3.299999952316284,3.6600000858306885,3.200000047683716,3.2699999809265137,5289900,0.0,0.0
2003-05-07 00:00:00-04:00,3.2799999713897705,3.5,3.049999952316284,3.5,3026000,0.0,0.0
2003-05-08 00:00:00-04:00,3.5,3.5199999809265137,3.3399999141693115,3.4800000190734863,1613800,0.0,0.0
2003-05-09 00:00:00-04:00,3.5299999713897705,3.549999952316284,3.299999952316284,3.319999933242798,2004700,0.0,0.0
2003-05-12 00:00:00-04:00,3.2799999713897705,3.5299999713897705,3.1700000762939453,3.490000009536743,1456600,0.0,0.0
2003-05-13 00:00:00-04:00,3.3399999141693115,3.75,3.309999942779541,3.6600000858306885,2153500,0.0,0.0
2003-05-14 00:00:00-04:00,3.799999952316284,3.8299999237060547,3.5999999046325684,3.8299999237060547,1449400,0.0,0.0
2003-05-15 00:00:00-04:00,3.9000000953674316,3.940000057220459,3.700000047683716,3.7100000381469727,2078300,0.0,0.0
2003-05-16 00:00:00-04:00,3.640000104904175,3.700000047683716,3.3299999237060547,3.369999885559082,1785900,0.0,0.0
2003-05-19 00:00:00-04:00,3.259999990463257,3.299999952316284,2.9700000286102295,3.0,2863400,0.0,0.0
2003-05-20 00:00:00-04:00,3.0,3.490000009536743,2.9700000286102295,3.3299999237060547,2683100,0.0,0.0
2003-05-21 00:00:00-04:00,3.369999885559082,3.490000009536743,3.3499999046325684,3.4000000953674316,868400,0.0,0.0
2003-05-22 00:00:00-04:00,3.440000057220459,3.799999952316284,3.4200000762939453,3.640000104904175,2346300,0.0,0.0
2003-05-23 00:00:00-04:00,3.75,3.75,3.5999999046325684,3.640000104904175,773500,0.0,0.0
2003-05-27 00:00:00-04:00,3.5999999046325684,3.809999942779541,3.5799999237060547,3.75,1577100,0.0,0.0
2003-05-28 00:00:00-04:00,3.7799999713897705,3.8499999046325684,3.569999933242798,3.6700000762939453,1255200,0.0,0.0
2003-05-29 00:00:00-04:00,3.6600000858306885,3.75,3.4800000190734863,3.6500000953674316,1338800,0.0,0.0
2003-05-30 00:00:00-04:00,3.700000047683716,3.740000009536743,3.569999933242798,3.6600000858306885,1114400,0.0,0.0
2003-06-02 00:00:00-04:00,3.75,3.859999895095825,3.6600000858306885,3.690000057220459,2104400,0.0,0.0
2003-06-03 00:00:00-04:00,3.6500000953674316,3.690000057220459,3.559999942779541,3.5999999046325684,1049800,0.0,0.0
2003-06-04 00:00:00-04:00,3.549999952316284,3.9800000190734863,3.549999952316284,3.9000000953674316,1961700,0.0,0.0
2003-06-05 00:00:00-04:00,3.8399999141693115,4.579999923706055,3.799999952316284,4.46999979019165,5708000,0.0,0.0
2003-06-06 00:00:00-04:00,4.789999961853027,4.800000190734863,4.300000190734863,4.420000076293945,3887400,0.0,0.0
2003-06-09 00:00:00-04:00,4.449999809265137,4.510000228881836,4.050000190734863,4.139999866485596,1655900,0.0,0.0
2003-06-10 00:00:00-04:00,4.369999885559082,4.610000133514404,4.230000019073486,4.559999942779541,1587900,0.0,0.0
2003-06-11 00:00:00-04:00,4.550000190734863,5.099999904632568,4.550000190734863,5.03000020980835,3873000,0.0,0.0
2003-06-12 00:00:00-04:00,5.230000019073486,5.25,4.800000190734863,5.119999885559082,2402800,0.0,0.0
2003-06-13 00:00:00-04:00,5.130000114440918,5.199999809265137,4.800000190734863,5.099999904632568,1419600,0.0,0.0
2003-06-16 00:00:00-04:00,5.25,5.260000228881836,4.829999923706055,4.829999923706055,1638800,0.0,0.0
2003-06-17 00:00:00-04:00,5.010000228881836,5.340000152587891,4.869999885559082,5.269999980926514,2823800,0.0,0.0
2003-06-18 00:00:00-04:00,5.199999809265137,5.570000171661377,5.099999904632568,5.519999980926514,2255500,0.0,0.0
2003-06-19 00:00:00-04:00,5.510000228881836,5.900000095367432,5.480000019073486,5.75,2303200,0.0,0.0
2003-06-20 00:00:00-04:00,5.849999904632568,5.929999828338623,5.420000076293945,5.579999923706055,1815500,0.0,0.0
2003-06-23 00:00:00-04:00,5.670000076293945,5.789999961853027,5.0,5.039999961853027,2867800,0.0,0.0
2003-06-24 00:00:00-04:00,5.0,5.190000057220459,4.590000152587891,4.730000019073486,2428300,0.0,0.0
2003-06-25 00:00:00-04:00,4.75,5.070000171661377,4.75,4.769999980926514,1406500,0.0,0.0
2003-06-26 00:00:00-04:00,4.739999771118164,4.989999771118164,4.650000095367432,4.909999847412109,1105200,0.0,0.0
2003-06-27 00:00:00-04:00,5.099999904632568,5.199999809265137,4.869999885559082,4.940000057220459,1613200,0.0,0.0
2003-06-30 00:00:00-04:00,5.179999828338623,5.179999828338623,4.699999809265137,4.78000020980835,1890100,0.0,0.0
2003-07-01 00:00:00-04:00,4.769999980926514,4.860000133514404,4.119999885559082,4.46999979019165,3155700,0.0,0.0
2003-07-02 00:00:00-04:00,4.730000019073486,4.900000095367432,4.599999904632568,4.789999961853027,2431800,0.0,0.0
2003-07-03 00:00:00-04:00,4.590000152587891,4.820000171661377,4.590000152587891,4.710000038146973,1432100,0.0,0.0
2003-07-07 00:00:00-04:00,4.860000133514404,5.150000095367432,4.849999904632568,5.050000190734863,1853600,0.0,0.0
2003-07-08 00:00:00-04:00,5.159999847412109,5.300000190734863,4.949999809265137,5.289999961853027,1891200,0.0,0.0
2003-07-09 00:00:00-04:00,5.21999979019165,5.369999885559082,5.099999904632568,5.300000190734863,2495100,0.0,0.0
2003-07-10 00:00:00-04:00,5.099999904632568,5.449999809265137,5.079999923706055,5.28000020980835,2131800,0.0,0.0
2003-07-11 00:00:00-04:00,5.25,5.289999961853027,5.159999847412109,5.269999980926514,962400,0.0,0.0
2003-07-14 00:00:00-04:00,5.460000038146973,5.650000095367432,5.369999885559082,5.639999866485596,2875500,0.0,0.0
2003-07-15 00:00:00-04:00,5.75,5.900000095367432,5.510000228881836,5.590000152587891,1676000,0.0,0.0
2003-07-16 00:00:00-04:00,5.71999979019165,5.739999771118164,5.340000152587891,5.440000057220459,1231400,0.0,0.0
2003-07-17 00:00:00-04:00,5.179999828338623,5.199999809265137,4.980000019073486,5.050000190734863,1830200,0.0,0.0
2003-07-18 00:00:00-04:00,5.010000228881836,5.329999923706055,5.010000228881836,5.159999847412109,802900,0.0,0.0
2003-07-21 00:00:00-04:00,5.090000152587891,5.150000095367432,4.860000133514404,4.920000076293945,1220600,0.0,0.0
2003-07-22 00:00:00-04:00,4.989999771118164,5.110000133514404,4.880000114440918,4.949999809265137,925100,0.0,0.0
2003-07-23 00:00:00-04:00,4.889999866485596,4.909999847412109,4.659999847412109,4.71999979019165,1591300,0.0,0.0
2003-07-24 00:00:00-04:00,4.739999771118164,5.0,4.730000019073486,4.949999809265137,1158100,0.0,0.0
2003-07-25 00:00:00-04:00,4.960000038146973,5.059999942779541,4.78000020980835,4.989999771118164,668800,0.0,0.0
2003-07-28 00:00:00-04:00,4.960000038146973,5.28000020980835,4.960000038146973,5.239999771118164,878200,0.0,0.0
2003-07-29 00:00:00-04:00,5.230000019073486,5.300000190734863,5.010000228881836,5.130000114440918,913100,0.0,0.0
2003-07-30 00:00:00-04:00,5.25,5.25,4.989999771118164,5.099999904632568,1107900,0.0,0.0
2003-07-31 00:00:00-04:00,5.150000095367432,5.239999771118164,4.550000190734863,4.579999923706055,2633400,0.0,0.0
2003-08-01 00:00:00-04:00,4.53000020980835,4.570000171661377,3.809999942779541,3.9700000286102295,7783000,0.0,0.0
2003-08-04 00:00:00-04:00,3.9800000190734863,4.039999961853027,3.8499999046325684,3.880000114440918,2425200,0.0,0.0
2003-08-05 00:00:00-04:00,3.75,3.7899999618530273,3.3499999046325684,3.4100000858306885,5518000,0.0,0.0
2003-08-06 00:00:00-04:00,3.4600000381469727,3.609999895095825,3.2200000286102295,3.25,3791100,0.0,0.0
2003-08-07 00:00:00-04:00,3.3499999046325684,3.940000057220459,3.299999952316284,3.75,4925800,0.0,0.0
2003-08-08 00:00:00-04:00,3.799999952316284,3.990000009536743,3.5799999237060547,3.700000047683716,2303400,0.0,0.0
2003-08-11 00:00:00-04:00,3.880000114440918,3.940000057220459,3.7100000381469727,3.9000000953674316,1065600,0.0,0.0
2003-08-12 00:00:00-04:00,3.9800000190734863,4.0,3.759999990463257,3.9100000858306885,685800,0.0,0.0
2003-08-13 00:00:00-04:00,3.9000000953674316,4.070000171661377,3.869999885559082,4.0,1115600,0.0,0.0
2003-08-14 00:00:00-04:00,4.070000171661377,4.179999828338623,4.03000020980835,4.130000114440918,1114700,0.0,0.0
2003-08-15 00:00:00-04:00,4.119999885559082,4.159999847412109,3.9200000762939453,3.990000009536743,784900,0.0,0.0
2003-08-18 00:00:00-04:00,4.059999942779541,4.110000133514404,3.8499999046325684,3.950000047683716,1264600,0.0,0.0
2003-08-19 00:00:00-04:00,4.010000228881836,4.059999942779541,3.869999885559082,4.059999942779541,1166500,0.0,0.0
2003-08-20 00:00:00-04:00,4.010000228881836,4.099999904632568,3.9600000381469727,4.070000171661377,660600,0.0,0.0
2003-08-21 00:00:00-04:00,4.019999980926514,4.239999771118164,4.019999980926514,4.239999771118164,1880000,0.0,0.0
2003-08-22 00:00:00-04:00,4.289999961853027,4.400000095367432,3.950000047683716,4.010000228881836,1638400,0.0,0.0
2003-08-25 00:00:00-04:00,4.0,4.03000020980835,3.799999952316284,3.940000057220459,859800,0.0,0.0
2003-08-26 00:00:00-04:00,3.940000057220459,4.099999904632568,3.819999933242798,4.099999904632568,506400,0.0,0.0
2003-08-27 00:00:00-04:00,4.0,4.130000114440918,4.0,4.090000152587891,524600,0.0,0.0
2003-08-28 00:00:00-04:00,4.130000114440918,4.25,4.050000190734863,4.119999885559082,674700,0.0,0.0
2003-08-29 00:00:00-04:00,4.150000095367432,4.230000019073486,4.150000095367432,4.159999847412109,711700,0.0,0.0
2003-09-02 00:00:00-04:00,4.130000114440918,4.5,4.099999904632568,4.46999979019165,1578700,0.0,0.0
2003-09-03 00:00:00-04:00,4.519999980926514,4.929999828338623,4.510000228881836,4.889999866485596,3248200,0.0,0.0
2003-09-04 00:00:00-04:00,4.880000114440918,4.980000019073486,4.800000190734863,4.880000114440918,1211000,0.0,0.0
2003-09-05 00:00:00-04:00,4.820000171661377,4.840000152587891,4.639999866485596,4.650000095367432,963900,0.0,0.0
2003-09-08 00:00:00-04:00,4.670000076293945,4.800000190734863,4.510000228881836,4.710000038146973,810300,0.0,0.0
2003-09-09 00:00:00-04:00,4.679999828338623,4.789999961853027,4.349999904632568,4.510000228881836,1592000,0.0,0.0
2003-09-10 00:00:00-04:00,4.480000019073486,4.5,4.300000190734863,4.320000171661377,860000,0.0,0.0
2003-09-11 00:00:00-04:00,4.329999923706055,4.650000095367432,4.289999961853027,4.590000152587891,966900,0.0,0.0
2003-09-12 00:00:00-04:00,4.559999942779541,4.650000095367432,4.400000095367432,4.650000095367432,624600,0.0,0.0
2003-09-15 00:00:00-04:00,4.650000095367432,4.75,4.519999980926514,4.539999961853027,627800,0.0,0.0
2003-09-16 00:00:00-04:00,4.570000171661377,4.829999923706055,4.559999942779541,4.789999961853027,1013000,0.0,0.0
2003-09-17 00:00:00-04:00,4.829999923706055,5.139999866485596,4.650000095367432,5.139999866485596,2447800,0.0,0.0
2003-09-18 00:00:00-04:00,5.019999980926514,5.25,5.0,5.099999904632568,1529100,0.0,0.0
2003-09-19 00:00:00-04:00,5.0,5.260000228881836,4.980000019073486,5.119999885559082,1428100,0.0,0.0
2003-09-22 00:00:00-04:00,4.920000076293945,5.289999961853027,4.900000095367432,5.119999885559082,1907400,0.0,0.0
2003-09-23 00:00:00-04:00,5.190000057220459,5.300000190734863,5.159999847412109,5.21999979019165,1597100,0.0,0.0
2003-09-24 00:00:00-04:00,5.289999961853027,5.300000190734863,5.019999980926514,5.050000190734863,1745900,0.0,0.0
2003-09-25 00:00:00-04:00,5.0,5.059999942779541,4.650000095367432,4.710000038146973,1451000,0.0,0.0
2003-09-26 00:00:00-04:00,4.710000038146973,4.800000190734863,4.329999923706055,4.599999904632568,1663300,0.0,0.0
2003-09-29 00:00:00-04:00,4.579999923706055,4.78000020980835,4.409999847412109,4.489999771118164,1771900,0.0,0.0
2003-09-30 00:00:00-04:00,4.489999771118164,4.519999980926514,4.28000020980835,4.289999961853027,929800,0.0,0.0
2003-10-01 00:00:00-04:00,4.369999885559082,4.5,3.390000104904175,4.269999980926514,1973200,0.0,0.0
2003-10-02 00:00:00-04:00,4.21999979019165,4.46999979019165,4.210000038146973,4.46999979019165,717100,0.0,0.0
2003-10-03 00:00:00-04:00,4.550000190734863,4.710000038146973,4.53000020980835,4.630000114440918,797300,0.0,0.0
2003-10-06 00:00:00-04:00,4.760000228881836,4.789999961853027,4.599999904632568,4.599999904632568,745500,0.0,0.0
2003-10-07 00:00:00-04:00,4.559999942779541,4.739999771118164,4.46999979019165,4.699999809265137,1005000,0.0,0.0
2003-10-08 00:00:00-04:00,4.75,5.199999809265137,4.650000095367432,5.199999809265137,1908000,0.0,0.0
2003-10-09 00:00:00-04:00,5.25,5.5,5.010000228881836,5.179999828338623,2844700,0.0,0.0
2003-10-10 00:00:00-04:00,5.199999809265137,5.25,5.03000020980835,5.070000171661377,761800,0.0,0.0
2003-10-13 00:00:00-04:00,5.099999904632568,5.519999980926514,5.079999923706055,5.489999771118164,2514800,0.0,0.0
2003-10-14 00:00:00-04:00,5.519999980926514,6.71999979019165,5.349999904632568,5.75,3267100,0.0,0.0
2003-10-15 00:00:00-04:00,5.849999904632568,5.940000057220459,5.559999942779541,5.619999885559082,2049100,0.0,0.0
2003-10-16 00:00:00-04:00,5.539999961853027,5.800000190734863,5.480000019073486,5.789999961853027,1347400,0.0,0.0
2003-10-17 00:00:00-04:00,5.789999961853027,5.789999961853027,5.400000095367432,5.449999809265137,1319800,0.0,0.0
2003-10-20 00:00:00-04:00,5.449999809265137,5.849999904632568,5.230000019073486,5.789999961853027,2012200,0.0,0.0
2003-10-21 00:00:00-04:00,5.849999904632568,6.349999904632568,5.809999942779541,6.349999904632568,6972000,0.0,0.0
2003-10-22 00:00:00-04:00,6.199999809265137,6.300000190734863,5.809999942779541,5.880000114440918,2332400,0.0,0.0
2003-10-23 00:00:00-04:00,5.71999979019165,6.010000228881836,5.570000171661377,5.900000095367432,1682100,0.0,0.0
2003-10-24 00:00:00-04:00,5.809999942779541,5.889999866485596,5.559999942779541,5.760000228881836,1433000,0.0,0.0
2003-10-27 00:00:00-05:00,5.920000076293945,6.130000114440918,5.699999809265137,5.869999885559082,1717400,0.0,0.0
2003-10-28 00:00:00-05:00,5.900000095367432,6.059999942779541,5.860000133514404,5.989999771118164,2008900,0.0,0.0
2003-10-29 00:00:00-05:00,6.03000020980835,6.239999771118164,5.820000171661377,5.960000038146973,4293100,0.0,0.0
2003-10-30 00:00:00-05:00,7.550000190734863,8.329999923706055,7.349999904632568,8.0,29418500,0.0,0.0
2003-10-31 00:00:00-05:00,7.71999979019165,8.149999618530273,7.539999961853027,7.900000095367432,7785500,0.0,0.0
2003-11-03 00:00:00-05:00,8.119999885559082,9.529999732971191,8.100000381469727,9.3100004196167,14921700,0.0,0.0
2003-11-04 00:00:00-05:00,9.270000457763672,9.420000076293945,9.050000190734863,9.420000076293945,6877900,0.0,0.0
2003-11-05 00:00:00-05:00,9.220000267028809,9.300000190734863,8.8100004196167,9.100000381469727,5082200,0.0,0.0
2003-11-06 00:00:00-05:00,8.949999809265137,9.25,8.930000305175781,9.079999923706055,2776700,0.0,0.0
2003-11-07 00:00:00-05:00,9.40999984741211,10.75,9.34000015258789,10.300000190734863,12630700,0.0,0.0
2003-11-10 00:00:00-05:00,10.640000343322754,11.59000015258789,10.5,11.039999961853027,13130600,0.0,0.0
2003-11-11 00:00:00-05:00,10.8100004196167,10.850000381469727,9.970000267028809,10.4399995803833,10029800,0.0,0.0
2003-11-12 00:00:00-05:00,11.489999771118164,11.520000457763672,10.90999984741211,11.010000228881836,9580600,0.0,0.0
2003-11-13 00:00:00-05:00,10.9399995803833,11.479999542236328,10.710000038146973,11.199999809265137,4492700,0.0,0.0
2003-11-14 00:00:00-05:00,11.130000114440918,11.880000114440918,10.770000457763672,10.970000267028809,9121600,0.0,0.0
2003-11-17 00:00:00-05:00,10.739999771118164,11.550000190734863,10.529999732971191,11.369999885559082,6583200,0.0,0.0
2003-11-18 00:00:00-05:00,11.479999542236328,11.829999923706055,10.90999984741211,11.039999961853027,6297000,0.0,0.0
2003-11-19 00:00:00-05:00,11.0,11.300000190734863,10.800000190734863,11.199999809265137,5914600,0.0,0.0
2003-11-20 00:00:00-05:00,10.899999618530273,11.529999732971191,10.800000190734863,11.239999771118164,5542600,0.0,0.0
2003-11-21 00:00:00-05:00,11.34000015258789,11.489999771118164,11.020000457763672,11.369999885559082,3287800,0.0,0.0
2003-11-24 00:00:00-05:00,11.680000305175781,12.9399995803833,11.470000267028809,12.829999923706055,8130000,0.0,0.0
2003-11-25 00:00:00-05:00,13.149999618530273,13.5,12.960000038146973,13.109999656677246,9257900,0.0,0.0
2003-11-26 00:00:00-05:00,13.350000381469727,13.399999618530273,12.640000343322754,13.029999732971191,5114100,0.0,0.0
2003-11-28 00:00:00-05:00,12.699999809265137,13.430000305175781,12.649999618530273,13.399999618530273,2251300,0.0,0.0
2003-12-01 00:00:00-05:00,13.670000076293945,13.850000381469727,13.449999809265137,13.600000381469727,4187300,0.0,0.0
2003-12-02 00:00:00-05:00,13.539999961853027,14.199999809265137,13.5,13.789999961853027,5587800,0.0,0.0
2003-12-03 00:00:00-05:00,14.0600004196167,14.149999618530273,13.130000114440918,13.289999961853027,5168800,0.0,0.0
2003-12-04 00:00:00-05:00,13.399999618530273,13.479999542236328,11.180000305175781,11.710000038146973,15631400,0.0,0.0
2003-12-05 00:00:00-05:00,11.199999809265137,11.890000343322754,10.8100004196167,11.5,6594900,0.0,0.0
2003-12-08 00:00:00-05:00,10.819999694824219,11.710000038146973,10.779999732971191,10.979999542236328,5533900,0.0,0.0
2003-12-09 00:00:00-05:00,10.390000343322754,10.8100004196167,10.1899995803833,10.350000381469727,12219500,0.0,0.0
2003-12-10 00:00:00-05:00,10.399999618530273,10.680000305175781,10.369999885559082,10.539999961853027,5785600,0.0,0.0
2003-12-11 00:00:00-05:00,10.680000305175781,11.550000190734863,10.569999694824219,11.369999885559082,10429500,0.0,0.0
2003-12-12 00:00:00-05:00,11.770000457763672,11.800000190734863,11.270000457763672,11.420000076293945,4112700,0.0,0.0
2003-12-15 00:00:00-05:00,12.229999542236328,12.3100004196167,11.079999923706055,11.15999984741211,5154100,0.0,0.0
2003-12-16 00:00:00-05:00,11.069999694824219,11.100000381469727,10.5,10.819999694824219,4220900,0.0,0.0
2003-12-17 00:00:00-05:00,10.779999732971191,11.09000015258789,10.510000228881836,10.949999809265137,2352000,0.0,0.0
2003-12-18 00:00:00-05:00,10.949999809265137,11.5,10.930000305175781,11.350000381469727,2893800,0.0,0.0
2003-12-19 00:00:00-05:00,11.539999961853027,11.600000381469727,11.050000190734863,11.199999809265137,1748300,0.0,0.0
2003-12-22 00:00:00-05:00,10.949999809265137,11.199999809265137,10.75,10.970000267028809,3032000,0.0,0.0
2003-12-23 00:00:00-05:00,10.859999656677246,11.199999809265137,10.800000190734863,11.140000343322754,1780000,0.0,0.0
2003-12-24 00:00:00-05:00,11.109999656677246,11.149999618530273,10.869999885559082,10.920000076293945,1172000,0.0,0.0
2003-12-26 00:00:00-05:00,10.890000343322754,11.029999732971191,10.75,10.949999809265137,533600,0.0,0.0
2003-12-29 00:00:00-05:00,11.0,11.369999885559082,10.9399995803833,11.270000457763672,2178700,0.0,0.0
2003-12-30 00:00:00-05:00,11.319999694824219,11.470000267028809,11.050000190734863,11.079999923706055,1822600,0.0,0.0
2003-12-31 00:00:00-05:00,11.010000228881836,11.100000381469727,10.75,10.760000228881836,2418700,0.0,0.0
2004-01-02 00:00:00-05:00,10.850000381469727,10.949999809265137,10.739999771118164,10.779999732971191,2169300,0.0,0.0
2004-01-05 00:00:00-05:00,10.789999961853027,11.229999542236328,10.75,11.010000228881836,4299000,0.0,0.0
2004-01-06 00:00:00-05:00,10.949999809265137,12.09000015258789,10.899999618530273,11.979999542236328,9032400,0.0,0.0
2004-01-07 00:00:00-05:00,12.199999809265137,12.800000190734863,12.109999656677246,12.6899995803833,8602200,0.0,0.0
2004-01-08 00:00:00-05:00,12.489999771118164,13.170000076293945,12.369999885559082,13.0,5202400,0.0,0.0
2004-01-09 00:00:00-05:00,12.829999923706055,13.989999771118164,12.680000305175781,13.229999542236328,6843500,0.0,0.0
2004-01-12 00:00:00-05:00,13.5600004196167,13.920000076293945,13.3100004196167,13.880000114440918,4434100,0.0,0.0
2004-01-13 00:00:00-05:00,13.899999618530273,13.920000076293945,13.199999809265137,13.529999732971191,4660200,0.0,0.0
2004-01-14 00:00:00-05:00,13.600000381469727,14.350000381469727,13.510000228881836,14.329999923706055,5535900,0.0,0.0
2004-01-15 00:00:00-05:00,14.119999885559082,14.899999618530273,14.069999694824219,14.59000015258789,7141900,0.0,0.0
2004-01-16 00:00:00-05:00,14.600000381469727,14.899999618530273,14.399999618530273,14.680000305175781,2992900,0.0,0.0
2004-01-20 00:00:00-05:00,14.760000228881836,14.850000381469727,14.25,14.670000076293945,2405300,0.0,0.0
2004-01-21 00:00:00-05:00,14.479999542236328,14.600000381469727,14.210000038146973,14.449999809265137,2198000,0.0,0.0
2004-01-22 00:00:00-05:00,14.5,14.550000190734863,13.5,13.5,3733400,0.0,0.0
2004-01-23 00:00:00-05:00,13.369999885559082,14.09000015258789,13.350000381469727,14.039999961853027,2632600,0.0,0.0
2004-01-26 00:00:00-05:00,14.079999923706055,14.1899995803833,13.670000076293945,14.010000228881836,2464700,0.0,0.0
2004-01-27 00:00:00-05:00,14.010000228881836,14.4399995803833,13.550000190734863,13.600000381469727,2134900,0.0,0.0
2004-01-28 00:00:00-05:00,13.829999923706055,13.9399995803833,12.760000228881836,12.920000076293945,2542800,0.0,0.0
2004-01-29 00:00:00-05:00,13.039999961853027,13.399999618530273,12.40999984741211,12.850000381469727,3088500,0.0,0.0
2004-01-30 00:00:00-05:00,12.880000114440918,13.390000343322754,12.640000343322754,12.949999809265137,2570300,0.0,0.0
2004-02-02 00:00:00-05:00,13.170000076293945,13.300000190734863,12.5600004196167,12.699999809265137,2087500,0.0,0.0
2004-02-03 00:00:00-05:00,12.699999809265137,12.869999885559082,12.270000457763672,12.390000343322754,2621400,0.0,0.0
2004-02-04 00:00:00-05:00,12.029999732971191,12.300000190734863,11.260000228881836,11.449999809265137,6568800,0.0,0.0
2004-02-05 00:00:00-05:00,12.84000015258789,14.550000190734863,12.369999885559082,14.5,21157900,0.0,0.0
2004-02-06 00:00:00-05:00,14.34000015258789,15.850000381469727,14.1899995803833,15.050000190734863,15748200,0.0,0.0
2004-02-09 00:00:00-05:00,15.119999885559082,15.680000305175781,15.050000190734863,15.220000267028809,6081900,0.0,0.0
2004-02-10 00:00:00-05:00,15.1899995803833,15.420000076293945,14.8100004196167,15.079999923706055,3665500,0.0,0.0
2004-02-11 00:00:00-05:00,15.119999885559082,15.300000190734863,14.970000267028809,15.170000076293945,2886900,0.0,0.0
2004-02-12 00:00:00-05:00,15.210000038146973,16.5,15.199999809265137,16.200000762939453,7841700,0.0,0.0
2004-02-13 00:00:00-05:00,16.309999465942383,16.790000915527344,15.260000228881836,15.350000381469727,5574300,0.0,0.0
2004-02-17 00:00:00-05:00,15.600000381469727,16.100000381469727,15.529999732971191,16.010000228881836,2901300,0.0,0.0
2004-02-18 00:00:00-05:00,16.18000030517578,16.309999465942383,15.850000381469727,16.09000015258789,2599100,0.0,0.0
2004-02-19 00:00:00-05:00,16.40999984741211,16.450000762939453,15.170000076293945,15.239999771118164,3308400,0.0,0.0
2004-02-20 00:00:00-05:00,15.3100004196167,15.420000076293945,14.699999809265137,15.069999694824219,4461800,0.0,0.0
2004-02-23 00:00:00-05:00,15.220000267028809,15.300000190734863,14.300000190734863,14.390000343322754,3198100,0.0,0.0
2004-02-24 00:00:00-05:00,14.100000381469727,14.6899995803833,13.800000190734863,14.100000381469727,3706800,0.0,0.0
2004-02-25 00:00:00-05:00,14.069999694824219,15.300000190734863,14.020000457763672,15.199999809265137,5253600,0.0,0.0
2004-02-26 00:00:00-05:00,15.09000015258789,15.670000076293945,14.989999771118164,15.319999694824219,3117700,0.0,0.0
2004-02-27 00:00:00-05:00,15.40999984741211,15.489999771118164,14.899999618530273,15.079999923706055,2159500,0.0,0.0
2004-03-01 00:00:00-05:00,15.039999961853027,16.040000915527344,15.029999732971191,16.040000915527344,2749400,0.0,0.0
2004-03-02 00:00:00-05:00,15.960000038146973,16.079999923706055,15.420000076293945,15.510000228881836,2596200,0.0,0.0
2004-03-03 00:00:00-05:00,15.390000343322754,15.529999732971191,15.050000190734863,15.390000343322754,1419600,0.0,0.0
2004-03-04 00:00:00-05:00,15.380000114440918,15.989999771118164,15.25,15.890000343322754,2077200,0.0,0.0
2004-03-05 00:00:00-05:00,15.369999885559082,16.0,15.319999694824219,15.739999771118164,1928500,0.0,0.0
2004-03-08 00:00:00-05:00,15.819999694824219,16.969999313354492,15.699999809265137,15.899999618530273,6015300,0.0,0.0
2004-03-09 00:00:00-05:00,16.100000381469727,16.190000534057617,15.319999694824219,15.449999809265137,3130400,0.0,0.0
2004-03-10 00:00:00-05:00,15.5,15.789999961853027,14.670000076293945,14.8100004196167,3000900,0.0,0.0
2004-03-11 00:00:00-05:00,14.319999694824219,15.520000457763672,14.149999618530273,14.960000038146973,5230300,0.0,0.0
2004-03-12 00:00:00-05:00,15.319999694824219,15.600000381469727,14.9399995803833,15.260000228881836,2882300,0.0,0.0
2004-03-15 00:00:00-05:00,15.119999885559082,15.4399995803833,14.569999694824219,14.729999542236328,4550500,0.0,0.0
2004-03-16 00:00:00-05:00,14.989999771118164,15.1899995803833,14.09000015258789,14.369999885559082,4719500,0.0,0.0
2004-03-17 00:00:00-05:00,14.739999771118164,15.25,14.510000228881836,15.220000267028809,2742200,0.0,0.0
2004-03-18 00:00:00-05:00,15.0600004196167,15.319999694824219,14.920000076293945,15.020000457763672,2877700,0.0,0.0
2004-03-19 00:00:00-05:00,15.149999618530273,15.300000190734863,14.899999618530273,15.0,1980800,0.0,0.0
2004-03-22 00:00:00-05:00,14.800000190734863,14.800000190734863,13.720000267028809,14.109999656677246,4406500,0.0,0.0
2004-03-23 00:00:00-05:00,14.329999923706055,14.4399995803833,12.380000114440918,12.680000305175781,9213400,0.0,0.0
2004-03-24 00:00:00-05:00,12.420000076293945,12.739999771118164,12.079999923706055,12.300000190734863,5928000,0.0,0.0
2004-03-25 00:00:00-05:00,12.380000114440918,13.4399995803833,12.300000190734863,13.300000190734863,4877700,0.0,0.0
2004-03-26 00:00:00-05:00,13.229999542236328,13.630000114440918,13.100000381469727,13.40999984741211,2502500,0.0,0.0
2004-03-29 00:00:00-05:00,13.649999618530273,13.850000381469727,13.350000381469727,13.600000381469727,1707900,0.0,0.0
2004-03-30 00:00:00-05:00,13.479999542236328,13.850000381469727,13.25,13.539999961853027,2888700,0.0,0.0
2004-03-31 00:00:00-05:00,13.59000015258789,13.59000015258789,13.079999923706055,13.140000343322754,2708200,0.0,0.0
2004-04-01 00:00:00-05:00,13.199999809265137,13.359999656677246,13.0,13.25,2809900,0.0,0.0
2004-04-02 00:00:00-05:00,13.850000381469727,14.75,13.75,14.649999618530273,5705500,0.0,0.0
2004-04-05 00:00:00-04:00,14.760000228881836,14.829999923706055,14.1899995803833,14.399999618530273,4356900,0.0,0.0
2004-04-06 00:00:00-04:00,14.1899995803833,14.300000190734863,13.819999694824219,13.989999771118164,1894500,0.0,0.0
2004-04-07 00:00:00-04:00,13.960000038146973,14.199999809265137,13.880000114440918,14.0600004196167,1793100,0.0,0.0
2004-04-08 00:00:00-04:00,14.640000343322754,15.489999771118164,14.510000228881836,15.260000228881836,5771500,0.0,0.0
2004-04-12 00:00:00-04:00,15.270000457763672,15.569999694824219,15.020000457763672,15.15999984741211,2397900,0.0,0.0
2004-04-13 00:00:00-04:00,15.199999809265137,15.350000381469727,14.460000038146973,14.529999732971191,2048500,0.0,0.0
2004-04-14 00:00:00-04:00,14.520000457763672,15.100000381469727,14.520000457763672,14.6899995803833,2042200,0.0,0.0
2004-04-15 00:00:00-04:00,14.8100004196167,14.859999656677246,14.199999809265137,14.239999771118164,3070200,0.0,0.0
2004-04-16 00:00:00-04:00,14.1899995803833,14.420000076293945,13.75,14.010000228881836,1657400,0.0,0.0
2004-04-19 00:00:00-04:00,14.0,14.170000076293945,13.640000343322754,14.0,2599100,0.0,0.0
2004-04-20 00:00:00-04:00,14.0,14.220000267028809,13.5,13.5,2228600,0.0,0.0
2004-04-21 00:00:00-04:00,13.5600004196167,13.960000038146973,13.260000228881836,13.930000305175781,2736500,0.0,0.0
2004-04-22 00:00:00-04:00,13.920000076293945,14.550000190734863,13.770000457763672,14.4399995803833,2487200,0.0,0.0
2004-04-23 00:00:00-04:00,14.569999694824219,14.600000381469727,13.899999618530273,14.109999656677246,2330700,0.0,0.0
2004-04-26 00:00:00-04:00,14.199999809265137,14.479999542236328,13.850000381469727,13.960000038146973,1556600,0.0,0.0
2004-04-27 00:00:00-04:00,13.970000267028809,14.100000381469727,13.199999809265137,13.3100004196167,4148300,0.0,0.0
2004-04-28 00:00:00-04:00,13.289999961853027,13.579999923706055,12.699999809265137,12.989999771118164,3583900,0.0,0.0
2004-04-29 00:00:00-04:00,12.979999542236328,13.569999694824219,12.770000457763672,12.890000343322754,5558400,0.0,0.0
2004-04-30 00:00:00-04:00,12.90999984741211,13.100000381469727,11.649999618530273,11.84000015258789,4961100,0.0,0.0
2004-05-03 00:00:00-04:00,11.8100004196167,12.479999542236328,11.770000457763672,12.279999732971191,3031500,0.0,0.0
2004-05-04 00:00:00-04:00,12.449999809265137,13.079999923706055,12.220000267028809,12.789999961853027,3107500,0.0,0.0
2004-05-05 00:00:00-04:00,12.800000190734863,13.199999809265137,12.09000015258789,12.90999984741211,3805300,0.0,0.0
2004-05-06 00:00:00-04:00,12.829999923706055,12.869999885559082,12.3100004196167,12.479999542236328,2848700,0.0,0.0
2004-05-07 00:00:00-04:00,12.399999618530273,13.0,12.25,12.399999618530273,2220500,0.0,0.0
2004-05-10 00:00:00-04:00,12.25,12.350000381469727,11.779999732971191,11.869999885559082,2852400,0.0,0.0
2004-05-11 00:00:00-04:00,12.279999732971191,12.359999656677246,12.0,12.180000305175781,2573200,0.0,0.0
2004-05-12 00:00:00-04:00,12.170000076293945,13.0,11.699999809265137,12.829999923706055,3741200,0.0,0.0
2004-05-13 00:00:00-04:00,12.960000038146973,13.59000015258789,12.5,12.960000038146973,5208200,0.0,0.0
2004-05-14 00:00:00-04:00,12.989999771118164,13.1899995803833,12.5,12.710000038146973,2149200,0.0,0.0
2004-05-17 00:00:00-04:00,12.329999923706055,12.680000305175781,12.329999923706055,12.520000457763672,2434900,0.0,0.0
2004-05-18 00:00:00-04:00,12.75,13.15999984741211,12.699999809265137,13.050000190734863,2458900,0.0,0.0
2004-05-19 00:00:00-04:00,13.380000114440918,14.130000114440918,13.34000015258789,13.619999885559082,4420800,0.0,0.0
2004-05-20 00:00:00-04:00,13.670000076293945,13.739999771118164,13.3100004196167,13.489999771118164,2198600,0.0,0.0
2004-05-21 00:00:00-04:00,13.520000457763672,13.75,13.25,13.600000381469727,1586000,0.0,0.0
2004-05-24 00:00:00-04:00,13.779999732971191,14.220000267028809,13.75,14.079999923706055,2420400,0.0,0.0
2004-05-25 00:00:00-04:00,14.010000228881836,15.140000343322754,13.819999694824219,15.140000343322754,4443900,0.0,0.0
2004-05-26 00:00:00-04:00,14.890000343322754,15.0600004196167,14.770000457763672,14.850000381469727,2415900,0.0,0.0
2004-05-27 00:00:00-04:00,14.920000076293945,15.199999809265137,14.520000457763672,14.859999656677246,1753700,0.0,0.0
2004-05-28 00:00:00-04:00,14.770000457763672,15.0,14.649999618530273,14.859999656677246,1312100,0.0,0.0
2004-06-01 00:00:00-04:00,14.850000381469727,15.880000114440918,14.649999618530273,15.760000228881836,4260800,0.0,0.0
2004-06-02 00:00:00-04:00,15.770000457763672,16.09000015258789,15.59000015258789,15.75,3785900,0.0,0.0
2004-06-03 00:00:00-04:00,15.699999809265137,15.869999885559082,15.539999961853027,15.5600004196167,2037500,0.0,0.0
2004-06-04 00:00:00-04:00,15.859999656677246,15.920000076293945,15.369999885559082,15.5600004196167,1711200,0.0,0.0
2004-06-07 00:00:00-04:00,15.800000190734863,16.350000381469727,15.59000015258789,16.350000381469727,2433500,0.0,0.0
2004-06-08 00:00:00-04:00,16.239999771118164,16.65999984741211,15.930000305175781,16.309999465942383,3153200,0.0,0.0
2004-06-09 00:00:00-04:00,16.3799991607666,16.399999618530273,15.5600004196167,15.710000038146973,1873100,0.0,0.0
2004-06-10 00:00:00-04:00,15.800000190734863,16.059999465942383,15.15999984741211,15.380000114440918,2248200,0.0,0.0
2004-06-14 00:00:00-04:00,15.0600004196167,15.210000038146973,14.75,14.90999984741211,2450100,0.0,0.0
2004-06-15 00:00:00-04:00,15.0,15.850000381469727,14.949999809265137,15.6899995803833,2944000,0.0,0.0
2004-06-16 00:00:00-04:00,15.649999618530273,15.699999809265137,15.329999923706055,15.479999542236328,2239800,0.0,0.0
2004-06-17 00:00:00-04:00,15.229999542236328,15.630000114440918,15.149999618530273,15.40999984741211,1440000,0.0,0.0
2004-06-18 00:00:00-04:00,15.079999923706055,15.729999542236328,14.949999809265137,15.319999694824219,2250100,0.0,0.0
2004-06-21 00:00:00-04:00,15.59000015258789,15.630000114440918,15.010000228881836,15.069999694824219,1283500,0.0,0.0
2004-06-22 00:00:00-04:00,15.020000457763672,15.420000076293945,14.8100004196167,15.380000114440918,2031900,0.0,0.0
2004-06-23 00:00:00-04:00,15.300000190734863,16.3799991607666,15.220000267028809,16.270000457763672,2829100,0.0,0.0
2004-06-24 00:00:00-04:00,16.209999084472656,16.489999771118164,15.90999984741211,16.020000457763672,2899000,0.0,0.0
2004-06-25 00:00:00-04:00,16.020000457763672,18.469999313354492,16.020000457763672,17.450000762939453,14466600,0.0,0.0
2004-06-28 00:00:00-04:00,17.90999984741211,18.0,17.25,17.600000381469727,6379500,0.0,0.0
2004-06-29 00:00:00-04:00,17.649999618530273,17.969999313354492,17.549999237060547,17.75,4211600,0.0,0.0
2004-06-30 00:00:00-04:00,17.979999542236328,18.270000457763672,17.559999465942383,17.950000762939453,6682700,0.0,0.0
2004-07-01 00:00:00-04:00,17.850000381469727,17.950000762939453,17.030000686645508,17.68000030517578,4537400,0.0,0.0
2004-07-02 00:00:00-04:00,17.479999542236328,17.700000762939453,17.059999465942383,17.280000686645508,1663600,0.0,0.0
2004-07-06 00:00:00-04:00,17.1200008392334,17.1299991607666,16.360000610351562,16.3799991607666,2818300,0.0,0.0
2004-07-07 00:00:00-04:00,16.34000015258789,16.950000762939453,16.299999237060547,16.690000534057617,2985500,0.0,0.0
2004-07-08 00:00:00-04:00,15.989999771118164,16.200000762939453,15.010000228881836,15.239999771118164,5161300,0.0,0.0
2004-07-09 00:00:00-04:00,15.65999984741211,15.789999961853027,15.350000381469727,15.710000038146973,2670500,0.0,0.0
2004-07-12 00:00:00-04:00,15.550000190734863,15.670000076293945,15.100000381469727,15.350000381469727,2576400,0.0,0.0
2004-07-13 00:00:00-04:00,15.399999618530273,15.640000343322754,14.850000381469727,14.850000381469727,3041700,0.0,0.0
2004-07-14 00:00:00-04:00,14.569999694824219,14.970000267028809,14.069999694824219,14.640000343322754,4537400,0.0,0.0
2004-07-15 00:00:00-04:00,14.720000267028809,14.960000038146973,14.420000076293945,14.539999961853027,2464200,0.0,0.0
2004-07-16 00:00:00-04:00,14.729999542236328,14.949999809265137,14.479999542236328,14.640000343322754,2716000,0.0,0.0
2004-07-19 00:00:00-04:00,14.75,14.770000457763672,13.329999923706055,13.970000267028809,3821900,0.0,0.0
2004-07-20 00:00:00-04:00,13.899999618530273,15.380000114440918,13.899999618530273,15.170000076293945,3924600,0.0,0.0
2004-07-21 00:00:00-04:00,15.470000267028809,15.479999542236328,13.75,13.989999771118164,3351600,0.0,0.0
2004-07-22 00:00:00-04:00,13.800000190734863,14.630000114440918,13.319999694824219,14.550000190734863,3823400,0.0,0.0
2004-07-23 00:00:00-04:00,14.239999771118164,14.40999984741211,13.869999885559082,13.930000305175781,2473300,0.0,0.0
2004-07-26 00:00:00-04:00,13.970000267028809,14.199999809265137,13.390000343322754,13.75,2767900,0.0,0.0
2004-07-27 00:00:00-04:00,13.960000038146973,14.640000343322754,13.710000038146973,14.539999961853027,4582600,0.0,0.0
2004-07-28 00:00:00-04:00,13.779999732971191,14.319999694824219,13.300000190734863,14.039999961853027,5278300,0.0,0.0
2004-07-29 00:00:00-04:00,13.949999809265137,14.819999694824219,13.949999809265137,14.789999961853027,5340200,0.0,0.0
2004-07-30 00:00:00-04:00,14.779999732971191,15.109999656677246,14.5,14.930000305175781,2042000,0.0,0.0
2004-08-02 00:00:00-04:00,14.520000457763672,15.010000228881836,14.399999618530273,14.670000076293945,2610700,0.0,0.0
2004-08-03 00:00:00-04:00,14.6899995803833,14.6899995803833,14.010000228881836,14.010000228881836,3558900,0.0,0.0
2004-08-04 00:00:00-04:00,13.890000343322754,13.930000305175781,13.449999809265137,13.75,2682600,0.0,0.0
2004-08-05 00:00:00-04:00,14.020000457763672,14.180000305175781,12.920000076293945,12.960000038146973,3874200,0.0,0.0
2004-08-06 00:00:00-04:00,12.739999771118164,13.270000457763672,12.350000381469727,12.630000114440918,3562900,0.0,0.0
2004-08-09 00:00:00-04:00,12.6899995803833,13.1899995803833,12.25,12.4399995803833,2204600,0.0,0.0
2004-08-10 00:00:00-04:00,12.600000381469727,12.9399995803833,12.260000228881836,12.779999732971191,2445000,0.0,0.0
2004-08-11 00:00:00-04:00,12.430000305175781,12.979999542236328,11.899999618530273,12.819999694824219,3428600,0.0,0.0
2004-08-12 00:00:00-04:00,12.670000076293945,12.899999618530273,12.399999618530273,12.59000015258789,1815800,0.0,0.0
2004-08-13 00:00:00-04:00,12.770000457763672,13.020000457763672,12.359999656677246,12.520000457763672,1857900,0.0,0.0
2004-08-16 00:00:00-04:00,12.449999809265137,12.930000305175781,12.449999809265137,12.720000267028809,1902300,0.0,0.0
2004-08-17 00:00:00-04:00,13.0,13.25,12.850000381469727,13.100000381469727,1616800,0.0,0.0
2004-08-18 00:00:00-04:00,12.819999694824219,13.770000457763672,12.779999732971191,13.710000038146973,2408700,0.0,0.0
2004-08-19 00:00:00-04:00,13.630000114440918,14.359999656677246,13.609999656677246,14.260000228881836,4339100,0.0,0.0
2004-08-20 00:00:00-04:00,14.100000381469727,14.479999542236328,13.920000076293945,14.229999542236328,1899500,0.0,0.0
2004-08-23 00:00:00-04:00,14.350000381469727,14.350000381469727,13.829999923706055,13.880000114440918,1460100,0.0,0.0
2004-08-24 00:00:00-04:00,13.930000305175781,14.149999618530273,13.770000457763672,13.899999618530273,1356100,0.0,0.0
2004-08-25 00:00:00-04:00,13.770000457763672,14.5,13.760000228881836,14.380000114440918,1187800,0.0,0.0
2004-08-26 00:00:00-04:00,14.300000190734863,14.380000114440918,13.779999732971191,13.9399995803833,1591100,0.0,0.0
2004-08-27 00:00:00-04:00,14.050000190734863,14.270000457763672,14.0,14.130000114440918,734200,0.0,0.0
2004-08-30 00:00:00-04:00,13.859999656677246,14.039999961853027,13.630000114440918,13.640000343322754,1069400,0.0,0.0
2004-08-31 00:00:00-04:00,13.6899995803833,13.789999961853027,13.199999809265137,13.449999809265137,2000300,0.0,0.0
2004-09-01 00:00:00-04:00,13.529999732971191,13.670000076293945,13.180000305175781,13.300000190734863,2232700,0.0,0.0
2004-09-02 00:00:00-04:00,13.210000038146973,13.600000381469727,13.199999809265137,13.520000457763672,1054100,0.0,0.0
2004-09-03 00:00:00-04:00,13.260000228881836,13.569999694824219,13.15999984741211,13.170000076293945,1253100,0.0,0.0
2004-09-07 00:00:00-04:00,13.350000381469727,13.800000190734863,13.300000190734863,13.470000267028809,1604700,0.0,0.0
2004-09-08 00:00:00-04:00,13.510000228881836,13.789999961853027,13.380000114440918,13.40999984741211,1164300,0.0,0.0
2004-09-09 00:00:00-04:00,13.550000190734863,13.6899995803833,13.25,13.550000190734863,1077000,0.0,0.0
2004-09-10 00:00:00-04:00,13.539999961853027,14.289999961853027,13.5,14.210000038146973,2217300,0.0,0.0
2004-09-13 00:00:00-04:00,14.170000076293945,14.630000114440918,14.170000076293945,14.260000228881836,2233900,0.0,0.0
2004-09-14 00:00:00-04:00,14.3100004196167,15.40999984741211,14.220000267028809,15.350000381469727,3235800,0.0,0.0
2004-09-15 00:00:00-04:00,15.050000190734863,15.239999771118164,14.649999618530273,14.699999809265137,4178100,0.0,0.0
2004-09-16 00:00:00-04:00,14.739999771118164,15.229999542236328,14.609999656677246,14.899999618530273,2690400,0.0,0.0
2004-09-17 00:00:00-04:00,14.9399995803833,14.9399995803833,14.6899995803833,14.930000305175781,1100800,0.0,0.0
2004-09-20 00:00:00-04:00,14.800000190734863,15.09000015258789,14.460000038146973,14.609999656677246,2522000,0.0,0.0
2004-09-21 00:00:00-04:00,14.84000015258789,14.859999656677246,14.539999961853027,14.680000305175781,1448400,0.0,0.0
2004-09-22 00:00:00-04:00,14.479999542236328,14.649999618530273,14.430000305175781,14.5,1413800,0.0,0.0
2004-09-23 00:00:00-04:00,14.539999961853027,14.579999923706055,14.329999923706055,14.470000267028809,1536500,0.0,0.0
2004-09-24 00:00:00-04:00,14.529999732971191,14.539999961853027,14.079999923706055,14.1899995803833,1875200,0.0,0.0
2004-09-27 00:00:00-04:00,14.0600004196167,14.100000381469727,13.579999923706055,13.59000015258789,2187600,0.0,0.0
2004-09-28 00:00:00-04:00,13.819999694824219,14.039999961853027,13.640000343322754,13.90999984741211,2500000,0.0,0.0
2004-09-29 00:00:00-04:00,13.979999542236328,14.239999771118164,13.899999618530273,14.020000457763672,1460300,0.0,0.0
2004-09-30 00:00:00-04:00,14.079999923706055,14.1899995803833,13.930000305175781,14.050000190734863,1174300,0.0,0.0
2004-10-01 00:00:00-04:00,14.0,14.680000305175781,13.90999984741211,14.5,2544800,0.0,0.0
2004-10-04 00:00:00-04:00,14.75,15.5,14.6899995803833,15.239999771118164,2975500,0.0,0.0
2004-10-05 00:00:00-04:00,15.199999809265137,15.449999809265137,14.920000076293945,15.140000343322754,1484500,0.0,0.0
2004-10-06 00:00:00-04:00,15.010000228881836,15.800000190734863,14.850000381469727,15.720000267028809,2508600,0.0,0.0
2004-10-07 00:00:00-04:00,15.670000076293945,16.139999389648438,15.270000457763672,15.4399995803833,2318400,0.0,0.0
2004-10-08 00:00:00-04:00,15.210000038146973,15.539999961853027,15.109999656677246,15.130000114440918,1545000,0.0,0.0
2004-10-11 00:00:00-04:00,15.0600004196167,15.3100004196167,15.050000190734863,15.279999732971191,1293000,0.0,0.0
2004-10-12 00:00:00-04:00,14.989999771118164,15.630000114440918,14.899999618530273,15.34000015258789,1812100,0.0,0.0
2004-10-13 00:00:00-04:00,15.619999885559082,15.899999618530273,15.300000190734863,15.4399995803833,2269000,0.0,0.0
2004-10-14 00:00:00-04:00,15.350000381469727,15.59000015258789,15.109999656677246,15.470000267028809,1496900,0.0,0.0
2004-10-15 00:00:00-04:00,15.40999984741211,15.600000381469727,14.949999809265137,14.979999542236328,2097600,0.0,0.0
2004-10-18 00:00:00-04:00,14.850000381469727,15.4399995803833,14.770000457763672,15.4399995803833,1273300,0.0,0.0
2004-10-19 00:00:00-04:00,15.5,15.640000343322754,15.069999694824219,15.119999885559082,2009800,0.0,0.0
2004-10-20 00:00:00-04:00,15.15999984741211,15.300000190734863,14.8100004196167,14.880000114440918,1620900,0.0,0.0
2004-10-21 00:00:00-04:00,15.039999961853027,15.479999542236328,14.880000114440918,15.300000190734863,1756100,0.0,0.0
2004-10-22 00:00:00-04:00,15.229999542236328,15.479999542236328,15.0,15.0,1580000,0.0,0.0
2004-10-25 00:00:00-04:00,14.890000343322754,15.170000076293945,14.6899995803833,14.890000343322754,1232500,0.0,0.0
2004-10-26 00:00:00-04:00,14.859999656677246,15.380000114440918,14.739999771118164,15.010000228881836,1565800,0.0,0.0
2004-10-27 00:00:00-04:00,15.109999656677246,16.5,15.0600004196167,16.420000076293945,4946400,0.0,0.0
2004-10-28 00:00:00-04:00,14.8100004196167,15.949999809265137,14.279999732971191,14.569999694824219,7354500,0.0,0.0
2004-10-29 00:00:00-04:00,14.630000114440918,14.899999618530273,13.050000190734863,13.850000381469727,5209300,0.0,0.0
2004-11-01 00:00:00-05:00,13.970000267028809,14.1899995803833,13.880000114440918,13.989999771118164,1983900,0.0,0.0
2004-11-02 00:00:00-05:00,14.199999809265137,14.289999961853027,13.899999618530273,14.0,2022100,0.0,0.0
2004-11-03 00:00:00-05:00,14.479999542236328,14.489999771118164,13.770000457763672,13.970000267028809,1715200,0.0,0.0
2004-11-04 00:00:00-05:00,13.960000038146973,13.970000267028809,13.350000381469727,13.729999542236328,2066200,0.0,0.0
2004-11-05 00:00:00-05:00,13.979999542236328,14.050000190734863,13.380000114440918,13.489999771118164,2689400,0.0,0.0
2004-11-08 00:00:00-05:00,13.520000457763672,13.569999694824219,12.850000381469727,12.90999984741211,5292200,0.0,0.0
2004-11-09 00:00:00-05:00,12.899999618530273,12.949999809265137,12.399999618530273,12.600000381469727,4322500,0.0,0.0
2004-11-10 00:00:00-05:00,12.670000076293945,12.859999656677246,12.4399995803833,12.699999809265137,2434600,0.0,0.0
2004-11-11 00:00:00-05:00,12.899999618530273,13.300000190734863,12.670000076293945,13.1899995803833,3676000,0.0,0.0
2004-11-12 00:00:00-05:00,13.329999923706055,13.460000038146973,13.020000457763672,13.229999542236328,2559400,0.0,0.0
2004-11-15 00:00:00-05:00,13.460000038146973,13.680000305175781,12.899999618530273,13.539999961853027,2473800,0.0,0.0
2004-11-16 00:00:00-05:00,13.529999732971191,13.59000015258789,13.029999732971191,13.140000343322754,1885700,0.0,0.0
2004-11-17 00:00:00-05:00,13.25,13.390000343322754,12.989999771118164,13.050000190734863,1302100,0.0,0.0
2004-11-18 00:00:00-05:00,12.90999984741211,13.489999771118164,12.850000381469727,13.449999809265137,1773900,0.0,0.0
2004-11-19 00:00:00-05:00,13.4399995803833,13.539999961853027,12.729999542236328,12.800000190734863,2685900,0.0,0.0
2004-11-22 00:00:00-05:00,12.789999961853027,12.789999961853027,12.489999771118164,12.619999885559082,2837000,0.0,0.0
2004-11-23 00:00:00-05:00,13.010000228881836,13.180000305175781,12.800000190734863,12.899999618530273,1810900,0.0,0.0
2004-11-24 00:00:00-05:00,12.989999771118164,13.40999984741211,12.800000190734863,13.350000381469727,1825200,0.0,0.0
2004-11-26 00:00:00-05:00,13.199999809265137,13.390000343322754,13.180000305175781,13.300000190734863,587500,0.0,0.0
2004-11-29 00:00:00-05:00,13.399999618530273,13.479999542236328,12.710000038146973,12.75,2590000,0.0,0.0
2004-11-30 00:00:00-05:00,12.720000267028809,13.100000381469727,12.649999618530273,12.949999809265137,1579600,0.0,0.0
2004-12-01 00:00:00-05:00,12.859999656677246,13.100000381469727,12.859999656677246,13.029999732971191,1181900,0.0,0.0
2004-12-02 00:00:00-05:00,12.899999618530273,13.220000267028809,12.760000228881836,13.029999732971191,1763100,0.0,0.0
2004-12-03 00:00:00-05:00,13.100000381469727,13.239999771118164,13.010000228881836,13.109999656677246,1335400,0.0,0.0
2004-12-06 00:00:00-05:00,13.15999984741211,13.449999809265137,13.100000381469727,13.369999885559082,2003500,0.0,0.0
2004-12-07 00:00:00-05:00,13.3100004196167,13.880000114440918,13.229999542236328,13.279999732971191,3893600,0.0,0.0
2004-12-08 00:00:00-05:00,13.350000381469727,13.460000038146973,12.510000228881836,12.579999923706055,3772400,0.0,0.0
2004-12-09 00:00:00-05:00,12.5,12.619999885559082,12.050000190734863,12.5,4652800,0.0,0.0
2004-12-10 00:00:00-05:00,12.550000190734863,12.880000114440918,12.5,12.729999542236328,1669500,0.0,0.0
2004-12-13 00:00:00-05:00,12.949999809265137,12.949999809265137,12.329999923706055,12.449999809265137,2832400,0.0,0.0
2004-12-14 00:00:00-05:00,12.369999885559082,12.550000190734863,11.890000343322754,11.949999809265137,5693200,0.0,0.0
2004-12-15 00:00:00-05:00,11.899999618530273,12.800000190734863,11.149999618530273,12.6899995803833,9323300,0.0,0.0
2004-12-16 00:00:00-05:00,12.329999923706055,13.319999694824219,12.100000381469727,12.380000114440918,6014900,0.0,0.0
2004-12-17 00:00:00-05:00,12.380000114440918,12.380000114440918,11.989999771118164,12.010000228881836,3983600,0.0,0.0
2004-12-20 00:00:00-05:00,12.100000381469727,12.369999885559082,11.989999771118164,12.050000190734863,1950900,0.0,0.0
2004-12-21 00:00:00-05:00,12.229999542236328,12.350000381469727,12.100000381469727,12.300000190734863,2189000,0.0,0.0
2004-12-22 00:00:00-05:00,12.369999885559082,12.449999809265137,12.279999732971191,12.369999885559082,1094300,0.0,0.0
2004-12-23 00:00:00-05:00,12.25,12.579999923706055,12.229999542236328,12.449999809265137,1270500,0.0,0.0
2004-12-27 00:00:00-05:00,12.449999809265137,12.949999809265137,12.449999809265137,12.930000305175781,2576300,0.0,0.0
2004-12-28 00:00:00-05:00,12.989999771118164,13.029999732971191,12.850000381469727,12.930000305175781,1126600,0.0,0.0
2004-12-29 00:00:00-05:00,12.899999618530273,13.34000015258789,12.899999618530273,13.239999771118164,2011500,0.0,0.0
2004-12-30 00:00:00-05:00,13.140000343322754,13.350000381469727,13.079999923706055,13.210000038146973,1155500,0.0,0.0
2004-12-31 00:00:00-05:00,13.260000228881836,13.260000228881836,12.989999771118164,13.029999732971191,838300,0.0,0.0
2005-01-03 00:00:00-05:00,13.0,13.239999771118164,12.640000343322754,12.819999694824219,2508200,0.0,0.0
2005-01-04 00:00:00-05:00,12.699999809265137,12.800000190734863,12.109999656677246,12.199999809265137,2066700,0.0,0.0
2005-01-05 00:00:00-05:00,12.1899995803833,12.300000190734863,11.979999542236328,12.0,2209600,0.0,0.0
2005-01-06 00:00:00-05:00,12.0600004196167,12.15999984741211,11.899999618530273,11.9399995803833,1920000,0.0,0.0
2005-01-07 00:00:00-05:00,12.300000190734863,12.479999542236328,12.119999885559082,12.149999618530273,2061500,0.0,0.0
2005-01-10 00:00:00-05:00,12.15999984741211,12.300000190734863,12.09000015258789,12.130000114440918,1104500,0.0,0.0
2005-01-11 00:00:00-05:00,12.050000190734863,12.130000114440918,11.65999984741211,11.670000076293945,1885700,0.0,0.0
2005-01-12 00:00:00-05:00,11.800000190734863,12.079999923706055,11.720000267028809,12.079999923706055,1181700,0.0,0.0
2005-01-13 00:00:00-05:00,12.609999656677246,12.800000190734863,12.25,12.260000228881836,2527800,0.0,0.0
2005-01-14 00:00:00-05:00,12.4399995803833,12.59000015258789,12.350000381469727,12.539999961853027,1193200,0.0,0.0
2005-01-18 00:00:00-05:00,12.539999961853027,12.979999542236328,12.479999542236328,12.859999656677246,2140800,0.0,0.0
2005-01-19 00:00:00-05:00,12.989999771118164,12.989999771118164,12.1899995803833,12.25,1822400,0.0,0.0
2005-01-20 00:00:00-05:00,12.100000381469727,12.529999732971191,12.039999961853027,12.3100004196167,1199500,0.0,0.0
2005-01-21 00:00:00-05:00,12.300000190734863,12.5,12.149999618530273,12.199999809265137,1721700,0.0,0.0
2005-01-24 00:00:00-05:00,12.300000190734863,12.350000381469727,12.0600004196167,12.119999885559082,2075800,0.0,0.0
2005-01-25 00:00:00-05:00,12.210000038146973,12.539999961853027,12.170000076293945,12.260000228881836,2020900,0.0,0.0
2005-01-26 00:00:00-05:00,12.300000190734863,12.899999618530273,12.279999732971191,12.770000457763672,2190600,0.0,0.0
2005-01-27 00:00:00-05:00,12.8100004196167,12.829999923706055,12.529999732971191,12.65999984741211,946500,0.0,0.0
2005-01-28 00:00:00-05:00,12.600000381469727,13.109999656677246,12.5,12.6899995803833,2721700,0.0,0.0
2005-01-31 00:00:00-05:00,12.850000381469727,13.180000305175781,12.75,13.100000381469727,1892700,0.0,0.0
2005-02-01 00:00:00-05:00,13.100000381469727,13.319999694824219,13.0,13.079999923706055,1990200,0.0,0.0
2005-02-02 00:00:00-05:00,13.130000114440918,13.260000228881836,12.90999984741211,12.989999771118164,993800,0.0,0.0
2005-02-03 00:00:00-05:00,12.899999618530273,12.979999542236328,12.65999984741211,12.760000228881836,1423800,0.0,0.0
2005-02-04 00:00:00-05:00,12.369999885559082,12.460000038146973,11.899999618530273,12.079999923706055,4238000,0.0,0.0
2005-02-07 00:00:00-05:00,12.100000381469727,12.180000305175781,11.859999656677246,11.890000343322754,2345300,0.0,0.0
2005-02-08 00:00:00-05:00,11.890000343322754,12.020000457763672,11.670000076293945,11.75,1824100,0.0,0.0
2005-02-09 00:00:00-05:00,11.729999542236328,11.859999656677246,11.470000267028809,11.470000267028809,1547000,0.0,0.0
2005-02-10 00:00:00-05:00,11.600000381469727,11.739999771118164,10.850000381469727,11.229999542236328,2862600,0.0,0.0
2005-02-11 00:00:00-05:00,11.100000381469727,11.510000228881836,11.029999732971191,11.399999618530273,1735200,0.0,0.0
2005-02-14 00:00:00-05:00,11.260000228881836,11.579999923706055,11.239999771118164,11.420000076293945,1206300,0.0,0.0
2005-02-15 00:00:00-05:00,11.569999694824219,11.59000015258789,11.220000267028809,11.380000114440918,1794300,0.0,0.0
2005-02-16 00:00:00-05:00,11.300000190734863,11.390000343322754,10.920000076293945,10.979999542236328,3131900,0.0,0.0
2005-02-17 00:00:00-05:00,11.100000381469727,11.180000305175781,10.640000343322754,10.760000228881836,5514600,0.0,0.0
2005-02-18 00:00:00-05:00,12.0,12.5,11.880000114440918,12.210000038146973,13562800,0.0,0.0
2005-02-22 00:00:00-05:00,12.050000190734863,12.4399995803833,11.949999809265137,12.039999961853027,3116100,0.0,0.0
2005-02-23 00:00:00-05:00,12.079999923706055,12.1899995803833,11.510000228881836,11.5600004196167,2569100,0.0,0.0
2005-02-24 00:00:00-05:00,11.350000381469727,11.539999961853027,10.960000038146973,11.270000457763672,5353900,0.0,0.0
2005-02-25 00:00:00-05:00,11.289999961853027,11.460000038146973,11.069999694824219,11.09000015258789,1645900,0.0,0.0
2005-02-28 00:00:00-05:00,11.050000190734863,11.229999542236328,11.0,11.010000228881836,1593800,0.0,0.0
2005-03-01 00:00:00-05:00,11.010000228881836,11.140000343322754,10.970000267028809,10.970000267028809,1848000,0.0,0.0
2005-03-02 00:00:00-05:00,10.949999809265137,11.15999984741211,10.75,11.0,2489100,0.0,0.0
2005-03-03 00:00:00-05:00,11.199999809265137,11.229999542236328,11.010000228881836,11.050000190734863,1970900,0.0,0.0
2005-03-04 00:00:00-05:00,11.220000267028809,11.489999771118164,11.050000190734863,11.399999618530273,2600100,0.0,0.0
2005-03-07 00:00:00-05:00,11.5,11.59000015258789,11.350000381469727,11.479999542236328,1778500,0.0,0.0
2005-03-08 00:00:00-05:00,11.550000190734863,11.670000076293945,11.279999732971191,11.380000114440918,2145400,0.0,0.0
2005-03-09 00:00:00-05:00,11.300000190734863,11.4399995803833,11.050000190734863,11.130000114440918,1579800,0.0,0.0
2005-03-10 00:00:00-05:00,11.149999618530273,11.25,10.84000015258789,10.949999809265137,1645600,0.0,0.0
2005-03-11 00:00:00-05:00,10.960000038146973,11.069999694824219,10.800000190734863,11.0,1277700,0.0,0.0
2005-03-14 00:00:00-05:00,11.020000457763672,11.100000381469727,10.75,10.899999618530273,1271900,0.0,0.0
2005-03-15 00:00:00-05:00,10.899999618530273,11.0,10.729999542236328,10.789999961853027,1382000,0.0,0.0
2005-03-16 00:00:00-05:00,10.800000190734863,11.529999732971191,10.75,11.470000267028809,3510700,0.0,0.0
2005-03-17 00:00:00-05:00,11.470000267028809,12.420000076293945,11.399999618530273,12.140000343322754,4934300,0.0,0.0
2005-03-18 00:00:00-05:00,12.130000114440918,12.210000038146973,11.949999809265137,12.09000015258789,1823400,0.0,0.0
2005-03-21 00:00:00-05:00,12.020000457763672,12.260000228881836,11.970000267028809,12.0600004196167,1907200,0.0,0.0
2005-03-22 00:00:00-05:00,12.149999618530273,12.600000381469727,12.149999618530273,12.350000381469727,3017700,0.0,0.0
2005-03-23 00:00:00-05:00,12.289999961853027,12.600000381469727,12.289999961853027,12.550000190734863,2229100,0.0,0.0
2005-03-24 00:00:00-05:00,12.640000343322754,12.729999542236328,12.329999923706055,12.350000381469727,1635500,0.0,0.0
2005-03-28 00:00:00-05:00,12.34000015258789,12.600000381469727,12.3100004196167,12.449999809265137,1776300,0.0,0.0
2005-03-29 00:00:00-05:00,12.359999656677246,12.430000305175781,12.130000114440918,12.130000114440918,1451600,0.0,0.0
2005-03-30 00:00:00-05:00,12.220000267028809,12.800000190734863,12.220000267028809,12.699999809265137,2314600,0.0,0.0
2005-03-31 00:00:00-05:00,12.569999694824219,12.829999923706055,12.510000228881836,12.729999542236328,2235400,0.0,0.0
2005-04-01 00:00:00-05:00,12.720000267028809,12.869999885559082,12.420000076293945,12.510000228881836,1443900,0.0,0.0
2005-04-04 00:00:00-04:00,12.630000114440918,12.920000076293945,12.390000343322754,12.84000015258789,1430500,0.0,0.0
2005-04-05 00:00:00-04:00,12.720000267028809,12.90999984741211,12.529999732971191,12.699999809265137,1022000,0.0,0.0
2005-04-06 00:00:00-04:00,12.579999923706055,12.760000228881836,12.399999618530273,12.420000076293945,1270000,0.0,0.0
2005-04-07 00:00:00-04:00,12.399999618530273,12.600000381469727,12.300000190734863,12.399999618530273,978800,0.0,0.0
2005-04-08 00:00:00-04:00,12.329999923706055,12.699999809265137,12.329999923706055,12.40999984741211,1430700,0.0,0.0
2005-04-11 00:00:00-04:00,12.399999618530273,12.59000015258789,12.369999885559082,12.510000228881836,1241600,0.0,0.0
2005-04-12 00:00:00-04:00,12.40999984741211,13.149999618530273,12.40999984741211,12.920000076293945,2818500,0.0,0.0
2005-04-13 00:00:00-04:00,12.90999984741211,13.0600004196167,12.850000381469727,12.899999618530273,1628600,0.0,0.0
2005-04-14 00:00:00-04:00,12.869999885559082,13.239999771118164,12.649999618530273,12.680000305175781,2697300,0.0,0.0
2005-04-15 00:00:00-04:00,12.609999656677246,12.649999618530273,12.270000457763672,12.289999961853027,1544200,0.0,0.0
2005-04-18 00:00:00-04:00,12.220000267028809,12.539999961853027,12.220000267028809,12.5,1465600,0.0,0.0
2005-04-19 00:00:00-04:00,12.6899995803833,12.699999809265137,12.010000228881836,12.319999694824219,1741600,0.0,0.0
2005-04-20 00:00:00-04:00,12.510000228881836,12.600000381469727,12.4399995803833,12.470000267028809,1099000,0.0,0.0
2005-04-21 00:00:00-04:00,12.5600004196167,12.789999961853027,12.5600004196167,12.75,1369100,0.0,0.0
2005-04-22 00:00:00-04:00,12.75,12.760000228881836,12.460000038146973,12.5,1193300,0.0,0.0
2005-04-25 00:00:00-04:00,12.420000076293945,13.220000267028809,12.399999618530273,12.90999984741211,2408100,0.0,0.0
2005-04-26 00:00:00-04:00,12.829999923706055,13.0600004196167,12.5600004196167,12.569999694824219,1257300,0.0,0.0
2005-04-27 00:00:00-04:00,12.550000190734863,12.649999618530273,12.329999923706055,12.420000076293945,2016800,0.0,0.0
2005-04-28 00:00:00-04:00,12.479999542236328,12.680000305175781,11.859999656677246,12.210000038146973,4451000,0.0,0.0
2005-04-29 00:00:00-04:00,12.300000190734863,12.300000190734863,11.529999732971191,11.8100004196167,1930800,0.0,0.0
2005-05-02 00:00:00-04:00,11.960000038146973,11.970000267028809,11.449999809265137,11.569999694824219,1805200,0.0,0.0
2005-05-03 00:00:00-04:00,11.569999694824219,11.6899995803833,11.5,11.520000457763672,1405800,0.0,0.0
2005-05-04 00:00:00-04:00,11.579999923706055,11.720000267028809,11.510000228881836,11.670000076293945,806600,0.0,0.0
2005-05-05 00:00:00-04:00,11.75,11.75,11.4399995803833,11.539999961853027,1517400,0.0,0.0
2005-05-06 00:00:00-04:00,11.600000381469727,11.630000114440918,11.390000343322754,11.489999771118164,1707900,0.0,0.0
2005-05-09 00:00:00-04:00,11.40999984741211,11.630000114440918,11.380000114440918,11.5600004196167,1101700,0.0,0.0
2005-05-10 00:00:00-04:00,11.600000381469727,11.670000076293945,11.430000305175781,11.430000305175781,1067800,0.0,0.0
2005-05-11 00:00:00-04:00,11.529999732971191,11.550000190734863,11.319999694824219,11.449999809265137,667500,0.0,0.0
2005-05-12 00:00:00-04:00,11.5,11.609999656677246,11.399999618530273,11.529999732971191,790700,0.0,0.0
2005-05-13 00:00:00-04:00,11.579999923706055,11.930000305175781,11.520000457763672,11.739999771118164,4363700,0.0,0.0
2005-05-16 00:00:00-04:00,11.779999732971191,11.779999732971191,11.140000343322754,11.449999809265137,2557500,0.0,0.0
2005-05-17 00:00:00-04:00,11.319999694824219,11.5,11.1899995803833,11.390000343322754,1336300,0.0,0.0
2005-05-18 00:00:00-04:00,11.369999885559082,12.140000343322754,11.369999885559082,11.989999771118164,3209400,0.0,0.0
2005-05-19 00:00:00-04:00,12.050000190734863,12.359999656677246,11.899999618530273,12.359999656677246,1992200,0.0,0.0
2005-05-20 00:00:00-04:00,12.239999771118164,12.369999885559082,12.039999961853027,12.300000190734863,1074500,0.0,0.0
2005-05-23 00:00:00-04:00,12.199999809265137,12.600000381469727,12.119999885559082,12.569999694824219,1457400,0.0,0.0
2005-05-24 00:00:00-04:00,12.800000190734863,12.949999809265137,12.600000381469727,12.850000381469727,2135400,0.0,0.0
2005-05-25 00:00:00-04:00,12.699999809265137,12.979999542236328,12.59000015258789,12.760000228881836,1060200,0.0,0.0
2005-05-26 00:00:00-04:00,12.930000305175781,13.84000015258789,12.680000305175781,13.789999961853027,4185500,0.0,0.0
2005-05-27 00:00:00-04:00,13.930000305175781,14.069999694824219,13.600000381469727,13.789999961853027,1833900,0.0,0.0
2005-05-31 00:00:00-04:00,13.710000038146973,14.130000114440918,13.640000343322754,14.039999961853027,1887500,0.0,0.0
2005-06-01 00:00:00-04:00,13.960000038146973,14.180000305175781,13.899999618530273,14.0600004196167,1434400,0.0,0.0
2005-06-02 00:00:00-04:00,13.960000038146973,14.359999656677246,13.859999656677246,13.90999984741211,1749300,0.0,0.0
2005-06-03 00:00:00-04:00,13.90999984741211,14.050000190734863,13.720000267028809,13.739999771118164,1053100,0.0,0.0
2005-06-06 00:00:00-04:00,13.720000267028809,13.960000038146973,13.710000038146973,13.949999809265137,1050300,0.0,0.0
2005-06-07 00:00:00-04:00,14.270000457763672,14.739999771118164,14.0,14.140000343322754,3204700,0.0,0.0
2005-06-08 00:00:00-04:00,14.220000267028809,14.319999694824219,13.850000381469727,13.890000343322754,957300,0.0,0.0
2005-06-09 00:00:00-04:00,13.829999923706055,14.069999694824219,13.619999885559082,13.880000114440918,1589600,0.0,0.0
2005-06-10 00:00:00-04:00,13.949999809265137,14.050000190734863,13.75,13.970000267028809,949900,0.0,0.0
2005-06-13 00:00:00-04:00,13.800000190734863,14.170000076293945,13.770000457763672,14.050000190734863,504700,0.0,0.0
2005-06-14 00:00:00-04:00,14.039999961853027,14.239999771118164,14.010000228881836,14.0600004196167,604200,0.0,0.0
2005-06-15 00:00:00-04:00,14.130000114440918,14.279999732971191,14.100000381469727,14.220000267028809,1022600,0.0,0.0
2005-06-16 00:00:00-04:00,14.199999809265137,14.699999809265137,14.199999809265137,14.649999618530273,1773000,0.0,0.0
2005-06-17 00:00:00-04:00,14.680000305175781,14.800000190734863,14.140000343322754,14.180000305175781,1612800,0.0,0.0
2005-06-20 00:00:00-04:00,14.130000114440918,14.34000015258789,13.930000305175781,14.069999694824219,1413300,0.0,0.0
2005-06-21 00:00:00-04:00,14.050000190734863,14.15999984741211,13.869999885559082,13.989999771118164,980200,0.0,0.0
2005-06-22 00:00:00-04:00,14.050000190734863,14.100000381469727,13.84000015258789,14.029999732971191,1285700,0.0,0.0
2005-06-23 00:00:00-04:00,14.050000190734863,14.09000015258789,13.670000076293945,13.699999809265137,954000,0.0,0.0
2005-06-24 00:00:00-04:00,13.670000076293945,14.100000381469727,13.569999694824219,13.59000015258789,1229300,0.0,0.0
2005-06-27 00:00:00-04:00,13.5600004196167,13.59000015258789,13.0600004196167,13.199999809265137,1879700,0.0,0.0
2005-06-28 00:00:00-04:00,13.270000457763672,13.699999809265137,13.25,13.609999656677246,974300,0.0,0.0
2005-06-29 00:00:00-04:00,13.609999656677246,13.770000457763672,13.25,13.380000114440918,616300,0.0,0.0
2005-06-30 00:00:00-04:00,13.489999771118164,13.489999771118164,13.050000190734863,13.130000114440918,2449300,0.0,0.0
2005-07-01 00:00:00-04:00,13.09000015258789,13.319999694824219,13.020000457763672,13.15999984741211,739800,0.0,0.0
2005-07-05 00:00:00-04:00,13.170000076293945,13.380000114440918,13.130000114440918,13.210000038146973,713400,0.0,0.0
2005-07-06 00:00:00-04:00,13.140000343322754,13.90999984741211,13.130000114440918,13.760000228881836,1735200,0.0,0.0
2005-07-07 00:00:00-04:00,13.75,13.850000381469727,13.300000190734863,13.8100004196167,1045400,0.0,0.0
2005-07-08 00:00:00-04:00,13.890000343322754,14.220000267028809,13.829999923706055,13.970000267028809,1170100,0.0,0.0
2005-07-11 00:00:00-04:00,14.039999961853027,14.489999771118164,13.680000305175781,14.319999694824219,1251100,0.0,0.0
2005-07-12 00:00:00-04:00,14.369999885559082,14.600000381469727,14.149999618530273,14.319999694824219,1433900,0.0,0.0
2005-07-13 00:00:00-04:00,14.40999984741211,14.489999771118164,14.229999542236328,14.329999923706055,1277700,0.0,0.0
2005-07-14 00:00:00-04:00,14.399999618530273,14.829999923706055,14.399999618530273,14.6899995803833,1969500,0.0,0.0
2005-07-15 00:00:00-04:00,14.699999809265137,14.760000228881836,14.359999656677246,14.539999961853027,1014600,0.0,0.0
2005-07-18 00:00:00-04:00,14.600000381469727,14.649999618530273,14.420000076293945,14.5,416900,0.0,0.0
2005-07-19 00:00:00-04:00,14.449999809265137,14.970000267028809,14.4399995803833,14.890000343322754,1241000,0.0,0.0
2005-07-20 00:00:00-04:00,14.699999809265137,14.979999542236328,14.649999618530273,14.84000015258789,737000,0.0,0.0
2005-07-21 00:00:00-04:00,14.899999618530273,14.970000267028809,14.390000343322754,14.460000038146973,1007000,0.0,0.0
2005-07-22 00:00:00-04:00,14.5,14.920000076293945,14.380000114440918,14.569999694824219,1025300,0.0,0.0
2005-07-25 00:00:00-04:00,14.600000381469727,15.0,14.4399995803833,14.460000038146973,1032600,0.0,0.0
2005-07-26 00:00:00-04:00,14.5,14.899999618530273,14.390000343322754,14.479999542236328,2223000,0.0,0.0
2005-07-27 00:00:00-04:00,14.550000190734863,15.199999809265137,14.470000267028809,15.0,4027000,0.0,0.0
2005-07-28 00:00:00-04:00,14.90999984741211,15.65999984741211,14.899999618530273,15.1899995803833,3164000,0.0,0.0
2005-07-29 00:00:00-04:00,15.229999542236328,15.569999694824219,15.0,15.270000457763672,1824700,0.0,0.0
2005-08-01 00:00:00-04:00,15.279999732971191,15.539999961853027,15.149999618530273,15.380000114440918,1484300,0.0,0.0
2005-08-02 00:00:00-04:00,15.5,15.65999984741211,15.3100004196167,15.350000381469727,1665100,0.0,0.0
2005-08-03 00:00:00-04:00,15.350000381469727,15.470000267028809,15.050000190734863,15.210000038146973,1456000,0.0,0.0
2005-08-04 00:00:00-04:00,15.1899995803833,15.3100004196167,15.029999732971191,15.0600004196167,1372300,0.0,0.0
2005-08-05 00:00:00-04:00,15.020000457763672,15.180000305175781,15.020000457763672,15.119999885559082,1077200,0.0,0.0
2005-08-08 00:00:00-04:00,15.130000114440918,15.359999656677246,15.109999656677246,15.270000457763672,1856100,0.0,0.0
2005-08-09 00:00:00-04:00,15.229999542236328,15.390000343322754,14.869999885559082,15.039999961853027,851400,0.0,0.0
2005-08-10 00:00:00-04:00,15.0600004196167,15.170000076293945,14.380000114440918,14.489999771118164,1906100,0.0,0.0
2005-08-11 00:00:00-04:00,14.40999984741211,14.609999656677246,14.369999885559082,14.600000381469727,627200,0.0,0.0
2005-08-12 00:00:00-04:00,14.529999732971191,14.6899995803833,14.399999618530273,14.489999771118164,746500,0.0,0.0
2005-08-15 00:00:00-04:00,14.5,14.600000381469727,14.229999542236328,14.479999542236328,982300,0.0,0.0
2005-08-16 00:00:00-04:00,14.380000114440918,14.479999542236328,14.210000038146973,14.34000015258789,701300,0.0,0.0
2005-08-17 00:00:00-04:00,14.279999732971191,14.59000015258789,14.15999984741211,14.550000190734863,1606100,0.0,0.0
2005-08-18 00:00:00-04:00,14.470000267028809,15.039999961853027,14.289999961853027,14.880000114440918,1870600,0.0,0.0
2005-08-19 00:00:00-04:00,15.0,15.109999656677246,14.770000457763672,14.850000381469727,961200,0.0,0.0
2005-08-22 00:00:00-04:00,14.989999771118164,15.050000190734863,14.880000114440918,15.029999732971191,1035400,0.0,0.0
2005-08-23 00:00:00-04:00,15.0,15.079999923706055,14.670000076293945,14.6899995803833,1186700,0.0,0.0
2005-08-24 00:00:00-04:00,14.640000343322754,14.670000076293945,13.880000114440918,14.140000343322754,2883200,0.0,0.0
2005-08-25 00:00:00-04:00,14.199999809265137,14.210000038146973,13.529999732971191,13.84000015258789,3050700,0.0,0.0
2005-08-26 00:00:00-04:00,13.75,13.960000038146973,13.619999885559082,13.739999771118164,1078500,0.0,0.0
2005-08-29 00:00:00-04:00,13.670000076293945,14.039999961853027,13.630000114440918,13.869999885559082,973900,0.0,0.0
2005-08-30 00:00:00-04:00,13.890000343322754,14.199999809265137,13.829999923706055,13.979999542236328,1917200,0.0,0.0
2005-08-31 00:00:00-04:00,14.069999694824219,14.130000114440918,13.649999618530273,13.84000015258789,1129600,0.0,0.0
2005-09-01 00:00:00-04:00,13.770000457763672,14.029999732971191,13.720000267028809,13.90999984741211,2261500,0.0,0.0
2005-09-02 00:00:00-04:00,13.949999809265137,14.0,13.800000190734863,13.869999885559082,695100,0.0,0.0
2005-09-06 00:00:00-04:00,13.859999656677246,14.010000228881836,13.800000190734863,13.960000038146973,1619400,0.0,0.0
2005-09-07 00:00:00-04:00,13.899999618530273,14.0,13.779999732971191,13.9399995803833,708700,0.0,0.0
2005-09-08 00:00:00-04:00,13.989999771118164,14.0,13.550000190734863,13.5600004196167,1349600,0.0,0.0
2005-09-09 00:00:00-04:00,13.569999694824219,13.720000267028809,13.260000228881836,13.649999618530273,1740000,0.0,0.0
2005-09-12 00:00:00-04:00,13.579999923706055,13.739999771118164,13.550000190734863,13.630000114440918,2041700,0.0,0.0
2005-09-13 00:00:00-04:00,13.640000343322754,13.800000190734863,13.449999809265137,13.640000343322754,804900,0.0,0.0
2005-09-14 00:00:00-04:00,13.720000267028809,13.720000267028809,13.359999656677246,13.550000190734863,1359600,0.0,0.0
2005-09-15 00:00:00-04:00,13.510000228881836,13.890000343322754,13.510000228881836,13.729999542236328,1329100,0.0,0.0
2005-09-16 00:00:00-04:00,13.720000267028809,13.90999984741211,13.720000267028809,13.90999984741211,879500,0.0,0.0
2005-09-19 00:00:00-04:00,13.819999694824219,14.039999961853027,13.779999732971191,13.84000015258789,922000,0.0,0.0
2005-09-20 00:00:00-04:00,14.010000228881836,14.010000228881836,13.6899995803833,13.920000076293945,789900,0.0,0.0
2005-09-21 00:00:00-04:00,13.829999923706055,13.829999923706055,13.5,13.539999961853027,1212700,0.0,0.0
2005-09-22 00:00:00-04:00,13.649999618530273,14.020000457763672,13.399999618530273,13.949999809265137,1321200,0.0,0.0
2005-09-23 00:00:00-04:00,13.869999885559082,14.09000015258789,13.829999923706055,13.9399995803833,1288100,0.0,0.0
2005-09-26 00:00:00-04:00,14.100000381469727,14.25,14.0,14.220000267028809,964600,0.0,0.0
2005-09-27 00:00:00-04:00,14.199999809265137,14.350000381469727,14.130000114440918,14.300000190734863,826500,0.0,0.0
2005-09-28 00:00:00-04:00,14.239999771118164,14.699999809265137,14.239999771118164,14.630000114440918,1326700,0.0,0.0
2005-09-29 00:00:00-04:00,14.670000076293945,15.239999771118164,14.579999923706055,15.15999984741211,2285800,0.0,0.0
2005-09-30 00:00:00-04:00,15.25,16.0,15.199999809265137,15.949999809265137,3228800,0.0,0.0
2005-10-03 00:00:00-04:00,15.960000038146973,16.729999542236328,15.869999885559082,16.670000076293945,4225500,0.0,0.0
2005-10-04 00:00:00-04:00,16.670000076293945,16.889999389648438,16.420000076293945,16.489999771118164,3252700,0.0,0.0
2005-10-05 00:00:00-04:00,16.469999313354492,16.690000534057617,15.899999618530273,16.020000457763672,1716600,0.0,0.0
2005-10-06 00:00:00-04:00,16.200000762939453,16.239999771118164,15.710000038146973,16.0,1895200,0.0,0.0
2005-10-07 00:00:00-04:00,15.930000305175781,16.229999542236328,15.90999984741211,16.049999237060547,1004400,0.0,0.0
2005-10-10 00:00:00-04:00,16.100000381469727,16.139999389648438,15.90999984741211,16.06999969482422,848200,0.0,0.0
2005-10-11 00:00:00-04:00,16.0,16.110000610351562,15.680000305175781,15.920000076293945,1780600,0.0,0.0
2005-10-12 00:00:00-04:00,15.899999618530273,15.899999618530273,15.470000267028809,15.520000457763672,1462500,0.0,0.0
2005-10-13 00:00:00-04:00,15.479999542236328,15.949999809265137,15.270000457763672,15.890000343322754,1522400,0.0,0.0
2005-10-14 00:00:00-04:00,16.0,16.139999389648438,15.699999809265137,16.100000381469727,810100,0.0,0.0
2005-10-17 00:00:00-04:00,16.1200008392334,16.989999771118164,15.989999771118164,16.950000762939453,2704000,0.0,0.0
2005-10-18 00:00:00-04:00,16.950000762939453,17.0,16.399999618530273,16.600000381469727,2019100,0.0,0.0
2005-10-19 00:00:00-04:00,16.440000534057617,17.149999618530273,16.440000534057617,17.100000381469727,1469200,0.0,0.0
2005-10-20 00:00:00-04:00,17.020000457763672,17.489999771118164,17.020000457763672,17.360000610351562,2048700,0.0,0.0
2005-10-21 00:00:00-04:00,17.25,17.540000915527344,17.219999313354492,17.25,1665500,0.0,0.0
2005-10-24 00:00:00-04:00,17.43000030517578,17.489999771118164,16.93000030517578,17.299999237060547,2512900,0.0,0.0
2005-10-25 00:00:00-04:00,17.299999237060547,17.329999923706055,16.799999237060547,16.969999313354492,2479100,0.0,0.0
2005-10-26 00:00:00-04:00,17.049999237060547,17.100000381469727,16.420000076293945,16.889999389648438,4756200,0.0,0.0
2005-10-27 00:00:00-04:00,16.989999771118164,17.0,16.520000457763672,16.6299991607666,1295900,0.0,0.0
2005-10-28 00:00:00-04:00,16.690000534057617,16.979999542236328,16.100000381469727,16.84000015258789,2713000,0.0,0.0
2005-10-31 00:00:00-05:00,16.8700008392334,17.459999084472656,16.790000915527344,17.34000015258789,3796200,0.0,0.0
2005-11-01 00:00:00-05:00,16.920000076293945,17.0,16.450000762939453,16.700000762939453,6269900,0.0,0.0
2005-11-02 00:00:00-05:00,16.600000381469727,16.690000534057617,16.40999984741211,16.450000762939453,2277200,0.0,0.0
2005-11-03 00:00:00-05:00,16.5,16.6299991607666,16.450000762939453,16.59000015258789,2199000,0.0,0.0
2005-11-04 00:00:00-05:00,16.559999465942383,16.81999969482422,16.510000228881836,16.690000534057617,1456700,0.0,0.0
2005-11-07 00:00:00-05:00,17.229999542236328,17.229999542236328,16.610000610351562,16.690000534057617,1958100,0.0,0.0
2005-11-08 00:00:00-05:00,16.690000534057617,16.690000534057617,16.299999237060547,16.420000076293945,1673000,0.0,0.0
2005-11-09 00:00:00-05:00,16.3700008392334,16.68000030517578,16.06999969482422,16.68000030517578,2463700,0.0,0.0
2005-11-10 00:00:00-05:00,16.75,17.0,16.600000381469727,16.93000030517578,1401700,0.0,0.0
2005-11-11 00:00:00-05:00,16.889999389648438,17.06999969482422,16.889999389648438,17.020000457763672,2162000,0.0,0.0
2005-11-14 00:00:00-05:00,17.280000686645508,17.649999618530273,17.149999618530273,17.360000610351562,5096300,0.0,0.0
2005-11-15 00:00:00-05:00,17.399999618530273,17.469999313354492,16.809999465942383,16.959999084472656,1788500,0.0,0.0
2005-11-16 00:00:00-05:00,17.059999465942383,17.100000381469727,16.829999923706055,16.959999084472656,740400,0.0,0.0
2005-11-17 00:00:00-05:00,17.06999969482422,17.190000534057617,16.8700008392334,16.989999771118164,1626500,0.0,0.0
2005-11-18 00:00:00-05:00,17.059999465942383,17.09000015258789,16.90999984741211,16.989999771118164,1311200,0.0,0.0
2005-11-21 00:00:00-05:00,16.799999237060547,17.149999618530273,16.530000686645508,17.049999237060547,1891900,0.0,0.0
2005-11-22 00:00:00-05:00,17.520000457763672,19.360000610351562,17.360000610351562,19.209999084472656,13499600,0.0,0.0
2005-11-23 00:00:00-05:00,19.219999313354492,20.1299991607666,19.170000076293945,19.68000030517578,5759100,0.0,0.0
2005-11-25 00:00:00-05:00,19.809999465942383,20.899999618530273,19.690000534057617,20.5,2404000,0.0,0.0
2005-11-28 00:00:00-05:00,20.579999923706055,20.75,19.479999542236328,19.75,3921700,0.0,0.0
2005-11-29 00:00:00-05:00,19.649999618530273,20.229999542236328,19.399999618530273,19.760000228881836,2259400,0.0,0.0
2005-11-30 00:00:00-05:00,19.81999969482422,20.020000457763672,19.559999465942383,19.959999084472656,2447200,0.0,0.0
2005-12-01 00:00:00-05:00,20.100000381469727,21.049999237060547,20.100000381469727,21.049999237060547,3811200,0.0,0.0
2005-12-02 00:00:00-05:00,21.049999237060547,21.1200008392334,20.3799991607666,20.8799991607666,2082500,0.0,0.0
2005-12-05 00:00:00-05:00,20.809999465942383,21.1299991607666,20.709999084472656,21.010000228881836,1886300,0.0,0.0
2005-12-06 00:00:00-05:00,21.06999969482422,21.729999542236328,21.020000457763672,21.559999465942383,3428300,0.0,0.0
2005-12-07 00:00:00-05:00,21.790000915527344,21.950000762939453,21.399999618530273,21.65999984741211,2156300,0.0,0.0
2005-12-08 00:00:00-05:00,21.799999237060547,21.950000762939453,21.25,21.850000381469727,2294000,0.0,0.0
2005-12-09 00:00:00-05:00,21.950000762939453,22.25,21.549999237060547,21.790000915527344,2318700,0.0,0.0
2005-12-12 00:00:00-05:00,21.729999542236328,21.889999389648438,20.799999237060547,21.170000076293945,3791000,0.0,0.0
2005-12-13 00:00:00-05:00,20.110000610351562,21.06999969482422,19.75,20.270000457763672,5226600,0.0,0.0
2005-12-14 00:00:00-05:00,20.3700008392334,20.780000686645508,20.149999618530273,20.719999313354492,2442600,0.0,0.0
2005-12-15 00:00:00-05:00,20.719999313354492,20.790000915527344,20.299999237060547,20.59000015258789,1286700,0.0,0.0
2005-12-16 00:00:00-05:00,20.739999771118164,20.770000457763672,20.299999237060547,20.540000915527344,1230300,0.0,0.0
2005-12-19 00:00:00-05:00,20.31999969482422,20.799999237060547,19.40999984741211,19.479999542236328,2764700,0.0,0.0
2005-12-20 00:00:00-05:00,19.40999984741211,19.760000228881836,19.020000457763672,19.65999984741211,2491500,0.0,0.0
2005-12-21 00:00:00-05:00,19.940000534057617,20.190000534057617,19.84000015258789,20.049999237060547,1598100,0.0,0.0
2005-12-22 00:00:00-05:00,20.18000030517578,20.440000534057617,20.049999237060547,20.43000030517578,713100,0.0,0.0
2005-12-23 00:00:00-05:00,20.479999542236328,20.5,20.059999465942383,20.100000381469727,621000,0.0,0.0
2005-12-27 00:00:00-05:00,20.09000015258789,20.389999389648438,20.030000686645508,20.270000457763672,822600,0.0,0.0
2005-12-28 00:00:00-05:00,20.43000030517578,20.43000030517578,20.06999969482422,20.299999237060547,906300,0.0,0.0
2005-12-29 00:00:00-05:00,20.3799991607666,20.469999313354492,19.940000534057617,20.0,1029300,0.0,0.0
2005-12-30 00:00:00-05:00,20.049999237060547,20.09000015258789,19.770000457763672,19.93000030517578,849500,0.0,0.0
2006-01-03 00:00:00-05:00,20.0,20.940000534057617,19.56999969482422,20.799999237060547,3352300,0.0,0.0
2006-01-04 00:00:00-05:00,20.899999618530273,21.579999923706055,20.770000457763672,21.31999969482422,3374800,0.0,0.0
2006-01-05 00:00:00-05:00,21.350000381469727,21.729999542236328,20.81999969482422,21.600000381469727,3206100,0.0,0.0
2006-01-06 00:00:00-05:00,21.68000030517578,22.690000534057617,21.68000030517578,22.469999313354492,3321800,0.0,0.0
2006-01-09 00:00:00-05:00,22.59000015258789,22.649999618530273,21.959999084472656,22.1299991607666,1921200,0.0,0.0
2006-01-10 00:00:00-05:00,22.0,23.100000381469727,21.799999237060547,23.010000228881836,3550300,0.0,0.0
2006-01-11 00:00:00-05:00,23.0,23.290000915527344,22.59000015258789,22.920000076293945,1945300,0.0,0.0
2006-01-12 00:00:00-05:00,22.81999969482422,23.969999313354492,22.809999465942383,22.93000030517578,2452100,0.0,0.0
2006-01-13 00:00:00-05:00,23.110000610351562,23.389999389648438,22.729999542236328,22.799999237060547,2001600,0.0,0.0
2006-01-17 00:00:00-05:00,22.600000381469727,22.780000686645508,22.350000381469727,22.579999923706055,1380000,0.0,0.0
2006-01-18 00:00:00-05:00,21.979999542236328,23.0,21.68000030517578,22.90999984741211,1842800,0.0,0.0
2006-01-19 00:00:00-05:00,23.5,24.139999389648438,23.260000228881836,23.68000030517578,3117900,0.0,0.0
2006-01-20 00:00:00-05:00,23.850000381469727,23.860000610351562,22.450000762939453,22.709999084472656,2295300,0.0,0.0
2006-01-23 00:00:00-05:00,22.920000076293945,23.049999237060547,22.270000457763672,22.540000915527344,1429900,0.0,0.0
2006-01-24 00:00:00-05:00,22.799999237060547,23.209999084472656,22.670000076293945,22.969999313354492,1491800,0.0,0.0
2006-01-25 00:00:00-05:00,23.190000534057617,23.25,22.219999313354492,22.399999618530273,1376800,0.0,0.0
2006-01-26 00:00:00-05:00,22.729999542236328,22.729999542236328,22.25,22.3799991607666,1935700,0.0,0.0
2006-01-27 00:00:00-05:00,22.5,22.940000534057617,22.25,22.389999389648438,1940600,0.0,0.0
2006-01-30 00:00:00-05:00,22.520000457763672,22.899999618530273,22.149999618530273,22.290000915527344,1305200,0.0,0.0
2006-01-31 00:00:00-05:00,22.309999465942383,22.420000076293945,21.530000686645508,21.8799991607666,2529300,0.0,0.0
2006-02-01 00:00:00-05:00,21.709999084472656,21.940000534057617,21.540000915527344,21.84000015258789,1684000,0.0,0.0
2006-02-02 00:00:00-05:00,21.8700008392334,22.540000915527344,21.40999984741211,21.489999771118164,2751500,0.0,0.0
2006-02-03 00:00:00-05:00,21.40999984741211,21.90999984741211,20.489999771118164,21.829999923706055,2991600,0.0,0.0
2006-02-06 00:00:00-05:00,21.899999618530273,22.190000534057617,21.809999465942383,21.950000762939453,1460600,0.0,0.0
2006-02-07 00:00:00-05:00,21.84000015258789,22.440000534057617,21.84000015258789,22.1200008392334,2593800,0.0,0.0
2006-02-08 00:00:00-05:00,22.479999542236328,22.479999542236328,21.75,22.0,3953200,0.0,0.0
2006-02-09 00:00:00-05:00,24.989999771118164,27.59000015258789,24.760000228881836,26.010000228881836,16066500,0.0,0.0
2006-02-10 00:00:00-05:00,26.670000076293945,26.68000030517578,25.280000686645508,25.540000915527344,4803500,0.0,0.0
2006-02-13 00:00:00-05:00,25.399999618530273,25.520000457763672,24.520000457763672,24.93000030517578,2820200,0.0,0.0
2006-02-14 00:00:00-05:00,25.0,25.329999923706055,24.739999771118164,25.100000381469727,2055800,0.0,0.0
2006-02-15 00:00:00-05:00,24.93000030517578,26.190000534057617,24.899999618530273,25.770000457763672,2803200,0.0,0.0
2006-02-16 00:00:00-05:00,26.469999313354492,26.850000381469727,25.850000381469727,26.670000076293945,2570800,0.0,0.0
2006-02-17 00:00:00-05:00,26.850000381469727,26.93000030517578,26.389999389648438,26.719999313354492,1852400,0.0,0.0
2006-02-21 00:00:00-05:00,26.989999771118164,27.0,26.670000076293945,26.700000762939453,1811600,0.0,0.0
2006-02-22 00:00:00-05:00,27.34000015258789,27.450000762939453,26.90999984741211,27.309999465942383,2156500,0.0,0.0
2006-02-23 00:00:00-05:00,26.639999389648438,27.360000610351562,26.389999389648438,27.059999465942383,2990300,0.0,0.0
2006-02-24 00:00:00-05:00,27.0,27.190000534057617,26.860000610351562,27.079999923706055,1220600,0.0,0.0
2006-02-27 00:00:00-05:00,27.079999923706055,27.09000015258789,26.299999237060547,26.389999389648438,2132200,0.0,0.0
2006-02-28 00:00:00-05:00,26.6299991607666,26.75,25.600000381469727,26.5,2062800,0.0,0.0
2006-03-01 00:00:00-05:00,26.639999389648438,27.049999237060547,26.520000457763672,27.010000228881836,1913000,0.0,0.0
2006-03-02 00:00:00-05:00,26.479999542236328,27.690000534057617,25.8700008392334,26.09000015258789,4713100,0.0,0.0
2006-03-03 00:00:00-05:00,26.299999237060547,26.34000015258789,25.780000686645508,26.110000610351562,2102500,0.0,0.0
2006-03-06 00:00:00-05:00,26.309999465942383,26.709999084472656,25.899999618530273,26.049999237060547,1735400,0.0,0.0
2006-03-07 00:00:00-05:00,25.799999237060547,25.8700008392334,24.959999084472656,25.229999542236328,2505300,0.0,0.0
2006-03-08 00:00:00-05:00,25.15999984741211,25.450000762939453,24.959999084472656,25.18000030517578,1996800,0.0,0.0
2006-03-09 00:00:00-05:00,25.1200008392334,25.899999618530273,25.1200008392334,25.290000915527344,1110300,0.0,0.0
2006-03-10 00:00:00-05:00,25.100000381469727,25.610000610351562,25.020000457763672,25.530000686645508,1233800,0.0,0.0
2006-03-13 00:00:00-05:00,25.760000228881836,26.229999542236328,25.299999237060547,25.3700008392334,998400,0.0,0.0
2006-03-14 00:00:00-05:00,25.68000030517578,26.299999237060547,25.399999618530273,26.260000228881836,1265800,0.0,0.0
2006-03-15 00:00:00-05:00,26.299999237060547,27.3799991607666,26.200000762939453,27.31999969482422,2335900,0.0,0.0
2006-03-16 00:00:00-05:00,27.600000381469727,28.440000534057617,27.149999618530273,27.190000534057617,2627800,0.0,0.0
2006-03-17 00:00:00-05:00,27.270000457763672,28.459999084472656,26.799999237060547,28.420000076293945,2320600,0.0,0.0
2006-03-20 00:00:00-05:00,28.770000457763672,29.489999771118164,28.3700008392334,28.989999771118164,3363400,0.0,0.0
2006-03-21 00:00:00-05:00,29.079999923706055,29.200000762939453,28.610000610351562,29.079999923706055,2664800,0.0,0.0
2006-03-22 00:00:00-05:00,29.040000915527344,29.200000762939453,28.600000381469727,28.739999771118164,3644800,0.0,0.0
2006-03-23 00:00:00-05:00,29.09000015258789,29.18000030517578,28.559999465942383,28.68000030517578,1746500,0.0,0.0
2006-03-24 00:00:00-05:00,28.729999542236328,28.899999618530273,28.18000030517578,28.59000015258789,1622000,0.0,0.0
2006-03-27 00:00:00-05:00,28.600000381469727,29.219999313354492,28.600000381469727,29.219999313354492,2472800,0.0,0.0
2006-03-28 00:00:00-05:00,29.299999237060547,29.389999389648438,28.84000015258789,28.959999084472656,1894200,0.0,0.0
2006-03-29 00:00:00-05:00,29.280000686645508,32.02000045776367,29.079999923706055,31.420000076293945,8126700,0.0,0.0
2006-03-30 00:00:00-05:00,31.549999237060547,31.979999542236328,30.510000228881836,30.770000457763672,3206200,0.0,0.0
2006-03-31 00:00:00-05:00,31.5,33.16999816894531,31.420000076293945,32.88999938964844,7802200,0.0,0.0
2006-04-03 00:00:00-04:00,33.150001525878906,33.97999954223633,32.90999984741211,33.189998626708984,4444600,0.0,0.0
2006-04-04 00:00:00-04:00,33.20000076293945,33.38999938964844,31.649999618530273,31.93000030517578,3796200,0.0,0.0
2006-04-05 00:00:00-04:00,32.0,32.18000030517578,31.329999923706055,31.780000686645508,3359000,0.0,0.0
2006-04-06 00:00:00-04:00,31.600000381469727,32.029998779296875,31.399999618530273,31.790000915527344,2539000,0.0,0.0
2006-04-07 00:00:00-04:00,31.899999618530273,31.979999542236328,30.799999237060547,30.889999389648438,2042400,0.0,0.0
2006-04-10 00:00:00-04:00,31.059999465942383,31.170000076293945,29.979999542236328,30.030000686645508,3571900,0.0,0.0
2006-04-11 00:00:00-04:00,30.190000534057617,31.56999969482422,30.100000381469727,31.209999084472656,5062600,0.0,0.0
2006-04-12 00:00:00-04:00,32.150001525878906,32.400001525878906,30.610000610351562,30.979999542236328,4985600,0.0,0.0
2006-04-13 00:00:00-04:00,30.969999313354492,31.420000076293945,30.75,31.059999465942383,1672600,0.0,0.0
2006-04-17 00:00:00-04:00,31.030000686645508,31.280000686645508,30.760000228881836,30.90999984741211,1534700,0.0,0.0
2006-04-18 00:00:00-04:00,31.15999984741211,32.619998931884766,30.90999984741211,32.54999923706055,3173000,0.0,0.0
2006-04-19 00:00:00-04:00,32.709999084472656,33.83000183105469,32.470001220703125,33.41999816894531,7581700,0.0,0.0
2006-04-20 00:00:00-04:00,33.4900016784668,34.619998931884766,32.779998779296875,33.0099983215332,3437700,0.0,0.0
2006-04-21 00:00:00-04:00,32.959999084472656,34.08000183105469,32.91999816894531,33.84000015258789,2859700,0.0,0.0
2006-04-24 00:00:00-04:00,34.0,34.56999969482422,33.439998626708984,34.02000045776367,2578200,0.0,0.0
2006-04-25 00:00:00-04:00,34.25,34.33000183105469,33.689998626708984,34.0,2762700,0.0,0.0
2006-04-26 00:00:00-04:00,33.9900016784668,34.0,33.04999923706055,33.34000015258789,6049300,0.0,0.0
2006-04-27 00:00:00-04:00,32.959999084472656,34.939998626708984,31.149999618530273,34.150001525878906,7752200,0.0,0.0
2006-04-28 00:00:00-04:00,34.349998474121094,34.40999984741211,33.369998931884766,33.689998626708984,3132900,0.0,0.0
2006-05-01 00:00:00-04:00,33.650001525878906,35.369998931884766,33.630001068115234,35.18000030517578,3549600,0.0,0.0
2006-05-02 00:00:00-04:00,35.45000076293945,35.88999938964844,34.34000015258789,34.45000076293945,1942600,0.0,0.0
2006-05-03 00:00:00-04:00,34.61000061035156,35.20000076293945,34.34000015258789,34.619998931884766,1791600,0.0,0.0
2006-05-04 00:00:00-04:00,34.560001373291016,35.20000076293945,33.77000045776367,33.93000030517578,2314400,0.0,0.0
2006-05-05 00:00:00-04:00,34.16999816894531,35.27000045776367,33.79999923706055,35.189998626708984,2430800,0.0,0.0
2006-05-08 00:00:00-04:00,35.709999084472656,36.45000076293945,35.45000076293945,36.02000045776367,3133800,0.0,0.0
2006-05-09 00:00:00-04:00,36.20000076293945,36.939998626708984,35.779998779296875,36.38999938964844,3380000,0.0,0.0
2006-05-10 00:00:00-04:00,36.41999816894531,36.689998626708984,35.599998474121094,35.959999084472656,2781800,0.0,0.0
2006-05-11 00:00:00-04:00,36.400001525878906,36.439998626708984,34.630001068115234,34.84000015258789,3275800,0.0,0.0
2006-05-12 00:00:00-04:00,34.58000183105469,34.709999084472656,33.2599983215332,34.38999938964844,4477900,0.0,0.0
2006-05-15 00:00:00-04:00,33.83000183105469,34.060001373291016,31.729999542236328,32.459999084472656,5290200,0.0,0.0
2006-05-16 00:00:00-04:00,32.689998626708984,32.75,32.2400016784668,32.54999923706055,3672300,0.0,0.0
2006-05-17 00:00:00-04:00,32.470001220703125,32.54999923706055,31.219999313354492,32.029998779296875,3569600,0.0,0.0
2006-05-18 00:00:00-04:00,32.0,33.0,32.0,32.560001373291016,5083800,0.0,0.0
2006-05-19 00:00:00-04:00,32.66999816894531,34.75,32.63999938964844,34.13999938964844,5366900,0.0,0.0
2006-05-22 00:00:00-04:00,33.59000015258789,33.7400016784668,30.09000015258789,31.5,7067000,0.0,0.0
2006-05-23 00:00:00-04:00,32.31999969482422,32.599998474121094,31.0,31.149999618530273,3730900,0.0,0.0
2006-05-24 00:00:00-04:00,31.290000915527344,31.530000686645508,28.399999618530273,29.520000457763672,7122100,0.0,0.0
2006-05-25 00:00:00-04:00,30.059999465942383,32.33000183105469,29.799999237060547,32.31999969482422,6124600,0.0,0.0
2006-05-26 00:00:00-04:00,32.290000915527344,32.4900016784668,31.0,31.670000076293945,2742200,0.0,0.0
2006-05-30 00:00:00-04:00,31.200000762939453,31.850000381469727,30.079999923706055,30.700000762939453,4025600,0.0,0.0
2006-05-31 00:00:00-04:00,30.549999237060547,31.5,30.239999771118164,31.290000915527344,7363100,0.0,0.0
2006-06-01 00:00:00-04:00,31.31999969482422,32.099998474121094,31.0,32.099998474121094,2899100,0.0,0.0
2006-06-02 00:00:00-04:00,32.779998779296875,33.0,31.0,31.34000015258789,3644200,0.0,0.0
2006-06-05 00:00:00-04:00,31.520000457763672,31.90999984741211,30.1200008392334,30.260000228881836,3290500,0.0,0.0
2006-06-06 00:00:00-04:00,30.399999618530273,30.979999542236328,29.690000534057617,30.440000534057617,3307000,0.0,0.0
2006-06-07 00:00:00-04:00,30.440000534057617,30.989999771118164,30.020000457763672,30.100000381469727,1757400,0.0,0.0
2006-06-08 00:00:00-04:00,29.809999465942383,29.950000762939453,28.270000457763672,29.719999313354492,4756300,0.0,0.0
2006-06-09 00:00:00-04:00,30.190000534057617,30.969999313354492,29.75,30.0,3224800,0.0,0.0
2006-06-12 00:00:00-04:00,29.920000076293945,30.0,28.290000915527344,28.5,3581100,0.0,0.0
2006-06-13 00:00:00-04:00,28.450000762939453,28.690000534057617,27.139999389648438,27.510000228881836,5856300,0.0,0.0
2006-06-14 00:00:00-04:00,27.559999465942383,28.809999465942383,27.360000610351562,28.610000610351562,4031000,0.0,0.0
2006-06-15 00:00:00-04:00,29.1299991607666,31.8799991607666,29.110000610351562,31.760000228881836,6008900,0.0,0.0
2006-06-16 00:00:00-04:00,31.59000015258789,32.0,30.68000030517578,30.889999389648438,2908300,0.0,0.0
2006-06-19 00:00:00-04:00,31.09000015258789,31.350000381469727,29.899999618530273,30.1299991607666,2364500,0.0,0.0
2006-06-20 00:00:00-04:00,30.100000381469727,31.770000457763672,30.059999465942383,31.350000381469727,2572800,0.0,0.0
2006-06-21 00:00:00-04:00,31.34000015258789,33.79999923706055,31.34000015258789,33.529998779296875,4096800,0.0,0.0
2006-06-22 00:00:00-04:00,33.43000030517578,33.900001525878906,32.650001525878906,33.25,2390100,0.0,0.0
2006-06-23 00:00:00-04:00,33.310001373291016,35.0,32.95000076293945,34.52000045776367,2976400,0.0,0.0
2006-06-26 00:00:00-04:00,34.7599983215332,35.59000015258789,34.11000061035156,35.27000045776367,2562100,0.0,0.0
2006-06-27 00:00:00-04:00,35.439998626708984,35.439998626708984,33.58000183105469,33.77000045776367,2357600,0.0,0.0
2006-06-28 00:00:00-04:00,33.650001525878906,33.75,32.11000061035156,33.459999084472656,4396000,0.0,0.0
2006-06-29 00:00:00-04:00,33.810001373291016,36.04999923706055,33.540000915527344,35.849998474121094,3874800,0.0,0.0
2006-06-30 00:00:00-04:00,35.97999954223633,36.25,35.38999938964844,36.189998626708984,3298900,0.0,0.0
2006-07-03 00:00:00-04:00,36.11000061035156,37.13999938964844,36.11000061035156,36.68000030517578,1597900,0.0,0.0
2006-07-05 00:00:00-04:00,36.5,37.400001525878906,35.279998779296875,35.38999938964844,3402500,0.0,0.0
2006-07-06 00:00:00-04:00,35.63999938964844,35.63999938964844,35.04999923706055,35.40999984741211,2088900,0.0,0.0
2006-07-07 00:00:00-04:00,35.20000076293945,35.95000076293945,34.61000061035156,35.25,1861000,0.0,0.0
2006-07-10 00:00:00-04:00,35.4900016784668,35.560001373291016,32.38999938964844,33.02000045776367,4220100,0.0,0.0
2006-07-11 00:00:00-04:00,32.70000076293945,33.209999084472656,31.110000610351562,33.15999984741211,6718300,0.0,0.0
2006-07-12 00:00:00-04:00,33.0,33.0,30.8799991607666,31.350000381469727,4883500,0.0,0.0
2006-07-13 00:00:00-04:00,30.479999542236328,33.130001068115234,30.18000030517578,31.260000228881836,5231300,0.0,0.0
2006-07-14 00:00:00-04:00,31.309999465942383,32.70000076293945,30.809999465942383,32.540000915527344,4264300,0.0,0.0
2006-07-17 00:00:00-04:00,32.709999084472656,33.5099983215332,31.889999389648438,32.38999938964844,3183800,0.0,0.0
2006-07-18 00:00:00-04:00,32.59000015258789,33.130001068115234,31.1200008392334,32.91999816894531,3715500,0.0,0.0
2006-07-19 00:00:00-04:00,33.099998474121094,33.75,32.41999816894531,32.95000076293945,3302500,0.0,0.0
2006-07-20 00:00:00-04:00,32.97999954223633,33.13999938964844,31.200000762939453,31.299999237060547,2928600,0.0,0.0
2006-07-21 00:00:00-04:00,31.200000762939453,31.200000762939453,29.280000686645508,29.5,4905900,0.0,0.0
2006-07-24 00:00:00-04:00,29.889999389648438,31.540000915527344,29.540000915527344,31.299999237060547,3634000,0.0,0.0
2006-07-25 00:00:00-04:00,31.559999465942383,32.150001525878906,30.649999618530273,31.979999542236328,3829100,0.0,0.0
2006-07-26 00:00:00-04:00,32.099998474121094,32.099998474121094,30.0,30.0,8207100,0.0,0.0
2006-07-27 00:00:00-04:00,35.970001220703125,37.400001525878906,34.97999954223633,36.83000183105469,17499700,0.0,0.0
2006-07-28 00:00:00-04:00,36.83000183105469,37.72999954223633,36.0,36.59000015258789,5720100,0.0,0.0
2006-07-31 00:00:00-04:00,36.61000061035156,39.720001220703125,36.380001068115234,39.630001068115234,9027100,0.0,0.0
2006-08-01 00:00:00-04:00,39.02000045776367,39.41999816894531,37.75,38.40999984741211,5289300,0.0,0.0
2006-08-02 00:00:00-04:00,38.599998474121094,39.2400016784668,38.380001068115234,38.65999984741211,2754700,0.0,0.0
2006-08-03 00:00:00-04:00,38.470001220703125,40.459999084472656,37.810001373291016,40.290000915527344,4476600,0.0,0.0
2006-08-04 00:00:00-04:00,40.40999984741211,42.0,38.5,39.41999816894531,6155300,0.0,0.0
2006-08-07 00:00:00-04:00,39.029998779296875,39.83000183105469,38.52000045776367,38.959999084472656,3348700,0.0,0.0
2006-08-08 00:00:00-04:00,38.91999816894531,39.45000076293945,38.16999816894531,38.27000045776367,2895600,0.0,0.0
2006-08-09 00:00:00-04:00,38.689998626708984,39.7400016784668,38.25,38.47999954223633,3515200,0.0,0.0
2006-08-10 00:00:00-04:00,38.52000045776367,39.18000030517578,38.209999084472656,38.97999954223633,2763500,0.0,0.0
2006-08-11 00:00:00-04:00,38.79999923706055,38.849998474121094,36.9900016784668,37.400001525878906,2853300,0.0,0.0
2006-08-14 00:00:00-04:00,37.93000030517578,38.400001525878906,37.08000183105469,37.209999084472656,2463800,0.0,0.0
2006-08-15 00:00:00-04:00,38.20000076293945,40.0,37.52000045776367,39.90999984741211,4344700,0.0,0.0
2006-08-16 00:00:00-04:00,40.150001525878906,40.400001525878906,39.25,39.77000045776367,3548400,0.0,0.0
2006-08-17 00:00:00-04:00,39.54999923706055,40.2599983215332,38.810001373291016,39.529998779296875,3685900,0.0,0.0
2006-08-18 00:00:00-04:00,39.68000030517578,40.27000045776367,38.93000030517578,39.97999954223633,2465200,0.0,0.0
2006-08-21 00:00:00-04:00,39.66999816894531,39.75,38.61000061035156,38.72999954223633,2355800,0.0,0.0
2006-08-22 00:00:00-04:00,38.61000061035156,38.97999954223633,38.15999984741211,38.650001525878906,2333200,0.0,0.0
2006-08-23 00:00:00-04:00,39.040000915527344,39.20000076293945,37.79999923706055,38.189998626708984,2189600,0.0,0.0
2006-08-24 00:00:00-04:00,38.40999984741211,38.59000015258789,37.849998474121094,38.2400016784668,1625900,0.0,0.0
2006-08-25 00:00:00-04:00,38.470001220703125,38.790000915527344,37.77000045776367,37.869998931884766,1900000,0.0,0.0
2006-08-28 00:00:00-04:00,37.9900016784668,39.5,37.54999923706055,38.939998626708984,3352600,0.0,0.0
2006-08-29 00:00:00-04:00,39.06999969482422,39.16999816894531,37.970001220703125,39.02000045776367,2261700,0.0,0.0
2006-08-30 00:00:00-04:00,39.06999969482422,39.27000045776367,38.40999984741211,38.83000183105469,2893200,0.0,0.0
2006-08-31 00:00:00-04:00,38.95000076293945,39.83000183105469,38.70000076293945,39.20000076293945,2636900,0.0,0.0
2006-09-01 00:00:00-04:00,39.31999969482422,40.790000915527344,39.25,40.630001068115234,3194700,0.0,0.0
2006-09-05 00:00:00-04:00,40.81999969482422,41.86000061035156,40.52000045776367,41.0,4078500,0.0,0.0
2006-09-06 00:00:00-04:00,40.65999984741211,40.95000076293945,39.400001525878906,39.41999816894531,2797300,0.0,0.0
2006-09-07 00:00:00-04:00,39.33000183105469,40.130001068115234,38.45000076293945,39.40999984741211,3731800,0.0,0.0
2006-09-08 00:00:00-04:00,39.599998474121094,41.2400016784668,39.40999984741211,41.150001525878906,4047600,0.0,0.0
2006-09-11 00:00:00-04:00,40.970001220703125,43.5,40.599998474121094,43.38999938964844,7042600,0.0,0.0
2006-09-12 00:00:00-04:00,43.470001220703125,44.380001068115234,42.650001525878906,43.29999923706055,6462900,0.0,0.0
2006-09-13 00:00:00-04:00,42.720001220703125,44.70000076293945,42.400001525878906,44.20000076293945,6397600,0.0,0.0
2006-09-14 00:00:00-04:00,45.11000061035156,45.97999954223633,44.52000045776367,45.880001068115234,10225100,0.0,0.0
2006-09-15 00:00:00-04:00,46.29999923706055,47.400001525878906,46.189998626708984,47.18000030517578,7613600,0.0,0.0
2006-09-18 00:00:00-04:00,47.209999084472656,47.84000015258789,46.099998474121094,46.439998626708984,5860100,0.0,0.0
2006-09-19 00:00:00-04:00,45.279998779296875,45.47999954223633,43.900001525878906,45.470001220703125,7491500,0.0,0.0
2006-09-20 00:00:00-04:00,45.939998626708984,46.97999954223633,45.61000061035156,46.16999816894531,4920400,0.0,0.0
2006-09-21 00:00:00-04:00,46.560001373291016,47.869998931884766,46.04999923706055,46.15999984741211,5390000,0.0,0.0
2006-09-22 00:00:00-04:00,46.40999984741211,47.13999938964844,45.7599983215332,46.189998626708984,3937800,0.0,0.0
2006-09-25 00:00:00-04:00,46.45000076293945,49.2400016784668,45.709999084472656,48.9900016784668,6947200,0.0,0.0
2006-09-26 00:00:00-04:00,49.13999938964844,49.459999084472656,47.2599983215332,49.34000015258789,6476300,0.0,0.0
2006-09-27 00:00:00-04:00,49.029998779296875,49.4900016784668,47.36000061035156,48.25,6682500,0.0,0.0
2006-09-28 00:00:00-04:00,48.5,50.16999816894531,47.84000015258789,50.06999969482422,7217500,0.0,0.0
2006-09-29 00:00:00-04:00,50.16999816894531,50.900001525878906,49.5,49.9900016784668,6894600,0.0,0.0
2006-10-02 00:00:00-04:00,50.0,51.0,49.310001373291016,49.83000183105469,4535800,0.0,0.0
2006-10-03 00:00:00-04:00,50.040000915527344,51.5,49.279998779296875,51.150001525878906,6537400,0.0,0.0
2006-10-04 00:00:00-04:00,50.91999816894531,51.970001220703125,50.52000045776367,51.970001220703125,5233400,0.0,0.0
2006-10-05 00:00:00-04:00,51.869998931884766,52.93000030517578,51.40999984741211,52.34000015258789,5173800,0.0,0.0
2006-10-06 00:00:00-04:00,51.91999816894531,52.0,51.130001068115234,51.369998931884766,4555900,0.0,0.0
2006-10-09 00:00:00-04:00,50.84000015258789,51.75,49.95000076293945,50.060001373291016,5676300,0.0,0.0
2006-10-10 00:00:00-04:00,49.95000076293945,50.66999816894531,49.060001373291016,49.95000076293945,4748600,0.0,0.0
2006-10-11 00:00:00-04:00,49.599998474121094,51.970001220703125,49.5099983215332,50.47999954223633,7997400,0.0,0.0
2006-10-12 00:00:00-04:00,51.16999816894531,51.209999084472656,49.4900016784668,50.16999816894531,4694200,0.0,0.0
2006-10-13 00:00:00-04:00,50.08000183105469,51.400001525878906,49.790000915527344,50.70000076293945,3653000,0.0,0.0
2006-10-16 00:00:00-04:00,50.54999923706055,51.66999816894531,50.349998474121094,50.66999816894531,3283400,0.0,0.0
2006-10-17 00:00:00-04:00,49.95000076293945,49.95000076293945,48.599998474121094,49.0,4942000,0.0,0.0
2006-10-18 00:00:00-04:00,49.290000915527344,49.70000076293945,45.93000030517578,46.130001068115234,7279400,0.0,0.0
2006-10-19 00:00:00-04:00,46.18000030517578,47.79999923706055,45.52000045776367,46.290000915527344,5112500,0.0,0.0
2006-10-20 00:00:00-04:00,46.52000045776367,46.63999938964844,44.77000045776367,46.189998626708984,6426800,0.0,0.0
2006-10-23 00:00:00-04:00,46.88999938964844,48.04999923706055,46.650001525878906,47.349998474121094,4677700,0.0,0.0
2006-10-24 00:00:00-04:00,47.310001373291016,49.880001068115234,47.0,49.599998474121094,5636100,0.0,0.0
2006-10-25 00:00:00-04:00,49.689998626708984,49.970001220703125,48.13999938964844,49.0,5086500,0.0,0.0
2006-10-26 00:00:00-04:00,49.40999984741211,49.91999816894531,46.189998626708984,49.83000183105469,10055000,0.0,0.0
2006-10-27 00:00:00-04:00,48.86000061035156,50.0,46.2599983215332,46.45000076293945,13666900,0.0,0.0
2006-10-30 00:00:00-05:00,46.099998474121094,46.38999938964844,45.2400016784668,45.810001373291016,6118700,0.0,0.0
2006-10-31 00:00:00-05:00,46.08000183105469,47.720001220703125,46.0,46.86000061035156,5162600,0.0,0.0
2006-11-01 00:00:00-05:00,47.63999938964844,47.63999938964844,46.150001525878906,46.470001220703125,3971300,0.0,0.0
2006-11-02 00:00:00-05:00,46.09000015258789,47.34000015258789,45.599998474121094,46.650001525878906,3926700,0.0,0.0
2006-11-03 00:00:00-05:00,47.0,47.06999969482422,45.63999938964844,45.970001220703125,2986000,0.0,0.0
2006-11-06 00:00:00-05:00,46.2400016784668,48.22999954223633,46.0,48.04999923706055,4459800,0.0,0.0
2006-11-07 00:00:00-05:00,48.54999923706055,50.5,48.45000076293945,49.83000183105469,8452700,0.0,0.0
2006-11-08 00:00:00-05:00,49.5,51.02000045776367,49.02000045776367,50.63999938964844,6849700,0.0,0.0
2006-11-09 00:00:00-05:00,51.029998779296875,52.0,47.81999969482422,48.02000045776367,9612900,0.0,0.0
2006-11-10 00:00:00-05:00,48.45000076293945,50.290000915527344,47.81999969482422,50.06999969482422,7472100,0.0,0.0
2006-11-13 00:00:00-05:00,50.09000015258789,50.41999816894531,49.040000915527344,49.54999923706055,3971100,0.0,0.0
2006-11-14 00:00:00-05:00,49.959999084472656,50.25,49.20000076293945,49.900001525878906,3726600,0.0,0.0
2006-11-15 00:00:00-05:00,49.779998779296875,50.099998474121094,48.0,48.099998474121094,7016400,0.0,0.0
2006-11-16 00:00:00-05:00,48.52000045776367,49.630001068115234,48.15999984741211,49.20000076293945,5386800,0.0,0.0
2006-11-17 00:00:00-05:00,48.91999816894531,49.349998474121094,48.619998931884766,49.25,2903700,0.0,0.0
2006-11-20 00:00:00-05:00,49.119998931884766,50.7599983215332,49.119998931884766,50.369998931884766,5677800,0.0,0.0
2006-11-21 00:00:00-05:00,50.560001373291016,51.189998626708984,49.56999969482422,50.650001525878906,5633800,0.0,0.0
2006-11-22 00:00:00-05:00,50.7599983215332,51.279998779296875,50.119998931884766,51.0099983215332,3191000,0.0,0.0
2006-11-24 00:00:00-05:00,50.349998474121094,51.29999923706055,50.130001068115234,50.45000076293945,1228200,0.0,0.0
2006-11-27 00:00:00-05:00,50.189998626708984,50.650001525878906,47.54999923706055,47.619998931884766,5201200,0.0,0.0
2006-11-28 00:00:00-05:00,47.38999938964844,48.38999938964844,46.619998931884766,47.81999969482422,4093600,0.0,0.0
2006-11-29 00:00:00-05:00,48.29999923706055,49.47999954223633,48.08000183105469,48.599998474121094,3654300,0.0,0.0
2006-11-30 00:00:00-05:00,48.779998779296875,49.29999923706055,48.209999084472656,48.869998931884766,2686400,0.0,0.0
2006-12-01 00:00:00-05:00,48.65999984741211,49.06999969482422,47.29999923706055,47.709999084472656,4138700,0.0,0.0
2006-12-04 00:00:00-05:00,48.209999084472656,49.880001068115234,48.16999816894531,49.150001525878906,3473200,0.0,0.0
2006-12-05 00:00:00-05:00,49.56999969482422,49.66999816894531,48.59000015258789,49.400001525878906,3034600,0.0,0.0
2006-12-06 00:00:00-05:00,49.439998626708984,50.25,49.09000015258789,49.709999084472656,3067700,0.0,0.0
2006-12-07 00:00:00-05:00,50.13999938964844,53.709999084472656,50.0,53.380001068115234,12322100,0.0,0.0
2006-12-08 00:00:00-05:00,53.060001373291016,54.279998779296875,52.72999954223633,53.779998779296875,6919800,0.0,0.0
2006-12-11 00:00:00-05:00,53.52000045776367,54.95000076293945,52.90999984741211,54.380001068115234,5788500,0.0,0.0
2006-12-12 00:00:00-05:00,54.40999984741211,55.029998779296875,53.95000076293945,54.400001525878906,5221600,0.0,0.0
2006-12-13 00:00:00-05:00,55.099998474121094,55.43000030517578,54.5,54.970001220703125,3878200,0.0,0.0
2006-12-14 00:00:00-05:00,54.900001525878906,56.40999984741211,54.75,55.900001525878906,5513900,0.0,0.0
2006-12-15 00:00:00-05:00,56.279998779296875,56.470001220703125,55.83000183105469,56.38999938964844,4464500,0.0,0.0
2006-12-18 00:00:00-05:00,56.0,56.20000076293945,54.380001068115234,55.09000015258789,6581800,0.0,0.0
2006-12-19 00:00:00-05:00,54.72999954223633,56.369998931884766,54.33000183105469,56.029998779296875,4625100,0.0,0.0
2006-12-20 00:00:00-05:00,56.369998931884766,56.79999923706055,55.060001373291016,55.099998474121094,2683100,0.0,0.0
2006-12-21 00:00:00-05:00,55.150001525878906,55.4900016784668,54.08000183105469,54.13999938964844,3233200,0.0,0.0
2006-12-22 00:00:00-05:00,54.02000045776367,54.290000915527344,53.04999923706055,53.40999984741211,2371000,0.0,0.0
2006-12-26 00:00:00-05:00,53.22999954223633,53.70000076293945,52.61000061035156,53.0,1869200,0.0,0.0
2006-12-27 00:00:00-05:00,53.5,54.880001068115234,53.29999923706055,54.52000045776367,2478700,0.0,0.0
2006-12-28 00:00:00-05:00,54.279998779296875,54.29999923706055,53.349998474121094,53.59000015258789,2408700,0.0,0.0
2006-12-29 00:00:00-05:00,53.81999969482422,54.349998474121094,52.709999084472656,53.119998931884766,2284700,0.0,0.0
2007-01-03 00:00:00-05:00,53.65999984741211,53.900001525878906,50.599998474121094,52.06999969482422,6290400,0.0,0.0
2007-01-04 00:00:00-05:00,51.849998474121094,53.459999084472656,51.720001220703125,53.29999923706055,3670900,0.0,0.0
2007-01-05 00:00:00-05:00,53.0,53.779998779296875,52.41999816894531,53.189998626708984,2873800,0.0,0.0
2007-01-08 00:00:00-05:00,53.099998474121094,53.459999084472656,52.099998474121094,53.0099983215332,3308000,0.0,0.0
2007-01-09 00:00:00-05:00,53.0,53.099998474121094,51.79999923706055,52.66999816894531,8200700,0.0,0.0
2007-01-10 00:00:00-05:00,52.25,53.88999938964844,51.7599983215332,53.790000915527344,3736500,0.0,0.0
2007-01-11 00:00:00-05:00,53.900001525878906,54.75,53.5099983215332,54.59000015258789,3219800,0.0,0.0
2007-01-12 00:00:00-05:00,54.400001525878906,55.59000015258789,54.29999923706055,54.63999938964844,3012700,0.0,0.0
2007-01-16 00:00:00-05:00,54.59000015258789,55.709999084472656,54.36000061035156,55.15999984741211,2201600,0.0,0.0
2007-01-17 00:00:00-05:00,54.81999969482422,55.59000015258789,54.27000045776367,54.810001373291016,2378200,0.0,0.0
2007-01-18 00:00:00-05:00,54.13999938964844,54.349998474121094,52.18000030517578,52.84000015258789,4097700,0.0,0.0
2007-01-19 00:00:00-05:00,53.220001220703125,54.33000183105469,52.95000076293945,54.099998474121094,3169600,0.0,0.0
2007-01-22 00:00:00-05:00,54.09000015258789,54.31999969482422,52.560001373291016,52.66999816894531,3422800,0.0,0.0
2007-01-23 00:00:00-05:00,52.45000076293945,53.400001525878906,51.529998779296875,52.65999984741211,3906900,0.0,0.0
2007-01-24 00:00:00-05:00,53.04999923706055,54.47999954223633,51.9900016784668,54.45000076293945,4776700,0.0,0.0
2007-01-25 00:00:00-05:00,54.119998931884766,54.810001373291016,53.209999084472656,53.65999984741211,4277800,0.0,0.0
2007-01-26 00:00:00-05:00,53.880001068115234,54.650001525878906,52.900001525878906,54.290000915527344,2812500,0.0,0.0
2007-01-29 00:00:00-05:00,54.11000061035156,55.84000015258789,53.849998474121094,55.13999938964844,3464400,0.0,0.0
2007-01-30 00:00:00-05:00,55.25,56.779998779296875,55.209999084472656,55.869998931884766,3703700,0.0,0.0
2007-01-31 00:00:00-05:00,55.689998626708984,56.470001220703125,55.20000076293945,56.18000030517578,2402100,0.0,0.0
2007-02-01 00:00:00-05:00,56.61000061035156,56.75,54.88999938964844,55.5099983215332,2799900,0.0,0.0
2007-02-02 00:00:00-05:00,54.529998779296875,55.95000076293945,54.529998779296875,55.54999923706055,2899500,0.0,0.0
2007-02-05 00:00:00-05:00,55.79999923706055,58.45000076293945,55.400001525878906,58.18000030517578,5280200,0.0,0.0
2007-02-06 00:00:00-05:00,57.849998474121094,58.06999969482422,55.08000183105469,55.150001525878906,5837800,0.0,0.0
2007-02-07 00:00:00-05:00,55.849998474121094,57.25,55.849998474121094,56.95000076293945,9376500,0.0,0.0
2007-02-08 00:00:00-05:00,55.36000061035156,59.689998626708984,54.4900016784668,59.150001525878906,11809000,0.0,0.0
2007-02-09 00:00:00-05:00,59.18000030517578,59.47999954223633,55.90999984741211,56.15999984741211,5809900,0.0,0.0
2007-02-12 00:00:00-05:00,56.27000045776367,56.599998474121094,55.029998779296875,55.099998474121094,3859900,0.0,0.0
2007-02-13 00:00:00-05:00,55.29999923706055,55.9900016784668,55.099998474121094,55.540000915527344,2492600,0.0,0.0
2007-02-14 00:00:00-05:00,55.63999938964844,56.849998474121094,55.61000061035156,56.599998474121094,2534600,0.0,0.0
2007-02-15 00:00:00-05:00,56.400001525878906,56.7599983215332,55.9900016784668,56.38999938964844,2036700,0.0,0.0
2007-02-16 00:00:00-05:00,56.15999984741211,56.38999938964844,55.54999923706055,55.9900016784668,2031300,0.0,0.0
2007-02-20 00:00:00-05:00,56.220001220703125,57.33000183105469,55.41999816894531,56.959999084472656,2499600,0.0,0.0
2007-02-21 00:00:00-05:00,56.63999938964844,57.400001525878906,56.380001068115234,57.310001373291016,1989400,0.0,0.0
2007-02-22 00:00:00-05:00,57.5099983215332,58.29999923706055,56.369998931884766,57.06999969482422,2867600,0.0,0.0
2007-02-23 00:00:00-05:00,57.060001373291016,57.25,55.900001525878906,56.400001525878906,2306700,0.0,0.0
2007-02-26 00:00:00-05:00,56.40999984741211,56.5,54.65999984741211,55.47999954223633,3002800,0.0,0.0
2007-02-27 00:00:00-05:00,54.0099983215332,54.540000915527344,49.5099983215332,51.369998931884766,11606900,0.0,0.0
2007-02-28 00:00:00-05:00,51.93000030517578,52.5,50.13999938964844,51.56999969482422,6931100,0.0,0.0
2007-03-01 00:00:00-05:00,50.130001068115234,50.79999923706055,49.0,50.130001068115234,7705400,0.0,0.0
2007-03-02 00:00:00-05:00,49.650001525878906,50.619998931884766,47.66999816894531,47.779998779296875,7006100,0.0,0.0
2007-03-05 00:00:00-05:00,46.61000061035156,48.290000915527344,46.599998474121094,47.81999969482422,6931000,0.0,0.0
2007-03-06 00:00:00-05:00,48.939998626708984,49.25,48.13999938964844,48.209999084472656,4688300,0.0,0.0
2007-03-07 00:00:00-05:00,48.060001373291016,49.0,47.95000076293945,48.099998474121094,4710100,0.0,0.0
2007-03-08 00:00:00-05:00,48.84000015258789,50.72999954223633,48.689998626708984,50.08000183105469,6315400,0.0,0.0
2007-03-09 00:00:00-05:00,50.439998626708984,50.689998626708984,49.380001068115234,50.40999984741211,4446000,0.0,0.0
2007-03-12 00:00:00-04:00,51.83000183105469,52.599998474121094,51.349998474121094,52.58000183105469,8044100,0.0,0.0
2007-03-13 00:00:00-04:00,52.33000183105469,53.36000061035156,51.4900016784668,51.5,6933500,0.0,0.0
2007-03-14 00:00:00-04:00,51.400001525878906,52.0,50.25,51.849998474121094,3801600,0.0,0.0
2007-03-15 00:00:00-04:00,51.880001068115234,52.060001373291016,50.95000076293945,51.43000030517578,2894900,0.0,0.0
2007-03-16 00:00:00-04:00,51.349998474121094,51.689998626708984,50.77000045776367,51.08000183105469,2977700,0.0,0.0
2007-03-19 00:00:00-04:00,51.77000045776367,52.29999923706055,51.18000030517578,52.04999923706055,2769600,0.0,0.0
2007-03-20 00:00:00-04:00,52.04999923706055,52.41999816894531,51.5,51.88999938964844,2008000,0.0,0.0
2007-03-21 00:00:00-04:00,52.09000015258789,53.029998779296875,51.099998474121094,53.029998779296875,6668700,0.0,0.0
2007-03-22 00:00:00-04:00,52.90999984741211,53.0099983215332,51.97999954223633,52.45000076293945,3214000,0.0,0.0
2007-03-23 00:00:00-04:00,52.0,52.18000030517578,51.20000076293945,51.369998931884766,2966400,0.0,0.0
2007-03-26 00:00:00-04:00,51.31999969482422,51.459999084472656,50.709999084472656,51.439998626708984,2757100,0.0,0.0
2007-03-27 00:00:00-04:00,51.15999984741211,51.439998626708984,50.900001525878906,50.959999084472656,1611600,0.0,0.0
2007-03-28 00:00:00-04:00,50.209999084472656,50.58000183105469,49.400001525878906,49.40999984741211,3970700,0.0,0.0
2007-03-29 00:00:00-04:00,49.779998779296875,50.33000183105469,49.040000915527344,50.099998474121094,3563900,0.0,0.0
2007-03-30 00:00:00-04:00,49.970001220703125,50.58000183105469,49.20000076293945,49.91999816894531,2525800,0.0,0.0
2007-04-02 00:00:00-04:00,50.150001525878906,50.38999938964844,48.959999084472656,49.52000045776367,2857800,0.0,0.0
2007-04-03 00:00:00-04:00,49.869998931884766,51.369998931884766,49.810001373291016,50.9900016784668,3318500,0.0,0.0
2007-04-04 00:00:00-04:00,50.939998626708984,51.47999954223633,50.56999969482422,51.16999816894531,2900500,0.0,0.0
2007-04-05 00:00:00-04:00,51.0099983215332,51.779998779296875,50.70000076293945,50.970001220703125,2307400,0.0,0.0
2007-04-09 00:00:00-04:00,51.790000915527344,52.029998779296875,51.02000045776367,51.65999984741211,2618000,0.0,0.0
2007-04-10 00:00:00-04:00,51.5099983215332,52.220001220703125,51.459999084472656,52.099998474121094,2623300,0.0,0.0
2007-04-11 00:00:00-04:00,52.66999816894531,53.720001220703125,52.29999923706055,52.58000183105469,5480000,0.0,0.0
2007-04-12 00:00:00-04:00,52.34000015258789,53.56999969482422,52.16999816894531,53.290000915527344,2840900,0.0,0.0
2007-04-13 00:00:00-04:00,53.290000915527344,53.709999084472656,52.459999084472656,53.0,2306500,0.0,0.0
2007-04-16 00:00:00-04:00,53.5,54.279998779296875,52.779998779296875,54.2599983215332,2716600,0.0,0.0
2007-04-17 00:00:00-04:00,54.29999923706055,54.41999816894531,53.04999923706055,53.58000183105469,2908400,0.0,0.0
2007-04-18 00:00:00-04:00,53.38999938964844,53.90999984741211,53.0099983215332,53.59000015258789,1819000,0.0,0.0
2007-04-19 00:00:00-04:00,53.16999816894531,53.790000915527344,52.709999084472656,53.650001525878906,2467700,0.0,0.0
2007-04-20 00:00:00-04:00,54.029998779296875,54.66999816894531,52.869998931884766,52.900001525878906,2820300,0.0,0.0
2007-04-23 00:00:00-04:00,53.459999084472656,54.970001220703125,53.29999923706055,54.720001220703125,3130500,0.0,0.0
2007-04-24 00:00:00-04:00,55.20000076293945,55.400001525878906,54.400001525878906,54.59000015258789,2604200,0.0,0.0
2007-04-25 00:00:00-04:00,55.29999923706055,56.25,48.54999923706055,48.970001220703125,18528800,0.0,0.0
2007-04-26 00:00:00-04:00,49.709999084472656,49.77000045776367,45.91999816894531,46.54999923706055,17481200,0.0,0.0
2007-04-27 00:00:00-04:00,46.060001373291016,46.4900016784668,44.619998931884766,44.79999923706055,8670600,0.0,0.0
2007-04-30 00:00:00-04:00,45.25,45.560001373291016,44.040000915527344,44.08000183105469,8273400,0.0,0.0
2007-05-01 00:00:00-04:00,44.029998779296875,44.220001220703125,42.439998626708984,43.15999984741211,8890000,0.0,0.0
2007-05-02 00:00:00-04:00,43.11000061035156,44.7400016784668,43.099998474121094,44.61000061035156,7577700,0.0,0.0
2007-05-03 00:00:00-04:00,44.88999938964844,45.16999816894531,44.25,44.369998931884766,5786300,0.0,0.0
2007-05-04 00:00:00-04:00,44.779998779296875,46.08000183105469,44.599998474121094,46.08000183105469,6600900,0.0,0.0
2007-05-07 00:00:00-04:00,45.84000015258789,45.9900016784668,44.5,44.560001373291016,4659400,0.0,0.0
2007-05-08 00:00:00-04:00,44.279998779296875,44.45000076293945,43.72999954223633,44.33000183105469,2788300,0.0,0.0
2007-05-09 00:00:00-04:00,44.43000030517578,44.720001220703125,43.7599983215332,44.349998474121094,3209300,0.0,0.0
2007-05-10 00:00:00-04:00,44.16999816894531,45.54999923706055,43.93000030517578,44.189998626708984,5000100,0.0,0.0
2007-05-11 00:00:00-04:00,44.66999816894531,45.93000030517578,44.29999923706055,45.70000076293945,3525300,0.0,0.0
2007-05-14 00:00:00-04:00,45.619998931884766,45.63999938964844,44.20000076293945,44.27000045776367,3496400,0.0,0.0
2007-05-15 00:00:00-04:00,44.27000045776367,44.439998626708984,42.0099983215332,42.29999923706055,6155900,0.0,0.0
2007-05-16 00:00:00-04:00,42.349998474121094,43.099998474121094,41.02000045776367,42.869998931884766,7045200,0.0,0.0
2007-05-17 00:00:00-04:00,42.81999969482422,43.279998779296875,42.22999954223633,43.209999084472656,4853600,0.0,0.0
2007-05-18 00:00:00-04:00,44.36000061035156,44.75,43.619998931884766,44.470001220703125,5640300,0.0,0.0
2007-05-21 00:00:00-04:00,44.599998474121094,45.650001525878906,44.40999984741211,45.209999084472656,3650800,0.0,0.0
2007-05-22 00:00:00-04:00,45.25,45.61000061035156,44.150001525878906,44.65999984741211,4453400,0.0,0.0
2007-05-23 00:00:00-04:00,45.0,45.75,43.540000915527344,43.59000015258789,4055500,0.0,0.0
2007-05-24 00:00:00-04:00,43.560001373291016,44.5,42.36000061035156,42.52000045776367,4261400,0.0,0.0
2007-05-25 00:00:00-04:00,42.849998474121094,43.529998779296875,42.7400016784668,43.13999938964844,3585800,0.0,0.0
2007-05-29 00:00:00-04:00,43.16999816894531,43.349998474121094,41.75,41.959999084472656,5317200,0.0,0.0
2007-05-30 00:00:00-04:00,42.0,43.400001525878906,41.27000045776367,42.61000061035156,5087900,0.0,0.0
2007-05-31 00:00:00-04:00,42.9900016784668,45.0,42.900001525878906,44.209999084472656,6368600,0.0,0.0
2007-06-01 00:00:00-04:00,44.439998626708984,44.79999923706055,43.560001373291016,43.619998931884766,2982300,0.0,0.0
2007-06-04 00:00:00-04:00,43.040000915527344,44.68000030517578,42.869998931884766,43.83000183105469,3934900,0.0,0.0
2007-06-05 00:00:00-04:00,43.779998779296875,44.20000076293945,43.65999984741211,44.04999923706055,3950000,0.0,0.0
2007-06-06 00:00:00-04:00,43.7599983215332,43.93000030517578,42.9900016784668,43.70000076293945,3343300,0.0,0.0
2007-06-07 00:00:00-04:00,43.27000045776367,44.0,42.0,42.22999954223633,4643900,0.0,0.0
2007-06-08 00:00:00-04:00,43.060001373291016,45.689998626708984,42.97999954223633,45.599998474121094,10677800,0.0,0.0
2007-06-11 00:00:00-04:00,45.84000015258789,46.810001373291016,45.02000045776367,46.52000045776367,8747100,0.0,0.0
2007-06-12 00:00:00-04:00,46.119998931884766,46.209999084472656,45.220001220703125,45.59000015258789,4697300,0.0,0.0
2007-06-13 00:00:00-04:00,45.900001525878906,46.970001220703125,45.61000061035156,46.959999084472656,4882900,0.0,0.0
2007-06-14 00:00:00-04:00,46.959999084472656,48.58000183105469,46.810001373291016,48.04999923706055,5611800,0.0,0.0
2007-06-15 00:00:00-04:00,48.65999984741211,49.130001068115234,48.41999816894531,48.849998474121094,4251400,0.0,0.0
2007-06-18 00:00:00-04:00,48.91999816894531,49.08000183105469,47.439998626708984,47.810001373291016,4442000,0.0,0.0
2007-06-19 00:00:00-04:00,47.45000076293945,47.779998779296875,46.7599983215332,46.900001525878906,3379900,0.0,0.0
2007-06-20 00:00:00-04:00,47.20000076293945,47.959999084472656,46.779998779296875,46.81999969482422,3682000,0.0,0.0
2007-06-21 00:00:00-04:00,46.84000015258789,48.279998779296875,46.52000045776367,48.15999984741211,3668800,0.0,0.0
2007-06-22 00:00:00-04:00,47.66999816894531,48.08000183105469,47.310001373291016,47.47999954223633,2765100,0.0,0.0
2007-06-25 00:00:00-04:00,47.47999954223633,47.86000061035156,47.04999923706055,47.83000183105469,3838500,0.0,0.0
2007-06-26 00:00:00-04:00,48.0099983215332,48.279998779296875,47.349998474121094,47.599998474121094,4455800,0.0,0.0
2007-06-27 00:00:00-04:00,47.209999084472656,48.40999984741211,47.209999084472656,48.2400016784668,3353500,0.0,0.0
2007-06-28 00:00:00-04:00,48.400001525878906,49.560001373291016,48.349998474121094,49.20000076293945,5216000,0.0,0.0
2007-06-29 00:00:00-04:00,49.33000183105469,49.65999984741211,47.779998779296875,48.63999938964844,4958000,0.0,0.0
2007-07-02 00:00:00-04:00,48.599998474121094,49.099998474121094,47.81999969482422,48.20000076293945,2460400,0.0,0.0
2007-07-03 00:00:00-04:00,48.20000076293945,48.97999954223633,47.93000030517578,48.09000015258789,1238600,0.0,0.0
2007-07-05 00:00:00-04:00,48.0,48.36000061035156,47.29999923706055,48.150001525878906,2574100,0.0,0.0
2007-07-06 00:00:00-04:00,48.099998474121094,48.36000061035156,47.279998779296875,47.540000915527344,2733000,0.0,0.0
2007-07-09 00:00:00-04:00,47.29999923706055,47.650001525878906,46.75,47.529998779296875,3168500,0.0,0.0
2007-07-10 00:00:00-04:00,49.97999954223633,50.220001220703125,49.290000915527344,49.45000076293945,11742700,0.0,0.0
2007-07-11 00:00:00-04:00,49.66999816894531,50.439998626708984,49.2599983215332,50.31999969482422,29182900,0.0,0.0
2007-07-12 00:00:00-04:00,50.33000183105469,50.97999954223633,49.66999816894531,50.970001220703125,5139800,0.0,0.0
2007-07-13 00:00:00-04:00,50.709999084472656,50.95000076293945,50.29999923706055,50.29999923706055,3455700,0.0,0.0
2007-07-16 00:00:00-04:00,50.029998779296875,50.2599983215332,48.88999938964844,48.91999816894531,5767600,0.0,0.0
2007-07-17 00:00:00-04:00,49.099998474121094,49.529998779296875,48.77000045776367,49.13999938964844,2422200,0.0,0.0
2007-07-18 00:00:00-04:00,48.900001525878906,49.58000183105469,48.650001525878906,49.47999954223633,3034100,0.0,0.0
2007-07-19 00:00:00-04:00,49.529998779296875,50.630001068115234,49.52000045776367,50.02000045776367,3515100,0.0,0.0
2007-07-20 00:00:00-04:00,49.939998626708984,50.400001525878906,48.9900016784668,49.15999984741211,3475900,0.0,0.0
2007-07-23 00:00:00-04:00,49.45000076293945,49.7599983215332,48.529998779296875,48.70000076293945,3190500,0.0,0.0
2007-07-24 00:00:00-04:00,48.08000183105469,48.150001525878906,45.810001373291016,46.25,6299500,0.0,0.0
2007-07-25 00:00:00-04:00,47.0,47.29999923706055,45.630001068115234,47.18000030517578,7807300,0.0,0.0
2007-07-26 00:00:00-04:00,39.0,39.5,35.04999923706055,38.27000045776367,37005700,0.0,0.0
2007-07-27 00:00:00-04:00,38.599998474121094,38.849998474121094,36.5,36.709999084472656,11399300,0.0,0.0
2007-07-30 00:00:00-04:00,36.900001525878906,37.060001373291016,35.95000076293945,36.11000061035156,7263900,0.0,0.0
2007-07-31 00:00:00-04:00,36.52000045776367,36.52000045776367,33.70000076293945,33.959999084472656,9716700,0.0,0.0
2007-08-01 00:00:00-04:00,33.720001220703125,33.939998626708984,31.809999465942383,33.65999984741211,11220700,0.0,0.0
2007-08-02 00:00:00-04:00,34.11000061035156,35.22999954223633,33.630001068115234,34.810001373291016,9219900,0.0,0.0
2007-08-03 00:00:00-04:00,34.40999984741211,34.540000915527344,32.900001525878906,32.900001525878906,5820000,0.0,0.0
2007-08-06 00:00:00-04:00,33.25,33.79999923706055,32.59000015258789,33.09000015258789,4871900,0.0,0.0
2007-08-07 00:00:00-04:00,32.81999969482422,33.939998626708984,32.560001373291016,33.77000045776367,5161500,0.0,0.0
2007-08-08 00:00:00-04:00,34.0,35.95000076293945,33.95000076293945,34.4900016784668,8847000,0.0,0.0
2007-08-09 00:00:00-04:00,33.2599983215332,36.09000015258789,32.70000076293945,34.47999954223633,9951600,0.0,0.0
2007-08-10 00:00:00-04:00,33.93000030517578,34.86000061035156,33.5,34.18000030517578,6414800,0.0,0.0
2007-08-13 00:00:00-04:00,34.720001220703125,35.0,33.34000015258789,33.83000183105469,4577200,0.0,0.0
2007-08-14 00:00:00-04:00,33.34000015258789,34.2400016784668,32.2599983215332,32.349998474121094,5024500,0.0,0.0
2007-08-15 00:00:00-04:00,32.040000915527344,32.59000015258789,31.149999618530273,31.75,6519800,0.0,0.0
2007-08-16 00:00:00-04:00,31.290000915527344,31.399999618530273,28.43000030517578,28.700000762939453,10678100,0.0,0.0
2007-08-17 00:00:00-04:00,30.18000030517578,30.719999313354492,29.229999542236328,30.510000228881836,8338900,0.0,0.0
2007-08-20 00:00:00-04:00,30.739999771118164,31.579999923706055,30.600000381469727,31.18000030517578,4521100,0.0,0.0
2007-08-21 00:00:00-04:00,31.0,31.850000381469727,30.709999084472656,31.020000457763672,3234200,0.0,0.0
2007-08-22 00:00:00-04:00,31.260000228881836,32.119998931884766,31.010000228881836,31.889999389648438,3633900,0.0,0.0
2007-08-23 00:00:00-04:00,31.639999389648438,31.649999618530273,30.079999923706055,30.829999923706055,6016000,0.0,0.0
2007-08-24 00:00:00-04:00,30.8700008392334,33.099998474121094,30.479999542236328,32.86000061035156,5753500,0.0,0.0
2007-08-27 00:00:00-04:00,32.63999938964844,33.04999923706055,31.65999984741211,32.61000061035156,4345200,0.0,0.0
2007-08-28 00:00:00-04:00,32.04999923706055,32.81999969482422,31.469999313354492,31.5,4037800,0.0,0.0
2007-08-29 00:00:00-04:00,31.719999313354492,32.5,31.510000228881836,32.470001220703125,3671200,0.0,0.0
2007-08-30 00:00:00-04:00,32.29999923706055,33.0,32.0,32.91999816894531,3180300,0.0,0.0
2007-08-31 00:00:00-04:00,33.400001525878906,33.61000061035156,32.16999816894531,32.220001220703125,4037500,0.0,0.0
2007-09-04 00:00:00-04:00,32.0,32.529998779296875,31.850000381469727,32.09000015258789,3515500,0.0,0.0
2007-09-05 00:00:00-04:00,31.899999618530273,32.529998779296875,31.719999313354492,31.90999984741211,3290400,0.0,0.0
2007-09-06 00:00:00-04:00,32.0099983215332,32.189998626708984,31.40999984741211,31.59000015258789,4601300,0.0,0.0
2007-09-07 00:00:00-04:00,31.200000762939453,31.290000915527344,30.06999969482422,30.260000228881836,5024300,0.0,0.0
2007-09-10 00:00:00-04:00,30.43000030517578,30.540000915527344,29.440000534057617,29.489999771118164,4275500,0.0,0.0
2007-09-11 00:00:00-04:00,29.579999923706055,30.329999923706055,29.540000915527344,30.170000076293945,5733600,0.0,0.0
2007-09-12 00:00:00-04:00,30.030000686645508,31.200000762939453,29.920000076293945,30.079999923706055,5094600,0.0,0.0
2007-09-13 00:00:00-04:00,30.25,30.420000076293945,29.93000030517578,30.280000686645508,3353000,0.0,0.0
2007-09-14 00:00:00-04:00,29.979999542236328,31.34000015258789,29.979999542236328,31.31999969482422,3283800,0.0,0.0
2007-09-17 00:00:00-04:00,31.010000228881836,31.139999389648438,30.350000381469727,30.6200008392334,2959900,0.0,0.0
2007-09-18 00:00:00-04:00,30.8799991607666,32.130001068115234,30.809999465942383,31.979999542236328,3726600,0.0,0.0
2007-09-19 00:00:00-04:00,32.279998779296875,32.849998474121094,31.889999389648438,32.2599983215332,4362600,0.0,0.0
2007-09-20 00:00:00-04:00,31.59000015258789,31.700000762939453,30.0,30.3700008392334,7909500,0.0,0.0
2007-09-21 00:00:00-04:00,30.56999969482422,30.56999969482422,29.899999618530273,30.15999984741211,5366000,0.0,0.0
2007-09-24 00:00:00-04:00,30.489999771118164,30.489999771118164,29.489999771118164,29.65999984741211,5091000,0.0,0.0
2007-09-25 00:00:00-04:00,29.3799991607666,30.239999771118164,29.200000762939453,30.139999389648438,5211000,0.0,0.0
2007-09-26 00:00:00-04:00,30.18000030517578,30.280000686645508,29.709999084472656,29.790000915527344,3953400,0.0,0.0
2007-09-27 00:00:00-04:00,30.0,30.0,28.1299991607666,28.280000686645508,7985700,0.0,0.0
2007-09-28 00:00:00-04:00,28.25,29.09000015258789,27.75,28.729999542236328,10539500,0.0,0.0
2007-10-01 00:00:00-04:00,28.799999237060547,28.889999389648438,28.43000030517578,28.75,3432400,0.0,0.0
2007-10-02 00:00:00-04:00,28.670000076293945,31.65999984741211,28.260000228881836,30.969999313354492,17793900,0.0,0.0
2007-10-03 00:00:00-04:00,30.780000686645508,32.36000061035156,30.700000762939453,31.06999969482422,10129400,0.0,0.0
2007-10-04 00:00:00-04:00,31.31999969482422,31.920000076293945,29.709999084472656,30.010000228881836,10362600,0.0,0.0
2007-10-05 00:00:00-04:00,30.530000686645508,31.5,30.229999542236328,31.290000915527344,6075600,0.0,0.0
2007-10-08 00:00:00-04:00,31.299999237060547,34.59000015258789,30.850000381469727,33.91999816894531,11443400,0.0,0.0
2007-10-09 00:00:00-04:00,34.0099983215332,35.68000030517578,33.38999938964844,35.619998931884766,11704500,0.0,0.0
2007-10-10 00:00:00-04:00,36.11000061035156,37.939998626708984,36.09000015258789,37.130001068115234,12751000,0.0,0.0
2007-10-11 00:00:00-04:00,38.0,38.25,34.380001068115234,35.36000061035156,11840000,0.0,0.0
2007-10-12 00:00:00-04:00,36.20000076293945,36.97999954223633,35.40999984741211,36.7400016784668,6376400,0.0,0.0
2007-10-15 00:00:00-04:00,36.77000045776367,36.939998626708984,34.75,35.099998474121094,5968900,0.0,0.0
2007-10-16 00:00:00-04:00,34.560001373291016,34.900001525878906,33.290000915527344,33.29999923706055,8024400,0.0,0.0
2007-10-17 00:00:00-04:00,34.290000915527344,34.75,33.22999954223633,33.70000076293945,7778400,0.0,0.0
2007-10-18 00:00:00-04:00,33.650001525878906,34.79999923706055,33.63999938964844,34.380001068115234,4087100,0.0,0.0
2007-10-19 00:00:00-04:00,34.400001525878906,34.439998626708984,33.0,33.08000183105469,5524100,0.0,0.0
2007-10-22 00:00:00-04:00,32.58000183105469,33.36000061035156,32.150001525878906,32.779998779296875,4831500,0.0,0.0
2007-10-23 00:00:00-04:00,33.0,34.54999923706055,32.900001525878906,34.400001525878906,7464500,0.0,0.0
2007-10-24 00:00:00-04:00,34.040000915527344,34.2400016784668,31.65999984741211,32.970001220703125,15859900,0.0,0.0
2007-10-25 00:00:00-04:00,35.5,38.0,35.349998474121094,37.130001068115234,20408600,0.0,0.0
2007-10-26 00:00:00-04:00,38.13999938964844,38.36000061035156,37.369998931884766,37.810001373291016,5604700,0.0,0.0
2007-10-29 00:00:00-04:00,38.06999969482422,39.650001525878906,38.029998779296875,39.22999954223633,6663600,0.0,0.0
2007-10-30 00:00:00-04:00,39.029998779296875,41.45000076293945,37.95000076293945,39.7400016784668,9063000,0.0,0.0
2007-10-31 00:00:00-04:00,38.9900016784668,39.59000015258789,38.119998931884766,39.189998626708984,6128200,0.0,0.0
2007-11-01 00:00:00-04:00,38.630001068115234,39.470001220703125,37.959999084472656,38.02000045776367,5688100,0.0,0.0
2007-11-02 00:00:00-04:00,38.939998626708984,39.20000076293945,38.0,38.619998931884766,4192000,0.0,0.0
2007-11-05 00:00:00-05:00,38.45000076293945,39.43000030517578,38.0099983215332,38.7400016784668,3738500,0.0,0.0
2007-11-06 00:00:00-05:00,38.310001373291016,39.81999969482422,38.220001220703125,39.70000076293945,3891300,0.0,0.0
2007-11-07 00:00:00-05:00,39.20000076293945,39.33000183105469,37.90999984741211,37.970001220703125,3851100,0.0,0.0
2007-11-08 00:00:00-05:00,38.400001525878906,38.58000183105469,35.7599983215332,36.95000076293945,6611300,0.0,0.0
2007-11-09 00:00:00-05:00,36.290000915527344,37.349998474121094,35.36000061035156,36.54999923706055,5336500,0.0,0.0
2007-11-12 00:00:00-05:00,36.20000076293945,36.83000183105469,35.540000915527344,35.540000915527344,4255600,0.0,0.0
2007-11-13 00:00:00-05:00,35.630001068115234,37.25,35.540000915527344,37.02000045776367,6047700,0.0,0.0
2007-11-14 00:00:00-05:00,37.689998626708984,38.29999923706055,37.04999923706055,37.72999954223633,4798700,0.0,0.0
2007-11-15 00:00:00-05:00,37.38999938964844,37.689998626708984,35.79999923706055,36.369998931884766,4082000,0.0,0.0
2007-11-16 00:00:00-05:00,36.790000915527344,36.86000061035156,35.36000061035156,36.150001525878906,3181000,0.0,0.0
2007-11-19 00:00:00-05:00,36.849998474121094,36.95000076293945,35.720001220703125,35.810001373291016,3973500,0.0,0.0
2007-11-20 00:00:00-05:00,35.939998626708984,37.08000183105469,35.18000030517578,36.189998626708984,3409700,0.0,0.0
2007-11-21 00:00:00-05:00,36.130001068115234,36.650001525878906,34.779998779296875,35.880001068115234,2834900,0.0,0.0
2007-11-23 00:00:00-05:00,36.61000061035156,36.650001525878906,35.70000076293945,36.349998474121094,923600,0.0,0.0
2007-11-26 00:00:00-05:00,36.290000915527344,37.5,35.59000015258789,35.630001068115234,3553000,0.0,0.0
2007-11-27 00:00:00-05:00,35.56999969482422,36.88999938964844,35.560001373291016,36.63999938964844,3267800,0.0,0.0
2007-11-28 00:00:00-05:00,37.36000061035156,38.290000915527344,37.0099983215332,37.91999816894531,3671300,0.0,0.0
2007-11-29 00:00:00-05:00,37.709999084472656,38.63999938964844,37.029998779296875,37.689998626708984,2633600,0.0,0.0
2007-11-30 00:00:00-05:00,38.15999984741211,38.63999938964844,37.7400016784668,38.060001373291016,3473300,0.0,0.0
2007-12-03 00:00:00-05:00,37.650001525878906,38.349998474121094,37.13999938964844,37.16999816894531,3524900,0.0,0.0
2007-12-04 00:00:00-05:00,36.900001525878906,37.349998474121094,36.0,36.70000076293945,3848900,0.0,0.0
2007-12-05 00:00:00-05:00,36.970001220703125,38.5,36.970001220703125,38.209999084472656,3356100,0.0,0.0
2007-12-06 00:00:00-05:00,38.06999969482422,39.25,38.06999969482422,39.220001220703125,3037000,0.0,0.0
2007-12-07 00:00:00-05:00,39.02000045776367,39.41999816894531,38.38999938964844,39.0099983215332,3946800,0.0,0.0
2007-12-10 00:00:00-05:00,38.849998474121094,39.2400016784668,38.0099983215332,38.5099983215332,3180500,0.0,0.0
2007-12-11 00:00:00-05:00,38.650001525878906,38.720001220703125,36.79999923706055,37.099998474121094,3984000,0.0,0.0
2007-12-12 00:00:00-05:00,36.0099983215332,36.349998474121094,33.709999084472656,34.939998626708984,11044500,0.0,0.0
2007-12-13 00:00:00-05:00,34.4900016784668,35.599998474121094,34.29999923706055,35.540000915527344,4936800,0.0,0.0
2007-12-14 00:00:00-05:00,35.13999938964844,36.11000061035156,34.7400016784668,35.369998931884766,2944700,0.0,0.0
2007-12-17 00:00:00-05:00,34.95000076293945,35.709999084472656,33.7400016784668,33.79999923706055,3369000,0.0,0.0
2007-12-18 00:00:00-05:00,34.0,34.279998779296875,32.86000061035156,33.45000076293945,4066300,0.0,0.0
2007-12-19 00:00:00-05:00,33.5,35.310001373291016,33.400001525878906,34.7400016784668,3675800,0.0,0.0
2007-12-20 00:00:00-05:00,35.09000015258789,36.18000030517578,34.95000076293945,35.900001525878906,3297400,0.0,0.0
2007-12-21 00:00:00-05:00,36.220001220703125,36.40999984741211,35.52000045776367,35.95000076293945,3622800,0.0,0.0
2007-12-24 00:00:00-05:00,35.88999938964844,36.900001525878906,35.06999969482422,36.45000076293945,1213500,0.0,0.0
2007-12-26 00:00:00-05:00,36.209999084472656,37.02000045776367,36.20000076293945,36.79999923706055,1659500,0.0,0.0
2007-12-27 00:00:00-05:00,36.7599983215332,36.79999923706055,35.29999923706055,35.459999084472656,2281100,0.0,0.0
2007-12-28 00:00:00-05:00,35.7400016784668,36.290000915527344,34.880001068115234,35.349998474121094,2200500,0.0,0.0
2007-12-31 00:00:00-05:00,35.68000030517578,35.68000030517578,34.470001220703125,34.599998474121094,2230600,0.0,0.0
2008-01-02 00:00:00-05:00,34.470001220703125,34.869998931884766,33.06999969482422,33.20000076293945,3716800,0.0,0.0
2008-01-03 00:00:00-05:00,33.400001525878906,34.70000076293945,33.33000183105469,34.13999938964844,5437000,0.0,0.0
2008-01-04 00:00:00-05:00,33.79999923706055,33.79999923706055,31.8799991607666,32.0,4294000,0.0,0.0
2008-01-07 00:00:00-05:00,32.459999084472656,32.86000061035156,31.06999969482422,31.600000381469727,4369800,0.0,0.0
2008-01-08 00:00:00-05:00,31.600000381469727,31.600000381469727,29.459999084472656,29.469999313354492,4786800,0.0,0.0
2008-01-09 00:00:00-05:00,29.260000228881836,29.389999389648438,27.540000915527344,29.219999313354492,8060400,0.0,0.0
2008-01-10 00:00:00-05:00,28.959999084472656,29.049999237060547,25.969999313354492,28.030000686645508,19749100,0.0,0.0
2008-01-11 00:00:00-05:00,27.709999084472656,28.81999969482422,26.709999084472656,27.520000457763672,7112500,0.0,0.0
2008-01-14 00:00:00-05:00,28.0,28.5,27.18000030517578,28.3799991607666,4360400,0.0,0.0
2008-01-15 00:00:00-05:00,27.700000762939453,27.899999618530273,26.440000534057617,26.950000762939453,7287800,0.0,0.0
2008-01-16 00:00:00-05:00,26.290000915527344,26.989999771118164,25.1299991607666,25.8799991607666,6079600,0.0,0.0
2008-01-17 00:00:00-05:00,26.25,28.110000610351562,26.25,26.639999389648438,7649100,0.0,0.0
2008-01-18 00:00:00-05:00,26.239999771118164,28.3700008392334,26.239999771118164,27.0,7010500,0.0,0.0
2008-01-22 00:00:00-05:00,25.260000228881836,29.049999237060547,25.059999465942383,27.479999542236328,7693900,0.0,0.0
2008-01-23 00:00:00-05:00,26.780000686645508,27.989999771118164,25.40999984741211,27.790000915527344,5716700,0.0,0.0
2008-01-24 00:00:00-05:00,28.0,30.850000381469727,27.450000762939453,30.389999389648438,8401300,0.0,0.0
2008-01-25 00:00:00-05:00,31.889999389648438,32.11000061035156,29.299999237060547,29.510000228881836,7447300,0.0,0.0
2008-01-28 00:00:00-05:00,29.479999542236328,30.389999389648438,28.959999084472656,30.1299991607666,3269100,0.0,0.0
2008-01-29 00:00:00-05:00,30.3799991607666,30.670000076293945,29.40999984741211,29.719999313354492,2669200,0.0,0.0
2008-01-30 00:00:00-05:00,29.65999984741211,30.389999389648438,29.239999771118164,29.5,3098900,0.0,0.0
2008-01-31 00:00:00-05:00,29.18000030517578,30.600000381469727,28.100000381469727,30.200000762939453,3776700,0.0,0.0
2008-02-01 00:00:00-05:00,30.399999618530273,31.170000076293945,29.329999923706055,31.040000915527344,4117900,0.0,0.0
2008-02-04 00:00:00-05:00,31.079999923706055,31.15999984741211,30.020000457763672,30.049999237060547,3359100,0.0,0.0
2008-02-05 00:00:00-05:00,29.3799991607666,30.639999389648438,29.239999771118164,29.950000762939453,3682800,0.0,0.0
2008-02-06 00:00:00-05:00,30.290000915527344,31.5,29.709999084472656,29.729999542236328,9530400,0.0,0.0
2008-02-07 00:00:00-05:00,31.149999618530273,33.36000061035156,29.729999542236328,32.40999984741211,15431900,0.0,0.0
2008-02-08 00:00:00-05:00,32.290000915527344,33.220001220703125,31.719999313354492,32.34000015258789,4454400,0.0,0.0
2008-02-11 00:00:00-05:00,32.56999969482422,34.22999954223633,32.470001220703125,34.0,6415000,0.0,0.0
2008-02-12 00:00:00-05:00,34.31999969482422,34.47999954223633,32.7599983215332,33.13999938964844,6045600,0.0,0.0
2008-02-13 00:00:00-05:00,33.650001525878906,34.400001525878906,33.5,34.2400016784668,3941800,0.0,0.0
2008-02-14 00:00:00-05:00,34.15999984741211,34.400001525878906,33.099998474121094,33.290000915527344,4210300,0.0,0.0
2008-02-15 00:00:00-05:00,33.11000061035156,33.86000061035156,33.0,33.77000045776367,2754600,0.0,0.0
2008-02-19 00:00:00-05:00,34.25,34.25,32.459999084472656,32.630001068115234,3272200,0.0,0.0
2008-02-20 00:00:00-05:00,32.22999954223633,33.29999923706055,32.06999969482422,33.209999084472656,3767900,0.0,0.0
2008-02-21 00:00:00-05:00,33.47999954223633,33.849998474121094,33.18000030517578,33.5099983215332,4049200,0.0,0.0
2008-02-22 00:00:00-05:00,33.630001068115234,33.75,31.920000076293945,32.790000915527344,3777100,0.0,0.0
2008-02-25 00:00:00-05:00,32.79999923706055,33.119998931884766,32.029998779296875,32.86000061035156,2798200,0.0,0.0
2008-02-26 00:00:00-05:00,32.70000076293945,33.72999954223633,32.25,33.43000030517578,3623500,0.0,0.0
2008-02-27 00:00:00-05:00,33.029998779296875,33.75,32.27000045776367,33.5,5095600,0.0,0.0
2008-02-28 00:00:00-05:00,33.0099983215332,33.75,32.61000061035156,33.47999954223633,4789400,0.0,0.0
2008-02-29 00:00:00-05:00,33.02000045776367,36.0,32.900001525878906,35.15999984741211,11891300,0.0,0.0
2008-03-03 00:00:00-05:00,34.959999084472656,35.25,33.13999938964844,33.650001525878906,6293200,0.0,0.0
2008-03-04 00:00:00-05:00,33.2400016784668,34.04999923706055,32.439998626708984,33.81999969482422,4019400,0.0,0.0
2008-03-05 00:00:00-05:00,34.0,35.25,34.0,34.810001373291016,4150000,0.0,0.0
2008-03-06 00:00:00-05:00,34.650001525878906,35.95000076293945,34.060001373291016,34.45000076293945,6101600,0.0,0.0
2008-03-07 00:00:00-05:00,34.33000183105469,35.68000030517578,33.66999816894531,34.189998626708984,4850500,0.0,0.0
2008-03-10 00:00:00-04:00,34.310001373291016,34.56999969482422,32.34000015258789,32.36000061035156,4193200,0.0,0.0
2008-03-11 00:00:00-04:00,33.43000030517578,34.0,32.34000015258789,33.959999084472656,5645200,0.0,0.0
2008-03-12 00:00:00-04:00,34.209999084472656,34.91999816894531,33.13999938964844,33.2400016784668,5400200,0.0,0.0
2008-03-13 00:00:00-04:00,32.56999969482422,33.13999938964844,31.440000534057617,32.5099983215332,6607700,0.0,0.0
2008-03-14 00:00:00-04:00,33.380001068115234,33.380001068115234,30.59000015258789,31.190000534057617,6296300,0.0,0.0
2008-03-17 00:00:00-04:00,30.15999984741211,30.75,28.760000228881836,29.690000534057617,6003400,0.0,0.0
2008-03-18 00:00:00-04:00,30.3700008392334,31.489999771118164,30.149999618530273,31.399999618530273,4697800,0.0,0.0
2008-03-19 00:00:00-04:00,31.559999465942383,32.060001373291016,29.3700008392334,29.3700008392334,4353500,0.0,0.0
2008-03-20 00:00:00-04:00,29.559999465942383,30.59000015258789,29.1299991607666,30.59000015258789,5769600,0.0,0.0
2008-03-24 00:00:00-04:00,30.75,33.36000061035156,30.6200008392334,32.869998931884766,4703900,0.0,0.0
2008-03-25 00:00:00-04:00,33.0,33.380001068115234,32.209999084472656,32.59000015258789,5762200,0.0,0.0
2008-03-26 00:00:00-04:00,32.2599983215332,32.70000076293945,32.04999923706055,32.119998931884766,4592400,0.0,0.0
2008-03-27 00:00:00-04:00,32.029998779296875,32.150001525878906,30.049999237060547,30.059999465942383,6147400,0.0,0.0
2008-03-28 00:00:00-04:00,30.6200008392334,31.110000610351562,29.489999771118164,29.579999923706055,5088300,0.0,0.0
2008-03-31 00:00:00-04:00,29.350000381469727,29.450000762939453,27.31999969482422,28.15999984741211,8577500,0.0,0.0
2008-04-01 00:00:00-04:00,29.770000457763672,31.100000381469727,29.700000762939453,30.829999923706055,8470900,0.0,0.0
2008-04-02 00:00:00-04:00,30.479999542236328,31.8799991607666,30.079999923706055,31.040000915527344,5553100,0.0,0.0
2008-04-03 00:00:00-04:00,30.520000457763672,31.700000762939453,30.420000076293945,31.34000015258789,5566000,0.0,0.0
2008-04-04 00:00:00-04:00,31.540000915527344,31.899999618530273,31.059999465942383,31.59000015258789,3906200,0.0,0.0
2008-04-07 00:00:00-04:00,31.68000030517578,31.770000457763672,30.989999771118164,31.1299991607666,3960300,0.0,0.0
2008-04-08 00:00:00-04:00,30.510000228881836,31.239999771118164,30.280000686645508,31.049999237060547,4025000,0.0,0.0
2008-04-09 00:00:00-04:00,31.040000915527344,31.479999542236328,30.559999465942383,31.09000015258789,3511100,0.0,0.0
2008-04-10 00:00:00-04:00,31.100000381469727,31.770000457763672,30.65999984741211,31.440000534057617,4036500,0.0,0.0
2008-04-11 00:00:00-04:00,31.0,31.0,30.06999969482422,30.389999389648438,4898100,0.0,0.0
2008-04-14 00:00:00-04:00,29.530000686645508,29.979999542236328,29.020000457763672,29.600000381469727,4848700,0.0,0.0
2008-04-15 00:00:00-04:00,29.809999465942383,30.18000030517578,29.280000686645508,29.6200008392334,4251200,0.0,0.0
2008-04-16 00:00:00-04:00,29.850000381469727,30.959999084472656,29.479999542236328,30.75,4596400,0.0,0.0
2008-04-17 00:00:00-04:00,30.700000762939453,31.1299991607666,30.510000228881836,30.889999389648438,2430300,0.0,0.0
2008-04-18 00:00:00-04:00,31.719999313354492,32.720001220703125,31.420000076293945,31.829999923706055,4273100,0.0,0.0
2008-04-21 00:00:00-04:00,31.729999542236328,33.310001373291016,31.209999084472656,33.119998931884766,6048300,0.0,0.0
2008-04-22 00:00:00-04:00,33.0099983215332,33.47999954223633,32.41999816894531,32.709999084472656,3743000,0.0,0.0
2008-04-23 00:00:00-04:00,33.20000076293945,34.369998931884766,33.099998474121094,34.08000183105469,4582900,0.0,0.0
2008-04-24 00:00:00-04:00,34.029998779296875,35.150001525878906,33.790000915527344,34.33000183105469,5934900,0.0,0.0
2008-04-25 00:00:00-04:00,34.63999938964844,35.16999816894531,33.880001068115234,34.880001068115234,3064100,0.0,0.0
2008-04-28 00:00:00-04:00,35.0,35.9900016784668,34.560001373291016,35.54999923706055,4239000,0.0,0.0
2008-04-29 00:00:00-04:00,35.58000183105469,35.97999954223633,35.130001068115234,35.630001068115234,2682200,0.0,0.0
2008-04-30 00:00:00-04:00,35.900001525878906,36.88999938964844,35.130001068115234,35.77000045776367,6428200,0.0,0.0
2008-05-01 00:00:00-04:00,34.369998931884766,35.09000015258789,33.66999816894531,34.369998931884766,8746500,0.0,0.0
2008-05-02 00:00:00-04:00,34.9900016784668,35.040000915527344,34.130001068115234,34.95000076293945,4086700,0.0,0.0
2008-05-05 00:00:00-04:00,35.0,35.56999969482422,34.619998931884766,35.16999816894531,3010300,0.0,0.0
2008-05-06 00:00:00-04:00,34.68000030517578,38.709999084472656,34.599998474121094,38.0099983215332,8877100,0.0,0.0
2008-05-07 00:00:00-04:00,37.88999938964844,38.70000076293945,36.220001220703125,36.310001373291016,7085100,0.0,0.0
2008-05-08 00:00:00-04:00,36.310001373291016,37.40999984741211,35.849998474121094,36.84000015258789,3759700,0.0,0.0
2008-05-09 00:00:00-04:00,36.56999969482422,37.66999816894531,36.060001373291016,37.25,4053200,0.0,0.0
2008-05-12 00:00:00-04:00,37.15999984741211,38.119998931884766,36.20000076293945,37.939998626708984,4040800,0.0,0.0
2008-05-13 00:00:00-04:00,38.040000915527344,38.040000915527344,36.88999938964844,37.59000015258789,3427900,0.0,0.0
2008-05-14 00:00:00-04:00,37.650001525878906,39.04999923706055,37.279998779296875,38.119998931884766,4210600,0.0,0.0
2008-05-15 00:00:00-04:00,38.16999816894531,40.540000915527344,38.11000061035156,40.380001068115234,5838500,0.0,0.0
2008-05-16 00:00:00-04:00,40.59000015258789,40.689998626708984,39.209999084472656,40.33000183105469,5369400,0.0,0.0
2008-05-19 00:00:00-04:00,39.0,40.04999923706055,39.0,39.470001220703125,5321300,0.0,0.0
2008-05-20 00:00:00-04:00,39.0099983215332,40.150001525878906,39.0,39.86000061035156,3910400,0.0,0.0
2008-05-21 00:00:00-04:00,39.97999954223633,40.900001525878906,38.77000045776367,39.27000045776367,4841300,0.0,0.0
2008-05-22 00:00:00-04:00,36.91999816894531,37.560001373291016,35.880001068115234,36.709999084472656,8526800,0.0,0.0
2008-05-23 00:00:00-04:00,36.20000076293945,36.560001373291016,35.54999923706055,36.43000030517578,5380200,0.0,0.0
2008-05-27 00:00:00-04:00,36.459999084472656,37.0,35.7400016784668,36.900001525878906,3985600,0.0,0.0
2008-05-28 00:00:00-04:00,37.2599983215332,38.9900016784668,36.540000915527344,38.58000183105469,5972900,0.0,0.0
2008-05-29 00:00:00-04:00,38.529998779296875,38.72999954223633,37.66999816894531,38.310001373291016,4203100,0.0,0.0
2008-05-30 00:00:00-04:00,38.56999969482422,39.38999938964844,38.43000030517578,39.04999923706055,4809000,0.0,0.0
2008-06-02 00:00:00-04:00,38.77000045776367,39.369998931884766,38.459999084472656,38.880001068115234,3344200,0.0,0.0
2008-06-03 00:00:00-04:00,38.95000076293945,39.0,37.290000915527344,37.93000030517578,5227300,0.0,0.0
2008-06-04 00:00:00-04:00,37.869998931884766,39.11000061035156,37.68000030517578,38.5,3094000,0.0,0.0
2008-06-05 00:00:00-04:00,38.599998474121094,39.5099983215332,38.040000915527344,39.310001373291016,3091800,0.0,0.0
2008-06-06 00:00:00-04:00,38.77000045776367,38.900001525878906,37.130001068115234,37.380001068115234,4594700,0.0,0.0
2008-06-09 00:00:00-04:00,37.380001068115234,37.650001525878906,35.650001525878906,36.709999084472656,5270900,0.0,0.0
2008-06-10 00:00:00-04:00,36.45000076293945,36.869998931884766,36.0,36.33000183105469,3130100,0.0,0.0
2008-06-11 00:00:00-04:00,36.08000183105469,36.4900016784668,35.31999969482422,35.45000076293945,3745000,0.0,0.0
2008-06-12 00:00:00-04:00,35.63999938964844,36.16999816894531,34.959999084472656,35.290000915527344,4108500,0.0,0.0
2008-06-13 00:00:00-04:00,35.68000030517578,36.619998931884766,35.56999969482422,36.310001373291016,3628300,0.0,0.0
2008-06-16 00:00:00-04:00,35.9900016784668,37.150001525878906,35.720001220703125,36.59000015258789,2841100,0.0,0.0
2008-06-17 00:00:00-04:00,36.529998779296875,36.68000030517578,35.68000030517578,36.290000915527344,4566200,0.0,0.0
2008-06-18 00:00:00-04:00,36.0,36.349998474121094,35.11000061035156,35.86000061035156,4159100,0.0,0.0
2008-06-19 00:00:00-04:00,35.869998931884766,36.61000061035156,35.279998779296875,36.36000061035156,2801900,0.0,0.0
2008-06-20 00:00:00-04:00,36.0,36.869998931884766,35.06999969482422,35.79999923706055,6749900,0.0,0.0
2008-06-23 00:00:00-04:00,36.15999984741211,36.18000030517578,34.959999084472656,35.22999954223633,3148700,0.0,0.0
2008-06-24 00:00:00-04:00,35.06999969482422,35.2599983215332,34.31999969482422,34.65999984741211,4013600,0.0,0.0
2008-06-25 00:00:00-04:00,34.689998626708984,35.79999923706055,34.59000015258789,34.95000076293945,4110400,0.0,0.0
2008-06-26 00:00:00-04:00,34.41999816894531,34.52000045776367,33.7599983215332,34.15999984741211,5746100,0.0,0.0
2008-06-27 00:00:00-04:00,34.060001373291016,34.58000183105469,33.900001525878906,34.560001373291016,5135000,0.0,0.0
2008-06-30 00:00:00-04:00,34.540000915527344,35.2400016784668,33.900001525878906,34.790000915527344,5657300,0.0,0.0
2008-07-01 00:00:00-04:00,34.040000915527344,35.689998626708984,34.029998779296875,35.47999954223633,5995400,0.0,0.0
2008-07-02 00:00:00-04:00,35.689998626708984,35.720001220703125,33.66999816894531,33.79999923706055,5551600,0.0,0.0
2008-07-03 00:00:00-04:00,33.790000915527344,34.06999969482422,32.560001373291016,32.970001220703125,4198000,0.0,0.0
2008-07-07 00:00:00-04:00,33.04999923706055,33.25,31.520000457763672,32.459999084472656,8960900,0.0,0.0
2008-07-08 00:00:00-04:00,32.459999084472656,32.5,31.530000686645508,32.34000015258789,8102500,0.0,0.0
2008-07-09 00:00:00-04:00,32.209999084472656,32.36000061035156,31.059999465942383,31.100000381469727,6755000,0.0,0.0
2008-07-10 00:00:00-04:00,31.030000686645508,32.11000061035156,30.510000228881836,31.719999313354492,6001100,0.0,0.0
2008-07-11 00:00:00-04:00,31.8700008392334,31.8700008392334,30.110000610351562,31.18000030517578,5393900,0.0,0.0
2008-07-14 00:00:00-04:00,31.719999313354492,31.8700008392334,30.18000030517578,30.68000030517578,4404600,0.0,0.0
2008-07-15 00:00:00-04:00,30.700000762939453,31.889999389648438,29.309999465942383,31.1200008392334,6850800,0.0,0.0
2008-07-16 00:00:00-04:00,30.8799991607666,32.880001068115234,30.709999084472656,32.68000030517578,5597400,0.0,0.0
2008-07-17 00:00:00-04:00,32.880001068115234,33.7599983215332,32.459999084472656,33.36000061035156,4499400,0.0,0.0
2008-07-18 00:00:00-04:00,33.209999084472656,34.16999816894531,32.65999984741211,33.54999923706055,3806200,0.0,0.0
2008-07-21 00:00:00-04:00,33.95000076293945,34.0099983215332,32.650001525878906,33.06999969482422,3295400,0.0,0.0
2008-07-22 00:00:00-04:00,32.790000915527344,32.91999816894531,31.989999771118164,32.709999084472656,6052200,0.0,0.0
2008-07-23 00:00:00-04:00,33.150001525878906,34.08000183105469,32.650001525878906,33.34000015258789,5334400,0.0,0.0
2008-07-24 00:00:00-04:00,33.369998931884766,33.439998626708984,32.029998779296875,32.18000030517578,3601600,0.0,0.0
2008-07-25 00:00:00-04:00,32.0,32.2599983215332,31.260000228881836,32.08000183105469,4470700,0.0,0.0
2008-07-28 00:00:00-04:00,32.02000045776367,32.220001220703125,30.799999237060547,31.200000762939453,4754800,0.0,0.0
2008-07-29 00:00:00-04:00,31.540000915527344,32.150001525878906,31.010000228881836,31.540000915527344,4998400,0.0,0.0
2008-07-30 00:00:00-04:00,31.610000610351562,31.889999389648438,30.559999465942383,31.25,12653700,0.0,0.0
2008-07-31 00:00:00-04:00,25.059999465942383,25.5,22.690000534057617,23.34000015258789,46289100,0.0,0.0
2008-08-01 00:00:00-04:00,23.649999618530273,24.020000457763672,23.1200008392334,23.5,15882400,0.0,0.0
2008-08-04 00:00:00-04:00,23.93000030517578,24.09000015258789,23.149999618530273,23.329999923706055,9074400,0.0,0.0
2008-08-05 00:00:00-04:00,23.450000762939453,23.520000457763672,22.93000030517578,23.15999984741211,8856800,0.0,0.0
2008-08-06 00:00:00-04:00,23.100000381469727,23.420000076293945,22.75,23.040000915527344,11151000,0.0,0.0
2008-08-07 00:00:00-04:00,22.799999237060547,22.93000030517578,22.010000228881836,22.229999542236328,7505800,0.0,0.0
2008-08-08 00:00:00-04:00,22.079999923706055,22.920000076293945,21.540000915527344,22.81999969482422,9970800,0.0,0.0
2008-08-11 00:00:00-04:00,22.65999984741211,23.3799991607666,22.520000457763672,23.209999084472656,6660200,0.0,0.0
2008-08-12 00:00:00-04:00,23.040000915527344,23.809999465942383,22.860000610351562,22.920000076293945,9653600,0.0,0.0
2008-08-13 00:00:00-04:00,22.8799991607666,23.110000610351562,22.299999237060547,22.719999313354492,5140100,0.0,0.0
2008-08-14 00:00:00-04:00,22.559999465942383,23.6200008392334,22.530000686645508,23.530000686645508,5632300,0.0,0.0
2008-08-15 00:00:00-04:00,23.65999984741211,23.690000534057617,22.780000686645508,23.1299991607666,3787600,0.0,0.0
2008-08-18 00:00:00-04:00,23.290000915527344,23.290000915527344,22.81999969482422,22.920000076293945,3235900,0.0,0.0
2008-08-19 00:00:00-04:00,22.719999313354492,23.0,22.40999984741211,22.56999969482422,3699100,0.0,0.0
2008-08-20 00:00:00-04:00,22.780000686645508,23.31999969482422,22.540000915527344,22.799999237060547,3377000,0.0,0.0
2008-08-21 00:00:00-04:00,22.559999465942383,22.8799991607666,22.489999771118164,22.59000015258789,2687900,0.0,0.0
2008-08-22 00:00:00-04:00,22.59000015258789,24.139999389648438,22.59000015258789,23.670000076293945,8421700,0.0,0.0
2008-08-25 00:00:00-04:00,23.700000762939453,23.700000762939453,22.450000762939453,22.579999923706055,6571100,0.0,0.0
2008-08-26 00:00:00-04:00,22.5,22.59000015258789,22.139999389648438,22.329999923706055,4642600,0.0,0.0
2008-08-27 00:00:00-04:00,22.110000610351562,22.989999771118164,22.110000610351562,22.799999237060547,3862200,0.0,0.0
2008-08-28 00:00:00-04:00,23.059999465942383,23.329999923706055,22.90999984741211,23.280000686645508,3700300,0.0,0.0
2008-08-29 00:00:00-04:00,23.209999084472656,23.209999084472656,22.68000030517578,22.899999618530273,2967000,0.0,0.0
2008-09-02 00:00:00-04:00,22.850000381469727,22.93000030517578,21.65999984741211,21.829999923706055,5932800,0.0,0.0
2008-09-03 00:00:00-04:00,21.65999984741211,21.719999313354492,20.0,20.43000030517578,13640700,0.0,0.0
2008-09-04 00:00:00-04:00,20.350000381469727,20.350000381469727,19.559999465942383,19.639999389648438,6235000,0.0,0.0
2008-09-05 00:00:00-04:00,19.40999984741211,19.56999969482422,18.65999984741211,19.40999984741211,6376000,0.0,0.0
2008-09-08 00:00:00-04:00,19.979999542236328,19.989999771118164,18.6200008392334,18.799999237060547,6981200,0.0,0.0
2008-09-09 00:00:00-04:00,18.639999389648438,19.75,17.6200008392334,17.719999313354492,8866000,0.0,0.0
2008-09-10 00:00:00-04:00,17.899999618530273,18.43000030517578,17.670000076293945,18.309999465942383,4829800,0.0,0.0
2008-09-11 00:00:00-04:00,18.040000915527344,18.389999389648438,17.450000762939453,18.079999923706055,5985800,0.0,0.0
2008-09-12 00:00:00-04:00,17.93000030517578,18.520000457763672,17.6200008392334,18.059999465942383,6195900,0.0,0.0
2008-09-15 00:00:00-04:00,17.75,17.75,16.709999084472656,17.0,5216500,0.0,0.0
2008-09-16 00:00:00-04:00,16.93000030517578,17.860000610351562,16.889999389648438,17.719999313354492,6634700,0.0,0.0
2008-09-17 00:00:00-04:00,17.239999771118164,17.700000762939453,17.0,17.010000228881836,5887100,0.0,0.0
2008-09-18 00:00:00-04:00,17.709999084472656,17.760000228881836,15.460000038146973,17.0,11033700,0.0,0.0
2008-09-19 00:00:00-04:00,17.75,18.049999237060547,17.280000686645508,17.670000076293945,6740700,0.0,0.0
2008-09-22 00:00:00-04:00,17.579999923706055,18.43000030517578,17.06999969482422,17.510000228881836,5478300,0.0,0.0
2008-09-23 00:00:00-04:00,17.5,17.969999313354492,17.0,17.139999389648438,3880800,0.0,0.0
2008-09-24 00:00:00-04:00,17.260000228881836,17.530000686645508,16.799999237060547,17.059999465942383,3424000,0.0,0.0
2008-09-25 00:00:00-04:00,17.079999923706055,17.43000030517578,16.889999389648438,17.170000076293945,2708600,0.0,0.0
2008-09-26 00:00:00-04:00,16.670000076293945,16.93000030517578,16.079999923706055,16.3799991607666,5622500,0.0,0.0
2008-09-29 00:00:00-04:00,16.09000015258789,16.280000686645508,14.600000381469727,14.880000114440918,6588500,0.0,0.0
2008-09-30 00:00:00-04:00,15.140000343322754,17.440000534057617,15.0,17.440000534057617,9289200,0.0,0.0
2008-10-01 00:00:00-04:00,17.299999237060547,17.950000762939453,17.040000915527344,17.1200008392334,7319800,0.0,0.0
2008-10-02 00:00:00-04:00,15.489999771118164,16.06999969482422,15.100000381469727,15.300000190734863,9314100,0.0,0.0
2008-10-03 00:00:00-04:00,15.859999656677246,16.239999771118164,14.75,14.850000381469727,5427700,0.0,0.0
2008-10-06 00:00:00-04:00,14.239999771118164,15.1899995803833,13.229999542236328,15.09000015258789,8753600,0.0,0.0
2008-10-07 00:00:00-04:00,15.020000457763672,15.649999618530273,13.819999694824219,13.890000343322754,5219700,0.0,0.0
2008-10-08 00:00:00-04:00,13.350000381469727,14.869999885559082,13.329999923706055,14.029999732971191,5928500,0.0,0.0
2008-10-09 00:00:00-04:00,14.3100004196167,14.829999923706055,13.260000228881836,13.529999732971191,4618100,0.0,0.0
2008-10-10 00:00:00-04:00,12.5,14.600000381469727,12.5,14.119999885559082,6592100,0.0,0.0
2008-10-13 00:00:00-04:00,14.829999923706055,16.149999618530273,14.5,16.040000915527344,6740500,0.0,0.0
2008-10-14 00:00:00-04:00,16.889999389648438,16.950000762939453,15.529999732971191,15.6899995803833,6547100,0.0,0.0
2008-10-15 00:00:00-04:00,15.449999809265137,15.449999809265137,13.619999885559082,13.65999984741211,5335700,0.0,0.0
2008-10-16 00:00:00-04:00,13.649999618530273,14.300000190734863,12.550000190734863,14.300000190734863,4855200,0.0,0.0
2008-10-17 00:00:00-04:00,13.920000076293945,15.600000381469727,13.380000114440918,14.710000038146973,4367300,0.0,0.0
2008-10-20 00:00:00-04:00,14.699999809265137,15.850000381469727,14.579999923706055,15.819999694824219,3304500,0.0,0.0
2008-10-21 00:00:00-04:00,15.510000228881836,15.75,14.800000190734863,14.850000381469727,3117700,0.0,0.0
2008-10-22 00:00:00-04:00,14.529999732971191,14.84000015258789,13.4399995803833,13.979999542236328,4046500,0.0,0.0
2008-10-23 00:00:00-04:00,13.960000038146973,14.199999809265137,12.529999732971191,13.289999961853027,4576600,0.0,0.0
2008-10-24 00:00:00-04:00,12.5,13.329999923706055,12.369999885559082,12.720000267028809,3940100,0.0,0.0
2008-10-27 00:00:00-04:00,12.300000190734863,12.890000343322754,11.960000038146973,12.09000015258789,5019000,0.0,0.0
2008-10-28 00:00:00-04:00,12.5,13.3100004196167,11.6899995803833,13.279999732971191,5084200,0.0,0.0
2008-10-29 00:00:00-04:00,13.789999961853027,14.5,12.960000038146973,13.890000343322754,6068500,0.0,0.0
2008-10-30 00:00:00-04:00,14.489999771118164,14.710000038146973,13.369999885559082,13.800000190734863,6940800,0.0,0.0
2008-10-31 00:00:00-04:00,15.399999618530273,15.460000038146973,13.920000076293945,14.380000114440918,11275000,0.0,0.0
2008-11-03 00:00:00-05:00,14.380000114440918,14.6899995803833,13.359999656677246,13.619999885559082,3711600,0.0,0.0
2008-11-04 00:00:00-05:00,14.020000457763672,14.789999961853027,13.729999542236328,14.680000305175781,5133900,0.0,0.0
2008-11-05 00:00:00-05:00,14.979999542236328,15.329999923706055,14.430000305175781,14.449999809265137,3512400,0.0,0.0
2008-11-06 00:00:00-05:00,14.3100004196167,14.680000305175781,13.670000076293945,13.789999961853027,2899200,0.0,0.0
2008-11-07 00:00:00-05:00,14.0600004196167,14.75,13.989999771118164,14.470000267028809,2659900,0.0,0.0
2008-11-10 00:00:00-05:00,14.899999618530273,14.970000267028809,13.850000381469727,14.069999694824219,2555100,0.0,0.0
2008-11-11 00:00:00-05:00,13.850000381469727,14.260000228881836,13.539999961853027,13.789999961853027,2245900,0.0,0.0
2008-11-12 00:00:00-05:00,13.520000457763672,13.789999961853027,13.0,13.029999732971191,2265500,0.0,0.0
2008-11-13 00:00:00-05:00,13.130000114440918,13.380000114440918,11.170000076293945,13.350000381469727,6668200,0.0,0.0
2008-11-14 00:00:00-05:00,12.960000038146973,13.600000381469727,12.630000114440918,12.760000228881836,3279200,0.0,0.0
2008-11-17 00:00:00-05:00,12.550000190734863,12.779999732971191,12.109999656677246,12.34000015258789,2859800,0.0,0.0
2008-11-18 00:00:00-05:00,12.4399995803833,12.470000267028809,11.470000267028809,11.899999618530273,3607800,0.0,0.0
2008-11-19 00:00:00-05:00,11.90999984741211,11.90999984741211,10.609999656677246,10.630000114440918,4259500,0.0,0.0
2008-11-20 00:00:00-05:00,10.5,10.789999961853027,9.25,9.289999961853027,5760900,0.0,0.0
2008-11-21 00:00:00-05:00,9.489999771118164,10.600000381469727,9.479999542236328,10.520000457763672,8259400,0.0,0.0
2008-11-24 00:00:00-05:00,10.710000038146973,11.40999984741211,10.270000457763672,11.260000228881836,4690300,0.0,0.0
2008-11-25 00:00:00-05:00,11.350000381469727,11.649999618530273,10.920000076293945,11.350000381469727,5508900,0.0,0.0
2008-11-26 00:00:00-05:00,11.180000305175781,12.140000343322754,10.949999809265137,12.020000457763672,4823100,0.0,0.0
2008-11-28 00:00:00-05:00,12.039999961853027,12.300000190734863,11.699999809265137,12.270000457763672,1093900,0.0,0.0
2008-12-01 00:00:00-05:00,12.010000228881836,12.010000228881836,11.239999771118164,11.25,3659500,0.0,0.0
2008-12-02 00:00:00-05:00,11.270000457763672,11.779999732971191,11.0600004196167,11.619999885559082,3285400,0.0,0.0
2008-12-03 00:00:00-05:00,11.329999923706055,11.949999809265137,11.029999732971191,11.920000076293945,2781400,0.0,0.0
2008-12-04 00:00:00-05:00,11.670000076293945,12.380000114440918,11.270000457763672,11.489999771118164,4561100,0.0,0.0
2008-12-05 00:00:00-05:00,11.5600004196167,13.050000190734863,11.260000228881836,13.029999732971191,4733500,0.0,0.0
2008-12-08 00:00:00-05:00,13.34000015258789,14.09000015258789,12.869999885559082,13.869999885559082,4805600,0.0,0.0
2008-12-09 00:00:00-05:00,13.640000343322754,14.489999771118164,13.430000305175781,13.960000038146973,7696400,0.0,0.0
2008-12-10 00:00:00-05:00,14.359999656677246,14.75,14.0,14.710000038146973,4604400,0.0,0.0
2008-12-11 00:00:00-05:00,14.720000267028809,14.779999732971191,14.010000228881836,14.100000381469727,3453900,0.0,0.0
2008-12-12 00:00:00-05:00,13.869999885559082,14.800000190734863,13.819999694824219,14.539999961853027,3309200,0.0,0.0
2008-12-15 00:00:00-05:00,14.270000457763672,14.550000190734863,13.59000015258789,13.84000015258789,3107500,0.0,0.0
2008-12-16 00:00:00-05:00,13.979999542236328,15.0,13.949999809265137,14.899999618530273,3363500,0.0,0.0
2008-12-17 00:00:00-05:00,14.8100004196167,16.229999542236328,14.800000190734863,16.059999465942383,4520000,0.0,0.0
2008-12-18 00:00:00-05:00,16.280000686645508,16.280000686645508,14.819999694824219,15.140000343322754,4194100,0.0,0.0
2008-12-19 00:00:00-05:00,15.350000381469727,15.829999923706055,15.140000343322754,15.579999923706055,3932000,0.0,0.0
2008-12-22 00:00:00-05:00,15.760000228881836,15.819999694824219,14.069999694824219,14.5,3688200,0.0,0.0
2008-12-23 00:00:00-05:00,14.5600004196167,15.050000190734863,14.399999618530273,14.550000190734863,2192100,0.0,0.0
2008-12-24 00:00:00-05:00,14.350000381469727,14.720000267028809,14.270000457763672,14.510000228881836,743700,0.0,0.0
2008-12-26 00:00:00-05:00,14.600000381469727,14.869999885559082,14.449999809265137,14.729999542236328,1204400,0.0,0.0
2008-12-29 00:00:00-05:00,14.84000015258789,14.920000076293945,14.130000114440918,14.449999809265137,2052400,0.0,0.0
2008-12-30 00:00:00-05:00,14.5,14.8100004196167,14.25,14.460000038146973,2509400,0.0,0.0
2008-12-31 00:00:00-05:00,14.65999984741211,15.319999694824219,14.420000076293945,15.09000015258789,3010900,0.0,0.0
2009-01-02 00:00:00-05:00,15.399999618530273,15.890000343322754,15.050000190734863,15.739999771118164,3611100,0.0,0.0
2009-01-05 00:00:00-05:00,15.9399995803833,16.290000915527344,15.65999984741211,16.18000030517578,3501000,0.0,0.0
2009-01-06 00:00:00-05:00,16.389999389648438,16.75,16.049999237060547,16.450000762939453,3817200,0.0,0.0
2009-01-07 00:00:00-05:00,16.06999969482422,16.360000610351562,15.260000228881836,15.470000267028809,3272200,0.0,0.0
2009-01-08 00:00:00-05:00,15.239999771118164,15.510000228881836,14.869999885559082,15.510000228881836,2852600,0.0,0.0
2009-01-09 00:00:00-05:00,15.510000228881836,15.510000228881836,14.770000457763672,15.130000114440918,2227600,0.0,0.0
2009-01-12 00:00:00-05:00,14.680000305175781,14.829999923706055,14.069999694824219,14.329999923706055,3695600,0.0,0.0
2009-01-13 00:00:00-05:00,14.25,14.470000267028809,13.829999923706055,14.119999885559082,3232700,0.0,0.0
2009-01-14 00:00:00-05:00,13.8100004196167,14.079999923706055,13.350000381469727,13.420000076293945,4727500,0.0,0.0
2009-01-15 00:00:00-05:00,13.420000076293945,13.800000190734863,12.729999542236328,13.489999771118164,3558300,0.0,0.0
2009-01-16 00:00:00-05:00,13.100000381469727,13.470000267028809,12.600000381469727,13.079999923706055,4475700,0.0,0.0
2009-01-20 00:00:00-05:00,13.170000076293945,13.239999771118164,12.350000381469727,12.430000305175781,4133600,0.0,0.0
2009-01-21 00:00:00-05:00,12.960000038146973,13.1899995803833,12.489999771118164,13.010000228881836,4727000,0.0,0.0
2009-01-22 00:00:00-05:00,12.75,13.039999961853027,12.350000381469727,12.760000228881836,3463400,0.0,0.0
2009-01-23 00:00:00-05:00,12.420000076293945,13.600000381469727,12.289999961853027,13.399999618530273,5935900,0.0,0.0
2009-01-26 00:00:00-05:00,13.479999542236328,14.069999694824219,13.420000076293945,13.649999618530273,4656400,0.0,0.0
2009-01-27 00:00:00-05:00,13.6899995803833,14.09000015258789,13.680000305175781,13.899999618530273,3427600,0.0,0.0
2009-01-28 00:00:00-05:00,13.880000114440918,14.199999809265137,13.5600004196167,14.010000228881836,6410700,0.0,0.0
2009-01-29 00:00:00-05:00,13.899999618530273,13.899999618530273,13.380000114440918,13.479999542236328,3301300,0.0,0.0
2009-01-30 00:00:00-05:00,13.40999984741211,13.979999542236328,13.399999618530273,13.479999542236328,4248000,0.0,0.0
2009-02-02 00:00:00-05:00,13.600000381469727,14.539999961853027,13.510000228881836,14.350000381469727,7096400,0.0,0.0
2009-02-03 00:00:00-05:00,14.5,14.59000015258789,13.850000381469727,14.199999809265137,4668700,0.0,0.0
2009-02-04 00:00:00-05:00,14.270000457763672,14.789999961853027,14.130000114440918,14.170000076293945,6031500,0.0,0.0
2009-02-05 00:00:00-05:00,15.380000114440918,16.920000076293945,15.010000228881836,16.729999542236328,17822400,0.0,0.0
2009-02-06 00:00:00-05:00,17.25,17.850000381469727,16.75,17.40999984741211,9828900,0.0,0.0
2009-02-09 00:00:00-05:00,17.489999771118164,17.649999618530273,17.15999984741211,17.530000686645508,5369700,0.0,0.0
2009-02-10 00:00:00-05:00,17.739999771118164,18.219999313354492,17.139999389648438,17.190000534057617,7424500,0.0,0.0
2009-02-11 00:00:00-05:00,17.389999389648438,17.770000457763672,16.860000610351562,17.260000228881836,4402900,0.0,0.0
2009-02-12 00:00:00-05:00,16.899999618530273,17.93000030517578,16.799999237060547,17.84000015258789,5983100,0.0,0.0
2009-02-13 00:00:00-05:00,17.93000030517578,18.0,17.479999542236328,17.719999313354492,4381800,0.0,0.0
2009-02-17 00:00:00-05:00,17.280000686645508,17.389999389648438,16.6299991607666,16.690000534057617,4595900,0.0,0.0
2009-02-18 00:00:00-05:00,16.799999237060547,17.760000228881836,16.649999618530273,17.43000030517578,6919700,0.0,0.0
2009-02-19 00:00:00-05:00,17.739999771118164,18.489999771118164,17.3799991607666,17.559999465942383,6753200,0.0,0.0
2009-02-20 00:00:00-05:00,16.84000015258789,17.809999465942383,16.709999084472656,17.709999084472656,8026900,0.0,0.0
2009-02-23 00:00:00-05:00,17.770000457763672,18.0,16.799999237060547,16.889999389648438,6544700,0.0,0.0
2009-02-24 00:00:00-05:00,17.110000610351562,17.84000015258789,16.940000534057617,17.68000030517578,4870600,0.0,0.0
2009-02-25 00:00:00-05:00,17.709999084472656,18.760000228881836,17.469999313354492,18.329999923706055,9384500,0.0,0.0
2009-02-26 00:00:00-05:00,18.700000762939453,18.979999542236328,18.0,18.059999465942383,5414700,0.0,0.0
2009-02-27 00:00:00-05:00,17.700000762939453,18.440000534057617,17.489999771118164,18.09000015258789,5201400,0.0,0.0
2009-03-02 00:00:00-05:00,17.600000381469727,17.889999389648438,16.31999969482422,16.40999984741211,8563700,0.0,0.0
2009-03-03 00:00:00-05:00,16.770000457763672,17.09000015258789,16.420000076293945,16.719999313354492,6217900,0.0,0.0
2009-03-04 00:00:00-05:00,17.170000076293945,17.40999984741211,16.940000534057617,17.1299991607666,6570600,0.0,0.0
2009-03-05 00:00:00-05:00,16.959999084472656,17.059999465942383,16.100000381469727,16.229999542236328,5903000,0.0,0.0
2009-03-06 00:00:00-05:00,16.309999465942383,16.709999084472656,15.84000015258789,16.360000610351562,5694600,0.0,0.0
2009-03-09 00:00:00-04:00,16.209999084472656,16.889999389648438,15.930000305175781,16.059999465942383,4844500,0.0,0.0
2009-03-10 00:00:00-04:00,16.40999984741211,17.200000762939453,16.31999969482422,17.079999923706055,4314100,0.0,0.0
2009-03-11 00:00:00-04:00,17.239999771118164,17.90999984741211,17.059999465942383,17.709999084472656,7045500,0.0,0.0
2009-03-12 00:00:00-04:00,17.649999618530273,18.549999237060547,17.459999084472656,18.489999771118164,6252500,0.0,0.0
2009-03-13 00:00:00-04:00,18.780000686645508,18.790000915527344,18.049999237060547,18.420000076293945,4088800,0.0,0.0
2009-03-16 00:00:00-04:00,18.40999984741211,18.65999984741211,17.579999923706055,17.59000015258789,2666500,0.0,0.0
2009-03-17 00:00:00-04:00,17.790000915527344,18.389999389648438,17.649999618530273,18.34000015258789,4729000,0.0,0.0
2009-03-18 00:00:00-04:00,18.540000915527344,19.299999237060547,18.450000762939453,18.959999084472656,6629500,0.0,0.0
2009-03-19 00:00:00-04:00,19.34000015258789,19.610000610351562,18.959999084472656,19.09000015258789,4834500,0.0,0.0
2009-03-20 00:00:00-04:00,19.5,19.5,17.940000534057617,18.1299991607666,5247300,0.0,0.0
2009-03-23 00:00:00-04:00,18.709999084472656,19.799999237060547,18.520000457763672,19.790000915527344,5827800,0.0,0.0
2009-03-24 00:00:00-04:00,19.489999771118164,19.649999618530273,19.1299991607666,19.170000076293945,4392800,0.0,0.0
2009-03-25 00:00:00-04:00,19.489999771118164,19.700000762939453,18.8700008392334,19.43000030517578,5600100,0.0,0.0
2009-03-26 00:00:00-04:00,19.6200008392334,20.649999618530273,19.530000686645508,20.350000381469727,5702900,0.0,0.0
2009-03-27 00:00:00-04:00,20.110000610351562,20.850000381469727,20.020000457763672,20.110000610351562,6167200,0.0,0.0
2009-03-30 00:00:00-04:00,19.540000915527344,19.719999313354492,18.950000762939453,19.520000457763672,4927300,0.0,0.0
2009-03-31 00:00:00-04:00,19.450000762939453,19.760000228881836,19.09000015258789,19.399999618530273,5496300,0.0,0.0
2009-04-01 00:00:00-04:00,19.270000457763672,20.209999084472656,19.149999618530273,19.8799991607666,5084100,0.0,0.0
2009-04-02 00:00:00-04:00,20.489999771118164,22.030000686645508,20.309999465942383,21.549999237060547,8618700,0.0,0.0
2009-04-03 00:00:00-04:00,20.3700008392334,20.3799991607666,19.350000381469727,20.059999465942383,10304400,0.0,0.0
2009-04-06 00:00:00-04:00,19.649999618530273,19.8799991607666,19.219999313354492,19.600000381469727,4398100,0.0,0.0
2009-04-07 00:00:00-04:00,19.469999313354492,19.469999313354492,18.649999618530273,18.860000610351562,4471900,0.0,0.0
2009-04-08 00:00:00-04:00,18.59000015258789,19.6299991607666,18.59000015258789,19.40999984741211,4533500,0.0,0.0
2009-04-09 00:00:00-04:00,19.860000610351562,20.290000915527344,19.6299991607666,20.200000762939453,4242800,0.0,0.0
2009-04-13 00:00:00-04:00,20.0,20.31999969482422,19.540000915527344,20.200000762939453,3296700,0.0,0.0
2009-04-14 00:00:00-04:00,20.110000610351562,20.450000762939453,19.729999542236328,20.020000457763672,3046300,0.0,0.0
2009-04-15 00:00:00-04:00,19.670000076293945,20.0,19.329999923706055,19.709999084472656,3616600,0.0,0.0
2009-04-16 00:00:00-04:00,20.0,20.56999969482422,19.540000915527344,20.34000015258789,3346500,0.0,0.0
2009-04-17 00:00:00-04:00,20.25,20.719999313354492,20.020000457763672,20.469999313354492,3303900,0.0,0.0
2009-04-20 00:00:00-04:00,20.020000457763672,20.229999542236328,19.260000228881836,19.389999389648438,3495900,0.0,0.0
2009-04-21 00:00:00-04:00,19.219999313354492,19.920000076293945,19.079999923706055,19.899999618530273,2969500,0.0,0.0
2009-04-22 00:00:00-04:00,19.860000610351562,21.170000076293945,19.549999237060547,20.600000381469727,6653500,0.0,0.0
2009-04-23 00:00:00-04:00,20.649999618530273,20.84000015258789,19.290000915527344,19.579999923706055,6182100,0.0,0.0
2009-04-24 00:00:00-04:00,19.790000915527344,19.829999923706055,19.040000915527344,19.479999542236328,5318800,0.0,0.0
2009-04-27 00:00:00-04:00,19.200000762939453,20.200000762939453,19.149999618530273,19.799999237060547,5328400,0.0,0.0
2009-04-28 00:00:00-04:00,19.530000686645508,20.010000228881836,19.360000610351562,19.600000381469727,3466900,0.0,0.0
2009-04-29 00:00:00-04:00,19.989999771118164,20.59000015258789,19.81999969482422,20.059999465942383,5547600,0.0,0.0
2009-04-30 00:00:00-04:00,21.969999313354492,22.489999771118164,21.469999313354492,22.020000457763672,12606200,0.0,0.0
2009-05-01 00:00:00-04:00,22.030000686645508,22.5,21.860000610351562,22.3700008392334,4281200,0.0,0.0
2009-05-04 00:00:00-04:00,22.469999313354492,23.299999237060547,22.3799991607666,23.260000228881836,5489400,0.0,0.0
2009-05-05 00:00:00-04:00,23.219999313354492,23.459999084472656,22.959999084472656,23.31999969482422,4131600,0.0,0.0
2009-05-06 00:00:00-04:00,23.579999923706055,23.579999923706055,22.020000457763672,22.530000686645508,5090200,0.0,0.0
2009-05-07 00:00:00-04:00,22.899999618530273,22.959999084472656,21.149999618530273,21.280000686645508,6092600,0.0,0.0
2009-05-08 00:00:00-04:00,21.600000381469727,22.059999465942383,21.110000610351562,21.309999465942383,4210300,0.0,0.0
2009-05-11 00:00:00-04:00,21.0,21.829999923706055,20.75,21.479999542236328,2711900,0.0,0.0
2009-05-12 00:00:00-04:00,21.5,21.59000015258789,20.59000015258789,21.0,3341600,0.0,0.0
2009-05-13 00:00:00-04:00,20.700000762939453,20.889999389648438,20.25,20.290000915527344,3618000,0.0,0.0
2009-05-14 00:00:00-04:00,20.290000915527344,20.920000076293945,20.1299991607666,20.739999771118164,2961600,0.0,0.0
2009-05-15 00:00:00-04:00,20.719999313354492,21.100000381469727,20.510000228881836,20.739999771118164,2535000,0.0,0.0
2009-05-18 00:00:00-04:00,20.860000610351562,21.229999542236328,20.579999923706055,21.209999084472656,2546500,0.0,0.0
2009-05-19 00:00:00-04:00,21.31999969482422,22.030000686645508,20.81999969482422,21.559999465942383,3444400,0.0,0.0
2009-05-20 00:00:00-04:00,21.600000381469727,22.43000030517578,21.3700008392334,21.450000762939453,3298800,0.0,0.0
2009-05-21 00:00:00-04:00,21.149999618530273,21.420000076293945,20.860000610351562,21.09000015258789,2724600,0.0,0.0
2009-05-22 00:00:00-04:00,21.15999984741211,21.239999771118164,20.600000381469727,20.829999923706055,2036500,0.0,0.0
2009-05-26 00:00:00-04:00,20.5,21.6299991607666,20.5,21.56999969482422,2500100,0.0,0.0
2009-05-27 00:00:00-04:00,21.450000762939453,21.8799991607666,21.149999618530273,21.209999084472656,2505600,0.0,0.0
2009-05-28 00:00:00-04:00,21.25,21.829999923706055,20.84000015258789,21.75,3793200,0.0,0.0
2009-05-29 00:00:00-04:00,21.899999618530273,22.299999237060547,21.479999542236328,22.270000457763672,2708800,0.0,0.0
2009-06-01 00:00:00-04:00,22.309999465942383,22.8700008392334,21.209999084472656,21.690000534057617,7481900,0.0,0.0
2009-06-02 00:00:00-04:00,21.540000915527344,22.360000610351562,21.5,22.190000534057617,3630100,0.0,0.0
2009-06-03 00:00:00-04:00,22.020000457763672,22.239999771118164,21.420000076293945,21.829999923706055,2031200,0.0,0.0
2009-06-04 00:00:00-04:00,21.950000762939453,22.6200008392334,21.780000686645508,22.540000915527344,3488700,0.0,0.0
2009-06-05 00:00:00-04:00,22.610000610351562,22.75,22.010000228881836,22.18000030517578,2221000,0.0,0.0
2009-06-08 00:00:00-04:00,22.100000381469727,22.100000381469727,21.200000762939453,21.600000381469727,2518600,0.0,0.0
2009-06-09 00:00:00-04:00,21.889999389648438,22.450000762939453,21.760000228881836,22.290000915527344,2664200,0.0,0.0
2009-06-10 00:00:00-04:00,22.399999618530273,22.469999313354492,21.700000762939453,22.219999313354492,2701600,0.0,0.0
2009-06-11 00:00:00-04:00,22.280000686645508,23.06999969482422,22.0,22.889999389648438,5226800,0.0,0.0
2009-06-12 00:00:00-04:00,22.850000381469727,22.8799991607666,22.34000015258789,22.860000610351562,2592500,0.0,0.0
2009-06-15 00:00:00-04:00,22.489999771118164,22.649999618530273,21.8799991607666,22.1200008392334,3403600,0.0,0.0
2009-06-16 00:00:00-04:00,22.170000076293945,22.399999618530273,21.6200008392334,21.709999084472656,4058000,0.0,0.0
2009-06-17 00:00:00-04:00,21.389999389648438,21.549999237060547,20.420000076293945,20.719999313354492,7139300,0.0,0.0
2009-06-18 00:00:00-04:00,20.700000762939453,20.899999618530273,20.100000381469727,20.309999465942383,4645100,0.0,0.0
2009-06-19 00:00:00-04:00,20.649999618530273,20.68000030517578,20.309999465942383,20.530000686645508,4239600,0.0,0.0
2009-06-22 00:00:00-04:00,20.059999465942383,20.290000915527344,18.850000381469727,19.049999237060547,6951200,0.0,0.0
2009-06-23 00:00:00-04:00,19.110000610351562,19.239999771118164,18.649999618530273,19.049999237060547,4433300,0.0,0.0
2009-06-24 00:00:00-04:00,19.299999237060547,19.729999542236328,19.229999542236328,19.520000457763672,4858100,0.0,0.0
2009-06-25 00:00:00-04:00,19.43000030517578,20.1299991607666,19.25,20.110000610351562,3680200,0.0,0.0
2009-06-26 00:00:00-04:00,19.940000534057617,20.139999389648438,19.56999969482422,20.09000015258789,5495100,0.0,0.0
2009-06-29 00:00:00-04:00,20.020000457763672,20.040000915527344,19.5,19.670000076293945,3303700,0.0,0.0
2009-06-30 00:00:00-04:00,19.65999984741211,19.670000076293945,19.0,19.18000030517578,4320800,0.0,0.0
2009-07-01 00:00:00-04:00,19.260000228881836,20.450000762939453,19.010000228881836,20.239999771118164,9275000,0.0,0.0
2009-07-02 00:00:00-04:00,20.15999984741211,20.18000030517578,19.25,19.440000534057617,4869700,0.0,0.0
2009-07-06 00:00:00-04:00,18.979999542236328,18.989999771118164,18.030000686645508,18.639999389648438,7002000,0.0,0.0
2009-07-07 00:00:00-04:00,18.59000015258789,18.709999084472656,18.350000381469727,18.3799991607666,4827700,0.0,0.0
2009-07-08 00:00:00-04:00,18.290000915527344,18.600000381469727,17.790000915527344,18.290000915527344,6384600,0.0,0.0
2009-07-09 00:00:00-04:00,18.579999923706055,18.59000015258789,18.020000457763672,18.190000534057617,3467400,0.0,0.0
2009-07-10 00:00:00-04:00,18.100000381469727,18.6299991607666,18.100000381469727,18.489999771118164,3668300,0.0,0.0
2009-07-13 00:00:00-04:00,18.59000015258789,18.969999313354492,18.149999618530273,18.920000076293945,3701300,0.0,0.0
2009-07-14 00:00:00-04:00,18.90999984741211,19.200000762939453,18.700000762939453,19.06999969482422,3541300,0.0,0.0
2009-07-15 00:00:00-04:00,19.329999923706055,19.739999771118164,19.09000015258789,19.729999542236328,4025100,0.0,0.0
2009-07-16 00:00:00-04:00,19.510000228881836,20.25,19.479999542236328,20.18000030517578,4455600,0.0,0.0
2009-07-17 00:00:00-04:00,19.59000015258789,19.979999542236328,19.280000686645508,19.639999389648438,7408800,0.0,0.0
2009-07-20 00:00:00-04:00,19.950000762939453,20.600000381469727,19.8700008392334,20.420000076293945,6847500,0.0,0.0
2009-07-21 00:00:00-04:00,20.559999465942383,20.559999465942383,20.0,20.31999969482422,3805400,0.0,0.0
2009-07-22 00:00:00-04:00,20.239999771118164,20.43000030517578,20.020000457763672,20.309999465942383,3368800,0.0,0.0
2009-07-23 00:00:00-04:00,20.309999465942383,21.549999237060547,20.209999084472656,21.25,6067300,0.0,0.0
2009-07-24 00:00:00-04:00,20.940000534057617,21.200000762939453,20.489999771118164,21.1299991607666,4005900,0.0,0.0
2009-07-27 00:00:00-04:00,21.020000457763672,21.3799991607666,20.18000030517578,20.329999923706055,5578100,0.0,0.0
2009-07-28 00:00:00-04:00,20.209999084472656,20.6299991607666,20.09000015258789,20.450000762939453,4732400,0.0,0.0
2009-07-29 00:00:00-04:00,20.540000915527344,20.600000381469727,20.020000457763672,20.399999618530273,7340900,0.0,0.0
2009-07-30 00:00:00-04:00,16.649999618530273,16.75,15.859999656677246,16.510000228881836,62872400,0.0,0.0
2009-07-31 00:00:00-04:00,16.59000015258789,16.889999389648438,16.420000076293945,16.440000534057617,12397600,0.0,0.0
2009-08-03 00:00:00-04:00,16.670000076293945,16.739999771118164,16.110000610351562,16.420000076293945,8575300,0.0,0.0
2009-08-04 00:00:00-04:00,16.270000457763672,16.989999771118164,16.270000457763672,16.860000610351562,9204900,0.0,0.0
2009-08-05 00:00:00-04:00,17.389999389648438,18.290000915527344,17.34000015258789,18.200000762939453,18038800,0.0,0.0
2009-08-06 00:00:00-04:00,18.239999771118164,18.299999237060547,17.75,18.079999923706055,13457000,0.0,0.0
2009-08-07 00:00:00-04:00,18.1200008392334,19.510000228881836,18.100000381469727,19.459999084472656,12924300,0.0,0.0
2009-08-10 00:00:00-04:00,19.139999389648438,19.799999237060547,18.959999084472656,19.43000030517578,9943800,0.0,0.0
2009-08-11 00:00:00-04:00,19.299999237060547,19.420000076293945,18.280000686645508,18.440000534057617,10008000,0.0,0.0
2009-08-12 00:00:00-04:00,18.139999389648438,18.920000076293945,18.1299991607666,18.3700008392334,14038500,0.0,0.0
2009-08-13 00:00:00-04:00,18.579999923706055,18.600000381469727,18.100000381469727,18.200000762939453,8404800,0.0,0.0
2009-08-14 00:00:00-04:00,18.149999618530273,18.25,17.780000686645508,18.010000228881836,4794000,0.0,0.0
2009-08-17 00:00:00-04:00,17.6200008392334,17.84000015258789,17.520000457763672,17.670000076293945,4042900,0.0,0.0
2009-08-18 00:00:00-04:00,17.75,17.950000762939453,17.3700008392334,17.84000015258789,7228700,0.0,0.0
2009-08-19 00:00:00-04:00,17.639999389648438,18.0,17.579999923706055,17.93000030517578,4252100,0.0,0.0
2009-08-20 00:00:00-04:00,17.889999389648438,18.190000534057617,17.75,17.959999084472656,2634700,0.0,0.0
2009-08-21 00:00:00-04:00,18.200000762939453,18.5,17.959999084472656,18.420000076293945,4425100,0.0,0.0
2009-08-24 00:00:00-04:00,18.469999313354492,18.5,17.940000534057617,18.059999465942383,3635500,0.0,0.0
2009-08-25 00:00:00-04:00,18.25,18.290000915527344,17.770000457763672,17.84000015258789,3582600,0.0,0.0
2009-08-26 00:00:00-04:00,17.799999237060547,18.200000762939453,17.700000762939453,18.100000381469727,4648100,0.0,0.0
2009-08-27 00:00:00-04:00,18.100000381469727,18.170000076293945,17.68000030517578,18.030000686645508,3597800,0.0,0.0
2009-08-28 00:00:00-04:00,18.25,18.479999542236328,17.809999465942383,18.110000610351562,3795300,0.0,0.0
2009-08-31 00:00:00-04:00,17.889999389648438,18.020000457763672,17.540000915527344,17.639999389648438,3602900,0.0,0.0
2009-09-01 00:00:00-04:00,17.65999984741211,17.979999542236328,16.829999923706055,16.84000015258789,9811800,0.0,0.0
2009-09-02 00:00:00-04:00,16.829999923706055,17.200000762939453,16.760000228881836,17.1200008392334,3818800,0.0,0.0
2009-09-03 00:00:00-04:00,17.229999542236328,17.31999969482422,17.040000915527344,17.309999465942383,2720600,0.0,0.0
2009-09-04 00:00:00-04:00,17.350000381469727,17.5,17.079999923706055,17.469999313354492,2770900,0.0,0.0
2009-09-08 00:00:00-04:00,17.639999389648438,17.729999542236328,17.06999969482422,17.31999969482422,4815200,0.0,0.0
2009-09-09 00:00:00-04:00,17.389999389648438,18.0,17.3799991607666,17.790000915527344,5707000,0.0,0.0
2009-09-10 00:00:00-04:00,17.56999969482422,18.149999618530273,17.56999969482422,18.110000610351562,4047500,0.0,0.0
2009-09-11 00:00:00-04:00,18.25,18.450000762939453,18.1299991607666,18.3700008392334,3952600,0.0,0.0
2009-09-14 00:00:00-04:00,18.15999984741211,18.5,18.1200008392334,18.489999771118164,2667900,0.0,0.0
2009-09-15 00:00:00-04:00,18.43000030517578,18.549999237060547,18.139999389648438,18.459999084472656,3500500,0.0,0.0
2009-09-16 00:00:00-04:00,18.549999237060547,19.010000228881836,18.510000228881836,18.950000762939453,4182900,0.0,0.0
2009-09-17 00:00:00-04:00,18.8799991607666,19.0,18.520000457763672,18.709999084472656,4130600,0.0,0.0
2009-09-18 00:00:00-04:00,18.899999618530273,18.899999618530273,18.459999084472656,18.770000457763672,3090400,0.0,0.0
2009-09-21 00:00:00-04:00,18.6299991607666,19.469999313354492,18.56999969482422,19.209999084472656,5325400,0.0,0.0
2009-09-22 00:00:00-04:00,19.270000457763672,19.739999771118164,19.15999984741211,19.610000610351562,5039900,0.0,0.0
2009-09-23 00:00:00-04:00,19.639999389648438,19.790000915527344,19.280000686645508,19.389999389648438,4100200,0.0,0.0
2009-09-24 00:00:00-04:00,19.520000457763672,19.600000381469727,18.8799991607666,19.260000228881836,4001900,0.0,0.0
2009-09-25 00:00:00-04:00,19.059999465942383,19.479999542236328,18.920000076293945,19.31999969482422,4667100,0.0,0.0
2009-09-28 00:00:00-04:00,19.450000762939453,20.25,19.3799991607666,20.049999237060547,4903200,0.0,0.0
2009-09-29 00:00:00-04:00,20.18000030517578,20.420000076293945,19.889999389648438,20.25,5057500,0.0,0.0
2009-09-30 00:00:00-04:00,20.100000381469727,20.299999237060547,19.59000015258789,19.68000030517578,7384200,0.0,0.0
2009-10-01 00:00:00-04:00,19.049999237060547,21.0,18.600000381469727,18.649999618530273,7662900,0.0,0.0
2009-10-02 00:00:00-04:00,18.43000030517578,19.040000915527344,18.0,18.81999969482422,4002900,0.0,0.0
2009-10-05 00:00:00-04:00,18.93000030517578,19.200000762939453,18.799999237060547,18.950000762939453,3712400,0.0,0.0
2009-10-06 00:00:00-04:00,19.139999389648438,19.440000534057617,18.940000534057617,19.420000076293945,3408600,0.0,0.0
2009-10-07 00:00:00-04:00,19.420000076293945,20.260000228881836,19.18000030517578,20.219999313354492,6223400,0.0,0.0
2009-10-08 00:00:00-04:00,20.170000076293945,20.790000915527344,20.170000076293945,20.239999771118164,7318500,0.0,0.0
2009-10-09 00:00:00-04:00,19.809999465942383,20.329999923706055,19.610000610351562,20.309999465942383,6015000,0.0,0.0
2009-10-12 00:00:00-04:00,20.31999969482422,20.469999313354492,19.969999313354492,20.1299991607666,2721200,0.0,0.0
2009-10-13 00:00:00-04:00,20.100000381469727,21.049999237060547,20.040000915527344,20.809999465942383,9145100,0.0,0.0
2009-10-14 00:00:00-04:00,21.530000686645508,22.059999465942383,21.31999969482422,22.0,9862500,0.0,0.0
2009-10-15 00:00:00-04:00,21.899999618530273,22.34000015258789,21.670000076293945,22.040000915527344,7002200,0.0,0.0
2009-10-16 00:00:00-04:00,21.989999771118164,22.40999984741211,21.549999237060547,21.799999237060547,5680200,0.0,0.0
2009-10-19 00:00:00-04:00,21.790000915527344,22.139999389648438,21.34000015258789,22.09000015258789,4227900,0.0,0.0
2009-10-20 00:00:00-04:00,22.149999618530273,22.219999313354492,21.459999084472656,21.940000534057617,2955500,0.0,0.0
2009-10-21 00:00:00-04:00,21.93000030517578,21.940000534057617,21.360000610351562,21.420000076293945,4395300,0.0,0.0
2009-10-22 00:00:00-04:00,21.440000534057617,21.709999084472656,20.950000762939453,21.600000381469727,3127400,0.0,0.0
2009-10-23 00:00:00-04:00,21.639999389648438,22.020000457763672,21.34000015258789,21.5,2970100,0.0,0.0
2009-10-26 00:00:00-04:00,21.3700008392334,22.0,21.190000534057617,21.329999923706055,4782700,0.0,0.0
2009-10-27 00:00:00-04:00,21.260000228881836,21.489999771118164,20.600000381469727,20.959999084472656,4310400,0.0,0.0
2009-10-28 00:00:00-04:00,20.770000457763672,21.020000457763672,20.059999465942383,20.15999984741211,6850800,0.0,0.0
2009-10-29 00:00:00-04:00,22.329999923706055,23.299999237060547,21.649999618530273,22.790000915527344,16353100,0.0,0.0
2009-10-30 00:00:00-04:00,22.709999084472656,22.790000915527344,21.889999389648438,22.0,6941800,0.0,0.0
2009-11-02 00:00:00-05:00,22.190000534057617,22.950000762939453,22.100000381469727,22.450000762939453,4956200,0.0,0.0
2009-11-03 00:00:00-05:00,22.1200008392334,22.700000762939453,22.030000686645508,22.559999465942383,4194700,0.0,0.0
2009-11-04 00:00:00-05:00,22.670000076293945,22.93000030517578,22.459999084472656,22.5,4051400,0.0,0.0
2009-11-05 00:00:00-05:00,22.799999237060547,23.239999771118164,22.6299991607666,22.850000381469727,4995600,0.0,0.0
2009-11-06 00:00:00-05:00,22.739999771118164,23.329999923706055,22.510000228881836,23.31999969482422,4656800,0.0,0.0
2009-11-09 00:00:00-05:00,23.43000030517578,23.799999237060547,23.200000762939453,23.690000534057617,4062000,0.0,0.0
2009-11-10 00:00:00-05:00,23.540000915527344,24.309999465942383,23.540000915527344,23.899999618530273,5401200,0.0,0.0
2009-11-11 00:00:00-05:00,24.139999389648438,24.280000686645508,23.690000534057617,23.8799991607666,3059100,0.0,0.0
2009-11-12 00:00:00-05:00,23.8799991607666,24.040000915527344,23.520000457763672,23.68000030517578,2469700,0.0,0.0
2009-11-13 00:00:00-05:00,23.75,24.5,23.520000457763672,24.43000030517578,5201300,0.0,0.0
2009-11-16 00:00:00-05:00,24.489999771118164,25.190000534057617,24.3799991607666,24.979999542236328,6591400,0.0,0.0
2009-11-17 00:00:00-05:00,24.920000076293945,25.100000381469727,24.559999465942383,24.75,2547200,0.0,0.0
2009-11-18 00:00:00-05:00,24.81999969482422,24.829999923706055,24.280000686645508,24.510000228881836,2191200,0.0,0.0
2009-11-19 00:00:00-05:00,24.31999969482422,24.540000915527344,23.889999389648438,24.25,2892900,0.0,0.0
2009-11-20 00:00:00-05:00,24.31999969482422,24.31999969482422,23.780000686645508,23.940000534057617,2885500,0.0,0.0
2009-11-23 00:00:00-05:00,24.31999969482422,24.829999923706055,24.31999969482422,24.59000015258789,2995100,0.0,0.0
2009-11-24 00:00:00-05:00,24.540000915527344,24.729999542236328,23.959999084472656,24.270000457763672,3146400,0.0,0.0
2009-11-25 00:00:00-05:00,24.31999969482422,24.3799991607666,23.959999084472656,24.290000915527344,2256500,0.0,0.0
2009-11-27 00:00:00-05:00,23.520000457763672,24.110000610351562,23.399999618530273,23.920000076293945,1444400,0.0,0.0
2009-11-30 00:00:00-05:00,24.0,24.1200008392334,23.549999237060547,24.0,2765500,0.0,0.0
2009-12-01 00:00:00-05:00,24.040000915527344,24.399999618530273,23.93000030517578,23.950000762939453,3670500,0.0,0.0
2009-12-02 00:00:00-05:00,24.100000381469727,24.579999923706055,24.010000228881836,24.170000076293945,2909500,0.0,0.0
2009-12-03 00:00:00-05:00,24.420000076293945,24.5,23.739999771118164,23.770000457763672,3291900,0.0,0.0
2009-12-04 00:00:00-05:00,24.950000762939453,25.65999984741211,24.670000076293945,24.979999542236328,8255000,0.0,0.0
2009-12-07 00:00:00-05:00,26.010000228881836,26.270000457763672,25.260000228881836,25.3700008392334,7811800,0.0,0.0
2009-12-08 00:00:00-05:00,25.010000228881836,25.25,24.350000381469727,25.09000015258789,7103400,0.0,0.0
2009-12-09 00:00:00-05:00,24.8700008392334,25.43000030517578,24.610000610351562,25.280000686645508,4881900,0.0,0.0
2009-12-10 00:00:00-05:00,25.549999237060547,25.639999389648438,24.8799991607666,24.93000030517578,3698100,0.0,0.0
2009-12-11 00:00:00-05:00,25.479999542236328,25.479999542236328,24.6200008392334,24.829999923706055,2394300,0.0,0.0
2009-12-14 00:00:00-05:00,25.260000228881836,25.309999465942383,24.799999237060547,25.280000686645508,3029800,0.0,0.0
2009-12-15 00:00:00-05:00,25.270000457763672,25.700000762939453,24.950000762939453,25.030000686645508,3366100,0.0,0.0
2009-12-16 00:00:00-05:00,25.260000228881836,25.709999084472656,25.229999542236328,25.530000686645508,3496000,0.0,0.0
2009-12-17 00:00:00-05:00,25.43000030517578,25.6299991607666,25.139999389648438,25.149999618530273,3110100,0.0,0.0
2009-12-18 00:00:00-05:00,25.200000762939453,25.510000228881836,25.030000686645508,25.510000228881836,9575400,0.0,0.0
2009-12-21 00:00:00-05:00,25.5,25.5,24.8700008392334,25.100000381469727,4614200,0.0,0.0
2009-12-22 00:00:00-05:00,25.100000381469727,25.489999771118164,25.030000686645508,25.34000015258789,2334700,0.0,0.0
2009-12-23 00:00:00-05:00,25.3799991607666,25.670000076293945,25.309999465942383,25.59000015258789,3021200,0.0,0.0
2009-12-24 00:00:00-05:00,25.579999923706055,25.860000610351562,25.459999084472656,25.739999771118164,1043700,0.0,0.0
2009-12-28 00:00:00-05:00,25.8700008392334,26.0,25.719999313354492,25.889999389648438,2703900,0.0,0.0
2009-12-29 00:00:00-05:00,26.09000015258789,26.09000015258789,25.65999984741211,25.709999084472656,1366600,0.0,0.0
2009-12-30 00:00:00-05:00,25.489999771118164,25.84000015258789,25.329999923706055,25.719999313354492,2713200,0.0,0.0
2009-12-31 00:00:00-05:00,25.700000762939453,25.940000534057617,25.31999969482422,25.34000015258789,2754500,0.0,0.0
2010-01-04 00:00:00-05:00,25.6299991607666,26.059999465942383,25.530000686645508,25.920000076293945,3015600,0.0,0.0
2010-01-05 00:00:00-05:00,25.950000762939453,26.729999542236328,25.770000457763672,26.690000534057617,5421900,0.0,0.0
2010-01-06 00:00:00-05:00,26.700000762939453,26.860000610351562,26.399999618530273,26.469999313354492,2863900,0.0,0.0
2010-01-07 00:00:00-05:00,26.649999618530273,26.700000762939453,26.1200008392334,26.479999542236328,2919400,0.0,0.0
2010-01-08 00:00:00-05:00,26.440000534057617,26.729999542236328,26.260000228881836,26.479999542236328,2106600,0.0,0.0
2010-01-11 00:00:00-05:00,26.530000686645508,26.719999313354492,25.979999542236328,26.389999389648438,2898800,0.0,0.0
2010-01-12 00:00:00-05:00,26.1299991607666,26.31999969482422,25.780000686645508,26.15999984741211,3250300,0.0,0.0
2010-01-13 00:00:00-05:00,26.200000762939453,26.399999618530273,25.6299991607666,26.040000915527344,3142800,0.0,0.0
2010-01-14 00:00:00-05:00,26.040000915527344,27.0,26.040000915527344,26.8799991607666,4208000,0.0,0.0
2010-01-15 00:00:00-05:00,26.90999984741211,26.90999984741211,26.440000534057617,26.610000610351562,3455500,0.0,0.0
2010-01-19 00:00:00-05:00,26.510000228881836,27.270000457763672,26.43000030517578,27.219999313354492,6514100,0.0,0.0
2010-01-20 00:00:00-05:00,27.020000457763672,27.280000686645508,26.700000762939453,26.950000762939453,4774800,0.0,0.0
2010-01-21 00:00:00-05:00,27.149999618530273,27.280000686645508,26.5,26.719999313354492,3524400,0.0,0.0
2010-01-22 00:00:00-05:00,26.579999923706055,26.68000030517578,25.739999771118164,25.81999969482422,4257200,0.0,0.0
2010-01-25 00:00:00-05:00,26.020000457763672,26.149999618530273,25.170000076293945,25.670000076293945,3758900,0.0,0.0
2010-01-26 00:00:00-05:00,25.559999465942383,25.809999465942383,25.450000762939453,25.670000076293945,3573700,0.0,0.0
2010-01-27 00:00:00-05:00,25.549999237060547,26.0,25.450000762939453,25.829999923706055,2722500,0.0,0.0
2010-01-28 00:00:00-05:00,25.93000030517578,25.940000534057617,25.079999923706055,25.309999465942383,4001200,0.0,0.0
2010-01-29 00:00:00-05:00,25.59000015258789,25.850000381469727,24.5,24.700000762939453,5119000,0.0,0.0
2010-02-01 00:00:00-05:00,25.940000534057617,26.239999771118164,25.600000381469727,26.18000030517578,4985600,0.0,0.0
2010-02-02 00:00:00-05:00,26.40999984741211,26.5,25.959999084472656,26.3700008392334,3229600,0.0,0.0
2010-02-03 00:00:00-05:00,26.540000915527344,26.829999923706055,26.1299991607666,26.5,5038600,0.0,0.0
2010-02-04 00:00:00-05:00,25.579999923706055,26.170000076293945,25.350000381469727,25.510000228881836,7362900,0.0,0.0
2010-02-05 00:00:00-05:00,25.510000228881836,25.56999969482422,24.6200008392334,25.31999969482422,5719400,0.0,0.0
2010-02-08 00:00:00-05:00,25.31999969482422,25.5,24.940000534057617,25.040000915527344,2539400,0.0,0.0
2010-02-09 00:00:00-05:00,25.389999389648438,25.549999237060547,24.90999984741211,25.270000457763672,3456200,0.0,0.0
2010-02-10 00:00:00-05:00,25.170000076293945,25.309999465942383,24.760000228881836,24.959999084472656,2716300,0.0,0.0
2010-02-11 00:00:00-05:00,24.950000762939453,25.5,24.639999389648438,25.3700008392334,2675000,0.0,0.0
2010-02-12 00:00:00-05:00,25.110000610351562,25.43000030517578,24.829999923706055,25.329999923706055,2792300,0.0,0.0
2010-02-16 00:00:00-05:00,25.489999771118164,25.739999771118164,25.34000015258789,25.649999618530273,2339800,0.0,0.0
2010-02-17 00:00:00-05:00,25.719999313354492,25.8700008392334,25.440000534057617,25.690000534057617,1990600,0.0,0.0
2010-02-18 00:00:00-05:00,25.56999969482422,25.829999923706055,25.5,25.729999542236328,1983300,0.0,0.0
2010-02-19 00:00:00-05:00,25.6200008392334,25.989999771118164,25.610000610351562,25.889999389648438,2509000,0.0,0.0
2010-02-22 00:00:00-05:00,25.940000534057617,26.100000381469727,25.75,25.8799991607666,2395000,0.0,0.0
2010-02-23 00:00:00-05:00,25.760000228881836,25.959999084472656,25.479999542236328,25.6299991607666,2090800,0.0,0.0
2010-02-24 00:00:00-05:00,25.65999984741211,25.969999313354492,25.520000457763672,25.760000228881836,1632100,0.0,0.0
2010-02-25 00:00:00-05:00,25.40999984741211,25.729999542236328,25.170000076293945,25.65999984741211,2278300,0.0,0.0
2010-02-26 00:00:00-05:00,25.739999771118164,26.450000762939453,25.520000457763672,26.299999237060547,4167700,0.0,0.0
2010-03-01 00:00:00-05:00,26.530000686645508,27.270000457763672,26.530000686645508,27.190000534057617,2987000,0.0,0.0
2010-03-02 00:00:00-05:00,27.5,27.68000030517578,27.25,27.450000762939453,3098700,0.0,0.0
2010-03-03 00:00:00-05:00,28.040000915527344,28.75,27.75,28.1200008392334,7599400,0.0,0.0
2010-03-04 00:00:00-05:00,28.200000762939453,28.43000030517578,27.809999465942383,28.270000457763672,3773200,0.0,0.0
2010-03-05 00:00:00-05:00,28.450000762939453,29.34000015258789,28.25,29.200000762939453,4285400,0.0,0.0
2010-03-08 00:00:00-05:00,29.40999984741211,29.649999618530273,29.260000228881836,29.450000762939453,4947000,0.0,0.0
2010-03-09 00:00:00-05:00,29.559999465942383,30.450000762939453,29.43000030517578,30.40999984741211,7947100,0.0,0.0
2010-03-10 00:00:00-05:00,30.510000228881836,31.329999923706055,30.270000457763672,31.270000457763672,7390800,0.0,0.0
2010-03-11 00:00:00-05:00,31.190000534057617,31.440000534057617,30.8799991607666,31.40999984741211,4519300,0.0,0.0
2010-03-12 00:00:00-05:00,31.56999969482422,32.22999954223633,31.149999618530273,31.940000534057617,8512500,0.0,0.0
2010-03-15 00:00:00-04:00,31.3700008392334,31.540000915527344,30.809999465942383,31.280000686645508,6041700,0.0,0.0
2010-03-16 00:00:00-04:00,31.360000610351562,31.729999542236328,31.1299991607666,31.649999618530273,4405900,0.0,0.0
2010-03-17 00:00:00-04:00,31.700000762939453,32.459999084472656,31.600000381469727,32.08000183105469,3357900,0.0,0.0
2010-03-18 00:00:00-04:00,32.209999084472656,32.27000045776367,31.719999313354492,31.940000534057617,4063400,0.0,0.0
2010-03-19 00:00:00-04:00,31.979999542236328,32.08000183105469,31.31999969482422,31.389999389648438,4266000,0.0,0.0
2010-03-22 00:00:00-04:00,30.389999389648438,31.260000228881836,30.020000457763672,31.260000228881836,6050600,0.0,0.0
2010-03-23 00:00:00-04:00,31.3799991607666,31.59000015258789,31.040000915527344,31.520000457763672,3828300,0.0,0.0
2010-03-24 00:00:00-04:00,31.3799991607666,31.690000534057617,31.229999542236328,31.559999465942383,4739700,0.0,0.0
2010-03-25 00:00:00-04:00,31.899999618530273,32.15999984741211,31.479999542236328,31.510000228881836,3886000,0.0,0.0
2010-03-26 00:00:00-04:00,31.770000457763672,32.099998474121094,31.520000457763672,31.68000030517578,3098000,0.0,0.0
2010-03-29 00:00:00-04:00,31.809999465942383,32.18000030517578,31.6299991607666,31.68000030517578,2457000,0.0,0.0
2010-03-30 00:00:00-04:00,31.709999084472656,31.940000534057617,31.510000228881836,31.610000610351562,2916900,0.0,0.0
2010-03-31 00:00:00-04:00,31.43000030517578,31.68000030517578,31.299999237060547,31.420000076293945,2239600,0.0,0.0
2010-04-01 00:00:00-04:00,31.6299991607666,31.8799991607666,31.1299991607666,31.40999984741211,2027100,0.0,0.0
2010-04-05 00:00:00-04:00,31.440000534057617,32.59000015258789,31.440000534057617,32.45000076293945,3079200,0.0,0.0
2010-04-06 00:00:00-04:00,32.439998626708984,33.0,32.2599983215332,32.83000183105469,3260000,0.0,0.0
2010-04-07 00:00:00-04:00,32.65999984741211,32.83000183105469,32.380001068115234,32.65999984741211,3830100,0.0,0.0
2010-04-08 00:00:00-04:00,32.560001373291016,32.63999938964844,32.220001220703125,32.599998474121094,2569900,0.0,0.0
2010-04-09 00:00:00-04:00,32.599998474121094,33.310001373291016,32.54999923706055,33.209999084472656,2875800,0.0,0.0
2010-04-12 00:00:00-04:00,33.369998931884766,33.790000915527344,33.2400016784668,33.5099983215332,2605100,0.0,0.0
2010-04-13 00:00:00-04:00,33.529998779296875,33.59000015258789,33.13999938964844,33.459999084472656,1938300,0.0,0.0
2010-04-14 00:00:00-04:00,33.70000076293945,34.25,33.63999938964844,34.15999984741211,2367700,0.0,0.0
2010-04-15 00:00:00-04:00,34.15999984741211,34.7599983215332,34.040000915527344,34.119998931884766,3584600,0.0,0.0
2010-04-16 00:00:00-04:00,33.95000076293945,34.09000015258789,32.97999954223633,33.220001220703125,5525000,0.0,0.0
2010-04-19 00:00:00-04:00,33.0,33.36000061035156,32.029998779296875,32.470001220703125,5197000,0.0,0.0
2010-04-20 00:00:00-04:00,32.810001373291016,33.22999954223633,32.70000076293945,33.150001525878906,2487400,0.0,0.0
2010-04-21 00:00:00-04:00,33.47999954223633,33.689998626708984,33.189998626708984,33.58000183105469,2539100,0.0,0.0
2010-04-22 00:00:00-04:00,33.20000076293945,34.45000076293945,33.0,34.349998474121094,3798800,0.0,0.0
2010-04-23 00:00:00-04:00,34.349998474121094,34.790000915527344,33.970001220703125,34.220001220703125,2783000,0.0,0.0
2010-04-26 00:00:00-04:00,34.290000915527344,34.86000061035156,34.130001068115234,34.66999816894531,2755400,0.0,0.0
2010-04-27 00:00:00-04:00,34.52000045776367,34.84000015258789,33.560001373291016,33.70000076293945,3993400,0.0,0.0
2010-04-28 00:00:00-04:00,33.54999923706055,33.65999984741211,32.88999938964844,33.18000030517578,4927200,0.0,0.0
2010-04-29 00:00:00-04:00,36.7400016784668,40.099998474121094,36.54999923706055,39.630001068115234,16666300,0.0,0.0
2010-04-30 00:00:00-04:00,39.630001068115234,39.790000915527344,38.61000061035156,38.83000183105469,5952300,0.0,0.0
2010-05-03 00:00:00-04:00,39.33000183105469,40.18000030517578,39.29999923706055,39.7599983215332,4139500,0.0,0.0
2010-05-04 00:00:00-04:00,39.0,39.150001525878906,37.900001525878906,38.38999938964844,3963800,0.0,0.0
2010-05-05 00:00:00-04:00,37.59000015258789,38.83000183105469,37.38999938964844,38.099998474121094,4379300,0.0,0.0
2010-05-06 00:00:00-04:00,38.02000045776367,38.54999923706055,33.95000076293945,37.38999938964844,6481800,0.0,0.0
2010-05-07 00:00:00-04:00,36.810001373291016,36.91999816894531,34.400001525878906,35.709999084472656,8249000,0.0,0.0
2010-05-10 00:00:00-04:00,37.75,39.209999084472656,35.560001373291016,38.380001068115234,5496500,0.0,0.0
2010-05-11 00:00:00-04:00,37.869998931884766,39.630001068115234,37.5,38.52000045776367,3757500,0.0,0.0
2010-05-12 00:00:00-04:00,38.54999923706055,39.599998474121094,38.54999923706055,39.41999816894531,3046400,0.0,0.0
2010-05-13 00:00:00-04:00,39.470001220703125,40.880001068115234,39.25,39.75,5094400,0.0,0.0
2010-05-14 00:00:00-04:00,39.25,39.369998931884766,38.099998474121094,38.900001525878906,2712200,0.0,0.0
2010-05-17 00:00:00-04:00,38.93000030517578,41.15999984741211,38.869998931884766,41.029998779296875,8024300,0.0,0.0
2010-05-18 00:00:00-04:00,41.84000015258789,42.689998626708984,40.38999938964844,40.47999954223633,6034700,0.0,0.0
2010-05-19 00:00:00-04:00,39.810001373291016,40.880001068115234,39.08000183105469,39.95000076293945,4034400,0.0,0.0
2010-05-20 00:00:00-04:00,38.77000045776367,38.79999923706055,37.13999938964844,37.630001068115234,5481800,0.0,0.0
2010-05-21 00:00:00-04:00,36.54999923706055,39.65999984741211,36.29999923706055,38.93000030517578,4614900,0.0,0.0
2010-05-24 00:00:00-04:00,39.09000015258789,39.7400016784668,38.77000045776367,39.029998779296875,3016800,0.0,0.0
2010-05-25 00:00:00-04:00,37.0,38.90999984741211,36.790000915527344,38.90999984741211,3970600,0.0,0.0
2010-05-26 00:00:00-04:00,39.599998474121094,40.38999938964844,38.66999816894531,38.849998474121094,3761100,0.0,0.0
2010-05-27 00:00:00-04:00,39.470001220703125,40.220001220703125,39.02000045776367,40.220001220703125,3823600,0.0,0.0
2010-05-28 00:00:00-04:00,40.31999969482422,40.5,39.029998779296875,39.720001220703125,3370700,0.0,0.0
2010-06-01 00:00:00-04:00,39.13999938964844,40.66999816894531,39.029998779296875,39.5,3074700,0.0,0.0
2010-06-02 00:00:00-04:00,39.45000076293945,41.290000915527344,39.18000030517578,41.27000045776367,4442500,0.0,0.0
2010-06-03 00:00:00-04:00,41.939998626708984,43.5,41.38999938964844,43.08000183105469,6321100,0.0,0.0
2010-06-04 00:00:00-04:00,42.099998474121094,43.38999938964844,41.54999923706055,41.900001525878906,6233900,0.0,0.0
2010-06-07 00:00:00-04:00,42.02000045776367,42.93000030517578,41.130001068115234,41.220001220703125,4408600,0.0,0.0
2010-06-08 00:00:00-04:00,41.189998626708984,42.20000076293945,39.790000915527344,40.52000045776367,5821200,0.0,0.0
2010-06-09 00:00:00-04:00,41.13999938964844,42.9900016784668,41.11000061035156,41.81999969482422,6129400,0.0,0.0
2010-06-10 00:00:00-04:00,42.97999954223633,43.900001525878906,41.869998931884766,42.83000183105469,5550500,0.0,0.0
2010-06-11 00:00:00-04:00,42.31999969482422,44.400001525878906,42.15999984741211,44.29999923706055,4236600,0.0,0.0
2010-06-14 00:00:00-04:00,44.47999954223633,44.5,43.2599983215332,43.68000030517578,5932900,0.0,0.0
2010-06-15 00:00:00-04:00,43.79999923706055,45.099998474121094,43.7400016784668,45.040000915527344,5015900,0.0,0.0
2010-06-16 00:00:00-04:00,44.7599983215332,45.849998474121094,44.560001373291016,45.130001068115234,4301700,0.0,0.0
2010-06-17 00:00:00-04:00,45.459999084472656,45.72999954223633,44.56999969482422,45.59000015258789,3779200,0.0,0.0
2010-06-18 00:00:00-04:00,45.540000915527344,46.189998626708984,45.27000045776367,45.720001220703125,3941600,0.0,0.0
2010-06-21 00:00:00-04:00,46.310001373291016,46.720001220703125,45.0099983215332,45.27000045776367,3533400,0.0,0.0
2010-06-22 00:00:00-04:00,45.849998474121094,46.25,44.279998779296875,44.349998474121094,4587300,0.0,0.0
2010-06-23 00:00:00-04:00,44.439998626708984,45.54999923706055,43.369998931884766,45.29999923706055,4739800,0.0,0.0
2010-06-24 00:00:00-04:00,45.0,45.7400016784668,43.95000076293945,44.27000045776367,5153300,0.0,0.0
2010-06-25 00:00:00-04:00,44.38999938964844,45.849998474121094,43.86000061035156,45.09000015258789,5854600,0.0,0.0
2010-06-28 00:00:00-04:00,45.58000183105469,45.68000030517578,44.599998474121094,44.93000030517578,3430600,0.0,0.0
2010-06-29 00:00:00-04:00,43.790000915527344,43.790000915527344,40.720001220703125,41.040000915527344,8389200,0.0,0.0
2010-06-30 00:00:00-04:00,41.27000045776367,42.18000030517578,40.439998626708984,40.56999969482422,4919100,0.0,0.0
2010-07-01 00:00:00-04:00,40.56999969482422,40.95000076293945,39.130001068115234,40.349998474121094,5773300,0.0,0.0
2010-07-02 00:00:00-04:00,40.470001220703125,40.61000061035156,39.45000076293945,39.56999969482422,2845100,0.0,0.0
2010-07-06 00:00:00-04:00,40.4900016784668,41.75,39.95000076293945,40.2599983215332,4771500,0.0,0.0
2010-07-07 00:00:00-04:00,40.47999954223633,42.81999969482422,40.34000015258789,42.72999954223633,4874700,0.0,0.0
2010-07-08 00:00:00-04:00,43.29999923706055,43.95000076293945,42.459999084472656,43.0,3364800,0.0,0.0
2010-07-09 00:00:00-04:00,42.93000030517578,43.84000015258789,42.58000183105469,43.470001220703125,2694700,0.0,0.0
2010-07-12 00:00:00-04:00,43.38999938964844,44.310001373291016,42.81999969482422,42.97999954223633,3534400,0.0,0.0
2010-07-13 00:00:00-04:00,43.650001525878906,44.040000915527344,42.689998626708984,43.58000183105469,3792000,0.0,0.0
2010-07-14 00:00:00-04:00,43.529998779296875,44.880001068115234,43.5,43.9900016784668,4188700,0.0,0.0
2010-07-15 00:00:00-04:00,43.900001525878906,44.38999938964844,43.59000015258789,44.22999954223633,4225600,0.0,0.0
2010-07-16 00:00:00-04:00,44.0,44.099998474121094,42.59000015258789,42.689998626708984,3891500,0.0,0.0
2010-07-19 00:00:00-04:00,42.7599983215332,42.970001220703125,42.0,42.630001068115234,3114500,0.0,0.0
2010-07-20 00:00:00-04:00,41.77000045776367,42.970001220703125,41.22999954223633,42.88999938964844,4298000,0.0,0.0
2010-07-21 00:00:00-04:00,43.369998931884766,43.86000061035156,42.599998474121094,43.08000183105469,3676400,0.0,0.0
2010-07-22 00:00:00-04:00,43.54999923706055,44.5,43.5,44.279998779296875,3044500,0.0,0.0
2010-07-23 00:00:00-04:00,43.9900016784668,45.130001068115234,43.779998779296875,45.04999923706055,3250800,0.0,0.0
2010-07-26 00:00:00-04:00,45.209999084472656,45.9900016784668,45.0,45.369998931884766,3119000,0.0,0.0
2010-07-27 00:00:00-04:00,45.810001373291016,45.88999938964844,44.119998931884766,44.33000183105469,3148400,0.0,0.0
2010-07-28 00:00:00-04:00,44.349998474121094,44.97999954223633,43.54999923706055,44.029998779296875,4453600,0.0,0.0
2010-07-29 00:00:00-04:00,40.86000061035156,40.900001525878906,38.27000045776367,38.349998474121094,23451700,0.0,0.0
2010-07-30 00:00:00-04:00,37.599998474121094,38.59000015258789,37.209999084472656,38.36000061035156,6983200,0.0,0.0
2010-08-02 00:00:00-04:00,38.880001068115234,38.95000076293945,36.689998626708984,37.20000076293945,8683600,0.0,0.0
2010-08-03 00:00:00-04:00,37.83000183105469,38.75,37.560001373291016,38.5099983215332,7241400,0.0,0.0
2010-08-04 00:00:00-04:00,38.75,39.2400016784668,38.25,39.029998779296875,4482400,0.0,0.0
2010-08-05 00:00:00-04:00,38.79999923706055,39.119998931884766,38.25,38.9900016784668,2964500,0.0,0.0
2010-08-06 00:00:00-04:00,38.5,39.970001220703125,38.439998626708984,39.900001525878906,4488100,0.0,0.0
2010-08-09 00:00:00-04:00,40.0,41.31999969482422,39.93000030517578,41.150001525878906,4967700,0.0,0.0
2010-08-10 00:00:00-04:00,41.43000030517578,43.29999923706055,41.29999923706055,43.150001525878906,9263600,0.0,0.0
2010-08-11 00:00:00-04:00,42.33000183105469,42.58000183105469,41.5099983215332,42.38999938964844,5808700,0.0,0.0
2010-08-12 00:00:00-04:00,41.040000915527344,44.0099983215332,40.630001068115234,43.93000030517578,9019700,0.0,0.0
2010-08-13 00:00:00-04:00,43.65999984741211,44.720001220703125,43.33000183105469,44.220001220703125,6045800,0.0,0.0
2010-08-16 00:00:00-04:00,43.630001068115234,44.380001068115234,43.189998626708984,43.88999938964844,3736000,0.0,0.0
2010-08-17 00:00:00-04:00,44.25,44.5,43.40999984741211,44.38999938964844,4337000,0.0,0.0
2010-08-18 00:00:00-04:00,44.4900016784668,44.599998474121094,43.70000076293945,44.04999923706055,5462700,0.0,0.0
2010-08-19 00:00:00-04:00,43.79999923706055,45.38999938964844,43.75,45.0099983215332,6396400,0.0,0.0
2010-08-20 00:00:00-04:00,45.0,48.18000030517578,44.939998626708984,47.86000061035156,12101400,0.0,0.0
2010-08-23 00:00:00-04:00,48.189998626708984,48.630001068115234,46.58000183105469,46.72999954223633,6036600,0.0,0.0
2010-08-24 00:00:00-04:00,45.65999984741211,46.130001068115234,44.369998931884766,45.61000061035156,6046100,0.0,0.0
2010-08-25 00:00:00-04:00,45.029998779296875,47.06999969482422,45.029998779296875,46.81999969482422,5113400,0.0,0.0
2010-08-26 00:00:00-04:00,47.45000076293945,47.880001068115234,46.380001068115234,46.41999816894531,4053200,0.0,0.0
2010-08-27 00:00:00-04:00,47.04999923706055,47.380001068115234,45.72999954223633,47.2599983215332,4404200,0.0,0.0
2010-08-30 00:00:00-04:00,47.08000183105469,47.20000076293945,46.16999816894531,46.189998626708984,3042400,0.0,0.0
2010-08-31 00:00:00-04:00,45.75,46.630001068115234,45.029998779296875,46.06999969482422,3527000,0.0,0.0
2010-09-01 00:00:00-04:00,47.06999969482422,48.43000030517578,47.0099983215332,47.650001525878906,4056400,0.0,0.0
2010-09-02 00:00:00-04:00,47.97999954223633,50.52000045776367,47.810001373291016,50.09000015258789,6607200,0.0,0.0
2010-09-03 00:00:00-04:00,50.689998626708984,51.0,49.599998474121094,49.959999084472656,3523400,0.0,0.0
2010-09-07 00:00:00-04:00,49.79999923706055,51.060001373291016,49.5,50.5,3747200,0.0,0.0
2010-09-08 00:00:00-04:00,50.849998474121094,51.40999984741211,50.119998931884766,50.5099983215332,4084000,0.0,0.0
2010-09-09 00:00:00-04:00,51.0,51.290000915527344,50.0,50.119998931884766,2688500,0.0,0.0
2010-09-10 00:00:00-04:00,49.97999954223633,50.18000030517578,49.11000061035156,49.5,3803400,0.0,0.0
2010-09-13 00:00:00-04:00,50.2400016784668,51.25,50.119998931884766,50.84000015258789,2754000,0.0,0.0
2010-09-14 00:00:00-04:00,50.560001373291016,51.75,50.560001373291016,50.70000076293945,2682800,0.0,0.0
2010-09-15 00:00:00-04:00,50.4900016784668,51.720001220703125,50.2599983215332,51.540000915527344,2403500,0.0,0.0
2010-09-16 00:00:00-04:00,51.560001373291016,52.68000030517578,51.40999984741211,52.2599983215332,4383000,0.0,0.0
2010-09-17 00:00:00-04:00,52.720001220703125,52.79999923706055,51.599998474121094,52.380001068115234,3157100,0.0,0.0
2010-09-20 00:00:00-04:00,52.209999084472656,53.060001373291016,52.189998626708984,52.70000076293945,2642200,0.0,0.0
2010-09-21 00:00:00-04:00,53.029998779296875,53.04999923706055,52.099998474121094,52.40999984741211,2551000,0.0,0.0
2010-09-22 00:00:00-04:00,52.2400016784668,52.349998474121094,49.810001373291016,50.0,4867600,0.0,0.0
2010-09-23 00:00:00-04:00,50.86000061035156,51.90999984741211,50.29999923706055,50.59000015258789,6636600,0.0,0.0
2010-09-24 00:00:00-04:00,51.459999084472656,51.689998626708984,50.720001220703125,50.880001068115234,4434700,0.0,0.0
2010-09-27 00:00:00-04:00,50.86000061035156,51.689998626708984,50.54999923706055,51.150001525878906,2517700,0.0,0.0
2010-09-28 00:00:00-04:00,51.400001525878906,52.20000076293945,50.56999969482422,50.97999954223633,4066400,0.0,0.0
2010-09-29 00:00:00-04:00,50.939998626708984,51.13999938964844,50.220001220703125,50.56999969482422,2187500,0.0,0.0
2010-09-30 00:00:00-04:00,51.15999984741211,51.20000076293945,49.33000183105469,50.18000030517578,3428600,0.0,0.0
2010-10-01 00:00:00-04:00,50.52000045776367,50.56999969482422,48.81999969482422,49.33000183105469,3738200,0.0,0.0
2010-10-04 00:00:00-04:00,49.15999984741211,49.15999984741211,46.5099983215332,47.38999938964844,8152300,0.0,0.0
2010-10-05 00:00:00-04:00,47.779998779296875,48.40999984741211,47.27000045776367,47.90999984741211,4898700,0.0,0.0
2010-10-06 00:00:00-04:00,47.29999923706055,47.29999923706055,43.61000061035156,44.25,11351900,0.0,0.0
2010-10-07 00:00:00-04:00,44.65999984741211,45.400001525878906,42.90999984741211,45.040000915527344,8598100,0.0,0.0
2010-10-08 00:00:00-04:00,45.2599983215332,46.31999969482422,44.88999938964844,45.93000030517578,5626500,0.0,0.0
2010-10-11 00:00:00-04:00,46.20000076293945,46.25,44.08000183105469,44.18000030517578,4559200,0.0,0.0
2010-10-12 00:00:00-04:00,43.9900016784668,46.099998474121094,43.650001525878906,45.86000061035156,6231600,0.0,0.0
2010-10-13 00:00:00-04:00,46.58000183105469,47.08000183105469,45.83000183105469,45.93000030517578,5457400,0.0,0.0
2010-10-14 00:00:00-04:00,45.7599983215332,47.099998474121094,45.310001373291016,46.060001373291016,5428200,0.0,0.0
2010-10-15 00:00:00-04:00,46.790000915527344,47.650001525878906,46.5,47.09000015258789,5187200,0.0,0.0
2010-10-18 00:00:00-04:00,47.09000015258789,47.20000076293945,45.529998779296875,45.939998626708984,3974500,0.0,0.0
2010-10-19 00:00:00-04:00,45.0,45.75,44.209999084472656,45.540000915527344,3682300,0.0,0.0
2010-10-20 00:00:00-04:00,45.599998474121094,46.099998474121094,45.189998626708984,45.65999984741211,2075300,0.0,0.0
2010-10-21 00:00:00-04:00,46.16999816894531,47.45000076293945,46.04999923706055,46.61000061035156,4317400,0.0,0.0
2010-10-22 00:00:00-04:00,47.099998474121094,47.79999923706055,46.099998474121094,47.61000061035156,3534000,0.0,0.0
2010-10-25 00:00:00-04:00,47.83000183105469,49.369998931884766,47.810001373291016,48.68000030517578,4543900,0.0,0.0
2010-10-26 00:00:00-04:00,48.040000915527344,48.68000030517578,47.5,48.650001525878906,4758400,0.0,0.0
2010-10-27 00:00:00-04:00,49.75,50.9900016784668,49.2599983215332,50.38999938964844,10147800,0.0,0.0
2010-10-28 00:00:00-04:00,52.7599983215332,53.63999938964844,50.970001220703125,51.11000061035156,11322000,0.0,0.0
2010-10-29 00:00:00-04:00,50.849998474121094,52.25,50.599998474121094,51.66999816894531,3490800,0.0,0.0
2010-11-01 00:00:00-04:00,51.689998626708984,52.2400016784668,50.25,50.79999923706055,4552000,0.0,0.0
2010-11-02 00:00:00-04:00,51.33000183105469,52.45000076293945,51.04999923706055,51.790000915527344,3665800,0.0,0.0
2010-11-03 00:00:00-04:00,52.02000045776367,52.5099983215332,51.47999954223633,52.5099983215332,2602600,0.0,0.0
2010-11-04 00:00:00-04:00,53.150001525878906,54.099998474121094,53.06999969482422,53.630001068115234,4187600,0.0,0.0
2010-11-05 00:00:00-04:00,53.93000030517578,54.0,52.70000076293945,53.279998779296875,2619000,0.0,0.0
2010-11-08 00:00:00-05:00,53.150001525878906,54.38999938964844,53.040000915527344,54.13999938964844,2725400,0.0,0.0
2010-11-09 00:00:00-05:00,51.939998626708984,52.630001068115234,50.81999969482422,51.560001373291016,15997200,0.0,0.0
2010-11-10 00:00:00-05:00,51.369998931884766,52.130001068115234,51.0,51.849998474121094,3571000,0.0,0.0
2010-11-11 00:00:00-05:00,49.7599983215332,51.459999084472656,48.880001068115234,50.439998626708984,6736200,0.0,0.0
2010-11-12 00:00:00-05:00,49.97999954223633,50.7400016784668,49.31999969482422,49.77000045776367,2837900,0.0,0.0
2010-11-15 00:00:00-05:00,48.47999954223633,48.47999954223633,46.099998474121094,47.209999084472656,9326900,0.0,0.0
2010-11-16 00:00:00-05:00,46.939998626708984,48.189998626708984,46.38999938964844,46.630001068115234,4874000,0.0,0.0
2010-11-17 00:00:00-05:00,47.04999923706055,48.689998626708984,47.0099983215332,47.68000030517578,4602000,0.0,0.0
2010-11-18 00:00:00-05:00,48.540000915527344,49.15999984741211,48.349998474121094,48.7599983215332,3503400,0.0,0.0
2010-11-19 00:00:00-05:00,48.86000061035156,49.619998931884766,48.630001068115234,49.529998779296875,3369700,0.0,0.0
2010-11-22 00:00:00-05:00,49.25,50.029998779296875,48.93000030517578,49.95000076293945,2592300,0.0,0.0
2010-11-23 00:00:00-05:00,49.5099983215332,49.689998626708984,48.36000061035156,48.880001068115234,2413000,0.0,0.0
2010-11-24 00:00:00-05:00,49.36000061035156,51.13999938964844,49.34000015258789,51.060001373291016,3040500,0.0,0.0
2010-11-26 00:00:00-05:00,50.529998779296875,51.880001068115234,50.310001373291016,51.529998779296875,1806000,0.0,0.0
2010-11-29 00:00:00-05:00,52.75,53.29999923706055,51.380001068115234,51.849998474121094,4357500,0.0,0.0
2010-11-30 00:00:00-05:00,50.939998626708984,52.36000061035156,50.59000015258789,52.189998626708984,5057200,0.0,0.0
2010-12-01 00:00:00-05:00,53.060001373291016,53.66999816894531,53.060001373291016,53.36000061035156,3984100,0.0,0.0
2010-12-02 00:00:00-05:00,53.34000015258789,53.75,52.349998474121094,52.45000076293945,4186600,0.0,0.0
2010-12-03 00:00:00-05:00,52.11000061035156,53.13999938964844,52.08000183105469,52.959999084472656,2793400,0.0,0.0
2010-12-06 00:00:00-05:00,53.29999923706055,53.4900016784668,52.40999984741211,52.90999984741211,2370300,0.0,0.0
2010-12-07 00:00:00-05:00,53.95000076293945,54.29999923706055,53.11000061035156,54.119998931884766,5469900,0.0,0.0
2010-12-08 00:00:00-05:00,54.279998779296875,54.650001525878906,53.400001525878906,54.099998474121094,2578300,0.0,0.0
2010-12-09 00:00:00-05:00,53.400001525878906,53.75,51.43000030517578,52.5,5904800,0.0,0.0
2010-12-10 00:00:00-05:00,52.529998779296875,52.58000183105469,50.619998931884766,51.33000183105469,5625400,0.0,0.0
2010-12-13 00:00:00-05:00,51.84000015258789,52.04999923706055,50.5099983215332,50.68000030517578,3617800,0.0,0.0
2010-12-14 00:00:00-05:00,50.869998931884766,50.880001068115234,49.25,49.4900016784668,3682900,0.0,0.0
2010-12-15 00:00:00-05:00,49.2599983215332,50.25,48.689998626708984,49.13999938964844,3480200,0.0,0.0
2010-12-16 00:00:00-05:00,49.11000061035156,50.27000045776367,48.689998626708984,50.0,4307300,0.0,0.0
2010-12-17 00:00:00-05:00,50.11000061035156,50.869998931884766,49.650001525878906,50.869998931884766,6730200,0.0,0.0
2010-12-20 00:00:00-05:00,50.4900016784668,50.689998626708984,48.15999984741211,49.16999816894531,5623000,0.0,0.0
2010-12-21 00:00:00-05:00,49.689998626708984,50.38999938964844,49.25,50.38999938964844,2803200,0.0,0.0
2010-12-22 00:00:00-05:00,50.20000076293945,50.27000045776367,48.720001220703125,48.790000915527344,3235000,0.0,0.0
2010-12-23 00:00:00-05:00,48.79999923706055,48.79999923706055,47.7599983215332,48.099998474121094,3557800,0.0,0.0
2010-12-27 00:00:00-05:00,47.83000183105469,48.52000045776367,47.279998779296875,48.189998626708984,2025000,0.0,0.0
2010-12-28 00:00:00-05:00,48.20000076293945,48.470001220703125,47.619998931884766,47.7599983215332,1258900,0.0,0.0
2010-12-29 00:00:00-05:00,47.84000015258789,48.25,47.709999084472656,47.91999816894531,1099500,0.0,0.0
2010-12-30 00:00:00-05:00,47.86000061035156,48.20000076293945,47.650001525878906,47.68000030517578,1767000,0.0,0.0
2010-12-31 00:00:00-05:00,47.560001373291016,47.68000030517578,46.91999816894531,47.04999923706055,2238900,0.0,0.0
2011-01-03 00:00:00-05:00,47.61000061035156,49.150001525878906,47.58000183105469,48.2599983215332,3595600,0.0,0.0
2011-01-04 00:00:00-05:00,48.45000076293945,48.72999954223633,46.79999923706055,47.13999938964844,4083800,0.0,0.0
2011-01-05 00:00:00-05:00,47.06999969482422,49.34000015258789,46.689998626708984,48.849998474121094,6109200,0.0,0.0
2011-01-06 00:00:00-05:00,48.959999084472656,49.33000183105469,48.29999923706055,48.45000076293945,2396600,0.0,0.0
2011-01-07 00:00:00-05:00,48.560001373291016,48.91999816894531,47.810001373291016,48.689998626708984,2754100,0.0,0.0
2011-01-10 00:00:00-05:00,48.40999984741211,49.099998474121094,47.38999938964844,48.790000915527344,3174300,0.0,0.0
2011-01-11 00:00:00-05:00,49.459999084472656,49.59000015258789,48.33000183105469,48.75,2938600,0.0,0.0
2011-01-12 00:00:00-05:00,49.290000915527344,49.40999984741211,48.5,49.2599983215332,3466300,0.0,0.0
2011-01-13 00:00:00-05:00,49.25,51.08000183105469,49.20000076293945,50.380001068115234,5018500,0.0,0.0
2011-01-14 00:00:00-05:00,50.34000015258789,52.04999923706055,50.29999923706055,51.75,5311800,0.0,0.0
2011-01-18 00:00:00-05:00,51.560001373291016,52.720001220703125,51.310001373291016,52.2400016784668,4114000,0.0,0.0
2011-01-19 00:00:00-05:00,51.970001220703125,52.630001068115234,51.09000015258789,51.5099983215332,3022900,0.0,0.0
2011-01-20 00:00:00-05:00,49.90999984741211,50.439998626708984,48.880001068115234,50.34000015258789,5464600,0.0,0.0
2011-01-21 00:00:00-05:00,50.65999984741211,51.08000183105469,48.790000915527344,48.93000030517578,3797000,0.0,0.0
2011-01-24 00:00:00-05:00,48.83000183105469,49.560001373291016,47.720001220703125,49.43000030517578,3827200,0.0,0.0
2011-01-25 00:00:00-05:00,49.060001373291016,49.060001373291016,47.25,47.81999969482422,3775400,0.0,0.0
2011-01-26 00:00:00-05:00,47.869998931884766,48.369998931884766,47.560001373291016,48.02000045776367,2702700,0.0,0.0
2011-01-27 00:00:00-05:00,48.150001525878906,49.08000183105469,47.880001068115234,47.9900016784668,2677200,0.0,0.0
2011-01-28 00:00:00-05:00,48.45000076293945,49.4900016784668,47.31999969482422,47.75,4488400,0.0,0.0
2011-01-31 00:00:00-05:00,47.900001525878906,48.58000183105469,47.02000045776367,48.31999969482422,4495200,0.0,0.0
2011-02-01 00:00:00-05:00,48.63999938964844,49.599998474121094,48.560001373291016,49.06999969482422,3375700,0.0,0.0
2011-02-02 00:00:00-05:00,48.970001220703125,49.119998931884766,47.79999923706055,48.060001373291016,3153100,0.0,0.0
2011-02-03 00:00:00-05:00,47.88999938964844,48.7400016784668,47.75,48.11000061035156,2100200,0.0,0.0
2011-02-04 00:00:00-05:00,48.119998931884766,48.63999938964844,47.65999984741211,47.880001068115234,4122500,0.0,0.0
2011-02-07 00:00:00-05:00,48.25,48.38999938964844,47.15999984741211,47.38999938964844,5094400,0.0,0.0
2011-02-08 00:00:00-05:00,47.43000030517578,48.380001068115234,47.43000030517578,48.099998474121094,3398900,0.0,0.0
2011-02-09 00:00:00-05:00,48.0,49.380001068115234,47.83000183105469,47.9900016784668,8526900,0.0,0.0
2011-02-10 00:00:00-05:00,41.689998626708984,42.08000183105469,39.900001525878906,40.75,42330100,0.0,0.0
2011-02-11 00:00:00-05:00,41.61000061035156,41.84000015258789,40.97999954223633,41.43000030517578,13459600,0.0,0.0
2011-02-14 00:00:00-05:00,41.779998779296875,42.25,41.45000076293945,42.099998474121094,9759500,0.0,0.0
2011-02-15 00:00:00-05:00,42.290000915527344,43.11000061035156,42.0,42.95000076293945,8806300,0.0,0.0
2011-02-16 00:00:00-05:00,43.25,43.58000183105469,42.619998931884766,42.790000915527344,6936100,0.0,0.0
2011-02-17 00:00:00-05:00,42.5,43.099998474121094,42.36000061035156,42.66999816894531,4110900,0.0,0.0
2011-02-18 00:00:00-05:00,42.709999084472656,42.790000915527344,41.4900016784668,41.56999969482422,7037700,0.0,0.0
2011-02-22 00:00:00-05:00,40.900001525878906,41.40999984741211,40.06999969482422,40.220001220703125,6674500,0.0,0.0
2011-02-23 00:00:00-05:00,40.099998474121094,40.66999816894531,39.119998931884766,39.9900016784668,7340600,0.0,0.0
2011-02-24 00:00:00-05:00,39.869998931884766,40.560001373291016,39.16999816894531,39.65999984741211,6605900,0.0,0.0
2011-02-25 00:00:00-05:00,40.209999084472656,40.70000076293945,39.400001525878906,39.47999954223633,6491500,0.0,0.0
2011-02-28 00:00:00-05:00,39.790000915527344,40.099998474121094,37.16999816894531,37.529998779296875,15007800,0.0,0.0
2011-03-01 00:00:00-05:00,38.0,38.279998779296875,36.86000061035156,37.36000061035156,12449900,0.0,0.0
2011-03-02 00:00:00-05:00,37.349998474121094,38.349998474121094,37.18000030517578,38.11000061035156,6887500,0.0,0.0
2011-03-03 00:00:00-05:00,38.540000915527344,39.060001373291016,37.709999084472656,37.779998779296875,7045000,0.0,0.0
2011-03-04 00:00:00-05:00,37.849998474121094,38.0,37.15999984741211,37.369998931884766,5065700,0.0,0.0
2011-03-07 00:00:00-05:00,37.689998626708984,37.7400016784668,36.060001373291016,36.540000915527344,6869500,0.0,0.0
2011-03-08 00:00:00-05:00,36.540000915527344,37.119998931884766,36.279998779296875,36.5099983215332,5148800,0.0,0.0
2011-03-09 00:00:00-05:00,36.38999938964844,36.959999084472656,36.099998474121094,36.56999969482422,3943000,0.0,0.0
2011-03-10 00:00:00-05:00,36.119998931884766,36.75,35.52000045776367,36.40999984741211,4694400,0.0,0.0
2011-03-11 00:00:00-05:00,36.029998779296875,36.400001525878906,35.75,36.20000076293945,4301600,0.0,0.0
2011-03-14 00:00:00-04:00,36.02000045776367,36.599998474121094,35.88999938964844,36.060001373291016,3208600,0.0,0.0
2011-03-15 00:00:00-04:00,34.88999938964844,36.11000061035156,34.599998474121094,35.7400016784668,6220400,0.0,0.0
2011-03-16 00:00:00-04:00,35.66999816894531,36.2400016784668,34.849998474121094,34.959999084472656,5128000,0.0,0.0
2011-03-17 00:00:00-04:00,36.130001068115234,36.97999954223633,35.86000061035156,36.470001220703125,7971900,0.0,0.0
2011-03-18 00:00:00-04:00,36.939998626708984,37.08000183105469,35.56999969482422,36.189998626708984,7993400,0.0,0.0
2011-03-21 00:00:00-04:00,36.59000015258789,36.7599983215332,36.20000076293945,36.380001068115234,3777600,0.0,0.0
2011-03-22 00:00:00-04:00,36.959999084472656,37.15999984741211,36.5,36.560001373291016,4960000,0.0,0.0
2011-03-23 00:00:00-04:00,36.83000183105469,37.0,36.290000915527344,36.66999816894531,3589500,0.0,0.0
2011-03-24 00:00:00-04:00,37.04999923706055,37.880001068115234,36.900001525878906,37.7599983215332,4838000,0.0,0.0
2011-03-25 00:00:00-04:00,38.65999984741211,39.29999923706055,38.25,38.45000076293945,6459000,0.0,0.0
2011-03-28 00:00:00-04:00,38.599998474121094,38.650001525878906,37.5099983215332,37.5099983215332,3336900,0.0,0.0
2011-03-29 00:00:00-04:00,37.619998931884766,38.16999816894531,37.25,37.95000076293945,3184500,0.0,0.0
2011-03-30 00:00:00-04:00,38.36000061035156,38.439998626708984,37.84000015258789,38.099998474121094,2328700,0.0,0.0
2011-03-31 00:00:00-04:00,38.040000915527344,38.27000045776367,37.5,38.0,2347600,0.0,0.0
2011-04-01 00:00:00-04:00,38.150001525878906,38.45000076293945,37.38999938964844,37.599998474121094,3490300,0.0,0.0
2011-04-04 00:00:00-04:00,37.720001220703125,38.09000015258789,37.459999084472656,37.70000076293945,2266900,0.0,0.0
2011-04-05 00:00:00-04:00,37.540000915527344,37.599998474121094,36.95000076293945,37.06999969482422,3859600,0.0,0.0
2011-04-06 00:00:00-04:00,37.369998931884766,37.66999816894531,36.70000076293945,37.2400016784668,2828900,0.0,0.0
2011-04-07 00:00:00-04:00,37.150001525878906,37.529998779296875,36.90999984741211,37.369998931884766,2609600,0.0,0.0
2011-04-08 00:00:00-04:00,37.75,37.93000030517578,37.150001525878906,37.349998474121094,3011400,0.0,0.0
2011-04-11 00:00:00-04:00,37.2400016784668,37.54999923706055,36.16999816894531,36.459999084472656,3860700,0.0,0.0
2011-04-12 00:00:00-04:00,36.68000030517578,37.06999969482422,36.45000076293945,36.97999954223633,3787000,0.0,0.0
2011-04-13 00:00:00-04:00,37.290000915527344,37.72999954223633,37.25,37.540000915527344,4416800,0.0,0.0
2011-04-14 00:00:00-04:00,37.439998626708984,37.470001220703125,36.83000183105469,37.380001068115234,4156800,0.0,0.0
2011-04-15 00:00:00-04:00,37.439998626708984,38.119998931884766,36.86000061035156,38.09000015258789,5573400,0.0,0.0
2011-04-18 00:00:00-04:00,37.650001525878906,39.970001220703125,37.5,39.72999954223633,10650100,0.0,0.0
2011-04-19 00:00:00-04:00,39.75,40.68000030517578,38.900001525878906,39.619998931884766,6871400,0.0,0.0
2011-04-20 00:00:00-04:00,40.2599983215332,40.34000015258789,39.63999938964844,39.939998626708984,4976600,0.0,0.0
2011-04-21 00:00:00-04:00,40.220001220703125,40.560001373291016,39.61000061035156,39.97999954223633,6338900,0.0,0.0
2011-04-25 00:00:00-04:00,40.400001525878906,40.79999923706055,40.04999923706055,40.68000030517578,5438700,0.0,0.0
2011-04-26 00:00:00-04:00,40.779998779296875,41.25,40.209999084472656,40.36000061035156,5300000,0.0,0.0
2011-04-27 00:00:00-04:00,40.709999084472656,41.189998626708984,40.220001220703125,40.97999954223633,8049500,0.0,0.0
2011-04-28 00:00:00-04:00,35.20000076293945,35.5099983215332,34.459999084472656,34.939998626708984,28800000,0.0,0.0
2011-04-29 00:00:00-04:00,34.900001525878906,34.959999084472656,34.18000030517578,34.43000030517578,9757600,0.0,0.0
2011-05-02 00:00:00-04:00,34.40999984741211,34.75,34.060001373291016,34.22999954223633,6246200,0.0,0.0
2011-05-03 00:00:00-04:00,34.119998931884766,34.310001373291016,33.41999816894531,33.459999084472656,7100000,0.0,0.0
2011-05-04 00:00:00-04:00,33.380001068115234,34.349998474121094,32.63999938964844,34.349998474121094,11223800,0.0,0.0
2011-05-05 00:00:00-04:00,33.95000076293945,35.83000183105469,33.900001525878906,35.16999816894531,12100000,0.0,0.0
2011-05-06 00:00:00-04:00,35.5099983215332,35.619998931884766,34.439998626708984,34.619998931884766,5784100,0.0,0.0
2011-05-09 00:00:00-04:00,34.720001220703125,34.7599983215332,34.13999938964844,34.59000015258789,3311300,0.0,0.0
2011-05-10 00:00:00-04:00,34.75,35.040000915527344,34.33000183105469,34.90999984741211,3675200,0.0,0.0
2011-05-11 00:00:00-04:00,34.709999084472656,34.81999969482422,33.91999816894531,34.13999938964844,4700000,0.0,0.0
2011-05-12 00:00:00-04:00,34.0,35.04999923706055,33.790000915527344,34.150001525878906,7800000,0.0,0.0
2011-05-13 00:00:00-04:00,34.209999084472656,34.56999969482422,33.95000076293945,33.95000076293945,3303200,0.0,0.0
2011-05-16 00:00:00-04:00,33.86000061035156,33.91999816894531,32.869998931884766,32.95000076293945,4514800,0.0,0.0
2011-05-17 00:00:00-04:00,32.65999984741211,32.66999816894531,31.579999923706055,32.400001525878906,8358200,0.0,0.0
2011-05-18 00:00:00-04:00,32.349998474121094,32.650001525878906,32.20000076293945,32.47999954223633,3547100,0.0,0.0
2011-05-19 00:00:00-04:00,32.619998931884766,32.79999923706055,32.29999923706055,32.650001525878906,2957400,0.0,0.0
2011-05-20 00:00:00-04:00,33.25,35.31999969482422,33.2400016784668,34.20000076293945,12940900,0.0,0.0
2011-05-23 00:00:00-04:00,33.66999816894531,33.72999954223633,33.2599983215332,33.29999923706055,5799000,0.0,0.0
2011-05-24 00:00:00-04:00,33.54999923706055,33.869998931884766,32.88999938964844,32.939998626708984,4929400,0.0,0.0
2011-05-25 00:00:00-04:00,32.790000915527344,33.20000076293945,32.5,32.880001068115234,4062200,0.0,0.0
2011-05-26 00:00:00-04:00,33.0099983215332,33.34000015258789,32.86000061035156,33.18000030517578,4258900,0.0,0.0
2011-05-27 00:00:00-04:00,33.349998474121094,33.65999984741211,33.16999816894531,33.65999984741211,4498200,0.0,0.0
2011-05-31 00:00:00-04:00,33.90999984741211,34.2599983215332,33.689998626708984,33.939998626708984,5185300,0.0,0.0
2011-06-01 00:00:00-04:00,33.900001525878906,34.40999984741211,33.189998626708984,33.189998626708984,5228500,0.0,0.0
2011-06-02 00:00:00-04:00,33.209999084472656,33.88999938964844,33.13999938964844,33.619998931884766,5151500,0.0,0.0
2011-06-03 00:00:00-04:00,33.08000183105469,33.61000061035156,32.720001220703125,32.83000183105469,3857200,0.0,0.0
2011-06-06 00:00:00-04:00,32.720001220703125,32.95000076293945,31.649999618530273,31.84000015258789,5456500,0.0,0.0
2011-06-07 00:00:00-04:00,31.969999313354492,32.20000076293945,31.299999237060547,31.3700008392334,5645200,0.0,0.0
2011-06-08 00:00:00-04:00,31.18000030517578,31.219999313354492,29.84000015258789,30.260000228881836,8710300,0.0,0.0
2011-06-09 00:00:00-04:00,30.25,30.479999542236328,29.899999618530273,30.040000915527344,5900800,0.0,0.0
2011-06-10 00:00:00-04:00,29.989999771118164,30.020000457763672,29.25,29.450000762939453,6321300,0.0,0.0
2011-06-13 00:00:00-04:00,29.670000076293945,29.739999771118164,29.059999465942383,29.389999389648438,3827300,0.0,0.0
2011-06-14 00:00:00-04:00,29.639999389648438,30.0,29.43000030517578,29.540000915527344,4864100,0.0,0.0
2011-06-15 00:00:00-04:00,29.15999984741211,29.3700008392334,28.690000534057617,28.989999771118164,5687600,0.0,0.0
2011-06-16 00:00:00-04:00,29.0,29.690000534057617,28.920000076293945,29.469999313354492,5737100,0.0,0.0
2011-06-17 00:00:00-04:00,29.809999465942383,29.84000015258789,29.1200008392334,29.489999771118164,5462000,0.0,0.0
2011-06-20 00:00:00-04:00,29.239999771118164,29.549999237060547,29.1200008392334,29.239999771118164,3826600,0.0,0.0
2011-06-21 00:00:00-04:00,29.31999969482422,30.1200008392334,29.200000762939453,30.059999465942383,4120200,0.0,0.0
2011-06-22 00:00:00-04:00,29.989999771118164,30.209999084472656,29.649999618530273,29.860000610351562,2997700,0.0,0.0
2011-06-23 00:00:00-04:00,29.420000076293945,29.860000610351562,28.979999542236328,29.84000015258789,5091400,0.0,0.0
2011-06-24 00:00:00-04:00,29.790000915527344,29.8799991607666,29.059999465942383,29.25,3052500,0.0,0.0
2011-06-27 00:00:00-04:00,29.239999771118164,29.739999771118164,29.040000915527344,29.5,2152300,0.0,0.0
2011-06-28 00:00:00-04:00,29.559999465942383,30.110000610351562,29.530000686645508,30.110000610351562,3271400,0.0,0.0
2011-06-29 00:00:00-04:00,30.219999313354492,30.8799991607666,30.200000762939453,30.799999237060547,4805600,0.0,0.0
2011-06-30 00:00:00-04:00,30.940000534057617,31.520000457763672,30.8700008392334,31.469999313354492,5188700,0.0,0.0
2011-07-01 00:00:00-04:00,31.3700008392334,31.649999618530273,30.979999542236328,31.489999771118164,5017900,0.0,0.0
2011-07-05 00:00:00-04:00,31.350000381469727,31.489999771118164,30.950000762939453,31.18000030517578,2764100,0.0,0.0
2011-07-06 00:00:00-04:00,31.06999969482422,31.84000015258789,31.049999237060547,31.43000030517578,3465900,0.0,0.0
2011-07-07 00:00:00-04:00,31.809999465942383,31.920000076293945,31.489999771118164,31.540000915527344,3311200,0.0,0.0
2011-07-08 00:00:00-04:00,31.360000610351562,31.90999984741211,31.190000534057617,31.65999984741211,3727700,0.0,0.0
2011-07-11 00:00:00-04:00,31.25,31.489999771118164,30.59000015258789,30.809999465942383,3516500,0.0,0.0
2011-07-12 00:00:00-04:00,30.84000015258789,31.190000534057617,30.520000457763672,30.940000534057617,3550400,0.0,0.0
2011-07-13 00:00:00-04:00,31.229999542236328,31.540000915527344,30.899999618530273,30.950000762939453,2971700,0.0,0.0
2011-07-14 00:00:00-04:00,30.860000610351562,30.93000030517578,29.520000457763672,29.6200008392334,6301800,0.0,0.0
2011-07-15 00:00:00-04:00,29.920000076293945,30.09000015258789,29.459999084472656,29.850000381469727,3526100,0.0,0.0
2011-07-18 00:00:00-04:00,29.719999313354492,29.719999313354492,28.920000076293945,29.059999465942383,4056200,0.0,0.0
2011-07-19 00:00:00-04:00,29.3700008392334,29.56999969482422,29.1200008392334,29.239999771118164,2873900,0.0,0.0
2011-07-20 00:00:00-04:00,29.25,29.459999084472656,28.959999084472656,29.360000610351562,2971400,0.0,0.0
2011-07-21 00:00:00-04:00,29.31999969482422,29.59000015258789,28.969999313354492,29.40999984741211,2697700,0.0,0.0
2011-07-22 00:00:00-04:00,29.3700008392334,30.56999969482422,29.309999465942383,30.3700008392334,4519500,0.0,0.0
2011-07-25 00:00:00-04:00,30.040000915527344,30.469999313354492,29.899999618530273,30.40999984741211,3393200,0.0,0.0
2011-07-26 00:00:00-04:00,30.520000457763672,31.06999969482422,30.40999984741211,30.690000534057617,3849200,0.0,0.0
2011-07-27 00:00:00-04:00,30.329999923706055,30.510000228881836,29.290000915527344,29.479999542236328,9353500,0.0,0.0
2011-07-28 00:00:00-04:00,24.520000457763672,25.139999389648438,23.639999389648438,23.84000015258789,27882400,0.0,0.0
2011-07-29 00:00:00-04:00,23.690000534057617,24.600000381469727,23.65999984741211,24.219999313354492,8557100,0.0,0.0
2011-08-01 00:00:00-04:00,24.530000686645508,24.790000915527344,23.530000686645508,23.770000457763672,6649100,0.0,0.0
2011-08-02 00:00:00-04:00,23.5,23.790000915527344,22.93000030517578,23.030000686645508,6645100,0.0,0.0
2011-08-03 00:00:00-04:00,23.0,23.690000534057617,22.649999618530273,23.6200008392334,5014900,0.0,0.0
2011-08-04 00:00:00-04:00,23.34000015258789,23.610000610351562,22.850000381469727,22.8799991607666,8102800,0.0,0.0
2011-08-05 00:00:00-04:00,23.15999984741211,23.479999542236328,21.75,22.59000015258789,9202500,0.0,0.0
2011-08-08 00:00:00-04:00,21.760000228881836,22.469999313354492,20.799999237060547,21.09000015258789,8371400,0.0,0.0
2011-08-09 00:00:00-04:00,21.260000228881836,22.09000015258789,20.700000762939453,21.889999389648438,11358700,0.0,0.0
2011-08-10 00:00:00-04:00,21.420000076293945,21.899999618530273,21.010000228881836,21.239999771118164,6842900,0.0,0.0
2011-08-11 00:00:00-04:00,21.40999984741211,22.549999237060547,21.270000457763672,22.290000915527344,6644700,0.0,0.0
2011-08-12 00:00:00-04:00,22.389999389648438,22.610000610351562,22.030000686645508,22.549999237060547,4471200,0.0,0.0
2011-08-15 00:00:00-04:00,22.690000534057617,23.350000381469727,22.690000534057617,23.25,3572000,0.0,0.0
2011-08-16 00:00:00-04:00,23.030000686645508,23.1200008392334,22.530000686645508,22.850000381469727,3747400,0.0,0.0
2011-08-17 00:00:00-04:00,22.84000015258789,23.079999923706055,22.440000534057617,22.6200008392334,3136800,0.0,0.0
2011-08-18 00:00:00-04:00,21.799999237060547,21.959999084472656,20.649999618530273,20.809999465942383,5199500,0.0,0.0
2011-08-19 00:00:00-04:00,20.520000457763672,21.270000457763672,20.200000762939453,20.280000686645508,4061700,0.0,0.0
2011-08-22 00:00:00-04:00,20.670000076293945,20.889999389648438,19.899999618530273,19.969999313354492,4250500,0.0,0.0
2011-08-23 00:00:00-04:00,20.09000015258789,20.829999923706055,19.969999313354492,20.81999969482422,3748500,0.0,0.0
2011-08-24 00:00:00-04:00,20.760000228881836,20.8700008392334,20.059999465942383,20.65999984741211,3107300,0.0,0.0
2011-08-25 00:00:00-04:00,20.739999771118164,20.75,19.979999542236328,20.010000228881836,3435300,0.0,0.0
2011-08-26 00:00:00-04:00,19.93000030517578,20.84000015258789,19.729999542236328,20.639999389648438,3599000,0.0,0.0
2011-08-29 00:00:00-04:00,20.8799991607666,21.670000076293945,20.700000762939453,21.6200008392334,3038300,0.0,0.0
2011-08-30 00:00:00-04:00,21.389999389648438,22.190000534057617,21.290000915527344,21.969999313354492,4512500,0.0,0.0
2011-08-31 00:00:00-04:00,22.100000381469727,22.56999969482422,21.760000228881836,21.940000534057617,3072800,0.0,0.0
2011-09-01 00:00:00-04:00,22.030000686645508,22.280000686645508,21.40999984741211,21.459999084472656,2999900,0.0,0.0
2011-09-02 00:00:00-04:00,21.040000915527344,21.079999923706055,20.420000076293945,20.5,2948400,0.0,0.0
2011-09-06 00:00:00-04:00,19.600000381469727,20.5,19.5,20.350000381469727,3373100,0.0,0.0
2011-09-07 00:00:00-04:00,21.059999465942383,21.649999618530273,20.739999771118164,21.59000015258789,2901400,0.0,0.0
2011-09-08 00:00:00-04:00,21.510000228881836,22.049999237060547,21.360000610351562,21.59000015258789,3754000,0.0,0.0
2011-09-09 00:00:00-04:00,21.34000015258789,21.440000534057617,20.530000686645508,20.770000457763672,2895900,0.0,0.0
2011-09-12 00:00:00-04:00,20.43000030517578,20.959999084472656,20.40999984741211,20.90999984741211,3382500,0.0,0.0
2011-09-13 00:00:00-04:00,20.93000030517578,21.43000030517578,20.920000076293945,21.260000228881836,2635800,0.0,0.0
2011-09-14 00:00:00-04:00,21.440000534057617,22.739999771118164,21.3700008392334,22.3700008392334,4669200,0.0,0.0
2011-09-15 00:00:00-04:00,22.600000381469727,22.84000015258789,22.219999313354492,22.670000076293945,3114800,0.0,0.0
2011-09-16 00:00:00-04:00,22.799999237060547,22.979999542236328,22.299999237060547,22.719999313354492,3929500,0.0,0.0
2011-09-19 00:00:00-04:00,22.31999969482422,22.450000762939453,21.90999984741211,22.239999771118164,2595700,0.0,0.0
2011-09-20 00:00:00-04:00,22.440000534057617,22.510000228881836,21.790000915527344,21.829999923706055,2322600,0.0,0.0
2011-09-21 00:00:00-04:00,21.809999465942383,22.309999465942383,21.34000015258789,21.360000610351562,3808200,0.0,0.0
2011-09-22 00:00:00-04:00,20.5,20.639999389648438,19.959999084472656,20.190000534057617,5808700,0.0,0.0
2011-09-23 00:00:00-04:00,20.040000915527344,20.959999084472656,19.989999771118164,20.799999237060547,3703500,0.0,0.0
2011-09-26 00:00:00-04:00,20.940000534057617,21.209999084472656,20.229999542236328,21.139999389648438,2136500,0.0,0.0
2011-09-27 00:00:00-04:00,21.670000076293945,22.770000457763672,21.670000076293945,22.139999389648438,3960000,0.0,0.0
2011-09-28 00:00:00-04:00,22.15999984741211,22.270000457763672,21.15999984741211,21.239999771118164,3322100,0.0,0.0
2011-09-29 00:00:00-04:00,21.700000762939453,21.850000381469727,20.510000228881836,20.989999771118164,3278900,0.0,0.0
2011-09-30 00:00:00-04:00,20.799999237060547,20.829999923706055,19.8799991607666,19.8799991607666,3108900,0.0,0.0
2011-10-03 00:00:00-04:00,19.729999542236328,19.93000030517578,18.59000015258789,18.649999618530273,5102200,0.0,0.0
2011-10-04 00:00:00-04:00,18.31999969482422,20.56999969482422,18.25,20.559999465942383,7430400,0.0,0.0
2011-10-05 00:00:00-04:00,21.200000762939453,22.43000030517578,20.8700008392334,22.350000381469727,7835600,0.0,0.0
2011-10-06 00:00:00-04:00,22.5,23.219999313354492,22.030000686645508,22.8799991607666,5654300,0.0,0.0
2011-10-07 00:00:00-04:00,22.969999313354492,23.5,22.729999542236328,23.020000457763672,5817500,0.0,0.0
2011-10-10 00:00:00-04:00,23.420000076293945,23.8700008392334,22.969999313354492,23.459999084472656,4055000,0.0,0.0
2011-10-11 00:00:00-04:00,23.239999771118164,23.75,22.84000015258789,23.350000381469727,3790500,0.0,0.0
2011-10-12 00:00:00-04:00,23.709999084472656,23.799999237060547,23.1299991607666,23.3700008392334,5981300,0.0,0.0
2011-10-13 00:00:00-04:00,24.020000457763672,25.1200008392334,23.950000762939453,24.489999771118164,10141300,0.0,0.0
2011-10-14 00:00:00-04:00,24.8700008392334,25.06999969482422,23.850000381469727,24.459999084472656,6032600,0.0,0.0
2011-10-17 00:00:00-04:00,24.25,24.8799991607666,24.139999389648438,24.200000762939453,4930500,0.0,0.0
2011-10-18 00:00:00-04:00,24.040000915527344,24.040000915527344,22.6200008392334,23.829999923706055,6566900,0.0,0.0
2011-10-19 00:00:00-04:00,23.670000076293945,23.829999923706055,22.799999237060547,22.959999084472656,4661000,0.0,0.0
2011-10-20 00:00:00-04:00,23.030000686645508,23.540000915527344,22.450000762939453,23.479999542236328,3761200,0.0,0.0
2011-10-21 00:00:00-04:00,23.729999542236328,24.040000915527344,23.510000228881836,23.850000381469727,4091100,0.0,0.0
2011-10-24 00:00:00-04:00,24.040000915527344,24.700000762939453,23.950000762939453,24.65999984741211,2848000,0.0,0.0
2011-10-25 00:00:00-04:00,24.31999969482422,24.6299991607666,23.260000228881836,23.299999237060547,4100400,0.0,0.0
2011-10-26 00:00:00-04:00,23.790000915527344,24.09000015258789,22.829999923706055,23.780000686645508,6724100,0.0,0.0
2011-10-27 00:00:00-04:00,27.399999618530273,28.5,26.84000015258789,27.450000762939453,15161000,0.0,0.0
2011-10-28 00:00:00-04:00,27.270000457763672,28.34000015258789,27.209999084472656,28.290000915527344,4895100,0.0,0.0
2011-10-31 00:00:00-04:00,27.700000762939453,27.799999237060547,26.81999969482422,26.940000534057617,5457600,0.0,0.0
2011-11-01 00:00:00-04:00,25.90999984741211,27.0,25.729999542236328,26.639999389648438,5835300,0.0,0.0
2011-11-02 00:00:00-04:00,26.969999313354492,28.010000228881836,26.889999389648438,27.809999465942383,6064000,0.0,0.0
2011-11-03 00:00:00-04:00,28.260000228881836,29.450000762939453,27.959999084472656,29.200000762939453,11323600,0.0,0.0
2011-11-04 00:00:00-04:00,28.899999618530273,29.899999618530273,28.65999984741211,29.81999969482422,6542000,0.0,0.0
2011-11-07 00:00:00-05:00,29.729999542236328,29.860000610351562,29.049999237060547,29.549999237060547,6530300,0.0,0.0
2011-11-08 00:00:00-05:00,29.920000076293945,30.469999313354492,29.399999618530273,30.43000030517578,5599800,0.0,0.0
2011-11-09 00:00:00-05:00,29.670000076293945,29.920000076293945,28.90999984741211,29.010000228881836,5544000,0.0,0.0
2011-11-10 00:00:00-05:00,29.31999969482422,29.3799991607666,28.18000030517578,28.940000534057617,4579400,0.0,0.0
2011-11-11 00:00:00-05:00,29.350000381469727,30.219999313354492,29.200000762939453,29.93000030517578,5030600,0.0,0.0
2011-11-14 00:00:00-05:00,29.920000076293945,30.309999465942383,29.030000686645508,29.1299991607666,3912200,0.0,0.0
2011-11-15 00:00:00-05:00,28.90999984741211,29.649999618530273,28.579999923706055,29.459999084472656,4115300,0.0,0.0
2011-11-16 00:00:00-05:00,29.350000381469727,29.540000915527344,28.81999969482422,28.8799991607666,3241400,0.0,0.0
2011-11-17 00:00:00-05:00,28.959999084472656,29.100000381469727,27.920000076293945,28.1299991607666,4056900,0.0,0.0
2011-11-18 00:00:00-05:00,28.06999969482422,28.219999313354492,27.700000762939453,27.969999313354492,3685400,0.0,0.0
2011-11-21 00:00:00-05:00,27.639999389648438,27.639999389648438,26.600000381469727,27.329999923706055,4542800,0.0,0.0
2011-11-22 00:00:00-05:00,27.309999465942383,27.940000534057617,26.8799991607666,27.06999969482422,3129600,0.0,0.0
2011-11-23 00:00:00-05:00,26.809999465942383,26.989999771118164,26.280000686645508,26.280000686645508,3226000,0.0,0.0
2011-11-25 00:00:00-05:00,26.09000015258789,26.809999465942383,26.059999465942383,26.309999465942383,1616800,0.0,0.0
2011-11-28 00:00:00-05:00,27.18000030517578,28.139999389648438,27.030000686645508,27.65999984741211,3398100,0.0,0.0
2011-11-29 00:00:00-05:00,27.610000610351562,28.020000457763672,27.3799991607666,27.739999771118164,4059400,0.0,0.0
2011-11-30 00:00:00-05:00,28.59000015258789,29.309999465942383,28.43000030517578,28.90999984741211,4639500,0.0,0.0
2011-12-01 00:00:00-05:00,28.81999969482422,29.5,28.6200008392334,29.15999984741211,3638700,0.0,0.0
2011-12-02 00:00:00-05:00,29.540000915527344,30.030000686645508,28.809999465942383,29.0,7265800,0.0,0.0
2011-12-05 00:00:00-05:00,29.540000915527344,29.75,28.969999313354492,29.18000030517578,3331500,0.0,0.0
2011-12-06 00:00:00-05:00,29.139999389648438,29.149999618530273,28.139999389648438,28.229999542236328,4002500,0.0,0.0
2011-12-07 00:00:00-05:00,28.170000076293945,28.299999237060547,27.43000030517578,28.040000915527344,4184300,0.0,0.0
2011-12-08 00:00:00-05:00,27.8700008392334,28.06999969482422,27.200000762939453,27.299999237060547,3532100,0.0,0.0
2011-12-09 00:00:00-05:00,27.399999618530273,28.420000076293945,27.239999771118164,28.209999084472656,3218500,0.0,0.0
2011-12-12 00:00:00-05:00,27.920000076293945,27.920000076293945,27.229999542236328,27.3799991607666,2897500,0.0,0.0
2011-12-13 00:00:00-05:00,27.469999313354492,27.90999984741211,26.360000610351562,26.5,4029900,0.0,0.0
2011-12-14 00:00:00-05:00,26.3700008392334,27.110000610351562,25.899999618530273,26.65999984741211,4054600,0.0,0.0
2011-12-15 00:00:00-05:00,26.950000762939453,27.270000457763672,26.809999465942383,27.010000228881836,2942700,0.0,0.0
2011-12-16 00:00:00-05:00,26.760000228881836,27.209999084472656,26.579999923706055,26.649999618530273,5056800,0.0,0.0
2011-12-19 00:00:00-05:00,26.719999313354492,27.149999618530273,26.5,26.559999465942383,3331100,0.0,0.0
2011-12-20 00:00:00-05:00,26.959999084472656,27.709999084472656,26.93000030517578,27.670000076293945,3220100,0.0,0.0
2011-12-21 00:00:00-05:00,27.510000228881836,27.559999465942383,25.959999084472656,26.670000076293945,4376200,0.0,0.0
2011-12-22 00:00:00-05:00,27.5,31.950000762939453,27.5,31.6299991607666,23369900,0.0,0.0
2011-12-23 00:00:00-05:00,31.34000015258789,31.989999771118164,31.1299991607666,31.93000030517578,4721500,0.0,0.0
2011-12-27 00:00:00-05:00,31.850000381469727,32.560001373291016,31.850000381469727,32.209999084472656,3783200,0.0,0.0
2011-12-28 00:00:00-05:00,32.220001220703125,32.439998626708984,31.56999969482422,31.809999465942383,3426900,0.0,0.0
2011-12-29 00:00:00-05:00,32.04999923706055,32.38999938964844,31.90999984741211,32.29999923706055,2305700,0.0,0.0
2011-12-30 00:00:00-05:00,32.119998931884766,32.40999984741211,32.119998931884766,32.279998779296875,1930100,0.0,0.0
2012-01-03 00:00:00-05:00,32.970001220703125,33.20000076293945,32.77000045776367,32.93000030517578,4668400,0.0,0.0
2012-01-04 00:00:00-05:00,32.720001220703125,32.810001373291016,32.08000183105469,32.439998626708984,4259700,0.0,0.0
2012-01-05 00:00:00-05:00,32.290000915527344,32.939998626708984,32.119998931884766,32.43000030517578,5430100,0.0,0.0
2012-01-06 00:00:00-05:00,32.4900016784668,32.88999938964844,32.130001068115234,32.7599983215332,3597800,0.0,0.0
2012-01-09 00:00:00-05:00,31.860000610351562,32.779998779296875,31.56999969482422,32.61000061035156,4548500,0.0,0.0
2012-01-10 00:00:00-05:00,33.099998474121094,33.34000015258789,32.869998931884766,33.13999938964844,3853700,0.0,0.0
2012-01-11 00:00:00-05:00,33.439998626708984,34.2400016784668,33.369998931884766,34.0,4080800,0.0,0.0
2012-01-12 00:00:00-05:00,34.119998931884766,34.22999954223633,32.83000183105469,33.56999969482422,4292600,0.0,0.0
2012-01-13 00:00:00-05:00,32.90999984741211,33.0,31.81999969482422,32.220001220703125,3756100,0.0,0.0
2012-01-17 00:00:00-05:00,32.68000030517578,32.790000915527344,31.93000030517578,32.130001068115234,3209100,0.0,0.0
2012-01-18 00:00:00-05:00,32.34000015258789,32.56999969482422,31.959999084472656,32.40999984741211,2932000,0.0,0.0
2012-01-19 00:00:00-05:00,32.45000076293945,33.279998779296875,31.8700008392334,32.689998626708984,4509600,0.0,0.0
2012-01-20 00:00:00-05:00,32.59000015258789,32.650001525878906,31.489999771118164,32.040000915527344,5398200,0.0,0.0
2012-01-23 00:00:00-05:00,31.979999542236328,32.04999923706055,31.010000228881836,31.719999313354492,3404000,0.0,0.0
2012-01-24 00:00:00-05:00,31.459999084472656,31.559999465942383,31.229999542236328,31.389999389648438,3141200,0.0,0.0
2012-01-25 00:00:00-05:00,31.510000228881836,31.950000762939453,31.34000015258789,31.8700008392334,2319700,0.0,0.0
2012-01-26 00:00:00-05:00,32.040000915527344,32.59000015258789,31.229999542236328,31.43000030517578,2728600,0.0,0.0
2012-01-27 00:00:00-05:00,31.3700008392334,32.11000061035156,31.079999923706055,32.0099983215332,2830900,0.0,0.0
2012-01-30 00:00:00-05:00,31.43000030517578,32.18000030517578,31.40999984741211,32.040000915527344,2559100,0.0,0.0
2012-01-31 00:00:00-05:00,32.220001220703125,32.54999923706055,31.969999313354492,32.22999954223633,2858600,0.0,0.0
2012-02-01 00:00:00-05:00,32.189998626708984,32.5,31.450000762939453,32.0099983215332,4529800,0.0,0.0
2012-02-02 00:00:00-05:00,32.34000015258789,32.83000183105469,32.130001068115234,32.33000183105469,3209400,0.0,0.0
2012-02-03 00:00:00-05:00,32.810001373291016,33.70000076293945,32.7400016784668,33.63999938964844,3530000,0.0,0.0
2012-02-06 00:00:00-05:00,33.83000183105469,34.25,33.25,33.369998931884766,4160500,0.0,0.0
2012-02-07 00:00:00-05:00,33.400001525878906,33.68000030517578,33.0,33.650001525878906,2553800,0.0,0.0
2012-02-08 00:00:00-05:00,33.81999969482422,35.59000015258789,33.66999816894531,34.439998626708984,9486000,0.0,0.0
2012-02-09 00:00:00-05:00,38.91999816894531,39.13999938964844,37.470001220703125,38.060001373291016,18571000,0.0,0.0
2012-02-10 00:00:00-05:00,37.599998474121094,38.779998779296875,37.52000045776367,38.43000030517578,6810600,0.0,0.0
2012-02-13 00:00:00-05:00,38.560001373291016,38.88999938964844,37.900001525878906,38.56999969482422,3559500,0.0,0.0
2012-02-14 00:00:00-05:00,38.54999923706055,38.72999954223633,38.08000183105469,38.47999954223633,2538900,0.0,0.0
2012-02-15 00:00:00-05:00,38.61000061035156,38.86000061035156,38.02000045776367,38.060001373291016,2891500,0.0,0.0
2012-02-16 00:00:00-05:00,38.0,38.560001373291016,37.91999816894531,38.41999816894531,2280600,0.0,0.0
2012-02-17 00:00:00-05:00,38.43000030517578,38.459999084472656,37.41999816894531,37.79999923706055,2778300,0.0,0.0
2012-02-21 00:00:00-05:00,38.0,38.0,37.189998626708984,37.43000030517578,2404400,0.0,0.0
2012-02-22 00:00:00-05:00,37.04999923706055,37.38999938964844,36.459999084472656,36.61000061035156,3364700,0.0,0.0
2012-02-23 00:00:00-05:00,36.7599983215332,36.7599983215332,36.06999969482422,36.52000045776367,4321500,0.0,0.0
2012-02-24 00:00:00-05:00,36.779998779296875,37.41999816894531,36.560001373291016,37.209999084472656,2841000,0.0,0.0
2012-02-27 00:00:00-05:00,36.83000183105469,37.349998474121094,36.630001068115234,37.06999969482422,2471300,0.0,0.0
2012-02-28 00:00:00-05:00,37.150001525878906,37.25,36.459999084472656,36.689998626708984,2592500,0.0,0.0
2012-02-29 00:00:00-05:00,36.810001373291016,36.939998626708984,35.84000015258789,36.0,3675200,0.0,0.0
2012-03-01 00:00:00-05:00,36.20000076293945,36.2599983215332,35.869998931884766,35.900001525878906,4596700,0.0,0.0
2012-03-02 00:00:00-05:00,35.959999084472656,36.75,35.900001525878906,36.29999923706055,2847600,0.0,0.0
2012-03-05 00:00:00-05:00,36.130001068115234,36.400001525878906,35.599998474121094,35.77000045776367,2512000,0.0,0.0
2012-03-06 00:00:00-05:00,35.459999084472656,35.4900016784668,34.70000076293945,34.869998931884766,3280400,0.0,0.0
2012-03-07 00:00:00-05:00,34.959999084472656,35.79999923706055,34.880001068115234,35.54999923706055,2511700,0.0,0.0
2012-03-08 00:00:00-05:00,35.88999938964844,36.369998931884766,35.86000061035156,36.119998931884766,2265800,0.0,0.0
2012-03-09 00:00:00-05:00,36.08000183105469,36.939998626708984,36.060001373291016,36.84000015258789,2789700,0.0,0.0
2012-03-12 00:00:00-04:00,36.79999923706055,37.2400016784668,36.36000061035156,36.630001068115234,2072400,0.0,0.0
2012-03-13 00:00:00-04:00,36.81999969482422,37.47999954223633,36.560001373291016,37.470001220703125,2201700,0.0,0.0
2012-03-14 00:00:00-04:00,37.349998474121094,37.470001220703125,36.369998931884766,36.65999984741211,2093800,0.0,0.0
2012-03-15 00:00:00-04:00,36.869998931884766,37.4900016784668,36.599998474121094,37.349998474121094,2352000,0.0,0.0
2012-03-16 00:00:00-04:00,37.439998626708984,37.619998931884766,37.209999084472656,37.36000061035156,2709900,0.0,0.0
2012-03-19 00:00:00-04:00,37.290000915527344,37.5,36.65999984741211,37.040000915527344,1816900,0.0,0.0
2012-03-20 00:00:00-04:00,36.70000076293945,36.790000915527344,36.18000030517578,36.75,1717400,0.0,0.0
2012-03-21 00:00:00-04:00,36.68000030517578,37.150001525878906,36.439998626708984,36.939998626708984,2617200,0.0,0.0
2012-03-22 00:00:00-04:00,36.630001068115234,36.900001525878906,36.2400016784668,36.459999084472656,1952500,0.0,0.0
2012-03-23 00:00:00-04:00,36.54999923706055,36.650001525878906,36.09000015258789,36.619998931884766,1252700,0.0,0.0
2012-03-26 00:00:00-04:00,36.970001220703125,37.95000076293945,36.790000915527344,37.77000045776367,2778200,0.0,0.0
2012-03-27 00:00:00-04:00,37.849998474121094,37.970001220703125,37.59000015258789,37.68000030517578,2187300,0.0,0.0
2012-03-28 00:00:00-04:00,37.650001525878906,37.810001373291016,36.540000915527344,36.880001068115234,2112300,0.0,0.0
2012-03-29 00:00:00-04:00,36.529998779296875,36.959999084472656,36.25,36.91999816894531,1734400,0.0,0.0
2012-03-30 00:00:00-04:00,37.220001220703125,37.310001373291016,36.470001220703125,36.70000076293945,1525000,0.0,0.0
2012-04-02 00:00:00-04:00,36.43000030517578,36.810001373291016,36.060001373291016,36.72999954223633,2524700,0.0,0.0
2012-04-03 00:00:00-04:00,36.58000183105469,36.58000183105469,36.13999938964844,36.380001068115234,1868100,0.0,0.0
2012-04-04 00:00:00-04:00,36.58000183105469,37.290000915527344,36.189998626708984,36.47999954223633,3385700,0.0,0.0
2012-04-05 00:00:00-04:00,36.27000045776367,36.72999954223633,36.060001373291016,36.33000183105469,1990200,0.0,0.0
2012-04-09 00:00:00-04:00,35.7400016784668,35.880001068115234,35.310001373291016,35.689998626708984,1978700,0.0,0.0
2012-04-10 00:00:00-04:00,35.58000183105469,36.0099983215332,35.06999969482422,35.119998931884766,2587600,0.0,0.0
2012-04-11 00:00:00-04:00,35.25,36.279998779296875,35.25,35.97999954223633,1912000,0.0,0.0
2012-04-12 00:00:00-04:00,36.02000045776367,36.65999984741211,35.97999954223633,36.540000915527344,1681700,0.0,0.0
2012-04-13 00:00:00-04:00,36.36000061035156,36.790000915527344,36.099998474121094,36.7599983215332,2237700,0.0,0.0
2012-04-16 00:00:00-04:00,36.95000076293945,37.0,36.29999923706055,36.72999954223633,2086100,0.0,0.0
2012-04-17 00:00:00-04:00,37.189998626708984,37.81999969482422,37.08000183105469,37.630001068115234,2278900,0.0,0.0
2012-04-18 00:00:00-04:00,37.65999984741211,38.63999938964844,37.65999984741211,38.40999984741211,3790600,0.0,0.0
2012-04-19 00:00:00-04:00,38.4900016784668,38.90999984741211,37.7400016784668,37.86000061035156,3076400,0.0,0.0
2012-04-20 00:00:00-04:00,37.869998931884766,38.09000015258789,37.33000183105469,37.400001525878906,2488700,0.0,0.0
2012-04-23 00:00:00-04:00,37.099998474121094,38.369998931884766,36.900001525878906,38.099998474121094,3551900,0.0,0.0
2012-04-24 00:00:00-04:00,38.13999938964844,38.2400016784668,37.41999816894531,37.7400016784668,2567300,0.0,0.0
2012-04-25 00:00:00-04:00,38.029998779296875,39.09000015258789,37.61000061035156,38.75,6849400,0.0,0.0
2012-04-26 00:00:00-04:00,36.400001525878906,36.599998474121094,32.95000076293945,33.150001525878906,17405500,0.0,0.0
2012-04-27 00:00:00-04:00,33.16999816894531,34.290000915527344,32.95000076293945,33.18000030517578,9294100,0.0,0.0
2012-04-30 00:00:00-04:00,32.86000061035156,33.04999923706055,32.20000076293945,32.59000015258789,5624400,0.0,0.0
2012-05-01 00:00:00-04:00,33.45000076293945,34.47999954223633,33.20000076293945,33.61000061035156,6029800,0.0,0.0
2012-05-02 00:00:00-04:00,33.40999984741211,34.150001525878906,33.220001220703125,34.09000015258789,4104300,0.0,0.0
2012-05-03 00:00:00-04:00,34.06999969482422,34.06999969482422,32.95000076293945,33.279998779296875,3221300,0.0,0.0
2012-05-04 00:00:00-04:00,32.970001220703125,33.029998779296875,32.369998931884766,32.560001373291016,3810700,0.0,0.0
2012-05-07 00:00:00-04:00,32.380001068115234,32.400001525878906,32.060001373291016,32.279998779296875,2700000,0.0,0.0
2012-05-08 00:00:00-04:00,32.06999969482422,32.33000183105469,30.950000762939453,32.279998779296875,4556700,0.0,0.0
2012-05-09 00:00:00-04:00,31.75,32.029998779296875,31.190000534057617,31.93000030517578,3190700,0.0,0.0
2012-05-10 00:00:00-04:00,32.189998626708984,32.349998474121094,31.18000030517578,31.3700008392334,3600000,0.0,0.0
2012-05-11 00:00:00-04:00,31.309999465942383,31.75,31.06999969482422,31.170000076293945,2670900,0.0,0.0
2012-05-14 00:00:00-04:00,30.75,30.799999237060547,29.6200008392334,29.65999984741211,5456300,0.0,0.0
2012-05-15 00:00:00-04:00,30.139999389648438,30.899999618530273,29.8799991607666,30.190000534057617,5644400,0.0,0.0
2012-05-16 00:00:00-04:00,30.729999542236328,30.790000915527344,29.139999389648438,29.170000076293945,5193200,0.0,0.0
2012-05-17 00:00:00-04:00,29.25,29.649999618530273,28.649999618530273,29.290000915527344,5610300,0.0,0.0
2012-05-18 00:00:00-04:00,29.350000381469727,29.40999984741211,28.3799991607666,28.450000762939453,4036000,0.0,0.0
2012-05-21 00:00:00-04:00,28.450000762939453,29.579999923706055,28.1200008392334,29.299999237060547,3000500,0.0,0.0
2012-05-22 00:00:00-04:00,29.280000686645508,29.6299991607666,28.920000076293945,29.18000030517578,2276500,0.0,0.0
2012-05-23 00:00:00-04:00,28.760000228881836,29.799999237060547,28.219999313354492,29.68000030517578,2185100,0.0,0.0
2012-05-24 00:00:00-04:00,30.0,30.25,29.09000015258789,29.399999618530273,2016800,0.0,0.0
2012-05-25 00:00:00-04:00,29.290000915527344,29.729999542236328,29.219999313354492,29.309999465942383,1526600,0.0,0.0
2012-05-29 00:00:00-04:00,29.510000228881836,30.010000228881836,29.469999313354492,29.979999542236328,1946000,0.0,0.0
2012-05-30 00:00:00-04:00,29.75,29.989999771118164,29.110000610351562,29.209999084472656,2880000,0.0,0.0
2012-05-31 00:00:00-04:00,29.290000915527344,29.440000534057617,28.579999923706055,29.34000015258789,2506600,0.0,0.0
2012-06-01 00:00:00-04:00,28.600000381469727,28.760000228881836,28.110000610351562,28.200000762939453,2712200,0.0,0.0
2012-06-04 00:00:00-04:00,28.15999984741211,28.729999542236328,28.020000457763672,28.360000610351562,2810600,0.0,0.0
2012-06-05 00:00:00-04:00,26.81999969482422,27.56999969482422,25.899999618530273,27.440000534057617,13322800,0.0,0.0
2012-06-06 00:00:00-04:00,27.709999084472656,29.030000686645508,27.68000030517578,28.989999771118164,4233400,0.0,0.0
2012-06-07 00:00:00-04:00,29.700000762939453,29.969999313354492,28.989999771118164,29.06999969482422,3112200,0.0,0.0
2012-06-08 00:00:00-04:00,29.0,30.209999084472656,28.780000686645508,30.1200008392334,3993200,0.0,0.0
2012-06-11 00:00:00-04:00,30.440000534057617,30.479999542236328,29.6299991607666,29.75,3539600,0.0,0.0
2012-06-12 00:00:00-04:00,29.8799991607666,30.309999465942383,29.440000534057617,30.260000228881836,4144400,0.0,0.0
2012-06-13 00:00:00-04:00,30.149999618530273,30.31999969482422,29.329999923706055,29.559999465942383,3460400,0.0,0.0
2012-06-14 00:00:00-04:00,29.56999969482422,30.239999771118164,29.549999237060547,29.950000762939453,2526400,0.0,0.0
2012-06-15 00:00:00-04:00,29.959999084472656,31.209999084472656,29.8799991607666,31.139999389648438,4220300,0.0,0.0
2012-06-18 00:00:00-04:00,31.010000228881836,31.68000030517578,30.75,31.329999923706055,3139100,0.0,0.0
2012-06-19 00:00:00-04:00,31.479999542236328,32.0,31.260000228881836,31.8700008392334,2217600,0.0,0.0
2012-06-20 00:00:00-04:00,31.899999618530273,31.940000534057617,31.329999923706055,31.690000534057617,1555600,0.0,0.0
2012-06-21 00:00:00-04:00,31.68000030517578,31.719999313354492,30.239999771118164,30.270000457763672,3056500,0.0,0.0
2012-06-22 00:00:00-04:00,30.420000076293945,30.899999618530273,30.360000610351562,30.809999465942383,2268200,0.0,0.0
2012-06-25 00:00:00-04:00,30.399999618530273,30.479999542236328,29.8799991607666,30.079999923706055,1387900,0.0,0.0
2012-06-26 00:00:00-04:00,30.190000534057617,30.6200008392334,30.059999465942383,30.389999389648438,1399800,0.0,0.0
2012-06-27 00:00:00-04:00,30.579999923706055,30.81999969482422,30.299999237060547,30.649999618530273,1188300,0.0,0.0
2012-06-28 00:00:00-04:00,30.31999969482422,30.68000030517578,29.969999313354492,30.43000030517578,1597800,0.0,0.0
2012-06-29 00:00:00-04:00,31.100000381469727,31.75,31.030000686645508,31.75,1949900,0.0,0.0
2012-07-02 00:00:00-04:00,31.860000610351562,32.220001220703125,31.280000686645508,31.540000915527344,2194000,0.0,0.0
2012-07-03 00:00:00-04:00,31.540000915527344,32.25,31.510000228881836,32.15999984741211,878800,0.0,0.0
2012-07-05 00:00:00-04:00,32.13999938964844,32.54999923706055,32.0,32.220001220703125,1663000,0.0,0.0
2012-07-06 00:00:00-04:00,32.0,32.15999984741211,30.920000076293945,31.280000686645508,2574900,0.0,0.0
2012-07-09 00:00:00-04:00,31.350000381469727,31.399999618530273,29.959999084472656,29.989999771118164,3091700,0.0,0.0
2012-07-10 00:00:00-04:00,30.280000686645508,30.329999923706055,29.3700008392334,29.709999084472656,2835200,0.0,0.0
2012-07-11 00:00:00-04:00,29.68000030517578,30.309999465942383,28.989999771118164,29.3700008392334,3619400,0.0,0.0
2012-07-12 00:00:00-04:00,28.959999084472656,29.600000381469727,28.56999969482422,29.40999984741211,2406900,0.0,0.0
2012-07-13 00:00:00-04:00,29.450000762939453,30.209999084472656,29.399999618530273,30.079999923706055,1881900,0.0,0.0
2012-07-16 00:00:00-04:00,29.93000030517578,30.34000015258789,29.639999389648438,30.010000228881836,1611100,0.0,0.0
2012-07-17 00:00:00-04:00,30.139999389648438,30.350000381469727,29.459999084472656,30.229999542236328,1892200,0.0,0.0
2012-07-18 00:00:00-04:00,30.1299991607666,30.65999984741211,29.690000534057617,29.920000076293945,5520100,0.0,0.0
2012-07-19 00:00:00-04:00,30.0,30.75,29.940000534057617,30.489999771118164,3633600,0.0,0.0
2012-07-20 00:00:00-04:00,30.360000610351562,30.440000534057617,29.65999984741211,29.90999984741211,2844400,0.0,0.0
2012-07-23 00:00:00-04:00,29.239999771118164,29.239999771118164,28.030000686645508,28.65999984741211,4502000,0.0,0.0
2012-07-24 00:00:00-04:00,28.959999084472656,29.09000015258789,28.1200008392334,28.389999389648438,2928000,0.0,0.0
2012-07-25 00:00:00-04:00,28.65999984741211,28.84000015258789,27.860000610351562,28.25,5121600,0.0,0.0
2012-07-26 00:00:00-04:00,33.45000076293945,35.20000076293945,32.93000030517578,35.040000915527344,13757900,0.0,0.0
2012-07-27 00:00:00-04:00,35.060001373291016,36.06999969482422,34.470001220703125,35.86000061035156,6250400,0.0,0.0
2012-07-30 00:00:00-04:00,36.02000045776367,36.130001068115234,35.400001525878906,35.81999969482422,3259300,0.0,0.0
2012-07-31 00:00:00-04:00,35.54999923706055,35.900001525878906,35.119998931884766,35.18000030517578,3711200,0.0,0.0
2012-08-01 00:00:00-04:00,35.41999816894531,35.540000915527344,34.9900016784668,35.130001068115234,2452200,0.0,0.0
2012-08-02 00:00:00-04:00,34.77000045776367,35.40999984741211,34.279998779296875,34.689998626708984,3019200,0.0,0.0
2012-08-03 00:00:00-04:00,35.470001220703125,35.630001068115234,35.04999923706055,35.47999954223633,1994500,0.0,0.0
2012-08-06 00:00:00-04:00,35.650001525878906,36.150001525878906,35.45000076293945,35.81999969482422,2657400,0.0,0.0
2012-08-07 00:00:00-04:00,35.849998474121094,36.41999816894531,35.849998474121094,36.34000015258789,2765900,0.0,0.0
2012-08-08 00:00:00-04:00,36.20000076293945,36.380001068115234,35.65999984741211,36.18000030517578,2201800,0.0,0.0
2012-08-09 00:00:00-04:00,36.279998779296875,36.40999984741211,35.970001220703125,36.209999084472656,1396900,0.0,0.0
2012-08-10 00:00:00-04:00,36.0,36.220001220703125,35.66999816894531,35.970001220703125,1618400,0.0,0.0
2012-08-13 00:00:00-04:00,35.849998474121094,35.93000030517578,35.459999084472656,35.7400016784668,1750500,0.0,0.0
2012-08-14 00:00:00-04:00,35.869998931884766,35.95000076293945,35.02000045776367,35.439998626708984,2191200,0.0,0.0
2012-08-15 00:00:00-04:00,35.5,37.380001068115234,35.5,36.79999923706055,5079100,0.0,0.0
2012-08-16 00:00:00-04:00,37.130001068115234,37.939998626708984,36.54999923706055,37.810001373291016,4657100,0.0,0.0
2012-08-17 00:00:00-04:00,37.75,37.88999938964844,37.33000183105469,37.54999923706055,2549600,0.0,0.0
2012-08-20 00:00:00-04:00,37.529998779296875,37.59000015258789,36.790000915527344,37.04999923706055,2664800,0.0,0.0
2012-08-21 00:00:00-04:00,37.310001373291016,37.720001220703125,37.2400016784668,37.43000030517578,2416800,0.0,0.0
2012-08-22 00:00:00-04:00,37.20000076293945,38.02000045776367,37.099998474121094,37.959999084472656,2477300,0.0,0.0
2012-08-23 00:00:00-04:00,37.63999938964844,37.720001220703125,36.77000045776367,37.130001068115234,1900000,0.0,0.0
2012-08-24 00:00:00-04:00,37.029998779296875,37.43000030517578,36.88999938964844,37.099998474121094,1884800,0.0,0.0
2012-08-27 00:00:00-04:00,37.25,37.369998931884766,36.939998626708984,37.2400016784668,1456800,0.0,0.0
2012-08-28 00:00:00-04:00,37.040000915527344,37.61000061035156,36.790000915527344,37.310001373291016,1523500,0.0,0.0
2012-08-29 00:00:00-04:00,37.459999084472656,37.79999923706055,37.310001373291016,37.68000030517578,1852500,0.0,0.0
2012-08-30 00:00:00-04:00,37.43000030517578,37.5099983215332,37.029998779296875,37.310001373291016,1724300,0.0,0.0
2012-08-31 00:00:00-04:00,37.58000183105469,37.869998931884766,36.93000030517578,37.5099983215332,2138900,0.0,0.0
2012-09-04 00:00:00-04:00,37.36000061035156,37.900001525878906,37.27000045776367,37.66999816894531,1774800,0.0,0.0
2012-09-05 00:00:00-04:00,37.75,38.349998474121094,37.38999938964844,37.709999084472656,2241300,0.0,0.0
2012-09-06 00:00:00-04:00,38.02000045776367,39.369998931884766,38.0,39.209999084472656,3527500,0.0,0.0
2012-09-07 00:00:00-04:00,39.040000915527344,39.459999084472656,38.560001373291016,38.72999954223633,1871200,0.0,0.0
2012-09-10 00:00:00-04:00,38.599998474121094,38.779998779296875,38.02000045776367,38.4900016784668,2025900,0.0,0.0
2012-09-11 00:00:00-04:00,38.4900016784668,38.83000183105469,38.09000015258789,38.119998931884766,3293400,0.0,0.0
2012-09-12 00:00:00-04:00,38.34000015258789,38.34000015258789,37.619998931884766,37.88999938964844,4265800,0.0,0.0
2012-09-13 00:00:00-04:00,37.91999816894531,38.43000030517578,37.70000076293945,38.18000030517578,3667700,0.0,0.0
2012-09-14 00:00:00-04:00,38.20000076293945,39.66999816894531,38.20000076293945,39.029998779296875,3446200,0.0,0.0
2012-09-17 00:00:00-04:00,38.959999084472656,39.08000183105469,38.56999969482422,38.84000015258789,2108900,0.0,0.0
2012-09-18 00:00:00-04:00,38.689998626708984,38.900001525878906,38.20000076293945,38.650001525878906,1671300,0.0,0.0
2012-09-19 00:00:00-04:00,38.599998474121094,39.119998931884766,38.52000045776367,38.959999084472656,1532600,0.0,0.0
2012-09-20 00:00:00-04:00,38.81999969482422,38.900001525878906,38.31999969482422,38.68000030517578,1377500,0.0,0.0
2012-09-21 00:00:00-04:00,38.849998474121094,39.20000076293945,38.77000045776367,38.810001373291016,2120500,0.0,0.0
2012-09-24 00:00:00-04:00,38.41999816894531,38.630001068115234,38.0099983215332,38.36000061035156,1312300,0.0,0.0
2012-09-25 00:00:00-04:00,38.619998931884766,39.470001220703125,38.40999984741211,38.459999084472656,3150700,0.0,0.0
2012-09-26 00:00:00-04:00,38.5099983215332,38.709999084472656,37.52000045776367,37.93000030517578,1978900,0.0,0.0
2012-09-27 00:00:00-04:00,38.34000015258789,38.95000076293945,38.310001373291016,38.4900016784668,3406800,0.0,0.0
2012-09-28 00:00:00-04:00,38.29999923706055,38.41999816894531,37.779998779296875,38.2599983215332,1776900,0.0,0.0
2012-10-01 00:00:00-04:00,38.45000076293945,38.95000076293945,37.900001525878906,38.209999084472656,1871900,0.0,0.0
2012-10-02 00:00:00-04:00,38.45000076293945,38.790000915527344,38.11000061035156,38.43000030517578,2056000,0.0,0.0
2012-10-03 00:00:00-04:00,38.5,39.11000061035156,38.2599983215332,39.040000915527344,2192200,0.0,0.0
2012-10-04 00:00:00-04:00,39.060001373291016,39.5,38.7599983215332,39.43000030517578,2106300,0.0,0.0
2012-10-05 00:00:00-04:00,39.5,39.939998626708984,39.2400016784668,39.40999984741211,2595800,0.0,0.0
2012-10-08 00:00:00-04:00,39.310001373291016,40.31999969482422,39.04999923706055,39.599998474121094,2818500,0.0,0.0
2012-10-09 00:00:00-04:00,39.43000030517578,39.45000076293945,38.15999984741211,38.36000061035156,1964100,0.0,0.0
2012-10-10 00:00:00-04:00,38.209999084472656,38.529998779296875,37.61000061035156,37.83000183105469,1637800,0.0,0.0
2012-10-11 00:00:00-04:00,38.27000045776367,38.59000015258789,37.790000915527344,37.88999938964844,1761200,0.0,0.0
2012-10-12 00:00:00-04:00,37.9900016784668,38.41999816894531,37.58000183105469,37.58000183105469,1197000,0.0,0.0
2012-10-15 00:00:00-04:00,37.54999923706055,37.959999084472656,37.2400016784668,37.900001525878906,1439400,0.0,0.0
2012-10-16 00:00:00-04:00,38.029998779296875,38.95000076293945,37.95000076293945,38.72999954223633,1445400,0.0,0.0
2012-10-17 00:00:00-04:00,38.630001068115234,38.81999969482422,37.93000030517578,37.97999954223633,1593800,0.0,0.0
2012-10-18 00:00:00-04:00,37.900001525878906,37.9900016784668,37.08000183105469,37.279998779296875,2008800,0.0,0.0
2012-10-19 00:00:00-04:00,37.22999954223633,37.38999938964844,36.02000045776367,36.369998931884766,3062900,0.0,0.0
2012-10-22 00:00:00-04:00,36.25,36.650001525878906,36.029998779296875,36.56999969482422,1812600,0.0,0.0
2012-10-23 00:00:00-04:00,36.0,36.77000045776367,35.79999923706055,36.4900016784668,2083600,0.0,0.0
2012-10-24 00:00:00-04:00,36.880001068115234,37.0,35.77000045776367,36.11000061035156,5311100,0.0,0.0
2012-10-25 00:00:00-04:00,39.75,40.08000183105469,38.099998474121094,38.540000915527344,8543200,0.0,0.0
2012-10-26 00:00:00-04:00,38.4900016784668,39.310001373291016,37.93000030517578,38.38999938964844,2952900,0.0,0.0
2012-10-31 00:00:00-04:00,39.06999969482422,39.06999969482422,37.560001373291016,37.9900016784668,2638600,0.0,0.0
2012-11-01 00:00:00-04:00,37.95000076293945,38.65999984741211,37.790000915527344,38.56999969482422,1652200,0.0,0.0
2012-11-02 00:00:00-04:00,38.7599983215332,38.86000061035156,38.150001525878906,38.279998779296875,2610900,0.0,0.0
2012-11-05 00:00:00-05:00,38.27000045776367,39.0,38.099998474121094,38.959999084472656,1594200,0.0,0.0
2012-11-06 00:00:00-05:00,39.0,39.2599983215332,38.779998779296875,38.869998931884766,2177500,0.0,0.0
2012-11-07 00:00:00-05:00,38.459999084472656,38.66999816894531,37.38999938964844,37.56999969482422,2690400,0.0,0.0
2012-11-08 00:00:00-05:00,37.70000076293945,37.900001525878906,37.0,37.06999969482422,1616900,0.0,0.0
2012-11-09 00:00:00-05:00,36.959999084472656,37.119998931884766,36.15999984741211,36.400001525878906,2882800,0.0,0.0
2012-11-12 00:00:00-05:00,36.560001373291016,36.790000915527344,36.029998779296875,36.56999969482422,1384200,0.0,0.0
2012-11-13 00:00:00-05:00,36.279998779296875,36.88999938964844,36.11000061035156,36.310001373291016,1483000,0.0,0.0
2012-11-14 00:00:00-05:00,36.5,36.61000061035156,35.27000045776367,35.380001068115234,1932600,0.0,0.0
2012-11-15 00:00:00-05:00,35.40999984741211,36.59000015258789,35.06999969482422,36.22999954223633,4910300,0.0,0.0
2012-11-16 00:00:00-05:00,36.2400016784668,36.56999969482422,35.52000045776367,36.099998474121094,2172800,0.0,0.0
2012-11-19 00:00:00-05:00,36.68000030517578,36.68000030517578,35.83000183105469,35.869998931884766,2051200,0.0,0.0
2012-11-20 00:00:00-05:00,35.84000015258789,36.619998931884766,35.5099983215332,35.630001068115234,2786600,0.0,0.0
2012-11-21 00:00:00-05:00,35.779998779296875,36.150001525878906,35.59000015258789,35.83000183105469,1426800,0.0,0.0
2012-11-23 00:00:00-05:00,36.06999969482422,36.20000076293945,35.75,35.970001220703125,885800,0.0,0.0
2012-11-26 00:00:00-05:00,35.939998626708984,36.459999084472656,35.5,35.72999954223633,1950400,0.0,0.0
2012-11-27 00:00:00-05:00,35.779998779296875,35.790000915527344,34.09000015258789,34.56999969482422,4867100,0.0,0.0
2012-11-28 00:00:00-05:00,34.79999923706055,35.959999084472656,34.7400016784668,35.880001068115234,3804100,0.0,0.0
2012-11-29 00:00:00-05:00,36.04999923706055,36.45000076293945,35.68000030517578,36.2400016784668,2108500,0.0,0.0
2012-11-30 00:00:00-05:00,36.2599983215332,36.709999084472656,36.02000045776367,36.619998931884766,2546500,0.0,0.0
2012-12-03 00:00:00-05:00,36.72999954223633,36.75,35.779998779296875,36.099998474121094,2574900,0.0,0.0
2012-12-04 00:00:00-05:00,36.18000030517578,36.27000045776367,35.650001525878906,36.0,1547400,0.0,0.0
2012-12-05 00:00:00-05:00,35.970001220703125,36.0,35.02000045776367,35.5,2413300,0.0,0.0
2012-12-06 00:00:00-05:00,37.869998931884766,39.43000030517578,37.81999969482422,39.060001373291016,7575700,0.0,0.0
2012-12-07 00:00:00-05:00,38.939998626708984,39.20000076293945,38.5,38.81999969482422,3205800,0.0,0.0
2012-12-10 00:00:00-05:00,38.72999954223633,39.369998931884766,38.599998474121094,39.20000076293945,2481700,0.0,0.0
2012-12-11 00:00:00-05:00,39.41999816894531,39.81999969482422,38.869998931884766,39.599998474121094,2888700,0.0,0.0
2012-12-12 00:00:00-05:00,39.52000045776367,40.61000061035156,39.5099983215332,39.970001220703125,4205700,0.0,0.0
2012-12-13 00:00:00-05:00,39.81999969482422,40.27000045776367,39.0099983215332,39.09000015258789,2206200,0.0,0.0
2012-12-14 00:00:00-05:00,39.0,39.5099983215332,38.65999984741211,38.959999084472656,2244900,0.0,0.0
2012-12-17 00:00:00-05:00,39.02000045776367,39.720001220703125,38.5099983215332,39.459999084472656,2777200,0.0,0.0
2012-12-18 00:00:00-05:00,39.529998779296875,41.11000061035156,39.459999084472656,40.939998626708984,4522200,0.0,0.0
2012-12-19 00:00:00-05:00,41.150001525878906,41.65999984741211,40.91999816894531,41.40999984741211,4074000,0.0,0.0
2012-12-20 00:00:00-05:00,41.36000061035156,41.880001068115234,40.81999969482422,41.86000061035156,2485400,0.0,0.0
2012-12-21 00:00:00-05:00,40.790000915527344,41.779998779296875,40.279998779296875,41.7599983215332,3003100,0.0,0.0
2012-12-24 00:00:00-05:00,41.61000061035156,41.720001220703125,41.16999816894531,41.38999938964844,625300,0.0,0.0
2012-12-26 00:00:00-05:00,41.34000015258789,41.66999816894531,41.0099983215332,41.25,1573300,0.0,0.0
2012-12-27 00:00:00-05:00,41.34000015258789,41.560001373291016,40.27000045776367,41.029998779296875,2467100,0.0,0.0
2012-12-28 00:00:00-05:00,40.79999923706055,41.0,40.36000061035156,40.400001525878906,1633600,0.0,0.0
2012-12-31 00:00:00-05:00,40.310001373291016,41.0099983215332,40.04999923706055,40.90999984741211,2065400,0.0,0.0
2013-01-02 00:00:00-05:00,41.86000061035156,42.529998779296875,41.79999923706055,42.15999984741211,2468800,0.0,0.0
2013-01-03 00:00:00-05:00,41.88999938964844,41.9900016784668,40.83000183105469,40.95000076293945,2091900,0.0,0.0
2013-01-04 00:00:00-05:00,40.47999954223633,40.650001525878906,39.95000076293945,40.43000030517578,2244300,0.0,0.0
2013-01-07 00:00:00-05:00,40.22999954223633,40.939998626708984,40.220001220703125,40.77000045776367,2653000,0.0,0.0
2013-01-08 00:00:00-05:00,40.880001068115234,40.90999984741211,39.86000061035156,40.13999938964844,2885000,0.0,0.0
2013-01-09 00:00:00-05:00,40.34000015258789,40.369998931884766,39.47999954223633,39.70000076293945,2991900,0.0,0.0
2013-01-10 00:00:00-05:00,39.97999954223633,39.97999954223633,39.220001220703125,39.5,3078500,0.0,0.0
2013-01-11 00:00:00-05:00,39.63999938964844,39.70000076293945,39.11000061035156,39.59000015258789,1825200,0.0,0.0
2013-01-14 00:00:00-05:00,39.4900016784668,40.08000183105469,39.29999923706055,39.9900016784668,1734900,0.0,0.0
2013-01-15 00:00:00-05:00,39.66999816894531,39.7599983215332,39.029998779296875,39.65999984741211,1633700,0.0,0.0
2013-01-16 00:00:00-05:00,39.34000015258789,39.560001373291016,39.0,39.369998931884766,1781400,0.0,0.0
2013-01-17 00:00:00-05:00,39.63999938964844,39.86000061035156,39.470001220703125,39.75,2147400,0.0,0.0
2013-01-18 00:00:00-05:00,39.72999954223633,39.970001220703125,39.5,39.959999084472656,1549600,0.0,0.0
2013-01-22 00:00:00-05:00,40.0,40.52000045776367,39.47999954223633,39.93000030517578,2802700,0.0,0.0
2013-01-23 00:00:00-05:00,40.18000030517578,40.47999954223633,39.72999954223633,40.060001373291016,2116800,0.0,0.0
2013-01-24 00:00:00-05:00,40.119998931884766,40.84000015258789,40.04999923706055,40.560001373291016,2333200,0.0,0.0
2013-01-25 00:00:00-05:00,40.79999923706055,41.4900016784668,40.689998626708984,41.150001525878906,2563700,0.0,0.0
2013-01-28 00:00:00-05:00,41.27000045776367,41.38999938964844,40.29999923706055,40.689998626708984,2039600,0.0,0.0
2013-01-29 00:00:00-05:00,40.5,40.709999084472656,39.720001220703125,40.18000030517578,1927000,0.0,0.0
2013-01-30 00:00:00-05:00,40.25,40.689998626708984,40.16999816894531,40.400001525878906,1270600,0.0,0.0
2013-01-31 00:00:00-05:00,40.2599983215332,40.900001525878906,40.2599983215332,40.709999084472656,1335900,0.0,0.0
2013-02-01 00:00:00-05:00,40.91999816894531,41.9900016784668,40.88999938964844,41.810001373291016,2836000,0.0,0.0
2013-02-04 00:00:00-05:00,41.56999969482422,41.869998931884766,41.09000015258789,41.36000061035156,3389400,0.0,0.0
2013-02-05 00:00:00-05:00,41.459999084472656,41.4900016784668,41.02000045776367,41.04999923706055,2141900,0.0,0.0
2013-02-06 00:00:00-05:00,41.15999984741211,42.0,41.15999984741211,41.58000183105469,5905000,0.0,0.0
2013-02-07 00:00:00-05:00,33.79999923706055,35.4900016784668,33.54999923706055,35.2599983215332,27195100,0.0,0.0
2013-02-08 00:00:00-05:00,35.5,35.58000183105469,34.779998779296875,35.41999816894531,7051500,0.0,0.0
2013-02-11 00:00:00-05:00,35.560001373291016,35.63999938964844,34.900001525878906,35.310001373291016,7253000,0.0,0.0
2013-02-12 00:00:00-05:00,35.36000061035156,36.90999984741211,35.08000183105469,36.7400016784668,9682900,0.0,0.0
2013-02-13 00:00:00-05:00,36.81999969482422,37.439998626708984,36.08000183105469,37.310001373291016,6339400,0.0,0.0
2013-02-14 00:00:00-05:00,37.2599983215332,37.93000030517578,36.630001068115234,37.869998931884766,5146400,0.0,0.0
2013-02-15 00:00:00-05:00,37.83000183105469,39.0,37.83000183105469,38.4900016784668,6736900,0.0,0.0
2013-02-19 00:00:00-05:00,38.439998626708984,38.810001373291016,38.06999969482422,38.58000183105469,3906300,0.0,0.0
2013-02-20 00:00:00-05:00,38.619998931884766,38.7599983215332,37.369998931884766,37.400001525878906,4099700,0.0,0.0
2013-02-21 00:00:00-05:00,37.29999923706055,37.529998779296875,36.470001220703125,37.06999969482422,2987600,0.0,0.0
2013-02-22 00:00:00-05:00,37.16999816894531,37.40999984741211,36.0,36.27000045776367,5544700,0.0,0.0
2013-02-25 00:00:00-05:00,37.18000030517578,37.29999923706055,36.310001373291016,36.310001373291016,4466700,0.0,0.0
2013-02-26 00:00:00-05:00,36.36000061035156,36.72999954223633,36.0,36.36000061035156,2212500,0.0,0.0
2013-02-27 00:00:00-05:00,36.36000061035156,36.779998779296875,36.04999923706055,36.58000183105469,2411600,0.0,0.0
2013-02-28 00:00:00-05:00,36.599998474121094,37.189998626708984,36.599998474121094,36.959999084472656,2756900,0.0,0.0
2013-03-01 00:00:00-05:00,36.70000076293945,36.83000183105469,36.150001525878906,36.650001525878906,2846400,0.0,0.0
2013-03-04 00:00:00-05:00,36.63999938964844,37.7400016784668,36.560001373291016,37.400001525878906,2814800,0.0,0.0
2013-03-05 00:00:00-05:00,37.47999954223633,37.900001525878906,37.150001525878906,37.4900016784668,2169700,0.0,0.0
2013-03-06 00:00:00-05:00,37.540000915527344,38.189998626708984,37.29999923706055,37.529998779296875,2882600,0.0,0.0
2013-03-07 00:00:00-05:00,37.70000076293945,37.75,37.04999923706055,37.279998779296875,3385700,0.0,0.0
2013-03-08 00:00:00-05:00,37.380001068115234,37.54999923706055,37.0,37.2400016784668,2655200,0.0,0.0
2013-03-11 00:00:00-04:00,37.220001220703125,37.4900016784668,34.939998626708984,35.599998474121094,13469900,0.0,0.0
2013-03-12 00:00:00-04:00,35.47999954223633,35.540000915527344,34.54999923706055,34.77000045776367,8246200,0.0,0.0
2013-03-13 00:00:00-04:00,34.88999938964844,34.91999816894531,34.29999923706055,34.65999984741211,4262500,0.0,0.0
2013-03-14 00:00:00-04:00,34.75,35.09000015258789,34.45000076293945,34.65999984741211,3524600,0.0,0.0
2013-03-15 00:00:00-04:00,35.349998474121094,35.40999984741211,34.540000915527344,34.689998626708984,6118400,0.0,0.0
2013-03-18 00:00:00-04:00,34.29999923706055,35.029998779296875,34.2599983215332,34.54999923706055,3929900,0.0,0.0
2013-03-19 00:00:00-04:00,34.54999923706055,35.06999969482422,34.2599983215332,34.66999816894531,4511000,0.0,0.0
2013-03-20 00:00:00-04:00,35.09000015258789,35.599998474121094,34.810001373291016,35.45000076293945,4430200,0.0,0.0
2013-03-21 00:00:00-04:00,35.060001373291016,35.5099983215332,34.869998931884766,35.0099983215332,2368700,0.0,0.0
2013-03-22 00:00:00-04:00,35.20000076293945,35.279998779296875,34.689998626708984,34.779998779296875,2174300,0.0,0.0
2013-03-25 00:00:00-04:00,34.790000915527344,34.9900016784668,34.349998474121094,34.400001525878906,3285500,0.0,0.0
2013-03-26 00:00:00-04:00,34.61000061035156,35.150001525878906,34.540000915527344,35.08000183105469,2589500,0.0,0.0
2013-03-27 00:00:00-04:00,34.97999954223633,35.209999084472656,34.560001373291016,35.15999984741211,1497000,0.0,0.0
2013-03-28 00:00:00-04:00,35.06999969482422,35.34000015258789,34.849998474121094,35.31999969482422,1904100,0.0,0.0
2013-04-01 00:00:00-04:00,35.369998931884766,35.40999984741211,34.810001373291016,34.900001525878906,2191500,0.0,0.0
2013-04-02 00:00:00-04:00,35.040000915527344,35.349998474121094,34.790000915527344,34.84000015258789,2087900,0.0,0.0
2013-04-03 00:00:00-04:00,34.900001525878906,35.150001525878906,34.68000030517578,34.779998779296875,2529700,0.0,0.0
2013-04-04 00:00:00-04:00,34.63999938964844,34.84000015258789,34.029998779296875,34.060001373291016,4128600,0.0,0.0
2013-04-05 00:00:00-04:00,33.650001525878906,34.58000183105469,33.459999084472656,34.18000030517578,4049700,0.0,0.0
2013-04-08 00:00:00-04:00,34.279998779296875,34.52000045776367,33.91999816894531,34.4900016784668,2194700,0.0,0.0
2013-04-09 00:00:00-04:00,34.47999954223633,34.790000915527344,34.36000061035156,34.66999816894531,3217400,0.0,0.0
2013-04-10 00:00:00-04:00,34.83000183105469,36.16999816894531,34.810001373291016,36.040000915527344,4245100,0.0,0.0
2013-04-11 00:00:00-04:00,36.0,36.13999938964844,35.59000015258789,35.790000915527344,2445200,0.0,0.0
2013-04-12 00:00:00-04:00,35.709999084472656,35.88999938964844,35.209999084472656,35.40999984741211,2230500,0.0,0.0
2013-04-15 00:00:00-04:00,35.13999938964844,35.310001373291016,34.290000915527344,34.439998626708984,2602400,0.0,0.0
2013-04-16 00:00:00-04:00,34.7400016784668,35.0099983215332,34.560001373291016,34.790000915527344,2798700,0.0,0.0
2013-04-17 00:00:00-04:00,34.459999084472656,34.970001220703125,33.86000061035156,34.18000030517578,2850400,0.0,0.0
2013-04-18 00:00:00-04:00,34.130001068115234,34.220001220703125,33.27000045776367,33.7400016784668,4051200,0.0,0.0
2013-04-19 00:00:00-04:00,33.599998474121094,33.70000076293945,33.36000061035156,33.54999923706055,2938800,0.0,0.0
2013-04-22 00:00:00-04:00,32.720001220703125,34.72999954223633,32.630001068115234,34.279998779296875,3797400,0.0,0.0
2013-04-23 00:00:00-04:00,34.56999969482422,35.599998474121094,34.540000915527344,35.470001220703125,3354700,0.0,0.0
2013-04-24 00:00:00-04:00,35.38999938964844,36.36000061035156,35.150001525878906,36.09000015258789,7071700,0.0,0.0
2013-04-25 00:00:00-04:00,42.25,43.68000030517578,41.810001373291016,42.47999954223633,16795800,0.0,0.0
2013-04-26 00:00:00-04:00,42.279998779296875,42.849998474121094,41.630001068115234,42.61000061035156,5641900,0.0,0.0
2013-04-29 00:00:00-04:00,42.47999954223633,43.220001220703125,42.2599983215332,43.029998779296875,3296100,0.0,0.0
2013-04-30 00:00:00-04:00,43.09000015258789,44.209999084472656,42.9900016784668,43.90999984741211,3887000,0.0,0.0
2013-05-01 00:00:00-04:00,43.869998931884766,44.150001525878906,43.470001220703125,43.63999938964844,2015600,0.0,0.0
2013-05-02 00:00:00-04:00,43.52000045776367,44.470001220703125,43.52000045776367,44.31999969482422,1968000,0.0,0.0
2013-05-03 00:00:00-04:00,44.790000915527344,45.709999084472656,44.5,45.27000045776367,2442400,0.0,0.0
2013-05-06 00:00:00-04:00,45.290000915527344,45.47999954223633,44.75,45.060001373291016,1709900,0.0,0.0
2013-05-07 00:00:00-04:00,45.310001373291016,45.81999969482422,44.880001068115234,45.150001525878906,1514600,0.0,0.0
2013-05-08 00:00:00-04:00,44.83000183105469,45.439998626708984,44.75,45.290000915527344,2051700,0.0,0.0
2013-05-09 00:00:00-04:00,45.279998779296875,45.849998474121094,45.0099983215332,45.61000061035156,2219800,0.0,0.0
2013-05-10 00:00:00-04:00,45.86000061035156,46.880001068115234,45.470001220703125,46.70000076293945,2711800,0.0,0.0
2013-05-13 00:00:00-04:00,46.40999984741211,47.529998779296875,46.150001525878906,46.709999084472656,2610200,0.0,0.0
2013-05-14 00:00:00-04:00,46.650001525878906,47.06999969482422,46.5,46.900001525878906,1474700,0.0,0.0
2013-05-15 00:00:00-04:00,46.61000061035156,48.439998626708984,46.41999816894531,48.029998779296875,2880200,0.0,0.0
2013-05-16 00:00:00-04:00,48.0,48.470001220703125,46.720001220703125,46.93000030517578,3003600,0.0,0.0
2013-05-17 00:00:00-04:00,47.45000076293945,47.75,47.08000183105469,47.4900016784668,2257700,0.0,0.0
2013-05-20 00:00:00-04:00,47.4900016784668,48.220001220703125,47.400001525878906,47.88999938964844,1728900,0.0,0.0
2013-05-21 00:00:00-04:00,47.849998474121094,47.9900016784668,47.060001373291016,47.279998779296875,1957200,0.0,0.0
2013-05-22 00:00:00-04:00,47.41999816894531,47.83000183105469,45.869998931884766,46.119998931884766,2980500,0.0,0.0
2013-05-23 00:00:00-04:00,45.939998626708984,46.58000183105469,45.720001220703125,46.349998474121094,1818300,0.0,0.0
2013-05-24 00:00:00-04:00,45.93000030517578,46.13999938964844,45.45000076293945,46.040000915527344,1203100,0.0,0.0
2013-05-28 00:00:00-04:00,46.52000045776367,46.97999954223633,46.18000030517578,46.560001373291016,1979700,0.0,0.0
2013-05-29 00:00:00-04:00,46.369998931884766,46.88999938964844,46.04999923706055,46.36000061035156,2593600,0.0,0.0
2013-05-30 00:00:00-04:00,46.380001068115234,47.70000076293945,46.36000061035156,47.09000015258789,2904900,0.0,0.0
2013-05-31 00:00:00-04:00,46.779998779296875,47.34000015258789,46.11000061035156,46.119998931884766,2721800,0.0,0.0
2013-06-03 00:00:00-04:00,46.220001220703125,46.439998626708984,44.90999984741211,45.90999984741211,2536800,0.0,0.0
2013-06-04 00:00:00-04:00,45.91999816894531,46.18000030517578,44.61000061035156,44.650001525878906,2489100,0.0,0.0
2013-06-05 00:00:00-04:00,44.58000183105469,45.060001373291016,44.16999816894531,44.29999923706055,1669700,0.0,0.0
2013-06-06 00:00:00-04:00,44.29999923706055,44.70000076293945,43.90999984741211,44.560001373291016,1320200,0.0,0.0
2013-06-07 00:00:00-04:00,44.970001220703125,45.279998779296875,44.61000061035156,45.2599983215332,1038200,0.0,0.0
2013-06-10 00:00:00-04:00,45.189998626708984,45.189998626708984,44.38999938964844,44.75,1093800,0.0,0.0
2013-06-11 00:00:00-04:00,44.33000183105469,44.5099983215332,43.75,43.84000015258789,1746400,0.0,0.0
2013-06-12 00:00:00-04:00,43.900001525878906,43.9900016784668,42.209999084472656,42.52000045776367,3188700,0.0,0.0
2013-06-13 00:00:00-04:00,42.41999816894531,42.86000061035156,41.65999984741211,42.63999938964844,2620700,0.0,0.0
2013-06-14 00:00:00-04:00,42.68000030517578,43.16999816894531,42.09000015258789,42.560001373291016,1614200,0.0,0.0
2013-06-17 00:00:00-04:00,43.06999969482422,43.650001525878906,42.779998779296875,42.939998626708984,1644300,0.0,0.0
2013-06-18 00:00:00-04:00,42.58000183105469,43.02000045776367,42.439998626708984,42.84000015258789,1647000,0.0,0.0
2013-06-19 00:00:00-04:00,42.91999816894531,43.13999938964844,42.4900016784668,42.560001373291016,1422100,0.0,0.0
2013-06-20 00:00:00-04:00,41.9900016784668,42.47999954223633,41.119998931884766,41.25,1769000,0.0,0.0
2013-06-21 00:00:00-04:00,41.459999084472656,41.689998626708984,40.459999084472656,40.75,3171600,0.0,0.0
2013-06-24 00:00:00-04:00,40.470001220703125,41.689998626708984,40.08000183105469,41.40999984741211,2489300,0.0,0.0
2013-06-25 00:00:00-04:00,42.06999969482422,42.380001068115234,41.7400016784668,41.90999984741211,2030600,0.0,0.0
2013-06-26 00:00:00-04:00,42.18000030517578,43.099998474121094,42.0,42.7599983215332,1931600,0.0,0.0
2013-06-27 00:00:00-04:00,42.900001525878906,43.099998474121094,42.66999816894531,42.689998626708984,1136900,0.0,0.0
2013-06-28 00:00:00-04:00,42.43000030517578,43.0,42.279998779296875,42.54999923706055,1660100,0.0,0.0
2013-07-01 00:00:00-04:00,42.7400016784668,43.040000915527344,42.5,42.970001220703125,1816600,0.0,0.0
2013-07-02 00:00:00-04:00,42.970001220703125,43.15999984741211,42.209999084472656,42.54999923706055,1767900,0.0,0.0
2013-07-03 00:00:00-04:00,42.279998779296875,43.0099983215332,42.16999816894531,42.689998626708984,462600,0.0,0.0
2013-07-05 00:00:00-04:00,42.97999954223633,43.290000915527344,42.56999969482422,43.029998779296875,949800,0.0,0.0
2013-07-08 00:00:00-04:00,43.27000045776367,43.45000076293945,42.77000045776367,43.029998779296875,1473900,0.0,0.0
2013-07-09 00:00:00-04:00,43.189998626708984,43.650001525878906,42.720001220703125,43.560001373291016,2120100,0.0,0.0
2013-07-10 00:00:00-04:00,43.540000915527344,43.7400016784668,42.97999954223633,43.52000045776367,1638800,0.0,0.0
2013-07-11 00:00:00-04:00,43.90999984741211,44.61000061035156,43.720001220703125,44.5,1866300,0.0,0.0
2013-07-12 00:00:00-04:00,44.650001525878906,45.20000076293945,44.470001220703125,44.91999816894531,1474600,0.0,0.0
2013-07-15 00:00:00-04:00,44.83000183105469,44.93000030517578,44.22999954223633,44.689998626708984,1034700,0.0,0.0
2013-07-16 00:00:00-04:00,44.79999923706055,45.06999969482422,44.16999816894531,44.41999816894531,1474000,0.0,0.0
2013-07-17 00:00:00-04:00,44.4900016784668,45.18000030517578,44.4900016784668,45.09000015258789,1171600,0.0,0.0
2013-07-18 00:00:00-04:00,45.25,45.650001525878906,45.189998626708984,45.34000015258789,1563800,0.0,0.0
2013-07-19 00:00:00-04:00,45.34000015258789,45.400001525878906,44.70000076293945,44.810001373291016,1472600,0.0,0.0
2013-07-22 00:00:00-04:00,45.099998474121094,45.099998474121094,43.70000076293945,44.099998474121094,2973200,0.0,0.0
2013-07-23 00:00:00-04:00,44.189998626708984,44.349998474121094,43.40999984741211,44.25,2335000,0.0,0.0
2013-07-24 00:00:00-04:00,44.709999084472656,44.810001373291016,43.83000183105469,43.869998931884766,3606700,0.0,0.0
2013-07-25 00:00:00-04:00,42.5,45.59000015258789,42.400001525878906,45.189998626708984,4888300,0.0,0.0
2013-07-26 00:00:00-04:00,44.86000061035156,47.279998779296875,44.86000061035156,47.22999954223633,4125900,0.0,0.0
2013-07-29 00:00:00-04:00,47.04999923706055,47.099998474121094,46.33000183105469,46.75,2444900,0.0,0.0
2013-07-30 00:00:00-04:00,46.900001525878906,47.11000061035156,46.470001220703125,47.06999969482422,2017500,0.0,0.0
2013-07-31 00:00:00-04:00,47.209999084472656,47.4900016784668,46.81999969482422,47.20000076293945,1932000,0.0,0.0
2013-08-01 00:00:00-04:00,47.5099983215332,47.77000045776367,47.34000015258789,47.63999938964844,1638700,0.0,0.0
2013-08-02 00:00:00-04:00,47.779998779296875,47.779998779296875,46.65999984741211,46.849998474121094,1217100,0.0,0.0
2013-08-05 00:00:00-04:00,46.689998626708984,46.970001220703125,46.459999084472656,46.900001525878906,1503700,0.0,0.0
2013-08-06 00:00:00-04:00,46.72999954223633,46.95000076293945,46.16999816894531,46.2599983215332,1414200,0.0,0.0
2013-08-07 00:00:00-04:00,46.130001068115234,46.20000076293945,45.630001068115234,46.09000015258789,1383200,0.0,0.0
2013-08-08 00:00:00-04:00,46.2400016784668,46.66999816894531,45.900001525878906,46.630001068115234,1305400,0.0,0.0
2013-08-09 00:00:00-04:00,46.70000076293945,46.97999954223633,46.150001525878906,46.52000045776367,1009800,0.0,0.0
2013-08-12 00:00:00-04:00,46.220001220703125,47.16999816894531,46.130001068115234,46.709999084472656,1287200,0.0,0.0
2013-08-13 00:00:00-04:00,46.709999084472656,47.189998626708984,46.36000061035156,46.939998626708984,995000,0.0,0.0
2013-08-14 00:00:00-04:00,46.939998626708984,47.119998931884766,46.45000076293945,46.810001373291016,929500,0.0,0.0
2013-08-15 00:00:00-04:00,46.349998474121094,46.349998474121094,45.75,46.189998626708984,1716300,0.0,0.0
2013-08-16 00:00:00-04:00,46.0,46.34000015258789,45.75,45.90999984741211,1621900,0.0,0.0
2013-08-19 00:00:00-04:00,45.95000076293945,46.369998931884766,45.529998779296875,46.0,1368800,0.0,0.0
2013-08-20 00:00:00-04:00,46.02000045776367,46.33000183105469,45.7599983215332,46.209999084472656,908800,0.0,0.0
2013-08-21 00:00:00-04:00,45.7400016784668,46.439998626708984,45.68000030517578,46.290000915527344,1361400,0.0,0.0
2013-08-22 00:00:00-04:00,46.34000015258789,47.43000030517578,46.08000183105469,47.29999923706055,919200,0.0,0.0
2013-08-23 00:00:00-04:00,47.439998626708984,47.439998626708984,46.72999954223633,47.099998474121094,1310400,0.0,0.0
2013-08-26 00:00:00-04:00,47.02000045776367,47.099998474121094,46.439998626708984,46.599998474121094,861900,0.0,0.0
2013-08-27 00:00:00-04:00,46.130001068115234,46.56999969482422,45.86000061035156,46.29999923706055,1603800,0.0,0.0
2013-08-28 00:00:00-04:00,46.33000183105469,46.689998626708984,46.150001525878906,46.40999984741211,1278900,0.0,0.0
2013-08-29 00:00:00-04:00,46.189998626708984,46.79999923706055,46.0099983215332,46.5,1139300,0.0,0.0
2013-08-30 00:00:00-04:00,46.4900016784668,46.4900016784668,45.81999969482422,45.97999954223633,1068500,0.0,0.0
2013-09-03 00:00:00-04:00,46.400001525878906,47.04999923706055,46.400001525878906,46.849998474121094,1172900,0.0,0.0
2013-09-04 00:00:00-04:00,47.060001373291016,47.65999984741211,46.43000030517578,47.43000030517578,1321300,0.0,0.0
2013-09-05 00:00:00-04:00,47.290000915527344,48.0099983215332,47.2400016784668,47.91999816894531,1123300,0.0,0.0
2013-09-06 00:00:00-04:00,48.11000061035156,48.20000076293945,46.7599983215332,47.58000183105469,1576700,0.0,0.0
2013-09-09 00:00:00-04:00,47.66999816894531,49.099998474121094,47.66999816894531,48.88999938964844,2217400,0.0,0.0
2013-09-10 00:00:00-04:00,49.099998474121094,49.459999084472656,48.88999938964844,49.43000030517578,1711800,0.0,0.0
2013-09-11 00:00:00-04:00,49.400001525878906,50.209999084472656,49.20000076293945,50.130001068115234,2043000,0.0,0.0
2013-09-12 00:00:00-04:00,50.029998779296875,50.709999084472656,49.810001373291016,50.56999969482422,1582300,0.0,0.0
2013-09-13 00:00:00-04:00,50.810001373291016,51.31999969482422,50.59000015258789,51.27000045776367,2276600,0.0,0.0
2013-09-16 00:00:00-04:00,51.66999816894531,51.93000030517578,51.290000915527344,51.369998931884766,1756800,0.0,0.0
2013-09-17 00:00:00-04:00,51.349998474121094,51.7400016784668,51.119998931884766,51.58000183105469,1191800,0.0,0.0
2013-09-18 00:00:00-04:00,51.900001525878906,52.47999954223633,51.63999938964844,52.380001068115234,2543000,0.0,0.0
2013-09-19 00:00:00-04:00,52.54999923706055,53.029998779296875,52.29999923706055,52.77000045776367,2987000,0.0,0.0
2013-09-20 00:00:00-04:00,52.90999984741211,53.20000076293945,52.33000183105469,52.709999084472656,3157400,0.0,0.0
2013-09-23 00:00:00-04:00,52.689998626708984,52.95000076293945,51.88999938964844,51.97999954223633,3218400,0.0,0.0
2013-09-24 00:00:00-04:00,52.040000915527344,52.40999984741211,51.810001373291016,51.93000030517578,1781300,0.0,0.0
2013-09-25 00:00:00-04:00,52.06999969482422,52.43000030517578,51.560001373291016,52.08000183105469,1573700,0.0,0.0
2013-09-26 00:00:00-04:00,52.36000061035156,52.91999816894531,52.209999084472656,52.77000045776367,1121600,0.0,0.0
2013-09-27 00:00:00-04:00,51.70000076293945,52.38999938964844,51.470001220703125,51.75,1854000,0.0,0.0
2013-09-30 00:00:00-04:00,51.310001373291016,51.88999938964844,50.849998474121094,51.70000076293945,1504200,0.0,0.0
2013-10-01 00:00:00-04:00,51.7400016784668,52.439998626708984,51.5099983215332,52.41999816894531,1167300,0.0,0.0
2013-10-02 00:00:00-04:00,51.880001068115234,52.34000015258789,51.58000183105469,52.220001220703125,1066400,0.0,0.0
2013-10-03 00:00:00-04:00,52.27000045776367,52.400001525878906,50.93000030517578,51.15999984741211,1500300,0.0,0.0
2013-10-04 00:00:00-04:00,51.310001373291016,52.470001220703125,51.18000030517578,52.31999969482422,1524200,0.0,0.0
2013-10-07 00:00:00-04:00,52.20000076293945,52.72999954223633,51.63999938964844,51.66999816894531,1267300,0.0,0.0
2013-10-08 00:00:00-04:00,51.54999923706055,51.869998931884766,49.900001525878906,50.0,1488300,0.0,0.0
2013-10-09 00:00:00-04:00,50.25,50.33000183105469,48.310001373291016,49.29999923706055,2214100,0.0,0.0
2013-10-10 00:00:00-04:00,49.7400016784668,51.31999969482422,49.650001525878906,51.060001373291016,2058700,0.0,0.0
2013-10-11 00:00:00-04:00,51.040000915527344,52.119998931884766,51.02000045776367,51.88999938964844,1520500,0.0,0.0
2013-10-14 00:00:00-04:00,51.63999938964844,51.9900016784668,51.130001068115234,51.88999938964844,977700,0.0,0.0
2013-10-15 00:00:00-04:00,51.29999923706055,52.290000915527344,51.0,51.310001373291016,1630800,0.0,0.0
2013-10-16 00:00:00-04:00,51.66999816894531,52.11000061035156,51.54999923706055,51.810001373291016,1401100,0.0,0.0
2013-10-17 00:00:00-04:00,52.290000915527344,52.5,51.790000915527344,52.040000915527344,1397600,0.0,0.0
2013-10-18 00:00:00-04:00,52.16999816894531,52.43000030517578,51.970001220703125,52.150001525878906,2230900,0.0,0.0
2013-10-21 00:00:00-04:00,52.279998779296875,52.63999938964844,51.97999954223633,52.20000076293945,1749900,0.0,0.0
2013-10-22 00:00:00-04:00,51.869998931884766,53.61000061035156,51.869998931884766,53.38999938964844,2454800,0.0,0.0
2013-10-23 00:00:00-04:00,52.439998626708984,52.810001373291016,51.75,51.869998931884766,5563600,0.0,0.0
2013-10-24 00:00:00-04:00,46.790000915527344,47.58000183105469,45.959999084472656,46.060001373291016,12288100,0.0,0.0
2013-10-25 00:00:00-04:00,46.81999969482422,47.06999969482422,45.11000061035156,45.880001068115234,5556500,0.0,0.0
2013-10-28 00:00:00-04:00,45.34000015258789,46.06999969482422,45.189998626708984,45.779998779296875,3513100,0.0,0.0
2013-10-29 00:00:00-04:00,46.08000183105469,46.75,45.790000915527344,46.56999969482422,2880600,0.0,0.0
2013-10-30 00:00:00-04:00,46.529998779296875,46.790000915527344,45.45000076293945,45.54999923706055,2890200,0.0,0.0
2013-10-31 00:00:00-04:00,45.540000915527344,46.06999969482422,44.70000076293945,44.7599983215332,3521600,0.0,0.0
2013-11-01 00:00:00-04:00,45.0099983215332,45.40999984741211,44.77000045776367,45.06999969482422,2495800,0.0,0.0
2013-11-04 00:00:00-05:00,45.130001068115234,45.900001525878906,45.06999969482422,45.66999816894531,1860100,0.0,0.0
2013-11-05 00:00:00-05:00,45.34000015258789,45.65999984741211,44.790000915527344,45.209999084472656,1967700,0.0,0.0
2013-11-06 00:00:00-05:00,45.310001373291016,45.47999954223633,44.84000015258789,45.15999984741211,1214100,0.0,0.0
2013-11-07 00:00:00-05:00,45.36000061035156,45.41999816894531,44.400001525878906,44.47999954223633,1905300,0.0,0.0
2013-11-08 00:00:00-05:00,44.56999969482422,45.27000045776367,44.54999923706055,45.27000045776367,2033200,0.0,0.0
2013-11-11 00:00:00-05:00,45.11000061035156,45.34000015258789,44.779998779296875,45.2400016784668,1365200,0.0,0.0
2013-11-12 00:00:00-05:00,45.09000015258789,45.310001373291016,44.939998626708984,45.11000061035156,1236100,0.0,0.0
2013-11-13 00:00:00-05:00,45.029998779296875,46.65999984741211,44.86000061035156,46.529998779296875,2323200,0.0,0.0
2013-11-14 00:00:00-05:00,46.40999984741211,46.849998474121094,46.0099983215332,46.16999816894531,1326200,0.0,0.0
2013-11-15 00:00:00-05:00,46.11000061035156,46.310001373291016,45.619998931884766,45.7599983215332,1595900,0.0,0.0
2013-11-18 00:00:00-05:00,45.66999816894531,46.22999954223633,45.599998474121094,45.72999954223633,1231700,0.0,0.0
2013-11-19 00:00:00-05:00,45.77000045776367,46.02000045776367,45.130001068115234,45.349998474121094,1232400,0.0,0.0
2013-11-20 00:00:00-05:00,45.459999084472656,45.779998779296875,45.02000045776367,45.220001220703125,1308100,0.0,0.0
2013-11-21 00:00:00-05:00,45.0,45.040000915527344,44.25,44.45000076293945,2680600,0.0,0.0
2013-11-22 00:00:00-05:00,44.59000015258789,44.790000915527344,44.08000183105469,44.20000076293945,1689300,0.0,0.0
2013-11-25 00:00:00-05:00,44.45000076293945,45.31999969482422,44.0099983215332,44.630001068115234,2106000,0.0,0.0
2013-11-26 00:00:00-05:00,44.7400016784668,44.84000015258789,44.189998626708984,44.27000045776367,1582400,0.0,0.0
2013-11-27 00:00:00-05:00,44.2400016784668,44.900001525878906,44.22999954223633,44.400001525878906,1115300,0.0,0.0
2013-11-29 00:00:00-05:00,44.400001525878906,44.880001068115234,44.33000183105469,44.720001220703125,685100,0.0,0.0
2013-12-02 00:00:00-05:00,44.709999084472656,44.709999084472656,44.0,44.11000061035156,2241700,0.0,0.0
2013-12-03 00:00:00-05:00,43.91999816894531,45.75,43.869998931884766,45.650001525878906,3123100,0.0,0.0
2013-12-04 00:00:00-05:00,45.33000183105469,46.54999923706055,45.20000076293945,45.86000061035156,3379900,0.0,0.0
2013-12-05 00:00:00-05:00,45.90999984741211,45.90999984741211,44.7599983215332,45.119998931884766,2563700,0.0,0.0
2013-12-06 00:00:00-05:00,45.68000030517578,45.7400016784668,44.54999923706055,44.95000076293945,2184100,0.0,0.0
2013-12-09 00:00:00-05:00,43.9900016784668,44.849998474121094,43.810001373291016,44.349998474121094,3802000,0.0,0.0
2013-12-10 00:00:00-05:00,44.27000045776367,45.36000061035156,44.040000915527344,45.0099983215332,2931800,0.0,0.0
2013-12-11 00:00:00-05:00,45.099998474121094,45.380001068115234,44.40999984741211,44.439998626708984,1819000,0.0,0.0
2013-12-12 00:00:00-05:00,44.349998474121094,44.599998474121094,43.7400016784668,43.7599983215332,2355600,0.0,0.0
2013-12-13 00:00:00-05:00,44.130001068115234,45.880001068115234,44.099998474121094,45.720001220703125,3620000,0.0,0.0
2013-12-16 00:00:00-05:00,45.81999969482422,45.86000061035156,45.02000045776367,45.38999938964844,2056800,0.0,0.0
2013-12-17 00:00:00-05:00,45.369998931884766,45.84000015258789,45.220001220703125,45.58000183105469,1103400,0.0,0.0
2013-12-18 00:00:00-05:00,45.61000061035156,46.790000915527344,45.38999938964844,46.54999923706055,3887900,0.0,0.0
2013-12-19 00:00:00-05:00,46.52000045776367,46.709999084472656,46.2400016784668,46.599998474121094,1998000,0.0,0.0
2013-12-20 00:00:00-05:00,46.810001373291016,47.900001525878906,46.630001068115234,47.70000076293945,3855900,0.0,0.0
2013-12-23 00:00:00-05:00,47.70000076293945,47.900001525878906,47.060001373291016,47.5099983215332,1741900,0.0,0.0
2013-12-24 00:00:00-05:00,47.43000030517578,47.7400016784668,47.34000015258789,47.72999954223633,591100,0.0,0.0
2013-12-26 00:00:00-05:00,47.900001525878906,47.970001220703125,46.90999984741211,47.29999923706055,1180100,0.0,0.0
2013-12-27 00:00:00-05:00,47.310001373291016,47.43000030517578,46.7400016784668,46.880001068115234,1399300,0.0,0.0
2013-12-30 00:00:00-05:00,46.970001220703125,47.22999954223633,46.58000183105469,46.939998626708984,1226500,0.0,0.0
2013-12-31 00:00:00-05:00,46.97999954223633,47.40999984741211,46.88999938964844,47.18000030517578,990600,0.0,0.0
2014-01-02 00:00:00-05:00,47.11000061035156,47.18000030517578,46.41999816894531,46.529998779296875,935100,0.0,0.0
2014-01-03 00:00:00-05:00,46.68000030517578,46.959999084472656,46.27000045776367,46.45000076293945,960400,0.0,0.0
2014-01-06 00:00:00-05:00,46.400001525878906,46.58000183105469,45.79999923706055,46.11000061035156,1754500,0.0,0.0
2014-01-07 00:00:00-05:00,46.25,47.13999938964844,46.0099983215332,47.0099983215332,1480000,0.0,0.0
2014-01-08 00:00:00-05:00,46.9900016784668,47.2599983215332,46.650001525878906,46.68000030517578,2228500,0.0,0.0
2014-01-09 00:00:00-05:00,46.779998779296875,47.90999984741211,46.77000045776367,47.619998931884766,1686600,0.0,0.0
2014-01-10 00:00:00-05:00,47.779998779296875,48.2400016784668,47.630001068115234,48.20000076293945,1425400,0.0,0.0
2014-01-13 00:00:00-05:00,48.16999816894531,48.16999816894531,45.86000061035156,46.29999923706055,2134400,0.0,0.0
2014-01-14 00:00:00-05:00,46.27000045776367,47.52000045776367,46.220001220703125,47.439998626708984,1538600,0.0,0.0
2014-01-15 00:00:00-05:00,47.560001373291016,49.4900016784668,47.349998474121094,49.150001525878906,2829200,0.0,0.0
2014-01-16 00:00:00-05:00,49.20000076293945,49.220001220703125,48.25,48.7400016784668,1180900,0.0,0.0
2014-01-17 00:00:00-05:00,48.70000076293945,49.060001373291016,48.36000061035156,48.58000183105469,1369000,0.0,0.0
2014-01-21 00:00:00-05:00,48.81999969482422,49.0,48.349998474121094,48.95000076293945,1227900,0.0,0.0
2014-01-22 00:00:00-05:00,48.93000030517578,49.45000076293945,48.68000030517578,49.18000030517578,1724400,0.0,0.0
2014-01-23 00:00:00-05:00,48.77000045776367,49.709999084472656,48.529998779296875,49.61000061035156,2466300,0.0,0.0
2014-01-24 00:00:00-05:00,49.349998474121094,49.38999938964844,48.119998931884766,48.34000015258789,1974700,0.0,0.0
2014-01-27 00:00:00-05:00,48.4900016784668,48.720001220703125,47.369998931884766,47.84000015258789,1652400,0.0,0.0
2014-01-28 00:00:00-05:00,47.810001373291016,48.4900016784668,47.63999938964844,48.349998474121094,1162600,0.0,0.0
2014-01-29 00:00:00-05:00,47.97999954223633,48.34000015258789,47.40999984741211,47.54999923706055,1379600,0.0,0.0
2014-01-30 00:00:00-05:00,47.939998626708984,48.68000030517578,47.68000030517578,48.470001220703125,1326700,0.0,0.0
2014-01-31 00:00:00-05:00,47.970001220703125,48.06999969482422,47.459999084472656,47.68000030517578,1884400,0.0,0.0
2014-02-03 00:00:00-05:00,48.880001068115234,49.5,45.59000015258789,46.0099983215332,6603000,0.0,0.0
2014-02-04 00:00:00-05:00,46.369998931884766,46.959999084472656,46.09000015258789,46.4900016784668,3047400,0.0,0.0
2014-02-05 00:00:00-05:00,46.43000030517578,47.790000915527344,46.20000076293945,47.41999816894531,5598500,0.0,0.0
2014-02-06 00:00:00-05:00,54.9900016784668,57.7599983215332,54.79999923706055,57.18000030517578,14583100,0.0,0.0
2014-02-07 00:00:00-05:00,56.9900016784668,57.20000076293945,56.25,56.63999938964844,4848800,0.0,0.0
2014-02-10 00:00:00-05:00,56.40999984741211,58.04999923706055,56.40999984741211,58.0099983215332,4644400,0.0,0.0
2014-02-11 00:00:00-05:00,58.119998931884766,59.95000076293945,57.86000061035156,59.790000915527344,4895000,0.0,0.0
2014-02-12 00:00:00-05:00,59.77000045776367,61.11000061035156,59.06999969482422,59.13999938964844,4759400,0.0,0.0
2014-02-13 00:00:00-05:00,58.63999938964844,59.939998626708984,58.630001068115234,59.709999084472656,3855100,0.0,0.0
2014-02-14 00:00:00-05:00,59.65999984741211,60.16999816894531,58.810001373291016,60.029998779296875,6326700,0.0,0.0
2014-02-18 00:00:00-05:00,59.790000915527344,60.810001373291016,59.720001220703125,60.619998931884766,2775000,0.0,0.0
2014-02-19 00:00:00-05:00,60.61000061035156,60.810001373291016,60.040000915527344,60.52000045776367,2928800,0.0,0.0
2014-02-20 00:00:00-05:00,60.70000076293945,61.61000061035156,60.5,61.54999923706055,2139700,0.0,0.0
2014-02-21 00:00:00-05:00,61.650001525878906,62.5,61.27000045776367,61.72999954223633,2487000,0.0,0.0
2014-02-24 00:00:00-05:00,61.650001525878906,63.13999938964844,61.40999984741211,62.63999938964844,3047200,0.0,0.0
2014-02-25 00:00:00-05:00,62.75,62.880001068115234,61.5099983215332,61.66999816894531,2312500,0.0,0.0
2014-02-26 00:00:00-05:00,61.939998626708984,62.40999984741211,61.41999816894531,61.47999954223633,2390600,0.0,0.0
2014-02-27 00:00:00-05:00,61.79999923706055,62.7400016784668,61.79999923706055,62.7400016784668,2541200,0.0,0.0
2014-02-28 00:00:00-05:00,62.93000030517578,63.150001525878906,60.91999816894531,61.130001068115234,2614200,0.0,0.0
2014-03-03 00:00:00-05:00,60.4900016784668,61.38999938964844,60.0099983215332,61.2599983215332,2165600,0.0,0.0
2014-03-04 00:00:00-05:00,61.95000076293945,62.650001525878906,61.77000045776367,62.63999938964844,1924600,0.0,0.0
2014-03-05 00:00:00-05:00,62.66999816894531,62.790000915527344,61.4900016784668,61.5099983215332,2026800,0.0,0.0
2014-03-06 00:00:00-05:00,61.790000915527344,62.13999938964844,61.189998626708984,61.369998931884766,2075000,0.0,0.0
2014-03-07 00:00:00-05:00,61.83000183105469,62.0099983215332,60.75,61.0,1762800,0.0,0.0
2014-03-10 00:00:00-04:00,61.189998626708984,61.189998626708984,59.08000183105469,59.38999938964844,3222500,0.0,0.0
2014-03-11 00:00:00-04:00,59.709999084472656,60.93000030517578,58.880001068115234,60.22999954223633,2873800,0.0,0.0
2014-03-12 00:00:00-04:00,59.630001068115234,60.47999954223633,59.0,60.439998626708984,1785300,0.0,0.0
2014-03-13 00:00:00-04:00,60.63999938964844,60.95000076293945,58.66999816894531,59.029998779296875,1473100,0.0,0.0
2014-03-14 00:00:00-04:00,58.7400016784668,59.93000030517578,58.540000915527344,59.529998779296875,1439400,0.0,0.0
2014-03-17 00:00:00-04:00,59.959999084472656,60.709999084472656,59.47999954223633,59.79999923706055,1273600,0.0,0.0
2014-03-18 00:00:00-04:00,59.84000015258789,60.900001525878906,59.689998626708984,60.61000061035156,1738800,0.0,0.0
2014-03-19 00:00:00-04:00,60.540000915527344,60.88999938964844,59.88999938964844,60.11000061035156,1910200,0.0,0.0
2014-03-20 00:00:00-04:00,59.70000076293945,62.91999816894531,59.70000076293945,61.959999084472656,4060900,0.0,0.0
2014-03-21 00:00:00-04:00,62.68000030517578,62.7400016784668,60.470001220703125,60.720001220703125,3392600,0.0,0.0
2014-03-24 00:00:00-04:00,60.95000076293945,61.15999984741211,58.54999923706055,59.58000183105469,2977600,0.0,0.0
2014-03-25 00:00:00-04:00,60.099998474121094,60.529998779296875,56.79999923706055,57.86000061035156,4488300,0.0,0.0
2014-03-26 00:00:00-04:00,58.650001525878906,58.91999816894531,57.209999084472656,57.75,2679800,0.0,0.0
2014-03-27 00:00:00-04:00,57.5,58.630001068115234,56.52000045776367,58.11000061035156,2627900,0.0,0.0
2014-03-28 00:00:00-04:00,58.439998626708984,59.22999954223633,57.84000015258789,58.2400016784668,1446000,0.0,0.0
2014-03-31 00:00:00-04:00,58.54999923706055,59.130001068115234,58.04999923706055,58.209999084472656,1726200,0.0,0.0
2014-04-01 00:00:00-04:00,58.7599983215332,59.709999084472656,58.59000015258789,59.619998931884766,1579600,0.0,0.0
2014-04-02 00:00:00-04:00,59.619998931884766,59.7599983215332,58.099998474121094,58.18000030517578,2434400,0.0,0.0
2014-04-03 00:00:00-04:00,58.25,58.349998474121094,56.22999954223633,56.439998626708984,2937000,0.0,0.0
2014-04-04 00:00:00-04:00,57.099998474121094,57.099998474121094,53.470001220703125,54.349998474121094,4903600,0.0,0.0
2014-04-07 00:00:00-04:00,54.119998931884766,54.599998474121094,53.11000061035156,53.84000015258789,3551900,0.0,0.0
2014-04-08 00:00:00-04:00,54.0,54.7599983215332,53.54999923706055,54.45000076293945,2253900,0.0,0.0
2014-04-09 00:00:00-04:00,54.75,55.220001220703125,54.45000076293945,55.18000030517578,2470900,0.0,0.0
2014-04-10 00:00:00-04:00,55.380001068115234,55.4900016784668,52.81999969482422,52.880001068115234,3100800,0.0,0.0
2014-04-11 00:00:00-04:00,52.34000015258789,53.400001525878906,51.790000915527344,52.61000061035156,3544400,0.0,0.0
2014-04-14 00:00:00-04:00,53.099998474121094,54.130001068115234,52.40999984741211,52.959999084472656,2105100,0.0,0.0
2014-04-15 00:00:00-04:00,52.959999084472656,53.849998474121094,51.66999816894531,53.56999969482422,2377500,0.0,0.0
2014-04-16 00:00:00-04:00,53.810001373291016,54.54999923706055,53.279998779296875,54.52000045776367,1888300,0.0,0.0
2014-04-17 00:00:00-04:00,54.33000183105469,54.75,53.689998626708984,54.29999923706055,1367300,0.0,0.0
2014-04-21 00:00:00-04:00,54.560001373291016,54.779998779296875,53.84000015258789,54.41999816894531,989500,0.0,0.0
2014-04-22 00:00:00-04:00,54.439998626708984,55.439998626708984,54.189998626708984,54.709999084472656,1492500,0.0,0.0
2014-04-23 00:00:00-04:00,54.66999816894531,55.099998474121094,53.310001373291016,53.77000045776367,2456500,0.0,0.0
2014-04-24 00:00:00-04:00,54.5099983215332,54.70000076293945,52.540000915527344,53.349998474121094,1753500,0.0,0.0
2014-04-25 00:00:00-04:00,53.09000015258789,53.29999923706055,51.66999816894531,52.029998779296875,2197200,0.0,0.0
2014-04-28 00:00:00-04:00,52.56999969482422,52.75,50.56999969482422,51.13999938964844,3286400,0.0,0.0
2014-04-29 00:00:00-04:00,51.349998474121094,52.54999923706055,50.52000045776367,52.47999954223633,3595300,0.0,0.0
2014-04-30 00:00:00-04:00,52.38999938964844,53.290000915527344,51.650001525878906,53.06999969482422,1972800,0.0,0.0
2014-05-01 00:00:00-04:00,53.4900016784668,55.16999816894531,53.08000183105469,54.529998779296875,4436400,0.0,0.0
2014-05-02 00:00:00-04:00,55.2400016784668,56.75,53.02000045776367,53.18000030517578,7190400,0.0,0.0
2014-05-05 00:00:00-04:00,53.029998779296875,54.29999923706055,52.540000915527344,54.130001068115234,2298300,0.0,0.0
2014-05-06 00:00:00-04:00,53.70000076293945,54.2400016784668,52.15999984741211,52.400001525878906,1906800,0.0,0.0
2014-05-07 00:00:00-04:00,52.47999954223633,52.959999084472656,51.099998474121094,51.86000061035156,2600100,0.0,0.0
2014-05-08 00:00:00-04:00,51.599998474121094,52.72999954223633,51.41999816894531,52.209999084472656,2171200,0.0,0.0
2014-05-09 00:00:00-04:00,52.31999969482422,53.06999969482422,51.86000061035156,52.81999969482422,1463400,0.0,0.0
2014-05-12 00:00:00-04:00,52.939998626708984,53.83000183105469,52.79999923706055,53.43000030517578,1873000,0.0,0.0
2014-05-13 00:00:00-04:00,53.79999923706055,54.25,53.189998626708984,53.29999923706055,1739400,0.0,0.0
2014-05-14 00:00:00-04:00,54.40999984741211,55.20000076293945,54.040000915527344,54.060001373291016,2932000,0.0,0.0
2014-05-15 00:00:00-04:00,53.84000015258789,54.029998779296875,52.400001525878906,53.5099983215332,1811400,0.0,0.0
2014-05-16 00:00:00-04:00,53.59000015258789,53.59000015258789,52.5099983215332,53.33000183105469,1438100,0.0,0.0
2014-05-19 00:00:00-04:00,53.099998474121094,54.0,52.54999923706055,53.34000015258789,2320300,0.0,0.0
2014-05-20 00:00:00-04:00,53.18000030517578,53.369998931884766,51.9900016784668,52.2400016784668,2242100,0.0,0.0
2014-05-21 00:00:00-04:00,52.380001068115234,53.970001220703125,51.7599983215332,53.880001068115234,2432300,0.0,0.0
2014-05-22 00:00:00-04:00,53.91999816894531,53.970001220703125,53.16999816894531,53.47999954223633,1175500,0.0,0.0
2014-05-23 00:00:00-04:00,53.68000030517578,53.84000015258789,53.08000183105469,53.650001525878906,894400,0.0,0.0
2014-05-27 00:00:00-04:00,54.0099983215332,54.720001220703125,53.86000061035156,54.61000061035156,1586600,0.0,0.0
2014-05-28 00:00:00-04:00,54.720001220703125,54.790000915527344,53.849998474121094,54.349998474121094,1718600,0.0,0.0
2014-05-29 00:00:00-04:00,54.400001525878906,54.91999816894531,54.040000915527344,54.77000045776367,2006900,0.0,0.0
2014-05-30 00:00:00-04:00,54.88999938964844,54.91999816894531,54.0099983215332,54.34000015258789,1301700,0.0,0.0
2014-06-02 00:00:00-04:00,54.560001373291016,54.709999084472656,53.529998779296875,54.36000061035156,1474500,0.0,0.0
2014-06-03 00:00:00-04:00,54.04999923706055,55.310001373291016,53.95000076293945,55.09000015258789,1796800,0.0,0.0
2014-06-04 00:00:00-04:00,54.779998779296875,55.540000915527344,54.5099983215332,55.189998626708984,1393900,0.0,0.0
2014-06-05 00:00:00-04:00,55.15999984741211,56.099998474121094,54.84000015258789,55.900001525878906,1652900,0.0,0.0
2014-06-06 00:00:00-04:00,56.310001373291016,57.65999984741211,56.029998779296875,57.470001220703125,2697800,0.0,0.0
2014-06-09 00:00:00-04:00,57.45000076293945,58.56999969482422,57.369998931884766,58.130001068115234,2735000,0.0,0.0
2014-06-10 00:00:00-04:00,57.970001220703125,58.36000061035156,57.599998474121094,58.11000061035156,2035500,0.0,0.0
2014-06-11 00:00:00-04:00,57.779998779296875,58.4900016784668,57.38999938964844,58.29999923706055,1179500,0.0,0.0
2014-06-12 00:00:00-04:00,58.0099983215332,58.95000076293945,57.779998779296875,58.5099983215332,1600500,0.0,0.0
2014-06-13 00:00:00-04:00,58.59000015258789,58.97999954223633,58.33000183105469,58.84000015258789,1348100,0.0,0.0
2014-06-16 00:00:00-04:00,58.7400016784668,60.900001525878906,58.34000015258789,60.25,3429700,0.0,0.0
2014-06-17 00:00:00-04:00,60.58000183105469,61.779998779296875,60.36000061035156,60.59000015258789,3779300,0.0,0.0
2014-06-18 00:00:00-04:00,60.58000183105469,61.130001068115234,60.04999923706055,61.06999969482422,1652800,0.0,0.0
2014-06-19 00:00:00-04:00,61.189998626708984,61.380001068115234,60.720001220703125,61.33000183105469,1306300,0.0,0.0
2014-06-20 00:00:00-04:00,61.470001220703125,61.470001220703125,60.7599983215332,61.220001220703125,1890700,0.0,0.0
2014-06-23 00:00:00-04:00,61.279998779296875,62.349998474121094,60.95000076293945,62.119998931884766,1892900,0.0,0.0
2014-06-24 00:00:00-04:00,61.83000183105469,62.7599983215332,61.38999938964844,61.61000061035156,1210000,0.0,0.0
2014-06-25 00:00:00-04:00,61.439998626708984,61.68000030517578,60.619998931884766,61.16999816894531,1947900,0.0,0.0
2014-06-26 00:00:00-04:00,61.36000061035156,61.439998626708984,60.400001525878906,61.029998779296875,1209500,0.0,0.0
2014-06-27 00:00:00-04:00,60.91999816894531,61.08000183105469,60.58000183105469,61.0099983215332,899100,0.0,0.0
2014-06-30 00:00:00-04:00,60.970001220703125,61.369998931884766,60.790000915527344,61.060001373291016,1119900,0.0,0.0
2014-07-01 00:00:00-04:00,61.099998474121094,61.77000045776367,61.060001373291016,61.630001068115234,1461500,0.0,0.0
2014-07-02 00:00:00-04:00,61.709999084472656,62.11000061035156,61.47999954223633,61.84000015258789,1414700,0.0,0.0
2014-07-03 00:00:00-04:00,61.95000076293945,62.20000076293945,61.83000183105469,62.0099983215332,773700,0.0,0.0
2014-07-07 00:00:00-04:00,62.0,62.36000061035156,61.65999984741211,61.88999938964844,1997200,0.0,0.0
2014-07-08 00:00:00-04:00,61.900001525878906,62.0,59.4900016784668,59.75,2666900,0.0,0.0
2014-07-09 00:00:00-04:00,60.349998474121094,61.099998474121094,60.0,60.689998626708984,2729300,0.0,0.0
2014-07-10 00:00:00-04:00,59.75,60.45000076293945,59.470001220703125,60.06999969482422,1403700,0.0,0.0
2014-07-11 00:00:00-04:00,60.06999969482422,60.209999084472656,59.7599983215332,59.900001525878906,2225900,0.0,0.0
2014-07-14 00:00:00-04:00,60.310001373291016,61.34000015258789,60.22999954223633,60.34000015258789,1409500,0.0,0.0
2014-07-15 00:00:00-04:00,60.060001373291016,60.849998474121094,59.22999954223633,59.720001220703125,1379000,0.0,0.0
2014-07-16 00:00:00-04:00,59.720001220703125,59.86000061035156,58.79999923706055,59.11000061035156,1977200,0.0,0.0
2014-07-17 00:00:00-04:00,58.95000076293945,59.58000183105469,58.209999084472656,58.31999969482422,1394300,0.0,0.0
2014-07-18 00:00:00-04:00,58.630001068115234,59.36000061035156,58.31999969482422,59.2400016784668,1612700,0.0,0.0
2014-07-21 00:00:00-04:00,58.959999084472656,59.130001068115234,58.369998931884766,58.4900016784668,1043400,0.0,0.0
2014-07-22 00:00:00-04:00,58.810001373291016,59.220001220703125,58.709999084472656,58.91999816894531,1230700,0.0,0.0
2014-07-23 00:00:00-04:00,58.97999954223633,59.029998779296875,58.459999084472656,58.4900016784668,909600,0.0,0.0
2014-07-24 00:00:00-04:00,59.529998779296875,59.900001525878906,59.0,59.79999923706055,2376900,0.0,0.0
2014-07-25 00:00:00-04:00,59.599998474121094,59.849998474121094,59.290000915527344,59.709999084472656,1197200,0.0,0.0
2014-07-28 00:00:00-04:00,59.81999969482422,59.97999954223633,59.34000015258789,59.439998626708984,2399400,0.0,0.0
2014-07-29 00:00:00-04:00,60.369998931884766,60.47999954223633,58.88999938964844,59.0,2223400,0.0,0.0
2014-07-30 00:00:00-04:00,59.54999923706055,61.0099983215332,59.54999923706055,60.72999954223633,5178600,0.0,0.0
2014-07-31 00:00:00-04:00,58.290000915527344,61.2400016784668,58.130001068115234,59.02000045776367,5135200,0.0,0.0
2014-08-01 00:00:00-04:00,58.790000915527344,59.650001525878906,56.88999938964844,57.09000015258789,3808600,0.0,0.0
2014-08-04 00:00:00-04:00,57.099998474121094,57.790000915527344,56.83000183105469,57.619998931884766,1697500,0.0,0.0
2014-08-05 00:00:00-04:00,57.15999984741211,57.72999954223633,56.41999816894531,56.86000061035156,1818500,0.0,0.0
2014-08-06 00:00:00-04:00,56.70000076293945,56.939998626708984,56.40999984741211,56.540000915527344,1492600,0.0,0.0
2014-08-07 00:00:00-04:00,57.09000015258789,57.33000183105469,56.5099983215332,56.54999923706055,1258400,0.0,0.0
2014-08-08 00:00:00-04:00,56.65999984741211,57.58000183105469,56.400001525878906,57.52000045776367,1446200,0.0,0.0
2014-08-11 00:00:00-04:00,57.91999816894531,58.20000076293945,57.5099983215332,57.97999954223633,975400,0.0,0.0
2014-08-12 00:00:00-04:00,57.95000076293945,57.959999084472656,57.15999984741211,57.529998779296875,830900,0.0,0.0
2014-08-13 00:00:00-04:00,57.810001373291016,58.72999954223633,57.540000915527344,58.70000076293945,1154100,0.0,0.0
2014-08-14 00:00:00-04:00,58.630001068115234,59.099998474121094,58.529998779296875,59.0099983215332,1402900,0.0,0.0
2014-08-15 00:00:00-04:00,59.470001220703125,59.790000915527344,59.02000045776367,59.65999984741211,2228000,0.0,0.0
2014-08-18 00:00:00-04:00,60.0,60.720001220703125,59.939998626708984,60.70000076293945,1255600,0.0,0.0
2014-08-19 00:00:00-04:00,60.630001068115234,60.9900016784668,60.540000915527344,60.88999938964844,880100,0.0,0.0
2014-08-20 00:00:00-04:00,60.70000076293945,61.0,60.31999969482422,60.95000076293945,936500,0.0,0.0
2014-08-21 00:00:00-04:00,60.95000076293945,61.15999984741211,60.599998474121094,60.86000061035156,834200,0.0,0.0
2014-08-22 00:00:00-04:00,60.97999954223633,61.15999984741211,59.959999084472656,60.41999816894531,1099700,0.0,0.0
2014-08-25 00:00:00-04:00,60.41999816894531,60.79999923706055,60.15999984741211,60.4900016784668,650400,0.0,0.0
2014-08-26 00:00:00-04:00,60.40999984741211,60.849998474121094,60.349998474121094,60.560001373291016,666600,0.0,0.0
2014-08-27 00:00:00-04:00,60.84000015258789,61.349998474121094,60.34000015258789,60.5,1466400,0.0,0.0
2014-08-28 00:00:00-04:00,60.18000030517578,60.41999816894531,59.83000183105469,60.02000045776367,1232600,0.0,0.0
2014-08-29 00:00:00-04:00,60.36000061035156,60.68000030517578,60.150001525878906,60.41999816894531,1135200,0.0,0.0
2014-09-02 00:00:00-04:00,60.5,60.9900016784668,60.380001068115234,60.689998626708984,1406600,0.0,0.0
2014-09-03 00:00:00-04:00,60.45000076293945,60.9900016784668,60.31999969482422,60.369998931884766,962900,0.0,0.0
2014-09-04 00:00:00-04:00,60.560001373291016,61.27000045776367,60.33000183105469,60.41999816894531,1119100,0.0,0.0
2014-09-05 00:00:00-04:00,61.099998474121094,61.66999816894531,60.61000061035156,61.540000915527344,1525100,0.0,0.0
2014-09-08 00:00:00-04:00,61.2400016784668,62.4900016784668,61.09000015258789,61.81999969482422,1104000,0.0,0.0
2014-09-09 00:00:00-04:00,61.88999938964844,61.970001220703125,61.04999923706055,61.16999816894531,788200,0.0,0.0
2014-09-10 00:00:00-04:00,61.150001525878906,62.11000061035156,60.84000015258789,62.04999923706055,1097200,0.0,0.0
2014-09-11 00:00:00-04:00,62.0099983215332,62.630001068115234,61.59000015258789,62.31999969482422,1092000,0.0,0.0
2014-09-12 00:00:00-04:00,62.36000061035156,62.880001068115234,62.11000061035156,62.470001220703125,1626300,0.0,0.0
2014-09-15 00:00:00-04:00,62.40999984741211,62.77000045776367,61.0,61.349998474121094,1874900,0.0,0.0
2014-09-16 00:00:00-04:00,61.220001220703125,62.529998779296875,61.02000045776367,62.15999984741211,1587400,0.0,0.0
2014-09-17 00:00:00-04:00,61.90999984741211,63.18000030517578,61.90999984741211,62.310001373291016,1846200,0.0,0.0
2014-09-18 00:00:00-04:00,62.5,64.37000274658203,62.279998779296875,64.3499984741211,2470100,0.0,0.0
2014-09-19 00:00:00-04:00,64.37999725341797,64.73999786376953,62.0099983215332,62.41999816894531,3408100,0.0,0.0
2014-09-22 00:00:00-04:00,62.22999954223633,62.22999954223633,60.70000076293945,61.40999984741211,1759200,0.0,0.0
2014-09-23 00:00:00-04:00,61.22999954223633,61.470001220703125,60.619998931884766,60.63999938964844,1085900,0.0,0.0
2014-09-24 00:00:00-04:00,60.619998931884766,61.75,60.18000030517578,61.5099983215332,1278200,0.0,0.0
2014-09-25 00:00:00-04:00,61.47999954223633,61.849998474121094,59.5,59.5099983215332,1872900,0.0,0.0
2014-09-26 00:00:00-04:00,60.040000915527344,60.150001525878906,59.52000045776367,59.83000183105469,1196300,0.0,0.0
2014-09-29 00:00:00-04:00,58.93000030517578,59.900001525878906,58.56999969482422,59.7400016784668,1370300,0.0,0.0
2014-09-30 00:00:00-04:00,60.11000061035156,60.2400016784668,59.369998931884766,59.79999923706055,1067400,0.0,0.0
2014-10-01 00:00:00-04:00,59.5099983215332,59.709999084472656,57.900001525878906,58.2400016784668,1742800,0.0,0.0
2014-10-02 00:00:00-04:00,58.22999954223633,58.83000183105469,57.439998626708984,58.09000015258789,1556800,0.0,0.0
2014-10-03 00:00:00-04:00,58.45000076293945,60.099998474121094,58.45000076293945,59.7400016784668,1633900,0.0,0.0
2014-10-06 00:00:00-04:00,59.81999969482422,60.36000061035156,59.029998779296875,59.150001525878906,1000400,0.0,0.0
2014-10-07 00:00:00-04:00,58.90999984741211,59.029998779296875,57.630001068115234,57.650001525878906,1438100,0.0,0.0
2014-10-08 00:00:00-04:00,57.5,59.2599983215332,57.20000076293945,59.06999969482422,1528100,0.0,0.0
2014-10-09 00:00:00-04:00,58.810001373291016,59.47999954223633,58.02000045776367,58.25,1317200,0.0,0.0
2014-10-10 00:00:00-04:00,58.060001373291016,58.79999923706055,56.529998779296875,56.54999923706055,1551900,0.0,0.0
2014-10-13 00:00:00-04:00,56.34000015258789,57.209999084472656,55.5,55.54999923706055,1538900,0.0,0.0
2014-10-14 00:00:00-04:00,56.08000183105469,57.27000045776367,55.61000061035156,55.650001525878906,2074900,0.0,0.0
2014-10-15 00:00:00-04:00,54.9900016784668,55.41999816894531,53.849998474121094,54.630001068115234,3556900,0.0,0.0
2014-10-16 00:00:00-04:00,52.279998779296875,54.04999923706055,51.7400016784668,53.380001068115234,5585800,0.0,0.0
2014-10-17 00:00:00-04:00,54.0,54.43000030517578,53.310001373291016,53.84000015258789,2222700,0.0,0.0
2014-10-20 00:00:00-04:00,53.65999984741211,54.400001525878906,53.52000045776367,53.9900016784668,2337600,0.0,0.0
2014-10-21 00:00:00-04:00,54.40999984741211,55.380001068115234,54.290000915527344,55.0099983215332,2214600,0.0,0.0
2014-10-22 00:00:00-04:00,55.029998779296875,55.34000015258789,53.93000030517578,53.95000076293945,1534000,0.0,0.0
2014-10-23 00:00:00-04:00,54.58000183105469,55.029998779296875,54.36000061035156,54.529998779296875,1553900,0.0,0.0
2014-10-24 00:00:00-04:00,54.72999954223633,55.310001373291016,54.13999938964844,55.279998779296875,1104200,0.0,0.0
2014-10-27 00:00:00-04:00,55.08000183105469,55.36000061035156,54.369998931884766,55.290000915527344,1287700,0.0,0.0
2014-10-28 00:00:00-04:00,55.65999984741211,57.40999984741211,55.40999984741211,57.150001525878906,2360300,0.0,0.0
2014-10-29 00:00:00-04:00,57.09000015258789,57.349998474121094,55.97999954223633,56.209999084472656,3960300,0.0,0.0
2014-10-30 00:00:00-04:00,55.91999816894531,59.86000061035156,55.779998779296875,59.83000183105469,4409800,0.0,0.0
2014-10-31 00:00:00-04:00,60.97999954223633,61.27000045776367,60.0,60.29999923706055,3739700,0.0,0.0
2014-11-03 00:00:00-05:00,60.18000030517578,60.90999984741211,59.61000061035156,59.720001220703125,1181800,0.0,0.0
2014-11-04 00:00:00-05:00,59.61000061035156,60.09000015258789,58.9900016784668,59.630001068115234,1158600,0.0,0.0
2014-11-05 00:00:00-05:00,59.91999816894531,59.9900016784668,58.56999969482422,59.02000045776367,1404300,0.0,0.0
2014-11-06 00:00:00-05:00,59.2599983215332,59.65999984741211,58.4900016784668,59.630001068115234,1291800,0.0,0.0
2014-11-07 00:00:00-05:00,59.70000076293945,60.18000030517578,59.43000030517578,60.13999938964844,1140100,0.0,0.0
2014-11-10 00:00:00-05:00,60.31999969482422,61.189998626708984,60.119998931884766,61.06999969482422,1537700,0.0,0.0
2014-11-11 00:00:00-05:00,61.09000015258789,61.310001373291016,60.72999954223633,61.04999923706055,686400,0.0,0.0
2014-11-12 00:00:00-05:00,60.880001068115234,61.279998779296875,60.33000183105469,60.779998779296875,738000,0.0,0.0
2014-11-13 00:00:00-05:00,60.9900016784668,61.27000045776367,60.18000030517578,60.45000076293945,828600,0.0,0.0
2014-11-14 00:00:00-05:00,60.5,63.04999923706055,60.33000183105469,62.93000030517578,2975800,0.0,0.0
2014-11-17 00:00:00-05:00,62.560001373291016,63.41999816894531,61.880001068115234,62.029998779296875,1686800,0.0,0.0
2014-11-18 00:00:00-05:00,61.9900016784668,62.630001068115234,61.91999816894531,62.15999984741211,893200,0.0,0.0
2014-11-19 00:00:00-05:00,62.13999938964844,62.13999938964844,61.41999816894531,61.56999969482422,882400,0.0,0.0
2014-11-20 00:00:00-05:00,61.0,63.150001525878906,60.66999816894531,63.119998931884766,1701000,0.0,0.0
2014-11-21 00:00:00-05:00,63.88999938964844,63.970001220703125,63.22999954223633,63.72999954223633,1691500,0.0,0.0
2014-11-24 00:00:00-05:00,63.900001525878906,64.37999725341797,63.70000076293945,64.1500015258789,1164900,0.0,0.0
2014-11-25 00:00:00-05:00,64.1500015258789,64.62000274658203,63.959999084472656,64.0199966430664,1202600,0.0,0.0
2014-11-26 00:00:00-05:00,64.2300033569336,64.56999969482422,63.77000045776367,64.20999908447266,841100,0.0,0.0
2014-11-28 00:00:00-05:00,64.27999877929688,65.38999938964844,63.900001525878906,64.61000061035156,789100,0.0,0.0
2014-12-01 00:00:00-05:00,64.16000366210938,64.19999694824219,62.959999084472656,63.060001373291016,1573100,0.0,0.0
2014-12-02 00:00:00-05:00,63.220001220703125,63.689998626708984,62.790000915527344,63.22999954223633,1061600,0.0,0.0
2014-12-03 00:00:00-05:00,63.45000076293945,63.54999923706055,62.58000183105469,63.2400016784668,1476400,0.0,0.0
2014-12-04 00:00:00-05:00,63.33000183105469,64.31999969482422,63.02000045776367,64.2300033569336,1425100,0.0,0.0
2014-12-05 00:00:00-05:00,64.22000122070312,64.43000030517578,63.599998474121094,64.01000213623047,868800,0.0,0.0
2014-12-08 00:00:00-05:00,63.58000183105469,64.0999984741211,62.279998779296875,62.59000015258789,1136700,0.0,0.0
2014-12-09 00:00:00-05:00,62.02000045776367,62.560001373291016,61.40999984741211,62.400001525878906,1517500,0.0,0.0
2014-12-10 00:00:00-05:00,62.13999938964844,62.79999923706055,61.04999923706055,61.09000015258789,1323400,0.0,0.0
2014-12-11 00:00:00-05:00,61.63999938964844,63.060001373291016,61.63999938964844,61.97999954223633,1463300,0.0,0.0
2014-12-12 00:00:00-05:00,61.33000183105469,62.16999816894531,60.77000045776367,60.79999923706055,1372700,0.0,0.0
2014-12-15 00:00:00-05:00,61.27000045776367,61.869998931884766,60.220001220703125,60.5099983215332,1651800,0.0,0.0
2014-12-16 00:00:00-05:00,60.43000030517578,61.369998931884766,59.86000061035156,59.91999816894531,1675100,0.0,0.0
2014-12-17 00:00:00-05:00,59.9900016784668,61.650001525878906,59.88999938964844,61.47999954223633,1075100,0.0,0.0
2014-12-18 00:00:00-05:00,62.25,62.599998474121094,61.81999969482422,62.5,1455100,0.0,0.0
2014-12-19 00:00:00-05:00,62.529998779296875,63.459999084472656,62.52000045776367,63.20000076293945,3206100,0.0,0.0
2014-12-22 00:00:00-05:00,63.2599983215332,64.08999633789062,63.20000076293945,64.05999755859375,899400,0.0,0.0
2014-12-23 00:00:00-05:00,64.2699966430664,64.69999694824219,64.11000061035156,64.58999633789062,809000,0.0,0.0
2014-12-24 00:00:00-05:00,64.6500015258789,64.7699966430664,64.33999633789062,64.33999633789062,353600,0.0,0.0
2014-12-26 00:00:00-05:00,64.33999633789062,65.05999755859375,64.0,64.79000091552734,740400,0.0,0.0
2014-12-29 00:00:00-05:00,64.47000122070312,64.77999877929688,63.369998931884766,63.790000915527344,940800,0.0,0.0
2014-12-30 00:00:00-05:00,63.84000015258789,65.20999908447266,63.84000015258789,64.06999969482422,1096500,0.0,0.0
2014-12-31 00:00:00-05:00,64.44999694824219,64.55000305175781,62.849998474121094,62.959999084472656,885900,0.0,0.0
2015-01-02 00:00:00-05:00,63.47999954223633,63.900001525878906,62.52000045776367,63.25,846000,0.0,0.0
2015-01-05 00:00:00-05:00,61.66999816894531,62.34000015258789,60.7599983215332,61.939998626708984,2237400,0.0,0.0
2015-01-06 00:00:00-05:00,62.189998626708984,62.189998626708984,60.099998474121094,60.66999816894531,1405000,0.0,0.0
2015-01-07 00:00:00-05:00,60.86000061035156,60.959999084472656,59.93000030517578,60.15999984741211,1848700,0.0,0.0
2015-01-08 00:00:00-05:00,60.86000061035156,61.86000061035156,60.599998474121094,61.56999969482422,1207400,0.0,0.0
2015-01-09 00:00:00-05:00,61.119998931884766,62.040000915527344,60.709999084472656,60.779998779296875,1171300,0.0,0.0
2015-01-12 00:00:00-05:00,61.369998931884766,61.59000015258789,59.939998626708984,60.75,1435100,0.0,0.0
2015-01-13 00:00:00-05:00,61.56999969482422,62.33000183105469,60.04999923706055,60.790000915527344,1521800,0.0,0.0
2015-01-14 00:00:00-05:00,60.40999984741211,60.61000061035156,59.060001373291016,59.709999084472656,2043300,0.0,0.0
2015-01-15 00:00:00-05:00,59.79999923706055,60.310001373291016,58.54999923706055,58.630001068115234,1460600,0.0,0.0
2015-01-16 00:00:00-05:00,58.5099983215332,59.279998779296875,58.15999984741211,59.220001220703125,1121600,0.0,0.0
2015-01-20 00:00:00-05:00,59.75,59.93000030517578,59.08000183105469,59.650001525878906,1265900,0.0,0.0
2015-01-21 00:00:00-05:00,59.27000045776367,60.52000045776367,59.119998931884766,60.27000045776367,1171900,0.0,0.0
2015-01-22 00:00:00-05:00,60.369998931884766,60.63999938964844,59.459999084472656,60.63999938964844,1384100,0.0,0.0
2015-01-23 00:00:00-05:00,60.63999938964844,61.290000915527344,60.470001220703125,61.02000045776367,1009500,0.0,0.0
2015-01-26 00:00:00-05:00,61.11000061035156,61.40999984741211,60.58000183105469,61.16999816894531,675300,0.0,0.0
2015-01-27 00:00:00-05:00,60.369998931884766,61.060001373291016,59.4900016784668,60.290000915527344,1118600,0.0,0.0
2015-01-28 00:00:00-05:00,60.880001068115234,60.880001068115234,58.97999954223633,58.9900016784668,1132800,0.0,0.0
2015-01-29 00:00:00-05:00,58.81999969482422,60.09000015258789,58.25,59.95000076293945,1414400,0.0,0.0
2015-01-30 00:00:00-05:00,59.400001525878906,59.650001525878906,58.06999969482422,58.15999984741211,1548000,0.0,0.0
2015-02-02 00:00:00-05:00,58.599998474121094,58.599998474121094,56.849998474121094,58.4900016784668,1366400,0.0,0.0
2015-02-03 00:00:00-05:00,58.68000030517578,60.22999954223633,58.68000030517578,60.119998931884766,1307100,0.0,0.0
2015-02-04 00:00:00-05:00,60.15999984741211,60.75,59.86000061035156,59.95000076293945,1598300,0.0,0.0
2015-02-05 00:00:00-05:00,60.279998779296875,60.95000076293945,60.02000045776367,60.4900016784668,1446000,0.0,0.0
2015-02-06 00:00:00-05:00,60.45000076293945,61.79999923706055,60.439998626708984,61.130001068115234,1799600,0.0,0.0
2015-02-09 00:00:00-05:00,60.95000076293945,61.56999969482422,60.59000015258789,60.959999084472656,1822200,0.0,0.0
2015-02-10 00:00:00-05:00,61.29999923706055,62.369998931884766,60.29999923706055,62.209999084472656,3562400,0.0,0.0
2015-02-11 00:00:00-05:00,64.91999816894531,65.19999694824219,62.900001525878906,63.75,4859400,0.0,0.0
2015-02-12 00:00:00-05:00,64.25,67.69999694824219,63.79999923706055,67.58999633789062,4207800,0.0,0.0
2015-02-13 00:00:00-05:00,67.61000061035156,69.0999984741211,67.33999633789062,68.7699966430664,2862600,0.0,0.0
2015-02-17 00:00:00-05:00,68.88999938964844,70.86000061035156,68.0,70.36000061035156,3549600,0.0,0.0
2015-02-18 00:00:00-05:00,70.0999984741211,70.58000183105469,69.66999816894531,70.29000091552734,1630100,0.0,0.0
2015-02-19 00:00:00-05:00,70.08000183105469,71.72000122070312,70.0,71.55999755859375,1903500,0.0,0.0
2015-02-20 00:00:00-05:00,71.5999984741211,71.83000183105469,70.9800033569336,71.62000274658203,1401500,0.0,0.0
2015-02-23 00:00:00-05:00,71.69999694824219,71.80000305175781,70.02999877929688,70.23999786376953,1704900,0.0,0.0
2015-02-24 00:00:00-05:00,70.0,70.83000183105469,69.7699966430664,70.12000274658203,1087000,0.0,0.0
2015-02-25 00:00:00-05:00,70.01000213623047,70.5199966430664,69.19999694824219,69.44999694824219,1710200,0.0,0.0
2015-02-26 00:00:00-05:00,69.54000091552734,70.2699966430664,69.04000091552734,69.55999755859375,991700,0.0,0.0
2015-02-27 00:00:00-05:00,69.41000366210938,69.75,68.80000305175781,69.51000213623047,1435000,0.0,0.0
2015-03-02 00:00:00-05:00,69.80000305175781,71.1500015258789,69.55999755859375,71.12999725341797,2072700,0.0,0.0
2015-03-03 00:00:00-05:00,69.91000366210938,70.62999725341797,69.69000244140625,69.86000061035156,1209500,0.0,0.0
2015-03-04 00:00:00-05:00,69.41999816894531,71.05000305175781,69.27999877929688,71.05000305175781,2362200,0.0,0.0
2015-03-05 00:00:00-05:00,71.55000305175781,71.55000305175781,70.5999984741211,71.08999633789062,1693800,0.0,0.0
2015-03-06 00:00:00-05:00,70.62999725341797,71.19000244140625,69.80999755859375,69.95999908447266,1544100,0.0,0.0
2015-03-09 00:00:00-04:00,69.97000122070312,70.16000366210938,69.4000015258789,69.5999984741211,1581300,0.0,0.0
2015-03-10 00:00:00-04:00,69.12000274658203,69.70999908447266,68.51000213623047,69.19999694824219,1830900,0.0,0.0
2015-03-11 00:00:00-04:00,69.48999786376953,70.66000366210938,69.38999938964844,70.36000061035156,1661100,0.0,0.0
2015-03-12 00:00:00-04:00,70.30000305175781,71.11000061035156,70.11000061035156,71.0199966430664,1444200,0.0,0.0
2015-03-13 00:00:00-04:00,71.04000091552734,71.30000305175781,70.22000122070312,70.80999755859375,1364300,0.0,0.0
2015-03-16 00:00:00-04:00,71.1500015258789,72.1500015258789,71.0,72.08000183105469,1448800,0.0,0.0
2015-03-17 00:00:00-04:00,71.56999969482422,72.41000366210938,71.08000183105469,72.05999755859375,1162300,0.0,0.0
2015-03-18 00:00:00-04:00,71.69999694824219,73.19999694824219,71.37999725341797,72.87999725341797,1281100,0.0,0.0
2015-03-19 00:00:00-04:00,72.80000305175781,73.16000366210938,72.47000122070312,72.75,1138800,0.0,0.0
2015-03-20 00:00:00-04:00,73.30999755859375,73.52999877929688,72.79000091552734,72.87000274658203,1693600,0.0,0.0
2015-03-23 00:00:00-04:00,72.94999694824219,73.52999877929688,72.52999877929688,73.13999938964844,1216100,0.0,0.0
2015-03-24 00:00:00-04:00,73.19999694824219,73.41999816894531,72.58000183105469,72.61000061035156,898700,0.0,0.0
2015-03-25 00:00:00-04:00,72.4800033569336,72.52999877929688,70.63999938964844,70.6500015258789,1362100,0.0,0.0
2015-03-26 00:00:00-04:00,69.97000122070312,71.16999816894531,69.3499984741211,71.04000091552734,1593200,0.0,0.0
2015-03-27 00:00:00-04:00,70.98999786376953,71.51000213623047,70.51000213623047,71.29000091552734,820200,0.0,0.0
2015-03-30 00:00:00-04:00,71.66000366210938,72.23999786376953,71.43000030517578,71.9000015258789,972200,0.0,0.0
2015-03-31 00:00:00-04:00,71.5,71.72000122070312,71.02999877929688,71.05000305175781,1328700,0.0,0.0
2015-04-01 00:00:00-04:00,70.9800033569336,70.9800033569336,69.87999725341797,70.30999755859375,1208800,0.0,0.0
2015-04-02 00:00:00-04:00,70.33000183105469,71.0,70.23999786376953,70.83999633789062,957400,0.0,0.0
2015-04-06 00:00:00-04:00,70.5199966430664,71.4800033569336,70.5,70.91999816894531,1445100,0.0,0.0
2015-04-07 00:00:00-04:00,71.05000305175781,71.7699966430664,71.0,71.08000183105469,924000,0.0,0.0
2015-04-08 00:00:00-04:00,71.01000213623047,71.88999938964844,71.01000213623047,71.79000091552734,831700,0.0,0.0
2015-04-09 00:00:00-04:00,71.68000030517578,71.77999877929688,70.86000061035156,71.26000213623047,923500,0.0,0.0
2015-04-10 00:00:00-04:00,71.19000244140625,71.5,70.95999908447266,71.44999694824219,705800,0.0,0.0
2015-04-13 00:00:00-04:00,71.44999694824219,71.9000015258789,71.30999755859375,71.33999633789062,1034000,0.0,0.0
2015-04-14 00:00:00-04:00,71.20999908447266,71.61000061035156,70.37000274658203,71.1500015258789,961700,0.0,0.0
2015-04-15 00:00:00-04:00,71.16000366210938,71.63999938964844,70.79000091552734,71.33999633789062,1136600,0.0,0.0
2015-04-16 00:00:00-04:00,71.05000305175781,72.66999816894531,71.0,72.48999786376953,1358900,0.0,0.0
2015-04-17 00:00:00-04:00,71.75,72.19000244140625,71.44000244140625,71.9000015258789,2009700,0.0,0.0
2015-04-20 00:00:00-04:00,72.0,73.68000030517578,72.0,73.45999908447266,1600800,0.0,0.0
2015-04-21 00:00:00-04:00,74.06999969482422,75.41000366210938,73.9800033569336,75.30000305175781,2200300,0.0,0.0
2015-04-22 00:00:00-04:00,75.69000244140625,76.12000274658203,75.5,76.0199966430664,1605400,0.0,0.0
2015-04-23 00:00:00-04:00,75.69999694824219,76.72000122070312,75.69999694824219,76.2699966430664,1189100,0.0,0.0
2015-04-24 00:00:00-04:00,76.33000183105469,76.37999725341797,75.56999969482422,75.73999786376953,1195900,0.0,0.0
2015-04-27 00:00:00-04:00,76.08000183105469,77.27999877929688,75.8499984741211,77.04000091552734,1882400,0.0,0.0
2015-04-28 00:00:00-04:00,77.0999984741211,77.30999755859375,76.0,76.06999969482422,2694500,0.0,0.0
2015-04-29 00:00:00-04:00,73.51000213623047,75.45999908447266,73.0,75.12999725341797,4749300,0.0,0.0
2015-04-30 00:00:00-04:00,74.61000061035156,74.91000366210938,73.2300033569336,73.77999877929688,2281000,0.0,0.0
2015-05-01 00:00:00-04:00,73.94999694824219,74.69999694824219,73.75,74.66000366210938,1365300,0.0,0.0
2015-05-04 00:00:00-04:00,74.93000030517578,75.37999725341797,74.37000274658203,75.0999984741211,1024000,0.0,0.0
2015-05-05 00:00:00-04:00,74.62000274658203,75.55999755859375,74.2699966430664,75.36000061035156,2157600,0.0,0.0
2015-05-06 00:00:00-04:00,75.62000274658203,75.62000274658203,74.5999984741211,75.04000091552734,1524700,0.0,0.0
2015-05-07 00:00:00-04:00,75.16999816894531,75.56999969482422,74.55000305175781,75.23999786376953,1169700,0.0,0.0
2015-05-08 00:00:00-04:00,75.7300033569336,76.62000274658203,75.66999816894531,76.43000030517578,1334400,0.0,0.0
2015-05-11 00:00:00-04:00,76.19000244140625,76.8499984741211,75.6500015258789,76.0999984741211,1326100,0.0,0.0
2015-05-12 00:00:00-04:00,75.48999786376953,76.05000305175781,74.69999694824219,75.97000122070312,1146200,0.0,0.0
2015-05-13 00:00:00-04:00,76.26000213623047,76.68000030517578,75.83999633789062,76.12000274658203,826100,0.0,0.0
2015-05-14 00:00:00-04:00,76.68000030517578,78.44000244140625,76.30999755859375,78.36000061035156,1532200,0.0,0.0
2015-05-15 00:00:00-04:00,78.19999694824219,78.31999969482422,77.18000030517578,77.95999908447266,2326300,0.0,0.0
2015-05-18 00:00:00-04:00,77.8499984741211,78.06999969482422,77.5,77.94000244140625,1297900,0.0,0.0
2015-05-19 00:00:00-04:00,77.33999633789062,78.0,77.16000366210938,77.30000305175781,1138200,0.0,0.0
2015-05-20 00:00:00-04:00,77.47000122070312,77.48999786376953,76.55999755859375,76.91000366210938,869100,0.0,0.0
2015-05-21 00:00:00-04:00,76.91000366210938,77.87000274658203,76.63999938964844,77.63999938964844,723100,0.0,0.0
2015-05-22 00:00:00-04:00,77.41000366210938,77.87000274658203,77.36000061035156,77.66000366210938,979500,0.0,0.0
2015-05-26 00:00:00-04:00,77.58999633789062,77.5999984741211,76.5199966430664,76.93000030517578,879200,0.0,0.0
2015-05-27 00:00:00-04:00,77.05000305175781,78.08999633789062,77.01000213623047,77.73999786376953,1201500,0.0,0.0
2015-05-28 00:00:00-04:00,77.31999969482422,77.73999786376953,76.97000122070312,77.02999877929688,753900,0.0,0.0
2015-05-29 00:00:00-04:00,76.76000213623047,76.94999694824219,76.01000213623047,76.2699966430664,1791900,0.0,0.0
2015-06-01 00:00:00-04:00,76.37999725341797,76.5,74.70999908447266,75.2300033569336,2269500,0.0,0.0
2015-06-02 00:00:00-04:00,75.0199966430664,75.88999938964844,74.86000061035156,75.45999908447266,1752500,0.0,0.0
2015-06-03 00:00:00-04:00,75.58000183105469,76.41000366210938,75.36000061035156,76.0199966430664,1203000,0.0,0.0
2015-06-04 00:00:00-04:00,75.55999755859375,75.97000122070312,74.98999786376953,75.13999938964844,1067800,0.0,0.0
2015-06-05 00:00:00-04:00,74.87000274658203,75.37000274658203,74.56999969482422,75.23999786376953,1792300,0.0,0.0
2015-06-08 00:00:00-04:00,75.20999908447266,75.87999725341797,74.80999755859375,74.88999938964844,1368800,0.0,0.0
2015-06-09 00:00:00-04:00,73.22000122070312,73.87000274658203,72.19000244140625,72.9000015258789,2616800,0.0,0.0
2015-06-10 00:00:00-04:00,73.25,74.94000244140625,73.02999877929688,74.61000061035156,1517800,0.0,0.0
2015-06-11 00:00:00-04:00,74.6500015258789,74.98999786376953,73.87999725341797,74.05000305175781,903200,0.0,0.0
2015-06-12 00:00:00-04:00,73.83000183105469,74.38999938964844,73.37000274658203,73.44000244140625,764900,0.0,0.0
2015-06-15 00:00:00-04:00,72.66000366210938,72.97000122070312,72.18000030517578,72.5,1115400,0.0,0.0
2015-06-16 00:00:00-04:00,72.5,73.19000244140625,72.5,72.8499984741211,710500,0.0,0.0
2015-06-17 00:00:00-04:00,72.87999725341797,73.33999633789062,72.29000091552734,72.80999755859375,919200,0.0,0.0
2015-06-18 00:00:00-04:00,72.83999633789062,73.58000183105469,72.62000274658203,73.2699966430664,1121000,0.0,0.0
2015-06-19 00:00:00-04:00,73.23999786376953,73.33000183105469,72.27999877929688,72.29000091552734,2028500,0.0,0.0
2015-06-22 00:00:00-04:00,72.7300033569336,73.5199966430664,72.55000305175781,73.01000213623047,1382700,0.0,0.0
2015-06-23 00:00:00-04:00,72.94000244140625,73.08000183105469,72.02999877929688,72.2300033569336,1442000,0.0,0.0
2015-06-24 00:00:00-04:00,72.22000122070312,72.4800033569336,70.9000015258789,71.33000183105469,1509700,0.0,0.0
2015-06-25 00:00:00-04:00,71.33999633789062,71.80000305175781,71.08999633789062,71.37000274658203,1461800,0.0,0.0
2015-06-26 00:00:00-04:00,71.30000305175781,71.44999694824219,70.6500015258789,71.12999725341797,1390500,0.0,0.0
2015-06-29 00:00:00-04:00,70.29000091552734,70.83999633789062,69.12999725341797,69.18000030517578,1165800,0.0,0.0
2015-06-30 00:00:00-04:00,69.83000183105469,70.29000091552734,69.55000305175781,69.81999969482422,1678600,0.0,0.0
2015-07-01 00:00:00-04:00,70.30000305175781,70.91000366210938,70.01000213623047,70.37000274658203,962200,0.0,0.0
2015-07-02 00:00:00-04:00,70.37999725341797,70.58999633789062,69.22000122070312,69.91000366210938,1141900,0.0,0.0
2015-07-06 00:00:00-04:00,69.20999908447266,69.94000244140625,69.11000061035156,69.76000213623047,1004800,0.0,0.0
2015-07-07 00:00:00-04:00,70.08000183105469,70.19000244140625,68.72000122070312,70.11000061035156,1244800,0.0,0.0
2015-07-08 00:00:00-04:00,69.80999755859375,69.97000122070312,68.83000183105469,68.86000061035156,1170200,0.0,0.0
2015-07-09 00:00:00-04:00,69.58000183105469,70.36000061035156,69.13999938964844,69.30000305175781,1560700,0.0,0.0
2015-07-10 00:00:00-04:00,70.30000305175781,70.30000305175781,69.56999969482422,69.9800033569336,939700,0.0,0.0
2015-07-13 00:00:00-04:00,70.44000244140625,71.80000305175781,70.0999984741211,71.66999816894531,1106900,0.0,0.0
2015-07-14 00:00:00-04:00,71.72000122070312,72.94999694824219,71.4000015258789,72.29000091552734,1138400,0.0,0.0
2015-07-15 00:00:00-04:00,72.25,72.88999938964844,71.79000091552734,72.05999755859375,924600,0.0,0.0
2015-07-16 00:00:00-04:00,72.2300033569336,72.88999938964844,72.20999908447266,72.62999725341797,688100,0.0,0.0
2015-07-17 00:00:00-04:00,72.69999694824219,73.0,72.27999877929688,72.72000122070312,1070400,0.0,0.0
2015-07-20 00:00:00-04:00,72.16000366210938,73.93000030517578,72.16000366210938,73.4800033569336,1068700,0.0,0.0
2015-07-21 00:00:00-04:00,73.4000015258789,73.73999786376953,72.5,72.55000305175781,1059300,0.0,0.0
2015-07-22 00:00:00-04:00,72.63999938964844,73.05000305175781,72.27999877929688,72.75,1078100,0.0,0.0
2015-07-23 00:00:00-04:00,72.94000244140625,74.18000030517578,72.55999755859375,73.51000213623047,1029400,0.0,0.0
2015-07-24 00:00:00-04:00,73.9000015258789,73.93000030517578,72.13999938964844,72.5199966430664,1237900,0.0,0.0
2015-07-27 00:00:00-04:00,72.20999908447266,72.37999725341797,71.04000091552734,71.62999725341797,1365900,0.0,0.0
2015-07-28 00:00:00-04:00,72.12999725341797,73.83000183105469,71.25,73.6500015258789,2524500,0.0,0.0
2015-07-29 00:00:00-04:00,68.05000305175781,73.55000305175781,67.12999725341797,73.20999908447266,9972400,0.0,0.0
2015-07-30 00:00:00-04:00,72.68000030517578,75.94999694824219,72.2300033569336,74.95999908447266,4404600,0.0,0.0
2015-07-31 00:00:00-04:00,75.04000091552734,76.9800033569336,74.4000015258789,76.70999908447266,3479800,0.0,0.0
2015-08-03 00:00:00-04:00,76.04000091552734,76.55000305175781,74.9800033569336,75.75,1987700,0.0,0.0
2015-08-04 00:00:00-04:00,75.81999969482422,76.29000091552734,75.25,75.61000061035156,1414400,0.0,0.0
2015-08-05 00:00:00-04:00,76.05999755859375,76.4800033569336,75.61000061035156,76.02999877929688,1677300,0.0,0.0
2015-08-06 00:00:00-04:00,75.9800033569336,76.0,73.94000244140625,74.41999816894531,1241600,0.0,0.0
2015-08-07 00:00:00-04:00,74.54000091552734,74.62999725341797,73.52999877929688,74.52999877929688,968600,0.0,0.0
2015-08-10 00:00:00-04:00,74.9800033569336,75.38999938964844,74.62000274658203,75.01000213623047,1087600,0.0,0.0
2015-08-11 00:00:00-04:00,74.69000244140625,74.69000244140625,72.43000030517578,72.95999908447266,1969200,0.0,0.0
2015-08-12 00:00:00-04:00,72.61000061035156,74.19000244140625,71.76000213623047,73.91999816894531,1429300,0.0,0.0
2015-08-13 00:00:00-04:00,73.81999969482422,74.5,73.47000122070312,73.83999633789062,1129500,0.0,0.0
2015-08-14 00:00:00-04:00,73.37999725341797,73.83999633789062,72.7300033569336,73.37000274658203,1328400,0.0,0.0
2015-08-17 00:00:00-04:00,73.01000213623047,73.5999984741211,72.31999969482422,73.56999969482422,1027200,0.0,0.0
2015-08-18 00:00:00-04:00,73.95999908447266,74.19000244140625,73.2300033569336,73.8499984741211,1222000,0.0,0.0
2015-08-19 00:00:00-04:00,73.77999877929688,73.9000015258789,72.29000091552734,73.05999755859375,881700,0.0,0.0
2015-08-20 00:00:00-04:00,72.30000305175781,72.56999969482422,69.7699966430664,69.77999877929688,2107100,0.0,0.0
2015-08-21 00:00:00-04:00,69.19000244140625,70.0,67.91000366210938,68.04000091552734,2310800,0.0,0.0
2015-08-24 00:00:00-04:00,65.01000213623047,68.22000122070312,63.13999938964844,66.5199966430664,3779300,0.0,0.0
2015-08-25 00:00:00-04:00,68.23999786376953,68.98999786376953,65.58999633789062,65.62999725341797,3113600,0.0,0.0
2015-08-26 00:00:00-04:00,67.06999969482422,68.30000305175781,65.33000183105469,68.16999816894531,2242400,0.0,0.0
2015-08-27 00:00:00-04:00,69.08999633789062,70.88999938964844,68.52999877929688,70.5,2084200,0.0,0.0
2015-08-28 00:00:00-04:00,70.58999633789062,71.97000122070312,70.19999694824219,71.9000015258789,2371800,0.0,0.0
2015-08-31 00:00:00-04:00,71.66000366210938,71.80999755859375,70.87000274658203,71.30999755859375,1767900,0.0,0.0
2015-09-01 00:00:00-04:00,69.75,71.43000030517578,69.66999816894531,70.43000030517578,2411200,0.0,0.0
2015-09-02 00:00:00-04:00,71.3499984741211,71.66999816894531,69.66999816894531,71.2699966430664,1673400,0.0,0.0
2015-09-03 00:00:00-04:00,71.86000061035156,74.70999908447266,71.54000091552734,73.26000213623047,2381700,0.0,0.0
2015-09-04 00:00:00-04:00,71.70999908447266,73.16999816894531,71.70999908447266,72.58000183105469,1607100,0.0,0.0
2015-09-08 00:00:00-04:00,73.75,74.3499984741211,73.05999755859375,74.27999877929688,1417600,0.0,0.0
2015-09-09 00:00:00-04:00,74.87999725341797,75.25,73.12999725341797,73.3499984741211,1276200,0.0,0.0
2015-09-10 00:00:00-04:00,73.27999877929688,75.02999877929688,73.19000244140625,74.55000305175781,1410900,0.0,0.0
2015-09-11 00:00:00-04:00,74.31999969482422,75.31999969482422,73.94000244140625,74.66999816894531,1372300,0.0,0.0
2015-09-14 00:00:00-04:00,74.44999694824219,74.76000213623047,73.8499984741211,74.58000183105469,1010800,0.0,0.0
2015-09-15 00:00:00-04:00,74.5999984741211,75.37000274658203,74.20999908447266,75.19999694824219,1077500,0.0,0.0
2015-09-16 00:00:00-04:00,74.16999816894531,75.0199966430664,74.12000274658203,74.81999969482422,1381100,0.0,0.0
2015-09-17 00:00:00-04:00,74.87999725341797,75.4000015258789,74.06999969482422,74.63999938964844,1705000,0.0,0.0
2015-09-18 00:00:00-04:00,73.75,74.2699966430664,71.79000091552734,71.94999694824219,3906000,0.0,0.0
2015-09-21 00:00:00-04:00,72.31999969482422,72.5999984741211,71.72000122070312,72.08999633789062,1729300,0.0,0.0
2015-09-22 00:00:00-04:00,71.44000244140625,71.55000305175781,70.11000061035156,70.61000061035156,1794200,0.0,0.0
2015-09-23 00:00:00-04:00,70.29000091552734,70.79000091552734,70.05999755859375,70.54000091552734,1761700,0.0,0.0
2015-09-24 00:00:00-04:00,70.27999877929688,70.4000015258789,69.0199966430664,69.38999938964844,1705300,0.0,0.0
2015-09-25 00:00:00-04:00,69.72000122070312,71.6500015258789,69.47000122070312,70.55000305175781,2835700,0.0,0.0
2015-09-28 00:00:00-04:00,70.06999969482422,70.91000366210938,67.75,67.95999908447266,1897900,0.0,0.0
2015-09-29 00:00:00-04:00,68.0,68.4000015258789,67.0999984741211,67.5,1344700,0.0,0.0
2015-09-30 00:00:00-04:00,68.68000030517578,69.16000366210938,68.3499984741211,69.05999755859375,2200700,0.0,0.0
2015-10-01 00:00:00-04:00,69.05999755859375,69.44000244140625,68.13999938964844,68.95999908447266,1453200,0.0,0.0
2015-10-02 00:00:00-04:00,68.18000030517578,70.23999786376953,67.44000244140625,70.2300033569336,1216200,0.0,0.0
2015-10-05 00:00:00-04:00,70.81999969482422,72.4800033569336,70.41000366210938,72.12000274658203,1363600,0.0,0.0
2015-10-06 00:00:00-04:00,72.0,72.4000015258789,71.5,72.30000305175781,1076200,0.0,0.0
2015-10-07 00:00:00-04:00,72.4000015258789,73.7300033569336,72.30000305175781,73.55000305175781,1420500,0.0,0.0
2015-10-08 00:00:00-04:00,73.12000274658203,73.91000366210938,72.8499984741211,73.80000305175781,957200,0.0,0.0
2015-10-09 00:00:00-04:00,73.80000305175781,74.04000091552734,73.29000091552734,73.45999908447266,1109800,0.0,0.0
2015-10-12 00:00:00-04:00,73.56999969482422,73.58999633789062,72.56999969482422,72.81999969482422,1084700,0.0,0.0
2015-10-13 00:00:00-04:00,72.52999877929688,72.66000366210938,71.0,71.13999938964844,1295200,0.0,0.0
2015-10-14 00:00:00-04:00,71.01000213623047,71.87000274658203,70.11000061035156,70.27999877929688,1307400,0.0,0.0
2015-10-15 00:00:00-04:00,70.79000091552734,71.69000244140625,70.37999725341797,71.55999755859375,1074800,0.0,0.0
2015-10-16 00:00:00-04:00,71.66999816894531,71.66999816894531,70.55000305175781,70.94999694824219,1278000,0.0,0.0
2015-10-19 00:00:00-04:00,70.47000122070312,70.83999633789062,70.01000213623047,70.41999816894531,1690800,0.0,0.0
2015-10-20 00:00:00-04:00,70.51000213623047,72.2300033569336,70.27999877929688,71.91999816894531,1284800,0.0,0.0
2015-10-21 00:00:00-04:00,72.12000274658203,72.27999877929688,71.05000305175781,71.16000366210938,786500,0.0,0.0
2015-10-22 00:00:00-04:00,71.70999908447266,73.94999694824219,71.5199966430664,72.52999877929688,1504400,0.0,0.0
2015-10-23 00:00:00-04:00,73.51000213623047,74.48999786376953,72.83999633789062,74.08000183105469,1402100,0.0,0.0
2015-10-26 00:00:00-04:00,73.9000015258789,75.44000244140625,73.70999908447266,75.37000274658203,1908900,0.0,0.0
2015-10-27 00:00:00-04:00,74.98999786376953,76.38999938964844,74.83000183105469,75.55000305175781,3751000,0.0,0.0
2015-10-28 00:00:00-04:00,61.90999984741211,63.20000076293945,60.25,62.90999984741211,21769200,0.0,0.0
2015-10-29 00:00:00-04:00,61.70000076293945,61.75,60.43000030517578,61.11000061035156,6395000,0.0,0.0
2015-10-30 00:00:00-04:00,61.27000045776367,62.869998931884766,60.79999923706055,60.81999969482422,4006700,0.0,0.0
2015-11-02 00:00:00-05:00,60.72999954223633,62.099998474121094,60.689998626708984,61.779998779296875,2383600,0.0,0.0
2015-11-03 00:00:00-05:00,61.650001525878906,63.54999923706055,61.40999984741211,63.11000061035156,2789500,0.0,0.0
2015-11-04 00:00:00-05:00,63.31999969482422,63.38999938964844,61.97999954223633,62.220001220703125,2043300,0.0,0.0
2015-11-05 00:00:00-05:00,62.439998626708984,62.439998626708984,61.09000015258789,61.70000076293945,1521800,0.0,0.0
2015-11-06 00:00:00-05:00,61.63999938964844,62.790000915527344,61.36000061035156,62.380001068115234,1580100,0.0,0.0
2015-11-09 00:00:00-05:00,62.189998626708984,62.33000183105469,61.150001525878906,61.83000183105469,1832400,0.0,0.0
2015-11-10 00:00:00-05:00,61.75,62.36000061035156,61.529998779296875,61.650001525878906,1708000,0.0,0.0
2015-11-11 00:00:00-05:00,61.959999084472656,62.08000183105469,61.119998931884766,61.41999816894531,1269100,0.0,0.0
2015-11-12 00:00:00-05:00,61.31999969482422,61.81999969482422,60.400001525878906,60.439998626708984,1423600,0.0,0.0
2015-11-13 00:00:00-05:00,60.43000030517578,60.650001525878906,58.560001373291016,58.56999969482422,1957100,0.0,0.0
2015-11-16 00:00:00-05:00,58.59000015258789,59.310001373291016,58.2599983215332,59.13999938964844,1777100,0.0,0.0
2015-11-17 00:00:00-05:00,59.16999816894531,59.47999954223633,58.529998779296875,58.72999954223633,1528900,0.0,0.0
2015-11-18 00:00:00-05:00,58.84000015258789,59.38999938964844,58.52000045776367,59.25,1544600,0.0,0.0
2015-11-19 00:00:00-05:00,59.84000015258789,60.0,58.79999923706055,59.209999084472656,1369500,0.0,0.0
2015-11-20 00:00:00-05:00,57.959999084472656,58.0,55.36000061035156,56.91999816894531,6647100,0.0,0.0
2015-11-23 00:00:00-05:00,56.939998626708984,57.849998474121094,56.81999969482422,56.95000076293945,2954700,0.0,0.0
2015-11-24 00:00:00-05:00,56.54999923706055,57.33000183105469,56.45000076293945,56.619998931884766,1794700,0.0,0.0
2015-11-25 00:00:00-05:00,56.970001220703125,58.099998474121094,56.81999969482422,57.68000030517578,1422800,0.0,0.0
2015-11-27 00:00:00-05:00,57.66999816894531,58.16999816894531,57.5,57.900001525878906,581600,0.0,0.0
2015-11-30 00:00:00-05:00,58.0099983215332,58.130001068115234,57.15999984741211,57.61000061035156,1832800,0.0,0.0
2015-12-01 00:00:00-05:00,57.619998931884766,58.5099983215332,57.459999084472656,57.65999984741211,1851200,0.0,0.0
2015-12-02 00:00:00-05:00,57.56999969482422,57.84000015258789,55.959999084472656,56.06999969482422,2715200,0.0,0.0
2015-12-03 00:00:00-05:00,56.310001373291016,56.630001068115234,54.529998779296875,54.810001373291016,2509100,0.0,0.0
2015-12-04 00:00:00-05:00,54.97999954223633,56.810001373291016,54.90999984741211,56.619998931884766,2532100,0.0,0.0
2015-12-07 00:00:00-05:00,56.34000015258789,56.349998474121094,55.619998931884766,55.709999084472656,1765000,0.0,0.0
2015-12-08 00:00:00-05:00,55.31999969482422,55.529998779296875,54.939998626708984,55.099998474121094,1822000,0.0,0.0
2015-12-09 00:00:00-05:00,53.720001220703125,55.310001373291016,53.22999954223633,53.27000045776367,4107000,0.0,0.0
2015-12-10 00:00:00-05:00,53.38999938964844,54.279998779296875,53.08000183105469,53.70000076293945,2067500,0.0,0.0
2015-12-11 00:00:00-05:00,53.099998474121094,53.650001525878906,51.560001373291016,51.810001373291016,2894100,0.0,0.0
2015-12-14 00:00:00-05:00,52.369998931884766,52.849998474121094,50.560001373291016,51.08000183105469,3155600,0.0,0.0
2015-12-15 00:00:00-05:00,51.31999969482422,52.540000915527344,51.13999938964844,51.7599983215332,3039500,0.0,0.0
2015-12-16 00:00:00-05:00,52.349998474121094,53.369998931884766,52.25,53.279998779296875,2513900,0.0,0.0
2015-12-17 00:00:00-05:00,53.34000015258789,53.93000030517578,52.59000015258789,52.59000015258789,2272200,0.0,0.0
2015-12-18 00:00:00-05:00,52.47999954223633,53.040000915527344,52.279998779296875,52.31999969482422,3772300,0.0,0.0
2015-12-21 00:00:00-05:00,52.81999969482422,52.95000076293945,51.9900016784668,52.68000030517578,1444800,0.0,0.0
2015-12-22 00:00:00-05:00,52.70000076293945,53.16999816894531,52.52000045776367,52.97999954223633,987200,0.0,0.0
2015-12-23 00:00:00-05:00,52.90999984741211,53.47999954223633,52.810001373291016,53.25,1337800,0.0,0.0
2015-12-24 00:00:00-05:00,53.400001525878906,53.5099983215332,52.959999084472656,53.040000915527344,410200,0.0,0.0
2015-12-28 00:00:00-05:00,53.11000061035156,53.33000183105469,52.599998474121094,53.18000030517578,927200,0.0,0.0
2015-12-29 00:00:00-05:00,53.45000076293945,53.83000183105469,53.0,53.33000183105469,1082100,0.0,0.0
2015-12-30 00:00:00-05:00,53.29999923706055,53.439998626708984,52.88999938964844,52.900001525878906,786400,0.0,0.0
2015-12-31 00:00:00-05:00,52.84000015258789,53.41999816894531,52.61000061035156,52.630001068115234,1132000,0.0,0.0
2016-01-04 00:00:00-05:00,51.79999923706055,52.31999969482422,50.90999984741211,52.310001373291016,4341100,0.0,0.0
2016-01-05 00:00:00-05:00,52.380001068115234,52.650001525878906,51.93000030517578,52.02000045776367,1505000,0.0,0.0
2016-01-06 00:00:00-05:00,51.0,51.7599983215332,50.380001068115234,50.47999954223633,2588700,0.0,0.0
2016-01-07 00:00:00-05:00,49.34000015258789,50.70000076293945,48.15999984741211,48.189998626708984,4029600,0.0,0.0
2016-01-08 00:00:00-05:00,48.5099983215332,49.18000030517578,48.04999923706055,48.099998474121094,4122700,0.0,0.0
2016-01-11 00:00:00-05:00,48.27000045776367,48.869998931884766,44.93000030517578,45.459999084472656,6487000,0.0,0.0
2016-01-12 00:00:00-05:00,46.0099983215332,48.189998626708984,46.0099983215332,46.880001068115234,6203400,0.0,0.0
2016-01-13 00:00:00-05:00,47.13999938964844,47.689998626708984,45.75,45.81999969482422,4134900,0.0,0.0
2016-01-14 00:00:00-05:00,45.97999954223633,47.2599983215332,45.099998474121094,46.90999984741211,2974800,0.0,0.0
2016-01-15 00:00:00-05:00,45.33000183105469,45.90999984741211,43.93000030517578,44.150001525878906,3836100,0.0,0.0
2016-01-19 00:00:00-05:00,44.81999969482422,45.63999938964844,43.75,45.439998626708984,3590100,0.0,0.0
2016-01-20 00:00:00-05:00,44.790000915527344,46.75,43.75,46.11000061035156,3493500,0.0,0.0
2016-01-21 00:00:00-05:00,46.33000183105469,47.81999969482422,45.79999923706055,46.209999084472656,3350300,0.0,0.0
2016-01-22 00:00:00-05:00,46.970001220703125,47.88999938964844,46.52000045776367,46.90999984741211,1984700,0.0,0.0
2016-01-25 00:00:00-05:00,46.810001373291016,46.900001525878906,45.63999938964844,45.70000076293945,1413900,0.0,0.0
2016-01-26 00:00:00-05:00,45.86000061035156,46.41999816894531,45.2599983215332,46.20000076293945,2256200,0.0,0.0
2016-01-27 00:00:00-05:00,45.70000076293945,46.439998626708984,44.150001525878906,44.349998474121094,2082800,0.0,0.0
2016-01-28 00:00:00-05:00,44.849998474121094,45.209999084472656,43.279998779296875,43.470001220703125,2726300,0.0,0.0
2016-01-29 00:00:00-05:00,43.790000915527344,45.630001068115234,43.529998779296875,45.619998931884766,2278200,0.0,0.0
2016-02-01 00:00:00-05:00,45.5,45.540000915527344,44.310001373291016,45.29999923706055,2765800,0.0,0.0
2016-02-02 00:00:00-05:00,44.959999084472656,44.959999084472656,42.68000030517578,42.939998626708984,2789200,0.0,0.0
2016-02-03 00:00:00-05:00,43.25,44.810001373291016,42.959999084472656,44.38999938964844,3792500,0.0,0.0
2016-02-04 00:00:00-05:00,44.40999984741211,45.279998779296875,43.869998931884766,44.63999938964844,2402900,0.0,0.0
2016-02-05 00:00:00-05:00,44.150001525878906,44.189998626708984,42.880001068115234,43.20000076293945,2629300,0.0,0.0
2016-02-08 00:00:00-05:00,42.5099983215332,43.0,40.220001220703125,40.97999954223633,3280000,0.0,0.0
2016-02-09 00:00:00-05:00,40.59000015258789,41.529998779296875,39.43000030517578,39.56999969482422,6686700,0.0,0.0
2016-02-10 00:00:00-05:00,46.9900016784668,49.279998779296875,44.68000030517578,47.959999084472656,14254400,0.0,0.0
2016-02-11 00:00:00-05:00,47.130001068115234,49.439998626708984,46.5,49.13999938964844,5810000,0.0,0.0
2016-02-12 00:00:00-05:00,49.56999969482422,50.900001525878906,49.279998779296875,50.7599983215332,4037200,0.0,0.0
2016-02-16 00:00:00-05:00,51.27000045776367,53.150001525878906,50.470001220703125,52.54999923706055,5450200,0.0,0.0
2016-02-17 00:00:00-05:00,53.18000030517578,54.0,52.849998474121094,53.41999816894531,3355000,0.0,0.0
2016-02-18 00:00:00-05:00,54.83000183105469,54.83000183105469,53.06999969482422,53.279998779296875,3447900,0.0,0.0
2016-02-19 00:00:00-05:00,52.900001525878906,53.13999938964844,52.0,53.130001068115234,3425900,0.0,0.0
2016-02-22 00:00:00-05:00,53.630001068115234,55.599998474121094,53.38999938964844,54.47999954223633,3963500,0.0,0.0
2016-02-23 00:00:00-05:00,54.06999969482422,54.7599983215332,53.58000183105469,53.970001220703125,3878900,0.0,0.0
2016-02-24 00:00:00-05:00,53.59000015258789,54.970001220703125,53.02000045776367,54.779998779296875,2165300,0.0,0.0
2016-02-25 00:00:00-05:00,54.91999816894531,55.0,54.150001525878906,54.959999084472656,2554600,0.0,0.0
2016-02-26 00:00:00-05:00,55.349998474121094,55.54999923706055,54.599998474121094,55.2400016784668,3038200,0.0,0.0
2016-02-29 00:00:00-05:00,55.290000915527344,55.540000915527344,53.970001220703125,53.970001220703125,4323400,0.0,0.0
2016-03-01 00:00:00-05:00,54.369998931884766,55.56999969482422,54.0,55.529998779296875,3930000,0.0,0.0
2016-03-02 00:00:00-05:00,55.400001525878906,56.310001373291016,55.040000915527344,56.209999084472656,2425700,0.0,0.0
2016-03-03 00:00:00-05:00,55.83000183105469,55.88999938964844,55.20000076293945,55.63999938964844,2524400,0.0,0.0
2016-03-04 00:00:00-05:00,55.650001525878906,55.97999954223633,55.029998779296875,55.56999969482422,2835700,0.0,0.0
2016-03-07 00:00:00-05:00,55.0,55.97999954223633,54.91999816894531,55.33000183105469,2950200,0.0,0.0
2016-03-08 00:00:00-05:00,54.939998626708984,55.150001525878906,54.150001525878906,54.58000183105469,2916900,0.0,0.0
2016-03-09 00:00:00-05:00,54.9900016784668,55.4900016784668,54.290000915527344,55.189998626708984,1595400,0.0,0.0
2016-03-10 00:00:00-05:00,55.2400016784668,55.43000030517578,53.900001525878906,54.63999938964844,3072700,0.0,0.0
2016-03-11 00:00:00-05:00,55.2599983215332,56.290000915527344,55.18000030517578,56.06999969482422,1264400,0.0,0.0
2016-03-14 00:00:00-04:00,55.75,55.83000183105469,55.08000183105469,55.279998779296875,1896600,0.0,0.0
2016-03-15 00:00:00-04:00,54.88999938964844,55.09000015258789,54.34000015258789,54.66999816894531,1844900,0.0,0.0
2016-03-16 00:00:00-04:00,54.290000915527344,56.09000015258789,54.189998626708984,55.810001373291016,1610700,0.0,0.0
2016-03-17 00:00:00-04:00,55.47999954223633,56.08000183105469,55.279998779296875,56.060001373291016,1688400,0.0,0.0
2016-03-18 00:00:00-04:00,56.5,57.04999923706055,55.689998626708984,55.95000076293945,2417400,0.0,0.0
2016-03-21 00:00:00-04:00,55.849998474121094,56.36000061035156,55.689998626708984,56.290000915527344,1071900,0.0,0.0
2016-03-22 00:00:00-04:00,55.97999954223633,57.0,55.810001373291016,56.7400016784668,1193500,0.0,0.0
2016-03-23 00:00:00-04:00,56.66999816894531,56.66999816894531,54.95000076293945,55.119998931884766,1697900,0.0,0.0
2016-03-24 00:00:00-04:00,54.650001525878906,55.130001068115234,54.38999938964844,54.84000015258789,1940500,0.0,0.0
2016-03-28 00:00:00-04:00,55.099998474121094,55.310001373291016,54.56999969482422,54.93000030517578,1289200,0.0,0.0
2016-03-29 00:00:00-04:00,54.650001525878906,55.540000915527344,54.02000045776367,55.2599983215332,1159500,0.0,0.0
2016-03-30 00:00:00-04:00,55.7400016784668,55.79999923706055,54.790000915527344,55.099998474121094,1540100,0.0,0.0
2016-03-31 00:00:00-04:00,55.060001373291016,55.72999954223633,54.70000076293945,55.56999969482422,1643000,0.0,0.0
2016-04-01 00:00:00-04:00,55.13999938964844,55.310001373291016,54.2400016784668,55.220001220703125,1671600,0.0,0.0
2016-04-04 00:00:00-04:00,55.16999816894531,55.84000015258789,54.7599983215332,55.33000183105469,1034100,0.0,0.0
2016-04-05 00:00:00-04:00,54.189998626708984,54.31999969482422,52.7599983215332,53.13999938964844,2116800,0.0,0.0
2016-04-06 00:00:00-04:00,53.08000183105469,54.79999923706055,53.08000183105469,54.779998779296875,1672600,0.0,0.0
2016-04-07 00:00:00-04:00,54.5,55.0,53.0,53.279998779296875,1754500,0.0,0.0
2016-04-08 00:00:00-04:00,53.59000015258789,53.95000076293945,52.20000076293945,52.380001068115234,1863500,0.0,0.0
2016-04-11 00:00:00-04:00,52.689998626708984,52.9900016784668,51.0099983215332,51.060001373291016,2409500,0.0,0.0
2016-04-12 00:00:00-04:00,51.18000030517578,51.61000061035156,49.79999923706055,50.540000915527344,3062500,0.0,0.0
2016-04-13 00:00:00-04:00,50.7599983215332,51.970001220703125,50.61000061035156,51.790000915527344,1599900,0.0,0.0
2016-04-14 00:00:00-04:00,51.529998779296875,52.34000015258789,51.130001068115234,51.66999816894531,1274000,0.0,0.0
2016-04-15 00:00:00-04:00,51.58000183105469,51.90999984741211,50.77000045776367,50.93000030517578,1985900,0.0,0.0
2016-04-18 00:00:00-04:00,50.540000915527344,51.97999954223633,49.869998931884766,51.75,2296200,0.0,0.0
2016-04-19 00:00:00-04:00,51.93000030517578,52.25,50.7599983215332,51.349998474121094,1845400,0.0,0.0
2016-04-20 00:00:00-04:00,51.349998474121094,51.65999984741211,50.0,51.27000045776367,2125200,0.0,0.0
2016-04-21 00:00:00-04:00,51.36000061035156,51.709999084472656,51.029998779296875,51.36000061035156,1318800,0.0,0.0
2016-04-22 00:00:00-04:00,51.2599983215332,51.810001373291016,50.63999938964844,51.130001068115234,2987900,0.0,0.0
2016-04-25 00:00:00-04:00,51.0,51.11000061035156,50.560001373291016,51.09000015258789,1617700,0.0,0.0
2016-04-26 00:00:00-04:00,50.93000030517578,52.84000015258789,50.83000183105469,52.65999984741211,3781200,0.0,0.0
2016-04-27 00:00:00-04:00,52.099998474121094,57.5,52.029998779296875,54.849998474121094,6939700,0.0,0.0
2016-04-28 00:00:00-04:00,54.47999954223633,54.810001373291016,52.290000915527344,52.40999984741211,2530300,0.0,0.0
2016-04-29 00:00:00-04:00,52.209999084472656,52.380001068115234,50.380001068115234,50.9900016784668,2741400,0.0,0.0
2016-05-02 00:00:00-04:00,50.75,51.18000030517578,50.029998779296875,50.939998626708984,1982500,0.0,0.0
2016-05-03 00:00:00-04:00,50.81999969482422,50.939998626708984,49.63999938964844,49.90999984741211,1979100,0.0,0.0
2016-05-04 00:00:00-04:00,49.619998931884766,49.970001220703125,49.09000015258789,49.540000915527344,2677300,0.0,0.0
2016-05-05 00:00:00-04:00,49.77000045776367,50.040000915527344,49.09000015258789,49.5099983215332,2055100,0.0,0.0
2016-05-06 00:00:00-04:00,49.349998474121094,49.970001220703125,48.880001068115234,49.939998626708984,1444700,0.0,0.0
2016-05-09 00:00:00-04:00,49.650001525878906,50.439998626708984,49.560001373291016,50.150001525878906,1242600,0.0,0.0
2016-05-10 00:00:00-04:00,50.349998474121094,52.029998779296875,50.27000045776367,51.970001220703125,1904300,0.0,0.0
2016-05-11 00:00:00-04:00,51.77000045776367,51.86000061035156,50.58000183105469,50.720001220703125,1326900,0.0,0.0
2016-05-12 00:00:00-04:00,51.0,51.7400016784668,50.5,51.119998931884766,1652600,0.0,0.0
2016-05-13 00:00:00-04:00,50.93000030517578,51.380001068115234,50.279998779296875,50.4900016784668,1505200,0.0,0.0
2016-05-16 00:00:00-04:00,50.4900016784668,51.68000030517578,50.36000061035156,51.36000061035156,1280700,0.0,0.0
2016-05-17 00:00:00-04:00,51.20000076293945,51.75,50.709999084472656,50.970001220703125,1220900,0.0,0.0
2016-05-18 00:00:00-04:00,51.029998779296875,51.400001525878906,50.439998626708984,50.970001220703125,863000,0.0,0.0
2016-05-19 00:00:00-04:00,50.68000030517578,51.290000915527344,50.060001373291016,50.68000030517578,838400,0.0,0.0
2016-05-20 00:00:00-04:00,51.04999923706055,51.9900016784668,50.95000076293945,51.72999954223633,1584900,0.0,0.0
2016-05-23 00:00:00-04:00,51.61000061035156,51.869998931884766,50.79999923706055,51.290000915527344,1586800,0.0,0.0
2016-05-24 00:00:00-04:00,51.31999969482422,52.90999984741211,51.0,52.70000076293945,1182300,0.0,0.0
2016-05-25 00:00:00-04:00,52.869998931884766,53.810001373291016,52.709999084472656,52.86000061035156,1142000,0.0,0.0
2016-05-26 00:00:00-04:00,52.7599983215332,54.16999816894531,52.619998931884766,53.97999954223633,2335200,0.0,0.0
2016-05-27 00:00:00-04:00,54.0,54.5,53.63999938964844,54.20000076293945,1166300,0.0,0.0
2016-05-31 00:00:00-04:00,54.41999816894531,54.779998779296875,54.18000030517578,54.58000183105469,1261000,0.0,0.0
2016-06-01 00:00:00-04:00,54.0099983215332,54.619998931884766,53.72999954223633,54.41999816894531,1240800,0.0,0.0
2016-06-02 00:00:00-04:00,54.099998474121094,54.970001220703125,54.099998474121094,54.900001525878906,707400,0.0,0.0
2016-06-03 00:00:00-04:00,54.459999084472656,54.58000183105469,52.9900016784668,53.54999923706055,1280200,0.0,0.0
2016-06-06 00:00:00-04:00,53.77000045776367,54.72999954223633,53.16999816894531,54.529998779296875,909300,0.0,0.0
2016-06-07 00:00:00-04:00,54.5,54.88999938964844,53.91999816894531,54.849998474121094,1238200,0.0,0.0
2016-06-08 00:00:00-04:00,54.9900016784668,55.400001525878906,54.810001373291016,54.91999816894531,1237400,0.0,0.0
2016-06-09 00:00:00-04:00,54.630001068115234,55.5,54.15999984741211,55.439998626708984,1424100,0.0,0.0
2016-06-10 00:00:00-04:00,54.650001525878906,55.2400016784668,52.66999816894531,52.72999954223633,1434100,0.0,0.0
2016-06-13 00:00:00-04:00,52.470001220703125,53.15999984741211,52.18000030517578,52.209999084472656,1245500,0.0,0.0
2016-06-14 00:00:00-04:00,52.09000015258789,52.689998626708984,51.970001220703125,52.65999984741211,1185000,0.0,0.0
2016-06-15 00:00:00-04:00,52.65999984741211,54.060001373291016,52.65999984741211,53.27000045776367,1471600,0.0,0.0
2016-06-16 00:00:00-04:00,52.79999923706055,53.810001373291016,52.349998474121094,53.709999084472656,1281200,0.0,0.0
2016-06-17 00:00:00-04:00,53.72999954223633,53.9900016784668,53.15999984741211,53.189998626708984,2330300,0.0,0.0
2016-06-20 00:00:00-04:00,54.040000915527344,54.81999969482422,53.5,54.13999938964844,1806900,0.0,0.0
2016-06-21 00:00:00-04:00,54.41999816894531,54.7400016784668,54.13999938964844,54.70000076293945,1132200,0.0,0.0
2016-06-22 00:00:00-04:00,54.65999984741211,55.2400016784668,54.56999969482422,54.70000076293945,1495900,0.0,0.0
2016-06-23 00:00:00-04:00,55.2400016784668,57.16999816894531,55.130001068115234,57.16999816894531,2517300,0.0,0.0
2016-06-24 00:00:00-04:00,54.959999084472656,55.7400016784668,53.16999816894531,53.349998474121094,3494500,0.0,0.0
2016-06-27 00:00:00-04:00,52.70000076293945,52.880001068115234,50.90999984741211,51.15999984741211,2436900,0.0,0.0
2016-06-28 00:00:00-04:00,51.959999084472656,53.43000030517578,51.880001068115234,53.04999923706055,1965700,0.0,0.0
2016-06-29 00:00:00-04:00,53.09000015258789,54.84000015258789,52.79999923706055,54.560001373291016,1780200,0.0,0.0
2016-06-30 00:00:00-04:00,54.790000915527344,55.939998626708984,53.9900016784668,55.93000030517578,1957600,0.0,0.0
2016-07-01 00:00:00-04:00,55.810001373291016,56.33000183105469,55.20000076293945,55.5,1242400,0.0,0.0
2016-07-05 00:00:00-04:00,55.099998474121094,55.5,53.810001373291016,54.25,1327200,0.0,0.0
2016-07-06 00:00:00-04:00,54.18000030517578,55.029998779296875,53.720001220703125,54.959999084472656,1443500,0.0,0.0
2016-07-07 00:00:00-04:00,55.0,55.38999938964844,54.68000030517578,54.939998626708984,989600,0.0,0.0
2016-07-08 00:00:00-04:00,55.5,56.63999938964844,54.86000061035156,56.380001068115234,1919200,0.0,0.0
2016-07-11 00:00:00-04:00,56.65999984741211,57.400001525878906,55.88999938964844,56.2400016784668,1498000,0.0,0.0
2016-07-12 00:00:00-04:00,56.7400016784668,56.900001525878906,56.11000061035156,56.15999984741211,2017300,0.0,0.0
2016-07-13 00:00:00-04:00,56.70000076293945,57.689998626708984,56.5,56.86000061035156,1789600,0.0,0.0
2016-07-14 00:00:00-04:00,57.720001220703125,58.0099983215332,57.11000061035156,57.43000030517578,1611000,0.0,0.0
2016-07-15 00:00:00-04:00,57.70000076293945,57.90999984741211,57.029998779296875,57.25,1138000,0.0,0.0
2016-07-18 00:00:00-04:00,57.38999938964844,57.86000061035156,57.279998779296875,57.470001220703125,937900,0.0,0.0
2016-07-19 00:00:00-04:00,57.2400016784668,57.959999084472656,57.2400016784668,57.45000076293945,1000100,0.0,0.0
2016-07-20 00:00:00-04:00,57.709999084472656,57.88999938964844,57.41999816894531,57.83000183105469,1164600,0.0,0.0
2016-07-21 00:00:00-04:00,57.88999938964844,58.119998931884766,57.0099983215332,57.20000076293945,1486500,0.0,0.0
2016-07-22 00:00:00-04:00,57.45000076293945,58.13999938964844,57.2400016784668,57.88999938964844,1047900,0.0,0.0
2016-07-25 00:00:00-04:00,57.83000183105469,58.33000183105469,57.56999969482422,57.900001525878906,1676800,0.0,0.0
2016-07-26 00:00:00-04:00,58.0,58.470001220703125,57.689998626708984,58.09000015258789,3896200,0.0,0.0
2016-07-27 00:00:00-04:00,51.22999954223633,51.439998626708984,47.79999923706055,50.5099983215332,19372300,0.0,0.0
2016-07-28 00:00:00-04:00,50.45000076293945,51.130001068115234,50.209999084472656,50.689998626708984,4725000,0.0,0.0
2016-07-29 00:00:00-04:00,50.63999938964844,50.83000183105469,49.7599983215332,50.529998779296875,3622500,0.0,0.0
2016-08-01 00:00:00-04:00,50.560001373291016,50.709999084472656,50.189998626708984,50.599998474121094,3028300,0.0,0.0
2016-08-02 00:00:00-04:00,50.459999084472656,50.689998626708984,49.209999084472656,49.959999084472656,3083500,0.0,0.0
2016-08-03 00:00:00-04:00,49.86000061035156,49.97999954223633,49.15999984741211,49.439998626708984,1909000,0.0,0.0
2016-08-04 00:00:00-04:00,49.279998779296875,49.709999084472656,48.91999816894531,49.43000030517578,1938500,0.0,0.0
2016-08-05 00:00:00-04:00,49.72999954223633,50.869998931884766,49.15999984741211,50.65999984741211,2085000,0.0,0.0
2016-08-08 00:00:00-04:00,50.779998779296875,50.939998626708984,50.04999923706055,50.209999084472656,1405300,0.0,0.0
2016-08-09 00:00:00-04:00,50.16999816894531,50.95000076293945,50.15999984741211,50.220001220703125,1802600,0.0,0.0
2016-08-10 00:00:00-04:00,50.349998474121094,52.060001373291016,50.349998474121094,52.02000045776367,2997400,0.0,0.0
2016-08-11 00:00:00-04:00,52.150001525878906,52.29999923706055,51.29999923706055,51.40999984741211,1582300,0.0,0.0
2016-08-12 00:00:00-04:00,52.189998626708984,52.56999969482422,51.959999084472656,51.970001220703125,1978800,0.0,0.0
2016-08-15 00:00:00-04:00,52.04999923706055,53.0099983215332,52.02000045776367,52.04999923706055,1960700,0.0,0.0
2016-08-16 00:00:00-04:00,52.06999969482422,52.630001068115234,52.0,52.0,1241000,0.0,0.0
2016-08-17 00:00:00-04:00,52.2400016784668,52.400001525878906,51.97999954223633,52.34000015258789,1608500,0.0,0.0
2016-08-18 00:00:00-04:00,52.349998474121094,52.63999938964844,52.0,52.349998474121094,1108100,0.0,0.0
2016-08-19 00:00:00-04:00,52.29999923706055,52.959999084472656,52.0,52.95000076293945,1390800,0.0,0.0
2016-08-22 00:00:00-04:00,52.810001373291016,53.0,52.25,52.97999954223633,1286100,0.0,0.0
2016-08-23 00:00:00-04:00,53.060001373291016,54.279998779296875,52.95000076293945,53.599998474121094,1379100,0.0,0.0
2016-08-24 00:00:00-04:00,53.68000030517578,54.439998626708984,53.630001068115234,53.97999954223633,1984600,0.0,0.0
2016-08-25 00:00:00-04:00,53.79999923706055,54.68000030517578,53.7599983215332,54.560001373291016,1971300,0.0,0.0
2016-08-26 00:00:00-04:00,54.560001373291016,55.939998626708984,54.18000030517578,55.310001373291016,2221500,0.0,0.0
2016-08-29 00:00:00-04:00,55.25,55.29999923706055,54.65999984741211,55.040000915527344,1173300,0.0,0.0
2016-08-30 00:00:00-04:00,55.04999923706055,55.560001373291016,54.61000061035156,54.88999938964844,1168100,0.0,0.0
2016-08-31 00:00:00-04:00,54.970001220703125,55.13999938964844,54.290000915527344,54.900001525878906,1304200,0.0,0.0
2016-09-01 00:00:00-04:00,54.81999969482422,55.08000183105469,54.15999984741211,55.06999969482422,1769500,0.0,0.0
2016-09-02 00:00:00-04:00,55.400001525878906,55.779998779296875,55.0099983215332,55.33000183105469,1149100,0.0,0.0
2016-09-06 00:00:00-04:00,55.290000915527344,55.83000183105469,55.08000183105469,55.5,1737400,0.0,0.0
2016-09-07 00:00:00-04:00,55.369998931884766,55.43000030517578,53.90999984741211,54.08000183105469,2394700,0.0,0.0
2016-09-08 00:00:00-04:00,53.900001525878906,54.310001373291016,53.2400016784668,53.5,3483400,0.0,0.0
2016-09-09 00:00:00-04:00,53.040000915527344,53.72999954223633,52.43000030517578,52.5,2209000,0.0,0.0
2016-09-12 00:00:00-04:00,52.380001068115234,53.279998779296875,52.310001373291016,53.09000015258789,2117100,0.0,0.0
2016-09-13 00:00:00-04:00,52.5,52.81999969482422,51.43000030517578,51.869998931884766,1905000,0.0,0.0
2016-09-14 00:00:00-04:00,51.810001373291016,52.459999084472656,51.33000183105469,51.650001525878906,2363400,0.0,0.0
2016-09-15 00:00:00-04:00,51.310001373291016,51.709999084472656,50.90999984741211,51.380001068115234,3072000,0.0,0.0
2016-09-16 00:00:00-04:00,51.20000076293945,51.400001525878906,50.7599983215332,50.97999954223633,2415000,0.0,0.0
2016-09-19 00:00:00-04:00,51.18000030517578,51.900001525878906,51.13999938964844,51.619998931884766,2430000,0.0,0.0
2016-09-20 00:00:00-04:00,51.97999954223633,52.2599983215332,51.36000061035156,51.36000061035156,1907500,0.0,0.0
2016-09-21 00:00:00-04:00,51.47999954223633,52.29999923706055,51.279998779296875,52.209999084472656,1690200,0.0,0.0
2016-09-22 00:00:00-04:00,52.70000076293945,52.93000030517578,52.16999816894531,52.43000030517578,2073300,0.0,0.0
2016-09-23 00:00:00-04:00,52.11000061035156,52.630001068115234,52.11000061035156,52.25,1307400,0.0,0.0
2016-09-26 00:00:00-04:00,51.84000015258789,52.25,51.5099983215332,51.7599983215332,1298500,0.0,0.0
2016-09-27 00:00:00-04:00,51.849998474121094,52.83000183105469,51.79999923706055,52.650001525878906,1562400,0.0,0.0
2016-09-28 00:00:00-04:00,52.56999969482422,52.70000076293945,51.36000061035156,52.279998779296875,1967100,0.0,0.0
2016-09-29 00:00:00-04:00,52.27000045776367,53.63999938964844,52.27000045776367,52.40999984741211,2268600,0.0,0.0
2016-09-30 00:00:00-04:00,52.630001068115234,53.189998626708984,52.130001068115234,52.9900016784668,1354700,0.0,0.0
2016-10-03 00:00:00-04:00,52.959999084472656,53.75,52.630001068115234,53.709999084472656,1848300,0.0,0.0
2016-10-04 00:00:00-04:00,53.75,54.779998779296875,53.20000076293945,54.63999938964844,2633600,0.0,0.0
2016-10-05 00:00:00-04:00,54.900001525878906,56.04999923706055,54.72999954223633,55.97999954223633,2973100,0.0,0.0
2016-10-06 00:00:00-04:00,55.79999923706055,55.90999984741211,54.599998474121094,54.86000061035156,1973500,0.0,0.0
2016-10-07 00:00:00-04:00,55.33000183105469,55.33000183105469,54.58000183105469,54.95000076293945,1162200,0.0,0.0
2016-10-10 00:00:00-04:00,55.220001220703125,55.7400016784668,55.06999969482422,55.310001373291016,1256900,0.0,0.0
2016-10-11 00:00:00-04:00,55.29999923706055,55.29999923706055,53.61000061035156,54.130001068115234,1795800,0.0,0.0
2016-10-12 00:00:00-04:00,54.029998779296875,54.36000061035156,53.56999969482422,54.279998779296875,993800,0.0,0.0
2016-10-13 00:00:00-04:00,53.869998931884766,54.58000183105469,53.189998626708984,54.45000076293945,1400000,0.0,0.0
2016-10-14 00:00:00-04:00,54.79999923706055,55.2400016784668,54.06999969482422,54.65999984741211,1521000,0.0,0.0
2016-10-17 00:00:00-04:00,54.52000045776367,54.9900016784668,54.11000061035156,54.939998626708984,1266000,0.0,0.0
2016-10-18 00:00:00-04:00,55.689998626708984,56.29999923706055,55.58000183105469,55.91999816894531,1937300,0.0,0.0
2016-10-19 00:00:00-04:00,56.18000030517578,56.97999954223633,56.0,56.619998931884766,1698000,0.0,0.0
2016-10-20 00:00:00-04:00,56.56999969482422,56.880001068115234,56.33000183105469,56.72999954223633,1072500,0.0,0.0
2016-10-21 00:00:00-04:00,56.72999954223633,57.810001373291016,56.25,57.66999816894531,1800600,0.0,0.0
2016-10-24 00:00:00-04:00,57.970001220703125,59.18000030517578,57.84000015258789,58.84000015258789,2852900,0.0,0.0
2016-10-25 00:00:00-04:00,59.0,59.20000076293945,58.439998626708984,59.06999969482422,3407400,0.0,0.0
2016-10-26 00:00:00-04:00,64.36000061035156,68.47000122070312,64.0999984741211,67.69999694824219,13754500,0.0,0.0
2016-10-27 00:00:00-04:00,68.08999633789062,69.94999694824219,67.0199966430664,68.80999755859375,6585200,0.0,0.0
2016-10-28 00:00:00-04:00,68.62999725341797,70.0999984741211,68.47000122070312,69.91000366210938,4018100,0.0,0.0
2016-10-31 00:00:00-04:00,69.76000213623047,71.04000091552734,69.3499984741211,69.47000122070312,3711100,0.0,0.0
2016-11-01 00:00:00-04:00,69.38999938964844,69.55000305175781,67.5199966430664,68.0999984741211,5326000,0.0,0.0
2016-11-02 00:00:00-04:00,68.0,68.22000122070312,67.20999908447266,67.30999755859375,3684900,0.0,0.0
2016-11-03 00:00:00-04:00,67.41999816894531,67.54000091552734,66.4800033569336,66.5199966430664,2483600,0.0,0.0
2016-11-04 00:00:00-04:00,66.33000183105469,67.04000091552734,65.69000244140625,65.80999755859375,3087700,0.0,0.0
2016-11-07 00:00:00-05:00,67.31999969482422,67.5,66.20999908447266,66.5199966430664,2617300,0.0,0.0
2016-11-08 00:00:00-05:00,66.30999755859375,66.76000213623047,65.75,66.37000274658203,2761700,0.0,0.0
2016-11-09 00:00:00-05:00,64.98999786376953,66.97000122070312,64.7699966430664,66.52999877929688,2760800,0.0,0.0
2016-11-10 00:00:00-05:00,66.8499984741211,67.62999725341797,65.0,66.22000122070312,2153100,0.0,0.0
2016-11-11 00:00:00-05:00,65.93000030517578,66.16000366210938,65.11000061035156,65.44999694824219,2926300,0.0,0.0
2016-11-14 00:00:00-05:00,65.7699966430664,65.86000061035156,65.08000183105469,65.44000244140625,2375900,0.0,0.0
2016-11-15 00:00:00-05:00,65.7699966430664,66.30000305175781,65.30000305175781,65.47000122070312,3692100,0.0,0.0
2016-11-16 00:00:00-05:00,65.4000015258789,66.0999984741211,65.20999908447266,65.9000015258789,2153600,0.0,0.0
2016-11-17 00:00:00-05:00,66.25,66.93000030517578,66.0999984741211,66.5999984741211,2342900,0.0,0.0
2016-11-18 00:00:00-05:00,66.62999725341797,66.73999786376953,66.08000183105469,66.44000244140625,1515600,0.0,0.0
2016-11-21 00:00:00-05:00,66.5,67.0999984741211,66.05000305175781,66.9000015258789,2356100,0.0,0.0
2016-11-22 00:00:00-05:00,66.26000213623047,67.02999877929688,66.26000213623047,66.81999969482422,1892900,0.0,0.0
2016-11-23 00:00:00-05:00,66.80000305175781,66.93000030517578,65.86000061035156,66.4800033569336,1362000,0.0,0.0
2016-11-25 00:00:00-05:00,66.69999694824219,66.97000122070312,66.0999984741211,66.94999694824219,439600,0.0,0.0
2016-11-28 00:00:00-05:00,66.5199966430664,66.79000091552734,65.9000015258789,66.16999816894531,989700,0.0,0.0
2016-11-29 00:00:00-05:00,66.33999633789062,67.76000213623047,66.11000061035156,67.27999877929688,1897800,0.0,0.0
2016-11-30 00:00:00-05:00,67.30000305175781,67.4800033569336,66.44000244140625,66.69999694824219,1752500,0.0,0.0
2016-12-01 00:00:00-05:00,66.4800033569336,66.5,63.5,63.5099983215332,2888800,0.0,0.0
2016-12-02 00:00:00-05:00,63.34000015258789,64.13999938964844,62.83000183105469,63.869998931884766,2284000,0.0,0.0
2016-12-05 00:00:00-05:00,64.0,64.58999633789062,63.619998931884766,64.30999755859375,1972300,0.0,0.0
2016-12-06 00:00:00-05:00,64.41000366210938,64.9800033569336,64.04000091552734,64.93000030517578,1235800,0.0,0.0
2016-12-07 00:00:00-05:00,64.70999908447266,66.18000030517578,64.4000015258789,66.1500015258789,1310200,0.0,0.0
2016-12-08 00:00:00-05:00,65.86000061035156,66.79000091552734,65.58000183105469,66.30999755859375,1099800,0.0,0.0
2016-12-09 00:00:00-05:00,66.37000274658203,66.56999969482422,64.81999969482422,64.94000244140625,1224100,0.0,0.0
2016-12-12 00:00:00-05:00,64.79000091552734,64.83999633789062,63.68000030517578,64.25,1055500,0.0,0.0
2016-12-13 00:00:00-05:00,64.61000061035156,65.91999816894531,64.4800033569336,65.13999938964844,1344800,0.0,0.0
2016-12-14 00:00:00-05:00,67.0,68.36000061035156,66.56999969482422,66.98999786376953,3129100,0.0,0.0
2016-12-15 00:00:00-05:00,66.80999755859375,68.18000030517578,66.47000122070312,67.58000183105469,1543300,0.0,0.0
2016-12-16 00:00:00-05:00,67.91999816894531,68.43000030517578,66.62999725341797,67.19000244140625,2734400,0.0,0.0
2016-12-19 00:00:00-05:00,67.33999633789062,68.06999969482422,66.44000244140625,67.76000213623047,925400,0.0,0.0
2016-12-20 00:00:00-05:00,67.81999969482422,68.83999633789062,67.80000305175781,68.69999694824219,1274600,0.0,0.0
2016-12-21 00:00:00-05:00,68.8499984741211,69.26000213623047,67.79000091552734,67.87000274658203,1024300,0.0,0.0
2016-12-22 00:00:00-05:00,68.16000366210938,68.68000030517578,67.23999786376953,67.37000274658203,965900,0.0,0.0
2016-12-23 00:00:00-05:00,67.30999755859375,67.75,67.11000061035156,67.62999725341797,571500,0.0,0.0
2016-12-27 00:00:00-05:00,67.62999725341797,68.38999938964844,67.2699966430664,68.08999633789062,607100,0.0,0.0
2016-12-28 00:00:00-05:00,68.12999725341797,68.30000305175781,67.12000274658203,67.2699966430664,710300,0.0,0.0
2016-12-29 00:00:00-05:00,67.13999938964844,67.83000183105469,66.87999725341797,67.04000091552734,589400,0.0,0.0
2016-12-30 00:00:00-05:00,67.25,67.55000305175781,66.3499984741211,66.68000030517578,967700,0.0,0.0
2017-01-03 00:00:00-05:00,67.2699966430664,68.37000274658203,67.11000061035156,67.56999969482422,1077400,0.0,0.0
2017-01-04 00:00:00-05:00,67.51000213623047,68.47000122070312,67.19000244140625,68.33000183105469,1174300,0.0,0.0
2017-01-05 00:00:00-05:00,68.12000274658203,69.75,68.12000274658203,69.55000305175781,1779800,0.0,0.0
2017-01-06 00:00:00-05:00,69.37999725341797,70.51000213623047,68.91999816894531,69.79000091552734,1967300,0.0,0.0
2017-01-09 00:00:00-05:00,69.73999786376953,70.29000091552734,69.69999694824219,70.0,1550300,0.0,0.0
2017-01-10 00:00:00-05:00,70.0,70.4800033569336,69.81999969482422,70.27999877929688,1462200,0.0,0.0
2017-01-11 00:00:00-05:00,70.58999633789062,71.63999938964844,70.08999633789062,70.12000274658203,2247200,0.0,0.0
2017-01-12 00:00:00-05:00,70.01000213623047,70.30000305175781,69.1500015258789,69.93000030517578,1259700,0.0,0.0
2017-01-13 00:00:00-05:00,70.2300033569336,70.41999816894531,69.86000061035156,70.0199966430664,1491700,0.0,0.0
2017-01-17 00:00:00-05:00,69.80999755859375,70.0,69.18000030517578,69.79000091552734,1016700,0.0,0.0
2017-01-18 00:00:00-05:00,69.73999786376953,69.80999755859375,68.94000244140625,69.5999984741211,1075500,0.0,0.0
2017-01-19 00:00:00-05:00,69.36000061035156,69.73999786376953,68.95999908447266,68.9800033569336,1409700,0.0,0.0
2017-01-20 00:00:00-05:00,69.36000061035156,69.5999984741211,68.8499984741211,69.1500015258789,1447100,0.0,0.0
2017-01-23 00:00:00-05:00,69.05000305175781,69.3499984741211,67.83999633789062,67.97000122070312,1455800,0.0,0.0
2017-01-24 00:00:00-05:00,67.97000122070312,68.27999877929688,67.47000122070312,67.73999786376953,1566100,0.0,0.0
2017-01-25 00:00:00-05:00,68.3499984741211,68.81999969482422,67.79000091552734,68.7300033569336,1751300,0.0,0.0
2017-01-26 00:00:00-05:00,68.54000091552734,68.69999694824219,67.7300033569336,67.77999877929688,1416300,0.0,0.0
2017-01-27 00:00:00-05:00,68.04000091552734,68.08000183105469,67.55000305175781,67.97000122070312,1535700,0.0,0.0
2017-01-30 00:00:00-05:00,67.98999786376953,68.3499984741211,67.36000061035156,67.80999755859375,1893900,0.0,0.0
2017-01-31 00:00:00-05:00,67.56999969482422,68.8499984741211,67.19999694824219,68.58999633789062,1548700,0.0,0.0
2017-02-01 00:00:00-05:00,68.66999816894531,68.80000305175781,67.76000213623047,68.69999694824219,1579500,0.0,0.0
2017-02-02 00:00:00-05:00,68.37000274658203,69.66999816894531,67.83000183105469,69.4000015258789,1333600,0.0,0.0
2017-02-03 00:00:00-05:00,69.8499984741211,69.8499984741211,69.01000213623047,69.55000305175781,1420000,0.0,0.0
2017-02-06 00:00:00-05:00,69.22000122070312,69.70999908447266,68.62999725341797,69.70999908447266,1630000,0.0,0.0
2017-02-07 00:00:00-05:00,70.0,71.33999633789062,69.58000183105469,71.12000274658203,3881700,0.0,0.0
2017-02-08 00:00:00-05:00,66.58000183105469,66.58999633789062,61.540000915527344,63.54999923706055,15940200,0.0,0.0
2017-02-09 00:00:00-05:00,63.83000183105469,64.58000183105469,63.61000061035156,63.849998474121094,4080900,0.0,0.0
2017-02-10 00:00:00-05:00,63.849998474121094,64.27999877929688,63.5,63.95000076293945,2507600,0.0,0.0
2017-02-13 00:00:00-05:00,64.19999694824219,64.19999694824219,63.349998474121094,63.599998474121094,1769900,0.0,0.0
2017-02-14 00:00:00-05:00,63.75,64.12999725341797,63.369998931884766,63.54999923706055,2180900,0.0,0.0
2017-02-15 00:00:00-05:00,63.29999923706055,64.0999984741211,63.209999084472656,63.900001525878906,1371200,0.0,0.0
2017-02-16 00:00:00-05:00,64.22000122070312,64.7699966430664,63.75,64.23999786376953,1761000,0.0,0.0
2017-02-17 00:00:00-05:00,63.83000183105469,63.869998931884766,62.0,62.34000015258789,3981100,0.0,0.0
2017-02-21 00:00:00-05:00,62.5,63.150001525878906,62.459999084472656,62.63999938964844,1808300,0.0,0.0
2017-02-22 00:00:00-05:00,62.5,63.150001525878906,62.5,63.0099983215332,1350400,0.0,0.0
2017-02-23 00:00:00-05:00,63.04999923706055,63.130001068115234,62.63999938964844,62.70000076293945,1125600,0.0,0.0
2017-02-24 00:00:00-05:00,62.5,62.88999938964844,62.38999938964844,62.869998931884766,1363800,0.0,0.0
2017-02-27 00:00:00-05:00,62.7599983215332,63.119998931884766,62.459999084472656,62.86000061035156,861800,0.0,0.0
2017-02-28 00:00:00-05:00,62.79999923706055,63.11000061035156,62.310001373291016,62.599998474121094,1589600,0.0,0.0
2017-03-01 00:00:00-05:00,62.81999969482422,63.59000015258789,62.790000915527344,63.380001068115234,1382700,0.0,0.0
2017-03-02 00:00:00-05:00,63.2400016784668,64.5,63.06999969482422,63.790000915527344,2158400,0.0,0.0
2017-03-03 00:00:00-05:00,63.54999923706055,63.54999923706055,63.130001068115234,63.36000061035156,1325800,0.0,0.0
2017-03-06 00:00:00-05:00,63.15999984741211,63.25,62.83000183105469,63.060001373291016,1067000,0.0,0.0
2017-03-07 00:00:00-05:00,63.099998474121094,64.5199966430664,63.099998474121094,63.29999923706055,1658800,0.0,0.0
2017-03-08 00:00:00-05:00,63.29999923706055,63.849998474121094,62.959999084472656,63.54999923706055,1291200,0.0,0.0
2017-03-09 00:00:00-05:00,63.63999938964844,64.3499984741211,63.400001525878906,64.19999694824219,1336600,0.0,0.0
2017-03-10 00:00:00-05:00,64.37000274658203,64.73999786376953,63.7599983215332,64.22000122070312,1259800,0.0,0.0
2017-03-13 00:00:00-04:00,64.33999633789062,65.19999694824219,64.18000030517578,64.58999633789062,1341200,0.0,0.0
2017-03-14 00:00:00-04:00,64.52999877929688,64.94999694824219,63.540000915527344,63.630001068115234,1197900,0.0,0.0
2017-03-15 00:00:00-04:00,64.0,64.55999755859375,63.38999938964844,64.38999938964844,1327800,0.0,0.0
2017-03-16 00:00:00-04:00,64.70999908447266,64.93000030517578,64.43000030517578,64.62999725341797,1083800,0.0,0.0
2017-03-17 00:00:00-04:00,64.94000244140625,65.22000122070312,64.62000274658203,65.0,2912700,0.0,0.0
2017-03-20 00:00:00-04:00,64.95999908447266,65.04000091552734,64.33000183105469,64.86000061035156,922400,0.0,0.0
2017-03-21 00:00:00-04:00,65.41000366210938,65.6500015258789,62.91999816894531,62.95000076293945,2295900,0.0,0.0
2017-03-22 00:00:00-04:00,63.13999938964844,63.7599983215332,62.93000030517578,63.68000030517578,921100,0.0,0.0
2017-03-23 00:00:00-04:00,63.689998626708984,64.41999816894531,63.400001525878906,63.65999984741211,980700,0.0,0.0
2017-03-24 00:00:00-04:00,63.81999969482422,64.30999755859375,63.459999084472656,63.630001068115234,1008300,0.0,0.0
2017-03-27 00:00:00-04:00,62.880001068115234,63.439998626708984,62.5099983215332,63.09000015258789,1836700,0.0,0.0
2017-03-28 00:00:00-04:00,63.060001373291016,63.61000061035156,63.0,63.25,2299200,0.0,0.0
2017-03-29 00:00:00-04:00,63.279998779296875,63.70000076293945,63.08000183105469,63.439998626708984,2068300,0.0,0.0
2017-03-30 00:00:00-04:00,63.16999816894531,64.06999969482422,60.369998931884766,60.529998779296875,6001100,0.0,0.0
2017-03-31 00:00:00-04:00,60.560001373291016,60.90999984741211,59.5,59.70000076293945,3600900,0.0,0.0
2017-04-03 00:00:00-04:00,59.7400016784668,59.9900016784668,57.86000061035156,58.099998474121094,3522700,0.0,0.0
2017-04-04 00:00:00-04:00,58.189998626708984,59.40999984741211,58.189998626708984,59.29999923706055,4459700,0.0,0.0
2017-04-05 00:00:00-04:00,59.29999923706055,59.72999954223633,58.650001525878906,58.79999923706055,1982600,0.0,0.0
2017-04-06 00:00:00-04:00,59.06999969482422,59.70000076293945,58.38999938964844,58.75,1902500,0.0,0.0
2017-04-07 00:00:00-04:00,58.650001525878906,58.7400016784668,58.0,58.099998474121094,2256600,0.0,0.0
2017-04-10 00:00:00-04:00,58.36000061035156,58.81999969482422,57.9900016784668,58.5099983215332,1974400,0.0,0.0
2017-04-11 00:00:00-04:00,58.619998931884766,59.22999954223633,58.43000030517578,59.0099983215332,2130200,0.0,0.0
2017-04-12 00:00:00-04:00,58.83000183105469,59.09000015258789,58.540000915527344,58.880001068115234,1413700,0.0,0.0
2017-04-13 00:00:00-04:00,58.83000183105469,59.20000076293945,58.5099983215332,58.79999923706055,1437700,0.0,0.0
2017-04-17 00:00:00-04:00,59.06999969482422,59.20000076293945,58.689998626708984,58.81999969482422,1152300,0.0,0.0
2017-04-18 00:00:00-04:00,58.77000045776367,59.29999923706055,58.720001220703125,58.95000076293945,1004800,0.0,0.0
2017-04-19 00:00:00-04:00,59.0,59.90999984741211,58.959999084472656,59.68000030517578,1860400,0.0,0.0
2017-04-20 00:00:00-04:00,59.869998931884766,60.54999923706055,59.650001525878906,60.20000076293945,1558100,0.0,0.0
2017-04-21 00:00:00-04:00,60.38999938964844,60.52000045776367,60.0099983215332,60.279998779296875,843100,0.0,0.0
2017-04-24 00:00:00-04:00,60.86000061035156,61.72999954223633,60.790000915527344,61.38999938964844,1954300,0.0,0.0
2017-04-25 00:00:00-04:00,61.41999816894531,61.86000061035156,61.33000183105469,61.79999923706055,1745800,0.0,0.0
2017-04-26 00:00:00-04:00,61.810001373291016,62.43000030517578,61.56999969482422,62.2400016784668,1155700,0.0,0.0
2017-04-27 00:00:00-04:00,60.34000015258789,60.43000030517578,58.959999084472656,59.75,4224100,0.0,0.0
2017-04-28 00:00:00-04:00,59.790000915527344,60.959999084472656,59.529998779296875,60.939998626708984,1767700,0.0,0.0
2017-05-01 00:00:00-04:00,61.189998626708984,61.790000915527344,60.77000045776367,61.47999954223633,1596900,0.0,0.0
2017-05-02 00:00:00-04:00,61.59000015258789,62.58000183105469,60.970001220703125,62.5,3000800,0.0,0.0
2017-05-03 00:00:00-04:00,53.900001525878906,54.86000061035156,52.0099983215332,52.79999923706055,15063000,0.0,0.0
2017-05-04 00:00:00-04:00,53.130001068115234,54.040000915527344,52.779998779296875,52.86000061035156,4593500,0.0,0.0
2017-05-05 00:00:00-04:00,52.86000061035156,52.86000061035156,51.79999923706055,52.130001068115234,3882000,0.0,0.0
2017-05-08 00:00:00-04:00,52.09000015258789,52.16999816894531,50.119998931884766,50.16999816894531,5952000,0.0,0.0
2017-05-09 00:00:00-04:00,50.47999954223633,50.709999084472656,50.15999984741211,50.400001525878906,4523800,0.0,0.0
2017-05-10 00:00:00-04:00,50.470001220703125,50.5,49.650001525878906,49.849998474121094,3708300,0.0,0.0
2017-05-11 00:00:00-04:00,49.7599983215332,50.06999969482422,49.43000030517578,49.849998474121094,2698400,0.0,0.0
2017-05-12 00:00:00-04:00,49.599998474121094,49.81999969482422,49.279998779296875,49.43000030517578,2287100,0.0,0.0
2017-05-15 00:00:00-04:00,49.5,50.06999969482422,49.5,49.83000183105469,2662200,0.0,0.0
2017-05-16 00:00:00-04:00,50.06999969482422,50.2400016784668,49.119998931884766,49.150001525878906,2783500,0.0,0.0
2017-05-17 00:00:00-04:00,48.79999923706055,48.849998474121094,47.459999084472656,47.5,4037600,0.0,0.0
2017-05-18 00:00:00-04:00,47.5,47.70000076293945,46.900001525878906,47.0,4305800,0.0,0.0
2017-05-19 00:00:00-04:00,47.18000030517578,47.65999984741211,47.04999923706055,47.380001068115234,2788500,0.0,0.0
2017-05-22 00:00:00-04:00,47.599998474121094,47.9900016784668,47.58000183105469,47.75,1704900,0.0,0.0
2017-05-23 00:00:00-04:00,47.86000061035156,47.90999984741211,47.31999969482422,47.40999984741211,2326000,0.0,0.0
2017-05-24 00:00:00-04:00,47.540000915527344,47.91999816894531,47.15999984741211,47.619998931884766,1957600,0.0,0.0
2017-05-25 00:00:00-04:00,47.68000030517578,48.400001525878906,47.560001373291016,48.060001373291016,3859700,0.0,0.0
2017-05-26 00:00:00-04:00,48.0,48.16999816894531,47.13999938964844,47.38999938964844,1445400,0.0,0.0
2017-05-30 00:00:00-04:00,47.290000915527344,47.66999816894531,47.04999923706055,47.43000030517578,1617700,0.0,0.0
2017-05-31 00:00:00-04:00,47.52000045776367,47.56999969482422,46.810001373291016,47.150001525878906,1991200,0.0,0.0
2017-06-01 00:00:00-04:00,47.22999954223633,48.31999969482422,47.08000183105469,48.29999923706055,1923900,0.0,0.0
2017-06-02 00:00:00-04:00,48.689998626708984,48.790000915527344,48.06999969482422,48.529998779296875,2031000,0.0,0.0
2017-06-05 00:00:00-04:00,48.45000076293945,49.060001373291016,48.38999938964844,48.90999984741211,1918400,0.0,0.0
2017-06-06 00:00:00-04:00,48.88999938964844,49.060001373291016,48.349998474121094,48.45000076293945,1697400,0.0,0.0
2017-06-07 00:00:00-04:00,48.4900016784668,48.75,48.189998626708984,48.540000915527344,2338500,0.0,0.0
2017-06-08 00:00:00-04:00,48.54999923706055,48.939998626708984,48.29999923706055,48.90999984741211,1371400,0.0,0.0
2017-06-09 00:00:00-04:00,49.119998931884766,49.33000183105469,47.63999938964844,48.130001068115234,1958400,0.0,0.0
2017-06-12 00:00:00-04:00,47.84000015258789,49.650001525878906,47.65999984741211,49.52000045776367,2931100,0.0,0.0
2017-06-13 00:00:00-04:00,49.959999084472656,50.650001525878906,49.560001373291016,49.630001068115234,2209700,0.0,0.0
2017-06-14 00:00:00-04:00,49.84000015258789,49.95000076293945,48.970001220703125,49.25,1859900,0.0,0.0
2017-06-15 00:00:00-04:00,48.880001068115234,49.36000061035156,48.709999084472656,49.189998626708984,1502400,0.0,0.0
2017-06-16 00:00:00-04:00,48.91999816894531,49.56999969482422,48.5,49.5,5036200,0.0,0.0
2017-06-19 00:00:00-04:00,49.86000061035156,50.2400016784668,49.34000015258789,49.4900016784668,1925900,0.0,0.0
2017-06-20 00:00:00-04:00,49.470001220703125,49.68000030517578,48.61000061035156,48.63999938964844,1320400,0.0,0.0
2017-06-21 00:00:00-04:00,48.779998779296875,49.34000015258789,48.43000030517578,49.279998779296875,1502900,0.0,0.0
2017-06-22 00:00:00-04:00,49.189998626708984,50.61000061035156,48.970001220703125,50.02000045776367,2648900,0.0,0.0
2017-06-23 00:00:00-04:00,50.119998931884766,51.5099983215332,49.91999816894531,51.29999923706055,6359000,0.0,0.0
2017-06-26 00:00:00-04:00,51.29999923706055,51.650001525878906,50.5,50.869998931884766,1569500,0.0,0.0
2017-06-27 00:00:00-04:00,50.72999954223633,51.13999938964844,50.0,50.0,1778900,0.0,0.0
2017-06-28 00:00:00-04:00,50.2599983215332,50.79999923706055,50.060001373291016,50.630001068115234,1171200,0.0,0.0
2017-06-29 00:00:00-04:00,50.279998779296875,50.45000076293945,49.130001068115234,50.2400016784668,2711000,0.0,0.0
2017-06-30 00:00:00-04:00,50.529998779296875,50.529998779296875,49.63999938964844,49.810001373291016,1545800,0.0,0.0
2017-07-03 00:00:00-04:00,50.150001525878906,50.72999954223633,50.0099983215332,50.09000015258789,959400,0.0,0.0
2017-07-05 00:00:00-04:00,50.27000045776367,51.02000045776367,50.0099983215332,50.95000076293945,1770100,0.0,0.0
2017-07-06 00:00:00-04:00,50.630001068115234,50.630001068115234,49.27000045776367,49.36000061035156,2523900,0.0,0.0
2017-07-07 00:00:00-04:00,49.54999923706055,50.130001068115234,49.18000030517578,49.2400016784668,2019900,0.0,0.0
2017-07-10 00:00:00-04:00,49.310001373291016,49.779998779296875,49.11000061035156,49.650001525878906,1472500,0.0,0.0
2017-07-11 00:00:00-04:00,49.630001068115234,50.27000045776367,49.5,49.83000183105469,1005200,0.0,0.0
2017-07-12 00:00:00-04:00,50.13999938964844,50.83000183105469,50.06999969482422,50.54999923706055,1508600,0.0,0.0
2017-07-13 00:00:00-04:00,50.63999938964844,50.63999938964844,50.060001373291016,50.08000183105469,1085500,0.0,0.0
2017-07-14 00:00:00-04:00,50.20000076293945,50.68000030517578,50.099998474121094,50.619998931884766,1187100,0.0,0.0
2017-07-17 00:00:00-04:00,50.88999938964844,52.459999084472656,50.88999938964844,51.77000045776367,2520400,0.0,0.0
2017-07-18 00:00:00-04:00,51.689998626708984,51.83000183105469,51.189998626708984,51.529998779296875,1742300,0.0,0.0
2017-07-19 00:00:00-04:00,51.630001068115234,52.2400016784668,51.58000183105469,52.099998474121094,1195500,0.0,0.0
2017-07-20 00:00:00-04:00,52.099998474121094,52.63999938964844,51.79999923706055,52.36000061035156,1377200,0.0,0.0
2017-07-21 00:00:00-04:00,52.25,52.45000076293945,51.810001373291016,52.130001068115234,1303100,0.0,0.0
2017-07-24 00:00:00-04:00,52.150001525878906,52.45000076293945,52.040000915527344,52.369998931884766,1615400,0.0,0.0
2017-07-25 00:00:00-04:00,52.36000061035156,53.45000076293945,52.08000183105469,53.279998779296875,3503300,0.0,0.0
2017-07-26 00:00:00-04:00,49.95000076293945,50.0,45.40999984741211,45.4900016784668,15168500,0.0,0.0
2017-07-27 00:00:00-04:00,45.66999816894531,46.9900016784668,45.40999984741211,46.0099983215332,4634800,0.0,0.0
2017-07-28 00:00:00-04:00,46.060001373291016,47.27000045776367,45.900001525878906,46.88999938964844,2993400,0.0,0.0
2017-07-31 00:00:00-04:00,46.970001220703125,47.279998779296875,46.25,47.13999938964844,2572700,0.0,0.0
2017-08-01 00:00:00-04:00,47.43000030517578,47.630001068115234,47.119998931884766,47.529998779296875,1984400,0.0,0.0
2017-08-02 00:00:00-04:00,47.43000030517578,47.560001373291016,46.95000076293945,47.5099983215332,1763800,0.0,0.0
2017-08-03 00:00:00-04:00,47.560001373291016,48.189998626708984,47.459999084472656,48.040000915527344,1871300,0.0,0.0
2017-08-04 00:00:00-04:00,48.09000015258789,48.41999816894531,47.810001373291016,47.869998931884766,1394000,0.0,0.0
2017-08-07 00:00:00-04:00,47.959999084472656,47.9900016784668,47.220001220703125,47.310001373291016,1580100,0.0,0.0
2017-08-08 00:00:00-04:00,47.16999816894531,47.68000030517578,46.900001525878906,47.27000045776367,1443100,0.0,0.0
2017-08-09 00:00:00-04:00,47.18000030517578,47.86000061035156,46.7400016784668,47.400001525878906,1627500,0.0,0.0
2017-08-10 00:00:00-04:00,47.04999923706055,47.20000076293945,46.310001373291016,46.310001373291016,1849000,0.0,0.0
2017-08-11 00:00:00-04:00,46.380001068115234,46.619998931884766,46.18000030517578,46.369998931884766,1422800,0.0,0.0
2017-08-14 00:00:00-04:00,46.59000015258789,47.290000915527344,46.459999084472656,46.81999969482422,1997000,0.0,0.0
2017-08-15 00:00:00-04:00,46.81999969482422,47.09000015258789,46.130001068115234,46.34000015258789,1686700,0.0,0.0
2017-08-16 00:00:00-04:00,46.40999984741211,46.7400016784668,45.869998931884766,46.290000915527344,1722700,0.0,0.0
2017-08-17 00:00:00-04:00,46.38999938964844,46.400001525878906,45.369998931884766,45.400001525878906,1517600,0.0,0.0
2017-08-18 00:00:00-04:00,45.459999084472656,45.86000061035156,45.18000030517578,45.36000061035156,1378800,0.0,0.0
2017-08-21 00:00:00-04:00,45.290000915527344,45.38999938964844,44.650001525878906,44.90999984741211,1317600,0.0,0.0
2017-08-22 00:00:00-04:00,45.040000915527344,45.88999938964844,45.040000915527344,45.810001373291016,1285700,0.0,0.0
2017-08-23 00:00:00-04:00,45.54999923706055,45.7599983215332,45.31999969482422,45.41999816894531,1141800,0.0,0.0
2017-08-24 00:00:00-04:00,45.5099983215332,45.66999816894531,45.099998474121094,45.22999954223633,1202600,0.0,0.0
2017-08-25 00:00:00-04:00,45.4900016784668,45.4900016784668,44.95000076293945,44.97999954223633,1760600,0.0,0.0
2017-08-28 00:00:00-04:00,45.060001373291016,45.25,44.90999984741211,45.13999938964844,1111400,0.0,0.0
2017-08-29 00:00:00-04:00,44.810001373291016,45.86000061035156,44.709999084472656,45.709999084472656,1985700,0.0,0.0
2017-08-30 00:00:00-04:00,45.720001220703125,46.529998779296875,45.63999938964844,46.470001220703125,1820200,0.0,0.0
2017-08-31 00:00:00-04:00,46.630001068115234,47.349998474121094,46.529998779296875,47.150001525878906,1721400,0.0,0.0
2017-09-01 00:00:00-04:00,47.279998779296875,47.650001525878906,47.04999923706055,47.08000183105469,1149400,0.0,0.0
2017-09-05 00:00:00-04:00,46.86000061035156,47.0,45.810001373291016,46.16999816894531,1645500,0.0,0.0
2017-09-06 00:00:00-04:00,46.22999954223633,46.970001220703125,46.099998474121094,46.88999938964844,1566400,0.0,0.0
2017-09-07 00:00:00-04:00,46.97999954223633,47.0,46.61000061035156,46.79999923706055,1472400,0.0,0.0
2017-09-08 00:00:00-04:00,46.95000076293945,46.95000076293945,45.939998626708984,46.0,1691100,0.0,0.0
2017-09-11 00:00:00-04:00,46.290000915527344,46.619998931884766,46.220001220703125,46.470001220703125,1364300,0.0,0.0
2017-09-12 00:00:00-04:00,46.45000076293945,46.97999954223633,46.2599983215332,46.79999923706055,1306400,0.0,0.0
2017-09-13 00:00:00-04:00,46.7400016784668,46.90999984741211,46.529998779296875,46.68000030517578,1133800,0.0,0.0
2017-09-14 00:00:00-04:00,46.56999969482422,46.65999984741211,46.130001068115234,46.599998474121094,1521100,0.0,0.0
2017-09-15 00:00:00-04:00,46.560001373291016,47.36000061035156,46.4900016784668,47.34000015258789,2697600,0.0,0.0
2017-09-18 00:00:00-04:00,47.38999938964844,47.90999984741211,47.36000061035156,47.56999969482422,1397400,0.0,0.0
2017-09-19 00:00:00-04:00,47.77000045776367,47.81999969482422,47.290000915527344,47.689998626708984,1699500,0.0,0.0
2017-09-20 00:00:00-04:00,47.689998626708984,47.900001525878906,47.34000015258789,47.66999816894531,1405900,0.0,0.0
2017-09-21 00:00:00-04:00,47.59000015258789,47.88999938964844,47.5,47.52000045776367,1110200,0.0,0.0
2017-09-22 00:00:00-04:00,47.2599983215332,48.380001068115234,47.0099983215332,48.33000183105469,1657100,0.0,0.0
2017-09-25 00:00:00-04:00,48.20000076293945,48.599998474121094,47.439998626708984,47.91999816894531,2562500,0.0,0.0
2017-09-26 00:00:00-04:00,48.209999084472656,48.34000015258789,47.7599983215332,47.83000183105469,1872900,0.0,0.0
2017-09-27 00:00:00-04:00,48.119998931884766,48.130001068115234,47.439998626708984,47.75,1562500,0.0,0.0
2017-09-28 00:00:00-04:00,47.619998931884766,47.709999084472656,46.970001220703125,47.68000030517578,1780600,0.0,0.0
2017-09-29 00:00:00-04:00,47.59000015258789,48.81999969482422,47.58000183105469,48.720001220703125,1821300,0.0,0.0
2017-10-02 00:00:00-04:00,49.349998474121094,50.08000183105469,48.720001220703125,50.0,2610100,0.0,0.0
2017-10-03 00:00:00-04:00,50.13999938964844,50.63999938964844,49.90999984741211,50.5,1797900,0.0,0.0
2017-10-04 00:00:00-04:00,50.4900016784668,50.70000076293945,50.2599983215332,50.5,1373200,0.0,0.0
2017-10-05 00:00:00-04:00,50.599998474121094,50.86000061035156,50.34000015258789,50.779998779296875,1409500,0.0,0.0
2017-10-06 00:00:00-04:00,50.70000076293945,50.869998931884766,50.209999084472656,50.630001068115234,1353300,0.0,0.0
2017-10-09 00:00:00-04:00,50.59000015258789,50.59000015258789,50.11000061035156,50.310001373291016,1186800,0.0,0.0
2017-10-10 00:00:00-04:00,50.72999954223633,51.11000061035156,50.59000015258789,51.029998779296875,1025200,0.0,0.0
2017-10-11 00:00:00-04:00,49.86000061035156,50.52000045776367,49.59000015258789,50.52000045776367,2437000,0.0,0.0
2017-10-12 00:00:00-04:00,50.40999984741211,50.93000030517578,50.220001220703125,50.52000045776367,1171000,0.0,0.0
2017-10-13 00:00:00-04:00,50.65999984741211,50.88999938964844,50.58000183105469,50.7599983215332,1509500,0.0,0.0
2017-10-16 00:00:00-04:00,50.84000015258789,51.099998474121094,50.70000076293945,50.72999954223633,1425700,0.0,0.0
2017-10-17 00:00:00-04:00,50.650001525878906,50.91999816894531,50.38999938964844,50.58000183105469,911500,0.0,0.0
2017-10-18 00:00:00-04:00,50.70000076293945,51.189998626708984,50.560001373291016,51.0,1318800,0.0,0.0
2017-10-19 00:00:00-04:00,50.91999816894531,51.68000030517578,50.83000183105469,51.650001525878906,1278000,0.0,0.0
2017-10-20 00:00:00-04:00,51.86000061035156,52.099998474121094,51.630001068115234,51.869998931884766,1901200,0.0,0.0
2017-10-23 00:00:00-04:00,51.88999938964844,52.09000015258789,51.40999984741211,51.459999084472656,2695300,0.0,0.0
2017-10-24 00:00:00-04:00,51.5,52.09000015258789,50.959999084472656,51.90999984741211,4786300,0.0,0.0
2017-10-25 00:00:00-04:00,55.650001525878906,56.849998474121094,53.84000015258789,54.0,10270100,0.0,0.0
2017-10-26 00:00:00-04:00,54.02000045776367,54.650001525878906,52.880001068115234,53.34000015258789,3689600,0.0,0.0
2017-10-27 00:00:00-04:00,53.959999084472656,54.0099983215332,52.290000915527344,53.0,2811500,0.0,0.0
2017-10-30 00:00:00-04:00,53.11000061035156,53.130001068115234,52.150001525878906,52.459999084472656,2073600,0.0,0.0
2017-10-31 00:00:00-04:00,52.400001525878906,52.599998474121094,52.20000076293945,52.25,1752800,0.0,0.0
2017-11-01 00:00:00-04:00,52.70000076293945,53.06999969482422,52.34000015258789,52.689998626708984,1610400,0.0,0.0
2017-11-02 00:00:00-04:00,52.54999923706055,52.61000061035156,51.790000915527344,52.290000915527344,1552900,0.0,0.0
2017-11-03 00:00:00-04:00,52.2599983215332,53.099998474121094,52.02000045776367,53.0099983215332,1608700,0.0,0.0
2017-11-06 00:00:00-05:00,53.119998931884766,53.7599983215332,52.91999816894531,53.7400016784668,1304800,0.0,0.0
2017-11-07 00:00:00-05:00,54.0,54.02000045776367,53.5,53.7599983215332,1655700,0.0,0.0
2017-11-08 00:00:00-05:00,53.849998474121094,53.93000030517578,53.22999954223633,53.7599983215332,1437900,0.0,0.0
2017-11-09 00:00:00-05:00,53.65999984741211,53.869998931884766,53.0099983215332,53.849998474121094,1790300,0.0,0.0
2017-11-10 00:00:00-05:00,53.79999923706055,54.31999969482422,53.70000076293945,54.2599983215332,1976400,0.0,0.0
2017-11-13 00:00:00-05:00,54.11000061035156,54.22999954223633,53.459999084472656,53.52000045776367,3014700,0.0,0.0
2017-11-14 00:00:00-05:00,53.43000030517578,53.869998931884766,53.08000183105469,53.75,1682800,0.0,0.0
2017-11-15 00:00:00-05:00,53.5,54.13999938964844,53.34000015258789,54.0099983215332,2435300,0.0,0.0
2017-11-16 00:00:00-05:00,54.209999084472656,55.29999923706055,53.91999816894531,55.2599983215332,2761500,0.0,0.0
2017-11-17 00:00:00-05:00,55.369998931884766,55.560001373291016,55.18000030517578,55.439998626708984,3895100,0.0,0.0
2017-11-20 00:00:00-05:00,55.599998474121094,55.599998474121094,55.0,55.380001068115234,1921900,0.0,0.0
2017-11-21 00:00:00-05:00,55.61000061035156,55.70000076293945,55.349998474121094,55.68000030517578,1135200,0.0,0.0
2017-11-22 00:00:00-05:00,55.72999954223633,56.0,55.52000045776367,55.689998626708984,1702000,0.0,0.0
2017-11-24 00:00:00-05:00,56.0,56.0,55.59000015258789,55.790000915527344,435100,0.0,0.0
2017-11-27 00:00:00-05:00,55.25,55.720001220703125,54.38999938964844,55.349998474121094,4297000,0.0,0.0
2017-11-28 00:00:00-05:00,56.15999984741211,56.15999984741211,54.90999984741211,55.36000061035156,2516400,0.0,0.0
2017-11-29 00:00:00-05:00,55.70000076293945,56.040000915527344,55.060001373291016,55.34000015258789,1824500,0.0,0.0
2017-11-30 00:00:00-05:00,55.029998779296875,56.20000076293945,55.029998779296875,55.779998779296875,2262300,0.0,0.0
2017-12-01 00:00:00-05:00,55.43000030517578,55.880001068115234,54.7400016784668,55.790000915527344,2329300,0.0,0.0
2017-12-04 00:00:00-05:00,55.93000030517578,56.95000076293945,55.650001525878906,56.439998626708984,2517500,0.0,0.0
2017-12-05 00:00:00-05:00,56.779998779296875,56.86000061035156,56.150001525878906,56.439998626708984,1914800,0.0,0.0
2017-12-06 00:00:00-05:00,55.88999938964844,56.54999923706055,55.5099983215332,55.77000045776367,1727400,0.0,0.0
2017-12-07 00:00:00-05:00,55.650001525878906,56.5099983215332,55.5099983215332,56.439998626708984,1555400,0.0,0.0
2017-12-08 00:00:00-05:00,56.75,57.119998931884766,56.369998931884766,56.5,1804500,0.0,0.0
2017-12-11 00:00:00-05:00,56.59000015258789,57.0099983215332,56.310001373291016,56.54999923706055,2094700,0.0,0.0
2017-12-12 00:00:00-05:00,56.72999954223633,57.119998931884766,56.5,57.02000045776367,1605300,0.0,0.0
2017-12-13 00:00:00-05:00,56.97999954223633,57.18000030517578,56.560001373291016,56.65999984741211,2633200,0.0,0.0
2017-12-14 00:00:00-05:00,56.790000915527344,57.220001220703125,56.72999954223633,56.7599983215332,1750100,0.0,0.0
2017-12-15 00:00:00-05:00,56.900001525878906,57.9900016784668,56.720001220703125,57.7599983215332,10679500,0.0,0.0
2017-12-18 00:00:00-05:00,66.33000183105469,68.02999877929688,64.83000183105469,65.66999816894531,15351300,0.0,0.0
2017-12-19 00:00:00-05:00,65.87000274658203,67.70999908447266,65.0999984741211,66.81999969482422,5788100,0.0,0.0
2017-12-20 00:00:00-05:00,67.44999694824219,67.56999969482422,66.5199966430664,66.62999725341797,3078600,0.0,0.0
2017-12-21 00:00:00-05:00,66.43000030517578,66.7699966430664,65.66000366210938,65.83999633789062,2272700,0.0,0.0
2017-12-22 00:00:00-05:00,65.76000213623047,66.31999969482422,65.25,65.44999694824219,1665900,0.0,0.0
2017-12-26 00:00:00-05:00,65.58000183105469,65.87000274658203,65.04000091552734,65.41999816894531,2979500,0.0,0.0
2017-12-27 00:00:00-05:00,65.4000015258789,65.5,64.86000061035156,65.19000244140625,1280900,0.0,0.0
2017-12-28 00:00:00-05:00,65.29000091552734,65.55000305175781,64.91999816894531,65.43000030517578,1345200,0.0,0.0
2017-12-29 00:00:00-05:00,65.5,65.6500015258789,65.01000213623047,65.04000091552734,881900,0.0,0.0
2018-01-02 00:00:00-05:00,65.12999725341797,65.94000244140625,64.69999694824219,65.55999755859375,1425900,0.0,0.0
2018-01-03 00:00:00-05:00,65.2699966430664,66.0,65.0999984741211,65.94000244140625,2287700,0.0,0.0
2018-01-04 00:00:00-05:00,66.16000366210938,66.25,65.44000244140625,65.5999984741211,1870600,0.0,0.0
2018-01-05 00:00:00-05:00,65.69999694824219,65.86000061035156,65.45999908447266,65.83000183105469,1056000,0.0,0.0
2018-01-08 00:00:00-05:00,65.94999694824219,66.08999633789062,65.20999908447266,65.87999725341797,1185900,0.0,0.0
2018-01-09 00:00:00-05:00,65.75,69.55999755859375,65.2699966430664,67.48999786376953,4529900,0.0,0.0
2018-01-10 00:00:00-05:00,67.55999755859375,67.97000122070312,66.25,66.33000183105469,2098500,0.0,0.0
2018-01-11 00:00:00-05:00,65.33000183105469,65.91000366210938,64.36000061035156,65.20999908447266,2858900,0.0,0.0
2018-01-12 00:00:00-05:00,65.31999969482422,65.66000366210938,65.06999969482422,65.5199966430664,1083400,0.0,0.0
2018-01-16 00:00:00-05:00,65.52999877929688,65.55999755859375,64.18000030517578,64.5,3788300,0.0,0.0
2018-01-17 00:00:00-05:00,64.94000244140625,65.4000015258789,64.52999877929688,65.4000015258789,1144900,0.0,0.0
2018-01-18 00:00:00-05:00,65.04000091552734,65.43000030517578,64.91000366210938,65.08000183105469,971600,0.0,0.0
2018-01-19 00:00:00-05:00,65.30000305175781,65.87000274658203,65.06999969482422,65.62999725341797,1370300,0.0,0.0
2018-01-22 00:00:00-05:00,65.41000366210938,65.6500015258789,65.02999877929688,65.6500015258789,1330300,0.0,0.0
2018-01-23 00:00:00-05:00,65.6500015258789,66.4000015258789,65.6500015258789,66.0,1004800,0.0,0.0
2018-01-24 00:00:00-05:00,66.27999877929688,66.45999908447266,65.8499984741211,66.0199966430664,1197800,0.0,0.0
2018-01-25 00:00:00-05:00,66.41000366210938,67.1500015258789,65.94999694824219,66.87000274658203,1306000,0.0,0.0
2018-01-26 00:00:00-05:00,67.0999984741211,67.87000274658203,66.97000122070312,67.62000274658203,1507800,0.0,0.0
2018-01-29 00:00:00-05:00,67.38999938964844,67.7300033569336,66.9800033569336,67.25,1318800,0.0,0.0
2018-01-30 00:00:00-05:00,66.55999755859375,67.19999694824219,65.9800033569336,66.55999755859375,1878600,0.0,0.0
2018-01-31 00:00:00-05:00,67.0,68.30000305175781,66.58999633789062,66.98999786376953,1965900,0.0,0.0
2018-02-01 00:00:00-05:00,66.41999816894531,67.9000015258789,65.75,67.55999755859375,1440100,0.0,0.0
2018-02-02 00:00:00-05:00,67.27999877929688,67.30000305175781,65.37000274658203,65.72000122070312,1650800,0.0,0.0
2018-02-05 00:00:00-05:00,65.33999633789062,66.0,62.689998626708984,62.810001373291016,2148200,0.0,0.0
2018-02-06 00:00:00-05:00,61.70000076293945,64.04000091552734,61.40999984741211,63.66999816894531,3249100,0.0,0.0
2018-02-07 00:00:00-05:00,67.75,68.6500015258789,64.30999755859375,64.4800033569336,9634900,0.0,0.0
2018-02-08 00:00:00-05:00,64.79000091552734,64.95999908447266,62.459999084472656,62.4900016784668,2481400,0.0,0.0
2018-02-09 00:00:00-05:00,63.04999923706055,64.62999725341797,61.0,64.12999725341797,2452600,0.0,0.0
2018-02-12 00:00:00-05:00,64.6500015258789,65.47000122070312,63.900001525878906,64.93000030517578,1609800,0.0,0.0
2018-02-13 00:00:00-05:00,64.55000305175781,65.02999877929688,64.41999816894531,64.48999786376953,1625600,0.0,0.0
2018-02-14 00:00:00-05:00,64.56999969482422,67.1500015258789,64.5,66.87000274658203,1974300,0.0,0.0
2018-02-15 00:00:00-05:00,66.80999755859375,67.43000030517578,66.61000061035156,67.4000015258789,1673800,0.0,0.0
2018-02-16 00:00:00-05:00,67.0,67.94999694824219,66.81999969482422,66.88999938964844,1170500,0.0,0.0
2018-02-20 00:00:00-05:00,66.5199966430664,67.37000274658203,66.27999877929688,66.7699966430664,1444100,0.0,0.0
2018-02-21 00:00:00-05:00,66.97000122070312,67.77999877929688,66.27999877929688,66.31999969482422,1771100,0.0,0.0
2018-02-22 00:00:00-05:00,66.41999816894531,67.11000061035156,66.04000091552734,66.25,1060100,0.0,0.0
2018-02-23 00:00:00-05:00,66.5199966430664,67.37000274658203,66.37999725341797,67.36000061035156,929900,0.0,0.0
2018-02-26 00:00:00-05:00,67.55999755859375,69.0,67.55999755859375,68.5999984741211,1346900,0.0,0.0
2018-02-27 00:00:00-05:00,68.5,68.93000030517578,67.38999938964844,68.23999786376953,1259000,0.0,0.0
2018-02-28 00:00:00-05:00,68.69999694824219,69.0,67.45999908447266,67.45999908447266,1040200,0.0,0.0
2018-03-01 00:00:00-05:00,67.44000244140625,68.73999786376953,67.1500015258789,67.91999816894531,1258700,0.0,0.0
2018-03-02 00:00:00-05:00,66.93000030517578,69.5,66.66999816894531,69.43000030517578,1493000,0.0,0.0
2018-03-05 00:00:00-05:00,68.83999633789062,70.11000061035156,68.27999877929688,69.80999755859375,1398700,0.0,0.0
2018-03-06 00:00:00-05:00,70.0,70.69999694824219,69.45999908447266,69.94000244140625,1002100,0.0,0.0
2018-03-07 00:00:00-05:00,69.5,70.41999816894531,69.36000061035156,69.98999786376953,2000400,0.0,0.0
2018-03-08 00:00:00-05:00,70.5,75.19000244140625,70.30000305175781,75.08000183105469,4378300,0.0,0.0
2018-03-09 00:00:00-05:00,76.72000122070312,78.27999877929688,73.9800033569336,76.06999969482422,3748100,0.0,0.0
2018-03-12 00:00:00-04:00,75.87000274658203,75.98999786376953,74.55000305175781,74.97000122070312,1299500,0.0,0.0
2018-03-13 00:00:00-04:00,75.0999984741211,75.5999984741211,73.1500015258789,73.30000305175781,1428400,0.0,0.0
2018-03-14 00:00:00-04:00,73.12000274658203,73.5999984741211,72.69000244140625,73.25,987400,0.0,0.0
2018-03-15 00:00:00-04:00,74.80000305175781,75.37999725341797,74.08999633789062,74.70999908447266,1852000,0.0,0.0
2018-03-16 00:00:00-04:00,74.5199966430664,74.87000274658203,74.0,74.0199966430664,2620600,0.0,0.0
2018-03-19 00:00:00-04:00,73.51000213623047,74.0,71.98999786376953,72.48999786376953,1324300,0.0,0.0
2018-03-20 00:00:00-04:00,72.54000091552734,73.79000091552734,72.54000091552734,73.68000030517578,1288600,0.0,0.0
2018-03-21 00:00:00-04:00,73.7300033569336,73.9000015258789,73.13999938964844,73.38999938964844,927100,0.0,0.0
2018-03-22 00:00:00-04:00,72.76000213623047,73.19000244140625,71.62000274658203,71.6500015258789,848800,0.0,0.0
2018-03-23 00:00:00-04:00,71.69000244140625,72.41000366210938,70.0999984741211,70.19000244140625,1211400,0.0,0.0
2018-03-26 00:00:00-04:00,71.33999633789062,72.3499984741211,70.37000274658203,72.18000030517578,1070100,0.0,0.0
2018-03-27 00:00:00-04:00,72.26000213623047,72.68000030517578,70.27999877929688,70.75,932100,0.0,0.0
2018-03-28 00:00:00-04:00,70.68000030517578,71.43000030517578,69.86000061035156,70.05000305175781,5695400,0.0,0.0
2018-03-29 00:00:00-04:00,70.81999969482422,71.5199966430664,70.02999877929688,70.9800033569336,2001100,0.0,0.0
2018-04-02 00:00:00-04:00,70.80999755859375,70.80999755859375,68.80999755859375,69.25,1411400,0.0,0.0
2018-04-03 00:00:00-04:00,69.5,70.2699966430664,69.30999755859375,70.12000274658203,1494000,0.0,0.0
2018-04-04 00:00:00-04:00,68.83000183105469,70.62000274658203,68.5,70.41000366210938,1692200,0.0,0.0
2018-04-05 00:00:00-04:00,71.16999816894531,72.58999633789062,70.80000305175781,72.29000091552734,1513900,0.0,0.0
2018-04-06 00:00:00-04:00,71.37999725341797,71.44000244140625,69.13999938964844,69.33999633789062,1433700,0.0,0.0
2018-04-09 00:00:00-04:00,69.86000061035156,71.61000061035156,69.79000091552734,70.45999908447266,1122000,0.0,0.0
2018-04-10 00:00:00-04:00,71.30999755859375,72.70999908447266,71.0199966430664,72.48999786376953,1251700,0.0,0.0
2018-04-11 00:00:00-04:00,71.55000305175781,72.56999969482422,71.47000122070312,71.58999633789062,800200,0.0,0.0
2018-04-12 00:00:00-04:00,72.12999725341797,72.5999984741211,71.81999969482422,71.91999816894531,968400,0.0,0.0
2018-04-13 00:00:00-04:00,72.23999786376953,72.23999786376953,71.0999984741211,71.43000030517578,1237200,0.0,0.0
2018-04-16 00:00:00-04:00,71.9800033569336,72.23999786376953,71.41999816894531,71.63999938964844,882400,0.0,0.0
2018-04-17 00:00:00-04:00,71.98999786376953,72.7699966430664,71.75,72.48999786376953,935600,0.0,0.0
2018-04-18 00:00:00-04:00,72.55000305175781,73.19000244140625,72.27999877929688,72.8499984741211,1050100,0.0,0.0
2018-04-19 00:00:00-04:00,72.4800033569336,73.12000274658203,71.87999725341797,72.45999908447266,695900,0.0,0.0
2018-04-20 00:00:00-04:00,72.70999908447266,73.0,71.13999938964844,71.30000305175781,832300,0.0,0.0
2018-04-23 00:00:00-04:00,71.61000061035156,72.2699966430664,71.08000183105469,71.66999816894531,704100,0.0,0.0
2018-04-24 00:00:00-04:00,72.0,72.23999786376953,70.30999755859375,70.97000122070312,1174700,0.0,0.0
2018-04-25 00:00:00-04:00,71.13999938964844,71.13999938964844,69.77999877929688,70.77999877929688,918300,0.0,0.0
2018-04-26 00:00:00-04:00,71.02999877929688,71.88999938964844,70.76000213623047,71.52999877929688,817100,0.0,0.0
2018-04-27 00:00:00-04:00,71.83999633789062,71.87000274658203,71.04000091552734,71.0999984741211,692500,0.0,0.0
2018-04-30 00:00:00-04:00,71.51000213623047,72.22000122070312,71.05000305175781,71.6500015258789,3787800,0.0,0.0
2018-05-01 00:00:00-04:00,74.0,74.5,68.93000030517578,70.83999633789062,4723500,0.0,0.0
2018-05-02 00:00:00-04:00,70.77999877929688,71.9000015258789,70.77999877929688,71.6500015258789,1902400,0.0,0.0
2018-05-03 00:00:00-04:00,71.30000305175781,71.5999984741211,70.4000015258789,71.44999694824219,1381800,0.0,0.0
2018-05-04 00:00:00-04:00,71.0,72.31999969482422,70.19999694824219,72.01000213623047,1142600,0.0,0.0
2018-05-07 00:00:00-04:00,72.18000030517578,73.12999725341797,71.9000015258789,73.12000274658203,1311200,0.0,0.0
2018-05-08 00:00:00-04:00,73.54000091552734,73.9000015258789,73.12000274658203,73.68000030517578,1515900,0.0,0.0
2018-05-09 00:00:00-04:00,73.94999694824219,77.38999938964844,73.7699966430664,77.30000305175781,2720100,0.0,0.0
2018-05-10 00:00:00-04:00,77.33000183105469,77.58999633789062,76.06999969482422,76.36000061035156,2256300,0.0,0.0
2018-05-11 00:00:00-04:00,76.36000061035156,76.9000015258789,76.08000183105469,76.30000305175781,952900,0.0,0.0
2018-05-14 00:00:00-04:00,76.6500015258789,77.2699966430664,76.41999816894531,76.69000244140625,2038600,0.0,0.0
2018-05-15 00:00:00-04:00,76.37000274658203,76.66999816894531,75.5999984741211,76.29000091552734,1123900,0.0,0.0
2018-05-16 00:00:00-04:00,76.08000183105469,76.48999786376953,74.18000030517578,74.58999633789062,2420000,0.0,0.0
2018-05-17 00:00:00-04:00,75.54000091552734,76.26000213623047,75.25,76.08999633789062,6090400,0.0,0.0
2018-05-18 00:00:00-04:00,75.83999633789062,76.0,75.11000061035156,75.33999633789062,1423600,0.0,0.0
2018-05-21 00:00:00-04:00,75.87999725341797,76.68000030517578,75.55000305175781,76.45999908447266,1676300,0.0,0.0
2018-05-22 00:00:00-04:00,77.63999938964844,78.25,76.26000213623047,76.38999938964844,1590500,0.0,0.0
2018-05-23 00:00:00-04:00,75.77999877929688,77.05000305175781,75.69000244140625,77.0199966430664,1257600,0.0,0.0
2018-05-24 00:00:00-04:00,77.30999755859375,77.88999938964844,77.06999969482422,77.4800033569336,1855800,0.0,0.0
2018-05-25 00:00:00-04:00,77.08000183105469,77.44000244140625,76.27999877929688,76.51000213623047,1128500,0.0,0.0
2018-05-29 00:00:00-04:00,76.38999938964844,77.19000244140625,75.16999816894531,75.81999969482422,1713400,0.0,0.0
2018-05-30 00:00:00-04:00,76.11000061035156,76.62999725341797,75.37000274658203,76.08000183105469,3063500,0.0,0.0
2018-05-31 00:00:00-04:00,76.0199966430664,76.0199966430664,75.0,75.37999725341797,2683700,0.0,0.0
2018-06-01 00:00:00-04:00,75.69999694824219,76.47000122070312,75.54000091552734,76.0,2820800,0.0,0.0
2018-06-04 00:00:00-04:00,76.0,77.08999633789062,75.87999725341797,77.06999969482422,2451800,0.0,0.0
2018-06-05 00:00:00-04:00,77.3499984741211,79.41000366210938,77.30999755859375,78.98999786376953,4148600,0.0,0.0
2018-06-06 00:00:00-04:00,79.0999984741211,79.30000305175781,77.20999908447266,78.01000213623047,2594400,0.0,0.0
2018-06-07 00:00:00-04:00,78.26000213623047,78.75,77.80999755859375,78.27999877929688,1958900,0.0,0.0
2018-06-08 00:00:00-04:00,78.0,78.58000183105469,77.27999877929688,78.4800033569336,2522000,0.0,0.0
2018-06-11 00:00:00-04:00,78.54000091552734,79.58000183105469,78.5,79.26000213623047,1399000,0.0,0.0
2018-06-12 00:00:00-04:00,79.41999816894531,80.69999694824219,79.08000183105469,80.56999969482422,2964100,0.0,0.0
2018-06-13 00:00:00-04:00,80.41000366210938,81.37999725341797,80.20999908447266,80.94999694824219,1956700,0.0,0.0
2018-06-14 00:00:00-04:00,81.11000061035156,81.55999755859375,80.7699966430664,80.86000061035156,2136400,0.0,0.0
2018-06-15 00:00:00-04:00,80.55999755859375,81.9800033569336,80.26000213623047,81.97000122070312,3554200,0.0,0.0
2018-06-18 00:00:00-04:00,81.51000213623047,82.70999908447266,81.0199966430664,82.58000183105469,2079000,0.0,0.0
2018-06-19 00:00:00-04:00,81.80999755859375,82.20999908447266,80.88999938964844,81.68000030517578,2608000,0.0,0.0
2018-06-20 00:00:00-04:00,81.88999938964844,82.9800033569336,81.75,82.30000305175781,1529600,0.0,0.0
2018-06-21 00:00:00-04:00,82.37000274658203,83.08000183105469,81.37000274658203,81.69000244140625,2196600,0.0,0.0
2018-06-22 00:00:00-04:00,81.8499984741211,81.8499984741211,79.72000122070312,80.31999969482422,5841400,0.0,0.0
2018-06-25 00:00:00-04:00,79.5999984741211,79.5999984741211,77.51000213623047,77.6500015258789,3333200,0.0,0.0
2018-06-26 00:00:00-04:00,74.48999786376953,76.0999984741211,73.4800033569336,75.72000122070312,4634700,0.0,0.0
2018-06-27 00:00:00-04:00,74.52999877929688,76.13999938964844,72.43000030517578,72.45999908447266,4369700,0.0,0.0
2018-06-28 00:00:00-04:00,71.05000305175781,72.97000122070312,71.0199966430664,72.4800033569336,2159300,0.0,0.0
2018-06-29 00:00:00-04:00,72.51000213623047,74.01000213623047,72.08999633789062,73.2300033569336,2840000,0.0,0.0
2018-07-02 00:00:00-04:00,72.68000030517578,74.5199966430664,72.19000244140625,74.44000244140625,2403300,0.0,0.0
2018-07-03 00:00:00-04:00,75.0,75.0,73.88999938964844,74.2300033569336,1251100,0.0,0.0
2018-07-05 00:00:00-04:00,73.62000274658203,74.58000183105469,73.44999694824219,74.33999633789062,1555900,0.0,0.0
2018-07-06 00:00:00-04:00,74.38999938964844,75.33000183105469,74.02999877929688,75.16999816894531,1251700,0.0,0.0
2018-07-09 00:00:00-04:00,75.80000305175781,76.37999725341797,75.2699966430664,76.2300033569336,1440400,0.0,0.0
2018-07-10 00:00:00-04:00,76.11000061035156,76.31999969482422,75.25,75.83000183105469,1221700,0.0,0.0
2018-07-11 00:00:00-04:00,75.18000030517578,76.51000213623047,74.58999633789062,76.48999786376953,1369900,0.0,0.0
2018-07-12 00:00:00-04:00,77.08000183105469,77.7300033569336,76.5199966430664,77.66999816894531,909900,0.0,0.0
2018-07-13 00:00:00-04:00,76.95999908447266,77.37999725341797,76.20999908447266,77.31999969482422,1036200,0.0,0.0
2018-07-16 00:00:00-04:00,77.52999877929688,78.05999755859375,77.30999755859375,77.68000030517578,1048900,0.0,0.0
2018-07-17 00:00:00-04:00,77.22000122070312,78.77999877929688,77.19999694824219,78.62999725341797,1117100,0.0,0.0
2018-07-18 00:00:00-04:00,78.83000183105469,78.83000183105469,78.01000213623047,78.12000274658203,1145200,0.0,0.0
2018-07-19 00:00:00-04:00,77.95999908447266,78.37000274658203,77.7300033569336,78.23999786376953,1009800,0.0,0.0
2018-07-20 00:00:00-04:00,78.56999969482422,79.18000030517578,78.05000305175781,78.91000366210938,1160800,0.0,0.0
2018-07-23 00:00:00-04:00,78.44000244140625,79.80000305175781,78.12000274658203,79.75,1240500,0.0,0.0
2018-07-24 00:00:00-04:00,79.9000015258789,80.0,79.02999877929688,79.22000122070312,1700900,0.0,0.0
2018-07-25 00:00:00-04:00,79.44999694824219,80.76000213623047,78.5199966430664,80.12999725341797,2464500,0.0,0.0
2018-07-26 00:00:00-04:00,79.5,80.79000091552734,79.4000015258789,80.7300033569336,1540500,0.0,0.0
2018-07-27 00:00:00-04:00,80.93000030517578,81.23999786376953,79.19000244140625,79.63999938964844,1333600,0.0,0.0
2018-07-30 00:00:00-04:00,79.51000213623047,79.51000213623047,75.16000366210938,75.29000091552734,2958800,0.0,0.0
2018-07-31 00:00:00-04:00,75.2699966430664,75.98999786376953,74.70999908447266,75.26000213623047,2372300,0.0,0.0
2018-08-01 00:00:00-04:00,70.26000213623047,72.0,69.37999725341797,71.62999725341797,7981100,0.0,0.0
2018-08-02 00:00:00-04:00,70.0999984741211,74.4800033569336,70.0999984741211,74.27999877929688,3034500,0.0,0.0
2018-08-03 00:00:00-04:00,74.25,75.0,73.91999816894531,74.61000061035156,1558600,0.0,0.0
2018-08-06 00:00:00-04:00,74.54000091552734,75.51000213623047,74.54000091552734,75.31999969482422,2210900,0.0,0.0
2018-08-07 00:00:00-04:00,75.41000366210938,75.87999725341797,74.30999755859375,75.66999816894531,1482100,0.0,0.0
2018-08-08 00:00:00-04:00,75.23999786376953,76.88999938964844,75.13999938964844,76.62000274658203,1753700,0.0,0.0
2018-08-09 00:00:00-04:00,76.62000274658203,77.58000183105469,76.45999908447266,76.83999633789062,1819100,0.0,0.0
2018-08-10 00:00:00-04:00,75.9000015258789,76.87000274658203,74.58000183105469,74.66000366210938,1865900,0.0,0.0
2018-08-13 00:00:00-04:00,72.70999908447266,73.54000091552734,71.93000030517578,72.0,1904500,0.0,0.0
2018-08-14 00:00:00-04:00,72.23999786376953,72.79000091552734,71.75,72.19999694824219,1962300,0.0,0.0
2018-08-15 00:00:00-04:00,71.55000305175781,72.55999755859375,70.80999755859375,71.69000244140625,2454000,0.0,0.0
2018-08-16 00:00:00-04:00,72.37999725341797,72.5199966430664,71.11000061035156,71.38999938964844,1793500,0.0,0.0
2018-08-17 00:00:00-04:00,71.26000213623047,71.61000061035156,70.9000015258789,71.44000244140625,1463000,0.0,0.0
2018-08-20 00:00:00-04:00,71.8499984741211,72.73999786376953,71.5199966430664,72.51000213623047,2134700,0.0,0.0
2018-08-21 00:00:00-04:00,72.62000274658203,73.33999633789062,72.51000213623047,72.77999877929688,964100,0.0,0.0
2018-08-22 00:00:00-04:00,72.75,73.47000122070312,72.75,73.11000061035156,872500,0.0,0.0
2018-08-23 00:00:00-04:00,73.05000305175781,73.58999633789062,72.36000061035156,73.06999969482422,1065700,0.0,0.0
2018-08-24 00:00:00-04:00,73.22000122070312,73.77999877929688,73.0199966430664,73.4000015258789,1084600,0.0,0.0
2018-08-27 00:00:00-04:00,73.91999816894531,74.55000305175781,73.66999816894531,74.51000213623047,904200,0.0,0.0
2018-08-28 00:00:00-04:00,74.76000213623047,75.29000091552734,74.37000274658203,74.44999694824219,841400,0.0,0.0
2018-08-29 00:00:00-04:00,74.55999755859375,75.36000061035156,74.02999877929688,75.2300033569336,1007100,0.0,0.0
2018-08-30 00:00:00-04:00,75.12000274658203,75.2300033569336,74.4000015258789,74.70999908447266,726900,0.0,0.0
2018-08-31 00:00:00-04:00,74.62999725341797,75.25,74.41999816894531,75.13999938964844,1146300,0.0,0.0
2018-09-04 00:00:00-04:00,74.66000366210938,74.81999969482422,74.19000244140625,74.73999786376953,816400,0.0,0.0
2018-09-05 00:00:00-04:00,74.51000213623047,74.52999877929688,73.08000183105469,73.69000244140625,1095500,0.0,0.0
2018-09-06 00:00:00-04:00,73.62999725341797,74.54000091552734,73.38999938964844,74.27999877929688,890300,0.0,0.0
2018-09-07 00:00:00-04:00,73.62000274658203,74.87999725341797,73.1500015258789,74.51000213623047,854200,0.0,0.0
2018-09-10 00:00:00-04:00,75.83999633789062,77.12999725341797,75.68000030517578,76.75,1458900,0.0,0.0
2018-09-11 00:00:00-04:00,76.52999877929688,77.3499984741211,76.23999786376953,76.9000015258789,830000,0.0,0.0
2018-09-12 00:00:00-04:00,76.69999694824219,76.94000244140625,75.68000030517578,76.01000213623047,1022000,0.0,0.0
2018-09-13 00:00:00-04:00,76.58999633789062,76.83999633789062,75.66999816894531,76.16000366210938,864400,0.0,0.0
2018-09-14 00:00:00-04:00,76.19000244140625,76.30000305175781,75.0199966430664,75.80000305175781,1525500,0.0,0.0
2018-09-17 00:00:00-04:00,75.66999816894531,75.98999786376953,74.1500015258789,74.27999877929688,1409300,0.0,0.0
2018-09-18 00:00:00-04:00,74.13999938964844,75.38999938964844,74.13999938964844,74.33000183105469,977800,0.0,0.0
2018-09-19 00:00:00-04:00,74.13999938964844,74.86000061035156,73.44000244140625,73.73999786376953,1201100,0.0,0.0
2018-09-20 00:00:00-04:00,73.6500015258789,74.41999816894531,73.6500015258789,74.16999816894531,1110700,0.0,0.0
2018-09-21 00:00:00-04:00,74.5,74.6500015258789,73.41999816894531,73.5,2397800,0.0,0.0
2018-09-24 00:00:00-04:00,73.27999877929688,73.41000366210938,72.2699966430664,72.87000274658203,1329000,0.0,0.0
2018-09-25 00:00:00-04:00,72.80999755859375,73.5,72.75,72.83000183105469,1388700,0.0,0.0
2018-09-26 00:00:00-04:00,73.1500015258789,73.45999908447266,72.3499984741211,72.51000213623047,1685300,0.0,0.0
2018-09-27 00:00:00-04:00,72.72000122070312,73.16999816894531,72.3499984741211,72.41000366210938,1011100,0.0,0.0
2018-09-28 00:00:00-04:00,72.36000061035156,73.18000030517578,72.27999877929688,73.1500015258789,1722400,0.0,0.0
2018-10-01 00:00:00-04:00,73.38999938964844,73.38999938964844,71.29000091552734,71.52999877929688,1035200,0.0,0.0
2018-10-02 00:00:00-04:00,71.1500015258789,71.33000183105469,69.05999755859375,69.41000366210938,2994200,0.0,0.0
2018-10-03 00:00:00-04:00,69.8499984741211,70.26000213623047,69.4800033569336,69.79000091552734,2015000,0.0,0.0
2018-10-04 00:00:00-04:00,68.8499984741211,68.8499984741211,66.08999633789062,66.31999969482422,3730900,0.0,0.0
2018-10-05 00:00:00-04:00,66.30000305175781,66.87999725341797,65.4000015258789,66.23999786376953,2194800,0.0,0.0
2018-10-08 00:00:00-04:00,65.94000244140625,66.13999938964844,64.48999786376953,65.37999725341797,1973700,0.0,0.0
2018-10-09 00:00:00-04:00,65.19000244140625,65.86000061035156,64.79000091552734,64.93000030517578,1269600,0.0,0.0
2018-10-10 00:00:00-04:00,64.62999725341797,65.0,62.45000076293945,62.5,2820000,0.0,0.0
2018-10-11 00:00:00-04:00,62.2599983215332,63.790000915527344,61.34000015258789,61.34000015258789,2126700,0.0,0.0
2018-10-12 00:00:00-04:00,62.70000076293945,63.369998931884766,61.790000915527344,63.0,2194900,0.0,0.0
2018-10-15 00:00:00-04:00,62.75,64.04000091552734,62.2400016784668,63.29999923706055,2734600,0.0,0.0
2018-10-16 00:00:00-04:00,63.97999954223633,65.27999877929688,63.43000030517578,65.19999694824219,1455800,0.0,0.0
2018-10-17 00:00:00-04:00,65.36000061035156,65.7699966430664,64.83999633789062,65.69000244140625,2105200,0.0,0.0
2018-10-18 00:00:00-04:00,65.5,65.62000274658203,64.19000244140625,64.5,2313200,0.0,0.0
2018-10-19 00:00:00-04:00,64.7300033569336,65.5199966430664,64.0,64.23999786376953,2038600,0.0,0.0
2018-10-22 00:00:00-04:00,64.56999969482422,65.37999725341797,64.08999633789062,65.18000030517578,1340400,0.0,0.0
2018-10-23 00:00:00-04:00,63.97999954223633,64.55000305175781,63.33000183105469,64.22000122070312,1917400,0.0,0.0
2018-10-24 00:00:00-04:00,64.2699966430664,64.80000305175781,62.20000076293945,62.279998779296875,1423700,0.0,0.0
2018-10-25 00:00:00-04:00,62.869998931884766,63.93000030517578,62.68000030517578,63.290000915527344,1951000,0.0,0.0
2018-10-26 00:00:00-04:00,62.38999938964844,63.2400016784668,61.4900016784668,61.970001220703125,2261400,0.0,0.0
2018-10-29 00:00:00-04:00,63.0,63.939998626708984,60.959999084472656,62.04999923706055,2638700,0.0,0.0
2018-10-30 00:00:00-04:00,69.97000122070312,73.20999908447266,68.56999969482422,72.55000305175781,10368400,0.0,0.0
2018-10-31 00:00:00-04:00,73.33999633789062,73.98999786376953,72.13999938964844,72.25,4014100,0.0,0.0
2018-11-01 00:00:00-04:00,72.51000213623047,72.63999938964844,70.79000091552734,72.29000091552734,3156900,0.0,0.0
2018-11-02 00:00:00-04:00,72.6500015258789,72.97000122070312,71.11000061035156,71.76000213623047,1841900,0.0,0.0
2018-11-05 00:00:00-05:00,71.19999694824219,71.30999755859375,68.0999984741211,68.94999694824219,3370800,0.0,0.0
2018-11-06 00:00:00-05:00,68.7300033569336,69.83999633789062,68.5999984741211,69.83000183105469,1805600,0.0,0.0
2018-11-07 00:00:00-05:00,70.29000091552734,71.8499984741211,70.12999725341797,71.55000305175781,2090800,0.0,0.0
2018-11-08 00:00:00-05:00,71.45999908447266,72.55000305175781,71.19999694824219,72.18000030517578,2422500,0.0,0.0
2018-11-09 00:00:00-05:00,71.94999694824219,72.0,69.97000122070312,70.94000244140625,1833200,0.0,0.0
2018-11-12 00:00:00-05:00,70.70999908447266,71.20999908447266,68.93000030517578,69.08000183105469,1843100,0.0,0.0
2018-11-13 00:00:00-05:00,69.18000030517578,69.8499984741211,68.77999877929688,69.19000244140625,1833200,0.0,0.0
2018-11-14 00:00:00-05:00,69.54000091552734,70.0199966430664,68.04000091552734,68.41000366210938,1004200,0.0,0.0
2018-11-15 00:00:00-05:00,68.25,69.55000305175781,67.66000366210938,69.45999908447266,1347700,0.0,0.0
2018-11-16 00:00:00-05:00,69.12000274658203,70.13999938964844,68.75,69.87000274658203,1179600,0.0,0.0
2018-11-19 00:00:00-05:00,69.83999633789062,70.31999969482422,67.98999786376953,68.2699966430664,1489900,0.0,0.0
2018-11-20 00:00:00-05:00,67.23999786376953,68.29000091552734,66.0,66.66999816894531,1411200,0.0,0.0
2018-11-21 00:00:00-05:00,67.29000091552734,68.56999969482422,67.16999816894531,67.87999725341797,1677900,0.0,0.0
2018-11-23 00:00:00-05:00,67.16999816894531,68.30999755859375,67.0,67.79000091552734,437600,0.0,0.0
2018-11-26 00:00:00-05:00,68.37999725341797,68.5,67.44000244140625,68.4000015258789,1376700,0.0,0.0
2018-11-27 00:00:00-05:00,68.06999969482422,68.26000213623047,67.06999969482422,67.56999969482422,1871300,0.0,0.0
2018-11-28 00:00:00-05:00,68.18000030517578,69.95999908447266,67.91000366210938,69.5999984741211,2342800,0.0,0.0
2018-11-29 00:00:00-05:00,69.2300033569336,69.30999755859375,67.72000122070312,68.11000061035156,2124000,0.0,0.0
2018-11-30 00:00:00-05:00,68.31999969482422,69.54000091552734,68.05000305175781,68.75,1695100,0.0,0.0
2018-12-03 00:00:00-05:00,69.70999908447266,70.45999908447266,68.98999786376953,70.23999786376953,2471900,0.0,0.0
2018-12-04 00:00:00-05:00,69.91000366210938,70.30999755859375,68.13999938964844,68.70999908447266,1939100,0.0,0.0
2018-12-06 00:00:00-05:00,67.80999755859375,69.68000030517578,67.01000213623047,69.0199966430664,2167800,0.0,0.0
2018-12-07 00:00:00-05:00,68.94000244140625,69.18000030517578,66.16000366210938,66.6500015258789,2093600,0.0,0.0
2018-12-10 00:00:00-05:00,66.55000305175781,67.52999877929688,66.06999969482422,67.27999877929688,1380300,0.0,0.0
2018-12-11 00:00:00-05:00,68.08000183105469,68.73999786376953,66.72000122070312,67.41999816894531,1285100,0.0,0.0
2018-12-12 00:00:00-05:00,68.2300033569336,68.9000015258789,67.83000183105469,68.02999877929688,1660600,0.0,0.0
2018-12-13 00:00:00-05:00,68.16999816894531,68.27999877929688,66.48999786376953,67.25,1625400,0.0,0.0
2018-12-14 00:00:00-05:00,66.51000213623047,67.44000244140625,65.05000305175781,65.0999984741211,1522700,0.0,0.0
2018-12-17 00:00:00-05:00,65.01000213623047,65.62999725341797,63.25,64.20999908447266,2419500,0.0,0.0
2018-12-18 00:00:00-05:00,64.62000274658203,65.16000366210938,63.70000076293945,64.3499984741211,1665100,0.0,0.0
2018-12-19 00:00:00-05:00,64.7300033569336,65.5999984741211,62.290000915527344,63.02000045776367,2092600,0.0,0.0
2018-12-20 00:00:00-05:00,62.63999938964844,63.279998779296875,61.36000061035156,62.29999923706055,2027400,0.0,0.0
2018-12-21 00:00:00-05:00,62.439998626708984,63.25,59.459999084472656,59.79999923706055,3667200,0.0,0.0
2018-12-24 00:00:00-05:00,59.4900016784668,60.0099983215332,58.33000183105469,58.33000183105469,961200,0.0,0.0
2018-12-26 00:00:00-05:00,58.939998626708984,60.9900016784668,58.4900016784668,60.97999954223633,1346600,0.0,0.0
2018-12-27 00:00:00-05:00,60.209999084472656,61.689998626708984,59.5,61.650001525878906,1294700,0.0,0.0
2018-12-28 00:00:00-05:00,62.2400016784668,62.58000183105469,60.81999969482422,61.04999923706055,1247300,0.0,0.0
2018-12-31 00:00:00-05:00,61.310001373291016,61.58000183105469,60.349998474121094,61.08000183105469,1387100,0.0,0.0
2019-01-02 00:00:00-05:00,58.869998931884766,59.5,57.529998779296875,59.0099983215332,2297800,0.0,0.0
2019-01-03 00:00:00-05:00,58.25,58.83000183105469,57.18000030517578,57.70000076293945,1786100,0.0,0.0
2019-01-04 00:00:00-05:00,58.439998626708984,60.099998474121094,58.18000030517578,59.380001068115234,2563400,0.0,0.0
2019-01-07 00:00:00-05:00,59.529998779296875,61.56999969482422,59.36000061035156,61.2400016784668,2184100,0.0,0.0
2019-01-08 00:00:00-05:00,61.7400016784668,62.4900016784668,61.060001373291016,62.45000076293945,1424600,0.0,0.0
2019-01-09 00:00:00-05:00,63.779998779296875,63.97999954223633,62.310001373291016,63.2599983215332,1395100,0.0,0.0
2019-01-10 00:00:00-05:00,62.709999084472656,63.189998626708984,62.31999969482422,63.130001068115234,1278700,0.0,0.0
2019-01-11 00:00:00-05:00,62.939998626708984,63.5,62.86000061035156,63.099998474121094,895300,0.0,0.0
2019-01-14 00:00:00-05:00,62.45000076293945,63.09000015258789,62.15999984741211,62.689998626708984,801800,0.0,0.0
2019-01-15 00:00:00-05:00,64.26000213623047,64.44999694824219,63.33000183105469,63.439998626708984,1799100,0.0,0.0
2019-01-16 00:00:00-05:00,63.34000015258789,63.9900016784668,63.34000015258789,63.81999969482422,1198600,0.0,0.0
2019-01-17 00:00:00-05:00,63.68000030517578,65.19000244140625,63.470001220703125,64.83000183105469,1977900,0.0,0.0
2019-01-18 00:00:00-05:00,65.36000061035156,65.94999694824219,64.91000366210938,65.79000091552734,1264400,0.0,0.0
2019-01-22 00:00:00-05:00,65.37999725341797,65.5,64.08000183105469,64.51000213623047,1168300,0.0,0.0
2019-01-23 00:00:00-05:00,64.56999969482422,64.9000015258789,63.75,64.3499984741211,966100,0.0,0.0
2019-01-24 00:00:00-05:00,64.4000015258789,64.91000366210938,64.0,64.56999969482422,946300,0.0,0.0
2019-01-25 00:00:00-05:00,65.0,65.80999755859375,64.95999908447266,65.44000244140625,1164700,0.0,0.0
2019-01-28 00:00:00-05:00,64.87000274658203,65.0199966430664,64.27999877929688,65.0,1232200,0.0,0.0
2019-01-29 00:00:00-05:00,65.0,65.2300033569336,64.06999969482422,64.16999816894531,852800,0.0,0.0
2019-01-30 00:00:00-05:00,64.33000183105469,64.80999755859375,63.779998779296875,64.69000244140625,859200,0.0,0.0
2019-01-31 00:00:00-05:00,64.8499984741211,65.5,64.41000366210938,65.0999984741211,1635200,0.0,0.0
2019-02-01 00:00:00-05:00,65.0,65.54000091552734,64.5,65.5199966430664,1426900,0.0,0.0
2019-02-04 00:00:00-05:00,65.58999633789062,67.08000183105469,65.58999633789062,67.04000091552734,1146300,0.0,0.0
2019-02-05 00:00:00-05:00,67.30999755859375,68.30000305175781,67.27999877929688,68.16999816894531,1474300,0.0,0.0
2019-02-06 00:00:00-05:00,68.08999633789062,68.5,67.4800033569336,67.51000213623047,1379200,0.0,0.0
2019-02-07 00:00:00-05:00,67.11000061035156,67.1500015258789,65.88999938964844,66.58999633789062,1047600,0.0,0.0
2019-02-08 00:00:00-05:00,66.12999725341797,67.0999984741211,66.05999755859375,67.08999633789062,962900,0.0,0.0
2019-02-11 00:00:00-05:00,67.25,68.54000091552734,67.25,68.51000213623047,1863700,0.0,0.0
2019-02-12 00:00:00-05:00,68.80999755859375,69.87000274658203,68.2699966430664,69.33000183105469,2786400,0.0,0.0
2019-02-13 00:00:00-05:00,70.3499984741211,71.19999694824219,68.33000183105469,70.37000274658203,4038100,0.0,0.0
2019-02-14 00:00:00-05:00,70.16000366210938,70.94000244140625,69.77999877929688,70.77999877929688,1409200,0.0,0.0
2019-02-15 00:00:00-05:00,71.23999786376953,71.37999725341797,69.97000122070312,70.08999633789062,1399500,0.0,0.0
2019-02-19 00:00:00-05:00,69.7300033569336,70.7699966430664,69.30000305175781,70.47000122070312,1456700,0.0,0.0
2019-02-20 00:00:00-05:00,70.80000305175781,70.80000305175781,69.30000305175781,69.83000183105469,1082800,0.0,0.0
2019-02-21 00:00:00-05:00,69.7300033569336,70.04000091552734,68.66000366210938,68.81999969482422,1286900,0.0,0.0
2019-02-22 00:00:00-05:00,68.73999786376953,69.88999938964844,68.5999984741211,69.86000061035156,1016200,0.0,0.0
2019-02-25 00:00:00-05:00,70.37000274658203,70.70999908447266,69.43000030517578,69.54000091552734,798000,0.0,0.0
2019-02-26 00:00:00-05:00,69.43000030517578,69.93000030517578,69.2300033569336,69.5999984741211,1026800,0.0,0.0
2019-02-27 00:00:00-05:00,69.4000015258789,69.81999969482422,68.88999938964844,69.27999877929688,817800,0.0,0.0
2019-02-28 00:00:00-05:00,69.11000061035156,70.08000183105469,69.11000061035156,69.66000366210938,1452700,0.0,0.0
2019-03-01 00:00:00-05:00,70.05999755859375,71.48999786376953,69.73999786376953,71.08999633789062,1633700,0.0,0.0
2019-03-04 00:00:00-05:00,71.55000305175781,71.79000091552734,69.70999908447266,70.29000091552734,995000,0.0,0.0
2019-03-05 00:00:00-05:00,70.20999908447266,70.98999786376953,69.80000305175781,70.55000305175781,1282100,0.0,0.0
2019-03-06 00:00:00-05:00,70.62000274658203,71.68000030517578,70.51000213623047,71.54000091552734,1658400,0.0,0.0
2019-03-07 00:00:00-05:00,71.08999633789062,71.1500015258789,70.0199966430664,70.47000122070312,1353400,0.0,0.0
2019-03-08 00:00:00-05:00,69.70999908447266,70.6500015258789,69.33000183105469,70.30000305175781,867400,0.0,0.0
2019-03-11 00:00:00-04:00,70.66999816894531,71.97000122070312,70.55999755859375,71.94000244140625,1145500,0.0,0.0
2019-03-12 00:00:00-04:00,72.0,72.80000305175781,71.62999725341797,72.18000030517578,1372600,0.0,0.0
2019-03-13 00:00:00-04:00,72.37000274658203,73.04000091552734,72.29000091552734,72.72000122070312,1008000,0.0,0.0
2019-03-14 00:00:00-04:00,72.66000366210938,73.12999725341797,72.27999877929688,72.70999908447266,893000,0.0,0.0
2019-03-15 00:00:00-04:00,72.88999938964844,73.20999908447266,72.38999938964844,72.47000122070312,1363500,0.0,0.0
2019-03-18 00:00:00-04:00,72.56999969482422,73.0,71.77999877929688,72.20999908447266,827300,0.0,0.0
2019-03-19 00:00:00-04:00,72.41999816894531,72.93000030517578,72.22000122070312,72.58999633789062,1099900,0.0,0.0
2019-03-20 00:00:00-04:00,72.5999984741211,73.02999877929688,72.16999816894531,72.5199966430664,1383500,0.0,0.0
2019-03-21 00:00:00-04:00,72.13999938964844,73.68000030517578,72.12999725341797,73.44000244140625,1021700,0.0,0.0
2019-03-22 00:00:00-04:00,73.08999633789062,73.43000030517578,71.16000366210938,71.2300033569336,1025900,0.0,0.0
2019-03-25 00:00:00-04:00,68.2300033569336,69.26000213623047,67.27999877929688,69.12000274658203,2553900,0.0,0.0
2019-03-26 00:00:00-04:00,69.52999877929688,70.8499984741211,69.47000122070312,69.81999969482422,1307600,0.0,0.0
2019-03-27 00:00:00-04:00,69.7699966430664,71.0199966430664,69.26000213623047,70.77999877929688,1494200,0.0,0.0
2019-03-28 00:00:00-04:00,71.04000091552734,71.41000366210938,70.2699966430664,71.08999633789062,929600,0.0,0.0
2019-03-29 00:00:00-04:00,71.68000030517578,71.87000274658203,71.27999877929688,71.70999908447266,871700,0.0,0.0
2019-04-01 00:00:00-04:00,72.23999786376953,73.0999984741211,72.08000183105469,73.0,919000,0.0,0.0
2019-04-02 00:00:00-04:00,73.0,73.05000305175781,72.22000122070312,72.7300033569336,1226600,0.0,0.0
2019-04-03 00:00:00-04:00,73.19000244140625,73.77999877929688,72.7300033569336,73.44999694824219,704500,0.0,0.0
2019-04-04 00:00:00-04:00,73.61000061035156,73.70999908447266,72.33000183105469,73.38999938964844,567100,0.0,0.0
2019-04-05 00:00:00-04:00,73.55999755859375,74.08000183105469,73.36000061035156,74.06999969482422,840400,0.0,0.0
2019-04-08 00:00:00-04:00,73.9800033569336,74.5,73.47000122070312,74.47000122070312,582800,0.0,0.0
2019-04-09 00:00:00-04:00,74.16000366210938,74.5999984741211,74.16000366210938,74.31999969482422,839200,0.0,0.0
2019-04-10 00:00:00-04:00,74.33999633789062,75.41999816894531,74.33999633789062,75.08999633789062,1040500,0.0,0.0
2019-04-11 00:00:00-04:00,75.0999984741211,75.73999786376953,74.7699966430664,75.43000030517578,632600,0.0,0.0
2019-04-12 00:00:00-04:00,75.80000305175781,77.0999984741211,75.62999725341797,77.05000305175781,1576400,0.0,0.0
2019-04-15 00:00:00-04:00,76.7699966430664,77.0,75.58999633789062,76.6500015258789,1447800,0.0,0.0
2019-04-16 00:00:00-04:00,77.12999725341797,77.19000244140625,76.31999969482422,76.61000061035156,1039800,0.0,0.0
2019-04-17 00:00:00-04:00,77.0,77.25,75.75,76.02999877929688,1047800,0.0,0.0
2019-04-18 00:00:00-04:00,75.5999984741211,75.69999694824219,74.86000061035156,75.33999633789062,1185700,0.0,0.0
2019-04-22 00:00:00-04:00,75.5199966430664,76.7699966430664,75.5199966430664,76.69000244140625,820600,0.0,0.0
2019-04-23 00:00:00-04:00,76.87000274658203,77.7300033569336,76.44999694824219,77.66000366210938,883600,0.0,0.0
2019-04-24 00:00:00-04:00,77.95999908447266,78.69999694824219,77.91999816894531,78.13999938964844,808900,0.0,0.0
2019-04-25 00:00:00-04:00,78.1500015258789,78.80000305175781,77.0199966430664,78.61000061035156,978100,0.0,0.0
2019-04-26 00:00:00-04:00,78.5,79.08000183105469,78.45999908447266,78.86000061035156,899900,0.0,0.0
2019-04-29 00:00:00-04:00,78.94999694824219,79.75,78.87000274658203,79.3499984741211,1229300,0.0,0.0
2019-04-30 00:00:00-04:00,79.37000274658203,80.08999633789062,79.0,80.05999755859375,2549000,0.0,0.0
2019-05-01 00:00:00-04:00,86.01000213623047,86.19000244140625,80.6500015258789,81.04000091552734,4597600,0.0,0.0
2019-05-02 00:00:00-04:00,80.94999694824219,81.05000305175781,78.66999816894531,80.2699966430664,1730100,0.0,0.0
2019-05-03 00:00:00-04:00,80.4000015258789,80.87999725341797,79.47000122070312,80.02999877929688,1029900,0.0,0.0
2019-05-06 00:00:00-04:00,78.5,79.04000091552734,77.19000244140625,78.95999908447266,1604100,0.0,0.0
2019-05-07 00:00:00-04:00,78.13999938964844,78.58000183105469,76.77999877929688,77.30999755859375,1451100,0.0,0.0
2019-05-08 00:00:00-04:00,77.0,77.61000061035156,76.41999816894531,76.97000122070312,971100,0.0,0.0
2019-05-09 00:00:00-04:00,76.16999816894531,76.5199966430664,75.33000183105469,76.1500015258789,1203100,0.0,0.0
2019-05-10 00:00:00-04:00,75.86000061035156,76.86000061035156,74.80999755859375,76.62999725341797,900900,0.0,0.0
2019-05-13 00:00:00-04:00,74.68000030517578,75.4800033569336,74.05999755859375,74.44999694824219,1006500,0.0,0.0
2019-05-14 00:00:00-04:00,74.91999816894531,76.37999725341797,74.91999816894531,75.72000122070312,871100,0.0,0.0
2019-05-15 00:00:00-04:00,75.04000091552734,76.95999908447266,75.04000091552734,76.62000274658203,843800,0.0,0.0
2019-05-16 00:00:00-04:00,76.87999725341797,78.5,76.62999725341797,77.91999816894531,1000200,0.0,0.0
2019-05-17 00:00:00-04:00,77.04000091552734,78.0999984741211,76.83000183105469,77.55000305175781,847000,0.0,0.0
2019-05-20 00:00:00-04:00,76.83000183105469,77.68000030517578,76.55000305175781,76.9000015258789,955400,0.0,0.0
2019-05-21 00:00:00-04:00,77.5,78.12999725341797,77.5,77.9000015258789,703300,0.0,0.0
2019-05-22 00:00:00-04:00,77.7300033569336,79.29000091552734,77.52999877929688,79.13999938964844,1126900,0.0,0.0
2019-05-23 00:00:00-04:00,78.5,78.86000061035156,77.36000061035156,77.76000213623047,1104200,0.0,0.0
2019-05-24 00:00:00-04:00,78.16999816894531,78.4000015258789,76.79000091552734,77.88999938964844,750900,0.0,0.0
2019-05-28 00:00:00-04:00,78.2300033569336,79.06999969482422,77.80000305175781,77.83000183105469,855100,0.0,0.0
2019-05-29 00:00:00-04:00,77.44000244140625,77.88999938964844,76.91999816894531,77.4000015258789,709100,0.0,0.0
2019-05-30 00:00:00-04:00,77.68000030517578,78.0999984741211,76.55000305175781,76.80999755859375,698300,0.0,0.0
2019-05-31 00:00:00-04:00,76.0,76.33000183105469,75.08000183105469,75.36000061035156,1227600,0.0,0.0
2019-06-03 00:00:00-04:00,74.69999694824219,75.30000305175781,73.19000244140625,73.66000366210938,1605600,0.0,0.0
2019-06-04 00:00:00-04:00,74.16000366210938,75.93000030517578,73.91000366210938,75.91999816894531,1049800,0.0,0.0
2019-06-05 00:00:00-04:00,76.4800033569336,78.12000274658203,76.33999633789062,78.05000305175781,1023600,0.0,0.0
2019-06-06 00:00:00-04:00,78.12000274658203,78.37000274658203,77.31999969482422,78.18000030517578,693300,0.0,0.0
2019-06-07 00:00:00-04:00,78.5,79.73999786376953,77.56999969482422,79.41999816894531,917900,0.0,0.0
2019-06-10 00:00:00-04:00,79.98999786376953,80.98999786376953,79.43000030517578,79.55000305175781,860000,0.0,0.0
2019-06-11 00:00:00-04:00,80.37000274658203,80.8499984741211,78.83999633789062,79.41000366210938,667400,0.0,0.0
2019-06-12 00:00:00-04:00,79.0999984741211,79.68000030517578,78.79000091552734,79.3499984741211,822200,0.0,0.0
2019-06-13 00:00:00-04:00,79.5999984741211,80.05000305175781,78.8499984741211,79.19000244140625,586200,0.0,0.0
2019-06-14 00:00:00-04:00,79.16000366210938,79.20999908447266,78.08000183105469,78.62000274658203,869300,0.0,0.0
2019-06-17 00:00:00-04:00,78.54000091552734,78.54000091552734,76.38999938964844,76.58000183105469,1246200,0.0,0.0
2019-06-18 00:00:00-04:00,77.55000305175781,78.38999938964844,77.0199966430664,78.23999786376953,1297300,0.0,0.0
2019-06-19 00:00:00-04:00,78.5199966430664,79.66000366210938,78.05000305175781,79.58000183105469,939600,0.0,0.0
2019-06-20 00:00:00-04:00,80.38999938964844,80.77999877929688,79.4800033569336,79.87999725341797,1147700,0.0,0.0
2019-06-21 00:00:00-04:00,79.80999755859375,80.0,78.29000091552734,78.55000305175781,3469700,0.0,0.0
2019-06-24 00:00:00-04:00,78.72000122070312,79.33000183105469,78.44000244140625,78.73999786376953,1069900,0.0,0.0
2019-06-25 00:00:00-04:00,78.63999938964844,79.54000091552734,77.4000015258789,77.80999755859375,905900,0.0,0.0
2019-06-26 00:00:00-04:00,78.37000274658203,79.37999725341797,78.37000274658203,78.61000061035156,872900,0.0,0.0
2019-06-27 00:00:00-04:00,79.08000183105469,79.69000244140625,78.91000366210938,79.41999816894531,633300,0.0,0.0
2019-06-28 00:00:00-04:00,79.8499984741211,80.22000122070312,79.30999755859375,80.13999938964844,1163300,0.0,0.0
2019-07-01 00:00:00-04:00,81.3499984741211,81.55999755859375,80.2699966430664,80.37999725341797,1018800,0.0,0.0
2019-07-02 00:00:00-04:00,80.37999725341797,80.95999908447266,80.08999633789062,80.45999908447266,688600,0.0,0.0
2019-07-03 00:00:00-04:00,80.69000244140625,81.33000183105469,80.68000030517578,81.27999877929688,728500,0.0,0.0
2019-07-05 00:00:00-04:00,80.91999816894531,81.80999755859375,80.5,81.69999694824219,428400,0.0,0.0
2019-07-08 00:00:00-04:00,81.0199966430664,81.48999786376953,80.6500015258789,81.19000244140625,701400,0.0,0.0
2019-07-09 00:00:00-04:00,80.91999816894531,81.48999786376953,80.52999877929688,81.36000061035156,1889400,0.0,0.0
2019-07-10 00:00:00-04:00,81.7300033569336,82.37999725341797,81.5,81.7300033569336,521900,0.0,0.0
2019-07-11 00:00:00-04:00,81.87999725341797,82.31999969482422,81.4000015258789,82.29000091552734,671600,0.0,0.0
2019-07-12 00:00:00-04:00,82.41000366210938,82.69000244140625,81.94000244140625,82.45999908447266,785700,0.0,0.0
2019-07-15 00:00:00-04:00,82.73999786376953,83.66999816894531,82.38999938964844,83.47000122070312,767300,0.0,0.0
2019-07-16 00:00:00-04:00,83.47000122070312,83.68000030517578,82.76000213623047,83.37000274658203,684100,0.0,0.0
2019-07-17 00:00:00-04:00,83.55999755859375,84.04000091552734,83.05999755859375,83.83000183105469,1097800,0.0,0.0
2019-07-18 00:00:00-04:00,83.37000274658203,83.66999816894531,82.62000274658203,83.5,1232500,0.0,0.0
2019-07-19 00:00:00-04:00,84.0,84.73999786376953,83.37999725341797,83.44999694824219,1687100,0.0,0.0
2019-07-22 00:00:00-04:00,83.9000015258789,84.0999984741211,82.18000030517578,82.66000366210938,1046200,0.0,0.0
2019-07-23 00:00:00-04:00,83.16000366210938,83.91000366210938,82.58999633789062,83.19999694824219,939000,0.0,0.0
2019-07-24 00:00:00-04:00,82.2699966430664,83.48999786376953,81.91000366210938,83.41999816894531,807800,0.0,0.0
2019-07-25 00:00:00-04:00,83.08000183105469,83.31999969482422,82.2300033569336,82.69999694824219,836300,0.0,0.0
2019-07-26 00:00:00-04:00,83.08000183105469,84.01000213623047,83.08000183105469,83.91999816894531,934600,0.0,0.0
2019-07-29 00:00:00-04:00,84.04000091552734,84.4000015258789,82.54000091552734,83.5199966430664,1020700,0.0,0.0
2019-07-30 00:00:00-04:00,83.33000183105469,84.33000183105469,82.54000091552734,84.02999877929688,1552800,0.0,0.0
2019-07-31 00:00:00-04:00,85.0,90.76000213623047,84.94000244140625,88.12999725341797,4730100,0.0,0.0
2019-08-01 00:00:00-04:00,88.12000274658203,90.36000061035156,87.75,90.11000061035156,2975100,0.0,0.0
2019-08-02 00:00:00-04:00,89.44999694824219,90.0999984741211,88.2699966430664,88.31999969482422,1730500,0.0,0.0
2019-08-05 00:00:00-04:00,86.55999755859375,86.94999694824219,82.98999786376953,84.01000213623047,2371300,0.0,0.0
2019-08-06 00:00:00-04:00,85.01000213623047,86.13999938964844,84.37999725341797,85.91999816894531,1612500,0.0,0.0
2019-08-07 00:00:00-04:00,84.94000244140625,87.2300033569336,84.05999755859375,86.70999908447266,1769400,0.0,0.0
2019-08-08 00:00:00-04:00,87.16000366210938,89.04000091552734,86.98999786376953,88.91000366210938,1731100,0.0,0.0
2019-08-09 00:00:00-04:00,88.75,90.19999694824219,88.55999755859375,89.91999816894531,1538500,0.0,0.0
2019-08-12 00:00:00-04:00,89.12999725341797,90.12999725341797,88.38999938964844,89.20999908447266,2047600,0.0,0.0
2019-08-13 00:00:00-04:00,88.12999725341797,89.91999816894531,86.22000122070312,89.37000274658203,2760400,0.0,0.0
2019-08-14 00:00:00-04:00,88.08000183105469,88.08000183105469,83.23999786376953,84.08000183105469,5810800,0.0,0.0
2019-08-15 00:00:00-04:00,84.41000366210938,85.72000122070312,83.9000015258789,85.01000213623047,1676200,0.0,0.0
2019-08-16 00:00:00-04:00,85.83999633789062,87.13999938964844,85.75,86.6500015258789,1698400,0.0,0.0
2019-08-19 00:00:00-04:00,87.9000015258789,88.45999908447266,86.87000274658203,87.06999969482422,2187300,0.0,0.0
2019-08-20 00:00:00-04:00,86.94999694824219,87.47000122070312,85.97000122070312,86.6500015258789,1765500,0.0,0.0
2019-08-21 00:00:00-04:00,87.48999786376953,89.0199966430664,87.22000122070312,88.87000274658203,1387800,0.0,0.0
2019-08-22 00:00:00-04:00,89.16999816894531,89.3499984741211,87.51000213623047,88.72000122070312,740700,0.0,0.0
2019-08-23 00:00:00-04:00,88.33000183105469,89.95999908447266,86.68000030517578,86.98999786376953,1239100,0.0,0.0
2019-08-26 00:00:00-04:00,88.44999694824219,88.44999694824219,87.05999755859375,87.8499984741211,766100,0.0,0.0
2019-08-27 00:00:00-04:00,88.68000030517578,89.29000091552734,87.25,88.20999908447266,1127000,0.0,0.0
2019-08-28 00:00:00-04:00,88.05999755859375,88.52999877929688,86.51000213623047,88.19000244140625,986300,0.0,0.0
2019-08-29 00:00:00-04:00,89.11000061035156,90.19000244140625,89.11000061035156,89.37999725341797,983700,0.0,0.0
2019-08-30 00:00:00-04:00,90.0,90.0,87.94000244140625,89.12999725341797,1159600,0.0,0.0
2019-09-03 00:00:00-04:00,88.86000061035156,89.72000122070312,88.37999725341797,89.12000274658203,1445100,0.0,0.0
2019-09-04 00:00:00-04:00,90.12999725341797,91.0,89.7300033569336,90.87999725341797,1255500,0.0,0.0
2019-09-05 00:00:00-04:00,91.69999694824219,92.73999786376953,91.16000366210938,92.54000091552734,1475000,0.0,0.0
2019-09-06 00:00:00-04:00,92.80999755859375,93.12000274658203,91.55000305175781,91.81999969482422,1734700,0.0,0.0
2019-09-09 00:00:00-04:00,91.63999938964844,91.83999633789062,88.68000030517578,89.58999633789062,1184800,0.0,0.0
2019-09-10 00:00:00-04:00,88.66000366210938,88.66000366210938,87.44999694824219,88.27999877929688,1131200,0.0,0.0
2019-09-11 00:00:00-04:00,88.3499984741211,89.9800033569336,88.06999969482422,89.5999984741211,1232900,0.0,0.0
2019-09-12 00:00:00-04:00,90.55000305175781,92.0999984741211,90.0199966430664,90.98999786376953,3739200,0.0,0.0
2019-09-13 00:00:00-04:00,91.68000030517578,91.98999786376953,88.69999694824219,90.41000366210938,3115600,0.0,0.0
2019-09-16 00:00:00-04:00,90.05000305175781,90.19999694824219,88.25,89.43000030517578,3530300,0.0,0.0
2019-09-17 00:00:00-04:00,89.95999908447266,92.33999633789062,89.4000015258789,91.18000030517578,2178900,0.0,0.0
2019-09-18 00:00:00-04:00,91.5,91.9800033569336,89.79000091552734,90.94000244140625,1023400,0.0,0.0
2019-09-19 00:00:00-04:00,89.16999816894531,90.68000030517578,89.05999755859375,89.26000213623047,1721400,0.0,0.0
2019-09-20 00:00:00-04:00,89.7300033569336,89.97000122070312,88.77999877929688,89.43000030517578,2812300,0.0,0.0
2019-09-23 00:00:00-04:00,89.41999816894531,90.19999694824219,89.23999786376953,89.61000061035156,1068900,0.0,0.0
2019-09-24 00:00:00-04:00,90.38999938964844,90.38999938964844,87.87999725341797,88.6500015258789,1199600,0.0,0.0
2019-09-25 00:00:00-04:00,88.38999938964844,90.31999969482422,88.12999725341797,90.0199966430664,1031600,0.0,0.0
2019-09-26 00:00:00-04:00,90.04000091552734,90.75,89.48999786376953,90.58000183105469,1031900,0.0,0.0
2019-09-27 00:00:00-04:00,91.0,91.16000366210938,89.08000183105469,89.79000091552734,1458000,0.0,0.0
2019-09-30 00:00:00-04:00,90.23999786376953,91.7300033569336,89.41999816894531,91.37999725341797,1328600,0.0,0.0
2019-10-01 00:00:00-04:00,91.55000305175781,92.20999908447266,91.04000091552734,91.0999984741211,1745800,0.0,0.0
2019-10-02 00:00:00-04:00,90.55999755859375,91.01000213623047,89.20999908447266,89.87000274658203,1279900,0.0,0.0
2019-10-03 00:00:00-04:00,89.62999725341797,91.0999984741211,88.76000213623047,90.9000015258789,1802500,0.0,0.0
2019-10-04 00:00:00-04:00,91.51000213623047,91.80000305175781,90.5,90.91000366210938,1209900,0.0,0.0
2019-10-07 00:00:00-04:00,90.5199966430664,91.04000091552734,89.94000244140625,90.2300033569336,1079500,0.0,0.0
2019-10-08 00:00:00-04:00,89.63999938964844,89.9000015258789,87.70999908447266,88.16999816894531,915300,0.0,0.0
2019-10-09 00:00:00-04:00,89.27999877929688,89.76000213623047,88.44000244140625,89.5999984741211,855700,0.0,0.0
2019-10-10 00:00:00-04:00,89.41000366210938,90.62000274658203,89.20999908447266,89.36000061035156,794300,0.0,0.0
2019-10-11 00:00:00-04:00,90.19999694824219,90.97000122070312,89.43000030517578,89.55000305175781,1101000,0.0,0.0
2019-10-14 00:00:00-04:00,89.26000213623047,89.98999786376953,89.12999725341797,89.83999633789062,586000,0.0,0.0
2019-10-15 00:00:00-04:00,89.63999938964844,91.62999725341797,89.63999938964844,91.33000183105469,881000,0.0,0.0
2019-10-16 00:00:00-04:00,90.87999725341797,90.98999786376953,89.51000213623047,90.93000030517578,1028400,0.0,0.0
2019-10-17 00:00:00-04:00,91.55000305175781,92.33000183105469,90.80000305175781,91.33999633789062,1150500,0.0,0.0
2019-10-18 00:00:00-04:00,91.43000030517578,91.73999786376953,90.05999755859375,91.51000213623047,1429000,0.0,0.0
2019-10-21 00:00:00-04:00,91.75,91.93000030517578,90.27999877929688,91.88999938964844,1410700,0.0,0.0
2019-10-22 00:00:00-04:00,91.9000015258789,92.5999984741211,89.04000091552734,89.08999633789062,1600400,0.0,0.0
2019-10-23 00:00:00-04:00,88.91000366210938,90.31999969482422,88.80999755859375,90.22000122070312,1330500,0.0,0.0
2019-10-24 00:00:00-04:00,90.55000305175781,90.91000366210938,88.77999877929688,89.58000183105469,1573100,0.0,0.0
2019-10-25 00:00:00-04:00,89.61000061035156,90.2699966430664,89.08999633789062,89.1500015258789,1535900,0.0,0.0
2019-10-28 00:00:00-04:00,89.80000305175781,90.0,89.04000091552734,89.4800033569336,3450100,0.0,0.0
2019-10-29 00:00:00-04:00,91.0,91.0,85.62999725341797,87.88999938964844,3978000,0.0,0.0
2019-10-30 00:00:00-04:00,87.66000366210938,87.87000274658203,86.0,87.38999938964844,2120600,0.0,0.0
2019-10-31 00:00:00-04:00,86.87000274658203,87.36000061035156,86.12000274658203,86.5,1911200,0.0,0.0
2019-11-01 00:00:00-04:00,86.77999877929688,87.80999755859375,86.25,87.5,1474800,0.0,0.0
2019-11-04 00:00:00-05:00,87.9800033569336,88.30000305175781,87.18000030517578,87.51000213623047,1553800,0.0,0.0
2019-11-05 00:00:00-05:00,87.66000366210938,88.30999755859375,87.01000213623047,87.79000091552734,1660300,0.0,0.0
2019-11-06 00:00:00-05:00,87.80000305175781,87.94999694824219,86.70999908447266,87.4000015258789,1927800,0.0,0.0
2019-11-07 00:00:00-05:00,87.58000183105469,88.13999938964844,85.58000183105469,85.75,1387200,0.0,0.0
2019-11-08 00:00:00-05:00,85.12000274658203,85.75,83.91000366210938,84.52999877929688,1663800,0.0,0.0
2019-11-11 00:00:00-05:00,84.2699966430664,85.91999816894531,84.0,85.19000244140625,918200,0.0,0.0
2019-11-12 00:00:00-05:00,85.19000244140625,85.7699966430664,84.47000122070312,84.72000122070312,1181900,0.0,0.0
2019-11-13 00:00:00-05:00,84.69999694824219,85.7300033569336,84.6500015258789,85.5999984741211,1021000,0.0,0.0
2019-11-14 00:00:00-05:00,85.9000015258789,86.33999633789062,85.23999786376953,85.6500015258789,1270500,0.0,0.0
2019-11-15 00:00:00-05:00,85.97000122070312,87.91999816894531,85.47000122070312,87.70999908447266,1775800,0.0,0.0
2019-11-18 00:00:00-05:00,87.66999816894531,88.86000061035156,87.51000213623047,88.41000366210938,1491500,0.0,0.0
2019-11-19 00:00:00-05:00,88.75,89.06999969482422,87.93000030517578,88.51000213623047,1018100,0.0,0.0
2019-11-20 00:00:00-05:00,87.5,88.43000030517578,86.30999755859375,86.86000061035156,1087000,0.0,0.0
2019-11-21 00:00:00-05:00,87.0,87.58000183105469,86.25,87.56999969482422,1331500,0.0,0.0
2019-11-22 00:00:00-05:00,87.58000183105469,88.30000305175781,87.08999633789062,87.97000122070312,1371000,0.0,0.0
2019-11-25 00:00:00-05:00,88.29000091552734,88.62000274658203,87.4800033569336,87.73999786376953,970400,0.0,0.0
2019-11-26 00:00:00-05:00,87.73999786376953,88.7300033569336,87.66000366210938,88.69000244140625,1357500,0.0,0.0
2019-11-27 00:00:00-05:00,88.83000183105469,88.83000183105469,86.80000305175781,87.29000091552734,1407500,0.0,0.0
2019-11-29 00:00:00-05:00,87.05000305175781,87.5199966430664,86.61000061035156,87.12000274658203,549900,0.0,0.0
2019-12-02 00:00:00-05:00,86.55000305175781,86.69000244140625,84.76000213623047,85.62000274658203,1415300,0.0,0.0
2019-12-03 00:00:00-05:00,85.08999633789062,86.05000305175781,84.83999633789062,85.91999816894531,1213300,0.0,0.0
2019-12-04 00:00:00-05:00,86.06999969482422,86.62000274658203,85.69999694824219,86.43000030517578,1164300,0.0,0.0
2019-12-05 00:00:00-05:00,86.43000030517578,86.5,84.29000091552734,84.33000183105469,1962000,0.0,0.0
2019-12-06 00:00:00-05:00,84.87000274658203,85.55999755859375,84.58000183105469,85.25,1578800,0.0,0.0
2019-12-09 00:00:00-05:00,84.94999694824219,85.51000213623047,84.06999969482422,84.11000061035156,876100,0.0,0.0
2019-12-10 00:00:00-05:00,83.97000122070312,84.75,83.47000122070312,84.08999633789062,1005200,0.0,0.0
2019-12-11 00:00:00-05:00,84.31999969482422,84.44999694824219,83.26000213623047,83.8499984741211,827100,0.0,0.0
2019-12-12 00:00:00-05:00,83.80000305175781,84.68000030517578,82.87999725341797,83.33999633789062,1123100,0.0,0.0
2019-12-13 00:00:00-05:00,83.23999786376953,84.69000244140625,83.0199966430664,84.69000244140625,976400,0.0,0.0
2019-12-16 00:00:00-05:00,85.23999786376953,85.7699966430664,85.01000213623047,85.5,1287200,0.0,0.0
2019-12-17 00:00:00-05:00,85.91000366210938,85.91000366210938,84.26000213623047,84.29000091552734,1943500,0.0,0.0
2019-12-18 00:00:00-05:00,84.44000244140625,85.37999725341797,84.05000305175781,84.9000015258789,1333600,0.0,0.0
2019-12-19 00:00:00-05:00,84.76000213623047,85.0,83.94999694824219,84.51000213623047,1922900,0.0,0.0
2019-12-20 00:00:00-05:00,85.30000305175781,87.0,83.91000366210938,86.86000061035156,3635700,0.0,0.0
2019-12-23 00:00:00-05:00,86.73999786376953,86.9000015258789,85.72000122070312,85.91000366210938,968700,0.0,0.0
2019-12-24 00:00:00-05:00,86.16000366210938,86.16000366210938,85.62999725341797,85.7300033569336,277400,0.0,0.0
2019-12-26 00:00:00-05:00,85.58999633789062,86.58000183105469,85.58999633789062,86.33999633789062,724400,0.0,0.0
2019-12-27 00:00:00-05:00,86.06999969482422,86.69000244140625,85.87000274658203,86.5,665300,0.0,0.0
2019-12-30 00:00:00-05:00,86.44000244140625,86.58999633789062,85.26000213623047,85.87999725341797,619300,0.0,0.0
2019-12-31 00:00:00-05:00,85.7300033569336,86.45999908447266,85.3499984741211,86.37999725341797,663600,0.0,0.0
2020-01-02 00:00:00-05:00,86.83999633789062,87.83000183105469,86.52999877929688,87.63999938964844,1079900,0.0,0.0
2020-01-03 00:00:00-05:00,86.44000244140625,87.5,86.4000015258789,87.23999786376953,865900,0.0,0.0
2020-01-06 00:00:00-05:00,86.6500015258789,87.58000183105469,86.61000061035156,87.55000305175781,1394200,0.0,0.0
2020-01-07 00:00:00-05:00,88.95999908447266,91.1500015258789,88.41000366210938,90.19999694824219,2475900,0.0,0.0
2020-01-08 00:00:00-05:00,90.54000091552734,91.97000122070312,89.98999786376953,91.4000015258789,1899000,0.0,0.0
2020-01-09 00:00:00-05:00,92.0,93.22000122070312,91.83000183105469,93.19000244140625,1639600,0.0,0.0
2020-01-10 00:00:00-05:00,93.58999633789062,93.95999908447266,92.7300033569336,93.52999877929688,1183800,0.0,0.0
2020-01-13 00:00:00-05:00,94.0,95.36000061035156,93.83000183105469,94.68000030517578,1066600,0.0,0.0
2020-01-14 00:00:00-05:00,94.58000183105469,94.58999633789062,93.25,93.93000030517578,1090300,0.0,0.0
2020-01-15 00:00:00-05:00,94.13999938964844,95.80999755859375,94.0,95.12000274658203,1107000,0.0,0.0
2020-01-16 00:00:00-05:00,95.61000061035156,95.8499984741211,94.88999938964844,95.81999969482422,1274700,0.0,0.0
2020-01-17 00:00:00-05:00,96.0,96.0,94.69999694824219,95.30999755859375,944100,0.0,0.0
2020-01-21 00:00:00-05:00,94.91999816894531,95.4800033569336,94.55000305175781,94.94999694824219,1353100,0.0,0.0
2020-01-22 00:00:00-05:00,95.51000213623047,96.1500015258789,95.29000091552734,95.5999984741211,902300,0.0,0.0
2020-01-23 00:00:00-05:00,95.5,96.88999938964844,94.9800033569336,96.44000244140625,817900,0.0,0.0
2020-01-24 00:00:00-05:00,97.19999694824219,97.75,95.16999816894531,95.5199966430664,1004900,0.0,0.0
2020-01-27 00:00:00-05:00,94.05999755859375,94.72000122070312,93.80999755859375,94.2300033569336,845800,0.0,0.0
2020-01-28 00:00:00-05:00,94.7300033569336,95.43000030517578,94.48999786376953,94.83000183105469,851400,0.0,0.0
2020-01-29 00:00:00-05:00,95.19999694824219,95.87999725341797,94.75,94.83999633789062,922700,0.0,0.0
2020-01-30 00:00:00-05:00,94.48999786376953,95.2699966430664,93.4000015258789,94.61000061035156,852100,0.0,0.0
2020-01-31 00:00:00-05:00,94.48999786376953,94.48999786376953,92.97000122070312,93.3499984741211,1020200,0.0,0.0
2020-02-03 00:00:00-05:00,94.01000213623047,94.27999877929688,93.33000183105469,93.68000030517578,820300,0.0,0.0
2020-02-04 00:00:00-05:00,94.80000305175781,95.29000091552734,94.20999908447266,95.22000122070312,1055600,0.0,0.0
2020-02-05 00:00:00-05:00,95.73999786376953,96.04000091552734,94.91000366210938,95.94999694824219,915900,0.0,0.0
2020-02-06 00:00:00-05:00,96.31999969482422,97.19999694824219,96.0,96.94999694824219,776300,0.0,0.0
2020-02-07 00:00:00-05:00,96.43000030517578,97.4000015258789,95.7699966430664,96.12000274658203,1242700,0.0,0.0
2020-02-10 00:00:00-05:00,95.66000366210938,96.16999816894531,95.18000030517578,95.76000213623047,1387100,0.0,0.0
2020-02-11 00:00:00-05:00,96.20999908447266,96.87000274658203,95.76000213623047,96.37000274658203,1834300,0.0,0.0
2020-02-12 00:00:00-05:00,99.94999694824219,103.29000091552734,97.0,97.44999694824219,4497900,0.0,0.0
2020-02-13 00:00:00-05:00,96.69999694824219,100.48999786376953,96.52999877929688,99.5999984741211,1914100,0.0,0.0
2020-02-14 00:00:00-05:00,99.7699966430664,100.37999725341797,98.9000015258789,99.66999816894531,1053200,0.0,0.0
2020-02-18 00:00:00-05:00,99.29000091552734,101.23999786376953,98.7699966430664,100.95999908447266,1527500,0.0,0.0
2020-02-19 00:00:00-05:00,101.19999694824219,102.98999786376953,101.19000244140625,102.55999755859375,1274700,0.0,0.0
2020-02-20 00:00:00-05:00,101.9000015258789,103.33999633789062,100.81999969482422,101.47000122070312,1474100,0.0,0.0
2020-02-21 00:00:00-05:00,101.4000015258789,102.0,99.33999633789062,100.5199966430664,1132100,0.0,0.0
2020-02-24 00:00:00-05:00,97.0999984741211,98.54000091552734,95.88999938964844,97.11000061035156,1514100,0.0,0.0
2020-02-25 00:00:00-05:00,97.62000274658203,98.31999969482422,93.52999877929688,93.7300033569336,1293900,0.0,0.0
2020-02-26 00:00:00-05:00,94.56999969482422,95.58000183105469,92.4800033569336,92.54000091552734,1635200,0.0,0.0
2020-02-27 00:00:00-05:00,90.69999694824219,92.41999816894531,89.0,89.30999755859375,1706300,0.0,0.0
2020-02-28 00:00:00-05:00,86.61000061035156,87.80000305175781,84.27999877929688,86.51000213623047,3279700,0.0,0.0
2020-03-02 00:00:00-05:00,87.30999755859375,90.91999816894531,86.5999984741211,90.91000366210938,1726600,0.0,0.0
2020-03-03 00:00:00-05:00,90.52999877929688,93.08999633789062,89.1500015258789,90.27999877929688,2616300,0.0,0.0
2020-03-04 00:00:00-05:00,91.95999908447266,95.0,91.2699966430664,94.9000015258789,1507100,0.0,0.0
2020-03-05 00:00:00-05:00,92.12999725341797,93.86000061035156,91.7699966430664,92.9800033569336,1903700,0.0,0.0
2020-03-06 00:00:00-05:00,89.77999877929688,91.19000244140625,88.02999877929688,90.62000274658203,2097200,0.0,0.0
2020-03-09 00:00:00-04:00,83.80000305175781,86.69000244140625,82.45999908447266,82.62000274658203,1898000,0.0,0.0
2020-03-10 00:00:00-04:00,84.79000091552734,86.81999969482422,82.44000244140625,86.1500015258789,2058700,0.0,0.0
2020-03-11 00:00:00-04:00,84.22000122070312,87.83999633789062,84.11000061035156,87.0199966430664,2531000,0.0,0.0
2020-03-12 00:00:00-04:00,81.62000274658203,88.80000305175781,79.80999755859375,80.05000305175781,3202300,0.0,0.0
2020-03-13 00:00:00-04:00,84.37999725341797,86.93000030517578,81.16000366210938,85.7300033569336,2820400,0.0,0.0
2020-03-16 00:00:00-04:00,76.75,87.37000274658203,75.18000030517578,83.2300033569336,2789800,0.0,0.0
2020-03-17 00:00:00-04:00,85.30999755859375,90.9000015258789,82.33000183105469,88.43000030517578,3271900,0.0,0.0
2020-03-18 00:00:00-04:00,82.47000122070312,97.6500015258789,82.47000122070312,97.0999984741211,4423200,0.0,0.0
2020-03-19 00:00:00-04:00,93.69999694824219,98.26000213623047,88.44000244140625,88.8499984741211,2966800,0.0,0.0
2020-03-20 00:00:00-04:00,90.0199966430664,90.02999877929688,81.94999694824219,82.37000274658203,3468700,0.0,0.0
2020-03-23 00:00:00-04:00,84.16000366210938,88.20999908447266,81.80000305175781,85.54000091552734,3185100,0.0,0.0
2020-03-24 00:00:00-04:00,87.29000091552734,90.25,85.33000183105469,89.9800033569336,2369800,0.0,0.0
2020-03-25 00:00:00-04:00,90.12000274658203,93.77999877929688,88.4800033569336,89.3499984741211,2704000,0.0,0.0
2020-03-26 00:00:00-04:00,90.0199966430664,94.86000061035156,86.73999786376953,94.37999725341797,2919700,0.0,0.0
2020-03-27 00:00:00-04:00,93.02999877929688,93.0999984741211,88.93000030517578,90.61000061035156,2736600,0.0,0.0
2020-03-30 00:00:00-04:00,92.08999633789062,94.5,90.31999969482422,94.19000244140625,2335500,0.0,0.0
2020-03-31 00:00:00-04:00,92.88999938964844,95.0999984741211,91.29000091552734,91.48999786376953,1740900,0.0,0.0
2020-04-01 00:00:00-04:00,89.23999786376953,92.88999938964844,88.75,91.5999984741211,2357800,0.0,0.0
2020-04-02 00:00:00-04:00,91.44000244140625,95.95999908447266,90.75,93.12000274658203,2028100,0.0,0.0
2020-04-03 00:00:00-04:00,94.20999908447266,96.69000244140625,93.4800033569336,95.36000061035156,2035500,0.0,0.0
2020-04-06 00:00:00-04:00,98.12999725341797,98.4000015258789,95.4000015258789,97.79000091552734,2191600,0.0,0.0
2020-04-07 00:00:00-04:00,98.26000213623047,99.43000030517578,94.6500015258789,95.2300033569336,2308700,0.0,0.0
2020-04-08 00:00:00-04:00,96.2699966430664,97.7699966430664,95.4000015258789,97.37000274658203,1477500,0.0,0.0
2020-04-09 00:00:00-04:00,97.04000091552734,97.79000091552734,94.94000244140625,95.38999938964844,2036600,0.0,0.0
2020-04-13 00:00:00-04:00,95.0,95.37000274658203,93.12000274658203,95.19000244140625,2018100,0.0,0.0
2020-04-14 00:00:00-04:00,98.12999725341797,101.25,97.01000213623047,100.5,2101600,0.0,0.0
2020-04-15 00:00:00-04:00,100.5,100.87999725341797,98.86000061035156,100.38999938964844,1989600,0.0,0.0
2020-04-16 00:00:00-04:00,100.62999725341797,107.22000122070312,100.30999755859375,105.83999633789062,3617100,0.0,0.0
2020-04-17 00:00:00-04:00,106.88999938964844,107.04000091552734,102.80000305175781,105.3499984741211,3013500,0.0,0.0
2020-04-20 00:00:00-04:00,106.87999725341797,108.25,105.12999725341797,106.23999786376953,2305000,0.0,0.0
2020-04-21 00:00:00-04:00,106.2300033569336,107.38999938964844,101.73999786376953,103.36000061035156,1462600,0.0,0.0
2020-04-22 00:00:00-04:00,104.86000061035156,105.93000030517578,102.58000183105469,104.29000091552734,1663500,0.0,0.0
2020-04-23 00:00:00-04:00,104.80999755859375,104.80999755859375,101.55999755859375,102.26000213623047,2273000,0.0,0.0
2020-04-24 00:00:00-04:00,101.0999984741211,102.83000183105469,99.73999786376953,102.77999877929688,2293600,0.0,0.0
2020-04-27 00:00:00-04:00,104.38999938964844,104.38999938964844,101.33999633789062,103.06999969482422,2227900,0.0,0.0
2020-04-28 00:00:00-04:00,104.77999877929688,104.77999877929688,101.70999908447266,101.93000030517578,2975400,0.0,0.0
2020-04-29 00:00:00-04:00,98.05999755859375,98.51000213623047,92.79000091552734,97.87000274658203,10771700,0.0,0.0
2020-04-30 00:00:00-04:00,96.83999633789062,97.94999694824219,94.61000061035156,97.70999908447266,3496700,0.0,0.0
2020-05-01 00:00:00-04:00,96.36000061035156,97.87000274658203,94.91999816894531,95.86000061035156,1913800,0.0,0.0
2020-05-04 00:00:00-04:00,96.05000305175781,97.63999938964844,95.52999877929688,97.5999984741211,1929700,0.0,0.0
2020-05-05 00:00:00-04:00,98.91999816894531,100.47000122070312,97.83000183105469,99.19000244140625,1941900,0.0,0.0
2020-05-06 00:00:00-04:00,100.36000061035156,100.83999633789062,98.87999725341797,99.16999816894531,1566600,0.0,0.0
2020-05-07 00:00:00-04:00,101.27999877929688,102.47000122070312,99.87999725341797,100.5999984741211,1905100,0.0,0.0
2020-05-08 00:00:00-04:00,101.5199966430664,101.80999755859375,100.3499984741211,101.1500015258789,1213300,0.0,0.0
2020-05-11 00:00:00-04:00,101.30999755859375,103.1500015258789,100.76000213623047,101.88999938964844,1360300,0.0,0.0
2020-05-12 00:00:00-04:00,102.54000091552734,102.69000244140625,95.75,95.76000213623047,2804000,0.0,0.0
2020-05-13 00:00:00-04:00,97.0,97.58999633789062,94.4000015258789,95.37000274658203,2321200,0.0,0.0
2020-05-14 00:00:00-04:00,95.19999694824219,97.26000213623047,94.20999908447266,97.2300033569336,1765000,0.0,0.0
2020-05-15 00:00:00-04:00,96.08999633789062,99.0199966430664,95.70999908447266,98.08999633789062,3004200,0.0,0.0
2020-05-18 00:00:00-04:00,98.80000305175781,99.62000274658203,97.0,98.0999984741211,1782900,0.0,0.0
2020-05-19 00:00:00-04:00,98.2699966430664,99.3499984741211,97.26000213623047,97.30000305175781,1247900,0.0,0.0
2020-05-20 00:00:00-04:00,98.79000091552734,100.87999725341797,98.45999908447266,100.58000183105469,1665700,0.0,0.0
2020-05-21 00:00:00-04:00,100.45999908447266,101.94000244140625,99.80000305175781,101.0,1604600,0.0,0.0
2020-05-22 00:00:00-04:00,100.6500015258789,101.26000213623047,99.88999938964844,100.41999816894531,1177900,0.0,0.0
2020-05-26 00:00:00-04:00,102.0,102.16999816894531,99.83000183105469,100.08000183105469,1523100,0.0,0.0
2020-05-27 00:00:00-04:00,99.3499984741211,99.98999786376953,97.25,99.97000122070312,1569400,0.0,0.0
2020-05-28 00:00:00-04:00,99.91000366210938,104.48999786376953,99.91000366210938,102.91000366210938,1742000,0.0,0.0
2020-05-29 00:00:00-04:00,103.76000213623047,106.2699966430664,102.2300033569336,105.80000305175781,6082300,0.0,0.0
2020-06-01 00:00:00-04:00,105.05000305175781,106.45999908447266,103.02999877929688,105.70999908447266,1695600,0.0,0.0
2020-06-02 00:00:00-04:00,106.1500015258789,106.44999694824219,102.58999633789062,105.52999877929688,2047500,0.0,0.0
2020-06-03 00:00:00-04:00,105.5,105.5,102.41999816894531,103.01000213623047,1961300,0.0,0.0
2020-06-04 00:00:00-04:00,102.20999908447266,103.68000030517578,101.51000213623047,101.83999633789062,1932800,0.0,0.0
2020-06-05 00:00:00-04:00,101.31999969482422,101.83000183105469,98.13999938964844,99.0,2962800,0.0,0.0
2020-06-08 00:00:00-04:00,99.4800033569336,103.58999633789062,99.16999816894531,103.37999725341797,1686300,0.0,0.0
2020-06-09 00:00:00-04:00,103.26000213623047,103.26000213623047,101.0999984741211,102.7300033569336,1201800,0.0,0.0
2020-06-10 00:00:00-04:00,103.5,104.55999755859375,102.5999984741211,103.8499984741211,1414200,0.0,0.0
2020-06-11 00:00:00-04:00,102.88999938964844,104.41999816894531,100.36000061035156,100.4800033569336,1574100,0.0,0.0
2020-06-12 00:00:00-04:00,102.04000091552734,103.19000244140625,99.63999938964844,100.33999633789062,1501600,0.0,0.0
2020-06-15 00:00:00-04:00,99.68000030517578,101.4000015258789,99.58999633789062,100.54000091552734,1593300,0.0,0.0
2020-06-16 00:00:00-04:00,102.9000015258789,102.9000015258789,99.05000305175781,100.04000091552734,2411300,0.0,0.0
2020-06-17 00:00:00-04:00,100.69000244140625,102.5999984741211,100.30000305175781,101.41000366210938,1886400,0.0,0.0
2020-06-18 00:00:00-04:00,101.62000274658203,101.8499984741211,99.55000305175781,100.69000244140625,1368300,0.0,0.0
2020-06-19 00:00:00-04:00,101.9000015258789,102.66999816894531,100.05000305175781,100.47000122070312,2841500,0.0,0.0
2020-06-22 00:00:00-04:00,100.94999694824219,102.69999694824219,100.25,101.58999633789062,1301800,0.0,0.0
2020-06-23 00:00:00-04:00,102.05000305175781,103.19999694824219,100.62000274658203,100.87999725341797,1643900,0.0,0.0
2020-06-24 00:00:00-04:00,100.91999816894531,102.11000061035156,99.81999969482422,100.97000122070312,2147800,0.0,0.0
2020-06-25 00:00:00-04:00,101.0,102.95999908447266,98.62000274658203,102.88999938964844,2133700,0.0,0.0
2020-06-26 00:00:00-04:00,102.77999877929688,105.91999816894531,102.4000015258789,105.37000274658203,4123600,0.0,0.0
2020-06-29 00:00:00-04:00,105.62000274658203,105.70999908447266,103.55000305175781,104.98999786376953,1862500,0.0,0.0
2020-06-30 00:00:00-04:00,105.37999725341797,107.52999877929688,105.11000061035156,107.08999633789062,1709600,0.0,0.0
2020-07-01 00:00:00-04:00,106.55000305175781,107.0,104.88999938964844,106.33000183105469,1746400,0.0,0.0
2020-07-02 00:00:00-04:00,109.9800033569336,114.37000274658203,109.13999938964844,113.12000274658203,4433900,0.0,0.0
2020-07-06 00:00:00-04:00,116.0,116.38999938964844,111.87999725341797,112.61000061035156,2911500,0.0,0.0
2020-07-07 00:00:00-04:00,112.5,113.3499984741211,110.91000366210938,110.9800033569336,1451300,0.0,0.0
2020-07-08 00:00:00-04:00,112.19000244140625,112.75,111.25,112.66999816894531,1556900,0.0,0.0
2020-07-09 00:00:00-04:00,113.29000091552734,114.80000305175781,112.58999633789062,114.22000122070312,1630200,0.0,0.0
2020-07-10 00:00:00-04:00,115.30000305175781,115.30000305175781,113.37000274658203,114.26000213623047,1262500,0.0,0.0
2020-07-13 00:00:00-04:00,115.12000274658203,115.23999786376953,109.80999755859375,109.94000244140625,1599900,0.0,0.0
2020-07-14 00:00:00-04:00,109.97000122070312,112.36000061035156,108.69999694824219,112.2699966430664,2089800,0.0,0.0
2020-07-15 00:00:00-04:00,111.77999877929688,113.6500015258789,111.11000061035156,112.77999877929688,2232700,0.0,0.0
2020-07-16 00:00:00-04:00,110.31999969482422,112.19999694824219,110.31999969482422,111.66000366210938,1369000,0.0,0.0
2020-07-17 00:00:00-04:00,111.33000183105469,112.73999786376953,110.80999755859375,112.6500015258789,953600,0.0,0.0
2020-07-20 00:00:00-04:00,112.94000244140625,115.86000061035156,112.80999755859375,115.23999786376953,1365000,0.0,0.0
2020-07-21 00:00:00-04:00,115.69000244140625,115.72000122070312,113.19000244140625,113.44999694824219,1123000,0.0,0.0
2020-07-22 00:00:00-04:00,113.94000244140625,114.75,112.95999908447266,113.80999755859375,1140800,0.0,0.0
2020-07-23 00:00:00-04:00,114.5199966430664,115.55999755859375,112.08000183105469,112.69000244140625,1268700,0.0,0.0
2020-07-24 00:00:00-04:00,111.4000015258789,112.83999633789062,110.29000091552734,111.73999786376953,997900,0.0,0.0
2020-07-27 00:00:00-04:00,112.9000015258789,115.08000183105469,112.01000213623047,114.6500015258789,1143400,0.0,0.0
2020-07-28 00:00:00-04:00,114.68000030517578,114.94999694824219,111.72000122070312,111.98999786376953,2160300,0.0,0.0
2020-07-29 00:00:00-04:00,109.0,111.16000366210938,106.61000061035156,110.68000030517578,3854100,0.0,0.0
2020-07-30 00:00:00-04:00,109.11000061035156,111.36000061035156,108.01000213623047,110.5,1439300,0.0,0.0
2020-07-31 00:00:00-04:00,111.16999816894531,112.44000244140625,110.12999725341797,112.44000244140625,1182900,0.0,0.0
2020-08-03 00:00:00-04:00,112.8499984741211,113.52999877929688,111.75,112.9800033569336,1212000,0.0,0.0
2020-08-04 00:00:00-04:00,113.30000305175781,113.3499984741211,110.9800033569336,111.7300033569336,1325500,0.0,0.0
2020-08-05 00:00:00-04:00,111.94000244140625,111.94000244140625,109.98999786376953,110.7300033569336,1398300,0.0,0.0
2020-08-06 00:00:00-04:00,110.5999984741211,110.70999908447266,108.63999938964844,109.18000030517578,1235800,0.0,0.0
2020-08-07 00:00:00-04:00,109.30999755859375,109.69000244140625,107.95999908447266,109.22000122070312,1697700,0.0,0.0
2020-08-10 00:00:00-04:00,109.0999984741211,109.44000244140625,107.52999877929688,107.87000274658203,1399900,0.0,0.0
2020-08-11 00:00:00-04:00,108.0,108.62999725341797,105.87000274658203,106.22000122070312,1711500,0.0,0.0
2020-08-12 00:00:00-04:00,107.23999786376953,107.79000091552734,106.51000213623047,107.0,1040900,0.0,0.0
2020-08-13 00:00:00-04:00,106.87999725341797,109.93000030517578,106.87999725341797,109.2300033569336,1243500,0.0,0.0
2020-08-14 00:00:00-04:00,109.47000122070312,109.56999969482422,107.30999755859375,107.9000015258789,948900,0.0,0.0
2020-08-17 00:00:00-04:00,107.97000122070312,109.16000366210938,107.76000213623047,107.87000274658203,975100,0.0,0.0
2020-08-18 00:00:00-04:00,108.33999633789062,109.18000030517578,107.63999938964844,108.7300033569336,950400,0.0,0.0
2020-08-19 00:00:00-04:00,108.97000122070312,110.48999786376953,108.75,109.20999908447266,1135000,0.0,0.0
2020-08-20 00:00:00-04:00,108.7300033569336,110.77999877929688,108.62000274658203,110.3499984741211,1190300,0.0,0.0
2020-08-21 00:00:00-04:00,110.8499984741211,111.77999877929688,110.04000091552734,110.6500015258789,1692100,0.0,0.0
2020-08-24 00:00:00-04:00,110.91000366210938,112.69999694824219,109.55000305175781,110.87000274658203,1699100,0.0,0.0
2020-08-25 00:00:00-04:00,111.02999877929688,111.66000366210938,110.4800033569336,111.0,1376800,0.0,0.0
2020-08-26 00:00:00-04:00,110.75,113.30999755859375,110.75,112.37999725341797,2178400,0.0,0.0
2020-08-27 00:00:00-04:00,112.83000183105469,114.70999908447266,112.37999725341797,114.05999755859375,1641900,0.0,0.0
2020-08-28 00:00:00-04:00,114.98999786376953,117.83999633789062,114.44999694824219,115.62999725341797,2028300,0.0,0.0
2020-08-31 00:00:00-04:00,115.61000061035156,116.8499984741211,115.12999725341797,116.43000030517578,1392900,0.0,0.0
2020-09-01 00:00:00-04:00,117.30000305175781,119.08999633789062,116.62000274658203,119.02999877929688,1936000,0.0,0.0
2020-09-02 00:00:00-04:00,119.58000183105469,120.0,117.04000091552734,119.56999969482422,2526700,0.0,0.0
2020-09-03 00:00:00-04:00,117.76000213623047,118.06999969482422,112.0999984741211,113.4000015258789,2400500,0.0,0.0
2020-09-04 00:00:00-04:00,112.55999755859375,113.55000305175781,107.5199966430664,108.43000030517578,2624700,0.0,0.0
2020-09-08 00:00:00-04:00,106.0999984741211,106.9000015258789,104.08000183105469,104.11000061035156,2184900,0.0,0.0
2020-09-09 00:00:00-04:00,106.20999908447266,109.38999938964844,105.44999694824219,108.94000244140625,1620700,0.0,0.0
2020-09-10 00:00:00-04:00,109.16000366210938,109.86000061035156,105.68000030517578,106.33999633789062,1694000,0.0,0.0
2020-09-11 00:00:00-04:00,106.83000183105469,107.80000305175781,105.58999633789062,106.48999786376953,1581800,0.0,0.0
2020-09-14 00:00:00-04:00,107.93000030517578,109.11000061035156,107.48999786376953,108.19000244140625,955300,0.0,0.0
2020-09-15 00:00:00-04:00,108.86000061035156,110.16999816894531,108.30999755859375,108.86000061035156,932000,0.0,0.0
2020-09-16 00:00:00-04:00,109.54000091552734,109.6500015258789,106.87000274658203,107.06999969482422,1119800,0.0,0.0
2020-09-17 00:00:00-04:00,104.94000244140625,106.94999694824219,104.0999984741211,106.87999725341797,1222900,0.0,0.0
2020-09-18 00:00:00-04:00,107.87999725341797,109.33999633789062,106.26000213623047,109.05999755859375,2284400,0.0,0.0
2020-09-21 00:00:00-04:00,107.87999725341797,110.23999786376953,107.4000015258789,110.16000366210938,1549700,0.0,0.0
2020-09-22 00:00:00-04:00,110.58000183105469,112.9800033569336,108.94999694824219,112.75,1176200,0.0,0.0
2020-09-23 00:00:00-04:00,112.45999908447266,112.66999816894531,109.97000122070312,110.08000183105469,1235400,0.0,0.0
2020-09-24 00:00:00-04:00,108.94000244140625,111.5999984741211,108.5,110.47000122070312,949100,0.0,0.0
2020-09-25 00:00:00-04:00,110.80000305175781,111.7300033569336,110.30999755859375,111.47000122070312,1145200,0.0,0.0
2020-09-28 00:00:00-04:00,112.01000213623047,112.12000274658203,109.18000030517578,110.97000122070312,1629900,0.0,0.0
2020-09-29 00:00:00-04:00,110.63999938964844,111.9800033569336,110.5,111.20999908447266,804000,0.0,0.0
2020-09-30 00:00:00-04:00,111.45999908447266,112.20999908447266,110.1500015258789,110.54000091552734,1099300,0.0,0.0
2020-10-01 00:00:00-04:00,110.94999694824219,111.44000244140625,108.91000366210938,109.93000030517578,1440500,0.0,0.0
2020-10-02 00:00:00-04:00,108.62000274658203,110.0,108.12000274658203,108.61000061035156,910100,0.0,0.0
2020-10-05 00:00:00-04:00,109.12000274658203,109.23999786376953,107.5,109.0999984741211,1230900,0.0,0.0
2020-10-06 00:00:00-04:00,108.7699966430664,110.29000091552734,108.02999877929688,108.16000366210938,903700,0.0,0.0
2020-10-07 00:00:00-04:00,108.19999694824219,109.87999725341797,108.19999694824219,109.68000030517578,1019900,0.0,0.0
2020-10-08 00:00:00-04:00,110.1500015258789,111.66000366210938,110.1500015258789,111.08000183105469,749000,0.0,0.0
2020-10-09 00:00:00-04:00,111.41999816894531,112.87000274658203,111.30999755859375,112.52999877929688,671700,0.0,0.0
2020-10-12 00:00:00-04:00,113.9800033569336,114.88999938964844,113.43000030517578,114.08999633789062,1033600,0.0,0.0
2020-10-13 00:00:00-04:00,113.83999633789062,115.79000091552734,113.55999755859375,115.45999908447266,1271400,0.0,0.0
2020-10-14 00:00:00-04:00,115.72000122070312,115.83999633789062,112.38999938964844,113.33000183105469,1365800,0.0,0.0
2020-10-15 00:00:00-04:00,110.0,111.02999877929688,108.22000122070312,109.05000305175781,2610300,0.0,0.0
2020-10-16 00:00:00-04:00,109.62000274658203,111.94000244140625,109.19000244140625,110.70999908447266,1527200,0.0,0.0
2020-10-19 00:00:00-04:00,111.48999786376953,112.66000366210938,109.06999969482422,109.41000366210938,1417400,0.0,0.0
2020-10-20 00:00:00-04:00,110.08999633789062,110.41999816894531,109.0,109.30000305175781,1004000,0.0,0.0
2020-10-21 00:00:00-04:00,109.76000213623047,110.05000305175781,107.80000305175781,109.0199966430664,1134200,0.0,0.0
2020-10-22 00:00:00-04:00,109.01000213623047,109.19999694824219,106.11000061035156,108.0,1488900,0.0,0.0
2020-10-23 00:00:00-04:00,107.54000091552734,107.87999725341797,103.76000213623047,106.75,2665800,0.0,0.0
2020-10-26 00:00:00-04:00,105.69000244140625,107.9800033569336,104.54000091552734,106.05999755859375,1497500,0.0,0.0
2020-10-27 00:00:00-04:00,106.80999755859375,109.2300033569336,105.69999694824219,106.70999908447266,2525800,0.0,0.0
2020-10-28 00:00:00-04:00,101.18000030517578,102.26000213623047,96.23999786376953,97.4000015258789,6219000,0.0,0.0
2020-10-29 00:00:00-04:00,97.30999755859375,98.47000122070312,95.5199966430664,95.81999969482422,2961100,0.0,0.0
2020-10-30 00:00:00-04:00,95.2300033569336,96.6500015258789,94.12000274658203,95.12000274658203,2691600,0.0,0.0
2020-11-02 00:00:00-05:00,96.0,96.58000183105469,94.13999938964844,95.80999755859375,1487100,0.0,0.0
2020-11-03 00:00:00-05:00,97.08000183105469,97.94000244140625,95.18000030517578,95.66999816894531,1455800,0.0,0.0
2020-11-04 00:00:00-05:00,97.58999633789062,99.98999786376953,96.91999816894531,99.33999633789062,2134400,0.0,0.0
2020-11-05 00:00:00-05:00,101.9800033569336,103.37999725341797,101.16000366210938,102.70999908447266,1947800,0.0,0.0
2020-11-06 00:00:00-05:00,103.44999694824219,103.55000305175781,101.16999816894531,101.62999725341797,1070500,0.0,0.0
2020-11-09 00:00:00-05:00,101.4800033569336,102.77999877929688,99.19999694824219,99.2699966430664,2168600,0.0,0.0
2020-11-10 00:00:00-05:00,98.41000366210938,98.55999755859375,95.04000091552734,96.68000030517578,2129400,0.0,0.0
2020-11-11 00:00:00-05:00,98.31999969482422,99.12000274658203,96.80000305175781,97.19999694824219,1878000,0.0,0.0
2020-11-12 00:00:00-05:00,97.08999633789062,98.98999786376953,96.61000061035156,98.2300033569336,1722300,0.0,0.0
2020-11-13 00:00:00-05:00,98.73999786376953,101.77999877929688,98.7300033569336,101.52999877929688,2117900,0.0,0.0
2020-11-16 00:00:00-05:00,100.27999877929688,102.0199966430664,100.20999908447266,101.68000030517578,1003000,0.0,0.0
2020-11-17 00:00:00-05:00,102.02999877929688,103.19000244140625,100.79000091552734,102.44999694824219,1470500,0.0,0.0
2020-11-18 00:00:00-05:00,102.83000183105469,102.98999786376953,100.55000305175781,100.58999633789062,1189100,0.0,0.0
2020-11-19 00:00:00-05:00,100.91999816894531,102.05000305175781,99.68000030517578,101.5,976800,0.0,0.0
2020-11-20 00:00:00-05:00,102.0,104.16000366210938,102.0,102.31999969482422,1494300,0.0,0.0
2020-11-23 00:00:00-05:00,101.87999725341797,103.05000305175781,101.12999725341797,102.80999755859375,940600,0.0,0.0
2020-11-24 00:00:00-05:00,103.37000274658203,103.37000274658203,101.33999633789062,102.5199966430664,1460500,0.0,0.0
2020-11-25 00:00:00-05:00,102.48999786376953,104.13999938964844,102.37000274658203,103.73999786376953,873400,0.0,0.0
2020-11-27 00:00:00-05:00,103.91999816894531,105.30999755859375,103.41999816894531,104.31999969482422,725200,0.0,0.0
2020-11-30 00:00:00-05:00,104.45999908447266,104.45999908447266,103.05999755859375,103.51000213623047,2355300,0.0,0.0
2020-12-01 00:00:00-05:00,103.16999816894531,104.36000061035156,101.95999908447266,104.20999908447266,1768900,0.0,0.0
2020-12-02 00:00:00-05:00,103.4000015258789,104.44999694824219,102.45999908447266,103.45999908447266,1083900,0.0,0.0
2020-12-03 00:00:00-05:00,103.05000305175781,104.5,102.5,104.08999633789062,727500,0.0,0.0
2020-12-04 00:00:00-05:00,103.33000183105469,105.20999908447266,103.33000183105469,104.19000244140625,1370200,0.0,0.0
2020-12-07 00:00:00-05:00,103.81999969482422,104.75,102.51000213623047,102.77999877929688,1114900,0.0,0.0
2020-12-08 00:00:00-05:00,102.83000183105469,104.66999816894531,102.68000030517578,104.0999984741211,1077000,0.0,0.0
2020-12-09 00:00:00-05:00,104.0199966430664,105.0999984741211,103.12999725341797,104.43000030517578,1509100,0.0,0.0
2020-12-10 00:00:00-05:00,103.62000274658203,104.12000274658203,102.55999755859375,103.41000366210938,2501500,0.0,0.0
2020-12-11 00:00:00-05:00,103.0,104.27999877929688,102.5,103.52999877929688,1110300,0.0,0.0
2020-12-14 00:00:00-05:00,104.43000030517578,105.30999755859375,103.22000122070312,103.2699966430664,1414000,0.0,0.0
2020-12-15 00:00:00-05:00,103.38999938964844,104.18000030517578,102.7699966430664,103.87000274658203,953100,0.0,0.0
2020-12-16 00:00:00-05:00,104.23999786376953,106.12999725341797,104.0,104.5199966430664,1392500,0.0,0.0
2020-12-17 00:00:00-05:00,104.9800033569336,106.08000183105469,104.45999908447266,105.61000061035156,1601000,0.0,0.0
2020-12-18 00:00:00-05:00,106.05999755859375,107.3499984741211,105.01000213623047,107.08000183105469,2678100,0.0,0.0
2020-12-21 00:00:00-05:00,107.20999908447266,107.58000183105469,104.58000183105469,105.9800033569336,1288200,0.0,0.0
2020-12-22 00:00:00-05:00,106.7699966430664,106.7699966430664,105.33999633789062,106.63999938964844,1298600,0.0,0.0
2020-12-23 00:00:00-05:00,106.94999694824219,108.20999908447266,106.80000305175781,107.05999755859375,1051300,0.0,0.0
2020-12-24 00:00:00-05:00,108.5999984741211,108.5999984741211,106.43000030517578,107.45999908447266,410300,0.0,0.0
2020-12-28 00:00:00-05:00,107.58999633789062,108.22000122070312,106.75,107.27999877929688,2851700,0.0,0.0
2020-12-29 00:00:00-05:00,107.0999984741211,108.94000244140625,106.5,106.70999908447266,744100,0.0,0.0
2020-12-30 00:00:00-05:00,106.70999908447266,106.94999694824219,104.5,104.6500015258789,2098400,0.0,0.0
2020-12-31 00:00:00-05:00,104.80999755859375,105.06999969482422,103.94000244140625,104.98999786376953,815200,0.0,0.0
2021-01-04 00:00:00-05:00,105.16999816894531,106.43000030517578,103.7699966430664,105.23999786376953,1823300,0.0,0.0
2021-01-05 00:00:00-05:00,104.33000183105469,105.5199966430664,104.26000213623047,105.41999816894531,988300,0.0,0.0
2021-01-06 00:00:00-05:00,104.30999755859375,105.05000305175781,101.5,101.52999877929688,2295700,0.0,0.0
2021-01-07 00:00:00-05:00,102.0,103.18000030517578,101.44000244140625,102.80999755859375,1662700,0.0,0.0
2021-01-08 00:00:00-05:00,103.27999877929688,103.94999694824219,102.0999984741211,103.45999908447266,1974800,0.0,0.0
2021-01-11 00:00:00-05:00,103.25,103.4000015258789,102.05999755859375,102.37000274658203,1276200,0.0,0.0
2021-01-12 00:00:00-05:00,102.37999725341797,103.02999877929688,100.69999694824219,101.68000030517578,1797900,0.0,0.0
2021-01-13 00:00:00-05:00,102.4800033569336,102.72000122070312,101.44999694824219,101.68000030517578,1580000,0.0,0.0
2021-01-14 00:00:00-05:00,101.5199966430664,103.16000366210938,101.1500015258789,102.8499984741211,2470900,0.0,0.0
2021-01-15 00:00:00-05:00,103.33999633789062,107.04000091552734,103.22000122070312,106.44999694824219,3108900,0.0,0.0
2021-01-19 00:00:00-05:00,107.37999725341797,110.06999969482422,107.29000091552734,110.01000213623047,2320200,0.0,0.0
2021-01-20 00:00:00-05:00,111.95999908447266,111.95999908447266,108.9000015258789,109.36000061035156,1191100,0.0,0.0
2021-01-21 00:00:00-05:00,109.31999969482422,111.25,108.16999816894531,109.94999694824219,1569800,0.0,0.0
2021-01-22 00:00:00-05:00,109.9000015258789,110.1500015258789,108.86000061035156,109.05999755859375,1416500,0.0,0.0
2021-01-25 00:00:00-05:00,109.1500015258789,111.76000213623047,109.12000274658203,111.33000183105469,2345400,0.0,0.0
2021-01-26 00:00:00-05:00,112.02999877929688,117.22000122070312,111.5,117.0,2496700,0.0,0.0
2021-01-27 00:00:00-05:00,117.2699966430664,124.91000366210938,116.05000305175781,120.44000244140625,5221000,0.0,0.0
2021-01-28 00:00:00-05:00,120.75,121.11000061035156,112.30999755859375,112.77999877929688,3648400,0.0,0.0
2021-01-29 00:00:00-05:00,111.62999725341797,116.19999694824219,110.91000366210938,111.02999877929688,2430200,0.0,0.0
2021-02-01 00:00:00-05:00,112.80000305175781,112.80999755859375,109.22000122070312,111.6500015258789,1402600,0.0,0.0
2021-02-02 00:00:00-05:00,112.0,112.88999938964844,110.77999877929688,112.20999908447266,1714200,0.0,0.0
2021-02-03 00:00:00-05:00,113.0,113.19000244140625,111.3499984741211,111.5999984741211,1133200,0.0,0.0
2021-02-04 00:00:00-05:00,112.51000213623047,113.05999755859375,111.05999755859375,112.11000061035156,945800,0.0,0.0
2021-02-05 00:00:00-05:00,112.7699966430664,114.87999725341797,111.80000305175781,114.66999816894531,1288500,0.0,0.0
2021-02-08 00:00:00-05:00,115.47000122070312,117.83999633789062,114.83000183105469,117.27999877929688,1443000,0.0,0.0
2021-02-09 00:00:00-05:00,117.55000305175781,118.62999725341797,115.9800033569336,117.97000122070312,2022100,0.0,0.0
2021-02-10 00:00:00-05:00,107.36000061035156,110.16999816894531,103.4800033569336,105.0999984741211,9341100,0.0,0.0
2021-02-11 00:00:00-05:00,105.91000366210938,105.94999694824219,100.45999908447266,101.45999908447266,5569400,0.0,0.0
2021-02-12 00:00:00-05:00,102.38999938964844,102.38999938964844,100.5199966430664,101.58999633789062,2433600,0.0,0.0
2021-02-16 00:00:00-05:00,102.25,102.5199966430664,98.5,98.87999725341797,2894800,0.0,0.0
2021-02-17 00:00:00-05:00,99.0,102.11000061035156,98.5999984741211,101.94999694824219,2476200,0.0,0.0
2021-02-18 00:00:00-05:00,101.22000122070312,101.55000305175781,99.36000061035156,99.69999694824219,2181900,0.0,0.0
2021-02-19 00:00:00-05:00,100.02999877929688,100.61000061035156,98.72000122070312,98.86000061035156,2398000,0.0,0.0
2021-02-22 00:00:00-05:00,98.77999877929688,99.69000244140625,97.12000274658203,98.05999755859375,2363300,0.0,0.0
2021-02-23 00:00:00-05:00,96.7300033569336,98.26000213623047,95.4000015258789,97.63999938964844,1948700,0.0,0.0
2021-02-24 00:00:00-05:00,97.37000274658203,98.29000091552734,95.05999755859375,97.54000091552734,2463000,0.0,0.0
2021-02-25 00:00:00-05:00,98.45999908447266,99.22000122070312,94.91999816894531,95.48999786376953,2422200,0.0,0.0
2021-02-26 00:00:00-05:00,96.0,96.56999969482422,94.12999725341797,94.5,2696100,0.0,0.0
2021-03-01 00:00:00-05:00,96.29000091552734,96.58000183105469,94.5,95.94000244140625,1963100,0.0,0.0
2021-03-02 00:00:00-05:00,98.3499984741211,98.55999755859375,95.83999633789062,95.86000061035156,1669200,0.0,0.0
2021-03-03 00:00:00-05:00,95.2300033569336,95.83000183105469,92.66000366210938,93.41000366210938,1887300,0.0,0.0
2021-03-04 00:00:00-05:00,92.91999816894531,95.6500015258789,92.63999938964844,93.44000244140625,2613900,0.0,0.0
2021-03-05 00:00:00-05:00,94.26000213623047,97.41999816894531,92.69000244140625,97.12999725341797,3621200,0.0,0.0
2021-03-08 00:00:00-05:00,96.79000091552734,99.52999877929688,96.41000366210938,97.27999877929688,3837700,0.0,0.0
2021-03-09 00:00:00-05:00,98.77999877929688,100.44000244140625,96.87000274658203,97.06999969482422,2402900,0.0,0.0
2021-03-10 00:00:00-05:00,98.5999984741211,98.70999908447266,96.16999816894531,96.36000061035156,1565200,0.0,0.0
2021-03-11 00:00:00-05:00,96.98999786376953,98.18000030517578,96.72000122070312,96.94999694824219,2070800,0.0,0.0
2021-03-12 00:00:00-05:00,96.44000244140625,97.62999725341797,95.29000091552734,97.55000305175781,1503200,0.0,0.0
2021-03-15 00:00:00-04:00,98.61000061035156,100.41000366210938,98.0199966430664,99.98999786376953,1590700,0.0,0.0
2021-03-16 00:00:00-04:00,100.22000122070312,101.4800033569336,99.86000061035156,100.20999908447266,1548400,0.0,0.0
2021-03-17 00:00:00-04:00,99.73999786376953,100.72000122070312,98.68000030517578,100.26000213623047,1218400,0.0,0.0
2021-03-18 00:00:00-04:00,98.95999908447266,99.5,96.7699966430664,98.16999816894531,1903500,0.0,0.0
2021-03-19 00:00:00-04:00,98.5,99.80999755859375,97.72000122070312,99.4000015258789,2516300,0.0,0.0
2021-03-22 00:00:00-04:00,99.80000305175781,101.52999877929688,99.70999908447266,100.19000244140625,1320200,0.0,0.0
2021-03-23 00:00:00-04:00,100.0999984741211,101.44000244140625,99.55999755859375,99.69000244140625,1291200,0.0,0.0
2021-03-24 00:00:00-04:00,100.26000213623047,100.26000213623047,97.94000244140625,98.38999938964844,1760800,0.0,0.0
2021-03-25 00:00:00-04:00,98.13999938964844,100.22000122070312,97.69000244140625,99.54000091552734,1702500,0.0,0.0
2021-03-26 00:00:00-04:00,99.0,102.77999877929688,98.83999633789062,102.69999694824219,1955100,0.0,0.0
2021-03-29 00:00:00-04:00,102.9800033569336,103.77999877929688,101.94999694824219,103.0999984741211,1553300,0.0,0.0
2021-03-30 00:00:00-04:00,102.05000305175781,102.7699966430664,100.73999786376953,101.18000030517578,1514300,0.0,0.0
2021-03-31 00:00:00-04:00,101.7300033569336,102.76000213623047,101.25,101.9000015258789,1563500,0.0,0.0
2021-04-01 00:00:00-04:00,102.30999755859375,103.12999725341797,102.06999969482422,102.83000183105469,1238900,0.0,0.0
2021-04-05 00:00:00-04:00,102.11000061035156,104.52999877929688,102.11000061035156,103.86000061035156,1256500,0.0,0.0
2021-04-06 00:00:00-04:00,102.7699966430664,104.0999984741211,102.44000244140625,103.73999786376953,1376300,0.0,0.0
2021-04-07 00:00:00-04:00,102.83999633789062,103.47000122070312,102.23999786376953,102.48999786376953,1113800,0.0,0.0
2021-04-08 00:00:00-04:00,103.66999816894531,104.63999938964844,103.05999755859375,104.38999938964844,1797600,0.0,0.0
2021-04-09 00:00:00-04:00,104.2699966430664,104.37000274658203,102.9800033569336,103.87000274658203,1045400,0.0,0.0
2021-04-12 00:00:00-04:00,103.23999786376953,104.70999908447266,103.16999816894531,104.2300033569336,1053600,0.0,0.0
2021-04-13 00:00:00-04:00,103.62999725341797,105.30999755859375,103.62999725341797,104.54000091552734,1079800,0.0,0.0
2021-04-14 00:00:00-04:00,104.52999877929688,104.69999694824219,103.47000122070312,103.56999969482422,1351300,0.0,0.0
2021-04-15 00:00:00-04:00,104.02999877929688,106.04000091552734,103.72000122070312,105.83000183105469,1956500,0.0,0.0
2021-04-16 00:00:00-04:00,105.9800033569336,106.1500015258789,104.91000366210938,105.95999908447266,1116300,0.0,0.0
2021-04-19 00:00:00-04:00,105.9800033569336,107.11000061035156,105.52999877929688,105.73999786376953,1340800,0.0,0.0
2021-04-20 00:00:00-04:00,105.5,106.93000030517578,105.05000305175781,105.37999725341797,1233100,0.0,0.0
2021-04-21 00:00:00-04:00,105.43000030517578,106.66000366210938,105.25,105.55000305175781,1092800,0.0,0.0
2021-04-22 00:00:00-04:00,105.29000091552734,106.62000274658203,104.62000274658203,106.36000061035156,2444000,0.0,0.0
2021-04-23 00:00:00-04:00,105.68000030517578,108.0199966430664,105.22000122070312,107.01000213623047,2218400,0.0,0.0
2021-04-26 00:00:00-04:00,106.86000061035156,113.98999786376953,106.19000244140625,109.75,4039400,0.0,0.0
2021-04-27 00:00:00-04:00,110.05000305175781,111.76000213623047,110.05000305175781,111.62000274658203,2197300,0.0,0.0
2021-04-28 00:00:00-04:00,111.30999755859375,112.0999984741211,108.87000274658203,108.9800033569336,1621700,0.0,0.0
2021-04-29 00:00:00-04:00,110.4800033569336,110.88999938964844,108.16999816894531,110.0,1430000,0.0,0.0
2021-04-30 00:00:00-04:00,108.72000122070312,109.52999877929688,108.22000122070312,108.69999694824219,1667600,0.0,0.0
2021-05-03 00:00:00-04:00,108.9800033569336,108.9800033569336,106.12999725341797,107.0199966430664,1678400,0.0,0.0
2021-05-04 00:00:00-04:00,106.30999755859375,107.0999984741211,104.0999984741211,105.19000244140625,2160700,0.0,0.0
2021-05-05 00:00:00-04:00,108.5,110.38999938964844,107.33000183105469,108.51000213623047,2916600,0.0,0.0
2021-05-06 00:00:00-04:00,107.77999877929688,110.19000244140625,107.12999725341797,110.18000030517578,1440700,0.0,0.0
2021-05-07 00:00:00-04:00,110.87999725341797,110.98999786376953,109.44999694824219,110.80999755859375,1411100,0.0,0.0
2021-05-10 00:00:00-04:00,110.79000091552734,112.41999816894531,110.05999755859375,111.2300033569336,1043200,0.0,0.0
2021-05-11 00:00:00-04:00,109.33999633789062,111.94999694824219,108.91000366210938,111.16999816894531,1354300,0.0,0.0
2021-05-12 00:00:00-04:00,110.72000122070312,112.2699966430664,109.79000091552734,111.30000305175781,2000000,0.0,0.0
2021-05-13 00:00:00-04:00,111.58999633789062,112.29000091552734,110.58999633789062,111.04000091552734,1199600,0.0,0.0
2021-05-14 00:00:00-04:00,111.5,113.58000183105469,111.5,113.16000366210938,1257900,0.0,0.0
2021-05-17 00:00:00-04:00,113.58000183105469,114.45999908447266,112.26000213623047,113.48999786376953,1107600,0.0,0.0
2021-05-18 00:00:00-04:00,112.66000366210938,114.05999755859375,112.66000366210938,112.73999786376953,1131600,0.0,0.0
2021-05-19 00:00:00-04:00,111.45999908447266,113.1500015258789,110.73999786376953,112.94000244140625,1425600,0.0,0.0
2021-05-20 00:00:00-04:00,113.69999694824219,114.79000091552734,113.2300033569336,113.47000122070312,979200,0.0,0.0
2021-05-21 00:00:00-04:00,113.19999694824219,114.88999938964844,113.19999694824219,113.52999877929688,2192200,0.0,0.0
2021-05-24 00:00:00-04:00,113.52999877929688,115.20999908447266,113.52999877929688,114.37000274658203,1163000,0.0,0.0
2021-05-25 00:00:00-04:00,115.12999725341797,115.47000122070312,114.05999755859375,115.16000366210938,1187100,0.0,0.0
2021-05-26 00:00:00-04:00,114.72000122070312,115.62999725341797,114.37999725341797,114.55999755859375,788400,0.0,0.0
2021-05-27 00:00:00-04:00,114.79000091552734,115.77999877929688,114.0,114.69000244140625,1477200,0.0,0.0
2021-05-28 00:00:00-04:00,114.95999908447266,115.52999877929688,114.04000091552734,114.20999908447266,1044000,0.0,0.0
2021-06-01 00:00:00-04:00,114.08000183105469,114.47000122070312,113.20999908447266,113.8499984741211,791400,0.0,0.0
2021-06-02 00:00:00-04:00,113.66999816894531,115.19000244140625,113.56999969482422,114.91000366210938,937000,0.0,0.0
2021-06-03 00:00:00-04:00,114.51000213623047,115.20999908447266,113.51000213623047,114.55999755859375,829400,0.0,0.0
2021-06-04 00:00:00-04:00,114.9000015258789,116.62999725341797,114.83000183105469,116.12999725341797,894300,0.0,0.0
2021-06-07 00:00:00-04:00,116.2699966430664,116.41000366210938,115.20999908447266,115.94999694824219,903900,0.0,0.0
2021-06-08 00:00:00-04:00,117.29000091552734,117.58999633789062,116.66000366210938,117.30000305175781,1126000,0.0,0.0
2021-06-09 00:00:00-04:00,117.75,118.48999786376953,117.5,117.79000091552734,732900,0.0,0.0
2021-06-10 00:00:00-04:00,117.69999694824219,119.18000030517578,117.4000015258789,119.08000183105469,1054800,0.0,0.0
2021-06-11 00:00:00-04:00,119.30000305175781,119.30000305175781,117.76000213623047,118.44999694824219,574200,0.0,0.0
2021-06-14 00:00:00-04:00,118.06999969482422,118.06999969482422,117.0199966430664,118.0,925100,0.0,0.0
2021-06-15 00:00:00-04:00,118.6500015258789,118.70999908447266,117.56999969482422,118.18000030517578,920400,0.0,0.0
2021-06-16 00:00:00-04:00,117.95999908447266,118.69999694824219,115.9800033569336,116.69000244140625,1224500,0.0,0.0
2021-06-17 00:00:00-04:00,116.81999969482422,117.04000091552734,115.72000122070312,116.77999877929688,976300,0.0,0.0
2021-06-18 00:00:00-04:00,116.4800033569336,116.56999969482422,114.4800033569336,114.62999725341797,2875700,0.0,0.0
2021-06-21 00:00:00-04:00,115.33000183105469,116.06999969482422,114.62000274658203,115.81999969482422,1329000,0.0,0.0
2021-06-22 00:00:00-04:00,116.12999725341797,116.33999633789062,115.25,115.9800033569336,865500,0.0,0.0
2021-06-23 00:00:00-04:00,116.19999694824219,116.2300033569336,114.94999694824219,115.95999908447266,636700,0.0,0.0
2021-06-24 00:00:00-04:00,116.80999755859375,116.88999938964844,115.69000244140625,115.83000183105469,784200,0.0,0.0
2021-06-25 00:00:00-04:00,115.70999908447266,118.22000122070312,115.23999786376953,116.94999694824219,4032600,0.0,0.0
2021-06-28 00:00:00-04:00,117.44000244140625,117.68000030517578,116.47000122070312,116.97000122070312,758800,0.0,0.0
2021-06-29 00:00:00-04:00,117.05000305175781,118.0,116.38999938964844,117.43000030517578,821000,0.0,0.0
2021-06-30 00:00:00-04:00,117.6500015258789,117.80999755859375,116.36000061035156,116.5999984741211,957700,0.0,0.0
2021-07-01 00:00:00-04:00,116.81999969482422,117.55999755859375,116.62999725341797,117.08000183105469,839300,0.0,0.0
2021-07-02 00:00:00-04:00,117.58000183105469,118.23999786376953,117.55999755859375,118.04000091552734,640200,0.0,0.0
2021-07-06 00:00:00-04:00,117.97000122070312,118.62000274658203,116.52999877929688,117.19000244140625,1087100,0.0,0.0
2021-07-07 00:00:00-04:00,117.68000030517578,118.16999816894531,115.25,117.94999694824219,1578900,0.0,0.0
2021-07-08 00:00:00-04:00,116.81999969482422,118.2300033569336,116.16000366210938,117.72000122070312,1016200,0.0,0.0
2021-07-09 00:00:00-04:00,117.91999816894531,118.0999984741211,116.72000122070312,117.9000015258789,1000600,0.0,0.0
2021-07-12 00:00:00-04:00,117.77999877929688,118.26000213623047,115.29000091552734,115.55000305175781,1127700,0.0,0.0
2021-07-13 00:00:00-04:00,115.30999755859375,116.69000244140625,115.0199966430664,115.13999938964844,936200,0.0,0.0
2021-07-14 00:00:00-04:00,115.63999938964844,116.83000183105469,115.30000305175781,116.01000213623047,703100,0.0,0.0
2021-07-15 00:00:00-04:00,116.01000213623047,116.79000091552734,115.44999694824219,116.44999694824219,862200,0.0,0.0
2021-07-16 00:00:00-04:00,116.87000274658203,117.83999633789062,116.4000015258789,117.02999877929688,719000,0.0,0.0
2021-07-19 00:00:00-04:00,116.38999938964844,117.72000122070312,116.16999816894531,117.2699966430664,784400,0.0,0.0
2021-07-20 00:00:00-04:00,117.9800033569336,118.58000183105469,117.4800033569336,117.54000091552734,1394300,0.0,0.0
2021-07-21 00:00:00-04:00,117.51000213623047,117.94000244140625,116.13999938964844,117.62000274658203,600900,0.0,0.0
2021-07-22 00:00:00-04:00,117.87000274658203,119.55999755859375,116.72000122070312,116.95999908447266,1780200,0.0,0.0
2021-07-23 00:00:00-04:00,117.41999816894531,120.66999816894531,116.55999755859375,119.54000091552734,1108900,0.0,0.0
2021-07-26 00:00:00-04:00,119.54000091552734,120.0,118.33999633789062,119.22000122070312,563400,0.0,0.0
2021-07-27 00:00:00-04:00,119.48999786376953,120.48999786376953,118.75,119.8499984741211,969700,0.0,0.0
2021-07-28 00:00:00-04:00,119.8499984741211,120.62999725341797,118.7300033569336,119.13999938964844,678000,0.0,0.0
2021-07-29 00:00:00-04:00,118.7300033569336,119.87999725341797,118.55999755859375,119.37999725341797,986100,0.0,0.0
2021-07-30 00:00:00-04:00,118.54000091552734,120.68000030517578,118.43000030517578,119.91999816894531,851000,0.0,0.0
2021-08-02 00:00:00-04:00,119.86000061035156,120.0,117.2300033569336,118.9000015258789,1097700,0.0,0.0
2021-08-03 00:00:00-04:00,118.9000015258789,120.27999877929688,118.55999755859375,119.81999969482422,1127200,0.0,0.0
2021-08-04 00:00:00-04:00,113.55000305175781,113.97000122070312,110.2699966430664,112.41000366210938,3859000,0.0,0.0
2021-08-05 00:00:00-04:00,112.38999938964844,114.30000305175781,111.27999877929688,113.37999725341797,1970500,0.0,0.0
2021-08-06 00:00:00-04:00,113.97000122070312,115.08000183105469,113.44999694824219,114.56999969482422,1482100,0.0,0.0
2021-08-09 00:00:00-04:00,114.55000305175781,115.31999969482422,114.33000183105469,115.08999633789062,987000,0.0,0.0
2021-08-10 00:00:00-04:00,115.7300033569336,116.12000274658203,115.11000061035156,115.5999984741211,695600,0.0,0.0
2021-08-11 00:00:00-04:00,116.06999969482422,116.81999969482422,115.41000366210938,116.36000061035156,703800,0.0,0.0
2021-08-12 00:00:00-04:00,116.63999938964844,117.7699966430664,115.94999694824219,117.27999877929688,823800,0.0,0.0
2021-08-13 00:00:00-04:00,117.75,117.80999755859375,115.95999908447266,116.29000091552734,1001700,0.0,0.0
2021-08-16 00:00:00-04:00,116.29000091552734,116.29000091552734,114.6500015258789,115.26000213623047,881400,0.0,0.0
2021-08-17 00:00:00-04:00,115.08000183105469,115.1500015258789,114.20999908447266,114.93000030517578,679900,0.0,0.0
2021-08-18 00:00:00-04:00,114.55999755859375,114.9000015258789,112.1500015258789,112.22000122070312,1093300,0.0,0.0
2021-08-19 00:00:00-04:00,112.0,113.94999694824219,111.94000244140625,113.0199966430664,1027900,0.0,0.0
2021-08-20 00:00:00-04:00,113.2699966430664,114.69999694824219,112.75,114.48999786376953,854200,0.0,0.0
2021-08-23 00:00:00-04:00,114.18000030517578,114.87000274658203,114.16000366210938,114.37999725341797,645400,0.0,0.0
2021-08-24 00:00:00-04:00,114.69999694824219,114.80000305175781,113.29000091552734,113.75,720900,0.0,0.0
2021-08-25 00:00:00-04:00,113.9800033569336,114.08000183105469,112.76000213623047,113.2300033569336,775200,0.0,0.0
2021-08-26 00:00:00-04:00,113.13999938964844,113.75,112.18000030517578,113.31999969482422,758300,0.0,0.0
2021-08-27 00:00:00-04:00,113.04000091552734,113.08000183105469,111.16000366210938,112.19999694824219,1879800,0.0,0.0
2021-08-30 00:00:00-04:00,112.75,113.5999984741211,112.19000244140625,113.0199966430664,1160800,0.0,0.0
2021-08-31 00:00:00-04:00,113.19999694824219,113.55000305175781,112.29000091552734,113.25,1826300,0.0,0.0
2021-09-01 00:00:00-04:00,113.83999633789062,114.2699966430664,112.7699966430664,113.38999938964844,1145400,0.0,0.0
2021-09-02 00:00:00-04:00,113.69000244140625,114.30000305175781,112.79000091552734,112.94000244140625,666100,0.0,0.0
2021-09-03 00:00:00-04:00,112.66999816894531,114.77999877929688,112.63999938964844,113.80000305175781,910700,0.0,0.0
2021-09-07 00:00:00-04:00,113.62000274658203,113.94000244140625,112.58999633789062,112.70999908447266,634700,0.0,0.0
2021-09-08 00:00:00-04:00,113.30000305175781,113.63999938964844,111.86000061035156,113.38999938964844,1142000,0.0,0.0
2021-09-09 00:00:00-04:00,113.5199966430664,113.87000274658203,113.02999877929688,113.37999725341797,796900,0.0,0.0
2021-09-10 00:00:00-04:00,113.7699966430664,113.7699966430664,111.76000213623047,111.93000030517578,820300,0.0,0.0
2021-09-13 00:00:00-04:00,112.55999755859375,112.66999816894531,111.1500015258789,111.7699966430664,1436300,0.0,0.0
2021-09-14 00:00:00-04:00,112.2699966430664,112.36000061035156,110.88999938964844,111.91999816894531,707000,0.0,0.0
2021-09-15 00:00:00-04:00,112.38999938964844,112.55000305175781,111.33999633789062,111.94000244140625,1035800,0.0,0.0
2021-09-16 00:00:00-04:00,112.0,112.52999877929688,111.0,112.4000015258789,1752100,0.0,0.0
2021-09-17 00:00:00-04:00,112.05000305175781,112.16999816894531,108.77999877929688,109.48999786376953,2528600,0.0,0.0
2021-09-20 00:00:00-04:00,108.0,109.25,107.66000366210938,108.55999755859375,1017900,0.0,0.0
2021-09-21 00:00:00-04:00,108.7699966430664,109.06999969482422,106.5,106.94999694824219,1307600,0.0,0.0
2021-09-22 00:00:00-04:00,107.02999877929688,108.77999877929688,107.02999877929688,108.66000366210938,971300,0.0,0.0
2021-09-23 00:00:00-04:00,108.69000244140625,109.79000091552734,108.55999755859375,108.7699966430664,1545600,0.0,0.0
2021-09-24 00:00:00-04:00,108.73999786376953,110.30999755859375,108.4000015258789,110.12999725341797,711100,0.0,0.0
2021-09-27 00:00:00-04:00,109.76000213623047,110.2300033569336,108.97000122070312,109.0199966430664,1108100,0.0,0.0
2021-09-28 00:00:00-04:00,107.7699966430664,107.91000366210938,105.7300033569336,106.12000274658203,1743100,0.0,0.0
2021-09-29 00:00:00-04:00,105.51000213623047,106.69000244140625,104.68000030517578,105.70999908447266,2053500,0.0,0.0
2021-09-30 00:00:00-04:00,106.22000122070312,107.30999755859375,104.37999725341797,104.58999633789062,1587700,0.0,0.0
2021-10-01 00:00:00-04:00,104.55999755859375,105.9800033569336,103.7300033569336,105.4800033569336,1161800,0.0,0.0
2021-10-04 00:00:00-04:00,103.12999725341797,104.55000305175781,102.25,102.55999755859375,1613400,0.0,0.0
2021-10-05 00:00:00-04:00,102.4800033569336,104.20999908447266,102.37000274658203,103.18000030517578,1295900,0.0,0.0
2021-10-06 00:00:00-04:00,102.4800033569336,103.72000122070312,102.18000030517578,103.55999755859375,1222300,0.0,0.0
2021-10-07 00:00:00-04:00,104.31999969482422,104.69000244140625,103.5999984741211,103.75,1109100,0.0,0.0
2021-10-08 00:00:00-04:00,104.18000030517578,104.18000030517578,101.91999816894531,102.19000244140625,1082200,0.0,0.0
2021-10-11 00:00:00-04:00,101.87999725341797,103.25,101.80000305175781,102.19999694824219,849700,0.0,0.0
2021-10-12 00:00:00-04:00,102.4000015258789,102.66999816894531,101.33000183105469,101.56999969482422,1026000,0.0,0.0
2021-10-13 00:00:00-04:00,102.02999877929688,102.93000030517578,101.7300033569336,102.12000274658203,1158200,0.0,0.0
2021-10-14 00:00:00-04:00,103.25,105.83999633789062,103.25,105.2699966430664,1690200,0.0,0.0
2021-10-15 00:00:00-04:00,105.54000091552734,106.81999969482422,105.31999969482422,106.31999969482422,1089700,0.0,0.0
2021-10-18 00:00:00-04:00,106.06999969482422,107.36000061035156,105.94000244140625,106.87000274658203,1546800,0.0,0.0
2021-10-19 00:00:00-04:00,107.0,108.23999786376953,106.44999694824219,107.91999816894531,1391300,0.0,0.0
2021-10-20 00:00:00-04:00,107.95999908447266,108.91999816894531,107.69000244140625,108.08000183105469,1096400,0.0,0.0
2021-10-21 00:00:00-04:00,108.44000244140625,109.05999755859375,107.87999725341797,108.55000305175781,771500,0.0,0.0
2021-10-22 00:00:00-04:00,108.58000183105469,109.94000244140625,107.83999633789062,107.93000030517578,1201000,0.0,0.0
2021-10-25 00:00:00-04:00,107.93000030517578,108.58999633789062,107.37999725341797,107.56999969482422,557300,0.0,0.0
2021-10-26 00:00:00-04:00,108.2300033569336,108.55999755859375,106.80000305175781,106.80999755859375,727200,0.0,0.0
2021-10-27 00:00:00-04:00,107.11000061035156,107.38999938964844,104.16000366210938,104.30000305175781,1450200,0.0,0.0
2021-10-28 00:00:00-04:00,104.95999908447266,105.69000244140625,104.4000015258789,104.70999908447266,840000,0.0,0.0
2021-10-29 00:00:00-04:00,104.43000030517578,105.93000030517578,104.1500015258789,105.45999908447266,963800,0.0,0.0
2021-11-01 00:00:00-04:00,105.44000244140625,105.55000305175781,103.37999725341797,105.38999938964844,1714000,0.0,0.0
2021-11-02 00:00:00-04:00,105.86000061035156,106.45999908447266,104.77999877929688,105.12999725341797,1673900,0.0,0.0
2021-11-03 00:00:00-04:00,107.0,112.8499984741211,106.80999755859375,110.87000274658203,4090500,0.0,0.0
2021-11-04 00:00:00-04:00,110.73999786376953,111.16999816894531,108.80999755859375,109.66000366210938,2097600,0.0,0.0
2021-11-05 00:00:00-04:00,110.58999633789062,111.80000305175781,107.0999984741211,107.29000091552734,2129300,0.0,0.0
2021-11-08 00:00:00-05:00,107.45999908447266,109.05000305175781,107.41000366210938,108.62000274658203,1830300,0.0,0.0
2021-11-09 00:00:00-05:00,109.58999633789062,109.66000366210938,108.5999984741211,109.31999969482422,1420000,0.0,0.0
2021-11-10 00:00:00-05:00,109.7699966430664,111.0,109.1500015258789,109.79000091552734,1467300,0.0,0.0
2021-11-11 00:00:00-05:00,110.02999877929688,110.51000213623047,109.16000366210938,109.33000183105469,757900,0.0,0.0
2021-11-12 00:00:00-05:00,109.79000091552734,111.54000091552734,109.33999633789062,111.51000213623047,1375700,0.0,0.0
2021-11-15 00:00:00-05:00,109.26000213623047,109.7699966430664,107.7699966430664,108.4800033569336,2106500,0.0,0.0
2021-11-16 00:00:00-05:00,108.80999755859375,110.9000015258789,108.69999694824219,110.86000061035156,1356200,0.0,0.0
2021-11-17 00:00:00-05:00,110.86000061035156,110.94999694824219,109.29000091552734,109.81999969482422,971100,0.0,0.0
2021-11-18 00:00:00-05:00,110.30999755859375,110.8499984741211,109.20999908447266,110.54000091552734,1149000,0.0,0.0
2021-11-19 00:00:00-05:00,110.88999938964844,112.31999969482422,110.2300033569336,110.9800033569336,1829800,0.0,0.0
2021-11-22 00:00:00-05:00,111.5999984741211,112.12999725341797,110.29000091552734,110.56999969482422,972800,0.0,0.0
2021-11-23 00:00:00-05:00,110.02999877929688,111.93000030517578,109.27999877929688,111.80000305175781,1242800,0.0,0.0
2021-11-24 00:00:00-05:00,112.08000183105469,113.20999908447266,111.61000061035156,112.7699966430664,1097600,0.0,0.0
2021-11-26 00:00:00-05:00,112.5999984741211,114.36000061035156,111.62000274658203,111.94000244140625,1013800,0.0,0.0
2021-11-29 00:00:00-05:00,112.75,115.22000122070312,111.75,114.26000213623047,1444100,0.0,0.0
2021-11-30 00:00:00-05:00,114.26000213623047,115.4800033569336,112.41000366210938,112.69999694824219,3014100,0.0,0.0
2021-12-01 00:00:00-05:00,113.08000183105469,113.94999694824219,108.9800033569336,109.08000183105469,1710700,0.0,0.0
2021-12-02 00:00:00-05:00,109.0,111.62999725341797,108.68000030517578,110.94999694824219,1127200,0.0,0.0
2021-12-03 00:00:00-05:00,111.5,111.88999938964844,109.38999938964844,111.13999938964844,1049200,0.0,0.0
2021-12-06 00:00:00-05:00,110.79000091552734,111.37999725341797,109.25,111.05000305175781,1362700,0.0,0.0
2021-12-07 00:00:00-05:00,111.5999984741211,113.5,111.2699966430664,112.2699966430664,1308000,0.0,0.0
2021-12-08 00:00:00-05:00,112.47000122070312,112.4800033569336,111.08999633789062,112.02999877929688,1036300,0.0,0.0
2021-12-09 00:00:00-05:00,112.05000305175781,113.25,111.80999755859375,111.91999816894531,907500,0.0,0.0
2021-12-10 00:00:00-05:00,112.41999816894531,113.9800033569336,112.41999816894531,113.01000213623047,863900,0.0,0.0
2021-12-13 00:00:00-05:00,112.9000015258789,115.91000366210938,112.6500015258789,115.41000366210938,1275700,0.0,0.0
2021-12-14 00:00:00-05:00,112.66000366210938,115.06999969482422,112.20999908447266,114.23999786376953,1566800,0.0,0.0
2021-12-15 00:00:00-05:00,114.98999786376953,116.26000213623047,113.94000244140625,116.23999786376953,1122300,0.0,0.0
2021-12-16 00:00:00-05:00,116.27999877929688,117.30000305175781,115.37000274658203,116.83000183105469,1373900,0.0,0.0
2021-12-17 00:00:00-05:00,116.5,117.62999725341797,114.86000061035156,115.3499984741211,2354400,0.0,0.0
2021-12-20 00:00:00-05:00,114.58000183105469,114.83000183105469,113.1500015258789,114.06999969482422,1203300,0.0,0.0
2021-12-21 00:00:00-05:00,114.04000091552734,116.0,114.0,115.80000305175781,1317900,0.0,0.0
2021-12-22 00:00:00-05:00,116.37999725341797,116.93000030517578,115.66000366210938,116.05999755859375,706400,0.0,0.0
2021-12-23 00:00:00-05:00,116.05999755859375,116.9800033569336,115.58999633789062,116.19999694824219,701400,0.0,0.0
2021-12-27 00:00:00-05:00,116.95999908447266,117.97000122070312,116.12999725341797,117.91999816894531,834800,0.0,0.0
2021-12-28 00:00:00-05:00,118.08999633789062,119.2300033569336,117.41000366210938,118.44999694824219,1007600,0.0,0.0
2021-12-29 00:00:00-05:00,118.62999725341797,119.68000030517578,118.01000213623047,118.33000183105469,899400,0.0,0.0
2021-12-30 00:00:00-05:00,118.18000030517578,118.62000274658203,117.02999877929688,117.1500015258789,718200,0.0,0.0
2021-12-31 00:00:00-05:00,117.04000091552734,117.45999908447266,116.41000366210938,117.04000091552734,717400,0.0,0.0
2022-01-03 00:00:00-05:00,117.16999816894531,117.68000030517578,115.5999984741211,117.51000213623047,951900,0.0,0.0
2022-01-04 00:00:00-05:00,117.5,118.16999816894531,116.72000122070312,116.94999694824219,952200,0.0,0.0
2022-01-05 00:00:00-05:00,116.63999938964844,117.80999755859375,115.43000030517578,115.4800033569336,1105500,0.0,0.0
2022-01-06 00:00:00-05:00,112.44999694824219,113.88999938964844,111.0,111.87999725341797,2465400,0.0,0.0
2022-01-07 00:00:00-05:00,112.20999908447266,112.37000274658203,110.43000030517578,110.54000091552734,1320200,0.0,0.0
2022-01-10 00:00:00-05:00,109.5199966430664,112.72000122070312,109.30000305175781,112.6500015258789,1678200,0.0,0.0
2022-01-11 00:00:00-05:00,112.80000305175781,114.01000213623047,111.75,113.41999816894531,1248400,0.0,0.0
2022-01-12 00:00:00-05:00,113.61000061035156,114.7699966430664,113.33999633789062,114.11000061035156,911700,0.0,0.0
2022-01-13 00:00:00-05:00,114.23999786376953,114.80999755859375,112.69999694824219,112.91000366210938,800700,0.0,0.0
2022-01-14 00:00:00-05:00,112.5199966430664,113.44000244140625,111.91999816894531,112.62000274658203,965500,0.0,0.0
2022-01-18 00:00:00-05:00,111.80999755859375,112.37000274658203,110.83000183105469,112.08000183105469,1501900,0.0,0.0
2022-01-19 00:00:00-05:00,113.36000061035156,116.12999725341797,112.91999816894531,113.16999816894531,1599600,0.0,0.0
2022-01-20 00:00:00-05:00,113.68000030517578,115.81999969482422,113.23999786376953,113.2699966430664,1923700,0.0,0.0
2022-01-21 00:00:00-05:00,113.31999969482422,115.16999816894531,112.58000183105469,112.61000061035156,1390700,0.0,0.0
2022-01-24 00:00:00-05:00,111.4800033569336,114.37999725341797,109.47000122070312,114.19000244140625,2222600,0.0,0.0
2022-01-25 00:00:00-05:00,113.33999633789062,113.81999969482422,111.0,112.55999755859375,1333600,0.0,0.0
2022-01-26 00:00:00-05:00,113.56999969482422,113.7699966430664,109.3499984741211,109.94000244140625,1608200,0.0,0.0
2022-01-27 00:00:00-05:00,111.0,112.41999816894531,109.63999938964844,110.19000244140625,1079400,0.0,0.0
2022-01-28 00:00:00-05:00,110.06999969482422,112.25,108.66000366210938,112.16999816894531,1056900,0.0,0.0
2022-01-31 00:00:00-05:00,111.94000244140625,114.63999938964844,111.7300033569336,114.55000305175781,1685100,0.0,0.0
2022-02-01 00:00:00-05:00,115.05999755859375,115.79000091552734,113.47000122070312,115.12999725341797,1109200,0.0,0.0
2022-02-02 00:00:00-05:00,114.91000366210938,116.16000366210938,114.33000183105469,115.81999969482422,1346000,0.0,0.0
2022-02-03 00:00:00-05:00,113.9000015258789,115.66999816894531,113.9000015258789,114.58000183105469,1526700,0.0,0.0
2022-02-04 00:00:00-05:00,114.19000244140625,115.1500015258789,112.8499984741211,114.12000274658203,1441300,0.0,0.0
2022-02-07 00:00:00-05:00,114.7699966430664,114.7699966430664,113.30000305175781,113.52999877929688,1087100,0.0,0.0
2022-02-08 00:00:00-05:00,113.45999908447266,114.1500015258789,112.98999786376953,113.62999725341797,1146300,0.0,0.0
2022-02-09 00:00:00-05:00,114.7699966430664,115.4000015258789,113.45999908447266,115.38999938964844,1312900,0.0,0.0
2022-02-10 00:00:00-05:00,113.62999725341797,115.12000274658203,112.58000183105469,112.83999633789062,1153600,0.0,0.0
2022-02-11 00:00:00-05:00,113.4000015258789,114.06999969482422,110.95999908447266,111.13999938964844,1474700,0.0,0.0
2022-02-14 00:00:00-05:00,111.1500015258789,111.55000305175781,109.47000122070312,110.6500015258789,2547200,0.0,0.0
2022-02-15 00:00:00-05:00,111.2699966430664,112.18000030517578,110.12999725341797,111.02999877929688,2317400,0.0,0.0
2022-02-16 00:00:00-05:00,105.3499984741211,108.0999984741211,102.80000305175781,104.86000061035156,5524300,0.0,0.0
2022-02-17 00:00:00-05:00,104.41000366210938,105.33000183105469,102.93000030517578,102.93000030517578,2367500,0.0,0.0
2022-02-18 00:00:00-05:00,102.9000015258789,102.9000015258789,100.0199966430664,100.33000183105469,1930800,0.0,0.0
2022-02-22 00:00:00-05:00,99.48999786376953,101.27999877929688,99.48999786376953,100.44000244140625,1731700,0.0,0.0
2022-02-23 00:00:00-05:00,100.48999786376953,101.0199966430664,98.52999877929688,98.87999725341797,1452600,0.0,0.0
2022-02-24 00:00:00-05:00,97.12000274658203,103.94999694824219,96.86000061035156,103.94000244140625,2732700,0.0,0.0
2022-02-25 00:00:00-05:00,103.6500015258789,105.4000015258789,102.30000305175781,105.33000183105469,1564100,0.0,0.0
2022-02-28 00:00:00-05:00,104.77999877929688,108.70999908447266,104.68000030517578,108.26000213623047,2624500,0.0,0.0
2022-03-01 00:00:00-05:00,108.2300033569336,109.7699966430664,107.93000030517578,108.83000183105469,1490200,0.0,0.0
2022-03-02 00:00:00-05:00,109.20999908447266,111.44000244140625,108.13999938964844,110.44999694824219,1731000,0.0,0.0
2022-03-03 00:00:00-05:00,111.16000366210938,111.69999694824219,110.0199966430664,111.19000244140625,1477900,0.0,0.0
2022-03-04 00:00:00-05:00,111.01000213623047,113.0199966430664,110.08999633789062,112.55000305175781,1941100,0.0,0.0
2022-03-07 00:00:00-05:00,112.25,113.66999816894531,110.33000183105469,112.01000213623047,1846100,0.0,0.0
2022-03-08 00:00:00-05:00,111.2699966430664,112.44999694824219,106.94000244140625,107.06999969482422,2401600,0.0,0.0
2022-03-09 00:00:00-05:00,108.05000305175781,109.91000366210938,106.2699966430664,109.18000030517578,1729400,0.0,0.0
2022-03-10 00:00:00-05:00,108.26000213623047,109.93000030517578,106.83999633789062,109.52999877929688,1386000,0.0,0.0
2022-03-11 00:00:00-05:00,109.69000244140625,110.30000305175781,108.25,108.44000244140625,1242400,0.0,0.0
2022-03-14 00:00:00-04:00,107.95999908447266,110.05999755859375,107.5,108.08000183105469,1479000,0.0,0.0
2022-03-15 00:00:00-04:00,109.0,110.44999694824219,108.56999969482422,110.43000030517578,1522500,0.0,0.0
2022-03-16 00:00:00-04:00,110.93000030517578,112.75,110.5,112.62999725341797,2089200,0.0,0.0
2022-03-17 00:00:00-04:00,112.69000244140625,115.2699966430664,112.43000030517578,115.2300033569336,1708700,0.0,0.0
2022-03-18 00:00:00-04:00,115.80000305175781,118.23999786376953,115.11000061035156,117.62000274658203,4032900,0.0,0.0
2022-03-21 00:00:00-04:00,117.38999938964844,117.4000015258789,115.12000274658203,115.9800033569336,1097000,0.0,0.0
2022-03-22 00:00:00-04:00,115.9800033569336,117.2699966430664,115.12000274658203,116.68000030517578,1108100,0.0,0.0
2022-03-23 00:00:00-04:00,115.87999725341797,116.83000183105469,114.54000091552734,116.41000366210938,1060600,0.0,0.0
2022-03-24 00:00:00-04:00,117.02999877929688,117.43000030517578,116.41999816894531,117.37999725341797,1042600,0.0,0.0
2022-03-25 00:00:00-04:00,117.94000244140625,118.69999694824219,117.0999984741211,117.94999694824219,1294400,0.0,0.0
2022-03-28 00:00:00-04:00,117.56999969482422,119.48999786376953,117.36000061035156,119.44000244140625,1357100,0.0,0.0
2022-03-29 00:00:00-04:00,120.0,120.44000244140625,118.12000274658203,120.41999816894531,1299300,0.0,0.0
2022-03-30 00:00:00-04:00,120.0,121.19999694824219,119.58999633789062,121.11000061035156,1554900,0.0,0.0
2022-03-31 00:00:00-04:00,121.44000244140625,121.80000305175781,119.36000061035156,119.38999938964844,1419200,0.0,0.0
2022-04-01 00:00:00-04:00,119.76000213623047,120.62000274658203,119.23999786376953,120.51000213623047,891700,0.0,0.0
2022-04-04 00:00:00-04:00,120.72000122070312,121.33999633789062,120.27999877929688,120.45999908447266,1086000,0.0,0.0
2022-04-05 00:00:00-04:00,120.6500015258789,122.01000213623047,119.79000091552734,120.41000366210938,1252100,0.0,0.0
2022-04-06 00:00:00-04:00,119.06999969482422,119.94000244140625,118.11000061035156,119.58999633789062,1045500,0.0,0.0
2022-04-07 00:00:00-04:00,119.30000305175781,120.20999908447266,117.79000091552734,119.33999633789062,1578600,0.0,0.0
2022-04-08 00:00:00-04:00,119.19000244140625,119.7699966430664,118.16000366210938,118.36000061035156,927900,0.0,0.0
2022-04-11 00:00:00-04:00,117.66999816894531,119.33999633789062,117.33000183105469,118.01000213623047,1175200,0.0,0.0
2022-04-12 00:00:00-04:00,118.83999633789062,119.5,117.44000244140625,117.93000030517578,995500,0.0,0.0
2022-04-13 00:00:00-04:00,118.0,119.52999877929688,117.4800033569336,119.19000244140625,1239500,0.0,0.0
2022-04-14 00:00:00-04:00,119.2300033569336,119.83000183105469,118.58000183105469,118.98999786376953,855300,0.0,0.0
2022-04-18 00:00:00-04:00,119.0,119.62000274658203,118.11000061035156,119.44000244140625,1109900,0.0,0.0
2022-04-19 00:00:00-04:00,119.75,121.5199966430664,119.33999633789062,121.33999633789062,1654100,0.0,0.0
2022-04-20 00:00:00-04:00,121.87999725341797,122.6500015258789,120.66000366210938,121.91999816894531,1436500,0.0,0.0
2022-04-21 00:00:00-04:00,122.5,123.25,119.25,119.95999908447266,1215100,0.0,0.0
2022-04-22 00:00:00-04:00,119.4800033569336,119.76000213623047,116.94999694824219,117.13999938964844,1205300,0.0,0.0
2022-04-25 00:00:00-04:00,117.08000183105469,118.8499984741211,116.2300033569336,118.76000213623047,1178600,0.0,0.0
2022-04-26 00:00:00-04:00,118.0,118.47000122070312,115.0,115.02999877929688,1764900,0.0,0.0
2022-04-27 00:00:00-04:00,115.2300033569336,116.12999725341797,113.58000183105469,113.69999694824219,1091200,0.0,0.0
2022-04-28 00:00:00-04:00,114.62999725341797,116.56999969482422,114.05000305175781,115.83000183105469,932900,0.0,0.0
2022-04-29 00:00:00-04:00,115.1500015258789,115.62000274658203,112.18000030517578,112.27999877929688,1559400,0.0,0.0
2022-05-02 00:00:00-04:00,112.27999877929688,114.31999969482422,110.16999816894531,112.30999755859375,1685600,0.0,0.0
2022-05-03 00:00:00-04:00,112.12000274658203,114.9000015258789,112.08999633789062,113.80000305175781,2525800,0.0,0.0
2022-05-04 00:00:00-04:00,99.05000305175781,104.16999816894531,97.6500015258789,102.7699966430664,8766500,0.0,0.0
2022-05-05 00:00:00-04:00,101.38999938964844,101.97000122070312,97.16000366210938,98.66999816894531,4114800,0.0,0.0
2022-05-06 00:00:00-04:00,97.0999984741211,98.02999877929688,95.08000183105469,95.37000274658203,3384500,0.0,0.0
2022-05-09 00:00:00-04:00,93.94999694824219,96.70999908447266,93.73999786376953,95.5,2973900,0.0,0.0
2022-05-10 00:00:00-04:00,96.27999877929688,98.66999816894531,95.0,97.2300033569336,2271300,0.0,0.0
2022-05-11 00:00:00-04:00,96.23999786376953,99.4800033569336,96.01000213623047,98.11000061035156,2763400,0.0,0.0
2022-05-12 00:00:00-04:00,98.62000274658203,98.62000274658203,95.79000091552734,97.4000015258789,1995000,0.0,0.0
2022-05-13 00:00:00-04:00,97.68000030517578,99.3499984741211,97.12999725341797,98.66999816894531,1886400,0.0,0.0
2022-05-16 00:00:00-04:00,98.62999725341797,99.94999694824219,97.56999969482422,98.91999816894531,2036600,0.0,0.0
2022-05-17 00:00:00-04:00,99.98999786376953,100.2300033569336,96.94000244140625,98.38999938964844,1835400,0.0,0.0
2022-05-18 00:00:00-04:00,97.61000061035156,98.94000244140625,95.87999725341797,96.1500015258789,2528000,0.0,0.0
2022-05-19 00:00:00-04:00,96.73999786376953,99.69999694824219,96.58999633789062,98.4800033569336,3587600,0.0,0.0
2022-05-20 00:00:00-04:00,99.08999633789062,99.44999694824219,95.37000274658203,97.51000213623047,1857800,0.0,0.0
2022-05-23 00:00:00-04:00,98.25,98.98999786376953,97.47000122070312,98.87999725341797,1236700,0.0,0.0
2022-05-24 00:00:00-04:00,98.44999694824219,100.22000122070312,97.22000122070312,99.55999755859375,1585200,0.0,0.0
2022-05-25 00:00:00-04:00,99.48999786376953,99.8499984741211,98.62999725341797,99.0999984741211,1118600,0.0,0.0
2022-05-26 00:00:00-04:00,99.66999816894531,101.06999969482422,98.5199966430664,100.87000274658203,1113500,0.0,0.0
2022-05-27 00:00:00-04:00,101.41999816894531,102.83000183105469,101.0999984741211,102.7300033569336,1270500,0.0,0.0
2022-05-31 00:00:00-04:00,102.04000091552734,102.04000091552734,100.2699966430664,101.04000091552734,2203800,0.0,0.0
2022-06-01 00:00:00-04:00,101.37999725341797,102.29000091552734,100.23999786376953,101.12999725341797,1367800,0.0,0.0
2022-06-02 00:00:00-04:00,101.20999908447266,102.77999877929688,100.41999816894531,102.73999786376953,1163300,0.0,0.0
2022-06-03 00:00:00-04:00,102.20999908447266,102.20999908447266,100.56999969482422,100.83999633789062,1005100,0.0,0.0
2022-06-06 00:00:00-04:00,101.83999633789062,101.83999633789062,100.33000183105469,100.6500015258789,807400,0.0,0.0
2022-06-07 00:00:00-04:00,100.0,101.87000274658203,99.95999908447266,101.7699966430664,880300,0.0,0.0
2022-06-08 00:00:00-04:00,101.55000305175781,101.8499984741211,100.73999786376953,100.76000213623047,840600,0.0,0.0
2022-06-09 00:00:00-04:00,100.37999725341797,101.77999877929688,99.7699966430664,99.81999969482422,1335300,0.0,0.0
2022-06-10 00:00:00-04:00,98.66000366210938,99.1500015258789,96.70999908447266,97.44000244140625,1298100,0.0,0.0
2022-06-13 00:00:00-04:00,95.0,95.63999938964844,90.70999908447266,91.05999755859375,2411000,0.0,0.0
2022-06-14 00:00:00-04:00,91.38999938964844,91.91999816894531,87.01000213623047,89.30000305175781,3208900,0.0,0.0
2022-06-15 00:00:00-04:00,90.58999633789062,91.93000030517578,89.55000305175781,91.04000091552734,1662500,0.0,0.0
2022-06-16 00:00:00-04:00,89.77999877929688,89.91000366210938,86.98999786376953,87.45999908447266,2604700,0.0,0.0
2022-06-17 00:00:00-04:00,87.62000274658203,89.86000061035156,87.1500015258789,89.52999877929688,3587400,0.0,0.0
2022-06-21 00:00:00-04:00,90.44000244140625,91.80000305175781,90.19999694824219,90.6500015258789,1781700,0.0,0.0
2022-06-22 00:00:00-04:00,90.33000183105469,92.58000183105469,90.05000305175781,90.38999938964844,1004300,0.0,0.0
2022-06-23 00:00:00-04:00,91.41000366210938,92.16999816894531,90.54000091552734,91.87000274658203,1420200,0.0,0.0
2022-06-24 00:00:00-04:00,93.0,94.52999877929688,92.6500015258789,94.45999908447266,1209200,0.0,0.0
2022-06-27 00:00:00-04:00,94.19000244140625,94.88999938964844,93.08999633789062,94.5199966430664,2059300,0.0,0.0
2022-06-28 00:00:00-04:00,94.5999984741211,95.11000061035156,92.25,92.38999938964844,1340800,0.0,0.0
2022-06-29 00:00:00-04:00,92.38999938964844,92.80999755859375,91.4000015258789,92.12999725341797,1352300,0.0,0.0
2022-06-30 00:00:00-04:00,91.37999725341797,92.23999786376953,90.05000305175781,91.33000183105469,1788500,0.0,0.0
2022-07-01 00:00:00-04:00,91.19000244140625,92.23999786376953,90.63999938964844,92.12000274658203,772400,0.0,0.0
2022-07-05 00:00:00-04:00,91.70999908447266,93.31999969482422,90.7300033569336,93.12999725341797,1296500,0.0,0.0
2022-07-06 00:00:00-04:00,93.48999786376953,93.48999786376953,91.8499984741211,92.26000213623047,1913400,0.0,0.0
2022-07-07 00:00:00-04:00,92.1500015258789,93.02999877929688,91.80000305175781,92.9000015258789,858900,0.0,0.0
2022-07-08 00:00:00-04:00,92.56999969482422,92.61000061035156,91.08999633789062,92.1500015258789,734500,0.0,0.0
2022-07-11 00:00:00-04:00,91.41000366210938,91.93000030517578,90.2300033569336,90.58000183105469,875000,0.0,0.0
2022-07-12 00:00:00-04:00,90.69000244140625,91.30999755859375,88.98999786376953,89.33000183105469,741600,0.0,0.0
2022-07-13 00:00:00-04:00,87.80999755859375,88.69999694824219,87.66000366210938,88.16000366210938,1026400,0.0,0.0
2022-07-14 00:00:00-04:00,87.7699966430664,87.7699966430664,85.9000015258789,86.83000183105469,1031200,0.0,0.0
2022-07-15 00:00:00-04:00,87.58999633789062,88.44000244140625,87.37000274658203,88.41000366210938,1140700,0.0,0.0
2022-07-18 00:00:00-04:00,88.94999694824219,89.66999816894531,88.0199966430664,88.12000274658203,1505300,0.0,0.0
2022-07-19 00:00:00-04:00,89.1500015258789,89.87000274658203,88.2699966430664,89.44999694824219,1929500,0.0,0.0
2022-07-20 00:00:00-04:00,89.8499984741211,90.19000244140625,89.02999877929688,89.79000091552734,1862900,0.0,0.0
2022-07-21 00:00:00-04:00,89.9000015258789,97.48999786376953,89.11000061035156,94.1500015258789,9947400,0.0,0.0
2022-07-22 00:00:00-04:00,93.08000183105469,95.1500015258789,93.04000091552734,94.12999725341797,2332500,0.0,0.0
2022-07-25 00:00:00-04:00,93.87000274658203,94.12000274658203,92.19000244140625,92.69000244140625,1136100,0.0,0.0
2022-07-26 00:00:00-04:00,92.1500015258789,92.5999984741211,91.72000122070312,92.1500015258789,1649300,0.0,0.0
2022-07-27 00:00:00-04:00,92.69000244140625,94.19000244140625,92.4800033569336,93.6500015258789,912000,0.0,0.0
2022-07-28 00:00:00-04:00,93.30999755859375,94.94999694824219,93.0999984741211,94.58000183105469,862500,0.0,0.0
2022-07-29 00:00:00-04:00,94.48999786376953,96.68000030517578,94.41999816894531,96.22000122070312,1513000,0.0,0.0
2022-08-01 00:00:00-04:00,95.43000030517578,96.33999633789062,95.04000091552734,95.33000183105469,1009700,0.0,0.0
2022-08-02 00:00:00-04:00,95.1500015258789,96.25,94.58999633789062,94.83999633789062,678000,0.0,0.0
2022-08-03 00:00:00-04:00,95.66000366210938,96.88999938964844,95.3499984741211,96.0,1188800,0.0,0.0
2022-08-04 00:00:00-04:00,96.19999694824219,96.8499984741211,95.61000061035156,96.20999908447266,1018100,0.0,0.0
2022-08-05 00:00:00-04:00,95.05999755859375,96.33999633789062,94.63999938964844,96.27999877929688,840200,0.0,0.0
2022-08-08 00:00:00-04:00,96.75,97.69000244140625,95.69000244140625,96.37999725341797,1782500,0.0,0.0
2022-08-09 00:00:00-04:00,96.30999755859375,96.37999725341797,94.72000122070312,95.08000183105469,1574100,0.0,0.0
2022-08-10 00:00:00-04:00,95.44000244140625,96.69000244140625,91.87000274658203,95.98999786376953,3151300,0.0,0.0
2022-08-11 00:00:00-04:00,96.33999633789062,96.5,93.52999877929688,93.68000030517578,1790900,0.0,0.0
2022-08-12 00:00:00-04:00,94.25,96.19000244140625,94.13999938964844,95.94999694824219,1214400,0.0,0.0
2022-08-15 00:00:00-04:00,95.86000061035156,97.25,95.06999969482422,97.08000183105469,1171000,0.0,0.0
2022-08-16 00:00:00-04:00,96.83999633789062,98.80999755859375,95.87999725341797,98.08000183105469,1824600,0.0,0.0
2022-08-17 00:00:00-04:00,97.48999786376953,97.51000213623047,95.52999877929688,95.72000122070312,1710100,0.0,0.0
2022-08-18 00:00:00-04:00,95.97000122070312,96.87000274658203,95.58000183105469,96.80000305175781,864600,0.0,0.0
2022-08-19 00:00:00-04:00,96.30000305175781,97.12999725341797,95.2699966430664,97.04000091552734,1266800,0.0,0.0
2022-08-22 00:00:00-04:00,96.63999938964844,96.81999969482422,94.41000366210938,94.55000305175781,1044500,0.0,0.0
2022-08-23 00:00:00-04:00,94.08999633789062,94.63999938964844,93.33999633789062,93.36000061035156,1040400,0.0,0.0
2022-08-24 00:00:00-04:00,93.11000061035156,94.13999938964844,92.62999725341797,93.51000213623047,951800,0.0,0.0
2022-08-25 00:00:00-04:00,94.20999908447266,94.66000366210938,93.25,94.62999725341797,861400,0.0,0.0
2022-08-26 00:00:00-04:00,95.18000030517578,95.41000366210938,91.95999908447266,92.04000091552734,1477200,0.0,0.0
2022-08-29 00:00:00-04:00,91.5,92.58000183105469,90.8499984741211,91.79000091552734,1030600,0.0,0.0
2022-08-30 00:00:00-04:00,92.05999755859375,92.68000030517578,90.87999725341797,91.72000122070312,1442100,0.0,0.0
2022-08-31 00:00:00-04:00,92.4800033569336,93.94999694824219,90.2699966430664,90.27999877929688,1505900,0.0,0.0
2022-09-01 00:00:00-04:00,89.98999786376953,90.30000305175781,89.0,90.20999908447266,1105100,0.0,0.0
2022-09-02 00:00:00-04:00,91.0,91.12000274658203,87.66999816894531,88.26000213623047,1116500,0.0,0.0
2022-09-06 00:00:00-04:00,88.30000305175781,89.27999877929688,87.66000366210938,88.6500015258789,1368600,0.0,0.0
2022-09-07 00:00:00-04:00,88.94000244140625,90.58000183105469,88.69000244140625,90.29000091552734,1156200,0.0,0.0
2022-09-08 00:00:00-04:00,89.48999786376953,90.30000305175781,88.7300033569336,90.22000122070312,988600,0.0,0.0
2022-09-09 00:00:00-04:00,90.72000122070312,92.06999969482422,90.5999984741211,91.69000244140625,969000,0.0,0.0
2022-09-12 00:00:00-04:00,92.0,93.22000122070312,92.0,93.11000061035156,1023200,0.0,0.0
2022-09-13 00:00:00-04:00,91.37000274658203,91.5199966430664,89.31999969482422,89.66000366210938,1299100,0.0,0.0
2022-09-14 00:00:00-04:00,89.69999694824219,90.33000183105469,88.70999908447266,89.38999938964844,1940800,0.0,0.0
2022-09-15 00:00:00-04:00,88.94000244140625,89.66000366210938,87.87999725341797,88.23999786376953,1556100,0.0,0.0
2022-09-16 00:00:00-04:00,87.87000274658203,87.88999938964844,86.1500015258789,87.16000366210938,2549900,0.0,0.0
2022-09-19 00:00:00-04:00,86.79000091552734,88.69999694824219,86.55000305175781,88.55999755859375,1620700,0.0,0.0
2022-09-20 00:00:00-04:00,87.94999694824219,87.94999694824219,85.8499984741211,85.93000030517578,2073200,0.0,0.0
2022-09-21 00:00:00-04:00,86.22000122070312,87.27999877929688,83.77999877929688,83.80000305175781,1205600,0.0,0.0
2022-09-22 00:00:00-04:00,83.29000091552734,83.80000305175781,81.4000015258789,82.08999633789062,1963500,0.0,0.0
2022-09-23 00:00:00-04:00,81.87999725341797,81.87999725341797,80.11000061035156,81.11000061035156,1608800,0.0,0.0
2022-09-26 00:00:00-04:00,81.26000213623047,82.88999938964844,80.66000366210938,80.70999908447266,1791000,0.0,0.0
2022-09-27 00:00:00-04:00,81.23999786376953,82.61000061035156,80.5,80.91999816894531,2151400,0.0,0.0
2022-09-28 00:00:00-04:00,81.16999816894531,82.62000274658203,80.33999633789062,82.25,1477100,0.0,0.0
2022-09-29 00:00:00-04:00,81.37999725341797,81.66000366210938,79.80000305175781,80.5,1400300,0.0,0.0
2022-09-30 00:00:00-04:00,80.80000305175781,82.22000122070312,80.22000122070312,80.31999969482422,1596500,0.0,0.0
2022-10-03 00:00:00-04:00,80.79000091552734,84.48999786376953,80.22000122070312,83.83999633789062,6201100,0.0,0.0
2022-10-04 00:00:00-04:00,84.94000244140625,87.37000274658203,84.8499984741211,87.16000366210938,2479700,0.0,0.0
2022-10-05 00:00:00-04:00,85.72000122070312,86.30999755859375,84.87000274658203,85.37999725341797,1404900,0.0,0.0
2022-10-06 00:00:00-04:00,85.08999633789062,85.79000091552734,84.20999908447266,84.44000244140625,1369000,0.0,0.0
2022-10-07 00:00:00-04:00,83.27999877929688,83.5,81.83999633789062,82.08000183105469,1108100,0.0,0.0
2022-10-10 00:00:00-04:00,82.37999725341797,82.58999633789062,79.58999633789062,79.87999725341797,1572900,0.0,0.0
2022-10-11 00:00:00-04:00,79.69000244140625,79.80000305175781,77.76000213623047,78.05999755859375,1506100,0.0,0.0
2022-10-12 00:00:00-04:00,78.01000213623047,79.33000183105469,77.80999755859375,78.41000366210938,979600,0.0,0.0
2022-10-13 00:00:00-04:00,76.79000091552734,80.86000061035156,76.27999877929688,80.45999908447266,1260200,0.0,0.0
2022-10-14 00:00:00-04:00,81.54000091552734,82.0199966430664,79.83999633789062,79.9800033569336,931000,0.0,0.0
2022-10-17 00:00:00-04:00,81.61000061035156,82.8499984741211,81.26000213623047,82.54000091552734,1269500,0.0,0.0
2022-10-18 00:00:00-04:00,84.08000183105469,84.56999969482422,83.16000366210938,84.37999725341797,1424100,0.0,0.0
2022-10-19 00:00:00-04:00,83.37000274658203,84.2699966430664,82.48999786376953,82.94000244140625,951100,0.0,0.0
2022-10-20 00:00:00-04:00,83.22000122070312,85.68000030517578,83.22000122070312,84.16000366210938,1374400,0.0,0.0
2022-10-21 00:00:00-04:00,83.19000244140625,86.05999755859375,82.91999816894531,85.87999725341797,1052900,0.0,0.0
2022-10-24 00:00:00-04:00,85.93000030517578,86.86000061035156,85.16999816894531,86.38999938964844,953400,0.0,0.0
2022-10-25 00:00:00-04:00,86.95999908447266,88.7699966430664,86.77999877929688,88.44999694824219,1943300,0.0,0.0
2022-10-26 00:00:00-04:00,86.73999786376953,88.37000274658203,86.73999786376953,86.76000213623047,1389200,0.0,0.0
2022-10-27 00:00:00-04:00,86.62999725341797,87.93000030517578,86.04000091552734,87.58000183105469,1298700,0.0,0.0
2022-10-28 00:00:00-04:00,87.94000244140625,89.97000122070312,87.9000015258789,89.20999908447266,1142500,0.0,0.0
2022-10-31 00:00:00-04:00,89.0,89.26000213623047,87.66999816894531,88.33000183105469,1401900,0.0,0.0
2022-11-01 00:00:00-04:00,89.2699966430664,89.5199966430664,87.06999969482422,88.0999984741211,1223200,0.0,0.0
2022-11-02 00:00:00-04:00,87.93000030517578,88.80000305175781,85.37999725341797,85.41000366210938,1075000,0.0,0.0
2022-11-03 00:00:00-04:00,83.98999786376953,84.5,83.16000366210938,83.36000061035156,1571100,0.0,0.0
2022-11-04 00:00:00-04:00,83.63999938964844,84.66999816894531,82.33000183105469,84.0999984741211,1825800,0.0,0.0
2022-11-07 00:00:00-05:00,84.55000305175781,84.97000122070312,82.91000366210938,83.86000061035156,1818600,0.0,0.0
2022-11-08 00:00:00-05:00,83.41000366210938,86.0199966430664,82.77999877929688,83.88999938964844,2659700,0.0,0.0
2022-11-09 00:00:00-05:00,82.75,90.56999969482422,82.36000061035156,89.08000183105469,4317700,0.0,0.0
2022-11-10 00:00:00-05:00,91.80000305175781,93.12000274658203,90.94999694824219,92.91999816894531,2365500,0.0,0.0
2022-11-11 00:00:00-05:00,92.91999816894531,93.72000122070312,92.31999969482422,93.3499984741211,1613900,0.0,0.0
2022-11-14 00:00:00-05:00,92.12000274658203,93.05000305175781,91.41999816894531,91.52999877929688,1459400,0.0,0.0
2022-11-15 00:00:00-05:00,93.06999969482422,93.8499984741211,91.98999786376953,92.45999908447266,1416500,0.0,0.0
2022-11-16 00:00:00-05:00,91.83999633789062,92.08999633789062,90.13999938964844,90.81999969482422,2097700,0.0,0.0
2022-11-17 00:00:00-05:00,89.30000305175781,91.62000274658203,89.0999984741211,90.79000091552734,1033300,0.0,0.0
2022-11-18 00:00:00-05:00,91.83000183105469,92.47000122070312,90.5999984741211,90.94999694824219,1313400,0.0,0.0
2022-11-21 00:00:00-05:00,90.91000366210938,91.43000030517578,90.05999755859375,90.91999816894531,1301500,0.0,0.0
2022-11-22 00:00:00-05:00,91.23999786376953,91.77999877929688,90.72000122070312,91.7300033569336,739200,0.0,0.0
2022-11-23 00:00:00-05:00,91.76000213623047,92.41999816894531,91.43000030517578,91.91999816894531,639700,0.0,0.0
2022-11-25 00:00:00-05:00,91.81999969482422,92.63999938964844,91.80999755859375,92.5199966430664,381500,0.0,0.0
2022-11-28 00:00:00-05:00,91.80000305175781,93.37999725341797,91.44999694824219,91.55000305175781,2294600,0.0,0.0
2022-11-29 00:00:00-05:00,91.2699966430664,91.76000213623047,90.5,91.02999877929688,1044600,0.0,0.0
2022-11-30 00:00:00-05:00,90.76000213623047,95.18000030517578,90.75,94.86000061035156,2805900,0.0,0.0
2022-12-01 00:00:00-05:00,95.0,96.13999938964844,94.37999725341797,95.19999694824219,1178300,0.0,0.0
2022-12-02 00:00:00-05:00,93.86000061035156,94.05000305175781,93.44000244140625,93.79000091552734,856100,0.0,0.0
2022-12-05 00:00:00-05:00,92.79000091552734,93.06999969482422,91.44999694824219,91.5999984741211,1981600,0.0,0.0
2022-12-06 00:00:00-05:00,91.5,91.5,88.86000061035156,89.80999755859375,1198200,0.0,0.0
2022-12-07 00:00:00-05:00,89.3499984741211,90.38999938964844,89.3499984741211,89.66000366210938,753900,0.0,0.0
2022-12-08 00:00:00-05:00,89.75,91.02999877929688,89.19000244140625,89.93000030517578,1285800,0.0,0.0
2022-12-09 00:00:00-05:00,89.33000183105469,89.98999786376953,88.97000122070312,89.0199966430664,1654900,0.0,0.0
2022-12-12 00:00:00-05:00,88.69000244140625,90.58999633789062,88.66000366210938,90.58000183105469,1132000,0.0,0.0
2022-12-13 00:00:00-05:00,93.58999633789062,93.88999938964844,89.56999969482422,90.1500015258789,1305700,0.0,0.0
2022-12-14 00:00:00-05:00,89.7300033569336,90.4000015258789,87.98999786376953,88.83999633789062,1143000,0.0,0.0
2022-12-15 00:00:00-05:00,87.77999877929688,87.83000183105469,85.11000061035156,85.58999633789062,2128300,0.0,0.0
2022-12-16 00:00:00-05:00,85.08999633789062,85.30000305175781,84.19999694824219,84.9800033569336,3051900,0.0,0.0
2022-12-19 00:00:00-05:00,85.22000122070312,85.22000122070312,83.77999877929688,84.06999969482422,2505100,0.0,0.0
2022-12-20 00:00:00-05:00,83.69999694824219,84.75,83.5,84.5,1218500,0.0,0.0
2022-12-21 00:00:00-05:00,85.0,85.0,83.51000213623047,83.76000213623047,1732100,0.0,0.0
2022-12-22 00:00:00-05:00,82.98999786376953,83.0999984741211,81.33999633789062,82.72000122070312,1370000,0.0,0.0
2022-12-23 00:00:00-05:00,82.55000305175781,83.47000122070312,82.0199966430664,83.16000366210938,813800,0.0,0.0
2022-12-27 00:00:00-05:00,83.18000030517578,83.88999938964844,82.63999938964844,83.5,967300,0.0,0.0
2022-12-28 00:00:00-05:00,83.44000244140625,84.08000183105469,83.29000091552734,83.5,799100,0.0,0.0
2022-12-29 00:00:00-05:00,83.58999633789062,84.77999877929688,83.58999633789062,84.69999694824219,961300,0.0,0.0
2022-12-30 00:00:00-05:00,83.93000030517578,84.88999938964844,83.61000061035156,84.30000305175781,675000,0.0,0.0
2023-01-03 00:00:00-05:00,85.0,85.68000030517578,84.11000061035156,84.97000122070312,1308100,0.0,0.0
2023-01-04 00:00:00-05:00,85.7699966430664,86.20999908447266,84.93000030517578,85.86000061035156,1182400,0.0,0.0
2023-01-05 00:00:00-05:00,85.36000061035156,85.5,84.2699966430664,84.62000274658203,1013300,0.0,0.0
2023-01-06 00:00:00-05:00,85.33999633789062,86.20999908447266,84.5199966430664,85.8499984741211,926700,0.0,0.0
2023-01-09 00:00:00-05:00,86.51000213623047,87.62000274658203,86.37000274658203,86.87999725341797,1566900,0.0,0.0
2023-01-10 00:00:00-05:00,86.41999816894531,87.77999877929688,86.37999725341797,87.38999938964844,1101800,0.0,0.0
2023-01-11 00:00:00-05:00,88.0,88.88999938964844,87.5999984741211,88.7300033569336,1019300,0.0,0.0
2023-01-12 00:00:00-05:00,88.87000274658203,89.06999969482422,87.80000305175781,88.63999938964844,1084300,0.0,0.0
2023-01-13 00:00:00-05:00,88.01000213623047,89.27999877929688,87.7699966430664,88.69999694824219,786300,0.0,0.0
2023-01-17 00:00:00-05:00,88.86000061035156,89.20999908447266,88.44999694824219,88.87999725341797,1746800,0.0,0.0
2023-01-18 00:00:00-05:00,88.94000244140625,89.75,87.72000122070312,87.80000305175781,1318100,0.0,0.0
2023-01-19 00:00:00-05:00,87.23999786376953,87.9800033569336,86.54000091552734,86.58999633789062,1403600,0.0,0.0
2023-01-20 00:00:00-05:00,86.69000244140625,88.30000305175781,86.37999725341797,88.12999725341797,1506600,0.0,0.0
2023-01-23 00:00:00-05:00,87.98999786376953,89.29000091552734,87.83999633789062,89.19000244140625,1102700,0.0,0.0
2023-01-24 00:00:00-05:00,87.51000213623047,88.55000305175781,87.11000061035156,87.75,1154100,0.0,0.0
2023-01-25 00:00:00-05:00,87.13999938964844,87.19999694824219,85.66000366210938,86.62000274658203,1544700,0.0,0.0
2023-01-26 00:00:00-05:00,87.4000015258789,87.73999786376953,86.72000122070312,87.45999908447266,792700,0.0,0.0
2023-01-27 00:00:00-05:00,87.41999816894531,87.80999755859375,86.91999816894531,87.41999816894531,771400,0.0,0.0
2023-01-30 00:00:00-05:00,87.1500015258789,87.70999908447266,86.95999908447266,87.33999633789062,1187200,0.0,0.0
2023-01-31 00:00:00-05:00,87.47000122070312,89.04000091552734,87.29000091552734,88.94999694824219,1177900,0.0,0.0
2023-02-01 00:00:00-05:00,88.27999877929688,89.98999786376953,87.8499984741211,89.58000183105469,1006800,0.0,0.0
2023-02-02 00:00:00-05:00,90.0,91.7699966430664,89.81999969482422,91.27999877929688,1057800,0.0,0.0
2023-02-03 00:00:00-05:00,89.5199966430664,90.36000061035156,89.04000091552734,89.33000183105469,775500,0.0,0.0
2023-02-06 00:00:00-05:00,88.51000213623047,88.7300033569336,87.05999755859375,87.48999786376953,920100,0.0,0.0
2023-02-07 00:00:00-05:00,87.16000366210938,88.29000091552734,86.63999938964844,88.16000366210938,1092200,0.0,0.0
2023-02-08 00:00:00-05:00,88.12000274658203,88.30999755859375,86.0,86.2300033569336,1454100,0.0,0.0
2023-02-09 00:00:00-05:00,87.06999969482422,87.48999786376953,85.4800033569336,85.70999908447266,1211700,0.0,0.0
2023-02-10 00:00:00-05:00,85.12999725341797,86.31999969482422,84.7300033569336,85.5,1246600,0.0,0.0
2023-02-13 00:00:00-05:00,85.62999725341797,88.01000213623047,85.5199966430664,87.97000122070312,1977200,0.0,0.0
2023-02-14 00:00:00-05:00,87.98999786376953,88.88999938964844,87.26000213623047,87.79000091552734,1945000,0.0,0.0
2023-02-15 00:00:00-05:00,81.52999877929688,81.52999877929688,78.31999969482422,78.66000366210938,7745400,0.0,0.0
2023-02-16 00:00:00-05:00,78.02999877929688,78.9000015258789,76.7300033569336,77.06999969482422,3690300,0.0,0.0
2023-02-17 00:00:00-05:00,76.68000030517578,77.41999816894531,75.61000061035156,77.30000305175781,2232900,0.0,0.0
2023-02-21 00:00:00-05:00,76.7300033569336,77.05999755859375,75.6500015258789,76.4000015258789,2015100,0.0,0.0
2023-02-22 00:00:00-05:00,76.7699966430664,77.3499984741211,75.9800033569336,76.8499984741211,1617200,0.0,0.0
2023-02-23 00:00:00-05:00,76.73999786376953,76.9000015258789,74.47000122070312,75.1500015258789,2058900,0.0,0.0
2023-02-24 00:00:00-05:00,74.20999908447266,74.29000091552734,72.55999755859375,72.70999908447266,2059500,0.0,0.0
2023-02-27 00:00:00-05:00,73.1500015258789,74.41999816894531,73.06999969482422,73.30000305175781,2099000,0.0,0.0
2023-02-28 00:00:00-05:00,72.94999694824219,73.7300033569336,72.55000305175781,72.5999984741211,2348100,0.0,0.0
2023-03-01 00:00:00-05:00,72.36000061035156,73.30000305175781,72.13999938964844,73.05000305175781,1497500,0.0,0.0
2023-03-02 00:00:00-05:00,72.62999725341797,73.93000030517578,72.62999725341797,73.51000213623047,1379500,0.0,0.0
2023-03-03 00:00:00-05:00,74.05999755859375,75.87999725341797,74.01000213623047,75.6500015258789,2320000,0.0,0.0
2023-03-06 00:00:00-05:00,76.0,76.4000015258789,74.66999816894531,74.94000244140625,1693600,0.0,0.0
2023-03-07 00:00:00-05:00,75.27999877929688,75.77999877929688,74.37000274658203,74.72000122070312,1457000,0.0,0.0
2023-03-08 00:00:00-05:00,74.91000366210938,75.4000015258789,74.22000122070312,74.41000366210938,1224700,0.0,0.0
2023-03-09 00:00:00-05:00,74.41999816894531,75.0199966430664,73.62999725341797,73.69999694824219,2155200,0.0,0.0
2023-03-10 00:00:00-05:00,73.38999938964844,73.6500015258789,71.55000305175781,71.95999908447266,2058700,0.0,0.0
2023-03-13 00:00:00-04:00,71.70999908447266,72.22000122070312,70.6500015258789,70.75,2408200,0.0,0.0
2023-03-14 00:00:00-04:00,71.76000213623047,72.6500015258789,71.08999633789062,71.83000183105469,3309300,0.0,0.0
2023-03-15 00:00:00-04:00,71.31999969482422,72.52999877929688,71.20999908447266,71.94000244140625,2115500,0.0,0.0
2023-03-16 00:00:00-04:00,72.13999938964844,72.66999816894531,71.36000061035156,72.52999877929688,2508700,0.0,0.0
2023-03-17 00:00:00-04:00,72.88999938964844,73.93000030517578,72.4800033569336,73.61000061035156,4859400,0.0,0.0
2023-03-20 00:00:00-04:00,73.44999694824219,75.23999786376953,72.86000061035156,75.13999938964844,2385600,0.0,0.0
2023-03-21 00:00:00-04:00,75.05999755859375,75.9800033569336,74.72000122070312,75.69999694824219,1825500,0.0,0.0
2023-03-22 00:00:00-04:00,75.2699966430664,76.25,74.08000183105469,74.1500015258789,1415200,0.0,0.0
2023-03-23 00:00:00-04:00,74.73999786376953,76.01000213623047,74.5,75.05000305175781,1364800,0.0,0.0
2023-03-24 00:00:00-04:00,75.18000030517578,76.1500015258789,74.06999969482422,76.05000305175781,1210500,0.0,0.0
2023-03-27 00:00:00-04:00,76.5999984741211,76.94000244140625,76.0199966430664,76.37000274658203,1416300,0.0,0.0
2023-03-28 00:00:00-04:00,76.05000305175781,76.69000244140625,75.87999725341797,76.58000183105469,953100,0.0,0.0
2023-03-29 00:00:00-04:00,76.98999786376953,77.20999908447266,76.33000183105469,76.7300033569336,1625500,0.0,0.0
2023-03-30 00:00:00-04:00,76.97000122070312,77.05999755859375,76.27999877929688,76.55000305175781,1108000,0.0,0.0
2023-03-31 00:00:00-04:00,76.8499984741211,78.4000015258789,76.76000213623047,78.30000305175781,1406400,0.0,0.0
2023-04-03 00:00:00-04:00,78.30000305175781,78.5,77.5199966430664,77.87999725341797,1255900,0.0,0.0
2023-04-04 00:00:00-04:00,77.87999725341797,77.98999786376953,77.12999725341797,77.56999969482422,1040800,0.0,0.0
2023-04-05 00:00:00-04:00,77.70999908447266,77.75,76.87999725341797,77.41000366210938,1425900,0.0,0.0
2023-04-06 00:00:00-04:00,77.27999877929688,78.98999786376953,77.08000183105469,78.91999816894531,1079200,0.0,0.0
2023-04-10 00:00:00-04:00,78.37999725341797,78.62999725341797,77.51000213623047,78.2300033569336,1551100,0.0,0.0
2023-04-11 00:00:00-04:00,79.77999877929688,81.23999786376953,79.19000244140625,80.72000122070312,2120600,0.0,0.0
2023-04-12 00:00:00-04:00,81.23999786376953,81.72000122070312,80.62999725341797,81.18000030517578,1463200,0.0,0.0
2023-04-13 00:00:00-04:00,81.4800033569336,83.33999633789062,81.27999877929688,83.16999816894531,1628800,0.0,0.0
2023-04-14 00:00:00-04:00,82.66999816894531,83.0,82.02999877929688,82.55000305175781,1694900,0.0,0.0
2023-04-17 00:00:00-04:00,82.54000091552734,83.13999938964844,82.47000122070312,82.93000030517578,1070900,0.0,0.0
2023-04-18 00:00:00-04:00,83.29000091552734,83.3499984741211,82.4000015258789,82.81999969482422,1061200,0.0,0.0
2023-04-19 00:00:00-04:00,82.80000305175781,83.27999877929688,82.05000305175781,82.19999694824219,1145000,0.0,0.0
2023-04-20 00:00:00-04:00,81.8499984741211,82.0,80.54000091552734,80.8499984741211,1062800,0.0,0.0
2023-04-21 00:00:00-04:00,80.9000015258789,81.31999969482422,80.7300033569336,80.94000244140625,1064000,0.0,0.0
2023-04-24 00:00:00-04:00,80.91000366210938,81.13999938964844,80.31999969482422,80.6500015258789,700000,0.0,0.0
2023-04-25 00:00:00-04:00,80.30999755859375,80.63999938964844,79.45999908447266,79.47000122070312,1049400,0.0,0.0
2023-04-26 00:00:00-04:00,79.62000274658203,80.08999633789062,78.26000213623047,78.69999694824219,1135200,0.0,0.0
2023-04-27 00:00:00-04:00,79.66000366210938,81.91000366210938,79.48999786376953,81.72000122070312,1299100,0.0,0.0
2023-04-28 00:00:00-04:00,81.19999694824219,82.02999877929688,81.11000061035156,81.97000122070312,1152500,0.0,0.0
2023-05-01 00:00:00-04:00,81.80000305175781,81.94000244140625,80.36000061035156,80.54000091552734,963200,0.0,0.0
2023-05-02 00:00:00-04:00,80.01000213623047,80.08000183105469,78.8499984741211,78.95999908447266,1447600,0.0,0.0
2023-05-03 00:00:00-04:00,79.30000305175781,79.6500015258789,78.3499984741211,78.45999908447266,1269800,0.0,0.0
2023-05-04 00:00:00-04:00,78.27999877929688,78.76000213623047,76.8499984741211,77.04000091552734,1426900,0.0,0.0
2023-05-05 00:00:00-04:00,77.37000274658203,78.81999969482422,77.25,78.55999755859375,2047000,0.0,0.0
2023-05-08 00:00:00-04:00,78.87999725341797,79.58999633789062,78.3499984741211,79.3499984741211,1238500,0.0,0.0
2023-05-09 00:00:00-04:00,79.0,79.3499984741211,78.4800033569336,78.87999725341797,1833300,0.0,0.0
2023-05-10 00:00:00-04:00,83.19999694824219,86.5,83.12000274658203,85.54000091552734,4274500,0.0,0.0
2023-05-11 00:00:00-04:00,85.31999969482422,86.05000305175781,84.91000366210938,85.91999816894531,2222000,0.0,0.0
2023-05-12 00:00:00-04:00,86.18000030517578,86.22000122070312,84.19000244140625,85.31999969482422,1381000,0.0,0.0
2023-05-15 00:00:00-04:00,85.2300033569336,86.19000244140625,85.1500015258789,85.91999816894531,970300,0.0,0.0
2023-05-16 00:00:00-04:00,85.5,87.08999633789062,85.3499984741211,86.87000274658203,1207900,0.0,0.0
2023-05-17 00:00:00-04:00,86.69999694824219,87.36000061035156,86.41999816894531,86.7699966430664,1578700,0.0,0.0
2023-05-18 00:00:00-04:00,86.5199966430664,87.91000366210938,86.26000213623047,87.7699966430664,1172400,0.0,0.0
2023-05-19 00:00:00-04:00,87.80999755859375,88.33000183105469,87.25,87.2699966430664,1477300,0.0,0.0
2023-05-22 00:00:00-04:00,87.5,88.31999969482422,87.22000122070312,87.94999694824219,1061700,0.0,0.0
2023-05-23 00:00:00-04:00,87.69999694824219,88.2699966430664,87.01000213623047,87.02999877929688,893600,0.0,0.0
2023-05-24 00:00:00-04:00,86.7300033569336,87.95999908447266,86.30999755859375,87.63999938964844,1080400,0.0,0.0
2023-05-25 00:00:00-04:00,88.16999816894531,89.36000061035156,87.83999633789062,89.05999755859375,1807200,0.0,0.0
2023-05-26 00:00:00-04:00,89.18000030517578,90.66999816894531,89.06999969482422,90.56999969482422,1185300,0.0,0.0
2023-05-30 00:00:00-04:00,91.05999755859375,92.72000122070312,91.05999755859375,92.11000061035156,1745100,0.0,0.0
2023-05-31 00:00:00-04:00,91.55000305175781,92.9000015258789,91.52999877929688,92.12000274658203,3102700,0.0,0.0
2023-06-01 00:00:00-04:00,91.88999938964844,92.0999984741211,91.29000091552734,91.44999694824219,1361200,0.0,0.0
2023-06-02 00:00:00-04:00,92.0,93.69000244140625,92.0,93.51000213623047,1230200,0.0,0.0
2023-06-05 00:00:00-04:00,92.87999725341797,94.19000244140625,92.51000213623047,93.83999633789062,1518900,0.0,0.0
2023-06-06 00:00:00-04:00,93.81999969482422,93.81999969482422,92.93000030517578,93.30999755859375,1094900,0.0,0.0
2023-06-07 00:00:00-04:00,93.55000305175781,93.87999725341797,92.76000213623047,92.87999725341797,1145800,0.0,0.0
2023-06-08 00:00:00-04:00,93.80000305175781,93.80000305175781,92.48999786376953,92.62000274658203,953600,0.0,0.0
2023-06-09 00:00:00-04:00,92.5,93.23999786376953,91.87999725341797,92.4800033569336,1362700,0.0,0.0
2023-06-12 00:00:00-04:00,92.43000030517578,92.58999633789062,91.61000061035156,92.38999938964844,1569500,0.0,0.0
2023-06-13 00:00:00-04:00,92.80000305175781,92.95999908447266,91.56999969482422,91.7699966430664,1276500,0.0,0.0
2023-06-14 00:00:00-04:00,91.73999786376953,92.27999877929688,91.05999755859375,91.98999786376953,1272300,0.0,0.0
2023-06-15 00:00:00-04:00,91.18000030517578,92.51000213623047,91.18000030517578,92.06999969482422,1374900,0.0,0.0
2023-06-16 00:00:00-04:00,92.37000274658203,92.69000244140625,91.13999938964844,91.5,3711400,0.0,0.0
2023-06-20 00:00:00-04:00,91.19999694824219,91.91000366210938,90.25,90.68000030517578,1767600,0.0,0.0
2023-06-21 00:00:00-04:00,90.23999786376953,90.48999786376953,87.80999755859375,88.06999969482422,1958800,0.0,0.0
2023-06-22 00:00:00-04:00,87.63999938964844,88.37000274658203,86.94000244140625,88.26000213623047,1236400,0.0,0.0
2023-06-23 00:00:00-04:00,87.77999877929688,88.94000244140625,87.54000091552734,88.62999725341797,1689000,0.0,0.0
2023-06-26 00:00:00-04:00,88.37000274658203,88.88999938964844,88.16999816894531,88.44999694824219,1059700,0.0,0.0
2023-06-27 00:00:00-04:00,88.66999816894531,89.87999725341797,88.54000091552734,89.3499984741211,1202800,0.0,0.0
2023-06-28 00:00:00-04:00,89.22000122070312,89.3499984741211,88.55999755859375,89.05000305175781,1111200,0.0,0.0
2023-06-29 00:00:00-04:00,88.66000366210938,89.2699966430664,88.4000015258789,89.19000244140625,1066300,0.0,0.0
2023-06-30 00:00:00-04:00,90.0,90.7699966430664,89.4800033569336,89.87000274658203,1378600,0.0,0.0
2023-07-03 00:00:00-04:00,89.61000061035156,91.38999938964844,89.44000244140625,91.31999969482422,813200,0.0,0.0
2023-07-05 00:00:00-04:00,90.5999984741211,90.83999633789062,90.05999755859375,90.22000122070312,1217300,0.0,0.0
2023-07-06 00:00:00-04:00,89.3499984741211,89.69999694824219,88.9000015258789,89.5,1208200,0.0,0.0
2023-07-07 00:00:00-04:00,89.20999908447266,90.48999786376953,89.08000183105469,89.7699966430664,817300,0.0,0.0
2023-07-10 00:00:00-04:00,89.51000213623047,90.93000030517578,89.4000015258789,90.83000183105469,1112600,0.0,0.0
2023-07-11 00:00:00-04:00,91.0,91.37999725341797,90.56999969482422,90.94000244140625,1401700,0.0,0.0
2023-07-12 00:00:00-04:00,91.93000030517578,91.93000030517578,90.38999938964844,91.02999877929688,1332600,0.0,0.0
2023-07-13 00:00:00-04:00,91.52999877929688,93.68000030517578,91.33999633789062,93.02999877929688,1102000,0.0,0.0
2023-07-14 00:00:00-04:00,92.80999755859375,93.05999755859375,91.98999786376953,92.31999969482422,1079700,0.0,0.0
2023-07-17 00:00:00-04:00,92.18000030517578,92.88999938964844,92.13999938964844,92.45999908447266,638200,0.0,0.0
2023-07-18 00:00:00-04:00,92.30000305175781,93.88999938964844,92.0,93.80000305175781,1319300,0.0,0.0
2023-07-19 00:00:00-04:00,93.83999633789062,94.80000305175781,93.70999908447266,93.9800033569336,1260500,0.0,0.0
2023-07-20 00:00:00-04:00,93.2300033569336,93.33000183105469,91.7300033569336,92.18000030517578,1595200,0.0,0.0
2023-07-21 00:00:00-04:00,92.7699966430664,93.05999755859375,91.94000244140625,92.37999725341797,1612100,0.0,0.0
2023-07-24 00:00:00-04:00,92.55000305175781,92.87000274658203,92.0,92.80000305175781,778700,0.0,0.0
2023-07-25 00:00:00-04:00,92.88999938964844,93.7699966430664,92.87000274658203,93.56999969482422,771000,0.0,0.0
2023-07-26 00:00:00-04:00,93.41000366210938,94.33000183105469,93.31999969482422,94.19000244140625,1001200,0.0,0.0
2023-07-27 00:00:00-04:00,95.0,95.36000061035156,93.68000030517578,93.98999786376953,1133800,0.0,0.0
2023-07-28 00:00:00-04:00,94.83999633789062,95.22000122070312,94.26000213623047,94.63999938964844,898400,0.0,0.0
2023-07-31 00:00:00-04:00,94.2300033569336,95.20999908447266,94.12999725341797,94.5,846100,0.0,0.0
2023-08-01 00:00:00-04:00,93.91000366210938,94.73999786376953,93.75,94.0199966430664,670600,0.0,0.0
2023-08-02 00:00:00-04:00,93.19999694824219,93.19999694824219,92.26000213623047,92.41999816894531,879000,0.0,0.0
2023-08-03 00:00:00-04:00,92.44000244140625,93.16000366210938,91.83999633789062,92.73999786376953,851200,0.0,0.0
2023-08-04 00:00:00-04:00,93.33999633789062,93.4800033569336,92.36000061035156,92.62999725341797,1278900,0.0,0.0
2023-08-07 00:00:00-04:00,92.97000122070312,95.87999725341797,92.7300033569336,95.33000183105469,2081100,0.0,0.0
2023-08-08 00:00:00-04:00,94.37000274658203,95.29000091552734,93.55999755859375,94.94999694824219,2546100,0.0,0.0
2023-08-09 00:00:00-04:00,101.5,107.47000122070312,101.08000183105469,102.98999786376953,5637200,0.0,0.0
2023-08-10 00:00:00-04:00,103.69999694824219,104.16999816894531,102.08000183105469,103.94999694824219,2447600,0.0,0.0
2023-08-11 00:00:00-04:00,103.94000244140625,104.5199966430664,103.1500015258789,104.33999633789062,1383700,0.0,0.0
2023-08-14 00:00:00-04:00,104.0,104.0,103.08999633789062,103.94999694824219,1441300,0.0,0.0
2023-08-15 00:00:00-04:00,102.41999816894531,103.69999694824219,101.66000366210938,103.11000061035156,2604400,0.0,0.0
2023-08-16 00:00:00-04:00,102.5,102.91999816894531,101.5199966430664,101.68000030517578,5461000,0.0,0.0
2023-08-17 00:00:00-04:00,101.7300033569336,102.02999877929688,99.75,100.20999908447266,2361100,0.0,0.0
2023-08-18 00:00:00-04:00,99.52999877929688,101.4800033569336,99.22000122070312,100.9000015258789,1605200,0.0,0.0
2023-08-21 00:00:00-04:00,101.0,101.58999633789062,100.33999633789062,100.58999633789062,1170000,0.0,0.0
2023-08-22 00:00:00-04:00,100.9800033569336,101.98999786376953,100.94000244140625,101.2300033569336,1126400,0.0,0.0
2023-08-23 00:00:00-04:00,101.83000183105469,102.6500015258789,101.11000061035156,102.44000244140625,1126800,0.0,0.0
2023-08-24 00:00:00-04:00,102.62999725341797,102.9000015258789,101.62999725341797,101.6500015258789,1233900,0.0,0.0
2023-08-25 00:00:00-04:00,102.30000305175781,103.2300033569336,101.80000305175781,102.81999969482422,1406700,0.0,0.0
2023-08-28 00:00:00-04:00,103.0,103.70999908447266,102.83000183105469,103.22000122070312,864700,0.0,0.0
2023-08-29 00:00:00-04:00,103.2300033569336,104.4000015258789,103.02999877929688,104.4000015258789,1356000,0.0,0.0
2023-08-30 00:00:00-04:00,104.20999908447266,104.94000244140625,103.77999877929688,104.63999938964844,1257800,0.0,0.0
2023-08-31 00:00:00-04:00,105.0,105.62000274658203,104.87000274658203,105.08999633789062,1970700,0.0,0.0
2023-09-01 00:00:00-04:00,105.75,105.97000122070312,105.23999786376953,105.3499984741211,1048700,0.0,0.0
2023-09-05 00:00:00-04:00,104.6500015258789,105.48999786376953,104.43000030517578,104.55000305175781,1476400,0.0,0.0
2023-09-06 00:00:00-04:00,104.51000213623047,105.12999725341797,103.58000183105469,103.80000305175781,1197800,0.0,0.0
2023-09-07 00:00:00-04:00,104.0999984741211,106.13999938964844,103.63999938964844,104.06999969482422,2799000,0.0,0.0
2023-09-08 00:00:00-04:00,103.98999786376953,105.30999755859375,103.94000244140625,104.68000030517578,1934400,0.0,0.0
2023-09-11 00:00:00-04:00,105.87000274658203,106.20999908447266,104.66000366210938,104.75,1515500,0.0,0.0
2023-09-12 00:00:00-04:00,104.19999694824219,105.33999633789062,103.93000030517578,104.01000213623047,1325100,0.0,0.0
2023-09-13 00:00:00-04:00,104.38999938964844,104.94000244140625,103.87999725341797,104.79000091552734,3495500,0.0,0.0
2023-09-14 00:00:00-04:00,105.05000305175781,105.94999694824219,104.86000061035156,105.5199966430664,1942000,0.0,0.0
2023-09-15 00:00:00-04:00,105.66999816894531,106.05999755859375,104.33999633789062,104.5,2764500,0.0,0.0
2023-09-18 00:00:00-04:00,103.91999816894531,105.8499984741211,103.83000183105469,105.58999633789062,2030400,0.0,0.0
2023-09-19 00:00:00-04:00,105.36000061035156,106.62999725341797,105.08000183105469,106.62000274658203,2252300,0.0,0.0
2023-09-20 00:00:00-04:00,107.08999633789062,109.05000305175781,106.8499984741211,108.48999786376953,3413500,0.0,0.0
2023-09-21 00:00:00-04:00,107.66000366210938,108.8499984741211,106.69999694824219,107.93000030517578,3855000,0.0,0.0
2023-09-22 00:00:00-04:00,108.29000091552734,108.38999938964844,107.12999725341797,107.55000305175781,2311400,0.0,0.0
2023-09-25 00:00:00-04:00,107.29000091552734,107.91999816894531,107.13999938964844,107.61000061035156,1795200,0.0,0.0
2023-09-26 00:00:00-04:00,107.04000091552734,108.13999938964844,105.72000122070312,106.25,2284800,0.0,0.0
2023-09-27 00:00:00-04:00,106.66999816894531,107.66999816894531,106.36000061035156,106.95999908447266,1959900,0.0,0.0
2023-09-28 00:00:00-04:00,106.58999633789062,107.94000244140625,106.19000244140625,107.04000091552734,1401300,0.0,0.0
2023-09-29 00:00:00-04:00,107.0,107.66999816894531,106.47000122070312,106.54000091552734,1189000,0.0,0.0
2023-10-02 00:00:00-04:00,106.7300033569336,107.4800033569336,105.83000183105469,106.83000183105469,1236100,0.0,0.0
2023-10-03 00:00:00-04:00,106.38999938964844,106.61000061035156,105.08000183105469,105.62000274658203,1232700,0.0,0.0
2023-10-04 00:00:00-04:00,105.83999633789062,106.81999969482422,105.83000183105469,106.54000091552734,1367900,0.0,0.0
2023-10-05 00:00:00-04:00,106.54000091552734,106.8499984741211,105.30000305175781,105.66000366210938,1041900,0.0,0.0
2023-10-06 00:00:00-04:00,104.76000213623047,106.80999755859375,103.79000091552734,105.76000213623047,1350100,0.0,0.0
2023-10-09 00:00:00-04:00,105.19999694824219,106.1500015258789,104.5999984741211,105.7300033569336,1212000,0.0,0.0
2023-10-10 00:00:00-04:00,105.62000274658203,108.5199966430664,105.48999786376953,108.19000244140625,1949400,0.0,0.0
2023-10-11 00:00:00-04:00,108.56999969482422,109.23999786376953,107.5999984741211,108.37000274658203,1608400,0.0,0.0
2023-10-12 00:00:00-04:00,108.61000061035156,108.95999908447266,107.05000305175781,107.66000366210938,870100,0.0,0.0
2023-10-13 00:00:00-04:00,107.6500015258789,108.16000366210938,105.87000274658203,106.61000061035156,1367700,0.0,0.0
2023-10-16 00:00:00-04:00,106.93000030517578,107.66999816894531,106.3499984741211,107.37999725341797,862400,0.0,0.0
2023-10-17 00:00:00-04:00,107.30000305175781,108.31999969482422,107.18000030517578,107.63999938964844,1193700,0.0,0.0
2023-10-18 00:00:00-04:00,107.02999877929688,108.27999877929688,106.87999725341797,107.11000061035156,999600,0.0,0.0
2023-10-19 00:00:00-04:00,107.33999633789062,108.6500015258789,106.20999908447266,106.98999786376953,1727300,0.0,0.0
2023-10-20 00:00:00-04:00,107.06999969482422,107.26000213623047,103.88999938964844,104.0199966430664,2113000,0.0,0.0
2023-10-23 00:00:00-04:00,103.83999633789062,104.41999816894531,103.30000305175781,103.4800033569336,1179400,0.0,0.0
2023-10-24 00:00:00-04:00,104.16000366210938,104.91999816894531,103.33000183105469,104.2699966430664,1426600,0.0,0.0
2023-10-25 00:00:00-04:00,103.87999725341797,104.2699966430664,102.26000213623047,102.5999984741211,1225400,0.0,0.0
2023-10-26 00:00:00-04:00,103.13999938964844,103.5,101.13999938964844,101.8499984741211,1175500,0.0,0.0
2023-10-27 00:00:00-04:00,101.58999633789062,102.58999633789062,101.44999694824219,102.01000213623047,842500,0.0,0.0
2023-10-30 00:00:00-04:00,102.83000183105469,103.33999633789062,101.69999694824219,102.56999969482422,1077500,0.0,0.0
2023-10-31 00:00:00-04:00,102.95999908447266,103.68000030517578,102.54000091552734,103.33000183105469,1104700,0.0,0.0
2023-11-01 00:00:00-04:00,103.38999938964844,104.0999984741211,103.0999984741211,103.88999938964844,1034800,0.0,0.0
2023-11-02 00:00:00-04:00,104.11000061035156,105.58999633789062,104.11000061035156,105.2699966430664,1605500,0.0,0.0
2023-11-03 00:00:00-04:00,105.88999938964844,108.5199966430664,105.6500015258789,108.5,1984800,0.0,0.0
2023-11-06 00:00:00-05:00,108.47000122070312,108.5,107.7699966430664,108.44000244140625,1693400,0.0,0.0
2023-11-07 00:00:00-05:00,109.5,111.31999969482422,108.75,108.86000061035156,3233200,0.0,0.0
2023-11-08 00:00:00-05:00,109.62000274658203,111.80000305175781,107.61000061035156,110.55999755859375,3952800,0.0,0.0
2023-11-09 00:00:00-05:00,110.5,110.80000305175781,109.16000366210938,109.79000091552734,1948700,0.0,0.0
2023-11-10 00:00:00-05:00,110.19000244140625,110.97000122070312,109.52999877929688,110.7699966430664,1305800,0.0,0.0
2023-11-13 00:00:00-05:00,110.51000213623047,111.2699966430664,110.19999694824219,110.9800033569336,1042900,0.0,0.0
2023-11-14 00:00:00-05:00,112.0,112.43000030517578,111.37999725341797,112.12000274658203,1688800,0.0,0.0
2023-11-15 00:00:00-05:00,112.5,112.79000091552734,111.79000091552734,112.05999755859375,1210100,0.0,0.0
2023-11-16 00:00:00-05:00,112.0,112.5999984741211,111.30999755859375,111.37000274658203,1874500,0.0,0.0
2023-11-17 00:00:00-05:00,111.47000122070312,112.37999725341797,111.29000091552734,112.37000274658203,1100600,0.0,0.0
2023-11-20 00:00:00-05:00,112.08999633789062,112.97000122070312,111.98999786376953,112.47000122070312,958800,0.0,0.0
2023-11-21 00:00:00-05:00,112.55999755859375,113.4800033569336,112.13999938964844,113.12999725341797,1368100,0.0,0.0
2023-11-22 00:00:00-05:00,113.48999786376953,114.16000366210938,113.26000213623047,113.56999969482422,714500,0.0,0.0
2023-11-24 00:00:00-05:00,113.5,113.83999633789062,112.94000244140625,113.6500015258789,435600,0.0,0.0
2023-11-27 00:00:00-05:00,113.66999816894531,114.01000213623047,113.20999908447266,113.75,986200,0.0,0.0
2023-11-28 00:00:00-05:00,113.30000305175781,114.66999816894531,113.30000305175781,114.6500015258789,1502300,0.0,0.0
2023-11-29 00:00:00-05:00,114.83000183105469,116.08000183105469,114.83000183105469,115.69999694824219,1685900,0.0,0.0
2023-11-30 00:00:00-05:00,115.77999877929688,116.0999984741211,114.62000274658203,115.52999877929688,2877300,0.0,0.0
2023-12-01 00:00:00-05:00,115.62999725341797,116.33000183105469,114.33999633789062,116.02999877929688,1264100,0.0,0.0
2023-12-04 00:00:00-05:00,115.44999694824219,116.87999725341797,115.44999694824219,115.9000015258789,848300,0.0,0.0
2023-12-05 00:00:00-05:00,115.33000183105469,115.69999694824219,114.87000274658203,115.62000274658203,932900,0.0,0.0
2023-12-06 00:00:00-05:00,116.01000213623047,116.23999786376953,114.43000030517578,114.47000122070312,858700,0.0,0.0
2023-12-07 00:00:00-05:00,114.77999877929688,115.5199966430664,114.1500015258789,114.93000030517578,1463500,0.0,0.0
2023-12-08 00:00:00-05:00,114.37000274658203,114.91999816894531,114.01000213623047,114.41000366210938,1129600,0.0,0.0
2023-12-11 00:00:00-05:00,114.41000366210938,115.02999877929688,114.1500015258789,114.72000122070312,1182200,0.0,0.0
2023-12-12 00:00:00-05:00,114.55999755859375,115.7699966430664,114.52999877929688,115.33000183105469,1232900,0.0,0.0
2023-12-13 00:00:00-05:00,115.66000366210938,117.51000213623047,115.26000213623047,117.5,1702000,0.0,0.0
2023-12-14 00:00:00-05:00,117.6500015258789,119.66000366210938,117.48999786376953,118.33000183105469,2500500,0.0,0.0
2023-12-15 00:00:00-05:00,118.44999694824219,119.27999877929688,117.79000091552734,119.13999938964844,2888800,0.0,0.0
2023-12-18 00:00:00-05:00,119.4800033569336,120.05999755859375,118.86000061035156,119.94000244140625,1088500,0.0,0.0
2023-12-19 00:00:00-05:00,120.2300033569336,120.61000061035156,119.58999633789062,120.18000030517578,1537600,0.0,0.0
2023-12-20 00:00:00-05:00,120.18000030517578,120.5,119.19999694824219,119.36000061035156,965800,0.0,0.0
2023-12-21 00:00:00-05:00,119.9000015258789,120.11000061035156,118.81999969482422,119.48999786376953,1326300,0.0,0.0
2023-12-22 00:00:00-05:00,119.87999725341797,120.18000030517578,119.2699966430664,119.62000274658203,984600,0.0,0.0
2023-12-26 00:00:00-05:00,119.54000091552734,119.81999969482422,119.30999755859375,119.4800033569336,723600,0.0,0.0
2023-12-27 00:00:00-05:00,119.5,119.91999816894531,118.62000274658203,119.0,1127300,0.0,0.0
2023-12-28 00:00:00-05:00,119.25,119.37999725341797,118.94999694824219,119.0199966430664,566200,0.0,0.0
2023-12-29 00:00:00-05:00,118.91999816894531,119.08999633789062,117.66000366210938,118.3499984741211,772000,0.0,0.0
2024-01-02 00:00:00-05:00,117.13999938964844,117.41999816894531,116.37999725341797,116.87999725341797,1216900,0.0,0.0
2024-01-03 00:00:00-05:00,116.5999984741211,116.9000015258789,115.69000244140625,116.30999755859375,1233700,0.0,0.0
2024-01-04 00:00:00-05:00,116.08999633789062,116.37000274658203,114.61000061035156,114.62999725341797,1083400,0.0,0.0
2024-01-05 00:00:00-05:00,114.63999938964844,115.20999908447266,114.0999984741211,114.33000183105469,1333600,0.0,0.0
2024-01-08 00:00:00-05:00,114.63999938964844,116.04000091552734,114.63999938964844,115.98999786376953,760700,0.0,0.0
2024-01-09 00:00:00-05:00,115.83999633789062,116.55999755859375,115.51000213623047,115.69999694824219,858600,0.0,0.0
2024-01-10 00:00:00-05:00,115.5999984741211,116.31999969482422,115.33999633789062,116.08000183105469,699800,0.0,0.0
2024-01-11 00:00:00-05:00,116.0999984741211,117.4000015258789,115.5,117.27999877929688,918400,0.0,0.0
2024-01-12 00:00:00-05:00,117.94999694824219,118.66999816894531,117.44000244140625,118.0999984741211,1081400,0.0,0.0
2024-01-16 00:00:00-05:00,117.58000183105469,118.91999816894531,117.3499984741211,118.47000122070312,1334300,0.0,0.0
2024-01-17 00:00:00-05:00,118.12000274658203,118.47000122070312,117.66999816894531,117.70999908447266,752900,0.0,0.0
2024-01-18 00:00:00-05:00,118.16000366210938,119.55999755859375,117.95999908447266,119.33000183105469,1491300,0.0,0.0
2024-01-19 00:00:00-05:00,119.63999938964844,120.68000030517578,119.2300033569336,120.3499984741211,1710300,0.0,0.0
2024-01-22 00:00:00-05:00,121.41000366210938,122.19000244140625,121.05999755859375,121.88999938964844,1488900,0.0,0.0
2024-01-23 00:00:00-05:00,122.1500015258789,123.2699966430664,121.66000366210938,123.2300033569336,1325600,0.0,0.0
2024-01-24 00:00:00-05:00,123.98999786376953,125.5,123.62000274658203,123.76000213623047,2642300,0.0,0.0
2024-01-25 00:00:00-05:00,123.94999694824219,124.16999816894531,122.30999755859375,123.66000366210938,1950000,0.0,0.0
2024-01-26 00:00:00-05:00,123.77999877929688,123.94000244140625,122.9000015258789,123.05999755859375,769500,0.0,0.0
2024-01-29 00:00:00-05:00,122.66000366210938,124.58000183105469,121.83000183105469,124.52999877929688,1393100,0.0,0.0
2024-01-30 00:00:00-05:00,124.62999725341797,125.0999984741211,124.08999633789062,124.66000366210938,1984000,0.0,0.0
2024-01-31 00:00:00-05:00,124.5,124.62000274658203,122.6500015258789,123.2300033569336,1404700,0.0,0.0
2024-02-01 00:00:00-05:00,123.45999908447266,124.44000244140625,122.93000030517578,124.04000091552734,1248300,0.0,0.0
2024-02-02 00:00:00-05:00,124.16999816894531,124.56999969482422,122.68000030517578,124.41000366210938,1338900,0.0,0.0
2024-02-05 00:00:00-05:00,123.95999908447266,125.19999694824219,122.63999938964844,124.61000061035156,1405700,0.0,0.0
2024-02-06 00:00:00-05:00,125.0,125.11000061035156,123.63999938964844,124.4800033569336,1221300,0.0,0.0
2024-02-07 00:00:00-05:00,125.05000305175781,125.9000015258789,124.1500015258789,125.56999969482422,1195600,0.0,0.0
2024-02-08 00:00:00-05:00,125.08999633789062,127.33999633789062,125.05999755859375,126.77999877929688,1564600,0.0,0.0
2024-02-09 00:00:00-05:00,128.0500030517578,129.1699981689453,126.9800033569336,128.32000732421875,1704200,0.0,0.0
2024-02-12 00:00:00-05:00,128.5500030517578,128.6199951171875,126.95999908447266,128.14999389648438,1976800,0.0,0.0
2024-02-13 00:00:00-05:00,125.5199966430664,126.77999877929688,124.2699966430664,125.05000305175781,3047600,0.0,0.0
2024-02-14 00:00:00-05:00,119.12000274658203,122.0,113.80999755859375,114.80000305175781,7080500,0.0,0.0
2024-02-15 00:00:00-05:00,114.19999694824219,114.66999816894531,111.02999877929688,111.56999969482422,4018200,0.0,0.0
2024-02-16 00:00:00-05:00,111.05000305175781,112.11000061035156,108.86000061035156,109.19000244140625,3364800,0.0,0.0
2024-02-20 00:00:00-05:00,108.5999984741211,109.43000030517578,108.13999938964844,108.36000061035156,2390600,0.0,0.0
2024-02-21 00:00:00-05:00,107.80000305175781,108.27999877929688,107.0,107.16000366210938,2618600,0.0,0.0
2024-02-22 00:00:00-05:00,108.47000122070312,108.70999908447266,106.56999969482422,106.94999694824219,3471900,0.0,0.0
2024-02-23 00:00:00-05:00,107.69000244140625,109.12999725341797,107.3499984741211,108.16999816894531,1419100,0.0,0.0
2024-02-26 00:00:00-05:00,108.11000061035156,109.48999786376953,107.51000213623047,108.06999969482422,1932600,0.0,0.0
2024-02-27 00:00:00-05:00,108.19999694824219,108.44000244140625,107.16000366210938,107.76000213623047,1482100,0.0,0.0
2024-02-28 00:00:00-05:00,107.66000366210938,108.45999908447266,107.48999786376953,108.13999938964844,975200,0.0,0.0
2024-02-29 00:00:00-05:00,108.91999816894531,111.06999969482422,108.58999633789062,110.91999816894531,2836600,0.0,0.0
2024-03-01 00:00:00-05:00,110.55000305175781,111.5999984741211,109.66000366210938,110.23999786376953,2295800,0.0,0.0
2024-03-04 00:00:00-05:00,110.44000244140625,111.52999877929688,109.9000015258789,110.76000213623047,1274400,0.0,0.0
2024-03-05 00:00:00-05:00,110.5,111.80000305175781,109.3499984741211,109.37999725341797,1675100,0.0,0.0
2024-03-06 00:00:00-05:00,110.29000091552734,110.83000183105469,109.2699966430664,110.16000366210938,1489500,0.0,0.0
2024-03-07 00:00:00-05:00,111.83999633789062,113.13999938964844,110.69000244140625,112.83000183105469,3387700,0.0,0.0
2024-03-08 00:00:00-05:00,112.4000015258789,113.36000061035156,110.41999816894531,111.0,2160300,0.0,0.0
2024-03-11 00:00:00-04:00,110.73999786376953,111.79000091552734,109.9000015258789,110.02999877929688,2470100,0.0,0.0
2024-03-12 00:00:00-04:00,109.6500015258789,110.55000305175781,109.13999938964844,109.77999877929688,2156900,0.0,0.0
2024-03-13 00:00:00-04:00,109.66000366210938,110.79000091552734,109.47000122070312,109.52999877929688,1451300,0.0,0.0
2024-03-14 00:00:00-04:00,109.58000183105469,109.88999938964844,108.30000305175781,108.94999694824219,1392600,0.0,0.0
2024-03-15 00:00:00-04:00,108.27999877929688,108.9000015258789,107.1500015258789,107.25,2957800,0.0,0.0
2024-03-18 00:00:00-04:00,107.47000122070312,108.9000015258789,107.25,107.87000274658203,1528700,0.0,0.0
2024-03-19 00:00:00-04:00,107.31999969482422,107.8499984741211,106.80999755859375,107.79000091552734,1326800,0.0,0.0
2024-03-20 00:00:00-04:00,107.8499984741211,109.63999938964844,107.69999694824219,109.5999984741211,1809500,0.0,0.0
2024-03-21 00:00:00-04:00,109.66999816894531,110.18000030517578,109.05999755859375,109.1500015258789,1123100,0.0,0.0
2024-03-22 00:00:00-04:00,109.93000030517578,109.95999908447266,108.55000305175781,108.97000122070312,949700,0.0,0.0
2024-03-25 00:00:00-04:00,108.61000061035156,109.4800033569336,108.3499984741211,108.55999755859375,1199700,0.0,0.0
2024-03-26 00:00:00-04:00,108.91000366210938,109.11000061035156,107.87000274658203,108.0199966430664,849200,0.0,0.0
2024-03-27 00:00:00-04:00,108.69999694824219,109.66999816894531,108.44000244140625,109.62999725341797,1109500,0.0,0.0
2024-03-28 00:00:00-04:00,109.55999755859375,110.13999938964844,108.51000213623047,108.76000213623047,1411400,0.0,0.0
2024-04-01 00:00:00-04:00,108.7699966430664,109.9800033569336,108.76000213623047,109.33000183105469,1063100,0.0,0.0
2024-04-02 00:00:00-04:00,108.66000366210938,108.73999786376953,107.33000183105469,107.37999725341797,1123400,0.0,0.0
2024-04-03 00:00:00-04:00,107.19000244140625,107.91000366210938,106.22000122070312,107.08000183105469,1183300,0.0,0.0
2024-04-04 00:00:00-04:00,107.72000122070312,108.18000030517578,105.83999633789062,105.98999786376953,1173800,0.0,0.0
2024-04-05 00:00:00-04:00,105.77999877929688,106.87999725341797,105.77999877929688,106.23999786376953,919200,0.0,0.0
2024-04-08 00:00:00-04:00,106.2300033569336,106.69000244140625,105.62000274658203,105.81999969482422,1012800,0.0,0.0
2024-04-09 00:00:00-04:00,106.13999938964844,107.5999984741211,105.73999786376953,107.56999969482422,1233400,0.0,0.0
2024-04-10 00:00:00-04:00,106.30999755859375,107.12000274658203,104.0199966430664,104.37999725341797,1183900,0.0,0.0
2024-04-11 00:00:00-04:00,104.37999725341797,106.11000061035156,104.08000183105469,105.08999633789062,1374100,0.0,0.0
2024-04-12 00:00:00-04:00,104.33000183105469,104.38999938964844,102.94000244140625,103.47000122070312,1039300,0.0,0.0
2024-04-15 00:00:00-04:00,103.87000274658203,104.44999694824219,101.9000015258789,102.22000122070312,1576900,0.0,0.0
2024-04-16 00:00:00-04:00,102.16000366210938,102.33999633789062,101.06999969482422,101.33000183105469,935700,0.0,0.0
2024-04-17 00:00:00-04:00,101.36000061035156,102.25,100.2699966430664,100.33999633789062,1303600,0.0,0.0
2024-04-18 00:00:00-04:00,100.80000305175781,101.38999938964844,100.0199966430664,100.7300033569336,1388100,0.0,0.0
2024-04-19 00:00:00-04:00,100.69000244140625,101.72000122070312,100.44999694824219,101.5,1312900,0.0,0.0
2024-04-22 00:00:00-04:00,101.61000061035156,101.94000244140625,100.52999877929688,100.87999725341797,1192900,0.0,0.0
2024-04-23 00:00:00-04:00,101.3499984741211,102.11000061035156,101.12000274658203,101.76000213623047,996400,0.0,0.0
2024-04-24 00:00:00-04:00,101.72000122070312,102.5999984741211,101.70999908447266,102.19000244140625,996800,0.0,0.0
2024-04-25 00:00:00-04:00,101.62000274658203,102.16000366210938,100.29000091552734,101.79000091552734,1139400,0.0,0.0
2024-04-26 00:00:00-04:00,102.18000030517578,102.62000274658203,101.66000366210938,101.68000030517578,820100,0.0,0.0
2024-04-29 00:00:00-04:00,101.70999908447266,102.83000183105469,101.62000274658203,101.77999877929688,705700,0.0,0.0
2024-04-30 00:00:00-04:00,101.16000366210938,101.76000213623047,100.68000030517578,100.93000030517578,1691000,0.0,0.0
2024-05-01 00:00:00-04:00,101.01000213623047,102.38999938964844,100.73999786376953,100.88999938964844,767600,0.0,0.0
2024-05-02 00:00:00-04:00,101.01000213623047,101.01000213623047,97.70999908447266,99.73999786376953,1941300,0.0,0.0
2024-05-03 00:00:00-04:00,100.61000061035156,100.91000366210938,98.7300033569336,99.66999816894531,1724200,0.0,0.0
2024-05-06 00:00:00-04:00,100.08999633789062,101.36000061035156,100.08999633789062,101.08000183105469,1135600,0.0,0.0
2024-05-07 00:00:00-04:00,101.7300033569336,101.83999633789062,101.02999877929688,101.66999816894531,941900,0.0,0.0
2024-05-08 00:00:00-04:00,101.37000274658203,102.16000366210938,100.9000015258789,102.12000274658203,1719100,0.0,0.0
2024-05-09 00:00:00-04:00,102.0999984741211,102.6500015258789,101.54000091552734,102.45999908447266,3679100,0.0,0.0
2024-05-10 00:00:00-04:00,94.19999694824219,94.81999969482422,90.52999877929688,91.19000244140625,9731100,0.0,0.0
2024-05-13 00:00:00-04:00,91.47000122070312,94.7300033569336,91.38999938964844,94.31999969482422,3462400,0.0,0.0
2024-05-14 00:00:00-04:00,94.30000305175781,94.5999984741211,92.05999755859375,93.12999725341797,2505600,0.0,0.0
2024-05-15 00:00:00-04:00,94.83999633789062,96.12000274658203,94.29000091552734,95.9800033569336,2303400,0.0,0.0
2024-05-16 00:00:00-04:00,95.58999633789062,97.23999786376953,94.63999938964844,96.87000274658203,2724000,0.0,0.0
2024-05-17 00:00:00-04:00,96.61000061035156,96.68000030517578,95.11000061035156,95.20999908447266,2430600,0.0,0.0
2024-05-20 00:00:00-04:00,95.19999694824219,95.41000366210938,94.33999633789062,94.9000015258789,1803300,0.0,0.0
2024-05-21 00:00:00-04:00,94.52999877929688,95.33000183105469,94.29000091552734,94.5,1482800,0.0,0.0
2024-05-22 00:00:00-04:00,94.62000274658203,95.94999694824219,94.62000274658203,95.29000091552734,1062100,0.0,0.0
2024-05-23 00:00:00-04:00,95.29000091552734,95.29000091552734,93.76000213623047,93.95999908447266,1350900,0.0,0.0
2024-05-24 00:00:00-04:00,94.55000305175781,94.66999816894531,93.75,94.13999938964844,1039000,0.0,0.0
2024-05-28 00:00:00-04:00,93.54000091552734,94.1500015258789,92.48999786376953,92.58999633789062,1497900,0.0,0.0
2024-05-29 00:00:00-04:00,92.0,92.37999725341797,90.77999877929688,90.83999633789062,1332200,0.0,0.0
2024-05-30 00:00:00-04:00,90.83999633789062,90.88999938964844,89.55000305175781,90.22000122070312,2662200,0.0,0.0
2024-05-31 00:00:00-04:00,90.12000274658203,92.41000366210938,89.5999984741211,92.23999786376953,3298500,0.0,0.0
2024-06-03 00:00:00-04:00,92.23999786376953,92.75,90.30000305175781,90.9000015258789,1483600,0.0,0.0
2024-06-04 00:00:00-04:00,90.61000061035156,91.70999908447266,90.44999694824219,91.05999755859375,1665400,0.0,0.0
2024-06-05 00:00:00-04:00,91.33999633789062,91.47000122070312,90.06999969482422,90.73999786376953,1282500,0.0,0.0
2024-06-06 00:00:00-04:00,90.5,91.30000305175781,89.91000366210938,90.0199966430664,1830200,0.0,0.0
2024-06-07 00:00:00-04:00,90.0199966430664,90.66999816894531,88.98999786376953,89.18000030517578,1472600,0.0,0.0
2024-06-10 00:00:00-04:00,88.80000305175781,90.41000366210938,87.73999786376953,90.33999633789062,1839300,0.0,0.0
2024-06-11 00:00:00-04:00,90.1500015258789,90.18000030517578,89.30999755859375,89.70999908447266,1383800,0.0,0.0
2024-06-12 00:00:00-04:00,89.91999816894531,90.55999755859375,88.31999969482422,88.4000015258789,1818700,0.0,0.0
2024-06-13 00:00:00-04:00,88.0,88.55999755859375,87.58999633789062,88.3499984741211,1362300,0.0,0.0
2024-06-14 00:00:00-04:00,88.33999633789062,89.7300033569336,88.0199966430664,89.08999633789062,1292500,0.0,0.0
2024-06-17 00:00:00-04:00,88.81999969482422,89.43000030517578,88.12999725341797,89.11000061035156,1162100,0.0,0.0
2024-06-18 00:00:00-04:00,88.5999984741211,89.87000274658203,88.22000122070312,88.4800033569336,1610800,0.0,0.0
2024-06-20 00:00:00-04:00,88.6500015258789,89.8499984741211,88.08999633789062,89.36000061035156,1499900,0.0,0.0
2024-06-21 00:00:00-04:00,89.4800033569336,89.98999786376953,88.41999816894531,88.91999816894531,4806700,0.0,0.0
2024-06-24 00:00:00-04:00,89.02999877929688,89.9800033569336,88.6500015258789,88.73999786376953,1580700,0.0,0.0
2024-06-25 00:00:00-04:00,88.73999786376953,88.8499984741211,87.88999938964844,88.25,1165700,0.0,0.0
2024-06-26 00:00:00-04:00,88.0,89.13999938964844,87.83000183105469,88.43000030517578,937900,0.0,0.0
2024-06-27 00:00:00-04:00,88.44000244140625,89.97000122070312,88.12000274658203,89.94000244140625,1382400,0.0,0.0
2024-06-28 00:00:00-04:00,90.0,90.47000122070312,89.51000213623047,90.08000183105469,2069700,0.0,0.0
2024-07-01 00:00:00-04:00,90.16999816894531,90.20999908447266,89.0199966430664,89.52999877929688,775300,0.0,0.0
2024-07-02 00:00:00-04:00,89.55999755859375,90.94000244140625,89.55999755859375,90.81999969482422,1071700,0.0,0.0
2024-07-03 00:00:00-04:00,91.0,91.27999877929688,89.9000015258789,90.33000183105469,739000,0.0,0.0
2024-07-05 00:00:00-04:00,90.38999938964844,90.91999816894531,89.94999694824219,90.47000122070312,880800,0.0,0.0
2024-07-08 00:00:00-04:00,91.20999908447266,93.26000213623047,90.94999694824219,92.94000244140625,1854000,0.0,0.0
2024-07-09 00:00:00-04:00,93.0,93.05000305175781,91.08000183105469,92.4800033569336,1748900,0.0,0.0
2024-07-10 00:00:00-04:00,92.91999816894531,93.81999969482422,92.37999725341797,93.77999877929688,1417300,0.0,0.0
2024-07-11 00:00:00-04:00,93.62999725341797,95.2699966430664,93.62000274658203,94.0999984741211,1460500,0.0,0.0
2024-07-12 00:00:00-04:00,94.27999877929688,96.25,94.20999908447266,95.13999938964844,1335200,0.0,0.0
2024-07-15 00:00:00-04:00,95.37999725341797,96.83999633789062,95.27999877929688,96.26000213623047,975600,0.0,0.0
2024-07-16 00:00:00-04:00,96.5,97.62000274658203,95.94000244140625,97.4800033569336,1181100,0.0,0.0
2024-07-17 00:00:00-04:00,97.0,97.62999725341797,96.0999984741211,97.19000244140625,1065600,0.0,0.0
2024-07-18 00:00:00-04:00,97.23999786376953,97.80000305175781,95.29000091552734,95.79000091552734,1636300,0.0,0.0
2024-07-19 00:00:00-04:00,96.05000305175781,96.18000030517578,94.45999908447266,95.05000305175781,1425600,0.0,0.0
2024-07-22 00:00:00-04:00,95.47000122070312,96.61000061035156,94.97000122070312,96.33000183105469,1043000,0.0,0.0
2024-07-23 00:00:00-04:00,96.1500015258789,96.44999694824219,95.16000366210938,96.05999755859375,947300,0.0,0.0
2024-07-24 00:00:00-04:00,96.0999984741211,97.29000091552734,95.0999984741211,95.22000122070312,1280200,0.0,0.0
2024-07-25 00:00:00-04:00,95.43000030517578,98.16999816894531,95.27999877929688,96.37000274658203,1358700,0.0,0.0
2024-07-26 00:00:00-04:00,96.79000091552734,97.30999755859375,96.08999633789062,96.97000122070312,713600,0.0,0.0
2024-07-29 00:00:00-04:00,98.94999694824219,98.9800033569336,96.97000122070312,97.31999969482422,1050200,0.0,0.0
2024-07-30 00:00:00-04:00,97.66000366210938,98.5199966430664,97.12999725341797,97.87999725341797,1335800,0.0,0.0
2024-07-31 00:00:00-04:00,98.12000274658203,98.9800033569336,97.75,98.27999877929688,1036700,0.0,0.0
2024-08-01 00:00:00-04:00,98.01000213623047,98.45999908447266,95.25,95.44000244140625,1223700,0.0,0.0
2024-08-02 00:00:00-04:00,95.19000244140625,95.5999984741211,93.80999755859375,94.55999755859375,1220600,0.0,0.0
2024-08-05 00:00:00-04:00,92.12999725341797,93.52999877929688,90.55999755859375,91.31999969482422,2465700,0.0,0.0
2024-08-06 00:00:00-04:00,91.9800033569336,94.0,91.47000122070312,92.31999969482422,1671800,0.0,0.0
2024-08-07 00:00:00-04:00,93.27999877929688,94.86000061035156,92.44999694824219,92.63999938964844,1256600,0.0,0.0
2024-08-08 00:00:00-04:00,92.62000274658203,93.31999969482422,91.27999877929688,91.56999969482422,4538500,0.0,0.0
2024-08-09 00:00:00-04:00,98.01000213623047,102.69000244140625,97.77999877929688,101.51000213623047,6536600,0.0,0.0
2024-08-12 00:00:00-04:00,101.22000122070312,101.66000366210938,99.48999786376953,99.58000183105469,2187400,0.0,0.0
2024-08-13 00:00:00-04:00,99.87000274658203,101.37000274658203,99.11000061035156,101.0199966430664,2215100,0.0,0.0
2024-08-14 00:00:00-04:00,101.30999755859375,101.80000305175781,99.6500015258789,99.7300033569336,1583900,0.0,0.0
2024-08-15 00:00:00-04:00,100.44999694824219,101.88999938964844,100.38999938964844,100.86000061035156,1633000,0.0,0.0
2024-08-16 00:00:00-04:00,100.75,101.23999786376953,100.05999755859375,100.5,1082300,0.0,0.0
2024-08-19 00:00:00-04:00,100.87999725341797,101.94000244140625,100.69000244140625,101.6500015258789,1244400,0.0,0.0
2024-08-20 00:00:00-04:00,101.58999633789062,102.58999633789062,101.25,101.69999694824219,885300,0.0,0.0
2024-08-21 00:00:00-04:00,101.30999755859375,102.37999725341797,100.44999694824219,102.11000061035156,1827400,0.0,0.0
2024-08-22 00:00:00-04:00,102.25,103.1500015258789,101.4000015258789,101.58000183105469,1100200,0.0,0.0
2024-08-23 00:00:00-04:00,102.4800033569336,102.4800033569336,100.93000030517578,101.83000183105469,1028200,0.0,0.0
2024-08-26 00:00:00-04:00,101.98999786376953,102.37000274658203,100.80000305175781,100.98999786376953,769300,0.0,0.0
2024-08-27 00:00:00-04:00,100.7300033569336,102.19999694824219,100.56999969482422,101.30999755859375,843500,0.0,0.0
2024-08-28 00:00:00-04:00,101.19000244140625,101.70999908447266,99.87999725341797,100.08000183105469,683900,0.0,0.0
2024-08-29 00:00:00-04:00,100.61000061035156,102.41000366210938,100.44999694824219,101.5999984741211,756700,0.0,0.0
2024-08-30 00:00:00-04:00,102.16000366210938,102.20999908447266,100.62000274658203,101.83999633789062,2305500,0.0,0.0
2024-09-03 00:00:00-04:00,101.31999969482422,102.11000061035156,99.66999816894531,99.95999908447266,989900,0.0,0.0
2024-09-04 00:00:00-04:00,99.88999938964844,100.72000122070312,99.63999938964844,100.12999725341797,682700,0.0,0.0
2024-09-05 00:00:00-04:00,99.9800033569336,100.13999938964844,98.7300033569336,99.12000274658203,1831900,0.0,0.0
2024-09-06 00:00:00-04:00,99.16000366210938,99.68000030517578,96.4800033569336,96.54000091552734,1223400,0.0,0.0
2024-09-09 00:00:00-04:00,96.6500015258789,97.0999984741211,94.7699966430664,95.06999969482422,1824800,0.0,0.0
2024-09-10 00:00:00-04:00,95.30000305175781,95.79000091552734,94.52999877929688,94.72000122070312,1106400,0.0,0.0
2024-09-11 00:00:00-04:00,94.43000030517578,96.75,93.5,96.66000366210938,1490900,0.0,0.0
2024-09-12 00:00:00-04:00,96.72000122070312,97.7699966430664,96.22000122070312,97.30000305175781,1256400,0.0,0.0
2024-09-13 00:00:00-04:00,97.30000305175781,98.77999877929688,97.19999694824219,98.52999877929688,1026300,0.0,0.0
2024-09-16 00:00:00-04:00,98.48999786376953,99.43000030517578,98.13999938964844,99.29000091552734,1100500,0.0,0.0
2024-09-17 00:00:00-04:00,99.54000091552734,99.54000091552734,97.5999984741211,97.87000274658203,1393100,0.0,0.0
2024-09-18 00:00:00-04:00,97.83000183105469,98.37000274658203,96.83999633789062,97.41000366210938,1013800,0.0,0.0
2024-09-19 00:00:00-04:00,98.9000015258789,99.77999877929688,98.75,99.44000244140625,1463800,0.0,0.0
2024-09-20 00:00:00-04:00,99.16000366210938,99.86000061035156,98.36000061035156,99.5199966430664,1881100,0.0,0.0
2024-09-23 00:00:00-04:00,99.70999908447266,100.80999755859375,99.44999694824219,100.72000122070312,1381000,0.0,0.0
2024-09-24 00:00:00-04:00,100.98999786376953,102.48999786376953,100.58000183105469,101.83999633789062,1457800,0.0,0.0
2024-09-25 00:00:00-04:00,101.75,101.75,99.48999786376953,99.63999938964844,1141700,0.0,0.0
2024-09-26 00:00:00-04:00,100.62000274658203,101.0,99.87000274658203,100.11000061035156,1451600,0.0,0.0
2024-09-27 00:00:00-04:00,100.5,102.31999969482422,100.48999786376953,101.56999969482422,1095900,0.0,0.0
2024-09-30 00:00:00-04:00,101.43000030517578,101.6500015258789,99.97000122070312,100.94999694824219,2401500,0.0,0.0
2024-10-01 00:00:00-04:00,100.58000183105469,100.75,99.36000061035156,99.81999969482422,1687900,0.0,0.0
2024-10-02 00:00:00-04:00,99.66000366210938,100.91000366210938,99.36000061035156,100.77999877929688,958100,0.0,0.0
2024-10-03 00:00:00-04:00,100.41999816894531,100.98999786376953,99.97000122070312,100.44999694824219,874200,0.0,0.0
2024-10-04 00:00:00-04:00,101.29000091552734,101.58999633789062,100.62999725341797,101.4800033569336,626800,0.0,0.0
2024-10-07 00:00:00-04:00,101.25,101.79000091552734,100.91999816894531,101.16999816894531,1067000,0.0,0.0
2024-10-08 00:00:00-04:00,101.1500015258789,101.44999694824219,100.19000244140625,101.33000183105469,1028300,0.0,0.0
2024-10-09 00:00:00-04:00,101.4800033569336,103.19000244140625,101.43000030517578,103.11000061035156,1067500,0.0,0.0
2024-10-10 00:00:00-04:00,102.97000122070312,103.55999755859375,102.70999908447266,103.41999816894531,762000,0.0,0.0
2024-10-11 00:00:00-04:00,103.41999816894531,104.58999633789062,102.79000091552734,104.22000122070312,989000,0.0,0.0
2024-10-14 00:00:00-04:00,104.70999908447266,104.70999908447266,102.87999725341797,103.56999969482422,870900,0.0,0.0
2024-10-15 00:00:00-04:00,103.29000091552734,104.69000244140625,103.05999755859375,103.29000091552734,1123000,0.0,0.0
2024-10-16 00:00:00-04:00,103.30999755859375,103.62999725341797,102.73999786376953,103.58000183105469,2306100,0.0,0.0
2024-10-17 00:00:00-04:00,103.66999816894531,105.16999816894531,102.70999908447266,104.7300033569336,1301500,0.0,0.0
2024-10-18 00:00:00-04:00,105.19999694824219,106.80000305175781,104.76000213623047,106.66999816894531,1622700,0.0,0.0
2024-10-21 00:00:00-04:00,106.5,106.76000213623047,105.4000015258789,106.1500015258789,1392000,0.0,0.0
2024-10-22 00:00:00-04:00,105.9800033569336,105.9800033569336,105.05000305175781,105.45999908447266,1083600,0.0,0.0
2024-10-23 00:00:00-04:00,105.45999908447266,105.5,102.5199966430664,102.72000122070312,1479400,0.0,0.0
2024-10-24 00:00:00-04:00,102.68000030517578,104.16999816894531,102.68000030517578,102.80000305175781,1188100,0.0,0.0
2024-10-25 00:00:00-04:00,103.3499984741211,103.70999908447266,101.56999969482422,101.97000122070312,898200,0.0,0.0
2024-10-28 00:00:00-04:00,102.94000244140625,103.23999786376953,102.23999786376953,102.8499984741211,930700,0.0,0.0
2024-10-29 00:00:00-04:00,102.83999633789062,103.8499984741211,102.27999877929688,102.95999908447266,1106900,0.0,0.0
2024-10-30 00:00:00-04:00,102.95999908447266,104.12999725341797,101.6500015258789,101.8499984741211,2247000,0.0,0.0
2024-10-31 00:00:00-04:00,101.72000122070312,101.97000122070312,100.54000091552734,101.08000183105469,1954300,0.0,0.0
2024-11-01 00:00:00-04:00,101.16000366210938,101.87000274658203,100.22000122070312,100.56999969482422,1373200,0.0,0.0
2024-11-04 00:00:00-05:00,100.5,101.05999755859375,99.83999633789062,100.04000091552734,1748700,0.0,0.0
2024-11-05 00:00:00-05:00,99.80000305175781,101.37000274658203,98.93000030517578,100.95999908447266,2436700,0.0,0.0
2024-11-06 00:00:00-05:00,103.3499984741211,105.26000213623047,102.81999969482422,104.70999908447266,2179300,0.0,0.0
2024-11-07 00:00:00-05:00,104.73999786376953,104.98999786376953,103.19000244140625,104.4000015258789,2611000,0.0,0.0
2024-11-08 00:00:00-05:00,97.91000366210938,98.30000305175781,89.2699966430664,89.37000274658203,9015300,0.0,0.0
2024-11-11 00:00:00-05:00,91.6500015258789,92.18000030517578,89.7699966430664,91.06999969482422,3312500,0.0,0.0
2024-11-12 00:00:00-05:00,91.5,91.5,89.73999786376953,90.08000183105469,2849000,0.0,0.0
2024-11-13 00:00:00-05:00,89.20999908447266,90.16000366210938,88.5,88.75,2402800,0.0,0.0
2024-11-14 00:00:00-05:00,88.73999786376953,89.54000091552734,88.23999786376953,88.3499984741211,2428100,0.0,0.0
2024-11-15 00:00:00-05:00,88.86000061035156,89.55999755859375,86.77999877929688,87.43000030517578,2616600,0.0,0.0
2024-11-18 00:00:00-05:00,87.43000030517578,88.18000030517578,85.58999633789062,85.95999908447266,2426000,0.0,0.0
2024-11-19 00:00:00-05:00,84.8499984741211,87.41999816894531,84.69999694824219,87.36000061035156,2370600,0.0,0.0
2024-11-20 00:00:00-05:00,87.08999633789062,88.19000244140625,86.55999755859375,87.95999908447266,1517100,0.0,0.0
2024-11-21 00:00:00-05:00,88.41999816894531,91.19999694824219,88.0,91.08000183105469,2083200,0.0,0.0
2024-11-22 00:00:00-05:00,90.95999908447266,93.19999694824219,90.73999786376953,92.9000015258789,2730100,0.0,0.0
2024-11-25 00:00:00-05:00,93.81999969482422,94.9000015258789,93.05000305175781,94.63999938964844,2929000,0.0,0.0
2024-11-26 00:00:00-05:00,94.66000366210938,94.9000015258789,92.83000183105469,93.0999984741211,1678500,0.0,0.0
2024-11-27 00:00:00-05:00,93.37999725341797,94.52999877929688,93.12000274658203,93.86000061035156,1540900,0.0,0.0
2024-11-29 00:00:00-05:00,93.76000213623047,94.86000061035156,93.68000030517578,94.0199966430664,830800,0.0,0.0
2024-12-02 00:00:00-05:00,95.5,98.69999694824219,95.3499984741211,97.93000030517578,3159500,0.0,0.0
2024-12-03 00:00:00-05:00,97.05999755859375,98.18000030517578,96.79000091552734,97.52999877929688,1853700,0.0,0.0
2024-12-04 00:00:00-05:00,97.52999877929688,99.02999877929688,97.22000122070312,98.30000305175781,1529800,0.0,0.0
2024-12-05 00:00:00-05:00,98.66999816894531,98.83999633789062,97.20999908447266,97.4000015258789,1523500,0.0,0.0
2024-12-06 00:00:00-05:00,98.08000183105469,99.22000122070312,97.79000091552734,98.05999755859375,1467700,0.0,0.0
2024-12-09 00:00:00-05:00,97.75,100.31999969482422,97.68000030517578,99.12000274658203,1344900,0.0,0.0
2024-12-10 00:00:00-05:00,99.12000274658203,99.5999984741211,97.76000213623047,98.77999877929688,1272800,0.0,0.0
2024-12-11 00:00:00-05:00,99.29000091552734,100.1500015258789,98.52999877929688,100.0199966430664,1371900,0.0,0.0
2024-12-12 00:00:00-05:00,99.19000244140625,100.38999938964844,99.01000213623047,100.0,1270000,0.0,0.0
2024-12-13 00:00:00-05:00,99.72000122070312,100.25,98.80999755859375,99.23999786376953,1564600,0.0,0.0
2024-12-16 00:00:00-05:00,98.41000366210938,99.83000183105469,97.19999694824219,97.30000305175781,1525900,0.0,0.0
2024-12-17 00:00:00-05:00,97.05999755859375,98.52999877929688,97.0199966430664,97.36000061035156,1552600,0.0,0.0
2024-12-18 00:00:00-05:00,97.75,97.80000305175781,93.97000122070312,94.12000274658203,1973200,0.0,0.0
2024-12-19 00:00:00-05:00,94.72000122070312,95.77999877929688,94.26000213623047,94.58000183105469,1518900,0.0,0.0
2024-12-20 00:00:00-05:00,94.25,96.31999969482422,93.93000030517578,95.88999938964844,3036100,0.0,0.0
2024-12-23 00:00:00-05:00,95.7300033569336,96.70999908447266,95.4000015258789,96.5999984741211,1365700,0.0,0.0
2024-12-24 00:00:00-05:00,96.12999725341797,97.16999816894531,96.05000305175781,96.91000366210938,541700,0.0,0.0
2024-12-26 00:00:00-05:00,96.72000122070312,98.11000061035156,96.5,97.95999908447266,946900,0.0,0.0
2024-12-27 00:00:00-05:00,97.51000213623047,97.68000030517578,96.12999725341797,96.97000122070312,724900,0.0,0.0
2024-12-30 00:00:00-05:00,96.23999786376953,96.44000244140625,95.22000122070312,95.55999755859375,1087500,0.0,0.0
2024-12-31 00:00:00-05:00,95.80999755859375,96.6500015258789,95.41000366210938,95.6500015258789,932100,0.0,0.0
2025-01-02 00:00:00-05:00,96.66999816894531,97.2300033569336,95.05999755859375,95.41999816894531,1010100,0.0,0.0
2025-01-03 00:00:00-05:00,96.0,96.0,91.81999969482422,93.55999755859375,2323600,0.0,0.0
2025-01-06 00:00:00-05:00,93.9800033569336,95.0999984741211,93.11000061035156,93.38999938964844,1519800,0.0,0.0
2025-01-07 00:00:00-05:00,93.41999816894531,94.91999816894531,92.2699966430664,92.54000091552734,1298500,0.0,0.0
2025-01-08 00:00:00-05:00,92.30999755859375,94.29000091552734,91.5,93.36000061035156,1792300,0.0,0.0
2025-01-10 00:00:00-05:00,92.3499984741211,92.63999938964844,88.81999969482422,88.93000030517578,2434300,0.0,0.0
2025-01-13 00:00:00-05:00,88.94999694824219,90.16000366210938,88.5,89.61000061035156,1530000,0.0,0.0
2025-01-14 00:00:00-05:00,89.87999725341797,91.41000366210938,89.66000366210938,90.58000183105469,1188900,0.0,0.0
2025-01-15 00:00:00-05:00,91.56999969482422,91.91999816894531,90.05999755859375,90.5199966430664,1095400,0.0,0.0
2025-01-16 00:00:00-05:00,90.0199966430664,90.95999908447266,89.55000305175781,90.5,1142600,0.0,0.0
2025-01-17 00:00:00-05:00,91.72000122070312,92.55000305175781,90.95999908447266,91.01000213623047,2346400,0.0,0.0
2025-01-21 00:00:00-05:00,92.0,94.97000122070312,91.86000061035156,94.70999908447266,2960600,0.0,0.0
2025-01-22 00:00:00-05:00,94.8499984741211,95.12999725341797,93.30000305175781,95.11000061035156,1370000,0.0,0.0
2025-01-23 00:00:00-05:00,95.19999694824219,96.05000305175781,93.4800033569336,95.88999938964844,1357700,0.0,0.0
2025-01-24 00:00:00-05:00,96.13999938964844,97.7699966430664,95.87000274658203,97.69999694824219,1805700,0.0,0.0
2025-01-27 00:00:00-05:00,97.0,100.1500015258789,96.9000015258789,99.66999816894531,2483500,0.0,0.0
2025-01-28 00:00:00-05:00,99.94999694824219,100.7699966430664,98.9000015258789,100.54000091552734,1869400,0.0,0.0
2025-01-29 00:00:00-05:00,100.5999984741211,101.0,99.58000183105469,100.41000366210938,1366400,0.0,0.0
2025-01-30 00:00:00-05:00,101.04000091552734,101.87000274658203,100.51000213623047,101.4800033569336,1806600,0.0,0.0
2025-01-31 00:00:00-05:00,101.94999694824219,102.37000274658203,99.73999786376953,99.9000015258789,1526400,0.0,0.0
2025-02-03 00:00:00-05:00,98.4000015258789,98.69999694824219,96.76000213623047,98.0,1796600,0.0,0.0
2025-02-04 00:00:00-05:00,97.68000030517578,99.97000122070312,97.68000030517578,99.87000274658203,1458300,0.0,0.0
2025-02-05 00:00:00-05:00,99.97000122070312,101.0199966430664,99.01000213623047,100.88999938964844,1274900,0.0,0.0
2025-02-06 00:00:00-05:00,100.94999694824219,101.83000183105469,99.48999786376953,99.61000061035156,1454800,0.0,0.0
2025-02-07 00:00:00-05:00,99.7300033569336,100.11000061035156,98.55999755859375,99.63999938964844,1484500,0.0,0.0
2025-02-10 00:00:00-05:00,100.37000274658203,103.75,99.95999908447266,102.0999984741211,3112200,0.0,0.0
2025-02-11 00:00:00-05:00,101.33999633789062,101.72000122070312,100.55999755859375,101.37999725341797,1619000,0.0,0.0
2025-02-12 00:00:00-05:00,100.69000244140625,101.38999938964844,99.86000061035156,101.05999755859375,1336700,0.0,0.0
2025-02-13 00:00:00-05:00,100.58000183105469,100.75,98.97000122070312,99.66000366210938,1964200,0.0,0.0
2025-02-14 00:00:00-05:00,100.05999755859375,101.62000274658203,99.69999694824219,100.01000213623047,1466600,0.0,0.0
2025-02-18 00:00:00-05:00,100.01000213623047,100.30000305175781,98.51000213623047,99.31999969482422,1734200,0.0,0.0
2025-02-19 00:00:00-05:00,98.94999694824219,100.31999969482422,97.44000244140625,100.26000213623047,2223500,0.0,0.0
2025-02-20 00:00:00-05:00,100.33999633789062,100.66000366210938,97.22000122070312,98.02999877929688,3071600,0.0,0.0
2025-02-21 00:00:00-05:00,89.0,89.88999938964844,76.5,76.7300033569336,20732300,0.0,0.0
2025-02-24 00:00:00-05:00,77.9000015258789,79.69999694824219,75.5,77.6500015258789,7013700,0.0,0.0
2025-02-25 00:00:00-05:00,77.5,78.79000091552734,76.5999984741211,78.05000305175781,4083800,0.0,0.0
2025-02-26 00:00:00-05:00,78.12000274658203,79.94000244140625,77.63999938964844,79.58000183105469,3712800,0.0,0.0
2025-02-27 00:00:00-05:00,79.5999984741211,80.08000183105469,77.81999969482422,77.87000274658203,3709000,0.0,0.0
2025-02-28 00:00:00-05:00,79.68000030517578,81.66000366210938,79.12999725341797,80.68000030517578,5814700,0.0,0.0
2025-03-03 00:00:00-05:00,81.29000091552734,83.11000061035156,80.43000030517578,81.0,3951100,0.0,0.0
2025-03-04 00:00:00-05:00,80.55000305175781,82.7300033569336,79.9000015258789,82.18000030517578,3101400,0.0,0.0
2025-03-05 00:00:00-05:00,81.7300033569336,82.9800033569336,81.12999725341797,82.81999969482422,2424900,0.0,0.0
2025-03-06 00:00:00-05:00,81.86000061035156,83.44999694824219,81.7300033569336,82.80999755859375,2233100,0.0,0.0
2025-03-07 00:00:00-05:00,82.33999633789062,88.01000213623047,82.12999725341797,87.5199966430664,4500000,0.0,0.0
2025-03-10 00:00:00-04:00,86.4800033569336,87.37999725341797,83.80999755859375,84.1500015258789,3873400,0.0,0.0
2025-03-11 00:00:00-04:00,83.83000183105469,84.16000366210938,80.55000305175781,80.6500015258789,4424300,0.0,0.0
2025-03-12 00:00:00-04:00,81.33000183105469,81.70999908447266,79.31999969482422,79.66000366210938,4648000,0.0,0.0
2025-03-13 00:00:00-04:00,79.20999908447266,80.52999877929688,78.5999984741211,78.66000366210938,2447200,0.0,0.0
2025-03-14 00:00:00-04:00,79.75,81.51000213623047,79.27999877929688,80.7300033569336,2371000,0.0,0.0
2025-03-17 00:00:00-04:00,80.5199966430664,83.69000244140625,80.37999725341797,82.79000091552734,2590600,0.0,0.0
2025-03-18 00:00:00-04:00,83.37000274658203,83.37999725341797,81.70999908447266,82.05999755859375,1668700,0.0,0.0
2025-03-19 00:00:00-04:00,82.45999908447266,83.06999969482422,81.44000244140625,82.41000366210938,1701400,0.0,0.0
2025-03-20 00:00:00-04:00,81.76000213623047,82.58000183105469,81.3499984741211,81.55000305175781,1862500,0.0,0.0
2025-03-21 00:00:00-04:00,80.87000274658203,81.41999816894531,80.25,81.04000091552734,3875400,0.0,0.0
2025-03-24 00:00:00-04:00,82.3499984741211,83.0199966430664,81.73999786376953,82.7699966430664,1800500,0.0,0.0
2025-03-25 00:00:00-04:00,82.95999908447266,83.27999877929688,81.58000183105469,81.8499984741211,2086400,0.0,0.0
2025-03-26 00:00:00-04:00,81.9000015258789,82.22000122070312,80.79000091552734,81.47000122070312,1259700,0.0,0.0
2025-03-27 00:00:00-04:00,81.12999725341797,82.0,80.25,81.55999755859375,1191900,0.0,0.0
2025-03-28 00:00:00-04:00,80.94999694824219,81.19999694824219,79.33000183105469,80.05000305175781,1683000,0.0,0.0
2025-03-31 00:00:00-04:00,79.38999938964844,80.97000122070312,78.36000061035156,80.5,1691500,0.0,0.0
2025-04-01 00:00:00-04:00,80.22000122070312,81.0,79.33000183105469,80.5999984741211,1614800,0.0,0.0
2025-04-02 00:00:00-04:00,79.4800033569336,81.98999786376953,79.16999816894531,81.62999725341797,929800,0.0,0.0
2025-04-03 00:00:00-04:00,79.51000213623047,80.87999725341797,78.55999755859375,78.77999877929688,1665500,0.0,0.0
2025-04-04 00:00:00-04:00,77.05000305175781,77.22000122070312,73.41999816894531,73.69000244140625,2611500,0.0,0.0
2025-04-07 00:00:00-04:00,72.63999938964844,74.80000305175781,69.5,70.93000030517578,3467800,0.0,0.0
2025-04-08 00:00:00-04:00,73.7699966430664,73.8499984741211,67.62999725341797,68.20999908447266,3654800,0.0,0.0
2025-04-09 00:00:00-04:00,67.5999984741211,76.80000305175781,67.51000213623047,76.3499984741211,3895100,0.0,0.0
2025-04-10 00:00:00-04:00,74.31999969482422,74.94999694824219,70.75,72.55999755859375,2040900,0.0,0.0
2025-04-11 00:00:00-04:00,72.72000122070312,74.51000213623047,71.80999755859375,74.05000305175781,2515400,0.0,0.0
2025-04-14 00:00:00-04:00,74.66999816894531,75.1500015258789,73.38999938964844,74.1500015258789,1251400,0.0,0.0
2025-04-15 00:00:00-04:00,74.16999816894531,74.83000183105469,73.8499984741211,74.51000213623047,936900,0.0,0.0
2025-04-16 00:00:00-04:00,73.83999633789062,75.58000183105469,73.25,73.80999755859375,1460000,0.0,0.0
2025-04-17 00:00:00-04:00,74.0,74.30000305175781,73.19999694824219,73.45999908447266,1613400,0.0,0.0
2025-04-21 00:00:00-04:00,72.7699966430664,73.01000213623047,71.27999877929688,71.91999816894531,1067900,0.0,0.0
2025-04-22 00:00:00-04:00,73.4800033569336,74.0199966430664,72.38999938964844,73.66999816894531,1583300,0.0,0.0
2025-04-23 00:00:00-04:00,75.88999938964844,77.0,75.0199966430664,75.87000274658203,2080000,0.0,0.0
2025-04-24 00:00:00-04:00,75.87000274658203,79.56999969482422,75.55000305175781,79.19999694824219,2048200,0.0,0.0
2025-04-25 00:00:00-04:00,79.19999694824219,80.37999725341797,78.76000213623047,79.79000091552734,1307100,0.0,0.0
2025-04-28 00:00:00-04:00,79.8499984741211,81.04000091552734,79.31999969482422,80.18000030517578,1354600,0.0,0.0
2025-04-29 00:00:00-04:00,80.05999755859375,81.47000122070312,79.52999877929688,80.9800033569336,1267000,0.0,0.0
2025-04-30 00:00:00-04:00,79.61000061035156,80.80000305175781,78.95999908447266,80.58000183105469,1065900,0.0,0.0
2025-05-01 00:00:00-04:00,81.30000305175781,81.93000030517578,80.33000183105469,81.11000061035156,1159800,0.0,0.0
2025-05-02 00:00:00-04:00,82.20999908447266,83.04000091552734,81.63999938964844,82.54000091552734,1340800,0.0,0.0
