Date,Open,High,Low,Close,Volume,Dividends,Stock Splits
2020-11-27 00:00:00-05:00,9.75,10.0,9.75,9.75,660600,0.0,0.0
2020-11-30 00:00:00-05:00,10.300000190734863,10.550000190734863,9.75,9.75,195000,0.0,0.0
2020-12-01 00:00:00-05:00,9.899999618530273,10.010000228881836,9.779999732971191,9.800000190734863,53800,0.0,0.0
2020-12-02 00:00:00-05:00,9.989999771118164,9.989999771118164,9.819999694824219,9.819999694824219,1200,0.0,0.0
2020-12-03 00:00:00-05:00,9.979999542236328,9.979999542236328,9.770000457763672,9.8100004196167,6900,0.0,0.0
2020-12-04 00:00:00-05:00,9.800000190734863,9.8100004196167,9.779999732971191,9.779999732971191,9300,0.0,0.0
2020-12-07 00:00:00-05:00,10.0,10.0600004196167,10.0,10.050000190734863,2400,0.0,0.0
2020-12-08 00:00:00-05:00,9.949999809265137,9.949999809265137,9.859999656677246,9.859999656677246,6300,0.0,0.0
2020-12-09 00:00:00-05:00,9.9350004196167,9.9399995803833,9.800000190734863,9.800000190734863,4200,0.0,0.0
2020-12-10 00:00:00-05:00,9.8100004196167,9.876999855041504,9.800000190734863,9.850000381469727,323500,0.0,0.0
2020-12-11 00:00:00-05:00,9.890000343322754,9.979999542236328,9.890000343322754,9.979999542236328,10300,0.0,0.0
2020-12-14 00:00:00-05:00,10.100000381469727,10.100000381469727,9.928000450134277,9.970000267028809,1200,0.0,0.0
2020-12-15 00:00:00-05:00,9.949999809265137,10.0,9.899999618530273,10.0,835300,0.0,0.0
2020-12-16 00:00:00-05:00,10.0,10.020000457763672,9.90999984741211,10.0,38000,0.0,0.0
2020-12-17 00:00:00-05:00,9.960000038146973,9.989999771118164,9.899999618530273,9.920000076293945,5200,0.0,0.0
2020-12-18 00:00:00-05:00,9.949999809265137,10.029999732971191,9.9350004196167,9.944999694824219,469200,0.0,0.0
2020-12-21 00:00:00-05:00,10.0600004196167,10.0600004196167,9.944999694824219,9.960000038146973,5400,0.0,0.0
2020-12-22 00:00:00-05:00,10.010000228881836,10.010000228881836,9.989999771118164,10.003000259399414,8800,0.0,0.0
2020-12-23 00:00:00-05:00,10.0,10.010000228881836,10.0,10.010000228881836,2700,0.0,0.0
2020-12-24 00:00:00-05:00,9.979999542236328,10.010000228881836,9.979999542236328,10.010000228881836,3500,0.0,0.0
2020-12-28 00:00:00-05:00,10.180000305175781,10.180000305175781,9.960000038146973,10.0,61600,0.0,0.0
2020-12-29 00:00:00-05:00,10.0,10.050000190734863,9.949999809265137,10.0,58700,0.0,0.0
2020-12-30 00:00:00-05:00,9.949999809265137,10.050000190734863,9.949999809265137,10.020000457763672,65600,0.0,0.0
2020-12-31 00:00:00-05:00,10.050000190734863,10.109999656677246,9.970000267028809,10.010000228881836,85600,0.0,0.0
2021-01-04 00:00:00-05:00,10.065999984741211,10.09000015258789,10.015000343322754,10.0600004196167,3800,0.0,0.0
2021-01-05 00:00:00-05:00,10.100000381469727,10.119999885559082,10.069999694824219,10.079999923706055,17700,0.0,0.0
2021-01-06 00:00:00-05:00,10.199999809265137,10.199999809265137,10.020000457763672,10.03499984741211,53300,0.0,0.0
2021-01-07 00:00:00-05:00,10.050000190734863,10.119999885559082,10.0,10.109999656677246,5900,0.0,0.0
2021-01-08 00:00:00-05:00,10.100000381469727,10.199999809265137,10.100000381469727,10.170000076293945,463300,0.0,0.0
2021-01-11 00:00:00-05:00,10.154999732971191,10.1899995803833,10.111000061035156,10.180000305175781,1900,0.0,0.0
2021-01-12 00:00:00-05:00,10.1850004196167,10.199999809265137,10.119999885559082,10.170000076293945,136900,0.0,0.0
2021-01-13 00:00:00-05:00,10.229999542236328,10.229999542236328,10.109999656677246,10.15999984741211,263400,0.0,0.0
2021-01-14 00:00:00-05:00,10.359999656677246,10.359999656677246,10.109999656677246,10.220000267028809,123100,0.0,0.0
2021-01-15 00:00:00-05:00,10.239999771118164,10.4399995803833,10.130000114440918,10.319999694824219,113300,0.0,0.0
2021-01-19 00:00:00-05:00,10.600000381469727,10.600000381469727,10.149999618530273,10.279999732971191,24700,0.0,0.0
2021-01-20 00:00:00-05:00,10.1899995803833,10.260000228881836,10.1899995803833,10.260000228881836,73400,0.0,0.0
2021-01-21 00:00:00-05:00,10.239999771118164,10.239999771118164,10.039999961853027,10.1899995803833,99600,0.0,0.0
2021-01-22 00:00:00-05:00,10.260000228881836,10.260000228881836,10.149999618530273,10.1899995803833,80000,0.0,0.0
2021-01-25 00:00:00-05:00,10.25,10.350000381469727,10.229999542236328,10.289999961853027,223400,0.0,0.0
2021-01-26 00:00:00-05:00,10.3100004196167,10.380000114440918,10.239999771118164,10.239999771118164,40800,0.0,0.0
2021-01-27 00:00:00-05:00,10.170000076293945,10.319999694824219,10.154999732971191,10.260000228881836,21200,0.0,0.0
2021-01-28 00:00:00-05:00,10.369999885559082,10.369999885559082,10.170000076293945,10.180000305175781,55200,0.0,0.0
2021-01-29 00:00:00-05:00,10.140000343322754,10.34000015258789,10.140000343322754,10.34000015258789,41500,0.0,0.0
2021-02-01 00:00:00-05:00,10.319999694824219,10.449999809265137,10.244999885559082,10.449999809265137,11700,0.0,0.0
2021-02-02 00:00:00-05:00,10.390000343322754,10.420000076293945,10.130000114440918,10.319999694824219,128400,0.0,0.0
2021-02-03 00:00:00-05:00,10.300000190734863,10.5,10.050000190734863,10.25,61400,0.0,0.0
2021-02-04 00:00:00-05:00,10.295000076293945,10.34000015258789,10.25,10.279999732971191,24900,0.0,0.0
2021-02-05 00:00:00-05:00,10.380000114440918,10.380000114440918,10.239999771118164,10.289999961853027,43400,0.0,0.0
2021-02-08 00:00:00-05:00,10.359999656677246,10.359999656677246,10.149999618530273,10.199999809265137,77500,0.0,0.0
2021-02-09 00:00:00-05:00,10.239999771118164,10.3100004196167,10.229999542236328,10.260000228881836,76000,0.0,0.0
2021-02-10 00:00:00-05:00,10.25,10.300000190734863,10.210000038146973,10.25,103600,0.0,0.0
2021-02-11 00:00:00-05:00,10.239999771118164,10.460000038146973,10.09000015258789,10.399999618530273,63500,0.0,0.0
2021-02-12 00:00:00-05:00,10.399999618530273,10.399999618530273,10.260000228881836,10.326000213623047,10700,0.0,0.0
2021-02-16 00:00:00-05:00,10.40999984741211,10.40999984741211,10.229999542236328,10.279999732971191,15000,0.0,0.0
2021-02-17 00:00:00-05:00,10.300000190734863,10.34000015258789,10.199999809265137,10.199999809265137,48300,0.0,0.0
2021-02-18 00:00:00-05:00,10.329999923706055,10.329999923706055,10.229999542236328,10.279999732971191,64800,0.0,0.0
2021-02-19 00:00:00-05:00,10.270000457763672,10.279999732971191,10.109999656677246,10.15999984741211,291400,0.0,0.0
2021-02-22 00:00:00-05:00,10.1899995803833,10.289999961853027,10.15999984741211,10.210000038146973,27900,0.0,0.0
2021-02-23 00:00:00-05:00,10.180000305175781,10.220000267028809,10.130000114440918,10.220000267028809,65600,0.0,0.0
2021-02-24 00:00:00-05:00,10.119999885559082,10.300000190734863,10.119999885559082,10.220000267028809,42100,0.0,0.0
2021-02-25 00:00:00-05:00,10.270000457763672,10.270000457763672,10.0,10.210000038146973,127800,0.0,0.0
2021-02-26 00:00:00-05:00,10.149999618530273,10.208999633789062,10.010000228881836,10.050000190734863,125300,0.0,0.0
2021-03-01 00:00:00-05:00,10.199999809265137,10.199999809265137,10.079999923706055,10.079999923706055,22800,0.0,0.0
2021-03-02 00:00:00-05:00,10.069999694824219,10.130000114440918,9.899999618530273,9.899999618530273,49000,0.0,0.0
2021-03-03 00:00:00-05:00,10.0,10.079000473022461,9.899999618530273,10.039999961853027,21700,0.0,0.0
2021-03-04 00:00:00-05:00,9.970000267028809,10.039999961853027,9.8100004196167,10.010000228881836,37700,0.0,0.0
2021-03-05 00:00:00-05:00,9.819999694824219,9.989999771118164,9.819999694824219,9.880000114440918,26900,0.0,0.0
2021-03-08 00:00:00-05:00,9.982999801635742,10.039999961853027,9.949999809265137,9.949999809265137,33500,0.0,0.0
2021-03-09 00:00:00-05:00,9.949999809265137,9.949999809265137,9.899999618530273,9.90999984741211,8200,0.0,0.0
2021-03-10 00:00:00-05:00,9.960000038146973,9.970000267028809,9.90999984741211,9.9399995803833,41900,0.0,0.0
2021-03-11 00:00:00-05:00,9.970000267028809,10.039999961853027,9.890000343322754,9.979999542236328,183800,0.0,0.0
2021-03-12 00:00:00-05:00,10.010000228881836,10.300000190734863,10.0,10.300000190734863,5438300,0.0,0.0
2021-03-15 00:00:00-04:00,10.600000381469727,10.640999794006348,10.010000228881836,10.140000343322754,836100,0.0,0.0
2021-03-16 00:00:00-04:00,10.140000343322754,10.199999809265137,10.020000457763672,10.130000114440918,306900,0.0,0.0
2021-03-17 00:00:00-04:00,10.25,10.25,9.819999694824219,10.100000381469727,823400,0.0,0.0
2021-03-18 00:00:00-04:00,10.1899995803833,10.1899995803833,9.899999618530273,10.140000343322754,528600,0.0,0.0
2021-03-19 00:00:00-04:00,10.109999656677246,10.119999885559082,10.010000228881836,10.020000457763672,534000,0.0,0.0
2021-03-22 00:00:00-04:00,10.010000228881836,10.109999656677246,9.989999771118164,10.109999656677246,663200,0.0,0.0
2021-03-23 00:00:00-04:00,10.109999656677246,10.220000267028809,10.0,10.010000228881836,1747300,0.0,0.0
2021-03-24 00:00:00-04:00,9.949999809265137,10.100000381469727,9.859999656677246,9.90999984741211,141900,0.0,0.0
2021-03-25 00:00:00-04:00,9.920000076293945,9.989999771118164,9.829999923706055,9.949999809265137,493600,0.0,0.0
2021-03-26 00:00:00-04:00,9.979999542236328,10.010000228881836,9.899999618530273,9.979999542236328,315200,0.0,0.0
2021-03-29 00:00:00-04:00,9.979999542236328,9.989999771118164,9.930000305175781,9.970000267028809,19900,0.0,0.0
2021-03-30 00:00:00-04:00,9.9399995803833,9.99899959564209,9.90999984741211,9.949999809265137,189400,0.0,0.0
2021-03-31 00:00:00-04:00,9.920000076293945,9.979999542236328,9.90999984741211,9.979999542236328,130800,0.0,0.0
2021-04-01 00:00:00-04:00,10.0,10.1899995803833,9.930000305175781,9.970000267028809,65100,0.0,0.0
2021-04-05 00:00:00-04:00,10.0,10.048999786376953,9.930000305175781,9.960000038146973,23100,0.0,0.0
2021-04-06 00:00:00-04:00,9.970000267028809,9.970000267028809,9.944999694824219,9.970000267028809,33900,0.0,0.0
2021-04-07 00:00:00-04:00,9.970000267028809,10.0,9.930000305175781,9.960000038146973,77700,0.0,0.0
2021-04-08 00:00:00-04:00,9.960000038146973,10.0,9.949999809265137,9.960000038146973,27500,0.0,0.0
2021-04-09 00:00:00-04:00,9.960000038146973,9.960000038146973,9.920000076293945,9.960000038146973,23600,0.0,0.0
2021-04-12 00:00:00-04:00,9.9399995803833,9.960000038146973,9.90999984741211,9.9399995803833,39200,0.0,0.0
2021-04-13 00:00:00-04:00,9.920000076293945,9.9399995803833,9.899999618530273,9.930000305175781,21400,0.0,0.0
2021-04-14 00:00:00-04:00,9.920000076293945,9.9399995803833,9.899999618530273,9.930000305175781,140300,0.0,0.0
2021-04-15 00:00:00-04:00,9.9399995803833,9.970000267028809,9.904999732971191,9.9399995803833,105400,0.0,0.0
2021-04-16 00:00:00-04:00,9.949999809265137,9.979999542236328,9.829999923706055,9.960000038146973,40100,0.0,0.0
2021-04-19 00:00:00-04:00,9.989999771118164,9.989999771118164,9.890000343322754,9.920000076293945,626000,0.0,0.0
2021-04-20 00:00:00-04:00,9.989999771118164,9.989999771118164,9.869999885559082,9.920000076293945,27700,0.0,0.0
2021-04-21 00:00:00-04:00,9.970000267028809,9.970000267028809,9.890000343322754,9.960000038146973,120400,0.0,0.0
2021-04-22 00:00:00-04:00,9.979999542236328,9.979999542236328,9.850000381469727,9.960000038146973,152500,0.0,0.0
2021-04-23 00:00:00-04:00,9.979999542236328,9.979999542236328,9.869999885559082,9.949999809265137,99400,0.0,0.0
2021-04-26 00:00:00-04:00,9.930000305175781,9.979999542236328,9.890000343322754,9.970000267028809,252100,0.0,0.0
2021-04-27 00:00:00-04:00,9.930000305175781,10.020000457763672,9.920000076293945,10.0,862800,0.0,0.0
2021-04-28 00:00:00-04:00,10.069999694824219,10.069999694824219,9.859999656677246,9.930000305175781,51600,0.0,0.0
2021-04-29 00:00:00-04:00,9.920000076293945,9.937999725341797,9.869999885559082,9.899999618530273,124100,0.0,0.0
2021-04-30 00:00:00-04:00,9.920000076293945,10.010000228881836,9.864999771118164,9.989999771118164,92300,0.0,0.0
2021-05-03 00:00:00-04:00,10.010000228881836,10.031999588012695,9.899999618530273,9.949999809265137,42900,0.0,0.0
2021-05-04 00:00:00-04:00,9.9399995803833,9.949999809265137,9.869999885559082,9.949999809265137,109300,0.0,0.0
2021-05-05 00:00:00-04:00,9.90999984741211,10.039999961853027,9.90999984741211,10.010000228881836,122100,0.0,0.0
2021-05-06 00:00:00-04:00,10.010000228881836,10.010000228881836,9.9399995803833,9.949999809265137,109100,0.0,0.0
2021-05-07 00:00:00-04:00,9.949999809265137,10.050000190734863,9.930000305175781,10.010000228881836,129500,0.0,0.0
2021-05-10 00:00:00-04:00,9.960000038146973,10.010000228881836,9.859999656677246,9.920000076293945,49600,0.0,0.0
2021-05-11 00:00:00-04:00,9.859999656677246,9.90999984741211,9.850000381469727,9.90999984741211,90300,0.0,0.0
2021-05-12 00:00:00-04:00,9.930999755859375,9.930999755859375,9.899999618530273,9.90999984741211,18700,0.0,0.0
2021-05-13 00:00:00-04:00,9.930000305175781,9.96500015258789,9.920000076293945,9.920000076293945,22900,0.0,0.0
2021-05-14 00:00:00-04:00,9.9399995803833,9.949999809265137,9.850000381469727,9.930000305175781,104200,0.0,0.0
2021-05-17 00:00:00-04:00,9.899999618530273,9.968999862670898,9.899999618530273,9.930000305175781,21300,0.0,0.0
2021-05-18 00:00:00-04:00,9.890000343322754,9.970000267028809,9.869999885559082,9.960000038146973,20100,0.0,0.0
2021-05-19 00:00:00-04:00,9.90999984741211,9.979999542236328,9.880000114440918,9.9399995803833,982100,0.0,0.0
2021-05-20 00:00:00-04:00,9.954999923706055,9.970000267028809,9.90999984741211,9.960000038146973,75600,0.0,0.0
2021-05-21 00:00:00-04:00,9.949999809265137,9.989999771118164,9.949999809265137,9.979999542236328,1044800,0.0,0.0
2021-05-24 00:00:00-04:00,9.970000267028809,10.010000228881836,9.930000305175781,9.960000038146973,478600,0.0,0.0
2021-05-25 00:00:00-04:00,9.970000267028809,9.989999771118164,9.960000038146973,9.989999771118164,324100,0.0,0.0
2021-05-26 00:00:00-04:00,9.989999771118164,10.029999732971191,9.970000267028809,10.010000228881836,511400,0.0,0.0
2021-05-27 00:00:00-04:00,10.008000373840332,10.050000190734863,10.0,10.020000457763672,218000,0.0,0.0
2021-05-28 00:00:00-04:00,10.020000457763672,10.069999694824219,9.979999542236328,10.0600004196167,249100,0.0,0.0
2021-06-01 00:00:00-04:00,10.039999961853027,10.09000015258789,10.020000457763672,10.039999961853027,165600,0.0,0.0
2021-06-02 00:00:00-04:00,10.029999732971191,10.069999694824219,10.029999732971191,10.0600004196167,321300,0.0,0.0
2021-06-03 00:00:00-04:00,10.069999694824219,10.069999694824219,10.029999732971191,10.050000190734863,68700,0.0,0.0
2021-06-04 00:00:00-04:00,10.029999732971191,10.069999694824219,10.020000457763672,10.0600004196167,316600,0.0,0.0
2021-06-07 00:00:00-04:00,10.09000015258789,10.100000381469727,10.0600004196167,10.069999694824219,556700,0.0,0.0
2021-06-08 00:00:00-04:00,10.100000381469727,10.359999656677246,10.085000038146973,10.329999923706055,1332400,0.0,0.0
2021-06-09 00:00:00-04:00,10.489999771118164,10.550000190734863,10.350000381469727,10.369999885559082,444100,0.0,0.0
2021-06-10 00:00:00-04:00,10.390000343322754,10.399999618530273,10.270000457763672,10.300000190734863,379000,0.0,0.0
2021-06-11 00:00:00-04:00,10.300000190734863,10.390000343322754,10.300000190734863,10.350000381469727,223200,0.0,0.0
2021-06-14 00:00:00-04:00,10.359999656677246,10.359999656677246,10.239999771118164,10.300000190734863,322900,0.0,0.0
2021-06-15 00:00:00-04:00,10.289999961853027,10.300000190734863,10.100000381469727,10.210000038146973,128100,0.0,0.0
2021-06-16 00:00:00-04:00,10.220000267028809,10.239999771118164,10.119999885559082,10.199999809265137,452700,0.0,0.0
2021-06-17 00:00:00-04:00,10.1899995803833,10.220000267028809,10.170000076293945,10.180000305175781,162100,0.0,0.0
2021-06-18 00:00:00-04:00,10.170000076293945,10.180000305175781,10.100000381469727,10.180000305175781,141300,0.0,0.0
2021-06-21 00:00:00-04:00,10.180000305175781,10.1899995803833,10.079999923706055,10.149999618530273,240000,0.0,0.0
2021-06-22 00:00:00-04:00,10.15999984741211,10.15999984741211,10.119999885559082,10.149999618530273,104800,0.0,0.0
2021-06-23 00:00:00-04:00,10.229999542236328,10.239999771118164,10.0,10.050000190734863,399400,0.0,0.0
2021-06-24 00:00:00-04:00,10.069999694824219,10.09000015258789,10.020000457763672,10.079999923706055,70200,0.0,0.0
2021-06-25 00:00:00-04:00,10.1899995803833,10.300000190734863,10.050000190734863,10.050000190734863,243800,0.0,0.0
2021-06-28 00:00:00-04:00,10.050000190734863,10.109999656677246,9.979999542236328,9.979999542236328,113200,0.0,0.0
2021-06-29 00:00:00-04:00,10.017000198364258,10.050000190734863,9.989999771118164,10.010000228881836,96800,0.0,0.0
2021-06-30 00:00:00-04:00,10.020000457763672,10.039999961853027,9.970000267028809,10.010000228881836,148900,0.0,0.0
2021-07-01 00:00:00-04:00,10.0,10.057000160217285,9.970000267028809,10.029999732971191,364000,0.0,0.0
2021-07-02 00:00:00-04:00,10.020000457763672,10.055000305175781,9.970000267028809,10.029999732971191,1336100,0.0,0.0
2021-07-06 00:00:00-04:00,10.020000457763672,10.039999961853027,9.970000267028809,10.0,396800,0.0,0.0
2021-07-07 00:00:00-04:00,10.020000457763672,10.020000457763672,9.970000267028809,9.979999542236328,747300,0.0,0.0
2021-07-08 00:00:00-04:00,9.979999542236328,9.996999740600586,9.970000267028809,9.989999771118164,1076100,0.0,0.0
2021-07-09 00:00:00-04:00,9.989999771118164,10.020000457763672,9.899999618530273,10.0,359000,0.0,0.0
2021-07-12 00:00:00-04:00,9.960000038146973,10.039999961853027,9.920000076293945,9.989999771118164,590900,0.0,0.0
2021-07-13 00:00:00-04:00,10.050000190734863,10.90999984741211,9.779999732971191,10.079999923706055,863000,0.0,0.0
2021-07-14 00:00:00-04:00,10.109999656677246,10.550000190734863,9.949999809265137,10.380000114440918,330400,0.0,0.0
2021-07-15 00:00:00-04:00,10.300000190734863,10.3100004196167,9.850000381469727,10.020000457763672,169600,0.0,0.0
2021-07-16 00:00:00-04:00,10.109999656677246,10.229999542236328,9.760000228881836,9.800000190734863,88600,0.0,0.0
2021-07-19 00:00:00-04:00,9.75,9.9399995803833,9.449999809265137,9.586000442504883,257400,0.0,0.0
2021-07-20 00:00:00-04:00,9.8100004196167,9.8100004196167,9.319999694824219,9.399999618530273,247500,0.0,0.0
2021-07-21 00:00:00-04:00,9.380000114440918,9.920000076293945,9.239999771118164,9.779999732971191,456200,0.0,0.0
2021-07-22 00:00:00-04:00,9.699999809265137,11.069999694824219,9.699999809265137,10.9399995803833,444500,0.0,0.0
2021-07-23 00:00:00-04:00,11.479999542236328,12.40999984741211,11.0,12.100000381469727,629200,0.0,0.0
2021-07-26 00:00:00-04:00,12.640000343322754,12.75,11.979999542236328,12.069999694824219,648500,0.0,0.0
2021-07-27 00:00:00-04:00,11.789999961853027,12.020000457763672,11.050000190734863,11.109999656677246,469700,0.0,0.0
2021-07-28 00:00:00-04:00,11.220000267028809,11.65999984741211,10.960000038146973,11.479999542236328,320700,0.0,0.0
2021-07-29 00:00:00-04:00,11.270000457763672,11.369999885559082,10.779999732971191,11.029999732971191,1237000,0.0,0.0
2021-07-30 00:00:00-04:00,11.119999885559082,11.8100004196167,10.930000305175781,11.779999732971191,234800,0.0,0.0
2021-08-02 00:00:00-04:00,11.699999809265137,11.829999923706055,11.470000267028809,11.579999923706055,325400,0.0,0.0
2021-08-03 00:00:00-04:00,11.470000267028809,11.819999694824219,11.470000267028809,11.649999618530273,224600,0.0,0.0
2021-08-04 00:00:00-04:00,11.5600004196167,11.699999809265137,11.204999923706055,11.550000190734863,118200,0.0,0.0
2021-08-05 00:00:00-04:00,11.579999923706055,11.930000305175781,11.4350004196167,11.600000381469727,325500,0.0,0.0
2021-08-06 00:00:00-04:00,11.569999694824219,11.6899995803833,11.510000228881836,11.630000114440918,195400,0.0,0.0
2021-08-09 00:00:00-04:00,11.59000015258789,11.6850004196167,11.529999732971191,11.59000015258789,107500,0.0,0.0
2021-08-10 00:00:00-04:00,11.5,11.619999885559082,11.180000305175781,11.25,539200,0.0,0.0
2021-08-11 00:00:00-04:00,11.619999885559082,11.869999885559082,11.430000305175781,11.75,304600,0.0,0.0
2021-08-12 00:00:00-04:00,11.869999885559082,11.869999885559082,11.329999923706055,11.369999885559082,137100,0.0,0.0
2021-08-13 00:00:00-04:00,11.279999732971191,11.305000305175781,11.079999923706055,11.199999809265137,82900,0.0,0.0
2021-08-16 00:00:00-04:00,11.390000343322754,11.390000343322754,10.869999885559082,11.020000457763672,162100,0.0,0.0
2021-08-17 00:00:00-04:00,11.0,11.0,10.720000267028809,10.850000381469727,109200,0.0,0.0
2021-08-18 00:00:00-04:00,10.760000228881836,11.149999618530273,10.720000267028809,10.819999694824219,249700,0.0,0.0
2021-08-19 00:00:00-04:00,11.010000228881836,11.220000267028809,10.779999732971191,11.0600004196167,184000,0.0,0.0
2021-08-20 00:00:00-04:00,11.119999885559082,11.789999961853027,10.979999542236328,11.600000381469727,237800,0.0,0.0
2021-08-23 00:00:00-04:00,11.670000076293945,12.010000228881836,11.520000457763672,11.899999618530273,277200,0.0,0.0
2021-08-24 00:00:00-04:00,12.119999885559082,12.270000457763672,11.869999885559082,12.149999618530273,292500,0.0,0.0
2021-08-25 00:00:00-04:00,12.180000305175781,12.239999771118164,11.989999771118164,12.130000114440918,171800,0.0,0.0
2021-08-26 00:00:00-04:00,12.1899995803833,12.539999961853027,12.079999923706055,12.25,206500,0.0,0.0
2021-08-27 00:00:00-04:00,12.3100004196167,12.420000076293945,11.890000343322754,12.0600004196167,217400,0.0,0.0
2021-08-30 00:00:00-04:00,12.119999885559082,12.130000114440918,11.579999923706055,11.789999961853027,198100,0.0,0.0
2021-08-31 00:00:00-04:00,11.770000457763672,11.970000267028809,11.619999885559082,11.699999809265137,156600,0.0,0.0
2021-09-01 00:00:00-04:00,11.779999732971191,11.8149995803833,11.430000305175781,11.5,140400,0.0,0.0
2021-09-02 00:00:00-04:00,11.550000190734863,11.569999694824219,11.364999771118164,11.449999809265137,104700,0.0,0.0
2021-09-03 00:00:00-04:00,11.489999771118164,11.489999771118164,11.270000457763672,11.430000305175781,98400,0.0,0.0
2021-09-07 00:00:00-04:00,11.529999732971191,12.1899995803833,11.210000038146973,11.239999771118164,388900,0.0,0.0
2021-09-08 00:00:00-04:00,11.180000305175781,11.630000114440918,11.180000305175781,11.460000038146973,159600,0.0,0.0
2021-09-09 00:00:00-04:00,11.569999694824219,11.739999771118164,11.5,11.569999694824219,229500,0.0,0.0
2021-09-10 00:00:00-04:00,11.470000267028809,11.819999694824219,11.470000267028809,11.720000267028809,298300,0.0,0.0
2021-09-13 00:00:00-04:00,11.640000343322754,12.039999961853027,11.5,11.550000190734863,359300,0.0,0.0
2021-09-14 00:00:00-04:00,11.430000305175781,11.970000267028809,11.350000381469727,11.489999771118164,203000,0.0,0.0
2021-09-15 00:00:00-04:00,11.510000228881836,11.949999809265137,11.425000190734863,11.470000267028809,478100,0.0,0.0
2021-09-16 00:00:00-04:00,11.380000114440918,11.800000190734863,11.239999771118164,11.40999984741211,363100,0.0,0.0
2021-09-17 00:00:00-04:00,11.4399995803833,11.699999809265137,11.079999923706055,11.109999656677246,1962000,0.0,0.0
2021-09-20 00:00:00-04:00,10.979999542236328,11.399999618530273,10.779999732971191,11.239999771118164,451900,0.0,0.0
2021-09-21 00:00:00-04:00,11.199999809265137,11.699999809265137,11.199999809265137,11.279999732971191,458600,0.0,0.0
2021-09-22 00:00:00-04:00,11.34000015258789,12.100000381469727,11.34000015258789,11.960000038146973,315200,0.0,0.0
2021-09-23 00:00:00-04:00,12.0,12.34000015258789,11.930000305175781,12.0600004196167,72500,0.0,0.0
2021-09-24 00:00:00-04:00,12.039999961853027,12.359999656677246,11.930000305175781,12.210000038146973,78500,0.0,0.0
2021-09-27 00:00:00-04:00,12.1899995803833,12.40999984741211,12.1899995803833,12.25,56400,0.0,0.0
2021-09-28 00:00:00-04:00,12.210000038146973,12.40999984741211,11.6899995803833,11.979999542236328,121700,0.0,0.0
2021-09-29 00:00:00-04:00,12.069999694824219,12.170000076293945,11.75,11.800000190734863,157200,0.0,0.0
2021-09-30 00:00:00-04:00,11.869999885559082,12.09000015258789,11.630000114440918,11.9399995803833,506700,0.0,0.0
2021-10-01 00:00:00-04:00,11.960000038146973,11.960000038146973,11.59000015258789,11.770000457763672,58000,0.0,0.0
2021-10-04 00:00:00-04:00,11.75,11.930000305175781,11.75,11.859999656677246,43400,0.0,0.0
2021-10-05 00:00:00-04:00,11.989999771118164,11.989999771118164,11.59000015258789,11.770000457763672,218700,0.0,0.0
2021-10-06 00:00:00-04:00,11.75,11.770000457763672,11.520000457763672,11.649999618530273,139700,0.0,0.0
2021-10-07 00:00:00-04:00,11.720000267028809,11.829999923706055,11.649999618530273,11.699999809265137,108400,0.0,0.0
2021-10-08 00:00:00-04:00,11.6899995803833,11.75,11.319999694824219,11.369999885559082,124100,0.0,0.0
2021-10-11 00:00:00-04:00,11.449999809265137,12.020000457763672,11.449999809265137,11.5600004196167,532700,0.0,0.0
2021-10-12 00:00:00-04:00,11.569999694824219,11.760000228881836,11.239999771118164,11.3100004196167,452900,0.0,0.0
2021-10-13 00:00:00-04:00,11.420000076293945,11.640000343322754,11.25,11.510000228881836,144800,0.0,0.0
2021-10-14 00:00:00-04:00,11.619999885559082,11.739999771118164,11.470000267028809,11.539999961853027,110300,0.0,0.0
2021-10-15 00:00:00-04:00,11.6899995803833,11.75,11.399999618530273,11.489999771118164,216900,0.0,0.0
2021-10-18 00:00:00-04:00,11.460000038146973,11.699999809265137,11.109999656677246,11.149999618530273,134500,0.0,0.0
2021-10-19 00:00:00-04:00,11.130000114440918,11.40999984741211,10.970000267028809,11.0600004196167,116700,0.0,0.0
2021-10-20 00:00:00-04:00,11.069999694824219,11.545000076293945,11.010000228881836,11.300000190734863,357200,0.0,0.0
2021-10-21 00:00:00-04:00,11.180000305175781,11.369999885559082,11.180000305175781,11.3100004196167,33300,0.0,0.0
2021-10-22 00:00:00-04:00,11.300000190734863,11.300000190734863,11.050000190734863,11.199999809265137,64500,0.0,0.0
2021-10-25 00:00:00-04:00,11.0600004196167,11.28499984741211,11.0,11.010000228881836,38600,0.0,0.0
2021-10-26 00:00:00-04:00,11.0,11.109999656677246,10.75,10.760000228881836,98900,0.0,0.0
2021-10-27 00:00:00-04:00,10.829999923706055,10.850000381469727,10.609999656677246,10.619999885559082,57000,0.0,0.0
2021-10-28 00:00:00-04:00,10.75,11.029999732971191,10.739999771118164,10.890000343322754,35500,0.0,0.0
2021-10-29 00:00:00-04:00,10.9399995803833,10.949999809265137,10.829999923706055,10.899999618530273,75600,0.0,0.0
2021-11-01 00:00:00-04:00,10.989999771118164,11.510000228881836,10.949999809265137,11.430000305175781,209100,0.0,0.0
2021-11-02 00:00:00-04:00,11.199999809265137,11.800000190734863,11.199999809265137,11.800000190734863,177000,0.0,0.0
2021-11-03 00:00:00-04:00,11.569999694824219,12.220000267028809,11.569999694824219,12.010000228881836,115000,0.0,0.0
2021-11-04 00:00:00-04:00,11.890000343322754,12.189000129699707,11.869999885559082,12.010000228881836,75500,0.0,0.0
2021-11-05 00:00:00-04:00,11.789999961853027,12.170000076293945,11.539999961853027,11.949999809265137,94500,0.0,0.0
2021-11-08 00:00:00-05:00,11.729999542236328,12.050000190734863,11.729999542236328,11.989999771118164,179700,0.0,0.0
2021-11-09 00:00:00-05:00,12.010000228881836,12.234999656677246,11.989999771118164,12.039999961853027,190500,0.0,0.0
2021-11-10 00:00:00-05:00,12.529999732971191,12.699999809265137,12.119999885559082,12.619999885559082,276800,0.0,0.0
2021-11-11 00:00:00-05:00,12.625,13.0,12.470000267028809,12.899999618530273,252900,0.0,0.0
2021-11-12 00:00:00-05:00,12.920000076293945,13.40999984741211,12.579999923706055,13.25,292900,0.0,0.0
2021-11-15 00:00:00-05:00,13.1899995803833,13.539999961853027,13.029999732971191,13.399999618530273,283000,0.0,0.0
2021-11-16 00:00:00-05:00,13.210000038146973,13.375,12.994999885559082,13.279999732971191,183100,0.0,0.0
2021-11-17 00:00:00-05:00,13.140000343322754,13.5,13.140000343322754,13.449999809265137,175600,0.0,0.0
2021-11-18 00:00:00-05:00,13.640000343322754,13.640000343322754,13.130000114440918,13.270000457763672,162300,0.0,0.0
2021-11-19 00:00:00-05:00,13.350000381469727,13.539999961853027,13.069999694824219,13.149999618530273,166300,0.0,0.0
2021-11-22 00:00:00-05:00,13.100000381469727,13.270000457763672,12.920000076293945,13.100000381469727,159800,0.0,0.0
2021-11-23 00:00:00-05:00,13.130000114440918,13.175000190734863,12.520000457763672,12.649999618530273,212100,0.0,0.0
2021-11-24 00:00:00-05:00,12.600000381469727,12.869999885559082,12.5600004196167,12.640000343322754,148100,0.0,0.0
2021-11-26 00:00:00-05:00,12.430000305175781,12.5,12.09000015258789,12.229999542236328,158400,0.0,0.0
2021-11-29 00:00:00-05:00,12.34000015258789,12.34000015258789,11.989999771118164,12.0,119000,0.0,0.0
2021-11-30 00:00:00-05:00,11.899999618530273,12.239999771118164,11.899999618530273,12.210000038146973,864500,0.0,0.0
2021-12-01 00:00:00-05:00,12.220000267028809,13.029999732971191,12.220000267028809,12.59000015258789,512400,0.0,0.0
2021-12-02 00:00:00-05:00,12.699999809265137,12.899999618530273,12.399999618530273,12.59000015258789,101200,0.0,0.0
2021-12-03 00:00:00-05:00,12.640000343322754,12.84000015258789,12.34000015258789,12.59000015258789,218800,0.0,0.0
2021-12-06 00:00:00-05:00,12.5600004196167,12.5600004196167,11.880000114440918,12.0600004196167,205300,0.0,0.0
2021-12-07 00:00:00-05:00,12.100000381469727,12.609999656677246,12.100000381469727,12.140000343322754,210700,0.0,0.0
2021-12-08 00:00:00-05:00,12.279999732971191,12.569999694824219,12.1899995803833,12.449999809265137,149100,0.0,0.0
2021-12-09 00:00:00-05:00,12.420000076293945,12.59000015258789,12.225000381469727,12.289999961853027,71400,0.0,0.0
2021-12-10 00:00:00-05:00,12.319999694824219,12.4399995803833,12.239999771118164,12.369999885559082,89800,0.0,0.0
2021-12-13 00:00:00-05:00,12.319999694824219,12.479000091552734,12.029999732971191,12.069999694824219,235300,0.0,0.0
2021-12-14 00:00:00-05:00,11.949999809265137,12.4399995803833,11.819999694824219,11.9399995803833,209600,0.0,0.0
2021-12-15 00:00:00-05:00,11.850000381469727,11.859000205993652,11.449999809265137,11.789999961853027,183400,0.0,0.0
2021-12-16 00:00:00-05:00,11.90999984741211,12.157999992370605,11.84000015258789,12.039999961853027,151900,0.0,0.0
2021-12-17 00:00:00-05:00,11.920000076293945,12.210000038146973,11.739999771118164,12.130000114440918,228500,0.0,0.0
2021-12-20 00:00:00-05:00,12.010000228881836,12.069999694824219,11.710000038146973,11.90999984741211,155100,0.0,0.0
2021-12-21 00:00:00-05:00,11.970000267028809,12.170000076293945,11.949999809265137,12.109999656677246,72800,0.0,0.0
2021-12-22 00:00:00-05:00,12.140000343322754,12.510000228881836,12.140000343322754,12.479999542236328,74800,0.0,0.0
2021-12-23 00:00:00-05:00,12.539999961853027,12.739999771118164,12.479999542236328,12.59000015258789,63300,0.0,0.0
2021-12-27 00:00:00-05:00,12.6899995803833,13.050000190734863,12.5600004196167,12.859999656677246,106900,0.0,0.0
2021-12-28 00:00:00-05:00,12.920000076293945,13.239999771118164,12.920000076293945,13.210000038146973,65000,0.0,0.0
2021-12-29 00:00:00-05:00,13.300000190734863,13.319999694824219,12.640000343322754,12.75,112400,0.0,0.0
2021-12-30 00:00:00-05:00,12.829999923706055,13.15999984741211,12.829999923706055,13.100000381469727,62200,0.0,0.0
2021-12-31 00:00:00-05:00,13.119999885559082,13.180000305175781,12.899999618530273,12.989999771118164,62700,0.0,0.0
2022-01-03 00:00:00-05:00,12.989999771118164,13.300000190734863,12.949999809265137,13.260000228881836,78700,0.0,0.0
2022-01-04 00:00:00-05:00,13.380000114440918,13.475000381469727,13.170999526977539,13.34000015258789,40500,0.0,0.0
2022-01-05 00:00:00-05:00,13.399999618530273,13.404999732971191,12.850000381469727,12.90999984741211,71100,0.0,0.0
2022-01-06 00:00:00-05:00,12.800000190734863,12.800000190734863,12.289999961853027,12.600000381469727,64300,0.0,0.0
2022-01-07 00:00:00-05:00,12.6899995803833,12.6899995803833,11.989999771118164,12.0600004196167,113100,0.0,0.0
2022-01-10 00:00:00-05:00,12.15999984741211,12.15999984741211,11.65999984741211,12.029999732971191,57200,0.0,0.0
2022-01-11 00:00:00-05:00,12.149999618530273,12.510000228881836,12.0600004196167,12.329999923706055,62500,0.0,0.0
2022-01-12 00:00:00-05:00,12.449999809265137,12.720000267028809,12.220000267028809,12.630000114440918,56000,0.0,0.0
2022-01-13 00:00:00-05:00,12.569999694824219,13.220000267028809,12.569999694824219,13.180000305175781,122600,0.0,0.0
2022-01-14 00:00:00-05:00,12.989999771118164,13.234999656677246,12.770000457763672,13.029999732971191,229000,0.0,0.0
2022-01-18 00:00:00-05:00,13.079999923706055,13.34000015258789,12.78499984741211,13.020000457763672,144500,0.0,0.0
2022-01-19 00:00:00-05:00,13.079999923706055,13.4399995803833,12.960000038146973,13.1899995803833,226100,0.0,0.0
2022-01-20 00:00:00-05:00,13.199999809265137,13.199999809265137,12.829999923706055,12.84000015258789,140800,0.0,0.0
2022-01-21 00:00:00-05:00,12.710000038146973,12.984999656677246,12.380000114440918,12.460000038146973,210100,0.0,0.0
2022-01-24 00:00:00-05:00,12.390000343322754,12.569999694824219,11.9399995803833,12.170000076293945,281500,0.0,0.0
2022-01-25 00:00:00-05:00,12.020000457763672,12.0600004196167,11.640000343322754,11.8100004196167,205500,0.0,0.0
2022-01-26 00:00:00-05:00,11.84000015258789,12.079999923706055,11.65999984741211,11.699999809265137,103000,0.0,0.0
2022-01-27 00:00:00-05:00,11.720000267028809,11.75,11.0,11.0600004196167,292600,0.0,0.0
2022-01-28 00:00:00-05:00,11.130000114440918,11.5600004196167,10.930000305175781,11.550000190734863,153300,0.0,0.0
2022-01-31 00:00:00-05:00,11.609999656677246,11.850000381469727,11.5600004196167,11.84000015258789,188700,0.0,0.0
2022-02-01 00:00:00-05:00,11.84000015258789,12.039999961853027,11.649999618530273,11.979999542236328,152900,0.0,0.0
2022-02-02 00:00:00-05:00,12.109999656677246,12.180000305175781,11.489999771118164,11.619999885559082,126600,0.0,0.0
2022-02-03 00:00:00-05:00,11.289999961853027,11.65999984741211,11.180000305175781,11.25,188000,0.0,0.0
2022-02-04 00:00:00-05:00,11.3100004196167,11.479999542236328,11.029999732971191,11.40999984741211,122000,0.0,0.0
2022-02-07 00:00:00-05:00,11.34000015258789,11.720000267028809,11.34000015258789,11.479999542236328,96200,0.0,0.0
2022-02-08 00:00:00-05:00,11.329999923706055,11.789999961853027,11.119999885559082,11.760000228881836,110000,0.0,0.0
2022-02-09 00:00:00-05:00,11.760000228881836,11.960000038146973,11.729999542236328,11.789999961853027,88500,0.0,0.0
2022-02-10 00:00:00-05:00,11.640000343322754,11.960000038146973,11.489999771118164,11.550000190734863,81300,0.0,0.0
2022-02-11 00:00:00-05:00,11.449999809265137,12.0,11.4399995803833,11.8100004196167,209800,0.0,0.0
2022-02-14 00:00:00-05:00,11.8100004196167,11.949999809265137,11.595999717712402,11.930000305175781,166900,0.0,0.0
2022-02-15 00:00:00-05:00,11.970000267028809,12.319999694824219,11.970000267028809,12.289999961853027,144200,0.0,0.0
2022-02-16 00:00:00-05:00,12.3100004196167,12.710000038146973,12.069999694824219,12.420000076293945,94000,0.0,0.0
2022-02-17 00:00:00-05:00,12.279999732971191,12.430000305175781,12.210000038146973,12.34000015258789,140300,0.0,0.0
2022-02-18 00:00:00-05:00,12.390000343322754,12.550000190734863,12.279999732971191,12.479999542236328,226900,0.0,0.0
2022-02-22 00:00:00-05:00,12.420000076293945,12.850000381469727,12.369999885559082,12.40999984741211,315400,0.0,0.0
2022-02-23 00:00:00-05:00,12.40999984741211,12.550000190734863,12.25,12.260000228881836,193900,0.0,0.0
2022-02-24 00:00:00-05:00,11.960000038146973,12.4399995803833,11.895000457763672,12.369999885559082,433900,0.0,0.0
2022-02-25 00:00:00-05:00,12.489999771118164,13.149999618530273,12.484999656677246,13.079999923706055,195400,0.0,0.0
2022-02-28 00:00:00-05:00,12.890000343322754,13.359999656677246,12.739999771118164,12.970000267028809,307400,0.0,0.0
2022-03-01 00:00:00-05:00,12.829999923706055,13.010000228881836,12.680000305175781,12.829999923706055,337500,0.0,0.0
2022-03-02 00:00:00-05:00,12.779999732971191,13.109999656677246,12.720000267028809,13.0600004196167,207300,0.0,0.0
2022-03-03 00:00:00-05:00,13.289999961853027,13.829999923706055,13.289999961853027,13.569999694824219,307700,0.0,0.0
2022-03-04 00:00:00-05:00,13.699999809265137,14.039999961853027,13.5,14.029999732971191,329300,0.0,0.0
2022-03-07 00:00:00-05:00,13.800000190734863,14.010000228881836,13.640000343322754,13.680000305175781,345500,0.0,0.0
2022-03-08 00:00:00-05:00,13.699999809265137,13.899999618530273,13.529999732971191,13.619999885559082,200100,0.0,0.0
2022-03-09 00:00:00-05:00,13.789999961853027,14.020000457763672,13.510000228881836,13.699999809265137,163000,0.0,0.0
2022-03-10 00:00:00-05:00,13.569999694824219,13.970000267028809,13.470000267028809,13.930000305175781,171000,0.0,0.0
2022-03-11 00:00:00-05:00,13.970000267028809,14.420000076293945,13.970000267028809,14.3100004196167,231200,0.0,0.0
2022-03-14 00:00:00-04:00,14.289999961853027,14.364999771118164,13.289999961853027,13.329999923706055,737100,0.0,0.0
2022-03-15 00:00:00-04:00,13.350000381469727,14.300000190734863,13.350000381469727,14.100000381469727,482800,0.0,0.0
2022-03-16 00:00:00-04:00,14.319999694824219,14.539999961853027,13.829999923706055,14.520000457763672,410400,0.0,0.0
2022-03-17 00:00:00-04:00,14.430000305175781,14.680000305175781,14.270000457763672,14.390000343322754,409000,0.0,0.0
2022-03-18 00:00:00-04:00,14.489999771118164,14.5,14.039999961853027,14.050000190734863,293700,0.0,0.0
2022-03-21 00:00:00-04:00,13.979999542236328,14.359999656677246,13.859999656677246,14.140000343322754,601900,0.0,0.0
2022-03-22 00:00:00-04:00,14.119999885559082,14.28499984741211,14.09000015258789,14.119999885559082,250400,0.0,0.0
2022-03-23 00:00:00-04:00,14.15999984741211,14.380000114440918,13.920000076293945,14.010000228881836,435300,0.0,0.0
2022-03-24 00:00:00-04:00,14.0,14.029999732971191,13.3100004196167,13.5,290300,0.0,0.0
2022-03-25 00:00:00-04:00,13.430000305175781,13.550000190734863,13.239999771118164,13.359999656677246,119800,0.0,0.0
2022-03-28 00:00:00-04:00,13.239999771118164,13.4399995803833,13.229999542236328,13.430000305175781,97600,0.0,0.0
2022-03-29 00:00:00-04:00,13.4399995803833,14.050000190734863,13.4399995803833,13.75,204100,0.0,0.0
2022-03-30 00:00:00-04:00,13.859999656677246,13.90999984741211,13.579999923706055,13.720000267028809,112400,0.0,0.0
2022-03-31 00:00:00-04:00,13.75,14.050000190734863,13.670999526977539,13.90999984741211,319300,0.0,0.0
2022-04-01 00:00:00-04:00,14.029999732971191,14.039999961853027,13.807000160217285,14.0,183000,0.0,0.0
2022-04-04 00:00:00-04:00,13.989999771118164,14.119999885559082,13.739999771118164,13.829999923706055,145300,0.0,0.0
2022-04-05 00:00:00-04:00,13.9399995803833,14.0600004196167,13.645000457763672,13.720000267028809,161900,0.0,0.0
2022-04-06 00:00:00-04:00,13.630000114440918,13.6899995803833,13.170000076293945,13.239999771118164,170800,0.0,0.0
2022-04-07 00:00:00-04:00,13.1899995803833,13.220000267028809,12.720000267028809,12.890000343322754,404900,0.0,0.0
2022-04-08 00:00:00-04:00,12.970000267028809,13.0600004196167,12.220000267028809,12.970000267028809,228200,0.0,0.0
2022-04-11 00:00:00-04:00,12.880000114440918,13.22700023651123,12.84000015258789,13.020000457763672,126200,0.0,0.0
2022-04-12 00:00:00-04:00,13.020000457763672,13.350000381469727,12.829999923706055,12.930000305175781,164100,0.0,0.0
2022-04-13 00:00:00-04:00,12.9399995803833,13.380000114440918,12.720000267028809,13.3100004196167,183500,0.0,0.0
2022-04-14 00:00:00-04:00,13.350000381469727,13.654999732971191,13.329999923706055,13.5,182200,0.0,0.0
2022-04-18 00:00:00-04:00,13.529999732971191,13.90999984741211,13.369999885559082,13.720000267028809,114400,0.0,0.0
2022-04-19 00:00:00-04:00,13.729999542236328,14.039999961853027,13.699999809265137,13.869999885559082,148500,0.0,0.0
2022-04-20 00:00:00-04:00,12.829999923706055,12.920000076293945,12.015000343322754,12.4399995803833,1782200,0.0,0.0
2022-04-21 00:00:00-04:00,12.520000457763672,12.600000381469727,11.569999694824219,11.609999656677246,5042700,0.0,0.0
2022-04-22 00:00:00-04:00,11.640000343322754,11.710000038146973,11.239999771118164,11.329999923706055,552100,0.0,0.0
2022-04-25 00:00:00-04:00,11.289999961853027,11.510000228881836,11.0600004196167,11.380000114440918,592400,0.0,0.0
2022-04-26 00:00:00-04:00,11.270000457763672,11.350000381469727,10.630000114440918,10.65999984741211,904900,0.0,0.0
2022-04-27 00:00:00-04:00,10.5600004196167,10.729999542236328,10.232999801635742,10.329999923706055,722800,0.0,0.0
2022-04-28 00:00:00-04:00,10.399999618530273,10.75,10.09000015258789,10.699999809265137,997200,0.0,0.0
2022-04-29 00:00:00-04:00,10.550000190734863,10.800000190734863,10.1899995803833,10.539999961853027,614300,0.0,0.0
2022-05-02 00:00:00-04:00,10.529999732971191,10.899999618530273,10.3100004196167,10.760000228881836,454400,0.0,0.0
2022-05-03 00:00:00-04:00,10.819999694824219,10.819999694824219,10.460000038146973,10.699999809265137,539800,0.0,0.0
2022-05-04 00:00:00-04:00,10.609999656677246,10.805000305175781,10.15999984741211,10.649999618530273,596800,0.0,0.0
2022-05-05 00:00:00-04:00,10.569999694824219,10.65999984741211,9.979999542236328,10.079999923706055,709100,0.0,0.0
2022-05-06 00:00:00-04:00,10.069999694824219,10.194999694824219,9.670000076293945,9.949999809265137,585400,0.0,0.0
2022-05-09 00:00:00-04:00,9.819999694824219,9.819999694824219,9.109999656677246,9.119999885559082,928500,0.0,0.0
2022-05-10 00:00:00-04:00,9.15999984741211,9.399999618530273,8.510000228881836,8.90999984741211,1203300,0.0,0.0
2022-05-11 00:00:00-04:00,8.899999618530273,9.119999885559082,8.529999732971191,8.529999732971191,483100,0.0,0.0
2022-05-12 00:00:00-04:00,9.3100004196167,9.380000114440918,8.229999542236328,9.229999542236328,768300,0.0,0.0
2022-05-13 00:00:00-04:00,9.319999694824219,9.850000381469727,9.170999526977539,9.739999771118164,465900,0.0,0.0
2022-05-16 00:00:00-04:00,9.65999984741211,10.25,9.619999885559082,10.069999694824219,342500,0.0,0.0
2022-05-17 00:00:00-04:00,10.300000190734863,10.430000305175781,10.100000381469727,10.3100004196167,217800,0.0,0.0
2022-05-18 00:00:00-04:00,10.140000343322754,10.229999542236328,9.6899995803833,9.979999542236328,472800,0.0,0.0
2022-05-19 00:00:00-04:00,9.890000343322754,9.970000267028809,9.470000267028809,9.770000457763672,497500,0.0,0.0
2022-05-20 00:00:00-04:00,9.859999656677246,9.930000305175781,9.420000076293945,9.760000228881836,289400,0.0,0.0
2022-05-23 00:00:00-04:00,9.819999694824219,9.960000038146973,9.619999885559082,9.720000267028809,405700,0.0,0.0
2022-05-24 00:00:00-04:00,9.640000343322754,9.800000190734863,9.53499984741211,9.75,342000,0.0,0.0
2022-05-25 00:00:00-04:00,9.670000076293945,9.989999771118164,9.670000076293945,9.739999771118164,529200,0.0,0.0
2022-05-26 00:00:00-04:00,9.75,10.010000228881836,9.680000305175781,9.90999984741211,659300,0.0,0.0
2022-05-27 00:00:00-04:00,10.010000228881836,10.279999732971191,9.9399995803833,10.140000343322754,380300,0.0,0.0
2022-05-31 00:00:00-04:00,10.149999618530273,10.619999885559082,10.0600004196167,10.489999771118164,358000,0.0,0.0
2022-06-01 00:00:00-04:00,10.470000267028809,10.619999885559082,10.289999961853027,10.4399995803833,269000,0.0,0.0
2022-06-02 00:00:00-04:00,10.4399995803833,11.100000381469727,10.390000343322754,11.079999923706055,630600,0.0,0.0
2022-06-03 00:00:00-04:00,10.90999984741211,11.09000015258789,10.539999961853027,10.739999771118164,314900,0.0,0.0
2022-06-06 00:00:00-04:00,10.960000038146973,11.180000305175781,10.789999961853027,11.0,602900,0.0,0.0
2022-06-07 00:00:00-04:00,10.84000015258789,10.869999885559082,10.430000305175781,10.8100004196167,491400,0.0,0.0
2022-06-08 00:00:00-04:00,10.819999694824219,11.0600004196167,10.704999923706055,10.75,375000,0.0,0.0
2022-06-09 00:00:00-04:00,10.680000305175781,10.760000228881836,10.510000228881836,10.539999961853027,447100,0.0,0.0
2022-06-10 00:00:00-04:00,10.399999618530273,10.550000190734863,10.239999771118164,10.239999771118164,443300,0.0,0.0
2022-06-13 00:00:00-04:00,10.0,10.050000190734863,9.640000343322754,9.770000457763672,595900,0.0,0.0
2022-06-14 00:00:00-04:00,9.8100004196167,9.895000457763672,9.670000076293945,9.84000015258789,354500,0.0,0.0
2022-06-15 00:00:00-04:00,9.930000305175781,10.305000305175781,9.8100004196167,10.100000381469727,533200,0.0,0.0
2022-06-16 00:00:00-04:00,9.960000038146973,10.170000076293945,9.770000457763672,9.989999771118164,530200,0.0,0.0
2022-06-17 00:00:00-04:00,10.010000228881836,10.15999984741211,9.84000015258789,10.119999885559082,648900,0.0,0.0
2022-06-21 00:00:00-04:00,10.239999771118164,10.479999542236328,10.039999961853027,10.069999694824219,519200,0.0,0.0
2022-06-22 00:00:00-04:00,10.109999656677246,10.359999656677246,9.90999984741211,10.029999732971191,1974200,0.0,0.0
2022-06-23 00:00:00-04:00,10.020000457763672,10.21500015258789,9.800000190734863,10.0,622400,0.0,0.0
2022-06-24 00:00:00-04:00,10.029999732971191,10.449999809265137,9.899999618530273,10.25,7930900,0.0,0.0
2022-06-27 00:00:00-04:00,10.270000457763672,10.920000076293945,10.270000457763672,10.920000076293945,659100,0.0,0.0
2022-06-28 00:00:00-04:00,11.130000114440918,11.130000114440918,10.680000305175781,10.739999771118164,416600,0.0,0.0
2022-06-29 00:00:00-04:00,10.729999542236328,10.8100004196167,10.489999771118164,10.699999809265137,415300,0.0,0.0
2022-06-30 00:00:00-04:00,10.5600004196167,10.720000267028809,10.329999923706055,10.5,1497800,0.0,0.0
2022-07-01 00:00:00-04:00,10.449999809265137,10.979999542236328,10.449999809265137,10.979999542236328,375800,0.0,0.0
2022-07-05 00:00:00-04:00,10.789999961853027,11.039999961853027,10.6899995803833,10.84000015258789,642100,0.0,0.0
2022-07-06 00:00:00-04:00,10.899999618530273,10.930000305175781,10.680000305175781,10.850000381469727,320100,0.0,0.0
2022-07-07 00:00:00-04:00,10.970000267028809,11.475000381469727,10.899999618530273,11.460000038146973,594500,0.0,0.0
2022-07-08 00:00:00-04:00,11.380000114440918,11.539999961853027,11.279999732971191,11.329999923706055,238600,0.0,0.0
2022-07-11 00:00:00-04:00,11.1899995803833,11.329999923706055,10.9350004196167,10.960000038146973,188100,0.0,0.0
2022-07-12 00:00:00-04:00,10.989999771118164,11.199999809265137,10.970000267028809,11.079999923706055,452500,0.0,0.0
2022-07-13 00:00:00-04:00,10.979999542236328,11.079999923706055,10.800000190734863,10.899999618530273,1442700,0.0,0.0
2022-07-14 00:00:00-04:00,10.6899995803833,11.03499984741211,10.6899995803833,11.0,243500,0.0,0.0
2022-07-15 00:00:00-04:00,11.170000076293945,11.539999961853027,11.020000457763672,11.529999732971191,258500,0.0,0.0
2022-07-18 00:00:00-04:00,11.640000343322754,11.720000267028809,11.420000076293945,11.4399995803833,261700,0.0,0.0
2022-07-19 00:00:00-04:00,11.600000381469727,11.710000038146973,11.489999771118164,11.649999618530273,307400,0.0,0.0
2022-07-20 00:00:00-04:00,11.579999923706055,12.024999618530273,11.579999923706055,12.020000457763672,324700,0.0,0.0
2022-07-21 00:00:00-04:00,11.930000305175781,12.369999885559082,11.930000305175781,12.369999885559082,413400,0.0,0.0
2022-07-22 00:00:00-04:00,12.399999618530273,12.420000076293945,12.029999732971191,12.119999885559082,230000,0.0,0.0
2022-07-25 00:00:00-04:00,12.149999618530273,12.3100004196167,11.989999771118164,12.199999809265137,191100,0.0,0.0
2022-07-26 00:00:00-04:00,12.199999809265137,12.225000381469727,12.0,12.140000343322754,249800,0.0,0.0
2022-07-27 00:00:00-04:00,12.220000267028809,12.239999771118164,12.029999732971191,12.149999618530273,328700,0.0,0.0
2022-07-28 00:00:00-04:00,12.220000267028809,12.680000305175781,12.15999984741211,12.670000076293945,339700,0.0,0.0
2022-07-29 00:00:00-04:00,9.329999923706055,9.380000114440918,7.96999979019165,7.989999771118164,8920400,0.0,0.0
2022-08-01 00:00:00-04:00,8.069999694824219,8.069999694824219,6.320000171661377,6.670000076293945,8176600,0.0,0.0
2022-08-02 00:00:00-04:00,6.610000133514404,6.749000072479248,6.449999809265137,6.5,1922400,0.0,0.0
2022-08-03 00:00:00-04:00,6.46999979019165,6.570000171661377,6.019999980926514,6.019999980926514,2270300,0.0,0.0
2022-08-04 00:00:00-04:00,6.099999904632568,6.429999828338623,6.0,6.039999961853027,2869300,0.0,0.0
2022-08-05 00:00:00-04:00,6.0,6.039999961853027,5.679999828338623,5.730000019073486,1574700,0.0,0.0
2022-08-08 00:00:00-04:00,5.75,6.25,5.75,6.210000038146973,1339700,0.0,0.0
2022-08-09 00:00:00-04:00,6.199999809265137,6.329999923706055,5.96999979019165,6.190000057220459,914300,0.0,0.0
2022-08-10 00:00:00-04:00,6.309999942779541,6.534999847412109,6.215000152587891,6.489999771118164,908000,0.0,0.0
2022-08-11 00:00:00-04:00,6.480000019073486,6.650000095367432,6.150000095367432,6.269999980926514,1223500,0.0,0.0
2022-08-12 00:00:00-04:00,6.199999809265137,6.599999904632568,6.199999809265137,6.570000171661377,765400,0.0,0.0
2022-08-15 00:00:00-04:00,6.46999979019165,6.550000190734863,6.429999828338623,6.46999979019165,674200,0.0,0.0
2022-08-16 00:00:00-04:00,6.449999809265137,6.480000019073486,6.261000156402588,6.380000114440918,782500,0.0,0.0
2022-08-17 00:00:00-04:00,6.380000114440918,6.400000095367432,6.190000057220459,6.199999809265137,694500,0.0,0.0
2022-08-18 00:00:00-04:00,6.170000076293945,6.295000076293945,6.159999847412109,6.25,529700,0.0,0.0
2022-08-19 00:00:00-04:00,6.300000190734863,6.440000057220459,6.239999771118164,6.360000133514404,827800,0.0,0.0
2022-08-22 00:00:00-04:00,6.289999961853027,6.300000190734863,6.0,6.039999961853027,498700,0.0,0.0
2022-08-23 00:00:00-04:00,5.989999771118164,6.090000152587891,5.809999942779541,5.849999904632568,700600,0.0,0.0
2022-08-24 00:00:00-04:00,5.840000152587891,6.019999980926514,5.840000152587891,5.96999979019165,380100,0.0,0.0
2022-08-25 00:00:00-04:00,6.0,6.25,6.0,6.210000038146973,425300,0.0,0.0
2022-08-26 00:00:00-04:00,6.269999980926514,6.28000020980835,6.0,6.019999980926514,406500,0.0,0.0
2022-08-29 00:00:00-04:00,5.96999979019165,6.059999942779541,5.784999847412109,5.840000152587891,600100,0.0,0.0
2022-08-30 00:00:00-04:00,5.840000152587891,5.849999904632568,5.650000095367432,5.710000038146973,940300,0.0,0.0
2022-08-31 00:00:00-04:00,5.809999942779541,5.894999980926514,5.610000133514404,5.670000076293945,797600,0.0,0.0
2022-09-01 00:00:00-04:00,5.650000095367432,5.699999809265137,5.525000095367432,5.599999904632568,597500,0.0,0.0
2022-09-02 00:00:00-04:00,5.619999885559082,5.710000038146973,5.534999847412109,5.599999904632568,663900,0.0,0.0
2022-09-06 00:00:00-04:00,5.630000114440918,5.849999904632568,5.570000171661377,5.769999980926514,396900,0.0,0.0
2022-09-07 00:00:00-04:00,5.75,5.900000095367432,5.650000095367432,5.739999771118164,806100,0.0,0.0
2022-09-08 00:00:00-04:00,5.679999828338623,5.90500020980835,5.670000076293945,5.789999961853027,348100,0.0,0.0
2022-09-09 00:00:00-04:00,5.829999923706055,6.03000020980835,5.820000171661377,5.980000019073486,803100,0.0,0.0
2022-09-12 00:00:00-04:00,6.019999980926514,6.159999847412109,5.869999885559082,6.010000228881836,2097100,0.0,0.0
2022-09-13 00:00:00-04:00,5.840000152587891,5.909999847412109,5.570000171661377,5.619999885559082,582000,0.0,0.0
2022-09-14 00:00:00-04:00,5.559999942779541,5.769000053405762,5.454999923706055,5.690000057220459,800800,0.0,0.0
2022-09-15 00:00:00-04:00,5.659999847412109,5.860000133514404,5.454999923706055,5.510000228881836,628100,0.0,0.0
2022-09-16 00:00:00-04:00,5.460000038146973,5.460000038146973,5.239999771118164,5.329999923706055,1814100,0.0,0.0
2022-09-19 00:00:00-04:00,5.28000020980835,5.489999771118164,5.255000114440918,5.389999866485596,835400,0.0,0.0
2022-09-20 00:00:00-04:00,5.349999904632568,5.349999904632568,5.204999923706055,5.239999771118164,471800,0.0,0.0
2022-09-21 00:00:00-04:00,5.199999809265137,5.28000020980835,4.980000019073486,4.980000019073486,811600,0.0,0.0
2022-09-22 00:00:00-04:00,4.929999828338623,4.980000019073486,4.775000095367432,4.789999961853027,561900,0.0,0.0
2022-09-23 00:00:00-04:00,4.730000019073486,4.739999771118164,4.5,4.5,736100,0.0,0.0
2022-09-26 00:00:00-04:00,4.449999809265137,4.639999866485596,4.364999771118164,4.389999866485596,493600,0.0,0.0
2022-09-27 00:00:00-04:00,4.449999809265137,4.510000228881836,4.340000152587891,4.409999847412109,370400,0.0,0.0
2022-09-28 00:00:00-04:00,4.449999809265137,4.670000076293945,4.394999980926514,4.559999942779541,433800,0.0,0.0
2022-09-29 00:00:00-04:00,4.5,4.550000190734863,4.184999942779541,4.269999980926514,483400,0.0,0.0
2022-09-30 00:00:00-04:00,4.21999979019165,4.320000171661377,4.050000190734863,4.050000190734863,479200,0.0,0.0
2022-10-03 00:00:00-04:00,4.099999904632568,4.260000228881836,4.019999980926514,4.260000228881836,471300,0.0,0.0
2022-10-04 00:00:00-04:00,4.340000152587891,4.394999980926514,4.114999771118164,4.150000095367432,501200,0.0,0.0
2022-10-05 00:00:00-04:00,4.019999980926514,4.050000190734863,3.880000114440918,4.03000020980835,612900,0.0,0.0
2022-10-06 00:00:00-04:00,4.050000190734863,4.170000076293945,3.930000066757202,3.940000057220459,367000,0.0,0.0
2022-10-07 00:00:00-04:00,3.9000000953674316,3.9000000953674316,3.5850000381469727,3.5899999141693115,641700,0.0,0.0
2022-10-10 00:00:00-04:00,3.630000114440918,3.9000000953674316,3.5399999618530273,3.880000114440918,473100,0.0,0.0
2022-10-11 00:00:00-04:00,3.819999933242798,4.099999904632568,3.7899999618530273,4.059999942779541,677400,0.0,0.0
2022-10-12 00:00:00-04:00,4.03000020980835,4.329999923706055,4.0,4.269999980926514,844100,0.0,0.0
2022-10-13 00:00:00-04:00,4.099999904632568,4.139999866485596,3.9000000953674316,4.119999885559082,713000,0.0,0.0
2022-10-14 00:00:00-04:00,4.170000076293945,4.190000057220459,3.994999885559082,4.079999923706055,377500,0.0,0.0
2022-10-17 00:00:00-04:00,4.159999847412109,4.25,4.050000190734863,4.210000038146973,516100,0.0,0.0
2022-10-18 00:00:00-04:00,4.300000190734863,4.40500020980835,4.184999942779541,4.210000038146973,512900,0.0,0.0
2022-10-19 00:00:00-04:00,4.199999809265137,4.199999809265137,3.9600000381469727,3.9700000286102295,422100,0.0,0.0
2022-10-20 00:00:00-04:00,3.9800000190734863,4.050000190734863,3.9200000762939453,3.9600000381469727,416100,0.0,0.0
2022-10-21 00:00:00-04:00,4.010000228881836,4.054999828338623,3.8469998836517334,4.0,365000,0.0,0.0
2022-10-24 00:00:00-04:00,3.990000009536743,4.010000228881836,3.8399999141693115,3.9000000953674316,312600,0.0,0.0
2022-10-25 00:00:00-04:00,3.930000066757202,4.050000190734863,3.930000066757202,4.03000020980835,688500,0.0,0.0
2022-10-26 00:00:00-04:00,4.079999923706055,4.440000057220459,4.008999824523926,4.230000019073486,620500,0.0,0.0
2022-10-27 00:00:00-04:00,4.320000171661377,4.394999980926514,4.114999771118164,4.130000114440918,768900,0.0,0.0
2022-10-28 00:00:00-04:00,4.159999847412109,4.159999847412109,3.9200000762939453,4.019999980926514,830100,0.0,0.0
2022-10-31 00:00:00-04:00,4.0,4.03000020980835,3.9049999713897705,3.9800000190734863,490300,0.0,0.0
2022-11-01 00:00:00-04:00,4.059999942779541,4.090000152587891,3.9200000762939453,3.9200000762939453,358800,0.0,0.0
2022-11-02 00:00:00-04:00,3.9100000858306885,3.930000066757202,3.609999895095825,3.640000104904175,793200,0.0,0.0
2022-11-03 00:00:00-04:00,3.5999999046325684,3.6600000858306885,3.509999990463257,3.5299999713897705,1184700,0.0,0.0
2022-11-04 00:00:00-04:00,3.609999895095825,3.6600000858306885,3.4100000858306885,3.5,603200,0.0,0.0
2022-11-07 00:00:00-05:00,3.5199999809265137,3.5299999713897705,3.2249999046325684,3.240000009536743,729000,0.0,0.0
2022-11-08 00:00:00-05:00,3.259999990463257,3.4800000190734863,3.2100000381469727,3.2799999713897705,1258200,0.0,0.0
2022-11-09 00:00:00-05:00,3.2300000190734863,3.25,2.869999885559082,2.880000114440918,889700,0.0,0.0
2022-11-10 00:00:00-05:00,3.049999952316284,3.25,2.9600000381469727,3.130000114440918,1313300,0.0,0.0
2022-11-11 00:00:00-05:00,3.119999885559082,3.319999933242798,3.055000066757202,3.2100000381469727,1624600,0.0,0.0
2022-11-14 00:00:00-05:00,3.200000047683716,3.259999990463257,2.884999990463257,2.990000009536743,1576200,0.0,0.0
2022-11-15 00:00:00-05:00,3.109999895095825,3.25,3.0299999713897705,3.059999942779541,1503200,0.0,0.0
2022-11-16 00:00:00-05:00,3.009999990463257,3.0350000858306885,2.2899999618530273,2.4000000953674316,2840500,0.0,0.0
2022-11-17 00:00:00-05:00,2.4200000762939453,2.924999952316284,2.369999885559082,2.9100000858306885,1476500,0.0,0.0
2022-11-18 00:00:00-05:00,2.950000047683716,3.125,2.9149999618530273,3.0,916200,0.0,0.0
2022-11-21 00:00:00-05:00,2.9600000381469727,2.990000009536743,2.7699999809265137,2.799999952316284,1311700,0.0,0.0
2022-11-22 00:00:00-05:00,2.8299999237060547,2.8399999141693115,2.690000057220459,2.7100000381469727,1006800,0.0,0.0
2022-11-23 00:00:00-05:00,2.7200000286102295,2.75,2.615000009536743,2.6700000762939453,446900,0.0,0.0
2022-11-25 00:00:00-05:00,2.700000047683716,2.7049999237060547,2.615000009536743,2.640000104904175,104900,0.0,0.0
2022-11-28 00:00:00-05:00,2.5799999237060547,2.684999942779541,2.5299999713897705,2.6600000858306885,518700,0.0,0.0
2022-11-29 00:00:00-05:00,2.6700000762939453,2.700000047683716,2.5999999046325684,2.640000104904175,337200,0.0,0.0
2022-11-30 00:00:00-05:00,2.6500000953674316,2.759999990463257,2.5999999046325684,2.740000009536743,549700,0.0,0.0
2022-12-01 00:00:00-05:00,2.75,2.8299999237060547,2.680000066757202,2.690000057220459,352000,0.0,0.0
2022-12-02 00:00:00-05:00,2.619999885559082,2.75,2.549999952316284,2.7200000286102295,428600,0.0,0.0
2022-12-05 00:00:00-05:00,2.7200000286102295,2.9600000381469727,2.700000047683716,2.9100000858306885,483100,0.0,0.0
2022-12-06 00:00:00-05:00,2.9000000953674316,2.9100000858306885,2.5999999046325684,2.6600000858306885,633400,0.0,0.0
2022-12-07 00:00:00-05:00,2.6500000953674316,2.759999990463257,2.5850000381469727,2.640000104904175,300400,0.0,0.0
2022-12-08 00:00:00-05:00,2.640000104904175,2.7799999713897705,2.569999933242798,2.640000104904175,455600,0.0,0.0
2022-12-09 00:00:00-05:00,2.640000104904175,2.799999952316284,2.5799999237060547,2.7200000286102295,543700,0.0,0.0
2022-12-12 00:00:00-05:00,2.7300000190734863,2.8399999141693115,2.6600000858306885,2.690000057220459,527400,0.0,0.0
2022-12-13 00:00:00-05:00,2.7300000190734863,2.7799999713897705,2.359999895095825,2.5,887700,0.0,0.0
2022-12-14 00:00:00-05:00,2.490000009536743,2.509999990463257,2.3299999237060547,2.4600000381469727,417400,0.0,0.0
2022-12-15 00:00:00-05:00,2.4000000953674316,2.4000000953674316,2.25,2.259999990463257,717300,0.0,0.0
2022-12-16 00:00:00-05:00,2.259999990463257,2.265000104904175,2.140000104904175,2.240000009536743,886600,0.0,0.0
2022-12-19 00:00:00-05:00,2.2699999809265137,2.2699999809265137,2.119999885559082,2.1500000953674316,704200,0.0,0.0
2022-12-20 00:00:00-05:00,2.1500000953674316,2.2799999713897705,2.0899999141693115,2.1500000953674316,556300,0.0,0.0
2022-12-21 00:00:00-05:00,2.1600000858306885,2.2200000286102295,2.140000104904175,2.180000066757202,432100,0.0,0.0
2022-12-22 00:00:00-05:00,2.1700000762939453,2.1700000762939453,2.0299999713897705,2.0999999046325684,516700,0.0,0.0
2022-12-23 00:00:00-05:00,2.059999942779541,2.130000114440918,2.0199999809265137,2.0399999618530273,446800,0.0,0.0
2022-12-27 00:00:00-05:00,2.059999942779541,2.059999942779541,1.909999966621399,1.940000057220459,821400,0.0,0.0
2022-12-28 00:00:00-05:00,1.9299999475479126,2.015000104904175,1.8799999952316284,1.909999966621399,594900,0.0,0.0
2022-12-29 00:00:00-05:00,1.9199999570846558,2.069999933242798,1.8899999856948853,2.0299999713897705,747000,0.0,0.0
2022-12-30 00:00:00-05:00,2.009999990463257,2.1500000953674316,2.009999990463257,2.119999885559082,648400,0.0,0.0
2023-01-03 00:00:00-05:00,2.1700000762939453,2.25,2.0999999046325684,2.1600000858306885,690700,0.0,0.0
2023-01-04 00:00:00-05:00,2.2100000381469727,2.259999990463257,2.059999942779541,2.0899999141693115,675300,0.0,0.0
2023-01-05 00:00:00-05:00,2.109999895095825,2.1500000953674316,1.9199999570846558,2.0299999713897705,957400,0.0,0.0
2023-01-06 00:00:00-05:00,2.0399999618530273,2.244999885559082,2.0350000858306885,2.2100000381469727,664800,0.0,0.0
2023-01-09 00:00:00-05:00,2.2300000190734863,2.5,2.2300000190734863,2.440000057220459,618100,0.0,0.0
2023-01-10 00:00:00-05:00,2.430000066757202,2.565000057220459,2.384999990463257,2.4600000381469727,611000,0.0,0.0
2023-01-11 00:00:00-05:00,2.4800000190734863,2.490000009536743,2.359999895095825,2.4100000858306885,325000,0.0,0.0
2023-01-12 00:00:00-05:00,2.4200000762939453,2.490000009536743,2.3550000190734863,2.4800000190734863,459700,0.0,0.0
2023-01-13 00:00:00-05:00,2.4200000762939453,2.575000047683716,2.3459999561309814,2.559999942779541,341100,0.0,0.0
2023-01-17 00:00:00-05:00,2.569999933242798,2.6600000858306885,2.5199999809265137,2.5899999141693115,565300,0.0,0.0
2023-01-18 00:00:00-05:00,2.640000104904175,2.825000047683716,2.63100004196167,2.75,745400,0.0,0.0
2023-01-19 00:00:00-05:00,2.75,2.799999952316284,2.690000057220459,2.759999990463257,654400,0.0,0.0
2023-01-20 00:00:00-05:00,2.799999952316284,3.0299999713897705,2.7100000381469727,2.869999885559082,703700,0.0,0.0
2023-01-23 00:00:00-05:00,2.880000114440918,3.2200000286102295,2.880000114440918,3.2200000286102295,843600,0.0,0.0
2023-01-24 00:00:00-05:00,3.200000047683716,3.2850000858306885,3.0199999809265137,3.0299999713897705,611900,0.0,0.0
2023-01-25 00:00:00-05:00,3.0299999713897705,3.0999999046325684,2.859999895095825,3.069999933242798,914700,0.0,0.0
2023-01-26 00:00:00-05:00,3.180000066757202,3.328000068664551,3.1050000190734863,3.1500000953674316,751000,0.0,0.0
2023-01-27 00:00:00-05:00,3.130000114440918,3.2100000381469727,2.990000009536743,3.130000114440918,531900,0.0,0.0
2023-01-30 00:00:00-05:00,3.119999885559082,3.2300000190734863,3.0450000762939453,3.190000057220459,477600,0.0,0.0
2023-01-31 00:00:00-05:00,3.200000047683716,3.309999942779541,3.1600000858306885,3.309999942779541,504800,0.0,0.0
2023-02-01 00:00:00-05:00,3.2699999809265137,3.440000057220459,3.2699999809265137,3.430000066757202,579800,0.0,0.0
2023-02-02 00:00:00-05:00,3.5,3.5899999141693115,3.430000066757202,3.509999990463257,712700,0.0,0.0
2023-02-03 00:00:00-05:00,3.4700000286102295,3.619999885559082,3.369999885559082,3.4800000190734863,586500,0.0,0.0
2023-02-06 00:00:00-05:00,3.450000047683716,3.4800000190734863,3.319999933242798,3.4200000762939453,341100,0.0,0.0
2023-02-07 00:00:00-05:00,2.6500000953674316,2.7699999809265137,2.1500000953674316,2.359999895095825,5575400,0.0,0.0
2023-02-08 00:00:00-05:00,2.4200000762939453,2.4200000762939453,2.130000114440918,2.130000114440918,1743700,0.0,0.0
2023-02-09 00:00:00-05:00,2.140000104904175,2.2100000381469727,2.0299999713897705,2.109999895095825,1292700,0.0,0.0
2023-02-10 00:00:00-05:00,2.119999885559082,2.2799999713897705,2.0799999237060547,2.2699999809265137,665200,0.0,0.0
2023-02-13 00:00:00-05:00,2.2200000286102295,2.325000047683716,2.0999999046325684,2.2899999618530273,821300,0.0,0.0
2023-02-14 00:00:00-05:00,2.259999990463257,2.2950000762939453,2.194999933242798,2.25,419000,0.0,0.0
2023-02-15 00:00:00-05:00,2.240000009536743,2.450000047683716,2.0999999046325684,2.450000047683716,775000,0.0,0.0
2023-02-16 00:00:00-05:00,2.390000104904175,2.4000000953674316,2.259999990463257,2.2699999809265137,505100,0.0,0.0
2023-02-17 00:00:00-05:00,2.2699999809265137,2.309999942779541,2.2200000286102295,2.299999952316284,335000,0.0,0.0
2023-02-21 00:00:00-05:00,2.2799999713897705,2.319999933242798,2.1500000953674316,2.1600000858306885,457200,0.0,0.0
2023-02-22 00:00:00-05:00,2.1700000762939453,2.25,2.1449999809265137,2.200000047683716,404100,0.0,0.0
2023-02-23 00:00:00-05:00,2.200000047683716,2.259999990463257,2.109999895095825,2.1500000953674316,444700,0.0,0.0
2023-02-24 00:00:00-05:00,2.140000104904175,2.1700000762939453,2.059999942779541,2.1500000953674316,366500,0.0,0.0
2023-02-27 00:00:00-05:00,2.1700000762939453,2.259999990463257,2.1600000858306885,2.25,341700,0.0,0.0
2023-02-28 00:00:00-05:00,2.1700000762939453,2.265000104904175,2.1700000762939453,2.180000066757202,475000,0.0,0.0
2023-03-01 00:00:00-05:00,2.180000066757202,2.240000009536743,2.140000104904175,2.1500000953674316,359500,0.0,0.0
2023-03-02 00:00:00-05:00,2.1500000953674316,2.200000047683716,2.0999999046325684,2.1700000762939453,573900,0.0,0.0
2023-03-03 00:00:00-05:00,2.190000057220459,2.380000114440918,2.190000057220459,2.3299999237060547,466000,0.0,0.0
2023-03-06 00:00:00-05:00,2.319999933242798,2.3499999046325684,2.2200000286102295,2.2200000286102295,354800,0.0,0.0
2023-03-07 00:00:00-05:00,2.200000047683716,2.2100000381469727,2.119999885559082,2.1500000953674316,407500,0.0,0.0
2023-03-08 00:00:00-05:00,2.140000104904175,2.140000104904175,1.9299999475479126,1.9800000190734863,886400,0.0,0.0
2023-03-09 00:00:00-05:00,2.1600000858306885,3.0799999237060547,2.1500000953674316,2.7699999809265137,8559600,0.0,0.0
2023-03-10 00:00:00-05:00,2.880000114440918,3.059999942779541,2.640000104904175,2.9600000381469727,2524000,0.0,0.0
2023-03-13 00:00:00-04:00,2.940000057220459,3.128999948501587,2.809999942779541,2.9200000762939453,1319300,0.0,0.0
2023-03-14 00:00:00-04:00,2.9800000190734863,2.990000009536743,2.799999952316284,2.930000066757202,641800,0.0,0.0
2023-03-15 00:00:00-04:00,2.880000114440918,2.9189999103546143,2.634999990463257,2.7100000381469727,519200,0.0,0.0
2023-03-16 00:00:00-04:00,2.700000047683716,2.7300000190734863,2.619999885559082,2.630000114440918,438800,0.0,0.0
2023-03-17 00:00:00-04:00,2.6500000953674316,2.6700000762939453,2.490000009536743,2.5,951300,0.0,0.0
2023-03-20 00:00:00-04:00,2.5,2.509999990463257,2.390000104904175,2.4600000381469727,455800,0.0,0.0
2023-03-21 00:00:00-04:00,2.490000009536743,2.630000114440918,2.490000009536743,2.609999895095825,384100,0.0,0.0
2023-03-22 00:00:00-04:00,2.5999999046325684,2.5999999046325684,2.390000104904175,2.4000000953674316,523700,0.0,0.0
2023-03-23 00:00:00-04:00,2.4000000953674316,2.484999895095825,2.3299999237060547,2.369999885559082,484100,0.0,0.0
2023-03-24 00:00:00-04:00,2.3499999046325684,2.4049999713897705,2.299999952316284,2.3399999141693115,390900,0.0,0.0
2023-03-27 00:00:00-04:00,2.3499999046325684,2.4700000286102295,2.2899999618530273,2.450000047683716,526200,0.0,0.0
2023-03-28 00:00:00-04:00,2.430000066757202,2.499000072479248,2.375,2.380000114440918,305500,0.0,0.0
2023-03-29 00:00:00-04:00,2.390000104904175,2.4600000381469727,2.3299999237060547,2.3499999046325684,311000,0.0,0.0
2023-03-30 00:00:00-04:00,2.5,2.6700000762939453,2.490000009536743,2.640000104904175,579500,0.0,0.0
2023-03-31 00:00:00-04:00,2.6600000858306885,2.7660000324249268,2.630000114440918,2.740000009536743,470900,0.0,0.0
2023-04-03 00:00:00-04:00,2.7100000381469727,2.799999952316284,2.5999999046325684,2.6600000858306885,587600,0.0,0.0
2023-04-04 00:00:00-04:00,2.6500000953674316,2.6600000858306885,2.4600000381469727,2.4700000286102295,358500,0.0,0.0
2023-04-05 00:00:00-04:00,2.450000047683716,2.490000009536743,2.2850000858306885,2.319999933242798,329100,0.0,0.0
2023-04-06 00:00:00-04:00,2.309999942779541,2.309999942779541,2.184999942779541,2.2699999809265137,412900,0.0,0.0
2023-04-10 00:00:00-04:00,2.2799999713897705,2.2899999618530273,2.2100000381469727,2.2799999713897705,394400,0.0,0.0
2023-04-11 00:00:00-04:00,2.309999942779541,2.3299999237060547,2.259999990463257,2.2699999809265137,464900,0.0,0.0
2023-04-12 00:00:00-04:00,2.299999952316284,2.299999952316284,2.200000047683716,2.200000047683716,434400,0.0,0.0
2023-04-13 00:00:00-04:00,2.2100000381469727,2.2200000286102295,2.1500000953674316,2.1700000762939453,309300,0.0,0.0
2023-04-14 00:00:00-04:00,2.1700000762939453,2.234999895095825,2.1449999809265137,2.1700000762939453,409800,0.0,0.0
2023-04-17 00:00:00-04:00,2.180000066757202,2.490000009536743,2.1530001163482666,2.4700000286102295,684000,0.0,0.0
2023-04-18 00:00:00-04:00,2.4800000190734863,2.619999885559082,2.4600000381469727,2.5199999809265137,519200,0.0,0.0
2023-04-19 00:00:00-04:00,2.509999990463257,2.5799999237060547,2.490000009536743,2.549999952316284,403200,0.0,0.0
2023-04-20 00:00:00-04:00,2.5,2.5299999713897705,2.359999895095825,2.4100000858306885,479400,0.0,0.0
2023-04-21 00:00:00-04:00,2.4000000953674316,2.440000057220459,2.299999952316284,2.309999942779541,574900,0.0,0.0
2023-04-24 00:00:00-04:00,2.3499999046325684,2.3499999046325684,2.259999990463257,2.2699999809265137,337200,0.0,0.0
2023-04-25 00:00:00-04:00,2.259999990463257,2.259999990463257,2.190000057220459,2.190000057220459,176400,0.0,0.0
2023-04-26 00:00:00-04:00,2.180000066757202,2.2100000381469727,2.140000104904175,2.1700000762939453,287900,0.0,0.0
2023-04-27 00:00:00-04:00,2.1600000858306885,2.2899999618530273,2.1500000953674316,2.2699999809265137,364700,0.0,0.0
2023-04-28 00:00:00-04:00,2.25,2.430000066757202,2.200000047683716,2.4100000858306885,332700,0.0,0.0
2023-05-01 00:00:00-04:00,2.430000066757202,2.490000009536743,2.325000047683716,2.359999895095825,292600,0.0,0.0
2023-05-02 00:00:00-04:00,2.3399999141693115,2.3499999046325684,2.2200000286102295,2.2300000190734863,387700,0.0,0.0
2023-05-03 00:00:00-04:00,2.240000009536743,2.265000104904175,2.130000114440918,2.1500000953674316,511700,0.0,0.0
2023-05-04 00:00:00-04:00,2.1500000953674316,2.200000047683716,2.0799999237060547,2.180000066757202,481100,0.0,0.0
2023-05-05 00:00:00-04:00,2.2100000381469727,2.3550000190734863,2.2100000381469727,2.319999933242798,402200,0.0,0.0
2023-05-08 00:00:00-04:00,2.3399999141693115,2.4600000381469727,2.325000047683716,2.430000066757202,284400,0.0,0.0
2023-05-09 00:00:00-04:00,2.390000104904175,2.4000000953674316,2.305000066757202,2.369999885559082,407500,0.0,0.0
2023-05-10 00:00:00-04:00,2.4100000858306885,2.619999885559082,2.390000104904175,2.5899999141693115,949800,0.0,0.0
2023-05-11 00:00:00-04:00,2.799999952316284,2.884999990463257,2.5950000286102295,2.7200000286102295,976500,0.0,0.0
2023-05-12 00:00:00-04:00,2.799999952316284,3.119999885559082,2.7699999809265137,3.069999933242798,914100,0.0,0.0
2023-05-15 00:00:00-04:00,3.009999990463257,3.119999885559082,2.950000047683716,3.109999895095825,445300,0.0,0.0
2023-05-16 00:00:00-04:00,3.0999999046325684,3.1600000858306885,2.9700000286102295,3.0,317300,0.0,0.0
2023-05-17 00:00:00-04:00,3.0999999046325684,3.509999990463257,3.068000078201294,3.490000009536743,1210600,0.0,0.0
2023-05-18 00:00:00-04:00,3.4600000381469727,3.565000057220459,3.380000114440918,3.5199999809265137,522300,0.0,0.0
2023-05-19 00:00:00-04:00,3.5399999618530273,3.5899999141693115,3.444999933242798,3.509999990463257,377100,0.0,0.0
2023-05-22 00:00:00-04:00,3.5199999809265137,3.5399999618530273,3.390000104904175,3.430000066757202,411400,0.0,0.0
2023-05-23 00:00:00-04:00,3.4200000762939453,3.619999885559082,3.4200000762939453,3.5799999237060547,328000,0.0,0.0
2023-05-24 00:00:00-04:00,3.5299999713897705,3.559999942779541,3.4549999237060547,3.4700000286102295,271100,0.0,0.0
2023-05-25 00:00:00-04:00,3.430000066757202,3.4800000190734863,3.299999952316284,3.319999933242798,304800,0.0,0.0
2023-05-26 00:00:00-04:00,3.319999933242798,3.4049999713897705,3.2799999713897705,3.359999895095825,226400,0.0,0.0
2023-05-30 00:00:00-04:00,3.369999885559082,3.450000047683716,3.2699999809265137,3.2799999713897705,208200,0.0,0.0
2023-05-31 00:00:00-04:00,3.2799999713897705,3.2799999713897705,2.950000047683716,2.9600000381469727,1031100,0.0,0.0
2023-06-01 00:00:00-04:00,2.9700000286102295,3.0799999237060547,2.950000047683716,2.9600000381469727,324400,0.0,0.0
2023-06-02 00:00:00-04:00,2.990000009536743,3.2850000858306885,2.984999895095825,3.259999990463257,345300,0.0,0.0
2023-06-05 00:00:00-04:00,3.240000009536743,3.434999942779541,3.2100000381469727,3.3299999237060547,268400,0.0,0.0
2023-06-06 00:00:00-04:00,3.309999942779541,3.490000009536743,3.2899999618530273,3.4700000286102295,322900,0.0,0.0
2023-06-07 00:00:00-04:00,3.509999990463257,3.5999999046325684,3.4200000762939453,3.569999933242798,505300,0.0,0.0
2023-06-08 00:00:00-04:00,3.569999933242798,3.6600000858306885,3.5399999618530273,3.609999895095825,278500,0.0,0.0
2023-06-09 00:00:00-04:00,3.630000114440918,3.630000114440918,3.5,3.5299999713897705,320600,0.0,0.0
2023-06-12 00:00:00-04:00,3.559999942779541,3.75,3.5299999713897705,3.740000009536743,247200,0.0,0.0
2023-06-13 00:00:00-04:00,3.759999990463257,3.8299999237060547,3.7100000381469727,3.7899999618530273,345500,0.0,0.0
2023-06-14 00:00:00-04:00,3.819999933242798,3.8450000286102295,3.5999999046325684,3.680000066757202,555800,0.0,0.0
2023-06-15 00:00:00-04:00,3.6700000762939453,3.7200000286102295,3.5,3.569999933242798,301300,0.0,0.0
2023-06-16 00:00:00-04:00,3.630000114440918,3.630000114440918,3.484999895095825,3.559999942779541,464100,0.0,0.0
2023-06-20 00:00:00-04:00,3.5999999046325684,3.680000066757202,3.5299999713897705,3.609999895095825,293100,0.0,0.0
2023-06-21 00:00:00-04:00,3.609999895095825,3.680000066757202,3.549999952316284,3.640000104904175,272500,0.0,0.0
2023-06-22 00:00:00-04:00,3.619999885559082,3.640000104904175,3.5,3.559999942779541,286200,0.0,0.0
2023-06-23 00:00:00-04:00,3.490000009536743,3.690000057220459,3.490000009536743,3.6700000762939453,2875200,0.0,0.0
2023-06-26 00:00:00-04:00,3.7200000286102295,3.7699999809265137,3.490000009536743,3.549999952316284,374500,0.0,0.0
2023-06-27 00:00:00-04:00,3.5799999237060547,3.859999895095825,3.509999990463257,3.759999990463257,368800,0.0,0.0
2023-06-28 00:00:00-04:00,3.759999990463257,3.990000009536743,3.7300000190734863,3.940000057220459,493000,0.0,0.0
2023-06-29 00:00:00-04:00,3.9700000286102295,4.089000225067139,3.9549999237060547,4.059999942779541,376100,0.0,0.0
2023-06-30 00:00:00-04:00,4.079999923706055,4.110000133514404,4.0,4.090000152587891,292400,0.0,0.0
2023-07-03 00:00:00-04:00,4.059999942779541,4.170000076293945,4.059999942779541,4.170000076293945,162200,0.0,0.0
2023-07-05 00:00:00-04:00,4.150000095367432,4.150000095367432,3.7799999713897705,3.7899999618530273,384500,0.0,0.0
2023-07-06 00:00:00-04:00,3.799999952316284,4.320000171661377,3.799999952316284,4.300000190734863,1149300,0.0,0.0
2023-07-07 00:00:00-04:00,4.300000190734863,4.46999979019165,4.159999847412109,4.190000057220459,1154400,0.0,0.0
2023-07-10 00:00:00-04:00,4.199999809265137,4.28000020980835,4.099999904632568,4.260000228881836,487400,0.0,0.0
2023-07-11 00:00:00-04:00,4.260000228881836,4.480000019073486,4.239999771118164,4.400000095367432,447100,0.0,0.0
2023-07-12 00:00:00-04:00,5.190000057220459,5.809999942779541,5.170000076293945,5.329999923706055,3622600,0.0,0.0
2023-07-13 00:00:00-04:00,5.480000019073486,5.650000095367432,5.400000095367432,5.489999771118164,2442700,0.0,0.0
2023-07-14 00:00:00-04:00,5.599999904632568,5.749000072479248,5.364999771118164,5.440000057220459,1225100,0.0,0.0
2023-07-17 00:00:00-04:00,5.5,5.599999904632568,5.360000133514404,5.550000190734863,1030500,0.0,0.0
2023-07-18 00:00:00-04:00,5.650000095367432,6.130000114440918,5.539999961853027,6.079999923706055,1383200,0.0,0.0
2023-07-19 00:00:00-04:00,6.079999923706055,6.081999778747559,5.375,5.519999980926514,1053100,0.0,0.0
2023-07-20 00:00:00-04:00,5.559999942779541,5.960000038146973,5.539999961853027,5.860000133514404,619200,0.0,0.0
2023-07-21 00:00:00-04:00,5.880000114440918,5.949999809265137,5.320000171661377,5.510000228881836,900100,0.0,0.0
2023-07-24 00:00:00-04:00,5.460000038146973,6.340000152587891,5.440000057220459,6.25,2039900,0.0,0.0
2023-07-25 00:00:00-04:00,6.190000057220459,6.485000133514404,6.099999904632568,6.349999904632568,2590800,0.0,0.0
2023-07-26 00:00:00-04:00,6.389999866485596,6.510000228881836,6.21999979019165,6.260000228881836,778300,0.0,0.0
2023-07-27 00:00:00-04:00,6.340000152587891,6.349999904632568,5.71999979019165,5.769999980926514,746900,0.0,0.0
2023-07-28 00:00:00-04:00,5.820000171661377,6.099999904632568,5.820000171661377,6.070000171661377,698800,0.0,0.0
2023-07-31 00:00:00-04:00,6.130000114440918,6.34499979019165,6.079999923706055,6.329999923706055,517500,0.0,0.0
2023-08-01 00:00:00-04:00,6.190000057220459,6.40500020980835,6.179999828338623,6.25,444800,0.0,0.0
2023-08-02 00:00:00-04:00,6.139999866485596,6.230000019073486,5.920000076293945,6.179999828338623,494200,0.0,0.0
2023-08-03 00:00:00-04:00,6.159999847412109,6.159999847412109,5.96999979019165,6.110000133514404,410700,0.0,0.0
2023-08-04 00:00:00-04:00,6.150000095367432,6.195000171661377,5.989999771118164,6.119999885559082,378800,0.0,0.0
2023-08-07 00:00:00-04:00,6.400000095367432,7.079999923706055,6.360000133514404,6.739999771118164,1648100,0.0,0.0
2023-08-08 00:00:00-04:00,6.650000095367432,6.650000095367432,6.260000228881836,6.460000038146973,798400,0.0,0.0
2023-08-09 00:00:00-04:00,6.46999979019165,6.511000156402588,6.070000171661377,6.210000038146973,808800,0.0,0.0
2023-08-10 00:00:00-04:00,6.559999942779541,7.989999771118164,6.559999942779541,7.429999828338623,3264600,0.0,0.0
2023-08-11 00:00:00-04:00,7.670000076293945,8.0600004196167,7.389999866485596,7.900000095367432,1503500,0.0,0.0
2023-08-14 00:00:00-04:00,7.900000095367432,7.949999809265137,7.539999961853027,7.800000190734863,888400,0.0,0.0
2023-08-15 00:00:00-04:00,7.539999961853027,7.650000095367432,7.230000019073486,7.329999923706055,605700,0.0,0.0
2023-08-16 00:00:00-04:00,6.380000114440918,6.539999961853027,6.119999885559082,6.179999828338623,2662300,0.0,0.0
2023-08-17 00:00:00-04:00,6.210000038146973,6.388999938964844,6.03000020980835,6.139999866485596,671500,0.0,0.0
2023-08-18 00:00:00-04:00,6.03000020980835,6.079999923706055,5.809999942779541,5.889999866485596,1019700,0.0,0.0
2023-08-21 00:00:00-04:00,6.050000190734863,6.074999809265137,5.684999942779541,5.960000038146973,1160200,0.0,0.0
2023-08-22 00:00:00-04:00,6.090000152587891,6.139999866485596,5.78000020980835,5.920000076293945,662400,0.0,0.0
2023-08-23 00:00:00-04:00,5.940000057220459,6.090000152587891,5.769999980926514,5.980000019073486,496500,0.0,0.0
2023-08-24 00:00:00-04:00,5.940000057220459,5.940000057220459,5.75,5.760000228881836,428900,0.0,0.0
2023-08-25 00:00:00-04:00,5.78000020980835,5.870999813079834,5.650000095367432,5.809999942779541,430000,0.0,0.0
2023-08-28 00:00:00-04:00,5.880000114440918,5.960000038146973,5.71999979019165,5.78000020980835,455500,0.0,0.0
2023-08-29 00:00:00-04:00,5.789999961853027,5.980000019073486,5.764999866485596,5.940000057220459,393500,0.0,0.0
2023-08-30 00:00:00-04:00,5.869999885559082,5.875,5.679999828338623,5.760000228881836,407400,0.0,0.0
2023-08-31 00:00:00-04:00,5.849999904632568,5.880000114440918,5.659999847412109,5.699999809265137,1243100,0.0,0.0
2023-09-01 00:00:00-04:00,5.760000228881836,5.869999885559082,5.690999984741211,5.800000190734863,467600,0.0,0.0
2023-09-05 00:00:00-04:00,5.739999771118164,5.739999771118164,5.579999923706055,5.639999866485596,356900,0.0,0.0
2023-09-06 00:00:00-04:00,5.650000095367432,5.708000183105469,5.400000095367432,5.460000038146973,408700,0.0,0.0
2023-09-07 00:00:00-04:00,5.380000114440918,5.460000038146973,5.215000152587891,5.300000190734863,522800,0.0,0.0
2023-09-08 00:00:00-04:00,5.309999942779541,5.309999942779541,5.114999771118164,5.260000228881836,363200,0.0,0.0
2023-09-11 00:00:00-04:00,5.389999866485596,5.425000190734863,5.139999866485596,5.179999828338623,905400,0.0,0.0
2023-09-12 00:00:00-04:00,5.130000114440918,5.309999942779541,5.070000171661377,5.099999904632568,505800,0.0,0.0
2023-09-13 00:00:00-04:00,5.119999885559082,5.150000095367432,4.909999847412109,4.96999979019165,664000,0.0,0.0
2023-09-14 00:00:00-04:00,5.050000190734863,5.429999828338623,5.050000190734863,5.400000095367432,664000,0.0,0.0
2023-09-15 00:00:00-04:00,5.400000095367432,5.610000133514404,5.329999923706055,5.590000152587891,938700,0.0,0.0
2023-09-18 00:00:00-04:00,5.590000152587891,5.670000076293945,5.494999885559082,5.539999961853027,455300,0.0,0.0
2023-09-19 00:00:00-04:00,5.519999980926514,5.539999961853027,5.199999809265137,5.300000190734863,883600,0.0,0.0
2023-09-20 00:00:00-04:00,5.360000133514404,5.465000152587891,5.164999961853027,5.179999828338623,496600,0.0,0.0
2023-09-21 00:00:00-04:00,5.039999961853027,5.105000019073486,4.980000019073486,5.010000228881836,698000,0.0,0.0
2023-09-22 00:00:00-04:00,5.039999961853027,5.150000095367432,5.0,5.019999980926514,337900,0.0,0.0
2023-09-25 00:00:00-04:00,4.920000076293945,5.190000057220459,4.881999969482422,5.119999885559082,338100,0.0,0.0
2023-09-26 00:00:00-04:00,5.03000020980835,5.114999771118164,4.815000057220459,4.829999923706055,479800,0.0,0.0
2023-09-27 00:00:00-04:00,4.909999847412109,4.988999843597412,4.860000133514404,4.900000095367432,420400,0.0,0.0
2023-09-28 00:00:00-04:00,4.900000095367432,4.960000038146973,4.800000190734863,4.889999866485596,267800,0.0,0.0
2023-09-29 00:00:00-04:00,5.010000228881836,5.138999938964844,4.934000015258789,4.989999771118164,373900,0.0,0.0
2023-10-02 00:00:00-04:00,4.960000038146973,5.119999885559082,4.920000076293945,4.929999828338623,347500,0.0,0.0
2023-10-03 00:00:00-04:00,4.880000114440918,4.889999866485596,4.752999782562256,4.800000190734863,358600,0.0,0.0
2023-10-04 00:00:00-04:00,4.800000190734863,4.864999771118164,4.760000228881836,4.809999942779541,419200,0.0,0.0
2023-10-05 00:00:00-04:00,4.78000020980835,4.829999923706055,4.65500020980835,4.739999771118164,388600,0.0,0.0
2023-10-06 00:00:00-04:00,4.679999828338623,4.820000171661377,4.639999866485596,4.760000228881836,406800,0.0,0.0
2023-10-09 00:00:00-04:00,4.690000057220459,4.730000019073486,4.625,4.699999809265137,301000,0.0,0.0
2023-10-10 00:00:00-04:00,4.789999961853027,4.949999809265137,4.75,4.769999980926514,493500,0.0,0.0
2023-10-11 00:00:00-04:00,4.769999980926514,4.800000190734863,4.625,4.739999771118164,245000,0.0,0.0
2023-10-12 00:00:00-04:00,4.730000019073486,4.730000019073486,4.59499979019165,4.659999847412109,374800,0.0,0.0
2023-10-13 00:00:00-04:00,4.690000057220459,4.699999809265137,4.5,4.53000020980835,324800,0.0,0.0
2023-10-16 00:00:00-04:00,4.590000152587891,4.724999904632568,4.550000190734863,4.699999809265137,473700,0.0,0.0
2023-10-17 00:00:00-04:00,4.619999885559082,4.800000190734863,4.610000133514404,4.639999866485596,433900,0.0,0.0
2023-10-18 00:00:00-04:00,4.579999923706055,4.599999904632568,4.46999979019165,4.480000019073486,316500,0.0,0.0
2023-10-19 00:00:00-04:00,4.460000038146973,4.465000152587891,4.369999885559082,4.400000095367432,347500,0.0,0.0
2023-10-20 00:00:00-04:00,4.380000114440918,4.394999980926514,4.269999980926514,4.340000152587891,435800,0.0,0.0
2023-10-23 00:00:00-04:00,4.289999961853027,4.429999828338623,4.28000020980835,4.300000190734863,298900,0.0,0.0
2023-10-24 00:00:00-04:00,4.380000114440918,4.53000020980835,4.340000152587891,4.380000114440918,396300,0.0,0.0
2023-10-25 00:00:00-04:00,4.300000190734863,4.300000190734863,4.210000038146973,4.21999979019165,256700,0.0,0.0
2023-10-26 00:00:00-04:00,4.21999979019165,4.454999923706055,4.21999979019165,4.289999961853027,464900,0.0,0.0
2023-10-27 00:00:00-04:00,4.340000152587891,4.340000152587891,4.170000076293945,4.199999809265137,362400,0.0,0.0
2023-10-30 00:00:00-04:00,4.269999980926514,4.360000133514404,4.159999847412109,4.269999980926514,376200,0.0,0.0
2023-10-31 00:00:00-04:00,4.25,4.289999961853027,4.210000038146973,4.25,294400,0.0,0.0
2023-11-01 00:00:00-04:00,4.28000020980835,4.28000020980835,4.099999904632568,4.179999828338623,300900,0.0,0.0
2023-11-02 00:00:00-04:00,4.289999961853027,4.340000152587891,4.255000114440918,4.329999923706055,460900,0.0,0.0
2023-11-03 00:00:00-04:00,4.349999904632568,4.389999866485596,4.204999923706055,4.269999980926514,600100,0.0,0.0
2023-11-06 00:00:00-05:00,4.300000190734863,4.309999942779541,4.15500020980835,4.210000038146973,382400,0.0,0.0
2023-11-07 00:00:00-05:00,4.170000076293945,4.28000020980835,4.060999870300293,4.21999979019165,849400,0.0,0.0
2023-11-08 00:00:00-05:00,4.449999809265137,4.670000076293945,3.8510000705718994,3.9100000858306885,1413000,0.0,0.0
2023-11-09 00:00:00-05:00,3.880000114440918,3.9049999713897705,3.549999952316284,3.630000114440918,1195500,0.0,0.0
2023-11-10 00:00:00-05:00,3.630000114440918,3.819999933242798,3.5799999237060547,3.7699999809265137,492400,0.0,0.0
2023-11-13 00:00:00-05:00,3.759999990463257,3.819999933242798,3.7100000381469727,3.7200000286102295,387200,0.0,0.0
2023-11-14 00:00:00-05:00,3.7799999713897705,4.324999809265137,3.7799999713897705,4.119999885559082,819700,0.0,0.0
2023-11-15 00:00:00-05:00,4.440000057220459,4.494999885559082,4.21999979019165,4.230000019073486,1019800,0.0,0.0
2023-11-16 00:00:00-05:00,4.210000038146973,4.21999979019165,3.9700000286102295,4.059999942779541,469600,0.0,0.0
2023-11-17 00:00:00-05:00,4.050000190734863,4.15500020980835,4.019999980926514,4.119999885559082,453900,0.0,0.0
2023-11-20 00:00:00-05:00,4.090000152587891,4.159999847412109,3.990000009536743,4.079999923706055,359900,0.0,0.0
2023-11-21 00:00:00-05:00,4.03000020980835,4.045000076293945,3.940000057220459,4.019999980926514,312500,0.0,0.0
2023-11-22 00:00:00-05:00,4.019999980926514,4.130000114440918,4.0,4.079999923706055,422000,0.0,0.0
2023-11-24 00:00:00-05:00,4.230000019073486,4.360000133514404,4.210000038146973,4.260000228881836,292700,0.0,0.0
2023-11-27 00:00:00-05:00,4.199999809265137,4.260000228881836,4.170000076293945,4.210000038146973,298700,0.0,0.0
2023-11-28 00:00:00-05:00,4.190000057220459,4.230000019073486,4.079999923706055,4.119999885559082,277900,0.0,0.0
2023-11-29 00:00:00-05:00,4.150000095367432,4.289999961853027,4.150000095367432,4.230000019073486,378800,0.0,0.0
2023-11-30 00:00:00-05:00,4.269999980926514,4.300000190734863,4.110000133514404,4.130000114440918,524800,0.0,0.0
2023-12-01 00:00:00-05:00,4.099999904632568,4.289999961853027,4.050000190734863,4.260000228881836,375200,0.0,0.0
2023-12-04 00:00:00-05:00,4.25,4.360000133514404,4.199999809265137,4.320000171661377,310400,0.0,0.0
2023-12-05 00:00:00-05:00,4.269999980926514,4.289999961853027,4.190000057220459,4.199999809265137,293500,0.0,0.0
2023-12-06 00:00:00-05:00,4.239999771118164,4.375999927520752,4.190000057220459,4.199999809265137,277000,0.0,0.0
2023-12-07 00:00:00-05:00,4.199999809265137,4.25,4.150000095367432,4.25,205800,0.0,0.0
2023-12-08 00:00:00-05:00,4.210000038146973,4.309999942779541,4.199999809265137,4.239999771118164,198400,0.0,0.0
2023-12-11 00:00:00-05:00,4.25,4.300000190734863,4.139999866485596,4.210000038146973,198900,0.0,0.0
2023-12-12 00:00:00-05:00,4.21999979019165,4.255000114440918,4.139999866485596,4.25,245100,0.0,0.0
2023-12-13 00:00:00-05:00,4.230000019073486,4.429999828338623,4.105000019073486,4.420000076293945,376800,0.0,0.0
2023-12-14 00:00:00-05:00,4.590000152587891,4.730000019073486,4.510000228881836,4.71999979019165,648200,0.0,0.0
2023-12-15 00:00:00-05:00,4.739999771118164,4.789999961853027,4.519999980926514,4.619999885559082,572100,0.0,0.0
2023-12-18 00:00:00-05:00,4.630000114440918,4.630000114440918,4.46999979019165,4.610000133514404,305900,0.0,0.0
2023-12-19 00:00:00-05:00,4.690000057220459,4.980000019073486,4.690000057220459,4.96999979019165,366600,0.0,0.0
2023-12-20 00:00:00-05:00,4.949999809265137,5.110000133514404,4.860000133514404,4.869999885559082,328000,0.0,0.0
2023-12-21 00:00:00-05:00,4.929999828338623,5.09499979019165,4.929999828338623,5.090000152587891,277100,0.0,0.0
2023-12-22 00:00:00-05:00,5.119999885559082,5.139999866485596,4.920000076293945,5.010000228881836,250600,0.0,0.0
2023-12-26 00:00:00-05:00,5.010000228881836,5.110000133514404,4.948999881744385,5.070000171661377,277700,0.0,0.0
2023-12-27 00:00:00-05:00,5.070000171661377,5.159999847412109,5.03000020980835,5.139999866485596,224000,0.0,0.0
2023-12-28 00:00:00-05:00,5.079999923706055,5.144999980926514,5.03000020980835,5.090000152587891,233900,0.0,0.0
2023-12-29 00:00:00-05:00,5.099999904632568,5.099999904632568,4.869999885559082,4.869999885559082,317000,0.0,0.0
2024-01-02 00:00:00-05:00,4.809999942779541,4.929999828338623,4.730000019073486,4.809999942779541,272300,0.0,0.0
2024-01-03 00:00:00-05:00,4.739999771118164,4.769999980926514,4.579999923706055,4.579999923706055,306100,0.0,0.0
2024-01-04 00:00:00-05:00,4.599999904632568,4.599999904632568,4.414999961853027,4.510000228881836,216300,0.0,0.0
2024-01-05 00:00:00-05:00,4.46999979019165,4.75,4.449999809265137,4.610000133514404,599400,0.0,0.0
2024-01-08 00:00:00-05:00,4.570000171661377,4.84499979019165,4.519999980926514,4.710000038146973,254800,0.0,0.0
2024-01-09 00:00:00-05:00,4.579999923706055,4.710999965667725,4.559999942779541,4.630000114440918,250200,0.0,0.0
2024-01-10 00:00:00-05:00,4.610000133514404,4.710000038146973,4.599999904632568,4.670000076293945,230900,0.0,0.0
2024-01-11 00:00:00-05:00,4.639999866485596,4.639999866485596,4.46999979019165,4.590000152587891,239100,0.0,0.0
2024-01-12 00:00:00-05:00,4.71999979019165,4.75,4.510000228881836,4.53000020980835,219200,0.0,0.0
2024-01-16 00:00:00-05:00,4.429999828338623,4.5,4.3520002365112305,4.5,210600,0.0,0.0
2024-01-17 00:00:00-05:00,4.389999866485596,4.420000076293945,4.320000171661377,4.420000076293945,272700,0.0,0.0
2024-01-18 00:00:00-05:00,4.429999828338623,4.485000133514404,4.329999923706055,4.449999809265137,191100,0.0,0.0
2024-01-19 00:00:00-05:00,4.480000019073486,4.574999809265137,4.394999980926514,4.550000190734863,301800,0.0,0.0
2024-01-22 00:00:00-05:00,4.599999904632568,4.809999942779541,4.580999851226807,4.809999942779541,357100,0.0,0.0
2024-01-23 00:00:00-05:00,4.920000076293945,5.139999866485596,4.840000152587891,4.869999885559082,307200,0.0,0.0
2024-01-24 00:00:00-05:00,4.880000114440918,4.909999847412109,4.679999828338623,4.730000019073486,267100,0.0,0.0
2024-01-25 00:00:00-05:00,4.840000152587891,4.860000133514404,4.715000152587891,4.849999904632568,237400,0.0,0.0
2024-01-26 00:00:00-05:00,4.929999828338623,5.130000114440918,4.929999828338623,5.119999885559082,330300,0.0,0.0
2024-01-29 00:00:00-05:00,5.150000095367432,5.230000019073486,5.059999942779541,5.150000095367432,460300,0.0,0.0
2024-01-30 00:00:00-05:00,5.130000114440918,5.144999980926514,4.949999809265137,4.96999979019165,322500,0.0,0.0
2024-01-31 00:00:00-05:00,4.940000057220459,5.039999961853027,4.760000228881836,4.769999980926514,271100,0.0,0.0
2024-02-01 00:00:00-05:00,4.829999923706055,4.945000171661377,4.760000228881836,4.929999828338623,216000,0.0,0.0
2024-02-02 00:00:00-05:00,4.880000114440918,4.936999797821045,4.769999980926514,4.860000133514404,214400,0.0,0.0
2024-02-05 00:00:00-05:00,4.75,4.75,4.630000114440918,4.679999828338623,208500,0.0,0.0
2024-02-06 00:00:00-05:00,4.679999828338623,4.909999847412109,4.670000076293945,4.900000095367432,201200,0.0,0.0
2024-02-07 00:00:00-05:00,4.929999828338623,4.929999828338623,4.699999809265137,4.699999809265137,196500,0.0,0.0
2024-02-08 00:00:00-05:00,4.699999809265137,4.840000152587891,4.619999885559082,4.800000190734863,188200,0.0,0.0
2024-02-09 00:00:00-05:00,4.800000190734863,5.0,4.739999771118164,4.980000019073486,216600,0.0,0.0
2024-02-12 00:00:00-05:00,5.0,5.229000091552734,5.0,5.190000057220459,272700,0.0,0.0
2024-02-13 00:00:00-05:00,4.96999979019165,5.0,4.809999942779541,4.849999904632568,446500,0.0,0.0
2024-02-14 00:00:00-05:00,4.960000038146973,5.054999828338623,4.929999828338623,5.03000020980835,366000,0.0,0.0
2024-02-15 00:00:00-05:00,5.070000171661377,5.215000152587891,5.040999889373779,5.190000057220459,407000,0.0,0.0
2024-02-16 00:00:00-05:00,5.079999923706055,5.119999885559082,4.909999847412109,4.929999828338623,517600,0.0,0.0
2024-02-20 00:00:00-05:00,4.599999904632568,4.619999885559082,4.28000020980835,4.389999866485596,700500,0.0,0.0
2024-02-21 00:00:00-05:00,4.360000133514404,4.570000171661377,4.289999961853027,4.570000171661377,270500,0.0,0.0
2024-02-22 00:00:00-05:00,4.539999961853027,4.565000057220459,4.389999866485596,4.519999980926514,322800,0.0,0.0
2024-02-23 00:00:00-05:00,4.53000020980835,4.610000133514404,4.460000038146973,4.510000228881836,175600,0.0,0.0
2024-02-26 00:00:00-05:00,4.5,4.560999870300293,4.440000057220459,4.539999961853027,204800,0.0,0.0
2024-02-27 00:00:00-05:00,4.639999866485596,4.869999885559082,4.639999866485596,4.849999904632568,354300,0.0,0.0
2024-02-28 00:00:00-05:00,4.5,4.699999809265137,4.269999980926514,4.309999942779541,539700,0.0,0.0
2024-02-29 00:00:00-05:00,4.389999866485596,4.489999771118164,4.144999980926514,4.289999961853027,419000,0.0,0.0
2024-03-01 00:00:00-05:00,4.300000190734863,4.349999904632568,4.150000095367432,4.320000171661377,352600,0.0,0.0
2024-03-04 00:00:00-05:00,4.329999923706055,4.329999923706055,4.199999809265137,4.21999979019165,297500,0.0,0.0
2024-03-05 00:00:00-05:00,4.190000057220459,4.235000133514404,4.139999866485596,4.150000095367432,223900,0.0,0.0
2024-03-06 00:00:00-05:00,4.230000019073486,4.230000019073486,4.034999847412109,4.059999942779541,273500,0.0,0.0
2024-03-07 00:00:00-05:00,4.050000190734863,4.159999847412109,4.03000020980835,4.070000171661377,348100,0.0,0.0
2024-03-08 00:00:00-05:00,4.170000076293945,4.25,4.03000020980835,4.059999942779541,238700,0.0,0.0
2024-03-11 00:00:00-04:00,4.039999961853027,4.070000171661377,4.0,4.039999961853027,201100,0.0,0.0
2024-03-12 00:00:00-04:00,4.050000190734863,4.199999809265137,4.0,4.119999885559082,206800,0.0,0.0
2024-03-13 00:00:00-04:00,4.130000114440918,4.210000038146973,4.099999904632568,4.170000076293945,388900,0.0,0.0
2024-03-14 00:00:00-04:00,4.130000114440918,4.21999979019165,4.090000152587891,4.210000038146973,351000,0.0,0.0
2024-03-15 00:00:00-04:00,4.170000076293945,4.309999942779541,4.099999904632568,4.119999885559082,743600,0.0,0.0
2024-03-18 00:00:00-04:00,4.119999885559082,4.329999923706055,4.111000061035156,4.25,301800,0.0,0.0
2024-03-19 00:00:00-04:00,4.400000095367432,4.400000095367432,4.260000228881836,4.320000171661377,293700,0.0,0.0
2024-03-20 00:00:00-04:00,4.269999980926514,4.46999979019165,4.269999980926514,4.409999847412109,369800,0.0,0.0
2024-03-21 00:00:00-04:00,4.420000076293945,4.550000190734863,4.420000076293945,4.46999979019165,302600,0.0,0.0
2024-03-22 00:00:00-04:00,4.440000057220459,4.440000057220459,4.300000190734863,4.309999942779541,247700,0.0,0.0
2024-03-25 00:00:00-04:00,4.300000190734863,4.355000019073486,4.239999771118164,4.260000228881836,162000,0.0,0.0
2024-03-26 00:00:00-04:00,4.309999942779541,4.36299991607666,4.239999771118164,4.260000228881836,159900,0.0,0.0
2024-03-27 00:00:00-04:00,4.289999961853027,4.460000038146973,4.289999961853027,4.449999809265137,376000,0.0,0.0
2024-03-28 00:00:00-04:00,4.449999809265137,4.539999961853027,4.425000190734863,4.460000038146973,216500,0.0,0.0
2024-04-01 00:00:00-04:00,4.489999771118164,4.539999961853027,4.409999847412109,4.489999771118164,236800,0.0,0.0
2024-04-02 00:00:00-04:00,4.380000114440918,4.5,4.310999870300293,4.5,238300,0.0,0.0
2024-04-03 00:00:00-04:00,4.440000057220459,4.519999980926514,4.409999847412109,4.5,182000,0.0,0.0
2024-04-04 00:00:00-04:00,4.5,4.574999809265137,4.349999904632568,4.409999847412109,285900,0.0,0.0
2024-04-05 00:00:00-04:00,4.400000095367432,4.440000057220459,4.360000133514404,4.440000057220459,159200,0.0,0.0
2024-04-08 00:00:00-04:00,4.5,4.534999847412109,4.440000057220459,4.440000057220459,221000,0.0,0.0
2024-04-09 00:00:00-04:00,4.489999771118164,4.53000020980835,4.440000057220459,4.489999771118164,232400,0.0,0.0
2024-04-10 00:00:00-04:00,4.340000152587891,4.360000133514404,4.190000057220459,4.269999980926514,265800,0.0,0.0
2024-04-11 00:00:00-04:00,4.289999961853027,4.324999809265137,4.239999771118164,4.260000228881836,224000,0.0,0.0
2024-04-12 00:00:00-04:00,4.230000019073486,4.269999980926514,4.190000057220459,4.210000038146973,235600,0.0,0.0
2024-04-15 00:00:00-04:00,4.260000228881836,4.260000228881836,4.135000228881836,4.150000095367432,194200,0.0,0.0
2024-04-16 00:00:00-04:00,4.119999885559082,4.230000019073486,4.119999885559082,4.150000095367432,216500,0.0,0.0
2024-04-17 00:00:00-04:00,4.190000057220459,4.21999979019165,4.099999904632568,4.110000133514404,239300,0.0,0.0
2024-04-18 00:00:00-04:00,4.110000133514404,4.190000057220459,4.105000019073486,4.170000076293945,259200,0.0,0.0
2024-04-19 00:00:00-04:00,4.139999866485596,4.244999885559082,4.139999866485596,4.179999828338623,224400,0.0,0.0
2024-04-22 00:00:00-04:00,4.210000038146973,4.21999979019165,4.144999980926514,4.179999828338623,137500,0.0,0.0
2024-04-23 00:00:00-04:00,4.190000057220459,4.275000095367432,4.099999904632568,4.159999847412109,446900,0.0,0.0
2024-04-24 00:00:00-04:00,4.159999847412109,4.190000057220459,4.03000020980835,4.099999904632568,400400,0.0,0.0
2024-04-25 00:00:00-04:00,4.010000228881836,4.085000038146973,4.0,4.070000171661377,411100,0.0,0.0
2024-04-26 00:00:00-04:00,4.119999885559082,4.164999961853027,3.994999885559082,4.0,211200,0.0,0.0
2024-04-29 00:00:00-04:00,4.03000020980835,4.079999923706055,4.014999866485596,4.050000190734863,382100,0.0,0.0
2024-04-30 00:00:00-04:00,4.03000020980835,4.065000057220459,4.0,4.019999980926514,305000,0.0,0.0
2024-05-01 00:00:00-04:00,4.039999961853027,4.090000152587891,3.994999885559082,4.010000228881836,238700,0.0,0.0
2024-05-02 00:00:00-04:00,4.070000171661377,4.090000152587891,3.990000009536743,4.059999942779541,332300,0.0,0.0
2024-05-03 00:00:00-04:00,4.150000095367432,4.170000076293945,4.059999942779541,4.079999923706055,241300,0.0,0.0
2024-05-06 00:00:00-04:00,4.119999885559082,4.130000114440918,4.090000152587891,4.119999885559082,139300,0.0,0.0
2024-05-07 00:00:00-04:00,4.119999885559082,4.179999828338623,4.085000038146973,4.170000076293945,278800,0.0,0.0
2024-05-08 00:00:00-04:00,4.039999961853027,4.150000095367432,3.6570000648498535,4.079999923706055,366900,0.0,0.0
2024-05-09 00:00:00-04:00,4.059999942779541,4.119999885559082,3.984999895095825,4.019999980926514,368200,0.0,0.0
2024-05-10 00:00:00-04:00,4.03000020980835,4.059999942779541,3.9000000953674316,3.990000009536743,397100,0.0,0.0
2024-05-13 00:00:00-04:00,4.019999980926514,4.054999828338623,3.9100000858306885,3.930000066757202,225900,0.0,0.0
2024-05-14 00:00:00-04:00,4.010000228881836,4.010000228881836,3.8910000324249268,3.950000047683716,326600,0.0,0.0
2024-05-15 00:00:00-04:00,3.990000009536743,3.990000009536743,3.890000104904175,3.890000104904175,186700,0.0,0.0
2024-05-16 00:00:00-04:00,3.869999885559082,3.9700000286102295,3.859999895095825,3.9100000858306885,329200,0.0,0.0
2024-05-17 00:00:00-04:00,3.9200000762939453,3.940000057220459,3.809999942779541,3.8499999046325684,298300,0.0,0.0
2024-05-20 00:00:00-04:00,3.8399999141693115,3.880000114440918,3.7699999809265137,3.7699999809265137,263400,0.0,0.0
2024-05-21 00:00:00-04:00,3.759999990463257,3.799999952316284,3.740000009536743,3.7799999713897705,301300,0.0,0.0
2024-05-22 00:00:00-04:00,3.7699999809265137,3.7899999618530273,3.609999895095825,3.609999895095825,254300,0.0,0.0
2024-05-23 00:00:00-04:00,3.630000114440918,3.6500000953674316,3.5190000534057617,3.5899999141693115,285300,0.0,0.0
2024-05-24 00:00:00-04:00,3.5899999141693115,3.6549999713897705,3.559999942779541,3.640000104904175,265800,0.0,0.0
2024-05-28 00:00:00-04:00,3.6700000762939453,3.700000047683716,3.619999885559082,3.630000114440918,436600,0.0,0.0
2024-05-29 00:00:00-04:00,3.5899999141693115,3.684999942779541,3.5899999141693115,3.6500000953674316,289000,0.0,0.0
2024-05-30 00:00:00-04:00,3.6500000953674316,3.75,3.6500000953674316,3.7200000286102295,224800,0.0,0.0
2024-05-31 00:00:00-04:00,3.7300000190734863,3.875,3.7300000190734863,3.8399999141693115,458400,0.0,0.0
2024-06-03 00:00:00-04:00,3.8399999141693115,3.880000114440918,3.799999952316284,3.859999895095825,495200,0.0,0.0
2024-06-04 00:00:00-04:00,3.859999895095825,3.9100000858306885,3.7049999237060547,3.740000009536743,351100,0.0,0.0
2024-06-05 00:00:00-04:00,3.75,3.75,3.6600000858306885,3.700000047683716,468600,0.0,0.0
2024-06-06 00:00:00-04:00,3.6600000858306885,3.690000057220459,3.609999895095825,3.6600000858306885,308700,0.0,0.0
2024-06-07 00:00:00-04:00,3.5999999046325684,3.7899999618530273,3.5999999046325684,3.609999895095825,342200,0.0,0.0
2024-06-10 00:00:00-04:00,3.5999999046325684,3.630000114440918,3.555000066757202,3.5999999046325684,274600,0.0,0.0
2024-06-11 00:00:00-04:00,3.549999952316284,3.565000057220459,3.359999895095825,3.369999885559082,304300,0.0,0.0
2024-06-12 00:00:00-04:00,3.430000066757202,3.494999885559082,3.3399999141693115,3.3399999141693115,317700,0.0,0.0
2024-06-13 00:00:00-04:00,3.3399999141693115,3.3499999046325684,3.2799999713897705,3.299999952316284,238300,0.0,0.0
2024-06-14 00:00:00-04:00,3.259999990463257,3.2899999618530273,3.194999933242798,3.2100000381469727,274800,0.0,0.0
2024-06-17 00:00:00-04:00,3.2300000190734863,3.265000104904175,3.2049999237060547,3.25,323400,0.0,0.0
2024-06-18 00:00:00-04:00,3.25,3.359999895095825,3.1600000858306885,3.3499999046325684,981700,0.0,0.0
2024-06-20 00:00:00-04:00,3.3399999141693115,3.569999933242798,3.3399999141693115,3.569999933242798,444100,0.0,0.0
2024-06-21 00:00:00-04:00,3.5799999237060547,3.6549999713897705,3.5450000762939453,3.569999933242798,482100,0.0,0.0
2024-06-24 00:00:00-04:00,3.5799999237060547,3.690000057220459,3.559999942779541,3.640000104904175,260300,0.0,0.0
2024-06-25 00:00:00-04:00,3.619999885559082,3.619999885559082,3.5350000858306885,3.559999942779541,248800,0.0,0.0
2024-06-26 00:00:00-04:00,3.5299999713897705,3.549999952316284,3.4600000381469727,3.5399999618530273,279000,0.0,0.0
2024-06-27 00:00:00-04:00,3.5299999713897705,3.5799999237060547,3.4749999046325684,3.5799999237060547,407100,0.0,0.0
2024-06-28 00:00:00-04:00,3.609999895095825,3.630000114440918,3.430000066757202,3.5799999237060547,1499900,0.0,0.0
2024-07-01 00:00:00-04:00,3.5999999046325684,3.619999885559082,3.4649999141693115,3.4800000190734863,228000,0.0,0.0
2024-07-02 00:00:00-04:00,3.5,3.5199999809265137,3.424999952316284,3.450000047683716,168200,0.0,0.0
2024-07-03 00:00:00-04:00,3.430000066757202,3.490000009536743,3.4200000762939453,3.450000047683716,112300,0.0,0.0
2024-07-05 00:00:00-04:00,3.440000057220459,3.440000057220459,3.255000114440918,3.3299999237060547,532600,0.0,0.0
2024-07-08 00:00:00-04:00,3.359999895095825,3.444999933242798,3.3499999046325684,3.4000000953674316,355300,0.0,0.0
2024-07-09 00:00:00-04:00,3.390000104904175,3.450000047683716,3.369999885559082,3.369999885559082,207400,0.0,0.0
2024-07-10 00:00:00-04:00,3.390000104904175,3.440000057220459,3.3499999046325684,3.430000066757202,225300,0.0,0.0
2024-07-11 00:00:00-04:00,3.490000009536743,3.7200000286102295,3.490000009536743,3.690000057220459,497700,0.0,0.0
2024-07-12 00:00:00-04:00,3.700000047683716,3.7799999713897705,3.680000066757202,3.740000009536743,241500,0.0,0.0
2024-07-15 00:00:00-04:00,3.7799999713897705,3.8299999237060547,3.7300000190734863,3.7899999618530273,231600,0.0,0.0
2024-07-16 00:00:00-04:00,3.8299999237060547,4.079999923706055,3.819999933242798,4.059999942779541,387900,0.0,0.0
2024-07-17 00:00:00-04:00,3.990000009536743,4.054999828338623,3.9739999771118164,3.990000009536743,232200,0.0,0.0
2024-07-18 00:00:00-04:00,3.9600000381469727,4.050000190734863,3.8499999046325684,3.8499999046325684,438000,0.0,0.0
2024-07-19 00:00:00-04:00,3.8499999046325684,3.8499999046325684,3.640000104904175,3.6700000762939453,327500,0.0,0.0
2024-07-22 00:00:00-04:00,3.7300000190734863,3.7300000190734863,3.5999999046325684,3.6700000762939453,414600,0.0,0.0
2024-07-23 00:00:00-04:00,3.6500000953674316,3.755000114440918,3.5999999046325684,3.700000047683716,746000,0.0,0.0
2024-07-24 00:00:00-04:00,3.6600000858306885,3.75,3.5799999237060547,3.5899999141693115,799100,0.0,0.0
2024-07-25 00:00:00-04:00,3.630000114440918,3.7950000762939453,3.5799999237060547,3.7699999809265137,725100,0.0,0.0
2024-07-26 00:00:00-04:00,3.819999933242798,3.9149999618530273,3.755000114440918,3.890000104904175,656500,0.0,0.0
2024-07-29 00:00:00-04:00,3.859999895095825,3.9000000953674316,3.744999885559082,3.8499999046325684,326800,0.0,0.0
2024-07-30 00:00:00-04:00,3.859999895095825,3.9000000953674316,3.809999942779541,3.8499999046325684,533700,0.0,0.0
2024-07-31 00:00:00-04:00,3.880000114440918,4.054999828338623,3.8499999046325684,3.940000057220459,671600,0.0,0.0
2024-08-01 00:00:00-04:00,3.930000066757202,3.950000047683716,3.7100000381469727,3.7699999809265137,430000,0.0,0.0
2024-08-02 00:00:00-04:00,3.619999885559082,3.6649999618530273,3.5450000762939453,3.5799999237060547,318700,0.0,0.0
2024-08-05 00:00:00-04:00,3.390000104904175,3.549999952316284,3.319999933242798,3.509999990463257,903500,0.0,0.0
2024-08-06 00:00:00-04:00,3.5,3.5,3.4000000953674316,3.4200000762939453,398800,0.0,0.0
2024-08-07 00:00:00-04:00,3.369999885559082,3.440000057220459,3.190000057220459,3.200000047683716,1029800,0.0,0.0
2024-08-08 00:00:00-04:00,3.190000057220459,3.244999885559082,3.0999999046325684,3.140000104904175,679300,0.0,0.0
2024-08-09 00:00:00-04:00,3.119999885559082,3.1600000858306885,2.940000057220459,2.9700000286102295,938000,0.0,0.0
2024-08-12 00:00:00-04:00,3.0899999141693115,3.0899999141693115,2.950000047683716,3.0,581800,0.0,0.0
2024-08-13 00:00:00-04:00,3.0199999809265137,3.065000057220459,2.9800000190734863,3.049999952316284,444100,0.0,0.0
2024-08-14 00:00:00-04:00,3.0799999237060547,3.0799999237060547,2.940000057220459,2.950000047683716,321700,0.0,0.0
2024-08-15 00:00:00-04:00,3.0399999618530273,3.0799999237060547,2.950000047683716,3.0199999809265137,356300,0.0,0.0
2024-08-16 00:00:00-04:00,3.0199999809265137,3.055000066757202,3.009999990463257,3.049999952316284,473200,0.0,0.0
2024-08-19 00:00:00-04:00,3.0399999618530273,3.0950000286102295,2.9700000286102295,3.0899999141693115,694100,0.0,0.0
2024-08-20 00:00:00-04:00,3.0999999046325684,3.130000114440918,3.0199999809265137,3.0999999046325684,419100,0.0,0.0
2024-08-21 00:00:00-04:00,3.109999895095825,3.1700000762939453,3.069999933242798,3.1500000953674316,316300,0.0,0.0
2024-08-22 00:00:00-04:00,3.1500000953674316,3.180000066757202,3.0899999141693115,3.0899999141693115,129900,0.0,0.0
2024-08-23 00:00:00-04:00,3.0999999046325684,3.2699999809265137,3.0999999046325684,3.2699999809265137,410000,0.0,0.0
2024-08-26 00:00:00-04:00,3.319999933242798,3.380000114440918,3.2699999809265137,3.2799999713897705,443600,0.0,0.0
2024-08-27 00:00:00-04:00,3.2799999713897705,3.319999933242798,3.2249999046325684,3.299999952316284,227700,0.0,0.0
2024-08-28 00:00:00-04:00,3.2799999713897705,3.309999942779541,3.240999937057495,3.259999990463257,179800,0.0,0.0
2024-08-29 00:00:00-04:00,3.259999990463257,3.2850000858306885,3.2100000381469727,3.2100000381469727,201300,0.0,0.0
2024-08-30 00:00:00-04:00,3.2300000190734863,3.234999895095825,3.174999952316284,3.2300000190734863,361700,0.0,0.0
2024-09-03 00:00:00-04:00,3.200000047683716,3.315000057220459,3.200000047683716,3.259999990463257,330300,0.0,0.0
2024-09-04 00:00:00-04:00,3.2699999809265137,3.2850000858306885,3.180000066757202,3.200000047683716,372400,0.0,0.0
2024-09-05 00:00:00-04:00,3.200000047683716,3.200000047683716,3.115000009536743,3.1500000953674316,223100,0.0,0.0
2024-09-06 00:00:00-04:00,3.140000104904175,3.200000047683716,3.075000047683716,3.0899999141693115,232100,0.0,0.0
2024-09-09 00:00:00-04:00,3.0799999237060547,3.180000066757202,3.056999921798706,3.140000104904175,359000,0.0,0.0
2024-09-10 00:00:00-04:00,3.1700000762939453,3.2019999027252197,3.075000047683716,3.119999885559082,273900,0.0,0.0
2024-09-11 00:00:00-04:00,3.109999895095825,3.109999895095825,3.0350000858306885,3.0899999141693115,252500,0.0,0.0
2024-09-12 00:00:00-04:00,3.0999999046325684,3.180000066757202,3.0899999141693115,3.1600000858306885,204900,0.0,0.0
2024-09-13 00:00:00-04:00,3.200000047683716,3.319999933242798,3.200000047683716,3.319999933242798,370200,0.0,0.0
2024-09-16 00:00:00-04:00,3.359999895095825,3.369999885559082,3.315000057220459,3.3499999046325684,316900,0.0,0.0
2024-09-17 00:00:00-04:00,3.4000000953674316,3.444999933242798,3.359999895095825,3.4000000953674316,181800,0.0,0.0
2024-09-18 00:00:00-04:00,3.4000000953674316,3.4600000381469727,3.299999952316284,3.299999952316284,329900,0.0,0.0
2024-09-19 00:00:00-04:00,3.4200000762939453,3.4200000762939453,3.2200000286102295,3.240000009536743,410100,0.0,0.0
2024-09-20 00:00:00-04:00,3.2300000190734863,3.2300000190734863,3.0899999141693115,3.0999999046325684,1264400,0.0,0.0
2024-09-23 00:00:00-04:00,3.0999999046325684,3.140000104904175,3.049999952316284,3.049999952316284,373600,0.0,0.0
2024-09-24 00:00:00-04:00,3.0899999141693115,3.0950000286102295,2.9600000381469727,3.049999952316284,410600,0.0,0.0
2024-09-25 00:00:00-04:00,3.0299999713897705,3.0799999237060547,2.890000104904175,2.890000104904175,531000,0.0,0.0
2024-09-26 00:00:00-04:00,2.9700000286102295,3.0299999713897705,2.9649999141693115,2.9800000190734863,365300,0.0,0.0
2024-09-27 00:00:00-04:00,3.0,3.119999885559082,2.990000009536743,3.0299999713897705,296900,0.0,0.0
2024-09-30 00:00:00-04:00,2.990000009536743,3.0350000858306885,2.9149999618530273,2.950000047683716,271300,0.0,0.0
2024-10-01 00:00:00-04:00,2.940000057220459,2.9700000286102295,2.869999885559082,2.930000066757202,465600,0.0,0.0
2024-10-02 00:00:00-04:00,2.940000057220459,2.944999933242798,2.880000114440918,2.890000104904175,386200,0.0,0.0
2024-10-03 00:00:00-04:00,2.8499999046325684,2.871000051498413,2.75,2.75,250500,0.0,0.0
2024-10-04 00:00:00-04:00,2.799999952316284,2.8350000381469727,2.75,2.809999942779541,347700,0.0,0.0
2024-10-07 00:00:00-04:00,2.75,2.7899999618530273,2.700000047683716,2.740000009536743,554500,0.0,0.0
2024-10-08 00:00:00-04:00,2.7699999809265137,2.7799999713897705,2.694999933242798,2.7699999809265137,379100,0.0,0.0
2024-10-09 00:00:00-04:00,2.7699999809265137,2.7899999618530273,2.7300000190734863,2.759999990463257,388800,0.0,0.0
2024-10-10 00:00:00-04:00,2.75,2.7720000743865967,2.7200000286102295,2.7300000190734863,327200,0.0,0.0
2024-10-11 00:00:00-04:00,2.7200000286102295,2.880000114440918,2.7200000286102295,2.859999895095825,353100,0.0,0.0
2024-10-14 00:00:00-04:00,2.8399999141693115,2.859999895095825,2.7699999809265137,2.799999952316284,403400,0.0,0.0
2024-10-15 00:00:00-04:00,2.819999933242798,2.9200000762939453,2.7899999618530273,2.8399999141693115,322400,0.0,0.0
2024-10-16 00:00:00-04:00,2.859999895095825,2.950000047683716,2.8550000190734863,2.940000057220459,198500,0.0,0.0
2024-10-17 00:00:00-04:00,2.9200000762939453,2.930000066757202,2.869999885559082,2.9100000858306885,279100,0.0,0.0
2024-10-18 00:00:00-04:00,2.930000066757202,2.9800000190734863,2.9100000858306885,2.9200000762939453,199400,0.0,0.0
2024-10-21 00:00:00-04:00,2.9200000762939453,2.9200000762939453,2.809999942779541,2.809999942779541,206800,0.0,0.0
2024-10-22 00:00:00-04:00,2.799999952316284,2.8299999237060547,2.740000009536743,2.799999952316284,173000,0.0,0.0
2024-10-23 00:00:00-04:00,2.799999952316284,2.799999952316284,2.7100000381469727,2.740000009536743,212000,0.0,0.0
2024-10-24 00:00:00-04:00,2.7799999713897705,2.7899999618530273,2.700000047683716,2.7300000190734863,176900,0.0,0.0
2024-10-25 00:00:00-04:00,2.7699999809265137,2.7899999618530273,2.740000009536743,2.740000009536743,234900,0.0,0.0
2024-10-28 00:00:00-04:00,2.7699999809265137,2.8299999237060547,2.75,2.809999942779541,242600,0.0,0.0
2024-10-29 00:00:00-04:00,2.759999990463257,2.7799999713897705,2.7300000190734863,2.759999990463257,222000,0.0,0.0
2024-10-30 00:00:00-04:00,2.759999990463257,2.809999942779541,2.6500000953674316,2.6600000858306885,328100,0.0,0.0
2024-10-31 00:00:00-04:00,2.6600000858306885,2.6700000762939453,2.5350000858306885,2.5899999141693115,457400,0.0,0.0
2024-11-01 00:00:00-04:00,2.630000114440918,2.6500000953674316,2.5850000381469727,2.619999885559082,297100,0.0,0.0
2024-11-04 00:00:00-05:00,2.630000114440918,2.759999990463257,2.630000114440918,2.680000066757202,267400,0.0,0.0
2024-11-05 00:00:00-05:00,2.680000066757202,2.759999990463257,2.6649999618530273,2.740000009536743,173000,0.0,0.0
2024-11-06 00:00:00-05:00,2.8499999046325684,2.9200000762939453,2.805000066757202,2.8399999141693115,554000,0.0,0.0
2024-11-07 00:00:00-05:00,2.869999885559082,2.869999885559082,2.7300000190734863,2.759999990463257,584500,0.0,0.0
2024-11-08 00:00:00-05:00,2.4800000190734863,2.7699999809265137,2.2899999618530273,2.759999990463257,2028500,0.0,0.0
2024-11-11 00:00:00-05:00,2.7699999809265137,2.880000114440918,2.700000047683716,2.859999895095825,665000,0.0,0.0
2024-11-12 00:00:00-05:00,2.819999933242798,2.8499999046325684,2.7249999046325684,2.740000009536743,619500,0.0,0.0
2024-11-13 00:00:00-05:00,2.7899999618530273,2.819999933242798,2.694999933242798,2.7300000190734863,463300,0.0,0.0
2024-11-14 00:00:00-05:00,2.740000009536743,2.759999990463257,2.680000066757202,2.700000047683716,333700,0.0,0.0
2024-11-15 00:00:00-05:00,2.7100000381469727,2.8299999237060547,2.690000057220459,2.759999990463257,309900,0.0,0.0
2024-11-18 00:00:00-05:00,2.75,2.759999990463257,2.6500000953674316,2.6600000858306885,340900,0.0,0.0
2024-11-19 00:00:00-05:00,2.640000104904175,2.6500000953674316,2.5850000381469727,2.619999885559082,306100,0.0,0.0
2024-11-20 00:00:00-05:00,2.609999895095825,2.6600000858306885,2.563999891281128,2.6500000953674316,291700,0.0,0.0
2024-11-21 00:00:00-05:00,2.6600000858306885,2.759999990463257,2.6549999713897705,2.740000009536743,265000,0.0,0.0
2024-11-22 00:00:00-05:00,2.7300000190734863,2.9000000953674316,2.7300000190734863,2.880000114440918,309700,0.0,0.0
2024-11-25 00:00:00-05:00,2.9200000762939453,3.0,2.9149999618530273,2.940000057220459,1441100,0.0,0.0
2024-11-26 00:00:00-05:00,2.940000057220459,2.940000057220459,2.7950000762939453,2.880000114440918,443900,0.0,0.0
2024-11-27 00:00:00-05:00,2.890000104904175,2.940000057220459,2.880000114440918,2.880000114440918,288700,0.0,0.0
2024-11-29 00:00:00-05:00,2.890000104904175,2.9100000858306885,2.8299999237060547,2.8399999141693115,223000,0.0,0.0
2024-12-02 00:00:00-05:00,2.869999885559082,2.940000057220459,2.8399999141693115,2.9200000762939453,303800,0.0,0.0
2024-12-03 00:00:00-05:00,2.9100000858306885,2.9200000762939453,2.8350000381469727,2.9000000953674316,273100,0.0,0.0
2024-12-04 00:00:00-05:00,2.880000114440918,2.930000066757202,2.8499999046325684,2.9100000858306885,390600,0.0,0.0
2024-12-05 00:00:00-05:00,2.9100000858306885,2.9600000381469727,2.690000057220459,2.7100000381469727,293300,0.0,0.0
2024-12-06 00:00:00-05:00,2.7100000381469727,2.759999990463257,2.7100000381469727,2.75,246900,0.0,0.0
2024-12-09 00:00:00-05:00,2.75,2.880000114440918,2.740000009536743,2.759999990463257,381500,0.0,0.0
2024-12-10 00:00:00-05:00,2.7699999809265137,2.859999895095825,2.694999933242798,2.8499999046325684,261600,0.0,0.0
2024-12-11 00:00:00-05:00,2.869999885559082,2.869999885559082,2.7899999618530273,2.8499999046325684,246700,0.0,0.0
2024-12-12 00:00:00-05:00,2.859999895095825,2.880000114440918,2.825000047683716,2.859999895095825,211300,0.0,0.0
2024-12-13 00:00:00-05:00,2.890000104904175,2.890000104904175,2.75,2.7699999809265137,453500,0.0,0.0
2024-12-16 00:00:00-05:00,2.75,2.805000066757202,2.7300000190734863,2.740000009536743,2009100,0.0,0.0
2024-12-17 00:00:00-05:00,2.75,2.880000114440918,2.7300000190734863,2.8399999141693115,680700,0.0,0.0
2024-12-18 00:00:00-05:00,2.8299999237060547,2.8949999809265137,2.7200000286102295,2.740000009536743,710000,0.0,0.0
2024-12-19 00:00:00-05:00,2.75,2.8299999237060547,2.7049999237060547,2.740000009536743,538600,0.0,0.0
2024-12-20 00:00:00-05:00,2.700000047683716,2.7899999618530273,2.700000047683716,2.759999990463257,594000,0.0,0.0
2024-12-23 00:00:00-05:00,2.7899999618530273,2.819999933242798,2.7149999141693115,2.799999952316284,536600,0.0,0.0
2024-12-24 00:00:00-05:00,2.7699999809265137,2.8399999141693115,2.7699999809265137,2.8399999141693115,166900,0.0,0.0
2024-12-26 00:00:00-05:00,2.8399999141693115,2.947999954223633,2.8299999237060547,2.930000066757202,270000,0.0,0.0
2024-12-27 00:00:00-05:00,2.930000066757202,3.009999990463257,2.930000066757202,3.0,350300,0.0,0.0
2024-12-30 00:00:00-05:00,2.9700000286102295,3.0399999618530273,2.9049999713897705,3.009999990463257,540800,0.0,0.0
2024-12-31 00:00:00-05:00,3.0199999809265137,3.0999999046325684,2.9800000190734863,3.0199999809265137,284600,0.0,0.0
2025-01-02 00:00:00-05:00,3.0199999809265137,3.075000047683716,2.984999895095825,3.009999990463257,435300,0.0,0.0
2025-01-03 00:00:00-05:00,3.0199999809265137,3.059999942779541,2.9749999046325684,3.049999952316284,232400,0.0,0.0
2025-01-06 00:00:00-05:00,3.0799999237060547,3.109999895095825,3.0199999809265137,3.0199999809265137,288600,0.0,0.0
2025-01-07 00:00:00-05:00,3.0,3.069999933242798,3.0,3.0199999809265137,249200,0.0,0.0
2025-01-08 00:00:00-05:00,2.990000009536743,3.009999990463257,2.950000047683716,2.9700000286102295,210700,0.0,0.0
2025-01-10 00:00:00-05:00,2.930000066757202,2.930000066757202,2.819999933242798,2.8499999046325684,272900,0.0,0.0
2025-01-13 00:00:00-05:00,2.8499999046325684,2.880000114440918,2.7699999809265137,2.8499999046325684,395200,0.0,0.0
2025-01-14 00:00:00-05:00,2.880000114440918,3.059999942779541,2.875999927520752,2.9000000953674316,879000,0.0,0.0
2025-01-15 00:00:00-05:00,2.940000057220459,3.075000047683716,2.940000057220459,3.049999952316284,477600,0.0,0.0
2025-01-16 00:00:00-05:00,3.0299999713897705,3.0899999141693115,3.0199999809265137,3.069999933242798,300700,0.0,0.0
2025-01-17 00:00:00-05:00,3.109999895095825,3.1500000953674316,3.0899999141693115,3.119999885559082,369100,0.0,0.0
2025-01-21 00:00:00-05:00,3.140000104904175,3.2100000381469727,3.134999990463257,3.180000066757202,733100,0.0,0.0
2025-01-22 00:00:00-05:00,3.1500000953674316,3.1700000762939453,3.0450000762939453,3.059999942779541,228100,0.0,0.0
2025-01-23 00:00:00-05:00,3.059999942779541,3.1700000762939453,3.059999942779541,3.130000114440918,228600,0.0,0.0
2025-01-24 00:00:00-05:00,3.119999885559082,3.184999942779541,3.109999895095825,3.140000104904175,194700,0.0,0.0
2025-01-27 00:00:00-05:00,3.1500000953674316,3.240000009536743,3.119999885559082,3.180000066757202,232500,0.0,0.0
2025-01-28 00:00:00-05:00,3.1600000858306885,3.2049999237060547,3.0850000381469727,3.140000104904175,334800,0.0,0.0
2025-01-29 00:00:00-05:00,3.119999885559082,3.130000114440918,3.009999990463257,3.0199999809265137,470500,0.0,0.0
2025-01-30 00:00:00-05:00,3.059999942779541,3.200000047683716,3.0490000247955322,3.130000114440918,257000,0.0,0.0
2025-01-31 00:00:00-05:00,3.1500000953674316,3.1600000858306885,2.950000047683716,3.049999952316284,279600,0.0,0.0
2025-02-03 00:00:00-05:00,2.9800000190734863,3.049999952316284,2.9000000953674316,2.9000000953674316,382600,0.0,0.0
2025-02-04 00:00:00-05:00,2.9100000858306885,3.009999990463257,2.9100000858306885,3.0,184300,0.0,0.0
2025-02-05 00:00:00-05:00,2.9800000190734863,3.0299999713897705,2.940000057220459,2.9600000381469727,249700,0.0,0.0
2025-02-06 00:00:00-05:00,2.9800000190734863,3.0399999618530273,2.9700000286102295,2.9700000286102295,170200,0.0,0.0
2025-02-07 00:00:00-05:00,2.9800000190734863,2.9800000190734863,2.799999952316284,2.799999952316284,214200,0.0,0.0
2025-02-10 00:00:00-05:00,2.8399999141693115,2.884999990463257,2.7899999618530273,2.8499999046325684,199800,0.0,0.0
2025-02-11 00:00:00-05:00,2.8299999237060547,2.9000000953674316,2.819999933242798,2.859999895095825,275700,0.0,0.0
2025-02-12 00:00:00-05:00,2.8299999237060547,2.880000114440918,2.809999942779541,2.8299999237060547,226400,0.0,0.0
2025-02-13 00:00:00-05:00,2.869999885559082,2.9089999198913574,2.8399999141693115,2.8399999141693115,87300,0.0,0.0
2025-02-14 00:00:00-05:00,2.890000104904175,2.9100000858306885,2.819999933242798,2.8399999141693115,103800,0.0,0.0
2025-02-18 00:00:00-05:00,2.890000104904175,2.950000047683716,2.8399999141693115,2.890000104904175,271700,0.0,0.0
2025-02-19 00:00:00-05:00,2.8499999046325684,2.890000104904175,2.680000066757202,2.690000057220459,250700,0.0,0.0
2025-02-20 00:00:00-05:00,2.700000047683716,2.825000047683716,2.674999952316284,2.7100000381469727,255200,0.0,0.0
2025-02-21 00:00:00-05:00,2.740000009536743,2.759999990463257,2.6449999809265137,2.690000057220459,320400,0.0,0.0
2025-02-24 00:00:00-05:00,2.7300000190734863,2.7899999618530273,2.6700000762939453,2.7699999809265137,265800,0.0,0.0
2025-02-25 00:00:00-05:00,2.7799999713897705,2.9000000953674316,2.759999990463257,2.890000104904175,312000,0.0,0.0
2025-02-26 00:00:00-05:00,2.869999885559082,2.950000047683716,2.8499999046325684,2.930000066757202,227300,0.0,0.0
2025-02-27 00:00:00-05:00,2.9100000858306885,2.950000047683716,2.890000104904175,2.940000057220459,452100,0.0,0.0
2025-02-28 00:00:00-05:00,2.9200000762939453,2.9600000381469727,2.700000047683716,2.7200000286102295,393800,0.0,0.0
2025-03-03 00:00:00-05:00,2.7200000286102295,2.7300000190734863,2.640000104904175,2.6500000953674316,274300,0.0,0.0
2025-03-04 00:00:00-05:00,2.5999999046325684,2.618000030517578,2.490000009536743,2.549999952316284,592800,0.0,0.0
2025-03-05 00:00:00-05:00,2.549999952316284,2.5999999046325684,2.4600000381469727,2.4600000381469727,320600,0.0,0.0
2025-03-06 00:00:00-05:00,2.4700000286102295,2.5250000953674316,2.424999952316284,2.4800000190734863,564800,0.0,0.0
2025-03-07 00:00:00-05:00,2.5199999809265137,2.5299999713897705,2.4100000858306885,2.430000066757202,435100,0.0,0.0
2025-03-10 00:00:00-04:00,2.440000057220459,2.4800000190734863,2.3350000381469727,2.4000000953674316,439700,0.0,0.0
2025-03-11 00:00:00-04:00,2.819999933242798,3.0,2.572000026702881,2.9800000190734863,1437200,0.0,0.0
2025-03-12 00:00:00-04:00,3.059999942779541,3.059999942779541,2.430000066757202,2.450000047683716,1115300,0.0,0.0
2025-03-13 00:00:00-04:00,2.4100000858306885,2.4749999046325684,2.309999942779541,2.430000066757202,750000,0.0,0.0
2025-03-14 00:00:00-04:00,2.369999885559082,2.450000047683716,2.259999990463257,2.4100000858306885,657200,0.0,0.0
2025-03-17 00:00:00-04:00,2.390000104904175,2.490000009536743,2.3399999141693115,2.450000047683716,401800,0.0,0.0
2025-03-18 00:00:00-04:00,2.4600000381469727,2.5350000858306885,2.375,2.4000000953674316,346400,0.0,0.0
2025-03-19 00:00:00-04:00,2.380000114440918,2.4800000190734863,2.369999885559082,2.4700000286102295,303000,0.0,0.0
2025-03-20 00:00:00-04:00,2.440000057220459,2.509999990463257,2.440000057220459,2.5,1064800,0.0,0.0
2025-03-21 00:00:00-04:00,2.4600000381469727,2.5399999618530273,2.4200000762939453,2.5299999713897705,632200,0.0,0.0
2025-03-24 00:00:00-04:00,2.569999933242798,2.6700000762939453,2.549999952316284,2.569999933242798,438100,0.0,0.0
2025-03-25 00:00:00-04:00,2.5299999713897705,2.609999895095825,2.5,2.5999999046325684,412900,0.0,0.0
2025-03-26 00:00:00-04:00,2.5999999046325684,2.7149999141693115,2.5999999046325684,2.6700000762939453,321300,0.0,0.0
2025-03-27 00:00:00-04:00,2.6500000953674316,2.7200000286102295,2.5999999046325684,2.690000057220459,357400,0.0,0.0
2025-03-28 00:00:00-04:00,2.6700000762939453,2.7200000286102295,2.630000114440918,2.630000114440918,408900,0.0,0.0
2025-03-31 00:00:00-04:00,2.619999885559082,2.619999885559082,2.5399999618530273,2.569999933242798,622500,0.0,0.0
2025-04-01 00:00:00-04:00,2.559999942779541,2.634999990463257,2.5399999618530273,2.569999933242798,341300,0.0,0.0
2025-04-02 00:00:00-04:00,2.5299999713897705,2.630000114440918,2.5299999713897705,2.569999933242798,260100,0.0,0.0
2025-04-03 00:00:00-04:00,2.5199999809265137,2.5399999618530273,2.3949999809265137,2.4000000953674316,458700,0.0,0.0
2025-04-04 00:00:00-04:00,2.2799999713897705,2.4100000858306885,2.259999990463257,2.4000000953674316,556600,0.0,0.0
2025-04-07 00:00:00-04:00,2.3299999237060547,2.4700000286102295,2.2699999809265137,2.369999885559082,783700,0.0,0.0
2025-04-08 00:00:00-04:00,2.4200000762939453,2.450000047683716,2.299999952316284,2.3399999141693115,625800,0.0,0.0
2025-04-09 00:00:00-04:00,2.319999933242798,2.4700000286102295,2.2699999809265137,2.4100000858306885,686000,0.0,0.0
2025-04-10 00:00:00-04:00,2.3399999141693115,2.369999885559082,2.299999952316284,2.299999952316284,378200,0.0,0.0
2025-04-11 00:00:00-04:00,2.2899999618530273,2.3399999141693115,2.240000009536743,2.2699999809265137,375200,0.0,0.0
2025-04-14 00:00:00-04:00,2.3499999046325684,2.4000000953674316,2.1449999809265137,2.369999885559082,1533400,0.0,0.0
2025-04-15 00:00:00-04:00,2.3499999046325684,2.359999895095825,2.140000104904175,2.140000104904175,581500,0.0,0.0
2025-04-16 00:00:00-04:00,2.130000114440918,2.130000114440918,2.059999942779541,2.0799999237060547,550100,0.0,0.0
2025-04-17 00:00:00-04:00,2.0899999141693115,2.0999999046325684,2.049999952316284,2.069999933242798,432000,0.0,0.0
2025-04-21 00:00:00-04:00,2.009999990463257,2.0350000858306885,1.930999994277954,1.9800000190734863,2636000,0.0,0.0
2025-04-22 00:00:00-04:00,2.0,2.0299999713897705,1.9700000286102295,1.9800000190734863,675400,0.0,0.0
2025-04-23 00:00:00-04:00,2.0299999713897705,2.0799999237060547,2.0,2.049999952316284,665500,0.0,0.0
2025-04-24 00:00:00-04:00,2.0399999618530273,2.0899999141693115,2.010999917984009,2.069999933242798,303600,0.0,0.0
2025-04-25 00:00:00-04:00,2.049999952316284,2.0899999141693115,2.0299999713897705,2.069999933242798,291300,0.0,0.0
2025-04-28 00:00:00-04:00,2.059999942779541,2.109999895095825,2.049999952316284,2.0899999141693115,369400,0.0,0.0
2025-04-29 00:00:00-04:00,2.069999933242798,2.0950000286102295,2.049999952316284,2.0899999141693115,305900,0.0,0.0
2025-04-30 00:00:00-04:00,2.059999942779541,2.1700000762939453,2.059999942779541,2.1500000953674316,538200,0.0,0.0
2025-05-01 00:00:00-04:00,2.1500000953674316,2.240000009536743,2.109999895095825,2.240000009536743,397700,0.0,0.0
2025-05-02 00:00:00-04:00,2.25,2.299999952316284,2.190000057220459,2.200000047683716,500500,0.0,0.0
