Date,Open,High,Low,Close,Volume,Dividends,Stock Splits
2007-12-31 00:00:00+08:00,23.632009506225586,24.400161743164062,23.315710067749023,24.400161743164062,677208,0.0,0.0
2008-01-02 00:00:00+08:00,24.038677215576172,24.80683135986328,23.948307037353516,24.264606475830078,2131215,0.0,0.0
2008-01-03 00:00:00+08:00,23.76756477355957,23.948307037353516,23.315710067749023,23.81275177001953,448152,0.0,0.0
2008-01-04 00:00:00+08:00,23.632009506225586,23.632009506225586,23.225339889526367,23.225339889526367,524504,0.0,0.0
2008-01-07 00:00:00+08:00,21.64384651184082,21.68903350830078,21.64384651184082,21.64384651184082,4295627,0.0,0.0
2008-01-08 00:00:00+08:00,20.197912216186523,22.68311309814453,20.152725219726562,22.68311309814453,3682598,0.0,0.0
2008-01-09 00:00:00+08:00,21.191993713378906,22.41200065612793,21.191993713378906,22.140888214111328,925075,0.0,0.0
2008-01-10 00:00:00+08:00,21.869775772094727,22.41200065612793,21.508291244506836,21.68903350830078,472496,0.0,0.0
2008-01-11 00:00:00+08:00,21.779403686523438,22.05051612854004,21.32754898071289,21.68903350830078,359628,0.0,0.0
2008-01-14 00:00:00+08:00,21.68903350830078,22.05051612854004,21.37273406982422,21.598661422729492,1231590,0.0,0.0
2008-01-15 00:00:00+08:00,21.68903350830078,22.140888214111328,21.508291244506836,21.508291244506836,2547278,0.0,0.0
2008-01-16 00:00:00+08:00,21.417919158935547,21.508291244506836,20.423839569091797,21.463106155395508,2770801,0.0,0.0
2008-01-17 00:00:00+08:00,21.191993713378906,22.095701217651367,21.01125144958496,22.095701217651367,2105764,0.0,0.0
2008-01-18 00:00:00+08:00,21.68903350830078,22.140888214111328,21.32754898071289,22.05051612854004,2158879,0.0,0.0
2008-01-21 00:00:00+08:00,21.869775772094727,22.592742919921875,21.73421859741211,21.960145950317383,2162198,0.0,0.0
2008-01-22 00:00:00+08:00,20.514209747314453,21.914960861206055,20.423839569091797,21.914960861206055,818847,0.0,0.0
2008-01-23 00:00:00+08:00,21.869775772094727,21.869775772094727,20.423839569091797,21.68903350830078,1303515,0.0,0.0
2008-01-24 00:00:00+08:00,21.598661422729492,21.598661422729492,20.6949520111084,21.508291244506836,853150,0.0,0.0
2008-01-25 00:00:00+08:00,21.237178802490234,22.41200065612793,20.875694274902344,22.41200065612793,1711832,0.0,0.0
2008-01-28 00:00:00+08:00,21.960145950317383,21.960145950317383,21.32754898071289,21.32754898071289,499054,0.0,0.0
2008-01-29 00:00:00+08:00,20.966064453125,21.508291244506836,20.875694274902344,21.191993713378906,217990,0.0,0.0
2008-01-30 00:00:00+08:00,20.966064453125,21.191993713378906,20.785322189331055,21.101621627807617,191433,0.0,0.0
2008-01-31 00:00:00+08:00,20.875694274902344,21.05643653869629,20.152725219726562,20.785322189331055,445939,0.0,0.0
2008-02-01 00:00:00+08:00,20.64976692199707,21.191993713378906,20.28828239440918,21.101621627807617,512332,0.0,0.0
2008-02-12 00:00:00+08:00,20.514209747314453,20.785322189331055,20.333467483520508,20.785322189331055,175941,0.0,0.0
2008-02-13 00:00:00+08:00,20.423839569091797,20.785322189331055,20.37865447998047,20.740137100219727,469177,0.0,0.0
2008-02-14 00:00:00+08:00,20.875694274902344,21.32754898071289,20.785322189331055,21.237178802490234,387292,0.0,0.0
2008-02-15 00:00:00+08:00,21.237178802490234,21.869775772094727,20.966064453125,21.779403686523438,1289130,0.0,0.0
2008-02-18 00:00:00+08:00,22.05051612854004,22.592742919921875,21.779403686523438,22.592742919921875,1811422,0.0,0.0
2008-02-19 00:00:00+08:00,23.225339889526367,23.225339889526367,22.321630477905273,22.457185745239258,1622202,0.0,0.0
2008-02-20 00:00:00+08:00,22.457185745239258,22.954227447509766,22.457185745239258,22.457185745239258,2202034,0.0,0.0
2008-02-21 00:00:00+08:00,22.863855361938477,23.49645233154297,22.863855361938477,23.315710067749023,2022773,0.0,0.0
2008-02-22 00:00:00+08:00,23.315710067749023,23.541637420654297,22.954227447509766,23.13496971130371,534463,0.0,0.0
2008-02-25 00:00:00+08:00,23.315710067749023,23.49645233154297,22.72829818725586,22.863855361938477,1070033,0.0,0.0
2008-02-26 00:00:00+08:00,22.863855361938477,23.044597625732422,22.186073303222656,22.186073303222656,2563876,0.0,0.0
2008-02-27 00:00:00+08:00,22.41200065612793,23.36089515686035,22.3668155670166,23.044597625732422,2665678,0.0,0.0
2008-02-29 00:00:00+08:00,22.999412536621094,24.219419479370117,22.999412536621094,24.038677215576172,3485632,0.0,0.0
2008-03-03 00:00:00+08:00,23.85793685913086,23.948307037353516,23.49645233154297,23.76756477355957,476923,0.0,0.0
2008-03-04 00:00:00+08:00,23.76756477355957,23.993492126464844,23.49645233154297,23.722379684448242,457005,0.0,0.0
2008-03-05 00:00:00+08:00,23.722379684448242,23.81275177001953,23.225339889526367,23.225339889526367,504586,0.0,0.0
2008-03-06 00:00:00+08:00,23.270524978637695,24.219419479370117,23.270524978637695,23.993492126464844,2826128,0.0,0.0
2008-03-07 00:00:00+08:00,23.948307037353516,25.168315887451172,23.948307037353516,24.219419479370117,3690344,0.0,0.0
2008-03-10 00:00:00+08:00,24.038677215576172,24.671274185180664,23.677194595336914,23.677194595336914,1053435,0.0,0.0
2008-03-11 00:00:00+08:00,23.677194595336914,24.083864212036133,23.225339889526367,23.677194595336914,603069,0.0,0.0
2008-03-12 00:00:00+08:00,24.12904930114746,24.49053382873535,23.315710067749023,23.315710067749023,533357,0.0,0.0
2008-03-13 00:00:00+08:00,23.40608024597168,23.541637420654297,22.41200065612793,22.41200065612793,503480,0.0,0.0
2008-03-14 00:00:00+08:00,22.77348518371582,22.999412536621094,22.140888214111328,22.41200065612793,275530,0.0,0.0
2008-03-17 00:00:00+08:00,21.960145950317383,22.140888214111328,21.32754898071289,21.417919158935547,209137,0.0,0.0
2008-03-18 00:00:00+08:00,20.514209747314453,21.32754898071289,20.514209747314453,20.920879364013672,212457,0.0,0.0
2008-03-19 00:00:00+08:00,21.05643653869629,21.779403686523438,21.05643653869629,21.417919158935547,2193182,0.0,0.0
2008-03-20 00:00:00+08:00,21.73421859741211,22.140888214111328,21.508291244506836,22.00533103942871,2586007,0.0,0.0
2008-03-21 00:00:00+08:00,23.13496971130371,23.541637420654297,22.321630477905273,23.541637420654297,2501909,0.0,0.0
2008-03-24 00:00:00+08:00,25.168315887451172,25.168315887451172,24.17423439025879,24.671274185180664,1819168,0.0,0.0
2008-03-25 00:00:00+08:00,24.626089096069336,24.626089096069336,23.948307037353516,24.580904006958008,720364,0.0,0.0
2008-03-26 00:00:00+08:00,24.038677215576172,24.671274185180664,23.993492126464844,23.993492126464844,486882,0.0,0.0
2008-03-27 00:00:00+08:00,23.677194595336914,24.264606475830078,23.36089515686035,23.36089515686035,302088,0.0,0.0
2008-03-28 00:00:00+08:00,22.954227447509766,24.309791564941406,22.954227447509766,24.309791564941406,263358,0.0,0.0
2008-03-31 00:00:00+08:00,24.038677215576172,24.671274185180664,23.677194595336914,24.49053382873535,1177369,0.0,0.0
2008-04-01 00:00:00+08:00,24.626089096069336,24.626089096069336,23.948307037353516,23.948307037353516,229055,0.0,0.0
2008-04-02 00:00:00+08:00,24.12904930114746,24.671274185180664,24.12904930114746,24.219419479370117,1022452,0.0,0.0
2008-04-03 00:00:00+08:00,24.400161743164062,25.755727767944336,24.400161743164062,25.755727767944336,1273639,0.0,0.0
2008-04-07 00:00:00+08:00,25.846097946166992,27.517961502075195,25.123130798339844,27.517961502075195,6637086,0.0,0.0
2008-04-08 00:00:00+08:00,27.382404327392578,28.37648582458496,27.156476974487305,27.24684715270996,2233017,0.0,0.0
2008-04-09 00:00:00+08:00,26.659435272216797,28.37648582458496,26.659435272216797,28.195743560791016,1116508,0.0,0.0
2008-04-10 00:00:00+08:00,28.150558471679688,29.09945297241211,27.65351676940918,29.09945297241211,1317901,0.0,0.0
2008-04-11 00:00:00+08:00,29.09945297241211,29.41575050354004,28.466856002807617,28.918710708618164,1401998,0.0,0.0
2008-04-14 00:00:00+08:00,28.828340530395508,28.828340530395508,28.0601863861084,28.195743560791016,773478,0.0,0.0
2008-04-15 00:00:00+08:00,28.647598266601562,28.647598266601562,27.65351676940918,28.195743560791016,822166,0.0,0.0
2008-04-16 00:00:00+08:00,28.195743560791016,28.195743560791016,27.65351676940918,27.65351676940918,714831,0.0,0.0
2008-04-17 00:00:00+08:00,28.105371475219727,28.105371475219727,27.563146591186523,27.60833168029785,895198,0.0,0.0
2008-04-18 00:00:00+08:00,27.60833168029785,28.01500129699707,27.60833168029785,27.74388885498047,325325,0.0,0.0
2008-04-21 00:00:00+08:00,28.01500129699707,28.195743560791016,27.60833168029785,27.969816207885742,465857,0.0,0.0
2008-04-22 00:00:00+08:00,28.105371475219727,28.195743560791016,27.74388885498047,27.92462921142578,375120,0.0,0.0
2008-04-23 00:00:00+08:00,27.92462921142578,28.918710708618164,27.834259033203125,28.918710708618164,585364,0.0,0.0
2008-04-24 00:00:00+08:00,28.918710708618164,28.918710708618164,28.286113739013672,28.286113739013672,742495,0.0,0.0
2008-04-25 00:00:00+08:00,28.286113739013672,28.647598266601562,27.60833168029785,27.60833168029785,471390,0.0,0.0
2008-04-28 00:00:00+08:00,28.286113739013672,28.286113739013672,27.33721923828125,27.33721923828125,269998,0.0,0.0
2008-04-29 00:00:00+08:00,27.111291885375977,27.427589416503906,26.56906509399414,26.56906509399414,702659,0.0,0.0
2008-04-30 00:00:00+08:00,26.56906509399414,26.97573471069336,25.57498550415039,26.659435272216797,1405318,0.0,0.0
2008-05-02 00:00:00+08:00,27.111291885375977,27.111291885375977,25.89128303527832,26.026840209960938,191433,0.0,0.0
2008-05-05 00:00:00+08:00,25.846097946166992,26.207582473754883,25.349056243896484,25.4846134185791,143851,0.0,0.0
2008-05-06 00:00:00+08:00,25.4846134185791,26.61425018310547,25.4846134185791,25.89128303527832,226842,0.0,0.0
2008-05-07 00:00:00+08:00,25.89128303527832,26.93054962158203,25.89128303527832,26.29795265197754,385079,0.0,0.0
2008-05-08 00:00:00+08:00,26.207582473754883,26.478694915771484,25.755727767944336,25.846097946166992,322006,0.0,0.0
2008-05-09 00:00:00+08:00,25.665355682373047,25.846097946166992,24.85201644897461,25.168315887451172,430447,0.0,0.0
2008-05-12 00:00:00+08:00,25.168315887451172,25.57498550415039,25.168315887451172,25.303871154785156,293235,0.0,0.0
2008-05-13 00:00:00+08:00,25.394243240356445,25.710540771484375,25.303871154785156,25.349056243896484,248973,0.0,0.0
2008-05-14 00:00:00+08:00,25.349056243896484,25.62017059326172,25.303871154785156,25.349056243896484,235695,0.0,0.0
2008-05-15 00:00:00+08:00,25.394243240356445,25.755727767944336,25.349056243896484,25.439428329467773,208031,0.0,0.0
2008-05-16 00:00:00+08:00,25.52979850769043,27.020919799804688,25.4846134185791,27.020919799804688,1617776,0.0,0.0
2008-05-19 00:00:00+08:00,27.382404327392578,27.382404327392578,26.478694915771484,26.478694915771484,496840,0.0,0.0
2008-05-20 00:00:00+08:00,26.433509826660156,26.704622268676758,26.026840209960938,26.072025299072266,360735,0.0,0.0
2008-05-21 00:00:00+08:00,26.162395477294922,26.478694915771484,25.394243240356445,26.207582473754883,647331,0.0,0.0
2008-05-22 00:00:00+08:00,25.846097946166992,26.704622268676758,25.665355682373047,26.026840209960938,592004,0.0,0.0
2008-05-23 00:00:00+08:00,26.433509826660156,26.433509826660156,25.303871154785156,25.303871154785156,319792,0.0,0.0
2008-05-26 00:00:00+08:00,25.303871154785156,25.303871154785156,23.541637420654297,23.541637420654297,693806,0.0,0.0
2008-05-27 00:00:00+08:00,23.315710067749023,23.40608024597168,23.044597625732422,23.044597625732422,232375,0.0,0.0
2008-05-28 00:00:00+08:00,23.45126724243164,23.45126724243164,22.999412536621094,22.999412536621094,152703,0.0,0.0
2008-05-29 00:00:00+08:00,23.13496971130371,23.18015480041504,22.637928009033203,22.637928009033203,80778,0.0,0.0
2008-05-30 00:00:00+08:00,22.68311309814453,22.999412536621094,22.05051612854004,22.457185745239258,272211,0.0,0.0
2008-06-02 00:00:00+08:00,23.044597625732422,23.315710067749023,22.50237274169922,23.13496971130371,579832,0.0,0.0
2008-06-03 00:00:00+08:00,22.954227447509766,23.948307037353516,22.954227447509766,23.13496971130371,523398,0.0,0.0
2008-06-04 00:00:00+08:00,23.13496971130371,23.586822509765625,23.13496971130371,23.315710067749023,733642,0.0,0.0
2008-06-05 00:00:00+08:00,23.49645233154297,23.632009506225586,23.18015480041504,23.49645233154297,803355,0.0,0.0
2008-06-06 00:00:00+08:00,23.677194595336914,23.85793685913086,23.49645233154297,23.49645233154297,629626,0.0,0.0
2008-06-09 00:00:00+08:00,22.592742919921875,23.044597625732422,22.592742919921875,22.863855361938477,576512,0.0,0.0
2008-06-10 00:00:00+08:00,22.999412536621094,23.49645233154297,22.68311309814453,23.270524978637695,865322,0.0,0.0
2008-06-11 00:00:00+08:00,22.77348518371582,23.270524978637695,22.592742919921875,23.270524978637695,850936,0.0,0.0
2008-06-12 00:00:00+08:00,22.68311309814453,23.13496971130371,21.64384651184082,22.592742919921875,1304622,0.0,0.0
2008-06-13 00:00:00+08:00,22.50237274169922,23.13496971130371,21.68903350830078,23.13496971130371,774585,0.0,0.0
2008-06-16 00:00:00+08:00,23.08978271484375,23.632009506225586,22.77348518371582,23.13496971130371,655077,0.0,0.0
2008-06-17 00:00:00+08:00,22.77348518371582,23.270524978637695,22.231258392333984,22.231258392333984,572086,0.0,0.0
2008-06-18 00:00:00+08:00,22.231258392333984,22.954227447509766,22.231258392333984,22.954227447509766,514545,0.0,0.0
2008-06-19 00:00:00+08:00,22.592742919921875,22.77348518371582,22.231258392333984,22.77348518371582,158236,0.0,0.0
2008-06-20 00:00:00+08:00,22.68311309814453,22.77348518371582,21.869775772094727,22.140888214111328,140531,0.0,0.0
2008-06-23 00:00:00+08:00,21.869775772094727,22.592742919921875,21.598661422729492,22.592742919921875,468070,0.0,0.0
2008-06-24 00:00:00+08:00,22.592742919921875,22.863855361938477,21.779403686523438,22.592742919921875,585364,0.0,0.0
2008-06-25 00:00:00+08:00,22.05051612854004,22.592742919921875,22.05051612854004,22.547557830810547,406103,0.0,0.0
2008-06-26 00:00:00+08:00,22.592742919921875,22.863855361938477,22.186073303222656,22.863855361938477,476923,0.0,0.0
2008-06-27 00:00:00+08:00,22.77348518371582,22.77348518371582,21.824588775634766,22.592742919921875,753560,0.0,0.0
2008-06-30 00:00:00+08:00,21.824588775634766,22.457185745239258,21.68903350830078,22.457185745239258,388399,0.0,0.0
2008-07-01 00:00:00+08:00,22.140888214111328,22.321630477905273,21.32754898071289,22.321630477905273,795609,0.0,0.0
2008-07-02 00:00:00+08:00,22.321630477905273,22.41200065612793,21.779403686523438,22.41200065612793,813314,0.0,0.0
2008-07-03 00:00:00+08:00,22.41200065612793,22.41200065612793,21.32754898071289,22.41200065612793,938354,0.0,0.0
2008-07-04 00:00:00+08:00,22.592742919921875,22.592742919921875,21.869775772094727,22.41200065612793,299875,0.0,0.0
2008-07-07 00:00:00+08:00,22.592742919921875,23.18015480041504,22.095701217651367,22.863855361938477,173728,0.0,0.0
2008-07-08 00:00:00+08:00,22.77348518371582,22.863855361938477,22.231258392333984,22.592742919921875,190326,0.0,0.0
2008-07-09 00:00:00+08:00,22.321630477905273,22.77348518371582,22.186073303222656,22.592742919921875,686061,0.0,0.0
2008-07-10 00:00:00+08:00,22.592742919921875,22.72829818725586,21.914960861206055,22.592742919921875,257826,0.0,0.0
2008-07-11 00:00:00+08:00,22.592742919921875,22.77348518371582,22.095701217651367,22.50237274169922,338604,0.0,0.0
2008-07-14 00:00:00+08:00,22.231258392333984,22.50237274169922,22.140888214111328,22.3668155670166,235695,0.0,0.0
2008-07-15 00:00:00+08:00,22.321630477905273,22.321630477905273,21.779403686523438,22.140888214111328,380653,0.0,0.0
2008-07-16 00:00:00+08:00,21.37273406982422,22.140888214111328,21.32754898071289,22.140888214111328,1206139,0.0,0.0
2008-07-17 00:00:00+08:00,22.3668155670166,22.592742919921875,22.186073303222656,22.547557830810547,721470,0.0,0.0
2008-07-18 00:00:00+08:00,22.81867027282715,22.81867027282715,21.68903350830078,21.68903350830078,214670,0.0,0.0
2008-07-21 00:00:00+08:00,22.50237274169922,22.50237274169922,21.32754898071289,21.598661422729492,561020,0.0,0.0
2008-07-22 00:00:00+08:00,21.68903350830078,21.68903350830078,21.237178802490234,21.68903350830078,256719,0.0,0.0
2008-07-23 00:00:00+08:00,21.914960861206055,22.41200065612793,21.869775772094727,22.186073303222656,568766,0.0,0.0
2008-07-24 00:00:00+08:00,22.3668155670166,22.68311309814453,22.3668155670166,22.50237274169922,453685,0.0,0.0
2008-07-25 00:00:00+08:00,22.321630477905273,22.321630477905273,21.960145950317383,22.321630477905273,901838,0.0,0.0
2008-07-28 00:00:00+08:00,22.321630477905273,22.321630477905273,22.321630477905273,22.321630477905273,0,0.0,0.0
2008-07-29 00:00:00+08:00,22.321630477905273,22.321630477905273,22.321630477905273,22.321630477905273,0,0.0,0.0
2008-07-30 00:00:00+08:00,22.321630477905273,22.321630477905273,22.321630477905273,22.321630477905273,0,0.0,0.0
2008-07-31 00:00:00+08:00,24.700000762939453,24.700000762939453,24.700000762939453,24.700000762939453,0,0.0,1.10655
2008-08-01 00:00:00+08:00,24.700000762939453,24.700000762939453,24.700000762939453,24.700000762939453,0,0.0,0.0
2008-08-04 00:00:00+08:00,24.700000762939453,24.700000762939453,24.700000762939453,24.700000762939453,0,0.0,0.0
2008-08-05 00:00:00+08:00,24.700000762939453,24.700000762939453,24.700000762939453,24.700000762939453,0,0.0,0.0
2008-08-06 00:00:00+08:00,24.700000762939453,24.700000762939453,24.700000762939453,24.700000762939453,0,0.0,0.0
2008-08-07 00:00:00+08:00,24.700000762939453,24.700000762939453,24.700000762939453,24.700000762939453,0,0.0,0.0
2008-08-08 00:00:00+08:00,24.700000762939453,24.700000762939453,24.700000762939453,24.700000762939453,0,0.0,0.0
2008-08-11 00:00:00+08:00,24.700000762939453,24.700000762939453,24.700000762939453,24.700000762939453,0,0.0,0.0
2008-08-12 00:00:00+08:00,24.700000762939453,24.700000762939453,24.700000762939453,24.700000762939453,0,0.0,0.0
2008-08-13 00:00:00+08:00,24.700000762939453,24.700000762939453,24.700000762939453,24.700000762939453,0,0.0,0.0
2008-08-14 00:00:00+08:00,24.700000762939453,24.700000762939453,24.700000762939453,24.700000762939453,0,0.0,0.0
2008-08-15 00:00:00+08:00,24.700000762939453,24.700000762939453,24.700000762939453,24.700000762939453,0,0.0,0.0
2008-08-18 00:00:00+08:00,19.600000381469727,19.700000762939453,19.149999618530273,19.649999618530273,444000,0.0,0.0
2008-08-19 00:00:00+08:00,19.399999618530273,19.700000762939453,19.299999237060547,19.649999618530273,131000,0.0,0.0
2008-08-20 00:00:00+08:00,19.350000381469727,19.649999618530273,19.299999237060547,19.649999618530273,100000,0.0,0.0
2008-08-21 00:00:00+08:00,19.850000381469727,19.850000381469727,19.450000762939453,19.700000762939453,216000,0.0,0.0
2008-08-22 00:00:00+08:00,19.700000762939453,19.850000381469727,19.25,19.649999618530273,207000,0.0,0.0
2008-08-25 00:00:00+08:00,19.5,19.649999618530273,19.450000762939453,19.649999618530273,90000,0.0,0.0
2008-08-26 00:00:00+08:00,19.5,19.600000381469727,19.399999618530273,19.600000381469727,105000,0.0,0.0
2008-08-27 00:00:00+08:00,19.75,19.799999237060547,19.5,19.700000762939453,178000,0.0,0.0
2008-08-28 00:00:00+08:00,19.600000381469727,19.649999618530273,19.399999618530273,19.600000381469727,82000,0.0,0.0
2008-08-29 00:00:00+08:00,19.5,19.649999618530273,19.399999618530273,19.549999237060547,121000,0.0,0.0
2008-09-01 00:00:00+08:00,19.5,19.5,18.950000762939453,19.100000381469727,149000,0.0,0.0
2008-09-02 00:00:00+08:00,18.799999237060547,18.799999237060547,17.799999237060547,18.299999237060547,293000,0.0,0.0
2008-09-03 00:00:00+08:00,17.100000381469727,17.950000762939453,17.049999237060547,17.600000381469727,3035000,0.0,0.0
2008-09-04 00:00:00+08:00,17.100000381469727,17.299999237060547,16.399999618530273,16.399999618530273,161000,0.0,0.0
2008-09-05 00:00:00+08:00,15.300000190734863,15.850000381469727,15.300000190734863,15.300000190734863,531000,0.0,0.0
2008-09-08 00:00:00+08:00,15.300000190734863,16.350000381469727,15.199999809265137,16.350000381469727,1044000,0.0,0.0
2008-09-09 00:00:00+08:00,16.299999237060547,16.299999237060547,15.300000190734863,15.300000190734863,148000,0.0,0.0
2008-09-10 00:00:00+08:00,14.300000190734863,15.550000190734863,14.300000190734863,15.300000190734863,147000,0.0,0.0
2008-09-11 00:00:00+08:00,15.350000381469727,15.350000381469727,14.5,14.850000381469727,89000,0.0,0.0
2008-09-12 00:00:00+08:00,14.5,15.25,13.899999618530273,14.550000190734863,199000,0.0,0.0
2008-09-15 00:00:00+08:00,14.0,14.399999618530273,13.550000190734863,13.550000190734863,80000,0.0,0.0
2008-09-16 00:00:00+08:00,12.649999618530273,12.649999618530273,12.649999618530273,12.649999618530273,14000,0.0,0.0
2008-09-17 00:00:00+08:00,11.800000190734863,12.199999809265137,11.800000190734863,11.800000190734863,1177000,0.0,0.0
2008-09-18 00:00:00+08:00,11.0,11.0,11.0,11.0,6000,0.0,0.0
2008-09-19 00:00:00+08:00,10.25,11.0,10.25,10.649999618530273,1129000,0.0,0.0
2008-09-22 00:00:00+08:00,10.649999618530273,10.800000190734863,10.050000190734863,10.800000190734863,554000,0.0,0.0
2008-09-23 00:00:00+08:00,10.5,11.550000190734863,10.5,11.550000190734863,644000,0.0,0.0
2008-09-24 00:00:00+08:00,11.899999618530273,12.350000381469727,11.350000381469727,12.350000381469727,561000,0.0,0.0
2008-09-25 00:00:00+08:00,12.050000190734863,12.25,11.800000190734863,11.899999618530273,326000,0.0,0.0
2008-09-26 00:00:00+08:00,11.600000381469727,11.949999809265137,11.100000381469727,11.100000381469727,145000,0.0,0.0
2008-09-29 00:00:00+08:00,11.100000381469727,11.100000381469727,11.100000381469727,11.100000381469727,0,0.0,0.0
2008-09-30 00:00:00+08:00,10.350000381469727,10.350000381469727,10.350000381469727,10.350000381469727,66000,0.0,0.0
2008-10-01 00:00:00+08:00,10.350000381469727,11.050000190734863,10.350000381469727,10.699999809265137,132000,0.0,0.0
2008-10-02 00:00:00+08:00,10.350000381469727,10.899999618530273,10.350000381469727,10.649999618530273,93000,0.0,0.0
2008-10-03 00:00:00+08:00,10.25,11.350000381469727,10.0,11.350000381469727,167000,0.0,0.0
2008-10-06 00:00:00+08:00,12.100000381469727,12.100000381469727,11.399999618530273,11.399999618530273,226000,0.0,0.0
2008-10-07 00:00:00+08:00,10.699999809265137,11.649999618530273,10.699999809265137,11.100000381469727,193000,0.0,0.0
2008-10-08 00:00:00+08:00,10.699999809265137,11.350000381469727,10.699999809265137,11.0,274000,0.0,0.0
2008-10-09 00:00:00+08:00,10.850000381469727,11.350000381469727,10.399999618530273,10.699999809265137,349000,0.0,0.0
2008-10-13 00:00:00+08:00,10.350000381469727,10.350000381469727,10.350000381469727,10.350000381469727,11000,0.0,0.0
2008-10-14 00:00:00+08:00,10.300000190734863,11.050000190734863,10.300000190734863,11.050000190734863,742000,0.0,0.0
2008-10-15 00:00:00+08:00,10.699999809265137,11.0,10.699999809265137,10.800000190734863,123000,0.0,0.0
2008-10-16 00:00:00+08:00,10.449999809265137,10.850000381469727,10.449999809265137,10.850000381469727,205000,0.0,0.0
2008-10-17 00:00:00+08:00,10.5,10.800000190734863,10.5,10.550000190734863,138000,0.0,0.0
2008-10-20 00:00:00+08:00,10.550000190734863,10.550000190734863,10.199999809265137,10.449999809265137,75000,0.0,0.0
2008-10-21 00:00:00+08:00,10.75,10.850000381469727,10.5,10.850000381469727,138000,0.0,0.0
2008-10-22 00:00:00+08:00,10.850000381469727,10.850000381469727,10.5,10.850000381469727,124000,0.0,0.0
2008-10-23 00:00:00+08:00,10.5,10.75,10.5,10.5,147000,0.0,0.0
2008-10-24 00:00:00+08:00,10.199999809265137,10.449999809265137,10.149999618530273,10.149999618530273,180000,0.0,0.0
2008-10-27 00:00:00+08:00,10.0,10.600000381469727,9.449999809265137,10.0,212000,0.0,0.0
2008-10-28 00:00:00+08:00,9.3100004196167,10.699999809265137,9.300000190734863,10.699999809265137,370000,0.0,0.0
2008-10-29 00:00:00+08:00,11.300000190734863,11.300000190734863,10.600000381469727,10.850000381469727,170000,0.0,0.0
2008-10-30 00:00:00+08:00,11.25,11.600000381469727,10.75,11.600000381469727,378000,0.0,0.0
2008-10-31 00:00:00+08:00,11.899999618530273,12.149999618530273,11.600000381469727,12.149999618530273,225000,0.0,0.0
2008-11-03 00:00:00+08:00,11.75,12.5,11.699999809265137,12.300000190734863,130000,0.0,0.0
2008-11-04 00:00:00+08:00,12.300000190734863,12.399999618530273,11.850000381469727,12.300000190734863,72000,0.0,0.0
2008-11-05 00:00:00+08:00,12.5,12.5,11.949999809265137,12.100000381469727,66000,0.0,0.0
2008-11-06 00:00:00+08:00,11.699999809265137,11.949999809265137,11.399999618530273,11.5,79000,0.0,0.0
2008-11-07 00:00:00+08:00,10.699999809265137,12.0,10.699999809265137,12.0,213000,0.0,0.0
2008-11-10 00:00:00+08:00,11.600000381469727,12.100000381469727,11.600000381469727,12.0,134000,0.0,0.0
2008-11-11 00:00:00+08:00,11.600000381469727,11.850000381469727,11.550000190734863,11.699999809265137,71000,0.0,0.0
2008-11-12 00:00:00+08:00,11.850000381469727,11.850000381469727,11.350000381469727,11.649999618530273,33000,0.0,0.0
2008-11-13 00:00:00+08:00,11.5,11.5,10.850000381469727,10.850000381469727,59000,0.0,0.0
2008-11-14 00:00:00+08:00,11.050000190734863,11.100000381469727,10.5,11.0,67000,0.0,0.0
2008-11-17 00:00:00+08:00,11.0,11.0,10.25,10.350000381469727,61000,0.0,0.0
2008-11-18 00:00:00+08:00,9.630000114440918,9.8100004196167,9.630000114440918,9.630000114440918,684000,0.0,0.0
2008-11-19 00:00:00+08:00,9.899999618530273,9.899999618530273,9.210000038146973,9.630000114440918,79000,0.0,0.0
2008-11-20 00:00:00+08:00,9.010000228881836,9.390000343322754,8.960000038146973,8.960000038146973,100000,0.0,0.0
2008-11-21 00:00:00+08:00,8.34000015258789,9.489999771118164,8.34000015258789,9.489999771118164,255000,0.0,0.0
2008-11-24 00:00:00+08:00,9.489999771118164,9.960000038146973,9.489999771118164,9.550000190734863,86000,0.0,0.0
2008-11-25 00:00:00+08:00,9.819999694824219,10.0,9.819999694824219,9.899999618530273,106000,0.0,0.0
2008-11-26 00:00:00+08:00,9.75,9.989999771118164,9.75,9.949999809265137,41000,0.0,0.0
2008-11-27 00:00:00+08:00,9.960000038146973,10.300000190734863,9.960000038146973,10.0,128000,0.0,0.0
2008-11-28 00:00:00+08:00,10.25,10.25,9.899999618530273,9.9399995803833,77000,0.0,0.0
2008-12-01 00:00:00+08:00,9.9399995803833,10.050000190734863,9.850000381469727,9.970000267028809,78000,0.0,0.0
2008-12-02 00:00:00+08:00,9.699999809265137,9.789999961853027,9.40999984741211,9.5600004196167,40000,0.0,0.0
2008-12-03 00:00:00+08:00,9.680000305175781,9.680000305175781,9.119999885559082,9.5,132000,0.0,0.0
2008-12-04 00:00:00+08:00,9.5,9.600000381469727,9.149999618530273,9.279999732971191,48000,0.0,0.0
2008-12-05 00:00:00+08:00,9.479999542236328,9.479999542236328,8.640000343322754,9.029999732971191,85000,0.0,0.0
2008-12-08 00:00:00+08:00,8.979999542236328,9.09000015258789,8.529999732971191,9.020000457763672,88000,0.0,0.0
2008-12-09 00:00:00+08:00,9.020000457763672,9.0600004196167,8.640000343322754,9.010000228881836,151000,0.0,0.0
2008-12-10 00:00:00+08:00,9.0,9.640000343322754,9.0,9.630000114440918,952000,0.0,0.0
2008-12-11 00:00:00+08:00,9.630000114440918,10.300000190734863,9.600000381469727,9.819999694824219,635000,0.0,0.0
2008-12-12 00:00:00+08:00,9.800000190734863,10.100000381469727,9.600000381469727,10.0,261000,0.0,0.0
2008-12-15 00:00:00+08:00,10.25,10.25,9.800000190734863,10.0,468000,0.0,0.0
2008-12-16 00:00:00+08:00,10.0,10.050000190734863,9.920000076293945,9.989999771118164,79000,0.0,0.0
2008-12-17 00:00:00+08:00,10.149999618530273,10.25,9.800000190734863,9.989999771118164,113000,0.0,0.0
2008-12-18 00:00:00+08:00,10.0,10.0,9.8100004196167,9.920000076293945,321000,0.0,0.0
2008-12-19 00:00:00+08:00,9.989999771118164,9.989999771118164,9.760000228881836,9.890000343322754,38000,0.0,0.0
2008-12-22 00:00:00+08:00,9.899999618530273,9.989999771118164,9.699999809265137,9.890000343322754,59000,0.0,0.0
2008-12-23 00:00:00+08:00,9.699999809265137,9.800000190734863,9.210000038146973,9.779999732971191,120000,0.0,0.0
2008-12-24 00:00:00+08:00,9.989999771118164,9.989999771118164,9.550000190734863,9.770000457763672,38000,0.0,0.0
2008-12-25 00:00:00+08:00,9.989999771118164,9.989999771118164,9.329999923706055,9.569999694824219,54000,0.0,0.0
2008-12-26 00:00:00+08:00,9.550000190734863,9.760000228881836,9.550000190734863,9.640000343322754,37000,0.0,0.0
2008-12-29 00:00:00+08:00,9.949999809265137,10.300000190734863,9.949999809265137,10.0,111000,0.0,0.0
2008-12-30 00:00:00+08:00,10.0,10.0,9.930000305175781,9.970000267028809,169000,0.0,0.0
2008-12-31 00:00:00+08:00,10.100000381469727,10.100000381469727,9.899999618530273,9.899999618530273,106000,0.0,0.0
2009-01-02 00:00:00+08:00,9.899999618530273,9.899999618530273,9.899999618530273,9.899999618530273,0,0.0,0.0
2009-01-05 00:00:00+08:00,9.989999771118164,9.989999771118164,9.699999809265137,9.949999809265137,78000,0.0,0.0
2009-01-06 00:00:00+08:00,9.949999809265137,10.149999618530273,9.819999694824219,9.949999809265137,514000,0.0,0.0
2009-01-07 00:00:00+08:00,9.949999809265137,10.600000381469727,9.949999809265137,10.300000190734863,793000,0.0,0.0
2009-01-08 00:00:00+08:00,9.600000381469727,10.149999618530273,9.600000381469727,9.859999656677246,324000,0.0,0.0
2009-01-09 00:00:00+08:00,9.859999656677246,9.989999771118164,9.859999656677246,9.859999656677246,24000,0.0,0.0
2009-01-12 00:00:00+08:00,10.050000190734863,10.050000190734863,9.850000381469727,9.880000114440918,22000,0.0,0.0
2009-01-13 00:00:00+08:00,9.699999809265137,9.960000038146973,9.630000114440918,9.890000343322754,42000,0.0,0.0
2009-01-14 00:00:00+08:00,9.899999618530273,10.100000381469727,9.84000015258789,9.84000015258789,72000,0.0,0.0
2009-01-15 00:00:00+08:00,9.989999771118164,9.989999771118164,9.3100004196167,9.569999694824219,38000,0.0,0.0
2009-01-16 00:00:00+08:00,9.75,9.0,8.90999984741211,9.0,94000,0.0,0.0
2009-01-19 00:00:00+08:00,8.899999618530273,9.100000381469727,8.59000015258789,9.100000381469727,20000,0.0,0.0
2009-01-20 00:00:00+08:00,9.010000228881836,9.699999809265137,9.010000228881836,9.699999809265137,453000,0.0,0.0
2009-01-21 00:00:00+08:00,9.640000343322754,9.699999809265137,9.050000190734863,9.670000076293945,343000,0.0,0.0
2009-02-02 00:00:00+08:00,9.670000076293945,9.979999542236328,9.40999984741211,9.979999542236328,69000,0.0,0.0
2009-02-03 00:00:00+08:00,9.979999542236328,10.100000381469727,9.819999694824219,9.970000267028809,80000,0.0,0.0
2009-02-04 00:00:00+08:00,10.100000381469727,10.100000381469727,9.609999656677246,9.890000343322754,337000,0.0,0.0
2009-02-05 00:00:00+08:00,9.970000267028809,9.970000267028809,9.670000076293945,9.930000305175781,153000,0.0,0.0
2009-02-06 00:00:00+08:00,9.930000305175781,9.930000305175781,9.399999618530273,9.779999732971191,95000,0.0,0.0
2009-02-09 00:00:00+08:00,9.800000190734863,9.800000190734863,9.75,9.75,45000,0.0,0.0
2009-02-10 00:00:00+08:00,9.75,9.890000343322754,9.75,9.779999732971191,28000,0.0,0.0
2009-02-11 00:00:00+08:00,9.779999732971191,9.800000190734863,9.779999732971191,9.800000190734863,15000,0.0,0.0
2009-02-12 00:00:00+08:00,9.970000267028809,9.989999771118164,9.75,9.75,45000,0.0,0.0
2009-02-13 00:00:00+08:00,9.449999809265137,9.800000190734863,9.449999809265137,9.729999542236328,88000,0.0,0.0
2009-02-16 00:00:00+08:00,9.739999771118164,10.0,9.739999771118164,9.800000190734863,97000,0.0,0.0
2009-02-17 00:00:00+08:00,9.800000190734863,9.800000190734863,9.649999618530273,9.779999732971191,19000,0.0,0.0
2009-02-18 00:00:00+08:00,9.640000343322754,9.770000457763672,9.600000381469727,9.770000457763672,9000,0.0,0.0
2009-02-19 00:00:00+08:00,9.640000343322754,9.829999923706055,9.619999885559082,9.739999771118164,105000,0.0,0.0
2009-02-20 00:00:00+08:00,9.850000381469727,9.899999618530273,9.619999885559082,9.819999694824219,148000,0.0,0.0
2009-02-23 00:00:00+08:00,9.84000015258789,10.0,9.600000381469727,9.760000228881836,26000,0.0,0.0
2009-02-24 00:00:00+08:00,9.600000381469727,9.600000381469727,9.34000015258789,9.59000015258789,41000,0.0,0.0
2009-02-25 00:00:00+08:00,9.729999542236328,9.899999618530273,9.510000228881836,9.729999542236328,112000,0.0,0.0
2009-02-26 00:00:00+08:00,9.510000228881836,9.699999809265137,9.510000228881836,9.6899995803833,48000,0.0,0.0
2009-02-27 00:00:00+08:00,9.699999809265137,9.789999961853027,9.510000228881836,9.789999961853027,23000,0.0,0.0
2009-03-02 00:00:00+08:00,9.800000190734863,10.0,9.800000190734863,9.989999771118164,166000,0.0,0.0
2009-03-03 00:00:00+08:00,9.899999618530273,9.899999618530273,9.5,9.510000228881836,113000,0.0,0.0
2009-03-04 00:00:00+08:00,9.789999961853027,10.149999618530273,9.600000381469727,9.920000076293945,275000,0.0,0.0
2009-03-05 00:00:00+08:00,9.9399995803833,10.050000190734863,9.800000190734863,10.0,224000,0.0,0.0
2009-03-06 00:00:00+08:00,9.800000190734863,10.699999809265137,9.800000190734863,10.699999809265137,620000,0.0,0.0
2009-03-09 00:00:00+08:00,11.100000381469727,11.350000381469727,10.899999618530273,11.0,723000,0.0,0.0
2009-03-10 00:00:00+08:00,11.0,11.25,10.699999809265137,10.899999618530273,272000,0.0,0.0
2009-03-11 00:00:00+08:00,11.300000190734863,11.600000381469727,10.800000190734863,10.800000190734863,274000,0.0,0.0
2009-03-12 00:00:00+08:00,11.0,11.300000190734863,10.699999809265137,11.149999618530273,321000,0.0,0.0
2009-03-13 00:00:00+08:00,11.300000190734863,11.449999809265137,11.0,11.25,252000,0.0,0.0
2009-03-16 00:00:00+08:00,11.25,11.350000381469727,10.800000190734863,10.850000381469727,254000,0.0,0.0
2009-03-17 00:00:00+08:00,10.899999618530273,11.199999809265137,10.699999809265137,10.899999618530273,198000,0.0,0.0
2009-03-18 00:00:00+08:00,11.050000190734863,11.199999809265137,10.949999809265137,11.0,278000,0.0,0.0
2009-03-19 00:00:00+08:00,11.050000190734863,11.75,11.050000190734863,11.75,462000,0.0,0.0
2009-03-20 00:00:00+08:00,12.300000190734863,12.399999618530273,11.100000381469727,11.300000190734863,835000,0.0,0.0
2009-03-23 00:00:00+08:00,11.399999618530273,11.5,11.100000381469727,11.399999618530273,301000,0.0,0.0
2009-03-24 00:00:00+08:00,11.5,12.0,11.300000190734863,11.550000190734863,653000,0.0,0.0
2009-03-25 00:00:00+08:00,11.600000381469727,12.149999618530273,11.600000381469727,11.899999618530273,439000,0.0,0.0
2009-03-26 00:00:00+08:00,12.149999618530273,12.5,11.800000190734863,12.300000190734863,694000,0.0,0.0
2009-03-27 00:00:00+08:00,12.300000190734863,12.600000381469727,11.850000381469727,12.0,355000,0.0,0.0
2009-03-30 00:00:00+08:00,12.0,12.0,11.199999809265137,11.199999809265137,275000,0.0,0.0
2009-03-31 00:00:00+08:00,11.199999809265137,11.300000190734863,11.0,11.199999809265137,116000,0.0,0.0
2009-04-02 00:00:00+08:00,11.5,11.699999809265137,11.350000381469727,11.399999618530273,261000,0.0,0.0
2009-04-03 00:00:00+08:00,11.699999809265137,11.699999809265137,11.399999618530273,11.550000190734863,162000,0.0,0.0
2009-04-06 00:00:00+08:00,11.600000381469727,11.949999809265137,11.5,11.899999618530273,451000,0.0,0.0
2009-04-07 00:00:00+08:00,11.899999618530273,12.0,11.699999809265137,11.850000381469727,189000,0.0,0.0
2009-04-08 00:00:00+08:00,11.649999618530273,11.800000190734863,11.5,11.75,235000,0.0,0.0
2009-04-09 00:00:00+08:00,11.800000190734863,12.199999809265137,11.800000190734863,12.0,788000,0.0,0.0
2009-04-10 00:00:00+08:00,12.300000190734863,12.300000190734863,11.850000381469727,12.199999809265137,404000,0.0,0.0
2009-04-13 00:00:00+08:00,12.25,12.350000381469727,11.949999809265137,12.0,474000,0.0,0.0
2009-04-14 00:00:00+08:00,12.0,12.5,12.0,12.25,787000,0.0,0.0
2009-04-15 00:00:00+08:00,12.25,12.600000381469727,12.100000381469727,12.199999809265137,561000,0.0,0.0
2009-04-16 00:00:00+08:00,12.25,12.649999618530273,12.25,12.399999618530273,510000,0.0,0.0
2009-04-17 00:00:00+08:00,12.699999809265137,13.25,12.0,12.300000190734863,1744000,0.0,0.0
2009-04-20 00:00:00+08:00,12.0,12.850000381469727,11.850000381469727,12.5,747000,0.0,0.0
2009-04-21 00:00:00+08:00,12.300000190734863,12.800000190734863,12.25,12.600000381469727,446000,0.0,0.0
2009-04-22 00:00:00+08:00,12.899999618530273,13.149999618530273,12.600000381469727,12.850000381469727,642000,0.0,0.0
2009-04-23 00:00:00+08:00,12.699999809265137,13.399999618530273,12.5,13.050000190734863,1124000,0.0,0.0
2009-04-24 00:00:00+08:00,13.149999618530273,13.399999618530273,12.649999618530273,12.75,773000,0.0,0.0
2009-04-27 00:00:00+08:00,12.800000190734863,12.949999809265137,11.899999618530273,11.899999618530273,695000,0.0,0.0
2009-04-28 00:00:00+08:00,11.899999618530273,12.600000381469727,11.899999618530273,12.600000381469727,838000,0.0,0.0
2009-04-29 00:00:00+08:00,12.5,12.600000381469727,12.199999809265137,12.399999618530273,408000,0.0,0.0
2009-04-30 00:00:00+08:00,12.5,13.25,12.5,13.25,1250000,0.0,0.0
2009-05-04 00:00:00+08:00,13.25,14.149999618530273,12.899999618530273,14.149999618530273,1402000,0.0,0.0
2009-05-05 00:00:00+08:00,14.350000381469727,14.350000381469727,13.25,14.0,1503000,0.0,0.0
2009-05-06 00:00:00+08:00,13.850000381469727,14.300000190734863,13.5,13.899999618530273,375000,0.0,0.0
2009-05-07 00:00:00+08:00,14.0,14.149999618530273,13.699999809265137,13.899999618530273,331000,0.0,0.0
2009-05-08 00:00:00+08:00,14.0,14.100000381469727,13.949999809265137,14.100000381469727,222000,0.0,0.0
2009-05-11 00:00:00+08:00,14.100000381469727,14.300000190734863,13.850000381469727,13.899999618530273,303000,0.0,0.0
2009-05-12 00:00:00+08:00,13.550000190734863,13.899999618530273,13.149999618530273,13.25,530000,0.0,0.0
2009-05-13 00:00:00+08:00,13.300000190734863,13.649999618530273,13.300000190734863,13.449999809265137,113000,0.0,0.0
2009-05-14 00:00:00+08:00,13.350000381469727,13.399999618530273,13.0,13.25,204000,0.0,0.0
2009-05-15 00:00:00+08:00,13.25,13.550000190734863,13.050000190734863,13.100000381469727,256000,0.0,0.0
2009-05-18 00:00:00+08:00,13.100000381469727,13.25,12.899999618530273,12.899999618530273,106000,0.0,0.0
2009-05-19 00:00:00+08:00,13.100000381469727,13.800000190734863,13.100000381469727,13.149999618530273,221000,0.0,0.0
2009-05-20 00:00:00+08:00,12.899999618530273,13.5,12.899999618530273,13.100000381469727,205000,0.0,0.0
2009-05-21 00:00:00+08:00,12.800000190734863,13.199999809265137,12.800000190734863,13.0,252000,0.0,0.0
2009-05-22 00:00:00+08:00,13.0,13.25,12.949999809265137,13.199999809265137,162000,0.0,0.0
2009-05-25 00:00:00+08:00,13.300000190734863,13.5,13.149999618530273,13.149999618530273,278000,0.0,0.0
2009-05-26 00:00:00+08:00,13.100000381469727,13.25,12.75,12.75,210000,0.0,0.0
2009-05-27 00:00:00+08:00,12.800000190734863,13.0,12.800000190734863,12.850000381469727,221000,0.0,0.0
2009-06-01 00:00:00+08:00,12.949999809265137,13.0,12.600000381469727,12.949999809265137,261000,0.0,0.0
2009-06-02 00:00:00+08:00,13.0,13.0,12.5,12.5,146000,0.0,0.0
2009-06-03 00:00:00+08:00,12.100000381469727,12.449999809265137,12.100000381469727,12.25,97000,0.0,0.0
2009-06-04 00:00:00+08:00,12.25,12.25,11.899999618530273,11.949999809265137,158000,0.0,0.0
2009-06-05 00:00:00+08:00,12.0,12.25,11.899999618530273,12.050000190734863,269000,0.0,0.0
2009-06-08 00:00:00+08:00,13.100000381469727,13.600000381469727,13.0,13.0,713000,0.0,0.0
2009-06-09 00:00:00+08:00,13.0,13.0,12.25,12.350000381469727,127000,0.0,0.0
2009-06-10 00:00:00+08:00,12.350000381469727,12.449999809265137,11.699999809265137,12.100000381469727,136000,0.0,0.0
2009-06-11 00:00:00+08:00,12.100000381469727,12.25,11.899999618530273,12.199999809265137,124000,0.0,0.0
2009-06-12 00:00:00+08:00,12.0,12.199999809265137,11.800000190734863,11.800000190734863,161000,0.0,0.0
2009-06-15 00:00:00+08:00,11.800000190734863,11.949999809265137,11.0,11.300000190734863,104000,0.0,0.0
2009-06-16 00:00:00+08:00,11.100000381469727,11.100000381469727,10.649999618530273,11.0,101000,0.0,0.0
2009-06-17 00:00:00+08:00,10.75,11.25,10.699999809265137,10.699999809265137,110000,0.0,0.0
2009-06-18 00:00:00+08:00,10.800000190734863,10.899999618530273,10.300000190734863,10.600000381469727,111000,0.0,0.0
2009-06-19 00:00:00+08:00,9.949999809265137,10.600000381469727,9.949999809265137,10.550000190734863,91000,0.0,0.0
2009-06-22 00:00:00+08:00,10.550000190734863,10.800000190734863,10.199999809265137,10.5,63000,0.0,0.0
2009-06-23 00:00:00+08:00,10.25,10.550000190734863,10.25,10.5,89000,0.0,0.0
2009-06-24 00:00:00+08:00,10.300000190734863,10.75,10.300000190734863,10.600000381469727,39000,0.0,0.0
2009-06-25 00:00:00+08:00,10.699999809265137,10.899999618530273,10.600000381469727,10.75,67000,0.0,0.0
2009-06-26 00:00:00+08:00,10.75,10.899999618530273,10.550000190734863,10.75,33000,0.0,0.0
2009-06-29 00:00:00+08:00,10.600000381469727,10.600000381469727,10.399999618530273,10.600000381469727,25000,0.0,0.0
2009-06-30 00:00:00+08:00,10.649999618530273,10.899999618530273,10.600000381469727,10.800000190734863,43000,0.0,0.0
2009-07-01 00:00:00+08:00,10.899999618530273,11.149999618530273,10.800000190734863,10.949999809265137,87000,0.0,0.0
2009-07-02 00:00:00+08:00,10.949999809265137,11.25,10.800000190734863,11.050000190734863,99000,0.0,0.0
2009-07-03 00:00:00+08:00,11.0,11.149999618530273,10.949999809265137,11.050000190734863,66000,0.0,0.0
2009-07-06 00:00:00+08:00,10.800000190734863,11.050000190734863,10.800000190734863,11.050000190734863,32000,0.0,0.0
2009-07-07 00:00:00+08:00,11.0,11.5,10.699999809265137,11.25,460000,0.0,0.0
2009-07-08 00:00:00+08:00,11.199999809265137,11.449999809265137,11.199999809265137,11.300000190734863,167000,0.0,0.0
2009-07-09 00:00:00+08:00,11.199999809265137,11.600000381469727,11.199999809265137,11.600000381469727,246000,0.0,0.0
2009-07-10 00:00:00+08:00,11.600000381469727,12.149999618530273,11.600000381469727,12.0,310000,0.0,0.0
2009-07-13 00:00:00+08:00,12.0,12.050000190734863,11.449999809265137,11.800000190734863,202000,0.0,0.0
2009-07-14 00:00:00+08:00,11.550000190734863,11.850000381469727,11.550000190734863,11.699999809265137,132000,0.0,0.0
2009-07-15 00:00:00+08:00,11.699999809265137,12.25,11.699999809265137,11.899999618530273,172000,0.0,0.0
2009-07-16 00:00:00+08:00,11.949999809265137,12.350000381469727,11.949999809265137,12.149999618530273,320000,0.0,0.0
2009-07-17 00:00:00+08:00,12.149999618530273,12.550000190734863,12.149999618530273,12.300000190734863,221000,0.0,0.0
2009-07-20 00:00:00+08:00,12.550000190734863,12.949999809265137,12.399999618530273,12.850000381469727,544000,0.0,0.0
2009-07-21 00:00:00+08:00,12.850000381469727,13.399999618530273,12.850000381469727,13.399999618530273,753000,0.0,0.0
2009-07-22 00:00:00+08:00,13.399999618530273,13.600000381469727,13.050000190734863,13.5,590000,0.0,0.0
2009-07-23 00:00:00+08:00,14.399999618530273,14.399999618530273,14.300000190734863,14.300000190734863,2676000,0.0,0.0
2009-07-24 00:00:00+08:00,14.0,15.0,13.600000381469727,14.899999618530273,2176000,0.0,0.0
2009-07-27 00:00:00+08:00,15.050000190734863,15.699999809265137,14.350000381469727,15.5,992000,0.0,0.0
2009-07-28 00:00:00+08:00,15.5,16.450000762939453,15.100000381469727,16.399999618530273,1253000,0.0,0.0
2009-07-29 00:00:00+08:00,16.399999618530273,17.100000381469727,16.399999618530273,17.0,1211000,0.0,0.0
2009-07-30 00:00:00+08:00,17.0,17.5,16.700000762939453,17.200000762939453,734000,0.0,0.0
2009-07-31 00:00:00+08:00,17.350000381469727,17.5,17.0,17.200000762939453,463000,0.0,0.0
2009-08-03 00:00:00+08:00,17.200000762939453,17.350000381469727,16.75,16.75,460000,0.0,0.0
2009-08-04 00:00:00+08:00,17.0,17.299999237060547,15.600000381469727,16.899999618530273,734000,0.0,0.0
2009-08-05 00:00:00+08:00,16.100000381469727,16.799999237060547,15.899999618530273,15.899999618530273,350000,0.0,0.0
2009-08-06 00:00:00+08:00,15.0,16.299999237060547,15.0,16.299999237060547,237000,0.0,0.0
2009-08-10 00:00:00+08:00,15.5,16.799999237060547,15.5,16.049999237060547,74000,0.0,0.0
2009-08-11 00:00:00+08:00,16.049999237060547,16.399999618530273,15.949999809265137,16.299999237060547,126000,0.0,0.0
2009-08-12 00:00:00+08:00,16.25,16.549999237060547,16.049999237060547,16.5,203000,0.0,0.0
2009-08-13 00:00:00+08:00,16.600000381469727,16.700000762939453,16.350000381469727,16.649999618530273,139000,0.0,0.0
2009-08-14 00:00:00+08:00,16.649999618530273,17.0,16.350000381469727,16.450000762939453,77000,0.0,0.0
2009-08-17 00:00:00+08:00,16.5,17.0,16.350000381469727,16.5,136000,0.0,0.0
2009-08-18 00:00:00+08:00,16.0,16.149999618530273,15.649999618530273,15.649999618530273,105000,0.0,0.0
2009-08-19 00:00:00+08:00,15.649999618530273,16.399999618530273,15.649999618530273,15.850000381469727,104000,0.0,0.0
2009-08-20 00:00:00+08:00,15.600000381469727,16.200000762939453,15.5,15.649999618530273,97000,0.0,0.0
2009-08-21 00:00:00+08:00,15.649999618530273,15.800000190734863,15.100000381469727,15.350000381469727,56000,0.0,0.0
2009-08-24 00:00:00+08:00,15.899999618530273,15.899999618530273,15.350000381469727,15.600000381469727,141000,0.0,0.0
2009-08-25 00:00:00+08:00,15.600000381469727,16.0,15.5,15.5,90000,0.0,0.0
2009-08-26 00:00:00+08:00,15.5,15.5,14.899999618530273,15.0,97000,0.0,0.0
2009-08-27 00:00:00+08:00,14.800000190734863,15.75,14.800000190734863,15.100000381469727,475000,0.0,0.0
2009-08-28 00:00:00+08:00,15.0,15.100000381469727,15.0,15.100000381469727,66000,0.0,0.0
2009-08-31 00:00:00+08:00,15.100000381469727,15.300000190734863,14.949999809265137,15.100000381469727,134000,0.0,0.0
2009-09-01 00:00:00+08:00,15.100000381469727,16.100000381469727,15.100000381469727,16.0,130000,0.0,0.0
2009-09-02 00:00:00+08:00,15.850000381469727,16.399999618530273,15.800000190734863,15.800000190734863,114000,0.0,0.0
2009-09-03 00:00:00+08:00,15.800000190734863,16.0,15.600000381469727,15.949999809265137,105000,0.0,0.0
2009-09-04 00:00:00+08:00,15.949999809265137,16.799999237060547,15.949999809265137,16.5,468000,0.0,0.0
2009-09-07 00:00:00+08:00,16.600000381469727,17.200000762939453,16.600000381469727,17.200000762939453,293000,0.0,0.0
2009-09-08 00:00:00+08:00,17.200000762939453,17.299999237060547,17.0,17.0,309000,0.0,0.0
2009-09-09 00:00:00+08:00,17.0,17.200000762939453,16.5,17.200000762939453,238000,0.0,0.0
2009-09-10 00:00:00+08:00,17.200000762939453,17.200000762939453,16.799999237060547,17.0,105000,0.0,0.0
2009-09-11 00:00:00+08:00,17.0,17.799999237060547,16.899999618530273,17.75,325000,0.0,0.0
2009-09-14 00:00:00+08:00,17.700000762939453,18.950000762939453,17.700000762939453,18.950000762939453,921000,0.0,0.0
2009-09-15 00:00:00+08:00,20.0,20.0,19.200000762939453,19.899999618530273,509000,0.0,0.0
2009-09-16 00:00:00+08:00,19.899999618530273,20.299999237060547,19.5,19.700000762939453,144000,0.0,0.0
2009-09-17 00:00:00+08:00,19.700000762939453,21.049999237060547,19.700000762939453,21.049999237060547,743000,0.0,0.0
2009-09-18 00:00:00+08:00,21.049999237060547,22.5,21.0,22.5,1244000,0.0,0.0
2009-09-21 00:00:00+08:00,23.799999237060547,23.799999237060547,23.0,23.5,831000,0.0,0.0
2009-09-22 00:00:00+08:00,23.5,23.5,22.799999237060547,23.350000381469727,427000,0.0,0.0
2009-09-23 00:00:00+08:00,23.5,23.600000381469727,23.049999237060547,23.5,549000,0.0,0.0
2009-09-24 00:00:00+08:00,23.5,25.100000381469727,23.0,25.100000381469727,1300000,0.0,0.0
2009-09-25 00:00:00+08:00,24.850000381469727,26.0,24.850000381469727,25.799999237060547,1125000,0.0,0.0
2009-09-28 00:00:00+08:00,25.5,25.700000762939453,24.100000381469727,24.600000381469727,616000,0.0,0.0
2009-09-29 00:00:00+08:00,24.5,25.200000762939453,24.100000381469727,24.399999618530273,584000,0.0,0.0
2009-09-30 00:00:00+08:00,24.399999618530273,25.100000381469727,24.399999618530273,25.0,641000,0.0,0.0
2009-10-01 00:00:00+08:00,24.700000762939453,25.149999618530273,24.700000762939453,25.0,297000,0.0,0.0
2009-10-02 00:00:00+08:00,24.549999237060547,26.399999618530273,24.549999237060547,25.799999237060547,979000,0.0,0.0
2009-10-05 00:00:00+08:00,25.799999237060547,26.100000381469727,25.399999618530273,25.700000762939453,384000,0.0,0.0
2009-10-06 00:00:00+08:00,25.700000762939453,26.100000381469727,25.649999618530273,25.850000381469727,449000,0.0,0.0
2009-10-07 00:00:00+08:00,25.850000381469727,26.5,25.399999618530273,25.75,650000,0.0,0.0
2009-10-08 00:00:00+08:00,25.5,25.799999237060547,25.5,25.600000381469727,261000,0.0,0.0
2009-10-09 00:00:00+08:00,25.600000381469727,26.0,25.450000762939453,25.799999237060547,437000,0.0,0.0
2009-10-12 00:00:00+08:00,25.799999237060547,26.200000762939453,25.75,25.75,241000,0.0,0.0
2009-10-13 00:00:00+08:00,25.600000381469727,25.899999618530273,25.350000381469727,25.799999237060547,194000,0.0,0.0
2009-10-14 00:00:00+08:00,25.950000762939453,26.799999237060547,25.950000762939453,26.299999237060547,589000,0.0,0.0
2009-10-15 00:00:00+08:00,26.350000381469727,26.450000762939453,25.799999237060547,26.399999618530273,459000,0.0,0.0
2009-10-16 00:00:00+08:00,26.399999618530273,26.5,26.0,26.399999618530273,236000,0.0,0.0
2009-10-19 00:00:00+08:00,26.0,26.600000381469727,26.0,26.299999237060547,257000,0.0,0.0
2009-10-20 00:00:00+08:00,26.200000762939453,28.100000381469727,26.200000762939453,28.100000381469727,872000,0.0,0.0
2009-10-21 00:00:00+08:00,27.600000381469727,28.200000762939453,27.299999237060547,28.0,739000,0.0,0.0
2009-10-22 00:00:00+08:00,27.899999618530273,28.0,27.5,27.950000762939453,243000,0.0,0.0
2009-10-23 00:00:00+08:00,27.950000762939453,29.799999237060547,27.950000762939453,29.5,639000,0.0,0.0
2009-10-26 00:00:00+08:00,29.049999237060547,29.5,29.049999237060547,29.299999237060547,290000,0.0,0.0
2009-10-27 00:00:00+08:00,29.299999237060547,29.450000762939453,29.0,29.25,192000,0.0,0.0
2009-10-28 00:00:00+08:00,28.950000762939453,30.0,28.950000762939453,29.350000381469727,257000,0.0,0.0
2009-10-29 00:00:00+08:00,29.0,30.799999237060547,28.549999237060547,30.700000762939453,973000,0.0,0.0
2009-10-30 00:00:00+08:00,30.700000762939453,32.0,30.299999237060547,31.899999618530273,1392000,0.0,0.0
2009-11-02 00:00:00+08:00,32.5,32.54999923706055,31.0,31.200000762939453,846000,0.0,0.0
2009-11-03 00:00:00+08:00,31.0,31.399999618530273,30.100000381469727,30.100000381469727,519000,0.0,0.0
2009-11-04 00:00:00+08:00,30.100000381469727,30.5,30.100000381469727,30.450000762939453,258000,0.0,0.0
2009-11-05 00:00:00+08:00,30.450000762939453,30.450000762939453,29.399999618530273,29.799999237060547,417000,0.0,0.0
2009-11-06 00:00:00+08:00,29.850000381469727,30.0,29.350000381469727,29.700000762939453,351000,0.0,0.0
2009-11-09 00:00:00+08:00,29.700000762939453,31.450000762939453,29.5,30.600000381469727,422000,0.0,0.0
2009-11-10 00:00:00+08:00,30.850000381469727,30.950000762939453,30.200000762939453,30.549999237060547,128000,0.0,0.0
2009-11-11 00:00:00+08:00,30.600000381469727,30.799999237060547,30.25,30.549999237060547,113000,0.0,0.0
2009-11-12 00:00:00+08:00,30.899999618530273,31.100000381469727,30.399999618530273,30.549999237060547,184000,0.0,0.0
2009-11-13 00:00:00+08:00,31.200000762939453,31.200000762939453,30.5,30.549999237060547,163000,0.0,0.0
2009-11-16 00:00:00+08:00,30.600000381469727,30.899999618530273,30.299999237060547,30.799999237060547,140000,0.0,0.0
2009-11-17 00:00:00+08:00,30.399999618530273,30.600000381469727,30.399999618530273,30.450000762939453,123000,0.0,0.0
2009-11-18 00:00:00+08:00,30.450000762939453,30.899999618530273,30.399999618530273,30.450000762939453,557000,0.0,0.0
2009-11-19 00:00:00+08:00,30.5,30.600000381469727,30.149999618530273,30.450000762939453,172000,0.0,0.0
2009-11-20 00:00:00+08:00,30.299999237060547,30.799999237060547,30.100000381469727,30.399999618530273,493000,0.0,0.0
2009-11-23 00:00:00+08:00,30.5,30.5,30.200000762939453,30.399999618530273,138000,0.0,0.0
2009-11-24 00:00:00+08:00,30.399999618530273,31.0,30.100000381469727,30.799999237060547,797000,0.0,0.0
2009-11-25 00:00:00+08:00,30.950000762939453,30.950000762939453,30.299999237060547,30.600000381469727,183000,0.0,0.0
2009-11-26 00:00:00+08:00,30.600000381469727,30.600000381469727,30.200000762939453,30.299999237060547,145000,0.0,0.0
2009-11-27 00:00:00+08:00,29.899999618530273,30.299999237060547,29.700000762939453,30.200000762939453,230000,0.0,0.0
2009-11-30 00:00:00+08:00,29.5,31.0,29.5,31.0,260000,0.0,0.0
2009-12-01 00:00:00+08:00,31.0,31.0,30.350000381469727,30.350000381469727,113000,0.0,0.0
2009-12-02 00:00:00+08:00,30.350000381469727,31.0,30.25,30.799999237060547,107000,0.0,0.0
2009-12-03 00:00:00+08:00,30.799999237060547,30.799999237060547,30.200000762939453,30.200000762939453,88000,0.0,0.0
2009-12-04 00:00:00+08:00,30.0,30.200000762939453,30.0,30.200000762939453,121000,0.0,0.0
2009-12-07 00:00:00+08:00,30.5,30.5,30.0,30.100000381469727,138000,0.0,0.0
2009-12-08 00:00:00+08:00,30.0,32.099998474121094,30.0,31.399999618530273,638000,0.0,0.0
2009-12-09 00:00:00+08:00,31.25,32.0,31.049999237060547,31.450000762939453,2032000,0.0,0.0
2009-12-10 00:00:00+08:00,32.20000076293945,32.400001525878906,31.100000381469727,31.100000381469727,723000,0.0,0.0
2009-12-11 00:00:00+08:00,30.899999618530273,31.399999618530273,30.899999618530273,31.299999237060547,212000,0.0,0.0
2009-12-14 00:00:00+08:00,31.299999237060547,31.299999237060547,30.799999237060547,31.200000762939453,194000,0.0,0.0
2009-12-15 00:00:00+08:00,31.200000762939453,31.600000381469727,31.049999237060547,31.350000381469727,249000,0.0,0.0
2009-12-16 00:00:00+08:00,31.350000381469727,31.549999237060547,31.299999237060547,31.5,186000,0.0,0.0
2009-12-17 00:00:00+08:00,31.899999618530273,33.20000076293945,31.5,32.54999923706055,2026000,0.0,0.0
2009-12-18 00:00:00+08:00,32.79999923706055,33.5,32.45000076293945,32.79999923706055,536000,0.0,0.0
2009-12-21 00:00:00+08:00,33.099998474121094,33.099998474121094,32.400001525878906,32.70000076293945,336000,0.0,0.0
2009-12-22 00:00:00+08:00,32.900001525878906,32.900001525878906,32.0,32.900001525878906,452000,0.0,0.0
2009-12-23 00:00:00+08:00,33.0,33.349998474121094,32.5,32.75,837000,0.0,0.0
2009-12-24 00:00:00+08:00,32.75,33.099998474121094,32.599998474121094,32.599998474121094,240000,0.0,0.0
2009-12-25 00:00:00+08:00,32.70000076293945,32.95000076293945,32.70000076293945,32.79999923706055,288000,0.0,0.0
2009-12-28 00:00:00+08:00,32.95000076293945,33.70000076293945,32.70000076293945,33.20000076293945,705000,0.0,0.0
2009-12-29 00:00:00+08:00,33.349998474121094,34.0,33.04999923706055,34.0,1004000,0.0,0.0
2009-12-30 00:00:00+08:00,34.5,36.349998474121094,34.5,36.349998474121094,2388000,0.0,0.0
2009-12-31 00:00:00+08:00,36.0,37.0,35.75,37.0,1980000,0.0,0.0
2010-01-04 00:00:00+08:00,37.0,37.099998474121094,35.79999923706055,36.400001525878906,679000,0.0,0.0
2010-01-05 00:00:00+08:00,36.70000076293945,36.70000076293945,35.599998474121094,35.650001525878906,510000,0.0,0.0
2010-01-06 00:00:00+08:00,35.650001525878906,35.70000076293945,35.20000076293945,35.20000076293945,432000,0.0,0.0
2010-01-07 00:00:00+08:00,35.0,35.20000076293945,33.79999923706055,34.79999923706055,917000,0.0,0.0
2010-01-08 00:00:00+08:00,34.599998474121094,34.75,34.150001525878906,34.70000076293945,262000,0.0,0.0
2010-01-11 00:00:00+08:00,34.29999923706055,35.70000076293945,34.29999923706055,35.150001525878906,257000,0.0,0.0
2010-01-12 00:00:00+08:00,35.599998474121094,35.599998474121094,35.150001525878906,35.150001525878906,87000,0.0,0.0
2010-01-13 00:00:00+08:00,35.099998474121094,35.900001525878906,34.849998474121094,35.0,400000,0.0,0.0
2010-01-14 00:00:00+08:00,35.0,35.599998474121094,35.0,35.0,158000,0.0,0.0
2010-01-15 00:00:00+08:00,35.0,35.5,35.0,35.25,236000,0.0,0.0
2010-01-18 00:00:00+08:00,35.0,35.70000076293945,35.0,35.25,259000,0.0,0.0
2010-01-19 00:00:00+08:00,35.79999923706055,37.70000076293945,35.29999923706055,37.70000076293945,2017000,0.0,0.0
2010-01-20 00:00:00+08:00,37.5,37.70000076293945,36.650001525878906,36.70000076293945,1008000,0.0,0.0
2010-01-21 00:00:00+08:00,36.400001525878906,37.650001525878906,36.400001525878906,37.5,871000,0.0,0.0
2010-01-22 00:00:00+08:00,37.70000076293945,37.70000076293945,36.349998474121094,36.95000076293945,755000,0.0,0.0
2010-01-25 00:00:00+08:00,36.5,37.70000076293945,36.400001525878906,36.400001525878906,496000,0.0,0.0
2010-01-26 00:00:00+08:00,37.0,37.0,33.900001525878906,36.54999923706055,2354000,0.0,0.0
2010-01-27 00:00:00+08:00,36.0,36.400001525878906,35.0,35.0,471000,0.0,0.0
2010-01-28 00:00:00+08:00,35.0,36.599998474121094,35.0,36.599998474121094,785000,0.0,0.0
2010-01-29 00:00:00+08:00,35.79999923706055,37.29999923706055,35.349998474121094,37.099998474121094,604000,0.0,0.0
2010-02-01 00:00:00+08:00,37.0,37.0,35.70000076293945,35.70000076293945,413000,0.0,0.0
2010-02-02 00:00:00+08:00,35.70000076293945,35.95000076293945,34.099998474121094,34.349998474121094,319000,0.0,0.0
2010-02-03 00:00:00+08:00,34.400001525878906,34.79999923706055,32.5,33.70000076293945,508000,0.0,0.0
2010-02-04 00:00:00+08:00,33.70000076293945,34.0,33.0,33.0,209000,0.0,0.0
2010-02-05 00:00:00+08:00,32.29999923706055,33.0,30.799999237060547,32.900001525878906,582000,0.0,0.0
2010-02-08 00:00:00+08:00,33.5,34.349998474121094,33.20000076293945,33.20000076293945,233000,0.0,0.0
2010-02-09 00:00:00+08:00,33.20000076293945,33.650001525878906,33.0,33.20000076293945,185000,0.0,0.0
2010-02-10 00:00:00+08:00,33.150001525878906,34.04999923706055,33.150001525878906,34.04999923706055,385000,0.0,0.0
2010-02-22 00:00:00+08:00,34.70000076293945,34.70000076293945,34.099998474121094,34.400001525878906,94000,0.0,0.0
2010-02-23 00:00:00+08:00,34.0,34.400001525878906,33.79999923706055,34.349998474121094,62000,0.0,0.0
2010-02-24 00:00:00+08:00,34.29999923706055,34.45000076293945,33.900001525878906,34.45000076293945,62000,0.0,0.0
2010-02-25 00:00:00+08:00,34.45000076293945,34.599998474121094,34.20000076293945,34.29999923706055,30000,0.0,0.0
2010-02-26 00:00:00+08:00,34.099998474121094,34.20000076293945,33.599998474121094,34.20000076293945,54000,0.0,0.0
2010-03-01 00:00:00+08:00,34.20000076293945,34.20000076293945,33.75,34.099998474121094,32000,0.0,0.0
2010-03-02 00:00:00+08:00,34.5,34.5,33.70000076293945,33.70000076293945,98000,0.0,0.0
2010-03-03 00:00:00+08:00,34.099998474121094,34.099998474121094,33.599998474121094,33.599998474121094,43000,0.0,0.0
2010-03-04 00:00:00+08:00,33.5,33.79999923706055,33.400001525878906,33.400001525878906,117000,0.0,0.0
2010-03-05 00:00:00+08:00,33.400001525878906,34.0,33.29999923706055,33.5,57000,0.0,0.0
2010-03-08 00:00:00+08:00,33.849998474121094,33.849998474121094,33.25,33.599998474121094,102000,0.0,0.0
2010-03-09 00:00:00+08:00,33.599998474121094,33.900001525878906,33.20000076293945,33.29999923706055,90000,0.0,0.0
2010-03-10 00:00:00+08:00,33.29999923706055,33.849998474121094,33.099998474121094,33.54999923706055,63000,0.0,0.0
2010-03-11 00:00:00+08:00,33.54999923706055,33.54999923706055,33.0,33.5,40000,0.0,0.0
2010-03-12 00:00:00+08:00,33.5,33.79999923706055,33.099998474121094,33.400001525878906,42000,0.0,0.0
2010-03-15 00:00:00+08:00,33.099998474121094,33.29999923706055,32.650001525878906,33.150001525878906,72000,0.0,0.0
2010-03-16 00:00:00+08:00,32.650001525878906,33.25,32.650001525878906,32.849998474121094,22000,0.0,0.0
2010-03-17 00:00:00+08:00,32.849998474121094,32.95000076293945,32.5,32.5,77000,0.0,0.0
2010-03-18 00:00:00+08:00,32.5,33.849998474121094,32.5,33.849998474121094,136000,0.0,0.0
2010-03-19 00:00:00+08:00,35.150001525878906,35.150001525878906,34.099998474121094,34.650001525878906,255000,0.0,0.0
2010-03-22 00:00:00+08:00,34.650001525878906,34.650001525878906,34.650001525878906,34.650001525878906,0,0.0,0.0
2010-03-23 00:00:00+08:00,34.54999923706055,34.599998474121094,33.849998474121094,34.29999923706055,57000,0.0,0.0
2010-03-24 00:00:00+08:00,34.5,34.5,33.599998474121094,33.900001525878906,52000,0.0,0.0
2010-03-25 00:00:00+08:00,33.5,33.70000076293945,33.25,33.54999923706055,21000,0.0,0.0
2010-03-26 00:00:00+08:00,33.20000076293945,34.79999923706055,33.20000076293945,34.650001525878906,391000,0.0,0.0
2010-03-29 00:00:00+08:00,34.599998474121094,35.70000076293945,34.599998474121094,35.5,526000,0.0,0.0
2010-03-30 00:00:00+08:00,35.099998474121094,35.599998474121094,34.79999923706055,35.599998474121094,232000,0.0,0.0
2010-03-31 00:00:00+08:00,36.0,36.20000076293945,35.849998474121094,36.20000076293945,242000,0.0,0.0
2010-04-01 00:00:00+08:00,36.349998474121094,37.5,36.20000076293945,36.900001525878906,742000,0.0,0.0
2010-04-02 00:00:00+08:00,36.900001525878906,39.45000076293945,36.900001525878906,39.45000076293945,1840000,0.0,0.0
2010-04-06 00:00:00+08:00,41.400001525878906,42.20000076293945,40.29999923706055,42.20000076293945,2019000,0.0,0.0
2010-04-07 00:00:00+08:00,42.5,45.150001525878906,42.04999923706055,45.150001525878906,6986000,0.0,0.0
2010-04-08 00:00:00+08:00,47.0,48.0,43.650001525878906,45.150001525878906,2768000,0.0,0.0
2010-04-09 00:00:00+08:00,45.25,46.0,44.20000076293945,45.79999923706055,1534000,0.0,0.0
2010-04-12 00:00:00+08:00,46.400001525878906,46.79999923706055,45.5,45.75,998000,0.0,0.0
2010-04-13 00:00:00+08:00,45.599998474121094,46.0,44.70000076293945,46.0,856000,0.0,0.0
2010-04-14 00:00:00+08:00,46.099998474121094,46.20000076293945,45.5,45.95000076293945,546000,0.0,0.0
2010-04-15 00:00:00+08:00,46.099998474121094,46.20000076293945,45.29999923706055,45.29999923706055,700000,0.0,0.0
2010-04-16 00:00:00+08:00,45.29999923706055,45.70000076293945,45.099998474121094,45.5,1367000,0.0,0.0
2010-04-19 00:00:00+08:00,44.5,45.20000076293945,44.20000076293945,44.79999923706055,513000,0.0,0.0
2010-04-20 00:00:00+08:00,44.79999923706055,45.0,41.70000076293945,45.0,570000,0.0,0.0
2010-04-21 00:00:00+08:00,45.20000076293945,45.45000076293945,44.20000076293945,45.45000076293945,211000,0.0,0.0
2010-04-22 00:00:00+08:00,45.25,45.45000076293945,45.099998474121094,45.45000076293945,184000,0.0,0.0
2010-04-23 00:00:00+08:00,45.95000076293945,48.599998474121094,45.45000076293945,48.599998474121094,1011000,0.0,0.0
2010-04-26 00:00:00+08:00,50.29999923706055,51.79999923706055,47.400001525878906,47.5,1204000,0.0,0.0
2010-04-27 00:00:00+08:00,46.650001525878906,47.70000076293945,46.099998474121094,46.599998474121094,511000,0.0,0.0
2010-04-28 00:00:00+08:00,45.0,48.0,45.0,48.0,1175000,0.0,0.0
2010-04-29 00:00:00+08:00,48.0,48.79999923706055,45.599998474121094,45.599998474121094,196000,0.0,0.0
2010-04-30 00:00:00+08:00,46.0,48.75,46.0,48.75,3165000,0.0,0.0
2010-05-03 00:00:00+08:00,48.54999923706055,48.54999923706055,47.099998474121094,47.900001525878906,241000,0.0,0.0
2010-05-04 00:00:00+08:00,49.0,49.0,47.0,47.900001525878906,171000,0.0,0.0
2010-05-05 00:00:00+08:00,46.5,47.400001525878906,45.29999923706055,46.349998474121094,252000,0.0,0.0
2010-05-06 00:00:00+08:00,46.349998474121094,47.0,45.599998474121094,46.20000076293945,134000,0.0,0.0
2010-05-07 00:00:00+08:00,43.5,49.400001525878906,43.5,49.400001525878906,367000,0.0,0.0
2010-05-10 00:00:00+08:00,49.0,49.150001525878906,47.54999923706055,48.70000076293945,205000,0.0,0.0
2010-05-11 00:00:00+08:00,49.0,49.0,47.54999923706055,48.20000076293945,169000,0.0,0.0
2010-05-12 00:00:00+08:00,48.20000076293945,48.70000076293945,47.150001525878906,47.150001525878906,205000,0.0,0.0
2010-05-13 00:00:00+08:00,47.29999923706055,49.0,47.29999923706055,47.29999923706055,301000,0.0,0.0
2010-05-14 00:00:00+08:00,47.29999923706055,48.20000076293945,45.70000076293945,48.20000076293945,237000,0.0,0.0
2010-05-17 00:00:00+08:00,47.5,47.5,46.70000076293945,47.0,104000,0.0,0.0
2010-05-18 00:00:00+08:00,47.0,47.0,46.0,46.349998474121094,96000,0.0,0.0
2010-05-19 00:00:00+08:00,45.79999923706055,47.0,45.70000076293945,46.599998474121094,57000,0.0,0.0
2010-05-20 00:00:00+08:00,46.599998474121094,47.20000076293945,46.0,47.0,86000,0.0,0.0
2010-05-21 00:00:00+08:00,45.70000076293945,46.75,45.29999923706055,45.849998474121094,68000,0.0,0.0
2010-05-24 00:00:00+08:00,46.5,46.79999923706055,45.75,46.0,78000,0.0,0.0
2010-05-25 00:00:00+08:00,45.70000076293945,45.79999923706055,42.79999923706055,42.79999923706055,594000,0.0,0.0
2010-05-26 00:00:00+08:00,42.79999923706055,43.849998474121094,41.900001525878906,42.95000076293945,488000,0.0,0.0
2010-05-27 00:00:00+08:00,42.95000076293945,43.900001525878906,42.5,43.900001525878906,91000,0.0,0.0
2010-05-28 00:00:00+08:00,44.099998474121094,44.70000076293945,42.70000076293945,43.75,107000,0.0,0.0
2010-05-31 00:00:00+08:00,43.79999923706055,45.900001525878906,43.599998474121094,45.900001525878906,260000,0.0,0.0
2010-06-01 00:00:00+08:00,45.900001525878906,46.400001525878906,45.0,45.29999923706055,61000,0.0,0.0
2010-06-02 00:00:00+08:00,45.20000076293945,45.45000076293945,44.099998474121094,44.75,38000,0.0,0.0
2010-06-03 00:00:00+08:00,45.0,45.099998474121094,44.599998474121094,44.79999923706055,61000,0.0,0.0
2010-06-04 00:00:00+08:00,44.79999923706055,45.0,44.0,44.5,57000,0.0,0.0
2010-06-07 00:00:00+08:00,43.20000076293945,43.70000076293945,43.0,43.25,43000,0.0,0.0
2010-06-08 00:00:00+08:00,44.400001525878906,44.400001525878906,43.25,44.0,67000,0.0,0.0
2010-06-09 00:00:00+08:00,44.45000076293945,44.5,43.20000076293945,43.599998474121094,34000,0.0,0.0
2010-06-10 00:00:00+08:00,43.599998474121094,44.5,43.20000076293945,43.900001525878906,18000,0.0,0.0
2010-06-11 00:00:00+08:00,43.29999923706055,45.0,43.29999923706055,45.0,82000,0.0,0.0
2010-06-14 00:00:00+08:00,44.20000076293945,44.599998474121094,43.79999923706055,44.400001525878906,81000,0.0,0.0
2010-06-15 00:00:00+08:00,43.900001525878906,44.650001525878906,43.5,44.400001525878906,74000,0.0,0.0
2010-06-17 00:00:00+08:00,44.70000076293945,44.79999923706055,43.5,44.099998474121094,94000,0.0,0.0
2010-06-18 00:00:00+08:00,43.599998474121094,44.0,43.400001525878906,44.0,19000,0.0,0.0
2010-06-21 00:00:00+08:00,44.0,44.20000076293945,43.79999923706055,44.0,46000,0.0,0.0
2010-06-22 00:00:00+08:00,44.0,44.599998474121094,43.04999923706055,43.95000076293945,837000,0.0,0.0
2010-06-23 00:00:00+08:00,44.599998474121094,44.599998474121094,43.599998474121094,44.0,216000,0.0,0.0
2010-06-24 00:00:00+08:00,44.0,44.29999923706055,43.099998474121094,43.95000076293945,85000,0.0,0.0
2010-06-25 00:00:00+08:00,43.95000076293945,43.95000076293945,43.150001525878906,43.75,21000,0.0,0.0
2010-06-28 00:00:00+08:00,43.75,43.75,43.75,43.75,0,0.0,0.0
2010-06-29 00:00:00+08:00,43.20000076293945,44.04999923706055,42.79999923706055,43.5,177000,0.0,0.0
2010-06-30 00:00:00+08:00,43.0,44.0,42.79999923706055,44.0,120000,0.0,0.0
2010-07-01 00:00:00+08:00,44.0,44.04999923706055,43.599998474121094,43.95000076293945,42000,0.0,0.0
2010-07-02 00:00:00+08:00,43.95000076293945,44.04999923706055,43.5,44.0,52000,0.0,0.0
2010-07-05 00:00:00+08:00,44.0,44.099998474121094,43.75,44.0,38000,0.0,0.0
2010-07-06 00:00:00+08:00,43.400001525878906,44.0,43.400001525878906,43.849998474121094,22000,0.0,0.0
2010-07-07 00:00:00+08:00,43.20000076293945,44.150001525878906,43.20000076293945,44.0,165000,0.0,0.0
2010-07-08 00:00:00+08:00,44.0,44.04999923706055,43.45000076293945,43.95000076293945,58000,0.0,0.0
2010-07-09 00:00:00+08:00,43.95000076293945,44.099998474121094,43.849998474121094,44.04999923706055,543000,0.0,0.0
2010-07-12 00:00:00+08:00,44.04999923706055,47.099998474121094,44.04999923706055,46.5,403000,0.0,0.0
2010-07-13 00:00:00+08:00,46.5,46.75,45.0,45.5,145000,0.0,0.0
2010-07-14 00:00:00+08:00,45.5,46.0,45.0,45.29999923706055,73000,0.0,0.0
2010-07-15 00:00:00+08:00,45.29999923706055,45.29999923706055,44.20000076293945,44.75,167000,0.0,0.0
2010-07-16 00:00:00+08:00,44.75,46.400001525878906,44.75,46.0,272000,0.0,0.0
2010-07-19 00:00:00+08:00,46.0,46.0,45.20000076293945,45.95000076293945,18000,0.0,0.0
2010-07-20 00:00:00+08:00,46.0,46.45000076293945,45.29999923706055,45.900001525878906,288000,0.0,0.0
2010-07-21 00:00:00+08:00,45.900001525878906,46.599998474121094,45.29999923706055,45.599998474121094,451000,0.0,0.0
2010-07-22 00:00:00+08:00,45.29999923706055,45.5,45.150001525878906,45.29999923706055,598000,0.0,0.0
2010-07-23 00:00:00+08:00,45.29999923706055,45.900001525878906,44.70000076293945,45.79999923706055,159000,0.0,0.0
2010-07-26 00:00:00+08:00,46.0,46.400001525878906,45.5,45.5,1191000,0.0,0.0
2010-07-27 00:00:00+08:00,45.5,46.599998474121094,45.29999923706055,46.0,570000,0.0,0.0
2010-07-28 00:00:00+08:00,46.400001525878906,47.0,46.0,46.5,269000,0.0,0.0
2010-07-29 00:00:00+08:00,46.5,46.79999923706055,45.599998474121094,46.349998474121094,77000,0.0,0.0
2010-07-30 00:00:00+08:00,46.25,47.5,46.099998474121094,47.400001525878906,496000,0.0,0.0
2010-08-02 00:00:00+08:00,47.5,47.5,46.650001525878906,46.75,63000,0.0,0.0
2010-08-03 00:00:00+08:00,46.75,47.5,46.099998474121094,47.0,104000,0.0,0.0
2010-08-04 00:00:00+08:00,46.599998474121094,47.0,45.79999923706055,45.79999923706055,44000,0.0,0.0
2010-08-05 00:00:00+08:00,45.849998474121094,46.45000076293945,45.599998474121094,45.79999923706055,61000,0.0,0.0
2010-08-06 00:00:00+08:00,45.79999923706055,45.95000076293945,44.70000076293945,45.79999923706055,183000,0.0,0.0
2010-08-09 00:00:00+08:00,45.20000076293945,46.25,45.20000076293945,45.79999923706055,100000,0.0,0.0
2010-08-10 00:00:00+08:00,45.400001525878906,45.79999923706055,45.20000076293945,45.25,32000,0.0,0.0
2010-08-11 00:00:00+08:00,44.5,45.20000076293945,44.099998474121094,45.150001525878906,39000,0.0,0.0
2010-08-12 00:00:00+08:00,44.29999923706055,45.400001525878906,44.29999923706055,45.349998474121094,75000,0.0,0.0
2010-08-13 00:00:00+08:00,45.349998474121094,45.70000076293945,45.0,45.70000076293945,60000,0.0,0.0
2010-08-16 00:00:00+08:00,45.79999923706055,46.400001525878906,44.70000076293945,45.54999923706055,94000,0.0,0.0
2010-08-17 00:00:00+08:00,44.900001525878906,45.5,44.79999923706055,45.5,34000,0.0,0.0
2010-08-18 00:00:00+08:00,45.5,46.0,45.099998474121094,45.599998474121094,46000,0.0,0.0
2010-08-19 00:00:00+08:00,45.75,45.75,44.849998474121094,45.75,102000,0.0,0.0
2010-08-20 00:00:00+08:00,45.0,45.849998474121094,44.70000076293945,45.45000076293945,143000,0.0,0.0
2010-08-23 00:00:00+08:00,44.70000076293945,45.599998474121094,44.70000076293945,45.150001525878906,155000,0.0,0.0
2010-08-24 00:00:00+08:00,44.79999923706055,45.349998474121094,44.29999923706055,44.849998474121094,97000,0.0,0.0
2010-08-25 00:00:00+08:00,43.75,44.70000076293945,42.900001525878906,43.79999923706055,106000,0.0,0.0
2010-08-26 00:00:00+08:00,44.54999923706055,44.54999923706055,43.099998474121094,43.25,44000,0.0,0.0
2010-08-27 00:00:00+08:00,43.099998474121094,43.900001525878906,42.900001525878906,43.45000076293945,100000,0.0,0.0
2010-08-30 00:00:00+08:00,43.099998474121094,43.650001525878906,42.900001525878906,43.04999923706055,120000,0.0,0.0
2010-08-31 00:00:00+08:00,43.0,43.349998474121094,40.599998474121094,41.79999923706055,54000,0.0,0.0
2010-09-01 00:00:00+08:00,41.900001525878906,44.70000076293945,41.0,44.70000076293945,161000,0.0,0.0
2010-09-02 00:00:00+08:00,44.70000076293945,44.70000076293945,43.20000076293945,43.20000076293945,73000,0.0,0.0
2010-09-03 00:00:00+08:00,44.0,44.599998474121094,42.900001525878906,44.599998474121094,233000,0.0,0.0
2010-09-06 00:00:00+08:00,43.599998474121094,44.349998474121094,43.599998474121094,44.29999923706055,41000,0.0,0.0
2010-09-07 00:00:00+08:00,43.75,43.849998474121094,42.5,43.79999923706055,37000,0.0,0.0
2010-09-08 00:00:00+08:00,42.5,43.5,42.5,43.400001525878906,41000,0.0,0.0
2010-09-09 00:00:00+08:00,43.29999923706055,43.29999923706055,42.650001525878906,42.95000076293945,17000,0.0,0.0
2010-09-10 00:00:00+08:00,42.54999923706055,43.0,42.45000076293945,42.900001525878906,36000,0.0,0.0
2010-09-13 00:00:00+08:00,42.400001525878906,43.0,42.099998474121094,42.75,44000,0.0,0.0
2010-09-14 00:00:00+08:00,42.0,42.599998474121094,42.0,42.150001525878906,38000,0.0,0.0
2010-09-15 00:00:00+08:00,42.04999923706055,42.099998474121094,41.099998474121094,41.650001525878906,70000,0.0,0.0
2010-09-16 00:00:00+08:00,41.54999923706055,41.95000076293945,40.849998474121094,41.95000076293945,37000,0.0,0.0
2010-09-17 00:00:00+08:00,41.95000076293945,42.75,41.79999923706055,42.75,84000,0.0,0.0
2010-09-20 00:00:00+08:00,42.900001525878906,43.29999923706055,42.79999923706055,42.79999923706055,40000,0.0,0.0
2010-09-21 00:00:00+08:00,42.79999923706055,43.0,42.650001525878906,42.650001525878906,69000,0.0,0.0
2010-09-23 00:00:00+08:00,42.900001525878906,42.900001525878906,42.5,42.5,20000,0.0,0.0
2010-09-24 00:00:00+08:00,41.70000076293945,42.5,41.70000076293945,42.5,39000,0.0,0.0
2010-09-27 00:00:00+08:00,42.900001525878906,42.900001525878906,42.0,42.29999923706055,29000,0.0,0.0
2010-09-28 00:00:00+08:00,42.25,42.25,41.150001525878906,41.95000076293945,39000,0.0,0.0
2010-09-29 00:00:00+08:00,41.900001525878906,42.5,41.20000076293945,41.95000076293945,92000,0.0,0.0
2010-09-30 00:00:00+08:00,41.900001525878906,42.29999923706055,41.25,41.849998474121094,27000,0.0,0.0
2010-10-01 00:00:00+08:00,41.150001525878906,41.5,40.79999923706055,41.5,71000,0.0,0.0
2010-10-04 00:00:00+08:00,41.5,41.70000076293945,41.45000076293945,41.70000076293945,91000,0.0,0.0
2010-10-05 00:00:00+08:00,41.70000076293945,41.849998474121094,40.650001525878906,41.650001525878906,49000,0.0,0.0
2010-10-06 00:00:00+08:00,42.150001525878906,42.150001525878906,41.20000076293945,41.75,39000,0.0,0.0
2010-10-07 00:00:00+08:00,41.20000076293945,41.79999923706055,40.79999923706055,41.650001525878906,79000,0.0,0.0
2010-10-08 00:00:00+08:00,41.150001525878906,42.0,41.150001525878906,41.95000076293945,39000,0.0,0.0
2010-10-11 00:00:00+08:00,41.95000076293945,42.25,41.849998474121094,42.150001525878906,37000,0.0,0.0
2010-10-12 00:00:00+08:00,42.150001525878906,42.150001525878906,41.25,42.0,8000,0.0,0.0
2010-10-13 00:00:00+08:00,41.95000076293945,42.79999923706055,41.20000076293945,41.95000076293945,24000,0.0,0.0
2010-10-14 00:00:00+08:00,41.79999923706055,42.400001525878906,41.79999923706055,42.150001525878906,95000,0.0,0.0
2010-10-15 00:00:00+08:00,42.099998474121094,42.5,42.04999923706055,42.400001525878906,124000,0.0,0.0
2010-10-18 00:00:00+08:00,42.349998474121094,42.5,41.849998474121094,42.20000076293945,152000,0.0,0.0
2010-10-19 00:00:00+08:00,41.29999923706055,42.29999923706055,41.29999923706055,42.29999923706055,144000,0.0,0.0
2010-10-20 00:00:00+08:00,41.900001525878906,42.5,41.900001525878906,42.45000076293945,9000,0.0,0.0
2010-10-21 00:00:00+08:00,42.400001525878906,42.5,41.79999923706055,42.400001525878906,47000,0.0,0.0
2010-10-22 00:00:00+08:00,41.5,42.29999923706055,41.5,42.20000076293945,15000,0.0,0.0
2010-10-25 00:00:00+08:00,41.5,41.95000076293945,41.400001525878906,41.849998474121094,30000,0.0,0.0
2010-10-26 00:00:00+08:00,41.849998474121094,41.849998474121094,41.0,41.25,37000,0.0,0.0
2010-10-27 00:00:00+08:00,41.20000076293945,41.20000076293945,40.20000076293945,40.20000076293945,27000,0.0,0.0
2010-10-28 00:00:00+08:00,40.0,40.0,38.0,38.0,79000,0.0,0.0
2010-10-29 00:00:00+08:00,38.0,39.0,38.0,39.0,100000,0.0,0.0
2010-11-01 00:00:00+08:00,39.0,40.95000076293945,39.0,40.0,1247000,0.0,0.0
2010-11-02 00:00:00+08:00,40.0,40.20000076293945,39.5,39.70000076293945,656000,0.0,0.0
2010-11-03 00:00:00+08:00,39.79999923706055,39.79999923706055,39.20000076293945,39.349998474121094,68000,0.0,0.0
2010-11-04 00:00:00+08:00,39.79999923706055,39.79999923706055,37.0,39.0,190000,0.0,0.0
2010-11-05 00:00:00+08:00,38.79999923706055,38.79999923706055,37.5,38.400001525878906,153000,0.0,0.0
2010-11-08 00:00:00+08:00,38.0,39.0,37.849998474121094,39.0,39,0.0,0.0
2010-11-09 00:00:00+08:00,39.900001525878906,39.900001525878906,38.900001525878906,38.900001525878906,52000,0.0,0.0
2010-11-10 00:00:00+08:00,39.0,39.0,38.849998474121094,39.0,25000,0.0,0.0
2010-11-11 00:00:00+08:00,38.20000076293945,39.0,38.20000076293945,38.79999923706055,28000,0.0,0.0
2010-11-12 00:00:00+08:00,37.599998474121094,39.150001525878906,37.599998474121094,38.900001525878906,48000,0.0,0.0
2010-11-15 00:00:00+08:00,37.79999923706055,39.0,37.79999923706055,39.0,38000,0.0,0.0
2010-11-16 00:00:00+08:00,39.0,39.0,38.849998474121094,38.849998474121094,18000,0.0,0.0
2010-11-17 00:00:00+08:00,38.849998474121094,38.849998474121094,38.599998474121094,38.599998474121094,24000,0.0,0.0
2010-11-18 00:00:00+08:00,38.599998474121094,38.650001525878906,38.5,38.5,14000,0.0,0.0
2010-11-19 00:00:00+08:00,38.599998474121094,39.5,38.29999923706055,39.0,98000,0.0,0.0
2010-11-22 00:00:00+08:00,38.79999923706055,38.900001525878906,38.5,38.5,46000,0.0,0.0
2010-11-23 00:00:00+08:00,38.20000076293945,38.95000076293945,38.20000076293945,38.95000076293945,28000,0.0,0.0
2010-11-24 00:00:00+08:00,38.70000076293945,38.70000076293945,38.45000076293945,38.45000076293945,12000,0.0,0.0
2010-11-25 00:00:00+08:00,38.900001525878906,39.0,38.5,38.75,44000,0.0,0.0
2010-11-26 00:00:00+08:00,38.400001525878906,38.75,37.70000076293945,38.70000076293945,20000,0.0,0.0
2010-11-29 00:00:00+08:00,38.70000076293945,38.70000076293945,38.20000076293945,38.70000076293945,40000,0.0,0.0
2010-11-30 00:00:00+08:00,38.599998474121094,38.599998474121094,38.599998474121094,38.599998474121094,6000,0.0,0.0
2010-12-01 00:00:00+08:00,38.5,38.5,38.0,38.400001525878906,13000,0.0,0.0
2010-12-02 00:00:00+08:00,38.04999923706055,39.0,38.04999923706055,38.650001525878906,54000,0.0,0.0
2010-12-03 00:00:00+08:00,39.0,41.0,38.900001525878906,39.400001525878906,84000,0.0,0.0
2010-12-06 00:00:00+08:00,39.29999923706055,39.95000076293945,38.29999923706055,39.79999923706055,125000,0.0,0.0
2010-12-07 00:00:00+08:00,39.75,39.95000076293945,39.25,39.79999923706055,71000,0.0,0.0
2010-12-08 00:00:00+08:00,39.900001525878906,42.5,39.900001525878906,42.0,165000,0.0,0.0
2010-12-09 00:00:00+08:00,42.0,42.400001525878906,41.400001525878906,41.79999923706055,85000,0.0,0.0
2010-12-10 00:00:00+08:00,41.79999923706055,44.0,41.79999923706055,43.349998474121094,106000,0.0,0.0
2010-12-13 00:00:00+08:00,43.29999923706055,43.900001525878906,42.599998474121094,43.70000076293945,45000,0.0,0.0
2010-12-14 00:00:00+08:00,43.900001525878906,43.900001525878906,42.650001525878906,43.25,31000,0.0,0.0
2010-12-15 00:00:00+08:00,42.599998474121094,43.5,42.599998474121094,43.5,38000,0.0,0.0
2010-12-16 00:00:00+08:00,43.75,43.75,42.25,42.54999923706055,67000,0.0,0.0
2010-12-17 00:00:00+08:00,42.0,42.95000076293945,42.0,42.75,86000,0.0,0.0
2010-12-20 00:00:00+08:00,42.70000076293945,42.70000076293945,41.45000076293945,42.400001525878906,17000,0.0,0.0
2010-12-21 00:00:00+08:00,42.54999923706055,42.70000076293945,42.04999923706055,42.349998474121094,15000,0.0,0.0
2010-12-22 00:00:00+08:00,42.349998474121094,42.400001525878906,41.849998474121094,42.099998474121094,17,0.0,0.0
2010-12-23 00:00:00+08:00,42.099998474121094,42.400001525878906,41.349998474121094,41.349998474121094,43000,0.0,0.0
2010-12-24 00:00:00+08:00,41.400001525878906,42.29999923706055,41.400001525878906,42.29999923706055,15000,0.0,0.0
2010-12-27 00:00:00+08:00,42.29999923706055,42.29999923706055,41.5,41.599998474121094,16000,0.0,0.0
2010-12-28 00:00:00+08:00,41.599998474121094,41.599998474121094,40.400001525878906,41.25,38000,0.0,0.0
2010-12-29 00:00:00+08:00,41.0,41.0,40.099998474121094,40.349998474121094,16000,0.0,0.0
2010-12-30 00:00:00+08:00,40.0,40.0,39.5,39.849998474121094,26000,0.0,0.0
2010-12-31 00:00:00+08:00,40.0,41.849998474121094,39.75,41.79999923706055,85000,0.0,0.0
2011-01-03 00:00:00+08:00,41.70000076293945,42.20000076293945,41.150001525878906,41.349998474121094,24000,0.0,0.0
2011-01-04 00:00:00+08:00,41.0,44.150001525878906,41.0,42.0,53000,0.0,0.0
2011-01-05 00:00:00+08:00,41.0,42.5,41.0,41.95000076293945,17000,0.0,0.0
2011-01-06 00:00:00+08:00,41.95000076293945,41.95000076293945,41.0,41.5,10000,0.0,0.0
2011-01-07 00:00:00+08:00,41.79999923706055,41.79999923706055,40.75,41.400001525878906,47000,0.0,0.0
2011-01-10 00:00:00+08:00,41.0,41.349998474121094,40.599998474121094,41.29999923706055,8000,0.0,0.0
2011-01-11 00:00:00+08:00,40.900001525878906,40.900001525878906,40.79999923706055,40.900001525878906,5000,0.0,0.0
2011-01-12 00:00:00+08:00,41.0,41.0,40.45000076293945,40.45000076293945,40000,0.0,0.0
2011-01-13 00:00:00+08:00,40.20000076293945,40.29999923706055,40.099998474121094,40.099998474121094,9000,0.0,0.0
2011-01-14 00:00:00+08:00,40.75,41.150001525878906,40.45000076293945,41.150001525878906,69000,0.0,0.0
2011-01-17 00:00:00+08:00,41.099998474121094,41.5,41.0,41.5,34000,0.0,0.0
2011-01-18 00:00:00+08:00,41.79999923706055,41.849998474121094,41.5,41.5,96000,0.0,0.0
2011-01-19 00:00:00+08:00,41.5,42.0,41.5,41.599998474121094,66000,0.0,0.0
2011-01-20 00:00:00+08:00,41.599998474121094,41.599998474121094,40.5,41.29999923706055,27000,0.0,0.0
2011-01-21 00:00:00+08:00,41.75,41.79999923706055,41.25,41.25,33000,0.0,0.0
2011-01-24 00:00:00+08:00,40.29999923706055,41.25,40.29999923706055,40.95000076293945,27000,0.0,0.0
2011-01-25 00:00:00+08:00,41.45000076293945,41.45000076293945,40.95000076293945,40.95000076293945,24000,0.0,0.0
2011-01-26 00:00:00+08:00,40.95000076293945,40.95000076293945,40.45000076293945,40.75,24000,0.0,0.0
2011-01-27 00:00:00+08:00,40.75,41.79999923706055,40.25,41.0,27000,0.0,0.0
2011-01-28 00:00:00+08:00,41.0,42.0,41.0,41.75,138000,0.0,0.0
2011-02-08 00:00:00+08:00,41.79999923706055,41.900001525878906,41.099998474121094,41.400001525878906,73000,0.0,0.0
2011-02-09 00:00:00+08:00,41.04999923706055,41.04999923706055,40.599998474121094,41.0,57000,0.0,0.0
2011-02-10 00:00:00+08:00,40.29999923706055,41.20000076293945,40.29999923706055,40.650001525878906,30000,0.0,0.0
2011-02-11 00:00:00+08:00,40.70000076293945,40.70000076293945,40.099998474121094,40.099998474121094,6000,0.0,0.0
2011-02-14 00:00:00+08:00,39.099998474121094,39.29999923706055,38.0,39.29999923706055,42000,0.0,0.0
2011-02-15 00:00:00+08:00,38.95000076293945,41.349998474121094,38.900001525878906,41.349998474121094,36000,0.0,0.0
2011-02-16 00:00:00+08:00,41.349998474121094,41.54999923706055,40.29999923706055,41.20000076293945,21000,0.0,0.0
2011-02-17 00:00:00+08:00,41.04999923706055,41.04999923706055,41.04999923706055,41.04999923706055,1000,0.0,0.0
2011-02-18 00:00:00+08:00,41.79999923706055,41.79999923706055,41.0,41.29999923706055,99000,0.0,0.0
2011-02-21 00:00:00+08:00,40.400001525878906,41.45000076293945,40.400001525878906,41.099998474121094,32000,0.0,0.0
2011-02-22 00:00:00+08:00,41.099998474121094,41.099998474121094,39.599998474121094,41.099998474121094,20000,0.0,0.0
2011-02-23 00:00:00+08:00,40.099998474121094,41.650001525878906,39.5,40.29999923706055,61000,0.0,0.0
2011-02-24 00:00:00+08:00,41.0,41.0,39.0,40.70000076293945,143000,0.0,0.0
2011-02-25 00:00:00+08:00,40.0,40.70000076293945,40.0,40.20000076293945,34000,0.0,0.0
2011-03-01 00:00:00+08:00,40.25,40.95000076293945,40.0,40.0,11000,0.0,0.0
2011-03-02 00:00:00+08:00,40.79999923706055,40.79999923706055,39.29999923706055,40.0,107000,0.0,0.0
2011-03-03 00:00:00+08:00,39.599998474121094,40.75,39.5,40.75,109000,0.0,0.0
2011-03-04 00:00:00+08:00,40.70000076293945,41.0,40.400001525878906,40.400001525878906,41000,0.0,0.0
2011-03-07 00:00:00+08:00,40.54999923706055,41.20000076293945,40.54999923706055,40.849998474121094,88000,0.0,0.0
2011-03-08 00:00:00+08:00,41.0,41.150001525878906,40.79999923706055,40.95000076293945,138000,0.0,0.0
2011-03-09 00:00:00+08:00,40.95000076293945,40.95000076293945,40.099998474121094,40.75,39000,0.0,0.0
2011-03-10 00:00:00+08:00,40.20000076293945,40.70000076293945,40.0,40.599998474121094,13000,0.0,0.0
2011-03-11 00:00:00+08:00,39.79999923706055,40.75,39.79999923706055,40.54999923706055,51000,0.0,0.0
2011-03-14 00:00:00+08:00,41.0,41.0,40.25,40.599998474121094,113000,0.0,0.0
2011-03-15 00:00:00+08:00,40.5,41.0,38.54999923706055,41.0,194000,0.0,0.0
2011-03-16 00:00:00+08:00,41.0,41.54999923706055,40.849998474121094,41.5,145000,0.0,0.0
2011-03-17 00:00:00+08:00,41.0,41.400001525878906,41.0,41.0,40000,0.0,0.0
2011-03-18 00:00:00+08:00,41.04999923706055,41.04999923706055,40.400001525878906,41.0,50000,0.0,0.0
2011-03-21 00:00:00+08:00,41.0,42.0,40.75,41.150001525878906,145000,0.0,0.0
2011-03-22 00:00:00+08:00,41.5,41.5,41.0,41.04999923706055,92000,0.0,0.0
2011-03-23 00:00:00+08:00,41.0,41.25,40.900001525878906,40.900001525878906,42000,0.0,0.0
2011-03-24 00:00:00+08:00,40.900001525878906,41.0,40.79999923706055,41.0,53000,0.0,0.0
2011-03-25 00:00:00+08:00,41.20000076293945,41.70000076293945,41.099998474121094,41.349998474121094,96000,0.0,0.0
2011-03-28 00:00:00+08:00,41.349998474121094,41.5,40.599998474121094,41.5,47000,0.0,0.0
2011-03-29 00:00:00+08:00,41.5,41.5,41.0,41.400001525878906,74000,0.0,0.0
2011-03-30 00:00:00+08:00,41.5,41.5,41.150001525878906,41.400001525878906,82000,0.0,0.0
2011-03-31 00:00:00+08:00,41.5,41.599998474121094,41.099998474121094,41.099998474121094,82000,0.0,0.0
2011-04-01 00:00:00+08:00,41.0,42.349998474121094,40.900001525878906,41.849998474121094,82000,0.0,0.0
2011-04-06 00:00:00+08:00,42.0,42.0,41.79999923706055,41.79999923706055,2000,0.0,0.0
2011-04-07 00:00:00+08:00,41.20000076293945,41.75,40.900001525878906,41.75,68000,0.0,0.0
2011-04-08 00:00:00+08:00,41.099998474121094,42.0,40.79999923706055,41.599998474121094,102000,0.0,0.0
2011-04-11 00:00:00+08:00,41.099998474121094,41.900001525878906,41.0,41.25,85000,0.0,0.0
2011-04-12 00:00:00+08:00,41.25,41.25,41.099998474121094,41.099998474121094,6000,0.0,0.0
2011-04-13 00:00:00+08:00,41.04999923706055,41.29999923706055,40.5,41.099998474121094,187000,0.0,0.0
2011-04-14 00:00:00+08:00,40.79999923706055,41.04999923706055,40.599998474121094,41.04999923706055,11000,0.0,0.0
2011-04-15 00:00:00+08:00,40.599998474121094,40.95000076293945,40.54999923706055,40.95000076293945,15000,0.0,0.0
2011-04-18 00:00:00+08:00,40.599998474121094,40.900001525878906,40.5,40.849998474121094,107000,0.0,0.0
2011-04-19 00:00:00+08:00,40.20000076293945,40.5,40.20000076293945,40.5,11000,0.0,0.0
2011-04-20 00:00:00+08:00,40.45000076293945,40.5,40.349998474121094,40.349998474121094,14000,0.0,0.0
2011-04-21 00:00:00+08:00,40.5,41.5,40.5,41.25,244000,0.0,0.0
2011-04-22 00:00:00+08:00,40.75,41.400001525878906,40.75,41.400001525878906,9000,0.0,0.0
2011-04-25 00:00:00+08:00,40.79999923706055,41.29999923706055,40.79999923706055,41.20000076293945,7000,0.0,0.0
2011-04-26 00:00:00+08:00,40.599998474121094,41.150001525878906,40.45000076293945,41.0,16000,0.0,0.0
2011-04-27 00:00:00+08:00,40.599998474121094,40.79999923706055,40.45000076293945,40.45000076293945,15000,0.0,0.0
2011-04-28 00:00:00+08:00,38.79999923706055,41.099998474121094,38.79999923706055,41.099998474121094,23000,0.0,0.0
2011-04-29 00:00:00+08:00,40.04999923706055,40.79999923706055,40.04999923706055,40.79999923706055,8000,0.0,0.0
2011-05-03 00:00:00+08:00,40.79999923706055,40.79999923706055,39.5,40.29999923706055,24000,0.0,0.0
2011-05-04 00:00:00+08:00,39.70000076293945,39.95000076293945,39.29999923706055,39.75,14000,0.0,0.0
2011-05-05 00:00:00+08:00,39.900001525878906,39.900001525878906,39.349998474121094,39.400001525878906,18000,0.0,0.0
2011-05-06 00:00:00+08:00,39.400001525878906,39.400001525878906,39.25,39.25,5000,0.0,0.0
2011-05-09 00:00:00+08:00,39.04999923706055,39.849998474121094,38.95000076293945,39.29999923706055,27000,0.0,0.0
2011-05-10 00:00:00+08:00,39.25,39.400001525878906,39.04999923706055,39.04999923706055,46000,0.0,0.0
2011-05-11 00:00:00+08:00,38.349998474121094,39.0,38.349998474121094,39.0,7000,0.0,0.0
2011-05-12 00:00:00+08:00,38.400001525878906,40.0,38.400001525878906,40.0,22000,0.0,0.0
2011-05-13 00:00:00+08:00,40.5,40.5,39.400001525878906,39.849998474121094,3000,0.0,0.0
2011-05-16 00:00:00+08:00,39.25,39.349998474121094,38.5,39.25,36000,0.0,0.0
2011-05-17 00:00:00+08:00,39.20000076293945,39.20000076293945,38.45000076293945,39.20000076293945,119000,0.0,0.0
2011-05-18 00:00:00+08:00,38.150001525878906,39.5,38.150001525878906,39.5,59000,0.0,0.0
2011-05-19 00:00:00+08:00,39.79999923706055,40.45000076293945,39.5,40.0,11000,0.0,0.0
2011-05-20 00:00:00+08:00,39.5,40.0,39.099998474121094,40.0,6000,0.0,0.0
2011-05-23 00:00:00+08:00,39.5,39.900001525878906,39.5,39.900001525878906,2000,0.0,0.0
2011-05-24 00:00:00+08:00,39.0,39.849998474121094,38.599998474121094,39.79999923706055,35000,0.0,0.0
2011-05-25 00:00:00+08:00,39.099998474121094,39.5,38.20000076293945,38.849998474121094,50000,0.0,0.0
2011-05-26 00:00:00+08:00,38.79999923706055,39.599998474121094,38.5,39.349998474121094,37000,0.0,0.0
2011-05-27 00:00:00+08:00,38.849998474121094,39.20000076293945,38.5,39.0,27000,0.0,0.0
2011-05-30 00:00:00+08:00,38.900001525878906,39.04999923706055,38.70000076293945,38.70000076293945,17000,0.0,0.0
2011-05-31 00:00:00+08:00,38.900001525878906,39.0,38.70000076293945,38.70000076293945,11000,0.0,0.0
2011-06-01 00:00:00+08:00,38.70000076293945,38.70000076293945,38.54999923706055,38.650001525878906,22000,0.0,0.0
2011-06-02 00:00:00+08:00,38.54999923706055,38.650001525878906,38.54999923706055,38.54999923706055,19000,0.0,0.0
2011-06-03 00:00:00+08:00,38.54999923706055,38.849998474121094,38.5,38.849998474121094,18000,0.0,0.0
2011-06-07 00:00:00+08:00,38.650001525878906,38.650001525878906,38.650001525878906,38.650001525878906,1000,0.0,0.0
2011-06-08 00:00:00+08:00,38.5,38.900001525878906,38.5,38.599998474121094,18000,0.0,0.0
2011-06-09 00:00:00+08:00,38.599998474121094,40.900001525878906,38.599998474121094,40.900001525878906,199000,0.0,0.0
2011-06-10 00:00:00+08:00,39.79999923706055,40.650001525878906,39.70000076293945,39.70000076293945,9000,0.0,0.0
2011-06-13 00:00:00+08:00,40.70000076293945,40.70000076293945,38.849998474121094,40.29999923706055,171000,0.0,0.0
2011-06-14 00:00:00+08:00,40.75,40.79999923706055,40.0,40.79999923706055,38000,0.0,0.0
2011-06-15 00:00:00+08:00,40.29999923706055,40.45000076293945,39.79999923706055,40.349998474121094,20000,0.0,0.0
2011-06-16 00:00:00+08:00,40.20000076293945,40.599998474121094,40.0,40.599998474121094,132000,0.0,0.0
2011-06-17 00:00:00+08:00,40.29999923706055,40.900001525878906,40.20000076293945,40.900001525878906,17000,0.0,0.0
2011-06-20 00:00:00+08:00,40.599998474121094,40.79999923706055,40.5,40.599998474121094,154000,0.0,0.0
2011-06-21 00:00:00+08:00,40.29999923706055,40.5,40.20000076293945,40.400001525878906,10000,0.0,0.0
2011-06-22 00:00:00+08:00,40.20000076293945,40.20000076293945,40.0,40.0,9000,0.0,0.0
2011-06-23 00:00:00+08:00,38.599998474121094,40.0,38.599998474121094,40.0,52000,0.0,0.0
2011-06-24 00:00:00+08:00,40.0,40.0,40.0,40.0,4000,0.0,0.0
2011-06-27 00:00:00+08:00,40.349998474121094,40.349998474121094,40.20000076293945,40.20000076293945,2000,0.0,0.0
2011-06-28 00:00:00+08:00,40.5,40.5,39.70000076293945,40.150001525878906,5000,0.0,0.0
2011-06-29 00:00:00+08:00,39.099998474121094,39.900001525878906,39.099998474121094,39.900001525878906,3000,0.0,0.0
2011-06-30 00:00:00+08:00,39.70000076293945,40.0,39.20000076293945,39.79999923706055,13000,0.0,0.0
2011-07-01 00:00:00+08:00,39.54999923706055,39.54999923706055,39.54999923706055,39.54999923706055,1000,0.0,0.0
2011-07-04 00:00:00+08:00,39.54999923706055,39.54999923706055,39.04999923706055,39.099998474121094,32000,0.0,0.0
2011-07-05 00:00:00+08:00,39.099998474121094,40.0,39.0,40.0,143000,0.0,0.0
2011-07-06 00:00:00+08:00,40.0,40.0,38.900001525878906,39.20000076293945,13000,0.0,0.0
2011-07-07 00:00:00+08:00,39.0,39.75,38.45000076293945,38.5,123000,0.0,0.0
2011-07-08 00:00:00+08:00,38.5,40.75,38.5,40.0,499000,0.0,0.0
2011-07-11 00:00:00+08:00,40.0,40.0,39.20000076293945,40.0,33000,0.0,0.0
2011-07-12 00:00:00+08:00,39.5,40.0,39.5,39.75,129000,0.0,0.0
2011-07-13 00:00:00+08:00,39.75,39.900001525878906,38.650001525878906,39.70000076293945,47000,0.0,0.0
2011-07-14 00:00:00+08:00,39.70000076293945,39.70000076293945,39.04999923706055,39.70000076293945,43000,0.0,0.0
2011-07-15 00:00:00+08:00,39.20000076293945,39.599998474121094,39.0,39.599998474121094,33000,0.0,0.0
2011-07-18 00:00:00+08:00,39.599998474121094,39.599998474121094,39.599998474121094,39.599998474121094,0,0.0,0.0
2011-07-19 00:00:00+08:00,39.54999923706055,39.54999923706055,39.54999923706055,39.54999923706055,9000,0.0,0.0
2011-07-20 00:00:00+08:00,39.099998474121094,39.20000076293945,39.0,39.20000076293945,21000,0.0,0.0
2011-07-21 00:00:00+08:00,38.79999923706055,39.150001525878906,38.70000076293945,38.70000076293945,13000,0.0,0.0
2011-07-22 00:00:00+08:00,38.95000076293945,40.0,38.95000076293945,39.900001525878906,137000,0.0,0.0
2011-07-25 00:00:00+08:00,39.900001525878906,39.900001525878906,39.04999923706055,39.54999923706055,19000,0.0,0.0
2011-07-26 00:00:00+08:00,39.099998474121094,39.79999923706055,39.0,39.70000076293945,21000,0.0,0.0
2011-07-27 00:00:00+08:00,39.0,39.400001525878906,38.79999923706055,39.400001525878906,10000,0.0,0.0
2011-07-28 00:00:00+08:00,39.349998474121094,39.400001525878906,39.349998474121094,39.400001525878906,11000,0.0,0.0
2011-07-29 00:00:00+08:00,39.0,39.599998474121094,39.0,39.599998474121094,31000,0.0,0.0
2011-08-01 00:00:00+08:00,39.5,39.5,39.0,39.349998474121094,20000,0.0,0.0
2011-08-02 00:00:00+08:00,39.150001525878906,39.5,38.5,38.849998474121094,60000,0.0,0.0
2011-08-03 00:00:00+08:00,38.70000076293945,38.79999923706055,37.650001525878906,38.5,18000,0.0,0.0
2011-08-04 00:00:00+08:00,38.0,39.5,38.0,39.29999923706055,57000,0.0,0.0
2011-08-05 00:00:00+08:00,37.70000076293945,38.75,37.099998474121094,38.5,18000,0.0,0.0
2011-08-08 00:00:00+08:00,38.0,38.79999923706055,36.5,37.70000076293945,152000,0.0,0.0
2011-08-09 00:00:00+08:00,35.349998474121094,37.650001525878906,35.099998474121094,36.20000076293945,46000,0.0,0.0
2011-08-10 00:00:00+08:00,35.0,36.95000076293945,35.0,35.900001525878906,57000,0.0,0.0
2011-08-11 00:00:00+08:00,34.400001525878906,35.849998474121094,34.400001525878906,35.5,49000,0.0,0.0
2011-08-12 00:00:00+08:00,34.599998474121094,35.400001525878906,34.599998474121094,35.29999923706055,11000,0.0,0.0
2011-08-15 00:00:00+08:00,35.20000076293945,36.849998474121094,35.20000076293945,36.70000076293945,17000,0.0,0.0
2011-08-16 00:00:00+08:00,36.20000076293945,36.650001525878906,36.0,36.650001525878906,26000,0.0,0.0
2011-08-17 00:00:00+08:00,35.099998474121094,36.54999923706055,35.099998474121094,36.25,11000,0.0,0.0
2011-08-18 00:00:00+08:00,35.5,36.0,35.0,35.54999923706055,35000,0.0,0.0
2011-08-19 00:00:00+08:00,34.70000076293945,35.650001525878906,34.099998474121094,35.400001525878906,34000,0.0,0.0
2011-08-22 00:00:00+08:00,35.20000076293945,36.45000076293945,35.20000076293945,36.45000076293945,37000,0.0,0.0
2011-08-23 00:00:00+08:00,36.0,36.54999923706055,36.0,36.54999923706055,9000,0.0,0.0
2011-08-24 00:00:00+08:00,36.0,36.5,36.0,36.45000076293945,27000,0.0,0.0
2011-08-25 00:00:00+08:00,36.70000076293945,36.70000076293945,35.29999923706055,36.20000076293945,29000,0.0,0.0
2011-08-26 00:00:00+08:00,36.0,36.150001525878906,35.75,36.150001525878906,45000,0.0,0.0
2011-08-29 00:00:00+08:00,36.150001525878906,36.150001525878906,35.5,35.54999923706055,26000,0.0,0.0
2011-08-30 00:00:00+08:00,35.54999923706055,35.54999923706055,35.29999923706055,35.29999923706055,16000,0.0,0.0
2011-08-31 00:00:00+08:00,35.0,35.29999923706055,33.25,35.0,265000,0.0,0.0
2011-09-01 00:00:00+08:00,34.0,34.29999923706055,33.0,34.29999923706055,121000,0.0,0.0
2011-09-02 00:00:00+08:00,34.20000076293945,34.25,33.349998474121094,34.04999923706055,26000,0.0,0.0
2011-09-05 00:00:00+08:00,32.599998474121094,32.79999923706055,31.700000762939453,32.79999923706055,126000,0.0,0.0
2011-09-06 00:00:00+08:00,31.25,32.70000076293945,30.549999237060547,30.600000381469727,593000,0.0,0.0
2011-09-07 00:00:00+08:00,32.400001525878906,32.400001525878906,30.25,31.0,288000,0.0,0.0
2011-09-08 00:00:00+08:00,31.450000762939453,32.0,31.0,31.0,6000,0.0,0.0
2011-09-09 00:00:00+08:00,31.350000381469727,33.0,30.899999618530273,32.79999923706055,30000,0.0,0.0
2011-09-13 00:00:00+08:00,31.299999237060547,32.599998474121094,31.299999237060547,32.349998474121094,6000,0.0,0.0
2011-09-14 00:00:00+08:00,32.20000076293945,32.20000076293945,31.899999618530273,31.899999618530273,6000,0.0,0.0
2011-09-15 00:00:00+08:00,30.799999237060547,32.900001525878906,30.799999237060547,32.20000076293945,19000,0.0,0.0
2011-09-16 00:00:00+08:00,31.100000381469727,32.70000076293945,30.25,30.25,57000,0.0,0.0
2011-09-19 00:00:00+08:00,30.950000762939453,30.950000762939453,30.350000381469727,30.549999237060547,5000,0.0,0.0
2011-09-20 00:00:00+08:00,30.799999237060547,32.0,30.600000381469727,32.0,24000,0.0,0.0
2011-09-21 00:00:00+08:00,32.0,32.0,31.950000762939453,31.950000762939453,5000,0.0,0.0
2011-09-22 00:00:00+08:00,31.799999237060547,31.799999237060547,31.799999237060547,31.799999237060547,1000,0.0,0.0
2011-09-23 00:00:00+08:00,30.899999618530273,31.450000762939453,30.149999618530273,31.450000762939453,63000,0.0,0.0
2011-09-26 00:00:00+08:00,31.899999618530273,31.899999618530273,30.5,31.149999618530273,33000,0.0,0.0
2011-09-27 00:00:00+08:00,30.549999237060547,31.649999618530273,30.549999237060547,31.450000762939453,27000,0.0,0.0
2011-09-28 00:00:00+08:00,30.899999618530273,31.399999618530273,30.799999237060547,31.200000762939453,16000,0.0,0.0
2011-09-29 00:00:00+08:00,31.200000762939453,31.299999237060547,31.200000762939453,31.200000762939453,4000,0.0,0.0
2011-09-30 00:00:00+08:00,31.200000762939453,31.200000762939453,30.700000762939453,31.0,8000,0.0,0.0
2011-10-03 00:00:00+08:00,30.950000762939453,30.950000762939453,30.700000762939453,30.700000762939453,4000,0.0,0.0
2011-10-04 00:00:00+08:00,29.5,30.649999618530273,29.5,30.5,29000,0.0,0.0
2011-10-05 00:00:00+08:00,29.75,30.149999618530273,29.700000762939453,30.100000381469727,4000,0.0,0.0
2011-10-06 00:00:00+08:00,31.950000762939453,31.950000762939453,30.75,30.75,4000,0.0,0.0
2011-10-07 00:00:00+08:00,31.399999618530273,31.399999618530273,31.399999618530273,31.399999618530273,1000,0.0,0.0
2011-10-11 00:00:00+08:00,31.5,31.5,30.450000762939453,30.899999618530273,12000,0.0,0.0
2011-10-12 00:00:00+08:00,31.0,31.0,30.399999618530273,30.799999237060547,129000,0.0,0.0
2011-10-13 00:00:00+08:00,31.0,31.75,30.200000762939453,30.649999618530273,9000,0.0,0.0
2011-10-14 00:00:00+08:00,30.850000381469727,30.850000381469727,30.5,30.5,207000,0.0,0.0
2011-10-17 00:00:00+08:00,31.700000762939453,31.700000762939453,30.0,30.450000762939453,9000,0.0,0.0
2011-10-18 00:00:00+08:00,30.399999618530273,30.399999618530273,29.799999237060547,30.350000381469727,249000,0.0,0.0
2011-10-19 00:00:00+08:00,30.5,30.5,30.5,30.5,248000,0.0,0.0
2011-10-20 00:00:00+08:00,30.0,30.100000381469727,30.0,30.100000381469727,3000,0.0,0.0
2011-10-21 00:00:00+08:00,30.100000381469727,30.100000381469727,30.100000381469727,30.100000381469727,1000,0.0,0.0
2011-10-24 00:00:00+08:00,30.149999618530273,30.399999618530273,29.600000381469727,30.299999237060547,15000,0.0,0.0
2011-10-25 00:00:00+08:00,29.899999618530273,30.200000762939453,29.899999618530273,30.200000762939453,7000,0.0,0.0
2011-10-26 00:00:00+08:00,28.649999618530273,31.950000762939453,28.600000381469727,31.75,56000,0.0,0.0
2011-10-27 00:00:00+08:00,31.049999237060547,32.5,30.899999618530273,32.5,31000,0.0,0.0
2011-10-28 00:00:00+08:00,32.400001525878906,32.400001525878906,31.0,32.0,55000,0.0,0.0
2011-10-31 00:00:00+08:00,32.0,32.0,31.0,31.799999237060547,22000,0.0,0.0
2011-11-01 00:00:00+08:00,31.700000762939453,31.700000762939453,30.700000762939453,31.450000762939453,83000,0.0,0.0
2011-11-02 00:00:00+08:00,31.299999237060547,31.299999237060547,29.700000762939453,29.700000762939453,19000,0.0,0.0
2011-11-03 00:00:00+08:00,29.5,30.600000381469727,29.399999618530273,30.600000381469727,38000,0.0,0.0
2011-11-04 00:00:00+08:00,30.5,31.0,30.299999237060547,31.0,76000,0.0,0.0
2011-11-07 00:00:00+08:00,30.950000762939453,31.0,30.0,30.950000762939453,57000,0.0,0.0
2011-11-08 00:00:00+08:00,31.0,31.0,30.350000381469727,30.850000381469727,16000,0.0,0.0
2011-11-09 00:00:00+08:00,31.700000762939453,31.700000762939453,30.299999237060547,30.899999618530273,17000,0.0,0.0
2011-11-10 00:00:00+08:00,30.75,30.75,28.850000381469727,30.0,40000,0.0,0.0
2011-11-11 00:00:00+08:00,30.5,30.5,29.399999618530273,30.399999618530273,54000,0.0,0.0
2011-11-14 00:00:00+08:00,30.299999237060547,30.299999237060547,29.600000381469727,30.25,33000,0.0,0.0
2011-11-15 00:00:00+08:00,29.5,29.850000381469727,29.0,29.299999237060547,10000,0.0,0.0
2011-11-16 00:00:00+08:00,29.0,29.0,28.299999237060547,28.299999237060547,6000,0.0,0.0
2011-11-17 00:00:00+08:00,28.0,28.25,28.0,28.200000762939453,6000,0.0,0.0
2011-11-18 00:00:00+08:00,26.649999618530273,28.200000762939453,26.649999618530273,27.5,9000,0.0,0.0
2011-11-21 00:00:00+08:00,26.25,27.299999237060547,25.600000381469727,25.600000381469727,58000,0.0,0.0
2011-11-22 00:00:00+08:00,23.850000381469727,24.75,23.850000381469727,24.5,236000,0.0,0.0
2011-11-23 00:00:00+08:00,23.5,26.200000762939453,22.799999237060547,25.399999618530273,672000,0.0,0.0
2011-11-24 00:00:00+08:00,25.200000762939453,26.799999237060547,24.899999618530273,26.600000381469727,709000,0.0,0.0
2011-11-25 00:00:00+08:00,26.399999618530273,27.450000762939453,26.399999618530273,27.450000762939453,25000,0.0,0.0
2011-11-28 00:00:00+08:00,27.399999618530273,28.100000381469727,27.399999618530273,28.100000381469727,10000,0.0,0.0
2011-11-29 00:00:00+08:00,28.100000381469727,28.350000381469727,27.200000762939453,27.200000762939453,6000,0.0,0.0
2011-11-30 00:00:00+08:00,27.5,27.5,26.700000762939453,27.5,19000,0.0,0.0
2011-12-01 00:00:00+08:00,27.0,27.899999618530273,26.799999237060547,27.850000381469727,12000,0.0,0.0
2011-12-02 00:00:00+08:00,27.799999237060547,27.799999237060547,26.649999618530273,27.350000381469727,7000,0.0,0.0
2011-12-05 00:00:00+08:00,26.5,27.0,26.5,26.950000762939453,209000,0.0,0.0
2011-12-06 00:00:00+08:00,26.899999618530273,26.899999618530273,26.899999618530273,26.899999618530273,3000,0.0,0.0
2011-12-07 00:00:00+08:00,26.100000381469727,27.75,26.100000381469727,27.75,6000,0.0,0.0
2011-12-08 00:00:00+08:00,27.149999618530273,27.149999618530273,26.399999618530273,27.0,67000,0.0,0.0
2011-12-09 00:00:00+08:00,27.0,27.5,27.0,27.5,20000,0.0,0.0
2011-12-12 00:00:00+08:00,27.450000762939453,27.450000762939453,27.450000762939453,27.450000762939453,1000,0.0,0.0
2011-12-13 00:00:00+08:00,26.0,26.950000762939453,26.0,26.950000762939453,5000,0.0,0.0
2011-12-14 00:00:00+08:00,27.149999618530273,27.200000762939453,27.149999618530273,27.200000762939453,2000,0.0,0.0
2011-12-15 00:00:00+08:00,26.950000762939453,26.950000762939453,26.950000762939453,26.950000762939453,1000,0.0,0.0
2011-12-16 00:00:00+08:00,26.899999618530273,26.899999618530273,26.850000381469727,26.850000381469727,6000,0.0,0.0
2011-12-19 00:00:00+08:00,26.850000381469727,26.850000381469727,25.799999237060547,26.799999237060547,16000,0.0,0.0
2011-12-20 00:00:00+08:00,25.200000762939453,26.700000762939453,25.149999618530273,26.049999237060547,14000,0.0,0.0
2011-12-21 00:00:00+08:00,25.799999237060547,26.25,25.799999237060547,25.950000762939453,5000,0.0,0.0
2011-12-22 00:00:00+08:00,26.149999618530273,26.149999618530273,26.149999618530273,26.149999618530273,1000,0.0,0.0
2011-12-23 00:00:00+08:00,26.0,26.100000381469727,26.0,26.100000381469727,3000,0.0,0.0
2011-12-26 00:00:00+08:00,26.200000762939453,26.25,26.149999618530273,26.149999618530273,7000,0.0,0.0
2011-12-27 00:00:00+08:00,24.799999237060547,26.049999237060547,24.799999237060547,25.950000762939453,10000,0.0,0.0
2011-12-28 00:00:00+08:00,25.75,25.75,25.600000381469727,25.600000381469727,3000,0.0,0.0
2011-12-29 00:00:00+08:00,25.450000762939453,25.450000762939453,25.450000762939453,25.450000762939453,2000,0.0,0.0
2011-12-30 00:00:00+08:00,26.0,26.0,24.75,25.899999618530273,7000,0.0,0.0
2012-01-02 00:00:00+08:00,26.0,26.0,26.0,26.0,1000,0.0,0.0
2012-01-03 00:00:00+08:00,26.0,26.0,26.0,26.0,1000,0.0,0.0
2012-01-04 00:00:00+08:00,25.950000762939453,25.950000762939453,25.950000762939453,25.950000762939453,1000,0.0,0.0
2012-01-05 00:00:00+08:00,26.0,27.0,26.0,27.0,23000,0.0,0.0
2012-01-06 00:00:00+08:00,26.950000762939453,26.950000762939453,26.950000762939453,26.950000762939453,1000,0.0,0.0
2012-01-09 00:00:00+08:00,27.200000762939453,27.200000762939453,25.549999237060547,26.399999618530273,6000,0.0,0.0
2012-01-10 00:00:00+08:00,26.450000762939453,26.450000762939453,26.450000762939453,26.450000762939453,1000,0.0,0.0
2012-01-11 00:00:00+08:00,26.75,26.75,26.75,26.75,1000,0.0,0.0
2012-01-12 00:00:00+08:00,26.700000762939453,26.700000762939453,26.700000762939453,26.700000762939453,1000,0.0,0.0
2012-01-13 00:00:00+08:00,25.200000762939453,26.399999618530273,25.200000762939453,26.399999618530273,6000,0.0,0.0
2012-01-16 00:00:00+08:00,26.350000381469727,26.850000381469727,26.350000381469727,26.850000381469727,15000,0.0,0.0
2012-01-17 00:00:00+08:00,26.950000762939453,26.950000762939453,26.950000762939453,26.950000762939453,1000,0.0,0.0
2012-01-18 00:00:00+08:00,26.899999618530273,27.25,26.899999618530273,27.25,7000,0.0,0.0
2012-01-30 00:00:00+08:00,26.0,26.549999237060547,26.0,26.5,7000,0.0,0.0
2012-01-31 00:00:00+08:00,26.899999618530273,26.899999618530273,26.899999618530273,26.899999618530273,1000,0.0,0.0
2012-02-01 00:00:00+08:00,26.899999618530273,26.899999618530273,25.850000381469727,26.25,8000,0.0,0.0
2012-02-02 00:00:00+08:00,26.0,26.25,26.0,26.25,7000,0.0,0.0
2012-02-03 00:00:00+08:00,25.149999618530273,26.450000762939453,25.149999618530273,26.450000762939453,10000,0.0,0.0
2012-02-06 00:00:00+08:00,28.0,29.850000381469727,28.0,29.700000762939453,68000,0.0,0.0
2012-02-07 00:00:00+08:00,29.700000762939453,29.899999618530273,29.25,29.25,10000,0.0,0.0
2012-02-08 00:00:00+08:00,30.5,30.799999237060547,29.0,30.5,21000,0.0,0.0
2012-02-09 00:00:00+08:00,30.5,30.899999618530273,29.049999237060547,30.399999618530273,18000,0.0,0.0
2012-02-10 00:00:00+08:00,30.399999618530273,30.399999618530273,29.299999237060547,30.149999618530273,17000,0.0,0.0
2012-02-13 00:00:00+08:00,29.899999618530273,30.0,29.899999618530273,30.0,4000,0.0,0.0
2012-02-14 00:00:00+08:00,29.149999618530273,29.600000381469727,29.100000381469727,29.549999237060547,13000,0.0,0.0
2012-02-15 00:00:00+08:00,28.700000762939453,29.399999618530273,28.5,29.100000381469727,9000,0.0,0.0
2012-02-16 00:00:00+08:00,29.100000381469727,29.100000381469727,28.200000762939453,28.899999618530273,10000,0.0,0.0
2012-02-17 00:00:00+08:00,28.75,28.75,28.75,28.75,1000,0.0,0.0
2012-02-20 00:00:00+08:00,28.450000762939453,28.450000762939453,28.100000381469727,28.100000381469727,2000,0.0,0.0
2012-02-21 00:00:00+08:00,29.299999237060547,29.299999237060547,28.100000381469727,28.899999618530273,15000,0.0,0.0
2012-02-22 00:00:00+08:00,29.299999237060547,29.299999237060547,28.0,28.75,90000,0.0,0.0
2012-02-23 00:00:00+08:00,27.75,28.649999618530273,27.75,28.0,43000,0.0,0.0
2012-02-24 00:00:00+08:00,28.149999618530273,28.149999618530273,27.299999237060547,27.799999237060547,31000,0.0,0.0
2012-02-29 00:00:00+08:00,28.299999237060547,28.299999237060547,27.799999237060547,27.899999618530273,16000,0.0,0.0
2012-03-01 00:00:00+08:00,27.950000762939453,27.950000762939453,27.100000381469727,27.5,366000,0.0,0.0
2012-03-02 00:00:00+08:00,27.299999237060547,27.850000381469727,27.0,27.850000381469727,599000,0.0,0.0
2012-03-05 00:00:00+08:00,28.649999618530273,29.75,28.649999618530273,28.700000762939453,346000,0.0,0.0
2012-03-06 00:00:00+08:00,28.700000762939453,29.100000381469727,27.5,28.200000762939453,485000,0.0,0.0
2012-03-07 00:00:00+08:00,27.799999237060547,27.950000762939453,27.049999237060547,27.049999237060547,237000,0.0,0.0
2012-03-08 00:00:00+08:00,27.049999237060547,27.450000762939453,26.850000381469727,27.200000762939453,539000,0.0,0.0
2012-03-09 00:00:00+08:00,27.200000762939453,27.399999618530273,26.75,26.75,405000,0.0,0.0
2012-03-12 00:00:00+08:00,27.0,27.350000381469727,26.549999237060547,27.299999237060547,452000,0.0,0.0
2012-03-13 00:00:00+08:00,27.0,27.299999237060547,26.700000762939453,27.299999237060547,49000,0.0,0.0
2012-03-14 00:00:00+08:00,27.299999237060547,27.450000762939453,27.0,27.25,30000,0.0,0.0
2012-03-15 00:00:00+08:00,27.299999237060547,27.299999237060547,26.799999237060547,27.200000762939453,36000,0.0,0.0
2012-03-16 00:00:00+08:00,27.5,27.799999237060547,27.100000381469727,27.200000762939453,35000,0.0,0.0
2012-03-19 00:00:00+08:00,27.25,27.25,27.0,27.0,21000,0.0,0.0
2012-03-20 00:00:00+08:00,27.0,27.0,26.0,26.0,76000,0.0,0.0
2012-03-21 00:00:00+08:00,27.299999237060547,27.299999237060547,27.299999237060547,27.299999237060547,3000,0.0,0.0
2012-03-22 00:00:00+08:00,26.200000762939453,26.950000762939453,26.200000762939453,26.700000762939453,9000,0.0,0.0
2012-03-23 00:00:00+08:00,26.600000381469727,26.899999618530273,26.299999237060547,26.299999237060547,8000,0.0,0.0
2012-03-26 00:00:00+08:00,26.200000762939453,26.549999237060547,26.100000381469727,26.549999237060547,10000,0.0,0.0
2012-03-27 00:00:00+08:00,26.049999237060547,26.5,26.049999237060547,26.5,16000,0.0,0.0
2012-03-28 00:00:00+08:00,26.25,26.25,26.25,26.25,1000,0.0,0.0
2012-03-29 00:00:00+08:00,24.850000381469727,27.149999618530273,24.850000381469727,25.200000762939453,53000,0.0,0.0
2012-03-30 00:00:00+08:00,24.5,26.049999237060547,24.5,26.049999237060547,11000,0.0,0.0
2012-04-02 00:00:00+08:00,24.75,26.149999618530273,24.75,26.0,5000,0.0,0.0
2012-04-03 00:00:00+08:00,25.850000381469727,25.850000381469727,24.25,25.399999618530273,32000,0.0,0.0
2012-04-05 00:00:00+08:00,24.350000381469727,26.5,23.649999618530273,26.5,81000,0.0,0.0
2012-04-06 00:00:00+08:00,25.5,26.5,25.5,26.450000762939453,7000,0.0,0.0
2012-04-09 00:00:00+08:00,26.200000762939453,26.200000762939453,26.200000762939453,26.200000762939453,1000,0.0,0.0
2012-04-10 00:00:00+08:00,25.549999237060547,25.950000762939453,25.5,25.950000762939453,6000,0.0,0.0
2012-04-11 00:00:00+08:00,24.549999237060547,25.399999618530273,24.5,24.899999618530273,23000,0.0,0.0
2012-04-12 00:00:00+08:00,24.0,25.399999618530273,24.0,24.25,9000,0.0,0.0
2012-04-13 00:00:00+08:00,24.350000381469727,24.5,24.049999237060547,24.049999237060547,14000,0.0,0.0
2012-04-16 00:00:00+08:00,25.5,25.5,24.100000381469727,24.649999618530273,10000,0.0,0.0
2012-04-17 00:00:00+08:00,24.100000381469727,24.5,24.100000381469727,24.5,2000,0.0,0.0
2012-04-18 00:00:00+08:00,24.149999618530273,24.450000762939453,24.100000381469727,24.450000762939453,6000,0.0,0.0
2012-04-19 00:00:00+08:00,24.399999618530273,24.399999618530273,24.399999618530273,24.399999618530273,2000,0.0,0.0
2012-04-20 00:00:00+08:00,23.5,23.75,22.700000762939453,22.700000762939453,20000,0.0,0.0
2012-04-23 00:00:00+08:00,21.399999618530273,23.899999618530273,21.299999237060547,23.899999618530273,85000,0.0,0.0
2012-04-24 00:00:00+08:00,23.399999618530273,25.149999618530273,23.25,25.049999237060547,25000,0.0,0.0
2012-04-25 00:00:00+08:00,25.0,26.799999237060547,24.549999237060547,26.799999237060547,92000,0.0,0.0
2012-04-26 00:00:00+08:00,27.5,27.5,26.200000762939453,27.299999237060547,111000,0.0,0.0
2012-04-27 00:00:00+08:00,27.0,27.0,26.350000381469727,26.700000762939453,45000,0.0,0.0
2012-04-30 00:00:00+08:00,27.299999237060547,27.299999237060547,26.25,26.25,13000,0.0,0.0
2012-05-02 00:00:00+08:00,26.700000762939453,26.75,26.700000762939453,26.700000762939453,10000,0.0,0.0
2012-05-03 00:00:00+08:00,26.049999237060547,26.649999618530273,25.899999618530273,26.649999618530273,37000,0.0,0.0
2012-05-04 00:00:00+08:00,25.899999618530273,27.149999618530273,25.399999618530273,27.149999618530273,38000,0.0,0.0
2012-05-07 00:00:00+08:00,26.950000762939453,26.950000762939453,26.850000381469727,26.850000381469727,2000,0.0,0.0
2012-05-08 00:00:00+08:00,27.049999237060547,27.100000381469727,27.0,27.0,3000,0.0,0.0
2012-05-09 00:00:00+08:00,26.950000762939453,26.950000762939453,26.950000762939453,26.950000762939453,1000,0.0,0.0
2012-05-10 00:00:00+08:00,26.950000762939453,26.950000762939453,25.799999237060547,26.75,11000,0.0,0.0
2012-05-11 00:00:00+08:00,26.0,26.399999618530273,26.0,26.399999618530273,5000,0.0,0.0
2012-05-14 00:00:00+08:00,25.649999618530273,26.25,25.649999618530273,26.100000381469727,6000,0.0,0.0
2012-05-15 00:00:00+08:00,26.899999618530273,26.899999618530273,25.25,25.25,9000,0.0,0.0
2012-05-16 00:00:00+08:00,25.600000381469727,25.600000381469727,25.0,25.5,11000,0.0,0.0
2012-05-17 00:00:00+08:00,24.850000381469727,25.399999618530273,24.799999237060547,25.25,8000,0.0,0.0
2012-05-18 00:00:00+08:00,25.350000381469727,25.350000381469727,25.100000381469727,25.100000381469727,2000,0.0,0.0
2012-05-21 00:00:00+08:00,24.100000381469727,26.200000762939453,24.100000381469727,25.649999618530273,64000,0.0,0.0
2012-05-22 00:00:00+08:00,25.600000381469727,25.600000381469727,25.549999237060547,25.549999237060547,2000,0.0,0.0
2012-05-23 00:00:00+08:00,25.450000762939453,25.450000762939453,25.399999618530273,25.399999618530273,2000,0.0,0.0
2012-05-24 00:00:00+08:00,24.600000381469727,25.200000762939453,24.5,25.0,5000,0.0,0.0
2012-05-25 00:00:00+08:00,24.5,25.0,23.700000762939453,25.0,33000,0.0,0.0
2012-05-28 00:00:00+08:00,24.950000762939453,24.950000762939453,24.899999618530273,24.899999618530273,7000,0.0,0.0
2012-05-29 00:00:00+08:00,24.5,24.950000762939453,23.899999618530273,24.950000762939453,325000,0.0,0.0
2012-05-30 00:00:00+08:00,24.950000762939453,25.0,24.950000762939453,25.0,5000,0.0,0.0
2012-05-31 00:00:00+08:00,24.100000381469727,24.950000762939453,24.049999237060547,24.299999237060547,23000,0.0,0.0
2012-06-01 00:00:00+08:00,24.299999237060547,24.299999237060547,23.5,24.0,5000,0.0,0.0
2012-06-04 00:00:00+08:00,24.450000762939453,24.450000762939453,22.700000762939453,23.950000762939453,28000,0.0,0.0
2012-06-05 00:00:00+08:00,24.0,24.75,23.899999618530273,24.399999618530273,38000,0.0,0.0
2012-06-06 00:00:00+08:00,24.549999237060547,25.899999618530273,24.100000381469727,25.899999618530273,78000,0.0,0.0
2012-06-07 00:00:00+08:00,25.850000381469727,25.850000381469727,25.049999237060547,25.450000762939453,8000,0.0,0.0
2012-06-08 00:00:00+08:00,24.549999237060547,24.950000762939453,24.5,24.799999237060547,10000,0.0,0.0
2012-06-11 00:00:00+08:00,24.700000762939453,24.700000762939453,24.649999618530273,24.649999618530273,3000,0.0,0.0
2012-06-12 00:00:00+08:00,24.600000381469727,24.600000381469727,24.350000381469727,24.350000381469727,11000,0.0,0.0
2012-06-13 00:00:00+08:00,24.299999237060547,24.299999237060547,24.0,24.0,2000,0.0,0.0
2012-06-14 00:00:00+08:00,24.0,24.399999618530273,23.899999618530273,23.899999618530273,3000,0.0,0.0
2012-06-15 00:00:00+08:00,23.600000381469727,23.899999618530273,23.200000762939453,23.200000762939453,13000,0.0,0.0
2012-06-18 00:00:00+08:00,23.200000762939453,23.950000762939453,23.200000762939453,23.950000762939453,2000,0.0,0.0
2012-06-19 00:00:00+08:00,23.950000762939453,25.149999618530273,23.950000762939453,24.649999618530273,33000,0.0,0.0
2012-06-20 00:00:00+08:00,23.799999237060547,24.950000762939453,23.799999237060547,24.049999237060547,19000,0.0,0.0
2012-06-21 00:00:00+08:00,23.200000762939453,24.950000762939453,23.200000762939453,24.75,37000,0.0,0.0
2012-06-22 00:00:00+08:00,24.899999618530273,24.899999618530273,24.799999237060547,24.899999618530273,14000,0.0,0.0
2012-06-25 00:00:00+08:00,24.75,24.75,24.75,24.75,2000,0.0,0.0
2012-06-26 00:00:00+08:00,24.75,24.75,24.75,24.75,8000,0.0,0.0
2012-06-27 00:00:00+08:00,24.649999618530273,24.649999618530273,24.649999618530273,24.649999618530273,2000,0.0,0.0
2012-06-28 00:00:00+08:00,24.75,24.75,24.649999618530273,24.649999618530273,9000,0.0,0.0
2012-06-29 00:00:00+08:00,24.0,24.549999237060547,24.0,24.549999237060547,14000,0.0,0.0
2012-07-02 00:00:00+08:00,24.549999237060547,24.549999237060547,24.0,24.350000381469727,13000,0.0,0.0
2012-07-03 00:00:00+08:00,24.25,24.450000762939453,24.0,24.450000762939453,129000,0.0,0.0
2012-07-04 00:00:00+08:00,23.700000762939453,23.950000762939453,23.600000381469727,23.850000381469727,166000,0.0,0.0
2012-07-05 00:00:00+08:00,23.950000762939453,24.149999618530273,23.700000762939453,23.700000762939453,6000,0.0,0.0
2012-07-06 00:00:00+08:00,23.700000762939453,23.850000381469727,23.700000762939453,23.850000381469727,3000,0.0,0.0
2012-07-09 00:00:00+08:00,23.700000762939453,23.75,23.700000762939453,23.75,54000,0.0,0.0
2012-07-10 00:00:00+08:00,23.950000762939453,24.5,23.649999618530273,23.649999618530273,27000,0.0,0.0
2012-07-11 00:00:00+08:00,23.950000762939453,23.950000762939453,23.5,23.5,3000,0.0,0.0
2012-07-12 00:00:00+08:00,23.950000762939453,23.950000762939453,23.0,23.0,6000,0.0,0.0
2012-07-13 00:00:00+08:00,23.200000762939453,24.299999237060547,23.200000762939453,24.0,13000,0.0,0.0
2012-07-16 00:00:00+08:00,23.350000381469727,23.950000762939453,23.049999237060547,23.899999618530273,28000,0.0,0.0
2012-07-17 00:00:00+08:00,23.399999618530273,23.5,23.100000381469727,23.100000381469727,32000,0.0,0.0
2012-07-18 00:00:00+08:00,23.399999618530273,23.450000762939453,23.399999618530273,23.450000762939453,3000,0.0,0.0
2012-07-19 00:00:00+08:00,23.399999618530273,23.399999618530273,23.399999618530273,23.399999618530273,3000,0.0,0.0
2012-07-20 00:00:00+08:00,23.399999618530273,23.450000762939453,23.399999618530273,23.399999618530273,13000,0.0,0.0
2012-07-23 00:00:00+08:00,23.399999618530273,23.399999618530273,23.0,23.0,10000,0.0,0.0
2012-07-24 00:00:00+08:00,23.0,23.0,22.5,22.950000762939453,12000,0.0,0.0
2012-07-25 00:00:00+08:00,22.899999618530273,24.299999237060547,21.600000381469727,24.0,32000,0.0,0.0
2012-07-26 00:00:00+08:00,24.0,24.0,23.100000381469727,23.450000762939453,20000,0.0,0.0
2012-07-27 00:00:00+08:00,23.450000762939453,23.450000762939453,23.450000762939453,23.450000762939453,1000,0.0,0.0
2012-07-30 00:00:00+08:00,23.200000762939453,23.450000762939453,22.600000381469727,23.0,21000,0.0,0.0
2012-07-31 00:00:00+08:00,23.0,24.0,23.0,23.799999237060547,15000,0.0,0.0
2012-08-01 00:00:00+08:00,23.450000762939453,23.899999618530273,23.049999237060547,23.649999618530273,95000,0.0,0.0
2012-08-02 00:00:00+08:00,23.649999618530273,23.649999618530273,23.649999618530273,23.649999618530273,0,0.0,0.0
2012-08-03 00:00:00+08:00,23.649999618530273,23.799999237060547,23.649999618530273,23.700000762939453,103000,0.0,0.0
2012-08-06 00:00:00+08:00,24.399999618530273,24.399999618530273,22.75,23.799999237060547,8000,0.0,0.0
2012-08-07 00:00:00+08:00,23.100000381469727,23.850000381469727,23.0,23.299999237060547,10000,0.0,0.0
2012-08-08 00:00:00+08:00,23.399999618530273,23.399999618530273,22.700000762939453,22.700000762939453,8000,0.0,0.0
2012-08-09 00:00:00+08:00,22.850000381469727,23.5,22.200000762939453,23.299999237060547,23000,0.0,0.0
2012-08-10 00:00:00+08:00,22.799999237060547,23.25,22.600000381469727,23.25,22000,0.0,0.0
2012-08-13 00:00:00+08:00,23.450000762939453,23.450000762939453,23.450000762939453,23.450000762939453,15000,0.0,0.0
2012-08-14 00:00:00+08:00,23.0,23.950000762939453,23.0,23.850000381469727,16000,0.0,0.0
2012-08-15 00:00:00+08:00,23.850000381469727,23.850000381469727,22.899999618530273,22.899999618530273,22000,0.0,0.0
2012-08-16 00:00:00+08:00,23.5,23.5,23.200000762939453,23.200000762939453,12000,0.0,0.0
2012-08-17 00:00:00+08:00,23.299999237060547,23.299999237060547,23.0,23.0,12000,0.0,0.0
2012-08-20 00:00:00+08:00,22.799999237060547,22.950000762939453,22.799999237060547,22.899999618530273,14000,0.0,0.0
2012-08-21 00:00:00+08:00,22.950000762939453,22.950000762939453,22.600000381469727,22.600000381469727,24000,0.0,0.0
2012-08-22 00:00:00+08:00,23.100000381469727,23.100000381469727,22.600000381469727,22.950000762939453,25000,0.0,0.0
2012-08-23 00:00:00+08:00,22.950000762939453,22.950000762939453,22.899999618530273,22.899999618530273,2000,0.0,0.0
2012-08-24 00:00:00+08:00,22.899999618530273,22.899999618530273,22.899999618530273,22.899999618530273,1000,0.0,0.0
2012-08-27 00:00:00+08:00,22.100000381469727,22.649999618530273,22.0,22.649999618530273,12000,0.0,0.0
2012-08-28 00:00:00+08:00,22.100000381469727,22.5,21.600000381469727,22.450000762939453,16000,0.0,0.0
2012-08-29 00:00:00+08:00,22.0,22.899999618530273,22.0,22.600000381469727,219000,0.0,0.0
2012-08-30 00:00:00+08:00,22.649999618530273,22.799999237060547,22.549999237060547,22.549999237060547,486000,0.0,0.0
2012-08-31 00:00:00+08:00,22.799999237060547,22.799999237060547,22.25,22.25,3000,0.0,0.0
2012-09-03 00:00:00+08:00,22.25,22.5,22.25,22.5,7000,0.0,0.0
2012-09-04 00:00:00+08:00,22.5,22.75,22.149999618530273,22.75,18000,0.0,0.0
2012-09-05 00:00:00+08:00,22.0,23.0,22.0,23.0,52000,0.0,0.0
2012-09-06 00:00:00+08:00,22.200000762939453,22.549999237060547,22.049999237060547,22.350000381469727,13000,0.0,0.0
2012-09-07 00:00:00+08:00,22.799999237060547,22.799999237060547,22.600000381469727,22.600000381469727,18000,0.0,0.0
2012-09-10 00:00:00+08:00,22.450000762939453,22.450000762939453,22.450000762939453,22.450000762939453,2000,0.0,0.0
2012-09-11 00:00:00+08:00,22.399999618530273,22.399999618530273,21.700000762939453,22.100000381469727,55000,0.0,0.0
2012-09-12 00:00:00+08:00,22.200000762939453,22.200000762939453,21.75,21.75,11000,0.0,0.0
2012-09-13 00:00:00+08:00,21.5,21.700000762939453,21.5,21.700000762939453,6000,0.0,0.0
2012-09-14 00:00:00+08:00,21.700000762939453,21.899999618530273,21.350000381469727,21.850000381469727,10000,0.0,0.0
2012-09-17 00:00:00+08:00,20.799999237060547,21.799999237060547,20.799999237060547,21.049999237060547,9000,0.0,0.0
2012-09-18 00:00:00+08:00,21.049999237060547,21.049999237060547,19.600000381469727,21.0,102000,0.0,0.0
2012-09-19 00:00:00+08:00,20.950000762939453,21.0,20.950000762939453,21.0,2000,0.0,0.0
2012-09-20 00:00:00+08:00,20.100000381469727,21.5,20.100000381469727,20.450000762939453,67000,0.0,0.0
2012-09-21 00:00:00+08:00,20.149999618530273,21.0,20.149999618530273,20.399999618530273,82000,0.0,0.0
2012-09-24 00:00:00+08:00,20.399999618530273,20.799999237060547,19.799999237060547,20.350000381469727,34000,0.0,0.0
2012-09-25 00:00:00+08:00,19.899999618530273,20.299999237060547,19.700000762939453,20.149999618530273,32000,0.0,0.0
2012-09-26 00:00:00+08:00,20.299999237060547,20.299999237060547,19.850000381469727,20.049999237060547,12000,0.0,0.0
2012-09-27 00:00:00+08:00,20.0,20.450000762939453,20.0,20.350000381469727,17000,0.0,0.0
2012-09-28 00:00:00+08:00,20.200000762939453,20.200000762939453,20.200000762939453,20.200000762939453,1000,0.0,0.0
2012-10-01 00:00:00+08:00,20.149999618530273,20.149999618530273,20.0,20.0,6000,0.0,0.0
2012-10-02 00:00:00+08:00,20.049999237060547,20.049999237060547,20.0,20.0,4000,0.0,0.0
2012-10-03 00:00:00+08:00,20.0,20.0,19.950000762939453,20.0,26000,0.0,0.0
2012-10-04 00:00:00+08:00,20.0,21.0,20.0,21.0,54000,0.0,0.0
2012-10-05 00:00:00+08:00,21.0,21.0,20.5,20.899999618530273,17000,0.0,0.0
2012-10-08 00:00:00+08:00,20.899999618530273,20.899999618530273,20.200000762939453,20.200000762939453,11000,0.0,0.0
2012-10-09 00:00:00+08:00,20.450000762939453,20.450000762939453,20.450000762939453,20.450000762939453,1000,0.0,0.0
2012-10-11 00:00:00+08:00,20.299999237060547,20.75,19.850000381469727,20.399999618530273,34000,0.0,0.0
2012-10-12 00:00:00+08:00,19.850000381469727,20.399999618530273,19.850000381469727,20.200000762939453,10000,0.0,0.0
2012-10-15 00:00:00+08:00,19.049999237060547,20.149999618530273,19.049999237060547,20.149999618530273,75000,0.0,0.0
2012-10-16 00:00:00+08:00,20.0,20.0,20.0,20.0,2000,0.0,0.0
2012-10-17 00:00:00+08:00,20.100000381469727,20.950000762939453,20.100000381469727,20.950000762939453,3000,0.0,0.0
2012-10-18 00:00:00+08:00,20.799999237060547,20.799999237060547,20.799999237060547,20.799999237060547,1000,0.0,0.0
2012-10-19 00:00:00+08:00,20.149999618530273,21.0,20.149999618530273,20.950000762939453,152000,0.0,0.0
2012-10-22 00:00:00+08:00,20.25,20.899999618530273,20.200000762939453,20.899999618530273,142000,0.0,0.0
2012-10-23 00:00:00+08:00,20.299999237060547,20.399999618530273,19.75,19.850000381469727,18000,0.0,0.0
2012-10-24 00:00:00+08:00,20.049999237060547,20.049999237060547,19.899999618530273,19.950000762939453,29000,0.0,0.0
2012-10-25 00:00:00+08:00,19.899999618530273,19.899999618530273,19.25,19.25,3000,0.0,0.0
2012-10-26 00:00:00+08:00,19.25,19.850000381469727,19.25,19.850000381469727,2000,0.0,0.0
2012-10-29 00:00:00+08:00,18.850000381469727,18.850000381469727,18.5,18.5,42000,0.0,0.0
2012-10-30 00:00:00+08:00,18.100000381469727,19.399999618530273,17.25,18.700000762939453,36000,0.0,0.0
2012-10-31 00:00:00+08:00,17.5,18.549999237060547,17.399999618530273,18.5,323000,0.0,0.0
2012-11-01 00:00:00+08:00,17.549999237060547,18.25,17.5,18.200000762939453,22000,0.0,0.0
2012-11-02 00:00:00+08:00,18.100000381469727,18.450000762939453,18.100000381469727,18.100000381469727,3000,0.0,0.0
2012-11-05 00:00:00+08:00,18.0,18.0,17.5,18.0,42000,0.0,0.0
2012-11-06 00:00:00+08:00,18.549999237060547,18.549999237060547,17.5,17.5,17000,0.0,0.0
2012-11-07 00:00:00+08:00,17.5,18.0,17.5,17.899999618530273,97000,0.0,0.0
2012-11-08 00:00:00+08:00,17.799999237060547,17.799999237060547,17.649999618530273,17.649999618530273,2000,0.0,0.0
2012-11-09 00:00:00+08:00,17.5,17.799999237060547,17.5,17.600000381469727,31000,0.0,0.0
2012-11-12 00:00:00+08:00,17.600000381469727,17.799999237060547,17.600000381469727,17.799999237060547,3000,0.0,0.0
2012-11-13 00:00:00+08:00,16.850000381469727,18.25,16.850000381469727,17.700000762939453,14000,0.0,0.0
2012-11-14 00:00:00+08:00,17.75,17.75,17.75,17.75,1000,0.0,0.0
2012-11-15 00:00:00+08:00,18.200000762939453,18.200000762939453,18.200000762939453,18.200000762939453,1000,0.0,0.0
2012-11-16 00:00:00+08:00,18.700000762939453,18.700000762939453,18.600000381469727,18.600000381469727,2000,0.0,0.0
2012-11-19 00:00:00+08:00,17.450000762939453,18.25,17.399999618530273,17.600000381469727,8000,0.0,0.0
2012-11-20 00:00:00+08:00,17.75,18.100000381469727,17.75,17.950000762939453,18000,0.0,0.0
2012-11-21 00:00:00+08:00,18.149999618530273,18.149999618530273,18.149999618530273,18.149999618530273,1000,0.0,0.0
2012-11-22 00:00:00+08:00,17.5,17.899999618530273,17.5,17.5,6000,0.0,0.0
2012-11-23 00:00:00+08:00,17.25,17.799999237060547,17.25,17.799999237060547,5000,0.0,0.0
2012-11-26 00:00:00+08:00,18.399999618530273,18.399999618530273,18.0,18.0,6000,0.0,0.0
2012-11-27 00:00:00+08:00,18.100000381469727,18.100000381469727,17.049999237060547,17.049999237060547,14000,0.0,0.0
2012-11-28 00:00:00+08:00,17.899999618530273,18.200000762939453,17.899999618530273,18.200000762939453,139000,0.0,0.0
2012-11-29 00:00:00+08:00,18.5,19.450000762939453,18.5,19.450000762939453,99000,0.0,0.0
2012-11-30 00:00:00+08:00,20.0,20.799999237060547,20.0,20.649999618530273,366000,0.0,0.0
2012-12-03 00:00:00+08:00,20.649999618530273,22.049999237060547,20.649999618530273,22.049999237060547,247000,0.0,0.0
2012-12-04 00:00:00+08:00,23.5,23.549999237060547,22.649999618530273,23.549999237060547,121000,0.0,0.0
2012-12-05 00:00:00+08:00,24.0,24.75,24.0,24.5,73000,0.0,0.0
2012-12-06 00:00:00+08:00,24.5,24.850000381469727,24.5,24.5,80000,0.0,0.0
2012-12-07 00:00:00+08:00,24.899999618530273,24.899999618530273,23.899999618530273,24.25,49000,0.0,0.0
2012-12-10 00:00:00+08:00,24.25,24.299999237060547,23.700000762939453,23.899999618530273,126000,0.0,0.0
2012-12-11 00:00:00+08:00,23.899999618530273,23.950000762939453,23.450000762939453,23.75,49000,0.0,0.0
2012-12-12 00:00:00+08:00,23.75,25.200000762939453,23.75,24.75,55000,0.0,0.0
2012-12-13 00:00:00+08:00,24.75,26.450000762939453,24.700000762939453,26.0,409000,0.0,0.0
2012-12-14 00:00:00+08:00,26.0,27.75,25.899999618530273,27.100000381469727,638000,0.0,0.0
2012-12-17 00:00:00+08:00,27.100000381469727,28.600000381469727,26.950000762939453,28.399999618530273,485000,0.0,0.0
2012-12-18 00:00:00+08:00,28.399999618530273,28.899999618530273,28.0,28.399999618530273,711000,0.0,0.0
2012-12-19 00:00:00+08:00,29.450000762939453,29.450000762939453,28.100000381469727,28.399999618530273,199000,0.0,0.0
2012-12-20 00:00:00+08:00,28.399999618530273,30.200000762939453,28.299999237060547,30.0,321000,0.0,0.0
2012-12-21 00:00:00+08:00,30.0,30.700000762939453,29.549999237060547,29.549999237060547,87000,0.0,0.0
2012-12-24 00:00:00+08:00,29.700000762939453,30.200000762939453,28.950000762939453,29.5,117000,0.0,0.0
2012-12-25 00:00:00+08:00,29.5,31.5,29.5,31.5,211000,0.0,0.0
2012-12-26 00:00:00+08:00,31.5,32.099998474121094,31.100000381469727,31.5,313000,0.0,0.0
2012-12-27 00:00:00+08:00,31.75,32.400001525878906,31.399999618530273,32.400001525878906,242000,0.0,0.0
2012-12-28 00:00:00+08:00,32.5,34.099998474121094,32.0,34.099998474121094,1383000,0.0,0.0
2013-01-02 00:00:00+08:00,34.900001525878906,35.79999923706055,34.75,35.45000076293945,114000,0.0,0.0
2013-01-03 00:00:00+08:00,36.5,36.5,34.20000076293945,35.75,97000,0.0,0.0
2013-01-04 00:00:00+08:00,35.75,35.75,34.70000076293945,35.150001525878906,45000,0.0,0.0
2013-01-07 00:00:00+08:00,35.70000076293945,35.70000076293945,34.0,34.099998474121094,33000,0.0,0.0
2013-01-08 00:00:00+08:00,34.099998474121094,34.099998474121094,32.599998474121094,32.599998474121094,45000,0.0,0.0
2013-01-09 00:00:00+08:00,32.5,32.5,30.350000381469727,30.549999237060547,165000,0.0,0.0
2013-01-10 00:00:00+08:00,31.0,31.149999618530273,29.0,29.0,164000,0.0,0.0
2013-01-11 00:00:00+08:00,28.299999237060547,29.0,28.200000762939453,29.0,67000,0.0,0.0
2013-01-14 00:00:00+08:00,28.950000762939453,29.899999618530273,28.950000762939453,29.5,19000,0.0,0.0
2013-01-15 00:00:00+08:00,28.600000381469727,29.5,28.5,29.5,47000,0.0,0.0
2013-01-16 00:00:00+08:00,28.649999618530273,29.350000381469727,28.649999618530273,29.350000381469727,7000,0.0,0.0
2013-01-17 00:00:00+08:00,28.850000381469727,29.350000381469727,28.5,28.5,33000,0.0,0.0
2013-01-18 00:00:00+08:00,28.5,29.0,27.600000381469727,28.5,104000,0.0,0.0
2013-01-21 00:00:00+08:00,28.0,28.450000762939453,27.950000762939453,28.450000762939453,55000,0.0,0.0
2013-01-22 00:00:00+08:00,28.399999618530273,28.399999618530273,27.950000762939453,28.299999237060547,53000,0.0,0.0
2013-01-23 00:00:00+08:00,27.899999618530273,28.25,27.25,28.0,59000,0.0,0.0
2013-01-24 00:00:00+08:00,27.950000762939453,27.950000762939453,27.950000762939453,27.950000762939453,2000,0.0,0.0
2013-01-25 00:00:00+08:00,27.399999618530273,27.899999618530273,27.399999618530273,27.899999618530273,9000,0.0,0.0
2013-01-28 00:00:00+08:00,27.200000762939453,28.600000381469727,27.200000762939453,28.100000381469727,82000,0.0,0.0
2013-01-29 00:00:00+08:00,26.899999618530273,28.100000381469727,26.899999618530273,27.700000762939453,22000,0.0,0.0
2013-01-30 00:00:00+08:00,29.600000381469727,29.600000381469727,29.5,29.600000381469727,154000,0.0,0.0
2013-01-31 00:00:00+08:00,31.600000381469727,31.600000381469727,30.399999618530273,30.399999618530273,94000,0.0,0.0
2013-02-01 00:00:00+08:00,30.049999237060547,30.399999618530273,28.850000381469727,29.549999237060547,18000,0.0,0.0
2013-02-04 00:00:00+08:00,29.549999237060547,29.549999237060547,28.5,29.450000762939453,18000,0.0,0.0
2013-02-05 00:00:00+08:00,28.399999618530273,29.0,28.149999618530273,28.149999618530273,13000,0.0,0.0
2013-02-06 00:00:00+08:00,28.0,29.0,28.0,28.799999237060547,6000,0.0,0.0
2013-02-18 00:00:00+08:00,27.950000762939453,29.049999237060547,27.950000762939453,28.549999237060547,7000,0.0,0.0
2013-02-19 00:00:00+08:00,28.149999618530273,28.700000762939453,28.100000381469727,28.700000762939453,12000,0.0,0.0
2013-02-20 00:00:00+08:00,28.899999618530273,28.899999618530273,28.149999618530273,28.649999618530273,5000,0.0,0.0
2013-02-21 00:00:00+08:00,28.5,28.850000381469727,28.299999237060547,28.850000381469727,14000,0.0,0.0
2013-02-22 00:00:00+08:00,28.850000381469727,29.200000762939453,28.450000762939453,28.450000762939453,16000,0.0,0.0
2013-02-25 00:00:00+08:00,29.200000762939453,29.200000762939453,28.700000762939453,28.950000762939453,8000,0.0,0.0
2013-02-26 00:00:00+08:00,29.0,29.100000381469727,28.649999618530273,29.0,5000,0.0,0.0
2013-02-27 00:00:00+08:00,29.0,29.0,28.600000381469727,28.950000762939453,7000,0.0,0.0
2013-03-01 00:00:00+08:00,28.649999618530273,28.899999618530273,28.600000381469727,28.899999618530273,7000,0.0,0.0
2013-03-04 00:00:00+08:00,27.950000762939453,28.899999618530273,27.950000762939453,28.899999618530273,22000,0.0,0.0
2013-03-05 00:00:00+08:00,28.850000381469727,28.850000381469727,28.850000381469727,28.850000381469727,1000,0.0,0.0
2013-03-06 00:00:00+08:00,29.200000762939453,29.600000381469727,28.899999618530273,29.0,21000,0.0,0.0
2013-03-07 00:00:00+08:00,28.899999618530273,28.899999618530273,28.649999618530273,28.799999237060547,12000,0.0,0.0
2013-03-08 00:00:00+08:00,28.799999237060547,28.799999237060547,28.200000762939453,28.75,26000,0.0,0.0
2013-03-11 00:00:00+08:00,28.200000762939453,28.700000762939453,28.200000762939453,28.700000762939453,10000,0.0,0.0
2013-03-12 00:00:00+08:00,28.799999237060547,28.799999237060547,28.350000381469727,28.350000381469727,14282,0.0,0.0
2013-03-13 00:00:00+08:00,28.399999618530273,28.700000762939453,28.350000381469727,28.700000762939453,13000,0.0,0.0
2013-03-14 00:00:00+08:00,28.75,28.75,28.600000381469727,28.600000381469727,25019,0.0,0.0
2013-03-15 00:00:00+08:00,28.5,28.5,28.5,28.5,4801,0.0,0.0
2013-03-18 00:00:00+08:00,28.549999237060547,28.549999237060547,28.549999237060547,28.549999237060547,1986,0.0,0.0
2013-03-19 00:00:00+08:00,28.600000381469727,28.75,28.399999618530273,28.5,65000,0.0,0.0
2013-03-20 00:00:00+08:00,28.5,28.799999237060547,28.5,28.5,29000,0.0,0.0
2013-03-21 00:00:00+08:00,28.5,28.5,28.5,28.5,5000,0.0,0.0
2013-03-22 00:00:00+08:00,28.5,28.600000381469727,28.5,28.600000381469727,33011,0.0,0.0
2013-03-25 00:00:00+08:00,28.0,28.700000762939453,28.0,28.700000762939453,81166,0.0,0.0
2013-03-26 00:00:00+08:00,28.649999618530273,28.700000762939453,28.649999618530273,28.700000762939453,90647,0.0,0.0
2013-03-27 00:00:00+08:00,28.799999237060547,28.799999237060547,28.5,28.700000762939453,9000,0.0,0.0
2013-03-28 00:00:00+08:00,28.700000762939453,28.700000762939453,28.600000381469727,28.600000381469727,5000,0.0,0.0
2013-03-29 00:00:00+08:00,28.600000381469727,28.600000381469727,27.600000381469727,28.549999237060547,8595,0.0,0.0
2013-04-01 00:00:00+08:00,28.5,28.5,27.850000381469727,27.850000381469727,13600,0.0,0.0
2013-04-02 00:00:00+08:00,27.850000381469727,28.399999618530273,27.850000381469727,27.899999618530273,10352,0.0,0.0
2013-04-03 00:00:00+08:00,28.0,28.0,27.899999618530273,28.0,30000,0.0,0.0
2013-04-08 00:00:00+08:00,27.100000381469727,28.899999618530273,27.100000381469727,28.799999237060547,15029,0.0,0.0
2013-04-09 00:00:00+08:00,28.649999618530273,28.649999618530273,27.200000762939453,27.200000762939453,5174,0.0,0.0
2013-04-10 00:00:00+08:00,27.899999618530273,27.899999618530273,27.850000381469727,27.850000381469727,3000,0.0,0.0
2013-04-11 00:00:00+08:00,27.950000762939453,27.950000762939453,27.950000762939453,27.950000762939453,1301,0.0,0.0
2013-04-12 00:00:00+08:00,27.399999618530273,27.75,27.200000762939453,27.75,9000,0.0,0.0
2013-04-15 00:00:00+08:00,28.5,28.5,27.25,28.100000381469727,22534,0.0,0.0
2013-04-16 00:00:00+08:00,28.049999237060547,29.600000381469727,27.850000381469727,28.399999618530273,43000,0.0,0.0
2013-04-17 00:00:00+08:00,28.299999237060547,28.399999618530273,28.25,28.399999618530273,7241,0.0,0.0
2013-04-18 00:00:00+08:00,27.299999237060547,28.350000381469727,27.299999237060547,28.200000762939453,19544,0.0,0.0
2013-04-19 00:00:00+08:00,28.149999618530273,28.25,28.0,28.25,3000,0.0,0.0
2013-04-22 00:00:00+08:00,28.149999618530273,28.149999618530273,27.450000762939453,28.049999237060547,25573,0.0,0.0
2013-04-23 00:00:00+08:00,27.5,27.950000762939453,27.25,27.899999618530273,24328,0.0,0.0
2013-04-24 00:00:00+08:00,27.950000762939453,28.100000381469727,27.899999618530273,27.899999618530273,16132,0.0,0.0
2013-04-25 00:00:00+08:00,27.799999237060547,28.450000762939453,27.799999237060547,28.200000762939453,5000,0.0,0.0
2013-04-26 00:00:00+08:00,28.0,28.0,28.0,28.0,2000,0.0,0.0
2013-04-29 00:00:00+08:00,27.950000762939453,27.950000762939453,27.25,27.950000762939453,7351,0.0,0.0
2013-04-30 00:00:00+08:00,27.25,28.200000762939453,27.25,28.100000381469727,5436,0.0,0.0
2013-05-02 00:00:00+08:00,27.149999618530273,27.799999237060547,27.100000381469727,27.100000381469727,3988,0.0,0.0
2013-05-03 00:00:00+08:00,27.100000381469727,27.950000762939453,27.100000381469727,27.700000762939453,5532,0.0,0.0
2013-05-06 00:00:00+08:00,27.200000762939453,27.75,27.200000762939453,27.75,3112,0.0,0.0
2013-05-07 00:00:00+08:00,27.5,27.600000381469727,27.299999237060547,27.600000381469727,4025,0.0,0.0
2013-05-08 00:00:00+08:00,27.100000381469727,27.549999237060547,27.100000381469727,27.549999237060547,2511,0.0,0.0
2013-05-09 00:00:00+08:00,27.649999618530273,27.649999618530273,27.200000762939453,27.5,5656,0.0,0.0
2013-05-10 00:00:00+08:00,27.600000381469727,27.600000381469727,27.600000381469727,27.600000381469727,1318,0.0,0.0
2013-05-13 00:00:00+08:00,27.649999618530273,27.649999618530273,27.600000381469727,27.600000381469727,2151,0.0,0.0
2013-05-14 00:00:00+08:00,27.600000381469727,27.600000381469727,27.600000381469727,27.600000381469727,1120,0.0,0.0
2013-05-15 00:00:00+08:00,27.549999237060547,27.549999237060547,27.549999237060547,27.549999237060547,1222,0.0,0.0
2013-05-16 00:00:00+08:00,27.549999237060547,27.549999237060547,27.549999237060547,27.549999237060547,1117,0.0,0.0
2013-05-17 00:00:00+08:00,25.75,27.399999618530273,25.75,27.399999618530273,8542,0.0,0.0
2013-05-20 00:00:00+08:00,26.700000762939453,26.700000762939453,26.700000762939453,26.700000762939453,1020,0.0,0.0
2013-05-21 00:00:00+08:00,27.200000762939453,27.200000762939453,26.25,26.950000762939453,8245,0.0,0.0
2013-05-22 00:00:00+08:00,26.799999237060547,26.799999237060547,25.899999618530273,26.649999618530273,5876,0.0,0.0
2013-05-23 00:00:00+08:00,26.549999237060547,26.549999237060547,26.0,26.350000381469727,8000,0.0,0.0
2013-05-24 00:00:00+08:00,25.799999237060547,26.25,25.149999618530273,25.200000762939453,10666,0.0,0.0
2013-05-27 00:00:00+08:00,25.200000762939453,26.75,25.200000762939453,26.600000381469727,14159,0.0,0.0
2013-05-28 00:00:00+08:00,26.950000762939453,27.0,26.950000762939453,27.0,8000,0.0,0.0
2013-05-29 00:00:00+08:00,26.649999618530273,27.0,26.649999618530273,27.0,5259,0.0,0.0
2013-05-30 00:00:00+08:00,26.950000762939453,27.0,25.950000762939453,26.950000762939453,20662,0.0,0.0
2013-05-31 00:00:00+08:00,26.950000762939453,27.799999237060547,26.600000381469727,27.600000381469727,43265,0.0,0.0
2013-06-03 00:00:00+08:00,27.350000381469727,27.350000381469727,27.100000381469727,27.100000381469727,2000,0.0,0.0
2013-06-04 00:00:00+08:00,26.049999237060547,27.149999618530273,26.049999237060547,27.149999618530273,3327,0.0,0.0
2013-06-05 00:00:00+08:00,26.25,27.100000381469727,26.200000762939453,26.850000381469727,7159,0.0,0.0
2013-06-06 00:00:00+08:00,27.200000762939453,27.200000762939453,27.200000762939453,27.200000762939453,1000,0.0,0.0
2013-06-07 00:00:00+08:00,27.100000381469727,27.100000381469727,25.950000762939453,26.5,35266,0.0,0.0
2013-06-10 00:00:00+08:00,26.0,26.0,25.0,25.0,48373,0.0,0.0
2013-06-11 00:00:00+08:00,25.75,25.75,25.75,25.75,1000,0.0,0.0
2013-06-13 00:00:00+08:00,24.149999618530273,25.450000762939453,23.950000762939453,24.600000381469727,41000,0.0,0.0
2013-06-14 00:00:00+08:00,24.450000762939453,24.450000762939453,22.899999618530273,23.0,91109,0.0,0.0
2013-06-17 00:00:00+08:00,21.600000381469727,22.950000762939453,21.600000381469727,22.100000381469727,16544,0.0,0.0
2013-06-18 00:00:00+08:00,20.950000762939453,22.75,20.950000762939453,22.5,10618,0.0,0.0
2013-06-19 00:00:00+08:00,21.5,23.049999237060547,21.5,22.799999237060547,10106,0.0,0.0
2013-06-20 00:00:00+08:00,21.649999618530273,22.649999618530273,21.649999618530273,22.649999618530273,16000,0.0,0.0
2013-06-21 00:00:00+08:00,21.799999237060547,24.149999618530273,21.799999237060547,22.549999237060547,30894,0.0,0.0
2013-06-24 00:00:00+08:00,22.200000762939453,22.75,22.200000762939453,22.75,5225,0.0,0.0
2013-06-25 00:00:00+08:00,21.899999618530273,22.649999618530273,21.799999237060547,22.649999618530273,7319,0.0,0.0
2013-06-26 00:00:00+08:00,22.700000762939453,23.399999618530273,22.100000381469727,22.100000381469727,4000,0.0,0.0
2013-06-27 00:00:00+08:00,22.799999237060547,22.799999237060547,22.5,22.5,5106,0.0,0.0
2013-06-28 00:00:00+08:00,23.149999618530273,23.149999618530273,22.049999237060547,22.049999237060547,3394,0.0,0.0
2013-07-01 00:00:00+08:00,22.700000762939453,22.700000762939453,21.899999618530273,22.549999237060547,3788,0.0,0.0
2013-07-02 00:00:00+08:00,21.850000381469727,22.25,21.850000381469727,21.899999618530273,3509,0.0,0.0
2013-07-03 00:00:00+08:00,22.399999618530273,22.399999618530273,21.799999237060547,21.799999237060547,7000,0.0,0.0
2013-07-04 00:00:00+08:00,21.799999237060547,21.799999237060547,21.799999237060547,21.799999237060547,5000,0.0,0.0
2013-07-05 00:00:00+08:00,21.799999237060547,21.799999237060547,21.799999237060547,21.799999237060547,5000,0.0,0.0
2013-07-08 00:00:00+08:00,21.799999237060547,22.100000381469727,21.799999237060547,22.100000381469727,3000,0.0,0.0
2013-07-09 00:00:00+08:00,22.049999237060547,22.049999237060547,22.049999237060547,22.049999237060547,1215,0.0,0.0
2013-07-10 00:00:00+08:00,22.0,22.0,22.0,22.0,1444,0.0,0.0
2013-07-11 00:00:00+08:00,23.5,23.5,23.450000762939453,23.450000762939453,12646,0.0,0.0
2013-07-12 00:00:00+08:00,22.100000381469727,23.149999618530273,21.899999618530273,23.149999618530273,26000,0.0,0.0
2013-07-15 00:00:00+08:00,22.700000762939453,22.700000762939453,22.700000762939453,22.700000762939453,26000,0.0,0.0
2013-07-16 00:00:00+08:00,22.850000381469727,22.850000381469727,21.799999237060547,22.350000381469727,49315,0.0,0.0
2013-07-17 00:00:00+08:00,21.850000381469727,22.299999237060547,21.799999237060547,21.899999618530273,9329,0.0,0.0
2013-07-18 00:00:00+08:00,21.799999237060547,22.049999237060547,21.799999237060547,21.799999237060547,11426,0.0,0.0
2013-07-19 00:00:00+08:00,21.799999237060547,21.799999237060547,21.75,21.75,6533,0.0,0.0
2013-07-22 00:00:00+08:00,21.799999237060547,21.799999237060547,21.100000381469727,21.100000381469727,6000,0.0,0.0
2013-07-23 00:00:00+08:00,21.799999237060547,21.799999237060547,21.700000762939453,21.700000762939453,7000,0.0,0.0
2013-07-24 00:00:00+08:00,21.700000762939453,21.700000762939453,21.700000762939453,21.700000762939453,7000,0.0,0.0
2013-07-25 00:00:00+08:00,22.149999618530273,22.149999618530273,20.799999237060547,21.5,19954,0.0,0.0
2013-07-26 00:00:00+08:00,21.0,21.399999618530273,21.0,21.399999618530273,4000,0.0,0.0
2013-07-29 00:00:00+08:00,20.75,22.5,20.700000762939453,22.350000381469727,16667,0.0,0.0
2013-07-30 00:00:00+08:00,21.399999618530273,22.0,21.399999618530273,22.0,5350,0.0,0.0
2013-07-31 00:00:00+08:00,21.450000762939453,22.200000762939453,21.0,21.850000381469727,11065,0.0,0.0
2013-08-01 00:00:00+08:00,22.299999237060547,22.299999237060547,21.799999237060547,21.799999237060547,8444,0.0,0.0
2013-08-02 00:00:00+08:00,22.100000381469727,22.100000381469727,21.25,21.25,2000,0.0,0.0
2013-08-05 00:00:00+08:00,21.950000762939453,21.950000762939453,21.950000762939453,21.950000762939453,1000,0.0,0.0
2013-08-06 00:00:00+08:00,21.950000762939453,21.950000762939453,21.649999618530273,21.649999618530273,2319,0.0,0.0
2013-08-07 00:00:00+08:00,20.5,21.5,20.5,21.5,3000,0.0,0.0
2013-08-08 00:00:00+08:00,21.649999618530273,21.649999618530273,21.0,21.399999618530273,11014,0.0,0.0
2013-08-09 00:00:00+08:00,21.700000762939453,21.799999237060547,21.100000381469727,21.799999237060547,8000,0.0,0.0
2013-08-12 00:00:00+08:00,20.5,21.700000762939453,20.5,21.700000762939453,26426,0.0,0.0
2013-08-13 00:00:00+08:00,21.600000381469727,21.850000381469727,20.75,21.850000381469727,79001,0.0,0.0
2013-08-14 00:00:00+08:00,21.100000381469727,22.899999618530273,21.100000381469727,22.899999618530273,45000,0.0,0.0
2013-08-15 00:00:00+08:00,21.899999618530273,22.899999618530273,21.899999618530273,22.899999618530273,23595,0.0,0.0
2013-08-16 00:00:00+08:00,21.899999618530273,22.700000762939453,21.899999618530273,22.700000762939453,26283,0.0,0.0
2013-08-19 00:00:00+08:00,23.100000381469727,23.100000381469727,22.0,22.0,4199,0.0,0.0
2013-08-20 00:00:00+08:00,22.600000381469727,22.600000381469727,21.25,21.799999237060547,6002,0.0,0.0
2013-08-22 00:00:00+08:00,22.049999237060547,22.049999237060547,21.75,21.75,6168,0.0,0.0
2013-08-23 00:00:00+08:00,22.100000381469727,22.100000381469727,22.0,22.0,2004,0.0,0.0
2013-08-26 00:00:00+08:00,22.0,22.0,22.0,22.0,1999,0.0,0.0
2013-08-27 00:00:00+08:00,21.0,21.799999237060547,20.850000381469727,21.799999237060547,5739,0.0,0.0
2013-08-28 00:00:00+08:00,21.649999618530273,21.649999618530273,21.649999618530273,21.649999618530273,1000,0.0,0.0
2013-08-29 00:00:00+08:00,21.850000381469727,21.850000381469727,21.850000381469727,21.850000381469727,1000,0.0,0.0
2013-08-30 00:00:00+08:00,21.850000381469727,21.850000381469727,21.850000381469727,21.850000381469727,6106,0.0,0.0
2013-09-02 00:00:00+08:00,20.350000381469727,21.700000762939453,20.350000381469727,21.299999237060547,15659,0.0,0.0
2013-09-03 00:00:00+08:00,20.350000381469727,21.149999618530273,20.25,20.25,247499,0.0,0.0
2013-09-04 00:00:00+08:00,20.950000762939453,20.950000762939453,20.25,20.600000381469727,532501,0.0,0.0
2013-09-05 00:00:00+08:00,20.850000381469727,21.75,20.850000381469727,21.5,644660,0.0,0.0
2013-09-06 00:00:00+08:00,21.5,23.0,21.5,23.0,298235,0.0,0.0
2013-09-09 00:00:00+08:00,24.600000381469727,24.600000381469727,24.5,24.600000381469727,269692,0.0,0.0
2013-09-10 00:00:00+08:00,26.25,26.299999237060547,24.399999618530273,24.649999618530273,215801,0.0,0.0
2013-09-11 00:00:00+08:00,22.950000762939453,24.200000762939453,22.950000762939453,23.450000762939453,111925,0.0,0.0
2013-09-12 00:00:00+08:00,22.5,23.149999618530273,22.100000381469727,22.899999618530273,63600,0.0,0.0
2013-09-13 00:00:00+08:00,22.0,22.5,22.0,22.5,29022,0.0,0.0
2013-09-16 00:00:00+08:00,22.350000381469727,22.5,21.600000381469727,21.899999618530273,28457,0.0,0.0
2013-09-17 00:00:00+08:00,21.899999618530273,21.899999618530273,21.100000381469727,21.549999237060547,12189,0.0,0.0
2013-09-18 00:00:00+08:00,21.0,21.350000381469727,20.799999237060547,20.799999237060547,25657,0.0,0.0
2013-09-23 00:00:00+08:00,20.399999618530273,20.899999618530273,20.399999618530273,20.75,38005,0.0,0.0
2013-09-24 00:00:00+08:00,20.899999618530273,21.899999618530273,20.899999618530273,21.299999237060547,28872,0.0,0.0
2013-09-25 00:00:00+08:00,21.299999237060547,21.299999237060547,20.899999618530273,21.25,9876,0.0,0.0
2013-09-26 00:00:00+08:00,20.5,20.899999618530273,20.5,20.5,30666,0.0,0.0
2013-09-27 00:00:00+08:00,20.799999237060547,21.200000762939453,20.450000762939453,20.450000762939453,20222,0.0,0.0
2013-09-30 00:00:00+08:00,20.850000381469727,21.25,20.399999618530273,21.149999618530273,36377,0.0,0.0
2013-10-01 00:00:00+08:00,20.950000762939453,22.200000762939453,20.950000762939453,22.0,46213,0.0,0.0
2013-10-02 00:00:00+08:00,22.149999618530273,22.799999237060547,21.700000762939453,22.700000762939453,407000,0.0,0.0
2013-10-03 00:00:00+08:00,22.700000762939453,22.899999618530273,22.399999618530273,22.899999618530273,624000,0.0,0.0
2013-10-04 00:00:00+08:00,23.299999237060547,24.5,23.149999618530273,23.549999237060547,529058,0.0,0.0
2013-10-07 00:00:00+08:00,23.850000381469727,23.899999618530273,22.600000381469727,23.350000381469727,61858,0.0,0.0
2013-10-08 00:00:00+08:00,24.0,24.0,22.75,23.450000762939453,15830,0.0,0.0
2013-10-09 00:00:00+08:00,22.75,23.25,22.700000762939453,22.700000762939453,18000,0.0,0.0
2013-10-11 00:00:00+08:00,22.75,23.100000381469727,22.200000762939453,22.850000381469727,38000,0.0,0.0
2013-10-14 00:00:00+08:00,22.100000381469727,22.5,21.549999237060547,22.25,28006,0.0,0.0
2013-10-15 00:00:00+08:00,22.649999618530273,22.649999618530273,22.649999618530273,22.649999618530273,10000,0.0,0.0
2013-10-16 00:00:00+08:00,22.549999237060547,22.549999237060547,21.100000381469727,21.5,47058,0.0,0.0
2013-10-17 00:00:00+08:00,21.5,21.600000381469727,21.200000762939453,21.25,18000,0.0,0.0
2013-10-18 00:00:00+08:00,21.100000381469727,21.600000381469727,21.100000381469727,21.600000381469727,9794,0.0,0.0
2013-10-21 00:00:00+08:00,21.100000381469727,21.5,20.899999618530273,21.5,14000,0.0,0.0
2013-10-22 00:00:00+08:00,21.5,21.649999618530273,21.399999618530273,21.399999618530273,5000,0.0,0.0
2013-10-23 00:00:00+08:00,21.25,21.399999618530273,21.100000381469727,21.399999618530273,12533,0.0,0.0
2013-10-24 00:00:00+08:00,21.100000381469727,21.350000381469727,20.850000381469727,21.350000381469727,14160,0.0,0.0
2013-10-25 00:00:00+08:00,21.100000381469727,21.549999237060547,21.100000381469727,21.549999237060547,2159,0.0,0.0
2013-10-28 00:00:00+08:00,21.100000381469727,21.399999618530273,21.100000381469727,21.399999618530273,5499,0.0,0.0
2013-10-29 00:00:00+08:00,21.5,21.549999237060547,21.5,21.549999237060547,5000,0.0,0.0
2013-10-30 00:00:00+08:00,21.299999237060547,21.549999237060547,21.299999237060547,21.549999237060547,4343,0.0,0.0
2013-10-31 00:00:00+08:00,21.600000381469727,21.600000381469727,21.350000381469727,21.350000381469727,6000,0.0,0.0
2013-11-01 00:00:00+08:00,21.450000762939453,21.450000762939453,21.100000381469727,21.350000381469727,6000,0.0,0.0
2013-11-04 00:00:00+08:00,21.100000381469727,21.450000762939453,21.0,21.450000762939453,9592,0.0,0.0
2013-11-05 00:00:00+08:00,21.799999237060547,21.799999237060547,21.200000762939453,21.200000762939453,7000,0.0,0.0
2013-11-06 00:00:00+08:00,21.100000381469727,21.549999237060547,21.100000381469727,21.549999237060547,6000,0.0,0.0
2013-11-07 00:00:00+08:00,21.5,21.5,21.200000762939453,21.200000762939453,6595,0.0,0.0
2013-11-08 00:00:00+08:00,21.100000381469727,21.100000381469727,20.200000762939453,20.75,32229,0.0,0.0
2013-11-11 00:00:00+08:00,20.5,20.5,20.100000381469727,20.100000381469727,36726,0.0,0.0
2013-11-12 00:00:00+08:00,20.100000381469727,20.100000381469727,19.600000381469727,20.049999237060547,8110,0.0,0.0
2013-11-13 00:00:00+08:00,20.0,20.0,19.950000762939453,19.950000762939453,5002,0.0,0.0
2013-11-14 00:00:00+08:00,20.200000762939453,20.200000762939453,20.200000762939453,20.200000762939453,1000,0.0,0.0
2013-11-15 00:00:00+08:00,20.200000762939453,20.200000762939453,20.200000762939453,20.200000762939453,3000,0.0,0.0
2013-11-18 00:00:00+08:00,20.0,20.950000762939453,20.0,20.950000762939453,4863,0.0,0.0
2013-11-19 00:00:00+08:00,21.149999618530273,21.149999618530273,21.149999618530273,21.149999618530273,2480,0.0,0.0
2013-11-20 00:00:00+08:00,20.049999237060547,20.799999237060547,20.0,20.799999237060547,15768,0.0,0.0
2013-11-21 00:00:00+08:00,20.950000762939453,20.950000762939453,20.75,20.850000381469727,18178,0.0,0.0
2013-11-22 00:00:00+08:00,21.0,21.0,20.799999237060547,20.799999237060547,2014,0.0,0.0
2013-11-25 00:00:00+08:00,20.850000381469727,20.850000381469727,20.850000381469727,20.850000381469727,1000,0.0,0.0
2013-11-26 00:00:00+08:00,21.299999237060547,21.299999237060547,20.450000762939453,21.049999237060547,3000,0.0,0.0
2013-11-27 00:00:00+08:00,21.950000762939453,21.950000762939453,21.0,21.649999618530273,6106,0.0,0.0
2013-11-28 00:00:00+08:00,21.75,21.799999237060547,21.600000381469727,21.600000381469727,7301,0.0,0.0
2013-11-29 00:00:00+08:00,21.200000762939453,21.200000762939453,21.0,21.0,6000,0.0,0.0
2013-12-02 00:00:00+08:00,21.350000381469727,21.350000381469727,20.600000381469727,20.600000381469727,2885,0.0,0.0
2013-12-03 00:00:00+08:00,20.100000381469727,20.799999237060547,20.100000381469727,20.149999618530273,12786,0.0,0.0
2013-12-04 00:00:00+08:00,20.350000381469727,20.399999618530273,20.100000381469727,20.100000381469727,5000,0.0,0.0
2013-12-05 00:00:00+08:00,20.950000762939453,21.5,20.950000762939453,21.5,29032,0.0,0.0
2013-12-06 00:00:00+08:00,22.600000381469727,23.0,21.799999237060547,22.0,128000,0.0,0.0
2013-12-09 00:00:00+08:00,21.799999237060547,21.799999237060547,20.649999618530273,21.299999237060547,32012,0.0,0.0
2013-12-10 00:00:00+08:00,20.649999618530273,21.049999237060547,20.649999618530273,20.649999618530273,14192,0.0,0.0
2013-12-11 00:00:00+08:00,20.799999237060547,21.0,20.799999237060547,20.799999237060547,20000,0.0,0.0
2013-12-12 00:00:00+08:00,21.299999237060547,21.299999237060547,21.299999237060547,21.299999237060547,1000,0.0,0.0
2013-12-13 00:00:00+08:00,21.600000381469727,21.600000381469727,21.5,21.5,2214,0.0,0.0
2013-12-16 00:00:00+08:00,21.75,21.75,21.0,21.350000381469727,11384,0.0,0.0
2013-12-17 00:00:00+08:00,21.350000381469727,21.350000381469727,21.0,21.25,11444,0.0,0.0
2013-12-18 00:00:00+08:00,21.700000762939453,22.399999618530273,21.0,21.350000381469727,8061,0.0,0.0
2013-12-19 00:00:00+08:00,21.299999237060547,21.299999237060547,21.299999237060547,21.299999237060547,1000,0.0,0.0
2013-12-20 00:00:00+08:00,21.200000762939453,21.200000762939453,20.799999237060547,20.799999237060547,7000,0.0,0.0
2013-12-23 00:00:00+08:00,20.549999237060547,20.600000381469727,20.5,20.5,5106,0.0,0.0
2013-12-24 00:00:00+08:00,20.899999618530273,20.899999618530273,20.549999237060547,20.549999237060547,2213,0.0,0.0
2013-12-25 00:00:00+08:00,20.549999237060547,20.600000381469727,20.350000381469727,20.399999618530273,18648,0.0,0.0
2013-12-26 00:00:00+08:00,20.299999237060547,20.549999237060547,20.299999237060547,20.549999237060547,16000,0.0,0.0
2013-12-27 00:00:00+08:00,20.549999237060547,20.75,20.450000762939453,20.75,16328,0.0,0.0
2013-12-30 00:00:00+08:00,20.850000381469727,22.0,20.850000381469727,21.700000762939453,22730,0.0,0.0
2013-12-31 00:00:00+08:00,21.700000762939453,22.5,21.399999618530273,21.399999618530273,61272,0.0,0.0
2014-01-02 00:00:00+08:00,21.399999618530273,22.350000381469727,21.399999618530273,21.649999618530273,21000,0.0,0.0
2014-01-03 00:00:00+08:00,21.649999618530273,21.649999618530273,21.399999618530273,21.649999618530273,4035,0.0,0.0
2014-01-06 00:00:00+08:00,21.649999618530273,22.399999618530273,21.649999618530273,22.399999618530273,25000,0.0,0.0
2014-01-07 00:00:00+08:00,22.5,22.75,22.049999237060547,22.700000762939453,40031,0.0,0.0
2014-01-08 00:00:00+08:00,22.5,22.549999237060547,22.149999618530273,22.299999237060547,34106,0.0,0.0
2014-01-09 00:00:00+08:00,22.899999618530273,22.899999618530273,22.299999237060547,22.399999618530273,24756,0.0,0.0
2014-01-10 00:00:00+08:00,22.399999618530273,22.549999237060547,22.399999618530273,22.399999618530273,17280,0.0,0.0
2014-01-13 00:00:00+08:00,22.5,22.600000381469727,22.399999618530273,22.450000762939453,33001,0.0,0.0
2014-01-14 00:00:00+08:00,22.399999618530273,22.600000381469727,22.399999618530273,22.549999237060547,37160,0.0,0.0
2014-01-15 00:00:00+08:00,22.5,22.600000381469727,22.299999237060547,22.299999237060547,30000,0.0,0.0
2014-01-16 00:00:00+08:00,22.299999237060547,22.600000381469727,22.299999237060547,22.5,15176,0.0,0.0
2014-01-17 00:00:00+08:00,22.600000381469727,22.600000381469727,22.450000762939453,22.549999237060547,20609,0.0,0.0
2014-01-20 00:00:00+08:00,22.600000381469727,22.600000381469727,22.399999618530273,22.399999618530273,23106,0.0,0.0
2014-01-21 00:00:00+08:00,22.5,23.0,22.5,22.799999237060547,19359,0.0,0.0
2014-01-22 00:00:00+08:00,22.399999618530273,22.649999618530273,21.600000381469727,22.5,16032,0.0,0.0
2014-01-23 00:00:00+08:00,23.100000381469727,23.100000381469727,22.5,22.5,5167,0.0,0.0
2014-01-24 00:00:00+08:00,22.399999618530273,22.700000762939453,22.399999618530273,22.700000762939453,5000,0.0,0.0
2014-01-27 00:00:00+08:00,22.0,22.299999237060547,22.0,22.100000381469727,9000,0.0,0.0
2014-02-05 00:00:00+08:00,22.700000762939453,22.700000762939453,22.700000762939453,22.700000762939453,19000,0.0,0.0
2014-02-06 00:00:00+08:00,22.700000762939453,22.700000762939453,22.25,22.299999237060547,10000,0.0,0.0
2014-02-07 00:00:00+08:00,22.299999237060547,22.399999618530273,22.299999237060547,22.399999618530273,4000,0.0,0.0
2014-02-10 00:00:00+08:00,22.350000381469727,22.350000381469727,22.350000381469727,22.350000381469727,1741,0.0,0.0
2014-02-11 00:00:00+08:00,22.649999618530273,23.5,22.649999618530273,23.299999237060547,29001,0.0,0.0
2014-02-12 00:00:00+08:00,23.299999237060547,23.299999237060547,22.0,22.0,31681,0.0,0.0
2014-02-13 00:00:00+08:00,22.899999618530273,22.899999618530273,22.5,22.700000762939453,9213,0.0,0.0
2014-02-14 00:00:00+08:00,22.700000762939453,24.25,22.700000762939453,24.25,169651,0.0,0.0
2014-02-17 00:00:00+08:00,25.899999618530273,25.899999618530273,25.600000381469727,25.899999618530273,582451,0.0,0.0
2014-02-18 00:00:00+08:00,25.700000762939453,25.700000762939453,24.5,24.899999618530273,271809,0.0,0.0
2014-02-19 00:00:00+08:00,24.899999618530273,26.549999237060547,24.899999618530273,26.5,297734,0.0,0.0
2014-02-20 00:00:00+08:00,26.5,26.549999237060547,24.799999237060547,26.5,275266,0.0,0.0
2014-02-21 00:00:00+08:00,26.299999237060547,27.600000381469727,25.899999618530273,27.0,316065,0.0,0.0
2014-02-24 00:00:00+08:00,27.0,27.0,26.299999237060547,27.0,85254,0.0,0.0
2014-02-25 00:00:00+08:00,26.799999237060547,26.799999237060547,25.899999618530273,25.899999618530273,80585,0.0,0.0
2014-02-26 00:00:00+08:00,26.0,26.200000762939453,24.950000762939453,25.899999618530273,80302,0.0,0.0
2014-02-27 00:00:00+08:00,25.899999618530273,27.0,25.899999618530273,27.0,225156,0.0,0.0
2014-03-03 00:00:00+08:00,27.0,28.799999237060547,27.0,28.700000762939453,297292,0.0,0.0
2014-03-04 00:00:00+08:00,28.899999618530273,28.899999618530273,27.200000762939453,28.649999618530273,175175,0.0,0.0
2014-03-05 00:00:00+08:00,29.5,29.5,28.0,28.649999618530273,92319,0.0,0.0
2014-03-06 00:00:00+08:00,28.950000762939453,29.0,27.850000381469727,27.850000381469727,73432,0.0,0.0
2014-03-07 00:00:00+08:00,28.049999237060547,28.049999237060547,26.799999237060547,27.100000381469727,161050,0.0,0.0
2014-03-10 00:00:00+08:00,27.100000381469727,28.0,27.0,27.649999618530273,158000,0.0,0.0
2014-03-11 00:00:00+08:00,27.700000762939453,28.399999618530273,27.450000762939453,28.25,128993,0.0,0.0
2014-03-12 00:00:00+08:00,28.100000381469727,28.950000762939453,28.0,28.950000762939453,183177,0.0,0.0
2014-03-13 00:00:00+08:00,28.850000381469727,28.950000762939453,28.450000762939453,28.450000762939453,34300,0.0,0.0
2014-03-14 00:00:00+08:00,28.399999618530273,28.649999618530273,28.100000381469727,28.649999618530273,19816,0.0,0.0
2014-03-17 00:00:00+08:00,28.799999237060547,28.799999237060547,27.799999237060547,28.399999618530273,28000,0.0,0.0
2014-03-18 00:00:00+08:00,28.399999618530273,28.549999237060547,28.0,28.100000381469727,42006,0.0,0.0
2014-03-19 00:00:00+08:00,28.299999237060547,28.299999237060547,28.100000381469727,28.100000381469727,21956,0.0,0.0
2014-03-20 00:00:00+08:00,27.799999237060547,28.049999237060547,27.0,27.850000381469727,23172,0.0,0.0
2014-03-21 00:00:00+08:00,27.850000381469727,28.700000762939453,27.799999237060547,28.450000762939453,24347,0.0,0.0
2014-03-24 00:00:00+08:00,27.850000381469727,28.0,27.25,28.0,15435,0.0,0.0
2014-03-25 00:00:00+08:00,28.5,28.5,27.549999237060547,27.950000762939453,13272,0.0,0.0
2014-03-26 00:00:00+08:00,27.950000762939453,28.399999618530273,27.700000762939453,28.0,28000,0.0,0.0
2014-03-27 00:00:00+08:00,28.0,28.350000381469727,27.600000381469727,28.0,57139,0.0,0.0
2014-03-28 00:00:00+08:00,27.600000381469727,27.950000762939453,27.100000381469727,27.899999618530273,37006,0.0,0.0
2014-03-31 00:00:00+08:00,27.899999618530273,27.899999618530273,27.100000381469727,27.75,19106,0.0,0.0
2014-04-01 00:00:00+08:00,27.75,27.75,27.25,27.700000762939453,16085,0.0,0.0
2014-04-02 00:00:00+08:00,27.200000762939453,28.0,27.200000762939453,27.700000762939453,41255,0.0,0.0
2014-04-03 00:00:00+08:00,28.0,28.0,27.799999237060547,27.799999237060547,18788,0.0,0.0
2014-04-07 00:00:00+08:00,27.5,27.649999618530273,27.350000381469727,27.649999618530273,8000,0.0,0.0
2014-04-08 00:00:00+08:00,27.350000381469727,27.75,27.25,27.75,27266,0.0,0.0
2014-04-09 00:00:00+08:00,27.799999237060547,28.450000762939453,27.600000381469727,28.0,78325,0.0,0.0
2014-04-10 00:00:00+08:00,28.200000762939453,28.399999618530273,27.850000381469727,27.899999618530273,17000,0.0,0.0
2014-04-11 00:00:00+08:00,28.350000381469727,28.350000381469727,28.200000762939453,28.200000762939453,4000,0.0,0.0
2014-04-14 00:00:00+08:00,28.149999618530273,28.149999618530273,27.350000381469727,27.799999237060547,4000,0.0,0.0
2014-04-15 00:00:00+08:00,27.5,27.950000762939453,27.5,27.950000762939453,8699,0.0,0.0
2014-04-16 00:00:00+08:00,27.899999618530273,27.899999618530273,26.5,26.5,14019,0.0,0.0
2014-04-17 00:00:00+08:00,26.5,27.0,26.5,27.0,16372,0.0,0.0
2014-04-18 00:00:00+08:00,26.700000762939453,28.0,26.700000762939453,27.75,55444,0.0,0.0
2014-04-21 00:00:00+08:00,27.75,27.950000762939453,27.75,27.950000762939453,3005,0.0,0.0
2014-04-22 00:00:00+08:00,27.950000762939453,27.950000762939453,27.200000762939453,27.700000762939453,5043,0.0,0.0
2014-04-23 00:00:00+08:00,27.850000381469727,27.850000381469727,27.399999618530273,27.399999618530273,2583,0.0,0.0
2014-04-24 00:00:00+08:00,27.450000762939453,27.450000762939453,27.450000762939453,27.450000762939453,1318,0.0,0.0
2014-04-25 00:00:00+08:00,27.5,27.5,26.0,26.850000381469727,26005,0.0,0.0
2014-04-28 00:00:00+08:00,25.0,27.350000381469727,25.0,25.600000381469727,10000,0.0,0.0
2014-04-29 00:00:00+08:00,26.0,27.350000381469727,25.950000762939453,27.200000762939453,121971,0.0,0.0
2014-04-30 00:00:00+08:00,27.100000381469727,27.600000381469727,26.0,27.600000381469727,25222,0.0,0.0
2014-05-02 00:00:00+08:00,26.850000381469727,27.149999618530273,26.600000381469727,26.600000381469727,9000,0.0,0.0
2014-05-05 00:00:00+08:00,27.950000762939453,27.950000762939453,26.200000762939453,26.799999237060547,22010,0.0,0.0
2014-05-06 00:00:00+08:00,26.200000762939453,27.799999237060547,26.200000762939453,26.600000381469727,25010,0.0,0.0
2014-05-07 00:00:00+08:00,27.700000762939453,27.700000762939453,26.600000381469727,26.600000381469727,6100,0.0,0.0
2014-05-08 00:00:00+08:00,27.25,27.25,26.5,26.75,30000,0.0,0.0
2014-05-09 00:00:00+08:00,27.0,27.299999237060547,26.200000762939453,26.600000381469727,19598,0.0,0.0
2014-05-12 00:00:00+08:00,26.600000381469727,27.399999618530273,26.399999618530273,26.799999237060547,8140,0.0,0.0
2014-05-13 00:00:00+08:00,26.799999237060547,26.799999237060547,26.299999237060547,26.700000762939453,6028,0.0,0.0
2014-05-14 00:00:00+08:00,25.149999618530273,26.200000762939453,25.149999618530273,25.75,17653,0.0,0.0
2014-05-15 00:00:00+08:00,26.350000381469727,26.350000381469727,25.200000762939453,25.799999237060547,3000,0.0,0.0
2014-05-16 00:00:00+08:00,24.899999618530273,27.600000381469727,24.0,27.600000381469727,234217,0.0,0.0
2014-05-19 00:00:00+08:00,27.5,27.5,26.75,27.350000381469727,21000,0.0,0.0
2014-05-20 00:00:00+08:00,27.350000381469727,27.350000381469727,26.600000381469727,26.799999237060547,26039,0.0,0.0
2014-05-21 00:00:00+08:00,26.899999618530273,26.899999618530273,26.299999237060547,26.850000381469727,5490,0.0,0.0
2014-05-22 00:00:00+08:00,27.0,27.0,26.299999237060547,26.5,9000,0.0,0.0
2014-05-23 00:00:00+08:00,26.200000762939453,26.450000762939453,26.200000762939453,26.450000762939453,8206,0.0,0.0
2014-05-26 00:00:00+08:00,26.100000381469727,26.100000381469727,25.5,25.5,13600,0.0,0.0
2014-05-27 00:00:00+08:00,26.299999237060547,26.299999237060547,25.5,25.5,9216,0.0,0.0
2014-05-28 00:00:00+08:00,26.200000762939453,26.899999618530273,25.649999618530273,26.899999618530273,24106,0.0,0.0
2014-05-29 00:00:00+08:00,26.5,26.5,26.5,26.5,12000,0.0,0.0
2014-05-30 00:00:00+08:00,26.5,26.700000762939453,25.5,26.700000762939453,27545,0.0,0.0
2014-06-03 00:00:00+08:00,25.850000381469727,26.450000762939453,25.700000762939453,26.399999618530273,13278,0.0,0.0
2014-06-04 00:00:00+08:00,27.0,27.0,27.0,27.0,1266,0.0,0.0
2014-06-05 00:00:00+08:00,25.799999237060547,26.350000381469727,25.700000762939453,26.350000381469727,6106,0.0,0.0
2014-06-06 00:00:00+08:00,25.450000762939453,26.950000762939453,25.450000762939453,26.950000762939453,7212,0.0,0.0
2014-06-09 00:00:00+08:00,25.799999237060547,26.450000762939453,25.799999237060547,26.100000381469727,9000,0.0,0.0
2014-06-10 00:00:00+08:00,25.25,26.25,25.25,25.950000762939453,6014,0.0,0.0
2014-06-11 00:00:00+08:00,26.350000381469727,26.350000381469727,25.5,25.5,5000,0.0,0.0
2014-06-12 00:00:00+08:00,25.5,26.100000381469727,24.649999618530273,26.0,32000,0.0,0.0
2014-06-13 00:00:00+08:00,25.649999618530273,26.450000762939453,25.25,26.450000762939453,23994,0.0,0.0
2014-06-16 00:00:00+08:00,26.350000381469727,26.399999618530273,25.350000381469727,25.350000381469727,22271,0.0,0.0
2014-06-17 00:00:00+08:00,25.350000381469727,25.799999237060547,25.149999618530273,25.149999618530273,14000,0.0,0.0
2014-06-18 00:00:00+08:00,25.0,25.649999618530273,24.75,25.649999618530273,20876,0.0,0.0
2014-06-19 00:00:00+08:00,25.649999618530273,26.299999237060547,25.649999618530273,26.299999237060547,24017,0.0,0.0
2014-06-20 00:00:00+08:00,26.5,26.5,25.850000381469727,26.450000762939453,27200,0.0,0.0
2014-06-23 00:00:00+08:00,26.5,26.5,26.0,26.200000762939453,11232,0.0,0.0
2014-06-24 00:00:00+08:00,25.799999237060547,26.200000762939453,25.799999237060547,26.200000762939453,18000,0.0,0.0
2014-06-25 00:00:00+08:00,26.149999618530273,26.149999618530273,26.149999618530273,26.149999618530273,1404,0.0,0.0
2014-06-26 00:00:00+08:00,26.399999618530273,26.600000381469727,26.049999237060547,26.600000381469727,22426,0.0,0.0
2014-06-27 00:00:00+08:00,26.5,26.5,26.5,26.5,2876,0.0,0.0
2014-06-30 00:00:00+08:00,26.200000762939453,26.450000762939453,26.200000762939453,26.399999618530273,5000,0.0,0.0
2014-07-01 00:00:00+08:00,26.5,26.5,25.75,26.200000762939453,10095,0.0,0.0
2014-07-02 00:00:00+08:00,26.200000762939453,26.5,25.0,26.200000762939453,15525,0.0,0.0
2014-07-03 00:00:00+08:00,26.100000381469727,26.100000381469727,26.100000381469727,26.100000381469727,1533,0.0,0.0
2014-07-04 00:00:00+08:00,26.25,26.25,26.25,26.25,1006,0.0,0.0
2014-07-07 00:00:00+08:00,26.450000762939453,26.450000762939453,26.200000762939453,26.200000762939453,14372,0.0,0.0
2014-07-08 00:00:00+08:00,26.149999618530273,26.200000762939453,26.149999618530273,26.200000762939453,20010,0.0,0.0
2014-07-09 00:00:00+08:00,26.049999237060547,26.049999237060547,26.0,26.0,4012,0.0,0.0
2014-07-10 00:00:00+08:00,25.899999618530273,25.899999618530273,25.700000762939453,25.899999618530273,5000,0.0,0.0
2014-07-11 00:00:00+08:00,25.5,26.049999237060547,25.399999618530273,25.75,9859,0.0,0.0
2014-07-14 00:00:00+08:00,25.75,25.75,25.75,25.75,3000,0.0,0.0
2014-07-15 00:00:00+08:00,25.899999618530273,25.899999618530273,25.100000381469727,25.399999618530273,7274,0.0,0.0
2014-07-16 00:00:00+08:00,25.399999618530273,25.399999618530273,25.399999618530273,25.399999618530273,2147,0.0,0.0
2014-07-17 00:00:00+08:00,24.850000381469727,25.200000762939453,24.25,24.799999237060547,10771,0.0,0.0
2014-07-18 00:00:00+08:00,24.200000762939453,24.649999618530273,23.850000381469727,24.600000381469727,19495,0.0,0.0
2014-07-21 00:00:00+08:00,24.600000381469727,24.600000381469727,24.049999237060547,24.549999237060547,30000,0.0,0.0
2014-07-22 00:00:00+08:00,24.600000381469727,24.649999618530273,24.600000381469727,24.649999618530273,5000,0.0,0.0
2014-07-23 00:00:00+08:00,24.649999618530273,24.649999618530273,24.649999618530273,24.649999618530273,0,0.0,0.0
2014-07-24 00:00:00+08:00,24.549999237060547,24.600000381469727,24.549999237060547,24.600000381469727,3000,0.0,0.0
2014-07-25 00:00:00+08:00,24.549999237060547,24.549999237060547,24.549999237060547,24.549999237060547,3461,0.0,0.0
2014-07-28 00:00:00+08:00,24.5,24.5,23.399999618530273,23.700000762939453,11165,0.0,0.0
2014-07-29 00:00:00+08:00,23.399999618530273,23.399999618530273,22.049999237060547,22.049999237060547,30013,0.0,0.0
2014-07-30 00:00:00+08:00,21.0,21.899999618530273,21.0,21.850000381469727,10093,0.0,0.0
2014-07-31 00:00:00+08:00,21.5,22.149999618530273,21.5,22.149999618530273,20000,0.0,0.0
2014-08-01 00:00:00+08:00,22.100000381469727,22.149999618530273,22.100000381469727,22.149999618530273,3059,0.0,0.0
2014-08-04 00:00:00+08:00,22.049999237060547,22.049999237060547,21.299999237060547,21.299999237060547,2325,0.0,0.0
2014-08-05 00:00:00+08:00,21.75,22.100000381469727,21.700000762939453,22.100000381469727,18106,0.0,0.0
2014-08-06 00:00:00+08:00,22.049999237060547,22.100000381469727,22.049999237060547,22.100000381469727,3213,0.0,0.0
2014-08-07 00:00:00+08:00,21.950000762939453,21.950000762939453,21.950000762939453,21.950000762939453,1000,0.0,0.0
2014-08-08 00:00:00+08:00,22.0,22.0,21.950000762939453,22.0,4016,0.0,0.0
2014-08-11 00:00:00+08:00,21.950000762939453,23.299999237060547,21.950000762939453,22.850000381469727,22000,0.0,0.0
2014-08-12 00:00:00+08:00,22.75,24.149999618530273,22.75,24.0,57526,0.0,0.0
2014-08-13 00:00:00+08:00,23.799999237060547,24.049999237060547,23.799999237060547,24.049999237060547,34111,0.0,0.0
2014-08-14 00:00:00+08:00,23.950000762939453,24.0,23.899999618530273,23.899999618530273,107000,0.0,0.0
2014-08-15 00:00:00+08:00,23.899999618530273,24.649999618530273,23.899999618530273,24.450000762939453,65120,0.0,0.0
2014-08-18 00:00:00+08:00,23.299999237060547,24.450000762939453,23.299999237060547,24.100000381469727,5000,0.0,0.0
2014-08-19 00:00:00+08:00,24.0,24.0,24.0,24.0,7000,0.0,0.0
2014-08-20 00:00:00+08:00,24.350000381469727,24.75,23.799999237060547,24.75,68000,0.0,0.0
2014-08-21 00:00:00+08:00,24.399999618530273,24.399999618530273,24.100000381469727,24.399999618530273,6000,0.0,0.0
2014-08-22 00:00:00+08:00,24.5,24.5,24.25,24.25,12407,0.0,0.0
2014-08-25 00:00:00+08:00,24.0,24.450000762939453,24.0,24.450000762939453,2746,0.0,0.0
2014-08-26 00:00:00+08:00,24.399999618530273,24.399999618530273,24.399999618530273,24.399999618530273,1000,0.0,0.0
2014-08-27 00:00:00+08:00,24.399999618530273,25.950000762939453,24.399999618530273,25.450000762939453,35225,0.0,0.0
2014-08-28 00:00:00+08:00,26.399999618530273,26.399999618530273,25.5,26.049999237060547,15000,0.0,0.0
2014-08-29 00:00:00+08:00,26.399999618530273,26.549999237060547,25.700000762939453,26.100000381469727,18617,0.0,0.0
2014-09-01 00:00:00+08:00,26.299999237060547,26.399999618530273,25.850000381469727,26.350000381469727,12000,0.0,0.0
2014-09-02 00:00:00+08:00,27.0,27.0,27.0,27.0,1000,0.0,0.0
2014-09-03 00:00:00+08:00,26.600000381469727,26.600000381469727,25.549999237060547,26.149999618530273,6328,0.0,0.0
2014-09-04 00:00:00+08:00,25.549999237060547,26.049999237060547,25.5,26.0,5000,0.0,0.0
2014-09-05 00:00:00+08:00,26.350000381469727,26.350000381469727,26.350000381469727,26.350000381469727,1106,0.0,0.0
2014-09-09 00:00:00+08:00,25.950000762939453,25.950000762939453,25.950000762939453,25.950000762939453,1318,0.0,0.0
2014-09-10 00:00:00+08:00,24.700000762939453,26.200000762939453,24.700000762939453,26.200000762939453,3579,0.0,0.0
2014-09-11 00:00:00+08:00,25.149999618530273,25.899999618530273,24.899999618530273,25.25,9000,0.0,0.0
2014-09-12 00:00:00+08:00,25.0,26.299999237060547,25.0,26.0,13235,0.0,0.0
2014-09-15 00:00:00+08:00,26.0,26.0,25.0,25.75,3000,0.0,0.0
2014-09-16 00:00:00+08:00,25.700000762939453,25.700000762939453,24.350000381469727,25.100000381469727,4000,0.0,0.0
2014-09-17 00:00:00+08:00,25.549999237060547,25.549999237060547,24.350000381469727,25.149999618530273,6701,0.0,0.0
2014-09-18 00:00:00+08:00,24.5,25.350000381469727,24.5,25.149999618530273,7006,0.0,0.0
2014-09-19 00:00:00+08:00,25.5,26.0,25.149999618530273,25.549999237060547,19106,0.0,0.0
2014-09-22 00:00:00+08:00,25.799999237060547,25.799999237060547,24.950000762939453,25.100000381469727,7266,0.0,0.0
2014-09-23 00:00:00+08:00,25.75,25.75,25.75,25.75,1067,0.0,0.0
2014-09-24 00:00:00+08:00,25.399999618530273,25.649999618530273,24.700000762939453,25.649999618530273,8086,0.0,0.0
2014-09-25 00:00:00+08:00,25.799999237060547,25.799999237060547,25.100000381469727,25.700000762939453,21000,0.0,0.0
2014-09-26 00:00:00+08:00,25.649999618530273,26.0,25.149999618530273,25.950000762939453,31094,0.0,0.0
2014-09-29 00:00:00+08:00,26.0,27.75,26.0,26.5,100000,0.0,0.0
2014-09-30 00:00:00+08:00,25.600000381469727,27.450000762939453,25.600000381469727,26.5,54000,0.0,0.0
2014-10-01 00:00:00+08:00,25.899999618530273,27.0,25.899999618530273,26.75,28444,0.0,0.0
2014-10-02 00:00:00+08:00,26.5,27.0,26.5,27.0,33102,0.0,0.0
2014-10-03 00:00:00+08:00,27.0,27.25,26.75,27.25,25159,0.0,0.0
2014-10-06 00:00:00+08:00,27.049999237060547,27.25,26.899999618530273,27.0,6001,0.0,0.0
2014-10-07 00:00:00+08:00,27.299999237060547,27.399999618530273,27.0,27.0,35000,0.0,0.0
2014-10-08 00:00:00+08:00,27.0,27.350000381469727,27.0,27.299999237060547,5008,0.0,0.0
2014-10-09 00:00:00+08:00,27.450000762939453,27.450000762939453,27.450000762939453,27.450000762939453,1404,0.0,0.0
2014-10-13 00:00:00+08:00,27.100000381469727,27.100000381469727,26.200000762939453,26.75,7124,0.0,0.0
2014-10-14 00:00:00+08:00,27.450000762939453,27.450000762939453,27.450000762939453,27.450000762939453,1000,0.0,0.0
2014-10-15 00:00:00+08:00,27.350000381469727,27.350000381469727,26.700000762939453,27.299999237060547,6000,0.0,0.0
2014-10-16 00:00:00+08:00,26.950000762939453,27.200000762939453,26.700000762939453,27.149999618530273,16000,0.0,0.0
2014-10-17 00:00:00+08:00,27.100000381469727,27.100000381469727,27.100000381469727,27.100000381469727,1000,0.0,0.0
2014-10-20 00:00:00+08:00,27.200000762939453,27.200000762939453,27.200000762939453,27.200000762939453,1072,0.0,0.0
2014-10-21 00:00:00+08:00,26.950000762939453,26.950000762939453,26.700000762939453,26.700000762939453,36000,0.0,0.0
2014-10-22 00:00:00+08:00,26.950000762939453,26.950000762939453,26.600000381469727,26.600000381469727,8146,0.0,0.0
2014-10-23 00:00:00+08:00,26.950000762939453,26.950000762939453,26.950000762939453,26.950000762939453,1000,0.0,0.0
2014-10-24 00:00:00+08:00,26.899999618530273,26.899999618530273,26.5,26.899999618530273,28000,0.0,0.0
2014-10-27 00:00:00+08:00,26.0,27.100000381469727,25.049999237060547,26.850000381469727,97491,0.0,0.0
2014-10-28 00:00:00+08:00,26.899999618530273,26.899999618530273,26.75,26.850000381469727,59131,0.0,0.0
2014-10-29 00:00:00+08:00,27.399999618530273,27.399999618530273,27.149999618530273,27.149999618530273,92000,0.0,0.0
2014-10-30 00:00:00+08:00,27.399999618530273,27.899999618530273,26.600000381469727,26.600000381469727,10000,0.0,0.0
2014-10-31 00:00:00+08:00,27.450000762939453,27.450000762939453,26.700000762939453,27.200000762939453,179266,0.0,0.0
2014-11-03 00:00:00+08:00,26.850000381469727,27.100000381469727,26.850000381469727,27.100000381469727,5000,0.0,0.0
2014-11-04 00:00:00+08:00,26.799999237060547,27.200000762939453,26.649999618530273,27.049999237060547,10009,0.0,0.0
2014-11-05 00:00:00+08:00,26.799999237060547,27.0,26.5,27.0,16000,0.0,0.0
2014-11-06 00:00:00+08:00,26.799999237060547,26.950000762939453,26.5,26.899999618530273,17000,0.0,0.0
2014-11-07 00:00:00+08:00,27.0,27.0,26.600000381469727,26.899999618530273,10535,0.0,0.0
2014-11-10 00:00:00+08:00,26.399999618530273,26.950000762939453,26.100000381469727,26.799999237060547,19000,0.0,0.0
2014-11-11 00:00:00+08:00,26.799999237060547,26.799999237060547,26.5,26.75,12000,0.0,0.0
2014-11-12 00:00:00+08:00,26.799999237060547,26.799999237060547,26.5,26.600000381469727,14000,0.0,0.0
2014-11-13 00:00:00+08:00,26.799999237060547,27.0,26.700000762939453,27.0,13030,0.0,0.0
2014-11-14 00:00:00+08:00,27.149999618530273,27.149999618530273,26.799999237060547,27.049999237060547,3000,0.0,0.0
2014-11-17 00:00:00+08:00,26.799999237060547,26.850000381469727,26.600000381469727,26.850000381469727,8000,0.0,0.0
2014-11-18 00:00:00+08:00,26.950000762939453,26.950000762939453,26.5,26.950000762939453,15266,0.0,0.0
2014-11-19 00:00:00+08:00,26.899999618530273,26.899999618530273,26.600000381469727,26.899999618530273,12000,0.0,0.0
2014-11-20 00:00:00+08:00,26.899999618530273,27.899999618530273,26.899999618530273,27.450000762939453,16597,0.0,0.0
2014-11-21 00:00:00+08:00,27.799999237060547,27.799999237060547,26.5,26.5,48213,0.0,0.0
2014-11-24 00:00:00+08:00,26.5,27.350000381469727,26.5,27.350000381469727,69620,0.0,0.0
2014-11-25 00:00:00+08:00,26.799999237060547,27.25,26.75,27.200000762939453,17001,0.0,0.0
2014-11-26 00:00:00+08:00,26.600000381469727,27.0,26.5,26.950000762939453,18000,0.0,0.0
2014-11-27 00:00:00+08:00,27.200000762939453,27.200000762939453,26.75,27.049999237060547,7891,0.0,0.0
2014-11-28 00:00:00+08:00,26.799999237060547,26.799999237060547,25.200000762939453,25.600000381469727,65000,0.0,0.0
2014-12-01 00:00:00+08:00,25.600000381469727,25.600000381469727,25.600000381469727,25.600000381469727,0,0.0,0.0
2014-12-02 00:00:00+08:00,26.299999237060547,27.5,26.25,26.600000381469727,116006,0.0,0.0
2014-12-03 00:00:00+08:00,26.950000762939453,26.950000762939453,26.049999237060547,26.700000762939453,12000,0.0,0.0
2014-12-04 00:00:00+08:00,26.649999618530273,26.649999618530273,26.649999618530273,26.649999618530273,1000,0.0,0.0
2014-12-05 00:00:00+08:00,28.450000762939453,28.450000762939453,26.850000381469727,27.200000762939453,194981,0.0,0.0
2014-12-08 00:00:00+08:00,26.799999237060547,27.75,26.600000381469727,26.75,24930,0.0,0.0
2014-12-09 00:00:00+08:00,26.950000762939453,26.950000762939453,25.399999618530273,26.600000381469727,24157,0.0,0.0
2014-12-10 00:00:00+08:00,26.549999237060547,26.549999237060547,26.549999237060547,26.549999237060547,1000,0.0,0.0
2014-12-11 00:00:00+08:00,26.5,26.5,25.799999237060547,26.450000762939453,7000,0.0,0.0
2014-12-12 00:00:00+08:00,26.5,28.200000762939453,26.5,27.200000762939453,14000,0.0,0.0
2014-12-15 00:00:00+08:00,26.799999237060547,26.799999237060547,26.049999237060547,26.450000762939453,15000,0.0,0.0
2014-12-16 00:00:00+08:00,26.549999237060547,26.850000381469727,25.75,26.450000762939453,34080,0.0,0.0
2014-12-17 00:00:00+08:00,26.5,26.799999237060547,25.549999237060547,26.25,422106,0.0,0.0
2014-12-18 00:00:00+08:00,26.549999237060547,27.0,26.25,27.0,535554,0.0,0.0
2014-12-19 00:00:00+08:00,27.200000762939453,28.5,27.0,27.25,736000,0.0,0.0
2014-12-22 00:00:00+08:00,27.799999237060547,29.149999618530273,27.5,29.149999618530273,1217652,0.0,0.0
2014-12-23 00:00:00+08:00,31.100000381469727,31.149999618530273,30.200000762939453,31.100000381469727,1948239,0.0,0.0
2014-12-24 00:00:00+08:00,31.100000381469727,31.100000381469727,30.0,30.149999618530273,1418994,0.0,0.0
2014-12-25 00:00:00+08:00,30.600000381469727,31.799999237060547,30.600000381469727,30.799999237060547,1439362,0.0,0.0
2014-12-26 00:00:00+08:00,30.850000381469727,31.5,30.399999618530273,30.700000762939453,998428,0.0,0.0
2014-12-29 00:00:00+08:00,31.0,31.100000381469727,29.149999618530273,29.149999618530273,713380,0.0,0.0
2014-12-30 00:00:00+08:00,29.0,29.649999618530273,28.149999618530273,28.450000762939453,510008,0.0,0.0
2014-12-31 00:00:00+08:00,28.450000762939453,29.350000381469727,27.5,29.350000381469727,525270,0.0,0.0
2015-01-05 00:00:00+08:00,29.0,29.899999618530273,28.649999618530273,29.350000381469727,418000,0.0,0.0
2015-01-06 00:00:00+08:00,29.200000762939453,29.200000762939453,28.600000381469727,28.850000381469727,261440,0.0,0.0
2015-01-07 00:00:00+08:00,28.600000381469727,29.100000381469727,28.25,28.25,165000,0.0,0.0
2015-01-08 00:00:00+08:00,28.25,28.700000762939453,27.0,27.0,400131,0.0,0.0
2015-01-09 00:00:00+08:00,27.049999237060547,27.450000762939453,26.700000762939453,27.450000762939453,266657,0.0,0.0
2015-01-12 00:00:00+08:00,27.0,27.25,26.549999237060547,26.700000762939453,55106,0.0,0.0
2015-01-13 00:00:00+08:00,26.600000381469727,26.950000762939453,26.200000762939453,26.25,126000,0.0,0.0
2015-01-14 00:00:00+08:00,26.25,26.5,26.049999237060547,26.149999618530273,262029,0.0,0.0
2015-01-15 00:00:00+08:00,26.149999618530273,26.149999618530273,25.200000762939453,25.299999237060547,249481,0.0,0.0
2015-01-16 00:00:00+08:00,25.200000762939453,25.850000381469727,25.100000381469727,25.100000381469727,97319,0.0,0.0
2015-01-19 00:00:00+08:00,25.100000381469727,25.600000381469727,25.100000381469727,25.5,369677,0.0,0.0
2015-01-20 00:00:00+08:00,25.5,25.5,25.149999618530273,25.200000762939453,65323,0.0,0.0
2015-01-21 00:00:00+08:00,25.100000381469727,25.100000381469727,24.899999618530273,24.899999618530273,76000,0.0,0.0
2015-01-22 00:00:00+08:00,24.899999618530273,25.200000762939453,24.600000381469727,24.950000762939453,151000,0.0,0.0
2015-01-23 00:00:00+08:00,25.350000381469727,25.350000381469727,25.0,25.049999237060547,24008,0.0,0.0
2015-01-26 00:00:00+08:00,25.100000381469727,25.200000762939453,24.799999237060547,25.049999237060547,30213,0.0,0.0
2015-01-27 00:00:00+08:00,25.0,25.0,24.950000762939453,24.950000762939453,47378,0.0,0.0
2015-01-28 00:00:00+08:00,25.0,26.0,25.0,25.200000762939453,51000,0.0,0.0
2015-01-29 00:00:00+08:00,25.200000762939453,25.450000762939453,25.049999237060547,25.049999237060547,35070,0.0,0.0
2015-01-30 00:00:00+08:00,25.149999618530273,25.299999237060547,25.0,25.0,49000,0.0,0.0
2015-02-02 00:00:00+08:00,25.0,25.100000381469727,24.700000762939453,24.899999618530273,30000,0.0,0.0
2015-02-03 00:00:00+08:00,24.75,25.049999237060547,24.75,25.049999237060547,19000,0.0,0.0
2015-02-04 00:00:00+08:00,25.0,25.0,23.450000762939453,23.450000762939453,148205,0.0,0.0
2015-02-05 00:00:00+08:00,23.450000762939453,23.649999618530273,22.5,23.350000381469727,147319,0.0,0.0
2015-02-06 00:00:00+08:00,23.200000762939453,23.799999237060547,23.200000762939453,23.649999618530273,35011,0.0,0.0
2015-02-09 00:00:00+08:00,23.5,23.75,23.5,23.549999237060547,6000,0.0,0.0
2015-02-10 00:00:00+08:00,23.450000762939453,23.450000762939453,23.149999618530273,23.200000762939453,12014,0.0,0.0
2015-02-11 00:00:00+08:00,23.149999618530273,24.200000762939453,23.149999618530273,24.200000762939453,110052,0.0,0.0
2015-02-12 00:00:00+08:00,24.149999618530273,24.149999618530273,23.600000381469727,24.100000381469727,11000,0.0,0.0
2015-02-13 00:00:00+08:00,23.700000762939453,24.0,23.549999237060547,23.549999237060547,20315,0.0,0.0
2015-02-24 00:00:00+08:00,23.649999618530273,24.100000381469727,23.649999618530273,24.100000381469727,3028,0.0,0.0
2015-02-25 00:00:00+08:00,24.350000381469727,24.350000381469727,24.0,24.0,13039,0.0,0.0
2015-02-26 00:00:00+08:00,24.0,24.0,23.899999618530273,23.899999618530273,3266,0.0,0.0
2015-03-02 00:00:00+08:00,23.799999237060547,23.799999237060547,23.549999237060547,23.549999237060547,4000,0.0,0.0
2015-03-03 00:00:00+08:00,23.549999237060547,23.75,23.549999237060547,23.549999237060547,65010,0.0,0.0
2015-03-04 00:00:00+08:00,23.450000762939453,23.549999237060547,23.200000762939453,23.25,36000,0.0,0.0
2015-03-05 00:00:00+08:00,23.0,23.600000381469727,23.0,23.299999237060547,54000,0.0,0.0
2015-03-06 00:00:00+08:00,23.149999618530273,23.25,22.899999618530273,23.200000762939453,27373,0.0,0.0
2015-03-09 00:00:00+08:00,23.0,23.25,22.899999618530273,23.25,26000,0.0,0.0
2015-03-10 00:00:00+08:00,23.399999618530273,23.399999618530273,23.25,23.25,48065,0.0,0.0
2015-03-11 00:00:00+08:00,23.299999237060547,23.299999237060547,23.299999237060547,23.299999237060547,39000,0.0,0.0
2015-03-12 00:00:00+08:00,23.600000381469727,23.899999618530273,23.600000381469727,23.799999237060547,32000,0.0,0.0
2015-03-13 00:00:00+08:00,23.850000381469727,24.950000762939453,23.850000381469727,24.350000381469727,27000,0.0,0.0
2015-03-16 00:00:00+08:00,24.350000381469727,24.350000381469727,24.350000381469727,24.350000381469727,0,0.0,0.0
2015-03-17 00:00:00+08:00,24.850000381469727,26.5,24.850000381469727,26.200000762939453,240455,0.0,0.0
2015-03-18 00:00:00+08:00,26.200000762939453,26.799999237060547,26.100000381469727,26.100000381469727,124000,0.0,0.0
2015-03-19 00:00:00+08:00,25.799999237060547,26.399999618530273,25.799999237060547,26.200000762939453,85716,0.0,0.0
2015-03-20 00:00:00+08:00,26.200000762939453,27.850000381469727,26.100000381469727,27.0,88372,0.0,0.0
2015-03-23 00:00:00+08:00,26.350000381469727,26.649999618530273,26.350000381469727,26.5,122329,0.0,0.0
2015-03-24 00:00:00+08:00,26.399999618530273,27.600000381469727,26.399999618530273,27.100000381469727,572106,0.0,0.0
2015-03-25 00:00:00+08:00,27.200000762939453,27.5,26.600000381469727,26.799999237060547,552901,0.0,0.0
2015-03-26 00:00:00+08:00,26.299999237060547,26.700000762939453,26.299999237060547,26.5,677020,0.0,0.0
2015-03-27 00:00:00+08:00,26.299999237060547,26.700000762939453,26.25,26.299999237060547,529046,0.0,0.0
2015-03-30 00:00:00+08:00,26.299999237060547,27.200000762939453,26.299999237060547,26.75,525538,0.0,0.0
2015-03-31 00:00:00+08:00,27.0,27.0,26.200000762939453,26.200000762939453,978918,0.0,0.0
2015-04-01 00:00:00+08:00,26.049999237060547,26.149999618530273,25.850000381469727,25.850000381469727,570000,0.0,0.0
2015-04-02 00:00:00+08:00,25.850000381469727,25.899999618530273,25.850000381469727,25.899999618530273,514437,0.0,0.0
2015-04-07 00:00:00+08:00,25.600000381469727,25.600000381469727,25.450000762939453,25.450000762939453,477000,0.0,0.0
2015-04-08 00:00:00+08:00,25.25,25.450000762939453,25.25,25.350000381469727,14002,0.0,0.0
2015-04-09 00:00:00+08:00,25.25,25.25,24.899999618530273,24.899999618530273,504235,0.0,0.0
2015-04-10 00:00:00+08:00,24.700000762939453,24.700000762939453,24.700000762939453,24.700000762939453,4001,0.0,0.0
2015-04-13 00:00:00+08:00,24.549999237060547,25.5,24.549999237060547,25.5,516000,0.0,0.0
2015-04-14 00:00:00+08:00,25.899999618530273,25.950000762939453,25.899999618530273,25.950000762939453,4533,0.0,0.0
2015-04-15 00:00:00+08:00,25.799999237060547,26.600000381469727,25.700000762939453,25.700000762939453,24037,0.0,0.0
2015-04-16 00:00:00+08:00,26.200000762939453,26.200000762939453,25.549999237060547,25.549999237060547,26001,0.0,0.0
2015-04-17 00:00:00+08:00,25.0,25.600000381469727,25.0,25.350000381469727,18003,0.0,0.0
2015-04-20 00:00:00+08:00,25.5,25.5,25.0,25.299999237060547,7004,0.0,0.0
2015-04-21 00:00:00+08:00,26.0,26.0,25.149999618530273,25.149999618530273,6001,0.0,0.0
2015-04-22 00:00:00+08:00,25.200000762939453,25.200000762939453,25.049999237060547,25.049999237060547,9001,0.0,0.0
2015-04-23 00:00:00+08:00,25.899999618530273,25.899999618530273,25.200000762939453,25.25,13017,0.0,0.0
2015-04-24 00:00:00+08:00,23.799999237060547,25.049999237060547,23.799999237060547,24.200000762939453,26000,0.0,0.0
2015-04-27 00:00:00+08:00,24.049999237060547,24.100000381469727,23.850000381469727,24.0,12459,0.0,0.0
2015-04-28 00:00:00+08:00,23.950000762939453,23.950000762939453,23.5,23.600000381469727,9000,0.0,0.0
2015-04-29 00:00:00+08:00,23.5,23.549999237060547,23.5,23.5,3328,0.0,0.0
2015-04-30 00:00:00+08:00,23.5,23.75,23.350000381469727,23.75,5000,0.0,0.0
2015-05-04 00:00:00+08:00,23.149999618530273,23.25,22.799999237060547,23.25,16000,0.0,0.0
2015-05-05 00:00:00+08:00,22.950000762939453,23.0,22.700000762939453,23.0,15000,0.0,0.0
2015-05-06 00:00:00+08:00,22.5,22.799999237060547,22.5,22.799999237060547,5222,0.0,0.0
2015-05-07 00:00:00+08:00,21.850000381469727,22.600000381469727,21.850000381469727,22.600000381469727,5000,0.0,0.0
2015-05-08 00:00:00+08:00,22.0,22.649999618530273,21.950000762939453,22.600000381469727,51265,0.0,0.0
2015-05-11 00:00:00+08:00,22.299999237060547,22.299999237060547,22.299999237060547,22.299999237060547,1000,0.0,0.0
2015-05-12 00:00:00+08:00,21.700000762939453,21.700000762939453,21.350000381469727,21.450000762939453,24015,0.0,0.0
2015-05-13 00:00:00+08:00,20.200000762939453,22.75,20.200000762939453,22.5,323000,0.0,0.0
2015-05-14 00:00:00+08:00,21.799999237060547,22.600000381469727,21.799999237060547,22.399999618530273,288001,0.0,0.0
2015-05-15 00:00:00+08:00,22.0,22.0,22.0,22.0,378319,0.0,0.0
2015-05-18 00:00:00+08:00,21.700000762939453,22.549999237060547,21.700000762939453,21.700000762939453,456646,0.0,0.0
2015-05-19 00:00:00+08:00,20.399999618530273,21.950000762939453,20.399999618530273,21.700000762939453,511403,0.0,0.0
2015-05-20 00:00:00+08:00,21.25,21.299999237060547,21.25,21.299999237060547,2000,0.0,0.0
2015-05-21 00:00:00+08:00,20.850000381469727,22.75,20.799999237060547,22.75,75592,0.0,0.0
2015-05-22 00:00:00+08:00,22.75,23.399999618530273,22.0,23.399999618530273,423275,0.0,0.0
2015-05-25 00:00:00+08:00,23.0,23.399999618530273,23.0,23.0,439479,0.0,0.0
2015-05-26 00:00:00+08:00,22.5,22.850000381469727,22.5,22.600000381469727,448000,0.0,0.0
2015-05-27 00:00:00+08:00,22.149999618530273,23.899999618530273,22.149999618530273,23.899999618530273,439005,0.0,0.0
2015-05-28 00:00:00+08:00,23.25,24.799999237060547,23.25,24.799999237060547,502623,0.0,0.0
2015-05-29 00:00:00+08:00,24.299999237060547,26.5,24.299999237060547,26.5,1087377,0.0,0.0
2015-06-01 00:00:00+08:00,26.0,26.0,24.399999618530273,24.75,827373,0.0,0.0
2015-06-02 00:00:00+08:00,22.5,23.600000381469727,22.5,22.899999618530273,845382,0.0,0.0
2015-06-03 00:00:00+08:00,22.899999618530273,23.450000762939453,22.899999618530273,23.049999237060547,160000,0.0,0.0
2015-06-04 00:00:00+08:00,23.100000381469727,23.549999237060547,23.100000381469727,23.5,66000,0.0,0.0
2015-06-05 00:00:00+08:00,23.450000762939453,25.200000762939453,23.450000762939453,24.200000762939453,111000,0.0,0.0
2015-06-08 00:00:00+08:00,25.25,25.25,24.049999237060547,24.049999237060547,10000,0.0,0.0
2015-06-09 00:00:00+08:00,23.950000762939453,24.0,23.950000762939453,24.0,31331,0.0,0.0
2015-06-10 00:00:00+08:00,23.950000762939453,23.950000762939453,23.799999237060547,23.799999237060547,16000,0.0,0.0
2015-06-11 00:00:00+08:00,24.5,24.5,23.899999618530273,23.899999618530273,5000,0.0,0.0
2015-06-12 00:00:00+08:00,24.799999237060547,24.799999237060547,23.600000381469727,23.600000381469727,5106,0.0,0.0
2015-06-15 00:00:00+08:00,23.0,24.100000381469727,23.0,23.700000762939453,12000,0.0,0.0
2015-06-16 00:00:00+08:00,23.649999618530273,23.700000762939453,23.649999618530273,23.700000762939453,7147,0.0,0.0
2015-06-17 00:00:00+08:00,24.0,24.0,24.0,24.0,2000,0.0,0.0
2015-06-18 00:00:00+08:00,23.700000762939453,23.700000762939453,23.700000762939453,23.700000762939453,1014,0.0,0.0
2015-06-22 00:00:00+08:00,23.600000381469727,23.600000381469727,23.049999237060547,23.049999237060547,7000,0.0,0.0
2015-06-23 00:00:00+08:00,23.0,23.149999618530273,23.0,23.0,8365,0.0,0.0
2015-06-24 00:00:00+08:00,23.0,23.049999237060547,22.950000762939453,23.049999237060547,7000,0.0,0.0
2015-06-25 00:00:00+08:00,22.799999237060547,24.399999618530273,22.799999237060547,24.399999618530273,25638,0.0,0.0
2015-06-26 00:00:00+08:00,23.649999618530273,24.200000762939453,23.600000381469727,24.200000762939453,10000,0.0,0.0
2015-06-29 00:00:00+08:00,23.600000381469727,26.0,23.299999237060547,25.950000762939453,55000,0.0,0.0
2015-06-30 00:00:00+08:00,25.200000762939453,27.600000381469727,24.0,27.600000381469727,527000,0.0,0.0
2015-07-01 00:00:00+08:00,25.899999618530273,26.0,25.0,25.0,98120,0.0,0.0
2015-07-02 00:00:00+08:00,25.200000762939453,25.200000762939453,24.5,24.600000381469727,239061,0.0,0.0
2015-07-03 00:00:00+08:00,24.600000381469727,24.649999618530273,24.0,24.100000381469727,371561,0.0,0.0
2015-07-06 00:00:00+08:00,23.899999618530273,24.0,23.899999618530273,23.899999618530273,217000,0.0,0.0
2015-07-07 00:00:00+08:00,23.899999618530273,24.299999237060547,23.75,23.75,229000,0.0,0.0
2015-07-08 00:00:00+08:00,23.75,23.799999237060547,22.799999237060547,22.950000762939453,221000,0.0,0.0
2015-07-09 00:00:00+08:00,21.75,23.049999237060547,21.75,22.600000381469727,221000,0.0,0.0
2015-07-10 00:00:00+08:00,22.600000381469727,22.600000381469727,22.600000381469727,22.600000381469727,0,0.0,0.0
2015-07-13 00:00:00+08:00,22.799999237060547,23.450000762939453,22.700000762939453,22.700000762939453,216000,0.0,0.0
2015-07-14 00:00:00+08:00,22.899999618530273,23.350000381469727,22.600000381469727,22.600000381469727,218562,0.0,0.0
2015-07-15 00:00:00+08:00,22.600000381469727,22.600000381469727,22.200000762939453,22.200000762939453,226340,0.0,0.0
2015-07-16 00:00:00+08:00,22.450000762939453,23.850000381469727,22.399999618530273,23.0,225000,0.0,0.0
2015-07-17 00:00:00+08:00,23.399999618530273,23.399999618530273,22.299999237060547,22.399999618530273,210000,0.0,0.0
2015-07-20 00:00:00+08:00,22.350000381469727,22.75,21.399999618530273,21.5,234964,0.0,0.0
2015-07-21 00:00:00+08:00,21.549999237060547,21.75,21.299999237060547,21.299999237060547,221000,0.0,0.0
2015-07-22 00:00:00+08:00,20.899999618530273,21.75,20.899999618530273,21.399999618530273,216000,0.0,0.0
2015-07-23 00:00:00+08:00,21.399999618530273,21.399999618530273,20.850000381469727,21.0,104328,0.0,0.0
2015-07-24 00:00:00+08:00,20.799999237060547,21.0,20.75,21.0,140000,0.0,0.0
2015-07-27 00:00:00+08:00,20.899999618530273,21.0,18.899999618530273,20.0,167000,0.0,0.0
2015-07-28 00:00:00+08:00,19.0,22.0,18.299999237060547,22.0,105000,0.0,0.0
2015-07-29 00:00:00+08:00,21.649999618530273,23.350000381469727,21.100000381469727,23.350000381469727,50595,0.0,0.0
2015-07-30 00:00:00+08:00,23.0,24.950000762939453,22.450000762939453,24.950000762939453,74007,0.0,0.0
2015-07-31 00:00:00+08:00,24.950000762939453,27.200000762939453,24.100000381469727,27.200000762939453,225596,0.0,0.0
2015-08-03 00:00:00+08:00,26.100000381469727,26.100000381469727,24.5,24.799999237060547,330000,0.0,0.0
2015-08-04 00:00:00+08:00,24.5,24.5,22.350000381469727,22.350000381469727,225000,0.0,0.0
2015-08-05 00:00:00+08:00,21.700000762939453,23.049999237060547,21.600000381469727,22.350000381469727,221000,0.0,0.0
2015-08-06 00:00:00+08:00,22.350000381469727,22.5,22.149999618530273,22.149999618530273,216000,0.0,0.0
2015-08-07 00:00:00+08:00,21.700000762939453,22.299999237060547,21.350000381469727,22.100000381469727,210000,0.0,0.0
2015-08-10 00:00:00+08:00,22.049999237060547,22.200000762939453,21.799999237060547,22.100000381469727,211000,0.0,0.0
2015-08-11 00:00:00+08:00,21.75,22.100000381469727,21.299999237060547,22.0,214168,0.0,0.0
2015-08-12 00:00:00+08:00,22.0,22.0,21.350000381469727,21.5,217000,0.0,0.0
2015-08-13 00:00:00+08:00,21.700000762939453,22.0,21.649999618530273,21.799999237060547,203493,0.0,0.0
2015-08-14 00:00:00+08:00,22.649999618530273,22.649999618530273,21.600000381469727,22.25,205000,0.0,0.0
2015-08-17 00:00:00+08:00,22.600000381469727,23.299999237060547,22.149999618530273,22.5,216000,0.0,0.0
2015-08-18 00:00:00+08:00,22.549999237060547,22.549999237060547,22.0,22.5,206000,0.0,0.0
2015-08-19 00:00:00+08:00,22.0,22.0,22.0,22.0,203159,0.0,0.0
2015-08-20 00:00:00+08:00,20.700000762939453,22.399999618530273,20.700000762939453,22.399999618530273,200444,0.0,0.0
2015-08-21 00:00:00+08:00,21.899999618530273,22.149999618530273,21.25,21.899999618530273,206000,0.0,0.0
2015-08-24 00:00:00+08:00,20.700000762939453,21.75,19.899999618530273,21.5,217013,0.0,0.0
2015-08-25 00:00:00+08:00,20.049999237060547,22.0,20.049999237060547,22.0,204000,0.0,0.0
2015-08-26 00:00:00+08:00,21.0,21.899999618530273,20.200000762939453,21.5,192000,0.0,0.0
2015-08-27 00:00:00+08:00,20.600000381469727,23.649999618530273,20.600000381469727,23.649999618530273,464339,0.0,0.0
2015-08-28 00:00:00+08:00,25.600000381469727,25.799999237060547,24.100000381469727,25.799999237060547,247000,0.0,0.0
2015-08-31 00:00:00+08:00,25.799999237060547,27.5,24.850000381469727,24.850000381469727,1314546,0.0,0.0
2015-09-01 00:00:00+08:00,24.850000381469727,25.399999618530273,24.700000762939453,24.700000762939453,223000,0.0,0.0
2015-09-02 00:00:00+08:00,24.399999618530273,24.399999618530273,23.950000762939453,23.950000762939453,4000,0.0,0.0
2015-09-03 00:00:00+08:00,22.600000381469727,23.899999618530273,22.600000381469727,23.899999618530273,196644,0.0,0.0
2015-09-04 00:00:00+08:00,23.149999618530273,23.25,22.700000762939453,23.25,51000,0.0,0.0
2015-09-07 00:00:00+08:00,22.799999237060547,23.0,22.5,22.899999618530273,20000,0.0,0.0
2015-09-08 00:00:00+08:00,22.600000381469727,22.700000762939453,22.100000381469727,22.200000762939453,12000,0.0,0.0
2015-09-09 00:00:00+08:00,22.299999237060547,23.100000381469727,21.899999618530273,22.200000762939453,23000,0.0,0.0
2015-09-10 00:00:00+08:00,22.049999237060547,22.100000381469727,22.049999237060547,22.100000381469727,3366,0.0,0.0
2015-09-11 00:00:00+08:00,22.899999618530273,22.899999618530273,21.899999618530273,22.100000381469727,192000,0.0,0.0
2015-09-14 00:00:00+08:00,21.700000762939453,23.700000762939453,21.700000762939453,23.049999237060547,312108,0.0,0.0
2015-09-15 00:00:00+08:00,23.100000381469727,23.75,22.600000381469727,23.049999237060547,249077,0.0,0.0
2015-09-16 00:00:00+08:00,23.049999237060547,23.100000381469727,23.0,23.049999237060547,216678,0.0,0.0
2015-09-17 00:00:00+08:00,23.0,23.799999237060547,23.0,23.549999237060547,222329,0.0,0.0
2015-09-18 00:00:00+08:00,23.149999618530273,23.25,23.149999618530273,23.200000762939453,148167,0.0,0.0
2015-09-21 00:00:00+08:00,22.850000381469727,23.200000762939453,22.850000381469727,22.950000762939453,255192,0.0,0.0
2015-09-22 00:00:00+08:00,22.950000762939453,23.950000762939453,22.950000762939453,23.75,311145,0.0,0.0
2015-09-23 00:00:00+08:00,24.100000381469727,24.100000381469727,23.549999237060547,23.549999237060547,6006,0.0,0.0
2015-09-24 00:00:00+08:00,23.100000381469727,24.25,23.100000381469727,23.200000762939453,10000,0.0,0.0
2015-09-25 00:00:00+08:00,23.600000381469727,24.0,23.600000381469727,24.0,3001,0.0,0.0
2015-09-29 00:00:00+08:00,24.0,24.0,24.0,24.0,0,0.0,0.0
2015-09-30 00:00:00+08:00,23.0,23.0,22.899999618530273,22.899999618530273,4000,0.0,0.0
2015-10-01 00:00:00+08:00,22.899999618530273,23.100000381469727,22.75,23.100000381469727,11000,0.0,0.0
2015-10-02 00:00:00+08:00,23.350000381469727,23.399999618530273,22.850000381469727,22.850000381469727,213017,0.0,0.0
2015-10-05 00:00:00+08:00,22.850000381469727,23.100000381469727,22.799999237060547,22.899999618530273,21426,0.0,0.0
2015-10-06 00:00:00+08:00,23.25,23.25,22.799999237060547,22.799999237060547,2000,0.0,0.0
2015-10-07 00:00:00+08:00,23.399999618530273,23.399999618530273,22.850000381469727,23.0,4000,0.0,0.0
2015-10-08 00:00:00+08:00,23.450000762939453,23.450000762939453,22.899999618530273,22.899999618530273,7000,0.0,0.0
2015-10-12 00:00:00+08:00,23.450000762939453,23.450000762939453,22.5,23.399999618530273,11000,0.0,0.0
2015-10-13 00:00:00+08:00,23.200000762939453,23.450000762939453,23.200000762939453,23.25,9396,0.0,0.0
2015-10-14 00:00:00+08:00,23.799999237060547,23.850000381469727,23.299999237060547,23.350000381469727,14000,0.0,0.0
2015-10-15 00:00:00+08:00,23.950000762939453,24.0,23.5,23.850000381469727,15000,0.0,0.0
2015-10-16 00:00:00+08:00,23.5,23.899999618530273,22.5,23.899999618530273,32229,0.0,0.0
2015-10-19 00:00:00+08:00,24.0,24.549999237060547,23.700000762939453,23.700000762939453,10002,0.0,0.0
2015-10-20 00:00:00+08:00,23.649999618530273,23.899999618530273,23.600000381469727,23.899999618530273,4106,0.0,0.0
2015-10-21 00:00:00+08:00,23.850000381469727,23.950000762939453,23.649999618530273,23.950000762939453,15330,0.0,0.0
2015-10-22 00:00:00+08:00,23.600000381469727,23.700000762939453,23.25,23.700000762939453,9803,0.0,0.0
2015-10-23 00:00:00+08:00,24.149999618530273,24.149999618530273,23.899999618530273,23.899999618530273,6000,0.0,0.0
2015-10-26 00:00:00+08:00,23.950000762939453,23.950000762939453,23.899999618530273,23.899999618530273,5202,0.0,0.0
2015-10-27 00:00:00+08:00,23.850000381469727,23.950000762939453,23.799999237060547,23.799999237060547,13000,0.0,0.0
2015-10-28 00:00:00+08:00,24.049999237060547,24.049999237060547,23.950000762939453,23.950000762939453,7000,0.0,0.0
2015-10-29 00:00:00+08:00,23.950000762939453,23.950000762939453,23.950000762939453,23.950000762939453,3000,0.0,0.0
2015-10-30 00:00:00+08:00,23.950000762939453,23.950000762939453,23.899999618530273,23.899999618530273,5165,0.0,0.0
2015-11-02 00:00:00+08:00,24.0,24.0,23.899999618530273,23.899999618530273,6657,0.0,0.0
2015-11-03 00:00:00+08:00,24.25,24.25,24.25,24.25,1000,0.0,0.0
2015-11-04 00:00:00+08:00,24.25,24.700000762939453,24.25,24.399999618530273,43213,0.0,0.0
2015-11-05 00:00:00+08:00,24.5,24.5,24.5,24.5,3145,0.0,0.0
2015-11-06 00:00:00+08:00,24.5,24.5,24.0,24.25,6000,0.0,0.0
2015-11-09 00:00:00+08:00,24.25,24.5,24.25,24.299999237060547,28000,0.0,0.0
2015-11-10 00:00:00+08:00,24.299999237060547,24.299999237060547,24.25,24.25,2000,0.0,0.0
2015-11-11 00:00:00+08:00,24.399999618530273,24.399999618530273,24.149999618530273,24.149999618530273,4000,0.0,0.0
2015-11-12 00:00:00+08:00,24.149999618530273,24.5,24.149999618530273,24.5,5106,0.0,0.0
2015-11-13 00:00:00+08:00,24.399999618530273,24.399999618530273,24.399999618530273,24.399999618530273,7000,0.0,0.0
2015-11-16 00:00:00+08:00,24.399999618530273,24.399999618530273,24.399999618530273,24.399999618530273,4000,0.0,0.0
2015-11-17 00:00:00+08:00,24.700000762939453,26.0,24.600000381469727,24.600000381469727,67000,0.0,0.0
2015-11-18 00:00:00+08:00,24.600000381469727,24.600000381469727,24.200000762939453,24.5,6106,0.0,0.0
2015-11-19 00:00:00+08:00,24.899999618530273,25.100000381469727,24.799999237060547,24.850000381469727,30000,0.0,0.0
2015-11-20 00:00:00+08:00,24.399999618530273,25.200000762939453,24.299999237060547,24.649999618530273,32266,0.0,0.0
2015-11-23 00:00:00+08:00,24.600000381469727,24.799999237060547,24.549999237060547,24.649999618530273,28131,0.0,0.0
2015-11-24 00:00:00+08:00,24.799999237060547,25.0,24.700000762939453,25.0,30000,0.0,0.0
2015-11-25 00:00:00+08:00,25.100000381469727,26.049999237060547,25.0,25.25,131881,0.0,0.0
2015-11-26 00:00:00+08:00,25.399999618530273,25.950000762939453,24.799999237060547,25.299999237060547,24637,0.0,0.0
2015-11-27 00:00:00+08:00,25.299999237060547,25.299999237060547,24.25,24.25,6532,0.0,0.0
2015-11-30 00:00:00+08:00,24.0,24.700000762939453,23.600000381469727,24.700000762939453,10801,0.0,0.0
2015-12-01 00:00:00+08:00,24.649999618530273,24.700000762939453,24.600000381469727,24.600000381469727,7000,0.0,0.0
2015-12-02 00:00:00+08:00,25.200000762939453,27.0,25.200000762939453,26.299999237060547,455062,0.0,0.0
2015-12-03 00:00:00+08:00,25.5,26.100000381469727,24.299999237060547,24.299999237060547,46000,0.0,0.0
2015-12-04 00:00:00+08:00,24.100000381469727,26.5,24.100000381469727,25.649999618530273,57964,0.0,0.0
2015-12-07 00:00:00+08:00,25.5,25.649999618530273,24.649999618530273,25.649999618530273,7000,0.0,0.0
2015-12-08 00:00:00+08:00,24.700000762939453,24.700000762939453,23.799999237060547,23.899999618530273,37186,0.0,0.0
2015-12-09 00:00:00+08:00,24.0,24.0,22.450000762939453,23.5,14000,0.0,0.0
2015-12-10 00:00:00+08:00,23.399999618530273,24.450000762939453,23.399999618530273,24.450000762939453,11613,0.0,0.0
2015-12-11 00:00:00+08:00,24.0,24.399999618530273,24.0,24.0,6000,0.0,0.0
2015-12-14 00:00:00+08:00,24.299999237060547,24.299999237060547,24.299999237060547,24.299999237060547,1000,0.0,0.0
2015-12-15 00:00:00+08:00,24.600000381469727,25.0,24.600000381469727,25.0,8052,0.0,0.0
2015-12-16 00:00:00+08:00,25.350000381469727,25.350000381469727,25.299999237060547,25.299999237060547,7000,0.0,0.0
2015-12-17 00:00:00+08:00,25.200000762939453,25.600000381469727,25.200000762939453,25.600000381469727,27000,0.0,0.0
2015-12-18 00:00:00+08:00,25.600000381469727,25.899999618530273,25.299999237060547,25.899999618530273,32243,0.0,0.0
2015-12-21 00:00:00+08:00,25.600000381469727,25.799999237060547,25.200000762939453,25.799999237060547,28213,0.0,0.0
2015-12-22 00:00:00+08:00,25.149999618530273,28.0,25.149999618530273,26.100000381469727,194213,0.0,0.0
2015-12-23 00:00:00+08:00,26.100000381469727,27.200000762939453,26.100000381469727,26.299999237060547,80000,0.0,0.0
2015-12-24 00:00:00+08:00,26.350000381469727,27.0,25.850000381469727,26.100000381469727,61000,0.0,0.0
2015-12-25 00:00:00+08:00,26.549999237060547,26.950000762939453,26.549999237060547,26.799999237060547,40426,0.0,0.0
2015-12-28 00:00:00+08:00,26.5,28.5,26.450000762939453,27.399999618530273,249426,0.0,0.0
2015-12-29 00:00:00+08:00,27.399999618530273,27.399999618530273,27.100000381469727,27.100000381469727,6000,0.0,0.0
2015-12-30 00:00:00+08:00,27.0,27.0,26.850000381469727,26.850000381469727,13000,0.0,0.0
2015-12-31 00:00:00+08:00,27.0,27.0,27.0,27.0,2196,0.0,0.0
2016-01-04 00:00:00+08:00,25.5,27.0,25.5,26.950000762939453,8000,0.0,0.0
2016-01-05 00:00:00+08:00,25.899999618530273,26.799999237060547,25.799999237060547,26.799999237060547,8000,0.0,0.0
2016-01-06 00:00:00+08:00,26.649999618530273,26.649999618530273,26.5,26.5,6000,0.0,0.0
2016-01-07 00:00:00+08:00,28.450000762939453,28.450000762939453,26.950000762939453,27.399999618530273,7907,0.0,0.0
2016-01-08 00:00:00+08:00,26.200000762939453,26.649999618530273,26.149999618530273,26.5,7342,0.0,0.0
2016-01-11 00:00:00+08:00,26.450000762939453,26.450000762939453,26.200000762939453,26.200000762939453,15000,0.0,0.0
2016-01-12 00:00:00+08:00,26.200000762939453,26.200000762939453,25.600000381469727,25.600000381469727,3000,0.0,0.0
2016-01-13 00:00:00+08:00,25.600000381469727,25.600000381469727,25.200000762939453,25.200000762939453,5064,0.0,0.0
2016-01-14 00:00:00+08:00,25.549999237060547,25.549999237060547,25.200000762939453,25.200000762939453,2000,0.0,0.0
2016-01-15 00:00:00+08:00,25.200000762939453,26.950000762939453,25.0,25.25,51703,0.0,0.0
2016-01-18 00:00:00+08:00,24.100000381469727,25.299999237060547,24.100000381469727,25.299999237060547,3000,0.0,0.0
2016-01-19 00:00:00+08:00,25.399999618530273,26.0,25.299999237060547,26.0,12000,0.0,0.0
2016-01-20 00:00:00+08:00,26.200000762939453,26.200000762939453,25.5,25.5,3000,0.0,0.0
2016-01-21 00:00:00+08:00,24.700000762939453,25.25,24.649999618530273,25.25,5000,0.0,0.0
2016-01-22 00:00:00+08:00,25.450000762939453,25.450000762939453,25.450000762939453,25.450000762939453,1000,0.0,0.0
2016-01-25 00:00:00+08:00,24.299999237060547,25.25,24.299999237060547,24.950000762939453,10000,0.0,0.0
2016-01-26 00:00:00+08:00,24.899999618530273,25.799999237060547,24.549999237060547,25.200000762939453,7000,0.0,0.0
2016-01-27 00:00:00+08:00,25.0,25.100000381469727,24.899999618530273,24.899999618530273,3000,0.0,0.0
2016-01-28 00:00:00+08:00,24.850000381469727,24.850000381469727,24.850000381469727,24.850000381469727,1532,0.0,0.0
2016-01-29 00:00:00+08:00,24.600000381469727,24.899999618530273,24.5,24.899999618530273,4335,0.0,0.0
2016-02-01 00:00:00+08:00,24.899999618530273,24.899999618530273,24.649999618530273,24.700000762939453,5000,0.0,0.0
2016-02-02 00:00:00+08:00,25.200000762939453,25.200000762939453,24.700000762939453,24.700000762939453,3012,0.0,0.0
2016-02-03 00:00:00+08:00,24.799999237060547,24.799999237060547,24.350000381469727,24.799999237060547,4184,0.0,0.0
2016-02-15 00:00:00+08:00,24.700000762939453,24.700000762939453,24.700000762939453,24.700000762939453,1000,0.0,0.0
2016-02-16 00:00:00+08:00,24.399999618530273,24.399999618530273,24.399999618530273,24.399999618530273,1000,0.0,0.0
2016-02-17 00:00:00+08:00,24.399999618530273,24.600000381469727,24.399999618530273,24.600000381469727,5000,0.0,0.0
2016-02-18 00:00:00+08:00,24.350000381469727,24.350000381469727,24.350000381469727,24.350000381469727,10000,0.0,0.0
2016-02-19 00:00:00+08:00,24.299999237060547,24.75,24.299999237060547,24.75,12106,0.0,0.0
2016-02-22 00:00:00+08:00,24.649999618530273,24.649999618530273,24.649999618530273,24.649999618530273,1000,0.0,0.0
2016-02-23 00:00:00+08:00,24.149999618530273,24.600000381469727,24.100000381469727,24.600000381469727,14000,0.0,0.0
2016-02-24 00:00:00+08:00,24.799999237060547,24.799999237060547,24.799999237060547,24.799999237060547,1000,0.0,0.0
2016-02-25 00:00:00+08:00,25.950000762939453,25.950000762939453,24.549999237060547,24.549999237060547,5000,0.0,0.0
2016-02-26 00:00:00+08:00,24.600000381469727,24.600000381469727,24.600000381469727,24.600000381469727,1000,0.0,0.0
2016-03-01 00:00:00+08:00,24.600000381469727,24.600000381469727,24.5,24.5,5000,0.0,0.0
2016-03-02 00:00:00+08:00,24.399999618530273,25.799999237060547,24.399999618530273,25.299999237060547,36000,0.0,0.0
2016-03-03 00:00:00+08:00,25.299999237060547,26.25,25.299999237060547,26.25,3000,0.0,0.0
2016-03-04 00:00:00+08:00,26.25,26.950000762939453,26.200000762939453,26.200000762939453,4444,0.0,0.0
2016-03-07 00:00:00+08:00,25.600000381469727,28.0,25.600000381469727,27.25,66701,0.0,0.0
2016-03-08 00:00:00+08:00,27.25,27.700000762939453,27.049999237060547,27.450000762939453,47000,0.0,0.0
2016-03-09 00:00:00+08:00,27.299999237060547,27.649999618530273,26.899999618530273,27.0,31506,0.0,0.0
2016-03-10 00:00:00+08:00,26.950000762939453,27.0,26.299999237060547,26.299999237060547,33000,0.0,0.0
2016-03-11 00:00:00+08:00,26.799999237060547,26.799999237060547,26.5,26.5,20795,0.0,0.0
2016-03-14 00:00:00+08:00,26.0,26.450000762939453,26.0,26.450000762939453,3333,0.0,0.0
2016-03-15 00:00:00+08:00,26.350000381469727,26.350000381469727,26.350000381469727,26.350000381469727,6001,0.0,0.0
2016-03-16 00:00:00+08:00,26.5,27.950000762939453,26.5,27.950000762939453,17212,0.0,0.0
2016-03-17 00:00:00+08:00,27.950000762939453,28.549999237060547,27.799999237060547,28.149999618530273,241547,0.0,0.0
2016-03-18 00:00:00+08:00,30.0,30.0,28.350000381469727,28.899999618530273,81352,0.0,0.0
2016-03-21 00:00:00+08:00,28.899999618530273,29.850000381469727,26.549999237060547,28.100000381469727,23651,0.0,0.0
2016-03-22 00:00:00+08:00,28.100000381469727,28.549999237060547,28.0,28.149999618530273,38375,0.0,0.0
2016-03-23 00:00:00+08:00,28.399999618530273,28.450000762939453,27.950000762939453,28.450000762939453,4000,0.0,0.0
2016-03-24 00:00:00+08:00,29.899999618530273,29.899999618530273,28.0,28.350000381469727,6645,0.0,0.0
2016-03-25 00:00:00+08:00,28.25,28.799999237060547,28.25,28.799999237060547,2435,0.0,0.0
2016-03-28 00:00:00+08:00,28.700000762939453,28.75,28.700000762939453,28.75,2889,0.0,0.0
2016-03-29 00:00:00+08:00,27.5,28.0,27.5,28.0,3000,0.0,0.0
2016-03-30 00:00:00+08:00,28.200000762939453,28.200000762939453,28.049999237060547,28.049999237060547,4001,0.0,0.0
2016-03-31 00:00:00+08:00,28.25,28.25,28.25,28.25,1002,0.0,0.0
2016-04-01 00:00:00+08:00,28.049999237060547,28.450000762939453,27.700000762939453,27.950000762939453,5994,0.0,0.0
2016-04-06 00:00:00+08:00,27.950000762939453,27.950000762939453,27.950000762939453,27.950000762939453,1000,0.0,0.0
2016-04-07 00:00:00+08:00,26.600000381469727,27.700000762939453,26.600000381469727,27.049999237060547,9000,0.0,0.0
2016-04-08 00:00:00+08:00,26.950000762939453,27.399999618530273,26.850000381469727,26.850000381469727,5266,0.0,0.0
2016-04-11 00:00:00+08:00,27.149999618530273,28.899999618530273,27.149999618530273,27.299999237060547,35000,0.0,0.0
2016-04-12 00:00:00+08:00,27.450000762939453,27.799999237060547,26.899999618530273,27.649999618530273,5000,0.0,0.0
2016-04-13 00:00:00+08:00,27.5,27.5,26.700000762939453,27.25,5000,0.0,0.0
2016-04-14 00:00:00+08:00,27.450000762939453,27.450000762939453,27.299999237060547,27.299999237060547,4381,0.0,0.0
2016-04-15 00:00:00+08:00,27.25,27.25,26.799999237060547,27.100000381469727,5444,0.0,0.0
2016-04-18 00:00:00+08:00,27.25,27.25,27.25,27.25,1000,0.0,0.0
2016-04-19 00:00:00+08:00,27.149999618530273,27.149999618530273,25.549999237060547,25.850000381469727,8000,0.0,0.0
2016-04-20 00:00:00+08:00,25.950000762939453,25.950000762939453,25.950000762939453,25.950000762939453,1000,0.0,0.0
2016-04-21 00:00:00+08:00,25.899999618530273,25.899999618530273,25.899999618530273,25.899999618530273,1222,0.0,0.0
2016-04-22 00:00:00+08:00,25.899999618530273,25.950000762939453,24.950000762939453,25.850000381469727,6290,0.0,0.0
2016-04-25 00:00:00+08:00,25.0,26.299999237060547,24.549999237060547,25.149999618530273,15000,0.0,0.0
2016-04-26 00:00:00+08:00,25.5,25.5,25.5,25.5,1000,0.0,0.0
2016-04-27 00:00:00+08:00,25.299999237060547,26.899999618530273,25.299999237060547,26.899999618530273,3214,0.0,0.0
2016-04-28 00:00:00+08:00,26.899999618530273,26.899999618530273,26.899999618530273,26.899999618530273,0,0.0,0.0
2016-04-29 00:00:00+08:00,26.399999618530273,26.399999618530273,24.600000381469727,25.899999618530273,9000,0.0,0.0
2016-05-03 00:00:00+08:00,25.649999618530273,25.649999618530273,25.200000762939453,25.200000762939453,2000,0.0,0.0
2016-05-04 00:00:00+08:00,25.450000762939453,25.450000762939453,24.399999618530273,24.399999618530273,6000,0.0,0.0
2016-05-05 00:00:00+08:00,25.200000762939453,25.200000762939453,24.600000381469727,24.600000381469727,2000,0.0,0.0
2016-05-06 00:00:00+08:00,24.600000381469727,25.100000381469727,24.5,24.75,7213,0.0,0.0
2016-05-09 00:00:00+08:00,24.399999618530273,24.600000381469727,24.299999237060547,24.299999237060547,10000,0.0,0.0
2016-05-10 00:00:00+08:00,24.799999237060547,24.799999237060547,24.600000381469727,24.600000381469727,3000,0.0,0.0
2016-05-11 00:00:00+08:00,24.549999237060547,24.549999237060547,24.549999237060547,24.549999237060547,1000,0.0,0.0
2016-05-12 00:00:00+08:00,24.5,24.5,24.25,24.25,3000,0.0,0.0
2016-05-13 00:00:00+08:00,25.5,25.5,24.149999618530273,24.149999618530273,2000,0.0,0.0
2016-05-16 00:00:00+08:00,25.299999237060547,25.299999237060547,22.950000762939453,24.700000762939453,8106,0.0,0.0
2016-05-17 00:00:00+08:00,23.850000381469727,24.399999618530273,23.799999237060547,24.200000762939453,6000,0.0,0.0
2016-05-18 00:00:00+08:00,24.149999618530273,24.149999618530273,24.149999618530273,24.149999618530273,2000,0.0,0.0
2016-05-19 00:00:00+08:00,25.25,25.25,24.0,24.799999237060547,3106,0.0,0.0
2016-05-20 00:00:00+08:00,24.600000381469727,24.600000381469727,23.5,24.149999618530273,6000,0.0,0.0
2016-05-23 00:00:00+08:00,24.049999237060547,24.049999237060547,23.549999237060547,23.899999618530273,6001,0.0,0.0
2016-05-24 00:00:00+08:00,24.350000381469727,24.5,23.649999618530273,24.149999618530273,4101,0.0,0.0
2016-05-25 00:00:00+08:00,24.299999237060547,24.299999237060547,23.299999237060547,23.649999618530273,15213,0.0,0.0
2016-05-26 00:00:00+08:00,23.450000762939453,23.450000762939453,23.450000762939453,23.450000762939453,1000,0.0,0.0
2016-05-27 00:00:00+08:00,23.450000762939453,23.75,22.600000381469727,22.600000381469727,11006,0.0,0.0
2016-05-30 00:00:00+08:00,22.049999237060547,22.049999237060547,22.0,22.0,14000,0.0,0.0
2016-05-31 00:00:00+08:00,22.0,22.25,22.0,22.0,9015,0.0,0.0
2016-06-01 00:00:00+08:00,21.799999237060547,22.149999618530273,21.700000762939453,22.149999618530273,9106,0.0,0.0
2016-06-02 00:00:00+08:00,22.200000762939453,22.200000762939453,21.5,21.950000762939453,6867,0.0,0.0
2016-06-03 00:00:00+08:00,21.600000381469727,21.850000381469727,21.399999618530273,21.75,5000,0.0,0.0
2016-06-06 00:00:00+08:00,21.5,21.5,21.450000762939453,21.450000762939453,7000,0.0,0.0
2016-06-07 00:00:00+08:00,21.450000762939453,21.450000762939453,21.450000762939453,21.450000762939453,0,0.0,0.0
2016-06-08 00:00:00+08:00,21.950000762939453,23.600000381469727,21.950000762939453,23.600000381469727,11000,0.0,0.0
2016-06-13 00:00:00+08:00,23.75,23.75,23.0,23.5,7657,0.0,0.0
2016-06-14 00:00:00+08:00,23.450000762939453,23.450000762939453,23.450000762939453,23.450000762939453,1000,0.0,0.0
2016-06-15 00:00:00+08:00,24.649999618530273,25.200000762939453,23.600000381469727,23.600000381469727,12157,0.0,0.0
2016-06-16 00:00:00+08:00,24.399999618530273,24.399999618530273,22.25,22.25,6100,0.0,0.0
2016-06-17 00:00:00+08:00,21.5,22.700000762939453,21.5,22.700000762939453,61000,0.0,0.0
2016-06-20 00:00:00+08:00,22.200000762939453,22.600000381469727,22.200000762939453,22.549999237060547,5657,0.0,0.0
2016-06-21 00:00:00+08:00,22.649999618530273,22.649999618530273,22.649999618530273,22.649999618530273,1022,0.0,0.0
2016-06-22 00:00:00+08:00,22.75,22.75,21.600000381469727,21.600000381469727,25000,0.0,0.0
2016-06-23 00:00:00+08:00,21.450000762939453,21.450000762939453,20.450000762939453,21.350000381469727,44005,0.0,0.0
2016-06-24 00:00:00+08:00,20.649999618530273,21.0,20.0,21.0,102000,0.0,0.0
2016-06-27 00:00:00+08:00,20.0,20.649999618530273,19.600000381469727,20.5,68000,0.0,0.0
2016-06-28 00:00:00+08:00,20.149999618530273,21.549999237060547,20.0,21.549999237060547,86828,0.0,0.0
2016-06-29 00:00:00+08:00,21.200000762939453,21.200000762939453,20.299999237060547,20.299999237060547,52330,0.0,0.0
2016-06-30 00:00:00+08:00,20.049999237060547,20.350000381469727,19.850000381469727,19.850000381469727,34000,0.0,0.0
2016-07-01 00:00:00+08:00,19.899999618530273,20.25,19.850000381469727,20.100000381469727,21000,0.0,0.0
2016-07-04 00:00:00+08:00,20.0,20.0,19.899999618530273,19.899999618530273,18000,0.0,0.0
2016-07-05 00:00:00+08:00,20.0,20.25,19.850000381469727,19.850000381469727,21000,0.0,0.0
2016-07-06 00:00:00+08:00,19.75,19.899999618530273,19.200000762939453,19.600000381469727,22000,0.0,0.0
2016-07-07 00:00:00+08:00,19.700000762939453,20.100000381469727,19.600000381469727,20.0,9000,0.0,0.0
2016-07-11 00:00:00+08:00,20.200000762939453,20.200000762939453,19.700000762939453,19.950000762939453,16222,0.0,0.0
2016-07-12 00:00:00+08:00,19.850000381469727,19.899999618530273,19.75,19.899999618530273,12000,0.0,0.0
2016-07-13 00:00:00+08:00,20.0,20.0,20.0,20.0,55000,0.0,0.0
2016-07-14 00:00:00+08:00,20.049999237060547,20.299999237060547,20.0,20.0,61000,0.0,0.0
2016-07-15 00:00:00+08:00,20.299999237060547,20.299999237060547,19.5,20.149999618530273,70106,0.0,0.0
2016-07-18 00:00:00+08:00,20.0,20.149999618530273,19.950000762939453,19.950000762939453,437012,0.0,0.0
2016-07-19 00:00:00+08:00,20.0,20.950000762939453,20.0,20.600000381469727,683650,0.0,0.0
2016-07-20 00:00:00+08:00,20.600000381469727,20.75,20.350000381469727,20.549999237060547,1122056,0.0,0.0
2016-07-21 00:00:00+08:00,20.5,20.700000762939453,20.049999237060547,20.399999618530273,900000,0.0,0.0
2016-07-22 00:00:00+08:00,20.5,22.399999618530273,20.399999618530273,22.399999618530273,1474635,0.0,0.0
2016-07-25 00:00:00+08:00,22.549999237060547,23.799999237060547,22.549999237060547,22.600000381469727,436659,0.0,0.0
2016-07-26 00:00:00+08:00,22.649999618530273,22.649999618530273,21.75,21.75,185000,0.0,0.0
2016-07-27 00:00:00+08:00,22.0,22.75,22.0,22.049999237060547,5564234,0.0,0.0
2016-07-28 00:00:00+08:00,22.100000381469727,22.100000381469727,21.25,21.350000381469727,5216958,0.0,0.0
2016-07-29 00:00:00+08:00,21.299999237060547,21.299999237060547,20.700000762939453,20.700000762939453,3932467,0.0,0.0
2016-08-01 00:00:00+08:00,21.0,21.799999237060547,21.0,21.5,37009,0.0,0.0
2016-08-02 00:00:00+08:00,21.549999237060547,21.549999237060547,20.149999618530273,20.700000762939453,129000,0.0,0.0
2016-08-03 00:00:00+08:00,20.799999237060547,21.0,20.600000381469727,20.600000381469727,9222,0.0,0.0
2016-08-04 00:00:00+08:00,20.899999618530273,20.899999618530273,20.450000762939453,20.700000762939453,14276,0.0,0.0
2016-08-05 00:00:00+08:00,20.700000762939453,21.5,20.549999237060547,21.0,48000,0.0,0.0
2016-08-08 00:00:00+08:00,21.25,23.100000381469727,21.25,23.100000381469727,1783239,0.0,0.0
2016-08-09 00:00:00+08:00,24.0,25.399999618530273,24.0,25.399999618530273,1616572,0.0,0.0
2016-08-10 00:00:00+08:00,27.0,27.899999618530273,26.600000381469727,27.899999618530273,858468,0.0,0.0
2016-08-11 00:00:00+08:00,29.0,30.649999618530273,27.25,30.649999618530273,4001859,0.0,0.0
2016-08-12 00:00:00+08:00,31.200000762939453,33.70000076293945,30.799999237060547,33.70000076293945,4649773,0.0,0.0
2016-08-15 00:00:00+08:00,35.0,35.0,33.45000076293945,34.0,626155,0.0,0.0
2016-08-16 00:00:00+08:00,33.5,34.5,33.5,34.20000076293945,392964,0.0,0.0
2016-08-17 00:00:00+08:00,35.0,35.20000076293945,33.650001525878906,33.849998474121094,959669,0.0,0.0
2016-08-18 00:00:00+08:00,32.5,34.900001525878906,32.5,34.20000076293945,299935,0.0,0.0
2016-08-19 00:00:00+08:00,33.70000076293945,34.25,33.70000076293945,34.25,69497,0.0,0.0
2016-08-22 00:00:00+08:00,35.0,36.099998474121094,34.70000076293945,36.099998474121094,221940,0.0,0.0
2016-08-23 00:00:00+08:00,36.099998474121094,36.79999923706055,36.099998474121094,36.599998474121094,95509,0.0,0.0
2016-08-24 00:00:00+08:00,36.5,38.20000076293945,36.5,37.849998474121094,157388,0.0,0.0
2016-08-25 00:00:00+08:00,38.95000076293945,38.95000076293945,36.900001525878906,36.900001525878906,98210,0.0,0.0
2016-08-26 00:00:00+08:00,36.0,37.0,36.0,36.95000076293945,103600,0.0,0.0
2016-08-29 00:00:00+08:00,36.29999923706055,37.5,36.29999923706055,37.5,114788,0.0,0.0
2016-08-30 00:00:00+08:00,36.79999923706055,38.0,36.79999923706055,37.599998474121094,114764,0.0,0.0
2016-08-31 00:00:00+08:00,37.0,38.20000076293945,37.0,38.20000076293945,137514,0.0,0.0
2016-09-01 00:00:00+08:00,38.20000076293945,38.20000076293945,34.400001525878906,34.400001525878906,407003,0.0,0.0
2016-09-02 00:00:00+08:00,33.0,34.79999923706055,31.0,34.349998474121094,672115,0.0,0.0
2016-09-05 00:00:00+08:00,31.950000762939453,34.5,31.799999237060547,34.5,710933,0.0,0.0
2016-09-06 00:00:00+08:00,35.0,35.0,33.599998474121094,33.79999923706055,89999,0.0,0.0
2016-09-07 00:00:00+08:00,34.0,34.0,33.0,33.29999923706055,48243,0.0,0.0
2016-09-08 00:00:00+08:00,32.79999923706055,34.79999923706055,32.20000076293945,33.5,126301,0.0,0.0
2016-09-09 00:00:00+08:00,33.70000076293945,34.20000076293945,32.349998474121094,32.849998474121094,103000,0.0,0.0
2016-09-12 00:00:00+08:00,32.400001525878906,32.849998474121094,30.600000381469727,30.899999618530273,214037,0.0,0.0
2016-09-13 00:00:00+08:00,31.100000381469727,31.100000381469727,29.5,29.899999618530273,130465,0.0,0.0
2016-09-14 00:00:00+08:00,30.299999237060547,30.399999618530273,28.100000381469727,30.399999618530273,205788,0.0,0.0
2016-09-19 00:00:00+08:00,30.450000762939453,31.549999237060547,30.399999618530273,30.850000381469727,80000,0.0,0.0
2016-09-20 00:00:00+08:00,31.0,31.049999237060547,30.399999618530273,30.399999618530273,58000,0.0,0.0
2016-09-21 00:00:00+08:00,30.799999237060547,30.799999237060547,30.100000381469727,30.600000381469727,55000,0.0,0.0
2016-09-22 00:00:00+08:00,31.0,33.650001525878906,31.0,33.650001525878906,396996,0.0,0.0
2016-09-23 00:00:00+08:00,34.45000076293945,34.45000076293945,31.700000762939453,31.700000762939453,496438,0.0,0.0
2016-09-26 00:00:00+08:00,32.04999923706055,32.70000076293945,31.5,31.5,89266,0.0,0.0
2016-09-27 00:00:00+08:00,31.5,31.5,31.5,31.5,0,0.0,0.0
2016-09-28 00:00:00+08:00,31.5,31.5,31.5,31.5,0,0.0,0.0
2016-09-29 00:00:00+08:00,31.049999237060547,32.0,30.600000381469727,31.100000381469727,95000,0.0,0.0
2016-09-30 00:00:00+08:00,30.5,31.049999237060547,30.5,30.799999237060547,56000,0.0,0.0
2016-10-03 00:00:00+08:00,31.5,31.5,30.700000762939453,30.850000381469727,11000,0.0,0.0
2016-10-04 00:00:00+08:00,30.799999237060547,32.5,30.799999237060547,31.850000381469727,87000,0.0,0.0
2016-10-05 00:00:00+08:00,31.850000381469727,31.850000381469727,31.299999237060547,31.399999618530273,28000,0.0,0.0
2016-10-06 00:00:00+08:00,31.100000381469727,31.25,30.700000762939453,31.149999618530273,35000,0.0,0.0
2016-10-07 00:00:00+08:00,31.200000762939453,31.200000762939453,30.149999618530273,30.799999237060547,55237,0.0,0.0
2016-10-11 00:00:00+08:00,30.799999237060547,31.5,29.149999618530273,31.5,54595,0.0,0.0
2016-10-12 00:00:00+08:00,31.100000381469727,32.599998474121094,31.0,31.700000762939453,103350,0.0,0.0
2016-10-13 00:00:00+08:00,31.899999618530273,32.29999923706055,31.700000762939453,32.099998474121094,37657,0.0,0.0
2016-10-14 00:00:00+08:00,32.099998474121094,32.29999923706055,30.299999237060547,30.75,27000,0.0,0.0
2016-10-17 00:00:00+08:00,31.549999237060547,31.700000762939453,31.100000381469727,31.350000381469727,26001,0.0,0.0
2016-10-18 00:00:00+08:00,32.099998474121094,32.5,31.350000381469727,32.5,63286,0.0,0.0
2016-10-19 00:00:00+08:00,32.5,32.79999923706055,32.400001525878906,32.70000076293945,42000,0.0,0.0
2016-10-20 00:00:00+08:00,32.70000076293945,33.400001525878906,31.700000762939453,32.349998474121094,27096,0.0,0.0
2016-10-21 00:00:00+08:00,32.349998474121094,32.349998474121094,31.450000762939453,31.5,15110,0.0,0.0
2016-10-24 00:00:00+08:00,32.650001525878906,32.95000076293945,31.799999237060547,31.799999237060547,7000,0.0,0.0
2016-10-25 00:00:00+08:00,32.0,32.0,31.5,31.649999618530273,6000,0.0,0.0
2016-10-26 00:00:00+08:00,32.349998474121094,32.349998474121094,30.899999618530273,30.899999618530273,8000,0.0,0.0
2016-10-27 00:00:00+08:00,30.899999618530273,30.899999618530273,30.700000762939453,30.700000762939453,14130,0.0,0.0
2016-10-28 00:00:00+08:00,30.649999618530273,30.700000762939453,29.600000381469727,30.25,26426,0.0,0.0
2016-10-31 00:00:00+08:00,30.100000381469727,30.450000762939453,30.0,30.450000762939453,7000,0.0,0.0
2016-11-01 00:00:00+08:00,29.799999237060547,29.850000381469727,29.700000762939453,29.75,12319,0.0,0.0
2016-11-02 00:00:00+08:00,29.649999618530273,30.350000381469727,29.649999618530273,30.149999618530273,7000,0.0,0.0
2016-11-03 00:00:00+08:00,30.299999237060547,30.299999237060547,29.200000762939453,30.100000381469727,18000,0.0,0.0
2016-11-04 00:00:00+08:00,30.799999237060547,30.799999237060547,29.350000381469727,30.649999618530273,24771,0.0,0.0
2016-11-07 00:00:00+08:00,30.399999618530273,30.399999618530273,30.049999237060547,30.25,7000,0.0,0.0
2016-11-08 00:00:00+08:00,29.549999237060547,30.200000762939453,29.5,30.200000762939453,8149,0.0,0.0
2016-11-09 00:00:00+08:00,30.200000762939453,30.200000762939453,28.600000381469727,28.600000381469727,17148,0.0,0.0
2016-11-10 00:00:00+08:00,29.799999237060547,30.0,28.25,29.25,23000,0.0,0.0
2016-11-11 00:00:00+08:00,29.25,29.25,29.25,29.25,1000,0.0,0.0
2016-11-14 00:00:00+08:00,29.950000762939453,29.950000762939453,29.149999618530273,29.75,14006,0.0,0.0
2016-11-15 00:00:00+08:00,28.649999618530273,31.0,28.649999618530273,30.299999237060547,133012,0.0,0.0
2016-11-16 00:00:00+08:00,29.899999618530273,30.649999618530273,29.899999618530273,30.299999237060547,10222,0.0,0.0
2016-11-17 00:00:00+08:00,30.799999237060547,30.799999237060547,29.799999237060547,30.450000762939453,9000,0.0,0.0
2016-11-18 00:00:00+08:00,30.0,30.399999618530273,29.75,30.399999618530273,17000,0.0,0.0
2016-11-21 00:00:00+08:00,29.850000381469727,30.25,29.5,29.899999618530273,12026,0.0,0.0
2016-11-22 00:00:00+08:00,29.899999618530273,30.049999237060547,29.049999237060547,29.049999237060547,12266,0.0,0.0
2016-11-23 00:00:00+08:00,29.049999237060547,29.049999237060547,28.600000381469727,28.700000762939453,24088,0.0,0.0
2016-11-24 00:00:00+08:00,28.600000381469727,28.600000381469727,28.299999237060547,28.350000381469727,12000,0.0,0.0
2016-11-25 00:00:00+08:00,28.299999237060547,28.299999237060547,28.0,28.0,13000,0.0,0.0
2016-11-28 00:00:00+08:00,28.0,28.649999618530273,27.700000762939453,27.700000762939453,14000,0.0,0.0
2016-11-29 00:00:00+08:00,27.700000762939453,28.649999618530273,27.700000762939453,27.700000762939453,18100,0.0,0.0
2016-11-30 00:00:00+08:00,27.600000381469727,27.600000381469727,26.700000762939453,26.899999618530273,31000,0.0,0.0
2016-12-01 00:00:00+08:00,26.600000381469727,29.25,26.049999237060547,28.799999237060547,107000,0.0,0.0
2016-12-02 00:00:00+08:00,28.799999237060547,28.799999237060547,27.5,27.5,18000,0.0,0.0
2016-12-05 00:00:00+08:00,27.5,27.5,27.049999237060547,27.049999237060547,17000,0.0,0.0
2016-12-06 00:00:00+08:00,27.0,28.0,26.799999237060547,28.0,35000,0.0,0.0
2016-12-07 00:00:00+08:00,29.0,29.450000762939453,28.5,28.5,14086,0.0,0.0
2016-12-08 00:00:00+08:00,29.799999237060547,29.799999237060547,28.75,28.799999237060547,29393,0.0,0.0
2016-12-09 00:00:00+08:00,29.399999618530273,29.450000762939453,28.799999237060547,28.799999237060547,24000,0.0,0.0
2016-12-12 00:00:00+08:00,28.799999237060547,29.149999618530273,27.899999618530273,28.5,19000,0.0,0.0
2016-12-13 00:00:00+08:00,28.700000762939453,28.700000762939453,27.549999237060547,28.5,14000,0.0,0.0
2016-12-14 00:00:00+08:00,27.649999618530273,28.899999618530273,27.649999618530273,28.899999618530273,34235,0.0,0.0
2016-12-15 00:00:00+08:00,28.299999237060547,28.850000381469727,28.299999237060547,28.850000381469727,7231,0.0,0.0
2016-12-16 00:00:00+08:00,28.450000762939453,29.850000381469727,28.450000762939453,28.799999237060547,10000,0.0,0.0
2016-12-19 00:00:00+08:00,28.899999618530273,28.899999618530273,28.850000381469727,28.850000381469727,2100,0.0,0.0
2016-12-20 00:00:00+08:00,28.5,28.899999618530273,28.5,28.899999618530273,3000,0.0,0.0
2016-12-21 00:00:00+08:00,28.899999618530273,28.899999618530273,28.899999618530273,28.899999618530273,1000,0.0,0.0
2016-12-22 00:00:00+08:00,29.350000381469727,29.350000381469727,28.5,29.049999237060547,12106,0.0,0.0
2016-12-23 00:00:00+08:00,29.100000381469727,29.100000381469727,28.799999237060547,28.799999237060547,3283,0.0,0.0
2016-12-26 00:00:00+08:00,29.850000381469727,29.850000381469727,28.549999237060547,29.200000762939453,7000,0.0,0.0
2016-12-27 00:00:00+08:00,29.25,29.450000762939453,28.450000762939453,29.149999618530273,10000,0.0,0.0
2016-12-28 00:00:00+08:00,29.5,29.5,28.649999618530273,29.299999237060547,3000,0.0,0.0
2016-12-29 00:00:00+08:00,29.649999618530273,29.649999618530273,29.25,29.25,2000,0.0,0.0
2016-12-30 00:00:00+08:00,29.950000762939453,30.200000762939453,29.950000762939453,30.200000762939453,2178,0.0,0.0
2017-01-03 00:00:00+08:00,30.200000762939453,30.200000762939453,30.100000381469727,30.100000381469727,2302,0.0,0.0
2017-01-04 00:00:00+08:00,30.700000762939453,30.700000762939453,30.700000762939453,30.700000762939453,1000,0.0,0.0
2017-01-05 00:00:00+08:00,29.399999618530273,29.799999237060547,29.200000762939453,29.450000762939453,8356,0.0,0.0
2017-01-06 00:00:00+08:00,29.399999618530273,29.700000762939453,28.649999618530273,29.5,32005,0.0,0.0
2017-01-09 00:00:00+08:00,32.45000076293945,32.45000076293945,29.399999618530273,29.399999618530273,722200,0.0,0.0
2017-01-10 00:00:00+08:00,29.75,30.5,28.5,28.600000381469727,139000,0.0,0.0
2017-01-11 00:00:00+08:00,28.549999237060547,28.799999237060547,28.399999618530273,28.5,22533,0.0,0.0
2017-01-12 00:00:00+08:00,28.950000762939453,28.950000762939453,28.299999237060547,28.5,17159,0.0,0.0
2017-01-13 00:00:00+08:00,28.100000381469727,28.75,27.600000381469727,28.25,81000,0.0,0.0
2017-01-16 00:00:00+08:00,28.25,29.299999237060547,28.200000762939453,29.0,175000,0.0,0.0
2017-01-17 00:00:00+08:00,29.299999237060547,29.299999237060547,28.799999237060547,29.149999618530273,15444,0.0,0.0
2017-01-18 00:00:00+08:00,29.100000381469727,29.149999618530273,29.0,29.0,15999,0.0,0.0
2017-01-19 00:00:00+08:00,29.0,29.299999237060547,28.600000381469727,28.950000762939453,11129,0.0,0.0
2017-01-20 00:00:00+08:00,28.950000762939453,29.0,28.700000762939453,28.700000762939453,6458,0.0,0.0
2017-01-23 00:00:00+08:00,28.100000381469727,28.799999237060547,28.0,28.75,34499,0.0,0.0
2017-01-24 00:00:00+08:00,28.899999618530273,28.899999618530273,28.899999618530273,28.899999618530273,2106,0.0,0.0
2017-02-02 00:00:00+08:00,28.5,29.700000762939453,28.5,28.799999237060547,53000,0.0,0.0
2017-02-03 00:00:00+08:00,28.799999237060547,29.25,28.799999237060547,29.25,4001,0.0,0.0
2017-02-06 00:00:00+08:00,29.649999618530273,29.649999618530273,28.799999237060547,29.0,6000,0.0,0.0
2017-02-07 00:00:00+08:00,29.5,29.5,28.700000762939453,28.700000762939453,23407,0.0,0.0
2017-02-08 00:00:00+08:00,28.700000762939453,28.700000762939453,28.049999237060547,28.049999237060547,27001,0.0,0.0
2017-02-09 00:00:00+08:00,28.299999237060547,28.299999237060547,27.350000381469727,27.350000381469727,65100,0.0,0.0
2017-02-10 00:00:00+08:00,27.350000381469727,27.850000381469727,26.549999237060547,27.850000381469727,80124,0.0,0.0
2017-02-13 00:00:00+08:00,27.649999618530273,28.299999237060547,27.649999618530273,27.799999237060547,15400,0.0,0.0
2017-02-14 00:00:00+08:00,27.600000381469727,27.600000381469727,27.25,27.350000381469727,7376,0.0,0.0
2017-02-15 00:00:00+08:00,27.350000381469727,28.0,27.350000381469727,27.899999618530273,5506,0.0,0.0
2017-02-16 00:00:00+08:00,27.450000762939453,27.549999237060547,27.25,27.549999237060547,6006,0.0,0.0
2017-02-17 00:00:00+08:00,27.899999618530273,27.899999618530273,27.399999618530273,27.399999618530273,3574,0.0,0.0
2017-02-20 00:00:00+08:00,29.0,29.0,28.100000381469727,28.649999618530273,11426,0.0,0.0
2017-02-21 00:00:00+08:00,28.149999618530273,28.299999237060547,27.75,28.200000762939453,13716,0.0,0.0
2017-02-22 00:00:00+08:00,28.5,28.600000381469727,28.200000762939453,28.200000762939453,22084,0.0,0.0
2017-02-23 00:00:00+08:00,28.200000762939453,28.200000762939453,28.0,28.0,14335,0.0,0.0
2017-02-24 00:00:00+08:00,28.399999618530273,28.399999618530273,28.0,28.0,8000,0.0,0.0
2017-03-01 00:00:00+08:00,28.049999237060547,28.100000381469727,28.049999237060547,28.100000381469727,2936,0.0,0.0
2017-03-02 00:00:00+08:00,28.100000381469727,28.100000381469727,27.5,28.100000381469727,7000,0.0,0.0
2017-03-03 00:00:00+08:00,28.399999618530273,28.399999618530273,28.299999237060547,28.299999237060547,2012,0.0,0.0
2017-03-06 00:00:00+08:00,27.600000381469727,28.25,27.600000381469727,28.25,4266,0.0,0.0
2017-03-07 00:00:00+08:00,27.700000762939453,28.149999618530273,27.700000762939453,28.149999618530273,4000,0.0,0.0
2017-03-08 00:00:00+08:00,28.950000762939453,28.950000762939453,27.799999237060547,28.049999237060547,4000,0.0,0.0
2017-03-09 00:00:00+08:00,28.0,28.0,28.0,28.0,1000,0.0,0.0
2017-03-10 00:00:00+08:00,28.0,28.0,28.0,28.0,2000,0.0,0.0
2017-03-13 00:00:00+08:00,28.0,28.0,28.0,28.0,2000,0.0,0.0
2017-03-14 00:00:00+08:00,28.0,28.0,28.0,28.0,2014,0.0,0.0
2017-03-15 00:00:00+08:00,28.0,28.350000381469727,28.0,28.0,7653,0.0,0.0
2017-03-16 00:00:00+08:00,28.200000762939453,28.200000762939453,27.649999618530273,28.100000381469727,8000,0.0,0.0
2017-03-17 00:00:00+08:00,28.100000381469727,28.149999618530273,28.100000381469727,28.100000381469727,8711,0.0,0.0
2017-03-20 00:00:00+08:00,28.5,28.899999618530273,28.5,28.600000381469727,43428,0.0,0.0
2017-03-21 00:00:00+08:00,28.950000762939453,29.600000381469727,28.950000762939453,29.549999237060547,47328,0.0,0.0
2017-03-22 00:00:00+08:00,29.549999237060547,29.549999237060547,29.100000381469727,29.549999237060547,13000,0.0,0.0
2017-03-23 00:00:00+08:00,29.700000762939453,29.700000762939453,29.049999237060547,29.049999237060547,23072,0.0,0.0
2017-03-24 00:00:00+08:00,28.75,29.0,28.549999237060547,28.549999237060547,25149,0.0,0.0
2017-03-27 00:00:00+08:00,28.549999237060547,28.549999237060547,28.049999237060547,28.450000762939453,14065,0.0,0.0
2017-03-28 00:00:00+08:00,28.100000381469727,28.100000381469727,27.5,27.5,17001,0.0,0.0
2017-03-29 00:00:00+08:00,27.399999618530273,28.0,27.399999618530273,28.0,9000,0.0,0.0
2017-03-30 00:00:00+08:00,27.799999237060547,27.799999237060547,27.799999237060547,27.799999237060547,1266,0.0,0.0
2017-03-31 00:00:00+08:00,28.0,28.200000762939453,28.0,28.200000762939453,3000,0.0,0.0
2017-04-05 00:00:00+08:00,28.0,28.700000762939453,28.0,28.700000762939453,10001,0.0,0.0
2017-04-06 00:00:00+08:00,28.5,28.75,28.5,28.75,5478,0.0,0.0
2017-04-07 00:00:00+08:00,29.100000381469727,29.100000381469727,28.0,28.75,10661,0.0,0.0
2017-04-10 00:00:00+08:00,28.75,28.75,28.75,28.75,1061,0.0,0.0
2017-04-11 00:00:00+08:00,28.5,28.5,28.5,28.5,3000,0.0,0.0
2017-04-12 00:00:00+08:00,28.399999618530273,28.399999618530273,28.399999618530273,28.399999618530273,1184,0.0,0.0
2017-04-13 00:00:00+08:00,27.600000381469727,28.5,27.600000381469727,28.5,8000,0.0,0.0
2017-04-14 00:00:00+08:00,28.5,28.5,28.5,28.5,0,0.0,0.0
2017-04-17 00:00:00+08:00,28.549999237060547,28.549999237060547,28.549999237060547,28.549999237060547,1000,0.0,0.0
2017-04-18 00:00:00+08:00,28.350000381469727,28.350000381469727,28.350000381469727,28.350000381469727,1016,0.0,0.0
2017-04-19 00:00:00+08:00,28.600000381469727,28.600000381469727,27.600000381469727,28.5,17334,0.0,0.0
2017-04-20 00:00:00+08:00,27.75,28.899999618530273,27.600000381469727,28.899999618530273,18137,0.0,0.0
2017-04-21 00:00:00+08:00,28.899999618530273,30.5,28.200000762939453,30.5,67023,0.0,0.0
2017-04-24 00:00:00+08:00,32.0,32.20000076293945,30.0,30.25,61000,0.0,0.0
2017-04-25 00:00:00+08:00,30.299999237060547,31.850000381469727,30.0,31.850000381469727,48503,0.0,0.0
2017-04-26 00:00:00+08:00,31.299999237060547,32.599998474121094,31.100000381469727,32.599998474121094,65079,0.0,0.0
2017-04-27 00:00:00+08:00,33.29999923706055,33.900001525878906,31.700000762939453,33.0,98654,0.0,0.0
2017-04-28 00:00:00+08:00,32.099998474121094,32.400001525878906,31.799999237060547,32.20000076293945,84000,0.0,0.0
2017-05-02 00:00:00+08:00,31.5,32.75,30.799999237060547,32.599998474121094,30668,0.0,0.0
2017-05-03 00:00:00+08:00,32.599998474121094,33.150001525878906,31.649999618530273,31.950000762939453,30999,0.0,0.0
2017-05-04 00:00:00+08:00,31.600000381469727,31.600000381469727,30.600000381469727,30.75,11318,0.0,0.0
2017-05-05 00:00:00+08:00,30.350000381469727,30.950000762939453,30.299999237060547,30.299999237060547,8080,0.0,0.0
2017-05-08 00:00:00+08:00,30.350000381469727,30.350000381469727,30.25,30.25,7213,0.0,0.0
2017-05-09 00:00:00+08:00,30.0,31.799999237060547,29.200000762939453,31.799999237060547,36432,0.0,0.0
2017-05-10 00:00:00+08:00,31.799999237060547,31.899999618530273,31.100000381469727,31.899999618530273,52339,0.0,0.0
2017-05-11 00:00:00+08:00,31.799999237060547,31.799999237060547,30.899999618530273,31.5,55595,0.0,0.0
2017-05-12 00:00:00+08:00,31.100000381469727,31.200000762939453,30.350000381469727,30.350000381469727,10000,0.0,0.0
2017-05-15 00:00:00+08:00,30.5,30.75,30.5,30.75,5338,0.0,0.0
2017-05-16 00:00:00+08:00,30.75,30.75,30.75,30.75,0,0.0,0.0
2017-05-17 00:00:00+08:00,30.799999237060547,30.799999237060547,29.5,29.850000381469727,9710,0.0,0.0
2017-05-18 00:00:00+08:00,29.200000762939453,29.5,29.049999237060547,29.5,8001,0.0,0.0
2017-05-19 00:00:00+08:00,29.5,29.850000381469727,28.549999237060547,29.200000762939453,28000,0.0,0.0
2017-05-22 00:00:00+08:00,29.299999237060547,30.850000381469727,29.299999237060547,30.850000381469727,16106,0.0,0.0
2017-05-23 00:00:00+08:00,30.899999618530273,30.899999618530273,29.649999618530273,29.649999618530273,37006,0.0,0.0
2017-05-24 00:00:00+08:00,28.799999237060547,29.649999618530273,28.799999237060547,29.649999618530273,4063,0.0,0.0
2017-05-25 00:00:00+08:00,29.25,30.299999237060547,29.149999618530273,30.299999237060547,18222,0.0,0.0
2017-05-26 00:00:00+08:00,30.299999237060547,30.299999237060547,29.0,29.399999618530273,33000,0.0,0.0
2017-05-31 00:00:00+08:00,29.399999618530273,29.75,29.399999618530273,29.75,4029,0.0,0.0
2017-06-01 00:00:00+08:00,29.0,29.0,29.0,29.0,8106,0.0,0.0
2017-06-02 00:00:00+08:00,29.049999237060547,29.299999237060547,28.799999237060547,29.0,31864,0.0,0.0
2017-06-05 00:00:00+08:00,28.0,28.0,27.700000762939453,27.700000762939453,12000,0.0,0.0
2017-06-06 00:00:00+08:00,28.149999618530273,28.200000762939453,28.0,28.0,9320,0.0,0.0
2017-06-07 00:00:00+08:00,27.75,28.350000381469727,27.75,28.350000381469727,3328,0.0,0.0
2017-06-08 00:00:00+08:00,28.25,28.25,28.25,28.25,29,0.0,0.0
2017-06-09 00:00:00+08:00,28.5,28.5,28.5,28.5,3100,0.0,0.0
2017-06-12 00:00:00+08:00,29.200000762939453,29.200000762939453,29.200000762939453,29.200000762939453,9222,0.0,0.0
2017-06-13 00:00:00+08:00,29.149999618530273,29.149999618530273,27.850000381469727,27.850000381469727,20000,0.0,0.0
2017-06-14 00:00:00+08:00,27.850000381469727,27.850000381469727,27.75,27.75,5000,0.0,0.0
2017-06-15 00:00:00+08:00,27.75,28.25,27.75,28.25,8000,0.0,0.0
2017-06-16 00:00:00+08:00,27.899999618530273,28.149999618530273,27.850000381469727,28.149999618530273,5000,0.0,0.0
2017-06-19 00:00:00+08:00,28.100000381469727,28.100000381469727,28.100000381469727,28.100000381469727,10,0.0,0.0
2017-06-20 00:00:00+08:00,27.75,28.25,27.75,28.25,8893,0.0,0.0
2017-06-21 00:00:00+08:00,28.200000762939453,28.450000762939453,27.700000762939453,28.450000762939453,13065,0.0,0.0
2017-06-22 00:00:00+08:00,28.0,29.25,28.0,29.25,9500,0.0,0.0
2017-06-23 00:00:00+08:00,29.5,29.799999237060547,28.399999618530273,29.049999237060547,23000,0.0,0.0
2017-06-26 00:00:00+08:00,29.25,29.25,29.25,29.25,1539,0.0,0.0
2017-06-27 00:00:00+08:00,28.700000762939453,28.700000762939453,28.450000762939453,28.5,9006,0.0,0.0
2017-06-28 00:00:00+08:00,28.100000381469727,28.100000381469727,28.049999237060547,28.049999237060547,6372,0.0,0.0
2017-06-29 00:00:00+08:00,27.799999237060547,27.950000762939453,27.700000762939453,27.950000762939453,4106,0.0,0.0
2017-06-30 00:00:00+08:00,28.0,28.0,27.850000381469727,27.850000381469727,5106,0.0,0.0
2017-07-03 00:00:00+08:00,27.0,27.549999237060547,27.0,27.549999237060547,3002,0.0,0.0
2017-07-04 00:00:00+08:00,27.549999237060547,27.549999237060547,27.200000762939453,27.450000762939453,5054,0.0,0.0
2017-07-05 00:00:00+08:00,27.450000762939453,28.100000381469727,27.450000762939453,28.100000381469727,8001,0.0,0.0
2017-07-06 00:00:00+08:00,28.0,28.0,27.399999618530273,27.75,7533,0.0,0.0
2017-07-07 00:00:00+08:00,27.700000762939453,27.700000762939453,27.700000762939453,27.700000762939453,928,0.0,0.0
2017-07-10 00:00:00+08:00,27.75,27.75,26.799999237060547,27.0,13537,0.0,0.0
2017-07-11 00:00:00+08:00,26.799999237060547,26.799999237060547,26.299999237060547,26.5,17001,0.0,0.0
2017-07-12 00:00:00+08:00,27.0,28.0,27.0,28.0,9092,0.0,0.0
2017-07-13 00:00:00+08:00,27.899999618530273,27.899999618530273,27.200000762939453,27.299999237060547,17000,0.0,0.0
2017-07-14 00:00:00+08:00,27.049999237060547,27.450000762939453,27.049999237060547,27.450000762939453,2099,0.0,0.0
2017-07-17 00:00:00+08:00,27.700000762939453,27.799999237060547,27.399999618530273,27.799999237060547,3074,0.0,0.0
2017-07-18 00:00:00+08:00,27.25,27.25,27.0,27.0,12190,0.0,0.0
2017-07-19 00:00:00+08:00,27.649999618530273,27.649999618530273,27.649999618530273,27.649999618530273,1000,0.0,0.0
2017-07-20 00:00:00+08:00,26.850000381469727,26.850000381469727,26.850000381469727,26.850000381469727,3174,0.0,0.0
2017-07-21 00:00:00+08:00,26.850000381469727,26.850000381469727,26.850000381469727,26.850000381469727,0,0.0,0.0
2017-07-24 00:00:00+08:00,27.0,27.0,27.0,27.0,1000,0.0,0.0
2017-07-25 00:00:00+08:00,26.5,26.899999618530273,26.5,26.899999618530273,3000,0.0,0.0
2017-07-26 00:00:00+08:00,27.0,27.600000381469727,27.0,27.350000381469727,11000,0.0,0.0
2017-07-27 00:00:00+08:00,26.850000381469727,27.0,26.850000381469727,27.0,6000,0.0,0.0
2017-07-28 00:00:00+08:00,27.399999618530273,27.399999618530273,27.399999618530273,27.399999618530273,2000,0.0,0.0
2017-07-31 00:00:00+08:00,26.799999237060547,26.799999237060547,26.200000762939453,26.200000762939453,20000,0.0,0.0
2017-08-01 00:00:00+08:00,26.5,26.549999237060547,26.5,26.549999237060547,2995,0.0,0.0
2017-08-02 00:00:00+08:00,26.100000381469727,26.5,26.100000381469727,26.350000381469727,4281,0.0,0.0
2017-08-03 00:00:00+08:00,26.700000762939453,26.700000762939453,26.700000762939453,26.700000762939453,2000,0.0,0.0
2017-08-04 00:00:00+08:00,26.700000762939453,27.25,26.200000762939453,27.049999237060547,14595,0.0,0.0
2017-08-07 00:00:00+08:00,26.5,27.0,26.200000762939453,26.5,5861,0.0,0.0
2017-08-08 00:00:00+08:00,26.850000381469727,26.850000381469727,26.850000381469727,26.850000381469727,2090,0.0,0.0
2017-08-09 00:00:00+08:00,27.200000762939453,27.200000762939453,27.100000381469727,27.100000381469727,5982,0.0,0.0
2017-08-10 00:00:00+08:00,26.799999237060547,26.799999237060547,26.799999237060547,26.799999237060547,2000,0.0,0.0
2017-08-11 00:00:00+08:00,26.049999237060547,26.649999618530273,26.049999237060547,26.649999618530273,2000,0.0,0.0
2017-08-14 00:00:00+08:00,26.649999618530273,26.649999618530273,26.649999618530273,26.649999618530273,2328,0.0,0.0
2017-08-15 00:00:00+08:00,26.649999618530273,26.649999618530273,26.649999618530273,26.649999618530273,0,0.0,0.0
2017-08-16 00:00:00+08:00,26.399999618530273,27.100000381469727,26.399999618530273,27.100000381469727,6273,0.0,0.0
2017-08-17 00:00:00+08:00,27.5,27.5,26.350000381469727,26.75,23106,0.0,0.0
2017-08-18 00:00:00+08:00,26.25,27.049999237060547,26.25,27.049999237060547,2000,0.0,0.0
2017-08-21 00:00:00+08:00,26.799999237060547,26.799999237060547,26.799999237060547,26.799999237060547,6456,0.0,0.0
2017-08-22 00:00:00+08:00,26.350000381469727,27.100000381469727,26.350000381469727,27.100000381469727,4000,0.0,0.0
2017-08-23 00:00:00+08:00,27.100000381469727,27.100000381469727,27.100000381469727,27.100000381469727,1000,0.0,0.0
2017-08-24 00:00:00+08:00,26.450000762939453,26.450000762939453,26.450000762939453,26.450000762939453,10500,0.0,0.0
2017-08-25 00:00:00+08:00,26.450000762939453,26.600000381469727,26.200000762939453,26.600000381469727,20562,0.0,0.0
2017-08-28 00:00:00+08:00,26.200000762939453,26.25,25.600000381469727,25.600000381469727,43000,0.0,0.0
2017-08-29 00:00:00+08:00,25.600000381469727,25.600000381469727,24.799999237060547,24.799999237060547,68070,0.0,0.0
2017-08-30 00:00:00+08:00,24.850000381469727,25.200000762939453,24.799999237060547,25.200000762939453,14914,0.0,0.0
2017-08-31 00:00:00+08:00,24.899999618530273,25.0,24.5,24.799999237060547,33580,0.0,0.0
2017-09-01 00:00:00+08:00,24.600000381469727,25.0,24.5,25.0,27895,0.0,0.0
2017-09-04 00:00:00+08:00,24.899999618530273,24.899999618530273,24.899999618530273,24.899999618530273,46,0.0,0.0
2017-09-05 00:00:00+08:00,24.950000762939453,24.950000762939453,24.950000762939453,24.950000762939453,2259,0.0,0.0
2017-09-06 00:00:00+08:00,24.950000762939453,24.950000762939453,24.399999618530273,24.899999618530273,3000,0.0,0.0
2017-09-07 00:00:00+08:00,24.899999618530273,24.899999618530273,24.899999618530273,24.899999618530273,0,0.0,0.0
2017-09-08 00:00:00+08:00,24.5,24.600000381469727,24.5,24.600000381469727,2657,0.0,0.0
2017-09-11 00:00:00+08:00,25.0,25.0,24.899999618530273,24.899999618530273,3500,0.0,0.0
2017-09-12 00:00:00+08:00,24.950000762939453,25.0,24.5,24.850000381469727,5586,0.0,0.0
2017-09-13 00:00:00+08:00,24.450000762939453,25.0,24.450000762939453,25.0,10600,0.0,0.0
2017-09-14 00:00:00+08:00,24.850000381469727,26.950000762939453,24.850000381469727,26.799999237060547,113132,0.0,0.0
2017-09-15 00:00:00+08:00,26.700000762939453,26.700000762939453,26.0,26.0,21601,0.0,0.0
2017-09-18 00:00:00+08:00,26.0,26.0,25.100000381469727,25.100000381469727,12999,0.0,0.0
2017-09-19 00:00:00+08:00,25.100000381469727,25.100000381469727,24.100000381469727,24.100000381469727,34000,0.0,0.0
2017-09-20 00:00:00+08:00,23.950000762939453,24.0,23.899999618530273,24.0,93000,0.0,0.0
2017-09-21 00:00:00+08:00,24.100000381469727,24.5,24.100000381469727,24.5,2076,0.0,0.0
2017-09-22 00:00:00+08:00,24.399999618530273,24.399999618530273,24.0,24.0,2000,0.0,0.0
2017-09-25 00:00:00+08:00,24.350000381469727,24.350000381469727,24.200000762939453,24.200000762939453,2000,0.0,0.0
2017-09-26 00:00:00+08:00,24.450000762939453,24.799999237060547,24.0,24.450000762939453,11046,0.0,0.0
2017-09-27 00:00:00+08:00,24.149999618530273,24.700000762939453,24.149999618530273,24.700000762939453,11000,0.0,0.0
2017-09-28 00:00:00+08:00,24.899999618530273,24.899999618530273,24.450000762939453,24.899999618530273,11000,0.0,0.0
2017-09-29 00:00:00+08:00,24.399999618530273,24.899999618530273,24.200000762939453,24.899999618530273,168000,0.0,0.0
2017-10-02 00:00:00+08:00,25.299999237060547,25.299999237060547,24.5,25.100000381469727,12092,0.0,0.0
2017-10-03 00:00:00+08:00,24.549999237060547,25.0,24.549999237060547,25.0,2000,0.0,0.0
2017-10-05 00:00:00+08:00,24.450000762939453,25.100000381469727,24.450000762939453,25.100000381469727,11489,0.0,0.0
2017-10-06 00:00:00+08:00,25.299999237060547,25.700000762939453,24.850000381469727,25.700000762939453,9500,0.0,0.0
2017-10-11 00:00:00+08:00,24.600000381469727,25.5,24.600000381469727,25.350000381469727,15000,0.0,0.0
2017-10-12 00:00:00+08:00,25.100000381469727,25.299999237060547,25.100000381469727,25.299999237060547,4319,0.0,0.0
2017-10-13 00:00:00+08:00,25.100000381469727,25.25,25.0,25.25,12000,0.0,0.0
2017-10-16 00:00:00+08:00,25.399999618530273,25.399999618530273,24.700000762939453,25.299999237060547,23000,0.0,0.0
2017-10-17 00:00:00+08:00,25.25,25.799999237060547,24.799999237060547,25.799999237060547,16328,0.0,0.0
2017-10-18 00:00:00+08:00,25.799999237060547,25.799999237060547,24.700000762939453,24.700000762939453,26399,0.0,0.0
2017-10-19 00:00:00+08:00,25.149999618530273,25.149999618530273,25.149999618530273,25.149999618530273,2192,0.0,0.0
2017-10-20 00:00:00+08:00,24.549999237060547,24.649999618530273,24.5,24.649999618530273,13053,0.0,0.0
2017-10-23 00:00:00+08:00,24.549999237060547,24.799999237060547,24.5,24.799999237060547,10710,0.0,0.0
2017-10-24 00:00:00+08:00,24.700000762939453,24.700000762939453,24.700000762939453,24.700000762939453,174,0.0,0.0
2017-10-25 00:00:00+08:00,24.5,24.799999237060547,24.5,24.799999237060547,2169,0.0,0.0
2017-10-26 00:00:00+08:00,24.5,24.799999237060547,24.5,24.799999237060547,3000,0.0,0.0
2017-10-27 00:00:00+08:00,24.5,24.649999618530273,24.049999237060547,24.5,10505,0.0,0.0
2017-10-30 00:00:00+08:00,23.799999237060547,24.450000762939453,23.799999237060547,24.299999237060547,22366,0.0,0.0
2017-10-31 00:00:00+08:00,24.75,24.75,24.75,24.75,1000,0.0,0.0
2017-11-01 00:00:00+08:00,24.75,25.0,24.399999618530273,25.0,8000,0.0,0.0
2017-11-02 00:00:00+08:00,25.0,27.450000762939453,24.600000381469727,27.450000762939453,55195,0.0,0.0
2017-11-03 00:00:00+08:00,26.950000762939453,27.0,25.200000762939453,25.200000762939453,90538,0.0,0.0
2017-11-06 00:00:00+08:00,25.149999618530273,25.149999618530273,24.850000381469727,24.850000381469727,7000,0.0,0.0
2017-11-07 00:00:00+08:00,24.850000381469727,25.350000381469727,24.850000381469727,25.350000381469727,3213,0.0,0.0
2017-11-08 00:00:00+08:00,25.5,25.5,24.850000381469727,24.850000381469727,382935,0.0,0.0
2017-11-09 00:00:00+08:00,25.549999237060547,25.549999237060547,24.850000381469727,25.350000381469727,34249,0.0,0.0
2017-11-10 00:00:00+08:00,25.0,25.299999237060547,24.649999618530273,25.299999237060547,27000,0.0,0.0
2017-11-13 00:00:00+08:00,25.299999237060547,25.299999237060547,25.299999237060547,25.299999237060547,0,0.0,0.0
2017-11-14 00:00:00+08:00,25.0,25.25,24.5,25.25,8000,0.0,0.0
2017-11-15 00:00:00+08:00,25.0,25.0,24.5,24.799999237060547,16295,0.0,0.0
2017-11-16 00:00:00+08:00,24.899999618530273,24.899999618530273,24.200000762939453,24.899999618530273,20424,0.0,0.0
2017-11-17 00:00:00+08:00,24.950000762939453,24.950000762939453,24.649999618530273,24.75,5213,0.0,0.0
2017-11-20 00:00:00+08:00,25.0,25.0,25.0,25.0,2000,0.0,0.0
2017-11-21 00:00:00+08:00,25.0,25.0,25.0,25.0,0,0.0,0.0
2017-11-22 00:00:00+08:00,25.0,25.0,24.5,24.850000381469727,5415,0.0,0.0
2017-11-23 00:00:00+08:00,24.350000381469727,24.450000762939453,24.0,24.0,29000,0.0,0.0
2017-11-24 00:00:00+08:00,23.850000381469727,23.899999618530273,23.600000381469727,23.799999237060547,17319,0.0,0.0
2017-11-27 00:00:00+08:00,23.549999237060547,23.799999237060547,23.5,23.649999618530273,5001,0.0,0.0
2017-11-28 00:00:00+08:00,23.850000381469727,25.0,23.850000381469727,24.600000381469727,21799,0.0,0.0
2017-11-29 00:00:00+08:00,24.399999618530273,24.899999618530273,24.350000381469727,24.799999237060547,11000,0.0,0.0
2017-11-30 00:00:00+08:00,24.850000381469727,25.5,24.399999618530273,25.5,34930,0.0,0.0
2017-12-01 00:00:00+08:00,25.5,26.0,25.049999237060547,25.049999237060547,21266,0.0,0.0
2017-12-04 00:00:00+08:00,24.75,25.399999618530273,24.700000762939453,25.399999618530273,6000,0.0,0.0
2017-12-05 00:00:00+08:00,25.100000381469727,25.549999237060547,25.100000381469727,25.549999237060547,4000,0.0,0.0
2017-12-06 00:00:00+08:00,25.299999237060547,25.299999237060547,25.299999237060547,25.299999237060547,12326,0.0,0.0
2017-12-07 00:00:00+08:00,24.649999618530273,25.200000762939453,24.600000381469727,25.200000762939453,6933,0.0,0.0
2017-12-08 00:00:00+08:00,24.549999237060547,25.399999618530273,24.549999237060547,25.399999618530273,22266,0.0,0.0
2017-12-11 00:00:00+08:00,25.450000762939453,25.600000381469727,25.149999618530273,25.600000381469727,13000,0.0,0.0
2017-12-12 00:00:00+08:00,25.5,26.899999618530273,25.200000762939453,26.399999618530273,42756,0.0,0.0
2017-12-13 00:00:00+08:00,25.700000762939453,25.899999618530273,25.399999618530273,25.899999618530273,12603,0.0,0.0
2017-12-14 00:00:00+08:00,25.5,25.700000762939453,25.5,25.700000762939453,5488,0.0,0.0
2017-12-15 00:00:00+08:00,25.200000762939453,25.600000381469727,25.200000762939453,25.600000381469727,4422,0.0,0.0
2017-12-18 00:00:00+08:00,25.700000762939453,25.700000762939453,25.600000381469727,25.600000381469727,2006,0.0,0.0
2017-12-19 00:00:00+08:00,25.549999237060547,25.549999237060547,25.549999237060547,25.549999237060547,1000,0.0,0.0
2017-12-20 00:00:00+08:00,25.549999237060547,25.549999237060547,25.549999237060547,25.549999237060547,2328,0.0,0.0
2017-12-21 00:00:00+08:00,25.5,25.5,25.5,25.5,1192,0.0,0.0
2017-12-22 00:00:00+08:00,25.100000381469727,25.649999618530273,25.100000381469727,25.649999618530273,4000,0.0,0.0
2017-12-25 00:00:00+08:00,25.25,25.700000762939453,25.25,25.700000762939453,5580,0.0,0.0
2017-12-26 00:00:00+08:00,25.200000762939453,25.799999237060547,24.799999237060547,25.700000762939453,29001,0.0,0.0
2017-12-27 00:00:00+08:00,25.200000762939453,25.700000762939453,25.200000762939453,25.700000762939453,4000,0.0,0.0
2017-12-28 00:00:00+08:00,25.299999237060547,25.799999237060547,25.25,25.799999237060547,9000,0.0,0.0
2017-12-29 00:00:00+08:00,25.5,25.700000762939453,25.350000381469727,25.700000762939453,14000,0.0,0.0
2018-01-02 00:00:00+08:00,25.5,25.600000381469727,25.299999237060547,25.399999618530273,10319,0.0,0.0
2018-01-03 00:00:00+08:00,25.200000762939453,25.399999618530273,24.850000381469727,25.0,28513,0.0,0.0
2018-01-04 00:00:00+08:00,25.649999618530273,25.799999237060547,25.299999237060547,25.799999237060547,48000,0.0,0.0
2018-01-05 00:00:00+08:00,25.549999237060547,25.899999618530273,25.549999237060547,25.899999618530273,24013,0.0,0.0
2018-01-08 00:00:00+08:00,27.850000381469727,27.850000381469727,25.799999237060547,26.149999618530273,46106,0.0,0.0
2018-01-09 00:00:00+08:00,26.149999618530273,26.149999618530273,25.5,26.0,12000,0.0,0.0
2018-01-10 00:00:00+08:00,25.899999618530273,25.899999618530273,25.75,25.75,3000,0.0,0.0
2018-01-11 00:00:00+08:00,25.25,25.700000762939453,25.200000762939453,25.600000381469727,4000,0.0,0.0
2018-01-12 00:00:00+08:00,25.600000381469727,26.100000381469727,25.600000381469727,26.100000381469727,12002,0.0,0.0
2018-01-15 00:00:00+08:00,25.600000381469727,25.600000381469727,25.600000381469727,25.600000381469727,278,0.0,0.0
2018-01-16 00:00:00+08:00,25.600000381469727,25.600000381469727,25.600000381469727,25.600000381469727,1299,0.0,0.0
2018-01-17 00:00:00+08:00,25.200000762939453,25.350000381469727,24.899999618530273,24.950000762939453,18657,0.0,0.0
2018-01-18 00:00:00+08:00,24.899999618530273,24.899999618530273,24.799999237060547,24.799999237060547,7499,0.0,0.0
2018-01-19 00:00:00+08:00,24.5,24.899999618530273,24.100000381469727,24.100000381469727,138106,0.0,0.0
2018-01-22 00:00:00+08:00,24.0,24.5,24.0,24.100000381469727,53310,0.0,0.0
2018-01-23 00:00:00+08:00,24.100000381469727,24.200000762939453,24.100000381469727,24.200000762939453,15042,0.0,0.0
2018-01-24 00:00:00+08:00,24.049999237060547,24.049999237060547,24.0,24.049999237060547,5514,0.0,0.0
2018-01-25 00:00:00+08:00,23.799999237060547,24.450000762939453,23.799999237060547,24.450000762939453,4000,0.0,0.0
2018-01-26 00:00:00+08:00,24.049999237060547,24.049999237060547,24.049999237060547,24.049999237060547,3000,0.0,0.0
2018-01-29 00:00:00+08:00,23.899999618530273,24.049999237060547,23.850000381469727,24.0,22000,0.0,0.0
2018-01-30 00:00:00+08:00,23.5,23.549999237060547,23.5,23.5,13000,0.0,0.0
2018-01-31 00:00:00+08:00,23.5,23.5,23.200000762939453,23.200000762939453,14305,0.0,0.0
2018-02-01 00:00:00+08:00,23.5,23.5,22.799999237060547,23.149999618530273,10000,0.0,0.0
2018-02-02 00:00:00+08:00,22.850000381469727,24.0,22.799999237060547,22.950000762939453,53018,0.0,0.0
2018-02-05 00:00:00+08:00,22.950000762939453,24.0,22.950000762939453,24.0,17691,0.0,0.0
2018-02-06 00:00:00+08:00,24.0,24.0,21.600000381469727,21.799999237060547,75000,0.0,0.0
2018-02-07 00:00:00+08:00,22.5,23.450000762939453,22.5,22.850000381469727,19029,0.0,0.0
2018-02-08 00:00:00+08:00,22.649999618530273,23.299999237060547,21.950000762939453,23.299999237060547,23000,0.0,0.0
2018-02-09 00:00:00+08:00,23.299999237060547,23.299999237060547,23.299999237060547,23.299999237060547,0,0.0,0.0
2018-02-12 00:00:00+08:00,22.850000381469727,23.350000381469727,22.850000381469727,23.350000381469727,5000,0.0,0.0
2018-02-21 00:00:00+08:00,23.399999618530273,25.0,23.399999618530273,25.0,20001,0.0,0.0
2018-02-22 00:00:00+08:00,24.149999618530273,24.799999237060547,24.149999618530273,24.25,18000,0.0,0.0
2018-02-23 00:00:00+08:00,24.350000381469727,24.850000381469727,24.350000381469727,24.799999237060547,6004,0.0,0.0
2018-02-26 00:00:00+08:00,25.5,25.799999237060547,25.0,25.350000381469727,7000,0.0,0.0
2018-02-27 00:00:00+08:00,25.299999237060547,25.299999237060547,24.649999618530273,24.649999618530273,8142,0.0,0.0
2018-03-01 00:00:00+08:00,24.299999237060547,24.899999618530273,24.299999237060547,24.899999618530273,4000,0.0,0.0
2018-03-02 00:00:00+08:00,24.799999237060547,24.850000381469727,24.0,24.850000381469727,18000,0.0,0.0
2018-03-05 00:00:00+08:00,24.25,24.25,24.0,24.0,11000,0.0,0.0
2018-03-06 00:00:00+08:00,23.700000762939453,23.700000762939453,23.25,23.649999618530273,13000,0.0,0.0
2018-03-07 00:00:00+08:00,23.149999618530273,24.450000762939453,23.0,24.450000762939453,5106,0.0,0.0
2018-03-08 00:00:00+08:00,24.200000762939453,24.200000762939453,22.950000762939453,22.950000762939453,43000,0.0,0.0
2018-03-09 00:00:00+08:00,22.899999618530273,22.899999618530273,22.899999618530273,22.899999618530273,1000,0.0,0.0
2018-03-12 00:00:00+08:00,22.950000762939453,22.950000762939453,22.450000762939453,22.950000762939453,13000,0.0,0.0
2018-03-13 00:00:00+08:00,22.950000762939453,22.950000762939453,22.950000762939453,22.950000762939453,1000,0.0,0.0
2018-03-14 00:00:00+08:00,23.0,23.100000381469727,22.549999237060547,22.549999237060547,39007,0.0,0.0
2018-03-15 00:00:00+08:00,22.649999618530273,22.700000762939453,22.649999618530273,22.700000762939453,4001,0.0,0.0
2018-03-16 00:00:00+08:00,22.600000381469727,22.600000381469727,22.299999237060547,22.299999237060547,9000,0.0,0.0
2018-03-19 00:00:00+08:00,22.049999237060547,22.299999237060547,21.899999618530273,21.950000762939453,28000,0.0,0.0
2018-03-20 00:00:00+08:00,21.950000762939453,23.200000762939453,21.950000762939453,22.0,25000,0.0,0.0
2018-03-21 00:00:00+08:00,22.100000381469727,22.350000381469727,21.5,21.850000381469727,45451,0.0,0.0
2018-03-22 00:00:00+08:00,22.399999618530273,22.950000762939453,21.899999618530273,22.149999618530273,33500,0.0,0.0
2018-03-23 00:00:00+08:00,22.149999618530273,22.600000381469727,21.799999237060547,22.200000762939453,75375,0.0,0.0
2018-03-26 00:00:00+08:00,22.600000381469727,22.600000381469727,21.899999618530273,22.0,16432,0.0,0.0
2018-03-27 00:00:00+08:00,21.950000762939453,22.850000381469727,21.950000762939453,22.75,46000,0.0,0.0
2018-03-28 00:00:00+08:00,22.899999618530273,23.200000762939453,22.200000762939453,23.0,20000,0.0,0.0
2018-03-29 00:00:00+08:00,23.399999618530273,23.399999618530273,22.899999618530273,22.950000762939453,24000,0.0,0.0
2018-03-30 00:00:00+08:00,23.149999618530273,23.149999618530273,22.799999237060547,23.0,37000,0.0,0.0
2018-04-02 00:00:00+08:00,23.799999237060547,23.799999237060547,22.700000762939453,22.700000762939453,9000,0.0,0.0
2018-04-03 00:00:00+08:00,22.899999618530273,22.899999618530273,22.899999618530273,22.899999618530273,2000,0.0,0.0
2018-04-09 00:00:00+08:00,22.100000381469727,22.649999618530273,21.799999237060547,22.649999618530273,26500,0.0,0.0
2018-04-10 00:00:00+08:00,21.950000762939453,22.049999237060547,21.100000381469727,21.299999237060547,31065,0.0,0.0
2018-04-11 00:00:00+08:00,21.950000762939453,22.799999237060547,21.950000762939453,22.799999237060547,16000,0.0,0.0
2018-04-12 00:00:00+08:00,22.799999237060547,22.799999237060547,22.25,22.799999237060547,8058,0.0,0.0
2018-04-13 00:00:00+08:00,22.899999618530273,23.0,22.899999618530273,23.0,2000,0.0,0.0
2018-04-16 00:00:00+08:00,23.0,23.0,22.149999618530273,22.149999618530273,14001,0.0,0.0
2018-04-17 00:00:00+08:00,21.899999618530273,22.5,21.899999618530273,22.5,15532,0.0,0.0
2018-04-18 00:00:00+08:00,22.5,22.5,21.850000381469727,22.399999618530273,10000,0.0,0.0
2018-04-19 00:00:00+08:00,22.399999618530273,22.399999618530273,21.850000381469727,22.399999618530273,16000,0.0,0.0
2018-04-20 00:00:00+08:00,21.799999237060547,22.25,21.700000762939453,22.25,8000,0.0,0.0
2018-04-23 00:00:00+08:00,22.25,22.25,22.25,22.25,0,0.0,0.0
2018-04-24 00:00:00+08:00,21.649999618530273,21.850000381469727,20.899999618530273,21.0,31000,0.0,0.0
2018-04-25 00:00:00+08:00,20.549999237060547,21.600000381469727,20.350000381469727,21.600000381469727,30000,0.0,0.0
2018-04-26 00:00:00+08:00,21.049999237060547,21.049999237060547,21.049999237060547,21.049999237060547,2001,0.0,0.0
2018-04-27 00:00:00+08:00,20.899999618530273,20.899999618530273,20.600000381469727,20.600000381469727,22000,0.0,0.0
2018-04-30 00:00:00+08:00,20.799999237060547,21.0,20.600000381469727,20.950000762939453,14335,0.0,0.0
2018-05-02 00:00:00+08:00,20.350000381469727,20.850000381469727,20.299999237060547,20.850000381469727,5000,0.0,0.0
2018-05-03 00:00:00+08:00,20.700000762939453,20.700000762939453,20.700000762939453,20.700000762939453,1000,0.0,0.0
2018-05-04 00:00:00+08:00,20.5,20.5,20.5,20.5,1000,0.0,0.0
2018-05-07 00:00:00+08:00,20.5,20.5,20.25,20.25,6000,0.0,0.0
2018-05-08 00:00:00+08:00,21.0,21.0,20.600000381469727,21.0,38102,0.0,0.0
2018-05-09 00:00:00+08:00,21.5,21.5,21.0,21.450000762939453,15222,0.0,0.0
2018-05-10 00:00:00+08:00,21.700000762939453,21.700000762939453,21.700000762939453,21.700000762939453,4000,0.0,0.0
2018-05-11 00:00:00+08:00,21.700000762939453,21.950000762939453,21.5,21.950000762939453,23000,0.0,0.0
2018-05-14 00:00:00+08:00,21.899999618530273,22.399999618530273,21.899999618530273,22.399999618530273,42266,0.0,0.0
2018-05-15 00:00:00+08:00,22.100000381469727,22.399999618530273,22.0,22.399999618530273,32500,0.0,0.0
2018-05-16 00:00:00+08:00,22.0,22.200000762939453,21.950000762939453,22.200000762939453,7245,0.0,0.0
2018-05-17 00:00:00+08:00,21.899999618530273,22.799999237060547,21.899999618530273,22.549999237060547,40011,0.0,0.0
2018-05-18 00:00:00+08:00,22.0,22.100000381469727,21.899999618530273,22.0,77981,0.0,0.0
2018-05-21 00:00:00+08:00,21.950000762939453,22.600000381469727,21.950000762939453,22.600000381469727,3000,0.0,0.0
2018-05-22 00:00:00+08:00,22.600000381469727,22.600000381469727,21.950000762939453,22.5,4000,0.0,0.0
2018-05-23 00:00:00+08:00,22.5,22.5,21.75,22.299999237060547,64328,0.0,0.0
2018-05-24 00:00:00+08:00,22.0,23.100000381469727,22.0,23.100000381469727,50213,0.0,0.0
2018-05-25 00:00:00+08:00,22.600000381469727,22.700000762939453,21.0,21.0,75000,0.0,0.0
2018-05-28 00:00:00+08:00,21.5,21.649999618530273,21.450000762939453,21.649999618530273,49885,0.0,0.0
2018-05-29 00:00:00+08:00,21.600000381469727,21.600000381469727,21.100000381469727,21.100000381469727,39000,0.0,0.0
2018-05-30 00:00:00+08:00,21.450000762939453,21.450000762939453,21.0,21.25,56001,0.0,0.0
2018-05-31 00:00:00+08:00,21.649999618530273,21.799999237060547,21.0,21.0,73000,0.0,0.0
2018-06-01 00:00:00+08:00,21.0,21.100000381469727,20.5,20.850000381469727,19014,0.0,0.0
2018-06-04 00:00:00+08:00,21.350000381469727,21.350000381469727,20.25,20.350000381469727,69532,0.0,0.0
2018-06-05 00:00:00+08:00,20.600000381469727,20.600000381469727,20.299999237060547,20.299999237060547,26000,0.0,0.0
2018-06-06 00:00:00+08:00,20.399999618530273,21.299999237060547,20.399999618530273,21.149999618530273,38385,0.0,0.0
2018-06-07 00:00:00+08:00,21.149999618530273,21.700000762939453,21.0,21.399999618530273,15095,0.0,0.0
2018-06-08 00:00:00+08:00,21.0,21.299999237060547,20.600000381469727,20.700000762939453,41000,0.0,0.0
2018-06-11 00:00:00+08:00,20.600000381469727,20.700000762939453,20.5,20.5,56222,0.0,0.0
2018-06-12 00:00:00+08:00,20.5,20.600000381469727,20.5,20.600000381469727,9000,0.0,0.0
2018-06-13 00:00:00+08:00,20.600000381469727,20.75,20.549999237060547,20.700000762939453,12213,0.0,0.0
2018-06-14 00:00:00+08:00,20.399999618530273,20.399999618530273,20.0,20.049999237060547,37000,0.0,0.0
2018-06-15 00:00:00+08:00,20.049999237060547,20.350000381469727,20.0,20.25,14000,0.0,0.0
2018-06-19 00:00:00+08:00,20.200000762939453,20.200000762939453,20.0,20.0,6009,0.0,0.0
2018-06-20 00:00:00+08:00,20.0,20.0,20.0,20.0,3000,0.0,0.0
2018-06-21 00:00:00+08:00,20.299999237060547,20.299999237060547,20.25,20.25,2000,0.0,0.0
2018-06-22 00:00:00+08:00,20.25,20.25,20.25,20.25,106,0.0,0.0
2018-06-25 00:00:00+08:00,19.649999618530273,20.200000762939453,19.649999618530273,20.200000762939453,31788,0.0,0.0
2018-06-26 00:00:00+08:00,20.0,20.200000762939453,20.0,20.200000762939453,4000,0.0,0.0
2018-06-27 00:00:00+08:00,20.299999237060547,20.5,20.299999237060547,20.5,9000,0.0,0.0
2018-06-28 00:00:00+08:00,20.100000381469727,20.5,19.850000381469727,20.5,12000,0.0,0.0
2018-06-29 00:00:00+08:00,20.5,20.5,20.5,20.5,2001,0.0,0.0
2018-07-02 00:00:00+08:00,20.850000381469727,20.850000381469727,20.0,20.5,13879,0.0,0.0
2018-07-03 00:00:00+08:00,20.450000762939453,20.450000762939453,20.0,20.100000381469727,7000,0.0,0.0
2018-07-04 00:00:00+08:00,20.350000381469727,20.350000381469727,20.350000381469727,20.350000381469727,1000,0.0,0.0
2018-07-05 00:00:00+08:00,20.299999237060547,20.350000381469727,19.649999618530273,20.200000762939453,26036,0.0,0.0
2018-07-06 00:00:00+08:00,19.799999237060547,20.149999618530273,19.799999237060547,20.149999618530273,11032,0.0,0.0
2018-07-09 00:00:00+08:00,20.149999618530273,20.450000762939453,20.149999618530273,20.450000762939453,3000,0.0,0.0
2018-07-10 00:00:00+08:00,20.450000762939453,20.450000762939453,20.450000762939453,20.450000762939453,3000,0.0,0.0
2018-07-11 00:00:00+08:00,19.850000381469727,20.5,19.5,20.399999618530273,68000,0.0,0.0
2018-07-12 00:00:00+08:00,20.5,21.5,20.149999618530273,20.450000762939453,41000,0.0,0.0
2018-07-13 00:00:00+08:00,20.5,20.600000381469727,20.0,20.299999237060547,34070,0.0,0.0
2018-07-16 00:00:00+08:00,20.049999237060547,20.049999237060547,19.950000762939453,19.950000762939453,10000,0.0,0.0
2018-07-17 00:00:00+08:00,19.75,20.399999618530273,19.75,20.100000381469727,12732,0.0,0.0
2018-07-18 00:00:00+08:00,20.049999237060547,20.049999237060547,19.850000381469727,20.049999237060547,9003,0.0,0.0
2018-07-19 00:00:00+08:00,19.799999237060547,20.25,19.5,19.799999237060547,37000,0.0,0.0
2018-07-20 00:00:00+08:00,19.799999237060547,21.200000762939453,19.799999237060547,20.5,26000,0.0,0.0
2018-07-23 00:00:00+08:00,20.600000381469727,21.700000762939453,20.5,20.899999618530273,52000,0.0,0.0
2018-07-24 00:00:00+08:00,21.149999618530273,21.5,21.0,21.5,29000,0.0,0.0
2018-07-25 00:00:00+08:00,21.399999618530273,22.649999618530273,21.399999618530273,22.649999618530273,77734,0.0,0.0
2018-07-26 00:00:00+08:00,22.200000762939453,22.649999618530273,22.0,22.649999618530273,15000,0.0,0.0
2018-07-27 00:00:00+08:00,22.100000381469727,24.200000762939453,22.049999237060547,24.200000762939453,83713,0.0,0.0
2018-07-30 00:00:00+08:00,23.899999618530273,23.899999618530273,23.149999618530273,23.299999237060547,22010,0.0,0.0
2018-07-31 00:00:00+08:00,23.299999237060547,23.5,23.25,23.5,4000,0.0,0.0
2018-08-01 00:00:00+08:00,23.149999618530273,23.450000762939453,23.149999618530273,23.450000762939453,2000,0.0,0.0
2018-08-02 00:00:00+08:00,23.299999237060547,23.299999237060547,23.299999237060547,23.299999237060547,1127,0.0,0.0
2018-08-03 00:00:00+08:00,23.600000381469727,23.600000381469727,23.600000381469727,23.600000381469727,3006,0.0,0.0
2018-08-06 00:00:00+08:00,23.0,23.399999618530273,22.600000381469727,23.299999237060547,25002,0.0,0.0
2018-08-07 00:00:00+08:00,22.450000762939453,23.899999618530273,22.450000762939453,23.899999618530273,12852,0.0,0.0
2018-08-08 00:00:00+08:00,23.25,23.850000381469727,23.149999618530273,23.649999618530273,14000,0.0,0.0
2018-08-09 00:00:00+08:00,23.149999618530273,23.149999618530273,22.700000762939453,23.0,8003,0.0,0.0
2018-08-10 00:00:00+08:00,22.350000381469727,22.700000762939453,22.299999237060547,22.299999237060547,13000,0.0,0.0
2018-08-13 00:00:00+08:00,21.049999237060547,22.0,21.049999237060547,22.0,7100,0.0,0.0
2018-08-14 00:00:00+08:00,21.450000762939453,23.200000762939453,21.450000762939453,23.149999618530273,4000,0.0,0.0
2018-08-15 00:00:00+08:00,22.100000381469727,22.799999237060547,22.0,22.549999237060547,11000,0.0,0.0
2018-08-16 00:00:00+08:00,23.0,23.0,21.5,21.5,6500,0.0,0.0
2018-08-17 00:00:00+08:00,22.600000381469727,22.600000381469727,22.100000381469727,22.299999237060547,5000,0.0,0.0
2018-08-20 00:00:00+08:00,22.5,22.5,22.5,22.5,1000,0.0,0.0
2018-08-21 00:00:00+08:00,22.399999618530273,22.399999618530273,22.399999618530273,22.399999618530273,2000,0.0,0.0
2018-08-22 00:00:00+08:00,22.399999618530273,22.399999618530273,22.399999618530273,22.399999618530273,1000,0.0,0.0
2018-08-23 00:00:00+08:00,21.75,22.899999618530273,21.75,22.899999618530273,5000,0.0,0.0
2018-08-24 00:00:00+08:00,22.899999618530273,22.899999618530273,22.899999618530273,22.899999618530273,0,0.0,0.0
2018-08-27 00:00:00+08:00,22.899999618530273,22.899999618530273,22.899999618530273,22.899999618530273,4000,0.0,0.0
2018-08-28 00:00:00+08:00,22.700000762939453,22.700000762939453,21.75,22.399999618530273,5000,0.0,0.0
2018-08-29 00:00:00+08:00,22.899999618530273,22.899999618530273,22.399999618530273,22.399999618530273,2000,0.0,0.0
2018-08-30 00:00:00+08:00,22.899999618530273,22.899999618530273,21.799999237060547,21.799999237060547,3290,0.0,0.0
2018-08-31 00:00:00+08:00,21.799999237060547,21.799999237060547,21.0,21.350000381469727,28087,0.0,0.0
2018-09-03 00:00:00+08:00,20.850000381469727,21.25,20.850000381469727,21.25,2077,0.0,0.0
2018-09-04 00:00:00+08:00,21.200000762939453,21.899999618530273,21.200000762939453,21.899999618530273,3000,0.0,0.0
2018-09-05 00:00:00+08:00,21.899999618530273,22.399999618530273,21.899999618530273,22.399999618530273,2000,0.0,0.0
2018-09-06 00:00:00+08:00,22.200000762939453,22.200000762939453,21.5,21.5,9000,0.0,0.0
2018-09-07 00:00:00+08:00,21.5,21.5,21.5,21.5,0,0.0,0.0
2018-09-10 00:00:00+08:00,21.5,21.5,21.5,21.5,0,0.0,0.0
2018-09-11 00:00:00+08:00,21.100000381469727,21.100000381469727,21.100000381469727,21.100000381469727,1213,0.0,0.0
2018-09-12 00:00:00+08:00,21.899999618530273,21.899999618530273,19.799999237060547,19.799999237060547,34000,0.0,0.0
2018-09-13 00:00:00+08:00,20.049999237060547,20.700000762939453,20.049999237060547,20.700000762939453,5000,0.0,0.0
2018-09-14 00:00:00+08:00,21.399999618530273,21.399999618530273,20.799999237060547,21.0,5047,0.0,0.0
2018-09-17 00:00:00+08:00,21.0,21.0,21.0,21.0,0,0.0,0.0
2018-09-18 00:00:00+08:00,21.0,21.799999237060547,20.799999237060547,21.799999237060547,9140,0.0,0.0
2018-09-19 00:00:00+08:00,21.899999618530273,21.899999618530273,20.299999237060547,20.299999237060547,23000,0.0,0.0
2018-09-20 00:00:00+08:00,20.299999237060547,20.399999618530273,20.100000381469727,20.399999618530273,8000,0.0,0.0
2018-09-21 00:00:00+08:00,20.649999618530273,20.700000762939453,20.649999618530273,20.700000762939453,2000,0.0,0.0
2018-09-25 00:00:00+08:00,20.549999237060547,20.799999237060547,20.549999237060547,20.799999237060547,11039,0.0,0.0
2018-09-26 00:00:00+08:00,21.5,21.899999618530273,20.600000381469727,21.899999618530273,40017,0.0,0.0
2018-09-27 00:00:00+08:00,21.799999237060547,21.799999237060547,21.799999237060547,21.799999237060547,1,0.0,0.0
2018-09-28 00:00:00+08:00,22.799999237060547,22.799999237060547,21.700000762939453,22.200000762939453,18000,0.0,0.0
2018-10-01 00:00:00+08:00,22.399999618530273,24.399999618530273,22.399999618530273,23.799999237060547,304710,0.0,0.0
2018-10-02 00:00:00+08:00,23.799999237060547,23.799999237060547,21.899999618530273,21.950000762939453,49000,0.0,0.0
2018-10-03 00:00:00+08:00,21.950000762939453,24.100000381469727,21.899999618530273,24.100000381469727,169746,0.0,0.0
2018-10-04 00:00:00+08:00,23.299999237060547,25.600000381469727,23.299999237060547,25.0,194799,0.0,0.0
2018-10-05 00:00:00+08:00,25.0,25.0,23.700000762939453,25.0,45100,0.0,0.0
2018-10-08 00:00:00+08:00,24.5,24.700000762939453,23.399999618530273,24.200000762939453,24000,0.0,0.0
2018-10-09 00:00:00+08:00,24.149999618530273,24.149999618530273,21.799999237060547,21.799999237060547,86681,0.0,0.0
2018-10-11 00:00:00+08:00,21.200000762939453,22.5,20.799999237060547,22.299999237060547,146889,0.0,0.0
2018-10-12 00:00:00+08:00,22.299999237060547,23.200000762939453,22.299999237060547,23.0,23700,0.0,0.0
2018-10-15 00:00:00+08:00,23.0,24.0,23.0,24.0,9000,0.0,0.0
2018-10-16 00:00:00+08:00,23.950000762939453,23.950000762939453,23.950000762939453,23.950000762939453,1000,0.0,0.0
2018-10-17 00:00:00+08:00,23.149999618530273,23.950000762939453,23.149999618530273,23.75,4000,0.0,0.0
2018-10-18 00:00:00+08:00,23.600000381469727,24.149999618530273,23.600000381469727,24.149999618530273,36857,0.0,0.0
2018-10-19 00:00:00+08:00,23.350000381469727,23.350000381469727,23.200000762939453,23.200000762939453,7000,0.0,0.0
2018-10-22 00:00:00+08:00,23.950000762939453,23.950000762939453,23.5,23.5,2000,0.0,0.0
2018-10-23 00:00:00+08:00,23.0,23.0,23.0,23.0,3000,0.0,0.0
2018-10-24 00:00:00+08:00,22.549999237060547,23.149999618530273,22.549999237060547,22.549999237060547,7000,0.0,0.0
2018-10-25 00:00:00+08:00,23.0,23.100000381469727,22.549999237060547,22.899999618530273,24042,0.0,0.0
2018-10-26 00:00:00+08:00,22.950000762939453,22.950000762939453,22.0,22.799999237060547,22000,0.0,0.0
2018-10-29 00:00:00+08:00,22.75,22.75,21.399999618530273,22.299999237060547,48000,0.0,0.0
2018-10-30 00:00:00+08:00,22.0,22.5,22.0,22.5,3000,0.0,0.0
2018-10-31 00:00:00+08:00,22.5,23.399999618530273,22.049999237060547,22.200000762939453,12000,0.0,0.0
2018-11-01 00:00:00+08:00,22.200000762939453,23.200000762939453,22.200000762939453,22.450000762939453,9000,0.0,0.0
2018-11-02 00:00:00+08:00,22.600000381469727,23.299999237060547,21.799999237060547,23.299999237060547,18000,0.0,0.0
2018-11-05 00:00:00+08:00,22.600000381469727,22.600000381469727,21.799999237060547,21.799999237060547,15000,0.0,0.0
2018-11-06 00:00:00+08:00,22.0,22.25,21.799999237060547,22.25,10000,0.0,0.0
2018-11-07 00:00:00+08:00,22.450000762939453,22.450000762939453,21.549999237060547,22.450000762939453,29000,0.0,0.0
2018-11-08 00:00:00+08:00,22.149999618530273,22.149999618530273,22.049999237060547,22.049999237060547,6174,0.0,0.0
2018-11-09 00:00:00+08:00,21.799999237060547,21.899999618530273,21.600000381469727,21.899999618530273,13000,0.0,0.0
2018-11-12 00:00:00+08:00,21.899999618530273,22.0,21.899999618530273,22.0,8000,0.0,0.0
2018-11-13 00:00:00+08:00,21.600000381469727,21.850000381469727,21.5,21.850000381469727,24000,0.0,0.0
2018-11-14 00:00:00+08:00,22.100000381469727,22.100000381469727,22.0,22.0,2000,0.0,0.0
2018-11-15 00:00:00+08:00,22.399999618530273,22.399999618530273,21.700000762939453,22.200000762939453,13000,0.0,0.0
2018-11-16 00:00:00+08:00,22.450000762939453,22.450000762939453,22.0,22.299999237060547,3000,0.0,0.0
2018-11-19 00:00:00+08:00,22.350000381469727,22.350000381469727,21.200000762939453,22.049999237060547,29000,0.0,0.0
2018-11-20 00:00:00+08:00,22.200000762939453,22.200000762939453,21.5,21.5,17678,0.0,0.0
2018-11-21 00:00:00+08:00,21.450000762939453,21.75,21.450000762939453,21.75,2000,0.0,0.0
2018-11-22 00:00:00+08:00,22.299999237060547,22.299999237060547,22.200000762939453,22.200000762939453,2000,0.0,0.0
2018-11-23 00:00:00+08:00,22.0,22.0,21.100000381469727,21.100000381469727,42000,0.0,0.0
2018-11-26 00:00:00+08:00,21.5,21.5,20.700000762939453,20.700000762939453,8000,0.0,0.0
2018-11-27 00:00:00+08:00,20.700000762939453,21.399999618530273,20.700000762939453,21.399999618530273,39266,0.0,0.0
2018-11-28 00:00:00+08:00,22.0,22.0,21.200000762939453,21.5,7000,0.0,0.0
2018-11-29 00:00:00+08:00,22.0,22.0,21.350000381469727,21.399999618530273,18070,0.0,0.0
2018-11-30 00:00:00+08:00,21.350000381469727,21.75,21.350000381469727,21.350000381469727,8000,0.0,0.0
2018-12-03 00:00:00+08:00,21.350000381469727,21.700000762939453,21.350000381469727,21.700000762939453,5000,0.0,0.0
2018-12-04 00:00:00+08:00,21.399999618530273,21.5,20.850000381469727,20.850000381469727,16335,0.0,0.0
2018-12-05 00:00:00+08:00,20.950000762939453,21.350000381469727,20.899999618530273,20.899999618530273,7000,0.0,0.0
2018-12-06 00:00:00+08:00,20.600000381469727,21.0,20.200000762939453,20.200000762939453,17000,0.0,0.0
2018-12-07 00:00:00+08:00,20.399999618530273,20.700000762939453,20.399999618530273,20.700000762939453,15000,0.0,0.0
2018-12-10 00:00:00+08:00,20.350000381469727,20.5,20.299999237060547,20.5,5000,0.0,0.0
2018-12-11 00:00:00+08:00,20.299999237060547,20.75,20.299999237060547,20.549999237060547,12065,0.0,0.0
2018-12-12 00:00:00+08:00,20.850000381469727,21.0,20.850000381469727,21.0,30000,0.0,0.0
2018-12-13 00:00:00+08:00,21.0,21.25,21.0,21.25,19000,0.0,0.0
2018-12-14 00:00:00+08:00,21.299999237060547,21.5,21.25,21.5,17000,0.0,0.0
2018-12-17 00:00:00+08:00,21.549999237060547,21.799999237060547,21.5,21.799999237060547,12006,0.0,0.0
2018-12-18 00:00:00+08:00,21.799999237060547,21.850000381469727,21.799999237060547,21.799999237060547,3001,0.0,0.0
2018-12-19 00:00:00+08:00,21.799999237060547,21.799999237060547,21.75,21.75,17048,0.0,0.0
2018-12-20 00:00:00+08:00,21.100000381469727,21.399999618530273,21.049999237060547,21.399999618530273,4006,0.0,0.0
2018-12-21 00:00:00+08:00,21.399999618530273,21.399999618530273,21.399999618530273,21.399999618530273,0,0.0,0.0
2018-12-24 00:00:00+08:00,21.350000381469727,22.0,21.0,21.5,23000,0.0,0.0
2018-12-25 00:00:00+08:00,21.5,21.700000762939453,21.149999618530273,21.600000381469727,20000,0.0,0.0
2018-12-26 00:00:00+08:00,21.600000381469727,21.600000381469727,21.0,21.299999237060547,13000,0.0,0.0
2018-12-27 00:00:00+08:00,21.299999237060547,21.799999237060547,21.100000381469727,21.600000381469727,10000,0.0,0.0
2018-12-28 00:00:00+08:00,21.299999237060547,21.75,21.299999237060547,21.600000381469727,4000,0.0,0.0
2019-01-02 00:00:00+08:00,21.950000762939453,22.0,21.5,21.899999618530273,69000,0.0,0.0
2019-01-03 00:00:00+08:00,21.899999618530273,21.899999618530273,21.25,21.850000381469727,8016,0.0,0.0
2019-01-04 00:00:00+08:00,21.850000381469727,21.850000381469727,21.850000381469727,21.850000381469727,0,0.0,0.0
2019-01-07 00:00:00+08:00,21.899999618530273,21.899999618530273,21.299999237060547,21.649999618530273,10000,0.0,0.0
2019-01-08 00:00:00+08:00,21.25,21.850000381469727,21.25,21.850000381469727,22405,0.0,0.0
2019-01-09 00:00:00+08:00,21.450000762939453,21.799999237060547,21.0,21.100000381469727,42673,0.0,0.0
2019-01-10 00:00:00+08:00,21.0,21.200000762939453,20.399999618530273,20.75,40222,0.0,0.0
2019-01-11 00:00:00+08:00,20.75,20.75,20.350000381469727,20.350000381469727,19000,0.0,0.0
2019-01-14 00:00:00+08:00,20.200000762939453,20.600000381469727,20.200000762939453,20.549999237060547,21000,0.0,0.0
2019-01-15 00:00:00+08:00,20.799999237060547,22.0,20.799999237060547,21.799999237060547,101638,0.0,0.0
2019-01-16 00:00:00+08:00,22.0,22.0,22.0,22.0,2000,0.0,0.0
2019-01-17 00:00:00+08:00,22.200000762939453,22.200000762939453,21.299999237060547,21.549999237060547,7129,0.0,0.0
2019-01-18 00:00:00+08:00,21.149999618530273,21.149999618530273,20.049999237060547,20.549999237060547,64000,0.0,0.0
2019-01-21 00:00:00+08:00,20.600000381469727,21.549999237060547,20.549999237060547,21.549999237060547,55000,0.0,0.0
2019-01-22 00:00:00+08:00,21.899999618530273,21.899999618530273,21.700000762939453,21.700000762939453,36000,0.0,0.0
2019-01-23 00:00:00+08:00,21.700000762939453,23.399999618530273,21.700000762939453,22.399999618530273,145000,0.0,0.0
2019-01-24 00:00:00+08:00,22.100000381469727,22.399999618530273,21.25,21.399999618530273,30533,0.0,0.0
2019-01-25 00:00:00+08:00,21.899999618530273,22.5,21.399999618530273,22.5,68363,0.0,0.0
2019-01-28 00:00:00+08:00,22.799999237060547,24.149999618530273,22.799999237060547,23.600000381469727,167310,0.0,0.0
2019-01-29 00:00:00+08:00,22.700000762939453,23.399999618530273,22.600000381469727,23.25,39002,0.0,0.0
2019-01-30 00:00:00+08:00,23.049999237060547,23.350000381469727,22.649999618530273,23.350000381469727,21426,0.0,0.0
2019-02-11 00:00:00+08:00,23.399999618530273,24.600000381469727,23.350000381469727,24.399999618530273,70045,0.0,0.0
2019-02-12 00:00:00+08:00,24.5,24.600000381469727,24.350000381469727,24.600000381469727,53997,0.0,0.0
2019-02-13 00:00:00+08:00,24.649999618530273,25.350000381469727,24.600000381469727,25.299999237060547,78266,0.0,0.0
2019-02-14 00:00:00+08:00,25.399999618530273,26.100000381469727,24.600000381469727,26.0,94301,0.0,0.0
2019-02-15 00:00:00+08:00,26.299999237060547,28.549999237060547,26.299999237060547,27.5,184532,0.0,0.0
2019-02-18 00:00:00+08:00,27.950000762939453,29.049999237060547,27.950000762939453,28.350000381469727,98448,0.0,0.0
2019-02-19 00:00:00+08:00,28.600000381469727,29.299999237060547,28.149999618530273,28.649999618530273,120000,0.0,0.0
2019-02-20 00:00:00+08:00,28.899999618530273,28.899999618530273,28.149999618530273,28.549999237060547,22000,0.0,0.0
2019-02-21 00:00:00+08:00,28.600000381469727,28.600000381469727,27.299999237060547,27.5,36498,0.0,0.0
2019-02-22 00:00:00+08:00,27.350000381469727,27.350000381469727,27.0,27.0,7319,0.0,0.0
2019-02-25 00:00:00+08:00,27.0,27.0,26.5,26.799999237060547,32399,0.0,0.0
2019-02-26 00:00:00+08:00,27.5,27.649999618530273,27.399999618530273,27.5,12280,0.0,0.0
2019-02-27 00:00:00+08:00,27.5,27.5,26.549999237060547,26.549999237060547,17044,0.0,0.0
2019-03-04 00:00:00+08:00,26.549999237060547,26.899999618530273,26.200000762939453,26.5,38005,0.0,0.0
2019-03-05 00:00:00+08:00,26.200000762939453,26.200000762939453,25.850000381469727,25.850000381469727,35000,0.0,0.0
2019-03-06 00:00:00+08:00,25.950000762939453,26.700000762939453,25.899999618530273,26.700000762939453,11000,0.0,0.0
2019-03-07 00:00:00+08:00,26.049999237060547,26.600000381469727,25.850000381469727,25.850000381469727,9000,0.0,0.0
2019-03-08 00:00:00+08:00,25.799999237060547,26.799999237060547,25.799999237060547,26.399999618530273,11000,0.0,0.0
2019-03-11 00:00:00+08:00,26.5,26.5,25.799999237060547,26.399999618530273,25833,0.0,0.0
2019-03-12 00:00:00+08:00,26.0,26.200000762939453,25.600000381469727,25.799999237060547,21428,0.0,0.0
2019-03-13 00:00:00+08:00,26.200000762939453,26.200000762939453,25.299999237060547,25.299999237060547,8000,0.0,0.0
2019-03-14 00:00:00+08:00,26.299999237060547,26.299999237060547,25.5,25.700000762939453,11000,0.0,0.0
2019-03-15 00:00:00+08:00,25.5,25.649999618530273,25.450000762939453,25.450000762939453,4426,0.0,0.0
2019-03-18 00:00:00+08:00,25.450000762939453,25.5,25.299999237060547,25.350000381469727,14000,0.0,0.0
2019-03-19 00:00:00+08:00,25.450000762939453,26.149999618530273,25.450000762939453,26.149999618530273,18000,0.0,0.0
2019-03-20 00:00:00+08:00,25.700000762939453,25.899999618530273,25.5,25.5,11213,0.0,0.0
2019-03-21 00:00:00+08:00,27.0,27.0,26.149999618530273,26.149999618530273,39000,0.0,0.0
2019-03-22 00:00:00+08:00,26.200000762939453,26.200000762939453,25.700000762939453,25.700000762939453,15387,0.0,0.0
2019-03-25 00:00:00+08:00,25.299999237060547,27.950000762939453,25.299999237060547,27.950000762939453,26238,0.0,0.0
2019-03-26 00:00:00+08:00,26.899999618530273,26.950000762939453,26.049999237060547,26.049999237060547,12421,0.0,0.0
2019-03-27 00:00:00+08:00,26.149999618530273,26.649999618530273,26.100000381469727,26.649999618530273,3000,0.0,0.0
2019-03-28 00:00:00+08:00,26.649999618530273,26.75,25.799999237060547,25.799999237060547,14992,0.0,0.0
2019-03-29 00:00:00+08:00,25.799999237060547,26.700000762939453,25.799999237060547,26.700000762939453,32545,0.0,0.0
2019-04-01 00:00:00+08:00,26.899999618530273,27.299999237060547,26.399999618530273,27.299999237060547,53714,0.0,0.0
2019-04-02 00:00:00+08:00,27.25,27.299999237060547,27.0,27.0,15967,0.0,0.0
2019-04-03 00:00:00+08:00,27.0,27.0,26.549999237060547,26.549999237060547,6196,0.0,0.0
2019-04-08 00:00:00+08:00,26.5,27.200000762939453,26.399999618530273,26.5,11174,0.0,0.0
2019-04-09 00:00:00+08:00,26.549999237060547,27.450000762939453,26.549999237060547,27.200000762939453,38000,0.0,0.0
2019-04-10 00:00:00+08:00,27.200000762939453,27.200000762939453,26.700000762939453,27.200000762939453,4066,0.0,0.0
2019-04-11 00:00:00+08:00,27.200000762939453,27.25,27.200000762939453,27.25,5261,0.0,0.0
2019-04-12 00:00:00+08:00,27.200000762939453,27.299999237060547,27.200000762939453,27.299999237060547,9000,0.0,0.0
2019-04-15 00:00:00+08:00,27.299999237060547,28.450000762939453,27.299999237060547,28.450000762939453,75000,0.0,0.0
2019-04-16 00:00:00+08:00,28.5,30.75,28.450000762939453,30.600000381469727,146919,0.0,0.0
2019-04-17 00:00:00+08:00,31.0,33.20000076293945,31.0,32.25,261051,0.0,0.0
2019-04-18 00:00:00+08:00,31.899999618530273,35.45000076293945,31.600000381469727,35.45000076293945,624622,0.0,0.0
2019-04-19 00:00:00+08:00,36.900001525878906,38.95000076293945,36.900001525878906,38.95000076293945,377061,0.0,0.0
2019-04-22 00:00:00+08:00,42.45000076293945,42.45000076293945,38.0,38.150001525878906,675967,0.0,0.0
2019-04-23 00:00:00+08:00,38.04999923706055,38.04999923706055,34.349998474121094,34.349998474121094,433736,0.0,0.0
2019-04-24 00:00:00+08:00,34.0,35.29999923706055,33.099998474121094,33.150001525878906,305002,0.0,0.0
2019-04-25 00:00:00+08:00,33.599998474121094,33.599998474121094,31.700000762939453,32.599998474121094,208424,0.0,0.0
2019-04-26 00:00:00+08:00,32.599998474121094,33.150001525878906,31.799999237060547,32.0,48500,0.0,0.0
2019-04-29 00:00:00+08:00,32.5,32.5,29.850000381469727,29.850000381469727,53935,0.0,0.0
2019-04-30 00:00:00+08:00,30.399999618530273,32.349998474121094,29.850000381469727,31.450000762939453,203328,0.0,0.0
2019-05-02 00:00:00+08:00,31.600000381469727,32.0,30.850000381469727,30.850000381469727,84796,0.0,0.0
2019-05-03 00:00:00+08:00,30.899999618530273,31.399999618530273,30.200000762939453,30.350000381469727,55301,0.0,0.0
2019-05-06 00:00:00+08:00,28.899999618530273,29.700000762939453,28.899999618530273,29.200000762939453,37046,0.0,0.0
2019-05-07 00:00:00+08:00,29.0,30.200000762939453,29.0,29.100000381469727,69000,0.0,0.0
2019-05-08 00:00:00+08:00,29.100000381469727,29.850000381469727,29.100000381469727,29.399999618530273,27000,0.0,0.0
2019-05-09 00:00:00+08:00,29.799999237060547,29.799999237060547,28.350000381469727,28.850000381469727,47000,0.0,0.0
2019-05-10 00:00:00+08:00,28.850000381469727,29.399999618530273,27.950000762939453,28.0,35001,0.0,0.0
2019-05-13 00:00:00+08:00,28.0,28.0,27.0,27.0,18051,0.0,0.0
2019-05-14 00:00:00+08:00,26.799999237060547,27.600000381469727,26.0,27.200000762939453,37001,0.0,0.0
2019-05-15 00:00:00+08:00,27.600000381469727,29.899999618530273,27.5,29.899999618530273,143581,0.0,0.0
2019-05-16 00:00:00+08:00,29.899999618530273,32.150001525878906,29.899999618530273,30.450000762939453,243040,0.0,0.0
2019-05-17 00:00:00+08:00,31.5,31.5,29.0,29.0,87200,0.0,0.0
2019-05-20 00:00:00+08:00,30.200000762939453,30.200000762939453,28.649999618530273,29.0,32000,0.0,0.0
2019-05-21 00:00:00+08:00,28.75,31.899999618530273,28.649999618530273,31.899999618530273,116174,0.0,0.0
2019-05-22 00:00:00+08:00,32.29999923706055,33.70000076293945,31.200000762939453,31.200000762939453,154170,0.0,0.0
2019-05-23 00:00:00+08:00,31.25,32.29999923706055,30.600000381469727,31.799999237060547,112785,0.0,0.0
2019-05-24 00:00:00+08:00,31.799999237060547,32.599998474121094,30.899999618530273,30.899999618530273,93510,0.0,0.0
2019-05-27 00:00:00+08:00,31.700000762939453,31.700000762939453,30.700000762939453,30.700000762939453,40002,0.0,0.0
2019-05-28 00:00:00+08:00,31.100000381469727,31.100000381469727,30.0,30.200000762939453,58012,0.0,0.0
2019-05-29 00:00:00+08:00,30.0,30.399999618530273,29.799999237060547,30.200000762939453,25349,0.0,0.0
2019-05-30 00:00:00+08:00,30.200000762939453,30.399999618530273,29.799999237060547,29.799999237060547,37115,0.0,0.0
2019-05-31 00:00:00+08:00,30.0,30.5,29.600000381469727,29.600000381469727,36017,0.0,0.0
2019-06-03 00:00:00+08:00,30.549999237060547,30.549999237060547,29.450000762939453,30.0,37000,0.0,0.0
2019-06-04 00:00:00+08:00,30.850000381469727,30.850000381469727,29.5,29.549999237060547,41106,0.0,0.0
2019-06-05 00:00:00+08:00,30.0,30.149999618530273,29.75,29.75,19595,0.0,0.0
2019-06-06 00:00:00+08:00,29.549999237060547,30.299999237060547,29.5,29.950000762939453,35000,0.0,0.0
2019-06-10 00:00:00+08:00,29.649999618530273,32.0,29.600000381469727,30.899999618530273,139087,0.0,0.0
2019-06-11 00:00:00+08:00,31.100000381469727,31.100000381469727,29.899999618530273,29.899999618530273,45170,0.0,0.0
2019-06-12 00:00:00+08:00,29.899999618530273,30.049999237060547,29.25,29.600000381469727,60039,0.0,0.0
2019-06-13 00:00:00+08:00,29.600000381469727,30.0,29.200000762939453,29.200000762939453,28000,0.0,0.0
2019-06-14 00:00:00+08:00,29.899999618530273,29.899999618530273,29.0,29.450000762939453,22100,0.0,0.0
2019-06-17 00:00:00+08:00,29.100000381469727,29.100000381469727,28.850000381469727,28.850000381469727,17697,0.0,0.0
2019-06-18 00:00:00+08:00,29.200000762939453,29.5,28.5,28.549999237060547,36014,0.0,0.0
2019-06-19 00:00:00+08:00,29.200000762939453,30.299999237060547,28.899999618530273,30.049999237060547,62796,0.0,0.0
2019-06-20 00:00:00+08:00,30.0,30.700000762939453,29.799999237060547,30.049999237060547,36000,0.0,0.0
2019-06-21 00:00:00+08:00,30.600000381469727,31.5,29.600000381469727,29.600000381469727,50796,0.0,0.0
2019-06-24 00:00:00+08:00,29.600000381469727,30.350000381469727,29.450000762939453,30.049999237060547,27826,0.0,0.0
2019-06-25 00:00:00+08:00,30.049999237060547,31.350000381469727,30.049999237060547,30.700000762939453,121700,0.0,0.0
2019-06-26 00:00:00+08:00,30.899999618530273,30.950000762939453,29.700000762939453,30.700000762939453,50000,0.0,0.0
2019-06-27 00:00:00+08:00,30.700000762939453,30.899999618530273,30.25,30.450000762939453,31159,0.0,0.0
2019-06-28 00:00:00+08:00,30.799999237060547,30.799999237060547,30.299999237060547,30.299999237060547,7213,0.0,0.0
2019-07-01 00:00:00+08:00,30.5,32.95000076293945,30.100000381469727,30.850000381469727,320000,0.0,0.0
2019-07-02 00:00:00+08:00,31.399999618530273,31.5,30.350000381469727,30.450000762939453,32000,0.0,0.0
2019-07-03 00:00:00+08:00,30.700000762939453,30.700000762939453,29.600000381469727,29.600000381469727,45000,0.0,0.0
2019-07-04 00:00:00+08:00,30.149999618530273,30.200000762939453,29.649999618530273,30.100000381469727,31000,0.0,0.0
2019-07-05 00:00:00+08:00,30.200000762939453,30.200000762939453,29.75,30.100000381469727,16000,0.0,0.0
2019-07-08 00:00:00+08:00,30.149999618530273,30.299999237060547,29.5,29.899999618530273,22000,0.0,0.0
2019-07-09 00:00:00+08:00,30.600000381469727,30.600000381469727,29.549999237060547,29.600000381469727,18000,0.0,0.0
2019-07-10 00:00:00+08:00,30.200000762939453,30.200000762939453,29.600000381469727,29.600000381469727,12000,0.0,0.0
2019-07-11 00:00:00+08:00,30.100000381469727,30.200000762939453,29.600000381469727,30.200000762939453,40959,0.0,0.0
2019-07-12 00:00:00+08:00,30.399999618530273,30.649999618530273,29.799999237060547,30.25,12000,0.0,0.0
2019-07-15 00:00:00+08:00,30.700000762939453,30.700000762939453,29.899999618530273,29.899999618530273,19000,0.0,0.0
2019-07-16 00:00:00+08:00,30.450000762939453,30.450000762939453,29.75,30.200000762939453,33429,0.0,0.0
2019-07-17 00:00:00+08:00,30.299999237060547,30.299999237060547,30.0,30.200000762939453,34000,0.0,0.0
2019-07-18 00:00:00+08:00,30.200000762939453,30.200000762939453,29.799999237060547,29.799999237060547,17000,0.0,0.0
2019-07-19 00:00:00+08:00,29.799999237060547,30.799999237060547,29.799999237060547,30.350000381469727,38923,0.0,0.0
2019-07-22 00:00:00+08:00,30.600000381469727,31.0,30.25,31.0,30290,0.0,0.0
2019-07-23 00:00:00+08:00,31.299999237060547,32.599998474121094,30.600000381469727,30.600000381469727,125441,0.0,0.0
2019-07-24 00:00:00+08:00,30.799999237060547,31.200000762939453,30.5,31.0,48000,0.0,0.0
2019-07-25 00:00:00+08:00,31.0,31.0,30.399999618530273,30.75,18514,0.0,0.0
2019-07-26 00:00:00+08:00,30.899999618530273,32.0,30.850000381469727,31.799999237060547,111811,0.0,0.0
2019-07-29 00:00:00+08:00,32.400001525878906,33.29999923706055,32.0,32.0,231000,0.0,0.0
2019-07-30 00:00:00+08:00,32.0,32.0,30.5,30.700000762939453,74000,0.0,0.0
2019-07-31 00:00:00+08:00,31.0,31.350000381469727,30.600000381469727,30.799999237060547,31000,0.0,0.0
2019-08-01 00:00:00+08:00,30.899999618530273,31.100000381469727,30.700000762939453,31.100000381469727,61065,0.0,0.0
2019-08-02 00:00:00+08:00,31.100000381469727,31.299999237060547,30.5,30.950000762939453,67000,0.0,0.0
2019-08-05 00:00:00+08:00,31.75,31.899999618530273,30.649999618530273,30.649999618530273,63000,0.0,0.0
2019-08-06 00:00:00+08:00,31.149999618530273,31.25,30.100000381469727,31.200000762939453,62000,0.0,0.0
2019-08-07 00:00:00+08:00,31.799999237060547,31.850000381469727,31.200000762939453,31.299999237060547,36910,0.0,0.0
2019-08-08 00:00:00+08:00,32.849998474121094,34.400001525878906,32.849998474121094,34.400001525878906,221852,0.0,0.0
2019-08-12 00:00:00+08:00,37.0,37.79999923706055,36.5,37.79999923706055,573951,0.0,0.0
2019-08-13 00:00:00+08:00,37.0,40.70000076293945,37.0,39.79999923706055,2264225,0.0,0.0
2019-08-14 00:00:00+08:00,41.150001525878906,41.95000076293945,39.099998474121094,39.79999923706055,966435,0.0,0.0
2019-08-15 00:00:00+08:00,39.79999923706055,43.75,38.599998474121094,43.75,1791471,0.0,0.0
2019-08-16 00:00:00+08:00,43.5,43.5,41.95000076293945,42.900001525878906,838365,0.0,0.0
2019-08-19 00:00:00+08:00,43.95000076293945,44.54999923706055,42.25,42.599998474121094,732102,0.0,0.0
2019-08-20 00:00:00+08:00,42.900001525878906,43.150001525878906,42.0,42.5,396097,0.0,0.0
2019-08-21 00:00:00+08:00,43.04999923706055,43.04999923706055,42.29999923706055,42.400001525878906,210383,0.0,0.0
2019-08-22 00:00:00+08:00,42.70000076293945,46.599998474121094,42.70000076293945,46.54999923706055,1513563,0.0,0.0
2019-08-23 00:00:00+08:00,47.25,47.29999923706055,43.599998474121094,46.79999923706055,1125922,0.0,0.0
2019-08-26 00:00:00+08:00,45.20000076293945,46.599998474121094,44.0,44.0,547671,0.0,0.0
2019-08-27 00:00:00+08:00,44.79999923706055,46.150001525878906,44.20000076293945,44.20000076293945,346541,0.0,0.0
2019-08-28 00:00:00+08:00,45.79999923706055,46.20000076293945,44.0,45.650001525878906,413353,0.0,0.0
2019-08-29 00:00:00+08:00,46.70000076293945,48.849998474121094,46.04999923706055,46.20000076293945,1055214,0.0,0.0
2019-08-30 00:00:00+08:00,46.70000076293945,46.849998474121094,43.849998474121094,45.599998474121094,911931,0.0,0.0
2019-09-02 00:00:00+08:00,45.29999923706055,45.599998474121094,45.04999923706055,45.400001525878906,159706,0.0,0.0
2019-09-03 00:00:00+08:00,46.29999923706055,46.29999923706055,44.349998474121094,44.70000076293945,195350,0.0,0.0
2019-09-04 00:00:00+08:00,44.70000076293945,46.0,44.70000076293945,45.150001525878906,243350,0.0,0.0
2019-09-05 00:00:00+08:00,46.25,46.29999923706055,45.5,45.5,123400,0.0,0.0
2019-09-06 00:00:00+08:00,46.70000076293945,50.0,46.0,47.5,1253652,0.0,0.0
2019-09-10 00:00:00+08:00,46.849998474121094,47.5,46.0,46.650001525878906,200929,0.0,0.0
2019-09-11 00:00:00+08:00,47.20000076293945,50.900001525878906,46.650001525878906,48.79999923706055,766953,0.0,0.0
2019-09-12 00:00:00+08:00,50.0,50.0,47.849998474121094,47.900001525878906,348247,0.0,0.0
2019-09-16 00:00:00+08:00,47.900001525878906,47.900001525878906,46.650001525878906,47.5,168032,0.0,0.0
2019-09-17 00:00:00+08:00,48.0,48.0,44.400001525878906,44.400001525878906,385968,0.0,0.0
2019-09-18 00:00:00+08:00,43.54999923706055,45.099998474121094,43.54999923706055,44.04999923706055,188000,0.0,0.0
2019-09-19 00:00:00+08:00,44.400001525878906,44.400001525878906,43.79999923706055,44.0,73213,0.0,0.0
2019-09-20 00:00:00+08:00,44.45000076293945,46.20000076293945,44.0,44.29999923706055,251078,0.0,0.0
2019-09-23 00:00:00+08:00,44.70000076293945,44.70000076293945,44.04999923706055,44.20000076293945,53000,0.0,0.0
2019-09-24 00:00:00+08:00,44.20000076293945,45.0,43.79999923706055,43.79999923706055,83213,0.0,0.0
2019-09-25 00:00:00+08:00,43.79999923706055,44.849998474121094,43.70000076293945,44.400001525878906,81478,0.0,0.0
2019-09-26 00:00:00+08:00,45.0,45.0,44.29999923706055,44.29999923706055,37667,0.0,0.0
2019-09-27 00:00:00+08:00,44.29999923706055,44.900001525878906,43.20000076293945,43.75,85000,0.0,0.0
2019-10-01 00:00:00+08:00,43.95000076293945,44.099998474121094,42.650001525878906,43.099998474121094,56000,0.0,0.0
2019-10-02 00:00:00+08:00,42.70000076293945,44.349998474121094,42.150001525878906,43.20000076293945,63000,0.0,0.0
2019-10-03 00:00:00+08:00,42.900001525878906,44.79999923706055,42.20000076293945,44.25,150699,0.0,0.0
2019-10-04 00:00:00+08:00,45.20000076293945,45.29999923706055,44.349998474121094,44.349998474121094,116617,0.0,0.0
2019-10-07 00:00:00+08:00,45.20000076293945,47.5,45.0,45.5,606955,0.0,0.0
2019-10-08 00:00:00+08:00,47.0,47.150001525878906,45.45000076293945,45.79999923706055,235150,0.0,0.0
2019-10-09 00:00:00+08:00,46.0,46.75,45.70000076293945,46.0,147350,0.0,0.0
2019-10-14 00:00:00+08:00,47.0,47.400001525878906,43.79999923706055,43.79999923706055,272313,0.0,0.0
2019-10-15 00:00:00+08:00,44.0,45.20000076293945,44.0,44.5,153200,0.0,0.0
2019-10-16 00:00:00+08:00,45.25,45.5,44.0,44.400001525878906,55026,0.0,0.0
2019-10-17 00:00:00+08:00,44.70000076293945,45.150001525878906,44.0,45.150001525878906,76167,0.0,0.0
2019-10-18 00:00:00+08:00,45.150001525878906,47.95000076293945,45.150001525878906,46.150001525878906,343001,0.0,0.0
2019-10-21 00:00:00+08:00,46.45000076293945,46.599998474121094,44.79999923706055,44.900001525878906,118300,0.0,0.0
2019-10-22 00:00:00+08:00,45.5,45.95000076293945,45.349998474121094,45.5,98229,0.0,0.0
2019-10-23 00:00:00+08:00,45.70000076293945,46.099998474121094,44.650001525878906,45.29999923706055,74000,0.0,0.0
2019-10-24 00:00:00+08:00,45.29999923706055,45.54999923706055,44.900001525878906,45.400001525878906,25001,0.0,0.0
2019-10-25 00:00:00+08:00,46.0,46.0,45.0,45.349998474121094,73000,0.0,0.0
2019-10-28 00:00:00+08:00,45.79999923706055,45.79999923706055,44.75,44.79999923706055,62255,0.0,0.0
2019-10-29 00:00:00+08:00,45.70000076293945,45.70000076293945,43.5,45.400001525878906,108213,0.0,0.0
2019-10-30 00:00:00+08:00,45.70000076293945,45.70000076293945,45.0,45.400001525878906,48000,0.0,0.0
2019-10-31 00:00:00+08:00,45.70000076293945,45.70000076293945,43.900001525878906,45.400001525878906,156787,0.0,0.0
2019-11-01 00:00:00+08:00,45.400001525878906,45.5,44.900001525878906,44.900001525878906,97276,0.0,0.0
2019-11-04 00:00:00+08:00,45.5,47.0,44.900001525878906,46.45000076293945,319000,0.0,0.0
2019-11-05 00:00:00+08:00,46.650001525878906,46.79999923706055,45.79999923706055,45.95000076293945,189000,0.0,0.0
2019-11-06 00:00:00+08:00,46.400001525878906,46.400001525878906,43.29999923706055,44.20000076293945,148000,0.0,0.0
2019-11-07 00:00:00+08:00,44.650001525878906,44.75,43.0,43.0,107000,0.0,0.0
2019-11-08 00:00:00+08:00,45.0,47.29999923706055,44.0,47.25,834512,0.0,0.0
2019-11-11 00:00:00+08:00,48.599998474121094,50.79999923706055,46.650001525878906,49.25,1232000,0.0,0.0
2019-11-12 00:00:00+08:00,49.5,52.599998474121094,48.5,52.20000076293945,1480000,0.0,0.0
2019-11-13 00:00:00+08:00,52.5,53.70000076293945,51.0,52.599998474121094,571000,0.0,0.0
2019-11-14 00:00:00+08:00,53.0,53.0,49.79999923706055,50.0,414000,0.0,0.0
2019-11-15 00:00:00+08:00,50.0,53.0,49.79999923706055,50.5,456813,0.0,0.0
2019-11-18 00:00:00+08:00,52.0,52.5,50.29999923706055,51.79999923706055,287000,0.0,0.0
2019-11-19 00:00:00+08:00,51.900001525878906,53.5,48.20000076293945,49.349998474121094,804000,0.0,0.0
2019-11-20 00:00:00+08:00,49.29999923706055,49.599998474121094,48.599998474121094,49.0,230000,0.0,0.0
2019-11-21 00:00:00+08:00,48.900001525878906,49.650001525878906,48.25,49.25,119000,0.0,0.0
2019-11-22 00:00:00+08:00,49.5,49.5,48.599998474121094,48.599998474121094,76003,0.0,0.0
2019-11-25 00:00:00+08:00,49.29999923706055,52.400001525878906,49.29999923706055,51.5,269000,0.0,0.0
2019-11-26 00:00:00+08:00,52.79999923706055,53.900001525878906,49.900001525878906,50.20000076293945,385000,0.0,0.0
2019-11-27 00:00:00+08:00,51.20000076293945,51.400001525878906,50.29999923706055,50.599998474121094,118000,0.0,0.0
2019-11-28 00:00:00+08:00,50.900001525878906,51.5,49.900001525878906,51.400001525878906,163000,0.0,0.0
2019-11-29 00:00:00+08:00,51.79999923706055,52.0,49.900001525878906,49.900001525878906,191000,0.0,0.0
2019-12-02 00:00:00+08:00,50.099998474121094,50.20000076293945,48.650001525878906,49.400001525878906,110000,0.0,0.0
2019-12-03 00:00:00+08:00,49.95000076293945,49.95000076293945,47.849998474121094,47.849998474121094,126000,0.0,0.0
2019-12-04 00:00:00+08:00,48.04999923706055,48.349998474121094,47.0,48.20000076293945,145000,0.0,0.0
2019-12-05 00:00:00+08:00,48.650001525878906,49.5,47.5,49.5,151000,0.0,0.0
2019-12-06 00:00:00+08:00,49.95000076293945,50.0,49.400001525878906,49.95000076293945,95064,0.0,0.0
2019-12-09 00:00:00+08:00,51.099998474121094,51.400001525878906,49.20000076293945,50.5,208000,0.0,0.0
2019-12-10 00:00:00+08:00,50.599998474121094,50.79999923706055,50.0,50.0,76000,0.0,0.0
2019-12-11 00:00:00+08:00,50.70000076293945,50.70000076293945,49.20000076293945,49.29999923706055,76000,0.0,0.0
2019-12-12 00:00:00+08:00,48.650001525878906,49.349998474121094,47.79999923706055,48.25,189000,0.0,0.0
2019-12-13 00:00:00+08:00,48.900001525878906,48.900001525878906,47.0,48.25,139213,0.0,0.0
2019-12-16 00:00:00+08:00,48.25,49.849998474121094,48.25,48.25,134000,0.0,0.0
2019-12-17 00:00:00+08:00,48.79999923706055,49.150001525878906,48.349998474121094,48.75,84000,0.0,0.0
2019-12-18 00:00:00+08:00,48.75,48.75,47.70000076293945,47.70000076293945,83000,0.0,0.0
2019-12-19 00:00:00+08:00,48.5,48.5,47.29999923706055,47.900001525878906,60000,0.0,0.0
2019-12-20 00:00:00+08:00,48.099998474121094,48.650001525878906,47.5,48.650001525878906,124210,0.0,0.0
2019-12-23 00:00:00+08:00,49.20000076293945,50.5,49.0,49.20000076293945,212000,0.0,0.0
2019-12-24 00:00:00+08:00,49.79999923706055,49.79999923706055,48.599998474121094,48.900001525878906,35000,0.0,0.0
2019-12-25 00:00:00+08:00,49.099998474121094,49.79999923706055,48.599998474121094,49.70000076293945,42000,0.0,0.0
2019-12-26 00:00:00+08:00,50.0,50.20000076293945,48.75,48.79999923706055,119000,0.0,0.0
2019-12-27 00:00:00+08:00,49.25,49.599998474121094,48.04999923706055,48.04999923706055,68406,0.0,0.0
2019-12-30 00:00:00+08:00,48.79999923706055,48.79999923706055,47.70000076293945,48.20000076293945,55000,0.0,0.0
2019-12-31 00:00:00+08:00,48.54999923706055,48.54999923706055,47.29999923706055,47.849998474121094,79285,0.0,0.0
2020-01-02 00:00:00+08:00,48.20000076293945,48.70000076293945,47.849998474121094,47.95000076293945,49000,0.0,0.0
2020-01-03 00:00:00+08:00,48.45000076293945,48.599998474121094,47.400001525878906,47.900001525878906,65000,0.0,0.0
2020-01-06 00:00:00+08:00,48.29999923706055,48.29999923706055,47.04999923706055,47.650001525878906,29000,0.0,0.0
2020-01-07 00:00:00+08:00,48.0,48.0,47.0,47.0,35000,0.0,0.0
2020-01-08 00:00:00+08:00,47.0,47.599998474121094,45.599998474121094,47.099998474121094,73000,0.0,0.0
2020-01-09 00:00:00+08:00,47.79999923706055,47.900001525878906,46.29999923706055,47.5,197000,0.0,0.0
2020-01-10 00:00:00+08:00,48.650001525878906,48.650001525878906,46.5,46.5,52000,0.0,0.0
2020-01-13 00:00:00+08:00,46.70000076293945,47.45000076293945,46.099998474121094,46.099998474121094,74000,0.0,0.0
2020-01-14 00:00:00+08:00,46.70000076293945,46.70000076293945,44.900001525878906,45.0,138000,0.0,0.0
2020-01-15 00:00:00+08:00,45.5,46.20000076293945,44.150001525878906,44.45000076293945,57000,0.0,0.0
2020-01-16 00:00:00+08:00,44.25,45.04999923706055,43.849998474121094,43.849998474121094,40000,0.0,0.0
2020-01-17 00:00:00+08:00,43.45000076293945,44.650001525878906,42.400001525878906,42.400001525878906,114500,0.0,0.0
2020-01-20 00:00:00+08:00,43.20000076293945,43.20000076293945,41.20000076293945,41.349998474121094,105402,0.0,0.0
2020-01-30 00:00:00+08:00,37.75,38.650001525878906,37.25,37.5,100000,0.0,0.0
2020-01-31 00:00:00+08:00,37.5,38.0,35.45000076293945,35.849998474121094,53000,0.0,0.0
2020-02-03 00:00:00+08:00,35.849998474121094,35.849998474121094,33.5,33.900001525878906,45000,0.0,0.0
2020-02-04 00:00:00+08:00,33.79999923706055,35.349998474121094,32.75,35.25,127000,0.0,0.0
2020-02-05 00:00:00+08:00,35.599998474121094,35.70000076293945,35.099998474121094,35.099998474121094,16000,0.0,0.0
2020-02-06 00:00:00+08:00,35.5,36.650001525878906,35.25,36.20000076293945,25000,0.0,0.0
2020-02-07 00:00:00+08:00,33.04999923706055,35.5,33.04999923706055,34.5,36000,0.0,0.0
2020-02-10 00:00:00+08:00,34.349998474121094,34.849998474121094,33.79999923706055,34.400001525878906,25000,0.0,0.0
2020-02-11 00:00:00+08:00,34.849998474121094,34.849998474121094,34.29999923706055,34.29999923706055,17000,0.0,0.0
2020-02-12 00:00:00+08:00,34.79999923706055,34.79999923706055,33.79999923706055,34.29999923706055,43000,0.0,0.0
2020-02-13 00:00:00+08:00,34.75,36.70000076293945,34.75,35.599998474121094,86000,0.0,0.0
2020-02-14 00:00:00+08:00,35.70000076293945,36.20000076293945,35.20000076293945,35.599998474121094,118200,0.0,0.0
2020-02-17 00:00:00+08:00,36.79999923706055,36.79999923706055,35.25,35.25,18000,0.0,0.0
2020-02-18 00:00:00+08:00,36.099998474121094,36.099998474121094,35.20000076293945,35.25,51000,0.0,0.0
2020-02-19 00:00:00+08:00,35.70000076293945,36.900001525878906,35.0,35.45000076293945,92000,0.0,0.0
2020-02-20 00:00:00+08:00,35.75,36.04999923706055,35.25,36.0,48000,0.0,0.0
2020-02-21 00:00:00+08:00,36.20000076293945,36.599998474121094,35.29999923706055,35.79999923706055,87801,0.0,0.0
2020-02-24 00:00:00+08:00,36.45000076293945,36.45000076293945,35.0,35.599998474121094,53000,0.0,0.0
2020-02-25 00:00:00+08:00,34.5,35.5,34.5,34.650001525878906,13000,0.0,0.0
2020-02-26 00:00:00+08:00,35.20000076293945,36.75,35.20000076293945,36.20000076293945,227000,0.0,0.0
2020-02-27 00:00:00+08:00,36.599998474121094,37.29999923706055,34.0,34.099998474121094,152000,0.0,0.0
2020-03-02 00:00:00+08:00,34.70000076293945,35.20000076293945,33.599998474121094,35.04999923706055,88000,0.0,0.0
2020-03-03 00:00:00+08:00,35.79999923706055,35.79999923706055,34.349998474121094,34.70000076293945,31000,0.0,0.0
2020-03-04 00:00:00+08:00,34.79999923706055,35.5,34.29999923706055,34.29999923706055,290000,0.0,0.0
2020-03-05 00:00:00+08:00,35.0,35.29999923706055,34.599998474121094,35.20000076293945,66000,0.0,0.0
2020-03-06 00:00:00+08:00,34.400001525878906,36.29999923706055,34.400001525878906,36.29999923706055,118000,0.0,0.0
2020-03-09 00:00:00+08:00,35.900001525878906,36.599998474121094,34.20000076293945,34.29999923706055,112000,0.0,0.0
2020-03-10 00:00:00+08:00,33.0,34.5,33.0,33.79999923706055,66000,0.0,0.0
2020-03-11 00:00:00+08:00,34.5,34.849998474121094,33.25,34.0,55000,0.0,0.0
2020-03-12 00:00:00+08:00,32.70000076293945,33.5,30.600000381469727,31.149999618530273,173000,0.0,0.0
2020-03-13 00:00:00+08:00,31.149999618530273,31.149999618530273,31.149999618530273,31.149999618530273,0,0.0,0.0
2020-03-16 00:00:00+08:00,28.25,29.299999237060547,25.25,25.25,109000,0.0,0.0
2020-03-17 00:00:00+08:00,22.75,23.649999618530273,22.75,22.75,1337000,0.0,0.0
2020-03-18 00:00:00+08:00,22.75,22.75,22.75,22.75,0,0.0,0.0
2020-03-19 00:00:00+08:00,23.0,23.350000381469727,20.25,20.25,1812000,0.0,0.0
2020-03-20 00:00:00+08:00,22.0,22.200000762939453,20.850000381469727,21.850000381469727,392000,0.0,0.0
2020-03-23 00:00:00+08:00,20.799999237060547,21.149999618530273,20.149999618530273,20.450000762939453,111000,0.0,0.0
2020-03-24 00:00:00+08:00,20.850000381469727,22.450000762939453,20.850000381469727,22.450000762939453,1530000,0.0,0.0
2020-03-25 00:00:00+08:00,24.649999618530273,24.649999618530273,24.649999618530273,24.649999618530273,5046000,0.0,0.0
2020-03-26 00:00:00+08:00,27.100000381469727,27.100000381469727,26.100000381469727,27.100000381469727,3261000,0.0,0.0
2020-03-27 00:00:00+08:00,28.399999618530273,28.5,26.100000381469727,26.600000381469727,842000,0.0,0.0
2020-03-30 00:00:00+08:00,25.200000762939453,28.799999237060547,25.200000762939453,28.0,578000,0.0,0.0
2020-03-31 00:00:00+08:00,28.799999237060547,28.799999237060547,26.850000381469727,26.850000381469727,390000,0.0,0.0
2020-04-01 00:00:00+08:00,27.399999618530273,27.399999618530273,26.049999237060547,26.799999237060547,197000,0.0,0.0
2020-04-06 00:00:00+08:00,26.850000381469727,26.899999618530273,26.049999237060547,26.75,129000,0.0,0.0
2020-04-07 00:00:00+08:00,26.75,28.5,26.75,27.600000381469727,465000,0.0,0.0
2020-04-08 00:00:00+08:00,28.399999618530273,28.399999618530273,27.600000381469727,28.350000381469727,267000,0.0,0.0
2020-04-09 00:00:00+08:00,28.350000381469727,28.5,27.25,27.25,171000,0.0,0.0
2020-04-10 00:00:00+08:00,27.350000381469727,29.0,27.25,28.350000381469727,291000,0.0,0.0
2020-04-13 00:00:00+08:00,29.399999618530273,30.049999237060547,28.600000381469727,28.600000381469727,461000,0.0,0.0
2020-04-14 00:00:00+08:00,28.600000381469727,29.100000381469727,28.149999618530273,28.600000381469727,226000,0.0,0.0
2020-04-15 00:00:00+08:00,28.399999618530273,28.899999618530273,28.049999237060547,28.049999237060547,205000,0.0,0.0
2020-04-16 00:00:00+08:00,27.799999237060547,30.850000381469727,27.799999237060547,30.850000381469727,298000,0.0,0.0
2020-04-17 00:00:00+08:00,32.04999923706055,33.900001525878906,31.549999237060547,32.900001525878906,997000,0.0,0.0
2020-04-20 00:00:00+08:00,32.900001525878906,32.900001525878906,31.200000762939453,31.25,318000,0.0,0.0
2020-04-21 00:00:00+08:00,31.299999237060547,31.799999237060547,29.399999618530273,29.399999618530273,196000,0.0,0.0
2020-04-22 00:00:00+08:00,29.200000762939453,29.700000762939453,28.299999237060547,28.799999237060547,234000,0.0,0.0
2020-04-23 00:00:00+08:00,29.100000381469727,29.700000762939453,29.100000381469727,29.700000762939453,60000,0.0,0.0
2020-04-24 00:00:00+08:00,29.850000381469727,29.899999618530273,28.700000762939453,29.399999618530273,114000,0.0,0.0
2020-04-27 00:00:00+08:00,29.899999618530273,30.0,29.350000381469727,29.799999237060547,170000,0.0,0.0
2020-04-28 00:00:00+08:00,29.799999237060547,32.75,29.799999237060547,31.799999237060547,768000,0.0,0.0
2020-04-29 00:00:00+08:00,32.25,32.25,31.0,31.0,311000,0.0,0.0
2020-04-30 00:00:00+08:00,31.549999237060547,32.150001525878906,31.100000381469727,31.649999618530273,233000,0.0,0.0
2020-05-04 00:00:00+08:00,30.5,31.450000762939453,30.5,31.100000381469727,122000,0.0,0.0
2020-05-05 00:00:00+08:00,31.200000762939453,31.799999237060547,31.100000381469727,31.399999618530273,102000,0.0,0.0
2020-05-06 00:00:00+08:00,31.5,31.5,31.100000381469727,31.399999618530273,80000,0.0,0.0
2020-05-07 00:00:00+08:00,31.75,32.400001525878906,31.25,32.20000076293945,157000,0.0,0.0
2020-05-08 00:00:00+08:00,33.5,34.0,32.349998474121094,32.349998474121094,379000,0.0,0.0
2020-05-11 00:00:00+08:00,33.70000076293945,33.70000076293945,32.349998474121094,32.349998474121094,172000,0.0,0.0
2020-05-12 00:00:00+08:00,32.599998474121094,32.79999923706055,32.099998474121094,32.099998474121094,48000,0.0,0.0
2020-05-13 00:00:00+08:00,32.400001525878906,32.70000076293945,31.600000381469727,32.0,55000,0.0,0.0
2020-05-14 00:00:00+08:00,31.649999618530273,31.75,29.149999618530273,29.549999237060547,171000,0.0,0.0
2020-05-15 00:00:00+08:00,29.950000762939453,30.100000381469727,28.600000381469727,29.0,121000,0.0,0.0
2020-05-18 00:00:00+08:00,29.0,29.0,27.799999237060547,28.799999237060547,73000,0.0,0.0
2020-05-19 00:00:00+08:00,28.799999237060547,29.700000762939453,28.799999237060547,29.149999618530273,41000,0.0,0.0
2020-05-20 00:00:00+08:00,28.649999618530273,29.450000762939453,28.649999618530273,29.0,62000,0.0,0.0
2020-05-21 00:00:00+08:00,29.700000762939453,30.049999237060547,29.5,29.850000381469727,41000,0.0,0.0
2020-05-22 00:00:00+08:00,29.649999618530273,29.899999618530273,28.75,28.75,85000,0.0,0.0
2020-05-25 00:00:00+08:00,28.75,28.799999237060547,28.200000762939453,28.600000381469727,32000,0.0,0.0
2020-05-26 00:00:00+08:00,28.600000381469727,30.25,28.600000381469727,29.799999237060547,129000,0.0,0.0
2020-05-27 00:00:00+08:00,29.799999237060547,30.25,29.399999618530273,29.5,40000,0.0,0.0
2020-05-28 00:00:00+08:00,30.200000762939453,30.200000762939453,29.25,29.850000381469727,34000,0.0,0.0
2020-05-29 00:00:00+08:00,29.700000762939453,29.700000762939453,28.799999237060547,29.0,38000,0.0,0.0
2020-06-01 00:00:00+08:00,29.899999618530273,29.950000762939453,29.25,29.450000762939453,56000,0.0,0.0
2020-06-02 00:00:00+08:00,29.799999237060547,29.899999618530273,29.350000381469727,29.600000381469727,54000,0.0,0.0
2020-06-03 00:00:00+08:00,29.799999237060547,32.54999923706055,29.75,32.54999923706055,598000,0.0,0.0
2020-06-04 00:00:00+08:00,31.899999618530273,32.0,30.5,31.200000762939453,480000,0.0,0.0
2020-06-05 00:00:00+08:00,31.299999237060547,31.549999237060547,31.149999618530273,31.399999618530273,102000,0.0,0.0
2020-06-08 00:00:00+08:00,32.150001525878906,32.25,31.299999237060547,31.299999237060547,99000,0.0,0.0
2020-06-09 00:00:00+08:00,31.299999237060547,31.549999237060547,30.850000381469727,31.450000762939453,60000,0.0,0.0
2020-06-10 00:00:00+08:00,31.200000762939453,31.700000762939453,30.899999618530273,31.200000762939453,94000,0.0,0.0
2020-06-11 00:00:00+08:00,31.200000762939453,31.299999237060547,30.299999237060547,30.549999237060547,102000,0.0,0.0
2020-06-12 00:00:00+08:00,29.600000381469727,30.549999237060547,29.0,30.549999237060547,111000,0.0,0.0
2020-06-15 00:00:00+08:00,30.350000381469727,31.0,30.25,30.549999237060547,30000,0.0,0.0
2020-06-16 00:00:00+08:00,30.799999237060547,31.299999237060547,30.399999618530273,30.799999237060547,39000,0.0,0.0
2020-06-17 00:00:00+08:00,31.149999618530273,31.25,30.899999618530273,31.25,49000,0.0,0.0
2020-06-18 00:00:00+08:00,31.25,31.25,30.600000381469727,31.0,32000,0.0,0.0
2020-06-19 00:00:00+08:00,31.0,31.149999618530273,30.799999237060547,30.799999237060547,35000,0.0,0.0
2020-06-22 00:00:00+08:00,31.0,31.450000762939453,30.899999618530273,31.100000381469727,37000,0.0,0.0
2020-06-23 00:00:00+08:00,31.299999237060547,31.450000762939453,30.899999618530273,30.899999618530273,51000,0.0,0.0
2020-06-24 00:00:00+08:00,30.899999618530273,31.299999237060547,30.899999618530273,31.200000762939453,35000,0.0,0.0
2020-06-29 00:00:00+08:00,30.5,31.350000381469727,30.5,31.299999237060547,33000,0.0,0.0
2020-06-30 00:00:00+08:00,31.350000381469727,31.5,30.950000762939453,31.399999618530273,53000,0.0,0.0
2020-07-01 00:00:00+08:00,32.150001525878906,32.150001525878906,31.149999618530273,31.399999618530273,45000,0.0,0.0
2020-07-02 00:00:00+08:00,31.399999618530273,32.20000076293945,31.399999618530273,31.799999237060547,86000,0.0,0.0
2020-07-03 00:00:00+08:00,32.20000076293945,33.5,32.0,32.650001525878906,178000,0.0,0.0
2020-07-06 00:00:00+08:00,34.150001525878906,35.900001525878906,33.5,35.900001525878906,579000,0.0,0.0
2020-07-07 00:00:00+08:00,36.099998474121094,36.099998474121094,33.900001525878906,34.20000076293945,347000,0.0,0.0
2020-07-08 00:00:00+08:00,33.70000076293945,35.599998474121094,33.70000076293945,34.599998474121094,171000,0.0,0.0
2020-07-09 00:00:00+08:00,34.599998474121094,34.70000076293945,33.79999923706055,33.79999923706055,92000,0.0,0.0
2020-07-10 00:00:00+08:00,33.849998474121094,33.849998474121094,31.600000381469727,31.600000381469727,153000,0.0,0.0
2020-07-13 00:00:00+08:00,31.600000381469727,32.5,31.600000381469727,32.099998474121094,72000,0.0,0.0
2020-07-14 00:00:00+08:00,32.20000076293945,32.45000076293945,30.5,30.899999618530273,74000,0.0,0.0
2020-07-15 00:00:00+08:00,31.049999237060547,33.45000076293945,31.049999237060547,31.5,177000,0.0,0.0
2020-07-16 00:00:00+08:00,32.29999923706055,33.900001525878906,32.20000076293945,32.45000076293945,127000,0.0,0.0
2020-07-17 00:00:00+08:00,33.099998474121094,33.400001525878906,31.600000381469727,31.600000381469727,63000,0.0,0.0
2020-07-20 00:00:00+08:00,31.649999618530273,31.899999618530273,31.25,31.649999618530273,19000,0.0,0.0
2020-07-21 00:00:00+08:00,32.29999923706055,32.900001525878906,32.04999923706055,32.150001525878906,71000,0.0,0.0
2020-07-22 00:00:00+08:00,32.25,33.5,32.25,32.75,69000,0.0,0.0
2020-07-23 00:00:00+08:00,33.099998474121094,35.900001525878906,32.54999923706055,35.0,508000,0.0,0.0
2020-07-24 00:00:00+08:00,36.79999923706055,36.79999923706055,33.599998474121094,33.599998474121094,385000,0.0,0.0
2020-07-27 00:00:00+08:00,34.29999923706055,34.29999923706055,32.79999923706055,32.95000076293945,144000,0.0,0.0
2020-07-28 00:00:00+08:00,33.099998474121094,34.0,32.400001525878906,32.400001525878906,80000,0.0,0.0
2020-07-29 00:00:00+08:00,32.099998474121094,33.0,32.099998474121094,32.400001525878906,49000,0.0,0.0
2020-07-30 00:00:00+08:00,33.099998474121094,33.29999923706055,32.650001525878906,33.099998474121094,47000,0.0,0.0
2020-07-31 00:00:00+08:00,32.70000076293945,33.5,32.70000076293945,33.5,33000,0.0,0.0
2020-08-03 00:00:00+08:00,33.5,34.29999923706055,33.150001525878906,34.29999923706055,106000,0.0,0.0
2020-08-04 00:00:00+08:00,34.20000076293945,34.349998474121094,33.349998474121094,33.849998474121094,65000,0.0,0.0
2020-08-05 00:00:00+08:00,33.5,33.849998474121094,33.400001525878906,33.599998474121094,33000,0.0,0.0
2020-08-06 00:00:00+08:00,35.900001525878906,36.900001525878906,33.0,33.95000076293945,408000,0.0,0.0
2020-08-07 00:00:00+08:00,35.400001525878906,35.400001525878906,34.20000076293945,35.20000076293945,112000,0.0,0.0
2020-08-10 00:00:00+08:00,36.25,36.25,34.04999923706055,36.0,249000,0.0,0.0
2020-08-11 00:00:00+08:00,36.599998474121094,38.0,35.5,36.79999923706055,345000,0.0,0.0
2020-08-12 00:00:00+08:00,36.95000076293945,37.79999923706055,36.349998474121094,36.5,235000,0.0,0.0
2020-08-13 00:00:00+08:00,37.20000076293945,39.0,36.400001525878906,36.849998474121094,371000,0.0,0.0
2020-08-14 00:00:00+08:00,37.79999923706055,37.79999923706055,35.20000076293945,36.0,257000,0.0,0.0
2020-08-17 00:00:00+08:00,36.70000076293945,36.70000076293945,35.650001525878906,36.20000076293945,77000,0.0,0.0
2020-08-18 00:00:00+08:00,36.25,36.25,35.04999923706055,35.25,70000,0.0,0.0
2020-08-19 00:00:00+08:00,35.54999923706055,36.54999923706055,35.0,35.79999923706055,79000,0.0,0.0
2020-08-20 00:00:00+08:00,35.400001525878906,35.45000076293945,32.25,32.25,191000,0.0,0.0
2020-08-21 00:00:00+08:00,32.900001525878906,33.400001525878906,32.54999923706055,33.349998474121094,46000,0.0,0.0
2020-08-24 00:00:00+08:00,33.349998474121094,33.70000076293945,32.900001525878906,33.400001525878906,27000,0.0,0.0
2020-08-25 00:00:00+08:00,33.5,34.099998474121094,33.5,33.79999923706055,77000,0.0,0.0
2020-08-26 00:00:00+08:00,33.79999923706055,34.5,33.75,33.900001525878906,45000,0.0,0.0
2020-08-27 00:00:00+08:00,33.900001525878906,33.900001525878906,33.5,33.599998474121094,51000,0.0,0.0
2020-08-28 00:00:00+08:00,34.54999923706055,34.70000076293945,33.599998474121094,33.599998474121094,20000,0.0,0.0
2020-08-31 00:00:00+08:00,34.400001525878906,34.400001525878906,33.70000076293945,33.70000076293945,19000,0.0,0.0
2020-09-01 00:00:00+08:00,34.95000076293945,34.95000076293945,33.75,34.20000076293945,29000,0.0,0.0
2020-09-02 00:00:00+08:00,34.20000076293945,34.20000076293945,33.650001525878906,33.70000076293945,28000,0.0,0.0
2020-09-03 00:00:00+08:00,33.849998474121094,34.45000076293945,33.5,33.900001525878906,32000,0.0,0.0
2020-09-04 00:00:00+08:00,33.599998474121094,34.20000076293945,33.599998474121094,34.20000076293945,22000,0.0,0.0
2020-09-07 00:00:00+08:00,34.29999923706055,34.29999923706055,32.75,32.849998474121094,34000,0.0,0.0
2020-09-08 00:00:00+08:00,33.0,33.0,32.75,32.79999923706055,8000,0.0,0.0
2020-09-09 00:00:00+08:00,32.54999923706055,32.54999923706055,30.799999237060547,31.850000381469727,36000,0.0,0.0
2020-09-10 00:00:00+08:00,32.349998474121094,32.5,31.850000381469727,31.850000381469727,21000,0.0,0.0
2020-09-11 00:00:00+08:00,31.200000762939453,31.600000381469727,31.149999618530273,31.149999618530273,45000,0.0,0.0
2020-09-14 00:00:00+08:00,31.149999618530273,32.099998474121094,31.149999618530273,31.549999237060547,28000,0.0,0.0
2020-09-15 00:00:00+08:00,31.649999618530273,31.799999237060547,31.600000381469727,31.649999618530273,12000,0.0,0.0
2020-09-16 00:00:00+08:00,31.899999618530273,32.099998474121094,31.649999618530273,31.649999618530273,11000,0.0,0.0
2020-09-17 00:00:00+08:00,31.700000762939453,32.150001525878906,31.700000762939453,31.850000381469727,19000,0.0,0.0
2020-09-18 00:00:00+08:00,32.0,32.150001525878906,31.899999618530273,32.099998474121094,6000,0.0,0.0
2020-09-21 00:00:00+08:00,32.150001525878906,32.150001525878906,31.399999618530273,31.399999618530273,20000,0.0,0.0
2020-09-22 00:00:00+08:00,31.200000762939453,31.200000762939453,30.799999237060547,31.100000381469727,9000,0.0,0.0
2020-09-23 00:00:00+08:00,31.100000381469727,31.100000381469727,30.549999237060547,30.549999237060547,19000,0.0,0.0
2020-09-24 00:00:00+08:00,30.549999237060547,30.549999237060547,29.25,29.399999618530273,44000,0.0,0.0
2020-09-25 00:00:00+08:00,29.399999618530273,29.600000381469727,28.100000381469727,28.799999237060547,55000,0.0,0.0
2020-09-28 00:00:00+08:00,30.0,30.0,29.049999237060547,30.0,16000,0.0,0.0
2020-09-29 00:00:00+08:00,30.299999237060547,30.5,29.799999237060547,30.200000762939453,6000,0.0,0.0
2020-09-30 00:00:00+08:00,30.0,30.0,30.0,30.0,2000,0.0,0.0
2020-10-05 00:00:00+08:00,30.0,30.100000381469727,30.0,30.100000381469727,3000,0.0,0.0
2020-10-06 00:00:00+08:00,30.100000381469727,30.649999618530273,30.049999237060547,30.549999237060547,18000,0.0,0.0
2020-10-07 00:00:00+08:00,30.149999618530273,30.299999237060547,30.149999618530273,30.25,6000,0.0,0.0
2020-10-08 00:00:00+08:00,30.25,30.25,30.149999618530273,30.149999618530273,4000,0.0,0.0
2020-10-12 00:00:00+08:00,30.149999618530273,30.149999618530273,29.600000381469727,30.0,24000,0.0,0.0
2020-10-13 00:00:00+08:00,29.799999237060547,30.0,29.799999237060547,30.0,3000,0.0,0.0
2020-10-14 00:00:00+08:00,29.799999237060547,30.149999618530273,29.649999618530273,30.149999618530273,15000,0.0,0.0
2020-10-15 00:00:00+08:00,29.5,30.0,29.5,29.899999618530273,5000,0.0,0.0
2020-10-16 00:00:00+08:00,29.899999618530273,29.899999618530273,29.899999618530273,29.899999618530273,0,0.0,0.0
2020-10-19 00:00:00+08:00,29.899999618530273,29.899999618530273,29.899999618530273,29.899999618530273,0,0.0,0.0
2020-10-20 00:00:00+08:00,29.850000381469727,29.850000381469727,29.850000381469727,29.850000381469727,2000,0.0,0.0
2020-10-21 00:00:00+08:00,29.850000381469727,29.850000381469727,29.149999618530273,29.149999618530273,11000,0.0,0.0
2020-10-22 00:00:00+08:00,29.149999618530273,29.700000762939453,29.149999618530273,29.700000762939453,10000,0.0,0.0
2020-10-23 00:00:00+08:00,29.350000381469727,29.799999237060547,29.350000381469727,29.799999237060547,16000,0.0,0.0
2020-10-26 00:00:00+08:00,29.399999618530273,29.799999237060547,28.950000762939453,29.799999237060547,13000,0.0,0.0
2020-10-27 00:00:00+08:00,29.799999237060547,29.799999237060547,29.350000381469727,29.799999237060547,11000,0.0,0.0
2020-10-28 00:00:00+08:00,29.799999237060547,29.799999237060547,29.0,29.700000762939453,23000,0.0,0.0
2020-10-29 00:00:00+08:00,31.0,31.0,29.850000381469727,30.350000381469727,16000,0.0,0.0
2020-10-30 00:00:00+08:00,29.399999618530273,30.200000762939453,29.399999618530273,30.200000762939453,3000,0.0,0.0
2020-11-02 00:00:00+08:00,30.299999237060547,30.299999237060547,29.799999237060547,30.100000381469727,10000,0.0,0.0
2020-11-03 00:00:00+08:00,30.200000762939453,30.200000762939453,30.0,30.0,5000,0.0,0.0
2020-11-04 00:00:00+08:00,30.0,30.0,30.0,30.0,0,0.0,0.0
2020-11-05 00:00:00+08:00,29.350000381469727,29.5,29.350000381469727,29.399999618530273,10000,0.0,0.0
2020-11-06 00:00:00+08:00,29.399999618530273,29.649999618530273,29.399999618530273,29.649999618530273,6000,0.0,0.0
2020-11-09 00:00:00+08:00,29.350000381469727,29.950000762939453,29.299999237060547,29.950000762939453,8000,0.0,0.0
2020-11-10 00:00:00+08:00,29.450000762939453,29.700000762939453,29.450000762939453,29.700000762939453,3000,0.0,0.0
2020-11-11 00:00:00+08:00,29.549999237060547,29.799999237060547,29.299999237060547,29.799999237060547,13000,0.0,0.0
2020-11-12 00:00:00+08:00,29.799999237060547,32.75,29.799999237060547,32.0,120000,0.0,0.0
2020-11-13 00:00:00+08:00,32.0,32.0,30.850000381469727,31.200000762939453,36000,0.0,0.0
2020-11-16 00:00:00+08:00,31.5,31.950000762939453,31.0,31.5,53000,0.0,0.0
2020-11-17 00:00:00+08:00,31.350000381469727,32.849998474121094,31.25,31.600000381469727,139000,0.0,0.0
2020-11-18 00:00:00+08:00,31.75,31.75,31.450000762939453,31.450000762939453,21000,0.0,0.0
2020-11-19 00:00:00+08:00,31.450000762939453,31.549999237060547,31.149999618530273,31.149999618530273,13000,0.0,0.0
2020-11-20 00:00:00+08:00,31.149999618530273,31.149999618530273,30.549999237060547,30.700000762939453,24000,0.0,0.0
2020-11-23 00:00:00+08:00,30.899999618530273,31.0,30.799999237060547,31.0,15000,0.0,0.0
2020-11-24 00:00:00+08:00,30.899999618530273,30.899999618530273,30.799999237060547,30.799999237060547,7000,0.0,0.0
2020-11-25 00:00:00+08:00,30.950000762939453,31.200000762939453,30.75,30.75,13000,0.0,0.0
2020-11-26 00:00:00+08:00,30.799999237060547,30.850000381469727,30.75,30.75,17000,0.0,0.0
2020-11-27 00:00:00+08:00,30.75,31.0,30.700000762939453,30.899999618530273,70000,0.0,0.0
2020-11-30 00:00:00+08:00,31.399999618530273,33.650001525878906,31.399999618530273,32.150001525878906,207000,0.0,0.0
2020-12-01 00:00:00+08:00,31.950000762939453,32.29999923706055,31.600000381469727,31.799999237060547,68000,0.0,0.0
2020-12-02 00:00:00+08:00,32.0,32.29999923706055,31.899999618530273,31.950000762939453,37000,0.0,0.0
2020-12-03 00:00:00+08:00,32.20000076293945,32.20000076293945,31.600000381469727,31.600000381469727,10000,0.0,0.0
2020-12-04 00:00:00+08:00,32.29999923706055,32.29999923706055,31.450000762939453,31.75,6000,0.0,0.0
2020-12-07 00:00:00+08:00,31.850000381469727,33.5,31.450000762939453,32.400001525878906,263000,0.0,0.0
2020-12-08 00:00:00+08:00,32.400001525878906,32.5,31.5,31.600000381469727,42000,0.0,0.0
2020-12-09 00:00:00+08:00,31.549999237060547,32.04999923706055,31.549999237060547,32.0,13000,0.0,0.0
2020-12-10 00:00:00+08:00,32.0,32.0,31.450000762939453,31.5,22000,0.0,0.0
2020-12-11 00:00:00+08:00,31.549999237060547,31.549999237060547,31.100000381469727,31.149999618530273,18000,0.0,0.0
2020-12-14 00:00:00+08:00,30.799999237060547,31.25,30.799999237060547,31.049999237060547,29000,0.0,0.0
2020-12-15 00:00:00+08:00,31.950000762939453,31.950000762939453,30.600000381469727,30.600000381469727,29000,0.0,0.0
2020-12-16 00:00:00+08:00,30.649999618530273,31.450000762939453,30.649999618530273,30.850000381469727,7000,0.0,0.0
2020-12-17 00:00:00+08:00,31.5,31.5,30.850000381469727,30.850000381469727,7000,0.0,0.0
2020-12-18 00:00:00+08:00,30.799999237060547,30.799999237060547,30.100000381469727,30.100000381469727,18000,0.0,0.0
2020-12-21 00:00:00+08:00,30.100000381469727,31.200000762939453,29.850000381469727,29.850000381469727,30000,0.0,0.0
2020-12-22 00:00:00+08:00,30.0,30.200000762939453,29.700000762939453,29.700000762939453,21000,0.0,0.0
2020-12-23 00:00:00+08:00,29.649999618530273,30.0,28.600000381469727,30.0,21000,0.0,0.0
2020-12-24 00:00:00+08:00,29.799999237060547,30.149999618530273,28.850000381469727,29.950000762939453,14000,0.0,0.0
2020-12-25 00:00:00+08:00,30.049999237060547,30.049999237060547,29.649999618530273,30.0,6000,0.0,0.0
2020-12-28 00:00:00+08:00,30.0,30.0,29.649999618530273,29.899999618530273,15000,0.0,0.0
2020-12-29 00:00:00+08:00,30.0,30.0,29.5,29.5,27000,0.0,0.0
2020-12-30 00:00:00+08:00,29.5,29.799999237060547,29.399999618530273,29.799999237060547,15000,0.0,0.0
2020-12-31 00:00:00+08:00,29.549999237060547,29.799999237060547,29.149999618530273,29.799999237060547,32000,0.0,0.0
2021-01-04 00:00:00+08:00,29.5,29.700000762939453,29.350000381469727,29.399999618530273,43000,0.0,0.0
2021-01-05 00:00:00+08:00,29.799999237060547,29.799999237060547,29.299999237060547,29.350000381469727,34000,0.0,0.0
2021-01-06 00:00:00+08:00,29.5,29.700000762939453,29.0,29.700000762939453,35000,0.0,0.0
2021-01-07 00:00:00+08:00,30.0,31.0,30.0,30.350000381469727,42000,0.0,0.0
2021-01-08 00:00:00+08:00,30.600000381469727,30.850000381469727,29.850000381469727,30.149999618530273,68000,0.0,0.0
2021-01-11 00:00:00+08:00,29.899999618530273,30.700000762939453,29.700000762939453,29.700000762939453,72000,0.0,0.0
2021-01-12 00:00:00+08:00,29.75,31.0,29.75,29.799999237060547,76000,0.0,0.0
2021-01-13 00:00:00+08:00,29.75,30.0,29.75,29.899999618530273,9000,0.0,0.0
2021-01-14 00:00:00+08:00,29.899999618530273,31.299999237060547,29.899999618530273,30.200000762939453,93000,0.0,0.0
2021-01-15 00:00:00+08:00,30.149999618530273,30.149999618530273,30.0,30.0,5000,0.0,0.0
2021-01-18 00:00:00+08:00,30.0,30.0,29.950000762939453,30.0,24000,0.0,0.0
2021-01-19 00:00:00+08:00,30.700000762939453,30.950000762939453,29.950000762939453,30.0,65000,0.0,0.0
2021-01-20 00:00:00+08:00,29.850000381469727,29.850000381469727,29.0,29.299999237060547,37000,0.0,0.0
2021-01-21 00:00:00+08:00,29.200000762939453,29.5,28.299999237060547,29.5,25000,0.0,0.0
2021-01-22 00:00:00+08:00,29.0,29.5,28.299999237060547,29.5,35000,0.0,0.0
2021-01-25 00:00:00+08:00,29.399999618530273,30.149999618530273,29.0,29.5,100000,0.0,0.0
2021-01-26 00:00:00+08:00,29.100000381469727,29.899999618530273,29.0,29.850000381469727,36000,0.0,0.0
2021-01-27 00:00:00+08:00,29.700000762939453,30.049999237060547,29.399999618530273,29.450000762939453,7000,0.0,0.0
2021-01-28 00:00:00+08:00,29.850000381469727,29.850000381469727,29.049999237060547,29.649999618530273,65000,0.0,0.0
2021-01-29 00:00:00+08:00,29.850000381469727,30.049999237060547,29.0,29.049999237060547,43000,0.0,0.0
2021-02-01 00:00:00+08:00,29.0,29.399999618530273,28.600000381469727,29.049999237060547,48000,0.0,0.0
2021-02-02 00:00:00+08:00,29.049999237060547,29.5,28.799999237060547,29.5,38000,0.0,0.0
2021-02-03 00:00:00+08:00,29.5,29.850000381469727,29.0,29.799999237060547,63000,0.0,0.0
2021-02-04 00:00:00+08:00,29.5,29.75,29.5,29.75,3000,0.0,0.0
2021-02-05 00:00:00+08:00,29.899999618530273,30.600000381469727,28.600000381469727,29.25,76000,0.0,0.0
2021-02-17 00:00:00+08:00,29.950000762939453,29.950000762939453,29.350000381469727,29.799999237060547,23000,0.0,0.0
2021-02-18 00:00:00+08:00,29.850000381469727,30.299999237060547,29.75,30.0,42000,0.0,0.0
2021-02-19 00:00:00+08:00,29.700000762939453,31.0,29.700000762939453,30.75,26000,0.0,0.0
2021-02-22 00:00:00+08:00,30.399999618530273,31.200000762939453,30.399999618530273,30.799999237060547,36000,0.0,0.0
2021-02-23 00:00:00+08:00,30.850000381469727,30.950000762939453,30.299999237060547,30.5,24000,0.0,0.0
2021-02-24 00:00:00+08:00,30.5,30.5,30.200000762939453,30.200000762939453,21000,0.0,0.0
2021-02-25 00:00:00+08:00,30.799999237060547,30.799999237060547,30.200000762939453,30.25,16000,0.0,0.0
2021-02-26 00:00:00+08:00,30.25,30.850000381469727,30.200000762939453,30.25,24000,0.0,0.0
2021-03-02 00:00:00+08:00,30.200000762939453,30.299999237060547,30.049999237060547,30.049999237060547,23000,0.0,0.0
2021-03-03 00:00:00+08:00,30.100000381469727,30.200000762939453,30.100000381469727,30.100000381469727,17000,0.0,0.0
2021-03-04 00:00:00+08:00,30.75,30.75,30.200000762939453,30.25,14000,0.0,0.0
2021-03-05 00:00:00+08:00,30.149999618530273,30.149999618530273,29.850000381469727,29.850000381469727,13000,0.0,0.0
2021-03-08 00:00:00+08:00,30.049999237060547,30.299999237060547,30.0,30.25,11000,0.0,0.0
2021-03-09 00:00:00+08:00,30.299999237060547,30.549999237060547,30.0,30.0,20000,0.0,0.0
2021-03-10 00:00:00+08:00,30.0,30.0,29.899999618530273,30.0,8000,0.0,0.0
2021-03-11 00:00:00+08:00,30.0,30.899999618530273,30.0,30.0,81000,0.0,0.0
2021-03-12 00:00:00+08:00,30.149999618530273,30.5,30.0,30.100000381469727,27000,0.0,0.0
2021-03-15 00:00:00+08:00,30.549999237060547,30.549999237060547,29.5,29.600000381469727,112000,0.0,0.0
2021-03-16 00:00:00+08:00,29.649999618530273,30.399999618530273,29.600000381469727,30.149999618530273,28000,0.0,0.0
2021-03-17 00:00:00+08:00,30.0,30.149999618530273,29.799999237060547,30.149999618530273,7000,0.0,0.0
2021-03-18 00:00:00+08:00,30.049999237060547,30.100000381469727,30.049999237060547,30.049999237060547,23000,0.0,0.0
2021-03-19 00:00:00+08:00,30.200000762939453,31.0,30.049999237060547,30.299999237060547,80000,0.0,0.0
2021-03-22 00:00:00+08:00,30.5,30.950000762939453,29.649999618530273,29.950000762939453,73000,0.0,0.0
2021-03-23 00:00:00+08:00,29.950000762939453,30.0,29.899999618530273,30.0,9000,0.0,0.0
2021-03-24 00:00:00+08:00,30.0,30.0,29.5,29.700000762939453,12000,0.0,0.0
2021-03-25 00:00:00+08:00,30.0,30.0,29.549999237060547,29.75,23000,0.0,0.0
2021-03-26 00:00:00+08:00,29.549999237060547,29.850000381469727,29.399999618530273,29.600000381469727,34000,0.0,0.0
2021-03-29 00:00:00+08:00,29.5,29.850000381469727,29.450000762939453,29.450000762939453,9000,0.0,0.0
2021-03-30 00:00:00+08:00,29.450000762939453,30.049999237060547,29.299999237060547,29.549999237060547,72000,0.0,0.0
2021-03-31 00:00:00+08:00,29.450000762939453,30.0,29.399999618530273,29.399999618530273,23000,0.0,0.0
2021-04-01 00:00:00+08:00,29.450000762939453,29.700000762939453,29.350000381469727,29.5,13000,0.0,0.0
2021-04-07 00:00:00+08:00,29.5,29.899999618530273,29.450000762939453,29.700000762939453,51000,0.0,0.0
2021-04-08 00:00:00+08:00,30.25,30.25,29.700000762939453,29.850000381469727,23000,0.0,0.0
2021-04-09 00:00:00+08:00,30.100000381469727,30.200000762939453,29.899999618530273,30.100000381469727,65000,0.0,0.0
2021-04-12 00:00:00+08:00,30.100000381469727,30.600000381469727,30.0,30.0,50000,0.0,0.0
2021-04-13 00:00:00+08:00,30.149999618530273,31.100000381469727,29.950000762939453,30.200000762939453,158000,0.0,0.0
2021-04-14 00:00:00+08:00,30.299999237060547,30.299999237060547,29.799999237060547,30.0,23000,0.0,0.0
2021-04-15 00:00:00+08:00,30.5,30.75,29.75,29.850000381469727,74000,0.0,0.0
2021-04-16 00:00:00+08:00,30.0,30.350000381469727,29.899999618530273,30.049999237060547,41000,0.0,0.0
2021-04-19 00:00:00+08:00,30.100000381469727,30.149999618530273,29.850000381469727,29.899999618530273,57000,0.0,0.0
2021-04-20 00:00:00+08:00,29.899999618530273,30.149999618530273,29.899999618530273,29.950000762939453,29000,0.0,0.0
2021-04-21 00:00:00+08:00,29.950000762939453,30.700000762939453,29.799999237060547,30.100000381469727,65000,0.0,0.0
2021-04-22 00:00:00+08:00,30.100000381469727,30.100000381469727,29.700000762939453,29.799999237060547,29000,0.0,0.0
2021-04-23 00:00:00+08:00,30.399999618530273,30.399999618530273,29.5,29.899999618530273,70000,0.0,0.0
2021-04-26 00:00:00+08:00,30.049999237060547,30.049999237060547,29.600000381469727,29.799999237060547,29000,0.0,0.0
2021-04-27 00:00:00+08:00,29.799999237060547,30.450000762939453,29.549999237060547,29.899999618530273,84000,0.0,0.0
2021-04-28 00:00:00+08:00,29.850000381469727,30.25,29.399999618530273,29.75,80000,0.0,0.0
2021-04-29 00:00:00+08:00,29.5,29.700000762939453,29.399999618530273,29.700000762939453,13000,0.0,0.0
2021-05-03 00:00:00+08:00,30.0,30.0,28.5,28.5,66000,0.0,0.0
2021-05-04 00:00:00+08:00,28.0,28.0,26.299999237060547,27.600000381469727,31000,0.0,0.0
2021-05-05 00:00:00+08:00,26.950000762939453,27.850000381469727,26.899999618530273,27.75,34000,0.0,0.0
2021-05-06 00:00:00+08:00,28.299999237060547,29.5,27.799999237060547,29.5,68000,0.0,0.0
2021-05-07 00:00:00+08:00,30.700000762939453,30.700000762939453,29.0,29.049999237060547,104000,0.0,0.0
2021-05-10 00:00:00+08:00,29.549999237060547,29.549999237060547,29.549999237060547,29.549999237060547,1000,0.0,0.0
2021-05-11 00:00:00+08:00,29.549999237060547,29.549999237060547,27.100000381469727,27.100000381469727,32000,0.0,0.0
2021-05-12 00:00:00+08:00,27.0,27.0,24.649999618530273,26.799999237060547,46000,0.0,0.0
2021-05-13 00:00:00+08:00,26.549999237060547,27.350000381469727,25.899999618530273,27.350000381469727,28000,0.0,0.0
2021-05-14 00:00:00+08:00,27.350000381469727,27.350000381469727,26.5,27.100000381469727,24000,0.0,0.0
2021-05-17 00:00:00+08:00,27.149999618530273,27.149999618530273,24.799999237060547,25.5,26000,0.0,0.0
2021-05-18 00:00:00+08:00,26.0,26.950000762939453,25.649999618530273,26.950000762939453,30000,0.0,0.0
2021-05-19 00:00:00+08:00,26.899999618530273,27.100000381469727,26.899999618530273,27.100000381469727,10000,0.0,0.0
2021-05-20 00:00:00+08:00,27.100000381469727,27.200000762939453,26.299999237060547,27.0,36000,0.0,0.0
2021-05-21 00:00:00+08:00,27.299999237060547,27.75,27.0,27.149999618530273,38000,0.0,0.0
2021-05-24 00:00:00+08:00,27.149999618530273,27.950000762939453,26.799999237060547,27.100000381469727,35000,0.0,0.0
2021-05-25 00:00:00+08:00,27.0,27.200000762939453,26.950000762939453,27.200000762939453,6000,0.0,0.0
2021-05-26 00:00:00+08:00,27.200000762939453,27.450000762939453,26.350000381469727,26.75,63000,0.0,0.0
2021-05-27 00:00:00+08:00,26.049999237060547,27.0,26.049999237060547,27.0,12000,0.0,0.0
2021-05-28 00:00:00+08:00,26.5,27.299999237060547,26.5,27.299999237060547,17000,0.0,0.0
2021-05-31 00:00:00+08:00,27.100000381469727,27.450000762939453,26.649999618530273,27.049999237060547,46000,0.0,0.0
2021-06-01 00:00:00+08:00,27.049999237060547,27.049999237060547,26.649999618530273,27.0,6000,0.0,0.0
2021-06-02 00:00:00+08:00,27.200000762939453,27.450000762939453,26.600000381469727,27.100000381469727,15000,0.0,0.0
2021-06-03 00:00:00+08:00,26.850000381469727,27.350000381469727,26.399999618530273,26.5,62000,0.0,0.0
2021-06-04 00:00:00+08:00,26.5,26.5,26.5,26.5,1000,0.0,0.0
2021-06-07 00:00:00+08:00,26.950000762939453,27.0,26.700000762939453,27.0,26000,0.0,0.0
2021-06-08 00:00:00+08:00,26.549999237060547,27.0,26.549999237060547,27.0,6000,0.0,0.0
2021-06-09 00:00:00+08:00,27.299999237060547,27.299999237060547,26.399999618530273,27.149999618530273,50000,0.0,0.0
2021-06-10 00:00:00+08:00,27.149999618530273,27.149999618530273,26.649999618530273,26.649999618530273,7000,0.0,0.0
2021-06-11 00:00:00+08:00,26.5,26.649999618530273,26.5,26.649999618530273,2000,0.0,0.0
2021-06-15 00:00:00+08:00,26.450000762939453,27.100000381469727,26.450000762939453,27.100000381469727,10000,0.0,0.0
2021-06-16 00:00:00+08:00,27.100000381469727,27.100000381469727,27.100000381469727,27.100000381469727,0,0.0,0.0
2021-06-17 00:00:00+08:00,26.950000762939453,27.899999618530273,26.950000762939453,27.200000762939453,50000,0.0,0.0
2021-06-18 00:00:00+08:00,26.75,29.700000762939453,26.299999237060547,29.700000762939453,129000,0.0,0.0
2021-06-21 00:00:00+08:00,30.0,30.5,29.149999618530273,29.700000762939453,305000,0.0,0.0
2021-06-22 00:00:00+08:00,29.700000762939453,29.700000762939453,28.600000381469727,28.850000381469727,58000,0.0,0.0
2021-06-23 00:00:00+08:00,28.899999618530273,29.0,27.799999237060547,27.799999237060547,86000,0.0,0.0
2021-06-24 00:00:00+08:00,28.049999237060547,28.049999237060547,27.100000381469727,27.5,59000,0.0,0.0
2021-06-25 00:00:00+08:00,27.5,27.850000381469727,27.200000762939453,27.850000381469727,26000,0.0,0.0
2021-06-28 00:00:00+08:00,27.450000762939453,28.899999618530273,27.350000381469727,28.899999618530273,34000,0.0,0.0
2021-06-29 00:00:00+08:00,28.25,28.25,27.850000381469727,28.0,22000,0.0,0.0
2021-06-30 00:00:00+08:00,28.0,29.399999618530273,27.899999618530273,29.399999618530273,52000,0.0,0.0
2021-07-01 00:00:00+08:00,28.399999618530273,29.450000762939453,28.200000762939453,29.450000762939453,53000,0.0,0.0
2021-07-02 00:00:00+08:00,28.850000381469727,29.399999618530273,28.850000381469727,29.200000762939453,16000,0.0,0.0
2021-07-05 00:00:00+08:00,28.799999237060547,29.5,28.350000381469727,29.200000762939453,100000,0.0,0.0
2021-07-06 00:00:00+08:00,28.700000762939453,29.0,28.649999618530273,29.0,13000,0.0,0.0
2021-07-07 00:00:00+08:00,28.799999237060547,29.350000381469727,28.600000381469727,29.350000381469727,17000,0.0,0.0
2021-07-08 00:00:00+08:00,28.850000381469727,29.100000381469727,28.850000381469727,29.100000381469727,4000,0.0,0.0
2021-07-09 00:00:00+08:00,29.0,29.5,29.0,29.5,12000,0.0,0.0
2021-07-12 00:00:00+08:00,29.0,29.0,27.799999237060547,27.799999237060547,81000,0.0,0.0
2021-07-13 00:00:00+08:00,28.0,28.0,27.0,27.200000762939453,34000,0.0,0.0
2021-07-14 00:00:00+08:00,27.600000381469727,27.600000381469727,27.200000762939453,27.5,16000,0.0,0.0
2021-07-15 00:00:00+08:00,27.299999237060547,27.75,27.299999237060547,27.75,12000,0.0,0.0
2021-07-16 00:00:00+08:00,27.450000762939453,27.450000762939453,27.399999618530273,27.399999618530273,3000,0.0,0.0
2021-07-19 00:00:00+08:00,27.399999618530273,27.649999618530273,27.399999618530273,27.649999618530273,3000,0.0,0.0
2021-07-20 00:00:00+08:00,27.399999618530273,27.600000381469727,27.350000381469727,27.600000381469727,12000,0.0,0.0
2021-07-21 00:00:00+08:00,27.200000762939453,27.350000381469727,27.200000762939453,27.350000381469727,4000,0.0,0.0
2021-07-22 00:00:00+08:00,27.399999618530273,27.399999618530273,27.049999237060547,27.049999237060547,6000,0.0,0.0
2021-07-23 00:00:00+08:00,27.5,27.850000381469727,27.200000762939453,27.5,25000,0.0,0.0
2021-07-26 00:00:00+08:00,27.5,27.600000381469727,27.25,27.25,16000,0.0,0.0
2021-07-27 00:00:00+08:00,27.299999237060547,28.299999237060547,27.149999618530273,27.399999618530273,65000,0.0,0.0
2021-07-28 00:00:00+08:00,27.0,27.399999618530273,26.399999618530273,26.700000762939453,63000,0.0,0.0
2021-07-29 00:00:00+08:00,26.75,27.200000762939453,26.75,27.100000381469727,7000,0.0,0.0
2021-07-30 00:00:00+08:00,27.0,27.0,27.0,27.0,7000,0.0,0.0
2021-08-02 00:00:00+08:00,26.799999237060547,26.950000762939453,26.700000762939453,26.950000762939453,13000,0.0,0.0
2021-08-03 00:00:00+08:00,26.799999237060547,27.0,26.700000762939453,27.0,4000,0.0,0.0
2021-08-04 00:00:00+08:00,27.0,27.799999237060547,26.799999237060547,27.200000762939453,56000,0.0,0.0
2021-08-05 00:00:00+08:00,27.5,27.75,26.75,27.299999237060547,69000,0.0,0.0
2021-08-06 00:00:00+08:00,26.850000381469727,26.850000381469727,26.850000381469727,26.850000381469727,14000,0.0,0.0
2021-08-09 00:00:00+08:00,26.799999237060547,26.799999237060547,26.799999237060547,26.799999237060547,5000,0.0,0.0
2021-08-10 00:00:00+08:00,27.200000762939453,27.200000762939453,26.100000381469727,26.950000762939453,63000,0.0,0.0
2021-08-11 00:00:00+08:00,26.950000762939453,26.950000762939453,25.899999618530273,26.75,76000,0.0,0.0
2021-08-12 00:00:00+08:00,26.350000381469727,26.549999237060547,26.200000762939453,26.549999237060547,11000,0.0,0.0
2021-08-13 00:00:00+08:00,26.149999618530273,26.149999618530273,25.600000381469727,25.600000381469727,30000,0.0,0.0
2021-08-16 00:00:00+08:00,25.899999618530273,25.899999618530273,25.399999618530273,25.399999618530273,7000,0.0,0.0
2021-08-17 00:00:00+08:00,25.399999618530273,25.399999618530273,25.399999618530273,25.399999618530273,0,0.0,0.0
2021-08-18 00:00:00+08:00,25.799999237060547,25.799999237060547,25.799999237060547,25.799999237060547,2000,0.0,0.0
2021-08-19 00:00:00+08:00,25.0,25.0,24.049999237060547,24.049999237060547,37000,0.0,0.0
2021-08-20 00:00:00+08:00,24.5,24.5,23.850000381469727,23.850000381469727,11000,0.0,0.0
2021-08-23 00:00:00+08:00,24.600000381469727,24.600000381469727,24.600000381469727,24.600000381469727,1000,0.0,0.0
2021-08-24 00:00:00+08:00,24.299999237060547,24.299999237060547,24.299999237060547,24.299999237060547,1000,0.0,0.0
2021-08-25 00:00:00+08:00,24.299999237060547,24.850000381469727,24.0,24.549999237060547,61000,0.0,0.0
2021-08-26 00:00:00+08:00,24.600000381469727,24.600000381469727,24.549999237060547,24.600000381469727,13000,0.0,0.0
2021-08-27 00:00:00+08:00,24.700000762939453,24.700000762939453,24.700000762939453,24.700000762939453,1000,0.0,0.0
2021-08-30 00:00:00+08:00,24.700000762939453,24.700000762939453,24.700000762939453,24.700000762939453,0,0.0,0.0
2021-08-31 00:00:00+08:00,24.649999618530273,24.649999618530273,24.649999618530273,24.649999618530273,1000,0.0,0.0
2021-09-01 00:00:00+08:00,25.0,25.0,25.0,25.0,2000,0.0,0.0
2021-09-02 00:00:00+08:00,25.600000381469727,25.600000381469727,24.75,25.100000381469727,5000,0.0,0.0
2021-09-03 00:00:00+08:00,24.850000381469727,25.350000381469727,24.549999237060547,25.049999237060547,65000,0.0,0.0
2021-09-06 00:00:00+08:00,24.450000762939453,24.450000762939453,24.450000762939453,24.450000762939453,1000,0.0,0.0
2021-09-07 00:00:00+08:00,24.700000762939453,24.700000762939453,24.700000762939453,24.700000762939453,2000,0.0,0.0
2021-09-08 00:00:00+08:00,24.700000762939453,24.950000762939453,23.950000762939453,24.549999237060547,73000,0.0,0.0
2021-09-09 00:00:00+08:00,24.549999237060547,24.549999237060547,24.549999237060547,24.549999237060547,0,0.0,0.0
2021-09-10 00:00:00+08:00,24.299999237060547,24.799999237060547,23.899999618530273,24.0,52000,0.0,0.0
2021-09-13 00:00:00+08:00,24.100000381469727,24.600000381469727,23.950000762939453,24.600000381469727,27000,0.0,0.0
2021-09-14 00:00:00+08:00,24.799999237060547,25.0,24.25,24.450000762939453,81000,0.0,0.0
2021-09-15 00:00:00+08:00,24.350000381469727,24.799999237060547,24.0,24.049999237060547,86000,0.0,0.0
2021-09-16 00:00:00+08:00,24.049999237060547,24.25,23.799999237060547,24.25,9000,0.0,0.0
2021-09-17 00:00:00+08:00,24.100000381469727,24.299999237060547,24.100000381469727,24.200000762939453,14000,0.0,0.0
2021-09-22 00:00:00+08:00,24.200000762939453,24.200000762939453,23.399999618530273,23.950000762939453,66000,0.0,0.0
2021-09-23 00:00:00+08:00,24.149999618530273,24.799999237060547,24.149999618530273,24.799999237060547,21000,0.0,0.0
2021-09-24 00:00:00+08:00,25.399999618530273,25.399999618530273,24.399999618530273,25.0,15000,0.0,0.0
2021-09-27 00:00:00+08:00,24.25,24.950000762939453,24.25,24.950000762939453,12000,0.0,0.0
2021-09-28 00:00:00+08:00,24.899999618530273,24.950000762939453,24.899999618530273,24.899999618530273,6000,0.0,0.0
2021-09-29 00:00:00+08:00,24.700000762939453,24.700000762939453,24.700000762939453,24.700000762939453,1000,0.0,0.0
2021-09-30 00:00:00+08:00,24.950000762939453,25.0,24.950000762939453,25.0,5000,0.0,0.0
2021-10-01 00:00:00+08:00,25.0,26.549999237060547,24.450000762939453,25.399999618530273,36000,0.0,0.0
2021-10-04 00:00:00+08:00,24.649999618530273,25.450000762939453,24.649999618530273,25.450000762939453,9000,0.0,0.0
2021-10-05 00:00:00+08:00,25.399999618530273,26.399999618530273,25.399999618530273,26.399999618530273,28000,0.0,0.0
2021-10-06 00:00:00+08:00,26.350000381469727,26.75,25.850000381469727,25.899999618530273,71000,0.0,0.0
2021-10-07 00:00:00+08:00,25.799999237060547,27.0,25.25,26.649999618530273,111000,0.0,0.0
2021-10-08 00:00:00+08:00,26.100000381469727,26.700000762939453,26.100000381469727,26.350000381469727,33000,0.0,0.0
2021-10-12 00:00:00+08:00,25.899999618530273,25.899999618530273,25.399999618530273,25.399999618530273,34000,0.0,0.0
2021-10-13 00:00:00+08:00,25.799999237060547,25.950000762939453,24.950000762939453,24.950000762939453,109000,0.0,0.0
2021-10-14 00:00:00+08:00,25.5,25.5,24.899999618530273,25.25,9000,0.0,0.0
2021-10-15 00:00:00+08:00,25.75,25.75,25.75,25.75,8000,0.0,0.0
2021-10-18 00:00:00+08:00,25.75,25.75,25.75,25.75,0,0.0,0.0
2021-10-19 00:00:00+08:00,25.399999618530273,25.600000381469727,25.100000381469727,25.399999618530273,26000,0.0,0.0
2021-10-20 00:00:00+08:00,25.549999237060547,25.549999237060547,24.850000381469727,25.350000381469727,11000,0.0,0.0
2021-10-21 00:00:00+08:00,25.450000762939453,25.450000762939453,25.450000762939453,25.450000762939453,1000,0.0,0.0
2021-10-22 00:00:00+08:00,25.700000762939453,25.700000762939453,25.700000762939453,25.700000762939453,5000,0.0,0.0
2021-10-25 00:00:00+08:00,25.100000381469727,26.799999237060547,25.100000381469727,26.799999237060547,28000,0.0,0.0
2021-10-26 00:00:00+08:00,27.0,27.200000762939453,26.399999618530273,27.100000381469727,19000,0.0,0.0
2021-10-27 00:00:00+08:00,26.649999618530273,26.799999237060547,26.5,26.799999237060547,52000,0.0,0.0
2021-10-28 00:00:00+08:00,26.600000381469727,28.0,26.600000381469727,28.0,32000,0.0,0.0
2021-10-29 00:00:00+08:00,27.200000762939453,27.399999618530273,27.0,27.399999618530273,13000,0.0,0.0
2021-11-01 00:00:00+08:00,27.399999618530273,27.5,27.399999618530273,27.5,4000,0.0,0.0
2021-11-02 00:00:00+08:00,27.100000381469727,27.5,27.049999237060547,27.5,5000,0.0,0.0
2021-11-03 00:00:00+08:00,27.399999618530273,27.799999237060547,26.899999618530273,27.799999237060547,37000,0.0,0.0
2021-11-04 00:00:00+08:00,28.0,28.0,27.5,27.799999237060547,15000,0.0,0.0
2021-11-05 00:00:00+08:00,27.5,27.950000762939453,26.700000762939453,27.799999237060547,21000,0.0,0.0
2021-11-08 00:00:00+08:00,27.5,27.75,27.0,27.75,27000,0.0,0.0
2021-11-09 00:00:00+08:00,27.649999618530273,27.649999618530273,26.5,26.5,51000,0.0,0.0
2021-11-10 00:00:00+08:00,26.799999237060547,26.799999237060547,25.799999237060547,25.799999237060547,31000,0.0,0.0
2021-11-11 00:00:00+08:00,25.850000381469727,26.200000762939453,25.799999237060547,26.0,10000,0.0,0.0
2021-11-12 00:00:00+08:00,26.299999237060547,26.299999237060547,26.149999618530273,26.200000762939453,8000,0.0,0.0
2021-11-15 00:00:00+08:00,26.299999237060547,26.399999618530273,26.299999237060547,26.399999618530273,6000,0.0,0.0
2021-11-16 00:00:00+08:00,26.549999237060547,26.75,26.0,26.75,14000,0.0,0.0
2021-11-17 00:00:00+08:00,26.25,27.799999237060547,26.25,27.799999237060547,25000,0.0,0.0
2021-11-18 00:00:00+08:00,27.600000381469727,27.700000762939453,27.0,27.600000381469727,119000,0.0,0.0
2021-11-19 00:00:00+08:00,27.700000762939453,27.700000762939453,26.600000381469727,26.75,31000,0.0,0.0
2021-11-22 00:00:00+08:00,27.350000381469727,27.350000381469727,27.350000381469727,27.350000381469727,6000,0.0,0.0
2021-11-23 00:00:00+08:00,27.0,27.350000381469727,26.450000762939453,27.25,17000,0.0,0.0
2021-11-24 00:00:00+08:00,27.100000381469727,27.799999237060547,27.0,27.25,89000,0.0,0.0
2021-11-25 00:00:00+08:00,26.799999237060547,26.899999618530273,26.0,26.0,33000,0.0,0.0
2021-11-26 00:00:00+08:00,26.5,26.5,25.5,26.149999618530273,37000,0.0,0.0
2021-11-29 00:00:00+08:00,25.299999237060547,26.100000381469727,25.299999237060547,26.100000381469727,3000,0.0,0.0
2021-11-30 00:00:00+08:00,26.399999618530273,26.700000762939453,26.0,26.700000762939453,12000,0.0,0.0
2021-12-01 00:00:00+08:00,26.149999618530273,26.450000762939453,25.299999237060547,26.450000762939453,64000,0.0,0.0
2021-12-02 00:00:00+08:00,26.5,26.5,25.700000762939453,25.75,23000,0.0,0.0
2021-12-03 00:00:00+08:00,26.0,26.0,25.600000381469727,26.0,5000,0.0,0.0
2021-12-06 00:00:00+08:00,25.600000381469727,26.0,25.549999237060547,26.0,5000,0.0,0.0
2021-12-07 00:00:00+08:00,25.75,25.75,24.899999618530273,24.899999618530273,104000,0.0,0.0
2021-12-08 00:00:00+08:00,24.899999618530273,25.299999237060547,24.75,25.299999237060547,12000,0.0,0.0
2021-12-09 00:00:00+08:00,25.0,25.049999237060547,24.700000762939453,24.899999618530273,11000,0.0,0.0
2021-12-10 00:00:00+08:00,24.899999618530273,24.899999618530273,24.899999618530273,24.899999618530273,0,0.0,0.0
2021-12-13 00:00:00+08:00,24.75,24.850000381469727,24.5,24.799999237060547,22000,0.0,0.0
2021-12-14 00:00:00+08:00,24.399999618530273,24.549999237060547,24.399999618530273,24.399999618530273,9000,0.0,0.0
2021-12-15 00:00:00+08:00,24.299999237060547,24.399999618530273,24.299999237060547,24.399999618530273,5000,0.0,0.0
2021-12-16 00:00:00+08:00,24.450000762939453,24.5,24.25,24.399999618530273,14000,0.0,0.0
2021-12-17 00:00:00+08:00,24.700000762939453,24.700000762939453,24.350000381469727,24.450000762939453,9000,0.0,0.0
2021-12-20 00:00:00+08:00,25.200000762939453,25.200000762939453,24.799999237060547,24.799999237060547,3000,0.0,0.0
2021-12-21 00:00:00+08:00,24.950000762939453,25.0,24.799999237060547,25.0,5000,0.0,0.0
2021-12-22 00:00:00+08:00,25.100000381469727,25.100000381469727,24.049999237060547,24.549999237060547,23000,0.0,0.0
2021-12-23 00:00:00+08:00,24.649999618530273,24.950000762939453,24.649999618530273,24.950000762939453,6000,0.0,0.0
2021-12-24 00:00:00+08:00,24.899999618530273,25.0,24.899999618530273,25.0,3000,0.0,0.0
2021-12-27 00:00:00+08:00,24.600000381469727,25.100000381469727,24.600000381469727,25.100000381469727,8000,0.0,0.0
2021-12-28 00:00:00+08:00,25.100000381469727,25.100000381469727,25.100000381469727,25.100000381469727,2000,0.0,0.0
2021-12-29 00:00:00+08:00,25.299999237060547,25.299999237060547,24.700000762939453,25.200000762939453,10000,0.0,0.0
2021-12-30 00:00:00+08:00,25.5,25.5,25.049999237060547,25.350000381469727,8000,0.0,0.0
2022-01-03 00:00:00+08:00,25.700000762939453,25.700000762939453,25.0,25.0,8000,0.0,0.0
2022-01-04 00:00:00+08:00,25.0,25.399999618530273,24.75,24.950000762939453,10000,0.0,0.0
2022-01-05 00:00:00+08:00,24.549999237060547,25.299999237060547,24.549999237060547,25.299999237060547,6000,0.0,0.0
2022-01-06 00:00:00+08:00,24.75,25.149999618530273,24.75,25.149999618530273,4000,0.0,0.0
2022-01-07 00:00:00+08:00,24.850000381469727,24.850000381469727,24.799999237060547,24.799999237060547,13000,0.0,0.0
2022-01-10 00:00:00+08:00,24.600000381469727,24.799999237060547,24.5,24.799999237060547,17000,0.0,0.0
2022-01-11 00:00:00+08:00,25.149999618530273,25.149999618530273,25.149999618530273,25.149999618530273,4000,0.0,0.0
2022-01-12 00:00:00+08:00,24.75,25.200000762939453,24.75,25.049999237060547,6000,0.0,0.0
2022-01-13 00:00:00+08:00,25.200000762939453,25.200000762939453,25.200000762939453,25.200000762939453,3000,0.0,0.0
2022-01-14 00:00:00+08:00,24.799999237060547,25.100000381469727,24.600000381469727,25.100000381469727,5000,0.0,0.0
2022-01-17 00:00:00+08:00,25.25,25.25,25.25,25.25,5000,0.0,0.0
2022-01-18 00:00:00+08:00,25.25,25.25,25.25,25.25,2000,0.0,0.0
2022-01-19 00:00:00+08:00,24.799999237060547,24.950000762939453,24.799999237060547,24.950000762939453,6000,0.0,0.0
2022-01-20 00:00:00+08:00,25.100000381469727,25.100000381469727,25.100000381469727,25.100000381469727,3000,0.0,0.0
2022-01-21 00:00:00+08:00,25.100000381469727,25.100000381469727,24.649999618530273,24.75,28000,0.0,0.0
2022-01-24 00:00:00+08:00,24.700000762939453,24.700000762939453,24.200000762939453,24.649999618530273,5000,0.0,0.0
2022-01-25 00:00:00+08:00,24.399999618530273,24.850000381469727,24.200000762939453,24.850000381469727,6000,0.0,0.0
2022-01-26 00:00:00+08:00,24.350000381469727,24.850000381469727,24.350000381469727,24.850000381469727,15000,0.0,0.0
2022-02-07 00:00:00+08:00,25.200000762939453,25.799999237060547,24.600000381469727,24.850000381469727,40000,0.0,0.0
2022-02-08 00:00:00+08:00,24.850000381469727,25.049999237060547,24.850000381469727,25.049999237060547,9000,0.0,0.0
2022-02-09 00:00:00+08:00,25.399999618530273,25.399999618530273,25.049999237060547,25.299999237060547,15000,0.0,0.0
2022-02-10 00:00:00+08:00,25.299999237060547,25.299999237060547,25.0,25.299999237060547,18000,0.0,0.0
2022-02-11 00:00:00+08:00,25.200000762939453,25.799999237060547,25.100000381469727,25.799999237060547,78000,0.0,0.0
2022-02-14 00:00:00+08:00,25.549999237060547,25.549999237060547,24.899999618530273,25.25,63000,0.0,0.0
2022-02-15 00:00:00+08:00,25.25,25.25,25.149999618530273,25.149999618530273,7000,0.0,0.0
2022-02-16 00:00:00+08:00,25.399999618530273,25.399999618530273,25.049999237060547,25.299999237060547,9000,0.0,0.0
2022-02-17 00:00:00+08:00,25.100000381469727,25.399999618530273,25.100000381469727,25.200000762939453,6000,0.0,0.0
2022-02-18 00:00:00+08:00,25.0,25.049999237060547,24.899999618530273,24.899999618530273,6000,0.0,0.0
2022-02-21 00:00:00+08:00,25.450000762939453,25.450000762939453,25.450000762939453,25.450000762939453,2000,0.0,0.0
2022-02-22 00:00:00+08:00,24.850000381469727,25.299999237060547,24.850000381469727,25.299999237060547,6000,0.0,0.0
2022-02-23 00:00:00+08:00,25.399999618530273,25.5,25.399999618530273,25.5,16000,0.0,0.0
2022-02-24 00:00:00+08:00,25.200000762939453,25.450000762939453,24.950000762939453,25.200000762939453,22000,0.0,0.0
2022-02-25 00:00:00+08:00,25.200000762939453,25.200000762939453,25.200000762939453,25.200000762939453,0,0.0,0.0
2022-03-01 00:00:00+08:00,25.5,25.600000381469727,25.149999618530273,25.450000762939453,9000,0.0,0.0
2022-03-02 00:00:00+08:00,25.049999237060547,25.100000381469727,25.049999237060547,25.049999237060547,25000,0.0,0.0
2022-03-03 00:00:00+08:00,24.950000762939453,25.049999237060547,24.850000381469727,25.0,10000,0.0,0.0
2022-03-04 00:00:00+08:00,24.850000381469727,25.25,24.850000381469727,25.25,24000,0.0,0.0
2022-03-07 00:00:00+08:00,25.25,25.25,25.25,25.25,0,0.0,0.0
2022-03-08 00:00:00+08:00,25.25,25.299999237060547,24.700000762939453,25.0,19000,0.0,0.0
2022-03-09 00:00:00+08:00,25.25,25.25,25.25,25.25,2000,0.0,0.0
2022-03-10 00:00:00+08:00,25.100000381469727,25.25,24.799999237060547,25.200000762939453,13000,0.0,0.0
2022-03-11 00:00:00+08:00,25.0,25.0,25.0,25.0,1000,0.0,0.0
2022-03-14 00:00:00+08:00,25.0,25.0,24.799999237060547,25.0,4000,0.0,0.0
2022-03-15 00:00:00+08:00,24.700000762939453,24.950000762939453,24.700000762939453,24.950000762939453,4000,0.0,0.0
2022-03-16 00:00:00+08:00,24.799999237060547,24.799999237060547,24.700000762939453,24.700000762939453,8000,0.0,0.0
2022-03-17 00:00:00+08:00,24.899999618530273,24.899999618530273,24.899999618530273,24.899999618530273,2000,0.0,0.0
2022-03-18 00:00:00+08:00,25.049999237060547,25.049999237060547,25.049999237060547,25.049999237060547,2000,0.0,0.0
2022-03-21 00:00:00+08:00,25.100000381469727,25.100000381469727,24.899999618530273,25.100000381469727,14000,0.0,0.0
2022-03-22 00:00:00+08:00,25.100000381469727,25.100000381469727,25.100000381469727,25.100000381469727,0,0.0,0.0
2022-03-23 00:00:00+08:00,24.899999618530273,25.149999618530273,24.850000381469727,25.149999618530273,4000,0.0,0.0
2022-03-24 00:00:00+08:00,25.149999618530273,25.149999618530273,25.149999618530273,25.149999618530273,2000,0.0,0.0
2022-03-25 00:00:00+08:00,25.25,25.649999618530273,24.850000381469727,25.299999237060547,79000,0.0,0.0
2022-03-28 00:00:00+08:00,25.549999237060547,25.899999618530273,25.399999618530273,25.899999618530273,22000,0.0,0.0
2022-03-29 00:00:00+08:00,26.149999618530273,26.149999618530273,25.700000762939453,25.700000762939453,22000,0.0,0.0
2022-03-30 00:00:00+08:00,25.649999618530273,26.5,25.649999618530273,26.5,25000,0.0,0.0
2022-03-31 00:00:00+08:00,26.399999618530273,26.399999618530273,25.899999618530273,25.950000762939453,55000,0.0,0.0
2022-04-01 00:00:00+08:00,26.049999237060547,26.049999237060547,26.049999237060547,26.049999237060547,3000,0.0,0.0
2022-04-06 00:00:00+08:00,25.600000381469727,26.0,25.600000381469727,26.0,15000,0.0,0.0
2022-04-07 00:00:00+08:00,25.75,26.200000762939453,25.649999618530273,26.200000762939453,8000,0.0,0.0
2022-04-08 00:00:00+08:00,26.149999618530273,26.149999618530273,26.100000381469727,26.100000381469727,5000,0.0,0.0
2022-04-11 00:00:00+08:00,26.0,26.049999237060547,26.0,26.049999237060547,7000,0.0,0.0
2022-04-12 00:00:00+08:00,25.649999618530273,25.649999618530273,25.350000381469727,25.350000381469727,8000,0.0,0.0
2022-04-13 00:00:00+08:00,25.399999618530273,26.5,25.299999237060547,26.149999618530273,42000,0.0,0.0
2022-04-14 00:00:00+08:00,26.0,26.049999237060547,25.600000381469727,26.049999237060547,8000,0.0,0.0
2022-04-15 00:00:00+08:00,26.350000381469727,26.350000381469727,26.350000381469727,26.350000381469727,2000,0.0,0.0
2022-04-18 00:00:00+08:00,26.350000381469727,26.350000381469727,25.899999618530273,26.0,8000,0.0,0.0
2022-04-19 00:00:00+08:00,26.200000762939453,26.200000762939453,25.75,26.100000381469727,34000,0.0,0.0
2022-04-20 00:00:00+08:00,26.100000381469727,26.100000381469727,26.100000381469727,26.100000381469727,0,0.0,0.0
2022-04-21 00:00:00+08:00,25.899999618530273,26.350000381469727,25.899999618530273,26.299999237060547,18000,0.0,0.0
2022-04-22 00:00:00+08:00,26.350000381469727,26.799999237060547,26.299999237060547,26.600000381469727,26000,0.0,0.0
2022-04-25 00:00:00+08:00,26.299999237060547,26.299999237060547,25.649999618530273,26.100000381469727,4000,0.0,0.0
2022-04-26 00:00:00+08:00,25.950000762939453,26.0,25.950000762939453,26.0,2000,0.0,0.0
2022-04-27 00:00:00+08:00,25.100000381469727,25.200000762939453,25.049999237060547,25.049999237060547,14000,0.0,0.0
2022-04-28 00:00:00+08:00,25.0,25.049999237060547,24.899999618530273,25.049999237060547,12000,0.0,0.0
2022-04-29 00:00:00+08:00,24.950000762939453,25.399999618530273,24.899999618530273,25.399999618530273,11000,0.0,0.0
2022-05-03 00:00:00+08:00,25.399999618530273,25.700000762939453,25.399999618530273,25.549999237060547,3000,0.0,0.0
2022-05-04 00:00:00+08:00,25.549999237060547,25.549999237060547,25.549999237060547,25.549999237060547,0,0.0,0.0
2022-05-05 00:00:00+08:00,25.799999237060547,25.799999237060547,25.149999618530273,25.649999618530273,4000,0.0,0.0
2022-05-06 00:00:00+08:00,24.899999618530273,25.600000381469727,24.899999618530273,25.600000381469727,3000,0.0,0.0
2022-05-09 00:00:00+08:00,24.950000762939453,25.600000381469727,24.899999618530273,25.600000381469727,13000,0.0,0.0
2022-05-10 00:00:00+08:00,24.950000762939453,25.600000381469727,24.950000762939453,25.600000381469727,4000,0.0,0.0
2022-05-11 00:00:00+08:00,25.149999618530273,25.450000762939453,25.049999237060547,25.25,40000,0.0,0.0
2022-05-12 00:00:00+08:00,24.899999618530273,25.049999237060547,24.600000381469727,25.049999237060547,8000,0.0,0.0
2022-05-13 00:00:00+08:00,24.899999618530273,25.299999237060547,24.899999618530273,25.299999237060547,3000,0.0,0.0
2022-05-16 00:00:00+08:00,25.100000381469727,25.299999237060547,25.100000381469727,25.25,4000,0.0,0.0
2022-05-17 00:00:00+08:00,25.600000381469727,25.600000381469727,25.0,25.0,7000,0.0,0.0
2022-05-18 00:00:00+08:00,25.200000762939453,25.200000762939453,25.200000762939453,25.200000762939453,1000,0.0,0.0
2022-05-19 00:00:00+08:00,25.200000762939453,25.350000381469727,25.200000762939453,25.350000381469727,3000,0.0,0.0
2022-05-20 00:00:00+08:00,25.350000381469727,25.350000381469727,25.100000381469727,25.25,12000,0.0,0.0
2022-05-23 00:00:00+08:00,25.100000381469727,25.149999618530273,25.0,25.100000381469727,9000,0.0,0.0
2022-05-24 00:00:00+08:00,24.899999618530273,24.950000762939453,24.799999237060547,24.950000762939453,8000,0.0,0.0
2022-05-25 00:00:00+08:00,25.049999237060547,25.049999237060547,25.049999237060547,25.049999237060547,1000,0.0,0.0
2022-05-26 00:00:00+08:00,25.100000381469727,25.200000762939453,24.950000762939453,24.950000762939453,5000,0.0,0.0
2022-05-27 00:00:00+08:00,25.200000762939453,25.299999237060547,25.0,25.299999237060547,19000,0.0,0.0
2022-05-30 00:00:00+08:00,25.299999237060547,25.299999237060547,24.950000762939453,25.149999618530273,11000,0.0,0.0
2022-05-31 00:00:00+08:00,25.100000381469727,25.149999618530273,25.100000381469727,25.149999618530273,7000,0.0,0.0
2022-06-01 00:00:00+08:00,25.149999618530273,25.399999618530273,25.0,25.399999618530273,11000,0.0,0.0
2022-06-02 00:00:00+08:00,25.350000381469727,25.350000381469727,25.350000381469727,25.350000381469727,1000,0.0,0.0
2022-06-06 00:00:00+08:00,25.600000381469727,25.600000381469727,25.149999618530273,25.450000762939453,16000,0.0,0.0
2022-06-07 00:00:00+08:00,25.25,25.350000381469727,25.200000762939453,25.350000381469727,4000,0.0,0.0
2022-06-08 00:00:00+08:00,25.25,25.25,25.200000762939453,25.200000762939453,7000,0.0,0.0
2022-06-09 00:00:00+08:00,25.049999237060547,25.25,24.899999618530273,24.899999618530273,9000,0.0,0.0
2022-06-10 00:00:00+08:00,24.899999618530273,24.950000762939453,24.799999237060547,24.950000762939453,19000,0.0,0.0
2022-06-13 00:00:00+08:00,24.700000762939453,25.149999618530273,24.649999618530273,25.149999618530273,8000,0.0,0.0
2022-06-14 00:00:00+08:00,24.799999237060547,25.0,24.75,25.0,8000,0.0,0.0
2022-06-15 00:00:00+08:00,24.850000381469727,24.850000381469727,24.799999237060547,24.799999237060547,4000,0.0,0.0
2022-06-16 00:00:00+08:00,24.850000381469727,24.950000762939453,24.700000762939453,24.700000762939453,21000,0.0,0.0
2022-06-17 00:00:00+08:00,24.200000762939453,24.399999618530273,24.200000762939453,24.399999618530273,2000,0.0,0.0
2022-06-20 00:00:00+08:00,24.700000762939453,24.700000762939453,24.149999618530273,24.350000381469727,12000,0.0,0.0
2022-06-21 00:00:00+08:00,24.25,24.25,24.0,24.0,23000,0.0,0.0
2022-06-22 00:00:00+08:00,24.0,24.0,23.799999237060547,23.799999237060547,5000,0.0,0.0
2022-06-23 00:00:00+08:00,23.899999618530273,24.399999618530273,23.850000381469727,24.25,15000,0.0,0.0
2022-06-24 00:00:00+08:00,24.049999237060547,24.549999237060547,23.799999237060547,24.549999237060547,19000,0.0,0.0
2022-06-27 00:00:00+08:00,24.5,24.5,24.399999618530273,24.399999618530273,3000,0.0,0.0
2022-06-28 00:00:00+08:00,24.100000381469727,24.5,24.049999237060547,24.5,8000,0.0,0.0
2022-06-29 00:00:00+08:00,24.450000762939453,24.450000762939453,24.450000762939453,24.450000762939453,1000,0.0,0.0
2022-06-30 00:00:00+08:00,24.450000762939453,24.700000762939453,24.450000762939453,24.549999237060547,20000,0.0,0.0
2022-07-01 00:00:00+08:00,24.200000762939453,25.0,23.899999618530273,24.450000762939453,58000,0.0,0.0
2022-07-04 00:00:00+08:00,24.0,24.100000381469727,23.399999618530273,23.75,28000,0.0,0.0
2022-07-05 00:00:00+08:00,23.950000762939453,23.950000762939453,23.200000762939453,23.850000381469727,17000,0.0,0.0
2022-07-06 00:00:00+08:00,23.399999618530273,23.799999237060547,22.899999618530273,23.799999237060547,27000,0.0,0.0
2022-07-07 00:00:00+08:00,23.350000381469727,23.549999237060547,23.200000762939453,23.549999237060547,11000,0.0,0.0
2022-07-08 00:00:00+08:00,23.25,23.25,23.149999618530273,23.149999618530273,11000,0.0,0.0
2022-07-11 00:00:00+08:00,22.799999237060547,23.350000381469727,21.950000762939453,23.350000381469727,84000,0.0,0.0
2022-07-12 00:00:00+08:00,23.399999618530273,23.399999618530273,22.399999618530273,23.299999237060547,10000,0.0,0.0
2022-07-13 00:00:00+08:00,23.299999237060547,23.549999237060547,23.299999237060547,23.549999237060547,3000,0.0,0.0
2022-07-14 00:00:00+08:00,23.549999237060547,23.700000762939453,23.549999237060547,23.700000762939453,2000,0.0,0.0
2022-07-15 00:00:00+08:00,23.5,23.5,23.200000762939453,23.450000762939453,6000,0.0,0.0
2022-07-18 00:00:00+08:00,23.200000762939453,23.200000762939453,23.200000762939453,23.200000762939453,1000,0.0,0.0
2022-07-19 00:00:00+08:00,23.200000762939453,23.899999618530273,23.200000762939453,23.899999618530273,17000,0.0,0.0
2022-07-20 00:00:00+08:00,23.600000381469727,24.200000762939453,23.399999618530273,24.200000762939453,109000,0.0,0.0
2022-07-21 00:00:00+08:00,24.200000762939453,24.200000762939453,24.200000762939453,24.200000762939453,4000,0.0,0.0
2022-07-22 00:00:00+08:00,23.700000762939453,23.899999618530273,23.600000381469727,23.899999618530273,12000,0.0,0.0
2022-07-25 00:00:00+08:00,23.899999618530273,23.899999618530273,23.899999618530273,23.899999618530273,0,0.0,0.0
2022-07-26 00:00:00+08:00,23.450000762939453,24.0,23.450000762939453,24.0,8000,0.0,0.0
2022-07-27 00:00:00+08:00,23.549999237060547,23.899999618530273,23.549999237060547,23.899999618530273,4000,0.0,0.0
2022-07-28 00:00:00+08:00,23.600000381469727,23.850000381469727,23.5,23.75,19000,0.0,0.0
2022-07-29 00:00:00+08:00,23.799999237060547,23.899999618530273,23.600000381469727,23.899999618530273,10000,0.0,0.0
2022-08-01 00:00:00+08:00,23.649999618530273,23.899999618530273,23.649999618530273,23.649999618530273,2000,0.0,0.0
2022-08-02 00:00:00+08:00,23.899999618530273,23.899999618530273,23.700000762939453,23.75,18000,0.0,0.0
2022-08-03 00:00:00+08:00,23.399999618530273,23.700000762939453,23.399999618530273,23.700000762939453,8000,0.0,0.0
2022-08-04 00:00:00+08:00,24.200000762939453,24.200000762939453,23.549999237060547,24.100000381469727,13000,0.0,0.0
2022-08-05 00:00:00+08:00,24.200000762939453,24.299999237060547,23.899999618530273,24.299999237060547,5000,0.0,0.0
2022-08-08 00:00:00+08:00,23.950000762939453,23.950000762939453,23.950000762939453,23.950000762939453,2000,0.0,0.0
2022-08-09 00:00:00+08:00,24.200000762939453,24.200000762939453,24.200000762939453,24.200000762939453,1000,0.0,0.0
2022-08-10 00:00:00+08:00,23.899999618530273,24.149999618530273,23.799999237060547,24.149999618530273,9000,0.0,0.0
2022-08-11 00:00:00+08:00,24.149999618530273,25.0,23.799999237060547,25.0,25000,0.0,0.0
2022-08-12 00:00:00+08:00,24.200000762939453,24.200000762939453,24.200000762939453,24.200000762939453,1000,0.0,0.0
2022-08-15 00:00:00+08:00,24.200000762939453,24.5,24.200000762939453,24.5,10000,0.0,0.0
2022-08-16 00:00:00+08:00,24.200000762939453,24.5,24.200000762939453,24.399999618530273,20000,0.0,0.0
2022-08-17 00:00:00+08:00,24.200000762939453,24.75,24.200000762939453,24.75,4000,0.0,0.0
2022-08-18 00:00:00+08:00,24.299999237060547,24.600000381469727,24.299999237060547,24.299999237060547,5000,0.0,0.0
2022-08-19 00:00:00+08:00,24.200000762939453,24.299999237060547,24.049999237060547,24.299999237060547,15000,0.0,0.0
2022-08-22 00:00:00+08:00,24.299999237060547,24.299999237060547,24.299999237060547,24.299999237060547,0,0.0,0.0
2022-08-23 00:00:00+08:00,24.149999618530273,25.0,24.149999618530273,24.600000381469727,56000,0.0,0.0
2022-08-24 00:00:00+08:00,24.549999237060547,24.549999237060547,24.200000762939453,24.549999237060547,10000,0.0,0.0
2022-08-25 00:00:00+08:00,24.799999237060547,24.799999237060547,24.200000762939453,24.399999618530273,21000,0.0,0.0
2022-08-26 00:00:00+08:00,24.399999618530273,24.399999618530273,24.299999237060547,24.299999237060547,601000,0.0,0.0
2022-08-29 00:00:00+08:00,24.299999237060547,24.299999237060547,24.0,24.0,502000,0.0,0.0
2022-08-30 00:00:00+08:00,24.399999618530273,24.700000762939453,24.399999618530273,24.399999618530273,8000,0.0,0.0
2022-08-31 00:00:00+08:00,24.399999618530273,24.600000381469727,24.200000762939453,24.600000381469727,8000,0.0,0.0
2022-09-01 00:00:00+08:00,24.549999237060547,24.549999237060547,24.149999618530273,24.149999618530273,1473000,0.0,0.0
2022-09-02 00:00:00+08:00,24.5,24.649999618530273,24.100000381469727,24.149999618530273,55000,0.0,0.0
2022-09-05 00:00:00+08:00,24.5,24.5,24.049999237060547,24.049999237060547,1509000,0.0,0.0
2022-09-06 00:00:00+08:00,24.399999618530273,26.450000762939453,24.100000381469727,26.450000762939453,466000,0.0,0.0
2022-09-07 00:00:00+08:00,26.700000762939453,28.350000381469727,26.5,27.450000762939453,3228000,0.0,0.0
2022-09-08 00:00:00+08:00,27.899999618530273,28.700000762939453,27.049999237060547,27.649999618530273,869000,0.0,0.0
2022-09-12 00:00:00+08:00,27.299999237060547,28.450000762939453,27.0,27.100000381469727,882000,0.0,0.0
2022-09-13 00:00:00+08:00,27.549999237060547,28.25,27.100000381469727,27.399999618530273,257000,0.0,0.0
2022-09-14 00:00:00+08:00,27.399999618530273,27.700000762939453,26.5,26.5,117000,0.0,0.0
2022-09-15 00:00:00+08:00,26.549999237060547,27.0,25.600000381469727,25.700000762939453,828000,0.0,0.0
2022-09-16 00:00:00+08:00,26.399999618530273,28.25,26.200000762939453,28.25,372000,0.0,0.0
2022-09-19 00:00:00+08:00,31.049999237060547,31.049999237060547,30.350000381469727,31.049999237060547,659000,0.0,0.0
2022-09-20 00:00:00+08:00,32.5,33.20000076293945,29.100000381469727,29.399999618530273,4241000,0.0,0.0
2022-09-21 00:00:00+08:00,29.200000762939453,32.29999923706055,29.0,32.29999923706055,1553000,0.0,0.0
2022-09-22 00:00:00+08:00,32.900001525878906,34.79999923706055,31.0,31.0,3829000,0.0,0.0
2022-09-23 00:00:00+08:00,31.149999618530273,31.75,27.899999618530273,27.899999618530273,1233000,0.0,0.0
2022-09-26 00:00:00+08:00,27.75,27.75,25.149999618530273,25.149999618530273,732000,0.0,0.0
2022-09-27 00:00:00+08:00,25.25,27.649999618530273,25.25,27.649999618530273,638000,0.0,0.0
2022-09-28 00:00:00+08:00,28.350000381469727,29.5,25.950000762939453,26.200000762939453,2647000,0.0,0.0
2022-09-29 00:00:00+08:00,26.649999618530273,28.5,26.549999237060547,27.100000381469727,917000,0.0,0.0
2022-09-30 00:00:00+08:00,26.799999237060547,28.049999237060547,26.200000762939453,27.299999237060547,530000,0.0,0.0
2022-10-03 00:00:00+08:00,27.299999237060547,27.850000381469727,26.350000381469727,26.700000762939453,238000,0.0,0.0
2022-10-04 00:00:00+08:00,27.5,29.350000381469727,27.450000762939453,29.350000381469727,586000,0.0,0.0
2022-10-05 00:00:00+08:00,29.350000381469727,31.200000762939453,28.5,28.5,1613000,0.0,0.0
2022-10-06 00:00:00+08:00,28.899999618530273,29.350000381469727,28.5,28.5,291000,0.0,0.0
2022-10-07 00:00:00+08:00,28.899999618530273,30.799999237060547,28.399999618530273,28.5,898000,0.0,0.0
2022-10-11 00:00:00+08:00,28.549999237060547,28.549999237060547,26.5,26.549999237060547,218000,0.0,0.0
2022-10-12 00:00:00+08:00,26.799999237060547,27.100000381469727,25.799999237060547,26.100000381469727,232000,0.0,0.0
2022-10-13 00:00:00+08:00,26.149999618530273,27.450000762939453,24.75,24.799999237060547,999000,0.0,0.0
2022-10-14 00:00:00+08:00,26.0,26.549999237060547,25.399999618530273,26.049999237060547,323000,0.0,0.0
2022-10-17 00:00:00+08:00,25.950000762939453,25.950000762939453,24.450000762939453,25.049999237060547,168000,0.0,0.0
2022-10-18 00:00:00+08:00,25.450000762939453,26.049999237060547,24.700000762939453,24.700000762939453,147000,0.0,0.0
2022-10-19 00:00:00+08:00,24.5,25.049999237060547,23.600000381469727,23.799999237060547,1400000,0.0,0.0
2022-10-20 00:00:00+08:00,24.299999237060547,26.149999618530273,24.299999237060547,26.149999618530273,590000,0.0,0.0
2022-10-21 00:00:00+08:00,26.649999618530273,28.5,26.049999237060547,26.299999237060547,3673000,0.0,0.0
2022-10-24 00:00:00+08:00,27.100000381469727,27.899999618530273,25.350000381469727,25.450000762939453,826000,0.0,0.0
2022-10-25 00:00:00+08:00,25.950000762939453,27.5,25.700000762939453,26.0,2200000,0.0,0.0
2022-10-26 00:00:00+08:00,27.100000381469727,28.600000381469727,26.899999618530273,28.600000381469727,890000,0.0,0.0
2022-10-27 00:00:00+08:00,30.399999618530273,30.899999618530273,28.850000381469727,29.799999237060547,3708000,0.0,0.0
2022-10-28 00:00:00+08:00,29.799999237060547,29.799999237060547,28.350000381469727,28.350000381469727,587000,0.0,0.0
2022-10-31 00:00:00+08:00,28.950000762939453,31.149999618530273,28.950000762939453,31.149999618530273,857000,0.0,0.0
2022-11-01 00:00:00+08:00,31.200000762939453,31.899999618530273,29.649999618530273,30.100000381469727,1543000,0.0,0.0
2022-11-02 00:00:00+08:00,30.350000381469727,33.0,29.950000762939453,30.149999618530273,1727000,0.0,0.0
2022-11-03 00:00:00+08:00,29.549999237060547,30.200000762939453,29.100000381469727,29.299999237060547,599000,0.0,0.0
2022-11-04 00:00:00+08:00,29.25,31.049999237060547,28.549999237060547,30.75,1049000,0.0,0.0
2022-11-07 00:00:00+08:00,31.299999237060547,31.799999237060547,30.149999618530273,30.5,793000,0.0,0.0
2022-11-08 00:00:00+08:00,30.299999237060547,31.0,29.100000381469727,29.399999618530273,557000,0.0,0.0
2022-11-09 00:00:00+08:00,29.799999237060547,29.799999237060547,29.049999237060547,29.25,226000,0.0,0.0
2022-11-10 00:00:00+08:00,29.25,30.75,29.149999618530273,29.299999237060547,358000,0.0,0.0
2022-11-11 00:00:00+08:00,29.899999618530273,30.5,28.450000762939453,28.450000762939453,260000,0.0,0.0
2022-11-14 00:00:00+08:00,29.350000381469727,29.350000381469727,28.0,28.200000762939453,222000,0.0,0.0
2022-11-15 00:00:00+08:00,27.600000381469727,28.5,27.049999237060547,28.200000762939453,408000,0.0,0.0
2022-11-16 00:00:00+08:00,28.200000762939453,28.200000762939453,27.350000381469727,27.350000381469727,181000,0.0,0.0
2022-11-17 00:00:00+08:00,27.700000762939453,28.600000381469727,27.399999618530273,28.25,253000,0.0,0.0
2022-11-18 00:00:00+08:00,28.399999618530273,28.899999618530273,28.149999618530273,28.700000762939453,183000,0.0,0.0
2022-11-21 00:00:00+08:00,28.950000762939453,29.5,28.299999237060547,28.350000381469727,201000,0.0,0.0
2022-11-22 00:00:00+08:00,28.399999618530273,28.399999618530273,27.299999237060547,27.299999237060547,106000,0.0,0.0
2022-11-23 00:00:00+08:00,28.0,28.049999237060547,27.5,27.600000381469727,152000,0.0,0.0
2022-11-24 00:00:00+08:00,28.0,28.0,27.299999237060547,27.600000381469727,83000,0.0,0.0
2022-11-25 00:00:00+08:00,27.600000381469727,28.200000762939453,26.799999237060547,26.799999237060547,202000,0.0,0.0
2022-11-28 00:00:00+08:00,27.0,27.600000381469727,26.75,27.5,122000,0.0,0.0
2022-11-29 00:00:00+08:00,27.399999618530273,27.799999237060547,27.0,27.200000762939453,133000,0.0,0.0
2022-11-30 00:00:00+08:00,27.399999618530273,27.700000762939453,27.200000762939453,27.649999618530273,108000,0.0,0.0
2022-12-01 00:00:00+08:00,28.0,28.450000762939453,27.399999618530273,27.450000762939453,187000,0.0,0.0
2022-12-02 00:00:00+08:00,27.450000762939453,28.0,27.25,27.950000762939453,141000,0.0,0.0
2022-12-05 00:00:00+08:00,28.5,29.399999618530273,28.149999618530273,28.200000762939453,577000,0.0,0.0
2022-12-06 00:00:00+08:00,28.049999237060547,28.5,27.5,27.799999237060547,231000,0.0,0.0
2022-12-07 00:00:00+08:00,28.0,30.149999618530273,28.0,29.0,1039000,0.0,0.0
2022-12-08 00:00:00+08:00,29.0,29.950000762939453,28.149999618530273,29.200000762939453,496000,0.0,0.0
2022-12-09 00:00:00+08:00,29.850000381469727,29.850000381469727,28.649999618530273,29.049999237060547,323000,0.0,0.0
2022-12-12 00:00:00+08:00,29.0,30.350000381469727,29.0,30.25,475000,0.0,0.0
2022-12-13 00:00:00+08:00,30.700000762939453,30.899999618530273,28.299999237060547,28.299999237060547,594000,0.0,0.0
2022-12-14 00:00:00+08:00,28.5,28.5,27.600000381469727,27.649999618530273,262000,0.0,0.0
2022-12-15 00:00:00+08:00,27.799999237060547,29.200000762939453,27.450000762939453,28.649999618530273,266000,0.0,0.0
2022-12-16 00:00:00+08:00,27.549999237060547,28.399999618530273,27.549999237060547,27.649999618530273,189000,0.0,0.0
2022-12-19 00:00:00+08:00,27.600000381469727,27.649999618530273,26.799999237060547,27.0,167000,0.0,0.0
2022-12-20 00:00:00+08:00,27.0,27.450000762939453,26.350000381469727,26.350000381469727,169000,0.0,0.0
2022-12-21 00:00:00+08:00,26.700000762939453,26.75,26.549999237060547,26.700000762939453,25000,0.0,0.0
2022-12-22 00:00:00+08:00,27.049999237060547,27.049999237060547,26.649999618530273,26.799999237060547,42000,0.0,0.0
2022-12-23 00:00:00+08:00,27.0,27.299999237060547,26.649999618530273,26.75,63000,0.0,0.0
2022-12-26 00:00:00+08:00,26.649999618530273,27.950000762939453,26.399999618530273,27.25,78000,0.0,0.0
2022-12-27 00:00:00+08:00,27.799999237060547,27.799999237060547,27.049999237060547,27.649999618530273,125000,0.0,0.0
2022-12-28 00:00:00+08:00,27.600000381469727,27.649999618530273,26.850000381469727,26.850000381469727,175000,0.0,0.0
2022-12-29 00:00:00+08:00,26.5,27.149999618530273,26.350000381469727,26.450000762939453,111000,0.0,0.0
2022-12-30 00:00:00+08:00,26.5,26.700000762939453,26.049999237060547,26.049999237060547,35000,0.0,0.0
2023-01-03 00:00:00+08:00,26.350000381469727,26.5,26.049999237060547,26.25,34000,0.0,0.0
2023-01-04 00:00:00+08:00,26.299999237060547,26.649999618530273,26.299999237060547,26.549999237060547,94000,0.0,0.0
2023-01-05 00:00:00+08:00,26.600000381469727,26.75,25.450000762939453,25.649999618530273,1574000,0.0,0.0
2023-01-06 00:00:00+08:00,26.399999618530273,28.200000762939453,26.399999618530273,28.200000762939453,766000,0.0,0.0
2023-01-09 00:00:00+08:00,29.100000381469727,30.950000762939453,27.450000762939453,27.549999237060547,4502000,0.0,0.0
2023-01-10 00:00:00+08:00,27.549999237060547,27.850000381469727,26.850000381469727,26.950000762939453,1852000,0.0,0.0
2023-01-11 00:00:00+08:00,28.299999237060547,29.399999618530273,26.5,26.5,2380000,0.0,0.0
2023-01-12 00:00:00+08:00,26.850000381469727,26.899999618530273,25.799999237060547,25.799999237060547,714000,0.0,0.0
2023-01-13 00:00:00+08:00,26.0,26.049999237060547,25.5,25.549999237060547,287000,0.0,0.0
2023-01-16 00:00:00+08:00,25.549999237060547,25.850000381469727,25.450000762939453,25.649999618530273,143000,0.0,0.0
2023-01-17 00:00:00+08:00,25.649999618530273,26.149999618530273,25.649999618530273,25.649999618530273,78000,0.0,0.0
2023-01-30 00:00:00+08:00,26.0,26.0,25.450000762939453,25.450000762939453,160000,0.0,0.0
2023-01-31 00:00:00+08:00,25.600000381469727,26.399999618530273,25.600000381469727,26.0,149000,0.0,0.0
2023-02-01 00:00:00+08:00,26.299999237060547,26.399999618530273,26.0,26.100000381469727,167000,0.0,0.0
2023-02-02 00:00:00+08:00,26.149999618530273,26.899999618530273,26.149999618530273,26.899999618530273,181000,0.0,0.0
2023-02-03 00:00:00+08:00,27.399999618530273,27.399999618530273,25.450000762939453,25.950000762939453,265000,0.0,0.0
2023-02-06 00:00:00+08:00,25.950000762939453,26.25,25.950000762939453,26.0,101000,0.0,0.0
2023-02-07 00:00:00+08:00,26.450000762939453,26.700000762939453,26.0,26.0,86000,0.0,0.0
2023-02-08 00:00:00+08:00,26.100000381469727,26.450000762939453,25.799999237060547,26.0,145000,0.0,0.0
2023-02-09 00:00:00+08:00,26.299999237060547,26.850000381469727,26.299999237060547,26.549999237060547,205000,0.0,0.0
2023-02-10 00:00:00+08:00,26.5,26.649999618530273,25.850000381469727,26.0,154000,0.0,0.0
2023-02-13 00:00:00+08:00,26.0,26.399999618530273,25.950000762939453,26.0,55000,0.0,0.0
2023-02-14 00:00:00+08:00,26.100000381469727,26.450000762939453,26.049999237060547,26.25,71000,0.0,0.0
2023-02-15 00:00:00+08:00,26.200000762939453,26.5,25.899999618530273,26.0,72000,0.0,0.0
2023-02-16 00:00:00+08:00,26.049999237060547,26.299999237060547,25.899999618530273,26.299999237060547,115000,0.0,0.0
2023-02-17 00:00:00+08:00,26.200000762939453,26.399999618530273,26.049999237060547,26.25,63000,0.0,0.0
2023-02-20 00:00:00+08:00,26.049999237060547,26.299999237060547,25.850000381469727,26.049999237060547,144000,0.0,0.0
2023-02-21 00:00:00+08:00,26.149999618530273,26.399999618530273,26.0,26.0,138000,0.0,0.0
2023-02-22 00:00:00+08:00,26.0,26.299999237060547,25.899999618530273,25.950000762939453,102000,0.0,0.0
2023-02-23 00:00:00+08:00,26.0,26.049999237060547,25.899999618530273,25.950000762939453,51000,0.0,0.0
2023-02-24 00:00:00+08:00,26.0,26.0,25.5,25.5,128000,0.0,0.0
2023-03-01 00:00:00+08:00,25.799999237060547,25.799999237060547,25.350000381469727,25.350000381469727,65000,0.0,0.0
2023-03-02 00:00:00+08:00,25.549999237060547,25.850000381469727,25.350000381469727,25.350000381469727,93000,0.0,0.0
2023-03-03 00:00:00+08:00,25.549999237060547,25.75,25.350000381469727,25.549999237060547,92000,0.0,0.0
2023-03-06 00:00:00+08:00,25.600000381469727,25.799999237060547,25.549999237060547,25.799999237060547,66000,0.0,0.0
2023-03-07 00:00:00+08:00,25.899999618530273,26.25,25.850000381469727,26.100000381469727,145000,0.0,0.0
2023-03-08 00:00:00+08:00,26.450000762939453,26.5,26.100000381469727,26.100000381469727,91000,0.0,0.0
2023-03-09 00:00:00+08:00,26.200000762939453,26.299999237060547,25.649999618530273,25.700000762939453,116000,0.0,0.0
2023-03-10 00:00:00+08:00,25.799999237060547,27.600000381469727,25.149999618530273,26.5,820000,0.0,0.0
2023-03-13 00:00:00+08:00,26.5,27.350000381469727,26.5,27.0,506000,0.0,0.0
2023-03-14 00:00:00+08:00,27.049999237060547,27.149999618530273,26.75,26.899999618530273,227000,0.0,0.0
2023-03-15 00:00:00+08:00,27.0,27.100000381469727,26.600000381469727,26.600000381469727,144000,0.0,0.0
2023-03-16 00:00:00+08:00,26.549999237060547,27.0,26.399999618530273,26.5,125000,0.0,0.0
2023-03-17 00:00:00+08:00,26.950000762939453,27.149999618530273,26.799999237060547,27.049999237060547,88000,0.0,0.0
2023-03-20 00:00:00+08:00,26.950000762939453,26.950000762939453,26.799999237060547,26.950000762939453,35000,0.0,0.0
2023-03-21 00:00:00+08:00,26.950000762939453,27.100000381469727,26.899999618530273,26.950000762939453,80000,0.0,0.0
2023-03-22 00:00:00+08:00,26.950000762939453,27.899999618530273,26.950000762939453,27.299999237060547,214000,0.0,0.0
2023-03-23 00:00:00+08:00,27.5,27.75,27.100000381469727,27.100000381469727,132000,0.0,0.0
2023-03-24 00:00:00+08:00,27.149999618530273,27.200000762939453,26.649999618530273,26.649999618530273,115000,0.0,0.0
2023-03-27 00:00:00+08:00,26.899999618530273,28.950000762939453,26.75,28.200000762939453,365000,0.0,0.0
2023-03-28 00:00:00+08:00,28.649999618530273,28.899999618530273,27.200000762939453,27.200000762939453,308000,0.0,0.0
2023-03-29 00:00:00+08:00,27.350000381469727,27.5,27.0,27.149999618530273,47000,0.0,0.0
2023-03-30 00:00:00+08:00,27.149999618530273,27.799999237060547,27.100000381469727,27.200000762939453,58000,0.0,0.0
2023-03-31 00:00:00+08:00,27.399999618530273,27.549999237060547,27.200000762939453,27.200000762939453,48000,0.0,0.0
2023-04-06 00:00:00+08:00,27.299999237060547,27.649999618530273,27.200000762939453,27.299999237060547,42000,0.0,0.0
2023-04-07 00:00:00+08:00,27.549999237060547,27.700000762939453,27.350000381469727,27.350000381469727,31000,0.0,0.0
2023-04-10 00:00:00+08:00,27.700000762939453,27.899999618530273,27.5,27.5,31000,0.0,0.0
2023-04-11 00:00:00+08:00,27.5,27.850000381469727,27.299999237060547,27.299999237060547,51000,0.0,0.0
2023-04-12 00:00:00+08:00,27.350000381469727,27.899999618530273,27.350000381469727,27.399999618530273,73000,0.0,0.0
2023-04-13 00:00:00+08:00,27.450000762939453,27.649999618530273,27.100000381469727,27.100000381469727,73000,0.0,0.0
2023-04-14 00:00:00+08:00,27.399999618530273,27.600000381469727,27.0,27.0,87000,0.0,0.0
2023-04-17 00:00:00+08:00,27.299999237060547,27.299999237060547,27.049999237060547,27.149999618530273,26000,0.0,0.0
2023-04-18 00:00:00+08:00,27.399999618530273,27.5,27.149999618530273,27.25,29000,0.0,0.0
2023-04-19 00:00:00+08:00,27.200000762939453,27.899999618530273,27.049999237060547,27.350000381469727,139000,0.0,0.0
2023-04-20 00:00:00+08:00,27.450000762939453,27.75,26.850000381469727,26.850000381469727,57000,0.0,0.0
2023-04-21 00:00:00+08:00,26.899999618530273,26.899999618530273,26.649999618530273,26.799999237060547,55000,0.0,0.0
2023-04-24 00:00:00+08:00,26.799999237060547,27.200000762939453,26.799999237060547,27.200000762939453,23000,0.0,0.0
2023-04-25 00:00:00+08:00,27.200000762939453,27.200000762939453,26.75,26.950000762939453,50000,0.0,0.0
2023-04-26 00:00:00+08:00,26.899999618530273,27.100000381469727,26.600000381469727,26.600000381469727,46000,0.0,0.0
2023-04-27 00:00:00+08:00,27.049999237060547,27.600000381469727,26.899999618530273,26.799999237060547,24000,0.0,0.0
2023-04-28 00:00:00+08:00,27.200000762939453,27.200000762939453,27.049999237060547,27.100000381469727,17000,0.0,0.0
2023-05-02 00:00:00+08:00,27.0,27.350000381469727,27.0,27.049999237060547,38000,0.0,0.0
2023-05-03 00:00:00+08:00,26.950000762939453,27.700000762939453,26.950000762939453,27.450000762939453,50000,0.0,0.0
2023-05-04 00:00:00+08:00,27.399999618530273,27.950000762939453,27.0,27.850000381469727,89000,0.0,0.0
2023-05-05 00:00:00+08:00,27.899999618530273,28.100000381469727,27.399999618530273,27.549999237060547,59000,0.0,0.0
2023-05-08 00:00:00+08:00,27.700000762939453,28.0,27.149999618530273,27.5,81000,0.0,0.0
2023-05-09 00:00:00+08:00,27.450000762939453,27.950000762939453,26.850000381469727,27.25,79000,0.0,0.0
2023-05-10 00:00:00+08:00,27.5,27.850000381469727,26.899999618530273,27.399999618530273,75000,0.0,0.0
2023-05-11 00:00:00+08:00,27.399999618530273,27.600000381469727,26.700000762939453,26.700000762939453,70000,0.0,0.0
2023-05-12 00:00:00+08:00,27.149999618530273,27.799999237060547,26.950000762939453,27.049999237060547,120000,0.0,0.0
2023-05-15 00:00:00+08:00,27.049999237060547,27.25,26.799999237060547,27.25,46000,0.0,0.0
2023-05-16 00:00:00+08:00,27.399999618530273,27.649999618530273,27.100000381469727,27.5,39000,0.0,0.0
2023-05-17 00:00:00+08:00,27.450000762939453,27.799999237060547,27.299999237060547,27.649999618530273,28000,0.0,0.0
2023-05-18 00:00:00+08:00,27.350000381469727,27.350000381469727,26.75,27.350000381469727,87000,0.0,0.0
2023-05-19 00:00:00+08:00,27.399999618530273,28.299999237060547,27.200000762939453,27.649999618530273,196000,0.0,0.0
2023-05-22 00:00:00+08:00,27.600000381469727,27.850000381469727,27.299999237060547,27.850000381469727,43000,0.0,0.0
2023-05-23 00:00:00+08:00,28.0,28.200000762939453,27.75,28.149999618530273,104000,0.0,0.0
2023-05-24 00:00:00+08:00,28.049999237060547,28.299999237060547,27.899999618530273,27.950000762939453,69000,0.0,0.0
2023-05-25 00:00:00+08:00,27.950000762939453,30.700000762939453,27.950000762939453,30.700000762939453,682000,0.0,0.0
2023-05-26 00:00:00+08:00,32.70000076293945,33.75,31.049999237060547,33.75,2996000,0.0,0.0
2023-05-29 00:00:00+08:00,35.0,37.099998474121094,34.04999923706055,36.5,2267000,0.0,0.0
2023-05-30 00:00:00+08:00,36.20000076293945,36.20000076293945,34.04999923706055,35.75,989000,0.0,0.0
2023-05-31 00:00:00+08:00,36.29999923706055,38.900001525878906,35.349998474121094,38.900001525878906,1458000,0.0,0.0
2023-06-01 00:00:00+08:00,38.900001525878906,38.900001525878906,37.0,38.400001525878906,692000,0.0,0.0
2023-06-02 00:00:00+08:00,38.400001525878906,38.849998474121094,35.04999923706055,35.04999923706055,612000,0.0,0.0
2023-06-05 00:00:00+08:00,35.099998474121094,36.150001525878906,34.45000076293945,34.70000076293945,358000,0.0,0.0
2023-06-06 00:00:00+08:00,34.75,36.400001525878906,34.0,35.45000076293945,396000,0.0,0.0
2023-06-07 00:00:00+08:00,35.5,38.900001525878906,35.5,38.75,849000,0.0,0.0
2023-06-08 00:00:00+08:00,38.29999923706055,38.29999923706055,36.20000076293945,36.20000076293945,466000,0.0,0.0
2023-06-09 00:00:00+08:00,36.20000076293945,37.599998474121094,36.20000076293945,36.79999923706055,227000,0.0,0.0
2023-06-12 00:00:00+08:00,36.849998474121094,36.849998474121094,35.150001525878906,35.150001525878906,238000,0.0,0.0
2023-06-13 00:00:00+08:00,34.20000076293945,35.75,34.20000076293945,34.650001525878906,186000,0.0,0.0
2023-06-14 00:00:00+08:00,34.099998474121094,35.599998474121094,34.099998474121094,35.04999923706055,185000,0.0,0.0
2023-06-15 00:00:00+08:00,34.349998474121094,36.099998474121094,34.349998474121094,34.75,226000,0.0,0.0
2023-06-16 00:00:00+08:00,35.5,38.20000076293945,35.20000076293945,37.0,1140000,0.0,0.0
2023-06-19 00:00:00+08:00,36.79999923706055,36.95000076293945,35.5,36.5,290000,0.0,0.0
2023-06-20 00:00:00+08:00,36.75,36.75,35.400001525878906,35.400001525878906,260000,0.0,0.0
2023-06-21 00:00:00+08:00,35.95000076293945,38.900001525878906,35.95000076293945,38.900001525878906,834000,0.0,0.0
2023-06-26 00:00:00+08:00,41.0,42.75,40.0,42.75,2443000,0.0,0.0
2023-06-27 00:00:00+08:00,46.0,47.0,45.349998474121094,46.099998474121094,3732000,0.0,0.0
2023-06-28 00:00:00+08:00,45.25,49.599998474121094,45.0,45.45000076293945,2510000,0.0,0.0
2023-06-29 00:00:00+08:00,45.5,48.5,45.5,46.099998474121094,1375000,0.0,0.0
2023-06-30 00:00:00+08:00,46.150001525878906,46.900001525878906,45.04999923706055,46.349998474121094,643000,0.0,0.0
2023-07-03 00:00:00+08:00,48.0,50.900001525878906,46.650001525878906,50.900001525878906,3369000,0.0,0.0
2023-07-04 00:00:00+08:00,51.099998474121094,52.900001525878906,48.79999923706055,48.95000076293945,2460000,0.0,0.0
2023-07-05 00:00:00+08:00,48.95000076293945,49.599998474121094,46.400001525878906,46.900001525878906,1296000,0.0,0.0
2023-07-06 00:00:00+08:00,46.099998474121094,49.5,46.099998474121094,47.650001525878906,716000,0.0,0.0
2023-07-07 00:00:00+08:00,46.900001525878906,47.650001525878906,45.150001525878906,47.099998474121094,665000,0.0,0.0
2023-07-10 00:00:00+08:00,47.0,48.25,45.099998474121094,45.099998474121094,418000,0.0,0.0
2023-07-11 00:00:00+08:00,45.70000076293945,46.599998474121094,44.29999923706055,44.900001525878906,387000,0.0,0.0
2023-07-12 00:00:00+08:00,45.400001525878906,46.0,43.5,43.849998474121094,383000,0.0,0.0
2023-07-13 00:00:00+08:00,44.29999923706055,47.5,44.099998474121094,44.79999923706055,614000,0.0,0.0
2023-07-14 00:00:00+08:00,45.400001525878906,49.25,45.400001525878906,49.25,3420000,0.0,0.0
2023-07-17 00:00:00+08:00,48.79999923706055,52.900001525878906,46.70000076293945,50.099998474121094,4943000,0.0,0.0
2023-07-18 00:00:00+08:00,50.5,53.29999923706055,48.79999923706055,51.70000076293945,5692000,0.0,0.0
2023-07-19 00:00:00+08:00,51.29999923706055,51.70000076293945,46.54999923706055,46.54999923706055,1994000,0.0,0.0
2023-07-20 00:00:00+08:00,45.599998474121094,47.349998474121094,42.0,42.29999923706055,1889000,0.0,0.0
2023-07-21 00:00:00+08:00,42.599998474121094,45.599998474121094,42.29999923706055,42.79999923706055,2187000,0.0,0.0
2023-07-24 00:00:00+08:00,43.0,47.04999923706055,43.0,47.04999923706055,3508000,0.0,0.0
2023-07-25 00:00:00+08:00,47.099998474121094,51.0,46.650001525878906,46.650001525878906,6857000,0.0,0.0
2023-07-26 00:00:00+08:00,46.54999923706055,46.54999923706055,42.099998474121094,42.599998474121094,1938000,0.0,0.0
2023-07-27 00:00:00+08:00,43.20000076293945,44.5,42.04999923706055,42.04999923706055,888000,0.0,0.0
2023-07-28 00:00:00+08:00,41.70000076293945,41.70000076293945,39.900001525878906,40.0,1100000,0.0,0.0
2023-07-31 00:00:00+08:00,40.5,40.54999923706055,39.0,39.0,594000,0.0,0.0
2023-08-01 00:00:00+08:00,39.29999923706055,39.29999923706055,38.0,38.150001525878906,470000,0.0,0.0
2023-08-02 00:00:00+08:00,37.95000076293945,38.0,35.849998474121094,36.29999923706055,693000,0.0,0.0
2023-08-04 00:00:00+08:00,36.849998474121094,36.849998474121094,34.75,36.0,362000,0.0,0.0
2023-08-07 00:00:00+08:00,35.54999923706055,37.95000076293945,35.5,37.900001525878906,408000,0.0,0.0
2023-08-08 00:00:00+08:00,38.79999923706055,38.79999923706055,36.29999923706055,36.29999923706055,310000,0.0,0.0
2023-08-09 00:00:00+08:00,36.349998474121094,36.599998474121094,35.70000076293945,35.70000076293945,165000,0.0,0.0
2023-08-10 00:00:00+08:00,35.79999923706055,35.79999923706055,33.099998474121094,33.400001525878906,303000,0.0,0.0
2023-08-11 00:00:00+08:00,33.70000076293945,34.900001525878906,33.099998474121094,33.099998474121094,204000,0.0,0.0
2023-08-14 00:00:00+08:00,33.650001525878906,33.650001525878906,31.600000381469727,32.25,208000,0.0,0.0
2023-08-15 00:00:00+08:00,32.54999923706055,33.45000076293945,32.54999923706055,33.20000076293945,98000,0.0,0.0
2023-08-16 00:00:00+08:00,32.599998474121094,33.45000076293945,32.20000076293945,32.900001525878906,132000,0.0,0.0
2023-08-17 00:00:00+08:00,32.650001525878906,33.900001525878906,32.20000076293945,33.70000076293945,224000,0.0,0.0
2023-08-18 00:00:00+08:00,34.0,34.25,31.850000381469727,31.899999618530273,268000,0.0,0.0
2023-08-21 00:00:00+08:00,31.950000762939453,33.349998474121094,31.950000762939453,32.54999923706055,277000,0.0,0.0
2023-08-22 00:00:00+08:00,32.75,35.79999923706055,32.75,35.79999923706055,1184000,0.0,0.0
2023-08-23 00:00:00+08:00,35.849998474121094,35.849998474121094,34.349998474121094,34.5,902000,0.0,0.0
2023-08-24 00:00:00+08:00,34.25,36.79999923706055,34.25,35.54999923706055,855000,0.0,0.0
2023-08-25 00:00:00+08:00,35.29999923706055,35.29999923706055,34.599998474121094,34.79999923706055,189000,0.0,0.0
2023-08-28 00:00:00+08:00,35.70000076293945,35.79999923706055,32.95000076293945,32.95000076293945,211000,0.0,0.0
2023-08-29 00:00:00+08:00,33.099998474121094,34.54999923706055,33.099998474121094,33.70000076293945,151000,0.0,0.0
2023-08-30 00:00:00+08:00,34.70000076293945,34.70000076293945,33.900001525878906,34.04999923706055,160000,0.0,0.0
2023-08-31 00:00:00+08:00,34.599998474121094,34.599998474121094,33.75,34.5,234000,0.0,0.0
2023-09-01 00:00:00+08:00,34.5,35.20000076293945,34.04999923706055,34.20000076293945,211000,0.0,0.0
2023-09-04 00:00:00+08:00,34.45000076293945,35.20000076293945,33.20000076293945,33.650001525878906,221000,0.0,0.0
2023-09-05 00:00:00+08:00,33.900001525878906,35.29999923706055,33.849998474121094,34.650001525878906,269000,0.0,0.0
2023-09-06 00:00:00+08:00,34.45000076293945,35.099998474121094,34.20000076293945,34.599998474121094,135000,0.0,0.0
2023-09-07 00:00:00+08:00,34.349998474121094,34.599998474121094,34.20000076293945,34.20000076293945,62000,0.0,0.0
2023-09-08 00:00:00+08:00,34.20000076293945,34.20000076293945,33.099998474121094,33.150001525878906,139000,0.0,0.0
2023-09-11 00:00:00+08:00,33.54999923706055,33.849998474121094,30.850000381469727,30.850000381469727,328000,0.0,0.0
2023-09-12 00:00:00+08:00,31.100000381469727,31.549999237060547,30.850000381469727,31.399999618530273,111000,0.0,0.0
2023-09-13 00:00:00+08:00,31.399999618530273,31.649999618530273,31.0,31.0,62000,0.0,0.0
2023-09-14 00:00:00+08:00,31.25,32.20000076293945,31.25,32.04999923706055,102000,0.0,0.0
2023-09-15 00:00:00+08:00,32.29999923706055,32.29999923706055,31.5,31.5,64000,0.0,0.0
2023-09-18 00:00:00+08:00,31.200000762939453,31.850000381469727,30.899999618530273,31.299999237060547,59000,0.0,0.0
2023-09-19 00:00:00+08:00,31.649999618530273,31.700000762939453,30.0,30.299999237060547,120000,0.0,0.0
2023-09-20 00:00:00+08:00,30.049999237060547,30.600000381469727,30.0,30.0,90000,0.0,0.0
2023-09-21 00:00:00+08:00,30.0,30.649999618530273,29.549999237060547,30.399999618530273,115000,0.0,0.0
2023-09-22 00:00:00+08:00,30.450000762939453,31.950000762939453,30.25,31.649999618530273,100000,0.0,0.0
2023-09-25 00:00:00+08:00,31.649999618530273,31.799999237060547,31.600000381469727,31.600000381469727,32000,0.0,0.0
2023-09-26 00:00:00+08:00,31.799999237060547,32.400001525878906,31.350000381469727,31.350000381469727,89000,0.0,0.0
2023-09-27 00:00:00+08:00,31.299999237060547,31.5,30.75,30.799999237060547,44000,0.0,0.0
2023-09-28 00:00:00+08:00,31.149999618530273,32.04999923706055,31.100000381469727,31.25,98000,0.0,0.0
2023-10-02 00:00:00+08:00,32.25,33.349998474121094,31.5,32.5,249000,0.0,0.0
2023-10-03 00:00:00+08:00,32.54999923706055,32.79999923706055,31.899999618530273,32.25,110000,0.0,0.0
2023-10-04 00:00:00+08:00,32.20000076293945,32.5,31.950000762939453,32.45000076293945,32000,0.0,0.0
2023-10-05 00:00:00+08:00,32.45000076293945,33.5,32.25,32.45000076293945,131000,0.0,0.0
2023-10-06 00:00:00+08:00,32.45000076293945,32.599998474121094,32.25,32.25,61000,0.0,0.0
2023-10-11 00:00:00+08:00,32.45000076293945,32.45000076293945,30.75,30.75,81000,0.0,0.0
2023-10-12 00:00:00+08:00,30.75,31.049999237060547,30.450000762939453,30.649999618530273,79000,0.0,0.0
2023-10-13 00:00:00+08:00,30.700000762939453,30.700000762939453,30.299999237060547,30.350000381469727,51000,0.0,0.0
2023-10-16 00:00:00+08:00,30.200000762939453,30.299999237060547,30.0,30.149999618530273,46000,0.0,0.0
2023-10-17 00:00:00+08:00,30.149999618530273,30.399999618530273,29.850000381469727,29.850000381469727,68000,0.0,0.0
2023-10-18 00:00:00+08:00,29.649999618530273,29.649999618530273,29.100000381469727,29.100000381469727,103000,0.0,0.0
2023-10-19 00:00:00+08:00,29.049999237060547,29.100000381469727,28.5,28.5,74000,0.0,0.0
2023-10-20 00:00:00+08:00,28.5,28.5,27.649999618530273,28.200000762939453,51000,0.0,0.0
2023-10-23 00:00:00+08:00,29.149999618530273,29.200000762939453,28.700000762939453,28.700000762939453,28000,0.0,0.0
2023-10-24 00:00:00+08:00,28.549999237060547,29.299999237060547,28.5,29.299999237060547,40000,0.0,0.0
2023-10-25 00:00:00+08:00,29.399999618530273,29.799999237060547,29.350000381469727,29.399999618530273,22000,0.0,0.0
2023-10-26 00:00:00+08:00,29.049999237060547,29.399999618530273,29.049999237060547,29.049999237060547,19000,0.0,0.0
2023-10-27 00:00:00+08:00,29.25,30.049999237060547,28.850000381469727,28.850000381469727,35000,0.0,0.0
2023-10-30 00:00:00+08:00,29.049999237060547,29.299999237060547,29.0,29.100000381469727,15000,0.0,0.0
2023-10-31 00:00:00+08:00,29.5,29.75,28.5,28.5,57000,0.0,0.0
2023-11-01 00:00:00+08:00,28.799999237060547,28.799999237060547,28.549999237060547,28.700000762939453,27000,0.0,0.0
2023-11-02 00:00:00+08:00,28.950000762939453,29.5,28.600000381469727,28.700000762939453,101000,0.0,0.0
2023-11-03 00:00:00+08:00,28.899999618530273,29.299999237060547,28.850000381469727,29.0,21000,0.0,0.0
2023-11-06 00:00:00+08:00,29.399999618530273,31.5,29.399999618530273,30.799999237060547,185000,0.0,0.0
2023-11-07 00:00:00+08:00,30.799999237060547,30.799999237060547,30.049999237060547,30.350000381469727,37000,0.0,0.0
2023-11-08 00:00:00+08:00,31.450000762939453,31.450000762939453,30.549999237060547,30.549999237060547,61000,0.0,0.0
2023-11-09 00:00:00+08:00,31.399999618530273,31.450000762939453,30.25,30.549999237060547,48000,0.0,0.0
2023-11-10 00:00:00+08:00,30.549999237060547,31.399999618530273,30.5,30.75,35000,0.0,0.0
2023-11-13 00:00:00+08:00,30.600000381469727,30.600000381469727,29.450000762939453,29.799999237060547,51000,0.0,0.0
2023-11-14 00:00:00+08:00,29.649999618530273,29.799999237060547,29.649999618530273,29.799999237060547,11000,0.0,0.0
2023-11-15 00:00:00+08:00,30.0,30.0,29.649999618530273,29.649999618530273,24000,0.0,0.0
2023-11-16 00:00:00+08:00,30.399999618530273,30.399999618530273,29.350000381469727,29.549999237060547,22000,0.0,0.0
2023-11-17 00:00:00+08:00,29.600000381469727,30.25,29.450000762939453,29.799999237060547,32000,0.0,0.0
2023-11-20 00:00:00+08:00,29.799999237060547,30.0,29.600000381469727,30.0,20000,0.0,0.0
2023-11-21 00:00:00+08:00,30.049999237060547,30.700000762939453,29.899999618530273,30.350000381469727,65000,0.0,0.0
2023-11-22 00:00:00+08:00,30.399999618530273,30.399999618530273,30.0,30.049999237060547,37000,0.0,0.0
2023-11-23 00:00:00+08:00,30.399999618530273,30.450000762939453,29.850000381469727,29.850000381469727,49000,0.0,0.0
2023-11-24 00:00:00+08:00,30.100000381469727,30.149999618530273,29.899999618530273,29.899999618530273,23000,0.0,0.0
2023-11-27 00:00:00+08:00,30.399999618530273,30.399999618530273,29.799999237060547,29.799999237060547,26000,0.0,0.0
2023-11-28 00:00:00+08:00,29.850000381469727,30.0,29.850000381469727,29.850000381469727,23000,0.0,0.0
2023-11-29 00:00:00+08:00,29.950000762939453,30.200000762939453,29.850000381469727,30.0,37000,0.0,0.0
2023-11-30 00:00:00+08:00,30.100000381469727,30.100000381469727,29.950000762939453,30.0,26000,0.0,0.0
2023-12-01 00:00:00+08:00,31.049999237060547,33.0,30.399999618530273,33.0,357000,0.0,0.0
2023-12-04 00:00:00+08:00,35.349998474121094,36.29999923706055,34.29999923706055,36.29999923706055,1521000,0.0,0.0
2023-12-05 00:00:00+08:00,37.5,37.54999923706055,33.5,34.45000076293945,1114000,0.0,0.0
2023-12-06 00:00:00+08:00,34.75,34.75,34.25,34.650001525878906,177000,0.0,0.0
2023-12-07 00:00:00+08:00,34.95000076293945,35.599998474121094,32.79999923706055,32.79999923706055,272000,0.0,0.0
2023-12-08 00:00:00+08:00,33.20000076293945,33.45000076293945,33.04999923706055,33.099998474121094,134000,0.0,0.0
2023-12-11 00:00:00+08:00,33.099998474121094,33.099998474121094,31.649999618530273,32.0,206000,0.0,0.0
2023-12-12 00:00:00+08:00,32.099998474121094,32.45000076293945,32.099998474121094,32.349998474121094,51000,0.0,0.0
2023-12-13 00:00:00+08:00,32.70000076293945,32.70000076293945,32.0,32.04999923706055,59000,0.0,0.0
2023-12-14 00:00:00+08:00,32.70000076293945,32.70000076293945,31.399999618530273,31.75,91000,0.0,0.0
2023-12-15 00:00:00+08:00,31.75,32.29999923706055,31.200000762939453,31.200000762939453,72000,0.0,0.0
2023-12-18 00:00:00+08:00,31.100000381469727,31.549999237060547,31.100000381469727,31.5,42000,0.0,0.0
2023-12-19 00:00:00+08:00,31.5,32.150001525878906,31.25,32.150001525878906,29000,0.0,0.0
2023-12-20 00:00:00+08:00,32.54999923706055,32.650001525878906,32.150001525878906,32.5,32000,0.0,0.0
2023-12-21 00:00:00+08:00,32.599998474121094,32.599998474121094,31.600000381469727,31.600000381469727,30000,0.0,0.0
2023-12-22 00:00:00+08:00,31.700000762939453,32.150001525878906,31.649999618530273,31.850000381469727,49000,0.0,0.0
2023-12-25 00:00:00+08:00,32.400001525878906,32.400001525878906,31.399999618530273,32.04999923706055,33000,0.0,0.0
2023-12-26 00:00:00+08:00,32.20000076293945,32.650001525878906,31.799999237060547,31.799999237060547,52000,0.0,0.0
2023-12-27 00:00:00+08:00,31.799999237060547,31.850000381469727,31.5,31.600000381469727,34000,0.0,0.0
2023-12-28 00:00:00+08:00,31.600000381469727,31.850000381469727,31.450000762939453,31.649999618530273,27000,0.0,0.0
2023-12-29 00:00:00+08:00,31.549999237060547,31.600000381469727,31.450000762939453,31.450000762939453,28000,0.0,0.0
2024-01-02 00:00:00+08:00,31.600000381469727,31.600000381469727,31.25,31.549999237060547,15000,0.0,0.0
2024-01-03 00:00:00+08:00,31.549999237060547,33.349998474121094,31.399999618530273,32.25,118000,0.0,0.0
2024-01-04 00:00:00+08:00,32.25,33.04999923706055,31.950000762939453,32.70000076293945,168000,0.0,0.0
2024-01-05 00:00:00+08:00,32.95000076293945,33.900001525878906,31.799999237060547,31.799999237060547,276000,0.0,0.0
2024-01-08 00:00:00+08:00,31.799999237060547,32.70000076293945,31.600000381469727,32.349998474121094,153000,0.0,0.0
2024-01-09 00:00:00+08:00,32.75,32.79999923706055,31.600000381469727,32.20000076293945,190000,0.0,0.0
2024-01-10 00:00:00+08:00,31.75,31.950000762939453,30.850000381469727,31.899999618530273,127000,0.0,0.0
2024-01-11 00:00:00+08:00,32.0,32.20000076293945,31.5,31.950000762939453,89000,0.0,0.0
2024-01-12 00:00:00+08:00,31.950000762939453,32.54999923706055,31.450000762939453,31.600000381469727,152000,0.0,0.0
2024-01-15 00:00:00+08:00,31.75,32.599998474121094,31.5,32.5,173016,0.0,0.0
2024-01-16 00:00:00+08:00,32.5,35.75,32.099998474121094,35.75,1317000,0.0,0.0
2024-01-17 00:00:00+08:00,36.79999923706055,38.75,33.0,33.54999923706055,2740000,0.0,0.0
2024-01-18 00:00:00+08:00,33.599998474121094,33.900001525878906,32.29999923706055,32.45000076293945,351000,0.0,0.0
2024-01-19 00:00:00+08:00,33.099998474121094,35.650001525878906,33.0,35.650001525878906,491000,0.0,0.0
2024-01-22 00:00:00+08:00,39.20000076293945,39.20000076293945,38.70000076293945,39.20000076293945,914000,0.0,0.0
2024-01-23 00:00:00+08:00,41.79999923706055,42.79999923706055,39.20000076293945,39.400001525878906,4227000,0.0,0.0
2024-01-24 00:00:00+08:00,39.20000076293945,41.5,38.0,40.79999923706055,1651000,0.0,0.0
2024-01-25 00:00:00+08:00,41.20000076293945,41.900001525878906,38.900001525878906,39.70000076293945,955000,0.0,0.0
2024-01-26 00:00:00+08:00,39.70000076293945,39.70000076293945,36.900001525878906,37.20000076293945,572000,0.0,0.0
2024-01-29 00:00:00+08:00,36.70000076293945,36.900001525878906,35.900001525878906,35.95000076293945,341000,0.0,0.0
2024-01-30 00:00:00+08:00,35.95000076293945,39.5,35.95000076293945,39.5,587000,0.0,0.0
2024-01-31 00:00:00+08:00,40.099998474121094,42.45000076293945,40.0,40.25,3560000,0.0,0.0
2024-02-01 00:00:00+08:00,39.79999923706055,40.79999923706055,38.5,38.79999923706055,627000,0.0,0.0
2024-02-02 00:00:00+08:00,39.54999923706055,42.25,39.04999923706055,39.849998474121094,1815000,0.0,0.0
2024-02-05 00:00:00+08:00,39.849998474121094,41.79999923706055,39.54999923706055,40.20000076293945,1145000,0.0,0.0
2024-02-15 00:00:00+08:00,40.20000076293945,41.349998474121094,39.70000076293945,39.79999923706055,594000,0.0,0.0
2024-02-16 00:00:00+08:00,40.400001525878906,41.099998474121094,39.0,39.099998474121094,607000,0.0,0.0
2024-02-19 00:00:00+08:00,39.400001525878906,39.400001525878906,36.79999923706055,37.150001525878906,758000,0.0,0.0
2024-02-20 00:00:00+08:00,37.400001525878906,38.349998474121094,36.75,37.150001525878906,387000,0.0,0.0
2024-02-21 00:00:00+08:00,37.54999923706055,38.5,37.099998474121094,37.849998474121094,338000,0.0,0.0
2024-02-22 00:00:00+08:00,38.54999923706055,38.650001525878906,37.70000076293945,37.849998474121094,286000,0.0,0.0
2024-02-23 00:00:00+08:00,38.29999923706055,38.70000076293945,37.0,37.0,333000,0.0,0.0
2024-02-26 00:00:00+08:00,37.099998474121094,37.099998474121094,36.5,36.70000076293945,256000,0.0,0.0
2024-02-27 00:00:00+08:00,36.70000076293945,36.900001525878906,35.599998474121094,36.5,204000,0.0,0.0
2024-02-29 00:00:00+08:00,36.75,38.0,36.5,37.45000076293945,371000,0.0,0.0
2024-03-01 00:00:00+08:00,37.849998474121094,38.20000076293945,37.29999923706055,37.45000076293945,222000,0.0,0.0
2024-03-04 00:00:00+08:00,37.79999923706055,39.099998474121094,37.150001525878906,38.04999923706055,454000,0.0,0.0
2024-03-05 00:00:00+08:00,38.099998474121094,38.5,37.150001525878906,37.849998474121094,332000,0.0,0.0
2024-03-06 00:00:00+08:00,37.400001525878906,40.79999923706055,37.400001525878906,39.400001525878906,1212000,0.0,0.0
2024-03-07 00:00:00+08:00,39.400001525878906,40.70000076293945,37.79999923706055,37.900001525878906,579000,0.0,0.0
2024-03-08 00:00:00+08:00,37.54999923706055,37.79999923706055,36.150001525878906,36.54999923706055,390000,0.0,0.0
2024-03-11 00:00:00+08:00,36.5,37.70000076293945,36.5,37.650001525878906,157000,0.0,0.0
2024-03-12 00:00:00+08:00,38.54999923706055,40.75,38.150001525878906,39.04999923706055,1233000,0.0,0.0
2024-03-13 00:00:00+08:00,39.900001525878906,42.599998474121094,38.20000076293945,38.75,1497000,0.0,0.0
2024-03-14 00:00:00+08:00,39.04999923706055,39.599998474121094,37.0,38.5,489000,0.0,0.0
2024-03-15 00:00:00+08:00,39.54999923706055,40.650001525878906,38.099998474121094,38.099998474121094,916000,0.0,0.0
2024-03-18 00:00:00+08:00,38.099998474121094,38.099998474121094,38.099998474121094,38.099998474121094,0,0.0,0.0
2024-03-19 00:00:00+08:00,40.150001525878906,40.95000076293945,38.400001525878906,39.0,563000,0.0,0.0
2024-03-20 00:00:00+08:00,39.0,39.0,39.0,39.0,0,0.0,0.0
2024-03-21 00:00:00+08:00,38.79999923706055,39.20000076293945,38.0,38.400001525878906,366000,0.0,0.0
2024-03-22 00:00:00+08:00,38.5,38.70000076293945,37.599998474121094,37.650001525878906,301000,0.0,0.0
2024-03-25 00:00:00+08:00,37.650001525878906,37.650001525878906,37.650001525878906,37.650001525878906,0,0.0,0.0
2024-03-26 00:00:00+08:00,37.650001525878906,37.650001525878906,37.650001525878906,37.650001525878906,0,0.0,0.0
2024-03-27 00:00:00+08:00,36.70000076293945,37.099998474121094,36.599998474121094,36.849998474121094,148000,0.0,0.0
2024-03-28 00:00:00+08:00,37.20000076293945,37.70000076293945,36.5,36.70000076293945,171000,0.0,0.0
2024-03-29 00:00:00+08:00,37.400001525878906,37.70000076293945,36.79999923706055,36.900001525878906,221000,0.0,0.0
2024-04-01 00:00:00+08:00,37.54999923706055,39.0,37.54999923706055,38.20000076293945,408000,0.0,0.0
2024-04-02 00:00:00+08:00,38.25,39.650001525878906,38.099998474121094,38.400001525878906,356000,0.0,0.0
2024-04-03 00:00:00+08:00,38.45000076293945,38.45000076293945,37.599998474121094,37.650001525878906,187000,0.0,0.0
2024-04-08 00:00:00+08:00,37.70000076293945,38.400001525878906,37.150001525878906,37.400001525878906,242000,0.0,0.0
2024-04-09 00:00:00+08:00,37.95000076293945,40.29999923706055,37.5,39.349998474121094,750000,0.0,0.0
2024-04-10 00:00:00+08:00,40.20000076293945,40.5,37.79999923706055,38.099998474121094,838000,0.0,0.0
2024-04-11 00:00:00+08:00,38.29999923706055,38.900001525878906,37.79999923706055,38.849998474121094,279000,0.0,0.0
2024-04-12 00:00:00+08:00,39.45000076293945,39.45000076293945,38.04999923706055,38.650001525878906,419000,0.0,0.0
2024-04-15 00:00:00+08:00,39.5,39.5,37.400001525878906,37.70000076293945,351000,0.0,0.0
2024-04-16 00:00:00+08:00,37.70000076293945,37.849998474121094,36.79999923706055,36.79999923706055,234000,0.0,0.0
2024-04-17 00:00:00+08:00,37.349998474121094,38.54999923706055,36.79999923706055,38.0,233000,0.0,0.0
2024-04-18 00:00:00+08:00,38.150001525878906,38.900001525878906,38.0,38.599998474121094,332000,0.0,0.0
2024-04-19 00:00:00+08:00,38.75,39.20000076293945,36.599998474121094,37.150001525878906,287000,0.0,0.0
2024-04-22 00:00:00+08:00,38.0,38.0,36.45000076293945,36.5,399000,0.0,0.0
2024-04-23 00:00:00+08:00,37.099998474121094,37.25,36.099998474121094,36.650001525878906,302000,0.0,0.0
2024-04-24 00:00:00+08:00,37.0,38.5,37.0,38.0,390000,0.0,0.0
2024-04-25 00:00:00+08:00,37.599998474121094,37.95000076293945,36.95000076293945,37.099998474121094,161000,0.0,0.0
2024-04-26 00:00:00+08:00,37.70000076293945,38.75,37.150001525878906,38.400001525878906,451000,0.0,0.0
2024-04-29 00:00:00+08:00,41.70000076293945,41.900001525878906,38.650001525878906,38.75,759000,0.0,0.0
2024-04-30 00:00:00+08:00,38.5,38.900001525878906,37.5,38.0,202000,0.0,0.0
2024-05-02 00:00:00+08:00,37.75,39.25,37.599998474121094,38.849998474121094,514000,0.0,0.0
2024-05-03 00:00:00+08:00,39.29999923706055,39.54999923706055,37.75,37.75,320000,0.0,0.0
2024-05-06 00:00:00+08:00,38.150001525878906,38.599998474121094,36.79999923706055,36.79999923706055,325000,0.0,0.0
2024-05-07 00:00:00+08:00,37.29999923706055,38.150001525878906,36.70000076293945,38.099998474121094,408000,0.0,0.0
2024-05-08 00:00:00+08:00,38.45000076293945,38.45000076293945,37.400001525878906,37.599998474121094,222000,0.0,0.0
2024-05-09 00:00:00+08:00,38.0,38.5,37.400001525878906,37.900001525878906,224000,0.0,0.0
2024-05-10 00:00:00+08:00,38.099998474121094,38.349998474121094,37.0,37.0,221000,0.0,0.0
2024-05-13 00:00:00+08:00,37.45000076293945,37.599998474121094,36.45000076293945,36.5,203000,0.0,0.0
2024-05-14 00:00:00+08:00,36.95000076293945,37.400001525878906,36.20000076293945,37.400001525878906,239000,0.0,0.0
2024-05-15 00:00:00+08:00,37.5,37.54999923706055,36.400001525878906,36.400001525878906,203000,0.0,0.0
2024-05-16 00:00:00+08:00,36.75,37.04999923706055,36.25,36.54999923706055,196000,0.0,0.0
2024-05-17 00:00:00+08:00,36.75,37.0,36.5,36.54999923706055,93000,0.0,0.0
2024-05-20 00:00:00+08:00,37.04999923706055,37.04999923706055,36.5,36.5,87000,0.0,0.0
2024-05-21 00:00:00+08:00,36.650001525878906,38.0,36.599998474121094,37.54999923706055,199000,0.0,0.0
2024-05-22 00:00:00+08:00,37.900001525878906,38.20000076293945,37.599998474121094,37.650001525878906,147000,0.0,0.0
2024-05-23 00:00:00+08:00,38.04999923706055,38.099998474121094,37.150001525878906,37.150001525878906,106000,0.0,0.0
2024-05-24 00:00:00+08:00,36.849998474121094,37.45000076293945,36.849998474121094,37.25,31000,0.0,0.0
2024-05-27 00:00:00+08:00,37.54999923706055,37.599998474121094,37.04999923706055,37.04999923706055,70000,0.0,0.0
2024-05-28 00:00:00+08:00,37.29999923706055,38.150001525878906,37.29999923706055,37.599998474121094,165000,0.0,0.0
2024-05-29 00:00:00+08:00,38.0,40.0,37.5,38.599998474121094,451000,0.0,0.0
2024-05-30 00:00:00+08:00,38.400001525878906,40.099998474121094,38.25,38.45000076293945,289000,0.0,0.0
2024-05-31 00:00:00+08:00,39.04999923706055,41.099998474121094,39.0,39.54999923706055,679000,0.0,0.0
2024-06-03 00:00:00+08:00,40.0,40.45000076293945,38.54999923706055,38.849998474121094,642000,0.0,0.0
2024-06-04 00:00:00+08:00,39.29999923706055,39.45000076293945,37.20000076293945,37.20000076293945,423000,0.0,0.0
2024-06-05 00:00:00+08:00,37.650001525878906,38.150001525878906,37.150001525878906,37.29999923706055,110000,0.0,0.0
2024-06-06 00:00:00+08:00,37.95000076293945,38.099998474121094,36.849998474121094,36.849998474121094,234000,0.0,0.0
2024-06-07 00:00:00+08:00,37.5,37.849998474121094,37.150001525878906,37.54999923706055,93000,0.0,0.0
2024-06-11 00:00:00+08:00,37.54999923706055,38.099998474121094,37.29999923706055,37.45000076293945,58000,0.0,0.0
2024-06-12 00:00:00+08:00,37.900001525878906,37.900001525878906,36.29999923706055,36.5,223000,0.0,0.0
2024-06-13 00:00:00+08:00,36.79999923706055,37.599998474121094,36.5,36.79999923706055,108000,0.0,0.0
2024-06-14 00:00:00+08:00,36.70000076293945,36.70000076293945,36.400001525878906,36.45000076293945,83000,0.0,0.0
2024-06-17 00:00:00+08:00,36.5,36.75,36.400001525878906,36.45000076293945,47000,0.0,0.0
2024-06-18 00:00:00+08:00,36.75,36.75,35.54999923706055,35.849998474121094,119000,0.0,0.0
2024-06-19 00:00:00+08:00,35.849998474121094,35.849998474121094,35.650001525878906,35.70000076293945,59000,0.0,0.0
2024-06-20 00:00:00+08:00,35.70000076293945,36.29999923706055,35.70000076293945,36.04999923706055,59000,0.0,0.0
2024-06-21 00:00:00+08:00,36.04999923706055,36.29999923706055,36.0,36.0,32000,0.0,0.0
2024-06-24 00:00:00+08:00,36.0,36.0,34.349998474121094,34.349998474121094,193000,0.0,0.0
2024-06-25 00:00:00+08:00,34.29999923706055,34.29999923706055,33.25,33.70000076293945,100000,0.0,0.0
2024-06-26 00:00:00+08:00,34.20000076293945,34.599998474121094,33.79999923706055,34.29999923706055,68000,0.0,0.0
2024-06-27 00:00:00+08:00,34.25,34.25,33.70000076293945,33.70000076293945,71000,0.0,0.0
2024-06-28 00:00:00+08:00,33.79999923706055,34.29999923706055,33.79999923706055,34.0,33000,0.0,0.0
2024-07-01 00:00:00+08:00,34.349998474121094,34.75,34.349998474121094,34.5,44000,0.0,0.0
2024-07-02 00:00:00+08:00,34.54999923706055,34.54999923706055,34.04999923706055,34.099998474121094,41000,0.0,0.0
2024-07-03 00:00:00+08:00,34.650001525878906,34.849998474121094,34.349998474121094,34.349998474121094,32000,0.0,0.0
2024-07-04 00:00:00+08:00,34.599998474121094,34.849998474121094,34.5,34.599998474121094,53000,0.0,0.0
2024-07-05 00:00:00+08:00,34.95000076293945,35.849998474121094,34.599998474121094,35.349998474121094,316000,0.0,0.0
2024-07-08 00:00:00+08:00,36.0,37.20000076293945,35.95000076293945,36.25,175000,0.0,0.0
2024-07-09 00:00:00+08:00,36.25,36.25,34.70000076293945,35.04999923706055,80000,0.0,0.0
2024-07-10 00:00:00+08:00,35.04999923706055,35.5,34.79999923706055,35.29999923706055,34000,0.0,0.0
2024-07-11 00:00:00+08:00,35.599998474121094,35.599998474121094,34.900001525878906,34.900001525878906,41000,0.0,0.0
2024-07-12 00:00:00+08:00,34.70000076293945,34.70000076293945,34.150001525878906,34.349998474121094,31000,0.0,0.0
2024-07-15 00:00:00+08:00,34.29999923706055,34.29999923706055,33.95000076293945,34.0,43000,0.0,0.0
2024-07-16 00:00:00+08:00,34.0,34.400001525878906,33.95000076293945,34.099998474121094,27000,0.0,0.0
2024-07-17 00:00:00+08:00,34.75,35.0,34.5,34.599998474121094,59000,0.0,0.0
2024-07-18 00:00:00+08:00,34.75,34.900001525878906,34.04999923706055,34.04999923706055,35000,0.0,0.0
2024-07-19 00:00:00+08:00,34.5,34.5,33.5,33.599998474121094,33000,0.0,0.0
2024-07-22 00:00:00+08:00,33.400001525878906,33.400001525878906,31.5,31.75,56000,0.0,0.0
2024-07-23 00:00:00+08:00,32.04999923706055,32.599998474121094,32.04999923706055,32.04999923706055,35000,0.0,0.0
2024-07-26 00:00:00+08:00,32.150001525878906,32.150001525878906,31.149999618530273,31.950000762939453,11000,0.0,0.0
2024-07-29 00:00:00+08:00,32.04999923706055,32.04999923706055,30.950000762939453,31.100000381469727,34000,0.0,0.0
2024-07-30 00:00:00+08:00,31.100000381469727,31.149999618530273,30.600000381469727,31.149999618530273,24000,0.0,0.0
2024-07-31 00:00:00+08:00,31.299999237060547,31.799999237060547,31.049999237060547,31.049999237060547,23000,0.0,0.0
2024-08-01 00:00:00+08:00,32.0,32.29999923706055,32.0,32.20000076293945,21000,0.0,0.0
2024-08-02 00:00:00+08:00,31.950000762939453,32.29999923706055,31.5,31.5,38000,0.0,0.0
2024-08-05 00:00:00+08:00,31.0,31.0,28.350000381469727,28.350000381469727,96000,0.0,0.0
2024-08-06 00:00:00+08:00,29.850000381469727,29.850000381469727,25.950000762939453,27.899999618530273,86000,0.0,0.0
2024-08-07 00:00:00+08:00,29.149999618530273,30.649999618530273,28.799999237060547,30.149999618530273,65000,0.0,0.0
2024-08-08 00:00:00+08:00,30.149999618530273,30.5,30.049999237060547,30.350000381469727,16000,0.0,0.0
2024-08-09 00:00:00+08:00,30.700000762939453,31.5,30.700000762939453,31.25,22000,0.0,0.0
2024-08-12 00:00:00+08:00,31.399999618530273,31.700000762939453,31.399999618530273,31.399999618530273,7000,0.0,0.0
2024-08-13 00:00:00+08:00,31.350000381469727,32.5,30.299999237060547,32.0,68000,0.0,0.0
2024-08-14 00:00:00+08:00,31.799999237060547,31.799999237060547,31.450000762939453,31.450000762939453,17000,0.0,0.0
2024-08-15 00:00:00+08:00,31.200000762939453,31.899999618530273,31.200000762939453,31.399999618530273,11000,0.0,0.0
2024-08-16 00:00:00+08:00,31.5,31.5,31.399999618530273,31.450000762939453,17000,0.0,0.0
2024-08-19 00:00:00+08:00,31.600000381469727,31.75,31.399999618530273,31.399999618530273,6000,0.0,0.0
2024-08-20 00:00:00+08:00,31.75,32.099998474121094,31.75,31.799999237060547,24000,0.0,0.0
2024-08-21 00:00:00+08:00,32.0,32.20000076293945,31.649999618530273,31.649999618530273,16000,0.0,0.0
2024-08-22 00:00:00+08:00,31.600000381469727,31.600000381469727,31.149999618530273,31.149999618530273,14000,0.0,0.0
2024-08-23 00:00:00+08:00,31.149999618530273,31.450000762939453,30.950000762939453,31.450000762939453,27000,0.0,0.0
2024-08-26 00:00:00+08:00,31.299999237060547,31.899999618530273,31.299999237060547,31.850000381469727,28000,0.0,0.0
2024-08-27 00:00:00+08:00,31.700000762939453,32.04999923706055,31.700000762939453,31.950000762939453,21000,0.0,0.0
2024-08-28 00:00:00+08:00,31.950000762939453,32.0,31.75,32.0,5000,0.0,0.0
2024-08-29 00:00:00+08:00,31.799999237060547,32.20000076293945,31.799999237060547,31.950000762939453,12000,0.0,0.0
2024-08-30 00:00:00+08:00,32.0,32.5,32.0,32.20000076293945,40000,0.0,0.0
2024-09-02 00:00:00+08:00,32.20000076293945,32.25,32.0,32.04999923706055,12000,0.0,0.0
2024-09-03 00:00:00+08:00,31.950000762939453,31.950000762939453,31.399999618530273,31.399999618530273,23000,0.0,0.0
2024-09-04 00:00:00+08:00,30.399999618530273,30.899999618530273,30.350000381469727,30.700000762939453,29000,0.0,0.0
2024-09-05 00:00:00+08:00,31.350000381469727,31.350000381469727,30.299999237060547,30.399999618530273,27000,0.0,0.0
2024-09-06 00:00:00+08:00,30.850000381469727,31.450000762939453,30.0,31.200000762939453,51000,0.0,0.0
2024-09-09 00:00:00+08:00,30.450000762939453,31.25,30.450000762939453,30.799999237060547,9000,0.0,0.0
2024-09-10 00:00:00+08:00,30.850000381469727,31.0,30.649999618530273,30.649999618530273,16000,0.0,0.0
2024-09-11 00:00:00+08:00,30.5,30.899999618530273,30.5,30.850000381469727,9000,0.0,0.0
2024-09-12 00:00:00+08:00,30.899999618530273,30.899999618530273,30.549999237060547,30.549999237060547,13000,0.0,0.0
2024-09-13 00:00:00+08:00,30.549999237060547,30.950000762939453,30.549999237060547,30.799999237060547,5000,0.0,0.0
2024-09-16 00:00:00+08:00,31.200000762939453,31.450000762939453,31.200000762939453,31.399999618530273,9000,0.0,0.0
2024-09-18 00:00:00+08:00,31.399999618530273,34.5,31.399999618530273,34.5,277000,0.0,0.0
2024-09-19 00:00:00+08:00,35.349998474121094,35.79999923706055,33.599998474121094,34.0,350000,0.0,0.0
2024-09-20 00:00:00+08:00,35.0,35.0,33.25,33.25,90000,0.0,0.0
2024-09-23 00:00:00+08:00,33.29999923706055,33.70000076293945,33.04999923706055,33.04999923706055,70000,0.0,0.0
2024-09-24 00:00:00+08:00,33.54999923706055,33.599998474121094,32.79999923706055,33.04999923706055,28000,0.0,0.0
2024-09-25 00:00:00+08:00,33.099998474121094,33.5,33.0,33.45000076293945,37000,0.0,0.0
2024-09-26 00:00:00+08:00,33.400001525878906,33.650001525878906,33.25,33.25,25000,0.0,0.0
2024-09-27 00:00:00+08:00,33.400001525878906,33.79999923706055,33.400001525878906,33.5,11000,0.0,0.0
2024-09-30 00:00:00+08:00,32.900001525878906,33.150001525878906,32.900001525878906,33.150001525878906,14000,0.0,0.0
2024-10-01 00:00:00+08:00,33.400001525878906,35.45000076293945,33.400001525878906,35.20000076293945,126000,0.0,0.0
2024-10-04 00:00:00+08:00,36.95000076293945,37.0,34.04999923706055,34.04999923706055,142000,0.0,0.0
2024-10-07 00:00:00+08:00,34.95000076293945,34.95000076293945,34.29999923706055,34.75,50000,0.0,0.0
2024-10-08 00:00:00+08:00,34.95000076293945,34.95000076293945,34.349998474121094,34.349998474121094,52000,0.0,0.0
2024-10-09 00:00:00+08:00,34.54999923706055,34.54999923706055,33.79999923706055,33.79999923706055,33000,0.0,0.0
2024-10-11 00:00:00+08:00,33.75,34.20000076293945,33.54999923706055,34.20000076293945,20000,0.0,0.0
2024-10-14 00:00:00+08:00,33.75,37.599998474121094,33.25,34.45000076293945,465000,0.0,0.0
2024-10-15 00:00:00+08:00,34.599998474121094,37.70000076293945,34.599998474121094,35.75,540000,0.0,0.0
2024-10-16 00:00:00+08:00,35.400001525878906,39.29999923706055,35.400001525878906,38.70000076293945,1400000,0.0,0.0
2024-10-17 00:00:00+08:00,38.849998474121094,41.29999923706055,38.349998474121094,39.20000076293945,1872000,0.0,0.0
2024-10-18 00:00:00+08:00,39.349998474121094,41.900001525878906,38.04999923706055,40.25,2042000,0.0,0.0
