Date,Open,High,Low,Close,Volume,Dividends,Stock Splits
2007-12-31 00:00:00+08:00,10.313061935490477,10.93328857421875,10.240943195878591,10.93328857421875,692821,0.0,0.0
2008-01-02 00:00:00+08:00,11.452547348044032,11.697753660945162,11.25061373257006,11.495820045471191,1344062,0.0,0.0
2008-01-03 00:00:00+08:00,11.322733052900755,11.380428370431291,10.99098376870317,11.366004943847656,608488,0.0,0.0
2008-01-04 00:00:00+08:00,11.32273328375263,11.62563491536061,10.990983992791223,11.495820045471191,464418,0.0,0.0
2008-01-07 00:00:00+08:00,11.178494266284883,11.466971667608044,10.817898118829447,10.962137222290039,354317,0.0,0.0
2008-01-08 00:00:00+08:00,10.947711488015395,11.40927478346135,10.947711488015395,11.207341194152832,650654,0.0,0.0
2008-01-09 00:00:00+08:00,10.962138814204076,11.539092895037241,10.94771457952413,11.423702239990234,317421,0.0,0.0
2008-01-10 00:00:00+08:00,11.42370009638586,11.59678604647759,11.192918829596884,11.293885231018066,270569,0.0,0.0
2008-01-11 00:00:00+08:00,11.452548041931932,11.524668403082151,11.279462075324439,11.337158203125,455048,0.0,0.0
2008-01-14 00:00:00+08:00,11.337157792132306,11.466971859582896,11.178494453430176,11.178494453430176,291067,0.0,0.0
2008-01-15 00:00:00+08:00,11.25061227477713,11.394851358452556,11.019830224255196,11.207341194152832,590918,0.0,0.0
2008-01-16 00:00:00+08:00,11.10637639487255,11.10637639487255,10.760202841542277,10.947713851928711,390041,0.0,0.0
2008-01-17 00:00:00+08:00,10.774626058115881,10.990983082549489,10.716929938589244,10.93328857421875,296337,0.0,0.0
2008-01-18 00:00:00+08:00,10.933290391210033,10.933290391210033,10.5294215153948,10.918866157531738,258270,0.0,0.0
2008-01-21 00:00:00+08:00,10.846744797727768,10.976559656866291,10.774626058115881,10.93328857421875,284624,0.0,0.0
2008-01-22 00:00:00+08:00,10.774627489379679,10.789050916978834,10.168824195861816,10.168824195861816,424009,0.0,0.0
2008-01-23 00:00:00+08:00,10.168824243542042,10.500573552652867,9.490903003251667,10.082282066345215,527083,0.0,0.0
2008-01-24 00:00:00+08:00,10.08228209971508,10.16882427719834,9.534174929003907,10.111129760742188,486087,0.0,0.0
2008-01-25 00:00:00+08:00,10.111127744439639,10.385180872346105,9.837073810935268,10.139974594116211,1223418,0.0,0.0
2008-01-28 00:00:00+08:00,10.067856019391126,10.183247457161594,10.01016070330488,10.096704483032227,327962,0.0,0.0
2008-01-29 00:00:00+08:00,10.024584935125432,10.154399799118472,9.89477007113239,10.096704483032227,208490,0.0,0.0
2008-01-30 00:00:00+08:00,10.096705527429602,10.385182943298743,9.894771094641785,10.111129760742188,253585,0.0,0.0
2008-01-31 00:00:00+08:00,10.111129533623739,10.255367835519364,9.966890426130067,9.981314659118652,108930,0.0,0.0
2008-02-01 00:00:00+08:00,9.981315581440786,10.082282804896609,9.952467918395996,9.952467918395996,153439,0.0,0.0
2008-02-12 00:00:00+08:00,9.952466192816615,10.240943578845819,9.952466192816615,10.096704483032227,214932,0.0,0.0
2008-02-13 00:00:00+08:00,10.168823517589141,10.29863838531301,10.096704773207659,10.212096214294434,212004,0.0,0.0
2008-02-14 00:00:00+08:00,10.24094328953633,10.67365895355681,10.24094328953633,10.500572204589844,227817,0.0,0.0
2008-02-15 00:00:00+08:00,10.500574175447225,10.572693734852775,10.255368640186083,10.558269500732422,159881,0.0,0.0
2008-02-18 00:00:00+08:00,10.52942042394552,10.817897817225917,10.52942042394552,10.774626731872559,251828,0.0,0.0
2008-02-19 00:00:00+08:00,10.89001654061516,10.89001654061516,10.673659503064261,10.81789779663086,335576,0.0,0.0
2008-02-20 00:00:00+08:00,10.673660061897444,10.933289809508569,10.61596393585205,10.61596393585205,209661,0.0,0.0
2008-02-21 00:00:00+08:00,10.644811296328642,10.716930036600084,10.442876890133508,10.500572204589844,281696,0.0,0.0
2008-02-22 00:00:00+08:00,10.51499726443145,10.558268350883855,10.4284534803306,10.457301139831543,150511,0.0,0.0
2008-02-25 00:00:00+08:00,10.52942054926798,10.558268208379568,10.284215044020476,10.341910362243652,244215,0.0,0.0
2008-02-26 00:00:00+08:00,10.399606598689326,10.399606598689326,10.197672161480607,10.240944862365723,274083,0.0,0.0
2008-02-27 00:00:00+08:00,10.240944862365723,10.31306361371334,10.168824499821945,10.240944862365723,289310,0.0,0.0
2008-02-29 00:00:00+08:00,10.240944804777866,10.313063555719937,10.168824442639643,10.25536823272705,295166,0.0,0.0
2008-03-03 00:00:00+08:00,10.183247022365402,10.226518910381486,9.822650909423828,9.822650909423828,213175,0.0,0.0
2008-03-04 00:00:00+08:00,9.822652266305418,10.21209689545345,9.822652266305418,10.168824195861816,250071,0.0,0.0
2008-03-05 00:00:00+08:00,10.19767207132837,10.327486950443767,10.096705659214681,10.226520538330078,389455,0.0,0.0
2008-03-06 00:00:00+08:00,10.269791637825582,10.904441800531377,10.269791637825582,10.875594139099121,1560166,0.0,0.0
2008-03-07 00:00:00+08:00,10.817899548925094,10.846747212311188,10.601541670730331,10.673661231994629,549337,0.0,0.0
2008-03-10 00:00:00+08:00,10.673658839270455,10.716929921850411,10.356333807560352,10.414029121398926,254756,0.0,0.0
2008-03-11 00:00:00+08:00,10.111129892715535,10.356335417445475,10.096705659214681,10.226520538330078,409367,0.0,0.0
2008-03-12 00:00:00+08:00,10.385180872346105,10.442876182895056,10.125551169277925,10.139974594116211,274668,0.0,0.0
2008-03-13 00:00:00+08:00,10.096705446669928,10.529421164213481,9.923618676293673,10.168824195861816,754314,0.0,0.0
2008-03-14 00:00:00+08:00,10.212096943336576,10.240944604268204,9.966890617020638,10.082282066345215,149925,0.0,0.0
2008-03-17 00:00:00+08:00,9.9524664608767,9.9524664608767,9.519750772977105,9.663989067077637,250657,0.0,0.0
2008-03-18 00:00:00+08:00,9.663989067077637,9.67841249368869,9.534174199588158,9.663989067077637,209076,0.0,0.0
2008-03-19 00:00:00+08:00,9.808227361178169,9.808227361178169,9.663989067077637,9.663989067077637,182722,0.0,0.0
2008-03-20 00:00:00+08:00,9.663988846530877,9.793803711057786,9.548597408285856,9.606292724609375,184479,0.0,0.0
2008-03-21 00:00:00+08:00,9.793804842691305,9.793804842691305,9.606293834576777,9.678413391113281,152854,0.0,0.0
2008-03-24 00:00:00+08:00,10.010159990833992,10.010159990833992,9.692835774945125,9.779377937316895,206148,0.0,0.0
2008-03-25 00:00:00+08:00,9.764956148468778,9.764956148468778,9.534174861876775,9.548598289489746,291652,0.0,0.0
2008-03-26 00:00:00+08:00,9.591870226732158,9.678413209594,9.548598332502207,9.649564743041992,170423,0.0,0.0
2008-03-27 00:00:00+08:00,9.563021695918106,9.663988902871893,9.519750611222188,9.591869354248047,78476,0.0,0.0
2008-03-28 00:00:00+08:00,9.591869298327486,9.663988846530877,9.51975055572208,9.606292724609375,257099,0.0,0.0
2008-03-31 00:00:00+08:00,9.707260152508795,9.981314119696806,9.534174199588158,9.663989067077637,183893,0.0,0.0
2008-04-01 00:00:00+08:00,9.865922473972056,9.865922473972056,9.563021659851074,9.563021659851074,227817,0.0,0.0
2008-04-02 00:00:00+08:00,9.663989963164827,9.764956375598242,9.635141496071764,9.678413391113281,248900,0.0,0.0
2008-04-03 00:00:00+08:00,9.750533871823452,9.851501099424805,9.01491641998291,9.01491641998291,335576,0.0,0.0
2008-04-07 00:00:00+08:00,9.08703330067567,9.635140419006348,9.08703330067567,9.635140419006348,749629,0.0,0.0
2008-04-08 00:00:00+08:00,9.635142077054825,9.635142077054825,9.389937342361035,9.4043607711792,216104,0.0,0.0
2008-04-09 00:00:00+08:00,9.404360649839006,9.534175535518164,9.346664518516402,9.361088752746582,204391,0.0,0.0
2008-04-10 00:00:00+08:00,9.375511927286192,9.389936159886036,9.23127362927786,9.274544715881348,244215,0.0,0.0
2008-04-11 00:00:00+08:00,9.303391946099506,9.663988882874582,9.303391946099506,9.635140419006348,800580,0.0,0.0
2008-04-14 00:00:00+08:00,9.51975207471775,9.57744659464917,9.317816824168172,9.33224105834961,366615,0.0,0.0
2008-04-15 00:00:00+08:00,9.159154043005072,9.317815767418116,9.08703368587529,9.245697021484375,406439,0.0,0.0
2008-04-16 00:00:00+08:00,9.303394240360015,9.880349159240723,9.303394240360015,9.880349159240723,2148742,0.0,0.0
2008-04-17 00:00:00+08:00,10.385183112260085,10.442878435252972,10.125553353194016,10.25536823272705,1636886,0.0,0.0
2008-04-18 00:00:00+08:00,10.370759258827906,10.370759258827906,9.95246697589371,10.024585723876953,617272,0.0,0.0
2008-04-21 00:00:00+08:00,10.197669904665162,10.313061331360965,10.125551169277925,10.139974594116211,402340,0.0,0.0
2008-04-22 00:00:00+08:00,10.212094940699252,10.313061331360965,10.09670351400345,10.139974594116211,419323,0.0,0.0
2008-04-23 00:00:00+08:00,10.13997556729792,10.168823225341043,9.966889619039186,10.096704483032227,325034,0.0,0.0
2008-04-24 00:00:00+08:00,10.125552937771143,10.16882402544148,10.024585723876953,10.024585723876953,281696,0.0,0.0
2008-04-25 00:00:00+08:00,10.082281850100808,10.197671685754386,9.995738063564048,10.024585723876953,332062,0.0,0.0
2008-04-28 00:00:00+08:00,10.024585655314214,10.082281781143458,9.952466907824224,9.966890335083008,200291,0.0,0.0
2008-04-29 00:00:00+08:00,9.966891076409683,10.010162167002527,9.8803480896259,9.909194946289062,348460,0.0,0.0
2008-04-30 00:00:00+08:00,9.99573901016412,10.226521120120557,9.808228797573928,9.952467918395996,976275,0.0,0.0
2008-05-02 00:00:00+08:00,9.952466254233466,9.966889680545044,9.563021659851074,9.563021659851074,395312,0.0,0.0
2008-05-05 00:00:00+08:00,9.563022130745926,9.563022130745926,9.274544728731545,9.346663475036621,329134,0.0,0.0
2008-05-06 00:00:00+08:00,9.361088752746582,9.476479404195562,9.260122335527782,9.361088752746582,140555,0.0,0.0
2008-05-07 00:00:00+08:00,9.389937342361035,9.519752229715136,9.375513107944746,9.4043607711792,167495,0.0,0.0
2008-05-08 00:00:00+08:00,9.404359885264965,9.591870081424043,9.404359885264965,9.462055206298828,267055,0.0,0.0
2008-05-09 00:00:00+08:00,9.519751491428835,9.793804673701526,9.519751491428835,9.534174919128418,342018,0.0,0.0
2008-05-12 00:00:00+08:00,9.563021438795085,9.620716753903702,9.389935493469238,9.389935493469238,135284,0.0,0.0
2008-05-13 00:00:00+08:00,9.389936401228848,9.476478576660156,9.375512168258268,9.476478576660156,192678,0.0,0.0
2008-05-14 00:00:00+08:00,9.490902480688248,9.8082275390625,9.462054821344953,9.8082275390625,504828,0.0,0.0
2008-05-15 00:00:00+08:00,9.880347666927262,10.486149354094588,9.880347666927262,10.111129760742188,1586520,0.0,0.0
2008-05-16 00:00:00+08:00,10.11113038170846,10.11113038170846,9.952467833516213,10.010162353515625,373057,0.0,0.0
2008-05-19 00:00:00+08:00,10.313063132604052,10.313063132604052,9.966890403251142,10.024585723876953,199705,0.0,0.0
2008-05-20 00:00:00+08:00,10.024587486161806,10.096707052421442,9.851501493856505,9.880349159240723,301023,0.0,0.0
2008-05-21 00:00:00+08:00,9.952468725500356,10.024587486161806,9.822653828472289,9.880349159240723,241286,0.0,0.0
2008-05-22 00:00:00+08:00,9.952466769293359,9.995737856065444,9.808227665125006,9.851499557495117,183307,0.0,0.0
2008-05-23 00:00:00+08:00,9.85149943087645,10.024585386936215,9.8082275390625,9.8082275390625,292238,0.0,0.0
2008-05-26 00:00:00+08:00,9.85149976199952,10.024585723876953,9.490902799691135,10.024585723876953,571006,0.0,0.0
2008-05-27 00:00:00+08:00,10.096707052421442,10.31306494560216,9.764957692105671,9.880349159240723,1863531,0.0,0.0
2008-05-28 00:00:00+08:00,9.880346743145445,9.880346743145445,9.591869354248047,9.591869354248047,283453,0.0,0.0
2008-05-29 00:00:00+08:00,9.67841295805096,9.707260618255152,9.37551212310791,9.37551212310791,281696,0.0,0.0
2008-05-30 00:00:00+08:00,9.462054704111553,9.462054704111553,9.173577308654785,9.173577308654785,383599,0.0,0.0
2008-06-02 00:00:00+08:00,9.173577015243362,9.202424673306563,9.014914493096768,9.058185577392578,174523,0.0,0.0
2008-06-03 00:00:00+08:00,8.957219449201753,9.332239821019115,8.957219449201753,9.101458549499512,214347,0.0,0.0
2008-06-04 00:00:00+08:00,9.101458385519429,9.202424787191152,9.014914604660824,9.029338836669922,106587,0.0,0.0
2008-06-05 00:00:00+08:00,9.087034274433803,9.087034274433803,8.94279596762612,9.000492095947266,141726,0.0,0.0
2008-06-06 00:00:00+08:00,9.087034225463867,9.202425675886241,9.043763136453785,9.087034225463867,95460,0.0,0.0
2008-06-09 00:00:00+08:00,8.654318085476595,8.85625250980356,8.654318085476595,8.784132957458496,99560,0.0,0.0
2008-06-10 00:00:00+08:00,8.856251510154015,8.856251510154015,8.726436652824967,8.755284309387207,127671,0.0,0.0
2008-06-11 00:00:00+08:00,8.755286211858168,8.841830005948271,8.683167457580566,8.683167457580566,123571,0.0,0.0
2008-06-12 00:00:00+08:00,8.077363967895508,8.582200071836956,8.077363967895508,8.077363967895508,738502,0.0,0.0
2008-06-13 00:00:00+08:00,8.077363318897463,8.279298549847097,7.933125019073486,7.933125019073486,178622,0.0,0.0
2008-06-16 00:00:00+08:00,7.9331249497046326,8.221602352428114,7.861006203222281,7.875429630279541,127085,0.0,0.0
2008-06-17 00:00:00+08:00,7.8754286448327075,7.8898528756831,7.327322373280467,7.3561692237854,374229,0.0,0.0
2008-06-18 00:00:00+08:00,7.35617068685348,7.500409801653403,7.154237053970908,7.385018348693848,289895,0.0,0.0
2008-06-19 00:00:00+08:00,7.2840505904503035,7.774461556807089,7.2840505904503035,7.630223274230957,432793,0.0,0.0
2008-06-20 00:00:00+08:00,7.615799043174376,7.716767049374573,7.2263552774198505,7.630223274230957,67935,0.0,0.0
2008-06-23 00:00:00+08:00,7.298476936205596,7.47156292544779,7.139814376601166,7.211933135986328,176865,0.0,0.0
2008-06-24 00:00:00+08:00,7.183084339738866,7.370594534683148,6.779216289520264,6.779216289520264,197363,0.0,0.0
2008-06-25 00:00:00+08:00,6.923454362706542,7.067693465195104,6.779216065815995,6.86575984954834,209661,0.0,0.0
2008-06-26 00:00:00+08:00,6.4041957691022136,6.851335328825677,6.389771938323975,6.389771938323975,698678,0.0,0.0
2008-06-27 00:00:00+08:00,5.942632136119699,6.721520980358286,5.942632136119699,6.447467803955078,1119173,0.0,0.0
2008-06-30 00:00:00+08:00,6.447467568197714,6.519586313710076,6.202261658341044,6.37534761428833,260027,0.0,0.0
2008-07-01 00:00:00+08:00,5.985903272179771,6.346500238228227,5.94263218406063,6.274380683898926,620201,0.0,0.0
2008-07-02 00:00:00+08:00,6.245533571046452,6.577282905578613,6.173414815990082,6.577282905578613,448606,0.0,0.0
2008-07-03 00:00:00+08:00,6.562857827660951,7.024421587006452,6.288804257437277,6.937878608703613,3156057,0.0,0.0
2008-07-04 00:00:00+08:00,6.779216512588082,6.995575180579656,6.7215211900295575,6.909031391143799,236601,0.0,0.0
2008-07-07 00:00:00+08:00,6.793639590612956,7.284051418304443,6.793639590612956,7.284051418304443,202634,0.0,0.0
2008-07-08 00:00:00+08:00,7.269627080758967,7.3561700588923085,6.937878595115487,7.197508335113525,254756,0.0,0.0
2008-07-09 00:00:00+08:00,7.226356348292486,7.255203203484587,7.024421917163332,7.154236793518066,239530,0.0,0.0
2008-07-10 00:00:00+08:00,6.981149432870381,7.19750807889889,6.981149432870381,7.110964298248291,159881,0.0,0.0
2008-07-11 00:00:00+08:00,6.937878348143069,7.125387724624732,6.937878348143069,7.110964298248291,171009,0.0,0.0
2008-07-14 00:00:00+08:00,7.110965212784635,7.110965212784635,6.966726902479893,7.009998798370361,93118,0.0,0.0
2008-07-15 00:00:00+08:00,6.8224871220847145,6.9667262239390375,6.519586297147457,6.692672252655029,365444,0.0,0.0
2008-07-16 00:00:00+08:00,6.490738707585277,6.678248897530725,6.274380455279826,6.418619155883789,286967,0.0,0.0
2008-07-17 00:00:00+08:00,6.418619298313627,6.606129895218967,6.130141890704356,6.476315021514893,238944,0.0,0.0
2008-07-18 00:00:00+08:00,6.620553578408745,6.620553578408745,6.029175349011407,6.418619155883789,325620,0.0,0.0
2008-07-21 00:00:00+08:00,6.404195760928639,6.404195760928639,6.101294509374147,6.317653179168701,315078,0.0,0.0
2008-07-22 00:00:00+08:00,6.173413473055339,6.1878373014887345,5.985902495024276,6.014750957489014,204976,0.0,0.0
2008-07-23 00:00:00+08:00,6.158990581986546,6.332076549530029,6.101294453873983,6.332076549530029,344361,0.0,0.0
2008-07-24 00:00:00+08:00,6.418618807686168,6.548433671467431,6.173413714719649,6.461890697479248,561050,0.0,0.0
2008-07-25 00:00:00+08:00,6.216685582125552,6.404195785522461,6.216685582125552,6.404195785522461,47437,0.0,0.0
2008-07-28 00:00:00+08:00,6.404195785522461,6.404195785522461,6.404195785522461,6.404195785522461,0,0.0,0.0
2008-07-29 00:00:00+08:00,6.404195785522461,6.404195785522461,6.404195785522461,6.404195785522461,0,0.0,0.0
2008-07-30 00:00:00+08:00,6.404195785522461,6.404195785522461,6.404195785522461,6.404195785522461,0,0.0,0.0
2008-07-31 00:00:00+08:00,6.404195785522461,6.404195785522461,6.404195785522461,6.404195785522461,0,0.0,0.0
2008-08-01 00:00:00+08:00,6.404195785522461,6.404195785522461,6.404195785522461,6.404195785522461,0,0.0,0.0
2008-08-04 00:00:00+08:00,6.404195785522461,6.404195785522461,6.404195785522461,6.404195785522461,0,0.0,0.0
2008-08-05 00:00:00+08:00,6.404195785522461,6.404195785522461,6.404195785522461,6.404195785522461,0,0.0,0.0
2008-08-06 00:00:00+08:00,6.404195785522461,6.404195785522461,6.404195785522461,6.404195785522461,0,0.0,0.0
2008-08-07 00:00:00+08:00,6.404195785522461,6.404195785522461,6.404195785522461,6.404195785522461,0,0.0,0.0
2008-08-08 00:00:00+08:00,6.404195785522461,6.404195785522461,6.404195785522461,6.404195785522461,0,0.0,0.0
2008-08-11 00:00:00+08:00,6.404195785522461,6.404195785522461,6.404195785522461,6.404195785522461,0,0.0,0.0
2008-08-12 00:00:00+08:00,6.404195785522461,6.404195785522461,6.404195785522461,6.404195785522461,0,0.0,0.0
2008-08-13 00:00:00+08:00,6.404195785522461,6.404195785522461,6.404195785522461,6.404195785522461,0,0.0,0.0
2008-08-14 00:00:00+08:00,6.404195785522461,6.404195785522461,6.404195785522461,6.404195785522461,0,0.0,0.0
2008-08-15 00:00:00+08:00,6.404195785522461,6.404195785522461,6.404195785522461,6.404195785522461,0,0.0,0.0
2008-08-18 00:00:00+08:00,6.1589906880179575,6.1589906880179575,6.000327339974492,6.072447299957275,120057,0.0,0.0
2008-08-19 00:00:00+08:00,5.856088117699111,6.029175281524658,5.856088117699111,6.029175281524658,146412,0.0,0.0
2008-08-20 00:00:00+08:00,6.043598644918512,6.043598644918512,5.697425552369487,5.841663837432861,236601,0.0,0.0
2008-08-21 00:00:00+08:00,5.841664370933299,5.913784325649421,5.697426072697104,5.827240943908691,70863,0.0,0.0
2008-08-22 00:00:00+08:00,5.8272404117255,5.884936128549825,5.697425552369487,5.841663837432861,124743,0.0,0.0
2008-08-25 00:00:00+08:00,5.884936826521233,5.913784486955329,5.76954578198583,5.899360656738281,211418,0.0,0.0
2008-08-26 00:00:00+08:00,5.985903049624227,5.985903049624227,5.769545603077557,5.870512008666992,83162,0.0,0.0
2008-08-27 00:00:00+08:00,5.870511698097947,5.913783990716058,5.783969126856672,5.884936332702637,133527,0.0,0.0
2008-08-28 00:00:00+08:00,5.913784254412466,5.913784254412466,5.7406978958150034,5.769545555114746,146997,0.0,0.0
2008-08-29 00:00:00+08:00,5.783969384764617,5.827240873714231,5.7406978958150034,5.769545555114746,111273,0.0,0.0
2008-09-01 00:00:00+08:00,5.783969600999734,5.783969600999734,5.380101147307597,5.6108832359313965,121814,0.0,0.0
2008-09-02 00:00:00+08:00,5.610883026167155,5.8560881302149665,5.610883026167155,5.769545555114746,619615,0.0,0.0
2008-09-03 00:00:00+08:00,5.913785092470844,5.913785092470844,5.711850643157959,5.711850643157959,184479,0.0,0.0
2008-09-04 00:00:00+08:00,5.8128174124046055,5.8128174124046055,5.322406367635139,5.452220439910889,187993,0.0,0.0
2008-09-05 00:00:00+08:00,5.452220649756219,5.452220649756219,5.077200637862915,5.279134273529053,212004,0.0,0.0
2008-09-08 00:00:00+08:00,4.918538302753399,5.437797050805776,4.918538302753399,5.351254463195801,166909,0.0,0.0
2008-09-09 00:00:00+08:00,5.307981700422032,5.307981700422032,4.990657027074294,5.077200412750244,262955,0.0,0.0
2008-09-10 00:00:00+08:00,4.731027250780653,5.149319138332977,4.731027250780653,5.120471477508545,93703,0.0,0.0
2008-09-11 00:00:00+08:00,5.120471501389674,5.120471501389674,4.976233196594807,5.077200412750244,98974,0.0,0.0
2008-09-12 00:00:00+08:00,5.00508045475475,5.106048073709218,4.904114044197373,5.077200412750244,59150,0.0,0.0
2008-09-15 00:00:00+08:00,5.0772002554950735,5.0772002554950735,4.731027126312256,4.731027126312256,259442,0.0,0.0
2008-09-16 00:00:00+08:00,4.413702011108398,4.5435168827642665,4.413702011108398,4.413702011108398,435136,0.0,0.0
2008-09-17 00:00:00+08:00,4.182920176572048,4.471397596804204,4.110801425712564,4.226192474365234,439821,0.0,0.0
2008-09-18 00:00:00+08:00,3.9377148151397705,3.9377148151397705,3.9377148151397705,3.9377148151397705,394726,0.0,0.0
2008-09-19 00:00:00+08:00,3.678085096803909,4.038681248428865,3.678085096803909,3.822323799133301,222546,0.0,0.0
2008-09-22 00:00:00+08:00,3.8944429227719395,4.024257794277408,3.8223237734905755,3.9377148151397705,247143,0.0,0.0
2008-09-23 00:00:00+08:00,3.865595313578014,4.154072317272526,3.6925089502416997,3.9809863567352295,125914,0.0,0.0
2008-09-24 00:00:00+08:00,4.125224826083506,4.255039691925049,3.9088665820812696,4.255039691925049,347874,0.0,0.0
2008-09-25 00:00:00+08:00,4.2550400978721346,4.543517112731934,4.2550400978721346,4.543517112731934,202048,0.0,0.0
2008-09-26 00:00:00+08:00,4.860841751098633,4.860841751098633,4.860841751098633,4.860841751098633,170423,0.0,0.0
2008-09-29 00:00:00+08:00,4.860841751098633,4.860841751098633,4.860841751098633,4.860841751098633,0,0.0,0.0
2008-09-30 00:00:00+08:00,4.5290927870346644,5.149318643562908,4.5290927870346644,4.788722515106201,975103,0.0,0.0
2008-10-01 00:00:00+08:00,4.976233173386384,5.120471477508545,4.716603420368437,5.120471477508545,489016,0.0,0.0
2008-10-02 00:00:00+08:00,5.120471515680033,5.452220423232143,5.120471515680033,5.437796592712402,459148,0.0,0.0
2008-10-03 00:00:00+08:00,5.149318926940936,5.553187370300293,5.091624010459617,5.553187370300293,473203,0.0,0.0
2008-10-06 00:00:00+08:00,5.53876302672126,5.53876302672126,5.2214383973145,5.466644287109375,272326,0.0,0.0
2008-10-07 00:00:00+08:00,5.192591881140525,5.408949355905924,5.134895748938293,5.322406768798828,335576,0.0,0.0
2008-10-08 00:00:00+08:00,5.307982498344594,5.307982498344594,4.961810111999512,4.961810111999512,182136,0.0,0.0
2008-10-09 00:00:00+08:00,4.788722783581117,5.178167397522242,4.615636825561523,4.615636825561523,200291,0.0,0.0
2008-10-13 00:00:00+08:00,4.456973552703857,4.6156368915540265,4.456973552703857,4.456973552703857,117129,0.0,0.0
2008-10-14 00:00:00+08:00,4.3704311401782245,4.759875774383545,4.3704311401782245,4.759875774383545,182722,0.0,0.0
2008-10-15 00:00:00+08:00,4.6156367732992996,4.90411376953125,4.6156367732992996,4.90411376953125,182136,0.0,0.0
2008-10-16 00:00:00+08:00,4.759875106923195,5.2358622550964355,4.759875106923195,5.2358622550964355,831620,0.0,0.0
2008-10-17 00:00:00+08:00,5.59645938873291,5.59645938873291,5.582034754027794,5.59645938873291,446849,0.0,0.0
2008-10-20 00:00:00+08:00,5.985903263092041,5.985903263092041,5.870512218019759,5.985903263092041,946407,0.0,0.0
2008-10-21 00:00:00+08:00,6.404195785522461,6.404195785522461,6.274380905386435,6.404195785522461,1402041,0.0,0.0
2008-10-22 00:00:00+08:00,6.2455329729022955,6.808063961496449,6.202261885132236,6.447467803955078,1226346,0.0,0.0
2008-10-23 00:00:00+08:00,6.274380905386435,6.519586834843266,6.231109412940773,6.404195785522461,593847,0.0,0.0
2008-10-24 00:00:00+08:00,6.245533162959253,6.461891427986676,6.216685501702006,6.332076549530029,681694,0.0,0.0
2008-10-27 00:00:00+08:00,6.231109120621314,6.490738868713379,6.231109120621314,6.490738868713379,749629,0.0,0.0
2008-10-28 00:00:00+08:00,6.490738654902186,6.707096099853516,6.3320761258055365,6.707096099853516,760171,0.0,0.0
2008-10-29 00:00:00+08:00,6.98114988835937,6.995574926872957,6.707096310547336,6.8224873542785645,500729,0.0,0.0
2008-10-30 00:00:00+08:00,6.822487411355408,6.822487411355408,6.562858064286865,6.808063983917236,761928,0.0,0.0
2008-10-31 00:00:00+08:00,6.808063681040376,6.808063681040376,6.562857772318715,6.620553493499756,775397,0.0,0.0
2008-11-03 00:00:00+08:00,6.202261629631989,6.707096068273803,6.202261629631989,6.620553493499756,607316,0.0,0.0
2008-11-04 00:00:00+08:00,6.620553524671991,6.707096099853516,6.490738654902186,6.707096099853516,349046,0.0,0.0
2008-11-05 00:00:00+08:00,6.995574951171875,7.067693699205987,6.606129925476868,6.995574951171875,546995,0.0,0.0
2008-11-06 00:00:00+08:00,7.154236435130217,7.154236435130217,6.779216058046578,6.981149673461914,415810,0.0,0.0
2008-11-07 00:00:00+08:00,6.981149325398229,7.053268872964145,6.851334462018769,7.024421215057373,440992,0.0,0.0
2008-11-10 00:00:00+08:00,7.356169934443236,7.514832461135839,7.024421454412158,7.485984802246094,895455,0.0,0.0
2008-11-11 00:00:00+08:00,7.211932272838062,7.457138603314642,7.211932272838062,7.226356506347656,223131,0.0,0.0
2008-11-12 00:00:00+08:00,7.2119322155171535,7.442714310649869,7.2119322155171535,7.240779876708984,532354,0.0,0.0
2008-11-13 00:00:00+08:00,7.240779819387614,7.356170463241451,7.139813408814535,7.2552032470703125,531768,0.0,0.0
2008-11-14 00:00:00+08:00,7.485985433831971,7.485985433831971,7.255203337645123,7.269627571105957,357830,0.0,0.0
2008-11-17 00:00:00+08:00,7.067693900709674,7.284051762176573,7.067693900709674,7.168661117553711,446849,0.0,0.0
2008-11-18 00:00:00+08:00,6.923454390801673,7.139813045412493,6.678248882293701,6.678248882293701,391798,0.0,0.0
2008-11-19 00:00:00+08:00,6.274380660183137,6.62055379461708,6.274380660183137,6.534010410308838,193263,0.0,0.0
2008-11-20 00:00:00+08:00,6.346500181172623,6.534010376264633,6.086870432399674,6.505162715911865,340261,0.0,0.0
2008-11-21 00:00:00+08:00,6.2022621717938815,6.476315360863523,6.058023460431367,6.1301422119140625,260027,0.0,0.0
2008-11-24 00:00:00+08:00,6.130141986012902,6.202261943235036,5.7839696554182805,6.000327110290527,73791,0.0,0.0
2008-11-25 00:00:00+08:00,6.0003275075117894,6.346500666621101,5.870512623195679,6.158990859985352,67935,0.0,0.0
2008-11-26 00:00:00+08:00,6.144566034988225,6.144566034988225,5.913784741578954,6.058023452758789,32210,0.0,0.0
2008-11-27 00:00:00+08:00,6.130141025151553,6.34649925170905,6.058022287630659,6.202260971069336,131185,0.0,0.0
2008-11-28 00:00:00+08:00,6.2022621717938815,6.2022621717938815,6.058023460431367,6.1301422119140625,81990,0.0,0.0
2008-12-01 00:00:00+08:00,5.769545808829685,6.259956844089076,5.769545808829685,5.985903263092041,113030,0.0,0.0
2008-12-02 00:00:00+08:00,5.985902999862815,5.985902999862815,5.596459599316291,5.769545555114746,97803,0.0,0.0
2008-12-03 00:00:00+08:00,5.610883269776141,5.856088384470078,5.610883269776141,5.639730930328369,72034,0.0,0.0
2008-12-04 00:00:00+08:00,5.841663807891346,6.014750957489014,5.639730209823807,6.014750957489014,210247,0.0,0.0
2008-12-05 00:00:00+08:00,6.014751729258405,6.014751729258405,5.8560883877356025,5.985903263092041,19326,0.0,0.0
2008-12-08 00:00:00+08:00,5.985903509097552,6.202262180648778,5.625307334375008,6.072447299957275,85504,0.0,0.0
2008-12-09 00:00:00+08:00,6.115718373312066,6.115718373312066,5.7839698612372,6.058023452758789,148754,0.0,0.0
2008-12-10 00:00:00+08:00,6.000326613609658,6.34649972114763,5.884936383361652,6.187837600708008,166324,0.0,0.0
2008-12-11 00:00:00+08:00,6.187838333100544,6.187838333100544,5.899360910740875,6.058023452758789,105416,0.0,0.0
2008-12-12 00:00:00+08:00,5.711850081708938,5.769545805612419,5.639730930328369,5.639730930328369,317421,0.0,0.0
2008-12-15 00:00:00+08:00,5.351253507640364,5.639730493623863,5.351253507640364,5.4089484214782715,161053,0.0,0.0
2008-12-16 00:00:00+08:00,5.408948824040985,5.697426234293499,5.207015200782858,5.625307083129883,76134,0.0,0.0
2008-12-17 00:00:00+08:00,5.769546357031832,5.769546357031832,5.43779702057748,5.697426795959473,75548,0.0,0.0
2008-12-18 00:00:00+08:00,5.697425789683842,5.769545338018493,5.509915608492134,5.59645938873291,38067,0.0,0.0
2008-12-19 00:00:00+08:00,5.408948439469556,5.582034792754974,5.36567695184795,5.423372268676758,75548,0.0,0.0
2008-12-22 00:00:00+08:00,5.481069307688573,5.481069307688573,5.351254420316153,5.380101680755615,33381,0.0,0.0
2008-12-23 00:00:00+08:00,5.0916249777170846,5.163743737718908,5.0050811767578125,5.0050811767578125,158124,0.0,0.0
2008-12-24 00:00:00+08:00,4.860841929378041,4.947385311126709,4.745450887979486,4.947385311126709,25182,0.0,0.0
2008-12-25 00:00:00+08:00,4.947385551881206,5.0916242599487305,4.947385551881206,5.0916242599487305,65006,0.0,0.0
2008-12-26 00:00:00+08:00,4.904113599168476,5.17816715900751,4.904113599168476,5.149318695068359,38652,0.0,0.0
2008-12-29 00:00:00+08:00,5.149318715191912,5.149318715191912,5.106047630310059,5.106047630310059,1171,0.0,0.0
2008-12-30 00:00:00+08:00,5.120470765865075,5.207014541908568,5.106047340256457,5.192590713500977,55636,0.0,0.0
2008-12-31 00:00:00+08:00,5.192591854628541,5.365677833557129,5.163743385875653,5.365677833557129,21083,0.0,0.0
2009-01-02 00:00:00+08:00,5.365677833557129,5.365677833557129,5.365677833557129,5.365677833557129,0,0.0,0.0
2009-01-05 00:00:00+08:00,5.394524592319046,5.509915628391842,5.394524592319046,5.4089484214782715,84333,0.0,0.0
2009-01-06 00:00:00+08:00,5.481068797291115,5.6830024211567105,5.481068797291115,5.639730930328369,63249,0.0,0.0
2009-01-07 00:00:00+08:00,5.481068774845855,5.899360656738281,5.481068774845855,5.899360656738281,133527,0.0,0.0
2009-01-08 00:00:00+08:00,6.058023008576826,6.2022617091808945,5.625306906764619,5.812817096710205,116543,0.0,0.0
2009-01-09 00:00:00+08:00,5.899360161709347,5.899360161709347,5.783969126856672,5.884936332702637,77305,0.0,0.0
2009-01-12 00:00:00+08:00,5.769546030399121,6.058023452758789,5.53876393139177,6.058023452758789,128256,0.0,0.0
2009-01-13 00:00:00+08:00,5.769545607364471,6.447467621042802,5.769545607364471,6.418619155883789,285210,0.0,0.0
2009-01-14 00:00:00+08:00,6.418619115192605,6.86575984954834,6.418619115192605,6.86575984954834,820492,0.0,0.0
2009-01-15 00:00:00+08:00,7.341746807098389,7.341746807098389,7.139813186637939,7.341746807098389,1587106,0.0,0.0
2009-01-16 00:00:00+08:00,7.846582090880741,7.298475742340088,7.2552030437107184,7.298475742340088,3556640,0.0,0.0
2009-01-19 00:00:00+08:00,7.442714207017691,7.442714207017691,7.0676938111475955,7.154236793518066,545238,0.0,0.0
2009-01-20 00:00:00+08:00,6.707096121425646,7.139813026715098,6.663825035095215,6.663825035095215,684622,0.0,0.0
2009-01-21 00:00:00+08:00,6.202261863143221,6.490738868713379,6.202261863143221,6.490738868713379,646555,0.0,0.0
2009-02-02 00:00:00+08:00,6.937878608703612,6.937878608703612,6.923454376187464,6.937878608703613,772469,0.0,0.0
2009-02-03 00:00:00+08:00,7.4138665199279785,7.4138665199279785,7.284051644033743,7.4138665199279785,1064122,0.0,0.0
2009-02-04 00:00:00+08:00,7.889853685953654,7.889853685953654,7.644647375500321,7.731191158294678,2290469,0.0,0.0
2009-02-05 00:00:00+08:00,7.716768104016666,8.264874458312988,7.644647744475085,8.264874458312988,2662941,0.0,0.0
2009-02-06 00:00:00+08:00,8.437961295477322,8.755285563101241,8.29372218641385,8.322569847106934,2437466,0.0,0.0
2009-02-09 00:00:00+08:00,8.365840627736429,8.899524344930112,8.264874221822186,8.798556327819824,3329994,0.0,0.0
2009-02-10 00:00:00+08:00,8.654318899479991,9.072611214587637,8.510080586821202,8.668743133544922,1806138,0.0,0.0
2009-02-11 00:00:00+08:00,8.207178052007501,8.841828977237373,8.207178052007501,8.697589874267578,968076,0.0,0.0
2009-02-12 00:00:00+08:00,8.510081291545996,8.870678311451377,8.380266396603986,8.437962532043457,1357532,0.0,0.0
2009-02-13 00:00:00+08:00,8.452384956956076,8.76971003896045,8.452384956956076,8.524503707885742,681108,0.0,0.0
2009-02-16 00:00:00+08:00,8.654317676119595,8.91394740780268,8.510079383850098,8.510079383850098,973932,0.0,0.0
2009-02-17 00:00:00+08:00,8.654317923978521,8.654317923978521,7.933124830780145,8.048516273498535,1070564,0.0,0.0
2009-02-18 00:00:00+08:00,7.7167675977501835,8.048516074049253,7.7167675977501835,7.947548866271973,706877,0.0,0.0
2009-02-19 00:00:00+08:00,7.9331252418536815,8.437961319409629,7.918701814265258,8.279298782348633,645384,0.0,0.0
2009-02-20 00:00:00+08:00,8.135059665281611,8.437961311532407,7.990821361541749,7.990821361541748,449192,0.0,0.0
2009-02-23 00:00:00+08:00,7.846582054030202,8.437961098422884,7.846582054030202,8.221602439880371,478474,0.0,0.0
2009-02-24 00:00:00+08:00,8.16390724391165,8.510079975003345,8.16390724391165,8.264874458312988,387698,0.0,0.0
2009-02-25 00:00:00+08:00,8.48123263504295,8.553352191711811,8.293722432182376,8.409113883972168,340261,0.0,0.0
2009-02-26 00:00:00+08:00,8.437961098422884,8.437961098422884,8.120636032611506,8.221602439880371,317421,0.0,0.0
2009-02-27 00:00:00+08:00,8.22160257548743,8.510079986037557,8.22160257548743,8.336993217468262,603803,0.0,0.0
2009-03-02 00:00:00+08:00,8.437961257016696,8.913948059082031,8.365840897215634,8.913948059082031,2486075,0.0,0.0
2009-03-03 00:00:00+08:00,8.798558090237409,8.798558090237409,8.336994638067013,8.654319763183594,665296,0.0,0.0
2009-03-04 00:00:00+08:00,8.740861870529882,9.014915041603881,8.654318085476595,8.784132957458496,601460,0.0,0.0
2009-03-05 00:00:00+08:00,9.058187139803746,9.058187139803746,8.69759094901692,8.740862846374512,348460,0.0,0.0
2009-03-06 00:00:00+08:00,8.452384193384665,8.84182879673514,8.452384193384665,8.553351402282715,405854,0.0,0.0
2009-03-09 00:00:00+08:00,8.654318612580003,8.712014741328934,8.39468965840116,8.481232643127441,326205,0.0,0.0
2009-03-10 00:00:00+08:00,8.437960063122663,8.437960063122663,8.221601431126393,8.236024856567383,1003800,0.0,0.0
2009-03-11 00:00:00+08:00,8.365841489466636,8.437961854373382,8.077364057830183,8.091788291931152,698092,0.0,0.0
2009-03-12 00:00:00+08:00,8.091786574167806,8.437960063122663,8.091786574167806,8.236024856567383,402340,0.0,0.0
2009-03-13 00:00:00+08:00,8.365840992930838,8.42353712031219,8.293722243500753,8.308146476745605,418152,0.0,0.0
2009-03-16 00:00:00+08:00,8.380265819825713,8.856253466653474,8.36584158555906,8.712015151977539,705120,0.0,0.0
2009-03-17 00:00:00+08:00,8.94279648764766,8.94279648764766,8.726438612055942,8.740862846374512,486673,0.0,0.0
2009-03-18 00:00:00+08:00,8.870675835259874,8.870675835259874,8.65431720035285,8.769708633422852,610245,0.0,0.0
2009-03-19 00:00:00+08:00,8.769709304526067,8.798556158003644,8.524502993986582,8.538928031921387,579791,0.0,0.0
2009-03-20 00:00:00+08:00,8.538928569476834,8.654318407445361,8.308146476745605,8.308146476745605,306293,0.0,0.0
2009-03-23 00:00:00+08:00,8.308146641413428,8.59662325604751,8.308146641413428,8.452384948730469,589747,0.0,0.0
2009-03-24 00:00:00+08:00,8.654317676119595,8.654317676119595,8.510079383850098,8.510079383850098,581548,0.0,0.0
2009-03-25 00:00:00+08:00,8.582201002455777,8.726439329509594,8.524504866036066,8.654319763183594,511856,0.0,0.0
2009-03-26 00:00:00+08:00,8.726437625629805,9.26012134552002,8.726437625629805,9.26012134552002,1136157,0.0,0.0
2009-03-27 00:00:00+08:00,9.894770622253418,9.894770622253418,9.808227643303763,9.894770622253418,1523270,0.0,0.0
2009-03-30 00:00:00+08:00,10.529421781142716,10.529421781142716,9.303393305869726,9.317816734313965,1645085,0.0,0.0
2009-03-31 00:00:00+08:00,9.101459264464006,9.375512448720768,9.01491547524771,9.087034225463867,727374,0.0,0.0
2009-04-02 00:00:00+08:00,9.519751229726916,9.663989530747882,9.303392569798408,9.37551212310791,1105117,0.0,0.0
2009-04-03 00:00:00+08:00,9.44763170940867,9.606294257413936,9.115883184814814,9.33224105834961,572178,0.0,0.0
2009-04-06 00:00:00+08:00,9.41878321061518,9.59186997743838,9.3322402300026,9.37551212310791,497215,0.0,0.0
2009-04-07 00:00:00+08:00,9.519751241258085,9.534174668578633,9.216848794752055,9.447630882263184,619029,0.0,0.0
2009-04-08 00:00:00+08:00,9.375512404764894,9.375512404764894,8.957220110840792,8.986067771911621,686965,0.0,0.0
2009-04-09 00:00:00+08:00,8.942794975692944,9.606292724609375,8.942794975692944,9.606292724609375,1921511,0.0,0.0
2009-04-10 00:00:00+08:00,9.808226432151013,10.067855336940132,9.663988151712612,9.692835807800293,934108,0.0,0.0
2009-04-13 00:00:00+08:00,9.606293834576777,9.793804842691305,9.606293834576777,9.678413391113281,685793,0.0,0.0
2009-04-14 00:00:00+08:00,9.764954926353335,9.808226814972748,9.40435880838406,9.418782234191895,549923,0.0,0.0
2009-04-15 00:00:00+08:00,9.41878375861586,9.635141625534393,8.798557014144771,9.144730567932129,596189,0.0,0.0
2009-04-16 00:00:00+08:00,9.375512761019266,9.375512761019266,9.159154891967773,9.159154891967773,664124,0.0,0.0
2009-04-17 00:00:00+08:00,9.303392205821403,9.591869602175262,8.524502993986582,8.538928031921387,1057094,0.0,0.0
2009-04-20 00:00:00+08:00,8.654317748394064,8.827404506160944,7.947548901974131,7.976396560668945,1450650,0.0,0.0
2009-04-21 00:00:00+08:00,7.933125034088388,8.279298565517195,7.644647628296404,8.221602439880371,588576,0.0,0.0
2009-04-22 00:00:00+08:00,8.365840681694369,8.784132957458496,8.264874275128916,8.784132957458496,919467,0.0,0.0
2009-04-23 00:00:00+08:00,8.942795418387073,9.159154073707619,8.72643756866455,8.72643756866455,716833,0.0,0.0
2009-04-24 00:00:00+08:00,8.798556314840043,8.971643883574897,8.668742249484948,8.72643756866455,964562,0.0,0.0
2009-04-27 00:00:00+08:00,8.726437831235899,8.726437831235899,8.236025992257137,8.264874458312988,515955,0.0,0.0
2009-04-28 00:00:00+08:00,7.933125019073486,8.236025851502854,7.8033101464328904,7.933125019073486,492529,0.0,0.0
2009-04-29 00:00:00+08:00,7.933125656482307,8.466808617108297,7.7167685921615545,8.077363967895508,528254,0.0,0.0
2009-04-30 00:00:00+08:00,8.221603836741325,8.625471951228596,8.077364706539905,8.437962532043457,569249,0.0,0.0
2009-05-04 00:00:00+08:00,8.437960496000953,8.697589417639492,8.264873742643948,8.394688606262207,1182423,0.0,0.0
2009-05-05 00:00:00+08:00,8.394689226009772,8.437961118943115,7.817734413022713,7.961972713470459,881985,0.0,0.0
2009-05-06 00:00:00+08:00,7.78888631130663,8.510079383850098,7.78888631130663,8.510079383850098,857974,0.0,0.0
2009-05-07 00:00:00+08:00,8.942795877506347,8.986067771911621,8.510080155845863,8.986067771911621,633671,0.0,0.0
2009-05-08 00:00:00+08:00,8.94279685661078,9.13030788249795,8.683167878547781,9.01491641998291,644798,0.0,0.0
2009-05-11 00:00:00+08:00,9.029339697664309,9.620717960066484,9.029339697664309,9.51975154876709,934108,0.0,0.0
2009-05-12 00:00:00+08:00,9.808227157529771,9.808227157529771,9.087033285207273,9.563021659851074,777154,0.0,0.0
2009-05-13 00:00:00+08:00,9.736108683272125,10.226520538330078,9.736108683272125,10.226520538330078,1367488,0.0,0.0
2009-05-14 00:00:00+08:00,10.529420691382912,10.933289535592158,10.240944096373479,10.457301139831543,1776856,0.0,0.0
2009-05-15 00:00:00+08:00,10.529421869671149,10.716932080209501,9.880348249868726,10.587117195129395,1051238,0.0,0.0
2009-05-18 00:00:00+08:00,10.601541429293011,10.760203171504129,10.442878881483782,10.587117195129395,653583,0.0,0.0
2009-05-19 00:00:00+08:00,10.601540733299254,11.207343222035966,10.601540733299254,10.745779037475586,1187108,0.0,0.0
2009-05-20 00:00:00+08:00,10.760203262721175,10.890018148901756,10.168824963363729,10.601541519165039,894870,0.0,0.0
2009-05-21 00:00:00+08:00,10.529420403899664,10.83232202878652,10.529420403899664,10.81789779663086,715076,0.0,0.0
2009-05-22 00:00:00+08:00,10.817898941201586,11.567939758300781,10.817898941201586,11.567939758300781,2026927,0.0,0.0
2009-05-25 00:00:00+08:00,12.24586033643915,12.375675201416016,11.971806374555552,12.375675201416016,627229,0.0,0.0
2009-05-26 00:00:00+08:00,13.241107273883486,13.241107273883486,12.260284423344187,12.808391571044922,2533513,0.0,0.0
2009-05-27 00:00:00+08:00,13.269954554939678,13.70267105102539,13.269954554939678,13.70267105102539,3267330,0.0,0.0
2009-06-01 00:00:00+08:00,13.991149568679182,14.077691742017018,12.98147745310402,13.414193153381348,2052110,0.0,0.0
2009-06-02 00:00:00+08:00,13.414193140470868,13.688246309636343,12.909358694365213,13.342074394226074,1181252,0.0,0.0
2009-06-03 00:00:00+08:00,13.125716374805975,13.241107011786049,12.418946709307987,12.721847534179688,863830,0.0,0.0
2009-06-04 00:00:00+08:00,12.303555263489137,13.558432065507969,11.971806779459799,13.197835922241211,941136,0.0,0.0
2009-06-05 00:00:00+08:00,13.197835329531772,14.12096118927002,12.80839073891938,14.12096118927002,2251816,0.0,0.0
2009-06-08 00:00:00+08:00,15.217174749680513,15.217174749680513,14.279624699068258,14.712340354919434,3810225,0.0,0.0
2009-06-09 00:00:00+08:00,14.856581407910955,14.856581407910955,13.688246726989746,13.688246726989746,1642156,0.0,0.0
2009-06-10 00:00:00+08:00,12.736273124987893,13.688246726989746,12.736273124987893,13.688246726989746,1827221,0.0,0.0
2009-06-11 00:00:00+08:00,13.688246129277355,13.688246129277355,12.736272568844477,13.197835922241211,1296624,0.0,0.0
2009-06-12 00:00:00+08:00,13.197836411224868,13.558432567851817,12.851662876353972,13.486313819885254,893113,0.0,0.0
2009-06-15 00:00:00+08:00,13.428618178676665,13.428618178676665,12.548761740749146,13.342074394226074,749629,0.0,0.0
2009-06-16 00:00:00+08:00,13.197836108840708,13.659399468763322,12.98147745310402,13.414193153381348,572763,0.0,0.0
2009-06-17 00:00:00+08:00,14.063268060560684,14.351744651794434,13.558432011906598,14.351744651794434,2012286,0.0,0.0
2009-06-18 00:00:00+08:00,14.423866284394924,15.217177383288329,14.423866284394924,15.145058631896973,2462064,0.0,0.0
2009-06-19 00:00:00+08:00,16.154727935791016,16.154727935791016,16.154727935791016,16.154727935791016,1927367,0.0,0.0
2009-06-22 00:00:00+08:00,16.298966286709227,16.298966286709227,15.07293638773034,15.217175483703613,2887244,0.0,0.0
2009-06-23 00:00:00+08:00,14.16423651151275,15.000819504998942,14.16423651151275,14.423866271972656,1068221,0.0,0.0
2009-06-24 00:00:00+08:00,14.7123428884858,14.7123428884858,14.221931834815377,14.423866271972656,1177738,0.0,0.0
2009-06-25 00:00:00+08:00,14.568102626493733,14.568102626493733,14.27962603271593,14.39501667022705,623129,0.0,0.0
2009-06-26 00:00:00+08:00,14.568103774631147,14.568103774631147,13.70267231389556,14.423866271972656,1038939,0.0,0.0
2009-06-29 00:00:00+08:00,14.640222857971946,15.433537196565261,14.640222857971946,14.784461975097656,2724434,0.0,0.0
2009-06-30 00:00:00+08:00,14.856580090629256,15.145056670021884,14.308472172989333,14.640220642089844,920638,0.0,0.0
2009-07-01 00:00:00+08:00,14.640221570700753,14.640221570700753,14.423865330830042,14.495984077453613,528840,0.0,0.0
2009-07-02 00:00:00+08:00,14.640221570700753,14.784460675143949,14.423865330830042,14.495984077453613,1259143,0.0,0.0
2009-07-03 00:00:00+08:00,14.495985023301902,14.568103774631147,14.279627158118005,14.423866271972656,574520,0.0,0.0
2009-07-06 00:00:00+08:00,14.568104994548259,15.433538138950428,14.423867479811475,15.361417770385742,3249175,0.0,0.0
2009-07-07 00:00:00+08:00,15.289295502869958,15.361414243681184,14.928698576421985,15.072936058044434,1227518,0.0,0.0
2009-07-08 00:00:00+08:00,14.856580464627456,15.28929615020752,14.856580464627456,15.28929615020752,1152555,0.0,0.0
2009-07-09 00:00:00+08:00,15.577775954807377,15.86625421224985,15.21717893860245,15.505657196044922,1238059,0.0,0.0
2009-07-10 00:00:00+08:00,15.794130866292914,15.794130866292914,14.784460377883375,14.85658073425293,884328,0.0,0.0
2009-07-13 00:00:00+08:00,14.71234172898065,14.856580831467568,14.322897924581609,14.39501667022705,661196,0.0,0.0
2009-07-14 00:00:00+08:00,14.395016865462981,14.71234192852038,14.10653865657659,14.495984077453613,1032497,0.0,0.0
2009-07-15 00:00:00+08:00,14.856582002340451,14.856582002340451,14.423866271972656,14.423866271972656,554608,0.0,0.0
2009-07-16 00:00:00+08:00,14.640222939947593,14.712343304512375,14.20750719734373,14.265202522277832,546409,0.0,0.0
2009-07-17 00:00:00+08:00,14.279627158118005,14.423866271972656,13.933453607106074,14.423866271972656,773641,0.0,0.0
2009-07-20 00:00:00+08:00,14.423865957018577,14.568103456527552,13.9911502360994,14.279626846313477,579791,0.0,0.0
2009-07-21 00:00:00+08:00,14.279627360887348,14.351746113240674,14.005574168509293,14.019997596740723,606145,0.0,0.0
2009-07-22 00:00:00+08:00,13.919029270876885,14.640221570700753,13.919029270876885,14.495984077453613,1337034,0.0,0.0
2009-07-23 00:00:00+08:00,14.423865646812157,14.423865646812157,14.20750617980957,14.20750617980957,482573,0.0,0.0
2009-07-24 00:00:00+08:00,14.423865646812157,14.423865646812157,14.135387431606103,14.20750617980957,630742,0.0,0.0
2009-07-27 00:00:00+08:00,14.236353471501573,14.35174410358739,14.005572207329942,14.034419059753418,627229,0.0,0.0
2009-07-28 00:00:00+08:00,14.063269111558434,14.120962822920818,13.818062782287598,13.818062782287598,1249187,0.0,0.0
2009-07-29 00:00:00+08:00,13.846910793537013,13.919029541563091,13.269955170142083,13.558432579040527,797652,0.0,0.0
2009-07-30 00:00:00+08:00,13.601703856042928,14.149810183077095,13.57285700261798,13.774789810180664,821078,0.0,0.0
2009-07-31 00:00:00+08:00,14.063269120423698,14.063269120423698,13.77479089625308,13.890181541442871,579791,0.0,0.0
2009-08-03 00:00:00+08:00,13.991149252147869,14.207505486195709,13.616127268449445,13.70267105102539,465004,0.0,0.0
2009-08-04 00:00:00+08:00,13.774790434314848,13.991149900785256,13.558432579040527,13.558432579040527,463247,0.0,0.0
2009-08-05 00:00:00+08:00,13.702671993832018,13.702671993832018,12.981478052600385,13.125717163085938,638356,0.0,0.0
2009-08-06 00:00:00+08:00,13.269955106911764,13.269955106911764,12.217013495887382,12.332404136657715,2015800,0.0,0.0
2009-08-10 00:00:00+08:00,12.303554347217386,12.303554347217386,11.654481659914245,12.043926239013672,746115,0.0,0.0
2009-08-11 00:00:00+08:00,11.971807491225752,12.606458448975259,11.971807491225752,12.548762321472168,528840,0.0,0.0
2009-08-12 00:00:00+08:00,12.693000160375137,13.399769841766977,12.67857673322728,12.837239265441895,867930,0.0,0.0
2009-08-13 00:00:00+08:00,12.981479057482133,13.26995649518589,12.981479057482133,13.1834135055542,541724,0.0,0.0
2009-08-14 00:00:00+08:00,13.269955331627903,13.356499119269243,12.981477919218898,13.010326385498047,460319,0.0,0.0
2009-08-17 00:00:00+08:00,13.010326519175946,13.298803934548985,13.010326519175946,13.125717163085938,505414,0.0,0.0
2009-08-18 00:00:00+08:00,13.16898869122731,13.241107438866981,12.837239390812279,12.880511283874512,564564,0.0,0.0
2009-08-19 00:00:00+08:00,12.693000104289675,13.197836164194623,12.693000104289675,12.851662635803223,277011,0.0,0.0
2009-08-20 00:00:00+08:00,12.85166172014715,12.967053156588877,12.476642169904945,12.765119552612305,286381,0.0,0.0
2009-08-21 00:00:00+08:00,12.837240229920797,12.98147854022634,12.260285377502441,12.260285377502441,454462,0.0,0.0
2009-08-24 00:00:00+08:00,12.332403908790303,12.967054032496698,12.332403908790303,12.750696182250977,374814,0.0,0.0
2009-08-25 00:00:00+08:00,12.692999422022217,12.692999422022217,12.346827523434122,12.418946266174316,323277,0.0,0.0
2009-08-26 00:00:00+08:00,12.418947755916285,12.418947755916285,11.697754602816154,12.116046905517578,386527,0.0,0.0
2009-08-27 00:00:00+08:00,11.8275684835466,12.116045881525494,11.8275684835466,12.058350563049316,300437,0.0,0.0
2009-08-28 00:00:00+08:00,12.20258821325407,12.765119552612305,12.144892897832193,12.765119552612305,773641,0.0,0.0
2009-08-31 00:00:00+08:00,12.981477237032006,13.125716338455657,12.692999839782715,12.692999839782715,210247,0.0,0.0
2009-09-01 00:00:00+08:00,12.69300060483843,13.269955434112285,12.69300060483843,13.096869468688965,862659,0.0,0.0
2009-09-02 00:00:00+08:00,13.125718148015055,13.327652595608381,13.053598587360565,13.154565811157227,290481,0.0,0.0
2009-09-03 00:00:00+08:00,13.154564688903523,13.197836582724193,12.909359170315186,13.010326385498047,677009,0.0,0.0
2009-09-04 00:00:00+08:00,13.125716944497565,13.702671765635362,12.981477836414092,13.688246726989746,780668,0.0,0.0
2009-09-07 00:00:00+08:00,13.91903018170172,14.135388046926376,13.702672316477061,13.846911430358887,726203,0.0,0.0
2009-09-08 00:00:00+08:00,13.991150390981892,13.991150390981892,13.2699556350708,13.2699556350708,529425,0.0,0.0
2009-09-09 00:00:00+08:00,13.125716809834563,13.19783636313639,12.952630043029785,12.952630043029785,306879,0.0,0.0
2009-09-10 00:00:00+08:00,13.125717116655846,13.125717116655846,12.404523983573378,12.519914627075195,602631,0.0,0.0
2009-09-11 00:00:00+08:00,12.260283493360971,12.909357803982402,12.260283493360971,12.736271858215332,283453,0.0,0.0
2009-09-14 00:00:00+08:00,12.837239458721156,12.967054332996536,12.736273050371897,12.938206672668457,203219,0.0,0.0
2009-09-15 00:00:00+08:00,12.981477919218898,13.197836582724193,12.981477919218898,13.010326385498047,241872,0.0,0.0
2009-09-16 00:00:00+08:00,13.01032546757491,13.342073944800537,13.01032546757491,13.039173126220703,422252,0.0,0.0
2009-09-17 00:00:00+08:00,13.269954667535755,13.269954667535755,13.053596820456098,13.197835922241211,420495,0.0,0.0
2009-09-18 00:00:00+08:00,13.284379186296718,13.414194066334558,13.197837007068928,13.313227653503418,294580,0.0,0.0
2009-09-21 00:00:00+08:00,13.846911004687694,14.23635482788086,13.846911004687694,14.23635482788086,1363974,0.0,0.0
2009-09-22 00:00:00+08:00,15.145056741314956,15.217175483703613,14.712341064591095,15.217175483703613,4457952,0.0,0.0
2009-09-23 00:00:00+08:00,15.14505764368192,15.14505764368192,14.207505880788732,14.568102836608887,2638929,0.0,0.0
2009-09-24 00:00:00+08:00,14.423865992926501,15.577774047851562,14.423865992926501,15.577774047851562,2716235,0.0,0.0
2009-09-25 00:00:00+08:00,16.37108674965893,16.659564971923828,16.010489777425864,16.659564971923828,5163072,0.0,0.0
2009-09-28 00:00:00+08:00,17.8134708404541,17.8134708404541,17.8134708404541,17.8134708404541,1639228,0.0,0.0
2009-09-29 00:00:00+08:00,19.03950309753418,19.03950309753418,19.03950309753418,19.03950309753418,1189451,0.0,0.0
2009-09-30 00:00:00+08:00,20.337648978501406,20.337648978501406,19.111620636818344,19.616455078125,11736385,0.0,0.0
2009-10-01 00:00:00+08:00,20.193409847987713,20.337648950100775,19.039501864671294,19.472217559814453,3905100,0.0,0.0
2009-10-02 00:00:00+08:00,19.18373770117915,20.770362854003906,18.895261133027326,20.770362854003906,7346368,0.0,0.0
2009-10-05 00:00:00+08:00,21.203080786106007,21.49155738520029,20.337649377627084,20.91460418701172,4982693,0.0,0.0
2009-10-06 00:00:00+08:00,21.203083038330078,22.068514538736466,21.058843917863605,21.203083038330078,5732908,0.0,0.0
2009-10-07 00:00:00+08:00,21.203079774535386,21.49155635986684,19.832812369020015,20.409767150878906,5494549,0.0,0.0
2009-10-08 00:00:00+08:00,20.62612497683351,21.20307975824924,20.049170195417776,20.337648391723633,3639216,0.0,0.0
2009-10-09 00:00:00+08:00,20.55400751722486,20.55400751722486,19.472218241495796,20.049171447753906,2582707,0.0,0.0
2009-10-12 00:00:00+08:00,20.121292134255498,20.62612660074274,19.97705302474652,20.26552963256836,1981247,0.0,0.0
2009-10-13 00:00:00+08:00,20.193410260680523,21.347319878775426,19.54433670470066,20.842485427856445,2856205,0.0,0.0
2009-10-14 00:00:00+08:00,20.914604819760687,21.05884231807355,20.26552963256836,20.26552963256836,1671439,0.0,0.0
2009-10-15 00:00:00+08:00,20.698244317493575,20.698244317493575,19.616455078125,19.616455078125,2044497,0.0,0.0
2009-10-16 00:00:00+08:00,19.6164543890432,19.977051326564442,19.183738708496094,19.183738708496094,1585934,0.0,0.0
2009-10-19 00:00:00+08:00,19.03950154595421,19.6885734666076,19.03950154595421,19.327978134155273,862073,0.0,0.0
2009-10-20 00:00:00+08:00,19.688575071082177,19.688575071082177,19.03950309753418,19.03950309753418,1287254,0.0,0.0
2009-10-21 00:00:00+08:00,19.40009712402292,19.40009712402292,18.390426635742188,18.390426635742188,1923853,0.0,0.0
2009-10-22 00:00:00+08:00,17.813473066978194,19.255859347919422,17.813473066978194,19.03950309753418,2102476,0.0,0.0
2009-10-23 00:00:00+08:00,19.183739625943865,19.255858372418746,18.462547327606874,18.60678482055664,1323564,0.0,0.0
2009-10-26 00:00:00+08:00,18.174071966710084,18.89526598923509,18.02983283996582,18.02983283996582,1413754,0.0,0.0
2009-10-27 00:00:00+08:00,18.02982865665829,18.246186490976864,17.597112988021134,17.741352081298828,658268,0.0,0.0
2009-10-28 00:00:00+08:00,17.59711424087613,18.02982994032118,17.4528751373291,17.4528751373291,770127,0.0,0.0
2009-10-29 00:00:00+08:00,17.236517113240513,17.236517113240513,16.298965454101562,16.298965454101562,1689008,0.0,0.0
2009-10-30 00:00:00+08:00,16.731683413897237,16.94804127101516,16.443205196942607,16.587444305419922,1337620,0.0,0.0
2009-11-02 00:00:00+08:00,15.866249154618263,16.443202263197126,15.866249154618263,16.082605361938477,522983,0.0,0.0
2009-11-03 00:00:00+08:00,16.58744272896153,16.73168182373047,16.154727055850667,16.73168182373047,462661,0.0,0.0
2009-11-04 00:00:00+08:00,17.308636412661677,17.741352081298828,17.02015822610629,17.741352081298828,977446,0.0,0.0
2009-11-05 00:00:00+08:00,18.02982957469964,18.02982957469964,17.164398193359375,17.164398193359375,621372,0.0,0.0
2009-11-06 00:00:00+08:00,17.524994446279923,17.524994446279923,16.803800582885742,16.803800582885742,544652,0.0,0.0
2009-11-09 00:00:00+08:00,16.80380469338803,17.308640843494832,16.58744680368407,16.875925064086914,492529,0.0,0.0
2009-11-10 00:00:00+08:00,16.875920918499407,17.236517849823777,16.73168182373047,16.73168182373047,480231,0.0,0.0
2009-11-11 00:00:00+08:00,16.731681841024702,16.87592093594273,16.587442746106678,16.803800582885742,324448,0.0,0.0
2009-11-12 00:00:00+08:00,17.02016033296076,17.16439944409321,16.659564971923828,16.659564971923828,397069,0.0,0.0
2009-11-13 00:00:00+08:00,16.659564654650133,16.803802151839516,16.51532554626465,16.51532554626465,546409,0.0,0.0
2009-11-16 00:00:00+08:00,17.164399154640016,17.669235229492188,16.948041297187974,17.669235229492188,1267342,0.0,0.0
2009-11-17 00:00:00+08:00,18.029832154340703,18.895265270699923,17.66923676798696,18.67890739440918,2783584,0.0,0.0
2009-11-18 00:00:00+08:00,18.67890549850436,18.895263352834828,18.318308537554884,18.75102424621582,1055923,0.0,0.0
2009-11-19 00:00:00+08:00,18.606787735746565,18.67890810471685,18.02983283996582,18.02983283996582,742016,0.0,0.0
2009-11-20 00:00:00+08:00,18.02983155106943,18.462548900368606,17.885592434636376,18.318309783935547,452705,0.0,0.0
2009-11-23 00:00:00+08:00,18.318311093454344,18.606787735746565,18.02983283996582,18.02983283996582,583305,0.0,0.0
2009-11-24 00:00:00+08:00,18.246190724484062,18.67890810471685,18.02983283996582,18.02983283996582,531768,0.0,0.0
2009-11-25 00:00:00+08:00,18.029829336814984,18.390426278014402,17.885590238096018,18.10194969177246,462076,0.0,0.0
2009-11-26 00:00:00+08:00,18.17406738645878,18.46254556724467,17.524993896484375,17.524993896484375,749629,0.0,0.0
2009-11-27 00:00:00+08:00,17.59711749270133,17.741356622902753,16.731685933885494,16.875925064086914,884328,0.0,0.0
2009-11-30 00:00:00+08:00,16.515323849881447,18.029828693179237,16.515323849881447,17.885589599609375,953434,0.0,0.0
2009-12-01 00:00:00+08:00,18.02982865665829,18.318306843213676,17.597112988021134,17.741352081298828,662953,0.0,0.0
2009-12-02 00:00:00+08:00,18.02982994032118,18.174069043868208,17.380756391153607,17.4528751373291,680522,0.0,0.0
2009-12-03 00:00:00+08:00,17.524994428165705,17.5971131699522,16.73168182373047,16.73168182373047,825763,0.0,0.0
2009-12-04 00:00:00+08:00,17.02016258309199,17.308640843494832,16.731685933885494,16.875925064086914,910096,0.0,0.0
2009-12-07 00:00:00+08:00,17.020158767700195,17.52499480463841,17.020158767700195,17.020158767700195,523569,0.0,0.0
2009-12-08 00:00:00+08:00,17.45287671624843,17.45287671624843,16.94804222495674,17.092281341552734,685208,0.0,0.0
2009-12-09 00:00:00+08:00,17.164398528612878,17.524995481613143,17.092279782491243,17.380756378173828,726789,0.0,0.0
2009-12-10 00:00:00+08:00,17.45287519784191,18.534666061401367,17.380756451416367,18.534666061401367,4131746,0.0,0.0
2009-12-11 00:00:00+08:00,18.751023699578756,19.760694194085335,18.24618764672745,19.688573837280273,5237450,0.0,0.0
2009-12-14 00:00:00+08:00,19.68857407366015,19.68857407366015,18.60678482055664,18.60678482055664,2613161,0.0,0.0
2009-12-15 00:00:00+08:00,18.751023219213817,19.03950141665175,18.029829336814984,18.10194969177246,1724733,0.0,0.0
2009-12-16 00:00:00+08:00,17.957710942364162,19.039501787005246,17.74135309567515,18.390426635742188,1612288,0.0,0.0
2009-12-17 00:00:00+08:00,18.46254791054838,18.751024516752402,17.597114869544104,17.669235229492188,1101018,0.0,0.0
2009-12-18 00:00:00+08:00,17.59711456298828,17.66923492167997,17.164398855622448,17.59711456298828,838062,0.0,0.0
2009-12-21 00:00:00+08:00,17.74135334442316,17.74135334442316,17.380756391153607,17.4528751373291,547580,0.0,0.0
2009-12-22 00:00:00+08:00,17.74135619630895,17.957714080810547,17.452877942842612,17.957714080810547,633085,0.0,0.0
2009-12-23 00:00:00+08:00,18.101953207543716,18.101953207543716,17.524998311807348,17.957714080810547,1160754,0.0,0.0
2009-12-24 00:00:00+08:00,18.101950629045803,18.101950629045803,17.524995815492666,17.59711456298828,1019027,0.0,0.0
2009-12-25 00:00:00+08:00,17.74135172647584,17.88558920567289,17.380754806091428,17.524993896484375,604388,0.0,0.0
2009-12-28 00:00:00+08:00,17.741353978244167,17.88559147574813,17.38075701209206,17.669235229492188,1050652,0.0,0.0
2009-12-29 00:00:00+08:00,17.669235876144548,18.462548586234117,17.669235876144548,18.174070358276367,1953136,0.0,0.0
2009-12-30 00:00:00+08:00,18.246190724484062,18.534668977972586,17.957714082191842,18.02983283996582,1307751,0.0,0.0
2009-12-31 00:00:00+08:00,18.318308223461056,19.039502132994098,18.318308223461056,18.60678482055664,3307154,0.0,0.0
2010-01-04 00:00:00+08:00,18.606787735746565,18.67890810471685,17.957714082191842,18.02983283996582,1377444,0.0,0.0
2010-01-05 00:00:00+08:00,18.029830270354115,18.318308482728717,17.59711456298828,17.59711456298828,1196478,0.0,0.0
2010-01-06 00:00:00+08:00,17.59711456298828,17.88559116416681,17.524995815492666,17.59711456298828,754900,0.0,0.0
2010-01-07 00:00:00+08:00,17.597113884029508,17.813471729364576,17.020159092737327,17.164398193359375,1650941,0.0,0.0
2010-01-08 00:00:00+08:00,17.164400094252635,17.30863921084863,16.87592347225684,17.092281341552734,798823,0.0,0.0
2010-01-11 00:00:00+08:00,17.308639521204956,17.45287702919104,17.092281648029612,17.236520767211914,664710,0.0,0.0
2010-01-12 00:00:00+08:00,17.30864143371582,17.380760195677595,17.02016316347593,17.30864143371582,529425,0.0,0.0
2010-01-13 00:00:00+08:00,17.164397865567683,17.380755706770923,16.87592128102869,17.020158767700195,730303,0.0,0.0
2010-01-14 00:00:00+08:00,17.164400402022654,17.308639521204956,17.02016128284035,17.236520767211914,648312,0.0,0.0
2010-01-15 00:00:00+08:00,17.236521669537318,18.318311092045313,17.236521669537318,17.957714080810547,1486374,0.0,0.0
2010-01-18 00:00:00+08:00,17.957709951992275,18.174067786749102,17.59711302366558,17.885589599609375,1512143,0.0,0.0
2010-01-19 00:00:00+08:00,18.246190724484062,18.606787735746565,17.957714082191842,18.02983283996582,2316823,0.0,0.0
2010-01-20 00:00:00+08:00,18.46254791054838,18.46254791054838,17.597114869544104,17.669235229492188,1637471,0.0,0.0
2010-01-21 00:00:00+08:00,17.669233902505898,17.957710487044892,17.020158767700195,17.020158767700195,1211120,0.0,0.0
2010-01-22 00:00:00+08:00,16.443204879760742,16.875922196845767,16.371086132511273,16.443204879760742,1010242,0.0,0.0
2010-01-25 00:00:00+08:00,16.154725708907694,16.443202263197126,16.010486626165072,16.082605361938477,535282,0.0,0.0
2010-01-26 00:00:00+08:00,16.226847169552183,16.37108465099825,15.00081729888916,15.00081729888916,1223418,0.0,0.0
2010-01-27 00:00:00+08:00,14.568103349854626,15.145058177254233,14.135387632103951,14.380592346191406,845090,0.0,0.0
2010-01-28 00:00:00+08:00,14.423867479811475,15.361417770385742,14.423867479811475,15.361417770385742,623129,0.0,0.0
2010-01-29 00:00:00+08:00,15.289295765316172,15.289295765316172,14.495983157991507,14.640220642089844,509513,0.0,0.0
2010-02-01 00:00:00+08:00,14.784459737384134,15.000817574727593,14.423864415942338,14.640220642089844,379499,0.0,0.0
2010-02-02 00:00:00+08:00,15.000819507825007,15.07293825916784,13.846911430358887,13.846911430358887,408782,0.0,0.0
2010-02-03 00:00:00+08:00,14.640222147542792,14.640222147542792,13.846911069837958,14.294050216674805,329134,0.0,0.0
2010-02-04 00:00:00+08:00,14.322897251163914,14.322897251163914,13.991148781118206,14.034419059753418,403511,0.0,0.0
2010-02-05 00:00:00+08:00,13.342075023216202,13.702671993832018,13.053597607843162,13.125717163085938,728546,0.0,0.0
2010-02-08 00:00:00+08:00,12.289131805872913,12.765120196092552,12.260284146707784,12.692999839782715,353731,0.0,0.0
2010-02-09 00:00:00+08:00,12.693000637227346,13.125717163085938,12.693000637227346,13.125717163085938,399411,0.0,0.0
2010-02-10 00:00:00+08:00,13.269956463725915,13.486315145689389,13.125718148015055,13.154565811157227,444506,0.0,0.0
2010-02-22 00:00:00+08:00,13.630550968131711,13.659399433300123,13.269954820702809,13.385345458984375,231916,0.0,0.0
2010-02-23 00:00:00+08:00,13.414193708144568,13.774790677020695,13.342074958847787,13.572857856750488,350803,0.0,0.0
2010-02-24 00:00:00+08:00,13.57285735364848,14.495984077453613,13.57285735364848,14.495984077453613,328548,0.0,0.0
2010-02-25 00:00:00+08:00,15.505657196044922,15.505657196044922,14.928702292356304,15.505657196044922,2349034,0.0,0.0
2010-02-26 00:00:00+08:00,15.577774702494777,15.577774702494777,14.49598535204243,14.784461975097656,843918,0.0,0.0
2010-03-01 00:00:00+08:00,14.423864150713051,15.577772058261193,14.423864150713051,15.00081729888916,551680,0.0,0.0
2010-03-02 00:00:00+08:00,15.000817574727593,15.000817574727593,14.495983157991507,14.640220642089844,643041,0.0,0.0
2010-03-03 00:00:00+08:00,14.712340706635999,15.072936021001864,14.640220354806088,14.928698539733887,302194,0.0,0.0
2010-03-04 00:00:00+08:00,14.92869979242904,14.92869979242904,14.495984089923278,14.568102836608887,466761,0.0,0.0
2010-03-05 00:00:00+08:00,14.495984089923278,14.712341941176158,14.495984089923278,14.568102836608887,337918,0.0,0.0
2010-03-08 00:00:00+08:00,14.712341941176158,14.712341941176158,14.409440304943702,14.568102836608887,531768,0.0,0.0
2010-03-09 00:00:00+08:00,14.568101900040675,14.712340995334966,14.423864415942338,14.640220642089844,357245,0.0,0.0
2010-03-10 00:00:00+08:00,14.71234192852038,15.000818526210717,14.351744973010417,14.495984077453613,842747,0.0,0.0
2010-03-11 00:00:00+08:00,14.568102836608887,14.784460687861767,14.495984089923278,14.568102836608887,339675,0.0,0.0
2010-03-12 00:00:00+08:00,14.784460675143949,14.856581032963575,14.423865330830042,14.495984077453613,393555,0.0,0.0
2010-03-15 00:00:00+08:00,14.423866599077673,14.856582339258612,14.423866599077673,14.784461975097656,580962,0.0,0.0
2010-03-16 00:00:00+08:00,14.568102836608887,14.784460687861767,14.495984089923278,14.568102836608887,277011,0.0,0.0
2010-03-17 00:00:00+08:00,14.784459093829335,14.784459093829335,14.495982526993846,14.712340354919434,331476,0.0,0.0
2010-03-18 00:00:00+08:00,14.712340724801106,15.217175132254182,14.712340724801106,15.00081729888916,725032,0.0,0.0
2010-03-19 00:00:00+08:00,15.000817280367874,15.145056372831775,14.856579799099897,14.928698539733887,282867,0.0,0.0
2010-03-22 00:00:00+08:00,14.928698539733887,14.928698539733887,14.928698539733887,14.928698539733887,0,0.0,0.0
2010-03-23 00:00:00+08:00,15.289297745875848,15.433536859854721,15.072938269309454,15.145058631896973,484330,0.0,0.0
2010-03-24 00:00:00+08:00,15.289295465295673,15.289295465295673,14.928698539733887,14.928698539733887,549923,0.0,0.0
2010-03-25 00:00:00+08:00,14.928701092223369,15.072938598152884,14.7123432221329,14.784461975097656,373057,0.0,0.0
2010-03-26 00:00:00+08:00,14.85657944393512,14.928698182845022,14.64022000481365,14.712340354919434,479645,0.0,0.0
2010-03-29 00:00:00+08:00,14.92869947942646,15.361415172859687,14.712341632709846,14.85658073425293,1043039,0.0,0.0
2010-03-30 00:00:00+08:00,15.145056741314956,15.361414579676888,15.145056741314956,15.217175483703613,742016,0.0,0.0
2010-03-31 00:00:00+08:00,15.361415581225868,16.226848602294922,15.289296834135142,16.226848602294922,2323265,0.0,0.0
2010-04-01 00:00:00+08:00,16.587447369312496,17.30864143371582,16.44320823419255,17.30864143371582,2792955,0.0,0.0
2010-04-02 00:00:00+08:00,17.81347598984103,18.318312157162637,16.875925639552385,17.30864143371582,3841265,0.0,0.0
2010-04-06 00:00:00+08:00,17.45287573389161,17.597114842368928,16.587444305419922,16.587444305419922,1333520,0.0,0.0
2010-04-07 00:00:00+08:00,16.587444305419922,17.020160019655766,16.587444305419922,16.587444305419922,689307,0.0,0.0
2010-04-08 00:00:00+08:00,16.58744272896153,17.30863659161027,16.58744272896153,16.73168182373047,1447721,0.0,0.0
2010-04-09 00:00:00+08:00,16.731683413897237,17.020160019655766,16.515325556779313,16.587444305419922,620786,0.0,0.0
2010-04-12 00:00:00+08:00,16.73168435566085,17.38075796354853,16.73168435566085,17.092281341552734,1464705,0.0,0.0
2010-04-13 00:00:00+08:00,17.020159749435148,17.813472416671196,16.731683148256618,17.59711456298828,1689594,0.0,0.0
2010-04-14 00:00:00+08:00,18.029828296065837,18.029828296065837,17.308636066492905,17.524993896484375,1207606,0.0,0.0
2010-04-15 00:00:00+08:00,17.597113547974164,17.597113547974164,16.948040024364442,17.020158767700195,850946,0.0,0.0
2010-04-16 00:00:00+08:00,17.308637632052193,17.597114227734778,17.164398528612878,17.380756378173828,1070564,0.0,0.0
2010-04-19 00:00:00+08:00,17.308637864636157,17.308637864636157,16.226848602294922,16.226848602294922,1441279,0.0,0.0
2010-04-20 00:00:00+08:00,16.15472920416573,16.515326183443605,15.289297742855755,15.722013473510742,946992,0.0,0.0
2010-04-21 00:00:00+08:00,15.938370087450673,16.154727935791016,15.7941309848251,16.154727935791016,539381,0.0,0.0
2010-04-22 00:00:00+08:00,16.443206417307355,17.236520767211914,15.938371916963622,17.236520767211914,1184180,0.0,0.0
2010-04-23 00:00:00+08:00,17.308637402297126,18.390426635742188,17.02015919924776,18.390426635742188,7268477,0.0,0.0
2010-04-26 00:00:00+08:00,19.4722178074878,19.4722178074878,18.390426944674225,18.462547302246094,5672000,0.0,0.0
2010-04-27 00:00:00+08:00,18.751024883484796,19.47221882989411,18.101951298434088,19.111621856689453,3387388,0.0,0.0
2010-04-28 00:00:00+08:00,18.029829459260483,19.832812566306135,18.029829459260483,19.327978134155273,3272015,0.0,0.0
2010-04-29 00:00:00+08:00,19.832813517868168,19.832813517868168,18.534666391885352,18.75102424621582,2004087,0.0,0.0
2010-04-30 00:00:00+08:00,19.11161947815931,19.11161947815931,17.741352117235447,17.885589599609375,1844791,0.0,0.0
2010-05-03 00:00:00+08:00,17.813470466074367,17.88558920567289,17.020157885707015,17.524993896484375,1177152,0.0,0.0
2010-05-04 00:00:00+08:00,17.66923492167997,18.174069376541418,17.380756709305366,17.59711456298828,714490,0.0,0.0
2010-05-05 00:00:00+08:00,16.587444936577487,17.308638895209622,16.587444936577487,16.948041915893555,1046552,0.0,0.0
2010-05-06 00:00:00+08:00,16.948041915893555,17.308638895209622,16.515326185192738,16.948041915893555,925323,0.0,0.0
2010-05-07 00:00:00+08:00,16.15472920587667,16.948041915893555,16.15472920587667,16.948041915893555,1361631,0.0,0.0
2010-05-10 00:00:00+08:00,17.092280108126836,17.59711456298828,16.948041001939533,17.59711456298828,1084620,0.0,0.0
2010-05-11 00:00:00+08:00,17.741354627535905,18.462548586234117,17.308638896795443,18.174070358276367,1800867,0.0,0.0
2010-05-12 00:00:00+08:00,18.462547327606874,19.11162087946898,17.741353418073835,18.60678482055664,2533513,0.0,0.0
2010-05-13 00:00:00+08:00,18.75102614944068,19.039504391959166,18.101952520568446,18.67890739440918,2441566,0.0,0.0
2010-05-14 00:00:00+08:00,18.6067844824312,18.6067844824312,18.246187534217505,18.390426635742188,907168,0.0,0.0
2010-05-17 00:00:00+08:00,18.02982867499269,18.17406776841706,17.236517689148485,17.8134708404541,1214633,0.0,0.0
2010-05-18 00:00:00+08:00,17.813472077295728,17.885590823417363,17.380756378173828,17.380756378173828,794724,0.0,0.0
2010-05-19 00:00:00+08:00,17.2365195145881,17.88559147574813,17.164399154640016,17.669235229492188,620786,0.0,0.0
2010-05-20 00:00:00+08:00,18.029830270354115,18.174069376541418,17.524995815492666,17.59711456298828,859145,0.0,0.0
2010-05-21 00:00:00+08:00,17.020158767700195,17.09227912223193,16.371085244090473,17.020158767700195,1594133,0.0,0.0
2010-05-24 00:00:00+08:00,17.597113547974164,17.597113547974164,17.020158767700195,17.020158767700195,771884,0.0,0.0
2010-05-25 00:00:00+08:00,17.30863660950086,17.30863660950086,16.371084909327614,16.803800582885742,896041,0.0,0.0
2010-05-26 00:00:00+08:00,16.94804093176985,17.02015967896687,16.37108612060547,16.37108612060547,803509,0.0,0.0
2010-05-27 00:00:00+08:00,16.515328044181533,16.875925064086914,16.44320767348265,16.875925064086914,423423,0.0,0.0
2010-05-28 00:00:00+08:00,17.16439978124396,17.452876397979118,16.731684050543148,16.948041915893555,544066,0.0,0.0
2010-05-31 00:00:00+08:00,17.020159092737327,17.236518549268403,16.948040348024307,17.164398193359375,292824,0.0,0.0
2010-06-01 00:00:00+08:00,17.020158767700195,17.30863696343517,16.948040024364442,17.020158767700195,414053,0.0,0.0
2010-06-02 00:00:00+08:00,17.02016316347593,17.741357227879256,17.02016316347593,17.30864143371582,1026055,0.0,0.0
2010-06-03 00:00:00+08:00,17.813470466074367,18.029828296065837,17.380754806091428,17.524993896484375,598532,0.0,0.0
2010-06-04 00:00:00+08:00,17.524995481613143,17.524995481613143,17.308637632052193,17.380756378173828,252999,0.0,0.0
2010-06-07 00:00:00+08:00,17.164400402022654,17.236520767211914,16.731684655671963,17.236520767211914,650654,0.0,0.0
2010-06-08 00:00:00+08:00,17.38075796354853,17.45287671624843,17.02016097765664,17.092281341552734,393555,0.0,0.0
2010-06-09 00:00:00+08:00,18.246189109667725,18.246189109667725,17.885592130318617,18.174070358276367,3200566,0.0,0.0
2010-06-10 00:00:00+08:00,18.029830270354115,18.029830270354115,17.30863796180975,17.59711456298828,2089006,0.0,0.0
2010-06-11 00:00:00+08:00,17.88558920567289,17.95770955646731,17.380754806091428,17.524993896484375,1156654,0.0,0.0
2010-06-14 00:00:00+08:00,17.45287354568995,17.74135172647584,17.380754806091428,17.524993896484375,497800,0.0,0.0
2010-06-15 00:00:00+08:00,17.524993896484375,17.74135172647584,17.380754806091428,17.524993896484375,561636,0.0,0.0
2010-06-17 00:00:00+08:00,17.4528751373291,17.59711424087613,17.308637644978116,17.4528751373291,528254,0.0,0.0
2010-06-18 00:00:00+08:00,17.45287478340746,17.45287478340746,17.164398193359375,17.164398193359375,569835,0.0,0.0
2010-06-21 00:00:00+08:00,17.164396976099958,17.597112636082898,17.020157885707015,17.524993896484375,920638,0.0,0.0
2010-06-22 00:00:00+08:00,17.669236196740513,17.669236196740513,17.092281341552734,17.092281341552734,510685,0.0,0.0
2010-06-23 00:00:00+08:00,17.741353978244167,18.246188441900234,17.597114869544104,17.669235229492188,2226048,0.0,0.0
2010-06-24 00:00:00+08:00,17.59711424087613,17.813472090598655,17.308637644978116,17.4528751373291,1501601,0.0,0.0
2010-06-25 00:00:00+08:00,17.308636412661677,17.88558956338059,17.308636412661677,17.741352081298828,1189451,0.0,0.0
2010-06-28 00:00:00+08:00,17.741352081298828,17.741352081298828,17.741352081298828,17.741352081298828,0,0.0,0.0
2010-06-29 00:00:00+08:00,17.74135172647584,17.74135172647584,17.236517326894383,17.524993896484375,641870,0.0,0.0
2010-06-30 00:00:00+08:00,17.308637632052193,17.452875124295463,17.164398528612878,17.380756378173828,627229,0.0,0.0
2010-07-01 00:00:00+08:00,17.452874093222935,17.452874093222935,16.587442746106678,16.803800582885742,562807,0.0,0.0
2010-07-02 00:00:00+08:00,16.803802162537846,17.020160019655766,16.587444305419922,16.587444305419922,812293,0.0,0.0
2010-07-05 00:00:00+08:00,16.587444610759537,16.87592283302444,16.587444610759537,16.659564971923828,319178,0.0,0.0
2010-07-06 00:00:00+08:00,16.803800926496955,17.30863696343517,16.803800926496955,17.020158767700195,440992,0.0,0.0
2010-07-07 00:00:00+08:00,17.16439978124396,17.236520143824873,16.948041915893555,16.948041915893555,362516,0.0,0.0
2010-07-08 00:00:00+08:00,17.020159092737327,17.236518549268403,17.020159092737327,17.164398193359375,361344,0.0,0.0
2010-07-09 00:00:00+08:00,17.236517706534826,18.246186527936064,17.092278612964964,17.885589599609375,2107161,0.0,0.0
2010-07-12 00:00:00+08:00,17.164398541431087,17.813472090598655,17.164398541431087,17.4528751373291,1515657,0.0,0.0
2010-07-13 00:00:00+08:00,18.029830270354115,18.029830270354115,17.452875456800978,17.59711456298828,690478,0.0,0.0
2010-07-14 00:00:00+08:00,17.88559116416681,17.88559116416681,17.380756709305366,17.59711456298828,999115,0.0,0.0
2010-07-15 00:00:00+08:00,17.59711424087613,17.59711424087613,17.308637644978116,17.4528751373291,637770,0.0,0.0
2010-07-16 00:00:00+08:00,17.30863921084863,17.597115832844423,17.02016097765664,17.092281341552734,729717,0.0,0.0
2010-07-19 00:00:00+08:00,17.02016128284035,17.380758275197998,16.948042528847306,17.236520767211914,257099,0.0,0.0
2010-07-20 00:00:00+08:00,17.236518549268403,17.52499513931649,17.164398193359375,17.164398193359375,372472,0.0,0.0
2010-07-21 00:00:00+08:00,17.30863696343517,17.30863696343517,16.948040024364442,17.020158767700195,648312,0.0,0.0
2010-07-22 00:00:00+08:00,17.02016097765664,17.30863921084863,17.02016097765664,17.092281341552734,405854,0.0,0.0
2010-07-23 00:00:00+08:00,17.164398193359375,17.308637293981423,17.092279448646355,17.164398193359375,412296,0.0,0.0
2010-07-26 00:00:00+08:00,17.30863921084863,17.30863921084863,17.02016097765664,17.092281341552734,587404,0.0,0.0
2010-07-27 00:00:00+08:00,17.092281341552734,17.164400094252635,16.94804222495674,17.092281341552734,323863,0.0,0.0
2010-07-28 00:00:00+08:00,17.164398528612878,17.669234585052457,17.092279782491243,17.380756378173828,962219,0.0,0.0
2010-07-29 00:00:00+08:00,17.669238465917484,17.669238465917484,17.164402298595878,17.30864143371582,448020,0.0,0.0
2010-07-30 00:00:00+08:00,17.308637644978116,17.74135334442316,17.308637644978116,17.4528751373291,986231,0.0,0.0
2010-08-02 00:00:00+08:00,17.741354627535905,18.60678608901683,17.524996762165674,18.174070358276367,3470550,0.0,0.0
2010-08-03 00:00:00+08:00,18.17406646518319,19.255855560302734,17.597111744054164,19.255855560302734,3164256,0.0,0.0
2010-08-04 00:00:00+08:00,19.255858702588224,19.255858702588224,18.534666391885352,18.75102424621582,2813452,0.0,0.0
2010-08-05 00:00:00+08:00,18.75102254983262,18.967380384589447,17.81347085842241,17.885589599609375,2049768,0.0,0.0
2010-08-06 00:00:00+08:00,17.81347085842241,18.101949045562137,17.66923337604848,17.885589599609375,581548,0.0,0.0
2010-08-09 00:00:00+08:00,17.88558956338059,18.1019490088951,17.741352081298828,17.741352081298828,618444,0.0,0.0
2010-08-10 00:00:00+08:00,17.74135619630895,18.02983283857898,17.524998311807348,17.957714080810547,527668,0.0,0.0
2010-08-11 00:00:00+08:00,17.741353331174093,17.741353331174093,17.236518885930558,17.380756378173828,890770,0.0,0.0
2010-08-12 00:00:00+08:00,16.87592160331129,17.236518549268403,16.87592160331129,17.164398193359375,739673,0.0,0.0
2010-08-13 00:00:00+08:00,17.164402298595878,17.597118092759313,17.092283536634103,17.30864143371582,636013,0.0,0.0
2010-08-16 00:00:00+08:00,17.45287702919104,17.597116148373345,17.236520767211914,17.236520767211914,363687,0.0,0.0
2010-08-17 00:00:00+08:00,17.30864143371582,17.452878957639367,17.164402298595878,17.30864143371582,463247,0.0,0.0
2010-08-18 00:00:00+08:00,17.452878957639367,17.524999330797538,17.164402298595878,17.30864143371582,484330,0.0,0.0
2010-08-19 00:00:00+08:00,17.30864143371582,17.30864143371582,17.092283536634103,17.30864143371582,535867,0.0,0.0
2010-08-20 00:00:00+08:00,17.45287478340746,17.45287478340746,17.092279448646355,17.164398193359375,368958,0.0,0.0
2010-08-23 00:00:00+08:00,17.308637293981423,17.45287478340746,17.164398193359375,17.164398193359375,569835,0.0,0.0
2010-08-24 00:00:00+08:00,17.380757646594372,17.380757646594372,16.875923164508805,16.948041915893555,955777,0.0,0.0
2010-08-25 00:00:00+08:00,16.731683078982716,16.94804093176985,16.37108612060547,16.37108612060547,966904,0.0,0.0
2010-08-26 00:00:00+08:00,16.371086132511273,16.51532523820628,16.2989673852618,16.443204879760742,431622,0.0,0.0
2010-08-27 00:00:00+08:00,16.44320767348265,17.02016258309199,16.298970154477573,16.875925064086914,429865,0.0,0.0
2010-08-30 00:00:00+08:00,17.02016000881969,17.092280368610485,16.51532554626465,16.51532554626465,310393,0.0,0.0
2010-08-31 00:00:00+08:00,16.443207186893083,16.443207186893083,15.361417770385742,15.361417770385742,1356360,0.0,0.0
2010-09-01 00:00:00+08:00,15.433535333662437,16.010488510131836,15.433535333662437,16.010488510131836,299266,0.0,0.0
2010-09-02 00:00:00+08:00,16.010490093377896,16.082608844769254,15.145058631896973,15.145058631896973,602046,0.0,0.0
2010-09-03 00:00:00+08:00,15.722013473510742,16.082608841592457,15.361416494232865,15.722013473510742,422837,0.0,0.0
2010-09-06 00:00:00+08:00,15.866251945495604,16.154728550528137,15.72201283738129,15.866251945495605,229574,0.0,0.0
2010-09-07 00:00:00+08:00,15.86625163724575,16.15472823667375,15.57777342662168,15.7941312789917,332062,0.0,0.0
2010-09-08 00:00:00+08:00,15.722013140128531,15.722013140128531,15.361416168497042,15.433536529541016,368958,0.0,0.0
2010-09-09 00:00:00+08:00,15.361414579676888,15.577772418038819,15.145056741314956,15.217175483703613,419909,0.0,0.0
2010-09-10 00:00:00+08:00,15.433536859854721,15.433536859854721,15.072938269309454,15.145058631896973,412881,0.0,0.0
2010-09-13 00:00:00+08:00,15.145057051282167,15.361414894072198,15.145057051282167,15.28929615020752,238358,0.0,0.0
2010-09-14 00:00:00+08:00,15.433538138950428,15.649894411055602,15.145059887084273,15.361417770385742,185064,0.0,0.0
2010-09-15 00:00:00+08:00,15.433535249132872,15.433535249132872,15.145057051282167,15.28929615020752,539381,0.0,0.0
2010-09-16 00:00:00+08:00,15.28929615020752,15.361414894072198,15.145057051282167,15.28929615020752,340847,0.0,0.0
2010-09-17 00:00:00+08:00,15.28929505625803,16.298965454101562,15.28929505625803,16.298965454101562,2016971,0.0,0.0
2010-09-20 00:00:00+08:00,16.44320767348265,17.236522083992295,16.44320767348265,16.875925064086914,1574221,0.0,0.0
2010-09-21 00:00:00+08:00,18.02983283996582,18.02983283996582,18.02983283996582,18.02983283996582,2022242,0.0,0.0
2010-09-23 00:00:00+08:00,19.255858359244957,19.255858359244957,18.462547314975826,18.534666061401367,6674630,0.0,0.0
2010-09-24 00:00:00+08:00,18.534664306843194,18.60678304644172,17.380754806091428,17.524993896484375,1930881,0.0,0.0
2010-09-27 00:00:00+08:00,17.813473702140314,17.813473702140314,17.092281341552734,17.092281341552734,1104532,0.0,0.0
2010-09-28 00:00:00+08:00,16.875923164508805,17.52499676056003,16.875923164508805,16.948041915893555,659439,0.0,0.0
2010-09-29 00:00:00+08:00,17.45287576084404,18.02983058444819,17.45287576084404,17.669235229492188,1698379,0.0,0.0
2010-09-30 00:00:00+08:00,17.95771118073504,17.95771118073504,17.380756378173828,17.380756378173828,586233,0.0,0.0
2010-10-01 00:00:00+08:00,17.452875124295463,17.669234585052457,17.308637632052193,17.380756378173828,423423,0.0,0.0
2010-10-04 00:00:00+08:00,17.30863921084863,17.957712818736308,17.092281341552734,17.092281341552734,754900,0.0,0.0
2010-10-05 00:00:00+08:00,17.092283536634103,17.380760195677595,16.94804440151416,17.30864143371582,292824,0.0,0.0
2010-10-06 00:00:00+08:00,17.66923423993854,17.66923423993854,17.164398193359375,17.164398193359375,526497,0.0,0.0
2010-10-07 00:00:00+08:00,17.164397865567683,17.30863696343517,16.948040024364442,17.020158767700195,328548,0.0,0.0
2010-10-08 00:00:00+08:00,17.020158767700195,17.30863696343517,16.87592128102869,17.020158767700195,289895,0.0,0.0
2010-10-11 00:00:00+08:00,17.16439912813308,17.16439912813308,16.587444305419922,16.587444305419922,395898,0.0,0.0
2010-10-12 00:00:00+08:00,16.659562370016225,16.80379984742539,16.298965454101562,16.298965454101562,474960,0.0,0.0
2010-10-13 00:00:00+08:00,16.298965454101562,16.659562370016225,16.298965454101562,16.298965454101562,527083,0.0,0.0
2010-10-14 00:00:00+08:00,16.58744398545575,16.58744398545575,16.154728279566793,16.443204879760742,496043,0.0,0.0
2010-10-15 00:00:00+08:00,16.587443632471697,16.587443632471697,16.010488833165443,16.154727935791016,597360,0.0,0.0
2010-10-18 00:00:00+08:00,16.08260723936111,16.08260723936111,15.794130651396014,15.938369750976562,292824,0.0,0.0
2010-10-19 00:00:00+08:00,15.938369765872162,16.298966709562535,15.938369765872162,16.010488510131836,277597,0.0,0.0
2010-10-20 00:00:00+08:00,16.154726365496522,16.298965454101562,16.010487276891478,16.298965454101562,189164,0.0,0.0
2010-10-21 00:00:00+08:00,16.298966694329934,16.298966694329934,15.866251006784289,15.938369750976562,223131,0.0,0.0
2010-10-22 00:00:00+08:00,16.010488833165443,16.154727935791016,16.010488833165443,16.154727935791016,170423,0.0,0.0
2010-10-25 00:00:00+08:00,16.154728279566793,16.443204879760742,16.154728279566793,16.443204879760742,160467,0.0,0.0
2010-10-26 00:00:00+08:00,16.73168273509727,16.73168273509727,16.154727935791016,16.154727935791016,239530,0.0,0.0
2010-10-27 00:00:00+08:00,15.577772807623193,16.010488495168836,15.577772807623193,15.938369750976562,402925,0.0,0.0
2010-10-28 00:00:00+08:00,15.938370384303735,16.082607878419704,15.649892173679666,15.7941312789917,557536,0.0,0.0
2010-10-29 00:00:00+08:00,15.866251006784289,16.010488495168836,15.794130651396014,15.938369750976562,381256,0.0,0.0
2010-11-01 00:00:00+08:00,15.86625421224985,15.938372971012303,15.433538437282467,15.505657196044922,449192,0.0,0.0
2010-11-02 00:00:00+08:00,15.57777565368721,15.722014779620288,15.28929901301735,15.361417770385742,339090,0.0,0.0
2010-11-03 00:00:00+08:00,15.289296427686157,15.5777730195763,14.568102531166762,14.85658073425293,908340,0.0,0.0
2010-11-04 00:00:00+08:00,14.856579817443095,15.14505639153115,14.856579817443095,15.00081729888916,252999,0.0,0.0
2010-11-05 00:00:00+08:00,15.217175113465762,15.289295465295673,14.856579799099897,14.928698539733887,278182,0.0,0.0
2010-11-08 00:00:00+08:00,14.85657944393512,14.85657944393512,14.568101265903747,14.712340354919434,368,0.0,0.0
2010-11-09 00:00:00+08:00,14.856581032963575,14.856581032963575,14.423865330830042,14.495984077453613,277597,0.0,0.0
2010-11-10 00:00:00+08:00,14.42386534323767,14.568102836608887,14.42386534323767,14.568102836608887,280525,0.0,0.0
2010-11-11 00:00:00+08:00,14.42386534323767,14.712341941176158,14.42386534323767,14.568102836608887,445678,0.0,0.0
2010-11-12 00:00:00+08:00,14.568103774631147,14.568103774631147,14.351745909447251,14.423866271972656,344361,0.0,0.0
2010-11-15 00:00:00+08:00,14.42386588620907,14.42386588620907,13.443042193904011,13.717095375061035,312150,0.0,0.0
2010-11-16 00:00:00+08:00,13.717093976837482,14.640220642089844,13.70267055066684,14.640220642089844,322106,0.0,0.0
2010-11-17 00:00:00+08:00,14.640220642089844,14.784459737384134,14.423864415942338,14.640220642089844,375986,0.0,0.0
2010-11-18 00:00:00+08:00,14.568104105007187,14.928701092223369,14.568104105007187,14.784461975097656,275840,0.0,0.0
2010-11-19 00:00:00+08:00,14.784460687861767,15.000818539114647,14.495984089923278,14.568102836608887,270569,0.0,0.0
2010-11-22 00:00:00+08:00,14.423865078617704,14.568102569342742,14.366168148892458,14.409440040588379,244215,0.0,0.0
2010-11-23 00:00:00+08:00,14.423865078617704,14.495983823980223,14.409440040588379,14.409440040588379,136455,0.0,0.0
2010-11-24 00:00:00+08:00,14.135386721392457,14.42386492210431,14.01999608558612,14.221930503845215,185650,0.0,0.0
2010-11-25 00:00:00+08:00,14.40944060821459,14.40944060821459,14.164235897605144,14.20750617980957,192678,0.0,0.0
2010-11-26 00:00:00+08:00,14.16423511505127,14.279625750280086,14.063267906427054,14.16423511505127,230745,0.0,0.0
2010-11-29 00:00:00+08:00,14.25077685840546,14.279625321945321,14.106537763098066,14.12096118927002,133527,0.0,0.0
2010-11-30 00:00:00+08:00,14.135387431606103,14.351745287412598,14.135387431606103,14.20750617980957,184479,0.0,0.0
2010-12-01 00:00:00+08:00,14.22193090684878,14.495984077453613,14.207505868567221,14.495984077453613,163395,0.0,0.0
2010-12-02 00:00:00+08:00,14.49598477426289,14.49598477426289,14.279626912795992,14.337322235107422,246557,0.0,0.0
2010-12-03 00:00:00+08:00,14.351744973010417,14.568102824077183,14.351744973010417,14.495984077453613,212004,0.0,0.0
2010-12-06 00:00:00+08:00,14.640222157417783,14.640222157417783,14.366168975830078,14.366168975830078,352560,0.0,0.0
2010-12-07 00:00:00+08:00,14.380591839551826,14.568102836608887,14.23635434618061,14.568102836608887,220789,0.0,0.0
2010-12-08 00:00:00+08:00,14.568102824077183,14.568102824077183,14.308473080557853,14.495984077453613,219032,0.0,0.0
2010-12-09 00:00:00+08:00,14.423863788083944,14.928698182845022,14.32289658689255,14.712340354919434,404682,0.0,0.0
2010-12-10 00:00:00+08:00,14.71234192852038,14.784460675143949,14.423865330830042,14.495984077453613,286381,0.0,0.0
2010-12-13 00:00:00+08:00,14.423864779047394,15.361414894072198,14.380591277054195,15.28929615020752,905411,0.0,0.0
2010-12-14 00:00:00+08:00,15.289295099786298,15.289295099786298,14.712340354919434,14.712340354919434,380671,0.0,0.0
2010-12-15 00:00:00+08:00,14.423866271972656,14.7123428884858,14.380592765500486,14.423866271972656,423423,0.0,0.0
2010-12-16 00:00:00+08:00,14.351745909447251,14.568103774631147,14.351745909447251,14.423866271972656,156368,0.0,0.0
2010-12-17 00:00:00+08:00,14.568103349854626,14.568103349854626,14.351745490979289,14.380592346191406,323863,0.0,0.0
2010-12-20 00:00:00+08:00,14.423865908876445,14.568103407904003,14.322898692839482,14.366168975830078,228402,0.0,0.0
2010-12-21 00:00:00+08:00,14.423866271972656,14.640222525960393,14.423866271972656,14.423866271972656,204976,0.0,0.0
2010-12-22 00:00:00+08:00,14.423866271972656,14.640222525960393,14.409441232749879,14.423866271972656,213,0.0,0.0
2010-12-23 00:00:00+08:00,14.423866271972656,14.568103774631147,14.380592765500486,14.423866271972656,380671,0.0,0.0
2010-12-24 00:00:00+08:00,14.423866271972656,14.568103774631147,14.423866271972656,14.423866271972656,304536,0.0,0.0
2010-12-27 00:00:00+08:00,14.495985023301902,14.7123428884858,14.423866271972656,14.423866271972656,412296,0.0,0.0
2010-12-28 00:00:00+08:00,14.42386585140181,14.49598460062822,14.351745490979289,14.380592346191406,275254,0.0,0.0
2010-12-29 00:00:00+08:00,14.38059240349361,14.640222157417783,14.366168975830078,14.366168975830078,310393,0.0,0.0
2010-12-30 00:00:00+08:00,14.36616819170061,14.423865121597782,14.322897911071777,14.322897911071777,241286,0.0,0.0
2010-12-31 00:00:00+08:00,14.351745596067964,14.351745596067964,14.207506485362863,14.279626846313477,362516,0.0,0.0
2011-01-03 00:00:00+08:00,14.207506739161005,14.279627101399953,13.861334800720215,13.861334800720215,474960,0.0,0.0
2011-01-04 00:00:00+08:00,13.99114990234375,14.063268650377863,13.84691079507944,13.99114990234375,285796,0.0,0.0
2011-01-05 00:00:00+08:00,13.919029806817617,13.933453234458481,13.70267194742017,13.717095375061035,310393,0.0,0.0
2011-01-06 00:00:00+08:00,13.832485519837455,14.106538691113247,13.558432348561665,13.976724624633789,350803,0.0,0.0
2011-01-07 00:00:00+08:00,14.04884425635805,14.04884425635805,13.731520783731892,13.846911430358887,142898,0.0,0.0
2011-01-10 00:00:00+08:00,13.846910793537013,13.846910793537013,13.529584113112444,13.558432579040527,207905,0.0,0.0
2011-01-11 00:00:00+08:00,13.55843195046415,13.818061686995977,13.443041314493565,13.70267105102539,299851,0.0,0.0
2011-01-12 00:00:00+08:00,13.832485950696393,13.832485950696393,13.644976558697008,13.65939998626709,231916,0.0,0.0
2011-01-13 00:00:00+08:00,13.70267283175228,13.846911951058072,13.587282180786133,13.587282180786133,177451,0.0,0.0
2011-01-14 00:00:00+08:00,13.587281284370622,13.63055156723102,13.558432817934241,13.572857856750488,98974,0.0,0.0
2011-01-17 00:00:00+08:00,13.630550258756193,13.702670612325841,13.457465115939748,13.471888542175293,208490,0.0,0.0
2011-01-18 00:00:00+08:00,13.486313649453773,13.63055114356412,13.471889416683918,13.529583930969238,237187,0.0,0.0
2011-01-19 00:00:00+08:00,13.558432579040527,13.630551327066605,13.48631383101445,13.558432579040527,307465,0.0,0.0
2011-01-20 00:00:00+08:00,13.558432770884302,13.65939998626709,13.486314021837785,13.65939998626709,176280,0.0,0.0
2011-01-21 00:00:00+08:00,13.673823548069729,14.423865957018577,13.673823548069729,14.279626846313477,708048,0.0,0.0
2011-01-24 00:00:00+08:00,14.322898432609646,14.351745287412598,13.760367040795105,14.20750617980957,307465,0.0,0.0
2011-01-25 00:00:00+08:00,14.13538695791376,14.279626060683176,13.818061898538666,13.875757217407227,210833,0.0,0.0
2011-01-26 00:00:00+08:00,13.919028806793033,14.279625750280086,13.875756915783226,14.16423511505127,268226,0.0,0.0
2011-01-27 00:00:00+08:00,14.279626516968541,14.279626516968541,13.991149913407881,14.063268661499023,181550,0.0,0.0
2011-01-28 00:00:00+08:00,14.135387340877319,14.236354554431767,13.99114984539618,14.005573272705078,157539,0.0,0.0
2011-02-08 00:00:00+08:00,14.005573914001955,14.207506739161005,13.789214438481267,13.861334800720215,253585,0.0,0.0
2011-02-09 00:00:00+08:00,13.861334232220639,13.861334232220639,13.6305513381958,13.6305513381958,333819,0.0,0.0
2011-02-10 00:00:00+08:00,13.630551327066605,13.70267168628877,13.558432579040527,13.558432579040527,220203,0.0,0.0
2011-02-11 00:00:00+08:00,13.558433054076394,13.558433054076394,13.2699556350708,13.2699556350708,260027,0.0,0.0
2011-02-14 00:00:00+08:00,13.12571805844798,13.298804841718027,13.12571805844798,13.140141487121582,236601,0.0,0.0
2011-02-15 00:00:00+08:00,13.125717286845276,13.183412609344268,12.98147817499973,13.168989181518555,175108,0.0,0.0
2011-02-16 00:00:00+08:00,13.168989057351215,13.269955467973427,13.06802184113094,13.125717163085938,248900,0.0,0.0
2011-02-17 00:00:00+08:00,13.140141487121582,13.284379801848193,13.12571805844798,13.140141487121582,186236,0.0,0.0
2011-02-18 00:00:00+08:00,13.226683755755984,13.342074394226074,13.183411863530688,13.342074394226074,153439,0.0,0.0
2011-02-21 00:00:00+08:00,13.414193874651671,13.414193874651671,13.212260246276855,13.212260246276855,199705,0.0,0.0
2011-02-22 00:00:00+08:00,13.226683310217362,13.226683310217362,12.995901235453015,13.039173126220703,207319,0.0,0.0
2011-02-23 00:00:00+08:00,12.981477272982868,13.111292142384459,12.620881129621129,12.721847534179688,358416,0.0,0.0
2011-02-24 00:00:00+08:00,12.72184821906252,12.765120918656661,12.274709073893915,12.491066932678223,257685,0.0,0.0
2011-02-25 00:00:00+08:00,12.54876201672507,12.909358978271484,12.116046307347801,12.909358978271484,439821,0.0,0.0
2011-03-01 00:00:00+08:00,13.125718148015055,13.29880493246621,12.909360271649703,13.154565811157227,197949,0.0,0.0
2011-03-02 00:00:00+08:00,13.313227362238704,13.313227362238704,12.837239747712896,13.125717163085938,176865,0.0,0.0
2011-03-03 00:00:00+08:00,13.125715386975648,13.284377098083496,12.995900527343816,13.284377098083496,168666,0.0,0.0
2011-03-04 00:00:00+08:00,13.644975885089712,13.644975885089712,13.168988298009976,13.226683616638184,156368,0.0,0.0
2011-03-07 00:00:00+08:00,13.41419361092088,13.41419361092088,12.85166302025361,13.053597450256348,104245,0.0,0.0
2011-03-08 00:00:00+08:00,13.053597450256348,13.16898889837136,13.010326362111512,13.053597450256348,103074,0.0,0.0
2011-03-09 00:00:00+08:00,13.125716809834563,13.125716809834563,12.952630043029785,12.952630043029785,165738,0.0,0.0
2011-03-10 00:00:00+08:00,12.952630167944385,13.154564596897734,12.8660871865064,12.995902061462402,106002,0.0,0.0
2011-03-11 00:00:00+08:00,12.86608692533564,12.981477564910621,12.693000160375137,12.837239265441895,120057,0.0,0.0
2011-03-14 00:00:00+08:00,12.693001106933893,12.693001106933893,12.188166618347168,12.188166618347168,298680,0.0,0.0
2011-03-15 00:00:00+08:00,12.188165458468735,12.548761602514524,11.337157495131295,11.539091110229492,766613,0.0,0.0
2011-03-16 00:00:00+08:00,11.539092039028548,11.683331152735299,11.034256752251073,11.58236312866211,258856,0.0,0.0
2011-03-17 00:00:00+08:00,11.279461860656738,11.279461860656738,11.178494645924916,11.279461860656738,89604,0.0,0.0
2011-03-18 00:00:00+08:00,11.32273498358371,11.539092864014233,11.32273498358371,11.394854545593262,181550,0.0,0.0
2011-03-21 00:00:00+08:00,11.394852474315197,11.394852474315197,11.120798510733797,11.322732925415039,213175,0.0,0.0
2011-03-22 00:00:00+08:00,11.32273425514625,11.668907002684016,11.32273425514625,11.52466869354248,262955,0.0,0.0
2011-03-23 00:00:00+08:00,11.539092414074041,12.317981719970703,11.52466898559342,12.317981719970703,326791,0.0,0.0
2011-03-24 00:00:00+08:00,12.721848418156197,13.168989181518555,12.606458578756284,13.168989181518555,1004971,0.0,0.0
2011-03-25 00:00:00+08:00,13.50073768868679,14.063269097047131,13.168989181518555,13.168989181518555,1492816,0.0,0.0
2011-03-28 00:00:00+08:00,13.125716350235441,13.659399253666283,12.779543634345218,13.241106986999512,567492,0.0,0.0
2011-03-29 00:00:00+08:00,12.995902243053218,13.370922640122672,12.837239705400906,13.024750709533691,234259,0.0,0.0
2011-03-30 00:00:00+08:00,13.414194779436777,13.515162003233439,12.981479026706072,13.154565811157227,250657,0.0,0.0
2011-03-31 00:00:00+08:00,13.25553166453468,13.428618431091309,13.168988684055384,13.428618431091309,305708,0.0,0.0
2011-04-01 00:00:00+08:00,14.019997044728594,14.366168975830078,14.019997044728594,14.366168975830078,1810823,0.0,0.0
2011-04-06 00:00:00+08:00,15.361417770385742,15.361417770385742,15.145059887084273,15.361417770385742,2996175,0.0,0.0
2011-04-07 00:00:00+08:00,15.433534576815127,15.50565331753816,14.928698558166127,15.00081729888916,2156355,0.0,0.0
2011-04-08 00:00:00+08:00,14.712340354919434,15.072935660664827,14.568101265903747,14.712340354919434,891356,0.0,0.0
2011-04-11 00:00:00+08:00,14.712342369196381,14.712342369196381,14.149810972855759,14.178659439086914,776569,0.0,0.0
2011-04-12 00:00:00+08:00,14.135387678894615,14.423865899147389,14.034420462925755,14.294050216674805,534696,0.0,0.0
2011-04-13 00:00:00+08:00,14.13538646697998,14.279625564739852,14.13538646697998,14.13538646697998,328548,0.0,0.0
2011-04-14 00:00:00+08:00,14.221932036765452,14.221932036765452,13.846911624375032,14.019997596740723,341432,0.0,0.0
2011-04-15 00:00:00+08:00,14.077690802423941,14.351743953561936,13.890179818847662,13.919028282165527,320349,0.0,0.0
2011-04-18 00:00:00+08:00,13.919028282165527,14.351743953561936,13.846909540664774,13.919028282165527,386527,0.0,0.0
2011-04-19 00:00:00+08:00,13.919029828691633,14.366168975830078,13.919029828691633,14.366168975830078,408782,0.0,0.0
2011-04-20 00:00:00+08:00,14.409439113611706,15.361414224896171,14.409439113611706,15.00081729888916,1436008,0.0,0.0
2011-04-21 00:00:00+08:00,14.92869947942646,14.92869947942646,14.36616811124565,14.85658073425293,760756,0.0,0.0
2011-04-22 00:00:00+08:00,14.856581677937754,14.928700427692242,14.279626846313477,14.279626846313477,658854,0.0,0.0
2011-04-25 00:00:00+08:00,14.06326859313675,14.35174519529511,13.99114984539618,14.005573272705078,229574,0.0,0.0
2011-04-26 00:00:00+08:00,14.279625212061182,14.279625212061182,13.919028282165527,13.919028282165527,244215,0.0,0.0
2011-04-27 00:00:00+08:00,14.322897830859146,14.85658073425293,14.135386837733535,14.85658073425293,1315951,0.0,0.0
2011-04-28 00:00:00+08:00,15.145057291682267,15.145057291682267,14.351744651794434,14.351744651794434,1075835,0.0,0.0
2011-04-29 00:00:00+08:00,14.351744308021798,14.640220892345562,14.13538646697998,14.13538646697998,640113,0.0,0.0
2011-05-03 00:00:00+08:00,14.135387121943651,15.000818526210717,14.135387121943651,14.495984077453613,771884,0.0,0.0
2011-05-04 00:00:00+08:00,14.423863788083944,15.433534188801984,14.423863788083944,14.712340354919434,1029569,0.0,0.0
2011-05-05 00:00:00+08:00,14.71234290115651,15.289297745875848,14.640222538568992,15.145058631896973,1067050,0.0,0.0
2011-05-06 00:00:00+08:00,15.145059887084273,15.57777565368721,14.928702003782805,15.361417770385742,779497,0.0,0.0
2011-05-09 00:00:00+08:00,16.37108612060547,16.37108612060547,16.29896737340845,16.37108612060547,3846536,0.0,0.0
2011-05-10 00:00:00+08:00,16.010488422442293,16.010488422442293,15.28929615020752,15.28929615020752,2492517,0.0,0.0
2011-05-11 00:00:00+08:00,15.433534557759572,15.57777203902755,14.928698539733887,14.928698539733887,846261,0.0,0.0
2011-05-12 00:00:00+08:00,14.712341365702104,15.433535249132872,14.712341365702104,15.28929615020752,573935,0.0,0.0
2011-05-13 00:00:00+08:00,15.000819517918098,15.361416497267204,14.856582015135386,15.145058631896973,840990,0.0,0.0
2011-05-16 00:00:00+08:00,15.07293696977352,15.145057326143073,14.85658073425293,14.85658073425293,386527,0.0,0.0
2011-05-17 00:00:00+08:00,14.85658073425293,15.07293696977352,14.712341632709846,14.85658073425293,345532,0.0,0.0
2011-05-18 00:00:00+08:00,14.85658073425293,15.000818224599989,14.712341632709846,14.85658073425293,617272,0.0,0.0
2011-05-19 00:00:00+08:00,14.85657944393512,15.000816921754923,14.712340354919434,14.712340354919434,401754,0.0,0.0
2011-05-20 00:00:00+08:00,14.712341715103483,14.928699563031767,14.279626019246914,14.322897911071777,500143,0.0,0.0
2011-05-23 00:00:00+08:00,14.351745548166546,14.568103407904003,14.279626798652767,14.366168975830078,228988,0.0,0.0
2011-05-24 00:00:00+08:00,14.423866271972656,14.568103774631147,14.322899053394018,14.423866271972656,230159,0.0,0.0
2011-05-25 00:00:00+08:00,14.423866271972656,14.7123428884858,14.423866271972656,14.423866271972656,166324,0.0,0.0
2011-05-26 00:00:00+08:00,14.42386416835156,15.145056410051584,14.42386416835156,15.072936058044434,616687,0.0,0.0
2011-05-27 00:00:00+08:00,14.78445948360361,15.361414243681184,14.78445948360361,15.072936058044434,425766,0.0,0.0
2011-05-30 00:00:00+08:00,15.072936058044434,15.145056410051584,14.640220390785235,15.072936058044434,264127,0.0,0.0
2011-05-31 00:00:00+08:00,15.072939518519586,15.505656896318818,15.072939518519586,15.361417770385742,608488,0.0,0.0
2011-06-01 00:00:00+08:00,15.361417770385742,15.433538138950428,15.072939518519586,15.361417770385742,385356,0.0,0.0
2011-06-02 00:00:00+08:00,15.289296233947088,16.154727609847185,15.145057134231736,16.010488510131836,1366902,0.0,0.0
2011-06-03 00:00:00+08:00,16.298966167466574,17.092278772721794,16.298966167466574,16.803800582885742,6000549,0.0,0.0
2011-06-07 00:00:00+08:00,16.948039146108492,17.74135172647584,16.875920406509966,17.524993896484375,4950482,0.0,0.0
2011-06-08 00:00:00+08:00,17.88559414190783,18.02983327210925,16.875925064086914,16.875925064086914,2926483,0.0,0.0
2011-06-09 00:00:00+08:00,17.164397496841335,17.236517849823777,16.58744272896153,16.73168182373047,1587106,0.0,0.0
2011-06-10 00:00:00+08:00,17.02015967896687,17.02015967896687,16.37108612060547,16.37108612060547,1019027,0.0,0.0
2011-06-13 00:00:00+08:00,16.154728890430864,16.226849251603515,15.289297445928106,15.649892807006836,2023999,0.0,0.0
2011-06-14 00:00:00+08:00,15.433538437282467,15.722015083528612,15.289299308561231,15.505657196044922,568078,0.0,0.0
2011-06-15 00:00:00+08:00,15.794133842291068,15.794133842291068,15.361418067323685,15.505657196044922,551680,0.0,0.0
2011-06-16 00:00:00+08:00,15.217177383288329,15.433536859854721,14.71234290115651,15.145058631896973,919467,0.0,0.0
2011-06-17 00:00:00+08:00,15.145056372831775,15.145056372831775,14.712340706635999,14.928698539733887,391212,0.0,0.0
2011-06-20 00:00:00+08:00,14.856580464627456,15.433535249132872,14.640221010641431,15.28929615020752,906583,0.0,0.0
2011-06-21 00:00:00+08:00,15.289299308561231,15.505657196044922,14.856583533593849,15.505657196044922,530011,0.0,0.0
2011-06-22 00:00:00+08:00,15.57777565368721,15.57777565368721,15.217178644452664,15.361417770385742,474960,0.0,0.0
2011-06-23 00:00:00+08:00,15.289296219658096,15.938369750976562,15.072936764689274,15.938369750976562,463247,0.0,0.0
2011-06-24 00:00:00+08:00,15.866249154618263,16.082605361938477,15.649889724906423,16.082605361938477,937622,0.0,0.0
2011-06-27 00:00:00+08:00,15.866249154618263,16.226846055876912,15.72201007187564,16.082605361938477,506585,0.0,0.0
2011-06-28 00:00:00+08:00,16.082607878419704,16.15472823667375,15.722012531933716,15.7941312789917,275254,0.0,0.0
2011-06-29 00:00:00+08:00,15.722013140128531,15.938371000868198,15.361416168497042,15.433536529541016,498386,0.0,0.0
2011-06-30 00:00:00+08:00,15.433536547983511,15.577774047851562,15.217177075789174,15.577774047851562,414638,0.0,0.0
2011-07-01 00:00:00+08:00,15.433536529541016,15.938371000868198,15.289297418649195,15.433536529541016,369543,0.0,0.0
2011-07-04 00:00:00+08:00,15.433534933261505,15.577772418038819,15.217175483703613,15.217175483703613,297509,0.0,0.0
2011-07-05 00:00:00+08:00,15.217175132254182,15.433534576815127,14.712340724801106,15.00081729888916,734988,0.0,0.0
2011-07-06 00:00:00+08:00,15.00081729888916,15.00081729888916,14.784459465524138,15.00081729888916,296923,0.0,0.0
2011-07-07 00:00:00+08:00,15.000817952356815,15.28929615020752,14.784460109566783,15.28929615020752,298680,0.0,0.0
2011-07-08 00:00:00+08:00,15.289295484173138,15.289295484173138,14.928698558166127,15.00081729888916,197363,0.0,0.0
2011-07-11 00:00:00+08:00,14.784459093829335,15.000816921754923,14.423863788083944,14.712340354919434,315664,0.0,0.0
2011-07-12 00:00:00+08:00,14.42386534323767,14.92869979242904,14.279626238670398,14.568102836608887,327962,0.0,0.0
2011-07-13 00:00:00+08:00,14.423865646812157,14.495984395015626,14.149810859007578,14.20750617980957,260027,0.0,0.0
2011-07-14 00:00:00+08:00,14.207505210261926,14.423864662499724,13.226683212365153,14.13538646697998,444506,0.0,0.0
2011-07-15 00:00:00+08:00,13.933453559875488,14.063269245263484,13.70267226744726,13.933453559875488,257685,0.0,0.0
2011-07-18 00:00:00+08:00,13.93345170822649,13.93345170822649,13.558431352269874,13.919028282165527,370715,0.0,0.0
2011-07-19 00:00:00+08:00,13.919028282165527,13.991148634862222,13.702670446467323,13.919028282165527,223131,0.0,0.0
2011-07-20 00:00:00+08:00,14.423866271972656,14.568103774631147,14.25077869086861,14.423866271972656,750800,0.0,0.0
2011-07-21 00:00:00+08:00,14.32289899650409,14.32289899650409,13.861334800720215,13.861334800720215,444506,0.0,0.0
2011-07-22 00:00:00+08:00,14.063269361811175,14.120963074200207,13.702672381006545,13.904606819152832,253585,0.0,0.0
2011-07-25 00:00:00+08:00,13.774790434314848,13.904606114197094,13.558432579040527,13.558432579040527,195606,0.0,0.0
2011-07-26 00:00:00+08:00,13.919029459405358,13.919029459405358,13.342074645013975,13.428618431091309,253585,0.0,0.0
2011-07-27 00:00:00+08:00,13.44304191305666,13.44304191305666,12.894935562193458,12.981477737426758,563393,0.0,0.0
2011-07-28 00:00:00+08:00,12.692999839782715,12.837238941206365,12.548761543957076,12.692999839782715,433379,0.0,0.0
2011-07-29 00:00:00+08:00,12.692999604798008,12.75069572765815,12.548761311642641,12.56318473815918,223131,0.0,0.0
2011-08-01 00:00:00+08:00,12.60645815382428,12.995901970364336,12.60645815382428,12.981477737426758,234259,0.0,0.0
2011-08-02 00:00:00+08:00,12.98147750755049,13.08244471953148,12.721847764055953,12.851662635803223,141726,0.0,0.0
2011-08-03 00:00:00+08:00,12.404523950284112,12.693000558264485,12.274709073893915,12.491066932678223,346703,0.0,0.0
2011-08-04 00:00:00+08:00,12.563184815056841,12.750695805703542,12.332403544595675,12.50549030303955,173351,0.0,0.0
2011-08-05 00:00:00+08:00,11.68333136715617,11.971807988667845,11.640059471130371,11.640059471130371,611416,0.0,0.0
2011-08-08 00:00:00+08:00,11.250613578356596,11.539090973534664,10.832322120666504,10.832322120666504,247729,0.0,0.0
2011-08-09 00:00:00+08:00,10.082282052291179,10.457301643879605,10.082282052291179,10.197671890258789,521812,0.0,0.0
2011-08-10 00:00:00+08:00,10.399605751037598,10.817898019391134,10.399605751037598,10.399605751037598,400583,0.0,0.0
2011-08-11 00:00:00+08:00,10.096704483032227,10.240943578845819,9.736107549096229,10.096704483032227,258856,0.0,0.0
2011-08-12 00:00:00+08:00,10.385181501750267,10.529419786864347,10.31306195639425,10.442876815795898,234844,0.0,0.0
2011-08-15 00:00:00+08:00,10.442877872832732,10.673659957973168,10.385182552947132,10.529420852661133,212004,0.0,0.0
2011-08-16 00:00:00+08:00,10.673660151352784,11.250614166259766,10.529421043427504,11.250614166259766,336161,0.0,0.0
2011-08-17 00:00:00+08:00,11.250614006367865,11.250614006367865,10.96213740581318,11.178494453430176,117715,0.0,0.0
2011-08-18 00:00:00+08:00,10.962137561605298,11.466972022549639,10.846746114145464,11.250614166259766,210833,0.0,0.0
2011-08-19 00:00:00+08:00,10.918865704947711,10.962137598590902,10.486149185309957,10.659235954284668,263541,0.0,0.0
2011-08-22 00:00:00+08:00,10.659235886425162,10.659235886425162,9.981314659118652,9.981314659118652,196777,0.0,0.0
2011-08-23 00:00:00+08:00,9.678413188615217,10.385182894450091,9.678413188615217,10.197671890258789,156368,0.0,0.0
2011-08-24 00:00:00+08:00,10.197670883384166,10.240943578845819,9.88034664490982,10.096704483032227,130013,0.0,0.0
2011-08-25 00:00:00+08:00,9.952465237631072,10.168822249390686,9.952465237631072,10.139974594116211,69692,0.0,0.0
2011-08-26 00:00:00+08:00,10.139976388404818,10.139976388404818,9.952466998739528,9.981314659118652,74962,0.0,0.0
2011-08-29 00:00:00+08:00,9.966889954094016,10.31306266784668,9.952466527386575,10.31306266784668,138212,0.0,0.0
2011-08-30 00:00:00+08:00,10.168823781767461,10.385182437326748,10.154400354755657,10.370759010314941,102488,0.0,0.0
2011-08-31 00:00:00+08:00,10.240943873166627,10.313062617548109,10.212096214294434,10.212096214294434,50951,0.0,0.0
2011-09-01 00:00:00+08:00,10.111129054756463,10.370758791470463,10.111129054756463,10.31306266784668,226060,0.0,0.0
2011-09-02 00:00:00+08:00,10.240943923113463,10.31306266784668,10.024585272119792,10.31306266784668,129428,0.0,0.0
2011-09-05 00:00:00+08:00,10.096704483032227,10.096704483032227,9.88034664490982,10.096704483032227,81405,0.0,0.0
2011-09-06 00:00:00+08:00,10.298639130295356,10.298639130295356,9.808228088394745,10.154400825500488,140555,0.0,0.0
2011-09-07 00:00:00+08:00,10.024586102906555,10.226520538330078,9.966890780099284,10.226520538330078,71449,0.0,0.0
2011-09-08 00:00:00+08:00,10.284215952054677,10.370759742628744,10.1111299821027,10.240944862365723,76719,0.0,0.0
2011-09-09 00:00:00+08:00,10.226520323052606,10.240944556249817,10.082282019070773,10.168824195861816,99560,0.0,0.0
2011-09-13 00:00:00+08:00,10.096706233619944,10.096706233619944,9.952467918395996,9.952467918395996,67349,0.0,0.0
2011-09-14 00:00:00+08:00,10.096704483032227,10.111128714852779,9.519750516571799,10.096704483032227,108344,0.0,0.0
2011-09-15 00:00:00+08:00,10.096704483032227,10.096704483032227,9.88034664490982,10.096704483032227,146997,0.0,0.0
2011-09-16 00:00:00+08:00,10.125552914727805,10.212096701067612,10.024585701063392,10.067856788635254,67935,0.0,0.0
2011-09-19 00:00:00+08:00,10.09670574847433,10.240944862365723,9.952467440181016,10.240944862365723,122986,0.0,0.0
2011-09-20 00:00:00+08:00,9.966889619039186,10.168823225341043,9.966889619039186,10.096704483032227,80233,0.0,0.0
2011-09-21 00:00:00+08:00,10.096704483032227,10.240943578845819,10.039008361348003,10.096704483032227,46266,0.0,0.0
2011-09-22 00:00:00+08:00,10.226520116794333,10.226520116794333,9.99573802947998,9.99573802947998,56222,0.0,0.0
2011-09-23 00:00:00+08:00,9.303393395584845,9.865924027894934,9.303393395584845,9.33224105834961,61493,0.0,0.0
2011-09-26 00:00:00+08:00,9.231274662559393,9.231274662559393,8.683167457580566,8.683167457580566,155782,0.0,0.0
2011-09-27 00:00:00+08:00,8.798555958112301,9.072609921501234,8.308145764968815,9.029338836669922,151097,0.0,0.0
2011-09-28 00:00:00+08:00,8.654318548412686,9.144730402754947,8.654318548412686,9.000492095947266,97217,0.0,0.0
2011-09-29 00:00:00+08:00,8.942795608848932,9.447630870819374,8.74086198741958,9.37551212310791,231330,0.0,0.0
2011-09-30 00:00:00+08:00,9.288968404237195,9.51975129873987,9.159154335176265,9.433207511901855,91946,0.0,0.0
2011-10-03 00:00:00+08:00,9.1447296289111,9.288967923513074,8.957219443129537,9.216848373413086,100145,0.0,0.0
2011-10-04 00:00:00+08:00,9.014915661870816,9.216849294493699,9.014915661870816,9.18800163269043,108344,0.0,0.0
2011-10-05 00:00:00+08:00,9.188001748536673,9.188001748536673,8.66874302393271,9.159154891967773,202634,0.0,0.0
2011-10-06 00:00:00+08:00,9.144729649668909,9.346663262570042,9.014914781433463,9.173577308654785,107759,0.0,0.0
2011-10-07 00:00:00+08:00,9.173578204587837,9.18800163269043,9.087034413579946,9.18800163269043,32210,0.0,0.0
2011-10-11 00:00:00+08:00,9.087033732663876,9.346663475036621,9.087033732663876,9.346663475036621,165152,0.0,0.0
2011-10-12 00:00:00+08:00,9.303392340470577,9.332239999963678,9.173577469952612,9.245697021484375,22840,0.0,0.0
2011-10-13 00:00:00+08:00,9.303392137670915,9.808227376192578,9.274544478806648,9.73610782623291,552851,0.0,0.0
2011-10-14 00:00:00+08:00,9.736108966485,9.938043407782578,9.66399021367709,9.837076187133789,210247,0.0,0.0
2011-10-17 00:00:00+08:00,9.880347147230417,9.966890125759663,9.606293173490778,9.793804168701172,95460,0.0,0.0
2011-10-18 00:00:00+08:00,9.736108966485,9.894771511619354,9.620718317513868,9.837076187133789,45680,0.0,0.0
2011-10-19 00:00:00+08:00,9.837075506657213,10.09670525448055,9.822652079332606,10.067856788635254,198534,0.0,0.0
2011-10-20 00:00:00+08:00,10.06785858143904,10.082283622528426,9.67841469595302,9.880349159240723,48023,0.0,0.0
2011-10-21 00:00:00+08:00,10.240944040407946,10.240944040407946,9.736107987905257,9.8082275390625,78476,0.0,0.0
2011-10-24 00:00:00+08:00,9.8082275390625,10.096704938093458,9.404359502658366,9.8082275390625,220789,0.0,0.0
2011-10-25 00:00:00+08:00,9.808226398904713,9.808226398904713,9.519749839005744,9.779377937316895,38067,0.0,0.0
2011-10-26 00:00:00+08:00,9.534173668644346,9.591868983071592,9.375511151170437,9.418782234191895,96046,0.0,0.0
2011-10-27 00:00:00+08:00,8.769709712106303,9.101459015290894,8.769709712106303,8.812981605529785,205562,0.0,0.0
2011-10-28 00:00:00+08:00,8.942796796372438,9.04376402329368,8.740863148128101,8.957221031188965,272326,0.0,0.0
2011-10-31 00:00:00+08:00,9.014915490634229,9.014915490634229,8.726438072483026,8.971644401550293,118300,0.0,0.0
2011-11-01 00:00:00+08:00,8.942795919433484,9.130306925670084,8.928371686031412,9.087034225463867,156953,0.0,0.0
2011-11-02 00:00:00+08:00,8.94279685661078,9.043764084212132,8.827406199693892,9.01491641998291,103659,0.0,0.0
2011-11-03 00:00:00+08:00,8.870675741234104,8.942794479840735,8.755284309387207,8.755284309387207,128256,0.0,0.0
2011-11-04 00:00:00+08:00,8.798556327819824,8.856252452682565,8.76970947378549,8.798556327819824,133527,0.0,0.0
2011-11-07 00:00:00+08:00,8.769709655431361,8.85625263612099,8.697590102057651,8.827404975891113,82576,0.0,0.0
2011-11-08 00:00:00+08:00,8.769709530348301,8.82740484998514,8.712014210711462,8.784132957458496,97803,0.0,0.0
2011-11-09 00:00:00+08:00,8.654318016891036,8.812981353031978,8.654318016891036,8.72643756866455,102488,0.0,0.0
2011-11-10 00:00:00+08:00,8.654318145769329,8.654318145769329,8.120636032611506,8.221602439880371,334405,0.0,0.0
2011-11-11 00:00:00+08:00,8.336992771249514,8.336992771249514,7.947548972609285,8.03409194946289,93703,0.0,0.0
2011-11-14 00:00:00+08:00,8.365840739977346,8.365840739977346,8.16390711984158,8.221602439880371,157539,0.0,0.0
2011-11-15 00:00:00+08:00,8.221602439880371,8.279298565517195,8.077363334185362,8.221602439880371,75548,0.0,0.0
2011-11-16 00:00:00+08:00,8.207178207071657,8.293721992727875,8.106210994204757,8.221602439880371,85504,0.0,0.0
2011-11-17 00:00:00+08:00,8.106211239307964,8.336993332039192,8.106211239307964,8.308146476745605,130599,0.0,0.0
2011-11-18 00:00:00+08:00,8.279299918956605,8.279299918956605,7.78888800726187,7.81773567199707,179208,0.0,0.0
2011-11-21 00:00:00+08:00,7.817734430725866,7.817734430725866,7.284051509463631,7.298475742340088,292238,0.0,0.0
2011-11-22 00:00:00+08:00,7.2119315689472945,7.471561301995308,6.808063542871493,6.836911201477051,267055,0.0,0.0
2011-11-23 00:00:00+08:00,6.836911621286109,7.125388225055106,6.707096343992017,6.851335048675537,310393,0.0,0.0
2011-11-24 00:00:00+08:00,6.923454495244642,7.327323345465607,6.923454495244642,7.312899112701416,221374,0.0,0.0
2011-11-25 00:00:00+08:00,7.110964354377252,7.327323002113545,6.981149487974674,7.096540927886963,95460,0.0,0.0
2011-11-28 00:00:00+08:00,7.139814376601166,7.298476936205596,7.067694811617834,7.211933135986328,213761,0.0,0.0
2011-11-29 00:00:00+08:00,7.226355737249761,7.284051053951501,7.110964298248291,7.110964298248291,120057,0.0,0.0
2011-11-30 00:00:00+08:00,7.2119320117838495,7.255203099550177,6.851335048675537,6.851335048675537,176280,0.0,0.0
2011-12-01 00:00:00+08:00,7.067693844214545,7.19750872117663,7.067693844214545,7.183084487915039,100145,0.0,0.0
2011-12-02 00:00:00+08:00,7.35617023433226,7.35617023433226,7.211931934003368,7.341746807098389,142312,0.0,0.0
2011-12-05 00:00:00+08:00,7.341746864082882,7.356170291428704,7.096541348821534,7.3273234367370605,99560,0.0,0.0
2011-12-06 00:00:00+08:00,7.226355994491306,7.240779421381188,7.067693465114506,7.197508335113525,142898,0.0,0.0
2011-12-07 00:00:00+08:00,7.1975085039803295,7.1975085039803295,6.995574883598133,7.125388145446777,35724,0.0,0.0
2011-12-08 00:00:00+08:00,7.067693275919507,7.067693275919507,6.634977188439151,6.836911201477051,237187,0.0,0.0
2011-12-09 00:00:00+08:00,6.707096366658821,6.8513350718298,6.360924038167104,6.808063983917236,334405,0.0,0.0
2011-12-12 00:00:00+08:00,6.6349778175354,6.707096568088246,6.6349778175354,6.6349778175354,57393,0.0,0.0
2011-12-13 00:00:00+08:00,6.2022619437560795,6.5628581047058105,6.2022619437560795,6.5628581047058105,170423,0.0,0.0
2011-12-14 00:00:00+08:00,6.56285807081191,6.56285807081191,6.259956829931601,6.534010410308838,124157,0.0,0.0
2011-12-15 00:00:00+08:00,6.519586809806312,6.519586809806312,6.274380881291137,6.317653179168701,79062,0.0,0.0
2011-12-16 00:00:00+08:00,6.288804736201656,6.404195785522461,6.288804736201656,6.404195785522461,84918,0.0,0.0
2011-12-19 00:00:00+08:00,6.404195238221614,6.519586277681131,6.274380369179532,6.346499919891357,89604,0.0,0.0
2011-12-20 00:00:00+08:00,6.288804522913223,6.634977659134977,6.288804522913223,6.5628581047058105,144069,0.0,0.0
2011-12-21 00:00:00+08:00,6.562858309791228,6.966726779937744,6.562858309791228,6.966726779937744,217861,0.0,0.0
2011-12-22 00:00:00+08:00,6.966726655863807,6.966726655863807,6.735944964746647,6.923454761505127,72620,0.0,0.0
2011-12-23 00:00:00+08:00,6.99557519133082,7.269627571105957,6.99557519133082,7.269627571105957,163395,0.0,0.0
2011-12-26 00:00:00+08:00,7.284051265583381,7.485984879906482,7.15423639643381,7.428290367126465,187407,0.0,0.0
2011-12-27 00:00:00+08:00,7.500409340259188,7.500409340259188,7.211931934003368,7.341746807098389,175108,0.0,0.0
2011-12-28 00:00:00+08:00,7.35617023433226,7.385017894398039,7.2263561668352745,7.341746807098389,158710,0.0,0.0
2011-12-29 00:00:00+08:00,7.327323537864506,7.5004095019914505,7.255203177747866,7.4138665199279785,95460,0.0,0.0
2011-12-30 00:00:00+08:00,7.514833229774544,7.514833229774544,7.312899596891972,7.385018348693848,83747,0.0,0.0
2012-01-02 00:00:00+08:00,7.385016879888259,7.485984079047228,7.211930943271107,7.3561692237854,158710,0.0,0.0
2012-01-03 00:00:00+08:00,7.3561692237854,7.3561692237854,7.240778599373965,7.3561692237854,59150,0.0,0.0
2012-01-04 00:00:00+08:00,7.370594243150424,7.5725286630715365,7.3561700107569115,7.428290367126465,236016,0.0,0.0
2012-01-05 00:00:00+08:00,7.428290534531841,7.947549217234224,7.41386630181326,7.904277324676514,250657,0.0,0.0
2012-01-06 00:00:00+08:00,7.846581808926375,8.034091995994201,7.803309917449951,7.803309917449951,93118,0.0,0.0
2012-01-09 00:00:00+08:00,7.86100702876217,7.86100702876217,7.644648349799686,7.760039806365967,49780,0.0,0.0
2012-01-10 00:00:00+08:00,7.774462988699024,7.889854441610535,7.673495769500732,7.673495769500732,62664,0.0,0.0
2012-01-11 00:00:00+08:00,7.356169556802591,7.615799279079802,7.356169556802591,7.50040864944458,69106,0.0,0.0
2012-01-12 00:00:00+08:00,7.644647408245067,7.644647408245067,7.3561700107569115,7.428290367126465,200877,0.0,0.0
2012-01-13 00:00:00+08:00,7.5004093050477065,7.529256964978057,7.298475685535257,7.312899112701416,136455,0.0,0.0
2012-01-16 00:00:00+08:00,7.35617023433226,7.35617023433226,7.211931934003368,7.341746807098389,99560,0.0,0.0
2012-01-17 00:00:00+08:00,7.442714624254113,7.788887378740395,7.442714624254113,7.745615482330322,200291,0.0,0.0
2012-01-18 00:00:00+08:00,7.918702060096292,7.9331254881324815,7.7456152844754484,7.861006736755371,300437,0.0,0.0
2012-01-30 00:00:00+08:00,7.529256676081663,8.048516146100123,7.529256676081663,8.005244255065918,144069,0.0,0.0
2012-01-31 00:00:00+08:00,8.005244325028043,8.538928031921387,8.005244325028043,8.538928031921387,185650,0.0,0.0
2012-02-01 00:00:00+08:00,8.538928916837875,9.1303071975708,8.538928916837875,9.1303071975708,412296,0.0,0.0
2012-02-02 00:00:00+08:00,9.750532093944267,9.764955520629883,9.231273426899996,9.764955520629883,349046,0.0,0.0
2012-02-03 00:00:00+08:00,10.096704822451017,10.44287753620368,9.808227426724129,10.31306266784668,792381,0.0,0.0
2012-02-06 00:00:00+08:00,10.09670574847433,10.240944862365723,9.89477131126561,10.240944862365723,296337,0.0,0.0
2012-02-07 00:00:00+08:00,10.168824195861816,10.313063305441704,10.168824195861816,10.168824195861816,392384,0.0,0.0
2012-02-08 00:00:00+08:00,10.313062321154636,10.313062321154636,9.952466192816615,10.096704483032227,395312,0.0,0.0
2012-02-09 00:00:00+08:00,10.096705527429602,10.226520404850618,10.067857060804432,10.111129760742188,245386,0.0,0.0
2012-02-10 00:00:00+08:00,10.111129228906425,10.111129228906425,9.447630643388152,9.793804168701172,394141,0.0,0.0
2012-02-13 00:00:00+08:00,9.95246666246276,10.457301104838983,9.66398926282062,10.42845344543457,336161,0.0,0.0
2012-02-14 00:00:00+08:00,11.149646759033203,11.149646759033203,10.846745926584717,11.149646759033203,1318879,0.0,0.0
2012-02-15 00:00:00+08:00,11.250613971715376,11.366005417179874,11.005408459200122,11.149646759033203,673495,0.0,0.0
2012-02-16 00:00:00+08:00,11.034257459091991,11.178495776440393,10.673661262921922,10.702508926391602,291652,0.0,0.0
2012-02-17 00:00:00+08:00,10.817899580270323,10.832323814804228,10.673661262921922,10.702508926391602,237773,0.0,0.0
2012-02-20 00:00:00+08:00,10.745778935972998,10.904441471867298,10.385182776139262,10.659235954284668,432793,0.0,0.0
2012-02-21 00:00:00+08:00,10.529422218273034,11.394854545593262,10.529422218273034,11.394854545593262,922395,0.0,0.0
2012-02-22 00:00:00+08:00,12.188166618347168,12.188166618347168,12.188166618347168,12.188166618347168,356073,0.0,0.0
2012-02-23 00:00:00+08:00,13.039173126220703,13.039173126220703,13.039173126220703,13.039173126220703,768955,0.0,0.0
2012-02-24 00:00:00+08:00,13.9478759765625,13.9478759765625,13.9478759765625,13.9478759765625,1058851,0.0,0.0
2012-02-29 00:00:00+08:00,14.85658104574343,14.85658104574343,14.01999649492773,14.568102836608887,5193526,0.0,0.0
2012-03-01 00:00:00+08:00,14.568102836608887,14.85658104574343,14.04884334912355,14.568102836608887,1449478,0.0,0.0
2012-03-02 00:00:00+08:00,14.568103492794553,15.577774047851562,14.308473737357478,15.577774047851562,2181538,0.0,0.0
2012-03-05 00:00:00+08:00,15.289295099786298,15.3614138386962,14.64022000481365,14.712340354919434,1477004,0.0,0.0
2012-03-06 00:00:00+08:00,14.712342567232653,14.856581677937754,14.019997091522745,14.279626846313477,1021955,0.0,0.0
2012-03-07 00:00:00+08:00,13.630549604095608,14.712340354919434,13.630549604095608,14.712340354919434,901897,0.0,0.0
2012-03-08 00:00:00+08:00,14.71234172898065,15.072937068403895,14.351744778361372,14.39501667022705,515955,0.0,0.0
2012-03-09 00:00:00+08:00,14.423865957018577,14.495984706773065,14.106539268988906,14.279626846313477,537624,0.0,0.0
2012-03-12 00:00:00+08:00,14.27962640141581,14.409440469168612,14.019996654714133,14.09211540222168,274668,0.0,0.0
2012-03-13 00:00:00+08:00,14.092115516257046,14.25077805101443,13.991149913407881,14.063268661499023,342018,0.0,0.0
2012-03-14 00:00:00+08:00,14.063268683402635,14.40944060821459,14.063268683402635,14.20750617980957,223717,0.0,0.0
2012-03-15 00:00:00+08:00,14.856582015135386,15.145058631896973,14.568103787177636,15.145058631896973,1037182,0.0,0.0
2012-03-16 00:00:00+08:00,15.145058631896973,16.010490093377896,14.928700766526742,15.145058631896973,1595305,0.0,0.0
2012-03-19 00:00:00+08:00,15.14505764368192,15.57777334618768,14.568102836608887,14.568102836608887,607902,0.0,0.0
2012-03-20 00:00:00+08:00,14.640222206282042,15.072937927201218,14.250778379694006,14.279626846313477,699263,0.0,0.0
2012-03-21 00:00:00+08:00,14.27962563710764,14.409439697912223,13.991149051321905,14.193081855773926,530011,0.0,0.0
2012-03-22 00:00:00+08:00,14.193082039295625,14.40943988423151,14.005572658909331,14.221930503845215,185064,0.0,0.0
2012-03-23 00:00:00+08:00,14.279627360887348,14.351746113240674,13.962302272618826,14.019997596740723,264712,0.0,0.0
2012-03-26 00:00:00+08:00,13.919030376728358,14.135388244984515,13.919030376728358,14.019997596740723,140555,0.0,0.0
2012-03-27 00:00:00+08:00,14.019997216840505,14.250778507074605,13.42861895221852,13.818062782287598,381256,0.0,0.0
2012-03-28 00:00:00+08:00,13.81806230225718,13.976724836580328,12.851662863380726,12.981477737426758,962805,0.0,0.0
2012-03-29 00:00:00+08:00,12.981477209155875,12.981477209155875,12.072773933410645,12.072773933410645,1107460,0.0,0.0
2012-03-30 00:00:00+08:00,11.971807078653503,12.072774291306805,11.539091373679964,11.69775390625,390627,0.0,0.0
2012-04-02 00:00:00+08:00,11.697753940603885,12.043927472316996,11.539091407567891,11.726601600646973,193263,0.0,0.0
2012-04-03 00:00:00+08:00,11.827566998283007,12.043925623796145,10.918863832399893,11.207341194152832,816978,0.0,0.0
2012-04-05 00:00:00+08:00,10.933289237082137,10.933289237082137,10.428453195604046,10.81789779663086,794724,0.0,0.0
2012-04-06 00:00:00+08:00,10.861169541579164,11.366005613719599,10.817898453680018,11.250614166259766,315664,0.0,0.0
2012-04-09 00:00:00+08:00,10.94771332857355,11.250614166259766,10.817898453680018,11.250614166259766,430451,0.0,0.0
2012-04-10 00:00:00+08:00,10.817898343876456,11.466971906157868,10.817898343876456,11.091952323913574,544652,0.0,0.0
2012-04-11 00:00:00+08:00,11.091951657891324,11.322732925415039,11.091951657891324,11.322732925415039,106587,0.0,0.0
2012-04-12 00:00:00+08:00,11.32273404461461,11.683331019160736,11.250614488585772,11.466972351074219,1420782,0.0,0.0
2012-04-13 00:00:00+08:00,11.466971718952644,11.712177229215959,11.466971718952644,11.611210823059082,132356,0.0,0.0
2012-04-16 00:00:00+08:00,11.683330719584028,11.683330719584028,11.279461860656738,11.279461860656738,106587,0.0,0.0
2012-04-17 00:00:00+08:00,11.27946243266575,11.510244534385146,11.005409240722656,11.005409240722656,68520,0.0,0.0
2012-04-18 00:00:00+08:00,11.106375520152609,11.366005261903258,10.94771298970477,10.962137222290039,129428,0.0,0.0
2012-04-19 00:00:00+08:00,10.846745778401962,11.106375520152609,10.817898118829447,10.962137222290039,55050,0.0,0.0
2012-04-20 00:00:00+08:00,11.106376006313504,11.13522366714877,10.500573517576793,10.745779037475586,66178,0.0,0.0
2012-04-23 00:00:00+08:00,10.601541035898045,10.789051239478393,10.09670574847433,10.240944862365723,153439,0.0,0.0
2012-04-24 00:00:00+08:00,10.240944928341127,10.947713851928711,10.240944928341127,10.947713851928711,438650,0.0,0.0
2012-04-25 00:00:00+08:00,10.890017939432967,11.178495369218956,10.817899186185047,11.077528953552246,333819,0.0,0.0
2012-04-26 00:00:00+08:00,11.106377020565256,11.106377020565256,10.702508926391602,10.702508926391602,151097,0.0,0.0
2012-04-27 00:00:00+08:00,10.81789723969765,10.962136331436447,10.500572204589844,10.500572204589844,87847,0.0,0.0
2012-04-30 00:00:00+08:00,9.808226398904713,10.168822501577386,9.779377937316895,9.779377937316895,607902,0.0,0.0
2012-05-02 00:00:00+08:00,9.245697327038927,9.79380448671789,9.115882452230803,9.505326271057129,612002,0.0,0.0
2012-05-03 00:00:00+08:00,9.476477915330294,9.77937873059367,9.447630257000354,9.591869354248047,171009,0.0,0.0
2012-05-04 00:00:00+08:00,9.447630221368522,9.663988866424063,9.433206795056943,9.563021659851074,221374,0.0,0.0
2012-05-07 00:00:00+08:00,9.563022031845492,9.837075198405795,9.462054821344953,9.8082275390625,371886,0.0,0.0
2012-05-08 00:00:00+08:00,9.808229592981087,10.096707052421442,9.764957692105671,9.880349159240723,226060,0.0,0.0
2012-05-09 00:00:00+08:00,9.8082275390625,9.880347090219743,9.707260328561963,9.8082275390625,110101,0.0,0.0
2012-05-10 00:00:00+08:00,9.981314358313547,9.981314358313547,9.764955703593404,9.793804168701172,89604,0.0,0.0
2012-05-11 00:00:00+08:00,9.793803949559445,9.923618011649642,9.663989081871247,9.73610782623291,145240,0.0,0.0
2012-05-14 00:00:00+08:00,9.663988902871893,9.721684219531776,9.519750611222188,9.591869354248047,69692,0.0,0.0
2012-05-15 00:00:00+08:00,9.476477860082467,9.663988846530877,9.3755114593153,9.606292724609375,127671,0.0,0.0
2012-05-16 00:00:00+08:00,9.260120522315944,9.606292408879426,9.260120522315944,9.418782234191895,69106,0.0,0.0
2012-05-17 00:00:00+08:00,9.663989137809093,9.764955541619445,9.375511741898642,9.721684455871582,107759,0.0,0.0
2012-05-18 00:00:00+08:00,9.606293404741457,9.649564492248727,9.37551212310791,9.37551212310791,103074,0.0,0.0
2012-05-21 00:00:00+08:00,9.245696559808312,9.577445030212402,9.245696559808312,9.577445030212402,97217,0.0,0.0
2012-05-22 00:00:00+08:00,9.63514060265953,9.9524664608767,9.519750772977105,9.663989067077637,161638,0.0,0.0
2012-05-23 00:00:00+08:00,9.663989781916056,9.736108531501895,9.38993660005453,9.649564743041992,46266,0.0,0.0
2012-05-24 00:00:00+08:00,9.64956538136903,9.64956538136903,9.245698101297602,9.361088752746582,70277,0.0,0.0
2012-05-25 00:00:00+08:00,9.361087473613061,9.476478109294638,9.216848373413086,9.216848373413086,42166,0.0,0.0
2012-05-28 00:00:00+08:00,9.476478346222994,9.476478346222994,9.14472985754517,9.346663475036621,32210,0.0,0.0
2012-05-29 00:00:00+08:00,9.375511494574118,9.64956384534248,9.303391946099506,9.635140419006348,144655,0.0,0.0
2012-05-30 00:00:00+08:00,9.63514106494565,9.649564492248727,9.37551212310791,9.37551212310791,81405,0.0,0.0
2012-05-31 00:00:00+08:00,9.37551320029568,9.519752323486859,9.346664731178938,9.490903854370117,14641,0.0,0.0
2012-06-01 00:00:00+08:00,9.37551194947271,9.47647835551846,8.841829037181924,9.231273651123047,55636,0.0,0.0
2012-06-04 00:00:00+08:00,8.82740394715888,9.00049069396491,8.697589088453844,8.769708633422852,32796,0.0,0.0
2012-06-05 00:00:00+08:00,8.798556327819824,8.942795431579638,8.163907010309922,8.798556327819824,93703,0.0,0.0
2012-06-06 00:00:00+08:00,8.481231169246959,8.769708540467295,8.481231169246959,8.755284309387207,60907,0.0,0.0
2012-06-07 00:00:00+08:00,8.942795431579638,8.942795431579638,8.654318029658034,8.798556327819824,54465,0.0,0.0
2012-06-08 00:00:00+08:00,8.697589874267578,8.784132852690643,8.582199236370158,8.697589874267578,64421,0.0,0.0
2012-06-11 00:00:00+08:00,8.697589874267578,8.74086176627812,8.654317982257036,8.697589874267578,19326,0.0,0.0
2012-06-12 00:00:00+08:00,8.726438549027504,8.755286211858168,8.582200234874188,8.683167457580566,53293,0.0,0.0
2012-06-13 00:00:00+08:00,8.784133938133984,8.784133938133984,8.65431905165933,8.740862846374512,108344,0.0,0.0
2012-06-14 00:00:00+08:00,8.72643756866455,8.72643756866455,8.654318016891036,8.72643756866455,79648,0.0,0.0
2012-06-15 00:00:00+08:00,8.72643694737172,9.014914328329144,8.683165863866785,8.870676040649414,94289,0.0,0.0
2012-06-18 00:00:00+08:00,8.942794781690296,8.942794781690296,8.654317400732873,8.870676040649414,97803,0.0,0.0
2012-06-19 00:00:00+08:00,8.92837118579316,8.92837118579316,8.654318016891036,8.72643756866455,87847,0.0,0.0
2012-06-20 00:00:00+08:00,8.870676685297756,8.870676685297756,8.668742262273225,8.798556327819824,53879,0.0,0.0
2012-06-21 00:00:00+08:00,8.769710446072557,8.769710446072557,8.65431898915179,8.683167457580566,84918,0.0,0.0
2012-06-22 00:00:00+08:00,8.654319763183594,8.654319763183594,8.582201002455777,8.654319763183594,40409,0.0,0.0
2012-06-25 00:00:00+08:00,8.654318777236584,8.654318777236584,8.58220002472493,8.625471115112305,39824,0.0,0.0
2012-06-26 00:00:00+08:00,8.62547014669732,8.639894378939042,8.365840411130335,8.553351402282715,141141,0.0,0.0
2012-06-27 00:00:00+08:00,8.510080271657285,8.567775594584102,8.452384948730469,8.452384948730469,40409,0.0,0.0
2012-06-28 00:00:00+08:00,8.582199828114843,8.582199828114843,8.437961520797803,8.452384948730469,54465,0.0,0.0
2012-06-29 00:00:00+08:00,8.452383829131195,8.53892760765594,8.380264282226562,8.380264282226562,101902,0.0,0.0
2012-07-02 00:00:00+08:00,8.293722243500753,8.365840992930838,8.250450349364254,8.308146476745605,54465,0.0,0.0
2012-07-03 00:00:00+08:00,8.30814667367488,8.495656071116116,8.250450544925949,8.481232643127441,94874,0.0,0.0
2012-07-04 00:00:00+08:00,8.466807217890791,8.481231449447424,8.221601726211757,8.35141658782959,68520,0.0,0.0
2012-07-05 00:00:00+08:00,8.308146969857074,8.351418060963772,8.091788291931152,8.091788291931152,143483,0.0,0.0
2012-07-06 00:00:00+08:00,8.077363634858015,8.135059762642525,7.788887023925781,7.788887023925781,159296,0.0,0.0
2012-07-09 00:00:00+08:00,7.78888650978815,7.78888650978815,7.284051265583381,7.428290367126465,284624,0.0,0.0
2012-07-10 00:00:00+08:00,7.312899112701416,7.413866325256657,7.211931900146174,7.312899112701416,115372,0.0,0.0
2012-07-11 00:00:00+08:00,7.226356132910365,7.341746772631765,7.226356132910365,7.312899112701416,47437,0.0,0.0
2012-07-12 00:00:00+08:00,7.428290882852987,7.428290882852987,7.226356448912103,7.240779876708984,49194,0.0,0.0
2012-07-13 00:00:00+08:00,7.240779594069146,7.35617023433226,7.2263561668352745,7.341746807098389,56807,0.0,0.0
2012-07-16 00:00:00+08:00,7.341747258732339,7.385018348693848,7.139813625849767,7.385018348693848,28696,0.0,0.0
2012-07-17 00:00:00+08:00,7.32732414831758,7.861007123901533,7.2407803534459285,7.846582889556885,244800,0.0,0.0
2012-07-18 00:00:00+08:00,7.846581966811481,8.207178115844727,7.846581966811481,8.207178115844727,162224,0.0,0.0
2012-07-19 00:00:00+08:00,8.582198932783841,8.611046591237741,8.293721542646857,8.510079383850098,252999,0.0,0.0
2012-07-20 00:00:00+08:00,8.654318553876424,8.654318553876424,8.365841134480865,8.49565601348877,121814,0.0,0.0
2012-07-23 00:00:00+08:00,8.22160095765662,8.423535346984863,8.22160095765662,8.423535346984863,29282,0.0,0.0
2012-07-24 00:00:00+08:00,8.365839958190918,8.495654818946035,8.221601671572989,8.365839958190918,43337,0.0,0.0
2012-07-25 00:00:00+08:00,8.365839958190918,8.437960309896821,8.0773625793571,8.365839958190918,137041,0.0,0.0
2012-07-26 00:00:00+08:00,7.788886341364246,8.29372157465265,7.788886341364246,7.947548866271973,110687,0.0,0.0
2012-07-27 00:00:00+08:00,8.077362115219568,8.077362115219568,7.9475480675217245,8.062938690185547,92532,0.0,0.0
2012-07-30 00:00:00+08:00,8.062940539553237,8.077363967895508,8.005245214987957,8.077363967895508,16398,0.0,0.0
2012-07-31 00:00:00+08:00,7.514833423556249,8.048517195360128,7.514833423556249,8.019669532775879,185650,0.0,0.0
2012-08-01 00:00:00+08:00,8.03409194946289,8.062939608414093,7.99082086383509,8.03409194946289,58564,0.0,0.0
2012-08-02 00:00:00+08:00,8.03409194946289,8.03409194946289,8.03409194946289,8.03409194946289,0,0.0,0.0
2012-08-03 00:00:00+08:00,7.817733214225967,8.062938690185547,7.817733214225967,8.062938690185547,43337,0.0,0.0
2012-08-06 00:00:00+08:00,8.0629398212101,8.221602352428114,7.875429630279541,7.875429630279541,163395,0.0,0.0
2012-08-07 00:00:00+08:00,8.149483712449586,8.149483712449586,7.788886752933164,7.961972713470459,87847,0.0,0.0
2012-08-08 00:00:00+08:00,7.933124705208242,8.062939572712857,7.817734069914363,8.005244255065918,110101,0.0,0.0
2012-08-09 00:00:00+08:00,7.788886411090893,8.005244255065918,7.788886411090893,8.005244255065918,176280,0.0,0.0
2012-08-10 00:00:00+08:00,8.005244290511689,8.03409194946289,7.904277081383479,8.03409194946289,142898,0.0,0.0
2012-08-13 00:00:00+08:00,8.221601671572989,8.48123139308322,8.0773625793571,8.365839958190918,196777,0.0,0.0
2012-08-14 00:00:00+08:00,8.36584087796347,8.36584087796347,8.22160257548743,8.336993217468262,140555,0.0,0.0
2012-08-15 00:00:00+08:00,8.336992356272958,8.35141658782959,8.279297846840322,8.35141658782959,83162,0.0,0.0
2012-08-16 00:00:00+08:00,8.077362757508038,8.510079238101557,8.077362757508038,8.394688606262207,178036,0.0,0.0
2012-08-17 00:00:00+08:00,8.351418873571486,8.726439329509594,8.351418873571486,8.654319763183594,223131,0.0,0.0
2012-08-20 00:00:00+08:00,8.654316509180305,8.971642320581289,8.654316509180305,8.89952278137207,122400,0.0,0.0
2012-08-21 00:00:00+08:00,8.942795908553304,9.51975154876709,8.942795908553304,9.51975154876709,180379,0.0,0.0
2012-08-22 00:00:00+08:00,10.183248519897461,10.183248519897461,10.183248519897461,10.183248519897461,329134,0.0,0.0
2012-08-23 00:00:00+08:00,10.890017567016212,10.890017567016212,10.486149501366544,10.875594139099121,1457677,0.0,0.0
2012-08-24 00:00:00+08:00,10.875594720213979,10.875594720213979,10.385183644063444,10.601541519165039,514198,0.0,0.0
2012-08-27 00:00:00+08:00,10.500573597086207,10.500573597086207,10.096705536736366,10.183248519897461,197949,0.0,0.0
2012-08-28 00:00:00+08:00,9.86592385569622,10.168824712238512,9.86592385569622,9.909194946289062,329719,0.0,0.0
2012-08-29 00:00:00+08:00,9.880347587898152,10.240944556249817,9.880347587898152,10.168824195861816,204391,0.0,0.0
2012-08-30 00:00:00+08:00,10.125553131103516,10.139976558736342,10.024585915281506,10.125553131103516,130013,0.0,0.0
2012-08-31 00:00:00+08:00,10.16882402544148,10.16882402544148,9.808227868731139,10.024585723876953,236601,0.0,0.0
2012-09-03 00:00:00+08:00,10.024585689694518,10.024585689694518,9.63514106840118,9.99573802947998,222546,0.0,0.0
2012-09-04 00:00:00+08:00,9.808228797573928,10.010162438887455,9.75053347148435,9.952467918395996,205562,0.0,0.0
2012-09-05 00:00:00+08:00,9.952467918395996,10.212097691397222,9.808228797573928,9.952467918395996,75548,0.0,0.0
2012-09-06 00:00:00+08:00,10.08228252459459,10.240945069728943,9.808228524891005,9.837076187133789,228402,0.0,0.0
2012-09-07 00:00:00+08:00,9.837077228112525,10.039010885181021,9.822653798263866,9.923620223999023,80233,0.0,0.0
2012-09-10 00:00:00+08:00,9.808227643303763,9.966890174177143,9.808227643303763,9.894770622253418,42752,0.0,0.0
2012-09-11 00:00:00+08:00,9.894770517092383,9.894770517092383,9.663989242346029,9.8082275390625,139384,0.0,0.0
2012-09-12 00:00:00+08:00,9.764955541619445,9.764955541619445,9.591869587431978,9.721684455871582,97217,0.0,0.0
2012-09-13 00:00:00+08:00,9.635141528729305,9.707261085510254,9.519751687956328,9.707261085510254,93703,0.0,0.0
2012-09-14 00:00:00+08:00,9.7216852861548,9.880347827176266,9.606293834576777,9.678413391113281,196777,0.0,0.0
2012-09-17 00:00:00+08:00,9.692836504692636,9.736107589136283,9.591869298327486,9.606292724609375,174523,0.0,0.0
2012-09-18 00:00:00+08:00,9.779378841069022,10.269790649414062,9.779378841069022,10.269790649414062,584476,0.0,0.0
2012-09-19 00:00:00+08:00,10.240944121781146,10.962137222290039,10.125552677893067,10.962137222290039,872615,0.0,0.0
2012-09-20 00:00:00+08:00,10.962137528458818,11.322733685985582,10.846746081347897,11.221766471862793,660610,0.0,0.0
2012-09-21 00:00:00+08:00,11.394852090772803,11.942958388290762,11.394852090772803,11.712176322937012,982131,0.0,0.0
2012-09-24 00:00:00+08:00,11.668906416122258,11.668906416122258,10.9332898680806,11.221766471862793,904240,0.0,0.0
2012-09-25 00:00:00+08:00,11.221765447115782,11.7698725554461,11.221765447115782,11.683329582214355,1328249,0.0,0.0
2012-09-26 00:00:00+08:00,11.957383604602658,11.957383604602658,10.962137325945086,11.048680305480957,1195307,0.0,0.0
2012-09-27 00:00:00+08:00,10.94771443696158,11.005409763733764,10.51499868057205,10.673661231994629,702777,0.0,0.0
2012-09-28 00:00:00+08:00,10.52942205560304,10.803476064766203,10.32748760733525,10.76020336151123,648312,0.0,0.0
2012-10-01 00:00:00+08:00,10.904441110416776,11.034255981445312,10.558268389540023,11.034255981445312,1003215,0.0,0.0
2012-10-02 00:00:00+08:00,11.034255027770996,11.034255027770996,11.034255027770996,11.034255027770996,0,0.0,0.585648
2012-10-03 00:00:00+08:00,11.034255027770996,11.034255027770996,11.034255027770996,11.034255027770996,0,0.0,0.0
2012-10-04 00:00:00+08:00,11.034255027770996,11.034255027770996,11.034255027770996,11.034255027770996,0,0.0,0.0
2012-10-05 00:00:00+08:00,11.034255027770996,11.034255027770996,11.034255027770996,11.034255027770996,0,0.0,0.0
2012-10-08 00:00:00+08:00,11.034255027770996,11.034255027770996,11.034255027770996,11.034255027770996,0,0.0,0.0
2012-10-09 00:00:00+08:00,11.034255027770996,11.034255027770996,11.034255027770996,11.034255027770996,0,0.0,0.0
2012-10-11 00:00:00+08:00,11.034255027770996,11.034255027770996,11.034255027770996,11.034255027770996,0,0.0,0.0
2012-10-12 00:00:00+08:00,11.034255027770996,11.034255027770996,11.034255027770996,11.034255027770996,0,0.0,0.0
2012-10-15 00:00:00+08:00,10.263479636006032,10.643609167826952,10.263479636006032,10.432426452636719,614000,0.0,0.0
2012-10-16 00:00:00+08:00,9.883349431167654,10.685843467712402,9.883349431167654,10.685843467712402,411000,0.0,0.0
2012-10-17 00:00:00+08:00,10.516899486651516,10.643609604320908,10.263480056910893,10.474662780761719,298000,0.0,0.0
2012-10-18 00:00:00+08:00,10.432426042781415,10.474661939681653,10.179006633389516,10.263479232788086,263000,0.0,0.0
2012-10-19 00:00:00+08:00,10.179006263619124,10.305715560913086,10.179006263619124,10.305715560913086,289000,0.0,0.0
2012-10-22 00:00:00+08:00,10.221242964583134,10.390188962841105,10.221242964583134,10.305715560913086,77000,0.0,0.0
2012-10-23 00:00:00+08:00,10.305715560913086,10.305715560913086,10.263478859949076,10.305715560913086,89000,0.0,0.0
2012-10-24 00:00:00+08:00,10.136770248413086,10.179006952234431,10.136770248413086,10.136770248413086,141000,0.0,0.0
2012-10-25 00:00:00+08:00,9.967822814210619,10.136768799753577,9.672166735311938,9.883349418640137,219000,0.0,0.0
2012-10-26 00:00:00+08:00,9.629929843369528,9.883349219373565,9.292037879096137,9.503220558166504,254000,0.0,0.0
2012-10-29 00:00:00+08:00,9.03861973408883,9.292039144606818,8.869673728942871,8.869673728942871,217000,0.0,0.0
2012-10-30 00:00:00+08:00,8.869674306668593,8.869674306668593,8.278362847343649,8.329046249389648,319000,0.0,0.0
2012-10-31 00:00:00+08:00,8.329046249389648,8.447308863493898,8.23612614190655,8.329046249389648,172000,0.0,0.0
2012-11-01 00:00:00+08:00,8.329046249389648,8.329046249389648,7.940470009445003,8.329046249389648,113000,0.0,0.0
2012-11-02 00:00:00+08:00,8.345940259217143,8.82743654926492,8.345940259217143,8.616253852844238,249000,0.0,0.0
2012-11-05 00:00:00+08:00,8.61625260453593,8.785198576076255,8.447306632995605,8.447306632995605,25000,0.0,0.0
2012-11-06 00:00:00+08:00,8.61625260453593,8.61625260453593,8.278360661455281,8.447306632995605,124000,0.0,0.0
2012-11-07 00:00:00+08:00,8.447307856827303,8.616253852844238,8.447307856827303,8.616253852844238,173000,0.0,0.0
2012-11-08 00:00:00+08:00,8.574017213819728,9.207565307617188,8.574017213819728,9.207565307617188,542000,0.0,0.0
2012-11-09 00:00:00+08:00,9.207565016732667,9.841113090515137,9.207565016732667,9.841113090515137,748000,0.0,0.0
2012-11-12 00:00:00+08:00,9.79887682866766,10.17900549753882,9.629930037526696,9.883349418640137,374000,0.0,0.0
2012-11-13 00:00:00+08:00,9.883349418640137,9.883349418640137,9.714403433097178,9.883349418640137,127000,0.0,0.0
2012-11-14 00:00:00+08:00,9.798877610192365,10.305715607244894,9.798877610192365,10.01006031036377,132000,0.0,0.0
2012-11-15 00:00:00+08:00,9.79887694931243,10.643607693025638,9.79887694931243,10.17900562286377,338000,0.0,0.0
2012-11-16 00:00:00+08:00,10.221242126189747,10.221242126189747,9.756640064890576,9.798876762390137,82000,0.0,0.0
2012-11-19 00:00:00+08:00,9.376511272963478,10.01005931017458,9.12309189695944,9.503220558166504,156000,0.0,0.0
2012-11-20 00:00:00+08:00,9.62993015232802,9.62993015232802,9.207564780636474,9.376511573791504,69000,0.0,0.0
2012-11-21 00:00:00+08:00,9.460984164771004,9.587694259637276,9.334274875502746,9.376511573791504,297000,0.0,0.0
2012-11-22 00:00:00+08:00,9.1653283075787,9.714402933769993,9.1653283075787,9.629929542541504,143000,0.0,0.0
2012-11-23 00:00:00+08:00,9.545457382990772,9.798876762390137,9.545457382990772,9.798876762390137,91000,0.0,0.0
2012-11-26 00:00:00+08:00,10.47466080743065,10.47466080743065,10.136768835164375,10.390188217163086,513000,0.0,0.0
2012-11-27 00:00:00+08:00,10.05229578177596,10.305715172408554,9.798877196741401,9.841113090515137,428000,0.0,0.0
2012-11-28 00:00:00+08:00,9.714403433097178,10.052295404183097,9.714403433097178,9.883349418640137,108000,0.0,0.0
2012-11-29 00:00:00+08:00,9.883349331473783,10.221242105177655,9.883349331473783,10.094532012939453,135000,0.0,0.0
2012-11-30 00:00:00+08:00,10.09453186066201,10.347951235717545,10.01005927270882,10.22124195098877,206000,0.0,0.0
2012-12-03 00:00:00+08:00,10.136769930891184,10.390189340283083,10.136769930891184,10.263479232788086,134000,0.0,0.0
2012-12-04 00:00:00+08:00,10.221243335887849,10.305715935286418,10.136769930891184,10.263479232788086,67000,0.0,0.0
2012-12-05 00:00:00+08:00,10.30571605071918,10.30571605071918,9.925587335172615,10.05229663848877,240000,0.0,0.0
2012-12-06 00:00:00+08:00,10.05229663848877,10.179006747403026,9.967824038144034,10.05229663848877,77000,0.0,0.0
2012-12-07 00:00:00+08:00,10.05229663848877,10.05229663848877,9.841113929229778,10.05229663848877,135000,0.0,0.0
2012-12-10 00:00:00+08:00,10.052296205919594,10.09453290707349,9.92558690805598,10.01006031036377,51000,0.0,0.0
2012-12-11 00:00:00+08:00,9.883348685585107,10.010058769542653,9.714402712572992,9.967822074890137,87000,0.0,0.0
2012-12-12 00:00:00+08:00,10.052294658597223,10.094531353249737,9.714402712572992,9.967822074890137,65000,0.0,0.0
2012-12-13 00:00:00+08:00,9.92558648925868,9.92558648925868,9.798877196741401,9.841113090515137,138000,0.0,0.0
2012-12-14 00:00:00+08:00,10.05229578177596,10.05229578177596,9.629930399254313,9.841113090515137,113000,0.0,0.0
2012-12-17 00:00:00+08:00,9.883349509612882,9.883349509612882,9.37651154831874,9.67216682434082,103000,0.0,0.0
2012-12-18 00:00:00+08:00,9.460985636264883,9.798878469530356,9.460985636264883,9.714405059814453,33000,0.0,0.0
2012-12-19 00:00:00+08:00,9.714403735166547,9.798877133363728,9.714403735166547,9.756640434265137,143000,0.0,0.0
2012-12-20 00:00:00+08:00,9.714404004685422,9.925586700439453,9.545458009201807,9.925586700439453,157000,0.0,0.0
2012-12-21 00:00:00+08:00,9.798877196741401,9.841113090515137,9.672167098626085,9.841113090515137,32000,0.0,0.0
2012-12-24 00:00:00+08:00,9.629931018253743,9.79887782660051,9.587695121765137,9.587695121765137,36000,0.0,0.0
2012-12-25 00:00:00+08:00,9.672167720340434,9.672167720340434,9.292039012756382,9.587695121765137,91000,0.0,0.0
2012-12-26 00:00:00+08:00,9.418746870068244,9.798876324998483,9.418746870068244,9.629929542541504,80000,0.0,0.0
2012-12-27 00:00:00+08:00,9.75664090903847,10.01006031036377,9.714404207884577,10.01006031036377,130000,0.0,0.0
2012-12-28 00:00:00+08:00,9.967824038144034,10.136770044431607,9.925587335172615,10.05229663848877,146000,0.0,0.0
2013-01-02 00:00:00+08:00,10.221242105177655,10.221242105177655,9.96782272629925,10.094532012939453,71000,0.0,0.0
2013-01-03 00:00:00+08:00,10.052295404183097,10.136768799753577,9.883349418640137,9.883349418640137,121000,0.0,0.0
2013-01-04 00:00:00+08:00,10.052295716759215,10.052295716759215,9.756640434265137,9.756640434265137,123000,0.0,0.0
2013-01-07 00:00:00+08:00,9.756639629384239,9.883348910629008,9.545456956910977,9.629929542541504,83000,0.0,0.0
2013-01-08 00:00:00+08:00,9.503220928621648,9.629930218764063,9.418747531461358,9.460984230041504,54000,0.0,0.0
2013-01-09 00:00:00+08:00,9.587695121765137,9.587695121765137,9.503221717591753,9.587695121765137,56000,0.0,0.0
2013-01-10 00:00:00+08:00,9.460983495687968,9.629929471297084,9.460983495687968,9.545456886291504,41000,0.0,0.0
2013-01-11 00:00:00+08:00,9.503221717591753,9.587695121765137,9.41874831341837,9.587695121765137,62000,0.0,0.0
2013-01-14 00:00:00+08:00,9.629931018253743,9.629931018253743,9.460985015505061,9.587695121765137,10000,0.0,0.0
2013-01-15 00:00:00+08:00,9.587693581593273,9.587693581593273,9.292037520078853,9.545456886291504,46000,0.0,0.0
2013-01-16 00:00:00+08:00,9.545456886291504,9.629929471297084,9.4187468003862,9.545456886291504,64000,0.0,0.0
2013-01-17 00:00:00+08:00,9.587695747101597,9.587695747101597,9.123093605041504,9.123093605041504,166000,0.0,0.0
2013-01-18 00:00:00+08:00,9.123091544469737,9.672166166598851,9.123091544469737,9.545456886291504,159000,0.0,0.0
2013-01-21 00:00:00+08:00,9.545458419678445,9.714404422427126,9.545458419678445,9.587695121765137,192000,0.0,0.0
2013-01-22 00:00:00+08:00,9.545456956910977,9.756639629384239,9.545456956910977,9.629929542541504,70000,0.0,0.0
2013-01-23 00:00:00+08:00,9.714405059814453,9.84111436879017,9.672168354956503,9.714405059814453,76000,0.0,0.0
2013-01-24 00:00:00+08:00,9.714403467032525,10.390188217163086,9.714403467032525,10.390188217163086,314000,0.0,0.0
2013-01-25 00:00:00+08:00,10.474661105188432,11.065973281860352,10.474661105188432,11.065973281860352,1092000,0.0,0.0
2013-01-28 00:00:00+08:00,10.981500945287891,11.065974351721657,10.643608930749046,10.854791641235352,362000,0.0,0.0
2013-01-29 00:00:00+08:00,10.64360769657721,11.023736370255392,10.64360769657721,10.981499671936035,258000,0.0,0.0
2013-01-30 00:00:00+08:00,10.939262311224754,11.192681680197884,10.939262311224754,11.150444984436035,702000,0.0,0.0
2013-01-31 00:00:00+08:00,11.150445659615448,11.192682357934805,10.85479038257598,10.981499671936035,483000,0.0,0.0
2013-02-01 00:00:00+08:00,10.981499671936035,11.023736370255392,10.685843589298551,10.981499671936035,477000,0.0,0.0
2013-02-04 00:00:00+08:00,10.981500253180432,11.192682950356978,10.981500253180432,11.023736953735352,363000,0.0,0.0
2013-02-05 00:00:00+08:00,11.02373726557977,11.783994674682617,11.02373726557977,11.783994674682617,1842000,0.0,0.0
2013-02-06 00:00:00+08:00,11.74175711577666,11.74175711577666,11.446101836307735,11.572811126708984,703000,0.0,0.0
2013-02-18 00:00:00+08:00,11.572811610356514,12.37530569616408,11.572811610356514,12.333069801330566,919000,0.0,0.0
2013-02-19 00:00:00+08:00,12.839907450414799,12.839907450414799,11.910704093465208,11.952939987182617,1314000,0.0,0.0
2013-02-20 00:00:00+08:00,11.99517660082208,11.99517660082208,11.19268254195263,11.361628532409668,1078000,0.0,0.0
2013-02-21 00:00:00+08:00,11.403865231423435,11.403865231423435,11.19268254195263,11.361628532409668,451000,0.0,0.0
2013-02-22 00:00:00+08:00,11.234918375959733,11.234918375959733,10.981499006986605,11.150444984436035,555000,0.0,0.0
2013-02-25 00:00:00+08:00,11.065973187884005,11.277155876159668,10.98149979033453,11.277155876159668,388000,0.0,0.0
2013-02-26 00:00:00+08:00,11.150445568262032,11.192682266235352,11.150445568262032,11.192682266235352,113000,0.0,0.0
2013-02-27 00:00:00+08:00,11.192682621896768,11.952939987182617,11.192682621896768,11.952939987182617,1174000,0.0,0.0
2013-03-01 00:00:00+08:00,11.95294082929869,12.6287256491625,11.86846823031452,12.16412353515625,743000,0.0,0.0
2013-03-04 00:00:00+08:00,12.164122791984921,12.24859619140625,11.910704204917018,12.24859619140625,274000,0.0,0.0
2013-03-05 00:00:00+08:00,12.24859619140625,12.333069590827579,12.079650198161634,12.24859619140625,232000,0.0,0.0
2013-03-06 00:00:00+08:00,12.248596564277683,12.502015964658213,12.164123162284817,12.20635986328125,213000,0.0,0.0
2013-03-07 00:00:00+08:00,12.16412353515625,12.20636023744738,12.12188763846321,12.16412353515625,162000,0.0,0.0
2013-03-08 00:00:00+08:00,12.164123162284817,12.417542562665348,12.164123162284817,12.20635986328125,239000,0.0,0.0
2013-03-11 00:00:00+08:00,12.248597848684167,12.248597848684167,11.826232405626092,12.079651832580566,425000,0.0,0.0
2013-03-12 00:00:00+08:00,12.079651165709198,12.079651165709198,11.403866333004144,11.741758346557617,622059,0.0,0.0
2013-03-13 00:00:00+08:00,11.403865710171786,11.699521810082132,11.403865710171786,11.6150484085083,93000,0.0,0.0
2013-03-14 00:00:00+08:00,11.699521810082132,11.699521810082132,11.530575006934471,11.6150484085083,99161,0.0,0.0
2013-03-15 00:00:00+08:00,11.699521222708256,11.699521222708256,11.488338534974158,11.572811126708984,51650,0.0,0.0
2013-03-18 00:00:00+08:00,11.572811601072724,11.572811601072724,11.150446208291982,11.319392204284668,144427,0.0,0.0
2013-03-19 00:00:00+08:00,11.61504830147041,11.61504830147041,11.234919609087353,11.319392204284668,95666,0.0,0.0
2013-03-20 00:00:00+08:00,11.446101271676907,11.446101271676907,11.234918594360352,11.234918594360352,125692,0.0,0.0
2013-03-21 00:00:00+08:00,11.27715529094326,11.403864575094,11.192681897777444,11.234918594360352,111000,0.0,0.0
2013-03-22 00:00:00+08:00,11.234919609087353,11.403865605080037,11.065973613094666,11.319392204284668,139360,0.0,0.0
2013-03-25 00:00:00+08:00,11.403864950503944,11.403864950503944,11.192682266235352,11.192682266235352,98574,0.0,0.0
2013-03-26 00:00:00+08:00,11.150445568262032,11.192682266235352,10.89702618602012,11.192682266235352,207431,0.0,0.0
2013-03-27 00:00:00+08:00,11.319391554557305,11.319391554557305,11.150445568262032,11.192682266235352,44554,0.0,0.0
2013-03-28 00:00:00+08:00,11.192682908689667,11.319392204284668,10.981500212299295,11.319392204284668,165830,0.0,0.0
2013-03-29 00:00:00+08:00,11.192682908689667,11.319392204284668,11.192682908689667,11.319392204284668,74341,0.0,0.0
2013-04-01 00:00:00+08:00,11.192682478610193,11.277155876159668,11.108209081060718,11.277155876159668,172039,0.0,0.0
2013-04-02 00:00:00+08:00,11.277155071721584,11.361627657647317,10.812553029537172,11.150444984436035,303062,0.0,0.0
2013-04-03 00:00:00+08:00,11.150445779835456,11.319391769336383,10.897026392785055,11.277155876159668,247000,0.0,0.0
2013-04-08 00:00:00+08:00,11.150446249802057,11.150446249802057,10.770317556003885,11.023736953735352,195450,0.0,0.0
2013-04-09 00:00:00+08:00,10.981499006986605,11.150444984436035,10.770316333775323,11.150444984436035,156050,0.0,0.0
2013-04-10 00:00:00+08:00,10.897026485326643,11.065973281860352,10.897026485326643,11.065973281860352,63006,0.0,0.0
2013-04-11 00:00:00+08:00,11.023736582726926,11.065973281860352,10.897026485326643,11.065973281860352,105999,0.0,0.0
2013-04-12 00:00:00+08:00,10.981499086203248,10.981499086203248,10.77031641146857,10.939262390136719,153807,0.0,0.0
2013-04-15 00:00:00+08:00,10.854790102993201,10.981499389089654,10.728080011298754,10.812553405761719,73391,0.0,0.0
2013-04-16 00:00:00+08:00,10.68584482836782,10.854791641235352,10.68584482836782,10.854791641235352,84890,0.0,0.0
2013-04-17 00:00:00+08:00,10.939262849147061,10.939262849147061,10.390188194036972,10.685843467712402,235308,0.0,0.0
2013-04-18 00:00:00+08:00,10.854790102993201,10.854790102993201,10.55913402797082,10.812553405761719,175226,0.0,0.0
2013-04-19 00:00:00+08:00,10.728080011298754,10.89702599462669,10.55913402797082,10.812553405761719,439330,0.0,0.0
2013-04-22 00:00:00+08:00,10.812553387389027,11.150445353470749,10.812553387389027,11.108208656311035,275599,0.0,0.0
2013-04-23 00:00:00+08:00,11.150445353470749,11.234918747790175,11.023736067589601,11.108208656311035,173762,0.0,0.0
2013-04-24 00:00:00+08:00,11.150445874529176,11.319391865464855,11.065973281860352,11.065973281860352,224303,0.0,0.0
2013-04-25 00:00:00+08:00,11.10820917539575,11.23491927279603,11.065973281860352,11.065973281860352,211652,0.0,0.0
2013-04-26 00:00:00+08:00,11.065971965192553,11.403863906860352,11.023735271084593,11.403863906860352,210396,0.0,0.0
2013-04-29 00:00:00+08:00,12.1641220140122,12.1641220140122,11.572810672675132,11.8262300491333,777005,0.0,0.0
2013-04-30 00:00:00+08:00,11.995177759521775,11.995177759521775,11.741758346557617,11.741758346557617,379969,0.0,0.0
2013-05-02 00:00:00+08:00,11.741758994775218,12.079651832580566,11.403866962568017,12.079651832580566,356396,0.0,0.0
2013-05-03 00:00:00+08:00,12.03741272858211,12.20635871102156,11.8262300491333,11.8262300491333,608091,0.0,0.0
2013-05-06 00:00:00+08:00,11.82623069483432,12.121886784444392,11.82623069483432,11.952939987182617,629237,0.0,0.0
2013-05-07 00:00:00+08:00,11.995176686498061,12.079650085128948,11.82623069483432,11.952939987182617,540198,0.0,0.0
2013-05-08 00:00:00+08:00,11.91070493260565,12.502016347887201,11.91070493260565,12.16412353515625,730671,0.0,0.0
2013-05-09 00:00:00+08:00,12.206359700035865,12.37530569616408,12.164122999604297,12.333069801330566,511563,0.0,0.0
2013-05-10 00:00:00+08:00,12.333069801330566,12.333069801330566,12.206359700035865,12.333069801330566,240581,0.0,0.0
2013-05-13 00:00:00+08:00,12.333069966270548,12.333069966270548,12.079650565890017,12.20635986328125,272370,0.0,0.0
2013-05-14 00:00:00+08:00,12.20635986328125,12.20635986328125,12.037413864893585,12.20635986328125,207018,0.0,0.0
2013-05-15 00:00:00+08:00,12.333069282723761,12.37530517578125,12.07964989638872,12.37530517578125,217378,0.0,0.0
2013-05-16 00:00:00+08:00,12.248596094422421,12.628724777612474,12.248596094422421,12.459778785705566,476415,0.0,0.0
2013-05-17 00:00:00+08:00,12.45977857309227,12.45977857309227,12.333069282723761,12.37530517578125,206997,0.0,0.0
2013-05-20 00:00:00+08:00,12.417542419373245,13.220036506652832,12.417542419373245,13.220036506652832,2671284,0.0,0.0
2013-05-21 00:00:00+08:00,13.262273207161874,13.388983308689003,13.051090510214717,13.220036506652832,1334354,0.0,0.0
2013-05-22 00:00:00+08:00,13.388982932747137,13.388982932747137,13.051090143760357,13.262272834777832,716076,0.0,0.0
2013-05-23 00:00:00+08:00,13.262273730958443,13.431219734069119,12.966618426914282,13.177801132202148,897728,0.0,0.0
2013-05-24 00:00:00+08:00,13.177801132202148,13.22003702878125,13.008854323493384,13.177801132202148,301793,0.0,0.0
2013-05-27 00:00:00+08:00,13.177800275791858,13.177800275791858,12.839907485931686,12.966617584228516,480809,0.0,0.0
2013-05-28 00:00:00+08:00,12.924380851389085,13.262272834777832,12.839907452742882,13.262272834777832,268823,0.0,0.0
2013-05-29 00:00:00+08:00,13.262272834777832,13.262272834777832,13.051090143760357,13.262272834777832,198998,0.0,0.0
2013-05-30 00:00:00+08:00,13.26227362102026,13.684639833692861,13.093327619310068,13.388983726501465,836360,0.0,0.0
2013-05-31 00:00:00+08:00,13.388981800971107,14.107003211975098,13.388981800971107,14.107003211975098,1211490,0.0,0.0
2013-06-03 00:00:00+08:00,14.022530137517023,15.07844352722168,13.853583350685891,15.07844352722168,2258133,0.0,0.0
2013-06-04 00:00:00+08:00,15.078445018259178,15.880938307071975,14.5293703235565,14.90949821472168,3158256,0.0,0.0
2013-06-05 00:00:00+08:00,14.909498111657028,15.205154210205809,14.107004828391613,15.120680809020996,1870353,0.0,0.0
2013-06-06 00:00:00+08:00,15.036206072407197,15.880936786838971,14.951734289920799,15.585282325744629,2215773,0.0,0.0
2013-06-07 00:00:00+08:00,15.711991785393367,15.796465180015115,14.529369094276875,15.162917137145996,2541384,0.0,0.0
2013-06-10 00:00:00+08:00,15.162918420027927,15.205154315314237,14.698315515897871,14.90949821472168,642012,0.0,0.0
2013-06-11 00:00:00+08:00,14.909497780653355,14.951735285906109,14.613841688668394,14.86726188659668,896631,0.0,0.0
2013-06-13 00:00:00+08:00,14.782787931451669,14.782787931451669,14.107003984778,14.529369354248047,787564,0.0,0.0
2013-06-14 00:00:00+08:00,14.57160632708442,14.57160632708442,13.938058225906836,14.191476821899414,584887,0.0,0.0
2013-06-17 00:00:00+08:00,14.191475987052625,14.5293695767602,14.191475987052625,14.48713207244873,480817,0.0,0.0
2013-06-18 00:00:00+08:00,14.529370119552166,15.20515410182134,14.487132613662776,14.825024604797363,1003907,0.0,0.0
2013-06-19 00:00:00+08:00,14.909496084326289,15.585281590718182,14.825022694627815,15.543044090270996,1149092,0.0,0.0
2013-06-20 00:00:00+08:00,15.45857020977077,16.47224763157692,15.37409843395013,16.303300857543945,3869485,0.0,0.0
2013-06-21 00:00:00+08:00,15.289625532371472,15.796464259366418,15.205152142672999,15.543044090270996,1571080,0.0,0.0
2013-06-24 00:00:00+08:00,15.543046203748936,16.007649104667337,14.909498111657028,15.120680809020996,1614837,0.0,0.0
2013-06-25 00:00:00+08:00,14.698315625080708,14.825024923076997,14.064767523903125,14.191476821899414,1789471,0.0,0.0
2013-06-26 00:00:00+08:00,14.613841674561305,14.613841674561305,13.769110904674616,14.36042308807373,886879,0.0,0.0
2013-06-27 00:00:00+08:00,14.107003211975098,14.4448951668017,14.107003211975098,14.107003211975098,439609,0.0,0.0
2013-06-28 00:00:00+08:00,14.107003134271523,14.318185806274414,13.895820462268631,14.318185806274414,279385,0.0,0.0
2013-07-01 00:00:00+08:00,14.318185806274414,14.360421696196623,14.107003134271523,14.318185806274414,220780,0.0,0.0
2013-07-02 00:00:00+08:00,14.444896697998047,14.613841887722009,14.275949897077982,14.444896697998047,461007,0.0,0.0
2013-07-03 00:00:00+08:00,14.360423626691892,14.360423626691892,14.149240926299363,14.191476821899414,187027,0.0,0.0
2013-07-04 00:00:00+08:00,14.107003211975098,14.149239102129949,13.93805642896383,14.107003211975098,177071,0.0,0.0
2013-07-05 00:00:00+08:00,13.980294018524914,14.40265941619873,13.980294018524914,14.40265941619873,131299,0.0,0.0
2013-07-08 00:00:00+08:00,14.318188258463913,14.529370966634788,14.107005550293035,14.14924144744873,395100,0.0,0.0
2013-07-09 00:00:00+08:00,14.31818698273802,14.487132167504274,14.107004293383158,14.275949478149414,209780,0.0,0.0
2013-07-10 00:00:00+08:00,14.360424155619608,14.360424155619608,14.14924144744873,14.14924144744873,171615,0.0,0.0
2013-07-11 00:00:00+08:00,14.1492400939372,14.5293695767602,14.064766696510306,14.48713207244873,215939,0.0,0.0
2013-07-12 00:00:00+08:00,14.613841887722009,14.613841887722009,14.233714002446018,14.444896697998047,323000,0.0,0.0
2013-07-15 00:00:00+08:00,14.191476289617961,14.5293698865295,14.191476289617961,14.36042308807373,487370,0.0,0.0
2013-07-16 00:00:00+08:00,14.36042248104834,14.61384105682373,14.233713193160645,14.61384105682373,183150,0.0,0.0
2013-07-17 00:00:00+08:00,14.613841887722009,14.613841887722009,14.360423297538015,14.444896697998047,295999,0.0,0.0
2013-07-18 00:00:00+08:00,14.360423626691892,14.360423626691892,14.022531628303074,14.191476821899414,419910,0.0,0.0
2013-07-19 00:00:00+08:00,14.1914749922848,14.1914749922848,13.98029231911868,14.107003211975098,208672,0.0,0.0
2013-07-22 00:00:00+08:00,14.107005030699314,14.275950224295652,14.022531628303074,14.191476821899414,62763,0.0,0.0
2013-07-23 00:00:00+08:00,14.1914749922848,14.1914749922848,13.853583037458195,14.107003211975098,109856,0.0,0.0
2013-07-24 00:00:00+08:00,13.938057591620039,14.107004388724162,13.938057591620039,14.064766883850098,170438,0.0,0.0
2013-07-25 00:00:00+08:00,14.064767201525953,14.613841887722009,14.064767201525953,14.444896697998047,343224,0.0,0.0
2013-07-26 00:00:00+08:00,14.36042308807373,14.36042308807373,14.107004501586156,14.36042308807373,238864,0.0,0.0
2013-07-29 00:00:00+08:00,14.444896487301616,14.69831507378919,14.233713794829944,14.36042308807373,251322,0.0,0.0
2013-07-30 00:00:00+08:00,14.360422781906411,14.5293695767602,14.360422781906411,14.48713207244873,212590,0.0,0.0
2013-07-31 00:00:00+08:00,14.487132381317519,14.613841674561305,14.36042308807373,14.36042308807373,194585,0.0,0.0
2013-08-01 00:00:00+08:00,14.318187625620869,14.40265941619873,14.23371422384688,14.40265941619873,66000,0.0,0.0
2013-08-02 00:00:00+08:00,14.318185806274414,14.444895087236963,14.275948305156282,14.318185806274414,200020,0.0,0.0
2013-08-05 00:00:00+08:00,14.318185806274414,14.318185806274414,14.19147491411594,14.318185806274414,152021,0.0,0.0
2013-08-06 00:00:00+08:00,14.31818698273802,14.31818698273802,14.149240186775708,14.275949478149414,48585,0.0,0.0
2013-08-07 00:00:00+08:00,14.233714328695603,14.233714328695603,13.938058225906836,14.191476821899414,181739,0.0,0.0
2013-08-08 00:00:00+08:00,14.022530895402003,14.275949478149414,13.938057497420846,14.275949478149414,143800,0.0,0.0
2013-08-09 00:00:00+08:00,14.107004293383158,14.275949478149414,14.107004293383158,14.275949478149414,94667,0.0,0.0
2013-08-12 00:00:00+08:00,14.52936922833037,14.52936922833037,14.191475646725845,14.233713150024414,139252,0.0,0.0
2013-08-13 00:00:00+08:00,14.275949042126976,14.318186545425545,14.233713150024414,14.233713150024414,27585,0.0,0.0
2013-08-14 00:00:00+08:00,14.318186669513024,14.529369354248047,14.191475769715193,14.529369354248047,350225,0.0,0.0
2013-08-15 00:00:00+08:00,14.487130747029816,15.543044090270998,14.360421468080055,15.543044090270996,1815319,0.0,0.0
2013-08-16 00:00:00+08:00,16.049882307690332,16.598956906503727,15.965408920673845,16.303300857543945,3467729,0.0,0.0
2013-08-19 00:00:00+08:00,16.641196410533702,16.725668196531466,15.627518866600141,15.711992263793945,1520115,0.0,0.0
2013-08-20 00:00:00+08:00,15.711991788414625,16.38777572312657,15.627518393776633,16.261066436767578,2217334,0.0,0.0
2013-08-22 00:00:00+08:00,16.17659158261714,16.430011743666597,15.965408920673845,16.303300857543945,1128393,0.0,0.0
2013-08-23 00:00:00+08:00,16.34554057750521,16.472249869647907,16.049884488374882,16.176593780517578,878000,0.0,0.0
2013-08-26 00:00:00+08:00,16.176591865760788,16.345538642750885,15.247387814706993,15.45857048034668,742070,0.0,0.0
2013-08-27 00:00:00+08:00,15.331862449645996,15.543045132454331,15.12067976683766,15.331862449645996,491598,0.0,0.0
2013-08-28 00:00:00+08:00,15.036208244886465,15.120681650773825,14.360424220180006,14.951736450195312,660467,0.0,0.0
2013-08-29 00:00:00+08:00,15.120680701238665,15.289627502404011,14.782788710104079,14.825024604797363,485778,0.0,0.0
2013-08-30 00:00:00+08:00,14.993972255684167,15.036208152770996,14.571606840031091,15.036208152770996,593253,0.0,0.0
2013-09-02 00:00:00+08:00,15.036207614256355,15.289627821289793,14.909498316337704,15.205154418945312,570238,0.0,0.0
2013-09-03 00:00:00+08:00,15.374100378541016,15.711992358149336,15.120680185437738,15.500809669494629,491599,0.0,0.0
2013-09-04 00:00:00+08:00,15.458570345827091,16.134355836710967,15.41633445754504,16.007646560668945,689037,0.0,0.0
2013-09-05 00:00:00+08:00,16.092122401611817,16.134359911757635,15.458574250190939,15.965413093566895,738834,0.0,0.0
2013-09-06 00:00:00+08:00,16.04988405617351,16.303302633634686,15.796465478712339,16.134357452392578,686132,0.0,0.0
2013-09-09 00:00:00+08:00,16.134357769938795,16.134357769938795,15.54304559596353,15.880937576293945,477207,0.0,0.0
2013-09-10 00:00:00+08:00,15.880937446985511,16.049884241373118,15.711992263793945,15.711992263793945,296153,0.0,0.0
2013-09-11 00:00:00+08:00,15.711993112967468,15.923175811767578,15.627519711208198,15.923175811767578,470279,0.0,0.0
2013-09-12 00:00:00+08:00,15.923178084465789,15.923178084465789,15.627521941707721,15.669757843017578,476745,0.0,0.0
2013-09-13 00:00:00+08:00,15.669753145986364,15.669753145986364,15.45857048034668,15.45857048034668,321249,0.0,0.0
2013-09-16 00:00:00+08:00,15.627518216987829,15.838700895595771,15.585282325744629,15.585282325744629,181038,0.0,0.0
2013-09-17 00:00:00+08:00,15.79646566098775,15.79646566098775,15.585282973601261,15.711992263793945,166806,0.0,0.0
2013-09-18 00:00:00+08:00,15.711991091084203,15.754226980930685,15.58528181034883,15.627517700195312,220112,0.0,0.0
2013-09-23 00:00:00+08:00,15.669754853700764,15.669754853700764,15.458572165046059,15.500809669494629,127429,0.0,0.0
2013-09-24 00:00:00+08:00,15.45857048034668,15.754226534481415,15.45857048034668,15.45857048034668,254888,0.0,0.0
2013-09-25 00:00:00+08:00,15.374098703047505,15.669753145986364,15.374098703047505,15.45857048034668,277592,0.0,0.0
2013-09-26 00:00:00+08:00,15.458570918417537,15.880936261666058,15.458570918417537,15.627517700195312,350297,0.0,0.0
2013-09-27 00:00:00+08:00,15.627518960448244,15.88093754235547,15.500809669494629,15.500809669494629,204363,0.0,0.0
2013-09-30 00:00:00+08:00,15.543044823305456,15.585282325744629,15.416335538379885,15.585282325744629,195720,0.0,0.0
2013-10-01 00:00:00+08:00,15.543045132454331,15.543045132454331,15.331862449645996,15.331862449645996,210290,0.0,0.0
2013-10-02 00:00:00+08:00,15.331862012399744,15.4163354053532,15.289626121520996,15.289626121520996,144070,0.0,0.0
2013-10-03 00:00:00+08:00,15.374100378541016,15.585283067195721,15.247389476391353,15.500809669494629,328223,0.0,0.0
2013-10-04 00:00:00+08:00,15.331861203202042,15.58528136868719,15.289625314552454,15.45857048034668,132901,0.0,0.0
2013-10-07 00:00:00+08:00,15.458572802564124,15.627519604933747,15.120680809020996,15.120680809020996,258933,0.0,0.0
2013-10-08 00:00:00+08:00,15.036208953005966,15.374102592468262,15.036208953005966,15.374102592468262,164094,0.0,0.0
2013-10-09 00:00:00+08:00,15.374102592468262,15.543047801003127,15.205155772737115,15.374102592468262,175899,0.0,0.0
2013-10-11 00:00:00+08:00,15.965413985775644,15.965413985775644,15.500812626581796,15.669757843017578,653321,0.0,0.0
2013-10-14 00:00:00+08:00,15.669753973017608,15.669753973017608,15.289626121520996,15.289626121520996,102983,0.0,0.0
2013-10-15 00:00:00+08:00,15.289627013514734,16.04988437205718,15.205153615633117,15.880937576293945,598621,0.0,0.0
2013-10-16 00:00:00+08:00,15.880937660853604,15.880937660853604,15.416336386824975,15.796465873718262,233002,0.0,0.0
2013-10-17 00:00:00+08:00,15.880939684471524,15.965413093566895,15.71199447747705,15.965413093566895,219954,0.0,0.0
2013-10-18 00:00:00+08:00,15.838701682951163,15.880937576293945,15.711992391726765,15.880937576293945,204283,0.0,0.0
2013-10-21 00:00:00+08:00,15.838700371819574,15.880936261666058,15.627517700195314,15.627517700195312,187687,0.0,0.0
2013-10-22 00:00:00+08:00,15.58528181034883,15.838700371819574,15.58528181034883,15.627517700195312,84826,0.0,0.0
2013-10-23 00:00:00+08:00,15.880938846955894,15.880938846955894,15.669756140952778,15.754229545593262,99008,0.0,0.0
2013-10-24 00:00:00+08:00,15.669756140952778,15.796467053511593,15.627520244230627,15.754229545593262,188291,0.0,0.0
2013-10-25 00:00:00+08:00,15.627517257336777,15.796464034326876,15.45857048034668,15.45857048034668,141187,0.0,0.0
2013-10-28 00:00:00+08:00,15.627517700195314,15.711991091084203,15.458570918417537,15.627517700195312,111008,0.0,0.0
2013-10-29 00:00:00+08:00,15.627518216987829,15.7119916106702,15.458571429623085,15.585282325744629,127429,0.0,0.0
2013-10-30 00:00:00+08:00,15.585282325744629,15.585282325744629,15.458571429623085,15.585282325744629,203998,0.0,0.0
2013-10-31 00:00:00+08:00,15.543045469406339,15.711992263793945,15.416336179213653,15.711992263793945,119637,0.0,0.0
2013-11-01 00:00:00+08:00,15.6275212108687,15.6275212108687,15.374102592468262,15.374102592468262,171592,0.0,0.0
2013-11-04 00:00:00+08:00,15.374102592468262,15.374102592468262,15.205155772737115,15.374102592468262,192281,0.0,0.0
2013-11-05 00:00:00+08:00,15.37410101257543,15.37410101257543,15.120680809020996,15.120680809020996,199570,0.0,0.0
2013-11-06 00:00:00+08:00,15.162918420027927,15.162918420027927,14.698315515897871,14.90949821472168,332149,0.0,0.0
2013-11-07 00:00:00+08:00,14.90949821472168,15.374101118851735,14.82502481295293,14.90949821472168,137271,0.0,0.0
2013-11-08 00:00:00+08:00,14.90949821472168,14.90949821472168,14.698315515897871,14.90949821472168,109099,0.0,0.0
2013-11-11 00:00:00+08:00,14.909497136025692,14.951734639452264,14.61384105682373,14.61384105682373,56071,0.0,0.0
2013-11-12 00:00:00+08:00,14.571605246716643,14.867261327584881,14.191475769715193,14.529369354248047,303850,0.0,0.0
2013-11-13 00:00:00+08:00,14.529369272362606,14.782787848137996,13.938057113958683,14.61384105682373,187999,0.0,0.0
2013-11-14 00:00:00+08:00,14.613841674561305,14.613841674561305,14.02253110235827,14.36042308807373,162980,0.0,0.0
2013-11-15 00:00:00+08:00,14.275949132333787,14.275949132333787,13.938057159790198,14.022530555725098,207612,0.0,0.0
2013-11-18 00:00:00+08:00,13.684640044510319,13.980294545060229,13.684640044510319,13.853585243225098,84938,0.0,0.0
2013-11-19 00:00:00+08:00,13.726874351501465,13.853583638660739,13.60016506434219,13.726874351501465,167042,0.0,0.0
2013-11-20 00:00:00+08:00,13.726875512782211,13.853584810660973,13.515692812585561,13.811348915100098,246236,0.0,0.0
2013-11-21 00:00:00+08:00,13.600164630897163,13.684638023376465,13.600164630897163,13.684638023376465,52024,0.0,0.0
2013-11-22 00:00:00+08:00,13.684639200722959,13.684639200722959,13.60016580097606,13.642401695251465,63370,0.0,0.0
2013-11-25 00:00:00+08:00,13.642401260054532,13.642401260054532,13.515691970074293,13.600165367126465,225401,0.0,0.0
2013-11-26 00:00:00+08:00,13.853585036998782,14.318187951739707,13.684639840798944,13.769111633300781,229856,0.0,0.0
2013-11-27 00:00:00+08:00,13.938057906433954,14.571605993090044,13.853584505973922,14.444896697998047,294410,0.0,0.0
2013-11-28 00:00:00+08:00,14.444896087278405,15.036206643106247,14.360422690389845,14.698314666748047,407283,0.0,0.0
2013-11-29 00:00:00+08:00,15.205153872638316,15.205153872638316,14.529369900555045,14.86726188659668,662361,0.0,0.0
2013-12-02 00:00:00+08:00,14.95173700203117,14.95173700203117,14.57160746710641,14.782790184020996,272522,0.0,0.0
2013-12-03 00:00:00+08:00,14.782788316133537,15.796465873718262,14.529369732335388,15.796465873718262,1537476,0.0,0.0
2013-12-04 00:00:00+08:00,15.711991923179403,15.711991923179403,15.12067976683766,15.331862449645996,942206,0.0,0.0
2013-12-05 00:00:00+08:00,15.331862874092446,15.543045562747151,14.993970894484125,15.500809669494629,236073,0.0,0.0
2013-12-06 00:00:00+08:00,15.711992391726765,15.92317508083278,15.585283100502366,15.880937576293945,898323,0.0,0.0
2013-12-09 00:00:00+08:00,16.04988437205718,16.134357769938795,15.838701682951163,15.880937576293945,338643,0.0,0.0
2013-12-10 00:00:00+08:00,16.049886502662265,16.049886502662265,15.669756967331232,15.965413093566895,267513,0.0,0.0
2013-12-11 00:00:00+08:00,15.965409427567469,15.965409427567469,15.458570700572523,15.543044090270996,202961,0.0,0.0
2013-12-12 00:00:00+08:00,15.543044090270998,15.965409427567469,15.500808201019709,15.543044090270996,232999,0.0,0.0
2013-12-13 00:00:00+08:00,15.543047801003127,15.6275212108687,15.289629182602688,15.374102592468262,68441,0.0,0.0
2013-12-16 00:00:00+08:00,15.24738926649387,15.627518745317852,15.205153373822775,15.416336059570312,141823,0.0,0.0
2013-12-17 00:00:00+08:00,15.458573014782614,15.500810521552923,14.951735823108013,15.205154418945312,412020,0.0,0.0
2013-12-18 00:00:00+08:00,15.3741018684359,15.3741018684359,14.951736450195312,14.951736450195312,137263,0.0,0.0
2013-12-19 00:00:00+08:00,15.24739042227423,15.24739042227423,14.95173592877334,14.993971824645996,356314,0.0,0.0
2013-12-20 00:00:00+08:00,14.9939703479025,15.331862315193499,14.867261061567875,15.162917137145996,421517,0.0,0.0
2013-12-23 00:00:00+08:00,15.162919159315607,15.24739095400676,14.951736450195312,14.951736450195312,178683,0.0,0.0
2013-12-24 00:00:00+08:00,15.03620751177674,15.289627717082986,14.867262319435369,14.90949821472168,314847,0.0,0.0
2013-12-25 00:00:00+08:00,15.036207720518652,15.036207720518652,14.86726252583188,14.993971824645996,81667,0.0,0.0
2013-12-26 00:00:00+08:00,14.993971824645996,15.162918630528917,14.95173592877334,14.993971824645996,86102,0.0,0.0
2013-12-27 00:00:00+08:00,14.993971824645996,15.120681123460113,14.909498421704535,14.993971824645996,173099,0.0,0.0
2013-12-30 00:00:00+08:00,15.036205018223118,16.007646560668945,14.993969129941066,16.007646560668945,1853558,0.0,0.0
2013-12-31 00:00:00+08:00,16.21883202468679,17.105798721313477,16.092121115572002,17.105798721313477,3973683,0.0,0.0
2014-01-02 00:00:00+08:00,17.105800207353518,18.246187210083008,16.894617488744213,18.246187210083008,3988249,0.0,0.0
2014-01-03 00:00:00+08:00,18.161709863999313,18.161709863999313,17.570397735576776,17.95052719116211,1813108,0.0,0.0
2014-01-06 00:00:00+08:00,18.16171040005154,19.17538790406769,18.16171040005154,19.006441116333008,2963862,0.0,0.0
2014-01-07 00:00:00+08:00,18.837497788169305,19.34433663326007,18.37289645336726,19.133153915405273,2138473,0.0,0.0
2014-01-08 00:00:00+08:00,19.259859614653042,20.44248390197754,19.048676936373095,20.44248390197754,3423696,0.0,0.0
2014-01-09 00:00:00+08:00,20.695903532919242,21.456160891481147,19.935646174357338,20.23130226135254,3694235,0.0,0.0
2014-01-10 00:00:00+08:00,20.27353890099453,20.442485702981266,19.851173507223812,20.14682960510254,1337567,0.0,0.0
2014-01-13 00:00:00+08:00,20.73813867545045,20.949321356916123,19.851172057773034,20.189064025878906,1505584,0.0,0.0
2014-01-14 00:00:00+08:00,19.851171055086667,20.14682711644416,19.133149652131582,19.808935165405273,1591287,0.0,0.0
2014-01-15 00:00:00+08:00,19.935648027317367,21.160506771293004,19.935648027317367,21.118270874023438,2898388,0.0,0.0
2014-01-16 00:00:00+08:00,21.582869687771648,22.512073820792654,21.37168700350306,22.385364532470703,4610064,0.0,0.0
2014-01-17 00:00:00+08:00,22.38536336039577,22.80772870681833,21.20274071265178,22.30088996887207,3297613,0.0,0.0
2014-01-20 00:00:00+08:00,22.300889951108722,23.567985989367127,21.70957943330569,23.018911361694336,3192825,0.0,0.0
2014-01-21 00:00:00+08:00,22.807729461662074,22.97667625030093,22.21641731262207,22.21641731262207,2615736,0.0,0.0
2014-01-22 00:00:00+08:00,22.385366006851456,22.72325800169678,21.456161812629716,22.343130111694336,1594885,0.0,0.0
2014-01-23 00:00:00+08:00,22.46983798641898,22.554311382583673,21.667343139648438,21.667343139648438,1353663,0.0,0.0
2014-01-24 00:00:00+08:00,21.202741996515705,22.258655426509556,21.202741996515705,21.96299934387207,1246584,0.0,0.0
2014-01-27 00:00:00+08:00,21.118268359588154,21.794052302616567,20.442484416559736,21.371686935424805,2106244,0.0,0.0
2014-02-05 00:00:00+08:00,20.94932406255277,21.371689480033236,20.2735400390625,21.118270874023438,1209017,0.0,0.0
2014-02-06 00:00:00+08:00,21.625108017916787,22.596548080444336,21.371687820390417,22.596548080444336,2248351,0.0,0.0
2014-02-07 00:00:00+08:00,22.427597622123237,22.807727050781253,21.962996419270834,22.174179077148438,1744013,0.0,0.0
2014-02-10 00:00:00+08:00,22.38536471586961,22.554311509147038,21.794052550594643,21.96299934387207,910471,0.0,0.0
2014-02-11 00:00:00+08:00,21.963002758262775,22.46984160569271,21.794055938720703,21.794055938720703,823620,0.0,0.0
2014-02-12 00:00:00+08:00,22.131945295211825,22.216417077441058,20.82261172511116,21.033794403076172,2063453,0.0,0.0
2014-02-13 00:00:00+08:00,20.69590608864275,21.371690132772994,20.189067249946945,20.864852905273438,1781226,0.0,0.0
2014-02-14 00:00:00+08:00,20.864850137123693,21.118268717252306,20.526956548690826,20.653667449951172,600244,0.0,0.0
2014-02-17 00:00:00+08:00,20.65366689182098,20.82261207027592,20.146828134064172,20.189064025878906,909732,0.0,0.0
2014-02-18 00:00:00+08:00,20.104590327772843,20.65366658025749,19.766698364764117,20.44248390197754,797436,0.0,0.0
2014-02-19 00:00:00+08:00,20.40024639960397,20.69590247143509,20.358010508426364,20.44248390197754,525094,0.0,0.0
2014-02-20 00:00:00+08:00,19.85117484112175,20.780379092094353,19.85117484112175,20.695905685424805,810840,0.0,0.0
2014-02-21 00:00:00+08:00,21.033794661478677,21.625106811523438,20.822611980919262,21.625106811523438,1584981,0.0,0.0
2014-02-24 00:00:00+08:00,21.709581183582493,22.1741824572561,21.287215803444283,22.131946563720703,1847490,0.0,0.0
2014-02-25 00:00:00+08:00,22.131943190051246,22.554308505806453,21.87852303388063,22.174179077148438,1468166,0.0,0.0
2014-02-26 00:00:00+08:00,22.51207468126888,22.97667757113585,22.300891988928278,22.596548080444336,2078628,0.0,0.0
2014-02-27 00:00:00+08:00,22.807729150188,23.018911827504553,22.131945227253407,22.469837188720703,1558280,0.0,0.0
2014-03-03 00:00:00+08:00,22.807729284177388,22.89220267783946,22.469837320725063,22.765493392944336,1286432,0.0,0.0
2014-03-04 00:00:00+08:00,22.80773046284687,22.892203860874403,22.131946501018717,22.723257064819336,1172642,0.0,0.0
2014-03-05 00:00:00+08:00,22.723257809364707,22.892204610955446,22.385365817379334,22.638784408569336,1100992,0.0,0.0
2014-03-06 00:00:00+08:00,22.638781905738444,23.483512597910714,22.46983673402155,23.018911361694336,2676693,0.0,0.0
2014-03-07 00:00:00+08:00,22.976678097286733,23.103387393353437,21.794053704141177,22.047473907470703,1631576,0.0,0.0
2014-03-10 00:00:00+08:00,22.04747172984373,22.04747172984373,21.118267631805114,21.456159591674805,754703,0.0,0.0
2014-03-11 00:00:00+08:00,21.45616297569365,21.625109787872397,21.202744368621747,21.41392707824707,340669,0.0,0.0
2014-03-12 00:00:00+08:00,21.413927165550632,21.963001890575782,21.11827104863056,21.709583282470703,569236,0.0,0.0
2014-03-13 00:00:00+08:00,21.79405422870347,21.878527631846506,21.49839973449707,21.49839973449707,446298,0.0,0.0
2014-03-14 00:00:00+08:00,21.287214279174805,21.625106236851433,21.07603160422742,21.287214279174805,482204,0.0,0.0
2014-03-17 00:00:00+08:00,21.371686802029398,21.498397700352847,21.160504119751653,21.202741622924805,515156,0.0,0.0
2014-03-18 00:00:00+08:00,21.371686802029398,21.41392430520255,21.160504119751653,21.202741622924805,496039,0.0,0.0
2014-03-19 00:00:00+08:00,21.033795010726873,21.244977694792798,20.780376434326172,20.780376434326172,851805,0.0,0.0
2014-03-20 00:00:00+08:00,20.358013904468862,20.780379331486074,19.428809642791748,20.273540496826172,1173851,0.0,0.0
2014-03-21 00:00:00+08:00,20.526954652523706,20.526954652523706,19.682223981865185,19.935644149780273,794820,0.0,0.0
2014-03-24 00:00:00+08:00,19.597756939060712,19.808939657752333,18.541843345602622,19.428810119628906,529198,0.0,0.0
2014-03-25 00:00:00+08:00,19.428809251827246,20.273540088863214,19.428809251827246,20.10459327697754,370236,0.0,0.0
2014-03-26 00:00:00+08:00,20.18906372132402,20.86484925853744,20.18906372132402,20.44248390197754,818148,0.0,0.0
2014-03-27 00:00:00+08:00,20.315773439396487,21.076032386377715,20.315773439396487,20.48472023010254,391913,0.0,0.0
2014-03-28 00:00:00+08:00,20.484720102170044,20.52695599398478,20.189064025878906,20.189064025878906,317016,0.0,0.0
2014-03-31 00:00:00+08:00,20.27353890099453,20.3580123019879,20.14682960510254,20.14682960510254,415547,0.0,0.0
2014-04-01 00:00:00+08:00,20.358013228482058,21.54063606262207,20.231303926823518,21.54063606262207,1486411,0.0,0.0
2014-04-02 00:00:00+08:00,21.540637832784277,21.540637832784277,20.822616249452206,20.949325561523438,1135126,0.0,0.0
2014-04-03 00:00:00+08:00,20.864852498763902,20.991561803170118,20.40024956767949,20.695905685424805,801134,0.0,0.0
2014-04-07 00:00:00+08:00,20.31577331251911,20.569193496995513,20.146828134064172,20.189064025878906,522041,0.0,0.0
2014-04-08 00:00:00+08:00,20.18906572338221,20.78037792568221,20.10459232145419,20.611431121826172,775395,0.0,0.0
2014-04-09 00:00:00+08:00,20.611430688178505,20.695904088329275,20.484721393550405,20.569194793701172,283117,0.0,0.0
2014-04-10 00:00:00+08:00,20.48472023010254,20.569193625455565,20.020118972454902,20.48472023010254,515163,0.0,0.0
2014-04-11 00:00:00+08:00,20.484722568675934,20.949323879363305,20.273539861782368,20.526958465576172,525703,0.0,0.0
2014-04-14 00:00:00+08:00,20.864852739128764,20.864852739128764,20.273540496826172,20.273540496826172,516515,0.0,0.0
2014-04-15 00:00:00+08:00,20.31577331251911,20.484720102170044,20.189064025878906,20.189064025878906,363020,0.0,0.0
2014-04-16 00:00:00+08:00,20.358013266779032,20.5691959736726,20.23130396488213,20.526958465576172,310269,0.0,0.0
2014-04-17 00:00:00+08:00,20.695902912887103,20.695902912887103,20.48472023010254,20.48472023010254,370720,0.0,0.0
2014-04-18 00:00:00+08:00,20.695903532919242,20.695903532919242,20.23130226135254,20.23130226135254,461038,0.0,0.0
2014-04-21 00:00:00+08:00,20.31577331251911,20.31577331251911,20.189064025878906,20.189064025878906,305276,0.0,0.0
2014-04-22 00:00:00+08:00,20.273537625204625,21.582869619020688,20.273537625204625,21.371686935424805,1982214,0.0,0.0
2014-04-23 00:00:00+08:00,21.456160378858723,21.625107170589867,20.780376434326172,20.780376434326172,820865,0.0,0.0
2014-04-24 00:00:00+08:00,20.864849703593155,20.864849703593155,20.48472023010254,20.48472023010254,524131,0.0,0.0
2014-04-25 00:00:00+08:00,20.1045920990078,20.907086991650612,19.808937612325185,20.14682960510254,1155142,0.0,0.0
2014-04-28 00:00:00+08:00,19.513278814451013,20.020117539085305,19.428805425145985,19.935644149780273,455460,0.0,0.0
2014-04-29 00:00:00+08:00,19.9356478529919,20.611431870572837,19.9356478529919,20.526958465576172,446331,0.0,0.0
2014-04-30 00:00:00+08:00,20.273537849117012,20.40024713843479,20.189064452506486,20.35801124572754,457756,0.0,0.0
2014-05-02 00:00:00+08:00,20.358010893813823,21.287215018075102,20.358010893813823,21.202741622924805,1612363,0.0,0.0
2014-05-05 00:00:00+08:00,21.45616297569365,22.131948613212415,21.202744368621747,21.41392707824707,1161200,0.0,0.0
2014-05-06 00:00:00+08:00,21.41392430520255,21.540633592329996,20.738138755196164,21.202741622924805,396184,0.0,0.0
2014-05-07 00:00:00+08:00,21.20274088695666,21.413923561904046,20.82261142757299,21.287214279174805,347035,0.0,0.0
2014-05-08 00:00:00+08:00,21.28721777471112,21.92076590358709,21.28721777471112,21.41392707824707,740373,0.0,0.0
2014-05-09 00:00:00+08:00,21.54063284463329,21.751815519580674,21.118267494738518,21.287214279174805,537810,0.0,0.0
2014-05-12 00:00:00+08:00,20.86485226801364,21.118270874023438,20.7803788622783,21.118270874023438,507139,0.0,0.0
2014-05-13 00:00:00+08:00,21.16050442371752,21.329451216445,20.907085845822326,21.076032638549805,491034,0.0,0.0
2014-05-14 00:00:00+08:00,21.9207651390161,22.51207573862505,20.991560926835003,21.49839973449707,4141850,0.0,0.0
2014-05-15 00:00:00+08:00,21.287216831001896,21.287216831001896,20.02012062942312,20.907087326049805,1937230,0.0,0.0
2014-05-16 00:00:00+08:00,20.14682825988644,20.73813880496561,20.14682825988644,20.48472023010254,1180998,0.0,0.0
2014-05-19 00:00:00+08:00,20.73814117246974,20.86485208556283,20.484722568675934,20.526958465576172,571701,0.0,0.0
2014-05-20 00:00:00+08:00,20.315776395049397,20.611432516200693,20.18906708918348,20.273540496826172,886984,0.0,0.0
2014-05-21 00:00:00+08:00,20.273537849117012,20.442484642338066,20.273537849117012,20.35801124572754,415000,0.0,0.0
2014-05-22 00:00:00+08:00,20.569195226460227,20.86485132761023,20.358012527238248,20.611431121826172,955797,0.0,0.0
2014-05-23 00:00:00+08:00,20.611431121826172,20.738140419120136,20.526957719898153,20.611431121826172,492774,0.0,0.0
2014-05-26 00:00:00+08:00,20.526957521081897,22.047473907470703,20.526957521081897,22.047473907470703,3599610,0.0,0.0
2014-05-27 00:00:00+08:00,22.258657234310117,23.567989349365234,22.258657234310117,23.567989349365234,7773318,0.0,0.0
2014-05-28 00:00:00+08:00,24.49719229978127,25.215213775634766,23.82140832909332,25.215213775634766,10122149,0.0,0.0
2014-05-29 00:00:00+08:00,25.215213629725746,26.904675157865547,24.370482865655845,26.524545669555664,8241188,0.0,0.0
2014-05-30 00:00:00+08:00,26.3556014149117,27.36927901209912,25.975471913167386,26.144418716430664,4155859,0.0,0.0
2014-06-03 00:00:00+08:00,26.397837325930595,27.622697622332225,26.397837325930595,27.03138542175293,4262838,0.0,0.0
2014-06-04 00:00:00+08:00,27.707169855830106,27.707169855830106,26.524547046958606,27.07362174987793,3337224,0.0,0.0
2014-06-05 00:00:00+08:00,27.284802462998588,27.36927747106998,26.017706343456314,26.18665313720703,3845668,0.0,0.0
2014-06-06 00:00:00+08:00,26.27112672229564,26.65125459416404,25.17297577744061,25.7642879486084,3726520,0.0,0.0
2014-06-09 00:00:00+08:00,26.355602059614203,27.538223266601562,26.017708444822198,27.538223266601562,4899767,0.0,0.0
2014-06-10 00:00:00+08:00,27.538222842228716,29.22768444536894,27.453751051028615,28.382953643798828,6855019,0.0,0.0
2014-06-11 00:00:00+08:00,28.55189817078241,29.903469278904527,27.53822064528883,29.22768211364746,4521374,0.0,0.0
2014-06-12 00:00:00+08:00,29.143211119949022,29.987941877048996,28.46742715874747,28.67860984802246,3847267,0.0,0.0
2014-06-13 00:00:00+08:00,28.214009400621624,28.678610686125687,27.6649331035036,27.876115798950195,3430758,0.0,0.0
2014-06-16 00:00:00+08:00,28.129534840597803,29.143212439493418,28.04506305001994,28.80531883239746,2604798,0.0,0.0
2014-06-17 00:00:00+08:00,29.396630616844643,30.790437698364258,28.720846634626003,30.790437698364258,5364978,0.0,0.0
2014-06-18 00:00:00+08:00,31.255034959938943,32.77554952972788,30.072410726552103,31.086088180541992,8337471,0.0,0.0
2014-06-19 00:00:00+08:00,31.086092428341594,32.01529823080145,30.41030844080221,31.128328323364258,3254818,0.0,0.0
2014-06-20 00:00:00+08:00,31.255037987690294,31.888586055008343,31.0016194052415,31.76187515258789,2614774,0.0,0.0
2014-06-23 00:00:00+08:00,32.01529933592847,32.35318973016558,29.56557867134574,30.030179977416992,4924463,0.0,0.0
2014-06-24 00:00:00+08:00,28.720844042849798,30.66372402479949,28.551897256942887,30.579252243041992,2894346,0.0,0.0
2014-06-25 00:00:00+08:00,30.57925318760991,31.84634928746343,29.903469245499775,31.67740249633789,2591045,0.0,0.0
2014-06-26 00:00:00+08:00,31.761870810404254,33.74698975004931,31.677399035266877,33.451332092285156,5998431,0.0,0.0
2014-06-27 00:00:00+08:00,33.451335380965084,33.535810386799064,32.099767511541195,32.522132873535156,2762836,0.0,0.0
2014-06-30 00:00:00+08:00,32.522138623816325,32.90226816130048,32.099773187143384,32.39542770385742,1919000,0.0,0.0
2014-07-01 00:00:00+08:00,32.18424310591802,32.691083533760924,31.170568695016954,31.508459091186523,3561310,0.0,0.0
2014-07-02 00:00:00+08:00,31.592930637083878,32.099767786867076,30.07241274295025,30.663724899291992,3135896,0.0,0.0
2014-07-03 00:00:00+08:00,30.66372574818489,31.466220609551193,30.32583537977262,31.001619338989258,1847288,0.0,0.0
2014-07-04 00:00:00+08:00,31.170564998117484,31.25503678154324,30.156887485048497,30.325834274291992,1729915,0.0,0.0
2014-07-07 00:00:00+08:00,30.072410436257133,30.072410436257133,29.058736214444234,29.31215476989746,2103075,0.0,0.0
2014-07-08 00:00:00+08:00,29.143210240865866,29.269921139565565,28.129532718444302,28.467426300048828,2733649,0.0,0.0
2014-07-09 00:00:00+08:00,28.46742821387369,29.734524396487718,28.29848141171337,29.48110580444336,1932273,0.0,0.0
2014-07-10 00:00:00+08:00,29.396631033619258,29.734524640715215,28.7208470418196,28.80531883239746,2068032,0.0,0.0
2014-07-11 00:00:00+08:00,28.72084722674432,28.72084722674432,26.820202924974474,27.622697830200195,2176078,0.0,0.0
2014-07-14 00:00:00+08:00,27.622697208892724,28.171770283618542,27.453750408057008,27.876115798950195,1057548,0.0,0.0
2014-07-15 00:00:00+08:00,28.08729871461103,29.650049384211446,28.00282692472699,29.48110580444336,2653009,0.0,0.0
2014-07-16 00:00:00+08:00,29.565577837167236,29.607813732456165,28.763082937108532,28.80531883239746,1225316,0.0,0.0
2014-07-17 00:00:00+08:00,28.80531773372456,28.80531773372456,28.002826086666204,28.129533767700195,940158,0.0,0.0
2014-07-18 00:00:00+08:00,27.876114143436915,28.594133976356517,27.031383411817615,28.467426300048828,861172,0.0,0.0
2014-07-21 00:00:00+08:00,28.636374791514807,28.678610686125687,27.876115798950195,27.876115798950195,724100,0.0,0.0
2014-07-22 00:00:00+08:00,28.129532904024636,28.129532904024636,27.453748958749216,27.918350219726562,615422,0.0,0.0
2014-07-23 00:00:00+08:00,27.918350219726562,27.918350219726562,27.918350219726562,27.918350219726562,0,0.0,0.0
2014-07-24 00:00:00+08:00,28.00282496601979,28.00282496601979,27.45374870300293,27.45374870300293,650547,0.0,0.0
2014-07-25 00:00:00+08:00,27.707170667540527,28.932031019410093,27.495987959369653,28.29848289489746,1002377,0.0,0.0
2014-07-28 00:00:00+08:00,28.298480749093066,28.55189933520353,27.749404460526936,27.833879470825195,840603,0.0,0.0
2014-07-29 00:00:00+08:00,28.087297316520445,28.5096626897012,25.890997053741295,26.18665313720703,2917424,0.0,0.0
2014-07-30 00:00:00+08:00,26.355601430687557,27.03138542175293,24.750611632314076,27.03138542175293,2299352,0.0,0.0
2014-07-31 00:00:00+08:00,27.20033438810372,27.20033438810372,26.440075323703773,26.60902214050293,728359,0.0,0.0
2014-08-01 00:00:00+08:00,26.186651966707938,26.440070534810598,25.679813219306656,26.1021785736084,701009,0.0,0.0
2014-08-04 00:00:00+08:00,26.102179004469196,26.566781868587746,25.93323382667735,26.27112579345703,405513,0.0,0.0
2014-08-05 00:00:00+08:00,26.609018631723472,26.609018631723472,26.102179859356198,26.482309341430664,410171,0.0,0.0
2014-08-06 00:00:00+08:00,26.10218154149493,26.6934937492295,25.130741438384828,25.89099884033203,1019612,0.0,0.0
2014-08-07 00:00:00+08:00,25.8909974309041,26.35560031488858,25.341922760009766,25.341922760009766,462115,0.0,0.0
2014-08-08 00:00:00+08:00,24.919556961304245,25.764287705755237,24.83508356461994,25.172975540161133,677504,0.0,0.0
2014-08-11 00:00:00+08:00,25.51086846540375,26.60901776023671,25.51086846540375,26.27112579345703,859345,0.0,0.0
2014-08-12 00:00:00+08:00,25.848763042089015,25.848763042089015,25.08850563727384,25.2996883392334,1483119,0.0,0.0
2014-08-13 00:00:00+08:00,25.29968656140671,26.10217980574357,24.83508368302596,25.468631744384766,1172323,0.0,0.0
2014-08-14 00:00:00+08:00,26.017707244984766,26.017707244984766,24.75061108153688,24.792848587036133,990793,0.0,0.0
2014-08-15 00:00:00+08:00,24.539426429197395,24.919555892372994,23.061147689819336,23.061147689819336,3295660,0.0,0.0
2014-08-18 00:00:00+08:00,22.84996493313475,22.84996493313475,21.456159591674805,21.456159591674805,2766070,0.0,0.0
2014-08-19 00:00:00+08:00,21.794053724723415,22.93444061279297,21.540635132350676,22.93444061279297,1590310,0.0,0.0
2014-08-20 00:00:00+08:00,22.934438791122904,23.948116302490234,22.385364143797265,23.948116302490234,2092856,0.0,0.0
2014-08-21 00:00:00+08:00,23.821408221217204,25.172976156472476,23.31456943989844,24.919557571411133,2694817,0.0,0.0
2014-08-22 00:00:00+08:00,24.45495569633461,25.637578416326793,24.45495569633461,25.172975540161133,2716170,0.0,0.0
2014-08-25 00:00:00+08:00,25.21521366144675,25.426396352729892,24.79284827888046,24.919557571411133,865884,0.0,0.0
2014-08-26 00:00:00+08:00,24.919556707398506,25.046265995535904,24.7083740234375,24.7083740234375,588171,0.0,0.0
2014-08-27 00:00:00+08:00,24.91955916251376,25.55310727681496,24.75061235422164,25.046268463134766,611000,0.0,0.0
2014-08-28 00:00:00+08:00,25.510868508913767,26.482308519260684,25.341921719637785,25.553104400634766,1475810,0.0,0.0
2014-08-29 00:00:00+08:00,25.384159074997328,25.67981516767969,24.877321900337375,25.5108699798584,536199,0.0,0.0
2014-09-01 00:00:00+08:00,25.510869126898353,25.848761102439543,24.877321068560107,25.172975540161133,804983,0.0,0.0
2014-09-02 00:00:00+08:00,24.919558527323563,25.257450524098893,24.370483831164133,24.4127197265625,675883,0.0,0.0
2014-09-03 00:00:00+08:00,24.497191520359205,24.835083494952542,24.15929954576587,24.286008834838867,344239,0.0,0.0
2014-09-04 00:00:00+08:00,24.074827407815295,24.91955819405443,23.990354006952163,24.666139602661133,476294,0.0,0.0
2014-09-05 00:00:00+08:00,24.58166653054823,24.58166653054823,24.328246324569633,24.4127197265625,327253,0.0,0.0
2014-09-09 00:00:00+08:00,24.497191520359205,24.497191520359205,24.15929954576587,24.286008834838867,328000,0.0,0.0
2014-09-10 00:00:00+08:00,24.159302331418395,24.159302331418395,23.483516693115234,23.483516693115234,564160,0.0,0.0
2014-09-11 00:00:00+08:00,23.652461378034882,24.328245344357452,23.652461378034882,24.032590866088867,384000,0.0,0.0
2014-09-12 00:00:00+08:00,23.652461804841693,24.243773994441174,23.483515004614386,24.074827194213867,406920,0.0,0.0
2014-09-15 00:00:00+08:00,24.074828447336557,24.70837656437173,24.074828447336557,24.454957962036133,626264,0.0,0.0
2014-09-16 00:00:00+08:00,24.497193007593637,24.666139810745147,24.159301012486743,24.2437744140625,264987,0.0,0.0
2014-09-17 00:00:00+08:00,24.032591715721175,24.581666409169394,24.032591715721175,24.2437744140625,343127,0.0,0.0
2014-09-18 00:00:00+08:00,24.58166910821921,24.58166910821921,24.07483025431026,24.159303665161133,404712,0.0,0.0
2014-09-19 00:00:00+08:00,24.159300594327522,24.32824578335873,23.821408605069003,24.074827194213867,376129,0.0,0.0
2014-09-22 00:00:00+08:00,24.243772818665814,24.243772818665814,23.73693405376067,23.990352630615234,173219,0.0,0.0
2014-09-23 00:00:00+08:00,23.990354209335234,24.412719606017884,23.694698109418155,24.2437744140625,346500,0.0,0.0
2014-09-24 00:00:00+08:00,24.41272047489476,24.49719387947702,24.15930187234416,24.3282470703125,181090,0.0,0.0
2014-09-25 00:00:00+08:00,24.454959797541047,24.497195697368333,23.69470071107947,24.159303665161133,567000,0.0,0.0
2014-09-26 00:00:00+08:00,24.074827194213867,24.32824578335873,23.652461804841693,24.074827194213867,242842,0.0,0.0
2014-09-29 00:00:00+08:00,24.4971923828125,24.70837507576778,24.159300396323268,24.4971923828125,439500,0.0,0.0
2014-09-30 00:00:00+08:00,24.7506109698804,24.792848475189107,24.370483089278547,24.4971923828125,324500,0.0,0.0
2014-10-01 00:00:00+08:00,24.666140349833086,24.666140349833086,24.370484243454328,24.581666946411133,347186,0.0,0.0
2014-10-02 00:00:00+08:00,24.497190953868717,26.27112579345703,24.497190953868717,26.27112579345703,1900764,0.0,0.0
2014-10-03 00:00:00+08:00,26.69349215836368,27.7494039900523,26.651254653930664,26.651254653930664,3207926,0.0,0.0
2014-10-06 00:00:00+08:00,26.609019068201867,27.073620343961885,25.679814905485763,26.524545669555664,1183441,0.0,0.0
2014-10-07 00:00:00+08:00,26.017706648301445,26.820201511226,26.017706648301445,26.05994415283203,629784,0.0,0.0
2014-10-08 00:00:00+08:00,26.01770715451835,26.3556007525531,25.5108699798584,25.5108699798584,706356,0.0,0.0
2014-10-09 00:00:00+08:00,25.76428813934326,25.76428813934326,25.00403077878218,25.341922760009766,608856,0.0,0.0
2014-10-13 00:00:00+08:00,24.074828159165854,24.497193565467008,23.567989349365234,23.567989349365234,1115050,0.0,0.0
2014-10-14 00:00:00+08:00,23.567989986771273,23.567989986771273,22.638785745538787,23.314571380615234,634384,0.0,0.0
2014-10-15 00:00:00+08:00,23.31457000373619,23.48351519413082,22.638784408569336,22.638784408569336,518176,0.0,0.0
2014-10-16 00:00:00+08:00,22.04747255988016,22.512073820792654,21.118268426859153,22.385364532470703,857481,0.0,0.0
2014-10-17 00:00:00+08:00,22.638782109881312,22.638782109881312,21.118267494738518,21.287214279174805,700584,0.0,0.0
2014-10-20 00:00:00+08:00,22.38536579169116,22.38536579169116,20.949322813406116,21.75181770324707,651171,0.0,0.0
2014-10-21 00:00:00+08:00,21.878525698294123,21.878525698294123,20.991559071669826,21.371686935424805,563143,0.0,0.0
2014-10-22 00:00:00+08:00,21.540632984441213,21.878524944310907,21.413923700889576,21.456159591674805,574000,0.0,0.0
2014-10-23 00:00:00+08:00,21.456159892628726,21.54063328658,21.118267928019606,21.329450607299805,297000,0.0,0.0
2014-10-24 00:00:00+08:00,21.371689915188625,21.371689915188625,20.949324489108246,21.160507202148438,414855,0.0,0.0
2014-10-27 00:00:00+08:00,21.20274252482584,21.20274252482584,19.682226181030273,19.682226181030273,1479000,0.0,0.0
2014-10-28 00:00:00+08:00,19.006440089816724,20.020117539085305,19.006440089816724,19.935644149780273,464000,0.0,0.0
2014-10-29 00:00:00+08:00,20.02012165446085,20.864852498763902,20.02012165446085,20.695905685424805,664514,0.0,0.0
2014-10-30 00:00:00+08:00,20.695905597693177,20.695905597693177,20.10459336470917,20.400249481201172,287842,0.0,0.0
2014-10-31 00:00:00+08:00,20.400249481201172,20.569196293824092,20.10459336470917,20.400249481201172,238856,0.0,0.0
2014-11-03 00:00:00+08:00,20.48472182453221,21.033796520270137,20.442485929166267,20.611431121826172,356058,0.0,0.0
2014-11-04 00:00:00+08:00,20.653667449951172,20.780376740015477,20.273537968562213,20.653667449951172,279000,0.0,0.0
2014-11-05 00:00:00+08:00,20.569194052842953,20.73813923586335,20.189064571453997,20.653667449951172,396200,0.0,0.0
2014-11-06 00:00:00+08:00,20.653669378669264,20.6959052755695,20.189066456785703,20.526958465576172,298613,0.0,0.0
2014-11-07 00:00:00+08:00,20.35801072816694,21.625106811523438,20.35801072816694,21.625106811523438,609000,0.0,0.0
2014-11-10 00:00:00+08:00,21.709582855373625,22.976679093363614,21.709582855373625,22.427602767944336,874550,0.0,0.0
2014-11-11 00:00:00+08:00,22.63878028000084,22.723253665391045,22.131943190051246,22.174179077148438,495427,0.0,0.0
2014-11-12 00:00:00+08:00,22.174181589433626,22.216417481316054,21.878525512668645,21.92076301574707,185053,0.0,0.0
2014-11-13 00:00:00+08:00,21.920763884882994,22.216418362174377,21.79405298181976,22.00523567199707,221000,0.0,0.0
2014-11-14 00:00:00+08:00,21.8362931974327,23.525754928588867,21.8362931974327,23.525754928588867,1591750,0.0,0.0
2014-11-17 00:00:00+08:00,23.525753453213582,23.99035475566639,23.314570750063005,23.567989349365234,1518300,0.0,0.0
2014-11-18 00:00:00+08:00,23.652458473488135,23.652458473488135,22.596545148778844,22.807727813720703,770585,0.0,0.0
2014-11-19 00:00:00+08:00,23.23009314360442,23.23009314360442,22.76549192521068,22.807727813720703,417000,0.0,0.0
2014-11-20 00:00:00+08:00,22.63878513326346,23.736936156364163,22.63878513326346,23.567989349365234,934077,0.0,0.0
2014-11-21 00:00:00+08:00,23.905879102469196,24.159299289119108,23.39904195156139,23.821407318115234,1096112,0.0,0.0
2014-11-24 00:00:00+08:00,23.652460706897813,23.99035268047143,23.272331229629973,23.3990421295166,587756,0.0,0.0
2014-11-25 00:00:00+08:00,23.525752916926947,23.736935615263462,23.14562341544277,23.2300968170166,586255,0.0,0.0
2014-11-26 00:00:00+08:00,23.567986436988146,23.567986436988146,23.01891179888692,23.061147689819336,368520,0.0,0.0
2014-11-27 00:00:00+08:00,23.145623202145448,23.23009660294082,22.638784408569336,22.638784408569336,564514,0.0,0.0
2014-11-28 00:00:00+08:00,22.63878460018642,22.72325800169678,22.343130111694336,22.343130111694336,498585,0.0,0.0
2014-12-01 00:00:00+08:00,22.343128890232357,23.314568926504194,21.83629012007435,22.849966049194336,503000,0.0,0.0
2014-12-02 00:00:00+08:00,22.93444061279297,22.93444061279297,22.93444061279297,22.93444061279297,764000,0.0,0.0
2014-12-03 00:00:00+08:00,24.539424896240234,24.539424896240234,24.539424896240234,24.539424896240234,4435366,0.0,0.0
2014-12-04 00:00:00+08:00,25.7220516204834,25.7220516204834,25.7220516204834,25.7220516204834,7969500,0.0,0.0
2014-12-05 00:00:00+08:00,25.679817870500084,27.369281204902872,25.38416174669969,26.60902214050293,2616451,0.0,0.0
2014-12-08 00:00:00+08:00,26.862440754505407,27.369281204902872,26.01770989290214,26.60902214050293,1841147,0.0,0.0
2014-12-09 00:00:00+08:00,26.440073118389,27.36927892208486,26.440073118389,26.735729217529297,1045937,0.0,0.0
2014-12-10 00:00:00+08:00,26.69349115473063,26.69349115473063,25.553104357052714,26.27112579345703,2110271,0.0,0.0
2014-12-11 00:00:00+08:00,25.848760432183433,26.524544365742795,25.848760432183433,26.27112579345703,847869,0.0,0.0
2014-12-12 00:00:00+08:00,26.271127822465605,26.609019815341835,26.017707619411347,26.440073013305664,1043115,0.0,0.0
2014-12-15 00:00:00+08:00,26.355600443171895,28.256244659423828,26.27112704465482,28.256244659423828,3941176,0.0,0.0
2014-12-16 00:00:00+08:00,28.551898717579704,29.734523057035986,27.791642975693883,27.960586547851562,5161399,0.0,0.0
2014-12-17 00:00:00+08:00,27.876115988756634,28.129534580539612,27.200332003204615,27.580461502075195,2052044,0.0,0.0
2014-12-18 00:00:00+08:00,27.876115171695012,28.63637414715264,27.453749790305697,28.256244659423828,2311774,0.0,0.0
2014-12-19 00:00:00+08:00,28.720846580736563,29.312158772465462,27.031385017163824,27.876115798950195,2606274,0.0,0.0
2014-12-22 00:00:00+08:00,28.045061556322487,28.12953334240133,27.453749386594346,27.960586547851562,1037439,0.0,0.0
2014-12-23 00:00:00+08:00,28.129534389007663,28.214009400621624,27.70716899811448,27.876115798950195,607413,0.0,0.0
2014-12-24 00:00:00+08:00,27.9605892728671,28.467429705912643,27.495987959369653,28.29848289489746,1398937,0.0,0.0
2014-12-25 00:00:00+08:00,28.382951913140207,28.467426921581698,27.791642966010187,28.087297439575195,748898,0.0,0.0
2014-12-26 00:00:00+08:00,27.91834874808251,28.214006423950195,27.791641077617957,28.214006423950195,670013,0.0,0.0
2014-12-29 00:00:00+08:00,28.636375462183683,28.678611357783733,28.25624595699868,28.382953643798828,687427,0.0,0.0
2014-12-30 00:00:00+08:00,28.382952352160316,28.382952352160316,27.70716838613595,28.129533767700195,871033,0.0,0.0
2014-12-31 00:00:00+08:00,28.12953504780625,28.382953643798828,27.876116451813672,28.382953643798828,774349,0.0,0.0
2015-01-05 00:00:00+08:00,28.382951793225455,29.52334023442695,28.382951793225455,29.396629333496094,2225947,0.0,0.0
2015-01-06 00:00:00+08:00,29.396631031795742,30.07241502355348,28.932029738861814,29.81899642944336,2467689,0.0,0.0
2015-01-07 00:00:00+08:00,29.81899601076007,30.283597297170616,29.26992293496296,29.650049209594727,1513357,0.0,0.0
2015-01-08 00:00:00+08:00,29.861234882765398,29.987945801871163,29.18545083311723,29.565580368041992,1065688,0.0,0.0
2015-01-09 00:00:00+08:00,29.90347102253885,29.945706917232133,29.35439472434953,29.650049209594727,890400,0.0,0.0
2015-01-12 00:00:00+08:00,29.565574367715328,29.565574367715328,28.847554564884707,29.10097312927246,1117010,0.0,0.0
2015-01-13 00:00:00+08:00,28.509661425714906,29.14320945739746,28.298478748487387,29.14320945739746,1148409,0.0,0.0
2015-01-14 00:00:00+08:00,28.97426077952111,29.312154329982164,28.72084222787118,29.26991844177246,568842,0.0,0.0
2015-01-15 00:00:00+08:00,29.143210321879216,29.861230156794793,29.143210321879216,29.354393005371094,756875,0.0,0.0
2015-01-16 00:00:00+08:00,29.48110390442303,29.861230156794793,28.97426353060731,29.354393005371094,993923,0.0,0.0
2015-01-19 00:00:00+08:00,30.15688829429709,30.15688829429709,28.50966269415631,29.396629333496094,1040190,0.0,0.0
2015-01-20 00:00:00+08:00,29.396633550031815,29.818998983860986,28.76308539928806,29.565580368041992,856669,0.0,0.0
2015-01-21 00:00:00+08:00,29.98794342853195,29.98794342853195,29.31215943236743,29.52334213256836,1056386,0.0,0.0
2015-01-22 00:00:00+08:00,29.100974861180188,29.438865226342354,28.88979217455681,29.396629333496094,503856,0.0,0.0
2015-01-23 00:00:00+08:00,29.56557587115434,29.607811763634725,28.889791924292076,28.93202781677246,656034,0.0,0.0
2015-01-26 00:00:00+08:00,28.720845131978503,29.185446394046807,28.67860923949812,28.93202781677246,770342,0.0,0.0
2015-01-27 00:00:00+08:00,28.636372921366064,29.100974176528524,28.425190239711128,28.763080596923828,865194,0.0,0.0
2015-01-28 00:00:00+08:00,28.720846361685886,28.720846361685886,28.382952762591533,28.42519187927246,450620,0.0,0.0
2015-01-29 00:00:00+08:00,27.876116451813672,28.594136344191355,27.876116451813672,28.382953643798828,460479,0.0,0.0
2015-01-30 00:00:00+08:00,28.382951480703912,28.382951480703912,27.918350219726562,27.918350219726562,487480,0.0,0.0
2015-02-02 00:00:00+08:00,27.74940530806134,27.87611621618271,27.03138542175293,27.03138542175293,956184,0.0,0.0
2015-02-03 00:00:00+08:00,27.453750176481176,27.79164377530243,27.115856577659923,27.411514282226562,383034,0.0,0.0
2015-02-04 00:00:00+08:00,27.200329962605583,27.74940299987793,27.200329962605583,27.74940299987793,392928,0.0,0.0
2015-02-05 00:00:00+08:00,27.749403169309236,27.791642283688997,27.369276919027413,27.45374870300293,251199,0.0,0.0
2015-02-06 00:00:00+08:00,27.876114929286647,27.876114929286647,27.49598544486341,27.791643142700195,232645,0.0,0.0
2015-02-09 00:00:00+08:00,27.918351076918075,28.467427361908445,27.622696598779957,28.129533767700195,624769,0.0,0.0
2015-02-10 00:00:00+08:00,28.38295450370169,28.38295450370169,27.707170486450195,27.707170486450195,409819,0.0,0.0
2015-02-11 00:00:00+08:00,27.707170073997563,27.960588673895405,27.453751474099725,27.538223266601562,323192,0.0,0.0
2015-02-12 00:00:00+08:00,27.538223468037973,27.833881188741735,27.158097176606834,27.242568969726562,472645,0.0,0.0
2015-02-13 00:00:00+08:00,27.242566862711953,27.791643142700195,27.242566862711953,27.791643142700195,742234,0.0,0.0
2015-02-24 00:00:00+08:00,28.29847925954226,28.29847925954226,27.66493121641818,27.74940299987793,383990,0.0,0.0
2015-02-25 00:00:00+08:00,27.749406383329845,28.002828209392483,27.495987779659583,27.707170486450195,512928,0.0,0.0
2015-02-26 00:00:00+08:00,28.045061942269395,28.045061942269395,27.07362027703364,27.115856170654297,711515,0.0,0.0
2015-03-02 00:00:00+08:00,27.20033286007745,27.20033286007745,26.52454724204052,26.77796745300293,811734,0.0,0.0
2015-03-03 00:00:00+08:00,26.693493426220243,27.41151492372478,26.693493426220243,27.03138542175293,545856,0.0,0.0
2015-03-04 00:00:00+08:00,27.284804451861987,27.284804451861987,27.031385853959577,27.07362174987793,309026,0.0,0.0
2015-03-05 00:00:00+08:00,27.031385853959577,27.242568555943635,27.031385853959577,27.07362174987793,221052,0.0,0.0
2015-03-06 00:00:00+08:00,27.115856043037876,27.369277848353388,26.8202015666926,26.946910858154297,467902,0.0,0.0
2015-03-09 00:00:00+08:00,27.031383940148586,27.411513421285342,26.946910543096415,27.20033073425293,309613,0.0,0.0
2015-03-10 00:00:00+08:00,26.904674057711215,27.70716728404537,26.904674057711215,27.327037811279297,537655,0.0,0.0
2015-03-11 00:00:00+08:00,27.200332225117336,27.284804015603413,26.98914952650989,27.03138542175293,366947,0.0,0.0
2015-03-12 00:00:00+08:00,27.031382476835724,27.45374782803628,26.98914658619405,27.36927604675293,479712,0.0,0.0
2015-03-13 00:00:00+08:00,27.3692744708104,29.26991844177246,27.200327695579873,29.26991844177246,2799449,0.0,0.0
2015-03-16 00:00:00+08:00,29.26991844177246,29.26991844177246,29.26991844177246,29.26991844177246,0,0.0,0.0
2015-03-17 00:00:00+08:00,31.25503540039063,31.677400743639147,30.410304713893584,31.255035400390625,3165492,0.0,0.0
2015-03-18 00:00:00+08:00,31.84635314519393,31.888589042493585,30.70596458374878,31.550695419311523,2180355,0.0,0.0
2015-03-19 00:00:00+08:00,31.550693742082643,33.62028482367078,31.170567464200776,33.02897262573242,4810338,0.0,0.0
2015-03-20 00:00:00+08:00,33.36686535370656,33.78923073793069,32.775553171314336,32.94449996948242,3297335,0.0,0.0
2015-03-23 00:00:00+08:00,33.36686206605914,34.633958093884175,32.52213138084245,33.87369918823242,3515427,0.0,0.0
2015-03-24 00:00:00+08:00,34.127119947339445,35.05632238422981,33.789226394438366,34.33830261230469,3089103,0.0,0.0
2015-03-25 00:00:00+08:00,34.633960212039796,35.05632558047931,33.11344553013597,33.70475769042969,2160722,0.0,0.0
2015-03-26 00:00:00+08:00,32.775550569286246,33.19791591997909,32.09976665265608,32.18423843383789,2570867,0.0,0.0
2015-03-27 00:00:00+08:00,32.268715773737405,33.028971526593565,31.93082217976213,32.353187561035156,1599086,0.0,0.0
2015-03-30 00:00:00+08:00,32.35318818143002,32.775553570802195,30.832673424168636,32.099769592285156,2030003,0.0,0.0
2015-03-31 00:00:00+08:00,32.35318375989482,33.78922653198242,32.0997652053833,33.78922653198242,1756018,0.0,0.0
2015-04-01 00:00:00+08:00,33.620286741692894,33.78923355394108,32.77555590284437,33.15568542480469,1753374,0.0,0.0
2015-04-02 00:00:00+08:00,33.197914854403564,34.46501086581127,33.197914854403564,33.83146286010742,2481741,0.0,0.0
2015-04-07 00:00:00+08:00,33.958174038242745,34.63395793891392,33.958174038242745,34.42277526855469,1553103,0.0,0.0
2015-04-08 00:00:00+08:00,34.4227786246266,34.4650145183379,33.0289715754088,33.24015426635742,1475563,0.0,0.0
2015-04-09 00:00:00+08:00,33.282394649236565,33.87370362848509,33.19791963620659,33.62028503417969,920768,0.0,0.0
2015-04-10 00:00:00+08:00,33.78923092745206,33.87370271581382,31.297274502074035,32.64884567260742,2922727,0.0,0.0
2015-04-13 00:00:00+08:00,32.522130225505975,32.522130225505975,31.466216906496037,32.01529312133789,1040692,0.0,0.0
2015-04-14 00:00:00+08:00,32.268712998152644,32.56436745065627,32.14200210571289,32.14200210571289,782217,0.0,0.0
2015-04-15 00:00:00+08:00,32.18423972629297,32.81778777777427,32.18423972629297,32.564369201660156,670069,0.0,0.0
2015-04-16 00:00:00+08:00,32.56436937475785,32.56436937475785,32.226479012273636,32.268714904785156,438070,0.0,0.0
2015-04-17 00:00:00+08:00,32.77555769444937,32.77555769444937,31.804119110107422,31.804119110107422,792327,0.0,0.0
2015-04-20 00:00:00+08:00,31.42398312208895,31.42398312208895,30.15688705444336,30.15688705444336,1257270,0.0,0.0
2015-04-21 00:00:00+08:00,30.241360207755932,30.368071109222125,28.087297439575195,28.087297439575195,4315000,0.0,0.0
2015-04-22 00:00:00+08:00,28.087300186726587,28.720848311239216,27.749406564696226,28.29848289489746,1093368,0.0,0.0
2015-04-23 00:00:00+08:00,28.29847832338467,29.14320901960511,28.29847832338467,29.10097312927246,877655,0.0,0.0
2015-04-24 00:00:00+08:00,29.14321113097086,29.269922033540624,28.002825897411455,28.551898956298828,1051430,0.0,0.0
2015-04-27 00:00:00+08:00,28.720848311239216,28.805320105550607,28.002828392415193,28.29848289489746,1425472,0.0,0.0
2015-04-28 00:00:00+08:00,28.08729537638457,29.227680516243446,28.08729537638457,28.636371612548828,1102602,0.0,0.0
2015-04-29 00:00:00+08:00,28.636376516927825,29.058741933269577,28.29848289489746,28.29848289489746,435708,0.0,0.0
2015-04-30 00:00:00+08:00,28.29848289489746,28.594137397379733,28.087300186726587,28.29848289489746,375581,0.0,0.0
2015-05-04 00:00:00+08:00,28.340715588322706,28.594134165001986,27.918350219726562,27.918350219726562,596099,0.0,0.0
2015-05-05 00:00:00+08:00,28.129531745478793,28.129531745478793,27.031382476835724,27.36927604675293,965649,0.0,0.0
2015-05-06 00:00:00+08:00,27.115856384054705,28.045062162982603,26.946911197046422,27.833879470825195,782770,0.0,0.0
2015-05-07 00:00:00+08:00,27.707169442923988,29.143212439493418,27.622697652346126,28.80531883239746,1312000,0.0,0.0
2015-05-08 00:00:00+08:00,28.80531753904624,29.10097523757831,28.467427169513726,28.551898956298828,675000,0.0,0.0
2015-05-11 00:00:00+08:00,28.84755658699136,29.227682849022493,27.36927776498373,27.791643142700195,671020,0.0,0.0
2015-05-12 00:00:00+08:00,27.791643576872143,27.918351258731295,27.453749980463424,27.833879470825195,263047,0.0,0.0
2015-05-13 00:00:00+08:00,27.031385625171122,27.791644634835972,26.693493627095712,27.622697830200195,1805784,0.0,0.0
2015-05-14 00:00:00+08:00,27.453750189996732,27.453750189996732,27.03138480245832,27.28480339050293,642938,0.0,0.0
2015-05-15 00:00:00+08:00,27.28480486628643,27.411515778358375,27.031386264534884,27.242568969726562,440541,0.0,0.0
2015-05-18 00:00:00+08:00,27.707169442923988,28.97426563594544,27.707169442923988,28.80531883239746,1541335,0.0,0.0
2015-05-19 00:00:00+08:00,28.974265225158966,30.790437698364258,28.889793435778714,30.790437698364258,3200833,0.0,0.0
2015-05-20 00:00:00+08:00,31.255039422416395,32.52213561521706,31.255039422416395,31.846351623535156,4988322,0.0,0.0
2015-05-21 00:00:00+08:00,31.8463537240811,33.11345000045786,31.17056968782532,32.31095504760742,4066170,0.0,0.0
2015-05-22 00:00:00+08:00,32.60660979866523,33.324632960714176,31.846353960627674,31.88858985900879,3538250,0.0,0.0
2015-05-25 00:00:00+08:00,31.888583977309658,32.60660378453073,31.63516541137233,32.18423843383789,1762917,0.0,0.0
2015-05-26 00:00:00+08:00,32.18423989737007,32.86002706712259,31.846349534885853,32.268714904785156,2560686,0.0,0.0
2015-05-27 00:00:00+08:00,32.22648176103091,32.52213625622145,31.88858814733402,32.47990036010742,1455968,0.0,0.0
2015-05-28 00:00:00+08:00,32.94449702831221,34.21159306786269,32.6910784648805,33.28239059448242,6127331,0.0,0.0
2015-05-29 00:00:00+08:00,33.28239592682271,33.49357863391576,32.14200737508477,32.22648239135742,2158503,0.0,0.0
2015-06-01 00:00:00+08:00,32.226475501503316,32.94449526315384,31.297269855517808,32.60660171508789,1483657,0.0,0.0
2015-06-02 00:00:00+08:00,33.19791855553847,34.29606791004279,32.94449996948242,32.94449996948242,4326876,0.0,0.0
2015-06-03 00:00:00+08:00,33.19792248997555,33.45134110606539,31.888590288184236,31.93082618713379,1857565,0.0,0.0
2015-06-04 00:00:00+08:00,32.01529930452547,32.18424289028214,30.494781253576676,31.04385757446289,2163026,0.0,0.0
2015-06-05 00:00:00+08:00,30.663722139570144,32.05752900961995,30.452539475768155,32.01529312133789,1343708,0.0,0.0
2015-06-08 00:00:00+08:00,32.015299058068436,32.52213625622145,31.761877236599606,32.47990036010742,1904482,0.0,0.0
2015-06-09 00:00:00+08:00,32.52213322957357,32.52213322957357,31.38174802866221,31.67740249633789,1618000,0.0,0.0
2015-06-10 00:00:00+08:00,30.57925424864531,32.353187561035156,30.57925424864531,32.353187561035156,1354818,0.0,0.0
2015-06-11 00:00:00+08:00,32.52213498165733,32.606606770574885,31.67740420291298,32.099769592285156,994353,0.0,0.0
2015-06-12 00:00:00+08:00,32.099769592285156,32.47989908719855,31.635168308454205,32.099769592285156,844090,0.0,0.0
2015-06-15 00:00:00+08:00,32.14200548674393,33.11344717125681,32.099769592285156,32.099769592285156,1286533,0.0,0.0
2015-06-16 00:00:00+08:00,31.76187178264853,32.43765889400035,31.59292822720234,32.05752944946289,571533,0.0,0.0
2015-06-17 00:00:00+08:00,32.05753285077157,32.22647964653481,31.76187515258789,31.76187515258789,392784,0.0,0.0
2015-06-18 00:00:00+08:00,31.80411510868151,32.35318818143002,31.719640097371762,32.099769592285156,395469,0.0,0.0
2015-06-22 00:00:00+08:00,32.14200953068143,32.26872045239206,31.804119110107422,31.804119110107422,736136,0.0,0.0
2015-06-23 00:00:00+08:00,32.015300961058905,34.971858978271484,31.93082594141733,34.971858978271484,5410075,0.0,0.0
2015-06-24 00:00:00+08:00,35.90105470404568,36.619074509169835,34.71843043660271,35.05632400512695,11385055,0.0,0.0
2015-06-25 00:00:00+08:00,35.22527427203841,38.56196150713704,35.22527427203841,37.674991607666016,10873089,0.0,0.0
2015-06-26 00:00:00+08:00,38.01288107595174,38.51971820134102,36.830256820187614,37.33709716796875,5984768,0.0,0.0
2015-06-29 00:00:00+08:00,36.91473707006218,39.15327178486013,35.9855312449073,38.05512237548828,6552320,0.0,0.0
2015-06-30 00:00:00+08:00,38.51971820134102,39.53339567451144,37.168150385375036,37.33709716796875,5306880,0.0,0.0
2015-07-01 00:00:00+08:00,37.928410143351286,38.1818287117085,34.92961354688317,35.09856033325195,6332379,0.0,0.0
2015-07-02 00:00:00+08:00,35.47869755837346,37.12592344663361,35.26751483481171,36.576847076416016,4536072,0.0,0.0
2015-07-03 00:00:00+08:00,36.83025907011741,37.84393660521254,36.365657806396484,36.365657806396484,3243410,0.0,0.0
2015-07-06 00:00:00+08:00,36.027768881533326,36.11224067016749,35.05632720027955,35.30974578857422,2384550,0.0,0.0
2015-07-07 00:00:00+08:00,35.77434587980738,36.32342215482553,32.26871520992807,33.74699401855469,4706577,0.0,0.0
2015-07-08 00:00:00+08:00,33.45133690786659,33.45133690786659,30.621490142294185,32.353187561035156,3941373,0.0,0.0
2015-07-09 00:00:00+08:00,31.677399570298025,32.944495553109945,29.818991484362197,32.01529312133789,2012513,0.0,0.0
2015-07-10 00:00:00+08:00,32.01529312133789,32.01529312133789,32.01529312133789,32.01529312133789,0,0.0,0.0
2015-07-13 00:00:00+08:00,33.19792045764648,33.578049969706534,32.564372345010504,33.07121276855469,1572664,0.0,0.0
2015-07-14 00:00:00+08:00,33.19792045764648,33.578049969706534,32.860030064342695,33.07121276855469,965200,0.0,0.0
2015-07-15 00:00:00+08:00,33.1134450248051,33.451335380965084,32.47989698181416,32.522132873535156,819277,0.0,0.0
2015-07-16 00:00:00+08:00,33.366865775058834,33.366865775058834,31.973058700561523,31.973058700561523,1352100,0.0,0.0
2015-07-17 00:00:00+08:00,31.97305696401357,32.606605013940325,31.59293071197113,31.67740249633789,794100,0.0,0.0
2015-07-20 00:00:00+08:00,31.93082428925479,31.93082428925479,30.74820307699637,31.04385757446289,1153486,0.0,0.0
2015-07-21 00:00:00+08:00,31.08608954842668,31.08608954842668,29.90346848539263,30.15688705444336,1553182,0.0,0.0
2015-07-22 00:00:00+08:00,29.98794623660244,30.199128956578512,29.56558079665029,29.607816696166992,1134120,0.0,0.0
2015-07-23 00:00:00+08:00,29.607809214194262,30.3680681029457,28.720842658912094,29.31215476989746,1421085,0.0,0.0
2015-07-24 00:00:00+08:00,29.354396989994086,29.945709228515625,28.298483429202932,29.945709228515625,934100,0.0,0.0
2015-07-27 00:00:00+08:00,29.945703534488384,29.945703534488384,28.38294982823188,28.636371612548828,1252430,0.0,0.0
2015-07-28 00:00:00+08:00,27.960587778553553,28.129534580539612,25.806524914809895,27.580461502075195,3697010,0.0,0.0
2015-07-29 00:00:00+08:00,27.876115988756634,28.42519228961328,27.200332003204615,27.580461502075195,1075315,0.0,0.0
2015-07-30 00:00:00+08:00,27.6226986926909,28.129535900031428,27.453751882779933,27.707170486450195,760100,0.0,0.0
2015-07-31 00:00:00+08:00,27.707166394278236,27.707166394278236,26.440070340676563,27.36927604675293,925200,0.0,0.0
2015-08-03 00:00:00+08:00,26.989151672702903,26.989151672702903,26.186656709701296,26.60902214050293,893235,0.0,0.0
2015-08-04 00:00:00+08:00,26.609020866271266,27.453751687422738,25.679816640765416,26.355602264404297,1046370,0.0,0.0
2015-08-05 00:00:00+08:00,26.271126896227866,27.327038732539393,26.271126896227866,26.946910858154297,681020,0.0,0.0
2015-08-06 00:00:00+08:00,27.03138529669836,27.03138529669836,25.84876251220703,25.84876251220703,926170,0.0,0.0
2015-08-07 00:00:00+08:00,25.341922999553347,26.355600564013912,25.172976201744564,25.8065242767334,718171,0.0,0.0
2015-08-10 00:00:00+08:00,25.63757858663341,28.087297439575195,25.510869296363257,28.087297439575195,1044110,0.0,0.0
2015-08-11 00:00:00+08:00,28.2984816133976,29.0587406173413,27.03138542175293,27.03138542175293,1675000,0.0,0.0
2015-08-12 00:00:00+08:00,26.186655238620137,26.77796745300293,25.637580531662497,26.77796745300293,1047072,0.0,0.0
2015-08-13 00:00:00+08:00,26.440075323703773,26.777968957302086,25.933238095698815,26.60902214050293,751886,0.0,0.0
2015-08-14 00:00:00+08:00,26.693493853024314,27.284804451861987,26.14441915010499,27.07362174987793,711000,0.0,0.0
2015-08-17 00:00:00+08:00,26.862437342507597,27.791643105681366,26.651254653930664,26.651254653930664,551000,0.0,0.0
2015-08-18 00:00:00+08:00,26.65125440322745,27.242566570158928,25.933234557776988,26.18665313720703,514712,0.0,0.0
2015-08-19 00:00:00+08:00,26.186653444031684,26.566782928826694,25.67981466803702,26.05994415283203,517364,0.0,0.0
2015-08-20 00:00:00+08:00,26.017705609975277,26.566781868587746,25.93323382667735,26.27112579345703,309653,0.0,0.0
2015-08-21 00:00:00+08:00,25.679814106168365,25.933234294218945,23.652460657743813,23.990352630615234,3335200,0.0,0.0
2015-08-24 00:00:00+08:00,21.96299877817931,22.807729500416972,21.625106811523438,21.625106811523438,2721101,0.0,0.0
2015-08-25 00:00:00+08:00,19.597752203756045,21.033793377157995,19.471041314200555,19.935644149780273,2985566,0.0,0.0
2015-08-26 00:00:00+08:00,19.935645123406598,19.977881014523906,17.9505276281698,17.99276351928711,4440020,0.0,0.0
2015-08-27 00:00:00+08:00,19.006441499537956,19.766698837280273,18.753022924022524,19.766698837280273,2067911,0.0,0.0
2015-08-28 00:00:00+08:00,20.358013139470565,21.54063596843979,20.358013139470565,21.244979858398438,2645171,0.0,0.0
2015-08-31 00:00:00+08:00,21.03379789656357,21.49840083196973,20.56919657235365,21.160507202148438,912000,0.0,0.0
2015-09-01 00:00:00+08:00,21.160501674857613,22.46983512041625,20.86484724278562,22.174179077148438,955171,0.0,0.0
2015-09-02 00:00:00+08:00,21.962998867399904,22.976676382681376,21.49839761276023,22.512073516845703,1303000,0.0,0.0
2015-09-03 00:00:00+08:00,22.89220373132119,23.23009571032304,22.554311752319336,22.554311752319336,1535599,0.0,0.0
2015-09-04 00:00:00+08:00,22.849967078738384,23.103387280833683,21.75181770324707,21.75181770324707,795113,0.0,0.0
2015-09-07 00:00:00+08:00,21.75181707711789,22.1741824572561,21.540634387048783,22.131946563720703,448881,0.0,0.0
2015-09-08 00:00:00+08:00,22.21641731262207,22.596546781461498,22.21641731262207,22.21641731262207,474000,0.0,0.0
2015-09-09 00:00:00+08:00,22.68102086660569,23.399042323396532,22.596547469713347,22.849966049194336,809550,0.0,0.0
2015-09-10 00:00:00+08:00,22.469839218174705,23.103387307345816,22.343129922579703,22.638784408569336,428100,0.0,0.0
2015-09-11 00:00:00+08:00,22.89220596289103,23.483516580987192,22.512076442460767,23.314571380615234,1008000,0.0,0.0
2015-09-14 00:00:00+08:00,23.39904081765023,23.736932772279953,22.976675471564096,23.018911361694336,727400,0.0,0.0
2015-09-15 00:00:00+08:00,22.849963702230728,23.272329032114445,22.596545148778844,22.807727813720703,464052,0.0,0.0
2015-09-16 00:00:00+08:00,23.061149045733412,23.145622443760946,22.638783666791802,22.723257064819336,363000,0.0,0.0
2015-09-17 00:00:00+08:00,22.849965175410436,23.018911962734585,22.765493392944336,22.765493392944336,359000,0.0,0.0
2015-09-18 00:00:00+08:00,22.80773231948319,24.877323489248102,22.80773231948319,24.623903274536133,1830058,0.0,0.0
2015-09-21 00:00:00+08:00,24.243772245201658,24.243772245201658,23.314568133387702,23.6524600982666,1089092,0.0,0.0
2015-09-22 00:00:00+08:00,23.990352481532394,26.0177059173584,23.73693390625265,26.0177059173584,3754449,0.0,0.0
2015-09-23 00:00:00+08:00,26.0177059173584,27.36927702283708,25.975470025210445,26.0177059173584,4187857,0.0,0.0
2015-09-24 00:00:00+08:00,26.271126400969248,26.86243695370858,24.03259025669287,24.286008834838867,2232585,0.0,0.0
2015-09-25 00:00:00+08:00,24.286008902966003,25.55310501964249,23.48351405125915,25.172975540161133,1199342,0.0,0.0
2015-09-29 00:00:00+08:00,25.172975540161133,25.172975540161133,25.172975540161133,25.172975540161133,0,0.0,0.0
2015-09-30 00:00:00+08:00,24.666138565447522,25.172975726921557,24.41271837351446,24.7506103515625,475190,0.0,0.0
2015-10-01 00:00:00+08:00,25.088502883911133,25.67981341778624,24.792846811375593,25.088502883911133,1145004,0.0,0.0
2015-10-02 00:00:00+08:00,25.722054569039027,27.284805324759798,25.67981706057326,26.397838592529297,3286103,0.0,0.0
2015-10-05 00:00:00+08:00,27.453749832271768,27.453749832271768,26.524545669555664,26.524545669555664,1587150,0.0,0.0
2015-10-06 00:00:00+08:00,26.862438171499075,27.411514467700776,25.97547149658203,25.97547149658203,1136000,0.0,0.0
2015-10-07 00:00:00+08:00,26.14441681619428,26.440071283621982,26.0177059173584,26.0177059173584,718428,0.0,0.0
2015-10-08 00:00:00+08:00,26.35560097521464,26.609019564685585,24.961793899536133,24.961793899536133,1111047,0.0,0.0
2015-10-12 00:00:00+08:00,25.426394682986682,25.553103967196396,25.00402932815699,25.384157180786133,652423,0.0,0.0
2015-10-13 00:00:00+08:00,25.426394815271884,25.72205088743006,25.08850285188938,25.679813385009766,666127,0.0,0.0
2015-10-14 00:00:00+08:00,25.84876251220703,26.482310605098398,25.67981570962422,25.84876251220703,825010,0.0,0.0
2015-10-15 00:00:00+08:00,26.18665168942382,26.355598473833965,25.637577056884766,25.637577056884766,1242050,0.0,0.0
2015-10-16 00:00:00+08:00,25.848761102439543,25.93323449912385,25.172975540161133,25.172975540161133,917000,0.0,0.0
2015-10-19 00:00:00+08:00,25.172978223363295,25.25745162905167,24.032592885756955,24.2015380859375,1198585,0.0,0.0
2015-10-20 00:00:00+08:00,24.032591834388803,24.79284922993233,23.821409135004703,24.4127197265625,703000,0.0,0.0
2015-10-21 00:00:00+08:00,24.497191339476498,24.9617925997123,24.28600865551549,24.7083740234375,640000,0.0,0.0
2015-10-22 00:00:00+08:00,25.172977547972486,25.172977547972486,24.49719354298918,24.581666946411133,690000,0.0,0.0
2015-10-23 00:00:00+08:00,25.00403180585204,25.00403180585204,24.2437744140625,24.2437744140625,589282,0.0,0.0
2015-10-26 00:00:00+08:00,24.45495311965228,24.835080947885654,24.328242232378628,24.539424896240234,467819,0.0,0.0
2015-10-27 00:00:00+08:00,24.539428588227278,24.66613949456474,24.159300702803197,24.3704833984375,436000,0.0,0.0
2015-10-28 00:00:00+08:00,24.32824578335873,24.581665983699693,23.990353794100212,24.074827194213867,678349,0.0,0.0
2015-10-29 00:00:00+08:00,24.41271960546186,24.41271960546186,23.2300968170166,23.2300968170166,1170000,0.0,0.0
2015-10-30 00:00:00+08:00,23.23009615746614,23.48351474379643,21.625108017916787,22.596548080444336,1414000,0.0,0.0
2015-11-02 00:00:00+08:00,22.63878408589391,23.061149472654588,22.385365498315938,22.89220428466797,547374,0.0,0.0
2015-11-03 00:00:00+08:00,23.48351541054197,23.525752916926947,23.103387520253918,23.2300968170166,659435,0.0,0.0
2015-11-04 00:00:00+08:00,23.56799009930266,23.610227607994474,23.314571491936604,23.483516693115234,432284,0.0,0.0
2015-11-05 00:00:00+08:00,23.7369369116775,24.07482892523097,23.44128079561963,23.483516693115234,389534,0.0,0.0
2015-11-06 00:00:00+08:00,23.5679888121158,23.5679888121158,23.061150013868943,23.2300968170166,449425,0.0,0.0
2015-11-09 00:00:00+08:00,23.23009660294082,23.27233249774045,22.638784408569336,22.638784408569336,407000,0.0,0.0
2015-11-10 00:00:00+08:00,22.55430926026882,23.061146367172586,21.96299715395327,22.807727813720703,489397,0.0,0.0
2015-11-11 00:00:00+08:00,22.892207043351608,23.0611522516974,21.667346629662287,21.794055938720703,943525,0.0,0.0
2015-11-12 00:00:00+08:00,21.963002758262775,22.089712067321187,20.695906445286077,21.794055938720703,816138,0.0,0.0
2015-11-13 00:00:00+08:00,21.62511073037491,22.174185477092223,21.540637320603874,21.794055938720703,371000,0.0,0.0
2015-11-16 00:00:00+08:00,21.32945344685931,21.836292266845703,20.94932392907047,21.836292266845703,677001,0.0,0.0
2015-11-17 00:00:00+08:00,21.878528484142016,22.34313141392962,21.709583282470703,21.709583282470703,741722,0.0,0.0
2015-11-18 00:00:00+08:00,21.794054988854928,21.794054988854928,21.3294536721577,21.41392707824707,488585,0.0,0.0
2015-11-19 00:00:00+08:00,21.6251079885268,21.709581387587452,21.4561611904055,21.582870483398438,195515,0.0,0.0
2015-11-20 00:00:00+08:00,22.13194831959361,23.736936569213867,22.047474914624924,23.736936569213867,1360311,0.0,0.0
2015-11-23 00:00:00+08:00,24.497193991539653,25.172978008896756,24.201537879747352,23.736936569213867,4758764,0.0,0.0
2015-11-24 00:00:00+08:00,25.088504320465425,25.088504320465425,23.90587996260683,24.032590866088867,1599140,0.0,0.0
2015-11-25 00:00:00+08:00,23.90587690465542,25.21521038731489,23.821405128067465,24.539424896240234,2947689,0.0,0.0
2015-11-26 00:00:00+08:00,24.58166563180596,26.102180367300733,24.328245435092786,25.8065242767334,3818751,0.0,0.0
2015-11-27 00:00:00+08:00,26.355600564013912,26.94691113395251,25.8065242767334,25.8065242767334,4587150,0.0,0.0
2015-11-30 00:00:00+08:00,25.426396158115676,25.848761537449175,24.91955738067627,25.341922760009766,1893488,0.0,0.0
2015-12-01 00:00:00+08:00,25.72205072145441,26.524543927910138,25.72205072145441,26.1021785736084,2448856,0.0,0.0
2015-12-02 00:00:00+08:00,26.440073313755935,26.52454671573393,25.4263973236084,25.4263973236084,1601531,0.0,0.0
2015-12-03 00:00:00+08:00,25.51086824147734,25.595340024033803,25.088502883911133,25.088502883911133,1282000,0.0,0.0
2015-12-04 00:00:00+08:00,24.919557196195008,26.52454530354124,24.79284790557221,25.7642879486084,2402010,0.0,0.0
2015-12-07 00:00:00+08:00,26.271128860049917,27.073622173426106,25.84876344947418,26.355602264404297,4372000,0.0,0.0
2015-12-08 00:00:00+08:00,25.975471350681605,26.228889938892745,24.49719249332574,24.792848587036133,2693300,0.0,0.0
2015-12-09 00:00:00+08:00,24.623900101491927,25.130738854408264,23.314568133387702,23.6524600982666,2198688,0.0,0.0
2015-12-10 00:00:00+08:00,24.159301028753244,24.286010325604128,23.35680613003744,24.117063522338867,904000,0.0,0.0
2015-12-11 00:00:00+08:00,24.412719032527978,24.412719032527978,22.385365498315938,22.89220428466797,864000,0.0,0.0
2015-12-14 00:00:00+08:00,22.047472978218533,23.35680500104923,22.047472978218533,22.554311752319336,666000,0.0,0.0
2015-12-15 00:00:00+08:00,23.23009584178848,23.23009584178848,22.512074375348533,22.723257064819336,399000,0.0,0.0
2015-12-16 00:00:00+08:00,22.807731420343572,23.863644912026146,22.807731420343572,23.2300968170166,500907,0.0,0.0
2015-12-17 00:00:00+08:00,23.483515633399602,24.074827838831823,23.483515633399602,23.694698333740234,906899,0.0,0.0
2015-12-18 00:00:00+08:00,23.483515096459602,23.9903538879277,23.3568058013916,23.3568058013916,426300,0.0,0.0
2015-12-21 00:00:00+08:00,23.567990076188476,23.821410294502197,23.441280772629717,23.610227584838867,248429,0.0,0.0
2015-12-22 00:00:00+08:00,23.821407499282632,23.863643391780826,23.356804625822384,23.3990421295166,433000,0.0,0.0
2015-12-23 00:00:00+08:00,24.074828058227652,24.074828058227652,23.2723331451416,23.2723331451416,596000,0.0,0.0
2015-12-24 00:00:00+08:00,23.356803756443348,23.69469571744007,23.06114768637273,23.18785858154297,351000,0.0,0.0
2015-12-25 00:00:00+08:00,23.314571491936604,23.56799009930266,23.230098085749184,23.483516693115234,377900,0.0,0.0
2015-12-28 00:00:00+08:00,23.652463392555354,23.821410204123517,23.314571380615234,23.314571380615234,157759,0.0,0.0
2015-12-29 00:00:00+08:00,23.2300968170166,23.314570218590433,23.14562341544277,23.2300968170166,190001,0.0,0.0
2015-12-30 00:00:00+08:00,23.10338475315075,23.44127670778047,23.018911361694336,23.018911361694336,450000,0.0,0.0
2015-12-31 00:00:00+08:00,22.97667694091797,23.230095520297343,22.723256750342557,22.97667694091797,385690,0.0,0.0
2016-01-04 00:00:00+08:00,22.976677258901937,23.18785994837274,22.427600977321,22.723257064819336,503300,0.0,0.0
2016-01-05 00:00:00+08:00,22.72325737360948,22.72325737360948,22.216418589752823,22.596548080444336,336334,0.0,0.0
2016-01-06 00:00:00+08:00,22.76549374296359,22.807729634846016,21.28721497033468,21.92076301574707,492000,0.0,0.0
2016-01-07 00:00:00+08:00,21.794054022676494,22.21641942320275,20.526957821097717,20.907087326049805,987000,0.0,0.0
2016-01-08 00:00:00+08:00,20.27353708464132,21.11826779650137,20.27353708464132,21.033794403076172,744639,0.0,0.0
2016-01-11 00:00:00+08:00,21.033795513258305,21.033795513258305,20.23130226135254,20.23130226135254,453003,0.0,0.0
2016-01-12 00:00:00+08:00,20.020119208269854,20.569193867738008,18.921968278137516,19.34433364868164,796103,0.0,0.0
2016-01-13 00:00:00+08:00,19.85117297851736,20.23130246726527,19.513280994739258,19.682226181030273,292005,0.0,0.0
2016-01-14 00:00:00+08:00,19.217626043099933,19.217626043099933,18.71078723181191,18.87973403930664,595344,0.0,0.0
2016-01-15 00:00:00+08:00,19.090915122697037,19.25986030465604,18.41512956127295,18.753023147583008,663027,0.0,0.0
2016-01-18 00:00:00+08:00,18.584075758192274,19.09091451020035,17.908291829645492,19.006441116333008,959282,0.0,0.0
2016-01-19 00:00:00+08:00,19.00644302368164,20.907087326049805,18.668551025499863,20.907087326049805,974341,0.0,0.0
2016-01-20 00:00:00+08:00,20.949324448463422,21.751819400937674,19.85117498726351,19.97788429260254,1425304,0.0,0.0
2016-01-21 00:00:00+08:00,19.72446277113283,20.52695599398478,19.72446277113283,20.189064025878906,441000,0.0,0.0
2016-01-22 00:00:00+08:00,20.48472159787989,20.569194998873257,19.93564690821718,20.14682960510254,218100,0.0,0.0
2016-01-25 00:00:00+08:00,20.020119270481462,20.526956427752566,20.020119270481462,20.35801124572754,262000,0.0,0.0
2016-01-26 00:00:00+08:00,20.526956367783512,21.37168710902886,20.23130189730446,21.076032638549805,271000,0.0,0.0
2016-01-27 00:00:00+08:00,21.709580518135024,21.878525698294123,21.118268359588154,21.371686935424805,645496,0.0,0.0
2016-01-28 00:00:00+08:00,20.822612280314715,21.540633726779916,20.822612280314715,21.371686935424805,212000,0.0,0.0
2016-01-29 00:00:00+08:00,21.96299909397168,21.96299909397168,21.329451043184033,21.371686935424805,331247,0.0,0.0
2016-02-01 00:00:00+08:00,21.371688194307474,21.371688194307474,20.738140106201172,20.738140106201172,172087,0.0,0.0
2016-02-02 00:00:00+08:00,20.90708839650057,21.076035209839667,20.65366978768814,20.695905685424805,120030,0.0,0.0
2016-02-03 00:00:00+08:00,20.611432191381716,20.611432191381716,20.35801358364355,20.400249481201172,159061,0.0,0.0
2016-02-15 00:00:00+08:00,20.400250801750552,20.949325561523438,19.93564945375726,20.949325561523438,267000,0.0,0.0
2016-02-16 00:00:00+08:00,21.118268227774507,21.4561601971797,20.94932143747391,21.202741622924805,144001,0.0,0.0
2016-02-17 00:00:00+08:00,20.822612280314715,21.62510712245747,20.822612280314715,21.371686935424805,376756,0.0,0.0
2016-02-18 00:00:00+08:00,21.456161606400606,21.9630003993951,21.456161606400606,21.75181770324707,681639,0.0,0.0
2016-02-19 00:00:00+08:00,21.794051388140378,21.878524780273438,21.498396932468584,21.878524780273438,215000,0.0,0.0
2016-02-22 00:00:00+08:00,22.047475207123043,22.047475207123043,21.41392707824707,21.41392707824707,229003,0.0,0.0
2016-02-23 00:00:00+08:00,21.413926988499007,21.58287218877347,21.118270874023438,21.118270874023438,353920,0.0,0.0
2016-02-24 00:00:00+08:00,21.118271519023217,21.66734625627857,20.653670190083204,20.864852905273438,269000,0.0,0.0
2016-02-25 00:00:00+08:00,21.118267356853103,21.329450030421636,20.822611291617974,20.991558074951172,438000,0.0,0.0
2016-02-26 00:00:00+08:00,20.991560728394287,20.991560728394287,20.780378028131157,20.907087326049805,151317,0.0,0.0
2016-03-01 00:00:00+08:00,20.86484879304924,21.07603146661777,20.695902009716043,20.991558074951172,325000,0.0,0.0
2016-03-02 00:00:00+08:00,21.11826920535897,21.83629068058039,21.07603331142668,21.582870483398438,748000,0.0,0.0
2016-03-03 00:00:00+08:00,21.625109467459826,21.96300147561466,21.54063606262207,21.54063606262207,562400,0.0,0.0
2016-03-04 00:00:00+08:00,21.878524944310907,21.878524944310907,21.371686198908392,21.456159591674805,220586,0.0,0.0
2016-03-07 00:00:00+08:00,22.385366533961232,23.567989349365234,22.385366533961232,23.567989349365234,3738341,0.0,0.0
2016-03-08 00:00:00+08:00,23.567985989367127,23.567985989367127,22.300889951108722,23.018911361694336,1765991,0.0,0.0
2016-03-09 00:00:00+08:00,22.807729150188,22.892202543353815,22.34312790456996,22.469837188720703,623692,0.0,0.0
2016-03-10 00:00:00+08:00,22.723255757022184,22.849965041172926,22.469837188720703,22.469837188720703,438761,0.0,0.0
2016-03-11 00:00:00+08:00,22.469838481932793,23.061149045733412,22.343129190489524,22.723257064819336,584025,0.0,0.0
2016-03-14 00:00:00+08:00,22.807730333771715,22.807730333771715,22.427600850397102,22.554311752319336,483504,0.0,0.0
2016-03-15 00:00:00+08:00,22.51207619026579,22.55431369828276,21.498400165801286,21.54063606262207,992352,0.0,0.0
2016-03-16 00:00:00+08:00,21.836287146783434,22.427597622123237,21.62510448890583,22.174179077148438,626301,0.0,0.0
2016-03-17 00:00:00+08:00,22.723257064819336,23.483514424675022,22.512074375348533,22.723257064819336,2959195,0.0,0.0
2016-03-18 00:00:00+08:00,22.807729284177388,23.061147853967636,22.55431071438714,22.765493392944336,642234,0.0,0.0
2016-03-21 00:00:00+08:00,22.76549638703195,22.76549638703195,21.878528053721244,22.427602767944336,471461,0.0,0.0
2016-03-22 00:00:00+08:00,22.46983854559206,22.46983854559206,21.87852636892014,22.131946563720703,576171,0.0,0.0
2016-03-23 00:00:00+08:00,22.131944797020605,22.765492816654447,22.08970729566079,22.30088996887207,468734,0.0,0.0
2016-03-24 00:00:00+08:00,22.30089313383595,22.68102264404297,22.005237027141174,22.68102264404297,534000,0.0,0.0
2016-03-25 00:00:00+08:00,22.68102202042023,23.44127940873456,22.68102202042023,22.93444061279297,1087000,0.0,0.0
2016-03-28 00:00:00+08:00,23.48351429177542,23.52575179614818,22.385364957220386,22.554311752319336,1070001,0.0,0.0
2016-03-29 00:00:00+08:00,22.554310889899778,22.596546781461498,22.13194552949863,22.21641731262207,362419,0.0,0.0
2016-03-30 00:00:00+08:00,22.596548080444336,22.596548080444336,22.25865609493859,22.596548080444336,214669,0.0,0.0
2016-03-31 00:00:00+08:00,22.596547645496052,22.681021043045526,22.300891559670912,22.554311752319336,334001,0.0,0.0
2016-04-01 00:00:00+08:00,22.216417740577423,22.469837928417345,22.216417740577423,22.385364532470703,226002,0.0,0.0
2016-04-06 00:00:00+08:00,22.047471564539556,22.385363521875853,21.878524780273438,21.878524780273438,354000,0.0,0.0
2016-04-07 00:00:00+08:00,21.79405237204024,22.385364532470703,21.751816479664928,22.385364532470703,252199,0.0,0.0
2016-04-08 00:00:00+08:00,22.30088909562107,22.807727813720703,22.21641570740515,22.807727813720703,384738,0.0,0.0
2016-04-11 00:00:00+08:00,23.230096225080818,24.792848475189107,23.230096225080818,24.4971923828125,3943508,0.0,0.0
2016-04-12 00:00:00+08:00,24.66613773877576,25.004029705499537,23.56798683292849,23.948116302490234,1684000,0.0,0.0
2016-04-13 00:00:00+08:00,24.074823680223048,24.835080947885654,23.567984964716022,24.539424896240234,1841746,0.0,0.0
2016-04-14 00:00:00+08:00,24.708375705934962,24.708375705934962,23.90588080775948,24.2437744140625,969711,0.0,0.0
2016-04-15 00:00:00+08:00,24.41272047489476,24.41272047489476,23.9481191664866,24.3282470703125,367473,0.0,0.0
2016-04-18 00:00:00+08:00,24.32824416085599,24.32824416085599,23.821407016368315,23.948116302490234,526041,0.0,0.0
2016-04-19 00:00:00+08:00,23.948118540866673,24.117063734421492,23.56798903577508,23.694698333740234,462503,0.0,0.0
2016-04-20 00:00:00+08:00,23.483515096459602,23.948117993303736,23.103387211255605,23.3568058013916,427129,0.0,0.0
2016-04-21 00:00:00+08:00,23.483517418592204,23.567990827389266,23.061151985803164,23.525754928588867,293425,0.0,0.0
2016-04-22 00:00:00+08:00,23.230098803397286,23.610228337385927,23.230098803397286,23.525754928588867,243106,0.0,0.0
2016-04-25 00:00:00+08:00,23.525754928588867,23.779173543783788,23.356808110994745,23.525754928588867,386928,0.0,0.0
2016-04-26 00:00:00+08:00,23.399041527406425,23.69469598967797,23.272330630780353,23.6524600982666,285348,0.0,0.0
2016-04-27 00:00:00+08:00,23.821409845000957,24.666140667714522,23.652463035979775,24.454957962036133,1310425,0.0,0.0
2016-04-28 00:00:00+08:00,24.454955503109957,24.8350833683918,23.82140744977753,23.990352630615234,655000,0.0,0.0
2016-04-29 00:00:00+08:00,23.821408409834035,24.4971923828125,23.652461610991377,24.4971923828125,549018,0.0,0.0
2016-05-03 00:00:00+08:00,24.835080947885654,24.919554335669467,24.074823680223048,24.539424896240234,794311,0.0,0.0
2016-05-04 00:00:00+08:00,24.53942847804482,24.53942847804482,23.10338712089709,24.074827194213867,502081,0.0,0.0
2016-05-05 00:00:00+08:00,23.990352630615234,23.990352630615234,23.39904208088925,23.990352630615234,526349,0.0,0.0
2016-05-06 00:00:00+08:00,24.07482966897537,24.07482966897537,23.272334702197686,23.525754928588867,488000,0.0,0.0
2016-05-09 00:00:00+08:00,23.525751239288343,24.03259000139216,23.39904195156139,23.821407318115234,546050,0.0,0.0
2016-05-10 00:00:00+08:00,23.399044984880394,23.86364630383949,23.314571578379773,23.779172897338867,326000,0.0,0.0
2016-05-11 00:00:00+08:00,24.074823680223048,24.666135783513887,23.652458352499835,24.539424896240234,2088095,0.0,0.0
2016-05-12 00:00:00+08:00,23.187859246996496,23.187859246996496,22.08970832824707,22.08970832824707,3169027,0.0,0.0
2016-05-13 00:00:00+08:00,20.56919632360541,21.709583282470703,19.893410683331503,21.709583282470703,3267346,0.0,0.0
2016-05-16 00:00:00+08:00,20.86485088863081,21.03379607773625,20.358012098922302,20.569194793701172,505000,0.0,0.0
2016-05-17 00:00:00+08:00,20.780378550616444,21.45616256397138,20.273539735002153,21.244979858398438,704928,0.0,0.0
2016-05-18 00:00:00+08:00,21.118272385082626,21.287219208641815,20.780380349160566,20.949325561523438,499171,0.0,0.0
2016-05-19 00:00:00+08:00,20.949324535575215,20.949324535575215,20.273540496826172,20.273540496826172,376000,0.0,0.0
2016-05-20 00:00:00+08:00,20.10459410697373,20.315776824951172,19.639992771901873,20.315776824951172,430130,0.0,0.0
2016-05-23 00:00:00+08:00,20.31577310227647,21.456159892628726,20.31577310227647,21.329450607299805,363001,0.0,0.0
2016-05-24 00:00:00+08:00,21.11827055729391,21.371689159502967,20.991561256189385,21.244979858398438,208000,0.0,0.0
2016-05-25 00:00:00+08:00,21.371687178597103,21.96299934387207,21.16050449259833,21.96299934387207,483521,0.0,0.0
2016-05-26 00:00:00+08:00,21.96299934387207,22.38536471586961,21.70958076515196,21.96299934387207,326353,0.0,0.0
2016-05-27 00:00:00+08:00,21.83628975302582,22.131945831581284,21.83628975302582,22.08970832824707,213534,0.0,0.0
2016-05-30 00:00:00+08:00,22.00523566072239,22.131946563720703,21.87852636892014,22.131946563720703,142000,0.0,0.0
2016-05-31 00:00:00+08:00,21.962998440921776,22.469837188720703,21.962998440921776,22.469837188720703,227098,0.0,0.0
2016-06-01 00:00:00+08:00,22.385365388103736,22.681021479619794,22.300891988928278,22.596548080444336,279174,0.0,0.0
2016-06-02 00:00:00+08:00,22.59654861923061,23.39904351373781,22.59654861923061,22.93444061279297,1004040,0.0,0.0
2016-06-03 00:00:00+08:00,22.934439436890717,23.230095520297343,22.385364774104712,22.97667694091797,427171,0.0,0.0
2016-06-06 00:00:00+08:00,22.807730147201028,22.97667694091797,22.59654746065287,22.97667694091797,113436,0.0,0.0
2016-06-07 00:00:00+08:00,22.97667694091797,22.97667694091797,22.97667694091797,22.97667694091797,0,0.0,0.0
2016-06-08 00:00:00+08:00,22.80773046284687,22.80773046284687,22.343129190489524,22.723257064819336,284773,0.0,0.0
2016-06-13 00:00:00+08:00,23.145619906730527,23.61022273935803,22.765492074067165,23.103384017944336,481101,0.0,0.0
2016-06-14 00:00:00+08:00,23.230097249167034,23.39904405545762,22.892205247782016,23.2723331451416,461100,0.0,0.0
2016-06-15 00:00:00+08:00,23.272331477784185,23.990352936281948,23.061148790649312,23.863643646240234,1196519,0.0,0.0
2016-06-16 00:00:00+08:00,23.948117479278714,24.581665552216265,23.863644080647827,23.905879974365234,1350479,0.0,0.0
2016-06-17 00:00:00+08:00,23.99035517292373,24.159301982861102,23.69469906113143,23.736936569213867,400006,0.0,0.0
2016-06-20 00:00:00+08:00,23.82140997418255,23.99035517292373,23.652463164245184,23.736936569213867,291000,0.0,0.0
2016-06-21 00:00:00+08:00,23.9903520631455,23.9903520631455,23.567986704247883,23.6524600982666,136112,0.0,0.0
2016-06-22 00:00:00+08:00,23.567990076188476,23.821410294502197,23.567990076188476,23.610227584838867,237000,0.0,0.0
2016-06-23 00:00:00+08:00,23.69469937974723,23.990355495515136,23.567990076188476,23.610227584838867,171260,0.0,0.0
2016-06-24 00:00:00+08:00,23.69469789052119,23.8214087973123,21.413925736222847,22.638784408569336,670203,0.0,0.0
2016-06-27 00:00:00+08:00,21.96299715395327,22.89220120193662,21.96299715395327,22.807727813720703,184756,0.0,0.0
2016-06-28 00:00:00+08:00,22.80773015634618,22.934439446086675,22.427600675928666,22.849966049194336,218712,0.0,0.0
2016-06-29 00:00:00+08:00,23.06115094066058,24.07482857789242,22.84996823383696,23.736936569213867,692216,0.0,0.0
2016-06-30 00:00:00+08:00,23.694696419192276,24.32824446902304,23.694696419192276,23.821407318115234,590602,0.0,0.0
2016-07-01 00:00:00+08:00,23.821407753291673,23.905879539188792,23.10338629479391,23.863643646240234,480069,0.0,0.0
2016-07-04 00:00:00+08:00,24.666139827352904,25.046267717905554,24.074827627120612,24.117063522338867,2112999,0.0,0.0
2016-07-05 00:00:00+08:00,24.074827194213867,24.2015364887863,23.610225910382916,24.074827194213867,592000,0.0,0.0
2016-07-06 00:00:00+08:00,23.905882851381246,23.905882851381246,23.525754928588867,23.525754928588867,294449,0.0,0.0
2016-07-07 00:00:00+08:00,23.525753453213582,23.567989349365234,23.314570750063005,23.567989349365234,251050,0.0,0.0
2016-07-08 00:00:00+08:00,23.567989349365234,23.567989349365234,23.567989349365234,23.567989349365234,0,0.0,0.0
2016-07-11 00:00:00+08:00,23.990352936281948,24.370482417603128,23.77917024914708,23.863643646240234,471500,0.0,0.0
2016-07-12 00:00:00+08:00,23.86364630383949,23.990355607992313,23.441280882532595,23.779172897338867,288074,0.0,0.0
2016-07-13 00:00:00+08:00,23.821408605069003,24.497192583586042,23.52575251026926,24.074827194213867,614585,0.0,0.0
2016-07-14 00:00:00+08:00,23.905882201491693,24.37048513164701,23.779172897338867,23.779172897338867,275520,0.0,0.0
2016-07-15 00:00:00+08:00,23.779171624223967,25.848762722302236,23.779171624223967,25.4263973236084,3816681,0.0,0.0
2016-07-18 00:00:00+08:00,25.764288896085922,26.102180887237992,25.088504913781783,25.257450103759766,1975505,0.0,0.0
2016-07-19 00:00:00+08:00,25.341924437630514,27.707170073997563,25.172977630234513,27.538223266601562,7187641,0.0,0.0
2016-07-20 00:00:00+08:00,27.538221100069542,28.129533268238706,26.862437146044243,27.20033073425293,7041151,0.0,0.0
2016-07-21 00:00:00+08:00,27.369279466090994,28.045063467961523,27.07362174987793,27.07362174987793,2428700,0.0,0.0
2016-07-22 00:00:00+08:00,27.073622796077487,27.580463233860325,26.73573078208514,26.989151000976562,1812699,0.0,0.0
2016-07-25 00:00:00+08:00,27.11585566924787,27.495985149588968,26.18665313720703,26.18665313720703,1262749,0.0,0.0
2016-07-26 00:00:00+08:00,25.975470025210445,26.566782182457864,25.975470025210445,26.0177059173584,1104585,0.0,0.0
2016-07-27 00:00:00+08:00,26.609020130396516,27.411515032775817,26.313364028930664,26.313364028930664,2202805,0.0,0.0
2016-07-28 00:00:00+08:00,26.355599499326072,26.5245446791139,26.0177059173584,26.0177059173584,811582,0.0,0.0
2016-07-29 00:00:00+08:00,26.186654421447518,27.242567906183307,25.975471724500363,26.440073013305664,1471707,0.0,0.0
2016-08-01 00:00:00+08:00,26.56678123499349,27.45374782803628,26.48230784251419,27.36927604675293,1567107,0.0,0.0
2016-08-02 00:00:00+08:00,27.580463233860325,27.62269913141079,26.989151000976562,26.989151000976562,1045604,0.0,0.0
2016-08-03 00:00:00+08:00,26.693491907263148,26.904674593853528,26.18665313720703,26.18665313720703,1163205,0.0,0.0
2016-08-04 00:00:00+08:00,26.18665461164842,26.77796681187377,25.975471913167386,26.144418716430664,1500290,0.0,0.0
2016-08-05 00:00:00+08:00,26.313361729984702,26.566781913898673,25.341921719637785,25.553104400634766,1873034,0.0,0.0
2016-08-08 00:00:00+08:00,25.764287081631746,26.05994315726672,25.553104400634766,25.553104400634766,861239,0.0,0.0
2016-08-09 00:00:00+08:00,25.5953419844096,25.80652467936742,24.91955800502301,24.961793899536133,1032513,0.0,0.0
2016-08-10 00:00:00+08:00,24.497195697368333,24.497195697368333,23.69470071107947,24.159303665161133,1330928,0.0,0.0
2016-08-11 00:00:00+08:00,24.41271801725199,26.313362178631063,24.41271801725199,25.595340728759766,2880502,0.0,0.0
2016-08-12 00:00:00+08:00,26.102180428416776,28.129533950888707,26.102180428416776,27.833879470825195,9911189,0.0,0.0
2016-08-15 00:00:00+08:00,26.44007178289573,27.45374932554823,25.341922454352215,25.468631744384766,5705570,0.0,0.0
2016-08-16 00:00:00+08:00,25.426395114275774,25.97546976262873,25.257448324999793,25.553104400634766,1542200,0.0,0.0
2016-08-17 00:00:00+08:00,25.553104828379343,25.7220516204834,24.49719140571904,25.7220516204834,2115685,0.0,0.0
2016-08-18 00:00:00+08:00,25.34192214384728,26.059943593495493,24.961792667211164,25.7220516204834,1250138,0.0,0.0
2016-08-19 00:00:00+08:00,25.848761537449175,25.97547082901001,25.341922760009766,25.341922760009766,877323,0.0,0.0
2016-08-22 00:00:00+08:00,25.722054315895626,25.722054315895626,24.58166737768223,24.623903274536133,828500,0.0,0.0
2016-08-23 00:00:00+08:00,25.088503499045714,25.215212787183116,24.666138131123706,24.7083740234375,533785,0.0,0.0
2016-08-24 00:00:00+08:00,24.792847419261108,25.046265995535904,24.7083740234375,24.7083740234375,398585,0.0,0.0
2016-08-25 00:00:00+08:00,24.961794628067803,25.004032135009766,24.412719927391464,25.004032135009766,591295,0.0,0.0
2016-08-26 00:00:00+08:00,24.7506103515625,24.91955714618454,24.5816651681365,24.7506103515625,312001,0.0,0.0
2016-08-29 00:00:00+08:00,25.004032791005994,25.004032791005994,24.53942986963214,24.623903274536133,414078,0.0,0.0
2016-08-30 00:00:00+08:00,24.666139602661133,24.877322299220918,24.62390209663151,24.666139602661133,369935,0.0,0.0
2016-08-31 00:00:00+08:00,25.341923180841025,25.890997860853364,24.70837510132,25.5108699798584,1254269,0.0,0.0
2016-09-01 00:00:00+08:00,25.6375786579856,26.186653324815094,25.384158465543955,25.7642879486084,1413586,0.0,0.0
2016-09-02 00:00:00+08:00,27.03138284973575,27.07361874096007,25.679813385009766,25.679813385009766,2188756,0.0,0.0
2016-09-05 00:00:00+08:00,25.7642875129114,26.186652881975526,25.384158036275288,25.7220516204834,811674,0.0,0.0
2016-09-06 00:00:00+08:00,25.76428776402627,26.482309220672768,25.76428776402627,26.18665313720703,1116700,0.0,0.0
2016-09-07 00:00:00+08:00,26.440070534810598,26.440070534810598,25.84876000550574,26.1021785736084,582396,0.0,0.0
2016-09-08 00:00:00+08:00,26.609020008610493,26.609020008610493,26.10218121001678,26.144418716430664,553200,0.0,0.0
2016-09-09 00:00:00+08:00,25.975471808546082,26.10218110488513,25.67981570962422,25.84876251220703,422514,0.0,0.0
2016-09-12 00:00:00+08:00,25.172976997807428,25.510870604110444,24.666139810745147,24.2437744140625,893959,0.0,0.0
2016-09-13 00:00:00+08:00,24.79549352566905,25.13927819881962,24.494681321926812,24.666574478149414,690487,0.491934,0.0
2016-09-14 00:00:00+08:00,24.7954901904015,24.838462654029566,24.27981243039269,24.40873146057129,505294,0.0,0.0
2016-09-19 00:00:00+08:00,24.49468186912759,25.05333218038911,24.365762818727955,24.795494079589844,326014,0.0,0.0
2016-09-20 00:00:00+08:00,24.967382230773307,25.010356334636533,24.709544164771728,24.881437301635742,167441,0.0,0.0
2016-09-21 00:00:00+08:00,25.26819643580454,25.26819643580454,24.881439305651742,24.92441177368164,261150,0.0,0.0
2016-09-22 00:00:00+08:00,25.096305729411288,25.13927819881962,24.666574478149414,24.666574478149414,199835,0.0,0.0
2016-09-23 00:00:00+08:00,24.66657037969818,25.13927402182675,24.53764971430461,25.01035499572754,380435,0.0,0.0
2016-09-26 00:00:00+08:00,25.010359151299987,25.010359151299987,24.40873474381551,24.666574478149414,355420,0.0,0.0
2016-09-27 00:00:00+08:00,24.666574478149414,24.666574478149414,24.666574478149414,24.666574478149414,0,0.0,0.0
2016-09-28 00:00:00+08:00,24.666574478149414,24.666574478149414,24.666574478149414,24.666574478149414,0,0.0,0.0
2016-09-29 00:00:00+08:00,24.666575931931646,25.139279680461755,24.279817127283575,24.580629348754883,689535,0.0,0.0
2016-09-30 00:00:00+08:00,24.537650861170743,24.66657153258994,24.279812796921213,24.451705932617188,249098,0.0,0.0
2016-10-03 00:00:00+08:00,24.666573889453634,24.666573889453634,24.150896072387695,24.150896072387695,442600,0.0,0.0
2016-10-04 00:00:00+08:00,24.15089788395797,24.580629157198167,23.721166610717773,23.721166610717773,829027,0.0,0.0
2016-10-05 00:00:00+08:00,23.807110814464714,24.064948896928268,23.07656739509191,23.635217666625977,865500,0.0,0.0
2016-10-06 00:00:00+08:00,23.635216060016027,23.635216060016027,23.24845732331617,23.291431427001953,560318,0.0,0.0
2016-10-07 00:00:00+08:00,23.076566863747853,23.16251343568828,22.26007688925558,22.303050994873047,1992967,0.0,0.0
2016-10-11 00:00:00+08:00,22.30305045849794,22.30305045849794,20.36926001317018,20.627098083496094,2631450,0.0,0.0
2016-10-12 00:00:00+08:00,21.01385745027892,21.744399217590825,20.45520554921284,21.142776489257812,1093496,0.0,0.0
2016-10-13 00:00:00+08:00,21.529534273451088,22.088186191831248,21.185749612421077,21.314668655395508,736400,0.0,0.0
2016-10-14 00:00:00+08:00,21.314666366146604,21.314666366146604,20.455203986232718,20.79899024963379,1010247,0.0,0.0
2016-10-17 00:00:00+08:00,20.713044490365643,20.798991059562738,19.939528646180715,20.19736671447754,1758315,0.0,0.0
2016-10-18 00:00:00+08:00,19.681689241165365,20.068447988850885,19.337904598386285,19.85358238220215,1813284,0.0,0.0
2016-10-19 00:00:00+08:00,19.896556871545556,20.455207177795174,19.85358440156276,20.283315658569336,634016,0.0,0.0
2016-10-20 00:00:00+08:00,20.369260642290733,20.369260642290733,19.939529418945312,19.939529418945312,343073,0.0,0.0
2016-10-21 00:00:00+08:00,19.939528803097346,20.84196368853251,19.896554698513377,20.627098083496094,582522,0.0,0.0
2016-10-24 00:00:00+08:00,20.627098083496094,20.798991223243014,20.36926001317018,20.627098083496094,422069,0.0,0.0
2016-10-25 00:00:00+08:00,20.62709854842857,20.92791073011872,20.412232938549106,20.713045120239258,434772,0.0,0.0
2016-10-26 00:00:00+08:00,20.62709721830702,21.056828410355084,20.584124754819978,20.841962814331055,411049,0.0,0.0
2016-10-27 00:00:00+08:00,20.84196368853251,20.84196368853251,20.498179048333135,20.627098083496094,286585,0.0,0.0
2016-10-28 00:00:00+08:00,20.798991162061768,20.927910196845502,20.240339279174805,20.240339279174805,314000,0.0,0.0
2016-10-31 00:00:00+08:00,20.45520430723606,20.45520430723606,20.111419677734375,20.111419677734375,206100,0.0,0.0
2016-11-01 00:00:00+08:00,20.11142145064793,20.11142145064793,19.552771173548322,19.681690216064453,830100,0.0,0.0
2016-11-02 00:00:00+08:00,19.681691252999023,19.681691252999023,18.65033721923828,18.65033721923828,1669000,0.0,0.0
2016-11-03 00:00:00+08:00,18.52141451907513,18.52141451907513,17.2751949920509,17.87681770324707,2329513,0.0,0.0
2016-11-04 00:00:00+08:00,17.8768164570858,18.865199483892635,17.83384399474392,18.392494201660156,749087,0.0,0.0
2016-11-07 00:00:00+08:00,18.6503339790706,18.822225468520273,18.392494285954538,18.779253005981445,412000,0.0,0.0
2016-11-08 00:00:00+08:00,19.294931339200545,19.294931339200545,18.693307009610262,18.908172607421875,272045,0.0,0.0
2016-11-09 00:00:00+08:00,19.08006619110868,19.08006619110868,17.704926004843237,17.79087257385254,576144,0.0,0.0
2016-11-10 00:00:00+08:00,18.478440183751722,18.478440183751722,17.919789994427394,18.263574600219727,380712,0.0,0.0
2016-11-11 00:00:00+08:00,18.177628420685867,18.26357498376244,17.87681626956503,17.9627628326416,210105,0.0,0.0
2016-11-14 00:00:00+08:00,17.962763021063918,18.822225382256395,17.962763021063918,18.392494201660156,286000,0.0,0.0
2016-11-15 00:00:00+08:00,18.392497481327105,18.865202847850266,18.17763185271512,18.65033721923828,197087,0.0,0.0
2016-11-16 00:00:00+08:00,18.693309689242817,18.82222873855108,18.521416530635367,18.65033721923828,248000,0.0,0.0
2016-11-17 00:00:00+08:00,18.65033721923828,18.779256268546543,18.564390639934555,18.65033721923828,303095,0.0,0.0
2016-11-18 00:00:00+08:00,18.779254598262476,19.29493238892422,18.6933080266031,19.12303924560547,390209,0.0,0.0
2016-11-21 00:00:00+08:00,18.86520116992185,19.337904855106654,18.86520116992185,19.12303924560547,182182,0.0,0.0
2016-11-22 00:00:00+08:00,19.123038277129844,19.337903875749284,18.994119245817068,19.294931411743164,315046,0.0,0.0
2016-11-23 00:00:00+08:00,19.423852460020377,19.423852460020377,19.251959307557748,19.337905883789062,469087,0.0,0.0
2016-11-24 00:00:00+08:00,19.466823076596246,19.853581813197238,19.423850612215887,19.72466278076172,357027,0.0,0.0
2016-11-25 00:00:00+08:00,19.853581813197238,19.896554277577597,19.68168867708692,19.72466278076172,343100,0.0,0.0
2016-11-28 00:00:00+08:00,19.638719102675427,19.939531315487788,19.552772521972656,19.552772521972656,249615,0.0,0.0
2016-11-29 00:00:00+08:00,19.68169304070657,19.68169304070657,19.380880805467786,19.466827392578125,122100,0.0,0.0
2016-11-30 00:00:00+08:00,19.466825847483705,19.552772427772407,19.29493432620097,19.50979995727539,287000,0.0,0.0
2016-12-01 00:00:00+08:00,19.50979995727539,19.50979995727539,19.337906796697986,19.50979995727539,95363,0.0,0.0
2016-12-02 00:00:00+08:00,19.68169070379623,20.455206617356072,19.595744126890782,20.154396057128906,623928,0.0,0.0
2016-12-05 00:00:00+08:00,20.15439367980468,20.197366143541256,20.02547301000612,20.06844711303711,148000,0.0,0.0
2016-12-06 00:00:00+08:00,20.111422500048846,20.412234707812377,19.939530980823005,20.283315658569336,354525,0.0,0.0
2016-12-07 00:00:00+08:00,20.41223201452011,20.627097614672955,20.32628544660009,20.54115104675293,418501,0.0,0.0
2016-12-08 00:00:00+08:00,20.584124654655316,20.97088174203993,20.584124654655316,20.79899024963379,438500,0.0,0.0
2016-12-09 00:00:00+08:00,21.142777397979117,22.260077969544056,21.056830821867678,22.174131393432617,1759732,0.0,0.0
2016-12-12 00:00:00+08:00,22.174129794164934,22.303050468681228,21.48656051345225,21.830345153808594,1069003,0.0,0.0
2016-12-13 00:00:00+08:00,21.830345153808594,21.959264189030414,21.658453653277657,21.830345153808594,243000,0.0,0.0
2016-12-14 00:00:00+08:00,22.088184389335495,22.088184389335495,21.615479084611373,21.74439811706543,296000,0.0,0.0
2016-12-15 00:00:00+08:00,21.572507858276367,21.70142689812912,21.22872320557085,21.572507858276367,404646,0.0,0.0
2016-12-16 00:00:00+08:00,21.486563287875605,22.045213605501434,21.443590817017725,22.002241134643555,293725,0.0,0.0
2016-12-19 00:00:00+08:00,22.088187160683333,22.088187160683333,21.78737495435211,21.873321533203125,353164,0.0,0.0
2016-12-20 00:00:00+08:00,21.873318586202178,21.873318586202178,21.5725064203995,21.6584529876709,227000,0.0,0.0
2016-12-21 00:00:00+08:00,21.400615230476653,21.65845495572009,21.142777144527788,21.314668655395508,368100,0.0,0.0
2016-12-22 00:00:00+08:00,21.31466898953954,21.40061556596805,20.841965278124658,20.970884323120117,318000,0.0,0.0
2016-12-23 00:00:00+08:00,21.05682914698389,21.486560354065194,20.970882577708736,21.40061378479004,170000,0.0,0.0
2016-12-26 00:00:00+08:00,21.14277571625904,21.701425957605846,21.05682914698389,21.40061378479004,205004,0.0,0.0
2016-12-27 00:00:00+08:00,21.44359106875074,21.44359106875074,21.056832269310824,21.22872543334961,143100,0.0,0.0
2016-12-28 00:00:00+08:00,21.443588355607936,21.78737300089357,21.357641784462903,21.486560821533203,549000,0.0,0.0
2016-12-29 00:00:00+08:00,21.572506822630338,21.572506822630338,21.357641220092773,21.357641220092773,131585,0.0,0.0
2016-12-30 00:00:00+08:00,21.31466711600859,21.48656025375642,21.31466711600859,21.357641220092773,256100,0.0,0.0
2017-01-03 00:00:00+08:00,21.142778851330217,21.400616958093693,21.142778851330217,21.22872543334961,149601,0.0,0.0
2017-01-04 00:00:00+08:00,21.61547938833069,21.61547938833069,21.185748181249387,21.40061378479004,224000,0.0,0.0
2017-01-05 00:00:00+08:00,21.48656025375642,21.61547928742007,21.271694651218855,21.357641220092773,242100,0.0,0.0
2017-01-06 00:00:00+08:00,21.529532645933184,22.732781327520893,21.529532645933184,22.517915725708008,2079152,0.0,0.0
2017-01-09 00:00:00+08:00,22.517914024955633,23.377376367292957,22.431967462863035,22.603858947753906,1638145,0.0,0.0
2017-01-10 00:00:00+08:00,22.732782315357603,23.03359285953159,22.260076987251523,22.346023559570312,864305,0.0,0.0
2017-01-11 00:00:00+08:00,22.346025008065727,22.431971585955676,22.08818691369051,22.26007843017578,312016,0.0,0.0
2017-01-12 00:00:00+08:00,22.260077969544056,22.47494359017536,22.00223988050433,22.174131393432617,265090,0.0,0.0
2017-01-13 00:00:00+08:00,22.34602435082983,22.34602435082983,21.91629311331387,22.088186264038086,112001,0.0,0.0
2017-01-16 00:00:00+08:00,22.260075886176093,22.260075886176093,21.486560052157316,21.74439811706543,260300,0.0,0.0
2017-01-17 00:00:00+08:00,21.615480919193786,22.646836544949917,21.615480919193786,22.088186264038086,208000,0.0,0.0
2017-01-18 00:00:00+08:00,22.346023461196005,22.603861537722768,21.787373202525007,22.303050994873047,809001,0.0,0.0
2017-01-19 00:00:00+08:00,22.303051093058176,22.560889170720024,22.131157948420597,22.346023559570312,219996,0.0,0.0
2017-01-20 00:00:00+08:00,22.34602183216023,22.947646152589993,22.34602183216023,22.775753021240234,904102,0.0,0.0
2017-01-23 00:00:00+08:00,23.07656678008925,24.322786331176758,22.86170117066439,24.322786331176758,2867070,0.0,0.0
2017-01-24 00:00:00+08:00,24.32278576452892,24.70954450820116,24.107920160109778,24.193866729736328,1708100,0.0,0.0
2017-02-02 00:00:00+08:00,24.623597358772454,24.623597358772454,23.9790005606931,24.0649471282959,751000,0.0,0.0
2017-02-03 00:00:00+08:00,23.678191054573396,24.0649498326009,23.377380493101576,23.807111740112305,886113,0.0,0.0
2017-02-06 00:00:00+08:00,24.02197473267168,25.096302732535452,24.02197473267168,24.451705932617188,1786893,0.0,0.0
2017-02-07 00:00:00+08:00,24.32278816570421,25.182250668227958,24.32278816570421,24.666574478149414,1436082,0.0,0.0
2017-02-08 00:00:00+08:00,24.494678429171543,24.83846306172208,24.06494722865976,24.107919692993164,800490,0.0,0.0
2017-02-09 00:00:00+08:00,24.107921964710357,24.494680737333457,24.064949496327607,24.150896072387695,563756,0.0,0.0
2017-02-10 00:00:00+08:00,24.193866160052885,24.666571462221068,24.0649471282959,24.0649471282959,934400,0.0,0.0
2017-02-13 00:00:00+08:00,24.107921038390636,24.45170732942139,23.979001998901367,23.979001998901367,603435,0.0,0.0
2017-02-14 00:00:00+08:00,23.9790023230089,24.064948896928268,23.592245199313567,23.635217666625977,549790,0.0,0.0
2017-02-15 00:00:00+08:00,24.064949464228174,24.064949464228174,23.506299179524653,23.764137268066406,663115,0.0,0.0
2017-02-16 00:00:00+08:00,23.76413468851791,23.76413468851791,23.54926909162481,23.592243194580078,360856,0.0,0.0
2017-02-17 00:00:00+08:00,23.46332252500869,23.67818812190179,23.46332252500869,23.592243194580078,312115,0.0,0.0
2017-02-20 00:00:00+08:00,24.236842648447784,24.580627313393546,24.064949496327607,24.150896072387695,584924,0.0,0.0
2017-02-21 00:00:00+08:00,24.15089304012329,24.15089304012329,23.420349694277768,23.54926872253418,553229,0.0,0.0
2017-02-22 00:00:00+08:00,23.850080402083076,23.850080402083076,23.420349223667166,23.463321685791016,594370,0.0,0.0
2017-02-23 00:00:00+08:00,23.721162206755807,24.6665711602229,23.721162206755807,24.40873146057129,2004912,0.0,0.0
2017-02-24 00:00:00+08:00,24.53765523751914,24.580629348754883,24.279817127283575,24.580629348754883,647259,0.0,0.0
2017-03-01 00:00:00+08:00,24.580626046063298,25.611979987725938,24.322786331176758,24.322786331176758,1335685,0.0,0.0
2017-03-02 00:00:00+08:00,24.580624491711898,24.623596955161712,24.193865763485963,24.365758895874023,500712,0.0,0.0
2017-03-03 00:00:00+08:00,24.365763802245315,24.666576024849775,24.365763802245315,24.62360191345215,380251,0.0,0.0
2017-03-06 00:00:00+08:00,24.53764971430461,25.01035499572754,24.27981166210618,25.01035499572754,592307,0.0,0.0
2017-03-07 00:00:00+08:00,25.182249069213867,25.440088787175547,24.92441099054671,25.182249069213867,743452,0.0,0.0
2017-03-08 00:00:00+08:00,25.182249069213867,25.26819564186776,24.838464417892816,25.182249069213867,484244,0.0,0.0
2017-03-09 00:00:00+08:00,25.225223175188077,25.26819564186776,24.623598805905345,25.182249069213867,603000,0.0,0.0
2017-03-10 00:00:00+08:00,24.838463396995454,25.139275569273,24.580625328925823,24.967382431030273,427038,0.0,0.0
2017-03-13 00:00:00+08:00,24.6665719592632,25.44008780468622,24.6665719592632,25.354141235351562,652027,0.0,0.0
2017-03-14 00:00:00+08:00,25.311167728763795,25.311167728763795,24.96738146557214,25.13927459716797,413218,0.0,0.0
2017-03-15 00:00:00+08:00,25.09630290306854,25.1822478322061,24.881437301635742,24.881437301635742,475619,0.0,0.0
2017-03-16 00:00:00+08:00,25.01035653523818,25.01035653523818,24.838463396995454,24.967382431030273,336538,0.0,0.0
2017-03-17 00:00:00+08:00,25.01035834903601,25.01035834903601,24.709546154943006,24.92441177368164,282910,0.0,0.0
2017-03-20 00:00:00+08:00,24.924410693284177,24.924410693284177,24.19386729338074,24.322786331176758,586341,0.0,0.0
2017-03-21 00:00:00+08:00,24.15089650678321,24.32278802270056,23.7211652580479,23.85008430480957,469756,0.0,0.0
2017-03-22 00:00:00+08:00,23.635215658240934,23.721162224857054,23.420350061347833,23.592243194580078,544000,0.0,0.0
2017-03-23 00:00:00+08:00,23.506296655102098,23.549269118812568,23.033591357814892,23.248456954956055,733022,0.0,0.0
2017-03-24 00:00:00+08:00,23.291431893944946,23.50629749879814,23.248457789397627,23.377378463745117,342597,0.0,0.0
2017-03-27 00:00:00+08:00,23.377381353751453,23.377381353751453,22.818729400634766,22.818729400634766,377038,0.0,0.0
2017-03-28 00:00:00+08:00,22.818726609568504,23.162512889219318,21.74439858389589,21.830345153808594,972405,0.0,0.0
2017-03-29 00:00:00+08:00,21.87331925841218,22.34602293399034,21.830345153808594,21.830345153808594,534500,0.0,0.0
2017-03-30 00:00:00+08:00,22.00223761746206,22.00223761746206,21.6584529876709,21.6584529876709,263174,0.0,0.0
2017-03-31 00:00:00+08:00,21.701427324853764,21.830346367241507,21.1427770483105,21.271696090698242,603505,0.0,0.0
2017-04-05 00:00:00+08:00,21.056830569446642,21.83034646658781,21.056830569446642,21.314668655395508,546074,0.0,0.0
2017-04-06 00:00:00+08:00,21.3576413808026,22.00223819326569,21.3576413808026,21.787372589111328,567612,0.0,0.0
2017-04-07 00:00:00+08:00,21.74439936498186,21.74439936498186,21.22872320557085,21.572507858276367,266345,0.0,0.0
2017-04-10 00:00:00+08:00,21.74440164687656,21.78737575753361,20.28331630972569,21.22872543334961,1425546,0.0,0.0
2017-04-11 00:00:00+08:00,21.31466898953954,21.31466898953954,20.627099656700693,20.970884323120117,508111,0.0,0.0
2017-04-12 00:00:00+08:00,20.884936052961518,20.927910157337948,20.455204844964,20.584125518798828,388300,0.0,0.0
2017-04-13 00:00:00+08:00,20.713044712055222,21.48656056451901,20.713044712055222,21.013856887817383,278269,0.0,0.0
2017-04-14 00:00:00+08:00,21.22872195081869,21.400613447364304,20.455204478832908,20.54115104675293,399600,0.0,0.0
2017-04-17 00:00:00+08:00,20.58412497768181,20.58412497768181,19.76763504823269,20.111419677734375,427000,0.0,0.0
2017-04-18 00:00:00+08:00,20.28331344329672,20.884936153822004,20.15439440813376,20.627098083496094,280005,0.0,0.0
2017-04-19 00:00:00+08:00,20.541152491322674,20.627099065286945,20.41223345002354,20.4552059173584,139007,0.0,0.0
2017-04-20 00:00:00+08:00,20.541151113818582,20.970882315527316,20.541151113818582,20.92790985107422,282463,0.0,0.0
2017-04-21 00:00:00+08:00,20.970882315527316,21.40061351723605,20.798990818420485,20.92790985107422,245500,0.0,0.0
2017-04-24 00:00:00+08:00,20.84196468055035,20.84196468055035,20.4552059173584,20.4552059173584,124000,0.0,0.0
2017-04-25 00:00:00+08:00,20.54115145319983,20.584125557657387,20.240339279174805,20.240339279174805,251301,0.0,0.0
2017-04-26 00:00:00+08:00,20.41223191455654,20.541150946158012,20.197366315455945,20.498178482055664,239186,0.0,0.0
2017-04-27 00:00:00+08:00,20.584125309392054,22.517915725708008,20.584125309392054,22.517915725708008,1907834,0.0,0.0
2017-04-28 00:00:00+08:00,24.064948571659055,24.322786650637592,23.46332420164977,23.979001998901367,4602498,0.0,0.0
2017-05-02 00:00:00+08:00,24.06494784573896,24.193866881339382,23.205485422676855,23.420351028442383,1440034,0.0,0.0
2017-05-03 00:00:00+08:00,23.807113378753467,25.096307208520738,23.420354574105396,24.580629348754883,3263387,0.0,0.0
2017-05-04 00:00:00+08:00,24.5806276568727,25.096305481144498,23.807111740112305,23.807111740112305,3112350,0.0,0.0
2017-05-05 00:00:00+08:00,23.936029232912432,24.150894842473054,22.990620222986784,23.119539260864258,1189025,0.0,0.0
2017-05-08 00:00:00+08:00,24.064950849094263,24.451709643458294,23.463326422149034,24.0219783782959,2987222,0.0,0.0
2017-05-09 00:00:00+08:00,23.893056180672893,24.451708101592512,23.11954028001556,23.33440589904785,3346000,0.0,0.0
2017-05-10 00:00:00+08:00,23.549270273636328,24.365760238530054,23.46332370270628,24.236841201782227,3444912,0.0,0.0
2017-05-11 00:00:00+08:00,24.150895470847637,24.36576108599878,23.377379584162423,23.635217666625977,1838660,0.0,0.0
2017-05-12 00:00:00+08:00,23.721164240545345,23.93602985569649,23.549271092706608,23.635217666625977,613171,0.0,0.0
2017-05-15 00:00:00+08:00,23.635220028210792,23.85008566483089,23.420354391590696,23.721166610717773,406768,0.0,0.0
2017-05-16 00:00:00+08:00,23.893053993090298,24.1508936958987,23.63521592957633,24.0649471282959,1307567,0.0,0.0
2017-05-17 00:00:00+08:00,23.97900325533983,24.0649498326009,23.807111740112305,23.807111740112305,394000,0.0,0.0
2017-05-18 00:00:00+08:00,23.291433590375995,24.150896072387695,23.291433590375995,24.150896072387695,552842,0.0,0.0
2017-05-19 00:00:00+08:00,24.150894264570287,24.49467890378202,24.107920160109778,24.193866729736328,2423171,0.0,0.0
2017-05-22 00:00:00+08:00,24.236844010877096,24.279816481675464,24.0219783782959,24.0219783782959,563504,0.0,0.0
2017-05-23 00:00:00+08:00,24.193869900784048,24.494682114256662,23.979004268202846,24.0219783782959,849950,0.0,0.0
2017-05-24 00:00:00+08:00,24.236843181305485,24.236843181305485,23.807111930851804,23.893056869506836,613926,0.0,0.0
2017-05-25 00:00:00+08:00,23.97899990958515,23.97899990958515,23.377377231290424,23.54926872253418,499813,0.0,0.0
2017-05-26 00:00:00+08:00,23.63521481287512,23.63521481287512,23.334402660125114,23.463321685791016,312000,0.0,0.0
2017-05-31 00:00:00+08:00,23.463322163281426,23.549268728572535,22.73278045654297,22.73278045654297,574784,0.0,0.0
2017-06-01 00:00:00+08:00,22.603863769219014,23.162515722335705,22.603863769219014,22.818729400634766,269336,0.0,0.0
2017-06-02 00:00:00+08:00,22.861700158416188,23.07656575832744,22.603860454946023,22.904672622680664,293524,0.0,0.0
2017-06-05 00:00:00+08:00,23.29143019800126,23.850080402083076,23.29143019800126,23.463321685791016,1065600,0.0,0.0
2017-06-06 00:00:00+08:00,23.463322552097218,23.549269118812568,23.20548449124559,23.248456954956055,233585,0.0,0.0
2017-06-07 00:00:00+08:00,23.291430565241136,23.635215185535504,23.20548400034395,23.506296157836914,463211,0.0,0.0
2017-06-08 00:00:00+08:00,23.5492700640428,23.76413566980833,23.334404458277277,23.420351028442383,460559,0.0,0.0
2017-06-09 00:00:00+08:00,23.463325747463816,23.463325747463816,23.033594494658292,23.076568603515625,325121,0.0,0.0
2017-06-12 00:00:00+08:00,22.7757535905928,22.947646726239572,22.260075822946906,22.904672622680664,527590,0.0,0.0
2017-06-13 00:00:00+08:00,22.904672050105358,23.033591078970478,22.64683399237511,22.775753021240234,325756,0.0,0.0
2017-06-14 00:00:00+08:00,22.861702836110787,22.904675305408446,21.744400602130725,22.26007843017578,558000,0.0,0.0
2017-06-15 00:00:00+08:00,21.83034445878101,22.47494125366211,21.83034445878101,22.47494125366211,234877,0.0,0.0
2017-06-16 00:00:00+08:00,22.5608896378135,22.689808679313526,22.260077448117077,22.431970596313477,134612,0.0,0.0
2017-06-19 00:00:00+08:00,22.646833419799805,22.904671471011184,22.474940292795985,22.646833419799805,243380,0.0,0.0
2017-06-20 00:00:00+08:00,22.818728211255667,24.881439476768037,22.818728211255667,23.764137268066406,5743943,0.0,0.0
2017-06-21 00:00:00+08:00,24.27981221777761,25.569005786863148,23.80710856483067,25.13927459716797,6732645,0.0,0.0
2017-06-22 00:00:00+08:00,25.13927797833935,25.783874849578822,24.838465777235342,25.44009017944336,5115223,0.0,0.0
2017-06-23 00:00:00+08:00,25.139273269021086,25.869816580766027,25.139273269021086,25.268192291259766,2202336,0.0,0.0
2017-06-26 00:00:00+08:00,25.311167728763795,25.526033323611387,25.096302133916208,25.13927459716797,1644323,0.0,0.0
2017-06-27 00:00:00+08:00,25.182247661089004,25.354140796784982,24.107919661225235,24.451705932617188,1727443,0.0,0.0
2017-06-28 00:00:00+08:00,24.580624593672365,24.881436756952038,24.236839966764624,24.40873146057129,1074170,0.0,0.0
2017-06-29 00:00:00+08:00,24.49467937503241,24.752517449578107,24.193867195199427,24.279813766479492,1107785,0.0,0.0
2017-06-30 00:00:00+08:00,24.150898072165795,24.838467458990447,23.764139267517724,24.580629348754883,1007585,0.0,0.0
2017-07-03 00:00:00+08:00,24.58062529312831,25.611979203199304,24.58062529312831,25.311168670654297,1250843,0.0,0.0
2017-07-04 00:00:00+08:00,25.31116917995012,25.440088216391217,25.0103570020579,25.053329467773438,677157,0.0,0.0
2017-07-05 00:00:00+08:00,25.225223175188077,25.440088787175547,24.967383457226394,25.182249069213867,916346,0.0,0.0
2017-07-06 00:00:00+08:00,25.31117113305439,25.95576800429386,25.31117113305439,25.44009017944336,2587720,0.0,0.0
2017-07-07 00:00:00+08:00,26.084683725296227,26.084683725296227,25.526033502633386,25.569005966186523,2142793,0.0,0.0
2017-07-10 00:00:00+08:00,26.256577894554923,28.10442352294922,26.256577894554923,28.10442352294922,9526494,0.0,0.0
2017-07-11 00:00:00+08:00,28.405234619268313,29.135779702419967,27.889558437058255,29.092803955078125,14881712,0.0,0.0
2017-07-12 00:00:00+08:00,30.08118411937349,31.84308139064759,29.823346054068065,31.628215789794922,14644822,0.0,0.0
2017-07-13 00:00:00+08:00,32.61660181552839,32.61660181552839,31.37038056213663,32.18687057495117,8012564,0.0,0.0
2017-07-14 00:00:00+08:00,32.01497485680504,32.74551659579322,31.499298720882674,32.48767852783203,5935910,0.0,0.0
2017-07-17 00:00:00+08:00,32.83146190963682,33.34713800009539,31.929027112040018,32.659568786621094,6813025,0.0,0.0
2017-07-18 00:00:00+08:00,32.01497732703154,32.57362924954292,31.62821855595359,32.143898010253906,5094560,0.0,0.0
2017-07-19 00:00:00+08:00,32.143898010253906,33.175250361676206,32.01497732703154,32.143898010253906,4530060,0.0,0.0
2017-07-20 00:00:00+08:00,31.80011358402828,32.10092415784686,31.671192893197826,31.75714111328125,2903242,0.0,0.0
2017-07-21 00:00:00+08:00,31.800110887361054,32.616600876673274,31.671190207463145,32.014976501464844,2372015,0.0,0.0
2017-07-24 00:00:00+08:00,32.229842213686254,32.31578714815378,31.8430834514042,32.05794906616211,1757500,0.0,0.0
2017-07-25 00:00:00+08:00,32.22984220923447,35.23796081542969,32.18686974200664,35.23796081542969,10262601,0.0,0.0
2017-07-26 00:00:00+08:00,35.23795897042381,36.054448919358734,34.980120901967766,35.624717712402344,12197072,0.0,0.0
2017-07-27 00:00:00+08:00,36.52715291579907,38.2460777588955,35.323904214196,36.48418045043945,15230449,0.0,0.0
2017-07-28 00:00:00+08:00,36.09742168637135,36.78499096753683,35.71066294115673,35.75363540649414,4019769,0.0,0.0
2017-07-31 00:00:00+08:00,35.96850287219734,36.69904793507573,35.75363725580766,36.0974235534668,3679248,0.0,0.0
2017-08-01 00:00:00+08:00,36.14039547634817,37.300671754519186,35.75363671695783,36.827964782714844,4829963,0.0,0.0
2017-08-02 00:00:00+08:00,37.257697039995506,37.687428278189635,36.999858952796856,37.04283142089844,4249690,0.0,0.0
2017-08-03 00:00:00+08:00,37.042829258535775,37.08580500271783,36.18336683231835,36.570125579833984,2197137,0.0,0.0
2017-08-04 00:00:00+08:00,36.61309629568908,36.913910097642685,34.29255047867195,34.63633346557617,6131511,0.0,0.0
2017-08-07 00:00:00+08:00,35.06606793907849,36.22634423473625,34.2925536872291,36.0974235534668,4919821,0.0,0.0
2017-08-08 00:00:00+08:00,36.69905181702873,36.69905181702873,35.28093728741583,35.323909759521484,3029135,0.0,0.0
2017-08-09 00:00:00+08:00,34.89417142336407,35.19498522443804,34.206602172977405,34.593360900878906,3235171,0.0,0.0
2017-08-10 00:00:00+08:00,34.59335942555026,35.10903552170063,31.155510041644643,31.542268753051758,12001450,0.0,0.0
2017-08-11 00:00:00+08:00,31.026593365151772,32.27281458267158,31.026593365151772,32.014976501464844,3695641,0.0,0.0
2017-08-14 00:00:00+08:00,32.401735305151625,32.44470777231104,29.135778622199723,29.221723556518555,5794177,0.0,0.0
2017-08-15 00:00:00+08:00,30.33902749500115,32.05795260269061,30.210110079078113,31.929035186767578,5106033,0.0,0.0
2017-08-16 00:00:00+08:00,31.198491339957307,33.776879108194926,31.198491339957307,33.08930969238281,6112771,0.0,0.0
2017-08-17 00:00:00+08:00,33.51903514248041,34.077687039624024,33.261197066332976,33.43309020996094,3926378,0.0,0.0
2017-08-18 00:00:00+08:00,32.745521554446526,33.86282548245314,32.05795217623512,33.519039154052734,3337060,0.0,0.0
2017-08-21 00:00:00+08:00,33.519037599916814,34.808231353759766,33.08930634863583,34.808231353759766,3955237,0.0,0.0
2017-08-22 00:00:00+08:00,34.98012273347363,35.667692044886145,34.46444329097242,35.23796081542969,4440027,0.0,0.0
2017-08-23 00:00:00+08:00,35.62471957765832,36.01147833988695,34.55039150401717,35.23796081542969,3237350,0.0,0.0
2017-08-24 00:00:00+08:00,35.23796173692052,35.88255859796175,34.808230496226365,35.409854888916016,2707520,0.0,0.0
2017-08-25 00:00:00+08:00,36.01147851806562,38.9336489256745,35.66769222136382,38.5039176940918,14240287,0.0,0.0
2017-08-28 00:00:00+08:00,39.363381098839454,39.793112340701434,37.816349283854166,38.675811767578125,5635495,0.0,0.0
2017-08-29 00:00:00+08:00,38.374998029674,38.80472923592527,37.30067001404583,37.98823928833008,3659246,0.0,0.0
2017-08-30 00:00:00+08:00,38.37500211952698,39.27743709311475,38.37500211952698,38.84770584106445,4619354,0.0,0.0
2017-08-31 00:00:00+08:00,39.44932593733235,42.71528244018555,39.44932593733235,42.71528244018555,15602537,0.0,0.0
2017-09-01 00:00:00+08:00,44.00447899551571,46.92664941811444,43.660692697050386,45.72340393066406,23883694,0.0,0.0
2017-09-04 00:00:00+08:00,45.72340733231716,46.75476302585306,42.80123341373033,44.00448226928711,13584759,0.0,0.0
2017-09-05 00:00:00+08:00,44.17636550530636,46.239073150318355,43.14501004350604,45.12177276611328,8619112,0.0,0.0
2017-09-06 00:00:00+08:00,45.121777096699304,46.75475700782495,44.777990816907916,46.06718444824219,8452055,0.0,0.0
2017-09-07 00:00:00+08:00,46.325025434800125,46.325025434800125,42.11365829396778,42.80122756958008,5527856,0.0,0.0
2017-09-08 00:00:00+08:00,43.14501992142657,44.60610688693936,41.25420168832703,44.09042739868164,3571600,0.0,0.0
2017-09-11 00:00:00+08:00,43.832582506400925,44.60609997971414,42.629333832044566,43.48879623413086,2946440,0.0,0.0
2017-09-12 00:00:00+08:00,43.832582506400925,44.69204490848722,43.05906503308771,43.48879623413086,1651073,0.0,0.0
2017-09-13 00:00:00+08:00,43.48879664216743,43.48879664216743,42.71528244018555,42.71528244018555,1625722,0.0,0.0
2017-09-14 00:00:00+08:00,42.75826377494663,44.3482682521269,42.75826377494663,43.83259201049805,1504449,0.0,0.0
2017-09-15 00:00:00+08:00,43.918527028358305,44.262313297443896,43.145012840799,43.3169059753418,1520133,0.0,0.0
2017-09-18 00:00:00+08:00,43.83258778616356,46.32503036387131,43.83258778616356,46.15313720703125,3724858,0.0,0.0
2017-09-19 00:00:00+08:00,46.496913347020964,46.496913347020964,45.55150604248047,45.55150604248047,2946814,0.0,0.0
2017-09-20 00:00:00+08:00,45.29367409064882,48.043954727235345,45.29367409064882,47.61422348022461,5776282,0.0,0.0
2017-09-21 00:00:00+08:00,47.27043294460974,48.38773343121909,45.72340124941302,45.981239318847656,8978929,0.0,0.0
2017-09-22 00:00:00+08:00,45.98124657788323,46.66881596445145,43.83259019573916,44.26232147216797,3493056,0.0,0.0
2017-09-25 00:00:00+08:00,44.09041793551246,44.09041793551246,39.83607864379883,39.83607864379883,7562974,0.0,0.0
2017-09-26 00:00:00+08:00,39.53527228989287,39.621217222565726,35.8825569152832,35.8825569152832,12249683,0.0,0.0
2017-09-27 00:00:00+08:00,36.65607664940947,37.64445654951666,36.26931787172004,37.128780364990234,5049203,0.0,0.0
2017-09-28 00:00:00+08:00,37.644456318301785,39.53527444760052,37.644456318301785,38.761756896972656,5000819,0.0,0.0
2017-09-29 00:00:00+08:00,38.933648337612894,38.933648337612894,37.128778503662325,37.51553726196289,2300869,0.0,0.0
2017-10-02 00:00:00+08:00,41.2541963653944,42.67231067689041,41.2541963653944,41.34014129638672,4694351,0.0,0.0
2017-10-03 00:00:00+08:00,41.42609325172444,41.6409588772224,37.90229502640435,38.80473327636719,5581509,0.0,0.0
2017-10-05 00:00:00+08:00,38.804731523353155,39.96500453719079,37.47256208257551,38.5039176940918,3462100,0.0,0.0
2017-10-06 00:00:00+08:00,38.67581082578458,39.36338014030293,38.1601346595431,39.23446273803711,3316642,0.0,0.0
2017-10-11 00:00:00+08:00,40.39473218536435,40.996356511927964,39.57824226207008,40.09392166137695,4894744,0.0,0.0
2017-10-12 00:00:00+08:00,40.09392162676917,42.543388115948886,40.09392162676917,41.726898193359375,5973620,0.0,0.0
2017-10-13 00:00:00+08:00,42.15663075895812,43.14501384668069,41.94176515541747,42.80122756958008,7089750,0.0,0.0
2017-10-16 00:00:00+08:00,42.97312532124534,43.40285657445779,41.64095909200459,42.15663528442383,3813402,0.0,0.0
2017-10-17 00:00:00+08:00,42.242573836603384,42.58635679335805,41.426083986604716,41.769866943359375,2048901,0.0,0.0
2017-10-18 00:00:00+08:00,42.32852580224127,42.37149826916533,40.56662842964244,40.738521575927734,2396734,0.0,0.0
2017-10-19 00:00:00+08:00,41.03933615433542,41.6839330572831,40.73852557772893,40.82447052001953,1750599,0.0,0.0
2017-10-20 00:00:00+08:00,41.082300576404855,41.082300576404855,39.87905522713611,39.96500015258789,2002300,0.0,0.0
2017-10-23 00:00:00+08:00,40.222843073393136,40.695546777739644,40.05094992310646,40.17987060546875,1522492,0.0,0.0
2017-10-24 00:00:00+08:00,40.73851479450687,41.94176006103097,40.22283544149209,41.769866943359375,2550604,0.0,0.0
2017-10-25 00:00:00+08:00,42.285551726884776,42.54338979721069,41.08230302724526,41.25419616699219,2666074,0.0,0.0
2017-10-26 00:00:00+08:00,41.25419616699219,41.76987230764401,40.73852002634036,41.25419616699219,1249600,0.0,0.0
2017-10-27 00:00:00+08:00,41.42608930673911,43.05906593786251,41.25419616699219,41.25419616699219,4608419,0.0,0.0
2017-10-30 00:00:00+08:00,41.68392907282389,42.11366030037877,39.879059228528995,40.05094909667969,2845416,0.0,0.0
2017-10-31 00:00:00+08:00,40.39473289224686,40.39473289224686,38.93364615319249,39.44932556152344,2402208,0.0,0.0
2017-11-01 00:00:00+08:00,39.70716863614892,39.92203426374866,37.988243615351045,38.97662353515625,2941825,0.0,0.0
2017-11-02 00:00:00+08:00,38.93365259445107,39.922035831663756,38.41797637939453,38.41797637939453,1550436,0.0,0.0
2017-11-03 00:00:00+08:00,38.76175219191574,39.36337651619993,38.67580726498463,39.320404052734375,1164936,0.0,0.0
2017-11-06 00:00:00+08:00,39.87905923742489,43.230960845947266,39.70716609064678,43.230960845947266,15116509,0.0,0.0
2017-11-07 00:00:00+08:00,44.09042396863853,44.77799328756954,42.543392181396484,42.543392181396484,13896655,0.0,0.0
2017-11-08 00:00:00+08:00,42.80123167594388,45.37961916580302,42.715286737717605,44.43421173095703,7933912,0.0,0.0
2017-11-09 00:00:00+08:00,44.69204366432046,46.66880647837072,43.5747432284302,45.55150604248047,11331653,0.0,0.0
2017-11-10 00:00:00+08:00,45.12178045632065,46.067187878255496,44.26231797143835,45.89529800415039,6900667,0.0,0.0
2017-11-13 00:00:00+08:00,46.410969498133895,46.58286263347439,43.40285110473633,43.40285110473633,4454275,0.0,0.0
2017-11-14 00:00:00+08:00,43.402849195983904,45.37961196899414,42.1996005801053,45.37961196899414,7020957,0.0,0.0
2017-11-15 00:00:00+08:00,45.63745002137135,46.84069863724995,44.949880788835884,45.37961196899414,7130866,0.0,0.0
2017-11-16 00:00:00+08:00,45.03582899202076,46.32502253249553,44.77798766105484,45.37961196899414,4825273,0.0,0.0
2017-11-17 00:00:00+08:00,45.63745096886095,46.067182157940955,45.035829927019975,45.55150604248047,3442602,0.0,0.0
2017-11-20 00:00:00+08:00,45.89529280780156,49.161249224858906,45.63745146865878,47.184486389160156,15402755,0.0,0.0
2017-11-21 00:00:00+08:00,47.52827113780836,48.04395055660939,46.58286378788989,46.754756927490234,3878447,0.0,0.0
2017-11-22 00:00:00+08:00,47.27043079880048,47.27043079880048,44.86393679567022,45.55150604248047,3407793,0.0,0.0
2017-11-23 00:00:00+08:00,45.72340136847713,47.09853992810198,44.77799073996971,46.754756927490234,3094780,0.0,0.0
2017-11-24 00:00:00+08:00,46.66880971136257,50.10665946216039,46.41097163577054,48.645572662353516,13987095,0.0,0.0
2017-11-27 00:00:00+08:00,48.817463858228216,50.5363886650573,47.78610831841299,48.989356994628906,7343470,0.0,0.0
2017-11-28 00:00:00+08:00,49.33314340040589,53.54450722133539,49.33314340040589,49.762874603271484,16718187,0.0,0.0
2017-11-29 00:00:00+08:00,51.48179921182618,54.66180747762695,50.70828173828125,53.716400146484375,19350491,0.0,0.0
2017-11-30 00:00:00+08:00,51.739637540534225,53.71640042028285,51.739637540534225,52.169368743896484,8867348,0.0,0.0
2017-12-01 00:00:00+08:00,53.20072990486677,53.20072990486677,47.09854420567186,47.70016860961914,13753045,0.0,0.0
2017-12-04 00:00:00+08:00,47.27043533325195,47.78611149817906,45.20772411636532,47.27043533325195,3953105,0.0,0.0
2017-12-05 00:00:00+08:00,48.043948413263585,48.98935572100536,46.32502365112305,46.32502365112305,3229891,0.0,0.0
2017-12-06 00:00:00+08:00,46.32502707531407,46.32502707531407,43.488798385266605,44.692047119140625,3196952,0.0,0.0
2017-12-07 00:00:00+08:00,45.379622135165,45.379622135165,43.83259019573916,44.26232147216797,1997515,0.0,0.0
2017-12-08 00:00:00+08:00,44.94988576520323,46.410972595214844,44.176371522436426,46.410972595214844,1496300,0.0,0.0
2017-12-11 00:00:00+08:00,46.23908189309827,48.47368636261097,46.23908189309827,47.78611373901367,1835906,0.0,0.0
2017-12-12 00:00:00+08:00,47.958006894913,48.81746939582036,47.78611373901367,47.78611373901367,1622713,0.0,0.0
2017-12-13 00:00:00+08:00,48.55962802462122,49.8488216889917,47.786110514563326,49.505035400390625,2710074,0.0,0.0
2017-12-14 00:00:00+08:00,50.70828038403111,51.39584963182564,50.192604267832415,50.27854919433594,2666436,0.0,0.0
2017-12-15 00:00:00+08:00,50.70828073966403,51.22395685947933,49.50503208864326,51.13801193237305,2784251,0.0,0.0
2017-12-18 00:00:00+08:00,51.739641585749666,54.060190921053646,51.739641585749666,53.02883529663086,11513408,0.0,0.0
2017-12-19 00:00:00+08:00,53.028834750701996,53.372617769577595,51.223961606895905,51.30990982055664,5936680,0.0,0.0
2017-12-20 00:00:00+08:00,51.3958541113801,52.94288587340102,51.3958541113801,51.99747848510742,3244700,0.0,0.0
2017-12-21 00:00:00+08:00,52.1693742972144,52.34126745257473,50.27855614542913,50.96612548828125,2104257,0.0,0.0
2017-12-22 00:00:00+08:00,51.481797628815706,51.567742554971815,49.67692467223843,50.192604064941406,2737406,0.0,0.0
2017-12-25 00:00:00+08:00,50.36449619336448,51.73963802413012,49.93476498598564,50.708282470703125,3494300,0.0,0.0
2017-12-26 00:00:00+08:00,50.70828784445058,51.13801909736965,48.81746967588881,49.41909408569336,2920471,0.0,0.0
2017-12-27 00:00:00+08:00,49.16125157544917,50.278552076998,49.07530336542912,50.106658935546875,1454585,0.0,0.0
2017-12-28 00:00:00+08:00,50.27855577776509,53.28667449951172,50.27855577776509,53.28667449951172,6504606,0.0,0.0
2017-12-29 00:00:00+08:00,53.2866733110161,54.48992208431341,51.99747960187862,52.25531768798828,5936277,0.0,0.0
2018-01-02 00:00:00+08:00,52.25531624621164,56.72452163696289,52.25531624621164,56.72452163696289,11525189,0.0,0.0
2018-01-03 00:00:00+08:00,57.669929019476655,57.669929019476655,55.43532796339556,56.72452163696289,6322843,0.0,0.0
2018-01-04 00:00:00+08:00,56.63857610835066,57.154252260923386,54.57586494088173,55.00559616088867,5894919,0.0,0.0
2018-01-05 00:00:00+08:00,55.43532644092866,55.60721630314564,54.06018787165904,54.833702087402344,2964448,0.0,0.0
2018-01-08 00:00:00+08:00,55.60721783033329,59.4747988510353,55.17748660581084,56.72452163696289,12943865,0.0,0.0
2018-01-09 00:00:00+08:00,56.724520943511166,58.27155595575086,55.17748593127146,55.69316864013672,5470322,0.0,0.0
2018-01-10 00:00:00+08:00,55.693168935084124,56.89641110966726,53.71640269310657,56.55263137817383,5175936,0.0,0.0
2018-01-11 00:00:00+08:00,54.91965494721212,56.46668350968747,50.96612548828125,50.96612548828125,13806210,0.0,0.0
2018-01-12 00:00:00+08:00,48.64557027025295,51.22395745656153,48.215839072534855,50.450443267822266,10005190,0.0,0.0
2018-01-15 00:00:00+08:00,49.84882514637737,50.794232587717794,48.989362643853624,49.33314895629883,4152793,0.0,0.0
2018-01-16 00:00:00+08:00,49.333148296907,53.45856759816236,49.333148296907,52.51315689086914,8362286,0.0,0.0
2018-01-17 00:00:00+08:00,52.51315202345819,52.59910023174884,49.93476478933902,50.622337341308594,6069328,0.0,0.0
2018-01-18 00:00:00+08:00,51.052069574233556,52.08342186576234,50.106658935546875,50.106658935546875,3303702,0.0,0.0
2018-01-19 00:00:00+08:00,50.106662990068784,52.25531923559994,49.93476983470844,50.96612548828125,4348229,0.0,0.0
2018-01-22 00:00:00+08:00,51.1380141954981,51.911531688042054,50.36449670295414,51.653690338134766,2066300,0.0,0.0
2018-01-23 00:00:00+08:00,51.653689815501004,52.341262370178285,50.708282470703125,50.708282470703125,1981381,0.0,0.0
2018-01-24 00:00:00+08:00,50.364491460005084,51.05206395006288,50.10665341552772,50.53638458251953,1164485,0.0,0.0
2018-01-25 00:00:00+08:00,50.880177574351094,51.73964002230098,50.364498138427734,50.364498138427734,2236266,0.0,0.0
2018-01-26 00:00:00+08:00,50.62233545752759,51.138011573726295,50.10665606274011,50.27854919433594,1362238,0.0,0.0
2018-01-29 00:00:00+08:00,50.53639193286648,50.88017822789793,49.67692947387695,49.67692947387695,1450180,0.0,0.0
2018-01-30 00:00:00+08:00,49.676934917980894,51.05207697021965,49.161258697509766,49.161258697509766,2331625,0.0,0.0
2018-01-31 00:00:00+08:00,49.16124746649799,49.3331405935821,46.41096726891842,46.92664337158203,4246322,0.0,0.0
2018-02-01 00:00:00+08:00,47.012594875175104,47.786109083479,45.981239318847656,45.981239318847656,2268908,0.0,0.0
2018-02-02 00:00:00+08:00,45.55151426869897,47.872063764520384,45.55151426869897,47.35638427734375,2470647,0.0,0.0
2018-02-05 00:00:00+08:00,45.37961346049583,46.75475524935256,44.86393733879257,46.49691390991211,1676019,0.0,0.0
2018-02-06 00:00:00+08:00,43.83258257429084,44.43420691240084,41.85581970214844,41.85581970214844,5172317,0.0,0.0
2018-02-07 00:00:00+08:00,42.28555083228257,43.4028512991163,38.11715621561015,39.44932556152344,4401750,0.0,0.0
2018-02-08 00:00:00+08:00,39.92202872911532,40.566625522550154,36.441206700284965,37.81634521484375,4189623,0.0,0.0
2018-02-09 00:00:00+08:00,37.81634521484375,37.81634521484375,37.81634521484375,37.81634521484375,0,0.0,0.0
2018-02-12 00:00:00+08:00,40.9104090912359,42.715282105565905,39.96500175891223,41.85581970214844,3613200,0.0,0.0
2018-02-21 00:00:00+08:00,42.97312144512654,43.74663894257441,42.71528337217357,42.887176513671875,1996884,0.0,0.0
2018-02-22 00:00:00+08:00,42.62933474725369,44.777990798598914,42.54338981663546,43.66069030761719,1473648,0.0,0.0
2018-02-23 00:00:00+08:00,44.00447976100866,45.37961842161332,44.00447976100866,44.348262786865234,1493319,0.0,0.0
2018-02-26 00:00:00+08:00,44.606100733881384,44.77799059433373,43.316907108955206,43.574745178222656,1366500,0.0,0.0
2018-02-27 00:00:00+08:00,44.348264200479406,44.69205051588345,42.97312549604178,43.74664306640625,1381376,0.0,0.0
2018-03-01 00:00:00+08:00,43.74664129056021,44.69204870165966,43.14501690232004,44.17637252807617,1014500,0.0,0.0
2018-03-02 00:00:00+08:00,43.66069484826059,43.83258800596261,43.145018653743804,43.74664306640625,672017,0.0,0.0
2018-03-05 00:00:00+08:00,43.7466393447756,44.09042235234393,43.05906677246094,43.05906677246094,735019,0.0,0.0
2018-03-06 00:00:00+08:00,43.832585220376124,44.00447836715424,43.230960845947266,43.230960845947266,665258,0.0,0.0
2018-03-07 00:00:00+08:00,43.48879872996372,44.2623162476693,43.059067504258195,43.145015716552734,1232096,0.0,0.0
2018-03-08 00:00:00+08:00,43.40285784150872,44.09042721100287,42.80123341373033,44.00448226928711,1467534,0.0,0.0
2018-03-09 00:00:00+08:00,44.60610106835887,47.70016447994687,44.52015285889929,46.840702056884766,4329046,0.0,0.0
2018-03-12 00:00:00+08:00,46.41097371097479,47.3563811232812,45.121779996781044,46.6688117980957,1974833,0.0,0.0
2018-03-13 00:00:00+08:00,47.18448725889392,49.16125013102959,46.41096978438528,48.989356994628906,2681903,0.0,0.0
2018-03-14 00:00:00+08:00,49.76287529490852,49.76287529490852,48.12989538988747,48.387733459472656,3140252,0.0,0.0
2018-03-15 00:00:00+08:00,48.1299012165314,49.67693309991633,47.700169955669516,49.59098815917969,2045109,0.0,0.0
2018-03-16 00:00:00+08:00,50.36449619336448,52.08342102287984,49.848820055945446,50.708282470703125,4728590,0.0,0.0
2018-03-19 00:00:00+08:00,50.794227600097656,52.25531436663788,50.794227600097656,50.794227600097656,3238900,0.0,0.0
2018-03-20 00:00:00+08:00,50.19260633328408,51.13801367808196,49.93476498598564,50.708282470703125,983946,0.0,0.0
2018-03-21 00:00:00+08:00,50.966125952281295,52.94288906044874,50.966125952281295,52.68505096435547,4652929,0.0,0.0
2018-03-22 00:00:00+08:00,52.42720750598184,53.54450799383416,50.794227600097656,50.794227600097656,3138102,0.0,0.0
2018-03-23 00:00:00+08:00,46.41097287264737,47.87205971139298,45.723403559881525,47.27043533325195,5713000,0.0,0.0
2018-03-26 00:00:00+08:00,47.27043642810353,51.99748007091389,47.27043642810353,51.48180389404297,6245262,0.0,0.0
2018-03-27 00:00:00+08:00,51.73964002230098,52.59910247025087,50.364498138427734,50.364498138427734,3857261,0.0,0.0
2018-03-28 00:00:00+08:00,50.36449784330427,51.13801535336217,48.73152116892176,49.505035400390625,1426500,0.0,0.0
2018-03-29 00:00:00+08:00,49.59098133273686,50.278550599750716,48.989356994628906,48.989356994628906,970471,0.0,0.0
2018-03-30 00:00:00+08:00,48.98935875006482,49.505034899156215,47.27043388164149,48.559627532958984,1735113,0.0,0.0
2018-04-02 00:00:00+08:00,48.73151726729755,48.73151726729755,46.92664431453022,47.09853744506836,1573185,0.0,0.0
2018-04-03 00:00:00+08:00,45.98123702624382,46.41096821340497,44.60609853876362,45.46556091308594,2555400,0.0,0.0
2018-04-09 00:00:00+08:00,45.637457455037,45.80935061081689,44.090425610196455,44.52015686035156,1495928,0.0,0.0
2018-04-10 00:00:00+08:00,44.5201556077728,48.38773675035403,44.34826245682913,46.6688117980957,4760137,0.0,0.0
2018-04-11 00:00:00+08:00,46.58286211592187,47.012593310204196,45.1217753996442,46.49691390991211,1967349,0.0,0.0
2018-04-12 00:00:00+08:00,46.4969114090138,46.58285961040072,45.121772972709536,45.20771789550781,1477291,0.0,0.0
2018-04-13 00:00:00+08:00,45.37961528196139,47.356378199286446,45.37961528196139,46.840702056884766,2883252,0.0,0.0
2018-04-16 00:00:00+08:00,46.58286398568392,48.559626903008976,46.58286398568392,46.840702056884766,2544403,0.0,0.0
2018-04-17 00:00:00+08:00,47.44232450448652,47.958000626189786,45.551506593926526,46.49691390991211,1948100,0.0,0.0
2018-04-18 00:00:00+08:00,46.58286366658775,47.09853980545701,44.43420762365094,45.981239318847656,1802398,0.0,0.0
2018-04-19 00:00:00+08:00,45.89529039224859,46.668804533198994,45.121772972709536,45.20771789550781,1060478,0.0,0.0
2018-04-20 00:00:00+08:00,45.37961306479247,46.926644695001194,44.69204381565402,46.32502365112305,1446000,0.0,0.0
2018-04-23 00:00:00+08:00,46.15313015682603,47.18448566173056,45.207719577918226,45.46556091308594,1273497,0.0,0.0
2018-04-24 00:00:00+08:00,44.94988250732422,45.551506838264345,43.40285085532735,44.94988250732422,1759000,0.0,0.0
2018-04-25 00:00:00+08:00,43.40285891931034,45.121784025025605,43.40285891931034,44.26232147216797,1562180,0.0,0.0
2018-04-26 00:00:00+08:00,44.60610361977365,45.12177979167138,42.629337310791016,42.629337310791016,1974047,0.0,0.0
2018-04-27 00:00:00+08:00,42.67230937777532,43.488796033112145,42.11365750756595,43.40285110473633,1331081,0.0,0.0
2018-04-30 00:00:00+08:00,43.48879958510298,43.48879958510298,41.984740265558656,42.543392181396484,1139089,0.0,0.0
2018-05-02 00:00:00+08:00,42.19960505284714,44.2623162476693,42.1566325859944,43.145015716552734,931200,0.0,0.0
2018-05-03 00:00:00+08:00,43.14501562395562,43.31690876958673,42.32852564114964,42.371498107910156,555242,0.0,0.0
2018-05-04 00:00:00+08:00,42.543387718920435,45.55150604248047,42.543387718920435,45.55150604248047,1597116,0.0,0.0
2018-05-07 00:00:00+08:00,45.55150956373948,45.55150956373948,44.60610218611635,44.692047119140625,1606087,0.0,0.0
2018-05-08 00:00:00+08:00,44.69205182902095,45.465569422112836,44.004482456600044,44.09042739868164,1341000,0.0,0.0
2018-05-09 00:00:00+08:00,44.26231549542259,44.69204671382475,43.05906677246094,43.05906677246094,1671400,0.0,0.0
2018-05-10 00:00:00+08:00,43.40284815178103,43.66068619795507,42.54338581214181,42.84419631958008,1632171,0.0,0.0
2018-05-11 00:00:00+08:00,43.23096159879524,44.176372283244234,42.58636474609375,42.58636474609375,1110514,0.0,0.0
2018-05-14 00:00:00+08:00,42.28555738625308,44.17637561935261,41.68393295591377,44.09042739868164,1846928,0.0,0.0
2018-05-15 00:00:00+08:00,43.40285647645289,43.4888014154656,41.85582462409915,42.11366271972656,2319358,0.0,0.0
2018-05-16 00:00:00+08:00,41.340139363588136,42.543388012758236,40.99635637710297,41.68392562866211,1401970,0.0,0.0
2018-05-17 00:00:00+08:00,41.855820393691005,41.94176532401718,40.22284048878214,40.48067855834961,1543517,0.0,0.0
2018-05-18 00:00:00+08:00,40.05094734954085,41.25419604564095,40.05094734954085,40.48067855834961,1250030,0.0,0.0
2018-05-21 00:00:00+08:00,41.168253958558815,41.211226426689755,40.26581573486328,40.26581573486328,1075291,0.0,0.0
2018-05-22 00:00:00+08:00,40.39473404996246,40.738520332036025,38.67580919677257,39.7071647644043,1764300,0.0,0.0
2018-05-23 00:00:00+08:00,39.8790577979835,41.5979826465416,39.7071646574099,41.34014129638672,1044892,0.0,0.0
2018-05-24 00:00:00+08:00,41.3831169586992,42.32852431210245,40.781492607174876,42.027713775634766,884880,0.0,0.0
2018-05-25 00:00:00+08:00,42.11365838375662,42.543389591754135,41.168251037597656,41.168251037597656,762200,0.0,0.0
2018-05-28 00:00:00+08:00,41.168247509393304,45.20771789550781,41.168247509393304,45.20771789550781,3469202,0.0,0.0
2018-05-29 00:00:00+08:00,45.12177690167293,47.614219222915196,44.34825941478011,45.981239318847656,5358359,0.0,0.0
2018-05-30 00:00:00+08:00,45.465567858260265,47.0125997126423,44.34826397809448,46.15313720703125,2475161,0.0,0.0
2018-05-31 00:00:00+08:00,46.49691659748346,48.645572693089704,45.72340237021862,46.239078521728516,3605733,0.0,0.0
2018-06-01 00:00:00+08:00,46.239077588137874,46.66880879858263,45.465563376490685,46.06718444824219,1354015,0.0,0.0
2018-06-04 00:00:00+08:00,46.32503292773966,50.192614417041476,46.32503292773966,49.161258697509766,6831162,0.0,0.0
2018-06-05 00:00:00+08:00,49.16125422311748,50.02071669807202,48.55962983493147,49.84882354736328,3712889,0.0,0.0
2018-06-06 00:00:00+08:00,50.88017969217617,51.5677490234375,49.50503775106432,51.5677490234375,5144500,0.0,0.0
2018-06-07 00:00:00+08:00,51.30991225425514,51.567750350288726,49.24720092880788,49.41909408569336,3783581,0.0,0.0
2018-06-08 00:00:00+08:00,49.4190893485906,52.68504590199706,49.4190893485906,51.653690338134766,8087550,0.0,0.0
2018-06-11 00:00:00+08:00,51.8255859881646,53.45856598323833,50.53639229055558,51.30990982055664,7577600,0.0,0.0
2018-06-12 00:00:00+08:00,52.85694245261547,56.3807373046875,52.51315614961808,56.3807373046875,21700427,0.0,0.0
2018-06-13 00:00:00+08:00,56.29478476477451,56.29478476477451,51.567741769259094,52.42720413208008,15204105,0.0,0.0
2018-06-14 00:00:00+08:00,52.25531835469883,53.63046029581067,51.13801778157552,51.5677490234375,3821214,0.0,0.0
2018-06-15 00:00:00+08:00,52.68505009944455,55.95100691305162,52.42721200758411,53.28667449951172,13552890,0.0,0.0
2018-06-19 00:00:00+08:00,53.286670577331215,53.63045686023346,48.98935843399805,50.106658935546875,9104544,0.0,0.0
2018-06-20 00:00:00+08:00,51.13801550547717,51.30990865028902,46.49691698850245,47.8720588684082,4651916,0.0,0.0
2018-06-21 00:00:00+08:00,48.90341606684541,49.848823476516095,48.129898529050024,49.0753059387207,2546464,0.0,0.0
2018-06-22 00:00:00+08:00,49.333146457434594,51.052071375413654,47.700166473918856,49.67692947387695,3533000,0.0,0.0
2018-06-25 00:00:00+08:00,49.24719908918514,50.96612403665121,49.0753059387207,49.0753059387207,1886133,0.0,0.0
2018-06-26 00:00:00+08:00,48.731524262301726,48.903417417513694,45.98124361467791,47.70016860961914,3124364,0.0,0.0
2018-06-27 00:00:00+08:00,48.3877307968513,48.98935511183723,46.84069918587945,47.01259231567383,1210750,0.0,0.0
2018-06-28 00:00:00+08:00,46.840701736022375,47.528271014044364,45.981239318847656,45.981239318847656,1704650,0.0,0.0
2018-06-29 00:00:00+08:00,46.41097402863181,48.989361474666914,46.15313593974614,48.30179214477539,2213257,0.0,0.0
2018-07-02 00:00:00+08:00,48.98935813686373,51.99747661895185,48.817464996455186,51.653690338134766,6482762,0.0,0.0
2018-07-03 00:00:00+08:00,51.48180457789943,54.575868237403135,50.966125115589335,53.28667449951172,10362019,0.0,0.0
2018-07-04 00:00:00+08:00,53.28666649490106,53.71639767631155,51.481796844412486,52.42720413208008,4337128,0.0,0.0
2018-07-05 00:00:00+08:00,52.59909827440766,54.318023033188375,50.27854919433594,50.27854919433594,6062024,0.0,0.0
2018-07-06 00:00:00+08:00,50.96612352309192,53.11477968577361,46.582866262656914,51.30990982055664,7327599,0.0,0.0
2018-07-09 00:00:00+08:00,52.685044607954104,53.716400146484375,51.82558220561035,53.716400146484375,8075422,0.0,0.0
2018-07-10 00:00:00+08:00,55.005594407981945,55.005594407981945,48.903412589782015,49.93476486206055,12585256,0.0,0.0
2018-07-11 00:00:00+08:00,48.64557651900332,50.88018100133606,48.64557651900332,49.41909408569336,2865000,0.0,0.0
2018-07-12 00:00:00+08:00,49.41909046753487,50.27855291044852,49.33314553467912,49.505035400390625,1598001,0.0,0.0
2018-07-13 00:00:00+08:00,49.934770085194046,50.364501336455916,49.24720073889289,49.33314895629883,1807341,0.0,0.0
2018-07-16 00:00:00+08:00,49.67692575071268,52.856937266357654,49.07530141879246,52.08341979980469,6309100,0.0,0.0
2018-07-17 00:00:00+08:00,51.22395985367939,51.73963928222656,49.93476620019495,51.73963928222656,3877425,0.0,0.0
2018-07-18 00:00:00+08:00,51.65368496098053,52.599095495515684,49.93476029301327,50.53638458251953,3251292,0.0,0.0
2018-07-19 00:00:00+08:00,50.70828543928794,51.91153420182533,50.2785542067516,51.30990982055664,1933901,0.0,0.0
2018-07-20 00:00:00+08:00,51.73963991894437,53.372616599633645,51.05207061767578,51.05207061767578,5890708,0.0,0.0
2018-07-23 00:00:00+08:00,50.96612688250199,51.05207510182797,49.33315005838042,49.59098815917969,2645398,0.0,0.0
2018-07-24 00:00:00+08:00,50.4504444019936,51.30990681675128,50.19260633328408,50.708282470703125,1609129,0.0,0.0
2018-07-25 00:00:00+08:00,51.13801208046384,52.6850437229786,50.36449461991205,51.911529541015625,3119513,0.0,0.0
2018-07-26 00:00:00+08:00,51.73964040453545,52.685047792829046,51.653692191952075,51.99747848510742,1968524,0.0,0.0
2018-07-27 00:00:00+08:00,51.73963489754104,53.200721570054455,51.567741769259094,52.42720413208008,2765551,0.0,0.0
2018-07-30 00:00:00+08:00,52.51315223025868,52.5991004388878,49.59098198723592,50.708282470703125,2785050,0.0,0.0
2018-07-31 00:00:00+08:00,50.27854653804217,51.825578083494975,50.10665341552772,50.53638458251953,1212200,0.0,0.0
2018-08-01 00:00:00+08:00,51.3958541113801,53.54451024712834,50.88017795023615,51.99747848510742,5922280,0.0,0.0
2018-08-02 00:00:00+08:00,51.82558798649371,51.9115362034685,50.27855614542913,50.96612548828125,2530280,0.0,0.0
2018-08-03 00:00:00+08:00,51.48179982765617,51.7396378957258,49.59098186416401,49.93476486206055,2432212,0.0,0.0
2018-08-06 00:00:00+08:00,50.02071992062095,50.53639612738008,47.184494226267,48.0439567565918,6145651,0.0,0.0
2018-08-07 00:00:00+08:00,47.61421754661269,49.3331423204458,46.66880695385119,48.81746292114258,2267089,0.0,0.0
2018-08-08 00:00:00+08:00,48.903411929676274,49.41908805885487,48.21583938598633,48.21583938598633,1180299,0.0,0.0
2018-08-09 00:00:00+08:00,48.47368240356445,48.903413618920204,47.70016490448851,48.47368240356445,657000,0.0,0.0
2018-08-10 00:00:00+08:00,47.958003997802734,49.16125273782131,47.872059064339574,47.958003997802734,1608000,0.0,0.0
2018-08-13 00:00:00+08:00,47.8720638648807,47.8720638648807,43.230964863508156,44.09042739868164,5057360,0.0,0.0
2018-08-14 00:00:00+08:00,44.09041914701697,46.06718195224054,44.09041914701697,45.46556091308594,4027650,0.0,0.0
2018-08-15 00:00:00+08:00,45.3796108119162,45.55150393531436,44.26231042771112,45.12177276611328,1340046,0.0,0.0
2018-08-16 00:00:00+08:00,44.26231681323411,45.37961735862705,42.88717818484111,44.86394119262695,1681000,0.0,0.0
2018-08-17 00:00:00+08:00,45.465561270052774,47.27043095886482,45.12177500618915,46.32502365112305,2426049,0.0,0.0
2018-08-20 00:00:00+08:00,45.723399173830224,45.895292305179986,44.949881722050705,45.55150604248047,1169042,0.0,0.0
2018-08-21 00:00:00+08:00,46.15313086835551,47.27043131648187,45.723399674569315,47.184486389160156,1749433,0.0,0.0
2018-08-22 00:00:00+08:00,46.582867831681014,49.50503834420044,46.582867831681014,47.61422348022461,4437399,0.0,0.0
2018-08-23 00:00:00+08:00,47.01259391629989,47.78610810882708,45.80934524536133,45.80934524536133,1843000,0.0,0.0
2018-08-24 00:00:00+08:00,45.63745304054219,46.153132458000385,44.34825941478011,45.981239318847656,1418020,0.0,0.0
2018-08-27 00:00:00+08:00,46.66881490636428,47.52827743973596,46.06719047728623,47.35638427734375,1393101,0.0,0.0
2018-08-28 00:00:00+08:00,47.95800222263173,48.38773343121909,45.981239318847656,45.981239318847656,1527000,0.0,0.0
2018-08-29 00:00:00+08:00,47.27043533325195,47.9580046460178,46.66881095511093,47.27043533325195,1318500,0.0,0.0
2018-08-30 00:00:00+08:00,47.27043185915266,48.55962545531136,47.09853872394706,48.1298942565918,1123118,0.0,0.0
2018-08-31 00:00:00+08:00,47.27043388164149,48.90341381807925,47.01259580709579,48.559627532958984,1339204,0.0,0.0
2018-09-03 00:00:00+08:00,48.903417417513694,49.161255511037034,47.61422367130777,47.70016860961914,1244000,0.0,0.0
2018-09-04 00:00:00+08:00,47.528272715910916,50.794229362402675,47.528272715910916,50.364498138427734,4722451,0.0,0.0
2018-09-05 00:00:00+08:00,49.50503756599639,51.739641982478425,49.50503756599639,51.48180389404297,5375939,0.0,0.0
2018-09-06 00:00:00+08:00,50.70828589274113,52.942887010477115,50.10666150609247,52.25531768798828,5274927,0.0,0.0
2018-09-07 00:00:00+08:00,51.567746435829285,53.3726162496477,50.79422892785623,52.59910202026367,6676168,0.0,0.0
2018-09-10 00:00:00+08:00,51.48180706039931,52.16937643137878,47.35638427734375,47.35638427734375,5679349,0.0,0.0
2018-09-11 00:00:00+08:00,46.41097287264737,47.52827341571551,44.520154803599475,47.27043533325195,4602301,0.0,0.0
2018-09-12 00:00:00+08:00,46.582861551990234,46.926644536100966,44.949881722050705,45.55150604248047,2307782,0.0,0.0
2018-09-13 00:00:00+08:00,45.98124543605379,46.75476302585306,43.83258910726623,44.00448226928711,2159216,0.0,0.0
2018-09-14 00:00:00+08:00,44.52015713493454,46.49692024212211,44.52015713493454,46.15313720703125,1621949,0.0,0.0
2018-09-17 00:00:00+08:00,45.895293452479144,45.981238381008104,45.03583105283413,45.80934524536133,553278,0.0,0.0
2018-09-18 00:00:00+08:00,45.72340680413141,46.0671898456125,44.26231986171612,44.77799606323242,945403,0.0,0.0
2018-09-19 00:00:00+08:00,45.12177834144005,46.06718571906318,44.520153974503046,44.692047119140625,630000,0.0,0.0
2018-09-20 00:00:00+08:00,45.12178177084387,45.12178177084387,43.4028567510022,43.74664306640625,1606209,0.0,0.0
2018-09-21 00:00:00+08:00,44.86394428254469,45.12178238330284,44.09042670168091,44.77799606323242,681784,0.0,0.0
2018-09-25 00:00:00+08:00,44.77798859070094,46.41096842064047,44.77798859070094,45.55150604248047,940024,0.0,0.0
2018-09-26 00:00:00+08:00,45.29366588951144,45.89529018211067,44.94987964271512,45.12177276611328,360050,0.0,0.0
2018-09-27 00:00:00+08:00,44.86393791718736,45.895293452479144,44.69204478154059,45.80934524536133,655250,0.0,0.0
2018-09-28 00:00:00+08:00,45.809344100210716,47.09853766745073,45.55150604248047,45.55150604248047,1045300,0.0,0.0
2018-10-01 00:00:00+08:00,45.98124512297047,45.98124512297047,44.863944495326436,45.63745880126953,460300,0.0,0.0
2018-10-02 00:00:00+08:00,45.63745210971455,46.06718330953706,45.207720909892046,45.80934524536133,337305,0.0,0.0
2018-10-03 00:00:00+08:00,46.23907738828228,46.75475680574048,45.72340124941302,45.981239318847656,671000,0.0,0.0
2018-10-04 00:00:00+08:00,45.98124657788323,45.98124657788323,44.00448336202857,44.26232147216797,1209200,0.0,0.0
2018-10-05 00:00:00+08:00,43.832587325556645,43.832587325556645,39.92203362183758,40.43770980834961,4721275,0.0,0.0
2018-10-08 00:00:00+08:00,39.53526634521372,42.371491318609166,37.38661056558254,38.63283157348633,3591597,0.0,0.0
2018-10-09 00:00:00+08:00,39.14851229800916,39.19148476298701,35.32390390037952,35.624717712402344,3248533,0.0,0.0
2018-10-11 00:00:00+08:00,32.31578724626965,32.530652861679926,32.100921630859375,32.100921630859375,2531000,0.0,0.0
2018-10-12 00:00:00+08:00,30.94064818150663,34.33552551269531,30.381996277904918,34.33552551269531,2604317,0.0,0.0
2018-10-15 00:00:00+08:00,34.378496845779445,35.28093173226337,33.64795509924221,34.07768630981445,1268000,0.0,0.0
2018-10-16 00:00:00+08:00,34.249579602712366,35.58174911183045,34.249579602712366,34.8941764831543,537000,0.0,0.0
2018-10-17 00:00:00+08:00,35.66769490995758,36.18337111529231,35.49580174864955,35.79661560058594,1587171,0.0,0.0
2018-10-18 00:00:00+08:00,35.83958916650001,36.44121361016868,35.28093719482422,35.28093719482422,521008,0.0,0.0
2018-10-19 00:00:00+08:00,33.94876704413462,34.593363886744775,32.05794898342703,34.46444320678711,1257000,0.0,0.0
2018-10-22 00:00:00+08:00,36.18336965523949,37.343645988307784,34.894175915334195,37.128780364990234,1464100,0.0,0.0
2018-10-23 00:00:00+08:00,36.269314624238355,37.128777040554006,35.66769027709961,35.66769027709961,934500,0.0,0.0
2018-10-24 00:00:00+08:00,36.09742168637135,36.52715289692339,34.335524378825774,35.75363540649414,967003,0.0,0.0
2018-10-25 00:00:00+08:00,33.26119395400412,34.808225544718304,33.26119395400412,34.42146682739258,678100,0.0,0.0
2018-10-26 00:00:00+08:00,34.42147416786704,35.49580234588155,33.519039154052734,33.519039154052734,973266,0.0,0.0
2018-10-29 00:00:00+08:00,33.604978390618804,34.16363025976113,32.53065039502883,33.17524719238281,809100,0.0,0.0
2018-10-30 00:00:00+08:00,32.83146584655759,33.73390075236811,32.48767955930167,33.43309020996094,585501,0.0,0.0
2018-10-31 00:00:00+08:00,34.894172368096875,35.49579670794452,34.335523771415325,34.765254974365234,748380,0.0,0.0
2018-11-01 00:00:00+08:00,35.23796081542969,36.26931642184301,34.9371502662458,35.23796081542969,939027,0.0,0.0
2018-11-02 00:00:00+08:00,36.14039678487461,36.91391433166184,34.85120305928867,35.45282745361328,1346400,0.0,0.0
2018-11-05 00:00:00+08:00,35.23795828004885,36.35525874052775,35.23795828004885,36.26931381225586,842286,0.0,0.0
2018-11-06 00:00:00+08:00,36.699048511023726,36.87094166255096,35.323906577395064,35.36688232421875,574000,0.0,0.0
2018-11-07 00:00:00+08:00,35.45282387931744,36.742017474928986,35.32390320832074,36.26931381225586,838194,0.0,0.0
2018-11-08 00:00:00+08:00,36.870941521026154,39.10554264653537,36.699048370158714,37.77337646484375,2741000,0.0,0.0
2018-11-09 00:00:00+08:00,37.51553288755936,38.589860825019954,37.171746636136504,38.203102111816406,776000,0.0,0.0
2018-11-12 00:00:00+08:00,38.07418459919295,38.24607773913155,35.75363540649414,35.75363540649414,1290004,0.0,0.0
2018-11-13 00:00:00+08:00,32.22984079140299,35.75363540649414,32.22984079140299,35.75363540649414,2045300,0.0,0.0
2018-11-14 00:00:00+08:00,36.097424218308824,36.3122898386559,35.23796173692052,35.409854888916016,461000,0.0,0.0
2018-11-15 00:00:00+08:00,35.75364094392479,36.01148233306098,35.066071556270366,35.28093719482422,392000,0.0,0.0
2018-11-16 00:00:00+08:00,35.88255320339209,36.48417750563377,35.66768761534782,35.9255256652832,551100,0.0,0.0
2018-11-19 00:00:00+08:00,36.398234373336216,37.17175190947776,35.92553066951155,36.956886291503906,617000,0.0,0.0
2018-11-20 00:00:00+08:00,36.78499314140699,37.17175190947776,36.35526190545927,36.956886291503906,347000,0.0,0.0
2018-11-21 00:00:00+08:00,36.52715332206638,37.38661575317383,36.312287714289525,37.38661575317383,367146,0.0,0.0
2018-11-22 00:00:00+08:00,37.81634848458427,38.54689026887354,36.0974235534668,36.0974235534668,964000,0.0,0.0
2018-11-23 00:00:00+08:00,36.097422722981136,36.699047090748635,35.79661217839191,35.968502044677734,460300,0.0,0.0
2018-11-26 00:00:00+08:00,36.61309999131007,37.47256246320551,36.26931696970538,36.956886291503906,562200,0.0,0.0
2018-11-27 00:00:00+08:00,37.04283142089844,37.34364525478782,36.31228962740408,37.04283142089844,616200,0.0,0.0
2018-11-28 00:00:00+08:00,37.25769619473647,37.773375636023786,37.12877879335645,37.64445495605469,731299,0.0,0.0
2018-11-29 00:00:00+08:00,38.2890529941845,40.050950430100784,38.2890529941845,38.675811767578125,1767902,0.0,0.0
2018-11-30 00:00:00+08:00,38.93364726903326,40.222840908925676,38.84770233780935,39.7071647644043,1382180,0.0,0.0
2018-12-03 00:00:00+08:00,40.91041144362396,41.68392896261323,40.69554583041461,40.738521575927734,1185043,0.0,0.0
2018-12-04 00:00:00+08:00,40.738520842726246,41.08230385052044,40.222841413151436,40.65257263183594,659100,0.0,0.0
2018-12-05 00:00:00+08:00,39.27743345298767,40.308789018042965,39.19148524338951,39.66419219970703,637099,0.0,0.0
2018-12-06 00:00:00+08:00,39.66419379958745,39.9220318816041,37.68742752075195,37.68742752075195,660000,0.0,0.0
2018-12-07 00:00:00+08:00,37.859321940299616,38.933650050288755,37.859321940299616,38.761756896972656,334100,0.0,0.0
2018-12-10 00:00:00+08:00,37.773379370143104,38.3320280551937,37.38662057059152,37.60148620605469,487000,0.0,0.0
2018-12-11 00:00:00+08:00,37.90229688574858,38.76175942990242,37.81635194276896,38.41797637939453,304500,0.0,0.0
2018-12-12 00:00:00+08:00,39.0196000086474,39.535276213033846,38.933651788856764,39.06257247924805,666051,0.0,0.0
2018-12-13 00:00:00+08:00,39.53527469710392,40.05095088171741,39.148515919349194,39.621219635009766,509100,0.0,0.0
2018-12-14 00:00:00+08:00,39.535271524604255,40.35176148354757,39.23446098748307,39.66419219970703,747050,0.0,0.0
2018-12-17 00:00:00+08:00,39.44932864619908,40.26581536903639,39.363380432128906,39.363380432128906,449000,0.0,0.0
2018-12-18 00:00:00+08:00,39.0195940207252,39.44932521796407,38.41796968887301,38.58986282348633,310679,0.0,0.0
2018-12-19 00:00:00+08:00,38.8477069597314,42.41447448730469,38.8477069597314,42.41447448730469,5037987,0.0,0.0
2018-12-20 00:00:00+08:00,42.586358407096704,46.067180237845136,42.37149282151237,45.20771789550781,11440035,0.0,0.0
2018-12-21 00:00:00+08:00,45.20772214163118,46.840702056884766,44.348259718569075,46.840702056884766,7501705,0.0,0.0
2018-12-24 00:00:00+08:00,46.92664669370471,48.387733459472656,46.92664669370471,48.387733459472656,2838001,0.0,0.0
2018-12-25 00:00:00+08:00,47.270437821098,49.76288039946433,47.01259972506441,49.41909408569336,5531267,0.0,0.0
2018-12-26 00:00:00+08:00,50.278556591531505,51.30991225425514,48.21584526608425,49.41909408569336,5986867,0.0,0.0
2018-12-27 00:00:00+08:00,50.70828296066424,51.22395910306592,46.840702056884766,46.840702056884766,8534070,0.0,0.0
2018-12-28 00:00:00+08:00,47.95800670314247,48.21584479666581,47.27043736088383,47.70016860961914,4800190,0.0,0.0
2019-01-02 00:00:00+08:00,48.04395220985495,48.90341465884278,47.44232783984567,47.958003997802734,2433180,0.0,0.0
2019-01-03 00:00:00+08:00,47.87206223090256,50.278556591531505,47.52827591713159,49.41909408569336,4320650,0.0,0.0
2019-01-04 00:00:00+08:00,48.903411865234375,48.903411865234375,46.92664572261395,48.903411865234375,2957500,0.0,0.0
2019-01-07 00:00:00+08:00,49.4190888485666,51.05206874804176,48.81746450251844,50.708282470703125,5125655,0.0,0.0
2019-01-08 00:00:00+08:00,50.45044232593176,51.05206664722277,49.848818004640755,50.27854919433594,2867114,0.0,0.0
2019-01-09 00:00:00+08:00,51.13801725979509,52.25531782151816,49.59098546059475,49.84882354736328,4714000,0.0,0.0
2019-01-10 00:00:00+08:00,50.020710934040416,51.05206644085761,49.161248558124214,50.192604064941406,1949000,0.0,0.0
2019-01-11 00:00:00+08:00,51.30990661468926,51.82558275007753,49.84881985963728,50.622337341308594,3502913,0.0,0.0
2019-01-14 00:00:00+08:00,51.138015550863464,51.22396048405115,49.84882188151396,51.05207061767578,1962100,0.0,0.0
2019-01-15 00:00:00+08:00,51.39585547192367,53.54451166455082,50.70828614600081,53.11478042602539,10148108,0.0,0.0
2019-01-16 00:00:00+08:00,53.28666920584295,56.29478762875344,52.94288293178905,55.26343536376953,14530880,0.0,0.0
2019-01-17 00:00:00+08:00,55.2634397624482,56.12290223740274,49.762878611303485,49.84882354736328,11090851,0.0,0.0
2019-01-18 00:00:00+08:00,49.76288041098294,53.37262031346728,48.989362844113856,52.68505096435547,8707098,0.0,0.0
2019-01-21 00:00:00+08:00,52.169369231508966,52.685045368928,50.4504444019936,50.708282470703125,4093758,0.0,0.0
2019-01-22 00:00:00+08:00,50.36449964932026,51.052072251178004,48.731522916380975,49.0753059387207,3257205,0.0,0.0
2019-01-23 00:00:00+08:00,48.645570852949824,49.934764461546614,48.30178785781068,49.762874603271484,1283015,0.0,0.0
2019-01-24 00:00:00+08:00,49.84882262139268,51.052071375413654,49.24719824438219,49.67692947387695,1691000,0.0,0.0
2019-01-25 00:00:00+08:00,50.53639027011867,50.53639027011867,48.21584105147981,48.47368240356445,2491213,0.0,0.0
2019-01-28 00:00:00+08:00,48.903412589782015,50.278551138546,48.64557124312347,49.93476486206055,2567987,0.0,0.0
2019-01-29 00:00:00+08:00,49.762873427139716,51.73963625788343,49.59098029433835,51.13801193237305,4816000,0.0,0.0
2019-01-30 00:00:00+08:00,51.56774989274782,51.9115362034685,50.8801805498957,50.96612548828125,2030355,0.0,0.0
2019-02-11 00:00:00+08:00,51.911530412998054,54.57586254882813,50.794226667080075,53.716400146484375,4401394,0.0,0.0
2019-02-12 00:00:00+08:00,53.71640330107012,53.71640330107012,50.96612279633752,51.223960876464844,5000630,0.0,0.0
2019-02-13 00:00:00+08:00,51.138010403374075,51.825579635432796,49.419085683932934,50.02070999145508,4609612,0.0,0.0
2019-02-14 00:00:00+08:00,49.590987936622845,52.8569448487982,49.505039717682585,52.770999908447266,5846011,0.0,0.0
2019-02-15 00:00:00+08:00,52.51315694534119,53.71640574547553,51.73964266975987,53.28667449951172,4653420,0.0,0.0
2019-02-18 00:00:00+08:00,53.7164012789441,54.31802562898606,52.77099392787026,53.974239349365234,4270680,0.0,0.0
2019-02-19 00:00:00+08:00,53.974241399180684,55.34938329129969,53.286672092415714,54.40397262573242,3963700,0.0,0.0
2019-02-20 00:00:00+08:00,54.91965126559379,55.693168773566846,52.2553157325892,52.59910202026367,2909557,0.0,0.0
2019-02-21 00:00:00+08:00,53.02883548975597,53.88829796680683,52.599104251230536,53.11478042602539,2001928,0.0,0.0
2019-02-22 00:00:00+08:00,53.28667253624665,54.06019006191813,52.513155010575176,53.63045883178711,2012273,0.0,0.0
2019-02-25 00:00:00+08:00,54.31803014554269,54.31803014554269,52.94288819130499,53.28667449951172,1236022,0.0,0.0
2019-02-26 00:00:00+08:00,53.458567653615084,53.88829889957889,52.94288819130499,53.28667449951172,813354,0.0,0.0
2019-02-27 00:00:00+08:00,53.2866744442373,53.45856759816236,52.169373861608236,52.51315689086914,1567100,0.0,0.0
2019-03-04 00:00:00+08:00,52.59910109269197,55.95100258475753,52.59910109269197,54.833702087402344,5525298,0.0,0.0
2019-03-05 00:00:00+08:00,54.833706578498266,58.01371846880232,54.14613723754883,54.14613723754883,13413644,0.0,0.0
2019-03-06 00:00:00+08:00,55.091535962108864,56.552625908350194,55.00559103754818,55.60721206665039,5996424,0.0,0.0
2019-03-07 00:00:00+08:00,55.95100402114543,58.35750149703091,55.95100402114543,57.41209411621094,12394806,0.0,0.0
2019-03-08 00:00:00+08:00,56.72451883202637,57.06830510608027,55.26343536376953,55.26343536376953,4062455,0.0,0.0
2019-03-11 00:00:00+08:00,55.263435762879155,56.03694668861446,54.7477563480741,55.435325622558594,2703100,0.0,0.0
2019-03-12 00:00:00+08:00,56.12290360083866,56.552634848755716,53.888299144516445,54.14613723754883,5432780,0.0,0.0
2019-03-13 00:00:00+08:00,54.23208217569655,54.57586848546588,53.37261967986244,54.14613723754883,2579080,0.0,0.0
2019-03-14 00:00:00+08:00,54.66181195599376,54.919653320692575,51.739641515768945,52.25531768798828,3852879,0.0,0.0
2019-03-15 00:00:00+08:00,51.73963822719495,52.5991006453258,50.62233773934263,50.794227600097656,3779464,0.0,0.0
2019-03-18 00:00:00+08:00,50.880177472711374,52.169371142060875,50.450446249594876,51.05207061767578,3586856,0.0,0.0
2019-03-19 00:00:00+08:00,51.13801208046384,52.08341939572596,50.79422581386553,51.911529541015625,1898800,0.0,0.0
2019-03-20 00:00:00+08:00,52.08342407196858,52.169372285629315,50.96612352309192,51.30990982055664,1287605,0.0,0.0
2019-03-21 00:00:00+08:00,51.5677490234375,52.1693734177621,50.88017969217617,51.5677490234375,1011302,0.0,0.0
2019-03-22 00:00:00+08:00,51.48180457789943,53.372619437268796,51.395856361553136,53.28667449951172,2659760,0.0,0.0
2019-03-25 00:00:00+08:00,51.8255859881646,51.997479136896956,51.13801667182428,51.30990982055664,2788201,0.0,0.0
2019-03-26 00:00:00+08:00,51.99747799709646,51.99747799709646,51.05207061767578,51.05207061767578,1018627,0.0,0.0
2019-03-27 00:00:00+08:00,51.05207510182797,51.567751303426505,48.73152563745591,49.59098815917969,2779725,0.0,0.0
2019-03-28 00:00:00+08:00,49.848818004640755,51.05206664722277,48.30178637745587,50.27854919433594,1874410,0.0,0.0
2019-03-29 00:00:00+08:00,50.27855267726908,52.34126384213111,50.27855267726908,51.825584411621094,2582664,0.0,0.0
2019-04-01 00:00:00+08:00,51.567746335660594,52.85693999405211,50.79422882919008,51.825584411621094,2713849,0.0,0.0
2019-04-02 00:00:00+08:00,52.083425007529314,52.25531815934934,51.48180389404297,51.48180389404297,874516,0.0,0.0
2019-04-03 00:00:00+08:00,51.73963991894437,51.91153306390878,50.96612240589906,51.05207061767578,828569,0.0,0.0
2019-04-08 00:00:00+08:00,51.481797628815706,51.567742554971815,50.106655860196526,50.192604064941406,1621769,0.0,0.0
2019-04-09 00:00:00+08:00,50.450446350376154,50.966122507710466,49.93476691445279,50.364498138427734,937849,0.0,0.0
2019-04-10 00:00:00+08:00,50.53639287160908,50.53639287160908,49.67693039665454,49.84882354736328,1238682,0.0,0.0
2019-04-11 00:00:00+08:00,50.88018035888672,51.997480946650626,50.62234226610878,50.88018035888672,2519372,0.0,0.0
2019-04-12 00:00:00+08:00,51.052065478837505,51.22395532791065,50.02070999145508,50.02070999145508,844171,0.0,0.0
2019-04-15 00:00:00+08:00,50.70828442904331,50.880177574351094,50.10666005976058,50.364498138427734,738150,0.0,0.0
2019-04-16 00:00:00+08:00,50.79423108227023,53.54451166455082,50.3644998437448,53.11478042602539,3478306,0.0,0.0
2019-04-17 00:00:00+08:00,53.20072864088397,54.48992235646026,53.11478042602539,53.11478042602539,3085114,0.0,0.0
2019-04-18 00:00:00+08:00,52.85693801355833,54.57586282700738,51.56774440347154,52.169368743896484,2627400,0.0,0.0
2019-04-19 00:00:00+08:00,53.02883621663301,53.37261924501216,52.3412668812855,53.20072937011719,1458515,0.0,0.0
2019-04-22 00:00:00+08:00,53.80234239090037,54.14612864612075,52.34125900268555,52.34125900268555,965885,0.0,0.0
2019-04-23 00:00:00+08:00,52.34126864951394,53.6304624263139,51.05207487271399,52.770999908447266,1672588,0.0,0.0
2019-04-24 00:00:00+08:00,53.37261413506198,55.95100135469954,52.856938002570026,55.26343536376953,6945844,0.0,0.0
2019-04-25 00:00:00+08:00,54.40396612585187,55.77910785367666,54.06018315283718,55.3493766784668,3556083,0.0,0.0
2019-04-26 00:00:00+08:00,55.349382249960954,55.60721704673423,53.71640230835147,54.91965103149414,2641678,0.0,0.0
2019-04-29 00:00:00+08:00,55.43532916692298,56.29479163462722,54.06019053003186,54.57586669921875,3171100,0.0,0.0
2019-04-30 00:00:00+08:00,52.68504602380045,54.833702087402344,51.99747673916565,54.833702087402344,3236573,0.0,0.0
2019-05-02 00:00:00+08:00,55.43532625356114,58.873175943704474,55.09153997311123,57.15425109863281,9323469,0.0,0.0
2019-05-03 00:00:00+08:00,57.154252289034794,60.6780469833893,56.294789848598185,60.59210205078125,11136705,0.0,0.0
2019-05-06 00:00:00+08:00,58.7012902612177,60.334263734550525,57.84182777749374,58.01371765136719,5926620,0.0,0.0
2019-05-07 00:00:00+08:00,59.04506564113641,62.56886680947597,58.443444569905594,61.88129425048828,8557156,0.0,0.0
2019-05-08 00:00:00+08:00,61.88129581057559,63.77211055969418,59.38885341788068,59.9045295715332,11659636,0.0,0.0
2019-05-09 00:00:00+08:00,60.24831584284026,61.19372321713509,55.435327481466395,55.77911376953125,8008650,0.0,0.0
2019-05-10 00:00:00+08:00,56.724523607684894,57.58398608658921,54.66181234687887,56.3807373046875,4346413,0.0,0.0
2019-05-13 00:00:00+08:00,56.38073296515116,57.240195377904,55.00559441618217,55.435325622558594,2833445,0.0,0.0
2019-05-14 00:00:00+08:00,53.71640331896745,55.69316958397671,53.1147789460772,54.40397262573242,3862831,0.0,0.0
2019-05-15 00:00:00+08:00,54.747758760370175,56.638576807457454,54.747758760370175,56.036949157714844,3607481,0.0,0.0
2019-05-16 00:00:00+08:00,55.865057270439394,58.18560318034034,55.17748471193206,57.06830596923828,4754391,0.0,0.0
2019-05-17 00:00:00+08:00,58.01371657003568,58.44344780388779,54.57586669921875,54.57586669921875,5706758,0.0,0.0
2019-05-20 00:00:00+08:00,54.833707216755826,54.9196554344932,49.16125598965977,49.41909408569336,7738902,0.0,0.0
2019-05-21 00:00:00+08:00,48.98936239811043,50.96612548828125,47.270437401685506,50.96612548828125,4960000,0.0,0.0
2019-05-22 00:00:00+08:00,50.450446350376154,52.341264391583714,50.02071512640121,50.364498138427734,2834507,0.0,0.0
2019-05-23 00:00:00+08:00,49.41908420405854,51.481795117054695,48.903408115103815,50.53638458251953,2617100,0.0,0.0
2019-05-24 00:00:00+08:00,50.96612240589906,52.427209220212966,50.450446249594876,51.05207061767578,2224005,0.0,0.0
2019-05-27 00:00:00+08:00,50.794232332920906,51.99748114185405,49.76287995793734,50.96612548828125,1953253,0.0,0.0
2019-05-28 00:00:00+08:00,50.79423128676285,51.82558691909385,50.79423128676285,51.48180389404297,1163090,0.0,0.0
2019-05-29 00:00:00+08:00,50.62234226610878,51.653694637220546,50.45044911139374,50.88018035888672,754086,0.0,0.0
2019-05-30 00:00:00+08:00,50.88018035888672,51.82558779193558,50.88018035888672,50.88018035888672,715000,0.0,0.0
2019-05-31 00:00:00+08:00,50.8801751338097,53.02883115062101,50.8801751338097,52.169368743896484,1620712,0.0,0.0
2019-06-03 00:00:00+08:00,51.99747967220808,53.45856653359126,50.96612404778529,53.02883529663086,1694515,0.0,0.0
2019-06-04 00:00:00+08:00,53.114780492912445,54.66181229783433,53.114780492912445,53.88829803466797,2318801,0.0,0.0
2019-06-05 00:00:00+08:00,55.77911209957685,56.38073316779506,54.66180833611119,55.521270751953125,5054050,0.0,0.0
2019-06-06 00:00:00+08:00,54.74776037428519,56.896413285592715,54.74776037428519,56.29479217529297,4051868,0.0,0.0
2019-06-10 00:00:00+08:00,56.29479041244045,57.8418254435925,55.60721783033329,56.72452163696289,4996133,0.0,0.0
2019-06-11 00:00:00+08:00,56.724519167071115,57.068305443155595,55.77911182572216,56.12289810180664,2041756,0.0,0.0
2019-06-12 00:00:00+08:00,56.46667227571687,57.412086081404524,55.86505126953125,55.86505126953125,1518231,0.0,0.0
2019-06-13 00:00:00+08:00,56.12289259056919,56.81045851804173,55.34937518463255,55.86505126953125,1133000,0.0,0.0
2019-06-14 00:00:00+08:00,56.036946559722,56.63857418157187,54.57586308427398,54.661808013916016,1103008,0.0,0.0
2019-06-17 00:00:00+08:00,54.66180417526006,55.3493766784668,53.8882900270355,55.3493766784668,1197600,0.0,0.0
2019-06-18 00:00:00+08:00,55.435327380895615,55.77911366833678,54.91965122832289,55.00559616088867,396235,0.0,0.0
2019-06-19 00:00:00+08:00,55.693169423208346,57.49803925807994,55.43532806515035,56.036949157714844,1434405,0.0,0.0
2019-06-20 00:00:00+08:00,56.12290015662897,56.72452124392054,55.77911386795748,56.55263137817383,998758,0.0,0.0
2019-06-21 00:00:00+08:00,57.06830636070168,57.41209264231357,54.833702087402344,54.833702087402344,1895257,0.0,0.0
2019-06-24 00:00:00+08:00,54.833702087402344,55.34938150982018,54.318025943573474,54.833702087402344,663000,0.0,0.0
2019-06-25 00:00:00+08:00,55.43532815457869,57.15425305859664,54.74775884868933,56.81046676635742,3260500,0.0,0.0
2019-06-26 00:00:00+08:00,56.98236355808245,58.44344711303711,56.552632329310114,58.44344711303711,4154157,0.0,0.0
2019-06-27 00:00:00+08:00,58.87317456509611,58.87317456509611,57.41209110386993,57.7558708190918,2335000,0.0,0.0
2019-06-28 00:00:00+08:00,57.75587395294552,57.75587395294552,56.638576703494024,56.72452163696289,1095300,0.0,0.0
2019-07-01 00:00:00+08:00,57.49803991281186,58.87317853803096,57.49803991281186,58.52939224243164,2511894,0.0,0.0
2019-07-02 00:00:00+08:00,58.35750256715349,59.474799835091524,58.099661205302596,58.61533737182617,3212875,0.0,0.0
2019-07-03 00:00:00+08:00,58.44344575011611,59.045066833496094,58.18560439599439,59.045066833496094,1510000,0.0,0.0
2019-07-04 00:00:00+08:00,59.47479609525807,60.76398970909035,59.13101637731171,59.388851165771484,3257000,0.0,0.0
2019-07-05 00:00:00+08:00,59.47480556688188,61.88130331881858,59.045074293834524,61.27968215942383,3400000,0.0,0.0
2019-07-08 00:00:00+08:00,61.021833761243634,61.79535127528656,60.42021267097585,61.53750991821289,1590000,0.0,0.0
2019-07-09 00:00:00+08:00,61.36562710259753,63.17049713796064,61.02184077272388,61.27968215942383,3527000,0.0,0.0
2019-07-10 00:00:00+08:00,61.70941222647232,63.60022716805656,61.365625903317344,63.5142822265625,3609000,0.0,0.0
2019-07-11 00:00:00+08:00,63.944006463392945,64.11589632748937,59.99048057457312,60.42021179199219,7270792,0.0,0.0
2019-07-12 00:00:00+08:00,61.02183327099956,61.62345435643397,60.24831576317099,60.59210205078125,2287464,0.0,0.0
2019-07-15 00:00:00+08:00,60.59211166811661,61.70941564089678,60.4202217756177,61.02184295654297,1194411,0.0,0.0
2019-07-16 00:00:00+08:00,61.02183163401572,61.79534912109375,60.935886703713244,61.79534912109375,795055,0.0,0.0
2019-07-17 00:00:00+08:00,62.22507710345017,62.22507710345017,61.19371832176219,62.05318069458008,950154,0.0,0.0
2019-07-18 00:00:00+08:00,61.623451701674014,63.94400412518949,61.623451701674014,63.256431579589844,3144462,0.0,0.0
2019-07-19 00:00:00+08:00,63.08453559856152,64.029942839113,62.13912835801004,62.74074935913086,2072870,0.0,0.0
2019-07-22 00:00:00+08:00,62.740756138622544,62.91264599832298,60.4202102467775,60.93588638305664,2889956,0.0,0.0
2019-07-23 00:00:00+08:00,61.107779623659276,62.05318701867377,58.01371607762175,58.52939224243164,3414755,0.0,0.0
2019-07-24 00:00:00+08:00,59.04506663612885,59.732639206703105,58.787231840047,58.95912170410156,1440116,0.0,0.0
2019-07-25 00:00:00+08:00,59.30291137695312,59.56075274494166,57.92777271443046,58.01371765136719,1792554,0.0,0.0
2019-07-26 00:00:00+08:00,58.35750576039757,58.35750576039757,57.240201874143956,57.583988189697266,1884685,0.0,0.0
2019-07-29 00:00:00+08:00,57.75587228811451,58.87317606253749,57.4120925641486,57.92776870727539,1384100,0.0,0.0
2019-07-30 00:00:00+08:00,58.0996602439991,58.27155666811495,56.55263177002516,56.72452163696289,1675456,0.0,0.0
2019-07-31 00:00:00+08:00,56.46667497047883,57.41208882128451,56.38073004509035,57.24019241333008,1411205,0.0,0.0
2019-08-01 00:00:00+08:00,56.72451949200893,57.41209204811655,56.03694693590131,56.98236083984375,804784,0.0,0.0
2019-08-02 00:00:00+08:00,55.52127047936435,56.12289810180664,53.974238794162005,56.12289810180664,3442320,0.0,0.0
2019-08-05 00:00:00+08:00,56.12290249532321,56.81046854413966,55.43532988932842,56.3807373046875,953500,0.0,0.0
2019-08-06 00:00:00+08:00,54.57586532556038,56.9823627974327,54.57586532556038,56.63857650756836,1306211,0.0,0.0
2019-08-07 00:00:00+08:00,56.89641130708305,58.185604976190774,56.55263157439679,56.63857650756836,935200,0.0,0.0
2019-08-08 00:00:00+08:00,57.15425342672011,58.61533698167477,56.89641206658544,58.44344711303711,1765060,0.0,0.0
2019-08-12 00:00:00+08:00,59.4747958947707,59.81858216873598,58.959119762411675,59.30290603637695,2299730,0.0,0.0
2019-08-13 00:00:00+08:00,57.669933129290946,58.44345069999125,56.38073936384996,57.583988189697266,2817411,0.0,0.0
2019-08-14 00:00:00+08:00,58.78723360342568,59.90453086765074,58.44344730782636,58.52939224243164,3167315,0.0,0.0
2019-08-15 00:00:00+08:00,57.41209497820658,58.52939224243164,57.15425361721254,58.52939224243164,1044000,0.0,0.0
2019-08-16 00:00:00+08:00,58.87317853803096,59.04506840724153,58.357502373221074,58.52939224243164,1235023,0.0,0.0
2019-08-19 00:00:00+08:00,59.131016177983206,59.73263723953911,58.6153334884464,59.30290603637695,1715450,0.0,0.0
2019-08-20 00:00:00+08:00,60.16236803532232,61.107775364441835,59.13101577758789,59.13101577758789,1591377,0.0,0.0
2019-08-21 00:00:00+08:00,58.873180197036916,59.73264268166519,58.357504017695625,58.787235260009766,694361,0.0,0.0
2019-08-22 00:00:00+08:00,59.4747988510353,59.4747988510353,56.72452163696289,56.72452163696289,1999327,0.0,0.0
2019-08-23 00:00:00+08:00,57.15425109863281,57.583982309900726,56.03694732646507,57.15425109863281,1190327,0.0,0.0
2019-08-26 00:00:00+08:00,55.86506112878058,56.724523607684894,55.43532988932842,56.3807373046875,872080,0.0,0.0
2019-08-27 00:00:00+08:00,56.810464422227916,57.3261405607197,56.29478828373614,56.98236083984375,896025,0.0,0.0
2019-08-28 00:00:00+08:00,56.98236163176818,58.01371392308518,56.98236163176818,57.326141357421875,480016,0.0,0.0
2019-08-29 00:00:00+08:00,57.669927640253526,57.841824060258325,56.72452028034995,57.326141357421875,460301,0.0,0.0
2019-08-30 00:00:00+08:00,57.75587217153673,58.443444732436554,57.15425109863281,57.15425109863281,1007330,0.0,0.0
2019-09-02 00:00:00+08:00,57.7558763441488,59.30291143935105,56.81046892249338,58.787235260009766,1205650,0.0,0.0
2019-09-03 00:00:00+08:00,58.87317853803096,59.646696063834895,58.271557438615794,58.52939224243164,758516,0.0,0.0
2019-09-04 00:00:00+08:00,58.78722652918745,59.73263381043511,58.70128160492446,59.47479248046875,1282016,0.0,0.0
2019-09-05 00:00:00+08:00,59.73264374718754,60.84994762000633,59.04507112434852,60.76399612426758,1563751,0.0,0.0
2019-09-06 00:00:00+08:00,61.107775364441835,61.19372029305675,58.18560189129063,59.13101577758789,1601340,0.0,0.0
2019-09-10 00:00:00+08:00,59.30291324884219,59.30291324884219,58.357505798339844,58.357505798339844,543859,0.0,0.0
2019-09-11 00:00:00+08:00,59.30291321028524,59.30291321028524,57.583988189697266,57.583988189697266,1346928,0.0,0.0
2019-09-12 00:00:00+08:00,58.357499144483114,61.36561758948556,57.92776793805419,60.93588638305664,4520820,0.0,0.0
2019-09-16 00:00:00+08:00,63.17048051951006,66.52238487891948,62.396963120080635,63.428321838378906,12088294,0.0,0.0
2019-09-17 00:00:00+08:00,63.17049627616556,64.20184869453757,61.88130247461116,63.68617248535156,4348541,0.0,0.0
2019-09-18 00:00:00+08:00,62.998609529139024,63.428340817722024,60.076435455338824,60.24832534790039,5345478,0.0,0.0
2019-09-19 00:00:00+08:00,61.10778792506638,62.22509189825381,60.076435455338824,60.24832534790039,4581335,0.0,0.0
2019-09-20 00:00:00+08:00,61.02183131290686,61.36561758948556,60.50615517662772,60.93588638305664,1431320,0.0,0.0
2019-09-23 00:00:00+08:00,60.592102147855265,61.10777830150778,59.818584638787456,59.9045295715332,1404104,0.0,0.0
2019-09-24 00:00:00+08:00,60.16236864550641,60.50615492063058,59.388851165771484,59.388851165771484,1317207,0.0,0.0
2019-09-25 00:00:00+08:00,59.13102558136796,59.13102558136796,58.013721652594604,58.099666595458984,1491278,0.0,0.0
2019-09-26 00:00:00+08:00,58.70128671122871,58.87317657470703,58.01371414295948,58.87317657470703,1207305,0.0,0.0
2019-09-27 00:00:00+08:00,58.873174833214804,59.30290603637695,57.154250020566195,59.30290603637695,1437480,0.0,0.0
2019-10-01 00:00:00+08:00,58.87318262372698,60.162376403808594,58.6153412448392,60.162376403808594,1811300,0.0,0.0
2019-10-02 00:00:00+08:00,59.81859189675553,61.62346193211863,59.47480556688188,61.27968215942383,2211064,0.0,0.0
2019-10-03 00:00:00+08:00,61.279674922769814,62.5688685896681,60.67804727724377,61.45156478881836,2918200,0.0,0.0
2019-10-04 00:00:00+08:00,61.27967298210102,62.05318391200118,61.1077765643182,61.79534912109375,1263672,0.0,0.0
2019-10-07 00:00:00+08:00,62.225089837521196,62.912655942176144,60.84995107103243,61.36562728881836,1922000,0.0,0.0
2019-10-08 00:00:00+08:00,61.36562508230045,61.70941140085586,60.76399738553381,60.84994888305664,795171,0.0,0.0
2019-10-09 00:00:00+08:00,61.02183571384026,61.27967707916443,60.07642830294882,61.1937255859375,651200,0.0,0.0
2019-10-14 00:00:00+08:00,62.912650261181234,63.17049162538063,60.16237297655298,60.33426284790039,3520129,0.0,0.0
2019-10-15 00:00:00+08:00,60.76398970909035,60.76398970909035,59.388851165771484,59.388851165771484,1210483,0.0,0.0
2019-10-16 00:00:00+08:00,59.7326407993541,59.99048215948877,58.013715884264776,58.44344711303711,1432700,0.0,0.0
2019-10-17 00:00:00+08:00,59.045064291795235,59.38885056343263,58.52938816292802,59.13101577758789,638856,0.0,0.0
2019-10-18 00:00:00+08:00,59.216961306798304,59.47479609525807,58.78723010218754,59.388851165771484,767200,0.0,0.0
2019-10-21 00:00:00+08:00,59.38885470284085,59.818585933045455,58.52939224243164,58.52939224243164,726041,0.0,0.0
2019-10-22 00:00:00+08:00,59.30290957058177,59.3888545049006,58.271557244399446,58.44344711303711,1082466,0.0,0.0
2019-10-23 00:00:00+08:00,58.443452924095304,59.13102558136796,58.013721652594604,58.099666595458984,1026780,0.0,0.0
2019-10-24 00:00:00+08:00,58.615334712385135,58.701286200554534,57.75587228811451,57.92776870727539,1106411,0.0,0.0
2019-10-25 00:00:00+08:00,58.35749843508556,58.78722963629064,57.66992589028633,57.7558708190918,1395049,0.0,0.0
2019-10-28 00:00:00+08:00,57.927766005118066,59.990477038583826,57.41208988604603,59.818580627441406,1865400,0.0,0.0
2019-10-29 00:00:00+08:00,60.76399754497522,61.451570183890205,59.30291388375419,60.162376403808594,3977812,0.0,0.0
2019-10-30 00:00:00+08:00,60.935890584989586,61.36562182105132,60.420214413151164,61.10778045654297,3078178,0.0,0.0
2019-10-31 00:00:00+08:00,62.0531857778985,62.9985997111873,60.42021238151543,60.67804718017578,7293187,0.0,0.0
2019-11-01 00:00:00+08:00,60.67804658813682,61.193722737604105,59.73263922125047,60.42021179199219,2050070,0.0,0.0
2019-11-04 00:00:00+08:00,60.42020823067346,61.0218292767279,59.818580627441406,59.818580627441406,1778000,0.0,0.0
2019-11-05 00:00:00+08:00,60.42021179199219,61.70940544424939,59.81858415329869,60.42021179199219,3644000,0.0,0.0
2019-11-06 00:00:00+08:00,60.935888130306665,61.02183306262123,58.787232036552396,59.045066833496094,2264000,0.0,0.0
2019-11-07 00:00:00+08:00,59.04506449199203,59.47479569370137,58.01371223076072,59.21696090698242,2212000,0.0,0.0
2019-11-08 00:00:00+08:00,60.248317163250064,60.248317163250064,58.44344730782636,58.52939224243164,1639079,0.0,0.0
2019-11-11 00:00:00+08:00,59.38885814987893,59.38885814987893,57.4120983105099,57.583988189697266,1663000,0.0,0.0
2019-11-12 00:00:00+08:00,57.412094402457825,58.78723301388655,57.412094402457825,58.27155685424805,967000,0.0,0.0
2019-11-13 00:00:00+08:00,58.013721652594604,59.045074081324756,58.013721652594604,58.099666595458984,854000,0.0,0.0
2019-11-14 00:00:00+08:00,58.44344889322916,58.52939383016589,57.41209653563176,58.01371765136719,1216000,0.0,0.0
2019-11-15 00:00:00+08:00,58.61533309154294,59.90452669229984,58.44344323431311,59.13101577758789,2907913,0.0,0.0
2019-11-18 00:00:00+08:00,59.30290450836937,59.90452555442381,58.87317331627974,59.818580627441406,2461000,0.0,0.0
2019-11-19 00:00:00+08:00,60.16238037969025,61.107787902792424,59.81859403751335,61.02184295654297,6076000,0.0,0.0
2019-11-20 00:00:00+08:00,61.36562036925721,61.9672414626391,58.099660429583125,58.27155685424805,6577000,0.0,0.0
2019-11-21 00:00:00+08:00,57.841825628352936,59.13101930603826,57.841825628352936,58.27155685424805,2791000,0.0,0.0
2019-11-22 00:00:00+08:00,58.87318013509114,58.87318013509114,58.01371765136719,58.01371765136719,2068050,0.0,0.0
2019-11-25 00:00:00+08:00,59.30290603637695,59.904527097932856,58.70128497482106,59.30290603637695,4285000,0.0,0.0
2019-11-26 00:00:00+08:00,60.84995306404406,62.7407681102484,60.33427027218916,61.02184295654297,13904000,0.0,0.0
2019-11-27 00:00:00+08:00,61.36562069947831,64.02995300292969,61.36562069947831,64.02995300292969,13005000,0.0,0.0
2019-11-28 00:00:00+08:00,66.00671213027945,70.38996887207031,65.49102946651087,70.38996887207031,29712000,0.0,0.0
2019-11-29 00:00:00+08:00,71.24942945725422,71.76510555097548,64.80346189279534,65.49102783203125,29082814,0.0,0.0
2019-12-02 00:00:00+08:00,67.03806962717817,70.81970563553152,66.17860719606051,68.49915313720703,22989000,0.0,0.0
2019-12-03 00:00:00+08:00,67.38185966871862,70.7337646484375,66.86618349272611,70.7337646484375,12607000,0.0,0.0
2019-12-04 00:00:00+08:00,70.73375363677735,72.88240949989722,69.27266371554944,70.21807098388672,14860000,0.0,0.0
2019-12-05 00:00:00+08:00,70.90565509945137,71.5932277111659,69.87430273905798,70.9916000366211,5866000,0.0,0.0
2019-12-06 00:00:00+08:00,71.6791724540138,72.1948486328125,70.38997872842786,70.90565490722656,5895703,0.0,0.0
2019-12-09 00:00:00+08:00,71.59323061975418,77.26568194672693,69.61646419864947,74.85918426513672,20131000,0.0,0.0
2019-12-10 00:00:00+08:00,76.06242433832494,78.98459788422726,75.28890684717759,77.7813491821289,19040000,0.0,0.0
2019-12-11 00:00:00+08:00,77.00783962030938,78.72676464110727,76.49216342550574,77.9532470703125,8158000,0.0,0.0
2019-12-12 00:00:00+08:00,79.84405369204532,81.47703346982266,79.07053626497424,79.67215728759766,11059000,0.0,0.0
2019-12-13 00:00:00+08:00,79.1564787141537,79.5862098760733,75.8905258178711,75.8905258178711,7477320,0.0,0.0
2019-12-16 00:00:00+08:00,76.32025760654045,78.12512718998909,75.37484379681179,76.14836120605469,5471000,0.0,0.0
2019-12-17 00:00:00+08:00,77.00783313378912,78.89865443170636,76.06242576341951,76.49215698242188,6909000,0.0,0.0
2019-12-18 00:00:00+08:00,76.06243865613993,76.75001134595973,73.39810595815165,74.34351348876953,6721000,0.0,0.0
2019-12-19 00:00:00+08:00,75.54675505234708,75.97648630229538,74.51539611816406,74.51539611816406,3790000,0.0,0.0
2019-12-20 00:00:00+08:00,75.2029651725522,75.54675146763378,74.34350271343732,75.3748550415039,2739917,0.0,0.0
2019-12-23 00:00:00+08:00,76.23431843430164,76.32026992700837,73.74188251808482,73.82782745361328,3284000,0.0,0.0
2019-12-24 00:00:00+08:00,74.34350286976297,74.42944780441954,72.02295684814453,72.02295684814453,3572000,0.0,0.0
2019-12-25 00:00:00+08:00,72.19484801661403,74.51539407999101,72.0229581442077,74.08566284179688,3013000,0.0,0.0
2019-12-26 00:00:00+08:00,74.51539388545336,74.85918018654681,73.05431030227909,73.99971771240234,3026000,0.0,0.0
2019-12-27 00:00:00+08:00,74.6013420366222,75.89053569008564,73.22619689385213,74.94512176513672,5311371,0.0,0.0
2019-12-30 00:00:00+08:00,75.71863723003827,77.00783084879207,75.54674737040888,75.97647857666016,5851000,0.0,0.0
2019-12-31 00:00:00+08:00,76.49214724093507,76.57809216235462,75.63268491238524,76.06241607666016,2341075,0.0,0.0
2020-01-02 00:00:00+08:00,76.49215636856255,76.66404623191285,74.60134164299735,74.77323150634766,3502000,0.0,0.0
2020-01-03 00:00:00+08:00,75.2029655337789,75.46080689562314,71.85106061569482,72.10890197753906,3786282,0.0,0.0
2020-01-06 00:00:00+08:00,72.02296222616546,72.02296222616546,69.61646453301687,69.96025085449219,2829000,0.0,0.0
2020-01-07 00:00:00+08:00,70.5618638749558,71.1634915075631,67.03806923920253,68.32726287841797,3767000,0.0,0.0
2020-01-08 00:00:00+08:00,67.20996679149869,69.87430586313099,67.12402185048637,68.41321563720703,2360000,0.0,0.0
2020-01-09 00:00:00+08:00,69.18672136062679,72.5386259429498,69.01483150806769,72.2807846069336,4570000,0.0,0.0
2020-01-10 00:00:00+08:00,73.05430538683052,73.48403659498835,70.99159427623738,71.33538055419922,3344000,0.0,0.0
2020-01-13 00:00:00+08:00,72.62457925480815,74.94512531818513,71.85106171462306,74.08566284179688,4254000,0.0,0.0
2020-01-14 00:00:00+08:00,74.77323505490325,75.37485616235874,73.48404134706009,73.91377258300781,2982000,0.0,0.0
2020-01-15 00:00:00+08:00,73.91376676102375,74.85917409420594,72.79646301269531,72.79646301269531,2038000,0.0,0.0
2020-01-16 00:00:00+08:00,72.88241449885732,73.65592541689325,72.28078688161209,72.79646301269531,1525000,0.0,0.0
2020-01-17 00:00:00+08:00,73.8278259902577,75.11701966916611,73.31214983012995,73.65592956542969,3391048,0.0,0.0
2020-01-20 00:00:00+08:00,73.74188271150004,74.42944875470941,73.14025504686626,73.91377258300781,1812476,0.0,0.0
2020-01-30 00:00:00+08:00,67.0380684108277,68.41320696422963,66.52239227294922,66.52239227294922,3072000,0.0,0.0
2020-01-31 00:00:00+08:00,66.9521196786056,67.72563712008542,62.7407527702621,65.8348159790039,3446613,0.0,0.0
2020-02-03 00:00:00+08:00,62.91264832176518,63.42833103426696,60.5921023442195,61.45156478881836,3587000,0.0,0.0
2020-02-04 00:00:00+08:00,62.568859725978214,63.17048072909877,61.88128724483145,62.82669448852539,3329000,0.0,0.0
2020-02-05 00:00:00+08:00,62.91264760728038,63.08454402855481,60.16237043866954,60.42021179199219,4878000,0.0,0.0
2020-02-06 00:00:00+08:00,61.79534875316127,65.92076439771805,61.19372113027032,64.97535705566406,6937000,0.0,0.0
2020-02-07 00:00:00+08:00,64.97535705566406,64.97535705566406,64.97535705566406,64.97535705566406,0,0.0,0.0
2020-02-10 00:00:00+08:00,61.0218324403505,63.60021972656249,60.24831494305131,63.6002197265625,2330466,0.0,0.0
2020-02-11 00:00:00+08:00,65.06130481344721,68.75699596968926,64.1158974302996,67.2099609375,6979000,0.0,0.0
2020-02-12 00:00:00+08:00,66.17860719606051,68.49915313720703,66.17860719606051,68.49915313720703,3056000,0.0,0.0
2020-02-13 00:00:00+08:00,70.04619909702615,70.30404048958005,67.29592150995316,67.38186645507812,3721000,0.0,0.0
2020-02-14 00:00:00+08:00,67.03806584518149,69.18672180175781,67.03806584518149,69.18672180175781,3517670,0.0,0.0
2020-02-17 00:00:00+08:00,67.4677967315944,68.2413141839017,66.86617568934294,67.63968658447266,2508000,0.0,0.0
2020-02-18 00:00:00+08:00,67.55374305126193,68.06941917770958,66.35049438476562,66.35049438476562,1235000,0.0,0.0
2020-02-19 00:00:00+08:00,66.95212979662038,68.06942710789404,66.5223985483201,67.89753723144531,1130000,0.0,0.0
2020-02-20 00:00:00+08:00,68.75699081150161,70.04618438921726,68.24131469185086,69.27266693115234,2911000,0.0,0.0
2020-02-21 00:00:00+08:00,69.53051440003476,73.82782670464533,69.35861797354342,72.02295684814453,7645521,0.0,0.0
2020-02-24 00:00:00+08:00,72.0229533109994,73.8278230788606,70.6478081953167,71.42132568359375,5248000,0.0,0.0
2020-02-25 00:00:00+08:00,70.04619001295504,72.45268750743703,70.04619001295504,70.30403137207031,3147000,0.0,0.0
2020-02-26 00:00:00+08:00,69.70240755438347,70.73376649040429,67.98348255152726,68.06942749023438,2942000,0.0,0.0
2020-02-27 00:00:00+08:00,68.32726308461781,69.01483565047886,63.60021972656249,63.6002197265625,3609000,0.0,0.0
2020-03-02 00:00:00+08:00,63.51426797804858,66.60833107797723,61.96723314949563,65.31913757324219,2873000,0.0,0.0
2020-03-03 00:00:00+08:00,67.89753350941733,70.21807950015909,67.20996092695705,68.67105102539062,4867000,0.0,0.0
2020-03-04 00:00:00+08:00,69.18672279176963,69.70239891729138,67.467798001912,67.72563934326172,2989000,0.0,0.0
2020-03-05 00:00:00+08:00,68.84294689944726,69.9602508041433,68.06942931597912,68.41321563720703,2692000,0.0,0.0
2020-03-06 00:00:00+08:00,67.03807830810547,68.24132717891749,67.03807830810547,67.03807830810547,1577000,0.0,0.0
2020-03-09 00:00:00+08:00,66.26454356005064,66.78021964061121,63.25642544007397,63.428321838378906,2667000,0.0,0.0
2020-03-10 00:00:00+08:00,61.193714536277334,66.60832977294922,61.193714536277334,66.60832977294922,2661000,0.0,0.0
2020-03-11 00:00:00+08:00,68.32725441225114,69.1867167319021,65.57697761223892,66.60832977294922,4317000,0.0,0.0
2020-03-12 00:00:00+08:00,65.66293021056481,65.7488751411438,60.16236941019694,61.88129425048828,4461000,0.0,0.0
2020-03-13 00:00:00+08:00,61.88129425048828,61.88129425048828,61.88129425048828,61.88129425048828,0,0.0,0.0
2020-03-16 00:00:00+08:00,59.216964015146125,59.904530039663186,53.54450988769531,53.54450988769531,4564000,0.0,0.0
2020-03-17 00:00:00+08:00,48.47368072916449,53.286668863460896,48.21583938598633,48.21583938598633,4720000,0.0,0.0
2020-03-18 00:00:00+08:00,48.215839222736896,49.59098102687196,43.40285110473633,43.40285110473633,5108000,0.0,0.0
2020-03-19 00:00:00+08:00,40.910414943790585,41.25420126577445,39.06257247924805,39.06257247924805,4339000,0.0,0.0
2020-03-20 00:00:00+08:00,40.050951747967574,42.28555624633249,39.57824802208303,40.523658752441406,5310000,0.0,0.0
2020-03-23 00:00:00+08:00,36.48418045043945,36.91391166121356,36.48418045043945,36.48418045043945,1376000,0.0,0.0
2020-03-24 00:00:00+08:00,36.570125504541146,39.66419219970703,36.570125504541146,39.66419219970703,2745000,0.0,0.0
2020-03-25 00:00:00+08:00,42.586363811699925,43.574746942258265,42.586363811699925,43.145015716552734,3092000,0.0,0.0
2020-03-26 00:00:00+08:00,43.83258467454176,44.692047119140625,42.11365978534405,44.692047119140625,1807000,0.0,0.0
2020-03-27 00:00:00+08:00,47.700166662805685,48.21584282880578,44.69204804443055,44.86394119262695,1939000,0.0,0.0
2020-03-30 00:00:00+08:00,43.05907122428053,45.63745880126953,43.05907122428053,45.63745880126953,1019000,0.0,0.0
2020-03-31 00:00:00+08:00,47.184488218269706,47.61421942871446,45.55150830714406,46.06718444824219,1456000,0.0,0.0
2020-04-01 00:00:00+08:00,46.41096892890947,47.184486389160156,45.80934460189103,47.184486389160156,953000,0.0,0.0
2020-04-06 00:00:00+08:00,47.87206051068567,50.27855478484055,46.84070488502239,49.84882354736328,1549000,0.0,0.0
2020-04-07 00:00:00+08:00,51.48179664322331,52.34125900268555,50.192603104029956,52.34125900268555,1819000,0.0,0.0
2020-04-08 00:00:00+08:00,50.79422880616303,55.86505850497311,50.79422880616303,55.69316864013672,2007000,0.0,0.0
2020-04-09 00:00:00+08:00,56.72452617919807,56.89641605989994,52.169375490222755,52.770999908447266,5437000,0.0,0.0
2020-04-10 00:00:00+08:00,53.02883483789241,53.80234909057617,51.99747922239162,53.80234909057617,2460000,0.0,0.0
2020-04-13 00:00:00+08:00,51.99747609283964,52.427207300218484,49.67692691727612,50.708282470703125,4083000,0.0,0.0
2020-04-14 00:00:00+08:00,51.309907335906644,52.16936975936039,50.536389843362684,51.653690338134766,4116000,0.0,0.0
2020-04-15 00:00:00+08:00,52.856938973168546,55.6072161017468,52.68504583298516,54.74775695800781,6907000,0.0,0.0
2020-04-16 00:00:00+08:00,54.747752985277415,55.60721206665039,53.802342422166326,55.60721206665039,3788000,0.0,0.0
2020-04-17 00:00:00+08:00,57.240197699743256,58.443446437840294,54.91965171405319,55.95100402832031,5727000,0.0,0.0
2020-04-20 00:00:00+08:00,55.77911435683497,56.638576807457454,54.66181054815449,56.036949157714844,1904000,0.0,0.0
2020-04-21 00:00:00+08:00,55.69317229974993,56.55263479476349,53.286674690840584,53.37261962890625,2430000,0.0,0.0
2020-04-22 00:00:00+08:00,52.85694006085396,55.435327380895615,52.599101984567596,55.00559616088867,1433000,0.0,0.0
2020-04-23 00:00:00+08:00,55.43532950875916,56.896413089994674,55.43532950875916,56.20884704589844,441000,0.0,0.0
2020-04-24 00:00:00+08:00,56.122898175632,56.29478803531144,54.7477563480741,55.435325622558594,916000,0.0,0.0
2020-04-27 00:00:00+08:00,56.46668204761338,56.896413285592715,55.865060937313636,56.29479217529297,1727000,0.0,0.0
2020-04-28 00:00:00+08:00,57.240196029450814,57.326140960268816,55.865057464829064,57.15425109863281,2279000,0.0,0.0
2020-04-29 00:00:00+08:00,57.92776662761577,60.07642261115361,57.24019409001259,57.4980354309082,5731000,0.0,0.0
2020-04-30 00:00:00+08:00,57.92776170442079,59.904521106967124,57.75586530604037,59.56074142456055,3639000,0.0,0.0
2020-05-04 00:00:00+08:00,57.412091365334604,59.904527097932856,57.32613987895994,59.30290603637695,2396000,0.0,0.0
2020-05-05 00:00:00+08:00,59.90452638040377,62.9985962518531,59.90452638040377,62.3110237121582,4709000,0.0,0.0
2020-05-06 00:00:00+08:00,62.396968640325646,64.02994850421774,62.0531823704782,62.3110237121582,2740000,0.0,0.0
2020-05-07 00:00:00+08:00,62.05318290337935,64.029949054095,61.88129304556832,63.256431579589844,2175000,0.0,0.0
2020-05-08 00:00:00+08:00,64.02996026143254,64.20185014932991,63.256442651536496,63.858070373535156,1588000,0.0,0.0
2020-05-11 00:00:00+08:00,65.66292729613605,67.63968684042649,64.373733723138,64.45967864990234,4278000,0.0,0.0
2020-05-12 00:00:00+08:00,64.63157128971486,64.97535756877056,61.45156296209973,62.56886672973633,2210000,0.0,0.0
2020-05-13 00:00:00+08:00,62.82670102500601,65.31914333200491,62.05318354253354,64.97535705566406,2538000,0.0,0.0
2020-05-14 00:00:00+08:00,66.17861085050814,67.20996320193044,64.28779602050781,64.28779602050781,5520000,0.0,0.0
2020-05-15 00:00:00+08:00,65.40508249545574,66.78022092240434,63.170481732017116,65.31913757324219,4084000,0.0,0.0
2020-05-18 00:00:00+08:00,65.31915584080656,65.49104573330547,60.4202217756177,61.02184295654297,3226000,0.0,0.0
2020-05-19 00:00:00+08:00,62.31103392489591,63.858069114178626,61.53751633025455,63.772117614746094,1959000,0.0,0.0
2020-05-20 00:00:00+08:00,63.772102744689235,65.31913757324219,63.170481732017116,65.31913757324219,1795000,0.0,0.0
2020-05-21 00:00:00+08:00,67.03806346981037,71.8510513305664,67.03806346981037,71.8510513305664,15548000,0.0,0.0
2020-05-22 00:00:00+08:00,71.85105075129329,74.60133419039313,70.21807098388672,70.21807098388672,10031000,0.0,0.0
2020-05-25 00:00:00+08:00,71.33538160203015,71.93700267941705,68.84293924666821,69.87429809570312,4792000,0.0,0.0
2020-05-26 00:00:00+08:00,70.73376299140452,73.48404023705459,69.18672794249,70.47592163085938,7584000,0.0,0.0
2020-05-27 00:00:00+08:00,70.90565208261937,71.33538330736252,68.41320966767348,68.67105102539062,3336000,0.0,0.0
2020-05-28 00:00:00+08:00,69.18673031445468,71.59322790478534,69.18673031445468,71.07754516601562,4555000,0.0,0.0
2020-05-29 00:00:00+08:00,72.6245773753951,73.31214996158371,69.78834865383978,70.30403137207031,8347000,0.0,0.0
2020-06-01 00:00:00+08:00,70.90564256555894,73.0542984008789,70.73375272160423,73.0542984008789,4166000,0.0,0.0
2020-06-02 00:00:00+08:00,76.0624189655343,76.32026029676302,72.36672818953568,73.56997680664062,8308000,0.0,0.0
2020-06-03 00:00:00+08:00,74.77323907389176,74.77323907389176,72.968369097337,73.22620391845703,3046000,0.0,0.0
2020-06-04 00:00:00+08:00,73.74187469482422,74.42944066328647,72.88241231636323,73.74187469482422,2356000,0.0,0.0
2020-06-05 00:00:00+08:00,73.74187089105219,75.20295423619888,72.8824085569242,73.0542984008789,3209000,0.0,0.0
2020-06-08 00:00:00+08:00,73.22619904769293,73.91377163930191,71.85106042165319,72.02295684814453,2928000,0.0,0.0
2020-06-09 00:00:00+08:00,72.6245796773118,72.79646955071813,70.64781334724736,70.81970977783203,2838000,0.0,0.0
2020-06-10 00:00:00+08:00,71.0775423350598,71.67916998726938,70.04619001295504,70.30403137207031,2718000,0.0,0.0
2020-06-11 00:00:00+08:00,70.4759197698092,73.39809336438323,69.78834719796424,70.13213348388672,6827000,0.0,0.0
2020-06-12 00:00:00+08:00,68.75699195636095,72.62457275390625,67.89752955690643,72.62457275390625,4174000,0.0,0.0
2020-06-15 00:00:00+08:00,73.31215248452499,73.31215248452499,70.73376503335311,70.90565490722656,2708000,0.0,0.0
2020-06-16 00:00:00+08:00,72.19484380226437,73.14025115966797,71.33538137604694,73.14025115966797,2800000,0.0,0.0
2020-06-17 00:00:00+08:00,73.48404080527169,73.56998574039193,72.1948471069336,72.1948471069336,2056000,0.0,0.0
2020-06-18 00:00:00+08:00,72.79645707776962,73.39808464596554,71.93699474364163,73.0542984008789,1946000,0.0,0.0
2020-06-19 00:00:00+08:00,73.65593067551215,73.74188216781062,72.1948471069336,72.1948471069336,1522000,0.0,0.0
2020-06-22 00:00:00+08:00,72.02295457509751,72.88241700889496,69.78834700148175,70.04618835449219,2292000,0.0,0.0
2020-06-23 00:00:00+08:00,70.90565832066532,71.42133452428897,69.87430591341803,69.96025085449219,2244000,0.0,0.0
2020-06-24 00:00:00+08:00,71.16349422086098,71.16349422086098,69.8743005324916,70.47592163085938,882000,0.0,0.0
2020-06-29 00:00:00+08:00,70.30403159021841,70.30403159021841,68.58510667659134,68.92888641357422,1567000,0.0,0.0
2020-06-30 00:00:00+08:00,69.27267046113826,71.507271464947,69.27267046113826,69.87429809570312,1972000,0.0,0.0
2020-07-01 00:00:00+08:00,70.475919722668,76.83594305785657,70.475919722668,74.94512176513672,9222000,0.0,0.0
2020-07-02 00:00:00+08:00,78.12513901561358,79.8440639375977,75.37485520613208,76.92189025878906,10666000,0.0,0.0
2020-07-03 00:00:00+08:00,79.1565026459708,79.1565026459708,74.08567209079231,74.34351348876953,5545000,0.0,0.0
2020-07-06 00:00:00+08:00,75.20296439109131,76.06242684127521,74.42944687449018,75.03107452392578,2790000,0.0,0.0
2020-07-07 00:00:00+08:00,75.80458121844975,76.06242256186957,72.19484175363891,72.71051788330078,4536000,0.0,0.0
2020-07-08 00:00:00+08:00,72.71052520537012,73.74188412573113,70.99160022861348,71.07754516601562,4207000,0.0,0.0
2020-07-09 00:00:00+08:00,71.24943915531664,73.48404023705459,69.78834904085777,70.47592163085938,5347000,0.0,0.0
2020-07-10 00:00:00+08:00,71.33538136992064,71.33538136992064,68.2413179472392,68.32726287841797,3646000,0.0,0.0
2020-07-13 00:00:00+08:00,69.53050595773675,71.16348574665025,68.24131242288567,68.75698852539062,5135000,0.0,0.0
2020-07-14 00:00:00+08:00,69.2726591781398,73.91375684991893,69.18671426067993,72.3667221069336,12786000,0.0,0.0
2020-07-15 00:00:00+08:00,73.82783048336228,74.34350667487368,69.44457301974764,69.70240783691406,7771000,0.0,0.0
2020-07-16 00:00:00+08:00,70.47592055439175,71.93700408935547,70.13213426464202,71.93700408935547,5186000,0.0,0.0
2020-07-17 00:00:00+08:00,72.28079148314086,73.14025394205379,69.18672794249,70.47592163085938,3619000,0.0,0.0
2020-07-20 00:00:00+08:00,72.71052499232076,77.43756866455078,72.45269018086978,77.43756866455078,21436000,0.0,0.0
2020-07-21 00:00:00+08:00,77.43756545013383,77.60946187447749,73.65592935788905,75.03107452392578,13918000,0.0,0.0
2020-07-22 00:00:00+08:00,75.28890765357653,76.06242515300883,74.42944522246908,74.77323150634766,3666000,0.0,0.0
2020-07-23 00:00:00+08:00,75.97648151445256,76.92188889332597,73.14025282065421,73.3980941772461,5912000,0.0,0.0
2020-07-24 00:00:00+08:00,72.62457458329474,73.39809207372399,70.13213225065734,71.50727081298828,4723000,0.0,0.0
2020-07-27 00:00:00+08:00,71.50725981798105,72.71050833394999,70.56185261156863,72.3667221069336,2972000,0.0,0.0
2020-07-28 00:00:00+08:00,71.93701072791261,72.71052831193742,69.44457465086855,69.96025085449219,3250000,0.0,0.0
2020-07-29 00:00:00+08:00,69.01483367996654,73.0543043568258,69.01483367996654,72.79646301269531,3155000,0.0,0.0
2020-07-30 00:00:00+08:00,73.14025196172351,74.94512176513672,72.19484459395258,74.94512176513672,5091000,0.0,0.0
2020-07-31 00:00:00+08:00,75.546752736212,76.75000151061339,73.65593136010175,75.46080780029297,8227000,0.0,0.0
2020-08-03 00:00:00+08:00,76.92188382327414,82.93812054688219,76.835938895801,80.27378845214844,24712000,0.0,0.0
2020-08-04 00:00:00+08:00,81.30514730172652,88.09490203857422,81.21920236727087,88.09490203857422,21531000,0.0,0.0
2020-08-05 00:00:00+08:00,95.40032980679335,95.40032980679335,88.5246303612587,90.67328643798828,19421000,0.0,0.0
2020-08-06 00:00:00+08:00,91.96248828976653,94.54087581190952,89.38410076762355,92.39221954345703,8621000,0.0,0.0
2020-08-07 00:00:00+08:00,91.10301765333419,92.82194251471786,87.66516793056687,90.67328643798828,6818000,0.0,0.0
2020-08-10 00:00:00+08:00,91.53274710831772,94.54086555788685,84.65704779501687,85.60245513916016,10343000,0.0,0.0
2020-08-11 00:00:00+08:00,84.7429897604425,88.52462556190098,81.2191952970839,83.36785125732422,9139000,0.0,0.0
2020-08-12 00:00:00+08:00,83.4538041710981,85.17272910379704,82.16461047157388,85.00083923339844,5316000,0.0,0.0
2020-08-13 00:00:00+08:00,87.23544420514789,87.23544420514789,83.19597305694349,84.22732543945312,6936000,0.0,0.0
2020-08-14 00:00:00+08:00,84.22733366723155,88.09491531521667,82.59435343775755,87.6651840209961,5693000,0.0,0.0
2020-08-17 00:00:00+08:00,89.38408933367047,96.2597885131836,85.94623974391392,96.2597885131836,13806000,0.0,0.0
2020-08-18 00:00:00+08:00,102.27603261063739,105.71388244628906,100.55710769281154,105.71388244628906,17955000,0.0,0.0
2020-08-19 00:00:00+08:00,110.01119686234817,116.02743419075783,103.99495953393851,106.14361572265625,33784000,0.0,0.0
2020-08-20 00:00:00+08:00,107.4327981772543,113.87876606788956,95.83005597411083,102.2760238647461,19997000,0.0,0.0
2020-08-21 00:00:00+08:00,106.57334470542479,107.86253839137751,99.26791381835938,99.26791381835938,13971000,0.0,0.0
2020-08-24 00:00:00+08:00,100.98683838016731,106.57334433311273,99.26791347156872,103.99495697021484,10708000,0.0,0.0
2020-08-25 00:00:00+08:00,106.14563926840728,114.34387969970703,105.28266659142837,114.34387969970703,19100000,0.49218,0.0
2020-08-26 00:00:00+08:00,115.20684696845858,115.6383332866925,108.73455219494967,109.1660385131836,14317000,0.0,0.0
2020-08-27 00:00:00+08:00,110.89198474736178,119.52171118684518,108.73455313749092,111.32347106933594,20184000,0.0,0.0
2020-08-28 00:00:00+08:00,111.7549633515948,115.20685411148962,108.73455893668684,110.8919906616211,13020000,0.0,0.0
2020-08-31 00:00:00+08:00,109.16604183166007,111.75495981976269,102.26226053005311,106.14563751220703,11451000,0.0,0.0
2020-09-01 00:00:00+08:00,105.714152841007,107.87158453163981,101.83077579786797,102.6937484741211,13758000,0.0,0.0
2020-09-02 00:00:00+08:00,105.28266238783259,107.44009399414062,100.9677991752165,107.44009399414062,11907000,0.0,0.0
2020-09-03 00:00:00+08:00,108.73456351364716,108.73456351364716,102.26226806640625,102.26226806640625,10028000,0.0,0.0
2020-09-04 00:00:00+08:00,98.81036646416847,103.55671594498004,97.51590751485621,101.39928436279297,7182000,0.0,0.0
2020-09-07 00:00:00+08:00,101.39928672345765,103.12523202938884,94.92699182621567,96.22145080566406,6141000,0.0,0.0
2020-09-08 00:00:00+08:00,97.9473876953125,99.67333285293915,95.35846995887252,97.9473876953125,4525000,0.0,0.0
2020-09-09 00:00:00+08:00,94.92699182621567,99.24185509104366,94.92699182621567,96.22145080566406,4740000,0.0,0.0
2020-09-10 00:00:00+08:00,96.65293713214686,98.81036876456086,95.78996447918126,96.22145080566406,3677000,0.0,0.0
2020-09-11 00:00:00+08:00,96.65294744318182,97.51592018821022,93.63254283558238,94.927001953125,3098000,0.0,0.0
2020-09-14 00:00:00+08:00,94.92699195598733,100.96780053500471,94.064019301842,100.10482788085938,4264000,0.0,0.0
2020-09-15 00:00:00+08:00,100.10483814222843,101.83078362743927,98.3788926570176,98.81037902832031,3660000,0.0,0.0
2020-09-16 00:00:00+08:00,99.6733415537867,103.9882048245134,99.24185522671404,100.10482788085938,5465000,0.0,0.0
2020-09-17 00:00:00+08:00,101.39928858679252,103.98820659326381,100.10482958355686,100.53631591796875,3823000,0.0,0.0
2020-09-18 00:00:00+08:00,100.96780231570409,104.41969299316406,100.5363159810216,104.41969299316406,6485000,0.0,0.0
2020-09-21 00:00:00+08:00,106.14564092787738,108.30307265405375,102.69375016599518,103.12523651123047,4588000,0.0,0.0
2020-09-22 00:00:00+08:00,104.41969115158606,104.41969115158606,100.10482788085938,100.10482788085938,2473000,0.0,0.0
2020-09-23 00:00:00+08:00,101.39928607617394,103.55671769481593,100.53631342871714,101.83077239990234,2120000,0.0,0.0
2020-09-24 00:00:00+08:00,100.10482340494791,101.8307686360677,97.08441925048828,97.08441925048828,2761000,0.0,0.0
2020-09-25 00:00:00+08:00,99.24185153046345,99.67333784146547,91.47509793242718,95.35847473144531,3380000,0.0,0.0
2020-09-28 00:00:00+08:00,96.65293323484242,101.83076894385184,94.49550168942183,100.9677963256836,2240000,0.0,0.0
2020-09-29 00:00:00+08:00,102.26226475808473,102.69375110727496,97.51591491699219,97.51591491699219,2331000,0.0,0.0
2020-09-30 00:00:00+08:00,97.51590991842335,100.53631420793204,95.78996461013267,100.10482788085938,2457000,0.0,0.0
2020-10-05 00:00:00+08:00,99.67334574934827,103.12523651123047,99.241859404113,103.12523651123047,2278000,0.0,0.0
2020-10-06 00:00:00+08:00,103.98820078029553,107.87157757292069,103.12522815971217,104.8511734008789,8770000,0.0,0.0
2020-10-07 00:00:00+08:00,106.14563233175394,107.440091262629,104.41968709058722,104.8511734008789,5307000,0.0,0.0
2020-10-08 00:00:00+08:00,105.28265941652478,105.7141457256089,100.53631001659949,100.9677963256836,5819000,0.0,0.0
2020-10-12 00:00:00+08:00,98.37888851681272,99.24186122310054,93.20105227908573,95.78997039794922,7837000,0.0,0.0
2020-10-13 00:00:00+08:00,95.35847984041486,97.51591151101248,93.20104816981724,96.65293884277344,3150000,0.0,0.0
2020-10-14 00:00:00+08:00,96.65293262622974,97.51590523896394,92.33806956255877,93.20104217529297,5140000,0.0,0.0
2020-10-15 00:00:00+08:00,93.2010514922955,94.92699689030098,91.47510609429004,93.63253784179688,4225000,0.0,0.0
2020-10-16 00:00:00+08:00,93.63252920474646,94.49550182414505,91.47509765625,91.47509765625,2373000,0.0,0.0
2020-10-19 00:00:00+08:00,91.47510354825765,91.47510354825765,86.72875383584805,87.16024017333984,5913000,0.0,0.0
2020-10-20 00:00:00+08:00,87.16024266756497,89.74916076660156,85.43429726820726,89.74916076660156,3057000,0.0,0.0
2020-10-21 00:00:00+08:00,89.74915563071647,90.18064195586415,88.02321033012576,88.45469665527344,1819000,0.0,0.0
2020-10-22 00:00:00+08:00,87.5917270956394,88.45469977638462,84.65761866431386,85.26170349121094,3135000,0.0,0.0
2020-10-23 00:00:00+08:00,85.34799970275103,89.74915907118056,85.34799970275103,89.31767272949219,3933000,0.0,0.0
2020-10-26 00:00:00+08:00,88.4547001805726,88.88618652291686,85.52059173583984,85.52059173583984,2864000,0.0,0.0
2020-10-27 00:00:00+08:00,85.86578799020215,86.2109784044421,84.74392078991218,85.00281524658203,1555000,0.0,0.0
2020-10-28 00:00:00+08:00,85.43429451553506,87.16023985928324,83.1042709350586,83.1042709350586,2072000,0.0,0.0
2020-10-29 00:00:00+08:00,81.63721096457279,81.63721096457279,78.87570113197907,80.60164642333984,3719000,0.0,0.0
2020-10-30 00:00:00+08:00,80.6879434188207,83.96724214857022,80.6879434188207,82.84537506103516,3230000,0.0,0.0
2020-11-02 00:00:00+08:00,83.27686917867399,84.13984191627684,78.70311103579515,78.8757095336914,2982000,0.0,0.0
2020-11-03 00:00:00+08:00,79.82497574180685,81.1194348078902,79.82497574180685,80.25646209716797,1671000,0.0,0.0
2020-11-04 00:00:00+08:00,80.86053544594776,82.93167114257812,79.30718861144416,82.93167114257812,2235000,0.0,0.0
2020-11-05 00:00:00+08:00,82.93166948246362,90.18064098358154,81.37832267905469,86.2972640991211,7758000,0.0,0.0
2020-11-06 00:00:00+08:00,86.29726996788611,91.47510616595928,85.95207957122273,89.74916076660156,7676000,0.0,0.0
2020-11-09 00:00:00+08:00,90.18064457319359,91.47510358620593,88.88618556018123,91.04361724853516,2886000,0.0,0.0
2020-11-10 00:00:00+08:00,91.04361104730314,92.76955628042738,86.72874796449257,87.59172058105469,3031000,0.0,0.0
2020-11-11 00:00:00+08:00,88.88618799728182,96.2214559388051,88.45470164778047,93.63253784179688,9510000,0.0,0.0
2020-11-12 00:00:00+08:00,93.63254283558238,94.927001953125,91.04362460049715,94.927001953125,4285000,0.0,0.0
2020-11-13 00:00:00+08:00,94.92699168552862,94.92699168552862,91.47510107878213,92.33807373046875,2159000,0.0,0.0
2020-11-16 00:00:00+08:00,93.20105238363777,94.06402509089367,90.61213426187005,91.9065933227539,2522000,0.0,0.0
2020-11-17 00:00:00+08:00,92.7695530482701,94.0640119280134,90.18063528878349,90.61212158203125,1879000,0.0,0.0
2020-11-18 00:00:00+08:00,90.61212433709038,93.20104217529297,90.61212433709038,93.20104217529297,1728000,0.0,0.0
2020-11-19 00:00:00+08:00,94.0640119280134,94.92698451450893,90.61212158203125,90.61212158203125,2794000,0.0,0.0
2020-11-20 00:00:00+08:00,90.61212503685142,92.33807027564859,90.18063872715213,91.47509765625,968000,0.0,0.0
2020-11-23 00:00:00+08:00,92.33806675502233,92.7695530482701,90.61212158203125,90.61212158203125,1089000,0.0,0.0
2020-11-24 00:00:00+08:00,91.04361724853516,94.06402161223063,90.61213091086437,91.04361724853516,2596000,0.0,0.0
2020-11-25 00:00:00+08:00,92.33806675502233,93.20103934151786,90.18063528878349,90.61212158203125,2070000,0.0,0.0
2020-11-26 00:00:00+08:00,91.47510616595928,91.9065925157987,89.74916076660156,89.74916076660156,1233000,0.0,0.0
2020-11-27 00:00:00+08:00,90.61212158203125,91.04360787527902,90.18063528878349,90.61212158203125,1091000,0.0,0.0
2020-11-30 00:00:00+08:00,92.33807967638187,95.35848415177753,91.9065933227539,91.9065933227539,5521000,0.0,0.0
2020-12-01 00:00:00+08:00,93.20105238363777,93.63253873726572,91.47510696912596,91.9065933227539,1523000,0.0,0.0
2020-12-02 00:00:00+08:00,93.6325290712536,100.9677963256836,93.20104276216948,100.9677963256836,10975000,0.0,0.0
2020-12-03 00:00:00+08:00,101.83077934196405,102.26226569510796,95.35848404480531,95.78997039794922,8311000,0.0,0.0
2020-12-04 00:00:00+08:00,96.65294321266138,97.94740227354525,91.9065933227539,91.9065933227539,3666000,0.0,0.0
2020-12-07 00:00:00+08:00,92.33807278135747,93.6325317455821,89.74915485290819,90.1806411743164,2324000,0.0,0.0
2020-12-08 00:00:00+08:00,90.18064541286893,92.76956346299913,89.31767272949219,89.31767272949219,2466000,0.0,0.0
2020-12-09 00:00:00+08:00,89.74916944316789,90.61214222627528,86.21098234921959,88.02322387695312,3635000,0.0,0.0
2020-12-10 00:00:00+08:00,88.02321958078922,89.74916506276548,87.16024683980109,88.88619232177734,2204000,0.0,0.0
2020-12-11 00:00:00+08:00,90.18064179712412,90.18064179712412,83.70834693130182,84.57131958007812,4611000,0.0,0.0
2020-12-14 00:00:00+08:00,84.13983325568998,85.77948260515672,82.32759201005149,84.57131958007812,1694000,0.0,0.0
2020-12-15 00:00:00+08:00,85.0891043979963,86.29726745921712,83.27686309814453,83.27686309814453,1262000,0.0,0.0
2020-12-16 00:00:00+08:00,84.22613172340412,85.00280844732887,83.27686309814453,83.27686309814453,1084000,0.0,0.0
2020-12-17 00:00:00+08:00,83.70835637482699,85.86578824015757,83.4494619174035,85.17540740966797,1443000,0.0,0.0
2020-12-18 00:00:00+08:00,85.43428244432647,87.5917138191832,85.43428244432647,86.03836059570312,1861000,0.0,0.0
2020-12-21 00:00:00+08:00,86.12467351441543,86.72875173871347,82.58648036537049,82.67278289794922,2624000,0.0,0.0
2020-12-22 00:00:00+08:00,82.50019265806857,82.50019265806857,78.70311128385632,79.04830169677734,4272000,0.0,0.0
2020-12-23 00:00:00+08:00,79.22088837334674,81.29201737388615,78.53050765052792,79.91126251220703,1834000,0.0,0.0
2020-12-24 00:00:00+08:00,79.99756906841226,80.68794988281152,79.39349079378246,80.5153579711914,1507000,0.0,0.0
2020-12-25 00:00:00+08:00,80.34275635879148,80.5153548476752,79.04829731997971,79.8249740600586,871000,0.0,0.0
2020-12-28 00:00:00+08:00,80.34275635879148,82.5864840426067,79.30719176132573,79.8249740600586,2718000,0.0,0.0
2020-12-29 00:00:00+08:00,80.17016248151275,80.68794476750709,78.78940752420816,79.22089385986328,1486000,0.0,0.0
2020-12-30 00:00:00+08:00,79.39348026207219,80.083860984891,79.04828990066277,79.91126251220703,884000,0.0,0.0
2020-12-31 00:00:00+08:00,80.17016049837348,81.89610579829989,79.91126606980099,80.86053466796875,1884000,0.0,0.0
2021-01-04 00:00:00+08:00,81.20572595566152,83.2768616555977,81.20572595566152,83.0179672241211,1780000,0.0,0.0
2021-01-05 00:00:00+08:00,82.93167100993196,83.19056544058124,81.63721202460329,82.84537506103516,1142000,0.0,0.0
2021-01-06 00:00:00+08:00,83.7083599614162,88.45471026850682,83.10428164682497,88.02322387695312,6581000,0.0,0.0
2021-01-07 00:00:00+08:00,87.59172479430242,88.02321112333838,85.69318758012768,86.72875213623047,2414000,0.0,0.0
2021-01-08 00:00:00+08:00,86.72875028457489,87.5917229242224,86.03836953927338,86.21096801757812,1230000,0.0,0.0
2021-01-11 00:00:00+08:00,85.8657811608645,87.16024017333984,83.79464542411215,87.16024017333984,1835000,0.0,0.0
2021-01-12 00:00:00+08:00,86.72874915727733,88.02320809992327,83.96723937988281,83.96723937988281,1619000,0.0,0.0
2021-01-13 00:00:00+08:00,84.13983352070153,86.72875147518465,84.13983352070153,84.74391174316406,1272000,0.0,0.0
2021-01-14 00:00:00+08:00,85.77948766487064,90.180647116441,85.43429726820726,89.74916076660156,6025000,0.0,0.0
2021-01-15 00:00:00+08:00,92.76957418404373,93.63254696715111,87.59173748539943,88.02322387695312,8537000,0.0,0.0
2021-01-18 00:00:00+08:00,87.59172371243059,87.59172371243059,81.55091518053882,84.48502349853516,3703000,0.0,0.0
2021-01-19 00:00:00+08:00,84.83022718247291,86.12468635666755,81.89611840417308,82.06871032714844,3512000,0.0,0.0
2021-01-20 00:00:00+08:00,82.06869822914669,82.67278303843007,77.75383495123194,78.96199798583984,3074000,0.0,0.0
2021-01-21 00:00:00+08:00,79.65238283179197,81.98240648786334,79.65238283179197,81.89611053466797,1444000,0.0,0.0
2021-01-22 00:00:00+08:00,81.03313314833669,81.55091542152284,79.73867417339187,80.86053466796875,1247000,0.0,0.0
2021-01-25 00:00:00+08:00,78.96200303108462,80.51535654396835,78.78941112252389,80.25646209716797,1085000,0.0,0.0
2021-01-26 00:00:00+08:00,80.34275609839254,81.80981362133313,79.56607936083094,79.65238189697266,973000,0.0,0.0
2021-01-27 00:00:00+08:00,80.68794490099512,80.68794490099512,79.22089399092425,79.30718994140625,721000,0.0,0.0
2021-01-28 00:00:00+08:00,78.53051936937555,79.91127443710015,78.18532895645454,79.04830169677734,665000,0.0,0.0
2021-01-29 00:00:00+08:00,80.1701608868938,80.34275278413934,74.2156482564992,75.07862091064453,1529000,0.0,0.0
2021-02-01 00:00:00+08:00,75.07862222299306,75.42381260747678,67.57076263427734,67.57076263427734,7164000,0.0,0.0
2021-02-02 00:00:00+08:00,69.03781282540761,73.26638017775561,68.34743206356997,73.18008422851562,3765000,0.0,0.0
2021-02-03 00:00:00+08:00,73.00748574607677,73.18008422851562,71.1952444762016,73.18008422851562,1253000,0.0,0.0
2021-02-04 00:00:00+08:00,73.00748936470116,75.94159787200218,72.48970705963845,74.21565246582031,1796000,0.0,0.0
2021-02-05 00:00:00+08:00,74.2156542668447,75.42381739728287,73.61157599360529,74.73343658447266,752000,0.0,0.0
2021-02-17 00:00:00+08:00,77.49495681110815,77.49495681110815,75.51011682108434,75.68270874023438,923000,0.0,0.0
2021-02-18 00:00:00+08:00,76.11418467988207,76.8045654296875,75.1649160868687,76.8045654296875,856000,0.0,0.0
2021-02-19 00:00:00+08:00,77.1497624177076,78.61681340684821,76.80457201321589,78.44422149658203,1163000,0.0,0.0
2021-02-22 00:00:00+08:00,79.2208896789213,80.25645419625728,78.53050894472487,80.0838623046875,1319000,0.0,0.0
2021-02-23 00:00:00+08:00,80.25645873707194,84.05353982206928,79.0482956758511,83.27686309814453,3021000,0.0,0.0
2021-02-24 00:00:00+08:00,83.19056598469271,83.27686193415394,79.9112672334948,80.94683837890625,2300000,0.0,0.0
2021-02-25 00:00:00+08:00,81.98240492078993,83.3631598974009,81.20572818895906,81.55091857910156,1144000,0.0,0.0
2021-02-26 00:00:00+08:00,80.2564612137644,81.98240661621094,79.04829811525997,81.98240661621094,1445000,0.0,0.0
2021-03-02 00:00:00+08:00,82.75907651669323,88.02320824181389,82.6727805705028,84.05353546142578,4110000,0.0,0.0
2021-03-03 00:00:00+08:00,84.39872847701311,85.08910265214641,79.99756265972852,82.84537506103516,2337000,0.0,0.0
2021-03-04 00:00:00+08:00,81.80981706022047,82.41389533485027,80.5153579711914,80.5153579711914,1238000,0.0,0.0
2021-03-05 00:00:00+08:00,78.53051177660623,84.05353809746703,78.53051177660623,82.84537506103516,2257000,0.0,0.0
2021-03-08 00:00:00+08:00,82.84536643469013,83.19055677829299,80.34274467351723,80.77423095703125,1585000,0.0,0.0
2021-03-09 00:00:00+08:00,80.1701695891313,81.46462871085906,79.22090088332286,81.20573425292969,679000,0.0,0.0
2021-03-10 00:00:00+08:00,82.06870700074819,82.84538379057676,80.94684637895988,81.20573425292969,592000,0.0,0.0
2021-03-11 00:00:00+08:00,80.42905543142196,81.98240897184058,80.3427594756119,80.5153579711914,859000,0.0,0.0
2021-03-12 00:00:00+08:00,81.55091800475626,85.00280871395229,80.42905089068394,83.44945526123047,2663000,0.0,0.0
2021-03-15 00:00:00+08:00,83.44945526123047,83.70834969800379,81.29202356798295,83.44945526123047,1245000,0.0,0.0
2021-03-16 00:00:00+08:00,82.84537334342278,83.88093787663206,82.06869665153644,82.41388702392578,864000,0.0,0.0
2021-03-17 00:00:00+08:00,82.50018270131642,83.3631553374891,82.06869638323008,82.24129486083984,691000,0.0,0.0
2021-03-18 00:00:00+08:00,83.01796963945417,83.36316003014635,81.55091870896125,81.63721466064453,674000,0.0,0.0
2021-03-19 00:00:00+08:00,81.4646214884781,81.89610782413321,79.04829537522585,79.22089385986328,1303000,0.0,0.0
2021-03-22 00:00:00+08:00,79.22089256398982,79.47978041077269,74.04305662082601,75.25121307373047,3907000,0.0,0.0
2021-03-23 00:00:00+08:00,71.45413553471796,75.59640015832161,71.45413553471796,72.31710815429688,4101000,0.0,0.0
2021-03-24 00:00:00+08:00,71.62673523312523,74.12935741950822,71.62673523312523,72.48970794677734,1641000,0.0,0.0
2021-03-25 00:00:00+08:00,72.57599700809097,72.74859548480357,70.33226948249632,70.76375579833984,1515000,0.0,0.0
2021-03-26 00:00:00+08:00,70.7637590697992,72.31711251223204,70.33227273400774,71.54043579101562,887000,0.0,0.0
2021-03-29 00:00:00+08:00,71.45414157036711,71.6267334752781,67.65706040669308,68.08854675292969,4791000,0.0,0.0
2021-03-30 00:00:00+08:00,70.76376348981718,74.81973266601562,70.76376348981718,74.81973266601562,7788000,0.0,0.0
2021-03-31 00:00:00+08:00,75.16491202176354,78.96199277242025,75.07861607869467,77.66753387451172,10166000,0.0,0.0
2021-04-01 00:00:00+08:00,77.92644319294291,79.13459979491252,75.16492639882459,75.68270874023438,4812000,0.0,0.0
2021-04-07 00:00:00+08:00,73.78416701725551,74.64713973090763,71.97192563537794,72.48970794677734,2266000,0.0,0.0
2021-04-08 00:00:00+08:00,72.74860043701418,73.09378424601974,71.62673330586874,71.88562774658203,1914000,0.0,0.0
2021-04-09 00:00:00+08:00,72.4896981804294,75.76899668407981,72.14450782468329,73.95674896240234,3909000,0.0,0.0
2021-04-12 00:00:00+08:00,75.76899789571179,76.63197050689776,73.43896789513455,74.04305267333984,3166000,0.0,0.0
2021-04-13 00:00:00+08:00,74.1293498951419,74.388237732584,72.48970058884068,72.66229248046875,1366000,0.0,0.0
2021-04-14 00:00:00+08:00,73.26638044205029,74.04305715592962,71.19524473302505,73.35267639160156,1545000,0.0,0.0
2021-04-15 00:00:00+08:00,73.87045680935847,74.04305528806586,72.48970189949321,72.83489227294922,471000,0.0,0.0
2021-04-16 00:00:00+08:00,73.00748042206935,74.90602408669375,73.00748042206935,73.95674896240234,1205000,0.0,0.0
2021-04-19 00:00:00+08:00,74.90602981936023,74.9923257689115,73.35267639160156,73.35267639160156,752000,0.0,0.0
2021-04-20 00:00:00+08:00,74.04306223070938,75.42381727004106,73.35268141906386,74.64714050292969,1602000,0.0,0.0
2021-04-21 00:00:00+08:00,74.38825012064532,74.47455266479017,73.52527735087467,73.61157989501953,863000,0.0,0.0
2021-04-22 00:00:00+08:00,74.12935481885346,74.38824267349104,69.21040657323061,69.90078735351562,2242000,0.0,0.0
2021-04-23 00:00:00+08:00,69.98708330506149,72.92119174533421,69.72819545042391,69.90078735351562,1952000,0.0,0.0
2021-04-26 00:00:00+08:00,70.41855855257334,70.76374888833243,68.86521191759452,69.12409973144531,1852000,0.0,0.0
2021-04-27 00:00:00+08:00,69.29671643253313,70.93635943707146,69.2104138879071,69.72820281982422,1101000,0.0,0.0
2021-04-28 00:00:00+08:00,69.72818446501321,70.76374888833243,68.77890939568623,69.12409973144531,986000,0.0,0.0
2021-04-29 00:00:00+08:00,69.90078835470801,69.90078835470801,68.26113891601562,68.26113891601562,943000,0.0,0.0
2021-05-03 00:00:00+08:00,68.26113094665942,68.26113094665942,61.87513242696586,63.34218978881836,3122000,0.0,0.0
2021-05-04 00:00:00+08:00,63.5147930819246,64.55036433227941,57.38768787384033,60.4080924987793,2439000,0.0,0.0
2021-05-05 00:00:00+08:00,61.96144085575871,62.39292719435324,57.90546532259467,59.11362838745117,1760000,0.0,0.0
2021-05-06 00:00:00+08:00,60.40808551753305,60.75327589442501,57.3876812416564,58.59584426879883,1752000,0.0,0.0
2021-05-07 00:00:00+08:00,58.76843411980998,60.235491524549644,58.59584222935054,60.14918899536133,1224000,0.0,0.0
2021-05-10 00:00:00+08:00,60.92586862808324,61.443650908556684,56.78360380033677,56.86989974975586,2860000,0.0,0.0
2021-05-11 00:00:00+08:00,55.23025309244792,57.99176311348662,51.77836227416992,51.77836227416992,3496000,0.0,0.0
2021-05-12 00:00:00+08:00,51.86465561342897,55.23025030838816,46.686819647017586,49.1894416809082,5611000,0.0,0.0
2021-05-13 00:00:00+08:00,49.103150508908385,49.87982400424609,46.600528231534085,47.4635009765625,4068000,0.0,0.0
2021-05-14 00:00:00+08:00,48.84425354003906,50.48390298806727,47.37720258251651,48.84425354003906,2809000,0.0,0.0
2021-05-17 00:00:00+08:00,45.91014905722351,51.34687649868874,45.91014905722351,51.001686096191406,3424000,0.0,0.0
2021-05-18 00:00:00+08:00,52.5550320944912,52.5550320944912,49.10314173142391,51.950950622558594,3136000,0.0,0.0
2021-05-19 00:00:00+08:00,51.17428371039726,52.20985167473845,49.189447032398206,49.534637451171875,2208000,0.0,0.0
2021-05-20 00:00:00+08:00,49.44833743074886,50.915391749730254,49.275742224048734,49.36204147338867,1238000,0.0,0.0
2021-05-21 00:00:00+08:00,50.397602363510664,54.28097915649414,49.87981681592529,54.28097915649414,2850000,0.0,0.0
2021-05-24 00:00:00+08:00,54.28098240772961,57.905464998024215,52.12355072684973,56.17951965332031,4015000,0.0,0.0
2021-05-25 00:00:00+08:00,56.78360460664809,57.90546513294417,55.48914559510407,56.26581573486328,2415000,0.0,0.0
2021-05-26 00:00:00+08:00,57.128787598013126,57.38768203022931,56.09322303706624,56.86989974975586,939000,0.0,0.0
2021-05-27 00:00:00+08:00,56.352119831320955,57.30138848263801,55.92063348218054,56.61100769042969,673000,0.0,0.0
2021-05-28 00:00:00+08:00,56.43841644022648,59.11363051919376,56.43841644022648,58.68214416503906,2302000,0.0,0.0
2021-05-31 00:00:00+08:00,58.941034125460526,60.23549308941097,58.0780614828269,59.372520446777344,1538000,0.0,0.0
2021-06-01 00:00:00+08:00,59.37251595959242,62.824406269244115,59.28621343468452,62.13402557373047,1764000,0.0,0.0
2021-06-02 00:00:00+08:00,63.428491176556285,63.60108307678646,59.28621973144249,61.01216506958008,2923000,0.0,0.0
2021-06-03 00:00:00+08:00,60.83957091871678,61.616247608938956,59.80400638772637,60.23549270629883,796000,0.0,0.0
2021-06-04 00:00:00+08:00,59.631409492457315,59.631409492457315,57.56027379155269,57.90546417236328,1152000,0.0,0.0
2021-06-07 00:00:00+08:00,58.336951661189204,59.372522824191506,56.9561966944785,59.11362838745117,822000,0.0,0.0
2021-06-08 00:00:00+08:00,59.11362838745117,59.717706627899915,59.11362838745117,59.11362838745117,307000,0.0,0.0
2021-06-09 00:00:00+08:00,59.11362838745117,59.97660106464024,58.854733950710845,59.11362838745117,294000,0.0,0.0
2021-06-10 00:00:00+08:00,59.28621597033196,60.2354911132529,59.28621597033196,59.89030075073242,450000,0.0,0.0
2021-06-11 00:00:00+08:00,59.976597104901884,61.2710560352235,59.976597104901884,60.14918899536133,457000,0.0,0.0
2021-06-15 00:00:00+08:00,61.357358908422654,61.357358908422654,60.494386190768445,60.75328063964844,500000,0.0,0.0
2021-06-16 00:00:00+08:00,61.01216537327235,61.18476385832061,58.941036224365234,58.941036224365234,648000,0.0,0.0
2021-06-17 00:00:00+08:00,58.94103375058145,60.66697902487129,58.509547432008986,60.23549270629883,483000,0.0,0.0
2021-06-18 00:00:00+08:00,60.40809262193998,60.666987081046415,59.4588239118157,60.494388580322266,496000,0.0,0.0
2021-06-21 00:00:00+08:00,60.494381204243254,60.580677152103476,59.1136262866034,59.54511260986328,363000,0.0,0.0
2021-06-22 00:00:00+08:00,60.49438378791739,60.49438378791739,58.25065612792969,58.25065612792969,481000,0.0,0.0
2021-06-23 00:00:00+08:00,58.854733832517724,64.0325698852539,58.50955002950252,64.0325698852539,2881000,0.0,0.0
2021-06-24 00:00:00+08:00,65.15443928390278,70.41857147216797,65.15443928390278,70.41857147216797,9395000,0.0,0.0
2021-06-25 00:00:00+08:00,72.66228923083223,73.95674811202728,69.81448364257812,69.81448364257812,8549000,0.0,0.0
2021-06-28 00:00:00+08:00,70.67745985196288,71.54043248364995,69.21040242771964,70.76375579833984,2847000,0.0,0.0
2021-06-29 00:00:00+08:00,70.07337751074229,75.42381196474842,69.98708156134647,73.2663803100586,6171000,0.0,0.0
2021-06-30 00:00:00+08:00,73.43897477091144,74.38824341530027,70.85005669496421,71.971923828125,4179000,0.0,0.0
2021-07-01 00:00:00+08:00,71.19523516204177,71.45412955985059,68.6063175197857,69.12409973144531,2655000,0.0,0.0
2021-07-02 00:00:00+08:00,70.1596774555666,71.02265008560327,68.17483777289873,70.67745971679688,1333000,0.0,0.0
2021-07-05 00:00:00+08:00,71.10895794236376,71.45414836898858,69.72820281982422,69.72820281982422,1485000,0.0,0.0
2021-07-06 00:00:00+08:00,70.15968597265747,70.24598192934536,68.95152282714844,68.95152282714844,797000,0.0,0.0
2021-07-07 00:00:00+08:00,69.12411474052423,70.41857384272117,68.26114200572628,68.95152282714844,899000,0.0,0.0
2021-07-08 00:00:00+08:00,69.6418894199906,72.92118808583656,68.9515152583106,72.74859619140625,2993000,0.0,0.0
2021-07-09 00:00:00+08:00,72.74859737803565,76.80456621893521,71.28153991561327,75.07862091064453,8970000,0.0,0.0
2021-07-12 00:00:00+08:00,76.71826757048801,82.15499114990234,75.9415908922978,82.15499114990234,14770000,0.0,0.0
2021-07-13 00:00:00+08:00,83.36315896152851,84.91651240775163,74.04305803606685,75.5101089477539,13016000,0.0,0.0
2021-07-14 00:00:00+08:00,76.0278888321733,76.80456553073655,71.62672965225994,73.09378051757812,3943000,0.0,0.0
2021-07-15 00:00:00+08:00,73.52526138004991,78.78939939936635,73.52526138004991,77.40863800048828,5217000,0.0,0.0
2021-07-16 00:00:00+08:00,76.02788543701172,78.3579154286498,75.25120877313236,76.02788543701172,2258000,0.0,0.0
2021-07-19 00:00:00+08:00,74.64713458357186,77.58124292445778,74.64713458357186,75.07862091064453,1750000,0.0,0.0
2021-07-20 00:00:00+08:00,74.04305542429866,76.3730789274859,72.92118835449219,72.92118835449219,1985000,0.0,0.0
2021-07-21 00:00:00+08:00,74.992321467116,74.992321467116,70.33226803511427,70.5048599243164,3301000,0.0,0.0
2021-07-22 00:00:00+08:00,71.28154059047723,72.23080920223262,69.12410893468822,69.46929931640625,1978000,0.0,0.0
2021-07-23 00:00:00+08:00,70.41856542887328,72.05821474587046,69.12410648134268,70.76375579833984,2580000,0.0,0.0
2021-07-26 00:00:00+08:00,71.28154986369628,71.28154986369628,69.72820281982422,69.72820281982422,1201000,0.0,0.0
2021-07-27 00:00:00+08:00,70.50486992691731,70.67746842456472,69.0378189086914,69.0378189086914,1145000,0.0,0.0
2021-07-28 00:00:00+08:00,68.26113911125908,68.4337376012757,62.13403427079225,64.46405792236328,4052000,0.0,0.0
2021-07-29 00:00:00+08:00,65.15444135911827,70.50486967158128,65.15444135911827,68.86522674560547,2318000,0.0,0.0
2021-07-30 00:00:00+08:00,67.74335281672724,69.46929811142093,66.8803801693804,67.13927459716797,915000,0.0,0.0
2021-08-02 00:00:00+08:00,66.62149022292503,67.82965332727015,65.5859256100345,66.44889831542969,990000,0.0,0.0
2021-08-03 00:00:00+08:00,66.70779276063195,68.17484372622008,66.44889831542969,66.44889831542969,546000,0.0,0.0
2021-08-04 00:00:00+08:00,67.22557519619853,67.74335750363831,66.44889844305924,66.53519439697266,596000,0.0,0.0
2021-08-05 00:00:00+08:00,67.7433596816394,70.33227788603327,67.7433596816394,68.95152282714844,2211000,0.0,0.0
2021-08-06 00:00:00+08:00,69.03781539785841,69.90078809033164,68.08854675292969,68.08854675292969,950000,0.0,0.0
2021-08-09 00:00:00+08:00,69.03781302448955,69.21040492346721,65.49962642377625,65.6722183227539,863000,0.0,0.0
2021-08-10 00:00:00+08:00,65.84481680569047,67.05297326645191,63.428490716249776,65.6722183227539,907000,0.0,0.0
2021-08-11 00:00:00+08:00,66.1899996666375,66.36259814713071,62.65181311601198,63.51478576660156,1013000,0.0,0.0
2021-08-12 00:00:00+08:00,64.29146350816396,68.95151721346696,64.29146350816396,65.75851440429688,3251000,0.0,0.0
2021-08-13 00:00:00+08:00,66.79408447242551,67.91594496781667,63.51478576660156,63.51478576660156,1499000,0.0,0.0
2021-08-16 00:00:00+08:00,62.99701269558046,64.20517589968492,59.89031201642598,63.94628143310547,1530000,0.0,0.0
2021-08-17 00:00:00+08:00,63.94628143310546,63.94628143310546,63.94628143310546,63.94628143310547,0,0.0,0.0
2021-08-18 00:00:00+08:00,63.083301838047596,66.36260066846282,62.30662510621672,66.01741027832031,931000,0.0,0.0
2021-08-19 00:00:00+08:00,66.27630890175863,68.52003670342056,65.06814575195312,65.06814575195312,2356000,0.0,0.0
2021-08-20 00:00:00+08:00,66.62148839174206,67.65705956012775,64.72295112564025,65.93111419677734,1072000,0.0,0.0
2021-08-23 00:00:00+08:00,67.13927848841787,68.69262539329559,65.93111539531796,68.3474349975586,1885000,0.0,0.0
2021-08-24 00:00:00+08:00,69.72819790610733,70.3322761721618,68.17484438773965,68.52003479003906,2796000,0.0,0.0
2021-08-25 00:00:00+08:00,69.03781552857991,69.46930187563353,67.74335648741904,68.17484283447266,1508000,0.0,0.0
2021-08-26 00:00:00+08:00,69.208740234375,70.626587621498,68.32258477231942,69.208740234375,1177000,2.066721,0.0
2021-08-27 00:00:00+08:00,69.2087384538935,69.65181617352256,67.52504176713718,67.61366271972656,663000,0.0,0.0
2021-08-30 00:00:00+08:00,68.23396824626049,74.34844207763672,67.96811891239784,74.34844207763672,5368000,0.0,0.0
2021-08-31 00:00:00+08:00,74.43704625122336,77.44997566593858,73.90535441588032,75.1459732055664,13717000,0.0,0.0
2021-09-01 00:00:00+08:00,74.968750054932,75.67767712245151,73.63951687395509,73.99398040771484,4197000,0.0,0.0
2021-09-02 00:00:00+08:00,73.90535626331948,74.79151159798559,70.89242677328896,70.98104095458984,2900000,0.0,0.0
2021-09-03 00:00:00+08:00,71.33551343282065,76.0321400029158,71.33551343282065,74.43705749511719,4098000,0.0,0.0
2021-09-06 00:00:00+08:00,74.43705943714488,74.43705943714488,72.13305656863729,73.10782623291016,1984000,0.0,0.0
2021-09-07 00:00:00+08:00,72.57613296755481,73.10782488729652,69.12012534798943,70.6265869140625,2345000,0.0,0.0
2021-09-08 00:00:00+08:00,70.00627714987658,72.31027985580793,69.12012174291611,69.38597106933594,2047000,0.0,0.0
2021-09-09 00:00:00+08:00,70.00627199060776,76.29797356418018,69.47458013778154,75.32320404052734,6596000,0.0,0.0
2021-09-10 00:00:00+08:00,75.50044072788076,82.23522747556798,74.17120756886293,80.19706726074219,15264000,0.0,0.0
2021-09-13 00:00:00+08:00,83.29860527722096,83.29860527722096,76.56382577718591,79.84259796142578,10900000,0.0,0.0
2021-09-14 00:00:00+08:00,79.93121460498953,83.65307135216497,77.36136934628003,78.0702896118164,10853000,0.0,0.0
2021-09-15 00:00:00+08:00,75.23459626683773,76.91829291155808,73.81674895158928,74.25982666015625,6420000,0.0,0.0
2021-09-16 00:00:00+08:00,74.25981976305086,76.56382228144204,74.17119882090496,75.76628112792969,3754000,0.0,0.0
2021-09-17 00:00:00+08:00,75.32320468801346,75.85489654541016,74.17120002962997,75.85489654541016,2341000,0.0,0.0
2021-09-22 00:00:00+08:00,74.17120509303594,75.32320983006271,72.48751522314498,74.7029037475586,1454000,0.0,0.0
2021-09-23 00:00:00+08:00,75.41182251436771,76.2093637194111,73.90536105215286,74.17120361328125,1439000,0.0,0.0
2021-09-24 00:00:00+08:00,75.23458722742569,79.93120631744071,74.52566027456416,79.48812866210938,5975000,0.0,0.0
2021-09-27 00:00:00+08:00,78.15890465150274,80.10845061483516,76.6524431550984,80.01983642578125,4987000,0.0,0.0
2021-09-28 00:00:00+08:00,79.57675910432998,79.57675910432998,77.53859894209185,78.15890502929688,2831000,0.0,0.0
2021-09-29 00:00:00+08:00,76.38659337218019,76.56382851006174,70.3607406616211,70.3607406616211,9632000,0.0,0.0
2021-09-30 00:00:00+08:00,70.27212767911735,72.31028109351516,69.65181482712983,71.42412567138672,3583000,0.0,0.0
2021-10-01 00:00:00+08:00,70.00628613758107,71.24690521876751,66.107200494208,67.08197021484375,5092000,0.0,0.0
2021-10-04 00:00:00+08:00,68.1453512667166,68.49981477708556,64.15765198693146,66.46165466308594,2662000,0.0,0.0
2021-10-05 00:00:00+08:00,67.08196042635613,71.77858670522734,65.13242126955814,70.27212524414062,4112000,0.0,0.0
2021-10-06 00:00:00+08:00,70.53796964850554,72.75335818495878,69.91766356263034,70.8924331665039,3290000,0.0,0.0
2021-10-07 00:00:00+08:00,72.22166034474093,75.32320404052734,71.77858267391429,75.32320404052734,4572000,0.0,0.0
2021-10-08 00:00:00+08:00,76.38659361109963,76.4752145607322,74.8801321189553,75.67767333984375,3208000,0.0,0.0
2021-10-12 00:00:00+08:00,75.67767117504476,76.20936305348467,72.57612732984481,72.66474151611328,3939000,0.0,0.0
2021-10-13 00:00:00+08:00,73.63951764474247,74.61428730216257,71.33551479243232,71.60136413574219,1674000,0.0,0.0
2021-10-14 00:00:00+08:00,72.93058985945531,73.5508959158599,69.20873323854093,69.74042510986328,2741000,0.0,0.0
2021-10-15 00:00:00+08:00,71.60135834522971,72.22166441501476,70.89243132762185,71.24689483642578,1473000,0.0,0.0
2021-10-18 00:00:00+08:00,72.31027984930931,72.487514987183,70.8038183619436,71.33551025390625,861000,0.0,0.0
2021-10-19 00:00:00+08:00,72.8419725840785,74.61428341834639,72.13305230686892,74.25982666015625,2381000,0.0,0.0
2021-10-20 00:00:00+08:00,74.79151459860023,75.67766996881865,73.72812409784076,74.52566528320312,1901000,0.0,0.0
2021-10-21 00:00:00+08:00,74.96875011133062,75.32321364535704,72.75336147470247,73.01921081542969,1427000,0.0,0.0
2021-10-22 00:00:00+08:00,73.81674895158928,76.38659425261429,73.46228543256984,74.25982666015625,3098000,0.0,0.0
2021-10-25 00:00:00+08:00,73.90536105215286,74.96874481832464,72.84197052515199,74.17120361328125,1530000,0.0,0.0
2021-10-26 00:00:00+08:00,74.96874293038434,77.98167253976845,73.46228150610675,73.55089569091797,4660000,0.0,0.0
2021-10-27 00:00:00+08:00,73.4622866458671,74.34844207763672,73.0192089299823,74.34844207763672,1078000,0.0,0.0
2021-10-28 00:00:00+08:00,73.72812469268777,75.05735775873981,73.63951050711677,74.08258819580078,777000,0.0,0.0
2021-10-29 00:00:00+08:00,73.63950511779456,76.29797105533825,73.63950511779456,75.1459732055664,2137000,0.0,0.0
2021-11-01 00:00:00+08:00,76.20936847906201,79.04506320650924,74.52567177677729,77.80445098876953,5242000,0.0,0.0
2021-11-02 00:00:00+08:00,77.44998938557622,77.71583196992535,73.10782623291016,73.10782623291016,4605000,0.0,0.0
2021-11-03 00:00:00+08:00,72.93059784334406,74.17121009196606,72.13305656863729,73.10782623291016,1540000,0.0,0.0
2021-11-04 00:00:00+08:00,73.81674376756357,76.74105238223873,73.10781677931143,73.4622802734375,4200000,0.0,0.0
2021-11-05 00:00:00+08:00,74.25982974824205,74.5256723279397,73.19643914696279,73.99398040771484,1066000,0.0,0.0
2021-11-08 00:00:00+08:00,74.08259589718301,74.8801371718898,72.66474849816524,73.10782623291016,1095000,0.0,0.0
2021-11-09 00:00:00+08:00,73.90535868292808,76.38658964472972,73.19643168765397,75.94351196289062,2764000,0.0,0.0
2021-11-10 00:00:00+08:00,76.12074981694889,78.77921600314619,74.43705321352476,76.56382751464844,6065000,0.0,0.0
2021-11-11 00:00:00+08:00,75.58905320594573,76.03213087594347,73.19642973146071,73.37366485595703,4538000,0.0,0.0
2021-11-12 00:00:00+08:00,73.19643588044669,74.34844062354831,71.77858856951109,71.86720275878906,3045000,0.0,0.0
2021-11-15 00:00:00+08:00,72.04443789817431,72.93059331261271,70.7152047765167,71.86720275878906,3069000,0.0,0.0
2021-11-16 00:00:00+08:00,72.8419674685097,74.25982144501394,72.2216614244107,73.4622802734375,2193000,0.0,0.0
2021-11-17 00:00:00+08:00,73.28504509130518,74.08258626228681,72.04443300403241,72.48751068115234,1670000,0.0,0.0
2021-11-18 00:00:00+08:00,72.48751251405507,73.01920438787745,71.86719969390478,72.13304901123047,956000,0.0,0.0
2021-11-19 00:00:00+08:00,72.31027798834896,73.01920499994053,70.89243072599487,71.68997192382812,1081000,0.0,0.0
2021-11-22 00:00:00+08:00,71.42412627069697,72.576131033462,71.24689788911591,71.95581817626953,689000,0.0,0.0
2021-11-23 00:00:00+08:00,71.95581823397174,72.84197366424642,69.91766480083763,70.00627899169922,2420000,0.0,0.0
2021-11-24 00:00:00+08:00,70.1835079692968,70.89243502386725,69.56320186716975,70.53797149658203,1101000,0.0,0.0
2021-11-25 00:00:00+08:00,70.53796841955456,71.1582812554516,69.82904815673828,69.82904815673828,924000,0.0,0.0
2021-11-26 00:00:00+08:00,69.65181552647807,69.91766486011764,67.1705843761029,68.0567398071289,1846000,0.0,0.0
2021-11-29 00:00:00+08:00,66.1071858332945,68.8542659861546,66.1071858332945,68.49980926513672,860000,0.0,0.0
2021-11-30 00:00:00+08:00,70.00627318726893,70.53796504918368,68.3225766571815,69.65180969238281,1294000,0.0,0.0
2021-12-01 00:00:00+08:00,68.76565822796609,70.00627714987658,68.23396633595566,69.38597106933594,1209000,0.0,0.0
2021-12-02 00:00:00+08:00,69.38597997740288,69.9176719376742,66.99335601493688,67.08197021484375,2183000,0.0,0.0
2021-12-03 00:00:00+08:00,67.61366400097221,68.05674172899738,66.72750854492188,66.72750854492188,1381000,0.0,0.0
2021-12-06 00:00:00+08:00,66.81612396240234,67.0819665475898,65.75273333916336,66.81612396240234,1250000,0.0,0.0
2021-12-07 00:00:00+08:00,66.90473624667727,69.56320258760485,66.90473624667727,68.14535522460938,1192000,0.0,0.0
2021-12-08 00:00:00+08:00,69.38596584095097,69.38596584095097,68.49981050076426,68.58842468261719,999000,0.0,0.0
2021-12-09 00:00:00+08:00,68.76565180590013,69.47457876959307,67.52503299985179,68.49980926513672,1185000,0.0,0.0
2021-12-10 00:00:00+08:00,68.67704654250453,68.67704654250453,67.34781338361734,67.61366271972656,833000,0.0,0.0
2021-12-13 00:00:00+08:00,69.297347388632,69.6518108896109,68.49981296246565,68.76565551757812,1213000,0.0,0.0
2021-12-14 00:00:00+08:00,68.41119258889414,68.49981353550193,67.08195951972525,67.34780883789062,871000,0.0,0.0
2021-12-15 00:00:00+08:00,67.08197021484375,67.87951153566576,66.90474181503001,67.08197021484375,507000,0.0,0.0
2021-12-16 00:00:00+08:00,67.87950257204871,68.4111944621091,67.61366000743311,67.9681167602539,374000,0.0,0.0
2021-12-17 00:00:00+08:00,68.23396671531803,68.23396671531803,66.46165589154353,66.5502700805664,671000,0.0,0.0
2021-12-20 00:00:00+08:00,66.46165466308594,66.90473236083984,65.75272764234803,66.46165466308594,470000,0.0,0.0
2021-12-21 00:00:00+08:00,66.46165527791129,67.17058230520736,66.10719176426326,66.99334716796875,694000,0.0,0.0
2021-12-22 00:00:00+08:00,67.70227984849222,69.65181919510167,67.34781630524604,69.29735565185547,1604000,0.0,0.0
2021-12-23 00:00:00+08:00,71.68997500235699,72.13305271342121,70.18350672824103,71.42412567138672,4363000,0.0,0.0
2021-12-24 00:00:00+08:00,71.5127405188344,71.68997566138698,69.74042965828507,70.00627899169922,1549000,0.0,0.0
2021-12-27 00:00:00+08:00,70.8038171671251,73.81674685184238,70.8038171671251,73.1964340209961,4758000,0.0,0.0
2021-12-28 00:00:00+08:00,73.55089569091797,73.99397337580302,72.48751195152542,73.55089569091797,2722000,0.0,0.0
2021-12-29 00:00:00+08:00,74.43705943714488,74.43705943714488,73.01921203812711,73.10782623291016,1893000,0.0,0.0
2021-12-30 00:00:00+08:00,73.1078250087289,73.72813112265294,72.93059662213048,73.01921081542969,1336000,0.0,0.0
2022-01-03 00:00:00+08:00,74.61427460939487,75.23458738465217,73.10781328245152,75.1459732055664,4099000,0.0,0.0
2022-01-04 00:00:00+08:00,76.03213408250782,76.03213408250782,73.99397401022978,74.08258819580078,3017000,0.0,0.0
2022-01-05 00:00:00+08:00,74.34843683725228,74.70290033714195,71.77858491408827,72.57612609863281,2563000,0.0,0.0
2022-01-06 00:00:00+08:00,72.04443852337423,73.19643651564361,70.9810479603225,71.42412567138672,1461000,0.0,0.0
2022-01-07 00:00:00+08:00,72.31028109351516,72.31028109351516,68.76565940500139,71.42412567138672,2817000,0.0,0.0
2022-01-10 00:00:00+08:00,71.2468973114082,71.2468973114082,69.74042903686691,70.44935607910156,919000,0.0,0.0
2022-01-11 00:00:00+08:00,69.7404297174148,70.09489324199107,68.0567398071289,68.0567398071289,1740000,0.0,0.0
2022-01-12 00:00:00+08:00,68.2339660856987,68.49981541114347,67.87950257204871,67.9681167602539,517000,0.0,0.0
2022-01-13 00:00:00+08:00,68.23396882287547,68.4111972063953,66.63888632787906,67.61366271972656,2002000,0.0,0.0
2022-01-14 00:00:00+08:00,66.90473236083984,67.52503843336366,65.48688508019318,66.46165466308594,1161000,0.0,0.0
2022-01-17 00:00:00+08:00,66.63888060966025,67.34780760456619,66.01857455973922,67.25919342041016,320000,0.0,0.0
2022-01-18 00:00:00+08:00,67.7908877657894,69.03150667183897,67.4364242553711,67.4364242553711,735000,0.0,0.0
2022-01-19 00:00:00+08:00,67.43642487019352,68.0567377092883,66.55026946648314,67.9681167602539,530000,0.0,0.0
2022-01-20 00:00:00+08:00,68.32257840311534,68.32257840311534,66.99334533394645,67.34780883789062,269000,0.0,0.0
2022-01-21 00:00:00+08:00,66.72751041954425,67.17058816001709,66.28443267907139,66.373046875,448000,0.0,0.0
2022-01-24 00:00:00+08:00,64.68934387207031,66.46165466308594,63.44872496619355,66.46165466308594,1183000,0.0,0.0
2022-01-25 00:00:00+08:00,66.28442626901519,66.55026883109264,64.51211547851562,64.51211547851562,602000,0.0,0.0
2022-01-26 00:00:00+08:00,65.04380333801237,65.22103170176221,63.6259561455275,63.803184509277344,794000,0.0,0.0
2022-02-07 00:00:00+08:00,64.24625989553091,65.57549285888672,63.71456806235428,65.57549285888672,486000,0.0,0.0
2022-02-08 00:00:00+08:00,65.84135227641735,66.46165838366643,65.57550293855088,65.75273132324219,426000,0.0,0.0
2022-02-09 00:00:00+08:00,66.10719421914914,66.19580841064453,64.86657525572532,66.19580841064453,564000,0.0,0.0
2022-02-10 00:00:00+08:00,67.25919774372808,67.25919774372808,65.57550109322271,66.10719299316406,518000,0.0,0.0
2022-02-11 00:00:00+08:00,66.01858066110866,66.19580904579996,65.57550293855088,65.75273132324219,235000,0.0,0.0
2022-02-14 00:00:00+08:00,64.33488341766842,64.60073275328051,63.71457731567949,64.24626922607422,513000,0.0,0.0
2022-02-15 00:00:00+08:00,64.86656821343382,64.86656821343382,63.803184509277344,63.803184509277344,629000,0.0,0.0
2022-02-16 00:00:00+08:00,64.51211548804783,65.48688507080078,64.42349453984644,65.48688507080078,440000,0.0,0.0
2022-02-17 00:00:00+08:00,65.66411468621304,65.84134982513537,64.51211670694956,64.6007308959961,500000,0.0,0.0
2022-02-18 00:00:00+08:00,64.51211337694195,64.6893417458868,63.80318637950478,64.42349243164062,410000,0.0,0.0
2022-02-21 00:00:00+08:00,64.42348426264037,65.57548879719255,63.89179246239632,64.86656188964844,625000,0.0,0.0
2022-02-22 00:00:00+08:00,64.33488795685356,64.51212311337636,61.85365661300366,62.11949920654297,1762000,0.0,0.0
2022-02-23 00:00:00+08:00,62.38534739799534,63.09426772838189,62.11949804858176,62.739810943603516,486000,0.0,0.0
2022-02-24 00:00:00+08:00,62.0308773612498,62.0308773612498,59.46102537554649,60.169952392578125,1288000,0.0,0.0
2022-02-25 00:00:00+08:00,60.52441839519506,60.967496108890984,58.929335921557986,59.372413635253906,1530000,0.0,0.0
2022-03-01 00:00:00+08:00,59.99271835908788,60.52441701203563,59.283798089872924,59.54964065551758,1114000,0.0,0.0
2022-03-02 00:00:00+08:00,59.461027825827216,59.992719730096454,58.04318049416614,59.372413635253906,1392000,0.0,0.0
2022-03-03 00:00:00+08:00,60.52441776147871,60.52441776147871,59.5496413928905,59.81549072265625,571000,0.0,0.0
2022-03-04 00:00:00+08:00,59.37240974414921,59.37240974414921,57.42287063598633,57.42287063598633,2119000,0.0,0.0
2022-03-07 00:00:00+08:00,56.18225535546447,56.18225535546447,52.10593836798579,53.080711364746094,2363000,0.0,0.0
2022-03-08 00:00:00+08:00,53.080708887543565,53.080708887543565,49.80193328857422,49.80193328857422,3715000,0.0,0.0
2022-03-09 00:00:00+08:00,52.10594253547991,52.10594253547991,49.713322018049645,50.68809509277344,2123000,0.0,0.0
2022-03-10 00:00:00+08:00,51.92870407945448,55.38471142450969,51.30839801583158,53.1693229675293,3088000,0.0,0.0
2022-03-11 00:00:00+08:00,52.194560113408414,52.637637861806056,50.510863317331385,50.68809509277344,2682000,0.0,0.0
2022-03-14 00:00:00+08:00,51.397009893502435,52.1059334918127,50.95393222200673,51.574241638183594,797000,0.0,0.0
2022-03-15 00:00:00+08:00,51.75147407694358,51.75147407694358,49.62469987307462,49.713314056396484,1338000,0.0,0.0
2022-03-16 00:00:00+08:00,50.067777773476664,50.59946963660445,47.409311697008874,48.02962112426758,2631000,0.0,0.0
2022-03-17 00:00:00+08:00,49.62470097029928,51.39701171923854,49.270237468345634,51.21977996826172,1742000,0.0,0.0
2022-03-18 00:00:00+08:00,51.39701338945809,52.28316879272461,49.713316771085864,52.28316879272461,1137000,0.0,0.0
2022-03-21 00:00:00+08:00,52.19455429597157,52.814860370259,51.75147659695794,52.0173225402832,792000,0.0,0.0
2022-03-22 00:00:00+08:00,52.01732284782757,52.46040054946083,51.840091091091345,52.28316879272461,408000,0.0,0.0
2022-03-23 00:00:00+08:00,52.726244369123535,54.055477420445975,52.37178086993843,53.346553802490234,842000,0.0,0.0
2022-03-24 00:00:00+08:00,52.814859149085414,53.169322652266324,52.371781460316534,52.90347671508789,468000,0.0,0.0
2022-03-25 00:00:00+08:00,53.169324196847526,53.3465559535866,52.46040055030581,53.257938385009766,434000,0.0,0.0
2022-03-28 00:00:00+08:00,52.37178114664581,52.637630462646484,51.57424333988721,52.637630462646484,436000,0.0,0.0
2022-03-29 00:00:00+08:00,53.16932091346154,53.16932091346154,51.840087890625,51.840087890625,449000,0.0,0.0
2022-03-30 00:00:00+08:00,53.16932555517217,55.11886816827809,52.7262478422124,53.080711364746094,2665000,0.0,0.0
2022-03-31 00:00:00+08:00,53.169323881635734,53.169323881635734,51.928704972231735,52.0173225402832,654000,0.0,0.0
2022-04-01 00:00:00+08:00,51.751473707934984,51.840087890625,51.04254672475732,51.840087890625,417000,0.0,0.0
2022-04-06 00:00:00+08:00,51.84008958595967,52.99209090067587,51.84008958595967,52.90347671508789,637000,0.0,0.0
2022-04-07 00:00:00+08:00,52.46039881071614,52.46039881071614,50.0677786251145,50.24501037597656,1446000,0.0,0.0
2022-04-08 00:00:00+08:00,50.688088990173064,50.688088990173064,49.890547786911426,50.067779541015625,418000,0.0,0.0
2022-04-11 00:00:00+08:00,49.979161255196935,50.77669901263504,48.38407897949219,48.38407897949219,1289000,0.0,0.0
2022-04-12 00:00:00+08:00,48.384085720109404,49.35885873333083,47.497930279225244,47.5865478515625,918000,0.0,0.0
2022-04-13 00:00:00+08:00,47.94100297462143,49.093007631352634,47.94100297462143,48.47269821166992,644000,0.0,0.0
2022-04-14 00:00:00+08:00,48.827160337305216,50.067779227860484,48.827160337305216,49.80193328857422,459000,0.0,0.0
2022-04-15 00:00:00+08:00,49.44746839641382,49.97916364049577,49.004390716552734,49.004390716552734,347000,0.0,0.0
2022-04-18 00:00:00+08:00,48.91577819468162,49.35885588959647,48.38408293253509,49.09300994873047,464000,0.0,0.0
2022-04-19 00:00:00+08:00,49.536090757041265,49.71331914181456,48.82716369628906,48.82716369628906,268000,0.0,0.0
2022-04-20 00:00:00+08:00,49.890552599446174,49.890552599446174,48.82716535265921,48.9157829284668,313000,0.0,0.0
2022-04-21 00:00:00+08:00,49.44747039786654,50.33362579345703,48.82716094487028,50.33362579345703,338000,0.0,0.0
2022-04-22 00:00:00+08:00,50.33362487644588,52.283167387309824,50.156393124473794,50.51085662841797,1992000,0.0,0.0
2022-04-25 00:00:00+08:00,49.18162429811874,49.27023848522881,47.6751594543457,47.6751594543457,1162000,0.0,0.0
2022-04-26 00:00:00+08:00,47.76377961582228,48.02962557200458,47.40931608730272,47.5865478515625,484000,0.0,0.0
2022-04-27 00:00:00+08:00,45.28253785765723,46.34592497310974,45.19392367320887,45.90284729003906,1102000,0.0,0.0
2022-04-28 00:00:00+08:00,46.080079039350224,46.5231567224209,45.7256155407279,45.90284729003906,353000,0.0,0.0
2022-04-29 00:00:00+08:00,46.34592289523384,47.85238762621609,46.34592289523384,46.96623229980469,521000,0.0,0.0
2022-05-03 00:00:00+08:00,46.877620697021484,47.49792675528723,46.70038894591078,46.877620697021484,175000,0.0,0.0
2022-05-04 00:00:00+08:00,47.85239028930664,48.029622040535116,47.409312601442686,47.85239028930664,280000,0.0,0.0
2022-05-05 00:00:00+08:00,48.64993348000814,48.64993348000814,48.029624015409915,48.20685577392578,303000,0.0,0.0
2022-05-06 00:00:00+08:00,46.96623229980469,46.96623229980469,46.6117688170744,46.96623229980469,281000,0.0,0.0
2022-05-09 00:00:00+08:00,46.34592946944738,46.43454704290758,45.371159824288554,45.459774017333984,414000,0.0,0.0
2022-05-10 00:00:00+08:00,44.485001966283676,46.34592696291109,44.485001966283676,46.2573127746582,429000,0.0,0.0
2022-05-11 00:00:00+08:00,46.25731368083888,47.14346910238593,45.90285016005419,47.05485153198242,289000,0.0,0.0
2022-05-12 00:00:00+08:00,46.52315612447467,47.58654322625983,46.345924377441406,46.345924377441406,420000,0.0,0.0
2022-05-13 00:00:00+08:00,47.49792873986232,48.56131591054289,47.23208279229583,48.20685577392578,662000,0.0,0.0
2022-05-16 00:00:00+08:00,48.38408245472418,48.64993177337936,47.14346694946289,47.14346694946289,270000,0.0,0.0
2022-05-17 00:00:00+08:00,47.58654197285477,49.27023507428712,47.58654197285477,48.64992904663086,715000,0.0,0.0
2022-05-18 00:00:00+08:00,49.270235996621075,49.35885355966968,47.85238879198721,48.47269821166992,425000,0.0,0.0
2022-05-19 00:00:00+08:00,47.85238879198721,48.561312394304146,47.05484762662167,48.47269821166992,299000,0.0,0.0
2022-05-20 00:00:00+08:00,48.738542458629745,48.738542458629745,48.02961888076889,48.38407897949219,174000,0.0,0.0
2022-05-23 00:00:00+08:00,48.827158322621194,48.827158322621194,48.02962053767004,48.47269821166992,197000,0.0,0.0
2022-05-24 00:00:00+08:00,48.827159198722214,48.827159198722214,47.23208021978517,47.32069778442383,178000,0.0,0.0
2022-05-25 00:00:00+08:00,47.85239225689405,48.38408415202702,47.05485103377996,48.20685577392578,136000,0.0,0.0
2022-05-26 00:00:00+08:00,48.295468294139724,49.27023786167215,47.76377641737922,48.11823654174805,382000,0.0,0.0
2022-05-27 00:00:00+08:00,48.82716378873563,49.89055100146253,48.47270363810317,49.53609085083008,772000,0.0,0.0
2022-05-30 00:00:00+08:00,50.333623340543134,53.78963056708991,50.15639159397917,53.52378463745117,2744000,0.0,0.0
2022-05-31 00:00:00+08:00,54.764404296875,54.853021867151234,53.4351711664634,54.764404296875,3595000,0.0,0.0
2022-06-01 00:00:00+08:00,53.9668646495046,57.334251077898564,53.87824708217978,56.09363555908203,2824000,0.0,0.0
2022-06-02 00:00:00+08:00,55.473329542924425,56.62533432654725,54.14409637451172,54.14409637451172,1147000,0.0,0.0
2022-06-06 00:00:00+08:00,54.32132371128971,55.29609665024166,53.61240008867933,54.5871696472168,714000,0.0,0.0
2022-06-07 00:00:00+08:00,54.32132628527933,54.498558044433594,53.70101681844675,54.498558044433594,524000,0.0,0.0
2022-06-08 00:00:00+08:00,55.207480015612795,59.549639390081715,55.207480015612795,57.5114860534668,5762000,0.0,0.0
2022-06-09 00:00:00+08:00,56.6253308217873,57.60010039945847,55.650557863701586,56.09363555908203,1802000,0.0,0.0
2022-06-10 00:00:00+08:00,56.00502229434149,56.00502229434149,54.76440337468258,54.94163513183594,895000,0.0,0.0
2022-06-13 00:00:00+08:00,53.61240317903716,53.61240317903716,51.39701461791992,51.39701461791992,1907000,0.0,0.0
2022-06-14 00:00:00+08:00,50.6880879676569,53.080708148761644,49.97916434595554,52.637630462646484,1397000,0.0,0.0
2022-06-15 00:00:00+08:00,52.19455138221383,54.055476262019226,51.840087890625,51.840087890625,705000,0.0,0.0
2022-06-16 00:00:00+08:00,52.81485926281158,53.25793695253455,50.51085662841797,50.51085662841797,596000,0.0,0.0
2022-06-17 00:00:00+08:00,49.62470430949655,50.599473934838635,48.82716306664233,49.270240783691406,665000,0.0,0.0
2022-06-20 00:00:00+08:00,50.422239424974904,50.51085360545032,46.96623229980469,46.96623229980469,889000,0.0,0.0
2022-06-21 00:00:00+08:00,48.38408236558194,51.3970120078639,47.49792698613601,50.51085662841797,803000,0.0,0.0
2022-06-22 00:00:00+08:00,51.131169328849595,51.397015283543595,49.890550366391274,49.97916793823242,814000,0.0,0.0
2022-06-23 00:00:00+08:00,50.06777543477419,50.51085309348901,47.85238714120011,48.38407897949219,702000,0.0,0.0
2022-06-24 00:00:00+08:00,48.827158322621194,49.536085305352515,48.384080648621314,48.47269821166992,282000,0.0,0.0
2022-06-27 00:00:00+08:00,49.62470184596239,50.510857236068865,49.18162415090916,50.067779541015625,373000,0.0,0.0
2022-06-28 00:00:00+08:00,50.33362798069213,50.33362798069213,48.91578063830097,49.270240783691406,225000,0.0,0.0
2022-06-29 00:00:00+08:00,49.18162181398685,49.18162181398685,47.85238879198721,48.47269821166992,307000,0.0,0.0
2022-06-30 00:00:00+08:00,48.02962452393297,48.384084664302996,46.96623734199358,47.05485153198242,601000,0.0,0.0
2022-07-01 00:00:00+08:00,46.966236611053,47.05485079966273,44.750848091663705,44.83946228027344,991000,0.0,0.0
2022-07-04 00:00:00+08:00,44.485001837161995,45.19392548237118,43.42161467914093,43.598846435546875,717000,0.0,0.0
2022-07-05 00:00:00+08:00,44.66223390720845,45.10531161112753,43.42161498406921,43.86469268798828,806000,0.0,0.0
2022-07-06 00:00:00+08:00,43.997615969301265,44.66223250430331,43.0671501159668,43.0671501159668,503000,0.0,0.0
2022-07-07 00:00:00+08:00,42.535462088782985,43.86469527905745,41.82653839671956,43.77608108520508,664000,0.0,0.0
2022-07-08 00:00:00+08:00,44.39638366643646,45.548388377238815,44.17484481903825,45.016693115234375,558000,0.0,0.0
2022-07-11 00:00:00+08:00,45.28253936767578,45.72561706552159,44.83946166982997,45.28253936767578,405000,0.0,0.0
2022-07-12 00:00:00+08:00,45.10531257668761,45.10531257668761,43.02284529544025,43.200077056884766,409000,0.0,0.0
2022-07-13 00:00:00+08:00,44.39638458052532,44.573616338175874,43.86469268798828,43.86469268798828,339000,0.0,0.0
2022-07-14 00:00:00+08:00,44.30777288947802,45.81423784380323,43.42161743168845,45.72562026977539,497000,0.0,0.0
2022-07-15 00:00:00+08:00,45.72561963443931,46.523160887534374,45.371159484497426,46.168697357177734,347000,0.0,0.0
2022-07-18 00:00:00+08:00,46.611768487100896,47.14346370743235,46.2573083872942,46.70038604736328,325000,0.0,0.0
2022-07-19 00:00:00+08:00,46.0800778660641,46.87761902745019,45.9028461212656,46.78900146484375,254000,0.0,0.0
2022-07-20 00:00:00+08:00,47.852392763540635,47.852392763540635,46.96623734199358,47.05485153198242,469000,0.0,0.0
2022-07-21 00:00:00+08:00,47.763773715219834,48.738543227606236,46.966232564784185,48.64992904663086,456000,0.0,0.0
2022-07-22 00:00:00+08:00,49.00439131441711,49.35885481479629,48.0296217589961,48.56131362915039,363000,0.0,0.0
2022-07-25 00:00:00+08:00,47.76377686398594,49.18162413554762,47.76377686398594,49.09300994873047,254000,0.0,0.0
2022-07-26 00:00:00+08:00,49.18162011734456,49.18162011734456,47.675155401631336,48.38407897949219,346000,0.0,0.0
2022-07-27 00:00:00+08:00,47.852392855557525,48.738548278808594,47.76377866539829,48.738548278808594,205000,0.0,0.0
2022-07-28 00:00:00+08:00,49.18162367568357,49.18162367568357,47.94100478935638,48.11823654174805,232000,0.0,0.0
2022-07-29 00:00:00+08:00,49.004390068304026,49.35885355966968,48.206852283352866,48.47269821166992,309000,0.0,0.0
2022-08-01 00:00:00+08:00,48.91577564159707,48.91577564159707,46.78900146484375,46.78900146484375,363000,0.0,0.0
2022-08-02 00:00:00+08:00,46.43454578977483,46.43454578977483,45.105312647476865,45.371158599853516,475000,0.0,0.0
2022-08-03 00:00:00+08:00,45.193925180272444,46.08008057596406,45.01669342505121,45.28253936767578,380000,0.0,0.0
2022-08-04 00:00:00+08:00,45.24523531220355,46.36240236155912,45.24523531220355,45.85036849975586,418000,2.459932,0.0
2022-08-05 00:00:00+08:00,45.617631241731814,46.734798431396484,45.617631241731814,46.734798431396484,305000,0.0,0.0
2022-08-08 00:00:00+08:00,45.89691493299551,47.01408194696087,45.89691493299551,46.92098617553711,214000,0.0,0.0
2022-08-09 00:00:00+08:00,47.01408463620585,51.11036273793072,47.01408463620585,50.92416763305664,1336000,0.0,0.0
2022-08-10 00:00:00+08:00,51.20345660304963,52.32062363920957,50.83106640720428,51.01726150512695,1211000,0.0,0.0
2022-08-11 00:00:00+08:00,52.1344333814538,54.648058558334895,51.29655713870129,53.53089141845703,1731000,0.0,0.0
2022-08-12 00:00:00+08:00,53.065405914743955,54.089473731144565,52.41372478095426,53.903282165527344,749000,0.0,0.0
2022-08-15 00:00:00+08:00,54.554957493557104,55.57902881901632,54.08947149599646,55.3928337097168,1009000,0.0,0.0
2022-08-16 00:00:00+08:00,55.39283423381772,57.25477824167714,54.46186222988801,55.951416015625,3336000,0.0,0.0
2022-08-17 00:00:00+08:00,56.04451648698018,56.696197613263664,54.741154234413216,55.11354446411133,1279000,0.0,0.0
2022-08-18 00:00:00+08:00,56.04451316293361,56.69619425056535,55.299736299087144,55.672122955322266,1565000,0.0,0.0
2022-08-19 00:00:00+08:00,55.95141328714288,57.068580347654915,55.392831532574945,56.69619369506836,915000,0.0,0.0
2022-08-22 00:00:00+08:00,56.32380512292517,57.06858200105223,55.858319130173726,56.60309600830078,323000,0.0,0.0
2022-08-23 00:00:00+08:00,55.672120203367406,55.85831529796918,54.92734337633636,55.02043914794922,566000,0.0,0.0
2022-08-24 00:00:00+08:00,55.76522201182601,55.95141356335035,54.92734582446171,55.48592758178711,369000,0.0,0.0
2022-08-25 00:00:00+08:00,55.858318596794675,57.25477656171454,55.57902771408595,56.04451370239258,597000,0.0,0.0
2022-08-26 00:00:00+08:00,57.25477656171454,57.25477656171454,56.04451370239258,56.04451370239258,857000,0.0,0.0
2022-08-29 00:00:00+08:00,54.461859298964676,54.927345275878906,53.81017822100952,54.927345275878906,555000,0.0,0.0
2022-08-30 00:00:00+08:00,55.02044186769053,56.6030949229744,55.02044186769053,55.672122955322266,767000,0.0,0.0
2022-08-31 00:00:00+08:00,54.92734664525741,55.85831862229567,54.46186065673828,54.46186065673828,977000,0.0,0.0
2022-09-01 00:00:00+08:00,54.08947019668573,54.368764629614105,52.41372135599669,52.69301223754883,892000,0.0,0.0
2022-09-02 00:00:00+08:00,53.06540540612262,53.623987200373335,52.69301517570452,53.53089141845703,350000,0.0,0.0
2022-09-05 00:00:00+08:00,53.9963707066135,53.9963707066135,51.29655075073242,51.29655075073242,616000,0.0,0.0
2022-09-06 00:00:00+08:00,51.11036553375459,51.66894732755597,49.15532215269688,49.99319839477539,1077000,0.0,0.0
2022-09-07 00:00:00+08:00,49.900099567062604,50.644880034844576,48.410545734251606,50.551780700683594,436000,0.0,0.0
2022-09-08 00:00:00+08:00,51.110366051520074,51.110366051520074,50.0862946840081,50.551780700683594,295000,0.0,0.0
2022-09-12 00:00:00+08:00,51.29655208471448,51.389651408834624,50.644874572753906,50.644874572753906,577000,0.0,0.0
2022-09-13 00:00:00+08:00,51.38965386765254,53.90327891714733,51.29655453907791,52.879207611083984,1710000,0.0,0.0
2022-09-14 00:00:00+08:00,52.32062774101125,57.99955558892137,51.76204240345159,57.90645980834961,6710000,0.0,0.0
2022-09-15 00:00:00+08:00,59.48911302861582,61.72344727951624,58.74433257739808,61.25796127319336,11276000,0.0,0.0
2022-09-16 00:00:00+08:00,61.07175852369901,61.25795717542433,58.465037772939205,59.67530059814453,4888000,0.0,0.0
2022-09-19 00:00:00+08:00,59.11672080053753,59.489111013532366,55.67212376015222,56.416900634765625,4042000,0.0,0.0
2022-09-20 00:00:00+08:00,57.06858331962998,58.83743155350549,56.13761131261685,57.72026443481445,3427000,0.0,0.0
2022-09-21 00:00:00+08:00,58.74432973829906,59.02362416969567,55.672122955322266,55.672122955322266,3566000,0.0,0.0
2022-09-22 00:00:00+08:00,54.46186010764974,55.85831805912794,54.182569227629344,55.672122955322266,1070000,0.0,0.0
2022-09-23 00:00:00+08:00,55.85832003889413,56.510001149623164,53.530890037273544,53.996376037597656,1825000,0.0,0.0
2022-09-26 00:00:00+08:00,52.972309581594445,53.15850114527728,49.52771238281542,49.99319839477539,2067000,0.0,0.0
2022-09-27 00:00:00+08:00,49.99319539534503,50.737972259521484,48.59673744324812,50.737972259521484,1139000,0.0,0.0
2022-09-28 00:00:00+08:00,50.73797123323237,50.73797123323237,45.85036849975586,45.85036849975586,2856000,0.0,0.0
2022-09-29 00:00:00+08:00,47.014085664013315,47.014085664013315,45.80382278293774,46.129661560058594,968000,0.0,0.0
2022-09-30 00:00:00+08:00,44.267716131748365,47.200279235839844,44.221168243872164,47.200279235839844,1036000,0.0,0.0
2022-10-03 00:00:00+08:00,46.8278934567909,46.8278934567909,45.47798327251468,46.176212310791016,510000,0.0,0.0
2022-10-04 00:00:00+08:00,47.85196032023531,47.85196032023531,46.362403048563365,47.200279235839844,781000,0.0,0.0
2022-10-05 00:00:00+08:00,48.4105448289781,50.644879087789185,47.7588637075435,48.03815460205078,2196000,0.0,0.0
2022-10-06 00:00:00+08:00,49.52770998975227,49.52770998975227,47.386475148471185,47.9450569152832,918000,0.0,0.0
2022-10-07 00:00:00+08:00,47.57266616821289,48.2243472564164,47.38647461562008,47.57266616821289,636000,0.0,0.0
2022-10-11 00:00:00+08:00,46.548599283421346,46.734794390830295,44.6866553120845,44.965946197509766,1174000,0.0,0.0
2022-10-12 00:00:00+08:00,45.05904840066522,45.33833930390303,44.26772003155217,44.8263053894043,651000,0.0,0.0
2022-10-13 00:00:00+08:00,45.61762996625613,45.61762996625613,40.590379529016076,41.1024169921875,2639000,0.0,0.0
2022-10-14 00:00:00+08:00,42.54542185700476,43.29019875980133,42.03338795829314,42.917808532714844,725000,0.0,0.0
2022-10-17 00:00:00+08:00,41.84719217121302,43.150550842285156,41.05586383923488,43.150550842285156,607000,0.0,0.0
2022-10-18 00:00:00+08:00,44.2677187532361,44.40736597651068,42.82471283536328,43.709136962890625,675000,0.0,0.0
2022-10-19 00:00:00+08:00,43.70913355083171,44.17461952357459,42.96435670471833,43.29019546508789,463000,0.0,0.0
2022-10-20 00:00:00+08:00,42.31267954770602,42.82471345482538,41.70754630659812,42.49887466430664,590000,0.0,0.0
2022-10-21 00:00:00+08:00,42.26612910406737,42.591967874909614,41.14896202330268,41.24205780029297,553000,0.0,0.0
2022-10-24 00:00:00+08:00,42.545419824604295,44.31426444032615,42.545419824604295,43.61603546142578,1155000,0.0,0.0
2022-10-25 00:00:00+08:00,44.36081450456773,45.05904346181879,43.89532853306702,44.081520080566406,1727000,0.0,0.0
2022-10-26 00:00:00+08:00,44.77974903781747,44.91939624981813,42.35922340656425,44.081520080566406,1321000,0.0,0.0
2022-10-27 00:00:00+08:00,44.50046199184823,47.665768290792535,44.50046199184823,46.45550537109375,3473000,0.0,0.0
2022-10-28 00:00:00+08:00,45.94346574001699,48.87602889422074,45.757274185330495,47.9450569152832,4658000,0.0,0.0
2022-10-31 00:00:00+08:00,49.341519506362985,49.43461529242813,46.734798431396484,46.734798431396484,3654000,0.0,0.0
2022-11-01 00:00:00+08:00,46.64169175851374,47.293372812608204,45.710719838771944,46.92098617553711,1569000,0.0,0.0
2022-11-02 00:00:00+08:00,47.20027600798332,49.34151066624321,47.20027600798332,47.75885772705078,2812000,0.0,0.0
2022-11-03 00:00:00+08:00,46.73479507992742,49.15532085780509,46.73479507992742,48.87602996826172,1718000,0.0,0.0
2022-11-04 00:00:00+08:00,48.41054499260733,50.36558481214283,48.03815476442132,49.807003021240234,5324000,0.0,0.0
2022-11-07 00:00:00+08:00,49.99319403061855,51.110361072074625,49.155317861682455,49.62080383300781,2583000,0.0,0.0
2022-11-08 00:00:00+08:00,49.90009906155753,50.83107108547746,49.43461304959757,49.99319839477539,1334000,0.0,0.0
2022-11-09 00:00:00+08:00,51.01726286568737,53.90327808201463,50.08629090262236,52.134429931640625,4449000,0.0,0.0
2022-11-10 00:00:00+08:00,52.0413347109249,53.43779267041616,50.92416763305664,50.92416763305664,2082000,0.0,0.0
2022-11-11 00:00:00+08:00,53.25159755202933,53.53088843358147,50.55177741048082,52.69301223754883,3279000,0.0,0.0
2022-11-14 00:00:00+08:00,52.50682147894873,53.34469413628888,51.948236156012335,53.2515983581543,1824000,0.0,0.0
2022-11-15 00:00:00+08:00,53.9032772226752,54.18256809686694,51.11036137800553,51.389652252197266,3297000,0.0,0.0
2022-11-16 00:00:00+08:00,51.203457701808944,52.50681986386,51.11036192653794,51.94823455810547,1158000,0.0,0.0
2022-11-17 00:00:00+08:00,52.227527560424356,54.182570883051355,52.13443178136531,53.8101806640625,2296000,0.0,0.0
2022-11-18 00:00:00+08:00,53.996376037597656,55.11354314865081,53.25159914735434,53.996376037597656,2530000,0.0,0.0
2022-11-21 00:00:00+08:00,54.927348038245896,55.579029148974925,53.90328025808337,53.996376037597656,1398000,0.0,0.0
2022-11-22 00:00:00+08:00,53.996376375181484,53.996376375181484,52.3206274738132,52.599918365478516,917000,0.0,0.0
2022-11-23 00:00:00+08:00,53.530888975712294,53.530888975712294,52.786112100238505,53.06540298461914,476000,0.0,0.0
2022-11-24 00:00:00+08:00,53.06540730265954,53.81018423873734,52.599921273688835,53.43779754638672,789000,0.0,0.0
2022-11-25 00:00:00+08:00,53.06540383585201,53.6239856135736,52.04133605957031,52.04133605957031,849000,0.0,0.0
2022-11-28 00:00:00+08:00,51.48275409388385,53.99637936060093,51.389658308640335,53.43779754638672,1000000,0.0,0.0
2022-11-29 00:00:00+08:00,53.81017792079689,53.81017792079689,52.50681932353433,52.97230529785156,704000,0.0,0.0
2022-11-30 00:00:00+08:00,53.065404103489556,53.99637610530516,52.41372299194336,52.41372299194336,812000,0.0,0.0
2022-12-01 00:00:00+08:00,53.34469038409729,54.92734336069769,53.34469038409729,54.83424758911133,1772000,0.0,0.0
2022-12-02 00:00:00+08:00,54.92734472717037,55.85831667169868,54.08946855654444,54.554954528808594,1242000,0.0,0.0
2022-12-05 00:00:00+08:00,54.27566419792375,55.39283125279313,54.27566419792375,54.927345275878906,587000,0.0,0.0
2022-12-06 00:00:00+08:00,54.741153541749725,54.741153541749725,52.693014407078955,52.78611373901367,965000,0.0,0.0
2022-12-07 00:00:00+08:00,52.413719974692356,52.972305274451976,51.29655292654925,51.389652252197266,1001000,0.0,0.0
2022-12-08 00:00:00+08:00,51.389654951310895,52.32062694843111,51.1103640624501,52.04133605957031,445000,0.0,0.0
2022-12-09 00:00:00+08:00,52.32062614404187,52.32062614404187,51.38965416123463,51.482749938964844,369000,0.0,0.0
2022-12-12 00:00:00+08:00,50.08629285720055,50.08629285720055,48.410543968563985,48.87602996826172,1248000,0.0,0.0
2022-12-13 00:00:00+08:00,48.59673584656912,49.99319375278446,48.59673584656912,49.434608459472656,430000,0.0,0.0
2022-12-14 00:00:00+08:00,49.43461304959757,50.27248929167608,48.876031255796185,49.99319839477539,473000,0.0,0.0
2022-12-15 00:00:00+08:00,49.43461201272834,50.08629312607885,48.87603023064296,49.062225341796875,655000,0.0,0.0
2022-12-16 00:00:00+08:00,48.41054069384127,48.41054069384127,47.29337365986202,47.66576385498047,1023000,0.0,0.0
2022-12-19 00:00:00+08:00,47.66576385498047,47.94505472563126,47.10717856230279,47.66576385498047,418000,0.0,0.0
2022-12-20 00:00:00+08:00,47.66576549588552,48.68983324065088,47.29337528794745,47.57266616821289,714000,0.0,0.0
2022-12-21 00:00:00+08:00,47.75886479187792,47.94505990956902,46.08311583541099,46.22276306152344,1136000,0.0,0.0
2022-12-22 00:00:00+08:00,46.8278934567909,46.920992792720334,45.943469298032234,46.176212310791016,492000,0.0,0.0
2022-12-23 00:00:00+08:00,45.9434674015819,46.31585762717507,45.245238392127,46.08311462402344,372000,0.0,0.0
2022-12-26 00:00:00+08:00,45.94346645111397,46.82789055506869,45.57107978460105,46.129661560058594,441000,0.0,0.0
2022-12-27 00:00:00+08:00,46.827889030077806,47.85196032023531,46.50205026356818,47.200279235839844,811000,0.0,0.0
2022-12-28 00:00:00+08:00,46.64169677299954,46.64169677299954,44.36081816551389,44.6866569519043,1594000,0.0,0.0
2022-12-29 00:00:00+08:00,44.686656095769024,45.8969189880875,44.686656095769024,45.524532318115234,449000,0.0,0.0
2022-12-30 00:00:00+08:00,45.664175186761085,46.17620906860346,44.87285041949344,44.965946197509766,465000,0.0,0.0
2023-01-03 00:00:00+08:00,45.152140208653044,46.315855162484304,45.059044432897025,45.61762619018555,754000,0.0,0.0
2023-01-04 00:00:00+08:00,46.269309043935756,47.10718171190864,46.08311393392745,46.31585693359375,989000,0.0,0.0
2023-01-05 00:00:00+08:00,47.293373107910156,48.13124926145993,47.10717801252398,47.293373107910156,813000,0.0,0.0
2023-01-06 00:00:00+08:00,47.293375819751674,47.9450569152832,46.92098915900242,47.9450569152832,532000,0.0,0.0
2023-01-09 00:00:00+08:00,48.22434806667896,48.5967382808739,48.03815295958148,48.13125228881836,638000,0.0,0.0
2023-01-10 00:00:00+08:00,48.31744712740872,48.68983378815798,47.9450569152832,47.9450569152832,432000,0.0,0.0
2023-01-11 00:00:00+08:00,47.47957011447327,47.758860993106694,47.01408413295883,47.200279235839844,654000,0.0,0.0
2023-01-12 00:00:00+08:00,47.293374739330275,48.038151595190556,47.01408386230469,47.01408386230469,387000,0.0,0.0
2023-01-13 00:00:00+08:00,47.47957460279079,47.47957460279079,46.176212310791016,46.176212310791016,360000,0.0,0.0
2023-01-16 00:00:00+08:00,46.176212310791016,46.734797672238,46.129664418514565,46.176212310791016,242000,0.0,0.0
2023-01-17 00:00:00+08:00,46.17620794568234,47.47957011447327,46.17620794568234,47.200279235839844,460000,0.0,0.0
2023-01-30 00:00:00+08:00,47.479570925814436,48.22434779868921,47.293375819751674,47.9450569152832,613000,0.0,0.0
2023-01-31 00:00:00+08:00,48.13125281866139,48.876029703873726,48.038153488399644,48.68983459472656,677000,0.0,0.0
2023-02-01 00:00:00+08:00,49.062225341796875,49.15532112168565,48.317448448557585,49.062225341796875,551000,0.0,0.0
2023-02-02 00:00:00+08:00,49.52771101569386,50.458683013916016,49.341515905774166,50.458683013916016,969000,0.0,0.0
2023-02-03 00:00:00+08:00,50.45868361721585,50.45868361721585,49.24842071533203,49.24842071533203,897000,0.0,0.0
2023-02-06 00:00:00+08:00,49.06222316011743,49.527709141614984,48.41054207574562,48.78293228149414,543000,0.0,0.0
2023-02-07 00:00:00+08:00,49.062223705673425,49.713904797291725,49.062223705673425,49.341514587402344,358000,0.0,0.0
2023-02-08 00:00:00+08:00,49.62080546913126,49.713904797291725,48.96912437751296,49.341514587402344,446000,0.0,0.0
2023-02-09 00:00:00+08:00,49.341514587402344,50.17939078396533,49.24841881061812,49.341514587402344,374000,0.0,0.0
2023-02-10 00:00:00+08:00,49.15532059190631,49.62080658908606,48.68983459472656,48.68983459472656,449000,0.0,0.0
2023-02-13 00:00:00+08:00,48.503639747952995,49.06222507841608,48.03815374825527,48.87602996826172,302000,0.0,0.0
2023-02-14 00:00:00+08:00,49.06222507841608,49.248420188570435,48.410543968563985,48.87602996826172,397000,0.0,0.0
2023-02-15 00:00:00+08:00,49.15532032184802,49.248419651598276,48.317447662353516,48.317447662353516,352000,0.0,0.0
2023-02-16 00:00:00+08:00,48.41054422844636,49.527711343993474,48.41054422844636,49.062225341796875,433000,0.0,0.0
2023-02-17 00:00:00+08:00,48.78293709432687,50.365586746458824,48.78293709432687,49.71390914916992,778000,0.0,0.0
2023-02-20 00:00:00+08:00,50.17938912942391,50.458680001943904,49.43460873420244,49.62080383300781,530000,0.0,0.0
2023-02-21 00:00:00+08:00,50.36558532714844,51.01726645744941,49.99319864653106,50.36558532714844,986000,0.0,0.0
2023-02-22 00:00:00+08:00,49.99319595013546,50.17939105608989,49.34151485498307,49.5277099609375,549000,0.0,0.0
2023-02-23 00:00:00+08:00,50.0862916543832,54.46186065673828,49.62080566586407,54.46186065673828,4055000,0.0,0.0
2023-02-24 00:00:00+08:00,55.392830919281906,56.78928884161674,51.389652252197266,51.389652252197266,12523000,0.0,0.0
2023-03-01 00:00:00+08:00,51.2034565612292,51.76203830316489,49.434608459472656,49.434608459472656,3212000,0.0,0.0
2023-03-02 00:00:00+08:00,49.993198288409005,52.04133744695047,49.993198288409005,51.76204299926758,3076000,0.0,0.0
2023-03-03 00:00:00+08:00,52.0413333492171,53.437791272168795,51.762038923525836,52.97230529785156,2566000,0.0,0.0
2023-03-06 00:00:00+08:00,53.251597822629975,54.08947047154407,52.69301250531099,52.879207611083984,1537000,0.0,0.0
2023-03-07 00:00:00+08:00,53.065405149149,53.62398694069474,52.32062824329588,53.344696044921875,831000,0.0,0.0
2023-03-08 00:00:00+08:00,52.87920598232069,53.53088705676524,52.41372000791404,53.15849685668945,716000,0.0,0.0
2023-03-09 00:00:00+08:00,53.9963755582419,53.9963755582419,51.855140686035156,51.855140686035156,1122000,0.0,0.0
2023-03-10 00:00:00+08:00,51.668947587750374,51.668947587750374,50.2724895448382,50.36558532714844,1067000,0.0,0.0
2023-03-13 00:00:00+08:00,49.713902652865364,51.110360552649496,49.43460823180767,50.8310661315918,825000,0.0,0.0
2023-03-14 00:00:00+08:00,50.737969026041995,51.94823179712193,50.64487325571892,51.29655075073242,927000,0.0,0.0
2023-03-15 00:00:00+08:00,51.76204135597102,52.22752735216276,51.482750468531236,51.855140686035156,613000,0.0,0.0
2023-03-16 00:00:00+08:00,51.482752471753464,51.668947587750374,49.807003530534146,50.36558532714844,633000,0.0,0.0
2023-03-17 00:00:00+08:00,50.644876751433635,51.203458514679646,50.644876751433635,50.92416763305664,213000,0.0,0.0
2023-03-20 00:00:00+08:00,51.01726339162532,52.69301223214243,50.92416761490958,52.50682067871094,914000,0.0,0.0
2023-03-21 00:00:00+08:00,52.50681930034036,52.50681930034036,51.389652252197266,51.389652252197266,1050000,0.0,0.0
2023-03-22 00:00:00+08:00,52.04133552809556,52.32062641410408,51.6689453125,51.6689453125,740000,0.0,0.0
2023-03-23 00:00:00+08:00,52.599921262262164,54.83425562138676,52.13443523339259,53.62398910522461,6517000,0.0,0.0
2023-03-24 00:00:00+08:00,53.81018422704775,54.46186537774047,53.43779753477803,53.62398910522461,2131000,0.0,0.0
2023-03-27 00:00:00+08:00,53.15849821847364,53.43779265137336,52.13443046909547,52.50682067871094,967000,0.0,0.0
2023-03-28 00:00:00+08:00,52.59991924410054,52.78611435877972,51.3896563257505,51.57585144042969,1035000,0.0,0.0
2023-03-29 00:00:00+08:00,52.134426889144066,52.134426889144066,51.11035921008628,51.29655075073242,516000,0.0,0.0
2023-03-30 00:00:00+08:00,51.5758481743521,52.50682013741711,51.29655374433163,52.134429931640625,440000,0.0,0.0
2023-03-31 00:00:00+08:00,52.1344326209762,53.065404632065054,52.1344326209762,52.78611373901367,662000,0.0,0.0
2023-04-06 00:00:00+08:00,52.786112100238505,53.34469386899978,52.32062610914536,53.06540298461914,451000,0.0,0.0
2023-04-07 00:00:00+08:00,53.15849685668945,53.810177931134,52.6930108822828,53.15849685668945,745000,0.0,0.0
2023-04-10 00:00:00+08:00,53.90327999449787,54.741152660158306,53.8101806640625,53.8101806640625,1732000,0.0,0.0
2023-04-11 00:00:00+08:00,53.996377948335954,54.554959747940565,53.81018283134226,53.903282165527344,662000,0.0,0.0
2023-04-12 00:00:00+08:00,54.27566884133559,54.6480590752763,53.43779614203369,54.089473724365234,785000,0.0,0.0
2023-04-13 00:00:00+08:00,53.62398445685334,54.834250868104085,53.62398445685334,54.46186065673828,1196000,0.0,0.0
2023-04-14 00:00:00+08:00,54.83425252502664,55.39283430757772,54.089472079790056,54.18257141113281,1110000,0.0,0.0
2023-04-17 00:00:00+08:00,54.182568423091375,55.11354037691983,54.182568423091375,54.927345275878906,781000,0.0,0.0
2023-04-18 00:00:00+08:00,54.92734971960653,55.020445501970535,53.53089167588772,53.71708679199219,859000,0.0,0.0
2023-04-19 00:00:00+08:00,53.81017930961258,53.99637441442031,52.32062557390321,52.50682067871094,836000,0.0,0.0
2023-04-20 00:00:00+08:00,52.41372192177208,52.506821250878566,50.92416816983101,51.482749938964844,1020000,0.0,0.0
2023-04-21 00:00:00+08:00,51.855142709722976,51.948238492043934,49.90009931859477,50.17939376831055,1063000,0.0,0.0
2023-04-24 00:00:00+08:00,49.71390749787469,50.64487952179462,49.71390749787469,49.99319839477539,321000,0.0,0.0
2023-04-25 00:00:00+08:00,50.17939376252797,52.04133781974421,49.24842173391986,50.36558532714844,1777000,0.0,0.0
2023-04-26 00:00:00+08:00,49.80700338803805,50.08629428554615,47.94505933614878,48.410545349121094,2010000,0.0,0.0
2023-04-27 00:00:00+08:00,48.41054370669397,49.15532059190631,48.038153488399644,48.68983459472656,414000,0.0,0.0
2023-04-28 00:00:00+08:00,48.78293094433972,49.434608459472656,48.78293094433972,49.434608459472656,462000,0.0,0.0
2023-05-02 00:00:00+08:00,49.43461492973842,50.27249120368378,48.969128900074686,50.08629608154297,492000,0.0,0.0
2023-05-03 00:00:00+08:00,49.99319375278446,50.365580396949554,49.34151268627541,49.434608459472656,324000,0.0,0.0
2023-05-04 00:00:00+08:00,49.434610632272154,49.80700084418102,48.78293308849603,49.5277099609375,302000,0.0,0.0
2023-05-05 00:00:00+08:00,50.08628980433317,50.17938912942391,49.248417186773196,49.62080383300781,305000,0.0,0.0
2023-05-08 00:00:00+08:00,50.17939050977922,50.27248628605476,49.15531921386719,49.15531921386719,243000,0.0,0.0
2023-05-09 00:00:00+08:00,49.15532225960152,49.15532225960152,47.94505933614878,48.410545349121094,542000,0.0,0.0
2023-05-10 00:00:00+08:00,48.2243467042845,48.96912356025729,47.94505582721673,48.596736907958984,247000,0.0,0.0
2023-05-11 00:00:00+08:00,47.94505308585625,47.94505308585625,45.15213737211705,45.571075439453125,2151000,0.0,0.0
2023-05-12 00:00:00+08:00,45.291787019756086,46.17620753567972,44.87284892983764,46.036563873291016,581000,0.0,0.0
2023-05-15 00:00:00+08:00,45.99001612198748,45.99001612198748,45.338335041448964,45.43143081665039,290000,0.0,0.0
2023-05-16 00:00:00+08:00,45.617624067348174,47.293372812608204,45.617624067348174,46.92098617553711,417000,0.0,0.0
2023-05-17 00:00:00+08:00,46.92098808708822,47.85196004475762,46.73479298527911,47.01408386230469,402000,0.0,0.0
2023-05-18 00:00:00+08:00,47.479567906831775,47.479567906831775,46.548595987089975,46.92098617553711,286000,0.0,0.0
2023-05-19 00:00:00+08:00,47.293372812608204,47.75885877247911,46.82788685273731,46.92098617553711,317000,0.0,0.0
2023-05-22 00:00:00+08:00,47.47956848144531,47.47956848144531,46.827887419463984,47.47956848144531,228000,0.0,0.0
2023-05-23 00:00:00+08:00,47.94505637615096,47.94505637615096,47.01408440768201,47.57266616821289,207000,0.0,0.0
2023-05-24 00:00:00+08:00,47.29337282866177,47.29337282866177,46.548596002890726,47.107177734375,314000,0.0,0.0
2023-05-25 00:00:00+08:00,47.665765217354284,47.665765217354284,46.734793254325396,47.200279235839844,204000,0.0,0.0
2023-05-26 00:00:00+08:00,47.3864781078722,47.47957389102951,46.22276306152344,46.22276306152344,589000,0.0,0.0
2023-05-29 00:00:00+08:00,46.54859841731288,47.572666161943275,46.50205052917081,47.386474609375,328000,0.0,0.0
2023-05-30 00:00:00+08:00,47.386471098131125,48.1312479073464,47.20027600798332,47.75885772705078,204000,0.0,0.0
2023-05-31 00:00:00+08:00,47.94505416607375,48.41054012885117,47.293373107910156,47.293373107910156,521000,0.0,0.0
2023-06-01 00:00:00+08:00,47.38647215149317,47.57266369440391,46.82788686863286,47.107177734375,309000,0.0,0.0
2023-06-02 00:00:00+08:00,47.107180183978414,48.13125148011999,47.107180183978414,47.57266616821289,321000,0.0,0.0
2023-06-05 00:00:00+08:00,48.68983799255175,51.20346326301126,48.68983799255175,50.08629608154297,2322000,0.0,0.0
2023-06-06 00:00:00+08:00,49.341517375065735,49.62080827257383,47.94505933614878,48.410545349121094,1242000,0.0,0.0
2023-06-07 00:00:00+08:00,48.410543442813434,48.782933659077905,48.13125255630324,48.503639221191406,453000,0.0,0.0
2023-06-08 00:00:00+08:00,47.47956903124949,48.50363674666717,47.47956903124949,47.851959228515625,420000,0.0,0.0
2023-06-09 00:00:00+08:00,47.945057181720884,48.6898340587345,47.851961403860294,48.13125228881836,447000,0.0,0.0
2023-06-12 00:00:00+08:00,48.22434911729245,49.062225341796875,48.03815400613854,49.062225341796875,411000,0.0,0.0
2023-06-13 00:00:00+08:00,49.062223705673425,49.713904797291725,48.96912437751296,49.341514587402344,542000,0.0,0.0
2023-06-14 00:00:00+08:00,49.06222343759165,49.713904525649085,49.06222343759165,49.15531921386719,335000,0.0,0.0
2023-06-15 00:00:00+08:00,51.482752471753464,51.482752471753464,50.2724895448382,50.36558532714844,1428000,0.0,0.0
2023-06-16 00:00:00+08:00,50.73797530363604,50.73797530363604,49.90009906155753,49.99319839477539,548000,0.0,0.0
2023-06-19 00:00:00+08:00,50.3655855837381,51.110366051520074,49.807003784278095,50.551780700683594,797000,0.0,0.0
2023-06-20 00:00:00+08:00,50.55178018857677,50.83107108547746,49.90009906155753,49.99319839477539,462000,0.0,0.0
2023-06-21 00:00:00+08:00,49.99320004429747,50.64488119281888,49.8070049230947,49.90010070800781,315000,0.0,0.0
2023-06-26 00:00:00+08:00,50.27248628605476,50.83106804646043,49.15531921386719,49.15531921386719,888000,0.0,0.0
2023-06-27 00:00:00+08:00,48.87602943534985,49.15532032184802,48.131252554229306,48.317447662353516,575000,0.0,0.0
2023-06-28 00:00:00+08:00,48.7829336569759,49.062224543474066,48.317447662353516,48.317447662353516,264000,0.0,0.0
2023-06-29 00:00:00+08:00,49.155317588504815,49.52770778404601,48.78293094433972,49.434608459472656,373000,0.0,0.0
2023-06-30 00:00:00+08:00,49.15531893586646,49.341514038740726,48.596737178619875,48.78293228149414,247000,0.0,0.0
2023-07-03 00:00:00+08:00,48.876026717536966,49.620803557243256,48.503636521995766,49.434608459472656,405000,0.0,0.0
2023-07-04 00:00:00+08:00,49.43461304959757,50.3655850735175,49.43461304959757,49.99319839477539,557000,0.0,0.0
2023-07-05 00:00:00+08:00,49.993194329862426,52.50681930034036,49.993194329862426,51.389652252197266,2431000,0.0,0.0
2023-07-06 00:00:00+08:00,51.855140377877746,53.903279459225274,50.92416839102671,53.2515983581543,4639000,0.0,0.0
2023-07-07 00:00:00+08:00,53.99637441442031,54.08947019113606,51.855139587572,52.50682067871094,2342000,0.0,0.0
2023-07-10 00:00:00+08:00,53.251598126849096,53.251598126849096,50.55177795615761,51.482749938964844,1667000,0.0,0.0
2023-07-11 00:00:00+08:00,52.693009343867175,55.85831529796918,52.41371847765254,55.02043914794922,6423000,0.0,0.0
2023-07-12 00:00:00+08:00,56.78929078578949,60.51317870616913,56.603095679495254,59.58220672607422,14275000,0.0,0.0
2023-07-13 00:00:00+08:00,60.792474899058895,60.978666459360426,57.72026443481445,57.72026443481445,8588000,0.0,0.0
2023-07-14 00:00:00+08:00,58.465039979306574,58.465039979306574,55.20663803004644,56.60309600830078,6968000,0.0,0.0
2023-07-17 00:00:00+08:00,53.996376375181484,53.996376375181484,51.01726524420654,52.599918365478516,9780000,0.0,0.0
2023-07-18 00:00:00+08:00,52.693014145574836,53.90328059508517,52.41372325390952,52.599918365478516,3782000,0.0,0.0
2023-07-19 00:00:00+08:00,52.786112100238505,54.275665851186076,52.50682121585787,53.06540298461914,3079000,0.0,0.0
2023-07-20 00:00:00+08:00,52.879207611083984,54.08947047154407,52.78611183388561,52.879207611083984,1533000,0.0,0.0
2023-07-21 00:00:00+08:00,52.599916185264775,53.53088815314557,51.94823509747298,52.32062530517578,2034000,0.0,0.0
2023-07-24 00:00:00+08:00,52.13443139995293,52.2275271783309,47.20028056701836,48.503639221191406,5447000,0.0,0.0
2023-07-25 00:00:00+08:00,49.572720098300856,49.86205429610275,48.22248893644677,49.37982940673828,2772000,1.808483,0.0
2023-07-26 00:00:00+08:00,49.572718152481286,49.86205233892629,48.4153777276175,48.7047119140625,1274000,0.0,0.0
2023-07-27 00:00:00+08:00,48.60827031957192,50.53716987702979,48.60827031957192,49.37982940673828,913000,0.0,0.0
2023-07-28 00:00:00+08:00,49.572720098300856,49.86205429610275,48.80115733205056,49.37982940673828,607000,0.0,0.0
2023-07-31 00:00:00+08:00,49.669164320895256,51.501620398542464,49.090495916945606,50.44072341918945,1542000,0.0,0.0
2023-08-01 00:00:00+08:00,50.34427854172714,51.115837619027765,49.862053658528765,50.92294692993164,681000,0.0,0.0
2023-08-02 00:00:00+08:00,50.6336125123848,51.40517158628056,49.283381373754324,49.66916275024414,1025000,0.0,0.0
2023-08-04 00:00:00+08:00,49.3798280414489,50.34427779351203,48.994046668990116,49.86205291748047,619000,0.0,0.0
2023-08-07 00:00:00+08:00,50.05494570958435,50.922948315508826,49.18693942457588,50.44072341918945,717000,0.0,0.0
2023-08-08 00:00:00+08:00,50.922947453775706,51.59806303301512,50.247831874536296,50.73005676269531,645000,0.0,0.0
2023-08-09 00:00:00+08:00,50.73005327108881,51.11583462669736,49.958494238955396,50.633609771728516,755000,0.0,0.0
2023-08-10 00:00:00+08:00,50.92294670521023,50.92294670521023,49.18693786917381,49.66916275024414,906000,0.0,0.0
2023-08-11 00:00:00+08:00,49.283382932206166,50.922948315508826,49.18693942457588,50.44072341918945,1012000,0.0,0.0
2023-08-14 00:00:00+08:00,50.73005543864517,50.73005543864517,48.31893106078021,48.51182174682617,1286000,0.0,0.0
2023-08-15 00:00:00+08:00,49.18693754468038,50.05494379651416,48.801156170735624,49.76560592651367,757000,0.0,0.0
2023-08-16 00:00:00+08:00,49.28338085879229,50.15138710728264,48.801155982760726,49.86205291748047,450000,0.0,0.0
2023-08-17 00:00:00+08:00,49.765608156077526,50.82650514241325,49.572721139547404,50.34428024291992,567000,0.0,0.0
2023-08-18 00:00:00+08:00,50.34428024291992,51.2122828545575,50.15138954730579,50.34428024291992,721000,0.0,0.0
2023-08-21 00:00:00+08:00,50.633611128880425,50.633611128880425,49.76560489503754,50.15138626098633,467000,0.0,0.0
2023-08-22 00:00:00+08:00,50.44072149137507,50.44072149137507,49.476271735597024,49.76560592651367,388000,0.0,0.0
2023-08-23 00:00:00+08:00,49.765605218830785,50.44072077409182,49.47627103202856,50.0549430847168,434000,0.0,0.0
2023-08-24 00:00:00+08:00,50.247830844639125,51.59806197544314,49.8620531494693,51.11583709716797,1133000,0.0,0.0
2023-08-25 00:00:00+08:00,50.44072341918945,51.4051732118282,50.44072341918945,50.44072341918945,577000,0.0,0.0
2023-08-28 00:00:00+08:00,50.8265023365536,50.8265023365536,49.6691619058434,49.95849609375,482000,0.0,0.0
2023-08-29 00:00:00+08:00,50.53717077205973,54.491413463245735,50.24783289004964,53.04473876953125,4755000,0.0,0.0
2023-08-30 00:00:00+08:00,53.33407191887779,54.009187498424886,52.08028794490971,53.430519104003906,2569000,0.0,0.0
2023-08-31 00:00:00+08:00,53.8162954320845,54.58785449795808,52.851845679971575,53.912742614746094,2147000,0.0,0.0
2023-09-01 00:00:00+08:00,54.009185791015625,54.587854167142986,53.52696091788156,54.009185791015625,1667000,0.0,0.0
2023-09-04 00:00:00+08:00,55.841643332345335,59.41010454943457,55.74519614758806,58.83143615722656,13135000,0.0,0.0
2023-09-05 00:00:00+08:00,59.313658234339,59.60299241673854,57.48120228066902,58.44565200805664,9172000,0.0,0.0
2023-09-06 00:00:00+08:00,57.96342987296661,58.05987705769582,56.709645904158094,57.481204986572266,3017000,0.0,0.0
2023-09-07 00:00:00+08:00,57.86698561448317,58.734991870333964,56.03452959839099,56.420310974121094,5588000,0.0,0.0
2023-09-08 00:00:00+08:00,55.64875190174475,56.70964516637673,55.359417709489115,56.420310974121094,1739000,0.0,0.0
2023-09-11 00:00:00+08:00,55.938087255579134,55.938087255579134,52.273178826375215,53.33407211303711,4411000,0.0,0.0
2023-09-12 00:00:00+08:00,53.8162956237793,54.20207699763216,53.14118005907871,53.8162956237793,859000,0.0,0.0
2023-09-13 00:00:00+08:00,53.9127439923827,54.009187498424886,52.75540352445681,53.430519104003906,1188000,0.0,0.0
2023-09-14 00:00:00+08:00,53.91274576356118,54.87719557200354,53.719855066055906,54.10563278198242,960000,0.0,0.0
2023-09-15 00:00:00+08:00,54.49141258517622,54.68430327704673,52.851847222902805,53.33407211303711,1569000,0.0,0.0
2023-09-18 00:00:00+08:00,53.33406746877675,54.29851716506235,53.04473329570779,53.6234016418457,1007000,0.0,0.0
2023-09-19 00:00:00+08:00,54.00918769504192,54.20207838691243,53.237628606643824,53.33407211303711,837000,0.0,0.0
2023-09-20 00:00:00+08:00,53.52696086274202,53.91274223248539,52.46606761457345,52.65895462036133,1123000,0.0,0.0
2023-09-21 00:00:00+08:00,52.17673196618086,52.27317915225936,51.5980635660457,51.88739776611328,886000,0.0,0.0
2023-09-22 00:00:00+08:00,51.308726101661165,51.69450378417969,50.826501239200226,51.69450378417969,1073000,0.0,0.0
2023-09-25 00:00:00+08:00,51.50161851053939,53.044736650558455,51.50161851053939,52.466068267822266,615000,0.0,0.0
2023-09-26 00:00:00+08:00,52.1767303577398,52.1767303577398,51.11583709716797,51.11583709716797,656000,0.0,0.0
2023-09-27 00:00:00+08:00,51.212277101061204,51.405167775004834,50.63360875831391,51.01939010620117,387000,0.0,0.0
2023-09-28 00:00:00+08:00,50.82650375366211,51.21228145526562,50.7300565689483,50.82650375366211,493000,0.0,0.0
2023-10-02 00:00:00+08:00,51.59805926570186,52.27317479564927,51.501615766745225,52.080284118652344,459000,0.0,0.0
2023-10-03 00:00:00+08:00,52.369619327441754,52.562510008242874,51.59806028332099,51.69450378417969,448000,0.0,0.0
2023-10-04 00:00:00+08:00,51.11583657923194,51.40517076744857,50.73005520888723,51.3087272644043,385000,0.0,0.0
2023-10-05 00:00:00+08:00,51.790952137793276,52.080286326009904,51.21228008227621,51.3087272644043,430000,0.0,0.0
2023-10-06 00:00:00+08:00,50.826501558935725,51.598060607910156,50.730054378386576,51.598060607910156,658000,0.0,0.0
2023-10-11 00:00:00+08:00,52.080287722270356,52.080287722270356,50.82650375366211,50.82650375366211,577000,0.0,0.0
2023-10-12 00:00:00+08:00,50.537167626935116,50.537167626935116,49.18693652519813,50.15138626098633,1406000,0.0,0.0
2023-10-13 00:00:00+08:00,50.247832000143966,50.44072269170654,49.283382221415025,49.37982940673828,679000,0.0,0.0
2023-10-16 00:00:00+08:00,48.80115541651624,49.37982746849003,48.51182123007124,48.7047119140625,738000,0.0,0.0
2023-10-17 00:00:00+08:00,48.99404854588319,49.86205482762564,48.99404854588319,49.18693923950195,576000,0.0,0.0
2023-10-18 00:00:00+08:00,49.862052870064076,49.862052870064076,48.4153782433451,48.51182174682617,1156000,0.0,0.0
2023-10-19 00:00:00+08:00,48.51182047414807,48.801154656084584,47.16159306541638,47.5955924987793,1437000,0.0,0.0
2023-10-20 00:00:00+08:00,47.59559355981426,48.60826873779297,46.87225624930594,48.60826873779297,1119000,0.0,0.0
2023-10-23 00:00:00+08:00,48.608269782180436,49.37982886081678,48.12604489814723,48.22248840332031,555000,0.0,0.0
2023-10-24 00:00:00+08:00,48.222489126619436,49.283382415771484,48.222489126619436,49.283382415771484,284000,0.0,0.0
2023-10-25 00:00:00+08:00,49.37982855741871,49.95849694306956,49.283381373754324,49.66916275024414,387000,0.0,0.0
2023-10-26 00:00:00+08:00,48.99404821682855,49.37982960147509,48.801157524505285,49.283382415771484,297000,0.0,0.0
2023-10-27 00:00:00+08:00,49.57272149595739,49.7656085138743,48.8011587079536,48.897605895996094,287000,0.0,0.0
2023-10-30 00:00:00+08:00,48.99404525756836,49.476270119707976,48.80115457689577,48.99404525756836,240000,0.0,0.0
2023-10-31 00:00:00+08:00,49.476272365989864,49.66916305541992,48.22248840332031,48.22248840332031,410000,0.0,0.0
2023-11-01 00:00:00+08:00,48.318930546079976,48.897602598053766,48.318930546079976,48.7047119140625,205000,0.0,0.0
2023-11-02 00:00:00+08:00,49.18693593824095,49.37982661891355,48.70471107610133,48.99404525756836,173000,0.0,0.0
2023-11-03 00:00:00+08:00,49.09049540253216,49.86205449274129,49.09049540253216,49.283382415771484,282000,0.0,0.0
2023-11-06 00:00:00+08:00,49.379828775330395,51.212281124033886,49.379828775330395,50.92294692993164,802000,0.0,0.0
2023-11-07 00:00:00+08:00,51.50162124633789,51.598064755555775,50.63361494704071,51.50162124633789,674000,0.0,0.0
2023-11-08 00:00:00+08:00,51.50161794957665,51.98384282296563,50.92294589405959,51.3087272644043,524000,0.0,0.0
2023-11-09 00:00:00+08:00,51.1158381448561,51.1158381448561,50.15138836853806,50.73005676269531,496000,0.0,0.0
2023-11-10 00:00:00+08:00,50.7300548864041,51.40517044067383,50.34427719759553,51.40517044067383,439000,0.0,0.0
2023-11-13 00:00:00+08:00,49.37983099836901,49.669165205496846,47.54737488808599,48.8011589050293,1473000,0.0,0.0
2023-11-14 00:00:00+08:00,49.28337809290658,49.47626876831055,48.22248489681021,49.47626876831055,756000,0.0,0.0
2023-11-15 00:00:00+08:00,51.01939381915402,52.56251196483678,50.247831067228766,52.36962127685547,2331000,0.0,0.0
2023-11-16 00:00:00+08:00,52.948292487210765,53.044735990104705,51.6945048750867,52.65895462036133,1196000,0.0,0.0
2023-11-17 00:00:00+08:00,52.6589554692855,53.237627533229436,52.36962127685547,52.36962127685547,673000,0.0,0.0
2023-11-20 00:00:00+08:00,52.36962127685547,52.9482933407994,52.17673058887416,52.36962127685547,385000,0.0,0.0
2023-11-21 00:00:00+08:00,52.46606984533239,52.65895685932147,51.79095425911874,51.88739776611328,588000,0.0,0.0
2023-11-22 00:00:00+08:00,51.98384061969571,53.04473382455331,51.59805926570186,52.080284118652344,462000,0.0,0.0
2023-11-23 00:00:00+08:00,52.08028826371263,52.755403847392365,51.88739757136357,51.98384475708008,473000,0.0,0.0
2023-11-24 00:00:00+08:00,51.98384255371876,52.94829229550142,51.98384255371876,52.755401611328125,1265000,0.0,0.0
2023-11-27 00:00:00+08:00,52.94829032559668,53.04473382455331,52.080284118652344,52.080284118652344,436000,0.0,0.0
2023-11-28 00:00:00+08:00,51.983843295687805,53.912742806784436,51.983843295687805,53.8162956237793,1147000,0.0,0.0
2023-11-29 00:00:00+08:00,53.91274539511287,54.394970296038444,52.94829559326172,52.94829559326172,1372000,0.0,0.0
2023-11-30 00:00:00+08:00,53.141178131103516,53.71985017088845,52.273175590051686,53.141178131103516,730000,0.0,0.0
2023-12-01 00:00:00+08:00,53.334068622151065,53.912740659886644,52.94829094274437,53.23762512207031,549000,0.0,0.0
2023-12-04 00:00:00+08:00,53.044737914773314,53.71985349677813,51.8873974426342,53.33407211303711,903000,0.0,0.0
2023-12-05 00:00:00+08:00,53.33407437998199,53.33407437998199,52.56251525878906,52.56251525878906,327000,0.0,0.0
2023-12-06 00:00:00+08:00,52.56251335232693,52.65895685932147,51.88739776611328,51.88739776611328,545000,0.0,0.0
2023-12-07 00:00:00+08:00,51.88739616659147,52.562511731993474,51.11583709716797,51.11583709716797,822000,0.0,0.0
2023-12-08 00:00:00+08:00,51.790954770795494,53.43052015948871,51.501620567869395,53.04473876953125,1102000,0.0,0.0
2023-12-11 00:00:00+08:00,53.04473717827129,53.43051855665591,51.88739672220132,52.27317810058594,600000,0.0,0.0
2023-12-12 00:00:00+08:00,52.65895579988667,52.85184648907898,52.27317810058594,52.27317810058594,396000,0.0,0.0
2023-12-13 00:00:00+08:00,52.75540319943762,54.009187165681304,52.46606900400968,53.52696228027344,1179000,0.0,0.0
2023-12-14 00:00:00+08:00,54.29851971228744,56.2274191953462,53.33406997075805,55.45586013793945,3859000,0.0,0.0
2023-12-15 00:00:00+08:00,55.45586117895394,55.93808605877093,54.29852073157639,55.0700798034668,1866000,0.0,0.0
2023-12-18 00:00:00+08:00,55.070081375486666,57.48120584339911,55.070081375486666,57.191871643066406,4735000,0.0,0.0
2023-12-19 00:00:00+08:00,57.57765249215992,57.57765249215992,55.84164362728294,56.03453063964844,3530000,0.0,0.0
2023-12-20 00:00:00+08:00,56.22741861173445,58.25276525537437,55.938084428095536,56.99897766113281,4951000,0.0,0.0
2023-12-21 00:00:00+08:00,56.70964546908146,56.80609265307073,54.7807459383026,54.973636627197266,2062000,0.0,0.0
2023-12-22 00:00:00+08:00,55.35941800498659,55.64875219878664,53.91274335690245,54.973636627197266,1853000,0.0,0.0
2023-12-25 00:00:00+08:00,54.97363559115113,55.7451946531049,54.20207652919735,55.35941696166992,1219000,0.0,0.0
2023-12-26 00:00:00+08:00,54.58785422063233,55.84164183527651,54.58785422063233,55.35941696166992,935000,0.0,0.0
2023-12-27 00:00:00+08:00,55.64874998038458,56.613199707326835,55.45585929917939,55.74519348144531,1069000,0.0,0.0
2023-12-28 00:00:00+08:00,56.03453063964844,57.09542760307832,55.648752935833514,56.03453063964844,1267000,0.0,0.0
2023-12-29 00:00:00+08:00,56.42031149653586,57.6740954606421,56.13097730160117,56.227420806884766,1684000,0.0,0.0
2024-01-02 00:00:00+08:00,56.99897878587651,57.191869471803294,55.262969970703125,55.262969970703125,1336000,0.0,0.0
2024-01-03 00:00:00+08:00,54.78074264526367,55.74519235267706,54.49140846885639,54.78074264526367,640000,0.0,0.0
2024-01-04 00:00:00+08:00,54.973637475310525,55.07008098170381,52.658956531032295,53.33407211303711,1576000,0.0,0.0
2024-01-05 00:00:00+08:00,53.71984881892444,54.00918299199339,53.33406746877675,53.6234016418457,372000,0.0,0.0
2024-01-08 00:00:00+08:00,54.491413625635666,55.745197628107825,54.2985229300821,55.64875411987305,1049000,0.0,0.0
2024-01-09 00:00:00+08:00,55.93808238456459,55.93808238456459,53.6234016418457,53.6234016418457,1007000,0.0,0.0
2024-01-10 00:00:00+08:00,53.623405785721445,54.20207785566123,53.14118090031358,53.52696228027344,472000,0.0,0.0
2024-01-11 00:00:00+08:00,53.14118090031358,53.81629647570138,52.85184670488564,53.52696228027344,563000,0.0,0.0
2024-01-12 00:00:00+08:00,53.141180349696846,53.237627533229436,52.27317777240675,52.36962127685547,584000,0.0,0.0
2024-01-15 00:00:00+08:00,52.369620486543035,54.105629294008914,52.369620486543035,54.009185791015625,447000,0.0,0.0
2024-01-16 00:00:00+08:00,54.2020800961829,57.09542952823091,53.719855190841564,56.70964813232422,2888000,0.0,0.0
2024-01-17 00:00:00+08:00,56.998977390653494,56.998977390653494,55.359415798118654,55.74519348144531,1361000,0.0,0.0
2024-01-18 00:00:00+08:00,55.74519348144531,56.613199707326835,55.359415798118654,55.74519348144531,942000,0.0,0.0
2024-01-19 00:00:00+08:00,56.613201093106774,56.613201093106774,55.262969970703125,55.262969970703125,625000,0.0,0.0
2024-01-22 00:00:00+08:00,55.745196442016265,56.130977824915114,55.455862244384086,56.03453063964844,710000,0.0,0.0
2024-01-23 00:00:00+08:00,56.3238657923366,57.38475902537387,55.55230306385448,56.99897766113281,1289000,0.0,0.0
2024-01-24 00:00:00+08:00,57.19187027178832,58.25276721968326,57.19187027178832,57.674095153808594,2960000,0.0,0.0
2024-01-25 00:00:00+08:00,57.86698668979209,58.34921157887369,55.745196442016265,56.03453063964844,1632000,0.0,0.0
2024-01-26 00:00:00+08:00,56.03453116265164,57.77054372281577,55.84164414848582,57.191871643066406,1413000,0.0,0.0
2024-01-29 00:00:00+08:00,57.19187080719199,58.83143615722656,57.095427301518626,58.83143615722656,2938000,0.0,0.0
2024-01-30 00:00:00+08:00,59.12076840585041,59.31365908992709,57.77054097548121,58.15631866455078,1585000,0.0,0.0
2024-01-31 00:00:00+08:00,58.059879338913575,58.542104244254915,56.61320462288957,56.70964813232422,1244000,0.0,0.0
2024-02-01 00:00:00+08:00,56.902538830277564,57.19187303766555,56.22742322698288,56.70964813232422,827000,0.0,0.0
2024-02-02 00:00:00+08:00,57.19186899816867,57.38475968249803,56.613200624264394,56.80609130859375,1025000,0.0,0.0
2024-02-05 00:00:00+08:00,56.806089238281984,56.806089238281984,54.202074292449105,54.78074264526367,2437000,0.0,0.0
2024-02-15 00:00:00+08:00,55.26296895114856,59.4101020661861,55.26296895114856,58.34920883178711,4083000,0.0,0.0
2024-02-16 00:00:00+08:00,58.44565315221553,61.049668202956255,57.96342827908146,60.76033401489258,3633000,0.0,0.0
2024-02-19 00:00:00+08:00,60.76033644788848,64.23235420184852,60.278111555444916,61.24256134033203,7462000,0.0,0.0
2024-02-20 00:00:00+08:00,62.59279146630817,63.46079772985556,61.531894513185385,62.978572845458984,4412000,0.0,0.0
2024-02-21 00:00:00+08:00,63.653683790520056,65.96836467271795,62.11056565511068,64.61813354492188,6709000,0.0,0.0
2024-02-22 00:00:00+08:00,64.618132512166,65.29324438619025,62.97857089915418,65.00391387939453,3142000,0.0,0.0
2024-02-23 00:00:00+08:00,65.10035776412408,65.96836400594593,64.61813289179725,64.81101989746094,2946000,0.0,0.0
2024-02-26 00:00:00+08:00,64.81101951669648,66.73991899467158,63.84656977770893,65.00391387939453,4045000,0.0,0.0
2024-02-27 00:00:00+08:00,66.06480607722882,67.12569930172602,64.23235013046052,65.38969421386719,3198000,0.0,0.0
2024-02-29 00:00:00+08:00,65.7754762950166,66.06481419094501,63.846576610609446,65.19680786132812,1862000,0.0,0.0
2024-03-01 00:00:00+08:00,65.58258274623326,67.51148223876953,64.8110200059517,67.51148223876953,5503000,0.0,0.0
2024-03-04 00:00:00+08:00,68.47592660986025,68.86170794971822,66.54702726873742,66.64347076416016,5050000,0.0,0.0
2024-03-05 00:00:00+08:00,66.64347140431938,66.64347140431938,64.32879070110438,66.4505844116211,3519000,0.0,0.0
2024-03-06 00:00:00+08:00,66.06480477362959,66.25769177130756,65.48613642242833,65.77546691894531,1376000,0.0,0.0
2024-03-07 00:00:00+08:00,66.25769307871288,67.51148066286157,64.7145749923381,65.38969421386719,2871000,0.0,0.0
2024-03-08 00:00:00+08:00,65.38969614195287,65.38969614195287,61.33900276784164,62.014122009277344,3600000,0.0,0.0
2024-03-11 00:00:00+08:00,62.30345160798302,62.88211997919425,60.85677700087118,60.953224182128906,1430000,0.0,0.0
2024-03-12 00:00:00+08:00,61.04966387788141,63.75012224030095,61.04966387788141,62.30344772338867,1494000,0.0,0.0
2024-03-13 00:00:00+08:00,62.49634624375914,62.785676751546056,58.83143427978424,59.50654983520508,3040000,0.0,0.0
2024-03-14 00:00:00+08:00,58.927876871750456,60.4709986430209,58.25276500584611,58.44565200805664,1051000,0.0,0.0
2024-03-15 00:00:00+08:00,57.9634273926517,58.73499012113382,56.99897766113281,56.99897766113281,1275000,0.0,0.0
2024-03-18 00:00:00+08:00,56.99897766113281,56.99897766113281,56.99897766113281,56.99897766113281,0,0.0,0.0
2024-03-19 00:00:00+08:00,60.56744332982219,61.33900239101994,59.79588426862444,60.76033401489258,1735000,0.0,0.0
2024-03-20 00:00:00+08:00,60.7603345343758,62.01412215851094,60.4710003438384,60.56744384765625,1744000,0.0,0.0
2024-03-21 00:00:00+08:00,61.24256029579604,62.399897074654206,60.856778916787384,61.62834167480469,1196000,0.0,0.0
2024-03-22 00:00:00+08:00,62.110565662328796,62.110565662328796,60.3745531609367,60.56744384765625,866000,0.0,0.0
2024-03-25 00:00:00+08:00,60.56744384765625,60.56744384765625,60.56744384765625,60.56744384765625,0,0.0,0.0
2024-03-26 00:00:00+08:00,60.56744384765625,60.56744384765625,60.56744384765625,60.56744384765625,0,0.0,0.0
2024-03-27 00:00:00+08:00,59.217215648334374,60.66389026177169,59.217215648334374,59.50654983520508,443000,0.0,0.0
2024-03-28 00:00:00+08:00,59.410101735444265,59.69943959692755,58.156317825657105,58.44565200805664,787000,0.0,0.0
2024-03-29 00:00:00+08:00,58.638545989990234,59.21721806644528,58.252768284770816,58.638545989990234,312000,0.0,0.0
2024-04-01 00:00:00+08:00,58.92787881308352,59.69944156367914,58.83143530880099,59.12076950073242,300000,0.0,0.0
2024-04-02 00:00:00+08:00,59.02432663185369,59.02432663185369,57.095427092767515,57.57765197753906,1550000,0.0,0.0
2024-04-03 00:00:00+08:00,57.86698308484307,57.86698308484307,55.745192969248755,55.93808364868164,1608000,0.0,0.0
2024-04-08 00:00:00+08:00,56.70964562648791,61.049669582786734,56.51675493705785,60.27811050415039,3252000,0.0,0.0
2024-04-09 00:00:00+08:00,59.50655206792282,60.278111154888606,57.77054320247881,58.73499298095703,2776000,0.0,0.0
2024-04-10 00:00:00+08:00,58.73499213092356,59.69944189544392,58.34921075348186,59.02432632446289,818000,0.0,0.0
2024-04-11 00:00:00+08:00,59.31365995407105,59.31365995407105,57.77054181714339,57.86698532104492,843000,0.0,0.0
2024-04-12 00:00:00+08:00,58.156318405957826,59.60299301147461,58.156318405957826,59.60299301147461,829000,0.0,0.0
2024-04-15 00:00:00+08:00,59.50654931983691,60.27810837117114,58.34920890329367,59.699440002441406,1256000,0.0,0.0
2024-04-16 00:00:00+08:00,59.79588261881401,59.79588261881401,56.90253345983914,57.28831481933594,1105000,0.0,0.0
2024-04-17 00:00:00+08:00,57.191867316946364,58.059873531370506,57.191867316946364,57.38475799560547,541000,0.0,0.0
2024-04-18 00:00:00+08:00,57.866983891133316,57.866983891133316,56.902534159614426,56.99897766113281,408000,0.0,0.0
2024-04-19 00:00:00+08:00,57.095423414689265,57.095423414689265,53.623402260550876,54.78074264526367,1429000,0.0,0.0
2024-04-22 00:00:00+08:00,54.97363587043678,55.26297006025389,53.04473636621093,53.912742614746094,1062000,0.0,0.0
2024-04-23 00:00:00+08:00,54.97363268827899,55.45585753642179,53.52695814385059,53.6234016418457,573000,0.0,0.0
2024-04-24 00:00:00+08:00,54.298518945247515,54.97363449059792,54.10562826384972,54.39496612548828,488000,0.0,0.0
2024-04-25 00:00:00+08:00,54.78074698530592,54.78074698530592,54.202078586645946,54.58785629272461,328000,0.0,0.0
2024-04-26 00:00:00+08:00,55.07007682167096,55.07007682167096,54.009183615149695,54.78074264526367,464000,0.0,0.0
2024-04-29 00:00:00+08:00,56.13097754404743,60.18166732788086,56.13097754404743,60.18166732788086,4711000,0.0,0.0
2024-04-30 00:00:00+08:00,64.42524634096023,65.1003582237169,59.313659714942055,60.66389083862305,14706000,0.0,0.0
2024-05-02 00:00:00+08:00,59.60299629954815,61.24256167873259,59.31366209830007,59.7958869934082,1762000,0.0,0.0
2024-05-03 00:00:00+08:00,59.98877575561057,61.049669019053766,58.734991804518465,59.12076950073242,1426000,0.0,0.0
2024-05-06 00:00:00+08:00,59.79588290475807,61.62833885250512,58.54209899902344,58.54209899902344,2128000,0.0,0.0
2024-05-07 00:00:00+08:00,58.83143377026304,59.699440002441406,57.38475916935493,59.699440002441406,1617000,0.0,0.0
2024-05-08 00:00:00+08:00,59.699440002441406,61.435448787714385,59.31365863723241,59.699440002441406,3257000,0.0,0.0
2024-05-09 00:00:00+08:00,59.98877412381335,61.62833940560429,59.6994399397523,61.04966735839844,5954000,0.0,0.0
2024-05-10 00:00:00+08:00,61.049669582786734,61.2425602722168,59.410104241257066,60.27811050415039,3339000,0.0,0.0
2024-05-13 00:00:00+08:00,59.988773345947266,60.856775886875134,59.988773345947266,59.988773345947266,1482000,0.0,0.0
2024-05-14 00:00:00+08:00,59.98877630954725,60.95322607761366,59.892329125290274,60.27811050415039,1404000,0.0,0.0
2024-05-15 00:00:00+08:00,60.760334827122335,60.95322551477124,59.12076950073242,59.12076950073242,1451000,0.0,0.0
2024-05-16 00:00:00+08:00,59.50655097843533,59.79588517086468,57.77054214477539,57.77054214477539,1635000,0.0,0.0
2024-05-17 00:00:00+08:00,58.8314355315537,60.8567785618261,58.54210133852677,60.37455368041992,2310000,0.0,0.0
2024-05-20 00:00:00+08:00,59.41010507951301,59.79588646381637,58.445655297838556,58.638545989990234,1385000,0.0,0.0
2024-05-21 00:00:00+08:00,58.92787881308352,59.12076950073242,58.15631974157175,59.12076950073242,702000,0.0,0.0
2024-05-22 00:00:00+08:00,59.69944178971837,61.24255993858459,59.21721690831219,60.37455368041992,1724000,0.0,0.0
2024-05-23 00:00:00+08:00,60.37455432250386,60.471001507261136,58.638545466795925,58.83143615722656,911000,0.0,0.0
2024-05-24 00:00:00+08:00,58.05987740020549,58.927879993385524,57.77054320247881,58.73499298095703,677000,0.0,0.0
2024-05-27 00:00:00+08:00,58.831434549839436,59.21721592016043,58.05987548828125,58.05987548828125,974000,0.0,0.0
2024-05-28 00:00:00+08:00,58.34920934862747,59.024324903353964,58.05987516205434,58.15631866455078,1057000,0.0,0.0
2024-05-29 00:00:00+08:00,58.25276584613102,58.831434219277284,58.05987516205434,58.15631866455078,874000,0.0,0.0
2024-05-30 00:00:00+08:00,57.86698648948294,57.86698648948294,55.8416434339846,56.130977630615234,2388000,0.0,0.0
2024-05-31 00:00:00+08:00,56.709644837135805,57.19186971445683,56.0345292730696,56.516754150390625,2445000,0.0,0.0
2024-06-03 00:00:00+08:00,57.38475968249803,57.48120318512081,56.42030993993504,56.80609130859375,382000,0.0,0.0
2024-06-04 00:00:00+08:00,57.095426542106836,57.48120423875307,56.420310974121094,56.420310974121094,631000,0.0,0.0
2024-06-05 00:00:00+08:00,56.61319815749949,57.481200680535075,56.227416805650144,56.3238639831543,377000,0.0,0.0
2024-06-06 00:00:00+08:00,56.902533366762356,56.902533366762356,55.64874946907416,55.93808364868164,583000,0.0,0.0
2024-06-07 00:00:00+08:00,56.3238639831543,56.3238639831543,55.74519195538027,56.3238639831543,286000,0.0,0.0
2024-06-11 00:00:00+08:00,56.5167530500743,57.3847592839866,55.45585981225596,55.552303314208984,884000,0.0,0.0
2024-06-12 00:00:00+08:00,55.74519432458151,55.93808500870414,55.070078769694184,55.45586013793945,502000,0.0,0.0
2024-06-13 00:00:00+08:00,55.93808302997647,56.034526529084346,54.78074264526367,54.78074264526367,630000,0.0,0.0
2024-06-14 00:00:00+08:00,55.74519195538027,56.42030748157482,55.2629671051104,56.3238639831543,635000,0.0,0.0
2024-06-17 00:00:00+08:00,56.32386611427784,57.09542516808635,56.13097543105477,56.90253448486328,607000,0.0,0.0
2024-06-18 00:00:00+08:00,56.90253662690049,61.435451297402565,56.42031174023184,60.18166732788086,5394000,0.0,0.0
2024-06-19 00:00:00+08:00,61.435452178225894,62.20701127214109,57.191871643066406,57.191871643066406,4009000,0.0,0.0
2024-06-20 00:00:00+08:00,57.384760768813685,58.059876337204734,56.99897939285198,57.77054214477539,905000,0.0,0.0
2024-06-21 00:00:00+08:00,57.77054105115675,58.15631874073166,56.70964412688718,56.80609130859375,599000,0.0,0.0
2024-06-24 00:00:00+08:00,57.2883161184788,57.2883161184788,55.262969453816815,55.45586013793945,1076000,0.0,0.0
2024-06-25 00:00:00+08:00,55.45586117895394,55.45586117895394,54.49141141931995,55.0700798034668,809000,0.0,0.0
2024-06-26 00:00:00+08:00,55.45585817626978,55.74519235267706,54.58785196796426,54.78074264526367,634000,0.0,0.0
2024-06-27 00:00:00+08:00,55.16652536429538,55.16652536429538,54.20207563302827,54.298519134521484,512000,0.0,0.0
2024-06-28 00:00:00+08:00,54.394964969748514,55.26296749897037,54.394964969748514,54.78074264526367,303000,0.0,0.0
2024-07-01 00:00:00+08:00,54.68430210706352,55.45586117895394,54.49141141931995,55.0700798034668,419000,0.0,0.0
2024-07-02 00:00:00+08:00,55.16652562731311,55.93808468018862,54.877191442370275,55.552303314208984,309000,0.0,0.0
2024-07-03 00:00:00+08:00,56.03453044568241,56.90253671465822,55.8416434339846,56.130977630615234,621000,0.0,0.0
2024-07-04 00:00:00+08:00,56.61320462288957,56.99898233971221,56.130979717548236,56.70964813232422,623000,0.0,0.0
2024-07-05 00:00:00+08:00,56.70964813232422,57.57765443357224,56.22742322698288,56.70964813232422,708000,0.0,0.0
2024-07-08 00:00:00+08:00,56.70964301626931,56.902533696821045,55.84164047241211,55.84164047241211,394000,0.0,0.0
2024-07-09 00:00:00+08:00,55.6487518666975,55.93808605877093,54.3949679149901,55.0700798034668,558000,0.0,0.0
2024-07-10 00:00:00+08:00,55.070079611356334,56.22742005469653,54.97363610736292,55.166526794433594,295000,0.0,0.0
2024-07-11 00:00:00+08:00,55.84164150618472,55.84164150618472,55.070078769694184,55.45586013793945,429000,0.0,0.0
2024-07-12 00:00:00+08:00,54.973636627197266,55.45586150989198,54.7807459383026,54.973636627197266,351000,0.0,0.0
2024-07-15 00:00:00+08:00,54.97363468222521,54.97363468222521,54.298519134521484,54.298519134521484,533000,0.0,0.0
2024-07-16 00:00:00+08:00,54.49140962664531,55.166525171995715,54.39496612548828,54.39496612548828,290000,0.0,0.0
2024-07-17 00:00:00+08:00,55.26297082099732,56.420311275281406,54.7807459383026,54.973636627197266,749000,0.0,0.0
2024-07-18 00:00:00+08:00,54.78074731753981,55.2629722123757,54.20207891537034,54.49141311645508,410000,0.0,0.0
2024-07-19 00:00:00+08:00,54.2020778350109,55.166527605459194,51.79095340889017,52.17673110961914,1419000,0.0,0.0
2024-07-22 00:00:00+08:00,52.94829543600068,52.94829543600068,49.765608156077526,50.34428024291992,727000,0.0,0.0
2024-07-23 00:00:00+08:00,51.59806303301512,51.59806303301512,50.34427905961845,50.73005676269531,394000,0.0,0.0
2024-07-26 00:00:00+08:00,50.151384292682614,50.151384292682614,49.09049109658624,49.47626876831055,388000,0.0,0.0
2024-07-29 00:00:00+08:00,50.15138546952626,50.826501009740475,49.090492248535156,49.090492248535156,635000,0.0,0.0
2024-07-30 00:00:00+08:00,49.090492248535156,49.669160609242354,48.22248602839064,49.090492248535156,497000,0.0,0.0
2024-07-31 00:00:00+08:00,49.283379439035386,49.95849498184759,48.222486213961716,48.99404525756836,381000,0.0,0.0
2024-08-01 00:00:00+08:00,49.59018825004026,50.46359816053686,49.59018825004026,50.366554260253906,354000,0.314292,0.0
2024-08-02 00:00:00+08:00,49.7842793179537,50.948824621119634,48.522690115352034,48.71678161621094,590000,0.0,0.0
2024-08-05 00:00:00+08:00,47.552237172215605,47.69780672598679,43.8645133972168,43.8645133972168,1357000,0.0,0.0
2024-08-06 00:00:00+08:00,44.64087583678012,45.12610274804946,39.49747131772252,41.875083923339844,1458000,0.0,0.0
2024-08-07 00:00:00+08:00,41.97212824964028,45.90246553030734,41.97212824964028,45.7083740234375,615000,0.0,0.0
2024-08-08 00:00:00+08:00,43.815989240004235,45.46575768906011,43.815989240004235,44.30121612548828,258000,0.0,0.0
2024-08-09 00:00:00+08:00,46.09655573130395,46.09655573130395,45.02905802674243,45.46575927734375,251000,0.0,0.0
2024-08-12 00:00:00+08:00,47.455190753617096,49.59018608242005,46.87291627140847,47.5522346496582,829000,0.0,0.0
2024-08-13 00:00:00+08:00,47.55223535019547,47.74632684712436,46.775873064467305,47.40666580200195,283000,0.0,0.0
2024-08-14 00:00:00+08:00,47.60075759887695,49.007916332994064,47.5037137007947,47.60075759887695,286000,0.0,0.0
2024-08-15 00:00:00+08:00,47.3581428527832,47.9404173312688,46.87291597170553,47.3581428527832,316000,0.0,0.0
2024-08-16 00:00:00+08:00,48.037462140675224,48.47416708235156,47.60075719899888,47.9404182434082,225000,0.0,0.0
2024-08-19 00:00:00+08:00,47.94042089970831,47.94042089970831,47.01848901663938,47.16405487060547,451000,0.0,0.0
2024-08-20 00:00:00+08:00,47.794849618291366,47.98894111856009,47.01848731920393,47.26110076904297,230000,0.0,0.0
2024-08-21 00:00:00+08:00,47.261099466099644,47.7948483006331,46.67882498134622,47.01848602294922,248000,0.0,0.0
2024-08-22 00:00:00+08:00,47.26110054898876,48.08598479380574,46.82439560091435,47.79484939575195,342000,0.0,0.0
2024-08-23 00:00:00+08:00,47.455193330012285,48.0374641418457,47.16405422210804,48.0374641418457,215000,0.0,0.0
2024-08-26 00:00:00+08:00,48.52269075595152,48.61973465666842,47.69780649389536,47.8433723449707,310000,0.0,0.0
2024-08-27 00:00:00+08:00,48.08598632984412,48.328599786303464,47.164054454901105,47.50371551513672,348000,0.0,0.0
2024-08-28 00:00:00+08:00,47.50371421888201,48.37712041711009,47.26110076904297,47.26110076904297,258000,0.0,0.0
2024-08-29 00:00:00+08:00,47.01848675643354,49.97837006864514,47.01848675643354,49.590187072753906,774000,0.0,0.0
2024-08-30 00:00:00+08:00,50.07541441275971,50.07541441275971,48.52268981933594,48.52268981933594,657000,0.0,0.0
2024-09-02 00:00:00+08:00,48.5226913464016,49.104962161763396,48.183033987771815,48.2315559387207,317000,0.0,0.0
2024-09-03 00:00:00+08:00,48.23155434382636,48.52268974188016,47.503713997698156,47.79484939575195,378000,0.0,0.0
2024-09-04 00:00:00+08:00,46.72735146417263,46.72735146417263,44.883487782579785,45.611328125,609000,0.0,0.0
2024-09-05 00:00:00+08:00,46.14507821399152,46.193600164397786,45.02905854669723,45.126102447509766,292000,0.0,0.0
2024-09-06 00:00:00+08:00,46.33916794722876,46.38768989578126,44.932009227281924,45.950984954833984,240000,0.0,0.0
2024-09-09 00:00:00+08:00,45.950987007723114,45.950987007723114,44.64087582833862,45.320194244384766,231000,0.0,0.0
2024-09-10 00:00:00+08:00,45.85394352881648,45.999513084306166,43.96155781738844,44.980533599853516,378000,0.0,0.0
2024-09-11 00:00:00+08:00,45.99951112175241,46.1935989181412,45.22314512824758,45.611328125,331000,0.0,0.0
2024-09-12 00:00:00+08:00,46.436212968279854,46.436212968279854,45.56280676723268,45.99951171875,387000,0.0,0.0
2024-09-13 00:00:00+08:00,45.999512034143656,48.377120904952484,45.999512034143656,47.6492805480957,735000,0.0,0.0
2024-09-16 00:00:00+08:00,47.6492785456993,48.42564452197747,47.50371270163765,47.5522346496582,365000,0.0,0.0
2024-09-18 00:00:00+08:00,47.552237885156885,47.89189524639869,46.77587555804164,47.16405487060547,321000,0.0,0.0
2024-09-19 00:00:00+08:00,47.16405166151912,47.69780419570719,47.16405166151912,47.5522346496582,189000,0.0,0.0
2024-09-20 00:00:00+08:00,48.0374641418457,48.13450804315543,47.69780678527413,48.0374641418457,385000,0.0,0.0
2024-09-23 00:00:00+08:00,48.377121791567376,48.619735248299385,48.08598638388648,48.2315559387207,282000,0.0,0.0
2024-09-24 00:00:00+08:00,48.23155382521866,48.522689220142034,47.89189277948523,48.13450622558594,144000,0.0,0.0
2024-09-25 00:00:00+08:00,48.42564501156131,49.39609878973298,48.28007546404061,49.20200729370117,507000,0.0,0.0
2024-09-26 00:00:00+08:00,49.299052116047825,49.59018751456635,48.52268981933594,48.52268981933594,388000,0.0,0.0
2024-09-27 00:00:00+08:00,48.522690115352034,49.493143917659076,48.522690115352034,48.71678161621094,376000,0.0,0.0
2024-09-30 00:00:00+08:00,48.52269163807683,48.716783145026646,48.18303427740532,48.4256477355957,99000,0.0,0.0
2024-10-01 00:00:00+08:00,49.00791611234345,49.00791611234345,47.98894037911795,48.13450622558594,148000,0.0,0.0
2024-10-04 00:00:00+08:00,48.23155635775778,48.32860026049868,47.60075988397916,47.89189529418945,295000,0.0,0.0
2024-10-07 00:00:00+08:00,49.2990522665617,50.9488244658535,48.81382536688691,49.978370666503906,1270000,0.0,0.0
2024-10-08 00:00:00+08:00,50.269507009708285,50.75473391849309,48.71678238239192,49.29905319213867,617000,0.0,0.0
2024-10-09 00:00:00+08:00,49.2990541435801,50.0754164722216,48.61973571777344,48.61973571777344,413000,0.0,0.0
2024-10-11 00:00:00+08:00,51.62814347386983,51.72518737415278,50.172462757700494,50.366554260253906,1469000,0.0,0.0
2024-10-14 00:00:00+08:00,50.5606402407838,51.14291472748384,49.68723406371478,50.46359634399414,562000,0.0,0.0
2024-10-15 00:00:00+08:00,50.948823534957135,51.53109432313312,50.65768814086914,50.65768814086914,444000,0.0,0.0
2024-10-16 00:00:00+08:00,50.46359863374026,51.142917048053505,50.075415624993404,50.75473403930664,335000,0.0,0.0
2024-10-17 00:00:00+08:00,50.75473403930664,51.23996094924645,50.56064253493321,50.75473403930664,211000,0.0,0.0
2024-10-18 00:00:00+08:00,50.75473391849309,50.75473391849309,49.10496168822725,49.29905319213867,492000,0.0,0.0
2024-10-21 00:00:00+08:00,49.49314556810118,49.9783724854355,49.49314556810118,49.88132858276367,156000,0.0,0.0
2024-10-22 00:00:00+08:00,49.88132753403588,50.56064224243164,49.59018842816626,50.56064224243164,309000,0.0,0.0
2024-10-23 00:00:00+08:00,50.8517793351275,50.94882323191716,50.1724609516378,50.46359634399414,252000,0.0,0.0
2024-10-24 00:00:00+08:00,50.46359816053686,51.045868966209596,49.881327354864126,50.366554260253906,312000,0.0,0.0
2024-10-25 00:00:00+08:00,50.56064330544166,50.56064330544166,49.88132858276367,49.88132858276367,213000,0.0,0.0
2024-10-28 00:00:00+08:00,49.97837051391602,50.366553513265686,48.47416786991409,48.52268981933594,361000,0.0,0.0
2024-10-29 00:00:00+08:00,48.52268831048573,49.00791519359058,48.18303097310726,48.81382369995117,286000,0.0,0.0
2024-10-30 00:00:00+08:00,48.61973424098181,48.61973424098181,48.134507337570874,48.18303298950195,174000,0.0,0.0
2024-11-01 00:00:00+08:00,47.40666490102048,48.280074769607296,46.77587217547428,48.08598327636719,304000,0.0,0.0
2024-11-04 00:00:00+08:00,48.52269158821637,48.52269158821637,47.55223775645204,47.69780731201172,127000,0.0,0.0
2024-11-05 00:00:00+08:00,47.6978060172734,47.794849917020585,47.45519256591797,47.45519256591797,219000,0.0,0.0
2024-11-06 00:00:00+08:00,47.50371551513672,47.84337287338478,47.455193564242364,47.50371551513672,145000,0.0,0.0
2024-11-07 00:00:00+08:00,47.455190550820994,48.4741662628474,47.455190550820994,48.08598327636719,115000,0.0,0.0
2024-11-08 00:00:00+08:00,48.522690239302605,52.889732360839844,48.522690239302605,52.889732360839844,2521000,0.0,0.0
2024-11-11 00:00:00+08:00,55.509957577804926,56.28631987009845,53.763141494647634,55.02473068237305,13489000,0.0,0.0
2024-11-12 00:00:00+08:00,54.53950595148017,55.41291217672846,53.56905212210148,53.86018753051758,4104000,0.0,0.0
2024-11-13 00:00:00+08:00,54.0542765974283,55.31586577829007,53.66609360239973,54.83063888549805,1901000,0.0,0.0
2024-11-14 00:00:00+08:00,55.31586847177388,55.70405148570417,52.01632395932918,52.59859848022461,2481000,0.0,0.0
2024-11-15 00:00:00+08:00,54.054276892867605,54.92768308347449,50.948824021628035,51.045867919921875,2227000,0.0,0.0
2024-11-18 00:00:00+08:00,51.04586851201899,51.434051513671875,49.97837081045475,51.434051513671875,759000,0.0,0.0
2024-11-19 00:00:00+08:00,51.822235969617346,55.80109518927497,51.822235969617346,53.86018753051758,4719000,0.0,0.0
2024-11-20 00:00:00+08:00,53.7631411627174,54.24836805515353,51.628142095600985,52.11336898803711,1313152,0.0,0.0
2024-11-21 00:00:00+08:00,52.40450668334961,53.374960510819044,52.01632367156681,52.40450668334961,676000,0.0,0.0
2024-11-22 00:00:00+08:00,53.27791488703529,55.31586637806371,52.792687988982095,55.21882247924805,2070000,0.0,0.0
2024-11-25 00:00:00+08:00,55.218823891805066,55.704050802270885,54.539505476755416,54.92768478393555,1667000,0.0,0.0
2024-11-26 00:00:00+08:00,54.83063778518543,55.121773174620806,53.86018401907595,54.05427551269531,710000,0.0,0.0
2024-11-27 00:00:00+08:00,54.927682742974184,54.927682742974184,52.01632138835744,52.11336898803711,721000,0.0,0.0
2024-11-28 00:00:00+08:00,51.72518845084976,52.40450687293345,50.560643113275944,51.14291763305664,568000,0.0,0.0
2024-11-29 00:00:00+08:00,52.1133699155707,52.1133699155707,50.26950621070068,51.434051513671875,552000,0.0,0.0
2024-12-02 00:00:00+08:00,52.113370057408495,53.08382386219455,51.91927855605379,52.889732360839844,456000,0.0,0.0
2024-12-03 00:00:00+08:00,53.08382520741213,55.218824372442775,53.08382520741213,53.86018753051758,1110000,0.0,0.0
2024-12-04 00:00:00+08:00,54.248369725880245,56.28632125608128,53.666095215831724,55.99518585205078,2586000,0.0,0.0
2024-12-05 00:00:00+08:00,56.38336351532716,61.526771545410156,55.995184221916354,61.526771545410156,10259000,0.0,0.0
2024-12-06 00:00:00+08:00,61.52677184653404,61.720859643195645,57.35381758253593,57.742000579833984,10670000,0.0,0.0
2024-12-09 00:00:00+08:00,59.00359102337369,59.00359102337369,57.25677490234375,57.25677490234375,2556000,0.0,0.0
2024-12-10 00:00:00+08:00,57.1597308694881,58.22722857931386,55.607002552847234,55.80109405517578,2087000,0.0,0.0
2024-12-11 00:00:00+08:00,56.09222810361607,57.74200028060219,56.09222810361607,57.547908782958984,1364000,0.0,0.0
2024-12-12 00:00:00+08:00,57.74200028060219,58.324271071544395,57.15972948965999,57.547908782958984,1125000,0.0,0.0
2024-12-13 00:00:00+08:00,57.062684341944006,57.93609426787691,55.60700360004754,56.577457427978516,1117000,0.0,0.0
2024-12-16 00:00:00+08:00,57.06268453342547,57.93609446228922,55.12177687105054,55.31586837768555,746000,0.0,0.0
2024-12-17 00:00:00+08:00,56.09222823456969,57.45086501925659,55.50995744226811,56.286319732666016,876000,0.0,0.0
2024-12-18 00:00:00+08:00,57.353817285315785,58.03313567607329,56.383363499087174,57.547908782958984,1352000,0.0,0.0
2024-12-19 00:00:00+08:00,56.57745558115963,58.03313627553932,55.121774886779946,57.936092376708984,924000,0.0,0.0
2024-12-20 00:00:00+08:00,57.93609097988702,58.809497154264804,56.67450181557199,56.96563720703125,1247000,0.0,0.0
2024-12-23 00:00:00+08:00,57.93609360765474,58.51836441698292,56.86859218790305,57.45086669921875,972000,0.0,0.0
2024-12-24 00:00:00+08:00,58.13018547395719,58.13018547395719,56.092230224623755,56.383365631103516,830000,0.0,0.0
2024-12-25 00:00:00+08:00,56.771546198179664,57.741999979345124,56.4804108042275,57.353816986083984,758000,0.0,0.0
2024-12-26 00:00:00+08:00,57.25677490234375,57.936093311074146,57.15973100194834,57.25677490234375,710000,0.0,0.0
2024-12-27 00:00:00+08:00,57.3538182095271,57.64495731167708,56.48041200903955,56.86859130859375,356000,0.0,0.0
2024-12-30 00:00:00+08:00,57.15972881900161,57.15972881900161,55.509956661372364,55.70404815673828,636000,0.0,0.0
2024-12-31 00:00:00+08:00,55.99518433651523,56.57745512881681,55.315865944171776,56.286319732666016,325000,0.0,0.0
2025-01-02 00:00:00+08:00,56.09222992541189,56.189277528379165,54.63654919879054,54.73359680175781,583000,0.0,0.0
2025-01-03 00:00:00+08:00,54.73359419533753,55.704047966871975,54.05427581486595,54.24836730957031,420000,0.0,0.0
2025-01-06 00:00:00+08:00,54.44245490648771,54.83063789450034,52.792686462402344,52.792686462402344,1354000,0.0,0.0
2025-01-07 00:00:00+08:00,53.66609421565322,54.24836871484985,52.40450502037501,53.95722961425781,655000,0.0,0.0
2025-01-08 00:00:00+08:00,53.56905212210148,54.05427903679083,53.08382520741213,53.86018753051758,309000,0.0,0.0
2025-01-09 00:00:00+08:00,54.24836870725644,54.34541260611524,49.68723512313142,51.239959716796875,3330000,0.0,0.0
2025-01-10 00:00:00+08:00,51.045866713436524,52.21041197537539,50.948822817436344,51.53109359741211,338000,0.0,0.0
2025-01-13 00:00:00+08:00,51.82223502983716,51.91927893022014,48.910873594497716,49.10496139526367,764000,0.0,0.0
2025-01-14 00:00:00+08:00,49.10496226728803,49.97837219419521,48.52269145067496,49.68723678588867,395000,0.0,0.0
2025-01-15 00:00:00+08:00,49.78428106172949,49.88132866655192,48.47416986352118,48.61973571777344,757000,0.0,0.0
2025-01-16 00:00:00+08:00,49.20200717579176,50.46359634399414,49.10495957701474,50.46359634399414,374000,0.0,0.0
2025-01-17 00:00:00+08:00,50.46359696251548,50.56064086049459,49.4931431747748,49.590187072753906,280000,0.0,0.0
2025-01-20 00:00:00+08:00,49.590185868160425,50.46359573670604,49.590185868160425,50.07541275024414,357000,0.0,0.0
2025-01-21 00:00:00+08:00,49.88132495900051,50.46359573670604,49.784277361391375,50.07541275024414,166000,0.0,0.0
2025-01-22 00:00:00+08:00,50.26950454711914,50.56063993773045,49.7842776621045,50.26950454711914,310000,0.0,0.0
2025-02-03 00:00:00+08:00,49.88132722126631,49.88132722126631,47.89189395290655,48.91087341308594,532210,0.0,0.0
2025-02-04 00:00:00+08:00,48.81382616008973,49.29905306764925,47.40666738776964,47.8433723449707,1073205,0.0,0.0
2025-02-05 00:00:00+08:00,47.89189395290655,49.00791731310898,47.89189395290655,48.91087341308594,283000,0.0,0.0
2025-02-06 00:00:00+08:00,48.71678010555933,49.396098486506865,48.71678010555933,49.00791549682617,242000,0.0,0.0
2025-02-07 00:00:00+08:00,49.00791609614836,49.493142988189426,48.9108721985351,49.39609909057617,243440,0.0,0.0
2025-02-10 00:00:00+08:00,49.396101377582134,50.07541609630153,48.91087446307539,49.68723678588867,218395,0.0,0.0
2025-02-11 00:00:00+08:00,49.6872360307853,51.04586914956433,49.6872360307853,50.56064224243164,683278,0.0,0.0
2025-02-12 00:00:00+08:00,52.98677499556047,54.054276376532954,50.560640541514886,50.65768814086914,2984330,0.0,0.0
2025-02-13 00:00:00+08:00,51.045866524337676,51.919276393053124,51.045866524337676,51.337005615234375,619000,0.0,0.0
2025-02-14 00:00:00+08:00,51.045868966209596,51.43405197131642,50.366554260253906,50.366554260253906,426370,0.0,0.0
2025-02-17 00:00:00+08:00,51.045868966209596,51.045868966209596,50.366554260253906,50.366554260253906,214046,0.0,0.0
2025-02-18 00:00:00+08:00,50.46359816053686,51.045868966209596,50.366554260253906,50.366554260253906,227083,0.0,0.0
2025-02-19 00:00:00+08:00,50.5606402407838,51.045867128706824,50.366552447204484,50.46359634399414,416030,0.0,0.0
2025-02-20 00:00:00+08:00,50.65768783956082,50.75473173635048,50.1724609516378,50.46359634399414,161002,0.0,0.0
2025-02-21 00:00:00+08:00,50.4635989234561,51.23996124341945,50.36655502170601,50.94882583618164,545113,0.0,0.0
2025-02-24 00:00:00+08:00,50.65768814086914,51.045867432324,50.2695051474269,50.65768814086914,201287,0.0,0.0
2025-02-25 00:00:00+08:00,50.75473143213378,50.75473143213378,50.17246065091115,50.26950454711914,223150,0.0,0.0
2025-02-26 00:00:00+08:00,50.36655214531447,50.56063993773045,49.68723376589651,50.26950454711914,180000,0.0,0.0
2025-02-27 00:00:00+08:00,50.17246340573097,50.56064271386405,47.9404203525063,49.49314498901367,1414003,0.0,0.0
2025-03-03 00:00:00+08:00,49.59018955407221,49.59018955407221,47.89189534054936,48.61973571777344,434001,0.0,0.0
2025-03-04 00:00:00+08:00,48.085983672825044,49.396098486506865,47.697804385131704,49.00791549682617,340100,0.0,0.0
2025-03-05 00:00:00+08:00,49.396098486506865,49.493142382933364,48.91087160039967,49.00791549682617,516704,0.0,0.0
2025-03-06 00:00:00+08:00,49.20200699166652,49.68723387777371,49.00791549682617,49.00791549682617,235231,0.0,0.0
2025-03-07 00:00:00+08:00,49.00791570672364,49.49314259490902,48.47416687011719,48.47416687011719,295000,0.0,0.0
2025-03-10 00:00:00+08:00,49.39610024802932,49.39610024802932,48.03746343768368,48.18303298950195,453172,0.0,0.0
2025-03-11 00:00:00+08:00,45.70837202319439,46.096555019946805,43.96155594178337,45.611328125,1742170,0.0,0.0
2025-03-12 00:00:00+08:00,45.70837366317616,47.018488547730925,45.70837366317616,46.775875091552734,682151,0.0,0.0
2025-03-13 00:00:00+08:00,47.4066663190072,47.69780541856932,46.04803322966285,47.06700897216797,678210,0.0,0.0
2025-03-14 00:00:00+08:00,47.06700776547802,48.03746153383839,45.950984451068656,47.5522346496582,1010100,0.0,0.0
2025-03-17 00:00:00+08:00,48.18303168856313,48.61973292825209,46.19359847670284,47.9404182434082,1252000,0.0,0.0
2025-03-18 00:00:00+08:00,47.940417847318294,47.940417847318294,47.01848602294922,47.01848602294922,681330,0.0,0.0
2025-03-19 00:00:00+08:00,47.01848825346285,47.552237113316856,46.581783294677734,46.581783294677734,412000,0.0,0.0
2025-03-20 00:00:00+08:00,47.067008458866944,47.55223535019547,46.92143891067343,47.40666580200195,306000,0.0,0.0
2025-03-21 00:00:00+08:00,47.455193854070636,47.74632926320242,47.261102347320254,47.69780731201172,213010,0.0,0.0
2025-03-24 00:00:00+08:00,47.6978064308814,47.794850331470094,47.11553192138672,47.11553192138672,225000,0.0,0.0
2025-03-25 00:00:00+08:00,47.261102003909116,47.552237410925436,46.38769208087261,46.775875091552734,420000,0.0,0.0
2025-03-26 00:00:00+08:00,46.775875381882976,47.40666815066897,46.775875381882976,46.969966888427734,165150,0.0,0.0
2025-03-27 00:00:00+08:00,47.06700818160953,47.06700818160953,46.484737396240234,46.484737396240234,191098,0.0,0.0
2025-03-28 00:00:00+08:00,46.43621426918884,46.58178382443523,44.932011573588966,46.24212646484375,654000,0.0,0.0
2025-03-31 00:00:00+08:00,44.68939729778775,45.029058353146695,42.69996772378178,42.94258117675781,1024000,0.0,0.0
2025-04-01 00:00:00+08:00,42.94258152797021,44.25269270396073,42.94258152797021,43.8645133972168,467406,0.0,0.0
2025-04-02 00:00:00+08:00,44.34974111562115,45.368716904632485,43.67042268895106,45.174625396728516,377296,0.0,0.0
2025-04-07 00:00:00+08:00,40.66201400756836,40.66201400756836,40.66201400756836,40.66201400756836,122150,0.0,0.0
2025-04-08 00:00:00+08:00,36.877245568281765,37.84769939902603,36.6346321105957,36.6346321105957,1200800,0.0,0.0
2025-04-09 00:00:00+08:00,34.936336037690545,35.61565442326534,32.99542848004107,33.286563873291016,2035000,0.0,0.0
2025-04-10 00:00:00+08:00,36.58610916137695,36.58610916137695,35.955312707806456,36.58610916137695,252000,0.0,0.0
2025-04-11 00:00:00+08:00,36.4890626045337,37.556564040988526,34.15997562879038,37.36247253417969,522030,0.0,0.0
2025-04-14 00:00:00+08:00,38.28440471071858,39.40042440501066,37.50804237947462,37.55656433105469,543000,0.0,0.0
2025-04-15 00:00:00+08:00,37.99326841211203,39.30337958412105,37.70212930545445,38.963722229003906,446001,0.0,0.0
2025-04-16 00:00:00+08:00,38.96372021996611,38.96372021996611,37.60508346557617,37.60508346557617,362089,0.0,0.0
2025-04-17 00:00:00+08:00,37.653607992372685,38.57553987442308,37.36247258277456,38.09031295776367,211001,0.0,0.0
2025-04-18 00:00:00+08:00,38.47849413922317,38.47849413922317,38.041789194631676,38.187355041503906,154001,0.0,0.0
2025-04-21 00:00:00+08:00,37.94474364568287,37.94474364568287,37.45951672590694,37.55656433105469,165040,0.0,0.0
2025-04-22 00:00:00+08:00,37.556563747892945,37.84769915484036,37.022814884824754,37.16838073730469,241150,0.0,0.0
2025-04-23 00:00:00+08:00,38.1388342634533,39.15781003079226,38.04179036255912,38.963722229003906,303099,0.0,0.0
2025-04-24 00:00:00+08:00,39.351901715851646,39.691562774521046,38.96372240849917,39.15781021118164,240000,0.0,0.0
2025-04-25 00:00:00+08:00,39.982699062499,40.273834474932315,39.74008560180664,39.74008560180664,241000,0.0,0.0
2025-04-28 00:00:00+08:00,40.12826396863676,41.050195837860386,40.12826396863676,40.419403076171875,233010,0.0,0.0
2025-04-29 00:00:00+08:00,40.41940185837306,41.19576415043805,40.12826275960969,40.90462875366211,205000,0.0,0.0
2025-04-30 00:00:00+08:00,41.14724338015976,41.14724338015976,39.69156265258789,39.69156265258789,227111,0.0,0.0
2025-05-02 00:00:00+08:00,39.982697600574674,40.95315140786053,39.982697600574674,40.75905990600586,136000,0.0,0.0
2025-05-05 00:00:00+08:00,40.273831006649786,40.75905788624798,38.866672315417574,39.400421142578125,153001,0.0,0.0
2025-05-06 00:00:00+08:00,39.788604736328125,40.176787726745786,39.40042174591047,39.788604736328125,54027,0.0,0.0
2025-05-07 00:00:00+08:00,40.17678926394137,40.17678926394137,39.49747085571289,39.49747085571289,46030,0.0,0.0
2025-05-08 00:00:00+08:00,39.49747091972692,40.75906013591734,39.49747091972692,40.225311279296875,159000,0.0,0.0
2025-05-09 00:00:00+08:00,40.3223555954065,40.75906055604737,39.885650634765625,39.885650634765625,123000,0.0,0.0
2025-05-12 00:00:00+08:00,39.88565130084672,43.37928734232907,39.88565130084672,41.729515075683594,492000,0.0,0.0
2025-05-13 00:00:00+08:00,42.65144696310203,42.84553847129343,41.729515075683594,41.729515075683594,218000,0.0,0.0
2025-05-14 00:00:00+08:00,43.57337828094976,44.83496751472154,43.37928677529544,44.0586051940918,543014,0.0,0.0
2025-05-15 00:00:00+08:00,44.25269195208347,45.320193356963806,44.01007850124532,44.737918853759766,621000,0.0,0.0
2025-05-16 00:00:00+08:00,44.73791685051718,45.708370610415486,44.640872955322266,44.640872955322266,503030,0.0,0.0
2025-05-19 00:00:00+08:00,44.301219118856054,45.02905949626122,44.301219118856054,44.44678497314453,227000,0.0,0.0
2025-05-20 00:00:00+08:00,44.49530562913922,44.834966683231976,44.155648277033954,44.20417022705078,165000,0.0,0.0
2025-05-21 00:00:00+08:00,44.446781358024936,44.49530330550785,43.86451058425537,43.91303253173828,221000,0.0,0.0
2025-05-22 00:00:00+08:00,43.6704216003418,43.961557003946574,42.89405929006656,43.6704216003418,214070,0.0,0.0
2025-05-23 00:00:00+08:00,43.5733757019043,44.25269037850544,43.52485005187221,43.5733757019043,85000,0.0,0.0
2025-05-26 00:00:00+08:00,44.01007816905019,44.01007816905019,43.08815002441406,43.08815002441406,121532,0.0,0.0
2025-05-27 00:00:00+08:00,43.3792839050293,43.71894124095967,42.89405702399314,43.3792839050293,150000,0.0,0.0
2025-05-28 00:00:00+08:00,44.10712649144027,44.10712649144027,42.94258117675781,42.94258117675781,134021,0.0,0.0
2025-05-29 00:00:00+08:00,43.23371557299974,43.67042051858306,42.6514447802136,42.89405822753906,152096,0.0,0.0
2025-06-02 00:00:00+08:00,42.50587668679747,42.50587668679747,41.778036319893445,41.875083923339844,120103,0.0,0.0
2025-06-03 00:00:00+08:00,42.069172438527836,42.554399358012525,41.729515075683594,41.729515075683594,90050,0.0,0.0
2025-06-04 00:00:00+08:00,42.65144600433745,43.039625310006734,42.40883255004883,42.40883255004883,128000,0.0,0.0
2025-06-05 00:00:00+08:00,42.55439840142949,42.894059458626074,42.40883255004883,42.40883255004883,130371,0.0,0.0
2025-06-06 00:00:00+08:00,42.79700972129146,42.79700972129146,42.166216992793245,42.31178283691406,162000,0.0,0.0
2025-06-09 00:00:00+08:00,42.748487580388684,42.79700952821004,42.02064725710628,42.11769485473633,92000,0.0,0.0
2025-06-10 00:00:00+08:00,42.554396882491844,43.18519332192161,42.505874933763565,42.69996643066406,185359,0.0,0.0
2025-06-11 00:00:00+08:00,41.53542115124847,43.03962377374938,41.53542115124847,42.69996643066406,290000,0.0,0.0
2025-06-12 00:00:00+08:00,42.991103359546514,42.991103359546514,42.263262996680645,42.40883255004883,123020,0.0,0.0
2025-06-13 00:00:00+08:00,42.21474030991587,42.21474030991587,39.497470409675095,40.56496810913086,497050,0.0,0.0
2025-06-16 00:00:00+08:00,40.467925026765215,40.80758238290614,39.83712856308917,40.419403076171875,124099,0.0,0.0
2025-06-17 00:00:00+08:00,40.95315235928394,40.95315235928394,40.079742431640625,40.079742431640625,111000,0.0,0.0
2025-06-18 00:00:00+08:00,40.07974300708965,40.662017534541114,40.07974300708965,40.467926025390625,97407,0.0,0.0
2025-06-19 00:00:00+08:00,40.662015139756726,40.662015139756726,39.35190030664069,39.44894790649414,163100,0.0,0.0
2025-06-20 00:00:00+08:00,39.44894782129578,39.54599171895224,38.575537934438074,38.721107482910156,302585,0.0,0.0
2025-06-23 00:00:00+08:00,37.65360482665511,38.57553663119431,37.45951333591202,38.478492736816406,235300,0.0,0.0
2025-06-24 00:00:00+08:00,38.478492844566134,39.49746854633664,38.478492844566134,39.20633316040039,191000,0.0,0.0
2025-06-25 00:00:00+08:00,40.225311693925214,40.225311693925214,39.49747132685294,39.885650634765625,115000,0.0,0.0
2025-06-26 00:00:00+08:00,39.9341765263903,40.17678998353244,39.2063361549639,39.35190200805664,184427,0.0,0.0
2025-06-27 00:00:00+08:00,39.35190200805664,39.49747156313695,39.06076659988359,39.35190200805664,143025,0.0,0.0
2025-06-30 00:00:00+08:00,39.35189970387023,39.594513146806534,38.86667281799763,39.06076431274414,73000,0.0,0.0
2025-07-01 00:00:00+08:00,39.88565111853968,39.88565111853968,38.818153381347656,38.818153381347656,273096,0.0,0.0
2025-07-02 00:00:00+08:00,38.818153381347656,39.206336395956164,38.72110947868932,38.818153381347656,84634,0.0,0.0
2025-07-03 00:00:00+08:00,39.109286859988174,39.64303570222623,38.62405996668314,39.44894790649414,314000,0.0,0.0
2025-07-04 00:00:00+08:00,39.78860535613958,39.8371273052008,38.81815156696544,38.91519546508789,199147,0.0,0.0
2025-07-07 00:00:00+08:00,38.52701720962616,38.52701720962616,37.94474269922616,38.23588180541992,158240,0.0,0.0
2025-07-08 00:00:00+08:00,37.89622116088867,37.99326876467093,37.55656380261967,37.89622116088867,320000,0.0,0.0
2025-07-09 00:00:00+08:00,37.70212970818,38.721109188391,37.70212970818,38.624061584472656,84039,0.0,0.0
2025-07-10 00:00:00+08:00,38.235879790330614,39.01224206129428,38.235879790330614,38.86667251586914,83000,0.0,0.0
2025-07-11 00:00:00+08:00,38.81815314274146,39.594515465198775,38.575539685599324,39.35190200805664,133016,0.0,0.0
2025-07-14 00:00:00+08:00,39.25485681224556,39.643036109686946,38.96372141366766,39.10928726196289,54000,0.0,0.0
2025-07-15 00:00:00+08:00,38.963722697821765,39.594515465198775,38.963722697821765,39.35190200805664,115002,0.0,0.0
2025-07-16 00:00:00+08:00,39.78860702308871,40.32235588909848,39.44894966344273,40.079742431640625,265541,0.0,0.0
2025-07-17 00:00:00+08:00,40.079740220186245,40.90462815122119,39.885648724531706,40.51644515991211,267500,0.0,0.0
2025-07-18 00:00:00+08:00,40.516446977358555,40.7590604323128,40.17678962121763,40.419403076171875,185120,0.0,0.0
2025-07-21 00:00:00+08:00,40.37087561267437,40.75905860398344,40.37087561267437,40.51644515991211,189000,0.0,0.0
2025-07-22 00:00:00+08:00,40.56496670611613,40.759058199846194,38.62405917279012,39.594512939453125,394021,0.0,0.0
2025-07-23 00:00:00+08:00,39.594512737615766,40.7105360443841,39.594512737615766,40.12826156616211,216000,0.0,0.0
2025-07-24 00:00:00+08:00,40.32235488371472,40.32235488371472,39.88564993078171,40.031219482421875,242003,0.0,0.0
2025-07-25 00:00:00+08:00,40.03121848187459,40.370875824562205,39.93417458453167,39.982696533203125,158020,0.0,0.0
2025-07-28 00:00:00+08:00,40.079740220186245,40.66201470714986,39.885648724531706,40.51644515991211,271000,0.0,0.0
2025-07-29 00:00:00+08:00,40.370876749749286,42.99110275991768,40.370876749749286,42.02064895629883,989232,0.0,0.0
2025-07-30 00:00:00+08:00,42.29999923706055,43.0,41.5,42.5,464201,1.279351,0.0
2025-07-31 00:00:00+08:00,42.599998474121094,42.599998474121094,41.599998474121094,41.650001525878906,284050,0.0,0.0
2025-08-04 00:00:00+08:00,41.54999923706055,42.599998474121094,41.400001525878906,42.400001525878906,215102,0.0,0.0
2025-08-05 00:00:00+08:00,42.400001525878906,43.04999923706055,42.400001525878906,42.70000076293945,250165,0.0,0.0
2025-08-06 00:00:00+08:00,42.70000076293945,45.099998474121094,42.599998474121094,44.25,623060,0.0,0.0
2025-08-07 00:00:00+08:00,44.900001525878906,44.900001525878906,43.25,43.29999923706055,480076,0.0,0.0
2025-08-08 00:00:00+08:00,43.900001525878906,44.20000076293945,43.599998474121094,43.75,253089,0.0,0.0
2025-08-11 00:00:00+08:00,43.79999923706055,44.04999923706055,43.25,43.900001525878906,307000,0.0,0.0
2025-08-12 00:00:00+08:00,45.400001525878906,47.45000076293945,45.150001525878906,46.0,1576092,0.0,0.0
2025-08-13 00:00:00+08:00,47.20000076293945,47.20000076293945,45.5,45.5,847010,0.0,0.0
2025-08-14 00:00:00+08:00,45.45000076293945,45.5,44.45000076293945,44.54999923706055,547100,0.0,0.0
2025-08-15 00:00:00+08:00,44.900001525878906,45.099998474121094,44.0,44.400001525878906,269032,0.0,0.0
2025-08-18 00:00:00+08:00,44.20000076293945,44.29999923706055,43.20000076293945,43.25,626128,0.0,0.0
2025-08-19 00:00:00+08:00,43.25,43.5,42.599998474121094,42.599998474121094,292001,0.0,0.0
2025-08-20 00:00:00+08:00,43.0,43.0,41.45000076293945,41.650001525878906,466010,0.0,0.0
2025-08-21 00:00:00+08:00,42.0,42.5,41.45000076293945,41.45000076293945,334100,0.0,0.0
2025-08-22 00:00:00+08:00,41.5,42.349998474121094,41.5,42.349998474121094,214046,0.0,0.0
2025-08-25 00:00:00+08:00,43.25,43.25,42.0,42.150001525878906,247000,0.0,0.0
2025-08-26 00:00:00+08:00,43.400001525878906,44.70000076293945,43.150001525878906,43.150001525878906,872020,0.0,0.0
2025-08-27 00:00:00+08:00,43.150001525878906,44.20000076293945,43.150001525878906,43.79999923706055,486050,0.0,0.0
2025-08-28 00:00:00+08:00,43.79999923706055,43.79999923706055,42.900001525878906,43.150001525878906,307051,0.0,0.0
2025-08-29 00:00:00+08:00,43.95000076293945,43.95000076293945,43.04999923706055,43.349998474121094,171030,0.0,0.0
2025-09-01 00:00:00+08:00,43.25,43.349998474121094,41.650001525878906,41.95000076293945,362001,0.0,0.0
2025-09-02 00:00:00+08:00,42.0,42.900001525878906,41.0,41.400001525878906,260200,0.0,0.0
2025-09-03 00:00:00+08:00,41.900001525878906,42.79999923706055,41.79999923706055,42.54999923706055,210000,0.0,0.0
2025-09-04 00:00:00+08:00,42.849998474121094,43.45000076293945,42.150001525878906,42.20000076293945,188000,0.0,0.0
2025-09-05 00:00:00+08:00,42.599998474121094,42.599998474121094,41.900001525878906,41.900001525878906,182051,0.0,0.0
2025-09-08 00:00:00+08:00,42.04999923706055,42.45000076293945,41.75,41.95000076293945,298000,0.0,0.0
2025-09-09 00:00:00+08:00,42.20000076293945,42.599998474121094,41.75,42.25,220165,0.0,0.0
2025-09-10 00:00:00+08:00,42.79999923706055,43.099998474121094,42.29999923706055,42.400001525878906,240856,0.0,0.0
2025-09-11 00:00:00+08:00,42.599998474121094,46.5,42.599998474121094,44.150001525878906,2142519,0.0,0.0
2025-09-12 00:00:00+08:00,44.650001525878906,46.099998474121094,43.79999923706055,44.150001525878906,1560000,0.0,0.0
2025-09-15 00:00:00+08:00,44.150001525878906,45.599998474121094,43.849998474121094,44.099998474121094,731301,0.0,0.0
2025-09-16 00:00:00+08:00,44.150001525878906,44.29999923706055,43.599998474121094,43.79999923706055,400034,0.0,0.0
2025-09-17 00:00:00+08:00,43.849998474121094,44.29999923706055,43.5,43.900001525878906,389000,0.0,0.0
2025-09-18 00:00:00+08:00,44.45000076293945,44.95000076293945,44.099998474121094,44.75,375820,0.0,0.0
2025-09-19 00:00:00+08:00,44.849998474121094,45.5,44.400001525878906,44.79999923706055,505090,0.0,0.0
2025-09-22 00:00:00+08:00,45.900001525878906,47.79999923706055,45.29999923706055,47.0,2549839,0.0,0.0
2025-09-23 00:00:00+08:00,49.75,51.70000076293945,49.54999923706055,51.70000076293945,3175598,0.0,0.0
2025-09-24 00:00:00+08:00,52.400001525878906,52.5,49.70000076293945,51.400001525878906,8696202,0.0,0.0
2025-09-25 00:00:00+08:00,51.29999923706055,51.900001525878906,48.150001525878906,48.45000076293945,2626168,0.0,0.0
2025-09-26 00:00:00+08:00,47.900001525878906,48.400001525878906,44.54999923706055,45.45000076293945,3627000,0.0,0.0
2025-09-30 00:00:00+08:00,46.0,46.099998474121094,45.150001525878906,45.400001525878906,733003,0.0,0.0
2025-10-01 00:00:00+08:00,45.75,46.25,44.650001525878906,44.650001525878906,691050,0.0,0.0
2025-10-02 00:00:00+08:00,44.95000076293945,45.04999923706055,44.04999923706055,44.400001525878906,559109,0.0,0.0
2025-10-03 00:00:00+08:00,44.599998474121094,46.75,44.349998474121094,45.95000076293945,981212,0.0,0.0
2025-10-07 00:00:00+08:00,46.45000076293945,46.599998474121094,45.75,46.150001525878906,930062,0.0,0.0
2025-10-08 00:00:00+08:00,45.95000076293945,45.95000076293945,45.0,45.849998474121094,456000,0.0,0.0
2025-10-09 00:00:00+08:00,46.150001525878906,48.70000076293945,46.04999923706055,47.849998474121094,1307109,0.0,0.0
2025-10-13 00:00:00+08:00,46.650001525878906,47.29999923706055,45.20000076293945,47.0,826130,0.0,0.0
2025-10-14 00:00:00+08:00,47.79999923706055,49.75,46.95000076293945,47.099998474121094,1955100,0.0,0.0
2025-10-15 00:00:00+08:00,47.150001525878906,49.25,47.0,48.25,1036055,0.0,0.0
2025-10-16 00:00:00+08:00,48.25,49.54999923706055,48.25,48.5,946111,0.0,0.0
2025-10-17 00:00:00+08:00,47.599998474121094,47.95000076293945,46.599998474121094,46.650001525878906,1192542,0.0,0.0
2025-10-20 00:00:00+08:00,46.900001525878906,48.75,46.900001525878906,48.5,886456,0.0,0.0
2025-10-21 00:00:00+08:00,48.79999923706055,49.25,48.54999923706055,48.849998474121094,810282,0.0,0.0
2025-10-22 00:00:00+08:00,48.849998474121094,49.25,48.45000076293945,48.70000076293945,588100,0.0,0.0
2025-10-23 00:00:00+08:00,48.400001525878906,48.70000076293945,48.04999923706055,48.5,375000,0.0,0.0
2025-10-27 00:00:00+08:00,48.650001525878906,49.25,48.0,48.599998474121094,542714,0.0,0.0
2025-10-28 00:00:00+08:00,48.900001525878906,49.5,48.29999923706055,48.650001525878906,764040,0.0,0.0
2025-10-29 00:00:00+08:00,49.0,49.150001525878906,48.0,48.0,547000,0.0,0.0
2025-10-30 00:00:00+08:00,48.0,48.150001525878906,46.5,46.900001525878906,978000,0.0,0.0
2025-10-31 00:00:00+08:00,47.0,47.650001525878906,46.79999923706055,47.29999923706055,452010,0.0,0.0
2025-11-03 00:00:00+08:00,47.5,47.849998474121094,46.70000076293945,46.70000076293945,411000,0.0,0.0
2025-11-04 00:00:00+08:00,46.79999923706055,47.099998474121094,45.400001525878906,45.70000076293945,623000,0.0,0.0
2025-11-05 00:00:00+08:00,45.45000076293945,45.45000076293945,44.20000076293945,44.5,655004,0.0,0.0
2025-11-06 00:00:00+08:00,44.650001525878906,44.849998474121094,43.900001525878906,44.400001525878906,712000,0.0,0.0
2025-11-07 00:00:00+08:00,44.349998474121094,44.349998474121094,43.400001525878906,43.849998474121094,415000,0.0,0.0
2025-11-10 00:00:00+08:00,43.75,44.650001525878906,43.349998474121094,44.599998474121094,316010,0.0,0.0
2025-11-11 00:00:00+08:00,44.150001525878906,44.5,43.400001525878906,43.45000076293945,701100,0.0,0.0
2025-11-12 00:00:00+08:00,43.599998474121094,44.45000076293945,43.599998474121094,43.650001525878906,391000,0.0,0.0
2025-11-13 00:00:00+08:00,43.75,43.95000076293945,42.25,42.70000076293945,1157000,0.0,0.0
2025-11-14 00:00:00+08:00,42.5,42.5,41.650001525878906,42.099998474121094,436279,0.0,0.0
2025-11-17 00:00:00+08:00,42.70000076293945,42.70000076293945,41.5,41.599998474121094,420150,0.0,0.0
2025-11-18 00:00:00+08:00,41.400001525878906,41.599998474121094,40.349998474121094,40.650001525878906,609320,0.0,0.0
2025-11-19 00:00:00+08:00,40.650001525878906,41.849998474121094,40.400001525878906,40.95000076293945,654000,0.0,0.0
2025-11-20 00:00:00+08:00,41.5,42.20000076293945,40.95000076293945,41.25,536000,0.0,0.0
2025-11-21 00:00:00+08:00,40.5,40.75,39.54999923706055,39.79999923706055,568024,0.0,0.0
2025-11-24 00:00:00+08:00,40.04999923706055,40.599998474121094,39.79999923706055,40.349998474121094,228087,0.0,0.0
2025-11-25 00:00:00+08:00,40.45000076293945,41.900001525878906,40.45000076293945,41.25,440000,0.0,0.0
2025-11-26 00:00:00+08:00,41.29999923706055,41.70000076293945,41.25,41.349998474121094,178020,0.0,0.0
2025-11-27 00:00:00+08:00,41.900001525878906,42.5,41.400001525878906,42.099998474121094,248004,0.0,0.0
2025-11-28 00:00:00+08:00,41.849998474121094,42.650001525878906,41.849998474121094,42.29999923706055,383000,0.0,0.0
2025-12-01 00:00:00+08:00,42.29999923706055,42.29999923706055,41.349998474121094,41.349998474121094,258000,0.0,0.0
2025-12-02 00:00:00+08:00,41.54999923706055,42.099998474121094,41.54999923706055,42.04999923706055,206012,0.0,0.0
2025-12-03 00:00:00+08:00,42.29999923706055,43.25,42.29999923706055,42.75,428082,0.0,0.0
2025-12-04 00:00:00+08:00,42.849998474121094,43.0,42.04999923706055,42.70000076293945,180890,0.0,0.0
2025-12-05 00:00:00+08:00,42.75,42.849998474121094,42.20000076293945,42.29999923706055,259100,0.0,0.0
2025-12-08 00:00:00+08:00,42.29999923706055,42.54999923706055,41.79999923706055,41.900001525878906,310200,0.0,0.0
2025-12-09 00:00:00+08:00,42.04999923706055,42.599998474121094,42.04999923706055,42.400001525878906,220171,0.0,0.0
2025-12-10 00:00:00+08:00,42.349998474121094,43.150001525878906,41.900001525878906,42.04999923706055,284000,0.0,0.0
2025-12-11 00:00:00+08:00,42.0,42.0,40.5,41.54999923706055,607001,0.0,0.0
2025-12-12 00:00:00+08:00,41.79999923706055,41.79999923706055,41.099998474121094,41.400001525878906,282110,0.0,0.0
2025-12-15 00:00:00+08:00,41.0,42.0,40.75,41.70000076293945,253200,0.0,0.0
2025-12-16 00:00:00+08:00,41.75,42.29999923706055,41.25,41.349998474121094,313027,0.0,0.0
2025-12-17 00:00:00+08:00,41.29999923706055,41.95000076293945,41.099998474121094,41.099998474121094,183000,0.0,0.0
2025-12-18 00:00:00+08:00,41.25,41.25,40.5,40.79999923706055,356010,0.0,0.0
2025-12-19 00:00:00+08:00,41.150001525878906,41.150001525878906,40.45000076293945,40.5,253199,0.0,0.0
2025-12-22 00:00:00+08:00,41.0,41.29999923706055,40.650001525878906,40.70000076293945,434105,0.0,0.0
2025-12-23 00:00:00+08:00,41.150001525878906,41.150001525878906,40.25,40.849998474121094,398003,0.0,0.0
2025-12-24 00:00:00+08:00,40.849998474121094,41.04999923706055,40.45000076293945,40.75,243500,0.0,0.0
2025-12-26 00:00:00+08:00,40.95000076293945,40.95000076293945,40.20000076293945,40.599998474121094,244000,0.0,0.0
2025-12-29 00:00:00+08:00,40.70000076293945,41.70000076293945,40.400001525878906,41.25,367000,0.0,0.0
2025-12-30 00:00:00+08:00,41.29999923706055,41.29999923706055,40.75,40.79999923706055,166171,0.0,0.0
2025-12-31 00:00:00+08:00,40.79999923706055,41.29999923706055,40.75,40.79999923706055,193000,0.0,0.0
2026-01-02 00:00:00+08:00,41.349998474121094,42.0,41.04999923706055,41.650001525878906,333000,0.0,0.0
2026-01-05 00:00:00+08:00,41.70000076293945,41.95000076293945,40.54999923706055,40.650001525878906,382500,0.0,0.0
2026-01-06 00:00:00+08:00,40.09264373779297,40.19103240966797,39.551517486572266,39.748291015625,336427,0.0,0.0
2026-01-07 00:00:00+08:00,39.748291015625,40.53538513183594,39.6990966796875,40.04344940185547,256131,0.0,0.0
2026-01-08 00:00:00+08:00,40.04344940185547,40.04344940185547,39.0595817565918,39.354740142822266,571214,0.0,0.0
2026-01-09 00:00:00+08:00,39.1579704284668,39.846675872802734,38.91200256347656,39.30554962158203,379115,0.0,0.0
2026-01-12 00:00:00+08:00,39.30554962158203,39.551517486572266,38.469261169433594,38.61684036254883,718860,0.0,0.0
2026-01-13 00:00:00+08:00,38.71522903442383,38.71522903442383,37.87894058227539,37.87894058227539,955556,0.0,0.0
2026-01-14 00:00:00+08:00,38.026519775390625,39.403934478759766,38.026519775390625,39.403934478759766,451279,0.0,0.0
2026-01-15 00:00:00+08:00,39.400001525878906,39.5,38.849998474121094,39.29999923706055,503036,0.0,0.0
2026-01-16 00:00:00+08:00,39.5,40.099998474121094,39.04999923706055,39.04999923706055,409000,0.0,0.0
2026-01-19 00:00:00+08:00,39.04999923706055,39.599998474121094,38.95000076293945,39.5,310000,0.0,0.0
2026-01-20 00:00:00+08:00,39.5,39.5,39.0,39.04999923706055,287000,0.0,0.0
2026-01-21 00:00:00+08:00,38.900001525878906,38.900001525878906,38.29999923706055,38.400001525878906,757025,0.0,0.0
2026-01-22 00:00:00+08:00,38.650001525878906,39.349998474121094,38.599998474121094,39.0,397000,0.0,0.0
2026-01-23 00:00:00+08:00,39.900001525878906,40.25,39.150001525878906,39.54999923706055,520016,0.0,0.0
2026-01-26 00:00:00+08:00,40.0,40.0,39.04999923706055,39.20000076293945,416377,0.0,0.0
2026-01-27 00:00:00+08:00,39.04999923706055,39.099998474121094,38.349998474121094,38.349998474121094,541504,0.0,0.0
2026-01-28 00:00:00+08:00,38.650001525878906,38.650001525878906,38.0,38.04999923706055,490483,0.0,0.0
2026-01-29 00:00:00+08:00,38.150001525878906,38.150001525878906,37.150001525878906,37.150001525878906,694197,0.0,0.0
2026-01-30 00:00:00+08:00,37.150001525878906,37.150001525878906,36.150001525878906,36.5,640174,0.0,0.0
2026-02-02 00:00:00+08:00,36.150001525878906,36.150001525878906,35.29999923706055,35.599998474121094,684350,0.0,0.0
2026-02-03 00:00:00+08:00,35.900001525878906,36.20000076293945,35.5,35.75,564000,0.0,0.0
2026-02-04 00:00:00+08:00,35.79999923706055,36.70000076293945,35.79999923706055,36.650001525878906,391000,0.0,0.0
2026-02-05 00:00:00+08:00,37.0,38.349998474121094,36.849998474121094,37.20000076293945,593047,0.0,0.0
2026-02-06 00:00:00+08:00,37.20000076293945,37.20000076293945,35.900001525878906,36.79999923706055,342000,0.0,0.0
2026-02-09 00:00:00+08:00,36.900001525878906,37.150001525878906,36.5,36.70000076293945,287165,0.0,0.0
2026-02-10 00:00:00+08:00,36.349998474121094,37.150001525878906,36.349998474121094,36.95000076293945,244721,0.0,0.0
2026-02-11 00:00:00+08:00,36.5,36.5,35.54999923706055,35.849998474121094,807500,0.0,0.0
2026-02-23 00:00:00+08:00,36.150001525878906,36.79999923706055,35.0,36.400001525878906,507201,0.0,0.0
2026-02-24 00:00:00+08:00,36.349998474121094,37.0,36.349998474121094,36.79999923706055,254020,0.0,0.0
2026-02-25 00:00:00+08:00,36.900001525878906,37.25,36.5,36.75,337807,0.0,0.0
2026-02-26 00:00:00+08:00,36.79999923706055,37.20000076293945,36.70000076293945,36.70000076293945,490373,0.0,0.0
2026-03-02 00:00:00+08:00,36.0,36.25,35.25,35.70000076293945,530130,0.0,0.0
2026-03-03 00:00:00+08:00,35.75,35.75,33.70000076293945,34.29999923706055,1485224,0.0,0.0
2026-03-04 00:00:00+08:00,33.349998474121094,33.5,32.900001525878906,33.04999923706055,895789,0.0,0.0
2026-03-05 00:00:00+08:00,33.54999923706055,33.75,33.25,33.45000076293945,465000,0.0,0.0
2026-03-06 00:00:00+08:00,33.45000076293945,33.650001525878906,33.0,33.150001525878906,408000,0.0,0.0
2026-03-09 00:00:00+08:00,32.45000076293945,32.45000076293945,31.299999237060547,31.700000762939453,633000,0.0,0.0
2026-03-10 00:00:00+08:00,32.0,32.599998474121094,31.950000762939453,32.099998474121094,424450,0.0,0.0
2026-03-11 00:00:00+08:00,33.70000076293945,35.29999923706055,33.45000076293945,34.20000076293945,2846008,0.0,0.0
2026-03-12 00:00:00+08:00,33.25,33.599998474121094,33.04999923706055,33.20000076293945,1013983,0.0,0.0
2026-03-13 00:00:00+08:00,32.70000076293945,33.25,32.54999923706055,33.150001525878906,360642,0.0,0.0
2026-03-16 00:00:00+08:00,33.25,34.04999923706055,33.25,33.70000076293945,695478,0.0,0.0
2026-03-17 00:00:00+08:00,33.95000076293945,36.95000076293945,33.900001525878906,36.650001525878906,2064125,0.0,0.0
2026-03-18 00:00:00+08:00,36.79999923706055,37.650001525878906,36.0,36.400001525878906,1918826,0.0,0.0
2026-03-19 00:00:00+08:00,36.0,36.150001525878906,35.150001525878906,35.349998474121094,576300,0.0,0.0
2026-03-20 00:00:00+08:00,35.400001525878906,36.150001525878906,35.0,35.150001525878906,682682,0.0,0.0
2026-03-23 00:00:00+08:00,34.20000076293945,34.650001525878906,33.79999923706055,34.150001525878906,645352,0.0,0.0
2026-03-24 00:00:00+08:00,34.54999923706055,34.849998474121094,33.54999923706055,33.900001525878906,408002,0.0,0.0
2026-03-25 00:00:00+08:00,34.20000076293945,34.75,34.20000076293945,34.5,350578,0.0,0.0
2026-03-26 00:00:00+08:00,34.5,35.79999923706055,34.5,35.150001525878906,457368,0.0,0.0
2026-03-27 00:00:00+08:00,34.45000076293945,35.04999923706055,34.20000076293945,35.04999923706055,318851,0.0,0.0
2026-03-30 00:00:00+08:00,34.70000076293945,35.04999923706055,34.400001525878906,34.849998474121094,181100,0.0,0.0
2026-03-31 00:00:00+08:00,34.75,34.75,33.650001525878906,34.0,399500,0.0,0.0
2026-04-01 00:00:00+08:00,34.650001525878906,35.25,34.400001525878906,35.150001525878906,427569,0.0,0.0
2026-04-02 00:00:00+08:00,35.25,35.5,34.599998474121094,34.75,328465,0.0,0.0
2026-04-07 00:00:00+08:00,35.0,35.150001525878906,34.650001525878906,34.900001525878906,179808,0.0,0.0
2026-04-08 00:00:00+08:00,35.20000076293945,35.79999923706055,35.0,35.650001525878906,1062201,0.0,0.0
2026-04-09 00:00:00+08:00,35.900001525878906,39.20000076293945,35.54999923706055,39.20000076293945,4839669,0.0,0.0
2026-04-10 00:00:00+08:00,38.95000076293945,40.0,37.70000076293945,38.599998474121094,2878441,0.0,0.0
2026-04-13 00:00:00+08:00,38.5,39.599998474121094,38.04999923706055,39.25,1211960,0.0,0.0
2026-04-14 00:00:00+08:00,39.25,39.349998474121094,38.5,38.599998474121094,884469,0.0,0.0
2026-04-15 00:00:00+08:00,38.599998474121094,38.79999923706055,37.5,38.29999923706055,2363052,0.0,0.0
2026-04-16 00:00:00+08:00,38.25,38.349998474121094,37.75,37.95000076293945,697300,0.0,0.0
2026-04-17 00:00:00+08:00,38.0,38.79999923706055,37.849998474121094,38.150001525878906,1052221,0.0,0.0
2026-04-20 00:00:00+08:00,38.25,39.79999923706055,38.20000076293945,39.45000076293945,1432552,0.0,0.0
2026-04-21 00:00:00+08:00,39.95000076293945,40.0,38.650001525878906,38.650001525878906,1097079,0.0,0.0
2026-04-22 00:00:00+08:00,38.70000076293945,40.150001525878906,38.099998474121094,39.95000076293945,1763120,0.0,0.0
2026-04-23 00:00:00+08:00,41.29999923706055,42.0,37.20000076293945,38.150001525878906,2655100,0.0,0.0
2026-04-24 00:00:00+08:00,38.20000076293945,38.599998474121094,37.0,37.0,1014404,0.0,0.0
2026-04-27 00:00:00+08:00,37.04999923706055,37.849998474121094,36.0,37.70000076293945,1150454,0.0,0.0
2026-04-28 00:00:00+08:00,37.900001525878906,38.54999923706055,37.29999923706055,37.400001525878906,719088,0.0,0.0
2026-04-29 00:00:00+08:00,37.349998474121094,37.349998474121094,36.29999923706055,36.70000076293945,516605,0.0,0.0
2026-04-30 00:00:00+08:00,36.75,36.900001525878906,36.349998474121094,36.349998474121094,418950,0.0,0.0
2026-05-04 00:00:00+08:00,36.5,37.5,36.20000076293945,36.79999923706055,499205,0.0,0.0
2026-05-05 00:00:00+08:00,36.79999923706055,37.25,36.5,36.95000076293945,362041,0.0,0.0
2026-05-06 00:00:00+08:00,37.70000076293945,37.70000076293945,36.04999923706055,36.5,636059,0.0,0.0
2026-05-07 00:00:00+08:00,36.650001525878906,37.150001525878906,36.25,36.79999923706055,471807,0.0,0.0
2026-05-08 00:00:00+08:00,36.79999923706055,37.150001525878906,36.20000076293945,36.25,554000,0.0,0.0
2026-05-11 00:00:00+08:00,36.70000076293945,37.0,35.75,36.400001525878906,467000,0.0,0.0
2026-05-12 00:00:00+08:00,37.0,37.0,35.54999923706055,35.70000076293945,712568,0.0,0.0
2026-05-13 00:00:00+08:00,35.70000076293945,35.70000076293945,34.650001525878906,34.70000076293945,654000,0.0,0.0
2026-05-14 00:00:00+08:00,34.70000076293945,35.099998474121094,34.29999923706055,34.400001525878906,639395,0.0,0.0
2026-05-15 00:00:00+08:00,34.45000076293945,34.849998474121094,33.29999923706055,33.29999923706055,791863,0.0,0.0
2026-05-18 00:00:00+08:00,30.100000381469727,30.600000381469727,30.0,30.0,2020030,0.0,0.0
2026-05-19 00:00:00+08:00,29.850000381469727,29.850000381469727,27.75,28.100000381469727,2751128,0.0,0.0
2026-05-20 00:00:00+08:00,28.299999237060547,28.950000762939453,27.649999618530273,27.75,1766040,0.0,0.0
2026-05-21 00:00:00+08:00,28.100000381469727,28.799999237060547,28.100000381469727,28.5,907025,0.0,0.0
2026-05-22 00:00:00+08:00,28.649999618530273,29.450000762939453,28.5,29.049999237060547,595094,0.0,0.0
2026-05-25 00:00:00+08:00,30.0,30.25,29.200000762939453,30.200000762939453,853100,0.0,0.0
2026-05-26 00:00:00+08:00,32.25,33.20000076293945,31.100000381469727,31.25,2505364,0.0,0.0
2026-05-27 00:00:00+08:00,30.350000381469727,30.549999237060547,29.25,29.450000762939453,1498325,0.0,0.0
2026-05-28 00:00:00+08:00,29.75,30.200000762939453,29.0,29.299999237060547,687325,0.0,0.0
2026-05-29 00:00:00+08:00,29.399999618530273,29.899999618530273,29.399999618530273,29.75,484000,0.0,0.0
2026-06-01 00:00:00+08:00,30.5,30.5,29.75,30.049999237060547,668179,0.0,0.0
2026-06-02 00:00:00+08:00,30.200000762939453,30.950000762939453,29.950000762939453,30.950000762939453,817652,0.0,0.0
2026-06-03 00:00:00+08:00,31.350000381469727,32.25,30.700000762939453,32.0,884050,0.0,0.0
2026-06-04 00:00:00+08:00,31.799999237060547,32.20000076293945,31.0,31.350000381469727,790321,0.0,0.0
2026-06-05 00:00:00+08:00,31.399999618530273,31.5,30.25,31.0,524350,0.0,0.0
2026-06-08 00:00:00+08:00,28.950000762939453,30.799999237060547,28.649999618530273,30.549999237060547,698000,0.0,0.0
2026-06-09 00:00:00+08:00,30.549999237060547,30.899999618530273,29.799999237060547,30.049999237060547,509375,0.0,0.0
2026-06-10 00:00:00+08:00,29.649999618530273,30.25,29.299999237060547,29.5,566000,0.0,0.0
2026-06-11 00:00:00+08:00,30.0,32.400001525878906,29.200000762939453,32.349998474121094,1632839,0.0,0.0
2026-06-12 00:00:00+08:00,35.54999923706055,35.54999923706055,35.54999923706055,35.54999923706055,2162030,0.0,0.0
2026-06-15 00:00:00+08:00,39.099998474121094,39.099998474121094,37.70000076293945,39.099998474121094,5546391,0.0,0.0
2026-06-16 00:00:00+08:00,39.099998474121094,41.900001525878906,38.29999923706055,38.45000076293945,11237266,0.0,0.0
2026-06-17 00:00:00+08:00,37.599998474121094,38.04999923706055,36.349998474121094,36.75,3158325,0.0,0.0
2026-06-18 00:00:00+08:00,37.29999923706055,38.400001525878906,36.400001525878906,37.099998474121094,3122614,0.0,0.0
2026-06-22 00:00:00+08:00,37.29999923706055,38.29999923706055,36.70000076293945,36.79999923706055,2099111,0.0,0.0
2026-06-23 00:00:00+08:00,36.79999923706055,37.29999923706055,35.54999923706055,36.0,1447161,0.0,0.0
2026-06-24 00:00:00+08:00,35.900001525878906,36.5,35.599998474121094,36.400001525878906,825095,0.0,0.0
2026-06-25 00:00:00+08:00,36.79999923706055,37.79999923706055,36.04999923706055,36.099998474121094,982260,0.0,0.0
2026-06-26 00:00:00+08:00,35.75,35.95000076293945,33.95000076293945,34.0,1558000,0.0,0.0
2026-06-29 00:00:00+08:00,34.099998474121094,34.5,33.5,33.650001525878906,705097,0.0,0.0
2026-06-30 00:00:00+08:00,34.099998474121094,34.79999923706055,33.79999923706055,34.150001525878906,634042,0.0,0.0
2026-07-01 00:00:00+08:00,34.54999923706055,35.0,33.75,33.849998474121094,670395,0.0,0.0
2026-07-02 00:00:00+08:00,33.849998474121094,34.54999923706055,33.099998474121094,34.25,653048,0.0,0.0
2026-07-03 00:00:00+08:00,34.70000076293945,35.0,34.04999923706055,34.70000076293945,514422,0.0,0.0
