Date,Open,High,Low,Close,Volume,Dividends,Stock Splits
2001-01-01 00:00:00+09:00,1224.6082763671875,1224.6082763671875,1224.6082763671875,1224.6082763671875,0,0.0,0.0
2001-01-02 00:00:00+09:00,1224.6082763671875,1224.6082763671875,1224.6082763671875,1224.6082763671875,0,0.0,0.0
2001-01-03 00:00:00+09:00,1224.6082763671875,1224.6082763671875,1224.6082763671875,1224.6082763671875,0,0.0,0.0
2001-01-04 00:00:00+09:00,1217.2976751536785,1224.6087723017488,1147.8422522470123,1166.1199951171875,215600,0.0,0.0
2001-01-05 00:00:00+09:00,1155.1528698239165,1180.74169921875,1133.2195874854876,1180.74169921875,222600,0.0,0.0
2001-01-08 00:00:00+09:00,1180.74169921875,1180.74169921875,1180.74169921875,1180.74169921875,0,0.0,0.0
2001-01-09 00:00:00+09:00,1133.21938919018,1166.1193069408625,1111.2861106897249,1129.5638427734375,259800,0.0,0.0
2001-01-10 00:00:00+09:00,1133.219298377404,1188.052490234375,1129.5637522536058,1188.052490234375,411600,0.0,0.0
2001-01-11 00:00:00+09:00,1188.0528459152856,1224.6083180972944,1140.5307320786742,1144.186279296875,594400,0.0,0.0
2001-01-12 00:00:00+09:00,1144.1860763549805,1184.397088623047,1144.1860763549805,1169.77490234375,371400,0.0,0.0
2001-01-15 00:00:00+09:00,1169.775173611111,1195.3640055338542,1136.8752468532987,1151.4974365234375,228600,0.0,0.0
2001-01-16 00:00:00+09:00,1151.4973227675116,1180.74169921875,1133.2195874854876,1180.74169921875,263000,0.0,0.0
2001-01-17 00:00:00+09:00,1199.0191548391172,1356.2076416015625,1180.7414238202282,1356.2076416015625,2560800,0.0,0.0
2001-01-18 00:00:00+09:00,1319.652528705019,1370.8301890980113,1290.4081513375947,1326.963623046875,2075600,0.0,0.0
2001-01-19 00:00:00+09:00,1345.2412648912293,1385.4522809613475,1312.3413426520417,1323.3079833984375,1278600,0.0,0.0
2001-01-22 00:00:00+09:00,1315.9969740316901,1341.5858040823064,1290.4081439810739,1297.71923828125,385600,0.0,0.0
2001-01-23 00:00:00+09:00,1297.719287367725,1385.4524222883597,1279.4415509259259,1381.796875,1160400,0.0,0.0
2001-01-24 00:00:00+09:00,1392.7634493920111,1418.352279170867,1356.2079782793598,1359.863525390625,2084200,0.0,0.0
2001-01-25 00:00:00+09:00,1363.5191385582011,1411.0412533068784,1337.9303075396826,1381.796875,864000,0.0,0.0
2001-01-26 00:00:00+09:00,1381.7969018358328,1381.7969018358328,1334.2747861642301,1363.5191650390625,561000,0.0,0.0
2001-01-29 00:00:00+09:00,1345.241402116402,1381.796875,1341.5858548280423,1381.796875,499200,0.0,0.0
2001-01-30 00:00:00+09:00,1414.6966157612046,1429.3188030042145,1370.830054032175,1389.1077880859375,1021200,0.0,0.0
2001-01-31 00:00:00+09:00,1407.3858658268398,1436.6302474544104,1400.074770419947,1422.008056640625,1420600,0.0,0.0
2001-02-01 00:00:00+09:00,1422.0079016809018,1447.596732816548,1400.074617850348,1411.041259765625,1054000,0.0,0.0
2001-02-02 00:00:00+09:00,1429.3192737690651,1432.9748217838196,1374.4860535477453,1378.1416015625,464400,0.0,0.0
2001-02-05 00:00:00+09:00,1341.585902235243,1359.8636393229167,1301.3748806423612,1315.9970703125,578600,0.0,0.0
2001-02-06 00:00:00+09:00,1319.6528023474855,1348.8971857790086,1301.3750627027835,1337.9305419921875,275600,0.0,0.0
2001-02-07 00:00:00+09:00,1352.5521236776292,1381.7964939193077,1283.0967443536429,1290.4078369140625,500600,0.0,0.0
2001-02-08 00:00:00+09:00,1301.3748779296875,1315.9970675693469,1272.1304986503687,1301.3748779296875,480800,0.0,0.0
2001-02-09 00:00:00+09:00,1301.3746497112772,1352.5523044752038,1290.4080094047215,1345.2412109375,306400,0.0,0.0
2001-02-12 00:00:00+09:00,1345.2412109375,1345.2412109375,1345.2412109375,1345.2412109375,0,0.0,0.0
2001-02-13 00:00:00+09:00,1341.5852413230919,1345.240786939776,1290.4076026895134,1305.02978515625,308800,0.0,0.0
2001-02-14 00:00:00+09:00,1308.6856526470965,1345.2411178048367,1279.4412805209045,1341.5855712890625,353000,0.0,0.0
2001-02-15 00:00:00+09:00,1345.2414496527779,1345.2414496527779,1286.7526909722224,1315.9970703125,349000,0.0,0.0
2001-02-16 00:00:00+09:00,1297.7193249231098,1308.6859671055586,1257.508303587464,1272.1304931640625,494000,0.0,0.0
2001-02-19 00:00:00+09:00,1217.2968900350531,1261.1634446309108,1202.674705169767,1246.541259765625,449600,0.0,0.0
2001-02-20 00:00:00+09:00,1228.2636606823066,1279.441313210736,1220.9525674639597,1275.7857666015625,268600,0.0,0.0
2001-02-21 00:00:00+09:00,1261.1638509816137,1286.752682740661,1242.8861140108656,1272.1304931640625,265600,0.0,0.0
2001-02-22 00:00:00+09:00,1268.47481545841,1268.47481545841,1231.9193452722886,1242.885986328125,230200,0.0,0.0
2001-02-23 00:00:00+09:00,1242.885986328125,1257.5081744025736,1228.2637982536764,1242.885986328125,226600,0.0,0.0
2001-02-26 00:00:00+09:00,1261.16357421875,1272.130213994565,1242.885841259058,1261.16357421875,157000,0.0,0.0
2001-02-27 00:00:00+09:00,1275.7856517932232,1308.6855683151116,1268.4745592328036,1290.4078369140625,351600,0.0,0.0
2001-02-28 00:00:00+09:00,1297.7187310034672,1305.0298224457401,1268.474365234375,1268.474365234375,225200,0.0,0.0
2001-03-01 00:00:00+09:00,1301.3742767246038,1301.3742767246038,1246.5410909075558,1268.474365234375,221400,0.0,0.0
2001-03-02 00:00:00+09:00,1279.4414565142463,1294.0636445886948,1242.885986328125,1242.885986328125,171600,0.0,0.0
2001-03-05 00:00:00+09:00,1228.2636832303779,1261.163603316906,1228.2636832303779,1257.508056640625,203200,0.0,0.0
2001-03-06 00:00:00+09:00,1261.1637214211858,1272.1303624770221,1235.5748922909008,1242.885986328125,187400,0.0,0.0
2001-03-07 00:00:00+09:00,1257.508045014881,1261.1635916573662,1228.263671875,1228.263671875,144400,0.0,0.0
2001-03-08 00:00:00+09:00,1239.2302946671196,1261.16357421875,1228.2636548913042,1261.16357421875,172400,0.0,0.0
2001-03-09 00:00:00+09:00,1261.1635479420343,1345.2411178048367,1246.5413618789382,1341.5855712890625,803600,0.0,0.0
2001-03-12 00:00:00+09:00,1337.9299088817531,1345.2410012800142,1290.407808293057,1294.0633544921875,520800,0.0,0.0
2001-03-13 00:00:00+09:00,1275.785922310569,1312.3413928638806,1246.54154586792,1286.7525634765625,296200,0.0,0.0
2001-03-14 00:00:00+09:00,1286.7525634765625,1286.7525634765625,1286.7525634765625,1286.7525634765625,0,0.0,0.0
2001-03-15 00:00:00+09:00,1264.8193359375,1308.6859025018064,1257.5082415101156,1264.8193359375,276200,0.0,0.0
2001-03-16 00:00:00+09:00,1301.3746875,1308.68578125,1279.44140625,1279.44140625,144200,0.0,0.0
2001-03-19 00:00:00+09:00,1279.4415961371528,1323.3081651475695,1279.4415961371528,1315.9970703125,117200,0.0,0.0
2001-03-20 00:00:00+09:00,1315.9970703125,1315.9970703125,1315.9970703125,1315.9970703125,0,0.0,0.0
2001-03-21 00:00:00+09:00,1315.9968027611303,1334.2745361328125,1308.6857094124573,1334.2745361328125,170400,0.0,0.0
2001-03-22 00:00:00+09:00,1352.5520953977846,1378.1409188242292,1341.5854567864512,1356.2076416015625,371000,0.0,0.0
2001-03-23 00:00:00+09:00,1367.174585688728,1374.4856797298442,1348.8968505859375,1348.8968505859375,259400,0.0,0.0
2001-03-26 00:00:00+09:00,1363.519231651844,1400.07470703125,1356.2081365759627,1400.07470703125,336400,0.0,0.0
2001-03-27 00:00:00+09:00,1409.5936701228563,1413.2549523829157,1372.9808475222626,1387.6259765625,279600,3.0,0.0
2001-03-28 00:00:00+09:00,1405.9329409814325,1409.594224681905,1347.3524017738728,1380.303955078125,292800,0.0,0.0
2001-03-29 00:00:00+09:00,1365.6588289030306,1391.287814968235,1325.3847079434238,1332.707275390625,243600,0.0,0.0
2001-03-30 00:00:00+09:00,1351.0134368896483,1372.9811350504558,1318.0618896484375,1318.0618896484375,188600,0.0,0.0
2001-04-02 00:00:00+09:00,1354.6749194202528,1358.3362029862535,1325.3846508922472,1340.02978515625,145600,0.0,0.0
2001-04-03 00:00:00+09:00,1329.045421843833,1380.3033719975897,1321.7228575361535,1376.64208984375,369000,0.0,0.0
2001-04-04 00:00:00+09:00,1409.5938854312424,1486.4808246365828,1394.9487541540345,1471.835693359375,2376800,0.0,0.0
2001-04-05 00:00:00+09:00,1504.787296142578,1530.4162768554686,1464.51318359375,1464.51318359375,1464000,0.0,0.0
2001-04-06 00:00:00+09:00,1501.126022143742,1504.7873051245804,1431.5616455078125,1431.5616455078125,521600,0.0,0.0
2001-04-09 00:00:00+09:00,1446.2071533203125,1457.191005117682,1431.5620175904864,1446.2071533203125,171400,0.0,0.0
2001-04-10 00:00:00+09:00,1464.51318359375,1493.803447265625,1453.5293347167967,1464.51318359375,419400,0.0,0.0
2001-04-11 00:00:00+09:00,1482.819598388672,1482.819598388672,1457.1906176757811,1464.51318359375,227800,0.0,0.0
2001-04-12 00:00:00+09:00,1482.819379075129,1486.4806614925985,1442.5452724829652,1460.8516845703125,319000,0.0,0.0
2001-04-13 00:00:00+09:00,1464.513286072531,1512.1099678698881,1449.8681532118057,1482.8197021484375,434800,0.0,0.0
2001-04-16 00:00:00+09:00,1482.8196555286197,1490.142221728761,1457.190673828125,1457.190673828125,153800,0.0,0.0
2001-04-17 00:00:00+09:00,1453.5290830153829,1457.1903653403585,1405.9324127906978,1416.916259765625,270200,0.0,0.0
2001-04-18 00:00:00+09:00,1435.222928488651,1442.5454944503276,1380.3036837760749,1431.5616455078125,229600,0.0,0.0
2001-04-19 00:00:00+09:00,1446.2065183654313,1446.2065183654313,1402.2711304657219,1416.916259765625,209400,0.0,0.0
2001-04-20 00:00:00+09:00,1427.90038113767,1431.5616641662282,1402.2713999377631,1413.2552490234375,174400,0.0,0.0
2001-04-23 00:00:00+09:00,1398.6100514729817,1409.593900044759,1372.981071472168,1405.9326171875,211600,0.0,0.0
2001-04-24 00:00:00+09:00,1409.593947622782,1438.8842114694892,1405.9326646419438,1431.5616455078125,194800,0.0,0.0
2001-04-25 00:00:00+09:00,1460.8519006347656,1490.1421643066406,1435.222919921875,1464.51318359375,552200,0.0,0.0
2001-04-26 00:00:00+09:00,1460.8519006347656,1490.1421643066406,1435.222919921875,1464.51318359375,552200,0.0,0.0
2001-04-27 00:00:00+09:00,1490.142240176647,1490.142240176647,1453.5294087226755,1486.48095703125,263200,0.0,0.0
2001-04-30 00:00:00+09:00,1486.48095703125,1486.48095703125,1486.48095703125,1486.48095703125,0,0.0,0.0
2001-05-01 00:00:00+09:00,1490.141832678253,1493.8031148224256,1457.1902933806996,1475.4967041015625,146000,0.0,0.0
2001-05-02 00:00:00+09:00,1475.497032470703,1479.1583154296875,1457.1906176757811,1464.51318359375,168000,0.0,0.0
2001-05-03 00:00:00+09:00,1464.51318359375,1464.51318359375,1464.51318359375,1464.51318359375,0,0.0,0.0
2001-05-04 00:00:00+09:00,1464.51318359375,1464.51318359375,1464.51318359375,1464.51318359375,0,0.0,0.0
2001-05-07 00:00:00+09:00,1457.1905304737581,1464.5130959535256,1420.57770307492,1427.9002685546875,2300,0.0,0.0
2001-05-08 00:00:00+09:00,1391.2877068605399,1424.2392578125,1391.2877068605399,1424.2392578125,1440,0.0,0.0
2001-05-09 00:00:00+09:00,1424.2389415394175,1460.851767800071,1409.5938110351562,1449.867919921875,2300,0.0,0.0
2001-05-10 00:00:00+09:00,1413.2551375951523,1446.2066822541067,1413.2551375951523,1427.9002685546875,1160,0.0,0.0
2001-05-11 00:00:00+09:00,1427.900362526974,1475.4970412778732,1409.593947622782,1431.5616455078125,2420,0.0,0.0
2001-05-14 00:00:00+09:00,1438.8838022762966,1475.49662167264,1413.2548286988563,1420.577392578125,2940,0.0,0.0
2001-05-15 00:00:00+09:00,1402.2711056027376,1416.916234642975,1387.6259765625,1387.6259765625,321600,0.0,0.0
2001-05-16 00:00:00+09:00,1394.9486360248768,1446.2065911543998,1391.287353515625,1391.287353515625,159400,0.0,0.0
2001-05-17 00:00:00+09:00,1420.5777204241072,1427.9002859933037,1394.9487409319197,1409.5938720703125,146400,0.0,0.0
2001-05-18 00:00:00+09:00,1398.6097412109375,1416.9161514362115,1394.9484591658827,1398.6097412109375,105800,0.0,0.0
2001-05-21 00:00:00+09:00,1405.932305301047,1420.5774334812663,1394.9484591658827,1398.6097412109375,146000,0.0,0.0
2001-05-22 00:00:00+09:00,1402.2713999377631,1424.2390981091119,1402.2713999377631,1413.2552490234375,109600,0.0,0.0
2001-05-23 00:00:00+09:00,1427.9005412516067,1427.9005412516067,1402.27155717786,1424.2392578125,209000,0.0,0.0
2001-05-24 00:00:00+09:00,1424.2390516631458,1442.5454662089446,1416.9164858448262,1435.222900390625,218400,0.0,0.0
2001-05-25 00:00:00+09:00,1442.5454171316965,1457.1905482700893,1391.2874581473213,1409.5938720703125,215800,0.0,0.0
2001-05-28 00:00:00+09:00,1409.5939659948795,1424.2390981091119,1402.2713999377631,1413.2552490234375,66600,0.0,0.0
2001-05-29 00:00:00+09:00,1405.9328406169666,1424.2392578125,1402.27155717786,1424.2392578125,99600,0.0,0.0
2001-05-30 00:00:00+09:00,1409.5938720703125,1413.2551548549106,1398.6100237165178,1409.5938720703125,103800,0.0,0.0
2001-05-31 00:00:00+09:00,1394.9489178769584,1405.932767624021,1380.3037848808747,1402.271484375,121600,0.0,0.0
2001-06-01 00:00:00+09:00,1394.9484591658827,1402.2710232559923,1380.3033309856635,1398.6097412109375,129600,0.0,0.0
2001-06-04 00:00:00+09:00,1398.6103735804875,1398.6103735804875,1369.3201039767075,1380.303955078125,76200,0.0,0.0
2001-06-05 00:00:00+09:00,1372.981135391358,1372.981135391358,1340.0295881419654,1365.6585693359375,116000,0.0,0.0
2001-06-06 00:00:00+09:00,1361.9971536775915,1365.658436348768,1340.0294576505337,1351.0133056640625,116600,0.0,0.0
2001-06-07 00:00:00+09:00,1340.029321680732,1369.319580078125,1340.029321680732,1369.319580078125,129000,0.0,0.0
2001-06-08 00:00:00+09:00,1369.319580078125,1372.9808623777992,1354.6744508794286,1369.319580078125,141200,0.0,0.0
2001-06-11 00:00:00+09:00,1351.0136431719807,1361.9974939294764,1343.6910760003168,1354.6749267578125,73200,0.0,0.0
2001-06-12 00:00:00+09:00,1351.0134368896483,1354.6747199164497,1292.432908460829,1318.0618896484375,171600,0.0,0.0
2001-06-13 00:00:00+09:00,1303.416543349582,1325.3842379004177,1303.416543349582,1314.400390625,79000,0.0,0.0
2001-06-14 00:00:00+09:00,1310.739083923166,1310.739083923166,1255.8198485632568,1285.110107421875,84800,0.0,0.0
2001-06-15 00:00:00+09:00,1255.8200501189835,1285.1103136786098,1244.8362012841235,1274.12646484375,115200,0.0,0.0
2001-06-18 00:00:00+09:00,1274.1263151414757,1285.1101626857987,1263.1424675971527,1277.78759765625,76600,0.0,0.0
2001-06-19 00:00:00+09:00,1277.7875701032365,1288.7714174107143,1263.142440359933,1281.4488525390625,108000,0.0,0.0
2001-06-20 00:00:00+09:00,1299.755264718192,1299.755264718192,1270.4650052315849,1281.4488525390625,105000,0.0,0.0
2001-06-21 00:00:00+09:00,1285.110370613936,1285.110370613936,1255.8201057566384,1266.803955078125,128000,0.0,0.0
2001-06-22 00:00:00+09:00,1281.4488250645477,1292.4326721365294,1266.8036956352385,1285.110107421875,117000,0.0,0.0
2001-06-25 00:00:00+09:00,1296.0936699875263,1332.706485523897,1288.771106880252,1307.0775146484375,156800,0.0,0.0
2001-06-26 00:00:00+09:00,1332.7068307546263,1332.7068307546263,1299.755288235968,1310.7391357421875,81200,0.0,0.0
2001-06-27 00:00:00+09:00,1303.416463792493,1318.0615925991501,1292.4326171875,1292.4326171875,92200,0.0,0.0
2001-06-28 00:00:00+09:00,1310.739180131392,1310.739180131392,1281.4489191228693,1288.771484375,67600,0.0,0.0
2001-06-29 00:00:00+09:00,1307.0778257747213,1314.400390625,1285.1101312238857,1314.400390625,102400,0.0,0.0
2001-07-02 00:00:00+09:00,1314.4004627574573,1314.4004627574573,1274.1263538707385,1288.771484375,64800,0.0,0.0
2001-07-03 00:00:00+09:00,1285.1101349748883,1288.7714174107143,1270.4650052315849,1281.4488525390625,38600,0.0,0.0
2001-07-04 00:00:00+09:00,1299.7551815908287,1303.416463792493,1281.448770582507,1292.4326171875,85800,0.0,0.0
2001-07-05 00:00:00+09:00,1299.755264718192,1299.755264718192,1274.1262876674107,1281.4488525390625,84400,0.0,0.0
2001-07-06 00:00:00+09:00,1277.787890553822,1277.787890553822,1248.4976237216426,1255.8201904296875,122400,0.0,0.0
2001-07-09 00:00:00+09:00,1237.5136623725207,1237.5136623725207,1208.2233981743545,1222.8685302734375,134400,0.0,0.0
2001-07-10 00:00:00+09:00,1237.513332831046,1241.174614880842,1222.868204631862,1233.85205078125,86600,0.0,0.0
2001-07-11 00:00:00+09:00,1215.5459642238961,1230.191096322979,1215.5459642238961,1222.8685302734375,46400,0.0,0.0
2001-07-12 00:00:00+09:00,1211.8846533931903,1226.52978515625,1208.2233704524253,1226.52978515625,53000,0.0,0.0
2001-07-13 00:00:00+09:00,1244.8360709256904,1263.1424837334212,1230.1909406795057,1259.481201171875,57200,0.0,0.0
2001-07-16 00:00:00+09:00,1263.142307179618,1263.142307179618,1226.529486681658,1233.85205078125,62400,0.0,0.0
2001-07-17 00:00:00+09:00,1215.5459264657288,1222.8684922878115,1208.2233606436462,1211.8846435546875,58800,0.0,0.0
2001-07-18 00:00:00+09:00,1208.2237387603184,1208.2237387603184,1160.6270460212756,1164.288330078125,181000,0.0,0.0
2001-07-19 00:00:00+09:00,1167.9490419191734,1175.2716064453125,1131.3362192884783,1175.2716064453125,96800,0.0,0.0
2001-07-20 00:00:00+09:00,1175.2716064453125,1175.2716064453125,1175.2716064453125,1175.2716064453125,0,0.0,0.0
2001-07-23 00:00:00+09:00,1193.5782459003096,1193.5782459003096,1134.9977184941595,1145.9815673828125,99400,0.0,0.0
2001-07-24 00:00:00+09:00,1145.9819097938778,1164.288330078125,1134.9980576233295,1164.288330078125,80200,0.0,0.0
2001-07-25 00:00:00+09:00,1164.2880384657117,1200.9008698640046,1156.9654721860531,1186.2557373046875,107000,0.0,0.0
2001-07-26 00:00:00+09:00,1208.2233704524253,1230.191068097015,1189.916955748601,1226.52978515625,100200,0.0,0.0
2001-07-27 00:00:00+09:00,1208.2229810242259,1219.2068263062642,1182.5940086994697,1197.2391357421875,115200,0.0,0.0
2001-07-30 00:00:00+09:00,1160.6266147275514,1175.271745512757,1142.3202012460442,1156.96533203125,101400,0.0,0.0
2001-07-31 00:00:00+09:00,1175.2721822486733,1175.2721822486733,1149.6431938507271,1164.288330078125,75000,0.0,0.0
2001-08-01 00:00:00+09:00,1175.2717008412994,1189.9168310698515,1171.6104182841616,1178.9329833984375,58800,0.0,0.0
2001-08-02 00:00:00+09:00,1197.2394187233665,1215.5458318536932,1193.578136097301,1208.2232666015625,78800,0.0,0.0
2001-08-03 00:00:00+09:00,1189.9166259765625,1215.5455994591346,1182.594062124399,1189.9166259765625,43600,0.0,0.0
2001-08-06 00:00:00+09:00,1208.2233327842619,1219.2071812641188,1200.900767131024,1215.5458984375,39400,0.0,0.0
2001-08-07 00:00:00+09:00,1215.5458984375,1222.868464090738,1208.2233327842619,1215.5458984375,58800,0.0,0.0
2001-08-08 00:00:00+09:00,1208.2229810242259,1215.5455445455848,1189.9165722208286,1197.2391357421875,45800,0.0,0.0
2001-08-09 00:00:00+09:00,1197.2394917491051,1204.5620574478764,1182.5943603515625,1182.5943603515625,39200,0.0,0.0
2001-08-10 00:00:00+09:00,1182.5948444234914,1186.2561287715516,1164.2884226831895,1167.94970703125,68000,0.0,0.0
2001-08-13 00:00:00+09:00,1167.94970703125,1178.933560075431,1160.6271383351293,1167.94970703125,79600,0.0,0.0
2001-08-14 00:00:00+09:00,1186.2555485127136,1186.2555485127136,1171.6104182841616,1178.9329833984375,46200,0.0,0.0
2001-08-15 00:00:00+09:00,1182.5947503623722,1182.5947503623722,1164.288330078125,1164.288330078125,49600,0.0,0.0
2001-08-16 00:00:00+09:00,1182.5943109053599,1182.5943109053599,1156.96533203125,1156.96533203125,57200,0.0,0.0
2001-08-17 00:00:00+09:00,1156.9654162714658,1160.62669923435,1134.9977184941595,1145.9815673828125,67000,0.0,0.0
2001-08-20 00:00:00+09:00,1153.3041901910422,1153.3041901910422,1131.3364913302603,1138.6590576171875,48800,0.0,0.0
2001-08-21 00:00:00+09:00,1134.997783358135,1153.30419921875,1131.336500186012,1153.30419921875,82200,0.0,0.0
2001-08-22 00:00:00+09:00,1134.9976358534414,1164.2878974238529,1131.33635315714,1156.96533203125,38000,0.0,0.0
2001-08-23 00:00:00+09:00,1167.9496141349746,1178.9334663055229,1160.6270460212756,1164.288330078125,56200,0.0,0.0
2001-08-24 00:00:00+09:00,1182.5943109053599,1182.5943109053599,1142.3202012460442,1156.96533203125,65000,0.0,0.0
2001-08-27 00:00:00+09:00,1138.659066530258,1160.626765562996,1134.997783358135,1153.30419921875,64200,0.0,0.0
2001-08-28 00:00:00+09:00,1156.9653777091733,1167.9492262317287,1120.3525493006553,1134.9976806640625,57400,0.0,0.0
2001-08-29 00:00:00+09:00,1098.3848422181372,1120.3525390625,1098.3848422181372,1120.3525390625,90200,0.0,0.0
2001-08-30 00:00:00+09:00,1102.0459531445965,1102.0459531445965,1076.416977490071,1094.723388671875,107600,0.0,0.0
2001-08-31 00:00:00+09:00,1076.416977490071,1094.723388671875,1072.7556952537104,1094.723388671875,68400,0.0,0.0
2001-09-03 00:00:00+09:00,1098.3845467403016,1113.0296740301724,1061.771728515625,1061.771728515625,79400,0.0,0.0
2001-09-04 00:00:00+09:00,1058.1104466931574,1061.771728515625,988.5460920662715,1061.771728515625,89000,0.0,0.0
2001-09-05 00:00:00+09:00,1080.0783178541396,1080.0783178541396,1043.4654935201008,1054.4493408203125,73400,0.0,0.0
2001-09-06 00:00:00+09:00,1050.7880859375,1054.449368466899,1036.1429558199043,1050.7880859375,40600,0.0,0.0
2001-09-07 00:00:00+09:00,1028.82065014129,1054.4496343085107,1025.1593666888298,1032.48193359375,35800,0.0,0.0
2001-09-10 00:00:00+09:00,988.5462431855253,1010.5139374785371,988.5462431855253,999.5300903320312,81000,0.0,0.0
2001-09-11 00:00:00+09:00,999.5298879872197,1014.1750145511351,988.5460430642833,1010.5137329101562,63200,0.0,0.0
2001-09-12 00:00:00+09:00,900.6758165474398,995.8691955321285,900.6758165474398,911.65966796875,116800,0.0,0.0
2001-09-13 00:00:00+09:00,922.642822265625,937.2879464285713,911.6589791434152,922.642822265625,138800,0.0,0.0
2001-09-14 00:00:00+09:00,959.2563257110253,988.5465951983848,937.2886235955057,977.562744140625,116800,0.0,0.0
2001-09-17 00:00:00+09:00,977.5626543972332,984.885221096838,915.3208374505929,926.3046875,70200,0.0,0.0
2001-09-18 00:00:00+09:00,999.5298331457241,999.5298331457241,951.933174424499,959.2557373046875,84600,0.0,0.0
2001-09-19 00:00:00+09:00,995.8690990691489,1032.48193359375,977.5626818068483,1032.48193359375,151800,0.0,0.0
2001-09-20 00:00:00+09:00,1032.4815551304018,1032.4815551304018,970.2397592537465,984.8848876953125,126000,0.0,0.0
2001-09-21 00:00:00+09:00,951.9337583391854,984.8853115124649,951.9337583391854,977.562744140625,70400,0.0,0.0
2001-09-24 00:00:00+09:00,977.562744140625,977.562744140625,977.562744140625,977.562744140625,0,0.0,0.0
2001-09-25 00:00:00+09:00,1005.4511741609609,1016.4597636590736,961.4168161685101,979.7644653320312,64400,3.0,0.0
2001-09-26 00:00:00+09:00,957.7475198827366,961.4170506102566,932.0608047900961,943.0693969726562,85400,0.0,0.0
2001-09-27 00:00:00+09:00,943.0689665527343,943.0689665527343,913.7127341308593,917.3822631835938,102400,0.0,0.0
2001-09-28 00:00:00+09:00,917.3822631835938,917.3822631835938,917.3822631835938,917.3822631835938,0,0.0,0.0
2001-10-01 00:00:00+09:00,928.3907401290595,946.738383214614,913.7126256606159,935.7297973632812,87200,0.0,0.0
2001-10-02 00:00:00+09:00,946.73828125,954.0773376937984,932.0601683624031,946.73828125,137800,0.0,0.0
2001-10-03 00:00:00+09:00,954.0779891552165,972.4256427928168,928.391274062576,943.0693969726562,222600,0.0,0.0
2001-10-04 00:00:00+09:00,935.729945898056,950.408062696457,928.3908874988556,939.3994750976562,207000,0.0,0.0
2001-10-05 00:00:00+09:00,939.3992554151624,1027.4679356103338,932.0601987322315,1016.4593505859375,416800,0.0,0.0
2001-10-08 00:00:00+09:00,1016.4593505859375,1016.4593505859375,1016.4593505859375,1016.4593505859375,0,0.0,0.0
2001-10-09 00:00:00+09:00,998.1118929279384,1009.1204799822907,972.4251898011165,983.4337768554688,221400,0.0,0.0
2001-10-10 00:00:00+09:00,976.0950317382814,998.1122129053102,961.416910960262,976.0950317382812,218400,0.0,0.0
2001-10-11 00:00:00+09:00,994.4421805371446,1016.4593505859375,987.1031238542137,1016.4593505859375,322200,0.0,0.0
2001-10-12 00:00:00+09:00,1034.807061434659,1045.8156471946022,994.4422469815341,1009.120361328125,295600,0.0,0.0
2001-10-15 00:00:00+09:00,998.1120089678698,1045.8158917494225,994.4424795231349,1042.1463623046875,259200,0.0,0.0
2001-10-16 00:00:00+09:00,1060.4938428925304,1089.8500738376524,1049.4852562881097,1053.15478515625,661400,0.0,0.0
2001-10-17 00:00:00+09:00,1064.1635389730964,1071.502597862566,1020.1291856362786,1042.1463623046875,207000,0.0,0.0
2001-10-18 00:00:00+09:00,1023.7983179507048,1027.4678459720335,1009.1202058653901,1012.7897338867188,141000,0.0,0.0
2001-10-19 00:00:00+09:00,1009.1203954097998,1020.1289815415431,1005.4508666992188,1005.4508666992188,55600,0.0,0.0
2001-10-22 00:00:00+09:00,1023.7990005873277,1038.4771224595474,1012.7904091831629,1031.1380615234375,62800,0.0,0.0
2001-10-23 00:00:00+09:00,1045.8158917494225,1045.8158917494225,1016.4596561915439,1042.1463623046875,91800,0.0,0.0
2001-10-24 00:00:00+09:00,1038.4768328599528,1045.8158917494225,1020.1291856362786,1042.1463623046875,108400,0.0,0.0
2001-10-25 00:00:00+09:00,1027.467990451389,1060.4937472873264,1023.7984619140624,1056.82421875,134600,0.0,0.0
2001-10-26 00:00:00+09:00,1042.1463623046875,1056.824480083627,1031.137773970483,1042.1463623046875,61200,0.0,0.0
2001-10-29 00:00:00+09:00,1023.7984008789062,1034.8069858345934,1020.1288725603438,1023.7984008789062,52600,0.0,0.0
2001-10-30 00:00:00+09:00,1005.4509652273996,1027.4681396484375,1005.4509652273996,1027.4681396484375,60200,0.0,0.0
2001-10-31 00:00:00+09:00,1020.1290283203126,1027.4680860780127,1009.1204416837625,1020.1290283203125,50800,0.0,0.0
2001-11-01 00:00:00+09:00,1020.1292742627134,1027.4683337897832,994.4425659179688,994.4425659179688,79000,0.0,0.0
2001-11-02 00:00:00+09:00,998.1118929279384,1009.1204799822907,976.0947188192339,983.4337768554688,95200,0.0,0.0
2001-11-05 00:00:00+09:00,979.7644653320312,979.7644653320312,968.7558758339186,979.7644653320312,25800,0.0,0.0
2001-11-06 00:00:00+09:00,961.4161616487322,994.4419076595666,961.4161616487322,972.4247436523438,76400,0.0,0.0
2001-11-07 00:00:00+09:00,961.4170506102566,961.4170506102566,935.7303355176161,943.0693969726562,100200,0.0,0.0
2001-11-08 00:00:00+09:00,946.7385517842062,961.4166688661318,932.0604347022805,950.4080810546875,54400,0.0,0.0
2001-11-09 00:00:00+09:00,950.4080810546876,950.4080810546876,950.4080810546876,950.4080810546875,0,0.0,0.0
2001-11-12 00:00:00+09:00,917.3818641449825,932.0599739713023,906.3732817752427,921.0513916015625,53400,0.0,0.0
2001-11-13 00:00:00+09:00,921.0513916015625,921.0513916015625,902.7037543186628,921.0513916015625,26800,0.0,0.0
2001-11-14 00:00:00+09:00,939.3993547570849,943.0688834866048,899.0345387323664,906.3735961914062,45600,0.0,0.0
2001-11-15 00:00:00+09:00,906.373309423053,932.0600024026537,891.6951991489955,924.720947265625,62800,0.0,0.0
2001-11-16 00:00:00+09:00,917.3824815865023,928.3910713655403,910.0434217338102,913.7129516601562,52200,0.0,0.0
2001-11-19 00:00:00+09:00,913.7128127026464,943.0690476489161,910.0432833343626,928.3909301757812,56200,0.0,0.0
2001-11-20 00:00:00+09:00,965.0861794948579,965.0861794948579,935.729945898056,939.3994750976562,71400,0.0,0.0
2001-11-21 00:00:00+09:00,957.7468659156976,957.7468659156976,939.3992248062016,946.73828125,60600,0.0,0.0
2001-11-22 00:00:00+09:00,946.7385174091046,957.7471048208383,943.06898827186,954.0775756835938,53200,0.0,0.0
2001-11-23 00:00:00+09:00,954.0775756835938,954.0775756835938,954.0775756835938,954.0775756835938,0,0.0,0.0
2001-11-26 00:00:00+09:00,972.4255015437765,983.4340921272909,965.0864411547668,976.0950317382812,85200,0.0,0.0
2001-11-27 00:00:00+09:00,976.0943706017414,976.0943706017414,957.7467320565959,961.416259765625,48000,0.0,0.0
2001-11-28 00:00:00+09:00,943.0689507431871,954.0775377168429,928.3908347783126,932.0603637695312,49400,0.0,0.0
2001-11-29 00:00:00+09:00,928.3909301757812,939.3995182806325,917.3823420709301,928.3909301757812,56600,0.0,0.0
2001-11-30 00:00:00+09:00,928.3907401290595,965.0860263001686,917.3821542777267,935.7297973632812,85800,0.0,0.0
2001-12-03 00:00:00+09:00,972.4254304816924,972.4254304816924,899.0348319547722,913.7129516601562,90400,0.0,0.0
2001-12-04 00:00:00+09:00,932.0602687461704,935.7297973632812,902.7040398092831,935.7297973632812,68200,0.0,0.0
2001-12-05 00:00:00+09:00,913.7127341308593,924.7213212890625,910.043205078125,917.3822631835938,51000,0.0,0.0
2001-12-06 00:00:00+09:00,906.3736760253906,932.0603793945312,906.3736760253906,917.3822631835938,69400,0.0,0.0
2001-12-07 00:00:00+09:00,921.0518619168189,939.3995085685483,906.3737445954354,910.0432739257812,108000,0.0,0.0
2001-12-10 00:00:00+09:00,917.3822790626588,932.0603955276613,899.0346334814055,902.7041625976562,56200,0.0,0.0
2001-12-11 00:00:00+09:00,899.03484471639,906.3739046732585,862.3395449320476,880.6871948242188,102000,0.0,0.0
2001-12-12 00:00:00+09:00,880.6871948242188,895.3653147379558,873.3481348673503,880.6871948242188,70000,0.0,0.0
2001-12-13 00:00:00+09:00,895.365366533768,899.0348967244802,858.6700646266464,888.0263061523438,68800,0.0,0.0
2001-12-14 00:00:00+09:00,869.678371397387,884.3564873703388,855.0002554244353,873.347900390625,153800,0.0,0.0
2001-12-17 00:00:00+09:00,884.3564836246111,884.3564836246111,847.6611938476562,847.6611938476562,61000,0.0,0.0
2001-12-18 00:00:00+09:00,843.9919851492118,855.0005762598537,807.2966814470722,814.6357421875,78800,0.0,0.0
2001-12-19 00:00:00+09:00,814.6356128042195,832.9832617412515,774.2707851427492,796.2879638671875,76400,0.0,0.0
2001-12-20 00:00:00+09:00,814.6355840268342,843.9918212890625,810.9660543690557,843.9918212890625,88800,0.0,0.0
2001-12-21 00:00:00+09:00,880.6871948242188,891.6957847595215,862.3395449320476,880.6871948242188,113800,0.0,0.0
2001-12-24 00:00:00+09:00,880.6871948242188,880.6871948242188,880.6871948242188,880.6871948242188,0,0.0,0.0
2001-12-25 00:00:00+09:00,899.0345188828766,899.0345188828766,866.0087610463628,895.364990234375,89800,0.0,0.0
2001-12-26 00:00:00+09:00,895.364914642717,895.364914642717,873.3477446105192,877.0172729492188,48200,0.0,0.0
2001-12-27 00:00:00+09:00,877.0177155802072,888.0263061523438,862.3395948173586,888.0263061523438,57800,0.0,0.0
2001-12-28 00:00:00+09:00,877.0174587839017,902.7041625976562,869.6784005514005,902.7041625976562,30800,0.0,0.0
2001-12-31 00:00:00+09:00,902.7041625976562,902.7041625976562,902.7041625976562,902.7041625976562,0,0.0,0.0
2002-01-01 00:00:00+09:00,902.7041625976562,902.7041625976562,902.7041625976562,902.7041625976562,0,0.0,0.0
2002-01-02 00:00:00+09:00,902.7041625976562,902.7041625976562,902.7041625976562,902.7041625976562,0,0.0,0.0
2002-01-03 00:00:00+09:00,902.7041625976562,902.7041625976562,902.7041625976562,902.7041625976562,0,0.0,0.0
2002-01-04 00:00:00+09:00,895.3651566043976,910.0432739257812,873.3479806223223,910.0432739257812,50600,0.0,0.0
2002-01-07 00:00:00+09:00,902.7040475313781,910.0431048283812,888.025932937372,895.364990234375,68800,0.0,0.0
2002-01-08 00:00:00+09:00,891.6957057518296,891.6957057518296,851.3308795655328,869.6785278320312,78600,0.0,0.0
2002-01-09 00:00:00+09:00,851.3306474401596,873.3478193567154,851.3306474401596,862.3392333984375,54800,0.0,0.0
2002-01-10 00:00:00+09:00,858.6697047456782,873.3478193567154,858.6697047456782,862.3392333984375,60400,0.0,0.0
2002-01-11 00:00:00+09:00,855.000338812934,862.339397515191,825.6441040039062,825.6441040039062,87000,0.0,0.0
2002-01-14 00:00:00+09:00,825.6441040039062,825.6441040039062,825.6441040039062,825.6441040039062,0,0.0,0.0
2002-01-15 00:00:00+09:00,825.6441302004113,843.9917775381982,825.6441302004113,829.3136596679688,43800,0.0,0.0
2002-01-16 00:00:00+09:00,825.6438807437294,843.9915225380345,825.6438807437294,836.6524658203125,71600,0.0,0.0
2002-01-17 00:00:00+09:00,818.3048368181501,829.3134220668247,814.6353084019252,821.974365234375,94000,0.0,0.0
2002-01-18 00:00:00+09:00,836.6526104582457,873.3479003906249,832.9830814650078,873.347900390625,72000,0.0,0.0
2002-01-21 00:00:00+09:00,873.3479114422582,895.3650856802983,869.6783824025848,891.695556640625,54000,0.0,0.0
2002-01-22 00:00:00+09:00,891.6955029499481,891.6955029499481,862.3392724001557,884.3564453125,43600,0.0,0.0
2002-01-23 00:00:00+09:00,866.0088579226764,877.0174450996595,843.99168356871,858.6697998046875,54400,0.0,0.0
2002-01-24 00:00:00+09:00,884.356724802653,891.6957847595215,862.3395449320476,880.6871948242188,67400,0.0,0.0
2002-01-25 00:00:00+09:00,891.6955029499481,902.7040894061204,873.3478588563279,884.3564453125,83600,0.0,0.0
2002-01-28 00:00:00+09:00,873.3481348673503,884.356724802653,869.6786048889161,880.6871948242188,29200,0.0,0.0
2002-01-29 00:00:00+09:00,891.6957847595215,891.6957847595215,880.6871948242188,880.6871948242188,37200,0.0,0.0
2002-01-30 00:00:00+09:00,877.0176648457846,888.0262547810873,869.6786048889161,880.6871948242188,35200,0.0,0.0
2002-01-31 00:00:00+09:00,880.6871948242188,880.6871948242188,880.6871948242188,880.6871948242188,0,0.0,0.0
2002-02-01 00:00:00+09:00,855.0001029170209,877.0172729492188,847.6610462396216,877.0172729492188,48800,0.0,0.0
2002-02-04 00:00:00+09:00,862.339328863682,866.0088579226764,843.99168356871,858.6697998046875,36000,0.0,0.0
2002-02-05 00:00:00+09:00,847.6611938476562,851.3307228253517,840.3221358922652,847.6611938476562,28000,0.0,0.0
2002-02-06 00:00:00+09:00,832.9832323157269,843.9918212890625,832.9832323157269,843.9918212890625,41600,0.0,0.0
2002-02-07 00:00:00+09:00,829.3134091025904,843.9915225380345,825.6438807437294,836.6524658203125,37000,0.0,0.0
2002-02-08 00:00:00+09:00,818.3053855396254,847.6616325544998,818.3053855396254,840.3225708007812,95000,0.0,0.0
2002-02-11 00:00:00+09:00,840.3225708007812,840.3225708007812,840.3225708007812,840.3225708007812,0,0.0,0.0
2002-02-12 00:00:00+09:00,858.6697952835648,891.695556640625,858.6697952835648,891.695556640625,82600,0.0,0.0
2002-02-13 00:00:00+09:00,891.6958363430559,902.7044269151924,873.348185389495,888.0263061523438,58400,0.0,0.0
2002-02-14 00:00:00+09:00,906.3736727993183,917.3822599183385,888.0260276009516,891.695556640625,64000,0.0,0.0
2002-02-15 00:00:00+09:00,895.364914642717,899.0344429814168,873.3477446105192,877.0172729492188,41600,0.0,0.0
2002-02-18 00:00:00+09:00,869.6786048889161,888.0262547810873,869.6786048889161,880.6871948242188,25000,0.0,0.0
2002-02-19 00:00:00+09:00,895.3653182001073,895.3653182001073,851.3309582886266,855.00048828125,48600,0.0,0.0
2002-02-20 00:00:00+09:00,851.3308795655328,873.348057485331,840.3222906056336,869.6785278320312,50000,0.0,0.0
2002-02-21 00:00:00+09:00,862.3395948173586,888.0263061523438,862.3395948173586,888.0263061523438,32400,0.0,0.0
2002-02-22 00:00:00+09:00,924.7212398390055,924.7212398390055,895.3650100028466,906.3735961914062,60800,0.0,0.0
2002-02-25 00:00:00+09:00,924.7211844308036,924.7211844308036,899.0344848632814,899.0344848632812,50800,0.0,0.0
2002-02-26 00:00:00+09:00,906.3739571059045,906.3739571059045,884.3567759616316,888.0263061523438,62000,0.0,0.0
2002-02-27 00:00:00+09:00,895.3650888671875,917.3822631835938,895.3650888671875,917.3822631835938,56800,0.0,0.0
2002-02-28 00:00:00+09:00,924.7212115119486,939.3993259803922,921.0516828948377,935.7297973632812,68400,0.0,0.0
2002-03-01 00:00:00+09:00,932.0602687461704,935.7297973632812,906.3735684263941,935.7297973632812,73000,0.0,0.0
2002-03-04 00:00:00+09:00,972.4255015437765,983.4340921272909,957.7473807657573,976.0950317382812,92600,0.0,0.0
2002-03-05 00:00:00+09:00,1009.1204683137031,1009.1204683137031,957.7470626540965,965.0861206054688,87000,0.0,0.0
2002-03-06 00:00:00+09:00,954.0776021087763,976.0947775420558,946.7385436310165,957.7471313476562,58200,0.0,0.0
2002-03-07 00:00:00+09:00,972.4250356681284,994.4422062870294,972.4250356681284,987.1031494140625,70000,0.0,0.0
2002-03-08 00:00:00+09:00,968.7559713492717,987.1036223217958,965.0864411547668,976.0950317382812,154800,0.0,0.0
2002-03-11 00:00:00+09:00,990.7728489467075,1031.1376687186105,983.4337908063616,1027.4681396484375,159000,0.0,0.0
2002-03-12 00:00:00+09:00,1034.8070685418097,1034.8070685418097,1001.7813110351561,1001.7813110351562,91800,0.0,0.0
2002-03-13 00:00:00+09:00,994.4423524109584,998.1118813866445,965.0861206054689,965.0861206054688,76400,0.0,0.0
2002-03-14 00:00:00+09:00,965.0861630953276,972.4252213698168,954.0775756835938,954.0775756835938,40600,0.0,0.0
2002-03-15 00:00:00+09:00,961.4161616487322,979.763798321418,957.7466343141951,972.4247436523438,48600,0.0,0.0
2002-03-18 00:00:00+09:00,972.4252483031759,979.7643067809357,957.7471313476562,957.7471313476562,53200,0.0,0.0
2002-03-19 00:00:00+09:00,976.0952523690682,990.7733764648438,965.0866592972367,990.7733764648438,56000,0.0,0.0
2002-03-20 00:00:00+09:00,983.4339951647355,990.773054830144,976.094935499327,979.7644653320312,67600,0.0,0.0
2002-03-21 00:00:00+09:00,979.7644653320312,979.7644653320312,979.7644653320312,979.7644653320312,0,0.0,0.0
2002-03-22 00:00:00+09:00,976.094935499327,979.7644653320312,968.7558758339186,979.7644653320312,64800,0.0,0.0
2002-03-25 00:00:00+09:00,979.7643067809357,979.7643067809357,943.0690143921366,957.7471313476562,68400,0.0,0.0
2002-03-26 00:00:00+09:00,967.3096313476562,970.9876147368109,941.5637476235742,967.3096313476562,40000,3.0,0.0
2002-03-27 00:00:00+09:00,970.9879575579354,985.6998963088132,948.9200494316186,982.0219116210938,67000,0.0,0.0
2002-03-28 00:00:00+09:00,967.30988718084,982.0218246284574,959.9539184570314,959.9539184570312,35400,0.0,0.0
2002-03-29 00:00:00+09:00,967.3095939695373,970.9875772165698,948.919677734375,948.919677734375,31800,0.0,0.0
2002-04-01 00:00:00+09:00,952.5979976126328,952.5979976126328,926.8521057852644,930.5300903320312,28000,0.0,0.0
2002-04-02 00:00:00+09:00,930.5297614992128,952.5976609814074,919.4958117581153,948.919677734375,27200,0.0,0.0
2002-04-03 00:00:00+09:00,937.8860237975838,956.2759458328305,934.2080393905345,952.5979614257812,33600,0.0,0.0
2002-04-04 00:00:00+09:00,959.9539184570314,982.0218246284574,956.275934095127,959.9539184570312,36600,0.0,0.0
2002-04-05 00:00:00+09:00,963.6320543791118,985.6999640213816,963.6320543791118,978.343994140625,56600,0.0,0.0
2002-04-08 00:00:00+09:00,985.6995603680174,1015.1234278416896,978.3435934995994,1004.0894775390625,76200,0.0,0.0
2002-04-09 00:00:00+09:00,1011.4461432562935,1018.8021152072483,993.0562133789064,993.0562133789062,57200,0.0,0.0
2002-04-10 00:00:00+09:00,993.055517578125,1011.4454345703125,989.3775341796875,1011.4454345703125,59800,0.0,0.0
2002-04-11 00:00:00+09:00,1011.4454021241143,1011.4454021241143,989.3775024414064,989.3775024414062,47400,0.0,0.0
2002-04-12 00:00:00+09:00,989.3775341796875,1011.4454345703125,982.0215673828125,1011.4454345703125,75200,0.0,0.0
2002-04-15 00:00:00+09:00,993.0555272364354,1007.7674609732715,989.3775438022265,1004.0894775390625,41400,0.0,0.0
2002-04-16 00:00:00+09:00,993.0555675520363,1018.8014526367188,989.3775839685103,1018.8014526367188,89000,0.0,0.0
2002-04-17 00:00:00+09:00,1015.1235246178059,1029.8354597571943,1015.1235246178059,1022.4794921875,55800,0.0,0.0
2002-04-18 00:00:00+09:00,1011.4458710902992,1048.2257209481284,1011.4458710902992,1040.8697509765625,111200,0.0,0.0
2002-04-19 00:00:00+09:00,1022.479712087212,1037.191650390625,1011.4457583596521,1037.191650390625,105200,0.0,0.0
2002-04-22 00:00:00+09:00,1029.8357960192136,1040.8697509765625,1011.4458710902992,1040.8697509765625,82400,0.0,0.0
2002-04-23 00:00:00+09:00,1037.191539655413,1040.869523838588,1015.1236345563616,1029.8355712890625,74200,0.0,0.0
2002-04-24 00:00:00+09:00,1026.1575871058872,1040.869523838588,1004.0896820068359,1029.8355712890625,102400,0.0,0.0
2002-04-25 00:00:00+09:00,1040.8694111117356,1040.8694111117356,1022.4794921875001,1022.4794921875,48000,0.0,0.0
2002-04-26 00:00:00+09:00,1029.8353515625,1029.8353515625,1011.4454345703125,1011.4454345703125,40200,0.0,0.0
2002-04-29 00:00:00+09:00,1011.4454345703125,1011.4454345703125,1011.4454345703125,1011.4454345703125,0,0.0,0.0
2002-04-30 00:00:00+09:00,985.69970703125,993.0556749941697,974.6657550868704,985.69970703125,30800,0.0,0.0
2002-05-01 00:00:00+09:00,993.0562133789064,1000.4121853298611,985.7002414279515,993.0562133789062,28200,0.0,0.0
2002-05-02 00:00:00+09:00,982.0215673828125,1011.4454345703125,978.343583984375,1011.4454345703125,25400,0.0,0.0
2002-05-03 00:00:00+09:00,1011.4454345703125,1011.4454345703125,1011.4454345703125,1011.4454345703125,0,0.0,0.0
2002-05-06 00:00:00+09:00,1011.4454345703125,1011.4454345703125,1011.4454345703125,1011.4454345703125,0,0.0,0.0
2002-05-07 00:00:00+09:00,989.3772120061909,989.3772120061909,959.9533544000589,974.665283203125,29200,0.0,0.0
2002-05-08 00:00:00+09:00,970.9880242598684,985.6999640213816,970.9880242598684,978.343994140625,32200,0.0,0.0
2002-05-09 00:00:00+09:00,996.7338503719716,996.7338503719716,982.0219116210938,982.0219116210938,14600,0.0,0.0
2002-05-10 00:00:00+09:00,993.0553313976026,993.0553313976026,948.9195388910424,963.6314697265625,48400,0.0,0.0
2002-05-13 00:00:00+09:00,978.34358151512,978.34358151512,963.6316479585017,967.3096313476562,21000,0.0,0.0
2002-05-14 00:00:00+09:00,967.3099305123994,974.6658995657257,967.3099305123994,970.9879150390625,48200,0.0,0.0
2002-05-15 00:00:00+09:00,967.3100908699682,1121.7854665982522,967.3100908699682,1085.005615234375,211400,0.0,0.0
2002-05-16 00:00:00+09:00,1099.7172406224552,1132.8190973635994,1070.2933679636606,1129.14111328125,443800,0.0,0.0
2002-05-17 00:00:00+09:00,1125.4633111321964,1165.921142578125,1096.0394337169755,1165.921142578125,368200,0.0,0.0
2002-05-20 00:00:00+09:00,1154.8869683506389,1195.3447920826677,1143.853016423722,1151.208984375,291000,0.0,0.0
2002-05-21 00:00:00+09:00,1132.8190538194444,1176.954861111111,1132.8190538194444,1158.56494140625,184000,0.0,0.0
2002-05-22 00:00:00+09:00,1158.5650181253627,1195.3448599706123,1158.5650181253627,1187.9888916015625,214200,0.0,0.0
2002-05-23 00:00:00+09:00,1206.3789303626543,1228.4468376253858,1191.6669921875,1191.6669921875,325200,0.0,0.0
2002-05-24 00:00:00+09:00,1213.7346666912701,1265.2264404296875,1213.7346666912701,1265.2264404296875,276000,0.0,0.0
2002-05-27 00:00:00+09:00,1279.9386474609375,1335.108416748047,1272.5826782226563,1324.074462890625,504600,0.0,0.0
2002-05-28 00:00:00+09:00,1287.2948279747595,1346.14259153932,1287.2948279747595,1338.78662109375,544400,0.0,0.0
2002-05-29 00:00:00+09:00,1302.0065055057921,1309.362474463452,1268.9046451963227,1279.9385986328125,325200,0.0,0.0
2002-05-30 00:00:00+09:00,1279.9384220059358,1324.0742296613128,1272.5824540633728,1316.71826171875,246400,0.0,0.0
2002-05-31 00:00:00+09:00,1316.718395447463,1331.4303328267642,1287.2945206888605,1309.3624267578125,112000,0.0,0.0
2002-06-03 00:00:00+09:00,1290.9725107972051,1320.3963856871699,1290.9725107972051,1305.6844482421875,63200,0.0,0.0
2002-06-04 00:00:00+09:00,1305.6844482421875,1324.0743700484156,1283.6165420747138,1305.6844482421875,155000,0.0,0.0
2002-06-05 00:00:00+09:00,1360.854248046875,1416.0240148595863,1357.1762635926943,1360.854248046875,433000,0.0,0.0
2002-06-06 00:00:00+09:00,1346.1422175995292,1379.2440754093536,1327.7522965940711,1342.4642333984375,168000,0.0,0.0
2002-06-07 00:00:00+09:00,1305.6840724571077,1320.3960056678923,1302.0060891544117,1313.0400390625,106800,0.0,0.0
2002-06-10 00:00:00+09:00,1305.6840724571077,1327.7519722732843,1298.3281058517157,1313.0400390625,146800,0.0,0.0
2002-06-11 00:00:00+09:00,1294.6502737713674,1316.7181761651975,1283.6163225744524,1290.9722900390625,140600,0.0,0.0
2002-06-12 00:00:00+09:00,1276.2602638134058,1283.6162307518116,1261.5483299365942,1268.904296875,165800,0.0,0.0
2002-06-13 00:00:00+09:00,1268.9047060633552,1268.9047060633552,1224.768890200282,1243.1588134765625,153200,0.0,0.0
2002-06-14 00:00:00+09:00,1224.7684952445652,1305.684131567029,1224.7684952445652,1268.904296875,358000,0.0,0.0
2002-06-17 00:00:00+09:00,1232.1249093720407,1239.480878980232,1202.7010309392756,1213.7349853515625,170000,0.0,0.0
2002-06-18 00:00:00+09:00,1213.7348456855293,1246.8367051133164,1199.0229081620682,1224.768798828125,196000,0.0,0.0
2002-06-19 00:00:00+09:00,1213.7351831896551,1213.7351831896551,1169.599358346395,1173.27734375,231600,0.0,0.0
2002-06-20 00:00:00+09:00,1173.2767041015625,1202.7005712890625,1162.24275390625,1195.3446044921875,178400,0.0,0.0
2002-06-21 00:00:00+09:00,1191.6672707680252,1191.6672707680252,1173.27734375,1173.27734375,88000,0.0,0.0
2002-06-24 00:00:00+09:00,1140.1749649515914,1199.022705078125,1140.1749649515914,1199.022705078125,132200,0.0,0.0
2002-06-25 00:00:00+09:00,1224.768798828125,1265.2266270176426,1213.7348456855293,1224.768798828125,175000,0.0,0.0
2002-06-26 00:00:00+09:00,1243.1588637843277,1243.1588637843277,1213.7349853515625,1213.7349853515625,167000,0.0,0.0
2002-06-27 00:00:00+09:00,1199.0228910900298,1265.2266090029761,1199.0228910900298,1235.802734375,158000,0.0,0.0
2002-06-28 00:00:00+09:00,1283.6161726409314,1316.718022365196,1272.582222732843,1313.0400390625,234000,0.0,0.0
2002-07-01 00:00:00+09:00,1302.0066378233862,1353.4984257599044,1302.0066378233862,1346.1424560546875,197800,0.0,0.0
2002-07-02 00:00:00+09:00,1342.4642333984375,1357.176170202804,1302.00640718643,1342.4642333984375,163400,0.0,0.0
2002-07-03 00:00:00+09:00,1305.6845218879132,1338.7863830061983,1290.9725836131197,1335.1083984375,134400,0.0,0.0
2002-07-04 00:00:00+09:00,1342.4642505961885,1353.4982033408148,1327.7523136033537,1331.4302978515625,116800,0.0,0.0
2002-07-05 00:00:00+09:00,1338.7864013671876,1342.4643859863281,1320.3964782714845,1324.074462890625,102200,0.0,0.0
2002-07-08 00:00:00+09:00,1342.464067731585,1342.464067731585,1287.2943115234375,1287.2943115234375,101400,0.0,0.0
2002-07-09 00:00:00+09:00,1294.6503525417827,1324.0742241904595,1294.6503525417827,1320.396240234375,95200,0.0,0.0
2002-07-10 00:00:00+09:00,1302.006103515625,1316.718036888683,1298.3281201723605,1302.006103515625,60600,0.0,0.0
2002-07-11 00:00:00+09:00,1287.2944561732297,1290.9724403337248,1268.904535370755,1272.58251953125,99400,0.0,0.0
2002-07-12 00:00:00+09:00,1287.2940811025308,1298.3280303691238,1272.5821487470732,1276.2601318359375,123600,0.0,0.0
2002-07-15 00:00:00+09:00,1287.2945149739583,1287.2945149739583,1235.802734375,1235.802734375,108200,0.0,0.0
2002-07-16 00:00:00+09:00,1254.1927674423307,1276.2606753738673,1239.4808288213064,1243.1588134765625,133600,0.0,0.0
2002-07-17 00:00:00+09:00,1243.1584125905797,1272.582280344203,1235.802445652174,1268.904296875,120400,0.0,0.0
2002-07-18 00:00:00+09:00,1287.2944703820633,1342.4642333984375,1283.6164861809718,1342.4642333984375,232800,0.0,0.0
2002-07-19 00:00:00+09:00,1309.362468380641,1316.7184373041277,1276.2606082249506,1283.6165771484375,51800,0.0,0.0
2002-07-22 00:00:00+09:00,1283.6163225744524,1302.0062412359775,1261.5484201806223,1290.9722900390625,96400,0.0,0.0
2002-07-23 00:00:00+09:00,1272.58251953125,1287.2944561732297,1268.904535370755,1272.58251953125,96400,0.0,0.0
2002-07-24 00:00:00+09:00,1287.2943434604379,1302.0062788142716,1265.2264404296875,1265.2264404296875,84000,0.0,0.0
2002-07-25 00:00:00+09:00,1316.7179458134456,1316.7179458134456,1272.5821487470732,1276.2601318359375,74600,0.0,0.0
2002-07-26 00:00:00+09:00,1257.8703663398094,1268.9043169217375,1254.1923828125,1254.1923828125,89600,0.0,0.0
2002-07-29 00:00:00+09:00,1276.2605680095614,1287.2945210471082,1232.124755859375,1232.124755859375,150000,0.0,0.0
2002-07-30 00:00:00+09:00,1246.8367981318186,1261.5487367528428,1239.4808288213064,1243.1588134765625,68400,0.0,0.0
2002-07-31 00:00:00+09:00,1246.8367981318186,1250.5147827870746,1232.124859510794,1243.1588134765625,66000,0.0,0.0
2002-08-01 00:00:00+09:00,1257.8706344468658,1257.8706344468658,1232.1247442681288,1239.480712890625,81200,0.0,0.0
2002-08-02 00:00:00+09:00,1257.8706169577206,1261.548601217831,1235.8027113970588,1250.5146484375,70400,0.0,0.0
2002-08-05 00:00:00+09:00,1232.1246671821573,1235.802651263298,1206.3787786141718,1210.0567626953125,84600,0.0,0.0
2002-08-06 00:00:00+09:00,1191.6668252268146,1191.6668252268146,1136.4970647996472,1140.175048828125,139400,0.0,0.0
2002-08-07 00:00:00+09:00,1158.5649359980716,1184.3108234646954,1158.5649359980716,1162.242919921875,59400,0.0,0.0
2002-08-08 00:00:00+09:00,1180.6328561801117,1199.0227760583066,1151.208984375,1151.208984375,96400,0.0,0.0
2002-08-09 00:00:00+09:00,1184.31067388897,1187.9886573482524,1169.59874005184,1180.6326904296875,60800,0.0,0.0
2002-08-12 00:00:00+09:00,1176.9546274038462,1180.6326106144832,1147.53076171875,1147.53076171875,67200,0.0,0.0
2002-08-13 00:00:00+09:00,1136.4968120868389,1151.208744929387,1121.7848792442908,1147.53076171875,72600,0.0,0.0
2002-08-14 00:00:00+09:00,1154.8869574652776,1158.56494140625,1129.141069878472,1158.56494140625,58400,0.0,0.0
2002-08-15 00:00:00+09:00,1158.5648397464076,1162.2428233646501,1140.1749216551948,1143.8529052734375,56200,0.0,0.0
2002-08-16 00:00:00+09:00,1158.5647019307326,1158.5647019307326,1143.8527692078026,1154.88671875,35400,0.0,0.0
2002-08-19 00:00:00+09:00,1147.531399020901,1147.531399020901,1121.7855022479962,1132.8194580078125,47200,0.0,0.0
2002-08-20 00:00:00+09:00,1151.208744929387,1154.886728140024,1129.140845665565,1147.53076171875,57200,0.0,0.0
2002-08-21 00:00:00+09:00,1132.8190644968051,1165.920920277556,1129.141080521166,1151.208984375,58000,0.0,0.0
2002-08-22 00:00:00+09:00,1165.9207565925574,1180.6326904296875,1151.2088227554273,1180.6326904296875,96200,0.0,0.0
2002-08-23 00:00:00+09:00,1180.6326904296875,1180.6326904296875,1180.6326904296875,1180.6326904296875,0,0.0,0.0
2002-08-26 00:00:00+09:00,1129.1415189067397,1173.27734375,1129.1415189067397,1173.27734375,64400,0.0,0.0
2002-08-27 00:00:00+09:00,1154.8873029984768,1169.5992431640625,1154.8873029984768,1169.5992431640625,26400,0.0,0.0
2002-08-28 00:00:00+09:00,1169.5990849247685,1191.6669921875,1169.5990849247685,1191.6669921875,73200,0.0,0.0
2002-08-29 00:00:00+09:00,1206.378641519202,1250.5144454772214,1206.378641519202,1221.090576171875,300800,0.0,0.0
2002-08-30 00:00:00+09:00,1228.4468994140625,1243.158838329201,1217.4129452277086,1228.4468994140625,107400,0.0,0.0
2002-09-02 00:00:00+09:00,1217.4127197265625,1254.1925602016852,1217.4127197265625,1217.4127197265625,123600,0.0,0.0
2002-09-03 00:00:00+09:00,1213.7347467764534,1235.802651263298,1210.0567626953125,1210.0567626953125,132200,0.0,0.0
2002-09-04 00:00:00+09:00,1173.2772282054589,1187.9891683710446,1158.5652880398732,1169.5992431640625,97400,0.0,0.0
2002-09-05 00:00:00+09:00,1165.9208719004755,1195.3447424847145,1165.9208719004755,1184.310791015625,46200,0.0,0.0
2002-09-06 00:00:00+09:00,1158.5647945404053,1176.9547119140625,1140.174877166748,1176.9547119140625,71600,0.0,0.0
2002-09-09 00:00:00+09:00,1195.3449767312884,1206.3789303626543,1184.3110230999227,1191.6669921875,80800,0.0,0.0
2002-09-10 00:00:00+09:00,1173.2767041015625,1202.7005712890625,1173.2767041015625,1195.3446044921875,36400,0.0,0.0
2002-09-11 00:00:00+09:00,1195.345036855001,1228.4468994140625,1195.345036855001,1228.4468994140625,74200,0.0,0.0
2002-09-12 00:00:00+09:00,1228.446874855538,1243.1588134765625,1213.7349362345137,1243.1588134765625,71200,0.0,0.0
2002-09-13 00:00:00+09:00,1206.3790157433714,1232.1249093720407,1202.7010309392756,1213.7349853515625,149800,0.0,0.0
2002-09-16 00:00:00+09:00,1213.7349853515625,1213.7349853515625,1213.7349853515625,1213.7349853515625,0,0.0,0.0
2002-09-17 00:00:00+09:00,1213.7348341301306,1268.9045993178638,1213.7348341301306,1232.124755859375,82000,0.0,0.0
2002-09-18 00:00:00+09:00,1217.412807023136,1239.480712890625,1213.734822711888,1239.480712890625,49200,0.0,0.0
2002-09-19 00:00:00+09:00,1257.8704727527709,1302.0062788142716,1257.8704727527709,1265.2264404296875,156400,0.0,0.0
2002-09-20 00:00:00+09:00,1279.9387592516448,1290.9727140727796,1257.870849609375,1257.870849609375,66400,0.0,0.0
2002-09-23 00:00:00+09:00,1257.870849609375,1257.870849609375,1257.870849609375,1257.870849609375,0,0.0,0.0
2002-09-24 00:00:00+09:00,1265.226568194242,1283.6164892435768,1239.480678725173,1261.548583984375,172800,0.0,0.0
2002-09-25 00:00:00+09:00,1252.7060263813405,1271.128173828125,1252.7060263813405,1271.128173828125,49800,3.0,0.0
2002-09-26 00:00:00+09:00,1263.7589938256049,1285.8655651461695,1256.39013671875,1256.39013671875,39200,0.0,0.0
2002-09-27 00:00:00+09:00,1274.8125464009959,1274.8125464009959,1252.7059704518458,1260.0748291015625,56800,0.0,0.0
2002-09-30 00:00:00+09:00,1256.3903040673683,1267.4435911999258,1241.652587890625,1241.652587890625,41800,0.0,0.0
2002-10-01 00:00:00+09:00,1219.5460136255099,1256.3903040673683,1219.5460136255099,1241.652587890625,155400,0.0,0.0
2002-10-02 00:00:00+09:00,1249.0214459789966,1252.7058750231824,1230.5993007580676,1241.652587890625,64800,0.0,0.0
2002-10-03 00:00:00+09:00,1241.6525686354864,1245.3369976225354,1226.9148526872907,1237.9681396484375,159200,0.0,0.0
2002-10-04 00:00:00+09:00,1219.5461710362347,1223.2306005559815,1197.439593917753,1201.1240234375,65000,0.0,0.0
2002-10-07 00:00:00+09:00,1164.2797289961063,1175.333017562525,1142.1731518632687,1153.2264404296875,81000,0.0,0.0
2002-10-08 00:00:00+09:00,1145.8575912624694,1149.542020816368,1123.7510139390777,1131.119873046875,94200,0.0,0.0
2002-10-09 00:00:00+09:00,1131.1196539670425,1149.5417981684602,1105.328652085058,1112.697509765625,61400,0.0,0.0
2002-10-10 00:00:00+09:00,1112.6977978672628,1156.9109553984124,1112.6977978672628,1145.857666015625,78600,0.0,0.0
2002-10-11 00:00:00+09:00,1160.5952805739182,1171.6485689603364,1149.5419921875,1149.5419921875,52200,0.0,0.0
2002-10-14 00:00:00+09:00,1149.5419921875,1149.5419921875,1149.5419921875,1149.5419921875,0,0.0,0.0
2002-10-15 00:00:00+09:00,1142.173087204559,1164.2796630859375,1142.173087204559,1164.2796630859375,27000,0.0,0.0
2002-10-16 00:00:00+09:00,1182.7018856048585,1197.439603805542,1171.6485969543457,1179.0174560546875,54600,0.0,0.0
2002-10-17 00:00:00+09:00,1160.5952994739666,1190.0707356510834,1145.8575813854084,1153.2264404296875,43400,0.0,0.0
2002-10-18 00:00:00+09:00,1164.279889012897,1179.017609126984,1160.595458984375,1160.595458984375,29000,0.0,0.0
2002-10-21 00:00:00+09:00,1186.3865107783565,1201.1242314091435,1171.6487901475693,1193.75537109375,62400,0.0,0.0
2002-10-22 00:00:00+09:00,1186.3863163553542,1186.3863163553542,1131.119873046875,1131.119873046875,42800,0.0,0.0
2002-10-23 00:00:00+09:00,1131.1195235525727,1175.332664538341,1116.38180989065,1156.9105224609375,66800,0.0,0.0
2002-10-24 00:00:00+09:00,1175.3331790984623,1186.3864691840279,1160.595458984375,1160.595458984375,55200,0.0,0.0
2002-10-25 00:00:00+09:00,1153.226110345478,1182.7015380859375,1142.1728249428058,1182.7015380859375,28200,0.0,0.0
2002-10-28 00:00:00+09:00,1145.857580641296,1201.1240234375,1145.857580641296,1201.1240234375,37800,0.0,0.0
2002-10-29 00:00:00+09:00,1182.7016162109376,1208.4926171875,1179.0171875,1197.4393310546875,35400,0.0,0.0
2002-10-30 00:00:00+09:00,1182.7017231836517,1245.337016934811,1182.7017231836517,1241.652587890625,88600,0.0,0.0
2002-10-31 00:00:00+09:00,1234.2838134765625,1237.9682427705225,1215.8616670067631,1234.2838134765625,35800,0.0,0.0
2002-11-01 00:00:00+09:00,1234.2839463068722,1234.2839463068722,1208.4929384735942,1212.1773681640625,24000,0.0,0.0
2002-11-04 00:00:00+09:00,1212.1773681640625,1212.1773681640625,1212.1773681640625,1212.1773681640625,0,0.0,0.0
2002-11-05 00:00:00+09:00,1215.8614792934684,1267.4434814453125,1215.8614792934684,1267.4434814453125,66800,0.0,0.0
2002-11-06 00:00:00+09:00,1263.75914255778,1263.75914255778,1237.9681396484375,1237.9681396484375,50000,0.0,0.0
2002-11-07 00:00:00+09:00,1237.9683277027027,1241.652757249437,1223.2306095157658,1226.9150390625,29800,0.0,0.0
2002-11-08 00:00:00+09:00,1226.9149824662643,1237.9682705965909,1215.8616943359375,1215.8616943359375,52000,0.0,0.0
2002-11-11 00:00:00+09:00,1212.1773027282525,1212.1773027282525,1175.3330078125,1175.3330078125,67400,0.0,0.0
2002-11-12 00:00:00+09:00,1167.9643599898727,1212.1775218822338,1160.5954996744792,1193.75537109375,95600,0.0,0.0
2002-11-13 00:00:00+09:00,1190.070725778801,1190.070725778801,1164.2797193377744,1175.3330078125,40600,0.0,0.0
2002-11-14 00:00:00+09:00,1164.279379291899,1179.0170929538217,1153.2260940454569,1156.9105224609375,51600,0.0,0.0
2002-11-15 00:00:00+09:00,1156.9110289558532,1175.3331790984623,1149.5421688988097,1160.595458984375,81200,0.0,0.0
2002-11-18 00:00:00+09:00,1145.857666015625,1160.595385192675,1127.4355170443127,1145.857666015625,100600,0.0,0.0
2002-11-19 00:00:00+09:00,1127.4352835233094,1134.8041415855532,1112.6975673988218,1123.7508544921875,77200,0.0,0.0
2002-11-20 00:00:00+09:00,1123.7509406367435,1179.01738034019,1123.7509406367435,1164.2796630859375,58800,0.0,0.0
2002-11-21 00:00:00+09:00,1179.0172758556548,1249.0214266095843,1167.963988894508,1237.9681396484375,79800,0.0,0.0
2002-11-22 00:00:00+09:00,1241.6528056878087,1241.6528056878087,1201.1240790926577,1212.1773681640625,70800,0.0,0.0
2002-11-25 00:00:00+09:00,1215.8615845813242,1252.7058750231824,1215.8615845813242,1241.652587890625,80800,0.0,0.0
2002-11-26 00:00:00+09:00,1252.7060649209395,1252.7060649209395,1215.861768893853,1230.5994873046875,41000,0.0,0.0
2002-11-27 00:00:00+09:00,1212.1773681640625,1234.2839463068722,1208.4929384735942,1212.1773681640625,58800,0.0,0.0
2002-11-28 00:00:00+09:00,1230.599136844758,1260.0745652721776,1223.2302797379034,1256.39013671875,132800,0.0,0.0
2002-11-29 00:00:00+09:00,1237.9681396484375,1267.443571544829,1223.2304237002418,1237.9681396484375,88800,0.0,0.0
2002-12-02 00:00:00+09:00,1237.9681396484375,1237.9681396484375,1237.9681396484375,1237.9681396484375,0,0.0,0.0
2002-12-03 00:00:00+09:00,1252.7057665447858,1282.1811963458395,1237.9680516442588,1267.4434814453125,81600,0.0,0.0
2002-12-04 00:00:00+09:00,1260.0748468572442,1263.7592762340198,1212.177264959162,1215.8616943359375,106800,0.0,0.0
2002-12-05 00:00:00+09:00,1186.386371057469,1215.8618088477167,1171.6486521623451,1190.07080078125,164400,0.0,0.0
2002-12-06 00:00:00+09:00,1179.01748285061,1208.492919921875,1175.3330532167017,1208.492919921875,34400,0.0,0.0
2002-12-09 00:00:00+09:00,1179.0171096183801,1212.176965826397,1179.0171096183801,1182.7015380859375,31600,0.0,0.0
2002-12-10 00:00:00+09:00,1182.7020806206597,1197.4398012514466,1179.017650462963,1193.75537109375,33400,0.0,0.0
2002-12-11 00:00:00+09:00,1186.3865107783565,1197.4398012514466,1182.7020806206597,1193.75537109375,43400,0.0,0.0
2002-12-12 00:00:00+09:00,1179.0174932065217,1186.3863525390625,1167.9642042077107,1186.3863525390625,35200,0.0,0.0
2002-12-13 00:00:00+09:00,1153.2264308630486,1175.3330078125,1153.2264308630486,1175.3330078125,123400,0.0,0.0
2002-12-16 00:00:00+09:00,1164.279379291899,1171.6482361228602,1153.2260940454569,1156.9105224609375,55000,0.0,0.0
2002-12-17 00:00:00+09:00,1175.3330078125,1179.0174373040752,1153.2264308630486,1175.3330078125,71600,0.0,0.0
2002-12-18 00:00:00+09:00,1156.910689421623,1156.910689421623,1138.48854468561,1142.1729736328125,74800,0.0,0.0
2002-12-19 00:00:00+09:00,1131.1196867912047,1142.1729736328125,1123.7508288967995,1142.1729736328125,99600,0.0,0.0
2002-12-20 00:00:00+09:00,1142.1729736328125,1153.2262604744203,1127.435257844002,1142.1729736328125,65600,0.0,0.0
2002-12-23 00:00:00+09:00,1142.1729736328125,1142.1729736328125,1142.1729736328125,1142.1729736328125,0,0.0,0.0
2002-12-24 00:00:00+09:00,1142.1729736328125,1153.2262604744203,1131.1196867912047,1142.1729736328125,114800,0.0,0.0
2002-12-25 00:00:00+09:00,1149.5416656299763,1160.5949508764181,1142.1728087990148,1156.9105224609375,57200,0.0,0.0
2002-12-26 00:00:00+09:00,1167.9642042077107,1197.4396415378737,1164.2797745414402,1186.3863525390625,54200,0.0,0.0
2002-12-27 00:00:00+09:00,1204.8081884765625,1204.8081884765625,1190.0704736328125,1197.4393310546875,24800,0.0,0.0
2002-12-30 00:00:00+09:00,1160.594967280593,1190.0703950210525,1160.594967280593,1182.7015380859375,14600,0.0,0.0
2002-12-31 00:00:00+09:00,1182.7015380859375,1182.7015380859375,1182.7015380859375,1182.7015380859375,0,0.0,0.0
2003-01-01 00:00:00+09:00,1182.7015380859375,1182.7015380859375,1182.7015380859375,1182.7015380859375,0,0.0,0.0
2003-01-02 00:00:00+09:00,1182.7015380859375,1182.7015380859375,1182.7015380859375,1182.7015380859375,0,0.0,0.0
2003-01-03 00:00:00+09:00,1182.7015380859375,1182.7015380859375,1182.7015380859375,1182.7015380859375,0,0.0,0.0
2003-01-06 00:00:00+09:00,1197.4395474520597,1223.2305530894887,1197.4395474520597,1215.8616943359375,32400,0.0,0.0
2003-01-07 00:00:00+09:00,1234.2838412198153,1237.9682705965909,1212.177264959162,1215.8616943359375,41800,0.0,0.0
2003-01-08 00:00:00+09:00,1208.4925373588396,1215.8613942939546,1182.7015380859375,1182.7015380859375,48800,0.0,0.0
2003-01-09 00:00:00+09:00,1182.7018299449574,1215.8616943359375,1175.3329711914062,1215.8616943359375,28600,0.0,0.0
2003-01-10 00:00:00+09:00,1197.439446117943,1230.5993077027474,1197.439446117943,1219.5460205078125,54400,0.0,0.0
2003-01-13 00:00:00+09:00,1219.5460205078125,1219.5460205078125,1219.5460205078125,1219.5460205078125,0,0.0,0.0
2003-01-14 00:00:00+09:00,1226.9148526872907,1241.6525686354864,1223.2304237002418,1237.9681396484375,57400,0.0,0.0
2003-01-15 00:00:00+09:00,1245.3369976225354,1245.3369976225354,1226.9148526872907,1237.9681396484375,37800,0.0,0.0
2003-01-16 00:00:00+09:00,1237.9681396484375,1237.9681396484375,1223.2304237002418,1237.9681396484375,32200,0.0,0.0
2003-01-17 00:00:00+09:00,1234.2839169073961,1249.021635318231,1230.5994873046875,1230.5994873046875,47400,0.0,0.0
2003-01-20 00:00:00+09:00,1230.5996816059542,1245.33740234375,1215.8619608681583,1245.33740234375,32800,0.0,0.0
2003-01-21 00:00:00+09:00,1245.3371955422795,1252.7060546875,1230.5994772518384,1252.7060546875,31200,0.0,0.0
2003-01-22 00:00:00+09:00,1241.6526720644824,1252.705959946362,1226.9149548886428,1234.2838134765625,36000,0.0,0.0
2003-01-23 00:00:00+09:00,1245.337016934811,1249.0214459789966,1226.9148717138817,1241.652587890625,48000,0.0,0.0
2003-01-24 00:00:00+09:00,1249.021337819654,1267.4434814453125,1245.3369090945223,1267.4434814453125,94400,0.0,0.0
2003-01-27 00:00:00+09:00,1241.652972159301,1252.706262712648,1230.5996816059542,1245.33740234375,37600,0.0,0.0
2003-01-28 00:00:00+09:00,1234.284009005116,1252.706158393252,1234.284009005116,1249.021728515625,17200,0.0,0.0
2003-01-29 00:00:00+09:00,1249.0212233210184,1249.0212233210184,1212.1769394472421,1223.230224609375,35400,0.0,0.0
2003-01-30 00:00:00+09:00,1215.8617978545308,1230.599516616404,1204.808508783126,1212.1773681640625,29000,0.0,0.0
2003-01-31 00:00:00+09:00,1215.8617504222973,1252.7060458896397,1204.8084617820946,1226.9150390625,47000,0.0,0.0
2003-02-03 00:00:00+09:00,1215.8619608681583,1252.706262712648,1208.4931004992604,1245.33740234375,25000,0.0,0.0
2003-02-04 00:00:00+09:00,1245.3372986379977,1256.3905882708793,1245.3372986379977,1249.021728515625,28800,0.0,0.0
2003-02-05 00:00:00+09:00,1234.2839068244486,1285.8659208409927,1234.2839068244486,1252.7060546875,69200,0.0,0.0
2003-02-06 00:00:00+09:00,1245.33740234375,1249.021832528199,1237.968541974852,1245.33740234375,26200,0.0,0.0
2003-02-07 00:00:00+09:00,1249.0215968919838,1271.128173828125,1237.968308423913,1271.128173828125,34000,0.0,0.0
2003-02-10 00:00:00+09:00,1263.7593148494113,1271.128173828125,1249.0215968919838,1271.128173828125,30000,0.0,0.0
2003-02-11 00:00:00+09:00,1271.128173828125,1271.128173828125,1271.128173828125,1271.128173828125,0,0.0,0.0
2003-02-12 00:00:00+09:00,1278.4967769334296,1322.7099219570641,1271.1279194294905,1315.341064453125,161200,0.0,0.0
2003-02-13 00:00:00+09:00,1307.9724687216938,1315.3413277004076,1271.128173828125,1271.128173828125,85200,0.0,0.0
2003-02-14 00:00:00+09:00,1282.1813882084216,1319.0256809730313,1282.1813882084216,1304.2879638671875,131600,0.0,0.0
2003-02-17 00:00:00+09:00,1304.287861053037,1307.9722900390625,1289.5501451089349,1307.9722900390625,94600,0.0,0.0
2003-02-18 00:00:00+09:00,1293.2349060058593,1330.0792053222656,1293.2349060058593,1326.394775390625,107400,0.0,0.0
2003-02-19 00:00:00+09:00,1337.4477920323202,1352.1855087489298,1315.341216957406,1344.816650390625,119400,0.0,0.0
2003-02-20 00:00:00+09:00,1341.1322566317972,1341.1322566317972,1300.6035345907264,1304.2879638671875,45600,0.0,0.0
2003-02-21 00:00:00+09:00,1311.6570992456125,1311.6570992456125,1285.8660888671875,1285.8660888671875,56800,0.0,0.0
2003-02-24 00:00:00+09:00,1285.8658174848827,1304.2879638671875,1282.1813882084216,1304.2879638671875,37600,0.0,0.0
2003-02-25 00:00:00+09:00,1289.5501128534763,1304.2878284289445,1274.812397278008,1278.496826171875,57800,0.0,0.0
2003-02-26 00:00:00+09:00,1278.4969948637938,1289.5502830038265,1263.75927734375,1263.75927734375,58600,0.0,0.0
2003-02-27 00:00:00+09:00,1260.0745652721776,1260.0745652721776,1249.0212796118954,1256.39013671875,38200,0.0,0.0
2003-02-28 00:00:00+09:00,1256.3901952699175,1278.4967676207077,1256.3901952699175,1267.4434814453125,45600,0.0,0.0
2003-03-03 00:00:00+09:00,1252.706218380641,1285.8660888671875,1252.706218380641,1285.8660888671875,17600,0.0,0.0
2003-03-04 00:00:00+09:00,1289.550518921248,1293.2349489753087,1278.497228759066,1285.8660888671875,22600,0.0,0.0
2003-03-05 00:00:00+09:00,1267.443762983201,1274.8126220703125,1256.3904743525334,1274.8126220703125,52800,0.0,0.0
2003-03-06 00:00:00+09:00,1274.8125654837827,1278.4969948637938,1256.3904185837282,1263.75927734375,47600,0.0,0.0
2003-03-07 00:00:00+09:00,1256.3902845836822,1267.443571544829,1237.9681396484375,1237.9681396484375,67000,0.0,0.0
2003-03-10 00:00:00+09:00,1234.2839463068722,1237.9683759973404,1212.1773681640625,1212.1773681640625,57400,0.0,0.0
2003-03-11 00:00:00+09:00,1215.861390840023,1230.5991046683869,1204.80810546875,1204.80810546875,65000,0.0,0.0
2003-03-12 00:00:00+09:00,1208.492533925841,1215.861390840023,1204.80810546875,1204.80810546875,41000,0.0,0.0
2003-03-13 00:00:00+09:00,1234.2838412198153,1234.2838412198153,1212.177264959162,1215.8616943359375,58200,0.0,0.0
2003-03-14 00:00:00+09:00,1219.545819297114,1234.2835331254778,1201.123677011659,1204.80810546875,117400,0.0,0.0
2003-03-17 00:00:00+09:00,1215.8619520399304,1215.8619520399304,1190.0709409360531,1193.75537109375,35400,0.0,0.0
2003-03-18 00:00:00+09:00,1208.4928824769938,1241.6527481547162,1201.1240234375,1201.1240234375,55800,0.0,0.0
2003-03-19 00:00:00+09:00,1208.4928355823863,1237.9682705965909,1204.8084062056107,1215.8616943359375,51400,0.0,0.0
2003-03-20 00:00:00+09:00,1241.6524225050405,1256.39013671875,1234.2835653981856,1256.39013671875,59600,0.0,0.0
2003-03-21 00:00:00+09:00,1256.39013671875,1256.39013671875,1256.39013671875,1256.39013671875,0,0.0,0.0
2003-03-24 00:00:00+09:00,1263.7591975547748,1322.710063913015,1263.7591975547748,1319.025634765625,112400,0.0,0.0
2003-03-25 00:00:00+09:00,1285.8658174848827,1304.2879638671875,1282.1813882084216,1304.2879638671875,88600,0.0,0.0
2003-03-26 00:00:00+09:00,1306.502186949824,1310.19287109375,1291.7394503741198,1310.19287109375,39600,3.0,0.0
2003-03-27 00:00:00+09:00,1306.5024194610253,1317.5744738632372,1302.8117346602878,1313.8837890625,50400,0.0,0.0
2003-03-28 00:00:00+09:00,1310.192850577731,1324.9555869222688,1310.192850577731,1317.57421875,79200,0.0,0.0
2003-03-31 00:00:00+09:00,1317.5747540611721,1324.9561252323833,1295.430640547539,1302.81201171875,79000,0.0,0.0
2003-04-01 00:00:00+09:00,1284.3580820862676,1313.883555237676,1284.3580820862676,1310.19287109375,51000,0.0,0.0
2003-04-02 00:00:00+09:00,1313.8835656117585,1324.9556181309586,1284.3580922272245,1306.502197265625,78400,0.0,0.0
2003-04-03 00:00:00+09:00,1310.1929128271902,1310.1929128271902,1291.739491519765,1295.43017578125,35400,0.0,0.0
2003-04-04 00:00:00+09:00,1291.739460573358,1313.8835656117585,1288.0487764002912,1306.502197265625,47600,0.0,0.0
2003-04-07 00:00:00+09:00,1295.4302238592222,1321.2650146484375,1295.4302238592222,1321.2650146484375,27800,0.0,0.0
2003-04-08 00:00:00+09:00,1317.5742497848253,1336.0276706501588,1302.8115130925582,1306.502197265625,71400,0.0,0.0
2003-04-09 00:00:00+09:00,1310.1930503105523,1336.027842851887,1306.5023656617902,1332.337158203125,45800,0.0,0.0
2003-04-10 00:00:00+09:00,1328.6462918133802,1328.6462918133802,1295.4301345180456,1310.19287109375,22000,0.0,0.0
2003-04-11 00:00:00+09:00,1310.1931485262785,1328.6465731534092,1299.12109375,1299.12109375,43400,0.0,0.0
2003-04-14 00:00:00+09:00,1317.5743302499782,1339.7184366407341,1310.1929614530595,1321.2650146484375,61400,0.0,0.0
2003-04-15 00:00:00+09:00,1324.9556779649522,1343.4090996636285,1324.9556779649522,1328.6463623046875,96200,0.0,0.0
2003-04-16 00:00:00+09:00,1347.100008639829,1380.3161732364276,1339.718638729474,1376.62548828125,205000,0.0,0.0
2003-04-17 00:00:00+09:00,1372.9346561641482,1376.6253407237293,1336.0278105683378,1343.4091796875,53200,0.0,0.0
2003-04-18 00:00:00+09:00,1361.8626384119834,1372.9346923828125,1350.7905844411544,1372.9346923828125,78200,0.0,0.0
2003-04-21 00:00:00+09:00,1291.73973532284,1291.73973532284,1225.3074060776655,1254.8328857421875,434400,0.0,0.0
2003-04-22 00:00:00+09:00,1247.4515834054546,1247.4515834054546,1217.9261021414202,1232.6888427734375,154400,0.0,0.0
2003-04-23 00:00:00+09:00,1221.616393855168,1232.6884457632211,1188.4002381310095,1199.4722900390625,166200,0.0,0.0
2003-04-24 00:00:00+09:00,1203.1628912334502,1206.8535749488901,1181.01878894081,1184.70947265625,109400,0.0,0.0
2003-04-25 00:00:00+09:00,1181.0188288643533,1181.0188288643533,1162.5654096633477,1169.94677734375,87400,0.0,0.0
2003-04-28 00:00:00+09:00,1144.1122719274163,1162.565695668181,1140.4215871792633,1155.184326171875,95800,0.0,0.0
2003-04-29 00:00:00+09:00,1155.184326171875,1155.184326171875,1155.184326171875,1155.184326171875,0,0.0,0.0
2003-04-30 00:00:00+09:00,1155.184512732164,1184.7099954857017,1155.184512732164,1173.637939453125,80000,0.0,0.0
2003-05-01 00:00:00+09:00,1177.3279933929443,1184.7093601226807,1162.5652599334717,1181.0186767578125,93800,0.0,0.0
2003-05-02 00:00:00+09:00,1188.4006808298939,1188.4006808298939,1166.2565687647407,1173.637939453125,85800,0.0,0.0
2003-05-05 00:00:00+09:00,1173.637939453125,1173.637939453125,1173.637939453125,1173.637939453125,0,0.0,0.0
2003-05-06 00:00:00+09:00,1195.7814102172852,1195.7814102172852,1177.3279933929443,1181.0186767578125,92400,0.0,0.0
2003-05-07 00:00:00+09:00,1195.7814102172852,1195.7814102172852,1173.6373100280762,1181.0186767578125,75000,0.0,0.0
2003-05-08 00:00:00+09:00,1188.4006808298939,1192.091366174086,1173.637939453125,1173.637939453125,65800,0.0,0.0
2003-05-09 00:00:00+09:00,1173.6379461521055,1210.5447998046875,1169.9472607868472,1210.5447998046875,107600,0.0,0.0
2003-05-12 00:00:00+09:00,1214.234827041626,1214.234827041626,1181.0186767578125,1181.0186767578125,75000,0.0,0.0
2003-05-13 00:00:00+09:00,1199.4720935821533,1206.8534603118896,1181.0186767578125,1181.0186767578125,78600,0.0,0.0
2003-05-14 00:00:00+09:00,1188.4007568359375,1203.1634991568808,1181.0193856754659,1188.4007568359375,129600,0.0,0.0
2003-05-15 00:00:00+09:00,1203.1634991568808,1206.8541847371166,1184.7100712557017,1188.4007568359375,100600,0.0,0.0
2003-05-16 00:00:00+09:00,1188.4003695264273,1203.1631070360725,1188.4003695264273,1195.78173828125,65000,0.0,0.0
2003-05-19 00:00:00+09:00,1195.7814102172852,1195.7814102172852,1177.3279933929443,1181.0186767578125,54400,0.0,0.0
2003-05-20 00:00:00+09:00,1192.090726852417,1199.4720935821533,1181.0186767578125,1181.0186767578125,26400,0.0,0.0
2003-05-21 00:00:00+09:00,1181.0192212301586,1184.7099062965028,1158.8751108320932,1162.5657958984375,65000,0.0,0.0
2003-05-22 00:00:00+09:00,1162.5656630117683,1177.3284015896954,1162.5656630117683,1166.25634765625,57800,0.0,0.0
2003-05-23 00:00:00+09:00,1188.4000434875488,1192.090726852417,1173.6373100280762,1181.0186767578125,102200,0.0,0.0
2003-05-26 00:00:00+09:00,1181.0191761363637,1188.400545987216,1177.3284912109375,1177.3284912109375,34600,0.0,0.0
2003-05-27 00:00:00+09:00,1177.3286247973174,1188.4006808298939,1166.2565687647407,1173.637939453125,79000,0.0,0.0
2003-05-28 00:00:00+09:00,1162.5652599334717,1188.4000434875488,1162.5652599334717,1181.0186767578125,57200,0.0,0.0
2003-05-29 00:00:00+09:00,1173.637461183951,1188.4001965447555,1169.94677734375,1169.94677734375,67600,0.0,0.0
2003-05-30 00:00:00+09:00,1173.6377169452135,1184.709770878659,1166.25634765625,1166.25634765625,66600,0.0,0.0
2003-06-02 00:00:00+09:00,1169.9466844303593,1181.018735071656,1158.8746337890625,1158.8746337890625,63800,0.0,0.0
2003-06-03 00:00:00+09:00,1162.5653173361613,1169.9466844303593,1158.8746337890625,1158.8746337890625,36200,0.0,0.0
2003-06-04 00:00:00+09:00,1169.9471213600852,1184.7098610617898,1162.565751509233,1177.3284912109375,60600,0.0,0.0
2003-06-05 00:00:00+09:00,1192.0908400871301,1192.0908400871301,1169.94673779449,1184.70947265625,49400,0.0,0.0
2003-06-06 00:00:00+09:00,1188.4001563716902,1192.0908400871301,1177.3281052253699,1184.70947265625,45600,0.0,0.0
2003-06-09 00:00:00+09:00,1188.4003695264273,1203.1631070360725,1184.7096851490162,1195.78173828125,74000,0.0,0.0
2003-06-10 00:00:00+09:00,1195.7817069237385,1206.853759765625,1195.7817069237385,1206.853759765625,41600,0.0,0.0
2003-06-11 00:00:00+09:00,1199.472523320672,1217.9259467563745,1199.472523320672,1203.1632080078125,84800,0.0,0.0
2003-06-12 00:00:00+09:00,1214.235262069234,1221.6166314435152,1203.1632080078125,1203.1632080078125,48400,0.0,0.0
2003-06-13 00:00:00+09:00,1203.1632966850304,1228.9980913991262,1195.7819267667173,1214.2353515625,154000,0.0,0.0
2003-06-16 00:00:00+09:00,1217.9259033203125,1217.9259033203125,1206.8538496537642,1217.9259033203125,29400,0.0,0.0
2003-06-17 00:00:00+09:00,1217.9260365216564,1228.9980913991262,1206.853981644187,1214.2353515625,62200,0.0,0.0
2003-06-18 00:00:00+09:00,1225.307373046875,1236.3794276225997,1214.2353184711503,1225.307373046875,70000,0.0,0.0
2003-06-19 00:00:00+09:00,1225.3072616715444,1240.0699997639726,1217.9258926253303,1221.6165771484375,34400,0.0,0.0
2003-06-20 00:00:00+09:00,1228.9976609870569,1236.3790283203125,1217.9256099871736,1236.3790283203125,60600,0.0,0.0
2003-06-23 00:00:00+09:00,1236.3793152408657,1236.3793152408657,1214.2352081022234,1221.6165771484375,51000,0.0,0.0
2003-06-24 00:00:00+09:00,1210.5441436767578,1214.234827041626,1181.0186767578125,1181.0186767578125,94200,0.0,0.0
2003-06-25 00:00:00+09:00,1188.4002583506676,1199.4723104471022,1188.4002583506676,1192.0909423828125,86400,0.0,0.0
2003-06-26 00:00:00+09:00,1195.7816264149574,1203.1629944792473,1177.3282062542328,1192.0909423828125,78400,0.0,0.0
2003-06-27 00:00:00+09:00,1192.0913729783965,1214.2354851699456,1192.0913729783965,1210.5447998046875,39600,0.0,0.0
2003-06-30 00:00:00+09:00,1210.5445773820936,1214.235262069234,1199.472523320672,1203.1632080078125,33200,0.0,0.0
2003-07-01 00:00:00+09:00,1206.8536579777644,1210.5443419471153,1195.7816060697114,1199.4722900390625,49200,0.0,0.0
2003-07-02 00:00:00+09:00,1214.2353184711503,1228.99805790545,1199.4725790368504,1225.307373046875,163200,0.0,0.0
2003-07-03 00:00:00+09:00,1243.760497671274,1243.760497671274,1199.4722900390625,1199.4722900390625,130400,0.0,0.0
2003-07-04 00:00:00+09:00,1199.4725790368504,1225.307373046875,1195.7818941782757,1225.307373046875,63800,0.0,0.0
2003-07-07 00:00:00+09:00,1225.3074064399696,1225.3074064399696,1210.5446666033436,1214.2353515625,35400,0.0,0.0
2003-07-08 00:00:00+09:00,1228.9982266309785,1228.9982266309785,1206.8541144394292,1210.5447998046875,81200,0.0,0.0
2003-07-09 00:00:00+09:00,1214.2352081022234,1228.9979461946516,1206.8538390560093,1221.6165771484375,62400,0.0,0.0
2003-07-10 00:00:00+09:00,1221.6167872994245,1232.6888427734375,1210.5447318254116,1232.6888427734375,55200,0.0,0.0
2003-07-11 00:00:00+09:00,1214.2354851699456,1225.3075412657201,1192.0913729783965,1210.5447998046875,48800,0.0,0.0
2003-07-14 00:00:00+09:00,1214.235262069234,1221.6166314435152,1203.1632080078125,1203.1632080078125,65200,0.0,0.0
2003-07-15 00:00:00+09:00,1210.544362543537,1217.925730607827,1192.0909423828125,1192.0909423828125,52000,0.0,0.0
2003-07-16 00:00:00+09:00,1192.0908400871301,1203.1628912334502,1177.3281052253699,1184.70947265625,55800,0.0,0.0
2003-07-17 00:00:00+09:00,1173.6377169452135,1177.3284015896954,1151.4936090783228,1166.25634765625,92400,0.0,0.0
2003-07-18 00:00:00+09:00,1144.1122397893591,1169.9470323007317,1144.1122397893591,1166.25634765625,45000,0.0,0.0
2003-07-21 00:00:00+09:00,1166.25634765625,1166.25634765625,1166.25634765625,1166.25634765625,0,0.0,0.0
2003-07-22 00:00:00+09:00,1188.4004889052517,1188.4004889052517,1155.184326171875,1155.184326171875,75600,0.0,0.0
2003-07-23 00:00:00+09:00,1169.9468381899428,1192.0909423828125,1169.9468381899428,1192.0909423828125,75400,0.0,0.0
2003-07-24 00:00:00+09:00,1195.7816264149574,1199.4723104471022,1173.637522222088,1192.0909423828125,66400,0.0,0.0
2003-07-25 00:00:00+09:00,1199.4720935821533,1199.4720935821533,1173.6373100280762,1181.0186767578125,51800,0.0,0.0
2003-07-28 00:00:00+09:00,1184.7095743185225,1195.7816264149574,1184.7095743185225,1192.0909423828125,33200,0.0,0.0
2003-07-29 00:00:00+09:00,1195.7814102172852,1195.7814102172852,1173.6373100280762,1181.0186767578125,52400,0.0,0.0
2003-07-30 00:00:00+09:00,1184.7093601226807,1199.4720935821533,1181.0186767578125,1181.0186767578125,36200,0.0,0.0
2003-07-31 00:00:00+09:00,1181.0192212301586,1181.0192212301586,1151.4937406994047,1162.5657958984375,58200,0.0,0.0
2003-08-01 00:00:00+09:00,1173.637939453125,1177.3286247973174,1162.5658834205485,1173.637939453125,45800,0.0,0.0
2003-08-04 00:00:00+09:00,1166.2564364346592,1188.400545987216,1162.565751509233,1177.3284912109375,46200,0.0,0.0
2003-08-05 00:00:00+09:00,1177.3286247973174,1177.3286247973174,1162.5658834205485,1173.637939453125,47000,0.0,0.0
2003-08-06 00:00:00+09:00,1173.6377169452135,1173.6377169452135,1162.5656630117683,1166.25634765625,34200,0.0,0.0
2003-08-07 00:00:00+09:00,1147.8026320571653,1151.493315761529,1140.4212646484375,1140.4212646484375,92000,0.0,0.0
2003-08-08 00:00:00+09:00,1144.1122719274163,1166.256380416334,1144.1122719274163,1155.184326171875,80200,0.0,0.0
2003-08-11 00:00:00+09:00,1166.256380416334,1166.256380416334,1155.184326171875,1155.184326171875,17200,0.0,0.0
2003-08-12 00:00:00+09:00,1162.565751509233,1184.7098610617898,1158.8750665838068,1177.3284912109375,52800,0.0,0.0
2003-08-13 00:00:00+09:00,1181.0189698012232,1210.5444440462538,1173.6376012399655,1206.853759765625,84000,0.0,0.0
2003-08-14 00:00:00+09:00,1206.8540028227858,1251.1422231098604,1195.781947751017,1247.4515380859375,204200,0.0,0.0
2003-08-15 00:00:00+09:00,1247.451321032961,1288.0488492322586,1247.451321032961,1280.66748046875,206800,0.0,0.0
2003-08-18 00:00:00+09:00,1284.3582370222107,1339.718505859375,1269.5954986656336,1339.718505859375,284600,0.0,0.0
2003-08-19 00:00:00+09:00,1354.4810585911034,1376.6251630912304,1339.7183222576853,1361.8624267578125,290000,0.0,0.0
2003-08-20 00:00:00+09:00,1347.0997903417706,1369.243896484375,1336.0277372704684,1369.243896484375,198200,0.0,0.0
2003-08-21 00:00:00+09:00,1358.1717840325343,1361.8624682282748,1343.409047249572,1347.0997314453125,105400,0.0,0.0
2003-08-22 00:00:00+09:00,1336.0277309841579,1358.1718370225694,1328.6463623046875,1328.6463623046875,123800,0.0,0.0
2003-08-25 00:00:00+09:00,1324.955843464712,1343.4092674683989,1306.5024194610253,1313.8837890625,76600,0.0,0.0
2003-08-26 00:00:00+09:00,1302.8117346602878,1324.955843464712,1302.8117346602878,1313.8837890625,110000,0.0,0.0
2003-08-27 00:00:00+09:00,1324.9556990468968,1328.6463834453562,1310.1929614530595,1321.2650146484375,85400,0.0,0.0
2003-08-28 00:00:00+09:00,1328.6464414491759,1343.4091796875,1321.2650723300137,1343.4091796875,76600,0.0,0.0
2003-08-29 00:00:00+09:00,1328.6467805455943,1358.1722645577186,1328.6467805455943,1350.7908935546875,51600,0.0,0.0
2003-09-01 00:00:00+09:00,1339.718693608823,1361.8628042469854,1339.718693608823,1358.172119140625,64600,0.0,0.0
2003-09-02 00:00:00+09:00,1361.8628243767616,1409.8417314686258,1358.1721392158488,1391.3883056640625,241000,0.0,0.0
2003-09-03 00:00:00+09:00,1413.5323723870354,1424.6044275232261,1358.172096706081,1365.553466796875,174200,0.0,0.0
2003-09-04 00:00:00+09:00,1328.6463623046875,1343.4090996636285,1321.264993625217,1328.6463623046875,121000,0.0,0.0
2003-09-05 00:00:00+09:00,1310.19287109375,1324.9556076694541,1310.19287109375,1310.19287109375,63000,0.0,0.0
2003-09-08 00:00:00+09:00,1299.1208186619717,1321.264923525528,1299.1208186619717,1310.19287109375,81000,0.0,0.0
2003-09-09 00:00:00+09:00,1328.6463104666095,1350.7904156410532,1324.955626270869,1347.0997314453125,71400,0.0,0.0
2003-09-10 00:00:00+09:00,1336.027842851887,1350.7905814469357,1321.2651042568386,1332.337158203125,34000,0.0,0.0
2003-09-11 00:00:00+09:00,1339.7185826676614,1339.7185826676614,1313.8837890625,1313.8837890625,65600,0.0,0.0
2003-09-12 00:00:00+09:00,1328.6462710084033,1328.6462710084033,1313.8835346638655,1317.57421875,118000,0.0,0.0
2003-09-15 00:00:00+09:00,1317.57421875,1317.57421875,1317.57421875,1317.57421875,0,0.0,0.0
2003-09-16 00:00:00+09:00,1336.027842851887,1343.4092121494114,1328.646473554363,1332.337158203125,43600,0.0,0.0
2003-09-17 00:00:00+09:00,1347.100063821544,1369.2441744597063,1336.0280085024626,1358.172119140625,92600,0.0,0.0
2003-09-18 00:00:00+09:00,1358.172119140625,1361.8628042469854,1339.718693608823,1358.172119140625,49200,0.0,0.0
2003-09-19 00:00:00+09:00,1350.7906035101846,1350.7906035101846,1324.955810546875,1324.955810546875,48800,0.0,0.0
2003-09-22 00:00:00+09:00,1324.95578578404,1324.95578578404,1288.0489393833705,1291.7396240234375,102200,0.0,0.0
2003-09-23 00:00:00+09:00,1291.7396240234375,1291.7396240234375,1291.7396240234375,1291.7396240234375,0,0.0,0.0
2003-09-24 00:00:00+09:00,1306.5022711410302,1306.5022711410302,1269.595427323487,1280.66748046875,73200,0.0,0.0
2003-09-25 00:00:00+09:00,1253.3090594391326,1268.09736692514,1238.520751953125,1238.520751953125,125400,3.0,0.0
2003-09-26 00:00:00+09:00,1242.2183837890625,1253.3096193586077,1223.7329911731538,1242.2183837890625,69400,0.0,0.0
2003-09-29 00:00:00+09:00,1238.5206816587656,1238.5206816587656,1194.15576171875,1194.15576171875,78800,0.0,0.0
2003-09-30 00:00:00+09:00,1212.6416496394231,1223.7328842397837,1201.5504150390625,1201.5504150390625,92800,0.0,0.0
2003-10-01 00:00:00+09:00,1220.035501491804,1220.035501491804,1201.5501151055646,1205.2471923828125,134200,0.0,0.0
2003-10-02 00:00:00+09:00,1220.0355224609375,1238.5209091648912,1216.3384451201468,1220.0355224609375,102000,0.0,0.0
2003-10-03 00:00:00+09:00,1234.8238727637297,1271.794647397374,1227.4297178370007,1249.6121826171875,101200,0.0,0.0
2003-10-06 00:00:00+09:00,1286.5830448250729,1290.2801225400874,1268.09765625,1268.09765625,108600,0.0,0.0
2003-10-07 00:00:00+09:00,1323.5536419412363,1379.0098001231318,1323.5536419412363,1360.5244140625,474800,0.0,0.0
2003-10-08 00:00:00+09:00,1349.4333099450716,1353.130387506565,1316.1596118916316,1319.856689453125,117200,0.0,0.0
2003-10-09 00:00:00+09:00,1308.7652587890625,1316.1594127935205,1297.6740277823756,1308.7652587890625,70200,0.0,0.0
2003-10-10 00:00:00+09:00,1334.6448083196738,1371.615578633238,1334.6448083196738,1356.8272705078125,182000,0.0,0.0
2003-10-13 00:00:00+09:00,1356.8272705078125,1356.8272705078125,1356.8272705078125,1356.8272705078125,0,0.0,0.0
2003-10-14 00:00:00+09:00,1375.31298828125,1379.010066206737,1349.4334428028394,1375.31298828125,171200,0.0,0.0
2003-10-15 00:00:00+09:00,1375.3127229110053,1386.4039545473845,1360.5244140625,1360.5244140625,134000,0.0,0.0
2003-10-16 00:00:00+09:00,1375.3130537345007,1390.101366140248,1356.8276632273166,1379.0101318359375,177200,0.0,0.0
2003-10-17 00:00:00+09:00,1379.0098422436004,1393.7981515437998,1360.5244556183509,1390.10107421875,112200,0.0,0.0
2003-10-20 00:00:00+09:00,1408.5865980091662,1501.013540135752,1408.5865980091662,1493.619384765625,757600,0.0,0.0
2003-10-21 00:00:00+09:00,1512.1046142578125,1549.0753872225512,1478.8309185895475,1512.1046142578125,549800,0.0,0.0
2003-10-22 00:00:00+09:00,1515.801747639974,1541.6812896728516,1501.0134379069011,1508.4075927734375,220000,0.0,0.0
2003-10-23 00:00:00+09:00,1441.860107421875,1475.1338022085336,1441.860107421875,1441.860107421875,179400,0.0,0.0
2003-10-24 00:00:00+09:00,1460.345535661707,1478.8309221890704,1441.8601491343436,1471.436767578125,116400,0.0,0.0
2003-10-27 00:00:00+09:00,1452.9515755250284,1464.0428089259826,1430.7691087231194,1434.4661865234375,185200,0.0,0.0
2003-10-28 00:00:00+09:00,1430.768875826322,1460.3454934144631,1427.0717986278046,1441.860107421875,80800,0.0,0.0
2003-10-29 00:00:00+09:00,1460.3457595128093,1497.3165382346526,1452.9516037684407,1456.648681640625,88000,0.0,0.0
2003-10-30 00:00:00+09:00,1464.0427083333334,1523.195949074074,1452.9514756944445,1497.31640625,291000,0.0,0.0
2003-10-31 00:00:00+09:00,1515.801747639974,1515.801747639974,1445.5572764078777,1508.4075927734375,229000,0.0,0.0
2003-11-03 00:00:00+09:00,1508.4075927734375,1508.4075927734375,1508.4075927734375,1508.4075927734375,0,0.0,0.0
2003-11-04 00:00:00+09:00,1508.4074379081158,1523.1957461229013,1475.1337444248484,1486.2249755859375,120400,0.0,0.0
2003-11-05 00:00:00+09:00,1478.8310546875,1501.0135205078127,1467.7398217773439,1478.8310546875,132800,0.0,0.0
2003-11-06 00:00:00+09:00,1478.831120441085,1541.681443059831,1475.1340426399822,1482.5281982421875,289800,0.0,0.0
2003-11-07 00:00:00+09:00,1497.3164901925575,1497.3164901925575,1445.5574016426913,1467.7398681640625,211800,0.0,0.0
2003-11-10 00:00:00+09:00,1441.8601491343436,1471.436767578125,1441.8601491343436,1471.436767578125,103000,0.0,0.0
2003-11-11 00:00:00+09:00,1441.860342124074,1445.557419924392,1379.0100195186656,1434.4661865234375,241200,0.0,0.0
2003-11-12 00:00:00+09:00,1404.8894801525782,1427.0719456286715,1386.4040922558338,1415.980712890625,101600,0.0,0.0
2003-11-13 00:00:00+09:00,1412.2837289663462,1412.2837289663462,1364.2217172475962,1393.79833984375,70200,0.0,0.0
2003-11-14 00:00:00+09:00,1393.7981197872678,1397.4951970280827,1360.5244246199325,1367.9185791015625,52400,0.0,0.0
2003-11-17 00:00:00+09:00,1356.8272935655382,1356.8272935655382,1308.7652913411457,1330.94775390625,111400,0.0,0.0
2003-11-18 00:00:00+09:00,1301.371191678273,1330.9478096709609,1293.977037180101,1327.250732421875,98600,0.0,0.0
2003-11-19 00:00:00+09:00,1305.0683792071516,1323.5537670146182,1301.3713016456581,1319.856689453125,74600,0.0,0.0
2003-11-20 00:00:00+09:00,1319.8566693962464,1319.8566693962464,1293.977126859065,1305.068359375,81000,0.0,0.0
2003-11-21 00:00:00+09:00,1316.15966796875,1338.3421342828299,1312.4625902497366,1316.15966796875,54600,0.0,0.0
2003-11-24 00:00:00+09:00,1316.15966796875,1316.15966796875,1316.15966796875,1316.15966796875,0,0.0,0.0
2003-11-25 00:00:00+09:00,1353.130216471354,1353.130216471354,1319.8565226236979,1330.94775390625,49000,0.0,0.0
2003-11-26 00:00:00+09:00,1330.947796365489,1375.3127229110053,1330.947796365489,1360.5244140625,57200,0.0,0.0
2003-11-27 00:00:00+09:00,1349.4331164450996,1367.9185016018816,1345.7360394137431,1356.8272705078125,67400,0.0,0.0
2003-11-28 00:00:00+09:00,1371.6158636067707,1386.4041748046875,1338.3421634114582,1386.4041748046875,134800,0.0,0.0
2003-12-01 00:00:00+09:00,1330.9480078125,1386.4041748046875,1330.9480078125,1386.4041748046875,99800,0.0,0.0
2003-12-02 00:00:00+09:00,1367.9185016018816,1379.009732695951,1330.9477312883173,1356.8272705078125,223600,0.0,0.0
2003-12-03 00:00:00+09:00,1345.7360062110456,1345.7360062110456,1312.4623137497836,1334.644775390625,165800,0.0,0.0
2003-12-04 00:00:00+09:00,1312.4623684353298,1338.341908094618,1290.2799058702255,1330.94775390625,360000,0.0,0.0
2003-12-05 00:00:00+09:00,1349.4331824261208,1360.5244140625,1319.85656472911,1360.5244140625,140800,0.0,0.0
2003-12-08 00:00:00+09:00,1338.3420205569132,1349.4332527714735,1316.1595561277932,1323.5537109375,50400,0.0,0.0
2003-12-09 00:00:00+09:00,1323.5536104486791,1338.3419189453125,1305.0682248278877,1338.3419189453125,56200,0.0,0.0
2003-12-10 00:00:00+09:00,1330.9477208024364,1330.9477208024364,1297.6740277823756,1308.7652587890625,69600,0.0,0.0
2003-12-11 00:00:00+09:00,1301.3713016456581,1319.856689453125,1260.7034484692313,1319.856689453125,297200,0.0,0.0
2003-12-12 00:00:00+09:00,1319.856689453125,1345.7362323835785,1297.6742240841647,1319.856689453125,116000,0.0,0.0
2003-12-15 00:00:00+09:00,1330.947922137605,1342.039154822085,1312.4625343301382,1319.856689453125,44000,0.0,0.0
2003-12-16 00:00:00+09:00,1301.3711047846045,1316.1594127935205,1279.1886427712307,1308.7652587890625,71600,0.0,0.0
2003-12-17 00:00:00+09:00,1308.7655976394126,1327.2509874365796,1282.886051923379,1286.5831298828125,55000,0.0,0.0
2003-12-18 00:00:00+09:00,1279.1887766077898,1279.1887766077898,1268.0975444406704,1275.49169921875,84200,0.0,0.0
2003-12-19 00:00:00+09:00,1297.6742240841647,1319.856689453125,1293.9771465226715,1319.856689453125,83800,0.0,0.0
2003-12-22 00:00:00+09:00,1334.644886920047,1334.644886920047,1297.6741144291868,1327.250732421875,113200,0.0,0.0
2003-12-23 00:00:00+09:00,1327.250732421875,1327.250732421875,1327.250732421875,1327.250732421875,0,0.0,0.0
2003-12-24 00:00:00+09:00,1330.9479120818662,1334.6449896154268,1290.280059212698,1312.4625244140625,121600,0.0,0.0
2003-12-25 00:00:00+09:00,1316.159500674617,1327.250732421875,1308.7653461764448,1327.250732421875,43400,0.0,0.0
2003-12-26 00:00:00+09:00,1327.2510593959264,1345.7364501953125,1312.4627467564176,1345.7364501953125,51400,0.0,0.0
2003-12-29 00:00:00+09:00,1342.0390689931016,1390.10107421875,1342.0390689931016,1390.10107421875,98200,0.0,0.0
2003-12-30 00:00:00+09:00,1393.7983584266324,1408.586669921875,1382.7071248052002,1408.586669921875,68200,0.0,0.0
2003-12-31 00:00:00+09:00,1408.586669921875,1408.586669921875,1408.586669921875,1408.586669921875,0,0.0,0.0
2004-01-01 00:00:00+09:00,1408.586669921875,1408.586669921875,1408.586669921875,1408.586669921875,0,0.0,0.0
2004-01-02 00:00:00+09:00,1408.586669921875,1408.586669921875,1408.586669921875,1408.586669921875,0,0.0,0.0
2004-01-05 00:00:00+09:00,1427.0720592909286,1427.0720592909286,1401.1925141742538,1408.586669921875,19000,0.0,0.0
2004-01-06 00:00:00+09:00,1390.101299983199,1408.586689610635,1375.31298828125,1375.31298828125,39200,0.0,0.0
2004-01-07 00:00:00+09:00,1375.3130537345007,1386.4042880388113,1371.615975633064,1379.0101318359375,34000,0.0,0.0
2004-01-08 00:00:00+09:00,1386.4041841947117,1401.1924954927886,1379.010028545673,1393.79833984375,89200,0.0,0.0
2004-01-09 00:00:00+09:00,1404.8893835189494,1408.5864608439992,1390.10107421875,1390.10107421875,69600,0.0,0.0
2004-01-12 00:00:00+09:00,1390.10107421875,1390.10107421875,1390.10107421875,1390.10107421875,0,0.0,0.0
2004-01-13 00:00:00+09:00,1390.1011097540431,1393.7981871736017,1367.9186452366914,1371.61572265625,58600,0.0,0.0
2004-01-14 00:00:00+09:00,1371.6156875935005,1393.7981515437998,1349.4332236432015,1390.10107421875,73000,0.0,0.0
2004-01-15 00:00:00+09:00,1404.8895920480643,1434.46621503855,1401.1925141742538,1408.586669921875,189200,0.0,0.0
2004-01-16 00:00:00+09:00,1408.5866416015624,1412.2837194010417,1379.0100192057291,1386.4041748046875,60200,0.0,0.0
2004-01-19 00:00:00+09:00,1397.4953805014725,1419.6778468586388,1382.707069596695,1412.28369140625,69000,0.0,0.0
2004-01-20 00:00:00+09:00,1419.677848101266,1460.345703125,1404.8895371835442,1460.345703125,160000,0.0,0.0
2004-01-21 00:00:00+09:00,1441.860342124074,1449.25449772471,1419.6778753221652,1434.4661865234375,77400,0.0,0.0
2004-01-22 00:00:00+09:00,1430.768875826322,1467.7396478114983,1419.6776442307691,1441.860107421875,191000,0.0,0.0
2004-01-23 00:00:00+09:00,1438.163061585089,1478.8309116556186,1434.46598430595,1464.0426025390625,145800,0.0,0.0
2004-01-26 00:00:00+09:00,1467.7398585838607,1467.7398585838607,1427.0720035601266,1460.345703125,104600,0.0,0.0
2004-01-27 00:00:00+09:00,1445.557448024072,1464.0428373849936,1438.1632922797032,1456.648681640625,57800,0.0,0.0
2004-01-28 00:00:00+09:00,1456.6485532407407,1504.7105613425927,1441.8602430555554,1497.31640625,378400,0.0,0.0
2004-01-29 00:00:00+09:00,1534.2869641874458,1637.8051208073216,1519.498656098892,1600.8343505859375,2356200,0.0,0.0
2004-01-30 00:00:00+09:00,1663.6848648734715,1700.6556396484375,1645.1994774859884,1700.6556396484375,2314400,0.0,0.0
2004-02-02 00:00:00+09:00,1663.684748116474,1678.4730569886206,1630.4110531541446,1659.9876708984375,456600,0.0,0.0
2004-02-03 00:00:00+09:00,1663.6851764547414,1663.6851764547414,1571.2582222072558,1608.22900390625,509200,0.0,0.0
2004-02-04 00:00:00+09:00,1600.8347849358856,1600.8347849358856,1504.7107562792273,1556.4698486328125,625400,0.0,0.0
2004-02-05 00:00:00+09:00,1574.9550974291424,1593.4404858966207,1560.16678665516,1589.743408203125,224200,0.0,0.0
2004-02-06 00:00:00+09:00,1571.2577569092944,1597.137296434859,1567.5606798342137,1574.954833984375,231600,0.0,0.0
2004-02-09 00:00:00+09:00,1578.6518890236225,1586.0460430705716,1534.2869647419282,1560.16650390625,252800,0.0,0.0
2004-02-10 00:00:00+09:00,1541.6813102648096,1567.5608526433555,1519.498845368913,1523.1959228515625,204800,0.0,0.0
2004-02-11 00:00:00+09:00,1523.1959228515625,1523.1959228515625,1523.1959228515625,1523.1959228515625,0,0.0,0.0
2004-02-12 00:00:00+09:00,1534.2871853039023,1578.6521159632923,1530.5901077489532,1545.37841796875,138800,0.0,0.0
2004-02-13 00:00:00+09:00,1560.1665913852094,1597.1373636929159,1541.6812052313562,1578.6519775390625,206800,0.0,0.0
2004-02-16 00:00:00+09:00,1582.3488868585919,1582.3488868585919,1541.6810416355906,1549.0751953125,103200,0.0,0.0
2004-02-17 00:00:00+09:00,1549.0752728358264,1567.560657953199,1537.9840417654027,1560.16650390625,103800,0.0,0.0
2004-02-18 00:00:00+09:00,1578.6523230316443,1611.926025390625,1574.9552449917576,1611.926025390625,429400,0.0,0.0
2004-02-19 00:00:00+09:00,1648.8968118807163,1682.1705143626143,1645.1997338271722,1667.3822021484375,911000,0.0,0.0
2004-02-20 00:00:00+09:00,1656.2910282258065,1737.6267483618951,1641.5027154737902,1719.141357421875,1011600,0.0,0.0
2004-02-23 00:00:00+09:00,1711.7470516961125,1733.9295188887188,1689.5645845035062,1696.958740234375,250400,0.0,0.0
2004-02-24 00:00:00+09:00,1682.1701234139052,1696.9584321911702,1652.593505859375,1652.593505859375,238400,0.0,0.0
2004-02-25 00:00:00+09:00,1671.0791289940307,1685.8674398700841,1645.1995849609375,1645.1995849609375,207200,0.0,0.0
2004-02-26 00:00:00+09:00,1648.8967635422243,1726.535400390625,1645.1996855970624,1726.535400390625,387600,0.0,0.0
2004-02-27 00:00:00+09:00,1737.6265496504934,1767.203171772204,1722.8382385896382,1756.1119384765625,538600,0.0,0.0
2004-03-01 00:00:00+09:00,1759.808739505597,1759.808739505597,1722.8379676672441,1733.92919921875,156200,0.0,0.0
2004-03-02 00:00:00+09:00,1722.8381446773171,1767.2030754415398,1715.4439895499468,1730.2322998046875,163800,0.0,0.0
2004-03-03 00:00:00+09:00,1730.2325350388949,1737.6266911715397,1711.7471447072828,1722.83837890625,131000,0.0,0.0
2004-03-04 00:00:00+09:00,1715.4445576896835,1726.5357940540564,1685.867927384689,1693.2620849609375,212200,0.0,0.0
2004-03-05 00:00:00+09:00,1696.958721454327,1696.958721454327,1663.685021033654,1682.17041015625,249200,0.0,0.0
2004-03-08 00:00:00+09:00,1711.747061044689,1726.5353725871917,1689.5645937309348,1704.3529052734375,199400,0.0,0.0
2004-03-09 00:00:00+09:00,1722.837935445633,1733.9291667897037,1696.9583956428016,1711.7467041015625,288000,0.0,0.0
2004-03-10 00:00:00+09:00,1719.141357421875,1733.929670173891,1711.7472010458669,1719.141357421875,118400,0.0,0.0
2004-03-11 00:00:00+09:00,1715.4438048245615,1722.8379591557018,1682.1701103344299,1685.8671875,222400,0.0,0.0
2004-03-12 00:00:00+09:00,1667.3821173109002,1704.3528959652438,1667.3821173109002,1696.958740234375,187800,0.0,0.0
2004-03-15 00:00:00+09:00,1715.443591889881,1719.1406685965403,1700.655285063244,1708.0494384765625,81200,0.0,0.0
2004-03-16 00:00:00+09:00,1708.049658931903,1737.6262764025853,1700.6555045642324,1733.92919921875,134200,0.0,0.0
2004-03-17 00:00:00+09:00,1722.838294701566,1722.838294701566,1693.2616716165605,1704.3529052734375,255400,0.0,0.0
2004-03-18 00:00:00+09:00,1719.1412445003011,1741.3237121712727,1715.4441665551392,1726.535400390625,193600,0.0,0.0
2004-03-19 00:00:00+09:00,1700.6556396484375,1741.3234919009,1700.6556396484375,1700.6556396484375,99200,0.0,0.0
2004-03-22 00:00:00+09:00,1682.17039174047,1730.232402933055,1682.17039174047,1715.444091796875,109800,0.0,0.0
2004-03-23 00:00:00+09:00,1704.3527568588909,1730.2322998046875,1678.4732139130945,1730.2322998046875,112800,0.0,0.0
2004-03-24 00:00:00+09:00,1733.929670173891,1737.6267483618951,1708.0501228578628,1719.141357421875,92000,0.0,0.0
2004-03-25 00:00:00+09:00,1726.5348795228085,1756.1114941613148,1726.5348795228085,1745.020263671875,97800,0.0,0.0
2004-03-26 00:00:00+09:00,1755.3898900455458,1803.533494624854,1755.3898900455458,1785.0167236328125,402200,4.0,0.0
2004-03-29 00:00:00+09:00,1796.1270253706953,1844.2706363600128,1788.7203159877233,1814.643798828125,251200,0.0,0.0
2004-03-30 00:00:00+09:00,1810.940063730347,1810.940063730347,1751.686401113403,1781.313232421875,102000,0.0,0.0
2004-03-31 00:00:00+09:00,1766.5004496130143,1788.7205810546875,1747.98367341162,1788.7205810546875,74200,0.0,0.0
2004-04-01 00:00:00+09:00,1766.4999401261894,1770.2032942983615,1740.5764609209832,1751.6865234375,116400,0.0,0.0
2004-04-02 00:00:00+09:00,1751.6863407159,1773.9064634311123,1751.6863407159,1766.499755859375,213400,0.0,0.0
2004-04-05 00:00:00+09:00,1759.0934274585675,1788.720264131554,1751.6867182903209,1770.2034912109375,231400,0.0,0.0
2004-04-06 00:00:00+09:00,1751.6868611394473,1766.500280683967,1710.9499573920184,1744.2801513671875,369400,0.0,0.0
2004-04-07 00:00:00+09:00,1740.5765083508613,1740.5765083508613,1722.0597369854265,1733.1697998046875,70400,0.0,0.0
2004-04-08 00:00:00+09:00,1722.0597369854265,1740.5765083508613,1722.0597369854265,1733.1697998046875,47400,0.0,0.0
2004-04-09 00:00:00+09:00,1729.466124301853,1729.466124301853,1707.24600279048,1714.6527099609375,68400,0.0,0.0
2004-04-12 00:00:00+09:00,1707.24600279048,1725.762770716624,1703.542649205251,1714.6527099609375,64800,0.0,0.0
2004-04-13 00:00:00+09:00,1762.7969319661458,1788.7204162597657,1740.5768025716147,1777.6103515625,352000,0.0,0.0
2004-04-14 00:00:00+09:00,1766.4999551893789,1770.2033093931302,1740.5764757631196,1755.389892578125,128800,0.0,0.0
2004-04-15 00:00:00+09:00,1755.3901581529376,1766.5002224450448,1718.3566105125803,1729.4666748046875,90200,0.0,0.0
2004-04-16 00:00:00+09:00,1747.9834340631705,1747.9834340631705,1710.9498867313237,1725.7633056640625,83200,0.0,0.0
2004-04-19 00:00:00+09:00,1710.949820209023,1718.3565293874171,1662.8062105494619,1677.61962890625,149600,0.0,0.0
2004-04-20 00:00:00+09:00,1677.6190344184506,1699.8391540796222,1673.9156811415887,1681.3223876953125,190200,0.0,0.0
2004-04-21 00:00:00+09:00,1703.5431486984778,1725.7632767249797,1692.4330846852267,1718.3565673828125,94600,0.0,0.0
2004-04-22 00:00:00+09:00,1722.0595096677605,1747.9829861573828,1714.652802099297,1736.8729248046875,133200,0.0,0.0
2004-04-23 00:00:00+09:00,1755.389862577794,1755.389862577794,1740.5764460159562,1747.983154296875,98800,0.0,0.0
2004-04-26 00:00:00+09:00,1744.2801574707032,1788.7204162597657,1722.0600280761719,1777.6103515625,255800,0.0,0.0
2004-04-27 00:00:00+09:00,1770.203641764323,1785.0170613606772,1751.6868672688802,1777.6103515625,119200,0.0,0.0
2004-04-28 00:00:00+09:00,1788.7200778312208,1810.9402030216706,1773.9066610375876,1785.0167236328125,226000,0.0,0.0
2004-04-29 00:00:00+09:00,1785.0167236328125,1785.0167236328125,1785.0167236328125,1785.0167236328125,0,0.0,0.0
2004-04-30 00:00:00+09:00,1744.2798001564156,1766.4999249991724,1733.1697377350372,1747.983154296875,98400,0.0,0.0
2004-05-03 00:00:00+09:00,1747.983154296875,1747.983154296875,1747.983154296875,1747.983154296875,0,0.0,0.0
2004-05-04 00:00:00+09:00,1747.983154296875,1747.983154296875,1747.983154296875,1747.983154296875,0,0.0,0.0
2004-05-05 00:00:00+09:00,1747.983154296875,1747.983154296875,1747.983154296875,1747.983154296875,0,0.0,0.0
2004-05-06 00:00:00+09:00,1714.6532414645085,1729.466660397247,1703.5431772649542,1725.7633056640625,100600,0.0,0.0
2004-05-07 00:00:00+09:00,1699.8397216796875,1722.0598487604677,1696.1363671662243,1699.8397216796875,89800,0.0,0.0
2004-05-10 00:00:00+09:00,1685.0263438706988,1696.1364076764396,1647.9927978515625,1647.9927978515625,185400,0.0,0.0
2004-05-11 00:00:00+09:00,1636.882264552095,1662.8057393300694,1636.882264552095,1651.6956787109375,72400,0.0,0.0
2004-05-12 00:00:00+09:00,1685.026170518663,1685.026170518663,1644.2892740885416,1666.5093994140625,66600,0.0,0.0
2004-05-13 00:00:00+09:00,1670.2129254630443,1673.9162800649578,1640.5860886477353,1647.9927978515625,76600,0.0,0.0
2004-05-14 00:00:00+09:00,1647.9931248159473,1688.7300335192629,1644.2897694792823,1670.2132568359375,132600,0.0,0.0
2004-05-17 00:00:00+09:00,1688.729241265191,1688.729241265191,1596.1454012835468,1599.8487548828125,120600,0.0,0.0
2004-05-18 00:00:00+09:00,1596.1454034978694,1636.882293146307,1596.1454034978694,1629.4755859375,88800,0.0,0.0
2004-05-19 00:00:00+09:00,1647.9928206559066,1688.7297218406595,1622.0693380837913,1685.0263671875,119000,0.0,0.0
2004-05-20 00:00:00+09:00,1688.7297300141431,1759.0934687647325,1677.6196660008923,1718.3565673828125,269400,0.0,0.0
2004-05-21 00:00:00+09:00,1718.356171043883,1751.6863553960272,1692.4326943255485,1740.5762939453125,184600,0.0,0.0
2004-05-24 00:00:00+09:00,1740.5768334173388,1740.5768334173388,1710.949993699597,1722.06005859375,63800,0.0,0.0
2004-05-25 00:00:00+09:00,1740.5762939453125,1744.2796477622173,1718.356171043883,1740.5762939453125,105200,0.0,0.0
2004-05-26 00:00:00+09:00,1725.7632767249797,1740.5766954093142,1714.6532127117287,1718.3565673828125,105000,0.0,0.0
2004-05-27 00:00:00+09:00,1699.840099529258,1707.246810202588,1655.3998354892774,1670.2132568359375,144200,0.0,0.0
2004-05-28 00:00:00+09:00,1651.6959378713998,1670.2127084753392,1644.289229629824,1655.3992919921875,188200,0.0,0.0
2004-05-31 00:00:00+09:00,1673.9159545898438,1685.0260162353516,1644.2891235351562,1659.1025390625,91200,0.0,0.0
2004-06-01 00:00:00+09:00,1640.5856467507103,1644.2890003551138,1618.36552512429,1629.4755859375,249600,0.0,0.0
2004-06-02 00:00:00+09:00,1614.6623870704977,1614.6623870704977,1555.408721489929,1562.8154296875,414400,0.0,0.0
2004-06-03 00:00:00+09:00,1599.8492057600952,1607.2559150460215,1559.1123046875,1559.1123046875,191200,0.0,0.0
2004-06-04 00:00:00+09:00,1566.518858290947,1585.0356296655445,1562.8155040160275,1581.332275390625,134400,0.0,0.0
2004-06-07 00:00:00+09:00,1599.8487548828125,1607.255462081344,1573.925279687952,1599.8487548828125,244000,0.0,0.0
2004-06-08 00:00:00+09:00,1599.8488921766743,1607.2556000108257,1577.6287686742205,1603.55224609375,205000,0.0,0.0
2004-06-09 00:00:00+09:00,1607.255709666126,1610.9590638358636,1562.8154596292748,1570.22216796875,271000,0.0,0.0
2004-06-10 00:00:00+09:00,1562.8154296875,1581.3322001814277,1562.8154296875,1562.8154296875,285600,0.0,0.0
2004-06-11 00:00:00+09:00,1573.9251708984375,1585.035230928309,1566.5184642118568,1573.9251708984375,273800,0.0,0.0
2004-06-14 00:00:00+09:00,1588.7389388174379,1588.7389388174379,1562.8154596292748,1570.22216796875,241000,0.0,0.0
2004-06-15 00:00:00+09:00,1566.5189102836277,1566.5189102836277,1529.4853663052913,1533.188720703125,288600,0.0,0.0
2004-06-16 00:00:00+09:00,1540.5951390960622,1555.4085538950626,1518.3750168975612,1551.7052001953125,377800,0.0,0.0
2004-06-17 00:00:00+09:00,1555.4083678463855,1559.1117211031626,1525.7815417921686,1536.8916015625,346000,0.0,0.0
2004-06-18 00:00:00+09:00,1544.298783896626,1562.815555885794,1518.3753031117906,1533.188720703125,359200,0.0,0.0
2004-06-21 00:00:00+09:00,1548.0019833519345,1566.5187534877232,1536.8919212704614,1555.40869140625,198200,0.0,0.0
2004-06-22 00:00:00+09:00,1562.8156593304632,1570.2223686163895,1555.4089500445368,1559.1123046875,115400,0.0,0.0
2004-06-23 00:00:00+09:00,1570.2218175551473,1581.3318775850184,1566.5184642118568,1573.9251708984375,133600,0.0,0.0
2004-06-24 00:00:00+09:00,1588.7393419989223,1614.6628277658044,1585.0359868893677,1610.95947265625,443800,0.0,0.0
2004-06-25 00:00:00+09:00,1607.2558003270349,1607.2558003270349,1581.332319676599,1592.4423828125,191000,0.0,0.0
2004-06-28 00:00:00+09:00,1592.4423975402406,1596.1457519531248,1577.6289798887035,1596.145751953125,80000,0.0,0.0
2004-06-29 00:00:00+09:00,1599.8490767045455,1599.8490767045455,1581.3323049834282,1588.739013671875,73800,0.0,0.0
2004-06-30 00:00:00+09:00,1588.7390431273564,1599.8491063660092,1581.3323343015877,1596.145751953125,102000,0.0,0.0
2004-07-01 00:00:00+09:00,1603.5525339109088,1629.4760159833716,1596.145824747348,1614.66259765625,147800,0.0,0.0
2004-07-02 00:00:00+09:00,1614.662813670075,1614.662813670075,1592.4426832067252,1607.256103515625,67600,0.0,0.0
2004-07-05 00:00:00+09:00,1622.068876478407,1622.068876478407,1585.0353404857494,1599.8487548828125,159400,0.0,0.0
2004-07-06 00:00:00+09:00,1596.1460382839502,1625.7728789017497,1596.1460382839502,1607.256103515625,208600,0.0,0.0
2004-07-07 00:00:00+09:00,1592.4419852283513,1603.5520455904098,1577.6285714122737,1585.0352783203125,100000,0.0,0.0
2004-07-08 00:00:00+09:00,1566.518858290947,1592.4423382153834,1566.518858290947,1581.332275390625,98400,0.0,0.0
2004-07-09 00:00:00+09:00,1581.3319868864837,1599.8487548828125,1581.3319868864837,1599.8487548828125,94600,0.0,0.0
2004-07-12 00:00:00+09:00,1618.3659522380303,1625.7726614015912,1610.9592430744697,1614.66259765625,80600,0.0,0.0
2004-07-13 00:00:00+09:00,1596.1460522180314,1618.366182875359,1596.1460522180314,1610.95947265625,55400,0.0,0.0
2004-07-14 00:00:00+09:00,1610.9591547056687,1622.0692178415698,1581.332319676599,1592.4423828125,87800,0.0,0.0
2004-07-15 00:00:00+09:00,1573.925566840786,1610.959109589981,1573.925566840786,1581.332275390625,96800,0.0,0.0
2004-07-16 00:00:00+09:00,1573.9255221384874,1581.3322304779626,1559.1121054595371,1570.22216796875,61000,0.0,0.0
2004-07-19 00:00:00+09:00,1570.22216796875,1570.22216796875,1570.22216796875,1570.22216796875,0,0.0,0.0
2004-07-20 00:00:00+09:00,1592.4424964741688,1592.4424964741688,1559.1123046875,1559.1123046875,97200,0.0,0.0
2004-07-21 00:00:00+09:00,1562.815261294563,1570.2219686940632,1544.2984927958123,1551.7052001953125,155600,0.0,0.0
2004-07-22 00:00:00+09:00,1548.0024515291539,1551.705806676353,1514.6722552043636,1518.3756103515625,147200,0.0,0.0
2004-07-23 00:00:00+09:00,1548.0020323057431,1548.0020323057431,1507.26513671875,1507.26513671875,104800,0.0,0.0
2004-07-26 00:00:00+09:00,1514.6718471594024,1514.6718471594024,1477.6383056640625,1477.6383056640625,149600,0.0,0.0
2004-07-27 00:00:00+09:00,1492.4518653713928,1492.4518653713928,1451.7149658203125,1451.7149658203125,118000,0.0,0.0
2004-07-28 00:00:00+09:00,1470.231689453125,1496.1551701235833,1451.714917545655,1470.231689453125,190600,0.0,0.0
2004-07-29 00:00:00+09:00,1462.8250145485335,1462.8250145485335,1425.7914698764187,1448.0115966796875,269000,0.0,0.0
2004-07-30 00:00:00+09:00,1462.824951171875,1462.824951171875,1444.3081796380538,1462.824951171875,171800,0.0,0.0
2004-08-02 00:00:00+09:00,1481.3417486496915,1510.9685836226852,1466.5283311631945,1499.8585205078125,193000,0.0,0.0
2004-08-03 00:00:00+09:00,1514.6718450072942,1518.3751991515662,1492.4517201416616,1507.26513671875,89600,0.0,0.0
2004-08-04 00:00:00+09:00,1499.8584942395173,1499.8584942395173,1448.011533944818,1462.824951171875,68200,0.0,0.0
2004-08-05 00:00:00+09:00,1470.2315824115697,1481.3416447471734,1459.121520075966,1473.9349365234375,55000,0.0,0.0
2004-08-06 00:00:00+09:00,1466.5283203125,1473.935029000947,1455.4182572798297,1466.5283203125,65200,0.0,0.0
2004-08-09 00:00:00+09:00,1448.0115966796875,1462.8250145485335,1444.308242212476,1448.0115966796875,42800,0.0,0.0
2004-08-10 00:00:00+09:00,1462.8248741878338,1481.3416447471734,1455.4181659640979,1473.9349365234375,88400,0.0,0.0
2004-08-11 00:00:00+09:00,1488.7481843934165,1499.8582454709792,1473.9347696233326,1492.4515380859375,50200,0.0,0.0
2004-08-12 00:00:00+09:00,1496.155121608753,1496.155121608753,1477.6383503017141,1488.7484130859375,32800,0.0,0.0
2004-08-13 00:00:00+09:00,1492.4517070827771,1492.4517070827771,1470.2315824115697,1473.9349365234375,68000,0.0,0.0
2004-08-16 00:00:00+09:00,1462.8251810606362,1466.528535949397,1444.3084066168306,1459.121826171875,36400,0.0,0.0
2004-08-17 00:00:00+09:00,1466.5283054786391,1477.638368398932,1459.1215968651109,1462.824951171875,39400,0.0,0.0
2004-08-18 00:00:00+09:00,1473.935029000947,1473.935029000947,1451.7149029356062,1466.5283203125,19200,0.0,0.0
2004-08-19 00:00:00+09:00,1466.528335071631,1477.638398216113,1462.824980690137,1470.231689453125,58200,0.0,0.0
2004-08-20 00:00:00+09:00,1473.9352457269194,1481.3419555044416,1459.121826171875,1459.121826171875,116400,0.0,0.0
2004-08-23 00:00:00+09:00,1462.8250440447082,1477.6384622122494,1455.4183349609375,1455.4183349609375,155400,0.0,0.0
2004-08-24 00:00:00+09:00,1455.4183203249563,1462.8250293342435,1448.011611315669,1451.7149658203125,84400,0.0,0.0
2004-08-25 00:00:00+09:00,1451.7148882515824,1462.824951171875,1451.7148882515824,1462.824951171875,46400,0.0,0.0
2004-08-26 00:00:00+09:00,1481.3418167541347,1488.7485258379054,1451.7149804190522,1455.4183349609375,108400,0.0,0.0
2004-08-27 00:00:00+09:00,1462.824951171875,1466.5283054786391,1455.4182425583465,1462.824951171875,55600,0.0,0.0
2004-08-30 00:00:00+09:00,1466.528535949397,1477.6386006156804,1455.4184712831138,1459.121826171875,67600,0.0,0.0
2004-08-31 00:00:00+09:00,1462.8251810606362,1470.2318908381583,1459.121826171875,1459.121826171875,226400,0.0,0.0
2004-09-01 00:00:00+09:00,1466.5280622382909,1499.8582454709792,1462.82470854577,1492.4515380859375,218400,0.0,0.0
2004-09-02 00:00:00+09:00,1492.4519270557469,1536.8921829482256,1492.4519270557469,1529.4854736328125,408000,0.0,0.0
2004-09-03 00:00:00+09:00,1529.4853554808064,1529.4853554808064,1492.4518117645641,1499.8585205078125,287200,0.0,0.0
2004-09-06 00:00:00+09:00,1518.3752142214307,1525.7819225834864,1488.7483807732076,1510.968505859375,114400,0.0,0.0
2004-09-07 00:00:00+09:00,1522.0787643173994,1536.8921829482256,1514.6720550019863,1529.4854736328125,136400,0.0,0.0
2004-09-08 00:00:00+09:00,1525.7819376528116,1544.2987087408312,1507.2651665647923,1514.671875,196800,0.0,0.0
2004-09-09 00:00:00+09:00,1510.9685836226852,1514.6719379943095,1492.4518117645641,1499.8585205078125,129800,0.0,0.0
2004-09-10 00:00:00+09:00,1492.4518007220645,1492.4518007220645,1459.1216116240532,1466.5283203125,275000,0.0,0.0
2004-09-13 00:00:00+09:00,1473.9349365234375,1485.0449988590415,1466.5282282997018,1473.9349365234375,159000,0.0,0.0
2004-09-14 00:00:00+09:00,1477.6383056640625,1485.0450139631305,1473.9349515145284,1477.6383056640625,98400,0.0,0.0
2004-09-15 00:00:00+09:00,1481.3417227056962,1485.0450770124605,1459.1215968651109,1462.824951171875,147200,0.0,0.0
2004-09-16 00:00:00+09:00,1455.4181678185096,1455.4181678185096,1436.901397235577,1444.30810546875,98000,0.0,0.0
2004-09-17 00:00:00+09:00,1448.0114595853365,1448.0114595853365,1436.901397235577,1444.30810546875,75000,0.0,0.0
2004-09-20 00:00:00+09:00,1444.30810546875,1444.30810546875,1444.30810546875,1444.30810546875,0,0.0,0.0
2004-09-21 00:00:00+09:00,1448.0114595853365,1451.714813701923,1440.6047513521635,1444.30810546875,72800,0.0,0.0
2004-09-22 00:00:00+09:00,1444.3080904060894,1451.714798562018,1425.7913200162677,1440.604736328125,87400,0.0,0.0
2004-09-23 00:00:00+09:00,1440.604736328125,1440.604736328125,1440.604736328125,1440.604736328125,0,0.0,0.0
2004-09-24 00:00:00+09:00,1429.494721094767,1433.1980752944946,1414.6813042958577,1422.0880126953125,93400,0.0,0.0
2004-09-27 00:00:00+09:00,1420.9750100979631,1424.685127617801,1402.424422498773,1417.264892578125,83200,3.5,0.0
2004-09-28 00:00:00+09:00,1398.71435546875,1409.8447084300396,1391.2941201612234,1398.71435546875,59000,0.0,0.0
2004-09-29 00:00:00+09:00,1402.424507952751,1409.8447434445645,1391.2941547150308,1395.0042724609375,81400,0.0,0.0
2004-09-30 00:00:00+09:00,1402.4242483038652,1417.2647165398848,1398.7141312448603,1409.844482421875,51000,0.0,0.0
2004-10-01 00:00:00+09:00,1391.2942068917412,1406.1346784319198,1391.2942068917412,1402.424560546875,72600,0.0,0.0
2004-10-04 00:00:00+09:00,1413.5545384424206,1454.3658243292095,1413.5545384424206,1443.2354736328125,134600,0.0,0.0
2004-10-05 00:00:00+09:00,1461.78632616698,1487.7571492207082,1454.366091008772,1480.3369140625,235000,0.0,0.0
2004-10-06 00:00:00+09:00,1461.7860581268076,1472.9164088232046,1443.2354736328125,1443.2354736328125,186200,0.0,0.0
2004-10-07 00:00:00+09:00,1454.3660011389068,1461.786235838595,1443.2356490893742,1450.6558837890625,90600,0.0,0.0
2004-10-08 00:00:00+09:00,1446.9458699963757,1461.786340457877,1439.525634765625,1439.525634765625,74600,0.0,0.0
2004-10-11 00:00:00+09:00,1439.525634765625,1439.525634765625,1439.525634765625,1439.525634765625,0,0.0,0.0
2004-10-12 00:00:00+09:00,1446.9458377722538,1487.7571306324967,1446.9458377722538,1469.20654296875,246800,0.0,0.0
2004-10-13 00:00:00+09:00,1495.1773843789163,1495.1773843789163,1472.916678904292,1480.3369140625,184400,0.0,0.0
2004-10-14 00:00:00+09:00,1476.6267780342487,1484.0470130997473,1454.3660728377524,1469.20654296875,172200,0.0,0.0
2004-10-15 00:00:00+09:00,1465.4963531884391,1465.4963531884391,1446.9457664392185,1450.6558837890625,108400,0.0,0.0
2004-10-18 00:00:00+09:00,1454.3660356570515,1465.4963879707534,1435.815448467548,1446.94580078125,80600,0.0,0.0
2004-10-19 00:00:00+09:00,1443.2354736328125,1446.9455905316115,1432.1051229364157,1443.2354736328125,126200,0.0,0.0
2004-10-20 00:00:00+09:00,1443.2358031577253,1443.2358031577253,1395.0042724609375,1395.0042724609375,153600,0.0,0.0
2004-10-21 00:00:00+09:00,1398.7143721593288,1402.4244898573643,1383.8739013671875,1383.8739013671875,75400,0.0,0.0
2004-10-22 00:00:00+09:00,1391.294189453125,1395.0043072916667,1383.8739537760416,1391.294189453125,67200,0.0,0.0
2004-10-25 00:00:00+09:00,1380.1634444563356,1383.8735612425085,1350.482510166952,1354.192626953125,112800,0.0,0.0
2004-10-26 00:00:00+09:00,1357.902934933497,1361.6130522420583,1339.3523483906895,1346.7725830078125,118400,0.0,0.0
2004-10-27 00:00:00+09:00,1357.903268667368,1369.033623328576,1346.77291400616,1350.4830322265625,109800,0.0,0.0
2004-10-28 00:00:00+09:00,1361.613037109375,1365.323154376703,1354.192802574719,1361.613037109375,74800,0.0,0.0
2004-10-29 00:00:00+09:00,1354.192626953125,1357.9027437392979,1343.0622765946061,1354.192626953125,86400,0.0,0.0
2004-11-01 00:00:00+09:00,1354.1928176249355,1354.1928176249355,1346.7725830078125,1346.7725830078125,43200,0.0,0.0
2004-11-02 00:00:00+09:00,1354.1929781841548,1435.815568650049,1350.4828604357049,1420.97509765625,427600,0.0,0.0
2004-11-03 00:00:00+09:00,1420.97509765625,1420.97509765625,1420.97509765625,1420.97509765625,0,0.0,0.0
2004-11-04 00:00:00+09:00,1413.554826083803,1428.395296698856,1391.2941201612234,1398.71435546875,239200,0.0,0.0
2004-11-05 00:00:00+09:00,1409.8445165629123,1413.554633711762,1398.714165116363,1406.1343994140625,94600,0.0,0.0
2004-11-08 00:00:00+09:00,1402.424507952751,1402.424507952751,1391.2941547150308,1395.0042724609375,88600,0.0,0.0
2004-11-09 00:00:00+09:00,1391.2941367632582,1398.7143721593288,1372.7435482730814,1383.8739013671875,92000,0.0,0.0
2004-11-10 00:00:00+09:00,1380.1639404296875,1391.2942947879915,1372.7437041908183,1380.1639404296875,72400,0.0,0.0
2004-11-11 00:00:00+09:00,1383.8735015379555,1395.0038514162768,1372.743151659634,1387.5836181640625,117200,0.0,0.0
2004-11-12 00:00:00+09:00,1376.4534622232643,1406.1343994140625,1376.4534622232643,1406.1343994140625,134800,0.0,0.0
2004-11-15 00:00:00+09:00,1398.7143911655514,1428.3953331531495,1395.0042734171018,1420.97509765625,150400,0.0,0.0
2004-11-16 00:00:00+09:00,1420.97509765625,1424.6852154046996,1417.2649799078004,1420.97509765625,115200,0.0,0.0
2004-11-17 00:00:00+09:00,1420.974941253662,1432.1052932739258,1417.2648239135742,1424.68505859375,89200,0.0,0.0
2004-11-18 00:00:00+09:00,1428.3953509553107,1443.2358221340673,1428.3953509553107,1432.10546875,148800,0.0,0.0
2004-11-19 00:00:00+09:00,1435.815568650049,1439.5256863984987,1417.2649799078004,1420.97509765625,53400,0.0,0.0
2004-11-22 00:00:00+09:00,1391.2942947879915,1413.5550035045994,1372.7437041908183,1380.1639404296875,92200,0.0,0.0
2004-11-23 00:00:00+09:00,1380.1639404296875,1380.1639404296875,1380.1639404296875,1380.1639404296875,0,0.0,0.0
2004-11-24 00:00:00+09:00,1398.714070528344,1398.714070528344,1372.7432522426718,1376.453369140625,71000,0.0,0.0
2004-11-25 00:00:00+09:00,1387.5837198344846,1391.2938367324377,1376.453369140625,1376.453369140625,32600,0.0,0.0
2004-11-26 00:00:00+09:00,1376.4535061786871,1383.873740713343,1361.613037109375,1361.613037109375,99200,0.0,0.0
2004-11-29 00:00:00+09:00,1361.613037109375,1376.4535061786871,1357.9029198420471,1361.613037109375,103600,0.0,0.0
2004-11-30 00:00:00+09:00,1361.6133868877705,1369.033623328576,1331.9324411245493,1350.4830322265625,150000,0.0,0.0
2004-12-01 00:00:00+09:00,1346.77291400616,1354.1931504469653,1343.0627957857573,1350.4830322265625,105400,0.0,0.0
2004-12-02 00:00:00+09:00,1361.6133868877705,1361.6133868877705,1335.642559344952,1350.4830322265625,258400,0.0,0.0
2004-12-03 00:00:00+09:00,1387.5840379202023,1432.1054509015992,1380.1638024233027,1420.97509765625,729600,0.0,0.0
2004-12-06 00:00:00+09:00,1491.4674431660453,1495.1775611838714,1446.9460269521335,1461.7864990234375,682200,0.0,0.0
2004-12-07 00:00:00+09:00,1461.7860581268076,1461.7860581268076,1432.1051229364157,1443.2354736328125,144600,0.0,0.0
2004-12-08 00:00:00+09:00,1435.8154143896859,1461.786235838595,1435.8154143896859,1450.6558837890625,110200,0.0,0.0
2004-12-09 00:00:00+09:00,1446.9457664392185,1465.4963531884391,1439.5255317395302,1450.6558837890625,145600,0.0,0.0
2004-12-10 00:00:00+09:00,1446.9457818556202,1465.496368802487,1432.1053122981266,1435.8154296875,173200,0.0,0.0
2004-12-13 00:00:00+09:00,1435.815568650049,1446.9459218953982,1420.97509765625,1420.97509765625,50600,0.0,0.0
2004-12-14 00:00:00+09:00,1439.5253567340135,1443.2354736328125,1424.6848891388177,1443.2354736328125,68000,0.0,0.0
2004-12-15 00:00:00+09:00,1454.3661071004747,1472.916695201246,1446.9458718601663,1465.4964599609375,90000,0.0,0.0
2004-12-16 00:00:00+09:00,1469.2063389109142,1510.017626102884,1469.2063389109142,1491.467041015625,198600,0.0,0.0
2004-12-17 00:00:00+09:00,1484.0468069807214,1491.467041015625,1472.9164559283658,1491.467041015625,108000,0.0,0.0
2004-12-20 00:00:00+09:00,1495.1771580330767,1495.1771580330767,1480.3366899632695,1491.467041015625,72600,0.0,0.0
2004-12-21 00:00:00+09:00,1491.4671820746528,1502.5975341796875,1491.4671820746528,1502.5975341796875,58200,0.0,0.0
2004-12-22 00:00:00+09:00,1502.5973781341402,1513.727729083282,1498.8872611510928,1506.3074951171875,117000,0.0,0.0
2004-12-23 00:00:00+09:00,1506.3074951171875,1506.3074951171875,1506.3074951171875,1506.3074951171875,0,0.0,0.0
2004-12-24 00:00:00+09:00,1532.2787919207317,1532.2787919207317,1517.4383193597562,1521.1484375,97800,0.0,0.0
2004-12-27 00:00:00+09:00,1539.6987115063714,1539.6987115063714,1517.4380072436288,1528.568359375,75400,0.0,0.0
2004-12-28 00:00:00+09:00,1521.1484375,1524.858555640244,1513.7282012195124,1521.1484375,56200,0.0,0.0
2004-12-29 00:00:00+09:00,1513.7279052734375,1524.8582575180951,1506.3076704436658,1513.7279052734375,35200,0.0,0.0
2004-12-30 00:00:00+09:00,1517.43798828125,1521.148105612011,1510.017753619728,1517.43798828125,25000,0.0,0.0
2004-12-31 00:00:00+09:00,1517.43798828125,1517.43798828125,1517.43798828125,1517.43798828125,0,0.0,0.0
2005-01-03 00:00:00+09:00,1517.43798828125,1517.43798828125,1517.43798828125,1517.43798828125,0,0.0,0.0
2005-01-04 00:00:00+09:00,1517.4380940952256,1535.9886820426,1506.3077413268009,1532.278564453125,30400,0.0,0.0
2005-01-05 00:00:00+09:00,1521.1477935865266,1532.2781432956963,1517.4376770168035,1524.85791015625,139800,0.0,0.0
2005-01-06 00:00:00+09:00,1513.7282012195124,1528.5686737804879,1513.7282012195124,1521.1484375,69800,0.0,0.0
2005-01-07 00:00:00+09:00,1521.1481747638973,1524.8582922633216,1510.017822265625,1510.017822265625,92600,0.0,0.0
2005-01-10 00:00:00+09:00,1510.017822265625,1510.017822265625,1510.017822265625,1510.017822265625,0,0.0,0.0
2005-01-11 00:00:00+09:00,1510.017443877357,1528.5680267259731,1502.5972107379105,1524.85791015625,140200,0.0,0.0
2005-01-12 00:00:00+09:00,1521.1482116847003,1535.9886820426,1521.1482116847003,1532.278564453125,93800,0.0,0.0
2005-01-13 00:00:00+09:00,1535.9886474609375,1535.9886474609375,1513.7279424252717,1535.9886474609375,49400,0.0,0.0
2005-01-14 00:00:00+09:00,1535.9883358295147,1543.4085693359375,1517.4377520634578,1543.4085693359375,61200,0.0,0.0
2005-01-17 00:00:00+09:00,1543.4085693359375,1550.8288028423603,1535.9883358295147,1543.4085693359375,43000,0.0,0.0
2005-01-18 00:00:00+09:00,1554.5390284946986,1565.6693795340402,1547.1187944684712,1558.2491455078125,124200,0.0,0.0
2005-01-19 00:00:00+09:00,1558.2493364982058,1558.2493364982058,1547.1189840946472,1550.8291015625,55600,0.0,0.0
2005-01-20 00:00:00+09:00,1539.698452582726,1547.118686089149,1532.2782190763032,1543.4085693359375,65200,0.0,0.0
2005-01-21 00:00:00+09:00,1524.8578980962914,1543.4084807981928,1524.8578980962914,1539.6983642578125,37200,0.0,0.0
2005-01-24 00:00:00+09:00,1558.249036348783,1558.249036348783,1535.9883358295147,1543.4085693359375,40200,0.0,0.0
2005-01-25 00:00:00+09:00,1550.8288028423603,1550.8288028423603,1535.9883358295147,1543.4085693359375,46400,0.0,0.0
2005-01-26 00:00:00+09:00,1613.9006116421738,1695.523171311433,1602.7702625963657,1684.392822265625,1490400,0.0,0.0
2005-01-27 00:00:00+09:00,1665.842386151643,1680.6828528434173,1639.8715694410384,1654.7120361328125,547000,0.0,0.0
2005-01-28 00:00:00+09:00,1639.8715270996092,1647.2917602539062,1621.320944213867,1632.4512939453125,251000,0.0,0.0
2005-01-31 00:00:00+09:00,1632.451595994571,1669.5527686308114,1632.451595994571,1665.8426513671875,205800,0.0,0.0
2005-02-01 00:00:00+09:00,1673.2633078635276,1676.9734260627818,1639.8722440702422,1647.29248046875,173000,0.0,0.0
2005-02-02 00:00:00+09:00,1651.0024588448662,1702.9441092354912,1643.582223074777,1688.1036376953125,624000,0.0,0.0
2005-02-03 00:00:00+09:00,1688.1030861893043,1688.1030861893043,1647.2918027869255,1654.7120361328125,290200,0.0,0.0
2005-02-04 00:00:00+09:00,1654.7122607091212,1654.7122607091212,1621.3212061208205,1643.5819091796875,242600,0.0,0.0
2005-02-07 00:00:00+09:00,1632.4516411613272,1636.1617585276028,1613.9010543299485,1621.3212890625,297600,0.0,0.0
2005-02-08 00:00:00+09:00,1621.3212890625,1628.7415237950515,1613.9010543299485,1621.3212890625,188000,0.0,0.0
2005-02-09 00:00:00+09:00,1621.3211813699843,1621.3211813699843,1595.3503615311058,1606.480712890625,99400,0.0,0.0
2005-02-10 00:00:00+09:00,1599.060703579215,1602.7708212209302,1584.2202330123546,1595.3505859375,102600,0.0,0.0
2005-02-11 00:00:00+09:00,1595.3505859375,1595.3505859375,1595.3505859375,1595.3505859375,0,0.0,0.0
2005-02-14 00:00:00+09:00,1599.0602691085248,1602.7703857421873,1584.219802573875,1602.7703857421875,103000,0.0,0.0
2005-02-15 00:00:00+09:00,1606.4804779052733,1643.5816436767577,1606.4804779052733,1632.4512939453125,245400,0.0,0.0
2005-02-16 00:00:00+09:00,1613.9009416607064,1621.3211758752384,1554.5390679444506,1580.5098876953125,414800,0.0,0.0
2005-02-17 00:00:00+09:00,1573.089948133165,1573.089948133165,1561.9595947265625,1561.9595947265625,119000,0.0,0.0
2005-02-18 00:00:00+09:00,1561.9590940946691,1587.9299103860294,1558.2489774816177,1576.799560546875,109000,0.0,0.0
2005-02-21 00:00:00+09:00,1595.3504252883624,1599.0605425564747,1569.379604411575,1573.0897216796875,178400,0.0,0.0
2005-02-22 00:00:00+09:00,1591.6402390171104,1602.7705903389083,1580.5098876953125,1580.5098876953125,123800,0.0,0.0
2005-02-23 00:00:00+09:00,1573.089464989778,1595.3501649660484,1573.089464989778,1587.929931640625,107600,0.0,0.0
2005-02-24 00:00:00+09:00,1573.0896534807805,1580.5098876953125,1569.3795363735144,1580.5098876953125,139200,0.0,0.0
2005-02-25 00:00:00+09:00,1580.5100811385223,1602.7707865066704,1580.5100811385223,1599.0606689453125,116200,0.0,0.0
2005-02-28 00:00:00+09:00,1599.060703579215,1602.7708212209302,1580.5101153706394,1595.3505859375,132400,0.0,0.0
2005-03-01 00:00:00+09:00,1591.6405040495988,1617.6113281250002,1591.6405040495988,1617.611328125,119400,0.0,0.0
2005-03-02 00:00:00+09:00,1613.9012626752462,1639.8720875918593,1606.4810269847853,1625.0316162109375,308200,0.0,0.0
2005-03-03 00:00:00+09:00,1636.1618121240567,1639.8719296118666,1625.031459660628,1628.7415771484375,127200,0.0,0.0
2005-03-04 00:00:00+09:00,1636.1621258709883,1651.002598668004,1628.7418894724804,1647.29248046875,184600,0.0,0.0
2005-03-07 00:00:00+09:00,1651.0023193359375,1658.4225544790204,1643.5820841928546,1651.0023193359375,186600,0.0,0.0
2005-03-08 00:00:00+09:00,1643.5820470996762,1643.5820470996762,1621.3213421728183,1628.7415771484375,170800,0.0,0.0
2005-03-09 00:00:00+09:00,1628.741219422208,1662.1322694786995,1628.741219422208,1654.7120361328125,314400,0.0,0.0
2005-03-10 00:00:00+09:00,1654.712453275581,1658.4225708838221,1636.161865234375,1636.161865234375,102600,0.0,0.0
2005-03-11 00:00:00+09:00,1654.712716867258,1654.712716867258,1643.5823622694961,1647.29248046875,188400,0.0,0.0
2005-03-14 00:00:00+09:00,1636.1617585276028,1643.5819932601544,1621.3212890625,1621.3212890625,88000,0.0,0.0
2005-03-15 00:00:00+09:00,1621.3214983657072,1632.4518519013984,1621.3214983657072,1625.0316162109375,68800,0.0,0.0
2005-03-16 00:00:00+09:00,1628.7415771484375,1628.7415771484375,1617.6112246850087,1628.7415771484375,86600,0.0,0.0
2005-03-17 00:00:00+09:00,1628.7418750112508,1632.4519931775635,1606.481166013375,1610.1912841796875,89200,0.0,0.0
2005-03-18 00:00:00+09:00,1621.3216530739726,1651.002598668004,1621.3216530739726,1647.29248046875,161600,0.0,0.0
2005-03-21 00:00:00+09:00,1647.2924804687502,1647.2924804687502,1647.2924804687502,1647.29248046875,0,0.0,0.0
2005-03-22 00:00:00+09:00,1647.2920263561655,1651.0021435326432,1636.161674826732,1643.5819091796875,97200,0.0,0.0
2005-03-23 00:00:00+09:00,1639.8719296118666,1639.8719296118666,1606.4808722215796,1628.7415771484375,101600,0.0,0.0
2005-03-24 00:00:00+09:00,1632.4517269975347,1632.4517269975347,1599.0606689453125,1599.0606689453125,96800,0.0,0.0
2005-03-25 00:00:00+09:00,1606.4812525255925,1613.9014892578123,1595.350897427263,1613.9014892578125,36800,0.0,0.0
2005-03-28 00:00:00+09:00,1587.1390571061957,1605.723823582849,1587.1390571061957,1598.2899169921875,22800,4.0,0.0
2005-03-29 00:00:00+09:00,1594.5723977481618,1594.5723977481618,1568.5537339154412,1579.70458984375,84200,0.0,0.0
2005-03-30 00:00:00+09:00,1561.1202533428486,1572.2711122952976,1531.3846294696516,1546.25244140625,74000,0.0,0.0
2005-03-31 00:00:00+09:00,1542.535527667728,1572.2711522974673,1542.535527667728,1568.55419921875,101000,0.0,0.0
2005-04-01 00:00:00+09:00,1531.3846544435885,1583.4219970703125,1531.3846544435885,1583.4219970703125,133400,0.0,0.0
2005-04-04 00:00:00+09:00,1583.4218076902016,1590.855712890625,1561.1200920889312,1590.855712890625,95800,0.0,0.0
2005-04-05 00:00:00+09:00,1598.289848610207,1620.5915674280238,1590.8559423376014,1605.7237548828125,165400,0.0,0.0
2005-04-06 00:00:00+09:00,1605.7233664772727,1642.8928888494318,1602.0064142400568,1635.458984375,158600,0.0,0.0
2005-04-07 00:00:00+09:00,1639.1766357421875,1639.1766357421875,1620.5918666294644,1639.1766357421875,82400,0.0,0.0
2005-04-08 00:00:00+09:00,1635.4594232794943,1657.7611426878511,1628.025516810042,1654.044189453125,196600,0.0,0.0
2005-04-11 00:00:00+09:00,1650.3267933238637,1650.3267933238637,1631.7420321377842,1635.458984375,119000,0.0,0.0
2005-04-12 00:00:00+09:00,1635.4594883350057,1642.893395100165,1620.5916748046875,1620.5916748046875,72800,0.0,0.0
2005-04-13 00:00:00+09:00,1613.1577680395285,1628.0255815698467,1602.0069078917898,1620.5916748046875,117000,0.0,0.0
2005-04-14 00:00:00+09:00,1602.0067677134455,1613.1576268854649,1594.572861598766,1609.440673828125,61000,0.0,0.0
2005-04-15 00:00:00+09:00,1590.855712890625,1602.0065706912603,1583.4218076902016,1590.855712890625,99600,0.0,0.0
2005-04-18 00:00:00+09:00,1568.5543883833989,1579.7052489643236,1527.6678995866753,1535.101806640625,190800,0.0,0.0
2005-04-19 00:00:00+09:00,1523.950504129997,1561.1200286209726,1520.2335516808994,1557.403076171875,139800,0.0,0.0
2005-04-20 00:00:00+09:00,1572.2713092432452,1579.7052161427405,1561.1204488940025,1564.83740234375,85000,0.0,0.0
2005-04-21 00:00:00+09:00,1531.384542074548,1549.9693059346762,1531.384542074548,1542.535400390625,83200,0.0,0.0
2005-04-22 00:00:00+09:00,1557.403076171875,1561.1200286209726,1542.5352663754848,1557.403076171875,67800,0.0,0.0
2005-04-25 00:00:00+09:00,1561.120164250753,1561.120164250753,1535.1014948465738,1542.535400390625,86800,0.0,0.0
2005-04-26 00:00:00+09:00,1542.5355420272317,1557.4033544805063,1542.5355420272317,1553.6864013671875,31800,0.0,0.0
2005-04-27 00:00:00+09:00,1538.8185889139131,1553.6864013671875,1538.8185889139131,1553.6864013671875,39800,0.0,0.0
2005-04-28 00:00:00+09:00,1553.6861237227774,1561.1200286209726,1546.2522188245823,1557.403076171875,48600,0.0,0.0
2005-04-29 00:00:00+09:00,1557.403076171875,1557.403076171875,1557.403076171875,1557.403076171875,0,0.0,0.0
2005-05-02 00:00:00+09:00,1568.55419921875,1568.55419921875,1542.535527667728,1568.55419921875,55600,0.0,0.0
2005-05-03 00:00:00+09:00,1568.55419921875,1568.55419921875,1568.55419921875,1568.55419921875,0,0.0,0.0
2005-05-04 00:00:00+09:00,1568.55419921875,1568.55419921875,1568.55419921875,1568.55419921875,0,0.0,0.0
2005-05-05 00:00:00+09:00,1568.55419921875,1568.55419921875,1568.55419921875,1568.55419921875,0,0.0,0.0
2005-05-06 00:00:00+09:00,1557.4033257569504,1587.1389501150784,1557.4033257569504,1583.4219970703125,83200,0.0,0.0
2005-05-09 00:00:00+09:00,1579.705082928693,1605.7237548828125,1575.98812979239,1605.7237548828125,63200,0.0,0.0
2005-05-10 00:00:00+09:00,1616.8747904553393,1620.5917439966158,1605.7239298315094,1613.1578369140625,92600,0.0,0.0
2005-05-11 00:00:00+09:00,1594.5730837558178,1602.0069909061945,1572.2713623046875,1572.2713623046875,114400,0.0,0.0
2005-05-12 00:00:00+09:00,1587.1391230422357,1587.1391230422357,1564.83740234375,1564.83740234375,53400,0.0,0.0
2005-05-13 00:00:00+09:00,1549.969482421875,1561.120342007644,1546.2525292266187,1549.969482421875,72200,0.0,0.0
2005-05-16 00:00:00+09:00,1538.8184609517564,1542.5354137559875,1520.2336969305998,1527.6676025390625,72400,0.0,0.0
2005-05-17 00:00:00+09:00,1523.9507812499999,1535.1016406249998,1486.78125,1486.78125,98600,0.0,0.0
2005-05-18 00:00:00+09:00,1490.4982225593205,1509.0829884266439,1486.781269385856,1497.93212890625,63000,0.0,0.0
2005-05-19 00:00:00+09:00,1516.516933450489,1535.1016997917939,1512.799980182228,1520.23388671875,105000,0.0,0.0
2005-05-20 00:00:00+09:00,1535.1020341082317,1538.8189881859757,1523.951171875,1523.951171875,41400,0.0,0.0
2005-05-23 00:00:00+09:00,1527.6678652556047,1546.2526324728262,1527.6678652556047,1538.8187255859375,39600,0.0,0.0
2005-05-24 00:00:00+09:00,1546.2523531626505,1549.9693059346762,1538.8184476185993,1542.535400390625,52800,0.0,0.0
2005-05-25 00:00:00+09:00,1546.2525945925245,1546.2525945925245,1512.8000144210516,1516.5169677734375,86000,0.0,0.0
2005-05-26 00:00:00+09:00,1509.0828385179059,1527.6676025390625,1486.7811216925181,1527.6676025390625,72400,0.0,0.0
2005-05-27 00:00:00+09:00,1531.3845553432936,1535.101508147525,1523.9506497348311,1527.6676025390625,36800,0.0,0.0
2005-05-30 00:00:00+09:00,1527.667729573957,1561.120307593825,1527.667729573957,1553.6864013671875,42800,0.0,0.0
2005-05-31 00:00:00+09:00,1557.403548003934,1572.2713623046875,1549.9696408535572,1572.2713623046875,55000,0.0,0.0
2005-06-01 00:00:00+09:00,1561.1205015791222,1572.2713623046875,1553.6865944287456,1572.2713623046875,64600,0.0,0.0
2005-06-02 00:00:00+09:00,1568.5542678106397,1572.271221051897,1553.6864548456101,1561.120361328125,76800,0.0,0.0
2005-06-03 00:00:00+09:00,1561.1198299632354,1579.70458984375,1553.6859260110296,1579.70458984375,88200,0.0,0.0
2005-06-06 00:00:00+09:00,1561.120104519826,1575.9879150390625,1561.120104519826,1575.9879150390625,43400,0.0,0.0
2005-06-07 00:00:00+09:00,1564.8374551543106,1575.988315879876,1564.8374551543106,1572.2713623046875,50200,0.0,0.0
2005-06-08 00:00:00+09:00,1572.2709624092536,1575.9879150390625,1561.120104519826,1575.9879150390625,50600,0.0,0.0
2005-06-09 00:00:00+09:00,1583.421541819853,1594.5723977481618,1568.5537339154412,1579.70458984375,110200,0.0,0.0
2005-06-10 00:00:00+09:00,1572.2713623046875,1583.4222230302526,1568.554408729499,1572.2713623046875,116800,0.0,0.0
2005-06-13 00:00:00+09:00,1575.987637867647,1583.421541819853,1575.987637867647,1579.70458984375,41400,0.0,0.0
2005-06-14 00:00:00+09:00,1579.70485508999,1594.572665490837,1579.70485508999,1590.855712890625,43200,0.0,0.0
2005-06-15 00:00:00+09:00,1587.1388482936336,1598.2897067125584,1587.1388482936336,1594.57275390625,50400,0.0,0.0
2005-06-16 00:00:00+09:00,1598.2899169921877,1605.723823582849,1594.572963696857,1598.2899169921875,70200,0.0,0.0
2005-06-17 00:00:00+09:00,1602.0067677134455,1616.8745799428045,1602.0067677134455,1609.440673828125,68200,0.0,0.0
2005-06-20 00:00:00+09:00,1616.874614291721,1616.874614291721,1605.7237548828125,1605.7237548828125,110600,0.0,0.0
2005-06-21 00:00:00+09:00,1602.0067622941424,1602.0067622941424,1579.7050440255464,1583.4219970703125,87400,0.0,0.0
2005-06-22 00:00:00+09:00,1590.8559423376014,1605.7237548828125,1583.4220360649958,1605.7237548828125,87600,0.0,0.0
2005-06-23 00:00:00+09:00,1609.440883372786,1613.1578369140625,1598.290022748956,1613.1578369140625,47400,0.0,0.0
2005-06-24 00:00:00+09:00,1598.290109217852,1616.8748779296875,1594.573155475485,1616.8748779296875,82800,0.0,0.0
2005-06-27 00:00:00+09:00,1620.5918489885441,1620.5918489885441,1598.290126296041,1602.007080078125,75600,0.0,0.0
2005-06-28 00:00:00+09:00,1609.440883372786,1613.1578369140625,1605.7239298315094,1613.1578369140625,72800,0.0,0.0
2005-06-29 00:00:00+09:00,1598.2899833914787,1602.0069368412262,1542.5356816452643,1564.83740234375,402400,0.0,0.0
2005-06-30 00:00:00+09:00,1575.988262692993,1575.988262692993,1553.6865419945073,1564.83740234375,135000,0.0,0.0
2005-07-01 00:00:00+09:00,1579.70458984375,1583.421541819853,1564.8367819393384,1579.70458984375,87200,0.0,0.0
2005-07-04 00:00:00+09:00,1598.2899169921877,1605.723823582849,1587.1390571061957,1598.2899169921875,102400,0.0,0.0
2005-07-05 00:00:00+09:00,1605.7236123251748,1609.4405651314833,1594.57275390625,1594.57275390625,72400,0.0,0.0
2005-07-06 00:00:00+09:00,1587.1388482936336,1605.7236123251748,1587.1388482936336,1594.57275390625,33400,0.0,0.0
2005-07-07 00:00:00+09:00,1590.8558010999418,1598.2897067125584,1587.1388482936336,1594.57275390625,54600,0.0,0.0
2005-07-08 00:00:00+09:00,1583.4218076902016,1598.2896180910486,1579.70485508999,1590.855712890625,42800,0.0,0.0
2005-07-11 00:00:00+09:00,1590.8558010999418,1594.57275390625,1587.1388482936336,1594.57275390625,47000,0.0,0.0
2005-07-12 00:00:00+09:00,1594.57275390625,1594.57275390625,1587.1388482936336,1594.57275390625,23800,0.0,0.0
2005-07-13 00:00:00+09:00,1594.572870769772,1594.572870769772,1561.1202930613151,1568.55419921875,139400,0.0,0.0
2005-07-14 00:00:00+09:00,1572.2713623046875,1575.988315879876,1561.1205015791222,1572.2713623046875,104000,0.0,0.0
2005-07-15 00:00:00+09:00,1572.2711522974673,1583.4220115336198,1568.55419921875,1568.55419921875,220000,0.0,0.0
2005-07-18 00:00:00+09:00,1568.55419921875,1568.55419921875,1568.55419921875,1568.55419921875,0,0.0,0.0
2005-07-19 00:00:00+09:00,1579.7053573856222,1602.007080078125,1575.9884036035382,1602.007080078125,245000,0.0,0.0
2005-07-20 00:00:00+09:00,1605.7240167025864,1628.0257391567889,1605.7240167025864,1616.8748779296875,312000,0.0,0.0
2005-07-21 00:00:00+09:00,1631.7420321377842,1642.8928888494318,1620.5911754261365,1635.458984375,260200,0.0,0.0
2005-07-22 00:00:00+09:00,1639.1766357421875,1650.3274972098216,1631.7427280970983,1639.1766357421875,284800,0.0,0.0
2005-07-25 00:00:00+09:00,1642.8936767578125,1654.0445388172548,1639.1767227379985,1642.8936767578125,259400,0.0,0.0
2005-07-26 00:00:00+09:00,1624.3084860574843,1631.7423921721638,1594.572861598766,1609.440673828125,216000,0.0,0.0
2005-07-27 00:00:00+09:00,1646.610215018526,1668.9119335063617,1635.4593557746084,1661.47802734375,316000,0.0,0.0
2005-07-28 00:00:00+09:00,1668.9123702597828,1694.9310486379977,1661.4784621517215,1680.063232421875,306200,0.0,0.0
2005-07-29 00:00:00+09:00,1672.6293243138134,1691.214094583967,1661.4784621517215,1680.063232421875,191200,0.0,0.0
2005-08-01 00:00:00+09:00,1635.459494357639,1680.0629351128473,1635.459494357639,1672.6290283203125,327400,0.0,0.0
2005-08-02 00:00:00+09:00,1672.629308916325,1672.629308916325,1639.1767227379985,1642.8936767578125,286800,0.0,0.0
2005-08-03 00:00:00+09:00,1661.4776500355115,1665.1946022727273,1631.7420321377842,1635.458984375,374600,0.0,0.0
2005-08-04 00:00:00+09:00,1639.1763379351153,1650.3271973768508,1620.5915721988895,1631.742431640625,157600,0.0,0.0
2005-08-05 00:00:00+09:00,1616.8744707440997,1624.3083763567163,1587.1388482936336,1594.57275390625,125800,0.0,0.0
2005-08-08 00:00:00+09:00,1590.8562187318735,1609.4409876422926,1568.5544960393706,1602.007080078125,207600,0.0,0.0
2005-08-09 00:00:00+09:00,1587.138941435301,1628.025424704126,1587.138941435301,1624.3084716796875,95000,0.0,0.0
2005-08-10 00:00:00+09:00,1635.459370150254,1646.6102294921875,1628.0254639222983,1646.6102294921875,101200,0.0,0.0
2005-08-11 00:00:00+09:00,1646.61052574959,1650.3274795323202,1616.8748954877462,1628.0257568359375,124600,0.0,0.0
2005-08-12 00:00:00+09:00,1642.8928888494318,1642.8928888494318,1624.3081276633523,1635.458984375,82600,0.0,0.0
2005-08-15 00:00:00+09:00,1642.8933297489466,1657.7611426878511,1635.4594232794943,1654.044189453125,94800,0.0,0.0
2005-08-16 00:00:00+09:00,1654.0440334439813,1657.760986328125,1639.1762219074062,1657.760986328125,89400,0.0,0.0
2005-08-17 00:00:00+09:00,1661.47802734375,1680.0627927502796,1646.610215018526,1661.47802734375,214400,0.0,0.0
2005-08-18 00:00:00+09:00,1672.6289749145508,1676.3459281921387,1654.0442085266113,1665.195068359375,149600,0.0,0.0
2005-08-19 00:00:00+09:00,1650.3272362183989,1661.4780959225773,1646.6102829836727,1654.044189453125,86200,0.0,0.0
2005-08-22 00:00:00+09:00,1668.9124052128084,1680.0632676084397,1657.761542817177,1676.3463134765625,50800,0.0,0.0
2005-08-23 00:00:00+09:00,1672.6290283203125,1680.0629351128473,1665.195121527778,1672.6290283203125,75600,0.0,0.0
2005-08-24 00:00:00+09:00,1668.9122144686464,1687.496983003932,1661.4783070545323,1683.780029296875,141800,0.0,0.0
2005-08-25 00:00:00+09:00,1665.1954510809312,1676.3463134765625,1654.0445886853001,1676.3463134765625,109600,0.0,0.0
2005-08-26 00:00:00+09:00,1676.3458109761332,1691.2136230468748,1665.1949519230768,1691.213623046875,64600,0.0,0.0
2005-08-29 00:00:00+09:00,1694.9306832107845,1717.232402726716,1687.496776705474,1706.08154296875,166600,0.0,0.0
2005-08-30 00:00:00+09:00,1713.5157641706796,1728.383579911857,1709.7988102353854,1724.6666259765625,156600,0.0,0.0
2005-08-31 00:00:00+09:00,1720.9496720412683,1732.1005338471512,1713.5157641706796,1724.6666259765625,86600,0.0,0.0
2005-09-01 00:00:00+09:00,1739.534371437433,1746.9682790076786,1728.383510082065,1732.1004638671875,118000,0.0,0.0
2005-09-02 00:00:00+09:00,1713.515103162625,1732.0998656698118,1713.515103162625,1717.2320556640625,90000,0.0,0.0
2005-09-05 00:00:00+09:00,1735.8173494037828,1769.2699321546054,1732.1003957648027,1765.552978515625,127000,0.0,0.0
2005-09-06 00:00:00+09:00,1765.552557850489,1772.9864633572276,1758.11865234375,1758.11865234375,147400,0.0,0.0
2005-09-07 00:00:00+09:00,1776.7035594267004,1776.7035594267004,1758.1187941607307,1769.2696533203125,82600,0.0,0.0
2005-09-08 00:00:00+09:00,1769.2696825337207,1769.2696825337207,1735.8171045026209,1739.5340576171875,69200,0.0,0.0
2005-09-09 00:00:00+09:00,1758.1190880129545,1758.1190880129545,1735.8173659662784,1750.6851806640625,193800,0.0,0.0
2005-09-12 00:00:00+09:00,1758.1190001142786,1776.703767557347,1746.9681396484375,1746.9681396484375,104600,0.0,0.0
2005-09-13 00:00:00+09:00,1739.5340576171875,1746.9679638463208,1732.1001513880542,1739.5340576171875,82200,0.0,0.0
2005-09-14 00:00:00+09:00,1739.5340918596091,1750.6849514228118,1732.1001854841409,1735.817138671875,85000,0.0,0.0
2005-09-15 00:00:00+09:00,1735.8172791825964,1761.8359536028922,1728.383372205369,1746.9681396484375,92800,0.0,0.0
2005-09-16 00:00:00+09:00,1746.9679638463208,1754.401870075454,1728.3831982734876,1739.5340576171875,166200,0.0,0.0
2005-09-19 00:00:00+09:00,1739.5340576171875,1739.5340576171875,1739.5340576171875,1739.5340576171875,0,0.0,0.0
2005-09-20 00:00:00+09:00,1754.4021343385084,1758.1190880129545,1739.5343196407246,1750.6851806640625,109200,0.0,0.0
2005-09-21 00:00:00+09:00,1750.6850931370511,1765.552907091506,1743.2511861598239,1746.9681396484375,103600,0.0,0.0
2005-09-22 00:00:00+09:00,1761.8360946655273,1787.8547711690267,1754.402187093099,1784.1378173828125,208000,0.0,0.0
2005-09-23 00:00:00+09:00,1784.1378173828125,1784.1378173828125,1784.1378173828125,1784.1378173828125,0,0.0,0.0
2005-09-26 00:00:00+09:00,1810.1564774723895,1851.0429687499998,1810.1564774723895,1851.04296875,235800,0.0,0.0
2005-09-27 00:00:00+09:00,1854.0211518132232,1861.4670198927943,1839.1294156540807,1850.2982177734375,184600,4.0,0.0
2005-09-28 00:00:00+09:00,1846.575283733652,1854.0211518132232,1827.960613534724,1850.2982177734375,87400,0.0,0.0
2005-09-29 00:00:00+09:00,1861.466455175199,1883.8040526373013,1850.2976564441476,1872.63525390625,152800,0.0,0.0
2005-09-30 00:00:00+09:00,1876.3581868166004,1887.5269855476517,1854.020589354498,1872.63525390625,156200,0.0,0.0
2005-10-03 00:00:00+09:00,1857.7438302106725,1865.189697265625,1798.1768937710517,1865.189697265625,136000,0.0,0.0
2005-10-04 00:00:00+09:00,1842.8524986220282,1861.4671703252811,1809.3460895561732,1820.514892578125,195000,0.0,0.0
2005-10-05 00:00:00+09:00,1813.0686920613864,1813.0686920613864,1768.3934881502228,1775.83935546875,238400,0.0,0.0
2005-10-06 00:00:00+09:00,1731.1640063423831,1764.670406465139,1723.7181396484375,1723.7181396484375,226600,0.0,0.0
2005-10-07 00:00:00+09:00,1712.5499120251886,1742.3333887560614,1708.8269774338294,1727.441650390625,111000,0.0,0.0
2005-10-10 00:00:00+09:00,1727.441650390625,1727.441650390625,1727.441650390625,1727.441650390625,0,0.0,0.0
2005-10-11 00:00:00+09:00,1731.1642823814086,1772.1165557280656,1731.1642823814086,1760.94775390625,102400,0.0,0.0
2005-10-12 00:00:00+09:00,1779.562423609276,1783.2853575498812,1753.5018860250398,1760.94775390625,105000,0.0,0.0
2005-10-13 00:00:00+09:00,1772.11627686577,1775.83921022053,1742.33281002769,1764.67041015625,114200,0.0,0.0
2005-10-14 00:00:00+09:00,1779.562187146022,1779.562187146022,1727.4411189032514,1746.0557861328125,107000,0.0,0.0
2005-10-17 00:00:00+09:00,1768.394012135255,1824.2380335711052,1768.394012135255,1798.177490234375,244600,0.0,0.0
2005-10-18 00:00:00+09:00,1824.2374267578125,1835.406227329799,1809.3456926618303,1824.2374267578125,232200,0.0,0.0
2005-10-19 00:00:00+09:00,1824.2375721278527,1824.2375721278527,1783.2853001004928,1794.4541015625,162000,0.0,0.0
2005-10-20 00:00:00+09:00,1824.2378610079406,1824.2378610079406,1805.6231889568392,1816.7919921875,102000,0.0,0.0
2005-10-21 00:00:00+09:00,1779.5623995013643,1794.454135062045,1760.9477300505132,1790.731201171875,132400,0.0,0.0
2005-10-24 00:00:00+09:00,1794.4540574530592,1794.4540574530592,1768.3935213489692,1772.116455078125,56000,0.0,0.0
2005-10-25 00:00:00+09:00,1775.8397415161132,1794.4544138590495,1753.5021347045897,1787.008544921875,78800,0.0,0.0
2005-10-26 00:00:00+09:00,1787.0082672817045,1805.6229367325557,1772.1165317210239,1790.731201171875,90600,0.0,0.0
2005-10-27 00:00:00+09:00,1805.622759137835,1827.960360281808,1801.8998256138393,1824.2374267578125,100400,0.0,0.0
2005-10-28 00:00:00+09:00,1798.1768920898437,1824.2374267578125,1794.4539585658483,1824.2374267578125,83400,0.0,0.0
2005-10-31 00:00:00+09:00,1824.2376794949384,1861.4670198927943,1809.3459433357962,1850.2982177734375,166600,0.0,0.0
2005-11-01 00:00:00+09:00,1857.7439851074218,1868.9127866210938,1842.8522497558595,1861.4669189453125,101400,0.0,0.0
2005-11-02 00:00:00+09:00,1861.466455175199,1883.8040526373013,1842.851790623447,1872.63525390625,180400,0.0,0.0
2005-11-03 00:00:00+09:00,1872.63525390625,1872.63525390625,1872.63525390625,1872.63525390625,0,0.0,0.0
2005-11-04 00:00:00+09:00,1880.0810151941635,1913.5874095243566,1857.743418974035,1898.6956787109375,204600,0.0,0.0
2005-11-07 00:00:00+09:00,1913.5875654239317,1932.2022304572386,1883.804101370641,1894.972900390625,212800,0.0,0.0
2005-11-08 00:00:00+09:00,1868.9127735323118,1969.4319864513805,1868.9127735323118,1917.3109130859375,244000,0.0,0.0
2005-11-09 00:00:00+09:00,1935.9253589527025,1939.648292335304,1917.3106920396958,1928.4794921875,170800,0.0,0.0
2005-11-10 00:00:00+09:00,1928.4789918384627,1958.2624511718752,1917.310194588433,1958.262451171875,124600,0.0,0.0
2005-11-11 00:00:00+09:00,1973.155458205405,1973.155458205405,1913.5885009765625,1913.5885009765625,154400,0.0,0.0
2005-11-14 00:00:00+09:00,1909.8650454623028,1943.371449768659,1909.8650454623028,1917.3109130859375,90000,0.0,0.0
2005-11-15 00:00:00+09:00,1939.64901347544,1973.1554263761673,1917.311404874955,1943.3719482421875,146400,0.0,0.0
2005-11-16 00:00:00+09:00,1924.7561611403391,1947.0937568208847,1917.3102959134906,1932.2020263671875,99200,0.0,0.0
2005-11-17 00:00:00+09:00,1935.925302431565,1935.925302431565,1876.358370049055,1921.0335693359375,211000,0.0,0.0
2005-11-18 00:00:00+09:00,1924.7559869182503,1943.3706483004385,1902.4183932596247,1909.8642578125,135800,0.0,0.0
2005-11-21 00:00:00+09:00,1932.2024586897062,1965.7088597074467,1924.756591796875,1924.756591796875,121000,0.0,0.0
2005-11-22 00:00:00+09:00,1947.0936539218455,1958.2624511718752,1935.9248566718156,1958.262451171875,74400,0.0,0.0
2005-11-23 00:00:00+09:00,1958.2624511718752,1958.2624511718752,1958.2624511718752,1958.262451171875,0,0.0,0.0
2005-11-24 00:00:00+09:00,1961.9859390841184,1965.7088725548663,1947.0942052011271,1950.817138671875,80400,0.0,0.0
2005-11-25 00:00:00+09:00,1950.8171259217843,1950.8171259217843,1906.141924564797,1924.756591796875,80200,0.0,0.0
2005-11-28 00:00:00+09:00,1928.478919194688,1928.478919194688,1902.4183932596247,1909.8642578125,78600,0.0,0.0
2005-11-29 00:00:00+09:00,1906.141498073218,1935.9249589806118,1906.141498073218,1932.2020263671875,50000,0.0,0.0
2005-11-30 00:00:00+09:00,1932.2018514711256,1943.3706483004385,1909.8642578124998,1909.8642578125,107400,0.0,0.0
2005-12-01 00:00:00+09:00,1909.8655691897343,1943.371982684291,1909.8655691897343,1939.6490478515625,86800,0.0,0.0
2005-12-02 00:00:00+09:00,1947.0948830089349,1965.7095568426723,1928.4802091751974,1943.3719482421875,103400,0.0,0.0
2005-12-05 00:00:00+09:00,1958.2630626600326,2010.3841327688547,1935.925461184823,1999.21533203125,311800,0.0,0.0
2005-12-06 00:00:00+09:00,1995.4923984520483,2021.5529335064593,1973.154796976839,1999.21533203125,169400,0.0,0.0
2005-12-07 00:00:00+09:00,1965.709591680662,1973.1554613461192,1939.6490478515625,1939.6490478515625,177000,0.0,0.0
2005-12-08 00:00:00+09:00,1928.478919194688,1932.2018514711256,1902.4183932596247,1909.8642578125,116200,0.0,0.0
2005-12-09 00:00:00+09:00,1939.647891594036,1943.3708242074604,1917.3102959134906,1932.2020263671875,247200,0.0,0.0
2005-12-12 00:00:00+09:00,1932.203027620658,1984.3241112173619,1932.203027620658,1969.432373046875,242600,0.0,0.0
2005-12-13 00:00:00+09:00,2002.9380299637958,2002.9380299637958,1976.8774979754194,1984.3233642578125,206200,0.0,0.0
2005-12-14 00:00:00+09:00,2006.6610392329817,2017.8298390802895,1961.98583984375,1961.98583984375,208000,0.0,0.0
2005-12-15 00:00:00+09:00,1958.26356941901,1984.3241112173619,1947.094765791145,1969.432373046875,98000,0.0,0.0
2005-12-16 00:00:00+09:00,1958.26356941901,1991.7699803026053,1954.5406348763884,1969.432373046875,92800,0.0,0.0
2005-12-19 00:00:00+09:00,1954.5403289794922,1969.432064819336,1928.4797912597655,1935.9256591796875,87600,0.0,0.0
2005-12-20 00:00:00+09:00,1965.7090848214286,1969.4320186941966,1947.0944154575893,1954.540283203125,46600,0.0,0.0
2005-12-21 00:00:00+09:00,1954.5402832031252,1969.4320186941966,1935.925613839286,1954.540283203125,96200,0.0,0.0
2005-12-22 00:00:00+09:00,1965.709130859375,1965.709130859375,1928.4797912597655,1935.9256591796875,142600,0.0,0.0
2005-12-23 00:00:00+09:00,1935.9256591796875,1935.9256591796875,1935.9256591796875,1935.9256591796875,0,0.0,0.0
2005-12-26 00:00:00+09:00,1995.4926886307564,1999.2156227513362,1973.155083907278,1980.6009521484375,118800,0.0,0.0
2005-12-27 00:00:00+09:00,1980.60050625593,1980.60050625593,1950.8170399964422,1961.98583984375,87400,0.0,0.0
2005-12-28 00:00:00+09:00,1954.540334935525,2010.3843445051114,1954.540334935525,2002.9384765625,67800,0.0,0.0
2005-12-29 00:00:00+09:00,2006.6609631049926,2006.6609631049926,1984.3233642578125,1984.3233642578125,71800,0.0,0.0
2005-12-30 00:00:00+09:00,1984.3237085882222,1991.7695761626621,1973.1549072265625,1973.1549072265625,37200,0.0,0.0
2006-01-02 00:00:00+09:00,1973.1549072265625,1973.1549072265625,1973.1549072265625,1973.1549072265625,0,0.0,0.0
2006-01-03 00:00:00+09:00,1973.1549072265625,1973.1549072265625,1973.1549072265625,1973.1549072265625,0,0.0,0.0
2006-01-04 00:00:00+09:00,1988.0468203895969,1995.4926886307564,1973.155083907278,1980.6009521484375,69800,0.0,0.0
2006-01-05 00:00:00+09:00,1980.6006970761425,2006.6612325639867,1976.877763435022,1995.492431640625,96000,0.0,0.0
2006-01-06 00:00:00+09:00,2002.9377557028404,2055.058812542691,2002.9377557028404,2043.8900146484375,208600,0.0,0.0
2006-01-09 00:00:00+09:00,2043.8900146484375,2043.8900146484375,2043.8900146484375,2043.8900146484375,0,0.0,0.0
2006-01-10 00:00:00+09:00,2110.9038024902343,2140.687277657645,2084.84326171875,2084.84326171875,436200,0.0,0.0
2006-01-11 00:00:00+09:00,2069.950993837432,2099.734461374662,2040.167526300203,2062.505126953125,213000,0.0,0.0
2006-01-12 00:00:00+09:00,2099.7345543686224,2222.5913634008293,2077.396952726403,2189.0849609375,645400,0.0,0.0
2006-01-13 00:00:00+09:00,2189.0845703125,2259.8202962239584,2163.0240397135417,2233.759765625,432600,0.0,0.0
2006-01-16 00:00:00+09:00,2259.8202962239584,2259.8202962239584,2226.3138997395836,2233.759765625,214000,0.0,0.0
2006-01-17 00:00:00+09:00,2181.6392849864133,2230.037426120924,2140.68701171875,2140.68701171875,187800,0.0,0.0
2006-01-18 00:00:00+09:00,2114.625812051971,2122.0716775873657,2055.058887768817,2077.396484375,357800,0.0,0.0
2006-01-19 00:00:00+09:00,2040.1677120337476,2140.6869241230015,2040.1677120337476,2096.01171875,224400,0.0,0.0
2006-01-20 00:00:00+09:00,2133.2412364318307,2144.410038716814,2088.566027291897,2103.457763671875,237200,0.0,0.0
2006-01-23 00:00:00+09:00,2084.842169233363,2118.3485612388995,2066.2275070080655,2069.950439453125,316800,0.0,0.0
2006-01-24 00:00:00+09:00,2069.9513568169245,2114.6265659568585,2069.9513568169245,2103.457763671875,139600,0.0,0.0
2006-01-25 00:00:00+09:00,2118.3494081182066,2177.9163510529893,2110.9035402513587,2140.68701171875,453600,0.0,0.0
2006-01-26 00:00:00+09:00,2177.9161601163905,2215.145496186756,2177.9161601163905,2189.0849609375,583000,0.0,0.0
2006-01-27 00:00:00+09:00,2218.868552078986,2252.3749563889032,2218.868552078986,2230.037353515625,360400,0.0,0.0
2006-01-30 00:00:00+09:00,2215.1455411044035,2233.7602095170455,2211.422607421875,2211.422607421875,198200,0.0,0.0
2006-01-31 00:00:00+09:00,2196.530715733358,2196.530715733358,2159.301381568386,2174.193115234375,112000,0.0,0.0
2006-02-01 00:00:00+09:00,2129.518099756458,2159.3015696831217,2118.349298533959,2125.795166015625,337200,0.0,0.0
2006-02-02 00:00:00+09:00,2136.964077785326,2159.3016813858694,2136.964077785326,2140.68701171875,217000,0.0,0.0
2006-02-03 00:00:00+09:00,2114.626387655417,2136.9639903419184,2092.2887849689164,2096.01171875,297200,0.0,0.0
2006-02-06 00:00:00+09:00,2107.180868094308,2114.626736886161,2069.9515241350446,2084.84326171875,489200,0.0,0.0
2006-02-07 00:00:00+09:00,2103.4576723845107,2159.3016813858694,2103.4576723845107,2140.68701171875,335600,0.0,0.0
2006-02-08 00:00:00+09:00,2159.3017405587457,2159.3017405587457,2103.457730027054,2107.1806640625,277800,0.0,0.0
2006-02-09 00:00:00+09:00,2140.6864908006455,2166.7470219930015,2122.0718256632485,2144.409423828125,366800,0.0,0.0
2006-02-10 00:00:00+09:00,2177.916226435847,2189.0850275970565,2151.855690393025,2181.63916015625,447200,0.0,0.0
2006-02-13 00:00:00+09:00,2170.4703709056207,2170.4703709056207,2114.626364793126,2125.795166015625,250400,0.0,0.0
2006-02-14 00:00:00+09:00,2073.674061168324,2155.578602183949,2069.9511274857955,2129.51806640625,448400,0.0,0.0
2006-02-15 00:00:00+09:00,2159.3015469829447,2215.1455525083657,2136.9639447727764,2155.57861328125,441400,0.0,0.0
2006-02-16 00:00:00+09:00,2177.916618193556,2230.0376996545983,2174.1936838034817,2218.868896484375,784800,0.0,0.0
2006-02-17 00:00:00+09:00,2218.8682960304054,2270.989363386824,2185.361895586993,2203.9765625,475200,0.0,0.0
2006-02-20 00:00:00+09:00,2144.4096349653382,2185.3619022997455,2129.51790138919,2148.132568359375,229600,0.0,0.0
2006-02-21 00:00:00+09:00,2185.3628622462606,2185.3628622462606,2140.6876418936968,2177.9169921875,180800,0.0,0.0
2006-02-22 00:00:00+09:00,2140.68681254034,2185.36201558466,2140.68681254034,2163.0244140625,184600,0.0,0.0
2006-02-23 00:00:00+09:00,2177.9166120908053,2200.25421836866,2163.024874572236,2192.808349609375,263800,0.0,0.0
2006-02-24 00:00:00+09:00,2192.807569029401,2192.807569029401,2163.0241045943662,2170.469970703125,131000,0.0,0.0
2006-02-27 00:00:00+09:00,2192.808172846572,2222.591645482858,2185.3623046875,2185.3623046875,203400,0.0,0.0
2006-02-28 00:00:00+09:00,2196.531667334402,2196.531667334402,2166.7481870993593,2177.9169921875,205000,0.0,0.0
2006-03-01 00:00:00+09:00,2163.024088965522,2166.7470219930015,2136.963557773166,2144.409423828125,150800,0.0,0.0
2006-03-02 00:00:00+09:00,2177.9161702900033,2177.9161702900033,2133.240966796875,2133.240966796875,150200,0.0,0.0
2006-03-03 00:00:00+09:00,2107.1805537213636,2140.6869582858376,2073.6741491568896,2092.288818359375,166800,0.0,0.0
2006-03-06 00:00:00+09:00,2107.179835099956,2122.071565383348,2073.673441962324,2118.3486328125,87800,0.0,0.0
2006-03-07 00:00:00+09:00,2084.84326171875,2114.626736886161,2084.84326171875,2084.84326171875,71200,0.0,0.0
2006-03-08 00:00:00+09:00,2088.565807075432,2096.0116744803354,2069.951138563173,2073.674072265625,313200,0.0,0.0
2006-03-09 00:00:00+09:00,2069.9517358054577,2118.3498879016283,2069.9517358054577,2114.626953125,178200,0.0,0.0
2006-03-10 00:00:00+09:00,2114.626532133392,2129.518268275177,2107.1806640625,2107.1806640625,211600,0.0,0.0
2006-03-13 00:00:00+09:00,2133.2410000887785,2140.6868674538355,2122.0721990411935,2129.51806640625,131600,0.0,0.0
2006-03-14 00:00:00+09:00,2151.8555147353914,2189.084848900364,2125.794980819911,2174.193115234375,337000,0.0,0.0
2006-03-15 00:00:00+09:00,2196.531667334402,2196.531667334402,2163.0252520699787,2177.9169921875,220000,0.0,0.0
2006-03-16 00:00:00+09:00,2181.639093723427,2218.8684297937925,2163.0244256882443,2189.0849609375,322200,0.0,0.0
2006-03-17 00:00:00+09:00,2185.3628622462606,2185.3628622462606,2155.579382011218,2177.9169921875,169000,0.0,0.0
2006-03-20 00:00:00+09:00,2196.530436197917,2248.6514973958333,2189.0845703125,2233.759765625,243000,0.0,0.0
2006-03-21 00:00:00+09:00,2233.759765625,2233.759765625,2233.759765625,2233.759765625,0,0.0,0.0
2006-03-22 00:00:00+09:00,2244.9288762835754,2256.0976766630956,2215.1454086048548,2226.314208984375,217200,0.0,0.0
2006-03-23 00:00:00+09:00,2226.314063320641,2248.6516626181724,2215.145263671875,2215.145263671875,186800,0.0,0.0
2006-03-24 00:00:00+09:00,2192.807358733773,2256.097214588568,2181.6385606417502,2222.5908203125,202400,0.0,0.0
2006-03-27 00:00:00+09:00,2203.9765625,2222.5912294130067,2189.0848289695946,2203.9765625,126800,0.0,0.0
2006-03-28 00:00:00+09:00,2155.132497186176,2233.4331588486493,2155.132497186176,2199.875732421875,167400,4.5,0.0
2006-03-29 00:00:00+09:00,2218.5185740253714,2274.447613706683,2196.1469581528468,2259.533203125,308000,0.0,0.0
2006-03-30 00:00:00+09:00,2274.4467294889428,2274.4467294889428,2240.8893187259914,2244.617919921875,90600,0.0,0.0
2006-03-31 00:00:00+09:00,2255.804341133005,2300.5475677339905,2248.3471366995077,2270.71875,267800,0.0,0.0
2006-04-03 00:00:00+09:00,2255.804497390497,2278.1761122406506,2244.61868996542,2274.447509765625,122800,0.0,0.0
2006-04-04 00:00:00+09:00,2278.1760414525083,2278.1760414525083,2255.8044272974917,2266.990234375,102800,0.0,0.0
2006-04-05 00:00:00+09:00,2274.4468163412544,2274.4468163412544,2229.703600282082,2240.889404296875,212000,0.0,0.0
2006-04-06 00:00:00+09:00,2255.8045670253778,2293.0905929266237,2252.0759644352534,2281.90478515625,192800,0.0,0.0
2006-04-07 00:00:00+09:00,2281.9046277235066,2319.1906510523218,2270.718820724862,2278.176025390625,173200,0.0,0.0
2006-04-10 00:00:00+09:00,2274.4474390933387,2304.276257966694,2263.2616320158304,2266.990234375,118400,0.0,0.0
2006-04-11 00:00:00+09:00,2255.804880777995,2259.533483886719,2237.161865234375,2237.161865234375,240000,0.0,0.0
2006-04-12 00:00:00+09:00,2237.161865234375,2259.533483886719,2229.704659016927,2237.161865234375,127000,0.0,0.0
2006-04-13 00:00:00+09:00,2229.7041882590033,2240.889995223514,2207.3325743299833,2225.9755859375,168000,0.0,0.0
2006-04-14 00:00:00+09:00,2207.3325743299833,2229.7041882590033,2207.3325743299833,2225.9755859375,108200,0.0,0.0
2006-04-17 00:00:00+09:00,2218.5181527185923,2263.2613759666983,2214.78955078125,2214.78955078125,149200,0.0,0.0
2006-04-18 00:00:00+09:00,2233.4327905805067,2244.618597545017,2207.3325743299833,2225.9755859375,67400,0.0,0.0
2006-04-19 00:00:00+09:00,2240.8897643426453,2248.3469682173295,2211.060948843908,2214.78955078125,81000,0.0,0.0
2006-04-20 00:00:00+09:00,2211.0611534769628,2218.518358041809,2173.7751306527307,2184.9609375,93600,0.0,0.0
2006-04-21 00:00:00+09:00,2181.23212090854,2188.689324740706,2132.760295999461,2162.589111328125,154600,0.0,0.0
2006-04-24 00:00:00+09:00,2125.303094298124,2199.8751326945494,2065.6454635809837,2099.202880859375,317400,0.0,0.0
2006-04-25 00:00:00+09:00,2132.7606719435307,2132.7606719435307,2102.931851356908,2125.303466796875,107400,0.0,0.0
2006-04-26 00:00:00+09:00,2125.3029797633626,2207.3322175787907,2125.3029797633626,2188.689208984375,149000,0.0,0.0
2006-04-27 00:00:00+09:00,2214.7901441671083,2218.5187471034164,2181.232717740334,2199.875732421875,148200,0.0,0.0
2006-04-28 00:00:00+09:00,2177.5038357764174,2199.875450527545,2147.6750161082473,2170.046630859375,160400,0.0,0.0
2006-05-01 00:00:00+09:00,2177.503220016892,2211.0606326541383,2151.403010187922,2207.33203125,119200,0.0,0.0
2006-05-02 00:00:00+09:00,2207.3317018865937,2218.5175044299376,2170.0456934087797,2211.060302734375,62600,0.0,0.0
2006-05-03 00:00:00+09:00,2211.060302734375,2211.060302734375,2211.060302734375,2211.060302734375,0,0.0,0.0
2006-05-04 00:00:00+09:00,2211.060302734375,2211.060302734375,2211.060302734375,2211.060302734375,0,0.0,0.0
2006-05-05 00:00:00+09:00,2211.060302734375,2211.060302734375,2211.060302734375,2211.060302734375,0,0.0,0.0
2006-05-08 00:00:00+09:00,2218.5185740253714,2263.261805770421,2203.6041634436883,2259.533203125,216600,0.0,0.0
2006-05-09 00:00:00+09:00,2233.4327905805067,2237.16139290201,2207.3325743299833,2225.9755859375,87800,0.0,0.0
2006-05-10 00:00:00+09:00,2207.332117174281,2225.975124920685,2196.146312526438,2203.603515625,52200,0.0,0.0
2006-05-11 00:00:00+09:00,2203.6048380533853,2211.06204562717,2106.661139594184,2147.67578125,261000,0.0,0.0
2006-05-12 00:00:00+09:00,2091.74618094308,2095.474783761161,2024.6313302176338,2035.817138671875,314400,0.0,0.0
2006-05-15 00:00:00+09:00,2035.8163967380274,2058.1880054933904,1983.6159763088474,2009.7161865234375,260000,0.0,0.0
2006-05-16 00:00:00+09:00,2020.9019337428433,2039.5449405116888,1953.7871093749998,1953.787109375,194200,0.0,0.0
2006-05-17 00:00:00+09:00,1983.6161390772406,2017.1735549638856,1946.3301214254127,1976.158935546875,314600,0.0,0.0
2006-05-18 00:00:00+09:00,1901.587437220982,1968.7022879464284,1864.3014090401784,1957.5164794921875,273800,0.0,0.0
2006-05-19 00:00:00+09:00,1920.229772523392,1935.1441785235738,1882.9437575229379,1923.9583740234375,189800,0.0,0.0
2006-05-22 00:00:00+09:00,1957.5163369976592,1957.5163369976592,1901.5872987977261,1916.501708984375,157200,0.0,0.0
2006-05-23 00:00:00+09:00,1905.3161104828002,1912.7733163946702,1882.94449274719,1886.673095703125,135400,0.0,0.0
2006-05-24 00:00:00+09:00,1931.4156854001085,1950.0586939464415,1905.315473435242,1935.144287109375,244400,0.0,0.0
2006-05-25 00:00:00+09:00,1957.5160721976245,1957.5160721976245,1894.1298374788441,1927.687255859375,227800,0.0,0.0
2006-05-26 00:00:00+09:00,1964.9732762821868,1964.9732762821868,1912.7728476902503,1927.687255859375,113200,0.0,0.0
2006-05-29 00:00:00+09:00,1938.8730411641081,1938.8730411641081,1901.5870211417214,1912.7728271484375,261600,0.0,0.0
2006-05-30 00:00:00+09:00,1912.7734214318057,1912.7734214318057,1886.6731993070052,1897.8590087890625,139000,0.0,0.0
2006-05-31 00:00:00+09:00,1901.5868419737328,1901.5868419737328,1875.4866304172306,1894.129638671875,171000,0.0,0.0
2006-06-01 00:00:00+09:00,1927.687276243477,1961.2446949788568,1916.5014699983506,1942.6016845703125,245000,0.0,0.0
2006-06-02 00:00:00+09:00,1957.5161643967347,1964.9733688325318,1875.4869156029667,1950.0589599609375,216800,0.0,0.0
2006-06-05 00:00:00+09:00,1950.0594530386636,1950.0594530386636,1890.4018024676911,1897.8590087890625,88600,0.0,0.0
2006-06-06 00:00:00+09:00,1871.7581428938997,1890.4011522852732,1864.3009391373503,1868.029541015625,126200,0.0,0.0
2006-06-07 00:00:00+09:00,1868.030065567767,1868.030065567767,1815.8296246137775,1819.5582275390625,226400,0.0,0.0
2006-06-08 00:00:00+09:00,1797.1859967461946,1800.9145983991953,1703.9709554211847,1730.0711669921875,275200,0.0,0.0
2006-06-09 00:00:00+09:00,1759.900409089417,1815.829447513869,1718.8857809114859,1774.8148193359375,241400,0.0,0.0
2006-06-12 00:00:00+09:00,1812.1005803309304,1841.929396468065,1774.8145601595122,1786.0003662109375,165800,0.0,0.0
2006-06-13 00:00:00+09:00,1771.0862842117408,1774.8148869153447,1703.971435546875,1703.971435546875,119600,0.0,0.0
2006-06-14 00:00:00+09:00,1700.242885044643,1741.2575160435267,1700.242885044643,1722.614501953125,120000,0.0,0.0
2006-06-15 00:00:00+09:00,1737.5282707540398,1771.0856837085169,1722.6138649964944,1744.9854736328125,88800,0.0,0.0
2006-06-16 00:00:00+09:00,1800.915301513672,1808.3725077311199,1771.0864766438804,1789.7294921875,94200,0.0,0.0
2006-06-19 00:00:00+09:00,1808.3719783137885,1823.2863863823559,1782.2717641937957,1786.0003662109375,85000,0.0,0.0
2006-06-20 00:00:00+09:00,1804.6430694966377,1804.6430694966377,1759.8998528975476,1767.3570556640625,79600,0.0,0.0
2006-06-21 00:00:00+09:00,1774.8146058427526,1786.0004121820978,1741.2571868247173,1752.4429931640625,69800,0.0,0.0
2006-06-22 00:00:00+09:00,1763.6286119962992,1778.5430188630755,1752.442806846217,1771.0858154296875,84400,0.0,0.0
2006-06-23 00:00:00+09:00,1756.1715952771774,1759.9001973902925,1726.3427783722573,1752.4429931640625,226600,0.0,0.0
2006-06-26 00:00:00+09:00,1752.4426765115852,1752.4426765115852,1737.5282707540398,1744.9854736328125,152000,0.0,0.0
2006-06-27 00:00:00+09:00,1733.7998550447994,1733.7998550447994,1711.4282440119634,1726.3426513671875,185800,0.0,0.0
2006-06-28 00:00:00+09:00,1715.156896098834,1722.614099994916,1703.9710902547113,1718.885498046875,103800,0.0,0.0
2006-06-29 00:00:00+09:00,1718.8855541049156,1744.985768592409,1718.8855541049156,1737.528564453125,113600,0.0,0.0
2006-06-30 00:00:00+09:00,1789.7289682280793,1793.4575702452212,1774.8145601595122,1786.0003662109375,132600,0.0,0.0
2006-07-03 00:00:00+09:00,1812.1007624546526,1830.7437744140625,1797.1863528871245,1830.7437744140625,125600,0.0,0.0
2006-07-04 00:00:00+09:00,1845.65771484375,1853.1149177320076,1834.4719105113636,1845.65771484375,158600,0.0,0.0
2006-07-05 00:00:00+09:00,1834.4723768059446,1841.9295815897085,1823.2865696302986,1830.7437744140625,86200,0.0,0.0
2006-07-06 00:00:00+09:00,1819.5577034137577,1838.2007126700462,1804.6432960087268,1815.8291015625,73000,0.0,0.0
2006-07-07 00:00:00+09:00,1830.7435904166396,1830.7435904166396,1778.5431621766538,1786.0003662109375,99400,0.0,0.0
2006-07-10 00:00:00+09:00,1767.3578735351564,1789.7294921875,1744.9862548828125,1789.7294921875,122800,0.0,0.0
2006-07-11 00:00:00+09:00,1827.0150813466494,1827.0150813466494,1793.4576614851803,1808.3720703125,101400,0.0,0.0
2006-07-12 00:00:00+09:00,1789.7285786290322,1789.7285786290322,1726.3423581359207,1733.799560546875,155600,0.0,0.0
2006-07-13 00:00:00+09:00,1744.9853641633065,1759.8997689852151,1722.6137569304435,1733.799560546875,94400,0.0,0.0
2006-07-14 00:00:00+09:00,1726.343051768497,1726.343051768497,1703.971435546875,1703.971435546875,110400,0.0,0.0
2006-07-17 00:00:00+09:00,1703.971435546875,1703.971435546875,1703.971435546875,1703.971435546875,0,0.0,0.0
2006-07-18 00:00:00+09:00,1703.9710263802374,1726.3426372298684,1659.2278046809752,1674.1422119140625,143400,0.0,0.0
2006-07-19 00:00:00+09:00,1662.9569945208793,1700.2430257881638,1655.4997882674227,1685.32861328125,89200,0.0,0.0
2006-07-20 00:00:00+09:00,1759.9001194753255,1759.9001194753255,1692.7852844105885,1718.885498046875,92200,0.0,0.0
2006-07-21 00:00:00+09:00,1707.6994236817452,1759.8998427462527,1700.2422209582442,1741.2568359375,145600,0.0,0.0
2006-07-24 00:00:00+09:00,1752.4431504818538,1767.3575602731887,1733.800138242685,1756.1717529296875,170200,0.0,0.0
2006-07-25 00:00:00+09:00,1793.4574982905037,1808.3719057606952,1748.7142758799298,1778.5430908203125,124400,0.0,0.0
2006-07-26 00:00:00+09:00,1797.1864347057183,1804.6436398289786,1756.171806527787,1774.8148193359375,82200,0.0,0.0
2006-07-27 00:00:00+09:00,1786.0002945554081,1812.100507628243,1741.2570721448342,1778.5430908203125,177800,0.0,0.0
2006-07-28 00:00:00+09:00,1782.2716849011806,1823.2863052650155,1763.6286756448922,1815.8291015625,154400,0.0,0.0
2006-07-31 00:00:00+09:00,1827.0157523777175,1827.0157523777175,1797.186923767469,1800.91552734375,168800,0.0,0.0
2006-08-01 00:00:00+09:00,1800.9147592125098,1819.557769142246,1793.4575552406154,1797.1861572265625,94000,0.0,0.0
2006-08-02 00:00:00+09:00,1759.900409089417,1793.4578321440881,1737.5287937196365,1774.8148193359375,170000,0.0,0.0
2006-08-03 00:00:00+09:00,1782.2717641937957,1797.186172262363,1744.9857440223775,1786.0003662109375,195600,0.0,0.0
2006-08-04 00:00:00+09:00,1789.728888603696,1815.8291015625,1782.2716849011806,1815.8291015625,92800,0.0,0.0
2006-08-07 00:00:00+09:00,1797.1857925673662,1819.5573999437236,1756.1711790440447,1759.8997802734375,102400,0.0,0.0
2006-08-08 00:00:00+09:00,1741.2570587224116,1741.2570587224116,1707.6996421731574,1726.3426513671875,226200,0.0,0.0
2006-08-09 00:00:00+09:00,1730.0716544721006,1733.8002571757042,1681.5998193252528,1703.971435546875,245800,0.0,0.0
2006-08-10 00:00:00+09:00,1685.328456295039,1696.5142646332802,1670.4140451773835,1681.599853515625,275000,0.0,0.0
2006-08-11 00:00:00+09:00,1677.8707852206387,1707.6995991801166,1666.6849799858344,1696.5137939453125,140000,0.0,0.0
2006-08-14 00:00:00+09:00,1715.156802669986,1726.3426079047904,1689.0565904554428,1696.5137939453125,110200,0.0,0.0
2006-08-15 00:00:00+09:00,1700.24267578125,1722.6142899362665,1700.24267578125,1700.24267578125,99800,0.0,0.0
2006-08-16 00:00:00+09:00,1715.1570335954557,1730.0714425832423,1700.242624607669,1707.6998291015625,293000,0.0,0.0
2006-08-17 00:00:00+09:00,1744.9859455861863,1774.8147651688562,1744.9859455861863,1756.1717529296875,209400,0.0,0.0
2006-08-18 00:00:00+09:00,1759.8999963225679,1782.2716064453125,1759.8999963225679,1782.2716064453125,194800,0.0,0.0
2006-08-21 00:00:00+09:00,1789.728824013158,1793.4574257298518,1771.0858154296875,1771.0858154296875,144800,0.0,0.0
2006-08-22 00:00:00+09:00,1763.6290116510472,1778.5434218975677,1759.900409089417,1774.8148193359375,89400,0.0,0.0
2006-08-23 00:00:00+09:00,1789.7294921875,1797.186698404948,1771.0864766438804,1789.7294921875,107200,0.0,0.0
2006-08-24 00:00:00+09:00,1797.186172262363,1797.186172262363,1774.8145601595122,1786.0003662109375,116400,0.0,0.0
2006-08-25 00:00:00+09:00,1797.1863798558586,1797.1863798558586,1752.4431504818538,1756.1717529296875,194400,0.0,0.0
2006-08-28 00:00:00+09:00,1771.0857851751919,1771.0857851751919,1730.0711669921875,1730.0711669921875,102800,0.0,0.0
2006-08-29 00:00:00+09:00,1744.985768592409,1744.985768592409,1733.799962383483,1737.528564453125,65400,0.0,0.0
2006-08-30 00:00:00+09:00,1763.6288438305412,1812.10067251933,1759.9002416237113,1808.3720703125,292800,0.0,0.0
2006-08-31 00:00:00+09:00,1797.1861067842847,1804.6433105468752,1774.8144954965135,1804.643310546875,234800,0.0,0.0
2006-09-01 00:00:00+09:00,1808.3721600627705,1838.2009791978264,1793.4577504952424,1830.7437744140625,231600,0.0,0.0
2006-09-04 00:00:00+09:00,1841.9295815897085,1879.2156055085286,1830.7437744140625,1830.7437744140625,189200,0.0,0.0
2006-09-05 00:00:00+09:00,1830.74322610235,1834.4718273775077,1797.1858146259324,1812.1002197265625,167200,0.0,0.0
2006-09-06 00:00:00+09:00,1827.0157523777175,1830.7443559539986,1797.186923767469,1800.91552734375,118200,0.0,0.0
2006-09-07 00:00:00+09:00,1782.2720244591978,1804.6436398289786,1771.0862167743076,1774.8148193359375,132600,0.0,0.0
2006-09-08 00:00:00+09:00,1756.1714584640922,1789.7288748678648,1737.5284493508852,1763.628662109375,265400,0.0,0.0
2006-09-11 00:00:00+09:00,1771.0860672996553,1782.2718740404953,1703.971226854616,1707.6998291015625,275000,0.0,0.0
2006-09-12 00:00:00+09:00,1718.8856358424023,1733.8000448301889,1703.971226854616,1707.6998291015625,158200,0.0,0.0
2006-09-13 00:00:00+09:00,1737.528859879308,1741.2574625829116,1703.971435546875,1703.971435546875,80200,0.0,0.0
2006-09-14 00:00:00+09:00,1703.9710403343513,1733.7998550447994,1703.9710403343513,1726.3426513671875,64000,0.0,0.0
2006-09-15 00:00:00+09:00,1730.071303890998,1741.2571097351208,1711.4282941507931,1718.885498046875,112400,0.0,0.0
2006-09-18 00:00:00+09:00,1718.885498046875,1718.885498046875,1718.885498046875,1718.885498046875,0,0.0,0.0
2006-09-19 00:00:00+09:00,1726.3426513671875,1741.2570587224116,1722.6140495283814,1726.3426513671875,60600,0.0,0.0
2006-09-20 00:00:00+09:00,1730.071067875267,1756.1712779509714,1722.6138649964944,1744.9854736328125,131800,0.0,0.0
2006-09-21 00:00:00+09:00,1763.6283815028303,1774.814185191009,1741.2567741264731,1759.8997802734375,112800,0.0,0.0
2006-09-22 00:00:00+09:00,1759.9001768709763,1759.9001768709763,1726.3427582441993,1737.528564453125,104800,0.0,0.0
2006-09-25 00:00:00+09:00,1744.985573604189,1744.985573604189,1670.413540544181,1730.0711669921875,158600,0.0,0.0
2006-09-26 00:00:00+09:00,1722.2259521484375,1737.1693443579684,1707.2825599389064,1722.2259521484375,76000,4.5,0.0
2006-09-27 00:00:00+09:00,1729.6978586504538,1744.6412526776714,1729.6978586504538,1737.1695556640625,77000,0.0,0.0
2006-09-28 00:00:00+09:00,1740.905013646835,1752.112556653145,1740.905013646835,1748.376708984375,52400,0.0,0.0
2006-09-29 00:00:00+09:00,1748.3771275111608,1748.3771275111608,1718.4903390066963,1725.9620361328125,131400,0.0,0.0
2006-10-02 00:00:00+09:00,1748.376863419885,1789.4711914062498,1744.6410154211246,1789.47119140625,172000,0.0,0.0
2006-10-03 00:00:00+09:00,1767.0566781050106,1767.0566781050106,1740.905733608742,1752.11328125,168200,0.0,0.0
2006-10-04 00:00:00+09:00,1759.584673200335,1770.7922188895088,1725.9620361328125,1725.9620361328125,99200,0.0,0.0
2006-10-05 00:00:00+09:00,1737.1692535600725,1744.6409492743094,1688.603231417533,1707.282470703125,330600,0.0,0.0
2006-10-06 00:00:00+09:00,1714.7545078443445,1722.2262050462807,1707.2828106424083,1718.4903564453125,129800,0.0,0.0
2006-10-09 00:00:00+09:00,1718.4903564453125,1718.4903564453125,1718.4903564453125,1718.4903564453125,0,0.0,0.0
2006-10-10 00:00:00+09:00,1699.8112884387047,1714.754684381023,1681.1320435108069,1696.075439453125,206200,0.0,0.0
2006-10-11 00:00:00+09:00,1696.075439453125,1703.5471374242843,1684.8678924963863,1696.075439453125,242400,0.0,0.0
2006-10-12 00:00:00+09:00,1699.8111839632018,1699.8111839632018,1681.1319401833864,1688.6036376953125,147400,0.0,0.0
2006-10-13 00:00:00+09:00,1725.9626264900996,1744.641875694538,1714.7550769674367,1733.434326171875,311200,0.0,0.0
2006-10-16 00:00:00+09:00,1770.7917326598608,1785.7351228088892,1763.3200375853467,1778.263427734375,138600,0.0,0.0
2006-10-17 00:00:00+09:00,1778.264083441149,1778.264083441149,1740.905594293226,1759.5848388671875,104800,0.0,0.0
2006-10-18 00:00:00+09:00,1763.3201824293078,1767.0560302734375,1755.848486741048,1767.0560302734375,107600,0.0,0.0
2006-10-19 00:00:00+09:00,1781.9996507504113,1789.47134739926,1763.3204091282896,1774.5279541015625,115200,0.0,0.0
2006-10-20 00:00:00+09:00,1785.7354990748356,1796.9430440481087,1767.056257452714,1774.5279541015625,94600,0.0,0.0
2006-10-23 00:00:00+09:00,1774.5281803283053,1793.207424331761,1759.5847851255405,1781.9998779296875,69600,0.0,0.0
2006-10-24 00:00:00+09:00,1796.9428792317708,1804.4145751953126,1781.9994873046876,1793.20703125,97600,0.0,0.0
2006-10-25 00:00:00+09:00,1800.678892372533,1800.678892372533,1774.5279541015625,1774.5279541015625,72600,0.0,0.0
2006-10-26 00:00:00+09:00,1774.5278791947799,1811.8863608620384,1774.5278791947799,1808.1505126953125,137000,0.0,0.0
2006-10-27 00:00:00+09:00,1819.3578273409137,1819.3578273409137,1796.9427411724423,1800.6785888671875,107400,0.0,0.0
2006-10-30 00:00:00+09:00,1793.2074791003186,1796.9433280151109,1752.1131410376029,1759.5848388671875,162800,0.0,0.0
2006-10-31 00:00:00+09:00,1759.5845861919854,1774.527979705293,1755.8487378136585,1763.3204345703125,122200,0.0,0.0
2006-11-01 00:00:00+09:00,1759.5845608038653,1778.263802425987,1755.8487124794408,1774.5279541015625,115600,0.0,0.0
2006-11-02 00:00:00+09:00,1763.3204091282896,1778.263802425987,1759.5845608038653,1774.5279541015625,140600,0.0,0.0
2006-11-03 00:00:00+09:00,1774.5279541015625,1774.5279541015625,1774.5279541015625,1774.5279541015625,0,0.0,0.0
2006-11-06 00:00:00+09:00,1767.0561034136872,1789.4711914062498,1755.848559417406,1789.47119140625,87000,0.0,0.0
2006-11-07 00:00:00+09:00,1785.7354990748356,1789.47134739926,1767.056257452714,1774.5279541015625,60000,0.0,0.0
2006-11-08 00:00:00+09:00,1774.5282345263568,1778.264083441149,1755.8489899523952,1759.5848388671875,88400,0.0,0.0
2006-11-09 00:00:00+09:00,1729.6984763309874,1752.1135753763133,1729.6984763309874,1733.434326171875,72200,0.0,0.0
2006-11-10 00:00:00+09:00,1718.4897535403052,1729.69729541122,1707.28221166939,1714.75390625,95200,0.0,0.0
2006-11-13 00:00:00+09:00,1703.547451761745,1718.4908504614093,1651.2455563129195,1669.9248046875,157400,0.0,0.0
2006-11-14 00:00:00+09:00,1707.2825437343918,1748.3768719205586,1696.074999683619,1729.6976318359375,136000,0.0,0.0
2006-11-15 00:00:00+09:00,1722.2256008306101,1733.4331427015252,1714.75390625,1714.75390625,104800,0.0,0.0
2006-11-16 00:00:00+09:00,1718.4907645404203,1752.1134099336025,1651.245473754056,1654.9813232421875,364400,0.0,0.0
2006-11-17 00:00:00+09:00,1658.7168961099885,1662.452744975101,1602.6791631332997,1617.62255859375,331000,0.0,0.0
2006-11-20 00:00:00+09:00,1617.622562963809,1617.622562963809,1561.5848298357325,1565.3206787109375,176400,0.0,0.0
2006-11-21 00:00:00+09:00,1606.4148643457493,1610.1507128674837,1569.0563791284062,1576.528076171875,150400,0.0,0.0
2006-11-22 00:00:00+09:00,1576.5282253365529,1576.5282253365529,1535.4338877092969,1565.3206787109375,178800,0.0,0.0
2006-11-23 00:00:00+09:00,1565.3206787109375,1565.3206787109375,1565.3206787109375,1565.3206787109375,0,0.0,0.0
2006-11-24 00:00:00+09:00,1583.9998425635222,1602.6790859899788,1572.7922965076482,1598.9432373046875,151800,0.0,0.0
2006-11-27 00:00:00+09:00,1580.2640876504495,1613.886727813225,1580.2640876504495,1610.15087890625,113400,0.0,0.0
2006-11-28 00:00:00+09:00,1621.3581458782328,1628.8298424030172,1610.150601091056,1625.093994140625,100800,0.0,0.0
2006-11-29 00:00:00+09:00,1647.5096242659247,1658.717172730319,1632.5662263133993,1654.9813232421875,83200,0.0,0.0
2006-11-30 00:00:00+09:00,1677.3962310112847,1681.132080078125,1658.7169856770834,1681.132080078125,134800,0.0,0.0
2006-12-01 00:00:00+09:00,1699.810767028009,1714.754158386497,1692.3390713487652,1711.018310546875,169400,0.0,0.0
2006-12-04 00:00:00+09:00,1681.1320344694368,1707.2829772278503,1669.924487572974,1699.811279296875,75400,0.0,0.0
2006-12-05 00:00:00+09:00,1699.8116020868288,1707.283301436661,1666.1889550125838,1669.9248046875,75800,0.0,0.0
2006-12-06 00:00:00+09:00,1725.9617039880088,1767.0560302734375,1725.9617039880088,1767.0560302734375,427400,0.0,0.0
2006-12-07 00:00:00+09:00,1729.6978159803027,1755.8487548828127,1729.6978159803027,1755.8487548828125,187400,0.0,0.0
2006-12-08 00:00:00+09:00,1770.7917326598608,1781.999275271632,1767.0558851226037,1778.263427734375,195400,0.0,0.0
2006-12-11 00:00:00+09:00,1778.264301283953,1785.7360000288436,1767.0567531666172,1770.7926025390625,118800,0.0,0.0
2006-12-12 00:00:00+09:00,1759.5846032974569,1774.527996956034,1748.377058053524,1755.8487548828125,111400,0.0,0.0
2006-12-13 00:00:00+09:00,1752.112638896918,1774.5277259616973,1748.3767910527881,1767.0560302734375,139600,0.0,0.0
2006-12-14 00:00:00+09:00,1763.3201824293078,1778.2635738058273,1752.112638896918,1767.0560302734375,153600,0.0,0.0
2006-12-15 00:00:00+09:00,1767.0558851226037,1785.7351228088892,1767.0558851226037,1778.263427734375,208400,0.0,0.0
2006-12-18 00:00:00+09:00,1770.7922787873642,1815.622463060462,1770.7922787873642,1804.4149169921875,167200,0.0,0.0
2006-12-19 00:00:00+09:00,1800.6785129579175,1800.6785129579175,1767.0558851226037,1778.263427734375,109600,0.0,0.0
2006-12-20 00:00:00+09:00,1781.9997471765494,1785.735595703125,1763.3205045436716,1785.735595703125,105600,0.0,0.0
2006-12-21 00:00:00+09:00,1793.2076987737341,1793.2076987737341,1755.8492050492814,1770.7926025390625,128400,0.0,0.0
2006-12-22 00:00:00+09:00,1774.5281803283053,1800.6791219331435,1774.5281803283053,1781.9998779296875,174400,0.0,0.0
2006-12-25 00:00:00+09:00,1781.9999323559414,1781.9999323559414,1744.6414432080182,1759.5848388671875,136200,0.0,0.0
2006-12-26 00:00:00+09:00,1759.5847851255405,1785.7357267303787,1752.1130875241581,1781.9998779296875,67600,0.0,0.0
2006-12-27 00:00:00+09:00,1796.9432373046875,1811.8866322095082,1789.4715398522771,1796.9432373046875,98800,0.0,0.0
2006-12-28 00:00:00+09:00,1811.8863608620384,1819.3580571954901,1800.678816361861,1808.1505126953125,79600,0.0,0.0
2006-12-29 00:00:00+09:00,1804.4149347570979,1808.150783483303,1796.9432373046875,1796.9432373046875,21000,0.0,0.0
2007-01-04 00:00:00+09:00,1800.6787998529128,1815.6221923828125,1796.9429517204378,1815.6221923828125,33800,0.0,0.0
2007-01-05 00:00:00+09:00,1815.6224809357134,1823.0941783881237,1793.2073885784823,1796.9432373046875,83600,0.0,0.0
2007-01-09 00:00:00+09:00,1759.5847500426357,1800.6790860308927,1759.5847500426357,1796.9432373046875,169000,0.0,0.0
2007-01-10 00:00:00+09:00,1796.9428130264766,1811.8862044029963,1763.3201824293078,1767.0560302734375,147000,0.0,0.0
2007-01-11 00:00:00+09:00,1811.8864437884413,1894.07510721802,1808.1505954507331,1879.1317138671875,525000,0.0,0.0
2007-01-12 00:00:00+09:00,1867.9243761171722,1897.811166135047,1852.9809811082348,1894.0753173828125,275000,0.0,0.0
2007-01-15 00:00:00+09:00,1897.8108632128526,1931.4334966162298,1894.0750150569218,1920.2259521484375,202000,0.0,0.0
2007-01-16 00:00:00+09:00,1905.2826011672705,1920.225994117602,1886.6033599793561,1901.5467529296875,91600,0.0,0.0
2007-01-17 00:00:00+09:00,1886.6033599793561,1909.0184494048533,1882.8675117417731,1901.5467529296875,183000,0.0,0.0
2007-01-18 00:00:00+09:00,1890.3394686305783,1897.811166135047,1867.9243761171722,1894.0753173828125,162200,0.0,0.0
2007-01-19 00:00:00+09:00,1894.0752214704241,1894.0752214704241,1875.3959786551338,1882.86767578125,92800,0.0,0.0
2007-01-22 00:00:00+09:00,1882.8677711261096,1901.5470148872812,1875.3960736216409,1894.0753173828125,107200,0.0,0.0
2007-01-23 00:00:00+09:00,1894.0753352703437,1894.0753352703437,1879.1319401202818,1886.6036376953125,124400,0.0,0.0
2007-01-24 00:00:00+09:00,1897.8113441086575,1897.8113441086575,1860.4528530828966,1871.660400390625,166000,0.0,0.0
2007-01-25 00:00:00+09:00,1864.188758187342,1871.6604566169506,1845.5095121133206,1849.245361328125,143000,0.0,0.0
2007-01-26 00:00:00+09:00,1849.2450387137276,1882.86767578125,1845.5091901506696,1882.86767578125,203800,0.0,0.0
2007-01-29 00:00:00+09:00,1897.811234085648,1923.9621762876156,1886.603687427662,1916.490478515625,184800,0.0,0.0
2007-01-30 00:00:00+09:00,1905.282503512537,1912.754199604743,1886.6032632820218,1890.339111328125,138000,0.0,0.0
2007-01-31 00:00:00+09:00,1905.28288163289,1912.7545792079209,1882.8677889077971,1886.6036376953125,150200,0.0,0.0
2007-02-01 00:00:00+09:00,1886.603660879209,1927.697998046875,1886.603660879209,1927.697998046875,179000,0.0,0.0
2007-02-02 00:00:00+09:00,1931.4338740596065,1938.9055718315972,1912.7546296296296,1916.490478515625,133400,0.0,0.0
2007-02-05 00:00:00+09:00,1923.961842355185,1923.961842355185,1879.1316635041903,1901.5467529296875,164000,0.0,0.0
2007-02-06 00:00:00+09:00,1897.8112520639677,1909.018798828125,1890.339554221196,1909.018798828125,117400,0.0,0.0
2007-02-07 00:00:00+09:00,1909.01835155864,1909.01835155864,1879.1315671898158,1890.339111328125,78400,0.0,0.0
2007-02-08 00:00:00+09:00,1882.86767578125,1894.0752214704241,1864.18843296596,1882.86767578125,80600,0.0,0.0
2007-02-09 00:00:00+09:00,1867.9244429976852,1920.2263274016204,1867.9244429976852,1916.490478515625,161800,0.0,0.0
2007-02-13 00:00:00+09:00,1871.6601300920759,1897.811070033482,1871.6601300920759,1882.86767578125,283600,0.0,0.0
2007-02-14 00:00:00+09:00,1879.1322403106994,1886.6039390793305,1864.1888427734375,1864.1888427734375,260200,0.0,0.0
2007-02-15 00:00:00+09:00,1845.5095121133206,1856.7170597577335,1826.8302660392992,1849.245361328125,465000,0.0,0.0
2007-02-16 00:00:00+09:00,1834.301775786043,1834.301775786043,1808.1508339723928,1826.830078125,270000,0.0,0.0
2007-02-19 00:00:00+09:00,1838.0376246165645,1845.5093222776075,1823.0942292944787,1826.830078125,154000,0.0,0.0
2007-02-20 00:00:00+09:00,1841.7732102652433,1845.5090585619273,1815.6222721884549,1834.301513671875,141400,0.0,0.0
2007-02-21 00:00:00+09:00,1823.09423828125,1830.565935979124,1808.1508428855022,1823.09423828125,244000,0.0,0.0
2007-02-22 00:00:00+09:00,1808.1502080324317,1823.09359818146,1767.0558851226037,1778.263427734375,571200,0.0,0.0
2007-02-23 00:00:00+09:00,1778.263898649974,1793.207292756276,1778.263898649974,1785.735595703125,212600,0.0,0.0
2007-02-26 00:00:00+09:00,1789.4715898197853,1826.8300781250002,1789.4715898197853,1826.830078125,232400,0.0,0.0
2007-02-27 00:00:00+09:00,1845.5089943625712,1845.5089943625712,1793.2071200284092,1808.1505126953125,294000,0.0,0.0
2007-02-28 00:00:00+09:00,1755.8491304637525,1770.7925273187632,1703.5472414712153,1752.11328125,298800,0.0,0.0
2007-03-01 00:00:00+09:00,1785.7351228088892,1785.7351228088892,1755.8483425108325,1778.263427734375,191000,0.0,0.0
2007-03-02 00:00:00+09:00,1804.4150258446955,1804.4150258446955,1752.1131410376029,1759.5848388671875,136200,0.0,0.0
2007-03-05 00:00:00+09:00,1740.905093263851,1752.1126367827171,1699.810767028009,1711.018310546875,168000,0.0,0.0
2007-03-06 00:00:00+09:00,1692.3393735824093,1737.1695556640625,1688.603525075605,1737.1695556640625,127200,0.0,0.0
2007-03-07 00:00:00+09:00,1748.3768719205586,1763.3202639882559,1725.9617838190131,1729.6976318359375,133400,0.0,0.0
2007-03-08 00:00:00+09:00,1722.226119151014,1755.8487548828127,1722.226119151014,1755.8487548828125,75600,0.0,0.0
2007-03-09 00:00:00+09:00,1748.3771011844758,1763.3204952116937,1725.9620101436492,1737.1695556640625,254000,0.0,0.0
2007-03-12 00:00:00+09:00,1748.3777255354257,1755.849425217201,1722.226776649212,1733.434326171875,212200,0.0,0.0
2007-03-13 00:00:00+09:00,1729.6975578458357,1737.1692535600725,1707.282470703125,1707.282470703125,200200,0.0,0.0
2007-03-14 00:00:00+09:00,1681.132269659107,1688.6039686353695,1654.9813232421875,1654.9813232421875,228200,0.0,0.0
2007-03-15 00:00:00+09:00,1654.9814059878356,1681.1323537122482,1647.5097066380033,1669.9248046875,295200,0.0,0.0
2007-03-16 00:00:00+09:00,1662.4531053376677,1692.3399027369967,1643.7738569630872,1669.9248046875,292000,0.0,0.0
2007-03-19 00:00:00+09:00,1669.9248046875,1677.3965040373323,1651.2455563129195,1669.9248046875,183200,0.0,0.0
2007-03-20 00:00:00+09:00,1673.6602426714603,1688.6036376953125,1669.9243939154971,1688.6036376953125,183600,0.0,0.0
2007-03-22 00:00:00+09:00,1699.810684574624,1711.0182275498414,1684.867293941001,1692.3389892578125,283600,0.0,0.0
2007-03-23 00:00:00+09:00,1692.339267110506,1699.8109636540403,1673.6600257516704,1677.3958740234375,229600,0.0,0.0
2007-03-26 00:00:00+09:00,1696.0753352072388,1696.0753352072388,1677.3960914274232,1688.6036376953125,188200,0.0,0.0
2007-03-27 00:00:00+09:00,1689.7277152946406,1689.7277152946406,1656.0080934816654,1663.5013427734375,151000,6.5,0.0
2007-03-28 00:00:00+09:00,1659.754152332653,1659.754152332653,1633.5277887517757,1648.5142822265625,260400,0.0,0.0
2007-03-29 00:00:00+09:00,1633.5281888521636,1656.0079345703127,1618.541691706731,1656.0079345703125,175200,0.0,0.0
2007-03-30 00:00:00+09:00,1644.7676588578659,1648.5142822265625,1633.5277887517757,1648.5142822265625,130400,0.0,0.0
2007-04-02 00:00:00+09:00,1656.007820339378,1663.5010683952123,1622.2882040881236,1633.528076171875,133600,0.0,0.0
2007-04-03 00:00:00+09:00,1641.021236912734,1656.0077322270054,1629.78136542703,1652.2611083984375,126800,0.0,0.0
2007-04-04 00:00:00+09:00,1674.740924835205,1678.487548828125,1663.5010528564453,1678.487548828125,147600,0.0,0.0
2007-04-05 00:00:00+09:00,1685.9811099544986,1712.207482776013,1670.9946111993474,1704.7142333984375,224000,0.0,0.0
2007-04-06 00:00:00+09:00,1704.7136268530762,1712.2068735645182,1674.7406400073078,1682.23388671875,206800,0.0,0.0
2007-04-09 00:00:00+09:00,1693.474359332074,1712.207482776013,1678.4878605769231,1704.7142333984375,214200,0.0,0.0
2007-04-10 00:00:00+09:00,1704.7137012357025,1727.1934423508987,1697.220454197304,1719.7001953125,277400,0.0,0.0
2007-04-11 00:00:00+09:00,1727.1935967194192,1757.1665875518604,1723.4469728653642,1749.67333984375,339000,0.0,0.0
2007-04-12 00:00:00+09:00,1742.179975861324,1742.179975861324,1712.2069870293012,1727.1934814453125,95400,0.0,0.0
2007-04-13 00:00:00+09:00,1738.4333129084966,1753.4198069852941,1715.9535717933006,1719.7001953125,153400,0.0,0.0
2007-04-16 00:00:00+09:00,1742.180123098273,1790.886234066612,1738.4334991776316,1779.6463623046875,344800,0.0,0.0
2007-04-17 00:00:00+09:00,1798.3798640724947,1847.085985391125,1730.9406191697763,1757.1669921875,775400,0.0,0.0
2007-04-18 00:00:00+09:00,1764.6597018630123,1794.6326904296875,1760.9130782921777,1794.6326904296875,349600,0.0,0.0
2007-04-19 00:00:00+09:00,1809.6193963545788,1813.3660203635945,1745.926788201312,1775.8997802734375,331600,0.0,0.0
2007-04-20 00:00:00+09:00,1779.646327241938,1783.3929510887633,1753.4199603141622,1760.9132080078125,147000,0.0,0.0
2007-04-23 00:00:00+09:00,1757.166918157762,1768.4067918346773,1730.9405462449595,1742.180419921875,132200,0.0,0.0
2007-04-24 00:00:00+09:00,1738.4335099248926,1745.9267578125,1727.1936380934817,1745.9267578125,117200,0.0,0.0
2007-04-25 00:00:00+09:00,1749.6730160805887,1749.6730160805887,1727.1932771159559,1734.6865234375,108600,0.0,0.0
2007-04-26 00:00:00+09:00,1738.4330637353098,1760.9128016284387,1730.9398177709334,1753.4195556640625,86200,0.0,0.0
2007-04-27 00:00:00+09:00,1742.1796867174978,1760.9128016284387,1734.6864407531216,1753.4195556640625,124200,0.0,0.0
2007-05-01 00:00:00+09:00,1742.1800887736867,1775.899703395113,1742.1800887736867,1760.9132080078125,132800,0.0,0.0
2007-05-02 00:00:00+09:00,1757.1667856269075,1764.6600341796875,1738.4336642449575,1764.6600341796875,116800,0.0,0.0
2007-05-07 00:00:00+09:00,1783.392986225329,1783.392986225329,1768.4064905427633,1779.6463623046875,119600,0.0,0.0
2007-05-08 00:00:00+09:00,1779.646243079234,1783.3928667488744,1757.166501061391,1768.4063720703125,109000,0.0,0.0
2007-05-09 00:00:00+09:00,1768.406574144424,1787.139694633242,1760.9133259488967,1772.1531982421875,244800,0.0,0.0
2007-05-10 00:00:00+09:00,1775.8999070088576,1779.6465312852476,1757.1667856269075,1764.6600341796875,129400,0.0,0.0
2007-05-11 00:00:00+09:00,1757.166629643911,1760.9132535877145,1738.4335099248926,1745.9267578125,107400,0.0,0.0
2007-05-14 00:00:00+09:00,1745.9263929198164,1760.912885562905,1730.939900276728,1734.6865234375,120800,0.0,0.0
2007-05-15 00:00:00+09:00,1715.9541074648007,1738.4338555975276,1704.7142333984375,1704.7142333984375,93600,0.0,0.0
2007-05-16 00:00:00+09:00,1697.2209047830052,1715.954027352354,1693.4742802691353,1700.967529296875,75800,0.0,0.0
2007-05-17 00:00:00+09:00,1689.7272119248412,1712.2069531034422,1689.7272119248412,1697.220458984375,82200,0.0,0.0
2007-05-18 00:00:00+09:00,1693.4737120511238,1712.2068283348751,1693.4737120511238,1708.460205078125,126800,0.0,0.0
2007-05-21 00:00:00+09:00,1712.2071533203125,1730.940273159703,1685.9807855451654,1712.2071533203125,230800,0.0,0.0
2007-05-22 00:00:00+09:00,1730.9406191697763,1764.6602416211356,1727.1939944529586,1757.1669921875,223200,0.0,0.0
2007-05-23 00:00:00+09:00,1760.9132080078125,1772.153079548288,1749.673336467337,1760.9132080078125,94800,0.0,0.0
2007-05-24 00:00:00+09:00,1764.6603343569,1764.6603343569,1727.1940852198106,1738.4339599609375,84800,0.0,0.0
2007-05-25 00:00:00+09:00,1742.179975861324,1742.179975861324,1700.9671162172926,1727.1934814453125,156000,0.0,0.0
2007-05-28 00:00:00+09:00,1745.9270444808467,1760.9135427167337,1723.447297127016,1742.180419921875,115200,0.0,0.0
2007-05-29 00:00:00+09:00,1730.9398177709334,1760.9128016284387,1727.1931947887451,1753.4195556640625,64400,0.0,0.0
2007-05-30 00:00:00+09:00,1757.1665875518604,1757.1665875518604,1738.4334682815847,1749.67333984375,154600,0.0,0.0
2007-05-31 00:00:00+09:00,1753.4201613505177,1764.6600341796875,1738.4336642449575,1764.6600341796875,146800,0.0,0.0
2007-06-01 00:00:00+09:00,1768.4064557014626,1772.153079548288,1753.4199603141622,1760.9132080078125,152600,0.0,0.0
2007-06-04 00:00:00+09:00,1775.9001157715886,1779.6467404884063,1753.4203674706823,1757.1669921875,156200,0.0,0.0
2007-06-05 00:00:00+09:00,1742.1796867174978,1757.1661786462505,1734.6864407531216,1753.4195556640625,133000,0.0,0.0
2007-06-06 00:00:00+09:00,1745.9263929198164,1760.912885562905,1734.6865234375,1734.6865234375,112800,0.0,0.0
2007-06-07 00:00:00+09:00,1727.1935967194192,1753.4199636978053,1727.1935967194192,1749.67333984375,149600,0.0,0.0
2007-06-08 00:00:00+09:00,1715.9535717933006,1727.1934423508987,1712.2069482741013,1719.7001953125,197600,0.0,0.0
2007-06-11 00:00:00+09:00,1723.4473568423764,1723.4473568423764,1704.7142333984375,1704.7142333984375,104800,0.0,0.0
2007-06-12 00:00:00+09:00,1708.4602900672116,1712.2069135103416,1685.9805494084326,1689.7271728515625,103000,0.0,0.0
2007-06-13 00:00:00+09:00,1685.9805100744709,1689.727133430192,1663.5007699401447,1682.23388671875,154200,0.0,0.0
2007-06-14 00:00:00+09:00,1689.727703721788,1693.4743283420137,1674.7412052408854,1685.9810791015625,166200,0.0,0.0
2007-06-15 00:00:00+09:00,1678.487829861111,1689.727703721788,1678.487829861111,1685.9810791015625,157600,0.0,0.0
2007-06-18 00:00:00+09:00,1704.7139053845563,1719.7004012560687,1700.9672814166781,1712.2071533203125,103000,0.0,0.0
2007-06-19 00:00:00+09:00,1715.9541074648007,1715.9541074648007,1693.474359332074,1704.7142333984375,107600,0.0,0.0
2007-06-20 00:00:00+09:00,1700.9676087096498,1715.9541074648007,1693.474359332074,1704.7142333984375,146600,0.0,0.0
2007-06-21 00:00:00+09:00,1708.4603247549019,1727.1934423508987,1697.220454197304,1719.7001953125,160000,0.0,0.0
2007-06-22 00:00:00+09:00,1723.4468578413098,1727.1934814453125,1712.2069870293012,1727.1934814453125,71800,0.0,0.0
2007-06-25 00:00:00+09:00,1738.4338555975276,1745.927104975103,1704.7142333984375,1704.7142333984375,160400,0.0,0.0
2007-06-26 00:00:00+09:00,1708.4602050781248,1712.2068283348751,1700.9669585646243,1708.460205078125,106800,0.0,0.0
2007-06-27 00:00:00+09:00,1715.9534515916255,1719.7000748483756,1704.7135818213746,1708.460205078125,112800,0.0,0.0
2007-06-28 00:00:00+09:00,1719.700641134511,1727.1938901154892,1708.4607676630435,1723.447265625,97200,0.0,0.0
2007-06-29 00:00:00+09:00,1734.6868410800364,1768.4064557014626,1727.1935933863863,1760.9132080078125,255200,0.0,0.0
2007-07-02 00:00:00+09:00,1775.8998223399512,1779.6464464377148,1764.6599500466602,1772.1531982421875,125400,0.0,0.0
2007-07-03 00:00:00+09:00,1783.393104202079,1790.8863525390627,1775.8998558650956,1790.8863525390625,163200,0.0,0.0
2007-07-04 00:00:00+09:00,1779.646243079234,1779.646243079234,1768.4063720703125,1768.4063720703125,64200,0.0,0.0
2007-07-05 00:00:00+09:00,1760.9128016284387,1768.406047592815,1749.6729326818743,1753.4195556640625,91800,0.0,0.0
2007-07-06 00:00:00+09:00,1734.6866893892973,1738.4333129084966,1708.4603247549019,1719.7001953125,235000,0.0,0.0
2007-07-09 00:00:00+09:00,1719.700641134511,1738.4337635869565,1715.9540166440217,1723.447265625,156000,0.0,0.0
2007-07-10 00:00:00+09:00,1727.1939216859878,1757.166918157762,1723.447297127016,1742.180419921875,161200,0.0,0.0
2007-07-11 00:00:00+09:00,1742.1805848746465,1745.9272097883552,1734.6873350472285,1738.4339599609375,104600,0.0,0.0
2007-07-12 00:00:00+09:00,1757.1661786462505,1768.406047592815,1745.926309699686,1753.4195556640625,126600,0.0,0.0
2007-07-13 00:00:00+09:00,1768.4064557014626,1772.153079548288,1760.9132080078125,1760.9132080078125,122200,0.0,0.0
2007-07-17 00:00:00+09:00,1757.1665841609872,1764.6598318546376,1753.4199603141622,1760.9132080078125,85600,0.0,0.0
2007-07-18 00:00:00+09:00,1764.6598318546376,1764.6598318546376,1753.4199603141622,1760.9132080078125,109400,0.0,0.0
2007-07-19 00:00:00+09:00,1757.1665841609872,1768.4064557014626,1757.1665841609872,1760.9132080078125,66800,0.0,0.0
2007-07-20 00:00:00+09:00,1772.152949004681,1798.379314000522,1764.6597018630123,1794.6326904296875,219200,0.0,0.0
2007-07-23 00:00:00+09:00,1775.8999070088576,1779.6465312852476,1764.6600341796875,1764.6600341796875,76000,0.0,0.0
2007-07-24 00:00:00+09:00,1772.153072838022,1783.3929443359375,1768.4064490053834,1783.3929443359375,108000,0.0,0.0
2007-07-25 00:00:00+09:00,1783.392986225329,1783.392986225329,1760.9132427014804,1779.6463623046875,147200,0.0,0.0
2007-07-26 00:00:00+09:00,1783.3933898797825,1820.8596375663326,1783.3933898797825,1787.1400146484375,323200,0.0,0.0
2007-07-27 00:00:00+09:00,1783.3932900705645,1783.3932900705645,1738.433795362903,1742.180419921875,189000,0.0,0.0
2007-07-30 00:00:00+09:00,1715.9534969202393,1749.6731071217287,1633.5277830943762,1682.23388671875,375800,0.0,0.0
2007-07-31 00:00:00+09:00,1678.4872691761366,1685.9805159135299,1644.7676588578659,1648.5142822265625,269200,0.0,0.0
2007-08-01 00:00:00+09:00,1644.7681087685503,1678.4877283105025,1633.5282355878996,1641.021484375,233400,0.0,0.0
2007-08-02 00:00:00+09:00,1633.5279667692364,1637.2745905462302,1573.5819863373379,1588.5684814453125,556800,0.0,0.0
2007-08-03 00:00:00+09:00,1588.5688161918258,1588.5688161918258,1562.3424442263947,1569.835693359375,218600,0.0,0.0
2007-08-06 00:00:00+09:00,1566.0889006630466,1588.5686456486405,1551.102404005984,1584.822021484375,223000,0.0,0.0
2007-08-07 00:00:00+09:00,1588.5687839673913,1592.3154084578805,1547.355914572011,1551.1025390625,211200,0.0,0.0
2007-08-08 00:00:00+09:00,1554.849045653703,1566.0889182728863,1539.862548828125,1539.862548828125,160200,0.0,0.0
2007-08-09 00:00:00+09:00,1558.5958562203089,1588.5688534553149,1551.1026069115574,1577.3289794921875,388600,0.0,0.0
2007-08-10 00:00:00+09:00,1588.5688051470588,1622.2884260110293,1554.849184283088,1592.3154296875,300400,0.0,0.0
2007-08-13 00:00:00+09:00,1596.0621027640664,1596.0621027640664,1573.5823548378119,1577.3289794921875,149200,0.0,0.0
2007-08-14 00:00:00+09:00,1577.3288477019908,1607.30184243267,1562.3423503366512,1599.80859375,149600,0.0,0.0
2007-08-15 00:00:00+09:00,1562.3424125339675,1573.5822860054348,1551.1025390625,1551.1025390625,113800,0.0,0.0
2007-08-16 00:00:00+09:00,1536.1158565987375,1539.8624806392222,1483.6631200319514,1502.396240234375,221400,0.0,0.0
2007-08-17 00:00:00+09:00,1494.903012606764,1506.1428848820028,1446.1968994140625,1446.1968994140625,132400,0.0,0.0
2007-08-20 00:00:00+09:00,1502.396217208192,1502.396217208192,1446.1968574622497,1449.9434814453125,95600,0.0,0.0
2007-08-21 00:00:00+09:00,1453.690291935611,1498.6497855006298,1449.9436674718593,1487.409912109375,106600,0.0,0.0
2007-08-22 00:00:00+09:00,1487.409744072436,1513.6361123558293,1487.409744072436,1502.396240234375,80000,0.0,0.0
2007-08-23 00:00:00+09:00,1558.5956698600974,1562.3422940664918,1528.6226762089416,1539.862548828125,136000,0.0,0.0
2007-08-24 00:00:00+09:00,1543.609135037821,1547.3557591519905,1517.3827662386348,1532.3692626953125,49800,0.0,0.0
2007-08-27 00:00:00+09:00,1551.1023407726752,1551.1023407726752,1536.1158447265625,1536.1158447265625,79200,0.0,0.0
2007-08-28 00:00:00+09:00,1521.1293486804498,1536.1158447265625,1521.1293486804498,1536.1158447265625,61200,0.0,0.0
2007-08-29 00:00:00+09:00,1517.3829400361474,1517.3829400361474,1487.4099436897543,1506.14306640625,105000,0.0,0.0
2007-08-30 00:00:00+09:00,1513.636315492848,1532.3694382093438,1494.9031927763524,1506.14306640625,95400,0.0,0.0
2007-08-31 00:00:00+09:00,1509.889272813912,1558.5953783885543,1509.889272813912,1554.8487548828125,131400,0.0,0.0
2007-09-03 00:00:00+09:00,1573.5820347628148,1577.3286586551071,1558.5955391936452,1562.3421630859375,68000,0.0,0.0
2007-09-04 00:00:00+09:00,1558.5958562203089,1584.822228800939,1558.5958562203089,1577.3289794921875,63000,0.0,0.0
2007-09-05 00:00:00+09:00,1562.3422556086682,1562.3422556086682,1528.622638581143,1532.3692626953125,92600,0.0,0.0
2007-09-06 00:00:00+09:00,1513.6363468404484,1532.3694699449093,1494.9032237359872,1524.876220703125,101600,0.0,0.0
2007-09-07 00:00:00+09:00,1543.6093576028059,1577.3289794921875,1543.6093576028059,1577.3289794921875,187800,0.0,0.0
2007-09-10 00:00:00+09:00,1536.1158447265625,1547.355716761147,1517.3827246689216,1536.1158447265625,120000,0.0,0.0
2007-09-11 00:00:00+09:00,1528.6225967035061,1543.6090927496189,1517.3827246689216,1536.1158447265625,104800,0.0,0.0
2007-09-12 00:00:00+09:00,1536.1160627526428,1543.6093118392412,1506.14306640625,1506.14306640625,122000,0.0,0.0
2007-09-13 00:00:00+09:00,1502.3962057094382,1506.1428296638258,1483.6630859375,1483.6630859375,143200,0.0,0.0
2007-09-14 00:00:00+09:00,1476.1697193563136,1483.662966662691,1464.9298483967477,1472.423095703125,152000,0.0,0.0
2007-09-18 00:00:00+09:00,1464.9300625887784,1476.1699351917612,1434.9570689808238,1442.4503173828125,133600,0.0,0.0
2007-09-19 00:00:00+09:00,1457.4369215602198,1479.916668422331,1457.4369215602198,1476.1700439453125,137400,0.0,0.0
2007-09-20 00:00:00+09:00,1528.622608517768,1528.622608517768,1479.9164959914667,1502.396240234375,114800,0.0,0.0
2007-09-21 00:00:00+09:00,1517.3829400361474,1517.3829400361474,1491.1565682330533,1506.14306640625,61000,0.0,0.0
2007-09-25 00:00:00+09:00,1529.0599794459165,1529.0599794459165,1499.0047464346944,1506.5185546875,50200,5.5,0.0
2007-09-26 00:00:00+09:00,1495.2476530196407,1495.2476530196407,1468.9493274640188,1476.463134765625,135600,0.0,0.0
2007-09-27 00:00:00+09:00,1483.977241322474,1502.7617633645305,1468.9496236888285,1480.2203369140625,242800,0.0,0.0
2007-09-28 00:00:00+09:00,1487.733872911311,1491.490776630784,1457.678643155527,1461.435546875,176000,0.0,0.0
2007-10-01 00:00:00+09:00,1480.2202978890266,1480.2202978890266,1457.6788720328486,1468.9495849609375,110200,0.0,0.0
2007-10-02 00:00:00+09:00,1487.7343432617188,1502.761962890625,1483.9774383544923,1502.761962890625,99800,0.0,0.0
2007-10-03 00:00:00+09:00,1514.0324124895453,1544.087646484375,1506.5186039908378,1544.087646484375,120200,0.0,0.0
2007-10-04 00:00:00+09:00,1544.0876069910387,1547.8445111443016,1525.3030862247242,1532.81689453125,48400,0.0,0.0
2007-10-05 00:00:00+09:00,1532.8169337363138,1547.8445507337287,1529.06002948696,1544.087646484375,73000,0.0,0.0
2007-10-09 00:00:00+09:00,1547.8444682687955,1559.1151804163837,1536.573756121207,1555.3582763671875,74000,0.0,0.0
2007-10-10 00:00:00+09:00,1547.8444018434423,1559.1151135073508,1521.5460746276556,1525.302978515625,115600,0.0,0.0
2007-10-11 00:00:00+09:00,1544.087646484375,1555.358359232436,1529.06002948696,1544.087646484375,150400,0.0,0.0
2007-10-12 00:00:00+09:00,1521.5461024953358,1532.8168143656717,1510.275390625,1510.275390625,98200,0.0,0.0
2007-10-15 00:00:00+09:00,1510.275473228971,1525.3030898780153,1495.2478565799263,1499.0047607421875,99600,0.0,0.0
2007-10-16 00:00:00+09:00,1483.9771478114983,1502.7616686698716,1465.192626953125,1465.192626953125,127400,0.0,0.0
2007-10-17 00:00:00+09:00,1461.4358596015222,1480.2203822185083,1450.1651460313306,1457.678955078125,136800,0.0,0.0
2007-10-18 00:00:00+09:00,1450.1653566944356,1476.4636921785316,1438.8946414869658,1472.706787109375,142000,0.0,0.0
2007-10-19 00:00:00+09:00,1453.9218892679585,1465.1926015878653,1438.8942728414163,1446.4080810546875,94200,0.0,0.0
2007-10-22 00:00:00+09:00,1442.6513439973614,1453.9220576223408,1408.8392031224234,1423.8668212890625,111200,0.0,0.0
2007-10-23 00:00:00+09:00,1431.3805707591448,1457.6789014555072,1427.6236663739503,1453.9219970703125,50800,0.0,0.0
2007-10-24 00:00:00+09:00,1461.4359057361542,1465.1928103781495,1431.3806686001922,1435.1375732421875,80200,0.0,0.0
2007-10-25 00:00:00+09:00,1465.1928103781495,1465.1928103781495,1431.3806686001922,1435.1375732421875,88800,0.0,0.0
2007-10-26 00:00:00+09:00,1435.1377276062335,1435.1377276062335,1412.5962973296957,1420.110107421875,89200,0.0,0.0
2007-10-29 00:00:00+09:00,1446.4080953971525,1461.4357119727072,1431.3804788215975,1438.894287109375,82800,0.0,0.0
2007-10-30 00:00:00+09:00,1442.6512746710525,1457.6788921155428,1427.6236572265625,1427.6236572265625,108600,0.0,0.0
2007-10-31 00:00:00+09:00,1450.1648092100033,1476.463134765625,1450.1648092100033,1476.463134765625,76200,0.0,0.0
2007-11-01 00:00:00+09:00,1468.9493274640188,1487.7338457180344,1465.1924238132158,1476.463134765625,78200,0.0,0.0
2007-11-02 00:00:00+09:00,1461.435546875,1476.463161752892,1450.164835716581,1461.435546875,51400,0.0,0.0
2007-11-05 00:00:00+09:00,1480.2202180144075,1480.2202180144075,1442.651176948052,1446.4080810546875,46400,0.0,0.0
2007-11-06 00:00:00+09:00,1431.3805707591448,1476.4634233814802,1431.3805707591448,1453.9219970703125,61800,0.0,0.0
2007-11-07 00:00:00+09:00,1442.651382526178,1453.9220964521637,1435.1375732421875,1435.1375732421875,50600,0.0,0.0
2007-11-08 00:00:00+09:00,1427.623523374665,1431.3804273835456,1390.054483285858,1401.3251953125,78600,0.0,0.0
2007-11-09 00:00:00+09:00,1393.8114445098458,1401.3252528360445,1371.27001953125,1371.27001953125,82000,0.0,0.0
2007-11-12 00:00:00+09:00,1375.0267187772024,1397.5681403965007,1341.2145863482547,1348.7283935546875,83600,0.0,0.0
2007-11-13 00:00:00+09:00,1341.214750035964,1356.2423662828655,1322.430229727337,1326.1871337890625,96000,0.0,0.0
2007-11-14 00:00:00+09:00,1359.999307041952,1371.27001953125,1359.999307041952,1371.27001953125,39400,0.0,0.0
2007-11-15 00:00:00+09:00,1356.242321843686,1393.8113612299378,1356.242321843686,1382.5406494140625,60000,0.0,0.0
2007-11-16 00:00:00+09:00,1326.1873170636038,1356.2425537109375,1326.1873170636038,1356.2425537109375,51600,0.0,0.0
2007-11-19 00:00:00+09:00,1352.4854336265755,1356.2423376088716,1337.4578176973914,1341.2147216796875,52400,0.0,0.0
2007-11-20 00:00:00+09:00,1337.4578432536257,1363.7561716322082,1318.6733229832096,1359.999267578125,103400,0.0,0.0
2007-11-21 00:00:00+09:00,1397.5685750325522,1401.325479804145,1344.9719082302518,1352.4857177734375,103200,0.0,0.0
2007-11-22 00:00:00+09:00,1348.7286618410885,1382.5408009958792,1329.9441400884273,1367.51318359375,91600,0.0,0.0
2007-11-26 00:00:00+09:00,1386.2975932735637,1401.325209460811,1367.5130730395047,1393.8114013671875,58400,0.0,0.0
2007-11-27 00:00:00+09:00,1386.297738257875,1416.3529737756608,1375.0270249387052,1412.5960693359375,79800,0.0,0.0
2007-11-28 00:00:00+09:00,1412.595907339142,1412.595907339142,1371.2699632414544,1401.3251953125,69600,0.0,0.0
2007-11-29 00:00:00+09:00,1396.3507837874108,1416.3529052734375,1396.3507837874108,1416.3529052734375,52400,0.0,0.0
2007-11-30 00:00:00+09:00,1427.6236180474966,1427.6236180474966,1408.839096757398,1416.3529052734375,89600,0.0,0.0
2007-12-03 00:00:00+09:00,1472.7070671341864,1472.7070671341864,1420.1103861651084,1431.381103515625,77800,0.0,0.0
2007-12-04 00:00:00+09:00,1416.3529052734375,1431.3805223055165,1412.5960010154179,1416.3529052734375,33600,0.0,0.0
2007-12-05 00:00:00+09:00,1427.6233863830566,1446.407904624939,1420.1095790863037,1442.6510009765625,77800,0.0,0.0
2007-12-06 00:00:00+09:00,1465.1926232818373,1499.0047607421875,1450.165006632793,1499.0047607421875,116000,0.0,0.0
2007-12-07 00:00:00+09:00,1499.0049669670336,1514.0325856834952,1483.9773482505723,1487.7342529296875,67400,0.0,0.0
2007-12-10 00:00:00+09:00,1468.9496236888285,1495.2479545477079,1457.6789104635945,1480.2203369140625,54000,0.0,0.0
2007-12-11 00:00:00+09:00,1472.7067024327532,1483.9774169921875,1468.9497975796085,1483.9774169921875,38200,0.0,0.0
2007-12-12 00:00:00+09:00,1461.435814872006,1483.977241322474,1450.165101646772,1480.2203369140625,45400,0.0,0.0
2007-12-13 00:00:00+09:00,1465.1929027181834,1472.7067124757125,1450.165283203125,1450.165283203125,36000,0.0,0.0
2007-12-14 00:00:00+09:00,1438.894097328186,1461.4355192184448,1431.380290031433,1442.6510009765625,87800,0.0,0.0
2007-12-17 00:00:00+09:00,1461.4355192184448,1465.1924228668213,1438.894097328186,1442.6510009765625,97600,0.0,0.0
2007-12-18 00:00:00+09:00,1442.6511912532637,1453.9219036849297,1435.1373829654863,1438.894287109375,41200,0.0,0.0
2007-12-19 00:00:00+09:00,1420.1095790863037,1465.1924228668213,1420.1095790863037,1442.6510009765625,78600,0.0,0.0
2007-12-20 00:00:00+09:00,1461.4363497836696,1465.1932555671751,1423.867291948614,1431.381103515625,74600,0.0,0.0
2007-12-21 00:00:00+09:00,1446.4082871681733,1446.4082871681733,1416.353050032211,1435.1375732421875,100200,0.0,0.0
2007-12-25 00:00:00+09:00,1491.490930334314,1491.490930334314,1438.8942728414163,1446.4080810546875,66400,0.0,0.0
2007-12-26 00:00:00+09:00,1457.678955078125,1468.9496686483167,1450.1651460313306,1457.678955078125,43200,0.0,0.0
2007-12-27 00:00:00+09:00,1438.894379529534,1461.4358058407017,1438.894379529534,1453.9219970703125,36400,0.0,0.0
2007-12-28 00:00:00+09:00,1442.6518208661419,1457.679444000164,1431.381103515625,1431.381103515625,39400,0.0,0.0
2008-01-04 00:00:00+09:00,1412.596075655654,1412.596075655654,1363.756317720751,1378.783935546875,62800,0.0,0.0
2008-01-07 00:00:00+09:00,1383.264912229437,1383.264912229437,1352.4857177734375,1352.4857177734375,43200,0.0,0.0
2008-01-08 00:00:00+09:00,1356.242638273612,1356.242638273612,1344.971923828125,1344.971923828125,43200,0.0,0.0
2008-01-09 00:00:00+09:00,1344.9717574905562,1367.51318359375,1344.9717574905562,1367.51318359375,43200,0.0,0.0
2008-01-10 00:00:00+09:00,1341.2147216796875,1341.2147216796875,1341.2147216796875,1341.2147216796875,43200,0.0,0.0
2008-01-11 00:00:00+09:00,1322.4301897321427,1322.4301897321427,1314.9163818359375,1314.9163818359375,43200,0.0,0.0
2008-01-15 00:00:00+09:00,1318.673570944223,1318.673570944223,1266.076904296875,1266.076904296875,43200,0.0,0.0
2008-01-16 00:00:00+09:00,1247.2920326279716,1262.319647478911,1224.7506103515625,1224.7506103515625,171200,0.0,0.0
2008-01-17 00:00:00+09:00,1281.1048409598213,1288.61865234375,1281.1048409598213,1288.61865234375,171200,0.0,0.0
2008-01-18 00:00:00+09:00,1283.0130361362435,1307.40283203125,1283.0130361362435,1307.40283203125,171200,0.0,0.0
2008-01-21 00:00:00+09:00,1307.4027460354478,1307.4027460354478,1258.56298828125,1258.56298828125,171200,0.0,0.0
2008-01-22 00:00:00+09:00,1228.5076950361142,1228.5076950361142,1194.695556640625,1194.695556640625,171200,0.0,0.0
2008-01-23 00:00:00+09:00,1258.56298828125,1258.56298828125,1258.56298828125,1258.56298828125,171200,0.0,0.0
2008-01-24 00:00:00+09:00,1258.562863372093,1292.375,1258.562863372093,1292.375,171200,0.0,0.0
2008-01-25 00:00:00+09:00,1307.4024539193072,1348.7283935546875,1307.4024539193072,1348.7283935546875,171200,0.0,0.0
2008-01-28 00:00:00+09:00,1356.2426810886548,1356.2426810886548,1296.1322021484375,1296.1322021484375,171200,0.0,0.0
2008-01-29 00:00:00+09:00,1329.9443045674755,1344.971923828125,1329.9443045674755,1344.971923828125,171200,0.0,0.0
2008-01-30 00:00:00+09:00,1337.2380534898332,1341.2147216796875,1337.2380534898332,1341.2147216796875,171200,0.0,0.0
2008-01-31 00:00:00+09:00,1334.5759192952967,1382.5406494140625,1334.5759192952967,1382.5406494140625,171200,0.0,0.0
2008-02-01 00:00:00+09:00,1382.5411178546833,1382.5411178546833,1363.756591796875,1363.756591796875,171200,0.0,0.0
2008-02-04 00:00:00+09:00,1405.0820993213806,1405.0820993213806,1401.3251953125,1401.3251953125,171200,0.0,0.0
2008-02-05 00:00:00+09:00,1371.269896808155,1405.08203125,1371.269896808155,1405.08203125,171200,0.0,0.0
2008-02-06 00:00:00+09:00,1326.187173221888,1337.4578857421875,1326.187173221888,1337.4578857421875,171200,0.0,0.0
2008-02-07 00:00:00+09:00,1333.7011939154731,1352.4857177734375,1333.7011939154731,1352.4857177734375,171200,0.0,0.0
2008-02-08 00:00:00+09:00,1314.916853471236,1326.1875693581321,1314.916853471236,1322.4306640625,59000,0.0,0.0
2008-02-12 00:00:00+09:00,1322.430243945869,1322.430243945869,1318.67333984375,1318.67333984375,59000,0.0,0.0
2008-02-13 00:00:00+09:00,1313.4653186917305,1313.4653186917305,1288.61865234375,1288.61865234375,59000,0.0,0.0
2008-02-14 00:00:00+09:00,1292.374969909839,1341.2147216796875,1292.374969909839,1341.2147216796875,59000,0.0,0.0
2008-02-15 00:00:00+09:00,1329.9438755386057,1352.485297157904,1318.6731647289564,1348.7283935546875,56200,0.0,0.0
2008-02-18 00:00:00+09:00,1348.7288130018446,1352.4857177734375,1348.7288130018446,1352.4857177734375,56200,0.0,0.0
2008-02-19 00:00:00+09:00,1358.5044456488174,1363.756591796875,1358.5044456488174,1363.756591796875,56200,0.0,0.0
2008-02-20 00:00:00+09:00,1344.9716540976895,1344.9716540976895,1326.1871337890625,1326.1871337890625,56200,0.0,0.0
2008-02-21 00:00:00+09:00,1356.242335585297,1375.02685546875,1356.242335585297,1375.02685546875,56200,0.0,0.0
2008-02-22 00:00:00+09:00,1352.4855661916208,1371.2700879442823,1352.4855661916208,1367.51318359375,56200,0.0,0.0
2008-02-25 00:00:00+09:00,1397.5683984375,1408.839111328125,1397.5683984375,1408.839111328125,56200,0.0,0.0
2008-02-26 00:00:00+09:00,1416.3527992123463,1416.3527992123463,1375.02685546875,1375.02685546875,56200,0.0,0.0
2008-02-27 00:00:00+09:00,1375.0269584352204,1416.3529052734375,1375.0269584352204,1416.3529052734375,56200,0.0,0.0
2008-02-28 00:00:00+09:00,1423.8313238007422,1423.8313238007422,1359.999267578125,1359.999267578125,56200,0.0,0.0
2008-02-29 00:00:00+09:00,1367.513047515369,1375.02685546875,1367.513047515369,1375.02685546875,56200,0.0,0.0
2008-03-03 00:00:00+09:00,1375.0268575203518,1375.0268575203518,1341.2147216796875,1341.2147216796875,56200,0.0,0.0
2008-03-04 00:00:00+09:00,1335.9171514573895,1337.4578857421875,1335.9171514573895,1337.4578857421875,56200,0.0,0.0
2008-03-05 00:00:00+09:00,1307.4025337153278,1307.4025337153278,1303.6456298828125,1303.6456298828125,56200,0.0,0.0
2008-03-06 00:00:00+09:00,1333.701171875,1333.701171875,1333.701171875,1333.701171875,56200,0.0,0.0
2008-03-07 00:00:00+09:00,1333.7010862116229,1333.7010862116229,1284.861328125,1284.861328125,56200,0.0,0.0
2008-03-10 00:00:00+09:00,1258.562826133636,1258.562826133636,1247.2921142578125,1247.2921142578125,56200,0.0,0.0
2008-03-11 00:00:00+09:00,1247.2923430482786,1254.80615234375,1247.2923430482786,1254.80615234375,56200,0.0,0.0
2008-03-12 00:00:00+09:00,1260.8917866886538,1277.347412109375,1260.8917866886538,1277.347412109375,56200,0.0,0.0
2008-03-13 00:00:00+09:00,1224.7509923864293,1224.7509923864293,1217.2371826171875,1217.2371826171875,56200,0.0,0.0
2008-03-14 00:00:00+09:00,1222.045106393395,1222.045106393395,1209.7232666015625,1209.7232666015625,56200,0.0,0.0
2008-03-17 00:00:00+09:00,1205.966063279372,1205.966063279372,1172.1539306640625,1172.1539306640625,56200,0.0,0.0
2008-03-18 00:00:00+09:00,1168.3972314137086,1168.3972314137086,1160.8834228515625,1160.8834228515625,56200,0.0,0.0
2008-03-19 00:00:00+09:00,1167.6741716333975,1172.1539306640625,1167.6741716333975,1172.1539306640625,56200,0.0,0.0
2008-03-21 00:00:00+09:00,1175.9112493172966,1236.021728515625,1175.9112493172966,1236.021728515625,56200,0.0,0.0
2008-03-24 00:00:00+09:00,1251.0491943359375,1251.0491943359375,1251.0491943359375,1251.0491943359375,56200,0.0,0.0
2008-03-25 00:00:00+09:00,1258.56298828125,1258.56298828125,1258.56298828125,1258.56298828125,56200,0.0,0.0
2008-03-26 00:00:00+09:00,1243.8630626166046,1262.70947265625,1243.8630626166046,1262.70947265625,56200,5.5,0.0
2008-03-27 00:00:00+09:00,1270.247819967831,1281.5556640625,1270.247819967831,1281.5556640625,56200,0.0,0.0
2008-03-28 00:00:00+09:00,1277.7860900357236,1323.0174560546875,1277.7860900357236,1323.0174560546875,56200,0.0,0.0
2008-03-31 00:00:00+09:00,1274.0170098788496,1300.4019775390625,1258.9398855015852,1300.4019775390625,78000,0.0,0.0
2008-04-01 00:00:00+09:00,1304.1713000210848,1326.7869873046875,1304.1713000210848,1326.7869873046875,78000,0.0,0.0
2008-04-02 00:00:00+09:00,1326.787168560606,1368.249267578125,1326.787168560606,1368.249267578125,78000,0.0,0.0
2008-04-03 00:00:00+09:00,1372.0181884765625,1372.0181884765625,1372.0181884765625,1372.0181884765625,78000,0.0,0.0
2008-04-04 00:00:00+09:00,1349.402228820291,1353.1715087890625,1349.402228820291,1353.1715087890625,78000,0.0,0.0
2008-04-07 00:00:00+09:00,1334.3254880114814,1364.479736328125,1334.3254880114814,1364.479736328125,78000,0.0,0.0
2008-04-08 00:00:00+09:00,1341.8638916015625,1356.9410139791082,1341.8638916015625,1341.8638916015625,78000,0.0,0.0
2008-04-09 00:00:00+09:00,1341.8639949982296,1341.8639949982296,1330.55615234375,1330.55615234375,78000,0.0,0.0
2008-04-10 00:00:00+09:00,1300.401971506518,1300.401971506518,1296.6326904296875,1296.6326904296875,78000,0.0,0.0
2008-04-11 00:00:00+09:00,1307.9405985227772,1338.0948486328125,1307.9405985227772,1338.0948486328125,78000,0.0,0.0
2008-04-14 00:00:00+09:00,1334.3255317928456,1334.3255317928456,1315.4791259765625,1315.4791259765625,78000,0.0,0.0
2008-04-15 00:00:00+09:00,1289.0941282760266,1296.6326904296875,1289.0941282760266,1296.6326904296875,78000,0.0,0.0
2008-04-16 00:00:00+09:00,1296.6327375932174,1326.7869873046875,1296.6327375932174,1326.7869873046875,78000,0.0,0.0
2008-04-17 00:00:00+09:00,1311.7098448133058,1315.4791259765625,1311.7098448133058,1315.4791259765625,78000,0.0,0.0
2008-04-18 00:00:00+09:00,1304.1711922338454,1334.325439453125,1304.1711922338454,1334.325439453125,78000,0.0,0.0
2008-04-21 00:00:00+09:00,1330.556158550715,1334.325439453125,1330.556158550715,1334.325439453125,78000,0.0,0.0
2008-04-22 00:00:00+09:00,1326.7870048415493,1338.0948486328125,1326.7870048415493,1338.0948486328125,78000,0.0,0.0
2008-04-23 00:00:00+09:00,1345.6333933743563,1345.6333933743563,1326.7869873046875,1326.7869873046875,78000,0.0,0.0
2008-04-24 00:00:00+09:00,1379.5570292704813,1394.6341552734375,1379.5570292704813,1394.6341552734375,78000,0.0,0.0
2008-04-25 00:00:00+09:00,1409.711071907206,1417.2496337890625,1409.711071907206,1417.2496337890625,78000,0.0,0.0
2008-04-28 00:00:00+09:00,1417.2495374177631,1432.32666015625,1417.2495374177631,1432.32666015625,78000,0.0,0.0
2008-04-30 00:00:00+09:00,1436.0960384937043,1436.0960384937043,1417.2496337890625,1417.2496337890625,78000,0.0,0.0
2008-05-01 00:00:00+09:00,1413.480568446239,1413.480568446239,1398.4034423828125,1398.4034423828125,78000,0.0,0.0
2008-05-02 00:00:00+09:00,1413.3587391389267,1424.788330078125,1413.3587391389267,1424.788330078125,78000,0.0,0.0
2008-05-07 00:00:00+09:00,1421.0186767578125,1421.0186767578125,1421.0186767578125,1421.0186767578125,78000,0.0,0.0
2008-05-08 00:00:00+09:00,1446.200828559286,1446.200828559286,1436.09619140625,1436.09619140625,78000,0.0,0.0
2008-05-09 00:00:00+09:00,1432.3270902142615,1432.3270902142615,1390.864990234375,1390.864990234375,78000,0.0,0.0
2008-05-12 00:00:00+09:00,1394.6339481434925,1417.2496337890625,1394.6339481434925,1417.2496337890625,78000,0.0,0.0
2008-05-13 00:00:00+09:00,1447.40380859375,1447.40380859375,1447.40380859375,1447.40380859375,78000,0.0,0.0
2008-05-14 00:00:00+09:00,1462.4810063525883,1492.63525390625,1462.4810063525883,1492.63525390625,78000,0.0,0.0
2008-05-15 00:00:00+09:00,1541.6357552558547,1549.17431640625,1541.6357552558547,1549.17431640625,78000,0.0,0.0
2008-05-16 00:00:00+09:00,1556.712916081874,1556.712916081874,1500.1737060546875,1500.1737060546875,78000,0.0,0.0
2008-05-19 00:00:00+09:00,1530.327880859375,1530.327880859375,1530.327880859375,1530.327880859375,78000,0.0,0.0
2008-05-20 00:00:00+09:00,1511.4814519929648,1515.250732421875,1511.4814519929648,1515.250732421875,78000,0.0,0.0
2008-05-21 00:00:00+09:00,1470.0196710251669,1481.3275146484375,1470.0196710251669,1481.3275146484375,78000,0.0,0.0
2008-05-22 00:00:00+09:00,1470.0195982212438,1511.481689453125,1470.0195982212438,1511.481689453125,78000,0.0,0.0
2008-05-23 00:00:00+09:00,1507.7122738486842,1507.7122738486842,1503.9429931640625,1503.9429931640625,78000,0.0,0.0
2008-05-26 00:00:00+09:00,1488.8660409222587,1488.8660409222587,1458.7117919921875,1458.7117919921875,78000,0.0,0.0
2008-05-27 00:00:00+09:00,1473.7890957080447,1496.40478515625,1473.7890957080447,1496.40478515625,78000,0.0,0.0
2008-05-28 00:00:00+09:00,1451.1730893452961,1451.1730893452961,1447.40380859375,1447.40380859375,78000,0.0,0.0
2008-05-29 00:00:00+09:00,1492.635503581549,1496.40478515625,1492.635503581549,1496.40478515625,78000,0.0,0.0
2008-05-30 00:00:00+09:00,1496.4044633619856,1522.7894287109375,1496.4044633619856,1522.7894287109375,78000,0.0,0.0
2008-06-02 00:00:00+09:00,1541.6358705101943,1545.4051513671875,1541.6358705101943,1545.4051513671875,78000,0.0,0.0
2008-06-03 00:00:00+09:00,1452.9144517637158,1466.2501220703125,1452.9144517637158,1466.2501220703125,78000,0.0,0.0
2008-06-04 00:00:00+09:00,1451.1730893452961,1451.1730893452961,1447.40380859375,1447.40380859375,78000,0.0,0.0
2008-06-05 00:00:00+09:00,1432.3270691547198,1462.4813232421875,1432.3270691547198,1462.4813232421875,78000,0.0,0.0
2008-06-06 00:00:00+09:00,1451.1729602465118,1451.1729602465118,1443.6343994140625,1443.6343994140625,78000,0.0,0.0
2008-06-09 00:00:00+09:00,1398.4034423828125,1398.4034423828125,1398.4034423828125,1398.4034423828125,78000,0.0,0.0
2008-06-10 00:00:00+09:00,1398.4035538670817,1398.4035538670817,1390.864990234375,1390.864990234375,78000,0.0,0.0
2008-06-11 00:00:00+09:00,1390.8645281344252,1405.941650390625,1390.8645281344252,1405.941650390625,78000,0.0,0.0
2008-06-12 00:00:00+09:00,1394.6339236023605,1402.1724853515625,1394.6339236023605,1402.1724853515625,78000,0.0,0.0
2008-06-13 00:00:00+09:00,1405.9419997756545,1405.9419997756545,1394.6341552734375,1394.6341552734375,78000,0.0,0.0
2008-06-16 00:00:00+09:00,1394.6342720507284,1402.1728356834349,1383.3264266016683,1390.864990234375,82000,0.0,0.0
2008-06-17 00:00:00+09:00,1394.634143995202,1394.634143995202,1387.0955810546875,1387.0955810546875,82000,0.0,0.0
2008-06-18 00:00:00+09:00,1390.8648625249448,1390.8648625249448,1387.0955810546875,1387.0955810546875,82000,0.0,0.0
2008-06-19 00:00:00+09:00,1341.863898098302,1345.6331787109375,1341.863898098302,1345.6331787109375,82000,0.0,0.0
2008-06-20 00:00:00+09:00,1304.1713696360239,1304.1713696360239,1292.863525390625,1292.863525390625,82000,0.0,0.0
2008-06-23 00:00:00+09:00,1315.4791259765625,1315.4791259765625,1315.4791259765625,1315.4791259765625,82000,0.0,0.0
2008-06-24 00:00:00+09:00,1315.4791259765625,1315.4791259765625,1315.4791259765625,1315.4791259765625,82000,0.0,0.0
2008-06-25 00:00:00+09:00,1311.7095540364583,1356.94091796875,1311.7095540364583,1356.94091796875,82000,0.0,0.0
2008-06-26 00:00:00+09:00,1360.710693359375,1360.710693359375,1360.710693359375,1360.710693359375,82000,0.0,0.0
2008-06-27 00:00:00+09:00,1326.7868714589235,1330.55615234375,1326.7868714589235,1330.55615234375,82000,0.0,0.0
2008-06-30 00:00:00+09:00,1330.5564397669234,1360.710693359375,1330.5564397669234,1360.710693359375,82000,0.0,0.0
2008-07-01 00:00:00+09:00,1360.7107041203942,1368.249267578125,1360.7107041203942,1368.249267578125,82000,0.0,0.0
2008-07-02 00:00:00+09:00,1368.2489927494325,1368.2489927494325,1349.402587890625,1349.402587890625,82000,0.0,0.0
2008-07-03 00:00:00+09:00,1349.402459323573,1349.402459323573,1345.6331787109375,1345.6331787109375,82000,0.0,0.0
2008-07-04 00:00:00+09:00,1345.633275883056,1345.633275883056,1330.55615234375,1330.55615234375,82000,0.0,0.0
2008-07-07 00:00:00+09:00,1356.9407887578343,1356.9407887578343,1353.1715087890625,1353.1715087890625,82000,0.0,0.0
2008-07-08 00:00:00+09:00,1323.0177060907536,1326.7869873046875,1323.0177060907536,1326.7869873046875,82000,0.0,0.0
2008-07-09 00:00:00+09:00,1323.017590574097,1330.55615234375,1323.017590574097,1330.55615234375,82000,0.0,0.0
2008-07-10 00:00:00+09:00,1311.7096145499465,1323.0174560546875,1311.7096145499465,1323.0174560546875,82000,0.0,0.0
2008-07-11 00:00:00+09:00,1323.0174293188265,1323.0174293188265,1307.9403076171875,1307.9403076171875,82000,0.0,0.0
2008-07-14 00:00:00+09:00,1319.248383010643,1319.248383010643,1300.4019775390625,1300.4019775390625,82000,0.0,0.0
2008-07-15 00:00:00+09:00,1266.4784058339496,1274.0169677734375,1266.4784058339496,1274.0169677734375,82000,0.0,0.0
2008-07-16 00:00:00+09:00,1262.7091002321529,1262.7091002321529,1258.9398193359375,1258.9398193359375,82000,0.0,0.0
2008-07-17 00:00:00+09:00,1266.4784058339496,1274.0169677734375,1266.4784058339496,1274.0169677734375,82000,0.0,0.0
2008-07-18 00:00:00+09:00,1274.017078218006,1274.017078218006,1266.478515625,1266.478515625,82000,0.0,0.0
2008-07-22 00:00:00+09:00,1270.247831288834,1289.09423828125,1266.478549890351,1289.09423828125,58200,0.0,0.0
2008-07-23 00:00:00+09:00,1319.2481488934168,1319.2481488934168,1307.9403076171875,1307.9403076171875,58200,0.0,0.0
2008-07-24 00:00:00+09:00,1345.633076985677,1356.94091796875,1345.633076985677,1356.94091796875,58200,0.0,0.0
2008-07-25 00:00:00+09:00,1356.9412549515846,1356.9412549515846,1338.0948486328125,1338.0948486328125,58200,0.0,0.0
2008-07-28 00:00:00+09:00,1334.3252975594282,1334.3252975594282,1323.0174560546875,1323.0174560546875,58200,0.0,0.0
2008-07-29 00:00:00+09:00,1277.7864274649785,1311.7099609375,1277.7864274649785,1311.7099609375,58200,0.0,0.0
2008-07-30 00:00:00+09:00,1296.6324925436252,1323.0174560546875,1296.6324925436252,1323.0174560546875,58200,0.0,0.0
2008-07-31 00:00:00+09:00,1323.0173950195312,1356.94091796875,1323.0173950195312,1356.94091796875,58200,0.0,0.0
2008-08-01 00:00:00+09:00,1356.9411939538043,1356.9411939538043,1300.4019775390625,1300.4019775390625,58200,0.0,0.0
2008-08-04 00:00:00+09:00,1274.0169677734375,1274.0169677734375,1274.0169677734375,1274.0169677734375,58200,0.0,0.0
2008-08-05 00:00:00+09:00,1262.70947265625,1262.70947265625,1262.70947265625,1262.70947265625,58200,0.0,0.0
2008-08-06 00:00:00+09:00,1262.7092740695607,1292.863525390625,1262.7092740695607,1292.863525390625,58200,0.0,0.0
2008-08-07 00:00:00+09:00,1290.512193040195,1290.512193040195,1266.478515625,1266.478515625,58200,0.0,0.0
2008-08-08 00:00:00+09:00,1262.709234328497,1266.478515625,1262.709234328497,1266.478515625,58200,0.0,0.0
2008-08-11 00:00:00+09:00,1300.401746766368,1307.9403076171875,1300.401746766368,1307.9403076171875,58200,0.0,0.0
2008-08-12 00:00:00+09:00,1304.1712646484375,1304.1712646484375,1304.1712646484375,1304.1712646484375,58200,0.0,0.0
2008-08-13 00:00:00+09:00,1304.1712155313887,1304.1712155313887,1274.0169677734375,1274.0169677734375,58200,0.0,0.0
2008-08-14 00:00:00+09:00,1270.2476868036936,1274.0169677734375,1270.2476868036936,1274.0169677734375,58200,0.0,0.0
2008-08-15 00:00:00+09:00,1277.7863884084036,1285.324951171875,1277.7863884084036,1285.324951171875,58200,0.0,0.0
2008-08-18 00:00:00+09:00,1338.0948189871651,1338.0948189871651,1319.2484130859375,1319.2484130859375,58200,0.0,0.0
2008-08-19 00:00:00+09:00,1285.324853161798,1300.4019775390625,1285.324853161798,1300.4019775390625,58200,0.0,0.0
2008-08-20 00:00:00+09:00,1300.402088220891,1300.402088220891,1292.863525390625,1292.863525390625,58200,0.0,0.0
2008-08-21 00:00:00+09:00,1281.5556697901393,1285.324951171875,1281.5556697901393,1285.324951171875,58200,0.0,0.0
2008-08-22 00:00:00+09:00,1285.3249568827666,1289.09423828125,1285.3249568827666,1289.09423828125,58200,0.0,0.0
2008-08-25 00:00:00+09:00,1289.0939315404646,1323.0174560546875,1289.0939315404646,1323.0174560546875,58200,0.0,0.0
2008-08-26 00:00:00+09:00,1311.7097479196177,1330.55615234375,1311.7097479196177,1330.55615234375,58200,0.0,0.0
2008-08-27 00:00:00+09:00,1334.3252975594282,1334.3252975594282,1323.0174560546875,1323.0174560546875,58200,0.0,0.0
2008-08-28 00:00:00+09:00,1323.0177060907536,1326.7869873046875,1323.0177060907536,1326.7869873046875,58200,0.0,0.0
2008-08-29 00:00:00+09:00,1349.402228820291,1353.1715087890625,1349.402228820291,1353.1715087890625,58200,0.0,0.0
2008-09-01 00:00:00+09:00,1353.1718439651747,1353.1718439651747,1334.325439453125,1334.325439453125,58200,0.0,0.0
2008-09-02 00:00:00+09:00,1353.1719437081472,1353.1719437081472,1319.2484130859375,1319.2484130859375,58200,0.0,0.0
2008-09-03 00:00:00+09:00,1338.0947449753403,1349.402587890625,1338.0947449753403,1349.402587890625,58200,0.0,0.0
2008-09-04 00:00:00+09:00,1349.4024195657496,1349.4024195657496,1323.0174560546875,1323.0174560546875,58200,0.0,0.0
2008-09-05 00:00:00+09:00,1292.863409352857,1296.6326904296875,1292.863409352857,1296.6326904296875,58200,0.0,0.0
2008-09-08 00:00:00+09:00,1315.4790958138399,1315.4790958138399,1296.6326904296875,1296.6326904296875,58200,0.0,0.0
2008-09-09 00:00:00+09:00,1296.6326535919009,1296.6326535919009,1274.0169677734375,1274.0169677734375,58200,0.0,0.0
2008-09-10 00:00:00+09:00,1262.709093981677,1266.4783748592342,1255.1705322265625,1255.1705322265625,42000,0.0,0.0
2008-09-11 00:00:00+09:00,1240.093364692173,1240.093364692173,1228.7855224609375,1228.7855224609375,42000,0.0,0.0
2008-09-12 00:00:00+09:00,1258.939716825853,1270.24755859375,1258.939716825853,1270.24755859375,42000,0.0,0.0
2008-09-16 00:00:00+09:00,1270.2476989746094,1270.2476989746094,1206.169921875,1206.169921875,400,0.0,0.0
2008-09-17 00:00:00+09:00,1232.5549435137254,1240.093505859375,1232.5549435137254,1240.093505859375,400,0.0,0.0
2008-09-18 00:00:00+09:00,1240.0937806086754,1262.70947265625,1240.0937806086754,1262.70947265625,400,0.0,0.0
2008-09-19 00:00:00+09:00,1281.555681145226,1292.863525390625,1281.555681145226,1292.863525390625,400,0.0,0.0
2008-09-22 00:00:00+09:00,1292.8632421295438,1292.8632421295438,1270.24755859375,1270.24755859375,400,0.0,0.0
2008-09-24 00:00:00+09:00,1266.4784058339496,1274.0169677734375,1266.4784058339496,1274.0169677734375,400,0.0,0.0
2008-09-25 00:00:00+09:00,1259.2684374406344,1259.2684374406344,1244.14208984375,1244.14208984375,400,5.5,0.0
2008-09-26 00:00:00+09:00,1225.234544435134,1225.234544435134,1198.763427734375,1198.763427734375,400,0.0,0.0
2008-09-29 00:00:00+09:00,1232.797720635351,1232.797720635351,1198.763427734375,1198.763427734375,400,0.0,0.0
2008-09-30 00:00:00+09:00,1198.763669893339,1198.763669893339,1164.7293701171875,1164.7293701171875,400,0.0,0.0
2008-10-01 00:00:00+09:00,1164.7290886882033,1176.0738525390625,1164.7290886882033,1176.0738525390625,400,0.0,0.0
2008-10-02 00:00:00+09:00,1176.0735605436307,1176.0735605436307,1138.2576904296875,1138.2576904296875,400,0.0,0.0
2008-10-03 00:00:00+09:00,1077.75244140625,1077.75244140625,1077.75244140625,1077.75244140625,400,0.0,0.0
2008-10-06 00:00:00+09:00,1070.1891507729092,1070.1891507729092,1062.6259765625,1062.6259765625,400,0.0,0.0
2008-10-07 00:00:00+09:00,1024.8103310080135,1028.5919189453125,1024.8103310080135,1028.5919189453125,400,0.0,0.0
2008-10-08 00:00:00+09:00,1028.5916544596355,1028.5916544596355,907.5808715820314,907.5808715820312,400,0.0,0.0
2008-10-09 00:00:00+09:00,896.236219914199,896.236219914199,865.9835205078125,865.9835205078125,400,0.0,0.0
2008-10-10 00:00:00+09:00,782.7886792559956,813.0413818359375,782.7886792559956,813.0413818359375,400,0.0,0.0
2008-10-14 00:00:00+09:00,934.0523071289062,934.0523071289062,934.0523071289062,934.0523071289062,400,0.0,0.0
2008-10-15 00:00:00+09:00,926.4890012703094,949.1785278320311,926.4890012703094,949.1785278320312,400,0.0,0.0
2008-10-16 00:00:00+09:00,949.1785513278656,949.1785513278656,854.6388549804686,854.6388549804688,400,0.0,0.0
2008-10-17 00:00:00+09:00,907.5808617376512,937.8335571289062,907.5808617376512,937.8335571289062,400,0.0,0.0
2008-10-20 00:00:00+09:00,960.5230953260739,979.4310302734375,960.5230953260739,979.4310302734375,400,0.0,0.0
2008-10-21 00:00:00+09:00,990.7756025206369,1002.1203613281251,990.7756025206369,1002.120361328125,400,0.0,0.0
2008-10-22 00:00:00+09:00,1002.1209379102362,1002.1209379102362,922.7075805664062,922.7075805664062,400,0.0,0.0
2008-10-23 00:00:00+09:00,865.9833847615728,911.3624267578125,865.9833847615728,911.3624267578125,400,0.0,0.0
2008-10-24 00:00:00+09:00,907.5811247547646,907.5811247547646,843.2941284179688,843.2941284179688,400,0.0,0.0
2008-10-27 00:00:00+09:00,843.2940497706778,843.2940497706778,760.09912109375,760.09912109375,400,0.0,0.0
2008-10-28 00:00:00+09:00,741.1911765358665,831.9492797851562,741.1911765358665,831.9492797851562,400,0.0,0.0
2008-10-29 00:00:00+09:00,831.9494578877433,922.7075805664062,831.9494578877433,922.7075805664062,400,0.0,0.0
2008-10-30 00:00:00+09:00,896.2361165050374,979.4310302734375,896.2361165050374,979.4310302734375,400,0.0,0.0
2008-10-31 00:00:00+09:00,983.212776184082,983.212776184082,968.08642578125,968.08642578125,400,0.0,0.0
2008-11-04 00:00:00+09:00,968.0865788246268,1013.4656372070312,968.0865788246268,1013.4656372070312,154000,0.0,0.0
2008-11-05 00:00:00+09:00,1017.2469866317912,1070.189208984375,1017.2469866317912,1070.189208984375,154000,0.0,0.0
2008-11-06 00:00:00+09:00,1070.1891925004277,1070.1891925004277,1036.1549072265625,1036.1549072265625,154000,0.0,0.0
2008-11-07 00:00:00+09:00,900.0181611781383,900.0181611781383,896.236572265625,896.236572265625,154000,0.0,0.0
2008-11-10 00:00:00+09:00,907.5812109374999,945.3970947265625,907.5812109374999,945.3970947265625,154000,0.0,0.0
2008-11-11 00:00:00+09:00,945.3969400717442,949.1785278320311,945.3969400717442,949.1785278320312,154000,0.0,0.0
2008-11-12 00:00:00+09:00,926.4891528320312,945.3970947265625,926.4891528320312,945.3970947265625,154000,0.0,0.0
2008-11-13 00:00:00+09:00,907.5813390031645,907.5813390031645,896.236572265625,896.236572265625,154000,0.0,0.0
2008-11-14 00:00:00+09:00,896.2362027347835,903.7993774414062,896.2362027347835,903.7993774414062,154000,0.0,0.0
2008-11-17 00:00:00+09:00,903.7992846171062,907.5808715820314,903.7992846171062,907.5808715820312,154000,0.0,0.0
2008-11-18 00:00:00+09:00,907.5808715820314,907.5808715820314,907.5808715820314,907.5808715820312,154000,0.0,0.0
2008-11-19 00:00:00+09:00,892.4549345745038,892.4549345745038,881.1101684570314,881.1101684570312,154000,0.0,0.0
2008-11-20 00:00:00+09:00,881.1098702110057,881.1098702110057,865.9835205078125,865.9835205078125,154000,0.0,0.0
2008-11-21 00:00:00+09:00,865.9834149678549,907.5808715820314,865.9834149678549,907.5808715820312,154000,0.0,0.0
2008-11-25 00:00:00+09:00,907.581226786629,922.7075805664062,907.581226786629,922.7075805664062,50600,0.0,0.0
2008-11-26 00:00:00+09:00,881.1098919729901,884.8914794921875,881.1098919729901,884.8914794921875,50600,0.0,0.0
2008-11-27 00:00:00+09:00,893.882726466219,893.882726466219,877.3284912109375,877.3284912109375,50600,0.0,0.0
2008-11-28 00:00:00+09:00,877.3281758626302,907.5808715820314,877.3281758626302,907.5808715820312,50600,0.0,0.0
2008-12-01 00:00:00+09:00,907.5811250331038,907.5811250331038,892.4547729492188,892.4547729492188,50600,0.0,0.0
2008-12-02 00:00:00+09:00,892.4546778223536,892.4546778223536,839.512451171875,839.512451171875,50600,0.0,0.0
2008-12-03 00:00:00+09:00,847.0755671417364,903.7993774414062,847.0755671417364,903.7993774414062,50600,0.0,0.0
2008-12-04 00:00:00+09:00,911.3624585469564,911.3624585469564,907.5808715820314,907.5808715820312,50600,0.0,0.0
2008-12-05 00:00:00+09:00,907.5812893978004,907.5812893978004,881.1101684570314,881.1101684570312,50600,0.0,0.0
2008-12-08 00:00:00+09:00,881.109753270303,937.8335571289062,881.109753270303,937.8335571289062,50600,0.0,0.0
2008-12-09 00:00:00+09:00,945.39694749672,990.7760009765625,945.39694749672,990.7760009765625,50600,0.0,0.0
2008-12-10 00:00:00+09:00,990.7756025206369,1002.1203613281251,990.7756025206369,1002.120361328125,50600,0.0,0.0
2008-12-11 00:00:00+09:00,975.6498573216195,994.5578002929688,975.6498573216195,994.5578002929688,50600,0.0,0.0
2008-12-12 00:00:00+09:00,994.5575327932099,994.5575327932099,918.92578125,918.92578125,50600,0.0,0.0
2008-12-15 00:00:00+09:00,945.3970055024787,945.3970055024787,941.6154174804688,941.6154174804688,50600,0.0,0.0
2008-12-16 00:00:00+09:00,926.4888913703687,998.3390502929688,926.4888913703687,998.3390502929688,210000,0.0,0.0
2008-12-17 00:00:00+09:00,998.3391939899115,998.3391939899115,960.5233154296876,960.5233154296875,71400,0.0,0.0
2008-12-18 00:00:00+09:00,971.8680211627294,971.8680211627294,952.9600830078125,952.9600830078125,95200,0.0,0.0
2008-12-19 00:00:00+09:00,952.9601574409298,952.9601574409298,930.2706298828125,930.2706298828125,45200,0.0,0.0
2008-12-22 00:00:00+09:00,930.2705401985013,930.2705401985013,926.4889526367188,926.4889526367188,59800,0.0,0.0
2008-12-24 00:00:00+09:00,926.4887740898923,926.4887740898923,911.3624267578125,911.3624267578125,98800,0.0,0.0
2008-12-25 00:00:00+09:00,953.5318450243818,953.5318450243818,952.9600830078125,952.9600830078125,82200,0.0,0.0
2008-12-26 00:00:00+09:00,945.3969962983264,956.7417602539062,937.8338203279397,956.7417602539062,29200,0.0,0.0
2008-12-29 00:00:00+09:00,949.1785196940103,964.3048706054688,949.1785196940103,964.3048706054688,33800,0.0,0.0
2008-12-30 00:00:00+09:00,956.7417602539062,960.5233482390996,949.1785842835196,956.7417602539062,27600,0.0,0.0
2009-01-05 00:00:00+09:00,968.08642578125,975.649600982666,956.741662979126,968.08642578125,21000,0.0,0.0
2009-01-06 00:00:00+09:00,941.6153201148624,952.9600830078125,941.6153201148624,952.9600830078125,45600,0.0,0.0
2009-01-07 00:00:00+09:00,971.8680095820464,975.6495971679688,971.8680095820464,975.6495971679688,113800,0.0,0.0
2009-01-08 00:00:00+09:00,964.3049362242929,964.3049362242929,956.7417602539062,956.7417602539062,45800,0.0,0.0
2009-01-09 00:00:00+09:00,956.741502126058,956.741502126058,907.5808715820314,907.5808715820312,95200,0.0,0.0
2009-01-13 00:00:00+09:00,877.3282793053302,877.3282793053302,873.5466918945312,873.5466918945312,149000,0.0,0.0
2009-01-14 00:00:00+09:00,869.7650043904281,900.0177001953125,869.7650043904281,900.0177001953125,60800,0.0,0.0
2009-01-15 00:00:00+09:00,903.7994462682846,903.7994462682846,888.673095703125,888.673095703125,112400,0.0,0.0
2009-01-16 00:00:00+09:00,892.4546645806761,926.4889526367188,892.4546645806761,926.4889526367188,85800,0.0,0.0
2009-01-19 00:00:00+09:00,918.925992121462,922.7075805664062,918.925992121462,922.7075805664062,70600,0.0,0.0
2009-01-20 00:00:00+09:00,888.6733458686797,888.6733458686797,881.1101684570314,881.1101684570312,85000,0.0,0.0
2009-01-21 00:00:00+09:00,869.7651079336108,869.7651079336108,865.9835205078125,865.9835205078125,138400,0.0,0.0
2009-01-22 00:00:00+09:00,865.9835205078125,865.9835205078125,865.9835205078125,865.9835205078125,52200,0.0,0.0
2009-01-23 00:00:00+09:00,865.9835896809896,865.9835896809896,850.8572387695312,850.8572387695312,87000,0.0,0.0
2009-01-26 00:00:00+09:00,850.8573044575918,850.8573044575918,843.2941284179688,843.2941284179688,66800,0.0,0.0
2009-01-27 00:00:00+09:00,884.8914794921875,884.8914794921875,884.8914794921875,884.8914794921875,90000,0.0,0.0
2009-01-28 00:00:00+09:00,884.8913497924806,907.5808715820314,884.8913497924806,907.5808715820312,78800,0.0,0.0
2009-01-29 00:00:00+09:00,911.3624486615581,937.8335571289062,911.3624486615581,937.8335571289062,76800,0.0,0.0
2009-01-30 00:00:00+09:00,937.8335699514181,937.8335699514181,900.0177001953125,900.0177001953125,81200,0.0,0.0
2009-02-02 00:00:00+09:00,900.0176662587526,911.3624267578125,900.0176662587526,911.3624267578125,109200,0.0,0.0
2009-02-03 00:00:00+09:00,911.3627276876698,911.3627276876698,869.7652587890625,869.7652587890625,77400,0.0,0.0
2009-02-04 00:00:00+09:00,869.76500193278,907.5808715820314,869.76500193278,907.5808715820312,165000,0.0,0.0
2009-02-05 00:00:00+09:00,907.5811250331038,907.5811250331038,892.4547729492188,892.4547729492188,69000,0.0,0.0
2009-02-06 00:00:00+09:00,892.4544925927127,911.3624267578125,892.4544925927127,911.3624267578125,143800,0.0,0.0
2009-02-09 00:00:00+09:00,877.3284734650331,877.3284734650331,858.4205322265625,858.4205322265625,112000,0.0,0.0
2009-02-10 00:00:00+09:00,820.6047086362486,835.7310627124928,763.8808808503328,816.8231201171875,88000,0.0,0.0
2009-02-12 00:00:00+09:00,816.8231090198864,816.8231090198864,790.3519897460938,790.3519897460938,117000,0.0,0.0
2009-02-13 00:00:00+09:00,763.8807048327817,767.6622924804688,763.8807048327817,767.6622924804688,129000,0.0,0.0
2009-02-16 00:00:00+09:00,790.3519897460938,790.3519897460938,790.3519897460938,790.3519897460938,126800,0.0,0.0
2009-02-17 00:00:00+09:00,733.6280753043702,744.9728393554688,733.6280753043702,744.9728393554688,232200,0.0,0.0
2009-02-18 00:00:00+09:00,733.6280753043702,744.9728393554688,733.6280753043702,744.9728393554688,161400,0.0,0.0
2009-02-19 00:00:00+09:00,741.1912943522135,741.1912943522135,726.06494140625,726.06494140625,162000,0.0,0.0
2009-02-20 00:00:00+09:00,714.7200282231676,722.283203125,714.7200282231676,722.283203125,150800,0.0,0.0
2009-02-23 00:00:00+09:00,699.5937255188659,699.5937255188659,688.2489624023438,688.2489624023438,204000,0.0,0.0
2009-02-24 00:00:00+09:00,688.248810994691,688.248810994691,684.4672241210938,684.4672241210938,186800,0.0,0.0
2009-02-25 00:00:00+09:00,673.1226569475447,673.1226569475447,661.7778930664062,661.7778930664062,206800,0.0,0.0
2009-02-26 00:00:00+09:00,661.7778104894302,661.7778104894302,642.869873046875,642.869873046875,182800,0.0,0.0
2009-02-27 00:00:00+09:00,635.3069468352754,669.3412475585938,635.3069468352754,669.3412475585938,168800,0.0,0.0
2009-03-02 00:00:00+09:00,669.3411821637835,669.3411821637835,635.306884765625,635.306884765625,171600,0.0,0.0
2009-03-03 00:00:00+09:00,627.7437075660342,635.306884765625,627.7437075660342,635.306884765625,70000,0.0,0.0
2009-03-04 00:00:00+09:00,673.1226569475447,673.1226569475447,661.7778930664062,661.7778930664062,287200,0.0,0.0
2009-03-05 00:00:00+09:00,680.6859130859375,680.6859130859375,680.6859130859375,680.6859130859375,118200,0.0,0.0
2009-03-06 00:00:00+09:00,661.7778104894302,661.7778104894302,642.869873046875,642.869873046875,118000,0.0,0.0
2009-03-09 00:00:00+09:00,642.869897743181,654.2146606445312,642.869897743181,654.2146606445312,120000,0.0,0.0
2009-03-10 00:00:00+09:00,642.869873046875,642.869873046875,642.869873046875,642.869873046875,41000,0.0,0.0
2009-03-11 00:00:00+09:00,680.6860144663665,680.6860144663665,669.3412475585938,669.3412475585938,310400,0.0,0.0
2009-03-12 00:00:00+09:00,680.6857623734288,680.6857623734288,676.9041748046875,676.9041748046875,85800,0.0,0.0
2009-03-13 00:00:00+09:00,684.4673630734708,710.9384765625,684.4673630734708,710.9384765625,223000,0.0,0.0
2009-03-16 00:00:00+09:00,741.1911866461212,752.5359497070312,741.1911866461212,752.5359497070312,88400,0.0,0.0
2009-03-17 00:00:00+09:00,752.5359137506769,763.8806762695312,752.5359137506769,763.8806762695312,173200,0.0,0.0
2009-03-18 00:00:00+09:00,763.8806657057542,786.5701904296875,763.8806657057542,786.5701904296875,155400,0.0,0.0
2009-03-19 00:00:00+09:00,786.5701904296875,786.5701904296875,786.5701904296875,786.5701904296875,143000,0.0,0.0
2009-03-23 00:00:00+09:00,797.9150952263058,805.478271484375,797.9150952263058,805.478271484375,119000,0.0,0.0
2009-03-24 00:00:00+09:00,809.2596299307687,847.0755004882812,809.2596299307687,847.0755004882812,157200,0.0,0.0
2009-03-25 00:00:00+09:00,847.0756750274122,862.2020263671875,847.0756750274122,862.2020263671875,144600,0.0,0.0
2009-03-26 00:00:00+09:00,823.8565548983487,835.2462768554688,823.8565548983487,835.2462768554688,134600,4.5,0.0
2009-03-27 00:00:00+09:00,831.4497284220759,831.4497284220759,812.4668579101562,812.4668579101562,168600,0.0,0.0
2009-03-30 00:00:00+09:00,797.2806243896484,797.2806243896484,759.3148803710938,759.3148803710938,165600,0.0,0.0
2009-03-31 00:00:00+09:00,759.3148236298681,759.3148236298681,755.5182495117188,755.5182495117188,209400,0.0,0.0
2009-04-01 00:00:00+09:00,816.2634320125402,816.2634320125402,812.4668579101562,812.4668579101562,291800,0.0,0.0
2009-04-02 00:00:00+09:00,812.4668170383999,850.4325561523438,812.4668170383999,850.4325561523438,173600,0.0,0.0
2009-04-03 00:00:00+09:00,869.4155741724476,880.8052978515625,869.4155741724476,880.8052978515625,163800,0.0,0.0
2009-04-06 00:00:00+09:00,884.6017978100067,892.1949462890625,884.6017978100067,892.1949462890625,207800,0.0,0.0
2009-04-07 00:00:00+09:00,892.1950410541735,892.1950410541735,865.6190185546875,865.6190185546875,122200,0.0,0.0
2009-04-08 00:00:00+09:00,846.6361083984375,846.6361083984375,846.6361083984375,846.6361083984375,83800,0.0,0.0
2009-04-09 00:00:00+09:00,865.6189996127425,880.8052978515625,865.6189996127425,880.8052978515625,129600,0.0,0.0
2009-04-10 00:00:00+09:00,865.6190185546875,865.6190185546875,865.6190185546875,865.6190185546875,103400,0.0,0.0
2009-04-13 00:00:00+09:00,895.9914018679888,895.9914018679888,888.3982543945312,888.3982543945312,44400,0.0,0.0
2009-04-14 00:00:00+09:00,888.3982543945312,888.3982543945312,888.3982543945312,888.3982543945312,112800,0.0,0.0
2009-04-15 00:00:00+09:00,888.3984664113898,888.3984664113898,865.6190185546875,865.6190185546875,91400,0.0,0.0
2009-04-16 00:00:00+09:00,865.6188644478225,865.6188644478225,839.0428466796875,839.0428466796875,55800,0.0,0.0
2009-04-17 00:00:00+09:00,839.042881902619,861.8223266601562,839.042881902619,861.8223266601562,79200,0.0,0.0
2009-04-20 00:00:00+09:00,846.6359822409494,850.4325561523438,846.6359822409494,850.4325561523438,143200,0.0,0.0
2009-04-21 00:00:00+09:00,823.8290413192163,823.8290413192163,820.0601806640625,820.0601806640625,140400,0.0,0.0
2009-04-22 00:00:00+09:00,824.9804145658044,839.0428466796875,824.9804145658044,839.0428466796875,239400,0.0,0.0
2009-04-23 00:00:00+09:00,823.8566064233179,842.8394775390625,823.8566064233179,842.8394775390625,186200,0.0,0.0
2009-04-24 00:00:00+09:00,842.8394507292276,842.8394507292276,812.4668579101562,812.4668579101562,165400,0.0,0.0
2009-04-27 00:00:00+09:00,812.4668536518894,816.263427734375,812.4668536518894,816.263427734375,72000,0.0,0.0
2009-04-28 00:00:00+09:00,820.0598981584822,820.0598981584822,797.2804565429688,797.2804565429688,72800,0.0,0.0
2009-04-30 00:00:00+09:00,820.0600061149241,820.0600061149241,812.4668579101562,812.4668579101562,112000,0.0,0.0
2009-05-01 00:00:00+09:00,816.2636057535807,820.0601806640625,816.2636057535807,820.0601806640625,89000,0.0,0.0
2009-05-07 00:00:00+09:00,850.4326259853603,850.4326259853603,842.8394775390625,842.8394775390625,105800,0.0,0.0
2009-05-08 00:00:00+09:00,839.0429033159136,842.8394775390625,839.0429033159136,842.8394775390625,119400,0.0,0.0
2009-05-11 00:00:00+09:00,842.8394775390625,842.8394775390625,842.8394775390625,842.8394775390625,115400,0.0,0.0
2009-05-12 00:00:00+09:00,842.8395068572598,869.41552734375,842.8395068572598,869.41552734375,302400,0.0,0.0
2009-05-13 00:00:00+09:00,869.4154427268288,869.4154427268288,835.2462768554688,835.2462768554688,170800,0.0,0.0
2009-05-14 00:00:00+09:00,827.6531414260513,827.6531414260513,823.8565673828125,823.8565673828125,103000,0.0,0.0
2009-05-15 00:00:00+09:00,835.2462768554688,835.2462768554688,835.2462768554688,835.2462768554688,83600,0.0,0.0
2009-05-18 00:00:00+09:00,820.0600018168604,820.0600018168604,816.263427734375,816.263427734375,77600,0.0,0.0
2009-05-19 00:00:00+09:00,827.6530264577558,941.5502319335938,827.6530264577558,941.5502319335938,767600,0.0,0.0
2009-05-20 00:00:00+09:00,941.5502659421126,1028.8714599609375,941.5502659421126,1028.8714599609375,1004000,0.0,0.0
2009-05-21 00:00:00+09:00,1002.2955198823736,1013.6852416992188,1002.2955198823736,1013.6852416992188,492600,0.0,0.0
2009-05-22 00:00:00+09:00,1009.8886929216056,1009.8886929216056,990.9058227539062,990.9058227539062,198000,0.0,0.0
2009-05-25 00:00:00+09:00,1021.2783813476562,1021.2783813476562,1021.2783813476562,1021.2783813476562,256400,0.0,0.0
2009-05-26 00:00:00+09:00,1032.6682599431817,1044.0579833984375,1032.6682599431817,1044.0579833984375,176000,0.0,0.0
2009-05-27 00:00:00+09:00,1013.6851269991893,1013.6851269991893,1006.0919799804688,1006.0919799804688,167000,0.0,0.0
2009-05-28 00:00:00+09:00,1006.0920857142338,1021.2783813476562,1006.0920857142338,1021.2783813476562,165600,0.0,0.0
2009-05-29 00:00:00+09:00,1021.2786205150463,1025.0751953125,1021.2786205150463,1025.0751953125,110800,0.0,0.0
2009-06-01 00:00:00+09:00,1009.8886266810295,1009.8886266810295,994.7023315429689,994.7023315429688,259200,0.0,0.0
2009-06-02 00:00:00+09:00,994.7022545480897,1074.4302978515625,994.7022545480897,1074.4302978515625,617200,0.0,0.0
2009-06-03 00:00:00+09:00,1131.3790365683067,1131.3790365683067,1123.785888671875,1123.785888671875,489400,0.0,0.0
2009-06-04 00:00:00+09:00,1123.7859668607027,1161.751708984375,1123.7859668607027,1161.751708984375,404200,0.0,0.0
2009-06-05 00:00:00+09:00,1127.582389703961,1135.175537109375,1127.582389703961,1135.175537109375,211200,0.0,0.0
2009-06-08 00:00:00+09:00,1119.9894185384114,1138.9722900390625,1119.9894185384114,1138.9722900390625,165000,0.0,0.0
2009-06-09 00:00:00+09:00,1138.9721108120818,1138.9721108120818,1135.175537109375,1135.175537109375,178600,0.0,0.0
2009-06-10 00:00:00+09:00,1138.9723371751236,1150.362060546875,1138.9723371751236,1150.362060546875,97400,0.0,0.0
2009-06-11 00:00:00+09:00,1138.9721519068669,1154.158447265625,1138.9721519068669,1154.158447265625,80800,0.0,0.0
2009-06-12 00:00:00+09:00,1146.5652995862458,1161.7515949450042,1142.7687257465564,1154.158447265625,177400,0.0,0.0
2009-06-15 00:00:00+09:00,1188.3278906721011,1188.3278906721011,1169.345017019192,1180.7347412109375,221600,0.0,0.0
2009-06-16 00:00:00+09:00,1135.1759452688734,1138.9725203366622,1097.2101945909847,1104.8033447265625,191000,0.0,0.0
2009-06-17 00:00:00+09:00,1104.803074692235,1131.379093671086,1097.2099264125632,1127.58251953125,136000,0.0,0.0
2009-06-18 00:00:00+09:00,1108.5996573755297,1127.582528221001,1101.006509037341,1119.9893798828125,149400,0.0,0.0
2009-06-19 00:00:00+09:00,1116.1926122063758,1131.37890625,1101.0063181627515,1131.37890625,204600,0.0,0.0
2009-06-22 00:00:00+09:00,1131.379141438802,1146.5654386393228,1131.379141438802,1138.9722900390625,131600,0.0,0.0
2009-06-23 00:00:00+09:00,1108.5996573755297,1123.7859540519066,1108.5996573755297,1119.9893798828125,133200,0.0,0.0
2009-06-24 00:00:00+09:00,1169.3450144073108,1245.276508849344,1165.5484396852094,1230.0902099609375,759800,0.0,0.0
2009-06-25 00:00:00+09:00,1264.2592613002232,1328.801025390625,1237.6832407924107,1328.801025390625,676800,0.0,0.0
2009-06-26 00:00:00+09:00,1309.818309515295,1355.377207237566,1275.6491362235915,1347.7840576171875,392000,0.0,0.0
2009-06-29 00:00:00+09:00,1347.7837576627028,1351.58033162795,1271.8522783577619,1287.03857421875,258800,0.0,0.0
2009-06-30 00:00:00+09:00,1306.021689675071,1351.580585826527,1294.631965637207,1336.394287109375,225600,0.0,0.0
2009-07-01 00:00:00+09:00,1321.2080176910224,1351.580615798862,1298.4285691101427,1313.6148681640625,177600,0.0,0.0
2009-07-02 00:00:00+09:00,1370.563479368714,1385.7497783090878,1298.4285594019398,1321.2080078125,264400,0.0,0.0
2009-07-03 00:00:00+09:00,1290.8350751553362,1309.8179439076207,1275.6487801535088,1298.42822265625,196000,0.0,0.0
2009-07-06 00:00:00+09:00,1287.0386483328682,1306.021519252232,1264.2592032296318,1275.64892578125,150200,0.0,0.0
2009-07-07 00:00:00+09:00,1290.835402853765,1309.8182764251437,1268.05595456811,1279.4456787109375,146600,0.0,0.0
2009-07-08 00:00:00+09:00,1264.2592032296318,1275.64892578125,1260.4626290457588,1275.64892578125,171000,0.0,0.0
2009-07-09 00:00:00+09:00,1241.4798869195386,1249.0730360750097,1211.107290297654,1218.700439453125,129200,0.0,0.0
2009-07-10 00:00:00+09:00,1218.7003829956054,1241.4798294067382,1199.717510986328,1214.90380859375,147400,0.0,0.0
2009-07-13 00:00:00+09:00,1195.920716352686,1207.3104374608067,1112.3960948931333,1135.175537109375,139800,0.0,0.0
2009-07-14 00:00:00+09:00,1138.972053271812,1176.9377883808725,1104.8028916736575,1131.37890625,242400,0.0,0.0
2009-07-15 00:00:00+09:00,1131.3791882606229,1165.5483583758767,1131.3791882606229,1150.362060546875,101200,0.0,0.0
2009-07-16 00:00:00+09:00,1207.31107036884,1218.7007974477915,1176.93846482497,1184.5316162109375,100400,0.0,0.0
2009-07-17 00:00:00+09:00,1195.921343289889,1218.7007974477915,1184.5316162109375,1184.5316162109375,82600,0.0,0.0
2009-07-21 00:00:00+09:00,1249.0730073794678,1252.8695818699828,1214.9038369648317,1241.4798583984375,84000,0.0,0.0
2009-07-22 00:00:00+09:00,1222.4972593008754,1275.6493140530874,1222.4972593008754,1260.4630126953125,121600,0.0,0.0
2009-07-23 00:00:00+09:00,1245.276461497274,1245.276461497274,1218.700439453125,1218.700439453125,149000,0.0,0.0
2009-07-24 00:00:00+09:00,1214.9036541533546,1226.2933759110422,1165.5481932033745,1188.32763671875,252600,0.0,0.0
2009-07-27 00:00:00+09:00,1192.1246337890625,1214.9040853901274,1180.73490798853,1192.1246337890625,170200,0.0,0.0
2009-07-28 00:00:00+09:00,1188.3281919039214,1195.921343289889,1173.141889131986,1184.5316162109375,66600,0.0,0.0
2009-07-29 00:00:00+09:00,1192.1246780732454,1211.1075551126282,1188.3281026653688,1203.514404296875,112000,0.0,0.0
2009-07-30 00:00:00+09:00,1211.1075551126282,1211.1075551126282,1173.1418010338623,1203.514404296875,205200,0.0,0.0
2009-07-31 00:00:00+09:00,1207.310706747732,1207.310706747732,1176.9381103515625,1176.9381103515625,215200,0.0,0.0
2009-08-03 00:00:00+09:00,1195.9207920940376,1249.0728272982171,1195.9207920940376,1237.68310546875,208600,0.0,0.0
2009-08-04 00:00:00+09:00,1260.4626919764169,1260.4626919764169,1211.1072251219186,1222.4969482421875,295200,0.0,0.0
2009-08-05 00:00:00+09:00,1222.4972359238157,1230.090386457504,1192.1246337890625,1192.1246337890625,134800,0.0,0.0
2009-08-06 00:00:00+09:00,1180.7345368590536,1218.7002775940714,1180.7345368590536,1199.7174072265625,155200,0.0,0.0
2009-08-07 00:00:00+09:00,1218.700227690906,1245.2762451171875,1203.5139320187452,1245.2762451171875,168200,0.0,0.0
2009-08-10 00:00:00+09:00,1256.6659668713082,1260.4625407893484,1237.6830972811072,1245.2762451171875,115200,0.0,0.0
2009-08-11 00:00:00+09:00,1271.852206403052,1298.42822265625,1264.2590589021381,1298.42822265625,226200,0.0,0.0
2009-08-12 00:00:00+09:00,1283.241992786618,1283.241992786618,1237.68310546875,1237.68310546875,154600,0.0,0.0
2009-08-13 00:00:00+09:00,1249.0732866769813,1275.6493140530874,1230.0904099797629,1260.4630126953125,93800,0.0,0.0
2009-08-14 00:00:00+09:00,1260.4626290457588,1287.0386483328682,1252.8694806780134,1275.64892578125,60600,0.0,0.0
2009-08-17 00:00:00+09:00,1256.666050394253,1268.0557729053792,1222.4968828608746,1226.29345703125,115400,0.0,0.0
2009-08-18 00:00:00+09:00,1214.9037345201239,1237.6831795423761,1203.5140120089977,1226.29345703125,105600,0.0,0.0
2009-08-19 00:00:00+09:00,1226.2934746338656,1237.6831973084836,1211.107177734375,1211.107177734375,87200,0.0,0.0
2009-08-20 00:00:00+09:00,1226.2935604363772,1245.2764328889525,1214.9038369648317,1241.4798583984375,84800,0.0,0.0
2009-08-21 00:00:00+09:00,1233.8866713624564,1241.4798201093022,1207.3106507484956,1222.4969482421875,99800,0.0,0.0
2009-08-24 00:00:00+09:00,1237.6833956176388,1264.2594194499193,1237.6833956176388,1249.0731201171875,67200,0.0,0.0
2009-08-25 00:00:00+09:00,1233.8866053720008,1237.6831795423761,1222.4968828608746,1226.29345703125,67600,0.0,0.0
2009-08-26 00:00:00+09:00,1237.6830972811072,1249.0728190352277,1218.700227690906,1245.2762451171875,90600,0.0,0.0
2009-08-27 00:00:00+09:00,1249.0728108723958,1252.869384765625,1222.4967936197916,1252.869384765625,101000,0.0,0.0
2009-08-28 00:00:00+09:00,1264.2595880347562,1271.8527387136437,1249.0732866769813,1260.4630126953125,157000,0.0,0.0
2009-08-31 00:00:00+09:00,1268.0556803385416,1283.2419759114582,1245.2762369791667,1252.869384765625,133200,0.0,0.0
2009-09-02 00:00:00+09:00,1222.4968168095502,1298.4282961144913,1222.4968168095502,1287.03857421875,254400,0.0,0.0
2009-09-03 00:00:00+09:00,1275.6490384615386,1298.428485576923,1264.2593149038462,1283.2421875,145800,0.0,0.0
2009-09-04 00:00:00+09:00,1275.648754222973,1290.8350489161037,1245.2761648367118,1264.259033203125,149000,0.0,0.0
2009-09-07 00:00:00+09:00,1268.055889423077,1287.0387620192307,1256.6661658653845,1283.2421875,97400,0.0,0.0
2009-09-08 00:00:00+09:00,1290.8353737700438,1313.6148215424564,1279.4456498838376,1302.22509765625,218800,0.0,0.0
2009-09-09 00:00:00+09:00,1306.0217347051057,1347.7840576171875,1298.428585084727,1347.7840576171875,287000,0.0,0.0
2009-09-10 00:00:00+09:00,1347.7837881156943,1378.1563805239352,1347.7837881156943,1370.563232421875,317400,0.0,0.0
2009-09-11 00:00:00+09:00,1378.1562735934217,1378.1562735934217,1343.9871097853204,1355.3768310546875,164600,0.0,0.0
2009-09-14 00:00:00+09:00,1359.173580446105,1359.173580446105,1287.038669752038,1309.818115234375,150200,0.0,0.0
2009-09-15 00:00:00+09:00,1325.0045454286626,1325.0045454286626,1294.6319483987793,1302.22509765625,122600,0.0,0.0
2009-09-16 00:00:00+09:00,1309.8182836072199,1336.3943067528737,1306.0217088721265,1321.2080078125,113800,0.0,0.0
2009-09-17 00:00:00+09:00,1332.5973885159533,1378.1562735934217,1332.5973885159533,1355.3768310546875,189800,0.0,0.0
2009-09-18 00:00:00+09:00,1359.1737156557233,1362.97029028046,1313.6148201588833,1351.58056640625,140400,0.0,0.0
2009-09-21 00:00:00+09:00,1351.58056640625,1351.58056640625,1351.58056640625,1351.58056640625,0,0.0,0.0
2009-09-24 00:00:00+09:00,1351.5804915999304,1385.7496613313892,1347.7839171853238,1362.97021484375,153600,0.0,0.0
2009-09-25 00:00:00+09:00,1377.814151539522,1377.814151539522,1354.9774528952205,1358.7835693359375,185800,4.5,0.0
2009-09-28 00:00:00+09:00,1343.559009693287,1354.9773582175926,1316.9161964699074,1335.94677734375,198600,0.0,0.0
2009-09-29 00:00:00+09:00,1320.7221434123314,1324.5282590993986,1267.43652379339,1305.4976806640625,299400,0.0,0.0
2009-09-30 00:00:00+09:00,1305.4974187215169,1316.915763491676,1259.8240396408808,1278.8546142578125,159200,0.0,0.0
2009-10-01 00:00:00+09:00,1256.018310546875,1294.079471472538,1244.599962269176,1256.018310546875,114800,0.0,0.0
2009-10-02 00:00:00+09:00,1221.763436762083,1221.763436762083,1172.2839206315314,1183.7022705078125,223600,0.0,0.0
2009-10-05 00:00:00+09:00,1217.9572900236594,1221.7634065549832,1183.7022412417439,1206.5389404296875,210600,0.0,0.0
2009-10-06 00:00:00+09:00,1225.5695151232799,1244.60009765625,1210.3450490969037,1244.60009765625,149000,0.0,0.0
2009-10-07 00:00:00+09:00,1263.6306231563422,1301.6917865044247,1259.8245068215338,1290.2734375,190600,0.0,0.0
2009-10-08 00:00:00+09:00,1275.0488910097065,1290.2733553799717,1252.2121944543087,1256.018310546875,112200,0.0,0.0
2009-10-09 00:00:00+09:00,1275.0486320060295,1282.6608626448715,1248.4058247700825,1267.4364013671875,88200,0.0,0.0
2009-10-13 00:00:00+09:00,1278.8553113339553,1282.661428331973,1259.8247263438666,1275.0491943359375,103400,0.0,0.0
2009-10-14 00:00:00+09:00,1252.2121944543087,1271.2427749171402,1233.1816139914772,1256.018310546875,153200,0.0,0.0
2009-10-15 00:00:00+09:00,1263.6305427320076,1271.2427749171402,1236.9877300840435,1256.018310546875,99200,0.0,0.0
2009-10-16 00:00:00+09:00,1294.079494818956,1294.079494818956,1256.0183332066335,1271.2427978515625,126400,0.0,0.0
2009-10-19 00:00:00+09:00,1271.2426634655508,1286.4671265010663,1252.2120846711564,1282.6610107421875,109600,0.0,0.0
2009-10-20 00:00:00+09:00,1290.273401384523,1290.273401384523,1267.4367040148852,1286.46728515625,82200,0.0,0.0
2009-10-21 00:00:00+09:00,1267.436547706672,1286.4671265010663,1267.436547706672,1282.6610107421875,74000,0.0,0.0
2009-10-22 00:00:00+09:00,1263.630469345465,1267.4365852169874,1229.3754265017626,1248.406005859375,94000,0.0,0.0
2009-10-23 00:00:00+09:00,1252.2121217308975,1267.4365852169874,1240.79377411633,1248.406005859375,142600,0.0,0.0
2009-10-26 00:00:00+09:00,1229.375497898911,1263.6305427320076,1229.375497898911,1256.018310546875,119400,0.0,0.0
2009-10-27 00:00:00+09:00,1236.9876469407127,1240.7937627774534,1217.9570677570093,1221.76318359375,104000,0.0,0.0
2009-10-28 00:00:00+09:00,1210.3450569610116,1225.569523086307,1195.1205908357158,1206.5389404296875,68200,0.0,0.0
2009-10-29 00:00:00+09:00,1191.3146297046974,1221.7635659271816,1191.3146297046974,1210.34521484375,137800,0.0,0.0
2009-10-30 00:00:00+09:00,1221.7633557932504,1221.7633557932504,1202.7327739273119,1214.151123046875,91800,0.0,0.0
2009-11-02 00:00:00+09:00,1210.34506338614,1233.1817626953125,1191.3144806284963,1233.1817626953125,157800,0.0,0.0
2009-11-04 00:00:00+09:00,1271.2427749171402,1278.8550071022728,1244.599962269176,1256.018310546875,269800,0.0,0.0
2009-11-05 00:00:00+09:00,1259.8247920647495,1259.8247920647495,1210.3452685093364,1229.3758544921875,152800,0.0,0.0
2009-11-06 00:00:00+09:00,1236.9876582448076,1286.4671645745998,1229.3754265017626,1248.406005859375,215600,0.0,0.0
2009-11-09 00:00:00+09:00,1305.4979752795089,1316.916324917522,1286.4673925494867,1297.8857421875,559000,0.0,0.0
2009-11-10 00:00:00+09:00,1301.691589536582,1309.3038210543398,1275.0487792244296,1282.6610107421875,166400,0.0,0.0
2009-11-11 00:00:00+09:00,1278.8551462155963,1290.2734957353784,1236.9878646430618,1244.60009765625,184800,0.0,0.0
2009-11-12 00:00:00+09:00,1240.7941510662342,1256.0186191774765,1210.34521484375,1210.34521484375,126200,0.0,0.0
2009-11-13 00:00:00+09:00,1202.7327600325116,1233.1816906662461,1195.120527374078,1225.5694580078125,231400,0.0,0.0
2009-11-16 00:00:00+09:00,1217.957018769968,1217.957018769968,1176.0897462497503,1191.314208984375,123600,0.0,0.0
2009-11-17 00:00:00+09:00,1202.7326557443364,1206.5387717435274,1172.283727750809,1176.08984375,106400,0.0,0.0
2009-11-18 00:00:00+09:00,1176.0899948271194,1176.0899948271194,1149.4471794103238,1153.2532958984375,144400,0.0,0.0
2009-11-19 00:00:00+09:00,1149.4472004148006,1172.28389976079,1141.8349672994707,1168.477783203125,139800,0.0,0.0
2009-11-20 00:00:00+09:00,1153.2529140163113,1153.2529140163113,1115.1917617385452,1126.610107421875,213800,0.0,0.0
2009-11-24 00:00:00+09:00,1130.4165127402857,1160.8654423763878,1118.9981641267475,1157.059326171875,200200,0.0,0.0
2009-11-25 00:00:00+09:00,1168.4777618508922,1172.2838783390057,1130.4165969697556,1153.2532958984375,112800,0.0,0.0
2009-11-26 00:00:00+09:00,1145.64106292221,1179.8961113152332,1138.0288299459828,1153.2532958984375,63600,0.0,0.0
2009-11-27 00:00:00+09:00,1157.0594123865512,1172.2838783390057,1141.8349464340965,1153.2532958984375,141800,0.0,0.0
2009-11-30 00:00:00+09:00,1183.702291046627,1210.3451078869048,1179.8961743551586,1198.9267578125,149000,0.0,0.0
2009-12-01 00:00:00+09:00,1202.7324478149415,1221.763024520874,1187.5079864501954,1217.9569091796875,148800,0.0,0.0
2009-12-02 00:00:00+09:00,1210.3450490969037,1248.406214162844,1187.5083500573394,1244.60009765625,133800,0.0,0.0
2009-12-03 00:00:00+09:00,1282.6610707065515,1301.691650390625,1263.630491022478,1301.691650390625,192000,0.0,0.0
2009-12-04 00:00:00+09:00,1263.6304081063229,1305.4976806640625,1252.2120610451211,1305.4976806640625,167800,0.0,0.0
2009-12-07 00:00:00+09:00,1316.916452692843,1335.9470372693293,1305.4981019469512,1324.5286865234375,147800,0.0,0.0
2009-12-08 00:00:00+09:00,1316.9162457747582,1347.3651763129028,1294.0795478711498,1328.3345947265625,273400,0.0,0.0
2009-12-09 00:00:00+09:00,1309.3042188622485,1335.9470372693293,1297.8858681163567,1324.5286865234375,227600,0.0,0.0
2009-12-10 00:00:00+09:00,1313.1099368132186,1324.5282840898553,1275.0487792244296,1282.6610107421875,103000,0.0,0.0
2009-12-11 00:00:00+09:00,1297.8856155960648,1339.7528935185185,1278.8550347222222,1335.94677734375,174600,0.0,0.0
2009-12-14 00:00:00+09:00,1343.5591178937148,1347.365234375,1316.9163025247176,1347.365234375,107800,0.0,0.0
2009-12-15 00:00:00+09:00,1320.7223620920263,1335.9468273610987,1320.7223620920263,1328.3345947265625,94400,0.0,0.0
2009-12-16 00:00:00+09:00,1332.1407611553486,1396.844740982894,1332.1407611553486,1385.4263916015625,212800,0.0,0.0
2009-12-17 00:00:00+09:00,1385.4267401801214,1385.4267401801214,1358.7839182535806,1370.2022705078125,115600,0.0,0.0
2009-12-18 00:00:00+09:00,1366.395823639846,1381.620289641404,1343.5591246375086,1374.008056640625,74800,0.0,0.0
2009-12-21 00:00:00+09:00,1370.2019257597872,1393.0386245224502,1366.3958092993432,1385.4263916015625,141600,0.0,0.0
2009-12-22 00:00:00+09:00,1389.2322998046875,1412.0689951439426,1385.4261839148116,1389.2322998046875,230400,0.0,0.0
2009-12-24 00:00:00+09:00,1389.2322998046875,1393.0384156945634,1362.5894885755565,1389.2322998046875,150200,0.0,0.0
2009-12-25 00:00:00+09:00,1400.6507986594706,1400.6507986594706,1362.58963565242,1366.395751953125,101400,0.0,0.0
2009-12-28 00:00:00+09:00,1358.7833852188362,1385.4261966937154,1358.7833852188362,1377.81396484375,53400,0.0,0.0
2009-12-29 00:00:00+09:00,1374.008056640625,1385.4264061417937,1370.2019401402356,1374.008056640625,35600,0.0,0.0
2009-12-30 00:00:00+09:00,1351.1713364545037,1374.008035098805,1347.3652200137867,1358.7835693359375,43400,0.0,0.0
2010-01-04 00:00:00+09:00,1347.365234375,1351.1713508562855,1339.7530014124295,1347.365234375,77400,0.0,0.0
2010-01-05 00:00:00+09:00,1362.5897003001414,1366.3958167814267,1347.365234375,1347.365234375,67000,0.0,0.0
2010-01-06 00:00:00+09:00,1366.3957296022227,1366.3957296022227,1343.559032171545,1351.1712646484375,70400,0.0,0.0
2010-01-07 00:00:00+09:00,1343.5588500976562,1347.3649658203124,1320.7221557617186,1332.1405029296875,104400,0.0,0.0
2010-01-08 00:00:00+09:00,1320.7224266584528,1324.5285431617913,1301.6918441417604,1309.3040771484375,165600,0.0,0.0
2010-01-12 00:00:00+09:00,1313.11012945749,1335.9468273610987,1301.6917805056858,1328.3345947265625,86600,0.0,0.0
2010-01-13 00:00:00+09:00,1320.722588972612,1343.5592907992275,1320.722588972612,1339.753173828125,84600,0.0,0.0
2010-01-14 00:00:00+09:00,1339.7529378481895,1366.395751953125,1335.9468215474844,1366.395751953125,123600,0.0,0.0
2010-01-15 00:00:00+09:00,1354.9773808868838,1358.78349712533,1328.3345672177595,1351.1712646484375,128400,0.0,0.0
2010-01-18 00:00:00+09:00,1347.3651258680557,1347.3651258680557,1316.9161964699074,1335.94677734375,75000,0.0,0.0
2010-01-19 00:00:00+09:00,1332.1409398859198,1347.3654077703302,1320.722588972612,1339.753173828125,69200,0.0,0.0
2010-01-20 00:00:00+09:00,1347.3651704495996,1381.6202171559453,1335.9468215474844,1366.395751953125,159600,0.0,0.0
2010-01-21 00:00:00+09:00,1370.2017329937846,1393.038428543681,1362.589501143819,1377.81396484375,151600,0.0,0.0
2010-01-22 00:00:00+09:00,1358.7837268680169,1362.58984375,1343.5592593400838,1362.58984375,60600,0.0,0.0
2010-01-25 00:00:00+09:00,1347.3652200137867,1362.5896857766545,1332.1407542509191,1358.7835693359375,57800,0.0,0.0
2010-01-26 00:00:00+09:00,1358.783541088262,1438.711984681689,1351.1713083650782,1381.6202392578125,309000,0.0,0.0
2010-01-27 00:00:00+09:00,1389.2325080620064,1419.681439745557,1381.6202751411186,1385.4263916015625,240600,0.0,0.0
2010-01-28 00:00:00+09:00,1389.232471980996,1396.8447047041795,1358.783541088262,1381.6202392578125,176200,0.0,0.0
2010-01-29 00:00:00+09:00,1385.4262656145554,1423.4874267578125,1385.4262656145554,1423.4874267578125,224400,0.0,0.0
2010-02-01 00:00:00+09:00,1404.4569666245404,1412.0691995059742,1347.3652200137867,1358.7835693359375,215600,0.0,0.0
2010-02-02 00:00:00+09:00,1362.5898951841205,1377.8143632867364,1347.3654270815045,1354.9776611328125,134200,0.0,0.0
2010-02-03 00:00:00+09:00,1385.426412831182,1404.456995425017,1381.6202963124151,1400.65087890625,123400,0.0,0.0
2010-02-04 00:00:00+09:00,1404.456995425017,1408.263111943784,1381.6202963124151,1400.65087890625,92800,0.0,0.0
2010-02-05 00:00:00+09:00,1385.4262656145554,1450.1302395580924,1362.5895689286012,1423.4874267578125,429600,0.0,0.0
2010-02-08 00:00:00+09:00,1423.4874004163241,1469.160792943051,1412.0690522846423,1446.3240966796875,456200,0.0,0.0
2010-02-09 00:00:00+09:00,1438.712098106971,1499.6099646935097,1438.712098106971,1484.385498046875,450200,0.0,0.0
2010-02-10 00:00:00+09:00,1488.1915506029886,1491.9976671006943,1423.4875701419892,1438.7120361328125,307600,0.0,0.0
2010-02-12 00:00:00+09:00,1450.13038562593,1457.7426186213418,1427.293686639695,1438.7120361328125,227400,0.0,0.0
2010-02-15 00:00:00+09:00,1446.3240865344337,1446.3240865344337,1419.6812744140625,1419.6812744140625,125400,0.0,0.0
2010-02-16 00:00:00+09:00,1427.2934805434738,1453.9362921802854,1423.4873645953578,1442.5179443359375,210600,0.0,0.0
2010-02-17 00:00:00+09:00,1472.9671389770508,1530.0588885498046,1465.3549057006835,1522.4466552734375,455000,0.0,0.0
2010-02-18 00:00:00+09:00,1526.252285394436,1564.3134396436737,1514.8339391196646,1560.50732421875,408400,0.0,0.0
2010-02-19 00:00:00+09:00,1545.2834952328008,1564.3140801494608,1511.0284423828125,1511.0284423828125,187200,0.0,0.0
2010-02-22 00:00:00+09:00,1522.4464340965346,1549.0892466932241,1518.6403180112934,1537.6708984375,152200,0.0,0.0
2010-02-23 00:00:00+09:00,1533.8649328797308,1533.8649328797308,1491.9976518333858,1514.8343505859375,198600,0.0,0.0
2010-02-24 00:00:00+09:00,1480.5791510845647,1488.191383223817,1465.3546868060603,1472.9669189453125,255400,0.0,0.0
2010-02-25 00:00:00+09:00,1461.548560855263,1476.7730250308389,1434.9057485480057,1446.3240966796875,234600,0.0,0.0
2010-02-26 00:00:00+09:00,1446.3242047262565,1469.1609026956185,1438.7119720698026,1457.7425537109375,132000,0.0,0.0
2010-03-01 00:00:00+09:00,1453.9362303415935,1480.5790408452353,1453.9362303415935,1461.5484619140625,98000,0.0,0.0
2010-03-02 00:00:00+09:00,1480.5791510845647,1495.8036153630692,1457.7424546668078,1472.9669189453125,143600,0.0,0.0
2010-03-03 00:00:00+09:00,1476.7732001582278,1511.0282486155063,1472.9670836629746,1503.416015625,156400,0.0,0.0
2010-03-04 00:00:00+09:00,1507.2220515908357,1507.2220515908357,1469.160888671875,1469.160888671875,73200,0.0,0.0
2010-03-05 00:00:00+09:00,1488.1912717867622,1503.4157349252457,1488.1912717867622,1499.609619140625,87800,0.0,0.0
2010-03-08 00:00:00+09:00,1522.4464340965346,1545.2831306079827,1499.6097375850866,1537.6708984375,302600,0.0,0.0
2010-03-09 00:00:00+09:00,1533.8648320288207,1560.5076454883783,1526.2525996118043,1530.0587158203125,158000,0.0,0.0
2010-03-10 00:00:00+09:00,1541.4772086307921,1549.089441759833,1537.6710920662715,1545.2833251953125,117000,0.0,0.0
2010-03-11 00:00:00+09:00,1556.7014393656364,1583.3442512863196,1556.7014393656364,1571.9259033203125,264400,0.0,0.0
2010-03-12 00:00:00+09:00,1587.1504628766409,1602.3749277483591,1583.3443466587112,1594.7626953125,225200,0.0,0.0
2010-03-15 00:00:00+09:00,1602.3746083211556,1613.7929546987411,1583.34403102518,1587.150146484375,150000,0.0,0.0
2010-03-16 00:00:00+09:00,1583.344410477053,1602.3749923337484,1575.732177734375,1575.732177734375,144000,0.0,0.0
2010-03-17 00:00:00+09:00,1594.7625838445385,1636.6298593153977,1594.7625838445385,1621.4053955078125,334200,0.0,0.0
2010-03-18 00:00:00+09:00,1632.823759139017,1636.629875127686,1571.9259033203125,1571.9259033203125,299400,0.0,0.0
2010-03-19 00:00:00+09:00,1594.7628254412439,1594.7628254412439,1552.8955436277506,1556.70166015625,212400,0.0,0.0
2010-03-23 00:00:00+09:00,1564.3137300482206,1598.5687752317583,1564.3137300482206,1590.95654296875,233200,0.0,0.0
2010-03-24 00:00:00+09:00,1590.9566722196691,1594.7627886603861,1541.4771584903492,1552.8955078125,252400,0.0,0.0
2010-03-25 00:00:00+09:00,1552.895529145176,1571.9261116101904,1552.895529145176,1568.1199951171875,252600,0.0,0.0
2010-03-26 00:00:00+09:00,1564.3137433523154,1579.5382080078125,1560.5076271884411,1579.5382080078125,241200,0.0,0.0
2010-03-29 00:00:00+09:00,1557.0222013147866,1576.1033557426638,1553.2059704292112,1564.6546630859375,135200,5.5,0.0
2010-03-30 00:00:00+09:00,1583.7360536100718,1625.714599609375,1576.1035907011076,1625.714599609375,227600,0.0,0.0
2010-03-31 00:00:00+09:00,1610.4494785853794,1618.0819405691964,1595.1845546177453,1602.8170166015625,104200,0.0,0.0
2010-04-01 00:00:00+09:00,1621.8982991345872,1633.3469930108315,1606.6333739662618,1629.53076171875,174400,0.0,0.0
2010-04-02 00:00:00+09:00,1629.5306019333173,1637.1630637690705,1610.4494473439343,1618.0819091796875,86600,0.0,0.0
2010-04-05 00:00:00+09:00,1614.2658204832278,1637.1632080078125,1614.2658204832278,1637.1632080078125,109600,0.0,0.0
2010-04-06 00:00:00+09:00,1637.1630637690705,1637.1630637690705,1602.816985508181,1618.0819091796875,110600,0.0,0.0
2010-04-07 00:00:00+09:00,1610.4495892291304,1640.97943926191,1610.4495892291304,1637.1632080078125,102400,0.0,0.0
2010-04-08 00:00:00+09:00,1614.265869140625,1625.7145632480053,1610.4496377714981,1614.265869140625,91400,0.0,0.0
2010-04-09 00:00:00+09:00,1606.633597279047,1618.0822927465938,1602.8173654565314,1610.4498291015625,129600,0.0,0.0
2010-04-12 00:00:00+09:00,1618.0820840992646,1637.1632407513787,1618.0820840992646,1621.8983154296875,74400,0.0,0.0
2010-04-13 00:00:00+09:00,1618.0820596246972,1618.0820596246972,1564.6548218069006,1576.103515625,125600,0.0,0.0
2010-04-14 00:00:00+09:00,1576.103759765625,1576.103759765625,1549.39013671875,1549.39013671875,153600,0.0,0.0
2010-04-15 00:00:00+09:00,1579.9197833721453,1591.3684774545522,1568.4710892897385,1587.55224609375,123000,0.0,0.0
2010-04-16 00:00:00+09:00,1579.9199372104665,1579.9199372104665,1518.8602294921875,1518.8602294921875,293400,0.0,0.0
2010-04-19 00:00:00+09:00,1492.1467464025345,1507.4116747544786,1457.8006576106602,1484.5142822265625,333200,0.0,0.0
2010-04-20 00:00:00+09:00,1488.3304268973213,1511.227818080357,1461.6168038504463,1469.249267578125,201000,0.0,0.0
2010-04-21 00:00:00+09:00,1488.3304613330697,1515.044084998022,1476.8817654766615,1507.41162109375,149600,0.0,0.0
2010-04-22 00:00:00+09:00,1511.2276611328125,1518.8601240678267,1488.33027232777,1511.2276611328125,148000,0.0,0.0
2010-04-23 00:00:00+09:00,1518.8601104359568,1553.2061933352625,1518.8601104359568,1545.57373046875,212200,0.0,0.0
2010-04-26 00:00:00+09:00,1545.5735086580603,1568.4708939715129,1545.5735086580603,1564.6546630859375,104600,0.0,0.0
2010-04-27 00:00:00+09:00,1557.0226352383863,1564.6550991366137,1537.941475492818,1560.8388671875,87400,0.0,0.0
2010-04-28 00:00:00+09:00,1507.411637878418,1534.1252618408203,1507.411637878418,1526.4927978515625,147400,0.0,0.0
2010-04-30 00:00:00+09:00,1534.1249470318346,1545.5736406664005,1526.4924846087906,1530.3087158203125,75800,0.0,0.0
2010-05-06 00:00:00+09:00,1476.8817313058034,1488.3304268973213,1465.4330357142858,1469.249267578125,123600,0.0,0.0
2010-05-07 00:00:00+09:00,1415.821849873591,1457.8003952876327,1400.5569242684849,1438.71923828125,165600,0.0,0.0
2010-05-10 00:00:00+09:00,1446.3518763950892,1473.0654994419642,1442.53564453125,1469.249267578125,145200,0.0,0.0
2010-05-11 00:00:00+09:00,1461.6166063534317,1469.2490690497943,1412.005598827075,1419.6380615234375,204200,0.0,0.0
2010-05-12 00:00:00+09:00,1412.0058247828679,1427.2707526183583,1385.2922010707596,1400.55712890625,161200,0.0,0.0
2010-05-13 00:00:00+09:00,1431.0867721970017,1431.0867721970017,1400.556921056799,1412.005615234375,180000,0.0,0.0
2010-05-14 00:00:00+09:00,1412.0056184723144,1461.6166266889093,1408.1893870710378,1438.71923828125,197000,0.0,0.0
2010-05-17 00:00:00+09:00,1442.535609375,1476.8816953125,1412.0057552083333,1431.0869140625,763400,0.0,0.0
2010-05-18 00:00:00+09:00,1450.1679291596283,1453.9841605521538,1404.3731524493244,1412.005615234375,306000,0.0,0.0
2010-05-19 00:00:00+09:00,1370.0272037484551,1377.6596672790872,1320.4161907993469,1350.946044921875,351200,0.0,0.0
2010-05-20 00:00:00+09:00,1335.6808651194854,1335.6808651194854,1289.886092601103,1297.5185546875,364800,0.0,0.0
2010-05-21 00:00:00+09:00,1255.5402480049368,1255.5402480049368,1232.6428574638132,1244.091552734375,425600,0.0,0.0
2010-05-24 00:00:00+09:00,1259.3563396174732,1270.8050336139956,1236.4589516244282,1251.723876953125,304400,0.0,0.0
2010-05-25 00:00:00+09:00,1251.7242284249226,1255.5404608286572,1221.1943691950464,1232.64306640625,179600,0.0,0.0
2010-05-26 00:00:00+09:00,1225.0102334324317,1232.6426959460293,1198.2966146348397,1205.9290771484375,255200,0.0,0.0
2010-05-27 00:00:00+09:00,1205.9292519651813,1251.7240336853781,1194.480556535132,1236.4591064453125,368800,0.0,0.0
2010-05-28 00:00:00+09:00,1270.8051063400542,1301.33495874462,1259.356411688342,1274.621337890625,333400,0.0,0.0
2010-05-31 00:00:00+09:00,1263.1727638580235,1324.232474497686,1259.3565319430445,1301.3350830078125,317200,0.0,0.0
2010-06-01 00:00:00+09:00,1301.3345700218563,1301.3345700218563,1274.6209571475074,1282.25341796875,164600,0.0,0.0
2010-06-02 00:00:00+09:00,1286.0697322077938,1305.1508855046452,1263.1723482515717,1270.8048095703125,232200,0.0,0.0
2010-06-03 00:00:00+09:00,1286.0699662771838,1305.151123046875,1286.0699662771838,1305.151123046875,124600,0.0,0.0
2010-06-04 00:00:00+09:00,1316.5998369816057,1343.313456862392,1316.5998369816057,1324.2322998046875,170200,0.0,0.0
2010-06-07 00:00:00+09:00,1293.7021935265343,1293.7021935265343,1259.3561175922016,1270.8048095703125,104400,0.0,0.0
2010-06-08 00:00:00+09:00,1255.5404608286572,1263.1729256361261,1228.8268340025154,1232.64306640625,240800,0.0,0.0
2010-06-09 00:00:00+09:00,1228.8263092041016,1236.4587707519531,1217.3776168823242,1221.19384765625,181600,0.0,0.0
2010-06-10 00:00:00+09:00,1228.8267849392362,1228.8267849392362,1202.1131591796875,1202.1131591796875,174200,0.0,0.0
2010-06-11 00:00:00+09:00,1263.1726493727992,1373.8433648767605,1263.1726493727992,1354.76220703125,1122000,0.0,0.0
2010-06-14 00:00:00+09:00,1358.5788194444444,1396.7411458333333,1358.5788194444444,1373.84375,468000,0.0,0.0
2010-06-15 00:00:00+09:00,1373.843470982143,1392.9246303013392,1373.843470982143,1389.1083984375,210600,0.0,0.0
2010-06-16 00:00:00+09:00,1450.16796875,1453.9842002467105,1415.8218852796053,1450.16796875,548600,0.0,0.0
2010-06-17 00:00:00+09:00,1438.71923828125,1446.3517010838032,1419.6380812748673,1438.71923828125,226800,0.0,0.0
2010-06-18 00:00:00+09:00,1450.1682647945374,1465.4331938976377,1431.0871034156619,1453.9844970703125,274400,0.0,0.0
2010-06-21 00:00:00+09:00,1450.1681082589284,1461.6168038504463,1434.9031808035713,1442.53564453125,263000,0.0,0.0
2010-06-22 00:00:00+09:00,1419.6381478658539,1450.1680005081303,1404.3732215447155,1408.189453125,330600,0.0,0.0
2010-06-23 00:00:00+09:00,1385.2921665736608,1396.7408621651784,1381.4759347098213,1389.1083984375,165400,0.0,0.0
2010-06-24 00:00:00+09:00,1385.2920636432927,1415.8219162855692,1377.6596004827236,1408.189453125,196200,0.0,0.0
2010-06-25 00:00:00+09:00,1381.4761297676,1389.108594572946,1350.9462705462165,1358.5787353515625,193800,0.0,0.0
2010-06-28 00:00:00+09:00,1362.394740217823,1366.2109719831392,1343.313581391243,1350.946044921875,107000,0.0,0.0
2010-06-29 00:00:00+09:00,1354.7620640345983,1366.2107575334821,1331.8646770368305,1335.680908203125,124400,0.0,0.0
2010-06-30 00:00:00+09:00,1312.7835163083091,1320.4159786124271,1293.702360548014,1308.96728515625,176000,0.0,0.0
2010-07-01 00:00:00+09:00,1282.2537149944362,1297.5186401729413,1278.43748369981,1286.0699462890625,156000,0.0,0.0
2010-07-02 00:00:00+09:00,1270.8051063400542,1286.0700325423372,1259.356411688342,1274.621337890625,159000,0.0,0.0
2010-07-05 00:00:00+09:00,1301.334924822023,1305.1511562731139,1286.069999017659,1289.88623046875,149800,0.0,0.0
2010-07-06 00:00:00+09:00,1286.070189365121,1324.2325095243234,1263.1727972695994,1312.7838134765625,185200,0.0,0.0
2010-07-07 00:00:00+09:00,1301.334924822023,1305.1511562731139,1270.8050732132951,1289.88623046875,183600,0.0,0.0
2010-07-08 00:00:00+09:00,1324.232279816566,1324.232279816566,1305.151123046875,1305.151123046875,120800,0.0,0.0
2010-07-09 00:00:00+09:00,1305.1511427469832,1339.4972254508511,1293.7024485123604,1324.2322998046875,152400,0.0,0.0
2010-07-12 00:00:00+09:00,1320.4159786124271,1339.4971343727223,1305.151054004191,1308.96728515625,178200,0.0,0.0
2010-07-13 00:00:00+09:00,1320.4159786124271,1331.8646720686042,1308.96728515625,1308.96728515625,122600,0.0,0.0
2010-07-14 00:00:00+09:00,1324.232251045724,1347.129638671875,1320.416019774699,1347.129638671875,125400,0.0,0.0
2010-07-15 00:00:00+09:00,1324.2325095243234,1328.0487415402436,1308.9675814606424,1312.7838134765625,69000,0.0,0.0
2010-07-16 00:00:00+09:00,1293.7025146484375,1320.4161358948654,1282.25381982854,1293.7025146484375,135400,0.0,0.0
2010-07-21 00:00:00+09:00,1270.8050336139956,1274.62126494617,1240.2751829566025,1251.723876953125,92000,0.0,0.0
2010-07-22 00:00:00+09:00,1240.2754763339428,1255.5404052734375,1236.4592440990693,1255.5404052734375,109000,0.0,0.0
2010-07-23 00:00:00+09:00,1316.599577482756,1316.599577482756,1266.9885789109421,1270.8048095703125,139800,0.0,0.0
2010-07-26 00:00:00+09:00,1282.2537349232455,1320.416048462628,1278.4375035693074,1305.151123046875,163600,0.0,0.0
2010-07-27 00:00:00+09:00,1297.51874625507,1312.7836726816004,1293.7025146484375,1293.7025146484375,59000,0.0,0.0
2010-07-28 00:00:00+09:00,1297.5188854128817,1316.6000454924829,1286.070189365121,1312.7838134765625,96400,0.0,0.0
2010-07-29 00:00:00+09:00,1308.9672478170958,1308.9672478170958,1293.7023236443015,1297.5185546875,74400,0.0,0.0
2010-07-30 00:00:00+09:00,1297.5187271940495,1297.5187271940495,1270.8051063400542,1274.621337890625,137000,0.0,0.0
2010-08-02 00:00:00+09:00,1274.621566447806,1289.8864953873006,1251.724173038564,1255.5404052734375,78200,0.0,0.0
2010-08-03 00:00:00+09:00,1286.0701553478968,1308.9675468377704,1282.2539234329179,1301.3350830078125,147200,0.0,0.0
2010-08-04 00:00:00+09:00,1293.7021935265343,1293.7021935265343,1270.8048095703125,1270.8048095703125,92000,0.0,0.0
2010-08-05 00:00:00+09:00,1286.0696483793713,1293.702109200614,1278.4371875581287,1282.25341796875,90800,0.0,0.0
2010-08-06 00:00:00+09:00,1278.437536115477,1301.334924822023,1278.437536115477,1289.88623046875,150600,0.0,0.0
2010-08-09 00:00:00+09:00,1289.8865054777298,1350.946221713362,1289.8865054777298,1328.048828125,354400,0.0,0.0
2010-08-10 00:00:00+09:00,1328.048619457799,1339.497314453125,1324.2323877926906,1339.497314453125,149600,0.0,0.0
2010-08-11 00:00:00+09:00,1331.8644133068267,1331.8644133068267,1282.25341796875,1282.25341796875,227800,0.0,0.0
2010-08-12 00:00:00+09:00,1263.1724752987134,1301.3347857306985,1255.5400132123164,1297.5185546875,220200,0.0,0.0
2010-08-13 00:00:00+09:00,1305.1513149227915,1324.232474497686,1289.8863872628758,1301.3350830078125,190400,0.0,0.0
2010-08-16 00:00:00+09:00,1293.7024956434786,1293.7024956434786,1266.9888747894836,1274.621337890625,143200,0.0,0.0
2010-08-17 00:00:00+09:00,1266.9888022818216,1274.62126494617,1251.723876953125,1251.723876953125,176200,0.0,0.0
2010-08-18 00:00:00+09:00,1266.9888022818216,1266.9888022818216,1232.6427202922541,1251.723876953125,183600,0.0,0.0
2010-08-19 00:00:00+09:00,1247.9079960211882,1255.5404608286572,1228.8268340025154,1232.64306640625,230600,0.0,0.0
2010-08-20 00:00:00+09:00,1225.010410235005,1225.010410235005,1179.215628543977,1183.0318603515625,505200,0.0,0.0
2010-08-23 00:00:00+09:00,1179.215540268842,1186.8480033126532,1163.9506141812194,1167.766845703125,204400,0.0,0.0
2010-08-24 00:00:00+09:00,1160.1342935120033,1163.9505247406612,1144.8693685973717,1152.5018310546875,168600,0.0,0.0
2010-08-25 00:00:00+09:00,1144.8694565716912,1171.5830772250308,1133.4207620059744,1167.766845703125,254800,0.0,0.0
2010-08-26 00:00:00+09:00,1160.1343826593138,1175.3993087469364,1152.5019196155026,1167.766845703125,129400,0.0,0.0
2010-08-27 00:00:00+09:00,1175.3995660745873,1225.0105867205925,1171.5833337172023,1213.5618896484375,324200,0.0,0.0
2010-08-30 00:00:00+09:00,1228.8263092041016,1240.275001525879,1213.5613861083984,1221.19384765625,134400,0.0,0.0
2010-08-31 00:00:00+09:00,1194.4804493297231,1202.1129122647374,1175.3992919921875,1175.3992919921875,150000,0.0,0.0
2010-09-01 00:00:00+09:00,1163.9505975896661,1179.2155234596946,1156.318134654652,1175.3992919921875,101600,0.0,0.0
2010-09-02 00:00:00+09:00,1194.4806084832196,1198.2968404592043,1167.7669846513263,1186.84814453125,93600,0.0,0.0
2010-09-03 00:00:00+09:00,1183.0318603515625,1198.2967875819052,1175.399396736391,1183.0318603515625,113800,0.0,0.0
2010-09-06 00:00:00+09:00,1202.113037109375,1228.82666015625,1183.0318777901784,1228.82666015625,135200,0.0,0.0
2010-09-07 00:00:00+09:00,1217.378136791312,1232.64306640625,1213.5619043875774,1232.64306640625,94600,0.0,0.0
2010-09-08 00:00:00+09:00,1202.113002669475,1221.1941614420064,1202.113002669475,1217.3779296875,108800,0.0,0.0
2010-09-09 00:00:00+09:00,1225.0104110152633,1244.0915700653454,1221.1941792052469,1236.4591064453125,145000,0.0,0.0
2010-09-10 00:00:00+09:00,1247.907784491229,1259.3564797617908,1240.2753209775212,1244.091552734375,119200,0.0,0.0
2010-09-13 00:00:00+09:00,1255.5403872026056,1274.6215481023414,1251.7241550226586,1263.1728515625,150800,0.0,0.0
2010-09-14 00:00:00+09:00,1259.3565326655676,1263.172764582736,1240.2753730797258,1247.9078369140625,113800,0.0,0.0
2010-09-16 00:00:00+09:00,1274.6210402296829,1274.6210402296829,1255.5398869328312,1270.8048095703125,114600,0.0,0.0
2010-09-17 00:00:00+09:00,1270.8050211105574,1289.8861775836888,1266.988789815931,1286.0699462890625,104200,0.0,0.0
2010-09-21 00:00:00+09:00,1301.334822852132,1320.4159786124271,1301.334822852132,1308.96728515625,130400,0.0,0.0
2010-09-22 00:00:00+09:00,1297.5188510928338,1308.9675468377704,1289.8863872628758,1301.3350830078125,95400,0.0,0.0
2010-09-24 00:00:00+09:00,1282.2537149944362,1312.7835653514467,1282.2537149944362,1286.0699462890625,145000,0.0,0.0
2010-09-27 00:00:00+09:00,1301.3350830078125,1312.7837787527494,1289.8863872628758,1301.3350830078125,158400,0.0,0.0
2010-09-28 00:00:00+09:00,1286.7823460820896,1302.1011835354477,1279.1229273554104,1282.95263671875,85600,6.0,0.0
2010-09-29 00:00:00+09:00,1279.1227032166423,1305.9306640625,1275.2929945243768,1305.9306640625,89600,0.0,0.0
2010-09-30 00:00:00+09:00,1298.2710772258479,1309.760201803068,1252.3145789169685,1256.144287109375,208000,0.0,0.0
2010-10-01 00:00:00+09:00,1271.4634931848404,1271.4634931848404,1225.5069813829787,1259.974365234375,210400,0.0,0.0
2010-10-04 00:00:00+09:00,1263.8038195276552,1267.6335280716785,1248.4849853515625,1248.4849853515625,109600,0.0,0.0
2010-10-05 00:00:00+09:00,1240.8257042461291,1275.2930849196327,1236.9959952824065,1267.6336669921875,128800,0.0,0.0
2010-10-06 00:00:00+09:00,1271.4632795215707,1298.271240234375,1271.4632795215707,1298.271240234375,132000,0.0,0.0
2010-10-07 00:00:00+09:00,1286.7821206011731,1309.7603727547655,1286.7821206011731,1305.9306640625,129800,0.0,0.0
2010-10-08 00:00:00+09:00,1298.271240234375,1325.0792009471793,1294.4415315611172,1298.271240234375,187600,0.0,0.0
2010-10-12 00:00:00+09:00,1317.420004986702,1317.420004986702,1256.144655917553,1259.974365234375,141800,0.0,0.0
2010-10-13 00:00:00+09:00,1279.1226968680862,1309.7603662541483,1279.1226968680862,1298.271240234375,183200,0.0,0.0
2010-10-14 00:00:00+09:00,1321.2493789405155,1321.2493789405155,1302.1008372167398,1309.76025390625,174400,0.0,0.0
2010-10-15 00:00:00+09:00,1294.44140625,1302.1008228550295,1286.7819896449703,1294.44140625,125000,0.0,0.0
2010-10-18 00:00:00+09:00,1302.1007197521865,1321.2492597485423,1298.2710117529155,1313.58984375,108000,0.0,0.0
2010-10-19 00:00:00+09:00,1309.7603855298914,1336.5683466372284,1309.7603855298914,1321.24951171875,183600,0.0,0.0
2010-10-20 00:00:00+09:00,1302.1007080078125,1309.7601239372702,1282.9521681841682,1302.1007080078125,137800,0.0,0.0
2010-10-21 00:00:00+09:00,1298.2711109195336,1309.7602357949277,1282.9522777523414,1290.6116943359375,95400,0.0,0.0
2010-10-22 00:00:00+09:00,1282.9522813424555,1302.1008228550295,1282.9522813424555,1294.44140625,91600,0.0,0.0
2010-10-25 00:00:00+09:00,1305.9306575808905,1317.4197836006638,1294.4415315611172,1298.271240234375,125400,0.0,0.0
2010-10-26 00:00:00+09:00,1286.7819860441396,1302.1008192113316,1286.7819860441396,1290.6116943359375,83400,0.0,0.0
2010-10-27 00:00:00+09:00,1290.6118065382905,1298.271223787776,1275.2929720393197,1279.1226806640625,141200,0.0,0.0
2010-10-28 00:00:00+09:00,1290.6114325995916,1290.6114325995916,1275.2926025390625,1275.2926025390625,214600,0.0,0.0
2010-10-29 00:00:00+09:00,1290.6116608410348,1290.6116608410348,1248.4848707245617,1256.144287109375,258800,0.0,0.0
2010-11-01 00:00:00+09:00,1263.8037109375,1271.4631273674242,1240.8254616477273,1263.8037109375,210600,0.0,0.0
2010-11-02 00:00:00+09:00,1248.4849853515625,1259.974110983632,1225.5067340874232,1248.4849853515625,161600,0.0,0.0
2010-11-04 00:00:00+09:00,1263.8038461650917,1286.782097913548,1259.974137540349,1279.1226806640625,111400,0.0,0.0
2010-11-05 00:00:00+09:00,1305.930545561495,1313.5899622510053,1294.4414205272296,1309.76025390625,143800,0.0,0.0
2010-11-08 00:00:00+09:00,1313.5900942595108,1321.24951171875,1309.7603855298914,1321.24951171875,111800,0.0,0.0
2010-11-09 00:00:00+09:00,1325.0791325099033,1359.5465087890625,1325.0791325099033,1359.5465087890625,327200,0.0,0.0
2010-11-10 00:00:00+09:00,1367.2060546875,1374.8654723608192,1359.5466370141805,1367.2060546875,234600,0.0,0.0
2010-11-11 00:00:00+09:00,1363.376577203924,1367.2062866904519,1344.2280297712846,1348.0577392578125,156800,0.0,0.0
2010-11-12 00:00:00+09:00,1348.0572433035716,1351.8869513811385,1336.5681190708706,1340.3978271484375,125400,0.0,0.0
2010-11-15 00:00:00+09:00,1340.3979386651206,1348.0573554574928,1325.0791050803764,1328.9088134765625,127200,0.0,0.0
2010-11-16 00:00:00+09:00,1340.3980837029926,1355.7169189453125,1328.9089572712526,1355.7169189453125,171600,0.0,0.0
2010-11-17 00:00:00+09:00,1351.8872193408613,1371.0357635241596,1344.227801667542,1367.2060546875,194000,0.0,0.0
2010-11-18 00:00:00+09:00,1378.6949825802365,1416.9920654296875,1371.0355660103462,1416.9920654296875,279600,0.0,0.0
2010-11-19 00:00:00+09:00,1428.4813166615775,1439.9704425328503,1409.3327735427897,1420.8218994140625,178000,0.0,0.0
2010-11-22 00:00:00+09:00,1439.970452456551,1439.970452456551,1413.162491905498,1432.31103515625,147000,0.0,0.0
2010-11-24 00:00:00+09:00,1405.5030746051973,1439.970452456551,1401.6733659550468,1432.31103515625,192000,0.0,0.0
2010-11-25 00:00:00+09:00,1436.1407567584326,1455.2893001818784,1424.6516307043653,1447.6298828125,156600,0.0,0.0
2010-11-26 00:00:00+09:00,1443.800086896444,1493.5862967894248,1443.800086896444,1485.9268798828125,333000,0.0,0.0
2010-11-29 00:00:00+09:00,1462.9489921824793,1489.7569580078125,1462.9489921824793,1489.7569580078125,158800,0.0,0.0
2010-11-30 00:00:00+09:00,1478.2675423177084,1482.0972509765625,1436.1407470703125,1436.1407470703125,235200,0.0,0.0
2010-12-01 00:00:00+09:00,1432.31105443051,1455.289306640625,1424.6516370271383,1455.289306640625,108600,0.0,0.0
2010-12-02 00:00:00+09:00,1474.4378598365088,1474.4378598365088,1455.2893162022683,1466.7784423828125,159400,0.0,0.0
2010-12-03 00:00:00+09:00,1470.6081574675325,1485.9269924411526,1466.7784487241274,1474.4378662109375,134400,0.0,0.0
2010-12-06 00:00:00+09:00,1462.9488639238584,1482.097409263176,1459.119154855995,1478.2677001953125,101600,0.0,0.0
2010-12-07 00:00:00+09:00,1466.7784487241274,1485.9269924411526,1459.1190312373174,1474.4378662109375,154600,0.0,0.0
2010-12-08 00:00:00+09:00,1482.097434360166,1512.735107421875,1482.097434360166,1512.735107421875,207000,0.0,0.0
2010-12-09 00:00:00+09:00,1508.905141064578,1512.7348495444373,1493.5863071451406,1497.416015625,100000,0.0,0.0
2010-12-10 00:00:00+09:00,1501.2458433493591,1501.2458433493591,1489.7567169971956,1493.58642578125,155000,0.0,0.0
2010-12-13 00:00:00+09:00,1493.586453315907,1531.8835418624687,1489.756744461251,1528.0538330078125,162200,0.0,0.0
2010-12-14 00:00:00+09:00,1524.224009069124,1535.713134765625,1520.3943005036238,1535.713134765625,157800,0.0,0.0
2010-12-15 00:00:00+09:00,1531.883544921875,1535.7132537841796,1524.2241271972657,1531.883544921875,100400,0.0,0.0
2010-12-16 00:00:00+09:00,1520.3943005036238,1539.5428433311254,1520.3943005036238,1535.713134765625,70200,0.0,0.0
2010-12-17 00:00:00+09:00,1528.0538330078125,1535.713250717125,1516.564706443844,1528.0538330078125,97600,0.0,0.0
2010-12-20 00:00:00+09:00,1531.8834092881946,1535.713117811415,1505.0754496256511,1516.5645751953125,77600,0.0,0.0
2010-12-21 00:00:00+09:00,1508.9052887345317,1535.713250717125,1508.9052887345317,1528.0538330078125,69800,0.0,0.0
2010-12-22 00:00:00+09:00,1524.2239922417536,1535.713117811415,1512.734866672092,1516.5645751953125,66000,0.0,0.0
2010-12-24 00:00:00+09:00,1512.7348495444373,1512.7348495444373,1497.416015625,1497.416015625,84600,0.0,0.0
2010-12-27 00:00:00+09:00,1493.5864320093272,1505.075558409399,1493.5864320093272,1501.245849609375,53400,0.0,0.0
2010-12-28 00:00:00+09:00,1508.905029296875,1516.564445689245,1505.0753211006902,1508.905029296875,38200,0.0,0.0
2010-12-29 00:00:00+09:00,1516.5645919381234,1539.5428433311254,1508.9051748071229,1535.713134765625,90000,0.0,0.0
2010-12-30 00:00:00+09:00,1520.3944152985002,1528.0538330078125,1508.9052887345317,1528.0538330078125,58600,0.0,0.0
2011-01-04 00:00:00+09:00,1528.0536034065794,1554.861561361081,1524.223895127365,1543.3724365234375,145800,0.0,0.0
2011-01-05 00:00:00+09:00,1543.3726896840362,1558.6915253136544,1539.5429807766318,1554.86181640625,74200,0.0,0.0
2011-01-06 00:00:00+09:00,1566.3508398556016,1585.49938313012,1558.6914225457942,1577.8399658203125,148600,0.0,0.0
2011-01-07 00:00:00+09:00,1585.4992815957685,1612.30724046333,1570.1804479571622,1600.818115234375,200000,0.0,0.0
2011-01-11 00:00:00+09:00,1600.8181627061633,1658.2637905544707,1593.1587456597224,1654.43408203125,315000,0.0,0.0
2011-01-12 00:00:00+09:00,1650.6042331811695,1654.4339413788057,1627.6259839953527,1635.285400390625,189000,0.0,0.0
2011-01-13 00:00:00+09:00,1646.7746616018342,1654.4340786325404,1623.7964105097158,1650.6043701171875,151200,0.0,0.0
2011-01-14 00:00:00+09:00,1635.2855258834695,1646.7746513580607,1619.966691917348,1639.115234375,107400,0.0,0.0
2011-01-17 00:00:00+09:00,1627.6259765625,1650.6042256433825,1627.6259765625,1627.6259765625,75400,0.0,0.0
2011-01-18 00:00:00+09:00,1616.1369766450264,1642.9449359732614,1593.1587257922536,1631.455810546875,104600,0.0,0.0
2011-01-19 00:00:00+09:00,1639.1151085882611,1639.1151085882611,1619.9665676000805,1635.285400390625,84000,0.0,0.0
2011-01-20 00:00:00+09:00,1623.7961263020834,1627.6258341471355,1604.647587076823,1608.477294921875,110800,0.0,0.0
2011-01-21 00:00:00+09:00,1608.4775142346398,1612.307222601865,1574.010138929612,1581.6695556640625,139200,0.0,0.0
2011-01-24 00:00:00+09:00,1585.4992815957685,1604.6478236440266,1577.8398647764652,1600.818115234375,78800,0.0,0.0
2011-01-25 00:00:00+09:00,1612.3072681695644,1642.9449359732614,1596.9884342677158,1631.455810546875,127400,0.0,0.0
2011-01-26 00:00:00+09:00,1646.7746816674414,1677.4123501635797,1635.2855559813895,1673.5826416015625,258400,0.0,0.0
2011-01-27 00:00:00+09:00,1665.9232110074156,1669.752919538467,1631.4558342279518,1658.2637939453125,261600,0.0,0.0
2011-01-28 00:00:00+09:00,1662.0933652935607,1665.9230735085227,1642.94482421875,1642.94482421875,112600,0.0,0.0
2011-01-31 00:00:00+09:00,1612.3072681695644,1642.9449359732614,1604.64785121864,1631.455810546875,102200,0.0,0.0
2011-02-01 00:00:00+09:00,1623.7963656922848,1631.455782511588,1589.32899000542,1600.818115234375,200600,0.0,0.0
2011-02-02 00:00:00+09:00,1616.1368594024443,1646.7745249835334,1608.477443007172,1635.285400390625,106600,0.0,0.0
2011-02-03 00:00:00+09:00,1627.6261020714128,1635.2855190223372,1616.1369766450264,1631.455810546875,71800,0.0,0.0
2011-02-04 00:00:00+09:00,1646.774668352158,1662.093502476364,1639.1152512900549,1658.2637939453125,164000,0.0,0.0
2011-02-07 00:00:00+09:00,1677.4127321264814,1715.7098264672686,1673.5830226924027,1696.561279296875,538800,0.0,0.0
2011-02-08 00:00:00+09:00,1685.071750217014,1685.071750217014,1650.6043735080295,1654.43408203125,236200,0.0,0.0
2011-02-09 00:00:00+09:00,1646.7745249835334,1658.2636495764418,1623.7962757977166,1635.285400390625,252200,0.0,0.0
2011-02-10 00:00:00+09:00,1646.7746616018342,1665.9232041785997,1639.115244571128,1650.6043701171875,165200,0.0,0.0
2011-02-14 00:00:00+09:00,1662.0936401924587,1681.2421844343073,1654.4342224957193,1677.4124755859375,207600,0.0,0.0
2011-02-15 00:00:00+09:00,1677.4124755859377,1688.9016021310467,1669.753057889198,1677.4124755859375,160000,0.0,0.0
2011-02-16 00:00:00+09:00,1677.4123501635797,1700.3906015356836,1673.5826416015625,1673.5826416015625,214600,0.0,0.0
2011-02-17 00:00:00+09:00,1677.4123467961583,1685.0717639048166,1662.093512578842,1669.7529296875,145400,0.0,0.0
2011-02-18 00:00:00+09:00,1677.4123434132543,1677.4123434132543,1662.0935092268319,1665.9232177734375,145800,0.0,0.0
2011-02-21 00:00:00+09:00,1654.4340786325404,1654.4340786325404,1642.944953086481,1650.6043701171875,111800,0.0,0.0
2011-02-22 00:00:00+09:00,1639.1152274977994,1646.7746444487236,1623.7963935959508,1631.455810546875,269600,0.0,0.0
2011-02-23 00:00:00+09:00,1574.0101598043145,1631.4557860745451,1574.0101598043145,1604.6478271484375,246800,0.0,0.0
2011-02-24 00:00:00+09:00,1593.158687876506,1604.6478130294618,1574.0101459549135,1589.3289794921875,190200,0.0,0.0
2011-02-25 00:00:00+09:00,1570.1805549658438,1585.4993896484375,1566.3508462951954,1585.4993896484375,202000,0.0,0.0
2011-02-28 00:00:00+09:00,1570.1804410494292,1600.8181081918572,1554.8616074782153,1593.15869140625,161800,0.0,0.0
2011-03-01 00:00:00+09:00,1604.6476031609302,1627.625850461564,1604.6476031609302,1623.796142578125,126800,0.0,0.0
2011-03-02 00:00:00+09:00,1608.47752141378,1623.7963549510544,1589.3289794921875,1589.3289794921875,159600,0.0,0.0
2011-03-03 00:00:00+09:00,1619.9667019943627,1658.2637871478935,1616.1369934790096,1650.6043701171875,266800,0.0,0.0
2011-03-04 00:00:00+09:00,1681.2420416937935,1685.071750217014,1650.6043735080295,1654.43408203125,184000,0.0,0.0
2011-03-07 00:00:00+09:00,1665.9232244775278,1688.9014758496317,1642.944973105424,1673.5826416015625,364200,0.0,0.0
2011-03-08 00:00:00+09:00,1681.2422026213226,1711.8798737397067,1677.4124937315246,1700.3907470703125,381800,0.0,0.0
2011-03-09 00:00:00+09:00,1708.0499087655896,1734.857866974915,1685.0716588718822,1688.9013671875,321400,0.0,0.0
2011-03-10 00:00:00+09:00,1688.9014690530712,1692.7311775996768,1662.0935092268319,1665.9232177734375,114800,0.0,0.0
2011-03-11 00:00:00+09:00,1662.0934783505722,1665.9231868260345,1631.455810546875,1631.455810546875,271200,0.0,0.0
2011-03-14 00:00:00+09:00,1501.2455749511719,1539.5426559448242,1455.289077758789,1470.60791015625,259800,0.0,0.0
2011-03-15 00:00:00+09:00,1413.1623229980469,1413.1623229980469,1164.231290491616,1256.144287109375,413600,0.0,0.0
2011-03-16 00:00:00+09:00,1259.9740454244336,1340.397920664291,1259.9740454244336,1309.76025390625,464800,0.0,0.0
2011-03-17 00:00:00+09:00,1256.1447292751736,1482.097592163086,1248.4853101942274,1378.6954345703125,377000,0.0,0.0
2011-03-18 00:00:00+09:00,1409.3325805664062,1482.0970344543457,1401.6731643676758,1470.60791015625,303000,0.0,0.0
2011-03-22 00:00:00+09:00,1531.8833188657409,1558.6912769458913,1501.245652488426,1551.0318603515625,246000,0.0,0.0
2011-03-23 00:00:00+09:00,1531.8836586901764,1539.543076983627,1493.586567222922,1520.39453125,290400,0.0,0.0
2011-03-24 00:00:00+09:00,1524.2242348200157,1547.2024896162973,1508.9053982891612,1512.735107421875,164000,0.0,0.0
2011-03-25 00:00:00+09:00,1539.5427282442229,1558.6912696402953,1531.8833116857938,1543.3724365234375,204600,0.0,0.0
2011-03-28 00:00:00+09:00,1551.0321164306044,1574.0103700073541,1543.3726985716878,1566.3509521484375,125400,0.0,0.0
2011-03-29 00:00:00+09:00,1544.0730617357337,1594.0057726873868,1509.5042618461277,1590.164794921875,265600,6.0,0.0
2011-03-30 00:00:00+09:00,1574.8006597554909,1632.4153180392284,1555.5957736609118,1628.5743408203125,275600,0.0,0.0
2011-03-31 00:00:00+09:00,1628.574549632353,1636.256505055147,1590.1647725183823,1632.41552734375,200400,0.0,0.0
2011-04-01 00:00:00+09:00,1624.7334871360724,1632.4154421579924,1594.0056670483925,1601.6876220703125,114800,0.0,0.0
2011-04-04 00:00:00+09:00,1613.2106615149457,1617.0516392804575,1582.4828393908515,1590.164794921875,87800,0.0,0.0
2011-04-05 00:00:00+09:00,1574.8009072580644,1574.8009072580644,1532.5501512096773,1547.9140625,109600,0.0,0.0
2011-04-06 00:00:00+09:00,1555.5960221724076,1555.5960221724076,1517.186243847163,1521.0272216796875,159400,0.0,0.0
2011-04-07 00:00:00+09:00,1501.8224592429508,1521.0273500261087,1494.1405029296875,1494.1405029296875,137600,0.0,0.0
2011-04-08 00:00:00+09:00,1486.4586246211825,1544.0732999940965,1471.0947111884052,1524.868408203125,118200,0.0,0.0
2011-04-11 00:00:00+09:00,1509.5046878090386,1540.2325186041337,1501.822730110265,1517.1866455078125,77800,0.0,0.0
2011-04-12 00:00:00+09:00,1490.2992121378581,1509.504098892212,1471.0943253835044,1474.935302734375,109800,0.0,0.0
2011-04-13 00:00:00+09:00,1474.9356121465296,1505.6634373995823,1474.9356121465296,1494.1405029296875,74000,0.0,0.0
2011-04-14 00:00:00+09:00,1482.617497827086,1509.504343642603,1474.9355418797954,1501.8223876953125,122000,0.0,0.0
2011-04-15 00:00:00+09:00,1532.5501551772609,1555.5960221724076,1521.0272216796875,1521.0272216796875,202600,0.0,0.0
2011-04-18 00:00:00+09:00,1536.3913432777078,1544.0732999940965,1521.0274298449308,1524.868408203125,83600,0.0,0.0
2011-04-19 00:00:00+09:00,1509.504343642603,1524.8682555371843,1497.9814097216672,1501.8223876953125,67600,0.0,0.0
2011-04-20 00:00:00+09:00,1509.504288182114,1524.868199512212,1505.6633103495894,1521.0272216796875,56000,0.0,0.0
2011-04-21 00:00:00+09:00,1536.3915397547466,1536.3915397547466,1501.822730110265,1517.1866455078125,91000,0.0,0.0
2011-04-22 00:00:00+09:00,1501.822730110265,1524.8686032065862,1497.9817512608781,1517.1866455078125,76200,0.0,0.0
2011-04-25 00:00:00+09:00,1524.8686032065862,1524.8686032065862,1513.3456666584254,1517.1866455078125,97000,0.0,0.0
2011-04-26 00:00:00+09:00,1517.1863507375158,1517.1863507375158,1494.1404821187182,1509.50439453125,67200,0.0,0.0
2011-04-27 00:00:00+09:00,1505.6637089596518,1524.8686032065862,1490.2997935621042,1517.1866455078125,136600,0.0,0.0
2011-04-28 00:00:00+09:00,1509.504314543857,1574.8009388371026,1505.6633366442543,1570.9599609375,223200,0.0,0.0
2011-05-02 00:00:00+09:00,1586.3236257112942,1605.5285122211162,1574.8006938054011,1597.8465576171875,71200,0.0,0.0
2011-05-06 00:00:00+09:00,1567.1190901131465,1567.1190901131465,1540.2322429788524,1559.4371337890625,95600,0.0,0.0
2011-05-09 00:00:00+09:00,1563.277779887635,1563.277779887635,1540.2319158106675,1555.5958251953125,46000,0.0,0.0
2011-05-10 00:00:00+09:00,1544.0728931568287,1563.277779887635,1540.2319158106675,1555.5958251953125,66000,0.0,0.0
2011-05-11 00:00:00+09:00,1567.1188095055281,1570.9597869798065,1551.7548996084151,1563.27783203125,77800,0.0,0.0
2011-05-12 00:00:00+09:00,1544.0734368896485,1555.59637298584,1536.3914794921875,1536.3914794921875,125200,0.0,0.0
2011-05-13 00:00:00+09:00,1536.3911043570495,1540.2320821179421,1448.048615856519,1471.094482421875,297800,0.0,0.0
2011-05-16 00:00:00+09:00,1455.7306466332095,1455.7306466332095,1409.638911119757,1436.5257568359375,252200,0.0,0.0
2011-05-17 00:00:00+09:00,1425.0029513075826,1428.8439296129939,1398.1161031697038,1409.6390380859375,120800,0.0,0.0
2011-05-18 00:00:00+09:00,1432.6847082909119,1451.8895971419963,1428.8437305206949,1444.2076416015625,103800,0.0,0.0
2011-05-19 00:00:00+09:00,1451.8897625467052,1455.7307407545006,1413.47998046875,1413.47998046875,127400,0.0,0.0
2011-05-20 00:00:00+09:00,1428.843821262669,1436.5257772909629,1417.320887220228,1421.161865234375,95000,0.0,0.0
2011-05-23 00:00:00+09:00,1413.4796842981557,1413.4796842981557,1386.592842477267,1405.7977294921875,123000,0.0,0.0
2011-05-24 00:00:00+09:00,1401.957081475115,1409.6390380859375,1394.2751248642924,1409.6390380859375,98200,0.0,0.0
2011-05-25 00:00:00+09:00,1417.3206971050943,1421.161674604024,1394.2748321115155,1401.956787109375,111600,0.0,0.0
2011-05-26 00:00:00+09:00,1405.7979531777871,1428.843821262669,1401.9569751636402,1421.161865234375,102400,0.0,0.0
2011-05-27 00:00:00+09:00,1413.4798387096773,1436.5257056451612,1401.9569052419354,1428.84375,79800,0.0,0.0
2011-05-30 00:00:00+09:00,1421.1618449981202,1444.2077127548464,1413.4798890792113,1436.5257568359375,124800,0.0,0.0
2011-05-31 00:00:00+09:00,1440.3665752311026,1478.7763505705987,1440.3665752311026,1467.25341796875,159800,0.0,0.0
2011-06-01 00:00:00+09:00,1471.094482421875,1471.094482421875,1451.8895936174117,1471.094482421875,77200,0.0,0.0
2011-06-02 00:00:00+09:00,1436.5256701103804,1448.048603293084,1432.6846923828125,1432.6846923828125,96400,0.0,0.0
2011-06-03 00:00:00+09:00,1436.5258134051066,1459.5716820693597,1413.4799447408536,1417.3209228515625,136400,0.0,0.0
2011-06-06 00:00:00+09:00,1413.4798785199175,1425.0028123121995,1386.593033004593,1398.115966796875,121600,0.0,0.0
2011-06-07 00:00:00+09:00,1405.7977294921875,1409.6387068951715,1394.274797283235,1405.7977294921875,86600,0.0,0.0
2011-06-08 00:00:00+09:00,1409.6389666301448,1428.8438571836891,1401.9570104087272,1417.3209228515625,97200,0.0,0.0
2011-06-09 00:00:00+09:00,1421.161674604024,1425.0026521029538,1390.4338546125857,1401.956787109375,122000,0.0,0.0
2011-06-10 00:00:00+09:00,1428.8439296129939,1428.8439296129939,1405.7980597805263,1409.6390380859375,132200,0.0,0.0
2011-06-13 00:00:00+09:00,1398.1157746862193,1413.4796842981557,1398.1157746862193,1405.7977294921875,58200,0.0,0.0
2011-06-14 00:00:00+09:00,1409.6389957682293,1440.3668212890625,1409.6389957682293,1440.3668212890625,76000,0.0,0.0
2011-06-15 00:00:00+09:00,1444.2076063080237,1451.889561660726,1436.5256509553217,1448.048583984375,61000,0.0,0.0
2011-06-16 00:00:00+09:00,1425.002685546875,1455.730506259476,1425.002685546875,1425.002685546875,67200,0.0,0.0
2011-06-17 00:00:00+09:00,1425.0028123121995,1425.0028123121995,1398.115966796875,1398.115966796875,81800,0.0,0.0
2011-06-20 00:00:00+09:00,1413.4797196061645,1417.3206971050943,1401.956787109375,1401.956787109375,51400,0.0,0.0
2011-06-21 00:00:00+09:00,1413.47998046875,1421.161936884341,1405.798024053159,1413.47998046875,65600,0.0,0.0
2011-06-22 00:00:00+09:00,1413.4799092060812,1428.843821262669,1405.7979531777871,1421.161865234375,112600,0.0,0.0
2011-06-23 00:00:00+09:00,1421.1619009622714,1425.0028790729802,1413.4799447408536,1417.3209228515625,48400,0.0,0.0
2011-06-24 00:00:00+09:00,1421.1619009622714,1421.1619009622714,1405.7979885194359,1417.3209228515625,56600,0.0,0.0
2011-06-27 00:00:00+09:00,1405.7977646083048,1417.3206971050943,1401.956787109375,1401.956787109375,50800,0.0,0.0
2011-06-28 00:00:00+09:00,1413.4799447408536,1421.1619009622714,1409.6389666301448,1417.3209228515625,39000,0.0,0.0
2011-06-29 00:00:00+09:00,1428.8437305206949,1448.0486193717795,1428.8437305206949,1444.2076416015625,82400,0.0,0.0
2011-06-30 00:00:00+09:00,1455.7304327913032,1486.458251953125,1444.2075006056202,1486.458251953125,169600,0.0,0.0
2011-07-01 00:00:00+09:00,1490.2995459618508,1509.5044370180601,1471.0946549056414,1478.776611328125,114200,0.0,0.0
2011-07-04 00:00:00+09:00,1482.6172574361167,1486.4582347869873,1463.4123706817627,1474.935302734375,79400,0.0,0.0
2011-07-05 00:00:00+09:00,1459.5717122395833,1459.5717122395833,1440.3668212890625,1440.3668212890625,150200,0.0,0.0
2011-07-06 00:00:00+09:00,1451.8895936174117,1471.094482421875,1436.5256825738413,1471.094482421875,121600,0.0,0.0
2011-07-07 00:00:00+09:00,1459.5718632094815,1471.0947989716617,1455.7308846220883,1463.412841796875,63400,0.0,0.0
2011-07-08 00:00:00+09:00,1471.094482421875,1474.9354601827674,1459.571549139197,1471.094482421875,46000,0.0,0.0
2011-07-11 00:00:00+09:00,1467.2538203842685,1474.9357775590552,1455.7308846220883,1463.412841796875,57400,0.0,0.0
2011-07-12 00:00:00+09:00,1440.366734795392,1451.889668673755,1436.5257568359375,1436.5257568359375,56200,0.0,0.0
2011-07-13 00:00:00+09:00,1425.0027369276768,1436.5256701103804,1425.0027369276768,1432.6846923828125,57400,0.0,0.0
2011-07-14 00:00:00+09:00,1432.6846407250252,1432.6846407250252,1425.002685546875,1425.002685546875,42600,0.0,0.0
2011-07-15 00:00:00+09:00,1417.320781472541,1432.6846923828125,1417.320781472541,1432.6846923828125,50000,0.0,0.0
2011-07-19 00:00:00+09:00,1436.5257056451612,1436.5257056451612,1421.1617943548388,1428.84375,54400,0.0,0.0
2011-07-20 00:00:00+09:00,1440.3665959031755,1444.2075734922507,1425.002685546875,1425.002685546875,44800,0.0,0.0
2011-07-21 00:00:00+09:00,1421.1616391041239,1425.002616507108,1405.7977294921875,1405.7977294921875,82600,0.0,0.0
2011-07-22 00:00:00+09:00,1413.4797527796495,1428.84366313595,1409.6387751905745,1425.002685546875,116800,0.0,0.0
2011-07-25 00:00:00+09:00,1428.8439296129939,1428.8439296129939,1409.6390380859375,1409.6390380859375,74000,0.0,0.0
2011-07-26 00:00:00+09:00,1421.1617943548388,1432.6847278225807,1413.4798387096773,1428.84375,54200,0.0,0.0
2011-07-27 00:00:00+09:00,1421.161936884341,1421.161936884341,1409.6390022609544,1413.47998046875,52800,0.0,0.0
2011-07-28 00:00:00+09:00,1401.9569447276356,1409.638900589157,1394.2749888661144,1398.115966796875,52800,0.0,0.0
2011-07-29 00:00:00+09:00,1405.7977646083048,1413.4797196061645,1394.2748321115155,1401.956787109375,81800,0.0,0.0
2011-08-01 00:00:00+09:00,1401.9570104087272,1428.8438571836891,1401.9570104087272,1417.3209228515625,64000,0.0,0.0
2011-08-02 00:00:00+09:00,1398.1160743269563,1401.9570525531292,1382.7521614222644,1386.5931396484375,80800,0.0,0.0
2011-08-03 00:00:00+09:00,1375.0702624374562,1378.911240824153,1363.5473272773659,1367.3883056640625,62600,0.0,0.0
2011-08-04 00:00:00+09:00,1359.7063568902222,1367.388313708811,1325.1375512065724,1340.50146484375,120200,0.0,0.0
2011-08-05 00:00:00+09:00,1305.932373046875,1317.4553057502299,1282.8865076401655,1305.932373046875,122000,0.0,0.0
2011-08-08 00:00:00+09:00,1286.7275038219634,1305.932391938709,1282.8865261986143,1290.5684814453125,79800,0.0,0.0
2011-08-09 00:00:00+09:00,1263.681813219883,1275.2047476869336,1221.4310535073641,1271.36376953125,95000,0.0,0.0
2011-08-10 00:00:00+09:00,1290.568568017433,1313.6144353034588,1275.2046564934162,1294.4095458984375,106600,0.0,0.0
2011-08-11 00:00:00+09:00,1263.681380721542,1290.5682186092342,1263.681380721542,1279.0452880859375,113400,0.0,0.0
2011-08-12 00:00:00+09:00,1309.7733357747397,1332.8192009203362,1263.6816054835465,1267.5225830078125,113400,0.0,0.0
2011-08-15 00:00:00+09:00,1279.0458123999906,1290.5687476468374,1267.5228771531438,1275.204833984375,120600,0.0,0.0
2011-08-16 00:00:00+09:00,1282.886474609375,1294.409407016046,1271.363542202704,1282.886474609375,80000,0.0,0.0
2011-08-17 00:00:00+09:00,1290.5686540772929,1309.7735447629668,1275.2047415287536,1298.2506103515625,86400,0.0,0.0
2011-08-18 00:00:00+09:00,1305.9321259736298,1305.9321259736298,1275.2043112448387,1279.0452880859375,95000,0.0,0.0
2011-08-19 00:00:00+09:00,1248.317768417786,1263.6816794136973,1229.1128796728972,1232.953857421875,86600,0.0,0.0
2011-08-22 00:00:00+09:00,1221.4310728011594,1221.4310728011594,1190.7032470703125,1190.7032470703125,127000,0.0,0.0
2011-08-23 00:00:00+09:00,1213.74920399166,1232.9540964598825,1186.8623545361486,1194.5443115234375,148200,0.0,0.0
2011-08-24 00:00:00+09:00,1213.7491163684476,1217.5900945848034,1183.021290637601,1190.7032470703125,75600,0.0,0.0
2011-08-25 00:00:00+09:00,1221.4308564391317,1232.953789047048,1209.9079238312154,1213.7489013671875,83000,0.0,0.0
2011-08-26 00:00:00+09:00,1213.7489339698175,1240.6357774438325,1213.7489339698175,1236.7947998046875,51600,0.0,0.0
2011-08-29 00:00:00+09:00,1248.317626953125,1267.5225135216347,1236.7946950120192,1248.317626953125,57400,0.0,0.0
2011-08-30 00:00:00+09:00,1275.2047476869336,1282.8867039983006,1259.8408350641994,1271.36376953125,49200,0.0,0.0
2011-08-31 00:00:00+09:00,1271.3637186995395,1275.204696701653,1252.1588286889723,1263.6817626953125,53600,0.0,0.0
2011-09-01 00:00:00+09:00,1275.2045196715942,1286.7274520782653,1271.363542202704,1282.886474609375,34200,0.0,0.0
2011-09-02 00:00:00+09:00,1259.8406982421875,1271.3636314578173,1252.1587427651011,1259.8406982421875,61000,0.0,0.0
2011-09-05 00:00:00+09:00,1240.635986328125,1244.4769646139705,1221.431094898897,1240.635986328125,34000,0.0,0.0
2011-09-06 00:00:00+09:00,1209.9081315001479,1221.4310660858634,1202.2261751096707,1217.590087890625,82400,0.0,0.0
2011-09-07 00:00:00+09:00,1217.5898789031596,1225.2718339751038,1206.0669462952433,1213.7489013671875,94800,0.0,0.0
2011-09-08 00:00:00+09:00,1209.9080810546875,1221.4310151599702,1198.3851469494048,1209.9080810546875,88200,0.0,0.0
2011-09-09 00:00:00+09:00,1190.7032971504407,1202.2262322841545,1183.0213403946314,1198.38525390625,137000,0.0,0.0
2011-09-12 00:00:00+09:00,1163.8162326749377,1171.4981880061255,1156.13427734375,1156.13427734375,88000,0.0,0.0
2011-09-13 00:00:00+09:00,1171.4983415137672,1186.8622541893576,1159.9754070070744,1179.1802978515625,76400,0.0,0.0
2011-09-14 00:00:00+09:00,1183.021121002907,1186.8620986685007,1148.4523220125623,1156.13427734375,67400,0.0,0.0
2011-09-15 00:00:00+09:00,1171.4983267533153,1179.1802829943206,1163.8163705123097,1167.6573486328125,107000,0.0,0.0
2011-09-16 00:00:00+09:00,1186.862042216828,1213.7488845971445,1179.1800872510235,1202.2259521484375,114000,0.0,0.0
2011-09-20 00:00:00+09:00,1198.3850287895698,1206.0669841023234,1175.3391628513089,1183.0211181640625,84000,0.0,0.0
2011-09-21 00:00:00+09:00,1183.0210830046522,1190.7030380890978,1175.3391279202062,1186.862060546875,63200,0.0,0.0
2011-09-22 00:00:00+09:00,1190.7031290287232,1190.7031290287232,1156.1343285085343,1163.8162841796875,102800,0.0,0.0
2011-09-26 00:00:00+09:00,1163.8160383894638,1175.3389694626267,1133.0882221943623,1136.92919921875,104400,0.0,0.0
2011-09-27 00:00:00+09:00,1152.2934009989754,1171.498291015625,1148.4524229956455,1171.498291015625,82400,0.0,0.0
2011-09-28 00:00:00+09:00,1160.701044256037,1199.2625407429484,1160.701044256037,1187.694091796875,120400,6.0,0.0
2011-09-29 00:00:00+09:00,1191.5504658360635,1195.4066162109375,1172.2697139616935,1195.4066162109375,98000,0.0,0.0
2011-09-30 00:00:00+09:00,1187.694091796875,1191.5502414455661,1164.5571939047281,1187.694091796875,95800,0.0,0.0
2011-10-03 00:00:00+09:00,1156.8449782023251,1172.2695779116896,1122.1396288562553,1129.8519287109375,120800,0.0,0.0
2011-10-04 00:00:00+09:00,1125.9955716776599,1125.9955716776599,1102.858676369215,1114.4271240234375,100800,0.0,0.0
2011-10-05 00:00:00+09:00,1114.4272913212399,1118.2834411181993,1072.0096435546875,1072.0096435546875,116400,0.0,0.0
2011-10-06 00:00:00+09:00,1083.5781785614636,1141.420430086097,1083.5781785614636,1133.7081298828125,136600,0.0,0.0
2011-10-07 00:00:00+09:00,1133.708221750161,1145.2766729925097,1118.2836200936963,1122.1397705078125,86600,0.0,0.0
2011-10-11 00:00:00+09:00,1125.9959000384222,1176.1258544921875,1125.9959000384222,1176.1258544921875,101200,0.0,0.0
2011-10-12 00:00:00+09:00,1149.1327216569766,1172.2696220930231,1133.708121366279,1160.701171875,92200,0.0,0.0
2011-10-13 00:00:00+09:00,1164.557333154616,1179.98193359375,1164.557333154616,1179.98193359375,61400,0.0,0.0
2011-10-14 00:00:00+09:00,1176.1257129383398,1191.5503124522852,1172.2695630598535,1183.8380126953125,132200,0.0,0.0
2011-10-17 00:00:00+09:00,1191.550537109375,1203.1189889259708,1183.838235898311,1191.550537109375,63400,0.0,0.0
2011-10-18 00:00:00+09:00,1183.838155177382,1195.406606205174,1176.1258544921875,1176.1258544921875,47400,0.0,0.0
2011-10-19 00:00:00+09:00,1187.6941171091137,1191.5502668399874,1145.2764700695025,1152.98876953125,66400,0.0,0.0
2011-10-20 00:00:00+09:00,1145.276528420302,1149.132678347643,1129.8519287109375,1129.8519287109375,47200,0.0,0.0
2011-10-21 00:00:00+09:00,1133.7081298828125,1152.9888803910237,1129.8519797811703,1133.7081298828125,30200,0.0,0.0
2011-10-24 00:00:00+09:00,1156.8448812654703,1172.2694796823432,1152.988731661252,1168.413330078125,65200,0.0,0.0
2011-10-25 00:00:00+09:00,1195.4065225290697,1195.4065225290697,1156.8450218023256,1160.701171875,93200,0.0,0.0
2011-10-26 00:00:00+09:00,1164.5571804739068,1179.9817788907797,1156.8448812654703,1168.413330078125,83000,0.0,0.0
2011-10-27 00:00:00+09:00,1176.1255550077874,1199.262451171875,1156.844808204381,1199.262451171875,100800,0.0,0.0
2011-10-28 00:00:00+09:00,1218.5430908203125,1230.1115378850623,1218.5430908203125,1218.5430908203125,80000,0.0,0.0
2011-10-31 00:00:00+09:00,1214.6870820841211,1241.6801283526572,1203.11863368332,1210.8309326171875,118000,0.0,0.0
2011-11-01 00:00:00+09:00,1203.1189068903689,1203.1189068903689,1172.26970414959,1176.1258544921875,70800,0.0,0.0
2011-11-02 00:00:00+09:00,1152.9889321537341,1164.5573829780192,1137.5643310546875,1137.5643310546875,58800,0.0,0.0
2011-11-04 00:00:00+09:00,1145.2764324528155,1168.413330078125,1141.4202828485973,1168.413330078125,61800,0.0,0.0
2011-11-07 00:00:00+09:00,1164.556884765625,1168.4130333906767,1137.5638443902628,1164.556884765625,74800,0.0,0.0
2011-11-08 00:00:00+09:00,1141.4205117449665,1156.8451132550335,1129.852060612416,1149.1328125,105800,0.0,0.0
2011-11-09 00:00:00+09:00,1141.4201685499568,1145.2763177680308,1095.1463779330666,1114.4271240234375,141200,0.0,0.0
2011-11-10 00:00:00+09:00,1083.5780217433917,1091.2903208305331,1072.0095731126792,1075.86572265625,109800,0.0,0.0
2011-11-11 00:00:00+09:00,1083.5782368977866,1087.4343872070312,1060.4413350423179,1064.2974853515625,127800,0.0,0.0
2011-11-14 00:00:00+09:00,1087.4341337925132,1091.290283203125,1072.0095361500662,1091.290283203125,71400,0.0,0.0
2011-11-15 00:00:00+09:00,1095.1466465541296,1095.1466465541296,1075.8658957345144,1079.7220458984375,41800,0.0,0.0
2011-11-16 00:00:00+09:00,1079.7218238295663,1079.7218238295663,1033.4480313797278,1045.0164794921875,107400,0.0,0.0
2011-11-17 00:00:00+09:00,1041.1604832558735,1056.5850830078125,1025.7358835039347,1056.5850830078125,77800,0.0,0.0
2011-11-18 00:00:00+09:00,1033.448013249771,1052.728759765625,1033.448013249771,1052.728759765625,52600,0.0,0.0
2011-11-21 00:00:00+09:00,1052.7288627485796,1064.2973117897727,1048.8727130681818,1060.441162109375,44400,0.0,0.0
2011-11-22 00:00:00+09:00,1048.872783131843,1060.441232945797,1033.448183379904,1056.5850830078125,87600,0.0,0.0
2011-11-24 00:00:00+09:00,1041.1605224609375,1048.872822627315,1033.4482222945603,1041.1605224609375,65000,0.0,0.0
2011-11-25 00:00:00+09:00,1052.728673091165,1056.584822076847,1037.3040771484375,1037.3040771484375,91800,0.0,0.0
2011-11-28 00:00:00+09:00,1037.304372377749,1052.7289727105035,1037.304372377749,1041.1605224609375,49400,0.0,0.0
2011-11-29 00:00:00+09:00,1052.7289947509767,1079.7220458984375,1052.7289947509767,1079.7220458984375,52400,0.0,0.0
2011-11-30 00:00:00+09:00,1087.4342041015625,1087.4342041015625,1056.5850068220857,1087.4342041015625,85600,0.0,0.0
2011-12-01 00:00:00+09:00,1149.1322523143194,1149.1322523143194,1114.4269158350278,1125.995361328125,123600,0.0,0.0
2011-12-02 00:00:00+09:00,1118.2835693359375,1122.139719575027,1110.5712688577587,1118.2835693359375,34400,0.0,0.0
2011-12-05 00:00:00+09:00,1122.1397705078125,1133.708221750161,1118.2836200936963,1122.1397705078125,67200,0.0,0.0
2011-12-06 00:00:00+09:00,1110.5709589568662,1122.1394064460003,1091.2902131416429,1095.1463623046875,81800,0.0,0.0
2011-12-07 00:00:00+09:00,1110.571179074232,1137.5642285656197,1095.1465793648679,1129.8519287109375,88400,0.0,0.0
2011-12-08 00:00:00+09:00,1125.995361328125,1129.8515098258242,1106.7146188396298,1125.995361328125,61000,0.0,0.0
2011-12-09 00:00:00+09:00,1102.8585035536025,1125.9953952365452,1102.8585035536025,1110.57080078125,102200,0.0,0.0
2011-12-12 00:00:00+09:00,1137.5642714389535,1168.4134720203488,1129.8519712936047,1160.701171875,103400,0.0,0.0
2011-12-13 00:00:00+09:00,1156.8450824284957,1156.8450824284957,1129.8520305051643,1137.5643310546875,77800,0.0,0.0
2011-12-14 00:00:00+09:00,1129.8515098258242,1137.5638068212222,1125.995361328125,1125.995361328125,56000,0.0,0.0
2011-12-15 00:00:00+09:00,1118.2833627554087,1125.9956618088943,1102.8587646484375,1102.8587646484375,36200,0.0,0.0
2011-12-16 00:00:00+09:00,1106.7149524012357,1114.427251721105,1087.4342041015625,1087.4342041015625,72400,0.0,0.0
2011-12-19 00:00:00+09:00,1099.0026921334027,1099.0026921334027,1060.4411941638095,1072.0096435546875,85200,0.0,0.0
2011-12-20 00:00:00+09:00,1079.7219431486062,1087.4342427425247,1072.0096435546875,1072.0096435546875,34400,0.0,0.0
2011-12-21 00:00:00+09:00,1091.2903160682092,1102.8587646484375,1083.5780170147236,1102.8587646484375,42400,0.0,0.0
2011-12-22 00:00:00+09:00,1110.5711020611702,1110.5711020611702,1087.4342041015625,1087.4342041015625,86400,0.0,0.0
2011-12-26 00:00:00+09:00,1099.0027246441282,1102.8588745551601,1068.1535253558718,1083.578125,67000,0.0,0.0
2011-12-27 00:00:00+09:00,1087.4342041015625,1091.2903537614973,1079.7219047816934,1087.4342041015625,24800,0.0,0.0
2011-12-28 00:00:00+09:00,1083.578125,1087.434274911032,1072.009675266904,1083.578125,42200,0.0,0.0
2011-12-29 00:00:00+09:00,1075.865825177936,1095.146574733096,1064.2973754448399,1083.578125,53400,0.0,0.0
2011-12-30 00:00:00+09:00,1079.7215768914473,1102.8584678248355,1079.7215768914473,1099.0023193359375,29400,0.0,0.0
2012-01-04 00:00:00+09:00,1110.571319265464,1125.9959209219287,1110.571319265464,1122.1397705078125,52200,0.0,0.0
2012-01-05 00:00:00+09:00,1125.9958698141163,1125.9958698141163,1114.427419096848,1118.2835693359375,49400,0.0,0.0
2012-01-06 00:00:00+09:00,1110.571238022648,1114.427388154671,1102.8589377586018,1106.715087890625,49600,0.0,0.0
2012-01-10 00:00:00+09:00,1118.2833290774072,1118.2833290774072,1087.4341337925132,1091.290283203125,72600,0.0,0.0
2012-01-11 00:00:00+09:00,1091.2902131416429,1099.0025114677321,1091.2902131416429,1095.1463623046875,39600,0.0,0.0
2012-01-12 00:00:00+09:00,1091.290283203125,1099.0025820243484,1087.4341337925132,1091.290283203125,30800,0.0,0.0
2012-01-13 00:00:00+09:00,1099.0026151216948,1110.571063701923,1091.2903160682092,1102.8587646484375,47000,0.0,0.0
2012-01-16 00:00:00+09:00,1102.8589468819755,1102.8589468819755,1072.0097455705916,1079.7220458984375,70200,0.0,0.0
2012-01-17 00:00:00+09:00,1083.5779843819014,1091.290283203125,1079.7218349712896,1091.290283203125,62400,0.0,0.0
2012-01-18 00:00:00+09:00,1087.4339090983074,1125.9953952365452,1083.5777604844836,1110.57080078125,87200,0.0,0.0
2012-01-19 00:00:00+09:00,1114.4270023655247,1141.4200439453125,1114.4270023655247,1141.4200439453125,55400,0.0,0.0
2012-01-20 00:00:00+09:00,1152.9884388904698,1176.1253306407802,1152.9884388904698,1164.556884765625,89400,0.0,0.0
2012-01-23 00:00:00+09:00,1176.1257129383398,1195.4064623307715,1172.2695630598535,1183.8380126953125,97400,0.0,0.0
2012-01-24 00:00:00+09:00,1183.838155177382,1195.406606205174,1168.4135538069927,1176.1258544921875,103800,0.0,0.0
2012-01-25 00:00:00+09:00,1183.8381650863155,1199.2627665858115,1172.2697139616935,1195.4066162109375,87600,0.0,0.0
2012-01-26 00:00:00+09:00,1187.694386503843,1199.262838320439,1187.694386503843,1191.550537109375,61200,0.0,0.0
2012-01-27 00:00:00+09:00,1203.1186005325562,1203.1186005325562,1191.5501524505125,1199.262451171875,58000,0.0,0.0
2012-01-30 00:00:00+09:00,1195.406606205174,1195.406606205174,1172.26970414959,1176.1258544921875,69400,0.0,0.0
2012-01-31 00:00:00+09:00,1176.1256292865614,1179.9817788907797,1160.7010308696886,1168.413330078125,72200,0.0,0.0
2012-02-01 00:00:00+09:00,1172.2694796823432,1176.1256292865614,1156.8448812654703,1168.413330078125,74200,0.0,0.0
2012-02-02 00:00:00+09:00,1179.9818628168262,1187.6941625737988,1176.1257129383398,1183.8380126953125,67400,0.0,0.0
2012-02-03 00:00:00+09:00,1183.8378572965923,1183.8378572965923,1145.2763635735764,1172.2694091796875,131400,0.0,0.0
2012-02-06 00:00:00+09:00,1183.8380126953125,1195.4064623307715,1176.1257129383398,1183.8380126953125,79000,0.0,0.0
2012-02-07 00:00:00+09:00,1183.8379421481839,1195.4063910942573,1176.1256428508016,1187.694091796875,74200,0.0,0.0
2012-02-08 00:00:00+09:00,1191.5504455566406,1206.9750467936199,1191.5504455566406,1203.118896484375,74200,0.0,0.0
2012-02-09 00:00:00+09:00,1203.1186005325562,1206.9747498932377,1187.6940030898313,1199.262451171875,64600,0.0,0.0
2012-02-10 00:00:00+09:00,1199.262535264757,1214.6871337890625,1187.6940863715276,1214.6871337890625,126000,0.0,0.0
2012-02-13 00:00:00+09:00,1206.974840040331,1210.830989689022,1183.8379421481839,1187.694091796875,77600,0.0,0.0
2012-02-14 00:00:00+09:00,1183.8376278908838,1183.8376278908838,1160.7007361405733,1164.556884765625,130600,0.0,0.0
2012-02-15 00:00:00+09:00,1172.2694056471062,1206.9747498932377,1172.2694056471062,1199.262451171875,118600,0.0,0.0
2012-02-16 00:00:00+09:00,1199.2627461751304,1206.9750467936199,1187.694295247396,1203.118896484375,61400,0.0,0.0
2012-02-17 00:00:00+09:00,1206.9750467936199,1222.399648030599,1199.2627461751304,1203.118896484375,87200,0.0,0.0
2012-02-20 00:00:00+09:00,1210.8309284340928,1241.6801240629868,1210.8309284340928,1237.823974609375,94600,0.0,0.0
2012-02-21 00:00:00+09:00,1226.2556665115596,1237.824116195631,1222.399516616869,1230.11181640625,63400,0.0,0.0
2012-02-22 00:00:00+09:00,1237.8238686403613,1257.1046142578125,1226.2554212698908,1257.1046142578125,117400,0.0,0.0
2012-02-23 00:00:00+09:00,1257.104839045827,1272.529438297923,1249.392539419779,1264.817138671875,99200,0.0,0.0
2012-02-24 00:00:00+09:00,1276.3857021047106,1295.6664528917909,1272.5295519472947,1291.810302734375,115400,0.0,0.0
2012-02-27 00:00:00+09:00,1295.6663818359375,1307.2348316737584,1287.954081944057,1295.6663818359375,83000,0.0,0.0
2012-02-28 00:00:00+09:00,1295.666534153761,1311.0911357508296,1272.529631758158,1307.2349853515625,103200,0.0,0.0
2012-02-29 00:00:00+09:00,1311.091053521455,1326.5156541511194,1284.0980024195428,1291.810302734375,123800,0.0,0.0
2012-03-01 00:00:00+09:00,1303.3786895659196,1314.9471394733093,1264.8171898746202,1268.67333984375,88600,0.0,0.0
2012-03-02 00:00:00+09:00,1295.6664836815828,1303.3787841796875,1284.0980329344259,1303.3787841796875,67200,0.0,0.0
2012-03-05 00:00:00+09:00,1295.6664215455573,1307.2348717379284,1280.2418212890625,1280.2418212890625,65200,0.0,0.0
2012-03-06 00:00:00+09:00,1291.8099198774858,1299.522217906605,1264.816876775568,1272.5291748046875,76600,0.0,0.0
2012-03-07 00:00:00+09:00,1257.104782378602,1287.9539794921875,1257.104782378602,1287.9539794921875,45400,0.0,0.0
2012-03-08 00:00:00+09:00,1284.0978619946216,1303.3786106732196,1284.0978619946216,1299.5224609375,56000,0.0,0.0
2012-03-09 00:00:00+09:00,1311.0909231085527,1330.371671977796,1303.3786235608554,1318.80322265625,139800,0.0,0.0
2012-03-12 00:00:00+09:00,1314.9471435546875,1341.940193422379,1314.9471435546875,1314.9471435546875,94800,0.0,0.0
2012-03-13 00:00:00+09:00,1330.3717434790826,1341.940193422379,1311.0909935735888,1314.9471435546875,91200,0.0,0.0
2012-03-14 00:00:00+09:00,1338.0839000290407,1341.9400495968475,1322.6593017578125,1322.6593017578125,66400,0.0,0.0
2012-03-15 00:00:00+09:00,1318.8033851758967,1326.5156856740014,1291.8103334325306,1303.3787841796875,91800,0.0,0.0
2012-03-16 00:00:00+09:00,1307.2348435924898,1322.6594435168852,1303.378693611391,1314.9471435546875,50400,0.0,0.0
2012-03-19 00:00:00+09:00,1322.6593532118686,1330.3716526475064,1314.947053776231,1326.5155029296875,71200,0.0,0.0
2012-03-21 00:00:00+09:00,1326.5152946920955,1334.2275929170496,1311.0906982421875,1311.0906982421875,44400,0.0,0.0
2012-03-22 00:00:00+09:00,1311.0909935735888,1322.6594435168852,1307.2348435924898,1314.9471435546875,56200,0.0,0.0
2012-03-23 00:00:00+09:00,1311.0909101446587,1314.9470598803782,1299.5224609375,1299.5224609375,79000,0.0,0.0
2012-03-26 00:00:00+09:00,1295.6662787705836,1299.522428409782,1287.9539794921875,1287.9539794921875,65800,0.0,0.0
2012-03-27 00:00:00+09:00,1311.0909858791306,1341.940185546875,1311.0909858791306,1341.940185546875,91200,0.0,0.0
2012-03-28 00:00:00+09:00,1331.1052877987133,1331.1052877987133,1311.7578272202436,1315.6273193359375,61400,6.0,0.0
2012-03-29 00:00:00+09:00,1315.6276442530602,1315.6276442530602,1288.5411927537325,1304.0191650390625,68000,0.0,0.0
2012-03-30 00:00:00+09:00,1304.019098813233,1327.2360560621335,1300.1496059384165,1319.4970703125,58400,0.0,0.0
2012-04-02 00:00:00+09:00,1315.6273832775296,1323.3663678850446,1288.5409371512276,1300.1494140625,70600,0.0,0.0
2012-04-03 00:00:00+09:00,1300.1493848241018,1311.757861474317,1292.410400390625,1292.410400390625,60600,0.0,0.0
2012-04-04 00:00:00+09:00,1307.8885880435805,1307.8885880435805,1273.0631522672722,1284.671630859375,69600,0.0,0.0
2012-04-05 00:00:00+09:00,1261.4544968023533,1280.8019584097513,1257.5850044808737,1269.1934814453125,73200,0.0,0.0
2012-04-06 00:00:00+09:00,1269.1933927358307,1269.1933927358307,1238.2374563276396,1245.9764404296875,59000,0.0,0.0
2012-04-09 00:00:00+09:00,1222.759521484375,1230.498505797567,1218.8900293277788,1222.759521484375,40400,0.0,0.0
2012-04-10 00:00:00+09:00,1211.1512451171875,1230.4987090966952,1207.281752321286,1211.1512451171875,50000,0.0,0.0
2012-04-11 00:00:00+09:00,1199.5428740672576,1222.7598329201721,1187.9343946408003,1207.2818603515625,88200,0.0,0.0
2012-04-12 00:00:00+09:00,1226.6292066722644,1249.8461632654303,1215.0207283756815,1242.107177734375,87000,0.0,0.0
2012-04-13 00:00:00+09:00,1257.5849314592201,1269.193407749613,1245.9764551688274,1249.845947265625,84800,0.0,0.0
2012-04-16 00:00:00+09:00,1234.3679642766158,1253.7154245317352,1234.3679642766158,1245.9764404296875,48600,0.0,0.0
2012-04-17 00:00:00+09:00,1242.107163619995,1249.8461490631103,1234.3681781768798,1238.2376708984375,43400,0.0,0.0
2012-04-18 00:00:00+09:00,1242.107209354998,1284.671630859375,1242.107209354998,1284.671630859375,96200,0.0,0.0
2012-04-19 00:00:00+09:00,1257.5851487964856,1273.063119858596,1242.107177734375,1242.107177734375,102600,0.0,0.0
2012-04-20 00:00:00+09:00,1249.8459324807113,1253.7154245317352,1242.1069483786634,1245.9764404296875,89600,0.0,0.0
2012-04-23 00:00:00+09:00,1245.9766704999026,1253.715656030958,1234.3681922033197,1242.107177734375,70600,0.0,0.0
2012-04-24 00:00:00+09:00,1234.3684741361642,1253.7159423828125,1234.3684741361642,1253.7159423828125,79600,0.0,0.0
2012-04-25 00:00:00+09:00,1280.8019584097513,1280.8019584097513,1261.4544968023533,1269.1934814453125,95800,0.0,0.0
2012-04-26 00:00:00+09:00,1280.8019584097513,1284.6714507312308,1265.323989123833,1269.1934814453125,59800,0.0,0.0
2012-04-27 00:00:00+09:00,1257.5852444926772,1265.3242306126322,1226.6293000128576,1234.3682861328125,91800,0.0,0.0
2012-05-01 00:00:00+09:00,1218.8903397780198,1234.3683123466296,1207.2818603515625,1207.2818603515625,61800,0.0,0.0
2012-05-02 00:00:00+09:00,1203.4124343823935,1230.4988878893928,1195.673447666108,1226.62939453125,68400,0.0,0.0
2012-05-07 00:00:00+09:00,1195.6731891445695,1211.1511592305833,1160.8477564510383,1187.9342041015625,111600,0.0,0.0
2012-05-08 00:00:00+09:00,1187.934381123141,1211.151339711867,1180.195394926899,1203.412353515625,54800,0.0,0.0
2012-05-09 00:00:00+09:00,1191.8036822150736,1199.542667164522,1172.4562198414521,1184.064697265625,84400,0.0,0.0
2012-05-10 00:00:00+09:00,1156.9782499425553,1203.4121596392463,1156.9782499425553,1184.064697265625,63800,0.0,0.0
2012-05-11 00:00:00+09:00,1180.1952938791048,1191.8037721795552,1129.8918879104872,1141.5003662109375,132200,0.0,0.0
2012-05-14 00:00:00+09:00,1141.5004329091496,1149.2394188949743,1118.2834749516753,1126.0224609375,73200,0.0,0.0
2012-05-15 00:00:00+09:00,1102.805312363418,1118.2832816597465,1083.457850743007,1106.6748046875,101200,0.0,0.0
2012-05-16 00:00:00+09:00,1098.935950848696,1126.0224003414455,1071.8495013559464,1075.718994140625,81600,0.0,0.0
2012-05-17 00:00:00+09:00,1075.7188660948427,1122.1527739838286,1075.7188660948427,1106.6748046875,72800,0.0,0.0
2012-05-18 00:00:00+09:00,1087.3274294211647,1087.3274294211647,1052.5019957386362,1064.1104736328125,94400,0.0,0.0
2012-05-21 00:00:00+09:00,1052.5020890567764,1067.9800609546703,1044.7631031078297,1056.37158203125,87800,0.0,0.0
2012-05-22 00:00:00+09:00,1064.1104593764255,1071.8494445355268,1056.3714742173242,1060.240966796875,72000,0.0,0.0
2012-05-23 00:00:00+09:00,1064.1102921038976,1075.7187680177583,1040.893340276176,1048.63232421875,110400,0.0,0.0
2012-05-24 00:00:00+09:00,1040.8935546875,1060.2410185292752,1029.285076382435,1040.8935546875,94400,0.0,0.0
2012-05-25 00:00:00+09:00,1044.7627413767689,1044.7627413767689,1025.415283203125,1025.415283203125,61000,0.0,0.0
2012-05-28 00:00:00+09:00,1025.4157034067007,1029.2851966271035,1002.198744084285,1006.0682373046875,66800,0.0,0.0
2012-05-29 00:00:00+09:00,1009.9376125406598,1040.8935546875,1009.9376125406598,1040.8935546875,88800,0.0,0.0
2012-05-30 00:00:00+09:00,1033.1542664725825,1033.1542664725825,1017.6762999336673,1025.415283203125,49600,0.0,0.0
2012-05-31 00:00:00+09:00,1009.9376909069548,1040.893635455827,1009.9376909069548,1029.28515625,75600,0.0,0.0
2012-06-01 00:00:00+09:00,1029.2849616858239,1029.2849616858239,998.3290229885058,1009.9375,77400,0.0,0.0
2012-06-04 00:00:00+09:00,982.8511352539062,994.4596132293461,978.9816425954264,982.8511352539062,54200,0.0,0.0
2012-06-05 00:00:00+09:00,986.720757797418,1002.1987304687499,978.9817714617519,1002.19873046875,111000,0.0,0.0
2012-06-06 00:00:00+09:00,1013.8071566495029,1021.5461425781251,990.5901988636365,1021.546142578125,76400,0.0,0.0
2012-06-07 00:00:00+09:00,1040.8936903211804,1044.76318359375,1029.2852105034722,1044.76318359375,75400,0.0,0.0
2012-06-08 00:00:00+09:00,1048.632375236686,1060.2408517153208,1009.9374536412363,1013.8069458007812,104200,0.0,0.0
2012-06-11 00:00:00+09:00,1033.1547304041246,1056.371690637925,1033.1547304041246,1052.502197265625,52800,0.0,0.0
2012-06-12 00:00:00+09:00,1033.15456915079,1048.63254022421,1029.285076382435,1040.8935546875,51800,0.0,0.0
2012-06-13 00:00:00+09:00,1052.502197265625,1060.2411840102252,1037.0242237764246,1052.502197265625,50400,0.0,0.0
2012-06-14 00:00:00+09:00,1048.6327038933248,1056.371690637925,1040.8937171487246,1052.502197265625,67600,0.0,0.0
2012-06-15 00:00:00+09:00,1056.3713816767154,1071.8493506390116,1048.6323971955674,1067.9798583984375,78800,0.0,0.0
2012-06-18 00:00:00+09:00,1102.8052978515625,1106.6747901247259,1095.0663133052358,1102.8052978515625,90200,0.0,0.0
2012-06-19 00:00:00+09:00,1095.0662694619903,1106.674745816711,1087.3272852255097,1091.19677734375,68000,0.0,0.0
2012-06-20 00:00:00+09:00,1106.6748046875,1110.544297011582,1091.1968353911714,1106.6748046875,65000,0.0,0.0
2012-06-21 00:00:00+09:00,1114.4140488893727,1118.283542114683,1102.8055692134417,1110.5445556640625,68000,0.0,0.0
2012-06-22 00:00:00+09:00,1102.805461883545,1122.152926127116,1098.9359690348308,1114.4139404296875,71600,0.0,0.0
2012-06-25 00:00:00+09:00,1129.8916985261524,1129.8916985261524,1091.19677734375,1091.19677734375,82800,0.0,0.0
2012-06-26 00:00:00+09:00,1087.3274724946605,1095.0664580640175,1067.980008571268,1075.718994140625,83200,0.0,0.0
2012-06-27 00:00:00+09:00,1075.718994140625,1075.718994140625,1056.3715302172325,1075.718994140625,91400,0.0,0.0
2012-06-28 00:00:00+09:00,1079.5885287790536,1095.0665005178214,1075.7190358443615,1087.3275146484375,72600,0.0,0.0
2012-06-29 00:00:00+09:00,1102.8055029800257,1133.7614469233247,1095.066516994201,1126.0224609375,139000,0.0,0.0
2012-07-02 00:00:00+09:00,1133.761309603987,1141.5002946524785,1122.15283203125,1122.15283203125,42800,0.0,0.0
2012-07-03 00:00:00+09:00,1129.8918879104872,1149.239351744571,1129.8918879104872,1141.5003662109375,57600,0.0,0.0
2012-07-04 00:00:00+09:00,1145.3698589777541,1149.239351744571,1133.761380677304,1141.5003662109375,63400,0.0,0.0
2012-07-05 00:00:00+09:00,1133.7613946038323,1149.2393658612225,1133.7613946038323,1145.369873046875,59400,0.0,0.0
2012-07-06 00:00:00+09:00,1141.5003662109375,1153.1088445113878,1129.8918879104872,1141.5003662109375,59400,0.0,0.0
2012-07-09 00:00:00+09:00,1122.152995347163,1149.239446958991,1118.283502259759,1133.761474609375,64200,0.0,0.0
2012-07-10 00:00:00+09:00,1126.0224609375,1133.7614469233247,1110.5444889658504,1126.0224609375,36000,0.0,0.0
2012-07-11 00:00:00+09:00,1106.6747901247259,1122.1527592173795,1102.8052978515625,1102.8052978515625,44400,0.0,0.0
2012-07-12 00:00:00+09:00,1098.9359793526787,1106.6749651227678,1075.7190220424109,1083.4580078125,73800,0.0,0.0
2012-07-13 00:00:00+09:00,1075.7190358443615,1098.9359934525132,1075.7190358443615,1087.3275146484375,71400,0.0,0.0
2012-07-17 00:00:00+09:00,1087.327363701277,1091.1968560987902,1067.9799017137098,1079.58837890625,82200,0.0,0.0
2012-07-18 00:00:00+09:00,1102.8054863872053,1106.6749793218971,1071.8495429096697,1087.3275146484375,81400,0.0,0.0
2012-07-19 00:00:00+09:00,1083.4579284452298,1106.6748840547702,1083.4579284452298,1095.06640625,62600,0.0,0.0
2012-07-20 00:00:00+09:00,1106.6748619342673,1129.8918170797413,1102.8053694100215,1122.15283203125,112200,0.0,0.0
2012-07-23 00:00:00+09:00,1118.283578530135,1122.1530718814502,1075.719151665666,1091.344970703125,99400,0.0,0.0
2012-07-24 00:00:00+09:00,1075.7188865087367,1083.4578713037636,1064.1104093161962,1079.58837890625,87400,0.0,0.0
2012-07-25 00:00:00+09:00,1064.1104968626107,1064.1104968626107,1025.4155697039703,1037.0240478515625,153000,0.0,0.0
2012-07-26 00:00:00+09:00,1040.8936903211804,1060.2411566840276,1029.2852105034722,1044.76318359375,72600,0.0,0.0
2012-07-27 00:00:00+09:00,1071.849529157366,1083.4580078125,1071.849529157366,1083.4580078125,52800,0.0,0.0
2012-07-30 00:00:00+09:00,1091.1969935825894,1106.6749651227678,1067.9800362723215,1083.4580078125,49400,0.0,0.0
2012-07-31 00:00:00+09:00,1079.5884498273822,1102.8054057376485,1079.5884498273822,1098.9359130859375,43800,0.0,0.0
2012-08-01 00:00:00+09:00,1079.5884727725913,1087.3274582404952,1064.1105018367837,1071.8494873046875,45400,0.0,0.0
2012-08-02 00:00:00+09:00,1067.980114786531,1087.3275806341132,1067.980114786531,1078.50048828125,44800,0.0,0.0
2012-08-03 00:00:00+09:00,1060.2408001326107,1067.9797840751844,1048.63232421875,1048.63232421875,35400,0.0,0.0
2012-08-06 00:00:00+09:00,1064.1104123700165,1064.1104123700165,1044.7629503269254,1054.5926513671875,56600,0.0,0.0
2012-08-07 00:00:00+09:00,1056.3714742173242,1091.19690743328,1048.632489058223,1060.240966796875,57000,0.0,0.0
2012-08-08 00:00:00+09:00,1098.9359727279916,1114.4139441748648,1087.327494142837,1097.69775390625,69200,0.0,0.0
2012-08-09 00:00:00+09:00,1110.5445556640625,1118.283542114683,1098.9360759881315,1110.5445556640625,60000,0.0,0.0
2012-08-10 00:00:00+09:00,1118.2834332784016,1145.3698832194011,1106.674954732259,1114.4139404296875,63000,0.0,0.0
2012-08-13 00:00:00+09:00,1114.4136593089424,1126.022134926744,1110.544167436342,1119.798828125,75800,0.0,0.0
2012-08-14 00:00:00+09:00,1137.6308734441207,1149.239351744571,1129.8918879104872,1141.5003662109375,100000,0.0,0.0
2012-08-15 00:00:00+09:00,1153.1088302508504,1153.1088302508504,1129.8918739370747,1137.630859375,72000,0.0,0.0
2012-08-16 00:00:00+09:00,1141.5003662109375,1149.239351744571,1129.8918879104872,1141.5003662109375,66600,0.0,0.0
2012-08-17 00:00:00+09:00,1156.9781016299598,1176.3255615234375,1149.239117672569,1176.3255615234375,63600,0.0,0.0
2012-08-20 00:00:00+09:00,1180.1951467754036,1184.0646390599131,1156.9781930683464,1168.586669921875,91000,0.0,0.0
2012-08-21 00:00:00+09:00,1176.325654490894,1176.325654490894,1168.586669921875,1168.586669921875,30400,0.0,0.0
2012-08-22 00:00:00+09:00,1172.4562704396803,1176.3257630813955,1156.97829987282,1164.71728515625,59800,0.0,0.0
2012-08-23 00:00:00+09:00,1153.1088727443707,1156.9783656059292,1141.500394159696,1149.2393798828125,70800,0.0,0.0
2012-08-24 00:00:00+09:00,1149.2394188949743,1149.2394188949743,1122.1529679445875,1126.0224609375,81400,0.0,0.0
2012-08-27 00:00:00+09:00,1137.6308021282327,1149.2392797009697,1122.15283203125,1122.15283203125,73800,0.0,0.0
2012-08-28 00:00:00+09:00,1126.0222663079107,1126.0222663079107,1091.1968353911714,1106.6748046875,68000,0.0,0.0
2012-08-29 00:00:00+09:00,1118.2834332784016,1122.152926127116,1110.5444475809734,1114.4139404296875,38000,0.0,0.0
2012-08-30 00:00:00+09:00,1122.1527592173795,1122.1527592173795,1102.8052978515625,1102.8052978515625,39800,0.0,0.0
2012-08-31 00:00:00+09:00,1095.0662694619903,1102.8052536984708,1091.19677734375,1091.19677734375,49600,0.0,0.0
2012-09-03 00:00:00+09:00,1091.1969935825894,1102.8054722377233,1079.5885149274554,1083.4580078125,50200,0.0,0.0
2012-09-04 00:00:00+09:00,1083.4579655065434,1087.3274582404952,1071.8494873046875,1071.8494873046875,65600,0.0,0.0
2012-09-05 00:00:00+09:00,1075.7188428795855,1079.5883351201596,1064.1103661578634,1067.9798583984375,63000,0.0,0.0
2012-09-06 00:00:00+09:00,1064.1106773825252,1064.1106773825252,1052.502197265625,1052.502197265625,43000,0.0,0.0
2012-09-07 00:00:00+09:00,1075.7189515269886,1075.7189515269886,1060.2409810014203,1064.1104736328125,68200,0.0,0.0
2012-09-10 00:00:00+09:00,1064.1104736328125,1064.1104736328125,1056.3714883700284,1064.1104736328125,43400,0.0,0.0
2012-09-11 00:00:00+09:00,1056.3716634114583,1056.3716634114583,1037.024197048611,1044.76318359375,56600,0.0,0.0
2012-09-12 00:00:00+09:00,1052.502197265625,1064.1106773825252,1048.6327038933248,1052.502197265625,89200,0.0,0.0
2012-09-13 00:00:00+09:00,1052.5020890567764,1060.2410750057234,1048.632596082303,1056.37158203125,85000,0.0,0.0
2012-09-14 00:00:00+09:00,1060.240966796875,1071.8494445355268,1052.5019816377737,1060.240966796875,190400,0.0,0.0
2012-09-18 00:00:00+09:00,1064.1105018367837,1075.7189800386393,1064.1105018367837,1071.8494873046875,107400,0.0,0.0
2012-09-19 00:00:00+09:00,1083.4579284452298,1106.6748840547702,1079.5884358436397,1095.06640625,107400,0.0,0.0
2012-09-20 00:00:00+09:00,1087.327363701277,1098.9358408938172,1075.7188865087367,1079.58837890625,78000,0.0,0.0
2012-09-21 00:00:00+09:00,1083.457979709982,1087.3274724946605,1075.718994140625,1075.718994140625,47000,0.0,0.0
2012-09-24 00:00:00+09:00,1083.4580217137454,1087.3275146484375,1075.7190358443615,1087.3275146484375,54600,0.0,0.0
2012-09-25 00:00:00+09:00,1087.3274904886882,1114.4139404296875,1087.3274904886882,1114.4139404296875,124600,0.0,0.0
2012-09-26 00:00:00+09:00,1087.9912819602273,1091.8769651100852,1064.6771830610796,1068.5628662109375,98800,6.0,0.0
2012-09-27 00:00:00+09:00,1060.7915583071501,1080.2199751259625,1060.7915583071501,1072.4486083984375,85200,0.0,0.0
2012-09-28 00:00:00+09:00,1087.9910888671875,1103.5338187081472,1080.2197239467075,1087.9910888671875,107400,0.0,0.0
2012-10-01 00:00:00+09:00,1072.4483669308852,1076.334049419765,1056.905636975365,1064.677001953125,97800,0.0,0.0
2012-10-02 00:00:00+09:00,1068.562684442005,1076.334049419765,1060.7913194642451,1064.677001953125,87400,0.0,0.0
2012-10-03 00:00:00+09:00,1060.7913066165547,1111.3051783602002,1060.7913066165547,1103.5338134765625,204000,0.0,0.0
2012-10-04 00:00:00+09:00,1099.6481210368954,1138.5049451018033,1099.6481210368954,1134.6192626953125,136000,0.0,0.0
2012-10-05 00:00:00+09:00,1134.6194553707535,1134.6194553707535,1115.1910400390625,1115.1910400390625,82800,0.0,0.0
2012-10-09 00:00:00+09:00,1103.533928765191,1130.7337086995442,1103.533928765191,1119.07666015625,90200,0.0,0.0
2012-10-10 00:00:00+09:00,1087.9912144503148,1103.5339460853193,1076.3341657240614,1080.2198486328125,95400,0.0,0.0
2012-10-11 00:00:00+09:00,1072.4482369930186,1103.5336931377437,1072.4482369930186,1095.7623291015625,98600,0.0,0.0
2012-10-12 00:00:00+09:00,1103.5338134765625,1115.190860802019,1099.6481310347435,1103.5338134765625,48400,0.0,0.0
2012-10-15 00:00:00+09:00,1099.6481903611568,1115.1909209669682,1095.7625077097039,1107.4195556640625,29600,0.0,0.0
2012-10-16 00:00:00+09:00,1115.1909641575169,1157.9334749788852,1115.1909641575169,1150.162109375,89600,0.0,0.0
2012-10-17 00:00:00+09:00,1161.8192213155455,1169.5905873444121,1146.2764892578125,1146.2764892578125,90000,0.0,0.0
2012-10-18 00:00:00+09:00,1150.162109375,1154.0477921769425,1138.5050609691723,1150.162109375,44400,0.0,0.0
2012-10-19 00:00:00+09:00,1142.3910549541383,1157.9337903956912,1134.619687233362,1138.50537109375,72400,0.0,0.0
2012-10-22 00:00:00+09:00,1126.8480741856463,1150.1621722722457,1126.8480741856463,1146.2764892578125,48400,0.0,0.0
2012-10-23 00:00:00+09:00,1146.2767388145264,1146.2767388145264,1122.9626356521972,1138.50537109375,45200,0.0,0.0
2012-10-24 00:00:00+09:00,1122.9625729930644,1154.0480421416614,1122.9625729930644,1142.3909912109375,94600,0.0,0.0
2012-10-25 00:00:00+09:00,1142.3906904397552,1142.3906904397552,1119.0765947164948,1130.733642578125,89200,0.0,0.0
2012-10-26 00:00:00+09:00,1126.848029290046,1130.7337121496669,1103.5339321323208,1111.3052978515625,104200,0.0,0.0
2012-10-29 00:00:00+09:00,1111.3052323813258,1130.7336455348454,1107.4195497506219,1122.9622802734375,63000,0.0,0.0
2012-10-30 00:00:00+09:00,1134.6196339574353,1150.162368669181,1122.962582923626,1126.8482666015625,55600,0.0,0.0
2012-10-31 00:00:00+09:00,1130.7339402802136,1154.0480421416614,1126.848256636639,1142.3909912109375,80600,0.0,0.0
2012-11-01 00:00:00+09:00,1146.2763024656565,1161.8190319906146,1138.5049377031776,1157.933349609375,59400,0.0,0.0
2012-11-02 00:00:00+09:00,1165.7047070954975,1185.1331188804224,1161.8190247385126,1181.2474365234375,74800,0.0,0.0
2012-11-05 00:00:00+09:00,1177.3618108395256,1192.904541015625,1177.3618108395256,1192.904541015625,46400,0.0,0.0
2012-11-06 00:00:00+09:00,1181.2474438968122,1185.1331262780516,1146.2763024656565,1157.933349609375,111400,0.0,0.0
2012-11-07 00:00:00+09:00,1154.0479736328125,1165.7050238715278,1146.2766068070023,1154.0479736328125,62200,0.0,0.0
2012-11-08 00:00:00+09:00,1146.2767388145264,1157.9337903956912,1138.50537109375,1138.50537109375,55200,0.0,0.0
2012-11-09 00:00:00+09:00,1138.5050078192116,1146.2763730602985,1126.8479599575817,1130.733642578125,53200,0.0,0.0
2012-11-12 00:00:00+09:00,1115.1909209669682,1126.8479689213268,1107.4195556640625,1107.4195556640625,48400,0.0,0.0
2012-11-13 00:00:00+09:00,1119.0768992456897,1134.6196339574353,1107.4198482118804,1126.8482666015625,56200,0.0,0.0
2012-11-14 00:00:00+09:00,1130.7335802888217,1142.390627508294,1126.847897882331,1134.6192626953125,32000,0.0,0.0
2012-11-15 00:00:00+09:00,1134.619432940531,1165.7048968567099,1134.619432940531,1161.8192138671875,33400,0.0,0.0
2012-11-16 00:00:00+09:00,1157.9334035942657,1177.36181640625,1157.9334035942657,1177.36181640625,45200,0.0,0.0
2012-11-19 00:00:00+09:00,1189.0188012374076,1189.0188012374076,1177.3617541664526,1181.2474365234375,52400,0.0,0.0
2012-11-20 00:00:00+09:00,1185.1333678795013,1185.1333678795013,1169.5906351859996,1173.476318359375,50200,0.0,0.0
2012-11-21 00:00:00+09:00,1181.2477932224026,1204.5618944044238,1177.3621096920658,1196.79052734375,88400,0.0,0.0
2012-11-22 00:00:00+09:00,1216.218955553049,1282.2755761421922,1208.4475884249146,1278.389892578125,188200,0.0,0.0
2012-11-26 00:00:00+09:00,1290.0466592156515,1406.6171404700779,1286.1609765071707,1371.64599609375,497800,0.0,0.0
2012-11-27 00:00:00+09:00,1352.2177995954241,1363.8748495919365,1301.7039162772044,1305.589599609375,344800,0.0,0.0
2012-11-28 00:00:00+09:00,1297.8181189111915,1317.246533864952,1278.3897039574313,1290.0467529296875,179800,0.0,0.0
2012-11-29 00:00:00+09:00,1290.0468119486675,1305.5895446227478,1286.1611287801475,1293.9324951171875,98200,0.0,0.0
2012-11-30 00:00:00+09:00,1301.7036643223455,1336.674807542946,1278.3895688419454,1328.9034423828125,191400,0.0,0.0
2012-12-03 00:00:00+09:00,1340.5605500780111,1340.5605500780111,1325.0178190626139,1332.7891845703125,192000,0.0,0.0
2012-12-04 00:00:00+09:00,1325.0179906384699,1356.1034566945043,1321.1323073814656,1352.2177734375,106200,0.0,0.0
2012-12-05 00:00:00+09:00,1336.6749819884726,1356.1033974243517,1336.6749819884726,1348.33203125,140600,0.0,0.0
2012-12-06 00:00:00+09:00,1348.332144278067,1371.6462447554977,1344.446460865162,1363.8748779296875,179800,0.0,0.0
2012-12-07 00:00:00+09:00,1367.760615289548,1387.1890331203654,1363.8749317233844,1375.531982421875,120000,0.0,0.0
2012-12-10 00:00:00+09:00,1375.5318729795258,1383.3032394935344,1348.3320901804957,1352.2177734375,76000,0.0,0.0
2012-12-11 00:00:00+09:00,1379.4173678422726,1379.4173678422726,1344.4462233054262,1356.103271484375,124800,0.0,0.0
2012-12-12 00:00:00+09:00,1363.874818987165,1367.760502232143,1359.9891357421875,1359.9891357421875,70200,0.0,0.0
2012-12-13 00:00:00+09:00,1363.874763598703,1371.6461297730548,1348.33203125,1348.33203125,139400,0.0,0.0
2012-12-14 00:00:00+09:00,1336.6749819884726,1359.9890805115274,1336.6749819884726,1348.33203125,164600,0.0,0.0
2012-12-17 00:00:00+09:00,1375.5319191516287,1379.4176025390625,1363.8748689893266,1379.4176025390625,95800,0.0,0.0
2012-12-18 00:00:00+09:00,1383.3030505685888,1387.1887332949052,1356.103271484375,1356.103271484375,148800,0.0,0.0
2012-12-19 00:00:00+09:00,1367.7605479691877,1387.18896484375,1352.2178144695376,1387.18896484375,193800,0.0,0.0
2012-12-20 00:00:00+09:00,1379.4175980939249,1402.7316983433998,1371.6462313441,1387.18896484375,225200,0.0,0.0
2012-12-21 00:00:00+09:00,1387.1889058659585,1406.6173219145014,1375.531856236833,1383.30322265625,181800,0.0,0.0
2012-12-25 00:00:00+09:00,1402.7314392925941,1426.0455352365154,1402.7314392925941,1418.274169921875,177000,0.0,0.0
2012-12-26 00:00:00+09:00,1402.7316184122053,1429.9314004866803,1402.7316184122053,1422.1600341796875,109800,0.0,0.0
2012-12-27 00:00:00+09:00,1437.7025801739187,1441.5882628230374,1422.1598495774438,1426.0455322265625,137200,0.0,0.0
2012-12-28 00:00:00+09:00,1414.3884813262196,1437.702577172256,1410.5027986852133,1433.81689453125,100000,0.0,0.0
2013-01-04 00:00:00+09:00,1464.9025097782746,1499.8736572265625,1461.016826728465,1499.8736572265625,86800,0.0,0.0
2013-01-07 00:00:00+09:00,1499.87336225029,1503.7590445359126,1453.24517482282,1464.9022216796875,123000,0.0,0.0
2013-01-08 00:00:00+09:00,1464.90254476796,1468.7882279105806,1422.1600301991336,1429.931396484375,136600,0.0,0.0
2013-01-09 00:00:00+09:00,1414.3883586379718,1453.2451816774765,1410.5026763340213,1441.588134765625,101800,0.0,0.0
2013-01-10 00:00:00+09:00,1433.8171301629525,1464.9025963995475,1429.931446883378,1449.35986328125,67400,0.0,0.0
2013-01-11 00:00:00+09:00,1461.0166015625,1468.787966464428,1449.3595542096077,1461.0166015625,96200,0.0,0.0
2013-01-15 00:00:00+09:00,1472.6739586588542,1472.6739586588542,1445.4741757812499,1457.1312255859375,77800,0.0,0.0
2013-01-16 00:00:00+09:00,1457.1309934195122,1461.0166760686309,1418.2741669283253,1426.0455322265625,101800,0.0,0.0
2013-01-17 00:00:00+09:00,1445.4738102515748,1468.78790396531,1429.9310811090847,1464.9022216796875,142400,0.0,0.0
2013-01-18 00:00:00+09:00,1476.5596292650919,1484.3309957349081,1468.7882627952756,1480.4453125,88600,0.0,0.0
2013-01-21 00:00:00+09:00,1480.4448862176193,1484.330568333676,1457.1307935212787,1476.5592041015625,41400,0.0,0.0
2013-01-22 00:00:00+09:00,1476.5594450466294,1499.8735415473657,1464.9023967962614,1484.330810546875,109400,0.0,0.0
2013-01-23 00:00:00+09:00,1464.9022840134642,1472.6736489153923,1449.3595542096077,1461.0166015625,109400,0.0,0.0
2013-01-24 00:00:00+09:00,1464.902445109154,1511.5306396484375,1461.0167622308804,1511.5306396484375,140200,0.0,0.0
2013-01-25 00:00:00+09:00,1523.1877330990892,1550.3875140472871,1519.3020501064893,1546.5018310546875,138200,0.0,0.0
2013-01-28 00:00:00+09:00,1554.2732007575758,1554.2732007575758,1530.959102746212,1538.73046875,96200,0.0,0.0
2013-01-29 00:00:00+09:00,1538.730465069488,1569.8159290102858,1538.730465069488,1546.5018310546875,73400,0.0,0.0
2013-01-30 00:00:00+09:00,1554.2731273263025,1569.8158585995657,1542.6160788713553,1565.93017578125,79800,0.0,0.0
2013-01-31 00:00:00+09:00,1550.3873263618298,1569.8157389728804,1542.6159613174098,1558.15869140625,140800,0.0,0.0
2013-02-01 00:00:00+09:00,1558.1589435414041,1569.8159929943324,1538.730527786524,1542.6162109375,108200,0.0,0.0
2013-02-04 00:00:00+09:00,1546.5017751186708,1554.2731408227849,1530.959043710443,1534.8447265625,99000,0.0,0.0
2013-02-05 00:00:00+09:00,1507.6446610300166,1515.41602526213,1476.5592041015625,1476.5592041015625,170200,0.0,0.0
2013-02-06 00:00:00+09:00,1507.6450083776174,1534.844789456595,1495.98795934377,1530.9591064453125,140400,0.0,0.0
2013-02-07 00:00:00+09:00,1515.4164288806674,1546.501894088476,1515.4164288806674,1542.6162109375,111800,0.0,0.0
2013-02-08 00:00:00+09:00,1565.9299890677917,1600.9011302628542,1558.1586243577779,1577.5870361328125,302200,0.0,0.0
2013-02-12 00:00:00+09:00,1604.7870721435547,1612.5584381103515,1554.273193359375,1554.273193359375,144000,0.0,0.0
2013-02-13 00:00:00+09:00,1554.2731442827608,1554.2731442827608,1507.644949954278,1527.0733642578125,167400,0.0,0.0
2013-02-14 00:00:00+09:00,1538.7302149404393,1573.7013561890858,1519.301803135636,1569.815673828125,183200,0.0,0.0
2013-02-15 00:00:00+09:00,1554.2730869391025,1558.1587696564504,1488.2164807441907,1515.416259765625,184600,0.0,0.0
2013-02-18 00:00:00+09:00,1546.5015772927572,1577.5870361328125,1538.7302125827432,1577.5870361328125,111600,0.0,0.0
2013-02-19 00:00:00+09:00,1573.7016485729357,1600.9014301532086,1569.8159654900396,1597.0157470703125,125200,0.0,0.0
2013-02-20 00:00:00+09:00,1597.015927805484,1608.6729783734072,1589.2445607602017,1600.901611328125,89200,0.0,0.0
2013-02-21 00:00:00+09:00,1593.1295798861715,1604.7866255926558,1562.0441246688804,1581.4725341796875,107800,0.0,0.0
2013-02-22 00:00:00+09:00,1562.0443739284601,1577.5871040173006,1534.8445962729895,1558.15869140625,147400,0.0,0.0
2013-02-25 00:00:00+09:00,1573.7013537778057,1589.2440831978333,1562.0443067127849,1577.5870361328125,140400,0.0,0.0
2013-02-26 00:00:00+09:00,1546.5020118656016,1577.5874794407896,1542.616328418703,1550.3876953125,87400,0.0,0.0
2013-02-27 00:00:00+09:00,1554.2731442827608,1554.2731442827608,1519.3019985363987,1527.0733642578125,90400,0.0,0.0
2013-02-28 00:00:00+09:00,1530.9590954589844,1558.1588763427735,1530.9590954589844,1554.273193359375,124800,0.0,0.0
2013-03-01 00:00:00+09:00,1534.8448446355478,1546.501894088476,1523.1877951826195,1542.6162109375,123600,0.0,0.0
2013-03-04 00:00:00+09:00,1558.1588101446184,1577.5872242361972,1558.1588101446184,1565.93017578125,104000,0.0,0.0
2013-03-05 00:00:00+09:00,1577.5872766831344,1593.1300084731158,1573.7015937356389,1585.358642578125,129000,0.0,0.0
2013-03-06 00:00:00+09:00,1597.0157780177158,1655.301025390625,1597.0157780177158,1655.301025390625,212400,0.0,0.0
2013-03-07 00:00:00+09:00,1651.4151133023774,1651.4151133023774,1616.4439697265625,1616.4439697265625,121400,0.0,0.0
2013-03-08 00:00:00+09:00,1643.6437115561369,1717.4716796875,1635.8723464896775,1717.4716796875,298600,0.0,0.0
2013-03-11 00:00:00+09:00,1717.4716688368057,1756.3284939236112,1701.9289388020834,1748.55712890625,179400,0.0,0.0
2013-03-12 00:00:00+09:00,1767.985595703125,1779.6426435868818,1744.6714999356113,1767.985595703125,232000,0.0,0.0
2013-03-13 00:00:00+09:00,1760.2143450967626,1795.1854910258373,1752.442979334746,1783.5284423828125,155400,0.0,0.0
2013-03-14 00:00:00+09:00,1787.4139971146058,1802.956727524298,1764.0999015000675,1799.071044921875,124000,0.0,0.0
2013-03-15 00:00:00+09:00,1799.0707989436323,1810.72784515709,1787.4137527301746,1806.8421630859375,185000,0.0,0.0
2013-03-18 00:00:00+09:00,1783.5283145121828,1814.6137753315672,1779.6426319097598,1799.071044921875,114200,0.0,0.0
2013-03-19 00:00:00+09:00,1799.0707989436323,1814.6135272282424,1791.2994348013272,1806.8421630859375,98800,0.0,0.0
2013-03-21 00:00:00+09:00,1818.4993743896484,1872.8989283243814,1818.4993743896484,1865.1275634765625,164600,0.0,0.0
2013-03-22 00:00:00+09:00,1857.3562780212794,1857.3562780212794,1810.7280869412473,1814.61376953125,120400,0.0,0.0
2013-03-25 00:00:00+09:00,1837.9279414680848,1837.9279414680848,1779.6427001953125,1779.6427001953125,156600,0.0,0.0
2013-03-26 00:00:00+09:00,1771.8713937397877,1787.4141252638208,1760.2143450967626,1783.5284423828125,96800,0.0,0.0
2013-03-27 00:00:00+09:00,1757.0366492020457,1780.411859612716,1757.0366492020457,1776.5159912109375,69000,6.0,0.0
2013-03-28 00:00:00+09:00,1780.411558283522,1780.411558283522,1725.8694098897163,1741.452880859375,104600,0.0,0.0
2013-03-29 00:00:00+09:00,1745.3489524147728,1745.3489524147728,1702.4944022438742,1714.1820068359375,120000,0.0,0.0
2013-04-01 00:00:00+09:00,1694.7027922928476,1694.7027922928476,1632.368896484375,1632.368896484375,88800,0.0,0.0
2013-04-02 00:00:00+09:00,1601.2017582323979,1612.889362307087,1566.1389460083308,1585.6182861328125,141400,0.0,0.0
2013-04-03 00:00:00+09:00,1589.5142071063701,1624.5770204984226,1589.5142071063701,1620.68115234375,124800,0.0,0.0
2013-04-04 00:00:00+09:00,1620.680902577765,1694.7023861089608,1597.305697252124,1690.8065185546875,150400,0.0,0.0
2013-04-05 00:00:00+09:00,1729.765652187152,1780.4119438052442,1725.869783601145,1749.2449951171875,188800,0.0,0.0
2013-04-08 00:00:00+09:00,1753.1406130109513,1788.2034252711703,1714.181932721819,1745.348876953125,201200,0.0,0.0
2013-04-09 00:00:00+09:00,1737.55712890625,1768.7240729225057,1718.0777888960904,1737.55712890625,157800,0.0,0.0
2013-04-10 00:00:00+09:00,1737.5571228713134,1753.1405948253162,1718.0777829288097,1733.6612548828125,112400,0.0,0.0
2013-04-11 00:00:00+09:00,1753.1407640469786,1764.828369140625,1729.7655538596855,1764.828369140625,106400,0.0,0.0
2013-04-12 00:00:00+09:00,1764.8280873138633,1768.723955056278,1741.452880859375,1741.452880859375,111600,0.0,0.0
2013-04-15 00:00:00+09:00,1729.765839041096,1741.453446061644,1702.4947559931506,1706.390625,85000,0.0,0.0
2013-04-16 00:00:00+09:00,1675.2232546226999,1694.7025947927314,1651.8480464186623,1667.4315185546875,173800,0.0,0.0
2013-04-17 00:00:00+09:00,1690.8067128818666,1745.348864910314,1690.8067128818666,1737.55712890625,88000,0.0,0.0
2013-04-18 00:00:00+09:00,1741.4531854752008,1745.3490538990827,1690.8068959647362,1698.5986328125,117800,0.0,0.0
2013-04-19 00:00:00+09:00,1714.1820068359375,1725.8696114280008,1679.1191930597479,1714.1820068359375,73200,0.0,0.0
2013-04-22 00:00:00+09:00,1714.1821344423186,1737.557345366532,1710.2862659549496,1718.0780029296875,131200,0.0,0.0
2013-04-23 00:00:00+09:00,1714.1819089597411,1733.6612488342835,1706.390173009924,1729.765380859375,116000,0.0,0.0
2013-04-24 00:00:00+09:00,1749.2449927846337,1834.9541015625,1733.6615184613854,1834.9541015625,246000,0.0,0.0
2013-04-25 00:00:00+09:00,1834.9541015625,1850.5375758857483,1819.3706272392515,1834.9541015625,117400,0.0,0.0
2013-04-26 00:00:00+09:00,1834.9540345435048,1838.8499029820262,1788.20361328125,1788.20361328125,86600,0.0,0.0
2013-04-30 00:00:00+09:00,1788.2033382197308,1792.0992060589895,1764.8281311841788,1768.7239990234375,76600,0.0,0.0
2013-05-01 00:00:00+09:00,1753.1404840866192,1760.9322195714485,1729.7652776321308,1741.452880859375,132000,0.0,0.0
2013-05-02 00:00:00+09:00,1741.452880859375,1757.036351829034,1737.5570131169602,1741.452880859375,35800,0.0,0.0
2013-05-07 00:00:00+09:00,1792.0993260894647,1846.6414794921875,1788.2034579892702,1846.6414794921875,153200,0.0,0.0
2013-05-08 00:00:00+09:00,1850.537548147046,1862.2251537142906,1799.8912573556531,1815.4747314453125,106200,0.0,0.0
2013-05-09 00:00:00+09:00,1815.4746923508985,1846.6416398590686,1780.4118764042075,1788.20361328125,106600,0.0,0.0
2013-05-10 00:00:00+09:00,1834.9538514482213,1842.745587547789,1819.3703792490855,1831.0579833984375,112000,0.0,0.0
2013-05-13 00:00:00+09:00,1834.9538211945564,1846.6414251512097,1799.8910093245968,1811.57861328125,175800,0.0,0.0
2013-05-14 00:00:00+09:00,1870.0163836518595,1889.4957209815664,1842.7453113902698,1885.599853515625,378200,0.0,0.0
2013-05-15 00:00:00+09:00,1885.6002735202594,1908.9754835225767,1803.7870385121491,1838.849853515625,334600,0.0,0.0
2013-05-16 00:00:00+09:00,1866.1207697362076,1893.3918457031252,1831.0579577787423,1893.391845703125,287600,0.0,0.0
2013-05-17 00:00:00+09:00,1893.392029913858,1947.9341871541749,1877.8085564166247,1936.24658203125,256600,0.0,0.0
2013-05-20 00:00:00+09:00,1947.9344171068446,1947.9344171068446,1916.7674664331353,1924.5592041015625,191800,0.0,0.0
2013-05-21 00:00:00+09:00,1916.7674664331353,1944.038548272631,1912.8715975989214,1924.5592041015625,139400,0.0,0.0
2013-05-22 00:00:00+09:00,1947.9341224805844,1998.5804096650795,1940.142385990662,1975.2052001953125,298200,0.0,0.0
2013-05-23 00:00:00+09:00,1955.7261353846025,1971.30961056695,1815.4748587434756,1819.3707275390625,312400,0.0,0.0
2013-05-24 00:00:00+09:00,1873.9127197265625,1944.0383516498018,1827.162298444403,1873.9127197265625,324000,0.0,0.0
2013-05-27 00:00:00+09:00,1819.370350629828,1827.1620866068295,1733.6612548828125,1733.6612548828125,238000,0.0,0.0
2013-05-28 00:00:00+09:00,1737.5572850050125,1788.2035735813918,1721.9738115968958,1760.9324951171875,229800,0.0,0.0
2013-05-29 00:00:00+09:00,1807.683121152302,1838.8500715169969,1772.6203019920201,1819.3707275390625,193800,0.0,0.0
2013-05-30 00:00:00+09:00,1760.9321482228709,1838.8494999141483,1733.6610751309238,1772.6197509765625,329800,0.0,0.0
2013-05-31 00:00:00+09:00,1811.578851897141,1823.2664573932516,1760.9325614139952,1807.6829833984375,316400,0.0,0.0
2013-06-03 00:00:00+09:00,1811.578723750928,1838.8498013127698,1780.4117779659657,1803.7869873046875,279800,0.0,0.0
2013-06-04 00:00:00+09:00,1753.1404840866192,1764.8280873138633,1710.2859389200573,1741.452880859375,243600,0.0,0.0
2013-06-05 00:00:00+09:00,1729.765542717572,1834.9539878828298,1729.765542717572,1757.03662109375,369200,0.0,0.0
2013-06-06 00:00:00+09:00,1714.1818663293766,1764.8281487436534,1698.5983948172911,1702.4942626953125,275400,0.0,0.0
2013-06-07 00:00:00+09:00,1686.910821851396,1714.1818974933353,1612.8893308232746,1644.0562744140625,211000,0.0,0.0
2013-06-10 00:00:00+09:00,1706.3900143813253,1780.4114990234375,1686.9106763176114,1780.4114990234375,135400,0.0,0.0
2013-06-11 00:00:00+09:00,1760.932600875209,1772.62020663323,1725.869783601145,1749.2449951171875,162400,0.0,0.0
2013-06-12 00:00:00+09:00,1733.6613595539627,1733.6613595539627,1679.1192044219279,1721.9737548828125,118200,0.0,0.0
2013-06-13 00:00:00+09:00,1725.8695013398808,1737.5571051864263,1628.4728026186685,1644.0562744140625,265600,0.0,0.0
2013-06-14 00:00:00+09:00,1675.2232546226999,1702.494330860744,1659.639782486675,1667.4315185546875,301000,0.0,0.0
2013-06-17 00:00:00+09:00,1663.5357863164581,1768.724231821246,1655.7440496123997,1760.9324951171875,192400,0.0,0.0
2013-06-18 00:00:00+09:00,1780.4116272239185,1799.8909666902634,1753.1405519710358,1784.3074951171875,210800,0.0,0.0
2013-06-19 00:00:00+09:00,1811.578666590437,1846.6414794921875,1807.6827984902427,1846.6414794921875,246600,0.0,0.0
2013-06-20 00:00:00+09:00,1846.6418091081705,1850.5376779037574,1807.683121152302,1819.3707275390625,244200,0.0,0.0
2013-06-21 00:00:00+09:00,1757.0362806383068,1792.0990888993817,1663.535458608774,1772.6197509765625,659800,0.0,0.0
2013-06-24 00:00:00+09:00,1799.8912464010305,1834.9540628893621,1795.995377902327,1807.6829833984375,221400,0.0,0.0
2013-06-25 00:00:00+09:00,1811.57861328125,1819.370349252352,1757.036461483535,1811.57861328125,231000,0.0,0.0
2013-06-26 00:00:00+09:00,1823.266322544643,1823.266322544643,1776.515904017857,1799.89111328125,100200,0.0,0.0
2013-06-27 00:00:00+09:00,1815.4747905611243,1870.0169516509436,1776.5161040683963,1858.329345703125,209000,0.0,0.0
2013-06-28 00:00:00+09:00,1866.120673977599,1916.7669553172832,1854.433070591518,1908.9752197265625,282600,0.0,0.0
2013-07-01 00:00:00+09:00,1944.0380674792875,1944.0380674792875,1897.287653030888,1932.3504638671875,197600,0.0,0.0
2013-07-02 00:00:00+09:00,1932.350609375,1947.93408203125,1916.76713671875,1947.93408203125,133200,0.0,0.0
2013-07-03 00:00:00+09:00,1944.0382138671873,1951.8299501953124,1920.6630048828124,1947.93408203125,115800,0.0,0.0
2013-07-04 00:00:00+09:00,1924.5590874565974,1940.1425618489584,1924.5590874565974,1928.4549560546875,96600,0.0,0.0
2013-07-05 00:00:00+09:00,1936.246350122119,1947.9339538451904,1924.558746399048,1944.0380859375,127600,0.0,0.0
2013-07-08 00:00:00+09:00,1951.8298963869177,1963.5175005568992,1912.8712158203125,1912.8712158203125,135400,0.0,0.0
2013-07-09 00:00:00+09:00,1924.559161173103,1986.8930611301266,1920.663292425789,1982.9971923828125,221000,0.0,0.0
2013-07-10 00:00:00+09:00,1982.997176460598,1986.8930451766305,1955.7260954483697,1971.3095703125,127200,0.0,0.0
2013-07-11 00:00:00+09:00,1947.9342483160065,1986.8929332823266,1936.2466428261105,1979.1011962890625,92400,0.0,0.0
2013-07-12 00:00:00+09:00,1979.1013236354986,1986.8930611301266,1959.6219798989287,1982.9971923828125,144800,0.0,0.0
2013-07-16 00:00:00+09:00,1982.997176460598,2006.3723887567935,1912.871539572011,1971.3095703125,254200,0.0,0.0
2013-07-17 00:00:00+09:00,1979.101022573618,2025.8514404296875,1975.2051544189453,2025.8514404296875,173600,0.0,0.0
2013-07-18 00:00:00+09:00,2029.7475368713733,2041.4351426499031,2006.3723253143132,2014.1640625,525400,0.0,0.0
2013-07-19 00:00:00+09:00,2010.2682736140105,2025.8517486032663,1975.2054548881847,1982.9971923828125,148200,0.0,0.0
2013-07-22 00:00:00+09:00,2010.2681830248787,2021.9557887401395,1979.1012344508495,2006.372314453125,85200,0.0,0.0
2013-07-23 00:00:00+09:00,2006.3724926850641,2060.914657534755,1998.580754849394,2049.22705078125,191200,0.0,0.0
2013-07-24 00:00:00+09:00,2037.5389464866116,2049.226550386152,2014.16373868753,2041.434814453125,98600,0.0,0.0
2013-07-25 00:00:00+09:00,2037.538909794281,2041.434777690637,2002.4760987270754,2018.0595703125,130200,0.0,0.0
2013-07-26 00:00:00+09:00,1963.517806184506,1979.101280836764,1944.0384628691836,1951.8302001953125,126200,0.0,0.0
2013-07-29 00:00:00+09:00,1885.6003137640266,1905.0796558483657,1866.1209716796875,1866.1209716796875,109800,0.0,0.0
2013-07-30 00:00:00+09:00,1858.3293522817646,1963.517806184506,1858.3293522817646,1951.8302001953125,128200,0.0,0.0
2013-07-31 00:00:00+09:00,1932.3508246527779,1975.2053792317708,1924.5590874565974,1928.4549560546875,91000,0.0,0.0
2013-08-01 00:00:00+09:00,1940.142182645742,1998.5802001953125,1940.142182645742,1998.5802001953125,83800,0.0,0.0
2013-08-02 00:00:00+09:00,1998.5805275656958,2057.0185546875,1990.788790616122,2057.0185546875,134800,0.0,0.0
2013-08-05 00:00:00+09:00,2010.2676873708049,2025.8511578155399,1994.68421692607,2002.4759521484375,76400,0.0,0.0
2013-08-06 00:00:00+09:00,2018.0600994385693,2057.01878861692,1982.9972791780535,2049.22705078125,101800,0.0,0.0
2013-08-07 00:00:00+09:00,2045.3306455869933,2053.1223813797055,2018.0595703125,2018.0595703125,96000,0.0,0.0
2013-08-08 00:00:00+09:00,1986.8925966853985,2037.5388785616929,1979.1008610121223,1998.5802001953125,144600,0.0,0.0
2013-08-09 00:00:00+09:00,1990.7888017789585,2002.4764072688547,1963.5177223025344,1979.1011962890625,80200,0.0,0.0
2013-08-12 00:00:00+09:00,1971.309198058478,1998.5802739209469,1936.2463862353034,1967.413330078125,73800,0.0,0.0
2013-08-13 00:00:00+09:00,1959.6218538059024,1994.6846702755906,1959.6218538059024,1979.1011962890625,106600,0.0,0.0
2013-08-14 00:00:00+09:00,1982.9967226982117,2002.4760618209837,1959.621515750885,1994.684326171875,107400,0.0,0.0
2013-08-15 00:00:00+09:00,1990.7889138926632,2014.1641261888587,1971.3095703125,1971.3095703125,67200,0.0,0.0
2013-08-16 00:00:00+09:00,1940.142254215656,1986.8926699798888,1940.142254215656,1967.413330078125,82800,0.0,0.0
2013-08-19 00:00:00+09:00,1963.5177734375002,1963.5177734375002,1908.9756130642363,1928.4549560546875,118600,0.0,0.0
2013-08-20 00:00:00+09:00,1932.3505256558644,1951.829865632234,1893.3918457031252,1893.391845703125,80800,0.0,0.0
2013-08-21 00:00:00+09:00,1897.287455913449,1928.45439564098,1873.912251117801,1885.599853515625,58800,0.0,0.0
2013-08-22 00:00:00+09:00,1877.808391547642,1912.8712038379506,1877.808391547642,1905.0794677734375,53400,0.0,0.0
2013-08-23 00:00:00+09:00,1916.7673119716956,1924.559049012231,1885.6003638095542,1901.183837890625,117000,0.0,0.0
2013-08-26 00:00:00+09:00,1905.0791908453318,1916.766793243156,1873.912251117801,1885.599853515625,69200,0.0,0.0
2013-08-27 00:00:00+09:00,1877.8087211277175,1901.1839334239132,1873.9128524116848,1881.70458984375,51600,0.0,0.0
2013-08-28 00:00:00+09:00,1819.3709810496903,1850.5379357571796,1815.4751117112542,1827.1627197265625,80400,0.0,0.0
2013-08-29 00:00:00+09:00,1823.2662172379032,1842.7455571656585,1811.57861328125,1811.57861328125,94200,0.0,0.0
2013-08-30 00:00:00+09:00,1823.2660295758928,1823.2660295758928,1772.6197509765625,1772.6197509765625,111200,0.0,0.0
2013-09-02 00:00:00+09:00,1772.6201776987493,1827.162337012557,1772.6201776987493,1815.4747314453125,70600,0.0,0.0
2013-09-03 00:00:00+09:00,1842.7456348371306,1873.9125800352217,1842.7456348371306,1862.2249755859375,95200,0.0,0.0
2013-09-04 00:00:00+09:00,1870.0168897284836,1908.9755749311603,1850.5375471271452,1901.183837890625,88600,0.0,0.0
2013-09-05 00:00:00+09:00,1905.0796558483657,1905.0796558483657,1862.2251032628196,1866.1209716796875,87000,0.0,0.0
2013-09-06 00:00:00+09:00,1870.016492155083,1893.3916983070214,1858.3288890791137,1877.8082275390625,54800,0.0,0.0
2013-09-09 00:00:00+09:00,1936.2462942940847,1936.2462942940847,1889.4958807497608,1908.9752197265625,82000,0.0,0.0
2013-09-10 00:00:00+09:00,1905.0797064108926,1908.9755749311603,1885.6003638095542,1901.183837890625,77000,0.0,0.0
2013-09-11 00:00:00+09:00,1901.1838597243393,1916.7673339843748,1897.2879911593304,1916.767333984375,65800,0.0,0.0
2013-09-12 00:00:00+09:00,1908.975596854357,1920.6632025493839,1901.1838597243393,1916.767333984375,53600,0.0,0.0
2013-09-13 00:00:00+09:00,1932.3505123077878,1963.5174560546875,1912.8711724659754,1963.5174560546875,181200,0.0,0.0
2013-09-17 00:00:00+09:00,1947.9341224805844,1975.2052001953125,1947.9341224805844,1975.2052001953125,76800,0.0,0.0
2013-09-18 00:00:00+09:00,1986.8930451766305,2002.476520040761,1971.3095703125,1971.3095703125,60000,0.0,0.0
2013-09-19 00:00:00+09:00,1982.997004690887,2021.9556884765625,1975.2052679337519,2021.9556884765625,112400,0.0,0.0
2013-09-20 00:00:00+09:00,2025.8515568551302,2025.8515568551302,1998.5804782051573,2021.9556884765625,83200,0.0,0.0
2013-09-24 00:00:00+09:00,2010.2679678109976,2041.4349130483774,1998.5803633469802,2025.8514404296875,133800,0.0,0.0
2013-09-25 00:00:00+09:00,2025.8515568551302,2033.6432936122653,2010.26808334086,2021.9556884765625,76200,0.0,0.0
2013-09-26 00:00:00+09:00,1995.4022050443857,2034.4511718749998,1968.0679282629558,2034.451171875,90800,6.0,0.0
2013-09-27 00:00:00+09:00,2034.451210185566,2034.451210185566,1999.3071393762184,2003.2120361328125,77000,0.0,0.0
2013-09-30 00:00:00+09:00,1995.402088838465,2003.21188174977,1964.1629171932443,1991.4971923828125,85800,0.0,0.0
2013-10-01 00:00:00+09:00,1964.1630649833148,1987.5924454801336,1956.353271484375,1956.353271484375,87000,0.0,0.0
2013-10-02 00:00:00+09:00,1944.6386198775037,1964.16310401282,1917.304342088061,1925.1141357421875,67600,0.0,0.0
2013-10-03 00:00:00+09:00,1897.7799072265625,1929.0190826541602,1893.8750102981128,1897.7799072265625,103400,0.0,0.0
2013-10-04 00:00:00+09:00,1882.1602364384478,1901.6847202189297,1866.5406494140625,1866.5406494140625,101400,0.0,0.0
2013-10-07 00:00:00+09:00,1854.8261006673179,1874.3505859375002,1819.6820271809897,1827.4918212890625,86000,0.0,0.0
2013-10-08 00:00:00+09:00,1815.7770499536548,1858.7309156514832,1811.872153072034,1843.111328125,71000,0.0,0.0
2013-10-09 00:00:00+09:00,1831.3965888610712,1870.445556640625,1819.681898527205,1870.445556640625,59000,0.0,0.0
2013-10-10 00:00:00+09:00,1862.6357421875,1882.1602258582286,1850.921051985063,1862.6357421875,60400,0.0,0.0
2013-10-11 00:00:00+09:00,1893.8750205539336,1925.1141961506994,1889.9701236043377,1901.684814453125,108000,0.0,0.0
2013-10-15 00:00:00+09:00,1921.2093301578443,1925.1142271703602,1897.7799480827487,1913.3995361328125,96800,0.0,0.0
2013-10-16 00:00:00+09:00,1917.3043317096988,1932.9239189334032,1917.3043317096988,1921.209228515625,74400,0.0,0.0
2013-10-17 00:00:00+09:00,1940.7337749435242,1956.3533626694277,1929.0190841490964,1944.638671875,163600,0.0,0.0
2013-10-18 00:00:00+09:00,1948.543313346878,1952.4482097664109,1932.9237276687468,1940.7335205078125,63400,0.0,0.0
2013-10-21 00:00:00+09:00,1944.6391787109376,1952.448974609375,1940.7342807617188,1952.448974609375,36800,0.0,0.0
2013-10-22 00:00:00+09:00,1956.3534240722659,1975.877909342448,1944.6387329101565,1968.068115234375,50400,0.0,0.0
2013-10-23 00:00:00+09:00,1968.0680534638554,1987.5925381212348,1944.638671875,1944.638671875,97800,0.0,0.0
2013-10-24 00:00:00+09:00,1921.209541152618,1948.5438232421877,1905.5899513871493,1948.5438232421875,68800,0.0,0.0
2013-10-25 00:00:00+09:00,1952.4481795095755,1952.4481795095755,1886.06494140625,1886.06494140625,84600,0.0,0.0
2013-10-28 00:00:00+09:00,1886.0650686553029,1932.9238281249998,1886.0650686553029,1932.923828125,68400,0.0,0.0
2013-10-29 00:00:00+09:00,1905.5896412919205,1932.9239189334032,1889.9700540682163,1921.209228515625,98200,0.0,0.0
2013-10-30 00:00:00+09:00,1932.9237276687468,1948.543313346878,1925.113934829681,1940.7335205078125,55600,0.0,0.0
2013-10-31 00:00:00+09:00,1944.6389258008205,1964.1634130076561,1936.8291309180863,1948.5438232421875,88400,0.0,0.0
2013-11-01 00:00:00+09:00,1948.5435460618703,1948.5435460618703,1878.2554021157507,1889.9700927734375,77800,0.0,0.0
2013-11-05 00:00:00+09:00,1913.3994740888106,1913.3994740888106,1874.3505052298553,1889.9700927734375,73000,0.0,0.0
2013-11-06 00:00:00+09:00,1886.0651572622903,1932.9239189334032,1878.255363650438,1921.209228515625,57000,0.0,0.0
2013-11-07 00:00:00+09:00,1940.7338766282603,1948.5436709004061,1901.6849052675307,1936.8289794921875,83800,0.0,0.0
2013-11-08 00:00:00+09:00,1897.7799480827487,1929.0191241828763,1897.7799480827487,1913.3995361328125,40600,0.0,0.0
2013-11-11 00:00:00+09:00,1952.4482036142222,2085.214681459989,1948.5433072069936,2026.6412353515625,292200,0.0,0.0
2013-11-12 00:00:00+09:00,2022.736392421577,2046.165771484375,2007.1168063797115,2046.165771484375,157600,0.0,0.0
2013-11-13 00:00:00+09:00,2038.3563030536359,2046.1660973182093,2018.8318173922025,2030.5465087890625,105000,0.0,0.0
2013-11-14 00:00:00+09:00,2030.5460967148956,2065.6901637734227,2030.5460967148956,2057.88037109375,171400,0.0,0.0
2013-11-15 00:00:00+09:00,2065.690296982274,2069.5951935739226,2050.0707106156783,2061.785400390625,115400,0.0,0.0
2013-11-18 00:00:00+09:00,2065.69076665726,2065.69076665726,2034.4515868212334,2053.97607421875,102200,0.0,0.0
2013-11-19 00:00:00+09:00,2034.450993054732,2065.6901637734227,2030.5460967148956,2057.88037109375,54200,0.0,0.0
2013-11-20 00:00:00+09:00,2053.97607421875,2073.5005616162666,2042.26138178024,2053.97607421875,118800,0.0,0.0
2013-11-21 00:00:00+09:00,2053.9757391599715,2069.5953265300095,2038.3561517899336,2065.6904296875,86200,0.0,0.0
2013-11-22 00:00:00+09:00,2073.5000901655717,2089.1196765321674,2050.0707106156783,2061.785400390625,150600,0.0,0.0
2013-11-25 00:00:00+09:00,2065.69076665726,2065.69076665726,2018.83199690322,2053.97607421875,117200,0.0,0.0
2013-11-26 00:00:00+09:00,2050.07080078125,2061.7854910714286,2038.3561104910714,2050.07080078125,145400,0.0,0.0
2013-11-27 00:00:00+09:00,2034.4512523894614,2042.2610460646608,2011.021871363863,2018.8316650390625,66600,0.0,0.0
2013-11-28 00:00:00+09:00,2026.6412353515625,2042.2608209804764,2018.8314425371057,2026.6412353515625,68400,0.0,0.0
2013-11-29 00:00:00+09:00,2030.5463581049148,2069.5953265300095,2022.736564419896,2065.6904296875,172800,0.0,0.0
2013-12-02 00:00:00+09:00,2069.595060113259,2077.4048527929317,2046.165682074241,2057.88037109375,86800,0.0,0.0
2013-12-03 00:00:00+09:00,2069.5951935739226,2073.5000901655717,2046.1658140240293,2061.785400390625,111800,0.0,0.0
2013-12-04 00:00:00+09:00,2030.5458758144307,2046.1654594745416,1999.3067084942086,2022.736083984375,75400,0.0,0.0
2013-12-05 00:00:00+09:00,2018.8316019733827,2030.5462921202302,1995.4022216796877,1995.4022216796875,59800,0.0,0.0
2013-12-06 00:00:00+09:00,1991.4976708312868,2003.2123630126473,1975.8780812561395,1987.5927734375,71800,0.0,0.0
2013-12-09 00:00:00+09:00,2014.9260253906248,2026.6407115847564,2007.1162345945372,2014.926025390625,49400,0.0,0.0
2013-12-10 00:00:00+09:00,2026.6416838118173,2042.2612728970723,2003.2123001839352,2011.0220947265625,94400,0.0,0.0
2013-12-11 00:00:00+09:00,2003.2123630126473,2011.022157800221,1968.068286468566,1987.5927734375,73800,0.0,0.0
2013-12-12 00:00:00+09:00,1979.7830027731245,1979.7830027731245,1936.8291309180863,1948.5438232421875,124400,0.0,0.0
2013-12-13 00:00:00+09:00,1917.3044938118226,1964.163259444698,1917.3044938118226,1936.8289794921875,222200,0.0,0.0
2013-12-16 00:00:00+09:00,1921.2089514235047,1932.9236401516966,1897.7795739671203,1909.4942626953125,92000,0.0,0.0
2013-12-17 00:00:00+09:00,1913.3995966757495,1944.6387737643333,1913.3995966757495,1936.8289794921875,91800,0.0,0.0
2013-12-18 00:00:00+09:00,1921.2092389151242,1944.6386198775037,1921.2092389151242,1925.1141357421875,134000,0.0,0.0
2013-12-19 00:00:00+09:00,1944.6387737643333,1964.163259444698,1925.1142880839684,1936.8289794921875,184000,0.0,0.0
2013-12-20 00:00:00+09:00,1921.2089717302663,1960.2579345703125,1921.2089717302663,1960.2579345703125,164400,0.0,0.0
2013-12-24 00:00:00+09:00,1971.9729210968317,1991.497405464127,1960.2582304764546,1979.78271484375,235800,0.0,0.0
2013-12-25 00:00:00+09:00,1979.7828470064899,1991.4975384088953,1971.9730527382196,1983.687744140625,215200,0.0,0.0
2013-12-26 00:00:00+09:00,2014.9265461298771,2050.0706137949333,1975.8775820575927,2026.6412353515625,163000,0.0,0.0
2013-12-27 00:00:00+09:00,2003.212228863056,2030.5465087890625,1960.2583604079027,2030.5465087890625,331600,0.0,0.0
2013-12-30 00:00:00+09:00,2030.546131758791,2030.546131758791,1995.402064093735,2026.6412353515625,186600,0.0,0.0
2014-01-06 00:00:00+09:00,2030.5465388981836,2050.0710248491278,2018.8318473276172,2042.26123046875,192400,0.0,0.0
2014-01-07 00:00:00+09:00,2026.6407115847564,2042.2602931769318,2011.021129992581,2014.926025390625,128400,0.0,0.0
2014-01-08 00:00:00+09:00,2034.4511242490826,2061.785400390625,2034.4511242490826,2061.785400390625,141800,0.0,0.0
2014-01-09 00:00:00+09:00,2050.0707106156783,2061.785400390625,2038.3560208407314,2061.785400390625,138600,0.0,0.0
2014-01-10 00:00:00+09:00,2050.0706137949333,2053.975510202162,2011.0216497226488,2026.6412353515625,183400,0.0,0.0
2014-01-14 00:00:00+09:00,2011.0217178285352,2038.3559936048455,1991.4972351311708,2007.1168212890625,219200,0.0,0.0
2014-01-15 00:00:00+09:00,1975.8783623046877,1987.593056152344,1925.114688964844,1952.448974609375,390600,0.0,0.0
2014-01-16 00:00:00+09:00,1960.2581965748857,1964.1630933808117,1905.5896412919205,1921.209228515625,437600,0.0,0.0
2014-01-17 00:00:00+09:00,1909.4944483901513,1936.8287247474746,1905.5895517676765,1932.923828125,179000,0.0,0.0
2014-01-20 00:00:00+09:00,1940.7336844864958,1964.1630649833148,1929.0189942380864,1956.353271484375,188800,0.0,0.0
2014-01-21 00:00:00+09:00,1960.2585546292557,1975.8781447059828,1952.448759590892,1964.1634521484375,150400,0.0,0.0
2014-01-22 00:00:00+09:00,1975.877869129181,1999.3072509765625,1964.16317820549,1999.3072509765625,188000,0.0,0.0
2014-01-23 00:00:00+09:00,2011.022157800221,2014.9270551940078,1983.6878760437132,1987.5927734375,185400,0.0,0.0
2014-01-24 00:00:00+09:00,1975.87755259901,1991.4971379950496,1956.3530708539604,1971.97265625,204400,0.0,0.0
2014-01-27 00:00:00+09:00,1921.209228515625,1952.4484029630335,1917.3043317096988,1921.209228515625,181000,0.0,0.0
2014-01-28 00:00:00+09:00,1921.209228515625,1940.7337125452552,1913.3994349037728,1921.209228515625,181000,0.0,0.0
2014-01-29 00:00:00+09:00,1968.068286468566,1995.4025682250738,1956.3535942872054,1987.5927734375,143400,0.0,0.0
2014-01-30 00:00:00+09:00,1940.7333650782043,1952.4480533985957,1917.3039884374211,1929.0186767578125,136400,0.0,0.0
2014-01-31 00:00:00+09:00,1944.638671875,1971.9729503953313,1921.2092902861446,1944.638671875,179000,0.0,0.0
2014-02-03 00:00:00+09:00,1913.399263269761,1929.0188490923713,1858.730712890625,1858.730712890625,158200,0.0,0.0
2014-02-04 00:00:00+09:00,1815.7767695268708,1823.5865620839757,1741.583740234375,1741.583740234375,227000,0.0,0.0
2014-02-05 00:00:00+09:00,1761.1083192930118,1788.442594758757,1749.3936298076924,1776.7279052734375,182000,0.0,0.0
2014-02-06 00:00:00+09:00,1768.918435148235,1823.5869960578934,1761.1086407325695,1807.9674072265625,114600,0.0,0.0
2014-02-07 00:00:00+09:00,1850.9210455222208,1909.4944963298858,1847.0161488017097,1905.589599609375,195600,0.0,0.0
2014-02-10 00:00:00+09:00,1925.114125321551,1929.019022127477,1901.6847444859945,1921.209228515625,150400,0.0,0.0
2014-02-12 00:00:00+09:00,1944.638671875,1948.5435688064758,1913.3994964231927,1944.638671875,226400,0.0,0.0
2014-02-13 00:00:00+09:00,1854.8259015197093,1858.7307981544877,1792.3475553632559,1800.1573486328125,415000,0.0,0.0
2014-02-14 00:00:00+09:00,1804.0623779296875,1811.872171773539,1776.7280994762075,1804.0623779296875,209400,0.0,0.0
2014-02-17 00:00:00+09:00,1800.1577633051402,1827.4920460451315,1780.6332756337179,1819.6822509765625,94800,0.0,0.0
2014-02-18 00:00:00+09:00,1831.396578609195,1874.3504429262553,1815.7769915848096,1866.5406494140625,186400,0.0,0.0
2014-02-19 00:00:00+09:00,1858.730712890625,1866.54050580193,1843.1111270680146,1858.730712890625,87200,0.0,0.0
2014-02-20 00:00:00+09:00,1843.1111954286093,1878.2552648329684,1831.3965056271563,1839.206298828125,155000,0.0,0.0
2014-02-21 00:00:00+09:00,1835.3013098018687,1901.6845486670427,1835.3013098018687,1893.874755859375,119800,0.0,0.0
2014-02-24 00:00:00+09:00,1886.065195887542,1921.2092678606016,1866.5407114580642,1889.9700927734375,69400,0.0,0.0
2014-02-25 00:00:00+09:00,1913.3991589380432,1925.1138476662354,1893.8746777243898,1909.4942626953125,119400,0.0,0.0
2014-02-26 00:00:00+09:00,1878.2553396823514,1889.9700299506405,1862.6357526579661,1866.5406494140625,111400,0.0,0.0
2014-02-27 00:00:00+09:00,1839.206512451172,1854.8261006673179,1827.4918212890627,1827.4918212890625,116600,0.0,0.0
2014-02-28 00:00:00+09:00,1811.872080813172,1827.491667716734,1788.4427004578295,1815.7769775390625,197000,0.0,0.0
2014-03-03 00:00:00+09:00,1796.2524307683143,1800.157327356941,1765.0132580593001,1792.3475341796875,102000,0.0,0.0
2014-03-04 00:00:00+09:00,1843.1111270680146,1901.6845739028033,1835.3013341567096,1858.730712890625,272400,0.0,0.0
2014-03-05 00:00:00+09:00,1874.3505031779662,1874.3505031779662,1823.5868437168963,1843.111328125,220600,0.0,0.0
2014-03-06 00:00:00+09:00,1835.3014753652915,1870.4455461701589,1827.4916818530987,1866.5406494140625,87600,0.0,0.0
2014-03-07 00:00:00+09:00,1870.445556640625,1878.2553501965356,1847.0161759728926,1870.445556640625,121600,0.0,0.0
2014-03-10 00:00:00+09:00,1854.8256277530752,1858.7305238115027,1827.4913553440824,1835.3011474609375,245600,0.0,0.0
2014-03-11 00:00:00+09:00,1835.3014022276407,1850.920988629578,1815.7769192252188,1839.206298828125,133200,0.0,0.0
2014-03-12 00:00:00+09:00,1815.7770686954648,1819.6819656173905,1796.2525840858361,1804.0623779296875,152400,0.0,0.0
2014-03-13 00:00:00+09:00,1804.0622769059805,1823.586760422279,1804.0622769059805,1811.8720703125,108000,0.0,0.0
2014-03-14 00:00:00+09:00,1753.2984290700324,1772.8229104627944,1737.6788439558227,1741.583740234375,328800,0.0,0.0
2014-03-17 00:00:00+09:00,1741.584096295646,1757.2036846032302,1725.9645079880618,1737.67919921875,180000,0.0,0.0
2014-03-18 00:00:00+09:00,1765.0131179056896,1765.0131179056896,1737.6788439558227,1741.583740234375,200200,0.0,0.0
2014-03-19 00:00:00+09:00,1749.3934548611112,1776.727727593316,1733.7738704427084,1757.2032470703125,164000,0.0,0.0
2014-03-20 00:00:00+09:00,1753.2984532546125,1757.203349587028,1706.439697265625,1706.439697265625,160600,0.0,0.0
2014-03-24 00:00:00+09:00,1722.059621503276,1761.1085925124207,1690.8204446959605,1694.725341796875,271200,0.0,0.0
2014-03-25 00:00:00+09:00,1686.915415704388,1710.3447964780598,1655.6762413394918,1690.8203125,327000,0.0,0.0
2014-03-26 00:00:00+09:00,1667.3910014785338,1686.9154862733644,1659.5812075606016,1671.2958984375,302400,0.0,0.0
2014-03-27 00:00:00+09:00,1645.4388427734375,1653.2742658342634,1606.261727469308,1645.4388427734375,351800,7.0,0.0
2014-03-28 00:00:00+09:00,1629.768226059069,1645.4390743865602,1606.2619535678325,1641.5213623046875,301800,0.0,0.0
2014-03-31 00:00:00+09:00,1653.2744731948817,1657.1921852166704,1610.1796409552046,1633.6859130859375,353800,0.0,0.0
2014-04-01 00:00:00+09:00,1633.685752094656,1637.6034637303744,1606.2617706446256,1621.9326171875,386400,0.0,0.0
2014-04-02 00:00:00+09:00,1625.85032361619,1668.9451514710772,1618.014900369847,1657.1920166015625,497800,0.0,0.0
2014-04-03 00:00:00+09:00,1676.7807238051469,1688.533859719669,1653.274451976103,1665.027587890625,437200,0.0,0.0
2014-04-04 00:00:00+09:00,1665.0274601949523,1712.0400002475158,1657.1920368528586,1700.286865234375,433000,0.0,0.0
2014-04-07 00:00:00+09:00,1696.3693004923127,1723.7932845649368,1680.6984524508134,1708.1224365234375,346600,0.0,0.0
2014-04-08 00:00:00+09:00,1712.0400002475158,1712.0400002475158,1680.69830687914,1700.286865234375,291000,0.0,0.0
2014-04-09 00:00:00+09:00,1688.533774973076,1696.3691985228352,1672.862927873558,1676.7806396484375,294600,0.0,0.0
2014-04-10 00:00:00+09:00,1692.4514344413326,1708.1222810565303,1657.1920295571383,1661.1097412109375,162000,0.0,0.0
2014-04-11 00:00:00+09:00,1633.685938140942,1657.1922106321786,1621.9328018953236,1641.5213623046875,144800,0.0,0.0
2014-04-14 00:00:00+09:00,1637.6035665358413,1668.945261589159,1633.6858546541766,1653.2744140625,114000,0.0,0.0
2014-04-15 00:00:00+09:00,1668.9451251902092,1672.8628367516887,1645.4388558213332,1649.3565673828125,118600,0.0,0.0
2014-04-16 00:00:00+09:00,1653.2743125721709,1704.2045639073324,1653.2743125721709,1696.369140625,147000,0.0,0.0
2014-04-17 00:00:00+09:00,1696.369127626772,1708.122262460214,1688.5337044044777,1692.451416015625,86400,0.0,0.0
2014-04-18 00:00:00+09:00,1700.2870125026877,1708.1224365234375,1688.5338764715632,1708.1224365234375,69400,0.0,0.0
2014-04-21 00:00:00+09:00,1704.2045769054218,1723.7931352606565,1696.369153563328,1700.286865234375,75800,0.0,0.0
2014-04-22 00:00:00+09:00,1704.2044145269904,1715.9575484202799,1688.5335693359375,1688.5335693359375,104600,0.0,0.0
2014-04-23 00:00:00+09:00,1688.5337430405891,1708.1223015445403,1688.5337430405891,1704.20458984375,81600,0.0,0.0
2014-04-24 00:00:00+09:00,1696.3693092935819,1700.287021324283,1665.0276130479729,1672.863037109375,120200,0.0,0.0
2014-04-25 00:00:00+09:00,1680.6984357766544,1692.4515716911765,1661.1098759191175,1665.027587890625,93600,0.0,0.0
2014-04-28 00:00:00+09:00,1645.4390617991178,1653.274485902923,1637.6036376953125,1637.6036376953125,79200,0.0,0.0
2014-04-30 00:00:00+09:00,1657.1921852166704,1657.1921852166704,1633.6859130859375,1633.6859130859375,81600,0.0,0.0
2014-05-01 00:00:00+09:00,1633.6857468625333,1661.109728224734,1625.85032361619,1657.1920166015625,107200,0.0,0.0
2014-05-02 00:00:00+09:00,1657.1920295571383,1668.9451645185363,1653.274317903339,1661.1097412109375,56000,0.0,0.0
2014-05-07 00:00:00+09:00,1661.109970868644,1665.027683064089,1614.097424523305,1618.01513671875,143600,0.0,0.0
2014-05-08 00:00:00+09:00,1625.8503865750038,1684.6160631981966,1625.8503865750038,1676.7806396484375,130400,0.0,0.0
2014-05-09 00:00:00+09:00,1661.1099010172718,1700.287021324283,1661.1099010172718,1672.863037109375,127000,0.0,0.0
2014-05-12 00:00:00+09:00,1672.8630118336396,1692.4515716911765,1665.027587890625,1665.027587890625,81400,0.0,0.0
2014-05-13 00:00:00+09:00,1688.5338764715632,1712.0401485338123,1676.7807404404384,1708.1224365234375,103400,0.0,0.0
2014-05-14 00:00:00+09:00,1715.9577119185626,1715.9577119185626,1688.533730221234,1700.286865234375,107600,0.0,0.0
2014-05-15 00:00:00+09:00,1680.6983770326126,1696.369224370912,1665.0275296943132,1684.6160888671875,83000,0.0,0.0
2014-05-16 00:00:00+09:00,1657.1920166015625,1665.0274398479055,1645.4388817320478,1657.1920166015625,113400,0.0,0.0
2014-05-19 00:00:00+09:00,1661.1099100067286,1680.6984702662419,1637.6036376953125,1637.6036376953125,98200,0.0,0.0
2014-05-20 00:00:00+09:00,1657.1919905057712,1657.1919905057712,1641.5211442598538,1649.3565673828125,51200,0.0,0.0
2014-05-21 00:00:00+09:00,1633.685752094656,1637.6034637303744,1606.2617706446256,1621.9326171875,93600,0.0,0.0
2014-05-22 00:00:00+09:00,1637.6034712881412,1661.1097412109375,1629.7680479805426,1661.1097412109375,78000,0.0,0.0
2014-05-23 00:00:00+09:00,1680.6981467404112,1696.3689919314638,1676.780435442648,1688.5335693359375,85800,0.0,0.0
2014-05-26 00:00:00+09:00,1708.1224031814334,1735.54638671875,1704.2046912475312,1735.54638671875,99000,0.0,0.0
2014-05-27 00:00:00+09:00,1743.3818359375,1751.2172599192415,1731.6286999648876,1743.3818359375,88600,0.0,0.0
2014-05-28 00:00:00+09:00,1747.299595026872,1755.1350192198177,1715.9578982550897,1719.8756103515625,82000,0.0,0.0
2014-05-29 00:00:00+09:00,1719.8757201591038,1719.8757201591038,1700.2871584260843,1715.9580078125,69800,0.0,0.0
2014-05-30 00:00:00+09:00,1723.7930475756727,1747.29931640625,1712.039913160384,1747.29931640625,172200,0.0,0.0
2014-06-02 00:00:00+09:00,1770.805823961195,1782.5589599609375,1766.888111961281,1782.5589599609375,116600,0.0,0.0
2014-06-03 00:00:00+09:00,1782.5587289375171,1798.2295749061984,1782.5587289375171,1786.4764404296875,133800,0.0,0.0
2014-06-04 00:00:00+09:00,1786.476331714989,1790.39404296875,1778.6409092074673,1790.39404296875,84800,0.0,0.0
2014-06-05 00:00:00+09:00,1782.5589599609375,1794.31209596068,1774.7235359611093,1782.5589599609375,106200,0.0,0.0
2014-06-06 00:00:00+09:00,1778.6414551861517,1794.3123050115805,1751.2174679916516,1770.8060302734375,129800,0.0,0.0
2014-06-09 00:00:00+09:00,1782.5588762708105,1802.1474353507097,1782.5588762708105,1794.31201171875,91200,0.0,0.0
2014-06-10 00:00:00+09:00,1782.5587463378904,1798.2295924595423,1755.134765625,1755.134765625,93400,0.0,0.0
2014-06-11 00:00:00+09:00,1845.2422642737815,1872.666246969995,1837.406840646292,1868.74853515625,348600,0.0,0.0
2014-06-12 00:00:00+09:00,1868.7484000069753,1880.5015345982142,1860.9129769461495,1864.8306884765625,202400,0.0,0.0
2014-06-13 00:00:00+09:00,1868.7484261101758,1892.2546956209956,1864.8307145250392,1872.6661376953125,205800,0.0,0.0
2014-06-16 00:00:00+09:00,1868.7486946105955,1888.3372553507486,1868.7486946105955,1880.5018310546875,122600,0.0,0.0
2014-06-17 00:00:00+09:00,1888.3372553507486,1900.0903917948403,1872.6664067586262,1880.5018310546875,124600,0.0,0.0
2014-06-18 00:00:00+09:00,1880.5014911825726,1896.1723369424274,1864.830645422718,1888.3369140625,129600,0.0,0.0
2014-06-19 00:00:00+09:00,1892.254932944045,1923.596629555955,1888.3372208675564,1907.92578125,216800,0.0,0.0
2014-06-20 00:00:00+09:00,1911.8432695626257,1951.0203857421875,1900.090134708757,1951.0203857421875,281400,0.0,0.0
2014-06-23 00:00:00+09:00,1951.0206900513438,1954.9384022803627,1923.5967044482124,1931.43212890625,167200,0.0,0.0
2014-06-24 00:00:00+09:00,1931.4319941823076,1931.4319941823076,1900.090298536347,1927.5142822265625,134600,0.0,0.0
2014-06-25 00:00:00+09:00,1943.1850525655864,1943.1850525655864,1904.0079345703125,1904.0079345703125,134200,0.0,0.0
2014-06-26 00:00:00+09:00,1900.090018742411,1923.596287015513,1900.090018742411,1915.7608642578125,101600,0.0,0.0
2014-06-27 00:00:00+09:00,1927.5143416324436,1927.5143416324436,1888.3372208675564,1907.92578125,77200,0.0,0.0
2014-06-30 00:00:00+09:00,1919.6791967773436,1958.8563232421875,1904.0083461914062,1958.8563232421875,141600,0.0,0.0
2014-07-01 00:00:00+09:00,1962.7734506310694,1978.4442965442915,1947.1026047178473,1966.691162109375,116000,0.0,0.0
2014-07-02 00:00:00+09:00,1978.444091796875,1982.36180286974,1966.6909585782796,1978.444091796875,107800,0.0,0.0
2014-07-03 00:00:00+09:00,1982.362118049058,1986.279829744807,1951.020424483065,1962.7735595703125,100200,0.0,0.0
2014-07-04 00:00:00+09:00,1974.526585065986,1978.4442965442915,1954.9380276744585,1966.691162109375,73800,0.0,0.0
2014-07-07 00:00:00+09:00,1966.6909585782796,1978.444091796875,1958.8555364325493,1978.444091796875,65800,0.0,0.0
2014-07-08 00:00:00+09:00,1974.5270011655746,1974.5270011655746,1939.267590430475,1943.185302734375,107800,0.0,0.0
2014-07-09 00:00:00+09:00,1923.596365757181,1939.2672119140625,1923.596365757181,1939.2672119140625,44800,0.0,0.0
2014-07-10 00:00:00+09:00,1939.267490574571,1947.1029147789127,1907.9257937572042,1911.843505859375,111800,0.0,0.0
2014-07-11 00:00:00+09:00,1884.4193501117802,1900.0901970981568,1880.501638365186,1896.1724853515625,66200,0.0,0.0
2014-07-14 00:00:00+09:00,1907.9255759725766,1923.5964225924747,1900.0901526626276,1919.6787109375,40800,0.0,0.0
2014-07-15 00:00:00+09:00,1915.7608642578123,1931.4317097732137,1904.0077301212614,1915.7608642578125,74400,0.0,0.0
2014-07-16 00:00:00+09:00,1900.090158188913,1923.5964281871263,1884.4193115234373,1884.4193115234375,106600,0.0,0.0
2014-07-17 00:00:00+09:00,1892.2547736049685,1900.0901970981568,1884.4193501117802,1896.1724853515625,99800,0.0,0.0
2014-07-18 00:00:00+09:00,1884.4194801089639,1884.4194801089639,1856.995495990954,1860.9132080078125,112600,0.0,0.0
2014-07-22 00:00:00+09:00,1864.8308165750386,1911.8433581693673,1864.8308165750386,1904.0079345703125,80600,0.0,0.0
2014-07-23 00:00:00+09:00,1904.0077598223547,1923.5963170221733,1884.4192026225364,1888.3369140625,103800,0.0,0.0
2014-07-24 00:00:00+09:00,1888.3369140625,1900.0900483823912,1872.6660683026453,1888.3369140625,96400,0.0,0.0
2014-07-25 00:00:00+09:00,1896.1726450205338,1915.7612054029773,1884.4195087910678,1907.92578125,130400,0.0,0.0
2014-07-28 00:00:00+09:00,1919.678692798538,1954.9380973601437,1915.7609811805817,1951.0203857421875,98800,0.0,0.0
2014-07-29 00:00:00+09:00,1947.1030518067384,1954.9384765625,1939.267627050977,1954.9384765625,71200,0.0,0.0
2014-07-30 00:00:00+09:00,1954.9384022803627,1958.8561145093813,1923.5967044482124,1931.43212890625,88400,0.0,0.0
2014-07-31 00:00:00+09:00,1943.1851300495427,1947.1028420052878,1919.6788583150724,1927.5142822265625,91000,0.0,0.0
2014-08-01 00:00:00+09:00,1896.1725437108562,1907.9256793123695,1876.5839843750002,1876.583984375,112000,0.0,0.0
2014-08-04 00:00:00+09:00,1880.5018310546875,1907.9258160909017,1876.5841189066568,1880.5018310546875,94000,0.0,0.0
2014-08-05 00:00:00+09:00,1872.6661159997325,1876.5838275394808,1825.6535775227517,1829.5712890625,204400,0.0,0.0
2014-08-06 00:00:00+09:00,1821.7361812715137,1825.653893489302,1794.3121957469964,1813.9007568359375,174400,0.0,0.0
2014-08-07 00:00:00+09:00,1798.229596744513,1833.4890006022486,1798.229596744513,1829.5712890625,106000,0.0,0.0
2014-08-08 00:00:00+09:00,1853.0775317120297,1860.9129546790996,1813.90041687668,1821.73583984375,206800,0.0,0.0
2014-08-11 00:00:00+09:00,1821.7360878392271,1860.9132080078125,1786.4766796875,1860.9132080078125,168000,0.0,0.0
2014-08-12 00:00:00+09:00,1868.7483277116085,1927.5139983943634,1856.9951935750573,1915.7608642578125,228000,0.0,0.0
2014-08-13 00:00:00+09:00,1888.3370873722029,1907.9256463698398,1884.4193755726756,1904.0079345703125,101200,0.0,0.0
2014-08-14 00:00:00+09:00,1896.1725109712577,1915.7610699688946,1892.2547991717304,1904.0079345703125,136200,0.0,0.0
2014-08-15 00:00:00+09:00,1896.172376369201,1907.9255109334729,1888.336953326353,1900.090087890625,67600,0.0,0.0
2014-08-18 00:00:00+09:00,1919.6789300637167,1923.5966421658877,1907.9257937572042,1911.843505859375,86600,0.0,0.0
2014-08-19 00:00:00+09:00,1915.7613166070753,1947.1030150382749,1915.7613166070753,1943.185302734375,93400,0.0,0.0
2014-08-20 00:00:00+09:00,1947.102977822325,1954.9384022803627,1923.5967044482124,1931.43212890625,95200,0.0,0.0
2014-08-21 00:00:00+09:00,1931.4319941823076,1943.1851300495427,1919.6788583150724,1927.5142822265625,140400,0.0,0.0
2014-08-22 00:00:00+09:00,1939.267036142757,1939.267036142757,1911.8430578538696,1923.59619140625,67800,0.0,0.0
2014-08-25 00:00:00+09:00,1927.5142822265625,1935.3497061380526,1911.8434344035823,1927.5142822265625,92600,0.0,0.0
2014-08-26 00:00:00+09:00,1927.5143542680585,1931.4320663702292,1907.9257937572042,1911.843505859375,59200,0.0,0.0
2014-08-27 00:00:00+09:00,1911.8433581693673,1923.5964935679494,1900.090222770785,1904.0079345703125,112400,0.0,0.0
2014-08-28 00:00:00+09:00,1892.2549453485208,1919.6789300637167,1892.2549453485208,1911.843505859375,132200,0.0,0.0
2014-08-29 00:00:00+09:00,1888.3372208675564,1915.7612054029773,1888.3372208675564,1907.92578125,93200,0.0,0.0
2014-09-01 00:00:00+09:00,1919.678654217961,1947.1026349925032,1915.7609426787405,1939.2672119140625,81000,0.0,0.0
2014-09-02 00:00:00+09:00,1947.1030150382749,1962.7738642538748,1935.349878126575,1943.185302734375,125000,0.0,0.0
2014-09-03 00:00:00+09:00,1951.020727342175,1954.9384396460748,1935.349878126575,1943.185302734375,61400,0.0,0.0
2014-09-04 00:00:00+09:00,1931.43212890625,1943.1852655933062,1923.5967044482124,1931.43212890625,48800,0.0,0.0
2014-09-05 00:00:00+09:00,1931.4316539687181,1939.2670765000314,1923.596231437405,1935.349365234375,48000,0.0,0.0
2014-09-08 00:00:00+09:00,1935.3495003748421,1939.2672119140625,1915.7609426787405,1939.2672119140625,81200,0.0,0.0
2014-09-09 00:00:00+09:00,1931.4316137745036,1935.3493249586304,1911.8430578538696,1923.59619140625,101000,0.0,0.0
2014-09-10 00:00:00+09:00,1904.007864317602,1927.5141342474492,1896.172441007653,1919.6787109375,117400,0.0,0.0
2014-09-11 00:00:00+09:00,1919.6790289109751,1951.020727342175,1919.6790289109751,1943.185302734375,78800,0.0,0.0
2014-09-12 00:00:00+09:00,1958.8555364325493,1990.1972250154702,1951.0201142868193,1978.444091796875,214200,0.0,0.0
2014-09-16 00:00:00+09:00,1986.2796861803208,2033.2922231313344,1982.3619747677365,2029.37451171875,217400,0.0,0.0
2014-09-17 00:00:00+09:00,2029.374887762463,2029.374887762463,1994.115478515625,1994.115478515625,138400,0.0,0.0
2014-09-18 00:00:00+09:00,1998.0332647527307,2021.539538455704,1998.0332647527307,2017.621826171875,107400,0.0,0.0
2014-09-19 00:00:00+09:00,2021.539166865458,2052.880859375,2013.7037437380725,2052.880859375,213800,0.0,0.0
2014-09-22 00:00:00+09:00,2060.7163473608816,2084.222617482869,2056.7986356738834,2072.469482421875,206400,0.0,0.0
2014-09-24 00:00:00+09:00,2045.0455260195977,2084.222643376295,2045.0455260195977,2080.304931640625,131000,0.0,0.0
2014-09-25 00:00:00+09:00,2092.05844690527,2139.0709962739274,2092.05844690527,2123.400146484375,203800,0.0,0.0
2014-09-26 00:00:00+09:00,2069.9809616993307,2073.9088193116636,2030.7023855760037,2054.26953125,155600,7.0,0.0
2014-09-29 00:00:00+09:00,2034.6301232115063,2066.052982257244,2026.7744084500719,2050.341552734375,165600,0.0,0.0
2014-09-30 00:00:00+09:00,2046.4137048721313,2046.4137048721313,2003.2072734832764,2011.06298828125,126800,0.0,0.0
2014-10-01 00:00:00+09:00,2014.9913406821738,2030.7027741377854,1995.3520488626596,1999.2799072265625,212200,0.0,0.0
2014-10-02 00:00:00+09:00,1971.78479517629,1995.3519441226201,1952.1455043876815,1960.001220703125,200200,0.0,0.0
2014-10-03 00:00:00+09:00,1963.928953616205,1983.568243152367,1963.928953616205,1967.8568115234375,174000,0.0,0.0
2014-10-06 00:00:00+09:00,1999.2796602193155,2018.9189496124327,1995.351802340692,2007.1353759765625,135800,0.0,0.0
2014-10-07 00:00:00+09:00,1987.4959765430465,1999.2795495265034,1971.7845458984375,1971.7845458984375,101200,0.0,0.0
2014-10-08 00:00:00+09:00,1960.0009705074249,1991.4238317580448,1952.1452551947698,1979.6402587890625,130000,0.0,0.0
2014-10-09 00:00:00+09:00,1979.639771978539,1987.4954853594063,1956.0726318359375,1956.0726318359375,84600,0.0,0.0
2014-10-10 00:00:00+09:00,1908.9383555052193,1916.79406890236,1889.299072012367,1893.2269287109375,100600,0.0,0.0
2014-10-14 00:00:00+09:00,1830.3815855899102,1873.5880178677835,1830.3815855899102,1853.94873046875,100000,0.0,0.0
2014-10-15 00:00:00+09:00,1838.2372914907094,1893.2272959370125,1838.2372914907094,1889.2994384765625,103000,0.0,0.0
2014-10-16 00:00:00+09:00,1846.0931344977914,1877.5159963615836,1842.1652767648175,1861.8045654296875,137600,0.0,0.0
2014-10-17 00:00:00+09:00,1873.5881491730654,1881.443864683225,1830.3817138671875,1830.3817138671875,148200,0.0,0.0
2014-10-20 00:00:00+09:00,1865.7321716687693,1905.0107437039014,1865.7321716687693,1897.155029296875,101200,0.0,0.0
2014-10-21 00:00:00+09:00,1873.5881545822342,1885.3717278814936,1810.7424303195178,1814.6702880859375,221600,0.0,0.0
2014-10-22 00:00:00+09:00,1830.381465838973,1853.9486091759554,1826.4536086161427,1850.020751953125,141200,0.0,0.0
2014-10-23 00:00:00+09:00,1830.3817164980132,1842.1652897801891,1814.6702854551118,1822.5260009765625,120800,0.0,0.0
2014-10-24 00:00:00+09:00,1861.8043236216163,1861.8043236216163,1822.5257513933122,1850.020751953125,113000,0.0,0.0
2014-10-27 00:00:00+09:00,1865.7322967401608,1885.3715840742677,1861.8044392733393,1877.515869140625,60800,0.0,0.0
2014-10-28 00:00:00+09:00,1877.51599377544,1877.51599377544,1850.020989682494,1869.6602783203125,92200,0.0,0.0
2014-10-29 00:00:00+09:00,1885.3715810161123,1905.0108683183632,1877.5158660952118,1889.2994384765625,96600,0.0,0.0
2014-10-30 00:00:00+09:00,1901.0832385823403,1952.1453916847586,1889.2996647894745,1936.4339599609375,269000,0.0,0.0
2014-10-31 00:00:00+09:00,1963.9283423330269,2007.1347658643535,1948.2169155943627,2003.2069091796875,189800,0.0,0.0
2014-11-04 00:00:00+09:00,2058.19726938101,2058.19726938101,2014.9908381535456,2042.48583984375,243200,0.0,0.0
2014-11-05 00:00:00+09:00,2042.485830630896,2085.692261663473,2034.6301158977003,2081.764404296875,211400,0.0,0.0
2014-11-06 00:00:00+09:00,2018.9192048928483,2034.63063839396,1983.568479515347,1987.496337890625,287200,0.0,0.0
2014-11-07 00:00:00+09:00,2007.135367476502,2050.3418039583835,2003.2075096145127,2030.7025146484375,179000,0.0,0.0
2014-11-10 00:00:00+09:00,1991.4236866344104,2077.8365487763376,1991.4236866344104,2073.90869140625,254000,0.0,0.0
2014-11-11 00:00:00+09:00,2081.7645252177495,2097.475955596751,2069.9809524334983,2085.6923828125,167600,0.0,0.0
2014-11-12 00:00:00+09:00,2109.2594003250347,2148.5379738878846,2097.4758282561797,2105.33154296875,240800,0.0,0.0
2014-11-13 00:00:00+09:00,2113.187608011026,2152.4661880855806,2093.548317973749,2148.538330078125,155000,0.0,0.0
2014-11-14 00:00:00+09:00,2168.1773670603525,2179.9609397074196,2140.6823642171958,2172.105224609375,191600,0.0,0.0
2014-11-17 00:00:00+09:00,2152.466323061343,2160.322039568866,2105.332024016204,2121.04345703125,161200,0.0,0.0
2014-11-18 00:00:00+09:00,2128.8985535886454,2168.177124688067,2128.8985535886454,2164.249267578125,71400,0.0,0.0
2014-11-19 00:00:00+09:00,2160.321527933903,2199.600101169065,2160.321527933903,2183.888671875,136800,0.0,0.0
2014-11-20 00:00:00+09:00,2195.6725983476217,2234.951177924502,2187.8168824322456,2219.23974609375,164000,0.0,0.0
2014-11-21 00:00:00+09:00,2211.383909834192,2219.2396253220577,2179.9610478827294,2215.311767578125,117400,0.0,0.0
2014-11-25 00:00:00+09:00,2234.9511688820326,2246.734742707421,2211.3840212312552,2242.806884765625,147600,0.0,0.0
2014-11-26 00:00:00+09:00,2227.095462009126,2246.7347517975663,2215.311888136062,2219.23974609375,108600,0.0,0.0
2014-11-27 00:00:00+09:00,2203.5283233697173,2215.3118972914804,2191.744749447954,2195.672607421875,69000,0.0,0.0
2014-11-28 00:00:00+09:00,2199.600089089912,2242.8065194113215,2199.600089089912,2238.878662109375,73000,0.0,0.0
2014-12-01 00:00:00+09:00,2234.9511571169314,2274.229736328125,2231.023299195812,2274.229736328125,128600,0.0,0.0
2014-12-02 00:00:00+09:00,2262.446027542373,2329.219608216367,2258.5181698556676,2317.43603515625,125200,0.0,0.0
2014-12-03 00:00:00+09:00,2337.0754281165787,2376.3540067403865,2329.2197123918168,2368.498291015625,180800,0.0,0.0
2014-12-04 00:00:00+09:00,2376.353873458563,2407.776734595205,2376.353873458563,2403.848876953125,172600,0.0,0.0
2014-12-05 00:00:00+09:00,2407.776737000512,2407.776737000512,2360.642445248463,2395.9931640625,210200,0.0,0.0
2014-12-08 00:00:00+09:00,2395.9931616689646,2427.4160228056066,2380.2817311006434,2403.848876953125,154200,0.0,0.0
2014-12-09 00:00:00+09:00,2364.5704331532443,2399.9211539146713,2364.5704331532443,2368.498291015625,88200,0.0,0.0
2014-12-10 00:00:00+09:00,2329.2196234996754,2341.0031966371107,2270.3017578125,2270.3017578125,150200,0.0,0.0
2014-12-11 00:00:00+09:00,2223.1675833535733,2282.085452170364,2219.2397254324537,2274.229736328125,157600,0.0,0.0
2014-12-12 00:00:00+09:00,2250.662111949418,2266.3735403050855,2234.95068359375,2234.95068359375,229800,0.0,0.0
2014-12-15 00:00:00+09:00,2223.1671201750446,2238.878548586176,2187.81640625,2187.81640625,119800,0.0,0.0
2014-12-16 00:00:00+09:00,2160.321651962308,2179.9609397074196,2156.3937944132854,2172.105224609375,120600,0.0,0.0
2014-12-17 00:00:00+09:00,2156.3939014191324,2250.6624872735206,2156.3939014191324,2215.311767578125,154600,0.0,0.0
2014-12-18 00:00:00+09:00,2282.0849584334937,2309.579957932692,2278.1571013621797,2297.79638671875,228200,0.0,0.0
2014-12-19 00:00:00+09:00,2337.0754365905045,2344.93115234375,2305.652573577523,2344.93115234375,183600,0.0,0.0
2014-12-22 00:00:00+09:00,2325.291631175469,2325.291631175469,2289.9409138096253,2305.65234375,104000,0.0,0.0
2014-12-24 00:00:00+09:00,2325.292101419032,2352.787109375,2321.364243139608,2352.787109375,97200,0.0,0.0
2014-12-25 00:00:00+09:00,2356.7144847438867,2356.7144847438867,2321.363767472729,2329.219482421875,65400,0.0,0.0
2014-12-26 00:00:00+09:00,2313.507927221598,2352.7864998399614,2305.6522126979253,2348.858642578125,73800,0.0,0.0
2014-12-29 00:00:00+09:00,2348.8587616017576,2372.4259063669924,2333.1473317582677,2360.642333984375,92000,0.0,0.0
2014-12-30 00:00:00+09:00,2368.4983025045954,2368.4983025045954,2337.075439453125,2337.075439453125,42200,0.0,0.0
2015-01-05 00:00:00+09:00,2333.147578713882,2368.498299603486,2321.364005084014,2344.93115234375,79800,0.0,0.0
2015-01-06 00:00:00+09:00,2289.9410593811895,2297.796774850765,2223.1674778897996,2231.023193359375,187600,0.0,0.0
2015-01-07 00:00:00+09:00,2195.6724737462864,2254.590339768101,2195.6724737462864,2231.023193359375,118200,0.0,0.0
2015-01-08 00:00:00+09:00,2231.022826504833,2258.5178261272517,2231.022826504833,2234.95068359375,112000,0.0,0.0
2015-01-09 00:00:00+09:00,2231.022826504833,2246.7342548605006,2203.5278268824145,2234.95068359375,115600,0.0,0.0
2015-01-13 00:00:00+09:00,2195.672358944827,2219.2395041213367,2148.538068591807,2211.3837890625,202400,0.0,0.0
2015-01-14 00:00:00+09:00,2211.3835488666964,2250.662119894524,2183.888549147217,2187.81640625,197400,0.0,0.0
2015-01-15 00:00:00+09:00,2211.3835385307593,2270.3013947971203,2211.3835385307593,2250.662109375,189800,0.0,0.0
2015-01-16 00:00:00+09:00,2195.672494639521,2199.6003524116845,2156.393916917884,2168.177490234375,137200,0.0,0.0
2015-01-19 00:00:00+09:00,2183.8889213230295,2183.8889213230295,2164.249632462211,2168.177490234375,110600,0.0,0.0
2015-01-20 00:00:00+09:00,2183.888786356572,2211.3837890625,2172.1052137683173,2211.3837890625,173800,0.0,0.0
2015-01-21 00:00:00+09:00,2211.3839257281757,2211.3839257281757,2156.393916917884,2168.177490234375,150800,0.0,0.0
2015-01-22 00:00:00+09:00,2156.393805572341,2164.2495207110383,2124.970945017553,2132.82666015625,167600,0.0,0.0
2015-01-23 00:00:00+09:00,2148.538083713997,2168.177371499317,2136.754511042805,2156.393798828125,173200,0.0,0.0
2015-01-26 00:00:00+09:00,2132.82676768389,2187.816776427121,2132.82676768389,2176.033203125,144000,0.0,0.0
2015-01-27 00:00:00+09:00,2223.16724155971,2238.878670828683,2179.9608110700333,2199.60009765625,187400,0.0,0.0
2015-01-28 00:00:00+09:00,2179.96068944268,2219.2392604236297,2179.96068944268,2203.52783203125,207200,0.0,0.0
2015-01-29 00:00:00+09:00,2179.9610608923736,2211.383923031363,2172.1053453576264,2176.033203125,141600,0.0,0.0
2015-01-30 00:00:00+09:00,2168.1773648648646,2203.52808277027,2164.2495073198197,2179.9609375,148000,0.0,0.0
2015-02-02 00:00:00+09:00,2179.960819868608,2187.816534534801,2156.3936758700283,2160.321533203125,111600,0.0,0.0
2015-02-03 00:00:00+09:00,2152.46606983858,2172.1053587969614,2117.1153497134937,2136.754638671875,158600,0.0,0.0
2015-02-04 00:00:00+09:00,2132.826653485741,2179.960944170509,2128.8987959286774,2156.393798828125,191000,0.0,0.0
2015-02-05 00:00:00+09:00,2128.8988025869016,2152.4659480029927,2128.8988025869016,2132.82666015625,92600,0.0,0.0
2015-02-06 00:00:00+09:00,2140.6824911075787,2160.3217800168222,2128.8989177620324,2152.466064453125,131600,0.0,0.0
2015-02-09 00:00:00+09:00,2172.105229056381,2187.816659284637,2144.610226156933,2156.393798828125,89200,0.0,0.0
2015-02-10 00:00:00+09:00,2156.393798828125,2176.033086613445,2148.538083713997,2156.393798828125,123200,0.0,0.0
2015-02-12 00:00:00+09:00,2179.9610608923736,2223.167496333484,2172.1053453576264,2176.033203125,134400,0.0,0.0
2015-02-13 00:00:00+09:00,2227.0954712132434,2250.66261905677,2168.1776016044278,2195.672607421875,237600,0.0,0.0
2015-02-16 00:00:00+09:00,2195.6719975078404,2215.3112819220432,2176.032713093638,2191.744140625,170200,0.0,0.0
2015-02-17 00:00:00+09:00,2199.599977558348,2203.527834661131,2172.1049778388688,2187.81640625,129000,0.0,0.0
2015-02-18 00:00:00+09:00,2195.6725983476217,2270.3018995436946,2195.6725983476217,2219.23974609375,308600,0.0,0.0
2015-02-19 00:00:00+09:00,2203.528305347663,2246.734742707421,2203.528305347663,2242.806884765625,174200,0.0,0.0
2015-02-20 00:00:00+09:00,2234.95116295856,2258.518310546875,2223.167589164402,2258.518310546875,147400,0.0,0.0
2015-02-23 00:00:00+09:00,2270.3017578125,2289.941046374892,2262.4460423875435,2270.3017578125,164200,0.0,0.0
2015-02-24 00:00:00+09:00,2262.445795747423,2289.9407967374086,2246.734366610288,2286.012939453125,159200,0.0,0.0
2015-02-25 00:00:00+09:00,2278.1571013621797,2309.579957932692,2270.301387219551,2297.79638671875,149200,0.0,0.0
2015-02-26 00:00:00+09:00,2293.8684065423045,2317.43554770541,2286.012692821269,2309.579833984375,112000,0.0,0.0
2015-02-27 00:00:00+09:00,2325.2917505296614,2356.714612023305,2297.7967467227227,2317.43603515625,169800,0.0,0.0
2015-03-02 00:00:00+09:00,2317.4359099981552,2341.0030548455943,2305.652337574436,2329.219482421875,83000,0.0,0.0
2015-03-03 00:00:00+09:00,2329.219482421875,2352.7866272693136,2321.363767472729,2329.219482421875,90800,0.0,0.0
2015-03-04 00:00:00+09:00,2309.5804428851866,2325.29187446944,2278.1575797166806,2313.50830078125,129800,0.0,0.0
2015-03-05 00:00:00+09:00,2321.3634012721527,2364.569826676541,2317.4355444172083,2341.002685546875,125600,0.0,0.0
2015-03-06 00:00:00+09:00,2337.0754281165787,2372.4261488780057,2337.0754281165787,2368.498291015625,106600,0.0,0.0
2015-03-09 00:00:00+09:00,2341.0029329866975,2356.714362067145,2321.363646636138,2325.29150390625,97600,0.0,0.0
2015-03-10 00:00:00+09:00,2337.07520363075,2348.858776086031,2301.7244862649063,2305.65234375,97600,0.0,0.0
2015-03-11 00:00:00+09:00,2278.1571013621797,2309.579957932692,2270.301387219551,2297.79638671875,125200,0.0,0.0
2015-03-12 00:00:00+09:00,2305.65221755569,2333.1472184464737,2286.012931205131,2325.29150390625,91400,0.0,0.0
2015-03-13 00:00:00+09:00,2341.002685546875,2356.7141129666525,2321.3634012721527,2341.002685546875,164200,0.0,0.0
2015-03-16 00:00:00+09:00,2321.36328125,2333.146851205584,2305.651854642555,2321.36328125,123800,0.0,0.0
2015-03-17 00:00:00+09:00,2333.1474440725224,2407.7767394216435,2329.2195864225687,2388.137451171875,161600,0.0,0.0
2015-03-18 00:00:00+09:00,2392.065187557918,2392.065187557918,2364.57018540208,2384.20947265625,85800,0.0,0.0
2015-03-19 00:00:00+09:00,2360.642214363634,2372.425786149143,2337.075070792616,2348.858642578125,76400,0.0,0.0
2015-03-20 00:00:00+09:00,2356.7147174284823,2380.281864602767,2337.0754281165787,2368.498291015625,130400,0.0,0.0
2015-03-23 00:00:00+09:00,2368.498299603486,2368.498299603486,2329.219720837259,2344.93115234375,128400,0.0,0.0
2015-03-24 00:00:00+09:00,2341.0030611158436,2341.0030611158436,2282.085198839438,2305.65234375,170600,0.0,0.0
2015-03-25 00:00:00+09:00,2325.291631175469,2344.9309186009373,2282.085198839438,2305.65234375,225000,0.0,0.0
2015-03-26 00:00:00+09:00,2289.9415220709793,2305.6529561846737,2274.2300879572845,2301.72509765625,141400,0.0,0.0
2015-03-27 00:00:00+09:00,2268.252138157895,2303.6935778166117,2224.934823019463,2244.62451171875,138600,7.5,0.0
2015-03-30 00:00:00+09:00,2244.62451171875,2252.500387198465,2220.996885279605,2244.62451171875,116600,0.0,0.0
2015-03-31 00:00:00+09:00,2256.4384618186614,2268.2522757548845,2217.05908203125,2217.05908203125,135400,0.0,0.0
2015-04-01 00:00:00+09:00,2217.0588700607796,2232.810620469737,2177.6794940383857,2181.617431640625,184800,0.0,0.0
2015-04-02 00:00:00+09:00,2173.7416733381183,2256.438367432503,2173.7416733381183,2228.872802734375,193800,0.0,0.0
2015-04-03 00:00:00+09:00,2228.872895967473,2244.624647882438,2205.2452680950264,2217.05908203125,85400,0.0,0.0
2015-04-06 00:00:00+09:00,2189.493255891162,2193.4311934017574,2161.9276933169926,2177.679443359375,157800,0.0,0.0
2015-04-07 00:00:00+09:00,2173.7414146807555,2193.4311014079362,2173.7414146807555,2189.4931640625,153400,0.0,0.0
2015-04-08 00:00:00+09:00,2213.1205931959717,2224.9344041916797,2193.430908203125,2193.430908203125,89600,0.0,0.0
2015-04-09 00:00:00+09:00,2193.4311934017574,2193.4311934017574,2157.989755806397,2177.679443359375,213800,0.0,0.0
2015-04-10 00:00:00+09:00,2185.5553183805664,2189.493255891162,2165.865630827588,2177.679443359375,95600,0.0,0.0
2015-04-13 00:00:00+09:00,2173.7417419879107,2177.6796799262943,2138.3003005424553,2157.989990234375,157200,0.0,0.0
2015-04-14 00:00:00+09:00,2157.9900051103273,2201.3073227311547,2154.0520671447975,2197.369384765625,93600,0.0,0.0
2015-04-15 00:00:00+09:00,2197.368998500279,2224.934559413365,2185.5551866803853,2205.244873046875,146800,0.0,0.0
2015-04-16 00:00:00+09:00,2232.8104765793373,2287.9415994578394,2224.9346018824085,2284.003662109375,265000,0.0,0.0
2015-04-17 00:00:00+09:00,2284.003897758152,2284.003897758152,2244.624520210598,2264.314208984375,144800,0.0,0.0
2015-04-20 00:00:00+09:00,2256.43798828125,2280.06561119519,2232.81036536731,2256.43798828125,151200,0.0,0.0
2015-04-21 00:00:00+09:00,2244.6239606225877,2295.817138671875,2244.6239606225877,2295.817138671875,143000,0.0,0.0
2015-04-22 00:00:00+09:00,2311.5694790832,2319.4453546507743,2291.879790164263,2303.693603515625,95000,0.0,0.0
2015-04-23 00:00:00+09:00,2299.755360130613,2299.755360130613,2272.1897993071298,2280.065673828125,95000,0.0,0.0
2015-04-24 00:00:00+09:00,2284.0042447465335,2287.9421830995448,2264.3145529814774,2272.1904296875,65800,0.0,0.0
2015-04-27 00:00:00+09:00,2268.2523410278745,2284.0040933961236,2248.562650567563,2260.37646484375,56600,0.0,0.0
2015-04-28 00:00:00+09:00,2256.438333474864,2280.0659600033964,2256.438333474864,2264.314208984375,89800,0.0,0.0
2015-04-30 00:00:00+09:00,2244.624562171629,2264.3142513134853,2228.8728108581436,2248.5625,152400,0.0,0.0
2015-05-01 00:00:00+09:00,2224.934814453125,2248.5624408012995,2220.996876728429,2224.934814453125,77400,0.0,0.0
2015-05-07 00:00:00+09:00,2220.996893682065,2284.003897758152,2209.183080417799,2264.314208984375,112000,0.0,0.0
2015-05-08 00:00:00+09:00,2248.562306650869,2268.2519940996503,2240.686431671356,2252.500244140625,64000,0.0,0.0
2015-05-11 00:00:00+09:00,2284.0037129544967,2315.507212443524,2284.0037129544967,2287.941650390625,67800,0.0,0.0
2015-05-12 00:00:00+09:00,2287.941650390625,2287.941650390625,2260.376088337726,2287.941650390625,63200,0.0,0.0
2015-05-13 00:00:00+09:00,2268.25179973822,2272.1897368905434,2252.5000511289268,2256.43798828125,89600,0.0,0.0
2015-05-14 00:00:00+09:00,2240.68661617643,2256.438367432503,2220.9969271063383,2228.872802734375,76800,0.0,0.0
2015-05-15 00:00:00+09:00,2240.686279296875,2256.4380281847266,2224.9345304090234,2240.686279296875,83200,0.0,0.0
2015-05-18 00:00:00+09:00,2106.7967819724386,2130.4244094338114,2067.41740287015,2118.610595703125,468000,0.0,0.0
2015-05-19 00:00:00+09:00,2142.238037109375,2146.175974677591,2130.4242244047277,2142.238037109375,208800,0.0,0.0
2015-05-20 00:00:00+09:00,2165.865681231667,2189.4933068451037,2161.927743629428,2181.617431640625,182000,0.0,0.0
2015-05-21 00:00:00+09:00,2173.7410561816937,2181.6169295736563,2154.0513727017874,2161.92724609375,123000,0.0,0.0
2015-05-22 00:00:00+09:00,2161.92724609375,2177.6789928776752,2157.9893093977685,2161.92724609375,79400,0.0,0.0
2015-05-25 00:00:00+09:00,2185.5549047627583,2185.5549047627583,2138.2996635786985,2146.175537109375,252000,0.0,0.0
2015-05-26 00:00:00+09:00,2134.3623206097145,2181.617574940557,2134.3623206097145,2173.74169921875,106000,0.0,0.0
2015-05-27 00:00:00+09:00,2177.6793520261917,2193.4311014079362,2169.8034773353193,2189.4931640625,183600,0.0,0.0
2015-05-28 00:00:00+09:00,2205.2452680950264,2236.7487719249557,2201.3073301162854,2217.05908203125,185400,0.0,0.0
2015-05-29 00:00:00+09:00,2217.058655965098,2240.686279296875,2209.182781521172,2240.686279296875,102400,0.0,0.0
2015-06-01 00:00:00+09:00,2213.1210097998905,2248.5624494586073,2209.183072060033,2244.62451171875,89000,0.0,0.0
2015-06-02 00:00:00+09:00,2244.624165279765,2272.189725204253,2228.8724167514856,2236.748291015625,90000,0.0,0.0
2015-06-03 00:00:00+09:00,2220.9969271063383,2248.5624918044664,2220.9969271063383,2228.872802734375,63600,0.0,0.0
2015-06-04 00:00:00+09:00,2220.99696952847,2232.8107831961743,2205.24521797153,2213.12109375,92400,0.0,0.0
2015-06-05 00:00:00+09:00,2157.9893093977685,2197.368676357582,2146.1754993098248,2161.92724609375,314400,0.0,0.0
2015-06-08 00:00:00+09:00,2181.617507003812,2181.617507003812,2130.42431640625,2130.42431640625,266000,0.0,0.0
2015-06-09 00:00:00+09:00,2114.672590744337,2114.672590744337,2067.417337319883,2075.293212890625,325800,0.0,0.0
2015-06-10 00:00:00+09:00,2091.0448105207834,2094.982748017056,2063.479248046875,2063.479248046875,160200,0.0,0.0
2015-06-11 00:00:00+09:00,2079.231150675996,2083.169088461367,2063.4793995345112,2075.293212890625,112000,0.0,0.0
2015-06-12 00:00:00+09:00,2083.169088461367,2091.04496403211,2067.417337319883,2075.293212890625,155200,0.0,0.0
2015-06-15 00:00:00+09:00,2079.231049107143,2079.231049107143,2055.603423549107,2067.417236328125,108600,0.0,0.0
2015-06-16 00:00:00+09:00,2059.541208786069,2067.4170833894577,2051.665334182681,2055.603271484375,104400,0.0,0.0
2015-06-17 00:00:00+09:00,2071.355173921131,2075.293111514137,2055.603423549107,2067.417236328125,127600,0.0,0.0
2015-06-18 00:00:00+09:00,2083.169276612734,2083.169276612734,2051.665771484375,2051.665771484375,140600,0.0,0.0
2015-06-19 00:00:00+09:00,2075.2932211510224,2094.98291015625,2071.3552833499766,2094.98291015625,198000,0.0,0.0
2015-06-22 00:00:00+09:00,2087.1073219992895,2094.9831986860795,2067.4176302823153,2079.2314453125,154200,0.0,0.0
2015-06-23 00:00:00+09:00,2079.2314453125,2094.9831986860795,2063.4796919389205,2079.2314453125,161800,0.0,0.0
2015-06-24 00:00:00+09:00,2098.9206138340896,2130.42411272841,2091.0447391105095,2114.67236328125,302600,0.0,0.0
2015-06-25 00:00:00+09:00,2106.7966122581847,2110.7345498511904,2067.417236328125,2067.417236328125,302400,0.0,0.0
2015-06-26 00:00:00+09:00,2079.23125831117,2083.169196300396,2031.9760024404618,2035.9139404296875,266800,0.0,0.0
2015-06-29 00:00:00+09:00,1976.844825321644,1984.7207011197384,1909.8998810378434,1917.7757568359375,727600,0.0,0.0
2015-06-30 00:00:00+09:00,1929.588918899567,1968.968284591395,1921.7130457612016,1933.52685546875,435600,0.0,0.0
2015-07-01 00:00:00+09:00,1945.3411772870334,1949.2791148928777,1921.7135516519684,1925.6514892578125,208400,0.0,0.0
2015-07-02 00:00:00+09:00,1953.2172057609248,1957.1551436757654,1929.5895782718812,1937.4654541015625,177600,0.0,0.0
2015-07-03 00:00:00+09:00,1937.4654541015625,1945.3413299312435,1921.7137024422002,1937.4654541015625,122400,0.0,0.0
2015-07-06 00:00:00+09:00,1921.7132961809143,1925.6512332632522,1902.0236107692244,1905.9615478515625,198400,0.0,0.0
2015-07-07 00:00:00+09:00,1917.7751091920188,1941.4027286071155,1913.8371726228359,1933.52685546875,202200,0.0,0.0
2015-07-08 00:00:00+09:00,1933.527127467745,1933.527127467745,1898.085693359375,1898.085693359375,256400,0.0,0.0
2015-07-09 00:00:00+09:00,1882.33447265625,1886.2724108835644,1839.0171521557922,1882.33447265625,242200,0.0,0.0
2015-07-10 00:00:00+09:00,1882.334168514963,1890.210043697034,1846.8927301956437,1858.70654296875,284400,0.0,0.0
2015-07-13 00:00:00+09:00,1890.2096653183717,1898.085538923865,1874.4579181073852,1886.271728515625,180800,0.0,0.0
2015-07-14 00:00:00+09:00,1905.9618012285914,1937.465302075345,1902.0238636227473,1925.6514892578125,173800,0.0,0.0
2015-07-15 00:00:00+09:00,1937.465302075345,1941.4032396811892,1913.83767644028,1925.6514892578125,129400,0.0,0.0
2015-07-16 00:00:00+09:00,1933.5275161867219,1941.4033920164031,1909.8998886976785,1937.4654541015625,93000,0.0,0.0
2015-07-17 00:00:00+09:00,1945.3408011159588,1961.092548493416,1929.5890537385017,1953.2166748046875,124600,0.0,0.0
2015-07-21 00:00:00+09:00,1968.968284591395,1968.968284591395,1933.52685546875,1933.52685546875,116400,0.0,0.0
2015-07-22 00:00:00+09:00,1925.6510771118926,1929.5890138749025,1894.1475830078125,1894.1475830078125,149400,0.0,0.0
2015-07-23 00:00:00+09:00,1905.9619718590563,1929.5895996093752,1902.0240339006698,1929.589599609375,118200,0.0,0.0
2015-07-24 00:00:00+09:00,1925.6511938376505,1929.5891308393634,1913.8373828325116,1921.7132568359375,98000,0.0,0.0
2015-07-27 00:00:00+09:00,1898.0858357747397,1898.0858357747397,1878.3961486816406,1890.2099609375,111600,0.0,0.0
2015-07-28 00:00:00+09:00,1886.2720235188804,1902.0237731933594,1866.5823364257812,1890.2099609375,105600,0.0,0.0
2015-07-29 00:00:00+09:00,1898.0856736868866,1909.8994849339003,1878.395988275197,1905.9615478515625,100200,0.0,0.0
2015-07-30 00:00:00+09:00,1909.8998886976785,1949.2792678460842,1905.961950782838,1937.4654541015625,150000,0.0,0.0
2015-07-31 00:00:00+09:00,1945.3411865234375,1953.2170617725203,1937.465311274355,1945.3411865234375,126000,0.0,0.0
2015-08-03 00:00:00+09:00,1941.4027286071155,1941.4027286071155,1925.6509823303843,1933.52685546875,81600,0.0,0.0
2015-08-04 00:00:00+09:00,1921.713838998067,1921.713838998067,1902.0241480247262,1909.9000244140625,146200,0.0,0.0
2015-08-05 00:00:00+09:00,1909.8998886976785,1945.3413299312435,1894.1481370383162,1937.4654541015625,154600,0.0,0.0
2015-08-06 00:00:00+09:00,1949.2792411472487,2016.2241847826087,1949.2792411472487,1992.5965576171875,203400,0.0,0.0
2015-08-07 00:00:00+09:00,1992.595924036711,2039.8511633419296,1984.7200508191747,2028.037353515625,212200,0.0,0.0
2015-08-10 00:00:00+09:00,1949.27917119314,2012.2861747064535,1949.27917119314,1996.534423828125,191000,0.0,0.0
2015-08-11 00:00:00+09:00,2012.2864768937318,2024.1002918265717,1992.5967853389986,2020.162353515625,139200,0.0,0.0
2015-08-12 00:00:00+09:00,1988.65878526908,1996.5346616463833,1968.9690943258217,1976.844970703125,141200,0.0,0.0
2015-08-13 00:00:00+09:00,1957.1552016170149,1972.9069537427054,1945.3413875227473,1961.0931396484375,167800,0.0,0.0
2015-08-14 00:00:00+09:00,1961.092548493416,1961.092548493416,1941.4028642715946,1953.2166748046875,86000,0.0,0.0
2015-08-17 00:00:00+09:00,1949.2793255541699,1965.0310776798601,1941.4034494913246,1961.0931396484375,103000,0.0,0.0
2015-08-18 00:00:00+09:00,1972.9066467285156,1992.5963338216147,1957.1548970540366,1984.720458984375,101600,0.0,0.0
2015-08-19 00:00:00+09:00,1957.1550713900863,1968.9688846982758,1941.4033203125,1941.4033203125,129000,0.0,0.0
2015-08-20 00:00:00+09:00,1937.4647920379327,1953.216538314664,1921.7130457612016,1933.52685546875,106400,0.0,0.0
2015-08-21 00:00:00+09:00,1909.899648030599,1913.8375854492188,1890.2099609375,1890.2099609375,148200,0.0,0.0
2015-08-24 00:00:00+09:00,1858.706686336436,1882.3343137051195,1846.8928726520944,1850.830810546875,217800,0.0,0.0
2015-08-25 00:00:00+09:00,1819.3271301269533,1835.0788801713425,1732.6925048828125,1732.6925048828125,404600,0.0,0.0
2015-08-26 00:00:00+09:00,1748.4442945207868,1768.133982522147,1724.8166689191546,1764.196044921875,413000,0.0,0.0
2015-08-27 00:00:00+09:00,1779.9476035029147,1827.2028496136118,1772.071729151132,1815.3890380859375,269800,0.0,0.0
2015-08-28 00:00:00+09:00,1787.8236174694798,1858.706492170913,1787.8236174694798,1854.7685546875,548200,0.0,0.0
2015-08-31 00:00:00+09:00,1846.8925354930686,1846.8925354930686,1799.6372893823718,1815.3890380859375,196400,0.0,0.0
2015-09-01 00:00:00+09:00,1795.6996400983146,1803.575515712781,1748.444386411517,1752.38232421875,186400,0.0,0.0
2015-09-02 00:00:00+09:00,1732.6925763453874,1768.1340154069976,1713.002887977826,1728.754638671875,216200,0.0,0.0
2015-09-03 00:00:00+09:00,1740.568653666408,1779.9480349710777,1736.630715535941,1744.506591796875,145200,0.0,0.0
2015-09-04 00:00:00+09:00,1748.4442549272019,1752.3821924382992,1709.0648798162288,1732.6925048828125,200800,0.0,0.0
2015-09-07 00:00:00+09:00,1724.8169227652,1752.3824900240045,1705.1272318660538,1736.6307373046875,127400,0.0,0.0
2015-09-08 00:00:00+09:00,1744.5064486042838,1783.8858266766151,1736.6305729898174,1752.38232421875,134600,0.0,0.0
2015-09-09 00:00:00+09:00,1799.63767377068,1819.3273638556986,1779.9479836856617,1807.5135498046875,176800,0.0,0.0
2015-09-10 00:00:00+09:00,1779.9476035029147,1823.2649124377203,1772.071729151132,1815.3890380859375,132400,0.0,0.0
2015-09-11 00:00:00+09:00,1803.5751119605245,1823.2647965889146,1787.8233642578125,1787.8233642578125,141600,0.0,0.0
2015-09-14 00:00:00+09:00,1819.3268596632365,1819.3268596632365,1776.0095534807785,1787.8233642578125,81000,0.0,0.0
2015-09-15 00:00:00+09:00,1807.5135498046875,1835.0791159237133,1795.6997357536766,1807.5135498046875,125200,0.0,0.0
2015-09-16 00:00:00+09:00,1835.078928826445,1839.0168664419523,1803.5754279023859,1831.1409912109375,105200,0.0,0.0
2015-09-17 00:00:00+09:00,1846.8925469525384,1870.5201701544897,1823.2649237505868,1835.0787353515625,133000,0.0,0.0
2015-09-18 00:00:00+09:00,1823.2648688646868,1823.2648688646868,1776.0096238833125,1783.885498046875,220600,0.0,0.0
2015-09-24 00:00:00+09:00,1760.2579232470482,1772.0717348124647,1740.5682373046875,1740.5682373046875,156000,0.0,0.0
2015-09-25 00:00:00+09:00,1760.2581787109375,1768.134054230897,1716.9408633511605,1760.2581787109375,180400,0.0,0.0
2015-09-28 00:00:00+09:00,1766.2660901347347,1794.302059819413,1746.2403975028217,1774.2763671875,116400,37.5,0.0
2015-09-29 00:00:00+09:00,1746.2402126481998,1762.2607650578161,1702.1836935217543,1710.1939697265625,161000,0.0,0.0
2015-09-30 00:00:00+09:00,1722.2093944418623,1762.260775707952,1722.2093944418623,1750.245361328125,123000,0.0,0.0
2015-10-01 00:00:00+09:00,1774.2760470920139,1814.3274251302084,1766.2657714843751,1802.31201171875,118200,0.0,0.0
2015-10-02 00:00:00+09:00,1790.2965983072918,1818.332562934028,1790.2965983072918,1802.31201171875,88600,0.0,0.0
2015-10-05 00:00:00+09:00,1802.311947471217,1838.3581864206415,1794.3016721491226,1826.3427734375,79600,0.0,0.0
2015-10-06 00:00:00+09:00,1838.3585618964592,1874.4048082081545,1838.3585618964592,1866.39453125,125000,0.0,0.0
2015-10-07 00:00:00+09:00,1862.389291221217,1910.4509503495065,1862.389291221217,1902.440673828125,160800,0.0,0.0
2015-10-08 00:00:00+09:00,1886.4201320213608,1914.4561000131855,1886.4201320213608,1898.435546875,73000,0.0,0.0
2015-10-09 00:00:00+09:00,1902.4403552296744,1934.4814559493323,1898.4352176397174,1930.476318359375,80200,0.0,0.0
2015-10-13 00:00:00+09:00,1930.4762066942242,1938.4864814107978,1918.460794619364,1926.4710693359375,83400,0.0,0.0
2015-10-14 00:00:00+09:00,1906.44580078125,1922.4663537289916,1886.4201095965732,1906.44580078125,80000,0.0,0.0
2015-10-15 00:00:00+09:00,1902.4402451862168,1934.481344052511,1890.4248331113565,1926.4710693359375,97800,0.0,0.0
2015-10-16 00:00:00+09:00,1934.4817776150173,1954.5074688946759,1926.471501103154,1946.4971923828125,85000,0.0,0.0
2015-10-19 00:00:00+09:00,1942.4916187690844,1946.4967561273713,1910.4505199027903,1926.4710693359375,50400,0.0,0.0
2015-10-20 00:00:00+09:00,1930.4766731973018,1938.486949849573,1914.45611989276,1934.4818115234375,42600,0.0,0.0
2015-10-21 00:00:00+09:00,1938.486567343435,1986.5482177734375,1934.4814298076014,1986.5482177734375,114200,0.0,0.0
2015-10-22 00:00:00+09:00,1962.5176557162513,1982.5433460807028,1962.5176557162513,1978.5382080078125,73800,0.0,0.0
2015-10-23 00:00:00+09:00,2002.5690694254233,2030.6050363973793,2002.5690694254233,2010.579345703125,121600,0.0,0.0
2015-10-26 00:00:00+09:00,2022.5945579191766,2022.5945579191766,1982.5431805346384,1994.55859375,115600,0.0,0.0
2015-10-27 00:00:00+09:00,2002.5690252130682,2002.5690252130682,1978.5381969105113,1982.5433349609375,64000,0.0,0.0
2015-10-28 00:00:00+09:00,1982.543080237604,1994.5584928451046,1974.532805165937,1986.5482177734375,54400,0.0,0.0
2015-10-29 00:00:00+09:00,1994.55859375,1994.55859375,1974.5329050577309,1994.55859375,72600,0.0,0.0
2015-10-30 00:00:00+09:00,1990.5537872009886,2018.5897560348053,1978.5383719864958,2006.5743408203125,113200,0.0,0.0
2015-11-02 00:00:00+09:00,1954.5074238679847,1986.5485291772961,1954.5074238679847,1962.5177001953125,90600,0.0,0.0
2015-11-04 00:00:00+09:00,1970.5280564586567,1990.553748089334,1926.4715348711663,1934.4818115234375,191200,0.0,0.0
2015-11-05 00:00:00+09:00,1934.4813824050996,1982.5430316574002,1934.4813824050996,1958.51220703125,128400,0.0,0.0
2015-11-06 00:00:00+09:00,1958.5122550226026,1990.553355309271,1950.5019799509357,1986.5482177734375,104600,0.0,0.0
2015-11-09 00:00:00+09:00,1994.5587931477216,2018.5896219808267,1962.517688036915,2010.579345703125,134000,0.0,0.0
2015-11-10 00:00:00+09:00,1970.5277041480654,2022.5944930788069,1962.5174289279514,2018.58935546875,143600,0.0,0.0
2015-11-11 00:00:00+09:00,1998.5639436682877,2018.5896344866073,1942.492009376993,1962.5177001953125,203200,0.0,0.0
2015-11-12 00:00:00+09:00,1962.5176447088068,1990.5536110617898,1962.5176447088068,1982.5433349609375,75800,0.0,0.0
2015-11-13 00:00:00+09:00,1962.5176447088068,1986.5484730113637,1950.5022305575285,1982.5433349609375,73400,0.0,0.0
2015-11-16 00:00:00+09:00,1954.5074666750504,1994.5588491888834,1954.5074666750504,1990.5537109375,80600,0.0,0.0
2015-11-17 00:00:00+09:00,2006.574174272896,2026.599864634901,2006.574174272896,2022.5947265625,111800,0.0,0.0
2015-11-18 00:00:00+09:00,2026.5996990690999,2050.630525540275,2022.5945613239041,2038.6151123046875,127000,0.0,0.0
2015-11-19 00:00:00+09:00,2042.6202826820345,2042.6202826820345,2010.5791802085907,2026.5997314453125,78000,0.0,0.0
2015-11-20 00:00:00+09:00,2026.5996990690999,2038.6151123046875,2014.5842858335125,2038.6151123046875,61600,0.0,0.0
2015-11-24 00:00:00+09:00,2026.5996990690999,2042.6202500498835,2026.5996990690999,2038.6151123046875,60400,0.0,0.0
2015-11-25 00:00:00+09:00,2038.615201473236,2058.6408910751343,2030.6049256324768,2050.630615234375,110200,0.0,0.0
2015-11-26 00:00:00+09:00,2042.6202500498835,2066.6510765210583,2030.6048368142958,2038.6151123046875,99000,0.0,0.0
2015-11-27 00:00:00+09:00,2042.6200261764977,2046.625163482726,2026.599476951584,2030.6046142578125,63000,0.0,0.0
2015-11-30 00:00:00+09:00,2030.6049256324768,2054.6357531547546,2018.589511871338,2050.630615234375,80200,0.0,0.0
2015-12-01 00:00:00+09:00,2062.6459635730876,2074.661376953125,2042.6202746063584,2074.661376953125,115800,0.0,0.0
2015-12-02 00:00:00+09:00,2062.645927877987,2066.6510656020223,2042.6202392578127,2042.6202392578125,68800,0.0,0.0
2015-12-03 00:00:00+09:00,2034.6099745594918,2042.6202500498835,2010.5791480883165,2038.6151123046875,98200,0.0,0.0
2015-12-04 00:00:00+09:00,1998.5639852689008,2042.6205059862514,1998.5639852689008,2034.6102294921875,133400,0.0,0.0
2015-12-07 00:00:00+09:00,2038.6153677392194,2050.6307824803152,2030.6050912451558,2034.6102294921875,84200,0.0,0.0
2015-12-08 00:00:00+09:00,2018.5897560348053,2038.61544805896,1998.5640640106506,2006.5743408203125,103200,0.0,0.0
2015-12-09 00:00:00+09:00,1970.5275878906252,1998.5635495069553,1962.5173131431022,1970.527587890625,120400,0.0,0.0
2015-12-10 00:00:00+09:00,1950.5021862592855,1978.538151975538,1938.4867723808916,1954.50732421875,89000,0.0,0.0
2015-12-11 00:00:00+09:00,1922.4663765822784,1970.5280359968353,1894.4304085904535,1898.435546875,374000,0.0,0.0
2015-12-14 00:00:00+09:00,1874.4043245135613,1914.4556989689793,1866.3940496224777,1910.4505615234375,163600,0.0,0.0
2015-12-15 00:00:00+09:00,1906.4457344330547,1918.4611487257,1882.414905847764,1886.4200439453125,93600,0.0,0.0
2015-12-16 00:00:00+09:00,1906.4452317923556,1938.486328125,1898.4349577091944,1938.486328125,155600,0.0,0.0
2015-12-17 00:00:00+09:00,1942.4920428704922,1958.5125958013828,1930.4766281723241,1950.5023193359375,152800,0.0,0.0
2015-12-18 00:00:00+09:00,1950.5023648279794,1958.5126414802503,1922.4663965450309,1934.4818115234375,232000,0.0,0.0
2015-12-21 00:00:00+09:00,1906.4458098234952,1950.502330638744,1890.4252567997685,1946.4971923828125,146000,0.0,0.0
2015-12-22 00:00:00+09:00,1930.4766731973018,1942.4920881757084,1922.4663965450309,1934.4818115234375,64200,0.0,0.0
2015-12-24 00:00:00+09:00,1938.4865935392893,1962.5174190790326,1926.4711807694177,1930.476318359375,88400,0.0,0.0
2015-12-25 00:00:00+09:00,1930.476318359375,1930.476318359375,1930.476318359375,1930.476318359375,0,0.0,0.0
2015-12-28 00:00:00+09:00,1906.4451633305755,1974.5324905923817,1898.4348895350688,1966.522216796875,87200,0.0,0.0
2015-12-29 00:00:00+09:00,1970.5278211365364,1982.543234680052,1954.5072697451824,1974.532958984375,109600,0.0,0.0
2015-12-30 00:00:00+09:00,1982.5433349609375,1998.563887162642,1970.527920809659,1982.5433349609375,59200,0.0,0.0
2016-01-04 00:00:00+09:00,1950.501893485658,1986.548129710239,1922.4659319776506,1926.4710693359375,86000,0.0,0.0
2016-01-05 00:00:00+09:00,1922.4663965450309,1946.497226501844,1910.4509815666245,1934.4818115234375,84000,0.0,0.0
2016-01-06 00:00:00+09:00,1926.4710693359375,1938.4864814107978,1902.4402451862168,1926.4710693359375,136200,0.0,0.0
2016-01-07 00:00:00+09:00,1914.456192998927,1914.456192998927,1862.3893927709228,1866.39453125,115200,0.0,0.0
2016-01-08 00:00:00+09:00,1854.3789611686268,1886.4200663292079,1846.3686848784816,1878.4097900390625,170400,0.0,0.0
2016-01-12 00:00:00+09:00,1842.3633897569446,1850.3736653645833,1802.31201171875,1802.31201171875,102800,0.0,0.0
2016-01-13 00:00:00+09:00,1806.3170640437363,1858.383853029476,1806.3170640437363,1834.35302734375,108800,0.0,0.0
2016-01-14 00:00:00+09:00,1802.3118477035723,1826.34267233962,1770.2707481888422,1818.3323974609375,129200,0.0,0.0
2016-01-15 00:00:00+09:00,1838.3581864206415,1854.37873706483,1806.317085132264,1826.3427734375,167000,0.0,0.0
2016-01-18 00:00:00+09:00,1786.2917365771812,1798.3071518456377,1766.2660444630872,1790.296875,93400,0.0,0.0
2016-01-19 00:00:00+09:00,1786.2915148788625,1806.3172045075494,1766.2658252501758,1782.286376953125,65600,0.0,0.0
2016-01-20 00:00:00+09:00,1782.2864324396307,1786.2915704900568,1714.1990855823863,1718.2042236328125,120600,0.0,0.0
2016-01-21 00:00:00+09:00,1706.1886850749477,1754.2503381756503,1674.1475830078125,1674.1475830078125,126600,0.0,0.0
2016-01-22 00:00:00+09:00,1706.1888528526376,1754.2505106794724,1702.1837147004012,1746.240234375,119000,0.0,0.0
2016-01-25 00:00:00+09:00,1794.3017907303372,1798.3069286560747,1750.2452735472261,1782.286376953125,107000,0.0,0.0
2016-01-26 00:00:00+09:00,1754.250206100109,1758.2553435569587,1718.203968988463,1722.2091064453125,98000,0.0,0.0
2016-01-27 00:00:00+09:00,1742.235258976439,1778.2815057138826,1738.2301204500563,1774.2763671875,114000,0.0,0.0
2016-01-28 00:00:00+09:00,1762.2604770574096,1790.2964391924138,1746.2399272659786,1770.270751953125,84800,0.0,0.0
2016-01-29 00:00:00+09:00,1770.2710182883523,1814.3275368430398,1754.2504660866477,1806.3172607421875,133400,0.0,0.0
2016-02-01 00:00:00+09:00,1826.343151184753,1842.363705142514,1806.3174587375515,1822.3380126953125,147800,0.0,0.0
2016-02-02 00:00:00+09:00,1806.31717136928,1826.3428606305804,1782.2863442557198,1794.3017578125,127800,0.0,0.0
2016-02-03 00:00:00+09:00,1766.265688981681,1766.265688981681,1730.2194504310344,1742.23486328125,79400,0.0,0.0
2016-02-04 00:00:00+09:00,1722.209566344526,1794.302059819413,1722.209566344526,1774.2763671875,109000,0.0,0.0
2016-02-05 00:00:00+09:00,1742.2352139261745,1798.3071518456377,1738.2300755033557,1790.296875,155200,0.0,0.0
2016-02-08 00:00:00+09:00,1758.2552677825724,1810.3220524777284,1750.244993214087,1798.306640625,75800,0.0,0.0
2016-02-09 00:00:00+09:00,1722.2093052785165,1742.2349948747783,1690.1682019244977,1694.17333984375,58800,0.0,0.0
2016-02-10 00:00:00+09:00,1726.21421571129,1726.21421571129,1662.132017448226,1686.162841796875,189200,0.0,0.0
2016-02-12 00:00:00+09:00,1638.1013837866392,1670.1424866479915,1606.0602809252869,1614.070556640625,235000,0.0,0.0
2016-02-15 00:00:00+09:00,1742.2349657331195,1802.31203351702,1686.1630358014788,1794.3017578125,198000,0.0,0.0
2016-02-16 00:00:00+09:00,1782.2863226996528,1830.3479763454861,1782.2863226996528,1802.31201171875,148400,0.0,0.0
2016-02-17 00:00:00+09:00,1802.3122902684563,1834.3533976510066,1762.2609060402685,1790.296875,111400,0.0,0.0
2016-02-18 00:00:00+09:00,1822.3375454327918,1834.3529578202608,1802.3118581203437,1814.3272705078125,104000,0.0,0.0
2016-02-19 00:00:00+09:00,1790.296909641575,1810.3226021431587,1758.2558016390412,1778.281494140625,94400,0.0,0.0
2016-02-22 00:00:00+09:00,1762.2609060402685,1798.3071518456377,1762.2609060402685,1790.296875,74800,0.0,0.0
2016-02-23 00:00:00+09:00,1790.2967887332204,1810.3224798823614,1730.2197152857968,1734.224853515625,139800,0.0,0.0
2016-02-24 00:00:00+09:00,1706.18878754441,1746.2401675337153,1702.1836495454793,1726.2144775390625,88000,0.0,0.0
2016-02-25 00:00:00+09:00,1738.229935876855,1762.2607644834475,1738.229935876855,1754.25048828125,59600,0.0,0.0
2016-02-26 00:00:00+09:00,1758.2553868540015,1770.2707995204298,1702.1834610773362,1706.1885986328125,125000,0.0,0.0
2016-02-29 00:00:00+09:00,1738.229856955526,1754.2504086325355,1694.17333984375,1694.17333984375,90800,0.0,0.0
2016-03-01 00:00:00+09:00,1690.1681559636042,1710.193845015306,1654.1219156705417,1666.1373291015625,105400,0.0,0.0
2016-03-02 00:00:00+09:00,1718.2043005963121,1754.2505446647663,1718.2043005963121,1734.224853515625,76200,0.0,0.0
2016-03-03 00:00:00+09:00,1714.199162366484,1742.2351299752816,1714.199162366484,1734.224853515625,53200,0.0,0.0
2016-03-04 00:00:00+09:00,1734.2248959628018,1770.27114091353,1730.2197576349433,1762.2608642578125,62600,0.0,0.0
2016-03-07 00:00:00+09:00,1766.265925136181,1778.28133959289,1746.240234375,1746.240234375,46000,0.0,0.0
2016-03-08 00:00:00+09:00,1742.23486328125,1758.2554137482039,1722.2091751975574,1742.23486328125,76200,0.0,0.0
2016-03-09 00:00:00+09:00,1722.2092830882352,1726.2144209558824,1686.163042279412,1702.18359375,67400,0.0,0.0
2016-03-10 00:00:00+09:00,1718.2042673093463,1750.2453725272362,1710.1939910048739,1746.240234375,81400,0.0,0.0
2016-03-11 00:00:00+09:00,1722.2094809792259,1774.2762792413887,1722.2094809792259,1762.2608642578125,95000,0.0,0.0
2016-03-14 00:00:00+09:00,1790.2964046152729,1842.3631904318245,1786.291267244769,1830.3477783203125,89600,0.0,0.0
2016-03-15 00:00:00+09:00,1818.3328439597315,1826.3431208053692,1782.2865981543623,1790.296875,115800,0.0,0.0
2016-03-16 00:00:00+09:00,1778.281494140625,1798.3071866422085,1778.281494140625,1778.281494140625,85000,0.0,0.0
2016-03-17 00:00:00+09:00,1786.2914821079798,1802.31203351702,1766.2657928466797,1794.3017578125,90400,0.0,0.0
2016-03-18 00:00:00+09:00,1794.3015831953642,1826.3426828952815,1786.291308270385,1814.3272705078125,156800,0.0,0.0
2016-03-22 00:00:00+09:00,1838.3584527784778,1862.3892822265625,1838.3584527784778,1862.3892822265625,117600,0.0,0.0
2016-03-23 00:00:00+09:00,1866.3944776452106,1866.3944776452106,1830.3482323688008,1842.3636474609375,82400,0.0,0.0
2016-03-24 00:00:00+09:00,1830.3482323688008,1842.3636474609375,1810.3225405485734,1842.3636474609375,109600,0.0,0.0
2016-03-25 00:00:00+09:00,1850.3735778009006,1854.3787154151883,1818.3324768865994,1834.35302734375,83600,0.0,0.0
2016-03-28 00:00:00+09:00,1838.3584305887814,1870.3995361328125,1830.3481542027737,1870.3995361328125,96000,0.0,0.0
2016-03-29 00:00:00+09:00,1841.8746769667712,1894.8489486494439,1841.8746769667712,1866.3243408203125,118200,40.0,0.0
2016-03-30 00:00:00+09:00,1858.1744384765625,1874.4742142526727,1833.724774812397,1858.1744384765625,78400,0.0,0.0
2016-03-31 00:00:00+09:00,1870.3994819996362,1870.3994819996362,1833.7249823525844,1837.7999267578125,78800,0.0,0.0
2016-04-01 00:00:00+09:00,1837.7999549708595,1841.8748994386442,1776.6757879540903,1780.750732421875,113600,0.0,0.0
2016-04-04 00:00:00+09:00,1780.7507523970169,1813.3503085049715,1756.301085316051,1792.9755859375,84400,0.0,0.0
2016-04-05 00:00:00+09:00,1780.7505018767588,1788.9003897572015,1715.5513988332161,1719.6263427734375,84800,0.0,0.0
2016-04-06 00:00:00+09:00,1715.551478459285,1719.6264225886418,1687.026869553786,1695.1767578125,100400,0.0,0.0
2016-04-07 00:00:00+09:00,1691.1018276670902,1715.5514926454096,1682.951939340984,1703.32666015625,52200,0.0,0.0
2016-04-08 00:00:00+09:00,1670.7271408189272,1735.9262487533244,1658.5023080812277,1723.701416015625,92400,0.0,0.0
2016-04-11 00:00:00+09:00,1711.4767873201438,1719.626676783573,1678.8772294664268,1699.251953125,47400,0.0,0.0
2016-04-12 00:00:00+09:00,1695.177142377685,1719.62681270044,1678.8773621625148,1707.4019775390625,66000,0.0,0.0
2016-04-13 00:00:00+09:00,1727.7764013330418,1756.3010117324081,1715.551568304742,1748.151123046875,68200,0.0,0.0
2016-04-14 00:00:00+09:00,1776.6754889381307,1817.4249267578125,1772.6005451561623,1817.4249267578125,75400,0.0,0.0
2016-04-15 00:00:00+09:00,1805.200303542641,1809.2752477944305,1780.7506380319055,1797.0504150390625,64600,0.0,0.0
2016-04-18 00:00:00+09:00,1719.6265260205191,1772.6008028884498,1719.6265260205191,1756.301025390625,64000,0.0,0.0
2016-04-19 00:00:00+09:00,1805.2005678468995,1821.500347240551,1780.7508987564224,1809.2755126953125,50800,0.0,0.0
2016-04-20 00:00:00+09:00,1829.6502369373768,1829.6502369373768,1801.1256229984867,1809.2755126953125,75200,0.0,0.0
2016-04-21 00:00:00+09:00,1837.799605421738,1866.324211270856,1833.724661729007,1862.249267578125,65200,0.0,0.0
2016-04-22 00:00:00+09:00,1837.8001185825892,1886.69945654931,1837.8001185825892,1882.62451171875,62600,0.0,0.0
2016-04-25 00:00:00+09:00,1898.924278192935,1898.924278192935,1854.0998853600545,1874.474609375,67200,0.0,0.0
2016-04-26 00:00:00+09:00,1862.24938242059,1870.399270308645,1841.8746627004523,1858.1744384765625,36600,0.0,0.0
2016-04-27 00:00:00+09:00,1874.4741996059333,1874.4741996059333,1845.9495922206256,1850.0245361328125,32800,0.0,0.0
2016-04-28 00:00:00+09:00,1858.174698153409,1886.6993097478692,1768.525918856534,1792.9755859375,56000,0.0,0.0
2016-05-02 00:00:00+09:00,1719.6263855550892,1744.0760498046875,1719.6263855550892,1744.0760498046875,55000,0.0,0.0
2016-05-06 00:00:00+09:00,1752.225800276922,1756.3007439984963,1731.851081669051,1735.926025390625,57400,0.0,0.0
2016-05-09 00:00:00+09:00,1756.300984030331,1772.6007611443015,1727.7763740808823,1731.851318359375,46600,0.0,0.0
2016-05-10 00:00:00+09:00,1731.8513922735092,1776.67578125,1719.6265589162842,1776.67578125,84600,0.0,0.0
2016-05-11 00:00:00+09:00,1797.0505102930133,1801.125454760798,1772.6008434863056,1780.750732421875,44800,0.0,0.0
2016-05-12 00:00:00+09:00,1748.1511700831422,1780.750725702408,1748.1511700831422,1776.67578125,33600,0.0,0.0
2016-05-13 00:00:00+09:00,1772.6006580958858,1780.7505461790852,1744.0760498046875,1744.0760498046875,61000,0.0,0.0
2016-05-16 00:00:00+09:00,1854.0997580401518,1870.3995361328125,1825.5751463779957,1870.3995361328125,139800,0.0,0.0
2016-05-17 00:00:00+09:00,1870.3994550151208,1894.84912109375,1850.02473328293,1894.84912109375,80600,0.0,0.0
2016-05-18 00:00:00+09:00,1878.5492156456257,1902.9988800574995,1874.47427157698,1890.7740478515625,67600,0.0,0.0
2016-05-19 00:00:00+09:00,1886.6994437839674,1894.8493333899457,1866.3247197690218,1874.474609375,58600,0.0,0.0
2016-05-20 00:00:00+09:00,1862.2497749660326,1886.6994437839674,1854.0998853600545,1874.474609375,48800,0.0,0.0
2016-05-23 00:00:00+09:00,1874.474577180632,1874.474577180632,1841.8750193166209,1854.099853515625,48400,0.0,0.0
2016-05-24 00:00:00+09:00,1854.0997580401518,1882.624369702308,1854.0997580401518,1870.3995361328125,49800,0.0,0.0
2016-05-25 00:00:00+09:00,1915.2238565645075,1915.2238565645075,1886.6992459348235,1902.9990234375,80600,0.0,0.0
2016-05-26 00:00:00+09:00,1915.2238836916138,1927.448716991773,1902.9990503914544,1919.298828125,47200,0.0,0.0
2016-05-27 00:00:00+09:00,1919.2988009401768,1919.2988009401768,1890.7741903104925,1902.9990234375,39800,0.0,0.0
2016-05-30 00:00:00+09:00,1907.0739948248408,1919.298828125,1890.7742170912952,1919.298828125,34200,0.0,0.0
2016-05-31 00:00:00+09:00,1915.224031147204,1943.7486443770558,1911.149086400082,1935.5987548828125,75400,0.0,0.0
2016-06-01 00:00:00+09:00,1935.5983375484107,1939.6732814169336,1898.923842731704,1907.07373046875,58000,0.0,0.0
2016-06-02 00:00:00+09:00,1882.6241021407277,1898.923877916838,1858.1744384765625,1858.1744384765625,41400,0.0,0.0
2016-06-03 00:00:00+09:00,1874.4742287714928,1886.6990606982633,1854.0995088935417,1866.3243408203125,24400,0.0,0.0
2016-06-06 00:00:00+09:00,1833.7247460289339,1854.0994654292554,1829.6498021488694,1841.8746337890625,81200,0.0,0.0
2016-06-07 00:00:00+09:00,1837.7997043962519,1870.3992556937465,1837.7997043962519,1850.0245361328125,80200,0.0,0.0
2016-06-08 00:00:00+09:00,1850.0245288570986,1850.0245288570986,1821.4999215839716,1845.9495849609375,46000,0.0,0.0
2016-06-09 00:00:00+09:00,1829.6498450400006,1866.3243408203125,1829.6498450400006,1866.3243408203125,62000,0.0,0.0
2016-06-10 00:00:00+09:00,1866.3245375944082,1866.3245375944082,1825.5750935421286,1837.7999267578125,102800,0.0,0.0
2016-06-13 00:00:00+09:00,1813.3502813216742,1817.4252257740825,1776.67578125,1776.67578125,100600,0.0,0.0
2016-06-14 00:00:00+09:00,1772.6004255427872,1792.9751430777617,1740.000877486828,1752.2257080078125,122400,0.0,0.0
2016-06-15 00:00:00+09:00,1731.8513591438877,1776.675747262906,1731.8513591438877,1756.301025390625,51600,0.0,0.0
2016-06-16 00:00:00+09:00,1748.1508185959767,1756.3007058621586,1711.476325898159,1715.55126953125,76200,0.0,0.0
2016-06-17 00:00:00+09:00,1748.1510840175915,1907.0739098373726,1727.7763627586453,1797.0504150390625,372400,0.0,0.0
2016-06-20 00:00:00+09:00,1809.2752337966258,1825.5750106776763,1788.9005126953125,1788.9005126953125,76600,0.0,0.0
2016-06-21 00:00:00+09:00,1792.9752640660033,1829.649758103717,1772.6005451561623,1817.4249267578125,70000,0.0,0.0
2016-06-22 00:00:00+09:00,1817.425136298009,1817.425136298009,1784.8255822836948,1797.0504150390625,51800,0.0,0.0
2016-06-23 00:00:00+09:00,1797.0503425598145,1837.7997834341868,1797.0503425598145,1825.574951171875,74000,0.0,0.0
2016-06-24 00:00:00+09:00,1858.1743370378522,1858.1743370378522,1719.6262505043283,1735.926025390625,168200,0.0,0.0
2016-06-27 00:00:00+09:00,1744.076006414766,1744.076006414766,1711.4764548929948,1719.6263427734375,110000,0.0,0.0
2016-06-28 00:00:00+09:00,1695.1765513657956,1740.000931329795,1678.8767768334324,1715.55126953125,68200,0.0,0.0
2016-06-29 00:00:00+09:00,1719.6263427734375,1752.225894295209,1703.326567012552,1719.6263427734375,77600,0.0,0.0
2016-06-30 00:00:00+09:00,1744.076165013905,1752.2260536354654,1715.551554838444,1740.001220703125,72400,0.0,0.0
2016-07-01 00:00:00+09:00,1772.6004255427872,1784.8252560637718,1744.0758209938228,1752.2257080078125,130400,0.0,0.0
2016-07-04 00:00:00+09:00,1744.0758209938228,1752.2257080078125,1719.6261599518532,1752.2257080078125,67400,0.0,0.0
2016-07-05 00:00:00+09:00,1744.0761922672564,1756.301025390625,1727.7764147694315,1756.301025390625,41800,0.0,0.0
2016-07-06 00:00:00+09:00,1719.62681270044,1723.7017577542326,1691.1021973238924,1707.4019775390625,69800,0.0,0.0
2016-07-07 00:00:00+09:00,1707.4019775390625,1715.5518676466475,1699.2520874314775,1707.4019775390625,62400,0.0,0.0
2016-07-08 00:00:00+09:00,1719.626401000681,1719.626401000681,1682.951904296875,1682.951904296875,68000,0.0,0.0
2016-07-11 00:00:00+09:00,1682.951904296875,1682.951904296875,1682.951904296875,1682.951904296875,0,0.0,0.0
2016-07-12 00:00:00+09:00,1784.8255684750497,1821.5000664574138,1776.6756800345245,1788.9005126953125,88800,0.0,0.0
2016-07-13 00:00:00+09:00,1821.4998705397807,1845.9495332315898,1809.2750391938762,1817.4249267578125,66400,0.0,0.0
2016-07-14 00:00:00+09:00,1829.6500379473564,1850.0247599734962,1821.5001491369005,1837.7999267578125,83600,0.0,0.0
2016-07-15 00:00:00+09:00,1850.0245361328123,1870.3992556937465,1837.7997043962519,1850.0245361328125,72600,0.0,0.0
2016-07-19 00:00:00+09:00,1858.174263119432,1866.324150238377,1821.49977108418,1829.649658203125,74200,0.0,0.0
2016-07-20 00:00:00+09:00,1829.649758103717,1829.649758103717,1797.0502078479715,1817.4249267578125,64800,0.0,0.0
2016-07-21 00:00:00+09:00,1837.7997976345487,1841.8747417534723,1821.5000211588542,1833.724853515625,56800,0.0,0.0
2016-07-22 00:00:00+09:00,1813.350476429233,1833.7252008834942,1805.2005866475286,1821.5003662109375,58400,0.0,0.0
2016-07-25 00:00:00+09:00,1833.7247460289339,1845.9495776691267,1801.1251949884195,1841.8746337890625,121000,0.0,0.0
2016-07-26 00:00:00+09:00,1845.9497317789899,1845.9497317789899,1788.9005126953125,1788.9005126953125,82400,0.0,0.0
2016-07-27 00:00:00+09:00,1809.2750970109444,1858.174423957186,1809.2750970109444,1850.0245361328125,86600,0.0,0.0
2016-07-28 00:00:00+09:00,1825.5747146436524,1845.9494324410148,1817.4248275247076,1829.649658203125,70600,0.0,0.0
2016-07-29 00:00:00+09:00,1829.6498952593122,1829.6498952593122,1784.825510297503,1825.574951171875,52400,0.0,0.0
2016-08-01 00:00:00+09:00,1784.8255684750497,1792.975456915575,1768.525791593999,1788.9005126953125,83600,0.0,0.0
2016-08-02 00:00:00+09:00,1776.6756309226707,1784.8255191379124,1756.3009103845666,1760.3758544921875,55200,0.0,0.0
2016-08-03 00:00:00+09:00,1727.7764013330418,1760.3759560751748,1727.7764013330418,1748.151123046875,83600,0.0,0.0
2016-08-04 00:00:00+09:00,1764.4505691176735,1792.9751741611462,1764.4505691176735,1768.5255126953125,105000,0.0,0.0
2016-08-05 00:00:00+09:00,1768.525714054286,1780.7505461790852,1744.0760498046875,1744.0760498046875,48000,0.0,0.0
2016-08-08 00:00:00+09:00,1744.076225630734,1776.67578125,1744.076225630734,1776.67578125,59200,0.0,0.0
2016-08-09 00:00:00+09:00,1748.1510884986733,1772.6007540720814,1699.2517573518573,1727.7763671875,149200,0.0,0.0
2016-08-10 00:00:00+09:00,1735.9262487533244,1735.9262487533244,1703.3266947861257,1723.701416015625,98800,0.0,0.0
2016-08-12 00:00:00+09:00,1740.000877486828,1756.3006515148074,1723.7011034588481,1752.2257080078125,70400,0.0,0.0
2016-08-15 00:00:00+09:00,1740.001199974204,1744.0761442364387,1723.7014229252654,1727.7763671875,44200,0.0,0.0
2016-08-16 00:00:00+09:00,1735.9265929156102,1748.1514280769877,1707.4019775390625,1707.4019775390625,60800,0.0,0.0
2016-08-17 00:00:00+09:00,1703.3264386319775,1723.7011567974316,1699.2514949988865,1715.55126953125,56200,0.0,0.0
2016-08-18 00:00:00+09:00,1711.4763962013135,1711.4763962013135,1678.8768457974788,1687.0267333984375,79000,0.0,0.0
2016-08-19 00:00:00+09:00,1687.026883504037,1715.5514926454096,1687.026883504037,1703.32666015625,61200,0.0,0.0
2016-08-22 00:00:00+09:00,1727.7763671875,1735.9262557119694,1711.4765901385613,1727.7763671875,56600,0.0,0.0
2016-08-23 00:00:00+09:00,1715.55126953125,1727.7761004305225,1707.4013822650684,1715.55126953125,56400,0.0,0.0
2016-08-24 00:00:00+09:00,1731.850990472838,1764.4505385287973,1731.850990472838,1752.2257080078125,66000,0.0,0.0
2016-08-25 00:00:00+09:00,1748.1507645008178,1756.3006515148074,1735.925933979833,1752.2257080078125,54400,0.0,0.0
2016-08-26 00:00:00+09:00,1740.0012069163604,1752.2260397518382,1723.7014298023896,1731.851318359375,57200,0.0,0.0
2016-08-29 00:00:00+09:00,1772.6007289102631,1788.9005057278289,1756.3009520926976,1784.8255615234375,46400,0.0,0.0
2016-08-30 00:00:00+09:00,1776.675760951934,1788.9005941694932,1764.450927734375,1764.450927734375,22600,0.0,0.0
2016-08-31 00:00:00+09:00,1784.8252262443439,1801.125,1776.6753393665158,1801.125,55200,0.0,0.0
2016-09-01 00:00:00+09:00,1776.6758078835226,1805.200419477983,1776.6758078835226,1792.9755859375,72400,0.0,0.0
2016-09-02 00:00:00+09:00,1788.900526535484,1797.0504150390625,1776.6756937801163,1797.0504150390625,31000,0.0,0.0
2016-09-05 00:00:00+09:00,1805.2005678468995,1817.4254023921383,1801.1256229984867,1809.2755126953125,53800,0.0,0.0
2016-09-06 00:00:00+09:00,1801.1253867845858,1821.5001083545471,1801.1253867845858,1813.3502197265625,61800,0.0,0.0
2016-09-07 00:00:00+09:00,1792.9753984723773,1829.6498952593122,1792.9753984723773,1825.574951171875,70400,0.0,0.0
2016-09-08 00:00:00+09:00,1825.5747146436524,1837.79954532207,1817.4248275247076,1829.649658203125,69400,0.0,0.0
2016-09-09 00:00:00+09:00,1825.5747146436524,1837.79954532207,1821.49977108418,1829.649658203125,59600,0.0,0.0
2016-09-12 00:00:00+09:00,1805.2005615234375,1825.575285694131,1797.05067185516,1805.2005615234375,50400,0.0,0.0
2016-09-13 00:00:00+09:00,1821.5001083545471,1829.6499969825315,1805.2003310985779,1813.3502197265625,39000,0.0,0.0
2016-09-14 00:00:00+09:00,1801.1254749644886,1809.2753639914772,1792.9755859375,1792.9755859375,47800,0.0,0.0
2016-09-15 00:00:00+09:00,1797.0501177387853,1797.0501177387853,1764.4505691176735,1768.5255126953125,72400,0.0,0.0
2016-09-16 00:00:00+09:00,1801.125338341003,1805.2002825453944,1780.7506173190461,1784.8255615234375,46600,0.0,0.0
2016-09-20 00:00:00+09:00,1780.7509173024152,1825.5753111017896,1780.7509173024152,1821.5003662109375,73000,0.0,0.0
2016-09-21 00:00:00+09:00,1805.2001530987575,1850.0245361328123,1784.8254335378233,1850.0245361328125,74400,0.0,0.0
2016-09-23 00:00:00+09:00,1845.9500082437094,1886.69945654931,1821.500339260349,1882.62451171875,95600,0.0,0.0
2016-09-26 00:00:00+09:00,1882.6239860417804,1882.6239860417804,1862.2492675781248,1862.249267578125,45000,0.0,0.0
2016-09-27 00:00:00+09:00,1833.7250803673214,1898.9241943359375,1829.650135744283,1898.9241943359375,86200,0.0,0.0
2016-09-28 00:00:00+09:00,1890.6318619791666,1894.777984483507,1849.170636935764,1865.755126953125,69000,40.0,0.0
2016-09-29 00:00:00+09:00,1886.4858217592591,1911.3625578703704,1874.0474537037037,1903.0703125,58600,0.0,0.0
2016-09-30 00:00:00+09:00,1869.9012451171875,1878.1934901066206,1849.1706326436044,1869.9012451171875,63800,0.0,0.0
2016-10-03 00:00:00+09:00,1894.7782952114617,1923.8011575013527,1890.6321720271915,1915.5089111328125,73000,0.0,0.0
2016-10-04 00:00:00+09:00,1915.5085157707556,1948.6774943988205,1898.9240264567231,1944.5313720703125,85400,0.0,0.0
2016-10-05 00:00:00+09:00,1948.6777250645525,1969.408339160984,1944.5316022452662,1956.969970703125,67200,0.0,0.0
2016-10-06 00:00:00+09:00,1961.1160796155427,1981.8466935649672,1961.1160796155427,1969.4083251953125,91600,0.0,0.0
2016-10-07 00:00:00+09:00,1956.969961431962,1969.408329830894,1952.823838632318,1965.26220703125,41000,0.0,0.0
2016-10-11 00:00:00+09:00,1944.5315976294098,1981.8467029144092,1944.5315976294098,1961.1160888671875,41200,0.0,0.0
2016-10-12 00:00:00+09:00,1932.0928799243684,1965.2618564037566,1932.0928799243684,1948.6773681640625,42800,0.0,0.0
2016-10-13 00:00:00+09:00,1948.6776078987525,1965.262098178742,1940.3853627587578,1952.82373046875,36600,0.0,0.0
2016-10-14 00:00:00+09:00,1952.823838632318,1969.408329830894,1944.5315930330303,1965.26220703125,34600,0.0,0.0
2016-10-17 00:00:00+09:00,1965.261814172947,1998.430789939579,1961.115692202118,1994.28466796875,68000,0.0,0.0
2016-10-18 00:00:00+09:00,1981.8465576171875,1994.2849251336133,1977.7004351117123,1981.8465576171875,82200,0.0,0.0
2016-10-19 00:00:00+09:00,1981.8461949890266,1990.1384384827045,1969.4078297485096,1977.7000732421875,49600,0.0,0.0
2016-10-20 00:00:00+09:00,1981.8464314693697,1990.138675952505,1969.4080647446665,1985.9925537109375,40200,0.0,0.0
2016-10-21 00:00:00+09:00,1985.9925537109375,1998.4309204356405,1977.7003092278019,1985.9925537109375,45400,0.0,0.0
2016-10-24 00:00:00+09:00,1973.5541709125907,2002.5770263671875,1973.5541709125907,2002.5770263671875,48800,0.0,0.0
2016-10-25 00:00:00+09:00,2010.8693804956758,2027.4538702317225,2006.723258061664,2015.0155029296875,83200,0.0,0.0
2016-10-26 00:00:00+09:00,1994.2846641698814,1998.4307861328125,1981.846298281088,1998.4307861328125,82600,0.0,0.0
2016-10-27 00:00:00+09:00,1985.992420244019,1998.4307861328125,1977.7001763181568,1998.4307861328125,60600,0.0,0.0
2016-10-28 00:00:00+09:00,2019.1614558821223,2064.768798828125,2015.0153337961221,2064.768798828125,158800,0.0,0.0
2016-10-31 00:00:00+09:00,2064.7687104582055,2064.7687104582055,2010.8691256470474,2027.45361328125,79800,0.0,0.0
2016-11-01 00:00:00+09:00,2015.0156159948128,2027.4539839947809,2002.5772479948448,2023.307861328125,62800,0.0,0.0
2016-11-02 00:00:00+09:00,1998.430778566471,2015.0152663554043,1994.2846566192375,2006.7230224609375,54600,0.0,0.0
2016-11-04 00:00:00+09:00,1994.284890759629,2015.0155029296875,1973.5542785895705,2015.0155029296875,101600,0.0,0.0
2016-11-07 00:00:00+09:00,2035.7458533462213,2044.038097148039,2023.307487643495,2031.5997314453125,88000,0.0,0.0
2016-11-08 00:00:00+09:00,2031.6000798646255,2056.4768155364372,2027.453957252657,2048.1845703125,67000,0.0,0.0
2016-11-09 00:00:00+09:00,2031.6003602923768,2048.1848530294574,1915.5089111328125,1915.5089111328125,112200,0.0,0.0
2016-11-10 00:00:00+09:00,2048.1845352963146,2089.645760707171,2023.3078000498008,2081.353515625,160200,0.0,0.0
2016-11-11 00:00:00+09:00,2081.3536423247256,2093.7920107051523,2052.3307827703966,2077.20751953125,139200,0.0,0.0
2016-11-14 00:00:00+09:00,2089.645842251712,2118.668701171875,2081.3535968459514,2118.668701171875,71000,0.0,0.0
2016-11-15 00:00:00+09:00,2114.5225784689947,2126.9609465776357,2093.7919649545925,2118.668701171875,79600,0.0,0.0
2016-11-16 00:00:00+09:00,2131.107206569882,2131.107206569882,2097.9382228100394,2106.23046875,66200,0.0,0.0
2016-11-17 00:00:00+09:00,2097.9377288219976,2122.8144607843137,2093.791606828278,2114.522216796875,86800,0.0,0.0
2016-11-18 00:00:00+09:00,2131.107069280516,2131.107069280516,2110.3764557661143,2118.668701171875,102200,0.0,0.0
2016-11-21 00:00:00+09:00,2122.814445525292,2135.252811417042,2118.6683235613755,2131.106689453125,89200,0.0,0.0
2016-11-22 00:00:00+09:00,2135.252826765472,2139.398948759191,2106.2299728094363,2114.522216796875,79400,0.0,0.0
2016-11-24 00:00:00+09:00,2147.69119274663,2147.69119274663,2106.2299728094363,2114.522216796875,61400,0.0,0.0
2016-11-25 00:00:00+09:00,2126.9605827780333,2126.9605827780333,2102.0838508157167,2114.522216796875,127000,0.0,0.0
2016-11-28 00:00:00+09:00,2106.230324074074,2135.2531828703704,2085.4997106481483,2126.9609375,80800,0.0,0.0
2016-11-29 00:00:00+09:00,2114.5220769493326,2135.252685546875,2106.2298335103155,2135.252685546875,74400,0.0,0.0
2016-11-30 00:00:00+09:00,2135.2527888371396,2155.9833984375,2126.9605449969954,2155.9833984375,92400,0.0,0.0
2016-12-01 00:00:00+09:00,2172.5678937168195,2185.006259520542,2147.691162109375,2147.691162109375,154600,0.0,0.0
2016-12-02 00:00:00+09:00,2139.3993055555557,2147.691550925926,2118.6686921296296,2126.9609375,104800,0.0,0.0
2016-12-05 00:00:00+09:00,2106.2299728094363,2118.668338790594,2089.645484834559,2114.522216796875,64800,0.0,0.0
2016-12-06 00:00:00+09:00,2126.9605449969954,2160.1295203575723,2122.814423076923,2155.9833984375,87400,0.0,0.0
2016-12-07 00:00:00+09:00,2164.276005428263,2172.568250659789,2151.8376375809744,2160.1298828125,72000,0.0,0.0
2016-12-08 00:00:00+09:00,2176.714095636667,2197.444706071302,2160.129607288959,2193.298583984375,91000,0.0,0.0
2016-12-09 00:00:00+09:00,2151.8373631151053,2197.444706071302,2151.8373631151053,2193.298583984375,150400,0.0,0.0
2016-12-12 00:00:00+09:00,2205.7371440330407,2243.05224609375,2201.591021581851,2243.05224609375,143800,0.0,0.0
2016-12-13 00:00:00+09:00,2234.76000119137,2255.4906134473194,2222.3216338378,2243.05224609375,98800,0.0,0.0
2016-12-14 00:00:00+09:00,2230.6137859901687,2230.6137859901687,2201.5909300386234,2214.029296875,94600,0.0,0.0
2016-12-15 00:00:00+09:00,2218.17551138661,2247.19836854494,2218.17551138661,2243.05224609375,103200,0.0,0.0
2016-12-16 00:00:00+09:00,2251.3444739105507,2267.9289635894497,2238.9061066513764,2259.63671875,103600,0.0,0.0
2016-12-19 00:00:00+09:00,2247.1984953703704,2259.636863425926,2234.760127314815,2238.90625,96000,0.0,0.0
2016-12-20 00:00:00+09:00,2234.7602350224447,2251.3447265625,2226.4679892524173,2251.3447265625,70800,0.0,0.0
2016-12-21 00:00:00+09:00,2255.490740740741,2255.490740740741,2226.4678819444443,2238.90625,82000,0.0,0.0
2016-12-22 00:00:00+09:00,2251.3446271818366,2251.3446271818366,2222.32176826789,2230.614013671875,96000,0.0,0.0
2016-12-26 00:00:00+09:00,2238.9061408868715,2238.9061408868715,2222.3216509543763,2226.4677734375,43800,0.0,0.0
2016-12-27 00:00:00+09:00,2230.613895920624,2247.1983858531194,2222.3216509543763,2226.4677734375,59600,0.0,0.0
2016-12-28 00:00:00+09:00,2226.468008066153,2234.76025390625,2222.321885146104,2234.76025390625,34800,0.0,0.0
2016-12-29 00:00:00+09:00,2205.7371696115656,2218.175537109375,2193.2988021137558,2218.175537109375,85200,0.0,0.0
2016-12-30 00:00:00+09:00,2197.4449246130257,2218.175537109375,2185.0065571152163,2218.175537109375,55200,0.0,0.0
2017-01-04 00:00:00+09:00,2243.0525492864394,2296.9521484375,2238.9064262748193,2296.9521484375,146600,0.0,0.0
2017-01-05 00:00:00+09:00,2292.80579055565,2296.95191314255,2272.0751776211505,2288.65966796875,83400,0.0,0.0
2017-01-06 00:00:00+09:00,2263.7829412286933,2284.513554243608,2255.490696022727,2280.367431640625,64400,0.0,0.0
2017-01-10 00:00:00+09:00,2280.3670692096425,2288.6593130976776,2259.636459489555,2276.220947265625,86000,0.0,0.0
2017-01-11 00:00:00+09:00,2288.6592980051987,2305.243785671903,2284.513176088523,2292.805419921875,86200,0.0,0.0
2017-01-12 00:00:00+09:00,2284.513427734375,2292.805672481142,2267.9289382408406,2284.513427734375,61800,0.0,0.0
2017-01-13 00:00:00+09:00,2276.220947265625,2284.51319115366,2267.92870337759,2276.220947265625,48600,0.0,0.0
2017-01-16 00:00:00+09:00,2276.2208359267684,2280.366957667983,2255.490227220696,2263.782470703125,53000,0.0,0.0
2017-01-17 00:00:00+09:00,2267.929108796296,2267.929108796296,2230.6140046296296,2238.90625,71800,0.0,0.0
2017-01-18 00:00:00+09:00,2234.760018403748,2234.760018403748,2201.591038538757,2226.4677734375,53800,0.0,0.0
2017-01-19 00:00:00+09:00,2251.3447265625,2251.3447265625,2238.9063579074586,2251.3447265625,40200,0.0,0.0
2017-01-20 00:00:00+09:00,2238.905997751384,2259.6366088416744,2230.6137533152673,2247.1982421875,87800,0.0,0.0
2017-01-23 00:00:00+09:00,2238.905997751384,2263.7827310597327,2222.321508879151,2247.1982421875,49400,0.0,0.0
2017-01-24 00:00:00+09:00,2238.906376826299,2247.198622666396,2226.468008066153,2234.76025390625,40600,0.0,0.0
2017-01-25 00:00:00+09:00,2272.075060614224,2284.513427734375,2267.9289382408406,2284.513427734375,93600,0.0,0.0
2017-01-26 00:00:00+09:00,2288.6599024142597,2305.24439446074,2276.2215333793997,2296.9521484375,75200,0.0,0.0
2017-01-27 00:00:00+09:00,2305.243896484375,2309.3900186003543,2292.805530136438,2305.243896484375,51600,0.0,0.0
2017-01-30 00:00:00+09:00,2284.513519177727,2321.82862203181,2280.367396638385,2313.536376953125,72000,0.0,0.0
2017-01-31 00:00:00+09:00,2288.65966796875,2296.95191314255,2263.7829324473505,2288.65966796875,42800,0.0,0.0
2017-02-01 00:00:00+09:00,2263.7824218749997,2334.266489955357,2259.636300223214,2321.828125,87200,0.0,0.0
2017-02-02 00:00:00+09:00,2334.267034600251,2334.267034600251,2267.929072693317,2272.0751953125,46000,0.0,0.0
2017-02-03 00:00:00+09:00,2276.221309037642,2301.09804465554,2272.075186434659,2280.367431640625,46200,0.0,0.0
2017-02-06 00:00:00+09:00,2292.8058084084173,2292.8058084084173,2259.63682745495,2272.0751953125,30800,0.0,0.0
2017-02-07 00:00:00+09:00,2251.3444739105507,2272.0750860091744,2243.052229071101,2259.63671875,29800,0.0,0.0
2017-02-08 00:00:00+09:00,2238.906214359033,2276.2213179316836,2238.906214359033,2272.0751953125,67000,0.0,0.0
2017-02-09 00:00:00+09:00,2276.2211998864545,2276.2211998864545,2251.344465461466,2267.928955078125,50600,0.0,0.0
2017-02-10 00:00:00+09:00,2247.198171114426,2263.782659462134,2180.860217723594,2193.298583984375,180200,0.0,0.0
2017-02-13 00:00:00+09:00,2218.175453529702,2301.097900390625,2218.175453529702,2301.097900390625,144000,0.0,0.0
2017-02-14 00:00:00+09:00,2301.098126187947,2338.413230936941,2292.805880688171,2317.6826171875,119400,0.0,0.0
2017-02-15 00:00:00+09:00,2321.8280974911972,2354.9970703125,2305.2436110805456,2354.9970703125,108000,0.0,0.0
2017-02-16 00:00:00+09:00,2346.705204300332,2359.1435711075774,2330.1207152240045,2342.55908203125,50400,0.0,0.0
2017-02-17 00:00:00+09:00,2325.9748626872765,2338.413230936941,2305.2442489378354,2317.6826171875,68200,0.0,0.0
2017-02-20 00:00:00+09:00,2296.951778047579,2313.5362674197636,2288.6595333614864,2301.097900390625,58400,0.0,0.0
2017-02-21 00:00:00+09:00,2313.5365925241026,2346.705575929466,2313.5365925241026,2338.413330078125,76000,0.0,0.0
2017-02-22 00:00:00+09:00,2325.974365234375,2334.266608960701,2305.2437559185605,2325.974365234375,80200,0.0,0.0
2017-02-23 00:00:00+09:00,2334.26708984375,2338.4132125610568,2301.098108105295,2334.26708984375,68400,0.0,0.0
2017-02-24 00:00:00+09:00,2321.828125,2338.412611607143,2292.8052734375,2321.828125,68600,0.0,0.0
2017-02-27 00:00:00+09:00,2288.6594080204586,2309.3900186003543,2263.782675324584,2305.243896484375,101000,0.0,0.0
2017-02-28 00:00:00+09:00,2334.2671081870526,2346.705476436717,2313.5364944376115,2317.6826171875,95000,0.0,0.0
2017-03-01 00:00:00+09:00,2321.8280974911972,2354.9970703125,2305.2436110805456,2354.9970703125,83600,0.0,0.0
2017-03-02 00:00:00+09:00,2379.874149555519,2392.3125161908265,2363.289660708442,2375.72802734375,84200,0.0,0.0
2017-03-03 00:00:00+09:00,2367.436053240741,2371.582175925926,2342.5593171296296,2350.8515625,27800,0.0,0.0
2017-03-06 00:00:00+09:00,2346.705204300332,2354.9974488384955,2334.2668374930863,2342.55908203125,36000,0.0,0.0
2017-03-07 00:00:00+09:00,2338.4131944444443,2359.1438078703704,2325.9748263888887,2350.8515625,56200,0.0,0.0
2017-03-08 00:00:00+09:00,2350.8516988551364,2350.8516988551364,2330.121084226784,2338.413330078125,53400,0.0,0.0
2017-03-09 00:00:00+09:00,2363.2900390625,2367.436161938048,2346.705547560307,2363.2900390625,69600,0.0,0.0
2017-03-10 00:00:00+09:00,2400.6044850439703,2413.042850251452,2384.0199981006613,2408.896728515625,139400,0.0,0.0
2017-03-13 00:00:00+09:00,2400.6045954456067,2425.4813270046284,2392.3123515925995,2421.335205078125,67200,0.0,0.0
2017-03-14 00:00:00+09:00,2425.4818253664625,2437.9201937016755,2413.04345703125,2413.04345703125,67000,0.0,0.0
2017-03-15 00:00:00+09:00,2392.3127710773315,2396.458893730845,2363.2899125027366,2367.43603515625,71600,0.0,0.0
2017-03-16 00:00:00+09:00,2363.2899214974186,2384.020534843887,2350.8515534895373,2359.143798828125,119200,0.0,0.0
2017-03-17 00:00:00+09:00,2350.851294073135,2388.1663939790574,2350.851294073135,2375.72802734375,83400,0.0,0.0
2017-03-21 00:00:00+09:00,2350.851544542196,2375.728280463277,2346.705421888682,2367.43603515625,75600,0.0,0.0
2017-03-22 00:00:00+09:00,2342.5592615984488,2342.5592615984488,2288.65966796875,2288.65966796875,87000,0.0,0.0
2017-03-23 00:00:00+09:00,2284.5135453818502,2296.95191314255,2272.0751776211505,2288.65966796875,68800,0.0,0.0
2017-03-24 00:00:00+09:00,2288.65964171707,2321.82862203181,2263.782906481015,2313.536376953125,136600,0.0,0.0
2017-03-27 00:00:00+09:00,2284.513554243608,2305.244167258523,2280.367431640625,2280.367431640625,41400,0.0,0.0
2017-03-28 00:00:00+09:00,2313.536476257216,2334.26708984375,2309.390353539909,2334.26708984375,71800,0.0,0.0
2017-03-29 00:00:00+09:00,2334.266845703125,2355.2962767454956,2321.6491870777027,2334.266845703125,69600,40.0,0.0
2017-03-30 00:00:00+09:00,2334.2665642076504,2334.2665642076504,2309.03125,2309.03125,50800,0.0,0.0
2017-03-31 00:00:00+09:00,2338.472956870919,2338.472956870919,2254.355224609375,2254.355224609375,102600,0.0,0.0
2017-04-03 00:00:00+09:00,2283.796102627841,2338.4726207386366,2279.590216619318,2313.2373046875,137200,0.0,0.0
2017-04-04 00:00:00+09:00,2313.2377469385397,2313.2377469385397,2266.972991999769,2275.384765625,107400,0.0,0.0
2017-04-05 00:00:00+09:00,2275.3843350827806,2283.796107116358,2245.9431329652584,2258.560791015625,37800,0.0,0.0
2017-04-06 00:00:00+09:00,2241.7376706659225,2250.1494442894345,2208.090576171875,2208.090576171875,46600,0.0,0.0
2017-04-07 00:00:00+09:00,2250.1492292328744,2250.1492292328744,2220.708024364407,2233.32568359375,68000,0.0,0.0
2017-04-10 00:00:00+09:00,2241.7374729342228,2283.7963373419943,2224.913927171114,2245.943359375,52800,0.0,0.0
2017-04-11 00:00:00+09:00,2216.5021379546256,2254.355115642655,2216.5021379546256,2233.32568359375,48000,0.0,0.0
2017-04-12 00:00:00+09:00,2220.708067449905,2220.708067449905,2191.2668620102277,2203.884521484375,42600,0.0,0.0
2017-04-13 00:00:00+09:00,2166.03125,2178.6489077669903,2157.61947815534,2166.03125,77200,0.0,0.0
2017-04-14 00:00:00+09:00,2157.6195708225036,2191.2666596462464,2145.0019125136,2174.443115234375,67000,0.0,0.0
2017-04-17 00:00:00+09:00,2170.2371359223303,2178.6489077669903,2153.4135922330097,2166.03125,29200,0.0,0.0
2017-04-18 00:00:00+09:00,2187.0607735432786,2216.5019762640536,2170.2372291314073,2174.443115234375,39600,0.0,0.0
2017-04-19 00:00:00+09:00,2153.4133687258686,2195.4722235837958,2153.4133687258686,2178.648681640625,73200,0.0,0.0
2017-04-20 00:00:00+09:00,2174.44266709862,2208.0897489879603,2174.44266709862,2199.677978515625,42800,0.0,0.0
2017-04-21 00:00:00+09:00,2229.119797183969,2241.737456413312,2220.708024364407,2233.32568359375,67000,0.0,0.0
2017-04-24 00:00:00+09:00,2266.9727151175525,2266.9727151175525,2208.090306932681,2250.149169921875,50800,0.0,0.0
2017-04-25 00:00:00+09:00,2250.149353820008,2271.178787033279,2237.5316938920455,2266.972900390625,65600,0.0,0.0
2017-04-26 00:00:00+09:00,2288.002138458029,2304.82568359375,2271.1785933223086,2304.82568359375,68200,0.0,0.0
2017-04-27 00:00:00+09:00,2288.001988636364,2321.6490767045457,2288.001988636364,2313.2373046875,54000,0.0,0.0
2017-04-28 00:00:00+09:00,2321.649228729471,2321.649228729471,2283.796252174099,2304.82568359375,72800,0.0,0.0
2017-05-01 00:00:00+09:00,2313.2374897760606,2330.06103515625,2304.8257170859656,2330.06103515625,51800,0.0,0.0
2017-05-02 00:00:00+09:00,2351.090576171875,2359.502349252991,2338.4729165502013,2351.090576171875,75400,0.0,0.0
2017-05-08 00:00:00+09:00,2388.9432615500864,2435.2080078125,2384.7373755262306,2435.2080078125,132400,0.0,0.0
2017-05-09 00:00:00+09:00,2439.413893836356,2443.6197798602116,2418.384463717077,2435.2080078125,107800,0.0,0.0
2017-05-10 00:00:00+09:00,2397.3551659135455,2431.002255961455,2397.3551659135455,2414.1787109375,68200,0.0,0.0
2017-05-11 00:00:00+09:00,2409.9728246815116,2426.796369705466,2397.3551659135455,2414.1787109375,53800,0.0,0.0
2017-05-12 00:00:00+09:00,2414.17877004523,2422.590542763158,2380.5316791735195,2397.355224609375,63200,0.0,0.0
2017-05-15 00:00:00+09:00,2355.296435632689,2397.355300554701,2355.296435632689,2393.1494140625,82600,0.0,0.0
2017-05-16 00:00:00+09:00,2409.972960031305,2409.972960031305,2384.7376410780976,2393.1494140625,58600,0.0,0.0
2017-05-17 00:00:00+09:00,2380.5315697594024,2393.1492282563604,2372.119797428097,2376.32568359375,73200,0.0,0.0
2017-05-18 00:00:00+09:00,2346.8845805364394,2355.2963532265344,2325.8551488112025,2330.06103515625,81200,0.0,0.0
2017-05-19 00:00:00+09:00,2325.8548483352934,2351.0901631454412,2313.2371909302196,2346.88427734375,55800,0.0,0.0
2017-05-22 00:00:00+09:00,2351.0903905370214,2351.0903905370214,2330.060959494651,2334.266845703125,39200,0.0,0.0
2017-05-23 00:00:00+09:00,2317.44328374448,2330.0609422766643,2304.825625212296,2321.649169921875,62400,0.0,0.0
2017-05-24 00:00:00+09:00,2342.6782787247116,2351.090049923005,2317.4429651298315,2325.854736328125,53600,0.0,0.0
2017-05-25 00:00:00+09:00,2330.0609422766643,2330.0609422766643,2313.2373975670857,2321.649169921875,69600,0.0,0.0
2017-05-26 00:00:00+09:00,2321.649262466155,2334.2669215012975,2313.2374897760606,2330.06103515625,71800,0.0,0.0
2017-05-29 00:00:00+09:00,2334.266770177608,2351.0903144671765,2321.6491119604316,2338.47265625,41200,0.0,0.0
2017-05-30 00:00:00+09:00,2325.8552728293207,2372.120025091748,2321.649386260009,2363.708251953125,52800,0.0,0.0
2017-05-31 00:00:00+09:00,2342.678466796875,2359.50201054407,2342.678466796875,2342.678466796875,62600,0.0,0.0
2017-06-01 00:00:00+09:00,2342.6786689487753,2376.3257593466037,2342.6786689487753,2372.119873046875,64200,0.0,0.0
2017-06-02 00:00:00+09:00,2393.1492796575567,2422.5904834494777,2380.5316208895906,2414.1787109375,120600,0.0,0.0
2017-06-05 00:00:00+09:00,2388.943376477671,2409.9728076086362,2359.5021728943193,2401.56103515625,115400,0.0,0.0
2017-06-06 00:00:00+09:00,2405.7671176462413,2405.7671176462413,2363.708251953125,2363.708251953125,78400,0.0,0.0
2017-06-07 00:00:00+09:00,2363.707910667539,2414.178542212042,2351.0902527814137,2409.97265625,117600,0.0,0.0
2017-06-08 00:00:00+09:00,2405.7669973273028,2409.9728836862664,2388.9434518914472,2397.355224609375,82400,0.0,0.0
2017-06-09 00:00:00+09:00,2393.1492627038638,2414.178693834829,2380.5316040252847,2401.56103515625,80800,0.0,0.0
2017-06-12 00:00:00+09:00,2409.97265625,2418.384428174084,2397.3549983638745,2409.97265625,45600,0.0,0.0
2017-06-13 00:00:00+09:00,2409.9729169209795,2431.002349005805,2401.56114408705,2422.590576171875,54200,0.0,0.0
2017-06-14 00:00:00+09:00,2431.0020860602094,2431.0020860602094,2409.97265625,2409.97265625,47400,0.0,0.0
2017-06-15 00:00:00+09:00,2393.1493976714332,2401.5611705982224,2372.1199653544613,2380.53173828125,51400,0.0,0.0
2017-06-16 00:00:00+09:00,2380.531489502375,2435.2080078125,2380.531489502375,2435.2080078125,104200,0.0,0.0
2017-06-19 00:00:00+09:00,2431.0025175679702,2452.0319511109456,2418.384857442185,2426.796630859375,58200,0.0,0.0
2017-06-20 00:00:00+09:00,2447.82568359375,2460.4433417566042,2443.6197975394653,2447.82568359375,65200,0.0,0.0
2017-06-21 00:00:00+09:00,2443.6201011367325,2447.8259877135597,2426.796554829423,2431.00244140625,54600,0.0,0.0
2017-06-22 00:00:00+09:00,2426.7965115017364,2464.649490017361,2426.7965115017364,2460.443603515625,55400,0.0,0.0
2017-06-23 00:00:00+09:00,2460.443435041872,2464.649321255619,2447.8257764006316,2456.237548828125,64600,0.0,0.0
2017-06-26 00:00:00+09:00,2460.4433417566042,2464.649227810889,2443.6197975394653,2447.82568359375,46800,0.0,0.0
2017-06-27 00:00:00+09:00,2447.825235172194,2473.060546875,2447.825235172194,2473.060546875,50000,0.0,0.0
2017-06-28 00:00:00+09:00,2464.6493383664288,2489.8846558241053,2464.6493383664288,2468.855224609375,72000,0.0,0.0
2017-06-29 00:00:00+09:00,2481.47314453125,2489.8849179025424,2464.6495977886652,2481.47314453125,76200,0.0,0.0
2017-06-30 00:00:00+09:00,2460.443711103019,2489.8849179025424,2452.0319377317264,2481.47314453125,78600,0.0,0.0
2017-07-03 00:00:00+09:00,2468.8550914042708,2502.502179532438,2464.64920538825,2489.884521484375,112400,0.0,0.0
2017-07-04 00:00:00+09:00,2477.267271362516,2494.0908181968966,2418.384857442185,2426.796630859375,130200,0.0,0.0
2017-07-05 00:00:00+09:00,2439.414020908752,2473.061110852321,2431.00224842286,2468.855224609375,82200,0.0,0.0
2017-07-06 00:00:00+09:00,2435.2077079759865,2464.6489065180103,2435.2077079759865,2452.03125,61200,0.0,0.0
2017-07-07 00:00:00+09:00,2422.5907441507798,2460.443724528136,2422.5907441507798,2426.796630859375,41200,0.0,0.0
2017-07-10 00:00:00+09:00,2456.237040797117,2456.237040797117,2426.7958433903023,2443.619384765625,66400,0.0,0.0
2017-07-11 00:00:00+09:00,2443.6197401443847,2473.0609418328713,2443.6197401443847,2464.649169921875,27200,0.0,0.0
2017-07-12 00:00:00+09:00,2460.4429261409477,2460.4429261409477,2431.001728734133,2443.619384765625,65600,0.0,0.0
2017-07-13 00:00:00+09:00,2460.443603515625,2473.0612630208334,2435.2082845052087,2460.443603515625,73600,0.0,0.0
2017-07-14 00:00:00+09:00,2460.4433017594706,2481.472731689039,2456.237415773557,2477.266845703125,58200,0.0,0.0
2017-07-17 00:00:00+09:00,2477.266845703125,2477.266845703125,2477.266845703125,2477.266845703125,0,0.0,0.0
2017-07-18 00:00:00+09:00,2477.266432158801,2477.266432158801,2452.031120455995,2473.060546875,56800,0.0,0.0
2017-07-19 00:00:00+09:00,2452.0318305121527,2477.2671495225695,2452.0318305121527,2460.443603515625,37600,0.0,0.0
2017-07-20 00:00:00+09:00,2460.443319372229,2494.090407500396,2460.443319372229,2489.884521484375,46400,0.0,0.0
2017-07-21 00:00:00+09:00,2468.855055877373,2498.29625756586,2464.649169921875,2464.649169921875,47200,0.0,0.0
2017-07-24 00:00:00+09:00,2456.237507931472,2485.6787109375,2452.031621787754,2485.6787109375,69200,0.0,0.0
2017-07-25 00:00:00+09:00,2481.4724485420243,2481.4724485420243,2447.8253644939964,2452.03125,64800,0.0,0.0
2017-07-26 00:00:00+09:00,2456.237361934267,2468.8550196154365,2422.590274784483,2439.413818359375,51800,0.0,0.0
2017-07-27 00:00:00+09:00,2443.6197975394653,2468.8551138651737,2435.2080254308958,2447.82568359375,60200,0.0,0.0
2017-07-28 00:00:00+09:00,2431.002121788644,2439.413893836356,2414.178577693221,2435.2080078125,47000,0.0,0.0
2017-07-31 00:00:00+09:00,2418.384428174084,2431.0020860602094,2409.97265625,2409.97265625,90200,0.0,0.0
2017-08-01 00:00:00+09:00,2414.17818735881,2452.0311554532864,2414.17818735881,2443.619384765625,43400,0.0,0.0
2017-08-02 00:00:00+09:00,2456.2375658805363,2473.061110852321,2426.7963621799136,2468.855224609375,70000,0.0,0.0
2017-08-03 00:00:00+09:00,2460.4433940751906,2489.8845970812185,2452.031621787754,2485.6787109375,38600,0.0,0.0
2017-08-04 00:00:00+09:00,2489.8846484375,2523.53173828125,2473.061103515625,2523.53173828125,117600,0.0,0.0
2017-08-07 00:00:00+09:00,2544.560810279539,2616.0608661055758,2540.3549246427133,2611.85498046875,170800,0.0,0.0
2017-08-08 00:00:00+09:00,2620.2671408351466,2700.1789798012264,2620.2671408351466,2658.1201171875,144600,0.0,0.0
2017-08-09 00:00:00+09:00,2637.090390464908,2637.090390464908,2557.17856045082,2565.59033203125,107800,0.0,0.0
2017-08-10 00:00:00+09:00,2569.7965382543102,2586.620083512931,2552.9729929956898,2561.384765625,60400,0.0,0.0
2017-08-11 00:00:00+09:00,2561.384765625,2561.384765625,2561.384765625,2561.384765625,0,0.0,0.0
2017-08-14 00:00:00+09:00,2519.325927734375,2548.7671322321057,2515.1200413775564,2519.325927734375,80000,0.0,0.0
2017-08-15 00:00:00+09:00,2557.1786752491694,2569.7963331862543,2527.737473395972,2531.943359375,80600,0.0,0.0
2017-08-16 00:00:00+09:00,2548.7671322321057,2561.3847913025616,2519.325927734375,2519.325927734375,56200,0.0,0.0
2017-08-17 00:00:00+09:00,2527.73760730737,2540.3552659128977,2510.9140625,2510.9140625,71800,0.0,0.0
2017-08-18 00:00:00+09:00,2477.266639311975,2523.531381302521,2452.0313254989496,2502.501953125,85000,0.0,0.0
2017-08-21 00:00:00+09:00,2510.914155020738,2531.943586804831,2502.5023823071006,2519.325927734375,58000,0.0,0.0
2017-08-22 00:00:00+09:00,2519.3259771246658,2569.7966143959447,2515.120090685393,2557.178955078125,66600,0.0,0.0
2017-08-23 00:00:00+09:00,2586.6198001690764,2586.6198001690764,2536.149169921875,2536.149169921875,70600,0.0,0.0
2017-08-24 00:00:00+09:00,2531.9435614224135,2574.0024245689656,2531.9435614224135,2561.384765625,66800,0.0,0.0
2017-08-25 00:00:00+09:00,2574.0023076630873,2607.6493966521475,2548.7669909212923,2595.03173828125,68200,0.0,0.0
2017-08-28 00:00:00+09:00,2595.031437921447,2611.85498046875,2582.41378101097,2611.85498046875,49200,0.0,0.0
2017-08-29 00:00:00+09:00,2611.8551671875002,2628.6787109375,2595.0316234375,2628.6787109375,62400,0.0,0.0
2017-08-30 00:00:00+09:00,2645.502458403382,2658.1201171875,2632.8847996192644,2658.1201171875,77000,0.0,0.0
2017-08-31 00:00:00+09:00,2658.119836386781,2666.5316080209163,2624.47274985024,2632.884521484375,88600,0.0,0.0
2017-09-01 00:00:00+09:00,2632.884596875,2645.5022546875,2595.0316234375,2628.6787109375,89600,0.0,0.0
2017-09-04 00:00:00+09:00,2611.855478788677,2620.2672516672237,2548.7671821995787,2557.178955078125,78800,0.0,0.0
2017-09-05 00:00:00+09:00,2552.9727133376086,2569.7962567533427,2536.149169921875,2536.149169921875,62800,0.0,0.0
2017-09-06 00:00:00+09:00,2523.5319064579867,2536.1495659902766,2510.9142469256967,2527.73779296875,70800,0.0,0.0
2017-09-07 00:00:00+09:00,2536.149464326746,2582.414214090584,2536.149464326746,2574.00244140625,72000,0.0,0.0
2017-09-08 00:00:00+09:00,2557.17856045082,2582.413875192111,2552.9726746606048,2565.59033203125,76200,0.0,0.0
2017-09-11 00:00:00+09:00,2590.8255897546824,2628.6785610335655,2578.2079326617213,2582.413818359375,77800,0.0,0.0
2017-09-12 00:00:00+09:00,2599.237700227019,2599.237700227019,2569.796496502765,2590.825927734375,74600,0.0,0.0
2017-09-13 00:00:00+09:00,2599.237548828125,2620.266978834825,2586.619890824105,2599.237548828125,62200,0.0,0.0
2017-09-14 00:00:00+09:00,2607.649455482769,2611.8553417012895,2574.002365734604,2578.208251953125,42200,0.0,0.0
2017-09-15 00:00:00+09:00,2620.2669210648614,2620.2669210648614,2595.0316056131933,2616.06103515625,111200,0.0,0.0
2017-09-18 00:00:00+09:00,2616.06103515625,2616.06103515625,2616.06103515625,2616.06103515625,0,0.0,0.0
2017-09-19 00:00:00+09:00,2653.9142645474135,2687.561355064655,2653.9142645474135,2683.35546875,102600,0.0,0.0
2017-09-20 00:00:00+09:00,2691.767470472441,2704.3851304902805,2666.5321504367616,2670.738037109375,82400,0.0,0.0
2017-09-21 00:00:00+09:00,2662.3257222038487,2670.737493837984,2624.47274985024,2632.884521484375,62400,0.0,0.0
2017-09-22 00:00:00+09:00,2658.1202526913876,2658.1202526913876,2624.4731608851675,2637.0908203125,62400,0.0,0.0
2017-09-25 00:00:00+09:00,2670.737700017896,2674.943586159656,2645.502383167333,2662.325927734375,79000,0.0,0.0
2017-09-26 00:00:00+09:00,2662.325627253606,2687.5609412560098,2637.090313251202,2679.149169921875,69600,0.0,0.0
2017-09-27 00:00:00+09:00,2687.667987470048,2691.9273662140577,2657.852336261981,2666.37109375,81800,40.0,0.0
2017-09-28 00:00:00+09:00,2674.8902170688293,2691.927734375,2657.852699762658,2691.927734375,53800,0.0,0.0
2017-09-29 00:00:00+09:00,2687.6682533878848,2704.705770049615,2670.630736726155,2696.18701171875,47000,0.0,0.0
2017-10-02 00:00:00+09:00,2704.7054418130215,2704.7054418130215,2674.8897912733505,2679.149169921875,43000,0.0,0.0
2017-10-03 00:00:00+09:00,2691.92799418036,2730.2624118190042,2653.5935765417157,2721.74365234375,167000,0.0,0.0
2017-10-04 00:00:00+09:00,2730.2621483138846,2730.2621483138846,2683.4089757219144,2691.927734375,69000,0.0,0.0
2017-10-05 00:00:00+09:00,2704.7061963351266,2730.262475355616,2691.928056824882,2708.965576171875,74400,0.0,0.0
2017-10-06 00:00:00+09:00,2691.928056824882,2713.2249560086234,2687.668676988134,2708.965576171875,34400,0.0,0.0
2017-10-09 00:00:00+09:00,2708.965576171875,2708.965576171875,2708.965576171875,2708.965576171875,0,0.0,0.0
2017-10-10 00:00:00+09:00,2708.965007521351,2743.0400390625,2704.705628578707,2743.0400390625,44200,0.0,0.0
2017-10-11 00:00:00+09:00,2734.521403249902,2734.521403249902,2713.224507585962,2717.48388671875,56400,0.0,0.0
2017-10-12 00:00:00+09:00,2717.4841134483954,2730.2622519128863,2683.4090775430864,2687.66845703125,66800,0.0,0.0
2017-10-13 00:00:00+09:00,2683.4085485703995,2691.927305867448,2657.8522766792526,2679.149169921875,80000,0.0,0.0
2017-10-16 00:00:00+09:00,2704.705770049615,2717.483907545912,2683.4088742224526,2696.18701171875,58600,0.0,0.0
2017-10-17 00:00:00+09:00,2713.224507585962,2721.743265851538,2700.446370187598,2717.48388671875,54600,0.0,0.0
2017-10-18 00:00:00+09:00,2726.002644984326,2726.002644984326,2700.446370187598,2717.48388671875,34400,0.0,0.0
2017-10-19 00:00:00+09:00,2726.00244140625,2738.7805778503416,2717.4836837768553,2726.00244140625,58000,0.0,0.0
2017-10-20 00:00:00+09:00,2700.446450301791,2738.780863634151,2700.446450301791,2734.521484375,61600,0.0,0.0
2017-10-23 00:00:00+09:00,2747.299357536587,2764.3368729321633,2743.0399786876933,2755.818115234375,79800,0.0,0.0
2017-10-24 00:00:00+09:00,2755.817919109304,2815.44921875,2755.817919109304,2815.44921875,131800,0.0,0.0
2017-10-25 00:00:00+09:00,2836.7465008969034,2845.2652591578553,2811.1902261140485,2819.708984375,82600,0.0,0.0
2017-10-26 00:00:00+09:00,2819.7093469311376,2866.5625233907185,2819.7093469311376,2845.265625,81000,0.0,0.0
2017-10-27 00:00:00+09:00,2853.784526374486,2870.822045934931,2836.7470068140415,2849.525146484375,74800,0.0,0.0
2017-10-30 00:00:00+09:00,2832.487485965569,2853.7843843562873,2815.449967252994,2845.265625,103400,0.0,0.0
2017-10-31 00:00:00+09:00,2841.0058186237075,2853.7839557389566,2823.968302470042,2832.487060546875,60200,0.0,0.0
2017-11-01 00:00:00+09:00,2849.5244331819463,2853.783812005836,2815.449402590832,2828.2275390625,69800,0.0,0.0
2017-11-02 00:00:00+09:00,2815.449260360695,2823.968017578125,2785.633610099689,2823.968017578125,62600,0.0,0.0
2017-11-03 00:00:00+09:00,2823.968017578125,2823.968017578125,2823.968017578125,2823.968017578125,0,0.0,0.0
2017-11-06 00:00:00+09:00,2785.634340347782,2819.7093781502017,2768.596821446573,2772.856201171875,84600,0.0,0.0
2017-11-07 00:00:00+09:00,2777.115012092185,2819.708800621206,2760.0774966805766,2806.9306640625,120600,0.0,0.0
2017-11-08 00:00:00+09:00,2789.8931701476868,2836.746337890625,2764.3368968333566,2836.746337890625,132400,0.0,0.0
2017-11-09 00:00:00+09:00,2853.783855607024,2934.7120544973727,2841.0057189401273,2887.85888671875,191200,0.0,0.0
2017-11-10 00:00:00+09:00,2845.265601783061,2883.600018573551,2841.006222139673,2866.5625,120000,0.0,0.0
2017-11-13 00:00:00+09:00,2853.7843843562873,2853.7843843562873,2828.2281062874254,2845.265625,45800,0.0,0.0
2017-11-14 00:00:00+09:00,2832.4875251428407,2870.821942776353,2832.4875251428407,2853.784423828125,100200,0.0,0.0
2017-11-15 00:00:00+09:00,2841.006461513881,2849.52522151842,2785.634521484375,2785.634521484375,129200,0.0,0.0
2017-11-16 00:00:00+09:00,2743.0403804866414,2798.412313633111,2721.7434831226146,2789.8935546875,77600,0.0,0.0
2017-11-17 00:00:00+09:00,2815.4495237402643,2841.005797783292,2794.1526287044076,2802.67138671875,93200,0.0,0.0
2017-11-20 00:00:00+09:00,2789.8933510511797,2828.2277635083715,2781.374592727359,2798.412109375,119600,0.0,0.0
2017-11-21 00:00:00+09:00,2798.412313633111,2836.746728888359,2781.3747957418896,2789.8935546875,93600,0.0,0.0
2017-11-22 00:00:00+09:00,2849.524289230416,2866.5618036652763,2811.1898817519796,2823.968017578125,106200,0.0,0.0
2017-11-23 00:00:00+09:00,2823.968017578125,2823.968017578125,2823.968017578125,2823.968017578125,0,0.0,0.0
2017-11-24 00:00:00+09:00,2781.3744495462925,2785.633828488936,2730.261902234569,2743.0400390625,178600,0.0,0.0
2017-11-27 00:00:00+09:00,2755.8180138858747,2768.5961499626255,2747.2992565013747,2760.077392578125,59200,0.0,0.0
2017-11-28 00:00:00+09:00,2764.3372827414223,2772.8560417021044,2738.781005859375,2738.781005859375,47800,0.0,0.0
2017-11-29 00:00:00+09:00,2764.3368729321633,2777.115009478845,2738.7805998387994,2755.818115234375,73800,0.0,0.0
2017-11-30 00:00:00+09:00,2772.8560591947116,2781.374818209135,2743.040402644231,2768.5966796875,128800,0.0,0.0
2017-12-01 00:00:00+09:00,2768.5963746051875,2798.4120278701666,2751.558858453771,2781.37451171875,89600,0.0,0.0
2017-12-04 00:00:00+09:00,2802.671406908021,2811.1901649837287,2781.37451171875,2781.37451171875,46200,0.0,0.0
2017-12-05 00:00:00+09:00,2781.374231490974,2832.4867747955554,2777.1148528822587,2823.968017578125,98600,0.0,0.0
2017-12-06 00:00:00+09:00,2811.1901649837287,2828.2276811351453,2772.8557536430417,2781.37451171875,64000,0.0,0.0
2017-12-07 00:00:00+09:00,2802.671266119164,2832.486917886389,2802.671266119164,2828.2275390625,50800,0.0,0.0
2017-12-08 00:00:00+09:00,2785.6339513311937,2849.524638288331,2785.6339513311937,2819.708984375,91200,0.0,0.0
2017-12-11 00:00:00+09:00,2823.968179474108,2836.746316032815,2789.8931486508914,2806.9306640625,47800,0.0,0.0
2017-12-12 00:00:00+09:00,2828.2277018229165,2828.2277018229165,2802.671427408854,2811.190185546875,49200,0.0,0.0
2017-12-13 00:00:00+09:00,2819.7085908910344,2819.7085908910344,2751.5585343136077,2764.336669921875,71000,0.0,0.0
2017-12-14 00:00:00+09:00,2785.6339927626536,2789.89337195648,2768.596475987347,2777.115234375,63600,0.0,0.0
2017-12-15 00:00:00+09:00,2781.3746940798874,2819.709107933975,2760.0777974942835,2794.15283203125,91200,0.0,0.0
2017-12-18 00:00:00+09:00,2811.1898817519796,2828.2273961868405,2806.9305031432646,2823.968017578125,58400,0.0,0.0
2017-12-19 00:00:00+09:00,2823.968281754607,2823.968281754607,2798.4120077115786,2802.67138671875,37800,0.0,0.0
2017-12-20 00:00:00+09:00,2789.8932701627114,2841.0058186237075,2789.8932701627114,2832.487060546875,44000,0.0,0.0
2017-12-21 00:00:00+09:00,2832.4874628528974,2870.8218796433875,2819.709323922734,2866.5625,65800,0.0,0.0
2017-12-22 00:00:00+09:00,2866.5620525896993,2896.377705439815,2866.5620525896993,2875.080810546875,62000,0.0,0.0
2017-12-25 00:00:00+09:00,2896.3776444966816,2896.3776444966816,2879.3401289408184,2887.85888671875,60800,0.0,0.0
2017-12-26 00:00:00+09:00,2896.377705439815,2900.637084418403,2866.5620525896993,2875.080810546875,46600,0.0,0.0
2017-12-27 00:00:00+09:00,2883.70206511678,2900.94393097697,2862.1497327915426,2892.322998046875,55200,40.0,0.0
2017-12-28 00:00:00+09:00,2875.080810546875,2900.9436064438487,2866.4598785812173,2875.080810546875,71800,0.0,0.0
2017-12-29 00:00:00+09:00,2883.7017425125327,2905.2540724266773,2866.4598785812173,2875.080810546875,38400,0.0,0.0
2018-01-01 00:00:00+09:00,2875.080810546875,2875.080810546875,2875.080810546875,2875.080810546875,0,0.0,0.0
2018-01-02 00:00:00+09:00,2875.080810546875,2875.080810546875,2875.080810546875,2875.080810546875,0,0.0,0.0
2018-01-03 00:00:00+09:00,2875.080810546875,2875.080810546875,2875.080810546875,2875.080810546875,0,0.0,0.0
2018-01-04 00:00:00+09:00,2909.564531164085,2939.73779296875,2896.6331332478003,2939.73779296875,60200,0.0,0.0
2018-01-05 00:00:00+09:00,2944.0484935749505,2991.463623046875,2944.0484935749505,2991.463623046875,80000,0.0,0.0
2018-01-08 00:00:00+09:00,2991.463623046875,2991.463623046875,2991.463623046875,2991.463623046875,0,0.0,0.0
2018-01-09 00:00:00+09:00,3000.084391861511,3000.084391861511,2965.6006632194244,2995.77392578125,55800,0.0,0.0
2018-01-10 00:00:00+09:00,2991.4636255200794,2991.4636255200794,2965.60082760492,2978.5322265625,82000,0.0,0.0
2018-01-11 00:00:00+09:00,2969.911051905432,2978.531983841297,2944.0482560978376,2965.6005859375,52200,0.0,0.0
2018-01-12 00:00:00+09:00,2952.669109506929,2956.979575360224,2926.8063143871605,2935.42724609375,85200,0.0,0.0
2018-01-15 00:00:00+09:00,2969.9110547734144,2969.9110547734144,2935.4273269966548,2939.73779296875,41600,0.0,0.0
2018-01-16 00:00:00+09:00,2944.0483380642995,2965.600668504009,2944.0483380642995,2956.979736328125,43200,0.0,0.0
2018-01-17 00:00:00+09:00,2939.7381262170807,2939.7381262170807,2896.633461609792,2905.25439453125,65400,0.0,0.0
2018-01-18 00:00:00+09:00,2909.564542915321,2913.875008904825,2831.9761551042457,2836.28662109375,100600,0.0,0.0
2018-01-19 00:00:00+09:00,2827.66600681391,2866.460205078125,2827.66600681391,2866.460205078125,45000,0.0,0.0
2018-01-22 00:00:00+09:00,2866.459635909134,2866.459635909134,2831.975910965866,2849.2177734375,44400,0.0,0.0
2018-01-23 00:00:00+09:00,2875.0811380257283,2875.0811380257283,2840.597406235315,2866.460205078125,32600,0.0,0.0
2018-01-24 00:00:00+09:00,2866.4598785812173,2879.391276529704,2853.528480632731,2875.080810546875,54600,0.0,0.0
2018-01-25 00:00:00+09:00,2866.4597175344597,2866.4597175344597,2844.907388831193,2853.5283203125,69200,0.0,0.0
2018-01-26 00:00:00+09:00,2883.70149727437,2905.2538253556436,2866.4596348093514,2888.011962890625,83400,0.0,0.0
2018-01-29 00:00:00+09:00,2888.0121985147166,2969.911051905432,2888.0121985147166,2965.6005859375,123400,0.0,0.0
2018-01-30 00:00:00+09:00,2952.6693616594584,2952.6693616594584,2892.322834559849,2896.63330078125,80200,0.0,0.0
2018-01-31 00:00:00+09:00,2879.3914424844456,2935.427503490879,2857.839111328125,2857.839111328125,84800,0.0,0.0
2018-02-01 00:00:00+09:00,2918.185464535967,2931.1168624585785,2883.701736742337,2926.806396484375,62600,0.0,0.0
2018-02-02 00:00:00+09:00,2918.1857939134366,2918.1857939134366,2883.7020622276054,2905.25439453125,48400,0.0,0.0
2018-02-05 00:00:00+09:00,2862.1492517938063,2866.4597175344597,2831.9759916092335,2853.5283203125,86400,0.0,0.0
2018-02-06 00:00:00+09:00,2724.2143586189513,2745.766687405494,2620.763180443548,2672.48876953125,139400,0.0,0.0
2018-02-07 00:00:00+09:00,2745.7668519531253,2793.181978125,2685.420327734375,2694.041259765625,100800,0.0,0.0
2018-02-08 00:00:00+09:00,2694.0413385582274,2732.835533833466,2694.0413385582274,2711.283203125,94200,0.0,0.0
2018-02-09 00:00:00+09:00,2616.452876103389,2659.5575363357348,2616.452876103389,2655.2470703125,75200,0.0,0.0
2018-02-12 00:00:00+09:00,2655.2470703125,2655.2470703125,2655.2470703125,2655.2470703125,0,0.0,0.0
2018-02-13 00:00:00+09:00,2685.4202481821153,2685.4202481821153,2633.694657526922,2676.79931640625,126000,0.0,0.0
2018-02-14 00:00:00+09:00,2642.315509230091,2719.9038928616433,2642.315509230091,2672.48876953125,117800,0.0,0.0
2018-02-15 00:00:00+09:00,2698.3519543400075,2797.4926810969087,2689.731021578538,2771.6298828125,216000,0.0,0.0
2018-02-16 00:00:00+09:00,2763.008878968254,2784.5612103174603,2694.0414186507937,2715.59375,118000,0.0,0.0
2018-02-19 00:00:00+09:00,2754.388163527397,2831.9765625,2745.767230308219,2831.9765625,128600,0.0,0.0
2018-02-20 00:00:00+09:00,2827.665775240385,2831.976241361178,2788.8715801532453,2801.802978515625,68200,0.0,0.0
2018-02-21 00:00:00+09:00,2823.3552980708505,2900.9436879415,2810.4238997590755,2879.391357421875,112600,0.0,0.0
2018-02-22 00:00:00+09:00,2836.2867801718044,2862.149577559389,2819.0449152467477,2857.839111328125,76000,0.0,0.0
2018-02-23 00:00:00+09:00,2913.8750772099193,2965.600670296486,2909.5646111193723,2944.04833984375,127200,0.0,0.0
2018-02-26 00:00:00+09:00,2948.358804152241,2978.5320667678343,2909.5646093607643,2956.979736328125,92000,0.0,0.0
2018-02-27 00:00:00+09:00,2961.2902042059386,2978.5320685681277,2931.1169415721083,2944.04833984375,54800,0.0,0.0
2018-02-28 00:00:00+09:00,2935.4276597563517,2961.2904585207248,2905.25439453125,2905.25439453125,98400,0.0,0.0
2018-03-01 00:00:00+09:00,2879.391695205479,2879.391695205479,2814.7346960616437,2831.9765625,75600,0.0,0.0
2018-03-02 00:00:00+09:00,2775.940268448209,2775.940268448209,2745.767004660728,2767.3193359375,68200,0.0,0.0
2018-03-05 00:00:00+09:00,2750.07763671875,2767.319502779683,2702.6625050511852,2750.07763671875,104400,0.0,0.0
2018-03-06 00:00:00+09:00,2780.250734703563,2801.803065980335,2758.6984034267916,2767.3193359375,51200,0.0,0.0
2018-03-07 00:00:00+09:00,2754.387937171437,2801.803065980335,2732.835605894665,2767.3193359375,76800,0.0,0.0
2018-03-08 00:00:00+09:00,2819.0447601131136,2840.5970900833972,2784.5610321606596,2810.423828125,98600,0.0,0.0
2018-03-09 00:00:00+09:00,2866.4602853586007,2892.323084925746,2836.2870191969314,2870.770751953125,183600,0.0,0.0
2018-03-12 00:00:00+09:00,2939.7379543014436,2952.669352927403,2909.5646908408717,2948.35888671875,119800,0.0,0.0
2018-03-13 00:00:00+09:00,2944.0484205100965,2948.35888671875,2909.5646908408717,2948.35888671875,63800,0.0,0.0
2018-03-14 00:00:00+09:00,2935.427563370568,3000.084558158466,2926.8066307321815,2978.5322265625,116200,0.0,0.0
2018-03-15 00:00:00+09:00,2956.979575360224,2965.6005070668134,2905.2539851206866,2935.42724609375,76000,0.0,0.0
2018-03-16 00:00:00+09:00,2935.4275783861904,2935.4275783861904,2888.012448632522,2900.94384765625,68200,0.0,0.0
2018-03-19 00:00:00+09:00,2866.4599646422134,2888.0122952034335,2836.286701856506,2840.59716796875,87600,0.0,0.0
2018-03-20 00:00:00+09:00,2823.3553072358345,2823.3553072358345,2793.1820444104137,2814.734375,55600,0.0,0.0
2018-03-21 00:00:00+09:00,2814.734375,2814.734375,2814.734375,2814.734375,0,0.0,0.0
2018-03-22 00:00:00+09:00,2780.2505661666028,2810.423828125,2775.940100172546,2810.423828125,80400,0.0,0.0
2018-03-23 00:00:00+09:00,2767.319095268069,2771.6295611485484,2724.21443646327,2728.52490234375,121000,0.0,0.0
2018-03-26 00:00:00+09:00,2702.662270841614,2711.283203125,2642.3157448579095,2711.283203125,87800,0.0,0.0
2018-03-27 00:00:00+09:00,2728.5248945043722,2819.044677734375,2728.5248945043722,2819.044677734375,104000,0.0,0.0
2018-03-28 00:00:00+09:00,2793.181961198708,2840.597087083254,2780.2505632301954,2836.28662109375,68000,0.0,0.0
2018-03-29 00:00:00+09:00,2862.149417030775,2879.3912809887916,2793.181961198708,2836.28662109375,55400,0.0,0.0
2018-03-30 00:00:00+09:00,2870.7705122514203,2870.7705122514203,2836.2867823745264,2844.90771484375,41000,0.0,0.0
2018-04-02 00:00:00+09:00,2849.2179388110426,2849.2179388110426,2814.7342118662796,2819.044677734375,28200,0.0,0.0
2018-04-03 00:00:00+09:00,2814.734132368745,2823.355063861452,2771.6294749052117,2788.871337890625,68800,0.0,0.0
2018-04-04 00:00:00+09:00,2793.181883640553,2814.7342129896315,2763.0086225518435,2806.11328125,79400,0.0,0.0
2018-04-05 00:00:00+09:00,2806.1132008760387,2844.907392593219,2780.2504063979186,2788.871337890625,136000,0.0,0.0
2018-04-06 00:00:00+09:00,2797.492512394832,2840.5971736027645,2780.2506479116587,2801.802978515625,64200,0.0,0.0
2018-04-09 00:00:00+09:00,2814.734375,2823.3553072358345,2775.940179938744,2814.734375,49800,0.0,0.0
2018-04-10 00:00:00+09:00,2814.7346960616437,2844.907962328767,2788.8718964041095,2831.9765625,41600,0.0,0.0
2018-04-11 00:00:00+09:00,2844.9076378254213,2844.9076378254213,2810.4239088820827,2814.734375,38200,0.0,0.0
2018-04-12 00:00:00+09:00,2844.9075576006353,2844.9075576006353,2793.1819656442603,2797.492431640625,52200,0.0,0.0
2018-04-13 00:00:00+09:00,2827.66600681391,2875.0811380257283,2827.66600681391,2866.460205078125,73000,0.0,0.0
2018-04-16 00:00:00+09:00,2888.01228420421,2922.4960129708275,2866.4599537250742,2918.185546875,43400,0.0,0.0
2018-04-17 00:00:00+09:00,2896.633461609792,2935.4276597563517,2892.3229951490634,2905.25439453125,55800,0.0,0.0
2018-04-18 00:00:00+09:00,2948.3588059342974,2956.9797381153917,2909.5646111193723,2944.04833984375,71800,0.0,0.0
2018-04-19 00:00:00+09:00,2939.73779296875,2956.9796568571296,2935.4273269966548,2939.73779296875,39200,0.0,0.0
2018-04-20 00:00:00+09:00,2939.7377119470448,2948.3586436536343,2918.185382680571,2935.42724609375,43600,0.0,0.0
2018-04-23 00:00:00+09:00,2935.427409452551,2948.3588077320774,2918.1855450798485,2931.116943359375,37000,0.0,0.0
2018-04-24 00:00:00+09:00,2956.979736328125,2961.290202416067,2935.4274058884157,2956.979736328125,48200,0.0,0.0
2018-04-25 00:00:00+09:00,2961.2902006417817,2982.842531068578,2935.427404129626,2969.9111328125,92800,0.0,0.0
2018-04-26 00:00:00+09:00,2987.153000749222,2987.153000749222,2939.7378737532026,2944.04833984375,61200,0.0,0.0
2018-04-27 00:00:00+09:00,2952.6694411780004,2952.6694411780004,2888.0124461157084,2913.875244140625,47600,0.0,0.0
2018-04-30 00:00:00+09:00,2913.875244140625,2913.875244140625,2913.875244140625,2913.875244140625,0,0.0,0.0
2018-05-01 00:00:00+09:00,2913.8747565881526,2913.8747565881526,2875.080566041861,2888.011962890625,28000,0.0,0.0
2018-05-02 00:00:00+09:00,2888.0124386975363,2952.66943359375,2875.0810397182936,2952.66943359375,57000,0.0,0.0
2018-05-03 00:00:00+09:00,2952.66943359375,2952.66943359375,2952.66943359375,2952.66943359375,0,0.0,0.0
2018-05-04 00:00:00+09:00,2952.66943359375,2952.66943359375,2952.66943359375,2952.66943359375,0,0.0,0.0
2018-05-07 00:00:00+09:00,2896.633227427921,2896.633227427921,2827.665769632018,2840.59716796875,78600,0.0,0.0
2018-05-08 00:00:00+09:00,2857.839104788644,2909.564699445452,2853.528638567243,2896.63330078125,95800,0.0,0.0
2018-05-09 00:00:00+09:00,2909.564607617471,2978.5320649832183,2892.322743276034,2969.9111328125,105400,0.0,0.0
2018-05-10 00:00:00+09:00,2948.3589623281473,3013.0159571160452,2948.3589623281473,2978.5322265625,101400,0.0,0.0
2018-05-11 00:00:00+09:00,2987.152587890625,3043.1886393229165,2982.842122395833,3038.878173828125,97600,0.0,0.0
2018-05-14 00:00:00+09:00,2823.3556292808216,2896.6335616438355,2775.9404965753424,2831.9765625,215800,0.0,0.0
2018-05-15 00:00:00+09:00,2840.5972622785243,2840.5972622785243,2754.387937171437,2767.3193359375,168800,0.0,0.0
2018-05-16 00:00:00+09:00,2771.6295554078656,2801.802816508729,2754.387691921658,2793.181884765625,74600,0.0,0.0
2018-05-17 00:00:00+09:00,2771.629713820827,2827.665773353752,2745.766917113323,2814.734375,106600,0.0,0.0
2018-05-18 00:00:00+09:00,2810.4237471198157,2810.4237471198157,2788.8714177707375,2806.11328125,41800,0.0,0.0
2018-05-21 00:00:00+09:00,2788.871829204678,2797.49276221613,2771.629963181774,2775.9404296875,62200,0.0,0.0
2018-05-22 00:00:00+09:00,2758.6982421875,2771.629640197754,2745.766844177246,2758.6982421875,39600,0.0,0.0
2018-05-23 00:00:00+09:00,2737.1460744174246,2771.6298044888254,2737.1460744174246,2754.387939453125,56000,0.0,0.0
2018-05-24 00:00:00+09:00,2732.835288538339,2741.4562200479236,2668.1783022164536,2698.3515625,125000,0.0,0.0
2018-05-25 00:00:00+09:00,2711.283611321905,2737.146412065834,2694.0417441592854,2706.97314453125,60200,0.0,0.0
2018-05-28 00:00:00+09:00,2681.1103437873207,2711.283611321905,2681.1103437873207,2706.97314453125,43000,0.0,0.0
2018-05-29 00:00:00+09:00,2702.6620290398023,2719.90389206398,2659.557371479359,2685.420166015625,47200,0.0,0.0
2018-05-30 00:00:00+09:00,2633.694822230634,2646.626220703125,2612.1424914431495,2646.626220703125,76400,0.0,0.0
2018-05-31 00:00:00+09:00,2668.178719342341,2676.799652199667,2612.142655769723,2629.384521484375,144800,0.0,0.0
2018-06-01 00:00:00+09:00,2625.073902104525,2625.073902104525,2569.037841796875,2569.037841796875,134600,0.0,0.0
2018-06-04 00:00:00+09:00,2612.142738743832,2638.0055381373354,2594.9008724814967,2620.763671875,90800,0.0,0.0
2018-06-05 00:00:00+09:00,2655.246986966586,2685.4202481821153,2620.763259863124,2676.79931640625,84400,0.0,0.0
2018-06-06 00:00:00+09:00,2659.5580098340465,2728.5254784845242,2655.2475430433915,2706.97314453125,82000,0.0,0.0
2018-06-07 00:00:00+09:00,2719.904048156738,2767.319174194336,2719.904048156738,2758.6982421875,69000,0.0,0.0
2018-06-08 00:00:00+09:00,2754.387939453125,2775.94027074775,2750.0774731941997,2754.387939453125,85600,0.0,0.0
2018-06-11 00:00:00+09:00,2728.52490234375,2750.077231746149,2728.52490234375,2728.52490234375,35000,0.0,0.0
2018-06-12 00:00:00+09:00,2741.4562184780457,2745.7666842303697,2706.972492459454,2724.21435546875,42600,0.0,0.0
2018-06-13 00:00:00+09:00,2719.904296875,2728.5252296701665,2694.041498489501,2719.904296875,35400,0.0,0.0
2018-06-14 00:00:00+09:00,2702.662110548753,2737.1458376370942,2689.730712890625,2689.730712890625,70600,0.0,0.0
2018-06-15 00:00:00+09:00,2681.109788346999,2702.662117835319,2612.142333984375,2612.142333984375,104400,0.0,0.0
2018-06-18 00:00:00+09:00,2603.521241050899,2616.452637943536,2556.1061191112303,2577.658447265625,60600,0.0,0.0
2018-06-19 00:00:00+09:00,2551.7956559806034,2569.0375185210128,2495.7596027242726,2500.070068359375,68800,0.0,0.0
2018-06-20 00:00:00+09:00,2469.897053469349,2482.8284516550525,2435.41332497414,2474.20751953125,99000,0.0,0.0
2018-06-21 00:00:00+09:00,2474.207935474537,2491.449802620701,2435.4137343956677,2444.03466796875,73800,0.0,0.0
2018-06-22 00:00:00+09:00,2431.1032599803666,2474.207927710515,2422.4823264343368,2469.8974609375,140600,0.0,0.0
2018-06-25 00:00:00+09:00,2500.070315902657,2500.070315902657,2461.276121345547,2474.20751953125,95800,0.0,0.0
2018-06-26 00:00:00+09:00,2456.965807792468,2530.243735393296,2444.0344088040865,2521.622802734375,15120,0.0,0.0
2018-06-27 00:00:00+09:00,2493.959912854446,2498.282200398388,2415.294279554704,2436.041259765625,108300,8.0,0.2
2018-06-28 00:00:00+09:00,2436.041656611969,2487.044657939189,2417.888045970077,2462.83984375,131600,0.0,0.0
2018-06-29 00:00:00+09:00,2462.8394683309907,2518.164749472859,2439.4991153492647,2498.2822265625,158700,0.0,0.0
2018-07-02 00:00:00+09:00,2455.0595717095853,2519.029433789342,2410.9722343302933,2417.0234375,225200,0.0,0.0
2018-07-03 00:00:00+09:00,2408.37881767969,2465.433017954945,2377.2583448022788,2397.140869140625,109000,0.0,0.0
2018-07-04 00:00:00+09:00,2377.2580121464625,2431.7188320610903,2370.3423524747636,2376.3935546875,110900,0.0,0.0
2018-07-05 00:00:00+09:00,2355.646816965833,2370.3425952735097,2331.4420056355416,2338.357666015625,92700,0.0,0.0
2018-07-06 00:00:00+09:00,2295.1346362945023,2357.375575583845,2295.1346362945023,2340.08642578125,196400,0.0,0.0
2018-07-09 00:00:00+09:00,2389.36059786826,2469.7551476518156,2389.36059786826,2436.90576171875,139300,0.0,0.0
2018-07-10 00:00:00+09:00,2461.1106625944426,2522.487149086963,2455.059459700814,2495.68896484375,146800,0.0,0.0
2018-07-11 00:00:00+09:00,2519.8936411946897,2525.0803862537527,2477.5352232123437,2483.58642578125,151100,0.0,0.0
2018-07-12 00:00:00+09:00,2526.8092544716283,2527.6737119654604,2448.143622532895,2463.703857421875,120200,0.0,0.0
2018-07-13 00:00:00+09:00,2537.182927797918,2550.149791142712,2492.231134869301,2524.216064453125,126500,0.0,0.0
2018-07-16 00:00:00+09:00,2524.216064453125,2524.216064453125,2524.216064453125,2524.216064453125,0,0.0,0.0
2018-07-17 00:00:00+09:00,2546.6918095281353,2627.9508149916946,2543.2339795084094,2602.01708984375,116200,0.0,0.0
2018-07-18 00:00:00+09:00,2640.917970784505,2658.2071228027344,2592.5083451334635,2593.372802734375,131700,0.0,0.0
2018-07-19 00:00:00+09:00,2627.9509498558486,2649.5623885882155,2606.3395111234813,2623.628662109375,75200,0.0,0.0
2018-07-20 00:00:00+09:00,2636.595367887127,2653.884517840485,2584.7279180270525,2606.33935546875,142000,0.0,0.0
2018-07-23 00:00:00+09:00,2578.676623284355,2584.7278255515325,2550.1495268819467,2566.57421875,76900,0.0,0.0
2018-07-24 00:00:00+09:00,2586.45703125,2597.694979580966,2563.9811345880685,2586.45703125,53100,0.0,0.0
2018-07-25 00:00:00+09:00,2587.321044921875,2610.6613951433555,2567.4385243628362,2587.321044921875,71200,0.0,0.0
2018-07-26 00:00:00+09:00,2583.8638331363077,2645.240324321546,2583.8638331363077,2627.951171875,78400,0.0,0.0
2018-07-27 00:00:00+09:00,2636.595150323715,2671.173447377141,2632.272863192037,2649.56201171875,63700,0.0,0.0
2018-07-30 00:00:00+09:00,2640.9175940317314,2671.173605747316,2640.9175940317314,2666.851318359375,35800,0.0,0.0
2018-07-31 00:00:00+09:00,2645.2402567512277,2658.20712075491,2614.984240742635,2640.91796875,96500,0.0,0.0
2018-08-01 00:00:00+09:00,2671.1737620772947,2684.140625,2623.628598027375,2684.140625,65000,0.0,0.0
2018-08-02 00:00:00+09:00,2684.1406691740713,2714.39668315832,2666.851518325929,2675.49609375,103300,0.0,0.0
2018-08-03 00:00:00+09:00,2666.851698811849,2675.496274820963,2581.2703963216145,2593.372802734375,81600,0.0,0.0
2018-08-06 00:00:00+09:00,2587.3213055630385,2587.3213055630385,2474.077372710129,2506.9267578125,167100,0.0,0.0
2018-08-07 00:00:00+09:00,2499.146578763941,2559.6586024628255,2490.5020039498145,2557.9296875,64600,0.0,0.0
2018-08-08 00:00:00+09:00,2550.149769296188,2579.541325959263,2532.860618317909,2557.0654296875,75400,0.0,0.0
2018-08-09 00:00:00+09:00,2517.30029543731,2573.4900341747502,2504.333432651747,2564.845458984375,111200,0.0,0.0
2018-08-10 00:00:00+09:00,2549.285153224505,2549.285153224505,2500.8755334955895,2511.2490234375,123000,0.0,0.0
2018-08-13 00:00:00+09:00,2515.5713062615578,2564.8453833945164,2450.7369942445075,2454.19482421875,171800,0.0,0.0
2018-08-14 00:00:00+09:00,2433.4482169550893,2479.264471128666,2413.5656915590084,2475.806640625,83100,0.0,0.0
2018-08-15 00:00:00+09:00,2455.9235299460393,2472.348220924207,2384.173564094043,2398.0048828125,88200,0.0,0.0
2018-08-16 00:00:00+09:00,2366.0201529175697,2385.9026752109944,2338.357513204978,2368.613525390625,76600,0.0,0.0
2018-08-17 00:00:00+09:00,2368.6135722901704,2417.887650253871,2367.749114782035,2407.51416015625,69500,0.0,0.0
2018-08-20 00:00:00+09:00,2379.851695643454,2399.734219798848,2354.7824260562184,2382.445068359375,133900,0.0,0.0
2018-08-21 00:00:00+09:00,2367.7489846267454,2428.261006869853,2367.7489846267454,2414.4296875,91600,0.0,0.0
2018-08-22 00:00:00+09:00,2418.751959115131,2469.754948960661,2416.158586750104,2466.297119140625,76500,0.0,0.0
2018-08-23 00:00:00+09:00,2467.1616190247614,2480.1284810728944,2426.5321179406114,2448.1435546875,78300,0.0,0.0
2018-08-24 00:00:00+09:00,2491.3665627846717,2493.0954778178325,2423.9388764914015,2431.718994140625,107900,0.0,0.0
2018-08-27 00:00:00+09:00,2437.770330255682,2480.9932084517045,2433.4480424360795,2472.3486328125,51800,0.0,0.0
2018-08-28 00:00:00+09:00,2499.1468619769,2502.604692294405,2463.7041012224713,2482.72216796875,38300,0.0,0.0
2018-08-29 00:00:00+09:00,2487.0443669016768,2500.875687676938,2473.2130461264155,2480.9931640625,39800,0.0,0.0
2018-08-30 00:00:00+09:00,2507.79097268443,2521.622291389342,2494.8241113985746,2516.435546875,60200,0.0,0.0
2018-08-31 00:00:00+09:00,2500.8758452275397,2502.6047604333658,2459.3818802877117,2460.246337890625,85600,0.0,0.0
2018-09-03 00:00:00+09:00,2462.839667334211,2462.839667334211,2405.7854665465456,2421.345703125,95000,0.0,0.0
2018-09-04 00:00:00+09:00,2434.3124775824963,2435.176935138456,2400.5986329000684,2410.107666015625,72300,0.0,0.0
2018-09-05 00:00:00+09:00,2409.2433857302954,2430.854826219444,2386.7674876215806,2413.565673828125,94100,0.0,0.0
2018-09-06 00:00:00+09:00,2394.5470531328856,2429.1253499290283,2380.7157344144284,2398.0048828125,149000,0.0,0.0
2018-09-07 00:00:00+09:00,2377.2583456930647,2384.1740063350812,2332.3065515199596,2349.595703125,109000,0.0,0.0
2018-09-10 00:00:00+09:00,2341.815256329006,2382.4447569002364,2341.815256329006,2376.3935546875,86400,0.0,0.0
2018-09-11 00:00:00+09:00,2378.1228025575897,2398.869784477394,2362.562566117736,2387.6318359375,60200,0.0,0.0
2018-09-12 00:00:00+09:00,2393.6830397178533,2404.0565306808776,2319.3396878161793,2349.595703125,88400,0.0,0.0
2018-09-13 00:00:00+09:00,2342.680107702721,2393.6831063575037,2342.680107702721,2374.6650390625,51700,0.0,0.0
2018-09-14 00:00:00+09:00,2420.4808942104337,2455.059192699154,2417.8875218237795,2452.4658203125,133500,0.0,0.0
2018-09-17 00:00:00+09:00,2452.4658203125,2452.4658203125,2452.4658203125,2452.4658203125,0,0.0,0.0
2018-09-18 00:00:00+09:00,2461.9747967523044,2538.9115091508143,2457.652509538905,2531.995849609375,98400,0.0,0.0
2018-09-19 00:00:00+09:00,2574.3543142127605,2581.2699738882816,2543.2338456729153,2570.896484375,101300,0.0,0.0
2018-09-20 00:00:00+09:00,2587.321352457209,2587.321352457209,2513.842463396446,2526.809326171875,71400,0.0,0.0
2018-09-21 00:00:00+09:00,2539.7758870633043,2591.643331999927,2524.2156535823174,2587.321044921875,114600,0.0,0.0
2018-09-24 00:00:00+09:00,2587.321044921875,2587.321044921875,2587.321044921875,2587.321044921875,0,0.0,0.0
2018-09-25 00:00:00+09:00,2632.273459986636,2632.273459986636,2578.6770874023437,2627.951171875,154700,0.0,0.0
2018-09-26 00:00:00+09:00,2593.3728007364975,2640.91796875,2589.9149703355156,2640.91796875,84300,0.0,0.0
2018-09-27 00:00:00+09:00,2602.017312372465,2627.9510397383037,2568.303466796875,2568.303466796875,87200,0.0,0.0
2018-09-28 00:00:00+09:00,2581.270109725395,2640.9176775656665,2561.387587111971,2602.01708984375,91500,0.0,0.0
2018-10-01 00:00:00+09:00,2563.980824699479,2597.6946656176447,2551.0139628078764,2570.896484375,110500,0.0,0.0
2018-10-02 00:00:00+09:00,2602.0170244705578,2649.5621860472625,2593.3724496384298,2614.98388671875,82900,0.0,0.0
2018-10-03 00:00:00+09:00,2614.983949096473,2619.306236615641,2553.607466324291,2554.471923828125,80500,0.0,0.0
2018-10-04 00:00:00+09:00,2590.7790497691044,2590.7790497691044,2536.318228903087,2562.251953125,60200,0.0,0.0
2018-10-05 00:00:00+09:00,2527.673938872609,2573.4901901586036,2527.673938872609,2553.607666015625,87500,0.0,0.0
2018-10-08 00:00:00+09:00,2553.607666015625,2553.607666015625,2553.607666015625,2553.607666015625,0,0.0,0.0
2018-10-09 00:00:00+09:00,2527.674030917845,2527.674030917845,2453.3306770673203,2460.246337890625,105100,0.0,0.0
2018-10-10 00:00:00+09:00,2463.7037431432846,2482.7218071254433,2428.2609875401704,2437.77001953125,55700,0.0,0.0
2018-10-11 00:00:00+09:00,2360.833854468634,2369.4784310137406,2318.475429397611,2329.71337890625,95500,0.0,0.0
2018-10-12 00:00:00+09:00,2329.7129358996926,2353.917745623326,2302.0502962155406,2340.08642578125,92800,0.0,0.0
2018-10-15 00:00:00+09:00,2308.966175543082,2326.255326988556,2263.1499242125756,2296.86376953125,139200,0.0,0.0
2018-10-16 00:00:00+09:00,2276.9810290017776,2341.8153407615096,2276.9810290017776,2340.08642578125,103300,0.0,0.0
2018-10-17 00:00:00+09:00,2359.96895048044,2383.309302737939,2352.1888330612737,2368.613525390625,59400,0.0,0.0
2018-10-18 00:00:00+09:00,2376.393865714734,2379.8516960031516,2328.8486992489975,2344.408935546875,86100,0.0,0.0
2018-10-19 00:00:00+09:00,2302.050275664622,2365.1556718807383,2290.8123283932587,2353.917724609375,111900,0.0,0.0
2018-10-22 00:00:00+09:00,2314.152942334667,2372.9360577918046,2304.643908951895,2349.595703125,91400,0.0,0.0
2018-10-23 00:00:00+09:00,2334.035216655928,2335.764131631229,2264.01416015625,2264.01416015625,84000,0.0,0.0
2018-10-24 00:00:00+09:00,2302.914816866068,2305.508189407584,2254.5051960911055,2298.592529296875,133100,0.0,0.0
2018-10-25 00:00:00+09:00,2243.267289182727,2263.1498123623815,2215.604648237121,2232.893798828125,141700,0.0,0.0
2018-10-26 00:00:00+09:00,2233.7582998158855,2251.9119082896214,2174.1107291164676,2186.213134765625,145100,0.0,0.0
2018-10-29 00:00:00+09:00,2190.5352452034454,2225.97800173594,2183.619585392227,2192.26416015625,64700,0.0,0.0
2018-10-30 00:00:00+09:00,2198.315541550006,2258.8275698270413,2187.9420509882284,2243.267333984375,84500,0.0,0.0
2018-10-31 00:00:00+09:00,2234.622322625196,2285.6253079384983,2225.9777488432806,2272.658447265625,81500,0.0,0.0
2018-11-01 00:00:00+09:00,2261.420766870256,2315.017130611065,2241.5382448373757,2277.845458984375,69000,0.0,0.0
2018-11-02 00:00:00+09:00,2299.4569667975993,2346.137672138603,2276.9810716334123,2331.44189453125,75600,0.0,0.0
2018-11-05 00:00:00+09:00,2317.610215715223,2331.441533675478,2298.592153519872,2305.5078125,59600,0.0,0.0
2018-11-06 00:00:00+09:00,2333.1711418574146,2353.918124963964,2320.204277415821,2342.68017578125,67100,0.0,0.0
2018-11-07 00:00:00+09:00,2375.529749641575,2386.7676996944647,2308.1020493242377,2317.611083984375,127000,0.0,0.0
2018-11-08 00:00:00+09:00,2373.800403868939,2398.869672518684,2364.291370932829,2371.20703125,78100,0.0,0.0
2018-11-09 00:00:00+09:00,2362.56270125836,2378.1229385882725,2323.662107933579,2342.68017578125,116500,0.0,0.0
2018-11-12 00:00:00+09:00,2299.456895037395,2305.5080973927566,2264.014138384563,2268.33642578125,110600,0.0,0.0
2018-11-13 00:00:00+09:00,2238.0803274581335,2283.896572091305,2195.721912608598,2276.116455078125,99500,0.0,0.0
2018-11-14 00:00:00+09:00,2276.1166779252817,2303.7793189027257,2269.201017680921,2299.45703125,86700,0.0,0.0
2018-11-15 00:00:00+09:00,2270.93043594761,2308.102117997761,2270.93043594761,2304.644287109375,53200,0.0,0.0
2018-11-16 00:00:00+09:00,2302.050913943085,2337.4936805490433,2280.4394708906716,2304.644287109375,62800,0.0,0.0
2018-11-19 00:00:00+09:00,2295.999004146478,2326.255015119794,2289.9478019518147,2319.33935546875,39100,0.0,0.0
2018-11-20 00:00:00+09:00,2270.065762454516,2297.728406932256,2256.2344402156464,2271.794677734375,83300,0.0,0.0
2018-11-21 00:00:00+09:00,2216.469237532352,2264.0144044840995,2205.231288980121,2254.50537109375,91300,0.0,0.0
2018-11-22 00:00:00+09:00,2280.438987464689,2297.7281382415254,2254.505261299435,2295.134765625,66800,0.0,0.0
2018-11-23 00:00:00+09:00,2295.134765625,2295.134765625,2295.134765625,2295.134765625,0,0.0,0.0
2018-11-26 00:00:00+09:00,2287.3544509807925,2332.306239133098,2283.0321636584554,2315.01708984375,37900,0.0,0.0
2018-11-27 00:00:00+09:00,2330.577285699579,2370.342328408103,2328.8483707992086,2361.69775390625,71100,0.0,0.0
2018-11-28 00:00:00+09:00,2374.665192499633,2405.7856682659185,2372.0718195191093,2391.954345703125,84700,0.0,0.0
2018-11-29 00:00:00+09:00,2410.10771030971,2451.6016737583705,2410.10771030971,2420.481201171875,68200,0.0,0.0
2018-11-30 00:00:00+09:00,2425.6677690539277,2455.0593243453864,2415.29427895106,2426.5322265625,142800,0.0,0.0
2018-12-03 00:00:00+09:00,2439.4990475945724,2493.9598697060032,2438.63459010074,2463.703857421875,79500,0.0,0.0
2018-12-04 00:00:00+09:00,2433.44817698986,2449.872871612527,2387.6319235687365,2408.37890625,102100,0.0,0.0
2018-12-05 00:00:00+09:00,2365.155894886364,2381.5805886008525,2339.22216796875,2358.240234375,100600,0.0,0.0
2018-12-06 00:00:00+09:00,2353.917743143611,2353.917743143611,2301.1858363012457,2311.559326171875,99400,0.0,0.0
2018-12-07 00:00:00+09:00,2304.643799101723,2321.932949882681,2284.7612757036213,2314.15283203125,74700,0.0,0.0
2018-12-10 00:00:00+09:00,2264.878728929744,2283.896794592513,2259.6919837489886,2270.929931640625,77000,0.0,0.0
2018-12-11 00:00:00+09:00,2274.387850674716,2283.0324263139205,2233.7583451704545,2244.1318359375,141100,0.0,0.0
2018-12-12 00:00:00+09:00,2257.098478549864,2283.032202929985,2257.098478549864,2268.33642578125,100500,0.0,0.0
2018-12-13 00:00:00+09:00,2294.2705485326337,2353.053667334525,2278.710311202721,2342.68017578125,87100,0.0,0.0
2018-12-14 00:00:00+09:00,2334.899924802869,2356.5113643141876,2319.33968835472,2321.068603515625,143900,0.0,0.0
2018-12-17 00:00:00+09:00,2336.6285473761213,2353.0532393480585,2301.185791015625,2301.185791015625,61700,0.0,0.0
2018-12-18 00:00:00+09:00,2248.4536987919532,2266.6073042031912,2231.16455078125,2231.16455078125,79900,0.0,0.0
2018-12-19 00:00:00+09:00,2225.113836505349,2227.7072092751687,2198.3156512172113,2212.14697265625,65300,0.0,0.0
2018-12-20 00:00:00+09:00,2188.806620997616,2199.180112092391,2097.1741163270995,2107.547607421875,82800,0.0,0.0
2018-12-21 00:00:00+09:00,2117.0563447936984,2118.785259734322,2031.4750552328262,2049.628662109375,123700,0.0,0.0
2018-12-24 00:00:00+09:00,2049.628662109375,2049.628662109375,2049.628662109375,2049.628662109375,0,0.0,0.0
2018-12-25 00:00:00+09:00,1963.1830377366052,1963.1830377366052,1922.5535340934434,1938.11376953125,114700,0.0,0.0
2018-12-26 00:00:00+09:00,1953.992580152354,2018.39052974654,1944.2887795285728,2007.8045654296875,84000,45.0,0.0
2018-12-27 00:00:00+09:00,2062.49881831111,2149.833028325139,2062.49881831111,2141.8935546875,67800,0.0,0.0
2018-12-28 00:00:00+09:00,2133.072042262301,2176.2980679326283,2130.4255508947294,2156.00830078125,62900,0.0,0.0
2018-12-31 00:00:00+09:00,2156.00830078125,2156.00830078125,2156.00830078125,2156.00830078125,0,0.0,0.0
2019-01-04 00:00:00+09:00,2148.9509200161187,2166.5941952215057,2096.021094399958,2120.7216796875,111000,0.0,0.0
2019-01-07 00:00:00+09:00,2194.823555956679,2230.110108303249,2193.0592283393503,2199.234375,61800,0.0,0.0
2019-01-08 00:00:00+09:00,2207.174156118803,2230.110418332667,2197.4703528744753,2206.2919921875,68400,0.0,0.0
2019-01-09 00:00:00+09:00,2226.5816448743453,2226.5816448743453,2176.298303448895,2189.53076171875,70500,0.0,0.0
2019-01-10 00:00:00+09:00,2149.83319560535,2185.119747851642,2148.9510317991926,2171.005126953125,61300,0.0,0.0
2019-01-11 00:00:00+09:00,2195.7057278075677,2198.352219243254,2156.008356272276,2165.712158203125,36500,0.0,0.0
2019-01-15 00:00:00+09:00,2121.603845027347,2188.648290857733,2121.603845027347,2182.47314453125,40400,0.0,0.0
2019-01-16 00:00:00+09:00,2176.29807499968,2179.8267301678998,2141.893687109535,2153.36181640625,43400,0.0,0.0
2019-01-17 00:00:00+09:00,2159.5371165644174,2185.119868353783,2144.54033103272,2156.890625,45800,0.0,0.0
2019-01-18 00:00:00+09:00,2171.0051400916163,2217.7598221009034,2159.5370105421684,2196.587890625,67300,0.0,0.0
2019-01-21 00:00:00+09:00,2207.1738553913983,2228.3457868579826,2201.8808725247527,2227.463623046875,52100,0.0,0.0
2019-01-22 00:00:00+09:00,2248.635243915593,2253.046062361877,2219.5238421701183,2220.406005859375,35000,0.0,0.0
2019-01-23 00:00:00+09:00,2183.355426444043,2213.348995938628,2183.355426444043,2199.234375,35100,0.0,0.0
2019-01-24 00:00:00+09:00,2179.8267020565904,2199.2343052315177,2167.4764091270913,2194.823486328125,47600,0.0,0.0
2019-01-25 00:00:00+09:00,2196.5878139863257,2247.753313267935,2196.5878139863257,2225.69921875,63300,0.0,0.0
2019-01-28 00:00:00+09:00,2235.4030768557423,2242.460387279912,2196.587869522809,2204.52734375,31100,0.0,0.0
2019-01-29 00:00:00+09:00,2195.705449160273,2221.288196458645,2190.41246696061,2209.820068359375,52100,0.0,0.0
2019-01-30 00:00:00+09:00,2216.8778898777105,2226.5816928178833,2196.5881200937124,2201.881103515625,85600,0.0,0.0
2019-01-31 00:00:00+09:00,2208.9379153561285,2223.0525346235795,2168.358384962206,2173.6513671875,104400,0.0,0.0
2019-02-01 00:00:00+09:00,2172.7695743865033,2185.119868353783,2154.244133435583,2156.890625,54600,0.0,0.0
2019-02-04 00:00:00+09:00,2173.651631526104,2197.470054436496,2173.651631526104,2196.587890625,74300,0.0,0.0
2019-02-05 00:00:00+09:00,2189.530628143408,2209.8203962527145,2187.766300481729,2208.938232421875,61700,0.0,0.0
2019-02-06 00:00:00+09:00,2193.9412457810613,2215.9953395263474,2186.88393578257,2193.05908203125,54700,0.0,0.0
2019-02-07 00:00:00+09:00,2172.7693063862907,2172.7693063862907,2122.4859728645615,2133.9541015625,60900,0.0,0.0
2019-02-08 00:00:00+09:00,2109.253599408247,2141.011495509751,2089.8459962351053,2133.072021484375,75400,0.0,0.0
2019-02-12 00:00:00+09:00,2151.597548959936,2230.110128647281,2148.9510575098006,2222.170654296875,81000,0.0,0.0
2019-02-13 00:00:00+09:00,2222.1703923434147,2261.8677594158457,2214.2309189289285,2260.985595703125,50600,0.0,0.0
2019-02-14 00:00:00+09:00,2228.3455316747245,2268.925062338635,2228.3455316747245,2263.632080078125,85100,0.0,0.0
2019-02-15 00:00:00+09:00,2313.0332709418403,2315.6797620985244,2245.10666458695,2286.568359375,72900,0.0,0.0
2019-02-18 00:00:00+09:00,2304.211733830626,2348.31992169109,2304.211733830626,2342.144775390625,81100,0.0,0.0
2019-02-19 00:00:00+09:00,2342.144914637811,2363.316846069565,2326.265966063995,2350.966552734375,57500,0.0,0.0
2019-02-20 00:00:00+09:00,2350.9666796948813,2362.4348098397345,2323.619600118693,2334.20556640625,53800,0.0,0.0
2019-02-21 00:00:00+09:00,2340.3801797001297,2343.9088343246303,2311.268779047998,2319.208251953125,81700,0.0,0.0
2019-02-22 00:00:00+09:00,2305.0939173733123,2305.0939173733123,2284.8041507833445,2303.32958984375,40800,0.0,0.0
2019-02-25 00:00:00+09:00,2304.2117610935725,2331.558837890625,2298.0366147200443,2331.558837890625,83800,0.0,0.0
2019-02-26 00:00:00+09:00,2335.087204409481,2335.087204409481,2300.682821722677,2316.561767578125,78900,0.0,0.0
2019-02-27 00:00:00+09:00,2299.800934784625,2310.3868999619995,2282.1576594890007,2303.32958984375,84400,0.0,0.0
2019-02-28 00:00:00+09:00,2303.3297644708123,2313.9157304507626,2272.4540303626245,2298.9189453125,125300,0.0,0.0
2019-03-01 00:00:00+09:00,2315.6797779466033,2327.1479063707197,2305.093813247419,2312.151123046875,98100,0.0,0.0
2019-03-04 00:00:00+09:00,2332.4411207532357,2338.616267442068,2294.5080768075513,2317.4443359375,82900,0.0,0.0
2019-03-05 00:00:00+09:00,2331.5591255580357,2339.4986004464286,2300.6833898809523,2315.68017578125,92800,0.0,0.0
2019-03-06 00:00:00+09:00,2315.6798900729814,2344.791294405328,2296.272287184751,2331.558837890625,87300,0.0,0.0
2019-03-07 00:00:00+09:00,2308.6227546190694,2314.797901459854,2286.568658759124,2296.2724609375,53000,0.0,0.0
2019-03-08 00:00:00+09:00,2259.221484663355,2288.332889971395,2238.049553530235,2240.696044921875,94500,0.0,0.0
2019-03-11 00:00:00+09:00,2245.1068780021396,2259.221498846161,2228.3457657498643,2235.403076171875,45000,0.0,0.0
2019-03-12 00:00:00+09:00,2253.9283151766726,2287.4505366939775,2253.9283151766726,2281.275390625,50600,0.0,0.0
2019-03-13 00:00:00+09:00,2293.626193363212,2297.154849045309,2240.696358131753,2245.107177734375,44500,0.0,0.0
2019-03-14 00:00:00+09:00,2244.2246580461215,2247.7533131688356,2193.059158766768,2194.823486328125,30100,0.0,0.0
2019-03-15 00:00:00+09:00,2204.5269064730587,2237.166960710555,2200.998251960897,2216.877197265625,63100,0.0,0.0
2019-03-18 00:00:00+09:00,2231.874247096852,2245.1067031073076,2218.641791086396,2239.813720703125,33700,0.0,0.0
2019-03-19 00:00:00+09:00,2246.8712969753583,2252.164280007102,2213.3490711076456,2231.87451171875,60500,0.0,0.0
2019-03-20 00:00:00+09:00,2235.403006376038,2245.1068079033216,2211.584584445433,2230.9921875,80500,0.0,0.0
2019-03-22 00:00:00+09:00,2230.9920228049796,2268.925062338635,2205.409275212515,2263.632080078125,182000,0.0,0.0
2019-03-25 00:00:00+09:00,2235.4031286376253,2235.4031286376253,2146.3045824685646,2155.126220703125,81100,0.0,0.0
2019-03-26 00:00:00+09:00,2170.122987990652,2265.396680146339,2170.122987990652,2253.04638671875,57900,0.0,0.0
2019-03-27 00:00:00+09:00,2274.2182477354636,2296.272342457491,2257.4571357467225,2279.51123046875,45600,0.0,0.0
2019-03-28 00:00:00+09:00,2239.8142215769944,2253.928844477834,2200.999008599685,2206.2919921875,33100,0.0,0.0
2019-03-29 00:00:00+09:00,2219.5240792410714,2224.8170619419643,2188.6483468191964,2192.177001953125,46300,0.0,0.0
2019-04-01 00:00:00+09:00,2224.8168990523727,2307.740288628472,2224.8168990523727,2286.568359375,55300,0.0,0.0
2019-04-02 00:00:00+09:00,2317.444238336863,2325.3837123167,2273.336049559991,2323.619384765625,34300,0.0,0.0
2019-04-03 00:00:00+09:00,2327.147921948703,2339.4982141804244,2316.5619571786556,2337.73388671875,24200,0.0,0.0
2019-04-04 00:00:00+09:00,2346.555713279178,2356.2595151010087,2325.383782031546,2328.0302734375,15600,0.0,0.0
2019-04-05 00:00:00+09:00,2343.9090123974593,2347.4376672900407,2327.1479016576955,2345.67333984375,27400,0.0,0.0
2019-04-08 00:00:00+09:00,2355.3771958758302,2355.3771958758302,2308.622517455823,2324.50146484375,12500,0.0,0.0
2019-04-09 00:00:00+09:00,2346.555763285428,2349.20225474778,2295.390261679956,2309.5048828125,16000,0.0,0.0
2019-04-10 00:00:00+09:00,2300.683195575976,2329.7946010414694,2289.215066150175,2328.0302734375,33300,0.0,0.0
2019-04-11 00:00:00+09:00,2318.3264926924903,2323.619475552519,2303.32970792241,2320.0908203125,10400,0.0,0.0
2019-04-12 00:00:00+09:00,2328.9125139033513,2342.144971368711,2324.5016947482313,2329.794677734375,50100,0.0,0.0
2019-04-15 00:00:00+09:00,2373.02066821407,2402.1320741810086,2367.7276853109906,2373.90283203125,68000,0.0,0.0
2019-04-16 00:00:00+09:00,2365.9633588675993,2379.1958161319594,2337.7341167036307,2343.027099609375,33300,0.0,0.0
2019-04-17 00:00:00+09:00,2339.498340096839,2391.5460030175454,2329.7945385353514,2382.724365234375,52900,0.0,0.0
2019-04-18 00:00:00+09:00,2410.07164330576,2410.07164330576,2331.55906048943,2339.49853515625,60300,0.0,0.0
2019-04-19 00:00:00+09:00,2380.0779799495836,2380.0779799495836,2335.969789068383,2343.027099609375,16500,0.0,0.0
2019-04-22 00:00:00+09:00,2334.2053361372514,2339.4983187588778,2317.444224502101,2328.912353515625,14500,0.0,0.0
2019-04-23 00:00:00+09:00,2350.084124614342,2375.6668722171257,2333.323014115966,2358.90576171875,46700,0.0,0.0
2019-04-24 00:00:00+09:00,2372.138413783482,2378.313560267857,2344.7913364955357,2346.5556640625,65800,0.0,0.0
2019-04-25 00:00:00+09:00,2372.138230994366,2372.138230994366,2319.2084080640343,2353.61279296875,69400,0.0,0.0
2019-04-26 00:00:00+09:00,2324.5014104882594,2363.316614306659,2303.3294811327687,2345.67333984375,43800,0.0,0.0
2019-05-07 00:00:00+09:00,2342.144687590632,2344.791178763051,2281.275390625,2281.275390625,56200,0.0,0.0
2019-05-08 00:00:00+09:00,2237.167065146824,2252.163847523597,2196.587536362615,2208.0556640625,77900,0.0,0.0
2019-05-09 00:00:00+09:00,2175.415678139438,2184.2373151148613,2148.068603515625,2148.068603515625,68700,0.0,0.0
2019-05-10 00:00:00+09:00,2161.301305135091,2186.8840552775064,2113.6644600423174,2117.193115234375,91900,0.0,0.0
2019-05-13 00:00:00+09:00,2032.5052874186551,2072.2026563135505,1978.693298472241,2033.387451171875,91000,0.0,0.0
2019-05-14 00:00:00+09:00,1984.8685796210104,2076.6136161901595,1984.8685796210104,2073.0849609375,76900,0.0,0.0
2019-05-15 00:00:00+09:00,2071.3205151594198,2089.8459541791594,2066.909696345196,2087.199462890625,74100,0.0,0.0
2019-05-16 00:00:00+09:00,2071.320675988958,2071.320675988958,2021.037337602514,2057.2060546875,70000,0.0,0.0
2019-05-17 00:00:00+09:00,2096.903258160228,2132.1898085710013,2094.2567668794195,2120.7216796875,68000,0.0,0.0
2019-05-20 00:00:00+09:00,2123.3682962212683,2160.4191763381327,2120.7218047843494,2134.83642578125,62100,0.0,0.0
2019-05-21 00:00:00+09:00,2101.313978407118,2117.192925347222,2075.7312305591727,2096.02099609375,39500,0.0,0.0
2019-05-22 00:00:00+09:00,2091.6103376979813,2118.9574150782587,2065.1454241041647,2066.027587890625,70700,0.0,0.0
2019-05-23 00:00:00+09:00,2063.3809703193856,2068.6739527143905,2037.7982220768622,2051.912841796875,47500,0.0,0.0
2019-05-24 00:00:00+09:00,2037.7980927917379,2073.0846398530666,2028.9764560264055,2071.3203125,49900,0.0,0.0
2019-05-27 00:00:00+09:00,2066.9097939259827,2082.788742406848,2050.148681640625,2050.148681640625,37800,0.0,0.0
2019-05-28 00:00:00+09:00,2035.1518867918548,2057.205981793934,2032.5053953916054,2038.6805419921875,63800,0.0,0.0
2019-05-29 00:00:00+09:00,2018.3906673671365,2043.9734162105137,1993.6900822769794,2033.387451171875,55900,0.0,0.0
2019-05-30 00:00:00+09:00,2013.0975820059396,2050.14845774838,2013.0975820059396,2042.208984375,35000,0.0,0.0
2019-05-31 00:00:00+09:00,2020.15505358142,2026.3302000334154,1990.1614851002983,1995.4544677734375,65300,0.0,0.0
2019-06-03 00:00:00+09:00,1969.8716341357683,1983.1040902540115,1958.4035054999579,1965.4608154296875,41400,0.0,0.0
2019-06-04 00:00:00+09:00,1983.9862126358694,2029.858726222826,1974.2824116847826,2028.9765625,77400,0.0,0.0
2019-06-05 00:00:00+09:00,2085.4354851144685,2112.782566349049,2061.6170595230597,2078.378173828125,49100,0.0,0.0
2019-06-06 00:00:00+09:00,2077.4955625509583,2086.3171997592426,2046.6198323219633,2062.498779296875,68300,0.0,0.0
2019-06-07 00:00:00+09:00,2066.0275042180165,2071.320486722418,2044.855574200411,2066.90966796875,31500,0.0,0.0
2019-06-10 00:00:00+09:00,2093.374832442434,2100.4321432976976,2069.556408305921,2095.13916015625,49800,0.0,0.0
2019-06-11 00:00:00+09:00,2112.78248198355,2155.1263480107777,2099.5500238500413,2138.365234375,81500,0.0,0.0
2019-06-12 00:00:00+09:00,2140.1293247479734,2149.83312630289,2129.543359415337,2135.718505859375,40500,0.0,0.0
2019-06-13 00:00:00+09:00,2104.842858211436,2116.3109877825796,2053.677357047872,2073.0849609375,82800,0.0,0.0
2019-06-14 00:00:00+09:00,2064.263540939246,2064.263540939246,2039.5629515604855,2052.79541015625,66300,0.0,0.0
2019-06-17 00:00:00+09:00,2043.0911820652173,2043.0911820652173,2017.5084341032607,2028.9765625,56700,0.0,0.0
2019-06-18 00:00:00+09:00,2028.9764686742508,2048.3840696789607,1999.8650671671853,2001.62939453125,43700,0.0,0.0
2019-06-19 00:00:00+09:00,2028.976495439914,2060.734388412017,2027.212168052575,2055.44140625,62000,0.0,0.0
2019-06-20 00:00:00+09:00,2066.027655624762,2066.027655624762,2016.626481963367,2025.4481201171875,61600,0.0,0.0
2019-06-21 00:00:00+09:00,2023.6838902660925,2066.9099193083935,2021.037398692074,2064.263427734375,132300,0.0,0.0
2019-06-24 00:00:00+09:00,2060.7345982142856,2086.3173479352677,2051.0307965959823,2068.674072265625,88200,0.0,0.0
2019-06-25 00:00:00+09:00,2072.2026381548712,2073.084801900361,2024.5657958984375,2024.5657958984375,175600,0.0,0.0
2019-06-26 00:00:00+09:00,2037.163101007909,2066.856732780551,2028.165030773775,2040.7623291015625,67500,45.0,0.0
2019-06-27 00:00:00+09:00,2041.6622752896883,2089.35205078125,2041.6622752896883,2089.35205078125,51100,0.0,0.0
2019-06-28 00:00:00+09:00,2054.259802240848,2097.4505470974227,2052.460187871824,2093.851318359375,65800,0.0,0.0
2019-07-01 00:00:00+09:00,2150.538776527152,2153.2381975855546,2119.045530845792,2147.83935546875,93600,0.0,0.0
2019-07-02 00:00:00+09:00,2148.739287565865,2168.535043146455,2135.24218148819,2155.937744140625,70300,0.0,0.0
2019-07-03 00:00:00+09:00,2128.043862310897,2130.743283700721,2111.847333971956,2122.64501953125,31300,0.0,0.0
2019-07-04 00:00:00+09:00,2138.841209166743,2161.3363838529726,2130.7429462797,2158.636962890625,31900,0.0,0.0
2019-07-05 00:00:00+09:00,2147.839283130787,2153.238125065762,2130.7429503367002,2137.94140625,31100,0.0,0.0
2019-07-08 00:00:00+09:00,2123.544671688194,2131.6429352666655,2099.249880952778,2107.34814453125,43000,0.0,0.0
2019-07-09 00:00:00+09:00,2105.548572011594,2116.346256996269,2094.750887026919,2110.047607421875,76200,0.0,0.0
2019-07-10 00:00:00+09:00,2084.8528366715036,2095.650520763026,2074.954959587608,2083.05322265625,83300,0.0,0.0
2019-07-11 00:00:00+09:00,2106.448302057369,2131.6428994335356,2096.550424516732,2120.84521484375,65600,0.0,0.0
2019-07-12 00:00:00+09:00,2117.246379133396,2134.3427162364706,2110.947728621737,2119.94580078125,45100,0.0,0.0
2019-07-16 00:00:00+09:00,2114.5464633651222,2122.644726416308,2092.9510952286273,2103.748779296875,31400,0.0,0.0
2019-07-17 00:00:00+09:00,2098.349849887208,2130.7429007430997,2083.0531314274813,2119.04541015625,55600,0.0,0.0
2019-07-18 00:00:00+09:00,2101.9494378895815,2105.5486663791185,2015.5679541406946,2020.966796875,98200,0.0,0.0
2019-07-19 00:00:00+09:00,2037.16323377532,2113.6468357501,2028.1651629547575,2110.047607421875,84700,0.0,0.0
2019-07-22 00:00:00+09:00,2087.5523296431643,2113.6467337637037,2087.5523296431643,2092.951171875,48100,0.0,0.0
2019-07-23 00:00:00+09:00,2092.9510794193784,2138.841236362796,2084.852816429364,2128.943359375,45000,0.0,0.0
2019-07-24 00:00:00+09:00,2154.1382199223676,2159.5370625788146,2123.544778202501,2140.64111328125,46700,0.0,0.0
2019-07-25 00:00:00+09:00,2159.5370316386816,2174.8337522794554,2150.5389606735203,2170.334716796875,61000,0.0,0.0
2019-07-26 00:00:00+09:00,2137.94140625,2145.1398621632998,2123.544494423401,2137.94140625,52900,0.0,0.0
2019-07-29 00:00:00+09:00,2121.7450575596445,2121.7450575596445,2101.049495081327,2107.34814453125,49800,0.0,0.0
2019-07-30 00:00:00+09:00,2122.644841399394,2153.23828125,2122.644841399394,2153.23828125,56700,0.0,0.0
2019-07-31 00:00:00+09:00,2119.0456659372057,2169.4348622397465,2119.0456659372057,2151.438720703125,68100,0.0,0.0
2019-08-01 00:00:00+09:00,2136.1417503308708,2148.739047931811,2119.0454178724517,2135.241943359375,31300,0.0,0.0
2019-08-02 00:00:00+09:00,2072.255505231031,2080.3537681694065,2017.3672786487066,2038.962646484375,102900,0.0,0.0
2019-08-05 00:00:00+09:00,2008.3693637761594,2011.9685920266543,1962.4792035823493,1988.5736083984375,80200,0.0,0.0
2019-08-06 00:00:00+09:00,1917.4887843477554,1992.172767970873,1914.789363252944,1986.77392578125,95400,0.0,0.0
2019-08-07 00:00:00+09:00,1957.9801123467998,1993.972393823763,1957.9801123467998,1982.27490234375,76600,0.0,0.0
2019-08-08 00:00:00+09:00,1966.9781561711306,2004.7700512119302,1944.4829805516072,1983.1746826171875,66500,0.0,0.0
2019-08-09 00:00:00+09:00,1993.972412109375,2018.2672023291193,1986.7739557479692,1993.972412109375,75300,0.0,0.0
2019-08-13 00:00:00+09:00,1803.2133757885408,1845.5043082546392,1794.215305051073,1832.0072021484375,191200,0.0,0.0
2019-08-14 00:00:00+09:00,1859.0013678954851,1923.7874755859375,1859.0013678954851,1923.7874755859375,117000,0.0,0.0
2019-08-15 00:00:00+09:00,1858.1016330782063,1904.8916015625,1853.6025976470241,1904.8916015625,76400,0.0,0.0
2019-08-16 00:00:00+09:00,1894.0937651068525,1906.6910633070881,1875.197817806499,1897.6929931640625,60400,0.0,0.0
2019-08-19 00:00:00+09:00,1927.3867632937631,1953.481168585789,1899.4927438436666,1938.1844482421875,61800,0.0,0.0
2019-08-20 00:00:00+09:00,1930.9859561172702,1951.6815185546875,1927.3867278672847,1951.6815185546875,31000,0.0,0.0
2019-08-21 00:00:00+09:00,1906.6911594421017,1953.4811265449753,1905.7913523824311,1935.4849853515625,43300,0.0,0.0
2019-08-22 00:00:00+09:00,1948.9822167290583,1948.9822167290583,1926.487038788972,1943.5833740234375,41900,0.0,0.0
2019-08-23 00:00:00+09:00,1958.8797913022888,1959.779598280379,1927.386547069133,1937.284423828125,53600,0.0,0.0
2019-08-26 00:00:00+09:00,1879.6969768761096,1884.1960122444107,1859.0014141819256,1868.8992919921875,72100,0.0,0.0
2019-08-27 00:00:00+09:00,1900.3925846696984,1904.8916201447687,1870.6989505342344,1879.697021484375,42400,0.0,0.0
2019-08-28 00:00:00+09:00,1886.8953205877383,1893.1939697265625,1870.6987942307621,1893.1939697265625,44200,0.0,0.0
2019-08-29 00:00:00+09:00,1899.4928418382742,1911.1903344692064,1871.5988209491286,1910.29052734375,43900,0.0,0.0
2019-08-30 00:00:00+09:00,1941.7833987924523,1989.4731671594589,1923.7872597860348,1980.47509765625,96000,0.0,0.0
2019-09-02 00:00:00+09:00,1959.7797759626699,1961.5793900820113,1929.186335933868,1935.4849853515625,43200,0.0,0.0
2019-09-03 00:00:00+09:00,1928.286686819623,1967.8782006880613,1928.286686819623,1966.9783935546875,37000,0.0,0.0
2019-09-04 00:00:00+09:00,1941.7836321325296,1979.5755285873797,1940.883825074081,1964.27880859375,65300,0.0,0.0
2019-09-05 00:00:00+09:00,1988.5735265651101,2027.2652286656983,1981.3750703603494,2020.0667724609375,80100,0.0,0.0
2019-09-06 00:00:00+09:00,2031.7642588674287,2053.35962742935,2019.1669605396412,2040.7623291015625,54200,0.0,0.0
2019-09-09 00:00:00+09:00,2046.161252236015,2078.554306361123,2029.06491811443,2074.955078125,38800,0.0,0.0
2019-09-10 00:00:00+09:00,2093.8508719906786,2105.5483628956545,2080.353767100322,2096.55029296875,64300,0.0,0.0
2019-09-11 00:00:00+09:00,2102.8490746683433,2157.7373046875,2102.8490746683433,2157.7373046875,80000,0.0,0.0
2019-09-12 00:00:00+09:00,2179.332538380711,2204.527134200141,2155.037749554832,2191.030029296875,81700,0.0,0.0
2019-09-13 00:00:00+09:00,2208.1264947911377,2220.7237934574277,2182.0320904109653,2215.324951171875,130800,0.0,0.0
2019-09-17 00:00:00+09:00,2206.3268137999385,2206.3268137999385,2172.134147028161,2184.7314453125,73000,0.0,0.0
2019-09-18 00:00:00+09:00,2195.5290758423353,2201.8277248304075,2162.2362169053818,2186.531005859375,64300,0.0,0.0
2019-09-19 00:00:00+09:00,2186.5309149244054,2229.721649046369,2186.5309149244054,2222.523193359375,89800,0.0,0.0
2019-09-20 00:00:00+09:00,2234.2211084161786,2240.519758339221,2214.4253515151895,2228.822265625,125900,0.0,0.0
2019-09-24 00:00:00+09:00,2213.52523729997,2253.1167456094004,2213.52523729997,2235.12060546875,86200,0.0,0.0
2019-09-25 00:00:00+09:00,2243.2191674588285,2249.517817347401,2218.0245679045374,2233.3212890625,91300,0.0,0.0
2019-09-26 00:00:00+09:00,2272.0130966168217,2284.6103969544993,2238.7202314386745,2250.417724609375,93600,0.0,0.0
2019-09-27 00:00:00+09:00,2264.814255524598,2271.1129046261763,2219.82390479904,2246.818115234375,79700,0.0,0.0
2019-09-30 00:00:00+09:00,2209.026379145408,2227.922327806122,2179.3327455357144,2204.52734375,91800,0.0,0.0
2019-10-01 00:00:00+09:00,2209.9259564498693,2244.118621899827,2209.9259564498693,2236.920166015625,67500,0.0,0.0
2019-10-02 00:00:00+09:00,2211.7258464060014,2271.1131148611667,2203.6275825257517,2260.3154296875,92000,0.0,0.0
2019-10-03 00:00:00+09:00,2207.2268308248376,2217.124708989971,2170.334739482066,2198.228759765625,59800,0.0,0.0
2019-10-04 00:00:00+09:00,2202.727622631418,2210.825885949916,2156.837463826597,2208.12646484375,84100,0.0,0.0
2019-10-07 00:00:00+09:00,2208.126274071549,2222.5231853939385,2184.731293172665,2206.32666015625,100000,0.0,0.0
2019-10-08 00:00:00+09:00,2209.026248486011,2237.8200733135272,2189.2304939170936,2217.12451171875,132400,0.0,0.0
2019-10-09 00:00:00+09:00,2178.432874522274,2247.718017578125,2164.0359616795,2247.718017578125,87800,0.0,0.0
2019-10-10 00:00:00+09:00,2254.9163969123506,2268.413502241036,2230.621607320717,2258.515625,75300,0.0,0.0
2019-10-11 00:00:00+09:00,2263.01477350637,2273.8124583103768,2240.5195968313565,2271.113037109375,86700,0.0,0.0
2019-10-15 00:00:00+09:00,2316.1031876323377,2342.1975902902,2305.305503773912,2310.704345703125,93100,0.0,0.0
2019-10-16 00:00:00+09:00,2347.596458655222,2371.8912476102587,2324.20147669852,2338.598388671875,85200,0.0,0.0
2019-10-17 00:00:00+09:00,2349.3961920660895,2349.3961920660895,2320.602366655858,2330.500244140625,61600,0.0,0.0
2019-10-18 00:00:00+09:00,2354.7950106107273,2383.5888357309195,2330.500220665565,2339.498291015625,74700,0.0,0.0
2019-10-21 00:00:00+09:00,2355.695105219638,2359.294333799042,2338.5987694674714,2342.197998046875,44500,0.0,0.0
2019-10-23 00:00:00+09:00,2352.995646967061,2355.695068359375,2301.7066405130945,2355.695068359375,41600,0.0,0.0
2019-10-24 00:00:00+09:00,2376.390224456787,2384.4884872436523,2356.594470977783,2361.093505859375,62700,0.0,0.0
2019-10-25 00:00:00+09:00,2361.0937617481204,2393.48681640625,2346.6968485667294,2393.48681640625,72000,0.0,0.0
2019-10-28 00:00:00+09:00,2398.885444606798,2419.581005456744,2397.985637613322,2400.68505859375,44800,0.0,0.0
2019-10-29 00:00:00+09:00,2424.0802328388345,2427.6794610984316,2400.6852491514514,2402.48486328125,59700,0.0,0.0
2019-10-30 00:00:00+09:00,2405.1842725978386,2418.681378504673,2384.48871020736,2406.98388671875,69700,0.0,0.0
2019-10-31 00:00:00+09:00,2407.8838253945887,2420.4811249295376,2377.2903836668547,2394.38671875,63600,0.0,0.0
2019-11-01 00:00:00+09:00,2369.1920785093057,2391.687255859375,2360.194007569278,2391.687255859375,35000,0.0,0.0
2019-11-05 00:00:00+09:00,2425.87959300787,2456.4730300116785,2417.7813302715676,2443.875732421875,85400,0.0,0.0
2019-11-06 00:00:00+09:00,2474.4697306197504,2490.666259765625,2456.473587124334,2490.666259765625,73800,0.0,0.0
2019-11-07 00:00:00+09:00,2494.2652680837564,2499.664110655366,2464.5716339399023,2481.66796875,74700,0.0,0.0
2019-11-08 00:00:00+09:00,2519.459402397415,2526.6578578328363,2485.2667390791644,2488.865966796875,82100,0.0,0.0
2019-11-11 00:00:00+09:00,2472.6698325186485,2487.966552734375,2442.076392087195,2487.966552734375,67500,0.0,0.0
2019-11-12 00:00:00+09:00,2472.6696358435793,2472.6696358435793,2444.7756188453436,2469.97021484375,69700,0.0,0.0
2019-11-13 00:00:00+09:00,2469.070658350937,2494.2652569055385,2434.877988883978,2449.27490234375,69900,0.0,0.0
2019-11-14 00:00:00+09:00,2430.378894340701,2430.378894340701,2395.2864186356705,2397.98583984375,92600,0.0,0.0
2019-11-15 00:00:00+09:00,2409.6833903293764,2450.1747094349857,2406.983969055669,2449.27490234375,60500,0.0,0.0
2019-11-18 00:00:00+09:00,2441.176777725646,2443.876199153282,2405.1844920238304,2415.982177734375,48500,0.0,0.0
2019-11-19 00:00:00+09:00,2397.0859440541108,2421.380734027632,2387.1880666574907,2413.282470703125,33800,0.0,0.0
2019-11-20 00:00:00+09:00,2386.2880518841393,2410.5828397426885,2379.089596222347,2399.78515625,49000,0.0,0.0
2019-11-21 00:00:00+09:00,2387.1881190939985,2404.284453154604,2334.09950280054,2374.5908203125,87700,0.0,0.0
2019-11-22 00:00:00+09:00,2374.5911796224204,2424.9803823730285,2374.5911796224204,2403.385009765625,35200,0.0,0.0
2019-11-25 00:00:00+09:00,2447.4750907892303,2447.4750907892303,2417.7814591730375,2431.278564453125,54600,0.0,0.0
2019-11-26 00:00:00+09:00,2442.976048749534,2442.976048749534,2403.384540040518,2415.08203125,119500,0.0,0.0
2019-11-27 00:00:00+09:00,2424.080096703858,2451.9741141492254,2423.1802896894915,2435.777587890625,55100,0.0,0.0
2019-11-28 00:00:00+09:00,2452.8743461996823,2469.9706824351165,2442.07666015625,2442.07666015625,96500,0.0,0.0
2019-11-29 00:00:00+09:00,2442.0765601446546,2448.3752100787046,2408.783696207531,2424.980224609375,80900,0.0,0.0
2019-12-02 00:00:00+09:00,2418.6817069190597,2442.076693667533,2402.4851776316555,2412.383056640625,108400,0.0,0.0
2019-12-03 00:00:00+09:00,2383.589045513107,2406.0842233680814,2344.897339602551,2389.8876953125,104100,0.0,0.0
2019-12-04 00:00:00+09:00,2378.1902028279133,2392.587116655097,2360.1940605439336,2389.8876953125,90100,0.0,0.0
2019-12-05 00:00:00+09:00,2412.3826807707705,2422.280558237566,2377.290206115769,2388.087890625,75400,0.0,0.0
2019-12-06 00:00:00+09:00,2381.789300788565,2413.2825480600422,2381.789300788565,2402.48486328125,90600,0.0,0.0
2019-12-09 00:00:00+09:00,2429.4790103735513,2450.1745723137706,2416.8817118012444,2445.675537109375,38700,0.0,0.0
2019-12-10 00:00:00+09:00,2441.176865418224,2454.6739730412514,2432.178793669539,2437.57763671875,70600,0.0,0.0
2019-12-11 00:00:00+09:00,2441.1765611764004,2442.076368239127,2414.1823492946123,2423.180419921875,64200,0.0,0.0
2019-12-12 00:00:00+09:00,2433.978020710975,2440.276669932778,2412.3826519505083,2417.781494140625,47100,0.0,0.0
2019-12-13 00:00:00+09:00,2487.9665287132234,2500.563827592784,2454.6736673886703,2460.072509765625,130600,0.0,0.0
2019-12-16 00:00:00+09:00,2445.675673978807,2471.770079624644,2437.5774101576853,2449.27490234375,94900,0.0,0.0
2019-12-17 00:00:00+09:00,2463.6715773979245,2471.76984043539,2442.9760163021783,2465.47119140625,84800,0.0,0.0
2019-12-18 00:00:00+09:00,2451.974018150493,2460.072280962733,2415.0819320058436,2434.877685546875,122900,0.0,0.0
2019-12-19 00:00:00+09:00,2412.38273516916,2435.7777188000427,2412.38273516916,2423.180419921875,70200,0.0,0.0
2019-12-20 00:00:00+09:00,2432.178706300192,2450.1748491511,2413.282756306739,2415.982177734375,67900,0.0,0.0
2019-12-23 00:00:00+09:00,2434.8782614847555,2434.8782614847555,2397.086359421799,2403.385009765625,71300,0.0,0.0
2019-12-24 00:00:00+09:00,2415.9817618078578,2434.8777085482543,2402.484656993289,2425.879638671875,73100,0.0,0.0
2019-12-25 00:00:00+09:00,2432.178556418117,2433.9781705923074,2409.6833792407388,2416.8818359375,84400,0.0,0.0
2019-12-26 00:00:00+09:00,2431.2789372394877,2456.4735376253893,2423.180672829734,2455.57373046875,68000,0.0,0.0
2019-12-27 00:00:00+09:00,2481.1903344834745,2483.9350140570186,2464.7222570422127,2477.53076171875,51400,45.0,0.0
2019-12-30 00:00:00+09:00,2468.3817070473615,2472.9561727757664,2434.530660657164,2440.02001953125,40200,0.0,0.0
2020-01-06 00:00:00+09:00,2394.2757951767285,2440.020460732264,2332.977943332311,2376.892822265625,105100,0.0,0.0
2020-01-07 00:00:00+09:00,2398.849898183423,2414.4030821151996,2375.977568871987,2405.254150390625,91900,0.0,0.0
2020-01-08 00:00:00+09:00,2343.956608162662,2358.594900797558,2302.7864101270184,2322.9140625,90600,0.0,0.0
2020-01-09 00:00:00+09:00,2341.2117553426833,2371.4032316718385,2341.2117553426833,2358.5947265625,52600,0.0,0.0
2020-01-10 00:00:00+09:00,2363.169535911125,2369.5737893959786,2343.0418821015837,2357.68017578125,42000,0.0,0.0
2020-01-14 00:00:00+09:00,2370.488061274119,2370.488061274119,2310.1051156762446,2329.31787109375,68100,0.0,0.0
2020-01-15 00:00:00+09:00,2308.2759032725353,2339.38227691949,2306.4461165874204,2337.552490234375,57600,0.0,0.0
2020-01-16 00:00:00+09:00,2339.3821489085976,2346.7012952485543,2306.4459903787933,2313.76513671875,37300,0.0,0.0
2020-01-17 00:00:00+09:00,2313.7652164732667,2336.637549574031,2311.0205365011752,2335.72265625,49900,0.0,0.0
2020-01-20 00:00:00+09:00,2337.5524098878645,2380.552395510068,2337.5524098878645,2376.892822265625,43200,0.0,0.0
2020-01-21 00:00:00+09:00,2395.1903434539126,2400.679702529819,2370.488227612333,2377.807373046875,44700,0.0,0.0
2020-01-22 00:00:00+09:00,2374.147835578322,2397.93505859375,2369.5733696138163,2397.93505859375,47700,0.0,0.0
2020-01-23 00:00:00+09:00,2374.1482561708744,2385.1269764306244,2354.9354957163123,2357.68017578125,30400,0.0,0.0
2020-01-24 00:00:00+09:00,2371.403340895785,2371.403340895785,2342.126756440281,2343.95654296875,48700,0.0,0.0
2020-01-27 00:00:00+09:00,2298.2119210881297,2313.7651068598248,2283.573628597122,2289.06298828125,55900,0.0,0.0
2020-01-28 00:00:00+09:00,2272.5949598589436,2321.084304815676,2235.9992278161267,2286.318359375,86500,0.0,0.0
2020-01-29 00:00:00+09:00,2311.935357300144,2311.935357300144,2278.999198668246,2304.6162109375,38500,0.0,0.0
2020-01-30 00:00:00+09:00,2313.7650244022398,2313.7650244022398,2249.7224970364205,2267.10546875,60000,0.0,0.0
2020-01-31 00:00:00+09:00,2282.658653967413,2296.38205268866,2259.7863227653347,2267.10546875,64000,0.0,0.0
2020-02-03 00:00:00+09:00,2221.360728789174,2253.3819913540924,2200.3181848179424,2240.573486328125,53200,0.0,0.0
2020-02-04 00:00:00+09:00,2227.764874750412,2263.445708473314,2227.764874750412,2255.211669921875,63500,0.0,0.0
2020-02-05 00:00:00+09:00,2294.552004781762,2312.8498676588097,2278.083928192419,2289.9775390625,76400,0.0,0.0
2020-02-06 00:00:00+09:00,2344.871549173367,2418.9779071456815,2328.4034696239637,2386.041748046875,117800,0.0,0.0
2020-02-07 00:00:00+09:00,2378.722719034421,2388.7865459226437,2357.680171904501,2362.254638671875,52500,0.0,0.0
2020-02-10 00:00:00+09:00,2316.509798890833,2356.7651034529167,2312.8502257488253,2336.637451171875,56000,0.0,0.0
2020-02-12 00:00:00+09:00,2350.3607236277808,2350.3607236277808,2295.4671294597515,2308.275634765625,38200,0.0,0.0
2020-02-13 00:00:00+09:00,2316.509434534172,2316.509434534172,2282.658388294929,2299.12646484375,49800,0.0,0.0
2020-02-14 00:00:00+09:00,2284.488514894133,2301.8714871740644,2271.6800090036577,2298.2119140625,58500,0.0,0.0
2020-02-17 00:00:00+09:00,2250.637454652495,2259.786387394985,2232.3395891675154,2246.06298828125,55500,0.0,0.0
2020-02-18 00:00:00+09:00,2330.2330348900973,2330.2330348900973,2214.0415957730806,2222.275634765625,142600,0.0,0.0
2020-02-19 00:00:00+09:00,2214.0416665308067,2230.5097450421927,2187.509762262462,2192.084228515625,73400,0.0,0.0
2020-02-20 00:00:00+09:00,2189.339453757806,2211.296890820149,2181.105414859427,2188.424560546875,57900,0.0,0.0
2020-02-21 00:00:00+09:00,2187.509849807929,2213.1268618508493,2183.850276658941,2204.892822265625,77000,0.0,0.0
2020-02-25 00:00:00+09:00,2113.4031946992495,2122.5521262780344,2079.5521478577466,2080.467041015625,119000,0.0,0.0
2020-02-26 00:00:00+09:00,2041.1270140530771,2091.4461470754522,2027.4036141378838,2085.956787109375,62800,0.0,0.0
2020-02-27 00:00:00+09:00,2068.5736144055095,2068.5736144055095,2023.743845672263,2026.488525390625,61400,0.0,0.0
2020-02-28 00:00:00+09:00,1956.0417232958264,1967.0204420421078,1911.2119550818434,1922.190673828125,102200,0.0,0.0
2020-03-02 00:00:00+09:00,1892.9141277288438,2002.7013173506232,1889.2545547414513,1970.6800537109375,81800,0.0,0.0
2020-03-03 00:00:00+09:00,2008.190672599818,2016.4247118040996,1909.3822021484375,1909.3822021484375,74800,0.0,0.0
2020-03-04 00:00:00+09:00,1872.7864587655797,1919.4460139180196,1870.0417790507304,1894.743896484375,67900,0.0,0.0
2020-03-05 00:00:00+09:00,1927.6799593462051,1934.9991048966417,1872.7863677179316,1886.509765625,54300,0.0,0.0
2020-03-06 00:00:00+09:00,1840.7651494650477,1850.8289748348864,1811.4885665709714,1822.46728515625,79400,0.0,0.0
2020-03-09 00:00:00+09:00,1785.87176745782,1789.531340751791,1698.95690172601,1708.1058349609375,66100,0.0,0.0
2020-03-10 00:00:00+09:00,1676.0845276556715,1736.4674855297296,1614.7866764804915,1730.063232421875,88600,0.0,0.0
2020-03-11 00:00:00+09:00,1729.1483022716282,1778.552539479389,1712.6802232023747,1714.510009765625,84700,0.0,0.0
2020-03-12 00:00:00+09:00,1671.5099688010512,1677.9142215550783,1601.9780817573294,1627.5950927734375,97500,0.0,0.0
2020-03-13 00:00:00+09:00,1517.8078850803604,1575.446159197336,1467.4887568830006,1518.7227783203125,138000,0.0,0.0
2020-03-16 00:00:00+09:00,1534.2760979649506,1571.7867240928952,1500.425045117781,1504.99951171875,67600,0.0,0.0
2020-03-17 00:00:00+09:00,1463.829148277335,1626.6801410231883,1445.5312839238682,1606.552490234375,131300,0.0,0.0
2020-03-18 00:00:00+09:00,1639.4886906485235,1684.3184595334442,1580.0206298828125,1580.0206298828125,133000,0.0,0.0
2020-03-19 00:00:00+09:00,1612.9567707240983,1690.7226955746646,1580.0206143167995,1635.8291015625,97100,0.0,0.0
2020-03-23 00:00:00+09:00,1660.5312501978449,1738.2971765156503,1636.7440256771044,1693.4674072265625,117700,0.0,0.0
2020-03-24 00:00:00+09:00,1730.0630349254905,1775.807694759586,1714.509850581898,1769.4034423828125,99700,0.0,0.0
2020-03-25 00:00:00+09:00,1866.3823555443291,1866.3823555443291,1761.1696247170753,1796.8504638671875,154300,0.0,0.0
2020-03-26 00:00:00+09:00,1780.3822079093316,1872.7864232222003,1719.0843621077256,1841.6800537109375,89700,0.0,0.0
2020-03-27 00:00:00+09:00,1933.1694118190455,2031.06298828125,1916.7013335356842,2031.06298828125,162400,0.0,0.0
2020-03-30 00:00:00+09:00,2031.063012024778,2040.2119445113758,1949.6375128940547,2031.9779052734375,132400,0.0,0.0
2020-03-31 00:00:00+09:00,2018.254607512607,2031.978006929057,1856.3184943984947,1870.956787109375,133600,0.0,0.0
2020-04-01 00:00:00+09:00,1847.1695634775872,1870.0418958633918,1730.063221662267,1743.78662109375,91200,0.0,0.0
2020-04-02 00:00:00+09:00,1707.1907820418076,1728.2333265149916,1679.7439849028717,1692.552490234375,65900,0.0,0.0
2020-04-03 00:00:00+09:00,1668.765339640828,1738.297228792529,1662.361086692645,1690.7227783203125,59300,0.0,0.0
2020-04-06 00:00:00+09:00,1696.2120777047455,1790.4460820216757,1669.6801735766778,1773.0631103515625,74600,0.0,0.0
2020-04-07 00:00:00+09:00,1791.360999123959,1851.7439541506092,1769.4035609324496,1839.850341796875,63500,0.0,0.0
2020-04-08 00:00:00+09:00,1836.1908056496163,1880.105682914779,1828.8716594387558,1855.403564453125,77700,0.0,0.0
2020-04-09 00:00:00+09:00,1838.020485237853,1891.084292178518,1833.4460191222786,1870.041748046875,71500,0.0,0.0
2020-04-10 00:00:00+09:00,1915.7863848992115,1944.148074455981,1866.382151477742,1939.5736083984375,40700,0.0,0.0
2020-04-13 00:00:00+09:00,1926.7652913056088,1932.2546511098983,1876.4461597662885,1885.5950927734375,45500,0.0,0.0
2020-04-14 00:00:00+09:00,1850.8290336514228,1877.3609377423231,1833.4460620056607,1843.5098876953125,97100,0.0,0.0
2020-04-15 00:00:00+09:00,1829.786473874546,1829.786473874546,1752.0205487348778,1762.999267578125,120800,0.0,0.0
2020-04-16 00:00:00+09:00,1726.4035613507156,1767.5737575673463,1704.4461233685124,1763.9141845703125,203300,0.0,0.0
2020-04-17 00:00:00+09:00,1784.0418530601225,1844.4248080867728,1762.999308126593,1839.850341796875,115200,0.0,0.0
2020-04-20 00:00:00+09:00,1846.2546184077178,1850.8290847565972,1813.3184606957864,1840.7652587890625,90000,0.0,0.0
2020-04-21 00:00:00+09:00,1795.0205654961035,1819.722683369903,1792.2758857323481,1816.0631103515625,56600,0.0,0.0
2020-04-22 00:00:00+09:00,1806.914150876697,1828.8715886595023,1793.1907522624435,1819.72265625,99400,0.0,0.0
2020-04-23 00:00:00+09:00,1824.2970254766117,1891.084228515625,1824.2970254766117,1891.084228515625,100400,0.0,0.0
2020-04-24 00:00:00+09:00,1899.3183070335444,1899.3183070335444,1858.1481125169214,1869.1268310546875,120300,0.0,0.0
2020-04-27 00:00:00+09:00,1870.9567425542996,1899.318434006223,1869.126956009014,1897.4886474609375,80000,0.0,0.0
2020-04-28 00:00:00+09:00,1897.4885206105835,1902.9778798794664,1855.4034328824798,1869.1268310546875,114300,0.0,0.0
2020-04-30 00:00:00+09:00,1926.7650661524005,1926.7650661524005,1886.509765625,1886.509765625,94500,0.0,0.0
2020-05-01 00:00:00+09:00,1865.4673357543945,1865.4673357543945,1821.5524597778322,1829.7864990234375,77100,0.0,0.0
2020-05-07 00:00:00+09:00,1829.786519471764,1832.5311992509717,1788.6163227836494,1802.3397216796875,118900,0.0,0.0
2020-05-08 00:00:00+09:00,1800.5099850224663,1832.53125,1783.1270126060908,1832.53125,150600,0.0,0.0
2020-05-11 00:00:00+09:00,1844.4248698569995,1857.233375897673,1811.488711466696,1823.38232421875,131800,0.0,0.0
2020-05-12 00:00:00+09:00,1838.9354350823946,1859.9779798619445,1810.5737442925667,1858.148193359375,95600,0.0,0.0
2020-05-13 00:00:00+09:00,1858.1481458307665,1870.041757793248,1834.3609219058035,1856.318359375,74100,0.0,0.0
2020-05-14 00:00:00+09:00,1830.7014439031823,1836.190803555066,1794.105712890625,1794.105712890625,56100,0.0,0.0
2020-05-15 00:00:00+09:00,1827.9566987560643,1829.7864852413054,1798.6801149922032,1815.148193359375,59500,0.0,0.0
2020-05-18 00:00:00+09:00,1756.5949944690267,1777.6375386736036,1748.360955432453,1757.5098876953125,138400,0.0,0.0
2020-05-19 00:00:00+09:00,1801.4247189252806,1811.488544170673,1768.4885635767228,1784.041748046875,125700,0.0,0.0
2020-05-20 00:00:00+09:00,1784.0418770387,1797.7652760928438,1763.9142250926225,1774.8929443359375,146900,0.0,0.0
2020-05-21 00:00:00+09:00,1795.0205217598664,1835.2758239807806,1785.8715894369311,1809.6588134765625,310100,0.0,0.0
2020-05-22 00:00:00+09:00,1816.0630727008106,1823.382218585751,1793.1907418103724,1800.5098876953125,180500,0.0,0.0
2020-05-25 00:00:00+09:00,1829.786471977919,1833.446044921875,1805.9992478422062,1833.446044921875,103100,0.0,0.0
2020-05-26 00:00:00+09:00,1857.2333701313407,1904.8078209918478,1843.509970844656,1893.8291015625,121300,0.0,0.0
2020-05-27 00:00:00+09:00,1912.1269826479097,1945.0631412006967,1902.063156423447,1936.8291015625,96700,0.0,0.0
2020-05-28 00:00:00+09:00,1964.2757568359375,1983.4885145879425,1924.0204548793558,1964.2757568359375,120800,0.0,0.0
2020-05-29 00:00:00+09:00,1952.3821637264987,1964.2757757829393,1891.9992102091842,1903.892822265625,248300,0.0,0.0
2020-06-01 00:00:00+09:00,1901.1481524723197,1916.7013375502934,1875.531141755657,1890.16943359375,106900,0.0,0.0
2020-06-02 00:00:00+09:00,1919.446105495518,1946.8929039535092,1898.403560011058,1935.9141845703125,102700,0.0,0.0
2020-06-03 00:00:00+09:00,1992.6375396105707,2007.2758319125767,1959.701381931057,1972.5098876953125,97600,0.0,0.0
2020-06-04 00:00:00+09:00,2002.7015173816328,2002.7015173816328,1945.9781304114815,1968.8504638671875,103100,0.0,0.0
2020-06-05 00:00:00+09:00,1990.8077017716535,1994.4672747528514,1958.786438186172,1975.2545166015625,121500,0.0,0.0
2020-06-08 00:00:00+09:00,1988.0630391345046,1993.5523986535138,1966.1056010584678,1985.318359375,85000,0.0,0.0
2020-06-09 00:00:00+09:00,2007.2756349924161,2007.2756349924161,1951.467151066009,1969.7650146484375,95900,0.0,0.0
2020-06-10 00:00:00+09:00,1988.0630527797964,1988.0630527797964,1957.8715752180233,1967.0205078125,63200,0.0,0.0
2020-06-11 00:00:00+09:00,1953.297105661906,1953.297105661906,1902.977976476236,1905.72265625,112800,0.0,0.0
2020-06-12 00:00:00+09:00,1849.9141271642736,1869.1268851615287,1838.9354083086994,1861.8077392578125,116600,0.0,0.0
2020-06-15 00:00:00+09:00,1857.2333171384284,1872.7865025528884,1835.27587890625,1835.27587890625,82700,0.0,0.0
2020-06-16 00:00:00+09:00,1881.0206843764563,1968.8504439582362,1881.0206843764563,1963.361083984375,137300,0.0,0.0
2020-06-17 00:00:00+09:00,1945.977870479049,1962.4459483674473,1917.6161807823635,1925.8502197265625,56100,0.0,0.0
2020-06-18 00:00:00+09:00,1914.8714651334083,1948.722513489804,1896.5736011569782,1943.233154296875,108600,0.0,0.0
2020-06-19 00:00:00+09:00,1943.2332421038743,1943.2332421038743,1902.977939536751,1923.1055908203125,149800,0.0,0.0
2020-06-22 00:00:00+09:00,1890.1695319593673,1913.9567574341706,1885.595065521905,1889.254638671875,133800,0.0,0.0
2020-06-23 00:00:00+09:00,1895.658756276229,1925.8502326068833,1888.3396104991007,1907.5523681640625,129300,0.0,0.0
2020-06-24 00:00:00+09:00,1894.7439959290691,1903.8929287920776,1857.233371190734,1860.8929443359375,286100,0.0,0.0
2020-06-25 00:00:00+09:00,1857.2333170174386,1883.765221546259,1852.658850719366,1868.2120361328125,263800,0.0,0.0
2020-06-26 00:00:00+09:00,1893.8289111754366,1916.7012410205505,1864.5523289736907,1886.509765625,198100,0.0,0.0
2020-06-29 00:00:00+09:00,1855.64486328125,1888.3805337524414,1853.7742535400391,1870.6097412109375,143100,45.0,0.0
2020-06-30 00:00:00+09:00,1893.056977486353,1921.1161224095697,1886.5098436709357,1906.1512451171875,105200,0.0,0.0
2020-07-01 00:00:00+09:00,1916.4396365326231,1917.3749413820778,1879.962747403891,1889.3157958984375,144100,0.0,0.0
2020-07-02 00:00:00+09:00,1888.3804512566478,1910.8277671705455,1879.962707788936,1907.0865478515625,108500,0.0,0.0
2020-07-03 00:00:00+09:00,1947.3046491213806,1947.3046491213806,1884.6392257346697,1909.8924560546875,96900,0.0,0.0
2020-07-06 00:00:00+09:00,1931.4045072277827,1946.369384765625,1916.4396296899401,1946.369384765625,108000,0.0,0.0
2020-07-07 00:00:00+09:00,1964.140202562379,1964.140202562379,1914.5690450691382,1935.145751953125,99200,0.0,0.0
2020-07-08 00:00:00+09:00,1935.1457055387857,1950.1105829136627,1901.4747314453125,1901.4747314453125,58800,0.0,0.0
2020-07-09 00:00:00+09:00,1901.474718873088,1921.1161202977487,1878.0920981294446,1907.0865478515625,71600,0.0,0.0
2020-07-10 00:00:00+09:00,1906.151208257699,1909.89242750845,1867.8037109375,1867.8037109375,65700,0.0,0.0
2020-07-13 00:00:00+09:00,1910.8277923364433,1952.9165102293166,1907.086572968188,1950.110595703125,64600,0.0,0.0
2020-07-14 00:00:00+09:00,1947.30468961174,1956.6577380728916,1926.727982997207,1946.369384765625,51200,0.0,0.0
2020-07-15 00:00:00+09:00,1959.4637172633827,1976.2992050489393,1943.5635343548015,1971.6226806640625,60900,0.0,0.0
2020-07-16 00:00:00+09:00,1981.9110559512594,1985.6522755000112,1927.6633724943586,1962.2696533203125,45200,0.0,0.0
2020-07-17 00:00:00+09:00,1982.8462651753596,1982.8462651753596,1939.8222424404225,1950.110595703125,40700,0.0,0.0
2020-07-20 00:00:00+09:00,1950.1105768154548,1965.0754541435351,1926.7279559903295,1958.5283203125,44800,0.0,0.0
2020-07-21 00:00:00+09:00,1956.6576897798836,1974.4284814174637,1934.2103740271507,1967.88134765625,74300,0.0,0.0
2020-07-22 00:00:00+09:00,1966.0107993693525,1968.8167139260167,1934.2104343938254,1940.757568359375,88800,0.0,0.0
2020-07-27 00:00:00+09:00,1922.0513833014927,1925.7926025390625,1890.2510197821493,1925.7926025390625,118700,0.0,0.0
2020-07-28 00:00:00+09:00,1927.6632435419788,1933.2750724896991,1907.086537400337,1911.7630615234375,77900,0.0,0.0
2020-07-29 00:00:00+09:00,1920.180866705277,1920.180866705277,1879.9627579530475,1884.6392822265625,64500,0.0,0.0
2020-07-30 00:00:00+09:00,1908.021892887531,1908.021892887531,1870.6096989093442,1889.3157958984375,58400,0.0,0.0
2020-07-31 00:00:00+09:00,1874.3509285053453,1875.286233359889,1777.0792236328125,1777.0792236328125,73600,0.0,0.0
2020-08-03 00:00:00+09:00,1783.6263650134738,1831.3269127930687,1783.6263650134738,1827.585693359375,40600,0.0,0.0
2020-08-04 00:00:00+09:00,1837.8740728396426,1882.7687066800002,1837.8740728396426,1869.6744384765625,56200,0.0,0.0
2020-08-05 00:00:00+09:00,1869.674322644312,1880.8979804090602,1833.1974349088803,1866.868408203125,40900,0.0,0.0
2020-08-06 00:00:00+09:00,1859.3859531912735,1885.5744877432635,1849.0976003315634,1874.350830078125,38200,0.0,0.0
2020-08-07 00:00:00+09:00,1879.9625978788706,1886.5097313043193,1843.4857116513701,1846.2916259765625,51200,0.0,0.0
2020-08-11 00:00:00+09:00,1823.8443686317687,1850.9682079601387,1807.9441869565173,1820.1031494140625,111000,0.0,0.0
2020-08-12 00:00:00+09:00,1821.0385256434333,1899.604132296771,1821.0385256434333,1896.7982177734375,63800,0.0,0.0
2020-08-13 00:00:00+09:00,1913.6336649050058,1918.3101890127894,1884.6392154367481,1914.5689697265625,52400,0.0,0.0
2020-08-14 00:00:00+09:00,1919.245467110195,1919.245467110195,1871.544921875,1871.544921875,66400,0.0,0.0
2020-08-17 00:00:00+09:00,1847.227026911692,1855.6447703254669,1803.2677001953125,1803.2677001953125,103700,0.0,0.0
2020-08-18 00:00:00+09:00,1800.4617505698707,1837.8739427895043,1795.7852265424165,1819.1678466796875,96200,0.0,0.0
2020-08-19 00:00:00+09:00,1831.3268343258942,1831.3268343258942,1803.2676897754463,1807.9442138671875,48100,0.0,0.0
2020-08-20 00:00:00+09:00,1793.9146686553954,1813.5560701370239,1791.10875415802,1795.7852783203125,83500,0.0,0.0
2020-08-21 00:00:00+09:00,1789.2381382315841,1805.138320327735,1789.2381382315841,1798.5911865234375,64400,0.0,0.0
2020-08-24 00:00:00+09:00,1795.785274128512,1806.07362726154,1789.2381403165853,1797.6558837890625,45900,0.0,0.0
2020-08-25 00:00:00+09:00,1839.7446522468927,1841.6152619593959,1820.103250265609,1829.456298828125,78400,0.0,0.0
2020-08-26 00:00:00+09:00,1812.6207484328402,1813.5560532565928,1795.7852616052905,1803.2677001953125,41100,0.0,0.0
2020-08-27 00:00:00+09:00,1780.8204515674447,1780.8204515674447,1763.9849641051474,1773.3380126953125,118400,0.0,0.0
2020-08-28 00:00:00+09:00,1763.984871583588,1797.6558447421294,1749.9552994341957,1760.24365234375,213600,0.0,0.0
2020-08-31 00:00:00+09:00,1769.5967511689316,1791.1087624146426,1736.8610818819798,1737.79638671875,157900,0.0,0.0
2020-09-01 00:00:00+09:00,1739.667015426413,1754.6318929784682,1708.801955475299,1729.378662109375,373500,0.0,0.0
2020-09-02 00:00:00+09:00,1747.1494578924705,1782.6910421536663,1738.7317142516608,1781.7557373046875,288900,0.0,0.0
2020-09-03 00:00:00+09:00,1797.6560783648756,1811.6856523375463,1760.2438811044203,1766.791015625,102300,0.0,0.0
2020-09-04 00:00:00+09:00,1739.6670482197746,1775.2086330758775,1739.6670482197746,1768.6614990234375,92800,0.0,0.0
2020-09-07 00:00:00+09:00,1766.7909786068255,1805.1384799953273,1763.0497589591669,1782.691162109375,125000,0.0,0.0
2020-09-08 00:00:00+09:00,1783.6262681365197,1824.7796796719192,1781.7556585212742,1817.2972412109375,106800,0.0,0.0
2020-09-09 00:00:00+09:00,1779.8851726518226,1821.0385870483965,1775.2086482885754,1815.4267578125,105400,0.0,0.0
2020-09-10 00:00:00+09:00,1823.8444465516968,1848.1623725057195,1817.2973126409984,1839.74462890625,70800,0.0,0.0
2020-09-11 00:00:00+09:00,1851.9035519141805,1865.9331242771668,1833.197455430199,1857.515380859375,84500,0.0,0.0
2020-09-14 00:00:00+09:00,1870.6096759985844,1908.021869518556,1869.6743711605852,1899.6041259765625,65700,0.0,0.0
2020-09-15 00:00:00+09:00,1901.4747696112167,1901.4747696112167,1866.8684899872055,1884.6392822265625,44600,0.0,0.0
2020-09-16 00:00:00+09:00,1889.315802253114,1900.5394604843207,1871.5450100537037,1886.5098876953125,49400,0.0,0.0
2020-09-17 00:00:00+09:00,1890.251088088733,1902.4100510502144,1881.8333445000153,1894.9276123046875,44900,0.0,0.0
2020-09-18 00:00:00+09:00,1900.5395314031111,1919.2456291531419,1894.927702078102,1908.957275390625,105000,0.0,0.0
2020-09-23 00:00:00+09:00,1862.1919218088426,1877.156799131264,1837.8739961599074,1850.032958984375,110600,0.0,0.0
2020-09-24 00:00:00+09:00,1856.5802196549018,1864.0626588273144,1846.2918657928342,1848.1624755859375,66100,0.0,0.0
2020-09-25 00:00:00+09:00,1906.151401961239,1908.0220117767064,1884.6393890833644,1891.1865234375,113700,0.0,0.0
2020-09-28 00:00:00+09:00,1903.3453515437739,1956.6577274838207,1900.5394370206136,1951.0458984375,126300,0.0,0.0
2020-09-29 00:00:00+09:00,1947.3046131550889,1947.3046131550889,1906.151201541821,1925.7926025390625,50900,0.0,0.0
2020-09-30 00:00:00+09:00,1914.5690483738535,1921.1161823936957,1879.9627685546875,1879.9627685546875,69800,0.0,0.0
2020-10-02 00:00:00+09:00,1870.6096152454325,1899.6040642817366,1816.3619364033148,1817.2972412109375,69700,0.0,0.0
2020-10-05 00:00:00+09:00,1860.3213812703796,1892.121746762181,1860.3213812703796,1873.4156494140625,55400,0.0,0.0
2020-10-06 00:00:00+09:00,1900.539539994477,1915.5044182621502,1889.3158812937224,1905.216064453125,49800,0.0,0.0
2020-10-07 00:00:00+09:00,1901.4747589413482,1902.410063790803,1875.2862231566176,1889.3157958984375,70200,0.0,0.0
2020-10-08 00:00:00+09:00,1889.3157727585703,1911.7630888705532,1882.7686388925752,1899.6041259765625,71000,0.0,0.0
2020-10-09 00:00:00+09:00,1898.6688465195873,1907.0865901741076,1863.1272622005015,1888.3804931640625,55900,0.0,0.0
2020-10-12 00:00:00+09:00,1888.3805080284892,1893.057032317812,1856.580142861095,1881.8333740234375,55800,0.0,0.0
2020-10-13 00:00:00+09:00,1881.833401808326,1886.5099261666967,1862.1919995031697,1869.6744384765625,31000,0.0,0.0
2020-10-14 00:00:00+09:00,1860.32131214354,1860.32131214354,1835.0680816619533,1850.032958984375,35200,0.0,0.0
2020-10-15 00:00:00+09:00,1856.5799785022677,1868.7389405781012,1841.6151021012417,1846.2916259765625,39900,0.0,0.0
2020-10-16 00:00:00+09:00,1870.6097263094794,1887.4452138462648,1857.515458225313,1877.1568603515625,52000,0.0,0.0
2020-10-19 00:00:00+09:00,1914.5689593160826,1947.3046278925667,1877.1567666572437,1919.2454833984375,116100,0.0,0.0
2020-10-20 00:00:00+09:00,1933.2751543343602,1933.2751543343602,1875.2862527529717,1876.2215576171875,77400,0.0,0.0
2020-10-21 00:00:00+09:00,1890.2510381931213,1926.7279261147105,1890.2510381931213,1917.3748779296875,50900,0.0,0.0
2020-10-22 00:00:00+09:00,1916.4396279678044,1917.374932813079,1891.1863971453884,1893.0570068359375,46000,0.0,0.0
2020-10-23 00:00:00+09:00,1902.4099637568443,1903.345268557118,1874.3508197486312,1879.02734375,50800,0.0,0.0
2020-10-26 00:00:00+09:00,1873.4156197589048,1889.315802253114,1872.480314906304,1886.5098876953125,33100,0.0,0.0
2020-10-27 00:00:00+09:00,1881.8332334704353,1896.7981100785503,1864.9977472863063,1890.2509765625,59900,0.0,0.0
2020-10-28 00:00:00+09:00,1857.5154986314371,1863.1273279324384,1828.5210472429303,1859.3861083984375,54400,0.0,0.0
2020-10-29 00:00:00+09:00,1841.6152009209698,1858.4506877755039,1823.844409241184,1856.580078125,35300,0.0,0.0
2020-10-30 00:00:00+09:00,1845.356524632982,1845.356524632982,1793.9147563335323,1810.750244140625,49600,0.0,0.0
2020-11-02 00:00:00+09:00,1823.8444507395038,1853.7742058285623,1805.1383538088423,1837.8740234375,70400,0.0,0.0
2020-11-04 00:00:00+09:00,1846.2917776925224,1859.3860456194197,1809.814888467594,1833.197509765625,128000,0.0,0.0
2020-11-05 00:00:00+09:00,1833.1974673395227,1833.1974673395227,1776.1438726927315,1797.6558837890625,157700,0.0,0.0
2020-11-06 00:00:00+09:00,1802.3324434160882,1843.4858567582303,1792.9793949292377,1836.00341796875,82600,0.0,0.0
2020-11-09 00:00:00+09:00,1844.4211573632315,1845.3564622097647,1810.7501828880406,1837.8740234375,81500,0.0,0.0
2020-11-10 00:00:00+09:00,1888.3804189188925,1905.2159055660147,1843.4857878598993,1866.868408203125,103800,0.0,0.0
2020-11-11 00:00:00+09:00,1897.7334148665573,1905.2158531706148,1866.8683568623205,1890.2509765625,80900,0.0,0.0
2020-11-12 00:00:00+09:00,1895.8629619189333,1895.8629619189333,1859.386072173083,1875.2862548828125,31300,0.0,0.0
2020-11-13 00:00:00+09:00,1877.156733961839,1877.156733961839,1815.42661714994,1823.8443603515625,55200,0.0,0.0
2020-11-16 00:00:00+09:00,1860.3212828119117,1870.6096358088605,1844.4211009075364,1863.127197265625,78400,0.0,0.0
2020-11-17 00:00:00+09:00,1874.350861378205,1874.350861378205,1849.0976312099358,1860.3212890625,66400,0.0,0.0
2020-11-18 00:00:00+09:00,1843.4858419505472,1860.321329091648,1834.1327935388244,1842.550537109375,67300,0.0,0.0
2020-11-19 00:00:00+09:00,1859.3860785210884,1885.5746148382868,1842.5505908886037,1872.4803466796875,70700,0.0,0.0
2020-11-20 00:00:00+09:00,1849.0977291870117,1877.1568753051758,1849.0977291870117,1870.6097412109375,50500,0.0,0.0
2020-11-24 00:00:00+09:00,1907.0865457572188,1936.0809954474953,1897.733497470033,1908.0218505859375,79200,0.0,0.0
2020-11-25 00:00:00+09:00,1945.4340608852117,1949.175280233068,1895.8629045261173,1900.5394287109375,82400,0.0,0.0
2020-11-26 00:00:00+09:00,1859.3859531912735,1892.1216213812609,1859.3859531912735,1874.350830078125,62100,0.0,0.0
2020-11-27 00:00:00+09:00,1879.962665151799,1894.927542088331,1862.1918737896676,1871.544921875,90100,0.0,0.0
2020-11-30 00:00:00+09:00,1879.962750191229,1879.962750191229,1814.4914106323304,1834.1328125,172600,0.0,0.0
2020-12-01 00:00:00+09:00,1847.2270194968985,1868.7390303568625,1835.068056836919,1861.256591796875,114600,0.0,0.0
2020-12-02 00:00:00+09:00,1864.997821552267,1870.6096505037783,1847.2270298724811,1856.580078125,112100,0.0,0.0
2020-12-03 00:00:00+09:00,1855.6448254769575,1901.474763202951,1850.0329963676522,1887.4451904296875,87900,0.0,0.0
2020-12-04 00:00:00+09:00,1878.0921952419405,1883.7040245105918,1857.5154879235527,1864.0626220703125,62600,0.0,0.0
2020-12-07 00:00:00+09:00,1882.768634543117,1884.6392442147942,1846.2917459454113,1847.22705078125,88400,0.0,0.0
2020-12-08 00:00:00+09:00,1837.8739302736378,1843.4857590683664,1824.7796630859375,1824.7796630859375,84600,0.0,0.0
2020-12-09 00:00:00+09:00,1830.3915102995377,1871.544921875,1826.6502910654049,1871.544921875,82500,0.0,0.0
2020-12-10 00:00:00+09:00,1876.2215554884078,1893.992347888348,1860.3213728147773,1877.1568603515625,83400,0.0,0.0
2020-12-11 00:00:00+09:00,1863.1272768661468,1886.5098983127602,1863.1272768661468,1881.8333740234375,68200,0.0,0.0
2020-12-14 00:00:00+09:00,1871.5450396792505,1890.251137027369,1864.9979056074092,1873.4156494140625,88700,0.0,0.0
2020-12-15 00:00:00+09:00,1865.93313739391,1915.5042934249263,1865.93313739391,1906.1512451171875,108700,0.0,0.0
2020-12-16 00:00:00+09:00,1917.3749413820778,1920.1808559304418,1889.3157958984375,1889.3157958984375,69000,0.0,0.0
2020-12-17 00:00:00+09:00,1882.7685650221379,1887.445089028651,1871.5449074065068,1878.092041015625,58000,0.0,0.0
2020-12-18 00:00:00+09:00,1871.5449156618404,1881.8332685215505,1865.9330868292711,1874.350830078125,85100,0.0,0.0
2020-12-21 00:00:00+09:00,1870.6097305564215,1879.9627792092037,1859.386072173083,1875.2862548828125,127600,0.0,0.0
2020-12-22 00:00:00+09:00,1856.5801097269589,1859.3860242504759,1834.1327935388244,1842.550537109375,153900,0.0,0.0
2020-12-23 00:00:00+09:00,1843.4857590683664,1843.4857590683664,1814.4913102956016,1824.7796630859375,110100,0.0,0.0
2020-12-24 00:00:00+09:00,1828.5209478333938,1852.838873482329,1822.9091188374857,1850.032958984375,89800,0.0,0.0
2020-12-25 00:00:00+09:00,1867.803763554014,1898.6688232421875,1866.8684587149785,1898.6688232421875,101700,0.0,0.0
2020-12-28 00:00:00+09:00,1938.8869099336512,1956.6577016793044,1892.1216684977212,1908.0218505859375,213900,0.0,0.0
2020-12-29 00:00:00+09:00,1915.6731543500805,1931.9319879117136,1896.545114865806,1930.9755859375,124900,45.0,0.0
2020-12-30 00:00:00+09:00,1929.0627656096563,1929.0627656096563,1886.0246771354696,1886.9810791015625,93500,0.0,0.0
2021-01-04 00:00:00+09:00,1874.5478261311848,1880.2862378438313,1833.4225421905517,1836.291748046875,92300,0.0,0.0
2021-01-05 00:00:00+09:00,1817.163683302859,1817.163683302859,1798.03564453125,1798.03564453125,110800,0.0,0.0
2021-01-06 00:00:00+09:00,1798.035671875,1803.77408359375,1785.602446484375,1793.253662109375,85200,0.0,0.0
2021-01-07 00:00:00+09:00,1814.2946137320105,1847.7686840960696,1812.381809711207,1829.5970458984375,110800,0.0,0.0
2021-01-08 00:00:00+09:00,1817.1637736575703,1838.2046173525528,1813.338165713028,1833.422607421875,94500,0.0,0.0
2021-01-12 00:00:00+09:00,1829.5969824269375,1845.8558160397226,1822.9021685863788,1844.8994140625,64400,0.0,0.0
2021-01-13 00:00:00+09:00,1828.6405492498689,1832.466157093488,1814.2945198362977,1824.81494140625,105300,0.0,0.0
2021-01-14 00:00:00+09:00,1820.032910517176,1821.9457144168261,1803.7740773701491,1811.42529296875,98900,0.0,0.0
2021-01-15 00:00:00+09:00,1816.2073751596306,1816.2073751596306,1790.384521484375,1790.384521484375,105700,0.0,0.0
2021-01-18 00:00:00+09:00,1782.733331542442,1782.733331542442,1767.4308995120348,1773.1693115234375,77900,0.0,0.0
2021-01-19 00:00:00+09:00,1780.8204493888643,1780.8204493888643,1756.910400390625,1756.910400390625,83600,0.0,0.0
2021-01-20 00:00:00+09:00,1756.9103483466693,1778.9075927734375,1749.2591328938802,1778.9075927734375,106100,0.0,0.0
2021-01-21 00:00:00+09:00,1786.558837890625,1801.8612690502878,1776.038416468357,1786.558837890625,87500,0.0,0.0
2021-01-22 00:00:00+09:00,1772.212909521537,1786.558939550044,1766.4744975101344,1773.1693115234375,102300,0.0,0.0
2021-01-25 00:00:00+09:00,1779.8640242582724,1790.3844456805407,1776.9948184158357,1786.558837890625,75800,0.0,0.0
2021-01-26 00:00:00+09:00,1789.4280627042995,1791.3408666195367,1780.8204450857327,1787.5152587890625,108300,0.0,0.0
2021-01-27 00:00:00+09:00,1798.03576808472,1814.2946021578266,1788.4717480417162,1810.468994140625,66200,0.0,0.0
2021-01-28 00:00:00+09:00,1788.4716692037373,1798.0356888251476,1778.907649582327,1781.77685546875,120300,0.0,0.0
2021-01-29 00:00:00+09:00,1778.907645469005,1786.5588611484418,1756.910400390625,1756.910400390625,139300,0.0,0.0
2021-02-01 00:00:00+09:00,1756.9104108500117,1777.9512540937244,1756.9104108500117,1763.605224609375,65500,0.0,0.0
2021-02-02 00:00:00+09:00,1763.605253874612,1779.864087560007,1762.648851893118,1771.2564697265625,73600,0.0,0.0
2021-02-03 00:00:00+09:00,1769.3435464403904,1787.5151828632916,1763.6051349384215,1783.6895751953125,138400,0.0,0.0
2021-02-04 00:00:00+09:00,1772.2128481629422,1800.9049072265625,1767.4308383190055,1800.9049072265625,109700,0.0,0.0
2021-02-05 00:00:00+09:00,1804.730542655189,1805.6869446385783,1788.471708937575,1796.1229248046875,90700,0.0,0.0
2021-02-08 00:00:00+09:00,1800.9048409760771,1849.6813395898741,1800.9048409760771,1846.8121337890625,166600,0.0,0.0
2021-02-09 00:00:00+09:00,1821.9458473362088,1828.6406614734021,1801.8614049246285,1818.1202392578125,173300,0.0,0.0
2021-02-10 00:00:00+09:00,1802.8176648615529,1817.1636940249073,1798.0356551404345,1804.73046875,82600,0.0,0.0
2021-02-12 00:00:00+09:00,1807.5997314453125,1819.076555137029,1796.1229077535963,1807.5997314453125,91900,0.0,0.0
2021-02-15 00:00:00+09:00,1868.8094826495708,1874.547894571729,1833.4226091295943,1845.8558349609375,154500,0.0,0.0
2021-02-16 00:00:00+09:00,1861.1582240513394,1885.068273178412,1852.5506063655932,1874.5478515625,179700,0.0,0.0
2021-02-17 00:00:00+09:00,1864.9838830474625,1908.9783746475564,1864.9838830474625,1908.02197265625,144200,0.0,0.0
2021-02-18 00:00:00+09:00,1904.1962890625,1929.0627398488512,1895.5886714826092,1904.1962890625,142500,0.0,0.0
2021-02-19 00:00:00+09:00,1901.3271689248252,1922.3680128465285,1890.8067469639736,1914.716796875,109800,0.0,0.0
2021-02-22 00:00:00+09:00,1917.5859753314571,1933.8448090375093,1912.8039654179124,1919.498779296875,118100,0.0,0.0
2021-02-24 00:00:00+09:00,1911.8474558378928,1927.1498867000269,1889.8502114735747,1895.588623046875,159700,0.0,0.0
2021-02-25 00:00:00+09:00,1910.8911856832776,1912.8039896729506,1863.0710859414537,1889.850341796875,157000,0.0,0.0
2021-02-26 00:00:00+09:00,1864.0274674341454,1866.8966733870968,1808.55615234375,1808.55615234375,176900,0.0,0.0
2021-03-01 00:00:00+09:00,1840.1174449891416,1871.6787109375,1830.5534250047906,1871.6787109375,158200,0.0,0.0
2021-03-02 00:00:00+09:00,1860.2017883744443,1865.9402000609464,1836.2917396806852,1842.0301513671875,152200,0.0,0.0
2021-03-03 00:00:00+09:00,1858.289036915656,1885.068292208316,1842.9866053198502,1875.5042724609375,139500,0.0,0.0
2021-03-04 00:00:00+09:00,1870.722183434672,1903.2398491998963,1860.2017621576877,1902.283447265625,130700,0.0,0.0
2021-03-05 00:00:00+09:00,1893.6758967862838,1911.8475341796875,1867.853043648289,1911.8475341796875,123200,0.0,0.0
2021-03-08 00:00:00+09:00,1920.4551413662462,1927.1499551060688,1892.7194844441242,1905.1527099609375,110900,0.0,0.0
2021-03-09 00:00:00+09:00,1837.248137142784,1847.7685585423521,1817.1636962890625,1817.1636962890625,864800,0.0,0.0
2021-03-10 00:00:00+09:00,1817.1637736575703,1839.1610193386884,1808.5561557823503,1833.422607421875,799500,0.0,0.0
2021-03-11 00:00:00+09:00,1838.2045562210947,1881.2426441659175,1836.2917523124358,1861.158203125,240000,0.0,0.0
2021-03-12 00:00:00+09:00,1876.4607122637942,1877.4171142578125,1857.3326723834293,1877.4171142578125,164400,0.0,0.0
2021-03-15 00:00:00+09:00,1898.4577907986113,1939.5830729166669,1898.4577907986113,1936.7138671875,257100,0.0,0.0
2021-03-16 00:00:00+09:00,1936.71398660411,1986.4468889761663,1933.8447806980298,1979.7520751953125,232600,0.0,0.0
2021-03-17 00:00:00+09:00,1962.5368397588315,1980.708477164006,1943.4088003849638,1979.7520751953125,144000,0.0,0.0
2021-03-18 00:00:00+09:00,1970.1881508078154,1996.9674072265625,1969.2317487928603,1996.9674072265625,141300,0.0,0.0
2021-03-19 00:00:00+09:00,2005.5748943339788,2033.3105509556694,1999.8364826191464,2002.7056884765625,238400,0.0,0.0
2021-03-22 00:00:00+09:00,2001.7491782485256,2025.659225767022,1986.4467478366878,2021.8336181640625,154100,0.0,0.0
2021-03-23 00:00:00+09:00,2021.8337424763624,2033.3105659908924,1978.795654296875,1978.795654296875,119600,0.0,0.0
2021-03-24 00:00:00+09:00,1970.1880368422892,1974.0136446808178,1922.3679388606802,1923.3243408203125,158000,0.0,0.0
2021-03-25 00:00:00+09:00,1969.2316347014334,1998.8800954473024,1941.4959778746527,1978.795654296875,137700,0.0,0.0
2021-03-26 00:00:00+09:00,2026.615767024337,2054.3514240529853,2006.5313257277296,2010.35693359375,280400,0.0,0.0
2021-03-29 00:00:00+09:00,2038.092477840968,2050.5257027175203,1990.2723821619215,2017.0516357421875,164500,0.0,0.0
2021-03-30 00:00:00+09:00,1996.0108642578125,1996.0108642578125,1963.4931980456586,1996.0108642578125,127700,0.0,0.0
2021-03-31 00:00:00+09:00,1981.6648731766988,1982.6212751425176,1940.5395886464873,1942.452392578125,138700,0.0,0.0
2021-04-01 00:00:00+09:00,1967.3188940941038,1972.1009040457182,1923.3244025392528,1963.4932861328125,174100,0.0,0.0
2021-04-02 00:00:00+09:00,1984.5340660541399,1997.9236934877583,1953.9292033487268,1978.795654296875,117600,0.0,0.0
2021-04-05 00:00:00+09:00,2007.487868428287,2013.2262806296064,1982.6214155559023,2011.3134765625,107800,0.0,0.0
2021-04-06 00:00:00+09:00,2027.5721842839732,2027.5721842839732,1978.7956836243116,1986.4468994140625,108200,0.0,0.0
2021-04-07 00:00:00+09:00,1993.1417560235188,2025.659423828125,1979.7521281039749,2025.659423828125,106900,0.0,0.0
2021-04-08 00:00:00+09:00,2050.5258161869647,2050.5258161869647,2010.35693359375,2010.35693359375,163900,0.0,0.0
2021-04-09 00:00:00+09:00,2026.6157605262479,2048.613005685334,2015.1389369649855,2028.528564453125,148900,0.0,0.0
2021-04-12 00:00:00+09:00,2031.3977263176741,2074.435813739659,2024.7029127186988,2044.787353515625,212300,0.0,0.0
2021-04-13 00:00:00+09:00,2018.0081578611419,2036.1797953015976,1992.1853046562835,2004.6185302734375,206100,0.0,0.0
2021-04-14 00:00:00+09:00,1970.1880555083785,1979.7520751953125,1952.0164181032042,1979.7520751953125,173400,0.0,0.0
2021-04-15 00:00:00+09:00,1997.9237249785062,2005.574940775456,1978.795685486132,1998.880126953125,71200,0.0,0.0
2021-04-16 00:00:00+09:00,1998.880072312128,2012.2696995907738,1972.1008177548363,2008.444091796875,106200,0.0,0.0
2021-04-19 00:00:00+09:00,2004.6185425035444,2028.5285919131763,2004.6185425035444,2023.74658203125,136400,0.0,0.0
2021-04-20 00:00:00+09:00,1978.7957574781644,1996.967395657036,1967.3189333651928,1977.83935546875,176400,0.0,0.0
2021-04-21 00:00:00+09:00,1952.01652605509,1952.01652605509,1929.062877537049,1948.19091796875,161400,0.0,0.0
2021-04-22 00:00:00+09:00,1981.66487717246,1984.5340830757018,1955.8420240432822,1967.31884765625,111000,0.0,0.0
2021-04-23 00:00:00+09:00,1960.6240698552433,1968.2752857376054,1951.060050002291,1956.7984619140625,107100,0.0,0.0
2021-04-26 00:00:00+09:00,1960.6240108095365,1962.5368147225215,1936.713961897225,1941.4959716796875,81700,0.0,0.0
2021-04-27 00:00:00+09:00,1933.8447455096468,1943.408765022553,1926.193529899322,1934.8011474609375,110600,0.0,0.0
2021-04-28 00:00:00+09:00,1926.1935931758378,1934.8012110202183,1918.542377314166,1919.498779296875,110600,0.0,0.0
2021-04-30 00:00:00+09:00,1927.1499212961348,1939.5831465948195,1922.3679115658715,1928.1063232421875,94700,0.0,0.0
2021-05-06 00:00:00+09:00,1930.0190778289855,1971.1443604586418,1930.0190778289855,1962.5367431640625,112500,0.0,0.0
2021-05-07 00:00:00+09:00,1955.841980274756,1984.5340386650946,1952.9727744357222,1983.57763671875,87400,0.0,0.0
2021-05-10 00:00:00+09:00,1984.5340973338443,2012.2697545977871,1982.6212933846068,1998.880126953125,124000,0.0,0.0
2021-05-11 00:00:00+09:00,1988.359730900945,2027.572212366524,1972.1008971225342,1981.6649169921875,136400,0.0,0.0
2021-05-12 00:00:00+09:00,1974.9701170794733,1975.9265190732162,1932.8884293547774,1945.3216552734375,142300,0.0,0.0
2021-05-13 00:00:00+09:00,1923.324332407931,1955.841998893197,1918.5423226306862,1929.062744140625,120900,0.0,0.0
2021-05-14 00:00:00+09:00,1933.8447581107746,1966.3624246665443,1932.8883561532518,1953.92919921875,110600,0.0,0.0
2021-05-17 00:00:00+09:00,1994.098053574562,1994.098053574562,1944.365152478218,1958.711181640625,113000,0.0,0.0
2021-05-18 00:00:00+09:00,1958.7112027158098,1976.8828398503804,1945.3215753534946,1972.100830078125,125200,0.0,0.0
2021-05-19 00:00:00+09:00,1937.6703366141355,1958.7111793611793,1930.0191210697558,1946.2779541015625,165300,0.0,0.0
2021-05-20 00:00:00+09:00,1939.5832159127483,1966.3624713592756,1939.5832159127483,1950.1036376953125,70100,0.0,0.0
2021-05-21 00:00:00+09:00,1941.4959337584366,1949.147149260933,1936.7139240693764,1939.5831298828125,96300,0.0,0.0
2021-05-24 00:00:00+09:00,1943.408758837843,1962.5367978027823,1943.408758837843,1952.9727783203125,117300,0.0,0.0
2021-05-25 00:00:00+09:00,1953.9292161679516,1961.5804318945025,1939.5831866806684,1942.452392578125,181900,0.0,0.0
2021-05-26 00:00:00+09:00,1930.0190538194445,1941.4958767361113,1918.5422309027779,1936.7138671875,145300,0.0,0.0
2021-05-27 00:00:00+09:00,1927.1499761579519,1942.452407730422,1917.585956425158,1918.5423583984375,188500,0.0,0.0
2021-05-28 00:00:00+09:00,1940.5395886464873,1945.3215984755816,1930.0191670224797,1942.452392578125,119900,0.0,0.0
2021-05-31 00:00:00+09:00,1951.0599721999754,1952.972776094289,1930.0191293625246,1940.53955078125,154000,0.0,0.0
2021-06-01 00:00:00+09:00,1937.6703847149815,1954.8856201171875,1931.931972914246,1954.8856201171875,140800,0.0,0.0
2021-06-02 00:00:00+09:00,1951.0600790378528,1974.0137270265334,1942.4524610420976,1964.44970703125,137600,0.0,0.0
2021-06-03 00:00:00+09:00,1963.493195845513,1984.5340386650946,1959.6675880601344,1983.57763671875,121900,0.0,0.0
2021-06-04 00:00:00+09:00,1979.7520394717085,1994.0980687432425,1974.9700297145303,1990.2724609375,112000,0.0,0.0
2021-06-07 00:00:00+09:00,1994.0980414210435,2002.7056588660264,1989.3160317293864,1995.054443359375,95000,0.0,0.0
2021-06-08 00:00:00+09:00,1993.1417236328125,1998.880135505076,1982.6213018669964,1993.1417236328125,92900,0.0,0.0
2021-06-09 00:00:00+09:00,1998.880135505076,2004.6185473773394,1993.1417236328125,1993.1417236328125,52400,0.0,0.0
2021-06-10 00:00:00+09:00,1989.3160987446327,2006.5313342145382,1981.6648829802302,2004.6185302734375,98800,0.0,0.0
2021-06-11 00:00:00+09:00,1992.185302734375,1998.8801165217685,1983.5776850077264,1992.185302734375,114400,0.0,0.0
2021-06-14 00:00:00+09:00,1996.9673297169243,2007.4877514730958,1974.9700842267475,1980.70849609375,121800,0.0,0.0
2021-06-15 00:00:00+09:00,1982.6212830380987,1996.9673125825134,1981.664881068471,1992.185302734375,77200,0.0,0.0
2021-06-16 00:00:00+09:00,1992.1852922678452,2002.7057138784771,1981.6648706572132,1985.490478515625,163900,0.0,0.0
2021-06-17 00:00:00+09:00,1984.534022037729,1997.9236491743693,1976.8828065310777,1995.054443359375,282100,0.0,0.0
2021-06-18 00:00:00+09:00,1989.3161518632417,1994.0981618436822,1975.9265239180083,1982.621337890625,193500,0.0,0.0
2021-06-21 00:00:00+09:00,1965.4060227090215,1966.3624246665443,1949.1471894311367,1953.92919921875,199200,0.0,0.0
2021-06-22 00:00:00+09:00,1991.2289661114035,1996.010976116474,1975.9265340951774,1989.316162109375,129100,0.0,0.0
2021-06-23 00:00:00+09:00,1998.8800404059193,2000.7928442723364,1985.490413340999,1988.359619140625,141900,0.0,0.0
2021-06-24 00:00:00+09:00,1980.708544100248,1991.2289661114035,1976.8829360961915,1989.316162109375,190000,0.0,0.0
2021-06-25 00:00:00+09:00,1998.8801544701737,2002.7057624213128,1986.4469286289718,1994.09814453125,146100,0.0,0.0
2021-06-28 00:00:00+09:00,2004.6184627426892,2006.5312666193522,1981.6648162227348,1995.054443359375,459300,0.0,0.0
2021-06-29 00:00:00+09:00,1974.5273284294344,1981.3697498645859,1927.607867159824,1931.517822265625,480500,45.0,0.0
2021-06-30 00:00:00+09:00,1937.3827185902169,1950.0900724457533,1919.7879209440898,1923.6978759765625,227400,0.0,0.0
2021-07-01 00:00:00+09:00,1919.7879565766177,1923.6979116816617,1895.3507371700925,1914.9005126953125,361100,0.0,0.0
2021-07-02 00:00:00+09:00,1914.9005126953125,1924.6754004579227,1909.0355800377465,1914.9005126953125,156300,0.0,0.0
2021-07-05 00:00:00+09:00,1906.103062813949,1912.945484065076,1897.3056640625,1897.3056640625,118000,0.0,0.0
2021-07-06 00:00:00+09:00,1897.305692884657,1911.9680243598089,1891.4407602945962,1900.2381591796875,108000,0.0,0.0
2021-07-07 00:00:00+09:00,1886.5533159035256,1897.305692315411,1879.7108945505076,1883.620849609375,132000,0.0,0.0
2021-07-08 00:00:00+09:00,1885.5758486581776,1892.4182700892857,1878.7334272270698,1881.6658935546875,148700,0.0,0.0
2021-07-09 00:00:00+09:00,1854.296159055416,1902.193107813305,1853.318670305255,1897.3056640625,262900,0.0,0.0
2021-07-12 00:00:00+09:00,1927.607802063454,1935.4277120109732,1910.990493424976,1920.765380859375,275600,0.0,0.0
2021-07-13 00:00:00+09:00,1928.5852725857903,1972.572265625,1928.5852725857903,1972.572265625,310400,0.0,0.0
2021-07-14 00:00:00+09:00,1970.6173747859589,2003.8519932099284,1961.8199757913787,1997.987060546875,239300,0.0,0.0
2021-07-15 00:00:00+09:00,2012.6493340399595,2025.3566877760059,1987.2346265678666,1992.1220703125,217300,0.0,0.0
2021-07-16 00:00:00+09:00,1982.3471819817694,1995.0545357124217,1974.5272719936756,1975.5047607421875,153100,0.0,0.0
2021-07-19 00:00:00+09:00,1963.7748789423092,1963.7748789423092,1931.5177505176719,1932.4952392578125,123400,0.0,0.0
2021-07-20 00:00:00+09:00,1914.9005342151172,1921.74295572584,1903.170668768164,1912.945556640625,133700,0.0,0.0
2021-07-21 00:00:00+09:00,1928.5853559362743,1942.2701988065774,1918.810468171772,1931.517822265625,104300,0.0,0.0
2021-07-26 00:00:00+09:00,1954.9775035776506,1968.6623461026943,1940.3151723008182,1963.77490234375,115700,0.0,0.0
2021-07-27 00:00:00+09:00,1984.3021176867808,1998.9644486056486,1976.4822078633847,1996.031982421875,125500,0.0,0.0
2021-07-28 00:00:00+09:00,1981.3696940743068,1998.9644915549864,1976.4822503296737,1992.1220703125,66700,0.0,0.0
2021-07-29 00:00:00+09:00,1997.9870459032388,1997.9870459032388,1971.5948491129318,1988.212158203125,42600,0.0,0.0
2021-07-30 00:00:00+09:00,1984.3022021484373,1984.3022021484373,1954.9775390625,1954.9775390625,99300,0.0,0.0
2021-08-02 00:00:00+09:00,1979.4147809811952,2004.829489280213,1969.6398931738806,2002.87451171875,126700,0.0,0.0
2021-08-03 00:00:00+09:00,1990.1671503294704,1999.942038101226,1977.4597962261878,1997.987060546875,58900,0.0,0.0
2021-08-04 00:00:00+09:00,1989.1896390820118,1995.0545716788138,1966.7073974609375,1966.7073974609375,65800,0.0,0.0
2021-08-05 00:00:00+09:00,1954.9775395466659,1971.5948486328125,1952.0450732373458,1971.5948486328125,83000,0.0,0.0
2021-08-06 00:00:00+09:00,1954.9775322673336,1973.5498188238732,1950.0900884366652,1966.7073974609375,113900,0.0,0.0
2021-08-10 00:00:00+09:00,1997.0095721248977,2022.424280335983,1986.2571955740539,2014.6043701171875,167900,0.0,0.0
2021-08-11 00:00:00+09:00,2019.4917561254942,2024.3791998721679,2002.8744473868044,2008.7393798828125,157300,0.0,0.0
2021-08-12 00:00:00+09:00,2026.3342143719012,2036.1091020437389,2019.4917930016152,2033.1766357421875,125300,0.0,0.0
2021-08-13 00:00:00+09:00,2028.28919873708,2028.28919873708,2004.829468245663,2021.44677734375,105800,0.0,0.0
2021-08-16 00:00:00+09:00,2021.4467758912524,2021.4467758912524,1969.6398710932658,1971.5948486328125,89800,0.0,0.0
2021-08-17 00:00:00+09:00,1991.1445666431675,1995.0545216095754,1977.4597242607404,1982.34716796875,77900,0.0,0.0
2021-08-18 00:00:00+09:00,1971.5948271692362,1992.1220911110079,1968.66236089184,1973.5498046875,74800,0.0,0.0
2021-08-19 00:00:00+09:00,1975.5047307278978,1981.3696631298608,1955.9549560546875,1955.9549560546875,72600,0.0,0.0
2021-08-20 00:00:00+09:00,1943.2475875325686,1961.819873328906,1935.4276777235843,1946.1800537109375,131000,0.0,0.0
2021-08-23 00:00:00+09:00,1974.5272719936756,1988.2121144728399,1970.6173169996289,1975.5047607421875,82300,0.0,0.0
2021-08-24 00:00:00+09:00,1975.504761580747,2003.8519352996195,1972.572295333967,1992.1220703125,75100,0.0,0.0
2021-08-25 00:00:00+09:00,1993.0995582153985,1998.9644907064687,1970.6173169996289,1975.5047607421875,90300,0.0,0.0
2021-08-26 00:00:00+09:00,1975.5047242969526,1983.3246341407803,1962.7973708007328,1967.684814453125,64300,0.0,0.0
2021-08-27 00:00:00+09:00,1961.8199604492188,1962.79744921875,1954.9775390625,1954.9775390625,45300,0.0,0.0
2021-08-30 00:00:00+09:00,1970.617289235258,1989.1895751953125,1970.617289235258,1989.1895751953125,58400,0.0,0.0
2021-08-31 00:00:00+09:00,1962.7973857281884,1991.1445591276492,1962.7973857281884,1977.459716796875,88700,0.0,0.0
2021-09-01 00:00:00+09:00,1983.3246641595317,1993.0995516122648,1975.5047541973454,1987.234619140625,99300,0.0,0.0
2021-09-02 00:00:00+09:00,1995.0545086777,2010.6943284419544,1989.1895762661047,2005.806884765625,99300,0.0,0.0
2021-09-03 00:00:00+09:00,2008.7393880521786,2033.1766068849302,2000.919478025698,2030.244140625,149900,0.0,0.0
2021-09-06 00:00:00+09:00,2042.9515018518102,2058.5913219616805,2027.31168174194,2035.131591796875,182900,0.0,0.0
2021-09-07 00:00:00+09:00,2042.9514803309814,2045.883946570691,2024.3791941461545,2037.0865478515625,141400,0.0,0.0
2021-09-08 00:00:00+09:00,2025.3567899816178,2060.54638671875,2023.4018123851104,2060.54638671875,178300,0.0,0.0
2021-09-09 00:00:00+09:00,2055.6587494026717,2074.2310348228575,2047.8388397520669,2061.523681640625,123000,0.0,0.0
2021-09-10 00:00:00+09:00,2077.1637033960906,2103.555901039241,2075.2087257928943,2098.66845703125,159800,0.0,0.0
2021-09-13 00:00:00+09:00,2098.6684569193103,2131.903076171875,2091.826035308488,2131.903076171875,93700,0.0,0.0
2021-09-14 00:00:00+09:00,2128.970588378906,2150.475341796875,2122.128166836825,2150.475341796875,120500,0.0,0.0
2021-09-15 00:00:00+09:00,2121.150721039185,2123.105698662263,2106.4883888661034,2113.330810546875,64400,0.0,0.0
2021-09-16 00:00:00+09:00,2120.1731745166107,2120.1731745166107,2098.668421248116,2107.4658203125,73600,0.0,0.0
2021-09-17 00:00:00+09:00,2110.3981079608543,2121.150483684601,2100.6232209392665,2118.218017578125,118600,0.0,0.0
2021-09-21 00:00:00+09:00,2079.1186450954656,2094.7584656509557,2069.3437572482844,2074.231201171875,85400,0.0,0.0
2021-09-22 00:00:00+09:00,2067.3888010849455,2079.1186666230165,2055.658935546875,2055.658935546875,76200,0.0,0.0
2021-09-24 00:00:00+09:00,2111.3757250580047,2113.3307025812064,2089.870972302784,2106.48828125,195900,0.0,0.0
2021-09-27 00:00:00+09:00,2106.488157581012,2113.330578510509,2089.870849609375,2089.870849609375,96300,0.0,0.0
2021-09-28 00:00:00+09:00,2092.8034090493265,2097.690852788349,2068.366190354215,2086.9384765625,125800,0.0,0.0
2021-09-29 00:00:00+09:00,2066.4111328125,2067.3886215224397,2040.9964263540683,2066.4111328125,154300,0.0,0.0
2021-09-30 00:00:00+09:00,2071.2986623505017,2086.938482358811,2057.6138198432304,2058.59130859375,91200,0.0,0.0
2021-10-01 00:00:00+09:00,2040.0190560349272,2041.974033568262,1995.0545727682254,1999.9420166015625,129500,0.0,0.0
2021-10-04 00:00:00+09:00,2021.4467763835116,2022.424265153523,1975.5048041929772,1988.212158203125,107300,0.0,0.0
2021-10-05 00:00:00+09:00,1971.5947833379744,1986.2571143989906,1960.8424072265625,1960.8424072265625,123900,0.0,0.0
2021-10-06 00:00:00+09:00,1969.639850309181,2012.6493557253614,1968.6623615497222,1990.1671142578125,110100,0.0,0.0
2021-10-07 00:00:00+09:00,1997.9870745668316,1997.9870745668316,1974.52734375,1974.52734375,84200,0.0,0.0
2021-10-08 00:00:00+09:00,2004.8293949511478,2007.7618611553671,1985.2796202563536,1989.1895751953125,78600,0.0,0.0
2021-10-11 00:00:00+09:00,1974.5273158958282,2004.8294677734375,1970.6173608148465,2004.8294677734375,92000,0.0,0.0
2021-10-12 00:00:00+09:00,1996.0320826315444,1996.0320826315444,1977.4597958685672,1981.3697509765625,123900,0.0,0.0
2021-10-13 00:00:00+09:00,1983.324627760899,1989.1895601249037,1972.572251760224,1979.4146728515625,80400,0.0,0.0
2021-10-14 00:00:00+09:00,1974.527257068545,1974.527257068545,1960.8424146928223,1965.7298583984375,118800,0.0,0.0
2021-10-15 00:00:00+09:00,1976.482236471386,2003.8519212494268,1968.6623265348028,1998.9644775390625,94400,0.0,0.0
2021-10-18 00:00:00+09:00,2007.7619125879048,2022.4242439846032,1993.0995811912064,2006.784423828125,97600,0.0,0.0
2021-10-19 00:00:00+09:00,2012.6493415253688,2013.6268302779308,1989.1896114638782,1997.009521484375,51500,0.0,0.0
2021-10-20 00:00:00+09:00,1997.987067515456,2004.82948897955,1979.4147806843434,1986.2572021484375,90900,0.0,0.0
2021-10-21 00:00:00+09:00,1980.3922119140625,1997.9870094532791,1978.437234409705,1980.3922119140625,60900,0.0,0.0
2021-10-22 00:00:00+09:00,1964.7523632040131,1984.3021379622621,1957.909942038626,1977.459716796875,89900,0.0,0.0
2021-10-25 00:00:00+09:00,1964.752391095539,1973.5497898616384,1960.8424360883837,1963.77490234375,108100,0.0,0.0
2021-10-26 00:00:00+09:00,1973.5497543592046,1977.4597092960232,1963.7748670171582,1972.572265625,72100,0.0,0.0
2021-10-27 00:00:00+09:00,1972.5723374025858,1977.4597812514523,1968.6623823234925,1971.5948486328125,49400,0.0,0.0
2021-10-28 00:00:00+09:00,1964.752398493747,1975.5047748039117,1955.9549996945211,1968.662353515625,102200,0.0,0.0
2021-10-29 00:00:00+09:00,1957.9099624237851,1965.7298724085033,1948.1350749428875,1958.887451171875,145900,0.0,0.0
2021-11-01 00:00:00+09:00,1981.369679227148,1983.324656710352,1964.752370619915,1982.34716796875,138500,0.0,0.0
2021-11-02 00:00:00+09:00,1982.3471669975293,1982.3471669975293,1961.8199034339455,1965.7298583984375,114400,0.0,0.0
2021-11-04 00:00:00+09:00,1977.4597744328332,1983.32470703125,1965.729909236,1983.32470703125,157500,0.0,0.0
2021-11-05 00:00:00+09:00,1975.5047748039117,1976.4822635593812,1959.8649547163993,1968.662353515625,110400,0.0,0.0
2021-11-08 00:00:00+09:00,1978.437291602047,1978.437291602047,1967.6849150172534,1969.639892578125,74800,0.0,0.0
2021-11-09 00:00:00+09:00,1969.6398489815847,1973.5498040167838,1956.9324951171875,1956.9324951171875,69000,0.0,0.0
2021-11-10 00:00:00+09:00,1957.9100339338258,1963.7749666365733,1941.292724609375,1941.292724609375,139800,0.0,0.0
2021-11-11 00:00:00+09:00,1945.2026373269728,1968.6623676263935,1944.2251485644967,1961.8199462890625,78900,0.0,0.0
2021-11-12 00:00:00+09:00,1966.707405262875,1989.1896469731364,1966.707405262875,1988.212158203125,95600,0.0,0.0
2021-11-15 00:00:00+09:00,1969.6398563888695,1983.3246990635314,1959.8649687641107,1961.8199462890625,145600,0.0,0.0
2021-11-16 00:00:00+09:00,1969.6398048151552,1972.5722710257983,1944.22509765625,1944.22509765625,115700,0.0,0.0
2021-11-17 00:00:00+09:00,1944.2251182285058,1949.1125619646257,1925.65283203125,1925.65283203125,151200,0.0,0.0
2021-11-18 00:00:00+09:00,1925.65283203125,1931.517764514594,1916.8554333062343,1925.65283203125,166500,0.0,0.0
2021-11-19 00:00:00+09:00,1924.6754152849242,1941.292724609375,1918.8104825821767,1941.292724609375,146800,0.0,0.0
2021-11-22 00:00:00+09:00,1937.3827044600475,1941.2926594640032,1916.8554406892802,1930.540283203125,80500,0.0,0.0
2021-11-24 00:00:00+09:00,1937.3827402264274,1947.1576279167728,1921.742919921875,1921.742919921875,85000,0.0,0.0
2021-11-25 00:00:00+09:00,1935.4277916593924,1938.3602580103916,1922.7204374717298,1924.6754150390625,79500,0.0,0.0
2021-11-26 00:00:00+09:00,1922.7203422680234,1923.6978310032894,1892.4181914747805,1894.3731689453125,137400,0.0,0.0
2021-11-29 00:00:00+09:00,1876.7784345363539,1889.4857885201939,1854.2961928726372,1855.273681640625,167000,0.0,0.0
2021-11-30 00:00:00+09:00,1859.1835777343751,1886.5532623697918,1832.7913818359375,1832.7913818359375,215400,0.0,0.0
2021-12-01 00:00:00+09:00,1838.656315293423,1855.2736238314283,1820.084029280358,1849.40869140625,166700,0.0,0.0
2021-12-02 00:00:00+09:00,1844.5212616695333,1868.958480292606,1841.5887954347645,1842.5662841796875,145400,0.0,0.0
2021-12-03 00:00:00+09:00,1846.476275986277,1868.9585175678992,1846.476275986277,1867.0035400390625,114300,0.0,0.0
2021-12-06 00:00:00+09:00,1874.8234501544093,1885.5758265630113,1862.1160962169706,1867.0035400390625,105200,0.0,0.0
2021-12-07 00:00:00+09:00,1881.6658593774812,1926.630342250917,1872.8684605544177,1923.6978759765625,133600,0.0,0.0
2021-12-08 00:00:00+09:00,1935.4276904371345,1940.3151340998547,1914.9004270537105,1922.7203369140625,123700,0.0,0.0
2021-12-09 00:00:00+09:00,1918.8103948996597,1924.6753273344013,1899.2606201171875,1899.2606201171875,93000,0.0,0.0
2021-12-10 00:00:00+09:00,1914.900483862754,1925.652860239727,1906.1030850088669,1911.968017578125,87100,0.0,0.0
2021-12-13 00:00:00+09:00,1926.6303996620704,1930.540354811055,1910.0130902788867,1912.945556640625,59300,0.0,0.0
2021-12-14 00:00:00+09:00,1906.1030917697483,1912.9455131248192,1899.2606704146772,1900.2381591796875,113100,0.0,0.0
2021-12-15 00:00:00+09:00,1900.238145101871,1921.7428977727768,1900.238145101871,1907.08056640625,75800,0.0,0.0
2021-12-16 00:00:00+09:00,1920.7653882951302,1930.54027576737,1918.8104108006821,1925.65283203125,68200,0.0,0.0
2021-12-17 00:00:00+09:00,1928.585370173728,1935.4277916593924,1918.8104823370643,1924.6754150390625,151000,0.0,0.0
2021-12-20 00:00:00+09:00,1920.7654594007388,1923.697925750969,1891.4407958984375,1891.4407958984375,178000,0.0,0.0
2021-12-21 00:00:00+09:00,1891.4407744085167,1903.1706396761665,1886.553330546996,1893.395751953125,183100,0.0,0.0
2021-12-22 00:00:00+09:00,1892.4181776188946,1901.215576171875,1889.4857114345677,1901.215576171875,109700,0.0,0.0
2021-12-23 00:00:00+09:00,1906.103056220598,1911.967988701277,1904.1480787270386,1909.0355224609375,110700,0.0,0.0
2021-12-24 00:00:00+09:00,1913.9229596552957,1924.6753358331346,1913.9229596552957,1920.765380859375,98000,0.0,0.0
2021-12-27 00:00:00+09:00,1923.697897459944,1925.6528749980132,1910.0130546934606,1921.742919921875,90700,0.0,0.0
2021-12-28 00:00:00+09:00,1925.6528264132066,1955.9549774887444,1922.7203601800902,1954.0,393800,0.0,0.0
2021-12-29 00:00:00+09:00,1945.0,1955.0,1921.0,1931.0,211700,45.0,0.0
2021-12-30 00:00:00+09:00,1924.0,1935.0,1920.0,1925.0,119400,0.0,0.0
2022-01-04 00:00:00+09:00,1944.0,1945.0,1920.0,1934.0,150700,0.0,0.0
2022-01-05 00:00:00+09:00,1945.0,1949.0,1932.0,1945.0,157300,0.0,0.0
2022-01-06 00:00:00+09:00,1946.0,1948.0,1921.0,1921.0,88200,0.0,0.0
2022-01-07 00:00:00+09:00,1921.0,1930.0,1903.0,1909.0,136900,0.0,0.0
2022-01-11 00:00:00+09:00,1909.0,1919.0,1896.0,1914.0,95100,0.0,0.0
2022-01-12 00:00:00+09:00,1925.0,1946.0,1922.0,1939.0,105900,0.0,0.0
2022-01-13 00:00:00+09:00,1940.0,1943.0,1931.0,1932.0,79500,0.0,0.0
2022-01-14 00:00:00+09:00,1929.0,1929.0,1902.0,1913.0,117900,0.0,0.0
2022-01-17 00:00:00+09:00,1935.0,1937.0,1909.0,1915.0,67700,0.0,0.0
2022-01-18 00:00:00+09:00,1928.0,1937.0,1905.0,1905.0,90000,0.0,0.0
2022-01-19 00:00:00+09:00,1893.0,1901.0,1865.0,1866.0,163400,0.0,0.0
2022-01-20 00:00:00+09:00,1868.0,1895.0,1868.0,1885.0,149000,0.0,0.0
2022-01-21 00:00:00+09:00,1876.0,1896.0,1871.0,1895.0,116600,0.0,0.0
2022-01-24 00:00:00+09:00,1885.0,1915.0,1878.0,1915.0,78400,0.0,0.0
2022-01-25 00:00:00+09:00,1912.0,1912.0,1887.0,1906.0,108300,0.0,0.0
2022-01-26 00:00:00+09:00,1911.0,1912.0,1886.0,1886.0,77600,0.0,0.0
2022-01-27 00:00:00+09:00,1894.0,1899.0,1851.0,1854.0,174500,0.0,0.0
2022-01-28 00:00:00+09:00,1879.0,1896.0,1873.0,1888.0,137400,0.0,0.0
2022-01-31 00:00:00+09:00,1889.0,1905.0,1884.0,1899.0,69400,0.0,0.0
2022-02-01 00:00:00+09:00,1905.0,1905.0,1886.0,1886.0,64700,0.0,0.0
2022-02-02 00:00:00+09:00,1899.0,1916.0,1890.0,1916.0,105200,0.0,0.0
2022-02-03 00:00:00+09:00,1918.0,1920.0,1907.0,1918.0,60500,0.0,0.0
2022-02-04 00:00:00+09:00,1910.0,1925.0,1906.0,1921.0,63200,0.0,0.0
2022-02-07 00:00:00+09:00,1905.0,1929.0,1905.0,1925.0,95000,0.0,0.0
2022-02-08 00:00:00+09:00,1920.0,1933.0,1913.0,1916.0,98800,0.0,0.0
2022-02-09 00:00:00+09:00,1918.0,1934.0,1913.0,1924.0,93000,0.0,0.0
2022-02-10 00:00:00+09:00,1930.0,1938.0,1912.0,1917.0,119000,0.0,0.0
2022-02-14 00:00:00+09:00,1902.0,1918.0,1901.0,1907.0,86700,0.0,0.0
2022-02-15 00:00:00+09:00,1926.0,1933.0,1907.0,1915.0,138100,0.0,0.0
2022-02-16 00:00:00+09:00,1920.0,1944.0,1914.0,1939.0,102300,0.0,0.0
2022-02-17 00:00:00+09:00,1934.0,1940.0,1921.0,1934.0,86100,0.0,0.0
2022-02-18 00:00:00+09:00,1908.0,1926.0,1908.0,1912.0,80600,0.0,0.0
2022-02-21 00:00:00+09:00,1900.0,1906.0,1887.0,1890.0,105500,0.0,0.0
2022-02-22 00:00:00+09:00,1880.0,1883.0,1868.0,1879.0,118300,0.0,0.0
2022-02-24 00:00:00+09:00,1860.0,1883.0,1859.0,1881.0,120600,0.0,0.0
2022-02-25 00:00:00+09:00,1884.0,1887.0,1867.0,1867.0,89500,0.0,0.0
2022-02-28 00:00:00+09:00,1882.0,1925.0,1877.0,1925.0,158300,0.0,0.0
2022-03-01 00:00:00+09:00,1925.0,1932.0,1895.0,1897.0,84000,0.0,0.0
2022-03-02 00:00:00+09:00,1879.0,1884.0,1844.0,1844.0,138800,0.0,0.0
2022-03-03 00:00:00+09:00,1869.0,1869.0,1854.0,1854.0,97800,0.0,0.0
2022-03-04 00:00:00+09:00,1854.0,1860.0,1839.0,1840.0,112300,0.0,0.0
2022-03-07 00:00:00+09:00,1836.0,1841.0,1790.0,1797.0,165400,0.0,0.0
2022-03-08 00:00:00+09:00,1780.0,1784.0,1718.0,1723.0,227400,0.0,0.0
2022-03-09 00:00:00+09:00,1731.0,1738.0,1719.0,1722.0,171400,0.0,0.0
2022-03-10 00:00:00+09:00,1782.0,1816.0,1776.0,1814.0,152900,0.0,0.0
2022-03-11 00:00:00+09:00,1793.0,1810.0,1787.0,1808.0,124000,0.0,0.0
2022-03-14 00:00:00+09:00,1820.0,1841.0,1810.0,1827.0,81500,0.0,0.0
2022-03-15 00:00:00+09:00,1831.0,1862.0,1824.0,1857.0,82800,0.0,0.0
2022-03-16 00:00:00+09:00,1868.0,1868.0,1838.0,1841.0,95900,0.0,0.0
2022-03-17 00:00:00+09:00,1879.0,1879.0,1843.0,1862.0,101600,0.0,0.0
2022-03-18 00:00:00+09:00,1862.0,1882.0,1857.0,1868.0,283800,0.0,0.0
2022-03-22 00:00:00+09:00,1896.0,1901.0,1876.0,1884.0,110600,0.0,0.0
2022-03-23 00:00:00+09:00,1899.0,1918.0,1884.0,1915.0,103800,0.0,0.0
2022-03-24 00:00:00+09:00,1899.0,1901.0,1879.0,1899.0,77600,0.0,0.0
2022-03-25 00:00:00+09:00,1921.0,1926.0,1900.0,1908.0,100000,0.0,0.0
2022-03-28 00:00:00+09:00,1920.0,1926.0,1901.0,1913.0,88800,0.0,0.0
2022-03-29 00:00:00+09:00,1896.0,1927.0,1889.0,1925.0,125900,0.0,0.0
2022-03-30 00:00:00+09:00,1929.0,1929.0,1895.0,1919.0,114600,0.0,0.0
2022-03-31 00:00:00+09:00,1897.0,1922.0,1894.0,1903.0,98900,0.0,0.0
2022-04-01 00:00:00+09:00,1891.0,1926.0,1886.0,1925.0,87300,0.0,0.0
2022-04-04 00:00:00+09:00,1929.0,1968.0,1926.0,1965.0,136000,0.0,0.0
2022-04-05 00:00:00+09:00,1980.0,1983.0,1953.0,1959.0,124800,0.0,0.0
2022-04-06 00:00:00+09:00,1971.0,1978.0,1945.0,1950.0,164100,0.0,0.0
2022-04-07 00:00:00+09:00,1925.0,1927.0,1902.0,1908.0,103200,0.0,0.0
2022-04-08 00:00:00+09:00,1923.0,1923.0,1893.0,1903.0,114400,0.0,0.0
2022-04-11 00:00:00+09:00,1900.0,1912.0,1884.0,1886.0,84500,0.0,0.0
2022-04-12 00:00:00+09:00,1887.0,1894.0,1874.0,1874.0,77100,0.0,0.0
2022-04-13 00:00:00+09:00,1874.0,1894.0,1873.0,1893.0,55900,0.0,0.0
2022-04-14 00:00:00+09:00,1893.0,1909.0,1893.0,1901.0,47100,0.0,0.0
2022-04-15 00:00:00+09:00,1895.0,1904.0,1889.0,1899.0,71700,0.0,0.0
2022-04-18 00:00:00+09:00,1888.0,1896.0,1877.0,1892.0,125700,0.0,0.0
2022-04-19 00:00:00+09:00,1900.0,1920.0,1897.0,1914.0,46200,0.0,0.0
2022-04-20 00:00:00+09:00,1934.0,1941.0,1923.0,1935.0,77500,0.0,0.0
2022-04-21 00:00:00+09:00,1941.0,1948.0,1936.0,1942.0,104500,0.0,0.0
2022-04-22 00:00:00+09:00,1937.0,1943.0,1923.0,1941.0,67700,0.0,0.0
2022-04-25 00:00:00+09:00,1930.0,1933.0,1917.0,1929.0,103200,0.0,0.0
2022-04-26 00:00:00+09:00,1929.0,1933.0,1915.0,1915.0,66700,0.0,0.0
2022-04-27 00:00:00+09:00,1898.0,1901.0,1871.0,1872.0,189000,0.0,0.0
2022-04-28 00:00:00+09:00,1870.0,1935.0,1866.0,1935.0,109000,0.0,0.0
2022-05-02 00:00:00+09:00,1920.0,1944.0,1920.0,1941.0,100000,0.0,0.0
2022-05-06 00:00:00+09:00,1941.0,1987.0,1935.0,1983.0,173600,0.0,0.0
2022-05-09 00:00:00+09:00,1974.0,1990.0,1972.0,1978.0,102300,0.0,0.0
2022-05-10 00:00:00+09:00,1968.0,1991.0,1951.0,1980.0,121000,0.0,0.0
2022-05-11 00:00:00+09:00,1970.0,1981.0,1959.0,1969.0,98200,0.0,0.0
2022-05-12 00:00:00+09:00,1976.0,1980.0,1952.0,1952.0,103500,0.0,0.0
2022-05-13 00:00:00+09:00,1944.0,1982.0,1942.0,1982.0,125400,0.0,0.0
2022-05-16 00:00:00+09:00,1965.0,1972.0,1940.0,1940.0,146800,0.0,0.0
2022-05-17 00:00:00+09:00,1941.0,1958.0,1925.0,1926.0,105600,0.0,0.0
2022-05-18 00:00:00+09:00,1927.0,1950.0,1925.0,1946.0,93200,0.0,0.0
2022-05-19 00:00:00+09:00,1911.0,1937.0,1906.0,1933.0,120600,0.0,0.0
2022-05-20 00:00:00+09:00,1910.0,1936.0,1906.0,1930.0,135700,0.0,0.0
2022-05-23 00:00:00+09:00,1946.0,1950.0,1930.0,1933.0,101600,0.0,0.0
2022-05-24 00:00:00+09:00,1934.0,1939.0,1908.0,1915.0,128700,0.0,0.0
2022-05-25 00:00:00+09:00,1915.0,1918.0,1906.0,1906.0,129800,0.0,0.0
2022-05-26 00:00:00+09:00,1907.0,1920.0,1907.0,1910.0,83500,0.0,0.0
2022-05-27 00:00:00+09:00,1925.0,1929.0,1909.0,1923.0,78900,0.0,0.0
2022-05-30 00:00:00+09:00,1935.0,1956.0,1928.0,1947.0,202500,0.0,0.0
2022-05-31 00:00:00+09:00,1940.0,1952.0,1908.0,1908.0,438200,0.0,0.0
2022-06-01 00:00:00+09:00,1920.0,1969.0,1920.0,1962.0,189100,0.0,0.0
2022-06-02 00:00:00+09:00,1951.0,1976.0,1950.0,1972.0,132400,0.0,0.0
2022-06-03 00:00:00+09:00,1977.0,1980.0,1962.0,1966.0,127600,0.0,0.0
2022-06-06 00:00:00+09:00,1959.0,1980.0,1957.0,1977.0,92800,0.0,0.0
2022-06-07 00:00:00+09:00,1983.0,2009.0,1982.0,1992.0,153900,0.0,0.0
2022-06-08 00:00:00+09:00,2004.0,2014.0,2002.0,2008.0,151400,0.0,0.0
2022-06-09 00:00:00+09:00,2005.0,2014.0,1989.0,1989.0,134000,0.0,0.0
2022-06-10 00:00:00+09:00,1980.0,1985.0,1963.0,1975.0,181500,0.0,0.0
2022-06-13 00:00:00+09:00,1949.0,1955.0,1935.0,1949.0,181800,0.0,0.0
2022-06-14 00:00:00+09:00,1928.0,1947.0,1928.0,1942.0,140700,0.0,0.0
2022-06-15 00:00:00+09:00,1935.0,1952.0,1935.0,1943.0,112700,0.0,0.0
2022-06-16 00:00:00+09:00,1948.0,1959.0,1940.0,1944.0,127300,0.0,0.0
2022-06-17 00:00:00+09:00,1916.0,1928.0,1905.0,1917.0,252400,0.0,0.0
2022-06-20 00:00:00+09:00,1923.0,1925.0,1883.0,1885.0,218600,0.0,0.0
2022-06-21 00:00:00+09:00,1900.0,1930.0,1898.0,1922.0,184000,0.0,0.0
2022-06-22 00:00:00+09:00,1925.0,1942.0,1917.0,1930.0,127400,0.0,0.0
2022-06-23 00:00:00+09:00,1924.0,1934.0,1921.0,1926.0,109900,0.0,0.0
2022-06-24 00:00:00+09:00,1919.0,1939.0,1914.0,1937.0,172700,0.0,0.0
2022-06-27 00:00:00+09:00,1965.0,1971.0,1954.0,1956.0,183900,0.0,0.0
2022-06-28 00:00:00+09:00,1948.0,1962.0,1942.0,1955.0,322400,0.0,0.0
2022-06-29 00:00:00+09:00,1899.0,1905.0,1890.0,1890.0,464800,0.0,0.0
2022-06-30 00:00:00+09:00,1888.0,1906.0,1882.0,1902.0,174500,0.0,0.0
2022-07-01 00:00:00+09:00,1915.0,1922.0,1884.0,1890.0,150200,0.0,0.0
2022-07-04 00:00:00+09:00,1906.0,1909.0,1895.0,1901.0,93300,0.0,0.0
2022-07-05 00:00:00+09:00,1908.0,1913.0,1899.0,1906.0,113800,0.0,0.0
2022-07-06 00:00:00+09:00,1890.0,1891.0,1867.0,1879.0,153900,0.0,0.0
2022-07-07 00:00:00+09:00,1886.0,1896.0,1872.0,1892.0,130300,0.0,0.0
2022-07-08 00:00:00+09:00,1893.0,1917.0,1891.0,1895.0,255000,0.0,0.0
2022-07-11 00:00:00+09:00,1918.0,1928.0,1909.0,1927.0,213900,0.0,0.0
2022-07-12 00:00:00+09:00,1917.0,1918.0,1881.0,1881.0,138700,0.0,0.0
2022-07-13 00:00:00+09:00,1898.0,1916.0,1893.0,1913.0,159000,0.0,0.0
2022-07-14 00:00:00+09:00,1917.0,1926.0,1910.0,1918.0,125000,0.0,0.0
2022-07-15 00:00:00+09:00,1919.0,1926.0,1912.0,1919.0,84200,0.0,0.0
2022-07-19 00:00:00+09:00,1914.0,1927.0,1912.0,1922.0,78600,0.0,0.0
2022-07-20 00:00:00+09:00,1937.0,1944.0,1929.0,1943.0,218600,0.0,0.0
2022-07-21 00:00:00+09:00,1932.0,1950.0,1931.0,1950.0,114500,0.0,0.0
2022-07-22 00:00:00+09:00,1945.0,1954.0,1940.0,1954.0,125100,0.0,0.0
2022-07-25 00:00:00+09:00,1954.0,1954.0,1939.0,1945.0,110900,0.0,0.0
2022-07-26 00:00:00+09:00,1948.0,1954.0,1933.0,1936.0,90900,0.0,0.0
2022-07-27 00:00:00+09:00,1931.0,1953.0,1924.0,1949.0,160300,0.0,0.0
2022-07-28 00:00:00+09:00,1941.0,1958.0,1923.0,1958.0,484700,0.0,0.0
2022-07-29 00:00:00+09:00,1959.0,1959.0,1930.0,1935.0,123800,0.0,0.0
2022-08-01 00:00:00+09:00,1945.0,1958.0,1943.0,1958.0,129000,0.0,0.0
2022-08-02 00:00:00+09:00,1954.0,1954.0,1936.0,1948.0,100800,0.0,0.0
2022-08-03 00:00:00+09:00,1948.0,1948.0,1921.0,1933.0,93400,0.0,0.0
2022-08-04 00:00:00+09:00,1940.0,1945.0,1930.0,1942.0,76200,0.0,0.0
2022-08-05 00:00:00+09:00,1930.0,1944.0,1928.0,1936.0,70600,0.0,0.0
2022-08-08 00:00:00+09:00,1914.0,1929.0,1899.0,1912.0,154400,0.0,0.0
2022-08-09 00:00:00+09:00,1915.0,1915.0,1898.0,1900.0,86600,0.0,0.0
2022-08-10 00:00:00+09:00,1895.0,1914.0,1892.0,1914.0,91100,0.0,0.0
2022-08-12 00:00:00+09:00,1932.0,1947.0,1922.0,1945.0,181100,0.0,0.0
2022-08-15 00:00:00+09:00,1950.0,1950.0,1934.0,1940.0,60800,0.0,0.0
2022-08-16 00:00:00+09:00,1943.0,1946.0,1931.0,1934.0,64800,0.0,0.0
2022-08-17 00:00:00+09:00,1934.0,1945.0,1928.0,1945.0,162400,0.0,0.0
2022-08-18 00:00:00+09:00,1931.0,1931.0,1920.0,1921.0,118000,0.0,0.0
2022-08-19 00:00:00+09:00,1936.0,1940.0,1928.0,1929.0,82800,0.0,0.0
2022-08-22 00:00:00+09:00,1918.0,1931.0,1913.0,1928.0,66300,0.0,0.0
2022-08-23 00:00:00+09:00,1923.0,1926.0,1913.0,1922.0,65700,0.0,0.0
2022-08-24 00:00:00+09:00,1917.0,1935.0,1917.0,1932.0,95200,0.0,0.0
2022-08-25 00:00:00+09:00,1940.0,1940.0,1926.0,1934.0,69800,0.0,0.0
2022-08-26 00:00:00+09:00,1934.0,1941.0,1933.0,1939.0,54800,0.0,0.0
2022-08-29 00:00:00+09:00,1900.0,1909.0,1899.0,1906.0,169300,0.0,0.0
2022-08-30 00:00:00+09:00,1918.0,1925.0,1908.0,1923.0,83600,0.0,0.0
2022-08-31 00:00:00+09:00,1905.0,1915.0,1903.0,1914.0,162900,0.0,0.0
2022-09-01 00:00:00+09:00,1902.0,1907.0,1893.0,1893.0,124500,0.0,0.0
2022-09-02 00:00:00+09:00,1898.0,1902.0,1886.0,1901.0,103400,0.0,0.0
2022-09-05 00:00:00+09:00,1887.0,1898.0,1887.0,1889.0,83800,0.0,0.0
2022-09-06 00:00:00+09:00,1894.0,1896.0,1886.0,1888.0,118700,0.0,0.0
2022-09-07 00:00:00+09:00,1897.0,1897.0,1880.0,1889.0,111700,0.0,0.0
2022-09-08 00:00:00+09:00,1913.0,1920.0,1904.0,1920.0,174500,0.0,0.0
2022-09-09 00:00:00+09:00,1921.0,1936.0,1921.0,1933.0,127900,0.0,0.0
2022-09-12 00:00:00+09:00,1950.0,1950.0,1930.0,1940.0,93700,0.0,0.0
2022-09-13 00:00:00+09:00,1940.0,1945.0,1931.0,1944.0,68100,0.0,0.0
2022-09-14 00:00:00+09:00,1920.0,1920.0,1909.0,1910.0,105900,0.0,0.0
2022-09-15 00:00:00+09:00,1912.0,1914.0,1899.0,1905.0,85100,0.0,0.0
2022-09-16 00:00:00+09:00,1890.0,1906.0,1890.0,1897.0,102800,0.0,0.0
2022-09-20 00:00:00+09:00,1914.0,1920.0,1909.0,1914.0,101000,0.0,0.0
2022-09-21 00:00:00+09:00,1911.0,1918.0,1907.0,1916.0,98300,0.0,0.0
2022-09-22 00:00:00+09:00,1915.0,1917.0,1906.0,1916.0,114400,0.0,0.0
2022-09-26 00:00:00+09:00,1904.0,1905.0,1880.0,1885.0,185800,0.0,0.0
2022-09-27 00:00:00+09:00,1892.0,1904.0,1891.0,1892.0,101100,0.0,0.0
2022-09-28 00:00:00+09:00,1885.0,1892.0,1878.0,1892.0,123400,0.0,0.0
2022-09-29 00:00:00+09:00,1901.0,1926.0,1898.0,1920.0,116500,0.0,0.0
2022-09-30 00:00:00+09:00,1905.0,1919.0,1889.0,1900.0,126200,0.0,0.0
2022-10-03 00:00:00+09:00,1889.0,1895.0,1876.0,1885.0,101100,0.0,0.0
2022-10-04 00:00:00+09:00,1909.0,1934.0,1902.0,1925.0,152700,0.0,0.0
2022-10-05 00:00:00+09:00,1939.0,1941.0,1923.0,1924.0,95700,0.0,0.0
2022-10-06 00:00:00+09:00,1940.0,1942.0,1926.0,1927.0,98500,0.0,0.0
2022-10-07 00:00:00+09:00,1914.0,1923.0,1902.0,1918.0,96900,0.0,0.0
2022-10-11 00:00:00+09:00,1910.0,1915.0,1889.0,1900.0,132300,0.0,0.0
2022-10-12 00:00:00+09:00,1899.0,1900.0,1888.0,1888.0,128200,0.0,0.0
2022-10-13 00:00:00+09:00,1880.0,1897.0,1871.0,1890.0,109300,0.0,0.0
2022-10-14 00:00:00+09:00,1915.0,1924.0,1890.0,1910.0,132400,0.0,0.0
2022-10-17 00:00:00+09:00,1902.0,1912.0,1902.0,1910.0,49600,0.0,0.0
2022-10-18 00:00:00+09:00,1925.0,1925.0,1908.0,1916.0,81000,0.0,0.0
2022-10-19 00:00:00+09:00,1909.0,1923.0,1908.0,1916.0,67900,0.0,0.0
2022-10-20 00:00:00+09:00,1905.0,1915.0,1904.0,1913.0,79400,0.0,0.0
2022-10-21 00:00:00+09:00,1903.0,1912.0,1897.0,1897.0,87800,0.0,0.0
2022-10-24 00:00:00+09:00,1903.0,1908.0,1891.0,1894.0,76500,0.0,0.0
2022-10-25 00:00:00+09:00,1904.0,1907.0,1897.0,1899.0,67500,0.0,0.0
2022-10-26 00:00:00+09:00,1908.0,1918.0,1902.0,1910.0,91800,0.0,0.0
2022-10-27 00:00:00+09:00,1907.0,1911.0,1886.0,1892.0,102400,0.0,0.0
2022-10-28 00:00:00+09:00,1886.0,1905.0,1883.0,1886.0,298500,0.0,0.0
2022-10-31 00:00:00+09:00,1895.0,1915.0,1895.0,1915.0,101200,0.0,0.0
2022-11-01 00:00:00+09:00,1914.0,1919.0,1902.0,1903.0,44600,0.0,0.0
2022-11-02 00:00:00+09:00,1900.0,1909.0,1893.0,1898.0,161400,0.0,0.0
2022-11-04 00:00:00+09:00,1895.0,1901.0,1890.0,1897.0,81600,0.0,0.0
2022-11-07 00:00:00+09:00,1903.0,1909.0,1896.0,1903.0,92100,0.0,0.0
2022-11-08 00:00:00+09:00,1910.0,1920.0,1902.0,1915.0,94900,0.0,0.0
2022-11-09 00:00:00+09:00,1921.0,1924.0,1913.0,1921.0,77400,0.0,0.0
2022-11-10 00:00:00+09:00,1915.0,1916.0,1903.0,1903.0,78300,0.0,0.0
2022-11-11 00:00:00+09:00,1925.0,1925.0,1912.0,1922.0,130000,0.0,0.0
2022-11-14 00:00:00+09:00,1901.0,1907.0,1840.0,1840.0,473800,0.0,0.0
2022-11-15 00:00:00+09:00,1841.0,1870.0,1841.0,1867.0,180000,0.0,0.0
2022-11-16 00:00:00+09:00,1863.0,1866.0,1850.0,1850.0,141200,0.0,0.0
2022-11-17 00:00:00+09:00,1850.0,1860.0,1847.0,1853.0,112600,0.0,0.0
2022-11-18 00:00:00+09:00,1853.0,1869.0,1853.0,1859.0,149900,0.0,0.0
2022-11-21 00:00:00+09:00,1862.0,1865.0,1858.0,1860.0,103700,0.0,0.0
2022-11-22 00:00:00+09:00,1871.0,1884.0,1870.0,1879.0,214500,0.0,0.0
2022-11-24 00:00:00+09:00,1894.0,1895.0,1881.0,1894.0,112500,0.0,0.0
2022-11-25 00:00:00+09:00,1900.0,1900.0,1888.0,1894.0,104500,0.0,0.0
2022-11-28 00:00:00+09:00,1896.0,1896.0,1884.0,1885.0,129900,0.0,0.0
2022-11-29 00:00:00+09:00,1876.0,1887.0,1871.0,1887.0,96500,0.0,0.0
2022-11-30 00:00:00+09:00,1885.0,1893.0,1878.0,1880.0,165900,0.0,0.0
2022-12-01 00:00:00+09:00,1881.0,1884.0,1872.0,1875.0,158100,0.0,0.0
2022-12-02 00:00:00+09:00,1869.0,1870.0,1846.0,1850.0,266200,0.0,0.0
2022-12-05 00:00:00+09:00,1855.0,1855.0,1835.0,1841.0,161800,0.0,0.0
2022-12-06 00:00:00+09:00,1842.0,1844.0,1835.0,1837.0,122000,0.0,0.0
2022-12-07 00:00:00+09:00,1834.0,1857.0,1834.0,1854.0,128400,0.0,0.0
2022-12-08 00:00:00+09:00,1850.0,1856.0,1840.0,1855.0,165400,0.0,0.0
2022-12-09 00:00:00+09:00,1846.0,1861.0,1846.0,1849.0,128400,0.0,0.0
2022-12-12 00:00:00+09:00,1850.0,1851.0,1842.0,1843.0,108200,0.0,0.0
2022-12-13 00:00:00+09:00,1858.0,1872.0,1852.0,1859.0,131600,0.0,0.0
2022-12-14 00:00:00+09:00,1869.0,1878.0,1864.0,1877.0,150200,0.0,0.0
2022-12-15 00:00:00+09:00,1873.0,1887.0,1873.0,1880.0,98100,0.0,0.0
2022-12-16 00:00:00+09:00,1876.0,1883.0,1870.0,1870.0,209500,0.0,0.0
2022-12-19 00:00:00+09:00,1870.0,1879.0,1865.0,1872.0,118400,0.0,0.0
2022-12-20 00:00:00+09:00,1881.0,1891.0,1861.0,1871.0,180000,0.0,0.0
2022-12-21 00:00:00+09:00,1869.0,1874.0,1851.0,1857.0,178600,0.0,0.0
2022-12-22 00:00:00+09:00,1854.0,1863.0,1851.0,1862.0,92900,0.0,0.0
2022-12-23 00:00:00+09:00,1855.0,1863.0,1854.0,1858.0,116800,0.0,0.0
2022-12-26 00:00:00+09:00,1865.0,1874.0,1860.0,1868.0,83000,0.0,0.0
2022-12-27 00:00:00+09:00,1872.0,1875.0,1865.0,1870.0,106600,0.0,0.0
2022-12-28 00:00:00+09:00,1863.0,1868.0,1856.0,1859.0,227200,0.0,0.0
2022-12-29 00:00:00+09:00,1804.0,1813.0,1795.0,1807.0,181400,0.0,0.0
2022-12-30 00:00:00+09:00,1811.0,1817.0,1800.0,1800.0,127200,0.0,0.0
2023-01-04 00:00:00+09:00,1800.0,1800.0,1781.0,1790.0,144900,0.0,0.0
2023-01-05 00:00:00+09:00,1800.0,1813.0,1795.0,1812.0,155700,0.0,0.0
2023-01-06 00:00:00+09:00,1806.0,1813.0,1801.0,1801.0,85200,0.0,0.0
2023-01-10 00:00:00+09:00,1816.0,1818.0,1793.0,1794.0,92100,0.0,0.0
2023-01-11 00:00:00+09:00,1803.0,1804.0,1784.0,1787.0,102200,0.0,0.0
2023-01-12 00:00:00+09:00,1785.0,1790.0,1782.0,1789.0,84800,0.0,0.0
2023-01-13 00:00:00+09:00,1793.0,1803.0,1788.0,1790.0,118200,0.0,0.0
2023-01-16 00:00:00+09:00,1782.0,1784.0,1765.0,1765.0,138500,0.0,0.0
2023-01-17 00:00:00+09:00,1770.0,1784.0,1768.0,1783.0,75600,0.0,0.0
2023-01-18 00:00:00+09:00,1788.0,1801.0,1781.0,1789.0,94200,0.0,0.0
2023-01-19 00:00:00+09:00,1791.0,1798.0,1789.0,1793.0,89000,0.0,0.0
2023-01-20 00:00:00+09:00,1791.0,1798.0,1788.0,1791.0,48200,0.0,0.0
2023-01-23 00:00:00+09:00,1805.0,1812.0,1794.0,1808.0,125300,0.0,0.0
2023-01-24 00:00:00+09:00,1815.0,1820.0,1809.0,1819.0,77600,0.0,0.0
2023-01-25 00:00:00+09:00,1825.0,1832.0,1813.0,1828.0,99200,0.0,0.0
2023-01-26 00:00:00+09:00,1827.0,1835.0,1825.0,1833.0,55300,0.0,0.0
2023-01-27 00:00:00+09:00,1841.0,1846.0,1834.0,1840.0,96300,0.0,0.0
2023-01-30 00:00:00+09:00,1840.0,1853.0,1837.0,1853.0,147900,0.0,0.0
2023-01-31 00:00:00+09:00,1857.0,1868.0,1852.0,1862.0,121300,0.0,0.0
2023-02-01 00:00:00+09:00,1869.0,1870.0,1850.0,1850.0,80000,0.0,0.0
2023-02-02 00:00:00+09:00,1856.0,1856.0,1838.0,1839.0,81900,0.0,0.0
2023-02-03 00:00:00+09:00,1831.0,1832.0,1816.0,1826.0,83700,0.0,0.0
2023-02-06 00:00:00+09:00,1831.0,1841.0,1830.0,1841.0,74600,0.0,0.0
2023-02-07 00:00:00+09:00,1847.0,1849.0,1840.0,1848.0,68500,0.0,0.0
2023-02-08 00:00:00+09:00,1850.0,1856.0,1844.0,1849.0,44900,0.0,0.0
2023-02-09 00:00:00+09:00,1841.0,1861.0,1841.0,1857.0,49800,0.0,0.0
2023-02-10 00:00:00+09:00,1846.0,1862.0,1844.0,1853.0,66900,0.0,0.0
2023-02-13 00:00:00+09:00,1883.0,1883.0,1858.0,1867.0,155600,0.0,0.0
2023-02-14 00:00:00+09:00,1875.0,1877.0,1866.0,1872.0,73800,0.0,0.0
2023-02-15 00:00:00+09:00,1869.0,1876.0,1860.0,1871.0,97500,0.0,0.0
2023-02-16 00:00:00+09:00,1872.0,1879.0,1866.0,1874.0,85000,0.0,0.0
2023-02-17 00:00:00+09:00,1867.0,1875.0,1864.0,1866.0,95700,0.0,0.0
2023-02-20 00:00:00+09:00,1870.0,1895.0,1870.0,1895.0,196000,0.0,0.0
2023-02-21 00:00:00+09:00,1896.0,1924.0,1896.0,1924.0,172800,0.0,0.0
2023-02-22 00:00:00+09:00,1924.0,1928.0,1904.0,1912.0,104000,0.0,0.0
2023-02-24 00:00:00+09:00,1919.0,1920.0,1901.0,1911.0,93000,0.0,0.0
2023-02-27 00:00:00+09:00,1923.0,1937.0,1921.0,1935.0,96700,0.0,0.0
2023-02-28 00:00:00+09:00,1935.0,1939.0,1922.0,1933.0,156300,0.0,0.0
2023-03-01 00:00:00+09:00,1929.0,1944.0,1926.0,1944.0,117000,0.0,0.0
2023-03-02 00:00:00+09:00,1954.0,1959.0,1936.0,1939.0,124000,0.0,0.0
2023-03-03 00:00:00+09:00,1955.0,1962.0,1950.0,1956.0,158600,0.0,0.0
2023-03-06 00:00:00+09:00,1970.0,1972.0,1959.0,1965.0,130400,0.0,0.0
2023-03-07 00:00:00+09:00,1966.0,1970.0,1958.0,1965.0,140200,0.0,0.0
2023-03-08 00:00:00+09:00,1975.0,1988.0,1973.0,1987.0,228100,0.0,0.0
2023-03-09 00:00:00+09:00,1999.0,2014.0,1997.0,2013.0,152700,0.0,0.0
2023-03-10 00:00:00+09:00,2011.0,2013.0,1996.0,1999.0,138600,0.0,0.0
2023-03-13 00:00:00+09:00,1996.0,1999.0,1964.0,1982.0,161400,0.0,0.0
2023-03-14 00:00:00+09:00,1953.0,1961.0,1914.0,1942.0,163200,0.0,0.0
2023-03-15 00:00:00+09:00,1962.0,2004.0,1959.0,1998.0,160500,0.0,0.0
2023-03-16 00:00:00+09:00,1964.0,1973.0,1950.0,1970.0,136000,0.0,0.0
2023-03-17 00:00:00+09:00,1991.0,1993.0,1970.0,1975.0,133800,0.0,0.0
2023-03-20 00:00:00+09:00,1965.0,1977.0,1949.0,1954.0,148200,0.0,0.0
2023-03-22 00:00:00+09:00,1991.0,1993.0,1975.0,1989.0,134800,0.0,0.0
2023-03-23 00:00:00+09:00,1982.0,2005.0,1973.0,2000.0,160300,0.0,0.0
2023-03-24 00:00:00+09:00,1992.0,2002.0,1986.0,1995.0,127700,0.0,0.0
2023-03-27 00:00:00+09:00,2000.0,2004.0,1987.0,1991.0,143800,0.0,0.0
2023-03-28 00:00:00+09:00,2001.0,2002.0,1981.0,1991.0,141600,0.0,0.0
2023-03-29 00:00:00+09:00,2004.0,2030.0,2001.0,2030.0,252900,0.0,0.0
2023-03-30 00:00:00+09:00,2030.0,2056.0,2024.0,2052.0,160700,0.0,0.0
2023-03-31 00:00:00+09:00,2070.0,2080.0,2050.0,2056.0,223700,0.0,0.0
2023-04-03 00:00:00+09:00,2068.0,2083.0,2060.0,2077.0,126400,0.0,0.0
2023-04-04 00:00:00+09:00,2080.0,2099.0,2077.0,2093.0,160900,0.0,0.0
2023-04-05 00:00:00+09:00,2075.0,2075.0,2044.0,2044.0,145400,0.0,0.0
2023-04-06 00:00:00+09:00,2043.0,2058.0,2039.0,2047.0,132300,0.0,0.0
2023-04-07 00:00:00+09:00,2048.0,2075.0,2047.0,2070.0,128600,0.0,0.0
2023-04-10 00:00:00+09:00,2083.0,2085.0,2060.0,2075.0,106600,0.0,0.0
2023-04-11 00:00:00+09:00,2090.0,2094.0,2062.0,2073.0,120300,0.0,0.0
2023-04-12 00:00:00+09:00,2082.0,2088.0,2068.0,2080.0,93300,0.0,0.0
2023-04-13 00:00:00+09:00,2080.0,2081.0,2067.0,2073.0,101600,0.0,0.0
2023-04-14 00:00:00+09:00,2085.0,2087.0,2076.0,2082.0,95800,0.0,0.0
2023-04-17 00:00:00+09:00,2090.0,2098.0,2082.0,2096.0,90200,0.0,0.0
2023-04-18 00:00:00+09:00,2096.0,2114.0,2090.0,2112.0,164000,0.0,0.0
2023-04-19 00:00:00+09:00,2103.0,2120.0,2099.0,2120.0,79300,0.0,0.0
2023-04-20 00:00:00+09:00,2124.0,2131.0,2120.0,2130.0,86500,0.0,0.0
2023-04-21 00:00:00+09:00,2133.0,2149.0,2128.0,2144.0,93400,0.0,0.0
2023-04-24 00:00:00+09:00,2149.0,2163.0,2139.0,2162.0,111100,0.0,0.0
2023-04-25 00:00:00+09:00,2166.0,2193.0,2165.0,2179.0,169000,0.0,0.0
2023-04-26 00:00:00+09:00,2153.0,2166.0,2135.0,2155.0,138000,0.0,0.0
2023-04-27 00:00:00+09:00,2153.0,2171.0,2147.0,2159.0,133600,0.0,0.0
2023-04-28 00:00:00+09:00,2174.0,2190.0,2167.0,2190.0,113900,0.0,0.0
2023-05-01 00:00:00+09:00,2211.0,2221.0,2202.0,2221.0,140300,0.0,0.0
2023-05-02 00:00:00+09:00,2225.0,2228.0,2194.0,2209.0,83500,0.0,0.0
2023-05-08 00:00:00+09:00,2210.0,2231.0,2207.0,2212.0,137700,0.0,0.0
2023-05-09 00:00:00+09:00,2206.0,2214.0,2184.0,2199.0,155100,0.0,0.0
2023-05-10 00:00:00+09:00,2199.0,2212.0,2194.0,2201.0,104600,0.0,0.0
2023-05-11 00:00:00+09:00,2199.0,2199.0,2187.0,2187.0,69700,0.0,0.0
2023-05-12 00:00:00+09:00,2198.0,2202.0,2185.0,2190.0,91800,0.0,0.0
2023-05-15 00:00:00+09:00,2163.0,2173.0,2140.0,2156.0,190600,0.0,0.0
2023-05-16 00:00:00+09:00,2149.0,2177.0,2124.0,2172.0,208300,0.0,0.0
2023-05-17 00:00:00+09:00,2140.0,2148.0,2121.0,2121.0,245200,0.0,0.0
2023-05-18 00:00:00+09:00,2133.0,2169.0,2121.0,2164.0,211300,0.0,0.0
2023-05-19 00:00:00+09:00,2163.0,2178.0,2159.0,2163.0,111600,0.0,0.0
2023-05-22 00:00:00+09:00,2156.0,2176.0,2145.0,2175.0,90600,0.0,0.0
2023-05-23 00:00:00+09:00,2174.0,2189.0,2164.0,2170.0,121600,0.0,0.0
2023-05-24 00:00:00+09:00,2165.0,2182.0,2158.0,2178.0,89500,0.0,0.0
2023-05-25 00:00:00+09:00,2176.0,2185.0,2165.0,2181.0,102300,0.0,0.0
2023-05-26 00:00:00+09:00,2182.0,2194.0,2173.0,2173.0,102500,0.0,0.0
2023-05-29 00:00:00+09:00,2191.0,2206.0,2191.0,2192.0,98100,0.0,0.0
2023-05-30 00:00:00+09:00,2200.0,2200.0,2170.0,2179.0,91900,0.0,0.0
2023-05-31 00:00:00+09:00,2162.0,2165.0,2139.0,2142.0,156100,0.0,0.0
2023-06-01 00:00:00+09:00,2128.0,2137.0,2116.0,2123.0,107100,0.0,0.0
2023-06-02 00:00:00+09:00,2120.0,2158.0,2120.0,2158.0,121000,0.0,0.0
2023-06-05 00:00:00+09:00,2179.0,2190.0,2161.0,2172.0,145600,0.0,0.0
2023-06-06 00:00:00+09:00,2166.0,2187.0,2157.0,2187.0,138500,0.0,0.0
2023-06-07 00:00:00+09:00,2208.0,2212.0,2179.0,2181.0,193300,0.0,0.0
2023-06-08 00:00:00+09:00,2175.0,2187.0,2167.0,2173.0,138400,0.0,0.0
2023-06-09 00:00:00+09:00,2175.0,2207.0,2174.0,2197.0,184400,0.0,0.0
2023-06-12 00:00:00+09:00,2204.0,2208.0,2191.0,2192.0,128600,0.0,0.0
2023-06-13 00:00:00+09:00,2204.0,2215.0,2193.0,2205.0,157900,0.0,0.0
2023-06-14 00:00:00+09:00,2219.0,2228.0,2209.0,2220.0,156900,0.0,0.0
2023-06-15 00:00:00+09:00,2228.0,2236.0,2215.0,2224.0,160100,0.0,0.0
2023-06-16 00:00:00+09:00,2222.0,2232.0,2206.0,2207.0,327200,0.0,0.0
2023-06-19 00:00:00+09:00,2227.0,2227.0,2195.0,2210.0,150000,0.0,0.0
2023-06-20 00:00:00+09:00,2207.0,2214.0,2197.0,2204.0,112800,0.0,0.0
2023-06-21 00:00:00+09:00,2203.0,2222.0,2196.0,2207.0,158900,0.0,0.0
2023-06-22 00:00:00+09:00,2212.0,2220.0,2208.0,2213.0,84000,0.0,0.0
2023-06-23 00:00:00+09:00,2222.0,2229.0,2195.0,2208.0,139600,0.0,0.0
2023-06-26 00:00:00+09:00,2220.0,2234.0,2211.0,2219.0,109400,0.0,0.0
2023-06-27 00:00:00+09:00,2234.0,2234.0,2220.0,2228.0,135100,0.0,0.0
2023-06-28 00:00:00+09:00,2232.0,2259.0,2232.0,2257.0,296800,0.0,0.0
2023-06-29 00:00:00+09:00,2208.0,2210.0,2160.0,2169.0,289900,0.0,0.0
2023-06-30 00:00:00+09:00,2187.0,2188.0,2146.0,2175.0,178000,0.0,0.0
2023-07-03 00:00:00+09:00,2189.0,2204.0,2180.0,2187.0,147300,0.0,0.0
2023-07-04 00:00:00+09:00,2175.0,2193.0,2164.0,2164.0,123700,0.0,0.0
2023-07-05 00:00:00+09:00,2152.0,2169.0,2152.0,2159.0,128300,0.0,0.0
2023-07-06 00:00:00+09:00,2157.0,2160.0,2138.0,2148.0,156800,0.0,0.0
2023-07-07 00:00:00+09:00,2138.0,2144.0,2118.0,2126.0,159900,0.0,0.0
2023-07-10 00:00:00+09:00,2129.0,2158.0,2125.0,2149.0,168400,0.0,0.0
2023-07-11 00:00:00+09:00,2170.0,2195.0,2169.0,2169.0,229300,0.0,0.0
2023-07-12 00:00:00+09:00,2179.0,2183.0,2147.0,2148.0,95400,0.0,0.0
2023-07-13 00:00:00+09:00,2149.0,2154.0,2110.0,2110.0,116900,0.0,0.0
2023-07-14 00:00:00+09:00,2120.0,2123.0,2079.0,2080.0,123800,0.0,0.0
2023-07-18 00:00:00+09:00,2080.0,2100.0,2079.0,2089.0,85700,0.0,0.0
2023-07-19 00:00:00+09:00,2114.0,2114.0,2093.0,2111.0,100500,0.0,0.0
2023-07-20 00:00:00+09:00,2115.0,2122.0,2098.0,2098.0,76600,0.0,0.0
2023-07-21 00:00:00+09:00,2117.0,2117.0,2095.0,2101.0,74300,0.0,0.0
2023-07-24 00:00:00+09:00,2105.0,2120.0,2098.0,2120.0,80400,0.0,0.0
2023-07-25 00:00:00+09:00,2125.0,2145.0,2122.0,2136.0,120600,0.0,0.0
2023-07-26 00:00:00+09:00,2153.0,2161.0,2141.0,2141.0,102000,0.0,0.0
2023-07-27 00:00:00+09:00,2149.0,2152.0,2134.0,2147.0,121400,0.0,0.0
2023-07-28 00:00:00+09:00,2131.0,2158.0,2128.0,2142.0,661900,0.0,0.0
2023-07-31 00:00:00+09:00,2170.0,2193.0,2165.0,2192.0,183800,0.0,0.0
2023-08-01 00:00:00+09:00,2200.0,2202.0,2181.0,2192.0,113200,0.0,0.0
2023-08-02 00:00:00+09:00,2167.0,2187.0,2162.0,2168.0,84000,0.0,0.0
2023-08-03 00:00:00+09:00,2150.0,2151.0,2108.0,2116.0,128100,0.0,0.0
2023-08-04 00:00:00+09:00,2122.0,2126.0,2106.0,2118.0,88500,0.0,0.0
2023-08-07 00:00:00+09:00,2102.0,2132.0,2099.0,2126.0,109800,0.0,0.0
2023-08-08 00:00:00+09:00,2158.0,2178.0,2140.0,2153.0,300800,0.0,0.0
2023-08-09 00:00:00+09:00,2160.0,2160.0,2107.0,2122.0,196900,0.0,0.0
2023-08-10 00:00:00+09:00,2107.0,2115.0,2096.0,2114.0,104900,0.0,0.0
2023-08-14 00:00:00+09:00,2138.0,2147.0,2100.0,2104.0,99800,0.0,0.0
2023-08-15 00:00:00+09:00,2100.0,2100.0,2075.0,2077.0,167300,0.0,0.0
2023-08-16 00:00:00+09:00,2070.0,2078.0,2062.0,2064.0,86900,0.0,0.0
2023-08-17 00:00:00+09:00,2067.0,2069.0,2025.0,2048.0,90600,0.0,0.0
2023-08-18 00:00:00+09:00,2045.0,2058.0,2035.0,2047.0,74900,0.0,0.0
2023-08-21 00:00:00+09:00,2057.0,2059.0,2050.0,2052.0,53100,0.0,0.0
2023-08-22 00:00:00+09:00,2075.0,2075.0,2048.0,2074.0,92200,0.0,0.0
2023-08-23 00:00:00+09:00,2069.0,2096.0,2063.0,2093.0,91800,0.0,0.0
2023-08-24 00:00:00+09:00,2086.0,2118.0,2082.0,2116.0,117100,0.0,0.0
2023-08-25 00:00:00+09:00,2116.0,2139.0,2108.0,2139.0,131200,0.0,0.0
2023-08-28 00:00:00+09:00,2155.0,2214.0,2154.0,2200.0,243300,0.0,0.0
2023-08-29 00:00:00+09:00,2202.0,2263.0,2197.0,2263.0,300900,0.0,0.0
2023-08-30 00:00:00+09:00,2270.0,2285.0,2255.0,2278.0,271600,0.0,0.0
2023-08-31 00:00:00+09:00,2275.0,2285.0,2252.0,2269.0,108700,0.0,0.0
2023-09-01 00:00:00+09:00,2269.0,2283.0,2262.0,2276.0,133400,0.0,0.0
2023-09-04 00:00:00+09:00,2290.0,2314.0,2290.0,2311.0,106900,0.0,0.0
2023-09-05 00:00:00+09:00,2317.0,2319.0,2290.0,2299.0,97200,0.0,0.0
2023-09-06 00:00:00+09:00,2314.0,2314.0,2289.0,2290.0,176800,0.0,0.0
2023-09-07 00:00:00+09:00,2267.0,2301.0,2266.0,2277.0,222200,0.0,0.0
2023-09-08 00:00:00+09:00,2278.0,2283.0,2262.0,2265.0,111600,0.0,0.0
2023-09-11 00:00:00+09:00,2279.0,2287.0,2271.0,2281.0,65500,0.0,0.0
2023-09-12 00:00:00+09:00,2306.0,2338.0,2305.0,2337.0,106600,0.0,0.0
2023-09-13 00:00:00+09:00,2344.0,2346.0,2321.0,2332.0,141300,0.0,0.0
2023-09-14 00:00:00+09:00,2332.0,2387.0,2330.0,2385.0,155600,0.0,0.0
2023-09-15 00:00:00+09:00,2400.0,2427.0,2393.0,2416.0,195100,0.0,0.0
2023-09-19 00:00:00+09:00,2400.0,2417.0,2371.0,2417.0,136300,0.0,0.0
2023-09-20 00:00:00+09:00,2425.0,2431.0,2371.0,2371.0,137700,0.0,0.0
2023-09-21 00:00:00+09:00,2370.0,2391.0,2364.0,2377.0,97300,0.0,0.0
2023-09-22 00:00:00+09:00,2364.0,2376.0,2350.0,2365.0,93700,0.0,0.0
2023-09-25 00:00:00+09:00,2405.0,2413.0,2372.0,2381.0,150700,0.0,0.0
2023-09-26 00:00:00+09:00,2372.0,2386.0,2348.0,2370.0,90400,0.0,0.0
2023-09-27 00:00:00+09:00,2353.0,2383.0,2339.0,2380.0,122500,0.0,0.0
2023-09-28 00:00:00+09:00,2371.0,2384.0,2350.0,2363.0,106400,0.0,0.0
2023-09-29 00:00:00+09:00,2370.0,2384.0,2320.0,2338.0,115800,0.0,0.0
2023-10-02 00:00:00+09:00,2356.0,2367.0,2314.0,2317.0,126800,0.0,0.0
2023-10-03 00:00:00+09:00,2322.0,2336.0,2247.0,2247.0,121300,0.0,0.0
2023-10-04 00:00:00+09:00,2244.0,2244.0,2201.0,2214.0,158800,0.0,0.0
2023-10-05 00:00:00+09:00,2264.0,2345.0,2258.0,2344.0,292400,0.0,0.0
2023-10-06 00:00:00+09:00,2350.0,2460.0,2335.0,2456.0,409400,0.0,0.0
2023-10-10 00:00:00+09:00,2468.0,2495.0,2442.0,2490.0,242700,0.0,0.0
2023-10-11 00:00:00+09:00,2490.0,2490.0,2436.0,2451.0,160000,0.0,0.0
2023-10-12 00:00:00+09:00,2485.0,2506.0,2454.0,2504.0,130600,0.0,0.0
2023-10-13 00:00:00+09:00,2504.0,2513.0,2474.0,2480.0,157300,0.0,0.0
2023-10-16 00:00:00+09:00,2491.0,2503.0,2461.0,2470.0,101800,0.0,0.0
2023-10-17 00:00:00+09:00,2487.0,2510.0,2475.0,2479.0,109600,0.0,0.0
2023-10-18 00:00:00+09:00,2500.0,2516.0,2447.0,2473.0,146400,0.0,0.0
2023-10-19 00:00:00+09:00,2450.0,2479.0,2450.0,2478.0,76000,0.0,0.0
2023-10-20 00:00:00+09:00,2478.0,2486.0,2452.0,2464.0,104700,0.0,0.0
2023-10-23 00:00:00+09:00,2464.0,2470.0,2415.0,2415.0,101100,0.0,0.0
2023-10-24 00:00:00+09:00,2419.0,2468.0,2391.0,2461.0,120100,0.0,0.0
2023-10-25 00:00:00+09:00,2519.0,2522.0,2484.0,2487.0,148900,0.0,0.0
2023-10-26 00:00:00+09:00,2486.0,2500.0,2436.0,2443.0,99100,0.0,0.0
2023-10-27 00:00:00+09:00,2489.0,2520.0,2480.0,2519.0,98800,0.0,0.0
2023-10-30 00:00:00+09:00,2476.0,2507.0,2476.0,2504.0,111100,0.0,0.0
2023-10-31 00:00:00+09:00,2520.0,2555.0,2510.0,2555.0,130400,0.0,0.0
2023-11-01 00:00:00+09:00,2581.0,2596.0,2561.0,2585.0,111900,0.0,0.0
2023-11-02 00:00:00+09:00,2604.0,2605.0,2566.0,2581.0,115900,0.0,0.0
2023-11-06 00:00:00+09:00,2584.0,2590.0,2556.0,2562.0,134900,0.0,0.0
2023-11-07 00:00:00+09:00,2545.0,2596.0,2540.0,2561.0,125000,0.0,0.0
2023-11-08 00:00:00+09:00,2538.0,2547.0,2469.0,2501.0,181700,0.0,0.0
2023-11-09 00:00:00+09:00,2500.0,2530.0,2488.0,2500.0,111400,0.0,0.0
2023-11-10 00:00:00+09:00,2500.0,2544.0,2490.0,2542.0,132300,0.0,0.0
2023-11-13 00:00:00+09:00,2610.0,2625.0,2537.0,2614.0,296900,0.0,0.0
2023-11-14 00:00:00+09:00,2617.0,2637.0,2573.0,2592.0,145000,0.0,0.0
2023-11-15 00:00:00+09:00,2605.0,2605.0,2576.0,2585.0,145400,0.0,0.0
2023-11-16 00:00:00+09:00,2598.0,2613.0,2575.0,2606.0,148600,0.0,0.0
2023-11-17 00:00:00+09:00,2593.0,2640.0,2577.0,2640.0,116400,0.0,0.0
2023-11-20 00:00:00+09:00,2636.0,2650.0,2575.0,2575.0,123500,0.0,0.0
2023-11-21 00:00:00+09:00,2559.0,2575.0,2543.0,2569.0,124900,0.0,0.0
2023-11-22 00:00:00+09:00,2569.0,2624.0,2566.0,2611.0,106200,0.0,0.0
2023-11-24 00:00:00+09:00,2627.0,2635.0,2613.0,2633.0,98100,0.0,0.0
2023-11-27 00:00:00+09:00,2649.0,2672.0,2635.0,2641.0,96200,0.0,0.0
2023-11-28 00:00:00+09:00,2653.0,2657.0,2639.0,2652.0,61700,0.0,0.0
2023-11-29 00:00:00+09:00,2650.0,2664.0,2626.0,2632.0,63600,0.0,0.0
2023-11-30 00:00:00+09:00,2635.0,2667.0,2615.0,2667.0,192200,0.0,0.0
2023-12-01 00:00:00+09:00,2693.0,2693.0,2634.0,2650.0,188800,0.0,0.0
2023-12-04 00:00:00+09:00,2628.0,2628.0,2591.0,2593.0,141600,0.0,0.0
2023-12-05 00:00:00+09:00,2580.0,2587.0,2559.0,2567.0,127000,0.0,0.0
2023-12-06 00:00:00+09:00,2578.0,2626.0,2573.0,2620.0,114800,0.0,0.0
2023-12-07 00:00:00+09:00,2608.0,2648.0,2601.0,2641.0,120900,0.0,0.0
2023-12-08 00:00:00+09:00,2620.0,2637.0,2604.0,2613.0,172900,0.0,0.0
2023-12-11 00:00:00+09:00,2640.0,2678.0,2633.0,2677.0,165300,0.0,0.0
2023-12-12 00:00:00+09:00,2689.0,2701.0,2649.0,2658.0,147800,0.0,0.0
2023-12-13 00:00:00+09:00,2694.0,2699.0,2664.0,2675.0,163600,0.0,0.0
2023-12-14 00:00:00+09:00,2675.0,2683.0,2632.0,2648.0,119000,0.0,0.0
2023-12-15 00:00:00+09:00,2655.0,2685.0,2643.0,2671.0,169900,0.0,0.0
2023-12-18 00:00:00+09:00,2661.0,2694.0,2647.0,2687.0,114200,0.0,0.0
2023-12-19 00:00:00+09:00,2676.0,2676.0,2629.0,2646.0,156900,0.0,0.0
2023-12-20 00:00:00+09:00,2649.0,2682.0,2649.0,2663.0,198300,0.0,0.0
2023-12-21 00:00:00+09:00,2640.0,2640.0,2608.0,2621.0,177300,0.0,0.0
2023-12-22 00:00:00+09:00,2650.0,2670.0,2628.0,2647.0,156500,0.0,0.0
2023-12-25 00:00:00+09:00,2647.0,2647.0,2601.0,2604.0,175300,0.0,0.0
2023-12-26 00:00:00+09:00,2620.0,2641.0,2607.0,2633.0,188700,0.0,0.0
2023-12-27 00:00:00+09:00,2642.0,2653.0,2625.0,2653.0,181100,0.0,0.0
2023-12-28 00:00:00+09:00,2567.0,2624.0,2563.0,2583.0,172600,0.0,0.0
2023-12-29 00:00:00+09:00,2600.0,2629.0,2585.0,2629.0,144300,0.0,0.0
2024-01-04 00:00:00+09:00,2634.0,2658.0,2609.0,2656.0,213400,0.0,0.0
2024-01-05 00:00:00+09:00,2653.0,2659.0,2611.0,2621.0,130900,0.0,0.0
2024-01-09 00:00:00+09:00,2620.0,2652.0,2611.0,2640.0,242800,0.0,0.0
2024-01-10 00:00:00+09:00,2645.0,2670.0,2636.0,2670.0,162700,0.0,0.0
2024-01-11 00:00:00+09:00,2696.0,2718.0,2693.0,2700.0,169100,0.0,0.0
2024-01-12 00:00:00+09:00,2717.0,2717.0,2659.0,2671.0,144800,0.0,0.0
2024-01-15 00:00:00+09:00,2660.0,2677.0,2660.0,2676.0,23000,0.0,0.0
2024-01-16 00:00:00+09:00,2660.0,2692.0,2648.0,2649.0,135400,0.0,0.0
2024-01-17 00:00:00+09:00,2663.0,2715.0,2662.0,2674.0,145600,0.0,0.0
2024-01-18 00:00:00+09:00,2674.0,2695.0,2669.0,2674.0,105800,0.0,0.0
2024-01-19 00:00:00+09:00,2689.0,2734.0,2680.0,2730.0,170000,0.0,0.0
2024-01-22 00:00:00+09:00,2725.0,2739.0,2714.0,2727.0,100700,0.0,0.0
2024-01-23 00:00:00+09:00,2739.0,2775.0,2735.0,2764.0,199400,0.0,0.0
2024-01-24 00:00:00+09:00,2756.0,2756.0,2709.0,2731.0,191100,0.0,0.0
2024-01-25 00:00:00+09:00,2736.0,2763.0,2725.0,2761.0,129100,0.0,0.0
2024-01-26 00:00:00+09:00,2734.0,2745.0,2706.0,2706.0,115800,0.0,0.0
2024-01-29 00:00:00+09:00,2707.0,2732.0,2707.0,2730.0,99000,0.0,0.0
2024-01-30 00:00:00+09:00,2739.0,2742.0,2710.0,2722.0,104600,0.0,0.0
2024-01-31 00:00:00+09:00,2715.0,2777.0,2707.0,2770.0,139400,0.0,0.0
2024-02-01 00:00:00+09:00,2754.0,2771.0,2736.0,2769.0,148100,0.0,0.0
2024-02-02 00:00:00+09:00,2779.0,2795.0,2758.0,2785.0,135200,0.0,0.0
2024-02-05 00:00:00+09:00,2799.0,2806.0,2778.0,2779.0,112200,0.0,0.0
2024-02-06 00:00:00+09:00,2755.0,2782.0,2744.0,2745.0,139500,0.0,0.0
2024-02-07 00:00:00+09:00,2735.0,2791.0,2733.0,2772.0,130200,0.0,0.0
2024-02-08 00:00:00+09:00,2776.0,2776.0,2723.0,2753.0,130800,0.0,0.0
2024-02-09 00:00:00+09:00,2753.0,2786.0,2741.0,2780.0,136700,0.0,0.0
2024-02-13 00:00:00+09:00,2854.0,2883.0,2810.0,2882.0,362700,0.0,0.0
2024-02-14 00:00:00+09:00,2876.0,2935.0,2863.0,2908.0,361800,0.0,0.0
2024-02-15 00:00:00+09:00,2800.0,2926.0,2800.0,2854.0,317700,0.0,0.0
2024-02-16 00:00:00+09:00,2899.0,2906.0,2856.0,2888.0,191100,0.0,0.0
2024-02-19 00:00:00+09:00,2904.0,2922.0,2893.0,2904.0,151800,0.0,0.0
2024-02-20 00:00:00+09:00,2926.0,3025.0,2904.0,3000.0,260800,0.0,0.0
2024-02-21 00:00:00+09:00,3000.0,3015.0,2920.0,2956.0,159200,0.0,0.0
2024-02-22 00:00:00+09:00,2980.0,2992.0,2945.0,2956.0,121200,0.0,0.0
2024-02-26 00:00:00+09:00,2956.0,2960.0,2869.0,2883.0,136300,0.0,0.0
2024-02-27 00:00:00+09:00,2950.0,2973.0,2902.0,2913.0,199700,0.0,0.0
2024-02-28 00:00:00+09:00,2903.0,2939.0,2899.0,2916.0,109900,0.0,0.0
2024-02-29 00:00:00+09:00,2894.0,2917.0,2841.0,2845.0,232300,0.0,0.0
2024-03-01 00:00:00+09:00,2837.0,2840.0,2801.0,2814.0,178200,0.0,0.0
2024-03-04 00:00:00+09:00,2836.0,2852.0,2792.0,2804.0,208100,0.0,0.0
2024-03-05 00:00:00+09:00,2795.0,2795.0,2756.0,2767.0,169500,0.0,0.0
2024-03-06 00:00:00+09:00,2742.0,2794.0,2737.0,2762.0,174900,0.0,0.0
2024-03-07 00:00:00+09:00,2740.0,2762.0,2716.0,2746.0,282700,0.0,0.0
2024-03-08 00:00:00+09:00,2746.0,2870.0,2746.0,2857.0,264800,0.0,0.0
2024-03-11 00:00:00+09:00,2855.0,2894.0,2782.0,2823.0,132300,0.0,0.0
2024-03-12 00:00:00+09:00,2823.0,2836.0,2780.0,2830.0,127100,0.0,0.0
2024-03-13 00:00:00+09:00,2905.0,2905.0,2815.0,2835.0,131000,0.0,0.0
2024-03-14 00:00:00+09:00,2865.0,2866.0,2808.0,2849.0,101900,0.0,0.0
2024-03-15 00:00:00+09:00,2840.0,2869.0,2833.0,2861.0,140200,0.0,0.0
2024-03-18 00:00:00+09:00,2871.0,2872.0,2843.0,2863.0,94000,0.0,0.0
2024-03-19 00:00:00+09:00,2871.0,2885.0,2855.0,2876.0,93600,0.0,0.0
2024-03-21 00:00:00+09:00,2898.0,2945.0,2898.0,2938.0,147300,0.0,0.0
2024-03-22 00:00:00+09:00,2956.0,3000.0,2942.0,2987.0,155200,0.0,0.0
2024-03-25 00:00:00+09:00,2998.0,2998.0,2955.0,2964.0,145500,0.0,0.0
2024-03-26 00:00:00+09:00,2995.0,3015.0,2982.0,3015.0,142900,0.0,0.0
2024-03-27 00:00:00+09:00,3025.0,3030.0,2988.0,2994.0,144700,0.0,0.0
2024-03-28 00:00:00+09:00,2994.0,3005.0,2918.0,2929.0,127600,0.0,0.0
2024-03-29 00:00:00+09:00,2906.0,2944.0,2901.0,2925.0,54400,0.0,0.0
2024-04-01 00:00:00+09:00,2943.0,2943.0,2880.0,2881.0,97000,0.0,0.0
2024-04-02 00:00:00+09:00,2874.0,2894.0,2845.0,2880.0,167000,0.0,0.0
2024-04-03 00:00:00+09:00,2892.0,2959.0,2890.0,2937.0,135300,0.0,0.0
2024-04-04 00:00:00+09:00,2950.0,2994.0,2934.0,2972.0,119600,0.0,0.0
2024-04-05 00:00:00+09:00,2960.0,2975.0,2930.0,2971.0,116800,0.0,0.0
2024-04-08 00:00:00+09:00,2974.0,3015.0,2970.0,2993.0,87700,0.0,0.0
2024-04-09 00:00:00+09:00,3000.0,3015.0,2971.0,2990.0,85700,0.0,0.0
2024-04-10 00:00:00+09:00,2990.0,3030.0,2990.0,3005.0,86900,0.0,0.0
2024-04-11 00:00:00+09:00,2987.0,3030.0,2969.0,3015.0,83600,0.0,0.0
2024-04-12 00:00:00+09:00,3040.0,3050.0,3015.0,3030.0,86300,0.0,0.0
2024-04-15 00:00:00+09:00,2999.0,3025.0,2965.0,3025.0,88700,0.0,0.0
2024-04-16 00:00:00+09:00,2983.0,2983.0,2892.0,2892.0,149900,0.0,0.0
2024-04-17 00:00:00+09:00,2909.0,2927.0,2864.0,2882.0,85100,0.0,0.0
2024-04-18 00:00:00+09:00,2887.0,2934.0,2886.0,2915.0,77500,0.0,0.0
2024-04-19 00:00:00+09:00,2907.0,2934.0,2868.0,2888.0,103000,0.0,0.0
2024-04-22 00:00:00+09:00,2900.0,2916.0,2886.0,2915.0,72700,0.0,0.0
2024-04-23 00:00:00+09:00,2915.0,2915.0,2877.0,2882.0,55700,0.0,0.0
2024-04-24 00:00:00+09:00,2910.0,2928.0,2894.0,2915.0,98300,0.0,0.0
2024-04-25 00:00:00+09:00,2912.0,2912.0,2838.0,2838.0,120600,0.0,0.0
2024-04-26 00:00:00+09:00,2828.0,2879.0,2822.0,2869.0,89600,0.0,0.0
2024-04-30 00:00:00+09:00,2884.0,2934.0,2867.0,2925.0,83700,0.0,0.0
2024-05-01 00:00:00+09:00,2894.0,2935.0,2894.0,2913.0,74400,0.0,0.0
2024-05-02 00:00:00+09:00,2909.0,2935.0,2898.0,2925.0,96900,0.0,0.0
2024-05-07 00:00:00+09:00,2930.0,2982.0,2920.0,2967.0,127000,0.0,0.0
2024-05-08 00:00:00+09:00,2951.0,2951.0,2915.0,2934.0,74100,0.0,0.0
2024-05-09 00:00:00+09:00,2960.0,2993.0,2930.0,2961.0,90200,0.0,0.0
2024-05-10 00:00:00+09:00,2989.0,3035.0,2978.0,3025.0,171300,0.0,0.0
2024-05-13 00:00:00+09:00,3375.0,3440.0,3310.0,3380.0,487200,0.0,0.0
2024-05-14 00:00:00+09:00,3340.0,3340.0,3220.0,3245.0,166400,0.0,0.0
2024-05-15 00:00:00+09:00,3245.0,3285.0,3210.0,3235.0,214300,0.0,0.0
2024-05-16 00:00:00+09:00,3270.0,3285.0,3255.0,3255.0,100800,0.0,0.0
2024-05-17 00:00:00+09:00,3225.0,3310.0,3225.0,3260.0,104200,0.0,0.0
2024-05-20 00:00:00+09:00,3270.0,3310.0,3250.0,3300.0,123600,0.0,0.0
2024-05-21 00:00:00+09:00,3315.0,3365.0,3300.0,3300.0,108700,0.0,0.0
2024-05-22 00:00:00+09:00,3300.0,3300.0,3255.0,3265.0,124800,0.0,0.0
2024-05-23 00:00:00+09:00,3250.0,3355.0,3235.0,3340.0,194100,0.0,0.0
2024-05-24 00:00:00+09:00,3380.0,3470.0,3375.0,3430.0,215600,0.0,0.0
2024-05-27 00:00:00+09:00,3465.0,3470.0,3370.0,3400.0,112200,0.0,0.0
2024-05-28 00:00:00+09:00,3400.0,3430.0,3365.0,3365.0,83800,0.0,0.0
2024-05-29 00:00:00+09:00,3375.0,3405.0,3335.0,3350.0,86900,0.0,0.0
2024-05-30 00:00:00+09:00,3290.0,3370.0,3290.0,3350.0,115000,0.0,0.0
2024-05-31 00:00:00+09:00,3370.0,3385.0,3320.0,3365.0,260800,0.0,0.0
2024-06-03 00:00:00+09:00,3410.0,3460.0,3400.0,3420.0,152500,0.0,0.0
2024-06-04 00:00:00+09:00,3350.0,3380.0,3320.0,3345.0,169100,0.0,0.0
2024-06-05 00:00:00+09:00,3295.0,3300.0,3245.0,3280.0,163200,0.0,0.0
2024-06-06 00:00:00+09:00,3395.0,3395.0,3310.0,3345.0,157600,0.0,0.0
2024-06-07 00:00:00+09:00,3380.0,3405.0,3365.0,3365.0,135100,0.0,0.0
2024-06-10 00:00:00+09:00,3415.0,3475.0,3400.0,3425.0,232500,0.0,0.0
2024-06-11 00:00:00+09:00,3425.0,3455.0,3405.0,3410.0,147800,0.0,0.0
2024-06-12 00:00:00+09:00,3425.0,3465.0,3420.0,3455.0,127500,0.0,0.0
2024-06-13 00:00:00+09:00,3435.0,3475.0,3380.0,3400.0,124100,0.0,0.0
2024-06-14 00:00:00+09:00,3435.0,3445.0,3390.0,3430.0,126300,0.0,0.0
2024-06-17 00:00:00+09:00,3400.0,3415.0,3335.0,3360.0,130300,0.0,0.0
2024-06-18 00:00:00+09:00,3380.0,3395.0,3350.0,3380.0,80700,0.0,0.0
2024-06-19 00:00:00+09:00,3395.0,3445.0,3340.0,3345.0,94200,0.0,0.0
2024-06-20 00:00:00+09:00,3330.0,3355.0,3290.0,3310.0,117100,0.0,0.0
2024-06-21 00:00:00+09:00,3345.0,3370.0,3285.0,3300.0,362900,0.0,0.0
2024-06-24 00:00:00+09:00,3300.0,3345.0,3285.0,3295.0,159400,0.0,0.0
2024-06-25 00:00:00+09:00,3315.0,3320.0,3260.0,3285.0,168300,0.0,0.0
2024-06-26 00:00:00+09:00,3280.0,3310.0,3270.0,3285.0,178500,0.0,0.0
2024-06-27 00:00:00+09:00,3270.0,3325.0,3255.0,3325.0,471900,0.0,0.0
2024-06-28 00:00:00+09:00,3335.0,3380.0,3310.0,3360.0,156400,0.0,0.0
2024-07-01 00:00:00+09:00,3365.0,3385.0,3320.0,3350.0,111900,0.0,0.0
2024-07-02 00:00:00+09:00,3335.0,3360.0,3300.0,3300.0,112900,0.0,0.0
2024-07-03 00:00:00+09:00,3325.0,3325.0,3270.0,3285.0,97200,0.0,0.0
2024-07-04 00:00:00+09:00,3310.0,3320.0,3240.0,3260.0,92200,0.0,0.0
2024-07-05 00:00:00+09:00,3270.0,3310.0,3250.0,3290.0,104000,0.0,0.0
2024-07-08 00:00:00+09:00,3240.0,3250.0,3185.0,3220.0,131900,0.0,0.0
2024-07-09 00:00:00+09:00,3250.0,3315.0,3240.0,3300.0,204500,0.0,0.0
2024-07-10 00:00:00+09:00,3265.0,3340.0,3255.0,3325.0,165000,0.0,0.0
2024-07-11 00:00:00+09:00,3370.0,3370.0,3315.0,3330.0,159700,0.0,0.0
2024-07-12 00:00:00+09:00,3310.0,3340.0,3265.0,3295.0,100100,0.0,0.0
2024-07-16 00:00:00+09:00,3295.0,3330.0,3270.0,3315.0,144400,0.0,0.0
2024-07-17 00:00:00+09:00,3330.0,3360.0,3280.0,3350.0,143600,0.0,0.0
2024-07-18 00:00:00+09:00,3330.0,3410.0,3305.0,3355.0,225300,0.0,0.0
2024-07-19 00:00:00+09:00,3320.0,3325.0,3285.0,3305.0,134900,0.0,0.0
2024-07-22 00:00:00+09:00,3295.0,3315.0,3260.0,3260.0,150200,0.0,0.0
2024-07-23 00:00:00+09:00,3305.0,3320.0,3275.0,3280.0,84300,0.0,0.0
2024-07-24 00:00:00+09:00,3250.0,3260.0,3135.0,3145.0,164700,0.0,0.0
2024-07-25 00:00:00+09:00,3100.0,3115.0,3060.0,3080.0,179300,0.0,0.0
2024-07-26 00:00:00+09:00,3080.0,3150.0,3055.0,3105.0,123000,0.0,0.0
2024-07-29 00:00:00+09:00,3135.0,3275.0,3130.0,3260.0,167000,0.0,0.0
2024-07-30 00:00:00+09:00,3215.0,3235.0,3180.0,3205.0,464100,0.0,0.0
2024-07-31 00:00:00+09:00,3175.0,3220.0,3135.0,3205.0,133800,0.0,0.0
2024-08-01 00:00:00+09:00,3200.0,3200.0,3100.0,3110.0,107200,0.0,0.0
2024-08-02 00:00:00+09:00,3000.0,3025.0,2941.0,2943.0,140000,0.0,0.0
2024-08-05 00:00:00+09:00,2443.0,2654.0,2443.0,2443.0,196400,0.0,0.0
2024-08-06 00:00:00+09:00,2643.0,2848.0,2643.0,2742.0,218400,0.0,0.0
2024-08-07 00:00:00+09:00,2692.0,2873.0,2692.0,2781.0,205700,0.0,0.0
2024-08-08 00:00:00+09:00,2689.0,2799.0,2689.0,2720.0,135900,0.0,0.0
2024-08-09 00:00:00+09:00,2772.0,2872.0,2752.0,2850.0,314700,0.0,0.0
2024-08-13 00:00:00+09:00,3350.0,3350.0,3350.0,3350.0,90200,0.0,0.0
2024-08-14 00:00:00+09:00,3310.0,3420.0,3205.0,3410.0,572400,0.0,0.0
2024-08-15 00:00:00+09:00,3420.0,3535.0,3410.0,3485.0,344900,0.0,0.0
2024-08-16 00:00:00+09:00,3550.0,3555.0,3455.0,3505.0,163900,0.0,0.0
2024-08-19 00:00:00+09:00,3505.0,3535.0,3430.0,3470.0,164900,0.0,0.0
2024-08-20 00:00:00+09:00,3460.0,3530.0,3420.0,3490.0,174800,0.0,0.0
2024-08-21 00:00:00+09:00,3455.0,3540.0,3445.0,3525.0,152500,0.0,0.0
2024-08-22 00:00:00+09:00,3525.0,3525.0,3425.0,3485.0,104300,0.0,0.0
2024-08-23 00:00:00+09:00,3495.0,3505.0,3450.0,3505.0,112500,0.0,0.0
2024-08-26 00:00:00+09:00,3475.0,3545.0,3460.0,3500.0,106900,0.0,0.0
2024-08-27 00:00:00+09:00,3485.0,3530.0,3460.0,3525.0,107700,0.0,0.0
2024-08-28 00:00:00+09:00,3500.0,3535.0,3440.0,3535.0,92500,0.0,0.0
2024-08-29 00:00:00+09:00,3525.0,3620.0,3505.0,3620.0,230900,0.0,0.0
2024-08-30 00:00:00+09:00,3620.0,3755.0,3605.0,3740.0,243900,0.0,0.0
2024-09-02 00:00:00+09:00,3755.0,3765.0,3665.0,3720.0,136900,0.0,0.0
2024-09-03 00:00:00+09:00,3745.0,3825.0,3730.0,3800.0,169900,0.0,0.0
2024-09-04 00:00:00+09:00,3730.0,3795.0,3680.0,3775.0,202400,0.0,0.0
2024-09-05 00:00:00+09:00,3705.0,3760.0,3660.0,3660.0,156300,0.0,0.0
2024-09-06 00:00:00+09:00,3800.0,3840.0,3760.0,3780.0,224300,0.0,0.0
2024-09-09 00:00:00+09:00,3695.0,3780.0,3670.0,3780.0,268500,0.0,0.0
2024-09-10 00:00:00+09:00,3780.0,3800.0,3730.0,3795.0,156300,0.0,0.0
2024-09-11 00:00:00+09:00,3775.0,3790.0,3590.0,3620.0,185000,0.0,0.0
2024-09-12 00:00:00+09:00,3800.0,3855.0,3780.0,3795.0,204600,0.0,0.0
2024-09-13 00:00:00+09:00,3825.0,3880.0,3800.0,3870.0,187000,0.0,0.0
2024-09-17 00:00:00+09:00,3880.0,3910.0,3720.0,3800.0,150000,0.0,0.0
2024-09-18 00:00:00+09:00,3850.0,3860.0,3780.0,3845.0,110500,0.0,0.0
2024-09-19 00:00:00+09:00,3870.0,3895.0,3840.0,3880.0,133900,0.0,0.0
2024-09-20 00:00:00+09:00,3920.0,3985.0,3900.0,3910.0,208800,0.0,0.0
2024-09-24 00:00:00+09:00,3975.0,4000.0,3950.0,3980.0,119900,0.0,0.0
2024-09-25 00:00:00+09:00,3980.0,3980.0,3850.0,3875.0,174300,0.0,0.0
2024-09-26 00:00:00+09:00,3920.0,4005.0,3915.0,4005.0,316700,0.0,0.0
2024-09-27 00:00:00+09:00,4030.0,4030.0,3955.0,4010.0,188400,0.0,0.0
2024-09-30 00:00:00+09:00,3825.0,3910.0,3815.0,3870.0,200300,0.0,0.0
2024-10-01 00:00:00+09:00,3880.0,3915.0,3830.0,3870.0,155400,0.0,0.0
2024-10-02 00:00:00+09:00,3855.0,3895.0,3805.0,3830.0,142300,0.0,0.0
2024-10-03 00:00:00+09:00,3945.0,3945.0,3880.0,3885.0,131500,0.0,0.0
2024-10-04 00:00:00+09:00,3890.0,3935.0,3885.0,3910.0,120600,0.0,0.0
2024-10-07 00:00:00+09:00,3980.0,3980.0,3895.0,3920.0,116500,0.0,0.0
2024-10-08 00:00:00+09:00,3855.0,3890.0,3820.0,3870.0,115000,0.0,0.0
2024-10-09 00:00:00+09:00,3895.0,3935.0,3885.0,3930.0,89800,0.0,0.0
2024-10-10 00:00:00+09:00,3905.0,3905.0,3800.0,3850.0,126100,0.0,0.0
2024-10-11 00:00:00+09:00,3825.0,3830.0,3775.0,3800.0,192600,0.0,0.0
2024-10-15 00:00:00+09:00,3845.0,3845.0,3710.0,3735.0,238400,0.0,0.0
2024-10-16 00:00:00+09:00,3700.0,3740.0,3665.0,3710.0,160900,0.0,0.0
2024-10-17 00:00:00+09:00,3710.0,3710.0,3635.0,3670.0,156700,0.0,0.0
2024-10-18 00:00:00+09:00,3685.0,3685.0,3605.0,3640.0,203900,0.0,0.0
2024-10-21 00:00:00+09:00,3640.0,3655.0,3575.0,3595.0,152000,0.0,0.0
2024-10-22 00:00:00+09:00,3595.0,3600.0,3550.0,3575.0,191100,0.0,0.0
2024-10-23 00:00:00+09:00,3550.0,3600.0,3540.0,3575.0,193200,0.0,0.0
2024-10-24 00:00:00+09:00,3555.0,3670.0,3525.0,3660.0,252200,0.0,0.0
2024-10-25 00:00:00+09:00,3660.0,3670.0,3595.0,3620.0,147400,0.0,0.0
2024-10-28 00:00:00+09:00,3600.0,3695.0,3595.0,3675.0,170900,0.0,0.0
2024-10-29 00:00:00+09:00,3710.0,3710.0,3640.0,3660.0,171500,0.0,0.0
2024-10-30 00:00:00+09:00,3670.0,3700.0,3635.0,3650.0,341100,0.0,0.0
2024-10-31 00:00:00+09:00,3665.0,3715.0,3615.0,3690.0,199100,0.0,0.0
2024-11-01 00:00:00+09:00,3650.0,3650.0,3585.0,3595.0,120800,0.0,0.0
