Date,Open,High,Low,Close,Volume,Dividends,Stock Splits
2007-12-31 00:00:00+08:00,4.406690585898251,4.711217854693018,4.406690585898251,4.478343963623047,38724,0.0,0.0
2008-01-02 00:00:00+08:00,4.478343436201886,4.478343436201886,4.173816203271744,4.191729545593262,136744,0.0,0.0
2008-01-03 00:00:00+08:00,4.191729542449791,4.40669006361114,4.084249488601285,4.263382911682129,75027,0.0,0.0
2008-01-04 00:00:00+08:00,4.263382913267184,4.370863380619985,4.227556228637695,4.227556228637695,42354,0.0,0.0
2008-01-07 00:00:00+08:00,4.120076609053597,4.120076609053597,3.9409427535590105,4.012596130371094,78658,0.0,0.0
2008-01-08 00:00:00+08:00,4.0125954130289125,4.084249190495641,3.9409420490264893,3.9409420490264893,52035,0.0,0.0
2008-01-09 00:00:00+08:00,3.8692886865397775,4.012595414600763,3.8155486635169082,3.9946820735931396,66556,0.0,0.0
2008-01-10 00:00:00+08:00,3.994683270538902,4.012596616913985,3.9051165386634845,3.9767699241638184,66556,0.0,0.0
2008-01-11 00:00:00+08:00,3.9409420490264893,3.976768731027701,3.9409420490264893,3.9409420490264893,33883,0.0,0.0
2008-01-14 00:00:00+08:00,4.048422095030125,4.084249190495641,3.9409420490264893,3.9409420490264893,39934,0.0,0.0
2008-01-15 00:00:00+08:00,4.012595651899613,4.066335678100586,3.9946823098326214,4.066335678100586,43564,0.0,0.0
2008-01-16 00:00:00+08:00,3.869289376746927,4.012596130371094,3.869289376746927,4.012596130371094,33883,0.0,0.0
2008-01-17 00:00:00+08:00,3.9946820735931396,3.9946820735931396,3.8692886865397775,3.9946820735931396,30253,0.0,0.0
2008-01-18 00:00:00+08:00,3.923028708025883,3.976768731027701,3.887202026024671,3.9409420490264893,43564,0.0,0.0
2008-01-21 00:00:00+08:00,4.012595652439566,4.066335678647771,3.9588556262313612,4.048422336578369,20572,0.0,0.0
2008-01-22 00:00:00+08:00,3.7976353210216414,3.9409420490264893,3.7797215665567307,3.9409420490264893,166997,0.0,0.0
2008-01-23 00:00:00+08:00,3.7618082214226054,3.8513753397915225,3.7618082214226054,3.797635316848755,145215,0.0,0.0
2008-01-24 00:00:00+08:00,3.7618081499126244,3.8692886072193176,3.6185014247894287,3.6185014247894287,61716,0.0,0.0
2008-01-25 00:00:00+08:00,3.4393667619413364,3.8334614472076227,3.4393667619413364,3.761807680130005,121012,0.0,0.0
2008-01-28 00:00:00+08:00,3.618501780145141,3.618501780145141,3.5110208988189697,3.5110208988189697,38724,0.0,0.0
2008-01-29 00:00:00+08:00,3.5110205557129115,3.7438948110790857,3.5110205557129115,3.6543281078338623,189989,0.0,0.0
2008-01-30 00:00:00+08:00,3.7259812355041504,3.7438945750237456,3.6185011983865785,3.7259812355041504,13311,0.0,0.0
2008-01-31 00:00:00+08:00,3.7259816488451993,3.7797216733656245,3.582674503326416,3.582674503326416,44774,0.0,0.0
2008-02-01 00:00:00+08:00,3.618501903112702,3.618501903112702,3.60058856010437,3.60058856010437,38724,0.0,0.0
2008-02-12 00:00:00+08:00,3.582674503326416,3.582674503326416,3.5575958252168842,3.582674503326416,16941,0.0,0.0
2008-02-13 00:00:00+08:00,3.5826741000217863,3.8334616798143677,3.5826741000217863,3.6722412109375,33883,0.0,0.0
2008-02-14 00:00:00+08:00,3.6901547950993177,3.869288615343739,3.672241454421305,3.77972149848938,67767,0.0,0.0
2008-02-15 00:00:00+08:00,3.6901547950993177,3.7976352526316894,3.6901547950993177,3.77972149848938,32673,0.0,0.0
2008-02-18 00:00:00+08:00,3.797635080088263,3.8334617598165224,3.797635080088263,3.8155484199523926,15731,0.0,0.0
2008-02-19 00:00:00+08:00,3.797635316848755,3.8334619988106,3.797635316848755,3.797635316848755,43564,0.0,0.0
2008-02-20 00:00:00+08:00,3.797635316848755,3.797635316848755,3.690154857498915,3.797635316848755,38724,0.0,0.0
2008-02-21 00:00:00+08:00,3.815548896211683,3.8692889225119376,3.815548896211683,3.8334622383117676,56875,0.0,0.0
2008-02-22 00:00:00+08:00,3.7797220270728578,3.905115842819214,3.7797220270728578,3.905115842819214,7260,0.0,0.0
2008-02-25 00:00:00+08:00,3.869288915884353,4.066335678647771,3.869288915884353,4.048422336578369,31463,0.0,0.0
2008-02-26 00:00:00+08:00,3.905115842819214,4.0842496881149986,3.905115842819214,3.905115842819214,31463,0.0,0.0
2008-02-27 00:00:00+08:00,4.012595652439566,4.066335678647771,3.9767689683007625,4.048422336578369,81078,0.0,0.0
2008-02-29 00:00:00+08:00,3.9767689683007625,4.066335678647771,3.9767689683007625,4.048422336578369,52035,0.0,0.0
2008-03-03 00:00:00+08:00,4.012595245153856,4.120075700125133,4.012595245153856,4.084249019622803,62926,0.0,0.0
2008-03-04 00:00:00+08:00,4.352950096130371,4.352950096130371,4.352950096130371,4.352950096130371,98020,0.0,0.0
2008-03-05 00:00:00+08:00,4.657476902008057,4.657476902008057,4.657476902008057,4.657476902008057,87129,0.0,0.0
2008-03-06 00:00:00+08:00,4.979917526245117,4.979917526245117,4.979917526245117,4.979917526245117,173048,0.0,0.0
2008-03-07 00:00:00+08:00,4.96200459560287,4.979917936755896,4.747043674837947,4.836610794067383,467108,0.0,0.0
2008-03-10 00:00:00+08:00,4.764957483031737,5.087398482319102,4.764957483031737,4.872437953948975,797472,0.0,0.0
2008-03-11 00:00:00+08:00,4.872437476743988,5.212791785605974,4.836610794435212,4.8545241355896,2579988,0.0,0.0
2008-03-12 00:00:00+08:00,4.926178342924203,5.176965140938461,4.693304060696561,4.711217403411865,1892636,0.0,0.0
2008-03-13 00:00:00+08:00,4.514170652485445,4.6574778213994215,4.478343963623047,4.478343963623047,376349,0.0,0.0
2008-03-14 00:00:00+08:00,4.478343919374178,4.478343919374178,4.227556686350944,4.352950096130371,267437,0.0,0.0
2008-03-17 00:00:00+08:00,4.245469098132709,4.335035799731349,4.227555757812982,4.317122459411621,198460,0.0,0.0
2008-03-18 00:00:00+08:00,4.317122996542795,4.42460346529804,4.317122996542795,4.370863437652588,77448,0.0,0.0
2008-03-19 00:00:00+08:00,4.442516851485283,4.675390720367432,4.442516851485283,4.675390720367432,219032,0.0,0.0
2008-03-20 00:00:00+08:00,4.585823124963416,4.800784042633036,4.567909784068331,4.657476902008057,323103,0.0,0.0
2008-03-21 00:00:00+08:00,4.675390717981258,4.729130746127169,4.621650276371001,4.711217403411865,204511,0.0,0.0
2008-03-24 00:00:00+08:00,4.997831210530495,4.997831210530495,4.747043610840522,4.782870292663574,162156,0.0,0.0
2008-03-25 00:00:00+08:00,4.81869745217322,4.872437475624031,4.74704367410783,4.800784111022949,278328,0.0,0.0
2008-03-26 00:00:00+08:00,4.78287028955185,4.818697384815896,4.69330358505249,4.69330358505249,26622,0.0,0.0
2008-03-27 00:00:00+08:00,4.6574773752659535,4.764957431557778,4.6574773752659535,4.711217403411865,58086,0.0,0.0
2008-03-28 00:00:00+08:00,4.69330358628775,4.729130268096924,4.675390245383164,4.729130268096924,14521,0.0,0.0
2008-03-31 00:00:00+08:00,4.729130746127169,4.729130746127169,4.6574773752659535,4.711217403411865,70187,0.0,0.0
2008-04-01 00:00:00+08:00,4.675390247194416,4.908264505972864,4.675390247194416,4.782870292663574,160946,0.0,0.0
2008-04-02 00:00:00+08:00,4.872437897653949,4.872437897653949,4.729130742574819,4.764957427978516,163366,0.0,0.0
2008-04-03 00:00:00+08:00,4.729130269928995,4.818697387950929,4.729130269928995,4.782870292663574,48405,0.0,0.0
2008-04-07 00:00:00+08:00,4.729130743749999,4.800784528039542,4.729130743749999,4.747044086456299,100440,0.0,0.0
2008-04-08 00:00:00+08:00,4.764957429162599,4.800784528039542,4.747044086456299,4.747044086456299,36303,0.0,0.0
2008-04-09 00:00:00+08:00,4.74704360900151,4.782870290810684,4.657476904478577,4.729130268096924,89549,0.0,0.0
2008-04-10 00:00:00+08:00,4.657477377642985,4.729130748540771,4.657477377642985,4.675390720367432,81078,0.0,0.0
2008-04-11 00:00:00+08:00,4.675390245383164,4.729130268096924,4.657476904478577,4.729130268096924,83498,0.0,0.0
2008-04-14 00:00:00+08:00,4.693303516372744,4.71121685701048,4.585823059082031,4.585823059082031,44774,0.0,0.0
2008-04-15 00:00:00+08:00,4.585823059082031,4.639563494459535,4.5499963778065595,4.585823059082031,96810,0.0,0.0
2008-04-16 00:00:00+08:00,4.657476902008057,4.693303583798226,4.603736465858501,4.657476902008057,125853,0.0,0.0
2008-04-17 00:00:00+08:00,4.693303264494636,4.979917526245117,4.657476585141895,4.979917526245117,393290,0.0,0.0
2008-04-18 00:00:00+08:00,4.979918424866213,5.015745110683842,4.764957483031737,4.872437953948975,263807,0.0,0.0
2008-04-21 00:00:00+08:00,4.908264572517072,4.944091254825848,4.78287035750774,4.8545241355896,252916,0.0,0.0
2008-04-22 00:00:00+08:00,4.872437540749689,5.015744685331624,4.854524199359987,4.908264636993408,193620,0.0,0.0
2008-04-23 00:00:00+08:00,4.908264572517072,4.908264572517072,4.836610794435212,4.8545241355896,55665,0.0,0.0
2008-04-24 00:00:00+08:00,4.8366112122502525,4.8366112122502525,4.764957427978516,4.764957427978516,100440,0.0,0.0
2008-04-25 00:00:00+08:00,4.764957483031737,4.979918424866213,4.729130797214107,4.872437953948975,301321,0.0,0.0
2008-04-28 00:00:00+08:00,4.818697929382324,4.872437958155161,4.818697929382324,4.818697929382324,119802,0.0,0.0
2008-04-29 00:00:00+08:00,4.782870357143998,4.96200459560287,4.782870357143998,4.836610794067383,203301,0.0,0.0
2008-04-30 00:00:00+08:00,4.81869844957704,5.159052415345042,4.81869844957704,4.926178932189941,834986,0.0,0.0
2008-05-02 00:00:00+08:00,4.9440912544498445,4.997831277908921,4.836610794067383,4.836610794067383,372718,0.0,0.0
2008-05-05 00:00:00+08:00,4.9082645027795575,4.9082645027795575,4.69330358505249,4.69330358505249,93179,0.0,0.0
2008-05-06 00:00:00+08:00,4.764957431557778,4.764957431557778,4.693304060696561,4.711217403411865,42354,0.0,0.0
2008-05-07 00:00:00+08:00,4.764957483031737,4.872437953948975,4.729130797214107,4.872437953948975,267437,0.0,0.0
2008-05-08 00:00:00+08:00,4.764957079328916,4.997831344342334,4.764957079328916,4.962004661560059,404182,0.0,0.0
2008-05-09 00:00:00+08:00,4.96200459560287,5.015744619061947,4.800784111761332,4.836610794067383,341255,0.0,0.0
2008-05-12 00:00:00+08:00,4.87243740879792,4.87243740879792,4.729130268096924,4.729130268096924,223873,0.0,0.0
2008-05-13 00:00:00+08:00,4.764957427978516,4.800784526846556,4.657477371767426,4.764957427978516,254126,0.0,0.0
2008-05-14 00:00:00+08:00,4.675390714469274,4.782870770680364,4.675390714469274,4.764957427978516,108911,0.0,0.0
2008-05-15 00:00:00+08:00,4.782870292663574,4.800784047039403,4.764956951752048,4.782870292663574,122222,0.0,0.0
2008-05-16 00:00:00+08:00,4.800784526846556,4.818697869548404,4.711217399872971,4.764957427978516,176678,0.0,0.0
2008-05-19 00:00:00+08:00,4.764957427978516,4.782870770680364,4.729130742574819,4.764957427978516,36303,0.0,0.0
2008-05-20 00:00:00+08:00,4.78287035640837,4.90826457138888,4.711216991807289,4.800784111022949,183939,0.0,0.0
2008-05-21 00:00:00+08:00,4.836610795162786,4.926177914412507,4.729130334755982,4.890350818634033,171837,0.0,0.0
2008-05-22 00:00:00+08:00,4.872437475624031,4.90826457138888,4.800784111022949,4.800784111022949,174258,0.0,0.0
2008-05-23 00:00:00+08:00,4.8903508178983754,4.962004595980235,4.800784112126436,4.8545241355896,217822,0.0,0.0
2008-05-26 00:00:00+08:00,4.908264572143794,4.908264572143794,4.729130333684921,4.836610794067383,50825,0.0,0.0
2008-05-27 00:00:00+08:00,4.8366112122502525,4.872437897653949,4.729130742574819,4.764957427978516,134323,0.0,0.0
2008-05-28 00:00:00+08:00,4.818697875627348,4.818697875627348,4.657477377642985,4.675390720367432,122222,0.0,0.0
2008-05-29 00:00:00+08:00,4.675390175735007,4.693303516372744,4.585823059082031,4.585823059082031,198460,0.0,0.0
2008-05-30 00:00:00+08:00,4.585822576707366,4.585822576707366,4.388775850419272,4.5499958992004395,144004,0.0,0.0
2008-06-02 00:00:00+08:00,4.532083996916644,4.567910685779042,4.478343963623047,4.478343963623047,50825,0.0,0.0
2008-06-03 00:00:00+08:00,4.51416969739836,4.639563495350899,4.51416969739836,4.603736400604248,131903,0.0,0.0
2008-06-04 00:00:00+08:00,4.764957431557778,4.836611215883338,4.6574773752659535,4.711217403411865,544556,0.0,0.0
2008-06-05 00:00:00+08:00,4.800784045179573,4.800784045179573,4.657476904478577,4.729130268096924,140374,0.0,0.0
2008-06-06 00:00:00+08:00,4.74704360648348,4.74704360648348,4.657476902008057,4.657476902008057,118592,0.0,0.0
2008-06-09 00:00:00+08:00,4.478342544186587,4.657476345185471,4.478342544186587,4.5499958992004395,50825,0.0,0.0
2008-06-10 00:00:00+08:00,4.567909718444295,4.585823059082031,4.514169696531088,4.585823059082031,16941,0.0,0.0
2008-06-11 00:00:00+08:00,4.657476345185471,4.657476345185471,4.478342544186587,4.5499958992004395,100440,0.0,0.0
2008-06-12 00:00:00+08:00,4.40669006361114,4.442516748227309,4.245469569374045,4.263382911682129,210561,0.0,0.0
2008-06-13 00:00:00+08:00,4.335036762941286,4.335036762941286,4.173816664241939,4.281296730041504,72607,0.0,0.0
2008-06-16 00:00:00+08:00,4.299209120284444,4.335035800933838,4.299209120284444,4.335035800933838,12101,0.0,0.0
2008-06-17 00:00:00+08:00,4.173815371913461,4.5499958992004395,4.137988694406535,4.5499958992004395,67767,0.0,0.0
2008-06-18 00:00:00+08:00,4.442516327813642,4.496256349652255,4.406689646587901,4.460429668426514,31463,0.0,0.0
2008-06-19 00:00:00+08:00,4.335036338077578,4.388776779174805,4.299209652988988,4.388776779174805,41144,0.0,0.0
2008-06-20 00:00:00+08:00,4.38877622663287,4.38877622663287,4.20964241027832,4.20964241027832,12101,0.0,0.0
2008-06-23 00:00:00+08:00,4.1559023953716645,4.299209117889404,4.1559023953716645,4.299209117889404,7260,0.0,0.0
2008-06-24 00:00:00+08:00,4.352950107241214,4.352950107241214,4.120076631342157,4.281296730041504,19362,0.0,0.0
2008-06-25 00:00:00+08:00,4.227555750567347,4.227555750567347,4.012595253634745,4.20964241027832,32673,0.0,0.0
2008-06-26 00:00:00+08:00,4.191729545593262,4.191729545593262,4.1021628339856715,4.191729545593262,35093,0.0,0.0
2008-06-27 00:00:00+08:00,4.0484223943320705,4.173816204071045,3.9230289980574304,4.173816204071045,83498,0.0,0.0
2008-06-30 00:00:00+08:00,4.0305089984442,4.102162780256096,3.923028945922851,3.9230289459228516,45984,0.0,0.0
2008-07-01 00:00:00+08:00,3.923028631033829,3.9409419716828737,3.6543281078338623,3.6543281078338623,189989,0.0,0.0
2008-07-02 00:00:00+08:00,3.5826743300443336,3.6901547873510268,3.5468476487635345,3.6185014247894287,409022,0.0,0.0
2008-07-03 00:00:00+08:00,3.6185014282482078,3.7259814721933404,3.5826743334688667,3.690154790878296,274698,0.0,0.0
2008-07-04 00:00:00+08:00,3.7438944184902,3.923028219660776,3.725981079719568,3.851374864578247,300111,0.0,0.0
2008-07-07 00:00:00+08:00,3.725981079719568,3.851374864578247,3.7080677409489353,3.851374864578247,55665,0.0,0.0
2008-07-08 00:00:00+08:00,3.797634767237294,3.797634767237294,3.5826738796477597,3.743894338607788,129483,0.0,0.0
2008-07-09 00:00:00+08:00,3.7438948128508622,3.7618081535083845,3.63641476890573,3.690154790878296,62926,0.0,0.0
2008-07-10 00:00:00+08:00,3.6364149413111577,3.6364149413111577,3.5575958252168842,3.582674503326416,83498,0.0,0.0
2008-07-11 00:00:00+08:00,3.5110211934683058,3.6364154277173024,3.4286202249793676,3.5647616386413574,250496,0.0,0.0
2008-07-14 00:00:00+08:00,3.58257595679359,3.655690097790158,3.58257595679359,3.619133234024048,110293,0.0,1.02038
2008-07-15 00:00:00+08:00,3.6374116944458046,3.652034274681237,3.4765608310699463,3.4765608310699463,112665,0.0,0.0
2008-07-16 00:00:00+08:00,3.4729050846111145,3.6191329413131803,3.4729050846111145,3.4948389530181885,125711,0.0,0.0
2008-07-17 00:00:00+08:00,3.619132661265993,3.619132661265993,3.5094616738596667,3.5642969608306885,115037,0.0,0.0
2008-07-18 00:00:00+08:00,3.626444632664984,3.648378503502771,3.4509713919087086,3.45462703704834,147058,0.0,0.0
2008-07-21 00:00:00+08:00,3.5825757276873427,3.6008541584014893,3.4144142064636243,3.6008541584014893,59297,0.0,0.0
2008-07-22 00:00:00+08:00,3.611821017388571,3.838473457846368,3.582575447837564,3.8019165992736816,188567,0.0,0.0
2008-07-23 00:00:00+08:00,3.838473011374726,4.0578145507624415,3.838473011374726,3.875030279159546,288187,0.0,0.0
2008-07-24 00:00:00+08:00,3.8933099971839846,3.9847021632873783,3.83847428405757,3.911588430404663,171963,0.0,0.0
2008-07-25 00:00:00+08:00,3.8567518519992565,3.9481439878007043,3.8019161570541473,3.875030279159546,122153,0.0,0.0
2008-07-28 00:00:00+08:00,3.8750302791595463,3.8750302791595463,3.8750302791595463,3.875030279159546,0,0.0,0.0
2008-07-29 00:00:00+08:00,3.8750302791595463,3.8750302791595463,3.8750302791595463,3.875030279159546,0,0.0,0.0
2008-07-30 00:00:00+08:00,3.8750302791595463,3.8750302791595463,3.8750302791595463,3.875030279159546,0,0.0,0.0
2008-07-31 00:00:00+08:00,3.8750302791595463,3.8750302791595463,3.8750302791595463,3.875030279159546,0,0.0,0.0
2008-08-01 00:00:00+08:00,3.8750302791595463,3.8750302791595463,3.8750302791595463,3.875030279159546,0,0.0,0.0
2008-08-04 00:00:00+08:00,3.8750302791595463,3.8750302791595463,3.8750302791595463,3.875030279159546,0,0.0,0.0
2008-08-05 00:00:00+08:00,3.8750302791595463,3.8750302791595463,3.8750302791595463,3.875030279159546,0,0.0,0.0
2008-08-06 00:00:00+08:00,3.8750302791595463,3.8750302791595463,3.8750302791595463,3.875030279159546,0,0.0,0.0
2008-08-07 00:00:00+08:00,3.8750302791595463,3.8750302791595463,3.8750302791595463,3.875030279159546,0,0.0,0.0
2008-08-08 00:00:00+08:00,3.8750302791595463,3.8750302791595463,3.8750302791595463,3.875030279159546,0,0.0,0.0
2008-08-11 00:00:00+08:00,3.8750302791595463,3.8750302791595463,3.8750302791595463,3.875030279159546,0,0.0,0.0
2008-08-12 00:00:00+08:00,3.8750302791595463,3.8750302791595463,3.8750302791595463,3.875030279159546,0,0.0,0.0
2008-08-13 00:00:00+08:00,3.8750302791595463,3.8750302791595463,3.8750302791595463,3.875030279159546,0,0.0,0.0
2008-08-14 00:00:00+08:00,3.8750302791595463,3.8750302791595463,3.8750302791595463,3.875030279159546,0,0.0,0.0
2008-08-15 00:00:00+08:00,3.8750302791595463,3.8750302791595463,3.8750302791595463,3.875030279159546,0,0.0,0.0
2008-08-18 00:00:00+08:00,4.002979924036974,4.021258354187012,3.875030912986712,4.021258354187012,131641,0.0,0.0
2008-08-19 00:00:00+08:00,4.00298020704668,4.057815501373635,3.9115880498350903,3.9481449127197266,64041,0.0,0.0
2008-08-20 00:00:00+08:00,3.9481446335868617,4.094372488251469,3.9481446335868617,4.021258354187012,77087,0.0,0.0
2008-08-21 00:00:00+08:00,4.0760942959510205,4.09437314248612,3.9847021305973955,4.03953742980957,50996,0.0,0.0
2008-08-22 00:00:00+08:00,4.0578155517578125,4.076093983427087,3.9847018250807187,4.0578155517578125,80645,0.0,0.0
2008-08-25 00:00:00+08:00,4.076093626977363,4.167486190795898,3.984701476623134,4.167486190795898,111479,0.0,0.0
2008-08-26 00:00:00+08:00,4.057815356614369,4.076093787404618,3.984701633453369,3.984701633453369,97248,0.0,0.0
2008-08-27 00:00:00+08:00,4.021258382864881,4.076093673706055,3.9847015223040985,4.076093673706055,43880,0.0,0.0
2008-08-28 00:00:00+08:00,4.094372828560703,4.13092969189925,3.9847018250807187,4.0578155517578125,33206,0.0,0.0
2008-08-29 00:00:00+08:00,4.00298056366812,4.09437314248612,4.00298056366812,4.03953742980957,27276,0.0,0.0
2008-09-01 00:00:00+08:00,4.057815356614369,4.057815356614369,3.984701633453369,3.984701633453369,32020,0.0,0.0
2008-09-02 00:00:00+08:00,4.021258336764825,4.167486190795898,3.948144616481443,4.167486190795898,65227,0.0,0.0
2008-09-03 00:00:00+08:00,4.112650745145984,4.112650745145984,3.911587608501543,4.002979755401611,74715,0.0,0.0
2008-09-04 00:00:00+08:00,4.002980181144956,4.057815475117092,3.8019170231161215,3.8933095932006836,55739,0.0,0.0
2008-09-05 00:00:00+08:00,3.893309744835245,3.893309744835245,3.655690128367972,3.8384740352630615,103178,0.0,0.0
2008-09-08 00:00:00+08:00,4.021258612469001,4.021258612469001,3.893309593200683,3.8933095932006836,23719,0.0,0.0
2008-09-09 00:00:00+08:00,3.8933099971839846,4.002980596508057,3.8750315639633057,3.911588430404663,48624,0.0,0.0
2008-09-10 00:00:00+08:00,3.9481449127197266,3.9481449127197266,3.9481449127197266,3.9481449127197266,3557,0.0,0.0
2008-09-11 00:00:00+08:00,3.7653594329873727,3.8201947163651395,3.673967707488683,3.6922457218170166,33206,0.0,0.0
2008-09-12 00:00:00+08:00,3.8384735676867403,3.8384735676867403,3.5862309882385497,3.710524559020996,30834,0.0,0.0
2008-09-15 00:00:00+08:00,3.6739685296732136,3.6739685296732136,3.4509712885820276,3.619133234024048,75901,0.0,0.0
2008-09-16 00:00:00+08:00,3.366890203722203,3.5387075764646925,3.366890203722203,3.498494863510132,214658,0.0,0.0
2008-09-17 00:00:00+08:00,3.4984947570539084,3.5460187581547324,3.2572193135969916,3.363234043121338,86574,0.0,0.0
2008-09-18 00:00:00+08:00,3.2170063275652905,3.282808542251587,3.1292698345847723,3.282808542251587,84202,0.0,0.0
2008-09-19 00:00:00+08:00,3.1438926724203373,3.4436590114107197,3.1438926724203373,3.436347723007202,86574,0.0,0.0
2008-09-22 00:00:00+08:00,3.458282232284546,3.458282232284546,3.436348157568081,3.458282232284546,27276,0.0,0.0
2008-09-23 00:00:00+08:00,3.443660179351521,3.443660179351521,3.3230222259212803,3.4326932430267334,55739,0.0,0.0
2008-09-24 00:00:00+08:00,3.3522673901479934,3.4436597553277735,3.3522673901479934,3.4400041103363037,18975,0.0,0.0
2008-09-25 00:00:00+08:00,3.4363486093691917,3.465593977258856,3.3997917444579757,3.403447389602661,46252,0.0,0.0
2008-09-26 00:00:00+08:00,3.403446646620207,3.509461573065798,3.2864643736704027,3.3997910022735596,27276,0.0,0.0
2008-09-29 00:00:00+08:00,3.3997910022735596,3.3997910022735596,3.3997910022735596,3.3997910022735596,0,0.0,0.0
2008-09-30 00:00:00+08:00,3.1621715649365862,3.6045099533995115,3.1621715649365862,3.4911835193634033,180265,0.0,0.0
2008-10-01 00:00:00+08:00,3.326677009207093,3.597198009490967,3.326677009207093,3.597198009490967,18975,0.0,0.0
2008-10-02 00:00:00+08:00,3.491183332361355,3.5935422065010374,3.447314977645874,3.447314977645874,18975,0.0,0.0
2008-10-03 00:00:00+08:00,3.4473152161670035,3.527740435343965,3.33398878036002,3.498494863510132,17789,0.0,0.0
2008-10-06 00:00:00+08:00,3.3705463719081035,3.45462703704834,3.3705463719081035,3.45462703704834,3557,0.0,0.0
2008-10-07 00:00:00+08:00,3.3083987731461977,3.3924800485460325,3.290120342876054,3.3851685523986816,29648,0.0,0.0
2008-10-08 00:00:00+08:00,3.330332116221008,3.3778565206361764,3.1512037043261514,3.286463975906372,104364,0.0,0.0
2008-10-09 00:00:00+08:00,3.2535639449706286,3.385168818652512,3.1804502181394363,3.2901206016540527,26091,0.0,0.0
2008-10-13 00:00:00+08:00,3.180450122323991,3.3559229373931885,3.180450122323991,3.3559229373931885,46252,0.0,0.0
2008-10-14 00:00:00+08:00,3.381512978175261,3.469249279915,3.3632341340598026,3.418069839477539,35578,0.0,0.0
2008-10-15 00:00:00+08:00,3.355923202711124,3.3924804813799296,3.3010879049044624,3.359578847885132,14231,0.0,0.0
2008-10-16 00:00:00+08:00,3.24259614944458,3.290119938263274,3.24259614944458,3.24259614944458,53368,0.0,0.0
2008-10-17 00:00:00+08:00,3.2718420713775007,3.3559229373931885,3.1329261186225734,3.3559229373931885,49810,0.0,0.0
2008-10-20 00:00:00+08:00,3.2389404656586973,3.2645301818847656,3.2389404656586973,3.2645301818847656,77087,0.0,0.0
2008-10-21 00:00:00+08:00,3.279152688097969,3.2901196198105733,3.217006121530216,3.286463975906372,29648,0.0,0.0
2008-10-22 00:00:00+08:00,3.187761924470666,3.3120551109313965,3.184106278998091,3.3120551109313965,23719,0.0,0.0
2008-10-23 00:00:00+08:00,3.29012103136375,3.3120551109313965,3.2828097404186005,3.3120551109313965,20161,0.0,0.0
2008-10-24 00:00:00+08:00,3.217006752822791,3.217006752822791,3.198728322982788,3.198728322982788,50996,0.0,0.0
2008-10-27 00:00:00+08:00,2.9757310784224473,3.143893003463745,2.9757310784224473,3.143893003463745,151802,0.0,0.0
2008-10-28 00:00:00+08:00,2.9428300468385857,3.103680061221682,2.9245516173194024,3.0707788467407227,47438,0.0,0.0
2008-10-29 00:00:00+08:00,3.1438929540137974,3.1438929540137974,3.0525003936590522,3.118302822113037,22533,0.0,0.0
2008-10-30 00:00:00+08:00,3.1183026024702745,3.2170064449310303,3.1183026024702745,3.2170064449310303,49810,0.0,0.0
2008-10-31 00:00:00+08:00,3.2901198305282455,3.3924795202584512,3.191416405132739,3.282808542251587,39136,0.0,0.0
2008-11-03 00:00:00+08:00,3.348610986931511,3.348610986931511,3.308398485183716,3.308398485183716,11859,0.0,0.0
2008-11-04 00:00:00+08:00,3.1658270777160236,3.246252085551761,3.107335730668267,3.143893003463745,103178,0.0,0.0
2008-11-05 00:00:00+08:00,3.2170070468391563,3.2828092762378307,3.1073360443115234,3.1073360443115234,39136,0.0,0.0
2008-11-06 00:00:00+08:00,3.10733586407072,3.10733586407072,2.9245517662997793,3.059812068939209,67599,0.0,0.0
2008-11-07 00:00:00+08:00,3.0488452994798423,3.0817465196458653,3.0488452994798423,3.0780906677246094,13045,0.0,0.0
2008-11-10 00:00:00+08:00,3.2901206016540527,3.2901206016540527,3.2901206016540527,3.2901206016540527,143500,0.0,0.0
2008-11-11 00:00:00+08:00,3.3924808283191266,3.447315925001433,3.110992193222046,3.110992193222046,163661,0.0,0.0
2008-11-12 00:00:00+08:00,3.114647037428934,3.2279736741133753,2.9428300870272057,3.048844814300537,77087,0.0,0.0
2008-11-13 00:00:00+08:00,2.961108801023341,3.1073360464774904,2.9428303695000513,3.0561563968658447,23719,0.0,0.0
2008-11-14 00:00:00+08:00,3.1329254883324196,3.147548271662711,3.034221649169922,3.034221649169922,24905,0.0,0.0
2008-11-17 00:00:00+08:00,2.961108988013357,3.1329263792216193,2.961108988013357,3.0780906677246094,22533,0.0,0.0
2008-11-18 00:00:00+08:00,2.997665238249983,3.078090248381637,2.928207368923624,3.030566453933716,91318,0.0,0.0
2008-11-19 00:00:00+08:00,3.030566132203918,3.0342217765068757,2.961108270251318,3.019599199295044,111479,0.0,0.0
2008-11-20 00:00:00+08:00,2.928207425360933,2.99035400650299,2.887994919520063,2.9830427169799805,154174,0.0,0.0
2008-11-21 00:00:00+08:00,2.92455181848993,3.015943765640259,2.895306246554669,3.015943765640259,97248,0.0,0.0
2008-11-24 00:00:00+08:00,2.9976647287277505,2.9976647287277505,2.9355181593467283,2.9757306575775146,26091,0.0,0.0
2008-11-25 00:00:00+08:00,2.9757315391232075,2.9940099716186523,2.9611089585125963,2.9940099716186523,53368,0.0,0.0
2008-11-26 00:00:00+08:00,2.9940096900548934,3.015943765640259,2.9611086800429263,3.015943765640259,27276,0.0,0.0
2008-11-27 00:00:00+08:00,3.0159432726386894,3.034221700427302,2.979386417061465,2.9866979122161865,88946,0.0,0.0
2008-11-28 00:00:00+08:00,2.979386593173521,3.1841053686247704,2.979386593173521,3.1804497241973877,134013,0.0,0.0
2008-12-01 00:00:00+08:00,3.180449698195273,3.2425962731491125,3.180449698195273,3.2316291332244873,23719,0.0,0.0
2008-12-02 00:00:00+08:00,3.037877473325532,3.231629105517276,3.037877473325532,3.227973461151123,48624,0.0,0.0
2008-12-03 00:00:00+08:00,3.143893374161494,3.213351249694824,3.143893374161494,3.213351249694824,10673,0.0,0.0
2008-12-04 00:00:00+08:00,3.4326922839868903,3.4326922839868903,3.220662220093608,3.3815126419067383,103178,0.0,0.0
2008-12-05 00:00:00+08:00,3.290120406549884,3.3266772677976575,3.275497827436502,3.319365978240967,8301,0.0,0.0
2008-12-08 00:00:00+08:00,3.297431468963623,3.297431468963623,3.2901199736368167,3.297431468963623,30834,0.0,0.0
2008-12-09 00:00:00+08:00,3.290120449735372,3.290120449735372,3.1841057161110267,3.2462522983551025,40322,0.0,0.0
2008-12-10 00:00:00+08:00,3.2828087468398266,3.2828087468398266,3.1987280994897627,3.227973461151123,42694,0.0,0.0
2008-12-11 00:00:00+08:00,3.224318337060401,3.224318337060401,3.1365820311870696,3.2060399055480957,23719,0.0,0.0
2008-12-12 00:00:00+08:00,3.180450386876118,3.180450386876118,3.0525009446689153,3.0780906677246094,32020,0.0,0.0
2008-12-15 00:00:00+08:00,3.070779183430911,3.070779183430911,3.0561563968658447,3.0561563968658447,13045,0.0,0.0
2008-12-16 00:00:00+08:00,3.004977108985336,3.045189619064331,2.9976656119595857,3.045189619064331,34392,0.0,0.0
2008-12-17 00:00:00+08:00,2.979387348080717,3.125615229548155,2.979387348080717,3.0927135944366455,64041,0.0,0.0
2008-12-18 00:00:00+08:00,2.968420248817902,2.9940099716186523,2.9464861711698043,2.9940099716186523,74715,0.0,0.0
2008-12-19 00:00:00+08:00,2.953796728371714,2.990353584289551,2.9464854398809988,2.990353584289551,64041,0.0,0.0
2008-12-22 00:00:00+08:00,2.9611090685744075,2.9611090685744075,2.9245522022247314,2.9245522022247314,74715,0.0,0.0
2008-12-23 00:00:00+08:00,2.9245517742624276,2.9245517742624276,2.829503563544146,2.8331592082977295,42694,0.0,0.0
2008-12-24 00:00:00+08:00,2.8331591113450956,2.8477818965911865,2.7490784579613368,2.8477818965911865,88946,0.0,0.0
2008-12-25 00:00:00+08:00,2.745422994163002,2.8879950046539307,2.745422994163002,2.8879950046539307,58111,0.0,0.0
2008-12-26 00:00:00+08:00,2.866060703005385,2.961108922958374,2.866060703005385,2.961108922958374,18975,0.0,0.0
2008-12-29 00:00:00+08:00,2.953796808097233,2.953796808097233,2.924551446612884,2.9464855194091797,3557,0.0,0.0
2008-12-30 00:00:00+08:00,2.8185361067790287,2.9464855194091797,2.8185361067790287,2.9464855194091797,32020,0.0,0.0
2008-12-31 00:00:00+08:00,2.9464855194091797,2.9464855194091797,2.9464855194091797,2.9464855194091797,0,0.0,0.0
2009-01-02 00:00:00+08:00,2.9464855194091797,2.9464855194091797,2.9464855194091797,2.9464855194091797,0,0.0,0.0
2009-01-05 00:00:00+08:00,2.8514376178078487,2.939174331640959,2.8514376178078487,2.9282073974609375,22533,0.0,0.0
2009-01-06 00:00:00+08:00,2.9172402993617226,2.9208961508742055,2.8148807983875486,2.906273365020752,17789,0.0,0.0
2009-01-07 00:00:00+08:00,2.8258478018074853,2.898961727513214,2.8258478018074853,2.891650438308716,13045,0.0,0.0
2009-01-08 00:00:00+08:00,2.851437951356803,2.851437951356803,2.8148810863494873,2.8148810863494873,15417,0.0,0.0
2009-01-09 00:00:00+08:00,2.851438172326573,2.8879954536312256,2.8148813044863137,2.840471029281616,22533,0.0,0.0
2009-01-12 00:00:00+08:00,2.708866334831215,2.792947000048539,2.708866334831215,2.7856357097625732,5929,0.0,0.0
2009-01-13 00:00:00+08:00,2.6869317390510474,2.785635172536963,2.6869317390510474,2.727144241333008,50996,0.0,0.0
2009-01-14 00:00:00+08:00,2.668653204558747,2.778323567020082,2.668653204558747,2.7673566341400146,32020,0.0,0.0
2009-01-15 00:00:00+08:00,2.6869315590862937,2.752733774758903,2.6869315590862937,2.7344553470611572,10673,0.0,0.0
2009-01-16 00:00:00+08:00,2.7344553868308488,2.7344553868308488,2.7052098193962597,2.7125213146209717,59297,0.0,0.0
2009-01-19 00:00:00+08:00,2.7198329245812776,2.7234885692596436,2.672309130298208,2.7234885692596436,14231,0.0,0.0
2009-01-20 00:00:00+08:00,2.719833108457002,2.7234887533825103,2.650375234675846,2.716177463531494,84202,0.0,0.0
2009-01-21 00:00:00+08:00,2.632096321888369,2.6832761764526367,2.632096321888369,2.6832761764526367,37950,0.0,0.0
2009-02-02 00:00:00+08:00,2.6832761764526367,2.6832761764526367,2.6832761764526367,2.6832761764526367,0,0.0,0.0
2009-02-03 00:00:00+08:00,2.7052097150430727,2.7052097150430727,2.6686530672582,2.67596435546875,29648,0.0,0.0
2009-02-04 00:00:00+08:00,2.672309063446194,2.686931848526001,2.672309063446194,2.686931848526001,30834,0.0,0.0
2009-02-05 00:00:00+08:00,2.6686532645906555,2.6978986263275146,2.6686532645906555,2.6978986263275146,15417,0.0,0.0
2009-02-06 00:00:00+08:00,2.6905873226042245,2.723488328533592,2.6686532497406006,2.6686532497406006,9487,0.0,0.0
2009-02-09 00:00:00+08:00,2.705210139135658,2.7234885692596436,2.668653485619842,2.7234885692596436,56925,0.0,0.0
2009-02-10 00:00:00+08:00,2.741766929626465,2.752734070114687,2.723488499967527,2.741766929626465,36764,0.0,0.0
2009-02-11 00:00:00+08:00,2.723488778386124,2.771012783050537,2.705210346858607,2.771012783050537,49810,0.0,0.0
2009-02-12 00:00:00+08:00,2.7710126695721176,2.7710126695721176,2.7600455284118652,2.7600455284118652,3557,0.0,0.0
2009-02-13 00:00:00+08:00,2.7600457888385135,2.8148810863494873,2.7490788533756274,2.8148810863494873,22533,0.0,0.0
2009-02-16 00:00:00+08:00,2.8148810593954137,2.8148810593954137,2.811225414276123,2.811225414276123,15417,0.0,0.0
2009-02-17 00:00:00+08:00,2.811225414276123,2.811225414276123,2.811225414276123,2.811225414276123,5929,0.0,0.0
2009-02-18 00:00:00+08:00,2.6540317929541164,2.7966034412384033,2.6540317929541164,2.7966034412384033,4743,0.0,0.0
2009-02-19 00:00:00+08:00,2.7417673300808874,2.811225414276123,2.705210465423624,2.811225414276123,17789,0.0,0.0
2009-02-20 00:00:00+08:00,2.811225414276123,2.811225414276123,2.811225414276123,2.811225414276123,0,0.0,0.0
2009-02-23 00:00:00+08:00,2.873371692900048,2.997665267464209,2.8550932625345227,2.9282073974609375,93690,0.0,0.0
2009-02-24 00:00:00+08:00,2.9245514592554596,2.9245514592554596,2.88799460219289,2.92089581489563,14231,0.0,0.0
2009-02-25 00:00:00+08:00,2.9208964132976654,2.961108922958374,2.9208964132976654,2.961108922958374,43880,0.0,0.0
2009-02-26 00:00:00+08:00,2.7819792619007395,2.92089581489563,2.77832361754091,2.92089581489563,42694,0.0,0.0
2009-02-27 00:00:00+08:00,2.7856355011892777,2.8879950046539307,2.7856355011892777,2.8879950046539307,17789,0.0,0.0
2009-03-02 00:00:00+08:00,2.8806831735699516,2.8806831735699516,2.77832408076782,2.85143780708313,5929,0.0,0.0
2009-03-03 00:00:00+08:00,2.8441268814513996,2.8441268814513996,2.840471029281616,2.840471029281616,3557,0.0,0.0
2009-03-04 00:00:00+08:00,2.9208962219416708,2.9208962219416708,2.8879950046539307,2.8879950046539307,15417,0.0,0.0
2009-03-05 00:00:00+08:00,2.8331591113450956,2.8477818965911865,2.8148806814705196,2.8477818965911865,9487,0.0,0.0
2009-03-06 00:00:00+08:00,2.8587488868705195,2.8806829618062686,2.741767016058419,2.7490785121917725,69971,0.0,0.0
2009-03-09 00:00:00+08:00,2.7490796273877205,2.847783108004879,2.7308011897377105,2.7966034412384033,24905,0.0,0.0
2009-03-10 00:00:00+08:00,2.8295037573960746,2.866060620900772,2.7600456753907157,2.855093479156494,110293,0.0,0.0
2009-03-11 00:00:00+08:00,2.7783239167975005,2.9245517742624276,2.7783239167975005,2.8331592082977295,74715,0.0,0.0
2009-03-12 00:00:00+08:00,2.8514382101246847,2.8770279352591994,2.814881341799835,2.8697166442871094,50996,0.0,0.0
2009-03-13 00:00:00+08:00,2.8806829527568465,3.067123312687573,2.8806829527568465,2.979386806488037,768499,0.0,0.0
2009-03-16 00:00:00+08:00,2.9574526771221574,3.045189181704912,2.9574526771221574,2.9720754623413086,166033,0.0,0.0
2009-03-17 00:00:00+08:00,2.9720750135078284,3.0342215828888506,2.9611080812987702,2.9757306575775146,73529,0.0,0.0
2009-03-18 00:00:00+08:00,3.0269106120716964,3.034221900977538,2.9757309695343817,3.008632183074951,50996,0.0,0.0
2009-03-19 00:00:00+08:00,3.0086318676689285,3.0634671489105783,2.9757306575775146,2.9757306575775146,166033,0.0,0.0
2009-03-20 00:00:00+08:00,2.9830426029387094,2.994009536803959,2.9611085284760583,2.9720754623413086,129269,0.0,0.0
2009-03-23 00:00:00+08:00,2.9720753250814607,3.012287827527872,2.9720753250814607,3.008632183074951,134013,0.0,0.0
2009-03-24 00:00:00+08:00,3.0488446855213622,3.0488446855213622,2.9793866139873026,3.008632183074951,200426,0.0,0.0
2009-03-25 00:00:00+08:00,2.9647643248517936,3.0232552619901547,2.9647643248517936,3.015943765640259,55739,0.0,0.0
2009-03-26 00:00:00+08:00,3.0525009093579007,3.0525009093579007,2.983043031372446,3.045189619064331,155360,0.0,0.0
2009-03-27 00:00:00+08:00,3.0525004707984627,3.2096952568474992,3.0525004707984627,3.198728322982788,315464,0.0,0.0
2009-03-30 00:00:00+08:00,3.198728963549682,3.198728963549682,3.070779515582626,3.0927135944366455,143500,0.0,0.0
2009-03-31 00:00:00+08:00,3.1073355334721646,3.1073355334721646,3.0525002479553223,3.0525002479553223,49810,0.0,0.0
2009-04-02 00:00:00+08:00,3.10733604671322,3.154860258102417,3.0890576151885436,3.154860258102417,109107,0.0,0.0
2009-04-03 00:00:00+08:00,3.1146478387699057,3.121959336597829,3.1073365476741857,3.110992193222046,40322,0.0,0.0
2009-04-06 00:00:00+08:00,3.0817459173962884,3.158515691757202,3.0817459173962884,3.158515691757202,101992,0.0,0.0
2009-04-07 00:00:00+08:00,3.1950736038485794,3.3778581619262695,3.1950736038485794,3.3778581619262695,254980,0.0,0.0
2009-04-08 00:00:00+08:00,3.2901203911396917,3.4363482489102077,3.2901203911396917,3.3449556827545166,96062,0.0,0.0
2009-04-09 00:00:00+08:00,3.3632337712212923,3.377856968975349,3.308398485183716,3.308398485183716,160104,0.0,0.0
2009-04-10 00:00:00+08:00,3.3632338458176734,3.3632338458176734,3.2535634780421736,3.3412997722625732,107922,0.0,0.0
2009-04-13 00:00:00+08:00,3.355923202711124,3.359578847885132,3.257219749352006,3.359578847885132,122153,0.0,0.0
2009-04-14 00:00:00+08:00,3.363234043121338,3.4144141023714214,3.308398752650612,3.363234043121338,85388,0.0,0.0
2009-04-15 00:00:00+08:00,3.3559225800460686,3.3559225800460686,3.238940715789795,3.238940715789795,142314,0.0,0.0
2009-04-16 00:00:00+08:00,3.3815131736573867,3.3815131736573867,3.275498021673552,3.2901206016540527,43880,0.0,0.0
2009-04-17 00:00:00+08:00,3.3815131736573867,3.3815131736573867,3.0707792144283044,3.2901206016540527,141128,0.0,0.0
2009-04-20 00:00:00+08:00,3.2901199138880113,3.363233625435527,3.1621711254119873,3.1621711254119873,56925,0.0,0.0
2009-04-21 00:00:00+08:00,3.1073365476741857,3.2499085846305547,2.968420569730083,3.110992193222046,54553,0.0,0.0
2009-04-22 00:00:00+08:00,3.1073354629230505,3.2170064449310303,3.1073354629230505,3.2170064449310303,68785,0.0,0.0
2009-04-23 00:00:00+08:00,3.143893003463745,3.143893003463745,3.143893003463745,3.143893003463745,32020,0.0,0.0
2009-04-24 00:00:00+08:00,3.2133511951513105,3.2133511951513105,3.1073360443115234,3.1073360443115234,124525,0.0,0.0
2009-04-27 00:00:00+08:00,3.1146473433855637,3.1146473433855637,3.001321315765381,3.001321315765381,124525,0.0,0.0
2009-04-28 00:00:00+08:00,3.0013206873165093,3.063467258929412,2.924551332167592,2.935518264770508,211100,0.0,0.0
2009-04-29 00:00:00+08:00,2.9537965864272784,2.9757306575775146,2.9282068712073563,2.9757306575775146,32020,0.0,0.0
2009-04-30 00:00:00+08:00,3.0013209127652667,3.1000243472664,3.0013209127652667,3.089057207107544,53368,0.0,0.0
2009-05-04 00:00:00+08:00,3.1914171384160883,3.198728635104813,3.1256149086105904,3.129270553588867,123339,0.0,0.0
2009-05-05 00:00:00+08:00,3.0488443995561725,3.16217102082442,3.0342216163838867,3.1256141662597656,18975,0.0,0.0
2009-05-06 00:00:00+08:00,3.180450699024605,3.180450699024605,3.1073365476741857,3.110992193222046,58111,0.0,0.0
2009-05-07 00:00:00+08:00,3.1292701096562,3.1804497522880104,3.1073356227017532,3.1146469116210938,54553,0.0,0.0
2009-05-08 00:00:00+08:00,3.1073357034695808,3.1694826945600494,3.1073357034695808,3.140237331390381,54553,0.0,0.0
2009-05-11 00:00:00+08:00,3.1402372626517123,3.158515691757202,3.1402372626517123,3.158515691757202,10673,0.0,0.0
2009-05-12 00:00:00+08:00,3.1365817142903683,3.143893003463745,3.125614573798155,3.143893003463745,28462,0.0,0.0
2009-05-13 00:00:00+08:00,3.107335730668267,3.143893003463745,3.107335730668267,3.143893003463745,16603,0.0,0.0
2009-05-14 00:00:00+08:00,3.143893310998304,3.180450173905464,3.0525007402660655,3.1767945289611816,66413,0.0,0.0
2009-05-15 00:00:00+08:00,3.1731385593797325,3.3230216503834167,3.1438931941799826,3.2718420028686523,72343,0.0,0.0
2009-05-18 00:00:00+08:00,3.2170064397092055,3.3705455661925967,3.1987280116482553,3.366889715194702,105550,0.0,0.0
2009-05-19 00:00:00+08:00,3.3778571843722673,3.3961356142170263,3.2572192579718484,3.3047430515289307,24905,0.0,0.0
2009-05-20 00:00:00+08:00,3.162171045293982,3.282808542251587,3.162171045293982,3.282808542251587,16603,0.0,0.0
2009-05-21 00:00:00+08:00,3.231629220066188,3.2901201521943246,3.231629220066188,3.238940715789795,48624,0.0,0.0
2009-05-22 00:00:00+08:00,3.107335562980464,3.3522668380530596,3.107335562980464,3.308398485183716,34392,0.0,0.0
2009-05-25 00:00:00+08:00,3.3083990333618507,3.326677465069649,3.2901206016540527,3.2901206016540527,39136,0.0,0.0
2009-05-26 00:00:00+08:00,3.290119938263274,3.315709861533768,3.2352848609285134,3.24259614944458,14231,0.0,0.0
2009-05-27 00:00:00+08:00,3.2535639449706286,3.3010877433716006,3.242596803253081,3.2901206016540527,72343,0.0,0.0
2009-06-01 00:00:00+08:00,3.326676913862908,3.39247975326513,3.217006548519892,3.308398485183716,87760,0.0,0.0
2009-06-02 00:00:00+08:00,3.319365950915855,3.38151294529693,3.3083988099389403,3.3157103061676025,168405,0.0,0.0
2009-06-03 00:00:00+08:00,3.3157097028728977,3.3632334894175187,3.3157097028728977,3.3303322792053223,58111,0.0,0.0
2009-06-04 00:00:00+08:00,3.5387078948439474,3.5606417655944824,3.509462320378876,3.5606417655944824,169591,0.0,0.0
2009-06-05 00:00:00+08:00,3.8019165992736816,3.8019165992736816,3.8019165992736816,3.8019165992736816,295303,0.0,0.0
2009-06-08 00:00:00+08:00,4.167486331437646,4.29543493278719,4.094372608686866,4.130929470062256,936905,0.0,0.0
2009-06-09 00:00:00+08:00,4.204043099133105,4.204043099133105,3.9847015223040985,4.076093673706055,623812,0.0,0.0
2009-06-10 00:00:00+08:00,4.18576476212534,4.240600054188426,4.057815333847156,4.130929470062256,272769,0.0,0.0
2009-06-11 00:00:00+08:00,4.185764482064816,4.2405997704589895,4.076093491812177,4.204042911529541,252608,0.0,0.0
2009-06-12 00:00:00+08:00,4.258878178928401,4.386827610436706,4.204043298945315,4.350270748138428,277513,0.0,0.0
2009-06-15 00:00:00+08:00,4.459941389614058,4.459941389614058,4.240600213140089,4.258878231048584,354600,0.0,0.0
2009-06-16 00:00:00+08:00,4.240600213140089,4.3685492327499045,4.167486487648766,4.258878231048584,158918,0.0,0.0
2009-06-17 00:00:00+08:00,4.258878504422119,4.3868279457092285,4.204043620248162,4.3868279457092285,238377,0.0,0.0
2009-06-18 00:00:00+08:00,4.350270486663151,4.38682734676416,4.240599906360123,4.277156352996826,290559,0.0,0.0
2009-06-19 00:00:00+08:00,4.27715661007754,4.350270748138428,4.130929574348758,4.350270748138428,272769,0.0,0.0
2009-06-22 00:00:00+08:00,4.313713525167076,4.386827664122735,4.222321781767258,4.258878231048584,143500,0.0,0.0
2009-06-23 00:00:00+08:00,4.2405997704589895,4.2405997704589895,4.204042911529541,4.204042911529541,270397,0.0,0.0
2009-06-24 00:00:00+08:00,4.167486436647036,4.423384472734985,4.149208005497897,4.350270748138428,1584437,0.0,0.0
2009-06-25 00:00:00+08:00,4.313713802060439,4.4233848108014415,4.240600485340376,4.3868279457092285,289373,0.0,0.0
2009-06-26 00:00:00+08:00,4.350270796826991,4.661004543304443,4.350270796826991,4.661004543304443,396109,0.0,0.0
2009-06-29 00:00:00+08:00,4.953458406530187,4.953458406530187,4.752395703789752,4.862066268920898,366460,0.0,0.0
2009-06-30 00:00:00+08:00,4.862066268920898,4.935179979008329,4.788952558833468,4.862066268920898,211100,0.0,0.0
2009-07-01 00:00:00+08:00,4.752396368089843,4.898623808704688,4.734117938012987,4.825510501861572,149430,0.0,0.0
2009-07-02 00:00:00+08:00,4.825510720643755,4.89862403080173,4.679282859934828,4.752396583557129,236005,0.0,0.0
2009-07-03 00:00:00+08:00,4.734118013189436,4.7889533042907715,4.715839582822324,4.7889533042907715,117409,0.0,0.0
2009-07-06 00:00:00+08:00,4.7889533042907715,4.843788595392107,4.770674873923659,4.7889533042907715,198054,0.0,0.0
2009-07-07 00:00:00+08:00,4.788953228243554,4.843788518474121,4.770674798166699,4.825510501861572,294117,0.0,0.0
2009-07-08 00:00:00+08:00,4.825510578489308,4.843788595392107,4.7889533042907715,4.7889533042907715,311906,0.0,0.0
2009-07-09 00:00:00+08:00,4.788953228243554,4.862066948550977,4.770674798166699,4.825510501861572,241935,0.0,0.0
2009-07-10 00:00:00+08:00,4.807232176325433,4.8620670542841635,4.807232176325433,4.8437886238098145,231261,0.0,0.0
2009-07-13 00:00:00+08:00,4.881067122108124,5.1659542517408426,4.881067122108124,4.938044548034668,435062,0.034452,1.03586
2009-07-14 00:00:00+08:00,4.9380448672952,5.0140150499378,4.9380448672952,4.995022296905518,164865,0.0,0.0
2009-07-15 00:00:00+08:00,4.976030578537526,5.052000770644602,4.976030578537526,5.0140156745910645,75563,0.0,0.0
2009-07-16 00:00:00+08:00,5.0140156745910645,5.108977792609935,5.0140156745910645,5.0140156745910645,120214,0.0,0.0
2009-07-17 00:00:00+08:00,5.014015901676793,5.089985267737905,5.014015901676793,5.052000999450684,99606,0.0,0.0
2009-07-20 00:00:00+08:00,5.051999445454054,5.127968788146973,5.051999445454054,5.127968788146973,151126,0.0,0.0
2009-07-21 00:00:00+08:00,5.165954747949428,5.317894703262337,5.165954747949428,5.279909610748291,232414,0.0,0.0
2009-07-22 00:00:00+08:00,5.279909841434247,5.31789493560791,5.203940067830215,5.31789493560791,180894,0.0,0.0
2009-07-23 00:00:00+08:00,5.317894217747144,5.431849070142112,5.317894217747144,5.355879306793213,166010,0.0,0.0
2009-07-24 00:00:00+08:00,5.431848556510002,5.621773569037921,5.393863471055778,5.602780818939209,301108,0.0,0.0
2009-07-27 00:00:00+08:00,5.621775117173751,5.982631662017884,5.621775117173751,5.963639736175537,951411,0.0,0.0
2009-07-28 00:00:00+08:00,5.8496846472879565,5.887669327057425,5.716737023864917,5.7547221183776855,368657,0.0,0.0
2009-07-29 00:00:00+08:00,5.735728732904279,5.830691251370077,5.716736395108421,5.811698913574219,206082,0.0,0.0
2009-07-30 00:00:00+08:00,5.773714150689997,5.849684335668514,5.7167367193277485,5.792706489562988,166010,0.0,0.0
2009-07-31 00:00:00+08:00,5.792706489562988,5.849684335668514,5.7547218118170065,5.792706489562988,215241,0.0,0.0
2009-08-03 00:00:00+08:00,5.773714150689997,5.811699243179256,5.697743965711481,5.792706489562988,137388,0.0,0.0
2009-08-04 00:00:00+08:00,5.773712627089273,5.8116977095548075,5.43184812912896,5.697742462158203,196922,0.0,0.0
2009-08-05 00:00:00+08:00,5.621773719787598,5.716735813854797,5.583788633314792,5.621773719787598,104185,0.0,0.0
2009-08-06 00:00:00+08:00,5.583788868501771,5.659759044647217,5.583788868501771,5.659759044647217,75563,0.0,0.0
2009-08-10 00:00:00+08:00,5.659759389405556,5.754721493257038,5.621774299019011,5.735728740692139,145402,0.0,0.0
2009-08-11 00:00:00+08:00,5.84968376159668,6.115578138697518,5.811698672835173,5.84968376159668,453380,0.0,0.0
2009-08-12 00:00:00+08:00,5.792704960950457,5.830690043415991,5.583788044247933,5.697742462158203,184328,0.0,0.0
2009-08-13 00:00:00+08:00,5.659758209179003,5.773712627089273,5.621773126713467,5.697742462158203,191198,0.0,0.0
2009-08-14 00:00:00+08:00,5.697743650305593,5.773713831078684,5.697743650305593,5.735728740692139,81287,0.0,0.0
2009-08-17 00:00:00+08:00,5.697742462158203,5.773712627089273,5.697742462158203,5.697742462158203,136243,0.0,0.0
2009-08-18 00:00:00+08:00,5.507819165924847,5.697743793131939,5.507819165924847,5.583789348602295,105330,0.0,0.0
2009-08-19 00:00:00+08:00,5.583789348602295,5.640766778238749,5.583789348602295,5.583789348602295,167155,0.0,0.0
2009-08-20 00:00:00+08:00,5.545803221423204,5.621773389911009,5.469833052935398,5.564795970916748,140822,0.0,0.0
2009-08-21 00:00:00+08:00,5.564796056661282,5.621773476533473,5.507818222045898,5.507818222045898,89302,0.0,0.0
2009-08-24 00:00:00+08:00,5.507818692356325,5.659759044647217,5.507818692356325,5.659759044647217,166010,0.0,0.0
2009-08-25 00:00:00+08:00,5.621774439941019,5.697743793131939,5.583789348602295,5.583789348602295,93881,0.0,0.0
2009-08-26 00:00:00+08:00,5.583789348602295,5.640766778238749,5.507819165924847,5.583789348602295,104185,0.0,0.0
2009-08-27 00:00:00+08:00,5.583788633314792,5.697743063246788,5.469833373896373,5.621773719787598,280500,0.0,0.0
2009-08-28 00:00:00+08:00,5.621773719787598,5.697743063246788,5.545803546841985,5.621773719787598,266761,0.0,0.0
2009-08-31 00:00:00+08:00,5.583788391704282,5.659758561362665,5.507818222045898,5.507818222045898,132808,0.0,0.0
2009-09-01 00:00:00+08:00,5.507818137179301,5.583788305667106,5.507818137179301,5.564795970916748,179749,0.0,0.0
2009-09-02 00:00:00+08:00,5.507818137179301,5.621773389911009,5.507818137179301,5.564795970916748,164865,0.0,0.0
2009-09-03 00:00:00+08:00,5.6977439425234255,5.944646835327148,5.640766926136331,5.944646835327148,3805647,0.0,0.0
2009-09-04 00:00:00+08:00,6.001623706253549,6.229533839994466,5.963639029582784,6.096586227416992,3894949,0.0,0.0
2009-09-07 00:00:00+08:00,6.1155777597817425,6.13457051035734,6.020615251133387,6.039608001708984,1136885,0.0,0.0
2009-09-08 00:00:00+08:00,6.0396070869844385,6.077592167639418,5.849682513195833,5.887667179107666,725866,0.0,0.0
2009-09-09 00:00:00+08:00,5.887668679500905,5.963638860170844,5.811698913574219,5.811698913574219,467119,0.0,0.0
2009-09-10 00:00:00+08:00,5.849682513195833,5.963637340417626,5.7357272712308935,5.887667179107666,514060,0.0,0.0
2009-09-11 00:00:00+08:00,5.8876678398842905,6.210540024829898,5.8876678398842905,6.077592849731445,1891374,0.0,0.0
2009-09-14 00:00:00+08:00,6.0775929098966985,6.34348726272583,6.001622739308491,6.34348726272583,1814666,0.0,0.0
2009-09-15 00:00:00+08:00,6.381473757941889,6.571398396887936,6.343488664255364,6.495429039001465,1518137,0.0,0.0
2009-09-16 00:00:00+08:00,6.495426784281778,6.533411450039618,6.324494129398917,6.362479209899902,1007512,0.0,0.0
2009-09-17 00:00:00+08:00,6.381472588150281,6.419457674873737,6.305502414703369,6.305502414703369,538103,0.0,0.0
2009-09-18 00:00:00+08:00,6.26751815746634,6.343487501426825,6.229533070742884,6.305502414703369,743040,0.0,0.0
2009-09-21 00:00:00+08:00,6.305503492833115,6.742331027984619,6.267519229101448,6.742331027984619,2128369,0.0,0.0
2009-09-22 00:00:00+08:00,7.19814920425415,7.19814920425415,7.19814920425415,7.19814920425415,2624110,0.0,0.0
2009-09-23 00:00:00+08:00,7.69195394370889,7.69195394370889,7.19814904651265,7.407066822052002,8242135,0.0,0.0
2009-09-24 00:00:00+08:00,7.521021492143573,7.61598358727904,7.084194859136711,7.369081974029541,3959064,0.0,0.0
2009-09-25 00:00:00+08:00,7.36908202124897,7.7869159061115525,7.36908202124897,7.634976387023926,4102176,0.0,0.0
2009-09-28 00:00:00+08:00,7.74893221278752,7.976841934958532,7.426060382874098,7.559007167816162,3028260,0.0,0.0
2009-09-29 00:00:00+08:00,7.653969916288005,7.672961839676195,7.407067446862837,7.426060199737549,2485577,0.0,0.0
2009-09-30 00:00:00+08:00,7.42605906350446,7.502028404406484,7.236134052276611,7.236134052276611,1369300,0.0,0.0
2009-10-01 00:00:00+08:00,7.255125487070948,7.407065817676273,7.160163402557373,7.160163402557373,793415,0.0,0.0
2009-10-02 00:00:00+08:00,7.160164376112324,7.5020289222275185,7.160164376112324,7.331096649169922,1515847,0.0,0.0
2009-10-05 00:00:00+08:00,7.464044069165007,7.464044069165007,7.33109647238621,7.369081974029541,571305,0.0,0.0
2009-10-06 00:00:00+08:00,7.445051458016817,7.540013554933827,6.856284881107105,6.913261890411377,1712770,0.0,0.0
2009-10-07 00:00:00+08:00,7.02721643447876,7.293111621520934,7.02721643447876,7.02721643447876,1188406,0.0,0.0
2009-10-08 00:00:00+08:00,7.2551270749372305,7.2551270749372305,6.8372931480407715,6.8372931480407715,990338,0.0,0.0
2009-10-09 00:00:00+08:00,7.008225212509602,7.027217135273448,6.837292930716027,6.894269943237305,544972,0.0,0.0
2009-10-12 00:00:00+08:00,6.913261890411377,7.027216738506367,6.875277217541862,6.913261890411377,391555,0.0,0.0
2009-10-13 00:00:00+08:00,6.875277398316819,7.369082306036593,6.837292724448555,7.2741193771362305,1251375,0.0,0.0
2009-10-14 00:00:00+08:00,7.369082638849354,7.445051990016915,7.179157601957439,7.255126953125,1069336,0.0,0.0
2009-10-15 00:00:00+08:00,7.369081793459614,7.369081793459614,7.02721643447876,7.02721643447876,885007,0.0,0.0
2009-10-16 00:00:00+08:00,6.9322544904039605,7.179156932387233,6.9322544904039605,6.970239162445068,313702,0.0,0.0
2009-10-19 00:00:00+08:00,6.970239162445068,7.08419483754125,6.913261739640193,6.970239162445068,415598,0.0,0.0
2009-10-20 00:00:00+08:00,7.08419483754125,7.103186758818588,6.970239162445068,6.970239162445068,383541,0.0,0.0
2009-10-21 00:00:00+08:00,7.084193539717194,7.084193539717194,6.951245552956526,6.989230632781982,271341,0.0,0.0
2009-10-22 00:00:00+08:00,7.027216738506367,7.027216738506367,6.913261890411377,6.913261890411377,259892,0.0,0.0
2009-10-23 00:00:00+08:00,7.255126953125,7.274119705660143,7.065202745719591,7.255126953125,1542180,0.0,0.0
2009-10-26 00:00:00+08:00,7.331096292747068,7.331096292747068,7.02721643447876,7.02721643447876,764793,0.0,0.0
2009-10-27 00:00:00+08:00,6.970239162445068,7.103186758818588,6.951246826424515,6.970239162445068,382396,0.0,0.0
2009-10-28 00:00:00+08:00,6.970239162445068,7.08419483754125,6.894269403619639,6.970239162445068,472843,0.0,0.0
2009-10-29 00:00:00+08:00,6.837293078496729,6.8562854164143205,6.514420845438136,6.666360378265381,540392,0.0,0.0
2009-10-30 00:00:00+08:00,6.723338040186372,6.78031588540385,6.533413410186768,6.533413410186768,394990,0.0,0.0
2009-11-02 00:00:00+08:00,6.457443556448568,6.628375430886212,6.438450803377401,6.514420986175537,188908,0.0,0.0
2009-11-03 00:00:00+08:00,6.666359712400134,6.970239162445068,6.666359712400134,6.970239162445068,950267,0.0,0.0
2009-11-04 00:00:00+08:00,7.1031875372196485,7.179157719113467,7.084195613861084,7.084195613861084,1466616,0.0,0.0
2009-11-05 00:00:00+08:00,7.084195719781762,7.103187643424288,6.951247692108154,6.951247692108154,397280,0.0,0.0
2009-11-06 00:00:00+08:00,7.008225435267465,7.027217358634973,6.8372931480407715,6.8372931480407715,427047,0.0,0.0
2009-11-09 00:00:00+08:00,6.837293404301649,6.8752780819468455,6.7233381271362305,6.7233381271362305,231269,0.0,0.0
2009-11-10 00:00:00+08:00,6.837292989943269,6.837292989943269,6.609382864167676,6.64736795425415,285080,0.0,0.0
2009-11-11 00:00:00+08:00,6.666359575066953,6.761322082699835,6.666359575066953,6.685352325439453,154561,0.0,0.0
2009-11-12 00:00:00+08:00,6.742331291183229,6.742331291183229,6.628376007080078,6.628376007080078,152271,0.0,0.0
2009-11-13 00:00:00+08:00,6.609383264714088,6.761323219524703,6.59039092589149,6.7233381271362305,253022,0.0,0.0
2009-11-16 00:00:00+08:00,6.685353829644767,6.970240587156553,6.685353829644767,6.875278472900391,677780,0.0,0.0
2009-11-17 00:00:00+08:00,6.8752780819468455,6.8752780819468455,6.7233381271362305,6.7233381271362305,280500,0.0,0.0
2009-11-18 00:00:00+08:00,6.7233381271362305,6.799308311913176,6.685353449491034,6.7233381271362305,241573,0.0,0.0
2009-11-19 00:00:00+08:00,6.7233381271362305,6.799308311913176,6.7233381271362305,6.7233381271362305,225545,0.0,0.0
2009-11-20 00:00:00+08:00,6.8183001784656865,7.141172819288992,6.799307840958594,6.894269943237305,768227,0.0,0.0
2009-11-23 00:00:00+08:00,6.989232525447896,7.274119664427667,6.913262345224457,7.141172885894775,1606294,0.0,0.0
2009-11-24 00:00:00+08:00,7.293112458195287,7.483036665600696,7.141172926373658,7.255126953125,3559494,0.0,0.0
2009-11-25 00:00:00+08:00,7.331096807102953,7.3500895587917725,7.084195182580638,7.19814920425415,1306330,0.0,0.0
2009-11-26 00:00:00+08:00,7.236134508204634,7.236134508204634,7.065202236175537,7.065202236175537,751054,0.0,0.0
2009-11-27 00:00:00+08:00,6.932255907351408,7.02721802160757,6.875278472900391,6.875278472900391,558711,0.0,0.0
2009-11-30 00:00:00+08:00,7.160164180243013,7.2931117765909015,6.9512468250843416,7.1221795082092285,1758566,0.0,0.0
2009-12-01 00:00:00+08:00,7.2171419350277395,7.2551266088088315,7.065202410416907,7.103187084197998,951411,0.0,0.0
2009-12-02 00:00:00+08:00,7.2551249473307635,7.2551249473307635,6.989230632781982,6.989230632781982,705258,0.0,0.0
2009-12-03 00:00:00+08:00,7.02721802160757,7.02721802160757,6.875278472900391,6.875278472900391,428192,0.0,0.0
2009-12-04 00:00:00+08:00,7.008225435267465,7.008225435267465,6.818300395186744,6.8372931480407715,368657,0.0,0.0
2009-12-07 00:00:00+08:00,6.89426955397662,6.989232065636853,6.856284881107105,6.913261890411377,484292,0.0,0.0
2009-12-08 00:00:00+08:00,6.894271248410143,7.27412097366509,6.894271248410143,7.217143535614014,1636062,0.0,0.0
2009-12-09 00:00:00+08:00,7.179157277722337,7.388074228227491,7.084195178308442,7.2741193771362305,5024966,0.0,0.0
2009-12-10 00:00:00+08:00,7.2741195187849055,7.2931122708321166,7.027217060117096,7.046209812164307,882717,0.0,0.0
2009-12-11 00:00:00+08:00,7.065202705671336,7.255126912000183,7.065202705671336,7.141172885894775,824328,0.0,0.0
2009-12-14 00:00:00+08:00,7.27412097366509,7.27412097366509,7.122181415357772,7.217143535614014,656027,0.0,0.0
2009-12-15 00:00:00+08:00,7.274119664427667,7.274119664427667,7.141172885894775,7.141172885894775,693809,0.0,0.0
2009-12-16 00:00:00+08:00,7.217141302307908,7.369081643084745,7.1031864614684785,7.236134052276611,1253665,0.0,0.0
2009-12-17 00:00:00+08:00,7.236136291459923,7.27412097366509,7.14117417120368,7.217143535614014,976599,0.0,0.0
2009-12-18 00:00:00+08:00,7.198148552339205,7.331096143147339,7.122179211437182,7.236134052276611,1764290,0.0,0.0
2009-12-21 00:00:00+08:00,7.293112458195287,7.350089886314211,7.217142277541219,7.255126953125,1897099,0.0,0.0
2009-12-22 00:00:00+08:00,7.312104281988673,7.69195347803972,7.255126031620295,7.502028465270996,6005000,0.0,0.0
2009-12-23 00:00:00+08:00,7.55900765434526,7.55900765434526,7.388075351715088,7.388075351715088,1598280,0.0,0.0
2009-12-24 00:00:00+08:00,7.407067314433135,7.5210221706709826,7.217142277541219,7.255126953125,1539890,0.0,0.0
2009-12-25 00:00:00+08:00,7.255126953125,7.350089886314211,7.198149525006076,7.255126953125,754489,0.0,0.0
2009-12-28 00:00:00+08:00,7.350089886314211,7.369082638849354,7.236135030076363,7.255126953125,795705,0.0,0.0
2009-12-29 00:00:00+08:00,7.255128217819181,7.293113729510999,7.198150779768105,7.217143535614014,585043,0.0,0.0
2009-12-30 00:00:00+08:00,7.2171424155403825,7.445052132373946,7.2171424155403825,7.350090026855469,1190696,0.0,0.0
2009-12-31 00:00:00+08:00,7.445051318343341,7.464044069165007,7.350089223207875,7.369081974029541,1072771,0.0,0.0
2010-01-04 00:00:00+08:00,7.445051319280622,7.4830359914423035,7.255126299499348,7.293111801147461,755634,0.0,0.0
2010-01-05 00:00:00+08:00,7.293113729510999,7.388075849767241,7.217143535614014,7.217143535614014,975454,0.0,0.0
2010-01-06 00:00:00+08:00,7.293111472696327,7.293111472696327,7.217141302307908,7.236134052276611,325151,0.0,0.0
2010-01-07 00:00:00+08:00,7.293111621520934,7.293111621520934,6.989231763252626,7.02721643447876,710982,0.0,0.0
2010-01-08 00:00:00+08:00,7.027216907149349,7.2171419350277395,6.913262056319607,7.103187084197998,346904,0.0,0.0
2010-01-11 00:00:00+08:00,7.103187238819456,7.141172742913879,7.046209812164307,7.046209812164307,398425,0.0,0.0
2010-01-12 00:00:00+08:00,7.046209485010156,7.103186909019854,7.0272167338447735,7.065202236175537,271341,0.0,0.0
2010-01-13 00:00:00+08:00,7.027216585249945,7.141172260346125,6.970239162445068,6.970239162445068,280500,0.0,0.0
2010-01-14 00:00:00+08:00,7.103187238819456,7.103187238819456,6.951247296157977,7.046209812164307,507190,0.0,0.0
2010-01-15 00:00:00+08:00,7.103187381039805,7.141172885894775,7.065202705671336,7.141172885894775,389266,0.0,0.0
2010-01-18 00:00:00+08:00,7.12218013346729,7.141172885894775,7.065202705671336,7.141172885894775,348049,0.0,0.0
2010-01-19 00:00:00+08:00,7.160163881888193,7.42605906350446,7.141171961405885,7.236134052276611,1720784,0.0,0.0
2010-01-20 00:00:00+08:00,7.369083923407984,7.369083923407984,7.217143535614014,7.217143535614014,1213594,0.0,0.0
2010-01-21 00:00:00+08:00,7.217142395317116,7.217142395317116,7.065202861016,7.084195613861084,551841,0.0,0.0
2010-01-22 00:00:00+08:00,7.065202236175537,7.122179660185236,6.989232061000457,7.065202236175537,332021,0.0,0.0
2010-01-25 00:00:00+08:00,7.027216585249945,7.122179509582357,6.9322544904039605,6.970239162445068,255312,0.0,0.0
2010-01-26 00:00:00+08:00,6.989230086752458,7.141170394184036,6.571395485544936,6.818297863006592,571305,0.0,0.0
2010-01-27 00:00:00+08:00,6.628375517814935,6.78031588540385,6.533413410186768,6.533413410186768,439641,0.0,0.0
2010-01-28 00:00:00+08:00,6.533413892442403,6.666361101781128,6.533413892442403,6.628376007080078,203792,0.0,0.0
2010-01-29 00:00:00+08:00,6.533413866194288,7.084196285545186,6.457444091840699,6.875278472900391,966295,0.0,0.0
2010-02-01 00:00:00+08:00,6.837291751682157,7.084194170414338,6.685351833596444,6.932253837585449,888442,0.0,0.0
2010-02-02 00:00:00+08:00,7.046210039820005,7.046210039820005,6.666360378265381,6.666360378265381,304543,0.0,0.0
2010-02-03 00:00:00+08:00,6.723338358301355,6.818300885165947,6.666360925131257,6.76132345199585,155706,0.0,0.0
2010-02-04 00:00:00+08:00,6.913261885825376,7.179157084194935,6.913261885825376,7.065202236175537,1558208,0.0,0.0
2010-02-05 00:00:00+08:00,6.9512482472539805,6.9512482472539805,6.685353829644767,6.875278472900391,825472,0.0,0.0
2010-02-08 00:00:00+08:00,6.761323219524703,6.913262759592042,6.685353449491034,6.7233381271362305,172879,0.0,0.0
2010-02-09 00:00:00+08:00,6.68535367935015,6.837293639384839,6.60938349196116,6.76132345199585,195777,0.0,0.0
2010-02-10 00:00:00+08:00,6.818300885165947,6.875278318336044,6.76132345199585,6.76132345199585,517494,0.0,0.0
2010-02-22 00:00:00+08:00,6.837293639384839,6.9512480909817445,6.704346018825753,6.76132345199585,204937,0.0,0.0
2010-02-23 00:00:00+08:00,6.647368357102561,6.8752780819468455,6.647368357102561,6.7233381271362305,382396,0.0,0.0
2010-02-24 00:00:00+08:00,6.837292254703424,6.837292254703424,6.647367239437659,6.685352325439453,140822,0.0,0.0
2010-02-25 00:00:00+08:00,6.799308225517905,6.875277994586265,6.685353364543727,6.704345703125,601072,0.0,0.0
2010-02-26 00:00:00+08:00,6.761322647211691,6.91326217441809,6.723337558038471,6.780315399169922,723576,0.0,0.0
2010-03-01 00:00:00+08:00,6.875276779789617,7.236134052276611,6.875276779789617,7.236134052276611,2509620,0.0,0.0
2010-03-02 00:00:00+08:00,7.19814918339396,7.274119360442611,7.103187084197998,7.103187084197998,1436849,0.0,0.0
2010-03-03 00:00:00+08:00,7.198150135413559,7.255127568364204,7.103188023658009,7.1791582107543945,1225043,0.0,0.0
2010-03-04 00:00:00+08:00,7.217143535614014,7.255128217819181,7.14117417120368,7.217143535614014,1095669,0.0,0.0
2010-03-05 00:00:00+08:00,7.293110943635755,7.7109456062316895,7.293110943635755,7.7109456062316895,9988107,0.0,0.0
2010-03-08 00:00:00+08:00,7.97684207544597,8.090796938538439,7.767924273452072,7.824902534484863,6827038,0.0,0.0
2010-03-09 00:00:00+08:00,7.82490175954422,7.900871107757857,7.634976730037181,7.786916255950928,1529586,0.0,0.0
2010-03-10 00:00:00+08:00,7.8249020487371865,7.881879476746425,7.653969764709473,7.653969764709473,1160928,0.0,0.0
2010-03-11 00:00:00+08:00,7.7109476836736475,8.014827595566409,7.672962176257954,7.748932361602783,2325291,0.0,0.0
2010-03-12 00:00:00+08:00,7.8249020487371865,7.8628867242478435,7.634977012210892,7.653969764709473,1353271,0.0,0.0
2010-03-15 00:00:00+08:00,7.71094673780255,7.862886260367836,7.672961235046387,7.672961235046387,1053308,0.0,0.0
2010-03-16 00:00:00+08:00,7.786914941622707,7.805907690213629,7.672960109049846,7.7109456062316895,791125,0.0,0.0
2010-03-17 00:00:00+08:00,7.862885544282556,8.223742810683538,7.748930705365023,8.204750061035156,4414734,0.0,0.0
2010-03-18 00:00:00+08:00,8.280720712046847,8.432660229617031,8.014826348927418,8.128780364990234,2572590,0.0,0.0
2010-03-19 00:00:00+08:00,8.280720712046847,8.280720712046847,8.071802942215612,8.128780364990234,1233057,0.0,0.0
2010-03-22 00:00:00+08:00,8.128780364990234,8.128780364990234,8.128780364990234,8.128780364990234,0,0.0,0.0
2010-03-23 00:00:00+08:00,8.242737142170572,8.337699249663613,7.824902376125422,7.881879806518555,1961213,0.0,0.0
2010-03-24 00:00:00+08:00,7.938856774848452,8.318706012198886,7.881879347771562,7.976841449737549,2358494,0.0,0.0
2010-03-25 00:00:00+08:00,8.052811448635484,8.223743726037615,7.97684127107238,8.014826774597168,2630980,0.0,0.0
2010-03-26 00:00:00+08:00,8.166766483156012,8.166766483156012,7.976841449737548,7.976841449737549,2023038,0.0,0.0
2010-03-29 00:00:00+08:00,8.05281163550758,8.09079631042736,7.900871276855469,7.900871276855469,920499,0.0,0.0
2010-03-30 00:00:00+08:00,8.128780796712116,8.223743726037615,8.014826774597168,8.014826774597168,2364218,0.0,0.0
2010-03-31 00:00:00+08:00,8.128779046995255,8.128779046995255,8.014825049408866,8.052809715270996,1085365,0.0,0.0
2010-04-01 00:00:00+08:00,7.976841449737548,8.128780978780425,7.976841449737548,7.976841449737549,1130016,0.0,0.0
2010-04-02 00:00:00+08:00,8.09079477164578,8.09079477164578,7.426058524799537,7.7109456062316895,2975595,0.0,0.0
2010-04-06 00:00:00+08:00,7.653968508099172,7.786915265302842,7.615983009338379,7.615983009338379,1348692,0.0,0.0
2010-04-07 00:00:00+08:00,7.672961235046387,7.767923332963884,7.615983810398597,7.672961235046387,1081930,0.0,0.0
2010-04-08 00:00:00+08:00,7.6349765617766785,7.729939489180632,7.596991888506971,7.672961235046387,858675,0.0,0.0
2010-04-09 00:00:00+08:00,7.748931233711255,7.7679231551681855,7.634976387023926,7.634976387023926,538103,0.0,0.0
2010-04-12 00:00:00+08:00,7.748931411072258,7.786916084341965,7.672961235046387,7.672961235046387,730446,0.0,0.0
2010-04-13 00:00:00+08:00,7.748931747689851,8.204751164673196,7.748931747689851,7.900871276855469,3400353,0.0,0.0
2010-04-14 00:00:00+08:00,8.128781451897769,8.128781451897769,7.843894299932107,7.881879806518555,1095669,0.0,0.0
2010-04-15 00:00:00+08:00,7.976840644061067,7.995833394330556,7.84389305114746,7.843893051147461,786546,0.0,0.0
2010-04-16 00:00:00+08:00,7.843893996951944,8.090796462280782,7.80590932131924,7.919864177703857,1285722,0.0,0.0
2010-04-19 00:00:00+08:00,7.7679225159224465,7.900870102612485,7.5969910894443515,7.615983009338379,728156,0.0,0.0
2010-04-20 00:00:00+08:00,7.824901587098129,7.862886260367836,7.6349765617766785,7.672961235046387,469409,0.0,0.0
2010-04-21 00:00:00+08:00,7.710947054975757,7.824901908958624,7.710947054975757,7.805909156799316,628550,0.0,0.0
2010-04-22 00:00:00+08:00,7.786916568759636,8.090796462280782,7.786916568759636,7.919864177703857,1323504,0.0,0.0
2010-04-23 00:00:00+08:00,8.014826324136815,8.090795667943711,7.824901305646717,7.957848072052002,1811231,0.0,0.0
2010-04-26 00:00:00+08:00,8.052811629002232,8.090796303891327,7.976841449737548,7.976841449737549,992628,0.0,0.0
2010-04-27 00:00:00+08:00,8.014826784140126,8.052811458223669,7.862886428833008,7.862886428833008,566725,0.0,0.0
2010-04-28 00:00:00+08:00,7.634975441354338,7.786914941622707,7.634975441354338,7.7109456062316895,578174,0.0,0.0
2010-04-29 00:00:00+08:00,7.786915629825401,7.957847893791579,7.786915629825401,7.843893051147461,506045,0.0,0.0
2010-04-30 00:00:00+08:00,7.938856436393707,7.938856436393707,7.6349765617766785,7.672961235046387,897601,0.0,0.0
2010-05-03 00:00:00+08:00,7.748931571145867,7.748931571145867,7.521021867846663,7.540013790130615,637709,0.0,0.0
2010-05-04 00:00:00+08:00,7.710946382694316,7.710946382694316,7.483035865112548,7.521021366119385,780821,0.0,0.0
2010-05-05 00:00:00+08:00,7.255126629834142,7.331096807102953,7.103187104782989,7.19814920425415,992628,0.0,0.0
2010-05-06 00:00:00+08:00,7.046209184835033,7.198148699225982,6.970239012896353,7.02721643447876,415598,0.0,0.0
2010-05-07 00:00:00+08:00,6.647367233758183,7.02721643447876,6.647367233758183,7.02721643447876,577029,0.0,0.0
2010-05-10 00:00:00+08:00,7.027215820649298,7.255125487070948,6.989231152741136,7.160163402557373,405294,0.0,0.0
2010-05-11 00:00:00+08:00,7.255126629834142,7.293112133211782,7.103187104782989,7.19814920425415,273631,0.0,0.0
2010-05-12 00:00:00+08:00,7.217140819162785,7.293110984465448,7.1411714833464615,7.160163402557373,381251,0.0,0.0
2010-05-13 00:00:00+08:00,7.293111472696327,7.331096143147339,7.217141302307908,7.236134052276611,532378,0.0,0.0
2010-05-14 00:00:00+08:00,7.3310972701825134,7.63497716896631,7.2741198410034595,7.596992492675781,1213594,0.0,0.0
2010-05-17 00:00:00+08:00,7.521021215393788,7.5969913863985585,7.483035715148203,7.502028465270996,502611,0.0,0.0
2010-05-18 00:00:00+08:00,7.748930898921698,7.748930898921698,7.407066373629834,7.502028465270996,362933,0.0,0.0
2010-05-19 00:00:00+08:00,7.502029737273409,7.559007167816162,7.407067629531,7.559007167816162,343470,0.0,0.0
2010-05-20 00:00:00+08:00,7.559005886152973,7.672960727916927,7.483035715148203,7.502028465270996,578174,0.0,0.0
2010-05-21 00:00:00+08:00,7.217141302307908,7.388073563567054,7.1791566318568965,7.236134052276611,718997,0.0,0.0
2010-05-24 00:00:00+08:00,7.33109647238621,7.407066646186442,7.255126298585978,7.369081974029541,336600,0.0,0.0
2010-05-25 00:00:00+08:00,7.350089199384793,7.350089199384793,7.103186757449122,7.1221795082092285,577029,0.0,0.0
2010-05-26 00:00:00+08:00,7.122180142769597,7.350089854251088,7.103187390317306,7.312105178833008,569015,0.0,0.0
2010-05-27 00:00:00+08:00,7.293112593891985,7.653969921854835,7.255127088114934,7.596992492675781,1167798,0.0,0.0
2010-05-28 00:00:00+08:00,7.672961404143999,7.862886433651038,7.653969481833827,7.786916255950928,1993270,0.0,0.0
2010-05-31 00:00:00+08:00,7.6771889864162715,7.698280649789022,7.424095913017018,7.635007381439209,949090,0.653038,1.07
2010-06-01 00:00:00+08:00,7.592823651440474,7.592823651440474,7.403003017110258,7.4240946769714355,600270,0.0,0.0
2010-06-02 00:00:00+08:00,7.4240946769714355,7.592823651440474,7.381912218133157,7.4240946769714355,413020,0.0,0.0
2010-06-03 00:00:00+08:00,7.635006977004889,7.635006977004889,7.445186321126229,7.466277122497559,319930,0.0,0.0
2010-06-04 00:00:00+08:00,7.466277122497559,7.550642049751223,7.403003857499396,7.466277122497559,241820,0.0,0.0
2010-06-07 00:00:00+08:00,7.3397297859191895,7.3397297859191895,7.192091179449666,7.3397297859191895,280340,0.0,0.0
2010-06-08 00:00:00+08:00,7.17099970099989,7.297547073580448,7.17099970099989,7.2342729568481445,209720,0.0,0.0
2010-06-09 00:00:00+08:00,7.234273015586503,7.592823477033958,7.107726072420477,7.19209098815918,847440,0.0,0.0
2010-06-10 00:00:00+08:00,7.276455248997899,7.276455248997899,7.002270142189004,7.128817081451416,376640,0.0,0.0
2010-06-11 00:00:00+08:00,7.171000938210557,7.255365867819718,7.171000938210557,7.213183403015137,167990,0.0,0.0
2010-06-14 00:00:00+08:00,7.381911776181578,7.381911776181578,7.276455204957479,7.297546863555908,199020,0.0,0.0
2010-06-15 00:00:00+08:00,7.297546863555908,7.297546863555908,7.170999494617404,7.297546863555908,90950,0.0,0.0
2010-06-17 00:00:00+08:00,7.318638585381697,7.42409516992161,7.318638585381697,7.381912708282471,280340,0.0,0.0
2010-06-18 00:00:00+08:00,7.381910816848218,7.424093267679134,7.255363464355469,7.255363464355469,98440,0.0,0.0
2010-06-21 00:00:00+08:00,7.339729319868743,7.381911776181578,7.255364407243073,7.297546863555908,276060,0.0,0.0
2010-06-22 00:00:00+08:00,7.339729319868743,7.360820117583148,7.276455204957479,7.297546863555908,182970,0.0,0.0
2010-06-23 00:00:00+08:00,7.297548128874402,7.677188579747548,7.297548128874402,7.466277122497559,587430,0.0,0.0
2010-06-24 00:00:00+08:00,7.5084584281234585,7.656096597605614,7.466275971002266,7.487367630004883,301740,0.0,0.0
2010-06-25 00:00:00+08:00,7.381913447155736,7.719371452277553,7.339730981294454,7.635007381439209,450470,0.0,0.0
2010-06-28 00:00:00+08:00,7.635007381439208,7.635007381439208,7.635007381439208,7.635007381439209,0,0.0,0.0
2010-06-29 00:00:00+08:00,7.529549226242034,7.550640885244651,7.445185172883689,7.487367630004883,195810,0.0,0.0
2010-06-30 00:00:00+08:00,7.487368618001725,7.529550219804957,7.360821229939567,7.403003692626953,162640,0.0,0.0
2010-07-01 00:00:00+08:00,7.403003692626953,7.592824344278114,7.403003692626953,7.403003692626953,310300,0.0,0.0
2010-07-02 00:00:00+08:00,7.403003857499396,7.677188579747548,7.403003857499396,7.466277122497559,430140,0.0,0.0
2010-07-05 00:00:00+08:00,7.4662771044985385,7.761553488290368,7.4662771044985385,7.508459568023682,363800,0.0,0.0
2010-07-06 00:00:00+08:00,7.508458601778702,7.592823517972275,7.487367803172338,7.550641059875488,80250,0.0,0.0
2010-07-07 00:00:00+08:00,7.339730574807281,7.550642031548825,7.339730574807281,7.508459568023682,102720,0.0,0.0
2010-07-08 00:00:00+08:00,7.592822756259072,7.592822756259072,7.445184598173433,7.529548645019531,214000,0.0,0.0
2010-07-09 00:00:00+08:00,7.52954864501953,7.5506403023940365,7.466275394663964,7.529548645019531,108070,0.0,0.0
2010-07-12 00:00:00+08:00,7.550642031548825,7.550642031548825,7.508459568023682,7.508459568023682,78110,0.0,0.0
2010-07-13 00:00:00+08:00,7.508459586124391,7.592824513378057,7.466277122497559,7.466277122497559,72760,0.0,0.0
2010-07-14 00:00:00+08:00,7.57173283286931,7.57173283286931,7.445186303178053,7.508459568023682,191530,0.0,0.0
2010-07-15 00:00:00+08:00,7.424095337300075,7.508459401596233,7.424095337300075,7.445186138153076,114490,0.0,0.0
2010-07-16 00:00:00+08:00,7.571730738144962,7.571730738144962,7.297546092411155,7.360819339752197,197950,0.0,0.0
2010-07-19 00:00:00+08:00,7.466276274925638,7.550641192602195,7.403003017110258,7.4240946769714355,97370,0.0,0.0
2010-07-20 00:00:00+08:00,7.550640885244651,7.550640885244651,7.466275971002266,7.487367630004883,118770,0.0,0.0
2010-07-21 00:00:00+08:00,7.508458733763917,7.592823651440474,7.4240946769714355,7.4240946769714355,98440,0.0,0.0
2010-07-22 00:00:00+08:00,7.4240953544127235,7.466276956215955,7.360821229939567,7.403003692626953,86670,0.0,0.0
2010-07-23 00:00:00+08:00,7.381910996121833,7.46627503894858,7.318636887896858,7.360819339752197,256800,0.0,0.0
2010-07-26 00:00:00+08:00,7.360819339752197,7.403001791607537,7.339728544266494,7.360819339752197,324210,0.0,0.0
2010-07-27 00:00:00+08:00,7.381910996121833,7.381910996121833,7.339728544266494,7.360819339752197,110210,0.0,0.0
2010-07-28 00:00:00+08:00,7.360820584972796,7.4240947039017735,7.3397297859191895,7.3397297859191895,206510,0.0,0.0
2010-07-29 00:00:00+08:00,7.445185030208818,7.445185030208818,7.297546863555908,7.297546863555908,170130,0.0,0.0
2010-07-30 00:00:00+08:00,7.318638585381697,7.381912708282471,7.318638585381697,7.381912708282471,119840,0.0,0.0
2010-08-02 00:00:00+08:00,7.4240947039017735,7.4240947039017735,7.297547326927897,7.3397297859191895,480430,0.0,0.0
2010-08-03 00:00:00+08:00,7.339729985248032,7.424094905521758,7.2975475251111686,7.318638324737549,241820,0.0,0.0
2010-08-04 00:00:00+08:00,7.381912445384895,7.381912445384895,7.318638324737549,7.318638324737549,303880,0.0,0.0
2010-08-05 00:00:00+08:00,7.3397297859191895,7.381912244910481,7.318638125981503,7.3397297859191895,187250,0.0,0.0
2010-08-06 00:00:00+08:00,7.339730429037951,7.403003692626953,7.318638767252181,7.403003692626953,92020,0.0,0.0
2010-08-09 00:00:00+08:00,7.381912891725337,7.466276956215955,7.381912891725337,7.403003692626953,239680,0.0,0.0
2010-08-10 00:00:00+08:00,7.466276956215955,7.466276956215955,7.381912891725337,7.403003692626953,184040,0.0,0.0
2010-08-11 00:00:00+08:00,7.403003692626953,7.4240953544127235,7.381912891725337,7.403003692626953,147660,0.0,0.0
2010-08-12 00:00:00+08:00,7.381913416406974,7.909192085266114,7.318639287436505,7.909192085266113,1098890,0.0,0.0
2010-08-13 00:00:00+08:00,8.183376114192871,8.394287541334855,8.141193656587664,8.2044677734375,5755530,0.0,0.0
2010-08-16 00:00:00+08:00,8.056829510508146,8.183376020998573,7.845917224884033,7.845917224884033,1130990,0.0,0.0
2010-08-17 00:00:00+08:00,7.845917224884033,7.972464596258501,7.824826426763643,7.845917224884033,538210,0.0,0.0
2010-08-18 00:00:00+08:00,7.930282139133678,7.930282139133678,7.824826426763643,7.845917224884033,348820,0.0,0.0
2010-08-19 00:00:00+08:00,7.9302826500385795,7.9302826500385795,7.761552810668945,7.761552810668945,333840,0.0,0.0
2010-08-20 00:00:00+08:00,7.761553103436326,7.845918026303405,7.635006580019836,7.740462303161621,448330,0.0,0.0
2010-08-23 00:00:00+08:00,7.740461853235456,7.761552652284227,7.656096935272217,7.656096935272217,316720,0.0,0.0
2010-08-24 00:00:00+08:00,7.656097578632585,7.782644966211527,7.635006777811504,7.7193708419799805,328490,0.0,0.0
2010-08-25 00:00:00+08:00,7.803734164700279,7.803734164700279,7.508457848529,7.529548645019531,367010,0.0,0.0
2010-08-26 00:00:00+08:00,7.5295500326932565,7.5295500326932565,7.381912708282471,7.381912708282471,219350,0.0,0.0
2010-08-27 00:00:00+08:00,7.381912244910481,7.44518550295538,7.318638125981503,7.3397297859191895,140170,0.0,0.0
2010-08-30 00:00:00+08:00,7.297547326927897,7.466276302008986,7.297547326927897,7.3397297859191895,98440,0.0,0.0
2010-08-31 00:00:00+08:00,7.318637931325204,7.339729590701908,7.128817301355153,7.19209098815918,414090,0.0,0.0
2010-09-01 00:00:00+08:00,7.192090929763317,7.297547073580448,7.192090929763317,7.2342729568481445,79180,0.0,0.0
2010-09-02 00:00:00+08:00,7.255363464355469,7.40300161182172,7.234271808498054,7.255363464355469,138030,0.0,0.0
2010-09-03 00:00:00+08:00,7.255364128632604,7.297546583325606,7.170999219246599,7.276454925537109,214000,0.0,0.0
2010-09-06 00:00:00+08:00,7.2975473004566,7.508458733763917,7.255364841618321,7.4240946769714355,202230,0.0,0.0
2010-09-07 00:00:00+08:00,7.4030030439640875,7.4030030439640875,7.297547326927897,7.3397297859191895,68480,0.0,0.0
2010-09-08 00:00:00+08:00,7.2975475251111686,7.318638324737549,7.255365064974305,7.318638324737549,74900,0.0,0.0
2010-09-09 00:00:00+08:00,7.297546583325606,7.297546583325606,7.255364128632604,7.276454925537109,41730,0.0,0.0
2010-09-10 00:00:00+08:00,7.297547073580448,7.297547073580448,7.2131821585267435,7.2342729568481445,75970,0.0,0.0
2010-09-13 00:00:00+08:00,7.234271808498054,7.27645425932897,7.213181013524552,7.255363464355469,133750,0.0,0.0
2010-09-14 00:00:00+08:00,7.255364616053596,7.255364616053596,7.2342729568481445,7.2342729568481445,129470,0.0,0.0
2010-09-15 00:00:00+08:00,7.2131821585267435,7.276455414374997,7.2131821585267435,7.2342729568481445,105930,0.0,0.0
2010-09-16 00:00:00+08:00,7.2342729568481445,7.255364616053596,7.192090929763317,7.2342729568481445,129470,0.0,0.0
2010-09-17 00:00:00+08:00,7.318636710159887,7.318636710159887,7.192089788109094,7.255363464355469,139100,0.0,0.0
2010-09-20 00:00:00+08:00,7.255365867819718,7.255365867819718,7.213183403015137,7.213183403015137,59920,0.0,0.0
2010-09-21 00:00:00+08:00,7.255364674963206,7.255364674963206,7.170999759224504,7.19209098815918,169060,0.0,0.0
2010-09-23 00:00:00+08:00,7.213182217093855,7.255364674963206,7.170999759224504,7.19209098815918,79180,0.0,0.0
2010-09-24 00:00:00+08:00,7.192091480225593,7.192091480225593,7.149909019470215,7.149909019470215,136960,0.0,0.0
2010-09-27 00:00:00+08:00,7.1710002498479035,7.213182710603282,7.149909019470215,7.149909019470215,102720,0.0,0.0
2010-09-28 00:00:00+08:00,7.149909019470215,7.149909019470215,7.0655445284015155,7.149909019470215,140170,0.0,0.0
2010-09-29 00:00:00+08:00,7.149909705808266,7.297548332624299,7.086636439043494,7.213183403015137,593850,0.0,0.0
2010-09-30 00:00:00+08:00,7.255365867819718,7.3186391345844894,7.213183403015137,7.213183403015137,145520,0.0,0.0
2010-10-01 00:00:00+08:00,7.213182217093855,7.234273015586503,7.170999759224504,7.19209098815918,71690,0.0,0.0
2010-10-04 00:00:00+08:00,7.192090766303629,7.276455248997899,7.128817081451416,7.128817081451416,53500,0.0,0.0
2010-10-05 00:00:00+08:00,7.086635618386778,7.107726417904582,7.002270698547363,7.002270698547363,255730,0.0,0.0
2010-10-06 00:00:00+08:00,7.023361928507216,7.107726417904582,7.002270698547363,7.002270698547363,93090,0.0,0.0
2010-10-07 00:00:00+08:00,7.002272152209445,7.0444546208861745,6.960089683532715,6.960089683532715,177620,0.0,0.0
2010-10-08 00:00:00+08:00,7.044453144073486,7.044453144073486,7.002270684239968,7.044453144073486,50290,0.0,0.0
2010-10-11 00:00:00+08:00,7.086636332824648,7.086636332824648,6.917906476135352,7.023362636566162,46010,0.0,0.0
2010-10-12 00:00:00+08:00,6.960088483500985,6.981179714202881,6.960088483500985,6.981179714202881,42800,0.0,0.0
2010-10-13 00:00:00+08:00,6.9600880211403995,6.9600880211403995,6.917905562538801,6.9389967918396,46010,0.0,0.0
2010-10-14 00:00:00+08:00,6.960088238627656,7.171000107784143,6.917905778707949,7.002270698547363,937320,0.0,0.0
2010-10-15 00:00:00+08:00,6.875721454620361,6.981177575828023,6.875721454620361,6.875721454620361,123050,0.0,0.0
2010-10-18 00:00:00+08:00,6.896815299987793,6.896815299987793,6.833542033658203,6.896815299987793,127330,0.0,0.0
2010-10-19 00:00:00+08:00,6.8335418701171875,6.917906366684987,6.8335418701171875,6.8335418701171875,93090,0.0,0.0
2010-10-20 00:00:00+08:00,6.8335418701171875,6.917906366684987,6.8335418701171875,6.8335418701171875,87740,0.0,0.0
2010-10-21 00:00:00+08:00,6.917903903103426,6.917903903103426,6.833539436579229,6.875721454620361,81320,0.0,0.0
2010-10-22 00:00:00+08:00,6.875723903180044,6.875723903180044,6.8335418701171875,6.8335418701171875,27820,0.0,0.0
2010-10-25 00:00:00+08:00,6.791357517242432,6.8968132162247064,6.791357517242432,6.791357517242432,50290,0.0,0.0
2010-10-26 00:00:00+08:00,6.875721990339858,6.875721990339858,6.791357517242432,6.791357517242432,51360,0.0,0.0
2010-10-27 00:00:00+08:00,6.875721990339858,6.875721990339858,6.791357517242432,6.791357517242432,24610,0.0,0.0
2010-10-28 00:00:00+08:00,6.8335399690121275,6.8335399690121275,6.7491754959147015,6.791357517242432,99510,0.0,0.0
2010-10-29 00:00:00+08:00,6.791357570210187,6.791357570210187,6.749175548553467,6.749175548553467,47080,0.0,0.0
2010-11-01 00:00:00+08:00,6.770266774602812,6.770266774602812,6.749175548553467,6.749175548553467,22470,0.0,0.0
2010-11-02 00:00:00+08:00,6.791358542535615,6.791358542535615,6.70699405670166,6.70699405670166,84530,0.0,0.0
2010-11-03 00:00:00+08:00,6.706993170538027,6.728084396820338,6.53826379072151,6.580446243286133,172270,0.0,0.0
2010-11-04 00:00:00+08:00,6.538264764756941,6.580447223605679,6.453899847059465,6.496082305908203,167990,0.0,0.0
2010-11-05 00:00:00+08:00,6.538263263614236,6.6648101806640625,6.538263263614236,6.6648101806640625,181900,0.0,0.0
2010-11-08 00:00:00+08:00,6.622629682454417,6.622629682454417,6.496082305908203,6.496082305908203,54,0.0,0.0
2010-11-09 00:00:00+08:00,6.39062730173938,6.474991798400879,6.369536069963484,6.474991798400879,48150,0.0,0.0
2010-11-10 00:00:00+08:00,6.453899451413442,6.453899451413442,6.369534969329834,6.369534969329834,72760,0.0,0.0
2010-11-11 00:00:00+08:00,6.411717425592643,6.411717425592643,6.369534969329834,6.369534969329834,53500,0.0,0.0
2010-11-12 00:00:00+08:00,6.369536152137794,6.390627384185791,6.369536152137794,6.390627384185791,19260,0.0,0.0
2010-11-15 00:00:00+08:00,6.3484437411984285,6.390626197461239,6.3484437411984285,6.369534969329834,12840,0.0,0.0
2010-11-16 00:00:00+08:00,6.390626662028481,6.474991150244974,6.369535432363847,6.411717891693115,29960,0.0,0.0
2010-11-17 00:00:00+08:00,6.411718533515276,6.496083030176775,6.411718533515276,6.474991798400879,17120,0.0,0.0
2010-11-18 00:00:00+08:00,6.45389936322435,6.538264274597168,6.45389936322435,6.538264274597168,43870,0.0,0.0
2010-11-19 00:00:00+08:00,6.580446730283577,6.580446730283577,6.538264274597168,6.538264274597168,28890,0.0,0.0
2010-11-22 00:00:00+08:00,6.453899123640408,6.5804464860018985,6.453899123640408,6.55935525894165,17120,0.0,0.0
2010-11-23 00:00:00+08:00,6.559355502440372,6.580446730283577,6.432808135381145,6.538264274597168,44940,0.0,0.0
2010-11-24 00:00:00+08:00,6.369535359804027,6.517173535332572,6.369535359804027,6.496082305908203,14980,0.0,0.0
2010-11-25 00:00:00+08:00,6.517174030297845,6.538265261324048,6.453900337219238,6.453900337219238,23540,0.0,0.0
2010-11-26 00:00:00+08:00,6.453900649887691,6.453900649887691,6.369536152137794,6.390627384185791,14980,0.0,0.0
2010-11-29 00:00:00+08:00,6.411717891693115,6.411717891693115,6.411717891693115,6.411717891693115,16050,0.0,0.0
2010-11-30 00:00:00+08:00,6.4117178186527655,6.580447223605679,6.4117178186527655,6.496082305908203,54570,0.0,0.0
2010-12-01 00:00:00+08:00,6.43280789658016,6.55935525894165,6.43280789658016,6.55935525894165,69550,0.0,0.0
2010-12-02 00:00:00+08:00,6.580446952748696,6.622629409861167,6.580446952748696,6.601538181304932,57780,0.0,0.0
2010-12-03 00:00:00+08:00,6.664811598563667,6.70699405670166,6.622629570867705,6.70699405670166,78110,0.0,0.0
2010-12-06 00:00:00+08:00,6.749176201434434,6.8124494552612305,6.706993745255228,6.8124494552612305,71690,0.0,0.0
2010-12-07 00:00:00+08:00,6.812448796259531,6.812448796259531,6.749175548553467,6.749175548553467,28890,0.0,0.0
2010-12-08 00:00:00+08:00,6.812449992472981,6.833541222225782,6.728085503903821,6.770267963409424,124120,0.0,0.0
2010-12-09 00:00:00+08:00,6.833541075777638,6.9389967918396,6.770267818317275,6.9389967918396,399110,0.0,0.0
2010-12-10 00:00:00+08:00,6.896815001262473,7.4240953544127235,6.896815001262473,7.403003692626953,1555780,0.0,0.0
2010-12-13 00:00:00+08:00,7.424095519754899,7.550642049751223,7.339730592501234,7.466277122497559,2468490,0.0,0.0
2010-12-14 00:00:00+08:00,7.466276939006078,7.508459401596233,7.339730412119765,7.445186138153076,1355690,0.0,0.0
2010-12-15 00:00:00+08:00,7.445185475948537,7.445185475948537,7.318638099433701,7.4240946769714355,717970,0.0,0.0
2010-12-16 00:00:00+08:00,7.403003692626953,7.445186155314339,7.213183040975792,7.403003692626953,851720,0.0,0.0
2010-12-17 00:00:00+08:00,7.424095519754899,7.466277122497559,7.297548128874402,7.466277122497559,509320,0.0,0.0
2010-12-20 00:00:00+08:00,7.4662767706766155,7.550641693954892,7.381912708282471,7.381912708282471,1397420,0.0,0.0
2010-12-21 00:00:00+08:00,7.466277267225121,7.635007125003139,7.424095663664807,7.571732997894287,2577630,0.0,0.0
2010-12-22 00:00:00+08:00,7.635005976069062,7.719370031378574,7.424094546469189,7.550641059875488,6383,0.0,0.0
2010-12-23 00:00:00+08:00,7.445185172883689,7.5084584281234585,7.339729460522727,7.487367630004883,1170580,0.0,0.0
2010-12-24 00:00:00+08:00,7.466276274925638,7.508458733763917,7.36082055827198,7.4240946769714355,696570,0.0,0.0
2010-12-27 00:00:00+08:00,7.466276274925638,7.635006110278753,7.403003017110258,7.4240946769714355,2898630,0.0,0.0
2010-12-28 00:00:00+08:00,7.4662767706766155,7.5084592323157535,7.339730246643333,7.381912708282471,743650,0.0,0.0
2010-12-29 00:00:00+08:00,7.381912445384895,7.381912445384895,7.192091374769011,7.318638324737549,608830,0.0,0.0
2010-12-30 00:00:00+08:00,7.339729319868743,7.445185030208818,7.255364407243073,7.297546863555908,1602860,0.0,0.0
2010-12-31 00:00:00+08:00,7.213182408945312,7.360820584972796,7.213182408945312,7.3397297859191895,303880,0.0,0.0
2011-01-03 00:00:00+08:00,7.36082161917784,7.36082161917784,7.149909725030022,7.171000957489014,358450,0.0,0.0
2011-01-04 00:00:00+08:00,7.360820389194555,7.360820389194555,7.149908530289828,7.19209098815918,264290,0.0,0.0
2011-01-05 00:00:00+08:00,7.276455864600686,7.508458964911382,7.213182604837442,7.318638324737549,686940,0.0,0.0
2011-01-06 00:00:00+08:00,7.255364546280341,7.487367630004882,7.255364546280341,7.487367630004883,428000,0.0,0.0
2011-01-07 00:00:00+08:00,7.529549532741018,7.6139144504175755,7.4240946769714355,7.4240946769714355,2284450,0.0,0.0
2011-01-10 00:00:00+08:00,7.466276956215955,7.508459418903342,7.403003692626953,7.403003692626953,663400,0.0,0.0
2011-01-11 00:00:00+08:00,7.4662767706766155,7.550641693954892,7.381912708282471,7.381912708282471,828180,0.0,0.0
2011-01-12 00:00:00+08:00,7.381912244910481,7.466276302008986,7.3397297859191895,7.3397297859191895,605620,0.0,0.0
2011-01-13 00:00:00+08:00,7.445184062652636,7.466274857626138,7.255363464355469,7.255363464355469,635580,0.0,0.0
2011-01-14 00:00:00+08:00,7.255363640555815,7.381910996121833,7.170998736845135,7.360819339752197,731880,0.0,0.0
2011-01-17 00:00:00+08:00,7.4240947039017735,7.466276302008986,7.3397297859191895,7.3397297859191895,543560,0.0,0.0
2011-01-18 00:00:00+08:00,7.339730246643333,7.381912708282471,7.255365323365055,7.381912708282471,256800,0.0,0.0
2011-01-19 00:00:00+08:00,7.424095466659482,7.592824459075928,7.234273951254208,7.592824459075928,1460550,0.0,0.0
2011-01-20 00:00:00+08:00,7.677188728563454,7.677188728563454,7.445186465444964,7.571732997894287,1945260,0.0,0.0
2011-01-21 00:00:00+08:00,7.550641192602195,7.550641192602195,7.4240946769714355,7.4240946769714355,237540,0.0,0.0
2011-01-24 00:00:00+08:00,7.4240946769714355,7.4240946769714355,7.2975473004566,7.4240946769714355,313510,0.0,0.0
2011-01-25 00:00:00+08:00,7.508459401596233,7.508459401596233,7.339730412119765,7.445186138153076,294250,0.0,0.0
2011-01-26 00:00:00+08:00,7.5084592323157535,7.571732494332395,7.381912708282471,7.381912708282471,2481330,0.0,0.0
2011-01-27 00:00:00+08:00,7.424094232494412,7.424094232494412,7.297546863555908,7.297546863555908,770400,0.0,0.0
2011-01-28 00:00:00+08:00,7.297547326927897,7.381912244910481,7.2553648679366045,7.3397297859191895,414090,0.0,0.0
2011-02-08 00:00:00+08:00,7.42409516992161,7.42409516992161,7.128817938447639,7.381912708282471,339190,0.0,0.0
2011-02-09 00:00:00+08:00,7.2764554734558535,7.318637931325204,7.19209098815918,7.19209098815918,170130,0.0,0.0
2011-02-10 00:00:00+08:00,7.192091480225593,7.234273510538913,7.149909019470215,7.149909019470215,127330,0.0,0.0
2011-02-11 00:00:00+08:00,7.149908877824289,7.192091337743996,7.002270698547363,7.002270698547363,269640,0.0,0.0
2011-02-14 00:00:00+08:00,7.086635654868904,7.318638324737549,7.065544424800473,7.318638324737549,403390,0.0,0.0
2011-02-15 00:00:00+08:00,7.466275827923223,7.508458284236058,7.297546863555908,7.297546863555908,2029790,0.0,0.0
2011-02-16 00:00:00+08:00,7.297546092411155,7.381910996121833,7.2342719841861785,7.360819339752197,813200,0.0,0.0
2011-02-17 00:00:00+08:00,7.339729038018609,7.381911492711612,7.2131816739396015,7.276454925537109,411950,0.0,0.0
2011-02-18 00:00:00+08:00,7.276455864600686,7.318638324737549,7.234273404463823,7.318638324737549,113420,0.0,0.0
2011-02-21 00:00:00+08:00,7.318638324737549,7.318638324737549,7.17100014470058,7.318638324737549,163710,0.0,0.0
2011-02-22 00:00:00+08:00,7.17100014470058,7.318638324737549,7.1077264544952845,7.318638324737549,181900,0.0,0.0
2011-02-23 00:00:00+08:00,7.318638272107255,7.318638272107255,7.044453144073486,7.044453144073486,217210,0.0,0.0
2011-02-24 00:00:00+08:00,7.149908472236464,7.2342729568481445,7.065543987624784,7.2342729568481445,478290,0.0,0.0
2011-02-25 00:00:00+08:00,7.234273510538913,7.234273510538913,7.128817789092525,7.149909019470215,195810,0.0,0.0
2011-03-01 00:00:00+08:00,7.255365171358661,7.424095014380174,7.149909019470215,7.149909019470215,3098720,0.0,0.0
2011-03-02 00:00:00+08:00,7.149908863215233,7.149908863215233,7.002270684239968,7.044453144073486,568170,0.0,0.0
2011-03-03 00:00:00+08:00,7.002270698547363,7.149908877824289,7.002270698547363,7.002270698547363,1247620,0.0,0.0
2011-03-04 00:00:00+08:00,7.086636390302849,7.086636390302849,6.896815299987793,6.896815299987793,852790,0.0,0.0
2011-03-07 00:00:00+08:00,6.960088830189928,6.960088830189928,6.8335418701171875,6.8335418701171875,192600,0.0,0.0
2011-03-08 00:00:00+08:00,6.8335399690121275,6.8968132162247064,6.791357517242432,6.791357517242432,209720,0.0,0.0
2011-03-09 00:00:00+08:00,6.833539436579229,6.8968126788618935,6.7913569880961635,6.875721454620361,155150,0.0,0.0
2011-03-10 00:00:00+08:00,6.812449771604611,6.833541000673608,6.70699405670166,6.70699405670166,153010,0.0,0.0
2011-03-11 00:00:00+08:00,6.6648101806640625,6.685901405246024,6.5804457127781575,6.6648101806640625,191530,0.0,0.0
2011-03-14 00:00:00+08:00,6.601538528232777,6.664811786784636,6.369535432363847,6.411717891693115,281410,0.0,0.0
2011-03-15 00:00:00+08:00,6.4117181387698485,6.453900169282566,5.9688035900708725,5.989894390106201,678380,0.0,0.0
2011-03-16 00:00:00+08:00,6.074259431695426,6.074259431695426,5.863347968704242,5.9477128982543945,197950,0.0,0.0
2011-03-17 00:00:00+08:00,5.989894010691004,5.989894010691004,5.821164608001709,5.821164608001709,142310,0.0,0.0
2011-03-18 00:00:00+08:00,5.863347197596392,6.137532321691213,5.863347197596392,6.010985374450684,104860,0.0,0.0
2011-03-21 00:00:00+08:00,6.11644052968028,6.158622985029193,6.032075618982454,6.137531757354736,101650,0.0,0.0
2011-03-22 00:00:00+08:00,6.179714389389874,6.200805187225342,6.158623161112391,6.200805187225342,70620,0.0,0.0
2011-03-23 00:00:00+08:00,6.200805725145781,6.200805725145781,6.1375324652663865,6.158623695373535,119840,0.0,0.0
2011-03-24 00:00:00+08:00,6.179715530542374,6.348444957477967,6.158624298370164,6.306262493133545,169060,0.0,0.0
2011-03-25 00:00:00+08:00,6.411718185180654,6.411718185180654,6.242988340140208,6.264079570770264,145520,0.0,0.0
2011-03-28 00:00:00+08:00,6.242987465285016,6.242987465285016,6.137531757354736,6.137531757354736,56710,0.0,0.0
2011-03-29 00:00:00+08:00,6.200805187225342,6.221896415502824,6.137531932834909,6.200805187225342,90950,0.0,0.0
2011-03-30 00:00:00+08:00,6.200805187225342,6.200805187225342,6.137531932834909,6.200805187225342,95230,0.0,0.0
2011-03-31 00:00:00+08:00,6.200805725145781,6.200805725145781,6.158623695373535,6.158623695373535,67410,0.0,0.0
2011-04-01 00:00:00+08:00,6.158623161112391,6.200805187225342,6.137531932834909,6.200805187225342,95230,0.0,0.0
2011-04-06 00:00:00+08:00,6.221896955252929,6.242988185360078,6.158623695373535,6.158623695373535,119840,0.0,0.0
2011-04-07 00:00:00+08:00,6.179714925480684,6.242988185360078,6.116441235159238,6.158623695373535,99510,0.0,0.0
2011-04-08 00:00:00+08:00,6.200806845002263,6.242989312834651,6.200806845002263,6.221898078918457,118770,0.0,0.0
2011-04-11 00:00:00+08:00,6.242988457399285,6.496082799271643,6.242988457399285,6.453900337219238,177620,0.0,0.0
2011-04-12 00:00:00+08:00,6.36953594017026,6.36953594017026,6.116441594458942,6.327353477478027,103790,0.0,0.0
2011-04-13 00:00:00+08:00,6.327352513067024,6.369534969329834,6.285170056804215,6.369534969329834,37450,0.0,0.0
2011-04-14 00:00:00+08:00,6.306261743369945,6.411717891693115,6.306261743369945,6.411717891693115,115560,0.0,0.0
2011-04-15 00:00:00+08:00,6.3695356156648755,6.432808876037598,6.285170694578506,6.432808876037598,126260,0.0,0.0
2011-04-18 00:00:00+08:00,6.411717425592643,6.411717425592643,6.306261284935619,6.369534969329834,99510,0.0,0.0
2011-04-19 00:00:00+08:00,6.264080275785213,6.306262741792912,6.221897809777514,6.2851715087890625,37450,0.0,0.0
2011-04-20 00:00:00+08:00,6.2851715087890625,6.348445207800611,6.2851715087890625,6.2851715087890625,62060,0.0,0.0
2011-04-21 00:00:00+08:00,6.369535843556499,6.47499156824544,6.306262150477893,6.453900337219238,167990,0.0,0.0
2011-04-22 00:00:00+08:00,6.453899847059465,6.496082305908203,6.369535359804027,6.496082305908203,103790,0.0,0.0
2011-04-25 00:00:00+08:00,6.496082379909607,6.496082379909607,6.369535432363847,6.411717891693115,60990,0.0,0.0
2011-04-26 00:00:00+08:00,6.390626662028481,6.411717891693115,6.327352973034579,6.411717891693115,114490,0.0,0.0
2011-04-27 00:00:00+08:00,6.453900337219238,6.453900337219238,6.369535843556499,6.453900337219238,143380,0.0,0.0
2011-04-28 00:00:00+08:00,6.369535692348021,6.432808953482493,6.34844446182251,6.34844446182251,151940,0.0,0.0
2011-04-29 00:00:00+08:00,6.327352973034579,6.411717891693115,6.306261743369945,6.411717891693115,69550,0.0,0.0
2011-05-03 00:00:00+08:00,6.369535013445203,6.369535013445203,6.200805187225342,6.200805187225342,111280,0.0,0.0
2011-05-04 00:00:00+08:00,6.158623620626017,6.3062617991421135,6.158623620626017,6.242988109588623,53500,0.0,0.0
2011-05-05 00:00:00+08:00,6.306262246131911,6.327353477478027,6.264079783439678,6.327353477478027,64200,0.0,0.0
2011-05-06 00:00:00+08:00,6.221897809777514,6.2851715087890625,6.221897809777514,6.2851715087890625,10700,0.0,0.0
2011-05-09 00:00:00+08:00,6.242989312834651,6.306263014583234,6.200806845002263,6.221898078918457,105930,0.0,0.0
2011-05-10 00:00:00+08:00,6.221896955252929,6.221896955252929,6.158623695373535,6.158623695373535,34240,0.0,0.0
2011-05-11 00:00:00+08:00,6.242987465285016,6.285169920633929,6.11644052968028,6.137531757354736,235400,0.0,0.0
2011-05-12 00:00:00+08:00,6.116441496511294,6.179715189536389,6.09535026550293,6.09535026550293,37450,0.0,0.0
2011-05-13 00:00:00+08:00,6.0953506640829636,6.116441896470502,5.9477128982543945,5.9477128982543945,80250,0.0,0.0
2011-05-16 00:00:00+08:00,5.968803882598877,6.074259179270009,5.968803882598877,5.968803882598877,162640,0.0,0.0
2011-05-17 00:00:00+08:00,5.989894219422714,5.989894219422714,5.9055297303592065,5.926620960235596,86670,0.0,0.0
2011-05-18 00:00:00+08:00,5.926620960235596,6.010985449299103,5.926620960235596,5.926620960235596,90950,0.0,0.0
2011-05-19 00:00:00+08:00,5.947712359593484,6.053167651096307,5.947712359593484,5.989894390106201,86670,0.0,0.0
2011-05-20 00:00:00+08:00,5.926621704780209,5.968804169832249,5.8422567746761285,5.863348007202148,197950,0.0,0.0
2011-05-23 00:00:00+08:00,5.863347066284541,5.905529524567372,5.821164608001709,5.821164608001709,87740,0.0,0.0
2011-05-24 00:00:00+08:00,5.88443996998167,5.905531205125092,5.821166264551401,5.842257499694824,31030,0.0,0.0
2011-05-25 00:00:00+08:00,5.8844380378723145,5.905529266090597,5.84225558143575,5.8844380378723145,28890,0.0,0.0
2011-05-26 00:00:00+08:00,5.968803419988372,6.032076248733444,5.9055297303592065,5.926620960235596,200090,0.0,0.0
2011-05-27 00:00:00+08:00,5.989894683667855,6.010985915178914,5.947712651087818,5.968803882598877,53500,0.0,0.0
2011-05-30 00:00:00+08:00,6.010985374450684,6.0531674032361655,5.989894144836922,6.010985374450684,79180,0.0,0.0
2011-05-31 00:00:00+08:00,6.0531678034861995,6.09535026550293,6.0531678034861995,6.09535026550293,140170,0.0,0.0
2011-06-01 00:00:00+08:00,6.116441249847412,6.13753248000521,6.095350019689615,6.116441249847412,135890,0.0,0.0
2011-06-02 00:00:00+08:00,6.137532727519659,6.137532727519659,6.0531678034861995,6.09535026550293,132680,0.0,0.0
2011-06-03 00:00:00+08:00,6.137532617431992,6.285170801400319,6.137532617431992,6.264079570770264,342400,0.0,0.0
2011-06-07 00:00:00+08:00,6.327353606411691,6.474991798400879,6.306262374635795,6.474991798400879,594920,0.0,0.0
2011-06-08 00:00:00+08:00,6.538264031881401,6.601537713062147,6.43280789658016,6.55935525894165,481500,0.0,0.0
2011-06-09 00:00:00+08:00,6.580448042175675,6.601539274223672,6.390627384185791,6.390627384185791,253590,0.0,0.0
2011-06-10 00:00:00+08:00,6.580447457613027,6.580447457613027,6.411718046659925,6.517173767089844,356310,0.0,0.0
2011-06-13 00:00:00+08:00,6.4328091061930355,6.453900337219238,6.3273533815040945,6.453900337219238,169060,0.0,0.0
2011-06-14 00:00:00+08:00,6.453900435112647,6.474991666458764,6.306262246131911,6.327353477478027,360590,0.0,0.0
2011-06-15 00:00:00+08:00,6.327353028993277,6.369535488695603,6.200805649886297,6.242988109588623,710480,0.0,0.0
2011-06-16 00:00:00+08:00,6.228328343035356,6.251396313784328,6.08992095852647,6.136056900024414,470000,0.3,1.07
2011-06-17 00:00:00+08:00,6.136056786690157,6.551278492562637,6.136056786690157,6.228328227996826,391000,0.0,0.0
2011-06-20 00:00:00+08:00,6.228328227996826,6.228328227996826,6.112988816367255,6.228328227996826,259000,0.0,0.0
2011-06-21 00:00:00+08:00,6.182192287351023,6.228328227996826,6.136056786690157,6.228328227996826,105000,0.0,0.0
2011-06-22 00:00:00+08:00,6.228328343035356,6.228328343035356,6.136056900024414,6.136056900024414,66000,0.0,0.0
2011-06-23 00:00:00+08:00,6.136058244481873,6.182193756103516,6.089922292875188,6.182193756103516,199000,0.0,0.0
2011-06-24 00:00:00+08:00,6.089920997619629,6.136056939413734,6.089920997619629,6.089920997619629,46000,0.0,0.0
2011-06-27 00:00:00+08:00,6.089921496039408,6.112989468824423,6.043785990454366,6.0668535232543945,92000,0.0,0.0
2011-06-28 00:00:00+08:00,6.089920630856305,6.112988600364098,5.997649192810059,5.997649192810059,81000,0.0,0.0
2011-06-29 00:00:00+08:00,6.112988563334092,6.112988563334092,6.0207171258467875,6.043785095214844,125000,0.0,0.0
2011-06-30 00:00:00+08:00,6.089920593966036,6.089920593966036,6.043785095214844,6.043785095214844,53000,0.0,0.0
2011-07-01 00:00:00+08:00,6.04378496992531,6.182191903294588,6.04378496992531,6.159124374389648,39000,0.0,0.0
2011-07-04 00:00:00+08:00,6.18219205125261,6.574346211810727,6.18219205125261,6.435938835144043,497000,0.0,0.0
2011-07-05 00:00:00+08:00,6.435938462778722,6.459006430886008,6.343667030334473,6.343667030334473,45000,0.0,0.0
2011-07-06 00:00:00+08:00,6.366735366803162,6.435938835144043,6.320599427919293,6.435938835144043,43000,0.0,0.0
2011-07-07 00:00:00+08:00,6.459006897483952,6.5051428370313795,6.3436674886003095,6.366735458374023,50000,0.0,0.0
2011-07-08 00:00:00+08:00,6.320600986480713,6.4359404221463645,6.297533011350576,6.320600986480713,104000,0.0,0.0
2011-07-11 00:00:00+08:00,6.366736054995375,6.366736054995375,6.2744646072387695,6.2744646072387695,43000,0.0,0.0
2011-07-12 00:00:00+08:00,6.205259872184437,6.228327841074288,6.136056405499799,6.159124374389648,74000,0.0,0.0
2011-07-13 00:00:00+08:00,6.159124870773386,6.182192401537412,6.136056900024414,6.136056900024414,58000,0.0,0.0
2011-07-14 00:00:00+08:00,6.182192068902553,6.228328007918138,5.997649192810059,5.997649192810059,148000,0.0,0.0
2011-07-15 00:00:00+08:00,6.089920997619629,6.089920997619629,6.02071752491342,6.089920997619629,50000,0.0,0.0
2011-07-18 00:00:00+08:00,6.066852661348513,6.066852661348513,5.997649192810059,5.997649192810059,120000,0.0,0.0
2011-07-19 00:00:00+08:00,5.997649192810059,6.0437851318256435,5.974581223302266,5.997649192810059,52000,0.0,0.0
2011-07-20 00:00:00+08:00,6.089921094658531,6.136057037187783,6.020717620849609,6.020717620849609,60000,0.0,0.0
2011-07-21 00:00:00+08:00,6.020717620849609,6.043785592114236,5.997649649584984,6.020717620849609,39000,0.0,0.0
2011-07-22 00:00:00+08:00,6.066853123393905,6.066853123393905,6.020717620849609,6.020717620849609,36000,0.0,0.0
2011-07-25 00:00:00+08:00,6.043785495810472,6.089920997619629,5.997649554016367,6.089920997619629,44000,0.0,0.0
2011-07-26 00:00:00+08:00,6.066852661348513,6.066852661348513,5.997649192810059,5.997649192810059,17000,0.0,0.0
2011-07-27 00:00:00+08:00,5.997649192810059,6.066852661348513,5.997649192810059,5.997649192810059,55000,0.0,0.0
2011-07-28 00:00:00+08:00,5.997650044884339,6.0668535232543945,5.9745820720993255,6.0668535232543945,72000,0.0,0.0
2011-07-29 00:00:00+08:00,6.251396353914049,6.251396353914049,6.066853026722576,6.089920997619629,144000,0.0,0.0
2011-08-01 00:00:00+08:00,6.1591245020702035,6.1591245020702035,6.0207171258467875,6.043785095214844,59000,0.0,0.0
2011-08-02 00:00:00+08:00,6.0437851318256435,6.0437851318256435,5.997649192810059,5.997649192810059,50000,0.0,0.0
2011-08-03 00:00:00+08:00,5.974582345321827,5.974582345321827,5.582428549983023,5.859242916107178,375000,0.0,0.0
2011-08-04 00:00:00+08:00,5.790038762227076,5.859242235725884,5.628563404083252,5.628563404083252,84000,0.0,0.0
2011-08-05 00:00:00+08:00,5.259477060869611,5.628563270751764,5.259477060869611,5.351748943328857,267000,0.0,0.0
2011-08-08 00:00:00+08:00,5.305612417102852,5.305612417102852,5.005730152130127,5.005730152130127,186000,0.0,0.0
2011-08-09 00:00:00+08:00,4.659712652873142,4.8442555452704115,4.659712652873142,4.775052070617676,671000,0.0,0.0
2011-08-10 00:00:00+08:00,4.936526737050844,5.028798178494002,4.86732326596471,4.982662677764893,121000,0.0,0.0
2011-08-11 00:00:00+08:00,4.84425540800795,4.8903913497924805,4.84425540800795,4.8903913497924805,13000,0.0,0.0
2011-08-12 00:00:00+08:00,5.005730648121917,5.051866148851027,4.936526737050844,4.982662677764893,50000,0.0,0.0
2011-08-15 00:00:00+08:00,4.9826635026920485,5.121070907763913,4.9826635026920485,5.074934959411621,23000,0.0,0.0
2011-08-16 00:00:00+08:00,5.121070907763913,5.121070907763913,5.005731476868195,5.074934959411621,40000,0.0,0.0
2011-08-17 00:00:00+08:00,4.9826629940367075,5.121070384979248,4.9826629940367075,5.121070384979248,50000,0.0,0.0
2011-08-18 00:00:00+08:00,5.1210700599221,5.1210700599221,4.982662677764893,4.982662677764893,28000,0.0,0.0
2011-08-19 00:00:00+08:00,4.890391551786085,4.890391551786085,4.705848217010498,4.705848217010498,115000,0.0,0.0
2011-08-22 00:00:00+08:00,4.705848080295774,4.821187496185303,4.682780109120877,4.821187496185303,60000,0.0,0.0
2011-08-23 00:00:00+08:00,4.821187496185303,4.844255467360199,4.798119525010406,4.821187496185303,41000,0.0,0.0
2011-08-24 00:00:00+08:00,4.844255467360199,4.844255467360199,4.72891605147067,4.821187496185303,72000,0.0,0.0
2011-08-25 00:00:00+08:00,4.751983642578125,4.775051611908027,4.751983642578125,4.751983642578125,28000,0.0,0.0
2011-08-26 00:00:00+08:00,4.798119602178613,4.798119602178613,4.728916127525878,4.775052070617676,27000,0.0,0.0
2011-08-29 00:00:00+08:00,4.775052013696948,4.79811954498291,4.775052013696948,4.79811954498291,30000,0.0,0.0
2011-08-30 00:00:00+08:00,4.798118945364817,4.982662252484942,4.751983448573462,4.913458347320557,96000,0.0,0.0
2011-08-31 00:00:00+08:00,4.84425540800795,4.8903913497924805,4.798119466223418,4.8903913497924805,22000,0.0,0.0
2011-09-01 00:00:00+08:00,4.8903913497924805,4.936526851592063,4.84425540800795,4.8903913497924805,54000,0.0,0.0
2011-09-02 00:00:00+08:00,4.798119977523952,4.867323897575305,4.798119977523952,4.8442559242248535,30000,0.0,0.0
2011-09-05 00:00:00+08:00,4.751983642578125,4.775051611908027,4.751983642578125,4.751983642578125,102000,0.0,0.0
2011-09-06 00:00:00+08:00,4.751983642578125,5.051865923912094,4.751983642578125,4.751983642578125,162000,0.0,0.0
2011-09-07 00:00:00+08:00,4.913459138734828,5.05186653137207,4.890391606616097,5.05186653137207,174000,0.0,0.0
2011-09-08 00:00:00+08:00,5.05186667603358,5.05186667603358,4.936527252197266,4.936527252197266,19000,0.0,0.0
2011-09-09 00:00:00+08:00,4.936526663268469,5.07493404335701,4.936526663268469,5.0287981033325195,66000,0.0,0.0
2011-09-13 00:00:00+08:00,5.028798559268368,5.074934503475773,5.028798559268368,5.05186653137207,77000,0.0,0.0
2011-09-14 00:00:00+08:00,5.051865717664425,5.051865717664425,4.913458347320557,4.913458347320557,74000,0.0,0.0
2011-09-15 00:00:00+08:00,4.798119855596691,4.982663197725786,4.798119855596691,4.936527252197266,38000,0.0,0.0
2011-09-16 00:00:00+08:00,4.959594215987448,5.028797680216571,4.936526247916109,5.005730152130127,41000,0.0,0.0
2011-09-19 00:00:00+08:00,5.005730648121917,5.005730648121917,4.982662677764893,4.982662677764893,10000,0.0,0.0
2011-09-20 00:00:00+08:00,4.9826626970086165,4.9826626970086165,4.936526756116384,4.9595947265625,12000,0.0,0.0
2011-09-21 00:00:00+08:00,4.959594215987448,5.028797680216571,4.959594215987448,5.005730152130127,38000,0.0,0.0
2011-09-22 00:00:00+08:00,5.00573076426886,5.00573076426886,4.8903913497924805,4.8903913497924805,45000,0.0,0.0
2011-09-23 00:00:00+08:00,4.821187950874402,4.936527377641661,4.798119977523952,4.8442559242248535,63000,0.0,0.0
2011-09-26 00:00:00+08:00,4.798118762863061,4.798118762863061,4.659711837768555,4.659711837768555,192000,0.0,0.0
2011-09-27 00:00:00+08:00,4.6135759027471295,4.75198326782652,4.6135759027471295,4.659711837768555,33000,0.0,0.0
2011-09-28 00:00:00+08:00,4.659711870711362,4.705847366074067,4.6135759353637695,4.6135759353637695,23000,0.0,0.0
2011-09-29 00:00:00+08:00,4.636644761899559,4.6827802658081055,4.613576789952801,4.6827802658081055,56000,0.0,0.0
2011-09-30 00:00:00+08:00,4.728916209701621,4.751984181648379,4.6827802658081055,4.6827802658081055,13000,0.0,0.0
2011-10-03 00:00:00+08:00,4.682781308092091,4.705849285173272,4.636645793914795,4.636645793914795,30000,0.0,0.0
2011-10-04 00:00:00+08:00,4.313694228520996,4.613576526766864,4.313694228520996,4.521305084228516,72000,0.0,0.0
2011-10-05 00:00:00+08:00,4.521305064898707,4.544373035430908,4.521305064898707,4.544373035430908,34000,0.0,0.0
2011-10-06 00:00:00+08:00,4.544372979532627,4.613576450293047,4.544372979532627,4.567440509796143,27000,0.0,0.0
2011-10-07 00:00:00+08:00,4.567441266542141,4.844256075417123,4.567441266542141,4.728916645050049,38000,0.0,0.0
2011-10-11 00:00:00+08:00,4.821187110582912,4.821187110582912,4.751983642578125,4.751983642578125,36000,0.0,0.0
2011-10-12 00:00:00+08:00,4.728915673248223,4.751983642578125,4.705847703918321,4.751983642578125,8000,0.0,0.0
2011-10-13 00:00:00+08:00,4.682779543409077,4.913458347320557,4.682779543409077,4.913458347320557,19000,0.0,0.0
2011-10-14 00:00:00+08:00,4.77505141696159,4.913458347320557,4.751983448573462,4.913458347320557,11000,0.0,0.0
2011-10-17 00:00:00+08:00,4.8903913497924805,4.8903913497924805,4.798119466223418,4.8903913497924805,36000,0.0,0.0
2011-10-18 00:00:00+08:00,4.890391430066585,4.890391430066585,4.79811954498291,4.79811954498291,13000,0.0,0.0
2011-10-19 00:00:00+08:00,4.798119466223418,4.913458880699798,4.798119466223418,4.8903913497924805,17000,0.0,0.0
2011-10-20 00:00:00+08:00,4.890391430066585,4.890391430066585,4.79811954498291,4.79811954498291,2000,0.0,0.0
2011-10-21 00:00:00+08:00,4.79811954498291,4.79811954498291,4.79811954498291,4.79811954498291,12000,0.0,0.0
2011-10-24 00:00:00+08:00,4.465942453782691,4.798119664405808,4.465942453782691,4.705848217010498,29000,0.0,0.0
2011-10-25 00:00:00+08:00,4.705848217010498,4.751984160700636,4.659712713305327,4.705848217010498,55000,0.0,0.0
2011-10-26 00:00:00+08:00,4.705848217010498,4.705848217010498,4.659712713305327,4.705848217010498,26000,0.0,0.0
2011-10-27 00:00:00+08:00,4.705848217010498,4.705848217010498,4.705848217010498,4.705848217010498,1000,0.0,0.0
2011-10-28 00:00:00+08:00,4.798119602178613,4.798119602178613,4.751984099071777,4.775052070617676,20000,0.0,0.0
2011-10-31 00:00:00+08:00,4.798119015575882,4.86732292175293,4.798119015575882,4.86732292175293,42000,0.0,0.0
2011-11-01 00:00:00+08:00,5.028798197915908,5.028798197915908,4.890391255209092,4.9595947265625,32000,0.0,0.0
2011-11-02 00:00:00+08:00,4.913458785670268,4.9595947265625,4.821187343870744,4.9595947265625,25000,0.0,0.0
2011-11-03 00:00:00+08:00,5.121070594326359,5.121070594326359,4.936527252197266,4.936527252197266,33000,0.0,0.0
2011-11-04 00:00:00+08:00,4.936526737050844,4.982662677764893,4.936526737050844,4.982662677764893,46000,0.0,0.0
2011-11-07 00:00:00+08:00,4.982662677764893,5.005730648121917,4.982662677764893,4.982662677764893,16000,0.0,0.0
2011-11-08 00:00:00+08:00,4.982662677764893,5.051866148851027,4.982662677764893,4.982662677764893,20000,0.0,0.0
2011-11-09 00:00:00+08:00,5.051866073344765,5.144137513408815,5.0287981033325195,5.0287981033325195,107000,0.0,0.0
2011-11-10 00:00:00+08:00,4.982662184058788,5.005730152130127,4.91345827984477,5.005730152130127,126000,0.0,0.0
2011-11-11 00:00:00+08:00,5.005731027149638,5.05186653137207,4.890391606616097,5.05186653137207,64000,0.0,0.0
2011-11-14 00:00:00+08:00,5.005730393434239,5.236409205297846,5.005730393434239,5.213341236114502,230000,0.0,0.0
2011-11-15 00:00:00+08:00,5.28254582322153,5.28254582322153,5.098002910614014,5.098002910614014,82000,0.0,0.0
2011-11-16 00:00:00+08:00,5.098002933587767,5.098002933587767,4.9826635026920485,5.074934959411621,35000,0.0,0.0
2011-11-17 00:00:00+08:00,5.028798178494002,5.028798178494002,4.982662677764893,4.982662677764893,8000,0.0,0.0
2011-11-18 00:00:00+08:00,4.9365263879450705,4.9826623253964355,4.86732292175293,4.86732292175293,30000,0.0,0.0
2011-11-21 00:00:00+08:00,4.844256707675294,4.8673246847564755,4.636645793914795,4.636645793914795,95000,0.0,0.0
2011-11-22 00:00:00+08:00,4.705847366074067,4.705847366074067,4.567440000016177,4.6135759353637695,22000,0.0,0.0
2011-11-23 00:00:00+08:00,4.613576431151278,4.613576431151278,4.590508460998535,4.590508460998535,97000,0.0,0.0
2011-11-24 00:00:00+08:00,4.405965075120486,4.659711837768555,4.405965075120486,4.659711837768555,83000,0.0,0.0
2011-11-25 00:00:00+08:00,4.6135759353637695,4.6135759353637695,4.6135759353637695,4.6135759353637695,12000,0.0,0.0
2011-11-28 00:00:00+08:00,4.6135759353637695,4.6135759353637695,4.6135759353637695,4.6135759353637695,22000,0.0,0.0
2011-11-29 00:00:00+08:00,4.75198326782652,4.75198326782652,4.659711837768555,4.659711837768555,25000,0.0,0.0
2011-11-30 00:00:00+08:00,4.636643903037566,4.636643903037566,4.6135759353637695,4.6135759353637695,9000,0.0,0.0
2011-12-01 00:00:00+08:00,4.659712733846317,4.8442556294504415,4.659712733846317,4.6827802658081055,21000,0.0,0.0
2011-12-02 00:00:00+08:00,4.659712713305327,4.705848217010498,4.659712713305327,4.705848217010498,12000,0.0,0.0
2011-12-05 00:00:00+08:00,4.728915673248223,4.751983642578125,4.728915673248223,4.751983642578125,3000,0.0,0.0
2011-12-06 00:00:00+08:00,4.798119525010406,4.867323438535096,4.705848080295774,4.821187496185303,44000,0.0,0.0
2011-12-07 00:00:00+08:00,4.705848670979632,4.821188101346706,4.705848670979632,4.728916645050049,23000,0.0,0.0
2011-12-08 00:00:00+08:00,4.751984160700636,4.751984160700636,4.705848217010498,4.705848217010498,33000,0.0,0.0
2011-12-09 00:00:00+08:00,4.705848217010498,4.705848217010498,4.705848217010498,4.705848217010498,7000,0.0,0.0
2011-12-12 00:00:00+08:00,4.705848217010498,4.705848217010498,4.705848217010498,4.705848217010498,6000,0.0,0.0
2011-12-13 00:00:00+08:00,4.659711837768555,4.659711837768555,4.659711837768555,4.659711837768555,16000,0.0,0.0
2011-12-14 00:00:00+08:00,4.613576789952801,4.6827802658081055,4.613576789952801,4.6827802658081055,13000,0.0,0.0
2011-12-15 00:00:00+08:00,4.6827802658081055,4.6827802658081055,4.636644761899559,4.6827802658081055,67000,0.0,0.0
2011-12-16 00:00:00+08:00,4.798118762863061,4.798118762863061,4.659711837768555,4.659711837768555,30000,0.0,0.0
2011-12-19 00:00:00+08:00,4.659712448106973,4.705847949186433,4.544373035430908,4.544373035430908,71000,0.0,0.0
2011-12-20 00:00:00+08:00,4.521304504653472,4.659711870711362,4.521304504653472,4.6135759353637695,45000,0.0,0.0
2011-12-21 00:00:00+08:00,4.751984181648379,4.798119685556926,4.6827802658081055,4.6827802658081055,55000,0.0,0.0
2011-12-22 00:00:00+08:00,4.751984160700636,4.751984160700636,4.682780245165429,4.705848217010498,18000,0.0,0.0
2011-12-23 00:00:00+08:00,4.705848670979632,4.775052593190883,4.682780696909215,4.728916645050049,53000,0.0,0.0
2011-12-26 00:00:00+08:00,4.659712733846317,4.6827802658081055,4.636644761899559,4.6827802658081055,40000,0.0,0.0
2011-12-27 00:00:00+08:00,4.659712652873142,4.775052070617676,4.659712652873142,4.775052070617676,31000,0.0,0.0
2011-12-28 00:00:00+08:00,4.775052444158497,4.867323897575305,4.682780550756694,4.8442559242248535,104000,0.0,0.0
2011-12-29 00:00:00+08:00,4.79812012727629,4.844256075417123,4.728916645050049,4.728916645050049,35000,0.0,0.0
2011-12-30 00:00:00+08:00,4.821188101346706,4.844256075417123,4.705848670979632,4.728916645050049,89000,0.0,0.0
2012-01-02 00:00:00+08:00,4.751984619120465,4.751984619120465,4.728916645050049,4.728916645050049,19000,0.0,0.0
2012-01-03 00:00:00+08:00,4.728915673248223,4.79811914125301,4.728915673248223,4.751983642578125,6000,0.0,0.0
2012-01-04 00:00:00+08:00,4.751984619120465,4.751984619120465,4.728916645050049,4.728916645050049,13000,0.0,0.0
2012-01-05 00:00:00+08:00,4.728916127525878,4.8211875737245125,4.728916127525878,4.775052070617676,11000,0.0,0.0
2012-01-06 00:00:00+08:00,4.775052444158497,4.8442559242248535,4.728916497457595,4.8442559242248535,85000,0.0,0.0
2012-01-09 00:00:00+08:00,4.844255079912814,4.844255079912814,4.751983642578125,4.751983642578125,26000,0.0,0.0
2012-01-10 00:00:00+08:00,4.751984099071777,4.775052070617676,4.751984099071777,4.775052070617676,59000,0.0,0.0
2012-01-11 00:00:00+08:00,4.84425540800795,4.8903913497924805,4.751983964423835,4.8903913497924805,59000,0.0,0.0
2012-01-12 00:00:00+08:00,4.775052322817416,4.936527252197266,4.7519843500531564,4.936527252197266,97000,0.0,0.0
2012-01-13 00:00:00+08:00,4.959594883249728,4.982662854424624,4.821187496185303,4.821187496185303,134000,0.0,0.0
2012-01-16 00:00:00+08:00,4.844255467360199,4.936526912074831,4.821187496185303,4.821187496185303,22000,0.0,0.0
2012-01-17 00:00:00+08:00,4.821186984301565,4.86732292175293,4.775051486835107,4.86732292175293,40000,0.0,0.0
2012-01-18 00:00:00+08:00,4.86732292175293,4.9365263879450705,4.844254953027247,4.86732292175293,47000,0.0,0.0
2012-01-30 00:00:00+08:00,4.751984470808046,4.982663324342563,4.751984470808046,4.8442559242248535,63000,0.0,0.0
2012-01-31 00:00:00+08:00,4.867323773889471,4.936527252197266,4.867323773889471,4.936527252197266,33000,0.0,0.0
2012-02-01 00:00:00+08:00,4.982662918735721,5.167205810546875,4.936526975790453,5.167205810546875,98000,0.0,0.0
2012-02-02 00:00:00+08:00,5.213341636593474,5.282545109474668,5.190273665638093,5.259477138519287,90000,0.0,0.0
2012-02-03 00:00:00+08:00,5.167205297747814,5.305612672862962,5.167205297747814,5.213341236114502,74000,0.0,0.0
2012-02-06 00:00:00+08:00,5.444021294767518,5.490156803715241,5.3286818624206855,5.374817371368408,57000,0.0,0.0
2012-02-07 00:00:00+08:00,5.351749441726709,5.397884947267897,5.328681468963623,5.328681468963623,27000,0.0,0.0
2012-02-08 00:00:00+08:00,5.3517498368870555,5.397885345834778,5.3517498368870555,5.374817371368408,105000,0.0,0.0
2012-02-09 00:00:00+08:00,5.37481734820385,5.397885322570801,5.351749813821914,5.397885322570801,34000,0.0,0.0
2012-02-10 00:00:00+08:00,5.397885345834778,5.397885345834778,5.3056138879543155,5.374817371368408,55000,0.0,0.0
2012-02-13 00:00:00+08:00,5.3286818624206855,5.397885345834778,5.3056138879543155,5.374817371368408,116000,0.0,0.0
2012-02-14 00:00:00+08:00,5.37481734820385,5.4440212713047025,5.351749813821914,5.397885322570801,119000,0.0,0.0
2012-02-15 00:00:00+08:00,5.420951692062514,5.582427024841309,5.420951692062514,5.582427024841309,182000,0.0,0.0
2012-02-16 00:00:00+08:00,5.536291910013965,5.651631324805923,5.259477138519287,5.259477138519287,167000,0.0,0.0
2012-02-17 00:00:00+08:00,5.3978844445735366,5.490155887047838,5.351748943328857,5.351748943328857,151000,0.0,0.0
2012-02-20 00:00:00+08:00,5.3517492790170476,5.46708869934082,5.3517492790170476,5.46708869934082,68000,0.0,0.0
2012-02-21 00:00:00+08:00,5.397885195237067,5.490156650543213,5.37481722141428,5.490156650543213,58000,0.0,0.0
2012-02-22 00:00:00+08:00,5.490156231417598,5.536292175541096,5.444020727279072,5.46708869934082,33000,0.0,0.0
2012-02-23 00:00:00+08:00,5.46708869934082,5.46708869934082,5.46708869934082,5.46708869934082,15000,0.0,0.0
2012-02-24 00:00:00+08:00,5.444020769175311,5.444020769175311,5.397884824696759,5.420952796936035,27000,0.0,0.0
2012-02-29 00:00:00+08:00,5.467089094274326,5.5132246017456055,5.420953146818044,5.5132246017456055,15000,0.0,0.0
2012-03-01 00:00:00+08:00,5.536292575473746,5.536292575473746,5.444021120546185,5.5132246017456055,26000,0.0,0.0
2012-03-02 00:00:00+08:00,5.46708869934082,5.490156231417598,5.444020727279072,5.46708869934082,48000,0.0,0.0
2012-03-05 00:00:00+08:00,5.628563645369572,5.628563645369572,5.444020748138428,5.444020748138428,23000,0.0,0.0
2012-03-06 00:00:00+08:00,5.490156273668888,5.490156273668888,5.374816852457483,5.420952796936035,29000,0.0,0.0
2012-03-07 00:00:00+08:00,5.37481734820385,5.4440212713047025,5.328681839454963,5.397885322570801,52000,0.0,0.0
2012-03-08 00:00:00+08:00,5.420952415188348,5.420952415188348,5.351748943328857,5.351748943328857,33000,0.0,0.0
2012-03-09 00:00:00+08:00,5.3978848038381555,5.444020748138428,5.351749299522855,5.444020748138428,34000,0.0,0.0
2012-03-12 00:00:00+08:00,5.444020748138428,5.444020748138428,5.420952775988291,5.444020748138428,19000,0.0,0.0
2012-03-13 00:00:00+08:00,5.4440212713047025,5.4440212713047025,5.397885322570801,5.397885322570801,20000,0.0,0.0
2012-03-14 00:00:00+08:00,5.536292752647981,5.536292752647981,5.3517498368870555,5.374817371368408,34000,0.0,0.0
2012-03-15 00:00:00+08:00,5.3978848038381555,5.444020748138428,5.3978848038381555,5.444020748138428,31000,0.0,0.0
2012-03-16 00:00:00+08:00,5.467088720288564,5.467088720288564,5.374816831688019,5.444020748138428,45000,0.0,0.0
2012-03-19 00:00:00+08:00,5.420952796936035,5.420952796936035,5.420952796936035,5.420952796936035,2000,0.0,0.0
2012-03-20 00:00:00+08:00,5.374816831688019,5.444020748138428,5.351749299522855,5.444020748138428,17000,0.0,0.0
2012-03-21 00:00:00+08:00,5.467088720288564,5.467088720288564,5.351749299522855,5.444020748138428,17000,0.0,0.0
2012-03-22 00:00:00+08:00,5.444020748138428,5.444020748138428,5.3978848038381555,5.444020748138428,33000,0.0,0.0
2012-03-23 00:00:00+08:00,5.444020769175311,5.444020769175311,5.351749320203182,5.420952796936035,18000,0.0,0.0
2012-03-26 00:00:00+08:00,5.420952775988291,5.444020748138428,5.420952775988291,5.444020748138428,23000,0.0,0.0
2012-03-27 00:00:00+08:00,5.444020748138428,5.467088720288564,5.3978848038381555,5.444020748138428,41000,0.0,0.0
2012-03-28 00:00:00+08:00,5.467089245671653,5.467089245671653,5.397885322570801,5.397885322570801,11000,0.0,0.0
2012-03-29 00:00:00+08:00,5.444021893470008,5.467089870473264,5.305614471435547,5.305614471435547,71000,0.0,0.0
2012-03-30 00:00:00+08:00,5.3056138879543155,5.490156803715241,5.3056138879543155,5.374817371368408,55000,0.0,0.0
2012-04-02 00:00:00+08:00,5.467088741414587,5.490156273668888,5.397884824696759,5.420952796936035,92000,0.0,0.0
2012-04-03 00:00:00+08:00,5.351748943328857,5.444020385803159,5.305613002099234,5.351748943328857,71000,0.0,0.0
2012-04-05 00:00:00+08:00,5.305613539510228,5.305613539510228,5.213342087689656,5.282545566558838,61000,0.0,0.0
2012-04-06 00:00:00+08:00,5.3517498368870555,5.397885345834778,5.259477939021576,5.374817371368408,54000,0.0,0.0
2012-04-09 00:00:00+08:00,5.213343003407593,5.351750425442056,5.213343003407593,5.305614471435547,31000,0.0,0.0
2012-04-10 00:00:00+08:00,5.305613865088012,5.4440212713047025,5.305613865088012,5.397885322570801,80000,0.0,0.0
2012-04-11 00:00:00+08:00,5.397885345834778,5.397885345834778,5.3286818624206855,5.374817371368408,11000,0.0,0.0
2012-04-12 00:00:00+08:00,5.420952755217323,5.46708869934082,5.420952755217323,5.46708869934082,70000,0.0,0.0
2012-04-13 00:00:00+08:00,5.467088720288564,5.490156252453727,5.374816831688019,5.444020748138428,52000,0.0,0.0
2012-04-16 00:00:00+08:00,5.4440212713047025,5.467089245671653,5.397885322570801,5.397885322570801,45000,0.0,0.0
2012-04-17 00:00:00+08:00,5.420953916466754,5.420953916466754,5.305614471435547,5.305614471435547,28000,0.0,0.0
2012-04-18 00:00:00+08:00,5.305613496200537,5.374816974504811,5.09800262130273,5.328681468963623,74000,0.0,0.0
2012-04-19 00:00:00+08:00,5.30561308043005,5.30561308043005,5.259477138519287,5.259477138519287,3000,0.0,0.0
2012-04-20 00:00:00+08:00,5.213341236114502,5.259476734496274,5.213341236114502,5.213341236114502,18000,0.0,0.0
2012-04-23 00:00:00+08:00,5.213341636593474,5.259477138519287,5.167205694682711,5.259477138519287,16000,0.0,0.0
2012-04-24 00:00:00+08:00,5.121070758065939,5.259477719106912,5.098002784564112,5.190274238586426,34000,0.0,0.0
2012-04-25 00:00:00+08:00,5.190273665638093,5.30561308043005,5.167205694682711,5.259477138519287,62000,0.0,0.0
2012-04-26 00:00:00+08:00,5.374816831688019,5.513224224603864,5.351749299522855,5.444020748138428,114000,0.0,0.0
2012-04-27 00:00:00+08:00,5.513224778181611,5.513224778181611,5.374817371368408,5.374817371368408,59000,0.0,0.0
2012-04-30 00:00:00+08:00,5.305613865088012,5.397885322570801,5.25947791635411,5.397885322570801,82000,0.0,0.0
2012-05-02 00:00:00+08:00,5.467088720288564,5.490156252453727,5.420952775988291,5.444020748138428,134000,0.0,0.0
2012-05-03 00:00:00+08:00,5.444020160616105,5.536291599273682,5.444020160616105,5.536291599273682,124000,0.0,0.0
2012-05-04 00:00:00+08:00,5.513224224603864,5.582428141054272,5.444020748138428,5.444020748138428,80000,0.0,0.0
2012-05-07 00:00:00+08:00,5.397885195237067,5.490156650543213,5.397885195237067,5.490156650543213,26000,0.0,0.0
2012-05-08 00:00:00+08:00,5.490156252453727,5.513224224603864,5.444020748138428,5.444020748138428,96000,0.0,0.0
2012-05-09 00:00:00+08:00,5.467088720288564,5.467088720288564,5.3978848038381555,5.444020748138428,14000,0.0,0.0
2012-05-10 00:00:00+08:00,5.397884824696759,5.444020769175311,5.351749320203182,5.420952796936035,84000,0.0,0.0
2012-05-11 00:00:00+08:00,5.444020769175311,5.444020769175311,5.397884824696759,5.420952796936035,13000,0.0,0.0
2012-05-14 00:00:00+08:00,5.420952415188348,5.420952415188348,5.351748943328857,5.351748943328857,24000,0.0,0.0
2012-05-15 00:00:00+08:00,5.3978859394634995,5.3978859394634995,5.305614471435547,5.305614471435547,8000,0.0,0.0
2012-05-16 00:00:00+08:00,5.305613002099234,5.351748943328857,5.305613002099234,5.351748943328857,34000,0.0,0.0
2012-05-17 00:00:00+08:00,5.351749813821914,5.397885322570801,5.351749813821914,5.397885322570801,4000,0.0,0.0
2012-05-18 00:00:00+08:00,5.351748943328857,5.3978844445735366,5.259477060869611,5.351748943328857,56000,0.0,0.0
2012-05-21 00:00:00+08:00,5.305613496200537,5.351749441726709,5.305613496200537,5.328681468963623,9000,0.0,0.0
2012-05-22 00:00:00+08:00,5.374816974504811,5.374816974504811,5.305613496200537,5.328681468963623,30000,0.0,0.0
2012-05-23 00:00:00+08:00,5.236410980410849,5.305614471435547,5.236410980410849,5.305614471435547,15000,0.0,0.0
2012-05-24 00:00:00+08:00,5.259476923485111,5.259476923485111,5.0287981033325195,5.0287981033325195,62000,0.0,0.0
2012-05-25 00:00:00+08:00,5.305613199397721,5.305613199397721,4.982662918735721,5.167205810546875,58000,0.0,0.0
2012-05-28 00:00:00+08:00,4.982662807009559,5.259477138519287,4.982662807009559,5.259477138519287,17000,0.0,0.0
2012-05-29 00:00:00+08:00,5.259478517429037,5.328682448438801,5.259478517429037,5.305614471435547,45000,0.0,0.0
2012-05-30 00:00:00+08:00,5.305614471435547,5.305614471435547,5.305614471435547,5.305614471435547,2000,0.0,0.0
2012-05-31 00:00:00+08:00,5.305614471435547,5.305614471435547,5.305614471435547,5.305614471435547,5000,0.0,0.0
2012-06-01 00:00:00+08:00,5.305613539510228,5.305613539510228,5.236410060641046,5.282545566558838,10000,0.0,0.0
2012-06-04 00:00:00+08:00,5.213343003407593,5.351750425442056,4.959596136341924,5.305614471435547,171000,0.0,0.0
2012-06-05 00:00:00+08:00,5.351749482157174,5.674699783325195,5.2133420845180245,5.674699783325195,425000,0.0,0.0
2012-06-06 00:00:00+08:00,5.813107430960384,6.066853824228848,5.766971483101569,5.836174964904785,1255000,0.0,0.0
2012-06-07 00:00:00+08:00,5.882309749623371,6.228327970189452,5.882309749623371,6.043785095214844,1169000,0.0,0.0
2012-06-08 00:00:00+08:00,6.136057159502727,6.412871500241329,6.08992121605381,6.297532081604004,815000,0.0,0.0
2012-06-11 00:00:00+08:00,6.412870144788771,6.459006078486192,6.043784435148885,6.205259323120117,410000,0.0,0.0
2012-06-12 00:00:00+08:00,6.20525966167565,6.412870494671436,6.20525966167565,6.343667030334473,755000,0.0,0.0
2012-06-13 00:00:00+08:00,6.435938079421078,6.435938079421078,6.228327258791663,6.251395225524902,278000,0.0,0.0
2012-06-14 00:00:00+08:00,6.274463778853987,6.343667245538626,6.112988436609949,6.159124374389648,434000,0.0,0.0
2012-06-15 00:00:00+08:00,6.2283283032869035,6.574346542358398,6.2283283032869035,6.574346542358398,913000,0.0,0.0
2012-06-18 00:00:00+08:00,7.012636184692383,7.012636184692383,6.8511612713516845,7.012636184692383,2195000,0.0,0.0
2012-06-19 00:00:00+08:00,6.828093508774658,7.012636398207099,6.828093508774658,6.851161479949951,626000,0.0,0.0
2012-06-20 00:00:00+08:00,6.920366311731834,7.127977213086781,6.874230360326272,6.897298336029053,610000,0.0,0.0
2012-06-21 00:00:00+08:00,6.89729655830668,6.89729655830668,6.666617740704551,6.781957149505615,834000,0.0,0.0
2012-06-22 00:00:00+08:00,6.643550218355196,6.989568468060883,6.643550218355196,6.805025577545166,388000,0.0,0.0
2012-06-25 00:00:00+08:00,6.828092472335356,7.220246162850344,6.828092472335356,6.920363903045654,367000,0.0,0.0
2012-06-26 00:00:00+08:00,6.920366311731834,6.966502263137396,6.828094848905751,6.897298336029053,272000,0.0,0.0
2012-06-27 00:00:00+08:00,6.874228071130118,6.966499943213659,6.828092575073242,6.828092575073242,206000,0.0,0.0
2012-06-28 00:00:00+08:00,6.828093842137742,7.012636740579987,6.828093842137742,6.966501235961914,327000,0.0,0.0
2012-06-29 00:00:00+08:00,6.966501257131143,7.01263676188941,6.874229367644656,6.9434332847595215,404000,0.0,0.0
2012-07-02 00:00:00+08:00,7.116401953583238,7.116401953583238,6.8198854804426725,6.869304656982422,340000,1.0,0.0
2012-07-03 00:00:00+08:00,6.869304656982422,6.943434128743081,6.869304656982422,6.869304656982422,216000,0.0,0.0
2012-07-04 00:00:00+08:00,6.869303467104146,6.968142745664409,6.869303467104146,6.918723106384277,174000,0.0,0.0
2012-07-05 00:00:00+08:00,6.869302740283254,6.894012557308846,6.745754126455854,6.770463943481445,160000,0.0,0.0
2012-07-06 00:00:00+08:00,6.770464415396049,6.770464415396049,6.548076989266002,6.572786808013916,311000,0.0,0.0
2012-07-09 00:00:00+08:00,6.523366921871947,6.572786557484086,6.424528121948242,6.424528121948242,77000,0.0,0.0
2012-07-10 00:00:00+08:00,6.424528481825343,6.671625731126317,6.424528481825343,6.54807710647583,96000,0.0,0.0
2012-07-11 00:00:00+08:00,6.523367526104644,6.770464784451795,6.523367526104644,6.59749698638916,74000,0.0,0.0
2012-07-12 00:00:00+08:00,6.6716258514523625,6.6716258514523625,6.523367404937744,6.523367404937744,41000,0.0,0.0
2012-07-13 00:00:00+08:00,6.572786808013916,6.622205974209153,6.47394800432285,6.572786808013916,44000,0.0,0.0
2012-07-16 00:00:00+08:00,6.62220621218062,6.62220621218062,6.523367404937744,6.523367404937744,59000,0.0,0.0
2012-07-17 00:00:00+08:00,6.5233656651725695,6.8693016339126896,6.5233656651725695,6.696333885192871,265000,0.0,0.0
2012-07-18 00:00:00+08:00,6.72104549407959,6.819884301371811,6.696335674431382,6.72104549407959,216000,0.0,0.0
2012-07-19 00:00:00+08:00,6.745753765106201,6.819883212212086,6.696334605002812,6.745753765106201,128000,0.0,0.0
2012-07-20 00:00:00+08:00,6.770462853029867,6.795172666075693,6.696333885192871,6.696333885192871,77000,0.0,0.0
2012-07-23 00:00:00+08:00,6.67162535740779,6.67162535740779,6.424528121948242,6.424528121948242,90000,0.0,0.0
2012-07-24 00:00:00+08:00,6.4245280061257315,6.449237823486328,6.350399025344507,6.449237823486328,88000,0.0,0.0
2012-07-25 00:00:00+08:00,6.375109076836231,6.622206335183381,6.375109076836231,6.59749698638916,54000,0.0,0.0
2012-07-26 00:00:00+08:00,6.671625731820964,6.819884175677106,6.622206093435383,6.646915912628174,28000,0.0,0.0
2012-07-27 00:00:00+08:00,6.6469149735988875,6.869302372315476,6.6469149735988875,6.745753765106201,154000,0.0,0.0
2012-07-30 00:00:00+08:00,6.745754718098735,6.819884175677106,6.498657468772032,6.646915912628174,99000,0.0,0.0
2012-07-31 00:00:00+08:00,6.721046058858038,7.091691970825195,6.721046058858038,7.091691970825195,320000,0.0,0.0
2012-08-01 00:00:00+08:00,7.314078563372121,7.462337004979104,7.116400484129278,7.165820121765137,790000,0.0,0.0
2012-08-02 00:00:00+08:00,7.165820121765137,7.165820121765137,7.165820121765137,7.165820121765137,0,0.0,0.0
2012-08-03 00:00:00+08:00,7.0669806210149195,7.289368025848493,7.0669806210149195,7.21523904800415,153000,0.0,0.0
2012-08-06 00:00:00+08:00,7.239949466204392,7.3387887463810575,7.239949466204392,7.289369106292725,131000,0.0,0.0
2012-08-07 00:00:00+08:00,7.289369109053869,7.289369109053869,7.165820480086854,7.190530300140381,94000,0.0,0.0
2012-08-08 00:00:00+08:00,7.190530300140381,7.264659289000343,7.190530300140381,7.190530300140381,65000,0.0,0.0
2012-08-09 00:00:00+08:00,7.289368512960788,7.3387881490265165,7.19052971212991,7.314078330993652,119000,0.0,0.0
2012-08-10 00:00:00+08:00,7.264659051630469,7.462337134299009,7.215239884438785,7.3387885093688965,184000,0.0,0.0
2012-08-13 00:00:00+08:00,7.338788626363566,7.511756421242808,7.314078806723501,7.412917613983154,129000,0.0,0.0
2012-08-14 00:00:00+08:00,7.412917613983154,7.511756421242808,7.412917613983154,7.412917613983154,201000,0.0,0.0
2012-08-15 00:00:00+08:00,7.511756421242808,7.511756421242808,7.412917613983154,7.412917613983154,73000,0.0,0.0
2012-08-16 00:00:00+08:00,7.363497385693534,7.487046002710543,7.363497385693534,7.437626838684082,212000,0.0,0.0
2012-08-17 00:00:00+08:00,7.462335586547852,7.4870449293684675,7.412915958305613,7.462335586547852,92000,0.0,0.0
2012-08-20 00:00:00+08:00,7.70943618676011,7.758855365506861,7.511758057870969,7.6600165367126465,285000,0.0,0.0
2012-08-21 00:00:00+08:00,7.6353044509887695,7.684724086403813,7.610594633281248,7.6353044509887695,146000,0.0,0.0
2012-08-22 00:00:00+08:00,7.6353044509887695,7.660014268696291,7.585885286874298,7.6353044509887695,73000,0.0,0.0
2012-08-23 00:00:00+08:00,7.610594633281248,7.734143250518285,7.610594633281248,7.6353044509887695,108000,0.0,0.0
2012-08-24 00:00:00+08:00,7.6353044509887695,7.684724086403813,7.610594633281248,7.6353044509887695,83000,0.0,0.0
2012-08-27 00:00:00+08:00,7.7588547445198595,8.055371207170538,7.7588547445198595,7.783564567565918,362000,0.0,0.0
2012-08-28 00:00:00+08:00,7.783563130007489,7.783563130007489,7.585885524749756,7.585885524749756,165000,0.0,0.0
2012-08-29 00:00:00+08:00,7.6600158175440125,7.75885463705864,7.610596172136365,7.70943546295166,125000,0.0,0.0
2012-08-30 00:00:00+08:00,7.70943546295166,7.734144814354816,7.684725640247836,7.70943546295166,66000,0.0,0.0
2012-08-31 00:00:00+08:00,7.734144456396133,7.734144456396133,7.660015463016235,7.684725284576416,103000,0.0,0.0
2012-09-03 00:00:00+08:00,7.808274282466288,7.808274282466288,7.70943546295166,7.70943546295166,62000,0.0,0.0
2012-09-04 00:00:00+08:00,7.70943546295166,7.75885463705864,7.70943546295166,7.70943546295166,81000,0.0,0.0
2012-09-05 00:00:00+08:00,7.75885463705864,7.75885463705864,7.684725640247836,7.70943546295166,59000,0.0,0.0
2012-09-06 00:00:00+08:00,7.75885463705864,7.75885463705864,7.684725640247836,7.70943546295166,43000,0.0,0.0
2012-09-07 00:00:00+08:00,7.783562776037845,7.783562776037845,7.734143141320554,7.758852958679199,64000,0.0,0.0
2012-09-10 00:00:00+08:00,7.758854623780928,7.808274269104004,7.758854623780928,7.808274269104004,138000,0.0,0.0
2012-09-11 00:00:00+08:00,7.758854623780928,7.8329840917655424,7.758854623780928,7.808274269104004,81000,0.0,0.0
2012-09-12 00:00:00+08:00,7.832984447479248,7.832984447479248,7.734145152344578,7.832984447479248,78000,0.0,0.0
2012-09-13 00:00:00+08:00,7.808274022878986,7.857693195343018,7.808274022878986,7.857693195343018,103000,0.0,0.0
2012-09-14 00:00:00+08:00,7.857693799962227,7.882403623745895,7.832984447479248,7.832984447479248,132000,0.0,0.0
2012-09-17 00:00:00+08:00,7.857693565403419,7.857693565403419,7.7588547445198595,7.783564567565918,69000,0.0,0.0
2012-09-18 00:00:00+08:00,7.8082743906119765,7.8082743906119765,7.7588547445198595,7.783564567565918,26000,0.0,0.0
2012-09-19 00:00:00+08:00,7.783563852366581,7.832983493917732,7.684725040564909,7.73414421081543,244000,0.0,0.0
2012-09-20 00:00:00+08:00,7.758852958679199,7.808272593396492,7.709433795262473,7.758852958679199,163000,0.0,0.0
2012-09-21 00:00:00+08:00,7.758852958679199,7.808272593396492,7.758852958679199,7.758852958679199,30000,0.0,0.0
2012-09-24 00:00:00+08:00,7.758854623780928,7.808274269104004,7.585886807751495,7.808274269104004,130000,0.0,0.0
2012-09-25 00:00:00+08:00,7.808272593396492,7.808272593396492,7.758852958679199,7.758852958679199,37000,0.0,0.0
2012-09-26 00:00:00+08:00,7.808273673142156,7.808273673142156,7.709434861340484,7.73414421081543,71000,0.0,0.0
2012-09-27 00:00:00+08:00,7.758852958679199,7.758852958679199,7.709433795262473,7.758852958679199,58000,0.0,0.0
2012-09-28 00:00:00+08:00,7.758852958679199,7.808272593396492,7.734143141320554,7.758852958679199,46000,0.0,0.0
2012-10-01 00:00:00+08:00,7.758852958679199,7.783562776037845,7.660014160545181,7.758852958679199,43000,0.0,0.0
2012-10-02 00:00:00+08:00,7.758852958679199,7.808272593396492,7.758852958679199,7.758852958679199,54000,0.0,0.0
2012-10-03 00:00:00+08:00,7.832982904936106,8.277757760250207,7.832982904936106,8.15420913696289,1348000,0.0,0.0
2012-10-04 00:00:00+08:00,8.104790209381386,8.327178127827732,8.05537056721539,8.203629493713379,755000,0.0,0.0
2012-10-05 00:00:00+08:00,8.203627942791849,8.277756920725892,8.104788677145729,8.228337287902832,385000,0.0,0.0
2012-10-08 00:00:00+08:00,8.05537078454724,8.351887702941895,8.05537078454724,8.351887702941895,397000,0.0,0.0
2012-10-09 00:00:00+08:00,8.351886994252762,8.64840388748684,8.302467354946879,8.50014591217041,835000,0.0,0.0
2012-10-11 00:00:00+08:00,8.426017138959391,8.648405075073242,8.426017138959391,8.648405075073242,485000,0.0,0.0
2012-10-12 00:00:00+08:00,8.598982713746919,8.771950949151814,8.574273369803814,8.72253131866455,488000,0.0,0.0
2012-10-15 00:00:00+08:00,8.697821974721444,8.771950949151814,8.697821974721444,8.72253131866455,282000,0.0,0.0
2012-10-16 00:00:00+08:00,8.747243045923923,9.14259826973693,8.747243045923923,9.019049644470215,561000,0.0,0.0
2012-10-17 00:00:00+08:00,9.043760521636482,9.290857813950062,9.043760521636482,9.19201946258545,453000,0.0,0.0
2012-10-18 00:00:00+08:00,9.192017908363857,9.266146895003645,9.019049644470215,9.019049644470215,503000,0.0,0.0
2012-10-19 00:00:00+08:00,9.019049881318775,9.093178869905259,8.969630241394043,8.969630241394043,247000,0.0,0.0
2012-10-22 00:00:00+08:00,8.796661622908228,8.969629884461167,8.697823289593117,8.74724292755127,155000,0.0,0.0
2012-10-23 00:00:00+08:00,8.747243631294593,8.84608197256156,8.598984705492235,8.796662330627441,322000,0.0,0.0
2012-10-24 00:00:00+08:00,8.50014707939824,8.796663070748243,8.50014707939824,8.648405075073242,103000,0.0,0.0
2012-10-25 00:00:00+08:00,8.74724292755127,8.74724292755127,8.648403651634965,8.74724292755127,131000,0.0,0.0
2012-10-26 00:00:00+08:00,8.74724292755127,8.74724292755127,8.5001456803617,8.74724292755127,198000,0.0,0.0
2012-10-29 00:00:00+08:00,8.747243410617084,8.895501390077884,8.40130686840689,8.450726509094238,52000,0.0,0.0
2012-10-30 00:00:00+08:00,8.401306981625764,8.722533236520615,8.401306981625764,8.524855613708496,203000,0.0,0.0
2012-10-31 00:00:00+08:00,8.524855028040179,9.093178508055953,8.524855028040179,8.74724292755127,387000,0.0,0.0
2012-11-01 00:00:00+08:00,8.747241605208707,8.895499554069444,8.72253131866455,8.72253131866455,149000,0.0,0.0
2012-11-02 00:00:00+08:00,8.747242452086635,8.846080780029297,8.697822816814734,8.846080780029297,123000,0.0,0.0
2012-11-05 00:00:00+08:00,8.796663070748243,8.821373365094976,8.648405075073242,8.648405075073242,67000,0.0,0.0
2012-11-06 00:00:00+08:00,8.549565315246582,8.598984958635553,8.401307327680966,8.549565315246582,244000,0.0,0.0
2012-11-07 00:00:00+08:00,8.475435250632268,8.475435250632268,8.005951054257414,8.27775764465332,210000,0.0,0.0
2012-11-08 00:00:00+08:00,8.055370827800449,8.2036297590945,7.857693195343018,7.857693195343018,290000,0.0,0.0
2012-11-09 00:00:00+08:00,7.808274018423714,8.005952122069006,7.660015558514908,7.9565324783325195,82000,0.0,0.0
2012-11-12 00:00:00+08:00,8.055369621497235,8.12949954734385,8.005950927734375,8.005950927734375,105000,0.0,0.0
2012-11-13 00:00:00+08:00,8.00595212663707,8.00595212663707,7.832983844761327,7.857693195343018,229000,0.0,0.0
2012-11-14 00:00:00+08:00,7.857692710549175,8.055370330810547,7.758853900418489,8.055370330810547,108000,0.0,0.0
2012-11-15 00:00:00+08:00,7.956533095096898,7.981242447579877,7.8082746236955805,7.832984447479248,60000,0.0,0.0
2012-11-16 00:00:00+08:00,7.832984213658035,7.956532857587653,7.783564567565918,7.783564567565918,120000,0.0,0.0
2012-11-19 00:00:00+08:00,7.90711139153051,7.90711139153051,7.709433795262473,7.758852958679199,43000,0.0,0.0
2012-11-20 00:00:00+08:00,7.734143612662231,7.734143612662231,7.511756185482598,7.56117582321167,69000,0.0,0.0
2012-11-21 00:00:00+08:00,7.660014255054585,7.660014255054585,7.412917021020566,7.437626838684082,101000,0.0,0.0
2012-11-22 00:00:00+08:00,7.5364652470636955,7.5364652470636955,7.190529231622521,7.21523904800415,111000,0.0,0.0
2012-11-23 00:00:00+08:00,7.21523954038559,7.660014380405004,7.21523954038559,7.51175594329834,190000,0.0,0.0
2012-11-26 00:00:00+08:00,7.660014380405004,7.660014380405004,7.462336778463171,7.51175594329834,57000,0.0,0.0
2012-11-27 00:00:00+08:00,7.511755968247513,8.030660264194012,7.511755968247513,7.907111644744873,290000,0.0,0.0
2012-11-28 00:00:00+08:00,7.857691756813217,7.981240372305882,7.758852958679199,7.758852958679199,43000,0.0,0.0
2012-11-29 00:00:00+08:00,7.758854379114301,7.956532482872385,7.709435206650269,7.857693195343018,100000,0.0,0.0
2012-11-30 00:00:00+08:00,8.15420888364315,8.15420888364315,7.808272843445678,7.907111644744873,308000,0.0,0.0
2012-12-03 00:00:00+08:00,8.20362815466886,8.20362815466886,7.981240272521973,7.981240272521973,559000,0.0,0.0
2012-12-04 00:00:00+08:00,7.981240638251783,8.12949954734385,7.981240638251783,8.005950927734375,160000,0.0,0.0
2012-12-05 00:00:00+08:00,8.005951632696139,8.129500263184651,7.9565319919804836,8.055370330810547,245000,0.0,0.0
2012-12-06 00:00:00+08:00,7.981241828900111,8.080081116373083,7.931822185163625,7.9565324783325195,141000,0.0,0.0
2012-12-07 00:00:00+08:00,7.9565324783325195,8.129500760109568,7.9565324783325195,7.9565324783325195,204000,0.0,0.0
2012-12-10 00:00:00+08:00,7.857692008444985,7.956531281044761,7.808272843445678,7.907111644744873,91000,0.0,0.0
2012-12-11 00:00:00+08:00,7.857693565403419,8.030661855425153,7.783564567565918,7.783564567565918,147000,0.0,0.0
2012-12-12 00:00:00+08:00,7.808272958960876,7.907111761722287,7.709434156199465,7.882401943206787,170000,0.0,0.0
2012-12-13 00:00:00+08:00,7.907112834596034,8.055370823204187,7.7094352022513934,7.9565324783325195,275000,0.0,0.0
2012-12-14 00:00:00+08:00,7.931822189689391,8.055370827800449,7.832983844761327,7.857693195343018,94000,0.0,0.0
2012-12-17 00:00:00+08:00,7.758854976128245,7.907113447529563,7.758854976128245,7.832984447479248,47000,0.0,0.0
2012-12-18 00:00:00+08:00,7.981241828900111,7.981241828900111,7.7094352022513934,7.9565324783325195,109000,0.0,0.0
2012-12-19 00:00:00+08:00,7.9565324783325195,8.030661472636597,7.758854374687227,7.9565324783325195,230000,0.0,0.0
2012-12-20 00:00:00+08:00,7.857693190859548,8.005952122069006,7.808274018423714,7.9565324783325195,413000,0.0,0.0
2012-12-21 00:00:00+08:00,7.9565324783325195,8.005952122069006,7.907112834596034,7.9565324783325195,232000,0.0,0.0
2012-12-24 00:00:00+08:00,8.005951632696139,8.080080622468996,7.981241341037688,8.055370330810547,157000,0.0,0.0
2012-12-25 00:00:00+08:00,8.030660629272461,8.104789615791658,7.956531642753264,8.030660629272461,171000,0.0,0.0
2012-12-26 00:00:00+08:00,8.005950455910474,8.302466371417367,8.005950455910474,8.104788780212402,205000,0.0,0.0
2012-12-27 00:00:00+08:00,8.104790209381386,8.203629493713379,8.080080859599025,8.203629493713379,123000,0.0,0.0
2012-12-28 00:00:00+08:00,8.203630145446887,8.648405075073242,8.129501147609387,8.648405075073242,319000,0.0,0.0
2013-01-02 00:00:00+08:00,8.598984488555038,8.598984488555038,8.37659751936384,8.450726509094238,313000,0.0,0.0
2013-01-03 00:00:00+08:00,8.450726971069937,8.84608223297911,8.450726971069937,8.549565315246582,233000,0.0,0.0
2013-01-04 00:00:00+08:00,8.549565203445765,8.549565203445765,8.376597867748167,8.475436210632324,140000,0.0,0.0
2013-01-07 00:00:00+08:00,8.450726272864527,8.549564608875075,8.351886994252762,8.50014591217041,103000,0.0,0.0
2013-01-08 00:00:00+08:00,8.475435741897877,8.475435741897877,8.228338484451285,8.37659740447998,163000,0.0,0.0
2013-01-09 00:00:00+08:00,8.351886629070279,8.40130626621531,8.253048297381394,8.27775764465332,79000,0.0,0.0
2013-01-10 00:00:00+08:00,8.351887235656935,8.376597527324718,8.154209615320921,8.25304889678955,115000,0.0,0.0
2013-01-11 00:00:00+08:00,8.277758245856086,8.277758245856086,8.05537033385229,8.25304889678955,112000,0.0,0.0
2013-01-14 00:00:00+08:00,8.253049135879376,8.277758485661737,8.178919201329744,8.203629493713379,102000,0.0,0.0
2013-01-15 00:00:00+08:00,8.203628173232852,8.253047807444117,8.104788904810324,8.17891788482666,134000,0.0,0.0
2013-01-16 00:00:00+08:00,8.203629380020134,8.277758370941145,8.104790097057943,8.129500389099121,190000,0.0,0.0
2013-01-17 00:00:00+08:00,8.129500760109568,8.203629754413646,7.907112834596034,7.9565324783325195,193000,0.0,0.0
2013-01-18 00:00:00+08:00,7.956532349975507,8.154209979131156,7.956532349975507,8.08008098602295,350000,0.0,0.0
2013-01-21 00:00:00+08:00,8.080080622468996,8.1047899715262,8.055370330810547,8.055370330810547,106000,0.0,0.0
2013-01-22 00:00:00+08:00,8.129500389099121,8.253049021501228,8.080080747618027,8.129500389099121,178000,0.0,0.0
2013-01-23 00:00:00+08:00,8.22833884349574,8.22833884349574,8.12950050176502,8.203629493713379,57000,0.0,0.0
2013-01-24 00:00:00+08:00,8.154208309968789,8.228337287902832,8.154208309968789,8.228337287902832,89000,0.0,0.0
2013-01-25 00:00:00+08:00,8.228337287902832,8.253047575614909,8.129498964857808,8.228337287902832,110000,0.0,0.0
2013-01-28 00:00:00+08:00,8.228337287902832,8.253047575614909,8.154208309968789,8.228337287902832,163000,0.0,0.0
2013-01-29 00:00:00+08:00,8.27775764465332,8.302466991925247,8.203628660236362,8.27775764465332,149000,0.0,0.0
2013-01-30 00:00:00+08:00,8.277757997865132,8.549564599859021,7.9565317566174745,8.302467346191406,563000,0.0,0.0
2013-01-31 00:00:00+08:00,8.351887463933,8.401307106018066,8.25304912236414,8.401307106018066,175000,0.0,0.0
2013-02-01 00:00:00+08:00,8.426015973025214,8.426015973025214,8.302467346191406,8.302467346191406,135000,0.0,0.0
2013-02-04 00:00:00+08:00,8.253048297381394,8.40130626621531,8.253048297381394,8.27775764465332,183000,0.0,0.0
2013-02-05 00:00:00+08:00,8.253048297381394,8.302466991925247,8.253048297381394,8.27775764465332,96000,0.0,0.0
2013-02-06 00:00:00+08:00,8.277757997865132,8.351886985445173,8.277757997865132,8.302467346191406,50000,0.0,0.0
2013-02-18 00:00:00+08:00,8.351886629070279,8.351886629070279,8.253048297381394,8.27775764465332,58000,0.0,0.0
2013-02-19 00:00:00+08:00,8.253048649538858,8.351886985445173,8.253048649538858,8.302467346191406,73000,0.0,0.0
2013-02-20 00:00:00+08:00,8.351886629070279,8.351886629070279,8.27775764465332,8.27775764465332,108000,0.0,0.0
2013-02-21 00:00:00+08:00,8.253048297381394,8.327177281798352,8.253048297381394,8.27775764465332,169000,0.0,0.0
2013-02-22 00:00:00+08:00,8.277758245856086,8.30246759492262,8.22833860512177,8.25304889678955,140000,0.0,0.0
2013-02-25 00:00:00+08:00,8.351886985445173,8.40130662469894,8.277757997865132,8.302467346191406,155000,0.0,0.0
2013-02-26 00:00:00+08:00,8.302467698919076,8.722533236520615,8.253049000166989,8.524855613708496,582000,0.0,0.0
2013-02-27 00:00:00+08:00,8.524855260522742,8.623694539134508,8.475435621216858,8.50014591217041,435000,0.0,0.0
2013-03-01 00:00:00+08:00,8.500147674628256,8.623696327209473,8.475437378551165,8.623696327209473,987000,0.0,0.0
2013-03-04 00:00:00+08:00,8.673115034160828,8.895502985847584,8.59898603113238,8.623696327209473,408000,0.0,0.0
2013-03-05 00:00:00+08:00,8.648404005454028,8.648404005454028,8.574275016784668,8.574275016784668,130000,0.0,0.0
2013-03-06 00:00:00+08:00,8.598983425689447,8.771951675415039,8.500145099132771,8.771951675415039,570000,0.0,0.0
2013-03-07 00:00:00+08:00,8.89550148900004,8.920210838317871,8.771952857208372,8.920210838317871,573000,0.0,0.0
2013-03-08 00:00:00+08:00,9.04375922525211,9.266147133496519,8.944920888055552,9.16730785369873,1195000,0.0,0.0
2013-03-11 00:00:00+08:00,9.192016807111514,9.192016807111514,8.77195134301051,8.94491958618164,224000,0.0,0.0
2013-03-12 00:00:00+08:00,8.895500415301198,8.9449200505731,8.846080780029297,8.846080780029297,62828,0.0,0.0
2013-03-13 00:00:00+08:00,8.870793011187093,8.895502362932477,8.623695723327858,8.648405075073242,103000,0.0,0.0
2013-03-14 00:00:00+08:00,8.697823289593117,8.821371913187901,8.5001456803617,8.74724292755127,97358,0.0,0.0
2013-03-15 00:00:00+08:00,8.747244367257476,8.747244367257476,8.623695723327858,8.648405075073242,21000,0.0,0.0
2013-03-18 00:00:00+08:00,8.722533595807333,8.722533595807333,8.549565315246582,8.549565315246582,94000,0.0,0.0
2013-03-19 00:00:00+08:00,8.623695251630688,8.722533595807333,8.549565315246582,8.549565315246582,15151,0.0,0.0
2013-03-20 00:00:00+08:00,8.67311228256318,8.821371184185448,8.500144977905537,8.697822570800781,143537,0.0,0.0
2013-03-21 00:00:00+08:00,8.697822816814734,8.846080780029297,8.549563910999028,8.846080780029297,284000,0.0,0.0
2013-03-22 00:00:00+08:00,8.84608197256156,8.84608197256156,8.574275355825812,8.796662330627441,126020,0.0,0.0
2013-03-25 00:00:00+08:00,8.84608271684036,8.84608271684036,8.549565782889008,8.648405075073242,105370,0.0,0.0
2013-03-26 00:00:00+08:00,8.648405075073242,8.722534072910744,8.598985428981125,8.648405075073242,66280,0.0,0.0
2013-03-27 00:00:00+08:00,8.59898603113238,8.64840568068515,8.59898603113238,8.623696327209473,17955,0.0,0.0
2013-03-28 00:00:00+08:00,8.648404005454028,8.673113354143403,8.574275016784668,8.574275016784668,20000,0.0,0.0
2013-03-29 00:00:00+08:00,8.598983303052602,8.697822570800781,8.574273957416114,8.697822570800781,50913,0.0,0.0
2013-04-01 00:00:00+08:00,8.598984718322754,8.673113710033904,8.57427536861946,8.598984718322754,85140,0.0,0.0
2013-04-02 00:00:00+08:00,8.574276423042225,8.673114776611328,8.574276423042225,8.673114776611328,42559,0.0,0.0
2013-04-03 00:00:00+08:00,8.673112999313444,8.821371913187901,8.673112999313444,8.74724292755127,162000,0.0,0.0
2013-04-08 00:00:00+08:00,8.598984958635553,8.598984958635553,8.401307327680966,8.549565315246582,256979,0.0,0.0
2013-04-09 00:00:00+08:00,8.524855613708496,8.598984604437884,8.524855613708496,8.524855613708496,229266,0.0,0.0
2013-04-10 00:00:00+08:00,8.524855376804684,8.623694656764652,8.524855376804684,8.574275016784668,81000,0.0,0.0
2013-04-11 00:00:00+08:00,8.648403060268349,8.796661021403926,8.598983425689447,8.771951675415039,95421,0.0,0.0
2013-04-12 00:00:00+08:00,8.623696071127469,8.846083073608993,8.623696071127469,8.673114776611328,112814,0.0,0.0
2013-04-15 00:00:00+08:00,8.74724472003989,8.74724472003989,8.623696071127469,8.673114776611328,24662,0.0,0.0
2013-04-16 00:00:00+08:00,8.549566127698908,8.697825071954645,8.524856774956978,8.673114776611328,54000,0.0,0.0
2013-04-17 00:00:00+08:00,8.673112999313444,8.796661622908228,8.673112999313444,8.74724292755127,136434,0.0,0.0
2013-04-18 00:00:00+08:00,8.74724292755127,8.796661622908228,8.673112999313444,8.74724292755127,35922,0.0,0.0
2013-04-19 00:00:00+08:00,8.722533783277306,9.093179702758789,8.6978244323524,9.093179702758789,437761,0.0,0.0
2013-04-22 00:00:00+08:00,9.290856978750682,9.290856978750682,9.019050358680282,9.068470001220703,260215,0.0,0.0
2013-04-23 00:00:00+08:00,9.142599347209917,9.241438636112171,9.043760058307662,9.093179702758789,145850,0.0,0.0
2013-04-24 00:00:00+08:00,9.142597663028807,9.142597663028807,9.043758392333984,9.043758392333984,152090,0.0,0.0
2013-04-25 00:00:00+08:00,8.944920776059917,9.019049763679504,8.870791788440329,8.895501136779785,80420,0.0,0.0
2013-04-26 00:00:00+08:00,8.89550252328888,9.51324575407283,8.89550252328888,9.19201946258545,1560170,0.0,0.0
2013-04-29 00:00:00+08:00,9.389695402472267,9.463824388182072,9.241437431052656,9.340275764465332,505561,0.0,0.0
2013-04-30 00:00:00+08:00,9.389695891122425,9.389695891122425,9.167307979818501,9.241437911987305,305192,0.0,0.0
2013-05-02 00:00:00+08:00,9.364986300410772,9.686212541979748,9.241437673453381,9.488534927368164,1805852,0.0,0.0
2013-05-03 00:00:00+08:00,9.488534678486138,9.636792649905749,9.315566416762461,9.340275764465332,535416,0.0,0.0
2013-05-06 00:00:00+08:00,9.439116477966309,9.53795482643112,9.389696832433234,9.439116477966309,237583,0.0,0.0
2013-05-07 00:00:00+08:00,9.488535533290511,9.488535533290511,9.26614761352539,9.26614761352539,260297,0.0,0.0
2013-05-08 00:00:00+08:00,9.26614761352539,9.414405598301284,9.241438263596502,9.26614761352539,187951,0.0,0.0
2013-05-09 00:00:00+08:00,9.364987252858125,9.463825598915463,9.290857315063477,9.290857315063477,203664,0.0,0.0
2013-05-10 00:00:00+08:00,9.364986054769396,9.439115040479201,9.290856126458397,9.340275764465332,109461,0.0,0.0
2013-05-13 00:00:00+08:00,9.389695521064638,9.41440486907959,9.290856243802423,9.41440486907959,132300,0.0,0.0
2013-05-14 00:00:00+08:00,9.488534678486138,9.488534678486138,9.290856126458397,9.340275764465332,89417,0.0,0.0
2013-05-15 00:00:00+08:00,9.389696248372395,9.463825240760343,9.26614761352539,9.26614761352539,135981,0.0,0.0
2013-05-16 00:00:00+08:00,9.340276479426011,9.537954103983985,9.2908568376362,9.38969612121582,489495,0.0,0.0
2013-05-17 00:00:00+08:00,9.439115763005631,9.513244754389714,9.340276479426011,9.38969612121582,387543,0.0,0.0
2013-05-20 00:00:00+08:00,9.389695402472267,9.414404750175137,9.340275764465332,9.340275764465332,169807,0.0,0.0
2013-05-21 00:00:00+08:00,9.364986419677734,9.488535048208568,9.34027612841083,9.364986419677734,142800,0.0,0.0
2013-05-22 00:00:00+08:00,9.38969576194314,9.439115401842033,9.117889156401066,9.16730785369873,420124,0.0,0.0
2013-05-23 00:00:00+08:00,9.117889042239767,9.142598390579224,8.74724316154061,8.895501136779785,568551,0.0,0.0
2013-05-24 00:00:00+08:00,8.895501614495679,8.944921256429797,8.722533339026898,8.796662330627441,266484,0.0,0.0
2013-05-27 00:00:00+08:00,8.796661858219522,8.920210485119242,8.796661858219522,8.895501136779785,67210,0.0,0.0
2013-05-28 00:00:00+08:00,8.895501136779785,8.969630124399373,8.846081497499654,8.895501136779785,140560,0.0,0.0
2013-05-29 00:00:00+08:00,8.920210838317871,8.994340771473876,8.870792139682209,8.920210838317871,260126,0.0,0.0
2013-05-30 00:00:00+08:00,8.895501980490334,8.920211331173396,8.796662692555474,8.821372985839844,228359,0.0,0.0
2013-05-31 00:00:00+08:00,8.846082096302668,9.093179366828448,8.821372746290603,8.870792388916016,220439,0.0,0.0
2013-06-03 00:00:00+08:00,8.870791788440329,8.969630124399373,8.870791788440329,8.895501136779785,430495,0.0,0.0
2013-06-04 00:00:00+08:00,8.920209761636578,8.96962939690848,8.796661144757396,8.846080780029297,343274,0.0,0.0
2013-06-05 00:00:00+08:00,8.944920776059917,8.944920776059917,8.697823522260478,8.895501136779785,374000,0.0,0.0
2013-06-06 00:00:00+08:00,8.895502391066364,9.315567970275879,8.895502391066364,9.315567970275879,2044669,0.0,0.0
2013-06-07 00:00:00+08:00,9.290856243016506,9.290856243016506,9.019049644470215,9.019049644470215,809731,0.0,0.0
2013-06-10 00:00:00+08:00,9.216727256376718,9.216727256376718,8.994340296457354,9.019049644470215,889450,0.0,0.0
2013-06-11 00:00:00+08:00,9.117888316655673,9.117888316655673,8.994339699587716,9.043758392333984,373488,0.0,0.0
2013-06-13 00:00:00+08:00,8.994338035583496,9.09317634539152,8.895498783174503,8.994338035583496,519349,0.0,0.0
2013-06-14 00:00:00+08:00,9.043759470109539,9.043759470109539,8.920210838317871,8.920210838317871,260000,0.0,0.0
2013-06-17 00:00:00+08:00,8.920209298527999,9.068468196646577,8.920209298527999,8.94491958618164,89074,0.0,0.0
2013-06-18 00:00:00+08:00,8.994340532657025,9.043759229980527,8.92021060146931,8.969630241394043,302400,0.0,0.0
2013-06-19 00:00:00+08:00,8.969630241394043,9.019049881318775,8.944920892732291,8.969630241394043,146046,0.0,0.0
2013-06-20 00:00:00+08:00,8.969630241394043,8.994340532657025,8.944920892732291,8.969630241394043,114312,0.0,0.0
2013-06-21 00:00:00+08:00,8.96962893123419,8.96962893123419,8.796660688063062,8.94491958618164,183000,0.0,0.0
2013-06-24 00:00:00+08:00,8.944918409379,9.043756719187023,8.944918409379,8.994338035583496,64000,0.0,0.0
2013-06-25 00:00:00+08:00,9.043758378515761,9.043758378515761,8.796661144757396,8.846080780029297,181100,0.0,0.0
2013-06-26 00:00:00+08:00,8.846081497499654,8.994340415340048,8.846081497499654,8.895501136779785,127261,0.0,0.0
2013-06-27 00:00:00+08:00,8.96962893123419,8.994339218887834,8.895499953475447,8.94491958618164,103196,0.0,0.0
2013-06-28 00:00:00+08:00,8.994338890987432,9.340274422117066,8.920208973330098,9.117887496948242,876964,0.0,0.0
2013-07-01 00:00:00+08:00,9.167309167793272,9.34027746093305,9.142599815602459,9.19201946258545,615374,0.0,0.0
2013-07-02 00:00:00+08:00,9.266146895403965,9.290856243417894,9.192017908760974,9.216727256774902,377144,0.0,0.0
2013-07-03 00:00:00+08:00,9.216725816156256,9.241436102909052,9.093177210195444,9.117887496948242,206044,0.0,0.0
2013-07-04 00:00:00+08:00,9.117889643761126,9.142598993730696,9.043759708649851,9.068470001220703,170186,0.0,0.0
2013-07-05 00:00:00+08:00,9.216727846252118,9.537954103983985,9.216727846252118,9.38969612121582,1338641,0.0,0.0
2013-07-08 00:00:00+08:00,9.488534925108349,9.686212539672852,9.488534925108349,9.686212539672852,1168540,0.0,0.0
2013-07-09 00:00:00+08:00,9.785051115503824,9.834470756006619,9.53795385559109,9.63679313659668,509751,0.0,0.0
2013-07-10 00:00:00+08:00,9.686212290835561,9.686212290835561,9.38969540530567,9.53795337677002,607393,0.0,0.0
2013-07-11 00:00:00+08:00,9.537953494356756,9.636792771618971,9.389695521064638,9.41440486907959,329484,0.0,0.0
2013-07-12 00:00:00+08:00,9.537953624070145,9.537953624070145,9.364986300410772,9.488534927368164,254000,0.0,0.0
2013-07-15 00:00:00+08:00,9.537953624070145,9.686212541979748,9.488534927368164,9.488534927368164,244892,0.0,0.0
2013-07-16 00:00:00+08:00,9.488534562156879,9.513243909556813,9.41440463475471,9.463824272155762,289291,0.0,0.0
2013-07-17 00:00:00+08:00,9.488536123499383,9.53795482643112,9.439116477966309,9.439116477966309,161572,0.0,0.0
2013-07-18 00:00:00+08:00,9.463824272155762,9.488534562156879,9.41440463475471,9.463824272155762,188350,0.0,0.0
2013-07-19 00:00:00+08:00,9.612083554325556,9.661502251027537,9.463824636415954,9.488534927368164,450000,0.0,0.0
2013-07-22 00:00:00+08:00,9.612083554325556,9.612083554325556,9.488534927368164,9.488534927368164,194954,0.0,0.0
2013-07-23 00:00:00+08:00,9.53795302202324,9.53795302202324,9.488534328440625,9.513243675231934,310704,0.0,0.0
2013-07-24 00:00:00+08:00,9.537953740727984,9.636793020543278,9.513244392074775,9.562664031982422,579474,0.0,0.0
2013-07-25 00:00:00+08:00,9.612082481384277,9.636791826977108,9.537952559403562,9.612082481384277,607437,0.0,0.0
2013-07-26 00:00:00+08:00,9.636793023874857,9.785051001047822,9.612083675213105,8.969630241394043,1593334,0.0,0.0
2013-07-29 00:00:00+08:00,9.912382823469958,9.966254675870578,9.858510971069336,9.858510971069336,1145300,1.499999,0.0
2013-07-30 00:00:00+08:00,9.80463981628418,9.912382489939997,9.80463981628418,9.80463981628418,315706,0.0,0.0
2013-07-31 00:00:00+08:00,9.80463981628418,9.858510639352046,9.77770337723016,9.80463981628418,307494,0.0,0.0
2013-08-01 00:00:00+08:00,9.831576347351074,9.858511761952174,9.750769076027572,9.831576347351074,284350,0.0,0.0
2013-08-02 00:00:00+08:00,9.858510546578735,9.912382396659728,9.777703285217285,9.777703285217285,315504,0.0,0.0
2013-08-05 00:00:00+08:00,9.777703285217285,9.831575135298277,9.777703285217285,9.777703285217285,182724,0.0,0.0
2013-08-06 00:00:00+08:00,9.804640533873787,10.289485169610368,9.75076867934302,10.127869606018066,648280,0.0,0.0
2013-08-07 00:00:00+08:00,10.127869606018066,10.343357024141135,9.91238321541516,10.127869606018066,508978,0.0,0.0
2013-08-08 00:00:00+08:00,10.07399845123291,10.208677569417734,9.966254745676999,10.07399845123291,341150,0.0,0.0
2013-08-09 00:00:00+08:00,10.073998194176754,10.100933606118364,9.966254491370119,10.020126342773438,160166,0.0,0.0
2013-08-12 00:00:00+08:00,10.02012800198645,10.100935278712091,9.912384281338745,9.966256141662598,282074,0.0,0.0
2013-08-13 00:00:00+08:00,10.074000059532594,10.20867919921875,9.966256336775553,10.20867919921875,262600,0.0,0.0
2013-08-14 00:00:00+08:00,10.208678156174788,10.208678156174788,10.073999030249105,10.181741714477539,141019,0.0,0.0
2013-08-15 00:00:00+08:00,10.127869606018066,10.127869606018066,10.020126924476694,10.127869606018066,208865,0.0,0.0
2013-08-16 00:00:00+08:00,10.020127174374796,10.23561357035185,10.020127174374796,10.181741714477539,228038,0.0,0.0
2013-08-19 00:00:00+08:00,10.235612982046648,10.235612982046648,10.020126598454954,10.07399845123291,128374,0.0,0.0
2013-08-20 00:00:00+08:00,10.073998640905561,10.073998640905561,9.750768545672202,9.912383079528809,265410,0.0,0.0
2013-08-22 00:00:00+08:00,9.80464021486326,10.181741129268692,9.80464021486326,10.07399845123291,169934,0.0,0.0
2013-08-23 00:00:00+08:00,10.073998101830822,10.073998101830822,9.912382549102357,9.993189811706543,142712,0.0,0.0
2013-08-26 00:00:00+08:00,10.020126598454954,10.07399845123291,9.912382892899043,10.07399845123291,150298,0.0,0.0
2013-08-27 00:00:00+08:00,10.100934054041614,10.100934054041614,9.912383079528807,9.912383079528809,102246,0.0,0.0
2013-08-28 00:00:00+08:00,9.750767965696227,9.912382489939997,9.750767965696227,9.80463981628418,149289,0.0,0.0
2013-08-29 00:00:00+08:00,9.69689669187995,9.966254933321059,9.69689669187995,9.912383079528809,110000,0.0,0.0
2013-08-30 00:00:00+08:00,9.831575627492175,10.127869276490737,9.831575627492175,10.07399845123291,264289,0.0,0.0
2013-09-02 00:00:00+08:00,10.073999566688435,10.154806841042786,10.020127707945456,10.100934982299805,128189,0.0,0.0
2013-09-03 00:00:00+08:00,10.127869826664412,10.451099933370761,10.127869826664412,10.370292663574219,1015924,0.0,0.0
2013-09-04 00:00:00+08:00,10.451099138901686,10.585778254164646,10.370291875247931,10.39722728729248,375190,0.0,0.0
2013-09-05 00:00:00+08:00,10.451099138901686,10.451099138901686,10.343356463203381,10.39722728729248,138864,0.0,0.0
2013-09-06 00:00:00+08:00,10.504972207275316,10.531907622439727,10.397228491577224,10.45110034942627,491477,0.0,0.0
2013-09-09 00:00:00+08:00,10.504971079079501,11.178366661071777,10.504971079079501,11.178366661071777,2950315,0.0,0.0
2013-09-10 00:00:00+08:00,11.582405018766764,11.95950698852539,11.501597747395687,11.95950698852539,6791404,0.0,0.0
2013-09-11 00:00:00+08:00,12.094186695195729,12.22886582976352,11.582405572830023,12.06725025177002,3426170,0.0,0.0
2013-09-12 00:00:00+08:00,12.20192861878789,12.90226069099888,12.013377636749542,12.875324249267578,3718429,0.0,0.0
2013-09-13 00:00:00+08:00,12.929195782661687,13.764205932617188,12.632902123650421,13.764205932617188,5430433,0.0,0.0
2013-09-16 00:00:00+08:00,13.494848838522055,14.249052812208603,13.22549057006836,13.22549057006836,2818657,0.0,0.0
2013-09-17 00:00:00+08:00,13.198552931812445,13.521783005034317,12.929194708714231,12.98306655883789,2067327,0.0,0.0
2013-09-18 00:00:00+08:00,12.82145252088513,13.33323361614945,12.82145252088513,13.090810775756836,1292726,0.0,0.0
2013-09-23 00:00:00+08:00,12.98306805627958,13.41404085193625,12.929196199942448,13.279361724853516,1273974,0.0,0.0
2013-09-24 00:00:00+08:00,13.360169704295206,13.737271691138481,13.198555154231089,13.22549057006836,1591005,0.0,0.0
2013-09-25 00:00:00+08:00,13.063873820263339,13.414039304787,12.956130120016022,12.98306655883789,1224257,0.0,0.0
2013-09-26 00:00:00+08:00,13.09081061250745,13.09081061250745,12.821452360994785,13.063875198364258,658762,0.0,0.0
2013-09-27 00:00:00+08:00,13.09080923156513,13.279360193237894,12.98306655883789,12.98306655883789,471773,0.0,0.0
2013-09-30 00:00:00+08:00,12.983067219883436,13.871949195861816,12.929195367016838,13.871949195861816,3438632,0.0,0.0
2013-10-01 00:00:00+08:00,14.114372858330455,14.168243686876602,13.575656352707464,13.656463623046875,2369811,0.0,0.0
2013-10-02 00:00:00+08:00,13.737268864274881,14.22211344221587,13.737268864274881,14.195178031921387,2395829,0.0,0.0
2013-10-03 00:00:00+08:00,14.3298582411707,15.164868354797365,14.3298582411707,15.164868354797363,2937941,0.0,0.0
2013-10-04 00:00:00+08:00,15.38035430679156,15.40729074592673,14.814702442714145,15.084060668945312,2322810,0.0,0.0
2013-10-07 00:00:00+08:00,15.191805718496765,16.13455959396149,15.191805718496765,15.35342025756836,3720339,0.0,0.0
2013-10-08 00:00:00+08:00,15.622781579781757,15.784396150633414,15.191808705830413,15.380358695983887,1592969,0.0,0.0
2013-10-09 00:00:00+08:00,15.299550490371807,16.107625351069476,15.245678627487898,15.595845222473145,1252753,0.0,0.0
2013-10-11 00:00:00+08:00,16.053751692337066,16.053751692337066,14.976318665266922,15.62277889251709,1648824,0.0,0.0
2013-10-14 00:00:00+08:00,15.838266725824896,15.865203170451581,15.461165748734006,15.515036582946777,1124909,0.0,0.0
2013-10-15 00:00:00+08:00,15.515031819258391,15.838261862892937,15.40728915639353,15.703582763671875,698269,0.0,0.0
2013-10-16 00:00:00+08:00,15.784394897436929,15.946010482977556,15.515036615722849,15.730524063110352,706889,0.0,0.0
2013-10-17 00:00:00+08:00,15.919071331568782,15.919071331568782,15.191804916614368,15.5689058303833,937890,0.0,0.0
2013-10-18 00:00:00+08:00,15.5689058303833,15.676649535757353,15.299547594468294,15.5689058303833,550548,0.0,0.0
2013-10-21 00:00:00+08:00,15.676651293396853,15.676651293396853,15.461164886008904,15.541972160339355,480235,0.0,0.0
2013-10-22 00:00:00+08:00,15.541974294355926,15.568909713657742,15.380358695983887,15.380358695983887,492908,0.0,0.0
2013-10-23 00:00:00+08:00,15.461165727915594,15.461165727915594,15.299550142933999,15.326486587524414,307507,0.0,0.0
2013-10-24 00:00:00+08:00,15.326484552299846,16.296173823341878,15.137933575286073,16.05375099182129,1591179,0.0,0.0
2013-10-25 00:00:00+08:00,16.0537535917922,16.646342032298964,16.026818173936576,16.592470169067383,1287418,0.0,0.0
2013-10-28 00:00:00+08:00,17.238926493966808,17.238926493966808,16.673274629391557,16.781017303466797,1033668,0.0,0.0
2013-10-29 00:00:00+08:00,16.700210316193534,17.400541305541992,16.700210316193534,17.400541305541992,1287264,0.0,0.0
2013-10-30 00:00:00+08:00,17.99313320818793,18.127812342814966,17.669902052058745,17.912324905395508,1957047,0.0,0.0
2013-10-31 00:00:00+08:00,17.91232424071341,18.127811670136662,17.66990139637236,17.777645111083984,1222716,0.0,0.0
2013-11-01 00:00:00+08:00,17.77764630317688,17.885390025113338,17.158122470842954,17.238929748535156,1153666,0.0,0.0
2013-11-04 00:00:00+08:00,16.969568126698142,17.238926350931447,16.32310797753018,16.37697982788086,1168482,0.0,0.0
2013-11-05 00:00:00+08:00,16.376982936785904,16.86182762694175,16.323111076208527,16.43085479736328,388446,0.0,0.0
2013-11-06 00:00:00+08:00,16.700212316554047,16.781019590001073,16.26923950648978,16.673276901245117,197416,0.0,0.0
2013-11-07 00:00:00+08:00,16.80795750619972,17.1042512106517,16.43085549369691,16.969572067260742,485916,0.0,0.0
2013-11-08 00:00:00+08:00,17.185053398672434,17.185053398672434,16.700208831644815,16.727144241333008,396331,0.0,0.0
2013-11-11 00:00:00+08:00,16.807955489820518,17.023441887891,16.70021177702518,16.75408363342285,488082,0.0,0.0
2013-11-12 00:00:00+08:00,16.91570010933562,16.969571971893313,15.946010693378414,16.161497116088867,674525,0.0,0.0
2013-11-13 00:00:00+08:00,16.16149470083492,16.376981091342017,15.999880164834634,16.05375099182129,234172,0.0,0.0
2013-11-14 00:00:00+08:00,16.053751692337066,16.161495406052165,15.0032551074558,15.62277889251709,660474,0.0,0.0
2013-11-15 00:00:00+08:00,15.622779910303967,16.053752738200792,15.622779910303967,16.026817321777344,233490,0.0,0.0
2013-11-18 00:00:00+08:00,15.89213824663006,16.70021307272989,15.89213824663006,16.43085479736328,227383,0.0,0.0
2013-11-19 00:00:00+08:00,16.43085233626827,16.754082423797243,16.40391692377424,16.700210571289062,173364,0.0,0.0
2013-11-20 00:00:00+08:00,16.64633819023268,16.942632855859788,16.538595516157443,16.781017303466797,168952,0.0,0.0
2013-11-21 00:00:00+08:00,16.888764577251393,16.888764577251393,16.403919872561755,16.538599014282227,324307,0.0,0.0
2013-11-22 00:00:00+08:00,16.538598518518036,16.646341212152514,16.21536838257405,16.43085479736328,167895,0.0,0.0
2013-11-25 00:00:00+08:00,16.861828341539848,17.1042512106517,16.619406499948315,16.969572067260742,301593,0.0,0.0
2013-11-26 00:00:00+08:00,17.023440658818036,17.18505518882246,16.700210571289062,16.700210571289062,232254,0.0,0.0
2013-11-27 00:00:00+08:00,16.915696276347465,16.915696276347465,16.37697982788086,16.37697982788086,201592,0.0,0.0
2013-11-28 00:00:00+08:00,16.43085560689296,16.807957621993715,16.43085560689296,16.592470169067383,162963,0.0,0.0
2013-11-29 00:00:00+08:00,16.861823344814017,16.861823344814017,16.592465137852002,16.727144241333008,213225,0.0,0.0
2013-12-02 00:00:00+08:00,16.834890904259257,16.96957003149333,16.727147191463917,16.75408363342285,247212,0.0,0.0
2013-12-03 00:00:00+08:00,16.807954419365036,17.077312656678448,16.538596182051624,16.91569709777832,478987,0.0,0.0
2013-12-04 00:00:00+08:00,16.727147104418705,18.073938369750977,16.70021169012014,18.073938369750977,1929479,0.0,0.0
2013-12-05 00:00:00+08:00,18.34329582385635,18.531847825814523,17.535221099853516,17.535221099853516,1995998,0.0,0.0
2013-12-06 00:00:00+08:00,17.5082846752123,17.750707489415582,17.104247336553552,17.346670150756836,710303,0.0,0.0
2013-12-09 00:00:00+08:00,17.56215875854907,17.750710784616285,17.373608787522414,17.616031646728516,665051,0.0,0.0
2013-12-10 00:00:00+08:00,17.616029559041024,17.858452389517428,17.400542141941926,17.562156677246094,457945,0.0,0.0
2013-12-11 00:00:00+08:00,17.53522133572685,17.939258703163137,17.13118396829056,17.211992263793945,763888,0.0,0.0
2013-12-12 00:00:00+08:00,17.21199154631135,17.45441436767578,17.13118325417646,17.45441436767578,340756,0.0,0.0
2013-12-13 00:00:00+08:00,17.45441385207387,17.616028376529332,17.131182748122768,17.346670150756836,437870,0.0,0.0
2013-12-16 00:00:00+08:00,17.346672258009782,17.508286802097984,17.13118482919856,17.185056686401367,503035,0.0,0.0
2013-12-17 00:00:00+08:00,17.211994331811184,17.508288025856018,17.131186026598698,17.238929748535156,379973,0.0,0.0
2013-12-18 00:00:00+08:00,17.400541487905777,17.481349780040667,17.13118325417646,17.45441436767578,310067,0.0,0.0
2013-12-19 00:00:00+08:00,17.562157921753833,17.562157921753833,17.292799658812577,17.427478790283203,554933,0.0,0.0
2013-12-20 00:00:00+08:00,17.481352946565487,17.481352946565487,17.26586549853313,17.319738388061523,262451,0.0,0.0
2013-12-23 00:00:00+08:00,17.508284906640835,18.53184700012207,17.508284906640835,18.53184700012207,4182353,0.0,0.0
2013-12-24 00:00:00+08:00,18.747331638826914,18.908946159282984,18.047000680157197,18.370229721069336,2047037,0.0,0.0
2013-12-25 00:00:00+08:00,18.370230285143922,18.531846865602702,18.127809524536133,18.127809524536133,579570,0.0,0.0
2013-12-26 00:00:00+08:00,18.26248964719707,18.477975007980334,17.40054203894311,18.316360473632812,1247482,0.0,0.0
2013-12-27 00:00:00+08:00,18.316361640379583,18.855078159214276,18.316361640379583,18.55878448486328,796252,0.0,0.0
2013-12-30 00:00:00+08:00,18.908947727149783,19.85170157219367,18.908947727149783,19.824766159057617,3699482,0.0,0.0
2013-12-31 00:00:00+08:00,19.824767492831796,19.824767492831796,19.205244728861057,19.339923858642578,1100949,0.0,0.0
2014-01-02 00:00:00+08:00,19.393791002243717,20.25573644699409,19.124432793879222,20.0941219329834,1637641,0.0,0.0
2014-01-03 00:00:00+08:00,19.501536047787972,20.740583481105734,19.501536047787972,19.986379623413086,1568695,0.0,0.0
2014-01-06 00:00:00+08:00,19.986379623413086,21.00994170813308,19.824765098204715,19.986379623413086,1934055,0.0,0.0
2014-01-07 00:00:00+08:00,19.93251145838368,20.363484268097398,19.609282364858505,19.770896911621094,1512663,0.0,0.0
2014-01-08 00:00:00+08:00,19.932512283325195,20.0402560039729,19.609283176422625,19.932512283325195,1073990,0.0,0.0
2014-01-09 00:00:00+08:00,20.040252685546875,20.1210589213717,19.770894456050385,20.040252685546875,1065113,0.0,0.0
2014-01-10 00:00:00+08:00,19.932511698404948,20.4442928151829,19.82476798091899,20.20186996459961,1574785,0.0,0.0
2014-01-13 00:00:00+08:00,21.0099451835972,21.0099451835972,20.363484920786103,20.686716079711914,1175642,0.0,0.0
2014-01-14 00:00:00+08:00,20.740584983600282,20.848328693224456,20.309612200143928,20.65977668762207,519972,0.0,0.0
2014-01-15 00:00:00+08:00,20.740585668029958,20.84832938120962,20.49816282713581,20.821393966674805,528259,0.0,0.0
2014-01-16 00:00:00+08:00,20.87526360855774,21.17155726167115,20.578969955444332,20.578969955444336,1023795,0.0,0.0
2014-01-17 00:00:00+08:00,20.578971686236407,20.875265364269563,20.25574053789441,20.52509880065918,400346,0.0,0.0
2014-01-20 00:00:00+08:00,21.0099443363238,21.548660857768,21.0099443363238,21.2793025970459,1907457,0.0,0.0
2014-01-21 00:00:00+08:00,21.279304664106494,21.521727533313303,21.117690102982166,21.30624008178711,1099041,0.0,0.0
2014-01-22 00:00:00+08:00,21.306236289580752,22.4644775390625,21.306236289580752,22.4644775390625,1967203,0.0,0.0
2014-01-23 00:00:00+08:00,22.62609455399113,23.488040191174594,22.518350835583075,22.949323654174805,1927074,0.0,0.0
2014-01-24 00:00:00+08:00,22.895451505379942,22.949322333964684,22.30286417078626,22.70690155029297,924884,0.0,0.0
2014-01-27 00:00:00+08:00,22.383671872018486,23.003196716308594,22.383671872018486,23.003196716308594,747737,0.0,0.0
2014-02-05 00:00:00+08:00,22.922390065394307,23.972887807283396,22.787710920409566,23.730464935302734,1228649,0.0,0.0
2014-02-06 00:00:00+08:00,23.972886763372205,24.51160331985248,23.81127220743624,24.29611587524414,1047630,0.0,0.0
2014-02-07 00:00:00+08:00,24.3499837790865,25.99306852897757,24.3499837790865,25.96613311767578,2021693,0.0,0.0
2014-02-10 00:00:00+08:00,26.55872617071077,26.93582817618549,26.127753330899925,26.720340728759766,1312133,0.0,0.0
2014-02-11 00:00:00+08:00,26.828081373929066,27.205183336131036,26.127750332719906,26.504852294921875,1149087,0.0,0.0
2014-02-12 00:00:00+08:00,26.39711073803118,26.774212731011165,26.0200087450512,26.154687881469727,916742,0.0,0.0
2014-02-13 00:00:00+08:00,26.04694326014356,26.63953267290674,25.58903503417969,25.589035034179688,1156627,0.0,0.0
2014-02-14 00:00:00+08:00,25.66984333525118,26.100816145871377,25.45435590242085,25.589035034179688,562220,0.0,0.0
2014-02-17 00:00:00+08:00,25.750650082835243,25.858393801348967,24.9964481633202,25.696779251098633,843238,0.0,0.0
2014-02-18 00:00:00+08:00,25.696777848038103,25.858392389464175,25.589034135407257,25.804521560668945,424747,0.0,0.0
2014-02-19 00:00:00+08:00,25.858393522226905,27.582286834716797,25.804522691071792,27.582286834716797,1763277,0.0,0.0
2014-02-20 00:00:00+08:00,27.582285498905243,28.013258292395562,26.828081569016902,27.31292724609375,1265071,0.0,0.0
2014-02-21 00:00:00+08:00,27.420667669842842,27.528409314014375,26.828078351698732,27.04356575012207,483128,0.0,0.0
2014-02-24 00:00:00+08:00,26.935825673355,27.312927643790054,26.720338245951996,26.989696502685547,372330,0.0,0.0
2014-02-25 00:00:00+08:00,26.98969287299617,27.205180271419504,26.828078351698732,27.04356575012207,338806,0.0,0.0
2014-02-26 00:00:00+08:00,27.043568491494707,28.282616020429256,26.935824781361195,27.205183029174805,841044,0.0,0.0
2014-02-27 00:00:00+08:00,27.312922574989788,27.743895294774394,26.774206161499023,26.774206161499023,922221,0.0,0.0
2014-03-03 00:00:00+08:00,26.289362469153794,26.828078921616125,26.12774794442313,26.397106170654297,685554,0.0,0.0
2014-03-04 00:00:00+08:00,26.397108648241183,26.504852359854322,26.127750396728516,26.127750396728516,511999,0.0,0.0
2014-03-05 00:00:00+08:00,26.397108977427195,26.504852690383956,26.127750722555486,26.181621551513672,317850,0.0,0.0
2014-03-06 00:00:00+08:00,26.20856034256079,26.45098114013672,26.20856034256079,26.45098114013672,306500,0.0,0.0
2014-03-07 00:00:00+08:00,26.66646530711331,26.82807983736049,26.181619661331514,26.20855712890625,460480,0.0,0.0
2014-03-10 00:00:00+08:00,26.235496394786598,26.34324011578969,25.319677848821126,25.42742156982422,894838,0.0,0.0
2014-03-11 00:00:00+08:00,25.42741911545311,25.589033653837696,24.511600657886635,24.538536071777344,829214,0.0,0.0
2014-03-12 00:00:00+08:00,24.53853964019204,24.6462833664634,23.03013363751498,23.703529357910156,2126520,0.0,0.0
2014-03-13 00:00:00+08:00,23.434169019483356,24.78096034244217,23.434169019483356,24.457731246948242,712254,0.0,0.0
2014-03-14 00:00:00+08:00,24.457732162212615,24.457732162212615,23.999821862246286,24.242244720458984,352041,0.0,0.0
2014-03-17 00:00:00+08:00,24.349990686276357,24.43079694310347,24.242246955466136,24.323055267333984,306333,0.0,0.0
2014-03-18 00:00:00+08:00,24.349987681794822,25.589035295627642,24.349987681794822,25.265806198120117,633951,0.0,0.0
2014-03-19 00:00:00+08:00,25.373544620167834,25.42741749956603,24.565469924556883,24.619342803955078,382325,0.0,0.0
2014-03-20 00:00:00+08:00,24.242243813258643,24.619345794695207,24.026756379569044,24.457731246948242,289038,0.0,0.0
2014-03-21 00:00:00+08:00,24.29611505401329,24.538537907243413,23.97288595306679,24.13450050354004,262758,0.0,0.0
2014-03-24 00:00:00+08:00,24.134497710295772,24.34998512268066,23.757395766142345,24.349985122680664,248938,0.0,0.0
2014-03-25 00:00:00+08:00,24.349988564937462,25.42742166909363,24.349988564937462,25.05031967163086,592378,0.0,0.0
2014-03-26 00:00:00+08:00,25.050320324413278,25.427422331702893,25.050320324413278,25.184999465942383,212418,0.0,0.0
2014-03-27 00:00:00+08:00,25.292738126303064,25.535160943527988,25.13112359983318,25.319673538208008,215590,0.0,0.0
2014-03-28 00:00:00+08:00,25.373550217109752,25.589037672154692,24.942577362060547,24.942577362060547,379633,0.0,0.0
2014-03-31 00:00:00+08:00,25.319677784969176,25.58903605927736,24.94257578992961,25.02338409423828,224058,0.0,0.0
2014-04-01 00:00:00+08:00,25.211935168800213,25.319678894251968,24.511604035924776,24.861770629882812,338300,0.0,0.0
2014-04-02 00:00:00+08:00,24.996444739581566,25.158059267695712,24.565469924556883,24.619342803955078,127177,0.0,0.0
2014-04-03 00:00:00+08:00,24.83483343399872,24.83483343399872,24.188375184165345,24.51160430908203,413605,0.0,0.0
2014-04-07 00:00:00+08:00,24.888705320396788,24.888705320396788,24.242245041612343,24.29611587524414,366696,0.0,0.0
2014-04-08 00:00:00+08:00,24.376924079610568,24.996448939009163,24.242244941049186,24.6732177734375,295441,0.0,0.0
2014-04-09 00:00:00+08:00,24.780958503539726,24.99644592123881,24.619343967785575,24.834829330444336,236185,0.0,0.0
2014-04-10 00:00:00+08:00,25.05031556393954,25.05031556393954,24.619342803955078,24.619342803955078,258822,0.0,0.0
2014-04-11 00:00:00+08:00,24.484664736563673,24.6193438582664,24.02675448975022,24.4307918548584,289759,0.0,0.0
2014-04-14 00:00:00+08:00,24.56546874324974,24.56546874324974,23.784331552421413,23.99981689453125,297761,0.0,0.0
2014-04-15 00:00:00+08:00,24.05369409469741,24.376923193478717,23.972885792481833,24.10756492614746,245092,0.0,0.0
2014-04-16 00:00:00+08:00,24.161431414873658,24.296110524332352,23.919010661880108,23.99981689453125,269125,0.0,0.0
2014-04-17 00:00:00+08:00,24.18837509861094,24.18837509861094,23.595785631638797,23.703529357910156,408350,0.0,0.0
2014-04-18 00:00:00+08:00,23.972887646068227,24.134502207954938,23.595785631638797,23.703529357910156,195025,0.0,0.0
2014-04-21 00:00:00+08:00,23.70352753784193,23.892077503058566,23.16481100289098,23.326425552368164,487120,0.0,0.0
2014-04-22 00:00:00+08:00,23.057069585416944,23.27255704291383,22.626096725463867,22.626096725463867,864990,0.0,0.0
2014-04-23 00:00:00+08:00,22.626096725463867,22.73384045421231,22.356738431113104,22.626096725463867,512731,0.0,0.0
2014-04-24 00:00:00+08:00,22.572219898290413,22.572219898290413,21.06381220620177,21.818016052246094,1563061,0.0,0.0
2014-04-25 00:00:00+08:00,21.818020098293715,22.03350753856468,20.309614181518555,20.309614181518555,1833426,0.0,0.0
2014-04-28 00:00:00+08:00,19.82476956654476,19.82476956654476,18.908950977225764,18.96282386779785,1153297,0.0,0.0
2014-04-29 00:00:00+08:00,19.33992169986404,20.09412350943009,18.477974132451152,20.040252685546875,1161657,0.0,0.0
2014-04-30 00:00:00+08:00,20.04025381227954,20.848328546201778,19.501537322998047,19.501537322998047,1282690,0.0,0.0
2014-05-02 00:00:00+08:00,19.824769470497415,19.986384031349388,18.154748916625977,18.154748916625977,4067380,0.0,0.0
2014-05-05 00:00:00+08:00,18.639586207755514,19.420725381571845,17.885384497378315,19.1513671875,2109610,0.0,0.0
2014-05-06 00:00:00+08:00,19.15137284441186,19.259116564873807,18.58572088078731,18.74733543395996,1244350,0.0,0.0
2014-05-07 00:00:00+08:00,18.585717118370845,18.935883625225767,18.34329431016668,18.370229721069336,652442,0.0,0.0
2014-05-08 00:00:00+08:00,18.477976510879117,18.531849396736888,17.777645435051838,17.83151626586914,2480301,0.0,0.0
2014-05-09 00:00:00+08:00,17.831514336360286,18.02006633389899,16.700210571289062,16.700210571289062,2431916,0.0,0.0
2014-05-12 00:00:00+08:00,16.915698465082997,17.29279941129096,16.21536740246805,16.996505737304688,1242301,0.0,0.0
2014-05-13 00:00:00+08:00,17.42747823251407,18.047003039467157,17.23892827650594,17.723773956298828,1384301,0.0,0.0
2014-05-14 00:00:00+08:00,17.777645195855037,18.20861800171616,17.777645195855037,18.181682586669922,881250,0.0,0.0
2014-05-15 00:00:00+08:00,18.37023365650499,19.339925097057623,18.37023365650499,19.178308486938477,1782022,0.0,0.0
2014-05-16 00:00:00+08:00,19.178307948873424,19.178307948873424,17.8584540735609,17.912324905395508,3751579,0.0,0.0
2014-05-19 00:00:00+08:00,17.85845528233773,17.85845528233773,17.238930399103683,17.37360954284668,1380288,0.0,0.0
2014-05-20 00:00:00+08:00,17.2389296875,17.2389296875,16.592469413210637,16.83489227294922,2602300,0.0,0.0
2014-05-21 00:00:00+08:00,16.834890309845346,17.53522133572685,16.834890309845346,17.211992263793945,1644891,0.0,0.0
2014-05-22 00:00:00+08:00,17.265861677340364,17.481349077682143,17.077311743321417,17.292797088623047,809461,0.0,0.0
2014-05-23 00:00:00+08:00,17.346669966228568,17.50828448896483,17.13118256588679,17.292797088623047,474205,0.0,0.0
2014-05-26 00:00:00+08:00,17.29279760217141,17.642964124365747,17.29279760217141,17.400541305541992,668273,0.0,0.0
2014-05-27 00:00:00+08:00,17.42747850253367,17.48135138725669,17.185056686401367,17.185056686401367,453681,0.0,0.0
2014-05-28 00:00:00+08:00,17.185055477681278,17.29279815698854,17.131183624267578,17.131183624267578,644152,0.0,0.0
2014-05-29 00:00:00+08:00,17.18505730252442,18.047003966111404,17.18505730252442,17.50828742980957,1973100,0.0,0.0
2014-05-30 00:00:00+08:00,17.66990197969202,17.750710282153495,17.238929161658653,17.50828742980957,796000,0.0,0.0
2014-06-03 00:00:00+08:00,17.508289307121217,17.562160144511456,17.104251861572266,17.104251861572266,663141,0.0,0.0
2014-06-04 00:00:00+08:00,17.13118482919856,17.48135138725669,17.13118482919856,17.185056686401367,766335,0.0,0.0
2014-06-05 00:00:00+08:00,17.40054078879394,17.40054078879394,17.211990854774992,17.292797088623047,763950,0.0,0.0
2014-06-06 00:00:00+08:00,17.481352946565487,17.50828836380938,17.211994664045342,17.319738388061523,696953,0.0,0.0
2014-06-09 00:00:00+08:00,17.400544639793203,17.427480057037094,17.238930081289237,17.319738388061523,532610,0.0,0.0
2014-06-10 00:00:00+08:00,17.265865053554105,17.319737941694076,16.592469364608622,17.0234432220459,1023602,0.0,0.0
2014-06-11 00:00:00+08:00,17.02344080371174,17.319735481268573,16.91569709777832,16.91569709777832,870478,0.0,0.0
2014-06-12 00:00:00+08:00,17.420440719193355,17.476635903622068,16.858491018574217,16.91468620300293,1568900,1.298196,0.0
2014-06-13 00:00:00+08:00,16.746098749473557,16.802293927525593,16.35273464677707,16.4089298248291,999973,0.0,0.0
2014-06-16 00:00:00+08:00,16.184150012087564,16.380832610283772,15.566006234662234,15.818882942199707,1829785,0.0,0.0
2014-06-17 00:00:00+08:00,15.931272863299919,16.296539923070934,15.931272863299919,16.099857330322266,657200,0.0,0.0
2014-06-18 00:00:00+08:00,16.184151139211234,16.240346324300067,15.846982172346253,15.9312744140625,475380,0.0,0.0
2014-06-19 00:00:00+08:00,15.987466643343936,16.071758869476,15.762685944546691,15.875076293945312,279100,0.0,0.0
2014-06-20 00:00:00+08:00,15.875077945845467,15.903175000201891,15.734590530395506,15.734590530395508,302200,0.0,0.0
2014-06-23 00:00:00+08:00,15.79078582353004,15.846981004477477,15.256933212280273,15.256933212280273,404470,0.0,0.0
2014-06-24 00:00:00+08:00,15.285030552198974,15.341224658421087,14.835470199584961,14.835470199584961,735250,0.0,0.0
2014-06-25 00:00:00+08:00,14.835471511311468,14.835471511311468,14.414009246377427,14.526399612426758,986837,0.0,0.0
2014-06-26 00:00:00+08:00,14.554495713392097,15.537907600402832,14.554495713392097,15.537907600402832,1400971,0.0,0.0
2014-06-27 00:00:00+08:00,16.296539726411734,16.605611602834262,15.903174545661342,16.54941749572754,3030874,0.0,0.0
2014-06-30 00:00:00+08:00,16.85848858732161,16.914683763646117,16.18414861509521,16.633708953857422,1448000,0.0,0.0
2014-07-01 00:00:00+08:00,16.63370966644474,16.689904845176645,16.38083189806811,16.465124130249023,415000,0.0,0.0
2014-07-02 00:00:00+08:00,16.83039295058992,16.858490005198345,16.212248102699196,16.35273551940918,525770,0.0,0.0
2014-07-03 00:00:00+08:00,16.52131711553419,16.74609672878514,16.296537502283236,16.324634552001953,387250,0.0,0.0
2014-07-04 00:00:00+08:00,16.380830913146948,16.493221263853126,15.875076478636789,15.959368705749512,613593,0.0,0.0
2014-07-07 00:00:00+08:00,15.987466745157954,16.15605119849569,15.875076395043589,15.903173446655273,241100,0.0,0.0
2014-07-08 00:00:00+08:00,15.903174820442528,16.12795554008882,15.650298118591309,15.650298118591309,413990,0.0,0.0
2014-07-09 00:00:00+08:00,15.594103612397845,16.184150347376615,15.256933590195425,16.015565872192383,689400,0.0,0.0
2014-07-10 00:00:00+08:00,16.29653830482051,16.29653830482051,15.762685759204938,15.790783882141113,318980,0.0,0.0
2014-07-11 00:00:00+08:00,16.015565540395915,16.07176072157111,15.706493651683251,15.818882942199707,367697,0.0,0.0
2014-07-14 00:00:00+08:00,15.818880933243491,16.15605090564102,15.790783882141113,15.790783882141113,346487,0.0,0.0
2014-07-15 00:00:00+08:00,15.903173158384426,15.9312712813206,15.790783882141113,15.790783882141113,215377,0.0,0.0
2014-07-16 00:00:00+08:00,15.846983421963014,16.40893317349597,15.846983421963014,16.127958297729492,734320,0.0,0.0
2014-07-17 00:00:00+08:00,16.240346324300067,16.380833751105143,15.931274414062498,15.9312744140625,290467,0.0,0.0
2014-07-18 00:00:00+08:00,15.959371299395668,16.01556648388135,15.8469820022583,15.8469820022583,173200,0.0,0.0
2014-07-21 00:00:00+08:00,15.903173345378065,16.04366074620944,15.875076293945312,15.875076293945312,147511,0.0,0.0
2014-07-22 00:00:00+08:00,15.903172985834185,15.903172985834185,15.622198190523802,15.678393363952637,410200,0.0,0.0
2014-07-23 00:00:00+08:00,15.678393363952637,15.678393363952637,15.678393363952637,15.678393363952637,0,0.0,0.0
2014-07-24 00:00:00+08:00,15.678395447676323,15.818882864002875,15.622200266778918,15.762687683105469,159200,0.0,0.0
2014-07-25 00:00:00+08:00,15.84698099036854,16.01556546122683,15.762687683105469,15.762687683105469,167200,0.0,0.0
2014-07-28 00:00:00+08:00,15.790783710810302,15.790783710810302,15.678393363952637,15.678393363952637,211288,0.0,0.0
2014-07-29 00:00:00+08:00,15.734589385058738,15.734589385058738,15.004055306628834,15.11644458770752,507506,0.0,0.0
2014-07-30 00:00:00+08:00,15.144541478777247,15.228833700681612,14.919760791253937,14.975955963134766,158846,0.0,0.0
2014-07-31 00:00:00+08:00,14.97595820536238,15.172640800476074,14.891665970837629,15.172640800476074,78333,0.0,0.0
2014-08-01 00:00:00+08:00,15.088349266154266,15.116446321688441,14.975958900349639,15.032154083251953,73037,0.0,0.0
2014-08-04 00:00:00+08:00,14.666884710406798,15.004054683303213,14.666884710406798,14.779273986816406,149144,0.0,0.0
2014-08-05 00:00:00+08:00,14.610691247224407,14.751178663063104,14.610691247224407,14.69498348236084,175005,0.0,0.0
2014-08-06 00:00:00+08:00,14.723083770483578,14.723083770483578,14.217328141734829,14.273523330688477,250000,0.0,0.0
2014-08-07 00:00:00+08:00,14.273521835820738,14.273521835820738,13.318208010995182,13.430597305297852,721410,0.0,0.0
2014-08-08 00:00:00+08:00,13.430596004910123,13.936350459888505,13.430596004910123,13.767765998840332,313040,0.0,0.0
2014-08-11 00:00:00+08:00,13.908253404560998,14.582593392303561,13.908253404560998,14.301618576049805,292000,0.0,0.0
2014-08-12 00:00:00+08:00,14.385912038939496,14.554496514400125,14.385912038939496,14.414009094238281,160000,0.0,0.0
2014-08-13 00:00:00+08:00,14.414008562691265,14.414008562691265,14.076838552369907,14.161131858825684,188290,0.0,0.0
2014-08-14 00:00:00+08:00,14.245423152058352,14.245423152058352,14.048740569715564,14.13303279876709,73000,0.0,0.0
2014-08-15 00:00:00+08:00,14.048740815143196,14.048740815143196,13.73966894594359,13.767765998840332,240092,0.0,0.0
2014-08-18 00:00:00+08:00,13.76776725361182,13.76776725361182,13.318207935288692,13.374402046203613,250207,0.0,0.0
2014-08-19 00:00:00+08:00,13.374402751421284,13.823963165283203,13.374402751421284,13.823963165283203,157798,0.0,0.0
2014-08-20 00:00:00+08:00,13.823962264686072,14.554496415847415,13.823962264686072,14.38591194152832,358030,0.0,0.0
2014-08-21 00:00:00+08:00,14.273521993920369,14.891666870850782,14.273521993920369,14.610692024230957,476500,0.0,0.0
2014-08-22 00:00:00+08:00,14.723081686871593,14.947861339041266,14.723081686871593,14.751178741455078,246722,0.0,0.0
2014-08-25 00:00:00+08:00,14.891666870850782,14.891666870850782,14.610692024230957,14.610692024230957,200620,0.0,0.0
2014-08-26 00:00:00+08:00,14.72308246730486,14.72308246730486,14.554496915365867,14.666887283325195,126046,0.0,0.0
2014-08-27 00:00:00+08:00,14.666887283325195,14.891666947409869,14.666887283325195,14.666887283325195,212267,0.0,0.0
2014-08-28 00:00:00+08:00,14.610691597898429,14.610691597898429,14.38591194152832,14.38591194152832,203000,0.0,0.0
2014-08-29 00:00:00+08:00,14.58259269467996,14.58259269467996,14.273519768486397,14.442105293273926,176000,0.0,0.0
2014-09-01 00:00:00+08:00,14.554495381138906,14.86356832452989,14.526398328027849,14.835470199584961,220561,0.0,0.0
2014-09-02 00:00:00+08:00,14.835468956255474,14.835468956255474,14.638786385460014,14.723079681396484,138000,0.0,0.0
2014-09-03 00:00:00+08:00,14.723082185040171,15.425519291734187,14.610691819235543,15.032154083251953,443100,0.0,0.0
2014-09-04 00:00:00+08:00,15.060250439887131,15.28503116106502,14.947861151132102,15.172640800476074,161101,0.0,0.0
2014-09-05 00:00:00+08:00,15.566005956143883,16.212247848510742,15.566005956143883,16.212247848510742,1280690,0.0,0.0
2014-09-09 00:00:00+08:00,16.970879932706723,17.027074040484543,16.60561180114746,16.60561180114746,3091271,0.0,0.0
2014-09-10 00:00:00+08:00,16.774197239989128,16.774197239989128,16.32463687760913,16.5775146484375,843135,0.0,0.0
2014-09-11 00:00:00+08:00,16.774195957469175,17.30804744019627,16.633708555935655,16.886585235595703,1616623,0.0,0.0
2014-09-12 00:00:00+08:00,17.083266899103513,17.53282720308456,16.914682455006716,17.42043685913086,2199961,0.0,0.0
2014-09-15 00:00:00+08:00,17.448535830652,18.20716912813028,17.420438777486375,17.926193237304688,2922498,0.0,0.0
2014-09-16 00:00:00+08:00,17.926193391540526,17.926193391540526,17.195659284610144,17.53282928466797,1374184,0.0,0.0
2014-09-17 00:00:00+08:00,17.813804206809728,17.813804206809728,17.30804866794613,17.56092643737793,763069,0.0,0.0
2014-09-18 00:00:00+08:00,17.785705934321655,18.460044860839844,17.757608880987767,18.460044860839844,2626027,0.0,0.0
2014-09-19 00:00:00+08:00,18.60053180338403,18.656728052306256,18.09477842509021,18.263362884521484,1154083,0.0,0.0
2014-09-22 00:00:00+08:00,18.15097402112577,18.347657693006088,17.982389547848268,18.010486602783203,873532,0.0,0.0
2014-09-23 00:00:00+08:00,18.03858582611669,18.179073261347096,16.802297039189572,17.027076721191406,1484373,0.0,0.0
2014-09-24 00:00:00+08:00,17.083268298637037,18.20716861474745,16.774196435194522,18.150972366333008,2093225,0.0,0.0
2014-09-25 00:00:00+08:00,18.03858498702683,18.431950216107662,17.448538215239605,17.701416015625,1412000,0.0,0.0
2014-09-26 00:00:00+08:00,17.33614669531475,17.67331669537257,17.3080485700735,17.53282928466797,411100,0.0,0.0
2014-09-29 00:00:00+08:00,17.785704964609295,18.431946802559196,17.729509789171516,17.98238754272461,784738,0.0,0.0
2014-09-30 00:00:00+08:00,17.926192973837317,18.179069664112923,17.420438521452247,17.78570556640625,547179,0.0,0.0
2014-10-01 00:00:00+08:00,17.78570538940575,18.82531240841641,17.78570538940575,18.235265731811523,1940530,0.0,0.0
2014-10-02 00:00:00+08:00,18.48814282337488,18.96579912916077,17.982387322463545,18.909605026245117,3506928,0.0,0.0
2014-10-03 00:00:00+08:00,19.106287869540125,19.38726269115101,18.54433822631836,18.54433822631836,2623354,0.0,0.0
2014-10-06 00:00:00+08:00,18.544339831502707,18.82531467743457,18.03858425135818,18.31955909729004,921885,0.0,0.0
2014-10-07 00:00:00+08:00,18.54433732490451,18.769118028734056,18.094778060913086,18.094778060913086,1236254,0.0,0.0
2014-10-08 00:00:00+08:00,18.094779029807775,18.094779029807775,17.476634204845293,17.56092643737793,1317225,0.0,0.0
2014-10-09 00:00:00+08:00,17.84190243580302,17.982389856557376,17.111368276613963,17.13946533203125,968327,0.0,0.0
2014-10-13 00:00:00+08:00,16.5775146474036,16.858489471935865,16.015564998339073,16.071760177612305,1028780,0.0,0.0
2014-10-14 00:00:00+08:00,15.959372044850717,16.408932469900932,15.959372044850717,16.240346908569336,461050,0.0,0.0
2014-10-15 00:00:00+08:00,16.408930181417798,16.63370982667683,15.95936981906584,16.071760177612305,355050,0.0,0.0
2014-10-16 00:00:00+08:00,15.53790783710092,16.07176044120137,15.004056304834384,15.706493377685547,574000,0.0,0.0
2014-10-17 00:00:00+08:00,15.903176029577264,16.099858638304795,15.004057369966809,15.200738906860352,524407,0.0,0.0
2014-10-20 00:00:00+08:00,15.453613454671,15.762685295030915,15.453613454671,15.566003799438477,198000,0.0,0.0
2014-10-21 00:00:00+08:00,15.566004088928754,15.73458853738147,15.453613742071086,15.678393363952637,166000,0.0,0.0
2014-10-22 00:00:00+08:00,16.184148335328047,16.240343510681136,15.931271653989878,15.959368705749512,291614,0.0,0.0
2014-10-23 00:00:00+08:00,15.959370180748659,15.959370180748659,15.622200169301971,15.734590530395508,183000,0.0,0.0
2014-10-24 00:00:00+08:00,15.790785270760374,15.790785270760374,15.453615268712594,15.509810447692871,157514,0.0,0.0
2014-10-27 00:00:00+08:00,15.509812606662596,15.706495224554894,14.498302459716795,14.498302459716797,485483,0.0,0.0
2014-10-28 00:00:00+08:00,14.610688953660015,15.06024818503913,14.610688953660015,14.975955963134766,207482,0.0,0.0
2014-10-29 00:00:00+08:00,15.088349115011193,16.015565872192383,15.088349115011193,16.015565872192383,535050,0.0,0.0
2014-10-30 00:00:00+08:00,16.156052957416932,16.605612263150615,15.818882942199705,15.818882942199707,1196239,0.0,0.0
2014-10-31 00:00:00+08:00,15.87507784643626,15.931273026631136,15.594103017295796,15.706493377685547,348038,0.0,0.0
2014-11-03 00:00:00+08:00,15.734589076170977,16.043660932862235,15.734589076170977,15.959368705749512,281144,0.0,0.0
2014-11-04 00:00:00+08:00,16.043660557563914,16.043660557563914,15.790783882141113,15.790783882141113,140300,0.0,0.0
2014-11-05 00:00:00+08:00,16.01556509681109,16.099857330322266,15.790785450169997,16.099857330322266,209314,0.0,0.0
2014-11-06 00:00:00+08:00,16.212247957292153,16.212247957292153,15.734590530395506,15.734590530395508,231299,0.0,0.0
2014-11-07 00:00:00+08:00,15.903173158384426,15.903173158384426,15.734588708102558,15.790783882141113,138173,0.0,0.0
2014-11-10 00:00:00+08:00,15.846979056179666,15.987466455359154,15.790783882141113,15.790783882141113,212100,0.0,0.0
2014-11-11 00:00:00+08:00,15.95936833242298,15.95936833242298,15.650296482961625,15.790783882141113,110000,0.0,0.0
2014-11-12 00:00:00+08:00,15.734591603711308,15.76268865998434,15.172641903578763,15.285032272338867,343461,0.0,0.0
2014-11-13 00:00:00+08:00,15.200737854706354,15.453615630114522,15.116445620181603,15.172640800476074,187000,0.0,0.0
2014-11-14 00:00:00+08:00,15.453615630114522,15.453615630114522,14.947861151132102,15.172640800476074,164000,0.0,0.0
2014-11-17 00:00:00+08:00,15.228834097846395,15.228834097846395,14.666884508050098,14.723079681396484,191000,0.0,0.0
2014-11-18 00:00:00+08:00,14.779275276548415,14.83547045557406,14.470203399658203,14.470203399658203,204149,0.0,0.0
2014-11-19 00:00:00+08:00,14.498301731386203,14.7511795233777,14.442107619240524,14.666887283325195,118092,0.0,0.0
2014-11-20 00:00:00+08:00,14.666887283325195,14.835471763430204,14.610692099345531,14.666887283325195,158259,0.0,0.0
2014-11-21 00:00:00+08:00,14.807371519326036,15.116443356919957,14.751176347445208,14.975955963134766,99000,0.0,0.0
2014-11-24 00:00:00+08:00,15.004055023193358,15.116444302148945,14.751177269834102,15.00405502319336,108000,0.0,0.0
2014-11-25 00:00:00+08:00,14.947860736674278,15.032152968861867,14.891665557937923,14.91976261138916,94424,0.0,0.0
2014-11-26 00:00:00+08:00,14.919763926779174,14.975959110469935,14.610692024230957,14.610692024230957,115224,0.0,0.0
2014-11-27 00:00:00+08:00,14.72308135061482,14.77927545849839,14.49830063174493,14.554495811462402,242000,0.0,0.0
2014-11-28 00:00:00+08:00,14.554496514400125,14.610691696831653,14.385912038939496,14.414009094238281,170128,0.0,0.0
2014-12-01 00:00:00+08:00,14.329717251281194,14.72308246730486,14.217326883321865,14.666887283325195,160220,0.0,0.0
2014-12-02 00:00:00+08:00,14.498302459716795,14.498302459716795,14.498302459716795,14.498302459716797,258544,0.0,0.0
2014-12-03 00:00:00+08:00,15.509810447692873,15.509810447692873,15.509810447692873,15.509810447692871,1122140,0.0,0.0
2014-12-04 00:00:00+08:00,15.762687683105469,15.762687683105469,15.762687683105469,15.762687683105469,1738406,0.0,0.0
2014-12-05 00:00:00+08:00,15.875078941213674,16.296541213989258,15.875078941213674,16.296541213989258,695870,0.0,0.0
2014-12-08 00:00:00+08:00,16.3527372827904,16.914687010227638,16.240346908569336,16.240346908569336,722700,0.0,0.0
2014-12-09 00:00:00+08:00,16.29654081104875,16.29654081104875,15.959370786798193,16.043663024902344,171200,0.0,0.0
2014-12-10 00:00:00+08:00,15.762687245924221,16.07176019637079,15.50981054665037,15.537907600402832,390100,0.0,0.0
2014-12-11 00:00:00+08:00,15.341225874622506,15.622200715343313,15.313128819284007,15.48171329498291,167200,0.0,0.0
2014-12-12 00:00:00+08:00,15.622198190523802,15.818880761607828,15.622198190523802,15.678393363952637,149227,0.0,0.0
2014-12-15 00:00:00+08:00,15.200737854706354,15.341225269525577,14.638788195429463,15.172640800476074,625036,0.0,0.0
2014-12-16 00:00:00+08:00,15.172639764163783,15.341224221698733,15.004055306628834,15.11644458770752,150000,0.0,0.0
2014-12-17 00:00:00+08:00,15.256933035000825,15.256933035000825,15.060250439887131,15.172640800476074,95464,0.0,0.0
2014-12-18 00:00:00+08:00,15.285031001113245,15.285031001113245,15.060250282287596,15.060250282287598,234264,0.0,0.0
2014-12-19 00:00:00+08:00,15.17264097677608,15.622200280687727,15.088348741271888,15.256933212280273,305000,0.0,0.0
2014-12-22 00:00:00+08:00,15.313128130058676,15.818882606225941,15.313128130058676,15.622200012207031,193362,0.0,0.0
2014-12-23 00:00:00+08:00,15.650299953345288,15.734592197177648,15.566007709512927,15.594104766845703,103000,0.0,0.0
2014-12-24 00:00:00+08:00,15.566005884640903,15.846980712364862,15.48171257885659,15.650298118591309,179449,0.0,0.0
2014-12-25 00:00:00+08:00,15.650296666981875,16.12795404417531,15.650296666981875,15.875076293945312,330000,0.0,0.0
2014-12-26 00:00:00+08:00,15.790785450169997,16.296539923070934,15.762687324443672,16.099857330322266,403645,0.0,0.0
2014-12-29 00:00:00+08:00,16.38083504281887,16.493225421859098,16.127958297729492,16.127958297729492,414070,0.0,0.0
2014-12-30 00:00:00+08:00,16.268444157871148,16.296541213989258,15.903175997331784,16.296541213989258,231344,0.0,0.0
2014-12-31 00:00:00+08:00,16.352735263018054,16.408930443187764,16.099857488171327,16.212247848510742,126002,0.0,0.0
2015-01-05 00:00:00+08:00,16.071763108209378,16.156055356572505,15.987470859846253,16.127958297729492,118388,0.0,0.0
2015-01-06 00:00:00+08:00,16.015563694776688,16.12795404417531,15.79078406781325,15.875076293945312,235102,0.0,0.0
2015-01-07 00:00:00+08:00,16.0155638811026,16.0155638811026,15.8188813032837,15.959368705749512,119467,0.0,0.0
2015-01-08 00:00:00+08:00,16.465127291181993,16.465127291181993,16.09986016705239,16.127958297729492,411443,0.0,0.0
2015-01-09 00:00:00+08:00,16.26844208975874,16.40892949615792,16.18414878845215,16.18414878845215,335240,0.0,0.0
2015-01-12 00:00:00+08:00,16.18414868811429,16.212246812320235,16.015564230213997,16.156051635742188,141347,0.0,0.0
2015-01-13 00:00:00+08:00,16.4089289503361,16.4089289503361,15.903173446655272,15.903173446655273,125000,0.0,0.0
2015-01-14 00:00:00+08:00,15.93127157010077,15.987466745157954,15.846979343431904,15.903173446655273,227247,0.0,0.0
2015-01-15 00:00:00+08:00,15.93127157010077,15.959368621712455,15.79078416837472,15.903173446655273,151000,0.0,0.0
2015-01-16 00:00:00+08:00,15.903172985834185,15.931271108465495,15.566004088928754,15.678393363952637,330374,0.0,0.0
2015-01-19 00:00:00+08:00,15.734590192171758,15.8469805508494,15.537907600402832,15.537907600402832,105299,0.0,0.0
2015-01-20 00:00:00+08:00,16.01556648388135,16.01556648388135,15.73459163328694,15.8469820022583,227354,0.0,0.0
2015-01-21 00:00:00+08:00,15.903173158384426,15.9312712813206,15.62219836002545,15.790783882141113,105000,0.0,0.0
2015-01-22 00:00:00+08:00,15.678395525178688,15.931273304550091,15.678395525178688,15.818882942199707,108091,0.0,0.0
2015-01-23 00:00:00+08:00,15.903175000201891,15.959370180748659,15.734590530395506,15.734590530395508,268050,0.0,0.0
2015-01-26 00:00:00+08:00,15.734591854502865,15.734591854502865,15.228837330689217,15.425519943237305,269356,0.0,0.0
2015-01-27 00:00:00+08:00,15.425516143789809,15.50980836502446,15.341222850721412,15.397418022155762,245000,0.0,0.0
2015-01-28 00:00:00+08:00,15.34122638488493,15.34122638488493,15.256934144231845,15.285032272338867,180924,0.0,0.0
2015-01-29 00:00:00+08:00,15.285032442551312,15.481713982320734,15.285032442551312,15.369324684143066,80585,0.0,0.0
2015-01-30 00:00:00+08:00,15.397421740728982,15.481713982320734,15.369324684143065,15.369324684143066,63238,0.0,0.0
2015-02-02 00:00:00+08:00,15.425518490022027,15.734590372170382,15.313128130058676,15.622200012207031,120240,0.0,0.0
2015-02-03 00:00:00+08:00,15.62220158098763,15.62220158098763,15.453617095947266,15.453617095947266,51000,0.0,0.0
2015-02-04 00:00:00+08:00,15.481713042150572,15.509811168864156,15.228836332731957,15.341225624084473,158000,0.0,0.0
2015-02-05 00:00:00+08:00,15.341224570650503,15.397419748384984,15.172640109280929,15.313127517700195,77000,0.0,0.0
2015-02-06 00:00:00+08:00,15.313129275228654,15.313129275228654,15.172641850685272,15.200738906860352,122000,0.0,0.0
2015-02-09 00:00:00+08:00,15.341224388194423,15.36932251264442,15.060249574697574,15.228835105895996,85000,0.0,0.0
2015-02-10 00:00:00+08:00,15.228835821406832,15.228835821406832,14.835470635295852,15.060250282287598,126100,0.0,0.0
2015-02-11 00:00:00+08:00,15.060249411251256,15.172639764163783,15.060249411251256,15.11644458770752,95250,0.0,0.0
2015-02-12 00:00:00+08:00,15.116445181935447,15.116445181935447,14.83547036044284,14.947860717773438,149000,0.0,0.0
2015-02-13 00:00:00+08:00,15.004054854530896,15.032151905995494,14.891664505004883,14.891664505004883,100521,0.0,0.0
2015-02-24 00:00:00+08:00,14.947860736674278,15.004055915410632,14.83547037920157,14.91976261138916,109000,0.0,0.0
2015-02-25 00:00:00+08:00,14.891663448091057,14.91976049756151,14.779273106541783,14.863566398620605,108149,0.0,0.0
2015-02-26 00:00:00+08:00,14.86356762062351,15.004055023193358,14.723080218053662,15.00405502319336,127000,0.0,0.0
2015-03-02 00:00:00+08:00,15.116443059355873,15.14454118066006,14.807371227845968,14.863566398620605,81000,0.0,0.0
2015-03-03 00:00:00+08:00,14.975955668336148,15.004053789640333,14.863566398620605,14.863566398620605,88090,0.0,0.0
2015-03-04 00:00:00+08:00,14.863569089316064,15.285031338670956,14.863569089316064,15.256933212280273,128289,0.0,0.0
2015-03-05 00:00:00+08:00,15.256933035000825,15.341225269525577,15.172640800476074,15.172640800476074,75102,0.0,0.0
2015-03-06 00:00:00+08:00,15.285028751120809,15.622197636059415,15.285028751120809,15.397418022155762,427935,0.0,0.0
2015-03-09 00:00:00+08:00,15.313128215295299,15.36932339558977,15.060250439887131,15.172640800476074,249700,0.0,0.0
2015-03-10 00:00:00+08:00,15.228835980770548,15.228835980770548,15.116445620181603,15.172640800476074,87541,0.0,0.0
2015-03-11 00:00:00+08:00,15.060250003270149,15.088348128519739,14.919762592523846,14.947860717773438,137255,0.0,0.0
2015-03-12 00:00:00+08:00,14.891663741230401,15.369321094466805,14.891663741230401,14.975955963134766,145042,0.0,0.0
2015-03-13 00:00:00+08:00,15.144543587764167,15.144543587764167,15.032153228351342,15.060250282287598,87000,0.0,0.0
2015-03-16 00:00:00+08:00,15.060250282287596,15.060250282287596,15.060250282287596,15.060250282287598,0,0.0,0.0
2015-03-17 00:00:00+08:00,15.060251138786127,15.116446321688441,15.032154083251953,15.032154083251953,93281,0.0,0.0
2015-03-18 00:00:00+08:00,15.032154083251953,15.116446321688441,15.032154083251953,15.032154083251953,90000,0.0,0.0
2015-03-19 00:00:00+08:00,15.060250439887131,15.453615630114522,15.060250439887131,15.172640800476074,409000,0.0,0.0
2015-03-20 00:00:00+08:00,15.228834940620047,15.28503011707631,15.088347535396307,15.11644458770752,150841,0.0,0.0
2015-03-23 00:00:00+08:00,15.50980978467927,16.156051635742188,15.453614608101224,16.156051635742188,747985,0.0,0.0
2015-03-24 00:00:00+08:00,16.633708953857422,17.139463397110305,16.577513777532914,16.633708953857422,2937349,0.0,0.0
2015-03-25 00:00:00+08:00,16.633710092032683,16.914684921047307,16.071760434003426,16.212247848510742,751239,0.0,0.0
2015-03-26 00:00:00+08:00,16.071763108209378,16.40893317349597,16.015567918689264,16.127958297729492,480200,0.0,0.0
2015-03-27 00:00:00+08:00,16.21224528129335,16.35273267355441,16.071757889032284,16.324634552001953,398034,0.0,0.0
2015-03-30 00:00:00+08:00,16.437028936193975,16.437028936193975,15.90317628560108,15.9312744140625,250344,0.0,0.0
2015-03-31 00:00:00+08:00,15.95936981906584,16.127955356885536,15.903174639792608,16.071760177612305,197884,0.0,0.0
2015-04-01 00:00:00+08:00,16.07175905645569,16.099856108215324,15.959368705749512,15.959368705749512,136064,0.0,0.0
2015-04-02 00:00:00+08:00,16.015566655778745,16.09985889749499,15.90317628560108,15.9312744140625,154090,0.0,0.0
2015-04-07 00:00:00+08:00,16.071760276429842,16.12795545604859,15.959369917192342,16.099857330322266,214442,0.0,0.0
2015-04-08 00:00:00+08:00,16.099857330322266,16.240344743452187,15.987468042918668,16.099857330322266,179099,0.0,0.0
2015-04-09 00:00:00+08:00,16.63370992894953,16.63370992894953,16.099857330322266,16.099857330322266,148830,0.0,0.0
2015-04-10 00:00:00+08:00,16.184148335328047,16.184148335328047,15.903173530396423,15.959368705749512,244315,0.0,0.0
2015-04-13 00:00:00+08:00,15.959369640568804,16.07175999785824,15.959369640568804,15.987467765808105,124200,0.0,0.0
2015-04-14 00:00:00+08:00,16.015565872192383,16.0436629274451,15.903175507513591,16.015565872192383,93074,0.0,0.0
2015-04-15 00:00:00+08:00,16.071758680500086,16.099855731602467,15.790783882141113,15.790783882141113,89102,0.0,0.0
2015-04-16 00:00:00+08:00,15.846979056179666,16.071758680500086,15.734588708102558,15.790783882141113,160076,0.0,0.0
2015-04-17 00:00:00+08:00,15.790783417139664,16.015563034840852,15.566003799438477,15.566003799438477,222734,0.0,0.0
2015-04-20 00:00:00+08:00,15.566007709512927,15.706495139844872,15.509812523013345,15.594104766845703,112793,0.0,0.0
2015-04-21 00:00:00+08:00,15.594103044933744,15.594103044933744,15.060250439887131,15.172640800476074,372002,0.0,0.0
2015-04-22 00:00:00+08:00,15.28503011707631,15.28503011707631,15.088347535396307,15.11644458770752,189018,0.0,0.0
2015-04-23 00:00:00+08:00,15.17264207253964,15.509812110740654,15.116446887533803,15.369324684143066,159755,0.0,0.0
2015-04-24 00:00:00+08:00,15.36932339558977,15.566005990703465,15.172640800476074,15.172640800476074,121200,0.0,0.0
2015-04-27 00:00:00+08:00,15.228836157723519,15.453615809679341,15.228836157723519,15.256933212280273,123350,0.0,0.0
2015-04-28 00:00:00+08:00,15.256933035000825,15.28503116106502,15.116445620181603,15.172640800476074,138760,0.0,0.0
2015-04-29 00:00:00+08:00,15.17264062220624,15.17264062220624,14.975958029403452,15.088348388671875,156000,0.0,0.0
2015-04-30 00:00:00+08:00,15.060250282287596,15.17264064170042,14.97595804864493,15.060250282287598,87280,0.0,0.0
2015-05-04 00:00:00+08:00,15.144541358451807,15.594100586259112,15.06024806538341,15.397418022155762,151228,0.0,0.0
2015-05-05 00:00:00+08:00,15.31312580092111,15.425516143789809,15.200735458052412,15.397418022155762,55315,0.0,0.0
2015-05-06 00:00:00+08:00,15.3974208056777,15.425518932391284,15.285031514325185,15.341225624084473,50000,0.0,0.0
2015-05-07 00:00:00+08:00,15.285032272338869,15.285032272338869,15.200738959851792,15.285032272338867,61053,0.0,0.0
2015-05-08 00:00:00+08:00,15.285031870395384,15.285031870395384,14.947861844815463,15.032154083251953,129228,0.0,0.0
2015-05-11 00:00:00+08:00,15.060251427514878,15.285032163433534,14.666887283325195,14.666887283325195,224232,0.0,0.0
2015-05-12 00:00:00+08:00,14.610690991179876,14.975958051592592,14.49830063174493,14.554495811462402,349536,0.0,0.0
2015-05-13 00:00:00+08:00,14.554495381138906,14.86356832452989,14.554495381138906,14.835470199584961,78000,0.0,0.0
2015-05-14 00:00:00+08:00,14.638789080159347,14.751179447540869,14.610692024230957,14.610692024230957,91010,0.0,0.0
2015-05-15 00:00:00+08:00,14.638787269592287,14.86356797655381,14.638787269592287,14.638787269592285,157672,0.0,0.0
2015-05-18 00:00:00+08:00,14.638787269592287,14.694982446332668,14.61069021713902,14.638787269592285,141000,0.0,0.0
2015-05-19 00:00:00+08:00,14.638787612305947,14.835470199584961,14.638787612305947,14.835470199584961,64200,0.0,0.0
2015-05-20 00:00:00+08:00,14.863567283915856,14.94785950918151,14.751176935672452,14.779273986816406,114000,0.0,0.0
2015-05-21 00:00:00+08:00,14.751177104014271,14.891664505004883,14.694981929251265,14.891664505004883,61000,0.0,0.0
2015-05-22 00:00:00+08:00,14.94785967976789,15.116444132223101,14.891664505004883,14.891664505004883,120200,0.0,0.0
2015-05-25 00:00:00+08:00,15.144541478777247,15.144541478777247,14.919760791253937,14.975955963134766,75224,0.0,0.0
2015-05-26 00:00:00+08:00,14.975957608807988,14.975957608807988,14.779275021528976,14.835470199584961,124070,0.0,0.0
2015-05-27 00:00:00+08:00,14.723079884528499,14.835469160938107,14.723079884528499,14.779273986816406,71048,0.0,0.0
2015-05-28 00:00:00+08:00,14.807373146473905,14.947860555696932,14.807373146473905,14.835470199584961,60000,0.0,0.0
2015-05-29 00:00:00+08:00,14.807371519326036,14.975955963134766,14.807371519326036,14.975955963134766,93069,0.0,0.0
2015-06-01 00:00:00+08:00,14.975956560325464,15.060248785591119,14.779273986816404,14.779273986816406,61252,0.0,0.0
2015-06-02 00:00:00+08:00,14.947861339041266,14.947861339041266,14.751178741455078,14.751178741455078,74000,0.0,0.0
2015-06-03 00:00:00+08:00,14.863569716276052,14.863569716276052,14.582594871520996,14.582594871520996,64200,0.0,0.0
2015-06-04 00:00:00+08:00,14.610692317884512,14.83547198533132,14.2454252243042,14.2454252243042,156000,0.0,0.0
2015-06-05 00:00:00+08:00,14.245423050755239,14.245423050755239,13.964448241359017,14.104935646057129,224144,0.0,0.0
2015-06-08 00:00:00+08:00,12.70005989074707,12.70005989074707,12.70005989074707,12.70005989074707,257606,0.0,0.0
2015-06-09 00:00:00+08:00,11.969527146793931,12.33479527769264,11.435675621032715,11.435675621032715,946068,0.0,0.0
2015-06-10 00:00:00+08:00,11.238994085703949,12.334796437793683,11.238994085703949,12.025723457336426,794361,0.0,0.0
2015-06-11 00:00:00+08:00,12.025723457336424,12.138113826927064,11.969528272541105,12.025723457336426,106000,0.0,0.0
2015-06-12 00:00:00+08:00,11.969527303758886,12.138112844499974,11.969527303758886,12.053820610046387,45000,0.0,0.0
2015-06-15 00:00:00+08:00,11.969525725498265,11.997623847833815,11.491869435965423,11.716649055480957,189000,0.0,0.0
2015-06-16 00:00:00+08:00,11.716652083187,11.997626948146717,11.435677218227283,11.800944328308105,115000,0.0,0.0
2015-06-17 00:00:00+08:00,11.772845466754578,11.885234752418171,11.71665028800584,11.829039573669434,94449,0.0,0.0
2015-06-18 00:00:00+08:00,11.829039830561985,12.306697252548778,11.829039830561985,11.969527244567871,593000,0.0,0.0
2015-06-22 00:00:00+08:00,12.025722163373077,12.053820288664388,11.829039573669432,11.829039573669434,93145,0.0,0.0
2015-06-23 00:00:00+08:00,11.85713717583797,12.166209037569324,11.829039051786314,12.081916809082031,198000,0.0,0.0
2015-06-24 00:00:00+08:00,12.081914993005064,12.166207208822085,12.081914993005064,12.138110160827637,56000,0.0,0.0
2015-06-25 00:00:00+08:00,12.138113041963882,12.222405277788743,12.025722679641447,12.110014915466309,115131,0.0,0.0
2015-06-26 00:00:00+08:00,12.194308378632835,12.27860061553263,12.194308378632835,12.222405433654785,85374,0.0,0.0
2015-06-29 00:00:00+08:00,12.194307526573011,12.278599757583008,12.110014223729145,12.25050163269043,230000,0.0,0.0
2015-06-30 00:00:00+08:00,12.250501970349397,12.531476796016438,12.19430786268311,12.447184562683105,323050,0.0,0.0
2015-07-01 00:00:00+08:00,12.447186071218031,12.868648360797653,12.447186071218031,12.784356117248535,351146,0.0,0.0
2015-07-02 00:00:00+08:00,12.784354895149212,13.374401615422528,12.784354895149212,13.149621963500977,278146,0.0,0.0
2015-07-03 00:00:00+08:00,13.149623634231064,13.262014010388604,12.952941011872404,13.009136199951172,117216,0.0,0.0
2015-07-06 00:00:00+08:00,13.093426163512298,13.093426163512298,12.700062059206095,12.84054946899414,219028,0.0,0.0
2015-07-07 00:00:00+08:00,12.840547855551513,13.065327468601566,12.840547855551513,12.952937126159668,155000,0.0,0.0
2015-07-08 00:00:00+08:00,12.952938853861806,12.952938853861806,12.39098921036526,12.868646621704102,131555,0.0,0.0
2015-07-09 00:00:00+08:00,12.475283512441978,12.924842834472656,12.447185384918829,12.924842834472656,109000,0.0,0.0
2015-07-10 00:00:00+08:00,12.924842834472656,12.924842834472656,12.924842834472656,12.924842834472656,0,0.0,0.0
2015-07-13 00:00:00+08:00,13.009135073374162,13.037233200897312,12.868647651260329,12.924842834472656,109000,0.0,0.0
2015-07-14 00:00:00+08:00,12.924841719337655,12.952938772602664,12.756257256079845,12.812451362609863,62000,0.0,0.0
2015-07-15 00:00:00+08:00,12.81244895919748,12.924839294842625,12.81244895919748,12.138110160827637,175200,0.0,0.0
2015-07-16 00:00:00+08:00,13.035017605305946,13.15460538316047,12.975224856852256,13.005121231079102,150200,1.3,0.0
2015-07-17 00:00:00+08:00,13.005120182430767,13.184500694274904,12.885532414219023,13.184500694274902,117000,0.0,0.0
2015-07-20 00:00:00+08:00,13.124708413105726,13.214398672188127,12.945326754467404,13.035017013549805,31139,0.0,0.0
2015-07-21 00:00:00+08:00,13.035018202537849,13.124709610274964,12.55666935015015,12.676257133483887,109143,0.0,0.0
2015-07-22 00:00:00+08:00,12.586565980153637,12.646359873029093,12.28759765625,12.28759765625,104335,0.0,0.0
2015-07-23 00:00:00+08:00,12.287593891370971,12.61645963118576,11.629864692687988,11.629864692687988,199900,0.0,0.0
2015-07-24 00:00:00+08:00,11.65976333618164,11.928835253975242,11.65976333618164,11.65976333618164,214000,0.0,0.0
2015-07-27 00:00:00+08:00,11.659763118005094,11.779350888225315,10.493786350015185,10.643270492553711,282000,0.0,0.0
2015-07-28 00:00:00+08:00,10.58347663562857,11.061825385289577,10.254610872322418,11.031929016113281,142000,0.0,0.0
2015-07-29 00:00:00+08:00,11.241207248856593,11.480382793257663,11.181414503229844,11.360795021057129,58000,0.0,0.0
2015-07-30 00:00:00+08:00,11.061825720113081,11.659762245524599,11.061825720113081,11.54017448425293,81100,0.0,0.0
2015-07-31 00:00:00+08:00,11.659764821971876,11.928836774053002,11.599970928123442,11.719558715820312,150200,0.0,0.0
2015-08-03 00:00:00+08:00,11.659763387246077,11.779351160227755,11.390691468274065,11.570073127746582,93000,0.0,0.0
2015-08-04 00:00:00+08:00,11.659763311084948,11.779351083285482,11.301001134956861,11.360795021057129,169000,0.0,0.0
2015-08-05 00:00:00+08:00,11.420590387051801,11.71955871582031,11.420590387051801,11.719558715820312,58000,0.0,0.0
2015-08-06 00:00:00+08:00,11.71955722241061,11.839143854395028,11.390691418388041,11.65976333618164,55000,0.0,0.0
2015-08-07 00:00:00+08:00,11.659762831256863,12.108215247843665,11.629866459673798,11.898937225341797,101000,0.0,0.0
2015-08-10 00:00:00+08:00,11.83914522925228,12.197907447814941,11.809248852902746,12.197907447814941,40479,0.0,0.0
2015-08-11 00:00:00+08:00,11.988628047563507,12.646358517759369,11.988628047563507,12.257699966430664,181362,0.0,0.0
2015-08-12 00:00:00+08:00,12.287595878704627,12.437080019031805,12.287595878704627,12.407183647155762,134000,0.0,0.0
2015-08-13 00:00:00+08:00,12.377288281481484,12.377288281481484,12.257700503308556,12.31749439239502,54107,0.0,0.0
2015-08-14 00:00:00+08:00,12.257700503308556,12.347390766701464,12.018526087436275,12.31749439239502,65350,0.0,0.0
2015-08-17 00:00:00+08:00,12.377287662786793,13.124708387822867,12.377287662786793,12.736048698425293,231012,0.0,0.0
2015-08-18 00:00:00+08:00,12.736049825986472,12.885533984227974,12.646359559136295,12.765947341918945,119373,0.0,0.0
2015-08-19 00:00:00+08:00,12.795843776344,12.915431559677737,12.55666935015015,12.676257133483887,342148,0.0,0.0
2015-08-20 00:00:00+08:00,12.706153392791748,13.9319230286128,12.706153392791748,13.752542495727539,1328074,0.0,0.0
2015-08-21 00:00:00+08:00,13.393779238560406,13.7525414166548,13.393779238560406,13.632953643798828,1016000,0.0,0.0
2015-08-24 00:00:00+08:00,13.453574241735126,13.513368133126452,12.736049825986472,12.765947341918945,645521,0.0,0.0
2015-08-25 00:00:00+08:00,12.078319882366253,13.035017538397446,12.078319882366253,12.795843124389648,269000,0.0,0.0
2015-08-26 00:00:00+08:00,12.795842158296956,13.36388234659252,12.61646164645282,13.184500694274902,254013,0.0,0.0
2015-08-27 00:00:00+08:00,13.45357091526317,13.66284891315082,13.184499040768571,13.513364791870117,405000,0.0,0.0
2015-08-28 00:00:00+08:00,13.692745281217624,13.752539157824572,13.513364791870117,13.513364791870117,224060,0.0,0.0
2015-08-31 00:00:00+08:00,13.692748604607914,14.350479125976562,13.573161962842278,14.350479125976562,684641,0.0,0.0
2015-09-01 00:00:00+08:00,14.350479011393698,14.948415636868436,14.350479011393698,14.52985954284668,534025,0.0,0.0
2015-09-02 00:00:00+08:00,14.49996239155039,14.64944653991689,14.111303833892203,14.5597562789917,262083,0.0,0.0
2015-09-03 00:00:00+08:00,14.649447441101074,14.948415756225586,14.230891343737312,14.350479125976562,430182,0.0,0.0
2015-09-04 00:00:00+08:00,14.350478577417855,14.589652992280104,13.991716384887694,13.991716384887695,199070,0.0,0.0
2015-09-07 00:00:00+08:00,14.200993173301692,14.200993173301692,13.961818779530251,14.171096801757812,95000,0.0,0.0
2015-09-08 00:00:00+08:00,14.230891232400197,14.828827857971191,14.230891232400197,14.828827857971191,353250,0.0,0.0
2015-09-09 00:00:00+08:00,14.828826540584984,14.978310683697629,14.619549652606084,14.798930168151855,273081,0.0,0.0
2015-09-10 00:00:00+08:00,14.70923983150063,14.70923983150063,14.29068377684033,14.589652061462402,252350,0.0,0.0
2015-09-11 00:00:00+08:00,14.589650700636188,14.769032338961996,14.41027020278377,14.649444580078125,95000,0.0,0.0
2015-09-14 00:00:00+08:00,14.91851646733014,15.307174972992636,14.649444580078123,14.649444580078125,630000,0.0,0.0
2015-09-15 00:00:00+08:00,14.828827419001016,14.828827419001016,14.14120054804456,14.290684700012207,227000,0.0,0.0
2015-09-16 00:00:00+08:00,14.41027247777575,14.41027247777575,13.931922507195143,14.290684700012207,434072,0.0,0.0
2015-09-17 00:00:00+08:00,14.350478588893978,14.470066366657523,14.11130417384046,14.290684700012207,254083,0.0,0.0
2015-09-18 00:00:00+08:00,14.290682927983177,14.649445076314127,14.260786557486194,14.410270690917969,262480,0.0,0.0
2015-09-21 00:00:00+08:00,14.111304120212216,14.529859059846816,14.111304120212216,14.380374908447266,246047,0.0,0.0
2015-09-22 00:00:00+08:00,14.649445076314127,14.649445076314127,14.350476809450573,14.410270690917969,106398,0.0,0.0
2015-09-23 00:00:00+08:00,14.23088904651578,14.470064572385366,14.23088904651578,14.410270690917969,165001,0.0,0.0
2015-09-24 00:00:00+08:00,14.440167987929017,14.529858245648128,13.872128928725644,14.111303329467773,238450,0.0,0.0
2015-09-25 00:00:00+08:00,14.111303692428619,14.320581726138446,14.051509805586734,14.141200065612793,82600,0.0,0.0
2015-09-29 00:00:00+08:00,14.141200065612795,14.141200065612795,14.141200065612795,14.141200065612793,0,0.0,0.0
2015-09-30 00:00:00+08:00,14.290684292198181,15.486557473812649,14.111303771145426,15.33707332611084,1515506,0.0,0.0
2015-10-01 00:00:00+08:00,15.277275849243281,16.144284158382774,15.038101497213745,15.845315933227539,1338459,0.0,0.0
2015-10-02 00:00:00+08:00,15.845318662848488,16.084493056079808,15.606144269617166,15.725730895996094,542623,0.0,0.0
2015-10-05 00:00:00+08:00,16.024699751498883,16.38346192454183,16.024699751498883,16.08449363708496,763822,0.0,0.0
2015-10-06 00:00:00+08:00,16.084494536039234,16.622637255443426,15.72573234294525,16.174184799194336,772562,0.0,0.0
2015-10-07 00:00:00+08:00,16.114391637171234,16.4432563071243,15.725731939351279,16.233978271484375,961777,0.0,0.0
2015-10-08 00:00:00+08:00,16.2040837877101,16.2040837877101,15.366972688001828,15.426765441894531,566520,0.0,0.0
2015-10-12 00:00:00+08:00,15.54634898901785,15.54634898901785,14.589650361599002,15.008206367492676,820400,0.0,0.0
2015-10-13 00:00:00+08:00,14.948415284109586,15.097899436950684,14.888621394878433,15.097899436950684,111038,0.0,0.0
2015-10-14 00:00:00+08:00,15.097898118900176,15.127794490669002,15.008207863120218,15.068001747131348,70513,0.0,0.0
2015-10-15 00:00:00+08:00,15.068002473003332,15.187589106312974,14.948414699220159,15.127795219421387,157000,0.0,0.0
2015-10-16 00:00:00+08:00,15.187589579094794,15.187589579094794,14.978311538696289,14.978311538696289,100317,0.0,0.0
2015-10-19 00:00:00+08:00,14.978310683697629,15.038104569037388,14.529858254359695,14.798930168151855,167000,0.0,0.0
2015-10-20 00:00:00+08:00,14.709239455389616,15.097897987365723,14.709239455389616,14.948413848876953,91143,0.0,0.0
2015-10-21 00:00:00+08:00,14.94841248944024,15.187586861176612,14.828824733335374,15.008206367492676,110000,0.0,0.0
2015-10-22 00:00:00+08:00,15.068003188071204,15.60614591468655,14.948415408612867,15.51645565032959,281198,0.0,0.0
2015-10-23 00:00:00+08:00,15.606147124993667,15.695837396306398,15.426765441894531,15.426765441894531,217197,0.0,0.0
2015-10-26 00:00:00+08:00,15.426762215420153,15.606143861002,15.366969474032974,15.396865844726562,169599,0.0,0.0
2015-10-27 00:00:00+08:00,15.426763101395935,15.964906928574225,15.426763101395935,15.875215530395508,615026,0.0,0.0
2015-10-28 00:00:00+08:00,16.024701234484382,16.084495125604008,15.54635238647461,15.54635238647461,299314,0.0,0.0
2015-10-29 00:00:00+08:00,15.725731037825335,15.725731037825335,15.45666027069092,15.456660270690918,117239,0.0,0.0
2015-10-30 00:00:00+08:00,15.366971433123702,15.815423893540071,15.24738365415657,15.307177543640137,159200,0.0,0.0
2015-11-02 00:00:00+08:00,15.307176952759894,15.665939135338942,15.18758917840903,15.33707332611084,140189,0.0,0.0
2015-11-03 00:00:00+08:00,15.366971853589348,15.576248761797615,15.307177962469723,15.54635238647461,143001,0.0,0.0
2015-11-04 00:00:00+08:00,15.546350969587055,15.87521563006199,15.307176567380417,15.69583511352539,351231,0.0,0.0
2015-11-05 00:00:00+08:00,15.636041377441265,16.263875472272712,15.606145004556991,16.114391326904297,795350,0.0,0.0
2015-11-06 00:00:00+08:00,16.44325540179583,16.592739541812158,15.725731073528076,15.75562858581543,739777,0.0,0.0
2015-11-09 00:00:00+08:00,15.725731882040835,15.725731882040835,15.247383065584463,15.33707332611084,454000,0.0,0.0
2015-11-10 00:00:00+08:00,15.366969474032974,15.486556097280769,15.337071962865947,15.396865844726562,112209,0.0,0.0
2015-11-11 00:00:00+08:00,15.486556471389745,15.486556471389745,15.03810405731201,15.038104057312012,183000,0.0,0.0
2015-11-12 00:00:00+08:00,15.127795219421387,15.247382993204562,15.068002473003332,15.127795219421387,109000,0.0,0.0
2015-11-13 00:00:00+08:00,15.247383702574101,15.396867856520906,14.918519020080566,14.918519020080566,160350,0.0,0.0
2015-11-16 00:00:00+08:00,14.918517607340258,15.06800174713135,14.769033467549168,15.068001747131348,122000,0.0,0.0
2015-11-17 00:00:00+08:00,15.307177479022933,15.307177479022933,14.948415284109586,15.097899436950684,178000,0.0,0.0
2015-11-18 00:00:00+08:00,15.157691870855926,15.157691870855926,14.948413848876955,14.948413848876953,170675,0.0,0.0
2015-11-19 00:00:00+08:00,15.127794490669002,15.127794490669002,14.978310350877912,15.068001747131348,104100,0.0,0.0
2015-11-20 00:00:00+08:00,15.097899316202168,15.157693204955109,14.978311538696289,14.978311538696289,117771,0.0,0.0
2015-11-23 00:00:00+08:00,15.008209053309542,15.157693204955109,14.948415164556602,14.978311538696289,88699,0.0,0.0
2015-11-24 00:00:00+08:00,15.008209108204523,15.097899371425205,14.828827441289585,14.88862133026123,148393,0.0,0.0
2015-11-25 00:00:00+08:00,14.888618611387807,15.06800024554511,14.828824733335374,15.008206367492676,135198,0.0,0.0
2015-11-26 00:00:00+08:00,15.157695174709632,15.217489071232837,15.097901278186427,15.187591552734375,238199,0.0,0.0
2015-11-27 00:00:00+08:00,15.038104103875522,15.187588242364292,14.948413848876955,14.948413848876953,70121,0.0,0.0
2015-11-30 00:00:00+08:00,14.948415219232878,14.978311593481914,14.739137178068903,14.88862133026123,64179,0.0,0.0
2015-12-01 00:00:00+08:00,15.008207827002302,15.008207827002302,14.709239548139601,14.769033432006836,191000,0.0,0.0
2015-12-02 00:00:00+08:00,14.798931067040549,14.978311593481914,14.739137178068903,14.88862133026123,93903,0.0,0.0
2015-12-03 00:00:00+08:00,14.91851895611403,14.91851895611403,14.679343398445791,14.709240913391113,128250,0.0,0.0
2015-12-04 00:00:00+08:00,14.589653549981449,14.649447441101074,14.350479125976562,14.350479125976562,229000,0.0,0.0
2015-12-07 00:00:00+08:00,14.589651194846729,14.649445076314127,14.410270690917969,14.410270690917969,97826,0.0,0.0
2015-12-08 00:00:00+08:00,14.619549292575485,14.85872368757095,14.380373757106543,14.769033432006836,147160,0.0,0.0
2015-12-09 00:00:00+08:00,14.88861810085765,14.948411976859754,14.589649861320455,14.858721733093262,184000,0.0,0.0
2015-12-10 00:00:00+08:00,14.769033432006836,14.918517571438187,14.709239548139601,14.769033432006836,66000,0.0,0.0
2015-12-11 00:00:00+08:00,14.88862082200538,14.918518335707374,14.350478120578398,14.440168380737305,103000,0.0,0.0
2015-12-14 00:00:00+08:00,14.111302424054417,14.529857313379333,14.111302424054417,14.410270690917969,124498,0.0,0.0
2015-12-15 00:00:00+08:00,14.380374908447266,14.649446837155882,14.380374908447266,14.380374908447266,106000,0.0,0.0
2015-12-16 00:00:00+08:00,14.61955051862517,14.61955051862517,14.260788325808106,14.290684700012207,73000,0.0,0.0
2015-12-17 00:00:00+08:00,14.470065116882326,14.499961488504285,14.230889582012754,14.470065116882324,66543,0.0,0.0
2015-12-18 00:00:00+08:00,14.350479125976562,14.499963283538818,14.290685234856937,14.350479125976562,58200,0.0,0.0
2015-12-21 00:00:00+08:00,14.23088904651578,14.410270690917969,14.23088904651578,14.410270690917969,54990,0.0,0.0
2015-12-22 00:00:00+08:00,14.4401687971018,14.499962685756332,14.29068464570225,14.380374908447266,46144,0.0,0.0
2015-12-23 00:00:00+08:00,14.47006631166585,14.47006631166585,14.350478534356782,14.380374908447266,49457,0.0,0.0
2015-12-24 00:00:00+08:00,14.38037496309808,14.470066366657523,14.290684700012207,14.290684700012207,73000,0.0,0.0
2015-12-25 00:00:00+08:00,14.440168851979852,14.470066366657523,14.290684700012207,14.290684700012207,47000,0.0,0.0
2015-12-28 00:00:00+08:00,14.29068297142162,14.410270734719916,14.29068297142162,14.32058048248291,45000,0.0,0.0
2015-12-29 00:00:00+08:00,14.230890811130434,14.350478588893978,14.230890811130434,14.290684700012207,38000,0.0,0.0
2015-12-30 00:00:00+08:00,14.29068297142162,14.32058048248291,14.171096348596757,14.32058048248291,43000,0.0,0.0
2015-12-31 00:00:00+08:00,14.320581308095623,14.320581308095623,14.200993537902832,14.200993537902832,93074,0.0,0.0
2016-01-04 00:00:00+08:00,14.200993537902832,14.290683795310676,14.171097165591384,14.200993537902832,109000,0.0,0.0
2016-01-05 00:00:00+08:00,14.200992719184615,14.350476853070768,14.11130246694761,14.32058048248291,49102,0.0,0.0
2016-01-06 00:00:00+08:00,14.38037405271852,14.38037405271852,14.200993537902832,14.200993537902832,31500,0.0,0.0
2016-01-07 00:00:00+08:00,14.200993557290186,14.380374072350767,13.632953358809178,13.812335014343262,245000,0.0,0.0
2016-01-08 00:00:00+08:00,13.842232233039592,14.17109805138956,13.782438344205636,13.991716384887695,119046,0.0,0.0
2016-01-11 00:00:00+08:00,13.931924889936601,13.931924889936601,13.752544333085858,13.84223461151123,46000,0.0,0.0
2016-01-12 00:00:00+08:00,13.872128721375903,13.872128721375903,13.782437324523926,13.782437324523926,41724,0.0,0.0
2016-01-13 00:00:00+08:00,13.812335303082786,13.812335303082786,13.632953643798826,13.632953643798828,88100,0.0,0.0
2016-01-14 00:00:00+08:00,13.573159994805213,13.573159994805213,13.154603958129883,13.154603958129883,99250,0.0,0.0
2016-01-15 00:00:00+08:00,13.393776965108097,13.393776965108097,13.214396476745607,13.214396476745605,65000,0.0,0.0
2016-01-18 00:00:00+08:00,13.1247090197476,13.453573698408148,13.1247090197476,13.304089546203613,54000,0.0,0.0
2016-01-19 00:00:00+08:00,13.393779929465019,13.453573818977413,13.304089665433219,13.423677444458008,26000,0.0,0.0
2016-01-20 00:00:00+08:00,13.304088004213614,13.51336602113863,13.184500240121194,13.333984375,46000,0.0,0.0
2016-01-21 00:00:00+08:00,13.363881886259824,13.39377825704621,13.333984374999998,13.333984375,28000,0.0,0.0
2016-01-22 00:00:00+08:00,13.423677863547137,13.423677863547137,13.333986456241576,13.363883972167969,30350,0.0,0.0
2016-01-25 00:00:00+08:00,13.363882966843892,13.453573226928711,13.363882966843892,13.453573226928711,16970,0.0,0.0
2016-01-26 00:00:00+08:00,13.453573226928711,13.483469600132471,13.363882966843892,13.453573226928711,35000,0.0,0.0
2016-01-27 00:00:00+08:00,13.39377751974594,13.423675029359968,13.184499514341255,13.274190902709961,63128,0.0,0.0
2016-01-28 00:00:00+08:00,13.453573226928711,13.453573226928711,13.274192706759074,13.453573226928711,14000,0.0,0.0
2016-01-29 00:00:00+08:00,13.453575595394597,13.603059768676758,13.393781697986984,13.603059768676758,42107,0.0,0.0
2016-02-01 00:00:00+08:00,13.483469216100861,13.81233501434326,13.483469216100861,13.812335014343262,41000,0.0,0.0
2016-02-02 00:00:00+08:00,13.931921644225815,13.931921644225815,13.72264475681297,13.812335014343262,45000,0.0,0.0
2016-02-03 00:00:00+08:00,13.692748604607914,13.752542495727539,13.603058338165283,13.752542495727539,54000,0.0,0.0
2016-02-15 00:00:00+08:00,13.513367011416378,13.7525414166548,13.513367011416378,13.632953643798828,36224,0.0,0.0
2016-02-16 00:00:00+08:00,13.902024634267935,13.931921005249023,13.78243686939668,13.931921005249023,98092,0.0,0.0
2016-02-17 00:00:00+08:00,14.051509106546963,14.918517571438187,14.051509106546963,14.769033432006836,422120,0.0,0.0
2016-02-18 00:00:00+08:00,15.4267640500589,15.4267640500589,14.828827441289585,14.88862133026123,513132,0.0,0.0
2016-02-19 00:00:00+08:00,14.769031489326768,14.88861810085765,14.709237613324664,14.858721733093262,95852,0.0,0.0
2016-02-22 00:00:00+08:00,14.85872368757095,14.85872368757095,14.709239548139601,14.769033432006836,76000,0.0,0.0
2016-02-23 00:00:00+08:00,14.589653435837514,15.008209529926651,14.589653435837514,14.828827857971191,96382,0.0,0.0
2016-02-24 00:00:00+08:00,14.828826640673165,14.828826640673165,14.619549751281738,14.619549751281738,83000,0.0,0.0
2016-02-25 00:00:00+08:00,14.649444580078123,14.70923845952006,14.649444580078123,14.649444580078125,48178,0.0,0.0
2016-02-26 00:00:00+08:00,14.649444580078123,14.82882507793054,14.649444580078123,14.649444580078125,107000,0.0,0.0
2016-03-01 00:00:00+08:00,14.798930168151857,15.157692339716906,14.769033795718729,14.798930168151855,179411,0.0,0.0
2016-03-02 00:00:00+08:00,15.217487696027092,15.366971853589348,15.127796289110847,15.247384071350098,426261,0.0,0.0
2016-03-03 00:00:00+08:00,15.366972216529712,15.366972216529712,15.127796646402313,15.277280807495117,243671,0.0,0.0
2016-03-04 00:00:00+08:00,15.426762619338573,15.905112546274685,15.426762619338573,15.725730895996094,815200,0.0,0.0
2016-03-07 00:00:00+08:00,16.024699317179227,16.024699317179227,15.45666027069092,15.456660270690918,456985,0.0,0.0
2016-03-08 00:00:00+08:00,15.486556502764772,15.78552477942229,15.426762619338573,15.725730895996094,298153,0.0,0.0
2016-03-09 00:00:00+08:00,15.576246757667333,15.725730895996092,15.54635038619097,15.725730895996094,123838,0.0,0.0
2016-03-10 00:00:00+08:00,15.755629075552061,16.08449373762078,15.695835189592245,15.905113220214844,420324,0.0,0.0
2016-03-11 00:00:00+08:00,16.44325488074163,17.160779186272464,16.29377074546216,16.383460998535156,968734,0.0,0.0
2016-03-14 00:00:00+08:00,16.742224784676473,16.80201867271646,16.204082073263727,16.26387596130371,469838,0.0,0.0
2016-03-15 00:00:00+08:00,16.263875265337134,16.263875265337134,15.576247293012743,15.78552532196045,352456,0.0,0.0
2016-03-16 00:00:00+08:00,16.144287109375,16.263874877485687,15.964906597682448,16.144287109375,364557,0.0,0.0
2016-03-17 00:00:00+08:00,16.503049273233586,16.86181143709217,16.024699341264313,16.144287109375,624120,0.0,0.0
2016-03-18 00:00:00+08:00,16.293770189536062,16.293770189536062,15.905111679164746,15.93500804901123,215115,0.0,0.0
2016-03-21 00:00:00+08:00,16.024700393687958,16.144288169652583,15.845319870214572,15.9649076461792,288843,0.0,0.0
2016-03-22 00:00:00+08:00,15.96490697840427,15.96490697840427,15.665938691471409,15.78552532196045,353001,0.0,0.0
2016-03-23 00:00:00+08:00,15.78552477942229,15.815422291372123,15.665938153043363,15.725730895996094,121024,0.0,0.0
2016-03-24 00:00:00+08:00,15.665938691471409,15.994803350908155,15.665938691471409,15.78552532196045,159268,0.0,0.0
2016-03-25 00:00:00+08:00,15.7855249576293,15.845318841730528,15.66593832990033,15.75562858581543,107002,0.0,0.0
2016-03-28 00:00:00+08:00,15.695836544036865,15.695836544036865,15.217487696027092,15.247384071350098,201447,0.0,0.0
2016-03-29 00:00:00+08:00,15.217485754346127,15.217485754346127,14.918517477368587,14.948413848876953,205289,0.0,0.0
2016-03-30 00:00:00+08:00,14.978311658488375,15.157693326181837,14.978311658488375,15.097899436950684,136262,0.0,0.0
2016-03-31 00:00:00+08:00,15.097898118900176,15.187588374680134,15.038104234889044,15.068001747131348,121006,0.0,0.0
2016-04-01 00:00:00+08:00,15.18758917840903,15.366970839935325,15.068002544531709,15.33707332611084,127012,0.0,0.0
2016-04-06 00:00:00+08:00,15.337074700026967,15.366972216529712,15.127796646402313,15.277280807495117,115018,0.0,0.0
2016-04-07 00:00:00+08:00,15.546349979141384,15.606143861002,15.337071962865947,15.396865844726562,215253,0.0,0.0
2016-04-08 00:00:00+08:00,15.366969474032974,15.576246349834973,15.277278081005331,15.396865844726562,174005,0.0,0.0
2016-04-11 00:00:00+08:00,15.48655933626091,15.606147124993667,15.39686906494818,15.426765441894531,53013,0.0,0.0
2016-04-12 00:00:00+08:00,15.486558495354984,15.486558495354984,15.217487696027092,15.247384071350098,129746,0.0,0.0
2016-04-13 00:00:00+08:00,15.277280807495117,15.486558861119772,15.247384431466013,15.277280807495117,81008,0.0,0.0
2016-04-14 00:00:00+08:00,15.45666169711226,15.486558071617251,15.277280028661561,15.307177543640137,104108,0.0,0.0
2016-04-15 00:00:00+08:00,15.247384431466013,15.337074700026967,15.247384431466013,15.277280807495117,56006,0.0,0.0
2016-04-18 00:00:00+08:00,15.217487696027092,15.307177962469723,15.217487696027092,15.247384071350098,42016,0.0,0.0
2016-04-19 00:00:00+08:00,15.456660293922242,16.652533413135206,15.426762781657832,16.144287109375,1385566,0.0,0.0
2016-04-20 00:00:00+08:00,16.26387521457394,16.353565472279154,15.725731387395651,15.875215530395508,388148,0.0,0.0
2016-04-21 00:00:00+08:00,15.905111679164746,15.964905559331118,15.845317798998373,15.93500804901123,148158,0.0,0.0
2016-04-22 00:00:00+08:00,15.93500946542688,16.383461895826176,15.725731436479176,15.78552532196045,269032,0.0,0.0
2016-04-25 00:00:00+08:00,15.7855249576293,15.7855249576293,15.66593832990033,15.75562858581543,52312,0.0,0.0
2016-04-26 00:00:00+08:00,15.845319334255029,16.024699851660962,15.755629075552061,15.905113220214844,115299,0.0,0.0
2016-04-27 00:00:00+08:00,15.964903679478942,15.964903679478942,15.845315933227539,15.845315933227539,71005,0.0,0.0
2016-04-28 00:00:00+08:00,16.024699172653612,16.054596684603442,15.725730895996092,15.725730895996094,80000,0.0,0.0
2016-04-29 00:00:00+08:00,15.845319157984939,16.204081329279298,15.725731387395651,15.875215530395508,242299,0.0,0.0
2016-05-03 00:00:00+08:00,16.024699673395368,16.08449355869001,15.785525272690295,15.875215530395508,173159,0.0,0.0
2016-05-04 00:00:00+08:00,15.875215261658715,15.905112774036681,15.665938377380371,15.665938377380371,158000,0.0,0.0
2016-05-05 00:00:00+08:00,15.935010361534493,15.935010361534493,15.546351794760202,15.576248168945312,154099,0.0,0.0
2016-05-06 00:00:00+08:00,15.576247391923092,15.665938790951303,15.426763247507424,15.606144905090332,127015,0.0,0.0
2016-05-09 00:00:00+08:00,15.486558495354984,15.72573291935987,15.486558495354984,15.54635238647461,86000,0.0,0.0
2016-05-10 00:00:00+08:00,15.546349979141384,15.665937742862615,15.396865844726562,15.396865844726562,153440,0.0,0.0
2016-05-11 00:00:00+08:00,15.486557651177101,15.546351539037339,15.366971015930176,15.366971015930176,74003,0.0,0.0
2016-05-12 00:00:00+08:00,15.366970839935325,15.486557473812649,15.307176952759894,15.33707332611084,71000,0.0,0.0
2016-05-13 00:00:00+08:00,15.36697324230399,15.36697324230399,15.127797656211172,15.187591552734375,104009,0.0,0.0
2016-05-16 00:00:00+08:00,15.187589352349459,15.426763763316861,15.127795464489221,15.366971015930176,62003,0.0,0.0
2016-05-17 00:00:00+08:00,15.426765441894531,15.426765441894531,15.39686906494818,15.426765441894531,14001,0.0,0.0
2016-05-18 00:00:00+08:00,15.366970014979447,15.606144410367865,15.307176131013973,15.456660270690918,53000,0.0,0.0
2016-05-19 00:00:00+08:00,15.45665972658718,15.486556097280769,15.307175592172358,15.396865844726562,38000,0.0,0.0
2016-05-20 00:00:00+08:00,15.546349979141384,15.546349979141384,15.396865844726562,15.396865844726562,11000,0.0,0.0
2016-05-23 00:00:00+08:00,15.60614591468655,15.60614591468655,15.127795937326786,15.51645565032959,73411,0.0,0.0
2016-05-24 00:00:00+08:00,15.516454154656394,15.546350526402392,15.426762758471444,15.456660270690918,98000,0.0,0.0
2016-05-25 00:00:00+08:00,15.576246349834973,15.576246349834973,15.396865844726562,15.396865844726562,82160,0.0,0.0
2016-05-26 00:00:00+08:00,15.546349934851891,15.546349934851891,15.456659682553202,15.486556053161621,19350,0.0,0.0
2016-05-27 00:00:00+08:00,15.636040782113863,15.636040782113863,15.45666027069092,15.456660270690918,26002,0.0,0.0
2016-05-30 00:00:00+08:00,15.516454646535635,15.725731536338758,15.486557133368395,15.606144905090332,90003,0.0,0.0
2016-05-31 00:00:00+08:00,15.725730895996092,15.815422291372123,15.695834524519729,15.725730895996094,87481,0.0,0.0
2016-06-01 00:00:00+08:00,15.725731121189336,15.755628633567301,15.636040865002403,15.665938377380371,82000,0.0,0.0
2016-06-02 00:00:00+08:00,15.665938153043363,15.78552477942229,15.665938153043363,15.725730895996094,81009,0.0,0.0
2016-06-03 00:00:00+08:00,15.905112713627105,16.3834615051229,15.755628573725483,16.144287109375,241000,0.0,0.0
2016-06-06 00:00:00+08:00,17.459749082363007,17.459749082363007,16.89170885922616,17.04119300842285,573206,0.0,0.0
2016-06-07 00:00:00+08:00,17.04119300842285,17.04119300842285,17.04119300842285,17.04119300842285,0,0.0,0.0
2016-06-08 00:00:00+08:00,17.07108806127717,17.07108806127717,16.503049022563236,17.011295318603516,336204,0.0,0.0
2016-06-13 00:00:00+08:00,16.62263597100874,16.861811508239303,16.62263597100874,16.742223739624023,212725,0.0,0.0
2016-06-14 00:00:00+08:00,16.742224153118396,16.742224153118396,16.4731522373253,16.682430267333984,244141,0.0,0.0
2016-06-15 00:00:00+08:00,16.68243028869373,16.68243028869373,16.26387536861397,15.606144905090332,512151,0.0,0.0
2016-06-16 00:00:00+08:00,16.48486768476862,16.675077212786878,16.23125457763672,16.23125457763672,560004,1.485925,0.0
2016-06-17 00:00:00+08:00,16.231253997874145,16.516568279710416,16.231253997874145,16.484867095947266,166004,0.0,0.0
2016-06-20 00:00:00+08:00,16.48486431544459,16.706776192324675,16.48486431544459,16.611671447753906,164140,0.0,0.0
2016-06-21 00:00:00+08:00,16.801880936895447,16.801880936895447,16.5165654938607,16.611671447753906,48653,0.0,0.0
2016-06-22 00:00:00+08:00,16.484866048475798,16.611673194116175,16.421462475655606,16.51656723022461,79026,0.0,0.0
2016-06-23 00:00:00+08:00,16.548270672796207,16.611674249645148,16.484867095947266,16.484867095947266,60500,0.0,0.0
2016-06-24 00:00:00+08:00,16.484870557482722,16.484870557482722,15.882538264922463,16.104450225830078,307001,0.0,0.0
2016-06-27 00:00:00+08:00,15.882534129452512,16.35805911787112,15.882534129452512,16.29465675354004,100004,0.0,0.0
2016-06-28 00:00:00+08:00,16.167853190336395,16.5482735072677,16.07274841343428,16.358062744140625,104000,0.0,0.0
2016-06-29 00:00:00+08:00,16.358062744140625,16.484869919558676,16.358062744140625,16.358062744140625,78143,0.0,0.0
2016-06-30 00:00:00+08:00,16.389759570873817,17.023792813775533,16.389759570873817,16.611671447753906,368250,0.0,0.0
2016-07-01 00:00:00+08:00,16.67507518227405,16.83358350609537,16.61167282020355,16.706777572631836,148625,0.0,0.0
2016-07-04 00:00:00+08:00,16.548269248810517,16.738478753667085,16.548269248810517,16.706777572631836,48212,0.0,0.0
2016-07-05 00:00:00+08:00,16.706777549808304,16.865285873413086,16.706777549808304,16.865285873413086,77147,0.0,0.0
2016-07-06 00:00:00+08:00,16.992094039916992,17.15060238435399,16.801884510321674,16.992094039916992,223510,0.0,0.0
2016-07-07 00:00:00+08:00,17.02379643439801,17.087200014037347,16.801884510321674,16.992094039916992,148415,0.0,0.0
2016-07-08 00:00:00+08:00,16.992094039916992,16.992094039916992,16.992094039916992,16.992094039916992,0,0.0,0.0
2016-07-11 00:00:00+08:00,17.11890119919567,17.15060238435399,16.992094039916992,16.992094039916992,235132,0.0,0.0
2016-07-12 00:00:00+08:00,16.992096086567944,17.118903261120195,16.928693708614663,17.087202072143555,143398,0.0,0.0
2016-07-13 00:00:00+08:00,17.118900804148026,17.277409144927173,16.992093647795638,17.18230438232422,269001,0.0,0.0
2016-07-14 00:00:00+08:00,17.245706791198923,17.94314247588118,17.245706791198923,17.848037719726562,860011,0.0,0.0
2016-07-15 00:00:00+08:00,17.848037749239307,18.069949653515415,17.594424662633433,17.689529418945312,361225,0.0,0.0
2016-07-18 00:00:00+08:00,17.943142362290352,19.433120897022203,17.848037606737805,18.482070922851562,1784923,0.0,0.0
2016-07-19 00:00:00+08:00,18.482070922851562,18.672281643279238,18.228457838270575,18.482070922851562,902216,0.0,0.0
2016-07-20 00:00:00+08:00,18.545474360434312,19.940348129392586,18.513773178589947,19.274612426757812,4756548,0.0,0.0
2016-07-21 00:00:00+08:00,19.781841161902985,20.098857839437823,19.40142090699665,19.528226852416992,2334269,0.0,0.0
2016-07-22 00:00:00+08:00,19.84524262569715,19.8769450175997,19.433121205544833,19.655033111572266,1413168,0.0,0.0
2016-07-25 00:00:00+08:00,19.97204928363701,21.557132560116138,19.97204928363701,21.462026596069336,5920978,0.0,0.0
2016-07-26 00:00:00+08:00,21.525429832704734,21.842446465237515,21.081606063429852,21.335220336914062,3541907,0.0,0.0
2016-07-27 00:00:00+08:00,21.55713464546539,22.096062044143874,20.701190560824177,20.82799530029297,4205370,0.0,0.0
2016-07-28 00:00:00+08:00,20.827994227101343,21.176714498608337,20.03545376235397,20.19396209716797,1557498,0.0,0.0
2016-07-29 00:00:00+08:00,20.35246880754308,21.049906917686624,20.289066442368757,20.542680740356445,2083166,0.0,0.0
2016-08-01 00:00:00+08:00,20.542680551667804,20.79629242868082,20.352468620601577,20.606082916259766,818048,0.0,0.0
2016-08-02 00:00:00+08:00,20.701187844877573,22.064357964485396,20.66948424552444,21.84244728088379,5968094,0.0,0.0
2016-08-03 00:00:00+08:00,21.43032455444336,22.44477926187523,21.303517413683746,21.43032455444336,4356774,0.0,0.0
2016-08-04 00:00:00+08:00,21.81074732859649,21.842448511090037,20.637784227173736,20.859697341918945,3390806,0.0,0.0
2016-08-05 00:00:00+08:00,21.113308840059954,21.208414804472017,20.732889819701995,20.986501693725586,1296292,0.0,0.0
2016-08-08 00:00:00+08:00,20.954801743406417,20.954801743406417,20.035454111077268,20.162260055541992,2030864,0.0,0.0
2016-08-09 00:00:00+08:00,20.003752066184756,20.415874718506405,19.211210364524142,19.464824676513672,1424306,0.0,0.0
2016-08-10 00:00:00+08:00,19.59162953708977,20.09885692362713,19.020999785392515,19.655033111572266,989790,0.0,0.0
2016-08-11 00:00:00+08:00,19.845241733035525,19.972048876296583,19.30631439748238,19.78183937072754,665472,0.0,0.0
2016-08-12 00:00:00+08:00,19.781839693872865,20.352468219901475,19.781839693872865,19.908645629882812,1203331,0.0,0.0
2016-08-15 00:00:00+08:00,20.25736602554384,20.60608388447513,20.003751717969106,20.162260055541992,1709534,0.0,0.0
2016-08-16 00:00:00+08:00,20.542682324476186,21.08160972595215,20.44757635073554,21.08160972595215,2910110,0.0,0.0
2016-08-17 00:00:00+08:00,21.335224087367266,21.557134801691227,20.827995451234692,20.9231014251709,2561182,0.0,0.0
2016-08-18 00:00:00+08:00,21.208417036088083,21.430327751539508,21.049908691152662,21.176715850830078,1926562,0.0,0.0
2016-08-19 00:00:00+08:00,21.240115180239727,21.43032468319943,20.47927474975586,20.47927474975586,1406214,0.0,0.0
2016-08-22 00:00:00+08:00,20.447575584510176,20.510977952197827,19.94034938707309,20.003751754760742,768198,0.0,0.0
2016-08-23 00:00:00+08:00,20.16225910818052,21.113309088930972,20.16225910818052,20.606082916259766,1444745,0.0,0.0
2016-08-24 00:00:00+08:00,20.76459124638484,21.01820554204303,20.606082916259766,20.606082916259766,1368501,0.0,0.0
2016-08-25 00:00:00+08:00,20.827995471482723,21.62053719290361,20.701190730971692,21.493732452392578,4143137,0.0,0.0
2016-08-26 00:00:00+08:00,21.810748589467046,22.444781950571954,21.683941433516996,22.25457000732422,8327145,0.0,0.0
2016-08-29 00:00:00+08:00,22.983709381134574,23.11051653731128,22.09606170654297,22.09606170654297,5133505,0.0,0.0
2016-08-30 00:00:00+08:00,22.096060970002757,22.349675273902303,21.842449084748463,22.317974090576172,1778154,0.0,0.0
2016-08-31 00:00:00+08:00,22.571585224924647,22.761797155844008,21.557132880365515,21.652238845825195,2758243,0.0,0.0
2016-09-01 00:00:00+08:00,21.747343326777617,21.810748112689293,21.303519499977,21.366924285888672,1441826,0.0,0.0
2016-09-02 00:00:00+08:00,21.493729463282698,21.652237785523294,20.289065246796156,20.47927474975586,2130722,0.0,0.0
2016-09-05 00:00:00+08:00,20.70119081602382,21.271819406604088,20.66948721212042,21.176715850830078,1005500,0.0,0.0
2016-09-06 00:00:00+08:00,21.43032740181216,21.747344086509514,21.113310717114803,21.14501190185547,1045814,0.0,0.0
2016-09-07 00:00:00+08:00,21.240113188350797,21.39862149572655,20.70118591073117,20.796289443969727,1271575,0.0,0.0
2016-09-08 00:00:00+08:00,20.859696295293332,21.049905799356132,20.796291514842355,20.89139747619629,592775,0.0,0.0
2016-09-09 00:00:00+08:00,20.92309970690604,21.081608038018963,20.796292558286662,20.859697341918945,788206,0.0,0.0
2016-09-12 00:00:00+08:00,19.94034859208219,20.09885692362713,19.464823597447378,19.655033111572266,1129124,0.0,0.0
2016-09-13 00:00:00+08:00,19.655036036300306,19.940351559266034,19.021002615774492,19.211212158203125,2205839,0.0,0.0
2016-09-14 00:00:00+08:00,18.862493963495123,19.08440589904785,18.67228442406293,19.08440589904785,1020205,0.0,0.0
2016-09-19 00:00:00+08:00,19.274613476050618,19.33801705251355,19.116105139554605,19.24291229248047,515002,0.0,0.0
2016-09-20 00:00:00+08:00,19.24291287842146,19.24291287842146,18.894193801918256,18.989299774169922,877079,0.0,0.0
2016-09-21 00:00:00+08:00,18.989299655517303,19.718437779180533,18.989299655517303,19.464824676513672,962381,0.0,0.0
2016-09-22 00:00:00+08:00,19.623333926917365,19.623333926917365,19.179510069675132,19.3380184173584,399299,0.0,0.0
2016-09-23 00:00:00+08:00,19.401419545738882,19.52822548226217,19.338015972815956,19.433120727539062,309288,0.0,0.0
2016-09-26 00:00:00+08:00,19.433122404279445,19.433122404279445,18.95759738031181,18.989299774169922,695166,0.0,0.0
2016-09-27 00:00:00+08:00,18.989299774169922,18.989299774169922,18.989299774169922,18.989299774169922,0,0.0,0.0
2016-09-28 00:00:00+08:00,18.989299774169922,18.989299774169922,18.989299774169922,18.989299774169922,0,0.0,0.0
2016-09-29 00:00:00+08:00,19.21120948910514,19.21120948910514,18.640579731776565,18.703983306884766,902250,0.0,0.0
2016-09-30 00:00:00+08:00,18.70398191240695,18.830789053169227,18.64057834202581,18.767385482788086,465228,0.0,0.0
2016-10-03 00:00:00+08:00,18.89419368888502,18.957597266899263,18.672282979819162,18.735685348510742,337216,0.0,0.0
2016-10-04 00:00:00+08:00,18.830791615533098,19.623333329834615,18.73568564235877,19.591630935668945,1252250,0.0,0.0
2016-10-05 00:00:00+08:00,19.528227315054032,20.352470212442427,19.40142136662957,19.750139236450195,2124480,0.0,0.0
2016-10-06 00:00:00+08:00,19.940349071612708,20.225663349661346,19.81354191959823,19.87694549560547,865050,0.0,0.0
2016-10-07 00:00:00+08:00,19.97204875720157,20.003749938166525,19.36971664428711,19.36971664428711,742290,0.0,0.0
2016-10-11 00:00:00+08:00,19.46482762708038,19.781844355799453,18.862495358784994,19.02100372314453,648001,0.0,0.0
2016-10-12 00:00:00+08:00,19.020999398387787,19.179507726707683,18.799087496875416,18.957595825195312,327165,0.0,0.0
2016-10-13 00:00:00+08:00,18.989299620775398,19.1161055672155,18.862492465012632,18.894193649291992,325699,0.0,0.0
2016-10-14 00:00:00+08:00,18.767388997261342,18.894194952447403,18.0699520111084,18.0699520111084,819100,0.0,0.0
2016-10-17 00:00:00+08:00,18.03824782791833,18.513772801842475,17.752932359834823,18.41866683959961,636298,0.0,0.0
2016-10-18 00:00:00+08:00,18.260160446166992,18.64058070740436,18.260160446166992,18.260160446166992,258000,0.0,0.0
2016-10-19 00:00:00+08:00,18.38696972552656,18.418670913737994,18.133356591866615,18.196760177612305,396074,0.0,0.0
2016-10-20 00:00:00+08:00,18.13335265317785,18.196756225151848,17.94314193725586,17.94314193725586,395206,0.0,0.0
2016-10-21 00:00:00+08:00,17.94314209865603,18.2918611429885,17.94314209865603,18.03824806213379,566318,0.0,0.0
2016-10-24 00:00:00+08:00,18.133353197513003,18.133353197513003,17.752932963571944,17.848037719726562,465218,0.0,0.0
2016-10-25 00:00:00+08:00,17.752932963571944,17.94314247588118,17.752932963571944,17.848037719726562,367786,0.0,0.0
2016-10-26 00:00:00+08:00,17.816338089301272,18.038250012539574,17.816338089301272,17.879741668701172,302305,0.0,0.0
2016-10-27 00:00:00+08:00,17.879741668701172,18.00654761817828,17.816338089301272,17.879741668701172,186251,0.0,0.0
2016-10-28 00:00:00+08:00,17.879739574604415,18.00654550922986,17.84803718395614,17.94314193725586,216226,0.0,0.0
2016-10-31 00:00:00+08:00,18.069950647775283,18.069950647775283,17.943143492833762,17.97484588623047,147000,0.0,0.0
2016-11-01 00:00:00+08:00,18.00654761817828,18.06995119757818,17.848039274339875,17.879741668701172,300178,0.0,0.0
2016-11-02 00:00:00+08:00,17.87974124188217,17.87974124188217,17.435917406000367,17.49932098388672,377100,0.0,0.0
2016-11-03 00:00:00+08:00,17.34081172746726,17.467617667216313,16.770181975290004,16.896987915039062,771104,0.0,0.0
2016-11-04 00:00:00+08:00,16.801883097581996,17.340811665218013,16.675075948965546,17.214004516601562,458005,0.0,0.0
2016-11-07 00:00:00+08:00,17.118900989087788,17.879741516776317,17.118900989087788,17.784635543823242,658558,0.0,0.0
2016-11-08 00:00:00+08:00,17.879740619799637,17.943142986157394,17.562723950720372,17.911441802978516,619407,0.0,0.0
2016-11-09 00:00:00+08:00,17.879741323617004,17.911442508043766,17.18230438232422,17.18230438232422,648340,0.0,0.0
2016-11-10 00:00:00+08:00,17.56272483179321,17.81633793791516,17.56272483179321,17.784635543823242,338201,0.0,0.0
2016-11-11 00:00:00+08:00,17.562723984117056,17.879740653799153,17.340812073475067,17.752933502197266,330000,0.0,0.0
2016-11-14 00:00:00+08:00,17.752933502197266,17.81633707799821,17.277408497674124,17.752933502197266,211108,0.0,0.0
2016-11-15 00:00:00+08:00,17.68953046887931,17.75293404662464,17.5627245227113,17.65782928466797,61209,0.0,0.0
2016-11-16 00:00:00+08:00,17.62612921016599,17.784637570722598,17.43591966122718,17.467620849609375,218020,0.0,0.0
2016-11-17 00:00:00+08:00,17.626125386472616,17.626125386472616,17.245706371120555,17.30910873413086,182046,0.0,0.0
2016-11-18 00:00:00+08:00,17.435917445489057,17.435917445489057,17.182304342691932,17.34081268310547,153151,0.0,0.0
2016-11-21 00:00:00+08:00,17.499321576385853,17.499321576385853,17.245708465576172,17.245708465576172,88022,0.0,0.0
2016-11-22 00:00:00+08:00,17.30910873413086,17.467617060301738,17.277407552625707,17.30910873413086,188071,0.0,0.0
2016-11-23 00:00:00+08:00,17.309109680913284,18.06995017187936,17.309109680913284,17.752933502197266,418354,0.0,0.0
2016-11-24 00:00:00+08:00,17.87974193113443,18.386968155133157,17.87974193113443,18.165056228637695,856100,0.0,0.0
2016-11-25 00:00:00+08:00,18.323565130803267,18.323565130803267,18.03825082464257,18.0699520111084,256219,0.0,0.0
2016-11-28 00:00:00+08:00,18.13335265317785,18.13335265317785,17.816336002630415,17.94314193725586,296301,0.0,0.0
2016-11-29 00:00:00+08:00,17.943144038778378,18.13335477697808,17.879741668701172,17.879741668701172,163081,0.0,0.0
2016-11-30 00:00:00+08:00,17.911444506308012,18.165057637984095,17.911444506308012,18.101654052734375,238135,0.0,0.0
2016-12-01 00:00:00+08:00,18.101653098745185,18.640581730981122,17.943144748635955,18.3869686126709,630250,0.0,0.0
2016-12-02 00:00:00+08:00,18.38696972552656,18.38696972552656,18.165057780078055,18.196760177612305,154239,0.0,0.0
2016-12-05 00:00:00+08:00,18.51377460064903,18.925896042894014,18.386967444886263,18.894193649291992,768104,0.0,0.0
2016-12-06 00:00:00+08:00,19.147810898361303,19.369721641006375,19.02100372314453,19.02100372314453,972093,0.0,0.0
2016-12-07 00:00:00+08:00,19.306315941808695,19.33801712549849,18.92589569091797,18.92589569091797,427261,0.0,0.0
2016-12-08 00:00:00+08:00,19.147805154303278,19.147805154303278,18.862489700317383,18.862489700317383,253078,0.0,0.0
2016-12-09 00:00:00+08:00,18.862489183917877,19.147804630092676,18.79908561706543,18.79908561706543,233003,0.0,0.0
2016-12-12 00:00:00+08:00,18.925894344705377,19.02099909833253,18.67228126525879,18.67228126525879,318032,0.0,0.0
2016-12-13 00:00:00+08:00,18.767385482788086,18.92589380407967,18.672280731877642,18.767385482788086,152570,0.0,0.0
2016-12-14 00:00:00+08:00,18.83079416964223,19.02100372314453,18.735688183568225,19.02100372314453,283434,0.0,0.0
2016-12-15 00:00:00+08:00,19.021002316129536,19.211211855561725,18.8941951502929,19.08440589904785,288060,0.0,0.0
2016-12-16 00:00:00+08:00,19.211209182999937,20.542680611089054,19.211209182999937,20.289066314697266,2776646,0.0,0.0
2016-12-19 00:00:00+08:00,20.41587467735816,20.447575861631627,19.464824637282273,19.623332977294922,1303100,0.0,0.0
2016-12-20 00:00:00+08:00,19.401419545738882,19.62333144630784,19.306314791015776,19.433120727539062,643160,0.0,0.0
2016-12-21 00:00:00+08:00,19.655030160680457,20.09885390610221,19.464820675112517,19.686731338500977,824125,0.0,0.0
2016-12-22 00:00:00+08:00,19.781842274600628,19.845244646215757,19.3380184173584,19.3380184173584,294255,0.0,0.0
2016-12-23 00:00:00+08:00,19.211210364524142,19.655034201183152,19.211210364524142,19.464824676513672,231505,0.0,0.0
2016-12-26 00:00:00+08:00,19.464823628161046,19.781840291751145,19.464823628161046,19.496524810791016,139009,0.0,0.0
2016-12-27 00:00:00+08:00,19.4014190345746,19.65503211026186,19.338015463322154,19.36971664428711,183205,0.0,0.0
2016-12-28 00:00:00+08:00,19.3697182360837,19.464824205439413,19.24291229248047,19.24291229248047,292137,0.0,0.0
2016-12-29 00:00:00+08:00,19.147808074951172,19.33801760040643,19.11610568116018,19.147808074951172,303008,0.0,0.0
2016-12-30 00:00:00+08:00,19.211208853746516,19.40141957278041,18.925894589179528,19.274612426757812,644005,0.0,0.0
2017-01-03 00:00:00+08:00,19.46482303986415,20.162258711225274,19.46482303986415,19.908645629882812,1032156,0.0,0.0
2017-01-04 00:00:00+08:00,20.09885791824636,20.257366257635297,19.7501388459971,19.940349578857422,1034308,0.0,0.0
2017-01-05 00:00:00+08:00,20.003750384220915,20.574381328894653,19.908645629882812,19.908645629882812,1852298,0.0,0.0
2017-01-06 00:00:00+08:00,19.908643211211853,20.03545034113876,19.559925417896487,19.686731338500977,807921,0.0,0.0
2017-01-09 00:00:00+08:00,20.035453318036396,20.035453318036396,19.65503308105469,19.813541412353516,346011,0.0,0.0
2017-01-10 00:00:00+08:00,19.813541352279543,20.38417231068327,19.591629447269494,20.130558013916016,1324586,0.0,0.0
2017-01-11 00:00:00+08:00,20.28906744178402,20.47927696532168,19.940349578857422,19.940349578857422,1912006,0.0,0.0
2017-01-12 00:00:00+08:00,19.972049150760487,20.57438127554419,19.972049150760487,20.225662231445312,2084841,0.0,0.0
2017-01-13 00:00:00+08:00,20.352469468051414,20.986502814952022,20.352469468051414,20.637784957885742,4494083,0.0,0.0
2017-01-16 00:00:00+08:00,20.82799344916916,21.145010106956484,20.479275609332134,20.510976791381836,2775346,0.0,0.0
2017-01-17 00:00:00+08:00,20.60608473691073,21.0182073991071,20.415875207683712,20.9231014251709,1756130,0.0,0.0
2017-01-18 00:00:00+08:00,20.89140134260759,21.30352160790802,20.66948819792688,20.732892990112305,1739484,0.0,0.0
2017-01-19 00:00:00+08:00,20.82799259695115,20.986500919359134,20.32076644897461,20.32076644897461,1274375,0.0,0.0
2017-01-20 00:00:00+08:00,20.35246870960347,20.479275857987098,19.908646108905966,20.130558013916016,1179370,0.0,0.0
2017-01-23 00:00:00+08:00,20.352469576900397,20.51097791447328,20.162260055541992,20.162260055541992,654461,0.0,0.0
2017-01-24 00:00:00+08:00,20.479276374239593,20.479276374239593,20.003751369797598,20.19396209716797,654005,0.0,0.0
2017-02-02 00:00:00+08:00,20.32076703822963,20.352468219901475,19.876944448210967,19.908645629882812,731010,0.0,0.0
2017-02-03 00:00:00+08:00,19.908645867179466,20.859697049864014,19.908645867179466,20.510976791381836,1709563,0.0,0.0
2017-02-06 00:00:00+08:00,20.35247074267706,20.701191040228114,20.320769557075714,20.384174346923828,629339,0.0,0.0
2017-02-07 00:00:00+08:00,20.35246880754308,20.796292619698935,20.32076762495592,20.542680740356445,852620,0.0,0.0
2017-02-08 00:00:00+08:00,20.35246961433341,20.41587440066635,19.781841049208673,20.003751754760742,1718300,0.0,0.0
2017-02-09 00:00:00+08:00,20.003751754760742,20.162260092625164,19.845243416896324,20.003751754760742,808027,0.0,0.0
2017-02-10 00:00:00+08:00,20.00374986955706,20.19396058266201,19.84524154663086,19.84524154663086,562170,0.0,0.0
2017-02-13 00:00:00+08:00,19.781840736255923,20.00375143829732,19.718437160248683,19.87694549560547,360200,0.0,0.0
2017-02-14 00:00:00+08:00,19.81354191959823,19.940349071612708,19.781840736255923,19.87694549560547,353419,0.0,0.0
2017-02-15 00:00:00+08:00,20.225663632435673,20.225663632435673,19.972050534183584,20.162260055541992,536083,0.0,0.0
2017-02-16 00:00:00+08:00,20.4475741305405,20.47927531213014,20.130557477353822,20.225662231445312,543402,0.0,0.0
2017-02-17 00:00:00+08:00,20.03545376235397,20.289066856191845,20.03545376235397,20.19396209716797,303672,0.0,0.0
2017-02-20 00:00:00+08:00,20.09885634788158,20.289065856557784,19.908645629882812,19.908645629882812,491557,0.0,0.0
2017-02-21 00:00:00+08:00,19.972050570916917,20.098857724937513,19.845243416896324,20.003751754760742,228034,0.0,0.0
2017-02-22 00:00:00+08:00,20.193963263304564,20.732891874658083,20.193963263304564,20.35247039794922,1950505,0.0,0.0
2017-02-23 00:00:00+08:00,20.479276374239593,20.479276374239593,20.162259704611596,20.19396209716797,470468,0.0,0.0
2017-02-24 00:00:00+08:00,20.19396104985567,20.257364622357517,20.03545272326233,20.225662231445312,520189,0.0,0.0
2017-03-01 00:00:00+08:00,20.225662231445312,20.225662231445312,20.225662231445312,20.225662231445312,0,0.0,0.0
2017-03-02 00:00:00+08:00,20.352468167126446,20.4475741305405,20.130557477353822,20.225662231445312,258172,0.0,0.0
2017-03-03 00:00:00+08:00,20.257366992390395,20.44757652282715,20.193963412470577,20.44757652282715,488580,0.0,0.0
2017-03-06 00:00:00+08:00,20.637785149803975,21.018206612669182,20.320768473405618,20.574382781982422,3069452,0.0,0.0
2017-03-07 00:00:00+08:00,20.57438479518701,20.57438479518701,20.03545615071108,20.257368087768555,1318208,0.0,0.0
2017-03-08 00:00:00+08:00,20.257365132309587,20.320767497084944,20.035453227628068,20.289066314697266,599248,0.0,0.0
2017-03-09 00:00:00+08:00,20.38417325987247,20.66948633371475,20.320768473405618,20.574382781982422,970056,0.0,0.0
2017-03-10 00:00:00+08:00,20.574381733963786,20.73289006408886,20.225662682095066,20.606082916259766,777105,0.0,0.0
2017-03-13 00:00:00+08:00,20.669484252715563,20.732889032798834,20.447573569036752,20.47927474975586,458976,0.0,0.0
2017-03-14 00:00:00+08:00,20.47927474975586,20.574380710558238,20.289065246796156,20.47927474975586,607237,0.0,0.0
2017-03-15 00:00:00+08:00,20.542680309523014,21.113308840059954,20.47927552703326,20.986501693725586,2826974,0.0,0.0
2017-03-16 00:00:00+08:00,20.98650267310485,21.683940801168724,20.98650267310485,21.271818161010742,4856531,0.0,0.0
2017-03-17 00:00:00+08:00,21.779042377548517,21.937550698836773,21.303517413683746,21.43032455444336,3524668,0.0,0.0
2017-03-20 00:00:00+08:00,21.557134517357895,21.557134517357895,21.049908306560898,21.30352020263672,1204476,0.0,0.0
2017-03-21 00:00:00+08:00,21.43032649666454,21.683940801168724,21.271818161010742,21.271818161010742,1257066,0.0,0.0
2017-03-22 00:00:00+08:00,20.859698163230558,21.049907684326172,20.479276702394042,21.049907684326172,1604356,0.0,0.0
2017-03-23 00:00:00+08:00,21.049909695102873,21.11331206864278,20.57438463761702,20.732892990112305,1720940,0.0,0.0
2017-03-24 00:00:00+08:00,20.637784098555745,20.70118888179288,20.51097695072665,20.606082916259766,944327,0.0,0.0
2017-03-27 00:00:00+08:00,20.542679551532824,20.542679551532824,20.289065268222025,20.32076644897461,799488,0.0,0.0
2017-03-28 00:00:00+08:00,20.320768109010892,20.3524692923532,19.750138343590987,19.87694549560547,1094625,0.0,0.0
2017-03-29 00:00:00+08:00,20.09885928566911,20.13056047197462,19.623334235150026,20.03545570373535,340038,0.0,0.0
2017-03-30 00:00:00+08:00,20.0037508359178,20.479275827668516,19.908646079432174,20.289066314697266,284005,0.0,0.0
2017-03-31 00:00:00+08:00,20.352471194758667,20.352471194758667,20.03545570373535,20.03545570373535,252315,0.0,0.0
2017-04-05 00:00:00+08:00,20.162259196350625,20.289066344734252,19.97204968309778,20.130558013916016,211148,0.0,0.0
2017-04-06 00:00:00+08:00,20.130558521377846,20.289066856191845,20.03545376235397,20.19396209716797,147022,0.0,0.0
2017-04-07 00:00:00+08:00,20.098857724937513,20.257366062801932,19.90864699390662,20.003751754760742,267830,0.0,0.0
2017-04-10 00:00:00+08:00,19.908646231593625,19.908646231593625,19.274612904413427,19.496524810791016,1437494,0.0,0.0
2017-04-11 00:00:00+08:00,19.49652594139337,19.49652594139337,19.147808074951172,19.147808074951172,696534,0.0,0.0
2017-04-12 00:00:00+08:00,19.179512087504072,19.211213276646838,18.957600135536147,19.02100372314453,698648,0.0,0.0
2017-04-13 00:00:00+08:00,19.021000805054758,19.14780796081752,18.862492465012632,18.894193649291992,369460,0.0,0.0
2017-04-14 00:00:00+08:00,18.830789972307677,18.830789972307677,18.386966167299015,18.482070922851562,493149,0.0,0.0
2017-04-17 00:00:00+08:00,18.48207231721243,19.21121044388781,18.48207231721243,19.147808074951172,420000,0.0,0.0
2017-04-18 00:00:00+08:00,19.30631645681501,19.433122404279445,18.92589619577637,18.989299774169922,335825,0.0,0.0
2017-04-19 00:00:00+08:00,18.957595825195312,19.08440297158026,18.89419225200284,18.957595825195312,195057,0.0,0.0
2017-04-20 00:00:00+08:00,19.211208366571977,19.274611937975433,18.989297680643695,19.05270004272461,231657,0.0,0.0
2017-04-21 00:00:00+08:00,19.306314817924747,19.46482314579171,19.147806490057786,19.274612426757812,343170,0.0,0.0
2017-04-24 00:00:00+08:00,19.306314817924747,19.433120754624774,19.211208853746516,19.274612426757812,226103,0.0,0.0
2017-04-25 00:00:00+08:00,19.528227950849228,19.528227950849228,19.211211255482695,19.3380184173584,113426,0.0,0.0
2017-04-26 00:00:00+08:00,19.338017520518907,19.464824676513672,19.274613942521526,19.464824676513672,115174,0.0,0.0
2017-04-27 00:00:00+08:00,19.46482762708038,19.46482762708038,19.02100372314453,19.02100372314453,492350,0.0,0.0
2017-04-28 00:00:00+08:00,19.17950925941949,19.17950925941949,19.021000918432552,19.147808074951172,182490,0.0,0.0
2017-05-02 00:00:00+08:00,19.11610648873728,19.49652676504166,19.11610648873728,19.3380184173584,163149,0.0,0.0
2017-05-03 00:00:00+08:00,19.33801902139836,19.40142260431668,19.052703502927315,19.08440589904785,104108,0.0,0.0
2017-05-04 00:00:00+08:00,19.08440484827286,19.27461437723224,19.052702453897837,19.116106033325195,142003,0.0,0.0
2017-05-05 00:00:00+08:00,19.084406511223026,19.084406511223026,18.799090983599843,18.830793380737305,395468,0.0,0.0
2017-05-08 00:00:00+08:00,18.862492544740345,18.925896122889718,18.577177047729492,18.577177047729492,217240,0.0,0.0
2017-05-09 00:00:00+08:00,18.38696481455927,18.577174311670543,18.196755317447998,18.228456497192383,537652,0.0,0.0
2017-05-10 00:00:00+08:00,18.228459181891928,18.577177047729492,18.165055603742555,18.577177047729492,191000,0.0,0.0
2017-05-11 00:00:00+08:00,18.38696481455927,18.545473131926162,18.133351748636745,18.228456497192383,208100,0.0,0.0
2017-05-12 00:00:00+08:00,18.19675807706299,18.35526641846834,18.101652104761644,18.260160446166992,179102,0.0,0.0
2017-05-15 00:00:00+08:00,18.260160094528793,18.3869672489402,18.165055333381563,18.29186248779297,88158,0.0,0.0
2017-05-16 00:00:00+08:00,18.29186384446991,18.3869686126709,18.26016144885442,18.3869686126709,98289,0.0,0.0
2017-05-17 00:00:00+08:00,18.450371293016097,18.545476056569868,18.386967714206023,18.513774871826172,42000,0.0,0.0
2017-05-18 00:00:00+08:00,18.513774871826172,18.513774871826172,18.19675818709848,18.513774871826172,62000,0.0,0.0
2017-05-19 00:00:00+08:00,18.45037168976591,18.577177640790165,18.29186334399356,18.323564529418945,158300,0.0,0.0
2017-05-22 00:00:00+08:00,18.513774871826172,18.545476056569868,18.291862950652252,18.513774871826172,132256,0.0,0.0
2017-05-23 00:00:00+08:00,18.640578735962055,18.67228112648386,18.386965658400353,18.41866683959961,135070,0.0,0.0
2017-05-24 00:00:00+08:00,18.418668898949722,18.577177241313567,18.355266529462327,18.513774871826172,122360,0.0,0.0
2017-05-25 00:00:00+08:00,18.64057784714041,18.64057784714041,18.513771919067203,18.545473098754883,103000,0.0,0.0
2017-05-26 00:00:00+08:00,18.54547586331614,18.60887944146551,18.450371100753408,18.577177047729492,32028,0.0,0.0
2017-05-31 00:00:00+08:00,18.577177241313567,18.577177241313567,18.32356413539595,18.513774871826172,98816,0.0,0.0
2017-06-01 00:00:00+08:00,18.482072477759793,18.672283214190017,18.450371293016097,18.513774871826172,65001,0.0,0.0
2017-06-02 00:00:00+08:00,18.51377293943935,18.703982446693654,18.48207054868193,18.67228126525879,118208,0.0,0.0
2017-06-05 00:00:00+08:00,18.862489183917877,18.894190362682878,18.76738443830043,18.79908561706543,167050,0.0,0.0
2017-06-06 00:00:00+08:00,18.799088926524984,18.799088926524984,18.70398416416495,18.735685348510742,63050,0.0,0.0
2017-06-07 00:00:00+08:00,18.735685033932178,18.735685033932178,18.60887908935547,18.60887908935547,114004,0.0,0.0
2017-06-08 00:00:00+08:00,18.64058082012364,18.672283214190017,18.513774871826172,18.513774871826172,161668,0.0,0.0
2017-06-09 00:00:00+08:00,18.57717567840411,18.57717567840411,18.450369740774907,18.482070922851562,78000,0.0,0.0
2017-06-12 00:00:00+08:00,18.16505717424439,18.482073883077003,18.16505717424439,18.45037269592285,152000,0.0,0.0
2017-06-13 00:00:00+08:00,18.450371293016097,18.513774871826172,18.386967714206023,18.513774871826172,83000,0.0,0.0
2017-06-14 00:00:00+08:00,18.513774913767858,18.513774913767858,18.2284594131375,18.355266571044922,165500,0.0,0.0
2017-06-15 00:00:00+08:00,18.323564529418945,18.386968109592427,18.29186334399356,18.323564529418945,72224,0.0,0.0
2017-06-16 00:00:00+08:00,18.260160556585877,18.608879635379942,18.260160556585877,18.513774871826172,97031,0.0,0.0
2017-06-19 00:00:00+08:00,18.513774871826172,18.608879635379942,18.450371293016097,18.513774871826172,72370,0.0,0.0
2017-06-20 00:00:00+08:00,18.5137733142508,18.57717567840411,18.482070922851562,18.482070922851562,141000,0.0,0.0
2017-06-21 00:00:00+08:00,18.60887944146551,18.60887944146551,18.38696752260403,18.577177047729492,96041,0.0,0.0
2017-06-22 00:00:00+08:00,18.513774871826172,18.608879635379942,18.450371293016097,18.513774871826172,175032,0.0,0.0
2017-06-23 00:00:00+08:00,18.60887882490563,18.60887882490563,18.450370489445316,17.435916900634766,336419,0.0,0.0
2017-06-26 00:00:00+08:00,18.39397557640144,18.49522656061118,18.360225677490234,18.360225677490234,588408,1.669328,0.0
2017-06-27 00:00:00+08:00,18.393975593679848,18.393975593679848,18.22522352401306,18.292724609375,144149,0.0,0.0
2017-06-28 00:00:00+08:00,18.292723945115775,18.596476887000218,18.225222862204987,18.49522590637207,214275,0.0,0.0
2017-06-29 00:00:00+08:00,18.596476887000218,18.697729155104433,18.360225028026566,18.49522590637207,185018,0.0,0.0
2017-06-30 00:00:00+08:00,18.42772807599001,18.42772807599001,18.157724984166876,18.258975982666016,135002,0.0,0.0
2017-07-03 00:00:00+08:00,18.157724984166876,18.292727173816594,18.157724984166876,18.258975982666016,103000,0.0,0.0
2017-07-04 00:00:00+08:00,18.393974984110756,18.393974984110756,18.123971939086914,18.123971939086914,225198,0.0,0.0
2017-07-05 00:00:00+08:00,18.292724033687712,18.292724033687712,17.988969802856445,17.988969802856445,145662,0.0,0.0
2017-07-06 00:00:00+08:00,17.988969178286595,18.022720362471617,17.82021711978958,17.887718200683594,239362,0.0,0.0
2017-07-07 00:00:00+08:00,17.887717562130167,17.988968536118726,17.853967666625977,17.853967666625977,83395,0.0,0.0
2017-07-10 00:00:00+08:00,17.85396896846416,17.85396896846416,17.617715820280253,17.685216903686523,167001,0.0,0.0
2017-07-11 00:00:00+08:00,17.92146683971515,17.92146683971515,17.550212852065677,17.617713928222656,259148,0.0,0.0
2017-07-12 00:00:00+08:00,17.617715866507595,17.820217829781672,17.48271369934082,17.48271369934082,246490,0.0,0.0
2017-07-13 00:00:00+08:00,17.583965283731676,17.685217556315585,17.516465485310576,17.651466369628906,156210,0.0,0.0
2017-07-14 00:00:00+08:00,17.685219895345462,18.360228268641453,17.685219895345462,18.258975982666016,364728,0.0,0.0
2017-07-17 00:00:00+08:00,18.360228268641453,18.360228268641453,18.225226078991735,18.258975982666016,120464,0.0,0.0
2017-07-18 00:00:00+08:00,18.258972188494035,18.326473269292325,17.95521925611577,18.022720336914062,114446,0.0,0.0
2017-07-19 00:00:00+08:00,18.09022076882419,18.22522293518637,18.022720973119174,18.05647087097168,83737,0.0,0.0
2017-07-20 00:00:00+08:00,18.15772122386071,18.15772122386071,17.921468084637826,17.955219268798828,72297,0.0,0.0
2017-07-21 00:00:00+08:00,18.15772122386071,18.15772122386071,17.887718187952856,17.955219268798828,71000,0.0,0.0
2017-07-24 00:00:00+08:00,17.955220487032623,18.596477579887573,17.955220487032623,18.225223541259766,331001,0.0,0.0
2017-07-25 00:00:00+08:00,18.360228268641453,18.360228268641453,18.123975080492595,18.258975982666016,70417,0.0,0.0
2017-07-26 00:00:00+08:00,18.258972201391654,18.258972201391654,17.955219268798828,17.955219268798828,98058,0.0,0.0
2017-07-27 00:00:00+08:00,18.191472395171775,18.191472395171775,17.921468071978612,18.022720336914062,107200,0.0,0.0
2017-07-28 00:00:00+08:00,18.090220783974843,18.090220783974843,17.887718821738048,17.988969802856445,81000,0.0,0.0
2017-07-31 00:00:00+08:00,18.02272037539561,18.02272037539561,17.752716051625942,17.82021713256836,111000,0.0,0.0
2017-08-01 00:00:00+08:00,18.022719729605768,18.022719729605768,17.75271541551089,17.786466598510742,46449,0.0,0.0
2017-08-02 00:00:00+08:00,17.82021842275031,17.85396960940312,17.71896743774414,17.71896743774414,177196,0.0,0.0
2017-08-03 00:00:00+08:00,17.718964898720152,17.92146683971515,17.617713928222656,17.617713928222656,147094,0.0,0.0
2017-08-04 00:00:00+08:00,17.75271735473669,17.75271735473669,17.617716470418355,17.651466369628906,109000,0.0,0.0
2017-08-07 00:00:00+08:00,17.651466387479164,17.685217574199974,17.51646550302431,17.583965301513672,239551,0.0,0.0
2017-08-08 00:00:00+08:00,17.583965301513672,17.617716488234482,17.55021540226899,17.583965301513672,109602,0.0,0.0
2017-08-09 00:00:00+08:00,17.5839659416939,17.5839659416939,17.48271495279748,17.51646614074707,91000,0.0,0.0
2017-08-10 00:00:00+08:00,17.55021544133003,17.55021544133003,17.212711298227532,17.347713470458984,176000,0.0,0.0
2017-08-11 00:00:00+08:00,17.415211994016715,17.415211994016715,17.280211119145694,17.38146209716797,135201,0.0,0.0
2017-08-14 00:00:00+08:00,17.280209896816693,17.280209896816693,16.908954620361328,16.908954620361328,233950,0.0,0.0
2017-08-15 00:00:00+08:00,16.90895589064923,17.077707950585754,16.875205993652344,16.875205993652344,194001,0.0,0.0
2017-08-16 00:00:00+08:00,16.875207731942773,17.752718019013326,16.875207731942773,17.51646614074707,286200,0.0,0.0
2017-08-17 00:00:00+08:00,17.516465560256826,17.55021545961178,17.28021240234375,17.28021240234375,130000,0.0,0.0
2017-08-18 00:00:00+08:00,17.51646428604049,17.51646428604049,17.17896016713779,17.2464599609375,109000,0.0,0.0
2017-08-21 00:00:00+08:00,17.381462110277173,17.381462110277173,17.178960154079892,17.313961029052734,139001,0.0,0.0
2017-08-22 00:00:00+08:00,17.2464599609375,17.2464599609375,17.17896016713779,17.2464599609375,151100,0.0,0.0
2017-08-23 00:00:00+08:00,17.246459344064828,17.280210527233507,17.077707290649414,17.077707290649414,251000,0.0,0.0
2017-08-24 00:00:00+08:00,16.90895648058113,17.145209630230042,16.90895648058113,17.111459732055664,181567,0.0,0.0
2017-08-25 00:00:00+08:00,17.07770790148615,17.280211145313395,17.07770790148615,17.2464599609375,212673,0.0,0.0
2017-08-28 00:00:00+08:00,17.28021172083656,17.61771585097995,17.28021172083656,17.550214767456055,154000,0.0,0.0
2017-08-29 00:00:00+08:00,17.550216041220484,17.550216041220484,17.48271495279748,17.51646614074707,122074,0.0,0.0
2017-08-30 00:00:00+08:00,17.516465485310576,17.685217556315585,17.415213212726666,17.651466369628906,206144,0.0,0.0
2017-08-31 00:00:00+08:00,17.685215624463158,17.82021649403461,17.685215624463158,17.786466598510742,150000,0.0,0.0
2017-09-01 00:00:00+08:00,17.955220504150148,18.15772247314453,17.651466263182456,18.15772247314453,349302,0.0,0.0
2017-09-04 00:00:00+08:00,18.225222920036344,18.326473900985775,17.988969772836956,18.123971939086914,212020,0.0,0.0
2017-09-05 00:00:00+08:00,18.123971954152772,18.19147303733386,18.022720973119174,18.05647087097168,126868,0.0,0.0
2017-09-06 00:00:00+08:00,18.36022445342949,18.36022445342949,18.022720336914062,18.022720336914062,212191,0.0,0.0
2017-09-07 00:00:00+08:00,18.09022013023632,18.292723372631198,17.988969152776903,18.022720336914062,128468,0.0,0.0
2017-09-08 00:00:00+08:00,18.292723372631198,18.326473269292325,18.022720336914062,18.022720336914062,202200,0.0,0.0
2017-09-11 00:00:00+08:00,18.22522549772193,18.22522549772193,18.02272350718219,18.09022331237793,187002,0.0,0.0
2017-09-12 00:00:00+08:00,18.225222920036344,18.225222920036344,18.056470855961933,18.123971939086914,93350,0.0,0.0
2017-09-13 00:00:00+08:00,18.22522549772193,18.2589754003198,18.02272350718219,18.09022331237793,112101,0.0,0.0
2017-09-14 00:00:00+08:00,18.05647340978006,18.09022331237793,17.98897231710806,18.09022331237793,38002,0.0,0.0
2017-09-15 00:00:00+08:00,18.09022014301474,18.225222304706683,17.921468084637826,17.955219268798828,92052,0.0,0.0
2017-09-18 00:00:00+08:00,18.123973913525635,18.123973913525635,17.887720740588655,17.921470642089844,68000,0.0,0.0
2017-09-19 00:00:00+08:00,17.95521990497567,18.090220783974843,17.921468719618822,17.988969802856445,95304,0.0,0.0
2017-09-20 00:00:00+08:00,17.921468084637826,17.955219268798828,17.853968291267886,17.955219268798828,67122,0.0,0.0
2017-09-21 00:00:00+08:00,18.09022331237793,18.2589754003198,18.02272350718219,18.09022331237793,294050,0.0,0.0
2017-09-22 00:00:00+08:00,18.09022331237793,18.15772440504993,17.95522241451019,18.09022331237793,122001,0.0,0.0
2017-09-25 00:00:00+08:00,18.090219510107282,18.090219510107282,17.820216483645797,17.853967666625977,130303,0.0,0.0
2017-09-26 00:00:00+08:00,17.85396705103411,17.85396705103411,17.550212852065677,17.617713928222656,152000,0.0,0.0
2017-09-27 00:00:00+08:00,17.82021649403461,17.95521865108205,17.61771454593944,17.786466598510742,226240,0.0,0.0
2017-09-28 00:00:00+08:00,17.955218640614536,17.955218640614536,17.617714535668682,17.853967666625977,181000,0.0,0.0
2017-09-29 00:00:00+08:00,17.82021845865483,17.921469443865,17.55021540226899,17.583965301513672,168000,0.0,0.0
2017-10-02 00:00:00+08:00,17.68521753856746,17.752717336920824,17.550215366908482,17.71896743774414,206000,0.0,0.0
2017-10-03 00:00:00+08:00,17.887720148288746,17.887720148288746,17.68521817103444,17.752717971801758,202010,0.0,0.0
2017-10-05 00:00:00+08:00,17.82021711978958,18.022720362471617,17.82021711978958,17.887718200683594,288300,0.0,0.0
2017-10-06 00:00:00+08:00,18.225224763226763,18.798982096601367,18.15772367327513,18.42772674560547,1155628,0.0,0.0
2017-10-11 00:00:00+08:00,19.136486191593995,19.136486191593995,18.562728860236888,18.630229949951172,482350,0.0,0.0
2017-10-12 00:00:00+08:00,18.630228027967227,19.001482051881133,18.56272694521668,18.697729110717773,346089,0.0,0.0
2017-10-13 00:00:00+08:00,18.86648312021306,18.86648312021306,18.562728860236888,18.630229949951172,163092,0.0,0.0
2017-10-16 00:00:00+08:00,18.663979254860934,18.663979254860934,18.461477279663086,18.461477279663086,367202,0.0,0.0
2017-10-17 00:00:00+08:00,19.136485515405134,19.136485515405134,18.73148027890652,18.765230178833008,603618,0.0,0.0
2017-10-18 00:00:00+08:00,18.90023288491018,19.50774011300134,18.90023288491018,19.136486053466797,1011278,0.0,0.0
2017-10-19 00:00:00+08:00,19.305237450780748,19.608990410357247,19.136485377412868,19.338987350463867,898209,0.0,0.0
2017-10-20 00:00:00+08:00,19.33898792167873,19.84524415673564,19.30523802099874,19.575241088867188,1381558,0.0,0.0
2017-10-23 00:00:00+08:00,19.81149495353765,19.845244855405834,19.17023651823233,19.372739791870117,777302,0.0,0.0
2017-10-24 00:00:00+08:00,19.37273736327111,19.37273736327111,18.663977925604467,18.697729110717773,902123,0.0,0.0
2017-10-25 00:00:00+08:00,18.967733402255362,19.035234489447248,18.69773034096397,18.900232315063477,312562,0.0,0.0
2017-10-26 00:00:00+08:00,18.798982596607495,18.900233590489872,18.765231406995877,18.866483688354492,121207,0.0,0.0
2017-10-27 00:00:00+08:00,19.10273369862971,19.10273369862971,18.461476608820707,18.663978576660156,422460,0.0,0.0
2017-10-30 00:00:00+08:00,18.86648312021306,18.900233021332102,18.39397677968928,18.630229949951172,205002,0.0,0.0
2017-10-31 00:00:00+08:00,18.528978959117847,18.663979851070213,18.42772668080832,18.630229949951172,265200,0.0,0.0
2017-11-01 00:00:00+08:00,18.528979563848317,18.731481552124023,18.528979563848317,18.731481552124023,94684,0.0,0.0
2017-11-02 00:00:00+08:00,18.76523125843298,19.71024396045687,18.56272927227142,19.372739791870117,1082613,0.0,0.0
2017-11-03 00:00:00+08:00,19.575241825036834,19.7102440077862,19.170236564264965,19.23773765563965,451200,0.0,0.0
2017-11-06 00:00:00+08:00,19.237735155254455,19.237735155254455,18.900231029723674,19.001482009887695,172004,0.0,0.0
2017-11-07 00:00:00+08:00,19.00148458437225,19.068985676119247,18.798982596607495,18.866483688354492,204980,0.0,0.0
2017-11-08 00:00:00+08:00,18.900231071493348,18.900231071493348,18.697729110717773,18.697729110717773,153000,0.0,0.0
2017-11-09 00:00:00+08:00,18.69773046214186,18.765230262295052,18.360226311471255,18.39397621154785,295001,0.0,0.0
2017-11-10 00:00:00+08:00,18.360225028026566,18.596476887000218,18.225222862204987,18.49522590637207,200010,0.0,0.0
2017-11-13 00:00:00+08:00,18.360225677490234,18.49522656061118,18.292724592191703,18.360225677490234,183549,0.0,0.0
2017-11-14 00:00:00+08:00,18.090220753786387,18.326473900985775,18.02272095813748,18.123971939086914,305162,0.0,0.0
2017-11-15 00:00:00+08:00,18.123971939086914,18.123971939086914,17.955219875012503,18.123971939086914,125201,0.0,0.0
2017-11-16 00:00:00+08:00,18.05647148864734,18.191473659627675,17.98897040315717,18.15772247314453,84289,0.0,0.0
2017-11-17 00:00:00+08:00,18.22522549772193,18.22522549772193,18.09022331237793,18.09022331237793,162006,0.0,0.0
2017-11-20 00:00:00+08:00,18.123971939086914,18.157721836911364,18.056470855961933,18.123971939086914,58000,0.0,0.0
2017-11-21 00:00:00+08:00,18.157721852005277,18.157721852005277,18.05647087097168,18.05647087097168,106144,0.0,0.0
2017-11-22 00:00:00+08:00,18.123972574137508,18.15772247314453,18.05647148864734,18.15772247314453,78002,0.0,0.0
2017-11-23 00:00:00+08:00,18.15772247314453,18.15772247314453,18.022721589640316,18.15772247314453,107002,0.0,0.0
2017-11-24 00:00:00+08:00,18.157722438651124,18.32647450831791,18.090221353289184,18.292724609375,72033,0.0,0.0
2017-11-27 00:00:00+08:00,18.36022569473694,18.393975593679848,18.22522352401306,18.292724609375,56000,0.0,0.0
2017-11-28 00:00:00+08:00,18.225222920036344,18.225222920036344,17.955219875012503,18.123971939086914,225000,0.0,0.0
2017-11-29 00:00:00+08:00,18.225222920036344,18.225222920036344,17.887718791887522,18.123971939086914,121000,0.0,0.0
2017-11-30 00:00:00+08:00,18.12397134007462,18.15772123678361,17.887718200683594,17.887718200683594,105101,0.0,0.0
2017-12-01 00:00:00+08:00,17.887717562130167,17.887717562130167,17.68521561415305,17.853967666625977,177005,0.0,0.0
2017-12-04 00:00:00+08:00,17.85397141924032,18.09022331237793,17.752719136494193,18.09022331237793,50050,0.0,0.0
2017-12-05 00:00:00+08:00,18.09022014301474,18.09022014301474,17.752716026260913,17.955219268798828,54008,0.0,0.0
2017-12-06 00:00:00+08:00,18.022720362471617,18.022720362471617,17.718966142186577,17.887718200683594,57005,0.0,0.0
2017-12-07 00:00:00+08:00,17.820219060045254,17.921470048672408,17.617717082790943,17.752717971801758,87000,0.0,0.0
2017-12-08 00:00:00+08:00,17.786466598510742,17.82021649403461,17.61771454593944,17.786466598510742,65375,0.0,0.0
2017-12-11 00:00:00+08:00,18.0227203496448,18.191472408021713,17.921468084637826,17.955219268798828,243000,0.0,0.0
2017-12-12 00:00:00+08:00,17.95521990497567,17.988969802856445,17.921468719618822,17.988969802856445,48210,0.0,0.0
2017-12-13 00:00:00+08:00,17.988968536118726,18.056469614603092,17.820216483645797,17.853967666625977,133000,0.0,0.0
2017-12-14 00:00:00+08:00,17.887718187952856,17.955219268798828,17.718966129575943,17.955219268798828,301176,0.0,0.0
2017-12-15 00:00:00+08:00,17.887717562130167,17.887717562130167,17.75271540516143,17.853967666625977,56001,0.0,0.0
2017-12-18 00:00:00+08:00,17.921469407756483,17.921469407756483,17.71896743774414,17.71896743774414,96009,0.0,0.0
2017-12-19 00:00:00+08:00,17.718964898720152,17.752714793060672,17.617713928222656,17.617713928222656,97409,0.0,0.0
2017-12-20 00:00:00+08:00,17.685217556315585,17.718967455526137,17.617716470418355,17.651466369628906,84001,0.0,0.0
2017-12-21 00:00:00+08:00,17.61771585097995,17.651465749003854,17.448963785908255,17.550214767456055,271004,0.0,0.0
2017-12-22 00:00:00+08:00,17.48271495279748,17.550216041220484,17.48271495279748,17.51646614074707,85005,0.0,0.0
2017-12-25 00:00:00+08:00,17.516463561680123,17.921467457634357,17.516463561680123,17.853967666625977,201480,0.0,0.0
2017-12-26 00:00:00+08:00,17.85396960940312,17.921469407756483,17.617716452737973,17.71896743774414,159300,0.0,0.0
2017-12-27 00:00:00+08:00,17.71896743774414,17.82021842275031,17.71896743774414,17.71896743774414,89006,0.0,0.0
2017-12-28 00:00:00+08:00,17.718964898720152,17.718964898720152,17.550212852065677,17.617713928222656,154159,0.0,0.0
2017-12-29 00:00:00+08:00,17.651464441463304,17.786466598510742,17.651464441463304,17.786466598510742,73002,0.0,0.0
2018-01-02 00:00:00+08:00,17.78646722308059,17.887718200683594,17.718966142186577,17.887718200683594,109423,0.0,0.0
2018-01-03 00:00:00+08:00,17.8877195085798,17.8877195085798,17.68521753856746,17.71896743774414,253204,0.0,0.0
2018-01-04 00:00:00+08:00,17.71896615489275,17.82021713256836,17.68521625815956,17.82021713256836,126451,0.0,0.0
2018-01-05 00:00:00+08:00,17.820217783022983,17.820217783022983,17.550214736873983,17.685216903686523,226892,0.0,0.0
2018-01-08 00:00:00+08:00,17.617717487164985,18.562728881835938,17.617717487164985,18.562728881835938,3076829,0.0,0.0
2018-01-09 00:00:00+08:00,18.292724644124863,18.42772552762908,18.05647148864734,18.15772247314453,970827,0.0,0.0
2018-01-10 00:00:00+08:00,18.157721211034612,18.326473269292325,17.85396827865635,18.022720336914062,321005,0.0,0.0
2018-01-11 00:00:00+08:00,18.022721680238778,18.022721680238778,17.617716452737973,17.71896743774414,323036,0.0,0.0
2018-01-12 00:00:00+08:00,17.955219268798828,18.0227203496448,17.820217107106885,17.955219268798828,162001,0.0,0.0
2018-01-15 00:00:00+08:00,17.988969165483798,18.0227203496448,17.752716026260913,17.955219268798828,155022,0.0,0.0
2018-01-16 00:00:00+08:00,17.887717562130167,17.955218640614536,17.853967666625977,17.853967666625977,167032,0.0,0.0
2018-01-17 00:00:00+08:00,17.853968923857277,18.05647088609407,17.786467840619654,17.988969802856445,181527,0.0,0.0
2018-01-18 00:00:00+08:00,18.090222125543058,18.090222125543058,17.752717971801758,17.752717971801758,431511,0.0,0.0
2018-01-19 00:00:00+08:00,17.853968316777586,17.887718213510777,17.752716051625942,17.82021713256836,343094,0.0,0.0
2018-01-22 00:00:00+08:00,17.82021711978958,17.955219281577605,17.752716038895567,17.887718200683594,247970,0.0,0.0
2018-01-23 00:00:00+08:00,17.752716699616713,17.78646788505789,17.58396463483908,17.685216903686523,348001,0.0,0.0
2018-01-24 00:00:00+08:00,17.550214736873983,17.718966801651618,17.550214736873983,17.685216903686523,199199,0.0,0.0
2018-01-25 00:00:00+08:00,17.685215004379636,17.685215004379636,17.550212852065677,17.617713928222656,205080,0.0,0.0
2018-01-26 00:00:00+08:00,17.651465718245348,17.752716699616713,17.651465718245348,17.685216903686523,74088,0.0,0.0
2018-01-29 00:00:00+08:00,17.85396767703446,17.85396767703446,17.685215624463158,17.786466598510742,151119,0.0,0.0
2018-01-30 00:00:00+08:00,17.718967455526137,17.921469425741698,17.583965283731676,17.651466369628906,276238,0.0,0.0
2018-01-31 00:00:00+08:00,17.651466351914653,17.82021842275031,17.583965266085166,17.71896743774414,147000,0.0,0.0
2018-02-01 00:00:00+08:00,17.82021586921765,17.82021586921765,17.583962746406193,17.617713928222656,252240,0.0,0.0
2018-02-02 00:00:00+08:00,17.718964898720152,17.718964898720152,17.550212852065677,17.617713928222656,294000,0.0,0.0
2018-02-05 00:00:00+08:00,17.550215366908482,17.78646852357363,17.482714281078994,17.71896743774414,221001,0.0,0.0
2018-02-06 00:00:00+08:00,17.55021555714531,17.685217730267652,16.20019897582644,16.84145736694336,877013,0.0,0.0
2018-02-07 00:00:00+08:00,17.04396046908949,17.68521890271899,17.04396046908949,17.41521453857422,698002,0.0,0.0
2018-02-08 00:00:00+08:00,17.4152132872397,17.4152132872397,17.24646121551266,17.28021240234375,115151,0.0,0.0
2018-02-09 00:00:00+08:00,17.28021240234375,17.28021240234375,17.28021240234375,17.28021240234375,0,0.0,0.0
2018-02-12 00:00:00+08:00,17.38146209716797,17.482713075190244,17.347712200319222,17.38146209716797,90010,0.0,0.0
2018-02-21 00:00:00+08:00,17.313962227618884,17.718967455526137,17.280212328408336,17.651466369628906,249073,0.0,0.0
2018-02-22 00:00:00+08:00,17.651466369628906,17.75271735473669,17.651466369628906,17.651466369628906,174023,0.0,0.0
2018-02-23 00:00:00+08:00,17.786469159661593,17.820219060045254,17.68521817103444,17.752717971801758,160007,0.0,0.0
2018-02-26 00:00:00+08:00,17.752716051625942,17.82021713256836,17.68521625815956,17.82021713256836,128065,0.0,0.0
2018-02-27 00:00:00+08:00,17.853968316777586,17.853968316777586,17.71896615489275,17.82021713256836,146014,0.0,0.0
2018-03-01 00:00:00+08:00,17.82021842275031,17.82021842275031,17.68521753856746,17.71896743774414,151290,0.0,0.0
2018-03-02 00:00:00+08:00,17.718968071418097,17.786469159661593,17.41521381806046,17.752717971801758,196010,0.0,0.0
2018-03-05 00:00:00+08:00,17.820217814075544,17.820217814075544,17.550214767456055,17.550214767456055,116363,0.0,0.0
2018-03-06 00:00:00+08:00,17.617713928222656,17.752714793060672,17.550212852065677,17.617713928222656,72146,0.0,0.0
2018-03-07 00:00:00+08:00,17.617713928222656,17.685215004379636,17.617713928222656,17.617713928222656,162210,0.0,0.0
2018-03-08 00:00:00+08:00,17.651466351914653,17.85396960940312,17.617716452737973,17.71896743774414,132933,0.0,0.0
2018-03-09 00:00:00+08:00,17.550212852065677,17.752714793060672,17.550212852065677,17.617713928222656,149993,0.0,0.0
2018-03-12 00:00:00+08:00,17.617713928222656,17.651463822563173,17.617713928222656,17.617713928222656,94145,0.0,0.0
2018-03-13 00:00:00+08:00,17.685217556315585,17.75271735473669,17.651466369628906,17.651466369628906,106000,0.0,0.0
2018-03-14 00:00:00+08:00,17.651464441463304,17.82021649403461,17.651464441463304,17.786466598510742,90112,0.0,0.0
2018-03-15 00:00:00+08:00,17.820219060045254,17.853970247905085,17.68521817103444,17.752717971801758,123068,0.0,0.0
2018-03-16 00:00:00+08:00,17.820219060045254,17.887720148288746,17.718968071418097,17.752717971801758,109004,0.0,0.0
2018-03-19 00:00:00+08:00,17.786469159661593,17.820219060045254,17.718968071418097,17.752717971801758,108368,0.0,0.0
2018-03-20 00:00:00+08:00,17.752716699616713,17.752716699616713,17.550214736873983,17.685216903686523,143207,0.0,0.0
2018-03-21 00:00:00+08:00,17.7527166552628,18.22522295045009,17.7527166552628,17.988969802856445,359046,0.0,0.0
2018-03-22 00:00:00+08:00,18.191472420968633,18.191472420968633,17.685216245477587,17.887718200683594,174205,0.0,0.0
2018-03-23 00:00:00+08:00,17.617715820280253,17.78646788505789,17.617715820280253,17.685216903686523,68003,0.0,0.0
2018-03-26 00:00:00+08:00,17.68521753856746,17.752717336920824,17.617716452737973,17.71896743774414,124125,0.0,0.0
2018-03-27 00:00:00+08:00,17.887718866429253,17.887718866429253,17.651465718245348,17.685216903686523,131010,0.0,0.0
2018-03-28 00:00:00+08:00,17.85396960940312,17.85396960940312,17.651466351914653,17.71896743774414,60008,0.0,0.0
2018-03-29 00:00:00+08:00,17.718968071418097,17.752717971801758,17.651466983174604,17.752717971801758,104029,0.0,0.0
2018-03-30 00:00:00+08:00,17.820217708762545,18.225222920036344,17.820217708762545,18.123971939086914,330527,0.0,0.0
2018-04-02 00:00:00+08:00,18.09022013023632,18.09022013023632,17.82021709451919,18.022720336914062,118001,0.0,0.0
2018-04-03 00:00:00+08:00,17.853970247905085,17.853970247905085,17.68521817103444,17.752717971801758,211004,0.0,0.0
2018-04-09 00:00:00+08:00,17.718967455526137,17.718967455526137,17.482714298623897,17.651466369628906,363034,0.0,0.0
2018-04-10 00:00:00+08:00,17.752717971801758,17.786469159661593,17.58396589493111,17.752717971801758,228041,0.0,0.0
2018-04-11 00:00:00+08:00,17.786467210421915,18.0227203496448,17.786467210421915,17.955219268798828,155101,0.0,0.0
2018-04-12 00:00:00+08:00,17.853968291267886,18.05647024632977,17.853968291267886,17.955219268798828,196001,0.0,0.0
2018-04-13 00:00:00+08:00,18.0564714373849,18.528977746998503,18.0564714373849,18.360225677490234,598010,0.0,0.0
2018-04-16 00:00:00+08:00,18.49522659548691,18.528977781937876,18.191473642284915,18.225223541259766,214005,0.0,0.0
2018-04-17 00:00:00+08:00,18.292725995984018,18.360227086462615,17.887720740588655,17.921470642089844,115001,0.0,0.0
2018-04-18 00:00:00+08:00,18.056470233575194,18.258972188494035,17.95521925611577,18.022720336914062,128200,0.0,0.0
2018-04-19 00:00:00+08:00,17.988969152776903,18.056470233575194,17.921468071978612,18.022720336914062,108004,0.0,0.0
2018-04-20 00:00:00+08:00,17.921468084637826,18.09022014301474,17.887718187952856,17.955219268798828,125133,0.0,0.0
2018-04-23 00:00:00+08:00,18.123970703653352,18.123970703653352,17.786466598510742,17.786466598510742,95001,0.0,0.0
2018-04-24 00:00:00+08:00,17.78646852357363,17.8877195085798,17.617716452737973,17.71896743774414,140001,0.0,0.0
2018-04-25 00:00:00+08:00,17.887719526531146,17.887719526531146,17.617716470418355,17.651466369628906,100289,0.0,0.0
2018-04-26 00:00:00+08:00,17.685215004379636,17.85396705103411,17.617713928222656,17.617713928222656,139000,0.0,0.0
2018-04-27 00:00:00+08:00,17.685215004379636,17.752714793060672,17.617713928222656,17.617713928222656,110166,0.0,0.0
2018-04-30 00:00:00+08:00,17.617717082790943,17.786469159661593,17.617717082790943,17.752717971801758,82002,0.0,0.0
2018-05-02 00:00:00+08:00,17.82021844063392,17.82021844063392,17.583965283731676,17.651466369628906,69007,0.0,0.0
2018-05-03 00:00:00+08:00,17.685215004379636,17.752714793060672,17.550212852065677,17.617713928222656,76102,0.0,0.0
2018-05-04 00:00:00+08:00,17.617716452737973,17.71896743774414,17.583965266085166,17.71896743774414,129000,0.0,0.0
2018-05-07 00:00:00+08:00,17.75271541551089,17.786466598510742,17.651464441463304,17.786466598510742,99001,0.0,0.0
2018-05-08 00:00:00+08:00,17.82021844063392,18.05647159753616,17.617716470418355,17.651466369628906,311000,0.0,0.0
2018-05-09 00:00:00+08:00,17.651463822563173,17.651463822563173,17.550212852065677,17.617713928222656,156048,0.0,0.0
2018-05-10 00:00:00+08:00,17.75271735473669,17.921469425741698,17.617716470418355,17.651466369628906,212000,0.0,0.0
2018-05-11 00:00:00+08:00,17.68521753856746,17.78646852357363,17.617716452737973,17.71896743774414,105674,0.0,0.0
2018-05-14 00:00:00+08:00,17.786468559410146,17.786468559410146,17.583965301513672,17.583965301513672,74262,0.0,0.0
2018-05-15 00:00:00+08:00,17.5839647438774,17.5839647438774,16.976457564405976,17.111459732055664,807336,0.0,0.0
2018-05-16 00:00:00+08:00,17.07770857801181,17.07770857801181,16.908956511875424,16.976457595825195,205031,0.0,0.0
2018-05-17 00:00:00+08:00,16.976458252589563,17.043959339150735,16.74020509336353,16.84145736694336,326350,0.0,0.0
2018-05-18 00:00:00+08:00,16.80770429813187,16.875205377135615,16.638952244360514,16.706453323364258,272000,0.0,0.0
2018-05-21 00:00:00+08:00,16.706453983909,16.706453983909,16.200197802578423,16.503952026367188,353069,0.0,0.0
2018-05-22 00:00:00+08:00,16.537701937106373,16.605203018834672,16.368949876523658,16.436450958251953,319008,0.0,0.0
2018-05-23 00:00:00+08:00,16.436450958251953,16.537701937106373,16.40269977364978,16.436450958251953,222332,0.0,0.0
2018-05-24 00:00:00+08:00,16.47020149230957,16.47020149230957,16.368950509539598,16.47020149230957,216001,0.0,0.0
2018-05-25 00:00:00+08:00,16.436451593878278,16.47020149230957,16.200198442430942,16.47020149230957,232500,0.0,0.0
2018-05-28 00:00:00+08:00,16.470200818587852,16.773955041948657,16.3689498399596,16.740203857421875,257000,0.0,0.0
2018-05-29 00:00:00+08:00,16.74020324112691,16.74020324112691,16.50395139551734,16.57145118713379,216000,0.0,0.0
2018-05-30 00:00:00+08:00,17.313961680221045,17.41521266212768,17.043958632644664,17.1789608001709,757021,0.0,0.0
2018-05-31 00:00:00+08:00,17.415212007151375,17.61771525082469,17.178960154079892,17.313961029052734,353418,0.0,0.0
2018-06-01 00:00:00+08:00,17.51646425951503,17.51646425951503,17.347712200319222,17.38146209716797,93000,0.0,0.0
2018-06-04 00:00:00+08:00,17.381463963901055,17.651467030116905,17.34771406342764,17.51646614074707,157000,0.0,0.0
2018-06-05 00:00:00+08:00,17.550214767456055,17.685216934503842,17.38146270238436,17.550214767456055,112001,0.0,0.0
2018-06-06 00:00:00+08:00,17.550214736873983,17.685216903686523,17.482713653467716,17.685216903686523,203380,0.0,0.0
2018-06-07 00:00:00+08:00,17.68521561415305,18.090219510107282,17.68521561415305,17.853967666625977,387199,0.0,0.0
2018-06-08 00:00:00+08:00,18.02272037539561,18.090220168861993,17.71896615489275,17.82021713256836,162700,0.0,0.0
2018-06-11 00:00:00+08:00,17.82021844063392,18.09022149674671,17.651466369628906,17.651466369628906,206011,0.0,0.0
2018-06-12 00:00:00+08:00,17.75271609912271,17.75271609912271,17.448963165283203,17.448963165283203,111001,0.0,0.0
2018-06-13 00:00:00+08:00,17.44896320476474,17.482713101664597,17.212710064037644,17.2464599609375,171200,0.0,0.0
2018-06-14 00:00:00+08:00,17.347712200319222,17.448963178341497,17.347712200319222,17.38146209716797,59350,0.0,0.0
2018-06-15 00:00:00+08:00,17.448964474070785,17.48271437342574,17.28021240234375,17.28021240234375,118000,0.0,0.0
2018-06-19 00:00:00+08:00,17.178963364118857,17.212713267299524,17.11146227028125,17.145212173461914,79002,0.0,0.0
2018-06-20 00:00:00+08:00,17.145209646032978,17.17896083171455,16.908956496166308,17.04395866394043,87000,0.0,0.0
2018-06-21 00:00:00+08:00,17.111458473818093,17.21270944837214,17.010207499264045,17.077707290649414,85289,0.0,0.0
2018-06-22 00:00:00+08:00,17.043958026826708,17.0777079237706,16.97645694546288,17.010208129882812,65001,0.0,0.0
2018-06-25 00:00:00+08:00,17.212710729920037,17.212710729920037,17.010208765734944,17.04395866394043,73002,0.0,0.0
2018-06-26 00:00:00+08:00,17.043956121407376,17.043956121407376,16.942705154418945,16.942705154418945,195081,0.0,0.0
2018-06-27 00:00:00+08:00,16.942705865662337,17.043956836901213,16.942705865662337,16.031444549560547,265580,0.0,0.0
2018-06-28 00:00:00+08:00,17.13470879357937,17.42148189359838,17.063015176714117,17.24224853515625,327000,1.388863,0.0
2018-06-29 00:00:00+08:00,17.242247061196533,17.923334312030445,17.242247061196533,17.851640701293945,422000,0.0,0.0
2018-07-02 00:00:00+08:00,17.9233341217041,18.389340535380033,17.81579439046225,17.9233341217041,766065,0.0,0.0
2018-07-03 00:00:00+08:00,17.9233341217041,18.138413584187802,17.779946901753718,17.9233341217041,518305,0.0,0.0
2018-07-04 00:00:00+08:00,17.923333719920016,17.995027328288067,17.600713165984722,17.815793991088867,205256,0.0,0.0
2018-07-05 00:00:00+08:00,17.85164280742732,17.995030045817117,17.672409443161097,17.779949188232422,193002,0.0,0.0
2018-07-06 00:00:00+08:00,17.744101891333024,17.92333524377073,17.34978906294685,17.708255767822266,173010,0.0,0.0
2018-07-09 00:00:00+08:00,17.564867419149888,17.851640491280286,17.564867419149888,17.672407150268555,107001,0.0,0.0
2018-07-10 00:00:00+08:00,17.672408667352343,17.779948407702733,17.564868927001953,17.564868927001953,56000,0.0,0.0
2018-07-11 00:00:00+08:00,17.56486833990153,17.672408076657437,17.493174726250277,17.529022216796875,87768,0.0,0.0
2018-07-12 00:00:00+08:00,17.672408667352343,17.672408667352343,17.421481694906774,17.564868927001953,81745,0.0,0.0
2018-07-13 00:00:00+08:00,17.5648687321598,17.74410208656959,17.52902260825463,17.63656234741211,92100,0.0,0.0
2018-07-16 00:00:00+08:00,17.744101886724174,17.744101886724174,17.45732879638672,17.45732879638672,48001,0.0,0.0
2018-07-17 00:00:00+08:00,17.45732938188811,17.529022998737492,17.421481889742413,17.493175506591797,28001,0.0,0.0
2018-07-18 00:00:00+08:00,17.313941567497015,17.56486853433302,17.313941567497015,17.45732879638672,81588,0.0,0.0
2018-07-19 00:00:00+08:00,17.493175506591797,17.564869123441184,17.45732938188811,17.493175506591797,80000,0.0,0.0
2018-07-20 00:00:00+08:00,17.493175506591797,17.493175506591797,17.38563576503872,17.493175506591797,181038,0.0,0.0
2018-07-23 00:00:00+08:00,17.493175310954364,17.636562543049543,17.493175310954364,17.564868927001953,77339,0.0,0.0
2018-07-24 00:00:00+08:00,17.636562543049543,17.636562543049543,17.529022802699153,17.564868927001953,94005,0.0,0.0
2018-07-25 00:00:00+08:00,17.493173997581998,17.63656121891179,17.493173997581998,17.6007137298584,72200,0.0,0.0
2018-07-26 00:00:00+08:00,17.600715051304753,17.672408667352343,17.564868927001953,17.564868927001953,80000,0.0,0.0
2018-07-27 00:00:00+08:00,17.63656234741211,17.63656234741211,17.457328993002317,17.63656234741211,91141,0.0,0.0
2018-07-30 00:00:00+08:00,17.672408276869547,17.708255767822266,17.564868538895315,17.708255767822266,113291,0.0,0.0
2018-07-31 00:00:00+08:00,17.708254638936022,17.708254638936022,17.636561029042955,17.672407150268555,49020,0.0,0.0
2018-08-01 00:00:00+08:00,17.70825596266442,17.70825596266442,17.600714856064965,17.63656234741211,49374,0.0,0.0
2018-08-02 00:00:00+08:00,17.708256159097132,17.708256159097132,17.493175310954364,17.564868927001953,105100,0.0,0.0
2018-08-03 00:00:00+08:00,17.63656121891179,17.63656121891179,17.564867608246892,17.6007137298584,106002,0.0,0.0
2018-08-06 00:00:00+08:00,17.672407340523293,17.672407340523293,17.6007137298584,17.6007137298584,86256,0.0,0.0
2018-08-07 00:00:00+08:00,17.708254262257714,17.995027328288067,17.708254262257714,17.815793991088867,359300,0.0,0.0
2018-08-08 00:00:00+08:00,17.923334312030445,17.923334312030445,17.779947090557446,17.851640701293945,119000,0.0,0.0
2018-08-09 00:00:00+08:00,17.887487788933665,17.887487788933665,17.74410057067871,17.74410057067871,93000,0.0,0.0
2018-08-10 00:00:00+08:00,17.744100951188187,17.744100951188187,17.564867608246892,17.6007137298584,157002,0.0,0.0
2018-08-13 00:00:00+08:00,17.636561008258745,17.636561008258745,17.278094326657722,17.421480178833008,174173,0.0,0.0
2018-08-14 00:00:00+08:00,17.421481300786276,17.421481300786276,17.098862087033616,17.206401824951172,220153,0.0,0.0
2018-08-15 00:00:00+08:00,17.206402019778487,17.206402019778487,17.098862280643267,17.134708404541016,87003,0.0,0.0
2018-08-16 00:00:00+08:00,17.063014596099794,17.206401824951172,16.955474858182242,17.206401824951172,92000,0.0,0.0
2018-08-17 00:00:00+08:00,17.206401237013107,17.34978846096498,17.170555114746094,17.170555114746094,45245,0.0,0.0
2018-08-20 00:00:00+08:00,17.27809523776676,17.27809523776676,17.02716827392578,17.02716827392578,54000,0.0,0.0
2018-08-21 00:00:00+08:00,17.027168665405796,17.17055589588074,16.955475050168324,17.134708404541016,45001,0.0,0.0
2018-08-22 00:00:00+08:00,17.063014013061235,17.170555114746094,17.02716789079422,17.170555114746094,48153,0.0,0.0
2018-08-23 00:00:00+08:00,17.170555701459307,17.206401824951172,17.063014596099794,17.206401824951172,44257,0.0,0.0
2018-08-24 00:00:00+08:00,17.242247747251223,17.242247747251223,17.02716827392578,17.02716827392578,61000,0.0,0.0
2018-08-27 00:00:00+08:00,17.027168081556788,17.13470781700455,17.027168081556788,17.098861694335938,47003,0.0,0.0
2018-08-28 00:00:00+08:00,17.20640162417763,17.20640162417763,17.02716827392578,17.02716827392578,120000,0.0,0.0
2018-08-29 00:00:00+08:00,17.098861694335938,17.17055530711509,17.027168081556788,17.098861694335938,49000,0.0,0.0
2018-08-30 00:00:00+08:00,17.098864387235654,17.098864387235654,17.027170763165476,17.063016891479492,89536,0.0,0.0
2018-08-31 00:00:00+08:00,17.13470821052548,17.206401824951172,17.063014596099794,17.206401824951172,82000,0.0,0.0
2018-09-03 00:00:00+08:00,17.13471051554967,17.20640413961985,17.063016891479492,17.063016891479492,47001,0.0,0.0
2018-09-04 00:00:00+08:00,17.17055589588074,17.206402019778487,17.063014789303544,17.134708404541016,42001,0.0,0.0
2018-09-05 00:00:00+08:00,17.13470821052548,17.206401824951172,17.13470821052548,17.206401824951172,34435,0.0,0.0
2018-09-06 00:00:00+08:00,17.170555701459307,17.206401824951172,17.098862087033616,17.206401824951172,42000,0.0,0.0
2018-09-07 00:00:00+08:00,17.134708205809538,17.206401820215493,16.955474853515625,16.955474853515625,154000,0.0,0.0
2018-09-10 00:00:00+08:00,16.919628143310547,17.02716787746934,16.847934531390713,16.919628143310547,110001,0.0,0.0
2018-09-11 00:00:00+08:00,16.84793472290039,16.883780845546813,16.704547497430852,16.84793472290039,47001,0.0,0.0
2018-09-12 00:00:00+08:00,16.74039517943287,16.91962852960358,16.74039517943287,16.776241302490234,39219,0.0,0.0
2018-09-13 00:00:00+08:00,16.74039517943287,16.776241302490234,16.74039517943287,16.776241302490234,25543,0.0,0.0
2018-09-14 00:00:00+08:00,16.81208879298954,16.84793491604691,16.776241302490234,16.776241302490234,28000,0.0,0.0
2018-09-17 00:00:00+08:00,16.740396699289352,16.740396699289352,16.632856952911805,16.668703079223633,36089,0.0,0.0
2018-09-18 00:00:00+08:00,16.66869985535257,16.704545974731445,16.597006249153015,16.704545974731445,81000,0.0,0.0
2018-09-19 00:00:00+08:00,16.704545974731445,16.955472912708984,16.704545974731445,16.704545974731445,49306,0.0,0.0
2018-09-20 00:00:00+08:00,16.704549406484684,16.77624302741285,16.597009658813477,16.597009658813477,51001,0.0,0.0
2018-09-21 00:00:00+08:00,16.668703279741642,16.668703279741642,16.561163532070434,16.597009658813477,56483,0.0,0.0
2018-09-25 00:00:00+08:00,16.704547681141797,16.704547681141797,16.525314331054688,16.525314331054688,42002,0.0,0.0
2018-09-26 00:00:00+08:00,16.597007952319522,16.81208879298954,16.489468215705486,16.776241302490234,37100,0.0,0.0
2018-09-27 00:00:00+08:00,16.632854461669922,16.776240312883193,16.597006973285207,16.632854461669922,27618,0.0,0.0
2018-09-28 00:00:00+08:00,16.81208860025397,16.84793472290039,16.66870137478443,16.84793472290039,27362,0.0,0.0
2018-10-01 00:00:00+08:00,16.66869985535257,16.812087067751676,16.597006249153015,16.704545974731445,57090,0.0,0.0
2018-10-02 00:00:00+08:00,16.704549006307435,16.847936244728754,16.66870288042313,16.74039649963379,21000,0.0,0.0
2018-10-03 00:00:00+08:00,16.812087801267907,16.883780043153614,16.489467243014786,16.632854461669922,67003,0.0,0.0
2018-10-04 00:00:00+08:00,16.489467243014786,16.668700582612775,16.489467243014786,16.632854461669922,50002,0.0,0.0
2018-10-05 00:00:00+08:00,16.489469540652337,16.489469540652337,16.13100281150772,16.238542556762695,124005,0.0,0.0
2018-10-08 00:00:00+08:00,16.131000899618545,16.131000899618545,15.987613677978516,15.987613677978516,101001,0.0,0.0
2018-10-09 00:00:00+08:00,15.987611720122887,16.02345920486393,15.844225883483888,15.844225883483887,92200,0.0,0.0
2018-10-11 00:00:00+08:00,15.593300476137486,15.593300476137486,14.266973495483398,14.266973495483398,604249,0.0,0.0
2018-10-12 00:00:00+08:00,14.159434521198273,14.446207605101245,14.159434521198273,14.338667869567871,195050,0.0,0.0
2018-10-15 00:00:00+08:00,14.33866710449424,14.33866710449424,14.159433765688062,14.266973495483398,160000,0.0,0.0
2018-10-16 00:00:00+08:00,14.051894035892726,14.266973495483398,14.051894035892726,14.266973495483398,188000,0.0,0.0
2018-10-17 00:00:00+08:00,14.33866710449424,14.482054322515925,14.195279886472557,14.266973495483398,137001,0.0,0.0
2018-10-18 00:00:00+08:00,14.266975013454093,14.266975013454093,14.159435272216797,14.159435272216797,99100,0.0,0.0
2018-10-19 00:00:00+08:00,14.266975013454093,14.33866863009296,14.123589147618365,14.159435272216797,128100,0.0,0.0
2018-10-22 00:00:00+08:00,14.159435272216797,14.159435272216797,14.123589147618365,14.159435272216797,201000,0.0,0.0
2018-10-23 00:00:00+08:00,14.087738941852972,14.123586426988094,13.908505618502573,13.944353103637695,79211,0.0,0.0
2018-10-24 00:00:00+08:00,13.836813704095873,13.944354805182085,13.729273970451565,13.765121459960938,207000,0.0,0.0
2018-10-25 00:00:00+08:00,13.263266201513499,13.370805924253634,13.191572597206154,13.299112319946289,125200,0.0,0.0
2018-10-26 00:00:00+08:00,13.334959805820844,13.406653410128188,13.191572597206154,13.299112319946289,106000,0.0,0.0
2018-10-29 00:00:00+08:00,13.334961891174316,13.442501630731774,13.299114399693844,13.334961891174316,36348,0.0,0.0
2018-10-30 00:00:00+08:00,13.334959805820844,13.370805924253634,13.299112319946289,13.299112319946289,56110,0.0,0.0
2018-10-31 00:00:00+08:00,13.334960970944927,13.478346824645994,13.334960970944927,13.478346824645996,154000,0.0,0.0
2018-11-01 00:00:00+08:00,13.406655896708251,13.44250202178955,13.334962279103637,13.44250202178955,30113,0.0,0.0
2018-11-02 00:00:00+08:00,13.621735382080077,13.657581507161375,13.370808404184935,13.44250202178955,327000,0.0,0.0
2018-11-05 00:00:00+08:00,13.442501630731774,13.51419524625074,13.227422151616857,13.334961891174316,123000,0.0,0.0
2018-11-06 00:00:00+08:00,13.334960535509472,13.37080665590376,13.191573319048638,13.227420806884766,311033,0.0,0.0
2018-11-07 00:00:00+08:00,13.227420806884766,13.299113047673343,13.227420806884766,13.227420806884766,230002,0.0,0.0
2018-11-08 00:00:00+08:00,12.940647492205244,13.048188597564755,12.58218078751876,12.904801368713379,409004,0.0,0.0
2018-11-09 00:00:00+08:00,12.83310775428769,12.940647492205244,12.83310775428769,12.904801368713379,49001,0.0,0.0
2018-11-12 00:00:00+08:00,12.940647688710046,13.11988104377496,12.940647688710046,13.08403491973877,100007,0.0,0.0
2018-11-13 00:00:00+08:00,12.833107562415984,13.012340912079454,12.833107562415984,12.976494789123535,26001,0.0,0.0
2018-11-14 00:00:00+08:00,12.904801368713379,12.904801368713379,12.761414139862001,12.904801368713379,179148,0.0,0.0
2018-11-15 00:00:00+08:00,12.833108144498713,12.833108144498713,12.618028662123773,12.761414527893066,168511,0.0,0.0
2018-11-16 00:00:00+08:00,12.868954850323837,12.868954850323837,12.689721503480563,12.797261238098145,73005,0.0,0.0
2018-11-19 00:00:00+08:00,12.797261238098145,12.833107360490033,12.653874013646758,12.797261238098145,87018,0.0,0.0
2018-11-20 00:00:00+08:00,12.725568403311243,12.761414527893066,12.725568403311243,12.761414527893066,37798,0.0,0.0
2018-11-21 00:00:00+08:00,12.725567625872452,12.797261238098145,12.725567625872452,12.797261238098145,58012,0.0,0.0
2018-11-22 00:00:00+08:00,12.833108144498713,12.833108144498713,12.68972227872942,12.761414527893066,31201,0.0,0.0
2018-11-23 00:00:00+08:00,12.761414135155727,12.761414135155727,12.653874397277832,12.653874397277832,59115,0.0,0.0
2018-11-26 00:00:00+08:00,12.761414135155727,12.833107749554975,12.653874397277832,12.653874397277832,34000,0.0,0.0
2018-11-27 00:00:00+08:00,12.761414135155727,12.761414135155727,12.618028273799187,12.653874397277832,112101,0.0,0.0
2018-11-28 00:00:00+08:00,12.653874013646758,12.797261238098145,12.61802789125487,12.797261238098145,87060,0.0,0.0
2018-11-29 00:00:00+08:00,12.833106994628906,12.904800604810674,12.689721141707247,12.833106994628906,121100,0.0,0.0
2018-11-30 00:00:00+08:00,12.797259379558094,13.048186302185059,12.797259379558094,13.048186302185059,71054,0.0,0.0
2018-12-03 00:00:00+08:00,13.119881237616937,13.26326847076416,13.048188988485325,13.26326847076416,158495,0.0,0.0
2018-12-04 00:00:00+08:00,13.299114398839874,13.299114398839874,13.08403491973877,13.08403491973877,193908,0.0,0.0
2018-12-05 00:00:00+08:00,13.048188991344272,13.119881240491594,13.012341499328613,13.012341499328613,107002,0.0,0.0
2018-12-06 00:00:00+08:00,13.048188969636737,13.048188969636737,12.868955612182617,12.868955612182617,92000,0.0,0.0
2018-12-07 00:00:00+08:00,12.976494615161428,13.263267697290129,12.94064712524414,12.94064712524414,99165,0.0,0.0
2018-12-10 00:00:00+08:00,13.04818819716711,13.04818819716711,12.797261238098145,12.797261238098145,29002,0.0,0.0
2018-12-11 00:00:00+08:00,12.940647492205244,12.940647492205244,12.868955245221514,12.904801368713379,64316,0.0,0.0
2018-12-12 00:00:00+08:00,12.940645215743704,13.263265740184334,12.904799098557731,13.048186302185059,189009,0.0,0.0
2018-12-13 00:00:00+08:00,13.084033946544157,13.084033946544157,12.833106994628906,12.833106994628906,238124,0.0,0.0
2018-12-14 00:00:00+08:00,12.86895581583667,12.940648065999266,12.510489095255615,12.546335220336914,524356,0.0,0.0
2018-12-17 00:00:00+08:00,12.546335233794405,12.546335233794405,12.04448127746582,12.04448127746582,920000,0.0,0.0
2018-12-18 00:00:00+08:00,12.044480525523731,12.367101101228197,11.901094666554362,12.223713874816895,578000,0.0,0.0
2018-12-19 00:00:00+08:00,12.331254978346339,12.331254978346339,12.223713874816895,12.223713874816895,94140,0.0,0.0
2018-12-20 00:00:00+08:00,12.223714631259087,12.331255741443517,12.223714631259087,12.295408248901367,91001,0.0,0.0
2018-12-21 00:00:00+08:00,12.33125419366551,12.33125419366551,12.259560585021973,12.259560585021973,56000,0.0,0.0
2018-12-24 00:00:00+08:00,12.187868506158956,12.367101866543647,12.116174888516676,12.295408248901367,50350,0.0,0.0
2018-12-25 00:00:00+08:00,12.29540651793664,12.331254005432129,12.223712910387485,12.331254005432129,50011,0.0,0.0
2018-12-26 00:00:00+08:00,12.259561365140687,12.295407488022546,12.223713874816895,12.223713874816895,32003,0.0,0.0
2018-12-27 00:00:00+08:00,12.259561564540764,12.438794916749133,12.259561564540764,12.402947425842285,72127,0.0,0.0
2018-12-28 00:00:00+08:00,12.546335024262882,12.689722257231258,12.474641407778694,12.61802864074707,221037,0.0,0.0
2019-01-02 00:00:00+08:00,12.618029209660113,12.618029209660113,12.474641970226793,12.510489463806152,63001,0.0,0.0
2019-01-03 00:00:00+08:00,12.510488531120872,12.582180778050652,12.402947425842285,12.402947425842285,55000,0.0,0.0
2019-01-04 00:00:00+08:00,12.295408248901367,12.402947991643778,12.187868506158956,12.295408248901367,73000,0.0,0.0
2019-01-07 00:00:00+08:00,12.367101860046386,12.546335220336914,12.367101860046386,12.546335220336914,22008,0.0,0.0
2019-01-08 00:00:00+08:00,12.546334829053745,12.546334829053745,12.43879508972168,12.43879508972168,61599,0.0,0.0
2019-01-09 00:00:00+08:00,12.402947985127684,12.582181345418212,12.402947985127684,12.546335220336914,95579,0.0,0.0
2019-01-10 00:00:00+08:00,12.546335220336914,12.618028837941528,12.546335220336914,12.546335220336914,44420,0.0,0.0
2019-01-11 00:00:00+08:00,12.61802753152548,12.904800604810674,12.474640311161943,12.833106994628906,166004,0.0,0.0
2019-01-14 00:00:00+08:00,12.97649448345854,13.765121476889858,12.97649448345854,13.657580375671387,1189501,0.0,0.0
2019-01-15 00:00:00+08:00,13.872661981439869,13.980201721191406,13.657581134494812,13.980201721191406,768057,0.0,0.0
2019-01-16 00:00:00+08:00,14.123588398501125,14.51790121793747,14.0518947856649,14.338667869567871,908500,0.0,0.0
2019-01-17 00:00:00+08:00,14.482055095240321,14.589594830773695,14.338667869567871,14.338667869567871,486123,0.0,0.0
2019-01-18 00:00:00+08:00,14.33866710449424,14.553746564084912,14.051894035892726,14.266973495483398,365100,0.0,0.0
2019-01-21 00:00:00+08:00,14.410360159271944,14.410360159271944,13.944353769787204,14.374512672424316,290754,0.0,0.0
2019-01-22 00:00:00+08:00,14.446206834289576,14.482054322515925,14.195279886472557,14.266973495483398,126312,0.0,0.0
2019-01-23 00:00:00+08:00,14.159433765688062,14.266973495483398,14.12358764490357,14.266973495483398,82105,0.0,0.0
2019-01-24 00:00:00+08:00,14.338667067371231,14.338667067371231,14.087740120203865,14.123587608337402,99303,0.0,0.0
2019-01-25 00:00:00+08:00,14.159435840831758,14.159435840831758,13.98020247575794,14.051896095275879,85002,0.0,0.0
2019-01-28 00:00:00+08:00,13.98020247575794,14.123589714793818,13.98020247575794,14.051896095275879,65025,0.0,0.0
2019-01-29 00:00:00+08:00,14.051894940926145,14.087741064019362,13.836814100041012,13.872661590576172,86615,0.0,0.0
2019-01-30 00:00:00+08:00,13.872659500809188,14.051892824159587,13.872659500809188,13.944353103637695,38000,0.0,0.0
2019-02-11 00:00:00+08:00,13.98019922133108,14.051892824159587,13.944353103637695,13.944353103637695,82103,0.0,0.0
2019-02-12 00:00:00+08:00,13.980202793591202,15.306529998779299,13.980202793591202,15.306529998779297,835714,0.0,0.0
2019-02-13 00:00:00+08:00,15.30652847244687,15.915922140273183,14.804674541897679,14.912214279174805,1068453,0.0,0.0
2019-02-14 00:00:00+08:00,14.912214279174805,15.270680981726526,14.912214279174805,14.912214279174805,162208,0.0,0.0
2019-02-15 00:00:00+08:00,15.163141223824843,15.163141223824843,14.912214258891552,15.019755363464355,133055,0.0,0.0
2019-02-18 00:00:00+08:00,15.055603981018066,15.19899123257606,14.912216729460072,15.055603981018066,183073,0.0,0.0
2019-02-19 00:00:00+08:00,15.055602270894799,15.12729588853032,14.983908653259276,14.983908653259277,162163,0.0,0.0
2019-02-20 00:00:00+08:00,15.12729588853032,15.12729588853032,14.983908653259276,14.983908653259277,179145,0.0,0.0
2019-02-21 00:00:00+08:00,14.98390826254743,15.19898910984567,14.840522398457253,15.12729549407959,158515,0.0,0.0
2019-02-22 00:00:00+08:00,15.19898910984567,15.19898910984567,14.948062138385382,15.12729549407959,106100,0.0,0.0
2019-02-25 00:00:00+08:00,15.09144839599155,15.09144839599155,14.912215035623754,14.983908653259277,69137,0.0,0.0
2019-02-26 00:00:00+08:00,14.948060989379883,15.019754599635124,14.840521257717961,14.948060989379883,60394,0.0,0.0
2019-02-27 00:00:00+08:00,14.912215035623754,14.983908653259276,14.804675292891481,14.983908653259277,60044,0.0,0.0
2019-03-04 00:00:00+08:00,15.09144839599155,15.09144839599155,14.876368910527002,14.983908653259277,78191,0.0,0.0
2019-03-05 00:00:00+08:00,14.948061180139886,14.948061180139886,14.840521447105592,14.876367568969727,94251,0.0,0.0
2019-03-06 00:00:00+08:00,14.876368135661918,15.019755363464354,14.840522012432283,15.019755363464355,90315,0.0,0.0
2019-03-07 00:00:00+08:00,15.019755161055658,15.019755161055658,14.840521812438965,14.840521812438965,89006,0.0,0.0
2019-03-08 00:00:00+08:00,14.804674515242661,14.804674515242661,14.732980901373008,14.768828392028809,56319,0.0,0.0
2019-03-11 00:00:00+08:00,14.625440953470843,14.625440953470843,14.338667869567871,14.338667869567871,197112,0.0,0.0
2019-03-12 00:00:00+08:00,14.338669393262322,14.446209140223376,14.23112964630127,14.23112964630127,122010,0.0,0.0
2019-03-13 00:00:00+08:00,14.195281200694481,14.231128692239649,13.94435559708822,13.980201721191406,197319,0.0,0.0
2019-03-14 00:00:00+08:00,13.98020247575794,14.051896095275879,13.908508856240001,14.051896095275879,97218,0.0,0.0
2019-03-15 00:00:00+08:00,14.05189496832723,14.05189496832723,13.908507740790872,14.016047477722168,83002,0.0,0.0
2019-03-18 00:00:00+08:00,14.123587608337404,14.195279849720778,13.980200390686951,14.123587608337402,199207,0.0,0.0
2019-03-19 00:00:00+08:00,14.123587608337404,14.123587608337404,13.980200390686951,14.123587608337402,160168,0.0,0.0
2019-03-20 00:00:00+08:00,14.266973495483398,14.302820983709747,14.159433765688062,14.266973495483398,282009,0.0,0.0
2019-03-21 00:00:00+08:00,14.266973877595156,14.589594443063751,14.231127755850597,14.482054710388184,109007,0.0,0.0
2019-03-22 00:00:00+08:00,14.589594076046422,14.6612876851739,14.446206857791468,14.517900466918945,91008,0.0,0.0
2019-03-25 00:00:00+08:00,14.374513401812234,14.374513401812234,14.231127549471482,14.302821159362793,82002,0.0,0.0
2019-03-26 00:00:00+08:00,14.338667315133662,14.48205453526175,14.338667315133662,14.446207046508789,69054,0.0,0.0
2019-03-27 00:00:00+08:00,14.41036319732666,14.44620932428972,14.374515702921508,14.41036319732666,60074,0.0,0.0
2019-03-28 00:00:00+08:00,14.48205681869487,14.51790294565793,14.374515702921508,14.41036319732666,57097,0.0,0.0
2019-03-29 00:00:00+08:00,14.482056071150573,14.912215042271425,14.482056071150573,14.73298168182373,267334,0.0,0.0
2019-04-01 00:00:00+08:00,14.876367935185533,14.912214057932099,14.768828199503902,14.840521812438965,189006,0.0,0.0
2019-04-02 00:00:00+08:00,14.948062528162525,15.234835631262593,14.948062528162525,14.983908653259277,385004,0.0,0.0
2019-04-03 00:00:00+08:00,14.983907726444183,15.772534736771126,14.697134641082185,15.736688613891602,769517,0.0,0.0
2019-04-08 00:00:00+08:00,15.808381448311014,16.059308420137313,15.700841708226024,15.77253532409668,931108,0.0,0.0
2019-04-09 00:00:00+08:00,15.987615582054305,16.059309201412812,15.485762981428874,15.593302726745605,587001,0.0,0.0
2019-04-10 00:00:00+08:00,15.664995561137012,15.736689176902976,15.378222465515135,15.378222465515137,334021,0.0,0.0
2019-04-11 00:00:00+08:00,15.48576280398006,15.48576280398006,15.127296078737198,15.163142204284668,312086,0.0,0.0
2019-04-12 00:00:00+08:00,15.091447830200195,15.163141445147861,15.055601706447346,15.091447830200195,99000,0.0,0.0
2019-04-15 00:00:00+08:00,15.270683490912882,15.270683490912882,14.84052447112325,15.055603981018066,255151,0.0,0.0
2019-04-16 00:00:00+08:00,15.055600587711778,15.52160699908115,14.912213368471111,15.414067268371582,399000,0.0,0.0
2019-04-17 00:00:00+08:00,15.449916871639289,15.987617013818504,15.055603981018066,15.055603981018066,1235280,0.0,0.0
2019-04-18 00:00:00+08:00,15.163141217148983,15.270680954232489,14.697134778159155,14.768828392028809,496000,0.0,0.0
2019-04-19 00:00:00+08:00,14.912214258891552,15.019755363464354,14.8046745217607,15.019755363464355,103070,0.0,0.0
2019-04-22 00:00:00+08:00,15.055601507172273,15.055601507172273,14.840522032618022,14.912214279174805,181103,0.0,0.0
2019-04-23 00:00:00+08:00,14.983907893173539,14.983907893173539,14.840522032618022,14.912214279174805,76000,0.0,0.0
2019-04-24 00:00:00+08:00,15.019754599635124,15.019754599635124,14.876367379124643,14.948060989379883,96372,0.0,0.0
2019-04-25 00:00:00+08:00,14.948060989379883,14.983907110786564,14.912213500531324,14.948060989379883,99100,0.0,0.0
2019-04-26 00:00:00+08:00,15.019754791310048,15.019754791310048,14.840521447105592,14.876367568969727,61004,0.0,0.0
2019-04-29 00:00:00+08:00,15.055602077005714,15.055602077005714,14.804675102233885,14.804675102233887,141001,0.0,0.0
2019-04-30 00:00:00+08:00,14.876367379124643,15.019754599635124,14.804673768869401,14.948060989379883,31000,0.0,0.0
2019-05-02 00:00:00+08:00,14.948061769895148,14.983907893173539,14.876368155896413,14.912214279174805,52053,0.0,0.0
2019-05-03 00:00:00+08:00,14.912213500531324,14.983907110786564,14.912213500531324,14.948060989379883,23033,0.0,0.0
2019-05-06 00:00:00+08:00,14.948061769895148,14.948061769895148,14.804674541897679,14.912214279174805,147081,0.0,0.0
2019-05-07 00:00:00+08:00,14.912213500531324,15.019754599635124,14.876367379124643,14.948060989379883,91000,0.0,0.0
2019-05-08 00:00:00+08:00,14.912216729460072,15.19899123257606,14.84052447112325,15.055603981018066,159101,0.0,0.0
2019-05-09 00:00:00+08:00,15.055601507172273,15.127295121171008,14.804674541897679,14.912214279174805,156000,0.0,0.0
2019-05-10 00:00:00+08:00,14.912215416247262,14.912215416247262,14.625442305827518,14.697135925292969,155002,0.0,0.0
2019-05-13 00:00:00+08:00,14.732980297483877,14.732980297483877,14.338667488526164,14.482054710388184,127000,0.0,0.0
2019-05-14 00:00:00+08:00,14.266973877595156,14.482054710388184,14.195280266664145,14.482054710388184,121003,0.0,0.0
2019-05-15 00:00:00+08:00,14.517902757942027,14.697136125324027,14.517902757942027,14.625442504882812,66032,0.0,0.0
2019-05-16 00:00:00+08:00,14.48205453526175,14.589594266636876,14.446207046508789,14.446207046508789,82051,0.0,0.0
2019-05-17 00:00:00+08:00,14.517900832132742,14.517900832132742,14.446207221201732,14.482054710388184,55000,0.0,0.0
2019-05-20 00:00:00+08:00,14.517900832132742,14.517900832132742,14.374513610270723,14.482054710388184,43001,0.0,0.0
2019-05-21 00:00:00+08:00,14.482055881511672,14.553748130798342,14.482055881511672,14.55374813079834,117004,0.0,0.0
2019-05-22 00:00:00+08:00,14.553748884441598,14.697136125324027,14.553748884441598,14.625442504882812,187002,0.0,0.0
2019-05-23 00:00:00+08:00,14.625441939043517,14.73298168182373,14.517902196263304,14.73298168182373,141683,0.0,0.0
2019-05-24 00:00:00+08:00,14.697135556710998,14.73298168182373,14.553748321376036,14.73298168182373,152200,0.0,0.0
2019-05-27 00:00:00+08:00,14.66128979928127,14.697135925292969,14.625442305827518,14.697135925292969,160000,0.0,0.0
2019-05-28 00:00:00+08:00,14.625439820377435,14.69713342765926,14.625439820377435,14.661287307739258,174282,0.0,0.0
2019-05-29 00:00:00+08:00,15.234834831018636,15.234834831018636,14.732980901373008,14.768828392028809,271546,0.0,0.0
2019-05-30 00:00:00+08:00,14.768827835935433,14.948061180139886,14.768827835935433,14.876367568969727,212002,0.0,0.0
2019-05-31 00:00:00+08:00,14.876369301127038,14.98390904668292,14.876369301127038,14.051896095275879,561123,0.0,0.0
2019-06-03 00:00:00+08:00,14.84786268687665,14.84786268687665,14.694792810395388,14.771327018737793,822227,1.24,0.0
2019-06-04 00:00:00+08:00,14.924399826686894,15.000935502372814,14.771328475315057,14.847864151000977,198003,0.0,0.0
2019-06-05 00:00:00+08:00,14.962665943138692,14.962665943138692,14.809596061706543,14.809596061706543,96221,0.0,0.0
2019-06-06 00:00:00+08:00,14.809596061706543,14.847863167115456,14.771327496501131,14.809596061706543,93446,0.0,0.0
2019-06-10 00:00:00+08:00,14.924399826686894,14.924399826686894,14.771328475315057,14.847864151000977,100355,0.0,0.0
2019-06-11 00:00:00+08:00,15.039201292385883,15.268808299322469,15.000934187794686,15.115736961364746,230001,0.0,0.0
2019-06-12 00:00:00+08:00,15.000932259256652,15.077467918395996,14.96266369978884,15.077467918395996,77159,0.0,0.0
2019-06-13 00:00:00+08:00,15.03920218505738,15.077470751716525,14.962666511535643,14.962666511535645,52030,0.0,0.0
2019-06-14 00:00:00+08:00,14.962666934631557,15.000935502372814,14.809597043056314,14.847864151000977,130033,0.0,0.0
2019-06-17 00:00:00+08:00,14.962664785592096,15.804554177626143,14.962664785592096,15.307074546813965,1328655,0.0,0.0
2019-06-18 00:00:00+08:00,15.268808489610235,15.651485379477194,15.268808489610235,15.498414039611816,675056,0.0,0.0
2019-06-19 00:00:00+08:00,15.345343229703502,15.651485920007007,15.345343229703502,15.6132173538208,439353,0.0,0.0
2019-06-20 00:00:00+08:00,15.536681237951043,15.804555354425336,15.536681237951043,15.689752578735352,380120,0.0,0.0
2019-06-21 00:00:00+08:00,15.536682526433617,15.689753879912384,15.307076956012082,15.383612632751465,432028,0.0,0.0
2019-06-24 00:00:00+08:00,15.307074546813965,15.46014587620066,15.23053888212062,15.307074546813965,405777,0.0,0.0
2019-06-25 00:00:00+08:00,15.192272630343608,15.230539734934805,15.115736961364744,15.115736961364746,384000,0.0,0.0
2019-06-26 00:00:00+08:00,15.154003552455794,15.154003552455794,15.00093367948138,15.039200782775879,246658,0.0,0.0
2019-06-27 00:00:00+08:00,15.03920218505738,15.077470751716525,14.924399404673052,14.962666511535645,352870,0.0,0.0
2019-06-28 00:00:00+08:00,14.96266539514231,14.96266539514231,14.694792747497557,14.694792747497559,266500,0.0,0.0
2019-07-01 00:00:00+08:00,14.733060391092218,14.847863167115456,14.733060391092218,14.809596061706543,334862,0.0,0.0
2019-07-02 00:00:00+08:00,14.809595519316229,14.809595519316229,14.694792747497557,14.694792747497559,253255,0.0,0.0
2019-07-03 00:00:00+08:00,14.77132794335855,14.809596509721649,14.733060836791992,14.733060836791992,100000,0.0,0.0
2019-07-04 00:00:00+08:00,14.771326955512375,14.809595519316229,14.541721411875033,14.694792747497559,171000,0.0,0.0
2019-07-05 00:00:00+08:00,14.694793285683305,14.809596061706543,14.694793285683305,14.809596061706543,105000,0.0,0.0
2019-07-08 00:00:00+08:00,14.809596061706543,14.962665943138692,14.809596061706543,14.809596061706543,56000,0.0,0.0
2019-07-09 00:00:00+08:00,14.84786268687665,14.84786268687665,14.73305991456659,14.771327018737793,26000,0.0,0.0
2019-07-10 00:00:00+08:00,14.886131187127493,14.886131187127493,14.694792747497557,14.694792747497559,37000,0.0,0.0
2019-07-11 00:00:00+08:00,14.694793285683305,14.847863167115456,14.694793285683305,14.809596061706543,101063,0.0,0.0
2019-07-12 00:00:00+08:00,14.847863167115456,14.847863167115456,14.733060391092218,14.809596061706543,32250,0.0,0.0
2019-07-15 00:00:00+08:00,14.809595519316229,14.886131187127493,14.618257079686295,14.694792747497559,68015,0.0,0.0
2019-07-16 00:00:00+08:00,14.847863104027699,14.847863104027699,14.656524658203125,14.656524658203125,25267,0.0,0.0
2019-07-17 00:00:00+08:00,14.694792747497557,14.809595519316229,14.618257079686295,14.694792747497559,68000,0.0,0.0
2019-07-18 00:00:00+08:00,14.77132794335855,14.77132794335855,14.656525163862336,14.733060836791992,44000,0.0,0.0
2019-07-19 00:00:00+08:00,14.733060297879918,14.771327403046724,14.618257522583008,14.618257522583008,81141,0.0,0.0
2019-07-22 00:00:00+08:00,14.618257079686295,14.771326955512375,14.618257079686295,14.694792747497559,18017,0.0,0.0
2019-07-23 00:00:00+08:00,14.771327018737793,15.000934023154365,14.694792810395388,14.771327018737793,639000,0.0,0.0
2019-07-24 00:00:00+08:00,14.694792747497557,14.771326955512375,14.694792747497557,14.694792747497559,55000,0.0,0.0
2019-07-25 00:00:00+08:00,14.694792747497557,14.733059851504967,14.656524183693703,14.694792747497559,71000,0.0,0.0
2019-07-26 00:00:00+08:00,14.694793730225435,14.733060836791992,14.618258057295778,14.733060836791992,79283,0.0,0.0
2019-07-29 00:00:00+08:00,14.73305991456659,14.809595582705448,14.618257142256532,14.771327018737793,75880,0.0,0.0
2019-07-30 00:00:00+08:00,14.771327433738572,14.771327433738572,14.618257552956806,14.656524658203125,84213,0.0,0.0
2019-07-31 00:00:00+08:00,14.656524658203125,14.656524658203125,14.579988987913996,14.656524658203125,41060,0.0,0.0
2019-08-01 00:00:00+08:00,14.656524627749816,14.656524627749816,14.618257522583008,14.618257522583008,33153,0.0,0.0
2019-08-02 00:00:00+08:00,14.61825697940515,14.61825697940515,14.426918541087796,14.503454208374023,126067,0.0,0.0
2019-08-05 00:00:00+08:00,14.465185471425562,14.503454034508133,14.15904426574707,14.15904426574707,95005,0.0,0.0
2019-08-06 00:00:00+08:00,14.120778052606298,14.120778052606298,13.891171039026153,14.005973815917969,118052,0.0,0.0
2019-08-07 00:00:00+08:00,14.044241838174875,14.044241838174875,13.891170501708984,13.891170501708984,47881,0.0,0.0
2019-08-08 00:00:00+08:00,13.92943957468139,14.00597378591431,13.92943957468139,13.967706680297852,65200,0.0,0.0
2019-08-12 00:00:00+08:00,13.929438726437306,14.273847035401952,13.891170163354735,14.15904426574707,88750,0.0,0.0
2019-08-13 00:00:00+08:00,14.082509009613307,14.15904467821158,14.005973341015034,14.044241905212402,51321,0.0,0.0
2019-08-14 00:00:00+08:00,14.15904467821158,14.15904467821158,14.0442419052124,14.044241905212402,34751,0.0,0.0
2019-08-15 00:00:00+08:00,14.005972933009616,14.235579932115797,13.967705829723462,14.15904426574707,80200,0.0,0.0
2019-08-16 00:00:00+08:00,14.197311814086204,14.197311814086204,14.005973372064576,14.08250904083252,141127,0.0,0.0
2019-08-19 00:00:00+08:00,14.044242381412916,14.159045158304734,14.00597381591797,14.005973815917969,111320,0.0,0.0
2019-08-20 00:00:00+08:00,14.005972933009616,14.235579932115797,14.005972933009616,14.15904426574707,80100,0.0,0.0
2019-08-21 00:00:00+08:00,14.082507616042236,14.159043277066724,14.044240515428148,14.120776176452637,146007,0.0,0.0
2019-08-22 00:00:00+08:00,14.12077624608728,14.197310447692871,14.12077624608728,14.197310447692871,61121,0.0,0.0
2019-08-23 00:00:00+08:00,14.197311814086204,14.197311814086204,14.005973372064576,14.08250904083252,127168,0.0,0.0
2019-08-26 00:00:00+08:00,14.044240515428148,14.159043277066724,13.929437753789573,14.120776176452637,106001,0.0,0.0
2019-08-27 00:00:00+08:00,14.120778022356703,14.159045127973164,13.96770668029785,13.967706680297852,123008,0.0,0.0
2019-08-28 00:00:00+08:00,14.120776176452637,14.120776176452637,14.005971955017747,14.120776176452637,29250,0.0,0.0
2019-08-29 00:00:00+08:00,14.159044399019786,14.388649940490723,14.082508731930663,14.388649940490723,149000,0.0,0.0
2019-08-30 00:00:00+08:00,14.541722719274006,14.541722719274006,14.312117154993572,14.426919937133789,73101,0.0,0.0
2019-09-02 00:00:00+08:00,14.465185644832692,14.503454208374023,14.426918541087796,14.503454208374023,42007,0.0,0.0
2019-09-03 00:00:00+08:00,14.388648552027306,14.541719871434607,14.388648552027306,14.465184211730957,41100,0.0,0.0
2019-09-04 00:00:00+08:00,14.350382873801568,14.503454208374023,14.31211577005667,14.503454208374023,93183,0.0,0.0
2019-09-05 00:00:00+08:00,14.50345477742136,14.656524658203125,14.426919107132232,14.656524658203125,166001,0.0,0.0
2019-09-06 00:00:00+08:00,14.656523342688063,14.924397434758381,14.656523342688063,14.886130332946777,189001,0.0,0.0
2019-09-10 00:00:00+08:00,14.618257079686295,14.694792747497557,14.503454307867623,14.694792747497559,82022,0.0,0.0
2019-09-11 00:00:00+08:00,14.694792747497557,14.733059851504967,14.579988515882441,14.694792747497559,45070,0.0,0.0
2019-09-12 00:00:00+08:00,14.69479264669138,14.69479264669138,14.426918541087796,14.503454208374023,106001,0.0,0.0
2019-09-16 00:00:00+08:00,14.656523979918054,14.656523979918054,14.235580002503333,14.312115669250488,87036,0.0,0.0
2019-09-17 00:00:00+08:00,14.465186536653977,14.465186536653977,14.15904530843099,14.350383758544922,120002,0.0,0.0
2019-09-18 00:00:00+08:00,14.350383758544922,14.350383758544922,14.235580980435868,14.350383758544922,57000,0.0,0.0
2019-09-19 00:00:00+08:00,14.235579524092403,14.273846626281737,14.082508195742314,14.273846626281738,107001,0.0,0.0
2019-09-20 00:00:00+08:00,14.159043859917357,14.273846626281737,14.159043859917357,14.273846626281738,36336,0.0,0.0
2019-09-23 00:00:00+08:00,14.235580133974604,14.771326886559683,14.120777362691832,14.54172134399414,1767309,0.0,0.0
2019-09-24 00:00:00+08:00,14.541722635213326,14.541722635213326,14.235581398010254,14.235581398010254,145334,0.0,0.0
2019-09-25 00:00:00+08:00,14.541721209695533,14.541721209695533,14.159044335756176,14.312115669250488,169237,0.0,0.0
2019-09-26 00:00:00+08:00,14.273846626281737,14.350382290456782,14.197310962106693,14.273846626281738,86008,0.0,0.0
2019-09-27 00:00:00+08:00,14.312115188267448,14.312115188267448,14.159043859917357,14.273846626281738,62005,0.0,0.0
2019-10-01 00:00:00+08:00,14.273848505236925,14.273848505236925,14.159045723760345,14.235581398010254,75208,0.0,0.0
2019-10-02 00:00:00+08:00,14.273846626281737,14.273846626281737,14.235579524092403,14.273846626281738,13002,0.0,0.0
2019-10-03 00:00:00+08:00,14.273846626281737,14.273846626281737,14.120776757728024,14.273846626281738,29368,0.0,0.0
2019-10-04 00:00:00+08:00,14.273847035401952,14.273847035401952,14.15904426574707,14.15904426574707,44154,0.0,0.0
2019-10-07 00:00:00+08:00,14.197312830987014,14.273848505236925,14.197312830987014,14.235581398010254,40001,0.0,0.0
2019-10-08 00:00:00+08:00,14.159043859917357,14.273846626281737,14.159043859917357,14.273846626281738,22000,0.0,0.0
2019-10-09 00:00:00+08:00,14.159045723760345,14.235581398010254,14.005974375260523,14.235581398010254,87000,0.0,0.0
2019-10-14 00:00:00+08:00,14.235579524092403,14.273846626281737,14.159043859917357,14.273846626281738,39000,0.0,0.0
2019-10-15 00:00:00+08:00,14.273848505236925,14.273848505236925,14.235581398010254,14.235581398010254,34002,0.0,0.0
2019-10-16 00:00:00+08:00,14.15904426574707,14.235579932115797,14.082508599378343,14.15904426574707,95207,0.0,0.0
2019-10-17 00:00:00+08:00,14.197311369033224,14.197311369033224,14.120777162460916,14.15904426574707,26724,0.0,0.0
2019-10-18 00:00:00+08:00,14.159043277066724,14.2738460387053,14.120776176452637,14.120776176452637,131149,0.0,0.0
2019-10-21 00:00:00+08:00,14.197311439231543,14.426918439473011,14.197311439231543,14.312115669250488,151001,0.0,0.0
2019-10-22 00:00:00+08:00,14.312116652440746,14.350383758544922,14.273848086540045,14.350383758544922,81001,0.0,0.0
2019-10-23 00:00:00+08:00,14.312117154993572,14.426919937133789,14.273848587749118,14.426919937133789,80000,0.0,0.0
2019-10-24 00:00:00+08:00,14.350383758544922,14.3886508646491,14.312116652440746,14.350383758544922,74732,0.0,0.0
2019-10-25 00:00:00+08:00,14.312116652440746,14.350383758544922,14.235580980435868,14.350383758544922,89000,0.0,0.0
2019-10-28 00:00:00+08:00,14.350382290456782,14.350382290456782,14.273846626281737,14.273846626281738,35000,0.0,0.0
2019-10-29 00:00:00+08:00,14.273846626281737,14.350382290456782,14.273846626281737,14.273846626281738,49000,0.0,0.0
2019-10-30 00:00:00+08:00,14.273847105978698,14.312115669250488,14.235580002503333,14.312115669250488,101208,0.0,0.0
2019-10-31 00:00:00+08:00,14.312117072260165,14.312117072260165,14.235581398010254,14.235581398010254,28001,0.0,0.0
2019-11-01 00:00:00+08:00,14.23558006610891,14.388649940490723,14.23558006610891,14.388649940490723,53105,0.0,0.0
2019-11-04 00:00:00+08:00,14.388649940490723,14.388649940490723,14.312115733198032,14.388649940490723,44000,0.0,0.0
2019-11-05 00:00:00+08:00,14.388649392646116,14.426917954631827,14.273846626281737,14.273846626281738,97000,0.0,0.0
2019-11-06 00:00:00+08:00,14.273848505236925,14.350384179486834,14.120778616533673,14.235581398010254,147000,0.0,0.0
2019-11-07 00:00:00+08:00,14.235581398010254,14.312117072260165,14.120778616533673,14.235581398010254,93000,0.0,0.0
2019-11-08 00:00:00+08:00,14.15904426574707,14.197311369033224,14.120777162460916,14.15904426574707,72033,0.0,0.0
2019-11-11 00:00:00+08:00,14.15904426574707,14.197311369033224,14.120777162460916,14.15904426574707,94000,0.0,0.0
2019-11-12 00:00:00+08:00,14.159043346890076,14.197310447692871,14.082507685488162,14.197310447692871,64000,0.0,0.0
2019-11-13 00:00:00+08:00,14.120777162460916,14.15904426574707,14.120777162460916,14.15904426574707,39000,0.0,0.0
2019-11-14 00:00:00+08:00,14.15904426574707,14.15904426574707,14.082508599378343,14.15904426574707,63000,0.0,0.0
2019-11-15 00:00:00+08:00,14.235579008291989,14.273846109094785,14.159043346890076,14.197310447692871,32001,0.0,0.0
2019-11-18 00:00:00+08:00,14.159043346890076,14.235579008291989,14.082507685488162,14.197310447692871,52000,0.0,0.0
2019-11-19 00:00:00+08:00,14.120778616533673,14.235581398010254,14.120778616533673,14.235581398010254,89000,0.0,0.0
2019-11-20 00:00:00+08:00,14.235580002503333,14.312115669250488,14.159044335756176,14.312115669250488,42000,0.0,0.0
2019-11-21 00:00:00+08:00,14.235581398010254,14.235581398010254,14.197312830987014,14.235581398010254,52000,0.0,0.0
2019-11-22 00:00:00+08:00,14.159045723760345,14.235581398010254,14.120778616533673,14.235581398010254,43000,0.0,0.0
2019-11-25 00:00:00+08:00,14.197312830987014,14.235581398010254,14.159045723760345,14.235581398010254,26000,0.0,0.0
2019-11-26 00:00:00+08:00,14.273846109094785,14.273846109094785,14.197310447692871,14.197310447692871,49000,0.0,0.0
2019-11-27 00:00:00+08:00,14.197311439231543,14.312115669250488,14.197311439231543,14.312115669250488,22000,0.0,0.0
2019-11-28 00:00:00+08:00,14.273847105978698,14.312115669250488,14.235580002503333,14.312115669250488,12000,0.0,0.0
2019-11-29 00:00:00+08:00,14.3886508646491,14.3886508646491,14.312116652440746,14.350383758544922,51102,0.0,0.0
2019-12-02 00:00:00+08:00,14.388649876201221,14.426918439473011,14.235580002503333,14.312115669250488,98000,0.0,0.0
2019-12-03 00:00:00+08:00,14.312115188267448,14.312115188267448,14.235579524092403,14.273846626281738,23000,0.0,0.0
2019-12-04 00:00:00+08:00,14.197311369033224,14.235579932115797,14.15904426574707,14.15904426574707,78000,0.0,0.0
2019-12-05 00:00:00+08:00,14.159043277066724,14.197310377680811,14.005971955017747,14.120776176452637,79000,0.0,0.0
2019-12-06 00:00:00+08:00,14.120778616533673,14.235581398010254,14.082510049510434,14.235581398010254,27000,0.0,0.0
2019-12-09 00:00:00+08:00,14.235579008291989,14.235579008291989,14.12077624608728,14.197310447692871,28000,0.0,0.0
2019-12-10 00:00:00+08:00,14.120777162460916,14.197311369033224,14.082508599378343,14.15904426574707,89000,0.0,0.0
2019-12-11 00:00:00+08:00,14.159045723760345,14.235581398010254,14.159045723760345,14.235581398010254,23000,0.0,0.0
2019-12-12 00:00:00+08:00,14.235581398010254,14.273848505236925,14.235581398010254,14.235581398010254,21000,0.0,0.0
2019-12-13 00:00:00+08:00,14.159044709600463,14.235580378368407,14.08250904083252,14.08250904083252,62100,0.0,0.0
2019-12-16 00:00:00+08:00,14.082507685488162,14.197310447692871,14.082507685488162,14.197310447692871,42000,0.0,0.0
2019-12-17 00:00:00+08:00,14.197311369033224,14.197311369033224,14.120777162460916,14.15904426574707,22000,0.0,0.0
2019-12-18 00:00:00+08:00,14.08250904083252,14.159044709600463,14.08250904083252,14.08250904083252,20000,0.0,0.0
2019-12-19 00:00:00+08:00,14.082509009613307,14.082509009613307,14.0442419052124,14.044241905212402,46000,0.0,0.0
2019-12-20 00:00:00+08:00,14.005973372064576,14.08250904083252,14.005973372064576,14.08250904083252,53600,0.0,0.0
2019-12-23 00:00:00+08:00,14.08250904083252,14.08250904083252,14.005973372064576,14.08250904083252,41000,0.0,0.0
2019-12-24 00:00:00+08:00,14.082509009613307,14.082509009613307,14.005973341015034,14.044241905212402,24000,0.0,0.0
2019-12-25 00:00:00+08:00,14.082509009613307,14.082509009613307,14.005973341015034,14.044241905212402,24000,0.0,0.0
2019-12-26 00:00:00+08:00,14.120777605114723,14.120777605114723,14.04424193634678,14.08250904083252,15000,0.0,0.0
2019-12-27 00:00:00+08:00,14.082507616042236,14.120776176452637,14.082507616042236,14.120776176452637,28000,0.0,0.0
2019-12-30 00:00:00+08:00,14.120776176452637,14.120776176452637,14.044240515428148,14.120776176452637,55000,0.0,0.0
2019-12-31 00:00:00+08:00,14.120776176452637,14.120776176452637,14.120776176452637,14.120776176452637,15047,0.0,0.0
2020-01-02 00:00:00+08:00,14.120776176452637,14.120776176452637,14.044240515428148,14.120776176452637,15000,0.0,0.0
2020-01-03 00:00:00+08:00,14.082509009613307,14.082509009613307,14.0442419052124,14.044241905212402,34257,0.0,0.0
2020-01-06 00:00:00+08:00,14.044242351327277,14.044242351327277,13.92943957468139,13.967706680297852,23000,0.0,0.0
2020-01-07 00:00:00+08:00,13.96770616994193,13.96770616994193,13.891170501708984,13.891170501708984,58000,0.0,0.0
2020-01-08 00:00:00+08:00,13.891170501708984,14.044241838174875,13.891170501708984,13.891170501708984,35000,0.0,0.0
2020-01-09 00:00:00+08:00,13.891171039026153,14.044242381412916,13.891171039026153,14.005973815917969,44000,0.0,0.0
2020-01-10 00:00:00+08:00,14.005973341015034,14.0442419052124,14.005973341015034,14.044241905212402,60000,0.0,0.0
2020-01-13 00:00:00+08:00,14.0442419052124,14.0442419052124,14.0442419052124,14.044241905212402,8000,0.0,0.0
2020-01-14 00:00:00+08:00,14.0442419052124,14.0442419052124,14.0442419052124,14.044241905212402,8000,0.0,0.0
2020-01-15 00:00:00+08:00,13.96770668029785,14.120778022356703,13.96770668029785,13.967706680297852,88000,0.0,0.0
2020-01-16 00:00:00+08:00,14.005973341015034,14.0442419052124,13.967706236614127,14.044241905212402,44000,0.0,0.0
2020-01-17 00:00:00+08:00,13.967706710219534,14.00597381591797,13.967706710219534,14.005973815917969,23400,0.0,0.0
2020-01-20 00:00:00+08:00,14.00597381591797,14.044242381412916,13.967706710219534,14.005973815917969,61004,0.0,0.0
2020-01-30 00:00:00+08:00,13.77636801611397,13.77636801611397,13.431958231792528,13.546762466430664,102000,0.0,0.0
2020-01-31 00:00:00+08:00,13.585029058347418,13.585029058347418,13.470226287841797,13.470226287841797,83007,0.0,0.0
2020-02-03 00:00:00+08:00,13.431959124158935,13.431959124158935,13.164086451664167,13.393692016601562,131000,0.0,0.0
2020-02-04 00:00:00+08:00,13.39369109362702,13.431958198547363,13.317155423989856,13.431958198547363,42000,0.0,0.0
2020-02-05 00:00:00+08:00,13.470226287841797,13.546761954777688,13.431957724475637,13.470226287841797,37000,0.0,0.0
2020-02-06 00:00:00+08:00,13.470226319801391,13.54676198691887,13.39369065268391,13.508493423461914,80000,0.0,0.0
2020-02-07 00:00:00+08:00,13.508493423461914,13.508493423461914,13.508493423461914,13.508493423461914,0,0.0,0.0
2020-02-10 00:00:00+08:00,13.355421969068217,13.355421969068217,13.202350652941693,13.240617752075195,107467,0.0,0.0
2020-02-11 00:00:00+08:00,13.240617752075195,13.278886311004955,13.202350652941693,13.240617752075195,56000,0.0,0.0
2020-02-12 00:00:00+08:00,13.317155747735347,13.317155747735347,13.12581729888916,13.12581729888916,149000,0.0,0.0
2020-02-13 00:00:00+08:00,13.125816312569835,13.16408487534135,13.087549209594727,13.087549209594727,66000,0.0,0.0
2020-02-14 00:00:00+08:00,13.087549312741908,13.470226184694617,13.087549312741908,13.278887748718262,199002,0.0,0.0
2020-02-17 00:00:00+08:00,13.278888641884716,13.278888641884716,13.12581729888916,13.12581729888916,133000,0.0,0.0
2020-02-18 00:00:00+08:00,13.125816416018612,13.278887748718262,13.125816416018612,13.278887748718262,58000,0.0,0.0
2020-02-19 00:00:00+08:00,13.278888731902649,13.317155838012695,13.240620165996079,13.317155838012695,46000,0.0,0.0
2020-02-20 00:00:00+08:00,13.317154851994966,13.317154851994966,13.278887748718262,13.278887748718262,41000,0.0,0.0
2020-02-21 00:00:00+08:00,13.240617752075195,13.278886311004955,13.202350652941693,13.240617752075195,56034,0.0,0.0
2020-02-24 00:00:00+08:00,13.240619597115407,13.240619597115407,13.125816823921225,13.164085388183594,120000,0.0,0.0
2020-02-25 00:00:00+08:00,13.16408487534135,13.16408487534135,12.972746440872996,13.087549209594727,93000,0.0,0.0
2020-02-26 00:00:00+08:00,13.16408535298396,13.16408535298396,13.011014015936711,13.049281120300293,94000,0.0,0.0
2020-02-27 00:00:00+08:00,13.087549209594727,13.16408487534135,13.011013543848104,13.087549209594727,94000,0.0,0.0
2020-03-02 00:00:00+08:00,13.087549684460337,13.087549684460337,13.011014015936711,13.049281120300293,94000,0.0,0.0
2020-03-03 00:00:00+08:00,13.049281120300293,13.125816788823919,12.972746911573127,13.049281120300293,96000,0.0,0.0
2020-03-04 00:00:00+08:00,13.04928108895183,13.04928108895183,13.011013984680176,13.011013984680176,42000,0.0,0.0
2020-03-05 00:00:00+08:00,13.087550193038528,13.164085864536306,13.087550193038528,13.12581729888916,77000,0.0,0.0
2020-03-06 00:00:00+08:00,13.12581729888916,13.12581729888916,13.12581729888916,13.12581729888916,37000,0.0,0.0
2020-03-09 00:00:00+08:00,13.12581729888916,13.12581729888916,13.12581729888916,13.12581729888916,0,0.0,0.0
2020-03-10 00:00:00+08:00,13.087549653019938,13.087549653019938,12.743139875389234,13.011013984680176,165000,0.0,0.0
2020-03-11 00:00:00+08:00,13.049281627391382,13.202352970386938,13.049281627391382,13.12581729888916,40000,0.0,0.0
2020-03-12 00:00:00+08:00,13.04928046591365,13.04928046591365,12.704872164523183,12.743139266967773,245000,0.0,0.0
2020-03-13 00:00:00+08:00,12.743139266967773,12.743139266967773,12.743139266967773,12.743139266967773,0,0.0,0.0
2020-03-16 00:00:00+08:00,11.709913162645378,11.709913162645378,11.518574714660645,11.518574714660645,195000,0.0,0.0
2020-03-17 00:00:00+08:00,11.518573693806172,11.518573693806172,10.868022736355032,10.982826232910156,184000,0.0,0.0
2020-03-18 00:00:00+08:00,11.021094656945543,11.021094656945543,10.714953422546387,10.714953422546387,125000,0.0,0.0
2020-03-19 00:00:00+08:00,10.676684559330463,10.676684559330463,9.643457445142603,9.681724548339844,301000,0.0,0.0
2020-03-20 00:00:00+08:00,9.987866755163921,10.485346409255955,9.949598921026482,10.217473030090332,66000,0.0,0.0
2020-03-23 00:00:00+08:00,9.643458564800717,9.643458564800717,9.413852269467691,9.528655052185059,64000,0.0,0.0
2020-03-24 00:00:00+08:00,9.796528014688665,9.796528014688665,9.643457412719727,9.643457412719727,72000,0.0,0.0
2020-03-25 00:00:00+08:00,9.873063595123313,10.255740489971476,9.873063595123313,9.949599266052246,69000,0.0,0.0
2020-03-26 00:00:00+08:00,10.217473384405261,10.217473384405261,9.873063595123313,9.949599266052246,92000,0.0,0.0
2020-03-27 00:00:00+08:00,10.332275802604423,10.332275802604423,10.140937361815453,10.217473030090332,89000,0.0,0.0
2020-03-30 00:00:00+08:00,10.294008098434672,11.05936187125358,10.294008098434672,10.944559097290039,114000,0.0,0.0
2020-03-31 00:00:00+08:00,10.944558291095317,10.944558291095317,10.714952030183184,10.791487693786621,100000,0.0,0.0
2020-04-01 00:00:00+08:00,10.791487293077168,11.059360645946166,10.791487293077168,10.906290054321289,35000,0.0,0.0
2020-04-06 00:00:00+08:00,11.021094036632988,11.021094036632988,10.868023428048854,10.944559097290039,32000,0.0,0.0
2020-04-07 00:00:00+08:00,11.097630247988985,11.097630247988985,11.021094575009062,11.059362411499023,70000,0.0,0.0
2020-04-08 00:00:00+08:00,11.09762954711914,11.1358973811923,11.021093878972822,11.09762954711914,90000,0.0,0.0
2020-04-09 00:00:00+08:00,11.135897977985785,11.633377657903042,11.135897977985785,11.365504264831543,128000,0.0,0.0
2020-04-10 00:00:00+08:00,11.403769864998587,11.633376121520996,11.403769864998587,11.633376121520996,103000,0.0,0.0
2020-04-13 00:00:00+08:00,11.671644467352019,11.78644723572735,11.671644467352019,11.709912300109863,64000,0.0,0.0
2020-04-14 00:00:00+08:00,11.709912587528386,11.786447525024414,11.709912587528386,11.786447525024414,80000,0.0,0.0
2020-04-15 00:00:00+08:00,11.824715868267138,11.901251538959427,11.786448032920992,11.862983703613281,80000,0.0,0.0
2020-04-16 00:00:00+08:00,11.786448449880252,11.824716286580164,11.709913506378701,11.748181343078613,33000,0.0,0.0
2020-04-17 00:00:00+08:00,11.748181343078613,11.824716286580164,11.748181343078613,11.748181343078613,60000,0.0,0.0
2020-04-20 00:00:00+08:00,11.862983452151672,12.322196006774902,11.862983452151672,12.322196006774902,311000,0.0,0.0
2020-04-21 00:00:00+08:00,12.360463727327609,12.360463727327609,12.016054659147565,12.09259033203125,183000,0.0,0.0
2020-04-22 00:00:00+08:00,11.824715554103088,12.092589664510857,11.78644771977366,12.169124603271484,47000,0.0,0.0
2020-04-23 00:00:00+08:00,12.092588972372464,12.24565957103071,12.054321140233355,12.207391738891602,5000,0.0,0.0
2020-04-24 00:00:00+08:00,12.207391738891602,12.24565957103071,12.130856804511573,12.207391738891602,64000,0.0,0.0
2020-04-27 00:00:00+08:00,12.283927066014837,12.590069732915737,12.283927066014837,12.475265502929688,229000,0.0,0.0
2020-04-28 00:00:00+08:00,12.475265540481367,12.628336874392575,12.43699843690178,12.590069770812988,45000,0.0,0.0
2020-04-29 00:00:00+08:00,12.590069397393027,12.781407829208748,12.590069397393027,12.743139266967773,81000,0.0,0.0
2020-04-30 00:00:00+08:00,12.743140190239107,12.934478635917761,12.398731863895424,12.704873085021973,277000,0.0,0.0
2020-05-04 00:00:00+08:00,12.704872164523183,12.743139266967773,12.55180083515205,12.743139266967773,194000,0.0,0.0
2020-05-05 00:00:00+08:00,12.743139709396026,12.743139709396026,12.62833693828004,12.666604042053223,95000,0.0,0.0
2020-05-06 00:00:00+08:00,12.628336499837618,12.857942034097928,12.628336499837618,12.743139266967773,83000,0.0,0.0
2020-05-07 00:00:00+08:00,12.81967544555664,12.81967544555664,12.743139777802982,12.81967544555664,57000,0.0,0.0
2020-05-08 00:00:00+08:00,12.857942549535247,12.857942549535247,12.743139777802982,12.81967544555664,62000,0.0,0.0
2020-05-11 00:00:00+08:00,12.81967544555664,12.857942549535247,12.551801338317063,12.81967544555664,98000,0.0,0.0
2020-05-12 00:00:00+08:00,12.781407902681106,12.896210670471191,12.781407902681106,12.896210670471191,33000,0.0,0.0
2020-05-13 00:00:00+08:00,12.857942108010233,12.896210670471191,12.781407902681106,12.896210670471191,22000,0.0,0.0
2020-05-14 00:00:00+08:00,12.857942549535247,12.857942549535247,12.704872673824376,12.81967544555664,38000,0.0,0.0
2020-05-15 00:00:00+08:00,12.85794241546296,12.85794241546296,12.513534103857383,12.590069770812988,84000,0.0,0.0
2020-05-18 00:00:00+08:00,12.513534545898438,12.628337320489042,12.322196101648602,12.513534545898438,116000,0.0,0.0
2020-05-19 00:00:00+08:00,12.551801137202373,12.551801137202373,12.398731263944109,12.43699836730957,80000,0.0,0.0
2020-05-20 00:00:00+08:00,12.436998399465287,12.475265502929688,12.398731296000886,12.475265502929688,33000,0.0,0.0
2020-05-21 00:00:00+08:00,12.513534545898438,12.628337320489042,12.513534545898438,12.513534545898438,93000,0.0,0.0
2020-05-22 00:00:00+08:00,12.5900694697655,12.896210670471191,12.513533804639977,12.896210670471191,185000,0.0,0.0
2020-05-25 00:00:00+08:00,13.01101395323924,13.16408528954887,12.666604176440798,12.972746849060059,772000,0.0,0.0
2020-05-26 00:00:00+08:00,13.01101395323924,13.04928105741842,12.85794261692961,12.972746849060059,96000,0.0,0.0
2020-05-27 00:00:00+08:00,13.011013471411834,13.011013471411834,12.81967503800872,12.934477806091309,73000,0.0,0.0
2020-05-28 00:00:00+08:00,12.934478249118758,12.934478249118758,12.857942581176758,12.857942581176758,189000,0.0,0.0
2020-05-29 00:00:00+08:00,12.857942140770783,12.934477806091309,12.857942140770783,12.934477806091309,74000,0.0,0.0
2020-06-01 00:00:00+08:00,12.934478316340412,13.04928108895183,12.934478316340412,13.011013984680176,89000,0.0,0.0
2020-06-02 00:00:00+08:00,12.934477806091309,13.011013471411834,12.857942140770783,12.934477806091309,76000,0.0,0.0
2020-06-03 00:00:00+08:00,12.934478316340412,13.011013984680176,12.896211212068758,13.011013984680176,92000,0.0,0.0
2020-06-04 00:00:00+08:00,13.011013984680176,13.011013984680176,12.819675543728996,13.011013984680176,68000,0.0,0.0
2020-06-05 00:00:00+08:00,12.934478285084424,13.01101395323924,12.896211180905242,12.972746849060059,51000,0.0,0.0
2020-06-08 00:00:00+08:00,13.011013984680176,13.011013984680176,12.934478316340412,13.011013984680176,84000,0.0,0.0
2020-06-09 00:00:00+08:00,12.934478249118758,13.011013917060758,12.857942581176758,12.857942581176758,113000,0.0,0.0
2020-06-10 00:00:00+08:00,12.857942108010233,13.011013438261276,12.857942108010233,12.896210670471191,49000,0.0,0.0
2020-06-11 00:00:00+08:00,12.896210670471191,12.934477773135756,12.857942108010233,12.896210670471191,76000,0.0,0.0
2020-06-12 00:00:00+08:00,12.781407902681106,12.896210670471191,12.666603675094626,12.896210670471191,46000,0.0,0.0
2020-06-15 00:00:00+08:00,12.934477773135756,12.934477773135756,12.819675005345669,12.896210670471191,54000,0.0,0.0
2020-06-16 00:00:00+08:00,12.934478285084424,12.972746849060059,12.85794261692961,12.972746849060059,67000,0.0,0.0
2020-06-17 00:00:00+08:00,12.934478285084424,12.972746849060059,12.934478285084424,12.972746849060059,44000,0.0,0.0
2020-06-18 00:00:00+08:00,12.972746880408522,13.011013984680176,12.896211212068758,13.011013984680176,114000,0.0,0.0
2020-06-19 00:00:00+08:00,13.164085273146686,14.312115914649137,13.164085273146686,13.852903366088867,2895000,0.0,0.0
2020-06-22 00:00:00+08:00,13.776368078011847,13.81463518319884,13.431958292142955,13.623296737670898,442000,0.0,0.0
2020-06-23 00:00:00+08:00,13.62329619423992,13.62329619423992,13.470226319801391,13.508493423461914,95000,0.0,0.0
2020-06-24 00:00:00+08:00,13.508493901619124,13.623296676460777,13.508493901619124,13.546762466430664,63000,0.0,0.0
2020-06-29 00:00:00+08:00,13.546762466430664,13.546762466430664,13.470226796604068,13.546762466430664,85000,0.0,0.0
2020-06-30 00:00:00+08:00,13.699832346287375,13.699832346287375,13.508493901619124,13.546762466430664,48000,0.0,0.0
2020-07-01 00:00:00+08:00,13.546762527296913,13.623296737670897,13.546762527296913,13.623296737670898,73000,0.0,0.0
2020-07-02 00:00:00+08:00,13.623295750791366,13.699831415417552,13.546761545961564,13.585028648376465,79000,0.0,0.0
2020-07-03 00:00:00+08:00,13.585029571445721,13.623296676460777,13.508493901619124,13.546762466430664,107000,0.0,0.0
2020-07-06 00:00:00+08:00,13.623295857053662,13.7763671875,13.623295857053662,13.7763671875,161000,0.0,0.0
2020-07-07 00:00:00+08:00,13.81463418245864,13.852902744669926,13.470225881335377,13.585028648376465,226000,0.0,0.0
2020-07-08 00:00:00+08:00,13.585029257779006,13.852903366088867,13.585029257779006,13.852903366088867,195000,0.0,0.0
2020-07-09 00:00:00+08:00,13.974419129197802,14.176946942664436,13.771891315731168,13.933914184570312,283000,1.0,0.0
2020-07-10 00:00:00+08:00,13.974419910040666,14.05543134898688,13.690880646311253,13.7313871383667,73000,0.0,0.0
2020-07-13 00:00:00+08:00,14.13644178223094,14.13644178223094,13.650374728298367,13.812396049499512,86000,0.0,0.0
2020-07-14 00:00:00+08:00,13.771891749081671,13.771891749081671,13.528858983340205,13.650375366210938,70000,0.0,0.0
2020-07-15 00:00:00+08:00,13.650375652914155,13.650375652914155,13.447847828820962,13.48835277557373,59000,0.0,0.0
2020-07-16 00:00:00+08:00,13.488352492273533,13.690880312112968,13.447847546371502,13.650375366210938,64000,0.0,0.0
2020-07-17 00:00:00+08:00,13.52886005872681,13.690881400378382,13.447848615318643,13.609869956970215,35000,0.0,0.0
2020-07-20 00:00:00+08:00,13.407340875808634,13.488352311692763,13.407340875808634,13.447847366333008,20000,0.0,0.0
2020-07-21 00:00:00+08:00,13.48835359777651,13.609869990606704,13.407342154168123,13.528860092163086,39000,0.0,0.0
2020-07-22 00:00:00+08:00,13.447848615318643,13.609869956970215,13.447848615318643,13.609869956970215,23000,0.0,0.0
2020-07-23 00:00:00+08:00,13.52886005872681,13.609869956970215,13.488353564440345,13.609869956970215,31000,0.0,0.0
2020-07-24 00:00:00+08:00,13.609869321564805,13.609869321564805,13.32633160062092,13.366836547851562,40000,0.0,0.0
2020-07-27 00:00:00+08:00,13.285824752765166,13.285824752765166,12.961780548095703,12.961780548095703,92000,0.0,0.0
2020-07-28 00:00:00+08:00,12.961781668153836,12.961781668153836,12.799759551818392,12.840265274047852,54000,0.0,0.0
2020-07-29 00:00:00+08:00,12.718746677815234,12.961780211293448,12.39470248156582,12.880768775939941,43000,0.0,0.0
2020-07-30 00:00:00+08:00,13.002285805671539,13.002285805671539,12.880769419155529,12.92127513885498,67000,0.0,0.0
2020-07-31 00:00:00+08:00,12.961780059043436,13.00228500366211,12.961780059043436,13.00228500366211,25000,0.0,0.0
2020-08-03 00:00:00+08:00,13.00228500366211,13.00228500366211,12.921274341842466,13.00228500366211,161000,0.0,0.0
2020-08-04 00:00:00+08:00,13.00228612630515,13.204813957214355,12.961781178189199,13.204813957214355,459000,0.0,0.0
2020-08-05 00:00:00+08:00,13.204813235465394,13.73138680317964,13.204813235465394,13.650375366210938,132000,0.0,0.0
2020-08-06 00:00:00+08:00,13.650375472306049,13.7313869099044,13.245319829478953,13.2858247756958,118000,0.0,0.0
2020-08-07 00:00:00+08:00,13.24532081211612,13.69088143421509,13.24532081211612,13.528860092163086,163000,0.0,0.0
2020-08-10 00:00:00+08:00,13.528858983340205,14.01492451482314,13.528858983340205,13.650375366210938,164000,0.0,0.0
2020-08-11 00:00:00+08:00,13.731387429051848,13.731387429051848,13.569364547729492,13.569364547729492,29000,0.0,0.0
2020-08-12 00:00:00+08:00,13.528859267491173,13.528859267491173,13.36683639015075,13.48835277557373,51000,0.0,0.0
2020-08-13 00:00:00+08:00,13.528858802217139,13.528858802217139,13.366835930448879,13.447847366333008,47000,0.0,0.0
2020-08-14 00:00:00+08:00,13.44784749432788,13.44784749432788,13.366836057672694,13.407341003417969,35000,0.0,0.0
2020-08-17 00:00:00+08:00,13.48835359777651,13.528860092163086,13.4478486485547,13.528860092163086,32000,0.0,0.0
2020-08-18 00:00:00+08:00,13.52885959998126,13.569364547729492,13.488353107068315,13.569364547729492,22000,0.0,0.0
2020-08-19 00:00:00+08:00,13.528858802217139,13.569363747576892,13.366835930448879,13.447847366333008,31000,0.0,0.0
2020-08-20 00:00:00+08:00,13.326331267077304,13.326331267077304,12.961780570467056,13.2858247756958,142000,0.0,0.0
2020-08-21 00:00:00+08:00,13.32633113861084,13.32633113861084,13.16430826497605,13.32633113861084,52000,0.0,0.0
2020-08-24 00:00:00+08:00,13.164308369159698,13.164308369159698,12.718747008302444,12.961780548095703,213000,0.0,0.0
2020-08-25 00:00:00+08:00,12.921274341842466,13.042791493445376,12.921274341842466,13.00228500366211,70000,0.0,0.0
2020-08-26 00:00:00+08:00,12.880768624641496,13.00228500366211,12.840263680022822,13.00228500366211,58000,0.0,0.0
2020-08-27 00:00:00+08:00,12.840264472038422,13.002285805671539,12.840264472038422,12.92127513885498,69000,0.0,0.0
2020-08-28 00:00:00+08:00,12.921275160945363,13.042792320251465,12.921275160945363,13.042792320251465,43000,0.0,0.0
2020-08-31 00:00:00+08:00,13.083298057220235,13.16430950164795,13.083298057220235,13.16430950164795,49000,0.0,0.0
2020-09-01 00:00:00+08:00,13.164308879530113,13.245320320129395,13.164308879530113,13.245320320129395,36000,0.0,0.0
2020-09-02 00:00:00+08:00,13.245320320129395,13.245320320129395,13.164308879530113,13.245320320129395,8000,0.0,0.0
2020-09-03 00:00:00+08:00,13.123804060982454,13.245320450495033,13.123804060982454,13.204813957214355,28000,0.0,0.0
2020-09-04 00:00:00+08:00,13.16430950164795,13.285825895707127,13.123804552016484,13.16430950164795,63000,0.0,0.0
2020-09-07 00:00:00+08:00,13.123803931812828,13.245320320129395,13.123803931812828,13.245320320129395,74000,0.0,0.0
2020-09-08 00:00:00+08:00,13.204813957214355,13.285825398610983,13.123804060982454,13.204813957214355,38000,0.0,0.0
2020-09-09 00:00:00+08:00,13.204813957214355,13.204813957214355,13.00228612630515,13.204813957214355,15000,0.0,0.0
2020-09-10 00:00:00+08:00,13.042792008065407,13.2858247756958,13.042792008065407,13.2858247756958,38000,0.0,0.0
2020-09-11 00:00:00+08:00,13.123803445663755,13.2858247756958,13.123803445663755,13.2858247756958,45000,0.0,0.0
2020-09-14 00:00:00+08:00,13.285825108225584,13.366836547851562,13.042792334512342,13.366836547851562,82000,0.0,0.0
2020-09-15 00:00:00+08:00,13.36683608443722,13.36683608443722,13.16430826497605,13.32633113861084,29000,0.0,0.0
2020-09-16 00:00:00+08:00,13.32633113861084,13.36683608443722,13.083296828158653,13.32633113861084,118000,0.0,0.0
2020-09-17 00:00:00+08:00,13.2858247756958,13.2858247756958,13.164308391880603,13.2858247756958,17000,0.0,0.0
2020-09-18 00:00:00+08:00,13.2858247756958,13.2858247756958,13.164308391880603,13.2858247756958,15000,0.0,0.0
2020-09-21 00:00:00+08:00,13.285825267846679,13.285825267846679,13.164308879530113,13.245320320129395,13000,0.0,0.0
2020-09-22 00:00:00+08:00,13.16430950164795,13.16430950164795,12.961781663161057,13.16430950164795,46000,0.0,0.0
2020-09-23 00:00:00+08:00,13.164308706975222,13.164308706975222,13.002285827900419,13.042792320251465,35000,0.0,0.0
2020-09-24 00:00:00+08:00,13.042793112612754,13.042793112612754,12.840265274047852,12.840265274047852,69000,0.0,0.0
2020-09-25 00:00:00+08:00,12.840263984540972,12.880768930120254,12.718746830056174,12.759252548217773,62000,0.0,0.0
2020-09-28 00:00:00+08:00,12.759253054452907,13.083297267437821,12.759253054452907,13.042792320251465,17000,0.0,0.0
2020-09-29 00:00:00+08:00,13.08329693170117,13.08329693170117,12.880769110637175,12.961780548095703,18000,0.0,0.0
2020-09-30 00:00:00+08:00,12.961780880714064,13.042792320251465,12.961780880714064,13.042792320251465,8000,0.0,0.0
2020-10-05 00:00:00+08:00,12.961780880714064,13.042792320251465,12.880769441176664,13.042792320251465,27000,0.0,0.0
2020-10-06 00:00:00+08:00,13.042792320251465,13.042792320251465,13.002285827900419,13.042792320251465,22000,0.0,0.0
2020-10-07 00:00:00+08:00,12.961780548095703,13.002285494242642,12.840264164490236,12.961780548095703,40000,0.0,0.0
2020-10-08 00:00:00+08:00,12.880769441176664,13.042792320251465,12.880769441176664,13.042792320251465,42000,0.0,0.0
2020-10-12 00:00:00+08:00,13.245320450495033,13.285825398610983,13.042792619585827,13.204813957214355,139000,0.0,0.0
2020-10-13 00:00:00+08:00,13.04279310758877,13.16430950164795,13.04279310758877,13.16430950164795,15000,0.0,0.0
2020-10-14 00:00:00+08:00,13.00228612630515,13.204813957214355,13.00228612630515,13.204813957214355,26000,0.0,0.0
2020-10-15 00:00:00+08:00,13.204813029272,13.245319519706163,13.083296648298747,13.12380313873291,59000,0.0,0.0
2020-10-16 00:00:00+08:00,13.245319726532065,13.852903186050375,13.204813235465394,13.650375366210938,317000,0.0,0.0
2020-10-19 00:00:00+08:00,14.136443274484025,14.94655460149939,13.974420391015059,14.419981002807617,1026000,0.0,0.0
2020-10-20 00:00:00+08:00,14.419979865029179,14.582002735714067,14.176947104166455,14.217452049255371,193000,0.0,0.0
2020-10-21 00:00:00+08:00,14.257959190994661,14.257959190994661,14.014924873862416,14.055431365966797,94000,0.0,0.0
2020-10-22 00:00:00+08:00,14.136443432768472,14.136443432768472,13.89340910484379,13.974420547485352,77000,0.0,0.0
2020-10-23 00:00:00+08:00,14.055430539098865,14.055430539098865,13.933914160263777,14.014924049377441,56000,0.0,0.0
2020-10-26 00:00:00+08:00,13.89340910484379,14.014925496223757,13.89340910484379,13.974420547485352,76000,0.0,0.0
2020-10-27 00:00:00+08:00,14.014925496223757,14.05543199012691,13.933915598746946,13.974420547485352,49000,0.0,0.0
2020-10-28 00:00:00+08:00,14.014925496223757,14.014925496223757,13.933915598746946,13.974420547485352,60000,0.0,0.0
2020-10-29 00:00:00+08:00,13.85290241241455,13.85290241241455,13.609868115081053,13.85290241241455,368000,0.0,0.0
2020-10-30 00:00:00+08:00,13.85290381746126,14.014925153618904,13.569364547729492,13.569364547729492,255000,0.0,0.0
2020-11-02 00:00:00+08:00,13.69087967230751,13.893407482682369,13.69087967230751,13.812396049499512,39000,0.0,0.0
2020-11-03 00:00:00+08:00,14.014925496223757,14.014925496223757,13.852904156105385,13.974420547485352,149000,0.0,0.0
2020-11-04 00:00:00+08:00,14.05543183274954,14.419981002807617,13.974420391015059,14.419981002807617,189000,0.0,0.0
2020-11-05 00:00:00+08:00,14.66301469779428,14.825036029134832,14.136442666899319,14.500991821289062,494000,0.0,0.0
2020-11-06 00:00:00+08:00,14.500992476663619,14.500992476663619,14.257959696086553,14.338971138000488,55000,0.0,0.0
2020-11-09 00:00:00+08:00,14.500991017957347,14.500991017957347,14.257958261827811,14.379474639892578,83000,0.0,0.0
2020-11-10 00:00:00+08:00,14.419980204704924,14.419980204704924,14.095936000866601,14.298463821411133,124000,0.0,0.0
2020-11-11 00:00:00+08:00,14.176947438117343,14.298463821411135,14.176947438117343,14.298463821411133,69000,0.0,0.0
2020-11-12 00:00:00+08:00,14.25795841217041,14.298463356897576,14.176946977551482,14.25795841217041,45000,0.0,0.0
2020-11-13 00:00:00+08:00,14.176947438117343,14.298463821411135,14.176947438117343,14.298463821411133,30000,0.0,0.0
2020-11-16 00:00:00+08:00,14.298464612788258,14.419981002807617,14.298464612788258,14.419981002807617,97000,0.0,0.0
2020-11-17 00:00:00+08:00,14.987058925610274,15.837675165484448,14.582003278972158,14.82503604888916,1737000,0.0,0.0
2020-11-18 00:00:00+08:00,14.987058613454522,14.987058613454522,14.62250792100734,14.66301441192627,183000,0.0,0.0
2020-11-19 00:00:00+08:00,14.663014874135897,14.703519821166992,14.582003434909021,14.703519821166992,153000,0.0,0.0
2020-11-20 00:00:00+08:00,14.703519821166992,14.703519821166992,14.582003434909021,14.703519821166992,117000,0.0,0.0
2020-11-23 00:00:00+08:00,14.784531593322754,14.90604798231712,14.703520152271603,14.784531593322754,88000,0.0,0.0
2020-11-24 00:00:00+08:00,14.744025848599492,14.744025848599492,14.66301441192627,14.66301441192627,70000,0.0,0.0
2020-11-25 00:00:00+08:00,14.703519821166992,14.78453126039387,14.663014874135897,14.703519821166992,64000,0.0,0.0
2020-11-26 00:00:00+08:00,14.744026645379538,14.865543034373903,14.582003763277235,14.784531593322754,117000,0.0,0.0
2020-11-27 00:00:00+08:00,14.906047487249717,14.906047487249717,14.744026155693271,14.82503604888916,56000,0.0,0.0
2020-11-30 00:00:00+08:00,14.906047487249717,14.946553979012329,14.744026155693271,14.82503604888916,157000,0.0,0.0
2020-12-01 00:00:00+08:00,14.906047487249717,14.906047487249717,14.784531102291215,14.82503604888916,78000,0.0,0.0
2020-12-02 00:00:00+08:00,14.825036871468367,14.90604831432391,14.744026973777578,14.865543365478516,103000,0.0,0.0
2020-12-03 00:00:00+08:00,14.98705942336827,14.98705942336827,14.744026645379538,14.784531593322754,146000,0.0,0.0
2020-12-04 00:00:00+08:00,14.784531593322754,14.82503654126597,14.744026645379538,14.784531593322754,128000,0.0,0.0
2020-12-07 00:00:00+08:00,14.784530174463704,14.825035118519693,14.663013797131162,14.744025230407715,141000,0.0,0.0
2020-12-08 00:00:00+08:00,14.784531102291215,14.82503604888916,14.663014717332715,14.82503604888916,78000,0.0,0.0
2020-12-09 00:00:00+08:00,14.82503654126597,14.82503654126597,14.703520152271603,14.784531593322754,36000,0.0,0.0
2020-12-10 00:00:00+08:00,14.78453126039387,14.865542699620745,14.663014874135897,14.703519821166992,124000,0.0,0.0
2020-12-11 00:00:00+08:00,14.744025230407713,14.744025230407713,14.582002363854611,14.744025230407715,90000,0.0,0.0
2020-12-14 00:00:00+08:00,14.744026645379538,14.784531593322754,14.663015204328387,14.784531593322754,56000,0.0,0.0
2020-12-15 00:00:00+08:00,14.663013797131162,14.784530174463704,14.663013797131162,14.744025230407715,86000,0.0,0.0
2020-12-16 00:00:00+08:00,14.663015204328387,14.784531593322754,14.663015204328387,14.784531593322754,62000,0.0,0.0
2020-12-17 00:00:00+08:00,14.78453126039387,14.78453126039387,14.663014874135897,14.703519821166992,44000,0.0,0.0
2020-12-18 00:00:00+08:00,14.703519821166992,14.703519821166992,14.622508381940117,14.703519821166992,104000,0.0,0.0
2020-12-21 00:00:00+08:00,14.582003434909021,14.703519821166992,14.582003434909021,14.703519821166992,69000,0.0,0.0
2020-12-22 00:00:00+08:00,14.663014540284749,14.703519486393617,14.62250804901123,14.62250804901123,69000,0.0,0.0
2020-12-23 00:00:00+08:00,14.62250804901123,14.703519486393617,14.541498156793493,14.62250804901123,76000,0.0,0.0
2020-12-24 00:00:00+08:00,14.663014874135897,14.825036207424965,14.582003434909021,14.703519821166992,67000,0.0,0.0
2020-12-25 00:00:00+08:00,14.663013797131162,14.744025230407713,14.582002363854611,14.744025230407715,100000,0.0,0.0
2020-12-28 00:00:00+08:00,14.703519486393617,14.703519486393617,14.62250804901123,14.62250804901123,68000,0.0,0.0
2020-12-29 00:00:00+08:00,14.663014540284749,14.663014540284749,14.500991665519974,14.62250804901123,74000,0.0,0.0
2020-12-30 00:00:00+08:00,14.62250792100734,14.66301441192627,14.582002975253047,14.66301441192627,84000,0.0,0.0
2020-12-31 00:00:00+08:00,14.663014874135897,14.703519821166992,14.582003434909021,14.703519821166992,45000,0.0,0.0
2021-01-04 00:00:00+08:00,14.82503654126597,14.82503654126597,14.744026645379538,14.784531593322754,79000,0.0,0.0
2021-01-05 00:00:00+08:00,14.744026973777578,14.90604831432391,14.744026973777578,14.865543365478516,123000,0.0,0.0
2021-01-06 00:00:00+08:00,14.9060471767813,14.946553667700229,14.66301441192627,14.66301441192627,118000,0.0,0.0
2021-01-07 00:00:00+08:00,14.663013797131162,14.744025230407713,14.663013797131162,14.744025230407715,66000,0.0,0.0
2021-01-08 00:00:00+08:00,14.784530454211765,14.784530454211765,14.582002639770508,14.582002639770508,68000,0.0,0.0
2021-01-11 00:00:00+08:00,14.663015204328387,14.784531593322754,14.663015204328387,14.784531593322754,70000,0.0,0.0
2021-01-12 00:00:00+08:00,14.82503604888916,14.987058925610274,14.744026155693271,14.82503604888916,139000,0.0,0.0
2021-01-13 00:00:00+08:00,14.865543365478516,14.90604831432391,14.825036871468367,14.865543365478516,66000,0.0,0.0
2021-01-14 00:00:00+08:00,14.987057985072795,14.987057985072795,14.622507307910602,14.744025230407715,104000,0.0,0.0
2021-01-15 00:00:00+08:00,14.744026769745549,14.744026769745549,14.419981002807617,14.419981002807617,197000,0.0,0.0
2021-01-18 00:00:00+08:00,14.419981002807617,14.419981002807617,14.298464612788258,14.419981002807617,64000,0.0,0.0
2021-01-19 00:00:00+08:00,14.338970976800224,14.460487365722656,14.298464483716268,14.460487365722656,40000,0.0,0.0
2021-01-20 00:00:00+08:00,14.338969974851343,14.338969974851343,14.136442159077538,14.217452049255371,97000,0.0,0.0
2021-01-21 00:00:00+08:00,14.217452049255371,14.257958539508898,14.09593566882401,14.217452049255371,72000,0.0,0.0
2021-01-22 00:00:00+08:00,14.095935636971427,14.095935636971427,13.771891441498502,13.893407821655273,226000,0.0,0.0
2021-01-25 00:00:00+08:00,13.893407356054523,13.93391384485905,13.812395923610024,13.85290241241455,84000,0.0,0.0
2021-01-26 00:00:00+08:00,13.85290241241455,13.974418788499023,13.812395923610024,13.85290241241455,70000,0.0,0.0
2021-01-27 00:00:00+08:00,13.933914311817269,13.933914311817269,13.852902876657884,13.893407821655273,44000,0.0,0.0
2021-01-28 00:00:00+08:00,13.85290241241455,13.85290241241455,13.77189097997005,13.85290241241455,56000,0.0,0.0
2021-01-29 00:00:00+08:00,13.893407356054523,13.93391384485905,13.690879547525551,13.85290241241455,64000,0.0,0.0
2021-02-01 00:00:00+08:00,13.731386648487387,13.771891593933105,13.731386648487387,13.771891593933105,43000,0.0,0.0
2021-02-02 00:00:00+08:00,13.812395923610024,13.85290241241455,13.690879547525551,13.85290241241455,84000,0.0,0.0
2021-02-03 00:00:00+08:00,13.812396539378822,13.812396539378822,13.690880157877045,13.771891593933105,79000,0.0,0.0
2021-02-04 00:00:00+08:00,13.69087967230751,13.852902538673224,13.69087967230751,13.812396049499512,39000,0.0,0.0
2021-02-05 00:00:00+08:00,13.77189097997005,13.85290241241455,13.690879547525551,13.85290241241455,56000,0.0,0.0
2021-02-17 00:00:00+08:00,13.933914368310958,14.176947129609854,13.933914368310958,14.136442184448242,103000,0.0,0.0
2021-02-18 00:00:00+08:00,14.136442032824316,14.25795841217041,14.136442032824316,14.25795841217041,83000,0.0,0.0
2021-02-19 00:00:00+08:00,14.338970976800224,14.460487365722656,14.298464483716268,14.460487365722656,89000,0.0,0.0
2021-02-22 00:00:00+08:00,14.582002363854611,14.784530174463704,14.541497419798622,14.744025230407715,167000,0.0,0.0
2021-02-23 00:00:00+08:00,14.744025977667135,14.744025977667135,14.541498156793493,14.62250804901123,77000,0.0,0.0
2021-02-24 00:00:00+08:00,14.62250804901123,14.663014540284749,14.58200310290236,14.62250804901123,50000,0.0,0.0
2021-02-25 00:00:00+08:00,14.62250804901123,14.744025977667135,14.58200310290236,14.62250804901123,71000,0.0,0.0
2021-02-26 00:00:00+08:00,14.582002639770508,14.582002639770508,14.419979770151663,14.582002639770508,75000,0.0,0.0
2021-03-02 00:00:00+08:00,14.784529418344496,15.432617761082842,14.784529418344496,14.946552276611328,735000,0.0,0.0
2021-03-03 00:00:00+08:00,15.068070411682129,15.351609674259537,14.987058973065059,15.068070411682129,248000,0.0,0.0
2021-03-04 00:00:00+08:00,15.189586797025397,15.189586797025397,14.94655402633886,15.068070411682129,79000,0.0,0.0
2021-03-05 00:00:00+08:00,14.8655432028293,14.987059593200684,14.744026812457918,14.987059593200684,184000,0.0,0.0
2021-03-08 00:00:00+08:00,15.068070411682129,15.189586797025397,14.987058973065059,15.068070411682129,239000,0.0,0.0
2021-03-09 00:00:00+08:00,14.987058973065059,15.068070411682129,14.94655402633886,15.068070411682129,102000,0.0,0.0
2021-03-10 00:00:00+08:00,15.068070411682129,15.149081850299199,15.068070411682129,15.068070411682129,109000,0.0,0.0
2021-03-11 00:00:00+08:00,15.149081850299199,15.149081850299199,15.068070411682129,15.068070411682129,61000,0.0,0.0
2021-03-12 00:00:00+08:00,15.189587593078613,15.189587593078613,14.865543366792553,15.189587593078613,160000,0.0,0.0
2021-03-15 00:00:00+08:00,15.189586175231682,15.189586175231682,14.987058359561926,15.149081230163574,116000,0.0,0.0
2021-03-16 00:00:00+08:00,15.149082970902334,15.47312720417604,15.149082970902334,15.270599365234375,253000,0.0,0.0
2021-03-17 00:00:00+08:00,15.31110178816477,15.351608276367188,15.270596845126885,15.351608276367188,147000,0.0,0.0
2021-03-18 00:00:00+08:00,15.351608276367188,15.392113219405072,15.23009035692447,15.351608276367188,161000,0.0,0.0
2021-03-19 00:00:00+08:00,15.270598253794512,15.392114639282227,15.270598253794512,15.392114639282227,101000,0.0,0.0
2021-03-22 00:00:00+08:00,15.513630433260214,16.080708937467325,15.513630433260214,15.79716968536377,710000,0.0,0.0
2021-03-23 00:00:00+08:00,16.12121469342429,16.16172118585591,15.79717047979477,15.918686866760254,274000,0.0,0.0
2021-03-24 00:00:00+08:00,15.878182542299259,15.999698934031102,15.67565470769127,15.837676048278809,181000,0.0,0.0
2021-03-25 00:00:00+08:00,15.554137534435613,15.75666535886751,15.554137534435613,15.716158866882324,168000,0.0,0.0
2021-03-26 00:00:00+08:00,15.716157973400675,15.959192276000977,15.635146539200573,15.959192276000977,178000,0.0,0.0
2021-03-29 00:00:00+08:00,15.959193853401088,15.959193853401088,15.837675917507859,15.878182411193848,132000,0.0,0.0
2021-03-30 00:00:00+08:00,15.878182411193848,15.918687359715097,15.837675917507859,15.878182411193848,83000,0.0,0.0
2021-03-31 00:00:00+08:00,15.878181744493713,15.918686691314223,15.675653920061816,15.716158866882324,176000,0.0,0.0
2021-04-01 00:00:00+08:00,15.716158249739237,15.837674630593728,15.675653304509279,15.79716968536377,144000,0.0,0.0
2021-04-07 00:00:00+08:00,15.99969644141053,16.283235674721592,15.99969644141053,16.24272918701172,285000,0.0,0.0
2021-04-08 00:00:00+08:00,16.364248547446383,17.862953186035156,16.364248547446383,17.862953186035156,4140000,0.0,0.0
2021-04-09 00:00:00+08:00,17.984471951887503,18.551548949728993,17.376888460880018,18.22750473022461,2473000,0.0,0.0
2021-04-12 00:00:00+08:00,18.22750441158042,18.632560065171095,18.105988024536156,18.470537185668945,1127000,0.0,0.0
2021-04-13 00:00:00+08:00,18.470538456422,18.470538456422,17.66042709350586,17.66042709350586,608000,0.0,0.0
2021-04-14 00:00:00+08:00,17.66042531756718,17.903459629101288,16.485764886561938,17.21486473083496,548000,0.0,0.0
2021-04-15 00:00:00+08:00,17.214863310584903,17.5794139752278,17.133851880090422,17.174358367919922,274000,0.0,0.0
2021-04-16 00:00:00+08:00,17.255369186401367,17.376887111296902,17.09334786181499,17.255369186401367,324000,0.0,0.0
2021-04-19 00:00:00+08:00,17.538909912109375,17.619921353803488,17.133854248803548,17.538909912109375,371000,0.0,0.0
2021-04-20 00:00:00+08:00,17.49840403549923,18.024976060827555,17.41739259810303,17.862953186035156,367000,0.0,0.0
2021-04-21 00:00:00+08:00,17.862952875886897,17.90345936646402,17.57941516767014,17.700931549072266,204000,0.0,0.0
2021-04-22 00:00:00+08:00,18.06548038383729,18.105986873720585,17.579414866554533,17.9439640045166,660000,0.0,0.0
2021-04-23 00:00:00+08:00,18.34901986993199,19.72620964050293,18.34901986993199,19.72620964050293,4667000,0.0,0.0
2021-04-26 00:00:00+08:00,19.078120435955874,19.40216619105189,18.794582717993872,19.19963836669922,2496000,0.0,0.0
2021-04-27 00:00:00+08:00,19.402167455392934,19.402167455392934,18.673066004079722,19.037616729736328,701000,0.0,0.0
2021-04-28 00:00:00+08:00,19.321156011339824,19.402167455392934,18.91610033623905,19.037616729736328,564000,0.0,0.0
2021-04-29 00:00:00+08:00,19.19963701027893,19.19963701027893,18.83508633413311,18.875591278076172,451000,0.0,0.0
2021-05-03 00:00:00+08:00,18.875593680312736,18.875593680312736,17.822449552117174,18.187000274658203,749000,0.0,0.0
2021-05-04 00:00:00+08:00,18.18699925722743,18.18699925722743,16.404753783653522,17.61992073059082,938000,0.0,0.0
2021-05-05 00:00:00+08:00,17.61991950120098,18.06548006592414,17.57941455719508,17.78194236755371,366000,0.0,0.0
2021-05-06 00:00:00+08:00,17.90345936646402,17.943964311876524,17.49840373168051,17.700931549072266,184000,0.0,0.0
2021-05-07 00:00:00+08:00,17.781944731728224,18.18700040629912,17.70093328778109,18.146493911743164,213000,0.0,0.0
2021-05-10 00:00:00+08:00,18.146493619295853,18.63256072998047,17.862954342632765,18.63256072998047,425000,0.0,0.0
2021-05-11 00:00:00+08:00,18.268010967435806,18.308517463460426,17.2148667934329,17.417394638061523,556000,0.0,0.0
2021-05-12 00:00:00+08:00,17.012336992980675,17.41739263567069,15.716158627339693,16.526269912719727,695000,0.0,0.0
2021-05-13 00:00:00+08:00,16.485764966516587,16.890820609206603,15.716158627339693,16.526269912719727,219000,0.0,0.0
2021-05-14 00:00:00+08:00,17.093349249521623,17.093349249521623,16.485765756376292,16.64778709411621,245000,0.0,0.0
2021-05-17 00:00:00+08:00,15.837675252508529,16.364248832163202,15.351609710003714,15.716158866882324,494000,0.0,0.0
2021-05-18 00:00:00+08:00,15.635149139285136,17.012339114216193,15.635149139285136,16.72879981994629,345000,0.0,0.0
2021-05-19 00:00:00+08:00,16.32374231125794,17.012337222139372,16.32374231125794,16.971832275390625,227000,0.0,0.0
2021-05-20 00:00:00+08:00,16.97183416296257,16.97183416296257,16.72879981994629,16.72879981994629,146000,0.0,0.0
2021-05-21 00:00:00+08:00,16.80980830513817,17.214863926948727,16.80980830513817,17.093347549438477,195000,0.0,0.0
2021-05-24 00:00:00+08:00,17.09335039568869,17.417394638061523,17.012338948804278,17.417394638061523,492000,0.0,0.0
2021-05-25 00:00:00+08:00,17.37491263602791,17.37491263602791,16.992578961185785,17.289949417114258,527000,1.0,0.0
2021-05-26 00:00:00+08:00,17.45987423440295,17.45987423440295,17.204986198200608,17.289949417114258,185000,0.0,0.0
2021-05-27 00:00:00+08:00,17.162506103515625,17.332430927779548,17.162506103515625,17.162506103515625,74000,0.0,0.0
2021-05-28 00:00:00+08:00,17.20498624172065,17.332430260144193,17.162505442425676,17.247467041015625,140000,0.0,0.0
2021-05-31 00:00:00+08:00,17.247466997388127,17.41739343521543,17.247466997388127,17.289949417114258,109000,0.0,0.0
2021-06-01 00:00:00+08:00,17.289949044878416,17.41739306023584,17.24746662606689,17.37491226196289,64000,0.0,0.0
2021-06-02 00:00:00+08:00,17.45987385850879,17.502356277320317,17.289949044878416,17.37491226196289,101000,0.0,0.0
2021-06-03 00:00:00+08:00,17.289949087486622,17.417393103158112,17.289949087486622,17.332429885864258,55000,0.0,0.0
2021-06-04 00:00:00+08:00,17.289949087486622,17.374912304780473,17.247466668570404,17.332429885864258,73000,0.0,0.0
2021-06-07 00:00:00+08:00,17.332430260144193,17.332430260144193,16.992579004168544,17.247467041015625,100000,0.0,0.0
2021-06-08 00:00:00+08:00,17.20498624172065,17.247467041015625,17.162505442425676,17.247467041015625,48000,0.0,0.0
2021-06-09 00:00:00+08:00,17.247467705378245,17.247467705378245,17.077542881114322,17.162506103515625,50000,0.0,0.0
2021-06-10 00:00:00+08:00,17.120023682045634,17.204986904446937,17.077542881114322,17.162506103515625,85000,0.0,0.0
2021-06-11 00:00:00+08:00,17.03505824223329,17.417391883002388,17.03505824223329,17.204984664916992,117000,0.0,0.0
2021-06-15 00:00:00+08:00,17.247465460318686,17.374911087600697,17.1625038695153,17.204984664916992,130000,0.0,0.0
2021-06-16 00:00:00+08:00,17.204985033229043,17.204985033229043,17.07754102375727,17.12002182006836,83000,0.0,0.0
2021-06-17 00:00:00+08:00,17.12002182006836,17.162504236917954,17.035058606907675,17.12002182006836,142000,0.0,0.0
2021-06-18 00:00:00+08:00,17.12002182006836,17.162504236917954,16.992577810596586,17.12002182006836,90000,0.0,0.0
2021-06-21 00:00:00+08:00,17.12002182006836,17.162504236917954,16.992577810596586,17.12002182006836,127000,0.0,0.0
2021-06-22 00:00:00+08:00,17.035058606907675,17.162504236917954,17.035058606907675,17.12002182006836,78000,0.0,0.0
2021-06-23 00:00:00+08:00,17.035060459644335,17.162506103515625,17.035060459644335,17.162506103515625,95000,0.0,0.0
2021-06-24 00:00:00+08:00,17.162504236917954,17.162504236917954,17.035058606907675,17.12002182006836,137000,0.0,0.0
2021-06-25 00:00:00+08:00,17.120023682045634,17.204986904446937,17.120023682045634,17.162506103515625,99000,0.0,0.0
2021-06-28 00:00:00+08:00,17.162505442425676,17.332430260144193,17.162505442425676,17.247467041015625,102000,0.0,0.0
2021-06-29 00:00:00+08:00,17.247464934685986,18.054612987027276,17.247464934685986,17.672279357910156,499000,0.0,0.0
2021-06-30 00:00:00+08:00,17.67228122223031,17.757244439945943,17.459873988210532,17.714763641357422,156000,0.0,0.0
2021-07-01 00:00:00+08:00,17.71476477628842,17.757245577598553,17.37491350419125,17.459875106811523,107000,0.0,0.0
2021-07-02 00:00:00+08:00,17.459875106811523,17.587320751819316,17.459875106811523,17.459875106811523,82000,0.0,0.0
2021-07-05 00:00:00+08:00,17.41739430550139,17.54483832997049,17.41739430550139,17.459875106811523,97000,0.0,0.0
2021-07-06 00:00:00+08:00,17.502356277320317,17.502356277320317,17.24746662606689,17.37491226196289,133000,0.0,0.0
2021-07-07 00:00:00+08:00,17.247466997388127,17.289949417114258,16.82265252335848,17.289949417114258,112000,0.0,0.0
2021-07-08 00:00:00+08:00,17.502357962204123,18.012135693246716,17.502357962204123,17.757246017456055,278000,0.0,0.0
2021-07-09 00:00:00+08:00,17.757242566662672,17.757242566662672,17.587317769696057,17.672279357910156,52000,0.0,0.0
2021-07-12 00:00:00+08:00,17.842207283904692,17.92717049984052,17.757244067968863,17.799726486206055,206000,0.0,0.0
2021-07-13 00:00:00+08:00,18.012133524818957,18.606872788987463,17.842207094748794,18.182058334350586,531000,0.0,0.0
2021-07-14 00:00:00+08:00,18.18206057543359,18.564394279947848,17.884690096426798,18.13957977294922,145000,0.0,0.0
2021-07-15 00:00:00+08:00,18.26702380094106,18.351987026448533,18.097097349926113,18.13957977294922,69000,0.0,0.0
2021-07-16 00:00:00+08:00,18.139576690695957,18.139576690695957,17.9271694732886,17.969650268554688,102000,0.0,0.0
2021-07-19 00:00:00+08:00,17.884688257838604,18.097095489501953,17.58731942994077,18.097095489501953,133000,0.0,0.0
2021-07-20 00:00:00+08:00,17.799728440357196,18.012135693246716,17.6722827921925,17.757246017456055,78000,0.0,0.0
2021-07-21 00:00:00+08:00,17.79972685907305,17.79972685907305,17.50235640733764,17.714763641357422,105000,0.0,0.0
2021-07-22 00:00:00+08:00,17.714765215093642,18.012135693246716,17.714765215093642,17.757246017456055,72000,0.0,0.0
2021-07-23 00:00:00+08:00,17.757246017456055,17.927172467983162,17.6722827921925,17.757246017456055,66000,0.0,0.0
2021-07-26 00:00:00+08:00,17.799728440357196,17.84220924271961,17.757246017456055,17.757246017456055,87000,0.0,0.0
2021-07-27 00:00:00+08:00,17.79972685907305,17.84220765766157,17.629800423641793,17.714763641357422,81000,0.0,0.0
2021-07-28 00:00:00+08:00,17.672280382378744,17.714762799486934,17.289948351636113,17.502355575561523,108000,0.0,0.0
2021-07-29 00:00:00+08:00,17.41739135219102,17.672279357910156,17.41739135219102,17.672279357910156,101000,0.0,0.0
2021-07-30 00:00:00+08:00,17.544835355050587,17.672279357910156,17.502354560943537,17.672279357910156,52000,0.0,0.0
2021-08-02 00:00:00+08:00,17.67228122223031,17.714763641357422,17.54483720592616,17.714763641357422,25000,0.0,0.0
2021-08-03 00:00:00+08:00,17.67228241540059,17.842208862304688,17.587320812487246,17.842208862304688,125000,0.0,0.0
2021-08-04 00:00:00+08:00,17.842208862304688,17.842208862304688,17.62980161394392,17.842208862304688,114000,0.0,0.0
2021-08-05 00:00:00+08:00,17.757246017456055,17.84220924271961,17.714765215093642,17.757246017456055,29000,0.0,0.0
2021-08-06 00:00:00+08:00,17.714763641357422,17.79972685907305,17.587319625053272,17.714763641357422,87000,0.0,0.0
2021-08-09 00:00:00+08:00,17.587318420410156,17.757243223663828,17.459872792296803,17.587318420410156,86000,0.0,0.0
2021-08-10 00:00:00+08:00,17.58731987304273,17.58731987304273,17.289949417114258,17.289949417114258,116000,0.0,0.0
2021-08-11 00:00:00+08:00,17.332428671660537,17.45987267840408,16.69520701740435,17.204984664916992,290000,0.0,0.0
2021-08-12 00:00:00+08:00,17.204985363234613,17.204985363234613,16.82265170694732,17.07754135131836,96000,0.0,0.0
2021-08-13 00:00:00+08:00,17.077542815006545,17.077542815006545,16.695209125950058,16.78017234802246,137000,0.0,0.0
2021-08-16 00:00:00+08:00,16.56776499060175,16.652728212097184,16.142950503663243,16.44032096862793,190000,0.0,0.0
2021-08-17 00:00:00+08:00,16.44032096862793,16.44032096862793,16.44032096862793,16.44032096862793,0,0.0,0.0
2021-08-18 00:00:00+08:00,16.397838592529297,16.397838592529297,16.1854313484782,16.397838592529297,135000,0.0,0.0
2021-08-19 00:00:00+08:00,16.312876163124493,16.312876163124493,16.14294972829542,16.1854305267334,202000,0.0,0.0
2021-08-20 00:00:00+08:00,16.142948150634766,16.227911359745793,16.142948150634766,16.142948150634766,50000,0.0,0.0
2021-08-23 00:00:00+08:00,16.652728935230172,16.652728935230172,16.27039523216748,16.312877655029297,74000,0.0,0.0
2021-08-24 00:00:00+08:00,16.31287694665411,16.44032096862793,16.270394525637062,16.44032096862793,92000,0.0,0.0
2021-08-25 00:00:00+08:00,16.56776391111561,16.652727127075195,16.525283113405095,16.652727127075195,109000,0.0,0.0
2021-08-26 00:00:00+08:00,16.9076151544154,16.9076151544154,16.56776391111561,16.652727127075195,94000,0.0,0.0
2021-08-27 00:00:00+08:00,16.73768931919985,16.86513332507427,16.652726108437413,16.822650909423828,47000,0.0,0.0
2021-08-30 00:00:00+08:00,16.695206903549405,16.822650909423828,16.695206903549405,16.822650909423828,50000,0.0,0.0
2021-08-31 00:00:00+08:00,16.78017011431184,16.907614120186263,16.73768931919985,16.822650909423828,68000,0.0,0.0
2021-09-01 00:00:00+08:00,16.78017197269907,16.865135192871094,16.610245532355016,16.865135192871094,98000,0.0,0.0
2021-09-02 00:00:00+08:00,16.865135570094868,16.865135570094868,16.65272832518319,16.78017234802246,31000,0.0,0.0
2021-09-03 00:00:00+08:00,16.78017011431184,16.822650909423828,16.695206903549405,16.822650909423828,46000,0.0,0.0
2021-09-06 00:00:00+08:00,16.822651565461076,16.822651565461076,16.65272675784806,16.737689971923828,82000,0.0,0.0
2021-09-07 00:00:00+08:00,16.865134024396156,16.865134024396156,16.610244381539715,16.695207595825195,62000,0.0,0.0
2021-09-08 00:00:00+08:00,16.822651938455813,16.822651938455813,16.56776391111561,16.652727127075195,76000,0.0,0.0
2021-09-09 00:00:00+08:00,16.652726108437413,16.822650909423828,16.61024369278697,16.822650909423828,87000,0.0,0.0
2021-09-10 00:00:00+08:00,16.822650909423828,16.822650909423828,16.695206903549405,16.822650909423828,34000,0.0,0.0
2021-09-13 00:00:00+08:00,16.737690845142964,16.907615661621094,16.695208425619477,16.907615661621094,46000,0.0,0.0
2021-09-14 00:00:00+08:00,16.992578836595776,16.992578836595776,16.780171601138328,16.950098037719727,68000,0.0,0.0
2021-09-15 00:00:00+08:00,16.822652400014377,16.992578836595776,16.822652400014377,16.950098037719727,34000,0.0,0.0
2021-09-16 00:00:00+08:00,16.78017011431184,16.822650909423828,16.78017011431184,16.822650909423828,46000,0.0,0.0
2021-09-17 00:00:00+08:00,16.865134862636214,16.907615661621094,16.822652443112727,16.907615661621094,45000,0.0,0.0
2021-09-22 00:00:00+08:00,16.652727626634594,16.907615661621094,16.567764408126227,16.907615661621094,90000,0.0,0.0
2021-09-23 00:00:00+08:00,16.992578836595776,17.035059635471825,16.822652400014377,16.950098037719727,145000,0.0,0.0
2021-09-24 00:00:00+08:00,16.780171644127844,16.907615661621094,16.780171644127844,16.907615661621094,15000,0.0,0.0
2021-09-27 00:00:00+08:00,16.907615992687788,16.907615992687788,16.73769117288237,16.865135192871094,45000,0.0,0.0
2021-09-28 00:00:00+08:00,16.865135192871094,16.907615992687788,16.865135192871094,16.865135192871094,15000,0.0,0.0
2021-09-29 00:00:00+08:00,16.86513398276822,16.86513398276822,16.65272675784806,16.737689971923828,37000,0.0,0.0
2021-09-30 00:00:00+08:00,16.737690153535727,17.37491183521036,16.737690153535727,17.035058975219727,40000,0.0,0.0
2021-10-01 00:00:00+08:00,16.907615992687788,16.907615992687788,16.610245532355016,16.865135192871094,100000,0.0,0.0
2021-10-04 00:00:00+08:00,16.86513398276822,16.950097196843988,16.65272675784806,16.737689971923828,50000,0.0,0.0
2021-10-05 00:00:00+08:00,16.610244381539715,16.780170810110675,16.610244381539715,16.695207595825195,54000,0.0,0.0
2021-10-06 00:00:00+08:00,16.69520792478571,16.865134356704882,16.56776391111561,16.652727127075195,53000,0.0,0.0
2021-10-07 00:00:00+08:00,17.12002361577341,17.12002361577341,16.737691547255594,16.78017234802246,29000,0.0,0.0
2021-10-08 00:00:00+08:00,16.652726108437413,16.86513332507427,16.652726108437413,16.822650909423828,29000,0.0,0.0
2021-10-12 00:00:00+08:00,16.737691547255594,16.78017234802246,16.61024590387765,16.78017234802246,36000,0.0,0.0
2021-10-13 00:00:00+08:00,16.780171140745296,16.780171140745296,16.525283113405095,16.652727127075195,44000,0.0,0.0
2021-10-14 00:00:00+08:00,16.780171516614082,16.780171516614082,16.397837846501112,16.567764282226562,61000,0.0,0.0
2021-10-15 00:00:00+08:00,16.610244708826126,16.822651938455813,16.482800695156023,16.652727127075195,154000,0.0,0.0
2021-10-18 00:00:00+08:00,16.652728257713814,16.652728257713814,16.397838592529297,16.397838592529297,35000,0.0,0.0
2021-10-19 00:00:00+08:00,16.397837479196436,16.652727127075195,16.397837479196436,16.652727127075195,25000,0.0,0.0
2021-10-20 00:00:00+08:00,16.61024508088863,16.61024508088863,16.44032026570177,16.567764282226562,48000,0.0,0.0
2021-10-21 00:00:00+08:00,16.39783817386884,16.56776461298672,16.39783817386884,16.525283813476562,34000,0.0,0.0
2021-10-22 00:00:00+08:00,16.652727127075195,16.652727127075195,16.525283113405095,16.652727127075195,27000,0.0,0.0
2021-10-25 00:00:00+08:00,16.652727127075195,16.652727127075195,16.44031989744551,16.652727127075195,67000,0.0,0.0
2021-10-26 00:00:00+08:00,16.567765103110784,16.78017234802246,16.567765103110784,16.78017234802246,31000,0.0,0.0
2021-10-27 00:00:00+08:00,16.652727127075195,16.652727127075195,16.652727127075195,16.652727127075195,7000,0.0,0.0
2021-10-28 00:00:00+08:00,16.737689971923828,16.822651565461076,16.61024434054092,16.737689971923828,70000,0.0,0.0
2021-10-29 00:00:00+08:00,16.652727127075195,16.652727127075195,16.56776391111561,16.652727127075195,36000,0.0,0.0
2021-11-01 00:00:00+08:00,16.610244381539715,16.695207595825195,16.355356359221798,16.695207595825195,73000,0.0,0.0
2021-11-02 00:00:00+08:00,16.695207554616687,16.86513398276822,16.567763543772294,16.737689971923828,44000,0.0,0.0
2021-11-03 00:00:00+08:00,16.780170768692454,16.907614779536843,16.65272675784806,16.737689971923828,67000,0.0,0.0
2021-11-04 00:00:00+08:00,16.695207554616687,16.737689971923828,16.65272675784806,16.737689971923828,21000,0.0,0.0
2021-11-05 00:00:00+08:00,16.737690112695503,17.417392589941212,16.737690112695503,17.07754135131836,278000,0.0,0.0
2021-11-08 00:00:00+08:00,16.95009879216727,16.95009879216727,16.737691547255594,16.78017234802246,51000,0.0,0.0
2021-11-09 00:00:00+08:00,16.73769038550863,16.73769038550863,16.48280073698306,16.610244750976562,113000,0.0,0.0
2021-11-10 00:00:00+08:00,16.52528419012336,16.56776499060175,16.355357747132494,16.44032096862793,102000,0.0,0.0
2021-11-11 00:00:00+08:00,16.44032096862793,16.44032096862793,16.31287694665411,16.44032096862793,68000,0.0,0.0
2021-11-12 00:00:00+08:00,16.397838592529297,16.567765035985644,16.397838592529297,16.397838592529297,48000,0.0,0.0
2021-11-15 00:00:00+08:00,16.567765035985644,16.567765035985644,16.397838592529297,16.397838592529297,60000,0.0,0.0
2021-11-16 00:00:00+08:00,16.39783854761088,16.44032096862793,16.270394525637062,16.44032096862793,40000,0.0,0.0
2021-11-17 00:00:00+08:00,16.525282643518075,16.525282643518075,16.22791220638436,16.355356216430664,41000,0.0,0.0
2021-11-18 00:00:00+08:00,16.27039523216748,16.35535845735238,16.227914429844397,16.312877655029297,38000,0.0,0.0
2021-11-19 00:00:00+08:00,16.440321682537284,16.48280248486037,16.312877655029297,16.312877655029297,43000,0.0,0.0
2021-11-22 00:00:00+08:00,16.31287699133979,16.397838592529297,16.31287699133979,16.397838592529297,49000,0.0,0.0
2021-11-23 00:00:00+08:00,16.48280181425747,16.48280181425747,16.397838592529297,16.397838592529297,48000,0.0,0.0
2021-11-24 00:00:00+08:00,16.355357747132494,16.44032096862793,16.355357747132494,16.44032096862793,20000,0.0,0.0
2021-11-25 00:00:00+08:00,16.482800226476968,16.482800226476968,16.312875419928066,16.355356216430664,20000,0.0,0.0
2021-11-26 00:00:00+08:00,16.35535845735238,16.397839259675465,16.27039523216748,16.312877655029297,56000,0.0,0.0
2021-11-29 00:00:00+08:00,16.27039337158203,16.27039337158203,16.142949358647783,16.27039337158203,35000,0.0,0.0
2021-11-30 00:00:00+08:00,16.31287699133979,16.397838592529297,16.142950547883448,16.397838592529297,33000,0.0,0.0
2021-12-01 00:00:00+08:00,16.312875419928066,16.44031942997437,16.185429789343253,16.355356216430664,29000,0.0,0.0
2021-12-02 00:00:00+08:00,16.35535845735238,16.525284907722185,16.312877655029297,16.312877655029297,62000,0.0,0.0
2021-12-03 00:00:00+08:00,16.312875419928066,16.355356216430664,16.312875419928066,16.355356216430664,32000,0.0,0.0
2021-12-06 00:00:00+08:00,16.482800695156023,16.69520792478571,16.44031989744551,16.652727127075195,139000,0.0,0.0
2021-12-07 00:00:00+08:00,16.482800370380758,16.695207595825195,16.482800370380758,16.695207595825195,61000,0.0,0.0
2021-12-08 00:00:00+08:00,16.695207967151752,16.695207967151752,16.56776395315825,16.610244750976562,55000,0.0,0.0
2021-12-09 00:00:00+08:00,16.65272716933344,16.695207967151752,16.48280073698306,16.610244750976562,80000,0.0,0.0
2021-12-10 00:00:00+08:00,16.610244708826126,16.652727127075195,16.56776391111561,16.652727127075195,45000,0.0,0.0
2021-12-13 00:00:00+08:00,16.610244381539715,16.695207595825195,16.525282787792758,16.695207595825195,111000,0.0,0.0
2021-12-14 00:00:00+08:00,16.73769034303478,16.73769034303478,16.610244708826126,16.652727127075195,53000,0.0,0.0
2021-12-15 00:00:00+08:00,16.7376900132372,16.865134024396156,16.695207595825195,16.695207595825195,47000,0.0,0.0
2021-12-16 00:00:00+08:00,16.69520792478571,16.69520792478571,16.44031989744551,16.652727127075195,59000,0.0,0.0
2021-12-17 00:00:00+08:00,16.61024434054092,16.737689971923828,16.567763543772294,16.737689971923828,49000,0.0,0.0
2021-12-20 00:00:00+08:00,16.65272675784806,16.99257799361261,16.65272675784806,16.737689971923828,64000,0.0,0.0
2021-12-21 00:00:00+08:00,16.822652772515763,16.865135192871094,16.73769117288237,16.865135192871094,65000,0.0,0.0
2021-12-22 00:00:00+08:00,16.907614120186263,16.907614120186263,16.73768931919985,16.822650909423828,54000,0.0,0.0
2021-12-23 00:00:00+08:00,17.714763531378896,18.479429244995117,17.714763531378896,18.479429244995117,1542000,0.0,0.0
2021-12-24 00:00:00+08:00,18.86176189752692,19.32905713611879,17.884687383226385,17.927169799804688,1896000,0.0,0.0
2021-12-27 00:00:00+08:00,17.79972510590006,18.224539532097783,17.79972510590006,18.05461311340332,382000,0.0,0.0
2021-12-28 00:00:00+08:00,18.054615351672787,18.394466610655375,17.884688911912182,18.012134552001953,217000,0.0,0.0
2021-12-29 00:00:00+08:00,18.012132684359237,18.097094274891408,17.9271694732886,17.969650268554688,155000,0.0,0.0
2021-12-30 00:00:00+08:00,18.012132684359237,18.097094274891408,17.842206262217967,17.969650268554688,99000,0.0,0.0
2022-01-03 00:00:00+08:00,17.969652552926174,17.969652552926174,17.502357263441,17.884689331054688,177000,0.0,0.0
2022-01-04 00:00:00+08:00,17.884688456250093,17.927170875377204,17.714763641357422,17.714763641357422,56000,0.0,0.0
2022-01-05 00:00:00+08:00,17.757242566662672,18.139576195779796,17.502354560943537,17.672279357910156,120000,0.0,0.0
2022-01-06 00:00:00+08:00,17.672280011767754,17.672280011767754,17.544836004192877,17.587318420410156,96000,0.0,0.0
2022-01-07 00:00:00+08:00,17.672279357910156,17.714761772555626,17.544835355050587,17.672279357910156,130000,0.0,0.0
2022-01-10 00:00:00+08:00,17.672281026175252,18.182058706275008,17.672281026175252,18.097095489501953,214000,0.0,0.0
2022-01-11 00:00:00+08:00,18.182058706275008,18.182058706275008,17.927170676494416,18.097095489501953,226000,0.0,0.0
2022-01-12 00:00:00+08:00,18.22454112493082,18.22454112493082,17.757244242948307,18.097095489501953,229000,0.0,0.0
2022-01-13 00:00:00+08:00,18.09709390780772,18.18205711715495,17.92716910965169,18.05461311340332,128000,0.0,0.0
2022-01-14 00:00:00+08:00,18.01213231899892,18.05461311340332,17.884686694708858,18.05461311340332,121000,0.0,0.0
2022-01-17 00:00:00+08:00,18.097095489501953,18.182058706275008,17.884688257838604,18.097095489501953,170000,0.0,0.0
2022-01-18 00:00:00+08:00,18.012134552001953,18.13957857155309,18.012134552001953,18.012134552001953,69000,0.0,0.0
2022-01-19 00:00:00+08:00,17.884686694708858,18.09709390780772,17.884686694708858,18.05461311340332,62000,0.0,0.0
2022-01-20 00:00:00+08:00,18.054615774797664,18.054615774797664,17.79972772972187,17.884689331054688,87000,0.0,0.0
2022-01-21 00:00:00+08:00,17.75724530851679,17.927171752259767,17.629801285978896,17.884689331054688,80000,0.0,0.0
2022-01-24 00:00:00+08:00,17.629798563803107,17.757242566662672,17.45987214629807,17.672279357910156,147000,0.0,0.0
2022-01-25 00:00:00+08:00,17.629799216088955,17.629799216088955,17.417391996618004,17.587318420410156,69000,0.0,0.0
2022-01-26 00:00:00+08:00,17.544837576996205,17.62980079650879,17.459874357483617,17.62980079650879,96000,0.0,0.0
2022-02-07 00:00:00+08:00,17.502354683453962,18.309501120906585,17.502354683453962,18.05461311340332,119000,0.0,0.0
2022-02-08 00:00:00+08:00,18.139576690695957,18.139576690695957,17.969650268554688,17.969650268554688,91000,0.0,0.0
2022-02-09 00:00:00+08:00,18.012134552001953,18.012134552001953,17.969652131792486,18.012134552001953,66000,0.0,0.0
2022-02-10 00:00:00+08:00,18.01213231899892,18.05461311340332,17.842205900304457,18.05461311340332,174000,0.0,0.0
2022-02-11 00:00:00+08:00,18.05461469138471,18.22454112493082,17.84220745972136,18.097095489501953,157000,0.0,0.0
2022-02-14 00:00:00+08:00,18.09709657546407,18.09709657546407,17.884689331054688,17.884689331054688,26000,0.0,0.0
2022-02-15 00:00:00+08:00,17.884687383226385,17.927169799804688,17.884687383226385,17.927169799804688,13000,0.0,0.0
2022-02-16 00:00:00+08:00,17.969652131792486,18.012134552001953,17.884688911912182,18.012134552001953,47000,0.0,0.0
2022-02-17 00:00:00+08:00,17.927169799804688,18.012133012422797,17.884687383226385,17.927169799804688,51000,0.0,0.0
2022-02-18 00:00:00+08:00,17.842208112241345,18.012134552001953,17.842208112241345,18.012134552001953,27000,0.0,0.0
2022-02-21 00:00:00+08:00,17.9271694732886,18.012132684359237,17.842206262217967,17.969650268554688,70000,0.0,0.0
2022-02-22 00:00:00+08:00,17.842208862304688,17.842208862304688,17.67228241540059,17.842208862304688,39000,0.0,0.0
2022-02-23 00:00:00+08:00,17.884689331054688,18.09709657546407,17.714764507850383,17.884689331054688,30000,0.0,0.0
2022-02-24 00:00:00+08:00,17.672282354439588,17.884689602067656,17.459875106811523,17.459875106811523,389000,0.0,0.0
2022-02-25 00:00:00+08:00,17.502355248535586,17.587318460625944,17.45987283222117,17.544836044311523,51000,0.0,0.0
2022-03-01 00:00:00+08:00,17.6722827921925,17.799728440357196,17.544838764566535,17.757246017456055,38000,0.0,0.0
2022-03-02 00:00:00+08:00,17.757244815508358,17.757244815508358,17.587319997021808,17.62980079650879,43000,0.0,0.0
2022-03-03 00:00:00+08:00,17.672279357910156,17.672279357910156,17.544835355050587,17.672279357910156,20000,0.0,0.0
2022-03-04 00:00:00+08:00,17.502354560943537,17.714761772555626,17.502354560943537,17.672279357910156,38000,0.0,0.0
2022-03-07 00:00:00+08:00,17.50235786284274,17.50235786284274,17.24746818849909,17.417394638061523,111000,0.0,0.0
2022-03-08 00:00:00+08:00,17.332430089219972,17.332430089219972,16.69520838284763,16.950098037719727,153000,0.0,0.0
2022-03-09 00:00:00+08:00,17.162504236917954,17.162504236917954,16.397836939010304,17.12002182006836,90000,0.0,0.0
2022-03-10 00:00:00+08:00,17.37491226196289,17.41739306023584,17.24746662606689,17.37491226196289,20000,0.0,0.0
2022-03-11 00:00:00+08:00,17.077542881114322,17.204986904446937,17.035060459644335,17.162506103515625,35000,0.0,0.0
2022-03-14 00:00:00+08:00,16.992579658713023,17.162506103515625,16.992579658713023,17.162506103515625,34000,0.0,0.0
2022-03-15 00:00:00+08:00,16.992578177990165,17.120022190217384,16.822651747994847,17.035058975219727,107000,0.0,0.0
2022-03-16 00:00:00+08:00,17.035058975219727,17.035058975219727,16.907614962992508,17.035058975219727,33000,0.0,0.0
2022-03-17 00:00:00+08:00,17.07754135131836,17.07754135131836,16.907614921737665,17.07754135131836,96000,0.0,0.0
2022-03-18 00:00:00+08:00,16.992578177990165,17.035058975219727,16.992578177990165,17.035058975219727,29000,0.0,0.0
2022-03-21 00:00:00+08:00,16.992578177990165,17.035058975219727,16.950097380760607,17.035058975219727,78000,0.0,0.0
2022-03-22 00:00:00+08:00,16.907614962992508,17.035058975219727,16.865134165762946,17.035058975219727,79000,0.0,0.0
2022-03-23 00:00:00+08:00,17.035059635471825,17.035059635471825,16.822652400014377,16.950098037719727,100000,0.0,0.0
2022-03-24 00:00:00+08:00,16.950098037719727,16.992578836595776,16.822652400014377,16.950098037719727,145000,0.0,0.0
2022-03-25 00:00:00+08:00,16.950098413043122,16.992579212859816,16.865135192871094,16.865135192871094,126000,0.0,0.0
2022-03-28 00:00:00+08:00,16.865134862636214,16.992578880129464,16.695208425619477,16.907615661621094,47000,0.0,0.0
2022-03-29 00:00:00+08:00,16.907615289829664,16.992578506469727,16.907615289829664,16.992578506469727,26000,0.0,0.0
2022-03-30 00:00:00+08:00,16.992578506469727,16.992578506469727,16.907615289829664,16.992578506469727,120000,0.0,0.0
2022-03-31 00:00:00+08:00,16.992578506469727,17.07754172310979,16.992578506469727,16.992578506469727,213000,0.0,0.0
2022-04-01 00:00:00+08:00,17.1625065842566,18.0970971952338,17.12002416159663,17.417394638061523,609000,0.0,0.0
2022-04-06 00:00:00+08:00,17.332429843151363,17.41739306023584,17.20498582779394,17.37491226196289,165000,0.0,0.0
2022-04-07 00:00:00+08:00,17.374911087600697,17.50235509434424,17.204984664916992,17.204984664916992,135000,0.0,0.0
2022-04-08 00:00:00+08:00,17.289949044878416,17.45987385850879,17.289949044878416,17.37491226196289,69000,0.0,0.0
2022-04-11 00:00:00+08:00,17.714762578528656,18.05461380846261,17.459872940674323,17.927169799804688,516000,0.0,0.0
2022-04-12 00:00:00+08:00,18.479430663851023,19.711393356323242,18.012135364244987,19.711393356323242,4460000,0.0,0.0
2022-04-13 00:00:00+08:00,19.753872424046623,20.47605733139905,19.15913153080614,20.008760452270508,5320000,0.0,0.0
2022-04-14 00:00:00+08:00,20.263651649965073,20.900873389771906,19.498985886304606,20.093725204467773,3453000,0.0,0.0
2022-04-15 00:00:00+08:00,20.476057281893613,22.09035190466529,20.476057281893613,21.1982421875,8949000,0.0,0.0
2022-04-18 00:00:00+08:00,22.005390606068044,22.005390606068044,20.730947115903422,20.81591033935547,3452000,0.0,0.0
2022-04-19 00:00:00+08:00,20.51853784989171,20.645981862268474,19.711391357813202,20.476057052612305,2161000,0.0,0.0
2022-04-20 00:00:00+08:00,20.858389559730032,21.240723226013706,20.645982327469895,20.773427963256836,1273000,0.0,0.0
2022-04-21 00:00:00+08:00,20.64598333487459,21.240724262438324,19.711392763758226,20.178688049316406,1441000,0.0,0.0
2022-04-22 00:00:00+08:00,19.838836130058546,19.966280147316677,19.15913200378418,19.15913200378418,1092000,0.0,0.0
2022-04-25 00:00:00+08:00,18.564392577436543,18.564392577436543,17.41739318962201,17.714763641357422,1122000,0.0,0.0
2022-04-26 00:00:00+08:00,18.182058334350586,18.606872788987463,17.672280664678627,18.182058334350586,547000,0.0,0.0
2022-04-27 00:00:00+08:00,17.502356777509224,18.012134474046118,17.502356777509224,17.62980079650879,452000,0.0,0.0
2022-04-28 00:00:00+08:00,17.5448363721312,17.7997260131648,17.37491156531398,17.502355575561523,536000,0.0,0.0
2022-04-29 00:00:00+08:00,17.799725680582593,17.799725680582593,17.45987283222117,17.544836044311523,367000,0.0,0.0
2022-05-03 00:00:00+08:00,17.5448363721312,17.5448363721312,17.289948351636113,17.502355575561523,230000,0.0,0.0
2022-05-04 00:00:00+08:00,18.309504550861057,18.309504550861057,17.6722827921925,17.757246017456055,263000,0.0,0.0
2022-05-05 00:00:00+08:00,18.012135693246716,18.139579720872682,17.714765215093642,17.757246017456055,216000,0.0,0.0
2022-05-06 00:00:00+08:00,17.417394638061523,17.587321087623955,17.12002416159663,17.417394638061523,215000,0.0,0.0
2022-05-09 00:00:00+08:00,17.247465460318686,17.45987267840408,17.1625038695153,17.204984664916992,304000,0.0,0.0
2022-05-10 00:00:00+08:00,16.865133440088055,17.374911087600697,16.65272622200266,17.204984664916992,235000,0.0,0.0
2022-05-11 00:00:00+08:00,17.28995061115906,17.417394638061523,17.077543359475385,17.417394638061523,111000,0.0,0.0
2022-05-12 00:00:00+08:00,17.41739369318131,17.459874492998004,16.865135192871094,16.865135192871094,256000,0.0,0.0
2022-05-13 00:00:00+08:00,16.90761578503998,17.20498624172065,16.90761578503998,17.247467041015625,112000,0.0,0.0
2022-05-16 00:00:00+08:00,17.20498540521504,17.20498540521504,16.950097380760607,17.035058975219727,148000,0.0,0.0
2022-05-17 00:00:00+08:00,17.16250493974985,17.16250493974985,16.907615289829664,16.992578506469727,129000,0.0,0.0
2022-05-18 00:00:00+08:00,17.162505071815133,17.502356320451963,16.992578637227425,17.332429885864258,316000,0.0,0.0
2022-05-19 00:00:00+08:00,17.03506061155539,17.50235752866035,16.992579810245257,17.459875106811523,112000,0.0,0.0
2022-05-20 00:00:00+08:00,17.502355248535586,17.757243264268173,17.45987283222117,17.544836044311523,255000,0.0,0.0
2022-05-23 00:00:00+08:00,17.587319625053272,17.757244439945943,17.50235640733764,17.714763641357422,217000,0.0,0.0
2022-05-24 00:00:00+08:00,17.71476420892118,18.39446673134605,17.71476420892118,18.351985931396484,515000,0.0,0.0
2022-05-25 00:00:00+08:00,18.0847212693889,18.396527160076033,17.817460048345872,18.040178298950195,388000,1.0,0.0
2022-05-26 00:00:00+08:00,18.084723052260706,18.084723052260706,17.90654945373535,17.90654945373535,99000,0.0,0.0
2022-05-27 00:00:00+08:00,17.951090968033153,18.04017860965029,17.817460355210166,17.862003326416016,197000,0.0,0.0
2022-05-30 00:00:00+08:00,17.862004779699834,17.995637102600814,17.77291883003994,17.90654945373535,154000,0.0,0.0
2022-05-31 00:00:00+08:00,17.90655024089506,18.040180870464784,17.86200556490139,17.995637893676758,90000,0.0,0.0
2022-06-01 00:00:00+08:00,17.951091450864933,18.17380971129553,17.951091450864933,18.1292667388916,114000,0.0,0.0
2022-06-02 00:00:00+08:00,18.57470466366605,18.619247639436626,18.21835575988463,18.30744171142578,93000,0.0,0.0
2022-06-06 00:00:00+08:00,18.218354837880906,18.218354837880906,18.0847225189209,18.0847225189209,72000,0.0,0.0
2022-06-07 00:00:00+08:00,17.995636438749706,18.084722385123257,17.951091766357422,17.951091766357422,100000,0.0,0.0
2022-06-08 00:00:00+08:00,17.995637893676758,17.995637893676758,17.86200556490139,17.995637893676758,132000,0.0,0.0
2022-06-09 00:00:00+08:00,18.040180261788624,19.020141010912088,18.040180261788624,18.619247436523438,432000,0.0,0.0
2022-06-10 00:00:00+08:00,18.619247112605567,19.06468365453013,18.530159464379544,18.797422409057617,208000,0.0,0.0
2022-06-13 00:00:00+08:00,18.53015899658203,18.708334288536008,18.396528377219305,18.53015899658203,214000,0.0,0.0
2022-06-14 00:00:00+08:00,18.35198513613254,18.35198513613254,18.08472220210015,18.262897491455078,99000,0.0,0.0
2022-06-15 00:00:00+08:00,18.262897312833985,18.619246188853065,18.173809669027847,18.574703216552734,158000,0.0,0.0
2022-06-16 00:00:00+08:00,18.57470353468245,18.88650944374151,18.351985270955335,18.396528244018555,183000,0.0,0.0
2022-06-17 00:00:00+08:00,18.35198513613254,18.35198513613254,17.995636256628174,18.262897491455078,93000,0.0,0.0
2022-06-20 00:00:00+08:00,17.99563662730988,18.040179600963384,17.639286041259766,17.639286041259766,147000,0.0,0.0
2022-06-21 00:00:00+08:00,17.817460877974177,17.817460877974177,17.461112000255792,17.68383026123047,146000,0.0,0.0
2022-06-22 00:00:00+08:00,17.55020150759075,17.63928746207347,17.015677284666108,17.104764938354492,286000,0.0,0.0
2022-06-23 00:00:00+08:00,17.104762683613817,17.104762683613817,16.92658739972402,16.97113037109375,83000,0.0,0.0
2022-06-24 00:00:00+08:00,16.92658709241198,17.32748062428285,16.92658709241198,17.14930534362793,87000,0.0,0.0
2022-06-27 00:00:00+08:00,17.193848008444494,17.32748031616211,17.015674430163298,17.32748031616211,117000,0.0,0.0
2022-06-28 00:00:00+08:00,17.416567373283545,17.416567373283545,17.149306139109488,17.238393783569336,72000,0.0,0.0
2022-06-29 00:00:00+08:00,17.149306993336257,17.149306993336257,16.792958096952205,16.88204574584961,182000,0.0,0.0
2022-06-30 00:00:00+08:00,16.926588441049898,16.926588441049898,16.21389066005633,16.302976608276367,191000,0.0,0.0
2022-07-01 00:00:00+08:00,16.39206371086291,16.39206371086291,15.456647691999494,15.768453598022461,561000,0.0,0.0
2022-07-04 00:00:00+08:00,15.768453598022461,16.03571483221044,15.501190664628997,15.768453598022461,86000,0.0,0.0
2022-07-05 00:00:00+08:00,15.857540130615234,15.902084804100074,15.590278886528397,15.857540130615234,67000,0.0,0.0
2022-07-06 00:00:00+08:00,16.213890284729914,16.213890284729914,15.679366111755371,15.679366111755371,80000,0.0,0.0
2022-07-07 00:00:00+08:00,15.679366866352199,16.03571576574997,15.679366866352199,15.991172790527344,59000,0.0,0.0
2022-07-08 00:00:00+08:00,16.124802086528696,16.21388972883767,15.991171472667954,16.080257415771484,38000,0.0,0.0
2022-07-11 00:00:00+08:00,15.9466275885565,16.16934585571289,15.9466275885565,16.16934585571289,17000,0.0,0.0
2022-07-12 00:00:00+08:00,15.857539037206767,15.857539037206767,15.501190169926753,15.723908424377441,122000,0.0,0.0
2022-07-13 00:00:00+08:00,16.03571444421972,16.21388972883767,15.857539159601767,16.080257415771484,27000,0.0,0.0
2022-07-14 00:00:00+08:00,16.080257415771484,16.124802086528696,15.81299618805,16.080257415771484,19000,0.0,0.0
2022-07-15 00:00:00+08:00,16.035715235260163,16.213890528667488,15.991172261511096,16.16934585571289,59000,0.0,0.0
2022-07-18 00:00:00+08:00,16.080257415771484,16.169345058080463,16.080257415771484,16.080257415771484,19000,0.0,0.0
2022-07-19 00:00:00+08:00,16.124802086528696,16.302975671941205,16.080257415771484,16.080257415771484,94000,0.0,0.0
2022-07-20 00:00:00+08:00,16.34752069240295,16.34752069240295,16.12480243146886,16.213890075683594,57000,0.0,0.0
2022-07-21 00:00:00+08:00,16.12480177700999,16.258432388305664,16.080257107107823,16.258432388305664,42000,0.0,0.0
2022-07-22 00:00:00+08:00,16.213890075683594,16.213890075683594,16.12480243146886,16.213890075683594,18000,0.0,0.0
2022-07-25 00:00:00+08:00,16.12480177700999,16.258432388305664,16.12480177700999,16.258432388305664,11000,0.0,0.0
2022-07-26 00:00:00+08:00,16.258433048188216,16.258433048188216,16.12480243146886,16.213890075683594,28000,0.0,0.0
2022-07-27 00:00:00+08:00,16.12480243146886,16.302976020692842,16.080257759758755,16.213890075683594,45000,0.0,0.0
2022-07-28 00:00:00+08:00,16.2138914439579,16.48115269995052,16.2138914439579,16.392065048217773,53000,0.0,0.0
2022-07-29 00:00:00+08:00,16.52569487723755,16.57023955055311,16.302976608276367,16.302976608276367,35000,0.0,0.0
2022-08-01 00:00:00+08:00,16.302976608276367,16.436608929017513,16.258433634166348,16.302976608276367,39000,0.0,0.0
2022-08-02 00:00:00+08:00,16.302975216173657,16.302975216173657,16.035713995923754,16.124801635742188,64000,0.0,0.0
2022-08-03 00:00:00+08:00,16.035715235260163,16.16934585571289,16.035715235260163,16.16934585571289,39000,0.0,0.0
2022-08-04 00:00:00+08:00,16.124801635742188,16.124801635742188,15.991171025617236,16.124801635742188,58000,0.0,0.0
2022-08-05 00:00:00+08:00,16.16934585571289,16.258433502416555,16.08025820900923,16.16934585571289,120000,0.0,0.0
2022-08-08 00:00:00+08:00,15.768453216498235,16.080257415771484,15.768453216498235,16.080257415771484,47000,0.0,0.0
2022-08-09 00:00:00+08:00,16.035715235260163,16.16934585571289,15.902084614807434,16.16934585571289,34000,0.0,0.0
2022-08-10 00:00:00+08:00,16.124802881963824,16.213890528667488,16.124802881963824,16.16934585571289,38000,0.0,0.0
2022-08-11 00:00:00+08:00,16.21388911312768,16.481150330700125,16.21388911312768,16.436607360839844,74000,0.0,0.0
2022-08-12 00:00:00+08:00,16.48115269995052,16.48115269995052,16.302977396485023,16.392065048217773,82000,0.0,0.0
2022-08-15 00:00:00+08:00,16.392062691774182,16.481150330700125,16.3475197219139,16.436607360839844,30000,0.0,0.0
2022-08-16 00:00:00+08:00,16.436608607571642,16.525694554049455,16.392063935127226,16.481151580810547,34000,0.0,0.0
2022-08-17 00:00:00+08:00,16.525693860574695,17.104762683613817,16.436607917835236,16.97113037109375,131000,0.0,0.0
2022-08-18 00:00:00+08:00,16.926589099187733,17.372025654429518,16.748413797408777,17.28293800354004,66000,0.0,0.0
2022-08-19 00:00:00+08:00,17.193849111736668,17.461112045116213,17.06021849464964,17.238393783569336,32000,0.0,0.0
2022-08-22 00:00:00+08:00,17.282937677654914,17.505655951076257,17.282937677654914,17.46111297607422,33000,0.0,0.0
2022-08-23 00:00:00+08:00,17.372025326864566,17.728374224497596,17.238394702652876,17.46111297607422,83000,0.0,0.0
2022-08-24 00:00:00+08:00,17.505655951076257,17.639286575287944,17.282937677654914,17.46111297607422,31000,0.0,0.0
2022-08-25 00:00:00+08:00,17.461111865125467,17.59474248083502,17.372024221583942,17.550199508666992,65000,0.0,0.0
2022-08-26 00:00:00+08:00,17.594744059169763,17.594744059169763,17.416568756103516,17.416568756103516,39000,0.0,0.0
2022-08-29 00:00:00+08:00,17.104764938354492,17.238395569284236,16.926589630977723,17.104764938354492,63000,0.0,0.0
2022-08-30 00:00:00+08:00,17.14930627284906,17.372024536132812,17.10476329987451,17.372024536132812,30000,0.0,0.0
2022-08-31 00:00:00+08:00,17.104762068906584,17.372023285931064,17.104762068906584,17.32748031616211,121000,0.0,0.0
2022-09-01 00:00:00+08:00,17.23839298395539,17.416566565404903,17.14930534362793,17.14930534362793,44000,0.0,0.0
2022-09-02 00:00:00+08:00,17.238393783569336,17.327481428029184,17.238393783569336,17.238393783569336,56000,0.0,0.0
2022-09-05 00:00:00+08:00,17.238392840426016,17.372023450201873,17.015674591064453,17.015674591064453,47000,0.0,0.0
2022-09-06 00:00:00+08:00,17.550198875498797,17.550198875498797,16.837499452084522,17.14930534362793,30000,0.0,0.0
2022-09-07 00:00:00+08:00,17.104764938354492,17.104764938354492,16.926589630977723,17.104764938354492,7000,0.0,0.0
2022-09-08 00:00:00+08:00,17.104763483693915,17.104763483693915,17.015675837581917,17.060218811035156,43000,0.0,0.0
2022-09-12 00:00:00+08:00,17.104763483693915,17.104763483693915,16.971131164923158,17.060218811035156,99000,0.0,0.0
2022-09-13 00:00:00+08:00,17.015674591064453,17.14930520084031,17.015674591064453,17.015674591064453,95000,0.0,0.0
2022-09-14 00:00:00+08:00,16.837499311893044,17.015674591064453,16.79295634170289,17.015674591064453,83000,0.0,0.0
2022-09-15 00:00:00+08:00,17.015675703883684,17.015675703883684,16.88204508536843,16.92658805847168,51000,0.0,0.0
2022-09-16 00:00:00+08:00,16.837499311893044,17.015674591064453,16.79295634170289,17.015674591064453,39000,0.0,0.0
2022-09-19 00:00:00+08:00,16.88204574584961,16.926588720695527,16.748413422900715,16.88204574584961,70000,0.0,0.0
2022-09-20 00:00:00+08:00,16.837499618530273,16.88204428873705,16.703869006320794,16.837499618530273,82000,0.0,0.0
2022-09-21 00:00:00+08:00,16.837500733042543,16.837500733042543,16.703870111987747,16.7484130859375,23000,0.0,0.0
2022-09-22 00:00:00+08:00,16.926588380147585,16.926588380147585,16.703870111987747,16.7484130859375,17000,0.0,0.0
2022-09-23 00:00:00+08:00,16.703869525731154,16.748412498117577,16.48115126538807,16.659326553344727,100000,0.0,0.0
2022-09-26 00:00:00+08:00,16.392064122869282,16.392064122869282,16.035715235260163,16.16934585571289,118000,0.0,0.0
2022-09-27 00:00:00+08:00,16.124802881963824,16.16934585571289,15.991172261511096,16.16934585571289,57000,0.0,0.0
2022-09-28 00:00:00+08:00,16.169344933278815,16.169344933278815,15.679365453169476,15.723908424377441,87000,0.0,0.0
2022-09-29 00:00:00+08:00,15.723909084834288,15.768453757118712,15.590278466392029,15.679366111755371,63000,0.0,0.0
2022-09-30 00:00:00+08:00,15.590278309093485,15.768453598022461,15.545735336463983,15.768453598022461,40000,0.0,0.0
2022-10-03 00:00:00+08:00,15.768452617703351,16.481150330700125,15.768452617703351,16.436607360839844,49000,0.0,0.0
2022-10-04 00:00:00+08:00,16.570240020751953,16.570240020751953,16.481152370798412,16.570240020751953,30000,0.0,0.0
2022-10-05 00:00:00+08:00,16.659326553344727,16.748412498117577,16.614781881752826,16.659326553344727,24000,0.0,0.0
2022-10-06 00:00:00+08:00,16.70386979454442,17.015675703883684,16.70386979454442,16.92658805847168,40000,0.0,0.0
2022-10-07 00:00:00+08:00,16.837500733042543,16.926588380147585,16.570239490932952,16.7484130859375,25000,0.0,0.0
2022-10-11 00:00:00+08:00,16.570237969626067,16.570237969626067,16.30297505284824,16.436607360839844,75000,0.0,0.0
2022-10-12 00:00:00+08:00,16.392063801121836,16.392063801121836,16.34752082824707,16.34752082824707,4000,0.0,0.0
2022-10-13 00:00:00+08:00,16.30297553013897,16.30297553013897,15.85753902167391,15.946626663208008,119000,0.0,0.0
2022-10-14 00:00:00+08:00,16.035714304742108,16.035714304742108,15.812996050509577,15.946626663208008,197000,0.0,0.0
2022-10-17 00:00:00+08:00,15.679365299128055,15.857538881414884,15.679365299128055,15.812995910644531,60000,0.0,0.0
2022-10-18 00:00:00+08:00,15.812995910644531,15.812995910644531,15.768452939874178,15.812995910644531,61000,0.0,0.0
2022-10-19 00:00:00+08:00,15.723910003127939,15.991172954826412,15.723910003127939,15.902085304260254,18000,0.0,0.0
2022-10-20 00:00:00+08:00,15.768452939874178,15.812995910644531,15.768452939874178,15.812995910644531,39000,0.0,0.0
2022-10-21 00:00:00+08:00,15.902084804100074,15.902084804100074,15.812997156335944,15.857540130615234,8000,0.0,0.0
2022-10-24 00:00:00+08:00,15.768454182056656,15.946627778379364,15.768454182056656,15.857540130615234,44000,0.0,0.0
2022-10-25 00:00:00+08:00,15.857538881414884,15.857538881414884,15.679365299128055,15.812995910644531,14000,0.0,0.0
2022-10-26 00:00:00+08:00,15.812995910644531,15.857538881414884,15.768452939874178,15.812995910644531,47000,0.0,0.0
2022-10-27 00:00:00+08:00,15.812997156335944,15.902084804100074,15.723909508571817,15.857540130615234,48000,0.0,0.0
2022-10-28 00:00:00+08:00,15.857538881414884,15.857538881414884,15.768452939874178,15.812995910644531,67000,0.0,0.0
2022-10-31 00:00:00+08:00,15.812996050509577,15.946626663208008,15.768453079345242,15.946626663208008,40000,0.0,0.0
2022-11-01 00:00:00+08:00,15.94662635610532,16.302975216173657,15.94662635610532,16.124801635742188,36000,0.0,0.0
2022-11-02 00:00:00+08:00,16.124802749119127,16.169345722501223,16.035715103149414,16.035715103149414,13000,0.0,0.0
2022-11-03 00:00:00+08:00,16.035715103149414,16.169345722501223,15.946627457179703,16.035715103149414,34000,0.0,0.0
2022-11-04 00:00:00+08:00,16.03571576574997,16.03571576574997,15.857540466448292,15.991172790527344,32000,0.0,0.0
2022-11-07 00:00:00+08:00,16.035715103149414,16.035715103149414,15.946627457179703,16.035715103149414,28000,0.0,0.0
2022-11-08 00:00:00+08:00,16.08025696623027,16.302975216173657,16.08025696623027,16.124801635742188,22000,0.0,0.0
2022-11-09 00:00:00+08:00,16.213890528667488,16.213890528667488,16.08025820900923,16.16934585571289,53000,0.0,0.0
2022-11-10 00:00:00+08:00,16.12480341540081,16.12480341540081,15.812997491225666,15.991172790527344,30000,0.0,0.0
2022-11-11 00:00:00+08:00,16.43660798500739,16.43660798500739,16.03571444421972,16.080257415771484,35000,0.0,0.0
2022-11-14 00:00:00+08:00,16.080257107107823,16.30297535900242,16.080257107107823,16.258432388305664,32000,0.0,0.0
2022-11-15 00:00:00+08:00,16.392063801121836,16.481151446076865,16.25843318329204,16.34752082824707,65000,0.0,0.0
2022-11-16 00:00:00+08:00,16.169345058080463,16.258432700389438,16.03571444421972,16.080257415771484,130000,0.0,0.0
2022-11-17 00:00:00+08:00,16.258432245867137,16.258432245867137,16.124801635742188,16.124801635742188,13000,0.0,0.0
2022-11-18 00:00:00+08:00,16.258432245867137,16.258432245867137,16.08025696623027,16.124801635742188,23000,0.0,0.0
2022-11-21 00:00:00+08:00,16.124801635742188,16.124801635742188,16.08025696623027,16.124801635742188,23000,0.0,0.0
2022-11-22 00:00:00+08:00,16.124802086528696,16.124802086528696,15.991171472667954,16.080257415771484,16000,0.0,0.0
2022-11-23 00:00:00+08:00,15.991171025617236,16.124801635742188,15.991171025617236,16.124801635742188,70000,0.0,0.0
2022-11-24 00:00:00+08:00,16.08025696623027,16.124801635742188,16.035713995923754,16.124801635742188,19000,0.0,0.0
2022-11-25 00:00:00+08:00,16.169345722501223,16.169345722501223,15.991172129767316,16.035715103149414,32000,0.0,0.0
2022-11-28 00:00:00+08:00,16.03571444421972,16.124802086528696,16.03571444421972,16.080257415771484,63000,0.0,0.0
2022-11-29 00:00:00+08:00,16.080258339315186,16.34752128159193,16.080258339315186,16.302976608276367,47000,0.0,0.0
2022-11-30 00:00:00+08:00,16.39206299960134,16.52569361089702,16.21388941760891,16.258432388305664,62000,0.0,0.0
2022-12-01 00:00:00+08:00,16.302976239793153,17.461112231738202,16.302976239793153,16.92658805847168,348000,0.0,0.0
2022-12-02 00:00:00+08:00,17.19385089283721,17.37202620021398,17.015677284666108,17.104764938354492,131000,0.0,0.0
2022-12-05 00:00:00+08:00,17.193848626353276,17.193848626353276,16.97113037109375,16.97113037109375,57000,0.0,0.0
2022-12-06 00:00:00+08:00,16.92658709241198,17.14930534362793,16.92658709241198,17.14930534362793,86000,0.0,0.0
2022-12-07 00:00:00+08:00,17.149306589800844,17.193849563598633,17.10476361600305,17.193849563598633,50000,0.0,0.0
2022-12-08 00:00:00+08:00,17.015675837581917,17.193849430600395,16.971131164923158,17.060218811035156,26000,0.0,0.0
2022-12-09 00:00:00+08:00,17.060218540805323,17.060218540805323,16.748412633955024,16.792957305908203,148000,0.0,0.0
2022-12-12 00:00:00+08:00,16.570238092341327,17.104762230650156,16.570238092341327,17.015674591064453,24000,0.0,0.0
2022-12-13 00:00:00+08:00,16.748413422900715,16.926588720695527,16.65932747320888,16.88204574584961,94000,0.0,0.0
2022-12-14 00:00:00+08:00,17.015675969201943,17.327481883403063,16.97113129619862,17.193849563598633,111000,0.0,0.0
2022-12-15 00:00:00+08:00,17.193849563598633,17.327481883403063,17.10476361600305,17.193849563598633,73000,0.0,0.0
2022-12-16 00:00:00+08:00,17.19385089283721,17.19385089283721,17.015677284666108,17.104764938354492,17000,0.0,0.0
2022-12-19 00:00:00+08:00,17.060220261907467,17.104764938354492,17.060220261907467,17.104764938354492,12000,0.0,0.0
2022-12-20 00:00:00+08:00,17.104763349295688,17.104763349295688,16.92658805847168,16.92658805847168,11000,0.0,0.0
2022-12-21 00:00:00+08:00,17.015674591064453,17.14930520084031,17.015674591064453,17.015674591064453,13000,0.0,0.0
2022-12-22 00:00:00+08:00,17.015675837581917,17.060218811035156,16.926588191469918,17.060218811035156,15000,0.0,0.0
2022-12-23 00:00:00+08:00,17.060218811035156,17.060218811035156,17.060218811035156,17.060218811035156,8000,0.0,0.0
2022-12-26 00:00:00+08:00,16.83749975777912,16.97113037109375,16.83749975777912,16.97113037109375,11000,0.0,0.0
2022-12-27 00:00:00+08:00,17.193848171030467,17.193848171030467,16.926586951478747,17.015674591064453,17000,0.0,0.0
2022-12-28 00:00:00+08:00,17.015674591064453,17.015674591064453,16.79295634170289,17.015674591064453,24000,0.0,0.0
2022-12-29 00:00:00+08:00,16.79295634170289,17.015674591064453,16.79295634170289,17.015674591064453,10000,0.0,0.0
2022-12-30 00:00:00+08:00,17.015675041668917,17.015675041668917,16.83749975777912,16.97113037109375,10000,0.0,0.0
2023-01-03 00:00:00+08:00,16.971129921668904,17.015674591064453,16.79295634170289,17.015674591064453,11000,0.0,0.0
2023-01-04 00:00:00+08:00,16.792958096952205,16.88204574584961,16.792958096952205,16.88204574584961,16000,0.0,0.0
2023-01-05 00:00:00+08:00,17.015676369592935,17.015676369592935,16.88204574584961,16.88204574584961,6000,0.0,0.0
2023-01-06 00:00:00+08:00,16.971131031574927,17.104763349295688,16.88204508536843,16.92658805847168,17000,0.0,0.0
2023-01-09 00:00:00+08:00,16.837500413059676,17.060218676986935,16.837500413059676,16.92658805847168,32000,0.0,0.0
2023-01-10 00:00:00+08:00,16.88204508536843,16.971131031574927,16.88204508536843,16.92658805847168,36000,0.0,0.0
2023-01-11 00:00:00+08:00,16.88204508536843,17.060218676986935,16.837500413059676,16.92658805847168,16000,0.0,0.0
2023-01-12 00:00:00+08:00,17.060218676986935,17.060218676986935,16.88204508536843,16.92658805847168,25000,0.0,0.0
2023-01-13 00:00:00+08:00,16.971129921668904,17.060217561254607,16.971129921668904,17.015674591064453,38000,0.0,0.0
2023-01-16 00:00:00+08:00,17.10476356059564,17.817461334284822,17.01567591408311,17.639286041259766,419000,0.0,0.0
2023-01-17 00:00:00+08:00,17.817462057552376,18.75287813589164,17.55020080637133,18.173810958862305,903000,0.0,0.0
2023-01-30 00:00:00+08:00,18.17380971129553,18.218354382904934,17.8620038068516,18.1292667388916,222000,0.0,0.0
2023-01-31 00:00:00+08:00,18.129268109137875,18.70833529018338,18.04018045839112,18.30744171142578,361000,0.0,0.0
2023-02-01 00:00:00+08:00,18.30744171142578,18.35198638640196,17.995637482620545,18.30744171142578,67000,0.0,0.0
2023-02-02 00:00:00+08:00,18.307439519993224,18.307439519993224,18.040178298950195,18.040178298950195,40000,0.0,0.0
2023-02-03 00:00:00+08:00,18.040179545404577,18.218354837880906,17.995636571888255,18.0847225189209,46000,0.0,0.0
2023-02-06 00:00:00+08:00,18.040178298950195,18.040178298950195,17.951090658867386,18.040178298950195,39000,0.0,0.0
2023-02-07 00:00:00+08:00,18.040179545404577,18.30744078491355,17.995636571888255,18.0847225189209,62000,0.0,0.0
2023-02-08 00:00:00+08:00,18.04017941193648,18.04017941193648,17.951091766357422,17.951091766357422,41000,0.0,0.0
2023-02-09 00:00:00+08:00,17.951091766357422,18.04017941193648,17.951091766357422,17.951091766357422,45000,0.0,0.0
2023-02-10 00:00:00+08:00,17.99563630361408,18.040179276466368,17.68383039603159,17.817461013793945,60000,0.0,0.0
2023-02-13 00:00:00+08:00,17.639286041259766,17.817461334284822,17.55020009395276,17.639286041259766,149000,0.0,0.0
2023-02-14 00:00:00+08:00,17.683829742387175,17.9065479968273,17.683829742387175,17.862003326416016,35000,0.0,0.0
2023-02-15 00:00:00+08:00,18.040179276466368,18.040179276466368,17.772918040941658,17.817461013793945,24000,0.0,0.0
2023-02-16 00:00:00+08:00,17.90654945373535,17.951092428565296,17.90654945373535,17.90654945373535,83000,0.0,0.0
2023-02-17 00:00:00+08:00,17.995637893676758,18.12926852324648,17.951093217683088,17.995637893676758,128000,0.0,0.0
2023-02-20 00:00:00+08:00,18.04017941193648,18.084722385123257,17.951091766357422,17.951091766357422,54000,0.0,0.0
2023-02-21 00:00:00+08:00,17.951091766357422,18.084722385123257,17.906548793170646,17.951091766357422,92000,0.0,0.0
2023-02-22 00:00:00+08:00,17.862003712254122,17.951091355795647,17.372024221583942,17.550199508666992,456000,0.0,0.0
2023-02-23 00:00:00+08:00,17.55020009395276,17.728373687772294,17.461112447440232,17.639286041259766,133000,0.0,0.0
2023-02-24 00:00:00+08:00,18.886508330928788,18.93105130136749,17.951090658867386,18.040178298950195,1438000,0.0,0.0
2023-03-01 00:00:00+08:00,18.12926852324648,18.173811500034503,17.995637893676758,17.995637893676758,333000,0.0,0.0
2023-03-02 00:00:00+08:00,18.2628982828585,18.351985931396484,18.173810634320517,18.351985931396484,293000,0.0,0.0
2023-03-03 00:00:00+08:00,18.485614488014484,18.485614488014484,18.17380860259244,18.218353271484375,244000,0.0,0.0
2023-03-06 00:00:00+08:00,18.351986059820643,18.61924730809928,18.351986059820643,18.48561668395996,296000,0.0,0.0
2023-03-07 00:00:00+08:00,18.53015840793072,18.57470307910691,18.396527792813064,18.441072463989258,166000,0.0,0.0
2023-03-08 00:00:00+08:00,18.44107304981056,18.61924664255902,18.44107304981056,18.53015899658203,166000,0.0,0.0
2023-03-09 00:00:00+08:00,18.61924664255902,18.61924664255902,18.53015899658203,18.53015899658203,188000,0.0,0.0
2023-03-10 00:00:00+08:00,18.53015899658203,18.53015899658203,18.396528377219305,18.53015899658203,122000,0.0,0.0
2023-03-13 00:00:00+08:00,18.530158862413725,18.530158862413725,18.218354652560166,18.396528244018555,157000,0.0,0.0
2023-03-14 00:00:00+08:00,18.53015840793072,18.53015840793072,18.441072463989258,18.441072463989258,121000,0.0,0.0
2023-03-15 00:00:00+08:00,18.619246507745668,18.619246507745668,18.396528244018555,18.396528244018555,90000,0.0,0.0
2023-03-16 00:00:00+08:00,18.39652810886853,18.39652810886853,18.262897491455078,18.262897491455078,98000,0.0,0.0
2023-03-17 00:00:00+08:00,18.351985270955335,18.530158862413725,18.307440598686608,18.396528244018555,86000,0.0,0.0
2023-03-20 00:00:00+08:00,18.485615889350502,18.619246507745668,18.396528244018555,18.396528244018555,251000,0.0,0.0
2023-03-21 00:00:00+08:00,18.441073708982046,18.530159658937873,18.396529034798554,18.48561668395996,102000,0.0,0.0
2023-03-22 00:00:00+08:00,18.53015899658203,18.53015899658203,18.44107304981056,18.53015899658203,99000,0.0,0.0
2023-03-23 00:00:00+08:00,18.530158545046927,18.619246188853065,18.530158545046927,18.574703216552734,94000,0.0,0.0
2023-03-24 00:00:00+08:00,18.574704461238294,18.66379211101417,18.574704461238294,18.619247436523438,94000,0.0,0.0
2023-03-27 00:00:00+08:00,18.663790860358873,18.663790860358873,18.530158545046927,18.574703216552734,133000,0.0,0.0
2023-03-28 00:00:00+08:00,18.61924730809928,18.61924730809928,18.441073708982046,18.48561668395996,75000,0.0,0.0
2023-03-29 00:00:00+08:00,18.61924664255902,18.61924664255902,18.53015899658203,18.53015899658203,77000,0.0,0.0
2023-03-30 00:00:00+08:00,18.574703485595634,19.242858275011265,18.574703485595634,18.841964721679688,581000,0.0,0.0
2023-03-31 00:00:00+08:00,18.886509527720598,19.06468311997124,18.663791263003166,18.975595474243164,186000,0.0,0.0
2023-04-06 00:00:00+08:00,19.064684578230878,19.1092292541049,18.886510972351722,19.0201416015625,215000,0.0,0.0
2023-04-07 00:00:00+08:00,19.064682006835938,19.109226676701887,19.020139036175397,19.064682006835938,145000,0.0,0.0
2023-04-10 00:00:00+08:00,19.064682006835938,19.064682006835938,19.020139036175397,19.064682006835938,70000,0.0,0.0
2023-04-11 00:00:00+08:00,19.020139556493035,19.020139556493035,18.84196427056587,18.88650894165039,198000,0.0,0.0
2023-04-12 00:00:00+08:00,18.88651005728364,18.931053031793873,18.752877735341826,18.797422409057617,212000,0.0,0.0
2023-04-13 00:00:00+08:00,18.79742273607519,18.79742273607519,18.619247436523438,18.619247436523438,258000,0.0,0.0
2023-04-14 00:00:00+08:00,18.663790996490988,18.797421613572148,18.663790996490988,18.70833396911621,88000,0.0,0.0
2023-04-17 00:00:00+08:00,18.708334760831594,18.975596006304105,18.708334760831594,18.797422409057617,101000,0.0,0.0
2023-04-18 00:00:00+08:00,18.975594885408515,19.020139556493035,18.88650894165039,18.88650894165039,54000,0.0,0.0
2023-04-19 00:00:00+08:00,18.752876627602287,18.931051913529455,18.752876627602287,18.88650894165039,90000,0.0,0.0
2023-04-20 00:00:00+08:00,18.886509393830696,18.886509393830696,18.75287707658317,18.841964721679688,42000,0.0,0.0
2023-04-21 00:00:00+08:00,18.841964448765676,18.841964448765676,18.485615572746596,18.574703216552734,158000,0.0,0.0
2023-04-24 00:00:00+08:00,18.530158545046927,18.574703216552734,18.307440285134316,18.574703216552734,141000,0.0,0.0
2023-04-25 00:00:00+08:00,18.530158545046927,18.574703216552734,18.396527928940454,18.574703216552734,72000,0.0,0.0
2023-04-26 00:00:00+08:00,18.574704461238294,18.619247436523438,18.485616811462418,18.619247436523438,42000,0.0,0.0
2023-04-27 00:00:00+08:00,18.619246188853065,18.619246188853065,18.485615572746596,18.574703216552734,35000,0.0,0.0
2023-04-28 00:00:00+08:00,18.70833396911621,18.752876941741437,18.619246324660274,18.70833396911621,37000,0.0,0.0
2023-05-02 00:00:00+08:00,19.77738294025573,19.77738294025573,19.020140486834105,19.109228134155273,316000,0.0,0.0
2023-05-03 00:00:00+08:00,19.10922779243803,19.10922779243803,18.975595474243164,18.975595474243164,53000,0.0,0.0
2023-05-04 00:00:00+08:00,18.8419662964777,19.1092292541049,18.8419662964777,19.0201416015625,51000,0.0,0.0
2023-05-05 00:00:00+08:00,19.06468311997124,19.06468311997124,18.886509527720598,18.975595474243164,42000,0.0,0.0
2023-05-08 00:00:00+08:00,18.93105250098188,19.37648903041675,18.574703617275087,18.975595474243164,226000,0.0,0.0
2023-05-09 00:00:00+08:00,18.797421298686807,18.88650894165039,18.752876627602287,18.88650894165039,111000,0.0,0.0
2023-05-10 00:00:00+08:00,19.0201416015625,19.1092292541049,18.886510972351722,19.0201416015625,111000,0.0,0.0
2023-05-11 00:00:00+08:00,19.02014019985271,19.06468317323845,18.35198540383357,18.53015899658203,190000,0.0,0.0
2023-05-12 00:00:00+08:00,18.619246324660274,18.797421613572148,18.619246324660274,18.70833396911621,95000,0.0,0.0
2023-05-15 00:00:00+08:00,18.752878061584457,18.752878061584457,18.53015978674756,18.619247436523438,152000,0.0,0.0
2023-05-16 00:00:00+08:00,18.619246983088207,18.66379165649414,18.44107338708111,18.66379165649414,151000,0.0,0.0
2023-05-17 00:00:00+08:00,18.70833463069453,19.15377116952059,18.619246983088207,18.66379165649414,228000,0.0,0.0
2023-05-18 00:00:00+08:00,18.79742227830085,18.79742227830085,18.619246983088207,18.66379165649414,188000,0.0,0.0
2023-05-19 00:00:00+08:00,18.663790996490988,18.797421613572148,18.663790996490988,18.70833396911621,186000,0.0,0.0
2023-05-22 00:00:00+08:00,18.88651044043964,19.287402316781417,18.88651044043964,19.198314666748047,412000,0.0,0.0
2023-05-23 00:00:00+08:00,19.24285934136753,19.3319469914009,19.153771691334157,19.198314666748047,489000,0.0,0.0
2023-05-24 00:00:00+08:00,19.2873999493165,19.2873999493165,19.15376934027196,19.242856979370117,714000,0.0,0.0
2023-05-25 00:00:00+08:00,19.099254608154297,19.194988755754615,19.05138570834232,19.099254608154297,584000,1.5,0.0
2023-05-26 00:00:00+08:00,19.099254608154297,19.194988755754615,19.05138570834232,19.099254608154297,226000,0.0,0.0
2023-05-29 00:00:00+08:00,19.099254608154297,19.099254608154297,18.955649734730184,19.099254608154297,104000,0.0,0.0
2023-05-30 00:00:00+08:00,19.05138570834232,19.099254608154297,18.955649734730184,19.099254608154297,86000,0.0,0.0
2023-05-31 00:00:00+08:00,19.099254779758674,19.099254779758674,19.00351880528636,19.0513858795166,64000,0.0,0.0
2023-06-01 00:00:00+08:00,19.099255405627677,19.625800543462148,19.099255405627677,19.338594436645508,217000,0.0,0.0
2023-06-02 00:00:00+08:00,19.53006430945764,19.53006430945764,19.242858206411505,19.38646125793457,63000,0.0,0.0
2023-06-05 00:00:00+08:00,19.57793295488258,19.57793295488258,19.242857955031447,19.434328079223633,136000,0.0,0.0
2023-06-06 00:00:00+08:00,19.482196979780564,19.482196979780564,19.338593930133463,19.434328079223633,42000,0.0,0.0
2023-06-07 00:00:00+08:00,19.38646125793457,19.38646125793457,19.242858206411505,19.38646125793457,44000,0.0,0.0
2023-06-08 00:00:00+08:00,19.290725708007812,19.386461686476746,19.2428586317793,19.290725708007812,43000,0.0,0.0
2023-06-09 00:00:00+08:00,19.290724221825734,19.290724221825734,19.14712117819165,19.194988250732422,119000,0.0,0.0
2023-06-12 00:00:00+08:00,19.194988250732422,19.434327265459817,19.14712117819165,19.194988250732422,75000,0.0,0.0
2023-06-13 00:00:00+08:00,19.194988250732422,19.194988250732422,19.09925410565088,19.194988250732422,70000,0.0,0.0
2023-06-14 00:00:00+08:00,19.194988755754615,19.194988755754615,19.05138570834232,19.099254608154297,54000,0.0,0.0
2023-06-15 00:00:00+08:00,19.05138570834232,19.147121681954456,18.955649734730184,19.099254608154297,110000,0.0,0.0
2023-06-16 00:00:00+08:00,19.147121681954456,19.242857655566592,19.05138570834232,19.099254608154297,88000,0.0,0.0
2023-06-19 00:00:00+08:00,19.099254779758674,19.147121853988914,19.0513858795166,19.0513858795166,65000,0.0,0.0
2023-06-20 00:00:00+08:00,19.0513858795166,19.147121853988914,19.00351880528636,19.0513858795166,49000,0.0,0.0
2023-06-21 00:00:00+08:00,19.00351880528636,19.0513858795166,18.95564990504429,19.0513858795166,61000,0.0,0.0
2023-06-26 00:00:00+08:00,19.05138681939042,19.05138681939042,18.85991668701172,18.85991668701172,91000,0.0,0.0
2023-06-27 00:00:00+08:00,18.859915627443115,18.859915627443115,18.476971732176025,18.66844367980957,109000,0.0,0.0
2023-06-28 00:00:00+08:00,18.57270728642821,18.907782274211527,18.57270728642821,18.764179229736328,99000,0.0,0.0
2023-06-29 00:00:00+08:00,18.85991537289147,18.85991537289147,18.524840382061175,18.716310501098633,86000,0.0,0.0
2023-06-30 00:00:00+08:00,18.572707705992798,18.764179653626343,18.572707705992798,18.66844367980957,71000,0.0,0.0
2023-07-03 00:00:00+08:00,18.668444105884593,18.668444105884593,18.381238003891113,18.572708129882812,188000,0.0,0.0
2023-07-04 00:00:00+08:00,18.476972579956055,18.620577460276156,18.429105503857294,18.476972579956055,39000,0.0,0.0
2023-07-05 00:00:00+08:00,18.52484130859375,18.57270838424427,18.476972406931342,18.52484130859375,44000,0.0,0.0
2023-07-06 00:00:00+08:00,18.57270838424427,18.57270838424427,18.52484130859375,18.52484130859375,23000,0.0,0.0
2023-07-07 00:00:00+08:00,18.476971174947096,18.476971174947096,18.33336813155863,18.381237030029297,84000,0.0,0.0
2023-07-10 00:00:00+08:00,18.764179653626343,18.764179653626343,18.381237584371075,18.66844367980957,128000,0.0,0.0
2023-07-11 00:00:00+08:00,18.524841738200116,18.524841738200116,18.189766722840147,18.429105758666992,62000,0.0,0.0
2023-07-12 00:00:00+08:00,18.66844453637492,18.66844453637492,18.285502449549096,18.476972579956055,76000,0.0,0.0
2023-07-13 00:00:00+08:00,18.476971600358283,18.476971600358283,18.28550148010254,18.28550148010254,79000,0.0,0.0
2023-07-14 00:00:00+08:00,18.285502449549096,18.476972579956055,18.285502449549096,18.476972579956055,42000,0.0,0.0
2023-07-17 00:00:00+08:00,18.38123842775853,18.572708558165488,18.285502449549096,18.476972579956055,62000,0.0,0.0
2023-07-18 00:00:00+08:00,18.38123842775853,18.476972579956055,18.33336952564786,18.476972579956055,48000,0.0,0.0
2023-07-19 00:00:00+08:00,18.429104102488196,18.476971174947096,18.381237030029297,18.381237030029297,29000,0.0,0.0
2023-07-20 00:00:00+08:00,18.429104102488196,18.429104102488196,18.285501059099733,18.381237030029297,56000,0.0,0.0
2023-07-21 00:00:00+08:00,18.28550122848928,18.476971346110346,18.28550122848928,18.3333683013916,20000,0.0,0.0
2023-07-24 00:00:00+08:00,18.285501651486296,18.33336872549592,18.189765677455217,18.237632751464844,37000,0.0,0.0
2023-07-25 00:00:00+08:00,18.189765256672857,18.381237200305705,18.094029284856433,18.3333683013916,45000,0.0,0.0
2023-07-26 00:00:00+08:00,18.381237030029297,18.764179087735787,18.237632160629065,18.381237030029297,106000,0.0,0.0
2023-07-27 00:00:00+08:00,18.524841054887855,18.620577030889635,18.524841054887855,18.572708129882812,50000,0.0,0.0
2023-07-28 00:00:00+08:00,18.572708129882812,18.668444105884593,18.572708129882812,18.572708129882812,21000,0.0,0.0
2023-07-31 00:00:00+08:00,18.476972406931342,18.52484130859375,18.429105331280823,18.52484130859375,15000,0.0,0.0
2023-08-01 00:00:00+08:00,18.524841738200116,18.524841738200116,18.429105758666992,18.429105758666992,28000,0.0,0.0
2023-08-02 00:00:00+08:00,18.716311871254433,18.764180774026958,18.381238681906396,18.429105758666992,46000,0.0,0.0
2023-08-04 00:00:00+08:00,18.429104102488196,18.52484007341776,18.285501059099733,18.381237030029297,24000,0.0,0.0
2023-08-07 00:00:00+08:00,18.429105758666992,18.572708814960713,18.381238681906396,18.429105758666992,26000,0.0,0.0
2023-08-08 00:00:00+08:00,18.381237200305705,18.52484024502445,18.3333683013916,18.3333683013916,34000,0.0,0.0
2023-08-09 00:00:00+08:00,18.3333683013916,18.381237200305705,18.189765256672857,18.3333683013916,60000,0.0,0.0
2023-08-10 00:00:00+08:00,18.23763258052975,18.333368553663522,18.189765506968765,18.28550148010254,19000,0.0,0.0
2023-08-11 00:00:00+08:00,18.285501651486296,18.38123762551737,18.237632751464844,18.237632751464844,40000,0.0,0.0
2023-08-14 00:00:00+08:00,18.38123762551737,18.476971773536622,18.141898603445593,18.237632751464844,91000,0.0,0.0
2023-08-15 00:00:00+08:00,18.237632751464844,18.237632751464844,18.189765677455217,18.237632751464844,24000,0.0,0.0
2023-08-16 00:00:00+08:00,18.23763300485045,18.23763300485045,18.14189885550111,18.18976593017578,33000,0.0,0.0
2023-08-17 00:00:00+08:00,18.23763300485045,18.23763300485045,18.14189885550111,18.18976593017578,38000,0.0,0.0
2023-08-18 00:00:00+08:00,18.18976593017578,18.28550190553697,18.18976593017578,18.18976593017578,53000,0.0,0.0
2023-08-21 00:00:00+08:00,18.189765088170166,18.381237030029297,18.094029117240602,18.381237030029297,52000,0.0,0.0
2023-08-22 00:00:00+08:00,18.18976593017578,18.28550190553697,18.14189885550111,18.18976593017578,51000,0.0,0.0
2023-08-23 00:00:00+08:00,18.14189885550111,18.18976593017578,17.9982939794534,18.18976593017578,48000,0.0,0.0
2023-08-24 00:00:00+08:00,18.141899282061058,18.141899282061058,18.094030380249023,18.094030380249023,57000,0.0,0.0
2023-08-25 00:00:00+08:00,18.094030635435185,18.094030635435185,18.04616355895996,18.04616355895996,16000,0.0,0.0
2023-08-28 00:00:00+08:00,18.046161820850305,18.046161820850305,17.950425851108708,17.998292922973633,60000,0.0,0.0
2023-08-29 00:00:00+08:00,17.998294656472815,18.094030635435185,17.998294656472815,18.04616355895996,31000,0.0,0.0
2023-08-30 00:00:00+08:00,18.141899282061058,18.141899282061058,18.094030380249023,18.094030380249023,4000,0.0,0.0
2023-08-31 00:00:00+08:00,18.094030635435185,18.18976661439756,18.04616355895996,18.04616355895996,37000,0.0,0.0
2023-09-01 00:00:00+08:00,18.094030635435185,18.094030635435185,18.04616355895996,18.04616355895996,47000,0.0,0.0
2023-09-04 00:00:00+08:00,18.09403020753162,18.189766184229942,18.09403020753162,18.14189910888672,38000,0.0,0.0
2023-09-05 00:00:00+08:00,18.18976593017578,18.28550190553697,18.18976593017578,18.18976593017578,15000,0.0,0.0
2023-09-06 00:00:00+08:00,18.285501651486296,18.285501651486296,18.189765677455217,18.237632751464844,18000,0.0,0.0
2023-09-07 00:00:00+08:00,18.285502449549096,18.524841482066723,18.285502449549096,18.476972579956055,85000,0.0,0.0
2023-09-08 00:00:00+08:00,18.57270838424427,18.57270838424427,18.381238255630304,18.52484130859375,23000,0.0,0.0
2023-09-11 00:00:00+08:00,18.524840673558074,18.524840673558074,18.237632751464844,18.237632751464844,15000,0.0,0.0
2023-09-12 00:00:00+08:00,18.28550148010254,18.333368553663522,18.23763258052975,18.28550148010254,14000,0.0,0.0
2023-09-13 00:00:00+08:00,18.28550148010254,18.28550148010254,18.189765506968765,18.28550148010254,18000,0.0,0.0
2023-09-14 00:00:00+08:00,18.333368553663522,18.333368553663522,18.28550148010254,18.28550148010254,15000,0.0,0.0
2023-09-15 00:00:00+08:00,18.33336813155863,18.381237030029297,18.237632160629065,18.381237030029297,13000,0.0,0.0
2023-09-18 00:00:00+08:00,18.333368553663522,18.333368553663522,18.28550148010254,18.28550148010254,22000,0.0,0.0
2023-09-19 00:00:00+08:00,18.28550190553697,18.33336898021164,18.14189885550111,18.18976593017578,48000,0.0,0.0
2023-09-20 00:00:00+08:00,18.14189910888672,18.285502160928264,18.14189910888672,18.14189910888672,31000,0.0,0.0
2023-09-21 00:00:00+08:00,18.141898183770536,18.3333683013916,18.094029284856433,18.3333683013916,42000,0.0,0.0
2023-09-22 00:00:00+08:00,18.189765677455217,18.237632751464844,18.189765677455217,18.237632751464844,12000,0.0,0.0
2023-09-25 00:00:00+08:00,18.18976593017578,18.18976593017578,18.09402995481459,18.18976593017578,30000,0.0,0.0
2023-09-26 00:00:00+08:00,18.094030380249023,18.1897663578612,17.90256025103657,18.094030380249023,32000,0.0,0.0
2023-09-27 00:00:00+08:00,18.09402889271523,18.09402889271523,17.998292922973633,17.998292922973633,56000,0.0,0.0
2023-09-28 00:00:00+08:00,18.046163304448882,18.1897663578612,17.998294402636848,18.094030380249023,13000,0.0,0.0
2023-10-02 00:00:00+08:00,18.09402995481459,18.18976593017578,18.09402995481459,18.18976593017578,11000,0.0,0.0
2023-10-03 00:00:00+08:00,18.18976661439756,18.18976661439756,18.04616355895996,18.04616355895996,15000,0.0,0.0
2023-10-04 00:00:00+08:00,18.04616355895996,18.14189953792233,17.998294656472815,18.04616355895996,21000,0.0,0.0
2023-10-05 00:00:00+08:00,18.094030380249023,18.141899282061058,18.046163304448882,18.094030380249023,35000,0.0,0.0
2023-10-06 00:00:00+08:00,18.18976593017578,18.18976593017578,18.14189885550111,18.18976593017578,17000,0.0,0.0
2023-10-11 00:00:00+08:00,18.1897663578612,18.1897663578612,18.094030380249023,18.094030380249023,16000,0.0,0.0
2023-10-12 00:00:00+08:00,18.14189910888672,18.189766184229942,18.14189910888672,18.14189910888672,73000,0.0,0.0
2023-10-13 00:00:00+08:00,18.141899282061058,18.141899282061058,18.094030380249023,18.094030380249023,4000,0.0,0.0
2023-10-16 00:00:00+08:00,18.046163304448882,18.28550233547337,17.998294402636848,18.094030380249023,24000,0.0,0.0
2023-10-17 00:00:00+08:00,18.046161820850305,18.046161820850305,17.998292922973633,17.998292922973633,23000,0.0,0.0
2023-10-18 00:00:00+08:00,17.99829317421769,17.99829317421769,17.90255902915145,17.95042610168457,35000,0.0,0.0
2023-10-19 00:00:00+08:00,17.902559280395508,17.998293426805272,17.854690381178827,17.902559280395508,72000,0.0,0.0
2023-10-20 00:00:00+08:00,17.854690551757812,17.854690551757812,17.854690551757812,17.854690551757812,16000,0.0,0.0
2023-10-23 00:00:00+08:00,17.854690130606567,17.95042610168457,17.854690130606567,17.95042610168457,10000,0.0,0.0
2023-10-24 00:00:00+08:00,17.95042652509401,17.95042652509401,17.80682347809562,17.854690551757812,11000,0.0,0.0
2023-10-25 00:00:00+08:00,17.85468988136711,17.998292922973633,17.806822809502187,17.998292922973633,24000,0.0,0.0
2023-10-26 00:00:00+08:00,17.806823058073448,17.95042610168457,17.806823058073448,17.95042610168457,15000,0.0,0.0
2023-10-27 00:00:00+08:00,17.95042610168457,17.99829317421769,17.95042610168457,17.95042610168457,5000,0.0,0.0
2023-10-30 00:00:00+08:00,17.95042757999759,18.04616355895996,17.95042757999759,18.04616355895996,2000,0.0,0.0
2023-10-31 00:00:00+08:00,17.95042635360039,17.95042635360039,17.902559280395508,17.902559280395508,22000,0.0,0.0
2023-11-01 00:00:00+08:00,17.902559280395508,17.95042635360039,17.854690381178827,17.902559280395508,12000,0.0,0.0
2023-11-02 00:00:00+08:00,17.902558779243783,17.998292922973633,17.902558779243783,17.998292922973633,12000,0.0,0.0
2023-11-03 00:00:00+08:00,17.998292922973633,18.046161820850305,17.998292922973633,17.998292922973633,15000,0.0,0.0
2023-11-06 00:00:00+08:00,17.998294656472815,18.04616355895996,17.998294656472815,18.04616355895996,9000,0.0,0.0
2023-11-07 00:00:00+08:00,18.09402970342414,18.285501651486296,18.09402970342414,18.237632751464844,50000,0.0,0.0
2023-11-08 00:00:00+08:00,18.33336872549592,18.33336872549592,18.09402970342414,18.237632751464844,18000,0.0,0.0
2023-11-09 00:00:00+08:00,18.18976593017578,18.33336898021164,18.18976593017578,18.18976593017578,7000,0.0,0.0
2023-11-10 00:00:00+08:00,18.09403020753162,18.14189910888672,18.09403020753162,18.14189910888672,3000,0.0,0.0
2023-11-13 00:00:00+08:00,18.141899282061058,18.141899282061058,18.094030380249023,18.094030380249023,13000,0.0,0.0
2023-11-14 00:00:00+08:00,18.141899282061058,18.141899282061058,18.094030380249023,18.094030380249023,4000,0.0,0.0
2023-11-15 00:00:00+08:00,18.094030635435185,18.18976661439756,18.04616355895996,18.04616355895996,41000,0.0,0.0
2023-11-16 00:00:00+08:00,18.285502160928264,18.285502160928264,18.09403020753162,18.14189910888672,32000,0.0,0.0
2023-11-17 00:00:00+08:00,18.09402995481459,18.18976593017578,18.046162880139924,18.18976593017578,33000,0.0,0.0
2023-11-20 00:00:00+08:00,18.23763300485045,18.28550190553697,18.18976593017578,18.18976593017578,51000,0.0,0.0
2023-11-21 00:00:00+08:00,18.189765677455217,18.237632751464844,18.09402970342414,18.237632751464844,87000,0.0,0.0
2023-11-22 00:00:00+08:00,18.28550148010254,18.333368553663522,18.23763258052975,18.28550148010254,54000,0.0,0.0
2023-11-23 00:00:00+08:00,18.189765506968765,18.28550148010254,18.189765506968765,18.28550148010254,30000,0.0,0.0
2023-11-24 00:00:00+08:00,18.381237030029297,18.381237030029297,18.285501059099733,18.381237030029297,70000,0.0,0.0
2023-11-27 00:00:00+08:00,18.381237200305705,18.381237200305705,18.3333683013916,18.3333683013916,34000,0.0,0.0
2023-11-28 00:00:00+08:00,18.381237200305705,18.381237200305705,18.3333683013916,18.3333683013916,47000,0.0,0.0
2023-11-29 00:00:00+08:00,18.476971174947096,18.52484007341776,18.33336813155863,18.381237030029297,103000,0.0,0.0
2023-11-30 00:00:00+08:00,18.47697283542759,18.47697283542759,18.381238681906396,18.429105758666992,84000,0.0,0.0
2023-12-01 00:00:00+08:00,18.524840883404945,18.668443933072364,18.524840883404945,18.620576858520508,115000,0.0,0.0
2023-12-04 00:00:00+08:00,18.620576566105434,19.242857655566592,18.620576566105434,19.099254608154297,237000,0.0,0.0
2023-12-05 00:00:00+08:00,18.859915090923483,19.290724221825734,18.859915090923483,19.194988250732422,130000,0.0,0.0
2023-12-06 00:00:00+08:00,19.194988250732422,19.242857149284962,19.14712117819165,19.194988250732422,78000,0.0,0.0
2023-12-07 00:00:00+08:00,19.147121853988914,19.290724902691462,19.0513858795166,19.0513858795166,111000,0.0,0.0
2023-12-08 00:00:00+08:00,19.14712210884148,19.14712210884148,19.00351905822754,19.00351905822754,27000,0.0,0.0
2023-12-11 00:00:00+08:00,19.00351905822754,19.0513861330949,18.95565015734832,19.00351905822754,52000,0.0,0.0
2023-12-12 00:00:00+08:00,19.0513861330949,19.099255033974117,18.90778308248096,19.00351905822754,70000,0.0,0.0
2023-12-13 00:00:00+08:00,19.00351838392489,19.14712142944336,19.00351838392489,19.14712142944336,70000,0.0,0.0
2023-12-14 00:00:00+08:00,19.242857401792936,19.242857401792936,19.099254356274468,19.14712142944336,57000,0.0,0.0
2023-12-15 00:00:00+08:00,19.147121681954456,19.242857655566592,19.099254608154297,19.099254608154297,61000,0.0,0.0
2023-12-18 00:00:00+08:00,19.29072472936675,19.29072472936675,19.05138570834232,19.099254608154297,55000,0.0,0.0
2023-12-19 00:00:00+08:00,19.099254779758674,19.099254779758674,18.95564990504429,19.0513858795166,67000,0.0,0.0
2023-12-20 00:00:00+08:00,18.955649068626233,19.242856979370117,18.955649068626233,19.242856979370117,63000,0.0,0.0
2023-12-21 00:00:00+08:00,19.194989358125127,19.24285825943931,18.85991617898523,18.955650329589844,76000,0.0,0.0
2023-12-22 00:00:00+08:00,19.147121853988914,19.147121853988914,19.0513858795166,19.0513858795166,9000,0.0,0.0
2023-12-25 00:00:00+08:00,19.0513861330949,19.0513861330949,18.95565015734832,19.00351905822754,14000,0.0,0.0
2023-12-26 00:00:00+08:00,18.955650329589844,19.003519230904026,18.81204727767105,18.955650329589844,69000,0.0,0.0
2023-12-27 00:00:00+08:00,18.955649093580504,19.00351799177338,18.18976498261207,18.81204605102539,97000,0.0,0.0
2023-12-28 00:00:00+08:00,18.955650329589844,18.955650329589844,18.81204727767105,18.955650329589844,42000,0.0,0.0
2023-12-29 00:00:00+08:00,18.764180707816404,18.95565084019511,18.764180707816404,18.85991668701172,18000,0.0,0.0
2024-01-02 00:00:00+08:00,18.859916432355412,19.05138656214879,18.859916432355412,18.90778350830078,22000,0.0,0.0
2024-01-03 00:00:00+08:00,18.90778350830078,18.90778350830078,18.812047530398143,18.90778350830078,38000,0.0,0.0
2024-01-04 00:00:00+08:00,18.90778350830078,18.90778350830078,18.859916432355412,18.90778350830078,34000,0.0,0.0
2024-01-05 00:00:00+08:00,18.95564990504429,19.099254779758674,18.907782830814053,19.0513858795166,61000,0.0,0.0
2024-01-08 00:00:00+08:00,19.05138570834232,19.147121681954456,19.05138570834232,19.099254608154297,139000,0.0,0.0
2024-01-09 00:00:00+08:00,19.099255033974117,19.099255033974117,18.8599160076136,19.00351905822754,21000,0.0,0.0
2024-01-10 00:00:00+08:00,19.003519230904026,19.099255207520514,18.955650329589844,18.955650329589844,25000,0.0,0.0
2024-01-11 00:00:00+08:00,18.85991617898523,18.955650329589844,18.85991617898523,18.955650329589844,14000,0.0,0.0
2024-01-12 00:00:00+08:00,18.955650329589844,19.003519230904026,18.907783254287537,18.955650329589844,37000,0.0,0.0
2024-01-15 00:00:00+08:00,19.003519230904026,19.003519230904026,18.85991617898523,18.955650329589844,57004,0.0,0.0
2024-01-16 00:00:00+08:00,18.907783254287537,18.955650329589844,18.476972272519273,18.955650329589844,37000,0.0,0.0
2024-01-17 00:00:00+08:00,18.907783254287537,19.051386306206332,18.85991617898523,18.955650329589844,66000,0.0,0.0
2024-01-18 00:00:00+08:00,18.85991617898523,18.955650329589844,18.66844422575225,18.955650329589844,16000,0.0,0.0
2024-01-19 00:00:00+08:00,18.955650329589844,19.051386306206332,18.85991617898523,18.955650329589844,13000,0.0,0.0
2024-01-22 00:00:00+08:00,19.003519230904026,19.051386306206332,18.955650329589844,18.955650329589844,36000,0.0,0.0
2024-01-23 00:00:00+08:00,18.955650329589844,19.051386306206332,18.955650329589844,18.955650329589844,32000,0.0,0.0
2024-01-24 00:00:00+08:00,18.955649734730184,19.147121681954456,18.955649734730184,19.099254608154297,58000,0.0,0.0
2024-01-25 00:00:00+08:00,19.14712142944336,19.19498850261225,19.051385457093783,19.14712142944336,99000,0.0,0.0
2024-01-26 00:00:00+08:00,19.242857149284962,19.242857149284962,19.09925410565088,19.194988250732422,73000,0.0,0.0
2024-01-29 00:00:00+08:00,19.242857401792936,19.242857401792936,19.14712142944336,19.14712142944336,72000,0.0,0.0
2024-01-30 00:00:00+08:00,19.194988755754615,19.194988755754615,19.05138570834232,19.099254608154297,46000,0.0,0.0
2024-01-31 00:00:00+08:00,19.099254608154297,19.147121681954456,19.099254608154297,19.099254608154297,16000,0.0,0.0
2024-02-01 00:00:00+08:00,19.051386306206332,19.051386306206332,18.81204727767105,18.955650329589844,60000,0.0,0.0
2024-02-02 00:00:00+08:00,18.955650329589844,18.955650329589844,18.81204727767105,18.955650329589844,53000,0.0,0.0
2024-02-05 00:00:00+08:00,19.051386306206332,19.14712228282282,18.81204727767105,18.955650329589844,70000,0.0,0.0
2024-02-15 00:00:00+08:00,19.19498892821915,19.242857828461226,18.95564990504429,19.0513858795166,110000,0.0,0.0
2024-02-16 00:00:00+08:00,19.434328079223633,19.53006405432565,19.051386004827414,19.434328079223633,189000,0.0,0.0
2024-02-19 00:00:00+08:00,19.43432870184515,19.769403712431153,19.43432870184515,19.72153663635254,267000,0.0,0.0
2024-02-20 00:00:00+08:00,19.721535707548533,20.056610702353865,19.721535707548533,19.913005828857422,325000,0.0,0.0
2024-02-21 00:00:00+08:00,19.913006455960474,20.4395534146686,19.913006455960474,20.200214385986328,355000,0.0,0.0
2024-02-22 00:00:00+08:00,20.20021455910245,20.391684688082044,19.960875528369037,20.152345657348633,267000,0.0,0.0
2024-02-23 00:00:00+08:00,20.295949723498843,20.295949723498843,19.817271681208886,19.913005828857422,160000,0.0,0.0
2024-02-26 00:00:00+08:00,19.913006766678894,19.913006766678894,19.673667734262022,19.72153663635254,96000,0.0,0.0
2024-02-27 00:00:00+08:00,19.769402611816606,20.056610530334375,19.72153553840288,19.960874557495117,118000,0.0,0.0
2024-02-29 00:00:00+08:00,19.960875781004383,20.10447883605957,19.960875781004383,20.10447883605957,102000,0.0,0.0
2024-03-01 00:00:00+08:00,20.104477350417092,20.104477350417092,19.96087430597361,20.00874137878418,57000,0.0,0.0
2024-03-04 00:00:00+08:00,20.056610530334375,20.1044776037481,19.960874557495117,19.960874557495117,95000,0.0,0.0
2024-03-05 00:00:00+08:00,19.913005695209847,19.913005695209847,19.38646058262957,19.53006362915039,233000,0.0,0.0
2024-03-06 00:00:00+08:00,19.57793332978293,19.86513943457688,19.53006442830935,19.7694034576416,107000,0.0,0.0
2024-03-07 00:00:00+08:00,19.913006942241847,20.056611823767586,19.625800831214214,19.673667907714844,113000,0.0,0.0
2024-03-08 00:00:00+08:00,19.67366710397275,19.67366710397275,19.434328079223633,19.434328079223633,141000,0.0,0.0
2024-03-11 00:00:00+08:00,19.625799856241215,19.625799856241215,19.290724859346923,19.482196807861328,77000,0.0,0.0
2024-03-12 00:00:00+08:00,19.38646041342363,19.625799430873304,19.38646041342363,19.577932357788086,64000,0.0,0.0
2024-03-13 00:00:00+08:00,19.673667907714844,19.7215368102274,19.57793375471358,19.673667907714844,208000,0.0,0.0
2024-03-14 00:00:00+08:00,19.72153553840288,20.1044776037481,19.72153553840288,19.960874557495117,154000,0.0,0.0
2024-03-15 00:00:00+08:00,19.960874728693508,20.056610702353865,19.865138755033154,19.913005828857422,143000,0.0,0.0
2024-03-18 00:00:00+08:00,19.913005407151264,20.00874137878418,19.81727126153013,20.00874137878418,78000,0.0,0.0
2024-03-19 00:00:00+08:00,20.008742604110964,20.295950536598195,20.008742604110964,20.152345657348633,510000,0.0,0.0
2024-03-20 00:00:00+08:00,20.152345657348633,20.152345657348633,20.152345657348633,20.152345657348633,0,0.0,0.0
2024-03-21 00:00:00+08:00,20.58315658569336,20.726759638530705,20.4874206084645,20.58315658569336,307000,0.0,0.0
2024-03-22 00:00:00+08:00,20.631022982828704,20.72675895690918,20.583155908794375,20.72675895690918,260000,0.0,0.0
2024-03-25 00:00:00+08:00,20.72675895690918,20.72675895690918,20.72675895690918,20.72675895690918,0,0.0,0.0
2024-03-26 00:00:00+08:00,20.678892308012713,20.822495359079856,20.583156331963995,20.631023406982422,152000,0.0,0.0
2024-03-27 00:00:00+08:00,20.774627183161343,21.06183327007585,20.63102231369232,20.870361328125,395000,0.0,0.0
2024-03-28 00:00:00+08:00,20.82249530878934,21.20543738604746,20.82249530878934,21.06183433532715,670000,0.0,0.0
2024-03-29 00:00:00+08:00,21.061833660424256,21.34903975266168,21.061833660424256,21.20543670654297,254000,0.0,0.0
2024-04-01 00:00:00+08:00,21.54051282354839,22.880811034033467,21.54051282354839,22.210662841796875,1126000,0.0,0.0
2024-04-02 00:00:00+08:00,22.210662587763622,22.78507479567892,22.06705770977292,22.258529663085938,465000,0.0,0.0
2024-04-03 00:00:00+08:00,22.258528318904165,22.737206347267698,22.06705637715405,22.545734405517578,452000,0.0,0.0
2024-04-08 00:00:00+08:00,22.5936044110737,22.5936044110737,22.258529409597813,22.306396484375,248000,0.0,0.0
2024-04-09 00:00:00+08:00,22.497868435507467,22.68934038663993,22.258529409597813,22.306396484375,298000,0.0,0.0
2024-04-10 00:00:00+08:00,22.545734909944656,22.59360380945906,22.354264789922446,22.450000762939453,299000,0.0,0.0
2024-04-11 00:00:00+08:00,22.450000762939453,22.59360380945906,22.306395890408037,22.450000762939453,269000,0.0,0.0
2024-04-12 00:00:00+08:00,22.49786800804901,22.49786800804901,22.258528986686787,22.402132034301758,174000,0.0,0.0
2024-04-15 00:00:00+08:00,22.306397167902986,22.306397167902986,22.114927036915216,22.16279411315918,198000,0.0,0.0
2024-04-16 00:00:00+08:00,21.92345372664694,21.971322625948012,21.492644589008073,21.636247634887695,350000,0.0,0.0
2024-04-17 00:00:00+08:00,21.636247520522105,22.16279262796809,21.636247520522105,22.06705665588379,155000,0.0,0.0
2024-04-18 00:00:00+08:00,21.87558636916089,22.162792457188896,21.87558636916089,22.114925384521484,82000,0.0,0.0
2024-04-19 00:00:00+08:00,22.11492606171703,22.11492606171703,21.73198399061611,21.971323013305664,134000,0.0,0.0
2024-04-22 00:00:00+08:00,22.01918958284753,22.114925554931837,21.92345361076323,22.06705665588379,99000,0.0,0.0
2024-04-23 00:00:00+08:00,21.971323982171413,22.210663015415058,21.923455079915534,22.16279411315918,72000,0.0,0.0
2024-04-24 00:00:00+08:00,22.25852856737502,22.59360355617227,22.019189550521524,22.497867584228516,281000,0.0,0.0
2024-04-25 00:00:00+08:00,22.497869063266347,22.593605041503906,22.497869063266347,22.593605041503906,91000,0.0,0.0
2024-04-26 00:00:00+08:00,22.64147186279297,22.832943817113115,22.64147186279297,22.64147186279297,273000,0.0,0.0
2024-04-29 00:00:00+08:00,22.641470376392636,22.68933927483605,22.545734405517578,22.545734405517578,192000,0.0,0.0
2024-04-30 00:00:00+08:00,22.354264827714836,22.450000800893697,22.019189834594727,22.019189834594727,163000,0.0,0.0
2024-05-02 00:00:00+08:00,22.019189834594727,22.06705690817825,21.923453861415865,22.019189834594727,96000,0.0,0.0
2024-05-03 00:00:00+08:00,22.06705665588379,22.16279262796809,22.01918958284753,22.06705665588379,180000,0.0,0.0
2024-05-06 00:00:00+08:00,22.737207155507498,22.737207155507498,21.971323013305664,21.971323013305664,132000,0.0,0.0
2024-05-07 00:00:00+08:00,22.258528428535488,22.306395501202896,21.971322340507484,22.114925384521484,128000,0.0,0.0
2024-05-08 00:00:00+08:00,22.114925554931837,22.16279262796809,21.87558653772697,22.06705665588379,70000,0.0,0.0
2024-05-09 00:00:00+08:00,22.306395501202896,22.497867443896084,22.114925384521484,22.114925384521484,97000,0.0,0.0
2024-05-10 00:00:00+08:00,22.162793309229873,22.258529284257,21.540512210571293,21.92345428466797,277000,0.0,0.0
2024-05-13 00:00:00+08:00,21.73198441218187,22.019190514575943,21.73198441218187,21.875587463378906,122000,0.0,0.0
2024-05-14 00:00:00+08:00,21.588379842733442,21.827718873477767,21.396909713745117,21.396909713745117,398000,0.0,0.0
2024-05-15 00:00:00+08:00,21.731984289654807,21.731984289654807,21.396909288076333,21.492645263671875,173000,0.0,0.0
2024-05-16 00:00:00+08:00,21.492645554638386,21.82771873474121,21.492645554638386,21.82771873474121,156000,0.0,0.0
2024-05-17 00:00:00+08:00,22.258528854535975,22.258528854535975,21.87558678783234,22.019189834594727,221000,0.0,0.0
2024-05-20 00:00:00+08:00,22.019190634450606,22.354265639742444,22.019190634450606,22.258529663085938,204000,0.0,0.0
2024-05-21 00:00:00+08:00,22.25852991766667,22.306396993536463,22.114926864045394,22.210662841796875,265000,0.0,0.0
2024-05-22 00:00:00+08:00,22.210661743402834,22.59360380945906,22.114925770385828,22.450000762939453,624000,0.0,0.0
2024-05-23 00:00:00+08:00,22.25,22.299999237060547,22.049999237060547,22.149999618530273,546000,1.0,0.0
2024-05-24 00:00:00+08:00,22.149999618530273,22.149999618530273,21.799999237060547,21.899999618530273,204000,0.0,0.0
2024-05-27 00:00:00+08:00,21.799999237060547,21.950000762939453,21.549999237060547,21.600000381469727,196000,0.0,0.0
2024-05-28 00:00:00+08:00,21.399999618530273,21.75,21.399999618530273,21.649999618530273,171000,0.0,0.0
2024-05-29 00:00:00+08:00,21.5,21.700000762939453,21.450000762939453,21.5,279000,0.0,0.0
2024-05-30 00:00:00+08:00,21.950000762939453,21.950000762939453,21.100000381469727,21.200000762939453,309000,0.0,0.0
2024-05-31 00:00:00+08:00,21.700000762939453,21.700000762939453,21.350000381469727,21.399999618530273,132000,0.0,0.0
2024-06-03 00:00:00+08:00,21.299999237060547,21.450000762939453,21.0,21.350000381469727,355000,0.0,0.0
2024-06-04 00:00:00+08:00,21.350000381469727,21.5,21.149999618530273,21.149999618530273,244000,0.0,0.0
2024-06-05 00:00:00+08:00,21.149999618530273,21.549999237060547,21.149999618530273,21.5,109000,0.0,0.0
2024-06-06 00:00:00+08:00,21.5,21.600000381469727,21.399999618530273,21.399999618530273,102000,0.0,0.0
2024-06-07 00:00:00+08:00,21.399999618530273,21.549999237060547,21.25,21.549999237060547,62000,0.0,0.0
2024-06-11 00:00:00+08:00,21.549999237060547,21.549999237060547,20.850000381469727,20.950000762939453,379000,0.0,0.0
2024-06-12 00:00:00+08:00,20.899999618530273,20.899999618530273,20.600000381469727,20.75,150000,0.0,0.0
2024-06-13 00:00:00+08:00,20.799999237060547,20.899999618530273,20.799999237060547,20.799999237060547,39000,0.0,0.0
2024-06-14 00:00:00+08:00,20.549999237060547,21.0,20.549999237060547,20.950000762939453,108000,0.0,0.0
2024-06-17 00:00:00+08:00,20.950000762939453,20.950000762939453,20.700000762939453,20.799999237060547,83000,0.0,0.0
2024-06-18 00:00:00+08:00,20.799999237060547,21.0,20.799999237060547,21.0,91000,0.0,0.0
2024-06-19 00:00:00+08:00,21.0,21.200000762939453,20.899999618530273,21.100000381469727,128000,0.0,0.0
2024-06-20 00:00:00+08:00,21.100000381469727,21.25,21.100000381469727,21.25,125000,0.0,0.0
2024-06-21 00:00:00+08:00,21.25,21.299999237060547,21.100000381469727,21.200000762939453,40000,0.0,0.0
2024-06-24 00:00:00+08:00,21.200000762939453,21.299999237060547,21.200000762939453,21.299999237060547,63000,0.0,0.0
2024-06-25 00:00:00+08:00,21.350000381469727,21.350000381469727,21.100000381469727,21.200000762939453,37000,0.0,0.0
2024-06-26 00:00:00+08:00,21.200000762939453,21.25,21.100000381469727,21.25,146000,0.0,0.0
2024-06-27 00:00:00+08:00,21.100000381469727,21.100000381469727,20.700000762939453,21.049999237060547,88000,0.0,0.0
2024-06-28 00:00:00+08:00,21.0,21.299999237060547,21.0,21.049999237060547,37000,0.0,0.0
2024-07-01 00:00:00+08:00,21.0,21.0,20.899999618530273,21.0,113000,0.0,0.0
2024-07-02 00:00:00+08:00,21.0,21.100000381469727,21.0,21.0,24000,0.0,0.0
2024-07-03 00:00:00+08:00,21.049999237060547,21.049999237060547,20.899999618530273,21.0,87000,0.0,0.0
2024-07-04 00:00:00+08:00,21.0,21.200000762939453,21.0,21.149999618530273,126000,0.0,0.0
2024-07-05 00:00:00+08:00,21.200000762939453,21.299999237060547,21.149999618530273,21.25,149000,0.0,0.0
2024-07-08 00:00:00+08:00,21.299999237060547,21.5,21.299999237060547,21.450000762939453,236000,0.0,0.0
2024-07-09 00:00:00+08:00,21.600000381469727,22.299999237060547,21.5,22.200000762939453,592000,0.0,0.0
2024-07-10 00:00:00+08:00,22.299999237060547,22.450000762939453,22.049999237060547,22.049999237060547,218000,0.0,0.0
2024-07-11 00:00:00+08:00,22.299999237060547,22.299999237060547,22.049999237060547,22.25,259000,0.0,0.0
2024-07-12 00:00:00+08:00,22.100000381469727,22.200000762939453,22.049999237060547,22.100000381469727,116000,0.0,0.0
2024-07-15 00:00:00+08:00,22.0,22.049999237060547,21.700000762939453,22.0,127000,0.0,0.0
2024-07-16 00:00:00+08:00,22.0,22.100000381469727,22.0,22.0,49000,0.0,0.0
2024-07-17 00:00:00+08:00,22.049999237060547,22.149999618530273,22.0,22.100000381469727,108000,0.0,0.0
2024-07-18 00:00:00+08:00,22.0,22.0,21.799999237060547,21.799999237060547,122000,0.0,0.0
2024-07-19 00:00:00+08:00,21.899999618530273,21.899999618530273,21.450000762939453,21.549999237060547,151000,0.0,0.0
2024-07-22 00:00:00+08:00,21.399999618530273,21.399999618530273,20.899999618530273,21.100000381469727,172000,0.0,0.0
2024-07-23 00:00:00+08:00,21.600000381469727,21.600000381469727,21.200000762939453,21.200000762939453,20000,0.0,0.0
2024-07-26 00:00:00+08:00,21.100000381469727,21.100000381469727,20.799999237060547,21.049999237060547,119000,0.0,0.0
2024-07-29 00:00:00+08:00,21.200000762939453,21.399999618530273,21.149999618530273,21.200000762939453,61000,0.0,0.0
2024-07-30 00:00:00+08:00,21.149999618530273,21.5,21.100000381469727,21.299999237060547,73000,0.0,0.0
2024-07-31 00:00:00+08:00,21.299999237060547,21.399999618530273,21.25,21.25,83000,0.0,0.0
2024-08-01 00:00:00+08:00,21.299999237060547,21.549999237060547,21.299999237060547,21.5,19000,0.0,0.0
2024-08-02 00:00:00+08:00,21.100000381469727,21.700000762939453,21.100000381469727,21.299999237060547,102000,0.0,0.0
2024-08-05 00:00:00+08:00,21.25,21.25,19.850000381469727,20.049999237060547,249000,0.0,0.0
2024-08-06 00:00:00+08:00,20.200000762939453,20.899999618530273,20.0,20.299999237060547,236000,0.0,0.0
2024-08-07 00:00:00+08:00,20.5,20.799999237060547,20.450000762939453,20.75,93000,0.0,0.0
2024-08-08 00:00:00+08:00,20.549999237060547,20.799999237060547,20.5,20.75,35000,0.0,0.0
2024-08-09 00:00:00+08:00,21.399999618530273,21.399999618530273,21.049999237060547,21.049999237060547,50000,0.0,0.0
2024-08-12 00:00:00+08:00,20.700000762939453,21.049999237060547,20.700000762939453,20.899999618530273,85000,0.0,0.0
2024-08-13 00:00:00+08:00,20.850000381469727,20.950000762939453,20.799999237060547,20.850000381469727,30000,0.0,0.0
2024-08-14 00:00:00+08:00,20.799999237060547,20.950000762939453,20.799999237060547,20.950000762939453,28000,0.0,0.0
2024-08-15 00:00:00+08:00,21.0,21.0,20.75,20.950000762939453,91000,0.0,0.0
2024-08-16 00:00:00+08:00,20.950000762939453,21.149999618530273,20.950000762939453,21.049999237060547,73000,0.0,0.0
2024-08-19 00:00:00+08:00,21.0,21.049999237060547,20.899999618530273,20.950000762939453,101000,0.0,0.0
2024-08-20 00:00:00+08:00,21.100000381469727,21.149999618530273,21.049999237060547,21.049999237060547,27000,0.0,0.0
2024-08-21 00:00:00+08:00,21.0,21.0,20.950000762939453,20.950000762939453,31000,0.0,0.0
2024-08-22 00:00:00+08:00,20.899999618530273,21.149999618530273,20.899999618530273,21.149999618530273,80000,0.0,0.0
2024-08-23 00:00:00+08:00,21.100000381469727,21.200000762939453,21.0,21.149999618530273,62000,0.0,0.0
2024-08-26 00:00:00+08:00,21.299999237060547,21.5,21.25,21.25,92000,0.0,0.0
2024-08-27 00:00:00+08:00,21.25,21.5,21.25,21.399999618530273,97000,0.0,0.0
2024-08-28 00:00:00+08:00,21.450000762939453,21.649999618530273,21.450000762939453,21.600000381469727,84000,0.0,0.0
2024-08-29 00:00:00+08:00,21.5,21.700000762939453,21.5,21.700000762939453,83000,0.0,0.0
2024-08-30 00:00:00+08:00,21.600000381469727,21.700000762939453,21.549999237060547,21.700000762939453,107000,0.0,0.0
2024-09-02 00:00:00+08:00,21.700000762939453,21.700000762939453,21.5,21.600000381469727,75000,0.0,0.0
2024-09-03 00:00:00+08:00,21.600000381469727,21.899999618530273,21.549999237060547,21.700000762939453,199000,0.0,0.0
2024-09-04 00:00:00+08:00,20.799999237060547,21.700000762939453,20.799999237060547,21.5,80000,0.0,0.0
2024-09-05 00:00:00+08:00,21.549999237060547,21.799999237060547,21.350000381469727,21.399999618530273,84000,0.0,0.0
2024-09-06 00:00:00+08:00,21.450000762939453,21.899999618530273,21.450000762939453,21.450000762939453,211000,0.0,0.0
2024-09-09 00:00:00+08:00,21.5,22.850000381469727,21.5,22.299999237060547,713000,0.0,0.0
2024-09-10 00:00:00+08:00,22.350000381469727,22.649999618530273,21.899999618530273,21.899999618530273,216000,0.0,0.0
2024-09-11 00:00:00+08:00,22.200000762939453,22.399999618530273,22.100000381469727,22.299999237060547,197000,0.0,0.0
2024-09-12 00:00:00+08:00,22.299999237060547,22.350000381469727,22.0,22.350000381469727,174000,0.0,0.0
2024-09-13 00:00:00+08:00,22.450000762939453,23.600000381469727,22.350000381469727,23.049999237060547,944000,0.0,0.0
2024-09-16 00:00:00+08:00,23.799999237060547,25.350000381469727,23.299999237060547,25.25,3249000,0.0,0.0
2024-09-18 00:00:00+08:00,25.899999618530273,27.75,25.25,26.25,5578000,0.0,0.0
2024-09-19 00:00:00+08:00,25.700000762939453,27.399999618530273,25.350000381469727,26.049999237060547,2790000,0.0,0.0
2024-09-20 00:00:00+08:00,26.5,28.649999618530273,26.0,27.799999237060547,5738000,0.0,0.0
2024-09-23 00:00:00+08:00,27.399999618530273,28.299999237060547,26.75,27.799999237060547,3132000,0.0,0.0
2024-09-24 00:00:00+08:00,27.649999618530273,27.799999237060547,25.799999237060547,25.799999237060547,1724000,0.0,0.0
2024-09-25 00:00:00+08:00,25.799999237060547,26.899999618530273,25.5,25.5,1190000,0.0,0.0
2024-09-26 00:00:00+08:00,25.649999618530273,26.549999237060547,25.649999618530273,26.0,516000,0.0,0.0
2024-09-27 00:00:00+08:00,26.350000381469727,26.700000762939453,25.5,25.600000381469727,673000,0.0,0.0
2024-09-30 00:00:00+08:00,25.200000762939453,25.200000762939453,24.399999618530273,24.700000762939453,702000,0.0,0.0
2024-10-01 00:00:00+08:00,24.5,25.600000381469727,24.399999618530273,25.549999237060547,390000,0.0,0.0
2024-10-04 00:00:00+08:00,25.600000381469727,25.850000381469727,24.799999237060547,25.649999618530273,504000,0.0,0.0
2024-10-07 00:00:00+08:00,25.649999618530273,27.899999618530273,25.649999618530273,27.899999618530273,1271000,0.0,0.0
2024-10-08 00:00:00+08:00,27.600000381469727,28.299999237060547,26.700000762939453,27.700000762939453,1496000,0.0,0.0
2024-10-09 00:00:00+08:00,27.950000762939453,29.149999618530273,26.5,26.549999237060547,2315000,0.0,0.0
2024-10-11 00:00:00+08:00,26.5,27.049999237060547,26.0,26.0,336000,0.0,0.0
2024-10-14 00:00:00+08:00,26.0,26.149999618530273,25.0,25.149999618530273,847000,0.0,0.0
2024-10-15 00:00:00+08:00,25.399999618530273,25.899999618530273,24.950000762939453,25.049999237060547,278000,0.0,0.0
2024-10-16 00:00:00+08:00,24.549999237060547,25.399999618530273,24.5,25.25,213000,0.0,0.0
2024-10-17 00:00:00+08:00,25.25,25.899999618530273,25.25,25.450000762939453,295000,0.0,0.0
2024-10-18 00:00:00+08:00,25.5,25.899999618530273,25.25,25.350000381469727,282000,0.0,0.0
2024-10-21 00:00:00+08:00,25.399999618530273,27.200000762939453,25.399999618530273,26.0,832000,0.0,0.0
2024-10-22 00:00:00+08:00,26.0,27.5,25.75,26.899999618530273,691000,0.0,0.0
2024-10-23 00:00:00+08:00,27.100000381469727,28.0,26.899999618530273,26.899999618530273,942000,0.0,0.0
2024-10-24 00:00:00+08:00,27.0,27.549999237060547,26.5,26.649999618530273,704000,0.0,0.0
2024-10-25 00:00:00+08:00,27.0,28.950000762939453,27.0,28.299999237060547,3950000,0.0,0.0
2024-10-28 00:00:00+08:00,29.0,31.0,27.200000762939453,27.399999618530273,9037000,0.0,0.0
2024-10-29 00:00:00+08:00,26.600000381469727,26.850000381469727,25.799999237060547,26.549999237060547,2097000,0.0,0.0
2024-10-30 00:00:00+08:00,26.700000762939453,27.299999237060547,26.200000762939453,26.799999237060547,448000,0.0,0.0
2024-11-01 00:00:00+08:00,26.5,26.950000762939453,26.299999237060547,26.600000381469727,282000,0.0,0.0
2024-11-04 00:00:00+08:00,26.899999618530273,27.350000381469727,26.100000381469727,26.149999618530273,380000,0.0,0.0
2024-11-05 00:00:00+08:00,26.149999618530273,26.399999618530273,25.700000762939453,25.850000381469727,417000,0.0,0.0
2024-11-06 00:00:00+08:00,26.0,26.5,25.75,25.799999237060547,191000,0.0,0.0
2024-11-07 00:00:00+08:00,25.950000762939453,27.0,25.950000762939453,26.649999618530273,323000,0.0,0.0
2024-11-08 00:00:00+08:00,26.700000762939453,26.700000762939453,25.049999237060547,25.049999237060547,636000,0.0,0.0
2024-11-11 00:00:00+08:00,25.0,25.399999618530273,24.899999618530273,25.100000381469727,293000,0.0,0.0
2024-11-12 00:00:00+08:00,25.100000381469727,25.100000381469727,24.600000381469727,24.850000381469727,191000,0.0,0.0
2024-11-13 00:00:00+08:00,24.799999237060547,25.200000762939453,24.5,24.950000762939453,176000,0.0,0.0
2024-11-14 00:00:00+08:00,24.700000762939453,25.100000381469727,24.450000762939453,24.75,256000,0.0,0.0
2024-11-15 00:00:00+08:00,25.0,25.299999237060547,24.799999237060547,24.799999237060547,166000,0.0,0.0
2024-11-18 00:00:00+08:00,24.399999618530273,24.799999237060547,23.299999237060547,23.299999237060547,877000,0.0,0.0
2024-11-19 00:00:00+08:00,23.25,23.850000381469727,23.25,23.399999618530273,250000,0.0,0.0
2024-11-20 00:00:00+08:00,23.5,23.950000762939453,23.399999618530273,23.700000762939453,289250,0.0,0.0
2024-11-21 00:00:00+08:00,23.700000762939453,24.25,23.700000762939453,23.850000381469727,126000,0.0,0.0
2024-11-22 00:00:00+08:00,23.850000381469727,24.100000381469727,23.799999237060547,23.950000762939453,122000,0.0,0.0
2024-11-25 00:00:00+08:00,24.0,24.549999237060547,24.0,24.350000381469727,164000,0.0,0.0
2024-11-26 00:00:00+08:00,24.399999618530273,24.399999618530273,24.0,24.299999237060547,48000,0.0,0.0
2024-11-27 00:00:00+08:00,24.299999237060547,24.299999237060547,22.799999237060547,23.149999618530273,145000,0.0,0.0
2024-11-28 00:00:00+08:00,23.149999618530273,23.899999618530273,23.100000381469727,23.450000762939453,178000,0.0,0.0
2024-11-29 00:00:00+08:00,23.450000762939453,23.5,23.049999237060547,23.450000762939453,69000,0.0,0.0
2024-12-02 00:00:00+08:00,23.549999237060547,23.950000762939453,23.450000762939453,23.850000381469727,89000,0.0,0.0
2024-12-03 00:00:00+08:00,24.0,24.549999237060547,24.0,24.100000381469727,91000,0.0,0.0
2024-12-04 00:00:00+08:00,24.049999237060547,24.200000762939453,23.649999618530273,24.049999237060547,144000,0.0,0.0
2024-12-05 00:00:00+08:00,24.200000762939453,24.399999618530273,23.850000381469727,24.100000381469727,170000,0.0,0.0
2024-12-06 00:00:00+08:00,23.950000762939453,23.950000762939453,23.399999618530273,23.649999618530273,263000,0.0,0.0
2024-12-09 00:00:00+08:00,23.399999618530273,23.399999618530273,22.899999618530273,23.0,288000,0.0,0.0
2024-12-10 00:00:00+08:00,22.899999618530273,23.200000762939453,22.850000381469727,22.950000762939453,317000,0.0,0.0
2024-12-11 00:00:00+08:00,22.850000381469727,22.899999618530273,22.600000381469727,22.649999618530273,233000,0.0,0.0
2024-12-12 00:00:00+08:00,22.600000381469727,22.899999618530273,22.25,22.399999618530273,307000,0.0,0.0
2024-12-13 00:00:00+08:00,22.299999237060547,22.399999618530273,22.100000381469727,22.299999237060547,181000,0.0,0.0
2024-12-16 00:00:00+08:00,22.299999237060547,22.299999237060547,20.5,21.149999618530273,1361000,0.0,0.0
2024-12-17 00:00:00+08:00,21.549999237060547,21.549999237060547,21.200000762939453,21.25,98000,0.0,0.0
2024-12-18 00:00:00+08:00,21.299999237060547,21.5,21.0,21.299999237060547,80000,0.0,0.0
2024-12-19 00:00:00+08:00,21.25,21.399999618530273,20.5,21.100000381469727,122000,0.0,0.0
2024-12-20 00:00:00+08:00,21.399999618530273,21.399999618530273,21.0,21.200000762939453,84000,0.0,0.0
2024-12-23 00:00:00+08:00,21.200000762939453,21.399999618530273,21.200000762939453,21.25,28000,0.0,0.0
2024-12-24 00:00:00+08:00,21.0,21.350000381469727,21.0,21.25,42000,0.0,0.0
2024-12-25 00:00:00+08:00,21.25,21.5,21.100000381469727,21.399999618530273,97000,0.0,0.0
2024-12-26 00:00:00+08:00,21.5,21.799999237060547,21.5,21.649999618530273,73000,0.0,0.0
2024-12-27 00:00:00+08:00,21.700000762939453,21.950000762939453,21.649999618530273,21.899999618530273,109000,0.0,0.0
2024-12-30 00:00:00+08:00,22.0,22.200000762939453,21.700000762939453,21.850000381469727,44000,0.0,0.0
2024-12-31 00:00:00+08:00,21.700000762939453,22.049999237060547,21.649999618530273,22.049999237060547,20000,0.0,0.0
2025-01-02 00:00:00+08:00,22.049999237060547,22.700000762939453,21.649999618530273,21.649999618530273,126000,0.0,0.0
2025-01-03 00:00:00+08:00,21.950000762939453,22.299999237060547,21.5,21.649999618530273,73000,0.0,0.0
2025-01-06 00:00:00+08:00,21.700000762939453,21.850000381469727,21.5,21.799999237060547,58000,0.0,0.0
2025-01-07 00:00:00+08:00,22.200000762939453,22.200000762939453,21.799999237060547,21.799999237060547,82000,0.0,0.0
2025-01-08 00:00:00+08:00,21.649999618530273,21.799999237060547,21.549999237060547,21.799999237060547,36000,0.0,0.0
2025-01-09 00:00:00+08:00,22.049999237060547,22.100000381469727,21.549999237060547,21.700000762939453,112000,0.0,0.0
2025-01-10 00:00:00+08:00,21.700000762939453,21.700000762939453,21.549999237060547,21.649999618530273,70000,0.0,0.0
2025-01-13 00:00:00+08:00,21.5,21.5,20.5,20.799999237060547,240000,0.0,0.0
2025-01-14 00:00:00+08:00,20.799999237060547,20.850000381469727,20.600000381469727,20.799999237060547,53000,0.0,0.0
2025-01-15 00:00:00+08:00,20.799999237060547,20.899999618530273,20.700000762939453,20.899999618530273,52000,0.0,0.0
2025-01-16 00:00:00+08:00,20.899999618530273,21.100000381469727,20.899999618530273,20.950000762939453,36000,0.0,0.0
2025-01-17 00:00:00+08:00,20.950000762939453,20.950000762939453,20.850000381469727,20.899999618530273,47000,0.0,0.0
2025-01-20 00:00:00+08:00,20.899999618530273,21.049999237060547,20.850000381469727,21.049999237060547,20000,0.0,0.0
2025-01-21 00:00:00+08:00,20.950000762939453,21.049999237060547,20.75,21.049999237060547,71000,0.0,0.0
2025-01-22 00:00:00+08:00,20.899999618530273,21.200000762939453,20.799999237060547,21.100000381469727,80000,0.0,0.0
