Date,Open,High,Low,Close,Volume,Dividends,Stock Splits
2007-12-31 00:00:00+08:00,9.1153432351163,9.693555016369274,9.1153432351163,9.523492813110352,453998,0.0,0.0
2008-01-02 00:00:00+08:00,9.693555566031005,9.74457372209949,9.421455590128662,9.45546817779541,473008,0.0,0.0
2008-01-03 00:00:00+08:00,8.877255686177019,9.183368251396216,8.877255686177019,8.996299743652344,252718,0.0,0.0
2008-01-04 00:00:00+08:00,8.979294370603792,9.251394375878261,8.911269187927246,8.911269187927246,238181,0.0,0.0
2008-01-07 00:00:00+08:00,8.520124745298647,8.741205835201784,8.299043655395508,8.299043655395508,309747,0.0,0.0
2008-01-08 00:00:00+08:00,8.605156042120255,8.605156042120255,8.33305607715019,8.350062370300293,181152,0.0,0.0
2008-01-09 00:00:00+08:00,7.992930654697747,8.690186472705804,7.8908936248655035,8.57114315032959,301920,0.0,0.0
2008-01-10 00:00:00+08:00,8.792224227969628,8.84324310560154,8.554136857785618,8.57114315032959,186743,0.0,0.0
2008-01-11 00:00:00+08:00,8.707194907104865,8.826238984195932,8.588151555445556,8.605157852172852,107349,0.0,0.0
2008-01-14 00:00:00+08:00,8.775217935425657,8.775217935425657,8.57114315032959,8.57114315032959,99521,0.0,0.0
2008-01-15 00:00:00+08:00,8.707193166795646,8.911267961302942,8.63916871891429,8.67318058013916,175560,0.0,0.0
2008-01-16 00:00:00+08:00,8.571144066412499,8.605156655135703,8.401081848228142,8.486112594604492,167733,0.0,0.0
2008-01-17 00:00:00+08:00,8.503116921245221,8.962285311888202,8.469104340392928,8.741204261779785,400323,0.0,0.0
2008-01-18 00:00:00+08:00,9.14935600685875,9.14935600685875,8.826237861021736,8.894262313842773,213580,0.0,0.0
2008-01-21 00:00:00+08:00,8.877254503149535,8.945279669784345,8.707192311994051,8.843242645263672,89457,0.0,0.0
2008-01-22 00:00:00+08:00,8.367067670022209,8.656173168385061,8.23101806640625,8.23101806640625,256072,0.0,0.0
2008-01-23 00:00:00+08:00,8.38407387584276,8.435092748716434,7.669811831905879,7.6868181228637695,324284,0.0,0.0
2008-01-24 00:00:00+08:00,7.822867725095384,7.97592361828489,7.516755938716372,7.6868181228637695,215816,0.0,0.0
2008-01-25 00:00:00+08:00,7.924905654023735,8.09496784210205,7.8568804886197965,8.09496784210205,177797,0.0,0.0
2008-01-28 00:00:00+08:00,8.02694366204303,8.02694366204303,7.822868866211607,7.907900333404541,114058,0.0,0.0
2008-01-29 00:00:00+08:00,7.992932419024177,7.992932419024177,7.822870181477224,7.890895366668701,64856,0.0,0.0
2008-01-30 00:00:00+08:00,7.907899695273397,8.162993350835693,7.856880819074625,7.958918571472168,79393,0.0,0.0
2008-01-31 00:00:00+08:00,8.128981464811206,8.128981464811206,7.686819283979236,7.720831871032715,156551,0.0,0.0
2008-02-01 00:00:00+08:00,7.97592446558252,7.97592446558252,7.754844110507177,7.856881141662598,137541,0.0,0.0
2008-02-12 00:00:00+08:00,7.516757438199832,7.958919640446881,7.516757438199832,7.703825950622559,46965,0.0,0.0
2008-02-13 00:00:00+08:00,7.7378378762627404,7.92490637265544,7.7378378762627404,7.788856029510498,100640,0.0,0.0
2008-02-14 00:00:00+08:00,7.924905654023735,8.197005590207958,7.8568804886197965,8.09496784210205,339939,0.0,0.0
2008-02-15 00:00:00+08:00,8.094968858979659,8.333056242370086,7.958919236512967,8.299043655395508,163260,0.0,0.0
2008-02-18 00:00:00+08:00,8.333057104001774,8.707194148544376,8.333057104001774,8.639169692993164,373486,0.0,0.0
2008-02-19 00:00:00+08:00,8.979292720521725,8.979292720521725,8.503117980153707,8.57114315032959,116295,0.0,0.0
2008-02-20 00:00:00+08:00,8.588149580760655,8.588149580760655,8.401081085205078,8.401081085205078,196807,0.0,0.0
2008-02-21 00:00:00+08:00,8.571143545601318,8.758212046780374,8.537130958944834,8.67318058013916,228117,0.0,0.0
2008-02-22 00:00:00+08:00,8.707193988518622,8.97929398201775,8.520125469685373,8.809231758117676,327639,0.0,0.0
2008-02-25 00:00:00+08:00,9.047317781397535,9.047317781397535,8.826236706428363,8.860248565673828,238181,0.0,0.0
2008-02-26 00:00:00+08:00,8.894262854441516,8.894262854441516,8.690188032711276,8.707194328308105,220289,0.0,0.0
2008-02-27 00:00:00+08:00,8.707193799079503,8.91126860840595,8.707193799079503,8.894262313842773,194570,0.0,0.0
2008-02-29 00:00:00+08:00,8.894263560804788,9.506488800048828,8.84324539539426,9.506488800048828,707834,0.0,0.0
2008-03-03 00:00:00+08:00,9.506488800048828,9.693557341038819,9.353432127521934,9.506488800048828,907996,0.0,0.0
2008-03-04 00:00:00+08:00,9.55750529147156,9.965655621291042,9.55750529147156,9.778586387634277,816302,0.0,0.0
2008-03-05 00:00:00+08:00,9.778586387634277,9.829605269540668,9.455468253090423,9.778586387634277,427160,0.0,0.0
2008-03-06 00:00:00+08:00,9.812599351082914,9.999668591898493,9.693556014177398,9.761580467224121,250481,0.0,0.0
2008-03-07 00:00:00+08:00,9.693555566031005,9.710561859864379,9.353430414795168,9.45546817779541,279555,0.0,0.0
2008-03-10 00:00:00+08:00,9.31941885473214,9.353430718070049,9.115344047546387,9.115344047546387,294092,0.0,0.0
2008-03-11 00:00:00+08:00,9.081330376139745,9.285405158996582,9.081330376139745,9.285405158996582,90576,0.0,0.0
2008-03-12 00:00:00+08:00,9.387442139128545,9.45546730820598,9.183367357327809,9.200373649597168,269491,0.0,0.0
2008-03-13 00:00:00+08:00,9.183369193201715,9.183369193201715,8.911269187927246,8.911269187927246,134186,0.0,0.0
2008-03-14 00:00:00+08:00,9.013306788859726,9.149356426168545,8.911269016804336,8.962287902832031,124122,0.0,0.0
2008-03-17 00:00:00+08:00,8.979293772630676,8.979293772630676,8.707193785476615,8.775218963623047,121886,0.0,0.0
2008-03-18 00:00:00+08:00,8.775218963623047,8.843244141769478,8.707193785476615,8.775218963623047,95048,0.0,0.0
2008-03-19 00:00:00+08:00,8.996298544760453,8.996298544760453,8.826236353604969,8.843242645263672,166615,0.0,0.0
2008-03-20 00:00:00+08:00,8.843244592815074,9.047319412231445,8.843244592815074,9.047319412231445,89457,0.0,0.0
2008-03-21 00:00:00+08:00,9.013305455220383,9.081330626525407,8.894261405436591,8.979292869567871,103994,0.0,0.0
2008-03-24 00:00:00+08:00,9.591518144702656,9.591518144702656,9.285406295660794,9.35343074798584,642977,0.0,0.0
2008-03-25 00:00:00+08:00,9.35343074798584,9.506487397938432,9.25139370678244,9.35343074798584,226999,0.0,0.0
2008-03-26 00:00:00+08:00,9.353430770694796,9.455468537577591,9.285406318204595,9.319418907165527,154314,0.0,0.0
2008-03-27 00:00:00+08:00,9.183368499653865,9.183368499653865,9.081331458776818,9.115344047546387,105112,0.0,0.0
2008-03-28 00:00:00+08:00,9.132348996774432,9.217379730742024,9.132348996774432,9.166360855102539,68211,0.0,0.0
2008-03-31 00:00:00+08:00,9.285405486934946,9.319418072850926,9.183367729187012,9.183367729187012,111822,0.0,0.0
2008-04-01 00:00:00+08:00,9.183367404852378,9.319417743711316,9.183367404852378,9.285405158996582,110704,0.0,0.0
2008-04-02 00:00:00+08:00,9.455467433625852,9.591517048153753,9.37043597115118,9.489480018615723,318693,0.0,0.0
2008-04-03 00:00:00+08:00,9.421455976786136,9.625530785730234,9.421455976786136,9.55750560760498,84984,0.0,0.0
2008-04-07 00:00:00+08:00,9.455467641634145,9.523492813110352,9.353429884419835,9.523492813110352,230353,0.0,0.0
2008-04-08 00:00:00+08:00,9.523492838362658,9.795592074125787,9.506486545448512,9.642536163330078,338821,0.0,0.0
2008-04-09 00:00:00+08:00,9.591515600832306,9.999665833690921,9.591515600832306,9.676547050476074,540101,0.0,0.0
2008-04-10 00:00:00+08:00,9.6765497195578,9.795593056463316,9.59151824645981,9.761580467224121,213580,0.0,0.0
2008-04-11 00:00:00+08:00,9.863617245782368,9.965655003267239,9.642536163330078,9.642536163330078,260545,0.0,0.0
2008-04-14 00:00:00+08:00,9.59151860607979,9.67655008236591,9.52349415048259,9.625531196594238,121886,0.0,0.0
2008-04-15 00:00:00+08:00,9.574509310903553,9.693553340404828,9.5575030209748,9.676547050476074,92812,0.0,0.0
2008-04-16 00:00:00+08:00,9.761581247864413,9.812600135803223,9.693556789377729,9.812600135803223,168851,0.0,0.0
2008-04-17 00:00:00+08:00,9.812599351082914,9.999668591898493,9.761580467224121,9.761580467224121,554638,0.0,0.0
2008-04-18 00:00:00+08:00,9.795593056463316,9.812599351082914,9.693556014177398,9.761580467224121,234826,0.0,0.0
2008-04-21 00:00:00+08:00,9.98266191525984,9.98266191525984,9.761580093665481,9.778586387634277,155432,0.0,0.0
2008-04-22 00:00:00+08:00,9.829604148864746,9.94864746764252,9.693554538057068,9.829604148864746,181152,0.0,0.0
2008-04-23 00:00:00+08:00,9.863617648397833,9.863617648397833,9.71056173135465,9.744573593139648,178915,0.0,0.0
2008-04-24 00:00:00+08:00,9.761581244043555,9.846612723908287,9.693556785583496,9.693556785583496,167733,0.0,0.0
2008-04-25 00:00:00+08:00,9.693556785583496,9.846612723908287,9.62553160169171,9.693556785583496,303038,0.0,0.0
2008-04-28 00:00:00+08:00,9.62553040961553,9.795592622851872,9.557505234148339,9.574511528015137,131950,0.0,0.0
2008-04-29 00:00:00+08:00,9.608524096864137,9.608524096864137,9.421455590128662,9.45546817779541,134186,0.0,0.0
2008-04-30 00:00:00+08:00,9.455467641634145,9.591517259154964,9.370436177288887,9.523492813110352,129713,0.0,0.0
2008-05-02 00:00:00+08:00,9.86361634284025,10.186735153198242,9.795591177410877,10.186735153198242,720135,0.0,0.0
2008-05-05 00:00:00+08:00,10.883991241455078,10.883991241455078,10.883991241455078,10.883991241455078,767100,0.0,0.0
2008-05-06 00:00:00+08:00,11.122079765437741,11.122079765437741,10.713930142449598,10.83297348022461,1258000,0.0,0.0
2008-05-07 00:00:00+08:00,10.952016767867777,11.037048235565361,10.747941970825195,10.747941970825195,431633,0.0,0.0
2008-05-08 00:00:00+08:00,10.713929685385487,11.479210739914558,10.713929685385487,11.071061134338379,779400,0.0,0.0
2008-05-09 00:00:00+08:00,11.156093778747085,11.156093778747085,10.832974862807545,10.866988182067871,439461,0.0,0.0
2008-05-12 00:00:00+08:00,10.883991087482492,10.883991087482492,10.560872272228202,10.628896713256836,213580,0.0,0.0
2008-05-13 00:00:00+08:00,10.4418280745481,10.713928010882343,10.407816217258908,10.679915428161621,301920,0.0,0.0
2008-05-14 00:00:00+08:00,10.577880090171448,10.713929717291448,10.577880090171448,10.645904541015625,123004,0.0,0.0
2008-05-15 00:00:00+08:00,10.679915639263228,10.815965972835317,10.61189119790873,10.71392822265625,191216,0.0,0.0
2008-05-16 00:00:00+08:00,10.815969291325032,10.986031535036059,10.713931509839357,10.866988182067871,346648,0.0,0.0
2008-05-19 00:00:00+08:00,11.054056722693176,11.054056722693176,10.747944103667916,10.866988182067871,221408,0.0,0.0
2008-05-20 00:00:00+08:00,10.935009236896082,10.935009236896082,10.611891147073333,10.628896713256836,305274,0.0,0.0
2008-05-21 00:00:00+08:00,10.47584119859156,10.679915980029605,10.47584119859156,10.577878952026367,185624,0.0,0.0
2008-05-22 00:00:00+08:00,10.577879028727695,11.020041179288219,10.475841274553002,10.781953811645508,392496,0.0,0.0
2008-05-23 00:00:00+08:00,10.866986548404817,11.530229126627617,10.866986548404817,11.224117279052734,2311365,0.0,0.0
2008-05-26 00:00:00+08:00,10.88399259937689,10.952017049854796,10.441829681396484,10.441829681396484,887868,0.0,0.0
2008-05-27 00:00:00+08:00,10.101704273311364,10.33979164047961,10.101704273311364,10.203742027282715,391377,0.0,0.0
2008-05-28 00:00:00+08:00,10.37380669567944,10.543868934034112,10.050687789916992,10.050687789916992,175560,0.0,0.0
2008-05-29 00:00:00+08:00,10.16973088700613,10.271767930037965,9.863618307047275,9.93164348602295,213580,0.0,0.0
2008-05-30 00:00:00+08:00,9.982661466700367,9.999667759905007,9.557504862016016,9.591517448425293,330993,0.0,0.0
2008-06-02 00:00:00+08:00,9.591519009745817,9.846612723908287,9.591519009745817,9.693556785583496,137541,0.0,0.0
2008-06-03 00:00:00+08:00,9.761581244043555,9.761581244043555,9.642537897664656,9.693556785583496,91694,0.0,0.0
2008-06-04 00:00:00+08:00,9.693556014177398,9.897630824180904,9.625530835699006,9.761580467224121,343294,0.0,0.0
2008-06-05 00:00:00+08:00,9.76158000786738,9.99966812133789,9.693555558021725,9.99966812133789,333230,0.0,0.0
2008-06-06 00:00:00+08:00,10.101705708030458,10.101705708030458,9.81259942281552,9.93164348602295,297447,0.0,0.0
2008-06-09 00:00:00+08:00,9.693556217294763,9.863618441622531,9.591518447439089,9.79559326171875,233708,0.0,0.0
2008-06-10 00:00:00+08:00,9.829604827858622,9.829604827858622,9.591517448425293,9.591517448425293,190097,0.0,0.0
2008-06-11 00:00:00+08:00,9.591518144702656,9.591518144702656,9.319418884539148,9.35343074798584,248245,0.0,0.0
2008-06-12 00:00:00+08:00,9.234387288741704,9.234387288741704,8.70719361904699,8.826237678527832,390259,0.0,0.0
2008-06-13 00:00:00+08:00,8.809230969772381,8.843243556594917,8.656174329070964,8.758212089538574,175560,0.0,0.0
2008-06-16 00:00:00+08:00,8.843244560865775,8.996300493517161,8.775219379495516,8.962287902832031,247127,0.0,0.0
2008-06-17 00:00:00+08:00,8.962285961443047,8.97929225310175,8.673179728676645,8.843242645263672,175560,0.0,0.0
2008-06-18 00:00:00+08:00,8.96228664616475,9.183367729187012,8.911267767290784,9.183367729187012,178915,0.0,0.0
2008-06-19 00:00:00+08:00,9.081329446328057,9.21737904582569,8.945279121398926,8.945279121398926,220289,0.0,0.0
2008-06-20 00:00:00+08:00,9.013306961942066,9.030313257611201,8.89426289225811,8.911269187927246,98403,0.0,0.0
2008-06-23 00:00:00+08:00,8.673181737114447,8.843244693082738,8.673181737114447,8.707194328308105,142014,0.0,0.0
2008-06-24 00:00:00+08:00,8.80923210188908,8.877256558844687,8.673181737114447,8.707194328308105,200161,0.0,0.0
2008-06-25 00:00:00+08:00,8.6731797529722,8.809230086622929,8.503117561340332,8.503117561340332,209107,0.0,0.0
2008-06-26 00:00:00+08:00,8.77521892654741,8.77521892654741,8.673181159758876,8.690187454223633,46965,0.0,0.0
2008-06-27 00:00:00+08:00,8.469105740744311,8.503118327220523,8.16299391332161,8.435093879699707,138659,0.0,0.0
2008-06-30 00:00:00+08:00,8.435092943690213,8.554136257715575,8.09496784210205,8.09496784210205,190097,0.0,0.0
2008-07-01 00:00:00+08:00,7.822870715816594,8.094970749736493,7.533765109869006,7.618795871734619,369013,0.0,0.0
2008-07-02 00:00:00+08:00,7.61879421199715,7.805862717867185,7.550769762409994,7.737838268280029,188979,0.0,0.0
2008-07-03 00:00:00+08:00,7.652806464262806,8.16299380369086,7.516756845616739,8.145987510681152,131950,0.0,0.0
2008-07-04 00:00:00+08:00,8.197007179260254,8.316050516363074,7.9249071903273745,8.197007179260254,117413,0.0,0.0
2008-07-07 00:00:00+08:00,8.162994384765625,8.162994384765625,7.992931442562775,8.162994384765625,93930,0.0,0.0
2008-07-08 00:00:00+08:00,8.162995458217877,8.162995458217877,7.822870254516602,7.822870254516602,155432,0.0,0.0
2008-07-09 00:00:00+08:00,8.009937578000192,8.111975341299184,7.94191312789917,7.94191312789917,81630,0.0,0.0
2008-07-10 00:00:00+08:00,7.822868060691945,8.24802462744668,7.822868060691945,8.043949127197266,115176,0.0,0.0
2008-07-11 00:00:00+08:00,8.043948337662902,8.333054542541504,7.992929467608183,8.333054542541504,124122,0.0,0.0
2008-07-14 00:00:00+08:00,8.333058345541708,8.333058345541708,8.094970902060648,8.128983497619629,76039,0.0,0.0
2008-07-15 00:00:00+08:00,7.992932419024177,8.026945011619915,7.822870181477224,7.890895366668701,138659,0.0,0.0
2008-07-16 00:00:00+08:00,7.890893727191601,7.890893727191601,7.652806353920166,7.856881141662598,77157,0.0,0.0
2008-07-17 00:00:00+08:00,7.9079008244311595,8.043950454955986,7.856881940947475,8.026944160461426,148723,0.0,0.0
2008-07-18 00:00:00+08:00,8.162993497456242,8.231018666943113,7.516756563625693,7.635799884796143,192334,0.0,0.0
2008-07-21 00:00:00+08:00,7.805862289108132,7.975924491882324,7.7208315504368334,7.975924491882324,145368,0.0,0.0
2008-07-22 00:00:00+08:00,7.822868556133594,7.958918898249609,7.822868556133594,7.856881141662598,32428,0.0,0.0
2008-07-23 00:00:00+08:00,7.992931077301347,8.21401289206204,7.975924783858217,8.180000305175781,259427,0.0,0.0
2008-07-24 00:00:00+08:00,8.17999865780882,8.333054542541504,8.16299236779058,8.333054542541504,120768,0.0,0.0
2008-07-25 00:00:00+08:00,8.16299236779058,8.469104137255949,8.16299236779058,8.333054542541504,157669,0.0,0.0
2008-07-28 00:00:00+08:00,8.333054542541504,8.333054542541504,8.333054542541504,8.333054542541504,0,0.0,0.0
2008-07-29 00:00:00+08:00,8.333054542541504,8.333054542541504,8.333054542541504,8.333054542541504,0,0.0,0.0
2008-07-30 00:00:00+08:00,8.333054542541504,8.333054542541504,8.333054542541504,8.333054542541504,0,0.0,0.0
2008-07-31 00:00:00+08:00,8.333054542541504,8.333054542541504,8.333054542541504,8.333054542541504,0,0.0,0.0
2008-08-01 00:00:00+08:00,8.333054542541504,8.333054542541504,8.333054542541504,8.333054542541504,0,0.0,0.0
2008-08-04 00:00:00+08:00,8.333054542541504,8.333054542541504,8.333054542541504,8.333054542541504,0,0.0,0.0
2008-08-05 00:00:00+08:00,8.333054542541504,8.333054542541504,8.333054542541504,8.333054542541504,0,0.0,0.0
2008-08-06 00:00:00+08:00,8.333054542541504,8.333054542541504,8.333054542541504,8.333054542541504,0,0.0,0.0
2008-08-07 00:00:00+08:00,8.333054542541504,8.333054542541504,8.333054542541504,8.333054542541504,0,0.0,0.0
2008-08-08 00:00:00+08:00,8.333054542541504,8.333054542541504,8.333054542541504,8.333054542541504,0,0.0,0.0
2008-08-11 00:00:00+08:00,8.333054542541504,8.333054542541504,8.333054542541504,8.333054542541504,0,0.0,0.0
2008-08-12 00:00:00+08:00,8.333054542541504,8.333054542541504,8.333054542541504,8.333054542541504,0,0.0,0.0
2008-08-13 00:00:00+08:00,8.333054542541504,8.333054542541504,8.333054542541504,8.333054542541504,0,0.0,0.0
2008-08-14 00:00:00+08:00,8.333054542541504,8.333054542541504,8.333054542541504,8.333054542541504,0,0.0,0.0
2008-08-15 00:00:00+08:00,8.333054542541504,8.333054542541504,8.333054542541504,8.333054542541504,0,0.0,0.0
2008-08-18 00:00:00+08:00,8.503116670166632,8.503116670166632,8.214011192321777,8.214011192321777,135304,0.0,0.0
2008-08-19 00:00:00+08:00,8.04394977654869,8.350062326202337,8.04394977654869,8.265030860900879,128595,0.0,0.0
2008-08-20 00:00:00+08:00,8.162993711198457,8.401081085205078,8.162993711198457,8.401081085205078,69329,0.0,0.0
2008-08-21 00:00:00+08:00,8.265031424655682,8.265031424655682,8.162994384765625,8.162994384765625,27955,0.0,0.0
2008-08-22 00:00:00+08:00,8.231019561646765,8.231019561646765,8.094969207884485,8.162994384765625,54792,0.0,0.0
2008-08-25 00:00:00+08:00,8.162993827970732,8.28203715396117,8.128981241850148,8.265030860900879,54792,0.0,0.0
2008-08-26 00:00:00+08:00,8.162992634232191,8.162992634232191,8.043948600218894,8.111973762512207,65975,0.0,0.0
2008-08-27 00:00:00+08:00,8.128981241850148,8.384074912322921,8.128981241850148,8.265030860900879,109585,0.0,0.0
2008-08-28 00:00:00+08:00,8.29904250549847,8.350061378891274,8.214011775275315,8.23101806640625,41374,0.0,0.0
2008-08-29 00:00:00+08:00,8.367068242786504,8.401080827376692,8.265030489015942,8.282036781311035,51438,0.0,0.0
2008-09-01 00:00:00+08:00,8.231019561646765,8.231019561646765,7.873888108452434,8.162994384765625,90576,0.0,0.0
2008-09-02 00:00:00+08:00,8.12898133922499,8.12898133922499,7.890893958960526,8.009937286376953,156551,0.0,0.0
2008-09-03 00:00:00+08:00,7.99293296497961,8.026945559898572,7.584783276815657,7.618795871734619,136423,0.0,0.0
2008-09-04 00:00:00+08:00,7.516756017381667,7.61879303876535,7.091599464416504,7.091599464416504,318693,0.0,0.0
2008-09-05 00:00:00+08:00,6.59842159104054,7.040583870083791,6.59842159104054,6.802496433258057,500963,0.0,0.0
2008-09-08 00:00:00+08:00,7.040580139287657,7.278667449951172,7.040580139287657,7.278667449951172,171088,0.0,0.0
2008-09-09 00:00:00+08:00,7.278671306909525,7.278671306909525,6.785490135953949,6.802496433258057,246008,0.0,0.0
2008-09-10 00:00:00+08:00,7.006569716845067,7.006569716845067,6.8365075070665675,6.904531955718994,73802,0.0,0.0
2008-09-11 00:00:00+08:00,7.074594784385546,7.074594784385546,6.68345149015614,6.88752555847168,124122,0.0,0.0
2008-09-12 00:00:00+08:00,6.972557129803042,6.972557129803042,6.632432710246045,6.904531955718994,80512,0.0,0.0
2008-09-15 00:00:00+08:00,6.47937687520444,6.734469830353844,6.47937687520444,6.530395030975342,185624,0.0,0.0
2008-09-16 00:00:00+08:00,6.088233470916748,6.224283109351065,6.088233470916748,6.088233470916748,277319,0.0,0.0
2008-09-17 00:00:00+08:00,6.190269689742484,6.360331876449013,6.020207140320192,6.054219722747803,166615,0.0,0.0
2008-09-18 00:00:00+08:00,5.646070084498102,5.850144863128662,5.646070084498102,5.850144863128662,360067,0.0,0.0
2008-09-19 00:00:00+08:00,6.02020895236955,6.258296012878418,5.952184129754998,6.258296012878418,152078,0.0,0.0
2008-09-22 00:00:00+08:00,6.462370315853312,6.5644073486328125,6.326319971571844,6.5644073486328125,196807,0.0,0.0
2008-09-23 00:00:00+08:00,6.462370099079847,6.700456742722846,6.462370099079847,6.683451175689697,49201,0.0,0.0
2008-09-24 00:00:00+08:00,6.530394762562445,6.70045696748268,6.530394762562445,6.5644073486328125,105112,0.0,0.0
2008-09-25 00:00:00+08:00,6.802496433258057,6.904533491650923,6.632434185648757,6.802496433258057,327639,0.0,0.0
2008-09-26 00:00:00+08:00,6.802494340551633,6.904531367554023,6.581413269042969,6.581413269042969,107349,0.0,0.0
2008-09-29 00:00:00+08:00,6.581413269042969,6.581413269042969,6.581413269042969,6.581413269042969,0,0.0,0.0
2008-09-30 00:00:00+08:00,6.122246367649313,6.326321198208841,6.122246367649313,6.258296012878418,133068,0.0,0.0
2008-10-01 00:00:00+08:00,6.428357994001907,6.530395030975342,6.326320231596839,6.530395030975342,102876,0.0,0.0
2008-10-02 00:00:00+08:00,6.5984203494140115,6.700457388606541,6.530395172997894,6.63243293762207,71566,0.0,0.0
2008-10-03 00:00:00+08:00,6.292307584256563,6.598420143127441,6.292307584256563,6.598420143127441,61502,0.0,0.0
2008-10-06 00:00:00+08:00,6.666444697276055,6.666444697276055,6.462369918823241,6.462369918823242,65975,0.0,0.0
2008-10-07 00:00:00+08:00,6.326319741830471,6.564407110245257,6.292307156995276,6.411351203918457,110704,0.0,0.0
2008-10-08 00:00:00+08:00,6.207276511830395,6.4623709316666496,5.969189837513233,6.020208358764648,385786,0.0,0.0
2008-10-09 00:00:00+08:00,6.0094306561477895,6.162537432197817,5.760632739517406,5.856324672698975,201931,1.341415,1.03
2008-10-13 00:00:00+08:00,5.664941787719727,5.818048579582841,5.664941787719727,5.664941787719727,147648,0.0,0.0
2008-10-14 00:00:00+08:00,5.9711549305011795,6.047708325860375,5.894601535141984,6.028570175170898,113993,0.0,0.0
2008-10-15 00:00:00+08:00,5.875462244411917,6.028569005422361,5.856324097435895,5.8946003913879395,102051,0.0,0.0
2008-10-16 00:00:00+08:00,5.703218460083008,5.741495157876957,5.703218460083008,5.703218460083008,122678,0.0,0.0
2008-10-17 00:00:00+08:00,5.818046816997305,5.913737938471021,5.664940071518097,5.684078216552734,116164,0.0,0.0
2008-10-20 00:00:00+08:00,5.6840793940739776,5.779771327972412,5.588387856476153,5.779771327972412,67310,0.0,0.0
2008-10-21 00:00:00+08:00,5.856324859414489,6.047707939278228,5.856324859414489,5.875463008880615,133535,0.0,0.0
2008-10-22 00:00:00+08:00,5.932877853579614,6.028569789812101,5.760632923182001,5.875463008880615,72738,0.0,0.0
2008-10-23 00:00:00+08:00,5.7032167578878985,5.818046816997305,5.684078216552734,5.684078216552734,98794,0.0,0.0
2008-10-24 00:00:00+08:00,5.684078865819972,5.684078865819972,5.4926958084106445,5.4926958084106445,57539,0.0,0.0
2008-10-27 00:00:00+08:00,5.205622059381554,5.28217505687497,5.109930515289307,5.109930515289307,186732,0.0,0.0
2008-10-28 00:00:00+08:00,4.765441841612132,5.033377972595713,4.765441841612132,4.975963115692139,294211,0.0,0.0
2008-10-29 00:00:00+08:00,5.243897916918391,5.243897916918391,4.899408096286271,4.995100021362305,112907,0.0,0.0
2008-10-30 00:00:00+08:00,5.052514153897049,5.3395891189575195,5.052514153897049,5.3395891189575195,131363,0.0,0.0
2008-10-31 00:00:00+08:00,5.167345483569004,5.703218460083008,5.167345483569004,5.703218460083008,59710,0.0,0.0
2008-11-03 00:00:00+08:00,5.8180482334742,5.894601228551066,5.684079600413283,5.7606329917907715,150905,0.0,0.0
2008-11-04 00:00:00+08:00,5.779771881617062,5.818048579582841,5.6075269389213815,5.664941787719727,112907,0.0,0.0
2008-11-05 00:00:00+08:00,5.818047711702454,6.0094303803814295,5.741494327190394,5.837185859680176,106393,0.0,0.0
2008-11-06 00:00:00+08:00,5.684078865819972,5.684078865819972,5.473557661189941,5.4926958084106445,148734,0.0,0.0
2008-11-07 00:00:00+08:00,5.358728600294143,5.664941787719727,5.282175204362586,5.664941787719727,43426,0.0,0.0
2008-11-10 00:00:00+08:00,5.626666128983098,5.626666128983098,5.511836021964751,5.550112724304199,37997,0.0,0.0
2008-11-11 00:00:00+08:00,5.550111651500868,5.550111651500868,5.416143417358398,5.416143417358398,37997,0.0,0.0
2008-11-12 00:00:00+08:00,5.282174587249756,5.511834748213389,5.282174587249756,5.282174587249756,42340,0.0,0.0
2008-11-13 00:00:00+08:00,5.24389875627858,5.339590300370827,5.0907923649911115,5.109930515289307,43426,0.0,0.0
2008-11-14 00:00:00+08:00,5.24389801033078,5.301313245659284,5.052514553070068,5.052514553070068,65139,0.0,0.0
2008-11-17 00:00:00+08:00,4.822856302215004,5.167346236237855,4.822856302215004,4.975963115692139,67310,0.0,0.0
2008-11-18 00:00:00+08:00,4.975961872949352,4.975961872949352,4.708025412582,4.784578800201416,120507,0.0,0.0
2008-11-19 00:00:00+08:00,4.6314720249625845,4.899408485329936,4.59319572745348,4.784578800201416,92280,0.0,0.0
2008-11-20 00:00:00+08:00,4.593195477105388,4.708025155975218,4.478365401934977,4.516642093658447,83595,0.0,0.0
2008-11-21 00:00:00+08:00,4.286982178140136,4.708024978637695,4.286982178140136,4.708024978637695,77081,0.0,0.0
2008-11-24 00:00:00+08:00,4.822854298089783,4.880269527435303,4.669748340836856,4.880269527435303,47768,0.0,0.0
2008-11-25 00:00:00+08:00,4.956823825836182,5.014239070468743,4.8994089775042635,4.956823825836182,39083,0.0,0.0
2008-11-26 00:00:00+08:00,4.956823713160992,4.956823713160992,4.803717322322641,4.822855472564697,49940,0.0,0.0
2008-11-27 00:00:00+08:00,4.899408147093805,5.129067897796631,4.899408147093805,5.129067897796631,60796,0.0,0.0
2008-11-28 00:00:00+08:00,5.109930140716652,5.109930140716652,5.014238603638871,5.071653842926025,91194,0.0,0.0
2008-12-01 00:00:00+08:00,5.052514553070068,5.167344627426496,5.052514553070068,5.052514553070068,74910,0.0,0.0
2008-12-02 00:00:00+08:00,4.822856302215004,4.975963115692139,4.822856302215004,4.975963115692139,70567,0.0,0.0
2008-12-03 00:00:00+08:00,4.975962185871345,4.975962185871345,4.841993947262845,4.937685489654541,21713,0.0,0.0
2008-12-04 00:00:00+08:00,5.014238030659615,5.014238030659615,4.86113166809082,4.86113166809082,59710,0.0,0.0
2008-12-05 00:00:00+08:00,4.784578359201094,4.8611317397644935,4.708024978637695,4.708024978637695,24970,0.0,0.0
2008-12-08 00:00:00+08:00,4.841993763937718,4.9185471534729,4.784578919936638,4.9185471534729,26055,0.0,0.0
2008-12-09 00:00:00+08:00,4.9185471534729,5.052514990708549,4.9185471534729,4.9185471534729,87937,0.0,0.0
2008-12-10 00:00:00+08:00,4.975961928371985,5.243898391723633,4.975961928371985,5.243898391723633,155248,0.0,0.0
2008-12-11 00:00:00+08:00,5.320452289906592,5.435281987315028,5.20562219619751,5.20562219619751,128107,0.0,0.0
2008-12-12 00:00:00+08:00,5.205621869305256,5.377866404601642,5.052515087307641,5.090792179107666,99880,0.0,0.0
2008-12-15 00:00:00+08:00,5.224760955034466,5.339590657096412,5.16734570770283,5.301314353942871,87937,0.0,0.0
2008-12-16 00:00:00+08:00,5.2438988941005364,5.301314139105401,5.186484045396319,5.20562219619751,39083,0.0,0.0
2008-12-17 00:00:00+08:00,5.33958963532748,5.397004871672296,5.263036251068115,5.263036251068115,125935,0.0,0.0
2008-12-18 00:00:00+08:00,5.263037047529351,5.511835385872921,5.263037047529351,5.377866744995117,106393,0.0,0.0
2008-12-19 00:00:00+08:00,5.282175015617361,5.530973345354418,5.282175015617361,5.358728408813477,127021,0.0,0.0
2008-12-22 00:00:00+08:00,5.435282207581588,5.435282207581588,5.301314353942871,5.301314353942871,71653,0.0,0.0
2008-12-23 00:00:00+08:00,5.090791991821338,5.2821746696762935,5.071653842926025,5.071653842926025,59710,0.0,0.0
2008-12-24 00:00:00+08:00,5.014239411730493,5.167345816469352,5.014239411730493,5.148207664489746,28226,0.0,0.0
2008-12-25 00:00:00+08:00,5.20562219619751,5.263037044901727,5.186484045396319,5.20562219619751,61882,0.0,0.0
2008-12-26 00:00:00+08:00,5.167344570159912,5.282174246943172,5.129067879131967,5.167344570159912,66224,0.0,0.0
2008-12-29 00:00:00+08:00,5.205621035868963,5.224759578704834,5.167344346497777,5.224759578704834,57539,0.0,0.0
2008-12-30 00:00:00+08:00,5.263035862278792,5.588387126895966,5.243897715778012,5.511834144592285,227987,0.0,0.0
2008-12-31 00:00:00+08:00,5.511834765722751,5.511834765722751,5.320451693945694,5.397005081176758,121593,0.0,0.0
2009-01-02 00:00:00+08:00,5.397005081176758,5.397005081176758,5.397005081176758,5.397005081176758,0,0.0,0.0
2009-01-05 00:00:00+08:00,5.5501110426739,5.5501110426739,5.454419117668665,5.4926958084106445,44511,0.0,0.0
2009-01-06 00:00:00+08:00,5.550112083795058,5.550112083795058,5.22476074590786,5.377866744995117,115079,0.0,0.0
2009-01-07 00:00:00+08:00,5.473559319625301,5.550112724304199,5.435282617285853,5.550112724304199,75995,0.0,0.0
2009-01-08 00:00:00+08:00,5.377866664864106,5.454420059567724,5.3204522132873535,5.3204522132873535,69481,0.0,0.0
2009-01-09 00:00:00+08:00,5.435280641877494,5.435280641877494,5.320450972893744,5.3395891189575195,42340,0.0,0.0
2009-01-12 00:00:00+08:00,5.358728808673183,5.358728808673183,5.2056224071570325,5.301314353942871,49940,0.0,0.0
2009-01-13 00:00:00+08:00,5.301313631227992,5.301313631227992,5.16734500325156,5.243898391723633,55368,0.0,0.0
2009-01-14 00:00:00+08:00,5.3204517801957065,5.33958992916342,5.243898391723633,5.243898391723633,33655,0.0,0.0
2009-01-15 00:00:00+08:00,5.205621261187857,5.205621261187857,5.109929731768282,5.167344570159912,24970,0.0,0.0
2009-01-16 00:00:00+08:00,5.205621697487596,5.243898391723633,5.186483548519882,5.243898391723633,44511,0.0,0.0
2009-01-19 00:00:00+08:00,5.39700526803831,5.49269641093937,5.39700526803831,5.416143417358398,82509,0.0,0.0
2009-01-20 00:00:00+08:00,5.358728408813477,5.358728408813477,5.301313958367339,5.358728408813477,51025,0.0,0.0
2009-01-21 00:00:00+08:00,5.282175409764776,5.301314353942871,5.2056224071570325,5.301314353942871,51025,0.0,0.0
2009-02-02 00:00:00+08:00,5.320451487412932,5.473557859631074,5.205621411023885,5.263036251068115,15199,0.0,0.0
2009-02-03 00:00:00+08:00,5.320452108516052,5.358728408813477,5.320452108516052,5.358728408813477,19541,0.0,0.0
2009-02-04 00:00:00+08:00,5.37786632611699,5.435281566678488,5.339590027476812,5.416143417358398,13027,0.0,0.0
2009-02-05 00:00:00+08:00,5.397005607990971,5.397005607990971,5.3204522132873535,5.3204522132873535,54282,0.0,0.0
2009-02-06 00:00:00+08:00,5.358728075491864,5.4544196128845215,5.339589926533575,5.4544196128845215,28226,0.0,0.0
2009-02-09 00:00:00+08:00,5.492695601790947,5.550110833894404,5.454418912488829,5.511834144592285,73824,0.0,0.0
2009-02-10 00:00:00+08:00,5.511834144592285,5.550110833894404,5.35872738738381,5.511834144592285,22798,0.0,0.0
2009-02-11 00:00:00+08:00,5.511834843396813,5.856324694490629,5.473558149241877,5.818048000335693,154162,0.0,0.0
2009-02-12 00:00:00+08:00,5.8180493713485255,5.856326074523298,5.60752770203763,5.645804405212402,156333,0.0,0.0
2009-02-13 00:00:00+08:00,5.626665486054595,5.779771881617062,5.626665486054595,5.664941787719727,87937,0.0,0.0
2009-02-16 00:00:00+08:00,5.684079532716258,5.894601158346742,5.684079532716258,5.875463008880615,64053,0.0,0.0
2009-02-17 00:00:00+08:00,5.875461648401746,5.875461648401746,5.684078216552734,5.684078216552734,91194,0.0,0.0
2009-02-18 00:00:00+08:00,5.664941787719727,5.722357032818718,5.588388391788169,5.664941787719727,60796,0.0,0.0
2009-02-19 00:00:00+08:00,5.664941762289058,5.741495157876957,5.664941762289058,5.703218460083008,75995,0.0,0.0
2009-02-20 00:00:00+08:00,5.684078216552734,5.741493444257701,5.684078216552734,5.684078216552734,16284,0.0,0.0
2009-02-23 00:00:00+08:00,5.6649420255919365,5.798910275947196,5.550112323173521,5.722357273101807,35826,0.0,0.0
2009-02-24 00:00:00+08:00,5.626663781448821,5.7606315892923385,5.626663781448821,5.684078216552734,22798,0.0,0.0
2009-02-25 00:00:00+08:00,5.741495157876957,5.818048553464856,5.684079913035711,5.703218460083008,56453,0.0,0.0
2009-02-26 00:00:00+08:00,5.7414946336731605,5.818048022271664,5.703217939373908,5.779771327972412,30398,0.0,0.0
2009-02-27 00:00:00+08:00,5.7032178382385705,5.779771225479551,5.397005081875855,5.6075263023376465,351751,0.0,0.0
2009-03-02 00:00:00+08:00,5.569248980395185,5.588387126895966,5.473557455290167,5.511834144592285,169361,0.0,0.0
2009-03-03 00:00:00+08:00,5.358726937133722,5.473556995391846,5.2821735649616395,5.473556995391846,45597,0.0,0.0
2009-03-04 00:00:00+08:00,5.473557869718395,5.626664638519287,5.473557869718395,5.626664638519287,84680,0.0,0.0
2009-03-05 00:00:00+08:00,5.703217939373908,5.818048022271664,5.626664947076013,5.779771327972412,144391,0.0,0.0
2009-03-06 00:00:00+08:00,5.779771011019593,5.779771011019593,5.588387550018477,5.626664638519287,83595,0.0,0.0
2009-03-09 00:00:00+08:00,5.664941144618081,5.722356383199116,5.588387757377101,5.6075263023376465,48854,0.0,0.0
2009-03-10 00:00:00+08:00,5.6840793940739776,5.779771327972412,5.626664947076013,5.779771327972412,140049,0.0,0.0
2009-03-11 00:00:00+08:00,5.837186149262858,5.894600992344958,5.779771306180757,5.818048000335693,157419,0.0,0.0
2009-03-12 00:00:00+08:00,5.779770716930672,5.93287708164055,5.703217336425451,5.8946003913879395,104222,0.0,0.0
2009-03-13 00:00:00+08:00,6.009430065845206,6.047707152398384,5.856324097435895,5.8946003913879395,113993,0.0,0.0
2009-03-16 00:00:00+08:00,5.856325465346973,6.009431469518538,5.856325465346973,5.971155166625977,97708,0.0,0.0
2009-03-17 00:00:00+08:00,5.952016493076595,6.085984334050396,5.875463101405317,6.047708034515381,146563,0.0,0.0
2009-03-18 00:00:00+08:00,6.085984077049521,6.449612077681757,5.952016241732957,6.353920936584473,336552,0.0,0.0
2009-03-19 00:00:00+08:00,6.353919464500376,6.392195753551148,6.162536037743937,6.239089012145996,166104,0.0,0.0
2009-03-20 00:00:00+08:00,6.181677077003466,6.200815229263873,5.932878719814116,6.162538528442383,113993,0.0,0.0
2009-03-23 00:00:00+08:00,6.047707231117097,6.4687500367751,6.047707231117097,6.3921966552734375,245357,0.0,0.0
2009-03-24 00:00:00+08:00,6.564442028432756,6.58358097076416,6.353921192499167,6.58358097076416,286612,0.0,0.0
2009-03-25 00:00:00+08:00,6.621857378846616,7.042901039123535,6.583581078758436,7.042901039123535,541740,0.0,0.0
2009-03-26 00:00:00+08:00,7.406527069427821,7.521357536315918,7.27255924819322,7.521357536315918,237757,0.0,0.0
2009-03-27 00:00:00+08:00,8.038090823885282,8.038090823885282,7.5404950800471475,7.636186599731445,428832,0.0,0.0
2009-03-30 00:00:00+08:00,8.152920921205547,8.152920921205547,7.712739633074586,7.808431148529053,844637,0.0,0.0
2009-03-31 00:00:00+08:00,7.655325949332487,7.846709018805679,7.655325949332487,7.693603038787842,287697,0.0,0.0
2009-04-02 00:00:00+08:00,7.961537097695579,7.961537097695579,7.770154066786645,7.808431148529053,285526,0.0,0.0
2009-04-03 00:00:00+08:00,7.961538277319561,8.133783189178533,7.8084323054680365,8.038091659545898,526541,0.0,0.0
2009-04-06 00:00:00+08:00,8.152922129185981,8.210336571404872,7.999815364733306,8.038091659545898,512428,0.0,0.0
2009-04-07 00:00:00+08:00,8.11464721121233,8.11464721121233,7.846710698088253,7.980678558349609,280098,0.0,0.0
2009-04-08 00:00:00+08:00,8.114645770891038,8.152922861744063,7.980677141807282,8.095507621765137,272498,0.0,0.0
2009-04-09 00:00:00+08:00,8.210336231547121,8.420857429504395,8.152921791704838,8.420857429504395,403862,0.0,0.0
2009-04-10 00:00:00+08:00,8.53568787808075,8.573964967391223,8.26775221591339,8.40172004699707,350665,0.0,0.0
2009-04-13 00:00:00+08:00,8.26775207005485,8.420858046792096,8.191198685385638,8.306028366088867,248614,0.0,0.0
2009-04-14 00:00:00+08:00,8.286891752635222,8.286891752635222,8.172062050667874,8.267753601074219,191074,0.0,0.0
2009-04-15 00:00:00+08:00,8.267753601074219,8.286891752635222,8.15292389910687,8.267753601074219,248614,0.0,0.0
2009-04-16 00:00:00+08:00,8.28689075177652,8.573965368323787,8.28689075177652,8.344305992126465,271413,0.0,0.0
2009-04-17 00:00:00+08:00,8.344307402092118,8.478275262077352,7.846710681915283,7.846710681915283,571053,0.0,0.0
2009-04-20 00:00:00+08:00,7.846708450827657,7.999815212364172,7.693602481892278,7.942399978637695,115079,0.0,0.0
2009-04-21 00:00:00+08:00,7.923263400994849,8.49741268157959,7.846710005063292,8.49741268157959,319181,0.0,0.0
2009-04-22 00:00:00+08:00,8.72707089639208,8.99500732527786,8.497410760518077,8.975869178771973,471173,0.0,0.0
2009-04-23 00:00:00+08:00,8.918456238281998,8.918456238281998,8.49741294395832,8.688796043395996,257299,0.0,0.0
2009-04-24 00:00:00+08:00,8.49741294395832,8.803626537139655,8.49741294395832,8.688796043395996,195417,0.0,0.0
2009-04-27 00:00:00+08:00,8.727073201544934,8.727073201544934,8.267753601074219,8.267753601074219,161762,0.0,0.0
2009-04-28 00:00:00+08:00,8.038091916047215,8.344305454724061,8.038091916047215,8.306028366088867,117250,0.0,0.0
2009-04-29 00:00:00+08:00,8.114645300716427,8.344305454724061,8.076369004682409,8.306028366088867,135706,0.0,0.0
2009-04-30 00:00:00+08:00,8.401720854712975,8.880179365183698,8.401720854712975,8.631381034851074,369121,0.0,0.0
2009-05-04 00:00:00+08:00,8.746211764177307,8.918456721524493,8.63138205681297,8.803627014160156,466830,0.0,0.0
2009-05-05 00:00:00+08:00,8.918456721524493,9.033286428888829,8.727073611716811,8.803627014160156,397348,0.0,0.0
2009-05-06 00:00:00+08:00,8.61224213087622,8.880179405212402,8.61224213087622,8.880179405212402,222558,0.0,0.0
2009-05-07 00:00:00+08:00,8.918454470540139,9.109837532043457,8.88017817527994,9.109837532043457,300725,0.0,0.0
2009-05-08 00:00:00+08:00,9.148114738769266,9.186391830444336,8.995008749872708,9.186391830444336,210616,0.0,0.0
2009-05-11 00:00:00+08:00,9.186391499034608,9.186391499034608,9.071561813354492,9.071561813354492,273584,0.0,0.0
2009-05-12 00:00:00+08:00,8.99500909949843,9.071562493222872,8.727072617763518,8.880179405212402,204102,0.0,0.0
2009-05-13 00:00:00+08:00,8.880179827833642,8.937594281408462,8.707934881906567,8.841902732849121,83595,0.0,0.0
2009-05-14 00:00:00+08:00,8.68879548543465,8.803625971804331,8.439997947703292,8.631381034851074,111822,0.0,0.0
2009-05-15 00:00:00+08:00,8.650519021150057,8.956731796264648,8.650519021150057,8.956731796264648,150905,0.0,0.0
2009-05-18 00:00:00+08:00,9.377775144333768,9.56915822966698,9.109838666347017,9.454328536987305,995543,0.0,0.0
2009-05-19 00:00:00+08:00,9.454328444996742,9.530881836905415,9.128976727535193,9.282083511352539,559111,0.0,0.0
2009-05-20 00:00:00+08:00,9.282082253395629,9.301220400628782,9.052422108794367,9.090699195861816,222558,0.0,0.0
2009-05-21 00:00:00+08:00,9.186391830444336,9.301221520267065,9.109838439695437,9.186391830444336,156333,0.0,0.0
2009-05-22 00:00:00+08:00,9.377774320998139,9.377774320998139,9.109837866535267,9.2246675491333,242100,0.0,0.0
2009-05-25 00:00:00+08:00,9.2246675491333,9.358636172665332,9.09069971820246,9.2246675491333,352837,0.0,0.0
2009-05-26 00:00:00+08:00,9.224667841092682,9.224667841092682,8.918455080272606,8.99500846862793,261642,0.0,0.0
2009-05-27 00:00:00+08:00,9.033285048946537,9.301221520267065,9.033285048946537,9.186391830444336,249700,0.0,0.0
2009-06-01 00:00:00+08:00,9.301220400628782,9.301220400628782,9.071561048628665,9.090699195861816,305068,0.0,0.0
2009-06-02 00:00:00+08:00,9.262944931570951,9.262944931570951,8.918455080272606,8.99500846862793,492886,0.0,0.0
2009-06-03 00:00:00+08:00,8.93759385605478,9.033285400060015,8.841902312049546,8.880179405212402,142220,0.0,0.0
2009-06-04 00:00:00+08:00,8.880179405212402,8.99500909949843,8.861040462330338,8.880179405212402,109650,0.0,0.0
2009-06-05 00:00:00+08:00,9.109837570763835,9.109837570763835,8.995007891894007,9.033284187316895,179132,0.0,0.0
2009-06-08 00:00:00+08:00,9.109837456616935,9.128975604088577,8.841901014210487,8.861039161682129,147648,0.0,0.0
2009-06-09 00:00:00+08:00,8.861038764634156,8.861038764634156,8.420857429504395,8.420857429504395,272498,0.0,0.0
2009-06-10 00:00:00+08:00,8.076368412647343,8.459134515333702,8.076368412647343,8.420857429504395,180218,0.0,0.0
2009-06-11 00:00:00+08:00,8.650519421780523,8.650519421780523,8.439998178676973,8.573966026306152,118336,0.0,0.0
2009-06-12 00:00:00+08:00,8.248614774081005,8.554827551787016,8.248614774081005,8.459136009216309,115079,0.0,0.0
2009-06-15 00:00:00+08:00,8.248614453277376,8.459135680225126,8.248614453277376,8.344305992126465,129192,0.0,0.0
2009-06-16 00:00:00+08:00,8.344305454724061,8.344305454724061,8.248613922037842,8.306028366088867,66224,0.0,0.0
2009-06-17 00:00:00+08:00,8.420858964696018,8.420858964696018,8.325168214180339,8.382582664489746,67310,0.0,0.0
2009-06-18 00:00:00+08:00,8.38258261663949,8.459136009216309,8.286891074068784,8.459136009216309,70567,0.0,0.0
2009-06-19 00:00:00+08:00,8.459136641111312,8.688796043395996,8.420859545662987,8.688796043395996,102051,0.0,0.0
2009-06-22 00:00:00+08:00,8.554827080035736,8.99500846862793,8.554827080035736,8.99500846862793,83595,0.0,0.0
2009-06-23 00:00:00+08:00,8.995009527584589,9.033285829967802,8.841902732849121,8.841902732849121,159590,0.0,0.0
2009-06-24 00:00:00+08:00,8.918455080272606,9.167252601675887,8.80362539404023,8.99500846862793,144391,0.0,0.0
2009-06-25 00:00:00+08:00,9.01414603960545,9.186390954210776,8.995007891894007,9.033284187316895,159590,0.0,0.0
2009-06-26 00:00:00+08:00,9.033285048946537,9.24380627905508,9.033285048946537,9.186391830444336,242100,0.0,0.0
2009-06-29 00:00:00+08:00,9.377774583769474,9.81795597076416,9.30122119569198,9.81795597076416,1302783,0.0,0.0
2009-06-30 00:00:00+08:00,9.875370358279287,9.875370358279287,9.454327915274312,9.569157600402832,536312,0.0,0.0
2009-07-01 00:00:00+08:00,9.492604212783416,9.607434690513143,9.454327915274312,9.569157600402832,241014,0.0,0.0
2009-07-02 00:00:00+08:00,9.588296469635564,9.64571171281469,9.492604926071197,9.62657356262207,357179,0.0,0.0
2009-07-03 00:00:00+08:00,9.626573472307449,9.626573472307449,9.416052236961166,9.454328536987305,221473,0.0,0.0
2009-07-06 00:00:00+08:00,9.511743684728543,9.760541217618696,9.45432844266091,9.60743522644043,276841,0.0,0.0
2009-07-07 00:00:00+08:00,9.645710368766597,9.837093429227721,9.607434073714836,9.68398666381836,841380,0.0,0.0
2009-07-08 00:00:00+08:00,9.683988771318223,9.726184431520895,9.451910018920898,9.451910018920898,384321,2.164596,0.0
2009-07-09 00:00:00+08:00,9.451909373487787,9.789478127101448,9.451909373487787,9.473007202148438,271413,0.0,0.0
2009-07-10 00:00:00+08:00,9.768379982333284,10.127046585083008,9.768379982333284,10.127046585083008,1165991,0.0,0.0
2009-07-13 00:00:00+08:00,10.295829505428198,10.422417340353757,9.705085110761267,9.72618293762207,842466,0.0,0.0
2009-07-14 00:00:00+08:00,9.747281074523926,9.916065442300518,9.536301051683571,9.747281074523926,205188,0.0,0.0
2009-07-15 00:00:00+08:00,9.873868913475984,9.95826109736428,9.705085419460163,9.747281074523926,300725,0.0,0.0
2009-07-16 00:00:00+08:00,9.852771318658299,9.852771318658299,9.578496932983398,9.578496932983398,272498,0.0,0.0
2009-07-17 00:00:00+08:00,9.578499454496505,9.641793829009945,9.494107246398926,9.494107246398926,339809,0.0,0.0
2009-07-20 00:00:00+08:00,9.494105102509318,9.831673858672323,9.494105102509318,9.66288948059082,242100,0.0,0.0
2009-07-21 00:00:00+08:00,9.705087271863723,9.705087271863723,9.536302871871365,9.557400703430176,130278,0.0,0.0
2009-07-22 00:00:00+08:00,9.557399132132534,9.66288914634429,9.515203475952148,9.515203475952148,213873,0.0,0.0
2009-07-23 00:00:00+08:00,9.536301304042341,9.578496960222726,9.515203475952148,9.515203475952148,94451,0.0,0.0
2009-07-24 00:00:00+08:00,9.705087271863723,9.705087271863723,9.557400703430176,9.557400703430176,125935,0.0,0.0
2009-07-27 00:00:00+08:00,9.57849673467101,9.894967643614901,9.57849673467101,9.873868942260742,265984,0.0,0.0
2009-07-28 00:00:00+08:00,9.873868911230774,10.549005508422852,9.578496704569288,10.549005508422852,1558997,0.0,0.0
2009-07-29 00:00:00+08:00,11.287436485290527,11.287436485290527,11.287436485290527,11.287436485290527,2045369,0.0,0.0
2009-07-30 00:00:00+08:00,11.772690556773533,11.772690556773533,11.013162612915039,11.013162612915039,2061654,0.0,0.0
2009-07-31 00:00:00+08:00,11.013164177314097,11.561712166145385,11.013164177314097,11.055359840393066,1084567,0.0,0.0
2009-08-03 00:00:00+08:00,11.181946858506835,11.308534702048359,10.717790267173516,10.75998592376709,664419,0.0,0.0
2009-08-04 00:00:00+08:00,11.224142489560933,11.224142489560933,10.633398056030273,10.633398056030273,512428,0.0,0.0
2009-08-05 00:00:00+08:00,10.633399250368647,10.633399250368647,10.338027000427246,10.338027000427246,543912,0.0,0.0
2009-08-06 00:00:00+08:00,10.338026266446093,10.338026266446093,9.916066188991321,10.042654037475586,287697,0.0,0.0
2009-08-10 00:00:00+08:00,9.705085492423196,10.738887786865234,9.705085492423196,10.738887786865234,439689,0.0,0.0
2009-08-11 00:00:00+08:00,10.738887477045196,10.970965322466686,10.591201813711727,10.717789649963379,341980,0.0,0.0
2009-08-12 00:00:00+08:00,10.738887477045196,10.844377486215032,10.549005285787342,10.717789649963379,193246,0.0,0.0
2009-08-13 00:00:00+08:00,10.949868125959775,10.949868125959775,10.675593736819142,10.75998592376709,197588,0.0,0.0
2009-08-14 00:00:00+08:00,11.139750328152461,11.139750328152461,10.75998592376709,10.75998592376709,210616,0.0,0.0
2009-08-17 00:00:00+08:00,10.844378730336182,10.970966581110623,10.71779087956174,10.8021821975708,233415,0.0,0.0
2009-08-18 00:00:00+08:00,10.549006005247563,10.886573882861592,10.127045939789822,10.148143768310547,373464,0.0,0.0
2009-08-19 00:00:00+08:00,10.253634804192432,10.464614857899019,10.253634804192432,10.338027000427246,173704,0.0,0.0
2009-08-20 00:00:00+08:00,10.42241976656471,10.42241976656471,10.042655299622801,10.190340995788574,123764,0.0,0.0
2009-08-21 00:00:00+08:00,10.253634422874496,10.338026615970886,9.747282138057022,10.000458717346191,135706,0.0,0.0
2009-08-24 00:00:00+08:00,10.127046227718706,10.127046227718706,10.042654037475586,10.042654037475586,70567,0.0,0.0
2009-08-25 00:00:00+08:00,10.042653729046348,10.211438104348897,9.958261541395073,10.02155590057373,61882,0.0,0.0
2009-08-26 00:00:00+08:00,9.916065216064453,9.937163043114985,9.831673034101573,9.916065216064453,102051,0.0,0.0
2009-08-27 00:00:00+08:00,9.873869278756123,10.021555824464443,9.831673622131348,9.831673622131348,47768,0.0,0.0
2009-08-28 00:00:00+08:00,9.831673622131348,9.93716363745409,9.831673622131348,9.831673622131348,99880,0.0,0.0
2009-08-31 00:00:00+08:00,9.831673622131348,10.04265365277683,9.831673622131348,9.831673622131348,87937,0.0,0.0
2009-09-01 00:00:00+08:00,9.831673095344557,10.19033877872004,9.831673095344557,10.169240951538086,153077,0.0,0.0
2009-09-02 00:00:00+08:00,10.169241596831272,10.169241596831272,9.9582615641024,10.148143768310547,69481,0.0,0.0
2009-09-03 00:00:00+08:00,10.021555287503652,10.4224174990038,10.021555287503652,10.169240951538086,156333,0.0,0.0
2009-09-04 00:00:00+08:00,10.253634194136229,10.380222917837301,10.211438535409767,10.295830726623535,171533,0.0,0.0
2009-09-07 00:00:00+08:00,10.549006426503992,10.549006426503992,10.295830726623535,10.295830726623535,116164,0.0,0.0
2009-09-08 00:00:00+08:00,10.253634438034318,10.359124461120555,10.127046585083008,10.127046585083008,137877,0.0,0.0
2009-09-09 00:00:00+08:00,10.211438417961828,10.29583060820495,10.021556208355014,10.042654037475586,98794,0.0,0.0
2009-09-10 00:00:00+08:00,10.169240888192341,10.169240888192341,9.916065216064453,9.916065216064453,69481,0.0,0.0
2009-09-11 00:00:00+08:00,9.705086150263934,10.084849695716729,9.705086150263934,10.042654037475586,118336,0.0,0.0
2009-09-14 00:00:00+08:00,9.726183979384507,10.127046227718706,9.726183979384507,10.042654037475586,69481,0.0,0.0
2009-09-15 00:00:00+08:00,10.042654391861845,10.232536608169244,9.958262198640684,10.127046585083008,115079,0.0,0.0
2009-09-16 00:00:00+08:00,10.16924100659436,10.295829717892945,10.16924100659436,10.232535362243652,113993,0.0,0.0
2009-09-17 00:00:00+08:00,10.338025316515228,10.380221844639891,10.169240951538086,10.169240951538086,189989,0.0,0.0
2009-09-18 00:00:00+08:00,10.211436071506219,10.422416061753138,10.042651729804428,10.380220413208008,244271,0.0,0.0
2009-09-21 00:00:00+08:00,10.338025457050238,10.549005479259348,10.25363327341444,10.422417640686035,246443,0.0,0.0
2009-09-22 00:00:00+08:00,10.422420156714601,10.591204564731665,10.33802795270607,10.464615821838379,184560,0.0,0.0
2009-09-23 00:00:00+08:00,10.549005392968597,10.591201921321712,10.211437534947475,10.232535362243652,217130,0.0,0.0
2009-09-24 00:00:00+08:00,10.253633784674982,10.253633784674982,9.91606590706095,10.148143768310547,145477,0.0,0.0
2009-09-25 00:00:00+08:00,10.148144399944226,10.148144399944226,9.979360013751446,10.000458717346191,106393,0.0,0.0
2009-09-28 00:00:00+08:00,9.916065216064453,9.97935869721605,9.789477380000509,9.916065216064453,85766,0.0,0.0
2009-09-29 00:00:00+08:00,10.000458020355868,10.06375150544622,9.958261489868164,9.958261489868164,52111,0.0,0.0
2009-09-30 00:00:00+08:00,10.000458732131698,10.148144414948082,10.000458732131698,10.127046585083008,90109,0.0,0.0
2009-10-01 00:00:00+08:00,10.316928993168448,10.823281288146973,10.04265457854149,10.823281288146973,757785,0.0,0.0
2009-10-02 00:00:00+08:00,10.823282470434394,10.949870339566703,10.464615821838379,10.464615821838379,682875,0.0,0.0
2009-10-05 00:00:00+08:00,10.338024884890952,11.18194580078125,10.338024884890952,11.18194580078125,508085,0.0,0.0
2009-10-06 00:00:00+08:00,11.96257495880127,11.96257495880127,11.96257495880127,11.96257495880127,714359,0.0,0.0
2009-10-07 00:00:00+08:00,12.785398483276367,12.785398483276367,12.785398483276367,12.785398483276367,631849,0.0,0.0
2009-10-08 00:00:00+08:00,13.67151165008545,13.67151165008545,13.67151165008545,13.67151165008545,689389,0.0,0.0
2009-10-09 00:00:00+08:00,14.62092399597168,14.62092399597168,14.62092399597168,14.62092399597168,1250671,0.0,0.0
2009-10-12 00:00:00+08:00,15.633627787092195,15.633627787092195,14.853001114448332,15.190569877624512,6864582,0.0,0.0
2009-10-13 00:00:00+08:00,14.789707184243998,15.95009649634628,14.726411950840872,15.84460735321045,2800984,0.0,0.0
2009-10-14 00:00:00+08:00,15.844607620981199,15.844607620981199,15.27496099585591,15.612529754638672,1590481,0.0,0.0
2009-10-15 00:00:00+08:00,15.781312822965068,15.781312822965068,14.852999687194824,14.852999687194824,1144277,0.0,0.0
2009-10-16 00:00:00+08:00,14.979589873264576,15.612529995088991,14.536531088978812,15.443745613098145,1691446,0.0,0.0
2009-10-19 00:00:00+08:00,15.443743905913355,16.51974181931956,15.35935259800757,15.760214805603027,2620765,0.0,0.0
2009-10-20 00:00:00+08:00,15.190569497099903,15.612529566739163,14.979589462280273,14.979589462280273,1062854,0.0,0.0
2009-10-21 00:00:00+08:00,14.979590288778052,15.359354721911188,14.768610242317614,14.916295051574707,756699,0.0,0.0
2009-10-22 00:00:00+08:00,14.853001842868537,15.0639818933201,14.599826131831012,14.68421745300293,602537,0.0,0.0
2009-10-23 00:00:00+08:00,14.81080467410214,14.81080467410214,14.051275870810422,14.09347152709961,778413,0.0,0.0
2009-10-26 00:00:00+08:00,14.093470876687281,14.557627443251528,13.924687385559082,13.924687385559082,334381,0.0,0.0
2009-10-27 00:00:00+08:00,13.924685940310642,14.684213755957746,13.75590159293988,14.262253761291504,775156,0.0,0.0
2009-10-28 00:00:00+08:00,14.26225624098518,14.494334977410293,13.924688361313398,14.051276206970215,201931,0.0,0.0
2009-10-29 00:00:00+08:00,13.122964163493604,13.755904279088721,13.080767631530762,13.080767631530762,516770,0.0,0.0
2009-10-30 00:00:00+08:00,13.376140053073557,13.376140053073557,12.194651121253598,12.532219886779785,572138,0.0,0.0
2009-11-02 00:00:00+08:00,12.384531905479562,13.24955067520229,12.236846242910717,12.996374130249023,484201,0.0,0.0
2009-11-03 00:00:00+08:00,13.08076732323266,13.544923921319294,13.038571666025152,13.059669494628906,331124,0.0,0.0
2009-11-04 00:00:00+08:00,13.24955212976289,13.418336511594532,13.144062109558323,13.333944320678711,256214,0.0,0.0
2009-11-05 00:00:00+08:00,13.544924524197604,13.544924524197604,12.848690032958984,12.848690032958984,161762,0.0,0.0
2009-11-06 00:00:00+08:00,13.08076722485338,13.24955159993562,12.679904989353666,12.743199348449707,229072,0.0,0.0
2009-11-09 00:00:00+08:00,12.869787796382461,12.975277817315389,12.57441556301809,12.658807754516602,140049,0.0,0.0
2009-11-10 00:00:00+08:00,12.869787796382461,12.890885625816876,12.658807754516602,12.658807754516602,200845,0.0,0.0
2009-11-11 00:00:00+08:00,12.67990674016223,13.544925689697266,12.67990674016223,13.544925689697266,565625,0.0,0.0
2009-11-12 00:00:00+08:00,14.47323689097534,14.47323689097534,13.882493294848114,13.96688461303711,1775042,0.0,0.0
2009-11-13 00:00:00+08:00,13.671511987846095,13.903590727523808,13.502727608764273,13.629316329956055,384321,0.0,0.0
2009-11-16 00:00:00+08:00,13.713708657358715,14.536530984572854,13.502727744505066,14.00908088684082,473344,0.0,0.0
2009-11-17 00:00:00+08:00,13.924689153480276,14.198962689046493,13.397238164675692,13.418336868286133,361522,0.0,0.0
2009-11-18 00:00:00+08:00,13.50272880371407,13.713709733117923,13.291749621832029,13.460533142089844,272498,0.0,0.0
2009-11-19 00:00:00+08:00,13.544923525538778,14.135667951747287,13.544923525538778,13.77700138092041,411462,0.0,0.0
2009-11-20 00:00:00+08:00,13.777003582159452,13.92469014918879,13.46053349050349,13.544925689697266,255128,0.0,0.0
2009-11-23 00:00:00+08:00,13.544923805781904,14.051276056756892,13.544923805781904,13.67151165008545,834866,0.0,0.0
2009-11-24 00:00:00+08:00,13.755903129182016,13.777000956519375,13.397236569403878,13.439433097839355,217130,0.0,0.0
2009-11-25 00:00:00+08:00,13.291747432717084,13.629315291397104,13.291747432717084,13.439433097839355,195417,0.0,0.0
2009-11-26 00:00:00+08:00,13.587120657094253,13.587120657094253,13.418337141105109,13.502728462219238,188903,0.0,0.0
2009-11-27 00:00:00+08:00,13.3761404597853,13.3761404597853,12.701003781965728,12.86978816986084,382149,0.0,0.0
2009-11-30 00:00:00+08:00,12.933080649331266,13.080766311900113,12.658806277405414,12.996374130249023,244271,0.0,0.0
2009-12-01 00:00:00+08:00,12.996375441365913,13.60821860162086,12.996375441365913,13.080767631530762,311582,0.0,0.0
2009-12-02 00:00:00+08:00,13.713708277301617,13.987981796264648,13.544923901200665,13.987981796264648,2148506,0.0,0.0
2009-12-03 00:00:00+08:00,14.557628143517336,14.557628143517336,13.987981539935964,14.03017807006836,1784813,0.0,0.0
2009-12-04 00:00:00+08:00,14.17786405262703,14.304451898283846,14.009080549671548,14.051276206970215,510256,0.0,0.0
2009-12-07 00:00:00+08:00,14.304454356019352,15.021787643432617,14.135670824064142,15.021787643432617,678532,0.0,0.0
2009-12-08 00:00:00+08:00,16.055585861206055,16.055585861206055,15.696919313585845,16.055585861206055,4134165,0.0,0.0
2009-12-09 00:00:00+08:00,15.950097858453944,17.173784255981445,15.802413045451782,17.173784255981445,4490259,0.0,0.0
2009-12-10 00:00:00+08:00,18.144290621580993,18.35527064348766,17.173781821801715,17.701231002807617,6613796,0.0,0.0
2009-12-11 00:00:00+08:00,17.70123102818264,18.102093245132103,17.300368811233177,17.637937545776367,2289641,0.0,0.0
2009-12-14 00:00:00+08:00,17.722326294916144,17.975503683002184,17.131581968584186,17.659032821655273,1929204,0.0,0.0
2009-12-15 00:00:00+08:00,17.97550639069206,18.65064211640235,17.659035481674447,17.7645263671875,3820412,0.0,0.0
2009-12-16 00:00:00+08:00,17.91221217262539,17.91221217262539,16.79401850911664,16.96280288696289,2037770,0.0,0.0
2009-12-17 00:00:00+08:00,17.089390851455764,17.490253116783254,16.245470660770884,16.28766632080078,1979144,0.0,0.0
2009-12-18 00:00:00+08:00,16.28766700414238,16.58304013178738,16.076686947619592,16.203275680541992,869607,0.0,0.0
2009-12-21 00:00:00+08:00,16.456450351342276,17.321468353271484,16.456450351342276,17.321468353271484,2187590,0.0,0.0
2009-12-22 00:00:00+08:00,17.637937952534994,17.933309291430863,17.004997871311065,17.04719352722168,1604594,0.0,0.0
2009-12-23 00:00:00+08:00,17.258174828652844,17.34256614670559,16.75182342529297,16.75182342529297,917376,0.0,0.0
2009-12-24 00:00:00+08:00,16.878411529500966,17.405862545118556,16.456451416015625,16.456451416015625,1087824,0.0,0.0
2009-12-25 00:00:00+08:00,16.66742768453817,17.131583354373067,16.66742768453817,16.709623336791992,965145,0.0,0.0
2009-12-28 00:00:00+08:00,17.131587969733545,17.131587969733545,16.498647772843754,16.62523651123047,506999,0.0,0.0
2009-12-29 00:00:00+08:00,16.625232032284345,17.06828987599233,16.625232032284345,16.709623336791992,890235,0.0,0.0
2009-12-30 00:00:00+08:00,17.004999865028626,17.680135681318127,16.751824152360285,17.173784255981445,1956346,0.0,0.0
2009-12-31 00:00:00+08:00,17.511349930561156,17.511349930561156,16.96280288696289,16.96280288696289,943432,0.0,0.0
2010-01-04 00:00:00+08:00,16.96280343901152,17.384763523598874,16.878410373581026,17.1315860748291,565625,0.0,0.0
2010-01-05 00:00:00+08:00,17.215979579067195,17.300370899126985,16.245470660770884,16.28766632080078,1040055,0.0,0.0
2010-01-06 00:00:00+08:00,16.28766573625467,16.498645776354053,16.03449003763975,16.18217658996582,596023,0.0,0.0
2010-01-07 00:00:00+08:00,16.308761777402648,16.667428330503522,15.823508262634277,15.823508262634277,582995,0.0,0.0
2010-01-08 00:00:00+08:00,15.865703916523442,16.03448827960159,15.675821726500713,15.823508262634277,582995,0.0,0.0
2010-01-11 00:00:00+08:00,16.03448958768966,16.03448958768966,15.7813138961792,15.7813138961792,276841,0.0,0.0
2010-01-12 00:00:00+08:00,15.739116866457037,16.034489969860612,15.69692120811986,15.992294311523438,457059,0.0,0.0
2010-01-13 00:00:00+08:00,16.034490103846686,16.836214609039022,16.034490103846686,16.372058868408203,1519913,0.0,0.0
2010-01-14 00:00:00+08:00,16.709627134602467,16.73072496552455,16.456451416015625,16.456451416015625,540655,0.0,0.0
2010-01-15 00:00:00+08:00,16.667430231562122,17.173783378550336,16.41425453182886,16.688528060913086,1025941,0.0,0.0
2010-01-18 00:00:00+08:00,16.68853000666288,16.962805315247113,16.37206078197893,16.62523651123047,663333,0.0,0.0
2010-01-19 00:00:00+08:00,16.730723517809512,17.785625457763672,16.625234372327096,17.785625457763672,2979031,0.0,0.0
2010-01-20 00:00:00+08:00,19.03040785958618,19.03040785958618,17.722330222952554,17.785625457763672,5148165,0.0,0.0
2010-01-21 00:00:00+08:00,18.1020949683887,18.1020949683887,17.1315860748291,17.1315860748291,1503629,0.0,0.0
2010-01-22 00:00:00+08:00,16.89950464831145,17.933306812846272,16.836211173193398,17.5113468170166,1545969,0.0,0.0
2010-01-25 00:00:00+08:00,17.511351161851973,18.291977872078743,17.110488891601562,17.110488891601562,1370093,0.0,0.0
2010-01-26 00:00:00+08:00,17.215977501358147,17.511348833442288,15.928997793113194,16.034488677978516,1237644,0.0,0.0
2010-01-27 00:00:00+08:00,16.414252385572485,16.667428052201597,14.937392291460963,16.118879318237305,1092166,0.0,0.0
2010-01-28 00:00:00+08:00,17.237077713012695,17.237077713012695,16.92060676216486,17.237077713012695,1585053,0.0,0.0
2010-01-29 00:00:00+08:00,17.089390040427812,18.22868329229689,16.49864558547959,17.59574317932129,2596881,0.0,0.0
2010-02-01 00:00:00+08:00,18.566254313430697,18.566254313430697,17.764531395213083,17.848922729492188,1823896,0.0,0.0
2010-02-02 00:00:00+08:00,18.692840401041543,18.692840401041543,17.511351404212334,17.55354881286621,1594823,0.0,0.0
2010-02-03 00:00:00+08:00,17.72232681493144,17.975504210446303,16.962799870950832,17.5113468170166,1078053,0.0,0.0
2010-02-04 00:00:00+08:00,17.51134803368214,17.63793674023479,17.02609452901964,17.21597671508789,569967,0.0,0.0
2010-02-05 00:00:00+08:00,16.456453304704954,16.751826466557446,16.013395309448242,16.013395309448242,996629,0.0,0.0
2010-02-08 00:00:00+08:00,14.346649740527532,14.895197704347755,13.861395268439896,13.88249397277832,858751,0.0,0.0
2010-02-09 00:00:00+08:00,13.67151198219726,14.494335174560547,13.67151198219726,14.494335174560547,637278,0.0,0.0
2010-02-10 00:00:00+08:00,14.768608711650984,15.14837135790255,14.557627813296424,14.81080436706543,725216,0.0,0.0
2010-02-22 00:00:00+08:00,15.211666245164341,15.211666245164341,14.810804032732886,14.852999687194824,363693,0.0,0.0
2010-02-23 00:00:00+08:00,14.473236371240844,15.29605868412278,14.473236371240844,15.232765197753906,529798,0.0,0.0
2010-02-24 00:00:00+08:00,15.253862071548348,16.09778216038479,15.253862071548348,16.034488677978516,1783727,0.0,0.0
2010-02-25 00:00:00+08:00,16.350956625802922,16.583034433478584,15.401545823928656,15.485937118530273,1433061,0.0,0.0
2010-02-26 00:00:00+08:00,15.19056841793337,15.443744092226524,14.642019667363613,14.852999687194824,1205074,0.0,0.0
2010-03-01 00:00:00+08:00,14.642022221297106,14.937395349094144,14.53653219298141,14.768610954284668,835952,0.0,0.0
2010-03-02 00:00:00+08:00,14.68421693396953,14.768609999680232,13.755904570042917,13.96688461303711,2439461,0.0,0.0
2010-03-03 00:00:00+08:00,14.00908162930461,14.557629585266113,14.00908162930461,14.557629585266113,1234387,0.0,0.0
2010-03-04 00:00:00+08:00,14.76860680340379,14.810802453366149,14.177861587606122,14.262253761291504,770813,0.0,0.0
2010-03-05 00:00:00+08:00,14.325551646444822,14.49433603548221,14.262257282115582,14.36774730682373,575395,0.0,0.0
2010-03-08 00:00:00+08:00,14.684215828373938,14.684215828373938,14.304451430073057,14.578725814819336,817496,0.0,0.0
2010-03-09 00:00:00+08:00,14.642020487006754,14.663118315418755,14.367746096368316,14.409942626953125,620993,0.0,0.0
2010-03-10 00:00:00+08:00,14.47323782648763,15.106177996381803,14.47323782648763,14.768610954284668,1376607,0.0,0.0
2010-03-11 00:00:00+08:00,15.106177541227614,15.106177541227614,14.473237390404138,14.557629585266113,782755,0.0,0.0
2010-03-12 00:00:00+08:00,14.642021112092769,14.642021112092769,14.367746709745216,14.452138900756836,508085,0.0,0.0
2010-03-15 00:00:00+08:00,14.557628833331421,14.557628833331421,14.135668754577637,14.135668754577637,502657,0.0,0.0
2010-03-16 00:00:00+08:00,13.924688361313398,14.220060583686513,13.882492704014732,14.051276206970215,438603,0.0,0.0
2010-03-17 00:00:00+08:00,14.177866070102754,14.642022735240525,14.177866070102754,14.431042671203613,766470,0.0,0.0
2010-03-18 00:00:00+08:00,14.642021112092769,14.726412429343544,14.346648880432522,14.452138900756836,928233,0.0,0.0
2010-03-19 00:00:00+08:00,14.620923279974235,15.443745613098145,14.431041068674743,15.443745613098145,1995429,0.0,0.0
2010-03-22 00:00:00+08:00,15.443745613098145,15.443745613098145,15.443745613098145,15.443745613098145,0,0.0,0.0
2010-03-23 00:00:00+08:00,15.528138539430964,15.802412065520064,15.021785397972234,15.063981056213379,1553569,0.0,0.0
2010-03-24 00:00:00+08:00,15.19057106754745,15.401551124178841,14.768610954284668,14.768610954284668,1162734,0.0,0.0
2010-03-25 00:00:00+08:00,14.768610954284668,15.000688841827015,14.515434362070453,14.768610954284668,1029198,0.0,0.0
2010-03-26 00:00:00+08:00,14.768608402897422,15.021784077612743,14.768608402897422,14.789706230163574,748014,0.0,0.0
2010-03-29 00:00:00+08:00,14.810804473799411,15.000686672054355,14.810804473799411,14.937393188476562,706759,0.0,0.0
2010-03-30 00:00:00+08:00,15.106175248134507,15.106175248134507,14.726410865783691,14.726410865783691,551511,0.0,0.0
2010-03-31 00:00:00+08:00,14.51543082122846,14.91629213203471,14.51543082122846,14.599822998046875,565625,0.0,0.0
2010-04-01 00:00:00+08:00,14.599824569454443,14.810804597328323,14.557628039623193,14.642020225524902,571053,0.0,0.0
2010-04-02 00:00:00+08:00,14.747510883943761,15.063980047073658,14.642019997886093,14.81080436706543,701331,0.0,0.0
2010-04-06 00:00:00+08:00,14.979590572148181,14.979590572148181,14.68421745300293,14.68421745300293,536312,0.0,0.0
2010-04-07 00:00:00+08:00,14.726411000843607,14.895195366494326,14.726411000843607,14.789706230163574,397348,0.0,0.0
2010-04-08 00:00:00+08:00,14.789706230163574,15.190568443263462,14.768608402897422,14.789706230163574,1282155,0.0,0.0
2010-04-09 00:00:00+08:00,14.937392768548142,14.937392768548142,14.789706230163574,14.789706230163574,357179,0.0,0.0
2010-04-12 00:00:00+08:00,14.895196914672852,15.106176956784736,14.831903426295794,14.895196914672852,603622,0.0,0.0
2010-04-13 00:00:00+08:00,14.958491633550473,15.317156469478698,14.916294228569237,14.979589462280273,1411348,0.0,0.0
2010-04-14 00:00:00+08:00,15.106175811350678,15.16946929492847,14.831902301658674,14.937393188476562,571053,0.0,0.0
2010-04-15 00:00:00+08:00,15.148374637078302,15.485943448510653,14.937396314335496,15.021787643432617,1652363,0.0,0.0
2010-04-16 00:00:00+08:00,15.106176956784736,15.232765681060545,14.874099085213832,14.895196914672852,614479,0.0,0.0
2010-04-19 00:00:00+08:00,14.684215280037865,14.705313107208797,13.88249173121722,13.924687385559082,1200731,0.0,0.0
2010-04-20 00:00:00+08:00,13.924688715200745,14.388844452325571,13.924688715200745,14.135668754577637,679618,0.0,0.0
2010-04-21 00:00:00+08:00,14.262253761291504,14.494332457366468,14.156763762624943,14.262253761291504,886978,0.0,0.0
2010-04-22 00:00:00+08:00,14.262259795802944,14.262259795802944,14.114573210925622,14.156769752502441,315924,0.0,0.0
2010-04-23 00:00:00+08:00,14.156765602488315,14.452137811894435,14.0512755901119,14.19896125793457,448374,0.0,0.0
2010-04-26 00:00:00+08:00,14.262256603451604,14.346648793954529,14.135668754577637,14.135668754577637,386492,0.0,0.0
2010-04-27 00:00:00+08:00,14.135671918594548,14.283357629710839,14.114573210925622,14.156769752502441,217130,0.0,0.0
2010-04-28 00:00:00+08:00,13.924689633933378,14.051277491159444,13.62931738456529,13.88249397277832,396263,0.0,0.0
2010-04-29 00:00:00+08:00,13.882492268378376,14.135667951747287,13.77700138092041,13.77700138092041,400605,0.0,0.0
2010-04-30 00:00:00+08:00,13.840294803344756,14.051274816481522,13.713706970214844,13.713706970214844,350665,0.0,0.0
2010-05-03 00:00:00+08:00,13.671513450468328,13.671513450468328,13.144063301610364,13.1651611328125,437518,0.0,0.0
2010-05-04 00:00:00+08:00,13.207356452941895,13.333944302260347,13.017474242083793,13.207356452941895,280098,0.0,0.0
2010-05-05 00:00:00+08:00,12.300141642670386,12.658807352960602,12.300141642670386,12.321239471435547,539569,0.0,0.0
2010-05-06 00:00:00+08:00,12.236847747872948,12.321239939903105,11.83598549105035,11.857083320617676,473344,0.0,0.0
2010-05-07 00:00:00+08:00,11.181947736638284,11.56171129708613,11.034261179441176,11.435123443603516,643792,0.0,0.0
2010-05-10 00:00:00+08:00,11.477318346051751,11.878181457519531,11.392926158045945,11.878181457519531,287697,0.0,0.0
2010-05-11 00:00:00+08:00,11.962573995467656,12.06806402282574,11.730496110032053,11.835986137390137,206274,0.0,0.0
2010-05-12 00:00:00+08:00,11.94147616474822,12.025868361386866,11.835986137390137,11.835986137390137,147648,0.0,0.0
2010-05-13 00:00:00+08:00,12.025868424824058,12.236848480653157,11.983671889401695,12.152456283569336,268156,0.0,0.0
2010-05-14 00:00:00+08:00,12.068064146913832,12.658808655697701,11.962574118471064,12.468926429748535,196503,0.0,0.0
2010-05-17 00:00:00+08:00,12.321239671623664,12.321239671623664,11.899279594421387,11.899279594421387,192160,0.0,0.0
2010-05-18 00:00:00+08:00,11.983671154852804,12.068063346763736,11.73049545288086,11.73049545288086,156333,0.0,0.0
2010-05-19 00:00:00+08:00,11.709397384928195,12.025867442829904,11.68829955582025,11.899279594421387,128107,0.0,0.0
2010-05-20 00:00:00+08:00,12.004770737025241,12.004770737025241,11.435124055243026,11.477319717407227,167190,0.0,0.0
2010-05-21 00:00:00+08:00,10.970965954256563,11.034260312907724,10.717790267173516,10.75998592376709,358265,0.0,0.0
2010-05-24 00:00:00+08:00,10.84437849112918,11.034260699982818,10.759986301220806,10.970966339111328,154162,0.0,0.0
2010-05-25 00:00:00+08:00,10.80218275821849,10.80218275821849,10.21143913269043,10.21143913269043,480944,0.0,0.0
2010-05-26 00:00:00+08:00,10.506809078404647,10.506809078404647,10.127044715884816,10.253632545471191,97708,0.0,0.0
2010-05-27 00:00:00+08:00,10.127045462838092,10.612299864764873,10.127045462838092,10.549005508422852,192160,0.0,0.0
2010-05-28 00:00:00+08:00,10.71778995917474,10.90767215591075,10.675593430032972,10.738887786865234,309411,0.0,0.0
2010-05-31 00:00:00+08:00,10.781083162510226,10.886573171986338,10.633397498747971,10.844377517700195,120507,0.0,0.0
2010-06-01 00:00:00+08:00,10.844377084920843,11.477317116518028,10.844377084920843,11.18194580078125,389749,0.0,0.0
2010-06-02 00:00:00+08:00,11.055358165774926,11.139750352910434,10.886573791503906,10.886573791503906,99880,0.0,0.0
2010-06-03 00:00:00+08:00,11.139749178941468,11.139749178941468,10.949866996337617,10.992063522338867,272498,0.0,0.0
2010-06-04 00:00:00+08:00,11.139750769238582,11.224142959528097,10.992065091552554,11.034260749816895,341980,0.0,0.0
2010-06-07 00:00:00+08:00,10.633399351212324,10.675595012849453,10.527909323358598,10.591203689575195,185646,0.0,0.0
2010-06-08 00:00:00+08:00,10.549005869274351,10.675593712527835,10.50681021277679,10.633398056030273,108565,0.0,0.0
2010-06-09 00:00:00+08:00,10.675594967736393,10.823281530364056,10.527909278869629,10.527909278869629,230158,0.0,0.0
2010-06-10 00:00:00+08:00,10.549007119103456,10.69669280810328,10.549007119103456,10.654497146606445,118336,0.0,0.0
2010-06-11 00:00:00+08:00,10.844377517700195,10.907671872890164,10.8021809896533,10.844377517700195,81423,0.0,0.0
2010-06-14 00:00:00+08:00,10.970965410157115,10.970965410157115,10.78108321738154,10.907671928405762,73824,0.0,0.0
2010-06-15 00:00:00+08:00,10.928770681037557,11.013162870945932,10.802181959294579,10.970966339111328,82509,0.0,0.0
2010-06-17 00:00:00+08:00,10.992065302741691,11.73049545288086,10.970966599443319,11.73049545288086,807725,0.0,0.0
2010-06-18 00:00:00+08:00,11.814889259190355,12.089162828176843,11.456222613000529,11.709399223327637,611222,0.0,0.0
2010-06-21 00:00:00+08:00,11.793789766397715,11.835985425297958,11.56171102116384,11.667201042175293,268156,0.0,0.0
2010-06-22 00:00:00+08:00,11.730495094606855,11.730495094606855,11.56171071594002,11.646102905273438,124850,0.0,0.0
2010-06-23 00:00:00+08:00,11.688300038739886,11.688300038739886,11.456221287681284,11.561711311340332,142220,0.0,0.0
2010-06-24 00:00:00+08:00,11.582808289415981,11.772690492788794,11.582808289415981,11.688299179077148,104222,0.0,0.0
2010-06-25 00:00:00+08:00,11.477319070741379,11.646103457410208,11.435123410954604,11.498416900634766,144391,0.0,0.0
2010-06-28 00:00:00+08:00,11.498416900634766,11.498416900634766,11.498416900634766,11.498416900634766,0,0.0,0.0
2010-06-29 00:00:00+08:00,11.857081938884512,11.899278466862757,11.456219728775313,11.519514083862305,271413,0.0,0.0
2010-06-30 00:00:00+08:00,11.203043937683105,11.308533945873979,11.097553929492232,11.203043937683105,198674,0.0,0.0
2010-07-01 00:00:00+08:00,11.203044840169495,11.203044840169495,11.097554823480637,11.139750480651855,107479,0.0,0.0
2010-07-02 00:00:00+08:00,11.308536187534028,11.603908443771454,11.308536187534028,11.35073184967041,218216,0.0,0.0
2010-07-05 00:00:00+08:00,11.56171066576628,11.73049504370065,11.477318476799095,11.582808494567871,161762,0.0,0.0
2010-07-06 00:00:00+08:00,11.66720133499938,11.66720133499938,11.43512345770165,11.561711311340332,210616,0.0,0.0
2010-07-07 00:00:00+08:00,11.582810481283596,11.772692720588685,11.540614816442899,11.709399223327637,197588,0.0,0.0
2010-07-08 00:00:00+08:00,11.730495094606855,11.878181644380541,11.646102905273438,11.646102905273438,303982,0.0,0.0
2010-07-09 00:00:00+08:00,11.793790170315596,12.025868049736907,11.77269146638203,11.814888000488281,193246,0.0,0.0
2010-07-12 00:00:00+08:00,11.983668718898135,12.279040893664824,11.835983068395128,12.004767417907715,550425,0.0,0.0
2010-07-13 00:00:00+08:00,12.110259370427654,12.236848098985533,11.730495806036656,11.814888000488281,281184,0.0,0.0
2010-07-14 00:00:00+08:00,11.962573081745228,12.025867442829904,11.68829955582025,11.899279594421387,206274,0.0,0.0
2010-07-15 00:00:00+08:00,11.835985830660968,11.878182364767222,11.751593636209343,11.814888000488281,167190,0.0,0.0
2010-07-16 00:00:00+08:00,11.814886601822675,11.857082257172857,11.54061222076416,11.54061222076416,270327,0.0,0.0
2010-07-19 00:00:00+08:00,11.139749999894322,11.54061222076416,11.139749999894322,11.54061222076416,184560,0.0,0.0
2010-07-20 00:00:00+08:00,11.540614084414445,11.667201944667966,11.392927519317908,11.477319717407227,172618,0.0,0.0
2010-07-21 00:00:00+08:00,11.519513971389182,11.603906152760942,11.392925262451172,11.392925262451172,150905,0.0,0.0
2010-07-22 00:00:00+08:00,11.392926909935397,11.540613467132507,11.392926909935397,11.435123443603516,90109,0.0,0.0
2010-07-23 00:00:00+08:00,11.582809547474197,12.110259684264612,11.540613886035324,11.835986137390137,542826,0.0,0.0
2010-07-26 00:00:00+08:00,11.983670234934532,12.004768936613276,11.772690208233366,11.79378890991211,166104,0.0,0.0
2010-07-27 00:00:00+08:00,11.646103277422712,11.962573342215157,11.646103277422712,11.857083320617676,183475,0.0,0.0
2010-07-28 00:00:00+08:00,11.730495214036143,12.025867442829904,11.730495214036143,11.899279594421387,182389,0.0,0.0
2010-07-29 00:00:00+08:00,11.899278307225057,12.046963968765724,11.772689598749354,11.941473960876465,221473,0.0,0.0
2010-07-30 00:00:00+08:00,11.941476218811797,12.215750640688917,11.941476218811797,12.02586841583252,341980,0.0,0.0
2010-08-02 00:00:00+08:00,12.194651936113058,12.194651936113058,11.983671880441706,12.02586841583252,315924,0.0,0.0
2010-08-03 00:00:00+08:00,12.152457197551525,12.173555029969016,12.068064994120597,12.089162826538086,231244,0.0,0.0
2010-08-04 00:00:00+08:00,12.046966246647473,12.068064077462427,11.941476218811797,12.02586841583252,307239,0.0,0.0
2010-08-05 00:00:00+08:00,12.025867442829904,12.15245529123842,11.87818176531344,11.899279594421387,413633,0.0,0.0
2010-08-06 00:00:00+08:00,12.020608551516585,12.312698364257812,11.818393529404963,12.312698364257812,285526,1.5843,0.0
2010-08-09 00:00:00+08:00,12.290230562371875,12.312698795558457,12.088014602661133,12.088014602661133,146563,0.0,0.0
2010-08-10 00:00:00+08:00,12.088013728710658,12.088013728710658,11.840861320495605,11.840861320495605,135706,0.0,0.0
2010-08-11 00:00:00+08:00,11.9082682395871,11.998141175600834,11.728520506528072,11.863330841064453,115079,0.0,0.0
2010-08-12 00:00:00+08:00,11.773454607587611,11.818391997076,11.638644300153633,11.706049919128418,105308,0.0,0.0
2010-08-13 00:00:00+08:00,11.818394373057586,11.998141175600834,11.728520506528072,11.863330841064453,121593,0.0,0.0
2010-08-16 00:00:00+08:00,12.132948875427246,12.312696569453466,12.020606799289752,12.132948875427246,174790,0.0,0.0
2010-08-17 00:00:00+08:00,12.20035519330411,12.222823423717594,12.043076649894086,12.177886962890625,185646,0.0,0.0
2010-08-18 00:00:00+08:00,12.222824932296378,12.222824932296378,11.998140739399053,12.088014602661133,134620,0.0,0.0
2010-08-19 00:00:00+08:00,12.08801241717848,12.312696569453466,12.043075958929712,12.132948875427246,81423,0.0,0.0
2010-08-20 00:00:00+08:00,12.0430789781875,12.088015447702055,11.908268639128023,11.953205108642578,97708,0.0,0.0
2010-08-23 00:00:00+08:00,12.043076923878836,12.065545154803482,11.706050668462193,11.818392753601074,198674,0.0,0.0
2010-08-24 00:00:00+08:00,11.728518899386838,11.885797446375012,11.706050668462193,11.818392753601074,65139,0.0,0.0
2010-08-25 00:00:00+08:00,11.81839288250818,11.840861113677892,11.59370777926405,11.63864517211914,186732,0.0,0.0
2010-08-26 00:00:00+08:00,11.683581217261155,11.683581217261155,11.481365282923132,11.548770904541016,167190,0.0,0.0
2010-08-27 00:00:00+08:00,11.638645017004864,11.638645017004864,11.413960847270879,11.503833770751953,91194,0.0,0.0
2010-08-30 00:00:00+08:00,11.503831827995796,11.503831827995796,11.189274787902832,11.189274787902832,189989,0.0,0.0
2010-08-31 00:00:00+08:00,11.189277119231138,11.189277119231138,10.6050975104499,10.65003490447998,254042,0.0,0.0
2010-09-01 00:00:00+08:00,10.672502041923893,10.897186197489072,10.672502041923893,10.829780578613281,107479,0.0,0.0
2010-09-02 00:00:00+08:00,10.919655799865723,11.166809146474366,10.919655799865723,10.919655799865723,223644,0.0,0.0
2010-09-03 00:00:00+08:00,10.919655785996449,11.324087688555364,10.919655785996449,11.234213829040527,128107,0.0,0.0
2010-09-06 00:00:00+08:00,11.369025812293753,11.458899684925123,11.234215468604615,11.279152870178223,100965,0.0,0.0
2010-09-07 00:00:00+08:00,11.279151776266994,11.279151776266994,11.144340515136719,11.144340515136719,95537,0.0,0.0
2010-09-08 00:00:00+08:00,11.279150409401343,11.908266450050597,11.279150409401343,11.683581352233887,592766,0.0,0.0
2010-09-09 00:00:00+08:00,11.593707365275852,11.88579715159918,11.458897052555713,11.548770904541016,123764,0.0,0.0
2010-09-10 00:00:00+08:00,11.503833770751953,11.638645017004864,11.458897309011416,11.503833770751953,94451,0.0,0.0
2010-09-13 00:00:00+08:00,11.503833924069532,11.72851902731366,11.413960999390675,11.63864517211914,170447,0.0,0.0
2010-09-14 00:00:00+08:00,11.638644334414382,11.638644334414382,11.45889663696289,11.45889663696289,84680,0.0,0.0
2010-09-15 00:00:00+08:00,11.413960669510198,11.638644835744959,11.369023277953866,11.61617660522461,141134,0.0,0.0
2010-09-16 00:00:00+08:00,11.571240758484429,11.638646389560085,11.413962193328908,11.593708992004395,110736,0.0,0.0
2010-09-17 00:00:00+08:00,11.638644334414382,11.638644334414382,11.45889663696289,11.45889663696289,107479,0.0,0.0
2010-09-20 00:00:00+08:00,11.526304291444497,11.706052020635742,11.526304291444497,11.593708992004395,112907,0.0,0.0
2010-09-21 00:00:00+08:00,11.706052020635742,11.728520254155708,11.593708992004395,11.593708992004395,128107,0.0,0.0
2010-09-23 00:00:00+08:00,11.68358163445857,11.795923720822802,11.481365692899818,11.63864517211914,124850,0.0,0.0
2010-09-24 00:00:00+08:00,11.638644835744959,11.683581296785656,11.526302752627577,11.61617660522461,99880,0.0,0.0
2010-09-27 00:00:00+08:00,11.728518744003486,11.728518744003486,11.548771037956373,11.683581352233887,127021,0.0,0.0
2010-09-28 00:00:00+08:00,11.68358155705552,11.68358155705552,11.571239471435547,11.571239471435547,67310,0.0,0.0
2010-09-29 00:00:00+08:00,11.661114623080051,11.818394118751332,11.571240758484429,11.593708992004395,174790,0.0,0.0
2010-09-30 00:00:00+08:00,11.795923056947657,11.998138987125687,11.795923056947657,11.908266067504883,286612,0.0,0.0
2010-10-01 00:00:00+08:00,11.975670394349208,12.043076012537982,11.863328317711638,11.885796546936035,208445,0.0,0.0
2010-10-04 00:00:00+08:00,11.953202911304556,11.953202911304556,11.683581352233887,11.683581352233887,137877,0.0,0.0
2010-10-05 00:00:00+08:00,11.683582856600017,11.683582856600017,11.526304291444497,11.593708992004395,102051,0.0,0.0
2010-10-06 00:00:00+08:00,11.683581352233887,11.773455205257443,11.63864489097993,11.683581352233887,147648,0.0,0.0
2010-10-07 00:00:00+08:00,11.683581217261155,11.683581217261155,11.548770904541016,11.548770904541016,89023,0.0,0.0
2010-10-08 00:00:00+08:00,11.593709061209971,11.683582926342073,11.571240827555886,11.661114692687988,40169,0.0,0.0
2010-10-11 00:00:00+08:00,11.661113326034657,11.750987180633766,11.571239471435547,11.571239471435547,107479,0.0,0.0
2010-10-12 00:00:00+08:00,11.661112986893738,11.661112986893738,11.548770904541016,11.548770904541016,64053,0.0,0.0
2010-10-13 00:00:00+08:00,11.548772478424539,11.661114576087405,11.458898614191094,11.526304244995117,142220,0.0,0.0
2010-10-14 00:00:00+08:00,11.571239213668276,11.638644835744959,11.548770983147927,11.61617660522461,110736,0.0,0.0
2010-10-15 00:00:00+08:00,11.593707777982425,11.68358163316701,11.324087142944336,11.324087142944336,120507,0.0,0.0
2010-10-18 00:00:00+08:00,11.234215468604615,11.391494047822635,11.234215468604615,11.279152870178223,198674,0.0,0.0
2010-10-19 00:00:00+08:00,11.279151224055799,11.436429780319983,11.054467040526559,11.234213829040527,100965,0.0,0.0
2010-10-20 00:00:00+08:00,11.144340515136719,11.189277912352061,11.009530184522195,11.144340515136719,111822,0.0,0.0
2010-10-21 00:00:00+08:00,11.189278269773068,11.324088604693863,11.144340871122283,11.166810035705566,68396,0.0,0.0
2010-10-22 00:00:00+08:00,11.369023605278798,11.391491836446027,11.256681518926984,11.324087142944336,55368,0.0,0.0
2010-10-25 00:00:00+08:00,11.324085659760565,11.413959503173828,11.2342118163473,11.413959503173828,105308,0.0,0.0
2010-10-26 00:00:00+08:00,11.34655757676487,11.41396321386736,11.279152870178223,11.279152870178223,69481,0.0,0.0
2010-10-27 00:00:00+08:00,11.391492943015972,11.391492943015972,11.144340515136719,11.144340515136719,154162,0.0,0.0
2010-10-28 00:00:00+08:00,11.324087142944336,11.346555374111567,11.234213287759752,11.324087142944336,46683,0.0,0.0
2010-10-29 00:00:00+08:00,11.36902415305493,11.36902415305493,11.234213829040527,11.234213829040527,39083,0.0,0.0
2010-11-01 00:00:00+08:00,11.279152136558858,11.279152136558858,11.144340871122283,11.166810035705566,60796,0.0,0.0
2010-11-02 00:00:00+08:00,11.09940359320645,11.09940359320645,10.987061500549316,10.987061500549316,110736,0.0,0.0
2010-11-03 00:00:00+08:00,11.166808031142587,11.166808031142587,10.784844398498535,10.784844398498535,137877,0.0,0.0
2010-11-04 00:00:00+08:00,10.784844398498535,10.829780858566957,10.784844398498535,10.784844398498535,66224,0.0,0.0
2010-11-05 00:00:00+08:00,10.852249504665389,11.009528981966033,10.82978127376977,10.87471866607666,29312,0.0,0.0
2010-11-08 00:00:00+08:00,11.099402836064167,11.099402836064167,10.87471866607666,10.87471866607666,51,0.0,0.0
2010-11-09 00:00:00+08:00,10.87471866607666,10.942123358763522,10.80731304287415,10.87471866607666,59710,0.0,0.0
2010-11-10 00:00:00+08:00,10.919655127867902,11.009528981966033,10.87471866607666,10.87471866607666,33655,0.0,0.0
2010-11-11 00:00:00+08:00,10.91965648941905,11.009530354723385,10.874720022024768,10.964593887329102,47768,0.0,0.0
2010-11-12 00:00:00+08:00,10.964592520174794,10.964592520174794,10.87471866607666,10.87471866607666,26055,0.0,0.0
2010-11-15 00:00:00+08:00,10.874717628489906,10.874717628489906,10.784843782966885,10.80731201171875,43426,0.0,0.0
2010-11-16 00:00:00+08:00,10.807312628532745,10.829780858566957,10.784844398498535,10.784844398498535,59710,0.0,0.0
2010-11-17 00:00:00+08:00,10.784846872797836,11.503835981939417,10.784846872797836,11.076936721801758,169361,0.0,0.0
2010-11-18 00:00:00+08:00,11.076934197604414,11.23421273860251,11.076934197604414,11.09940242767334,42340,0.0,0.0
2010-11-19 00:00:00+08:00,11.45889857358111,11.45889857358111,11.099404048437128,11.144340515136719,77081,0.0,0.0
2010-11-22 00:00:00+08:00,11.234215468604615,11.41396321386736,11.234215468604615,11.279152870178223,175875,0.0,0.0
2010-11-23 00:00:00+08:00,11.324087142944336,11.43642922929615,11.234213287759752,11.324087142944336,111822,0.0,0.0
2010-11-24 00:00:00+08:00,11.189278997546852,11.279152870178223,11.189278997546852,11.279152870178223,80338,0.0,0.0
2010-11-25 00:00:00+08:00,11.279152870178223,11.279152870178223,11.076936889386598,11.279152870178223,80338,0.0,0.0
2010-11-26 00:00:00+08:00,11.279151224055799,11.324087688555364,11.189277364540962,11.234213829040527,91194,0.0,0.0
2010-11-29 00:00:00+08:00,11.36902415305493,11.36902415305493,11.099403505026125,11.234213829040527,69481,0.0,0.0
2010-11-30 00:00:00+08:00,11.234214379051652,11.234214379051652,11.144340515136719,11.144340515136719,59710,0.0,0.0
2010-12-01 00:00:00+08:00,11.234211242054544,11.234211242054544,11.121869176159773,11.189274787902832,83595,0.0,0.0
2010-12-02 00:00:00+08:00,11.279152870178223,11.41396321386736,11.234215468604615,11.279152870178223,165019,0.0,0.0
2010-12-03 00:00:00+08:00,11.324087020680606,11.818392753601074,11.30161878975596,11.818392753601074,371293,0.0,0.0
2010-12-06 00:00:00+08:00,11.885797288907979,11.885797288907979,11.526302807329394,11.683581352233887,212787,0.0,0.0
2010-12-07 00:00:00+08:00,11.683581478745399,11.750987101871855,11.503833770751953,11.503833770751953,97708,0.0,0.0
2010-12-08 00:00:00+08:00,11.638646342657982,11.683582809516826,11.503835081049939,11.526304244995117,96623,0.0,0.0
2010-12-09 00:00:00+08:00,11.526302222206052,11.95320230450998,11.526302222206052,11.706049919128418,276841,0.0,0.0
2010-12-10 00:00:00+08:00,11.773455903616695,11.863329761971245,11.70605120773755,11.728519439697266,134620,0.0,0.0
2010-12-13 00:00:00+08:00,11.773455903616695,11.795924135576408,11.683582045262142,11.728519439697266,112907,0.0,0.0
2010-12-14 00:00:00+08:00,11.683581352233887,11.908266450050597,11.683581352233887,11.683581352233887,142220,0.0,0.0
2010-12-15 00:00:00+08:00,11.728518183140126,11.728518183140126,11.45889663696289,11.45889663696289,146563,0.0,0.0
2010-12-16 00:00:00+08:00,11.458896554970192,11.593706861836395,11.391490936279297,11.391490936279297,141134,0.0,0.0
2010-12-17 00:00:00+08:00,11.503833847857301,11.571239471435547,11.436429154794709,11.571239471435547,68396,0.0,0.0
2010-12-20 00:00:00+08:00,11.571239134908435,11.571239134908435,11.458897052555713,11.548770904541016,75995,0.0,0.0
2010-12-21 00:00:00+08:00,11.548771037956373,11.750986974630464,11.548771037956373,11.683581352233887,136792,0.0,0.0
2010-12-22 00:00:00+08:00,11.683581352233887,11.773455205257443,11.616176660352949,11.683581352233887,170,0.0,0.0
2010-12-23 00:00:00+08:00,11.728518367232054,12.222823147208917,11.728518367232054,11.908266067504883,412548,0.0,0.0
2010-12-24 00:00:00+08:00,11.930735728424194,11.930735728424194,11.750988006591797,11.750988006591797,141134,0.0,0.0
2010-12-27 00:00:00+08:00,11.773456239191917,11.818393634907876,11.706051541391558,11.750988006591797,105308,0.0,0.0
2010-12-28 00:00:00+08:00,11.750987258483374,11.750987258483374,11.616176940949426,11.63864517211914,81423,0.0,0.0
2010-12-29 00:00:00+08:00,11.638645095013793,11.638645095013793,11.458897385815574,11.571239471435547,153077,0.0,0.0
2010-12-30 00:00:00+08:00,11.45889663696289,11.571238715241174,11.436428407410352,11.45889663696289,107479,0.0,0.0
2010-12-31 00:00:00+08:00,11.458897461730103,11.63864517211914,11.436429230560389,11.63864517211914,111822,0.0,0.0
2011-01-03 00:00:00+08:00,11.68358232319941,11.68358232319941,11.369024276733398,11.369024276733398,119421,0.0,0.0
2011-01-04 00:00:00+08:00,10.582630028813075,11.234214379051652,10.582630028813075,11.144340515136719,341980,0.0,0.0
2011-01-05 00:00:00+08:00,10.964594781226344,11.369025812293753,10.942125615181618,11.279152870178223,196503,0.0,0.0
2011-01-06 00:00:00+08:00,11.14433996952569,11.458898012569767,11.14433996952569,11.234213829040527,95537,0.0,0.0
2011-01-07 00:00:00+08:00,11.346554819462753,11.413960440185146,11.054465967535489,11.09940242767334,82509,0.0,0.0
2011-01-10 00:00:00+08:00,11.099402640520458,11.41396065906437,11.099402640520458,11.301618576049805,178047,0.0,0.0
2011-01-11 00:00:00+08:00,11.369025812293753,11.391494047822635,11.144341595973245,11.279152870178223,96623,0.0,0.0
2011-01-12 00:00:00+08:00,11.34655757676487,11.34655757676487,11.189278997546852,11.279152870178223,47768,0.0,0.0
2011-01-13 00:00:00+08:00,11.34655757676487,11.34655757676487,11.166810762017969,11.279152870178223,72738,0.0,0.0
2011-01-14 00:00:00+08:00,11.234215468604615,11.279152870178223,11.189278997546852,11.279152870178223,37997,0.0,0.0
2011-01-17 00:00:00+08:00,11.324087142944336,11.43642922929615,11.234213287759752,11.324087142944336,75995,0.0,0.0
2011-01-18 00:00:00+08:00,11.256681518926984,11.324087142944336,11.234213287759752,11.324087142944336,104222,0.0,0.0
2011-01-19 00:00:00+08:00,11.32408781174499,11.369024276733398,11.25668218374666,11.369024276733398,131363,0.0,0.0
2011-01-20 00:00:00+08:00,11.324087688555364,11.36902415305493,11.211745596790744,11.234213829040527,87937,0.0,0.0
2011-01-21 00:00:00+08:00,10.784844415161531,11.211744508533585,10.784844415161531,11.09940242767334,105308,0.0,0.0
2011-01-24 00:00:00+08:00,11.144340515136719,11.234214379051652,11.144340515136719,11.144340515136719,44511,0.0,0.0
2011-01-25 00:00:00+08:00,11.23421416301733,11.369024491039445,11.166809464264137,11.256682395935059,52111,0.0,0.0
2011-01-26 00:00:00+08:00,11.369025812293753,11.369025812293753,11.144341595973245,11.279152870178223,28226,0.0,0.0
2011-01-27 00:00:00+08:00,11.279152136558858,11.279152136558858,11.12187263705478,11.166810035705566,130278,0.0,0.0
2011-01-28 00:00:00+08:00,11.166806560826975,11.234211242054544,11.144337403235628,11.189274787902832,80338,0.0,0.0
2011-02-08 00:00:00+08:00,11.009528559871878,11.009528559871878,10.627564927227827,10.784844398498535,467916,0.0,0.0
2011-02-09 00:00:00+08:00,10.650033479940134,11.009527931516658,10.650033479940134,10.80731201171875,255128,0.0,0.0
2011-02-10 00:00:00+08:00,10.784844811978529,10.919655127867902,10.784844811978529,10.87471866607666,124850,0.0,0.0
2011-02-11 00:00:00+08:00,11.009527931516658,11.009527931516658,10.694969937443863,10.80731201171875,77081,0.0,0.0
2011-02-14 00:00:00+08:00,10.82978127376977,10.919655127867902,10.694970957880397,10.87471866607666,82509,0.0,0.0
2011-02-15 00:00:00+08:00,10.96459065611329,11.234211242054544,10.919653271446087,11.189274787902832,326781,0.0,0.0
2011-02-16 00:00:00+08:00,11.234213951252455,11.526303765224263,11.234213951252455,11.369024276733398,429918,0.0,0.0
2011-02-17 00:00:00+08:00,11.503835127408772,11.661114623080051,11.391493029293184,11.593708992004395,299640,0.0,0.0
2011-02-18 00:00:00+08:00,11.59370660281245,11.616175762217807,11.41395984117857,11.43642807006836,183475,0.0,0.0
2011-02-21 00:00:00+08:00,11.436429904731728,11.548771997718466,11.369024276733398,11.369024276733398,105308,0.0,0.0
2011-02-22 00:00:00+08:00,11.36902415305493,11.526303639834822,11.009529645511288,11.234213829040527,242100,0.0,0.0
2011-02-23 00:00:00+08:00,11.144338887811191,11.324086589393827,11.09940242767334,11.09940242767334,167190,0.0,0.0
2011-02-24 00:00:00+08:00,11.099402640520458,11.324086806549591,11.099402640520458,11.301618576049805,136792,0.0,0.0
2011-02-25 00:00:00+08:00,11.436428822188295,11.795923299613877,11.279150279100737,11.548770904541016,404948,0.0,0.0
2011-03-01 00:00:00+08:00,11.59370765280766,11.908266607815309,11.548771190958368,11.818392753601074,326781,0.0,0.0
2011-03-02 00:00:00+08:00,11.706052272524639,11.863330841064453,11.706052272524639,11.863330841064453,191074,0.0,0.0
2011-03-03 00:00:00+08:00,11.9082682395871,12.200357142663295,11.77345697453494,11.863330841064453,554768,0.0,0.0
2011-03-04 00:00:00+08:00,11.908267495824076,11.908267495824076,11.593708517359518,11.750988006591797,180218,0.0,0.0
2011-03-07 00:00:00+08:00,11.661113066265306,11.728518688341989,11.593707444188626,11.61617660522461,133535,0.0,0.0
2011-03-08 00:00:00+08:00,11.616176660352949,11.795923435884422,11.548771037956373,11.683581352233887,173704,0.0,0.0
2011-03-09 00:00:00+08:00,11.706051873772088,11.818393970478237,11.616178010304019,11.773456573486328,176961,0.0,0.0
2011-03-10 00:00:00+08:00,11.773456573486328,11.885798670192479,11.616178010304019,11.773456573486328,143306,0.0,0.0
2011-03-11 00:00:00+08:00,11.773456239191917,11.840861867507996,11.616177680475358,11.750988006591797,194331,0.0,0.0
2011-03-14 00:00:00+08:00,10.964593717822604,11.45889857358111,10.942124553957056,11.144340515136719,423404,0.0,0.0
2011-03-15 00:00:00+08:00,11.144338147471087,11.234211992291911,10.380411862267415,10.739906311035156,458145,0.0,0.0
2011-03-16 00:00:00+08:00,10.784846809515328,11.099404891862465,10.784846809515328,11.009531021118164,136792,0.0,0.0
2011-03-17 00:00:00+08:00,10.964591448569806,11.144338208683187,10.784843757940864,11.054465293884277,161762,0.0,0.0
2011-03-18 00:00:00+08:00,11.054464494932205,11.211743014978687,11.054464494932205,11.189274787902832,84680,0.0,0.0
2011-03-21 00:00:00+08:00,11.234212954034811,11.369023267549164,11.234212954034811,11.301618576049805,118336,0.0,0.0
2011-03-22 00:00:00+08:00,11.369025072828865,11.369025072828865,11.12187263705478,11.166810035705566,200845,0.0,0.0
2011-03-23 00:00:00+08:00,11.234215468604615,11.324089341235988,11.189278997546852,11.279152870178223,108565,0.0,0.0
2011-03-24 00:00:00+08:00,11.324089341235988,11.324089341235988,11.211747233075734,11.279152870178223,61882,0.0,0.0
2011-03-25 00:00:00+08:00,11.301621105707106,11.436431449396242,11.234215468604615,11.279152870178223,80338,0.0,0.0
2011-03-28 00:00:00+08:00,11.279151776266994,11.279151776266994,11.144340515136719,11.144340515136719,64053,0.0,0.0
2011-03-29 00:00:00+08:00,11.05446642915307,11.144339353181728,10.919655182078772,10.942123413085938,167190,0.0,0.0
2011-03-30 00:00:00+08:00,11.009529321428849,11.009529321428849,10.807313376101929,10.897187232971191,129192,0.0,0.0
2011-03-31 00:00:00+08:00,10.897186197489072,10.897186197489072,10.739906730284092,10.829780578613281,158505,0.0,0.0
2011-04-01 00:00:00+08:00,10.874718249150995,10.874718249150995,10.784844398498535,10.784844398498535,41254,0.0,0.0
2011-04-06 00:00:00+08:00,10.87471866607666,11.054466374272925,10.784844811978529,10.87471866607666,121593,0.0,0.0
2011-04-07 00:00:00+08:00,11.009531021118164,11.054468421748226,11.009531021118164,11.009531021118164,83595,0.0,0.0
2011-04-08 00:00:00+08:00,11.009530354723385,11.009530354723385,10.942124723116192,10.964593887329102,49940,0.0,0.0
2011-04-11 00:00:00+08:00,10.964593887329102,10.964593887329102,10.89718825572191,10.964593887329102,32569,0.0,0.0
2011-04-12 00:00:00+08:00,10.897187493950817,10.964593120845999,10.852250099182129,10.852250099182129,73824,0.0,0.0
2011-04-13 00:00:00+08:00,10.852249839278722,10.942123696147982,10.829781607690325,10.897187232971191,37997,0.0,0.0
2011-04-14 00:00:00+08:00,10.96459319493807,11.054467054567057,10.874719335309083,10.919655799865723,226901,0.0,0.0
2011-04-15 00:00:00+08:00,10.919655127867902,11.009528981966033,10.87471866607666,10.87471866607666,192160,0.0,0.0
2011-04-18 00:00:00+08:00,10.874720680259626,11.324089103465303,10.874720680259626,11.009531021118164,181304,0.0,0.0
2011-04-19 00:00:00+08:00,11.05446642915307,11.05446642915307,10.919655182078772,10.942123413085938,52111,0.0,0.0
2011-04-20 00:00:00+08:00,10.964594551003927,11.144341361976702,10.942125385430984,11.009531021118164,93366,0.0,0.0
2011-04-21 00:00:00+08:00,11.099404891862465,11.099404891862465,11.009531021118164,11.009531021118164,60796,0.0,0.0
2011-04-22 00:00:00+08:00,11.369024368709344,11.369024368709344,11.009529854346596,11.121871948242188,155248,0.0,0.0
2011-04-25 00:00:00+08:00,11.144339770421585,11.166808932785642,10.91965559090654,11.031997680664062,81423,0.0,0.0
2011-04-26 00:00:00+08:00,11.00952857688202,11.121870657742265,10.96459211674417,11.09940242767334,28226,0.0,0.0
2011-04-27 00:00:00+08:00,11.099404220027719,11.099404220027719,10.91965648941905,10.964593887329102,247528,0.0,0.0
2011-04-28 00:00:00+08:00,10.942123358763522,11.009528981966033,10.87471866607666,10.87471866607666,95537,0.0,0.0
2011-04-29 00:00:00+08:00,10.942123958203803,10.942123958203803,10.807313634929143,10.852250099182129,69481,0.0,0.0
2011-05-03 00:00:00+08:00,10.874719335309083,11.00952965949471,10.874719335309083,10.919655799865723,104222,0.0,0.0
2011-05-04 00:00:00+08:00,10.852250857811859,11.009530354723385,10.829782624114717,10.964593887329102,93366,0.0,0.0
2011-05-05 00:00:00+08:00,10.874719335309083,11.00952965949471,10.874719335309083,10.919655799865723,116164,0.0,0.0
2011-05-06 00:00:00+08:00,10.919654997307118,11.683581352233887,10.874718536053159,11.683581352233887,897834,0.0,0.0
2011-05-09 00:00:00+08:00,11.840862352271298,11.863330585791264,11.45889866036884,11.593708992004395,343066,0.0,0.0
2011-05-10 00:00:00+08:00,11.593706944793711,11.818392031865873,11.279149870026993,11.45889663696289,534141,0.0,0.0
2011-05-11 00:00:00+08:00,11.50383351329055,11.593707365275852,11.346554970202991,11.548770904541016,200845,0.0,0.0
2011-05-12 00:00:00+08:00,11.45889683639808,11.45889683639808,11.324086526220967,11.34655475616455,111822,0.0,0.0
2011-05-13 00:00:00+08:00,11.458898137225933,11.458898137225933,11.279151346756581,11.369024276733398,66224,0.0,0.0
2011-05-16 00:00:00+08:00,11.346554558684607,11.616176104861843,11.346554558684607,11.45889663696289,232329,0.0,0.0
2011-05-17 00:00:00+08:00,11.593708992004395,12.110483015542407,11.503835127408772,11.593708992004395,479858,0.0,0.0
2011-05-18 00:00:00+08:00,11.683582809516826,11.683582809516826,11.503835081049939,11.526304244995117,165019,0.0,0.0
2011-05-19 00:00:00+08:00,11.593707285436507,11.638644676377513,11.481365203857422,11.481365203857422,142220,0.0,0.0
2011-05-20 00:00:00+08:00,11.616174824406059,11.616174824406059,11.099400949083917,11.189274787902832,209530,0.0,0.0
2011-05-23 00:00:00+08:00,11.05446684302812,11.166808932785642,11.031997680664062,11.031997680664062,100965,0.0,0.0
2011-05-24 00:00:00+08:00,11.031997267630251,11.099402891167399,10.919655182078772,10.942123413085938,100965,0.0,0.0
2011-05-25 00:00:00+08:00,10.942124723116192,11.009530354723385,10.942124723116192,10.964593887329102,45597,0.0,0.0
2011-05-26 00:00:00+08:00,11.009529448815696,11.099403306724852,11.009529448815696,11.031997680664062,35826,0.0,0.0
2011-05-27 00:00:00+08:00,11.031997267630251,11.189276745711712,10.919655182078772,10.942123413085938,131363,0.0,0.0
2011-05-30 00:00:00+08:00,11.009527905969263,11.054465293884277,10.987059677269533,11.054465293884277,41254,0.0,0.0
2011-05-31 00:00:00+08:00,11.009529854346596,11.211745809461805,11.009529854346596,11.121871948242188,95537,0.0,0.0
2011-06-01 00:00:00+08:00,11.211744508533585,11.211744508533585,11.031996806950946,11.09940242767334,87937,0.0,0.0
2011-06-02 00:00:00+08:00,11.054464494932205,11.279148626721748,11.054464494932205,11.189274787902832,149820,0.0,0.0
2011-06-03 00:00:00+08:00,11.189277364540962,11.301619456305582,11.16680913229118,11.234213829040527,61882,0.0,0.0
2011-06-07 00:00:00+08:00,11.234213951252455,11.369024276733398,11.144340090759922,11.369024276733398,195417,0.0,0.0
2011-06-08 00:00:00+08:00,11.369024795773218,11.863330585791264,11.369024795773218,11.593708992004395,770813,0.0,0.0
2011-06-09 00:00:00+08:00,11.728520956454727,12.402573585510254,11.661115321342848,12.402573585510254,1105194,0.0,0.0
2011-06-10 00:00:00+08:00,13.05415649988554,13.256372451782227,12.851940547988852,13.256372451782227,4694362,0.0,0.0
2011-06-13 00:00:00+08:00,13.481058026192915,14.155111578863625,13.256373818807948,14.110174179077148,4747559,0.0,0.0
2011-06-14 00:00:00+08:00,14.110170318472763,14.357322692871094,13.77314409960716,14.357322692871094,2440547,0.0,0.0
2011-06-15 00:00:00+08:00,14.334855942865193,14.357324173670474,13.458587497334106,13.638334274291992,1721845,0.0,0.0
2011-06-16 00:00:00+08:00,13.481057194924261,14.020299445500601,13.121562671378618,13.166499137878418,2541513,0.0,0.0
2011-06-17 00:00:00+08:00,13.166497070152273,13.615865386642437,12.627254904260957,12.71712875366211,2356952,0.0,0.0
2011-06-20 00:00:00+08:00,12.851938721016554,13.009218185918392,11.86332826490349,12.132948875427246,1802183,0.0,0.0
2011-06-21 00:00:00+08:00,12.447507805230922,12.447507805230922,11.728517959641612,12.132948875427246,1233301,0.0,0.0
2011-06-22 00:00:00+08:00,12.44750841034966,12.672192573547363,12.222823316636333,12.672192573547363,1497115,0.0,0.0
2011-06-23 00:00:00+08:00,12.62725530518973,12.717129157444472,12.2228234353012,12.49244499206543,1210502,0.0,0.0
2011-06-24 00:00:00+08:00,12.4924460844856,12.4924460844856,12.245292736543464,12.312698364257812,366950,0.0,0.0
2011-06-27 00:00:00+08:00,12.22282383875818,12.851939894791924,12.110481752360416,12.582319259643555,1414605,0.0,0.0
2011-06-28 00:00:00+08:00,12.582318625815539,12.851939247381905,12.222823223039565,12.290228843688965,883721,0.0,0.0
2011-06-29 00:00:00+08:00,12.40257147907063,13.14402961730957,12.40257147907063,13.14402961730957,2387350,0.0,0.0
2011-06-30 00:00:00+08:00,13.3013088976727,13.93042401026795,13.278839736442162,13.570929527282715,3674934,0.0,0.0
2011-07-01 00:00:00+08:00,13.705741360119202,13.93042555318518,13.121562644250805,13.481057167053223,1999772,0.0,0.0
2011-07-04 00:00:00+08:00,13.391181166963639,13.43611855671586,12.874407233164474,12.96428108215332,1224616,0.0,0.0
2011-07-05 00:00:00+08:00,13.009220050155458,13.233904234627962,12.874408795059386,12.941814422607422,903263,0.0,0.0
2011-07-06 00:00:00+08:00,12.986749922092773,13.121561167169386,12.6272554397583,12.6272554397583,1230044,0.0,0.0
2011-07-07 00:00:00+08:00,12.672193676304266,13.503524780273438,12.672193676304266,13.503524780273438,2605566,0.0,0.0
2011-07-08 00:00:00+08:00,13.525993298097811,13.728209252946618,13.21143618001714,13.458588600158691,1417862,0.0,0.0
2011-07-11 00:00:00+08:00,13.458587124217553,14.110171382600479,13.301308582425229,13.863018989562988,2512200,0.0,0.0
2011-07-12 00:00:00+08:00,13.86302142235955,14.244984194036935,13.391183853149414,13.391183853149414,2172391,0.0,0.0
2011-07-13 00:00:00+08:00,13.84055015689273,14.020297863643169,13.525992135337283,13.570929527282715,2096395,0.0,0.0
2011-07-14 00:00:00+08:00,13.795615789467877,14.065237390518782,13.076625783847918,13.391183853149414,1688190,0.0,0.0
2011-07-15 00:00:00+08:00,13.570929527282715,13.615865988712503,13.21143504429748,13.570929527282715,1060682,0.0,0.0
2011-07-18 00:00:00+08:00,13.705740764200325,14.514604568481445,13.705740764200325,14.514604568481445,3382893,0.0,0.0
2011-07-19 00:00:00+08:00,14.91903506212431,15.503213697440929,14.289919036081418,14.424729347229004,5262158,0.0,0.0
2011-07-20 00:00:00+08:00,14.739289017824703,14.739289017824703,14.312388875751989,14.469667434692383,2217988,0.0,0.0
2011-07-21 00:00:00+08:00,14.514604568481445,14.919036470622006,14.379793314090788,14.514604568481445,2109423,0.0,0.0
2011-07-22 00:00:00+08:00,14.829162186928649,15.12125105854825,14.537072384793369,14.739288330078125,2061654,0.0,0.0
2011-07-25 00:00:00+08:00,14.919035976635593,14.919035976635593,13.728208541870117,13.728208541870117,2153935,0.0,0.0
2011-07-26 00:00:00+08:00,13.660805151090461,14.02029968066598,13.57093128606764,13.750679016113281,1029198,0.0,0.0
2011-07-27 00:00:00+08:00,13.750678445564759,14.020299098930252,13.705741049660025,13.840551376342773,1126907,0.0,0.0
2011-07-28 00:00:00+08:00,13.750677988112182,14.065236026917804,13.593398503451523,13.683272361755371,762128,0.0,0.0
2011-07-29 00:00:00+08:00,13.683271729344913,13.885487668553676,12.739597656542564,12.762065887451172,1618708,0.0,0.0
2011-08-01 00:00:00+08:00,12.76206603957058,13.03168760523461,12.582319259643555,12.582319259643555,1023770,0.0,0.0
2011-08-02 00:00:00+08:00,12.762068416941487,12.941816160868328,12.357637388879848,12.73960018157959,911948,0.0,0.0
2011-08-03 00:00:00+08:00,12.739598590418534,13.121562265927292,12.357635845425493,13.076624870300293,954288,0.0,0.0
2011-08-04 00:00:00+08:00,13.615865287918236,13.885486834166757,13.211434364318848,13.211434364318848,1629564,0.0,0.0
2011-08-05 00:00:00+08:00,12.290230465134703,12.672194148347604,12.290230465134703,12.335166931152344,1240901,0.0,0.0
2011-08-08 00:00:00+08:00,11.975670921114766,12.582318719951196,11.481365203857422,11.481365203857422,1294098,0.0,0.0
2011-08-09 00:00:00+08:00,10.71743964323986,11.279151022543164,10.694971411391494,11.031997680664062,816410,0.0,0.0
2011-08-10 00:00:00+08:00,11.234213951252455,11.616177625716798,11.234213951252455,11.369024276733398,611222,0.0,0.0
2011-08-11 00:00:00+08:00,11.099403178298111,11.324087355213427,10.694971287644272,10.897187232971191,539569,0.0,0.0
2011-08-12 00:00:00+08:00,11.234214379051652,11.481366806930906,11.054467581737537,11.144340515136719,410376,0.0,0.0
2011-08-15 00:00:00+08:00,11.234213287759752,11.346555374111567,11.099402970240707,11.324087142944336,413633,0.0,0.0
2011-08-16 00:00:00+08:00,11.458895373844085,11.458895373844085,11.144337403235628,11.189274787902832,434261,0.0,0.0
2011-08-17 00:00:00+08:00,11.189276690162298,11.23421315195354,10.87471866607666,10.87471866607666,391920,0.0,0.0
2011-08-18 00:00:00+08:00,10.874720680259626,11.009531021118164,10.739909408885266,11.009531021118164,285526,0.0,0.0
2011-08-19 00:00:00+08:00,10.784844380834327,10.784844380834327,10.33547605882365,10.47028636932373,469001,0.0,0.0
2011-08-22 00:00:00+08:00,10.515223755989519,10.582629382437595,9.751297355146004,9.77376651763916,856580,0.0,0.0
2011-08-23 00:00:00+08:00,9.773768261520173,9.886109441451907,9.256993250739026,9.571552276611328,895663,0.0,0.0
2011-08-24 00:00:00+08:00,9.661424477380152,10.065855446620569,9.57155061848816,9.841171264648438,685046,0.0,0.0
2011-08-25 00:00:00+08:00,10.4297565195854,10.523930549621582,10.4297565195854,10.523930549621582,396263,0.921105,0.0
2011-08-26 00:00:00+08:00,10.924172443604787,10.971258981923212,10.312041595236883,10.665193557739258,1120393,0.0,0.0
2011-08-29 00:00:00+08:00,10.665192421669405,10.782909729964134,10.453301071731302,10.6181058883667,272498,0.0,0.0
2011-08-30 00:00:00+08:00,10.641650490343723,10.71228127419857,10.194324467685217,10.453302383422852,661162,0.0,0.0
2011-08-31 00:00:00+08:00,10.453302048797841,10.453302048797841,10.194324141350457,10.35912799835205,307239,0.0,0.0
2011-09-01 00:00:00+08:00,10.453302712072404,10.735824881336146,10.453302712072404,10.547476768493652,441860,0.0,0.0
2011-09-02 00:00:00+08:00,10.42975788988675,10.547475199138665,10.335583847477624,10.382671356201172,276841,0.0,0.0
2011-09-05 00:00:00+08:00,10.19432485703589,10.19432485703589,9.93534693140714,10.029520988464355,323524,0.0,0.0
2011-09-06 00:00:00+08:00,10.053061997121587,10.264953334067165,9.935344696044922,9.935344696044922,191074,0.0,0.0
2011-09-07 00:00:00+08:00,10.241410612085636,10.241410612085636,9.935345223036784,10.076605796813965,144391,0.0,0.0
2011-09-08 00:00:00+08:00,10.170779837678069,10.264953878542173,9.98243175594986,10.076605796813965,153077,0.0,0.0
2011-09-09 00:00:00+08:00,10.076605542215274,10.123693048976575,9.888257465245927,10.005974769592285,314839,0.0,0.0
2011-09-13 00:00:00+08:00,10.005974091196444,10.100148123296206,9.323213577270508,9.323213577270508,265984,0.0,0.0
2011-09-14 00:00:00+08:00,9.511562333228389,9.605736372177253,9.229040216381794,9.252584457397461,514599,0.0,0.0
2011-09-15 00:00:00+08:00,9.511562777824613,9.511562777824613,9.323214691122985,9.370302200317383,148734,0.0,0.0
2011-09-16 00:00:00+08:00,9.605736913571816,9.699909982790489,9.488019602010484,9.652823448181152,160676,0.0,0.0
2011-09-19 00:00:00+08:00,9.652823541412216,9.652823541412216,9.417388916015625,9.417388916015625,200845,0.0,0.0
2011-09-20 00:00:00+08:00,9.417389252554793,9.558649837833226,9.417389252554793,9.511563301086426,157419,0.0,0.0
2011-09-21 00:00:00+08:00,9.511564132535781,9.888259384552937,9.440933346203389,9.74699878692627,193246,0.0,0.0
2011-09-22 00:00:00+08:00,9.440931665264905,9.746997051493473,9.440931665264905,9.53510570526123,175875,0.0,0.0
2011-09-23 00:00:00+08:00,9.370303359671698,9.440933169645099,9.08778119466379,9.158411979675293,244271,0.0,0.0
2011-09-26 00:00:00+08:00,9.1348673738336,9.18195488699409,8.522737503051758,8.522737503051758,172618,0.0,0.0
2011-09-27 00:00:00+08:00,8.56982514868617,8.828803062438965,8.56982514868617,8.828803062438965,144391,0.0,0.0
2011-09-28 00:00:00+08:00,8.94651976751169,8.94651976751169,8.616911093180311,8.6639986038208,110736,0.0,0.0
2011-09-29 00:00:00+08:00,8.663998685335594,9.040692923775548,8.663998685335594,8.94651985168457,199760,0.0,0.0
2011-09-30 00:00:00+08:00,8.946518640331465,9.134865734049363,8.852344605953574,8.875887870788574,73824,0.0,0.0
2011-10-03 00:00:00+08:00,8.993605859064003,9.064236634018409,8.66399817604468,8.805258750915527,68396,0.0,0.0
2011-10-04 00:00:00+08:00,8.522736801764227,8.85234546661377,8.522736801764227,8.85234546661377,94451,0.0,0.0
2011-10-05 00:00:00+08:00,8.85234546661377,8.85234546661377,8.758171423079903,8.85234546661377,27141,0.0,0.0
2011-10-06 00:00:00+08:00,8.852345804555572,8.94651985168457,8.852345804555572,8.94651985168457,87937,0.0,0.0
2011-10-07 00:00:00+08:00,9.040691480971224,9.558648170000978,8.970061688174802,9.323213577270508,800126,0.0,0.0
2011-10-11 00:00:00+08:00,9.087780337727644,9.299671697743664,9.040692827147414,9.181954383850098,375635,0.0,0.0
2011-10-12 00:00:00+08:00,9.181954224239245,9.252585001362805,9.087780179753828,9.134866714477539,141134,0.0,0.0
2011-10-13 00:00:00+08:00,9.229040758962956,9.27612826872466,9.134866714477539,9.134866714477539,146563,0.0,0.0
2011-10-14 00:00:00+08:00,9.134866016299652,9.39384486260029,9.134866016299652,9.205496788024902,118336,0.0,0.0
2011-10-17 00:00:00+08:00,9.276127048739559,9.393844345104794,9.229039545170746,9.323213577270508,92280,0.0,0.0
2011-10-18 00:00:00+08:00,9.323213148862047,9.558647730774126,9.323213148862047,9.46447467803955,78166,0.0,0.0
2011-10-19 00:00:00+08:00,9.605736467313108,9.605736467313108,9.276127815246582,9.276127815246582,174790,0.0,0.0
2011-10-20 00:00:00+08:00,9.276128714413359,9.276128714413359,8.993606567382812,8.993606567382812,154162,0.0,0.0
2011-10-21 00:00:00+08:00,8.993605796456892,9.27612791926983,8.946519263507048,9.040692329406738,97708,0.0,0.0
2011-10-24 00:00:00+08:00,9.134867734646058,9.229041789648694,9.064237924672657,9.158411979675293,100965,0.0,0.0
2011-10-25 00:00:00+08:00,9.158411735582645,9.181955004946296,9.064237683089962,9.087780952453613,125935,0.0,0.0
2011-10-26 00:00:00+08:00,9.181954224239245,9.229040758962956,9.040692669992124,9.134866714477539,49940,0.0,0.0
2011-10-27 00:00:00+08:00,9.08778119466379,9.276129304669062,9.08778119466379,9.158411979675293,125935,0.0,0.0
2011-10-28 00:00:00+08:00,9.323214452219675,9.323214452219675,9.040692329406738,9.040692329406738,169361,0.0,0.0
2011-10-31 00:00:00+08:00,9.229040317760656,9.229040317760656,8.993605705321267,9.017148971557617,87937,0.0,0.0
2011-11-01 00:00:00+08:00,8.946518090590121,8.946518090590121,8.616909478040073,8.734626770019531,187817,0.0,0.0
2011-11-02 00:00:00+08:00,8.569823265075684,8.663997297115309,8.47564923303606,8.569823265075684,183475,0.0,0.0
2011-11-03 00:00:00+08:00,8.49919380668,8.569824585350625,8.381476492254299,8.405019760131836,149820,0.0,0.0
2011-11-04 00:00:00+08:00,8.593367231260387,8.593367231260387,8.475649925354789,8.49919319152832,123764,0.0,0.0
2011-11-07 00:00:00+08:00,8.499193987625647,8.522737256004415,8.452106475830078,8.452106475830078,68396,0.0,0.0
2011-11-08 00:00:00+08:00,8.452106112799417,8.781714781059076,8.452106112799417,8.616910934448242,138963,0.0,0.0
2011-11-09 00:00:00+08:00,8.640452525917912,8.687540026557935,8.428561210632324,8.428561210632324,111822,0.0,0.0
2011-11-10 00:00:00+08:00,8.428561293675282,8.428561293675282,7.981235395895687,8.075408935546875,245357,0.0,0.0
2011-11-11 00:00:00+08:00,8.122497649893187,8.310845244847602,8.122497649893187,8.146040916442871,124850,0.0,0.0
2011-11-14 00:00:00+08:00,8.240213158147844,8.428561210632324,8.240213158147844,8.428561210632324,113993,0.0,0.0
2011-11-15 00:00:00+08:00,8.381475094379274,8.405018358330231,8.287301063537598,8.287301063537598,23884,0.0,0.0
2011-11-16 00:00:00+08:00,8.287301978297917,8.287301978297917,8.146040916442871,8.146040916442871,92280,0.0,0.0
2011-11-17 00:00:00+08:00,8.240213560597835,8.310844327488555,8.122496753324128,8.287301063537598,36912,0.0,0.0
2011-11-18 00:00:00+08:00,8.24021323933509,8.24021323933509,8.051865672513806,8.075408935546875,117250,0.0,0.0
2011-11-21 00:00:00+08:00,8.028323161901096,8.075409692380221,7.7693448066711435,7.769344806671143,167190,0.0,0.0
2011-11-22 00:00:00+08:00,7.7693451933374815,7.7693451933374815,7.439737025984835,7.486823558807373,147648,0.0,0.0
2011-11-23 00:00:00+08:00,7.439737940812956,7.486824479425494,7.110129245410966,7.345563888549805,232329,0.0,0.0
2011-11-24 00:00:00+08:00,6.968867596605492,7.322020019926808,6.968867596605492,7.180758953094482,99880,0.0,0.0
2011-11-25 00:00:00+08:00,7.204302846578424,7.227846114410537,6.992410998494375,7.08658504486084,138963,0.0,0.0
2011-11-28 00:00:00+08:00,7.157215764981828,7.227846055420727,7.1336720098228605,7.204302787780762,46683,0.0,0.0
2011-11-29 00:00:00+08:00,7.34556276124534,7.34556276124534,7.227845457741689,7.298475742340088,93366,0.0,0.0
2011-11-30 00:00:00+08:00,7.298476312408309,7.298476312408309,7.063041687011719,7.063041687011719,95537,0.0,0.0
2011-12-01 00:00:00+08:00,7.251389503479004,7.3455635514199695,7.204302967027535,7.251389503479004,113993,0.0,0.0
2011-12-02 00:00:00+08:00,7.298475660602242,7.4397367157359735,7.251388642224331,7.274931907653809,98794,0.0,0.0
2011-12-05 00:00:00+08:00,7.298476566485252,7.486824175855543,7.298476566485252,7.392650127410889,59710,0.0,0.0
2011-12-06 00:00:00+08:00,7.486823055132743,7.486823055132743,7.227845191955567,7.227845191955566,71653,0.0,0.0
2011-12-07 00:00:00+08:00,7.251389242751147,7.27493251013037,7.180758953094482,7.180758953094482,45597,0.0,0.0
2011-12-08 00:00:00+08:00,7.2043027547610725,7.2043027547610725,7.063041687011719,7.063041687011719,75995,0.0,0.0
2011-12-09 00:00:00+08:00,6.968867998965342,7.157216098949719,6.733433361503896,6.898237705230713,236672,0.0,0.0
2011-12-12 00:00:00+08:00,6.898236357746935,6.9217801094055185,6.780519062010806,6.921780109405518,83595,0.0,0.0
2011-12-13 00:00:00+08:00,6.709888294553985,6.9217801094055185,6.709888294553985,6.921780109405518,48854,0.0,0.0
2011-12-14 00:00:00+08:00,6.827606511532449,7.063041117960679,6.827606511532449,7.0394978523254395,59710,0.0,0.0
2011-12-15 00:00:00+08:00,6.87469244003296,6.921779942212747,6.87469244003296,6.874692440032959,29312,0.0,0.0
2011-12-16 00:00:00+08:00,6.921781153238878,7.063041734417343,6.921781153238878,6.945324420928955,48854,0.0,0.0
2011-12-19 00:00:00+08:00,6.921781169112861,7.0159547276081415,6.686346054077148,6.686346054077148,99880,0.0,0.0
2011-12-20 00:00:00+08:00,6.78051927684525,6.874692823906596,6.78051927684525,6.851149559020996,39083,0.0,0.0
2011-12-21 00:00:00+08:00,6.945324074541775,7.251388976843276,6.921780808025882,7.110128402709961,109650,0.0,0.0
2011-12-22 00:00:00+08:00,7.157214641571044,7.180757905515612,7.133670890107551,7.157214641571045,43426,0.0,0.0
2011-12-23 00:00:00+08:00,7.20430223470774,7.533910393958308,7.20430223470774,7.439736843109131,125935,0.0,0.0
2011-12-26 00:00:00+08:00,7.510367083654242,7.533910349347388,7.251388723434835,7.298475742340088,40169,0.0,0.0
2011-12-27 00:00:00+08:00,7.157214909954423,7.345562491130455,7.157214909954423,7.227845191955566,16284,0.0,0.0
2011-12-28 00:00:00+08:00,7.227845376794854,7.345562678980152,7.227845376794854,7.274931907653809,64053,0.0,0.0
2011-12-29 00:00:00+08:00,7.36910588496591,7.7693448066711435,7.36910588496591,7.769344806671143,296383,0.0,0.0
2011-12-30 00:00:00+08:00,7.839975422715566,7.839975422715566,7.510366790752389,7.604540824890137,339809,0.0,0.0
2012-01-02 00:00:00+08:00,7.463279851000814,7.5574538861141765,7.345562550868585,7.369105815887451,127021,0.0,0.0
2012-01-03 00:00:00+08:00,7.3691071578560745,7.392650427162344,7.251389836286656,7.345563888549805,78166,0.0,0.0
2012-01-04 00:00:00+08:00,7.392649080906318,7.48682311601968,7.345562550868585,7.369105815887451,137877,0.0,0.0
2012-01-05 00:00:00+08:00,7.369105979141213,7.41619348526001,7.345562713600773,7.41619348526001,56453,0.0,0.0
2012-01-06 00:00:00+08:00,7.392649299119398,7.580997374905702,7.392649299119398,7.5574541091918945,99880,0.0,0.0
2012-01-09 00:00:00+08:00,7.675170051352328,8.075408935546875,7.580996511701139,8.075408935546875,944517,0.0,0.0
2012-01-10 00:00:00+08:00,8.051867180261846,8.051867180261846,7.675171488562421,7.8399763107299805,407119,0.0,0.0
2012-01-11 00:00:00+08:00,7.816432699919385,7.910606253068033,7.74580192565918,7.74580192565918,150905,0.0,0.0
2012-01-12 00:00:00+08:00,7.76934523381799,7.76934523381799,7.628084659576417,7.628084659576416,151991,0.0,0.0
2012-01-13 00:00:00+08:00,7.675170963991557,7.675170963991557,7.4161935772765775,7.439736843109131,150905,0.0,0.0
2012-01-16 00:00:00+08:00,7.58099736825264,7.58099736825264,7.251388723434835,7.298475742340088,154162,0.0,0.0
2012-01-17 00:00:00+08:00,7.322020349667617,7.604542008536389,7.298476593709125,7.533911228179932,143306,0.0,0.0
2012-01-18 00:00:00+08:00,7.510367090245319,7.604541128138471,7.463280071298743,7.5574541091918945,144391,0.0,0.0
2012-01-30 00:00:00+08:00,7.7458026488632115,7.816433429718017,7.604542062191644,7.816433429718018,179132,0.0,0.0
2012-01-31 00:00:00+08:00,7.816433553609703,8.07541097493306,7.76934604061414,7.981237411499023,229072,0.0,0.0
2012-02-01 00:00:00+08:00,8.004781196033797,8.522737503051758,8.004781196033797,8.522737503051758,579738,0.0,0.0
2012-02-02 00:00:00+08:00,8.711083825616189,8.711083825616189,8.381475200996437,8.569823265075684,426661,0.0,0.0
2012-02-03 00:00:00+08:00,8.569824148943153,8.616910682300405,8.334388557042999,8.546279907226562,231244,0.0,0.0
2012-02-06 00:00:00+08:00,8.711083506631205,8.85234406199899,8.711083506631205,8.734626770019531,261642,0.0,0.0
2012-02-07 00:00:00+08:00,8.734629009700292,8.875889601289263,8.522737634797796,8.828803062438965,510256,0.0,0.0
2012-02-08 00:00:00+08:00,8.805259268510081,9.017149655752805,8.711085221381083,8.94651985168457,250785,0.0,0.0
2012-02-09 00:00:00+08:00,8.946519172848568,9.087779745304612,8.852345132865223,9.017148971557617,296383,0.0,0.0
2012-02-10 00:00:00+08:00,9.06423590743017,9.629279136657715,8.80525804508693,9.629279136657715,998800,0.0,0.0
2012-02-13 00:00:00+08:00,9.67636566616089,9.67636566616089,9.323213769773412,9.629279136657715,991200,0.0,0.0
2012-02-14 00:00:00+08:00,9.888257547981178,10.288496971130371,9.888257547981178,10.288496971130371,3301470,0.0,0.0
2012-02-15 00:00:00+08:00,10.382672971150319,10.429759512159865,9.794085358302256,10.029520988464355,1340781,0.0,0.0
2012-02-16 00:00:00+08:00,9.888255921441756,10.217864517159,9.605734825134277,9.605734825134277,765385,0.0,0.0
2012-02-17 00:00:00+08:00,9.723454131604452,9.888257976189893,9.370302200317381,9.370302200317383,528712,0.0,0.0
2012-02-20 00:00:00+08:00,9.582193646688104,9.582193646688104,9.299671513905704,9.393845558166504,360436,0.0,0.0
2012-02-21 00:00:00+08:00,9.440932183547684,9.51156296118186,9.32321487084939,9.417388916015625,247528,0.0,0.0
2012-02-22 00:00:00+08:00,9.393845467395591,9.464476243668196,9.205497380693961,9.370302200317383,585166,0.0,0.0
2012-02-23 00:00:00+08:00,9.346757387083512,9.69990828491381,9.323213148862047,9.46447467803955,536312,0.0,0.0
2012-02-24 00:00:00+08:00,9.417389446094296,9.558650034275816,9.252585589055531,9.29967212677002,300725,0.0,0.0
2012-02-29 00:00:00+08:00,9.299671081457488,9.393845121339059,9.229040307786823,9.276127815246582,216044,0.0,0.0
2012-03-01 00:00:00+08:00,9.205498076302987,9.417389446094296,9.181954807445743,9.29967212677002,111822,0.0,0.0
2012-03-02 00:00:00+08:00,9.34675868988531,9.746997144908118,9.34675868988531,9.558649063110352,370207,0.0,0.0
2012-03-05 00:00:00+08:00,9.605735673569791,9.605735673569791,9.323213577270508,9.323213577270508,230158,0.0,0.0
2012-03-06 00:00:00+08:00,9.32321525139943,9.32321525139943,8.94652003039674,8.993606567382812,389749,0.0,0.0
2012-03-07 00:00:00+08:00,8.758171423079903,8.993606044395579,8.616910845298094,8.85234546661377,175875,0.0,0.0
2012-03-08 00:00:00+08:00,8.946519511694149,9.158410865922482,8.899432002400085,9.111323356628418,130278,0.0,0.0
2012-03-09 00:00:00+08:00,9.087780337727644,9.181954383850098,9.040692827147414,9.181954383850098,123764,0.0,0.0
2012-03-12 00:00:00+08:00,9.181954481988056,9.229041018033547,8.94651985168457,8.94651985168457,135706,0.0,0.0
2012-03-13 00:00:00+08:00,8.970062960161997,8.993606227765993,8.899432182312012,8.899432182312012,113993,0.0,0.0
2012-03-14 00:00:00+08:00,9.111323447115684,9.181954224239245,8.946519600544699,9.134866714477539,524370,0.0,0.0
2012-03-15 00:00:00+08:00,9.134867062381273,9.134867062381273,8.970063209533691,8.970063209533691,137877,0.0,0.0
2012-03-16 00:00:00+08:00,8.970063209533691,9.111323794122766,8.946519941275184,8.970063209533691,89023,0.0,0.0
2012-03-19 00:00:00+08:00,9.040691979011957,9.229040053587346,8.922974676161818,9.205496788024902,231244,0.0,0.0
2012-03-20 00:00:00+08:00,9.181953522462457,9.39384486260029,9.181953522462457,9.205496788024902,890235,0.0,0.0
2012-03-21 00:00:00+08:00,9.181953785287957,9.181953785287957,9.017148971557617,9.017148971557617,125935,0.0,0.0
2012-03-22 00:00:00+08:00,9.252585744097509,9.558650194446397,9.252585744097509,9.346759796142578,358265,0.0,0.0
2012-03-23 00:00:00+08:00,9.32321487084939,9.53510622871392,9.27612833578527,9.417388916015625,229072,0.0,0.0
2012-03-26 00:00:00+08:00,9.535104467590482,9.558647730774126,9.440930439818088,9.46447467803955,285526,0.0,0.0
2012-03-27 00:00:00+08:00,9.558647325724513,9.629278087320271,9.488017539166533,9.605734825134277,369121,0.0,0.0
2012-03-28 00:00:00+08:00,9.605735871906125,9.888256999000955,9.582192607154537,9.629279136657715,932575,0.0,0.0
2012-03-29 00:00:00+08:00,9.629280371653246,9.629280371653246,9.181954383850098,9.181954383850098,299640,0.0,0.0
2012-03-30 00:00:00+08:00,9.181954383850098,9.252585162201441,8.993606291605191,9.181954383850098,121593,0.0,0.0
2012-04-02 00:00:00+08:00,9.158410682595205,9.181953949251973,9.01714913257868,9.064236640930176,142220,0.0,0.0
2012-04-03 00:00:00+08:00,9.064237454334773,9.087780723104261,8.71108549767831,8.758172035217285,310496,0.0,0.0
2012-04-05 00:00:00+08:00,8.47564923303606,8.711083825616189,8.381475200996437,8.569823265075684,116164,0.0,0.0
2012-04-06 00:00:00+08:00,8.640454614873157,9.040693104368884,8.640454614873157,8.993606567382812,133535,0.0,0.0
2012-04-09 00:00:00+08:00,8.80525954779431,8.922975891641748,8.758172035217285,8.758172035217285,125935,0.0,0.0
2012-04-10 00:00:00+08:00,8.922975608623807,8.94651985168457,8.805259268510081,8.94651985168457,125935,0.0,0.0
2012-04-11 00:00:00+08:00,8.922975608623807,8.94651985168457,8.781715025449317,8.94651985168457,47768,0.0,0.0
2012-04-12 00:00:00+08:00,8.946519941275184,9.040693014309214,8.922975697978647,8.970063209533691,93366,0.0,0.0
2012-04-13 00:00:00+08:00,9.087779745304612,9.229040317760656,8.993605705321267,9.017148971557617,186732,0.0,0.0
2012-04-16 00:00:00+08:00,8.970062599265146,9.064236640930176,8.94651933260838,9.064236640930176,42340,0.0,0.0
2012-04-17 00:00:00+08:00,9.06423725760575,9.06423725760575,8.80525935668611,8.970063209533691,41254,0.0,0.0
2012-04-18 00:00:00+08:00,9.064237166836314,9.064237166836314,8.94651985168457,8.94651985168457,45597,0.0,0.0
2012-04-19 00:00:00+08:00,8.852345804555572,9.017149655752805,8.805259268510081,8.94651985168457,66224,0.0,0.0
2012-04-20 00:00:00+08:00,9.064237706766608,9.064237706766608,8.805259793013816,8.828803062438965,39083,0.0,0.0
2012-04-23 00:00:00+08:00,8.922974178908012,8.922974178908012,8.546279025787381,8.569823265075684,118336,0.0,0.0
2012-04-24 00:00:00+08:00,8.663998352996071,8.663998352996071,8.546280067321826,8.593367576599121,51025,0.0,0.0
2012-04-25 00:00:00+08:00,8.640454450541363,8.711085229715192,8.593367914450825,8.687541961669922,70567,0.0,0.0
2012-04-26 00:00:00+08:00,8.78171293448852,8.78171293448852,8.61690912253173,8.64045238494873,26055,0.0,0.0
2012-04-27 00:00:00+08:00,8.640453057827004,8.687540561365749,8.522735761536941,8.569823265075684,81423,0.0,0.0
2012-04-30 00:00:00+08:00,8.687541457374248,8.687541457374248,8.475650107190685,8.546279907226562,105308,0.0,0.0
2012-05-02 00:00:00+08:00,8.616910845298094,8.899432000861712,8.593367578174123,8.85234546661377,162847,0.0,0.0
2012-05-03 00:00:00+08:00,8.852345647104023,9.04069276297398,8.781714869254039,8.899432182312012,148734,0.0,0.0
2012-05-04 00:00:00+08:00,8.8994314995901,9.417388222332818,8.8994314995901,9.229040145874023,197588,0.0,0.0
2012-05-07 00:00:00+08:00,9.158411116078987,9.22904091939232,8.875888977711625,9.181954383850098,116164,0.0,0.0
2012-05-08 00:00:00+08:00,9.181955249666427,9.370303359671698,9.040693679643422,9.158411979675293,172618,0.0,0.0
2012-05-09 00:00:00+08:00,8.99360604595023,9.158410865922482,8.97006277882219,9.111323356628418,83595,0.0,0.0
2012-05-10 00:00:00+08:00,9.064236570919615,9.111323103869461,8.97006252998197,9.040692329406738,79252,0.0,0.0
2012-05-11 00:00:00+08:00,8.899432182312012,9.04069276297398,8.875888914708018,8.899432182312012,86852,0.0,0.0
2012-05-14 00:00:00+08:00,8.97006259242519,8.97006259242519,8.805258750915527,8.805258750915527,41254,0.0,0.0
2012-05-15 00:00:00+08:00,8.73462790648897,8.805258680881604,8.73462790648897,8.78171443939209,29312,0.0,0.0
2012-05-16 00:00:00+08:00,8.711084887235383,8.781714688594352,8.593367576599121,8.593367576599121,79252,0.0,0.0
2012-05-17 00:00:00+08:00,8.593366742692785,8.875887870788574,8.593366742692785,8.875887870788574,74910,0.0,0.0
2012-05-18 00:00:00+08:00,8.758171513691527,8.758171513691527,8.616910934448242,8.616910934448242,55368,0.0,0.0
2012-05-21 00:00:00+08:00,8.616911093180311,8.805259185666245,8.593367825379072,8.6639986038208,39083,0.0,0.0
2012-05-22 00:00:00+08:00,8.828802816563798,8.852346085333284,8.71108549767831,8.758172035217285,49940,0.0,0.0
2012-05-23 00:00:00+08:00,8.758172035217285,8.875889354102773,8.663998960139335,8.758172035217285,69481,0.0,0.0
2012-05-24 00:00:00+08:00,8.852344935145679,9.040692035867638,8.687541100134222,8.711084365844727,79252,0.0,0.0
2012-05-25 00:00:00+08:00,8.758172279125441,8.875889601289263,8.663999201424845,8.828803062438965,75995,0.0,0.0
2012-05-28 00:00:00+08:00,8.71108549767831,8.828802816563798,8.71108549767831,8.758172035217285,54282,0.0,0.0
2012-05-29 00:00:00+08:00,8.758171757426572,9.040692923775548,8.758171757426572,8.94651985168457,142220,0.0,0.0
2012-05-30 00:00:00+08:00,9.087780434859058,9.087780434859058,8.875889072578316,8.94651985168457,41254,0.0,0.0
2012-05-31 00:00:00+08:00,9.017149655752805,9.017149655752805,8.852345804555572,8.94651985168457,72738,0.0,0.0
2012-06-01 00:00:00+08:00,8.89943262287226,8.99360667298826,8.758172035217285,8.758172035217285,81423,0.0,0.0
2012-06-04 00:00:00+08:00,8.593367503197653,8.593367503197653,8.310845375061035,8.310845375061035,125935,0.0,0.0
2012-06-05 00:00:00+08:00,8.310844087040591,8.616909434661544,8.310844087040591,8.475648880004883,78166,0.0,0.0
2012-06-06 00:00:00+08:00,8.569823965086856,8.569823965086856,8.475649925354789,8.49919319152832,44511,0.0,0.0
2012-06-07 00:00:00+08:00,8.59336803617875,8.663998816353088,8.42856320745131,8.452106475830078,58625,0.0,0.0
2012-06-08 00:00:00+08:00,8.452106720830058,8.522737503051758,8.452106720830058,8.522737503051758,24970,0.0,0.0
2012-06-11 00:00:00+08:00,8.475650538802462,8.522737074557536,8.287302445706137,8.405019760131836,171533,0.0,0.0
2012-06-12 00:00:00+08:00,8.381475283236613,8.381475283236613,8.287301250272941,8.33438777923584,22798,0.0,0.0
2012-06-13 00:00:00+08:00,8.381476150854683,8.381476150854683,8.310845375061035,8.310845375061035,43426,0.0,0.0
2012-06-14 00:00:00+08:00,8.3814753768673,8.3814753768673,8.310844607596051,8.357931137084961,15199,0.0,0.0
2012-06-15 00:00:00+08:00,8.357930447191192,8.452104473433433,8.357930447191192,8.428561210632324,56453,0.0,0.0
2012-06-18 00:00:00+08:00,8.475650107190685,8.569824148943153,8.475650107190685,8.546279907226562,73824,0.0,0.0
2012-06-19 00:00:00+08:00,8.546278499675672,8.546278499675672,8.428561210632324,8.428561210632324,40169,0.0,0.0
2012-06-20 00:00:00+08:00,8.569825016212246,8.569825016212246,8.475650964929333,8.522737503051758,34740,0.0,0.0
2012-06-21 00:00:00+08:00,8.522736457701852,8.569823965086856,8.49919319152832,8.49919319152832,43426,0.0,0.0
2012-06-22 00:00:00+08:00,8.428561729497316,8.569823265075684,8.428561729497316,8.569823265075684,55368,0.0,0.0
2012-06-25 00:00:00+08:00,8.522735236874563,8.546278499675672,8.428561210632324,8.428561210632324,72738,0.0,0.0
2012-06-26 00:00:00+08:00,8.428562937532336,8.47565044781996,8.381476402282715,8.381476402282715,42340,0.0,0.0
2012-06-27 00:00:00+08:00,8.475648711272346,8.475648711272346,8.381474685030105,8.428561210632324,35826,0.0,0.0
2012-06-28 00:00:00+08:00,8.428561378427446,8.475648880004883,8.357930613580203,8.475648880004883,48854,0.0,0.0
2012-06-29 00:00:00+08:00,8.381474851887834,8.522735406544495,8.381474851887834,8.475648880004883,49940,0.0,0.0
2012-07-02 00:00:00+08:00,8.475649925354789,8.49919319152832,8.428562417969784,8.49919319152832,41254,0.0,0.0
2012-07-03 00:00:00+08:00,8.569823265075684,8.569823265075684,8.47564923303606,8.569823265075684,108565,0.0,0.0
2012-07-04 00:00:00+08:00,8.475650355204957,8.663998444221333,8.475650355204957,8.616910934448242,110736,0.0,0.0
2012-07-05 00:00:00+08:00,8.616911093180311,8.68754187162204,8.569824557577833,8.6639986038208,46683,0.0,0.0
2012-07-06 00:00:00+08:00,8.663998444221333,8.71108497895643,8.499193622572506,8.616910934448242,91194,0.0,0.0
2012-07-09 00:00:00+08:00,8.569824646405555,8.781715033850999,8.546280403322266,8.687541961669922,69481,0.0,0.0
2012-07-10 00:00:00+08:00,8.593367914450825,8.711085229715192,8.569824646405555,8.687541961669922,36912,0.0,0.0
2012-07-11 00:00:00+08:00,8.663996622403518,8.711083147237519,8.56982259769773,8.64045238494873,48854,0.0,0.0
2012-07-12 00:00:00+08:00,8.593367576599121,8.687541620115727,8.569824309479465,8.593367576599121,72738,0.0,0.0
2012-07-13 00:00:00+08:00,8.546278499675672,8.569822737514585,8.428561210632324,8.428561210632324,68396,0.0,0.0
2012-07-16 00:00:00+08:00,8.475649925354789,8.522736457701852,8.428562417969784,8.49919319152832,26055,0.0,0.0
2012-07-17 00:00:00+08:00,8.499194233990545,8.522737503051758,8.475650964929333,8.522737503051758,42340,0.0,0.0
2012-07-18 00:00:00+08:00,8.428561378427446,8.499192143274689,8.40501811515764,8.475648880004883,85766,0.0,0.0
2012-07-19 00:00:00+08:00,8.428561729497316,8.569823265075684,8.428561729497316,8.569823265075684,29312,0.0,0.0
2012-07-20 00:00:00+08:00,8.546279907226562,8.546279907226562,8.475650107190685,8.546279907226562,19541,0.0,0.0
2012-07-23 00:00:00+08:00,8.475650964929333,8.54628077211297,8.475650964929333,8.522737503051758,45597,0.0,0.0
2012-07-24 00:00:00+08:00,8.452104473433433,8.546278499675672,8.428561210632324,8.428561210632324,17370,0.0,0.0
2012-07-25 00:00:00+08:00,8.499191974073455,8.499191974073455,8.428561210632324,8.428561210632324,37997,0.0,0.0
2012-07-26 00:00:00+08:00,8.522735406544495,8.522735406544495,8.452104641697252,8.475648880004883,21713,0.0,0.0
2012-07-27 00:00:00+08:00,8.522735761536941,8.569823265075684,8.47564923303606,8.569823265075684,41254,0.0,0.0
2012-07-30 00:00:00+08:00,8.569823965086856,8.569823965086856,8.475649925354789,8.49919319152832,18456,0.0,0.0
2012-07-31 00:00:00+08:00,8.49919337386931,8.546279907226562,8.475650107190685,8.546279907226562,19541,0.0,0.0
2012-08-01 00:00:00+08:00,8.522735761536941,8.616909793576564,8.522735761536941,8.569823265075684,74910,0.0,0.0
2012-08-02 00:00:00+08:00,8.569823265075684,8.569823265075684,8.569823265075684,8.569823265075684,0,0.0,0.0
2012-08-03 00:00:00+08:00,8.569824557577833,8.6639986038208,8.569824557577833,8.6639986038208,91194,0.0,0.0
2012-08-06 00:00:00+08:00,8.711084365844727,8.758170897265737,8.663997834423718,8.711084365844727,65139,0.0,0.0
2012-08-07 00:00:00+08:00,8.71108549767831,8.781715303986772,8.71108549767831,8.758172035217285,13027,0.0,0.0
2012-08-08 00:00:00+08:00,8.758171675025757,8.758171675025757,8.6639986038208,8.6639986038208,49940,0.0,0.0
2012-08-09 00:00:00+08:00,8.663998960139335,8.758172035217285,8.640454716331796,8.758172035217285,125935,0.0,0.0
2012-08-10 00:00:00+08:00,8.805258076283572,8.899431135623576,8.805258076283572,8.875887870788574,122678,0.0,0.0
2012-08-13 00:00:00+08:00,8.94651985168457,9.040692923775548,8.852345804555572,8.94651985168457,84680,0.0,0.0
2012-08-14 00:00:00+08:00,8.875889072578316,8.94651985168457,8.805259268510081,8.94651985168457,67310,0.0,0.0
2012-08-15 00:00:00+08:00,8.946519510147636,8.970062777271608,8.85234546661377,8.85234546661377,141134,0.0,0.0
2012-08-16 00:00:00+08:00,8.852345981386557,9.040693104368884,8.852345981386557,8.993606567382812,296383,0.0,0.0
2012-08-17 00:00:00+08:00,8.9936065538251,9.01915634999449,8.814756393432617,8.814756393432617,173704,1.381657,0.0
2012-08-20 00:00:00+08:00,8.865854930532608,8.865854930532608,8.789205551147461,8.789205551147461,58625,0.0,0.0
2012-08-21 00:00:00+08:00,8.84030612350447,8.993606486581362,8.814756327526112,8.942505836486816,207359,0.0,0.0
2012-08-22 00:00:00+08:00,8.942506089829793,8.942506089829793,8.840306373952108,8.865856170654297,39083,0.0,0.0
2012-08-23 00:00:00+08:00,8.865853930962942,8.993604469408343,8.865853930962942,8.916954040527344,43426,0.0,0.0
2012-08-24 00:00:00+08:00,8.916954040527344,8.916954040527344,8.712554131338534,8.916954040527344,67310,0.0,0.0
2012-08-27 00:00:00+08:00,8.840305146463711,8.891405261841697,8.738104915707739,8.763654708862305,29312,0.0,0.0
2012-08-28 00:00:00+08:00,8.789206213696563,8.789206213696563,8.508155822753906,8.508155822753906,74910,0.0,0.0
2012-08-29 00:00:00+08:00,8.508155669748744,8.635905700861061,8.45705555149004,8.610355377197266,118336,0.0,0.0
2012-08-30 00:00:00+08:00,8.61035466419687,8.66145477822411,8.53370475769043,8.53370475769043,59710,0.0,0.0
2012-08-31 00:00:00+08:00,8.63590498574491,8.63590498574491,8.53370475769043,8.53370475769043,23884,0.0,0.0
2012-09-03 00:00:00+08:00,8.687005819119765,8.738105408309583,8.610355377197266,8.610355377197266,30398,0.0,0.0
2012-09-04 00:00:00+08:00,8.687005996704102,8.81475603042795,8.687005996704102,8.687005996704102,61882,0.0,0.0
2012-09-05 00:00:00+08:00,8.687005234500552,8.789205464140075,8.661454912556247,8.738104820251465,30398,0.0,0.0
2012-09-06 00:00:00+08:00,8.78920623531074,8.78920623531074,8.687005996704102,8.687005996704102,65139,0.0,0.0
2012-09-07 00:00:00+08:00,8.738104820251465,8.840305049890988,8.712555027376007,8.738104820251465,48854,0.0,0.0
2012-09-10 00:00:00+08:00,8.738104915707739,8.840305146463711,8.738104915707739,8.763654708862305,56453,0.0,0.0
2012-09-11 00:00:00+08:00,8.763654708862305,8.840305146463711,8.763654708862305,8.763654708862305,31483,0.0,0.0
2012-09-12 00:00:00+08:00,8.763655382055736,8.78920623531074,8.610355553214674,8.687005996704102,151991,0.0,0.0
2012-09-13 00:00:00+08:00,8.687005139045915,8.763654516830044,8.687005139045915,8.712554931640625,35826,0.0,0.0
2012-09-14 00:00:00+08:00,8.738104724235335,8.84030495275186,8.712554931640625,8.712554931640625,56453,0.0,0.0
2012-09-17 00:00:00+08:00,8.763655742956,8.891406311009705,8.763655742956,8.814756393432617,120507,0.0,0.0
2012-09-18 00:00:00+08:00,8.814755198405255,8.942504691001965,8.814755198405255,8.89140510559082,135706,0.0,0.0
2012-09-19 00:00:00+08:00,8.942503830775147,8.96805362102295,8.89140425027954,8.916954040527344,103137,0.0,0.0
2012-09-20 00:00:00+08:00,8.89140510559082,8.993605334550802,8.89140510559082,8.89140510559082,75995,0.0,0.0
2012-09-21 00:00:00+08:00,8.993605886592972,9.146905710373893,8.942505239907495,9.095806121826172,95537,0.0,0.0
2012-09-24 00:00:00+08:00,9.095806728632622,9.095806728632622,8.942505836486816,8.942505836486816,15199,0.0,0.0
2012-09-25 00:00:00+08:00,8.942504691001965,8.942504691001965,8.840304991110829,8.89140510559082,85766,0.0,0.0
2012-09-26 00:00:00+08:00,8.891405252729847,8.891405252729847,8.789205551147461,8.789205551147461,13027,0.0,0.0
2012-09-27 00:00:00+08:00,8.789205560154581,8.789205560154581,8.763654708862305,8.763654708862305,7599,0.0,0.0
2012-09-28 00:00:00+08:00,8.840305137404226,8.865854930532608,8.789205551147461,8.789205551147461,19541,0.0,0.0
2012-10-01 00:00:00+08:00,8.789205741008542,8.84030532836914,8.738105095510212,8.84030532836914,43426,0.0,0.0
2012-10-02 00:00:00+08:00,8.789205464140075,8.789205464140075,8.687005234500552,8.738104820251465,33655,0.0,0.0
2012-10-03 00:00:00+08:00,8.891405067010123,8.891405067010123,8.687005139045915,8.712554931640625,45597,0.0,0.0
2012-10-04 00:00:00+08:00,8.712555791821313,8.712555791821313,8.63590587740078,8.687005996704102,55368,0.0,0.0
2012-10-05 00:00:00+08:00,8.738104762150845,8.89140510559082,8.738104762150845,8.89140510559082,27141,0.0,0.0
2012-10-08 00:00:00+08:00,8.763654554856418,8.89140510559082,8.6870051767397,8.89140510559082,24970,0.0,0.0
2012-10-09 00:00:00+08:00,8.891406244530101,9.01915628255972,8.814756327526112,8.942505836486816,174790,0.0,0.0
2012-10-11 00:00:00+08:00,8.865855919482827,8.942505836486816,8.84030612350447,8.942505836486816,244271,0.0,0.0
2012-10-12 00:00:00+08:00,8.942504578028553,9.198005676269531,8.942504578028553,9.198005676269531,282269,0.0,0.0
2012-10-15 00:00:00+08:00,9.351305488703977,9.402406131607243,9.095805448600675,9.198005676269531,613393,0.0,0.0
2012-10-16 00:00:00+08:00,9.24910576250739,9.300206408181255,9.019155502319336,9.019155502319336,131363,0.0,0.0
2012-10-17 00:00:00+08:00,9.044707298278809,9.095807955264625,9.019157498854884,9.044707298278809,110736,0.0,0.0
2012-10-18 00:00:00+08:00,9.095805361099522,9.223555379922225,9.044704718687841,9.146904945373535,134620,0.0,0.0
2012-10-19 00:00:00+08:00,9.146907554112474,9.172457353536396,9.044707298278809,9.044707298278809,75995,0.0,0.0
2012-10-22 00:00:00+08:00,8.942506089829793,8.942506089829793,8.81475657724992,8.865856170654297,94451,0.0,0.0
2012-10-23 00:00:00+08:00,8.865855985771397,8.891406311009705,8.789206597263227,8.814756393432617,28226,0.0,0.0
2012-10-24 00:00:00+08:00,8.814755353309145,8.814755353309145,8.763654708862305,8.763654708862305,34740,0.0,0.0
2012-10-25 00:00:00+08:00,8.78920623531074,8.78920623531074,8.661455672517993,8.687005996704102,49940,0.0,0.0
2012-10-26 00:00:00+08:00,8.687006946258286,8.687006946258286,8.099356303638892,8.150456428527832,144391,0.0,0.0
2012-10-29 00:00:00+08:00,8.150455803513767,8.150455803513767,7.920505523681641,7.920505523681641,120507,0.0,0.0
2012-10-30 00:00:00+08:00,8.022705159472697,8.124905400431478,8.022705159472697,8.073805809020996,26055,0.0,0.0
2012-10-31 00:00:00+08:00,7.971605487232651,8.022705078125,7.869405247310149,8.022705078125,9770,0.0,0.0
2012-11-01 00:00:00+08:00,7.894955303361063,8.124905586242676,7.894955303361063,8.124905586242676,40169,0.0,0.0
2012-11-02 00:00:00+08:00,8.380405220678721,8.380405220678721,7.971604824066163,7.971604824066162,47768,0.0,0.0
2012-11-05 00:00:00+08:00,7.920505523681641,7.997155440602712,7.86940540271129,7.920505523681641,22798,0.0,0.0
2012-11-06 00:00:00+08:00,7.997155440602712,7.997155440602712,7.920505523681641,7.920505523681641,18456,0.0,0.0
2012-11-07 00:00:00+08:00,8.04825496673584,8.073804759118635,7.946054739066985,8.04825496673584,16284,0.0,0.0
2012-11-08 00:00:00+08:00,7.946054739066985,8.04825496673584,7.946054739066985,8.04825496673584,13027,0.0,0.0
2012-11-09 00:00:00+08:00,7.997155363767456,8.099355604726236,7.946055772356973,8.073805809020996,81423,0.0,0.0
2012-11-12 00:00:00+08:00,8.022704795934942,8.022704795934942,7.920505088676108,7.9460554122924805,40169,0.0,0.0
2012-11-13 00:00:00+08:00,7.9205063532637014,7.9205063532637014,7.665006250720157,7.690556049346924,48854,0.0,0.0
2012-11-14 00:00:00+08:00,7.665006250720157,7.792756301991929,7.665006250720157,7.690556049346924,44511,0.0,0.0
2012-11-15 00:00:00+08:00,7.741654984620436,7.741654984620436,7.613904953002931,7.61390495300293,46683,0.0,0.0
2012-11-16 00:00:00+08:00,7.665003484190499,7.741653381474522,7.562803268432616,7.562803268432617,21713,0.0,0.0
2012-11-19 00:00:00+08:00,7.66500522800382,7.66500522800382,7.511705398559571,7.51170539855957,56453,0.0,0.0
2012-11-20 00:00:00+08:00,7.511705966856859,7.588355358308987,7.511705966856859,7.537255764007568,29312,0.0,0.0
2012-11-21 00:00:00+08:00,7.588355358308987,7.613905684528634,7.537255764007568,7.537255764007568,31483,0.0,0.0
2012-11-22 00:00:00+08:00,7.537255193777313,7.588354784212798,7.511705398559571,7.51170539855957,21713,0.0,0.0
2012-11-23 00:00:00+08:00,7.537256021887843,7.639456272125243,7.537256021887843,7.639456272125244,58625,0.0,0.0
2012-11-26 00:00:00+08:00,7.7416558265686035,7.767206153112177,7.716106029093974,7.7416558265686035,22798,0.0,0.0
2012-11-27 00:00:00+08:00,7.741655993293688,7.818306445506217,7.639456272125243,7.639456272125244,65139,0.0,0.0
2012-11-28 00:00:00+08:00,7.946055040461179,7.946055040461179,7.71610478401865,7.818305015563965,27141,0.0,0.0
2012-11-29 00:00:00+08:00,7.869404602267763,7.869404602267763,7.767204899791308,7.818305015563965,27141,0.0,0.0
2012-11-30 00:00:00+08:00,7.843855949393184,7.869405746459961,7.792755826190695,7.869405746459961,45597,0.0,0.0
2012-12-03 00:00:00+08:00,7.869404433743722,8.405954844263059,7.869404433743722,8.252655029296875,178047,0.0,0.0
2012-12-04 00:00:00+08:00,8.3293051928815,8.3293051928815,8.022705004978311,8.176005363464355,89023,0.0,0.0
2012-12-05 00:00:00+08:00,8.073806933292946,8.431506768320315,8.073806933292946,8.303756713867188,115079,0.0,0.0
2012-12-06 00:00:00+08:00,8.20155331953362,8.405953209425288,8.099353110053412,8.329302787780762,138963,0.0,0.0
2012-12-07 00:00:00+08:00,8.380404521349623,8.380404521349623,8.17600407556575,8.227104187011719,53196,0.0,0.0
2012-12-10 00:00:00+08:00,8.227104187011719,8.227104187011719,8.073804381742628,8.227104187011719,44511,0.0,0.0
2012-12-11 00:00:00+08:00,8.278204298457686,8.278204298457686,8.099354172931205,8.227104187011719,22798,0.0,0.0
2012-12-12 00:00:00+08:00,8.354855355346753,8.354855355346753,8.201555009537532,8.278204917907715,11942,0.0,0.0
2012-12-13 00:00:00+08:00,8.278204298457686,8.354854730161046,8.201554395823141,8.227104187011719,21713,0.0,0.0
2012-12-14 00:00:00+08:00,8.227104802637975,8.278204917907715,8.150454894267792,8.278204917907715,20627,0.0,0.0
2012-12-17 00:00:00+08:00,8.329305718953082,8.329305718953082,8.201556205749512,8.201556205749512,55368,0.0,0.0
2012-12-18 00:00:00+08:00,8.329304504108602,8.380405148447196,8.252655124807273,8.278204917907715,41254,0.0,0.0
2012-12-19 00:00:00+08:00,8.278204822101623,8.380405051458311,8.252655029296875,8.252655029296875,51025,0.0,0.0
2012-12-20 00:00:00+08:00,8.278205192100804,8.38040542602539,8.22710507513851,8.38040542602539,93366,0.0,0.0
2012-12-21 00:00:00+08:00,8.380405148447196,8.380405148447196,8.176004687368234,8.278204917907715,89023,0.0,0.0
2012-12-24 00:00:00+08:00,8.32930651313022,8.32930651313022,8.17600665941406,8.303756713867188,35826,0.0,0.0
2012-12-25 00:00:00+08:00,8.278206314321551,8.610356326000492,8.278206314321551,8.431506156921387,131363,0.0,0.0
2012-12-26 00:00:00+08:00,8.431506065443669,8.584806435449213,8.278206224507061,8.405956268310547,99880,0.0,0.0
2012-12-27 00:00:00+08:00,8.431504637067807,8.431504637067807,8.252655029296875,8.252655029296875,34740,0.0,0.0
2012-12-28 00:00:00+08:00,8.303754089646263,8.431504103726777,8.201554395823141,8.227104187011719,157419,0.0,0.0
2013-01-02 00:00:00+08:00,8.35485363375393,8.35485363375393,8.20155331953362,8.329302787780762,57539,0.0,0.0
2013-01-03 00:00:00+08:00,8.405956268310547,8.405956268310547,8.278206224507061,8.405956268310547,60796,0.0,0.0
2013-01-04 00:00:00+08:00,8.278204952207208,8.559255322820842,8.227104836725742,8.45705509185791,119421,0.0,0.0
2013-01-07 00:00:00+08:00,8.457056483400656,8.457056483400656,8.278206314321551,8.431506156921387,134620,0.0,0.0
2013-01-08 00:00:00+08:00,8.431505013918812,8.431505013918812,8.303754986047515,8.38040542602539,93366,0.0,0.0
2013-01-09 00:00:00+08:00,8.380406562100736,8.482606809879924,8.354856764690412,8.431506156921387,81423,0.0,0.0
2013-01-10 00:00:00+08:00,8.431506156921387,8.482606809879924,8.354856764690412,8.431506156921387,118336,0.0,0.0
2013-01-11 00:00:00+08:00,8.559256809821553,8.559256809821553,8.38040663909919,8.482606887817383,66224,0.0,0.0
2013-01-14 00:00:00+08:00,8.329304504108602,8.431504734648081,8.278204917907715,8.278204917907715,75995,0.0,0.0
2013-01-15 00:00:00+08:00,8.303754711008159,8.329304504108602,8.201555009537532,8.278204917907715,100965,0.0,0.0
2013-01-16 00:00:00+08:00,8.329304504108602,8.329304504108602,8.201555009537532,8.278204917907715,74910,0.0,0.0
2013-01-17 00:00:00+08:00,8.278205951186726,8.278205951186726,8.124905586242676,8.124905586242676,127021,0.0,0.0
2013-01-18 00:00:00+08:00,8.124906101548886,8.27820647621571,8.073806505728898,8.150456428527832,123764,0.0,0.0
2013-01-21 00:00:00+08:00,8.201554395823141,8.278204298457686,8.150454284377172,8.227104187011719,46683,0.0,0.0
2013-01-22 00:00:00+08:00,8.278205602455051,8.278205602455051,8.176005363464355,8.176005363464355,43426,0.0,0.0
2013-01-23 00:00:00+08:00,8.27820647621571,8.27820647621571,8.150456428527832,8.150456428527832,31483,0.0,0.0
2013-01-24 00:00:00+08:00,8.176005363464355,8.201555687746477,8.124905243969007,8.176005363464355,32569,0.0,0.0
2013-01-25 00:00:00+08:00,8.176005614695699,8.227105735761246,8.099355697631836,8.099355697631836,81423,0.0,0.0
2013-01-28 00:00:00+08:00,8.124904343884223,8.150454665335857,8.022704116215367,8.04825496673584,44511,0.0,0.0
2013-01-29 00:00:00+08:00,8.048256707818904,8.150456428527832,8.048256707818904,8.150456428527832,34740,0.0,0.0
2013-01-30 00:00:00+08:00,8.32930651313022,8.32930651313022,8.227106787009108,8.303756713867188,82509,0.0,0.0
2013-01-31 00:00:00+08:00,8.303755922126154,8.303755922126154,8.176005879853653,8.201556205749512,31483,0.0,0.0
2013-02-01 00:00:00+08:00,8.201555687746477,8.227105482959702,8.176005363464355,8.176005363464355,35826,0.0,0.0
2013-02-04 00:00:00+08:00,8.227104187011719,8.227104187011719,8.150454284377172,8.227104187011719,39083,0.0,0.0
2013-02-05 00:00:00+08:00,8.150455818697383,8.176005614695699,8.07380590163352,8.099355697631836,57539,0.0,0.0
2013-02-06 00:00:00+08:00,8.099356303638892,8.27820647621571,8.099356303638892,8.150456428527832,103137,0.0,0.0
2013-02-18 00:00:00+08:00,8.176005614695699,8.20155593976293,8.07380590163352,8.099355697631836,91194,0.0,0.0
2013-02-19 00:00:00+08:00,8.176005879853653,8.278206125299226,8.176005879853653,8.201556205749512,39083,0.0,0.0
2013-02-20 00:00:00+08:00,8.278206914604155,8.32930651313022,8.278206914604155,8.303756713867188,70567,0.0,0.0
2013-02-21 00:00:00+08:00,8.278204917907715,8.303754711008159,8.227104802637975,8.278204917907715,55368,0.0,0.0
2013-02-22 00:00:00+08:00,8.201555687746477,8.278205602455051,8.124905243969007,8.176005363464355,56453,0.0,0.0
2013-02-25 00:00:00+08:00,8.201556205749512,8.201556205749512,8.176005879853653,8.201556205749512,21713,0.0,0.0
2013-02-26 00:00:00+08:00,8.176005879853653,8.303755922126154,8.176005879853653,8.201556205749512,54282,0.0,0.0
2013-02-27 00:00:00+08:00,8.252655124807273,8.303754711008159,8.201555009537532,8.278204917907715,15199,0.0,0.0
2013-03-01 00:00:00+08:00,8.227104802637975,8.303754711008159,8.227104802637975,8.278204917907715,68396,0.0,0.0
2013-03-04 00:00:00+08:00,8.278206125299226,8.329305718953082,8.201556205749512,8.201556205749512,39083,0.0,0.0
2013-03-05 00:00:00+08:00,8.201555687746477,8.227105482959702,8.176005363464355,8.176005363464355,34740,0.0,0.0
2013-03-06 00:00:00+08:00,8.25265450726911,8.25265450726911,8.201554395823141,8.227104187011719,24970,0.0,0.0
2013-03-07 00:00:00+08:00,8.227104802637975,8.329304504108602,8.227104802637975,8.278204917907715,43426,0.0,0.0
2013-03-08 00:00:00+08:00,8.303756713867188,8.303756713867188,8.252657115341123,8.303756713867188,26055,0.0,0.0
2013-03-11 00:00:00+08:00,8.278204716623069,8.584804871717669,8.278204716623069,8.53370475769043,183475,0.0,0.0
2013-03-12 00:00:00+08:00,8.584806435449213,8.584806435449213,8.380406471177425,8.405956268310547,71678,0.0,0.0
2013-03-13 00:00:00+08:00,8.405956268310547,8.584806435449213,8.278206224507061,8.405956268310547,66224,0.0,0.0
2013-03-14 00:00:00+08:00,8.405957043743262,8.405957043743262,8.32930658713517,8.354857444763184,46878,0.0,0.0
2013-03-15 00:00:00+08:00,8.32930651313022,8.38040716979425,8.303756713867188,8.303756713867188,20628,0.0,0.0
2013-03-18 00:00:00+08:00,8.278204822101623,8.278204822101623,8.176004592744937,8.252655029296875,67310,0.0,0.0
2013-03-19 00:00:00+08:00,8.25265718866505,8.354857444763184,8.227106860106025,8.354857444763184,31401,0.0,0.0
2013-03-20 00:00:00+08:00,8.30375678764513,8.380407244253222,8.30375678764513,8.354857444763184,55912,0.0,0.0
2013-03-21 00:00:00+08:00,8.431502997260969,8.431502997260969,8.329302787780762,8.329302787780762,42340,0.0,0.0
2013-03-22 00:00:00+08:00,8.303752999945083,8.380403421589609,8.278203212109403,8.329302787780762,30398,0.0,0.0
2013-03-25 00:00:00+08:00,8.329305268823605,8.329305268823605,8.022705078125,8.022705078125,438794,0.0,0.0
2013-03-26 00:00:00+08:00,8.022705851771002,8.252656678305716,8.022705851771002,8.150456428527832,51025,0.0,0.0
2013-03-27 00:00:00+08:00,8.150455911601144,8.252656154897178,8.124905586242676,8.124905586242676,77686,0.0,0.0
2013-03-28 00:00:00+08:00,8.227106351326768,8.227106351326768,8.099356303638892,8.150456428527832,47225,0.0,0.0
2013-03-29 00:00:00+08:00,8.17600407556575,8.278204298457686,8.17600407556575,8.227104187011719,69546,0.0,0.0
2013-04-01 00:00:00+08:00,8.25265450726911,8.4059543125382,8.150454284377172,8.227104187011719,152436,0.0,0.0
2013-04-02 00:00:00+08:00,8.278204298457686,8.278204298457686,8.201554395823141,8.227104187011719,25563,0.0,0.0
2013-04-03 00:00:00+08:00,8.252656678305716,8.252656678305716,8.124906101548886,8.150456428527832,82509,0.0,0.0
2013-04-08 00:00:00+08:00,8.073804672593837,8.073804672593837,7.818304635228663,7.8438544273376465,113233,0.0,0.0
2013-04-09 00:00:00+08:00,7.920504332733433,7.920504332733433,7.818304635228663,7.8438544273376465,74584,0.0,0.0
2013-04-10 00:00:00+08:00,7.86940540271129,7.997155440602712,7.792755485790219,7.920505523681641,62967,0.0,0.0
2013-04-11 00:00:00+08:00,7.9716056446519925,7.997155440602712,7.894955198662009,7.920505523681641,48854,0.0,0.0
2013-04-12 00:00:00+08:00,7.92050586966245,7.92050586966245,7.869405746459961,7.869405746459961,31483,0.0,0.0
2013-04-15 00:00:00+08:00,7.869403979050725,7.869403979050725,7.741653964270667,7.767204284667969,71653,0.0,0.0
2013-04-16 00:00:00+08:00,7.690555204467838,7.894955158233643,7.665005408647954,7.894955158233643,80445,0.0,0.0
2013-04-17 00:00:00+08:00,7.767204856905139,7.920504674307817,7.767204856905139,7.792754650115967,38105,0.0,0.0
2013-04-18 00:00:00+08:00,7.86940540271129,7.9716056446519925,7.86940540271129,7.920505523681641,36912,0.0,0.0
2013-04-19 00:00:00+08:00,7.946055808011232,7.9971553996510005,7.894955158233643,7.894955158233643,56588,0.0,0.0
2013-04-22 00:00:00+08:00,7.86940540271129,7.920505523681641,7.84385560676057,7.920505523681641,49050,0.0,0.0
2013-04-23 00:00:00+08:00,7.894955198662009,7.920505523681641,7.818305810809851,7.920505523681641,23884,0.0,0.0
2013-04-24 00:00:00+08:00,7.9716056446519925,7.9716056446519925,7.894955198662009,7.920505523681641,60796,0.0,0.0
2013-04-25 00:00:00+08:00,7.86940540271129,7.920505523681641,7.818305810809851,7.920505523681641,29312,0.0,0.0
2013-04-26 00:00:00+08:00,7.946055030745503,7.971604824066163,7.81830500600449,7.971604824066162,118336,0.0,0.0
2013-04-29 00:00:00+08:00,7.971604443738174,7.997154235839844,7.971604443738174,7.997154235839844,77679,0.0,0.0
2013-04-30 00:00:00+08:00,7.997154617386822,7.997154617386822,7.946055030745503,7.971604824066162,31483,0.0,0.0
2013-05-02 00:00:00+08:00,7.9716056446519925,7.9716056446519925,7.920505523681641,7.920505523681641,18559,0.0,0.0
2013-05-03 00:00:00+08:00,7.920505523681641,8.022705236553431,7.920505523681641,7.920505523681641,47008,0.0,0.0
2013-05-06 00:00:00+08:00,8.022704116215367,8.04825496673584,7.9716045314497785,8.04825496673584,25143,0.0,0.0
2013-05-07 00:00:00+08:00,8.07380590163352,8.124905493630154,8.07380590163352,8.099355697631836,46140,0.0,0.0
2013-05-08 00:00:00+08:00,8.073805809020996,8.176005520910868,8.048256013315754,8.073805809020996,97110,0.0,0.0
2013-05-09 00:00:00+08:00,8.07380599366358,8.201556033249162,8.07380599366358,8.124905586242676,27434,0.0,0.0
2013-05-10 00:00:00+08:00,8.124905586242676,8.201556033249162,8.048256197374032,8.124905586242676,75452,0.0,0.0
2013-05-13 00:00:00+08:00,8.176005438008755,8.227105557970006,8.022705078125,8.022705078125,69604,0.0,0.0
2013-05-14 00:00:00+08:00,8.073804759118635,8.073804759118635,8.04825496673584,8.04825496673584,33222,0.0,0.0
2013-05-15 00:00:00+08:00,8.150456083026725,8.201556205749512,8.07380616347701,8.201556205749512,130341,0.0,0.0
2013-05-16 00:00:00+08:00,8.763654708862305,8.763654708862305,8.763654708862305,8.763654708862305,408951,0.0,0.0
2013-05-17 00:00:00+08:00,9.14690572058593,9.14690572058593,8.865855337915294,9.070255279541016,1194218,0.0,0.0
2013-05-20 00:00:00+08:00,9.095805908584692,9.606806014633081,8.94250503025999,9.351305961608887,834302,0.0,0.0
2013-05-21 00:00:00+08:00,9.453505046151278,9.913404450849299,9.453505046151278,9.606804847717285,1157826,0.0,0.0
2013-05-22 00:00:00+08:00,9.709007789641477,9.709007789641477,9.402408100567484,9.530157089233398,362043,0.0,0.0
2013-05-23 00:00:00+08:00,9.453506416073493,9.581256445580554,8.968055034181356,9.095806121826172,524613,0.0,0.0
2013-05-24 00:00:00+08:00,9.198007065691566,9.30020730879847,8.94250592885539,8.968055725097656,172726,0.0,0.0
2013-05-27 00:00:00+08:00,9.095806121826172,9.198006357059372,8.993605886592972,9.095806121826172,123764,0.0,0.0
2013-05-28 00:00:00+08:00,9.249107109457876,9.555707853738229,9.249107109457876,9.504607200622559,618123,0.0,0.0
2013-05-29 00:00:00+08:00,9.683455677634134,9.683455677634134,9.427956675307694,9.453506469726562,229854,0.0,0.0
2013-05-30 00:00:00+08:00,9.402406229701212,9.53015519294797,9.223555564880371,9.223555564880371,225016,0.0,0.0
2013-05-31 00:00:00+08:00,9.223556704165887,9.453506982688685,9.223556704165887,9.274656295776367,150922,0.0,0.0
2013-06-03 00:00:00+08:00,9.198006289744702,9.913405814866007,9.12135584934632,9.734556198120117,717087,0.0,0.0
2013-06-04 00:00:00+08:00,10.168908720504982,10.398859024047852,10.117808065196602,10.398859024047852,2776006,0.0,0.0
2013-06-05 00:00:00+08:00,10.83320717822457,10.83320717822457,10.27110745961881,10.501056671142578,2057176,0.0,0.0
2013-06-06 00:00:00+08:00,10.16890649867718,10.552156568132128,10.16890649867718,10.245555877685547,632229,0.0,0.0
2013-06-07 00:00:00+08:00,10.833205606109985,10.960955619812012,10.833205606109985,10.960955619812012,775233,0.0,0.0
2013-06-10 00:00:00+08:00,11.727457046508789,11.727457046508789,11.727457046508789,11.727457046508789,865380,0.0,0.0
2013-06-11 00:00:00+08:00,12.545060157775879,12.545060157775879,12.545060157775879,12.545060157775879,881591,0.0,0.0
2013-06-13 00:00:00+08:00,13.413758277893066,13.413758277893066,12.67280790125804,13.413758277893066,8575145,0.0,0.0
2013-06-14 00:00:00+08:00,13.66925667575419,14.18025778566998,13.056056401992858,13.541507720947266,5342334,0.0,0.0
2013-06-17 00:00:00+08:00,13.388210403492055,14.486861228942871,13.107160512232374,14.486861228942871,5578176,0.0,0.0
2013-06-18 00:00:00+08:00,14.665710726983848,15.483311653137207,14.665710726983848,15.483311653137207,5669672,0.0,0.0
2013-06-19 00:00:00+08:00,15.483311456840113,16.19871212588723,14.51241070001015,15.074511528015137,7430244,0.0,0.0
2013-06-20 00:00:00+08:00,14.563509425435102,14.870109066950716,14.026958465576172,14.026958465576172,2154271,0.0,0.0
2013-06-21 00:00:00+08:00,13.056058883666992,13.056058883666992,13.056058883666992,13.056058883666992,836169,0.0,0.0
2013-06-24 00:00:00+08:00,13.056057378007342,13.771457927232087,12.570608139038086,12.570608139038086,5546516,0.0,0.0
2013-06-25 00:00:00+08:00,12.57060861340805,12.57060861340805,11.70190715789795,11.70190715789795,2429472,0.0,0.0
2013-06-26 00:00:00+08:00,11.85520825970791,12.034057878051385,11.114257875743384,11.446407318115234,1934603,0.0,0.0
2013-06-27 00:00:00+08:00,11.70190774952439,12.238457679748535,11.676357954397105,12.238457679748535,933791,0.0,0.0
2013-06-28 00:00:00+08:00,12.928307185106036,12.928307185106036,12.059606831965583,12.1618070602417,3196595,0.0,0.0
2013-07-01 00:00:00+08:00,12.212908652935795,12.315108898012145,11.855209382375351,12.187358856201172,989230,0.0,0.0
2013-07-02 00:00:00+08:00,12.417305554513073,13.030505789619735,12.289555549621582,12.289555549621582,3005630,0.0,0.0
2013-07-03 00:00:00+08:00,12.289557476522663,12.46840814629559,11.982957839965819,11.98295783996582,1158391,0.0,0.0
2013-07-04 00:00:00+08:00,12.03405743594777,12.366207924254931,11.957406997680664,11.957406997680664,1417211,0.0,0.0
2013-07-05 00:00:00+08:00,12.161807451601026,12.26400768316588,11.906307401757749,11.98295783996582,1247523,0.0,0.0
2013-07-08 00:00:00+08:00,12.008508706151117,12.264008778820523,11.293108079421657,11.318657875061035,1208440,0.0,0.0
2013-07-09 00:00:00+08:00,11.344205756647233,11.446405980098806,10.52660502717228,10.679905891418457,1771475,0.0,0.0
2013-07-10 00:00:00+08:00,10.731007120275054,10.833207359404746,10.552157495401442,10.577707290649414,600398,0.0,0.0
2013-07-11 00:00:00+08:00,11.13980815573817,11.293107986450195,11.037607915884216,11.293107986450195,928935,0.0,0.0
2013-07-12 00:00:00+08:00,11.497505859635432,11.701906311816447,11.369755841556712,11.395305633544922,2058397,0.0,0.0
2013-07-15 00:00:00+08:00,11.39530670311183,11.39530670311183,11.13980770111084,11.13980770111084,843552,0.0,0.0
2013-07-16 00:00:00+08:00,11.139807082600742,11.906307220458983,11.139807082600742,11.906307220458984,1462603,0.0,0.0
2013-07-17 00:00:00+08:00,12.391757386535419,12.723907865967837,12.110707550628284,12.51950740814209,4622060,0.0,0.0
2013-07-18 00:00:00+08:00,12.39175847193526,12.672808332459683,12.136258406342552,12.212907791137695,1380982,0.0,0.0
2013-07-19 00:00:00+08:00,12.161805734851686,12.77500597954431,12.161805734851686,12.366206169128418,1689275,0.0,0.0
2013-07-22 00:00:00+08:00,12.723909077855902,12.723909077855902,12.00850846546518,12.238457679748535,923999,0.0,0.0
2013-07-23 00:00:00+08:00,12.315108898012145,12.366209549619251,12.085158611124818,12.187358856201172,806639,0.0,0.0
2013-07-24 00:00:00+08:00,12.085157892169818,12.264008574947939,11.93185806274414,11.93185806274414,754639,0.0,0.0
2013-07-25 00:00:00+08:00,12.16180594074843,12.749456405639648,11.982956351331582,12.749456405639648,3283346,0.0,0.0
2013-07-26 00:00:00+08:00,12.672805762405945,12.749456189794111,12.315105531490449,12.366206169128418,1558020,0.0,0.0
2013-07-29 00:00:00+08:00,12.51950596576718,12.902755986432874,12.28955574174025,12.366206169128418,1236757,0.0,0.0
2013-07-30 00:00:00+08:00,12.519507408142088,12.928307265655894,12.391757386535419,12.51950740814209,2008457,0.0,0.0
2013-07-31 00:00:00+08:00,12.723907289021785,12.723907289021785,12.264006808836179,12.315106391906738,1062854,0.0,0.0
2013-08-01 00:00:00+08:00,12.34065716112497,12.366208012822147,11.906307496201132,12.00850772857666,957629,0.0,0.0
2013-08-02 00:00:00+08:00,12.238456928749441,12.366208012822147,12.00850772857666,12.00850772857666,927292,0.0,0.0
2013-08-05 00:00:00+08:00,12.008508095467109,12.238457302665422,12.008508095467109,12.136258125305176,575395,0.0,0.0
2013-08-06 00:00:00+08:00,12.136259262731924,12.672809226710447,12.136259262731924,12.187358856201172,1012914,0.0,0.0
2013-08-07 00:00:00+08:00,12.187357533747118,12.315107561695896,12.05960750579834,12.05960750579834,551830,0.0,0.0
2013-08-08 00:00:00+08:00,12.008507642571308,12.212907047720723,11.957406997680664,11.957406997680664,399020,0.0,0.0
2013-08-09 00:00:00+08:00,11.957407575354813,12.11070845929514,11.855208396911621,11.855208396911621,336650,0.0,0.0
2013-08-12 00:00:00+08:00,11.85520854581813,12.468408914868187,11.85520854581813,12.212907791137695,1128288,0.0,0.0
2013-08-13 00:00:00+08:00,12.340658251940331,13.056058883666992,12.264008864486788,13.056058883666992,1283260,0.0,0.0
2013-08-14 00:00:00+08:00,13.362659607894626,13.5415102948952,12.826109663168541,13.056058883666992,3921953,0.0,0.0
2013-08-15 00:00:00+08:00,13.056059483711122,13.183809526809453,12.851660049636516,12.928309440612793,1502760,0.0,0.0
2013-08-16 00:00:00+08:00,12.570607866497797,12.775007263174976,12.366207411682941,12.442856788635254,926061,0.0,0.0
2013-08-19 00:00:00+08:00,12.493957334519997,12.72390757986908,12.366207315785804,12.417306900024414,504003,0.0,0.0
2013-08-20 00:00:00+08:00,13.10716073671788,13.10716073671788,12.468410491943361,12.46841049194336,900006,0.0,0.0
2013-08-22 00:00:00+08:00,12.468407430939061,12.698357674232499,12.212906337617065,12.06982707977295,831610,0.0,0.0
2013-08-23 00:00:00+08:00,12.791682849945067,12.897838072203344,12.499756813049316,12.499756813049316,568884,0.810572,0.0
2013-08-26 00:00:00+08:00,12.52629316500913,12.685525421156555,12.101673448920723,12.128211975097656,658221,0.0,0.0
2013-08-27 00:00:00+08:00,12.207828215355777,12.712063491910222,12.154750065817671,12.260905265808105,971659,0.0,0.0
2013-08-28 00:00:00+08:00,12.048596266498004,12.181291106226391,11.411667190682826,11.43820571899414,1261528,0.0,0.0
2013-08-29 00:00:00+08:00,11.464743935484217,11.623976200107169,11.013584570118995,11.49128246307373,1195336,0.0,0.0
2013-08-30 00:00:00+08:00,11.677054844691302,11.730133006180859,11.146279824311883,11.278973579406738,640535,0.0,0.0
2013-09-02 00:00:00+08:00,11.332050643730966,11.464744385978458,11.252433958748105,11.358589172363281,349580,0.0,0.0
2013-09-03 00:00:00+08:00,11.411667509764376,11.62397684127718,11.411667509764376,11.464744567871094,349710,0.0,0.0
2013-09-04 00:00:00+08:00,11.464744567871092,11.597438312223822,11.332050823518363,11.464744567871094,540655,0.0,0.0
2013-09-05 00:00:00+08:00,11.517822122577115,11.836286683120122,11.464745062181944,11.59743881225586,370486,0.0,0.0
2013-09-06 00:00:00+08:00,11.650514088024247,11.730130765507301,11.464743306011544,11.517820358276367,587458,0.0,0.0
2013-09-09 00:00:00+08:00,11.464744663988927,11.51782172254063,11.09320195686917,11.11974048614502,508336,0.0,0.0
2013-09-10 00:00:00+08:00,11.172816200455783,11.225894351707412,10.880890215372169,10.907428741455078,392084,0.0,0.0
2013-09-11 00:00:00+08:00,10.907428741455076,10.987045418789615,10.615502756371464,10.907428741455078,438603,0.0,0.0
2013-09-12 00:00:00+08:00,10.907428741455076,11.09320062220706,10.854351689289262,10.907428741455078,470088,0.0,0.0
2013-09-13 00:00:00+08:00,10.854351689289262,10.933967267537986,10.774735011954725,10.907428741455078,116456,0.0,0.0
2013-09-16 00:00:00+08:00,10.748196471272143,10.93396725268597,10.748196471272143,10.827813148498535,87937,0.0,0.0
2013-09-17 00:00:00+08:00,10.85435407076369,11.093203056085597,10.82781553885816,11.040124893188477,280098,0.0,0.0
2013-09-18 00:00:00+08:00,11.146277674372875,11.146277674372875,10.880890215372169,10.907428741455078,164108,0.0,0.0
2013-09-23 00:00:00+08:00,10.987046055824827,10.987046055824827,10.82781379100919,10.880890846252441,177211,0.0,0.0
2013-09-24 00:00:00+08:00,10.933967515008456,11.332049811605197,10.880890461641338,11.199356079101562,517856,0.0,0.0
2013-09-25 00:00:00+08:00,11.385127379250996,11.623976328363772,11.332050323486328,11.332050323486328,727504,0.0,0.0
2013-09-26 00:00:00+08:00,11.33205156624924,11.33205156624924,11.066662961063614,11.093202590942383,284441,0.0,0.0
2013-09-27 00:00:00+08:00,11.119741121735142,11.225896343992192,11.093202590942383,11.093202590942383,150905,0.0,0.0
2013-09-30 00:00:00+08:00,11.040122663508662,11.146277868777583,10.960507083871345,11.01358413696289,162981,0.0,0.0
2013-10-01 00:00:00+08:00,11.01358413696289,11.146277868777583,11.01358413696289,11.01358413696289,146584,0.0,0.0
2013-10-02 00:00:00+08:00,11.040124893188477,11.199358282793785,11.040124893188477,11.040124893188477,167190,0.0,0.0
2013-10-03 00:00:00+08:00,11.146278430138217,11.43820553410155,11.146278430138217,11.332050323486328,567904,0.0,0.0
2013-10-04 00:00:00+08:00,11.491282914610773,11.677053714122891,11.358589172363281,11.358589172363281,502787,0.0,0.0
2013-10-07 00:00:00+08:00,11.730130785186184,12.128211975097656,11.730130785186184,12.128211975097656,1236785,0.0,0.0
2013-10-08 00:00:00+08:00,12.313984965059195,12.473217235541311,12.022057853575081,12.048596382141113,1679946,0.0,0.0
2013-10-09 00:00:00+08:00,12.048595683668282,12.101673836809256,11.756669688193416,11.809746742248535,441349,0.0,0.0
2013-10-11 00:00:00+08:00,11.968980744371759,12.07513595725998,11.703593261694168,11.783208847045898,461056,0.0,0.0
2013-10-14 00:00:00+08:00,11.889364141353244,11.942441198617873,11.358589172363281,11.358589172363281,314839,0.0,0.0
2013-10-15 00:00:00+08:00,11.544360617338631,11.836285519909147,11.464743935484217,11.49128246307373,328192,0.0,0.0
2013-10-16 00:00:00+08:00,11.49128135863147,12.154749980031822,11.49128135863147,11.99551773071289,996987,0.0,0.0
2013-10-17 00:00:00+08:00,12.154750065817671,12.367060465798538,11.836284465846372,12.260905265808105,979589,0.0,0.0
2013-10-18 00:00:00+08:00,12.420139079323327,12.420139079323327,12.048596382141113,12.048596382141113,470492,0.0,0.0
2013-10-21 00:00:00+08:00,12.181289604156452,12.207828129195313,11.99551773071289,11.99551773071289,353922,0.0,0.0
2013-10-22 00:00:00+08:00,12.181290699867771,12.81821975443548,12.022057337139975,12.526293754577637,1907601,0.0,0.0
2013-10-23 00:00:00+08:00,12.579372164175723,12.685526276037212,12.128212792420824,12.207829475402832,749100,0.0,0.0
2013-10-24 00:00:00+08:00,12.207829349751043,12.526293880229428,12.075135612204068,12.367061614990234,438929,0.0,0.0
2013-10-25 00:00:00+08:00,12.367062207530825,12.367062207530825,12.128213248685173,12.154751777648926,306154,0.0,0.0
2013-10-28 00:00:00+08:00,12.446678425262968,12.499755481193713,12.207829475402832,12.207829475402832,371507,0.0,0.0
2013-10-29 00:00:00+08:00,12.207828129195313,12.234366654234172,11.99551773071289,11.99551773071289,267568,0.0,0.0
2013-10-30 00:00:00+08:00,12.048596382141113,12.181291223143113,11.995519325009047,12.048596382141113,157419,0.0,0.0
2013-10-31 00:00:00+08:00,12.154750307444285,12.154750307444285,12.022056579589844,12.022056579589844,192160,0.0,0.0
2013-11-01 00:00:00+08:00,11.915902580641927,12.101674477847077,11.677053626570112,11.703593254089355,421283,0.0,0.0
2013-11-04 00:00:00+08:00,11.570899412553088,11.570899412553088,11.146278564956264,11.252433776855469,620179,0.0,0.0
2013-11-05 00:00:00+08:00,11.252434446917682,11.677054220713947,11.252434446917682,11.411667823791504,930947,0.0,0.0
2013-11-06 00:00:00+08:00,11.411667006219218,11.51782111774855,11.25243364075344,11.332050323486328,296611,0.0,0.0
2013-11-07 00:00:00+08:00,12.022058121879619,12.022058121879619,11.703593573807996,11.730132102966309,748275,0.0,0.0
2013-11-08 00:00:00+08:00,11.889363674174048,11.889363674174048,11.49128246307373,11.49128246307373,384406,0.0,0.0
2013-11-11 00:00:00+08:00,11.677053634157678,11.995519272822335,11.623976577256526,11.783208847045898,439689,0.0,0.0
2013-11-12 00:00:00+08:00,11.942440270802079,12.048595476169991,11.62397575378418,11.62397575378418,626531,0.0,0.0
2013-11-13 00:00:00+08:00,11.677052793527992,11.730130945693968,11.49128200866166,11.544360160827637,194331,0.0,0.0
2013-11-14 00:00:00+08:00,11.544361299772186,11.783209161282931,11.544361299772186,11.730132102966309,247577,0.0,0.0
2013-11-15 00:00:00+08:00,11.783207355852543,11.889362555306565,11.491281381668312,11.570898056030273,334750,0.0,0.0
2013-11-18 00:00:00+08:00,11.570899144928145,11.783208464730121,11.49128246307373,11.49128246307373,248679,0.0,0.0
2013-11-19 00:00:00+08:00,11.517820358276367,11.67705261415666,11.491281832143956,11.517820358276367,295297,0.0,0.0
2013-11-20 00:00:00+08:00,11.517821942926094,11.54436157179571,11.411667823791504,11.411667823791504,268215,0.0,0.0
2013-11-21 00:00:00+08:00,11.411667787723138,11.411667787723138,11.199357351953063,11.225895881652832,214125,0.0,0.0
2013-11-22 00:00:00+08:00,11.252433591498207,11.305511746116423,11.146278381347656,11.146278381347656,280389,0.0,0.0
2013-11-25 00:00:00+08:00,11.252433395833098,11.83628539287987,11.146278187528448,11.650514602661133,459963,0.0,0.0
2013-11-26 00:00:00+08:00,11.83628513633458,12.04859554834216,11.677052876871814,11.889363288879395,973863,0.0,0.0
2013-11-27 00:00:00+08:00,11.942439057954099,12.022055728665796,11.703591243990454,11.862823486328125,551678,0.0,0.0
2013-11-28 00:00:00+08:00,11.995517204790472,11.995517204790472,11.862823486328125,11.862823486328125,360588,0.0,0.0
2013-11-29 00:00:00+08:00,12.048596652531227,12.685526847839355,11.995519594208025,12.685526847839355,2107660,0.0,0.0
2013-12-02 00:00:00+08:00,13.269381847183151,13.56130790710449,13.269381847183151,13.561307907104492,4821883,0.0,0.0
2013-12-03 00:00:00+08:00,13.508228509452863,14.490162849426268,13.375534768841801,14.49016284942627,5691320,0.0,0.0
2013-12-04 00:00:00+08:00,14.755550200382537,15.286325158140965,14.490162721503323,14.649394989013672,5842879,0.0,0.0
2013-12-05 00:00:00+08:00,14.861701580085086,15.445553443455433,14.70246935362823,15.074010848999023,3688745,0.0,0.0
2013-12-06 00:00:00+08:00,14.994398147750472,15.923254261667717,14.675932534955923,15.684405326843262,5431770,0.0,0.0
2013-12-09 00:00:00+08:00,15.392479763206403,15.684405758657515,14.86170482635498,14.86170482635498,3350568,0.0,0.0
2013-12-10 00:00:00+08:00,14.861707805861585,15.100556795146847,14.22477753412958,14.330931663513184,1728830,0.0,0.0
2013-12-11 00:00:00+08:00,14.330927255134625,15.312861442565918,14.330927255134625,15.312861442565918,4803683,0.0,0.0
2013-12-12 00:00:00+08:00,15.127090450878812,15.551710128784181,14.9413196852595,15.55171012878418,1725404,0.0,0.0
2013-12-13 00:00:00+08:00,15.55171250267816,16.4009530872071,14.755550072918092,14.808627128601074,5001895,0.0,0.0
2013-12-16 00:00:00+08:00,14.967858470567256,15.18016776368653,14.490160637648843,14.543237686157227,1913004,0.0,0.0
2013-12-17 00:00:00+08:00,14.861703744942776,15.23324529443486,14.702471495291059,14.941320419311523,1315876,0.0,0.0
2013-12-18 00:00:00+08:00,15.047476077346273,15.153631287798127,14.755550072918092,14.808627128601074,1073710,0.0,0.0
2013-12-19 00:00:00+08:00,15.180171331264209,15.843641188059237,15.020939049231242,15.206709861755371,3101526,0.0,0.0
2013-12-20 00:00:00+08:00,15.047473582034378,15.445554730900897,15.02093505859375,15.02093505859375,1257185,0.0,0.0
2013-12-23 00:00:00+08:00,15.472097768914987,15.472097768914987,14.88824462890625,14.88824462890625,1037884,0.0,0.0
2013-12-24 00:00:00+08:00,14.967860033542436,15.233246402882294,14.86170482635498,14.86170482635498,757785,0.0,0.0
2013-12-25 00:00:00+08:00,14.967860913512665,15.657868152168316,14.755550486655885,15.286325454711914,2263628,0.0,0.0
2013-12-26 00:00:00+08:00,15.339400400538056,15.392478549489429,15.047474428105687,15.180168151855469,1083713,0.0,0.0
2013-12-27 00:00:00+08:00,15.233247478650593,15.81710060987024,15.206708949751048,15.392480850219727,2074863,0.0,0.0
2013-12-30 00:00:00+08:00,15.472097084679357,15.870178303818196,15.472097084679357,15.525174140930176,1503046,0.0,0.0
2013-12-31 00:00:00+08:00,15.578251197180995,15.710946035979841,15.25978666150428,15.525174140930176,1180314,0.0,0.0
2014-01-02 00:00:00+08:00,15.657868152168316,15.737484837011086,15.286325454711912,15.286325454711914,890550,0.0,0.0
2014-01-03 00:00:00+08:00,15.286325721981823,15.843640327453613,15.286325721981823,15.843640327453613,1627576,0.0,0.0
2014-01-06 00:00:00+08:00,16.480571940402605,16.931730270385742,16.454032309979805,16.931730270385742,2192106,0.0,0.0
2014-01-07 00:00:00+08:00,17.223653088931965,17.54211870261335,16.87865004796775,16.984804153442383,4169129,0.0,0.0
2014-01-08 00:00:00+08:00,17.462502855497767,17.887122568136842,16.905188314880306,17.1440372467041,3489852,0.0,0.0
2014-01-09 00:00:00+08:00,17.144038566680646,17.303270833794397,15.949793815612793,15.949793815612793,2191863,0.0,0.0
2014-01-10 00:00:00+08:00,15.870179495090035,16.188644054671823,15.684407586095674,15.89671802520752,1148765,0.0,0.0
2014-01-13 00:00:00+08:00,16.135568423281416,16.135568423281416,15.525176681097639,15.578253746032715,1062540,0.0,0.0
2014-01-14 00:00:00+08:00,15.445558185309201,15.578251931275076,15.047476947411576,15.153632164001465,947349,0.0,0.0
2014-01-15 00:00:00+08:00,15.286325189629691,15.525174140930176,15.206708506167564,15.525174140930176,579532,0.0,0.0
2014-01-16 00:00:00+08:00,15.604788947123389,15.657865996988996,15.18016815185547,15.180168151855469,549373,0.0,0.0
2014-01-17 00:00:00+08:00,15.286325813882277,15.923256010332123,15.180170597959645,15.498636245727539,733399,0.0,0.0
2014-01-20 00:00:00+08:00,15.498636994416142,15.498636994416142,15.206709861755371,15.206709861755371,573591,0.0,0.0
2014-01-21 00:00:00+08:00,15.259785474756708,15.445556256273152,15.206707323547855,15.233245849609375,466624,0.0,0.0
2014-01-22 00:00:00+08:00,15.233246026704775,15.419017909466739,15.180168973964685,15.259785652160645,325033,0.0,0.0
2014-01-23 00:00:00+08:00,15.259787336350728,15.419019611230947,14.755550883325077,14.88824462890625,686132,0.0,0.0
2014-01-24 00:00:00+08:00,15.12709164213419,15.923254013061523,15.12709164213419,15.923254013061523,4456334,0.0,0.0
2014-01-27 00:00:00+08:00,15.60478961081389,15.71094481414578,15.180168797486337,15.233245849609375,1950993,0.0,0.0
2014-02-05 00:00:00+08:00,14.596318742518818,14.782089548404475,14.437085367090019,14.729012489318848,941586,0.0,0.0
2014-02-06 00:00:00+08:00,14.861705283369945,14.994399021663291,14.755550072918092,14.808627128601074,638385,0.0,0.0
2014-02-07 00:00:00+08:00,15.074014605187765,15.100554232115144,14.808627128601076,14.808627128601074,412790,0.0,0.0
2014-02-10 00:00:00+08:00,14.861705467767347,15.286325215757365,14.861705467767347,14.914782524108887,427946,0.0,0.0
2014-02-11 00:00:00+08:00,15.074014141644037,15.074014141644037,14.835166299329579,14.86170482635498,378771,0.0,0.0
2014-02-12 00:00:00+08:00,14.967858944405847,15.04747451968882,14.8882422700371,14.941320419311523,334561,0.0,0.0
2014-02-13 00:00:00+08:00,15.02093767926175,15.02093767926175,14.596317932872187,14.649394989013672,514916,0.0,0.0
2014-02-14 00:00:00+08:00,14.808625126870625,14.808625126870625,14.543237686157227,14.543237686157227,383235,0.0,0.0
2014-02-17 00:00:00+08:00,14.62285581816395,14.70247249796235,14.569777665269733,14.596317291259766,279555,0.0,0.0
2014-02-18 00:00:00+08:00,14.702472384743748,15.551711833653039,14.490161972973505,15.365941047668457,1611718,0.0,0.0
2014-02-19 00:00:00+08:00,15.498634718470628,16.188641905344557,15.419018039602706,15.710945129394531,3312912,0.0,0.0
2014-02-20 00:00:00+08:00,15.71094519202364,16.082486763992804,15.286324368483156,15.365941047668457,1277019,0.0,0.0
2014-02-21 00:00:00+08:00,15.578251651602473,15.631329808487495,15.127093363052413,15.392480850219727,687928,0.0,0.0
2014-02-24 00:00:00+08:00,15.604788947123389,15.604788947123389,15.127091101989864,15.180168151855469,463629,0.0,0.0
2014-02-25 00:00:00+08:00,15.339402511883149,15.551712938739927,15.23324729845476,15.286325454711914,527192,0.0,0.0
2014-02-26 00:00:00+08:00,15.286324368483156,15.525173306953219,15.286324368483156,15.365941047668457,486480,0.0,0.0
2014-02-27 00:00:00+08:00,15.392481773365498,15.843641188059237,15.180171331264209,15.206709861755371,964348,0.0,0.0
2014-03-03 00:00:00+08:00,15.100551955722695,15.100551955722695,14.782086372375488,14.782086372375488,933780,0.0,0.0
2014-03-04 00:00:00+08:00,14.596318608444857,15.392481081931903,14.596318608444857,14.88824462890625,1825146,0.0,0.0
2014-03-05 00:00:00+08:00,15.020935994594495,15.020935994594495,14.835165219848452,14.941320419311523,699268,0.0,0.0
2014-03-06 00:00:00+08:00,15.020935903172884,15.578249323104819,14.99439737824008,15.180168151855469,1195984,0.0,0.0
2014-03-07 00:00:00+08:00,15.233246333303581,15.286324486197799,14.543239138365548,14.596317291259766,1016181,0.0,0.0
2014-03-10 00:00:00+08:00,14.596317478701778,14.914782003813322,14.596317478701778,14.702472686767578,484418,0.0,0.0
2014-03-11 00:00:00+08:00,15.07401284558206,15.12709099415506,14.729009825743468,14.835165023803711,324237,0.0,0.0
2014-03-12 00:00:00+08:00,15.047477579722402,15.472098463924981,14.914783828180596,15.206709861755371,1533207,0.0,0.0
2014-03-13 00:00:00+08:00,15.392482894616899,15.392482894616899,15.047478675842285,15.047478675842285,527597,0.0,0.0
2014-03-14 00:00:00+08:00,14.994399021663291,14.994399021663291,14.808627128601076,14.808627128601074,467069,0.0,0.0
2014-03-17 00:00:00+08:00,14.755550255998367,15.074014792219405,14.702473199656827,14.914782524108887,411481,0.0,0.0
2014-03-18 00:00:00+08:00,15.074017208266623,15.259789133409136,14.994401610993611,15.047478675842285,407336,0.0,0.0
2014-03-19 00:00:00+08:00,14.967858875116159,15.020935925059101,14.755548477172853,14.755548477172852,433175,0.0,0.0
2014-03-20 00:00:00+08:00,14.755550798692138,14.782089327838968,14.437085151672365,14.437085151672363,515026,0.0,0.0
2014-03-21 00:00:00+08:00,14.543242120452545,14.596320284230421,14.22477753412958,14.330931663513184,498426,0.0,0.0
2014-03-24 00:00:00+08:00,13.985928045917598,14.145160333398712,13.587845678585763,13.932849884033203,414067,0.0,0.0
2014-03-25 00:00:00+08:00,14.118619287353438,14.224774493129047,13.82669329578489,14.145157814025879,243294,0.0,0.0
2014-03-26 00:00:00+08:00,14.224774816540329,14.410545606556909,14.17169666290283,14.171696662902832,183616,0.0,0.0
2014-03-27 00:00:00+08:00,14.330929935999107,14.596318524725222,14.330929935999107,14.437085151672363,361652,0.0,0.0
2014-03-28 00:00:00+08:00,14.543239325125944,15.020937211879124,14.463622644305127,14.702472686767578,1021946,0.0,0.0
2014-03-31 00:00:00+08:00,14.543237360941012,14.569775884601748,14.437082167212349,14.516698837280273,300848,0.0,0.0
2014-04-01 00:00:00+08:00,14.463621014308911,14.649392882259734,14.463621014308911,14.543237686157227,206960,0.0,0.0
2014-04-02 00:00:00+08:00,14.384005546569824,14.649392989220924,14.330927398588155,14.384005546569824,351839,0.0,0.0
2014-04-03 00:00:00+08:00,14.410544071017785,14.516699267895374,14.251311825244274,14.384005546569824,286938,0.0,0.0
2014-04-07 00:00:00+08:00,14.330928480063958,14.330928480063958,14.17169622227407,14.304389953613281,140049,0.0,0.0
2014-04-08 00:00:00+08:00,14.437083684952492,14.46362221140317,14.251312900711929,14.304389953613281,118444,0.0,0.0
2014-04-09 00:00:00+08:00,14.330929618035457,14.516701516113379,14.330929618035457,14.41054630279541,194487,0.0,0.0
2014-04-10 00:00:00+08:00,14.437084133832725,14.543239342021854,14.17169666290283,14.171696662902832,193413,0.0,0.0
2014-04-11 00:00:00+08:00,14.171698569835383,14.224776730615035,14.03900481651527,14.092082977294922,232438,0.0,0.0
2014-04-14 00:00:00+08:00,13.90630828692352,14.092080163935572,13.747076034545898,13.747076034545898,252034,0.0,0.0
2014-04-15 00:00:00+08:00,13.800155179167163,13.932848926126177,13.800155179167163,13.853233337402344,170743,0.0,0.0
2014-04-16 00:00:00+08:00,13.85323207350089,13.906309127807617,13.74707686580157,13.906309127807617,137041,0.0,0.0
2014-04-17 00:00:00+08:00,13.959387345610434,14.17169666290283,13.932847719248754,14.171696662902832,197767,0.0,0.0
2014-04-18 00:00:00+08:00,14.304391679147596,14.304391679147596,14.065543813193537,14.118620872497559,169394,0.0,0.0
2014-04-21 00:00:00+08:00,14.118619543206254,14.118619543206254,13.85323207350089,13.906309127807617,86863,0.0,0.0
2014-04-22 00:00:00+08:00,13.80015612795127,14.065544739201172,13.80015612795127,13.932849884033203,55368,0.0,0.0
2014-04-23 00:00:00+08:00,14.118621508141743,14.171698569835383,13.932849594041977,14.092082977294922,96174,0.0,0.0
2014-04-24 00:00:00+08:00,14.09208226365349,14.09208226365349,13.614384336257922,13.667461395263672,193247,0.0,0.0
2014-04-25 00:00:00+08:00,13.773616477866643,13.773616477866643,12.765143573917141,12.871298789978027,480296,0.0,0.0
2014-04-28 00:00:00+08:00,12.022057644998917,12.87129823797953,12.022057644998917,12.55283260345459,208492,0.0,0.0
2014-04-29 00:00:00+08:00,12.818219361727964,12.897836040652672,12.473216317587843,12.844758987426758,117314,0.0,0.0
2014-04-30 00:00:00+08:00,13.136685765910878,13.136685765910878,12.68552639009937,12.738604545593262,88122,0.0,0.0
2014-05-02 00:00:00+08:00,12.526294129944024,12.924375350520789,12.526294129944024,12.818220138549805,73259,0.0,0.0
2014-05-05 00:00:00+08:00,12.844758160923309,13.003990409440998,12.73860296221626,12.765141487121582,66224,0.0,0.0
2014-05-06 00:00:00+08:00,12.844759765856978,12.897836822299519,12.791681610328533,12.818220138549805,97817,0.0,0.0
2014-05-07 00:00:00+08:00,12.738606602866946,12.791683667846833,12.579374308841205,12.658989906311035,218216,0.0,0.0
2014-05-08 00:00:00+08:00,12.68552532551985,13.003990934499594,12.68552532551985,12.897835731506348,125935,0.0,0.0
2014-05-09 00:00:00+08:00,13.083609507073744,13.083609507073744,12.632450103759766,12.632450103759766,91194,0.0,0.0
2014-05-12 00:00:00+08:00,12.579370933881753,12.632447984621429,12.446677207946777,12.446677207946777,127502,0.0,0.0
2014-05-13 00:00:00+08:00,12.47321695322834,12.579372164175723,11.995519053508069,12.207829475402832,356094,0.0,0.0
2014-05-14 00:00:00+08:00,12.207829744305855,12.207829744305855,11.836285948263042,11.96898078918457,188903,0.0,0.0
2014-05-15 00:00:00+08:00,11.968981569674106,12.181292010090077,11.730132598977635,11.942441940307617,340894,0.0,0.0
2014-05-16 00:00:00+08:00,11.80974660960509,11.942440342338369,11.80974660960509,11.889363288879395,51025,0.0,0.0
2014-05-19 00:00:00+08:00,11.889364111658999,12.075136009793063,11.756670369742917,12.048596382141113,156388,0.0,0.0
2014-05-20 00:00:00+08:00,12.048596109438813,12.47321695322834,12.048596109438813,12.207829475402832,140049,0.0,0.0
2014-05-21 00:00:00+08:00,12.207828844012672,12.313984049469697,12.207828844012672,12.234367370605469,80663,0.0,0.0
2014-05-22 00:00:00+08:00,12.260903866407672,12.367059054282064,12.234365344210488,12.313982009887695,94726,0.0,0.0
2014-05-23 00:00:00+08:00,12.446678482410825,12.49975553858527,12.34052327097604,12.473217010498047,85180,0.0,0.0
2014-05-26 00:00:00+08:00,12.57937429663736,12.57937429663736,12.367063838751625,12.39360237121582,109650,0.0,0.0
2014-05-27 00:00:00+08:00,12.393599317471615,12.393599317471615,12.287444114685059,12.287444114685059,120507,0.0,0.0
2014-05-28 00:00:00+08:00,12.313983739696054,12.499754520258172,12.287444114685059,12.287444114685059,132623,0.0,0.0
2014-05-29 00:00:00+08:00,12.287442388604857,12.526291286550824,12.287442388604857,12.313982009887695,95729,0.0,0.0
2014-05-30 00:00:00+08:00,12.31398677382323,12.473219067694492,12.31398677382323,12.39360237121582,111822,0.0,0.0
2014-06-03 00:00:00+08:00,12.393599820116291,12.552832081211172,12.260906086022914,12.340522766113281,141134,0.0,0.0
2014-06-04 00:00:00+08:00,12.340524077548348,12.632450103759766,12.31398554772658,12.632450103759766,237975,0.0,0.0
2014-06-05 00:00:00+08:00,12.897836664930717,13.508228302001953,12.738604398460012,13.508228302001953,1139038,0.0,0.0
2014-06-06 00:00:00+08:00,14.437085151672365,14.437085151672365,14.437085151672365,14.437085151672363,1278272,0.0,0.0
2014-06-09 00:00:00+08:00,15.180167874523125,15.180167874523125,14.304388874140196,14.384005546569824,2760985,0.0,0.0
2014-06-10 00:00:00+08:00,14.384007267992482,14.384007267992482,13.959387528751014,14.277852058410645,912002,0.0,0.0
2014-06-11 00:00:00+08:00,14.490163584883597,14.516702114535608,14.065543813193537,14.118620872497559,482117,0.0,0.0
2014-06-12 00:00:00+08:00,14.118621156117403,14.224776375943891,13.800155496637935,13.879772186279297,446528,0.0,0.0
2014-06-13 00:00:00+08:00,13.879769395282878,14.56977653677684,13.879769395282878,14.06554126739502,882853,0.0,0.0
2014-06-16 00:00:00+08:00,14.330928925643594,14.596317495659353,14.17169666290283,14.171696662902832,307239,0.0,0.0
2014-06-17 00:00:00+08:00,14.277853107853995,14.277853107853995,13.853233337402344,13.853233337402344,208662,0.0,0.0
2014-06-18 00:00:00+08:00,13.853230150972834,14.198233154259356,13.800152004946343,13.826691627502441,336584,0.0,0.0
2014-06-19 00:00:00+08:00,13.906310860575008,14.039004611961724,13.694000418721865,13.800155639648438,368036,0.0,0.0
2014-06-20 00:00:00+08:00,13.959387078425735,13.959387078425735,13.693998513489552,13.720538139343262,176182,0.0,0.0
2014-06-23 00:00:00+08:00,13.587841535144836,13.747074873155785,13.216300010681152,13.216300010681152,290264,0.0,0.0
2014-06-24 00:00:00+08:00,13.269379803568473,13.667461032812637,13.269379803568473,13.455150604248047,140049,0.0,0.0
2014-06-25 00:00:00+08:00,13.53476563198521,13.853231235826243,13.481688580887933,13.747076034545898,308471,0.0,0.0
2014-06-26 00:00:00+08:00,13.74707736473848,14.198235639977613,13.74707736473848,14.039003372192383,600400,0.0,0.0
2014-06-27 00:00:00+08:00,14.118620831320369,14.118620831320369,13.773616649592553,13.853233337402344,195467,0.0,0.0
2014-06-30 00:00:00+08:00,13.85323379965472,13.879772330114864,13.694000418721865,13.800155639648438,158505,0.0,0.0
2014-07-01 00:00:00+08:00,13.853234438584256,13.853234438584256,13.720540681077527,13.7736177444458,144391,0.0,0.0
2014-07-02 00:00:00+08:00,13.853231872268431,13.879770399036296,13.481689200260787,13.720538139343262,178047,0.0,0.0
2014-07-03 00:00:00+08:00,13.72053808197458,13.72053808197458,13.481689143890788,13.53476619720459,218379,0.0,0.0
2014-07-04 00:00:00+08:00,13.69399973902862,13.69399973902862,13.428612249427532,13.481690406799316,121983,0.0,0.0
2014-07-07 00:00:00+08:00,13.481691507834018,13.640923794781806,13.32245922088623,13.32245922088623,155415,0.0,0.0
2014-07-08 00:00:00+08:00,13.80015570071934,14.251315116882324,13.587845257926643,14.251315116882324,548363,0.0,0.0
2014-07-09 00:00:00+08:00,14.224774750905572,14.543239274917667,13.906309127807617,13.906309127807617,1192158,0.0,0.0
2014-07-10 00:00:00+08:00,13.906307710163546,14.861703382976104,13.906307710163546,14.384005546569824,1854305,0.0,0.0
2014-07-11 00:00:00+08:00,14.33092945589887,14.33092945589887,13.42861180153362,13.614383697509766,687218,0.0,0.0
2014-07-14 00:00:00+08:00,13.534766253796517,13.959387078425735,13.534766253796517,13.720538139343262,222592,0.0,0.0
2014-07-15 00:00:00+08:00,13.800153719646856,14.012464131961465,13.693998513489552,13.720538139343262,212787,0.0,0.0
2014-07-16 00:00:00+08:00,13.694000418721865,13.85323379965472,13.694000418721865,13.800155639648438,165182,0.0,0.0
2014-07-17 00:00:00+08:00,13.906310358961456,14.065543734150614,13.587844707669092,13.667461395263672,283485,0.0,0.0
2014-07-18 00:00:00+08:00,13.56130790710449,13.694001670622018,13.481692308445632,13.561307907104492,108680,0.0,0.0
2014-07-21 00:00:00+08:00,13.69399788436283,13.985924962655227,13.69399788436283,13.747076034545898,189989,0.0,0.0
2014-07-22 00:00:00+08:00,13.906310860575008,14.118621302428153,13.720540048268004,13.800155639648438,190375,0.0,0.0
2014-07-23 00:00:00+08:00,13.800155639648438,13.800155639648438,13.800155639648438,13.800155639648438,0,0.0,0.0
2014-07-24 00:00:00+08:00,13.985927406105786,13.985927406105786,13.800155496637935,13.879772186279297,171533,0.0,0.0
2014-07-25 00:00:00+08:00,13.800155840721864,14.092082977294924,13.800155840721864,14.092082977294922,335472,0.0,0.0
2014-07-28 00:00:00+08:00,14.224777026682286,14.861707275692774,13.932849884033205,13.932849884033203,848980,0.0,0.0
2014-07-29 00:00:00+08:00,14.039001295187992,14.092079442654338,13.481687890848645,13.587841987609863,450564,0.0,0.0
2014-07-30 00:00:00+08:00,13.667461714018813,13.720539873348418,13.561306494445587,13.694000244140625,133535,0.0,0.0
2014-07-31 00:00:00+08:00,13.72053813934326,13.959387078425735,13.693998513489552,13.720538139343262,80338,0.0,0.0
2014-08-01 00:00:00+08:00,13.402072464834244,13.640921402918037,13.402072464834244,13.53476619720459,136590,0.0,0.0
2014-08-04 00:00:00+08:00,13.69399788436283,13.95938643710659,13.667459358814192,13.747076034545898,91750,0.0,0.0
2014-08-05 00:00:00+08:00,13.747076666111125,13.853231872268431,13.561304780564383,13.720538139343262,99880,0.0,0.0
2014-08-06 00:00:00+08:00,13.69399973902862,13.69399973902862,13.455150778570454,13.481690406799316,191075,0.0,0.0
2014-08-07 00:00:00+08:00,13.481690406799315,13.853233112058026,13.481690406799315,13.481690406799316,132992,0.0,0.0
2014-08-08 00:00:00+08:00,13.508227121104587,13.508227121104587,12.791680335998535,12.791680335998535,234105,0.0,0.0
2014-08-11 00:00:00+08:00,12.897837957175549,13.110148399798636,12.738605674751232,12.924376487731934,348494,0.0,0.0
2014-08-12 00:00:00+08:00,13.003992025805005,13.110147237706883,12.73860454559326,12.738604545593262,176072,0.0,0.0
2014-08-13 00:00:00+08:00,12.897835731506346,13.057069085539124,12.844758679552628,12.897835731506348,219301,0.0,0.0
2014-08-14 00:00:00+08:00,12.738603781889092,13.05706939850209,12.738603781889092,12.844758987426758,212787,0.0,0.0
2014-08-15 00:00:00+08:00,12.87129907032764,13.057070977251973,12.632450103759766,12.632450103759766,283681,0.0,0.0
2014-08-18 00:00:00+08:00,12.579372277283394,12.977453497601012,12.49975559358551,12.738604545593262,231643,0.0,0.0
2014-08-19 00:00:00+08:00,12.73860454559326,12.950914969397017,12.68552639009937,12.738604545593262,184598,0.0,0.0
2014-08-20 00:00:00+08:00,12.844760540505868,12.844760540505868,12.605911573937995,12.632450103759766,129192,0.0,0.0
2014-08-21 00:00:00+08:00,12.685526847839355,12.738605005248498,12.526294573783808,12.685526847839355,121593,0.0,0.0
2014-08-22 00:00:00+08:00,12.791680528513098,12.977452408522735,12.71206385149671,12.897835731506348,286370,0.0,0.0
2014-08-25 00:00:00+08:00,13.010482697501416,13.06680580996414,12.897837638854982,12.89783763885498,177504,1.289547,0.0
2014-08-26 00:00:00+08:00,12.897837638854982,12.925999778225851,12.841515692671273,12.89783763885498,129192,0.0,0.0
2014-08-27 00:00:00+08:00,13.038641608623402,13.038641608623402,12.869674630514202,12.925997734069824,74926,0.0,0.0
2014-08-28 00:00:00+08:00,13.066805900940807,13.601867892248425,12.982321814798013,13.010482788085938,121593,0.0,0.0
2014-08-29 00:00:00+08:00,13.094965992362635,13.23577201559885,13.010481911909329,13.038642883300781,105309,0.0,0.0
2014-09-01 00:00:00+08:00,13.066804248837038,13.348416278668651,13.066804248837038,13.179448127746582,133535,0.0,0.0
2014-09-02 00:00:00+08:00,13.03864166141045,13.1231257339465,12.869674682617188,12.869674682617188,141134,0.0,0.0
2014-09-03 00:00:00+08:00,12.954158702708218,13.038641608623402,12.869674630514202,12.925997734069824,86884,0.0,0.0
2014-09-04 00:00:00+08:00,12.897835651369592,12.897835651369592,12.869674682617188,12.869674682617188,74910,0.0,0.0
2014-09-05 00:00:00+08:00,12.785191479787349,12.954159636353422,12.728869538451267,12.841514587402344,134620,0.0,0.0
2014-09-09 00:00:00+08:00,12.95415981446722,13.207610886522252,12.869675735022565,12.982320785522461,111822,0.0,0.0
2014-09-10 00:00:00+08:00,12.897837638854982,12.98232172440956,12.841515692671273,12.89783763885498,58275,0.0,0.0
2014-09-11 00:00:00+08:00,13.010482697501416,13.03864367059327,12.897837638854982,12.89783763885498,80338,0.0,0.0
2014-09-12 00:00:00+08:00,13.06680580996414,13.094966783055996,12.897837638854982,12.89783763885498,81423,0.0,0.0
2014-09-15 00:00:00+08:00,12.954159636353422,12.954159636353422,12.813353616734304,12.841514587402344,42451,0.0,0.0
2014-09-16 00:00:00+08:00,12.813354398782783,12.841515371169596,12.672547204290744,12.700709342956543,74910,0.0,0.0
2014-09-17 00:00:00+08:00,12.785192260116984,12.925999454609023,12.700709342956543,12.700709342956543,89112,0.0,0.0
2014-09-18 00:00:00+08:00,12.841514565197498,13.038642525811834,12.757030487060547,12.757030487060547,69481,0.0,0.0
2014-09-19 00:00:00+08:00,13.010482697501416,13.010482697501416,12.869676665763127,12.89783763885498,30487,0.0,0.0
2014-09-22 00:00:00+08:00,12.785192580208546,12.98232172440956,12.785192580208546,12.89783763885498,45597,0.0,0.0
2014-09-23 00:00:00+08:00,12.841515692671273,12.954160751317707,12.841515692671273,12.89783763885498,76672,0.0,0.0
2014-09-24 00:00:00+08:00,12.925999868222165,13.03864376137386,12.925999868222165,13.010482788085938,86852,0.0,0.0
2014-09-25 00:00:00+08:00,13.235771070697012,13.911640167236326,13.235771070697012,13.911640167236328,2412494,0.0,0.0
2014-09-26 00:00:00+08:00,13.742673486140415,13.742673486140415,13.235771361046444,13.376577377319336,1095993,0.0,0.0
2014-09-29 00:00:00+08:00,13.517385232462837,13.630030294060877,13.235773161607263,13.263934135437012,306400,0.0,0.0
2014-09-30 00:00:00+08:00,13.179450915564582,13.404741053596512,12.982322919495985,13.151289939880371,267070,0.0,0.0
2014-10-01 00:00:00+08:00,13.010483895180196,13.179450915564582,12.982322919495985,13.151289939880371,133643,0.0,0.0
2014-10-02 00:00:00+08:00,12.897836097914968,13.179448127746584,12.897836097914968,13.179448127746582,91482,0.0,0.0
2014-10-03 00:00:00+08:00,13.179449023312635,13.320255047796453,13.179449023312635,13.235772132873535,90109,0.0,0.0
2014-10-06 00:00:00+08:00,13.179448906536996,13.23577201559885,13.038642883300783,13.038642883300781,59893,0.0,0.0
2014-10-07 00:00:00+08:00,12.98232172440956,12.98232172440956,12.841515692671273,12.89783763885498,192616,0.0,0.0
2014-10-08 00:00:00+08:00,12.841514509009311,12.95415955727273,12.78519140173815,12.813353538513184,110736,0.0,0.0
2014-10-09 00:00:00+08:00,12.81335577244331,12.81335577244331,12.165647506713867,12.165647506713867,211257,0.0,0.0
2014-10-13 00:00:00+08:00,11.855870642199013,11.940354715910122,11.32080872962483,11.433452606201172,402574,0.0,0.0
2014-10-14 00:00:00+08:00,11.320809364318848,11.517937325658153,11.264486256594106,11.320809364318848,159032,0.0,0.0
2014-10-15 00:00:00+08:00,11.26448807296412,11.433455090826014,11.180005147172725,11.208166122436523,106393,0.0,0.0
2014-10-16 00:00:00+08:00,11.208163958638234,11.208163958638234,10.447810775631456,10.813905715942383,235586,0.0,0.0
2014-10-17 00:00:00+08:00,10.813907144395298,11.067359405155976,10.475973129272461,10.475973129272461,176961,0.0,0.0
2014-10-20 00:00:00+08:00,10.644939593894915,10.813906592838268,10.644939593894915,10.785745620727539,85766,0.0,0.0
2014-10-21 00:00:00+08:00,10.757583847968206,11.067358016967773,10.757583847968206,11.067358016967773,103267,0.0,0.0
2014-10-22 00:00:00+08:00,11.067358427011099,11.433453383325139,11.067358427011099,11.292647361755371,121681,0.0,0.0
2014-10-23 00:00:00+08:00,11.29264738248862,11.377131462097168,11.26448641137875,11.377131462097168,33655,0.0,0.0
2014-10-24 00:00:00+08:00,11.32081118977082,11.489778207632716,11.208166122436523,11.208166122436523,46896,0.0,0.0
2014-10-27 00:00:00+08:00,11.23632601575871,11.23632601575871,10.926551818847656,10.926551818847656,55368,0.0,0.0
2014-10-28 00:00:00+08:00,11.067357992764535,11.095518962717758,10.926550810440645,10.982873916625977,87123,0.0,0.0
2014-10-29 00:00:00+08:00,11.095521046851868,11.180005138859547,10.98287597960133,11.123682022094727,78166,0.0,0.0
2014-10-30 00:00:00+08:00,11.12368003607193,11.18000314278082,11.095519065856934,11.095519065856934,32678,0.0,0.0
2014-10-31 00:00:00+08:00,11.180003344425367,11.489776354935241,11.180003344425367,11.320809364318848,114028,0.0,0.0
2014-11-03 00:00:00+08:00,11.377130667913,11.489775710768196,11.348969698768915,11.433452606201172,46696,0.0,0.0
2014-11-04 00:00:00+08:00,11.433453404316909,11.574259426145197,11.348970490987297,11.377131462097168,43426,0.0,0.0
2014-11-05 00:00:00+08:00,11.264485546297237,11.74322551723593,11.18000263945568,11.405291557312012,85766,0.0,0.0
2014-11-06 00:00:00+08:00,11.433453404316909,11.489776512815585,11.151841360660333,11.377131462097168,109663,0.0,0.0
2014-11-07 00:00:00+08:00,11.039197148000431,11.320810379315063,11.039197148000431,11.264487266540527,159590,0.0,0.0
2014-11-10 00:00:00+08:00,11.264487266540527,11.43345427230609,11.264487266540527,11.264487266540527,118336,0.0,0.0
2014-11-11 00:00:00+08:00,11.264487266540527,11.377132325810576,11.264487266540527,11.264487266540527,35826,0.0,0.0
2014-11-12 00:00:00+08:00,11.18000316619873,11.18000316619873,11.15184102964585,11.18000316619873,20762,0.0,0.0
2014-11-13 00:00:00+08:00,11.208164315148279,11.320809364318848,11.208164315148279,11.320809364318848,45629,0.0,0.0
2014-11-14 00:00:00+08:00,11.292648254036724,11.348971366882324,11.264487280753436,11.348971366882324,17370,0.0,0.0
2014-11-17 00:00:00+08:00,11.26448607702068,11.348970154121528,11.18000316619873,11.18000316619873,30615,0.0,0.0
2014-11-18 00:00:00+08:00,11.236324978762765,11.236324978762765,10.926550810440645,10.982873916625977,52111,0.0,0.0
2014-11-19 00:00:00+08:00,11.151842025512723,11.151842025512723,11.039196968078613,11.039196968078613,45038,0.0,0.0
2014-11-20 00:00:00+08:00,11.15184220727048,11.264487266540527,11.15184220727048,11.264487266540527,35280,0.0,0.0
2014-11-21 00:00:00+08:00,11.264487280753436,11.546099346144368,11.264487280753436,11.348971366882324,57539,0.0,0.0
2014-11-24 00:00:00+08:00,11.34897135256282,11.34897135256282,11.264487266540527,11.264487266540527,30398,0.0,0.0
2014-11-25 00:00:00+08:00,11.292648239788285,11.34897135256282,11.264487266540527,11.264487266540527,30409,0.0,0.0
2014-11-26 00:00:00+08:00,11.26448641137875,11.517937483925454,11.26448641137875,11.377131462097168,174790,0.0,0.0
2014-11-27 00:00:00+08:00,11.433455090826014,11.433455090826014,11.180005147172725,11.208166122436523,123764,0.0,0.0
2014-11-28 00:00:00+08:00,11.208166122436523,11.236327097700322,11.180005147172725,11.208166122436523,39083,0.0,0.0
2014-12-01 00:00:00+08:00,11.039197148000431,11.264487266540527,11.039197148000431,11.264487266540527,62967,0.0,0.0
2014-12-02 00:00:00+08:00,11.208166122436523,11.208166122436523,11.208166122436523,11.208166122436523,110736,0.0,0.0
2014-12-03 00:00:00+08:00,11.433452606201172,11.433452606201172,11.433452606201172,11.433452606201172,217130,0.0,0.0
2014-12-04 00:00:00+08:00,11.489775657653809,11.489775657653809,11.489775657653809,11.489775657653809,128107,0.0,0.0
2014-12-05 00:00:00+08:00,11.54609872784353,11.658743781223494,11.54609872784353,11.630582809448242,117049,0.0,0.0
2014-12-08 00:00:00+08:00,11.827710916275588,11.827710916275588,11.602420806884766,11.602420806884766,79504,0.0,0.0
2014-12-09 00:00:00+08:00,11.546098709106445,11.630582790574056,11.546098709106445,11.546098709106445,59822,0.0,0.0
2014-12-10 00:00:00+08:00,11.546097675752167,11.546097675752167,11.377130694218131,11.517936706542969,45712,0.0,0.0
2014-12-11 00:00:00+08:00,11.377131482677594,11.546098475921402,11.377131482677594,11.461615562438965,22972,0.0,0.0
2014-12-12 00:00:00+08:00,11.461614741624109,11.546097649056367,11.433452606201172,11.433452606201172,18511,0.0,0.0
2014-12-15 00:00:00+08:00,11.32080872962483,11.546097649056367,11.292646594201893,11.433452606201172,56671,0.0,0.0
2014-12-16 00:00:00+08:00,11.405292453838406,11.827710520087393,11.377131482677594,11.461615562438965,203008,0.0,0.0
2014-12-17 00:00:00+08:00,11.602417984166195,11.799547073493944,11.546096053660374,11.686902046203613,204185,0.0,0.0
2014-12-18 00:00:00+08:00,11.7150658758354,12.503580093383789,11.7150658758354,12.503580093383789,504195,0.0,0.0
2014-12-19 00:00:00+08:00,12.503579663688903,12.700708794440997,12.165645677083791,12.193806648254395,663391,0.0,0.0
2014-12-22 00:00:00+08:00,12.193805774316948,12.41909586009297,12.10932286686008,12.221966743469238,108706,0.0,0.0
2014-12-23 00:00:00+08:00,12.221967639881777,12.362773662249406,12.1656456974463,12.278290748596191,116655,0.0,0.0
2014-12-24 00:00:00+08:00,12.306451719813928,12.44725774218156,12.193806668664038,12.278290748596191,127021,0.0,0.0
2014-12-25 00:00:00+08:00,12.278289848052669,12.278289848052669,12.165644805164659,12.221966743469238,115111,0.0,0.0
2014-12-26 00:00:00+08:00,12.221966743469238,12.362772755509539,12.165644805164659,12.221966743469238,44545,0.0,0.0
2014-12-29 00:00:00+08:00,12.390934612727554,12.447257721347697,12.193806648254395,12.193806648254395,81423,0.0,0.0
2014-12-30 00:00:00+08:00,12.278289848052669,12.30645081720496,12.193805774316948,12.221966743469238,67310,0.0,0.0
2014-12-31 00:00:00+08:00,12.22196945752551,12.22196945752551,12.137486531308046,12.165647506713867,70675,0.0,0.0
2015-01-05 00:00:00+08:00,12.390935544356502,13.010482788085938,12.390935544356502,13.010482788085938,558788,0.0,0.0
2015-01-06 00:00:00+08:00,12.616224412482476,12.897836450001567,12.616224412482476,12.813353538513184,679868,0.0,0.0
2015-01-07 00:00:00+08:00,13.179449269980571,13.686351434121125,13.179449269980571,13.404739379882812,2388951,0.0,0.0
2015-01-08 00:00:00+08:00,13.17945004766872,13.432901144694547,13.17945004766872,13.263934135437012,749100,0.0,0.0
2015-01-09 00:00:00+08:00,13.263933258683563,13.404739284803993,13.123127232563132,13.292094230651855,316549,0.0,0.0
2015-01-12 00:00:00+08:00,13.404738218123425,13.432899187850811,13.179448127746584,13.179448127746582,250785,0.0,0.0
2015-01-13 00:00:00+08:00,13.235770912738566,13.320253819873455,13.03864179686613,13.066803932189941,250872,0.0,0.0
2015-01-14 00:00:00+08:00,13.292093172935004,13.630028308500266,13.12312618829181,13.179448127746582,670732,0.0,0.0
2015-01-15 00:00:00+08:00,13.123126055702608,13.207610130310059,13.038641981095155,13.207610130310059,157799,0.0,0.0
2015-01-16 00:00:00+08:00,13.15128759730862,13.15128759730862,12.841514587402344,12.841514587402344,213066,0.0,0.0
2015-01-19 00:00:00+08:00,13.066804535079383,13.094965505423664,12.559901237487791,12.559901237487793,162903,0.0,0.0
2015-01-20 00:00:00+08:00,12.616225663217937,13.010482788085938,12.559902550363066,13.010482788085938,244403,0.0,0.0
2015-01-21 00:00:00+08:00,12.954158755153236,12.954158755153236,12.813352745112377,12.869674682617188,75995,0.0,0.0
2015-01-22 00:00:00+08:00,12.588062476536733,13.151286508378083,12.588062476536733,12.72886848449707,99880,0.0,0.0
2015-01-23 00:00:00+08:00,12.897836450001567,12.897836450001567,12.672546353474731,12.813353538513184,129192,0.0,0.0
2015-01-26 00:00:00+08:00,13.630028951187661,13.630028951187661,12.95415981446722,12.982320785522461,623341,0.0,0.0
2015-01-27 00:00:00+08:00,13.03864166141045,13.094964765194096,12.841513713864781,12.869674682617188,123764,0.0,0.0
2015-01-28 00:00:00+08:00,12.841513661875808,13.010480639985008,12.841513661875808,12.925997734069824,74910,0.0,0.0
2015-01-29 00:00:00+08:00,12.925997786400831,12.925997786400831,12.841513713864781,12.869674682617188,67310,0.0,0.0
2015-01-30 00:00:00+08:00,12.925999778225851,13.12312775614785,12.897837638854982,12.89783763885498,104331,0.0,0.0
2015-02-02 00:00:00+08:00,12.841515692671273,13.03864367059327,12.841515692671273,12.89783763885498,55368,0.0,0.0
2015-02-03 00:00:00+08:00,12.954158755153236,13.010480692658046,12.869674682617188,12.869674682617188,65334,0.0,0.0
2015-02-04 00:00:00+08:00,12.925997734069822,12.954158702708218,12.841513661875808,12.925997734069824,66224,0.0,0.0
2015-02-05 00:00:00+08:00,12.925999778225851,12.954160751317707,12.869676665763127,12.89783763885498,63486,0.0,0.0
2015-02-06 00:00:00+08:00,13.010482697501416,13.03864367059327,12.785192580208546,12.89783763885498,113993,0.0,0.0
2015-02-09 00:00:00+08:00,12.8133525557848,12.841513524121105,12.72886848449707,12.72886848449707,49960,0.0,0.0
2015-02-10 00:00:00+08:00,12.728871409963505,12.785193359580541,12.559903228554223,12.672548294067383,82509,0.0,0.0
2015-02-11 00:00:00+08:00,12.503579296799227,12.757030362455572,12.503579296799227,12.559901237487793,49940,0.0,0.0
2015-02-12 00:00:00+08:00,12.559901237487791,12.64438531479954,12.503579296799227,12.559901237487793,52111,0.0,0.0
2015-02-13 00:00:00+08:00,12.55990203766054,12.588064176077893,12.503580093383789,12.503580093383789,71653,0.0,0.0
2015-02-24 00:00:00+08:00,12.588063318720064,12.61622428894043,12.503579241780068,12.61622428894043,47889,0.0,0.0
2015-02-25 00:00:00+08:00,12.616223254287847,12.616223254287847,12.390933178443092,12.588062286376953,163933,0.0,0.0
2015-02-26 00:00:00+08:00,12.588062286376953,12.644384222198742,12.559900152187257,12.588062286376953,21713,0.0,0.0
2015-03-02 00:00:00+08:00,12.531739870857027,12.531739870857027,12.39093385730937,12.419095993041992,93496,0.0,0.0
2015-03-03 00:00:00+08:00,12.50357890140327,12.50357890140327,12.024838921852778,12.419095993041992,94451,0.0,0.0
2015-03-04 00:00:00+08:00,12.559901158766412,12.559901158766412,12.250129320641951,12.531740188598633,112143,0.0,0.0
2015-03-05 00:00:00+08:00,12.531741065522164,12.531741065522164,12.334613094274555,12.503580093383789,95685,0.0,0.0
2015-03-06 00:00:00+08:00,12.728869336100793,12.728869336100793,12.559901182220802,12.61622428894043,47768,0.0,0.0
2015-03-09 00:00:00+08:00,12.644386120354646,12.644386120354646,12.447258149107036,12.503580093383789,53207,0.0,0.0
2015-03-10 00:00:00+08:00,12.475419121245412,12.531741065522164,12.475419121245412,12.503580093383789,42345,0.0,0.0
2015-03-11 00:00:00+08:00,12.503578405249003,12.841513524121105,12.39093336562497,12.72886848449707,462693,0.0,0.0
2015-03-12 00:00:00+08:00,12.841516475476665,12.869677450285183,12.644387319258863,12.672548294067383,96623,0.0,0.0
2015-03-13 00:00:00+08:00,13.517384434833932,13.545545407001969,13.34841743554674,13.404739379882812,2154516,0.0,0.0
2015-03-16 00:00:00+08:00,13.404739379882812,13.404739379882812,13.404739379882812,13.404739379882812,0,0.0,0.0
2015-03-17 00:00:00+08:00,13.573706282892715,13.79899639119699,13.292094230651855,13.292094230651855,523843,0.0,0.0
2015-03-18 00:00:00+08:00,13.517384434833932,13.517384434833932,13.320255297099727,13.404739379882812,168428,0.0,0.0
2015-03-19 00:00:00+08:00,13.573707420366233,13.63003053530165,13.404740408118114,13.432901382446289,359356,0.0,0.0
2015-03-20 00:00:00+08:00,13.432900581253215,13.60186758342345,13.404739608604674,13.489222526550293,190114,0.0,0.0
2015-03-23 00:00:00+08:00,13.461061418105883,13.686351529579458,13.461061418105883,13.51738452911377,292370,0.0,0.0
2015-03-24 00:00:00+08:00,13.601864847866604,13.77083298233359,13.517381946911874,13.686348915100098,276143,0.0,0.0
2015-03-25 00:00:00+08:00,13.714512640296606,13.770835751872683,13.461061553901754,13.489222526550293,242542,0.0,0.0
2015-03-26 00:00:00+08:00,13.489221770223365,13.742674008686405,13.461060799153783,13.71451187133789,118336,0.0,0.0
2015-03-27 00:00:00+08:00,13.714512640296606,13.827157697169763,13.489222526550293,13.489222526550293,163933,0.0,0.0
2015-03-30 00:00:00+08:00,13.517384757261985,13.855319930176062,13.489222618143225,13.60186767578125,180544,0.0,0.0
2015-03-31 00:00:00+08:00,13.60186735133804,13.630029489785054,13.292094324931691,13.404739379882812,158548,0.0,0.0
2015-04-01 00:00:00+08:00,13.573706379170005,13.573706379170005,13.320255297099727,13.404739379882812,99957,0.0,0.0
2015-04-02 00:00:00+08:00,13.517384665477831,13.658190694999526,13.404739608604674,13.489222526550293,139399,0.0,0.0
2015-04-07 00:00:00+08:00,13.34841743554674,13.630029489785054,13.34841743554674,13.404739379882812,153340,0.0,0.0
2015-04-08 00:00:00+08:00,13.34841775394445,13.60186767578125,13.34841775394445,13.60186767578125,156335,0.0,0.0
2015-04-09 00:00:00+08:00,13.658190787739766,13.686351760579521,13.489222618143225,13.60186767578125,90134,0.0,0.0
2015-04-10 00:00:00+08:00,13.658188791996864,13.742672864450268,13.461059678365194,13.573704719543457,115093,0.0,0.0
2015-04-13 00:00:00+08:00,13.573706808328785,13.798996925354004,13.461061749816174,13.798996925354004,168482,0.0,0.0
2015-04-14 00:00:00+08:00,13.798997251790256,14.334060417673628,13.742675304341077,14.080609321594238,521355,0.0,0.0
2015-04-15 00:00:00+08:00,14.418544248002995,14.418544248002995,14.024288258441,14.136933326721191,222667,0.0,0.0
2015-04-16 00:00:00+08:00,14.136933326721191,14.30590034600192,14.108771184941807,14.136933326721191,128107,0.0,0.0
2015-04-17 00:00:00+08:00,14.165093180831084,14.165093180831084,13.911642088835082,13.996126174926758,149931,0.0,0.0
2015-04-20 00:00:00+08:00,14.08060809456164,14.08060809456164,13.74267410675721,13.827157020568848,121594,0.0,0.0
2015-04-21 00:00:00+08:00,13.855317905628533,13.855317905628533,13.517382782093742,13.573704719543457,173512,0.0,0.0
2015-04-22 00:00:00+08:00,13.573705572241423,13.573705572241423,13.432899553492891,13.461060523986816,104364,0.0,0.0
2015-04-23 00:00:00+08:00,13.517383631253573,13.63002867950818,13.461060523986816,13.461060523986816,66224,0.0,0.0
2015-04-24 00:00:00+08:00,13.461062356774464,13.63003053530165,13.432901382446289,13.432901382446289,199915,0.0,0.0
2015-04-27 00:00:00+08:00,13.46106028731574,13.517383393592231,13.376577377319338,13.376577377319336,121267,0.0,0.0
2015-04-28 00:00:00+08:00,13.376578157357352,13.404739128998324,13.179449023312635,13.235772132873535,202630,0.0,0.0
2015-04-29 00:00:00+08:00,13.235772035658057,13.29209397852632,13.12312698364258,13.123126983642578,120583,0.0,0.0
2015-04-30 00:00:00+08:00,13.151289939880371,13.292095984580547,13.151289939880371,13.151289939880371,68520,0.0,0.0
2015-05-04 00:00:00+08:00,13.29209397852632,13.29209397852632,13.12312698364258,13.123126983642578,70567,0.0,0.0
2015-05-05 00:00:00+08:00,13.151287955076711,13.151287955076711,13.12312698364258,13.123126983642578,25114,0.0,0.0
2015-05-06 00:00:00+08:00,13.123126963754089,13.123126963754089,12.982320940517875,13.038642883300781,82650,0.0,0.0
2015-05-07 00:00:00+08:00,13.235772035658057,13.4047390305418,13.12312698364258,13.123126983642578,112907,0.0,0.0
2015-05-08 00:00:00+08:00,13.292095984580547,13.292095984580547,13.12312896419616,13.151289939880371,71708,0.0,0.0
2015-05-11 00:00:00+08:00,13.376578783533029,13.376578783533029,12.954160690307619,12.954160690307617,230158,0.0,0.0
2015-05-12 00:00:00+08:00,12.672547740228836,12.700709880085649,12.053001656401607,12.306452751159668,770867,0.0,0.0
2015-05-13 00:00:00+08:00,12.334612691031667,12.390934633467145,12.221967639881777,12.278290748596191,167190,0.0,0.0
2015-05-14 00:00:00+08:00,12.278289298782168,12.278289298782168,11.743225077430555,11.884032249450684,308543,0.0,0.0
2015-05-15 00:00:00+08:00,11.912196168815736,11.99668025970459,11.884035193945815,11.99668025970459,71895,0.0,0.0
2015-05-18 00:00:00+08:00,11.996679397597372,12.10932445526123,11.855872200808296,12.10932445526123,42397,0.0,0.0
2015-05-19 00:00:00+08:00,12.10932445526123,12.165646400953658,12.024840370443586,12.10932445526123,66334,0.0,0.0
2015-05-20 00:00:00+08:00,12.250130804004115,12.306452751159668,12.221968664147303,12.306452751159668,74995,0.0,0.0
2015-05-21 00:00:00+08:00,12.306451699215744,12.306451699215744,12.109323734742585,12.193806648254395,73824,0.0,0.0
2015-05-22 00:00:00+08:00,12.193806822233563,12.334612846374512,12.193806822233563,12.334612846374512,60851,0.0,0.0
2015-05-25 00:00:00+08:00,12.334612691031667,12.334612691031667,12.193806668664038,12.278290748596191,33655,0.0,0.0
2015-05-26 00:00:00+08:00,12.109324769836196,12.362774698315222,12.109324769836196,12.306452751159668,38439,0.0,0.0
2015-05-27 00:00:00+08:00,12.44725774218156,12.475418713399296,12.278290748596191,12.278290748596191,51025,0.0,0.0
2015-05-28 00:00:00+08:00,12.390936476239549,12.390936476239549,12.165647506713867,12.165647506713867,62967,0.0,0.0
2015-05-29 00:00:00+08:00,12.22196945752551,12.278292574616264,12.165647506713867,12.165647506713867,17370,0.0,0.0
2015-06-01 00:00:00+08:00,12.10932445526123,12.165646400953658,12.10932445526123,12.10932445526123,26120,0.0,0.0
2015-06-02 00:00:00+08:00,12.221968346646085,12.334613404309945,12.10932445526123,12.10932445526123,19765,0.0,0.0
2015-06-03 00:00:00+08:00,12.109325325463365,12.109325325463365,11.99668025970459,11.99668025970459,21713,0.0,0.0
2015-06-04 00:00:00+08:00,11.996677024910696,12.052998959463846,11.546096883370396,11.574257850646973,91194,0.0,0.0
2015-06-05 00:00:00+08:00,11.26448565110249,11.77138776198345,11.26448565110249,11.517936706542969,58934,0.0,0.0
2015-06-08 00:00:00+08:00,11.32080954035597,11.546098475921402,11.32080954035597,11.461615562438965,65139,0.0,0.0
2015-06-09 00:00:00+08:00,11.405293113169716,11.46161622502627,11.039196968078613,11.039196968078613,283463,0.0,0.0
2015-06-10 00:00:00+08:00,11.039197058948218,11.26448717567092,11.039197058948218,11.15184211730957,73824,0.0,0.0
2015-06-11 00:00:00+08:00,11.208166122436523,11.26448807296412,11.208166122436523,11.208166122436523,106602,0.0,0.0
2015-06-12 00:00:00+08:00,11.208166122436523,11.26448807296412,11.123682030366023,11.208166122436523,83595,0.0,0.0
2015-06-15 00:00:00+08:00,11.264486053425808,11.292647023640805,11.095519065856934,11.095519065856934,95917,0.0,0.0
2015-06-16 00:00:00+08:00,11.095519065856934,11.151841006286928,11.095519065856934,11.095519065856934,85223,0.0,0.0
2015-06-17 00:00:00+08:00,11.095520260774967,11.377132325810576,11.095520260774967,11.264487266540527,116164,0.0,0.0
2015-06-18 00:00:00+08:00,11.292648163767728,11.320810303104922,11.236326217651367,11.236326217651367,47872,0.0,0.0
2015-06-22 00:00:00+08:00,11.292647361755371,11.433453383325139,11.264486390697202,11.292647361755371,38057,0.0,0.0
2015-06-23 00:00:00+08:00,11.48977691846833,11.88403402676278,11.3208099195647,11.602420806884766,119421,0.0,0.0
2015-06-24 00:00:00+08:00,11.489775630432412,11.57425853727397,11.377130588364825,11.405291557312012,30398,0.0,0.0
2015-06-25 00:00:00+08:00,11.433452526259197,11.461614661485227,11.405291557312012,11.405291557312012,19543,0.0,0.0
2015-06-26 00:00:00+08:00,11.489776512815585,11.489776512815585,11.320809519877425,11.377131462097168,45673,0.0,0.0
2015-06-29 00:00:00+08:00,11.348972165034619,11.377133140298417,11.095521055102225,11.208166122436523,57541,0.0,0.0
2015-06-30 00:00:00+08:00,11.208165229629751,11.208165229629751,11.15184211730957,11.15184211730957,35175,0.0,0.0
2015-07-01 00:00:00+08:00,11.151840582202613,11.433452606201172,11.123679613058528,11.433452606201172,98794,0.0,0.0
2015-07-02 00:00:00+08:00,11.602419533709426,11.602419533709426,11.433452553347152,11.489775657653809,57875,0.0,0.0
2015-07-03 00:00:00+08:00,11.433453383325139,11.433453383325139,11.264486390697202,11.292647361755371,20627,0.0,0.0
2015-07-06 00:00:00+08:00,11.264486390697202,11.32080949909247,11.1800034775227,11.292647361755371,48854,0.0,0.0
2015-07-07 00:00:00+08:00,11.320810379315063,11.405293299058334,11.264487266540527,11.264487266540527,16284,0.0,0.0
2015-07-08 00:00:00+08:00,11.32081009969427,11.32081009969427,10.870229873743279,10.926551818847656,194331,0.0,0.0
2015-07-09 00:00:00+08:00,10.926550810440645,10.982873916625978,10.757583824442415,10.982873916625977,130278,0.0,0.0
2015-07-10 00:00:00+08:00,10.982873916625978,10.982873916625978,10.982873916625978,10.982873916625977,0,0.0,0.0
2015-07-13 00:00:00+08:00,10.982874018718052,11.151841006286928,10.982874018718052,11.095519065856934,98794,0.0,0.0
2015-07-14 00:00:00+08:00,11.208165137369278,11.208165137369278,11.039196968078613,11.039196968078613,57539,0.0,0.0
2015-07-15 00:00:00+08:00,11.208164112995815,11.208164112995815,10.982874018718052,11.095519065856934,34740,0.0,0.0
2015-07-16 00:00:00+08:00,11.095519065856934,11.236325083210811,11.095519065856934,11.095519065856934,33655,0.0,0.0
2015-07-17 00:00:00+08:00,11.208164112995815,11.208164112995815,11.095519065856934,11.095519065856934,19541,0.0,0.0
2015-07-20 00:00:00+08:00,11.095519042259344,11.123680012414448,11.011034965515137,11.011034965515137,16284,0.0,0.0
2015-07-21 00:00:00+08:00,11.011034886579202,11.151840902624206,10.982873916625978,10.982873916625977,29801,0.0,0.0
2015-07-22 00:00:00+08:00,10.898389864321143,11.123679956997393,10.898389864321143,11.067358016967773,20627,0.0,0.0
2015-07-23 00:00:00+08:00,11.180003895393655,11.180003895393655,10.785745620727539,10.785745620727539,47768,0.0,0.0
2015-07-24 00:00:00+08:00,10.785744480885288,10.870228554568138,10.644938468933105,10.644938468933105,41254,0.0,0.0
2015-07-27 00:00:00+08:00,10.644939088402117,10.644939088402117,10.447811126708984,10.447811126708984,95783,0.0,0.0
2015-07-28 00:00:00+08:00,9.77194213433751,10.250683921050852,9.77194213433751,10.222521781921387,69481,0.0,0.0
2015-07-29 00:00:00+08:00,10.250683921050852,10.250683921050852,10.025393805689163,10.222521781921387,16284,0.0,0.0
2015-07-30 00:00:00+08:00,10.081715707597466,10.447811851900227,10.081715707597466,10.36332893371582,33976,0.0,0.0
2015-07-31 00:00:00+08:00,10.250682806110015,10.335165715472403,10.16619873046875,10.16619873046875,16284,0.0,0.0
2015-08-03 00:00:00+08:00,9.659295978308304,10.081714605008946,9.659295978308304,9.997230529785156,74910,0.0,0.0
2015-08-04 00:00:00+08:00,9.96906956013685,10.025392665712335,9.96906956013685,9.997230529785156,34740,0.0,0.0
2015-08-05 00:00:00+08:00,9.969069531615425,10.13803768157959,9.969069531615425,10.13803768157959,18472,0.0,0.0
2015-08-06 00:00:00+08:00,10.13803972789575,10.13803972789575,10.081716611112846,10.109877586364746,9770,0.0,0.0
2015-08-07 00:00:00+08:00,10.13803768157959,10.250682726129408,10.13803768157959,10.13803768157959,16284,0.0,0.0
2015-08-10 00:00:00+08:00,10.138037525672559,10.673099438067773,10.138037525672559,10.644938468933105,45597,0.0,0.0
2015-08-11 00:00:00+08:00,10.58861742176275,10.757584417069237,10.58861742176275,10.701262474060059,20627,0.0,0.0
2015-08-12 00:00:00+08:00,10.588618189739751,10.64494013683388,10.475973129272461,10.475973129272461,11942,0.0,0.0
2015-08-13 00:00:00+08:00,10.419651182178333,10.532296242645623,10.307006121711044,10.475973129272461,51025,0.0,0.0
2015-08-14 00:00:00+08:00,10.475972119108672,10.616778139545561,10.419650177445485,10.532295227050781,67404,0.0,0.0
2015-08-17 00:00:00+08:00,10.560455402444342,10.785744318406728,10.560455402444342,10.588616371154785,59710,0.0,0.0
2015-08-18 00:00:00+08:00,10.53229459239444,10.644938468933105,10.53229459239444,10.644938468933105,59710,0.0,0.0
2015-08-19 00:00:00+08:00,10.64493998289166,10.64493998289166,10.391490058354327,10.41965103149414,80891,0.0,0.0
2015-08-20 00:00:00+08:00,10.138037372951182,10.588616371154785,10.138037372951182,10.588616371154785,203471,0.0,0.0
2015-08-21 00:00:00+08:00,9.876516780502126,10.18612532838247,9.845555541046672,9.907477378845215,294219,1.565878,0.0
2015-08-24 00:00:00+08:00,9.721711120023116,9.721711120023116,8.916729213702336,8.97865104675293,348928,0.0,0.0
2015-08-25 00:00:00+08:00,8.916730982675748,9.50498755169103,8.669043601335138,9.288261413574219,151991,0.0,0.0
2015-08-26 00:00:00+08:00,9.102494883846921,9.474025248017469,9.07153364618385,9.350181579589844,17438,0.0,0.0
2015-08-27 00:00:00+08:00,9.412104274348012,9.659790992736816,9.412104274348012,9.659790992736816,43426,0.0,0.0
2015-08-28 00:00:00+08:00,9.659790944120205,10.031321340389738,9.659790944120205,9.814595222473145,34740,0.0,0.0
2015-08-31 00:00:00+08:00,9.9074776305417,9.9074776305417,9.659790914167491,9.721712112426758,28226,0.0,0.0
2015-09-01 00:00:00+08:00,9.783634344360495,9.907477378845215,9.752673746017408,9.907477378845215,20637,0.0,0.0
2015-09-02 00:00:00+08:00,9.783634110276312,9.90747714179795,9.783634110276312,9.845555305480957,18456,0.0,0.0
2015-09-03 00:00:00+08:00,9.845556512242942,10.031322043963057,9.845556512242942,10.000361442565918,35826,0.0,0.0
2015-09-04 00:00:00+08:00,9.93843980384744,10.000361649032579,9.90747856069865,9.969400405883789,14146,0.0,0.0
2015-09-07 00:00:00+08:00,9.690752423106886,10.000361649032579,9.659791821070538,9.969400405883789,30398,0.0,0.0
2015-09-08 00:00:00+08:00,9.783635511440815,9.969400405883789,9.783635511440815,9.969400405883789,4342,0.0,0.0
2015-09-09 00:00:00+08:00,9.90747829812602,10.155165672302246,9.90747829812602,10.155165672302246,24970,0.0,0.0
2015-09-10 00:00:00+08:00,9.969398737079537,10.155164241539168,9.969398737079537,10.031320571899414,23916,0.0,0.0
2015-09-11 00:00:00+08:00,10.093243455141623,10.155165941439204,9.969400405883789,9.969400405883789,16284,0.0,0.0
2015-09-14 00:00:00+08:00,10.588616725883709,10.588616725883709,10.06228204571159,10.093242645263672,120616,0.0,0.0
2015-09-15 00:00:00+08:00,10.155165731776465,10.155165731776465,10.000361442565918,10.000361442565918,35885,0.0,0.0
2015-09-16 00:00:00+08:00,10.093241729184932,10.186124801635742,10.062281132442884,10.186124801635742,19549,0.0,0.0
2015-09-17 00:00:00+08:00,10.30996938555743,10.371891225647735,10.279008786068472,10.340929985046387,42365,0.0,0.0
2015-09-18 00:00:00+08:00,10.402851497840818,10.619576969669657,10.402851497840818,10.588616371154785,72826,0.0,0.0
2015-09-21 00:00:00+08:00,10.526696658124605,10.650540351867676,10.495735414132609,10.650540351867676,30398,0.0,0.0
2015-09-22 00:00:00+08:00,10.650540351867676,10.836304610257363,10.650540351867676,10.650540351867676,30398,0.0,0.0
2015-09-23 00:00:00+08:00,10.650540351867676,10.712461557626751,10.650540351867676,10.650540351867676,30399,0.0,0.0
2015-09-24 00:00:00+08:00,10.588617863883682,10.650540351867676,10.495735414132609,10.650540351867676,32569,0.0,0.0
2015-09-25 00:00:00+08:00,10.619578810488214,10.805344357115512,10.619578810488214,10.743422508239746,61882,0.0,0.0
2015-09-29 00:00:00+08:00,10.743422508239746,10.743422508239746,10.743422508239746,10.743422508239746,0,0.0,0.0
2015-09-30 00:00:00+08:00,10.74342216050629,10.805344007377826,10.650540351867676,10.650540351867676,40169,0.0,0.0
2015-10-01 00:00:00+08:00,10.83630187402251,10.8672624690843,10.774380683898926,10.774380683898926,33655,0.0,0.0
2015-10-02 00:00:00+08:00,10.836303273315108,10.991107550838548,10.774382075195636,10.805342674255371,44511,0.0,0.0
2015-10-05 00:00:00+08:00,10.867264257817606,10.991107940673828,10.867264257817606,10.991107940673828,58625,0.0,0.0
2015-10-06 00:00:00+08:00,11.053029936140998,11.145913014746291,11.022069337347483,11.114951133728027,43426,0.0,0.0
2015-10-07 00:00:00+08:00,11.114951133728027,11.114951133728027,11.022069337347483,11.114951133728027,37997,0.0,0.0
2015-10-08 00:00:00+08:00,11.14591350591271,11.207834706228418,10.960147340515974,10.991107940673828,53196,0.0,0.0
2015-10-12 00:00:00+08:00,10.83630187402251,10.991106131556062,10.774380683898926,10.774380683898926,52111,0.0,0.0
2015-10-13 00:00:00+08:00,10.774381562092556,10.836302757263184,10.774381562092556,10.836302757263184,4342,0.0,0.0
2015-10-14 00:00:00+08:00,10.836302826212673,11.083990172920581,10.836302826212673,11.022068977355957,26066,0.0,0.0
2015-10-15 00:00:00+08:00,11.022068977355957,11.022068977355957,10.867263423994984,11.022068977355957,16284,0.0,0.0
2015-10-16 00:00:00+08:00,10.960146934778193,11.053030014038086,10.960146934778193,11.053030014038086,31494,0.0,0.0
2015-10-19 00:00:00+08:00,11.114951133728027,11.145913014746291,11.083990534934513,11.114951133728027,30181,0.0,0.0
2015-10-20 00:00:00+08:00,11.33167800089261,11.33167800089261,11.11495124276248,11.145913124084473,32689,0.0,0.0
2015-10-21 00:00:00+08:00,11.145913124084473,11.176873723181702,11.11495124276248,11.145913124084473,35826,0.0,0.0
2015-10-22 00:00:00+08:00,11.11495124276248,11.145913124084473,11.11495124276248,11.145913124084473,17533,0.0,0.0
2015-10-23 00:00:00+08:00,11.33167800089261,11.33167800089261,11.11495124276248,11.145913124084473,44511,0.0,0.0
2015-10-26 00:00:00+08:00,11.145913124084473,11.145913124084473,11.145913124084473,11.145913124084473,12050,0.0,0.0
2015-10-27 00:00:00+08:00,11.145913124084473,11.145913124084473,11.053030044568022,11.145913124084473,23884,0.0,0.0
2015-10-28 00:00:00+08:00,11.053029499475526,11.083990097045898,11.022068901905154,11.083990097045898,5558,0.0,0.0
2015-10-29 00:00:00+08:00,11.022068901905154,11.083990097045898,10.929185826969336,11.083990097045898,18456,0.0,0.0
2015-10-30 00:00:00+08:00,11.083990172920581,11.083990172920581,10.960146499566626,11.022068977355957,18511,0.0,0.0
2015-11-02 00:00:00+08:00,10.836303303783419,11.083990661407247,10.836303303783419,10.898225784301758,18541,0.0,0.0
2015-11-03 00:00:00+08:00,10.89822570614221,11.022069384065945,10.89822570614221,10.9601469039917,32569,0.0,0.0
2015-11-04 00:00:00+08:00,10.960146499566626,11.083990172920581,10.898225304002004,11.022068977355957,49940,0.0,0.0
2015-11-05 00:00:00+08:00,10.929185826969336,11.083990097045898,10.898225229398964,11.083990097045898,51070,0.0,0.0
2015-11-06 00:00:00+08:00,11.083990661407247,11.083990661407247,10.898225784301758,10.898225784301758,43426,0.0,0.0
2015-11-09 00:00:00+08:00,10.929185901784315,11.022068977355957,10.836302826212673,11.022068977355957,20639,0.0,0.0
2015-11-10 00:00:00+08:00,10.774380956171703,10.80534155201588,10.588615457769695,10.681498527526855,44783,0.0,0.0
2015-11-11 00:00:00+08:00,10.681499448924137,10.929186160380215,10.526695174125042,10.588616371154785,23070,0.0,0.0
2015-11-12 00:00:00+08:00,10.526694663126753,10.712459527423118,10.526694663126753,10.619576454162598,12230,0.0,0.0
2015-11-13 00:00:00+08:00,10.712461557626751,11.145914485727499,10.619578466763219,10.650540351867676,21713,0.0,0.0
2015-11-16 00:00:00+08:00,10.526694297790527,10.588615489665408,10.526694297790527,10.526694297790527,6513,0.0,0.0
2015-11-17 00:00:00+08:00,10.74342064595388,10.74342064595388,10.588616371154785,10.588616371154785,26185,0.0,0.0
2015-11-18 00:00:00+08:00,10.681499448924137,10.77438188558112,10.526695174125042,10.588616371154785,27141,0.0,0.0
2015-11-19 00:00:00+08:00,10.526695359380607,10.805342674255371,10.526695359380607,10.805342674255371,17370,0.0,0.0
2015-11-20 00:00:00+08:00,10.774382358744749,10.836303558493798,10.7124605178833,10.7124605178833,21713,0.0,0.0
2015-11-23 00:00:00+08:00,10.7124605178833,10.898226040467643,10.7124605178833,10.7124605178833,34740,0.0,0.0
2015-11-24 00:00:00+08:00,10.712459123371033,10.743419719215211,10.681498527526855,10.681498527526855,24956,0.0,0.0
2015-11-25 00:00:00+08:00,10.712459123371033,10.712459123371033,10.52669426608134,10.681498527526855,10856,0.0,0.0
2015-11-26 00:00:00+08:00,10.557654893727968,10.83630218050187,10.526694297790527,10.526694297790527,54282,0.0,0.0
2015-11-27 00:00:00+08:00,10.557656236285881,10.836303558493798,10.526695636411356,10.7124605178833,16451,0.0,0.0
2015-11-30 00:00:00+08:00,10.40285195468846,10.7124605178833,10.40285195468846,10.7124605178833,11507,0.0,0.0
2015-12-01 00:00:00+08:00,10.526694297790527,10.681498559702357,10.40285063181614,10.526694297790527,11942,0.0,0.0
2015-12-02 00:00:00+08:00,10.526694297790527,10.650537963764917,10.526694297790527,10.526694297790527,58788,0.0,0.0
2015-12-03 00:00:00+08:00,10.526696658124605,10.650540351867676,10.526696658124605,10.650540351867676,14113,0.0,0.0
2015-12-04 00:00:00+08:00,10.402850591925421,10.65053792292442,10.402850591925421,10.43381118774414,62967,0.0,0.0
2015-12-07 00:00:00+08:00,11.455523490905762,11.455523490905762,11.455523490905762,11.455523490905762,91175,0.0,0.0
2015-12-08 00:00:00+08:00,12.50818984190646,12.50818984190646,11.61032485961914,11.61032485961914,525436,0.0,0.0
2015-12-09 00:00:00+08:00,11.641286556314427,11.641286556314427,11.145913124084473,11.145913124084473,117496,0.0,0.0
2015-12-10 00:00:00+08:00,11.145912174076827,11.393599510192871,11.053029102477147,11.393599510192871,54282,0.0,0.0
2015-12-11 00:00:00+08:00,11.57936718910217,11.765132095284299,11.393602282920039,11.455523490905762,164204,0.0,0.0
2015-12-14 00:00:00+08:00,11.455522073374652,11.517443273698111,11.145913507307748,11.33167839050293,38363,0.0,0.0
2015-12-15 00:00:00+08:00,11.486484094898623,11.64128839708789,11.331679792709354,11.455523490905762,29312,0.0,0.0
2015-12-16 00:00:00+08:00,11.765130667592853,11.765130667592853,11.393600900313505,11.424561500549316,23884,0.0,0.0
2015-12-17 00:00:00+08:00,11.548405302884344,11.703209605073614,11.393602282920039,11.455523490905762,60830,0.0,0.0
2015-12-18 00:00:00+08:00,11.300716333466593,11.61032485961914,11.300716333466593,11.61032485961914,43426,0.0,0.0
2015-12-21 00:00:00+08:00,11.517443301256748,11.579365783953179,11.424561500549315,11.424561500549316,36912,0.0,0.0
2015-12-22 00:00:00+08:00,11.4864821046188,11.51744270324707,11.4864821046188,11.51744270324707,15416,0.0,0.0
2015-12-23 00:00:00+08:00,11.517443301256748,11.517443301256748,11.424561500549315,11.424561500549316,16284,0.0,0.0
2015-12-24 00:00:00+08:00,11.641286426733663,11.641286426733663,11.362638473510742,11.362638473510742,13027,0.0,0.0
2015-12-25 00:00:00+08:00,11.579364371167577,11.579364371167577,11.145912174076827,11.393599510192871,116164,0.0,0.0
2015-12-28 00:00:00+08:00,11.517443273698111,11.54840387385984,11.33167839050293,11.33167839050293,17458,0.0,0.0
2015-12-29 00:00:00+08:00,11.45552204551111,11.45552204551111,11.176874080283698,11.238795280456543,10911,0.0,0.0
2015-12-30 00:00:00+08:00,11.17687359877038,11.486482150745902,11.17687359877038,11.362638473510742,43426,0.0,0.0
2015-12-31 00:00:00+08:00,11.176874134213211,11.455522100785126,11.176874134213211,11.424561500549316,8848,0.0,0.0
2016-01-04 00:00:00+08:00,11.331677921520638,11.331677921520638,11.022069368267454,11.207834243774414,55433,0.0,0.0
2016-01-05 00:00:00+08:00,10.929186365954342,11.176873723181702,10.929186365954342,11.145913124084473,12010,0.0,0.0
2016-01-06 00:00:00+08:00,11.176873248492223,11.176873248492223,10.960146499566626,11.022068977355957,26088,0.0,0.0
2016-01-07 00:00:00+08:00,10.805342035649161,10.991106901253453,10.402851066098298,10.557655334472656,68396,0.0,0.0
2016-01-08 00:00:00+08:00,10.49573575384916,11.08399235650022,10.49573575384916,10.743422508239746,22798,0.0,0.0
2016-01-11 00:00:00+08:00,10.74342020007695,10.74342020007695,10.557655334472656,10.557655334472656,75018,0.0,0.0
2016-01-12 00:00:00+08:00,10.371891305652165,10.526695586515828,10.279008865356445,10.279008865356445,84680,0.0,0.0
2016-01-13 00:00:00+08:00,10.40285190537994,10.464773745947884,10.279008865356445,10.279008865356445,66224,0.0,0.0
2016-01-14 00:00:00+08:00,10.248047000084503,10.248047000084503,9.783634185791016,9.783634185791016,90109,0.0,0.0
2016-01-15 00:00:00+08:00,9.814594507112755,9.907476939132083,9.814594507112755,9.876516342163086,29480,0.0,0.0
2016-01-18 00:00:00+08:00,9.845555981380839,10.30996946508422,9.845555981380839,10.279008865356445,35826,0.0,0.0
2016-01-19 00:00:00+08:00,10.402852288923954,10.464774131774902,10.340930446073008,10.464774131774902,19541,0.0,0.0
2016-01-20 00:00:00+08:00,10.402851350106083,10.464773187368818,10.217085838317871,10.217085838317871,32867,0.0,0.0
2016-01-21 00:00:00+08:00,10.371890752030893,10.402851350106083,10.217085838317871,10.217085838317871,26055,0.0,0.0
2016-01-22 00:00:00+08:00,10.340929985046387,10.495734264715955,10.30996938555743,10.340929985046387,22798,0.0,0.0
2016-01-25 00:00:00+08:00,10.464773665226996,10.495734264715955,10.340929985046387,10.340929985046387,21713,0.0,0.0
2016-01-26 00:00:00+08:00,10.155165105887862,10.340929985046387,10.155165105887862,10.340929985046387,4755,0.0,0.0
2016-01-27 00:00:00+08:00,10.217086304865777,10.340929985046387,10.217086304865777,10.340929985046387,4342,0.0,0.0
2016-01-28 00:00:00+08:00,10.279008786068472,10.340929985046387,10.279008786068472,10.340929985046387,14189,0.0,0.0
2016-01-29 00:00:00+08:00,10.464772424675171,10.464772424675171,10.402850591925421,10.43381118774414,8740,0.0,0.0
2016-02-01 00:00:00+08:00,10.433812658593864,10.495734500072707,10.402852058410645,10.402852058410645,15214,0.0,0.0
2016-02-02 00:00:00+08:00,10.495734732644168,10.557656575495116,10.464774131774902,10.464774131774902,11942,0.0,0.0
2016-02-03 00:00:00+08:00,10.557656575495116,10.557656575495116,10.217086760371112,10.464774131774902,19541,0.0,0.0
2016-02-15 00:00:00+08:00,10.464774131774902,10.712460862066276,10.464774131774902,10.464774131774902,14146,0.0,0.0
2016-02-16 00:00:00+08:00,10.712459527423118,10.712459527423118,10.5576552601387,10.619576454162598,13027,0.0,0.0
2016-02-17 00:00:00+08:00,10.588616836160405,10.7124605178833,10.588616836160405,10.7124605178833,30457,0.0,0.0
2016-02-18 00:00:00+08:00,10.712459725809577,10.867263354848498,10.712459725809577,10.836302757263184,26055,0.0,0.0
2016-02-19 00:00:00+08:00,10.836303226067963,10.991107502916446,10.836303226067963,10.9601469039917,45597,0.0,0.0
2016-02-22 00:00:00+08:00,10.960147340515974,11.14591350591271,10.960147340515974,10.991107940673828,30457,0.0,0.0
2016-02-23 00:00:00+08:00,11.145913480197274,11.238795280456543,11.145913480197274,11.238795280456543,31592,0.0,0.0
2016-02-24 00:00:00+08:00,11.145912574411344,11.145912574411344,10.929185826969336,11.083990097045898,15254,0.0,0.0
2016-02-25 00:00:00+08:00,11.083990097045898,11.083990097045898,10.991107022110082,11.083990097045898,51058,0.0,0.0
2016-02-26 00:00:00+08:00,11.053030014038086,11.053030014038086,11.022069415026374,11.053030014038086,28226,0.0,0.0
2016-03-01 00:00:00+08:00,11.207834707631207,12.136660405831918,11.207834707631207,11.33167839050293,622079,0.0,0.0
2016-03-02 00:00:00+08:00,11.331676996499494,11.54840245319521,11.300716400146484,11.300716400146484,84680,0.0,0.0
2016-03-03 00:00:00+08:00,11.424561473212924,11.424561473212924,11.238795307792936,11.33167839050293,40364,0.0,0.0
2016-03-04 00:00:00+08:00,11.269757217145452,11.424561500549315,11.269757217145452,11.424561500549316,55368,0.0,0.0
2016-03-07 00:00:00+08:00,11.300717659283057,11.672247421364665,11.300717659283057,11.5484037399292,137186,0.0,0.0
2016-03-08 00:00:00+08:00,11.455523490905762,11.548405302884344,11.455523490905762,11.455523490905762,36526,0.0,0.0
2016-03-09 00:00:00+08:00,11.641286662414906,12.60107421875,11.517442982672495,12.60107421875,1232607,0.0,0.0
2016-03-10 00:00:00+08:00,12.32242488058833,12.508189738296165,12.01281507477576,12.074737548828125,593999,0.0,0.0
2016-03-11 00:00:00+08:00,12.136660138664757,12.32242629999543,12.074738939704385,12.10569953918457,271847,0.0,0.0
2016-03-14 00:00:00+08:00,12.105700470624472,12.105700470624472,11.95089617908777,12.0128173828125,262836,0.0,0.0
2016-03-15 00:00:00+08:00,12.074738183963934,12.074738183963934,11.517442299301818,11.579364776611328,256379,0.0,0.0
2016-03-16 00:00:00+08:00,11.734168649610293,11.765130531713325,11.579365650219112,11.641286849975586,92446,0.0,0.0
2016-03-17 00:00:00+08:00,11.76512988965517,11.95089476101164,11.734168009241822,11.888972282409668,122050,0.0,0.0
2016-03-18 00:00:00+08:00,11.82705108603242,12.012815957388888,11.82705108603242,11.888972282409668,97871,0.0,0.0
2016-03-21 00:00:00+08:00,11.981855359200264,11.981855359200264,11.703207411053198,11.888972282409668,83601,0.0,0.0
2016-03-22 00:00:00+08:00,11.950894871240301,11.950894871240301,11.796090596644623,11.919934272766113,68396,0.0,0.0
2016-03-23 00:00:00+08:00,11.796090487843795,12.012815957388888,11.796090487843795,11.888972282409668,81068,0.0,0.0
2016-03-24 00:00:00+08:00,11.88897232641416,11.950894805245326,11.73416805267334,11.73416805267334,41304,0.0,0.0
2016-03-25 00:00:00+08:00,11.73416805267334,11.765129933201287,11.703207454370121,11.73416805267334,72738,0.0,0.0
2016-03-28 00:00:00+08:00,11.703208021167335,11.703208021167335,11.51744314012653,11.5484037399292,110867,0.0,0.0
2016-03-29 00:00:00+08:00,11.610325374153735,11.641285971696142,11.455521104217002,11.579364776611328,32569,0.0,0.0
2016-03-30 00:00:00+08:00,11.3936007687249,11.641286849975584,11.3936007687249,11.641286849975586,17370,0.0,0.0
2016-03-31 00:00:00+08:00,11.734168085326871,12.012816035280707,11.703207486937496,11.827051162719727,101080,0.0,0.0
2016-04-01 00:00:00+08:00,11.796091597805987,11.919935284438374,11.641287310071714,11.765130996704102,80438,0.0,0.0
2016-04-06 00:00:00+08:00,11.82705108603242,11.888972282409668,11.703207411053198,11.888972282409668,47990,0.0,0.0
2016-04-07 00:00:00+08:00,11.827051162719727,11.827051162719727,11.703207486937496,11.827051162719727,19943,0.0,0.0
2016-04-08 00:00:00+08:00,11.827051679453985,11.827051679453985,11.703207998260915,11.796091079711914,32569,0.0,0.0
2016-04-11 00:00:00+08:00,11.827051129807725,11.858011728110942,11.73416805267334,11.73416805267334,26055,0.0,0.0
2016-04-12 00:00:00+08:00,11.672247398518843,11.796091079711914,11.641286798776774,11.796091079711914,49940,0.0,0.0
2016-04-13 00:00:00+08:00,11.858011728110942,11.88897232641416,11.73416805267334,11.73416805267334,12048,0.0,0.0
2016-04-14 00:00:00+08:00,11.765130531713325,11.796091131591561,11.641286849975584,11.641286849975586,47768,0.0,0.0
2016-04-15 00:00:00+08:00,11.703207166780956,11.703207166780956,11.548402896844225,11.579364776611328,28226,0.0,0.0
2016-04-18 00:00:00+08:00,11.579365650219112,11.641286849975584,11.455521968481372,11.641286849975586,42340,0.0,0.0
2016-04-19 00:00:00+08:00,11.672245979309082,11.765129049466577,11.64128538333146,11.672245979309082,14388,0.0,0.0
2016-04-20 00:00:00+08:00,11.73416735345929,11.765129232142284,11.393599510192871,11.393599510192871,28230,0.0,0.0
2016-04-21 00:00:00+08:00,11.517444698891483,11.517444698891483,11.331679792709354,11.455523490905762,39088,0.0,0.0
2016-04-22 00:00:00+08:00,11.548402979232957,11.548402979232957,11.269756317138672,11.269756317138672,34740,0.0,0.0
2016-04-25 00:00:00+08:00,11.45552066413618,11.45552066413618,11.300716400146484,11.300716400146484,8688,0.0,0.0
2016-04-26 00:00:00+08:00,11.300717790341201,11.33167839050293,11.238795307792936,11.33167839050293,13027,0.0,0.0
2016-04-27 00:00:00+08:00,11.331677035051534,11.393599510192871,11.331677035051534,11.393599510192871,8737,0.0,0.0
2016-04-28 00:00:00+08:00,11.393600845338264,11.393600845338264,11.238795280456543,11.238795280456543,26218,0.0,0.0
2016-04-29 00:00:00+08:00,11.207834680370121,11.300717762854193,11.145913480197274,11.238795280456543,37997,0.0,0.0
2016-05-03 00:00:00+08:00,11.145913093297981,11.238794890333118,10.991107533789904,11.053030014038086,16284,0.0,0.0
2016-05-04 00:00:00+08:00,10.929186820983887,11.053030504753716,10.898226220597632,10.929186820983887,32569,0.0,0.0
2016-05-05 00:00:00+08:00,11.083990172920581,11.083990172920581,10.991107097348939,11.022068977355957,6694,0.0,0.0
2016-05-06 00:00:00+08:00,11.022069415026374,11.114951212061511,10.960146934778193,11.053030014038086,14114,0.0,0.0
2016-05-09 00:00:00+08:00,11.053030397713203,11.238795280456543,11.053030397713203,11.238795280456543,20627,0.0,0.0
2016-05-10 00:00:00+08:00,11.238794444056845,11.269756324063865,11.022068977355957,11.022068977355957,15253,0.0,0.0
2016-05-11 00:00:00+08:00,11.2697568207375,11.300717419884288,10.898225784301758,10.898225784301758,26164,0.0,0.0
2016-05-12 00:00:00+08:00,11.207834340219161,11.207834340219161,10.898225784301758,10.898225784301758,9770,0.0,0.0
2016-05-13 00:00:00+08:00,10.867263354848498,10.867263354848498,10.836302757263184,10.836302757263184,28245,0.0,0.0
2016-05-16 00:00:00+08:00,10.681499128224262,10.960146429829143,10.681499128224262,10.836302757263184,8964,0.0,0.0
2016-05-17 00:00:00+08:00,10.867263423994984,11.022068977355957,10.867263423994984,11.022068977355957,14113,0.0,0.0
2016-05-18 00:00:00+08:00,11.083990172920581,11.145912650709912,11.022068977355957,11.022068977355957,21810,0.0,0.0
2016-05-19 00:00:00+08:00,11.145913124084473,11.145913124084473,11.08399064366525,11.145913124084473,14113,0.0,0.0
2016-05-20 00:00:00+08:00,11.145913046013678,11.207834243774414,11.022069368267454,11.207834243774414,17479,0.0,0.0
2016-05-23 00:00:00+08:00,11.176874107469478,11.33167839050293,11.145913507307748,11.33167839050293,17371,0.0,0.0
2016-05-24 00:00:00+08:00,11.424561000386495,11.424561000386495,11.207834243774414,11.207834243774414,11997,0.0,0.0
2016-05-25 00:00:00+08:00,11.269756723759903,11.269756723759903,11.207834243774414,11.207834243774414,6550,0.0,0.0
2016-05-26 00:00:00+08:00,11.207833328862806,11.300716400146484,11.207833328862806,11.300716400146484,3256,0.0,0.0
2016-05-27 00:00:00+08:00,11.424561473212924,11.424561473212924,11.33167839050293,11.33167839050293,3354,0.0,0.0
2016-05-30 00:00:00+08:00,11.331677512665246,11.331677512665246,11.269756317138672,11.269756317138672,5428,0.0,0.0
2016-05-31 00:00:00+08:00,11.269755803793474,11.300716400146484,11.145912136156786,11.300716400146484,9826,0.0,0.0
2016-06-01 00:00:00+08:00,11.145912136156786,11.300716400146484,11.145912136156786,11.300716400146484,10155,0.0,0.0
2016-06-02 00:00:00+08:00,11.176873241624106,11.269756317138672,11.14591264386082,11.269756317138672,6513,0.0,0.0
2016-06-03 00:00:00+08:00,11.207834243774414,11.207834243774414,11.207834243774414,11.207834243774414,4342,0.0,0.0
2016-06-06 00:00:00+08:00,11.11495159788605,11.238795280456543,11.11495159788605,11.238795280456543,3432,0.0,0.0
2016-06-07 00:00:00+08:00,11.238795280456543,11.238795280456543,11.238795280456543,11.238795280456543,0,0.0,0.0
2016-06-08 00:00:00+08:00,11.145913560457235,11.176874160766602,11.145913560457235,11.176874160766602,24970,0.0,0.0
2016-06-13 00:00:00+08:00,11.23879530638627,11.23879530638627,10.960147340515974,10.991107940673828,10889,0.0,0.0
2016-06-14 00:00:00+08:00,11.145913124084473,11.145913124084473,11.022069445470793,11.145913124084473,5428,0.0,0.0
2016-06-15 00:00:00+08:00,11.20783432227893,11.20783432227893,11.08399064366525,11.145913124084473,7599,0.0,0.0
2016-06-16 00:00:00+08:00,11.08399064366525,11.145913124084473,11.08399064366525,11.145913124084473,9770,0.0,0.0
2016-06-17 00:00:00+08:00,11.145912650709912,11.145912650709912,11.022068977355957,11.022068977355957,23884,0.0,0.0
2016-06-20 00:00:00+08:00,11.053030044568022,11.20783432227893,11.053030044568022,11.145913124084473,16904,0.0,0.0
2016-06-21 00:00:00+08:00,11.145913124084473,11.145913124084473,11.022069445470793,11.145913124084473,14113,0.0,0.0
2016-06-22 00:00:00+08:00,11.114950694616272,11.145912574411344,11.053029499475526,11.083990097045898,9770,0.0,0.0
2016-06-23 00:00:00+08:00,11.176873644894046,11.207834243774414,11.114951164908558,11.207834243774414,19107,0.0,0.0
2016-06-24 00:00:00+08:00,11.022069445470793,11.176873723181702,10.898225766857113,11.145913124084473,26111,0.0,0.0
2016-06-27 00:00:00+08:00,11.11495124276248,11.145913124084473,11.11495124276248,11.145913124084473,2171,0.0,0.0
2016-06-28 00:00:00+08:00,11.176874160766602,11.176874160766602,11.176874160766602,11.176874160766602,1118,0.0,0.0
2016-06-29 00:00:00+08:00,11.145913124084473,11.145913124084473,11.145913124084473,11.145913124084473,2171,0.0,0.0
2016-06-30 00:00:00+08:00,11.145913124084473,11.145913124084473,11.022069445470793,11.145913124084473,6513,0.0,0.0
2016-07-01 00:00:00+08:00,11.145913093297981,11.145913093297981,11.053030014038086,11.053030014038086,17370,0.0,0.0
2016-07-04 00:00:00+08:00,11.022069445470793,11.176873723181702,10.960146965051573,11.145913124084473,26055,0.0,0.0
2016-07-05 00:00:00+08:00,11.145913124084473,11.145913124084473,11.053030044568022,11.145913124084473,9956,0.0,0.0
2016-07-06 00:00:00+08:00,11.114950770702892,11.114950770702892,10.960146499566626,11.022068977355957,36912,0.0,0.0
2016-07-07 00:00:00+08:00,11.083990172920581,11.083990172920581,11.022068977355957,11.022068977355957,21713,0.0,0.0
2016-07-08 00:00:00+08:00,11.022068977355957,11.022068977355957,11.022068977355957,11.022068977355957,0,0.0,0.0
2016-07-11 00:00:00+08:00,11.022068977355957,11.269756324063865,11.022068977355957,11.022068977355957,65139,0.0,0.0
2016-07-12 00:00:00+08:00,11.145913061989681,11.145913061989681,10.9601469039917,10.9601469039917,33838,0.0,0.0
2016-07-13 00:00:00+08:00,10.991107533789904,11.145913093297981,10.960146934778193,11.053030014038086,25078,0.0,0.0
2016-07-14 00:00:00+08:00,11.30071740179538,11.30071740179538,11.053030044568022,11.145913124084473,24970,0.0,0.0
2016-07-15 00:00:00+08:00,11.207834197522981,11.362638473510742,11.145913000017776,11.362638473510742,275799,0.0,0.0
2016-07-18 00:00:00+08:00,11.393599471430162,11.703206717184909,11.207833328862806,11.300716400146484,1118222,0.0,0.0
2016-07-19 00:00:00+08:00,11.33167787475814,11.362638473510742,11.238794796275585,11.362638473510742,56005,0.0,0.0
2016-07-20 00:00:00+08:00,11.331676996499494,11.331676996499494,11.269755803793474,11.300716400146484,59710,0.0,0.0
2016-07-21 00:00:00+08:00,11.331676996499494,11.393599471430162,11.300716400146484,11.300716400146484,56318,0.0,0.0
2016-07-22 00:00:00+08:00,11.393599874222309,11.579364741132267,11.393599874222309,11.486481666564941,89063,0.0,0.0
2016-07-25 00:00:00+08:00,11.579365783953179,11.579365783953179,11.331678417617074,11.424561500549316,31483,0.0,0.0
2016-07-26 00:00:00+08:00,11.33167787475814,11.517442749498503,11.33167787475814,11.362638473510742,42601,0.0,0.0
2016-07-27 00:00:00+08:00,11.548402492484582,11.579364371167577,11.393599510192871,11.393599510192871,76060,0.0,0.0
2016-07-28 00:00:00+08:00,11.517444698891483,11.517444698891483,11.362640396702215,11.455523490905762,75650,0.0,0.0
2016-07-29 00:00:00+08:00,11.455522100785126,11.455522100785126,11.331678417617074,11.424561500549316,15199,0.0,0.0
2016-08-01 00:00:00+08:00,11.455522100785126,11.455522100785126,11.424561500549315,11.424561500549316,17370,0.0,0.0
2016-08-02 00:00:00+08:00,11.393602282920039,11.455523490905762,11.362640396702215,11.455523490905762,26055,0.0,0.0
2016-08-03 00:00:00+08:00,11.424560953240695,11.455521551993298,11.269756677252936,11.362638473510742,34903,0.0,0.0
2016-08-04 00:00:00+08:00,11.424560953240695,11.424560953240695,11.33167787475814,11.362638473510742,18456,0.0,0.0
2016-08-05 00:00:00+08:00,11.33167787475814,11.517442749498503,11.33167787475814,11.362638473510742,29312,0.0,0.0
2016-08-08 00:00:00+08:00,11.424560106651214,11.424560106651214,11.331677035051534,11.393599510192871,24970,0.0,0.0
2016-08-09 00:00:00+08:00,11.393600873051193,11.424561473212924,11.33167839050293,11.33167839050293,25132,0.0,0.0
2016-08-10 00:00:00+08:00,11.331677512665246,11.331677512665246,11.269756317138672,11.269756317138672,16447,0.0,0.0
2016-08-11 00:00:00+08:00,11.26975716276777,11.300717762854193,11.145913480197274,11.238795280456543,56453,0.0,0.0
2016-08-12 00:00:00+08:00,11.238793925215816,11.300716400146484,11.176872732509796,11.300716400146484,48085,0.0,0.0
2016-08-15 00:00:00+08:00,11.300717790341201,11.362638990664658,11.207834707631207,11.33167839050293,37027,0.0,0.0
2016-08-16 00:00:00+08:00,11.269755803793474,11.331676996499494,11.238793925215816,11.300716400146484,30398,0.0,0.0
2016-08-17 00:00:00+08:00,11.300717790341201,11.424561473212924,11.300717790341201,11.33167839050293,82574,0.0,0.0
2016-08-18 00:00:00+08:00,11.331677987169925,11.424561066573894,11.331677987169925,10.805342674255371,89186,0.0,0.0
2016-08-19 00:00:00+08:00,11.462202007064146,11.593574171986877,11.462202007064146,11.495044708251953,82509,0.921105,0.0
2016-08-22 00:00:00+08:00,11.560730637817857,11.560730637817857,11.297987006989526,11.42935848236084,45597,0.0,0.0
2016-08-23 00:00:00+08:00,11.429360251715591,11.4622029556213,11.297988756006937,11.36367416381836,46900,0.0,0.0
2016-08-24 00:00:00+08:00,11.23230110985021,11.330830574035645,11.23230110985021,11.330830574035645,16675,0.0,0.0
2016-08-25 00:00:00+08:00,11.297987583920433,11.297987583920433,11.199458122253418,11.199458122253418,45831,0.0,0.0
2016-08-26 00:00:00+08:00,11.199458186832913,11.29798764906808,11.16661548614502,11.16661548614502,32953,0.0,0.0
2016-08-29 00:00:00+08:00,11.16661548614502,11.232300887520807,11.16661548614502,11.16661548614502,17403,0.0,0.0
2016-08-30 00:00:00+08:00,11.297987937927246,11.297987937927246,11.199458473172946,11.297987937927246,7599,0.0,0.0
2016-08-31 00:00:00+08:00,11.166615294101025,11.265143394470215,11.166615294101025,11.265143394470215,22832,0.0,0.0
2016-09-01 00:00:00+08:00,11.166615294101025,11.29798745476474,11.166615294101025,11.265143394470215,32732,0.0,0.0
2016-09-02 00:00:00+08:00,11.199458122253418,11.297987583920433,11.199458122253418,11.199458122253418,43426,0.0,0.0
2016-09-05 00:00:00+08:00,11.232300758361816,11.232300758361816,11.199458058051578,11.232300758361816,19541,0.0,0.0
2016-09-06 00:00:00+08:00,11.232300822751931,11.232300822751931,11.199458122253418,11.199458122253418,20715,0.0,0.0
2016-09-07 00:00:00+08:00,11.199458058051578,11.232300758361816,11.166615357741339,11.232300758361816,38306,0.0,0.0
2016-09-08 00:00:00+08:00,11.232300822751931,11.232300822751931,11.199458122253418,11.199458122253418,13104,0.0,0.0
2016-09-09 00:00:00+08:00,11.199458935891462,11.199458935891462,10.871029186703039,11.133772850036621,42503,0.0,0.0
2016-09-12 00:00:00+08:00,11.23230163877599,11.23230163877599,11.03524406129725,11.133772850036621,18781,0.0,0.0
2016-09-13 00:00:00+08:00,11.232300822751931,11.232300822751931,11.100929340672142,11.199458122253418,17370,0.0,0.0
2016-09-14 00:00:00+08:00,11.265144409424455,11.265144409424455,11.100930213928223,11.100930213928223,23884,0.0,0.0
2016-09-19 00:00:00+08:00,11.133772105371383,11.16661548614502,11.100929404683491,11.16661548614502,47126,0.0,0.0
2016-09-20 00:00:00+08:00,11.23230069434715,11.265143394470215,11.199457994224089,11.265143394470215,41254,0.0,0.0
2016-09-21 00:00:00+08:00,11.363673275373618,11.363673275373618,11.29798787269767,11.330830574035645,21717,0.0,0.0
2016-09-22 00:00:00+08:00,11.429359523283315,12.2504338694543,11.297988035947416,11.659259796142578,193246,0.0,0.0
2016-09-23 00:00:00+08:00,11.757788363747949,11.823475122527705,11.5935735070557,11.626416206359863,85766,0.0,0.0
2016-09-26 00:00:00+08:00,11.560730807751534,11.69210296513962,11.495044048971778,11.626416206359863,39083,0.0,0.0
2016-09-27 00:00:00+08:00,11.626416206359863,11.626416206359863,11.626416206359863,11.626416206359863,0,0.0,0.0
2016-09-28 00:00:00+08:00,11.626416206359863,11.626416206359863,11.626416206359863,11.626416206359863,0,0.0,0.0
2016-09-29 00:00:00+08:00,12.151906551123373,12.151906551123373,11.757790023330555,11.823476791381836,424490,0.0,0.0
2016-09-30 00:00:00+08:00,11.823474948731894,11.823474948731894,11.396515103453734,11.42935848236084,221473,0.0,0.0
2016-10-03 00:00:00+08:00,11.42936113239981,11.62641873118988,11.396517745877558,11.527889251708984,46780,0.0,0.0
2016-10-04 00:00:00+08:00,11.75778819091768,11.75778819091768,11.396515103453734,11.42935848236084,51202,0.0,0.0
2016-10-05 00:00:00+08:00,11.39651686772407,11.4622029556213,11.36367416381836,11.36367416381836,17370,0.0,0.0
2016-10-06 00:00:00+08:00,11.495046545272592,11.527889251708984,11.42936113239981,11.527889251708984,12007,0.0,0.0
2016-10-07 00:00:00+08:00,11.495043880003644,11.527886578825047,11.42935848236084,11.42935848236084,6622,0.0,0.0
2016-10-11 00:00:00+08:00,11.39651562008448,11.39651562008448,11.166615357741339,11.232300758361816,45597,0.0,0.0
2016-10-12 00:00:00+08:00,11.166615357741339,11.297987519153764,11.166615357741339,11.232300758361816,26055,0.0,0.0
2016-10-13 00:00:00+08:00,11.232300887520807,11.232300887520807,11.16661548614502,11.16661548614502,34954,0.0,0.0
2016-10-14 00:00:00+08:00,11.166616233006936,11.166616233006936,10.969557975442408,11.133772850036621,70567,0.0,0.0
2016-10-17 00:00:00+08:00,11.133771977345365,11.232300758361816,11.133771977345365,11.232300758361816,22066,0.0,0.0
2016-10-18 00:00:00+08:00,11.363673275373618,11.396515976711592,11.330830574035645,11.330830574035645,19541,0.0,0.0
2016-10-19 00:00:00+08:00,11.363673275373618,11.363673275373618,11.166615707174262,11.330830574035645,23086,0.0,0.0
2016-10-20 00:00:00+08:00,11.363673340982432,11.363673340982432,11.199458473172946,11.297987937927246,24970,0.0,0.0
2016-10-21 00:00:00+08:00,11.29798787269767,11.363673275373618,11.29798787269767,11.330830574035645,16284,0.0,0.0
2016-10-24 00:00:00+08:00,11.297987583920433,11.297987583920433,11.166615421754907,11.199458122253418,15199,0.0,0.0
2016-10-25 00:00:00+08:00,11.16661548614502,11.16661548614502,11.16661548614502,11.16661548614502,3256,0.0,0.0
2016-10-26 00:00:00+08:00,11.29798764906808,11.29798764906808,11.16661548614502,11.16661548614502,33655,0.0,0.0
2016-10-27 00:00:00+08:00,11.100929340672142,11.199458122253418,11.035243259589379,11.199458122253418,36912,0.0,0.0
2016-10-28 00:00:00+08:00,11.199458122253418,11.199458122253418,11.100929340672142,11.199458122253418,38174,0.0,0.0
2016-10-31 00:00:00+08:00,11.068086023909855,11.199458186832913,11.068086023909855,11.16661548614502,27141,0.0,0.0
2016-11-01 00:00:00+08:00,11.16661548614502,11.16661548614502,11.16661548614502,11.16661548614502,7599,0.0,0.0
2016-11-02 00:00:00+08:00,11.166616233006936,11.166616233006936,11.03524406129725,11.133772850036621,46039,0.0,0.0
2016-11-03 00:00:00+08:00,11.03524406129725,11.23230163877599,10.936715272557882,11.133772850036621,61882,0.0,0.0
2016-11-04 00:00:00+08:00,11.133772105371383,11.16661548614502,11.133772105371383,11.16661548614502,5428,0.0,0.0
2016-11-07 00:00:00+08:00,11.297987743366399,11.429359227300203,11.297987743366399,11.396515846252441,80355,0.0,0.0
2016-11-08 00:00:00+08:00,11.429359358135322,11.462202059473297,11.29798787269767,11.330830574035645,32569,0.0,0.0
2016-11-09 00:00:00+08:00,11.363672855010867,11.462201635465787,11.03524313343731,11.265143394470215,123764,0.0,0.0
2016-11-10 00:00:00+08:00,11.330830154887803,11.363672855010867,11.166615294101025,11.265143394470215,61882,0.0,0.0
2016-11-11 00:00:00+08:00,11.232300887520807,11.330830349755974,11.100929404683491,11.16661548614502,44783,0.0,0.0
2016-11-14 00:00:00+08:00,11.265143523250444,11.265143523250444,11.133772041170655,11.199458122253418,10899,0.0,0.0
2016-11-15 00:00:00+08:00,11.199458058051578,11.232300758361816,11.166615357741339,11.232300758361816,9770,0.0,0.0
2016-11-16 00:00:00+08:00,11.166615357741339,11.232300758361816,11.133771977345365,11.232300758361816,11974,0.0,0.0
2016-11-17 00:00:00+08:00,11.265143523250444,11.297987583920433,11.199458122253418,11.199458122253418,30528,0.0,0.0
2016-11-18 00:00:00+08:00,11.297987821039365,11.659259574362487,11.297987821039365,11.495044708251953,172618,0.0,0.0
2016-11-21 00:00:00+08:00,11.626417292562396,11.72494675985147,11.495045122900814,11.560731887817383,165024,0.0,0.0
2016-11-22 00:00:00+08:00,11.6921036357218,11.724946336909605,11.495044708251953,11.495044708251953,102051,0.0,0.0
2016-11-23 00:00:00+08:00,11.659259574362487,11.659259574362487,11.495044708251953,11.495044708251953,35826,0.0,0.0
2016-11-24 00:00:00+08:00,11.527889251708984,11.527889251708984,11.495046545272592,11.527889251708984,27141,0.0,0.0
2016-11-25 00:00:00+08:00,11.56073147079907,11.56073147079907,11.495044708251953,11.495044708251953,9664,0.0,0.0
2016-11-28 00:00:00+08:00,11.495046545272592,11.62641873118988,11.495046545272592,11.527889251708984,22798,0.0,0.0
2016-11-29 00:00:00+08:00,11.527889251708984,11.527889251708984,11.363675039441167,11.527889251708984,19541,0.0,0.0
2016-11-30 00:00:00+08:00,11.396515846252441,11.495044629224232,11.396515846252441,11.396515846252441,6513,0.0,0.0
2016-12-01 00:00:00+08:00,11.39651686772407,11.4622029556213,11.36367416381836,11.36367416381836,57539,0.0,0.0
2016-12-02 00:00:00+08:00,11.23230069434715,11.363672855010867,11.23230069434715,11.265143394470215,11942,0.0,0.0
2016-12-05 00:00:00+08:00,11.265143682232887,11.429359227300203,11.265143682232887,11.396515846252441,42394,0.0,0.0
2016-12-06 00:00:00+08:00,11.626417292562396,11.692104057478964,11.429359718155801,11.560731887817383,59822,0.0,0.0
2016-12-07 00:00:00+08:00,11.462201928262218,11.527887330186246,11.297987743366399,11.396515846252441,65356,0.0,0.0
2016-12-08 00:00:00+08:00,11.429359358135322,11.429359358135322,11.330830574035645,11.330830574035645,34849,0.0,0.0
2016-12-09 00:00:00+08:00,11.297987743366399,11.396515846252441,11.297987743366399,11.396515846252441,22245,0.0,0.0
2016-12-12 00:00:00+08:00,11.39651686772407,11.39651686772407,11.36367416381836,11.36367416381836,3256,0.0,0.0
2016-12-13 00:00:00+08:00,11.265143811188183,11.330830574035645,11.265143811188183,11.330830574035645,6513,0.0,0.0
2016-12-14 00:00:00+08:00,11.330830574035645,11.363673275373618,11.29798787269767,11.330830574035645,31701,0.0,0.0
2016-12-15 00:00:00+08:00,11.330830574035645,11.330830574035645,11.265143811188183,11.330830574035645,11942,0.0,0.0
2016-12-16 00:00:00+08:00,11.330830574035645,11.330830574035645,11.330830574035645,11.330830574035645,8793,0.0,0.0
2016-12-19 00:00:00+08:00,11.429360321711025,11.462203025817871,11.36367423341152,11.462203025817871,21713,0.0,0.0
2016-12-20 00:00:00+08:00,11.36367423341152,11.527888434031562,11.199459352705667,11.462203025817871,59713,0.0,0.0
2016-12-21 00:00:00+08:00,11.593574171986877,11.593574171986877,11.33083052222717,11.495044708251953,47768,0.0,0.0
2016-12-22 00:00:00+08:00,11.495044708251953,11.495044708251953,11.396515924602783,11.495044708251953,19541,0.0,0.0
2016-12-23 00:00:00+08:00,11.429359305876341,11.495044708251953,11.429359305876341,11.495044708251953,29345,0.0,0.0
2016-12-26 00:00:00+08:00,11.330831459912648,11.626417835321476,11.297988756006937,11.36367416381836,82406,0.0,0.0
2016-12-27 00:00:00+08:00,11.36367240463233,11.75778819091768,11.297987006989526,11.42935848236084,72738,0.0,0.0
2016-12-28 00:00:00+08:00,11.527886578825047,11.527886578825047,11.396515103453734,11.42935848236084,56975,0.0,0.0
2016-12-29 00:00:00+08:00,11.396516335697518,11.790632164596484,11.297988228579998,11.560731887817383,81423,0.0,0.0
2016-12-30 00:00:00+08:00,11.593576024753489,11.62641873118988,11.396517745877558,11.527889251708984,61914,0.0,0.0
2017-01-03 00:00:00+08:00,11.42935848236084,11.560730637817857,11.396515103453734,11.42935848236084,48854,0.0,0.0
2017-01-04 00:00:00+08:00,11.429359305876341,11.626416873174682,11.429359305876341,11.495044708251953,62967,0.0,0.0
2017-01-05 00:00:00+08:00,11.527888434031562,11.527888434031562,11.429360321711025,11.462203025817871,239277,0.0,0.0
2017-01-06 00:00:00+08:00,11.56073147079907,11.56073147079907,11.495044708251953,11.495044708251953,6513,0.0,0.0
2017-01-09 00:00:00+08:00,11.527887330186246,11.6592594942058,11.396515846252441,11.396515846252441,97715,0.0,0.0
2017-01-10 00:00:00+08:00,11.527887409439758,11.527887409439758,11.495044708251953,11.495044708251953,12007,0.0,0.0
2017-01-11 00:00:00+08:00,11.495046545272592,11.527889251708984,11.42936113239981,11.527889251708984,13027,0.0,0.0
2017-01-12 00:00:00+08:00,11.56073071713186,12.67739200592041,11.396515181641112,12.67739200592041,2176583,0.0,0.0
2017-01-13 00:00:00+08:00,12.677393473042143,12.677393473042143,12.086220741271973,12.086220741271973,1250096,0.0,0.0
2017-01-16 00:00:00+08:00,12.151906829992834,12.41464982771268,12.086221420605785,12.217592239379883,394369,0.0,0.0
2017-01-17 00:00:00+08:00,12.283278727054313,12.348964134933972,11.823476791381836,11.823476791381836,378024,0.0,0.0
2017-01-18 00:00:00+08:00,11.987691602669578,11.987691602669578,11.823476723738302,11.856319427490234,160386,0.0,0.0
2017-01-19 00:00:00+08:00,12.086220936946447,12.381806627531242,11.922004699707031,11.922004699707031,313753,0.0,0.0
2017-01-20 00:00:00+08:00,11.954848967312774,12.151906551123373,11.790632727270385,11.823476791381836,256357,0.0,0.0
2017-01-23 00:00:00+08:00,11.823476656468486,11.987691534465458,11.757789889166734,11.889162063598633,145629,0.0,0.0
2017-01-24 00:00:00+08:00,12.020534238030532,12.020534238030532,11.889162063598633,11.889162063598633,105482,0.0,0.0
2017-02-02 00:00:00+08:00,12.119063444119497,12.283278318528696,12.053376678252873,12.086220741271973,225815,0.0,0.0
2017-02-03 00:00:00+08:00,12.08622032531249,12.151905728746911,11.954848158272123,12.020533561706543,120833,0.0,0.0
2017-02-06 00:00:00+08:00,12.0205334962765,12.119062961063344,12.0205334962765,12.053376197814941,143306,0.0,0.0
2017-02-07 00:00:00+08:00,12.053375663370192,12.217590523952657,12.053375663370192,12.119062423706055,106393,0.0,0.0
2017-02-08 00:00:00+08:00,12.119062423706055,12.31611998437072,12.119062423706055,12.119062423706055,122841,0.0,0.0
2017-02-09 00:00:00+08:00,12.217590523952657,12.28327728428852,12.119062423706055,12.119062423706055,195515,0.0,0.0
2017-02-10 00:00:00+08:00,12.184748364140225,12.217591065678667,12.053376197814941,12.053376197814941,178209,0.0,0.0
2017-02-13 00:00:00+08:00,12.151905253622914,13.038666326345526,12.08621985275671,12.611705780029297,1316994,0.0,0.0
2017-02-14 00:00:00+08:00,12.84160829199045,12.874450994696133,12.348963670890509,12.381806373596191,224730,0.0,0.0
2017-02-15 00:00:00+08:00,12.38180630717509,12.546021179994154,12.38180630717509,12.41464900970459,123004,0.0,0.0
2017-02-16 00:00:00+08:00,12.447493006989605,13.00582444875353,12.348964889152468,12.513179779052734,553791,0.0,0.0
2017-02-17 00:00:00+08:00,12.677394668953,12.677394668953,12.513179779052734,12.513179779052734,106573,0.0,0.0
2017-02-20 00:00:00+08:00,12.775924973713549,12.80876768178457,12.546023296872828,12.578866004943848,178047,0.0,0.0
2017-02-21 00:00:00+08:00,12.710236549377441,12.710236549377441,12.578864373955422,12.710236549377441,130676,0.0,0.0
2017-02-22 00:00:00+08:00,12.710235241500078,12.874450103837065,12.578863079596195,12.611705780029297,174790,0.0,0.0
2017-02-23 00:00:00+08:00,12.611706585053154,12.611706585053154,12.41464900970459,12.41464900970459,117250,0.0,0.0
2017-02-24 00:00:00+08:00,12.414647825291883,12.480334584255637,11.922003253835177,12.250432968139648,159602,0.0,0.0
2017-03-01 00:00:00+08:00,12.250432968139648,12.250432968139648,12.250432968139648,12.250432968139648,0,0.0,0.0
2017-03-02 00:00:00+08:00,12.217591065678667,12.217591065678667,11.987690794738059,12.053376197814941,68396,0.0,0.0
2017-03-03 00:00:00+08:00,12.053376678252873,12.151906146967022,12.020533975405348,12.086220741271973,51201,0.0,0.0
2017-03-06 00:00:00+08:00,12.15190601348877,12.184748715975546,12.086220608515218,12.15190601348877,9858,0.0,0.0
2017-03-07 00:00:00+08:00,12.15190594728931,12.217591351905028,12.15190594728931,12.184748649597168,28335,0.0,0.0
2017-03-08 00:00:00+08:00,12.28327751159668,12.348962912976623,12.250433450735223,12.28327751159668,77195,0.0,0.0
2017-03-09 00:00:00+08:00,12.283278183607434,12.348963588580986,12.15190601348877,12.15190601348877,48861,0.0,0.0
2017-03-10 00:00:00+08:00,12.31612088609421,12.31612088609421,12.086220608515218,12.15190601348877,36173,0.0,0.0
2017-03-13 00:00:00+08:00,12.28327751159668,12.381805613666593,12.151905348665307,12.28327751159668,34740,0.0,0.0
2017-03-14 00:00:00+08:00,12.283277027707241,12.348962426499561,12.250432968139648,12.250432968139648,49940,0.0,0.0
2017-03-15 00:00:00+08:00,12.217592239379883,12.381807123019156,12.05337735574061,12.217592239379883,82525,0.0,0.0
2017-03-16 00:00:00+08:00,12.250432968139648,12.316119727103402,12.217590268743487,12.250432968139648,64053,0.0,0.0
2017-03-17 00:00:00+08:00,12.381805125895722,12.381805125895722,12.217590268743487,12.250432968139648,60796,0.0,0.0
2017-03-20 00:00:00+08:00,12.414648925923741,12.414648925923741,12.15190594728931,12.184748649597168,55372,0.0,0.0
2017-03-21 00:00:00+08:00,12.34896441832563,12.34896441832563,12.151906829992834,12.217592239379883,60862,0.0,0.0
2017-03-22 00:00:00+08:00,12.151906829992834,12.283279008938582,12.086221420605785,12.217592239379883,79317,0.0,0.0
2017-03-23 00:00:00+08:00,12.28327751159668,12.480335075907993,12.21759075004525,12.28327751159668,65146,0.0,0.0
2017-03-24 00:00:00+08:00,12.283277027707241,12.348962426499561,12.217590268743487,12.250432968139648,35321,0.0,0.0
2017-03-27 00:00:00+08:00,12.283278183607434,12.283278183607434,12.15190601348877,12.15190601348877,50482,0.0,0.0
2017-03-28 00:00:00+08:00,12.151905728746911,12.217591132181331,12.020533561706543,12.020533561706543,109650,0.0,0.0
2017-03-29 00:00:00+08:00,12.086220741271973,12.151906146967022,12.053376678252873,12.086220741271973,48854,0.0,0.0
2017-03-30 00:00:00+08:00,12.086220542673589,12.250434054212889,12.086220542673589,12.184748649597168,57539,0.0,0.0
2017-03-31 00:00:00+08:00,12.250434944073406,12.250434944073406,12.184749534686357,12.217592239379883,39517,0.0,0.0
2017-04-05 00:00:00+08:00,12.21759149989621,12.743078823701834,12.21759149989621,12.381806373596191,154170,0.0,0.0
2017-04-06 00:00:00+08:00,12.4146472879547,12.578862137999304,12.316119194030762,12.316119194030762,52204,0.0,0.0
2017-04-07 00:00:00+08:00,12.611706868019589,12.743079041256724,12.480336054954044,12.546021461486816,367174,0.0,0.0
2017-04-10 00:00:00+08:00,12.71023626249232,13.794054985046387,12.677393559421018,13.794054985046387,2811652,0.0,0.0
2017-04-11 00:00:00+08:00,14.188170655212561,15.173459849547537,14.056798490600265,14.352385520935059,3275442,0.0,0.0
2017-04-12 00:00:00+08:00,14.352384700005814,14.352384700005814,13.79405337238192,13.92542552947998,968027,0.0,0.0
2017-04-13 00:00:00+08:00,13.925429528578986,14.64797455986135,13.925429528578986,14.089644432067871,988733,0.0,0.0
2017-04-14 00:00:00+08:00,14.056798351843302,14.056798351843302,13.170037269592285,13.170037269592285,577948,0.0,0.0
2017-04-17 00:00:00+08:00,13.465624363303835,13.49846706425153,13.071509231588497,13.137194633483887,287697,0.0,0.0
2017-04-18 00:00:00+08:00,13.39993933974856,13.629839613045036,13.268567172077057,13.498467445373535,171547,0.0,0.0
2017-04-19 00:00:00+08:00,13.498469155178576,13.59699863345548,13.334254264831543,13.334254264831543,245650,0.0,0.0
2017-04-20 00:00:00+08:00,13.33425226531838,13.465624429930678,13.104351997375488,13.104351997375488,123059,0.0,0.0
2017-04-21 00:00:00+08:00,13.301409095908378,13.958268535672454,13.268566395954466,13.695524215698242,358963,0.0,0.0
2017-04-24 00:00:00+08:00,13.958269557658614,13.958269557658614,13.170037900195274,13.39993953704834,254151,0.0,0.0
2017-04-25 00:00:00+08:00,13.465624941765471,13.5313103464826,13.268567367442524,13.39993953704834,151991,0.0,0.0
2017-04-26 00:00:00+08:00,13.268567085266113,13.367096550417983,13.268567085266113,13.268567085266113,104331,0.0,0.0
2017-04-27 00:00:00+08:00,13.268566486559617,13.367095947265625,13.235723786381435,13.367095947265625,53251,0.0,0.0
2017-04-28 00:00:00+08:00,13.465624047800167,13.761211069746725,13.367095947265625,13.367095947265625,117250,0.0,0.0
2017-05-02 00:00:00+08:00,13.367096834689775,13.465624941765471,13.367096834689775,13.39993953704834,84746,0.0,0.0
2017-05-03 00:00:00+08:00,13.399938647443806,13.399938647443806,13.268566486559617,13.367095947265625,79945,0.0,0.0
2017-05-04 00:00:00+08:00,13.301410948546259,13.498468535887628,13.301410948546259,13.432783126831055,37000,0.0,0.0
2017-05-05 00:00:00+08:00,13.235724096498469,13.268566797446166,13.0386665306408,13.137194633483887,225924,0.0,0.0
2017-05-08 00:00:00+08:00,12.972979017683762,12.972979017683762,12.611705247655543,12.67739200592041,242317,0.0,0.0
2017-05-09 00:00:00+08:00,12.677392541066975,12.775922002537758,12.611705780029297,12.611705780029297,73824,0.0,0.0
2017-05-10 00:00:00+08:00,12.611706040036497,12.677392802428397,12.480335235595703,12.480335235595703,78275,0.0,0.0
2017-05-11 00:00:00+08:00,12.480334801539723,13.005822081541385,12.480334801539723,12.775921821594238,80339,0.0,0.0
2017-05-12 00:00:00+08:00,12.80876575746844,12.907295227050781,12.644550881612258,12.907295227050781,51374,0.0,0.0
2017-05-15 00:00:00+08:00,12.841607157506852,12.841607157506852,12.743077697922757,12.808764457702637,52219,0.0,0.0
2017-05-16 00:00:00+08:00,12.808765192094123,12.841607893781378,12.644550323486328,12.644550323486328,99988,0.0,0.0
2017-05-17 00:00:00+08:00,12.644549598510112,12.874449857311065,12.644549598510112,12.808764457702637,57539,0.0,0.0
2017-05-18 00:00:00+08:00,12.743078991023015,12.97298063332462,12.546021412029916,12.907295227050781,87937,0.0,0.0
2017-05-19 00:00:00+08:00,12.874451705679066,12.972981179408906,12.71023682291043,12.841609001159668,128107,0.0,0.0
2017-05-22 00:00:00+08:00,12.940139346207703,13.268569133859643,12.841609865843427,13.20288372039795,133814,0.0,0.0
2017-05-23 00:00:00+08:00,13.33425190425343,13.596996226363432,13.00582218170166,13.00582218170166,1258274,0.0,0.0
2017-05-24 00:00:00+08:00,13.104351642535777,13.137194342756661,13.00582218170166,13.00582218170166,75995,0.0,0.0
2017-05-25 00:00:00+08:00,13.07150936126709,13.334252331626745,13.038666659993572,13.07150936126709,132449,0.0,0.0
2017-05-26 00:00:00+08:00,13.00582218170166,13.00582218170166,12.972979481480776,13.00582218170166,27358,0.0,0.0
2017-05-31 00:00:00+08:00,13.005823814819232,13.137195992370398,12.874451637268066,12.874451637268066,43534,0.0,0.0
2017-06-01 00:00:00+08:00,12.874451360209877,12.940138127657699,12.74307918548584,12.74307918548584,95570,0.0,0.0
2017-06-02 00:00:00+08:00,12.743079253190043,12.743079253190043,12.644551141752238,12.710236549377441,129333,0.0,0.0
2017-06-05 00:00:00+08:00,12.907295093672506,13.038667265034226,12.907295093672506,12.972980499267578,58625,0.0,0.0
2017-06-06 00:00:00+08:00,13.038667265034226,13.104352670629298,12.972980499267578,12.972980499267578,81423,0.0,0.0
2017-06-07 00:00:00+08:00,12.972981110474349,12.972981110474349,12.841608932923183,12.874451637268066,40603,0.0,0.0
2017-06-08 00:00:00+08:00,12.874450103837065,12.874450103837065,12.578863079596195,12.611705780029297,326901,0.0,0.0
2017-06-09 00:00:00+08:00,12.677392541066975,12.677392541066975,12.611705780029297,12.611705780029297,74106,0.0,0.0
2017-06-12 00:00:00+08:00,12.48033788073079,12.578866004943848,12.48033788073079,12.578866004943848,129248,0.0,0.0
2017-06-13 00:00:00+08:00,12.51317875822043,12.578864164753202,12.480336054954044,12.546021461486816,78166,0.0,0.0
2017-06-14 00:00:00+08:00,12.513177936705901,12.611706040036497,12.414648473203803,12.480335235595703,159590,0.0,0.0
2017-06-15 00:00:00+08:00,12.480336054954044,12.546021461486816,12.447491991516067,12.546021461486816,20627,0.0,0.0
2017-06-16 00:00:00+08:00,12.447491393019753,12.644550323486328,12.447491393019753,12.644550323486328,55400,0.0,0.0
2017-06-19 00:00:00+08:00,12.677392541066975,12.80876470297086,12.578863079596195,12.611705780029297,450980,0.0,0.0
2017-06-20 00:00:00+08:00,12.74307842854809,12.74307842854809,12.611706261627548,12.644550323486328,55445,0.0,0.0
2017-06-21 00:00:00+08:00,12.611705780029297,12.611705780029297,12.480334978296886,12.611705780029297,156333,0.0,0.0
2017-06-22 00:00:00+08:00,12.611706261627548,12.644550323486328,12.54602085825304,12.644550323486328,116882,0.0,0.0
2017-06-23 00:00:00+08:00,12.611705780029297,12.644549840633873,12.51317767872999,12.611705780029297,72876,0.0,0.0
2017-06-26 00:00:00+08:00,12.546023296872828,12.578866004943848,12.51318058880181,12.578866004943848,68852,0.0,0.0
2017-06-27 00:00:00+08:00,12.611705780029297,12.644549840633873,12.578863079596195,12.611705780029297,104371,0.0,0.0
2017-06-28 00:00:00+08:00,12.61170691135755,12.677393678287634,12.61170691135755,11.922004699707031,96688,0.0,0.0
2017-06-29 00:00:00+08:00,12.756053924560547,12.791097721736934,12.721008676054865,12.756053924560547,86960,1.05006,0.0
2017-06-30 00:00:00+08:00,12.756055460856295,12.756055460856295,12.721010208129883,12.721010208129883,31483,0.0,0.0
2017-07-03 00:00:00+08:00,12.756055460856295,12.756055460856295,12.721010208129883,12.721010208129883,68522,0.0,0.0
2017-07-04 00:00:00+08:00,12.721008676054865,12.756053924560547,12.650921081702093,12.756053924560547,53359,0.0,0.0
2017-07-05 00:00:00+08:00,12.791099262253237,12.791099262253237,12.68596640673294,12.721010208129883,57539,0.0,0.0
2017-07-06 00:00:00+08:00,12.756055772985691,13.036407642350664,12.756055772985691,12.966320037841797,104222,0.0,0.0
2017-07-07 00:00:00+08:00,12.896232234244092,12.966319837670962,12.826143179487737,12.861186981201172,59710,0.0,0.0
2017-07-10 00:00:00+08:00,13.03640781586392,13.071451618584781,12.86118735093008,12.896232604980469,79252,0.0,0.0
2017-07-11 00:00:00+08:00,12.896232234244092,12.896232234244092,12.826143179487737,12.861186981201172,85766,0.0,0.0
2017-07-12 00:00:00+08:00,12.861187152701312,12.861187152701312,12.756055746159108,12.791099548339844,18544,0.0,0.0
2017-07-13 00:00:00+08:00,12.791099548339842,12.791099548339842,12.756055746159108,12.791099548339844,22798,0.0,0.0
2017-07-14 00:00:00+08:00,12.791099745488355,12.896232604980469,12.791099745488355,12.896232604980469,27141,0.0,0.0
2017-07-17 00:00:00+08:00,12.931276407701331,13.001364013143057,12.896232604980469,12.896232604980469,36912,0.0,0.0
2017-07-18 00:00:00+08:00,12.931276407701331,12.966320210422193,12.86118735093008,12.896232604980469,66308,0.0,0.0
2017-07-19 00:00:00+08:00,12.966318158948164,12.966318158948164,12.756053924560547,12.756053924560547,85884,0.0,0.0
2017-07-20 00:00:00+08:00,12.896232604980469,12.931276407701331,12.86118735093008,12.896232604980469,26200,0.0,0.0
2017-07-21 00:00:00+08:00,12.896232604980469,12.931276407701331,12.826143548209217,12.896232604980469,29312,0.0,0.0
2017-07-24 00:00:00+08:00,12.896232433332932,13.071451444605097,12.896232433332932,12.966320037841797,43426,0.0,0.0
2017-07-25 00:00:00+08:00,12.966319167639371,13.001362967541926,12.861186316602296,12.931275367736816,50019,0.0,0.0
2017-07-26 00:00:00+08:00,12.931276235587363,12.966320037841797,12.861187179748992,12.966320037841797,39083,0.0,0.0
2017-07-27 00:00:00+08:00,12.966320037841797,12.966320037841797,12.861187179748992,12.966320037841797,35826,0.0,0.0
2017-07-28 00:00:00+08:00,12.756055942767492,12.931276407701331,12.756055942767492,12.896232604980469,13027,0.0,0.0
2017-07-31 00:00:00+08:00,12.896232604980469,12.896232604980469,12.826143548209217,12.896232604980469,29464,0.0,0.0
2017-08-01 00:00:00+08:00,12.896232234244092,12.966319837670962,12.861186981201172,12.861186981201172,26055,0.0,0.0
2017-08-02 00:00:00+08:00,12.861187179748992,12.966320037841797,12.861187179748992,12.966320037841797,53379,0.0,0.0
2017-08-03 00:00:00+08:00,12.966319837670962,12.966319837670962,12.861186981201172,12.861186981201172,17370,0.0,0.0
2017-08-04 00:00:00+08:00,12.966319837670962,12.966319837670962,12.861186981201172,12.861186981201172,15245,0.0,0.0
2017-08-07 00:00:00+08:00,12.966319952249357,13.07145135831867,12.896232348203148,13.001363754272461,119995,0.0,0.0
2017-08-08 00:00:00+08:00,14.297995567321777,14.297995567321777,14.297995567321777,14.297995567321777,807173,0.0,0.0
2017-08-09 00:00:00+08:00,14.788613133422496,15.06896644300275,14.017642257741523,14.297995567321777,2381810,0.0,0.0
2017-08-10 00:00:00+08:00,14.29799645198032,14.29799645198032,13.772335052490233,13.772335052490234,364942,0.0,0.0
2017-08-11 00:00:00+08:00,14.0176420211792,14.368082926575736,13.947554420631661,14.0176420211792,452288,0.0,0.0
2017-08-14 00:00:00+08:00,14.017642719450077,14.017642719450077,13.562068939208984,13.562068939208984,197658,0.0,0.0
2017-08-15 00:00:00+08:00,13.982599147060844,13.982599147060844,13.702245823642283,13.842422485351562,62967,0.0,0.0
2017-08-16 00:00:00+08:00,13.87746524810791,13.947554299375538,13.772333848200587,13.87746524810791,121648,0.0,0.0
2017-08-17 00:00:00+08:00,13.94755659446568,14.087733268737795,13.94755659446568,14.087733268737793,166104,0.0,0.0
2017-08-18 00:00:00+08:00,13.80737793420808,14.087731242427662,13.80737793420808,13.947554588317871,193331,0.0,0.0
2017-08-21 00:00:00+08:00,14.157817758996925,14.368081998385719,13.982597317618042,14.192861557006836,198729,0.0,0.0
2017-08-22 00:00:00+08:00,14.227906514261988,14.438170770782454,14.227906514261988,14.297995567321777,158505,0.0,0.0
2017-08-23 00:00:00+08:00,14.43816959440554,14.43816959440554,14.157817758996925,14.192861557006836,124970,0.0,0.0
2017-08-24 00:00:00+08:00,14.227905355016746,14.368081998385719,14.122773960987015,14.192861557006836,116544,0.0,0.0
2017-08-25 00:00:00+08:00,14.22790813446045,14.333041000357378,14.122776719893135,14.22790813446045,140749,0.0,0.0
2017-08-28 00:00:00+08:00,14.368081998385719,14.368081998385719,13.982597317618042,14.192861557006836,230600,0.0,0.0
2017-08-29 00:00:00+08:00,14.15781983464174,14.15781983464174,14.052686973869397,14.12277603149414,124901,0.0,0.0
2017-08-30 00:00:00+08:00,14.157818663542294,14.61339096943638,14.157818663542294,14.40312671661377,287806,0.0,0.0
2017-08-31 00:00:00+08:00,14.40312671661377,14.578347169187516,14.26295151561831,14.40312671661377,130333,0.0,0.0
2017-09-01 00:00:00+08:00,14.403126919696017,14.57834737474035,14.262951716724107,14.508259773254395,119834,0.0,0.0
2017-09-04 00:00:00+08:00,14.648437712939188,15.559583868855848,14.648437712939188,14.928791046142578,1208461,0.0,0.0
2017-09-05 00:00:00+08:00,14.928791046142578,15.068967712744273,14.788614379540883,14.928791046142578,229305,0.0,0.0
2017-09-06 00:00:00+08:00,14.998878457630227,15.209142729118245,14.753568931452913,14.823657989501953,300074,0.0,0.0
2017-09-07 00:00:00+08:00,14.92878823717099,15.55958094119554,14.92878823717099,15.104008674621582,534190,0.0,0.0
2017-09-08 00:00:00+08:00,15.244187298932635,15.87498008505709,15.033921585561664,15.454451560974121,819344,0.0,0.0
2017-09-11 00:00:00+08:00,15.69975919611379,15.769846797770692,15.524538740642091,15.629670143127441,690594,0.0,0.0
2017-09-12 00:00:00+08:00,15.73480096474597,16.61090458028253,15.73480096474597,16.26046371459961,1068885,0.0,0.0
2017-09-13 00:00:00+08:00,16.470730372315288,16.470730372315288,15.664715681867834,15.699759483337402,687940,0.0,0.0
2017-09-14 00:00:00+08:00,15.664714772232905,15.874979020169949,15.489494323730469,15.489494323730469,211050,0.0,0.0
2017-09-15 00:00:00+08:00,15.559582644526689,15.629670246647803,15.17409793020165,15.209141731262207,302901,0.0,0.0
2017-09-18 00:00:00+08:00,15.349319371130687,15.489496035691397,15.209142706569976,15.384363174438477,232378,0.0,0.0
2017-09-19 00:00:00+08:00,15.45445124134502,15.45445124134502,15.209141731262209,15.209141731262207,219301,0.0,0.0
2017-09-20 00:00:00+08:00,15.209142706569976,15.384363174438477,15.068967493338816,15.384363174438477,303738,0.0,0.0
2017-09-21 00:00:00+08:00,15.594626024852305,16.891258239746094,15.594626024852305,16.891258239746094,2279604,0.0,0.0
2017-09-22 00:00:00+08:00,16.821170617766644,16.821170617766644,15.945068359374998,15.945068359375,2074037,0.0,0.0
2017-09-25 00:00:00+08:00,16.085244462590442,16.085244462590442,15.559581674147424,15.594625473022461,345840,0.0,0.0
2017-09-26 00:00:00+08:00,15.244186235546936,15.734802328976762,15.244186235546936,15.314273834228516,303027,0.0,0.0
2017-09-27 00:00:00+08:00,15.489495042405576,15.559582644526689,15.209141731262209,15.209141731262207,215284,0.0,0.0
2017-09-28 00:00:00+08:00,15.384360393959044,15.419404190933223,15.244185206062326,15.349316596984863,86124,0.0,0.0
2017-09-29 00:00:00+08:00,15.209141816087547,15.279230869929023,15.139054213575537,15.174098014831543,113125,0.0,0.0
2017-10-02 00:00:00+08:00,15.314276428710157,15.664717384147087,15.279232623432389,15.419407844543457,238859,0.0,0.0
2017-10-03 00:00:00+08:00,15.419405886827294,15.629670143127443,15.419405886827294,15.629670143127441,165019,0.0,0.0
2017-10-05 00:00:00+08:00,15.559581674147424,15.734802119851976,15.524537875272387,15.594625473022461,93474,0.0,0.0
2017-10-06 00:00:00+08:00,15.594625680284217,15.664714730295183,15.209140984876761,15.314273834228516,499766,0.0,0.0
2017-10-11 00:00:00+08:00,14.753566028369406,14.753566028369406,14.578345594719547,14.64843463897705,544357,0.0,0.0
2017-10-12 00:00:00+08:00,14.648437712939188,15.03392245759667,14.613392457791587,14.928791046142578,275755,0.0,0.0
2017-10-13 00:00:00+08:00,15.068966579022034,15.31427463862193,14.823657068092674,14.99887752532959,635143,0.0,0.0
2017-10-16 00:00:00+08:00,15.068966374881597,15.209141577708596,14.893744468688965,14.893744468688965,292099,0.0,0.0
2017-10-17 00:00:00+08:00,15.033920243194842,15.033920243194842,14.788612201271384,14.858699798583984,134622,0.0,0.0
2017-10-18 00:00:00+08:00,14.928790652889855,14.928790652889855,14.718524932861326,14.718524932861328,81570,0.0,0.0
2017-10-19 00:00:00+08:00,14.893745398665413,14.893745398665413,14.648437327071505,14.718524932861328,138027,0.0,0.0
2017-10-20 00:00:00+08:00,14.718522231905288,14.753566028369406,14.613389391183665,14.64843463897705,129372,0.0,0.0
2017-10-23 00:00:00+08:00,14.64843752137368,14.823657989501953,14.64843752137368,14.823657989501953,139643,0.0,0.0
2017-10-24 00:00:00+08:00,14.718524265455779,14.893744723314564,14.718524265455779,14.788613319396973,118764,0.0,0.0
2017-10-25 00:00:00+08:00,14.788614186142208,14.893745596221441,14.788614186142208,14.823657989501953,79470,0.0,0.0
2017-10-26 00:00:00+08:00,14.823659805535886,15.033924102783203,14.753570738900294,15.033924102783203,115079,0.0,0.0
2017-10-27 00:00:00+08:00,15.174097777001846,15.419405833278535,14.893744468688965,14.893744468688965,491800,0.0,0.0
2017-10-30 00:00:00+08:00,14.928789975949893,14.99887757856162,14.753568066761641,14.788613319396973,135815,0.0,0.0
2017-10-31 00:00:00+08:00,15.03392245759667,15.03392245759667,14.823658183358914,14.928791046142578,57539,0.0,0.0
2017-11-01 00:00:00+08:00,14.893747420841748,15.24418985136025,14.893747420841748,15.033924102783203,112365,0.0,0.0
2017-11-02 00:00:00+08:00,15.033920660905858,15.349317760234445,14.963833061645905,15.068965911865234,257459,0.0,0.0
2017-11-03 00:00:00+08:00,15.0689654931805,15.0689654931805,14.823655999927684,14.858699798583984,252127,0.0,0.0
2017-11-06 00:00:00+08:00,14.928789922966608,15.03392132651108,14.928789922966608,14.99887752532959,37997,0.0,0.0
2017-11-07 00:00:00+08:00,14.963833672508853,15.209141731262209,14.858700817997727,15.209141731262207,305828,0.0,0.0
2017-11-08 00:00:00+08:00,15.314275297642634,15.48949576241983,14.753568649291992,14.753568649291992,993513,0.0,0.0
2017-11-09 00:00:00+08:00,14.788613133422496,14.928789788212624,14.297995567321777,14.297995567321777,330379,0.0,0.0
2017-11-10 00:00:00+08:00,14.29799469594626,14.36808229340519,14.12277425096958,14.262950897216797,115329,0.0,0.0
2017-11-13 00:00:00+08:00,14.262951647297117,14.262951647297117,14.157818794250488,14.157818794250488,126369,0.0,0.0
2017-11-14 00:00:00+08:00,13.947554420631661,14.0176420211792,13.877465368754699,14.0176420211792,145485,0.0,0.0
2017-11-15 00:00:00+08:00,13.98259822090543,14.0176420211792,13.912510620357892,14.0176420211792,55647,0.0,0.0
2017-11-16 00:00:00+08:00,14.087731157529669,14.087731157529669,13.982598304748535,13.982598304748535,27141,0.0,0.0
2017-11-17 00:00:00+08:00,14.0176420211792,14.26295152575443,14.0176420211792,14.0176420211792,87937,0.0,0.0
2017-11-20 00:00:00+08:00,14.017644205936913,14.157820880209025,13.94755659446568,14.087733268737793,45599,0.0,0.0
2017-11-21 00:00:00+08:00,14.333040301709286,14.333040301709286,14.08773222834654,14.12277603149414,67310,0.0,0.0
2017-11-22 00:00:00+08:00,14.12277478906865,14.227906189262708,13.947554337415808,14.052685737609863,132612,0.0,0.0
2017-11-23 00:00:00+08:00,14.052684913637863,14.192861557006836,14.017641115627953,14.192861557006836,111822,0.0,0.0
2017-11-24 00:00:00+08:00,14.297997195501607,14.297997195501607,14.087732915037364,14.22790813446045,59678,0.0,0.0
2017-11-27 00:00:00+08:00,14.157817758996925,14.297994402365898,14.122773960987015,14.192861557006836,69699,0.0,0.0
2017-11-28 00:00:00+08:00,14.227908235780806,14.858702532995189,14.157820625570153,14.368084907531738,760343,0.0,0.0
2017-11-29 00:00:00+08:00,14.36808404041719,14.36808404041719,14.227907377125925,14.333040237426758,34345,0.0,0.0
2017-11-30 00:00:00+08:00,14.262950604355987,14.297994402365898,14.192861557006836,14.192861557006836,74048,0.0,0.0
2017-12-01 00:00:00+08:00,14.192863637789342,14.227907440936942,14.052686973869397,14.12277603149414,67310,0.0,0.0
2017-12-04 00:00:00+08:00,14.12277603149414,14.12277603149414,14.08773222834654,14.12277603149414,11283,0.0,0.0
2017-12-05 00:00:00+08:00,14.052688011672528,14.227908491680257,14.052688011672528,14.087733268737793,53656,0.0,0.0
2017-12-06 00:00:00+08:00,14.087731242427662,14.192862644512925,13.912510787622784,13.947554588317871,83601,0.0,0.0
2017-12-07 00:00:00+08:00,14.052685990403134,14.052685990403134,13.947554588317871,13.947554588317871,35826,0.0,0.0
2017-12-08 00:00:00+08:00,13.98259822090543,14.0176420211792,13.947554420631661,14.0176420211792,13027,0.0,0.0
2017-12-11 00:00:00+08:00,14.087732915037364,14.22790813446045,14.017643853996207,14.22790813446045,30654,0.0,0.0
2017-12-12 00:00:00+08:00,14.122776719893135,14.22790813446045,14.122776719893135,14.22790813446045,61882,0.0,0.0
2017-12-13 00:00:00+08:00,14.157818794250488,14.157818794250488,14.157818794250488,14.157818794250488,15220,0.0,0.0
2017-12-14 00:00:00+08:00,14.29799469594626,14.29799469594626,14.192861848428509,14.262950897216797,41254,0.0,0.0
2017-12-15 00:00:00+08:00,14.227907377125925,14.333040237426758,14.157819771145062,14.333040237426758,28226,0.0,0.0
2017-12-18 00:00:00+08:00,14.648437366999717,14.683481169990149,14.333040237426758,14.333040237426758,267383,0.0,0.0
2017-12-19 00:00:00+08:00,14.297997195501607,14.403128610068922,14.22790813446045,14.22790813446045,53207,0.0,0.0
2017-12-20 00:00:00+08:00,14.368082832953585,14.508259484464697,14.297995232862736,14.438170433044434,108901,0.0,0.0
2017-12-21 00:00:00+08:00,14.473215972511417,14.57834737474035,14.473215972511417,14.508259773254395,99880,0.0,0.0
2017-12-22 00:00:00+08:00,14.57834737474035,14.64843642755575,14.508259773254395,14.508259773254395,67712,0.0,0.0
2017-12-25 00:00:00+08:00,14.648434638977049,14.928787913348533,14.578345594719547,14.64843463897705,148750,0.0,0.0
2017-12-26 00:00:00+08:00,14.823657792875592,14.858701595770503,14.648437327071505,14.718524932861328,96807,0.0,0.0
2017-12-27 00:00:00+08:00,14.578347122409967,14.718523774285066,14.578347122409967,14.613390922546387,24970,0.0,0.0
2017-12-28 00:00:00+08:00,14.578349113464355,14.683481979561671,14.543305308541788,14.578349113464355,87937,0.0,0.0
2017-12-29 00:00:00+08:00,14.613392918386921,14.613392918386921,14.508261503619222,14.578349113464355,78221,0.0,0.0
2018-01-02 00:00:00+08:00,14.613390260654354,14.683479309082031,14.578346462105191,14.683479309082031,27141,0.0,0.0
2018-01-03 00:00:00+08:00,14.85870245550412,14.85870245550412,14.578349113464355,14.578349113464355,109650,0.0,0.0
2018-01-04 00:00:00+08:00,14.648437241223391,14.78861390331105,14.648437241223391,14.753568649291992,41254,0.0,0.0
2018-01-05 00:00:00+08:00,14.78861398998068,14.78861398998068,14.648437327071505,14.718524932861328,20632,0.0,0.0
2018-01-08 00:00:00+08:00,15.03392132651108,15.104010380203523,14.893744670455655,14.99887752532959,152009,0.0,0.0
2018-01-09 00:00:00+08:00,15.068966579022034,15.244187036258948,14.893744670455655,14.99887752532959,132992,0.0,0.0
2018-01-10 00:00:00+08:00,14.998879522094349,14.998879522094349,14.71852617266073,14.963835716247559,85980,0.0,0.0
2018-01-11 00:00:00+08:00,14.858701987176945,14.963834849960609,14.823658183358914,14.928791046142578,43650,0.0,0.0
2018-01-12 00:00:00+08:00,14.753567814532524,14.998877322138656,14.753567814532524,14.893744468688965,66224,0.0,0.0
2018-01-15 00:00:00+08:00,14.893745790994975,14.928791046142578,14.893745790994975,14.928791046142578,80720,0.0,0.0
2018-01-16 00:00:00+08:00,14.928789871448297,15.419405988955006,14.928789871448297,15.209141731262207,173704,0.0,0.0
2018-01-17 00:00:00+08:00,15.209141110385142,15.209141110385142,15.068965911865233,15.068965911865234,86960,0.0,0.0
2018-01-18 00:00:00+08:00,15.279230784712778,15.349318386833891,15.209141731262209,15.209141731262207,147648,0.0,0.0
2018-01-19 00:00:00+08:00,15.349318704288635,15.629670569900785,15.314274902503302,15.454451560974121,322873,0.0,0.0
2018-01-22 00:00:00+08:00,15.454451560974121,15.664715823015605,15.244187298932635,15.454451560974121,116273,0.0,0.0
2018-01-23 00:00:00+08:00,15.559581880943428,15.559581880943428,15.314273834228516,15.314273834228516,69970,0.0,0.0
2018-01-24 00:00:00+08:00,15.349317633569305,15.349317633569305,15.244186235546936,15.314273834228516,57736,0.0,0.0
2018-01-25 00:00:00+08:00,15.419405315921647,15.419405315921647,15.209141067406561,15.279230117797852,67853,0.0,0.0
2018-01-26 00:00:00+08:00,15.279229112072173,15.279229112072173,15.033919628843766,15.104008674621582,96623,0.0,0.0
2018-01-29 00:00:00+08:00,15.209141783747995,15.31427463862193,14.99887752532959,14.99887752532959,107912,0.0,0.0
2018-01-30 00:00:00+08:00,15.033920660905858,15.174097310755164,14.963833061645905,15.068965911865234,100261,0.0,0.0
2018-01-31 00:00:00+08:00,15.13905247184584,15.174096269070098,14.96383203439525,15.104008674621582,46683,0.0,0.0
2018-02-01 00:00:00+08:00,15.10400971149521,15.10400971149521,14.963833061645905,15.068965911865234,40277,0.0,0.0
2018-02-02 00:00:00+08:00,15.068965911865233,15.068965911865233,14.928789262015929,15.068965911865234,54282,0.0,0.0
2018-02-05 00:00:00+08:00,14.963833777255758,14.963833777255758,14.648436662844052,14.788613319396973,129290,0.0,0.0
2018-02-06 00:00:00+08:00,14.683481188007143,14.683481188007143,13.527025528597136,13.772335052490234,412548,0.0,0.0
2018-02-07 00:00:00+08:00,13.947553716718048,13.982597515223205,13.80737707136807,13.91250991821289,143306,0.0,0.0
2018-02-08 00:00:00+08:00,13.772334966107268,13.842422571734527,13.66720210633685,13.807378768920898,67310,0.0,0.0
2018-02-09 00:00:00+08:00,13.807378768920898,13.807378768920898,13.807378768920898,13.807378768920898,0,0.0,0.0
2018-02-12 00:00:00+08:00,13.772334966107268,14.017643037132203,13.772334966107268,13.807378768920898,31538,0.0,0.0
2018-02-21 00:00:00+08:00,14.017642105232436,14.15781875849747,13.982598304748535,13.982598304748535,48854,0.0,0.0
2018-02-22 00:00:00+08:00,14.017644205936913,14.087733268737795,13.982600400201296,14.087733268737793,30405,0.0,0.0
2018-02-23 00:00:00+08:00,14.157818794250488,14.192862594822886,14.087731193105695,14.157818794250488,62967,0.0,0.0
2018-02-26 00:00:00+08:00,14.157818794250488,14.368083049014308,14.122774993678092,14.157818794250488,73856,0.0,0.0
2018-02-27 00:00:00+08:00,14.403126640915552,14.403126640915552,14.017641937545179,14.052685737609863,55601,0.0,0.0
2018-03-01 00:00:00+08:00,14.0176420211792,14.052685821452968,13.98259822090543,14.0176420211792,36912,0.0,0.0
2018-03-02 00:00:00+08:00,13.877465535598255,13.947554588317871,13.877465535598255,13.947554588317871,68396,0.0,0.0
2018-03-05 00:00:00+08:00,13.947553716718048,13.982597515223205,13.91250991821289,13.91250991821289,37997,0.0,0.0
2018-03-06 00:00:00+08:00,14.0176420211792,14.12277487332993,13.98259822090543,14.0176420211792,14113,0.0,0.0
2018-03-07 00:00:00+08:00,13.982598389012958,13.982598389012958,13.912510787622784,13.947554588317871,18456,0.0,0.0
2018-03-08 00:00:00+08:00,13.982598137480492,14.297995240721495,13.947554337415808,14.052685737609863,57539,0.0,0.0
2018-03-09 00:00:00+08:00,14.017641937545179,14.052685737609863,13.87746528595702,14.052685737609863,61882,0.0,0.0
2018-03-12 00:00:00+08:00,14.71852497298058,14.71852497298058,14.333040237426758,14.333040237426758,195992,0.0,0.0
2018-03-13 00:00:00+08:00,14.297995232862736,14.61339088460097,14.297995232862736,14.438170433044434,117250,0.0,0.0
2018-03-14 00:00:00+08:00,14.648435510532869,14.858699753157195,14.648435510532869,14.683479309082031,209618,0.0,0.0
2018-03-15 00:00:00+08:00,14.683481129966417,14.858701595770503,14.683481129966417,14.718524932861328,77176,0.0,0.0
2018-03-16 00:00:00+08:00,14.718526931247363,15.033924102783203,14.718526931247363,15.033924102783203,129553,0.0,0.0
2018-03-19 00:00:00+08:00,15.068967493338816,15.559583642306977,15.033922238701475,15.384363174438477,410553,0.0,0.0
2018-03-20 00:00:00+08:00,15.139054213575537,15.454451327538512,15.104010412319532,15.174098014831543,254368,0.0,0.0
2018-03-21 00:00:00+08:00,15.209141901305596,15.244187154087427,14.998877641261972,15.139054298400879,114047,0.0,0.0
2018-03-22 00:00:00+08:00,15.033920660905858,15.209141110385142,15.033920660905858,15.068965911865234,80665,0.0,0.0
2018-03-23 00:00:00+08:00,14.998879522094349,14.998879522094349,14.683482366813942,14.963835716247559,83649,0.0,0.0
2018-03-26 00:00:00+08:00,14.998880295130272,15.104013169418796,14.998880295130272,15.033924102783203,38030,0.0,0.0
2018-03-27 00:00:00+08:00,15.10400867462158,15.244185314847913,15.068964877397322,15.104008674621582,61882,0.0,0.0
2018-03-28 00:00:00+08:00,15.104011516562304,15.104011516562304,14.893745790994975,14.928791046142578,34740,0.0,0.0
2018-03-29 00:00:00+08:00,14.998876861275882,15.349317760234445,14.963833061645905,15.068965911865234,89055,0.0,0.0
2018-03-30 00:00:00+08:00,14.998876861275882,15.139053511125187,14.928789262015929,15.068965911865234,54282,0.0,0.0
2018-04-02 00:00:00+08:00,15.279230869929023,15.419406074953043,15.174098014831543,15.174098014831543,99161,0.0,0.0
2018-04-03 00:00:00+08:00,15.139054497969058,15.279231156955822,14.89374498190985,15.244187355041504,148799,0.0,0.0
2018-04-09 00:00:00+08:00,15.209140066294356,15.244185314847913,15.068964877397322,15.104008674621582,80718,0.0,0.0
2018-04-10 00:00:00+08:00,15.24418985136025,15.24418985136025,15.033924102783203,15.033924102783203,25013,0.0,0.0
2018-04-11 00:00:00+08:00,15.033922260989971,15.068967515679267,14.718525128093168,14.823657989501953,182716,0.0,0.0
2018-04-12 00:00:00+08:00,14.858699798583984,14.858699798583984,14.788612201271384,14.858699798583984,36912,0.0,0.0
2018-04-13 00:00:00+08:00,14.893743597240285,14.928788847225942,14.823655999927684,14.858699798583984,49972,0.0,0.0
2018-04-16 00:00:00+08:00,14.858701595770503,14.858701595770503,14.718524932861326,14.718524932861328,70568,0.0,0.0
2018-04-17 00:00:00+08:00,14.858701595770503,14.858701595770503,14.718524932861326,14.718524932861328,54286,0.0,0.0
2018-04-18 00:00:00+08:00,14.718522231905288,14.788611276162792,14.578345594719547,14.64843463897705,93366,0.0,0.0
2018-04-19 00:00:00+08:00,14.718522231905288,14.82365507262691,14.578345594719547,14.64843463897705,133600,0.0,0.0
2018-04-20 00:00:00+08:00,14.718524265455779,14.788613319396973,14.683480464149914,14.788613319396973,34198,0.0,0.0
2018-04-23 00:00:00+08:00,14.823656867275465,14.963833521431907,14.823656867275465,14.893744468688965,77335,0.0,0.0
2018-04-24 00:00:00+08:00,14.78861398998068,14.858701595770503,14.718524932861326,14.718524932861328,47795,0.0,0.0
2018-04-25 00:00:00+08:00,14.718524908877944,14.718524908877944,14.543304443359375,14.543304443359375,64732,0.0,0.0
2018-04-26 00:00:00+08:00,14.543304443359375,14.543304443359375,14.438171583516421,14.543304443359375,56610,0.0,0.0
2018-04-27 00:00:00+08:00,14.473217010498047,14.648437478108798,14.43817175591226,14.473217010498047,24970,0.0,0.0
2018-04-30 00:00:00+08:00,14.473217698696654,14.578349113464355,14.473217698696654,14.578349113464355,44511,0.0,0.0
2018-05-02 00:00:00+08:00,14.508261503619222,14.613392918386921,14.508261503619222,14.578349113464355,42483,0.0,0.0
2018-05-03 00:00:00+08:00,14.578349113464355,14.613392918386921,14.508261503619222,14.578349113464355,57539,0.0,0.0
2018-05-04 00:00:00+08:00,14.578348246197184,14.578348246197184,14.508260640521568,14.543304443359375,31568,0.0,0.0
2018-05-07 00:00:00+08:00,14.543304617010529,14.543304617010529,14.403127952656018,14.473217010498047,113993,0.0,0.0
2018-05-08 00:00:00+08:00,14.438170770782454,14.438170770782454,14.297995567321777,14.297995567321777,100205,0.0,0.0
2018-05-09 00:00:00+08:00,14.333041000357378,14.368084805213151,14.22790813446045,14.22790813446045,107479,0.0,0.0
2018-05-10 00:00:00+08:00,14.227905647157973,14.333038494675725,14.227905647157973,14.262950897216797,23884,0.0,0.0
2018-05-11 00:00:00+08:00,14.262953390645835,14.333041000357378,14.122776719893135,14.22790813446045,59710,0.0,0.0
2018-05-14 00:00:00+08:00,14.12277511166648,14.297995567321777,14.08773131080131,14.297995567321777,70595,0.0,0.0
2018-05-15 00:00:00+08:00,14.36808404041719,14.36808404041719,14.333040237426758,14.333040237426758,41098,0.0,0.0
2018-05-16 00:00:00+08:00,14.157819878532786,14.578348420266769,14.157819878532786,14.473217010498047,53224,0.0,0.0
2018-05-17 00:00:00+08:00,14.368084907531738,14.613392994598652,14.333041102426412,14.368084907531738,44880,0.0,0.0
2018-05-18 00:00:00+08:00,14.473217010498047,14.473217010498047,14.368084149399778,14.473217010498047,45140,0.0,0.0
2018-05-21 00:00:00+08:00,14.47321683768376,14.78861396588309,14.47321683768376,14.543304443359375,144391,0.0,0.0
2018-05-22 00:00:00+08:00,14.683481979561671,14.683481979561671,14.543305308541788,14.578349113464355,41254,0.0,0.0
2018-05-23 00:00:00+08:00,14.578345594719547,14.683478435441168,14.368081364605567,14.64843463897705,85224,0.0,0.0
2018-05-24 00:00:00+08:00,14.683481106040137,14.683481106040137,14.543304443359375,14.543304443359375,16301,0.0,0.0
2018-05-25 00:00:00+08:00,14.683481106040137,14.683481106040137,14.543304443359375,14.543304443359375,15199,0.0,0.0
2018-05-28 00:00:00+08:00,14.54330328451012,14.54330328451012,14.403126632999008,14.438170433044434,67310,0.0,0.0
2018-05-29 00:00:00+08:00,14.438170516862634,14.508259568689786,14.40312671661377,14.40312671661377,35055,0.0,0.0
2018-05-30 00:00:00+08:00,14.403126632999008,14.508259484464697,14.368082832953585,14.438170433044434,15199,0.0,0.0
2018-05-31 00:00:00+08:00,14.43816981657919,14.788612156058871,14.403126018030028,14.683479309082031,131398,0.0,0.0
2018-06-01 00:00:00+08:00,14.683481979561671,14.683481979561671,14.438172442444472,14.578349113464355,59765,0.0,0.0
2018-06-04 00:00:00+08:00,14.508261503619222,14.578349113464355,14.508261503619222,14.578349113464355,28226,0.0,0.0
2018-06-05 00:00:00+08:00,14.578345594719547,14.648434638977049,14.508258001791308,14.64843463897705,58082,0.0,0.0
2018-06-06 00:00:00+08:00,14.578345594719547,14.648434638977049,14.508258001791308,14.64843463897705,31483,0.0,0.0
2018-06-07 00:00:00+08:00,14.648435510532869,14.788612156058871,14.508258865006868,14.683479309082031,131472,0.0,0.0
2018-06-08 00:00:00+08:00,14.753568735756238,14.998878258679678,14.648437327071505,14.718524932861328,242188,0.0,0.0
2018-06-11 00:00:00+08:00,14.78861390331105,14.823657706000585,14.648437241223391,14.753568649291992,41254,0.0,0.0
2018-06-12 00:00:00+08:00,14.718522231905288,14.718522231905288,14.613389391183665,14.64843463897705,37997,0.0,0.0
2018-06-13 00:00:00+08:00,14.648437712939188,15.209142928016396,14.648437712939188,14.928791046142578,703590,0.0,0.0
2018-06-14 00:00:00+08:00,14.998878258679678,14.998878258679678,14.648437327071505,14.718524932861328,68997,0.0,0.0
2018-06-15 00:00:00+08:00,14.718522231905288,14.82365507262691,14.648434638977049,14.64843463897705,60999,0.0,0.0
2018-06-19 00:00:00+08:00,14.578345594719547,14.82365507262691,14.578345594719547,14.64843463897705,47082,0.0,0.0
2018-06-20 00:00:00+08:00,14.648436662844052,14.788613319396973,14.648436662844052,14.788613319396973,24061,0.0,0.0
2018-06-21 00:00:00+08:00,14.753568066761641,14.823657120702835,14.683480464149914,14.788613319396973,18456,0.0,0.0
2018-06-22 00:00:00+08:00,14.683479309082031,14.788612156058871,14.683479309082031,14.683479309082031,28226,0.0,0.0
2018-06-25 00:00:00+08:00,14.718522231905288,15.244184984184132,14.543301798255428,14.64843463897705,455974,0.0,0.0
2018-06-26 00:00:00+08:00,14.893743551706358,14.893743551706358,14.648435510532869,14.683479309082031,48854,0.0,0.0
2018-06-27 00:00:00+08:00,14.718524932861326,14.753568735756238,14.718524932861326,14.718524932861328,27141,0.0,0.0
2018-06-28 00:00:00+08:00,14.718524932861326,14.823657792875592,14.683481129966417,14.718524932861328,52654,0.0,0.0
2018-06-29 00:00:00+08:00,14.788614379540883,15.068967712744273,14.71852532057525,14.928791046142578,72836,0.0,0.0
2018-07-02 00:00:00+08:00,14.928790565398712,14.928790565398712,14.753568649291992,14.753568649291992,51459,0.0,0.0
2018-07-03 00:00:00+08:00,14.753568735756238,14.823657792875592,14.578348269952151,14.718524932861328,60796,0.0,0.0
2018-07-04 00:00:00+08:00,14.788612825887322,14.788612825887322,14.613390922546387,14.613390922546387,15199,0.0,0.0
2018-07-05 00:00:00+08:00,14.753568711715753,14.753568711715753,14.508260640521568,14.543304443359375,97708,0.0,0.0
2018-07-06 00:00:00+08:00,14.963833055686855,15.980111952527857,14.963833055686855,15.839935302734375,2563747,0.0,0.0
2018-07-09 00:00:00+08:00,16.821169346762755,17.416919708251953,16.26046423402474,17.416919708251953,4393520,0.0,0.0
2018-07-10 00:00:00+08:00,17.522054286250796,17.872495226842855,16.33055479797188,15.664716720581055,3362963,0.0,0.0
2018-07-11 00:00:00+08:00,17.380053224406204,17.98457622974081,16.964442191287826,17.040008544921875,2139792,1.49219,0.0
2018-07-12 00:00:00+08:00,16.397699577454414,17.228919977411913,16.284352407969777,16.851091384887695,1257404,0.0,0.0
2018-07-13 00:00:00+08:00,16.77552767727689,17.1155723369562,16.511049366830463,16.73774528503418,977217,0.0,0.0
2018-07-16 00:00:00+08:00,16.926659347630398,16.926659347630398,15.868742942810059,15.868742942810059,920447,0.0,0.0
2018-07-17 00:00:00+08:00,15.868740722511966,16.133220569085722,15.113086700439451,15.113086700439453,1095423,0.0,0.0
2018-07-18 00:00:00+08:00,15.1130870290163,15.33978292761724,14.621911278091492,14.735260009765625,893015,0.0,0.0
2018-07-19 00:00:00+08:00,14.999739862089495,14.999739862089495,14.659693667067094,14.735260009765625,292164,0.0,0.0
2018-07-20 00:00:00+08:00,14.84860874143976,14.924173519390964,14.621911278091492,14.735260009765625,292420,0.0,0.0
2018-07-23 00:00:00+08:00,14.735260176187662,14.735260176187662,14.508562710279044,14.546346664428711,278144,0.0,0.0
2018-07-24 00:00:00+08:00,14.584129557503674,14.848609421948604,14.432998429927629,14.697478294372559,511451,0.0,0.0
2018-07-25 00:00:00+08:00,14.735261240376337,14.961957157909715,14.735261240376337,14.773043632507324,210737,0.0,0.0
2018-07-26 00:00:00+08:00,14.773043130701307,14.848609477143926,14.58412961171587,14.621912002563477,189989,0.0,0.0
2018-07-27 00:00:00+08:00,14.62191172362293,14.735260458750814,14.584129333496094,14.584129333496094,131472,0.0,0.0
2018-07-30 00:00:00+08:00,14.584129888501536,14.65969467163086,14.584129888501536,14.65969467163086,80644,0.0,0.0
2018-07-31 00:00:00+08:00,14.65969467163086,14.735261019507616,14.621912280066198,14.65969467163086,66224,0.0,0.0
2018-08-01 00:00:00+08:00,14.659693667067094,14.81082478771683,14.659693667067094,14.735260009765625,106393,0.0,0.0
2018-08-02 00:00:00+08:00,14.810825521548914,14.88639186799153,14.621912002563477,14.621912002563477,159590,0.0,0.0
2018-08-03 00:00:00+08:00,14.659695379237531,15.377568677354194,14.54634819907241,14.924175262451172,1308265,0.0,0.0
2018-08-06 00:00:00+08:00,15.11308714598939,15.226435878540826,14.924173634901889,14.961956024169922,208661,0.0,0.0
2018-08-07 00:00:00+08:00,14.77304307578688,14.77304307578688,14.584129557503674,14.697478294372559,293723,0.0,0.0
2018-08-08 00:00:00+08:00,14.659694393411083,14.697478349006095,14.470780874425646,14.621912002563477,162601,0.0,0.0
2018-08-09 00:00:00+08:00,14.584129053831031,14.621911443233353,14.470780320876722,14.546346664428711,117250,0.0,0.0
2018-08-10 00:00:00+08:00,14.546346664428711,14.584129053831031,14.508562710279044,14.546346664428711,78166,0.0,0.0
2018-08-13 00:00:00+08:00,14.546348176272106,14.546348176272106,13.790694050699011,13.979607582092285,306696,0.0,0.0
2018-08-14 00:00:00+08:00,13.941824067268113,14.206302364044781,13.941824067268113,14.168519973754883,61882,0.0,0.0
2018-08-15 00:00:00+08:00,14.092954952214036,14.092954952214036,13.60178070281338,13.790694236755371,227227,0.0,0.0
2018-08-16 00:00:00+08:00,13.79069300535069,13.94182413195892,13.22395088938298,13.375082015991211,282269,0.0,0.0
2018-08-17 00:00:00+08:00,13.450648139188491,13.75291038740538,13.450648139188491,13.639561653137207,94451,0.0,0.0
2018-08-20 00:00:00+08:00,13.639561877877838,13.866257785402118,13.639561877877838,13.752910614013672,59710,0.0,0.0
2018-08-21 00:00:00+08:00,13.904042983019576,13.904042983019576,13.639563096652273,13.790694236755371,37664,0.0,0.0
2018-08-22 00:00:00+08:00,13.790693560163206,13.904042300866351,13.71512721144529,13.828475952148438,58625,0.0,0.0
2018-08-23 00:00:00+08:00,13.904041729778918,14.31964958929345,13.866257774598152,14.0929536819458,106502,0.0,0.0
2018-08-24 00:00:00+08:00,14.092954260792508,14.092954260792508,13.601780035489599,13.828475952148438,140592,0.0,0.0
2018-08-27 00:00:00+08:00,13.866258837357318,13.979607582092285,13.828476444028164,13.979607582092285,27143,0.0,0.0
2018-08-28 00:00:00+08:00,14.017389297485352,14.092954080489047,14.017389297485352,14.017389297485352,17404,0.0,0.0
2018-08-29 00:00:00+08:00,14.017389975421437,14.017389975421437,13.979607582092285,13.979607582092285,28226,0.0,0.0
2018-08-30 00:00:00+08:00,13.941825188763131,13.979607582092285,13.904042795433979,13.979607582092285,11942,0.0,0.0
2018-08-31 00:00:00+08:00,13.904043471532855,13.941825866699219,13.86625951161891,13.941825866699219,22831,0.0,0.0
2018-09-03 00:00:00+08:00,13.904042300866351,13.904042300866351,13.790693560163206,13.828475952148438,66496,0.0,0.0
2018-09-04 00:00:00+08:00,13.979607364183954,13.979607364183954,13.86625862121582,13.86625862121582,8685,0.0,0.0
2018-09-05 00:00:00+08:00,13.866258166730526,14.168520428240175,13.866258166730526,14.017389297485352,47768,0.0,0.0
2018-09-06 00:00:00+08:00,13.86625862121582,14.017389756924171,13.790693835735386,13.86625862121582,69481,0.0,0.0
2018-09-07 00:00:00+08:00,13.866258344133668,13.866258344133668,13.790693560163206,13.828475952148438,47768,0.0,0.0
2018-09-10 00:00:00+08:00,13.828475449398423,13.828475449398423,13.601779540981372,13.67734432220459,53196,0.0,0.0
2018-09-11 00:00:00+08:00,13.526213195010758,13.752910668175204,13.526213195010758,13.67734432220459,35826,0.0,0.0
2018-09-12 00:00:00+08:00,13.790692777245651,13.790692777245651,13.639561653137207,13.639561653137207,14113,0.0,0.0
2018-09-13 00:00:00+08:00,13.677344721171577,13.677344721171577,13.526213589569263,13.60177993774414,60990,0.0,0.0
2018-09-14 00:00:00+08:00,13.677344268340653,13.790693004476488,13.601779487415023,13.752910614013672,26055,0.0,0.0
2018-09-17 00:00:00+08:00,13.866257336296758,13.904041290283203,13.828474947057654,13.904041290283203,35826,0.0,0.0
2018-09-18 00:00:00+08:00,14.206304197611338,14.206304197611338,13.941825866699219,13.941825866699219,48854,0.0,0.0
2018-09-19 00:00:00+08:00,14.092954080489047,14.092954080489047,13.941824514481654,14.017389297485352,42340,0.0,0.0
2018-09-20 00:00:00+08:00,14.09295335039564,14.1307373046875,14.055170960851129,14.1307373046875,40169,0.0,0.0
2018-09-21 00:00:00+08:00,14.13073880936125,14.206303596496582,14.13073880936125,14.206303596496582,28226,0.0,0.0
2018-09-25 00:00:00+08:00,14.206302364044781,14.206302364044781,13.904041676978215,14.168519973754883,31483,0.0,0.0
2018-09-26 00:00:00+08:00,14.206303596496582,14.206303596496582,14.206303596496582,14.206303596496582,4342,0.0,0.0
2018-09-27 00:00:00+08:00,14.09295335039564,14.16851969423201,14.055170960851129,14.1307373046875,16284,0.0,0.0
2018-09-28 00:00:00+08:00,14.055171966552734,14.055171966552734,13.979607182056764,14.055171966552734,10856,0.0,0.0
2018-10-01 00:00:00+08:00,14.206304197611338,14.206304197611338,13.904043471532855,13.941825866699219,27382,0.0,0.0
2018-10-02 00:00:00+08:00,13.904042795433979,13.979607582092285,13.904042795433979,13.979607582092285,19765,0.0,0.0
2018-10-03 00:00:00+08:00,14.055170847239625,14.055170847239625,13.904041290283203,13.904041290283203,28226,0.0,0.0
2018-10-04 00:00:00+08:00,13.904042578703521,13.904042578703521,13.86625862121582,13.86625862121582,19541,0.0,0.0
2018-10-05 00:00:00+08:00,13.979606860417716,13.979606860417716,13.677344599893274,13.715126991271973,66224,0.0,0.0
2018-10-08 00:00:00+08:00,13.752911069346455,13.979606984376206,13.60177993774414,13.60177993774414,93670,0.0,0.0
2018-10-09 00:00:00+08:00,13.828475394939302,13.828475394939302,13.752910614013672,13.752910614013672,29801,0.0,0.0
2018-10-11 00:00:00+08:00,13.601780235909011,13.601780235909011,13.07282126370559,13.261734008789062,128291,0.0,0.0
2018-10-12 00:00:00+08:00,13.14838594197815,13.563995361328125,13.14838594197815,13.563995361328125,54282,0.0,0.0
2018-10-15 00:00:00+08:00,13.37508145562096,13.526212575897311,13.223950335344608,13.299516677856445,39213,0.0,0.0
2018-10-16 00:00:00+08:00,13.29951772996063,13.526213645935059,13.29951772996063,13.526213645935059,23178,0.0,0.0
2018-10-17 00:00:00+08:00,13.526212971341286,13.601779316062334,13.412864236633398,13.563995361328125,31562,0.0,0.0
2018-10-18 00:00:00+08:00,13.601779263296937,13.639561653137207,13.488430529028761,13.639561653137207,28226,0.0,0.0
2018-10-19 00:00:00+08:00,13.601779316062334,13.601779316062334,13.488430581354447,13.563995361328125,19541,0.0,0.0
2018-10-22 00:00:00+08:00,13.715127112885295,13.752911069346455,13.412864849680666,13.60177993774414,73824,0.0,0.0
2018-10-23 00:00:00+08:00,13.715127170038324,13.715127170038324,13.375082513702957,13.526213645935059,22798,0.0,0.0
2018-10-24 00:00:00+08:00,13.526213645935059,13.526213645935059,13.488431254063896,13.526213645935059,23884,0.0,0.0
2018-10-25 00:00:00+08:00,13.450648819727851,13.450648819727851,13.22395133972168,13.22395133972168,52397,0.0,0.0
2018-10-26 00:00:00+08:00,13.223951616247117,13.261734008789062,13.223951616247117,13.261734008789062,11942,0.0,0.0
2018-10-29 00:00:00+08:00,13.148385557580093,13.299516677856445,13.148385557580093,13.299516677856445,27266,0.0,0.0
2018-10-30 00:00:00+08:00,13.488431211479732,13.526213603231612,13.148386556217917,13.22395133972168,24970,0.0,0.0
2018-10-31 00:00:00+08:00,13.261732724226865,13.488430187015055,13.261732724226865,13.299516677856445,39246,0.0,0.0
2018-11-01 00:00:00+08:00,13.412865085353303,13.412865085353303,13.337300300598145,13.337300300598145,27141,0.0,0.0
2018-11-02 00:00:00+08:00,13.52621382723351,13.52621382723351,13.337300300598145,13.337300300598145,47768,0.0,0.0
2018-11-05 00:00:00+08:00,13.337299902558597,13.412864685058594,13.337299902558597,13.412864685058594,27203,0.0,0.0
2018-11-06 00:00:00+08:00,13.41286440645642,13.41286440645642,13.375082015991211,13.375082015991211,8811,0.0,0.0
2018-11-07 00:00:00+08:00,13.526212971341286,13.563995361328125,13.450648191367607,13.563995361328125,35826,0.0,0.0
2018-11-08 00:00:00+08:00,13.601779540981372,14.092953748427083,13.601779540981372,13.67734432220459,112059,0.0,0.0
2018-11-09 00:00:00+08:00,13.752910947398098,13.752910947398098,13.639562208514576,13.715126991271973,16331,0.0,0.0
2018-11-12 00:00:00+08:00,13.71512748550747,13.86625862121582,13.71512748550747,13.86625862121582,7599,0.0,0.0
2018-11-13 00:00:00+08:00,13.526213141742003,13.790693004476488,13.526213141742003,13.752910614013672,32569,0.0,0.0
2018-11-14 00:00:00+08:00,13.828476630594263,13.866259024433155,13.677345490491165,13.790694236755371,6513,0.0,0.0
2018-11-15 00:00:00+08:00,13.97960777069736,13.97960777069736,13.790694236755371,13.790694236755371,15199,0.0,0.0
2018-11-16 00:00:00+08:00,13.866257785402118,13.866257785402118,13.677344268340653,13.752910614013672,30398,0.0,0.0
2018-11-19 00:00:00+08:00,13.866259024433155,14.055172558375144,13.790694236755371,13.790694236755371,57105,0.0,0.0
2018-11-20 00:00:00+08:00,13.941825376858468,13.941825376858468,13.790694236755371,13.790694236755371,22798,0.0,0.0
2018-11-21 00:00:00+08:00,13.904042983019576,13.904042983019576,13.790694236755371,13.790694236755371,31483,0.0,0.0
2018-11-22 00:00:00+08:00,13.904041740612323,13.904041740612323,13.752910614013672,13.752910614013672,44511,0.0,0.0
2018-11-23 00:00:00+08:00,13.866259024433155,13.866259024433155,13.60178070281338,13.790694236755371,42340,0.0,0.0
2018-11-26 00:00:00+08:00,13.752910614013672,13.752910614013672,13.752910614013672,13.752910614013672,17533,0.0,0.0
2018-11-27 00:00:00+08:00,13.715126658803468,13.752910614013672,13.677344268340653,13.752910614013672,17370,0.0,0.0
2018-11-28 00:00:00+08:00,13.677344268340653,13.752910614013672,13.677344268340653,13.752910614013672,9770,0.0,0.0
2018-11-29 00:00:00+08:00,13.866257840010032,13.866257840010032,13.601779540981372,13.67734432220459,84731,0.0,0.0
2018-11-30 00:00:00+08:00,13.7151267128162,13.752910668175204,13.67734432220459,13.67734432220459,24047,0.0,0.0
2018-12-03 00:00:00+08:00,13.752911842916479,13.866259024433155,13.752911842916479,13.790694236755371,8718,0.0,0.0
2018-12-04 00:00:00+08:00,13.866257785402118,13.866257785402118,13.752910614013672,13.752910614013672,20632,0.0,0.0
2018-12-05 00:00:00+08:00,13.715126658803468,13.752910614013672,13.677344268340653,13.752910614013672,29736,0.0,0.0
2018-12-06 00:00:00+08:00,13.677344042977477,13.677344042977477,13.639561653137207,13.639561653137207,39083,0.0,0.0
2018-12-07 00:00:00+08:00,13.639561877877838,13.752910614013672,13.639561877877838,13.752910614013672,6513,0.0,0.0
2018-12-10 00:00:00+08:00,13.790693058786813,13.790693058786813,13.67734432220459,13.67734432220459,11035,0.0,0.0
2018-12-11 00:00:00+08:00,13.67734432220459,13.752910668175204,13.601779540981372,13.67734432220459,11942,0.0,0.0
2018-12-12 00:00:00+08:00,13.752910614013672,13.790693004476488,13.677344268340653,13.752910614013672,21713,0.0,0.0
2018-12-13 00:00:00+08:00,13.752910668175204,13.752910668175204,13.223950940623093,13.67734432220459,33655,0.0,0.0
2018-12-14 00:00:00+08:00,13.526212575897311,13.526212575897311,13.223950335344608,13.299516677856445,288295,0.0,0.0
2018-12-17 00:00:00+08:00,12.99725605680994,13.223951187078217,12.846124926799474,12.883907318115234,347702,0.0,0.0
2018-12-18 00:00:00+08:00,12.846125202926832,13.11060351256954,12.694994069667803,12.921689987182617,162847,0.0,0.0
2018-12-19 00:00:00+08:00,12.770559636297317,12.95947237931051,12.770559636297317,12.921689987182617,83683,0.0,0.0
2018-12-20 00:00:00+08:00,12.959472782633423,12.99725674068468,12.846125602722168,12.846125602722168,85298,0.0,0.0
2018-12-21 00:00:00+08:00,13.035038272645023,13.186168618247226,12.997255881837898,13.072820663452148,60796,0.0,0.0
2018-12-24 00:00:00+08:00,12.921691587868427,12.99725794623252,12.770561218261719,12.770561218261719,47399,0.0,0.0
2018-12-25 00:00:00+08:00,12.770561218261719,12.883909191060205,12.694995642271452,12.770561218261719,33655,0.0,0.0
2018-12-26 00:00:00+08:00,12.808343615069939,12.808343615069939,12.770561218261719,12.770561218261719,31511,0.0,0.0
2018-12-27 00:00:00+08:00,12.846125602722168,12.846125602722168,12.808342427044664,12.846125602722168,40169,0.0,0.0
2018-12-28 00:00:00+08:00,12.770561218261719,12.808343615069939,12.694995642271452,12.770561218261719,38300,0.0,0.0
2019-01-02 00:00:00+08:00,12.732775688171387,12.77055886037736,12.694993298339096,12.732775688171387,21715,0.0,0.0
2019-01-03 00:00:00+08:00,12.619428634643555,12.619428634643555,12.317166364973268,12.619428634643555,88271,0.0,0.0
2019-01-04 00:00:00+08:00,12.468296002120171,12.619427118801488,12.468296002120171,12.543862342834473,33738,0.0,0.0
2019-01-07 00:00:00+08:00,13.223951009054352,13.601779611367817,13.072820663452148,13.072820663452148,192160,0.0,0.0
2019-01-08 00:00:00+08:00,13.110602829055098,13.22395078190317,13.07282043889697,13.148386001586914,51025,0.0,0.0
2019-01-09 00:00:00+08:00,12.997254701023182,13.072819475772292,12.959470748901367,12.959470748901367,42340,0.0,0.0
2019-01-10 00:00:00+08:00,12.997257232666016,12.997257232666016,12.959473273184532,12.997257232666016,14200,0.0,0.0
2019-01-11 00:00:00+08:00,12.997254701023182,13.035037088397738,12.883905974152258,12.959470748901367,32569,0.0,0.0
2019-01-14 00:00:00+08:00,12.99725674068468,12.99725674068468,12.846125602722168,12.846125602722168,13027,0.0,0.0
2019-01-15 00:00:00+08:00,12.883907595054724,12.921689987182617,12.846125202926832,12.921689987182617,22798,0.0,0.0
2019-01-16 00:00:00+08:00,12.95947237931051,12.95947237931051,12.846125202926832,12.921689987182617,6513,0.0,0.0
2019-01-17 00:00:00+08:00,12.959470748901367,12.959470748901367,12.883905974152258,12.959470748901367,30723,0.0,0.0
2019-01-18 00:00:00+08:00,12.997257232666016,13.035039627399932,12.959473273184532,12.997257232666016,31516,0.0,0.0
2019-01-21 00:00:00+08:00,12.997257103121832,13.148387462924962,12.997257103121832,13.110604286193848,41381,0.0,0.0
2019-01-22 00:00:00+08:00,13.412864581145433,13.412864581145433,13.186168670654297,13.186168670654297,24970,0.0,0.0
2019-01-23 00:00:00+08:00,13.337300358620432,13.337300358620432,13.223951616247117,13.261734008789062,34072,0.0,0.0
2019-01-24 00:00:00+08:00,13.412864297441185,13.412864297441185,13.07282043889697,13.148386001586914,15199,0.0,0.0
2019-01-25 00:00:00+08:00,13.110604286193848,13.148387462924962,13.110604286193848,13.110604286193848,15199,0.0,0.0
2019-01-28 00:00:00+08:00,13.110602829055098,13.148386001586914,13.110602829055098,13.148386001586914,11951,0.0,0.0
2019-01-29 00:00:00+08:00,13.1483862274401,13.1483862274401,13.035038272645023,13.072820663452148,26799,0.0,0.0
2019-01-30 00:00:00+08:00,13.072820663452148,13.072820663452148,12.997255881837898,13.072820663452148,30398,0.0,0.0
2019-02-11 00:00:00+08:00,12.997257232666016,13.07282202213385,12.921690878450615,12.997257232666016,34852,0.0,0.0
2019-02-12 00:00:00+08:00,13.072820663452148,13.110603054259274,13.072820663452148,13.072820663452148,12593,0.0,0.0
2019-02-13 00:00:00+08:00,13.07282043889697,13.148386001586914,13.035038048738844,13.148386001586914,16619,0.0,0.0
2019-02-14 00:00:00+08:00,13.148386556217917,13.22395133972168,13.148386556217917,13.22395133972168,25187,0.0,0.0
2019-02-15 00:00:00+08:00,13.261734008789062,13.261734008789062,13.223951616247117,13.261734008789062,27141,0.0,0.0
2019-02-18 00:00:00+08:00,13.37508196242512,13.450648307800293,13.29951718179733,13.450648307800293,79361,0.0,0.0
2019-02-19 00:00:00+08:00,13.45064841378754,13.790693058786813,13.412864458428535,13.67734432220459,60968,0.0,0.0
2019-02-20 00:00:00+08:00,13.71512721144529,13.904042300866351,13.71512721144529,13.828475952148438,64053,0.0,0.0
2019-02-21 00:00:00+08:00,13.866259024433155,13.866259024433155,13.752911842916479,13.790694236755371,39083,0.0,0.0
2019-02-22 00:00:00+08:00,13.752911168177974,13.828475952148438,13.752911168177974,13.828475952148438,39590,0.0,0.0
2019-02-25 00:00:00+08:00,13.828475952148438,13.828475952148438,13.752911168177974,13.828475952148438,11073,0.0,0.0
2019-02-26 00:00:00+08:00,13.790693338776796,13.790693338776796,13.677344599893274,13.715126991271973,24970,0.0,0.0
2019-02-27 00:00:00+08:00,13.639562208514576,13.715126991271973,13.601779817135878,13.715126991271973,35826,0.0,0.0
2019-03-04 00:00:00+08:00,13.715126658803468,13.752910614013672,13.677344268340653,13.752910614013672,15296,0.0,0.0
2019-03-05 00:00:00+08:00,13.67734481946006,13.828475952148438,13.67734481946006,13.828475952148438,10856,0.0,0.0
2019-03-06 00:00:00+08:00,13.866257336296758,13.941823679522308,13.866257336296758,13.904041290283203,23959,0.0,0.0
2019-03-07 00:00:00+08:00,13.941825188763131,13.979607582092285,13.866258837357318,13.979607582092285,30569,0.0,0.0
2019-03-08 00:00:00+08:00,13.979606068761413,14.055170847239625,13.904041290283203,13.904041290283203,26055,0.0,0.0
2019-03-11 00:00:00+08:00,14.017389975421437,14.017389975421437,13.904042795433979,13.979607582092285,18456,0.0,0.0
2019-03-12 00:00:00+08:00,14.055170960851129,14.20630208377652,14.01738857130662,14.1307373046875,44674,0.0,0.0
2019-03-13 00:00:00+08:00,14.13073880936125,14.206303596496582,14.092954851046064,14.206303596496582,51234,0.0,0.0
2019-03-14 00:00:00+08:00,14.16851969423201,14.20630208377652,14.01738857130662,14.1307373046875,47855,0.0,0.0
2019-03-15 00:00:00+08:00,14.09295335039564,14.20630208377652,14.09295335039564,14.1307373046875,30398,0.0,0.0
2019-03-18 00:00:00+08:00,14.130737583464985,14.168519973754883,14.055171238137806,14.168519973754883,55368,0.0,0.0
2019-03-19 00:00:00+08:00,14.168521202928915,14.206303596496582,14.055172457478397,14.206303596496582,55673,0.0,0.0
2019-03-20 00:00:00+08:00,14.206303100292141,14.244085492540126,14.055171966552734,14.055171966552734,46687,0.0,0.0
2019-03-21 00:00:00+08:00,14.055172457478397,14.206303596496582,14.055172457478397,14.206303596496582,37853,0.0,0.0
2019-03-22 00:00:00+08:00,14.168521113485559,14.168521113485559,13.979607582092285,13.979607582092285,75996,0.0,0.0
2019-03-25 00:00:00+08:00,13.979607364183954,13.979607364183954,13.752911442995169,13.86625862121582,56652,0.0,0.0
2019-03-26 00:00:00+08:00,13.828476630594263,13.828476630594263,13.677345490491165,13.790694236755371,37020,0.0,0.0
2019-03-27 00:00:00+08:00,13.790693461060174,13.790693461060174,13.526213589569263,13.60177993774414,80643,0.0,0.0
2019-03-28 00:00:00+08:00,13.488430698114188,13.488430698114188,13.29951718179733,13.450648307800293,109978,0.0,0.0
2019-03-29 00:00:00+08:00,13.526212918869032,13.677344042977477,13.526212918869032,13.639561653137207,113052,0.0,0.0
2019-04-01 00:00:00+08:00,13.677344721171577,13.677344721171577,13.526213589569263,13.60177993774414,51125,0.0,0.0
2019-04-02 00:00:00+08:00,13.60177993774414,13.60177993774414,13.56399598128298,13.60177993774414,63389,0.0,0.0
2019-04-03 00:00:00+08:00,13.601779316062334,13.601779316062334,13.299517066672879,13.563995361328125,117305,0.0,0.0
2019-04-08 00:00:00+08:00,13.563995361328125,13.601779316062334,13.299517066672879,13.563995361328125,79593,0.0,0.0
2019-04-09 00:00:00+08:00,13.601779263296937,13.639561653137207,13.450648139188491,13.639561653137207,13503,0.0,0.0
2019-04-10 00:00:00+08:00,13.71512721144529,13.828475952148438,13.639562427474829,13.828475952148438,53497,0.0,0.0
2019-04-11 00:00:00+08:00,13.828475952148438,13.828475952148438,13.71512721144529,13.828475952148438,77081,0.0,0.0
2019-04-12 00:00:00+08:00,13.86625862121582,13.904042578703521,13.828476228475603,13.86625862121582,58625,0.0,0.0
2019-04-15 00:00:00+08:00,13.904042983019576,13.904042983019576,13.790694236755371,13.790694236755371,100609,0.0,0.0
2019-04-16 00:00:00+08:00,13.752911168177974,13.828475952148438,13.752911168177974,13.828475952148438,25132,0.0,0.0
2019-04-17 00:00:00+08:00,13.828475952148438,13.828475952148438,13.790693560163206,13.828475952148438,32569,0.0,0.0
2019-04-18 00:00:00+08:00,13.866259024433155,13.941825376858468,13.790694236755371,13.790694236755371,61882,0.0,0.0
2019-04-19 00:00:00+08:00,13.941824692851583,13.941824692851583,13.790693560163206,13.828475952148438,59765,0.0,0.0
2019-04-22 00:00:00+08:00,13.828475952148438,13.941824692851583,13.790693560163206,13.828475952148438,31780,0.0,0.0
2019-04-23 00:00:00+08:00,13.752910168579442,13.904041290283203,13.752910168579442,13.904041290283203,40169,0.0,0.0
2019-04-24 00:00:00+08:00,13.904042578703521,13.904042578703521,13.828476228475603,13.86625862121582,8685,0.0,0.0
2019-04-25 00:00:00+08:00,13.828476228475603,13.86625862121582,13.752911442995169,13.86625862121582,15199,0.0,0.0
2019-04-26 00:00:00+08:00,13.904042300866351,13.904042300866351,13.828475952148438,13.828475952148438,4408,0.0,0.0
2019-04-29 00:00:00+08:00,13.828475952148438,13.828475952148438,13.752911168177974,13.828475952148438,29371,0.0,0.0
2019-04-30 00:00:00+08:00,13.828475952148438,13.828475952148438,13.790693560163206,13.828475952148438,8826,0.0,0.0
2019-05-02 00:00:00+08:00,13.828475952148438,13.828475952148438,13.752911168177974,13.828475952148438,27141,0.0,0.0
2019-05-03 00:00:00+08:00,13.904041290283203,13.904041290283203,13.866257336296758,13.904041290283203,18564,0.0,0.0
2019-05-06 00:00:00+08:00,13.904041290283203,13.904041290283203,13.790692557818549,13.904041290283203,43534,0.0,0.0
2019-05-07 00:00:00+08:00,13.904043471532855,13.941825866699219,13.828477116452547,13.941825866699219,17370,0.0,0.0
2019-05-08 00:00:00+08:00,13.941823679522308,13.941823679522308,13.828474947057654,13.904041290283203,11073,0.0,0.0
2019-05-09 00:00:00+08:00,13.904042578703521,13.904042578703521,13.752911442995169,13.86625862121582,26327,0.0,0.0
2019-05-10 00:00:00+08:00,13.904041290283203,13.904041290283203,13.790692557818549,13.904041290283203,24971,0.0,0.0
2019-05-13 00:00:00+08:00,13.979607084836815,13.979607084836815,13.828475952148438,13.828475952148438,30399,0.0,0.0
2019-05-14 00:00:00+08:00,13.828476228475603,13.904042578703521,13.677345092767252,13.86625862121582,36686,0.0,0.0
2019-05-15 00:00:00+08:00,13.904042578703521,13.904042578703521,13.86625862121582,13.86625862121582,12138,0.0,0.0
2019-05-16 00:00:00+08:00,13.904041290283203,13.904041290283203,13.904041290283203,13.904041290283203,14113,0.0,0.0
2019-05-17 00:00:00+08:00,13.941823679522308,13.979606068761413,13.904041290283203,13.904041290283203,54282,0.0,0.0
2019-05-20 00:00:00+08:00,13.904042397560794,14.130738315796169,13.904042397560794,14.055171966552734,53198,0.0,0.0
2019-05-21 00:00:00+08:00,14.16851969423201,14.20630208377652,14.09295335039564,14.1307373046875,71653,0.0,0.0
2019-05-22 00:00:00+08:00,14.206302364044781,14.206302364044781,14.168519973754883,14.168519973754883,31861,0.0,0.0
2019-05-23 00:00:00+08:00,14.16851969423201,14.16851969423201,14.055170960851129,14.1307373046875,40169,0.0,0.0
2019-05-24 00:00:00+08:00,14.055172368750592,14.092954762079744,13.979607582092285,13.979607582092285,24253,0.0,0.0
2019-05-27 00:00:00+08:00,14.055172368750592,14.055172368750592,13.979607582092285,13.979607582092285,15199,0.0,0.0
2019-05-28 00:00:00+08:00,13.904042795433979,13.979607582092285,13.904042795433979,13.979607582092285,20627,0.0,0.0
2019-05-29 00:00:00+08:00,13.904042300866351,13.904042300866351,13.71512721144529,13.828475952148438,12855,0.0,0.0
2019-05-30 00:00:00+08:00,13.752910614013672,13.752910614013672,13.752910614013672,13.752910614013672,15200,0.0,0.0
2019-05-31 00:00:00+08:00,13.828475394939302,13.828475394939302,13.715126658803468,13.752910614013672,79252,0.0,0.0
2019-06-03 00:00:00+08:00,13.715128366205876,13.941825866699219,13.677345971039514,13.941825866699219,41254,0.0,0.0
2019-06-04 00:00:00+08:00,13.941823679522308,13.941823679522308,13.790692557818549,13.904041290283203,15199,0.0,0.0
2019-06-05 00:00:00+08:00,13.904041740612323,13.904041740612323,13.752910614013672,13.752910614013672,23015,0.0,0.0
2019-06-06 00:00:00+08:00,13.601779487415023,13.752910614013672,13.601779487415023,13.752910614013672,53584,0.0,0.0
2019-06-10 00:00:00+08:00,13.752912326119823,13.941825866699219,13.752912326119823,13.941825866699219,30944,0.0,0.0
2019-06-11 00:00:00+08:00,13.828476228475603,13.86625862121582,13.828476228475603,13.86625862121582,2195,0.0,0.0
2019-06-12 00:00:00+08:00,13.86625951161891,13.941825866699219,13.86625951161891,13.941825866699219,8686,0.0,0.0
2019-06-13 00:00:00+08:00,13.86625862121582,13.941824971443737,13.86625862121582,13.86625862121582,9770,0.0,0.0
2019-06-14 00:00:00+08:00,13.86625862121582,13.904042578703521,13.86625862121582,13.86625862121582,5428,0.0,0.0
2019-06-17 00:00:00+08:00,13.866258166730526,14.017389297485352,13.866258166730526,14.017389297485352,29316,0.0,0.0
2019-06-18 00:00:00+08:00,14.017389297485352,14.017389297485352,13.941824514481654,14.017389297485352,28324,0.0,0.0
2019-06-19 00:00:00+08:00,14.055172368750592,14.055172368750592,13.979607582092285,13.979607582092285,55433,0.0,0.0
2019-06-20 00:00:00+08:00,14.01738957430475,14.092954358800721,13.979607182056764,14.055171966552734,72738,0.0,0.0
2019-06-21 00:00:00+08:00,14.055171966552734,14.244085492540126,14.01738957430475,14.055171966552734,91194,0.0,0.0
2019-06-24 00:00:00+08:00,14.130737742770869,14.432998433245034,14.130737742770869,14.319649696350098,49940,0.0,0.0
2019-06-25 00:00:00+08:00,14.357434735514767,14.357434735514767,14.206303596496582,14.206303596496582,10856,0.0,0.0
2019-06-26 00:00:00+08:00,14.206303596496582,14.206303596496582,14.206303596496582,14.206303596496582,29681,0.0,0.0
2019-06-27 00:00:00+08:00,14.055170960851129,14.1307373046875,14.055170960851129,14.1307373046875,7724,0.0,0.0
2019-06-28 00:00:00+08:00,14.130737190465174,14.130737190465174,13.904041290283203,13.904041290283203,54407,0.0,0.0
2019-07-01 00:00:00+08:00,13.904042795433979,13.979607582092285,13.866258837357318,13.979607582092285,23274,0.0,0.0
2019-07-02 00:00:00+08:00,14.168520708044154,14.168520708044154,14.055171966552734,14.055171966552734,3566,0.0,0.0
2019-07-03 00:00:00+08:00,14.055171966552734,14.055171966552734,14.01738957430475,14.055171966552734,13027,0.0,0.0
2019-07-04 00:00:00+08:00,14.017389297485352,14.0551716889872,14.017389297485352,14.017389297485352,15199,0.0,0.0
2019-07-05 00:00:00+08:00,14.017389297485352,14.0551716889872,13.979606905983504,14.017389297485352,18456,0.0,0.0
2019-07-08 00:00:00+08:00,14.055171966552734,14.092954358800721,14.01738957430475,14.055171966552734,10856,0.0,0.0
2019-07-09 00:00:00+08:00,14.017388901079048,14.0929536819458,13.941824120212294,14.0929536819458,111822,0.0,0.0
2019-07-10 00:00:00+08:00,14.0929536819458,14.0929536819458,14.0929536819458,14.0929536819458,0,0.0,0.0
2019-07-11 00:00:00+08:00,14.092953628427704,14.206302364044781,14.092953628427704,14.168519973754883,41254,0.0,0.0
2019-07-12 00:00:00+08:00,14.168521202928915,14.206303596496582,14.13073880936125,14.206303596496582,18456,0.0,0.0
2019-07-15 00:00:00+08:00,14.168519973754883,14.206302364044781,14.092953628427704,14.168519973754883,23890,0.0,0.0
2019-07-16 00:00:00+08:00,14.168521202928915,14.206303596496582,14.13073880936125,14.206303596496582,19758,0.0,0.0
2019-07-17 00:00:00+08:00,14.13073880936125,14.206303596496582,14.13073880936125,14.206303596496582,69623,0.0,0.0
2019-07-18 00:00:00+08:00,14.206303195952234,14.281867980957031,14.206303195952234,14.281867980957031,60253,0.0,0.0
2019-07-19 00:00:00+08:00,14.244085588454633,14.31965037345943,14.244085588454633,14.281867980957031,54282,0.0,0.0
2019-07-22 00:00:00+08:00,14.281867980957031,14.31965037345943,14.244085588454633,14.281867980957031,55433,0.0,0.0
2019-07-23 00:00:00+08:00,14.281867980957031,14.281867980957031,14.206303195952234,14.281867980957031,77356,0.0,0.0
2019-07-24 00:00:00+08:00,14.28186752727042,14.584129787182704,14.28186752727042,14.432998657226562,609296,0.0,0.0
2019-07-25 00:00:00+08:00,14.62047154517181,14.62047154517181,14.416275978088379,14.416275978088379,183119,0.502923,1.05
2019-07-26 00:00:00+08:00,14.416273778683534,14.742987924807677,14.416273778683534,14.579630851745605,43426,0.0,0.0
2019-07-29 00:00:00+08:00,14.70214954662173,14.70214954662173,14.620471000671387,14.620471000671387,45494,0.0,0.0
2019-07-30 00:00:00+08:00,14.620472022046112,14.742990654927826,14.620472022046112,14.661312103271484,36188,0.0,0.0
2019-07-31 00:00:00+08:00,14.66130938827664,14.702147851145108,14.538790778083037,14.579630851745605,22747,0.0,0.0
2019-08-01 00:00:00+08:00,14.57963195764353,14.57963195764353,14.497953414916992,14.497953414916992,8281,0.0,0.0
2019-08-02 00:00:00+08:00,14.497953495657518,14.497953495657518,14.375434875488281,14.375434875488281,36188,0.0,0.0
2019-08-05 00:00:00+08:00,14.375434875488281,14.416274952476105,14.334596409294692,14.375434875488281,23263,0.0,0.0
2019-08-06 00:00:00+08:00,14.37543457356229,14.579631732624202,14.37543457356229,14.53879165649414,34120,0.0,0.0
2019-08-07 00:00:00+08:00,14.538790778083037,14.579630851745605,14.416273778683534,14.579630851745605,20679,0.0,0.0
2019-08-08 00:00:00+08:00,14.53879165649414,14.53879165649414,14.497953191158278,14.53879165649414,13498,0.0,0.0
2019-08-12 00:00:00+08:00,14.416275978088379,14.416275978088379,14.375435898195084,14.416275978088379,50663,0.0,0.0
2019-08-13 00:00:00+08:00,14.457113265991211,14.457113265991211,14.457113265991211,14.457113265991211,2564,0.0,0.0
2019-08-14 00:00:00+08:00,14.375434723672388,14.457113265991211,14.375434723672388,14.457113265991211,12613,0.0,0.0
2019-08-15 00:00:00+08:00,14.293757349202842,14.416275978088379,14.293757349202842,14.416275978088379,17700,0.0,0.0
2019-08-16 00:00:00+08:00,14.334596329463919,14.497953414916992,14.334596329463919,14.497953414916992,25848,0.0,0.0
2019-08-19 00:00:00+08:00,14.53879165649414,14.53879165649414,14.497953191158278,14.53879165649414,7237,0.0,0.0
2019-08-20 00:00:00+08:00,14.457113755914078,14.702149391174316,14.334596743681091,14.702149391174316,57901,0.0,0.0
2019-08-21 00:00:00+08:00,14.702148892947681,14.702148892947681,14.375434723672388,14.457113265991211,39290,0.0,0.0
2019-08-22 00:00:00+08:00,14.497953414916992,14.53879188088315,14.497953414916992,14.497953414916992,6366,0.0,0.0
2019-08-23 00:00:00+08:00,14.497954527080621,14.497954527080621,14.375435898195084,14.416275978088379,67207,0.0,0.0
2019-08-26 00:00:00+08:00,14.375434723672388,14.457113265991211,14.334596257910084,14.457113265991211,9305,0.0,0.0
2019-08-27 00:00:00+08:00,14.457113265991211,14.457113265991211,14.416274800228909,14.457113265991211,51697,0.0,0.0
2019-08-28 00:00:00+08:00,14.375434723672388,14.457113265991211,14.375434723672388,14.457113265991211,12407,0.0,0.0
2019-08-29 00:00:00+08:00,14.53879188088315,14.53879188088315,14.497953414916992,14.497953414916992,2067,0.0,0.0
2019-08-30 00:00:00+08:00,14.538790778083037,14.620469314614072,14.538790778083037,14.579630851745605,23780,0.0,0.0
2019-09-02 00:00:00+08:00,14.579630851745605,14.579630851745605,14.538790778083037,14.579630851745605,8662,0.0,0.0
2019-09-03 00:00:00+08:00,14.57963253309336,14.620471000671387,14.57963253309336,14.620471000671387,2067,0.0,0.0
2019-09-04 00:00:00+08:00,14.375435362820358,14.620471000671387,14.375435362820358,14.620471000671387,70308,0.0,0.0
2019-09-05 00:00:00+08:00,14.579630851745605,14.579630851745605,14.457112241552,14.579630851745605,15592,0.0,0.0
2019-09-06 00:00:00+08:00,14.497953191158278,14.579631732624202,14.416274649692351,14.53879165649414,31639,0.0,0.0
2019-09-10 00:00:00+08:00,14.416274800228909,14.457113265991211,14.416274800228909,14.457113265991211,89553,0.0,0.0
2019-09-11 00:00:00+08:00,14.457113265991211,14.457113265991211,14.416274800228909,14.457113265991211,29312,0.0,0.0
2019-09-12 00:00:00+08:00,14.457113115028214,14.53879165649414,14.457113115028214,14.53879165649414,45719,0.0,0.0
2019-09-16 00:00:00+08:00,14.620469314614072,14.620469314614072,14.579630851745605,14.579630851745605,53552,0.0,0.0
2019-09-17 00:00:00+08:00,14.579630851745605,14.579630851745605,14.538790778083037,14.579630851745605,66223,0.0,0.0
2019-09-18 00:00:00+08:00,14.57963253309336,14.620471000671387,14.538792454721044,14.620471000671387,22496,0.0,0.0
2019-09-19 00:00:00+08:00,14.661308879183341,14.906344480267931,14.661308879183341,14.783825874328613,157006,0.0,0.0
2019-09-20 00:00:00+08:00,14.98802405567221,15.028864130755164,14.783826901845757,14.824666976928711,66590,0.0,0.0
2019-09-23 00:00:00+08:00,14.824666976928711,14.824666976928711,14.702148362474007,14.824666976928711,19903,0.0,0.0
2019-09-24 00:00:00+08:00,14.742989469114827,14.783827936261064,14.702149391174316,14.702149391174316,17623,0.0,0.0
2019-09-25 00:00:00+08:00,14.620471000671387,14.620471000671387,14.538792454721044,14.620471000671387,57054,0.0,0.0
2019-09-26 00:00:00+08:00,14.70214954662173,14.70214954662173,14.538792454721044,14.620471000671387,11890,0.0,0.0
2019-09-27 00:00:00+08:00,14.579632378941332,14.742989469114827,14.579632378941332,14.702149391174316,13286,0.0,0.0
2019-10-01 00:00:00+08:00,14.702147851145108,14.702147851145108,14.579630851745605,14.579630851745605,11520,0.0,0.0
2019-10-02 00:00:00+08:00,14.579631732624202,14.579631732624202,14.497953191158278,14.53879165649414,18094,0.0,0.0
2019-10-03 00:00:00+08:00,14.416274649692351,14.579631732624202,14.37543457356229,14.53879165649414,50043,0.0,0.0
2019-10-04 00:00:00+08:00,14.53879188088315,14.53879188088315,14.497953414916992,14.497953414916992,25673,0.0,0.0
2019-10-07 00:00:00+08:00,14.457113265991211,14.457113265991211,14.416274800228909,14.457113265991211,25435,0.0,0.0
2019-10-08 00:00:00+08:00,14.416274952476105,14.457113418669694,14.334596409294692,14.375434875488281,54489,0.0,0.0
2019-10-09 00:00:00+08:00,14.293757349202842,14.416275978088379,14.252918880103895,14.416275978088379,85404,0.0,0.0
2019-10-14 00:00:00+08:00,14.416276448302456,15.028866391122225,14.416276448302456,14.661312103271484,254456,0.0,0.0
2019-10-15 00:00:00+08:00,14.70214734063375,14.824665946573068,14.70214734063375,14.783825874328613,68120,0.0,0.0
2019-10-16 00:00:00+08:00,14.742989469114827,14.742989469114827,14.62047084608757,14.702149391174316,26214,0.0,0.0
2019-10-17 00:00:00+08:00,14.620472022046112,14.742990654927826,14.620472022046112,14.661312103271484,62402,0.0,0.0
2019-10-18 00:00:00+08:00,14.62047084608757,14.702149391174316,14.497953833854586,14.702149391174316,18973,0.0,0.0
2019-10-21 00:00:00+08:00,14.70214946196295,14.783828007442967,14.620470916482933,14.742989540100098,47502,0.0,0.0
2019-10-22 00:00:00+08:00,14.742989624994046,14.742989624994046,14.620471000671387,14.620471000671387,37346,0.0,0.0
2019-10-23 00:00:00+08:00,14.70214946196295,14.742989540100098,14.70214946196295,14.742989540100098,20834,0.0,0.0
2019-10-24 00:00:00+08:00,14.742989540100098,14.742989540100098,14.742989540100098,14.742989540100098,2502,0.0,0.0
2019-10-25 00:00:00+08:00,14.742989469114827,14.742989469114827,14.66131092402808,14.702149391174316,21713,0.0,0.0
2019-10-28 00:00:00+08:00,14.702149391174316,14.702149391174316,14.62047084608757,14.702149391174316,32621,0.0,0.0
2019-10-29 00:00:00+08:00,14.702149391174316,14.702149391174316,14.62047084608757,14.702149391174316,46920,0.0,0.0
2019-10-30 00:00:00+08:00,14.66131092402808,14.702149391174316,14.62047084608757,14.702149391174316,36519,0.0,0.0
2019-10-31 00:00:00+08:00,14.620472022046112,14.661312103271484,14.620472022046112,14.661312103271484,8323,0.0,0.0
2019-11-01 00:00:00+08:00,14.661311079043703,14.661311079043703,14.538792454721044,14.620471000671387,31173,0.0,0.0
2019-11-04 00:00:00+08:00,14.66131099462008,14.742989540100098,14.579632449140064,14.742989540100098,27916,0.0,0.0
2019-11-05 00:00:00+08:00,14.742989540100098,14.742989540100098,14.620470916482933,14.742989540100098,31018,0.0,0.0
2019-11-06 00:00:00+08:00,14.702149391174316,14.742989469114827,14.62047084608757,14.702149391174316,12407,0.0,0.0
2019-11-07 00:00:00+08:00,14.702148362474007,14.824666976928711,14.66130989818521,14.824666976928711,79614,0.0,0.0
2019-11-08 00:00:00+08:00,14.865505441217506,14.865505441217506,14.824666976928711,14.824666976928711,37429,0.0,0.0
2019-11-11 00:00:00+08:00,14.457114447187326,14.702150094164054,14.375435898195084,14.416275978088379,206791,0.0,0.0
2019-11-12 00:00:00+08:00,14.416274649692351,14.53879165649414,14.416274649692351,14.53879165649414,35154,0.0,0.0
2019-11-13 00:00:00+08:00,14.416274649692351,14.53879165649414,14.416274649692351,14.53879165649414,28950,0.0,0.0
2019-11-14 00:00:00+08:00,14.538791808310034,14.579631884866554,14.416274800228909,14.457113265991211,70308,0.0,0.0
2019-11-15 00:00:00+08:00,14.457113115028214,14.53879165649414,14.457113115028214,14.53879165649414,24039,0.0,0.0
2019-11-18 00:00:00+08:00,14.579631884866554,14.579631884866554,14.457113265991211,14.457113265991211,28950,0.0,0.0
2019-11-19 00:00:00+08:00,14.53879188088315,14.53879188088315,14.375434795430076,14.497953414916992,23780,0.0,0.0
2019-11-20 00:00:00+08:00,14.375434723672388,14.457113265991211,14.334596257910084,14.457113265991211,42392,0.0,0.0
2019-11-21 00:00:00+08:00,14.457113338156612,14.497953414916992,14.416274872190456,14.497953414916992,20679,0.0,0.0
2019-11-22 00:00:00+08:00,14.620470197960065,14.620470197960065,14.53879165649414,14.53879165649414,55316,0.0,0.0
2019-11-25 00:00:00+08:00,14.53879165649414,14.620470197960065,14.53879165649414,14.53879165649414,54799,0.0,0.0
2019-11-26 00:00:00+08:00,14.620469314614072,14.620469314614072,14.497952315214569,14.579630851745605,101327,0.0,0.0
2019-11-27 00:00:00+08:00,14.948005373458445,14.948005373458445,14.863553047180176,14.863553047180176,111000,0.0,0.0
2019-11-28 00:00:00+08:00,14.863553525785978,14.990231213885325,14.779101196788348,14.905778884887695,89000,0.0,0.0
2019-11-29 00:00:00+08:00,14.905778884887695,14.905778884887695,14.863553525785978,14.905778884887695,15400,0.0,0.0
2019-12-02 00:00:00+08:00,14.863555137622072,14.863555137622072,14.779102799466246,14.821328163146973,39000,0.0,0.0
2019-12-03 00:00:00+08:00,14.779100111799133,14.905777790598595,14.694647789001465,14.694647789001465,51000,0.0,0.0
2019-12-04 00:00:00+08:00,14.694649398824888,14.694649398824888,14.52574634552002,14.52574634552002,52000,0.0,0.0
2019-12-05 00:00:00+08:00,14.567971706147672,14.610197066775326,14.52574634552002,14.52574634552002,24000,0.0,0.0
2019-12-06 00:00:00+08:00,14.525744613175458,14.610195324359148,14.1457099696726,14.48351764678955,163598,0.0,0.0
2019-12-09 00:00:00+08:00,14.990230113396263,14.990230113396263,14.610195466203796,14.694647789001465,277000,0.0,0.0
2019-12-10 00:00:00+08:00,14.736876370246797,14.736876370246797,14.52574634552002,14.52574634552002,191000,0.0,0.0
2019-12-11 00:00:00+08:00,14.525746821217066,14.779102214868518,14.483519848412286,14.567972183227539,883000,0.0,0.0
2019-12-12 00:00:00+08:00,14.61019754523801,14.652424518042793,14.567972183227539,14.567972183227539,62000,0.0,0.0
2019-12-13 00:00:00+08:00,14.567969968767304,14.610195324359148,14.48351764678955,14.48351764678955,97753,0.0,0.0
2019-12-16 00:00:00+08:00,14.441293836503043,14.69464921875279,14.441293836503043,14.652423858642578,75000,0.0,0.0
2019-12-17 00:00:00+08:00,14.441293836503043,14.69464921875279,14.441293836503043,14.652423858642578,75000,0.0,0.0
2019-12-18 00:00:00+08:00,14.69464921875279,14.73687618965724,14.610196887738129,14.652423858642578,90000,0.0,0.0
2019-12-19 00:00:00+08:00,14.65242243299967,14.736874755797338,14.65242243299967,14.694647789001465,71000,0.0,0.0
2019-12-20 00:00:00+08:00,14.736876370736423,14.779101731365479,14.610197067260742,14.610197067260742,109500,0.0,0.0
2019-12-23 00:00:00+08:00,14.187934702338199,14.314613985139962,14.019031676592501,14.230161666870117,840000,0.0,0.0
2019-12-24 00:00:00+08:00,14.230163988743678,14.610197066775326,14.18793701732177,14.52574634552002,440000,0.0,0.0
2019-12-25 00:00:00+08:00,14.525746046743144,14.525746046743144,14.441293716430664,14.441293716430664,129000,0.0,0.0
2019-12-26 00:00:00+08:00,14.399066745877311,14.567971406502274,14.399066745877311,14.441293716430664,87000,0.0,0.0
2019-12-27 00:00:00+08:00,14.483519076189793,14.525746046743144,14.441293716430664,14.441293716430664,72785,0.0,0.0
2019-12-30 00:00:00+08:00,14.4412948525987,14.483520215679908,14.399067878723145,14.399067878723145,68000,0.0,0.0
2019-12-31 00:00:00+08:00,14.441292291197705,14.48351764678955,14.399065324811797,14.48351764678955,60005,0.0,0.0
2020-01-02 00:00:00+08:00,14.525746046743144,14.525746046743144,14.441293716430664,14.441293716430664,64000,0.0,0.0
2020-01-03 00:00:00+08:00,14.441293716430664,14.441293716430664,14.399066745877311,14.441293716430664,79169,0.0,0.0
2020-01-06 00:00:00+08:00,14.399067878723145,14.4412948525987,14.356842515641937,14.399067878723145,76000,0.0,0.0
2020-01-07 00:00:00+08:00,14.399067402700894,14.399067402700894,14.314616679330356,14.356842041015625,144000,0.0,0.0
2020-01-08 00:00:00+08:00,14.356840607101729,14.356840607101729,14.314615249633789,14.314615249633789,66000,0.0,0.0
2020-01-09 00:00:00+08:00,14.314615249633789,14.399065964569669,14.314615249633789,14.314615249633789,63000,0.0,0.0
2020-01-10 00:00:00+08:00,14.230164051113546,14.356841744345981,14.230164051113546,14.27238941192627,75000,0.0,0.0
2020-01-13 00:00:00+08:00,14.272390178685173,14.399067878723145,14.272390178685173,14.399067878723145,55000,0.0,0.0
2020-01-14 00:00:00+08:00,14.399067105158705,14.399067105158705,14.27238941192627,14.27238941192627,68000,0.0,0.0
2020-01-15 00:00:00+08:00,14.314615249633789,14.356840607101729,14.272388281371715,14.314615249633789,53000,0.0,0.0
2020-01-16 00:00:00+08:00,14.356840607101729,14.399065964569669,14.314615249633789,14.314615249633789,58000,0.0,0.0
2020-01-17 00:00:00+08:00,14.399065964569669,14.399065964569669,14.314615249633789,14.314615249633789,53451,0.0,0.0
2020-01-20 00:00:00+08:00,14.314615249633789,14.356840607101729,14.272388281371715,14.314615249633789,70657,0.0,0.0
2020-01-30 00:00:00+08:00,14.187936961896705,14.187936961896705,13.934581577532006,14.061259269714355,42000,0.0,0.0
2020-01-31 00:00:00+08:00,14.187936961896705,14.187936961896705,13.934581577532006,14.061259269714355,42913,0.0,0.0
2020-02-03 00:00:00+08:00,13.850128475892483,14.01903312994248,13.765676148867485,13.93458080291748,92000,0.0,0.0
2020-02-04 00:00:00+08:00,13.934581103162165,14.061258791032074,13.934581103162165,14.019033432006836,40000,0.0,0.0
2020-02-05 00:00:00+08:00,13.976806462187403,14.103485760851505,13.934581103162165,14.019033432006836,73000,0.0,0.0
2020-02-06 00:00:00+08:00,14.061259386274124,14.314616383533258,14.061259386274124,14.27238941192627,132000,0.0,0.0
2020-02-07 00:00:00+08:00,14.27238941192627,14.27238941192627,14.27238941192627,14.27238941192627,0,0.0,0.0
2020-02-10 00:00:00+08:00,14.019034674644631,14.18793773651123,13.976807701082228,14.18793773651123,27229,0.0,0.0
2020-02-11 00:00:00+08:00,14.314615249633789,14.356840607101729,14.272388281371715,14.314615249633789,36000,0.0,0.0
2020-02-12 00:00:00+08:00,14.441292932831743,14.441292932831743,14.230162923903777,14.314615249633789,42000,0.0,0.0
2020-02-13 00:00:00+08:00,14.441292932831743,14.441292932831743,14.230162923903777,14.314615249633789,42000,0.0,0.0
2020-02-14 00:00:00+08:00,14.230164051113546,14.27238941192627,14.145711718693834,14.27238941192627,50508,0.0,0.0
2020-02-17 00:00:00+08:00,14.230164345165523,14.356842041015625,14.230164345165523,14.356842041015625,55000,0.0,0.0
2020-02-18 00:00:00+08:00,14.230164345165523,14.356842041015625,14.230164345165523,14.356842041015625,55000,0.0,0.0
2020-02-19 00:00:00+08:00,14.356842041015625,14.399067402700894,14.272389706850792,14.356842041015625,94000,0.0,0.0
2020-02-20 00:00:00+08:00,14.399065964569669,14.399065964569669,14.272388281371715,14.314615249633789,73000,0.0,0.0
2020-02-21 00:00:00+08:00,14.314614613628107,14.694647646336902,14.314614613628107,14.48351764678955,831792,0.0,0.0
2020-02-24 00:00:00+08:00,14.48351764678955,14.48351764678955,14.314614613628107,14.48351764678955,74000,0.0,0.0
2020-02-25 00:00:00+08:00,14.230164345165523,14.483519736865727,14.187937372685958,14.356842041015625,40000,0.0,0.0
2020-02-26 00:00:00+08:00,14.27238941192627,14.356841744345981,14.230164051113546,14.27238941192627,54000,0.0,0.0
2020-02-27 00:00:00+08:00,14.27238941192627,14.356841744345981,14.187937079506558,14.27238941192627,88000,0.0,0.0
2020-03-02 00:00:00+08:00,14.230164232298709,14.230164232298709,14.145711898803711,14.145711898803711,34000,0.0,0.0
2020-03-03 00:00:00+08:00,14.187934702338199,14.230161666870117,14.187934702338199,14.230161666870117,40000,0.0,0.0
2020-03-04 00:00:00+08:00,14.18793773651123,14.230164710073634,14.145712373743166,14.18793773651123,21000,0.0,0.0
2020-03-05 00:00:00+08:00,14.230164051113546,14.314616383533258,14.187937079506558,14.27238941192627,80000,0.0,0.0
2020-03-06 00:00:00+08:00,14.230164710073634,14.230164710073634,14.18793773651123,14.18793773651123,25000,0.0,0.0
2020-03-09 00:00:00+08:00,14.18793773651123,14.18793773651123,14.18793773651123,14.18793773651123,0,0.0,0.0
2020-03-10 00:00:00+08:00,13.934581577532006,14.061259269714355,13.892356217069306,14.061259269714355,85000,0.0,0.0
2020-03-11 00:00:00+08:00,14.019034203958354,14.145711898803711,14.019034203958354,14.145711898803711,34000,0.0,0.0
2020-03-12 00:00:00+08:00,13.976807184507113,14.103486489717985,13.42786943483901,13.596774101257324,133000,0.0,0.0
2020-03-13 00:00:00+08:00,13.596774101257324,13.596774101257324,13.596774101257324,13.596774101257324,0,0.0,0.0
2020-03-16 00:00:00+08:00,12.752252904033986,12.878930587655374,12.710026741027832,12.710026741027832,58000,0.0,0.0
2020-03-17 00:00:00+08:00,12.372219999158485,12.49889850616455,12.287768466551627,12.49889850616455,104000,0.0,0.0
2020-03-18 00:00:00+08:00,12.963382936560386,12.963382936560386,12.245540580379322,12.583348274230957,87000,0.0,0.0
2020-03-19 00:00:00+08:00,12.329993192406816,12.329993192406816,11.654376983642578,11.654376983642578,344000,0.0,0.0
2020-03-20 00:00:00+08:00,11.781054434341685,12.329992945323566,11.781054434341685,12.245540618896484,118000,0.0,0.0
2020-03-23 00:00:00+08:00,12.245540346418107,12.245540346418107,11.654376490773886,11.823280334472656,65000,0.0,0.0
2020-03-24 00:00:00+08:00,12.034411869701291,12.287768070142855,12.034411869701291,12.203315734863281,60000,0.0,0.0
2020-03-25 00:00:00+08:00,12.329992945323566,12.541122955994194,11.992184445012315,12.245540618896484,811000,0.0,0.0
2020-03-26 00:00:00+08:00,12.245541244906118,12.329993575650525,12.203315079533915,12.28776741027832,43000,0.0,0.0
2020-03-27 00:00:00+08:00,12.372218935625611,12.710027453206118,12.245541244906118,12.28776741027832,247000,0.0,0.0
2020-03-30 00:00:00+08:00,12.245542010424634,12.414445877075195,12.16108967440077,12.414445877075195,37000,0.0,0.0
2020-03-31 00:00:00+08:00,12.541123216445946,12.921157082466138,12.414444724174489,12.667800903320312,135000,0.0,0.0
2020-04-01 00:00:00+08:00,12.583348252009374,12.878930587655374,12.414444405381833,12.710026741027832,118000,0.0,0.0
2020-04-06 00:00:00+08:00,12.83670505718631,12.83670505718631,12.498897347285528,12.752253532409668,59000,0.0,0.0
2020-04-07 00:00:00+08:00,12.752253532409668,12.83670505718631,12.667801202235918,12.752253532409668,195000,0.0,0.0
2020-04-08 00:00:00+08:00,12.710026572211552,12.878930416595692,12.583348084875654,12.83670425415039,175000,0.0,0.0
2020-04-09 00:00:00+08:00,12.921156579040991,13.00560809853453,12.794478091705091,12.83670425415039,64000,0.0,0.0
2020-04-10 00:00:00+08:00,13.005608857922432,13.554546585572215,12.921157333497831,13.09006118774414,91000,0.0,0.0
2020-04-13 00:00:00+08:00,13.090061013220181,13.343417193910312,13.090061013220181,13.2167387008667,77000,0.0,0.0
2020-04-14 00:00:00+08:00,13.258965460316091,13.512321652377597,13.258965460316091,13.38564395904541,84000,0.0,0.0
2020-04-15 00:00:00+08:00,13.427868517067639,13.596773171941615,13.38564315874623,13.470094680786133,96000,0.0,0.0
2020-04-16 00:00:00+08:00,13.4278700885219,13.59677476316267,13.385644725258885,13.512322425842285,48000,0.0,0.0
2020-04-17 00:00:00+08:00,13.512321768048167,13.72345179567392,13.512321768048167,13.596774101257324,108000,0.0,0.0
2020-04-20 00:00:00+08:00,13.554545532708328,13.681224822998047,13.51232017647448,13.681224822998047,60000,0.0,0.0
2020-04-21 00:00:00+08:00,13.596772376073282,13.68122469856697,13.343416213989258,13.343416213989258,116000,0.0,0.0
2020-04-22 00:00:00+08:00,13.258964817621258,13.554546356201172,13.174513294625752,13.554546356201172,56000,0.0,0.0
2020-04-23 00:00:00+08:00,13.596774101257324,13.681226434466481,13.512321768048167,13.596774101257324,7000,0.0,0.0
2020-04-24 00:00:00+08:00,13.554546531912578,13.59677350205337,13.385643483732027,13.427868843078613,41000,0.0,0.0
2020-04-27 00:00:00+08:00,13.554546008256146,13.723450660705566,13.554546008256146,13.723450660705566,73000,0.0,0.0
2020-04-28 00:00:00+08:00,13.723451315545034,13.723451315545034,13.638998985290527,13.638998985290527,36000,0.0,0.0
2020-04-29 00:00:00+08:00,13.68122578003783,13.765676498413086,13.638998810056,13.765676498413086,40000,0.0,0.0
2020-04-30 00:00:00+08:00,13.807904536854192,13.976807597468671,13.807904536854192,13.892356872558594,73000,0.0,0.0
2020-05-04 00:00:00+08:00,13.850129605027089,13.850129605027089,13.765677271117097,13.807904243469238,40000,0.0,0.0
2020-05-05 00:00:00+08:00,13.807904243469238,13.93458193893708,13.807904243469238,13.807904243469238,39000,0.0,0.0
2020-05-06 00:00:00+08:00,13.892356619300484,14.483519736865727,13.892356619300484,14.356842041015625,396000,0.0,0.0
2020-05-07 00:00:00+08:00,14.441294375180458,14.483519736865727,14.272389706850792,14.356842041015625,115000,0.0,0.0
2020-05-08 00:00:00+08:00,14.356839969219951,14.652422290745058,14.356839969219951,14.48351764678955,188000,0.0,0.0
2020-05-11 00:00:00+08:00,14.610196711770135,14.990231391361782,14.610196711770135,14.779101371765137,331000,0.0,0.0
2020-05-12 00:00:00+08:00,14.863553219546978,14.863553219546978,14.652423206799988,14.736875534057617,124000,0.0,0.0
2020-05-13 00:00:00+08:00,14.69464856503172,14.77910089228935,14.652423206799988,14.736875534057617,63000,0.0,0.0
2020-05-14 00:00:00+08:00,14.736876370246797,14.77910173087445,14.48351937409811,14.52574634552002,106000,0.0,0.0
2020-05-15 00:00:00+08:00,14.52574634552002,14.694649398824888,14.441294013470456,14.52574634552002,144000,0.0,0.0
2020-05-18 00:00:00+08:00,14.69464921875279,14.69464921875279,14.567971527627916,14.652423858642578,50000,0.0,0.0
2020-05-19 00:00:00+08:00,14.69464839462364,14.990230731200507,14.69464839462364,14.863553047180176,243000,0.0,0.0
2020-05-20 00:00:00+08:00,14.905778404922238,14.905778404922238,14.779100720901909,14.863553047180176,80000,0.0,0.0
2020-05-21 00:00:00+08:00,14.948007475777896,14.948007475777896,14.821328163146973,14.821328163146973,59000,0.0,0.0
2020-05-22 00:00:00+08:00,14.82132673136678,14.82132673136678,14.736876012163496,14.779101371765137,51000,0.0,0.0
2020-05-25 00:00:00+08:00,14.736875534057617,14.77910089228935,14.69464856503172,14.736875534057617,80000,0.0,0.0
2020-05-26 00:00:00+08:00,14.736876012163496,14.779101371765137,14.694649041767637,14.779101371765137,111000,0.0,0.0
2020-05-27 00:00:00+08:00,14.77910089228935,14.77910089228935,14.61019623777409,14.736875534057617,80000,0.0,0.0
2020-05-28 00:00:00+08:00,14.779100111799133,14.779100111799133,14.65242243299967,14.694647789001465,99000,0.0,0.0
2020-05-29 00:00:00+08:00,14.694647789001465,14.736874755797338,14.694647789001465,14.694647789001465,42000,0.0,0.0
2020-06-01 00:00:00+08:00,14.694649161965136,15.032456873924083,14.694649161965136,14.99023151397705,116000,0.0,0.0
2020-06-02 00:00:00+08:00,14.990231213885325,14.990231213885325,14.863553525785978,14.905778884887695,59000,0.0,0.0
2020-06-03 00:00:00+08:00,14.990232941391032,15.11691064408898,14.905780602660938,15.032458305358887,192000,0.0,0.0
2020-06-04 00:00:00+08:00,15.07468425816341,15.328039646383592,14.948006564053319,15.28581428527832,241000,0.0,0.0
2020-06-05 00:00:00+08:00,15.412491130346863,16.80594891038377,15.412491130346863,16.72149658203125,1518000,0.0,0.0
2020-06-08 00:00:00+08:00,17.35488662848386,17.43933895683638,16.51036656654705,16.72149658203125,1088000,0.0,0.0
2020-06-09 00:00:00+08:00,17.01707977824319,17.059306749931665,16.42591667175293,16.42591667175293,404000,0.0,0.0
2020-06-10 00:00:00+08:00,16.468141794204712,17.143757223495413,16.468141794204712,16.89040184020996,506000,0.0,0.0
2020-06-11 00:00:00+08:00,16.932626332686176,17.43933868408203,16.932626332686176,17.43933868408203,1094000,0.0,0.0
2020-06-12 00:00:00+08:00,17.228207396794062,18.410535055347705,16.974852045244724,17.60824203491211,1836000,0.0,0.0
2020-06-15 00:00:00+08:00,18.410537532015432,19.339509963989258,18.326086810667658,19.339509963989258,6076000,0.0,0.0
2020-06-16 00:00:00+08:00,19.677318139004523,21.028550652292804,19.086155021861977,20.184030532836914,3591000,0.0,0.0
2020-06-17 00:00:00+08:00,20.099577545532156,20.690742254257202,19.001702070236206,20.268482208251953,2473000,0.0,0.0
2020-06-18 00:00:00+08:00,20.35293441864579,20.564064440393583,19.761769713434287,20.05735206604004,1063000,0.0,0.0
2020-06-19 00:00:00+08:00,20.352936650346162,21.281909170057162,20.268484310227997,20.690744400024414,2316000,0.0,0.0
2020-06-22 00:00:00+08:00,20.69074124121482,20.69074124121482,19.423961165222074,19.4661865234375,1330000,0.0,0.0
2020-06-23 00:00:00+08:00,19.466186258599734,19.761768594468805,19.001700881372724,19.043926239013672,697000,0.0,0.0
2020-06-24 00:00:00+08:00,19.50841396869098,19.930674004330204,19.086153933051758,19.423961639404297,730000,0.0,0.0
2020-06-29 00:00:00+08:00,19.25505633545115,20.057351020592513,19.25505633545115,19.508413314819336,556000,0.0,0.0
2020-06-30 00:00:00+08:00,19.677316916577634,20.14180391989932,19.59286619851387,20.099576950073242,545000,0.0,0.0
2020-07-01 00:00:00+08:00,20.268482636484045,20.268482636484045,19.466187887805507,19.761770248413086,599000,0.0,0.0
2020-07-02 00:00:00+08:00,19.423960988363277,20.015125662761555,19.423960988363277,19.508413314819336,775000,0.0,0.0
2020-07-03 00:00:00+08:00,19.846221009849433,19.846221009849433,19.423960988363277,19.508413314819336,346000,0.0,0.0
2020-07-06 00:00:00+08:00,19.55064037750704,21.113002915405936,19.508415015993943,20.437387466430664,3709000,0.0,0.0
2020-07-07 00:00:00+08:00,20.690742748077753,22.464235305786133,20.099578025243535,22.464235305786133,4111000,0.0,0.0
2020-07-08 00:00:00+08:00,23.646561549260063,24.026596218476556,21.704166066317086,21.957521438598633,4060000,0.0,0.0
2020-07-09 00:00:00+08:00,22.464234021448284,22.464234021448284,21.4930362701416,21.4930362701416,1205000,0.0,0.0
2020-07-10 00:00:00+08:00,21.49303761220096,21.619715307534538,20.437387466430664,20.437387466430664,994000,0.0,0.0
2020-07-13 00:00:00+08:00,20.60628950876556,21.408584224369235,20.60628950876556,20.77519416809082,765000,0.0,0.0
2020-07-14 00:00:00+08:00,20.77519164134602,21.028546988725818,20.352931655183678,20.606287002563477,1006000,0.0,0.0
2020-07-15 00:00:00+08:00,20.85964838675445,20.944099113270532,20.31070899963379,20.31070899963379,437000,0.0,0.0
2020-07-16 00:00:00+08:00,20.395160494123278,20.648517495584723,20.226257437276605,20.437387466430664,305000,0.0,0.0
2020-07-17 00:00:00+08:00,20.47961104207867,20.564063368534732,19.423960988363277,19.508413314819336,756000,0.0,0.0
2020-07-20 00:00:00+08:00,19.550637484247734,20.69073979511708,19.550637484247734,20.564062118530273,590000,0.0,0.0
2020-07-21 00:00:00+08:00,20.69073979511708,20.944095148290685,20.564062118530273,20.564062118530273,409000,0.0,0.0
2020-07-22 00:00:00+08:00,20.901873960378424,20.901873960378424,20.479613880370778,20.732969284057617,370000,0.0,0.0
2020-07-23 00:00:00+08:00,20.821191963349857,20.909417688152143,20.46829074690645,20.688854217529297,235000,1.05,0.0
2020-07-24 00:00:00+08:00,20.688854790933295,20.90941826766919,19.321360225511274,19.40958595275879,1441000,0.0,0.0
2020-07-27 00:00:00+08:00,19.453700047745155,19.674263547981568,18.483221992917713,18.659671783447266,491000,0.0,0.0
2020-07-28 00:00:00+08:00,18.615560911868688,19.144913681843192,18.0420961122155,18.21854591369629,872000,0.0,0.0
2020-07-29 00:00:00+08:00,18.21854279059861,19.3654738760594,18.21854279059861,18.924346923828125,188000,0.0,0.0
2020-07-30 00:00:00+08:00,19.056684379194966,19.67426109313965,19.056684379194966,19.67426109313965,191000,0.0,0.0
2020-07-31 00:00:00+08:00,19.76248988391006,19.76248988391006,19.189025102458746,19.233137130737305,160000,0.0,0.0
2020-08-03 00:00:00+08:00,19.40958842000495,19.40958842000495,18.88023567199707,18.88023567199707,206000,0.0,0.0
2020-08-04 00:00:00+08:00,19.23313578790346,19.277249495868066,18.65967104649075,18.836122512817383,166000,0.0,0.0
2020-08-05 00:00:00+08:00,18.703784568909402,19.01257210776892,18.703784568909402,18.968460083007812,123000,0.0,0.0
2020-08-06 00:00:00+08:00,19.01257210776892,19.365475036921303,18.703784568909402,18.968460083007812,224000,0.0,0.0
2020-08-07 00:00:00+08:00,19.189025102458746,19.233137130737305,18.880235856210806,19.233137130737305,129000,0.0,0.0
2020-08-10 00:00:00+08:00,19.718375156742198,19.718375156742198,19.40958595275879,19.40958595275879,267000,0.0,0.0
2020-08-11 00:00:00+08:00,19.762487965187113,19.762487965187113,19.14491121541724,19.365474700927734,296000,0.0,0.0
2020-08-12 00:00:00+08:00,19.3654743367793,19.93893905176998,18.96845939721954,19.630149841308594,2182000,0.0,0.0
2020-08-13 00:00:00+08:00,19.674261548502717,20.99764241542709,19.674261548502717,20.027164459228516,865000,0.0,0.0
2020-08-14 00:00:00+08:00,19.806601341883013,20.688855269222735,19.586037860048084,20.115388870239258,319000,0.0,0.0
2020-08-17 00:00:00+08:00,20.55651541366714,20.55651541366714,19.718375209488208,19.894824981689453,415000,0.0,0.0
2020-08-18 00:00:00+08:00,19.89482571994024,19.89482571994024,19.365474700927734,19.365474700927734,389000,0.0,0.0
2020-08-19 00:00:00+08:00,19.586038720556726,19.586038720556726,18.836122512817383,18.836122512817383,315000,0.0,0.0
2020-08-20 00:00:00+08:00,18.880236298597346,18.880236298597346,16.983390431151786,17.38040542602539,1027000,0.0,0.0
2020-08-21 00:00:00+08:00,17.424516140339993,18.042094600698917,17.424516140339993,17.953868865966797,241000,0.0,0.0
2020-08-24 00:00:00+08:00,17.953869443209225,18.527334213256836,17.821531678239158,18.527334213256836,249000,0.0,0.0
2020-08-25 00:00:00+08:00,18.527334213256836,19.189024720873153,18.43910847568813,18.527334213256836,391000,0.0,0.0
2020-08-26 00:00:00+08:00,18.527331166876703,18.747894633149045,18.439105443814626,18.483219146728516,142000,0.0,0.0
2020-08-27 00:00:00+08:00,18.48322101589726,18.61555877249056,18.262657527319803,18.350881576538086,146000,0.0,0.0
2020-08-28 00:00:00+08:00,18.35088026188514,18.439105987548828,18.306768240436174,18.439105987548828,162000,0.0,0.0
2020-08-31 00:00:00+08:00,18.527332709817326,18.88023394868925,18.527332709817326,18.747896194458008,131000,0.0,0.0
2020-09-01 00:00:00+08:00,18.703785493154125,18.747897520095023,18.615559756506368,18.659671783447266,59000,0.0,0.0
2020-09-02 00:00:00+08:00,18.659670648525484,18.659670648525484,18.130317943601288,18.615558624267578,95000,0.0,0.0
2020-09-03 00:00:00+08:00,18.61555794620628,19.497811861355718,18.394994467418922,19.27724838256836,611000,0.0,0.0
2020-09-04 00:00:00+08:00,18.924347873114097,19.189023384623248,18.527332923084515,19.100797653198242,231000,0.0,0.0
2020-09-07 00:00:00+08:00,19.233135408952815,19.233135408952815,18.703784385934522,19.100797653198242,228000,0.0,0.0
2020-09-08 00:00:00+08:00,19.012571420385814,20.115388827200906,18.96845939721954,19.630149841308594,594000,0.0,0.0
2020-09-09 00:00:00+08:00,19.056686024740692,19.36547524975987,19.056686024740692,19.321361541748047,172000,0.0,0.0
2020-09-10 00:00:00+08:00,19.409586316312225,19.409586316312225,18.968459354577856,19.14491081237793,155000,0.0,0.0
2020-09-11 00:00:00+08:00,18.96845986662842,18.96845986662842,18.5273328929859,18.615558624267578,261000,0.0,0.0
2020-09-14 00:00:00+08:00,18.527331713212515,18.57144373466148,18.439105987548828,18.439105987548828,159000,0.0,0.0
2020-09-15 00:00:00+08:00,18.571444511661777,18.615558217722146,18.394994735717773,18.394994735717773,117000,0.0,0.0
2020-09-16 00:00:00+08:00,18.439104411420853,18.615555847665604,18.174428939819336,18.174428939819336,173000,0.0,0.0
2020-09-17 00:00:00+08:00,18.35087972075255,18.703782613000858,18.30676770060436,18.483219146728516,155000,0.0,0.0
2020-09-18 00:00:00+08:00,18.615559756506368,18.79200954703592,18.615559756506368,18.659671783447266,111000,0.0,0.0
2020-09-21 00:00:00+08:00,18.79200954703592,18.83612325674278,18.483221992917713,18.659671783447266,93000,0.0,0.0
2020-09-22 00:00:00+08:00,18.6596707970997,18.6596707970997,18.218543819944788,18.350881576538086,80000,0.0,0.0
2020-09-23 00:00:00+08:00,18.527333040506402,18.61555877249056,18.306769551928944,18.350881576538086,91000,0.0,0.0
2020-09-24 00:00:00+08:00,18.262658257685636,18.262658257685636,17.64507979186402,17.689191818237305,204000,0.0,0.0
2020-09-25 00:00:00+08:00,17.909755315635604,17.909755315635604,17.55685405635151,17.689191818237305,102000,0.0,0.0
2020-09-28 00:00:00+08:00,17.733305560101048,18.042094793581686,17.733305560101048,17.821531295776367,51000,0.0,0.0
2020-09-29 00:00:00+08:00,17.733304607751972,17.99798011779785,17.733304607751972,17.99798011779785,50000,0.0,0.0
2020-09-30 00:00:00+08:00,17.82153091751495,18.130318461675635,17.82153091751495,18.086206436157227,31000,0.0,0.0
2020-10-05 00:00:00+08:00,18.262657903762683,18.262657903762683,18.086206436157227,18.086206436157227,62000,0.0,0.0
2020-10-06 00:00:00+08:00,18.174431394390105,18.306769148063907,18.13031768798828,18.13031768798828,77000,0.0,0.0
2020-10-07 00:00:00+08:00,18.17443388401761,18.21854591369629,18.130320171572862,18.21854591369629,36000,0.0,0.0
2020-10-08 00:00:00+08:00,18.218544195478366,18.218544195478366,17.909754968551766,18.086206436157227,185000,0.0,0.0
2020-10-12 00:00:00+08:00,18.130317872820793,18.17443157967234,17.90975438686061,17.99798011779785,111000,0.0,0.0
2020-10-13 00:00:00+08:00,17.90975534868574,17.90975534868574,17.733305560101048,17.821531295776367,85000,0.0,0.0
2020-10-14 00:00:00+08:00,17.865642362774913,17.99798011779785,17.821530338689218,17.99798011779785,37000,0.0,0.0
2020-10-15 00:00:00+08:00,17.821531295776367,17.95386905790637,17.821531295776367,17.821531295776367,54000,0.0,0.0
2020-10-16 00:00:00+08:00,17.821528620426154,17.997978382522383,17.645077175564236,17.86564064025879,77000,0.0,0.0
2020-10-19 00:00:00+08:00,17.909754968551766,18.086206436157227,17.865642943033357,18.086206436157227,54000,0.0,0.0
2020-10-20 00:00:00+08:00,17.997980702354496,18.218544195478366,17.997980702354496,18.086206436157227,58000,0.0,0.0
2020-10-21 00:00:00+08:00,18.262657411575365,19.894825870491548,18.086205948725357,19.100797653198242,818000,0.0,0.0
2020-10-22 00:00:00+08:00,19.189024934914965,20.02716692701765,18.659672186364112,19.497814178466797,658000,0.0,0.0
2020-10-23 00:00:00+08:00,19.674262601564834,21.174095004130425,19.453699111938477,19.453699111938477,3489000,0.0,0.0
2020-10-26 00:00:00+08:00,19.056685083477895,19.806601254979483,18.968459354577856,19.14491081237793,460000,0.0,0.0
2020-10-27 00:00:00+08:00,19.056684777510522,20.821192596117687,18.615557822858733,19.894824981689453,1094000,0.0,0.0
2020-10-28 00:00:00+08:00,19.850715449912034,19.983053216358247,19.409588439913986,19.497814178466797,1157000,0.0,0.0
2020-10-29 00:00:00+08:00,19.321361208243875,19.76248818415248,19.056685695805054,19.71837615966797,196000,0.0,0.0
2020-10-30 00:00:00+08:00,19.718376090407407,19.80660182183241,19.01257192177324,19.100797653198242,447000,0.0,0.0
2020-11-02 00:00:00+08:00,19.100796515721196,19.233134263594888,19.056684494018555,19.056684494018555,52000,0.0,0.0
2020-11-03 00:00:00+08:00,19.056684494018555,19.233134263594888,19.01257078955015,19.056684494018555,111000,0.0,0.0
2020-11-04 00:00:00+08:00,19.144912296596818,19.144912296596818,18.747897327150778,18.792009353637695,1126000,0.0,0.0
2020-11-05 00:00:00+08:00,18.70378303527832,18.83612078147639,18.61555731022436,18.70378303527832,181000,0.0,0.0
2020-11-06 00:00:00+08:00,18.792008218279808,18.96845967909869,18.703784170636208,18.747896194458008,170000,0.0,0.0
2020-11-09 00:00:00+08:00,18.70378530066386,18.968460825117255,18.659671591410994,18.792009353637695,130000,0.0,0.0
2020-11-10 00:00:00+08:00,18.792007077566538,18.880232802620498,18.57144360631451,18.70378303527832,116000,0.0,0.0
2020-11-11 00:00:00+08:00,18.703785493154125,18.703785493154125,18.52733401985861,18.659671783447266,77000,0.0,0.0
2020-11-12 00:00:00+08:00,18.615559950825542,18.615559950825542,18.527334213256836,18.527334213256836,143000,0.0,0.0
2020-11-13 00:00:00+08:00,18.615558440226767,18.792008218279808,18.571444733639126,18.747896194458008,42000,0.0,0.0
2020-11-16 00:00:00+08:00,18.924346506530348,18.924346506530348,18.65966933136847,18.70378303527832,70000,0.0,0.0
2020-11-17 00:00:00+08:00,18.792008958415614,18.792008958415614,18.52733343952871,18.57144546508789,116000,0.0,0.0
2020-11-18 00:00:00+08:00,18.5273315851704,18.792007077566538,18.5273315851704,18.70378303527832,43000,0.0,0.0
2020-11-19 00:00:00+08:00,18.79200954703592,18.79200954703592,18.615559756506368,18.659671783447266,41000,0.0,0.0
2020-11-20 00:00:00+08:00,18.57144318702489,18.659668910086967,18.439105443814626,18.483219146728516,119000,0.0,0.0
2020-11-23 00:00:00+08:00,18.483221992917713,18.659671783447266,18.439108283210853,18.659671783447266,102000,0.0,0.0
2020-11-24 00:00:00+08:00,18.527334213256836,18.703785688394245,18.527334213256836,18.527334213256836,38000,0.0,0.0
2020-11-25 00:00:00+08:00,18.527334213256836,18.527334213256836,18.43910847568813,18.527334213256836,110000,0.0,0.0
2020-11-26 00:00:00+08:00,18.483221992917713,18.83612325674278,18.483221992917713,18.659671783447266,166000,0.0,0.0
2020-11-27 00:00:00+08:00,18.659672167224286,18.88023567199707,18.527334400913816,18.88023567199707,82000,0.0,0.0
2020-11-30 00:00:00+08:00,18.880234558225187,19.453699300251724,18.880234558225187,19.321361541748047,251000,0.0,0.0
2020-12-01 00:00:00+08:00,19.3654738760594,19.3654738760594,18.88023321894553,18.924346923828125,162000,0.0,0.0
2020-12-02 00:00:00+08:00,18.924348798630337,19.056686560857038,18.792009353637695,18.792009353637695,96000,0.0,0.0
2020-12-03 00:00:00+08:00,18.792007077566538,18.880232802620498,18.65966933136847,18.70378303527832,77000,0.0,0.0
2020-12-04 00:00:00+08:00,18.70378303527832,18.968458527674457,18.65966933136847,18.70378303527832,114000,0.0,0.0
2020-12-07 00:00:00+08:00,18.83612078147639,18.968458527674457,18.65966933136847,18.70378303527832,185000,0.0,0.0
2020-12-08 00:00:00+08:00,18.924347331510745,19.18902283544504,18.924347331510745,19.14491081237793,348000,0.0,0.0
2020-12-09 00:00:00+08:00,19.100798437818142,19.718376900396105,19.100798437818142,19.54192543029785,678000,0.0,0.0
2020-12-10 00:00:00+08:00,19.63015194491301,19.718377683465818,19.277250673467773,19.497814178466797,237000,0.0,0.0
2020-12-11 00:00:00+08:00,19.586040088029815,19.586040088029815,19.056687334857063,19.233137130737305,156000,0.0,0.0
2020-12-14 00:00:00+08:00,19.541924844342198,19.674262601564834,19.277249329896918,19.453699111938477,216000,0.0,0.0
2020-12-15 00:00:00+08:00,19.409587254230093,19.453699279428804,18.836122512817383,18.836122512817383,250000,0.0,0.0
2020-12-16 00:00:00+08:00,18.880234350719714,19.056685815295907,18.880234350719714,18.968460083007812,94000,0.0,0.0
2020-12-17 00:00:00+08:00,19.05668504057247,19.100797063540266,18.924347288903277,19.012571334838867,45000,0.0,0.0
2020-12-18 00:00:00+08:00,19.012573457809346,20.02716692701765,19.012573457809346,19.497814178466797,461000,0.0,0.0
2020-12-21 00:00:00+08:00,19.586039741450186,20.99764481457749,19.586039741450186,20.732969284057617,2097000,0.0,0.0
2020-12-22 00:00:00+08:00,20.777081517723825,22.49747753147222,20.777081517723825,21.703449249267578,3186000,0.0,0.0
2020-12-23 00:00:00+08:00,21.791674438086826,22.497476963846207,21.30643372920704,22.23280143737793,1865000,0.0,0.0
2020-12-24 00:00:00+08:00,22.76215095098786,24.217871296415858,22.18868622724408,22.4533634185791,3031000,0.0,0.0
2020-12-25 00:00:00+08:00,22.27691420233183,24.173760025581142,22.23280217404748,23.644407272338867,1768000,0.0,0.0
2020-12-28 00:00:00+08:00,23.909081050895782,24.65899720321245,23.68851757567122,23.864967346191406,1634000,0.0,0.0
2020-12-29 00:00:00+08:00,23.953196348038553,24.526661125481105,23.820858581361968,23.90908432006836,949000,0.0,0.0
2020-12-30 00:00:00+08:00,24.26198147085864,24.306093491335734,23.467953322910954,23.55617904663086,691000,0.0,0.0
2020-12-31 00:00:00+08:00,23.556180913893485,23.73263069255448,22.718038996264756,23.42384147644043,936000,0.0,0.0
2021-01-04 00:00:00+08:00,23.423840929909755,23.60029238721959,23.15916542671081,23.467954635620117,401000,0.0,0.0
2021-01-05 00:00:00+08:00,23.820858194126465,24.57077443679105,23.335619163278427,24.17375946044922,1086000,0.0,0.0
2021-01-06 00:00:00+08:00,24.261982641487478,24.658997575999955,23.55618018320507,23.600292205810547,1215000,0.0,0.0
2021-01-07 00:00:00+08:00,23.820855780632066,25.938264846801758,23.820855780632066,25.938264846801758,3952000,0.0,0.0
2021-01-08 00:00:00+08:00,27.21753600426872,28.496803283691406,27.173422294985624,28.496803283691406,7700000,0.0,0.0
2021-01-11 00:00:00+08:00,27.702773072857376,27.702773072857376,25.6735897064209,25.6735897064209,2143000,0.0,0.0
2021-01-12 00:00:00+08:00,24.87956182629726,26.026491277274186,23.159165967066013,23.42384147644043,3734000,0.0,0.0
2021-01-13 00:00:00+08:00,24.129645076383284,24.129645076383284,23.15916542671081,23.467954635620117,1004000,0.0,0.0
2021-01-14 00:00:00+08:00,23.51206857542699,24.217872779442438,23.379730813038453,23.953195571899414,545000,0.0,0.0
2021-01-15 00:00:00+08:00,24.12964483953816,24.17375686204973,23.026827449090945,23.115053176879883,508000,0.0,0.0
2021-01-18 00:00:00+08:00,23.115052584046712,23.115052584046712,22.10045926464398,23.026826858520508,505000,0.0,0.0
2021-01-19 00:00:00+08:00,23.026828972866568,24.129646436291537,22.938603239239388,23.379730224609375,638000,0.0,0.0
2021-01-20 00:00:00+08:00,23.379728579053694,23.379728579053694,22.497474670410156,22.497474670410156,443000,0.0,0.0
2021-01-21 00:00:00+08:00,22.49747753147222,22.762153064618435,21.703449249267578,21.703449249267578,504000,0.0,0.0
2021-01-22 00:00:00+08:00,21.70344715828612,22.144574126207523,21.438769967873778,21.835784912109375,235000,0.0,0.0
2021-01-25 00:00:00+08:00,21.835784238927506,22.58570039782767,21.835784238927506,22.497474670410156,189000,0.0,0.0
2021-01-26 00:00:00+08:00,23.02682668281431,23.732629116106825,22.89448893691768,23.159164428710938,694000,0.0,0.0
2021-01-27 00:00:00+08:00,23.467954544573026,23.467954544573026,22.673926355290927,22.85037612915039,139000,0.0,0.0
2021-01-28 00:00:00+08:00,22.850376681432863,22.850376681432863,22.4533634185791,22.4533634185791,108000,0.0,0.0
2021-01-29 00:00:00+08:00,23.335618935605684,23.335618935605684,22.23280143737793,22.23280143737793,197000,0.0,0.0
2021-02-01 00:00:00+08:00,21.924010049252285,22.23279925499839,21.52699511575504,21.74755859375,116000,0.0,0.0
2021-02-02 00:00:00+08:00,21.526996848521396,22.232801044576842,21.526996848521396,22.012237548828125,87000,0.0,0.0
2021-02-03 00:00:00+08:00,21.74756127720328,21.968124782413792,21.703449249267578,21.703449249267578,103000,0.0,0.0
2021-02-04 00:00:00+08:00,21.394659623654665,21.747560889141134,21.394659623654665,21.482885360717773,101000,0.0,0.0
2021-02-05 00:00:00+08:00,21.526997387866345,21.791674599055675,21.438771650803233,21.482885360717773,95000,0.0,0.0
2021-02-17 00:00:00+08:00,21.6152215035003,22.58570117286369,21.57110947966072,22.4533634185791,129000,0.0,0.0
2021-02-18 00:00:00+08:00,22.541586787634696,23.203277221903022,22.453362742611553,23.115053176879883,263000,0.0,0.0
2021-02-19 00:00:00+08:00,23.15916501996491,23.291502769240125,22.806263794309075,23.247390747070312,150000,0.0,0.0
2021-02-22 00:00:00+08:00,23.600292155570337,23.600292155570337,23.115053176879883,23.115053176879883,228000,0.0,0.0
2021-02-23 00:00:00+08:00,23.115055441572384,23.29150523167209,23.02682970513955,23.203279495239258,97000,0.0,0.0
2021-02-24 00:00:00+08:00,23.247391851028546,23.379729606588135,22.7621511702889,22.806264877319336,119000,0.0,0.0
2021-02-25 00:00:00+08:00,22.894491350409965,22.98271540179763,22.585702122255384,22.62981414794922,97000,0.0,0.0
2021-02-26 00:00:00+08:00,22.40925065394822,22.62981414794922,22.232800868406972,22.62981414794922,101000,0.0,0.0
2021-03-02 00:00:00+08:00,22.938604723193173,24.350211504250574,22.718041216239392,23.644407272338867,538000,0.0,0.0
2021-03-03 00:00:00+08:00,23.732629116106825,23.732629116106825,22.89448893691768,23.159164428710938,324000,0.0,0.0
2021-03-04 00:00:00+08:00,23.33561819917874,23.997308677233722,23.159166731924383,23.379730224609375,229000,0.0,0.0
2021-03-05 00:00:00+08:00,23.29150272289298,25.717700958251953,23.02682722486922,25.717700958251953,2607000,0.0,0.0
2021-03-08 00:00:00+08:00,25.805927182724005,28.27623748779297,25.805927182724005,28.27623748779297,11641000,0.0,0.0
2021-03-09 00:00:00+08:00,27.790999390889894,29.82018280029297,27.61454792800012,29.82018280029297,5824000,0.0,0.0
2021-03-10 00:00:00+08:00,29.599616793808828,32.599281311035156,29.467280732053556,32.599281311035156,6127000,0.0,0.0
2021-03-11 00:00:00+08:00,32.64339277479384,35.73128128051758,32.11404180573946,35.73128128051758,7231000,0.0,0.0
2021-03-12 00:00:00+08:00,35.554833089279796,38.51038580596838,35.33426960440147,37.62813186645508,7126000,0.0,0.0
2021-03-15 00:00:00+08:00,37.62813318182283,40.848358154296875,37.62813318182283,40.848358154296875,2713000,0.0,0.0
2021-03-16 00:00:00+08:00,41.46593588795086,42.78931682054504,40.98069688577269,41.510047912597656,2757000,0.0,0.0
2021-03-17 00:00:00+08:00,41.554160086111914,41.554160086111914,38.06925964355469,38.06925964355469,5214000,0.0,0.0
2021-03-18 00:00:00+08:00,38.59860936149222,40.36311721801758,37.93691891529521,40.36311721801758,3253000,0.0,0.0
2021-03-19 00:00:00+08:00,40.407229990871684,44.37737274169922,40.407229990871684,44.37737274169922,3564000,0.0,0.0
2021-03-22 00:00:00+08:00,44.55382383456095,46.759458677856045,42.83342798368444,44.64204788208008,5959000,0.0,0.0
2021-03-23 00:00:00+08:00,44.11269461754525,45.08317255291864,43.23044072519435,44.5538215637207,2863000,0.0,0.0
2021-03-24 00:00:00+08:00,44.55382109142485,46.84767984100839,44.55382109142485,46.318328857421875,2130000,0.0,0.0
2021-03-25 00:00:00+08:00,46.494783675525504,49.317996978759766,46.05365670206802,49.317996978759766,2129000,0.0,0.0
2021-03-26 00:00:00+08:00,49.93557540356445,49.93557540356445,44.99495431517029,46.141883850097656,3696000,0.0,0.0
2021-03-29 00:00:00+08:00,44.02447385286224,48.34751622798372,44.02447385286224,47.553489685058594,3522000,0.0,0.0
2021-03-30 00:00:00+08:00,47.55349310678354,49.05332225096221,46.23011207448565,47.81816864013672,7598000,0.0,0.0
2021-03-31 00:00:00+08:00,47.553492333746725,48.87687334453153,47.553492333746725,48.34751892089844,2527000,0.0,0.0
2021-04-01 00:00:00+08:00,48.34751345953185,48.78864041329679,47.37703550746159,47.46525955200195,2319000,0.0,0.0
2021-04-07 00:00:00+08:00,46.4947864096773,47.20058893560805,46.406558990478516,46.406558990478516,1176000,0.0,0.0
2021-04-08 00:00:00+08:00,46.23010530540002,46.318329348422516,43.6715676713698,44.5538215637207,2349000,0.0,0.0
2021-04-09 00:00:00+08:00,44.55382383456095,45.96542878805714,43.36278236539427,44.64204788208008,2074000,0.0,0.0
2021-04-12 00:00:00+08:00,44.64204862632148,44.8185000898331,43.27455567378696,44.11269760131836,1467000,0.0,0.0
2021-04-13 00:00:00+08:00,44.200921172812784,45.34785399048232,43.27455520629883,43.27455520629883,1195000,0.0,0.0
2021-04-14 00:00:00+08:00,43.67157330590058,46.75946232752991,41.73061381919861,46.141883850097656,2814000,0.0,0.0
2021-04-15 00:00:00+08:00,46.318332481384275,48.17106443442695,44.11269760131836,44.11269760131836,6101000,0.0,0.0
2021-04-16 00:00:00+08:00,44.28915101965319,46.93591299255439,43.67157255286986,44.73027801513672,4205000,0.0,0.0
2021-04-19 00:00:00+08:00,44.99495193519896,45.788981844974,43.671570995928406,43.8480224609375,1463000,0.0,0.0
2021-04-20 00:00:00+08:00,43.84802272078499,44.0685862119705,42.34819030761719,42.34819030761719,1495000,0.0,0.0
2021-04-21 00:00:00+08:00,42.34818794661411,43.05399040595136,39.966101701510745,41.99528503417969,2606000,0.0,0.0
2021-04-22 00:00:00+08:00,41.99528541089926,42.524639784299474,37.84869466302149,38.28982162475586,2613000,0.0,0.0
2021-04-23 00:00:00+08:00,37.187005778327496,40.84835769479198,37.14289038788059,40.010215759277344,1646000,0.0,0.0
2021-04-26 00:00:00+08:00,39.921991570051325,39.96610359481243,37.936920166015625,37.936920166015625,1110000,0.0,0.0
2021-04-27 00:00:00+08:00,38.025142669677734,39.61320242077131,36.92232526782477,38.025142669677734,1134000,0.0,0.0
2021-04-28 00:00:00+08:00,38.025142187567795,39.96610146332648,37.31933973243689,39.92198944091797,1264000,0.0,0.0
2021-04-29 00:00:00+08:00,39.7014264667069,39.8337659011419,38.025142669677734,38.025142669677734,1247000,0.0,0.0
2021-05-03 00:00:00+08:00,37.936920166015625,38.95151356317991,36.78999069456801,37.936920166015625,830000,0.0,0.0
2021-05-04 00:00:00+08:00,38.64272074047708,38.64272074047708,34.31967858339059,34.98136901855469,1011000,0.0,0.0
2021-05-05 00:00:00+08:00,34.98136978779439,36.48119878138896,34.67257889194189,35.290157318115234,491000,0.0,0.0
2021-05-06 00:00:00+08:00,35.73128260098971,36.525312449446524,34.31967772099037,34.407901763916016,404000,0.0,0.0
2021-05-07 00:00:00+08:00,34.54024181246622,36.878212647184874,34.54024181246622,36.216522216796875,588000,0.0,0.0
2021-05-10 00:00:00+08:00,36.216522385794356,36.216522385794356,34.496126585651346,34.71669006347656,401000,0.0,0.0
2021-05-11 00:00:00+08:00,34.23145104783863,34.84902945817849,31.275901794433594,31.275901794433594,946000,0.0,0.0
2021-05-12 00:00:00+08:00,30.92299905788688,31.49646544903948,28.18801326669356,29.77606964111328,1653000,0.0,0.0
2021-05-13 00:00:00+08:00,29.555506090313038,32.643394786315895,28.673252177169363,32.24637985229492,1656000,0.0,0.0
2021-05-14 00:00:00+08:00,32.24638038504303,35.157817673411195,31.8934808332742,33.216861724853516,1892000,0.0,0.0
2021-05-17 00:00:00+08:00,32.11404363618517,33.34919708955748,29.908408863522222,31.14356231689453,1176000,0.0,0.0
2021-05-18 00:00:00+08:00,31.320017273361618,33.08452528876227,30.7906662149542,32.64339828491211,765000,0.0,0.0
2021-05-19 00:00:00+08:00,31.937595751858236,33.17274934331952,31.584692802565325,32.64339828491211,415000,0.0,0.0
2021-05-20 00:00:00+08:00,33.08452224731445,34.84903010050456,32.86395876566569,33.08452224731445,693000,0.0,0.0
2021-05-21 00:00:00+08:00,33.702104554942345,36.39297866821289,33.481541047862265,36.39297866821289,1232000,0.0,0.0
2021-05-24 00:00:00+08:00,36.39297559888868,36.65765111195607,34.93725522872044,35.863624572753906,1024000,0.0,0.0
2021-05-25 00:00:00+08:00,36.348866611907745,36.348866611907745,35.06959759872217,35.15782165527344,461000,0.0,0.0
2021-05-26 00:00:00+08:00,35.9077336858368,35.9077336858368,34.62846488328434,34.672576904296875,295000,0.0,0.0
2021-05-27 00:00:00+08:00,35.02548285134179,35.20193431627805,33.702101912617536,34.23145294189453,149000,0.0,0.0
2021-05-28 00:00:00+08:00,34.62846601855911,35.113704996668275,34.496126585651346,34.71669006347656,112000,0.0,0.0
2021-05-31 00:00:00+08:00,34.71668755779683,34.71668755779683,32.81984380472377,33.5256462097168,393000,0.0,0.0
2021-06-01 00:00:00+08:00,34.363795076182576,36.61354217529297,33.65799252663273,36.39297866821289,1119000,0.0,0.0
2021-06-02 00:00:00+08:00,36.43708702335925,37.18700489115274,33.70210115748855,33.922664642333984,1158000,0.0,0.0
2021-06-03 00:00:00+08:00,34.71669229190648,34.71669229190648,33.65799022281367,33.83443832397461,147000,0.0,0.0
2021-06-04 00:00:00+08:00,33.657988645813894,34.01088819713293,33.08452224731445,33.08452224731445,228000,0.0,0.0
2021-06-07 00:00:00+08:00,33.172745787989456,33.172745787989456,32.11404378464233,32.24637985229492,189000,0.0,0.0
2021-06-08 00:00:00+08:00,32.37871754975468,32.99629592895508,32.37871754975468,32.99629592895508,90000,0.0,0.0
2021-06-09 00:00:00+08:00,32.64340135003559,32.819852841250345,32.025822813550086,32.0699348449707,168000,0.0,0.0
2021-06-10 00:00:00+08:00,32.290493422628685,32.81984781520743,32.15815734863281,32.15815734863281,97000,0.0,0.0
2021-06-11 00:00:00+08:00,32.15815690607313,32.68750792583521,31.805253982543945,31.805253982543945,75000,0.0,0.0
2021-06-15 00:00:00+08:00,31.849364033228355,32.68750590053047,31.32001304626465,31.32001304626465,161000,0.0,0.0
2021-06-16 00:00:00+08:00,31.761142273339285,31.761142273339285,30.43776134528348,30.570100784301758,168000,0.0,0.0
2021-06-17 00:00:00+08:00,30.87888913453497,31.540579615989287,30.040747184919795,31.49646759033203,234000,0.0,0.0
2021-06-18 00:00:00+08:00,31.62880480583173,31.62880480583173,30.967114300558833,31.055341720581055,139000,0.0,0.0
2021-06-21 00:00:00+08:00,31.45235514548707,31.45235514548707,30.43776174123325,30.790664672851562,175000,0.0,0.0
2021-06-22 00:00:00+08:00,31.45235663591545,31.45235663591545,29.996636180922604,30.305423736572266,213000,0.0,0.0
2021-06-23 00:00:00+08:00,30.79066613192451,30.834778159084184,30.084860235241955,30.305423736572266,95000,0.0,0.0
2021-06-24 00:00:00+08:00,30.702435998431184,30.702435998431184,29.952521506402263,29.996633529663086,155000,0.0,0.0
2021-06-25 00:00:00+08:00,30.39364768958166,30.48187173383776,30.04074478149414,30.04074478149414,160000,0.0,0.0
2021-06-28 00:00:00+08:00,30.437760493334604,30.437760493334604,29.29083106089499,29.996633529663086,263000,0.0,0.0
2021-06-29 00:00:00+08:00,29.99663302461409,30.08485706965032,29.11437911212544,29.158491134643555,234000,0.0,0.0
2021-06-30 00:00:00+08:00,29.158491906498302,29.599618874419704,28.84970437516599,29.1143798828125,187000,0.0,0.0
2021-07-01 00:00:00+08:00,29.114378580415202,29.290830032796748,27.83510975756338,27.967449188232422,359000,0.0,0.0
2021-07-02 00:00:00+08:00,27.967451145715955,29.511395572437305,27.702773948618482,28.937929153442383,344000,0.0,0.0
2021-07-05 00:00:00+08:00,28.93792958480738,29.555508037808245,28.585030015615327,29.29083251953125,203000,0.0,0.0
2021-07-06 00:00:00+08:00,29.511395507126608,29.511395507126608,28.23212659756796,28.320350646972656,172000,0.0,0.0
2021-07-07 00:00:00+08:00,28.849703647997718,28.849703647997718,27.79099827856511,27.923336029052734,112000,0.0,0.0
2021-07-08 00:00:00+08:00,27.923336210208486,28.4085768754989,27.790998458862305,27.790998458862305,218000,0.0,0.0
2021-07-09 00:00:00+08:00,27.835109966852563,27.835109966852563,26.952856063842773,26.952856063842773,185000,0.0,0.0
2021-07-12 00:00:00+08:00,26.99697083329658,26.99697083329658,25.85003970449438,26.026491165161133,320000,0.0,0.0
2021-07-13 00:00:00+08:00,26.291168405536144,27.61454939942755,26.114718616010197,26.158830642700195,386000,0.0,0.0
2021-07-14 00:00:00+08:00,26.158830190715232,28.761478424072266,25.100126423554478,28.761478424072266,718000,0.0,0.0
2021-07-15 00:00:00+08:00,29.37905846996,31.496469484141564,29.114382934570312,30.878890991210938,1528000,0.0,0.0
2021-07-16 00:00:00+08:00,30.61421290096384,32.20226934630543,29.731958946270538,31.67291831970215,1002000,0.0,0.0
2021-07-19 00:00:00+08:00,31.540578543734387,32.81984743749569,31.231791009099325,32.42283248901367,627000,0.0,0.0
2021-07-20 00:00:00+08:00,32.202269675804985,32.64339665766533,31.055340196074454,31.628803253173828,351000,0.0,0.0
2021-07-21 00:00:00+08:00,32.29049097754194,33.43742372518246,31.32001304626465,31.32001304626465,462000,0.0,0.0
2021-07-22 00:00:00+08:00,31.32001304626465,31.761139990578236,30.878886101951064,31.32001304626465,333000,0.0,0.0
2021-07-23 00:00:00+08:00,31.408239143871477,32.64339601497512,30.878888122273757,32.555171966552734,294000,0.0,0.0
2021-07-26 00:00:00+08:00,32.643395860736454,35.466609148825405,32.15815686564266,35.025482177734375,1145000,0.0,0.0
2021-07-27 00:00:00+08:00,34.716694286687684,35.02548521252569,32.996301642794194,33.48154067993164,884000,0.0,0.0
2021-07-28 00:00:00+08:00,33.08452163751122,33.08452163751122,30.17308440651655,31.275901794433594,638000,0.0,0.0
2021-07-29 00:00:00+08:00,31.36412708157219,32.81984743749569,31.36412708157219,32.42283248901367,305000,0.0,0.0
2021-07-30 00:00:00+08:00,32.422828900186644,33.5256462097168,32.29048947683049,33.5256462097168,244000,0.0,0.0
2021-08-02 00:00:00+08:00,33.52565026665575,33.702101730639235,31.937593821867882,32.02581787109375,315000,0.0,0.0
2021-08-03 00:00:00+08:00,31.76114269394464,32.24638170088466,31.628803253173828,31.628803253173828,124000,0.0,0.0
2021-08-04 00:00:00+08:00,31.584689316837732,31.761140772010776,31.01122629443982,31.275901794433594,110000,0.0,0.0
2021-08-05 00:00:00+08:00,31.231788535219643,32.06992702442038,30.48187072181445,30.96710968017578,277000,0.0,0.0
2021-08-06 00:00:00+08:00,30.96711277312894,31.761142686504257,30.48187376630259,30.790664672851562,122000,0.0,0.0
2021-08-09 00:00:00+08:00,30.878888282223024,31.805254257583368,30.437761306762695,30.437761306762695,98000,0.0,0.0
2021-08-10 00:00:00+08:00,30.040745997295183,30.878887913775426,30.040745997295183,30.349536895751953,104000,0.0,0.0
2021-08-11 00:00:00+08:00,30.34953953630975,30.702439123852148,28.893819061792886,29.070270538330078,356000,0.0,0.0
2021-08-12 00:00:00+08:00,29.070267494934928,29.64373052672941,28.93792806000378,29.026155471801758,78000,0.0,0.0
2021-08-13 00:00:00+08:00,29.555507982694184,30.128974409168137,28.673254013061523,28.673254013061523,103000,0.0,0.0
2021-08-16 00:00:00+08:00,28.76147692162438,29.42316737257155,27.48220972611935,28.982040405273438,238000,0.0,0.0
2021-08-17 00:00:00+08:00,28.982040405273438,28.982040405273438,28.982040405273438,28.982040405273438,0,0.0,0.0
2021-08-18 00:00:00+08:00,28.45268915681278,30.437760493334604,27.79099871130551,29.996633529663086,272000,0.0,0.0
2021-08-19 00:00:00+08:00,29.996630991105555,30.834772824257424,29.290828582068166,30.658321380615234,184000,0.0,0.0
2021-08-20 00:00:00+08:00,30.658325239293788,32.42283316673516,29.996634766503274,31.628803253173828,271000,0.0,0.0
2021-08-23 00:00:00+08:00,32.06992813066559,33.128633490766504,31.099450180466494,32.775733947753906,541000,0.0,0.0
2021-08-24 00:00:00+08:00,33.08451996932739,34.010885855362275,32.46694159012699,32.99629592895508,438000,0.0,0.0
2021-08-25 00:00:00+08:00,33.3491980640896,36.26063537597656,32.908071096666376,36.26063537597656,2014000,0.0,0.0
2021-08-26 00:00:00+08:00,35.73128741128104,37.142892481316395,35.4666118813409,37.05466842651367,1133000,0.0,0.0
2021-08-27 00:00:00+08:00,36.657651618405474,39.26030149151087,35.7312856271054,37.672245025634766,1826000,0.0,0.0
2021-08-30 00:00:00+08:00,37.93691979488734,39.21618869363523,37.49579282052818,38.201595306396484,628000,0.0,0.0
2021-08-31 00:00:00+08:00,38.378045658781694,41.73060989379883,37.9369186971865,41.73060989379883,1815000,0.0,0.0
2021-09-01 00:00:00+08:00,41.33359564375758,41.907062049596306,40.18666619761181,41.06892013549805,1475000,0.0,0.0
2021-09-02 00:00:00+08:00,41.20125976646666,41.59827471349189,37.93691950780501,38.73094940185547,1059000,0.0,0.0
2021-09-03 00:00:00+08:00,38.819174248663614,39.65731618395702,38.37804726856516,39.17207717895508,901000,0.0,0.0
2021-09-06 00:00:00+08:00,39.4367549270388,39.4367549270388,36.613541421436125,37.05466842651367,461000,0.0,0.0
2021-09-07 00:00:00+08:00,37.05466568208043,37.363453216551754,35.731284764863275,36.128299713134766,412000,0.0,0.0
2021-09-08 00:00:00+08:00,36.17241283673226,36.260636887682296,35.290158865104644,36.04007339477539,268000,0.0,0.0
2021-09-09 00:00:00+08:00,35.77539941608732,36.128302366139245,35.68717536134031,35.95185089111328,104000,0.0,0.0
2021-09-10 00:00:00+08:00,35.731289255937284,36.61354331163944,35.731289255937284,36.43709182739258,117000,0.0,0.0
2021-09-13 00:00:00+08:00,36.43709072353529,37.31934475250967,35.86362762402117,36.52531814575195,300000,0.0,0.0
2021-09-14 00:00:00+08:00,37.7565042127244,38.44049882904928,36.753310021395315,37.938899993896484,540000,1.35,0.0
2021-09-15 00:00:00+08:00,38.121300700672386,41.72367317914828,37.93890143360209,40.99407958984375,2538000,0.0,0.0
2021-09-16 00:00:00+08:00,40.58368197354404,41.99727020042271,39.12449479979379,40.127685546875,2054000,0.0,0.0
2021-09-17 00:00:00+08:00,40.35568436764995,44.00365583591209,40.35568436764995,41.17647933959961,5159000,0.0,0.0
2021-09-22 00:00:00+08:00,39.215691256235885,40.629279431304894,37.84770202636719,37.84770202636719,1289000,0.0,0.0
2021-09-23 00:00:00+08:00,38.987691737933055,40.99407656994945,38.030100005077344,40.49248123168945,1180000,0.0,0.0
2021-09-24 00:00:00+08:00,40.49248430052915,41.03967862392414,38.440500369332945,38.57729721069336,799000,0.0,0.0
2021-09-27 00:00:00+08:00,38.805292468029975,39.53488600328194,38.121297876423185,38.16689682006836,263000,0.0,0.0
2021-09-28 00:00:00+08:00,38.166898121745945,38.850892736680294,37.300507726010316,37.84770202636719,453000,0.0,0.0
2021-09-29 00:00:00+08:00,37.802105761037154,37.802105761037154,36.52531433105469,36.52531433105469,317000,0.0,0.0
2021-09-30 00:00:00+08:00,36.75331255219607,37.665305436761614,35.111726055773445,36.52531433105469,403000,0.0,0.0
2021-10-01 00:00:00+08:00,36.47971277962788,36.47971277962788,33.470137171103886,33.69813537597656,1044000,0.0,0.0
2021-10-04 00:00:00+08:00,34.518927241727326,34.518927241727326,32.64934263505759,33.10533905029297,317000,0.0,0.0
2021-10-05 00:00:00+08:00,32.46694507183205,35.476524353027344,32.46694507183205,35.476524353027344,322000,0.0,0.0
2021-10-06 00:00:00+08:00,35.111720822513796,37.619700881264784,35.02052293924062,37.43730163574219,932000,0.0,0.0
2021-10-07 00:00:00+08:00,38.75969673157262,40.85727962360356,38.030103135950114,40.31008529663086,1893000,0.0,0.0
2021-10-08 00:00:00+08:00,40.310083504403465,40.72048097087465,39.07889110498992,40.44688034057617,730000,0.0,0.0
2021-10-12 00:00:00+08:00,40.03648627694107,40.58368057854431,38.577295674371534,40.355682373046875,478000,0.0,0.0
2021-10-13 00:00:00+08:00,40.31008272752524,40.8572770196233,37.39170505205719,37.57410430908203,841000,0.0,0.0
2021-10-14 00:00:00+08:00,38.34929680271702,38.98769246281573,36.981307593495416,37.57410430908203,403000,0.0,0.0
2021-10-15 00:00:00+08:00,37.756504456972245,39.67168800348069,37.710902032407695,39.58049011230469,447000,0.0,0.0
2021-10-18 00:00:00+08:00,39.67168401718918,39.67168401718918,38.75969128116184,38.80529022216797,175000,0.0,0.0
2021-10-19 00:00:00+08:00,38.80529598020629,39.671689903785456,38.25810164898614,38.850894927978516,159000,0.0,0.0
2021-10-20 00:00:00+08:00,39.53488441877408,39.76288260683846,38.21249771118164,38.21249771118164,102000,0.0,0.0
2021-10-21 00:00:00+08:00,37.938899344155246,38.7140953167667,37.48290294108138,37.57410430908203,152000,0.0,0.0
2021-10-22 00:00:00+08:00,37.5741100633972,38.212505821263505,37.437309729934064,37.61970901489258,63000,0.0,0.0
2021-10-25 00:00:00+08:00,37.57410381394744,37.71090064568107,37.39170455932617,37.39170455932617,79000,0.0,0.0
2021-10-26 00:00:00+08:00,37.52850667042789,37.665303508724215,36.525312461371925,36.5709114074707,187000,0.0,0.0
2021-10-27 00:00:00+08:00,36.57090965301869,37.756503068568705,36.57090965301869,37.39170455932617,142000,0.0,0.0
2021-10-28 00:00:00+08:00,37.20930538382998,37.710900725872776,36.981307184812664,37.48290252685547,51000,0.0,0.0
2021-10-29 00:00:00+08:00,37.84769949197319,39.58048712536488,37.437302054698705,37.52850341796875,224000,0.0,0.0
2021-11-01 00:00:00+08:00,37.52850833187273,38.759697325929196,37.52850833187273,38.07570266723633,129000,0.0,0.0
2021-11-02 00:00:00+08:00,38.80529615637812,38.80529615637812,37.20930862426758,37.20930862426758,123000,0.0,0.0
2021-11-03 00:00:00+08:00,38.258102240421245,38.258102240421245,37.11811113360879,37.30051040649414,73000,0.0,0.0
2021-11-04 00:00:00+08:00,37.300507163033004,38.16689754569218,37.300507163033004,37.57410430908203,120000,0.0,0.0
2021-11-05 00:00:00+08:00,38.212502918843384,38.212502918843384,37.710904053562025,37.98450469970703,90000,0.0,0.0
2021-11-08 00:00:00+08:00,38.16689623946864,38.16689623946864,37.71089985200079,37.8932991027832,77000,0.0,0.0
2021-11-09 00:00:00+08:00,38.30370222805955,39.03329586041769,37.71090544484407,37.756507873535156,109000,0.0,0.0
2021-11-10 00:00:00+08:00,37.847703487583644,38.75969634270614,37.665304220763815,37.71090316772461,85000,0.0,0.0
2021-11-11 00:00:00+08:00,37.665301118454096,37.665301118454096,37.02690547665459,37.118106842041016,166000,0.0,0.0
2021-11-12 00:00:00+08:00,38.303695442742324,38.303695442742324,37.25490239021959,37.43730163574219,92000,0.0,0.0
2021-11-15 00:00:00+08:00,38.03010021101239,38.03010021101239,37.30050667150375,37.39170455932617,68000,0.0,0.0
2021-11-16 00:00:00+08:00,37.39170601672565,37.39170601672565,36.798909285845475,37.254905700683594,106000,0.0,0.0
2021-11-17 00:00:00+08:00,37.34611082793088,37.34611082793088,36.981312267772246,37.16371154785156,66000,0.0,0.0
2021-11-18 00:00:00+08:00,37.16371154785156,37.938904139467525,36.79891298769294,37.16371154785156,107000,0.0,0.0
2021-11-19 00:00:00+08:00,37.34610916863091,40.401283928053616,37.34610916863091,38.94209671020508,927000,0.0,0.0
2021-11-22 00:00:00+08:00,39.67168939542487,40.811680470006046,39.30689085996823,39.35249328613281,801000,0.0,0.0
2021-11-23 00:00:00+08:00,39.306893037679885,39.306893037679885,37.756507873535156,37.756507873535156,257000,0.0,0.0
2021-11-24 00:00:00+08:00,37.80210494995117,38.166900008564255,37.61970568115629,37.80210494995117,100000,0.0,0.0
2021-11-25 00:00:00+08:00,37.52850341796875,38.577293003252116,37.437302054698705,37.52850341796875,151000,0.0,0.0
2021-11-26 00:00:00+08:00,37.346110353621256,37.98450608630254,36.84451494900627,36.9813117980957,173000,0.0,0.0
2021-11-29 00:00:00+08:00,37.026906275257055,37.84770118655608,36.06931453139249,36.616512298583984,96000,0.0,0.0
2021-11-30 00:00:00+08:00,37.391706429101546,37.66530358522648,36.66211285310952,37.346107482910156,52000,0.0,0.0
2021-12-01 00:00:00+08:00,36.84451308495365,37.574106680115996,36.753311711197924,37.02690887451172,55000,0.0,0.0
2021-12-02 00:00:00+08:00,36.935706505168966,36.935706505168966,36.251711940258424,36.662109375,133000,0.0,0.0
2021-12-03 00:00:00+08:00,37.20930701294492,37.20930701294492,36.479713439941406,36.479713439941406,120000,0.0,0.0
2021-12-06 00:00:00+08:00,37.1181125241271,37.1181125241271,36.06931927497905,36.29731750488281,69000,0.0,0.0
2021-12-07 00:00:00+08:00,36.47971718848983,36.570915089870276,36.114918625014155,36.388519287109375,65000,0.0,0.0
2021-12-08 00:00:00+08:00,37.11810919758575,37.11810919758575,36.5709114074707,36.5709114074707,74000,0.0,0.0
2021-12-09 00:00:00+08:00,36.47971718848983,36.570915089870276,35.932522822253254,36.388519287109375,134000,0.0,0.0
2021-12-10 00:00:00+08:00,36.0237207236337,36.47971718848983,35.61332320946781,36.388519287109375,59000,0.0,0.0
2021-12-13 00:00:00+08:00,36.66211270293643,36.66211270293643,35.84131775894712,36.479713439941406,66000,0.0,0.0
2021-12-14 00:00:00+08:00,37.48290459545819,37.48290459545819,35.79571922120844,35.88691711425781,132000,0.0,0.0
2021-12-15 00:00:00+08:00,35.75011882586353,36.47971237762065,35.75011882586353,36.02371597290039,34000,0.0,0.0
2021-12-16 00:00:00+08:00,35.9325199494398,36.02371784352896,35.9325199494398,35.978118896484375,39000,0.0,0.0
2021-12-17 00:00:00+08:00,36.57091174905797,36.57091174905797,35.70452132815906,35.88691711425781,30000,0.0,0.0
2021-12-20 00:00:00+08:00,36.29731507867744,37.1181100430577,35.8413186493499,36.06931686401367,57000,0.0,0.0
2021-12-21 00:00:00+08:00,36.34291353745792,36.388515962959225,35.79571922120844,35.88691711425781,54000,0.0,0.0
2021-12-22 00:00:00+08:00,36.06931927497905,36.479716784601194,35.795722094889925,36.29731750488281,41000,0.0,0.0
2021-12-23 00:00:00+08:00,36.297313198507915,36.57091034613702,36.11491394042969,36.11491394042969,72000,0.0,0.0
2021-12-24 00:00:00+08:00,36.16051589874596,36.616512298583984,36.114913475581005,36.616512298583984,51000,0.0,0.0
2021-12-27 00:00:00+08:00,36.707710659439805,36.75330960421525,36.02371605087882,36.11491394042969,103000,0.0,0.0
2021-12-28 00:00:00+08:00,36.29731507867744,36.93571077553135,35.88691759648732,36.06931686401367,61000,0.0,0.0
2021-12-29 00:00:00+08:00,36.29731417694639,36.75331059494565,36.29731417694639,36.479713439941406,55000,0.0,0.0
2021-12-30 00:00:00+08:00,36.47971531186988,36.525314260214365,36.29731603951518,36.43411636352539,43000,0.0,0.0
2022-01-03 00:00:00+08:00,36.434111967575845,37.02690518248434,36.11491240972388,36.16051483154297,46000,0.0,0.0
2022-01-04 00:00:00+08:00,36.06931346688112,36.16051483154297,35.93251663835285,36.16051483154297,37000,0.0,0.0
2022-01-05 00:00:00+08:00,36.16051483154297,36.16051483154297,35.97811558119561,36.16051483154297,9000,0.0,0.0
2022-01-06 00:00:00+08:00,36.16051628590706,36.798908469334236,35.93251808354693,36.02371597290039,12000,0.0,0.0
2022-01-07 00:00:00+08:00,36.023718832409905,36.023718832409905,35.20292384716935,35.65892028808594,94000,0.0,0.0
2022-01-10 00:00:00+08:00,35.65892039492207,36.84451392803869,35.65892039492207,36.52531433105469,87000,0.0,0.0
2022-01-11 00:00:00+08:00,36.707713532569066,36.844513856579276,36.38851741518091,36.43411636352539,12000,0.0,0.0
2022-01-12 00:00:00+08:00,36.479714903778685,36.93571134007592,36.114916363150215,36.34291458129883,23000,0.0,0.0
2022-01-13 00:00:00+08:00,36.11491054799857,36.206111907958984,36.023712667014316,36.206111907958984,42000,0.0,0.0
2022-01-14 00:00:00+08:00,36.02371605087882,36.11491394042969,35.56771964517149,36.11491394042969,37000,0.0,0.0
2022-01-17 00:00:00+08:00,36.160519734550675,36.84451440686392,36.11491730654835,36.70771408081055,30000,0.0,0.0
2022-01-18 00:00:00+08:00,36.75331059494565,36.93570985794067,36.479713439941406,36.479713439941406,22000,0.0,0.0
2022-01-19 00:00:00+08:00,36.570915089870276,36.570915089870276,36.388519287109375,36.388519287109375,16000,0.0,0.0
2022-01-20 00:00:00+08:00,36.47971531186988,36.47971531186988,36.38851741518091,36.43411636352539,15000,0.0,0.0
2022-01-21 00:00:00+08:00,36.479716784601194,36.479716784601194,36.20611960451207,36.29731750488281,27000,0.0,0.0
2022-01-24 00:00:00+08:00,36.342916455068185,36.342916455068185,35.430923535453154,36.29731750488281,26000,0.0,0.0
2022-01-25 00:00:00+08:00,36.34291097914012,36.4797112880609,35.567718505859375,35.567718505859375,45000,0.0,0.0
2022-01-26 00:00:00+08:00,35.75011947342175,35.75011947342175,34.24532991899736,34.65572738647461,130000,0.0,0.0
2022-02-07 00:00:00+08:00,34.7925274567258,36.342912466748515,34.7925274567258,35.4309196472168,61000,0.0,0.0
2022-02-08 00:00:00+08:00,35.339722243143626,35.84131760499294,35.339722243143626,35.613319396972656,21000,0.0,0.0
2022-02-09 00:00:00+08:00,35.658918753888166,35.75012012553366,35.47652296855038,35.70452117919922,22000,0.0,0.0
2022-02-10 00:00:00+08:00,35.70452257257385,35.750121520687806,35.385322977822696,35.476524353027344,27000,0.0,0.0
2022-02-11 00:00:00+08:00,34.838124975893436,35.932517010330535,34.838124975893436,35.567718505859375,44000,0.0,0.0
2022-02-14 00:00:00+08:00,36.023714896960136,36.29731203582532,35.02052422812901,35.567718505859375,21000,0.0,0.0
2022-02-15 00:00:00+08:00,35.06612317144381,35.567718505859375,35.06612317144381,35.567718505859375,30000,0.0,0.0
2022-02-16 00:00:00+08:00,35.20292000138822,36.11491278358974,35.20292000138822,35.567718505859375,40000,0.0,0.0
2022-02-17 00:00:00+08:00,36.023716790220746,36.023716790220746,35.29412322191032,35.52212142944336,47000,0.0,0.0
2022-02-18 00:00:00+08:00,35.47652248373206,35.56772037515466,35.24852427619902,35.52212142944336,52000,0.0,0.0
2022-02-21 00:00:00+08:00,35.567722249255254,35.84131941691572,35.29412508159479,35.476524353027344,33000,0.0,0.0
2022-02-22 00:00:00+08:00,35.47652534833533,35.47652534833533,34.97492646807907,35.157325744628906,26000,0.0,0.0
2022-02-23 00:00:00+08:00,35.476525278788,35.61332212669958,35.06612777709961,35.06612777709961,30000,0.0,0.0
2022-02-24 00:00:00+08:00,34.92932315634486,35.65891669244807,34.51892570510668,34.883724212646484,93000,0.0,0.0
2022-02-25 00:00:00+08:00,34.427727528107475,35.567718505859375,34.19972933255709,35.567718505859375,42000,0.0,0.0
2022-03-01 00:00:00+08:00,36.297313943465085,36.297313943465085,35.202921851511164,35.52212142944336,28000,0.0,0.0
2022-03-02 00:00:00+08:00,35.02052743931895,35.61332071472,35.02052743931895,35.294124603271484,20000,0.0,0.0
2022-03-03 00:00:00+08:00,35.24852565577551,35.47652387223208,34.92932606535031,35.294124603271484,29000,0.0,0.0
2022-03-04 00:00:00+08:00,36.023718200137154,36.023718200137154,35.1117253343109,35.294124603271484,28000,0.0,0.0
2022-03-07 00:00:00+08:00,35.70452357427842,35.70452357427842,35.02052889644915,35.157325744628906,50000,0.0,0.0
2022-03-08 00:00:00+08:00,35.157327555911024,36.206120840873105,34.974928269964096,35.020530700683594,60000,0.0,0.0
2022-03-09 00:00:00+08:00,34.92932606535031,35.294124603271484,34.92932606535031,35.294124603271484,17000,0.0,0.0
2022-03-10 00:00:00+08:00,35.56772135473543,35.750120621580685,35.20292282104492,35.20292282104492,40000,0.0,0.0
2022-03-11 00:00:00+08:00,35.15732387407777,35.52212240776828,34.655728499485804,35.20292282104492,24000,0.0,0.0
2022-03-14 00:00:00+08:00,35.47652534833533,36.023719699008005,35.157325744628906,35.157325744628906,25000,0.0,0.0
2022-03-15 00:00:00+08:00,34.97492639951506,35.11172672640347,34.97492639951506,35.06612777709961,25000,0.0,0.0
2022-03-16 00:00:00+08:00,35.33972306685014,35.33972306685014,35.066125906644054,35.111724853515625,11000,0.0,0.0
2022-03-17 00:00:00+08:00,35.567721280184664,35.567721280184664,34.97492453392426,35.111724853515625,41000,0.0,0.0
2022-03-18 00:00:00+08:00,35.567718505859375,35.567718505859375,35.111722114758614,35.567718505859375,36000,0.0,0.0
2022-03-21 00:00:00+08:00,35.75011775809496,35.84131564472456,35.4309181969386,35.567718505859375,24000,0.0,0.0
2022-03-22 00:00:00+08:00,35.841318018202564,35.841318018202564,35.20292233259048,35.70452117919922,23000,0.0,0.0
2022-03-23 00:00:00+08:00,35.93252093581729,35.93252093581729,35.56772239149332,35.65892028808594,32000,0.0,0.0
2022-03-24 00:00:00+08:00,35.385321744533016,35.93251953975911,35.385321744533016,35.88691711425781,37000,0.0,0.0
2022-03-25 00:00:00+08:00,35.88692039258609,36.47971718848983,35.88692039258609,36.388519287109375,93000,0.0,0.0
2022-03-28 00:00:00+08:00,36.66211101981753,38.577294495899764,36.38851387737384,37.39170455932617,789000,0.0,0.0
2022-03-29 00:00:00+08:00,37.34610453355025,37.89329880258617,36.935707092285156,36.935707092285156,159000,0.0,0.0
2022-03-30 00:00:00+08:00,37.072506809741576,37.300504998045085,36.61651043313455,36.662109375,65000,0.0,0.0
2022-03-31 00:00:00+08:00,37.39170347614053,37.482901361321076,36.52530965102006,36.935707092285156,28000,0.0,0.0
2022-04-01 00:00:00+08:00,36.52531496579092,37.665306091308594,36.38851811811489,37.665306091308594,369000,0.0,0.0
2022-04-06 00:00:00+08:00,38.12130064832507,38.12130064832507,37.11810989928098,37.71090316772461,60000,0.0,0.0
2022-04-07 00:00:00+08:00,37.71090400999269,37.71090400999269,36.662114290563224,37.20930862426758,68000,0.0,0.0
2022-04-08 00:00:00+08:00,37.39170891697972,37.80210641796144,37.39170891697972,37.665306091308594,70000,0.0,0.0
2022-04-11 00:00:00+08:00,37.80210142704554,37.80210142704554,36.66211045203799,37.118106842041016,42000,0.0,0.0
2022-04-12 00:00:00+08:00,37.34610561541496,37.66530170176986,37.02690605008364,37.39170455932617,239000,0.0,0.0
2022-04-13 00:00:00+08:00,37.43730786620506,38.30370181739386,37.43730786620506,37.665306091308594,109000,0.0,0.0
2022-04-14 00:00:00+08:00,37.665306091308594,38.03010464306498,37.574108192857906,37.665306091308594,37000,0.0,0.0
2022-04-15 00:00:00+08:00,37.710906917883335,37.75650934835571,37.11811359048941,37.61970901489258,59000,0.0,0.0
2022-04-18 00:00:00+08:00,37.57410381394744,37.57410381394744,37.11810741688248,37.39170455932617,36000,0.0,0.0
2022-04-19 00:00:00+08:00,37.482900996845586,37.75650160767943,37.34610417040495,37.52850341796875,21000,0.0,0.0
2022-04-20 00:00:00+08:00,37.528506332767705,37.80210348587527,37.2093067549951,37.254905700683594,47000,0.0,0.0
2022-04-21 00:00:00+08:00,37.48290432148433,37.75650495658586,37.25490611155078,37.346107482910156,30000,0.0,0.0
2022-04-22 00:00:00+08:00,37.75650643694866,37.75650643694866,37.163709676288335,37.20930862426758,29000,0.0,0.0
2022-04-25 00:00:00+08:00,36.93570767916166,36.93570767916166,35.339720310309,35.567718505859375,77000,0.0,0.0
2022-04-26 00:00:00+08:00,36.47971370381464,36.89011117877787,35.61331980755372,35.70452117919922,34000,0.0,0.0
2022-04-27 00:00:00+08:00,35.20291841560296,35.93251539167913,34.9293212890625,34.9293212890625,87000,0.0,0.0
2022-04-28 00:00:00+08:00,35.2029253055494,36.75331396469033,35.2029253055494,36.29731750488281,32000,0.0,0.0
2022-04-29 00:00:00+08:00,36.70771172474361,36.70771172474361,36.02371709633224,36.5709114074707,15000,0.0,0.0
2022-05-03 00:00:00+08:00,36.57091034613702,36.57091034613702,35.75011890324972,36.11491394042969,17000,0.0,0.0
2022-05-04 00:00:00+08:00,36.4797143462038,36.4797143462038,35.79571970221247,36.06931686401367,27000,0.0,0.0
2022-05-05 00:00:00+08:00,36.47971427192806,36.570912166017216,35.9325199494398,35.978118896484375,14000,0.0,0.0
2022-05-06 00:00:00+08:00,35.70452458982519,37.39171011820207,35.70452458982519,36.388519287109375,60000,0.0,0.0
2022-05-09 00:00:00+08:00,35.93252002260141,37.02690866980619,35.75012075507505,36.06931686401367,24000,0.0,0.0
2022-05-10 00:00:00+08:00,35.385322977822696,36.02371868834827,35.385322977822696,35.476524353027344,80000,0.0,0.0
2022-05-11 00:00:00+08:00,36.38851723121338,36.38851723121338,35.29412508159479,35.476524353027344,21000,0.0,0.0
2022-05-12 00:00:00+08:00,35.65891777423601,36.11491418300617,34.746924956695686,35.3397216796875,38000,0.0,0.0
2022-05-13 00:00:00+08:00,35.56772176722402,36.023718200137154,35.20292322930285,35.294124603271484,28000,0.0,0.0
2022-05-16 00:00:00+08:00,35.56771630414072,36.66210827083258,35.56771630414072,36.206111907958984,1126000,0.0,0.0
2022-05-17 00:00:00+08:00,36.20611635970392,37.39170635315498,35.75011994076301,36.5709114074707,744000,0.0,0.0
2022-05-18 00:00:00+08:00,36.93570993421407,37.34610740705621,36.434114569174376,36.5709114074707,40000,0.0,0.0
2022-05-19 00:00:00+08:00,36.29731790675199,36.93571365334595,36.114918625014155,36.388519287109375,24000,0.0,0.0
2022-05-20 00:00:00+08:00,36.4797143462038,36.70771256086757,36.06931686401367,36.06931686401367,31000,0.0,0.0
2022-05-23 00:00:00+08:00,36.11491336642512,36.11491336642512,35.795717279093836,35.84131622314453,33000,0.0,0.0
2022-05-24 00:00:00+08:00,35.84131564472456,35.978115953645336,35.567718505859375,35.567718505859375,27000,0.0,0.0
2022-05-25 00:00:00+08:00,35.932517590222346,35.932517590222346,35.522120135813246,35.84131622314453,24000,0.0,0.0
2022-05-26 00:00:00+08:00,36.02371924217926,36.29731641404602,35.7045231214975,35.7501220703125,17000,0.0,0.0
2022-05-27 00:00:00+08:00,36.25171746523103,36.25171746523103,35.65892069370572,35.7501220703125,16000,0.0,0.0
2022-05-30 00:00:00+08:00,36.29731689439269,36.29731689439269,35.65892116560406,35.93252182006836,38000,0.0,0.0
2022-05-31 00:00:00+08:00,35.658916392488976,35.79571670140976,35.567718505859375,35.567718505859375,41000,0.0,0.0
2022-06-01 00:00:00+08:00,35.567718505859375,35.613317449174176,35.567718505859375,35.567718505859375,14000,0.0,0.0
2022-06-02 00:00:00+08:00,35.7957185826877,35.93251889879815,35.47652248373206,35.52212142944336,30000,0.0,0.0
2022-06-06 00:00:00+08:00,35.52212086102449,35.52212086102449,35.11172339823681,35.2485237121582,48000,0.0,0.0
2022-06-07 00:00:00+08:00,35.476521916042856,35.56771980600612,35.20292128820007,35.2485237121582,35000,0.0,0.0
2022-06-08 00:00:00+08:00,35.111722681404146,37.25490436257461,35.111722681404146,35.84131622314453,36000,0.0,0.0
2022-06-09 00:00:00+08:00,35.93251897558699,35.93251897558699,35.613319396972656,35.613319396972656,4000,0.0,0.0
2022-06-10 00:00:00+08:00,35.978119884113596,36.662114545488464,35.56772239149332,35.65892028808594,27000,0.0,0.0
2022-06-13 00:00:00+08:00,35.978118759982124,35.978118759982124,35.020526959772475,35.111724853515625,30000,0.0,0.0
2022-06-14 00:00:00+08:00,34.92932606535031,35.385322498263434,34.883727117854335,35.294124603271484,28000,0.0,0.0
2022-06-15 00:00:00+08:00,35.567722249255254,35.567722249255254,34.97492548684364,35.476524353027344,44000,0.0,0.0
2022-06-16 00:00:00+08:00,35.20292037816643,35.20292037816643,34.97492218017578,34.97492218017578,15000,0.0,0.0
2022-06-17 00:00:00+08:00,34.9293212890625,35.20291841560296,34.79252446528038,34.9293212890625,43000,0.0,0.0
2022-06-20 00:00:00+08:00,35.20292021643376,35.20292021643376,34.47332668201092,34.79252624511719,31000,0.0,0.0
2022-06-21 00:00:00+08:00,34.701326490733784,36.66211246710857,34.655727545022486,35.52212142944336,73000,0.0,0.0
2022-06-22 00:00:00+08:00,35.65891677414774,35.65891677414774,34.74692398218512,34.97492218017578,61000,0.0,0.0
2022-06-23 00:00:00+08:00,35.33972068855139,35.33972068855139,34.97492218017578,34.97492218017578,17000,0.0,0.0
2022-06-24 00:00:00+08:00,35.33972083454965,35.33972083454965,34.1085319519043,34.1085319519043,33000,0.0,0.0
2022-06-27 00:00:00+08:00,34.42773389110033,35.11172860416855,34.199735653410926,35.020530700683594,43000,0.0,0.0
2022-06-28 00:00:00+08:00,34.65572601517821,34.97492210004324,34.4733267614083,34.883724212646484,21000,0.0,0.0
2022-06-29 00:00:00+08:00,34.70132989555651,34.746928845741884,34.47333166565275,36.29731750488281,36000,0.0,0.0
2022-06-30 00:00:00+08:00,34.65572689511995,35.02052541192233,33.78933302694665,34.47332763671875,241000,0.0,0.0
2022-07-01 00:00:00+08:00,33.971734557313106,34.83812848342919,33.83493423461914,33.83493423461914,335000,0.0,0.0
2022-07-04 00:00:00+08:00,34.01733461491346,35.75012252367167,33.88053776673371,35.157325744628906,92000,0.0,0.0
2022-07-05 00:00:00+08:00,36.02371629284274,36.02371629284274,34.79252738075391,35.3397216796875,48000,0.0,0.0
2022-07-06 00:00:00+08:00,34.56453012595501,36.29731443950024,34.51892770064396,35.70452117919922,237000,0.0,0.0
2022-07-07 00:00:00+08:00,35.93251650511661,35.93251650511661,35.11172162108513,35.385318756103516,17000,0.0,0.0
2022-07-08 00:00:00+08:00,35.79571865918419,36.2973140210335,35.202921926740835,35.613319396972656,26000,0.0,0.0
2022-07-11 00:00:00+08:00,36.206118104571885,36.206118104571885,35.56772239149332,35.65892028808594,25000,0.0,0.0
2022-07-12 00:00:00+08:00,35.20292037816643,35.476520998936344,34.65572609457943,34.97492218017578,36000,0.0,0.0
2022-07-13 00:00:00+08:00,36.479715273326484,36.479715273326484,34.92932667841475,35.65892028808594,58000,0.0,0.0
2022-07-14 00:00:00+08:00,35.88691787867254,35.88691787867254,35.20292322930285,35.294124603271484,13000,0.0,0.0
2022-07-15 00:00:00+08:00,35.15732387407777,35.294124193955874,35.15732387407777,35.20292282104492,20000,0.0,0.0
2022-07-18 00:00:00+08:00,35.248525306841145,36.02371784352896,35.248525306841145,35.978118896484375,13000,0.0,0.0
2022-07-19 00:00:00+08:00,36.29731500477308,36.29731500477308,35.841318576373986,35.978118896484375,19000,0.0,0.0
2022-07-20 00:00:00+08:00,36.29731311993725,36.29731311993725,35.79571777054026,36.02371597290039,19000,0.0,0.0
2022-07-21 00:00:00+08:00,36.20611377438573,36.20611377438573,36.02371452403837,36.16051483154297,11000,0.0,0.0
2022-07-22 00:00:00+08:00,36.160517676120215,36.20611662255002,35.522121989173044,35.795719146728516,30000,0.0,0.0
2022-07-25 00:00:00+08:00,35.75011833504315,35.84131622314453,35.56771907986394,35.84131622314453,14000,0.0,0.0
2022-07-26 00:00:00+08:00,35.476520619229774,35.79571670140976,35.476520619229774,35.567718505859375,32000,0.0,0.0
2022-07-27 00:00:00+08:00,35.61332133978963,35.704522715359,35.56772239149332,35.65892028808594,26000,0.0,0.0
2022-07-28 00:00:00+08:00,35.47652304274323,35.795719146728516,35.47652304274323,35.795719146728516,15000,0.0,0.0
2022-07-29 00:00:00+08:00,35.65892028808594,35.65892028808594,35.65892028808594,35.65892028808594,1000,0.0,0.0
2022-08-01 00:00:00+08:00,35.658918753888166,35.70452117919922,35.56772086121927,35.70452117919922,16000,0.0,0.0
2022-08-02 00:00:00+08:00,35.65892116560406,35.93252182006836,35.65892116560406,35.93252182006836,29000,0.0,0.0
2022-08-03 00:00:00+08:00,35.795719146728516,35.795719146728516,35.795719146728516,35.795719146728516,1000,0.0,0.0
2022-08-04 00:00:00+08:00,35.795717848025156,36.206115308957045,35.65891753472236,36.11491394042969,113000,0.0,0.0
2022-08-05 00:00:00+08:00,36.20611704415848,37.98450380744268,36.20611704415848,37.71090316772461,425000,0.0,0.0
2022-08-08 00:00:00+08:00,38.16690056347135,38.394898783035636,37.71090412434277,38.07570266723633,782000,0.0,0.0
2022-08-09 00:00:00+08:00,38.12335730218344,38.12335730218344,36.9796558559726,37.07496643066406,56000,1.8,0.0
2022-08-10 00:00:00+08:00,36.979650880430974,37.07496144229858,36.503108978271484,36.503108978271484,16000,0.0,0.0
2022-08-11 00:00:00+08:00,38.40928088507639,38.40928088507639,36.2648420853866,36.45545959472656,40000,0.0,0.0
2022-08-12 00:00:00+08:00,36.64607300320981,36.64607300320981,36.455455515200775,36.503108978271484,23000,0.0,0.0
2022-08-15 00:00:00+08:00,36.693726466280516,37.456192782590456,36.455455515200775,36.503108978271484,24000,0.0,0.0
2022-08-16 00:00:00+08:00,36.40780205213006,37.07496144229858,36.21718456412103,36.503108978271484,31000,0.0,0.0
2022-08-17 00:00:00+08:00,37.17027106912756,37.26557800219372,36.550765097018186,36.74138259887695,24000,0.0,0.0
2022-08-18 00:00:00+08:00,37.21792683911125,37.21792683911125,36.50311388969531,37.07496643066406,25000,0.0,0.0
2022-08-19 00:00:00+08:00,37.36089180098064,37.78978030831033,36.88434982299805,36.88434982299805,41000,0.0,0.0
2022-08-22 00:00:00+08:00,37.313236327454376,37.45619673173937,36.88434784314626,37.26557922363281,13000,0.0,0.0
2022-08-23 00:00:00+08:00,36.59842184397989,37.02730667434043,36.50311127611256,36.836692810058594,24000,0.0,0.0
2022-08-24 00:00:00+08:00,36.64607587931073,36.64607587931073,35.9312629699707,35.9312629699707,433000,0.0,0.0
2022-08-25 00:00:00+08:00,36.31249377610431,37.21792417434868,36.026569343955146,36.836692810058594,58000,0.0,0.0
2022-08-26 00:00:00+08:00,37.31323393148321,37.31323393148321,36.550763948016986,36.979652404785156,19000,0.0,0.0
2022-08-29 00:00:00+08:00,36.741385775312565,37.170274282642254,36.741385775312565,36.88434982299805,10000,0.0,0.0
2022-08-30 00:00:00+08:00,36.360151763281074,36.93200064150408,36.21718772586207,36.64607620239258,42000,0.0,0.0
2022-08-31 00:00:00+08:00,37.027305603027344,37.027305603027344,37.027305603027344,37.027305603027344,10000,0.0,0.0
2022-09-01 00:00:00+08:00,36.979650880430974,37.07496144229858,36.503108978271484,36.503108978271484,3000,0.0,0.0
2022-09-02 00:00:00+08:00,36.50310986323574,36.69372735586601,36.16953197792747,36.31249237060547,124000,0.0,0.0
2022-09-05 00:00:00+08:00,36.217185974121094,36.31249290397299,36.02656847869098,36.217185974121094,16000,0.0,0.0
2022-09-06 00:00:00+08:00,36.02657022121223,36.64607620239258,35.74064578210073,36.64607620239258,230000,0.0,0.0
2022-09-07 00:00:00+08:00,36.59842042741401,36.59842042741401,36.12187851370147,36.31249237060547,6000,0.0,0.0
2022-09-08 00:00:00+08:00,36.217185974121094,36.26483943904704,36.16953250919514,36.217185974121094,16000,0.0,0.0
2022-09-12 00:00:00+08:00,36.31249290397299,36.31249290397299,36.217185974121094,36.217185974121094,5000,0.0,0.0
2022-09-13 00:00:00+08:00,36.455456934477155,36.455456934477155,36.217185974121094,36.217185974121094,8000,0.0,0.0
2022-09-14 00:00:00+08:00,36.217186866582374,36.36015090060945,36.02656936645508,36.02656936645508,482000,0.0,0.0
2022-09-15 00:00:00+08:00,36.02656963466789,36.31249406912429,35.97891616821289,35.97891616821289,233000,0.0,0.0
2022-09-16 00:00:00+08:00,35.97891706685432,35.97891706685432,35.788299560546875,35.788299560546875,25000,0.0,0.0
2022-09-19 00:00:00+08:00,35.454718134371795,35.93126003500657,35.35940757280914,35.74064254760742,122000,0.0,0.0
2022-09-20 00:00:00+08:00,35.7882969070226,36.36014938354492,35.597679414848486,36.36014938354492,157000,0.0,0.0
2022-09-21 00:00:00+08:00,36.3124922837067,36.88434476022903,36.12187842725885,36.36014938354492,255000,0.0,0.0
2022-09-22 00:00:00+08:00,36.50310986323574,36.50310986323574,36.16953197792747,36.31249237060547,103000,0.0,0.0
2022-09-23 00:00:00+08:00,36.36015292772743,36.45545986524133,36.12188194821604,36.407806396484375,33000,0.0,0.0
2022-09-26 00:00:00+08:00,35.9312650642166,36.36015356196359,35.9312650642166,36.26484298706055,128000,0.0,0.0
2022-09-27 00:00:00+08:00,36.217186866582374,36.217186866582374,36.02656936645508,36.02656936645508,23000,0.0,0.0
2022-09-28 00:00:00+08:00,35.93126332908954,36.0742237309505,35.502374852053656,35.83595275878906,28000,0.0,0.0
2022-09-29 00:00:00+08:00,36.21718767762658,36.40780518202255,35.74064573449992,35.883609771728516,29000,0.0,0.0
2022-09-30 00:00:00+08:00,35.883609771728516,36.16953421045922,35.311757258540624,35.883609771728516,39000,0.0,0.0
2022-10-03 00:00:00+08:00,35.454720166709095,35.88360862901038,35.3117561340332,35.3117561340332,65000,0.0,0.0
2022-10-04 00:00:00+08:00,35.454722455190876,36.169535393256304,35.454722455190876,35.64533996582031,25000,0.0,0.0
2022-10-05 00:00:00+08:00,35.45472138476667,36.264841235824946,35.31175734717921,35.83595275878906,55000,0.0,0.0
2022-10-06 00:00:00+08:00,35.83595475339579,36.16953631442464,35.4547233581543,35.4547233581543,35000,0.0,0.0
2022-10-07 00:00:00+08:00,35.454718397280985,35.692989349365234,35.31175437173996,35.692989349365234,18000,0.0,0.0
2022-10-11 00:00:00+08:00,35.645338478128,36.0265698477492,33.929784589789946,35.16879653930664,85000,0.0,0.0
2022-10-12 00:00:00+08:00,35.121141244023434,35.59768320736555,34.78756332397461,34.78756332397461,42000,0.0,0.0
2022-10-13 00:00:00+08:00,35.02583209176641,35.02583209176641,31.30880355834961,31.30880355834961,161000,0.0,0.0
2022-10-14 00:00:00+08:00,31.594732220228384,32.404852067628504,30.022142356773465,31.975963592529297,326000,0.0,0.0
2022-10-17 00:00:00+08:00,31.785347060842824,31.975964570687594,31.070534125719885,31.404115676879883,75000,0.0,0.0
2022-10-18 00:00:00+08:00,31.07053385870875,31.690039851448752,31.07053385870875,31.45176887512207,92000,0.0,0.0
2022-10-19 00:00:00+08:00,31.833002593474188,32.02361645818158,31.261150092172763,31.30880355834961,29000,0.0,0.0
2022-10-20 00:00:00+08:00,31.451767980006387,31.642385482788086,31.070532974442997,31.642385482788086,31000,0.0,0.0
2022-10-21 00:00:00+08:00,31.642386781640422,32.54781723022461,31.451769271034287,32.54781723022461,26000,0.0,0.0
2022-10-24 00:00:00+08:00,32.07127616653386,32.40485409260826,32.07127616653386,32.357200622558594,19000,0.0,0.0
2022-10-25 00:00:00+08:00,32.07127306519563,32.07127306519563,30.64164728759214,31.022878646850586,83000,0.0,0.0
2022-10-26 00:00:00+08:00,31.022878246300635,32.59546803565063,31.022878246300635,31.499420166015625,42000,0.0,0.0
2022-10-27 00:00:00+08:00,32.40485202856498,33.26262897772936,32.261887991795426,32.78608703613281,46000,0.0,0.0
2022-10-28 00:00:00+08:00,31.880656969641723,33.97744226281071,31.880656969641723,32.69077682495117,29000,0.0,0.0
2022-10-31 00:00:00+08:00,32.92904752750014,33.54855350756554,32.11892767885445,32.73843002319336,11000,0.0,0.0
2022-11-01 00:00:00+08:00,33.11966678180183,33.167320251464844,32.976702737086114,33.167320251464844,11000,0.0,0.0
2022-11-02 00:00:00+08:00,33.59620783669608,33.59620783669608,33.35793685913086,33.35793685913086,7000,0.0,0.0
2022-11-03 00:00:00+08:00,33.02435543068389,33.54855079840204,33.02435543068389,33.310279846191406,8000,0.0,0.0
2022-11-04 00:00:00+08:00,32.595467249297926,33.54855106573514,32.595467249297926,33.26262664794922,5000,0.0,0.0
2022-11-07 00:00:00+08:00,33.35793596272174,33.834477905046334,33.167318458646605,33.548553466796875,26000,0.0,0.0
2022-11-08 00:00:00+08:00,33.59620693388404,33.92978483922066,33.548553466796875,33.548553466796875,16000,0.0,0.0
2022-11-09 00:00:00+08:00,33.691516238597586,33.83448028564453,33.59620929771746,33.83448028564453,9000,0.0,0.0
2022-11-10 00:00:00+08:00,33.357938309790384,33.83448028564453,33.357938309790384,33.83448028564453,23000,0.0,0.0
2022-11-11 00:00:00+08:00,33.357938309790384,35.073488695719966,33.357938309790384,33.83448028564453,27000,0.0,0.0
2022-11-14 00:00:00+08:00,34.692252839422146,34.97817726105545,33.92978286743164,33.92978286743164,6000,0.0,0.0
2022-11-15 00:00:00+08:00,34.215712963147475,34.787561840481224,34.215712963147475,34.31101989746094,5000,0.0,0.0
2022-11-16 00:00:00+08:00,34.739910766912764,34.739910766912764,33.83448028564453,33.83448028564453,4000,0.0,0.0
2022-11-17 00:00:00+08:00,34.120402126057854,34.40632656248689,34.025095192490326,34.358673095703125,12000,0.0,0.0
2022-11-18 00:00:00+08:00,34.739908067222125,35.74064541160168,34.739908067222125,35.16879653930664,31000,0.0,0.0
2022-11-21 00:00:00+08:00,36.02657319632645,36.02657319632645,35.216453279322174,35.26410675048828,20000,0.0,0.0
2022-11-22 00:00:00+08:00,35.264103832744595,35.45472133736419,35.073486328125,35.073486328125,17000,0.0,0.0
2022-11-23 00:00:00+08:00,35.025833399596806,35.26410437510427,34.978179931640625,34.978179931640625,34000,0.0,0.0
2022-11-24 00:00:00+08:00,34.69225638559685,35.216451818127844,34.69225638559685,34.78756332397461,9000,0.0,0.0
2022-11-25 00:00:00+08:00,34.50163771494824,35.02583312988281,34.50163771494824,35.02583312988281,8000,0.0,0.0
2022-11-28 00:00:00+08:00,34.97818228776482,35.550031213211746,34.97818228776482,35.26410675048828,6000,0.0,0.0
2022-11-29 00:00:00+08:00,35.55002827181074,35.55002827181074,34.882868823505405,35.073486328125,21000,0.0,0.0
2022-11-30 00:00:00+08:00,35.7406431263939,38.55224111281546,35.21644775435203,37.98038864135742,261000,0.0,0.0
2022-12-01 00:00:00+08:00,38.313971867560134,38.313971867560134,36.789035511381414,37.646812438964844,30000,0.0,0.0
2022-12-02 00:00:00+08:00,37.646813876350286,38.50459083668433,37.36088943481445,37.36088943481445,58000,0.0,0.0
2022-12-05 00:00:00+08:00,37.360887127321845,38.123353469567945,37.027305603027344,37.027305603027344,232000,0.0,0.0
2022-12-06 00:00:00+08:00,37.45619610034836,37.83743111013508,37.02730762326992,37.40854263305664,155000,0.0,0.0
2022-12-07 00:00:00+08:00,37.40854023535947,37.74211812074733,37.122615814208984,37.122615814208984,16000,0.0,0.0
2022-12-08 00:00:00+08:00,36.78903429309486,37.50384716383421,36.217185450793885,37.122615814208984,44000,0.0,0.0
2022-12-09 00:00:00+08:00,37.646811822454936,38.12335374425817,36.836692009679986,36.979652404785156,49000,0.0,0.0
2022-12-12 00:00:00+08:00,36.45545614682711,37.74211785065992,36.45545614682711,37.17026901245117,22000,0.0,0.0
2022-12-13 00:00:00+08:00,37.170270169165825,37.170270169165825,36.78903517467871,36.93199920654297,13000,0.0,0.0
2022-12-14 00:00:00+08:00,37.50384778676273,37.78977584838867,36.693727974092766,37.78977584838867,103000,0.0,0.0
2022-12-15 00:00:00+08:00,38.12335382801996,38.12335382801996,36.97965248603409,37.74211883544922,38000,0.0,0.0
2022-12-16 00:00:00+08:00,37.69446537030946,37.74211883544922,37.69446537030946,37.74211883544922,2000,0.0,0.0
2022-12-19 00:00:00+08:00,37.646811822454936,37.646811822454936,36.693727978848486,36.979652404785156,34000,0.0,0.0
2022-12-20 00:00:00+08:00,36.50310900614946,37.40853934808921,35.931260177411815,37.313232421875,85000,0.0,0.0
2022-12-21 00:00:00+08:00,37.36089088328511,37.74212227487094,36.88434891700781,37.07496643066406,30000,0.0,0.0
2022-12-22 00:00:00+08:00,37.17027106912756,37.26557800219372,36.64607566581079,36.74138259887695,35000,0.0,0.0
2022-12-23 00:00:00+08:00,37.36089180098064,37.36089180098064,36.59842536335384,36.88434982299805,25000,0.0,0.0
2022-12-26 00:00:00+08:00,37.217926025390625,37.217926025390625,37.217926025390625,37.217926025390625,1000,0.0,0.0
2022-12-27 00:00:00+08:00,37.21792309752045,37.59915808650665,37.027305603027344,37.027305603027344,63000,0.0,0.0
2022-12-28 00:00:00+08:00,36.78903606541003,37.21792453566064,36.64607566581079,36.74138259887695,13000,0.0,0.0
2022-12-29 00:00:00+08:00,36.741385775312565,38.12335823860744,36.21719032667706,36.88434982299805,45000,0.0,0.0
2022-12-30 00:00:00+08:00,37.408543263644376,37.408543263644376,36.598423398849704,37.26557922363281,142000,0.0,0.0
2023-01-03 00:00:00+08:00,37.26557532304171,37.646810299350925,37.2179218599346,37.313232421875,28000,0.0,0.0
2023-01-04 00:00:00+08:00,37.408539967659195,37.64681092286721,37.17026901245117,37.17026901245117,40000,0.0,0.0
2023-01-05 00:00:00+08:00,37.170274282642254,37.55150931931903,36.55076825697417,36.88434982299805,42000,0.0,0.0
2023-01-06 00:00:00+08:00,37.45619874228645,37.599162789971935,36.78903924596547,36.88434982299805,120000,0.0,0.0
2023-01-09 00:00:00+08:00,37.31323401346506,37.74211883544922,36.97965248603409,37.74211883544922,55000,0.0,0.0
2023-01-10 00:00:00+08:00,37.646811905169706,38.31397132430532,37.646811905169706,37.74211883544922,67000,0.0,0.0
2023-01-11 00:00:00+08:00,37.93273633173459,37.93273633173459,37.55150497489019,37.74211883544922,33000,0.0,0.0
2023-01-12 00:00:00+08:00,37.55150604248047,37.64681297546956,37.36088854077584,37.55150604248047,26000,0.0,0.0
2023-01-13 00:00:00+08:00,37.456195562933026,37.646813065091436,37.170271127558635,37.503849029541016,24000,0.0,0.0
2023-01-16 00:00:00+08:00,37.50384894025948,37.55150604248047,37.50384894025948,37.55150604248047,4000,0.0,0.0
2023-01-17 00:00:00+08:00,37.551503995074505,37.59915745897086,37.02730498503586,37.17026901245117,13000,0.0,0.0
2023-01-30 00:00:00+08:00,37.36089180098064,37.36089180098064,36.78903924596547,36.88434982299805,23000,0.0,0.0
2023-01-31 00:00:00+08:00,36.93200329365096,36.93200329365096,36.83669635234514,36.88434982299805,12000,0.0,0.0
2023-02-01 00:00:00+08:00,36.884346903887256,36.97965383765026,36.693729400634766,36.693729400634766,29000,0.0,0.0
2023-02-02 00:00:00+08:00,36.59842309463637,36.69373003003415,36.312495016989935,36.55076599121094,45000,0.0,0.0
2023-02-03 00:00:00+08:00,36.45546050113995,36.45546050113995,36.169536047884186,36.26484298706055,48000,0.0,0.0
2023-02-06 00:00:00+08:00,36.21718951747237,37.02730940765147,36.21718951747237,36.26484298706055,24000,0.0,0.0
2023-02-07 00:00:00+08:00,36.2648420853866,36.78903750927656,36.2648420853866,36.45545959472656,14000,0.0,0.0
2023-02-08 00:00:00+08:00,36.45545959472656,36.45545959472656,36.21718861698325,36.45545959472656,17000,0.0,0.0
2023-02-09 00:00:00+08:00,36.45546050113995,36.45546050113995,36.21718951747237,36.26484298706055,48000,0.0,0.0
2023-02-10 00:00:00+08:00,36.21718951747237,36.69373148480753,36.026572003392964,36.26484298706055,60000,0.0,0.0
2023-02-13 00:00:00+08:00,36.503111897382276,36.693729400634766,36.0742234239958,36.693729400634766,39000,0.0,0.0
2023-02-14 00:00:00+08:00,36.931999742199515,36.931999742199515,36.78903570826173,36.836692810058594,34000,0.0,0.0
2023-02-15 00:00:00+08:00,36.83669219694021,37.027306058049426,36.169532775878906,36.169532775878906,47000,0.0,0.0
2023-02-16 00:00:00+08:00,36.31249290397299,36.407803469551205,36.16953250919514,36.217185974121094,8000,0.0,0.0
2023-02-17 00:00:00+08:00,36.78903339242194,36.78903339242194,36.31249149026245,36.503108978271484,17000,0.0,0.0
2023-02-20 00:00:00+08:00,36.5031103994031,36.598420964981315,36.217185974121094,36.217185974121094,38000,0.0,0.0
2023-02-21 00:00:00+08:00,36.503108978271484,36.503108978271484,36.455455515200775,36.503108978271484,17000,0.0,0.0
2023-02-22 00:00:00+08:00,36.646074429907266,36.646074429907266,36.217185974121094,36.217185974121094,24000,0.0,0.0
2023-02-23 00:00:00+08:00,36.45545986524133,36.45545986524133,36.2648423544869,36.407806396484375,53000,0.0,0.0
2023-02-24 00:00:00+08:00,36.59842273516174,38.123355500907444,36.59842273516174,36.64607620239258,224000,0.0,0.0
2023-03-01 00:00:00+08:00,36.40780268293076,37.17026901245117,36.40780268293076,37.17026901245117,43000,0.0,0.0
2023-03-02 00:00:00+08:00,36.78903402982784,38.075699369386896,36.78903402982784,37.17026901245117,99000,0.0,0.0
2023-03-03 00:00:00+08:00,37.217924594166625,37.742119998307416,37.170271127558635,37.503849029541016,47000,0.0,0.0
2023-03-06 00:00:00+08:00,37.551503995074505,37.551503995074505,37.17026901245117,37.17026901245117,61000,0.0,0.0
2023-03-07 00:00:00+08:00,37.17027079805644,37.17027079805644,36.78903579711914,36.78903579711914,25000,0.0,0.0
2023-03-08 00:00:00+08:00,37.55150587433188,40.45841094619994,37.55150587433188,39.9342155456543,4086000,0.0,0.0
2023-03-09 00:00:00+08:00,39.93421769276223,40.45841312149183,38.12335679090366,38.69520568847656,1519000,0.0,0.0
2023-03-10 00:00:00+08:00,38.50459056291061,41.17322472448154,38.2663195907038,38.98113250732422,1107000,0.0,0.0
2023-03-13 00:00:00+08:00,39.07643917253396,40.124829988725985,38.12335529027703,39.028785705566406,470000,0.0,0.0
2023-03-14 00:00:00+08:00,39.0764387846646,39.55298072106295,37.45619547376493,37.55150604248047,375000,0.0,0.0
2023-03-15 00:00:00+08:00,37.93273827505311,38.647551195948814,35.83595297994709,36.59842300415039,396000,0.0,0.0
2023-03-16 00:00:00+08:00,36.59842213930713,37.02730697312852,35.883609235302906,35.97891616821289,204000,0.0,0.0
2023-03-17 00:00:00+08:00,36.21718605704526,36.979652404785156,36.074222026213754,36.979652404785156,125000,0.0,0.0
2023-03-20 00:00:00+08:00,37.17026911156178,39.07643675830854,37.17026911156178,37.932735443115234,349000,0.0,0.0
2023-03-21 00:00:00+08:00,38.59989754132517,40.60137225584402,37.980391558593546,38.1710090637207,697000,0.0,0.0
2023-03-22 00:00:00+08:00,38.45693260385736,38.59989663828974,38.36162567138672,38.36162567138672,84000,0.0,0.0
2023-03-23 00:00:00+08:00,38.552246099570766,40.45841397954236,38.552246099570766,39.31471252441406,771000,0.0,0.0
2023-03-24 00:00:00+08:00,39.98186777091124,40.029521235713254,38.504588547690894,38.59989547729492,320000,0.0,0.0
2023-03-27 00:00:00+08:00,38.790514410283826,38.88582134342111,38.17100843771216,38.31397247314453,134000,0.0,0.0
2023-03-28 00:00:00+08:00,38.21865959553338,38.88581899437131,37.83742825028759,37.98038864135742,107000,0.0,0.0
2023-03-29 00:00:00+08:00,37.551509041005126,38.028051015455816,37.551509041005126,37.6944694519043,40000,0.0,0.0
2023-03-30 00:00:00+08:00,37.74211768718146,38.12335266815349,37.694464223491515,37.98038864135742,123000,0.0,0.0
2023-03-31 00:00:00+08:00,37.55150383242168,37.98038864135742,37.40853980562561,37.98038864135742,35000,0.0,0.0
2023-04-06 00:00:00+08:00,38.3139743020035,39.410018628306005,37.742121768703974,38.69520568847656,111000,0.0,0.0
2023-04-07 00:00:00+08:00,38.599898086950844,38.88582253081998,38.07570266723633,38.07570266723633,75000,0.0,0.0
2023-04-10 00:00:00+08:00,38.12335532793365,38.409279765747854,37.64681338633448,38.21866226196289,117000,0.0,0.0
2023-04-11 00:00:00+08:00,38.21866226196289,38.647550736547444,38.12335532793365,38.21866226196289,57000,0.0,0.0
2023-04-12 00:00:00+08:00,38.21866226196289,38.313972831718615,38.028048393904406,38.21866226196289,128000,0.0,0.0
2023-04-13 00:00:00+08:00,38.0280457407736,38.12335266815349,37.98038864135742,37.98038864135742,138000,0.0,0.0
2023-04-14 00:00:00+08:00,38.028046018961774,39.314707726633834,38.028046018961774,38.74285888671875,90000,0.0,0.0
2023-04-17 00:00:00+08:00,39.076438903808594,39.55298084165992,38.36162599703161,39.076438903808594,318000,0.0,0.0
2023-04-18 00:00:00+08:00,39.12409237044844,39.79125181058558,39.076438903808594,39.076438903808594,107000,0.0,0.0
2023-04-19 00:00:00+08:00,38.9334769410228,38.98113404592642,38.028050119480554,38.647552490234375,153000,0.0,0.0
2023-04-20 00:00:00+08:00,38.69520152181067,39.98186685639263,38.69520152181067,38.79051208496094,222000,0.0,0.0
2023-04-21 00:00:00+08:00,38.98113218562361,39.07643911942919,37.646813297986654,38.266319274902344,170000,0.0,0.0
2023-04-24 00:00:00+08:00,38.26631766960416,40.41075631180729,38.26631766960416,40.1724853515625,509000,0.0,0.0
2023-04-25 00:00:00+08:00,40.26779228409575,40.41075631454283,38.93347345234406,39.362361907958984,293000,0.0,0.0
2023-04-26 00:00:00+08:00,39.505328323454954,40.41075875425513,39.41001775216063,39.64828872680664,395000,0.0,0.0
2023-04-27 00:00:00+08:00,39.98187027274699,40.029523740530884,39.314710816592836,39.64828872680664,151000,0.0,0.0
2023-04-28 00:00:00+08:00,40.2201412725457,42.93642893091838,39.69594585514196,41.98334503173828,1820000,0.0,0.0
2023-05-02 00:00:00+08:00,44.98555988456282,46.17691473513002,44.08012947098645,44.50901794433594,2852000,0.0,0.0
2023-05-03 00:00:00+08:00,43.74655389322954,47.17765459101251,43.127047883703355,44.794944763183594,1407000,0.0,0.0
2023-05-04 00:00:00+08:00,44.89024895438745,49.274436950683594,43.365316212204895,49.274436950683594,3060000,0.0,0.0
2023-05-05 00:00:00+08:00,52.03837692355717,53.84923769868857,50.98998613946617,51.84776306152344,6061000,0.0,0.0
2023-05-08 00:00:00+08:00,51.943072013484624,53.08677340881675,48.893202837841145,49.08382034301758,4225000,0.0,0.0
2023-05-09 00:00:00+08:00,49.560360632510765,52.03837720984575,46.9870334879082,47.08234405517578,4210000,0.0,0.0
2023-05-10 00:00:00+08:00,45.65272036177284,50.51344680786133,45.65272036177284,50.51344680786133,2530000,0.0,0.0
2023-05-11 00:00:00+08:00,49.65567009558557,50.132212049039275,45.748027531555806,45.79568099975586,2173000,0.0,0.0
2023-05-12 00:00:00+08:00,46.65345600922198,49.17912607492613,44.89024867412235,47.7495002746582,1784000,0.0,0.0
2023-05-15 00:00:00+08:00,47.08234617826277,47.129999646182206,45.79568073007861,45.84333419799805,698000,0.0,0.0
2023-05-16 00:00:00+08:00,46.033947470106064,49.56035830759975,46.033947470106064,47.511226654052734,2118000,0.0,0.0
2023-05-17 00:00:00+08:00,48.226042509172444,50.22752082347931,47.74950057277459,49.274436950683594,2048000,0.0,0.0
2023-05-18 00:00:00+08:00,49.36974628111689,52.705539997891364,49.36974628111689,50.32283020019531,5490000,0.0,0.0
2023-05-19 00:00:00+08:00,50.51344650670972,50.98998845488623,45.84333396028934,48.226043701171875,2453000,0.0,0.0
2023-05-22 00:00:00+08:00,48.22604052051543,52.03837585449219,48.22604052051543,52.03837585449219,3116000,0.0,0.0
2023-05-23 00:00:00+08:00,53.277391646411644,57.185034195478735,52.991463566853,55.94602584838867,18373000,0.0,0.0
2023-05-24 00:00:00+08:00,56.13664109382711,59.56774155298869,56.13664109382711,57.18503189086914,9432000,0.0,0.0
2023-05-25 00:00:00+08:00,58.23342143329476,58.805273921318964,55.660097962228036,55.850711822509766,3658000,0.0,0.0
2023-05-26 00:00:00+08:00,55.85071587037222,57.852194269927494,53.27739221280009,57.37565231323242,4786000,0.0,0.0
2023-05-29 00:00:00+08:00,57.37564778593984,59.0911979675293,56.61318144253634,59.0911979675293,4974000,0.0,0.0
2023-05-30 00:00:00+08:00,60.80675183112671,64.33316297309344,60.52082738950271,61.47391128540039,8798000,0.0,0.0
2023-05-31 00:00:00+08:00,61.95045036281815,63.189462278655604,60.04428265934683,62.04575729370117,3484000,0.0,0.0
2023-06-01 00:00:00+08:00,62.045760168648386,62.7129232586486,60.99736933745155,61.47391128540039,2725000,0.0,0.0
2023-06-02 00:00:00+08:00,61.569216728273204,61.950451731681824,60.044283986091614,60.99736785888672,2341000,0.0,0.0
2023-06-05 00:00:00+08:00,61.47391097147503,61.47391097147503,59.18650817871094,59.18650817871094,1102000,0.0,0.0
2023-06-06 00:00:00+08:00,59.75835905310354,60.0442834854126,56.994414390754294,57.18503189086914,1525000,0.0,0.0
2023-06-07 00:00:00+08:00,57.66157230409253,58.900580568605456,56.613181534672286,56.70848846435547,808000,0.0,0.0
2023-06-08 00:00:00+08:00,57.18503218610559,57.661574120989805,55.85071331413922,56.32725524902344,904000,0.0,0.0
2023-06-09 00:00:00+08:00,56.708491381819435,58.04281028038814,56.708491381819435,56.89910888671875,884000,0.0,0.0
2023-06-12 00:00:00+08:00,57.28033882306336,57.94749825560211,55.46948166128835,57.18503189086914,881000,0.0,0.0
2023-06-13 00:00:00+08:00,57.566265374409355,58.233421153644244,56.70848846435547,56.70848846435547,489000,0.0,0.0
2023-06-14 00:00:00+08:00,57.089723728699035,57.75687951113776,55.46948046621997,55.850711822509766,622000,0.0,0.0
2023-06-15 00:00:00+08:00,56.708492551233725,58.99589538574219,55.66010170625785,58.99589538574219,1606000,0.0,0.0
2023-06-16 00:00:00+08:00,59.09120210915928,59.758361569795106,58.13811820417284,58.23342514038086,1342000,0.0,0.0
2023-06-19 00:00:00+08:00,58.233421860038504,58.99589184965828,58.13811492919922,58.13811492919922,497000,0.0,0.0
2023-06-20 00:00:00+08:00,57.75687932022334,58.70996316138694,56.32725355847795,57.47095489501953,735000,0.0,0.0
2023-06-21 00:00:00+08:00,58.32873571231544,58.51935322045804,56.9944167910438,58.23342514038086,371000,0.0,0.0
2023-06-26 00:00:00+08:00,58.042807294277885,58.042807294277885,56.42256403957961,56.70848846435547,357000,0.0,0.0
2023-06-27 00:00:00+08:00,57.66157075914286,57.66157075914286,55.46947871362647,56.2319450378418,579000,0.0,0.0
2023-06-28 00:00:00+08:00,56.23194662865212,57.56626546057168,56.23194662865212,57.47095489501953,415000,0.0,0.0
2023-06-29 00:00:00+08:00,57.28034123539442,58.32873571231544,56.803799282901196,58.23342514038086,351000,0.0,0.0
2023-06-30 00:00:00+08:00,58.23342451773076,58.61465952993968,56.708491740348144,56.80379867553711,456000,0.0,0.0
2023-07-03 00:00:00+08:00,56.89910810659342,59.09120029356421,56.32725559973595,58.61465835571289,896000,0.0,0.0
2023-07-04 00:00:00+08:00,58.709965230896536,59.3771246703735,57.56626748976626,57.85219192504883,502000,0.0,0.0
2023-07-05 00:00:00+08:00,58.13811492919922,58.99589184965828,57.661573003550046,58.13811492919922,435000,0.0,0.0
2023-07-06 00:00:00+08:00,57.9475005909398,58.6146600503657,55.94602584838867,55.94602584838867,538000,0.0,0.0
2023-07-07 00:00:00+08:00,55.56478868912195,56.99441448885438,53.84923845658831,54.03985595703125,552000,0.0,0.0
2023-07-10 00:00:00+08:00,53.84923852008322,55.660099322836764,52.51491965113572,54.80232238769531,522000,0.0,0.0
2023-07-11 00:00:00+08:00,55.56478578195467,56.70848708904708,53.56331122133762,54.61170196533203,295000,0.0,0.0
2023-07-12 00:00:00+08:00,54.61170366195985,55.660098074251074,53.372695389003255,53.46800231933594,254000,0.0,0.0
2023-07-13 00:00:00+08:00,53.51719505850757,55.976624909490596,53.3204399198705,53.41881561279297,305000,1.75,0.0
2023-07-14 00:00:00+08:00,53.418812666165444,55.386356438420464,53.418812666165444,53.71394348144531,235000,0.0,0.0
2023-07-17 00:00:00+08:00,53.713944133017065,53.713944133017065,48.352390290817866,51.3528938293457,1491000,0.0,0.0
2023-07-18 00:00:00+08:00,51.54964933357645,53.12368288077902,51.54964933357645,52.336666107177734,370000,0.0,0.0
2023-07-19 00:00:00+08:00,53.51719365141443,53.61556934175037,51.54964982235937,51.64802551269531,253000,0.0,0.0
2023-07-20 00:00:00+08:00,51.746402725512084,54.59934286269784,51.746402725512084,53.910701751708984,357000,0.0,0.0
2023-07-21 00:00:00+08:00,53.91070210885616,53.91070210885616,51.15614139944451,52.73017501831055,225000,0.0,0.0
2023-07-24 00:00:00+08:00,53.61556844432775,53.61556844432775,51.156138699175095,51.3528938293457,168000,0.0,0.0
2023-07-25 00:00:00+08:00,51.64802502297961,52.53342123877606,51.254514759782964,52.336666107177734,216000,0.0,0.0
2023-07-26 00:00:00+08:00,53.02530689076496,56.46850853944341,52.533420940953754,53.51719284057617,1438000,0.0,0.0
2023-07-27 00:00:00+08:00,53.517194053814265,56.46850981958802,53.517194053814265,54.79609680175781,1098000,0.0,0.0
2023-07-28 00:00:00+08:00,54.79609500584569,54.79609500584569,53.22205773067933,54.20582962036133,349000,0.0,0.0
2023-07-31 00:00:00+08:00,54.50096543005787,55.28798220915926,53.025307561945745,53.320438385009766,322000,0.0,0.0
2023-08-01 00:00:00+08:00,54.599340931139885,54.599340931139885,52.53342142405139,52.82855224609375,130000,0.0,0.0
2023-08-02 00:00:00+08:00,53.12368268986678,53.51719295164926,51.25451457558801,51.84477996826172,211000,0.0,0.0
2023-08-04 00:00:00+08:00,51.844781329241435,52.730173812306504,51.35289536549681,51.451271057128906,87000,0.0,0.0
2023-08-07 00:00:00+08:00,50.270743331239956,52.13991146995908,50.270743331239956,51.64802551269531,422000,0.0,0.0
2023-08-08 00:00:00+08:00,51.1561388072401,51.1561388072401,49.68048095703125,49.68048095703125,168000,0.0,0.0
2023-08-09 00:00:00+08:00,50.07399121820373,51.1561388072401,48.69670905689202,49.68048095703125,102000,0.0,0.0
2023-08-10 00:00:00+08:00,48.893467021215,49.9756146729698,48.05725860595703,48.05725860595703,149000,0.0,0.0
2023-08-11 00:00:00+08:00,48.057258212320264,48.99184231452179,47.565372237771264,47.90969467163086,121000,0.0,0.0
2023-08-14 00:00:00+08:00,47.31942708985975,47.90969248404193,46.28646734103093,47.1718635559082,209000,0.0,0.0
2023-08-15 00:00:00+08:00,47.6145633275506,49.286972620873456,47.6145633275506,48.59833526611328,100000,0.0,0.0
2023-08-16 00:00:00+08:00,48.401577862004885,48.69670867919922,46.72916489418107,48.69670867919922,158000,0.0,0.0
2023-08-17 00:00:00+08:00,48.795084558453524,49.28697050663468,48.00806779192207,49.188594818115234,97000,0.0,0.0
2023-08-18 00:00:00+08:00,49.0902220911638,49.778859457928704,48.00807068820489,48.89346694946289,142000,0.0,0.0
2023-08-21 00:00:00+08:00,50.17236810106979,50.17236810106979,48.79508590698242,48.79508590698242,78000,0.0,0.0
2023-08-22 00:00:00+08:00,48.795085545411034,49.13940796777748,47.81131362915039,47.81131362915039,93000,0.0,0.0
2023-08-23 00:00:00+08:00,47.81131426194035,48.549143208901114,47.22105260548858,48.450767517089844,121000,0.0,0.0
2023-08-24 00:00:00+08:00,48.991840176717915,49.13940746376025,47.81131313875527,48.49995422363281,132000,0.0,0.0
2023-08-25 00:00:00+08:00,47.86050536724943,50.17236787611024,47.86050536724943,49.139408111572266,144000,0.0,0.0
2023-08-28 00:00:00+08:00,49.87723705092683,50.17236787611024,48.696709997401115,49.139408111572266,159000,0.0,0.0
2023-08-29 00:00:00+08:00,48.79508408541474,50.07399054052109,48.79508408541474,49.877235412597656,122000,0.0,0.0
2023-08-30 00:00:00+08:00,49.68048047750472,50.565876680200795,48.991839403495774,50.36912155151367,151000,0.0,0.0
2023-08-31 00:00:00+08:00,50.86101065674806,50.86101065674806,49.87723870498424,50.565879821777344,44000,0.0,0.0
2023-09-01 00:00:00+08:00,50.46749743155761,50.86100769042969,50.17236661379954,50.86100769042969,65000,0.0,0.0
2023-09-04 00:00:00+08:00,50.86101069164385,50.86101069164385,48.352392963483375,48.401580810546875,165000,0.0,0.0
2023-09-05 00:00:00+08:00,48.49995525478795,49.28697204589844,48.254012273016414,49.28697204589844,99000,0.0,0.0
2023-09-06 00:00:00+08:00,49.28697279118802,50.17236904007083,48.991841959157796,49.0902214050293,53000,0.0,0.0
2023-09-07 00:00:00+08:00,48.598335760020134,50.07399368286133,48.598335760020134,50.07399368286133,81000,0.0,0.0
2023-09-08 00:00:00+08:00,52.23828659289889,54.00907902204826,50.172367095947266,50.172367095947266,798000,0.0,0.0
2023-09-11 00:00:00+08:00,49.582105268134114,50.46749772658424,49.0902193180645,49.68048095703125,176000,0.0,0.0
2023-09-12 00:00:00+08:00,50.76262785906521,50.86100729942289,49.28697002882736,49.877235412597656,60000,0.0,0.0
2023-09-13 00:00:00+08:00,50.07399121820373,50.56587716827335,49.68048095703125,49.68048095703125,82000,0.0,0.0
2023-09-14 00:00:00+08:00,49.68048250574751,51.94315719604492,49.48372736902772,51.94315719604492,200000,0.0,0.0
2023-09-15 00:00:00+08:00,51.74640052642011,52.139910788202585,51.25451457558801,51.84477996826172,119000,0.0,0.0
2023-09-18 00:00:00+08:00,52.23828734229,53.22205926024493,52.13991165161133,52.13991165161133,237000,0.0,0.0
2023-09-19 00:00:00+08:00,53.12368268986678,53.12368268986678,51.648024837370485,51.84477996826172,75000,0.0,0.0
2023-09-20 00:00:00+08:00,51.74640052642011,52.92692755897555,51.74640052642011,51.84477996826172,68000,0.0,0.0
2023-09-21 00:00:00+08:00,51.648026367361275,53.025308571607745,51.648026367361275,51.94315719604492,178000,0.0,0.0
2023-09-22 00:00:00+08:00,51.84478218652946,52.139913019098,51.54965135396092,51.746402740478516,61000,0.0,0.0
2023-09-25 00:00:00+08:00,51.94315753661979,53.51719488790653,51.74640239860994,52.92692947387695,210000,0.0,0.0
2023-09-26 00:00:00+08:00,52.730172803551625,53.1236830681361,52.63179711380151,52.82855224609375,47000,0.0,0.0
2023-09-27 00:00:00+08:00,53.320440439979436,53.320440439979436,52.73017501831055,52.73017501831055,52000,0.0,0.0
2023-09-28 00:00:00+08:00,52.63179932442848,52.92693015886684,52.435044183872186,52.73017501831055,62000,0.0,0.0
2023-10-02 00:00:00+08:00,52.53342191991012,52.73017330126746,51.84478082678326,52.13991165161133,180000,0.0,0.0
2023-10-03 00:00:00+08:00,52.139913185821165,52.92692999278456,52.139913185821165,52.23828887939453,87000,0.0,0.0
2023-10-04 00:00:00+08:00,52.435044183872186,52.73017501831055,49.87723861501682,52.73017501831055,49000,0.0,0.0
2023-10-05 00:00:00+08:00,52.730173481542344,53.71394540286062,52.631797790527344,52.631797790527344,66000,0.0,0.0
2023-10-06 00:00:00+08:00,53.025309439150085,53.025309439150085,52.23828887939453,52.23828887939453,38000,0.0,0.0
2023-10-11 00:00:00+08:00,50.46749828549694,52.0415355948269,50.17236746274508,51.1561393737793,390000,0.0,0.0
2023-10-12 00:00:00+08:00,51.156140053592814,52.53342224846022,50.95938491821289,50.95938491821289,39000,0.0,0.0
2023-10-13 00:00:00+08:00,50.959386513527534,51.156141655066996,50.172369700161866,51.05776596069336,123000,0.0,0.0
2023-10-16 00:00:00+08:00,50.36912241317976,51.057763498969315,49.18859537365367,50.66425323486328,65000,0.0,0.0
2023-10-17 00:00:00+08:00,50.664253913987274,50.664253913987274,50.369123088347706,50.467498779296875,31000,0.0,0.0
2023-10-18 00:00:00+08:00,50.46749723946126,51.05776262552262,49.4837253488176,50.36912155151367,86000,0.0,0.0
2023-10-19 00:00:00+08:00,50.565877728275574,51.6480253292964,50.17236746274508,51.1561393737793,136000,0.0,0.0
2023-10-20 00:00:00+08:00,50.76262805609597,51.35289344215733,50.17236642282655,50.36912155151367,66000,0.0,0.0
2023-10-23 00:00:00+08:00,50.369122908355465,51.05776400091501,49.582106125198294,49.97561264038086,50000,0.0,0.0
2023-10-24 00:00:00+08:00,49.77885664592838,50.369122037687106,49.28697069585876,49.68048095703125,68000,0.0,0.0
2023-10-25 00:00:00+08:00,49.680481634735074,49.77885732497417,49.38535081122574,49.483726501464844,47000,0.0,0.0
2023-10-26 00:00:00+08:00,49.188596354306654,49.97561314541715,49.188596354306654,49.28697204589844,67000,0.0,0.0
2023-10-27 00:00:00+08:00,49.28697204589844,49.48372718187408,48.74589823655948,49.28697204589844,103000,0.0,0.0
2023-10-30 00:00:00+08:00,49.28697154782132,50.17236777436816,49.18859585722369,49.97561264038086,68000,0.0,0.0
2023-10-31 00:00:00+08:00,49.68048008800248,51.844778981008496,49.38534927368164,49.38534927368164,36000,0.0,0.0
2023-11-01 00:00:00+08:00,49.48372793013888,49.48372793013888,48.79508682020694,49.0902214050293,159000,0.0,0.0
2023-11-02 00:00:00+08:00,49.04102980569748,49.18859709810866,48.69671112712757,49.0902214050293,121000,0.0,0.0
2023-11-03 00:00:00+08:00,49.18859567795552,50.664253548294184,48.499954587905734,49.483726501464844,123000,0.0,0.0
2023-11-06 00:00:00+08:00,50.17236777436816,51.156139691512635,49.18859585722369,49.97561264038086,119000,0.0,0.0
2023-11-07 00:00:00+08:00,50.66425551583686,50.86101065674806,48.99184244727992,50.565879821777344,157000,0.0,0.0
2023-11-08 00:00:00+08:00,50.66425266265869,50.76262835117814,49.188594818115234,49.188594818115234,98000,0.0,0.0
2023-11-09 00:00:00+08:00,50.17236671447754,50.36912184430839,49.09021912959579,49.188594818115234,28000,0.0,0.0
2023-11-10 00:00:00+08:00,50.17236671447754,50.27074240299698,48.89346399976493,49.188594818115234,55000,0.0,0.0
2023-11-13 00:00:00+08:00,50.17236740498934,50.17236740498934,48.69670954013671,48.99184036254883,70000,0.0,0.0
2023-11-14 00:00:00+08:00,49.680481634735074,49.9756124582444,48.74589756629551,49.483726501464844,97000,0.0,0.0
2023-11-15 00:00:00+08:00,49.286971368194614,49.483726501464844,48.94265269956574,49.483726501464844,73000,0.0,0.0
2023-11-16 00:00:00+08:00,48.991839225296914,49.38534948123983,48.79508409732546,49.0410270690918,96000,0.0,0.0
2023-11-17 00:00:00+08:00,49.188596354306654,49.48372718187408,49.09022066271488,49.28697204589844,20000,0.0,0.0
2023-11-20 00:00:00+08:00,49.28697206609416,51.648026193185174,48.69671041071745,51.451271057128906,763000,0.0,0.0
2023-11-21 00:00:00+08:00,51.74640156022408,53.025308060171476,51.45127073438701,52.631797790527344,230000,0.0,0.0
2023-11-22 00:00:00+08:00,53.41881561279297,53.910701582989574,52.63179881103682,53.41881561279297,288000,0.0,0.0
2023-11-23 00:00:00+08:00,54.40258490689466,54.40258490689466,52.43504112181499,52.53342056274414,163000,0.0,0.0
2023-11-24 00:00:00+08:00,52.43504229375893,53.32043851795052,51.64802551269531,51.64802551269531,84000,0.0,0.0
2023-11-27 00:00:00+08:00,52.828551184388246,52.828551184388246,51.648024167152094,52.041534423828125,29000,0.0,0.0
2023-11-28 00:00:00+08:00,52.9269277491807,53.51719314397567,51.844780154577926,52.336666107177734,34000,0.0,0.0
2023-11-29 00:00:00+08:00,53.320437625467825,53.320437625467825,51.3528938293457,51.3528938293457,45000,0.0,0.0
2023-11-30 00:00:00+08:00,52.13991360997213,52.13991360997213,50.959386513527534,51.05776596069336,49000,0.0,0.0
2023-12-01 00:00:00+08:00,51.64802445538188,51.64802445538188,50.76262824931569,50.86100769042969,31000,0.0,0.0
2023-12-04 00:00:00+08:00,50.86100769042969,51.64802445538188,50.86100769042969,50.86100769042969,37000,0.0,0.0
2023-12-05 00:00:00+08:00,50.56587907742373,51.15614073867623,49.77885852536425,50.762630462646484,95000,0.0,0.0
2023-12-06 00:00:00+08:00,50.86100868156441,50.86100868156441,49.483726501464844,49.483726501464844,44000,0.0,0.0
2023-12-07 00:00:00+08:00,49.4837280977406,51.156141155299196,49.4837280977406,49.58210754394531,61000,0.0,0.0
2023-12-08 00:00:00+08:00,50.270742595997994,50.270742595997994,49.68048095703125,49.68048095703125,22000,0.0,0.0
2023-12-11 00:00:00+08:00,50.27074415009045,50.46749928675927,49.68048249287609,49.77885818481445,21000,0.0,0.0
2023-12-12 00:00:00+08:00,49.77885577517879,49.77885577517879,49.28696983371342,49.38534927368164,22000,0.0,0.0
2023-12-13 00:00:00+08:00,49.483726501464844,50.36912272478485,49.483726501464844,49.483726501464844,25000,0.0,0.0
2023-12-14 00:00:00+08:00,50.467498415023954,50.467498415023954,49.38535081122574,49.483726501464844,22000,0.0,0.0
2023-12-15 00:00:00+08:00,50.27074240299698,50.27074240299698,49.0410275325441,49.188594818115234,100000,0.0,0.0
2023-12-18 00:00:00+08:00,49.483725168829594,49.68048029680106,49.090218665678606,49.0410270690918,16000,0.0,0.0
2023-12-19 00:00:00+08:00,49.582104597108476,50.664252171499456,49.18859434126161,49.877235412597656,127000,0.0,0.0
2023-12-20 00:00:00+08:00,49.77885664592838,50.56587716827335,49.188595006961634,49.68048095703125,81000,0.0,0.0
2023-12-21 00:00:00+08:00,49.77885732497417,50.17236759151463,49.483726501464844,49.483726501464844,37000,0.0,0.0
2023-12-22 00:00:00+08:00,49.9756124582444,50.07399190127553,49.38535081122574,49.483726501464844,24000,0.0,0.0
2023-12-25 00:00:00+08:00,49.8772367680053,50.36912272478485,49.483726501464844,49.483726501464844,27000,0.0,0.0
2023-12-26 00:00:00+08:00,49.680483237357876,49.680483237357876,49.28697295812333,49.58210754394531,78000,0.0,0.0
2023-12-27 00:00:00+08:00,49.28697164776795,49.28697164776795,49.139408111572266,49.139408111572266,31000,0.0,0.0
2023-12-28 00:00:00+08:00,49.1394076501509,49.38535062762634,48.69670954013671,48.99184036254883,69000,0.0,0.0
2023-12-29 00:00:00+08:00,48.94265394349337,49.286972620873456,48.20482498957136,48.59833526611328,90000,0.0,0.0
2024-01-02 00:00:00+08:00,48.303201524360155,49.13940993839098,48.303201524360155,48.89346694946289,15000,0.0,0.0
2024-01-03 00:00:00+08:00,48.6967091418276,48.844276428222656,48.40157832182946,48.844276428222656,25000,0.0,0.0
2024-01-04 00:00:00+08:00,48.99184201889472,48.99184201889472,48.25401306152344,48.25401306152344,29000,0.0,0.0
2024-01-05 00:00:00+08:00,48.25401238067523,48.6967104994101,48.25401238067523,48.450767517089844,22000,0.0,0.0
2024-01-08 00:00:00+08:00,48.401579671184216,48.450767517089844,48.20482453476959,48.450767517089844,20000,0.0,0.0
2024-01-09 00:00:00+08:00,48.303199768066406,48.45076705717462,48.303199768066406,48.303199768066406,9000,0.0,0.0
2024-01-10 00:00:00+08:00,48.204825900647315,48.204825900647315,48.05725860595703,48.05725860595703,31000,0.0,0.0
2024-01-11 00:00:00+08:00,48.20482340234015,48.49995422363281,48.00806827054771,48.49995422363281,37000,0.0,0.0
2024-01-12 00:00:00+08:00,48.89346408266492,48.89346408266492,48.10644731479906,48.35239028930664,14000,0.0,0.0
2024-01-15 00:00:00+08:00,48.352392963483375,48.401580810546875,48.204825669500686,48.401580810546875,17000,0.0,0.0
2024-01-16 00:00:00+08:00,48.254013516564186,48.59833595159307,48.254013516564186,48.401580810546875,7000,0.0,0.0
2024-01-17 00:00:00+08:00,48.99183977135117,48.99183977135117,48.05725571766397,48.35239028930664,28000,0.0,0.0
2024-01-18 00:00:00+08:00,48.35239068938248,48.696709355425256,48.10644771283993,48.49995422363281,50000,0.0,0.0
2024-01-19 00:00:00+08:00,48.6967104994101,48.6967104994101,48.20482453476959,48.450767517089844,40000,0.0,0.0
2024-01-22 00:00:00+08:00,48.45076814163703,49.18859709810866,48.45076814163703,49.0902214050293,40000,0.0,0.0
2024-01-23 00:00:00+08:00,49.48372515675079,50.172366228086844,49.18859434126161,49.877235412597656,64000,0.0,0.0
2024-01-24 00:00:00+08:00,50.172367095947266,50.5658773586009,49.18859519210516,50.172367095947266,49000,0.0,0.0
2024-01-25 00:00:00+08:00,50.76262873713573,50.76262873713573,49.97561196462045,50.172367095947266,34000,0.0,0.0
2024-01-26 00:00:00+08:00,50.565876680200795,50.565876680200795,49.97561129413943,50.36912155151367,44000,0.0,0.0
2024-01-29 00:00:00+08:00,50.17236953995495,50.76263120989637,49.77885925813255,50.565879821777344,80000,0.0,0.0
2024-01-30 00:00:00+08:00,50.270743644606476,50.76262960493645,50.270743644606476,50.467498779296875,39000,0.0,0.0
2024-01-31 00:00:00+08:00,50.07399159149624,50.76262892449379,49.975612149073726,50.66425323486328,33000,0.0,0.0
2024-02-01 00:00:00+08:00,50.07399226270813,50.95938473962685,50.07399226270813,50.467498779296875,8000,0.0,0.0
2024-02-02 00:00:00+08:00,50.36912155151367,50.66425236814838,50.36912155151367,50.36912155151367,36000,0.0,0.0
2024-02-05 00:00:00+08:00,50.76262978283297,51.156140053592814,50.46749895615911,50.95938491821289,77000,0.0,0.0
2024-02-15 00:00:00+08:00,50.86100855102743,51.451270196531155,49.680481507227974,51.1561393737793,165000,0.0,0.0
2024-02-16 00:00:00+08:00,51.156139733656396,52.13991165161133,51.156139733656396,52.13991165161133,94000,0.0,0.0
2024-02-19 00:00:00+08:00,52.13990996475806,53.81232292173322,52.13990996475806,53.71394348144531,257000,0.0,0.0
2024-02-20 00:00:00+08:00,53.910700214350776,54.0090796575678,53.61556939028377,53.81232452392578,202000,0.0,0.0
2024-02-21 00:00:00+08:00,53.81232452392578,54.0090796575678,53.51719369985877,53.81232452392578,84000,0.0,0.0
2024-02-22 00:00:00+08:00,54.10745521687568,55.681488776613435,53.615569260358626,55.484737396240234,400000,0.0,0.0
2024-02-23 00:00:00+08:00,56.17337436167701,57.05877057866972,55.484737029340465,56.665260314941406,508000,0.0,0.0
2024-02-26 00:00:00+08:00,58.04254267372598,58.04254267372598,57.15714645385742,57.15714645385742,220000,0.0,0.0
2024-02-27 00:00:00+08:00,57.74741097696992,57.84578666533594,55.386356928265606,56.86201477050781,671000,0.0,0.0
2024-02-29 00:00:00+08:00,57.55065690260375,58.04254285903626,56.96039525600155,57.64903259277344,312000,0.0,0.0
2024-03-01 00:00:00+08:00,58.927937901201716,59.32144440678921,58.04254169624392,58.534427642822266,423000,0.0,0.0
2024-03-04 00:00:00+08:00,58.534428504438985,59.41982472242965,58.43605281479203,58.829559326171875,282000,0.0,0.0
2024-03-05 00:00:00+08:00,58.927938093218835,59.51819972991943,57.255525118844524,59.02631378173828,478000,0.0,0.0
2024-03-06 00:00:00+08:00,60.01008705830637,60.01008705830637,58.239298354685246,58.63280487060547,168000,0.0,0.0
2024-03-07 00:00:00+08:00,57.94416843430283,59.02631606097045,57.94416843430283,58.927940368652344,841000,0.0,0.0
2024-03-08 00:00:00+08:00,59.419824041399984,59.419824041399984,56.862014859182814,59.02631378173828,662000,0.0,0.0
2024-03-11 00:00:00+08:00,59.61657751999023,64.92894744873047,59.12469155446954,64.92894744873047,1723000,0.0,0.0
2024-03-12 00:00:00+08:00,67.38837739984449,70.43806889054542,66.89649143342226,67.58512878417969,2064000,0.0,0.0
2024-03-13 00:00:00+08:00,67.58512878417969,67.58512878417969,67.58512878417969,67.58512878417969,0,0.0,0.0
2024-03-14 00:00:00+08:00,66.89648892578805,67.48675056225174,65.32245539335688,66.69973754882812,319000,0.0,0.0
2024-03-15 00:00:00+08:00,66.40460111548111,67.48674866957961,65.91271518129237,66.10946655273438,246000,0.0,0.0
2024-03-18 00:00:00+08:00,66.60135342499449,67.88025987413195,65.61758154276069,66.40460205078125,268000,0.0,0.0
2024-03-19 00:00:00+08:00,65.91272006315343,67.68351255962111,65.81434437014617,66.89649200439453,154000,0.0,0.0
2024-03-20 00:00:00+08:00,66.89649200439453,66.89649200439453,66.89649200439453,66.89649200439453,0,0.0,0.0
2024-03-21 00:00:00+08:00,72.4056083203437,72.60236719820878,70.24131320291397,70.43806457519531,767000,0.0,0.0
2024-03-22 00:00:00+08:00,71.5202134695347,72.60236855404231,68.9624080541921,71.71697235107422,569000,0.0,0.0
2024-03-25 00:00:00+08:00,71.71697235107422,71.71697235107422,71.71697235107422,71.71697235107422,0,0.0,0.0
2024-03-26 00:00:00+08:00,71.71697235107422,71.71697235107422,71.71697235107422,71.71697235107422,0,0.0,0.0
2024-03-27 00:00:00+08:00,75.94719100473743,81.55469558373225,75.94719100473743,80.86605072021484,858000,0.0,0.0
2024-03-28 00:00:00+08:00,80.8660502740713,83.42386331647533,76.73421113809962,77.2260971069336,477000,0.0,0.0
2024-03-29 00:00:00+08:00,77.22609938940516,78.60338164396367,72.99587693017212,77.12772369384766,274000,0.0,0.0
2024-04-01 00:00:00+08:00,77.61960594210034,78.0131162109788,73.29100799560547,73.29100799560547,451000,0.0,0.0
2024-04-02 00:00:00+08:00,73.29100869372,76.43907586356558,73.29100869372,75.25855255126953,264000,0.0,0.0
2024-04-03 00:00:00+08:00,75.25855219758898,75.35692788888731,72.89749807850859,74.2747802734375,133000,0.0,0.0
2024-04-08 00:00:00+08:00,74.86504250151633,75.35692846736805,73.58614349365234,73.58614349365234,76000,0.0,0.0
2024-04-09 00:00:00+08:00,74.37315428549779,75.16017480928285,68.56889856293884,72.01210021972656,594000,0.0,0.0
2024-04-10 00:00:00+08:00,70.73320573394678,72.79912535784996,69.35592348281651,71.81535339355469,234000,0.0,0.0
2024-04-11 00:00:00+08:00,71.02832942258549,71.71697426800482,69.35592016550898,70.63482666015625,143000,0.0,0.0
2024-04-12 00:00:00+08:00,70.63482666015625,72.60237049463878,69.55267154672359,70.63482666015625,186000,0.0,0.0
2024-04-15 00:00:00+08:00,70.63482836339438,73.38938529474089,70.63482836339438,71.22509002685547,121000,0.0,0.0
2024-04-16 00:00:00+08:00,71.0283331028631,71.61860228825945,69.355923759132,70.1429443359375,168000,0.0,0.0
2024-04-17 00:00:00+08:00,71.12671399276095,72.60237189712873,70.04455885842385,70.24131774902344,162000,0.0,0.0
2024-04-18 00:00:00+08:00,71.22508756133917,71.22508756133917,68.0770129558795,68.66728210449219,278000,0.0,0.0
2024-04-19 00:00:00+08:00,68.66728134076307,68.66728134076307,65.61758245879676,66.69973754882812,397000,0.0,0.0
2024-04-22 00:00:00+08:00,68.37214897852884,68.37214897852884,66.30622943137358,66.60135650634766,76000,0.0,0.0
2024-04-23 00:00:00+08:00,68.56889954108271,70.14294061110672,65.51920810268331,66.30622863769531,142000,0.0,0.0
2024-04-24 00:00:00+08:00,65.81434526486346,68.07701625712745,65.81434526486346,67.1916275024414,67000,0.0,0.0
2024-04-25 00:00:00+08:00,67.38837669124925,67.38837669124925,65.61758422851562,65.61758422851562,85000,0.0,0.0
2024-04-26 00:00:00+08:00,66.60135615101561,66.60135615101561,64.73219550273294,65.61758422851562,87000,0.0,0.0
2024-04-29 00:00:00+08:00,65.8143431163661,66.3062290776161,64.73219550273294,65.61758422851562,107000,0.0,0.0
2024-04-30 00:00:00+08:00,67.88026120473013,71.81534881080144,66.20785197438342,67.68350982666016,506000,0.0,0.0
2024-05-02 00:00:00+08:00,67.97863825817801,69.84780640969512,67.0932420279242,67.29000091552734,388000,0.0,0.0
2024-05-03 00:00:00+08:00,67.19162449097433,67.19162449097433,62.76464714082751,65.32245635986328,566000,0.0,0.0
2024-05-06 00:00:00+08:00,65.81434231512493,66.6997385357127,65.32245635986328,65.32245635986328,128000,0.0,0.0
2024-05-07 00:00:00+08:00,65.22408012120133,66.01109313964844,65.12569692650946,66.01109313964844,101000,0.0,0.0
2024-05-08 00:00:00+08:00,67.38837903428588,67.38837903428588,65.51921081542969,65.51921081542969,160000,0.0,0.0
2024-05-09 00:00:00+08:00,66.01109565717334,66.01109565717334,63.15815553073545,64.24031066894531,80000,0.0,0.0
2024-05-10 00:00:00+08:00,64.83057451079851,64.83057451079851,63.94517823413209,64.14192962646484,99000,0.0,0.0
2024-05-13 00:00:00+08:00,64.1419269016637,65.02732314071777,62.46951762112704,64.92894744873047,125000,0.0,0.0
2024-05-14 00:00:00+08:00,64.8305711938661,67.38837669124925,64.8305711938661,65.61758422851562,127000,0.0,0.0
2024-05-15 00:00:00+08:00,65.9127220093886,66.20785660270921,64.43706405395453,65.81434631347656,39000,0.0,0.0
2024-05-16 00:00:00+08:00,66.01109086701337,66.99486273539087,65.61758061854563,66.10946655273438,91000,0.0,0.0
2024-05-17 00:00:00+08:00,65.71597092012489,67.58513166781286,65.71597092012489,66.7981185913086,206000,0.0,0.0
2024-05-20 00:00:00+08:00,67.88026394563562,67.97863963864287,66.89649200439453,66.89649200439453,46000,0.0,0.0
2024-05-21 00:00:00+08:00,67.78188687615899,67.78188687615899,66.79811495489568,67.29000091552734,32000,0.0,0.0
2024-05-22 00:00:00+08:00,67.09324110713987,67.88026163558314,66.60135515325884,66.99486541748047,94000,0.0,0.0
2024-05-23 00:00:00+08:00,67.09323936611138,67.09323936611138,65.91271610966436,66.40460205078125,49000,0.0,0.0
2024-05-24 00:00:00+08:00,66.7981145956818,67.48675193462925,65.91271837018931,66.30622863769531,48000,0.0,0.0
2024-05-27 00:00:00+08:00,66.30622636367464,66.60135342499449,66.20785067656801,66.40460205078125,33000,0.0,0.0
2024-05-28 00:00:00+08:00,66.40460152073305,67.19162202247153,66.40460152073305,67.0932388305664,50000,0.0,0.0
2024-05-29 00:00:00+08:00,67.78188340826193,73.78289031982422,67.78188340826193,73.78289031982422,964000,0.0,0.0
2024-05-30 00:00:00+08:00,77.02934701302033,81.16118621826172,77.02934701302033,81.16118621826172,2879000,0.0,0.0
2024-05-31 00:00:00+08:00,81.25955548002017,86.08003917493318,74.17640097300203,74.76666259765625,4211000,0.0,0.0
2024-06-03 00:00:00+08:00,74.76666960845122,76.73421354551573,72.11048829564793,72.79912567138672,790000,0.0,0.0
2024-06-04 00:00:00+08:00,74.3731573100565,79.68552729768574,73.78289564600531,78.20986938476562,2020000,0.0,0.0
2024-06-05 00:00:00+08:00,78.20986650048232,82.44008869708163,74.76666483064977,80.66929626464844,1091000,0.0,0.0
2024-06-06 00:00:00+08:00,81.65306835883702,85.29302141597326,80.86604783025317,83.32547760009766,1750000,0.0,0.0
2024-06-07 00:00:00+08:00,83.12872584731403,84.60438370259179,79.88227556346935,82.34170532226562,948000,0.0,0.0
2024-06-11 00:00:00+08:00,82.3417068890989,82.3417068890989,78.8985051612654,80.27578735351562,433000,0.0,0.0
2024-06-12 00:00:00+08:00,80.07903274078717,84.60438189940608,78.11148897568471,83.42385864257812,735000,0.0,0.0
2024-06-13 00:00:00+08:00,86.17841512033789,88.44109344482422,82.63683785618939,88.44109344482422,1117000,0.0,0.0
2024-06-14 00:00:00+08:00,89.81837785371299,97.19666713505029,89.32649190162384,94.3437271118164,4174000,0.0,0.0
2024-06-17 00:00:00+08:00,94.3437278438571,96.70478193332195,87.06381419533385,96.31127166748047,2271000,0.0,0.0
2024-06-18 00:00:00+08:00,91.49078814267136,97.98368128393768,91.49078814267136,97.2950439453125,1246000,0.0,0.0
2024-06-19 00:00:00+08:00,98.37719350936692,98.37719350936692,95.32750201169338,96.21289825439453,733000,0.0,0.0
2024-06-20 00:00:00+08:00,98.18044118770541,98.37719257061298,95.52425248494838,95.91776275634766,1809000,0.0,0.0
2024-06-21 00:00:00+08:00,96.01613579007692,98.18043847007304,93.4583303551578,95.03236389160156,818000,0.0,0.0
2024-06-24 00:00:00+08:00,95.52425036195143,104.27982180726295,94.24535139030708,100.34473419189453,2364000,0.0,0.0
2024-06-25 00:00:00+08:00,99.8528516292572,110.18245697021484,96.60640123415111,110.18245697021484,2730000,0.0,0.0
2024-06-26 00:00:00+08:00,110.6743381447988,112.14999598672945,103.29604893514555,107.7230224609375,3923000,0.0,0.0
2024-06-27 00:00:00+08:00,109.69056811603396,117.56074340687047,104.77170855926114,112.64188385009766,3805000,0.0,0.0
2024-06-28 00:00:00+08:00,106.73925339719082,118.05263048537233,106.73925339719082,115.59320068359375,2257000,0.0,0.0
2024-07-01 00:00:00+08:00,118.05263353430706,119.0364054804263,110.18245796535327,113.13377380371094,1502000,0.0,0.0
2024-07-02 00:00:00+08:00,114.1175416799692,116.08508550203763,101.82039279204149,102.3122787475586,2113000,0.0,0.0
2024-07-03 00:00:00+08:00,104.27982226132296,112.14999752632848,104.27982226132296,111.65811157226562,2476000,0.0,0.0
2024-07-04 00:00:00+08:00,114.11754541229783,122.47960692957827,111.16622958266943,112.1500015258789,3874000,0.0,0.0
2024-07-05 00:00:00+08:00,115.0,122.5,115.0,122.0,2532000,1.85,0.0
2024-07-08 00:00:00+08:00,122.0,122.0,112.5,112.5,2002000,0.0,0.0
2024-07-09 00:00:00+08:00,114.0,115.0,107.5,107.5,1343000,0.0,0.0
2024-07-10 00:00:00+08:00,107.5,110.5,107.0,107.5,845000,0.0,0.0
2024-07-11 00:00:00+08:00,108.5,108.5,99.0,100.5,2319000,0.0,0.0
2024-07-12 00:00:00+08:00,100.5,102.0,97.5999984741211,100.5,882000,0.0,0.0
2024-07-15 00:00:00+08:00,102.0,104.0,97.69999694824219,97.69999694824219,960000,0.0,0.0
2024-07-16 00:00:00+08:00,100.5,107.0,100.5,107.0,2787000,0.0,0.0
2024-07-17 00:00:00+08:00,109.0,110.5,105.0,107.5,1897000,0.0,0.0
2024-07-18 00:00:00+08:00,105.5,106.0,99.0999984741211,99.80000305175781,1635000,0.0,0.0
2024-07-19 00:00:00+08:00,100.0,101.0,95.9000015258789,95.9000015258789,1189000,0.0,0.0
2024-07-22 00:00:00+08:00,95.0,95.9000015258789,86.4000015258789,86.4000015258789,1669000,0.0,0.0
2024-07-23 00:00:00+08:00,86.0999984741211,93.80000305175781,86.0999984741211,87.5,1519000,0.0,0.0
2024-07-26 00:00:00+08:00,82.5,89.0,82.0,85.69999694824219,535000,0.0,0.0
2024-07-29 00:00:00+08:00,87.80000305175781,90.9000015258789,84.80000305175781,84.9000015258789,742000,0.0,0.0
2024-07-30 00:00:00+08:00,85.0999984741211,85.19999694824219,82.4000015258789,84.30000305175781,412000,0.0,0.0
2024-07-31 00:00:00+08:00,85.0,85.5999984741211,83.19999694824219,84.69999694824219,339000,0.0,0.0
2024-08-01 00:00:00+08:00,86.5,88.19999694824219,83.19999694824219,83.5,432000,0.0,0.0
2024-08-02 00:00:00+08:00,82.0,85.5,81.80000305175781,82.5,618000,0.0,0.0
2024-08-05 00:00:00+08:00,79.0999984741211,79.0999984741211,74.30000305175781,74.30000305175781,657000,0.0,0.0
2024-08-06 00:00:00+08:00,76.80000305175781,76.80000305175781,66.9000015258789,74.19999694824219,1109000,0.0,0.0
2024-08-07 00:00:00+08:00,74.19999694824219,79.69999694824219,73.5999984741211,79.0,461000,0.0,0.0
2024-08-08 00:00:00+08:00,76.69999694824219,81.5,75.9000015258789,78.0,269000,0.0,0.0
2024-08-09 00:00:00+08:00,80.69999694824219,81.0,75.19999694824219,75.19999694824219,510000,0.0,0.0
2024-08-12 00:00:00+08:00,76.0,77.9000015258789,75.5,75.69999694824219,379000,0.0,0.0
2024-08-13 00:00:00+08:00,77.19999694824219,77.19999694824219,73.69999694824219,76.0999984741211,311000,0.0,0.0
2024-08-14 00:00:00+08:00,76.30000305175781,77.0999984741211,74.0,74.80000305175781,272000,0.0,0.0
2024-08-15 00:00:00+08:00,75.0999984741211,75.9000015258789,72.9000015258789,72.9000015258789,289000,0.0,0.0
2024-08-16 00:00:00+08:00,73.69999694824219,80.0999984741211,73.4000015258789,80.0999984741211,908000,0.0,0.0
2024-08-19 00:00:00+08:00,81.5999984741211,87.5,81.5999984741211,86.19999694824219,1909000,0.0,0.0
2024-08-20 00:00:00+08:00,85.4000015258789,89.19999694824219,83.0999984741211,84.19999694824219,846000,0.0,0.0
2024-08-21 00:00:00+08:00,84.19999694824219,88.9000015258789,82.0,82.4000015258789,687000,0.0,0.0
2024-08-22 00:00:00+08:00,82.5,85.9000015258789,82.5,82.9000015258789,481000,0.0,0.0
2024-08-23 00:00:00+08:00,82.69999694824219,82.69999694824219,80.5999984741211,81.9000015258789,363000,0.0,0.0
2024-08-26 00:00:00+08:00,82.5,83.4000015258789,80.5,81.5999984741211,368000,0.0,0.0
2024-08-27 00:00:00+08:00,82.69999694824219,84.19999694824219,80.5999984741211,83.0,595000,0.0,0.0
2024-08-28 00:00:00+08:00,83.19999694824219,83.4000015258789,78.0999984741211,78.19999694824219,721000,0.0,0.0
2024-08-29 00:00:00+08:00,78.30000305175781,83.9000015258789,76.4000015258789,82.0999984741211,646000,0.0,0.0
2024-08-30 00:00:00+08:00,83.0,83.30000305175781,79.0,79.5999984741211,313000,0.0,0.0
2024-09-02 00:00:00+08:00,80.0999984741211,81.4000015258789,79.19999694824219,79.30000305175781,243000,0.0,0.0
2024-09-03 00:00:00+08:00,80.30000305175781,80.30000305175781,78.5999984741211,78.69999694824219,263000,0.0,0.0
2024-09-04 00:00:00+08:00,74.0,75.4000015258789,70.9000015258789,74.69999694824219,380000,0.0,0.0
2024-09-05 00:00:00+08:00,75.30000305175781,75.9000015258789,73.0999984741211,73.30000305175781,176000,0.0,0.0
2024-09-06 00:00:00+08:00,75.0,75.0,72.0999984741211,72.0999984741211,200000,0.0,0.0
2024-09-09 00:00:00+08:00,70.0,75.5,70.0,75.0,283000,0.0,0.0
2024-09-10 00:00:00+08:00,75.0,76.4000015258789,72.5,73.4000015258789,220000,0.0,0.0
2024-09-11 00:00:00+08:00,73.5,74.4000015258789,73.0999984741211,73.5,126000,0.0,0.0
2024-09-12 00:00:00+08:00,75.0,76.30000305175781,73.80000305175781,76.0999984741211,120000,0.0,0.0
2024-09-13 00:00:00+08:00,76.30000305175781,80.80000305175781,76.19999694824219,79.80000305175781,409000,0.0,0.0
2024-09-16 00:00:00+08:00,79.80000305175781,81.5,78.9000015258789,81.4000015258789,292000,0.0,0.0
2024-09-18 00:00:00+08:00,81.4000015258789,81.4000015258789,79.0999984741211,79.4000015258789,162000,0.0,0.0
2024-09-19 00:00:00+08:00,79.0999984741211,80.5,78.19999694824219,78.19999694824219,222000,0.0,0.0
2024-09-20 00:00:00+08:00,79.5,80.0999984741211,78.19999694824219,78.5,188000,0.0,0.0
2024-09-23 00:00:00+08:00,79.30000305175781,80.0,78.5,79.0,126000,0.0,0.0
2024-09-24 00:00:00+08:00,79.69999694824219,79.69999694824219,78.0,78.19999694824219,121000,0.0,0.0
2024-09-25 00:00:00+08:00,78.0999984741211,81.0,78.0999984741211,79.4000015258789,198000,0.0,0.0
2024-09-26 00:00:00+08:00,80.4000015258789,81.4000015258789,78.19999694824219,78.19999694824219,248000,0.0,0.0
2024-09-27 00:00:00+08:00,79.4000015258789,82.69999694824219,79.4000015258789,80.9000015258789,408000,0.0,0.0
2024-09-30 00:00:00+08:00,81.4000015258789,81.4000015258789,79.4000015258789,80.0,92000,0.0,0.0
2024-10-01 00:00:00+08:00,81.30000305175781,81.30000305175781,79.0,79.9000015258789,93000,0.0,0.0
2024-10-04 00:00:00+08:00,81.80000305175781,81.80000305175781,78.4000015258789,79.19999694824219,530000,0.0,0.0
2024-10-07 00:00:00+08:00,80.80000305175781,86.19999694824219,80.0,84.0,760000,0.0,0.0
2024-10-08 00:00:00+08:00,83.0999984741211,85.69999694824219,82.80000305175781,84.0,398000,0.0,0.0
2024-10-09 00:00:00+08:00,86.0,87.80000305175781,84.4000015258789,85.5,726000,0.0,0.0
2024-10-11 00:00:00+08:00,86.0999984741211,92.0,85.0999984741211,91.69999694824219,2173000,0.0,0.0
2024-10-14 00:00:00+08:00,91.69999694824219,93.0,87.0,88.80000305175781,1090000,0.0,0.0
2024-10-15 00:00:00+08:00,88.5,93.80000305175781,88.5,89.69999694824219,822000,0.0,0.0
2024-10-16 00:00:00+08:00,89.5999984741211,94.5999984741211,88.0,92.0,561000,0.0,0.0
2024-10-17 00:00:00+08:00,92.0999984741211,94.0,91.0,93.0,684000,0.0,0.0
2024-10-18 00:00:00+08:00,94.0999984741211,95.69999694824219,90.0,91.80000305175781,765000,0.0,0.0
2024-10-21 00:00:00+08:00,93.4000015258789,93.4000015258789,90.0,90.30000305175781,274000,0.0,0.0
2024-10-22 00:00:00+08:00,90.69999694824219,91.5,90.0,90.9000015258789,309000,0.0,0.0
2024-10-23 00:00:00+08:00,91.0999984741211,93.5,90.69999694824219,91.0999984741211,299000,0.0,0.0
2024-10-24 00:00:00+08:00,91.0,93.19999694824219,89.19999694824219,91.30000305175781,554000,0.0,0.0
2024-10-25 00:00:00+08:00,91.5,92.30000305175781,86.0,87.19999694824219,945000,0.0,0.0
2024-10-28 00:00:00+08:00,86.4000015258789,88.30000305175781,86.4000015258789,87.5,347000,0.0,0.0
2024-10-29 00:00:00+08:00,87.5,88.19999694824219,86.5999984741211,87.80000305175781,138000,0.0,0.0
2024-10-30 00:00:00+08:00,88.5,89.80000305175781,88.0,88.0999984741211,147000,0.0,0.0
2024-11-01 00:00:00+08:00,84.80000305175781,88.5999984741211,84.80000305175781,86.30000305175781,223000,0.0,0.0
2024-11-04 00:00:00+08:00,86.0,86.5999984741211,82.0,85.4000015258789,414000,0.0,0.0
2024-11-05 00:00:00+08:00,85.9000015258789,90.69999694824219,85.9000015258789,86.30000305175781,280000,0.0,0.0
2024-11-06 00:00:00+08:00,87.69999694824219,87.69999694824219,85.19999694824219,86.5,109000,0.0,0.0
2024-11-07 00:00:00+08:00,90.0,90.0999984741211,85.4000015258789,85.5,165000,0.0,0.0
2024-11-08 00:00:00+08:00,85.5,86.9000015258789,84.30000305175781,85.69999694824219,182000,0.0,0.0
2024-11-11 00:00:00+08:00,83.30000305175781,85.0,83.30000305175781,84.0999984741211,185000,0.0,0.0
2024-11-12 00:00:00+08:00,83.69999694824219,83.69999694824219,80.30000305175781,81.0999984741211,275000,0.0,0.0
2024-11-13 00:00:00+08:00,82.5999984741211,87.19999694824219,81.0,85.0999984741211,191000,0.0,0.0
2024-11-14 00:00:00+08:00,86.0,86.0,82.0,82.0999984741211,119000,0.0,0.0
2024-11-15 00:00:00+08:00,82.0999984741211,84.4000015258789,80.9000015258789,81.69999694824219,109000,0.0,0.0
2024-11-18 00:00:00+08:00,81.30000305175781,81.80000305175781,80.0,80.0,111000,0.0,0.0
2024-11-19 00:00:00+08:00,81.30000305175781,81.5999984741211,79.19999694824219,80.0999984741211,76000,0.0,0.0
2024-11-20 00:00:00+08:00,83.0,83.0,80.0999984741211,80.5,74761,0.0,0.0
2024-11-21 00:00:00+08:00,81.80000305175781,81.80000305175781,80.5,80.5,38000,0.0,0.0
2024-11-22 00:00:00+08:00,81.69999694824219,88.30000305175781,80.69999694824219,87.0,553000,0.0,0.0
2024-11-25 00:00:00+08:00,87.30000305175781,90.5,86.5999984741211,88.30000305175781,1649000,0.0,0.0
2024-11-26 00:00:00+08:00,88.30000305175781,90.0,87.0,87.30000305175781,221000,0.0,0.0
2024-11-27 00:00:00+08:00,87.4000015258789,91.5,87.0,89.5,606000,0.0,0.0
2024-11-28 00:00:00+08:00,90.0999984741211,90.0999984741211,84.30000305175781,88.5,411000,0.0,0.0
2024-11-29 00:00:00+08:00,88.5,91.0999984741211,88.5,89.80000305175781,391000,0.0,0.0
2024-12-02 00:00:00+08:00,90.80000305175781,90.80000305175781,87.19999694824219,88.0999984741211,403000,0.0,0.0
2024-12-03 00:00:00+08:00,89.0,89.0,85.80000305175781,86.30000305175781,311000,0.0,0.0
2024-12-04 00:00:00+08:00,86.5,87.4000015258789,86.30000305175781,87.30000305175781,117000,0.0,0.0
2024-12-05 00:00:00+08:00,86.0999984741211,93.5,86.0999984741211,90.0,1172000,0.0,0.0
2024-12-06 00:00:00+08:00,90.4000015258789,92.69999694824219,90.4000015258789,91.80000305175781,770000,0.0,0.0
2024-12-09 00:00:00+08:00,91.80000305175781,92.69999694824219,90.4000015258789,91.5,308000,0.0,0.0
2024-12-10 00:00:00+08:00,92.5,92.5,88.0999984741211,88.5,256000,0.0,0.0
2024-12-11 00:00:00+08:00,90.0,90.9000015258789,88.0999984741211,88.19999694824219,255000,0.0,0.0
2024-12-12 00:00:00+08:00,88.5,90.19999694824219,87.0,87.30000305175781,333000,0.0,0.0
2024-12-13 00:00:00+08:00,89.5999984741211,89.5999984741211,85.5,86.0,200000,0.0,0.0
2024-12-16 00:00:00+08:00,87.5999984741211,87.5999984741211,81.0999984741211,83.5999984741211,327000,0.0,0.0
2024-12-17 00:00:00+08:00,83.5999984741211,84.30000305175781,83.0999984741211,83.0999984741211,77000,0.0,0.0
2024-12-18 00:00:00+08:00,84.4000015258789,84.4000015258789,82.80000305175781,83.0,65000,0.0,0.0
2024-12-19 00:00:00+08:00,83.0999984741211,83.69999694824219,81.19999694824219,81.30000305175781,127000,0.0,0.0
2024-12-20 00:00:00+08:00,81.30000305175781,86.4000015258789,80.9000015258789,81.0999984741211,353000,0.0,0.0
2024-12-23 00:00:00+08:00,81.0,83.5,81.0,81.19999694824219,106000,0.0,0.0
2024-12-24 00:00:00+08:00,83.0,84.80000305175781,81.5,82.4000015258789,203000,0.0,0.0
2024-12-25 00:00:00+08:00,84.5999984741211,86.0,83.30000305175781,83.30000305175781,269000,0.0,0.0
2024-12-26 00:00:00+08:00,84.69999694824219,85.0,83.0999984741211,85.0,129000,0.0,0.0
2024-12-27 00:00:00+08:00,84.5,85.0999984741211,82.5999984741211,83.0,108000,0.0,0.0
2024-12-30 00:00:00+08:00,83.0,84.69999694824219,81.5,81.5999984741211,107000,0.0,0.0
2024-12-31 00:00:00+08:00,82.19999694824219,83.9000015258789,82.0,83.19999694824219,110000,0.0,0.0
2025-01-02 00:00:00+08:00,84.0999984741211,84.4000015258789,82.0,82.0,67000,0.0,0.0
2025-01-03 00:00:00+08:00,83.5,83.80000305175781,81.0,82.0999984741211,63000,0.0,0.0
2025-01-06 00:00:00+08:00,82.5,82.80000305175781,81.0999984741211,81.69999694824219,126000,0.0,0.0
2025-01-07 00:00:00+08:00,82.5,82.5,80.5,81.0,104000,0.0,0.0
2025-01-08 00:00:00+08:00,82.0,82.4000015258789,81.0,81.0,75000,0.0,0.0
2025-01-09 00:00:00+08:00,81.0,82.0999984741211,79.0,81.0,140000,0.0,0.0
2025-01-10 00:00:00+08:00,80.19999694824219,80.19999694824219,73.0,78.0,496000,0.0,0.0
2025-01-13 00:00:00+08:00,79.30000305175781,79.30000305175781,76.5999984741211,77.4000015258789,185000,0.0,0.0
2025-01-14 00:00:00+08:00,77.80000305175781,79.9000015258789,76.69999694824219,77.5,313000,0.0,0.0
2025-01-15 00:00:00+08:00,77.4000015258789,78.0999984741211,76.69999694824219,76.69999694824219,338000,0.0,0.0
2025-01-16 00:00:00+08:00,78.0,78.0,74.19999694824219,77.30000305175781,686000,0.0,0.0
2025-01-17 00:00:00+08:00,77.4000015258789,78.4000015258789,76.19999694824219,77.30000305175781,149000,0.0,0.0
2025-01-20 00:00:00+08:00,78.0,78.0,77.19999694824219,77.4000015258789,29000,0.0,0.0
2025-01-21 00:00:00+08:00,77.4000015258789,82.0,77.0,80.0999984741211,334000,0.0,0.0
2025-01-22 00:00:00+08:00,80.5,84.0,79.0,84.0,329000,0.0,0.0
