Date,Open,High,Low,Close,Volume,Dividends,Stock Splits
2001-01-01 00:00:00+09:00,421.22021484375,421.22021484375,421.22021484375,421.22021484375,0,0.0,0.0
2001-01-02 00:00:00+09:00,421.22021484375,421.22021484375,421.22021484375,421.22021484375,0,0.0,0.0
2001-01-03 00:00:00+09:00,421.22021484375,421.22021484375,421.22021484375,421.22021484375,0,0.0,0.0
2001-01-04 00:00:00+09:00,421.22021484375,421.22021484375,421.22021484375,421.22021484375,0,0.0,0.0
2001-01-05 00:00:00+09:00,421.22021484375,421.22021484375,421.22021484375,421.22021484375,0,0.0,0.0
2001-01-08 00:00:00+09:00,421.22021484375,421.22021484375,421.22021484375,421.22021484375,0,0.0,0.0
2001-01-09 00:00:00+09:00,421.22021484375,421.22021484375,421.22021484375,421.22021484375,0,0.0,0.0
2001-01-10 00:00:00+09:00,421.22021484375,421.22021484375,421.22021484375,421.22021484375,0,0.0,0.0
2001-01-11 00:00:00+09:00,421.22021484375,421.22021484375,421.22021484375,421.22021484375,0,0.0,0.0
2001-01-12 00:00:00+09:00,416.0199584960938,416.0199584960938,416.0199584960938,416.01995849609375,2000,0.0,0.0
2001-01-15 00:00:00+09:00,416.0199584960938,416.0199584960938,416.0199584960938,416.01995849609375,0,0.0,0.0
2001-01-16 00:00:00+09:00,416.0199584960938,416.0199584960938,416.0199584960938,416.01995849609375,0,0.0,0.0
2001-01-17 00:00:00+09:00,416.5398254394531,416.5398254394531,416.5398254394531,416.5398254394531,1000,0.0,0.0
2001-01-18 00:00:00+09:00,416.5398254394531,416.5398254394531,416.5398254394531,416.5398254394531,0,0.0,0.0
2001-01-19 00:00:00+09:00,416.5398254394531,416.5398254394531,416.5398254394531,416.5398254394531,0,0.0,0.0
2001-01-22 00:00:00+09:00,416.5398254394531,416.5398254394531,416.5398254394531,416.5398254394531,0,0.0,0.0
2001-01-23 00:00:00+09:00,416.5398254394531,416.5398254394531,416.5398254394531,416.5398254394531,9000,0.0,0.0
2001-01-24 00:00:00+09:00,416.5398254394531,416.5398254394531,416.5398254394531,416.5398254394531,0,0.0,0.0
2001-01-25 00:00:00+09:00,416.5398254394531,416.5398254394531,416.5398254394531,416.5398254394531,0,0.0,0.0
2001-01-26 00:00:00+09:00,415.4998168945312,415.4998168945312,415.4998168945312,415.49981689453125,4000,0.0,0.0
2001-01-29 00:00:00+09:00,415.4998168945312,415.4998168945312,415.4998168945312,415.49981689453125,0,0.0,0.0
2001-01-30 00:00:00+09:00,415.4998168945312,415.4998168945312,415.4998168945312,415.49981689453125,0,0.0,0.0
2001-01-31 00:00:00+09:00,415.4998168945312,415.4998168945312,415.4998168945312,415.49981689453125,0,0.0,0.0
2001-02-01 00:00:00+09:00,415.4998168945312,415.4998168945312,415.4998168945312,415.49981689453125,0,0.0,0.0
2001-02-02 00:00:00+09:00,415.4998168945312,415.4998168945312,415.4998168945312,415.49981689453125,0,0.0,0.0
2001-02-05 00:00:00+09:00,415.4998168945312,415.4998168945312,415.4998168945312,415.49981689453125,0,0.0,0.0
2001-02-06 00:00:00+09:00,415.4998168945312,415.4998168945312,415.4998168945312,415.49981689453125,0,0.0,0.0
2001-02-07 00:00:00+09:00,415.4998168945312,415.4998168945312,415.4998168945312,415.49981689453125,0,0.0,0.0
2001-02-08 00:00:00+09:00,415.4998168945312,415.4998168945312,415.4998168945312,415.49981689453125,0,0.0,0.0
2001-02-09 00:00:00+09:00,415.4998168945312,415.4998168945312,415.4998168945312,415.49981689453125,0,0.0,0.0
2001-02-12 00:00:00+09:00,415.4998168945312,415.4998168945312,415.4998168945312,415.49981689453125,0,0.0,0.0
2001-02-13 00:00:00+09:00,415.4998168945312,415.4998168945312,415.4998168945312,415.49981689453125,0,0.0,0.0
2001-02-14 00:00:00+09:00,415.4998168945312,415.4998168945312,415.4998168945312,415.49981689453125,0,0.0,0.0
2001-02-15 00:00:00+09:00,415.4998168945312,415.4998168945312,415.4998168945312,415.49981689453125,0,0.0,0.0
2001-02-16 00:00:00+09:00,415.4998168945312,415.4998168945312,415.4998168945312,415.49981689453125,0,0.0,0.0
2001-02-19 00:00:00+09:00,415.4998168945312,415.4998168945312,415.4998168945312,415.49981689453125,0,0.0,0.0
2001-02-20 00:00:00+09:00,415.4998168945312,415.4998168945312,415.4998168945312,415.49981689453125,0,0.0,0.0
2001-02-21 00:00:00+09:00,364.53730318143766,400.41900634765625,364.53730318143766,400.41900634765625,21000,0.0,0.0
2001-02-22 00:00:00+09:00,399.8991394042968,399.8991394042968,399.8991394042968,399.8991394042969,1000,0.0,0.0
2001-02-23 00:00:00+09:00,400.42608642578125,400.42608642578125,400.42608642578125,400.42608642578125,8000,10.0,0.0
2001-02-26 00:00:00+09:00,399.37237548828125,399.37237548828125,399.37237548828125,399.37237548828125,3000,0.0,0.0
2001-02-27 00:00:00+09:00,399.37237548828125,399.37237548828125,399.37237548828125,399.37237548828125,0,0.0,0.0
2001-02-28 00:00:00+09:00,399.37237548828125,399.37237548828125,399.37237548828125,399.37237548828125,0,0.0,0.0
2001-03-01 00:00:00+09:00,399.37237548828125,399.37237548828125,399.37237548828125,399.37237548828125,0,0.0,0.0
2001-03-02 00:00:00+09:00,399.37237548828125,399.37237548828125,399.37237548828125,399.37237548828125,0,0.0,0.0
2001-03-05 00:00:00+09:00,399.37237548828125,399.37237548828125,399.37237548828125,399.37237548828125,0,0.0,0.0
2001-03-06 00:00:00+09:00,399.37237548828125,399.37237548828125,399.37237548828125,399.37237548828125,0,0.0,0.0
2001-03-07 00:00:00+09:00,399.37237548828125,399.37237548828125,399.37237548828125,399.37237548828125,0,0.0,0.0
2001-03-08 00:00:00+09:00,399.37237548828125,399.37237548828125,399.37237548828125,399.37237548828125,0,0.0,0.0
2001-03-09 00:00:00+09:00,399.37237548828125,399.37237548828125,399.37237548828125,399.37237548828125,0,0.0,0.0
2001-03-12 00:00:00+09:00,399.37237548828125,399.37237548828125,399.37237548828125,399.37237548828125,0,0.0,0.0
2001-03-13 00:00:00+09:00,399.37237548828125,399.37237548828125,399.37237548828125,399.37237548828125,0,0.0,0.0
2001-03-14 00:00:00+09:00,399.37237548828125,399.37237548828125,399.37237548828125,399.37237548828125,0,0.0,0.0
2001-03-15 00:00:00+09:00,392.5229399831672,400.42608642578125,392.5229399831672,400.42608642578125,14000,0.0,0.0
2001-03-16 00:00:00+09:00,400.42608642578125,400.42608642578125,400.42608642578125,400.42608642578125,0,0.0,0.0
2001-03-19 00:00:00+09:00,400.42608642578125,400.42608642578125,400.42608642578125,400.42608642578125,0,0.0,0.0
2001-03-20 00:00:00+09:00,400.42608642578125,400.42608642578125,400.42608642578125,400.42608642578125,0,0.0,0.0
2001-03-21 00:00:00+09:00,400.42608642578125,400.42608642578125,400.42608642578125,400.42608642578125,0,0.0,0.0
2001-03-22 00:00:00+09:00,400.42608642578125,400.42608642578125,400.42608642578125,400.42608642578125,0,0.0,0.0
2001-03-23 00:00:00+09:00,400.42608642578125,400.42608642578125,400.42608642578125,400.42608642578125,8000,0.0,0.0
2001-03-26 00:00:00+09:00,400.42608642578125,400.42608642578125,400.42608642578125,400.42608642578125,5000,0.0,0.0
2001-03-27 00:00:00+09:00,400.42608642578125,400.42608642578125,400.42608642578125,400.42608642578125,0,0.0,0.0
2001-03-28 00:00:00+09:00,400.42608642578125,400.42608642578125,400.42608642578125,400.42608642578125,0,0.0,0.0
2001-03-29 00:00:00+09:00,400.42608642578125,400.42608642578125,400.42608642578125,400.42608642578125,0,0.0,0.0
2001-03-30 00:00:00+09:00,400.42608642578125,400.42608642578125,400.42608642578125,400.42608642578125,0,0.0,0.0
2001-04-02 00:00:00+09:00,400.42608642578125,400.42608642578125,400.42608642578125,400.42608642578125,0,0.0,0.0
2001-04-03 00:00:00+09:00,400.42608642578125,400.42608642578125,400.42608642578125,400.42608642578125,0,0.0,0.0
2001-04-04 00:00:00+09:00,400.42608642578125,400.42608642578125,400.42608642578125,400.42608642578125,0,0.0,0.0
2001-04-05 00:00:00+09:00,400.42608642578125,400.42608642578125,400.42608642578125,400.42608642578125,0,0.0,0.0
2001-04-06 00:00:00+09:00,400.42608642578125,400.42608642578125,400.42608642578125,400.42608642578125,0,0.0,0.0
2001-04-09 00:00:00+09:00,400.42608642578125,400.42608642578125,400.42608642578125,400.42608642578125,0,0.0,0.0
2001-04-10 00:00:00+09:00,400.42608642578125,400.42608642578125,400.42608642578125,400.42608642578125,0,0.0,0.0
2001-04-11 00:00:00+09:00,400.42608642578125,400.42608642578125,400.42608642578125,400.42608642578125,4000,0.0,0.0
2001-04-12 00:00:00+09:00,400.4259455754207,410.9634704589844,400.4259455754207,410.9634704589844,9000,0.0,0.0
2001-04-13 00:00:00+09:00,410.9634704589844,410.9634704589844,410.9634704589844,410.9634704589844,0,0.0,0.0
2001-04-16 00:00:00+09:00,410.9635414123535,421.5010681152344,410.9635414123535,421.5010681152344,10000,0.0,0.0
2001-04-17 00:00:00+09:00,421.5010681152344,421.5010681152344,421.5010681152344,421.5010681152344,0,0.0,0.0
2001-04-18 00:00:00+09:00,421.5010681152344,421.5010681152344,421.5010681152344,421.5010681152344,0,0.0,0.0
2001-04-19 00:00:00+09:00,421.5010681152344,421.5010681152344,421.5010681152344,421.5010681152344,0,0.0,0.0
2001-04-20 00:00:00+09:00,421.5010681152344,421.5010681152344,421.5010681152344,421.5010681152344,0,0.0,0.0
2001-04-23 00:00:00+09:00,421.5010681152344,421.5010681152344,421.5010681152344,421.5010681152344,5000,0.0,0.0
2001-04-24 00:00:00+09:00,421.5010681152344,421.5010681152344,421.5010681152344,421.5010681152344,0,0.0,0.0
2001-04-25 00:00:00+09:00,432.0386352539063,432.0386352539063,432.0386352539063,432.03863525390625,3000,0.0,0.0
2001-04-26 00:00:00+09:00,432.0386352539063,432.0386352539063,432.0386352539063,432.03863525390625,3000,0.0,0.0
2001-04-27 00:00:00+09:00,442.57598876953125,442.57598876953125,442.57598876953125,442.57598876953125,3000,0.0,0.0
2001-04-30 00:00:00+09:00,442.57598876953125,442.57598876953125,442.57598876953125,442.57598876953125,0,0.0,0.0
2001-05-01 00:00:00+09:00,442.57598876953125,442.57598876953125,442.57598876953125,442.57598876953125,0,0.0,0.0
2001-05-02 00:00:00+09:00,442.57598876953125,442.57598876953125,442.57598876953125,442.57598876953125,0,0.0,0.0
2001-05-03 00:00:00+09:00,442.57598876953125,442.57598876953125,442.57598876953125,442.57598876953125,0,0.0,0.0
2001-05-04 00:00:00+09:00,442.57598876953125,442.57598876953125,442.57598876953125,442.57598876953125,0,0.0,0.0
2001-05-07 00:00:00+09:00,442.57598876953125,442.57598876953125,442.57598876953125,442.57598876953125,0,0.0,0.0
2001-05-08 00:00:00+09:00,442.57598876953125,442.57598876953125,442.57598876953125,442.57598876953125,0,0.0,0.0
2001-05-09 00:00:00+09:00,442.57598876953125,442.57598876953125,442.57598876953125,442.57598876953125,0,0.0,0.0
2001-05-10 00:00:00+09:00,442.57598876953125,442.57598876953125,442.57598876953125,442.57598876953125,0,0.0,0.0
2001-05-11 00:00:00+09:00,442.57598876953125,442.57598876953125,442.57598876953125,442.57598876953125,100,0.0,0.0
2001-05-14 00:00:00+09:00,442.57598876953125,442.57598876953125,442.57598876953125,442.57598876953125,0,0.0,0.0
2001-05-15 00:00:00+09:00,442.57598876953125,442.57598876953125,442.57598876953125,442.57598876953125,0,0.0,0.0
2001-05-16 00:00:00+09:00,442.57598876953125,442.57598876953125,442.57598876953125,442.57598876953125,0,0.0,0.0
2001-05-17 00:00:00+09:00,442.57598876953125,442.57598876953125,442.57598876953125,442.57598876953125,0,0.0,0.0
2001-05-18 00:00:00+09:00,442.57598876953125,442.57598876953125,442.57598876953125,442.57598876953125,0,0.0,0.0
2001-05-21 00:00:00+09:00,442.57598876953125,442.57598876953125,442.57598876953125,442.57598876953125,0,0.0,0.0
2001-05-22 00:00:00+09:00,442.57598876953125,442.57598876953125,442.57598876953125,442.57598876953125,0,0.0,0.0
2001-05-23 00:00:00+09:00,442.57598876953125,442.57598876953125,442.57598876953125,442.57598876953125,8000,0.0,0.0
2001-05-24 00:00:00+09:00,442.57598876953125,442.57598876953125,442.57598876953125,442.57598876953125,0,0.0,0.0
2001-05-25 00:00:00+09:00,442.57598876953125,442.57598876953125,442.57598876953125,442.57598876953125,0,0.0,0.0
2001-05-28 00:00:00+09:00,442.57598876953125,442.57598876953125,442.57598876953125,442.57598876953125,2000,0.0,0.0
2001-05-29 00:00:00+09:00,442.57598876953125,442.57598876953125,442.57598876953125,442.57598876953125,0,0.0,0.0
2001-05-30 00:00:00+09:00,389.888429888557,447.8448181152344,389.888429888557,447.8448181152344,8000,0.0,0.0
2001-05-31 00:00:00+09:00,447.8448181152344,447.8448181152344,447.8448181152344,447.8448181152344,0,0.0,0.0
2001-06-01 00:00:00+09:00,447.8448181152344,447.8448181152344,447.8448181152344,447.8448181152344,0,0.0,0.0
2001-06-04 00:00:00+09:00,474.1887512207031,474.1887512207031,474.1887512207031,474.1887512207031,5000,0.0,0.0
2001-06-05 00:00:00+09:00,474.1887512207031,474.1887512207031,474.1887512207031,474.1887512207031,0,0.0,0.0
2001-06-06 00:00:00+09:00,474.1887512207031,474.1887512207031,474.1887512207031,474.1887512207031,0,0.0,0.0
2001-06-07 00:00:00+09:00,474.1887512207031,474.1887512207031,474.1887512207031,474.1887512207031,0,0.0,0.0
2001-06-08 00:00:00+09:00,474.1887512207031,474.1887512207031,474.1887512207031,474.1887512207031,0,0.0,0.0
2001-06-11 00:00:00+09:00,474.1887512207031,474.1887512207031,474.1887512207031,474.1887512207031,0,0.0,0.0
2001-06-12 00:00:00+09:00,474.1887512207031,474.1887512207031,474.1887512207031,474.1887512207031,0,0.0,0.0
2001-06-13 00:00:00+09:00,474.1887512207031,474.1887512207031,474.1887512207031,474.1887512207031,5000,0.0,0.0
2001-06-14 00:00:00+09:00,474.1887512207031,474.1887512207031,474.1887512207031,474.1887512207031,0,0.0,0.0
2001-06-15 00:00:00+09:00,474.1887512207031,474.1887512207031,474.1887512207031,474.1887512207031,1000,0.0,0.0
2001-06-18 00:00:00+09:00,474.1887512207031,474.1887512207031,474.1887512207031,474.1887512207031,0,0.0,0.0
2001-06-19 00:00:00+09:00,474.1887512207031,474.1887512207031,474.1887512207031,474.1887512207031,0,0.0,0.0
2001-06-20 00:00:00+09:00,474.1887512207031,474.1887512207031,474.1887512207031,474.1887512207031,0,0.0,0.0
2001-06-21 00:00:00+09:00,474.1887512207031,474.1887512207031,474.1887512207031,474.1887512207031,0,0.0,0.0
2001-06-22 00:00:00+09:00,474.1887512207031,474.1887512207031,474.1887512207031,474.1887512207031,0,0.0,0.0
2001-06-25 00:00:00+09:00,463.6512145996094,463.6512145996094,463.6512145996094,463.6512145996094,13000,0.0,0.0
2001-06-26 00:00:00+09:00,463.6512145996094,463.6512145996094,463.6512145996094,463.6512145996094,5000,0.0,0.0
2001-06-27 00:00:00+09:00,463.6512234157986,474.1887512207031,463.6512234157986,474.1887512207031,12000,0.0,0.0
2001-06-28 00:00:00+09:00,474.1887512207031,474.1887512207031,474.1887512207031,474.1887512207031,0,0.0,0.0
2001-06-29 00:00:00+09:00,474.1887512207031,474.1887512207031,474.1887512207031,474.1887512207031,0,0.0,0.0
2001-07-02 00:00:00+09:00,474.1887512207031,474.1887512207031,474.1887512207031,474.1887512207031,0,0.0,0.0
2001-07-03 00:00:00+09:00,474.1887512207031,474.1887512207031,474.1887512207031,474.1887512207031,0,0.0,0.0
2001-07-04 00:00:00+09:00,474.1887512207031,474.1887512207031,474.1887512207031,474.1887512207031,0,0.0,0.0
2001-07-05 00:00:00+09:00,474.1887512207031,474.1887512207031,474.1887512207031,474.1887512207031,0,0.0,0.0
2001-07-06 00:00:00+09:00,474.1887512207031,474.1887512207031,474.1887512207031,474.1887512207031,0,0.0,0.0
2001-07-09 00:00:00+09:00,474.1887512207031,474.1887512207031,474.1887512207031,474.1887512207031,0,0.0,0.0
2001-07-10 00:00:00+09:00,474.1887512207031,474.1887512207031,474.1887512207031,474.1887512207031,0,0.0,0.0
2001-07-11 00:00:00+09:00,474.1887512207031,474.1887512207031,474.1887512207031,474.1887512207031,0,0.0,0.0
2001-07-12 00:00:00+09:00,474.1887512207031,474.1887512207031,474.1887512207031,474.1887512207031,0,0.0,0.0
2001-07-13 00:00:00+09:00,474.1887512207031,474.1887512207031,474.1887512207031,474.1887512207031,3000,0.0,0.0
2001-07-16 00:00:00+09:00,474.1887512207031,474.1887512207031,474.1887512207031,474.1887512207031,0,0.0,0.0
2001-07-17 00:00:00+09:00,474.1887512207031,474.1887512207031,474.1887512207031,474.1887512207031,0,0.0,0.0
2001-07-18 00:00:00+09:00,474.1887512207031,474.1887512207031,474.1887512207031,474.1887512207031,0,0.0,0.0
2001-07-19 00:00:00+09:00,474.1887512207031,474.1887512207031,474.1887512207031,474.1887512207031,0,0.0,0.0
2001-07-20 00:00:00+09:00,474.1887512207031,474.1887512207031,474.1887512207031,474.1887512207031,0,0.0,0.0
2001-07-23 00:00:00+09:00,474.1887512207031,474.1887512207031,474.1887512207031,474.1887512207031,7000,0.0,0.0
2001-07-24 00:00:00+09:00,474.1887512207031,474.1887512207031,474.1887512207031,474.1887512207031,0,0.0,0.0
2001-07-25 00:00:00+09:00,474.1887512207031,474.1887512207031,474.1887512207031,474.1887512207031,0,0.0,0.0
2001-07-26 00:00:00+09:00,463.6512145996094,463.6512145996094,463.6512145996094,463.6512145996094,5000,0.0,0.0
2001-07-27 00:00:00+09:00,463.6512145996094,463.6512145996094,463.6512145996094,463.6512145996094,0,0.0,0.0
2001-07-30 00:00:00+09:00,463.6512145996094,463.6512145996094,463.6512145996094,463.6512145996094,0,0.0,0.0
2001-07-31 00:00:00+09:00,463.6512145996094,463.6512145996094,463.6512145996094,463.6512145996094,0,0.0,0.0
2001-08-01 00:00:00+09:00,463.6512145996094,463.6512145996094,463.6512145996094,463.6512145996094,0,0.0,0.0
2001-08-02 00:00:00+09:00,463.6512145996094,463.6512145996094,463.6512145996094,463.6512145996094,0,0.0,0.0
2001-08-03 00:00:00+09:00,463.6512145996094,463.6512145996094,463.6512145996094,463.6512145996094,0,0.0,0.0
2001-08-06 00:00:00+09:00,463.6512145996094,463.6512145996094,463.6512145996094,463.6512145996094,0,0.0,0.0
2001-08-07 00:00:00+09:00,463.6512145996094,463.6512145996094,463.6512145996094,463.6512145996094,0,0.0,0.0
2001-08-08 00:00:00+09:00,463.6512145996094,463.6512145996094,463.6512145996094,463.6512145996094,0,0.0,0.0
2001-08-09 00:00:00+09:00,463.6512145996094,463.6512145996094,463.6512145996094,463.6512145996094,0,0.0,0.0
2001-08-10 00:00:00+09:00,463.6512145996094,463.6512145996094,463.6512145996094,463.6512145996094,0,0.0,0.0
2001-08-13 00:00:00+09:00,463.6512145996094,463.6512145996094,463.6512145996094,463.6512145996094,0,0.0,0.0
2001-08-14 00:00:00+09:00,463.6512145996094,463.6512145996094,463.6512145996094,463.6512145996094,0,0.0,0.0
2001-08-15 00:00:00+09:00,463.6512145996094,463.6512145996094,463.6512145996094,463.6512145996094,0,0.0,0.0
2001-08-16 00:00:00+09:00,463.6512145996094,463.6512145996094,463.6512145996094,463.6512145996094,0,0.0,0.0
2001-08-17 00:00:00+09:00,463.6512145996094,463.6512145996094,463.6512145996094,463.6512145996094,0,0.0,0.0
2001-08-20 00:00:00+09:00,463.6512234157986,474.1887512207031,463.6512234157986,474.1887512207031,8000,0.0,0.0
2001-08-21 00:00:00+09:00,474.1887512207031,474.1887512207031,474.1887512207031,474.1887512207031,0,0.0,0.0
2001-08-22 00:00:00+09:00,474.1887512207031,474.1887512207031,474.1887512207031,474.1887512207031,0,0.0,0.0
2001-08-23 00:00:00+09:00,421.50111219618054,474.1887512207031,421.50111219618054,474.1887512207031,8000,0.0,0.0
2001-08-24 00:00:00+09:00,474.1887512207031,474.1887512207031,468.9199873182509,474.1887512207031,14000,0.0,0.0
2001-08-27 00:00:00+09:00,474.1887512207031,474.1887512207031,474.1887512207031,474.1887512207031,2000,0.0,0.0
2001-08-28 00:00:00+09:00,474.1887512207031,474.1887512207031,474.1887512207031,474.1887512207031,0,0.0,0.0
2001-08-29 00:00:00+09:00,474.1887512207031,474.1887512207031,474.1887512207031,474.1887512207031,0,0.0,0.0
2001-08-30 00:00:00+09:00,474.1887512207031,474.1887512207031,474.1887512207031,474.1887512207031,7000,0.0,0.0
2001-08-31 00:00:00+09:00,474.1887512207031,474.1887512207031,474.1887512207031,474.1887512207031,0,0.0,0.0
2001-09-03 00:00:00+09:00,474.1887512207031,474.1887512207031,474.1887512207031,474.1887512207031,0,0.0,0.0
2001-09-04 00:00:00+09:00,474.1887512207031,474.1887512207031,474.1887512207031,474.1887512207031,0,0.0,0.0
2001-09-05 00:00:00+09:00,474.1887512207031,474.1887512207031,474.1887512207031,474.1887512207031,11000,0.0,0.0
2001-09-06 00:00:00+09:00,474.1887512207031,474.1887512207031,474.1887512207031,474.1887512207031,0,0.0,0.0
2001-09-07 00:00:00+09:00,474.1887512207031,474.1887512207031,474.1887512207031,474.1887512207031,0,0.0,0.0
2001-09-10 00:00:00+09:00,474.1887512207031,474.1887512207031,474.1887512207031,474.1887512207031,0,0.0,0.0
2001-09-11 00:00:00+09:00,474.1887512207031,474.1887512207031,474.1887512207031,474.1887512207031,0,0.0,0.0
2001-09-12 00:00:00+09:00,474.1887512207031,474.1887512207031,474.1887512207031,474.1887512207031,0,0.0,0.0
2001-09-13 00:00:00+09:00,474.1887512207031,474.1887512207031,474.1887512207031,474.1887512207031,0,0.0,0.0
2001-09-14 00:00:00+09:00,474.1887512207031,474.1887512207031,474.1887512207031,474.1887512207031,0,0.0,0.0
2001-09-17 00:00:00+09:00,474.1887512207031,474.1887512207031,474.1887512207031,474.1887512207031,0,0.0,0.0
2001-09-18 00:00:00+09:00,474.1887512207031,474.1887512207031,474.1887512207031,474.1887512207031,0,0.0,0.0
2001-09-19 00:00:00+09:00,474.1887512207031,474.1887512207031,474.1887512207031,474.1887512207031,0,0.0,0.0
2001-09-20 00:00:00+09:00,474.1887512207031,474.1887512207031,474.1887512207031,474.1887512207031,0,0.0,0.0
2001-09-21 00:00:00+09:00,463.6512234157986,474.1887512207031,463.6512234157986,474.1887512207031,5000,0.0,0.0
2001-09-24 00:00:00+09:00,474.1887512207031,474.1887512207031,474.1887512207031,474.1887512207031,0,0.0,0.0
2001-09-25 00:00:00+09:00,474.1887512207031,474.1887512207031,474.1887512207031,474.1887512207031,7000,0.0,0.0
2001-09-26 00:00:00+09:00,474.1887512207031,474.1887512207031,474.1887512207031,474.1887512207031,5000,0.0,0.0
2001-09-27 00:00:00+09:00,474.1887512207031,474.1887512207031,474.1887512207031,474.1887512207031,0,0.0,0.0
2001-09-28 00:00:00+09:00,474.1887512207031,474.1887512207031,474.1887512207031,474.1887512207031,0,0.0,0.0
2001-10-01 00:00:00+09:00,474.1887512207031,474.1887512207031,474.1887512207031,474.1887512207031,0,0.0,0.0
2001-10-02 00:00:00+09:00,474.1887512207031,474.1887512207031,474.1887512207031,474.1887512207031,0,0.0,0.0
2001-10-03 00:00:00+09:00,474.1887512207031,474.1887512207031,474.1887512207031,474.1887512207031,0,0.0,0.0
2001-10-04 00:00:00+09:00,474.1887512207031,474.1887512207031,474.1887512207031,474.1887512207031,0,0.0,0.0
2001-10-05 00:00:00+09:00,474.1887512207031,474.1887512207031,474.1887512207031,474.1887512207031,0,0.0,0.0
2001-10-08 00:00:00+09:00,474.1887512207031,474.1887512207031,474.1887512207031,474.1887512207031,0,0.0,0.0
2001-10-09 00:00:00+09:00,453.1136956108941,474.1887512207031,453.1136956108941,474.1887512207031,2000,0.0,0.0
2001-10-10 00:00:00+09:00,474.1887512207031,474.1887512207031,474.1887512207031,474.1887512207031,0,0.0,0.0
2001-10-11 00:00:00+09:00,474.1887512207031,474.1887512207031,474.1887512207031,474.1887512207031,0,0.0,0.0
2001-10-12 00:00:00+09:00,474.1887512207031,474.1887512207031,474.1887512207031,474.1887512207031,0,0.0,0.0
2001-10-15 00:00:00+09:00,474.1887512207031,474.1887512207031,474.1887512207031,474.1887512207031,0,0.0,0.0
2001-10-16 00:00:00+09:00,474.1887512207031,474.1887512207031,474.1887512207031,474.1887512207031,0,0.0,0.0
2001-10-17 00:00:00+09:00,474.1887512207031,474.1887512207031,474.1887512207031,474.1887512207031,0,0.0,0.0
2001-10-18 00:00:00+09:00,474.1887512207031,474.1887512207031,474.1887512207031,474.1887512207031,0,0.0,0.0
2001-10-19 00:00:00+09:00,474.1887512207031,474.1887512207031,474.1887512207031,474.1887512207031,0,0.0,0.0
2001-10-22 00:00:00+09:00,474.1887512207031,474.1887512207031,474.1887512207031,474.1887512207031,0,0.0,0.0
2001-10-23 00:00:00+09:00,474.1887512207031,474.1887512207031,474.1887512207031,474.1887512207031,7000,0.0,0.0
2001-10-24 00:00:00+09:00,474.1887512207031,474.1887512207031,474.1887512207031,474.1887512207031,0,0.0,0.0
2001-10-25 00:00:00+09:00,474.1887512207031,474.1887512207031,474.1887512207031,474.1887512207031,0,0.0,0.0
2001-10-26 00:00:00+09:00,474.1887512207031,474.1887512207031,474.1887512207031,474.1887512207031,3000,0.0,0.0
2001-10-29 00:00:00+09:00,474.1887512207031,474.1887512207031,474.1887512207031,474.1887512207031,0,0.0,0.0
2001-10-30 00:00:00+09:00,447.84493170844183,474.1887512207031,447.84493170844183,474.1887512207031,10000,0.0,0.0
2001-10-31 00:00:00+09:00,468.9199873182509,474.1887512207031,468.9199873182509,474.1887512207031,14000,0.0,0.0
2001-11-01 00:00:00+09:00,474.1887512207031,474.1887512207031,474.1887512207031,474.1887512207031,0,0.0,0.0
2001-11-02 00:00:00+09:00,474.1887512207031,474.1887512207031,474.1887512207031,474.1887512207031,0,0.0,0.0
2001-11-05 00:00:00+09:00,474.1887512207031,474.1887512207031,474.1887512207031,474.1887512207031,0,0.0,0.0
2001-11-06 00:00:00+09:00,468.9199873182509,474.1887512207031,468.9199873182509,474.1887512207031,12000,0.0,0.0
2001-11-07 00:00:00+09:00,474.1887512207031,474.1887512207031,474.1887512207031,474.1887512207031,0,0.0,0.0
2001-11-08 00:00:00+09:00,474.1887512207031,474.1887512207031,474.1887512207031,474.1887512207031,0,0.0,0.0
2001-11-09 00:00:00+09:00,474.1887512207031,474.1887512207031,474.1887512207031,474.1887512207031,0,0.0,0.0
2001-11-12 00:00:00+09:00,474.1887512207031,474.1887512207031,474.1887512207031,474.1887512207031,0,0.0,0.0
2001-11-13 00:00:00+09:00,474.1887512207031,474.1887512207031,474.1887512207031,474.1887512207031,0,0.0,0.0
2001-11-14 00:00:00+09:00,474.1887512207031,474.1887512207031,474.1887512207031,474.1887512207031,0,0.0,0.0
2001-11-15 00:00:00+09:00,474.1887512207031,474.1887512207031,474.1887512207031,474.1887512207031,0,0.0,0.0
2001-11-16 00:00:00+09:00,474.1887512207031,474.1887512207031,474.1887512207031,474.1887512207031,0,0.0,0.0
2001-11-19 00:00:00+09:00,474.1887512207031,474.1887512207031,474.1887512207031,474.1887512207031,0,0.0,0.0
2001-11-20 00:00:00+09:00,474.1887512207031,474.1887512207031,474.1887512207031,474.1887512207031,0,0.0,0.0
2001-11-21 00:00:00+09:00,474.1887512207031,474.1887512207031,474.1887512207031,474.1887512207031,0,0.0,0.0
2001-11-22 00:00:00+09:00,474.1887512207031,474.1887512207031,474.1887512207031,474.1887512207031,0,0.0,0.0
2001-11-23 00:00:00+09:00,474.1887512207031,474.1887512207031,474.1887512207031,474.1887512207031,0,0.0,0.0
2001-11-26 00:00:00+09:00,474.1887512207031,474.1887512207031,474.1887512207031,474.1887512207031,0,0.0,0.0
2001-11-27 00:00:00+09:00,478.9306640625,478.9306640625,478.9306640625,478.9306640625,2000,0.0,0.0
2001-11-28 00:00:00+09:00,484.19927978515625,484.19927978515625,484.19927978515625,484.19927978515625,8000,0.0,0.0
2001-11-29 00:00:00+09:00,489.4681091308593,489.4681091308593,489.4681091308593,489.4681091308594,1000,0.0,0.0
2001-11-30 00:00:00+09:00,489.4681091308593,489.4681091308593,489.4681091308593,489.4681091308594,0,0.0,0.0
2001-12-03 00:00:00+09:00,489.4681091308593,489.4681091308593,489.4681091308593,489.4681091308594,0,0.0,0.0
2001-12-04 00:00:00+09:00,489.4681091308593,489.4681091308593,489.4681091308593,489.4681091308594,0,0.0,0.0
2001-12-05 00:00:00+09:00,489.4681091308593,489.4681091308593,489.4681091308593,489.4681091308594,0,0.0,0.0
2001-12-06 00:00:00+09:00,489.4681091308593,489.4681091308593,489.4681091308593,489.4681091308594,0,0.0,0.0
2001-12-07 00:00:00+09:00,489.4681091308593,489.4681091308593,489.4681091308593,489.4681091308594,0,0.0,0.0
2001-12-10 00:00:00+09:00,489.4681091308593,489.4681091308593,489.4681091308593,489.4681091308594,0,0.0,0.0
2001-12-11 00:00:00+09:00,489.4681091308593,489.4681091308593,489.4681091308593,489.4681091308594,0,0.0,0.0
2001-12-12 00:00:00+09:00,484.72607421875,484.72607421875,484.72607421875,484.72607421875,20000,0.0,0.0
2001-12-13 00:00:00+09:00,484.72607421875,484.72607421875,484.72607421875,484.72607421875,0,0.0,0.0
2001-12-14 00:00:00+09:00,484.72607421875,484.72607421875,484.72607421875,484.72607421875,13000,0.0,0.0
2001-12-17 00:00:00+09:00,484.72607421875,484.72607421875,484.72607421875,484.72607421875,3000,0.0,0.0
2001-12-18 00:00:00+09:00,474.18855086616844,484.72607421875,474.18855086616844,484.72607421875,6000,0.0,0.0
2001-12-19 00:00:00+09:00,484.72607421875,484.72607421875,484.72607421875,484.72607421875,0,0.0,0.0
2001-12-20 00:00:00+09:00,484.72607421875,484.72607421875,484.72607421875,484.72607421875,0,0.0,0.0
2001-12-21 00:00:00+09:00,484.72607421875,484.72607421875,484.72607421875,484.72607421875,0,0.0,0.0
2001-12-24 00:00:00+09:00,484.72607421875,484.72607421875,484.72607421875,484.72607421875,0,0.0,0.0
2001-12-25 00:00:00+09:00,484.72607421875,484.72607421875,484.72607421875,484.72607421875,6000,0.0,0.0
2001-12-26 00:00:00+09:00,474.18855086616844,484.72607421875,474.18855086616844,484.72607421875,11000,0.0,0.0
2001-12-27 00:00:00+09:00,484.72607421875,484.72607421875,484.72607421875,484.72607421875,0,0.0,0.0
2001-12-28 00:00:00+09:00,484.72607421875,484.72607421875,484.72607421875,484.72607421875,0,0.0,0.0
2001-12-31 00:00:00+09:00,484.72607421875,484.72607421875,484.72607421875,484.72607421875,0,0.0,0.0
2002-01-01 00:00:00+09:00,484.72607421875,484.72607421875,484.72607421875,484.72607421875,0,0.0,0.0
2002-01-02 00:00:00+09:00,484.72607421875,484.72607421875,484.72607421875,484.72607421875,0,0.0,0.0
2002-01-03 00:00:00+09:00,484.72607421875,484.72607421875,484.72607421875,484.72607421875,0,0.0,0.0
2002-01-04 00:00:00+09:00,484.72607421875,484.72607421875,484.72607421875,484.72607421875,0,0.0,0.0
2002-01-07 00:00:00+09:00,484.72607421875,484.72607421875,484.72607421875,484.72607421875,0,0.0,0.0
2002-01-08 00:00:00+09:00,484.72607421875,484.72607421875,484.72607421875,484.72607421875,0,0.0,0.0
2002-01-09 00:00:00+09:00,474.1887512207031,474.1887512207031,474.1887512207031,474.1887512207031,10000,0.0,0.0
2002-01-10 00:00:00+09:00,468.9199144563622,476.82305908203125,468.9199144563622,476.82305908203125,21000,0.0,0.0
2002-01-11 00:00:00+09:00,476.82305908203125,476.82305908203125,476.82305908203125,476.82305908203125,0,0.0,0.0
2002-01-14 00:00:00+09:00,476.82305908203125,476.82305908203125,476.82305908203125,476.82305908203125,0,0.0,0.0
2002-01-15 00:00:00+09:00,476.82305908203125,476.82305908203125,476.82305908203125,476.82305908203125,0,0.0,0.0
2002-01-16 00:00:00+09:00,476.82305908203125,476.82305908203125,476.82305908203125,476.82305908203125,0,0.0,0.0
2002-01-17 00:00:00+09:00,476.82305908203125,476.82305908203125,476.82305908203125,476.82305908203125,0,0.0,0.0
2002-01-18 00:00:00+09:00,476.82305908203125,476.82305908203125,476.82305908203125,476.82305908203125,0,0.0,0.0
2002-01-21 00:00:00+09:00,476.82305908203125,476.82305908203125,476.82305908203125,476.82305908203125,0,0.0,0.0
2002-01-22 00:00:00+09:00,476.82305908203125,476.82305908203125,476.82305908203125,476.82305908203125,0,0.0,0.0
2002-01-23 00:00:00+09:00,476.82305908203125,476.82305908203125,476.82305908203125,476.82305908203125,0,0.0,0.0
2002-01-24 00:00:00+09:00,476.82305908203125,476.82305908203125,476.82305908203125,476.82305908203125,0,0.0,0.0
2002-01-25 00:00:00+09:00,476.82305908203125,476.82305908203125,476.82305908203125,476.82305908203125,0,0.0,0.0
2002-01-28 00:00:00+09:00,492.62954711914057,492.62954711914057,492.62954711914057,492.6295471191406,6000,0.0,0.0
2002-01-29 00:00:00+09:00,545.31689453125,545.31689453125,545.31689453125,545.31689453125,3000,0.0,0.0
2002-01-30 00:00:00+09:00,545.31689453125,545.31689453125,545.31689453125,545.31689453125,0,0.0,0.0
2002-01-31 00:00:00+09:00,545.31689453125,545.31689453125,545.31689453125,545.31689453125,0,0.0,0.0
2002-02-01 00:00:00+09:00,595.3701635943958,637.520263671875,595.3701635943958,637.520263671875,2000,0.0,0.0
2002-02-04 00:00:00+09:00,637.520263671875,637.520263671875,637.520263671875,637.520263671875,1000,0.0,0.0
2002-02-05 00:00:00+09:00,637.520263671875,637.520263671875,637.520263671875,637.520263671875,0,0.0,0.0
2002-02-06 00:00:00+09:00,637.520263671875,637.520263671875,637.520263671875,637.520263671875,0,0.0,0.0
2002-02-07 00:00:00+09:00,637.520263671875,637.520263671875,637.520263671875,637.520263671875,0,0.0,0.0
2002-02-08 00:00:00+09:00,637.520263671875,637.520263671875,637.520263671875,637.520263671875,0,0.0,0.0
2002-02-11 00:00:00+09:00,637.520263671875,637.520263671875,637.520263671875,637.520263671875,0,0.0,0.0
2002-02-12 00:00:00+09:00,637.520263671875,637.520263671875,637.520263671875,637.520263671875,0,0.0,0.0
2002-02-13 00:00:00+09:00,637.520263671875,637.520263671875,637.520263671875,637.520263671875,0,0.0,0.0
2002-02-14 00:00:00+09:00,637.520263671875,637.520263671875,637.520263671875,637.520263671875,0,0.0,0.0
2002-02-15 00:00:00+09:00,553.22021484375,553.22021484375,553.22021484375,553.22021484375,1000,0.0,0.0
2002-02-18 00:00:00+09:00,553.22021484375,553.22021484375,553.22021484375,553.22021484375,0,0.0,0.0
2002-02-19 00:00:00+09:00,553.22021484375,553.22021484375,553.22021484375,553.22021484375,0,0.0,0.0
2002-02-20 00:00:00+09:00,553.22021484375,553.22021484375,553.22021484375,553.22021484375,0,0.0,0.0
2002-02-21 00:00:00+09:00,553.22021484375,553.22021484375,553.22021484375,553.22021484375,0,0.0,0.0
2002-02-22 00:00:00+09:00,553.22021484375,553.22021484375,553.22021484375,553.22021484375,0,0.0,0.0
2002-02-25 00:00:00+09:00,553.2201538085938,553.2201538085938,553.2201538085938,553.2201538085938,6000,10.0,0.0
2002-02-26 00:00:00+09:00,553.219951171875,553.219951171875,531.9422607421875,531.9422607421875,4000,0.0,0.0
2002-02-27 00:00:00+09:00,531.9422607421875,531.9422607421875,531.9422607421875,531.9422607421875,0,0.0,0.0
2002-02-28 00:00:00+09:00,531.9422607421875,531.9422607421875,531.9422607421875,531.9422607421875,0,0.0,0.0
2002-03-01 00:00:00+09:00,531.9422607421875,531.9422607421875,531.9422607421875,531.9422607421875,0,0.0,0.0
2002-03-04 00:00:00+09:00,531.9422607421875,531.9422607421875,531.9422607421875,531.9422607421875,0,0.0,0.0
2002-03-05 00:00:00+09:00,531.9422607421875,531.9422607421875,531.9422607421875,531.9422607421875,0,0.0,0.0
2002-03-06 00:00:00+09:00,531.9422607421875,531.9422607421875,531.9422607421875,531.9422607421875,0,0.0,0.0
2002-03-07 00:00:00+09:00,531.9422607421875,531.9422607421875,531.9422607421875,531.9422607421875,0,0.0,0.0
2002-03-08 00:00:00+09:00,531.9422607421875,531.9422607421875,531.9422607421875,531.9422607421875,0,0.0,0.0
2002-03-11 00:00:00+09:00,531.9422607421875,531.9422607421875,531.9422607421875,531.9422607421875,0,0.0,0.0
2002-03-12 00:00:00+09:00,531.9422607421875,531.9422607421875,531.9422607421875,531.9422607421875,0,0.0,0.0
2002-03-13 00:00:00+09:00,531.9422607421875,531.9422607421875,531.9422607421875,531.9422607421875,0,0.0,0.0
2002-03-14 00:00:00+09:00,531.9422607421875,531.9422607421875,531.9422607421875,531.9422607421875,0,0.0,0.0
2002-03-15 00:00:00+09:00,531.9422607421875,531.9422607421875,531.9422607421875,531.9422607421875,0,0.0,0.0
2002-03-18 00:00:00+09:00,531.9422607421875,531.9422607421875,531.9422607421875,531.9422607421875,0,0.0,0.0
2002-03-19 00:00:00+09:00,531.9422607421875,531.9422607421875,531.9422607421875,531.9422607421875,0,0.0,0.0
2002-03-20 00:00:00+09:00,458.5343322753906,458.5343322753906,458.5343322753906,458.5343322753906,2000,0.0,0.0
2002-03-21 00:00:00+09:00,458.5343322753906,458.5343322753906,458.5343322753906,458.5343322753906,0,0.0,0.0
2002-03-22 00:00:00+09:00,458.5343322753906,458.5343322753906,458.5343322753906,458.5343322753906,0,0.0,0.0
2002-03-25 00:00:00+09:00,460.66214197894783,460.66214197894783,459.06631469726557,459.0663146972656,8000,0.0,0.0
2002-03-26 00:00:00+09:00,501.62155151367193,501.62155151367193,501.62155151367193,501.6215515136719,2000,0.0,0.0
2002-03-27 00:00:00+09:00,501.62155151367193,501.62155151367193,501.62155151367193,501.6215515136719,0,0.0,0.0
2002-03-28 00:00:00+09:00,475.02453613281244,475.02453613281244,475.02453613281244,475.0245361328125,1000,0.0,0.0
2002-03-29 00:00:00+09:00,475.02453613281244,475.02453613281244,475.02453613281244,475.0245361328125,0,0.0,0.0
2002-04-01 00:00:00+09:00,475.02453613281244,475.02453613281244,475.02453613281244,475.0245361328125,0,0.0,0.0
2002-04-02 00:00:00+09:00,475.02453613281244,475.02453613281244,475.02453613281244,475.0245361328125,0,0.0,0.0
2002-04-03 00:00:00+09:00,475.02453613281244,475.02453613281244,475.02453613281244,475.0245361328125,0,0.0,0.0
2002-04-04 00:00:00+09:00,475.02453613281244,475.02453613281244,475.02453613281244,475.0245361328125,0,0.0,0.0
2002-04-05 00:00:00+09:00,475.02453613281244,475.02453613281244,475.02453613281244,475.0245361328125,0,0.0,0.0
2002-04-08 00:00:00+09:00,475.02453613281244,475.02453613281244,475.02453613281244,475.0245361328125,0,0.0,0.0
2002-04-09 00:00:00+09:00,475.02453613281244,475.02453613281244,475.02453613281244,475.0245361328125,0,0.0,0.0
2002-04-10 00:00:00+09:00,475.02453613281244,475.02453613281244,475.02453613281244,475.0245361328125,0,0.0,0.0
2002-04-11 00:00:00+09:00,475.02453613281244,475.02453613281244,475.02453613281244,475.0245361328125,0,0.0,0.0
2002-04-12 00:00:00+09:00,475.02453613281244,475.02453613281244,475.02453613281244,475.0245361328125,0,0.0,0.0
2002-04-15 00:00:00+09:00,475.02453613281244,475.02453613281244,475.02453613281244,475.0245361328125,0,0.0,0.0
2002-04-16 00:00:00+09:00,475.02453613281244,475.02453613281244,475.02453613281244,475.0245361328125,0,0.0,0.0
2002-04-17 00:00:00+09:00,475.02453613281244,475.02453613281244,475.02453613281244,475.0245361328125,0,0.0,0.0
2002-04-18 00:00:00+09:00,475.02453613281244,475.02453613281244,475.02453613281244,475.0245361328125,1000,0.0,0.0
2002-04-19 00:00:00+09:00,475.02453613281244,475.02453613281244,475.02453613281244,475.0245361328125,0,0.0,0.0
2002-04-22 00:00:00+09:00,475.02453613281244,475.02453613281244,475.02453613281244,475.0245361328125,0,0.0,0.0
2002-04-23 00:00:00+09:00,475.02453613281244,475.02453613281244,475.02453613281244,475.0245361328125,13000,0.0,0.0
2002-04-24 00:00:00+09:00,475.02453613281244,475.02453613281244,475.02453613281244,475.0245361328125,0,0.0,0.0
2002-04-25 00:00:00+09:00,475.02453613281244,475.02453613281244,475.02453613281244,475.0245361328125,0,0.0,0.0
2002-04-26 00:00:00+09:00,473.42877197265625,473.42877197265625,473.42877197265625,473.42877197265625,5000,0.0,0.0
2002-04-29 00:00:00+09:00,473.42877197265625,473.42877197265625,473.42877197265625,473.42877197265625,0,0.0,0.0
2002-04-30 00:00:00+09:00,473.42877197265625,473.42877197265625,473.42877197265625,473.42877197265625,0,0.0,0.0
2002-05-01 00:00:00+09:00,472.8968295322375,473.42877197265625,472.8968295322375,473.42877197265625,10000,0.0,0.0
2002-05-02 00:00:00+09:00,473.42877197265625,473.42877197265625,473.42877197265625,473.42877197265625,0,0.0,0.0
2002-05-03 00:00:00+09:00,473.42877197265625,473.42877197265625,473.42877197265625,473.42877197265625,0,0.0,0.0
2002-05-06 00:00:00+09:00,473.42877197265625,473.42877197265625,473.42877197265625,473.42877197265625,0,0.0,0.0
2002-05-07 00:00:00+09:00,473.42877197265625,473.42877197265625,473.42877197265625,473.42877197265625,0,0.0,0.0
2002-05-08 00:00:00+09:00,473.42877197265625,473.42877197265625,473.42877197265625,473.42877197265625,0,0.0,0.0
2002-05-09 00:00:00+09:00,473.42877197265625,473.42877197265625,473.42877197265625,473.42877197265625,0,0.0,0.0
2002-05-10 00:00:00+09:00,473.42877197265625,473.42877197265625,473.42877197265625,473.42877197265625,0,0.0,0.0
2002-05-13 00:00:00+09:00,473.42877197265625,473.42877197265625,473.42877197265625,473.42877197265625,0,0.0,0.0
2002-05-14 00:00:00+09:00,467.5774051280504,473.42877197265625,467.5774051280504,473.42877197265625,11000,0.0,0.0
2002-05-15 00:00:00+09:00,473.42877197265625,473.42877197265625,473.42877197265625,473.42877197265625,0,0.0,0.0
2002-05-16 00:00:00+09:00,473.42877197265625,473.42877197265625,473.42877197265625,473.42877197265625,0,0.0,0.0
2002-05-17 00:00:00+09:00,473.42877197265625,473.42877197265625,473.42877197265625,473.42877197265625,0,0.0,0.0
2002-05-20 00:00:00+09:00,473.42877197265625,473.42877197265625,473.42877197265625,473.42877197265625,0,0.0,0.0
2002-05-21 00:00:00+09:00,462.7900013581884,467.5774841308593,462.7900013581884,467.5774841308594,10000,0.0,0.0
2002-05-22 00:00:00+09:00,467.5774841308593,467.5774841308593,467.5774841308593,467.5774841308594,1000,0.0,0.0
2002-05-23 00:00:00+09:00,467.5774841308593,467.5774841308593,467.5774841308593,467.5774841308594,8000,0.0,0.0
2002-05-24 00:00:00+09:00,467.5774841308593,467.5774841308593,467.5774841308593,467.5774841308594,0,0.0,0.0
2002-05-27 00:00:00+09:00,467.5774841308593,467.5774841308593,467.5774841308593,467.5774841308594,4000,0.0,0.0
2002-05-28 00:00:00+09:00,467.5774841308593,467.5774841308593,467.5774841308593,467.5774841308594,0,0.0,0.0
2002-05-29 00:00:00+09:00,430.34143146168105,468.1093444824219,430.34143146168105,468.1093444824219,11000,0.0,0.0
2002-05-30 00:00:00+09:00,468.1093444824219,468.1093444824219,468.1093444824219,468.1093444824219,0,0.0,0.0
2002-05-31 00:00:00+09:00,468.1093444824219,468.1093444824219,468.1093444824219,468.1093444824219,0,0.0,0.0
2002-06-03 00:00:00+09:00,468.1093444824219,468.1093444824219,468.1093444824219,468.1093444824219,0,0.0,0.0
2002-06-04 00:00:00+09:00,468.1093444824219,468.1093444824219,468.1093444824219,468.1093444824219,0,0.0,0.0
2002-06-05 00:00:00+09:00,468.1093444824219,468.1093444824219,468.1093444824219,468.1093444824219,0,0.0,0.0
2002-06-06 00:00:00+09:00,468.1093444824219,468.1093444824219,468.1093444824219,468.1093444824219,0,0.0,0.0
2002-06-07 00:00:00+09:00,468.1093444824219,468.1093444824219,468.1093444824219,468.1093444824219,0,0.0,0.0
2002-06-10 00:00:00+09:00,468.1093444824219,468.1093444824219,468.1093444824219,468.1093444824219,0,0.0,0.0
2002-06-11 00:00:00+09:00,468.1093444824219,468.1093444824219,468.1093444824219,468.1093444824219,0,0.0,0.0
2002-06-12 00:00:00+09:00,468.1093444824219,468.1093444824219,468.1093444824219,468.1093444824219,0,0.0,0.0
2002-06-13 00:00:00+09:00,468.1093444824219,468.1093444824219,468.1093444824219,468.1093444824219,0,0.0,0.0
2002-06-14 00:00:00+09:00,468.1093444824219,468.1093444824219,468.1093444824219,468.1093444824219,0,0.0,0.0
2002-06-17 00:00:00+09:00,468.1093444824219,468.1093444824219,468.1093444824219,468.1093444824219,0,0.0,0.0
2002-06-18 00:00:00+09:00,468.1093444824219,468.1093444824219,468.1093444824219,468.1093444824219,0,0.0,0.0
2002-06-19 00:00:00+09:00,452.1510713750666,468.1093444824219,452.1510713750666,468.1093444824219,6000,0.0,0.0
2002-06-20 00:00:00+09:00,452.1510713750666,468.1093444824219,452.1510713750666,468.1093444824219,3000,0.0,0.0
2002-06-21 00:00:00+09:00,468.1093444824219,468.1093444824219,468.1093444824219,468.1093444824219,0,0.0,0.0
2002-06-24 00:00:00+09:00,468.1093444824219,468.1093444824219,468.1093444824219,468.1093444824219,13000,0.0,0.0
2002-06-25 00:00:00+09:00,468.1093444824219,468.1093444824219,468.1093444824219,468.1093444824219,0,0.0,0.0
2002-06-26 00:00:00+09:00,468.1093444824219,468.1093444824219,468.1093444824219,468.1093444824219,16000,0.0,0.0
2002-06-27 00:00:00+09:00,468.1093444824219,468.1093444824219,468.1093444824219,468.1093444824219,0,0.0,0.0
2002-06-28 00:00:00+09:00,468.1093444824219,468.1093444824219,468.1093444824219,468.1093444824219,0,0.0,0.0
2002-07-01 00:00:00+09:00,468.1093444824219,468.1093444824219,468.1093444824219,468.1093444824219,0,0.0,0.0
2002-07-02 00:00:00+09:00,468.1093444824219,468.1093444824219,468.1093444824219,468.1093444824219,0,0.0,0.0
2002-07-03 00:00:00+09:00,468.1093444824219,468.1093444824219,468.1093444824219,468.1093444824219,0,0.0,0.0
2002-07-04 00:00:00+09:00,468.1093444824219,468.1093444824219,468.1093444824219,468.1093444824219,0,0.0,0.0
2002-07-05 00:00:00+09:00,468.1093444824219,468.1093444824219,468.1093444824219,468.1093444824219,0,0.0,0.0
2002-07-08 00:00:00+09:00,468.1093444824219,468.1093444824219,468.1093444824219,468.1093444824219,0,0.0,0.0
2002-07-09 00:00:00+09:00,468.1093444824219,468.1093444824219,468.1093444824219,468.1093444824219,0,0.0,0.0
2002-07-10 00:00:00+09:00,468.1093444824219,468.1093444824219,468.1093444824219,468.1093444824219,0,0.0,0.0
2002-07-11 00:00:00+09:00,468.1093444824219,468.1093444824219,468.1093444824219,468.1093444824219,0,0.0,0.0
2002-07-12 00:00:00+09:00,468.1093444824219,468.1093444824219,468.1093444824219,468.1093444824219,0,0.0,0.0
2002-07-15 00:00:00+09:00,468.1093444824219,468.1093444824219,468.1093444824219,468.1093444824219,3000,0.0,0.0
2002-07-16 00:00:00+09:00,468.1093444824219,468.1093444824219,468.1093444824219,468.1093444824219,0,0.0,0.0
2002-07-17 00:00:00+09:00,468.1093444824219,468.1093444824219,468.1093444824219,468.1093444824219,0,0.0,0.0
2002-07-18 00:00:00+09:00,468.1093444824219,468.1093444824219,468.1093444824219,468.1093444824219,0,0.0,0.0
2002-07-19 00:00:00+09:00,468.1093444824219,468.1093444824219,468.1093444824219,468.1093444824219,0,0.0,0.0
2002-07-22 00:00:00+09:00,468.1093444824219,468.1093444824219,468.1093444824219,468.1093444824219,0,0.0,0.0
2002-07-23 00:00:00+09:00,468.1093444824219,468.1093444824219,468.1093444824219,468.1093444824219,6000,0.0,0.0
2002-07-24 00:00:00+09:00,468.1093444824219,468.1093444824219,468.1093444824219,468.1093444824219,0,0.0,0.0
2002-07-25 00:00:00+09:00,468.1093444824219,468.1093444824219,468.1093444824219,468.1093444824219,0,0.0,0.0
2002-07-26 00:00:00+09:00,468.1093444824219,468.1093444824219,468.1093444824219,468.1093444824219,3000,0.0,0.0
2002-07-29 00:00:00+09:00,468.1093444824219,468.1093444824219,468.1093444824219,468.1093444824219,0,0.0,0.0
2002-07-30 00:00:00+09:00,468.1093444824219,468.1093444824219,468.1093444824219,468.1093444824219,0,0.0,0.0
2002-07-31 00:00:00+09:00,468.1093444824219,468.1093444824219,468.1093444824219,468.1093444824219,0,0.0,0.0
2002-08-01 00:00:00+09:00,468.1093444824219,468.1093444824219,468.1093444824219,468.1093444824219,15000,0.0,0.0
2002-08-02 00:00:00+09:00,468.1093444824219,468.1093444824219,468.1093444824219,468.1093444824219,0,0.0,0.0
2002-08-05 00:00:00+09:00,468.1093444824219,468.1093444824219,468.1093444824219,468.1093444824219,0,0.0,0.0
2002-08-06 00:00:00+09:00,468.1093444824219,468.1093444824219,468.1093444824219,468.1093444824219,0,0.0,0.0
2002-08-07 00:00:00+09:00,468.1093444824219,468.1093444824219,468.1093444824219,468.1093444824219,0,0.0,0.0
2002-08-08 00:00:00+09:00,468.1093444824219,468.1093444824219,468.1093444824219,468.1093444824219,0,0.0,0.0
2002-08-09 00:00:00+09:00,468.1093444824219,468.1093444824219,468.1093444824219,468.1093444824219,0,0.0,0.0
2002-08-12 00:00:00+09:00,468.1093444824219,468.1093444824219,468.1093444824219,468.1093444824219,15000,0.0,0.0
2002-08-13 00:00:00+09:00,468.1093444824219,468.1093444824219,468.1093444824219,468.1093444824219,0,0.0,0.0
2002-08-14 00:00:00+09:00,468.1093444824219,468.1093444824219,468.1093444824219,468.1093444824219,0,0.0,0.0
2002-08-15 00:00:00+09:00,468.1093444824219,468.1093444824219,468.1093444824219,468.1093444824219,0,0.0,0.0
2002-08-16 00:00:00+09:00,468.1093444824219,468.1093444824219,468.1093444824219,468.1093444824219,0,0.0,0.0
2002-08-19 00:00:00+09:00,468.1093444824219,468.1093444824219,468.1093444824219,468.1093444824219,0,0.0,0.0
2002-08-20 00:00:00+09:00,468.1093444824219,468.1093444824219,468.1093444824219,468.1093444824219,0,0.0,0.0
2002-08-21 00:00:00+09:00,468.1093444824219,468.1093444824219,468.1093444824219,468.1093444824219,0,0.0,0.0
2002-08-22 00:00:00+09:00,468.1093444824219,468.1093444824219,468.1093444824219,468.1093444824219,0,0.0,0.0
2002-08-23 00:00:00+09:00,468.1093444824219,468.1093444824219,468.1093444824219,468.1093444824219,0,0.0,0.0
2002-08-26 00:00:00+09:00,468.1093444824219,468.1093444824219,468.1093444824219,468.1093444824219,3000,0.0,0.0
2002-08-27 00:00:00+09:00,468.1093444824219,468.1093444824219,468.1093444824219,468.1093444824219,2000,0.0,0.0
2002-08-28 00:00:00+09:00,468.1093444824219,468.1093444824219,468.1093444824219,468.1093444824219,10000,0.0,0.0
2002-08-29 00:00:00+09:00,468.1093444824219,468.1093444824219,468.1093444824219,468.1093444824219,0,0.0,0.0
2002-08-30 00:00:00+09:00,462.7899169921875,462.7899169921875,462.7899169921875,462.7899169921875,0,0.0,0.0
2002-09-02 00:00:00+09:00,462.7899169921875,462.7899169921875,462.7899169921875,462.7899169921875,0,0.0,0.0
2002-09-03 00:00:00+09:00,462.7899169921875,462.7899169921875,462.7899169921875,462.7899169921875,0,0.0,0.0
2002-09-04 00:00:00+09:00,462.7899169921875,462.7899169921875,462.7899169921875,462.7899169921875,1000,0.0,0.0
2002-09-05 00:00:00+09:00,462.7899169921875,462.7899169921875,462.7899169921875,462.7899169921875,0,0.0,0.0
2002-09-06 00:00:00+09:00,462.7899169921875,462.7899169921875,462.7899169921875,462.7899169921875,0,0.0,0.0
2002-09-09 00:00:00+09:00,462.7899169921875,462.7899169921875,462.7899169921875,462.7899169921875,0,0.0,0.0
2002-09-10 00:00:00+09:00,462.7899169921875,462.7899169921875,462.7899169921875,462.7899169921875,0,0.0,0.0
2002-09-11 00:00:00+09:00,462.7899169921875,462.7899169921875,462.7899169921875,462.7899169921875,0,0.0,0.0
2002-09-12 00:00:00+09:00,457.4704284667969,457.4704284667969,457.4704284667969,457.4704284667969,0,0.0,0.0
2002-09-13 00:00:00+09:00,457.47049265894395,462.7899169921875,457.47049265894395,462.7899169921875,10000,0.0,0.0
2002-09-16 00:00:00+09:00,462.7899169921875,462.7899169921875,462.7899169921875,462.7899169921875,0,0.0,0.0
2002-09-17 00:00:00+09:00,462.7899169921875,462.7899169921875,462.7899169921875,462.7899169921875,0,0.0,0.0
2002-09-18 00:00:00+09:00,462.7899169921875,462.7899169921875,462.7899169921875,462.7899169921875,0,0.0,0.0
2002-09-19 00:00:00+09:00,462.7899169921875,462.7899169921875,462.7899169921875,462.7899169921875,0,0.0,0.0
2002-09-20 00:00:00+09:00,462.7899169921875,462.7899169921875,462.7899169921875,462.7899169921875,0,0.0,0.0
2002-09-23 00:00:00+09:00,462.7899169921875,462.7899169921875,462.7899169921875,462.7899169921875,0,0.0,0.0
2002-09-24 00:00:00+09:00,462.7899169921875,462.7899169921875,462.7899169921875,462.7899169921875,7000,0.0,0.0
2002-09-25 00:00:00+09:00,462.7899169921875,462.7899169921875,462.7899169921875,462.7899169921875,1000,0.0,0.0
2002-09-26 00:00:00+09:00,462.2579650878907,462.2579650878907,462.2579650878907,462.2579650878906,4000,0.0,0.0
2002-09-27 00:00:00+09:00,462.2579650878907,462.2579650878907,462.2579650878907,462.2579650878906,0,0.0,0.0
2002-09-30 00:00:00+09:00,462.2579650878907,462.2579650878907,462.2579650878907,462.2579650878906,0,0.0,0.0
2002-10-01 00:00:00+09:00,462.2579650878907,462.2579650878907,462.2579650878907,462.2579650878906,0,0.0,0.0
2002-10-02 00:00:00+09:00,460.1301574707031,460.1301574707031,460.1301574707031,460.1301574707031,0,0.0,0.0
2002-10-03 00:00:00+09:00,459.59841918945307,459.59841918945307,459.59841918945307,459.5984191894531,0,0.0,0.0
2002-10-04 00:00:00+09:00,459.59841918945307,459.59841918945307,459.59841918945307,459.5984191894531,0,0.0,0.0
2002-10-07 00:00:00+09:00,459.59841918945307,459.59841918945307,459.59841918945307,459.5984191894531,0,0.0,0.0
2002-10-08 00:00:00+09:00,456.4065856933594,456.4065856933594,456.4065856933594,456.4065856933594,0,0.0,0.0
2002-10-09 00:00:00+09:00,462.2579650878907,462.2579650878907,462.2579650878907,462.2579650878906,0,0.0,0.0
2002-10-10 00:00:00+09:00,452.1510925292969,452.1510925292969,452.1510925292969,452.1510925292969,0,0.0,0.0
2002-10-11 00:00:00+09:00,462.2579650878907,462.2579650878907,462.2579650878907,462.2579650878906,0,0.0,0.0
2002-10-14 00:00:00+09:00,462.2579650878907,462.2579650878907,462.2579650878907,462.2579650878906,0,0.0,0.0
2002-10-15 00:00:00+09:00,452.1510925292969,452.1510925292969,452.1510925292969,452.1510925292969,0,0.0,0.0
2002-10-16 00:00:00+09:00,451.61914062500006,451.61914062500006,451.61914062500006,451.619140625,0,0.0,0.0
2002-10-17 00:00:00+09:00,462.2579650878907,462.2579650878907,462.2579650878907,462.2579650878906,0,0.0,0.0
2002-10-18 00:00:00+09:00,462.2579650878907,462.2579650878907,462.2579650878907,462.2579650878906,0,0.0,0.0
2002-10-21 00:00:00+09:00,451.61914062500006,451.61914062500006,451.61914062500006,451.619140625,0,0.0,0.0
2002-10-22 00:00:00+09:00,446.83172607421875,446.83172607421875,446.83172607421875,446.83172607421875,0,0.0,0.0
2002-10-23 00:00:00+09:00,447.36366860525953,447.36366860525953,446.83172607421875,446.83172607421875,3000,0.0,0.0
2002-10-24 00:00:00+09:00,446.29971313476557,446.29971313476557,446.29971313476557,446.2997131347656,5000,0.0,0.0
2002-10-25 00:00:00+09:00,441.5121765136718,441.5121765136718,441.5121765136718,441.5121765136719,0,0.0,0.0
2002-10-28 00:00:00+09:00,414.91500667954426,435.1288146972657,414.91500667954426,435.1288146972656,12000,0.0,0.0
2002-10-29 00:00:00+09:00,435.1288146972657,435.1288146972657,435.1288146972657,435.1288146972656,0,0.0,0.0
2002-10-30 00:00:00+09:00,435.1288146972657,435.1288146972657,435.1288146972657,435.1288146972656,1000,0.0,0.0
2002-10-31 00:00:00+09:00,436.1927795410157,436.1927795410157,436.1927795410157,436.1927795410156,1000,0.0,0.0
2002-11-01 00:00:00+09:00,436.1927795410157,436.1927795410157,436.1927795410157,436.1927795410156,1000,0.0,0.0
2002-11-04 00:00:00+09:00,436.1927795410157,436.1927795410157,436.1927795410157,436.1927795410156,0,0.0,0.0
2002-11-05 00:00:00+09:00,435.6607360839844,435.6607360839844,435.6607360839844,435.6607360839844,0,0.0,0.0
2002-11-06 00:00:00+09:00,435.6607360839844,435.6607360839844,435.6607360839844,435.6607360839844,0,0.0,0.0
2002-11-07 00:00:00+09:00,435.6607360839844,435.6607360839844,435.6607360839844,435.6607360839844,0,0.0,0.0
2002-11-08 00:00:00+09:00,435.1288146972657,435.1288146972657,435.1288146972657,435.1288146972656,0,0.0,0.0
2002-11-11 00:00:00+09:00,425.5539245605469,425.5539245605469,425.5539245605469,425.5539245605469,1000,0.0,0.0
2002-11-12 00:00:00+09:00,425.5539245605469,425.5539245605469,425.5539245605469,425.5539245605469,0,0.0,0.0
2002-11-13 00:00:00+09:00,425.5539245605469,425.5539245605469,425.5539245605469,425.5539245605469,0,0.0,0.0
2002-11-14 00:00:00+09:00,425.5539245605469,425.5539245605469,425.5539245605469,425.5539245605469,0,0.0,0.0
2002-11-15 00:00:00+09:00,425.5539245605469,425.5539245605469,425.5539245605469,425.5539245605469,0,0.0,0.0
2002-11-18 00:00:00+09:00,425.5539312595275,436.1927795410157,425.5539312595275,436.1927795410156,5000,0.0,0.0
2002-11-19 00:00:00+09:00,436.1927795410157,436.1927795410157,436.1927795410157,436.1927795410156,0,0.0,0.0
2002-11-20 00:00:00+09:00,436.1927795410157,436.1927795410157,436.1927795410157,436.1927795410156,0,0.0,0.0
2002-11-21 00:00:00+09:00,436.1927795410157,436.1927795410157,436.1927795410157,436.1927795410156,0,0.0,0.0
2002-11-22 00:00:00+09:00,436.1927795410157,436.1927795410157,436.1927795410157,436.1927795410156,0,0.0,0.0
2002-11-25 00:00:00+09:00,435.6607360839844,435.6607360839844,435.6607360839844,435.6607360839844,7000,0.0,0.0
2002-11-26 00:00:00+09:00,435.6607360839844,435.6607360839844,435.6607360839844,435.6607360839844,5000,0.0,0.0
2002-11-27 00:00:00+09:00,435.1288146972657,435.1288146972657,435.1288146972657,435.1288146972656,1000,0.0,0.0
2002-11-28 00:00:00+09:00,435.1288146972657,435.1288146972657,435.1288146972657,435.1288146972656,0,0.0,0.0
2002-11-29 00:00:00+09:00,435.1288146972657,435.1288146972657,435.1288146972657,435.1288146972656,0,0.0,0.0
2002-12-02 00:00:00+09:00,435.1288146972657,435.1288146972657,435.1288146972657,435.1288146972656,0,0.0,0.0
2002-12-03 00:00:00+09:00,435.1288146972657,435.1288146972657,435.1288146972657,435.1288146972656,0,0.0,0.0
2002-12-04 00:00:00+09:00,435.1288146972657,435.1288146972657,435.1288146972657,435.1288146972656,0,0.0,0.0
2002-12-05 00:00:00+09:00,435.1288146972657,435.1288146972657,435.1288146972657,435.1288146972656,0,0.0,0.0
2002-12-06 00:00:00+09:00,435.1288146972657,435.1288146972657,435.1288146972657,435.1288146972656,0,0.0,0.0
2002-12-09 00:00:00+09:00,425.5539245605469,425.5539245605469,425.5539245605469,425.5539245605469,7000,0.0,0.0
2002-12-10 00:00:00+09:00,425.55404271834936,425.55404271834936,414.9151916503906,414.9151916503906,6000,0.0,0.0
2002-12-11 00:00:00+09:00,414.9151916503906,414.9151916503906,414.9151916503906,414.9151916503906,4000,0.0,0.0
2002-12-12 00:00:00+09:00,414.9151916503906,414.9151916503906,414.9151916503906,414.9151916503906,0,0.0,0.0
2002-12-13 00:00:00+09:00,414.9151916503906,414.9151916503906,414.9151916503906,414.9151916503906,0,0.0,0.0
2002-12-16 00:00:00+09:00,414.9151916503906,414.9151916503906,414.9151916503906,414.9151916503906,3000,0.0,0.0
2002-12-17 00:00:00+09:00,414.9151916503906,414.9151916503906,414.9151916503906,414.9151916503906,0,0.0,0.0
2002-12-18 00:00:00+09:00,404.2763405824319,414.9151916503906,404.2763405824319,414.9151916503906,34000,0.0,0.0
2002-12-19 00:00:00+09:00,414.9151916503906,414.9151916503906,414.9151916503906,414.9151916503906,0,0.0,0.0
2002-12-20 00:00:00+09:00,414.9151916503906,414.9151916503906,414.9151916503906,414.9151916503906,3000,0.0,0.0
2002-12-23 00:00:00+09:00,414.9151916503906,414.9151916503906,414.9151916503906,414.9151916503906,0,0.0,0.0
2002-12-24 00:00:00+09:00,415.4471130371093,415.4471130371093,415.4471130371093,415.4471130371094,7000,0.0,0.0
2002-12-25 00:00:00+09:00,414.9151517307345,414.9151517307345,414.3832092285156,414.3832092285156,82000,0.0,0.0
2002-12-26 00:00:00+09:00,414.3832092285156,414.3832092285156,414.3832092285156,414.3832092285156,2000,0.0,0.0
2002-12-27 00:00:00+09:00,414.3832092285156,414.3832092285156,414.3832092285156,414.3832092285156,0,0.0,0.0
2002-12-30 00:00:00+09:00,409.5955810546875,409.5955810546875,409.5955810546875,409.5955810546875,1000,0.0,0.0
2002-12-31 00:00:00+09:00,409.5955810546875,409.5955810546875,409.5955810546875,409.5955810546875,0,0.0,0.0
2003-01-01 00:00:00+09:00,409.5955810546875,409.5955810546875,409.5955810546875,409.5955810546875,0,0.0,0.0
2003-01-02 00:00:00+09:00,409.5955810546875,409.5955810546875,409.5955810546875,409.5955810546875,0,0.0,0.0
2003-01-03 00:00:00+09:00,409.5955810546875,409.5955810546875,409.5955810546875,409.5955810546875,0,0.0,0.0
2003-01-06 00:00:00+09:00,409.5955810546875,409.5955810546875,409.5955810546875,409.5955810546875,0,0.0,0.0
2003-01-07 00:00:00+09:00,409.5955810546875,409.5955810546875,409.5955810546875,409.5955810546875,0,0.0,0.0
2003-01-08 00:00:00+09:00,404.2763366699219,404.2763366699219,404.2763366699219,404.2763366699219,1000,0.0,0.0
2003-01-09 00:00:00+09:00,404.2763366699219,404.2763366699219,404.2763366699219,404.2763366699219,0,0.0,0.0
2003-01-10 00:00:00+09:00,404.2763366699219,404.2763366699219,404.2763366699219,404.2763366699219,0,0.0,0.0
2003-01-13 00:00:00+09:00,404.2763366699219,404.2763366699219,404.2763366699219,404.2763366699219,0,0.0,0.0
2003-01-14 00:00:00+09:00,404.8081665039062,404.8081665039062,404.8081665039062,404.80816650390625,0,0.0,0.0
2003-01-15 00:00:00+09:00,404.8081665039062,404.8081665039062,404.8081665039062,404.80816650390625,0,0.0,0.0
2003-01-16 00:00:00+09:00,404.2763366699219,404.2763366699219,404.2763366699219,404.2763366699219,1000,0.0,0.0
2003-01-17 00:00:00+09:00,404.2763366699219,404.2763366699219,404.2763366699219,404.2763366699219,0,0.0,0.0
2003-01-20 00:00:00+09:00,404.2763366699219,404.2763366699219,404.2763366699219,404.2763366699219,0,0.0,0.0
2003-01-21 00:00:00+09:00,393.637451171875,393.637451171875,393.637451171875,393.637451171875,1000,0.0,0.0
2003-01-22 00:00:00+09:00,393.637451171875,393.637451171875,393.637451171875,393.637451171875,0,0.0,0.0
2003-01-23 00:00:00+09:00,393.637451171875,393.637451171875,393.637451171875,393.637451171875,8000,0.0,0.0
2003-01-24 00:00:00+09:00,393.637451171875,393.637451171875,393.637451171875,393.637451171875,0,0.0,0.0
2003-01-27 00:00:00+09:00,393.637451171875,393.637451171875,393.637451171875,393.637451171875,0,0.0,0.0
2003-01-28 00:00:00+09:00,398.95681762695307,398.95681762695307,398.95681762695307,398.9568176269531,0,0.0,0.0
2003-01-29 00:00:00+09:00,404.2763366699219,404.2763366699219,404.2763366699219,404.2763366699219,1000,0.0,0.0
2003-01-30 00:00:00+09:00,420.2344665527344,420.2344665527344,420.2344665527344,420.2344665527344,1000,0.0,0.0
2003-01-31 00:00:00+09:00,473.42877197265625,473.42877197265625,473.42877197265625,473.42877197265625,0,0.0,0.0
2003-02-03 00:00:00+09:00,420.2344665527344,420.2344665527344,420.2344665527344,420.2344665527344,0,0.0,0.0
2003-02-04 00:00:00+09:00,452.1510925292969,452.1510925292969,452.1510925292969,452.1510925292969,1000,0.0,0.0
2003-02-05 00:00:00+09:00,452.1511660124126,452.1511660124126,404.2763366699219,404.2763366699219,2000,0.0,0.0
2003-02-06 00:00:00+09:00,404.2763366699219,404.2763366699219,404.2763366699219,404.2763366699219,1000,0.0,0.0
2003-02-07 00:00:00+09:00,404.2763366699219,404.2763366699219,404.2763366699219,404.2763366699219,0,0.0,0.0
2003-02-10 00:00:00+09:00,404.2763366699219,404.2763366699219,404.2763366699219,404.2763366699219,0,0.0,0.0
2003-02-11 00:00:00+09:00,404.2763366699219,404.2763366699219,404.2763366699219,404.2763366699219,0,0.0,0.0
2003-02-12 00:00:00+09:00,404.2763366699219,404.2763366699219,404.2763366699219,404.2763366699219,0,0.0,0.0
2003-02-13 00:00:00+09:00,404.2763366699219,404.2763366699219,404.2763366699219,404.2763366699219,0,0.0,0.0
2003-02-14 00:00:00+09:00,404.2763366699219,404.2763366699219,404.2763366699219,404.2763366699219,0,0.0,0.0
2003-02-17 00:00:00+09:00,377.679209257427,404.2763366699219,377.679209257427,404.2763366699219,5000,0.0,0.0
2003-02-18 00:00:00+09:00,404.2763366699219,404.2763366699219,404.2763366699219,404.2763366699219,0,0.0,0.0
2003-02-19 00:00:00+09:00,404.2763366699219,404.2763366699219,404.2763366699219,404.2763366699219,0,0.0,0.0
2003-02-20 00:00:00+09:00,404.2763366699219,404.2763366699219,404.2763366699219,404.2763366699219,1000,0.0,0.0
2003-02-21 00:00:00+09:00,404.2763366699219,404.2763366699219,404.2763366699219,404.2763366699219,0,0.0,0.0
2003-02-24 00:00:00+09:00,420.2344665527344,420.2344665527344,420.2344665527344,420.2344665527344,3000,0.0,0.0
2003-02-25 00:00:00+09:00,431.5630187988281,431.5630187988281,431.5630187988281,431.5630187988281,2000,11.0,0.0
2003-02-26 00:00:00+09:00,436.95773315429693,436.95773315429693,436.95773315429693,436.9577331542969,3000,0.0,0.0
2003-02-27 00:00:00+09:00,442.3521423339844,442.3521423339844,442.3521423339844,442.3521423339844,0,0.0,0.0
2003-02-28 00:00:00+09:00,447.7466430664063,447.7466430664063,447.7466430664063,447.74664306640625,1000,0.0,0.0
2003-03-03 00:00:00+09:00,453.14129638671875,453.14129638671875,453.14129638671875,453.14129638671875,3000,0.0,0.0
2003-03-04 00:00:00+09:00,458.5357666015625,458.5357666015625,458.5357666015625,458.5357666015625,0,0.0,0.0
2003-03-05 00:00:00+09:00,453.14129638671875,453.14129638671875,453.14129638671875,453.14129638671875,0,0.0,0.0
2003-03-06 00:00:00+09:00,453.14129638671875,453.14129638671875,453.14129638671875,453.14129638671875,0,0.0,0.0
2003-03-07 00:00:00+09:00,453.14129638671875,453.14129638671875,453.14129638671875,453.14129638671875,0,0.0,0.0
2003-03-10 00:00:00+09:00,457.9963684082031,457.9963684082031,457.9963684082031,457.9963684082031,0,0.0,0.0
2003-03-11 00:00:00+09:00,453.14129638671875,453.14129638671875,453.14129638671875,453.14129638671875,0,0.0,0.0
2003-03-12 00:00:00+09:00,409.98486979166665,409.98486979166665,404.59033203125,404.59033203125,2000,0.0,0.0
2003-03-13 00:00:00+09:00,404.0508728027344,404.0508728027344,404.0508728027344,404.0508728027344,0,0.0,0.0
2003-03-14 00:00:00+09:00,409.4454040527344,409.4454040527344,409.4454040527344,409.4454040527344,3000,0.0,0.0
2003-03-17 00:00:00+09:00,409.4454040527344,409.4454040527344,409.4454040527344,409.4454040527344,0,0.0,0.0
2003-03-18 00:00:00+09:00,409.4454040527344,409.4454040527344,409.4454040527344,409.4454040527344,0,0.0,0.0
2003-03-19 00:00:00+09:00,409.4454040527344,409.4454040527344,409.4454040527344,409.4454040527344,0,0.0,0.0
2003-03-20 00:00:00+09:00,409.4454040527344,409.4454040527344,409.4454040527344,409.4454040527344,0,0.0,0.0
2003-03-21 00:00:00+09:00,409.4454040527344,409.4454040527344,409.4454040527344,409.4454040527344,0,0.0,0.0
2003-03-24 00:00:00+09:00,409.98492431640625,409.98492431640625,409.98492431640625,409.98492431640625,0,0.0,0.0
2003-03-25 00:00:00+09:00,414.8400496163325,420.2345886230469,414.8400496163325,420.2345886230469,4000,0.0,0.0
2003-03-26 00:00:00+09:00,436.4180908203125,436.4180908203125,436.4180908203125,436.4180908203125,0,0.0,0.0
2003-03-27 00:00:00+09:00,441.81256103515625,441.81256103515625,441.81256103515625,441.81256103515625,4000,0.0,0.0
2003-03-28 00:00:00+09:00,447.207275390625,447.207275390625,447.207275390625,447.207275390625,0,0.0,0.0
2003-03-31 00:00:00+09:00,452.6017761230469,452.6017761230469,452.6017761230469,452.6017761230469,0,0.0,0.0
2003-04-01 00:00:00+09:00,457.9963684082031,457.9963684082031,457.9963684082031,457.9963684082031,0,0.0,0.0
2003-04-02 00:00:00+09:00,441.81256103515625,441.81256103515625,441.81256103515625,441.81256103515625,0,0.0,0.0
2003-04-03 00:00:00+09:00,441.81256103515625,441.81256103515625,441.81256103515625,441.81256103515625,0,0.0,0.0
2003-04-04 00:00:00+09:00,441.81256103515625,441.81256103515625,441.81256103515625,441.81256103515625,0,0.0,0.0
2003-04-07 00:00:00+09:00,441.81256103515625,441.81256103515625,441.81256103515625,441.81256103515625,0,0.0,0.0
2003-04-08 00:00:00+09:00,441.81256103515625,441.81256103515625,441.81256103515625,441.81256103515625,0,0.0,0.0
2003-04-09 00:00:00+09:00,441.81256103515625,441.81256103515625,441.81256103515625,441.81256103515625,0,0.0,0.0
2003-04-10 00:00:00+09:00,441.81256103515625,441.81256103515625,441.81256103515625,441.81256103515625,0,0.0,0.0
2003-04-11 00:00:00+09:00,441.81256103515625,441.81256103515625,441.81256103515625,441.81256103515625,0,0.0,0.0
2003-04-14 00:00:00+09:00,441.81256103515625,441.81256103515625,441.81256103515625,441.81256103515625,0,0.0,0.0
2003-04-15 00:00:00+09:00,441.81256103515625,441.81256103515625,441.81256103515625,441.81256103515625,0,0.0,0.0
2003-04-16 00:00:00+09:00,441.81256103515625,441.81256103515625,441.81256103515625,441.81256103515625,0,0.0,0.0
2003-04-17 00:00:00+09:00,441.81256103515625,441.81256103515625,441.81256103515625,441.81256103515625,0,0.0,0.0
2003-04-18 00:00:00+09:00,441.81256103515625,441.81256103515625,441.81256103515625,441.81256103515625,0,0.0,0.0
2003-04-21 00:00:00+09:00,441.81256103515625,441.81256103515625,441.81256103515625,441.81256103515625,0,0.0,0.0
2003-04-22 00:00:00+09:00,441.81256103515625,441.81256103515625,441.81256103515625,441.81256103515625,0,0.0,0.0
2003-04-23 00:00:00+09:00,441.81256103515625,441.81256103515625,441.81256103515625,441.81256103515625,13000,0.0,0.0
2003-04-24 00:00:00+09:00,441.81256103515625,441.81256103515625,441.81256103515625,441.81256103515625,0,0.0,0.0
2003-04-25 00:00:00+09:00,441.81256103515625,441.81256103515625,441.81256103515625,441.81256103515625,0,0.0,0.0
2003-04-28 00:00:00+09:00,441.81256103515625,441.81256103515625,441.81256103515625,441.81256103515625,0,0.0,0.0
2003-04-29 00:00:00+09:00,441.81256103515625,441.81256103515625,441.81256103515625,441.81256103515625,0,0.0,0.0
2003-04-30 00:00:00+09:00,442.3521423339844,442.3521423339844,442.3521423339844,442.3521423339844,8000,0.0,0.0
2003-05-01 00:00:00+09:00,442.3521423339844,442.3521423339844,442.3521423339844,442.3521423339844,0,0.0,0.0
2003-05-02 00:00:00+09:00,442.3521423339844,442.3521423339844,442.3521423339844,442.3521423339844,0,0.0,0.0
2003-05-05 00:00:00+09:00,442.3521423339844,442.3521423339844,442.3521423339844,442.3521423339844,0,0.0,0.0
2003-05-06 00:00:00+09:00,442.3521423339844,442.3521423339844,442.3521423339844,442.3521423339844,0,0.0,0.0
2003-05-07 00:00:00+09:00,442.3521423339844,442.3521423339844,442.3521423339844,442.3521423339844,0,0.0,0.0
2003-05-08 00:00:00+09:00,442.3521423339844,442.3521423339844,442.3521423339844,442.3521423339844,0,0.0,0.0
2003-05-09 00:00:00+09:00,442.3521423339844,442.3521423339844,442.3521423339844,442.3521423339844,0,0.0,0.0
2003-05-12 00:00:00+09:00,442.3521423339844,442.3521423339844,442.3521423339844,442.3521423339844,0,0.0,0.0
2003-05-13 00:00:00+09:00,442.3521423339844,442.3521423339844,442.3521423339844,442.3521423339844,0,0.0,0.0
2003-05-14 00:00:00+09:00,442.3521423339844,442.3521423339844,442.3521423339844,442.3521423339844,0,0.0,0.0
2003-05-15 00:00:00+09:00,442.3521423339844,442.3521423339844,442.3521423339844,442.3521423339844,0,0.0,0.0
2003-05-16 00:00:00+09:00,442.3521423339844,442.3521423339844,442.3521423339844,442.3521423339844,0,0.0,0.0
2003-05-19 00:00:00+09:00,442.3521423339844,442.3521423339844,442.3521423339844,442.3521423339844,0,0.0,0.0
2003-05-20 00:00:00+09:00,442.3521423339844,442.3521423339844,442.3521423339844,442.3521423339844,0,0.0,0.0
2003-05-21 00:00:00+09:00,442.3521423339844,442.3521423339844,442.3521423339844,442.3521423339844,0,0.0,0.0
2003-05-22 00:00:00+09:00,442.3521423339844,442.3521423339844,442.3521423339844,442.3521423339844,0,0.0,0.0
2003-05-23 00:00:00+09:00,442.3521423339844,442.3521423339844,442.3521423339844,442.3521423339844,15000,0.0,0.0
2003-05-26 00:00:00+09:00,442.3521423339844,442.3521423339844,442.3521423339844,442.3521423339844,1000,0.0,0.0
2003-05-27 00:00:00+09:00,442.3521423339844,442.3521423339844,442.3521423339844,442.3521423339844,0,0.0,0.0
2003-05-28 00:00:00+09:00,442.3521423339844,442.3521423339844,442.3521423339844,442.3521423339844,0,0.0,0.0
2003-05-29 00:00:00+09:00,442.3521423339844,442.3521423339844,442.3521423339844,442.3521423339844,0,0.0,0.0
2003-05-30 00:00:00+09:00,442.3521423339844,442.3521423339844,442.3521423339844,442.3521423339844,0,0.0,0.0
2003-06-02 00:00:00+09:00,442.3521423339844,442.3521423339844,442.3521423339844,442.3521423339844,5000,0.0,0.0
2003-06-03 00:00:00+09:00,442.3521423339844,442.3521423339844,442.3521423339844,442.3521423339844,0,0.0,0.0
2003-06-04 00:00:00+09:00,442.3521423339844,442.3521423339844,442.3521423339844,442.3521423339844,0,0.0,0.0
2003-06-05 00:00:00+09:00,442.3521423339844,442.3521423339844,442.3521423339844,442.3521423339844,0,0.0,0.0
2003-06-06 00:00:00+09:00,442.3521423339844,442.3521423339844,442.3521423339844,442.3521423339844,0,0.0,0.0
2003-06-09 00:00:00+09:00,442.3521423339844,442.3521423339844,442.3521423339844,442.3521423339844,1000,0.0,0.0
2003-06-10 00:00:00+09:00,442.3521423339844,442.3521423339844,442.3521423339844,442.3521423339844,0,0.0,0.0
2003-06-11 00:00:00+09:00,442.3521423339844,442.3521423339844,442.3521423339844,442.3521423339844,0,0.0,0.0
2003-06-12 00:00:00+09:00,442.3521423339844,442.3521423339844,442.3521423339844,442.3521423339844,0,0.0,0.0
2003-06-13 00:00:00+09:00,442.3521423339844,442.3521423339844,442.3521423339844,442.3521423339844,0,0.0,0.0
2003-06-16 00:00:00+09:00,442.3521423339844,442.3521423339844,442.3521423339844,442.3521423339844,3000,0.0,0.0
2003-06-17 00:00:00+09:00,442.3521423339844,442.3521423339844,442.3521423339844,442.3521423339844,0,0.0,0.0
2003-06-18 00:00:00+09:00,442.3521423339844,442.3521423339844,442.3521423339844,442.3521423339844,0,0.0,0.0
2003-06-19 00:00:00+09:00,442.3521423339844,442.3521423339844,442.3521423339844,442.3521423339844,0,0.0,0.0
2003-06-20 00:00:00+09:00,442.3521423339844,442.3521423339844,442.3521423339844,442.3521423339844,0,0.0,0.0
2003-06-23 00:00:00+09:00,441.81256103515625,441.81256103515625,441.81256103515625,441.81256103515625,8000,0.0,0.0
2003-06-24 00:00:00+09:00,411.06381225585943,411.06381225585943,411.06381225585943,411.0638122558594,1000,0.0,0.0
2003-06-25 00:00:00+09:00,411.06381225585943,411.06381225585943,411.06381225585943,411.0638122558594,0,0.0,0.0
2003-06-26 00:00:00+09:00,411.06381225585943,411.06381225585943,411.06381225585943,411.0638122558594,0,0.0,0.0
2003-06-27 00:00:00+09:00,411.06381225585943,411.06381225585943,411.06381225585943,411.0638122558594,0,0.0,0.0
2003-06-30 00:00:00+09:00,411.6032409667969,411.6032409667969,411.6032409667969,411.6032409667969,0,0.0,0.0
2003-07-01 00:00:00+09:00,433.72089161369377,434.26034545898443,433.72089161369377,434.2603454589844,3000,0.0,0.0
2003-07-02 00:00:00+09:00,439.6549377441406,439.6549377441406,439.6549377441406,439.6549377441406,3000,0.0,0.0
2003-07-03 00:00:00+09:00,439.11541748046875,439.11541748046875,439.11541748046875,439.11541748046875,0,0.0,0.0
2003-07-04 00:00:00+09:00,439.6549377441406,439.6549377441406,439.6549377441406,439.6549377441406,0,0.0,0.0
2003-07-07 00:00:00+09:00,439.6549377441406,439.6549377441406,439.6549377441406,439.6549377441406,0,0.0,0.0
2003-07-08 00:00:00+09:00,439.6549377441406,439.6549377441406,439.6549377441406,439.6549377441406,0,0.0,0.0
2003-07-09 00:00:00+09:00,439.6549377441406,439.6549377441406,439.6549377441406,439.6549377441406,0,0.0,0.0
2003-07-10 00:00:00+09:00,439.6549377441406,439.6549377441406,439.6549377441406,439.6549377441406,0,0.0,0.0
2003-07-11 00:00:00+09:00,439.11541748046875,439.11541748046875,439.11541748046875,439.11541748046875,0,0.0,0.0
2003-07-14 00:00:00+09:00,438.5760498046875,438.5760498046875,438.5760498046875,438.5760498046875,0,0.0,0.0
2003-07-15 00:00:00+09:00,438.5760498046875,438.5760498046875,438.5760498046875,438.5760498046875,3000,0.0,0.0
2003-07-16 00:00:00+09:00,438.5760498046875,438.5760498046875,438.5760498046875,438.5760498046875,0,0.0,0.0
2003-07-17 00:00:00+09:00,438.5760498046875,438.5760498046875,438.5760498046875,438.5760498046875,0,0.0,0.0
2003-07-18 00:00:00+09:00,438.5760498046875,438.5760498046875,438.5760498046875,438.5760498046875,0,0.0,0.0
2003-07-21 00:00:00+09:00,438.5760498046875,438.5760498046875,438.5760498046875,438.5760498046875,0,0.0,0.0
2003-07-22 00:00:00+09:00,438.5760498046875,438.5760498046875,438.5760498046875,438.5760498046875,0,0.0,0.0
2003-07-23 00:00:00+09:00,438.0364685058594,438.0364685058594,438.0364685058594,438.0364685058594,7000,0.0,0.0
2003-07-24 00:00:00+09:00,437.4970397949219,437.4970397949219,437.4970397949219,437.4970397949219,0,0.0,0.0
2003-07-25 00:00:00+09:00,436.4180908203125,436.4180908203125,436.4180908203125,436.4180908203125,0,0.0,0.0
2003-07-28 00:00:00+09:00,436.4180908203125,436.4180908203125,436.4180908203125,436.4180908203125,0,0.0,0.0
2003-07-29 00:00:00+09:00,435.87875366210943,435.87875366210943,435.87875366210943,435.8787536621094,0,0.0,0.0
2003-07-30 00:00:00+09:00,435.87875366210943,435.87875366210943,435.87875366210943,435.8787536621094,0,0.0,0.0
2003-07-31 00:00:00+09:00,435.3392333984375,435.3392333984375,435.3392333984375,435.3392333984375,0,0.0,0.0
2003-08-01 00:00:00+09:00,435.3392333984375,435.3392333984375,435.3392333984375,435.3392333984375,4000,0.0,0.0
2003-08-04 00:00:00+09:00,435.3392333984375,435.3392333984375,435.3392333984375,435.3392333984375,0,0.0,0.0
2003-08-05 00:00:00+09:00,435.3392333984375,435.3392333984375,435.3392333984375,435.3392333984375,0,0.0,0.0
2003-08-06 00:00:00+09:00,435.3392333984375,435.3392333984375,435.3392333984375,435.3392333984375,0,0.0,0.0
2003-08-07 00:00:00+09:00,435.3392333984375,435.3392333984375,435.3392333984375,435.3392333984375,0,0.0,0.0
2003-08-08 00:00:00+09:00,435.3392333984375,435.3392333984375,435.3392333984375,435.3392333984375,0,0.0,0.0
2003-08-11 00:00:00+09:00,435.3392333984375,435.3392333984375,435.3392333984375,435.3392333984375,0,0.0,0.0
2003-08-12 00:00:00+09:00,435.3392333984375,435.3392333984375,435.3392333984375,435.3392333984375,0,0.0,0.0
2003-08-13 00:00:00+09:00,435.3392333984375,435.3392333984375,435.3392333984375,435.3392333984375,0,0.0,0.0
2003-08-14 00:00:00+09:00,435.3392333984375,435.3392333984375,435.3392333984375,435.3392333984375,0,0.0,0.0
2003-08-15 00:00:00+09:00,435.3392333984375,435.3392333984375,435.3392333984375,435.3392333984375,0,0.0,0.0
2003-08-18 00:00:00+09:00,435.3392333984375,435.3392333984375,435.3392333984375,435.3392333984375,0,0.0,0.0
2003-08-19 00:00:00+09:00,435.3392333984375,435.3392333984375,435.3392333984375,435.3392333984375,0,0.0,0.0
2003-08-20 00:00:00+09:00,435.3392333984375,435.3392333984375,435.3392333984375,435.3392333984375,0,0.0,0.0
2003-08-21 00:00:00+09:00,435.3392333984375,435.3392333984375,435.3392333984375,435.3392333984375,0,0.0,0.0
2003-08-22 00:00:00+09:00,435.3392333984375,435.3392333984375,435.3392333984375,435.3392333984375,0,0.0,0.0
2003-08-25 00:00:00+09:00,435.8786872192534,435.8786872192534,435.3392333984375,435.3392333984375,8000,0.0,0.0
2003-08-26 00:00:00+09:00,430.4841342048849,430.4841342048849,403.5114440917969,403.5114440917969,2000,0.0,0.0
2003-08-27 00:00:00+09:00,404.59033203125,404.59033203125,404.59033203125,404.59033203125,0,0.0,0.0
2003-08-28 00:00:00+09:00,404.5903516963204,404.5903516963204,403.5114440917969,403.5114440917969,3000,0.0,0.0
2003-08-29 00:00:00+09:00,404.59033203125,404.59033203125,404.59033203125,404.59033203125,1000,0.0,0.0
2003-09-01 00:00:00+09:00,404.59033203125,404.59033203125,404.59033203125,404.59033203125,6000,0.0,0.0
2003-09-02 00:00:00+09:00,404.59033203125,404.59033203125,404.59033203125,404.59033203125,0,0.0,0.0
2003-09-03 00:00:00+09:00,404.59033203125,404.59033203125,404.59033203125,404.59033203125,0,0.0,0.0
2003-09-04 00:00:00+09:00,405.1299133300781,405.1299133300781,405.1299133300781,405.1299133300781,2000,0.0,0.0
2003-09-05 00:00:00+09:00,404.59033203125,404.59033203125,404.59033203125,404.59033203125,1000,0.0,0.0
2003-09-08 00:00:00+09:00,404.59033203125,404.59033203125,404.59033203125,404.59033203125,0,0.0,0.0
2003-09-09 00:00:00+09:00,399.1958923339844,399.1958923339844,399.1958923339844,399.1958923339844,1000,0.0,0.0
2003-09-10 00:00:00+09:00,409.98492431640625,409.98492431640625,409.98492431640625,409.98492431640625,0,0.0,0.0
2003-09-11 00:00:00+09:00,393.261802734375,404.59033203125,393.261802734375,404.59033203125,2000,0.0,0.0
2003-09-12 00:00:00+09:00,404.59033203125,404.59033203125,404.59033203125,404.59033203125,0,0.0,0.0
2003-09-15 00:00:00+09:00,404.59033203125,404.59033203125,404.59033203125,404.59033203125,0,0.0,0.0
2003-09-16 00:00:00+09:00,404.59033203125,404.59033203125,404.59033203125,404.59033203125,0,0.0,0.0
2003-09-17 00:00:00+09:00,404.0508728027344,404.0508728027344,404.0508728027344,404.0508728027344,0,0.0,0.0
2003-09-18 00:00:00+09:00,404.0508728027344,404.0508728027344,404.0508728027344,404.0508728027344,0,0.0,0.0
2003-09-19 00:00:00+09:00,404.0508728027344,404.0508728027344,404.0508728027344,404.0508728027344,2000,0.0,0.0
2003-09-22 00:00:00+09:00,404.0508728027344,404.0508728027344,404.0508728027344,404.0508728027344,0,0.0,0.0
2003-09-23 00:00:00+09:00,404.0508728027344,404.0508728027344,404.0508728027344,404.0508728027344,0,0.0,0.0
2003-09-24 00:00:00+09:00,404.0508728027344,404.0508728027344,404.0508728027344,404.0508728027344,9000,0.0,0.0
2003-09-25 00:00:00+09:00,404.0508728027344,404.0508728027344,404.0508728027344,404.0508728027344,0,0.0,0.0
2003-09-26 00:00:00+09:00,399.1958923339844,399.1958923339844,399.1958923339844,399.1958923339844,1000,0.0,0.0
2003-09-29 00:00:00+09:00,399.1958923339844,399.1958923339844,399.1958923339844,399.1958923339844,0,0.0,0.0
2003-09-30 00:00:00+09:00,399.1958923339844,399.1958923339844,399.1958923339844,399.1958923339844,0,0.0,0.0
2003-10-01 00:00:00+09:00,399.1958923339844,399.1958923339844,399.1958923339844,399.1958923339844,2000,0.0,0.0
2003-10-02 00:00:00+09:00,403.5114440917969,403.5114440917969,403.5114440917969,403.5114440917969,1000,0.0,0.0
2003-10-03 00:00:00+09:00,403.5114440917969,403.5114440917969,403.5114440917969,403.5114440917969,0,0.0,0.0
2003-10-06 00:00:00+09:00,403.5114440917969,403.5114440917969,403.5114440917969,403.5114440917969,0,0.0,0.0
2003-10-07 00:00:00+09:00,403.5114440917969,403.5114440917969,403.5114440917969,403.5114440917969,0,0.0,0.0
2003-10-08 00:00:00+09:00,399.1958923339844,399.1958923339844,399.1958923339844,399.1958923339844,0,0.0,0.0
2003-10-09 00:00:00+09:00,393.80126953125,393.80126953125,393.80126953125,393.80126953125,1000,0.0,0.0
2003-10-10 00:00:00+09:00,393.80126953125,393.80126953125,393.80126953125,393.80126953125,0,0.0,0.0
2003-10-13 00:00:00+09:00,393.80126953125,393.80126953125,393.80126953125,393.80126953125,0,0.0,0.0
2003-10-14 00:00:00+09:00,393.8011577767386,393.8011577767386,383.01208496093756,383.0120849609375,5000,0.0,0.0
2003-10-15 00:00:00+09:00,394.3406982421875,394.3406982421875,394.3406982421875,394.3406982421875,5000,0.0,0.0
2003-10-16 00:00:00+09:00,399.7353302355438,419.1556701660156,399.7353302355438,419.1556701660156,11000,0.0,0.0
2003-10-17 00:00:00+09:00,419.1556701660156,419.1556701660156,419.1556701660156,419.1556701660156,0,0.0,0.0
2003-10-20 00:00:00+09:00,419.1556701660156,419.1556701660156,419.1556701660156,419.1556701660156,0,0.0,0.0
2003-10-21 00:00:00+09:00,419.1556701660156,419.1556701660156,419.1556701660156,419.1556701660156,0,0.0,0.0
2003-10-22 00:00:00+09:00,423.4712829589844,423.4712829589844,423.4712829589844,423.4712829589844,1000,0.0,0.0
2003-10-23 00:00:00+09:00,423.4712829589844,423.4712829589844,423.4712829589844,423.4712829589844,8000,0.0,0.0
2003-10-24 00:00:00+09:00,419.69509887695307,419.69509887695307,419.69509887695307,419.6950988769531,0,0.0,0.0
2003-10-27 00:00:00+09:00,419.69509887695307,419.69509887695307,419.69509887695307,419.6950988769531,0,0.0,0.0
2003-10-28 00:00:00+09:00,419.69509887695307,419.69509887695307,419.69509887695307,419.6950988769531,1000,0.0,0.0
2003-10-29 00:00:00+09:00,419.69509887695307,419.69509887695307,419.69509887695307,419.6950988769531,0,0.0,0.0
2003-10-30 00:00:00+09:00,431.5631932388118,436.95773315429693,431.5631932388118,436.9577331542969,3000,0.0,0.0
2003-10-31 00:00:00+09:00,436.95773315429693,436.95773315429693,436.95773315429693,436.9577331542969,0,0.0,0.0
2003-11-03 00:00:00+09:00,436.95773315429693,436.95773315429693,436.95773315429693,436.9577331542969,0,0.0,0.0
2003-11-04 00:00:00+09:00,436.95773315429693,436.95773315429693,436.95773315429693,436.9577331542969,4000,0.0,0.0
2003-11-05 00:00:00+09:00,436.95773315429693,436.95773315429693,436.95773315429693,436.9577331542969,0,0.0,0.0
2003-11-06 00:00:00+09:00,436.95773315429693,436.95773315429693,436.95773315429693,436.9577331542969,0,0.0,0.0
2003-11-07 00:00:00+09:00,436.95773315429693,436.95773315429693,436.95773315429693,436.9577331542969,0,0.0,0.0
2003-11-10 00:00:00+09:00,436.95773315429693,436.95773315429693,436.95773315429693,436.9577331542969,0,0.0,0.0
2003-11-11 00:00:00+09:00,436.95773315429693,436.95773315429693,436.95773315429693,436.9577331542969,0,0.0,0.0
2003-11-12 00:00:00+09:00,436.95773315429693,436.95773315429693,436.95773315429693,436.9577331542969,0,0.0,0.0
2003-11-13 00:00:00+09:00,431.5630187988281,431.5630187988281,431.5630187988281,431.5630187988281,0,0.0,0.0
2003-11-14 00:00:00+09:00,420.7740478515625,420.7740478515625,420.7740478515625,420.7740478515625,0,0.0,0.0
2003-11-17 00:00:00+09:00,419.69509887695307,419.69509887695307,419.69509887695307,419.6950988769531,0,0.0,0.0
2003-11-18 00:00:00+09:00,419.69509887695307,419.69509887695307,419.69509887695307,419.6950988769531,0,0.0,0.0
2003-11-19 00:00:00+09:00,419.69509887695307,419.69509887695307,419.69509887695307,419.6950988769531,0,0.0,0.0
2003-11-20 00:00:00+09:00,419.69509887695307,419.69509887695307,419.69509887695307,419.6950988769531,0,0.0,0.0
2003-11-21 00:00:00+09:00,398.11694335937506,398.11694335937506,398.11694335937506,398.116943359375,1000,0.0,0.0
2003-11-24 00:00:00+09:00,398.11694335937506,398.11694335937506,398.11694335937506,398.116943359375,0,0.0,0.0
2003-11-25 00:00:00+09:00,398.65639721216553,398.65639721216553,398.11694335937506,398.116943359375,2000,0.0,0.0
2003-11-26 00:00:00+09:00,405.6693420410156,405.6693420410156,405.6693420410156,405.6693420410156,1000,0.0,0.0
2003-11-27 00:00:00+09:00,411.6032409667969,411.6032409667969,411.6032409667969,411.6032409667969,0,0.0,0.0
2003-11-28 00:00:00+09:00,416.997802734375,416.997802734375,416.997802734375,416.997802734375,0,0.0,0.0
2003-12-01 00:00:00+09:00,422.392333984375,422.392333984375,422.392333984375,422.392333984375,4000,0.0,0.0
2003-12-02 00:00:00+09:00,427.78692626953125,427.78692626953125,427.78692626953125,427.78692626953125,0,0.0,0.0
2003-12-03 00:00:00+09:00,431.5630187988281,431.5630187988281,431.5630187988281,431.5630187988281,3000,0.0,0.0
2003-12-04 00:00:00+09:00,431.5630187988281,431.5630187988281,431.5630187988281,431.5630187988281,0,0.0,0.0
2003-12-05 00:00:00+09:00,431.5630187988281,431.5630187988281,431.5630187988281,431.5630187988281,0,0.0,0.0
2003-12-08 00:00:00+09:00,431.5630187988281,431.5630187988281,431.5630187988281,431.5630187988281,0,0.0,0.0
2003-12-09 00:00:00+09:00,431.5630187988281,431.5630187988281,431.5630187988281,431.5630187988281,0,0.0,0.0
2003-12-10 00:00:00+09:00,431.5630187988281,431.5630187988281,431.5630187988281,431.5630187988281,0,0.0,0.0
2003-12-11 00:00:00+09:00,431.5630187988281,431.5630187988281,431.5630187988281,431.5630187988281,1000,0.0,0.0
2003-12-12 00:00:00+09:00,431.5630187988281,431.5630187988281,431.5630187988281,431.5630187988281,0,0.0,0.0
2003-12-15 00:00:00+09:00,436.95773315429693,436.95773315429693,436.95773315429693,436.9577331542969,2000,0.0,0.0
2003-12-16 00:00:00+09:00,441.81256103515625,441.81256103515625,441.81256103515625,441.81256103515625,1000,0.0,0.0
2003-12-17 00:00:00+09:00,398.6563819327005,442.3521423339844,398.6563819327005,442.3521423339844,3000,0.0,0.0
2003-12-18 00:00:00+09:00,441.81256103515625,441.81256103515625,441.81256103515625,441.81256103515625,0,0.0,0.0
2003-12-19 00:00:00+09:00,441.2731018066407,441.2731018066407,441.2731018066407,441.2731018066406,0,0.0,0.0
2003-12-22 00:00:00+09:00,431.02368164062506,431.02368164062506,431.02368164062506,431.023681640625,0,0.0,0.0
2003-12-23 00:00:00+09:00,431.02368164062506,431.02368164062506,431.02368164062506,431.023681640625,0,0.0,0.0
2003-12-24 00:00:00+09:00,431.02368164062506,431.02368164062506,431.02368164062506,431.023681640625,4000,0.0,0.0
2003-12-25 00:00:00+09:00,436.4180908203125,436.4180908203125,436.4180908203125,436.4180908203125,0,0.0,0.0
2003-12-26 00:00:00+09:00,441.81256103515625,441.81256103515625,441.81256103515625,441.81256103515625,7000,0.0,0.0
2003-12-29 00:00:00+09:00,447.207275390625,447.207275390625,447.207275390625,447.207275390625,1000,0.0,0.0
2003-12-30 00:00:00+09:00,447.207275390625,447.207275390625,447.207275390625,447.207275390625,0,0.0,0.0
2003-12-31 00:00:00+09:00,447.207275390625,447.207275390625,447.207275390625,447.207275390625,0,0.0,0.0
2004-01-01 00:00:00+09:00,447.207275390625,447.207275390625,447.207275390625,447.207275390625,0,0.0,0.0
2004-01-02 00:00:00+09:00,447.207275390625,447.207275390625,447.207275390625,447.207275390625,0,0.0,0.0
2004-01-05 00:00:00+09:00,447.207275390625,447.207275390625,447.207275390625,447.207275390625,0,0.0,0.0
2004-01-06 00:00:00+09:00,431.5630187988281,431.5630187988281,431.5630187988281,431.5630187988281,0,0.0,0.0
2004-01-07 00:00:00+09:00,431.5630187988281,431.5630187988281,431.5630187988281,431.5630187988281,4000,0.0,0.0
2004-01-08 00:00:00+09:00,431.5630187988281,431.5630187988281,431.5630187988281,431.5630187988281,0,0.0,0.0
2004-01-09 00:00:00+09:00,431.5630187988281,431.5630187988281,431.5630187988281,431.5630187988281,0,0.0,0.0
2004-01-12 00:00:00+09:00,431.5630187988281,431.5630187988281,431.5630187988281,431.5630187988281,0,0.0,0.0
2004-01-13 00:00:00+09:00,431.5630187988281,431.5630187988281,431.5630187988281,431.5630187988281,0,0.0,0.0
2004-01-14 00:00:00+09:00,431.5630187988281,431.5630187988281,431.5630187988281,431.5630187988281,0,0.0,0.0
2004-01-15 00:00:00+09:00,420.7740478515625,420.7740478515625,420.7740478515625,420.7740478515625,1000,0.0,0.0
2004-01-16 00:00:00+09:00,423.4712829589844,423.4712829589844,423.4712829589844,423.4712829589844,0,0.0,0.0
2004-01-19 00:00:00+09:00,424.0106811523438,424.0106811523438,424.0106811523438,424.01068115234375,0,0.0,0.0
2004-01-20 00:00:00+09:00,425.6291809082031,425.6291809082031,425.6291809082031,425.6291809082031,0,0.0,0.0
2004-01-21 00:00:00+09:00,431.5630187988281,431.5630187988281,431.5630187988281,431.5630187988281,2000,0.0,0.0
2004-01-22 00:00:00+09:00,444.5098876953125,444.5098876953125,444.5098876953125,444.5098876953125,1000,0.0,0.0
2004-01-23 00:00:00+09:00,422.93179321289057,422.93179321289057,422.93179321289057,422.9317932128906,8000,0.0,0.0
2004-01-26 00:00:00+09:00,428.8657531738281,428.8657531738281,428.8657531738281,428.8657531738281,1000,0.0,0.0
2004-01-27 00:00:00+09:00,433.72076416015625,433.72076416015625,433.72076416015625,433.72076416015625,1000,0.0,0.0
2004-01-28 00:00:00+09:00,433.72076416015625,433.72076416015625,433.72076416015625,433.72076416015625,0,0.0,0.0
2004-01-29 00:00:00+09:00,431.5630187988281,431.5630187988281,431.5630187988281,431.5630187988281,0,0.0,0.0
2004-01-30 00:00:00+09:00,431.5630187988281,431.5630187988281,431.5630187988281,431.5630187988281,0,0.0,0.0
2004-02-02 00:00:00+09:00,431.0235544639457,431.0235544639457,409.4454040527344,409.4454040527344,6000,0.0,0.0
2004-02-03 00:00:00+09:00,415.9188537597657,415.9188537597657,415.9188537597657,415.9188537597656,1000,0.0,0.0
2004-02-04 00:00:00+09:00,415.9188537597657,415.9188537597657,415.9188537597657,415.9188537597656,0,0.0,0.0
2004-02-05 00:00:00+09:00,415.9188537597657,415.9188537597657,415.9188537597657,415.9188537597656,0,0.0,0.0
2004-02-06 00:00:00+09:00,415.9188537597657,415.9188537597657,415.9188537597657,415.9188537597656,0,0.0,0.0
2004-02-09 00:00:00+09:00,415.9188537597657,415.9188537597657,415.9188537597657,415.9188537597656,0,0.0,0.0
2004-02-10 00:00:00+09:00,415.9188537597657,415.9188537597657,415.9188537597657,415.9188537597656,0,0.0,0.0
2004-02-11 00:00:00+09:00,415.9188537597657,415.9188537597657,415.9188537597657,415.9188537597656,0,0.0,0.0
2004-02-12 00:00:00+09:00,415.9188537597657,415.9188537597657,415.9188537597657,415.9188537597656,0,0.0,0.0
2004-02-13 00:00:00+09:00,417.5372619628906,417.5372619628906,417.5372619628906,417.5372619628906,0,0.0,0.0
2004-02-16 00:00:00+09:00,428.3262961578369,431.5630187988281,428.3262961578369,431.5630187988281,2000,0.0,0.0
2004-02-17 00:00:00+09:00,431.5630187988281,431.5630187988281,431.5630187988281,431.5630187988281,0,0.0,0.0
2004-02-18 00:00:00+09:00,431.5630187988281,431.5630187988281,431.5630187988281,431.5630187988281,0,0.0,0.0
2004-02-19 00:00:00+09:00,431.5630187988281,431.5630187988281,431.5630187988281,431.5630187988281,0,0.0,0.0
2004-02-20 00:00:00+09:00,431.5630187988281,431.5630187988281,431.5630187988281,431.5630187988281,0,0.0,0.0
2004-02-23 00:00:00+09:00,431.5630187988281,431.5630187988281,431.5630187988281,431.5630187988281,6000,0.0,0.0
2004-02-24 00:00:00+09:00,444.175485049977,466.1100769042968,444.175485049977,466.1100769042969,3000,13.0,0.0
2004-02-25 00:00:00+09:00,466.1100769042968,466.1100769042968,466.1100769042968,466.1100769042969,2000,0.0,0.0
2004-02-26 00:00:00+09:00,466.1100769042968,466.1100769042968,466.1100769042968,466.1100769042969,0,0.0,0.0
2004-02-27 00:00:00+09:00,460.62646484375,460.62646484375,460.62646484375,460.62646484375,0,0.0,0.0
2004-03-01 00:00:00+09:00,461.17482204437255,461.17482204437255,438.6918640136718,438.6918640136719,7000,0.0,0.0
2004-03-02 00:00:00+09:00,438.6918640136718,438.6918640136718,438.6918640136718,438.6918640136719,0,0.0,0.0
2004-03-03 00:00:00+09:00,438.6918640136718,438.6918640136718,438.6918640136718,438.6918640136719,0,0.0,0.0
2004-03-04 00:00:00+09:00,438.6918640136718,438.6918640136718,438.6918640136718,438.6918640136719,0,0.0,0.0
2004-03-05 00:00:00+09:00,438.6918640136718,438.6918640136718,438.6918640136718,438.6918640136719,0,0.0,0.0
2004-03-08 00:00:00+09:00,438.6918640136718,438.6918640136718,438.6918640136718,438.6918640136719,0,0.0,0.0
2004-03-09 00:00:00+09:00,438.6918640136718,438.6918640136718,438.6918640136718,438.6918640136719,0,0.0,0.0
2004-03-10 00:00:00+09:00,438.6918640136718,438.6918640136718,438.6918640136718,438.6918640136719,0,0.0,0.0
2004-03-11 00:00:00+09:00,438.6918640136718,438.6918640136718,438.6918640136718,438.6918640136719,0,0.0,0.0
2004-03-12 00:00:00+09:00,438.6918640136718,438.6918640136718,438.6918640136718,438.6918640136719,0,0.0,0.0
2004-03-15 00:00:00+09:00,433.2080383300781,433.2080383300781,433.2080383300781,433.2080383300781,1000,0.0,0.0
2004-03-16 00:00:00+09:00,436.4982604980469,436.4982604980469,436.4982604980469,436.4982604980469,1000,0.0,0.0
2004-03-17 00:00:00+09:00,436.4983091001157,444.1754150390625,436.4983091001157,444.1754150390625,4000,0.0,0.0
2004-03-18 00:00:00+09:00,444.1754150390625,444.1754150390625,444.1754150390625,444.1754150390625,0,0.0,0.0
2004-03-19 00:00:00+09:00,433.2081208405671,444.1754150390625,433.2081208405671,444.1754150390625,3000,0.0,0.0
2004-03-22 00:00:00+09:00,427.724392275267,433.2080383300781,427.724392275267,433.2080383300781,2000,0.0,0.0
2004-03-23 00:00:00+09:00,449.65914916992193,449.65914916992193,449.65914916992193,449.6591491699219,4000,0.0,0.0
2004-03-24 00:00:00+09:00,454.5943960112966,454.5943960112966,443.62710057073457,449.1107482910156,9000,0.0,0.0
2004-03-25 00:00:00+09:00,449.1107482910156,449.1107482910156,449.1107482910156,449.1107482910156,0,0.0,0.0
2004-03-26 00:00:00+09:00,449.1107482910156,449.1107482910156,449.1107482910156,449.1107482910156,0,0.0,0.0
2004-03-29 00:00:00+09:00,449.1107482910156,449.1107482910156,449.1107482910156,449.1107482910156,0,0.0,0.0
2004-03-30 00:00:00+09:00,449.1107482910156,449.1107482910156,449.1107482910156,449.1107482910156,0,0.0,0.0
2004-03-31 00:00:00+09:00,449.1107482910156,449.1107482910156,449.1107482910156,449.1107482910156,0,0.0,0.0
2004-04-01 00:00:00+09:00,438.1435546875,438.1435546875,438.1435546875,438.1435546875,4000,0.0,0.0
2004-04-02 00:00:00+09:00,449.1107482910156,449.1107482910156,449.1107482910156,449.1107482910156,1000,0.0,0.0
2004-04-05 00:00:00+09:00,449.65914916992193,449.65914916992193,449.65914916992193,449.6591491699219,3000,0.0,0.0
2004-04-06 00:00:00+09:00,449.65914916992193,449.65914916992193,449.65914916992193,449.6591491699219,1000,0.0,0.0
2004-04-07 00:00:00+09:00,449.65914916992193,449.65914916992193,449.65914916992193,449.6591491699219,0,0.0,0.0
2004-04-08 00:00:00+09:00,450.2073669433594,450.2073669433594,450.2073669433594,450.2073669433594,0,0.0,0.0
2004-04-09 00:00:00+09:00,449.65906213831016,449.65906213831016,444.1754150390625,444.1754150390625,2000,0.0,0.0
2004-04-12 00:00:00+09:00,449.65906213831016,449.65906213831016,444.1754150390625,444.1754150390625,3000,0.0,0.0
2004-04-13 00:00:00+09:00,449.6591436546969,455.1427917480469,449.6591436546969,455.1427917480469,4000,0.0,0.0
2004-04-14 00:00:00+09:00,455.14276573874736,482.56100463867193,455.14276573874736,482.5610046386719,10000,0.0,0.0
2004-04-15 00:00:00+09:00,483.1093694166704,483.1093694166704,482.56100463867193,482.5610046386719,14000,0.0,0.0
2004-04-16 00:00:00+09:00,483.10934448242193,483.10934448242193,483.10934448242193,483.1093444824219,1000,0.0,0.0
2004-04-19 00:00:00+09:00,537.94580078125,537.94580078125,537.94580078125,537.94580078125,1000,0.0,0.0
2004-04-20 00:00:00+09:00,542.8809204101562,542.8809204101562,540.139097579802,542.8809204101562,4000,0.0,0.0
2004-04-21 00:00:00+09:00,548.3649620643029,570.299560546875,542.8813124436598,570.299560546875,8000,0.0,0.0
2004-04-22 00:00:00+09:00,600.4593853494396,630.6194458007814,600.4593853494396,630.6194458007812,6000,0.0,0.0
2004-04-23 00:00:00+09:00,636.6515502929688,636.6515502929688,636.6515502929688,636.6515502929688,2000,0.0,0.0
2004-04-26 00:00:00+09:00,642.1351117710238,642.1351117710238,637.1998291015625,637.1998291015625,19000,0.0,0.0
2004-04-27 00:00:00+09:00,630.6194096258976,630.6194096258976,630.071044921875,630.071044921875,7000,0.0,0.0
2004-04-28 00:00:00+09:00,608.136474609375,608.136474609375,608.136474609375,608.136474609375,1000,0.0,0.0
2004-04-29 00:00:00+09:00,608.136474609375,608.136474609375,608.136474609375,608.136474609375,0,0.0,0.0
2004-04-30 00:00:00+09:00,600.459228515625,600.459228515625,600.459228515625,600.459228515625,2000,0.0,0.0
2004-05-03 00:00:00+09:00,600.459228515625,600.459228515625,600.459228515625,600.459228515625,0,0.0,0.0
2004-05-04 00:00:00+09:00,600.459228515625,600.459228515625,600.459228515625,600.459228515625,0,0.0,0.0
2004-05-05 00:00:00+09:00,600.459228515625,600.459228515625,600.459228515625,600.459228515625,0,0.0,0.0
2004-05-06 00:00:00+09:00,602.1045084262113,602.1045084262113,597.7175903320312,597.7175903320312,8000,0.0,0.0
2004-05-07 00:00:00+09:00,597.7175903320312,597.7175903320312,597.7175903320312,597.7175903320312,4000,0.0,0.0
2004-05-10 00:00:00+09:00,598.2659550938038,598.2659550938038,597.7175903320312,597.7175903320312,3000,0.0,0.0
2004-05-11 00:00:00+09:00,559.3319091796875,575.7828476849725,559.3319091796875,559.3319091796875,7000,0.0,0.0
2004-05-12 00:00:00+09:00,575.7830810546875,575.7830810546875,575.7830810546875,575.7830810546875,2000,0.0,0.0
2004-05-13 00:00:00+09:00,559.3319073932927,562.07373046875,554.3966258574695,562.07373046875,5000,0.0,0.0
2004-05-14 00:00:00+09:00,559.3319534469437,559.3319534469437,548.9130249023438,548.9130249023438,6000,0.0,0.0
2004-05-17 00:00:00+09:00,548.9130249023438,548.9130249023438,548.9130249023438,548.9130249023438,0,0.0,0.0
2004-05-18 00:00:00+09:00,533.5590209960938,533.5590209960938,533.5590209960938,533.5590209960938,6000,0.0,0.0
2004-05-19 00:00:00+09:00,537.3974858752554,537.3974858752554,536.84912109375,536.84912109375,5000,0.0,0.0
2004-05-20 00:00:00+09:00,537.3974609375,537.3974609375,537.3974609375,537.3974609375,2000,0.0,0.0
2004-05-21 00:00:00+09:00,537.3974609375,537.3974609375,537.3974609375,537.3974609375,3000,0.0,0.0
2004-05-24 00:00:00+09:00,537.94580078125,537.94580078125,537.94580078125,537.94580078125,1000,0.0,0.0
2004-05-25 00:00:00+09:00,543.4292865269075,543.4292865269075,540.1390991210938,540.1390991210938,8000,0.0,0.0
2004-05-26 00:00:00+09:00,540.6875192871095,548.3646240234375,540.139154663086,548.3646240234375,3000,0.0,0.0
2004-05-27 00:00:00+09:00,548.3646240234375,548.3646240234375,548.3646240234375,548.3646240234375,0,0.0,0.0
2004-05-28 00:00:00+09:00,559.3319091796875,559.3319091796875,559.3319091796875,559.3319091796875,1000,0.0,0.0
2004-05-31 00:00:00+09:00,559.3319091796875,559.3319091796875,559.3319091796875,559.3319091796875,0,0.0,0.0
2004-06-01 00:00:00+09:00,559.8802737965303,564.8155553481158,559.3319091796875,559.3319091796875,5300,0.0,0.0
2004-06-02 00:00:00+09:00,564.8157842726935,575.7830810546875,564.8157842726935,575.7830810546875,500,0.0,0.0
2004-06-03 00:00:00+09:00,581.2667236328125,592.2340203051298,581.2667236328125,581.2667236328125,2100,0.0,0.0
2004-06-04 00:00:00+09:00,575.7830810546875,575.7830810546875,575.7830810546875,575.7830810546875,300,0.0,0.0
2004-06-07 00:00:00+09:00,575.7830810546875,575.7830810546875,575.7830810546875,575.7830810546875,0,0.0,0.0
2004-06-08 00:00:00+09:00,575.7830810546875,575.7830810546875,575.7830810546875,575.7830810546875,200,0.0,0.0
2004-06-09 00:00:00+09:00,542.8809777832032,575.234490600586,542.3326131591797,548.3646240234375,10100,0.0,0.0
2004-06-10 00:00:00+09:00,548.3646240234375,548.3646240234375,548.3646240234375,548.3646240234375,0,0.0,0.0
2004-06-11 00:00:00+09:00,548.3646240234375,548.3646240234375,548.3646240234375,548.3646240234375,0,0.0,0.0
2004-06-14 00:00:00+09:00,559.3319091796875,559.3319091796875,558.7835445628447,559.3319091796875,4000,0.0,0.0
2004-06-15 00:00:00+09:00,548.9130249023438,548.9130249023438,548.9130249023438,548.9130249023438,200,0.0,0.0
2004-06-16 00:00:00+09:00,575.7830810546875,575.7830810546875,575.7830810546875,575.7830810546875,2500,0.0,0.0
2004-06-17 00:00:00+09:00,575.78308397503,575.78308397503,573.041259765625,573.041259765625,3000,0.0,0.0
2004-06-18 00:00:00+09:00,575.78308397503,575.78308397503,573.041259765625,573.041259765625,2000,0.0,0.0
2004-06-21 00:00:00+09:00,576.3314458937872,576.3314458937872,575.7830810546875,575.7830810546875,3500,0.0,0.0
2004-06-22 00:00:00+09:00,581.2667294456845,581.2667294456845,575.7830810546875,575.7830810546875,1100,0.0,0.0
2004-06-23 00:00:00+09:00,584.0086376327716,584.0086376327716,575.7831638632961,577.9766235351562,16400,0.0,0.0
2004-06-24 00:00:00+09:00,583.4600513599537,592.23388671875,583.4600513599537,592.23388671875,1800,0.0,0.0
2004-06-25 00:00:00+09:00,603.2011108398438,603.2011108398438,603.2011108398438,603.2011108398438,0,0.0,0.0
2004-06-28 00:00:00+09:00,609.233154296875,609.233154296875,609.233154296875,609.233154296875,1100,0.0,0.0
2004-06-29 00:00:00+09:00,630.619491318525,647.0704345703126,630.619491318525,647.0704345703125,4700,0.0,0.0
2004-06-30 00:00:00+09:00,647.0704345703126,647.0704345703126,647.0704345703126,647.0704345703125,200,0.0,0.0
2004-07-01 00:00:00+09:00,630.6194373783673,647.0703792230203,611.9750366210938,611.9750366210938,18800,0.0,0.0
2004-07-02 00:00:00+09:00,630.6194458007814,630.6194458007814,630.6194458007814,630.6194458007812,500,0.0,0.0
2004-07-05 00:00:00+09:00,630.6194458007814,630.6194458007814,630.6194458007814,630.6194458007812,3000,0.0,0.0
2004-07-06 00:00:00+09:00,630.619655299831,630.619655299831,608.68505859375,608.68505859375,3000,0.0,0.0
2004-07-07 00:00:00+09:00,630.6194458007814,630.6194458007814,630.6194458007814,630.6194458007812,500,0.0,0.0
2004-07-08 00:00:00+09:00,630.6194458007814,630.6194458007814,630.6194458007814,630.6194458007812,1000,0.0,0.0
2004-07-09 00:00:00+09:00,633.361269478176,633.361269478176,630.6194458007814,630.6194458007812,5000,0.0,0.0
2004-07-12 00:00:00+09:00,630.6194458007814,630.6194458007814,630.6194458007814,630.6194458007812,1400,0.0,0.0
2004-07-13 00:00:00+09:00,630.6193766349292,630.6193766349292,608.6847896215403,609.233154296875,3000,0.0,0.0
2004-07-14 00:00:00+09:00,630.6194458007814,630.6194458007814,630.6194458007814,630.6194458007812,300,0.0,0.0
2004-07-15 00:00:00+09:00,630.6194458007814,647.0703878651495,630.6194458007814,630.6194458007812,900,0.0,0.0
2004-07-16 00:00:00+09:00,636.6515502929688,636.6515502929688,636.6515502929688,636.6515502929688,100,0.0,0.0
2004-07-19 00:00:00+09:00,636.6515502929688,636.6515502929688,636.6515502929688,636.6515502929688,0,0.0,0.0
2004-07-20 00:00:00+09:00,642.1351928710938,642.1351928710938,642.1351928710938,642.1351928710938,100,0.0,0.0
2004-07-21 00:00:00+09:00,647.6187744140625,647.6187744140625,647.6187744140625,647.6187744140625,600,0.0,0.0
2004-07-22 00:00:00+09:00,653.1024169921875,653.1024169921875,653.1024169921875,653.1024169921875,0,0.0,0.0
2004-07-23 00:00:00+09:00,653.65087890625,653.65087890625,653.65087890625,653.65087890625,2700,0.0,0.0
2004-07-26 00:00:00+09:00,659.1344596216235,659.1344596216235,647.0704345703126,647.0704345703125,6300,0.0,0.0
2004-07-27 00:00:00+09:00,647.0704345703126,647.0704345703126,647.0704345703126,647.0704345703125,0,0.0,0.0
2004-07-28 00:00:00+09:00,647.0704345703126,647.0704345703126,647.0704345703126,647.0704345703125,0,0.0,0.0
2004-07-29 00:00:00+09:00,630.6194458007814,630.6194458007814,630.6194458007814,630.6194458007812,200,0.0,0.0
2004-07-30 00:00:00+09:00,630.6194458007814,630.6194458007814,630.6194458007814,630.6194458007812,3300,0.0,0.0
2004-08-02 00:00:00+09:00,603.7495737623133,630.6194458007814,602.6528442913553,630.6194458007812,6600,0.0,0.0
2004-08-03 00:00:00+09:00,630.6194458007814,630.6194458007814,630.6194458007814,630.6194458007812,0,0.0,0.0
2004-08-04 00:00:00+09:00,645.9736938476562,645.9736938476562,645.9736938476562,645.9736938476562,100,0.0,0.0
2004-08-05 00:00:00+09:00,645.9736938476562,645.9736938476562,645.9736938476562,645.9736938476562,0,0.0,0.0
2004-08-06 00:00:00+09:00,644.3287353515625,644.3287353515625,644.3287353515625,644.3287353515625,0,0.0,0.0
2004-08-09 00:00:00+09:00,644.3287353515625,644.3287353515625,644.3287353515625,644.3287353515625,0,0.0,0.0
2004-08-10 00:00:00+09:00,592.23388671875,592.23388671875,592.23388671875,592.23388671875,2000,0.0,0.0
2004-08-11 00:00:00+09:00,592.7822265625,592.7822265625,592.7822265625,592.7822265625,0,0.0,0.0
2004-08-12 00:00:00+09:00,592.7822265625,592.7822265625,592.7822265625,592.7822265625,0,0.0,0.0
2004-08-13 00:00:00+09:00,592.23388671875,592.23388671875,592.23388671875,592.23388671875,500,0.0,0.0
2004-08-16 00:00:00+09:00,592.23388671875,592.23388671875,592.23388671875,592.23388671875,1000,0.0,0.0
2004-08-17 00:00:00+09:00,592.23388671875,592.23388671875,592.23388671875,592.23388671875,0,0.0,0.0
2004-08-18 00:00:00+09:00,592.23388671875,592.23388671875,592.23388671875,592.23388671875,0,0.0,0.0
2004-08-19 00:00:00+09:00,592.23388671875,592.23388671875,591.6855220088252,592.23388671875,9600,0.0,0.0
2004-08-20 00:00:00+09:00,592.23388671875,592.23388671875,592.23388671875,592.23388671875,0,0.0,0.0
2004-08-23 00:00:00+09:00,592.23388671875,592.23388671875,592.23388671875,592.23388671875,200,0.0,0.0
2004-08-24 00:00:00+09:00,597.7175903320312,597.7175903320312,597.7175903320312,597.7175903320312,4900,0.0,0.0
2004-08-25 00:00:00+09:00,603.2011108398438,603.2011108398438,603.2011108398438,603.2011108398438,0,0.0,0.0
2004-08-26 00:00:00+09:00,608.68505859375,608.68505859375,608.68505859375,608.68505859375,0,0.0,0.0
2004-08-27 00:00:00+09:00,614.1685180664064,614.1685180664064,614.1685180664064,614.1685180664062,100,0.0,0.0
2004-08-30 00:00:00+09:00,619.6521606445314,619.6521606445314,619.6521606445314,619.6521606445312,200,0.0,0.0
2004-08-31 00:00:00+09:00,625.1357421875,625.1357421875,625.1357421875,625.1357421875,100,0.0,0.0
2004-09-01 00:00:00+09:00,625.1357421875,625.1357421875,625.1357421875,625.1357421875,2400,0.0,0.0
2004-09-02 00:00:00+09:00,630.6194605146136,630.6194605146136,614.1685180664064,614.1685180664062,600,0.0,0.0
2004-09-03 00:00:00+09:00,614.1685180664064,614.1685180664064,614.1685180664064,614.1685180664062,0,0.0,0.0
2004-09-06 00:00:00+09:00,614.1685180664064,614.1685180664064,614.1685180664064,614.1685180664062,0,0.0,0.0
2004-09-07 00:00:00+09:00,614.1685180664064,614.1685180664064,614.1685180664064,614.1685180664062,0,0.0,0.0
2004-09-08 00:00:00+09:00,592.23388671875,592.23388671875,592.23388671875,592.23388671875,100,0.0,0.0
2004-09-09 00:00:00+09:00,592.23388671875,592.23388671875,592.23388671875,592.23388671875,0,0.0,0.0
2004-09-10 00:00:00+09:00,592.23388671875,592.23388671875,592.23388671875,592.23388671875,0,0.0,0.0
2004-09-13 00:00:00+09:00,592.23388671875,592.23388671875,592.23388671875,592.23388671875,0,0.0,0.0
2004-09-14 00:00:00+09:00,592.23388671875,592.23388671875,592.23388671875,592.23388671875,0,0.0,0.0
2004-09-15 00:00:00+09:00,592.23388671875,592.23388671875,592.23388671875,592.23388671875,700,0.0,0.0
2004-09-16 00:00:00+09:00,575.7830810546875,575.7830810546875,575.7830810546875,575.7830810546875,0,0.0,0.0
2004-09-17 00:00:00+09:00,575.7830810546875,575.7830810546875,575.7830810546875,575.7830810546875,0,0.0,0.0
2004-09-20 00:00:00+09:00,575.7830810546875,575.7830810546875,575.7830810546875,575.7830810546875,0,0.0,0.0
2004-09-21 00:00:00+09:00,537.3974609375,537.3974609375,537.3974609375,537.3974609375,700,0.0,0.0
2004-09-22 00:00:00+09:00,537.3975393194902,537.3975393194902,520.9465942382812,520.9465942382812,500,0.0,0.0
2004-09-23 00:00:00+09:00,520.9465942382812,520.9465942382812,520.9465942382812,520.9465942382812,0,0.0,0.0
2004-09-24 00:00:00+09:00,526.4301147460938,526.4301147460938,526.4301147460938,526.4301147460938,900,0.0,0.0
2004-09-27 00:00:00+09:00,537.9458307325225,537.9458307325225,531.913818359375,531.913818359375,3200,0.0,0.0
2004-09-28 00:00:00+09:00,539.0426635742188,539.0426635742188,539.0426635742188,539.0426635742188,700,0.0,0.0
2004-09-29 00:00:00+09:00,544.5261547195009,550.5581665039062,544.5261547195009,550.5581665039062,3000,0.0,0.0
2004-09-30 00:00:00+09:00,556.0416870117188,556.0416870117188,556.0416870117188,556.0416870117188,200,0.0,0.0
2004-10-01 00:00:00+09:00,556.0416870117188,556.0416870117188,556.0416870117188,556.0416870117188,3600,0.0,0.0
2004-10-04 00:00:00+09:00,553.8482666015625,553.8482666015625,553.8482666015625,553.8482666015625,0,0.0,0.0
2004-10-05 00:00:00+09:00,553.8482666015625,553.8482666015625,553.8482666015625,553.8482666015625,0,0.0,0.0
2004-10-06 00:00:00+09:00,553.8482666015625,553.8482666015625,553.8482666015625,553.8482666015625,0,0.0,0.0
2004-10-07 00:00:00+09:00,548.3646240234375,548.3646240234375,548.3646240234375,548.3646240234375,0,0.0,0.0
2004-10-08 00:00:00+09:00,537.3974609375,537.3974609375,537.3974609375,537.3974609375,200,0.0,0.0
2004-10-11 00:00:00+09:00,537.3974609375,537.3974609375,537.3974609375,537.3974609375,0,0.0,0.0
2004-10-12 00:00:00+09:00,537.3974609375,537.3974609375,537.3974609375,537.3974609375,100,0.0,0.0
2004-10-13 00:00:00+09:00,537.3974609375,537.3974609375,537.3974609375,537.3974609375,1000,0.0,0.0
2004-10-14 00:00:00+09:00,537.3974609375,537.3974609375,537.3974609375,537.3974609375,0,0.0,0.0
2004-10-15 00:00:00+09:00,526.4301147460938,526.4301147460938,526.4301147460938,526.4301147460938,1000,0.0,0.0
2004-10-18 00:00:00+09:00,526.9786376953125,526.9786376953125,526.9786376953125,526.9786376953125,0,0.0,0.0
2004-10-19 00:00:00+09:00,527.5270385742188,527.5270385742188,527.5270385742188,527.5270385742188,0,0.0,0.0
2004-10-20 00:00:00+09:00,528.0752563476562,528.0752563476562,528.0752563476562,528.0752563476562,0,0.0,0.0
2004-10-21 00:00:00+09:00,529.172119140625,529.172119140625,529.172119140625,529.172119140625,0,0.0,0.0
2004-10-22 00:00:00+09:00,573.58935546875,573.58935546875,573.58935546875,573.58935546875,100,0.0,0.0
2004-10-25 00:00:00+09:00,573.58935546875,573.58935546875,573.58935546875,573.58935546875,3100,0.0,0.0
2004-10-26 00:00:00+09:00,579.0732421875,579.0732421875,579.0732421875,579.0732421875,2000,0.0,0.0
2004-10-27 00:00:00+09:00,584.5568237304688,584.5568237304688,584.5568237304688,584.5568237304688,0,0.0,0.0
2004-10-28 00:00:00+09:00,590.0404052734375,590.0404052734375,590.0404052734375,590.0404052734375,0,0.0,0.0
2004-10-29 00:00:00+09:00,595.5240478515625,595.5240478515625,595.5240478515625,595.5240478515625,0,0.0,0.0
2004-11-01 00:00:00+09:00,601.0078735351562,601.0078735351562,601.0078735351562,601.0078735351562,1800,0.0,0.0
2004-11-02 00:00:00+09:00,606.4913940429688,606.4913940429688,606.4913940429688,606.4913940429688,0,0.0,0.0
2004-11-03 00:00:00+09:00,606.4913940429688,606.4913940429688,606.4913940429688,606.4913940429688,0,0.0,0.0
2004-11-04 00:00:00+09:00,611.9750366210938,611.9750366210938,611.9750366210938,611.9750366210938,1400,0.0,0.0
2004-11-05 00:00:00+09:00,603.2011108398438,603.2011108398438,603.2011108398438,603.2011108398438,0,0.0,0.0
2004-11-08 00:00:00+09:00,644.3284593061968,644.3284593061968,603.2011108398438,603.2011108398438,400,0.0,0.0
2004-11-09 00:00:00+09:00,603.2011108398438,603.2011108398438,603.2011108398438,603.2011108398438,0,0.0,0.0
2004-11-10 00:00:00+09:00,603.2011108398438,603.2011108398438,603.2011108398438,603.2011108398438,100,0.0,0.0
2004-11-11 00:00:00+09:00,603.2011809172453,603.2011809172453,592.23388671875,592.23388671875,500,0.0,0.0
2004-11-12 00:00:00+09:00,592.7821349503929,592.7821349503929,559.331894217762,563.7188110351562,9800,0.0,0.0
2004-11-15 00:00:00+09:00,564.8155879881865,565.3639526367188,563.1704940425898,565.3639526367188,4000,0.0,0.0
2004-11-16 00:00:00+09:00,562.6220968807445,563.1704614975873,559.3319091796875,559.3319091796875,2200,0.0,0.0
2004-11-17 00:00:00+09:00,559.3320564191365,559.3320564191365,524.2367117026417,531.913818359375,4300,0.0,0.0
2004-11-18 00:00:00+09:00,529.172119140625,531.9139435921307,526.4302946891191,529.172119140625,2200,0.0,0.0
2004-11-19 00:00:00+09:00,528.075372270543,533.5590209960938,528.075372270543,533.5590209960938,4100,0.0,0.0
2004-11-22 00:00:00+09:00,533.0106793102364,545.07470703125,529.7204899317782,545.07470703125,900,0.0,0.0
2004-11-23 00:00:00+09:00,545.07470703125,545.07470703125,545.07470703125,545.07470703125,0,0.0,0.0
2004-11-24 00:00:00+09:00,542.3326911290486,542.3326911290486,524.2366559346517,526.4301147460938,12900,0.0,0.0
2004-11-25 00:00:00+09:00,528.0751860550756,528.0751860550756,524.2366333007812,524.2366333007812,800,0.0,0.0
2004-11-26 00:00:00+09:00,524.7849979799662,526.4300920175209,524.2366333007812,524.2366333007812,900,0.0,0.0
2004-11-29 00:00:00+09:00,525.8818099747842,525.8818099747842,514.3661499023438,514.3661499023438,800,0.0,0.0
2004-11-30 00:00:00+09:00,508.88239278590424,515.4627685546875,499.560193780128,515.4627685546875,2700,0.0,0.0
2004-12-01 00:00:00+09:00,514.9143884650484,514.9143884650484,502.302001953125,502.302001953125,4000,0.0,0.0
2004-12-02 00:00:00+09:00,502.3021941109989,502.3021941109989,488.04470825195307,488.0447082519531,2500,0.0,0.0
2004-12-03 00:00:00+09:00,490.7864755128092,491.3348402899185,468.8518844284378,470.4969787597656,3200,0.0,0.0
2004-12-06 00:00:00+09:00,471.0452715311018,484.2060241699219,471.0452715311018,484.2060241699219,1800,0.0,0.0
2004-12-07 00:00:00+09:00,489.14143793341816,489.14143793341816,480.36760048169765,488.0447082519531,1300,0.0,0.0
2004-12-08 00:00:00+09:00,477.0773582953911,506.6890563964844,477.0773582953911,506.6890563964844,3700,0.0,0.0
2004-12-09 00:00:00+09:00,505.5923572887073,505.5923572887073,494.07669622247863,494.62506103515625,1800,0.0,0.0
2004-12-10 00:00:00+09:00,494.6250610351562,494.6250610351562,494.6250610351562,494.62506103515625,0,0.0,0.0
2004-12-13 00:00:00+09:00,496.27000657902204,496.27000657902204,471.5935974121094,471.5935974121094,2200,0.0,0.0
2004-12-14 00:00:00+09:00,472.141962060263,472.141962060263,471.0452327639557,471.5935974121094,4000,0.0,0.0
2004-12-15 00:00:00+09:00,471.59358408056016,477.0772304070783,471.59358408056016,473.2386779785156,1600,0.0,0.0
2004-12-16 00:00:00+09:00,478.72245119268246,482.56100463867193,478.72245119268246,482.5610046386719,1600,0.0,0.0
2004-12-17 00:00:00+09:00,488.04458722915473,488.04458722915473,479.270751953125,479.270751953125,2500,0.0,0.0
2004-12-20 00:00:00+09:00,477.62580918134273,486.9480121159958,477.62580918134273,485.30291748046875,3800,0.0,0.0
2004-12-21 00:00:00+09:00,485.3027827482468,493.5282536422849,483.10932384317,492.9798889160156,1600,0.0,0.0
2004-12-22 00:00:00+09:00,492.97990960421055,503.9472045898437,492.97990960421055,503.94720458984375,2200,0.0,0.0
2004-12-23 00:00:00+09:00,503.9472045898437,503.9472045898437,503.9472045898437,503.94720458984375,0,0.0,0.0
2004-12-24 00:00:00+09:00,502.8504831783107,502.8504831783107,494.07664704870007,501.7537536621094,8800,0.0,0.0
2004-12-27 00:00:00+09:00,501.7537536621094,501.7537536621094,501.2053889040087,501.7537536621094,900,0.0,0.0
2004-12-28 00:00:00+09:00,501.2054914322692,501.2054914322692,474.3356127887449,475.4323425292969,5300,0.0,0.0
2004-12-29 00:00:00+09:00,475.43232557896204,486.39962259347095,475.43232557896204,479.8192443847656,1700,0.0,0.0
2004-12-30 00:00:00+09:00,479.8191584408555,480.3675231933594,479.8191584408555,480.3675231933594,200,0.0,0.0
2004-12-31 00:00:00+09:00,480.3675231933594,480.3675231933594,480.3675231933594,480.3675231933594,0,0.0,0.0
2005-01-03 00:00:00+09:00,480.3675231933594,480.3675231933594,480.3675231933594,480.3675231933594,0,0.0,0.0
2005-01-04 00:00:00+09:00,482.56100463867193,482.56100463867193,482.56100463867193,482.5610046386719,500,0.0,0.0
2005-01-05 00:00:00+09:00,492.4315185546875,492.4315185546875,488.04460079473483,492.4315185546875,400,0.0,0.0
2005-01-06 00:00:00+09:00,497.9152444527441,507.2374461660664,493.5283259994159,506.1407165527344,7800,0.0,0.0
2005-01-07 00:00:00+09:00,493.52827984353775,504.4955749511719,492.979915088156,504.4955749511719,6800,0.0,0.0
2005-01-10 00:00:00+09:00,504.4955749511719,504.4955749511719,504.4955749511719,504.4955749511719,0,0.0,0.0
2005-01-11 00:00:00+09:00,507.23739308553365,507.23739308553365,496.81846284918214,503.94720458984375,1500,0.0,0.0
2005-01-12 00:00:00+09:00,499.56015186436133,499.56015186436133,496.26996425603403,496.8183288574219,600,0.0,0.0
2005-01-13 00:00:00+09:00,502.30213479038895,504.49559389427714,497.3668518066406,497.3668518066406,2400,0.0,0.0
2005-01-14 00:00:00+09:00,496.27010362044626,504.4955749511719,496.27010362044626,504.4955749511719,3500,0.0,0.0
2005-01-17 00:00:00+09:00,499.5602529970736,501.75371184667654,499.5602529970736,500.656982421875,1200,0.0,0.0
2005-01-18 00:00:00+09:00,502.30211034199874,506.14066358697033,502.30211034199874,503.94720458984375,5400,0.0,0.0
2005-01-19 00:00:00+09:00,531.9137079766456,531.9137079766456,515.4627685546875,515.4627685546875,8500,0.0,0.0
2005-01-20 00:00:00+09:00,521.4949590743215,521.4949590743215,510.52766235351567,520.9465942382812,1700,0.0,0.0
2005-01-21 00:00:00+09:00,520.9465132256244,520.9465132256244,516.01123046875,516.01123046875,3800,0.0,0.0
2005-01-24 00:00:00+09:00,516.0112391604654,519.8497924804688,515.4628744004648,519.8497924804688,9400,0.0,0.0
2005-01-25 00:00:00+09:00,519.8497383117675,526.4301147460938,517.6562795003255,526.4301147460938,2500,0.0,0.0
2005-01-26 00:00:00+09:00,529.1719382603964,529.1719382603964,526.4301147460938,526.4301147460938,900,0.0,0.0
2005-01-27 00:00:00+09:00,525.3335129266036,526.4302425986842,511.62439202559625,520.9465942382812,1400,0.0,0.0
2005-01-28 00:00:00+09:00,520.9465942382812,520.9465942382812,520.9465942382812,520.9465942382812,0,0.0,0.0
2005-01-31 00:00:00+09:00,515.4629458778783,520.9465942382812,515.4629458778783,520.9465942382812,1900,0.0,0.0
2005-02-01 00:00:00+09:00,521.4948120117188,525.333364781521,520.9464473303184,521.4948120117188,1200,0.0,0.0
2005-02-02 00:00:00+09:00,526.9785931865985,535.7524303260216,526.9785931865985,534.6557006835938,3200,0.0,0.0
2005-02-03 00:00:00+09:00,540.1393097827822,540.1393097827822,536.3007563122446,536.84912109375,3900,0.0,0.0
2005-02-04 00:00:00+09:00,540.1393348990287,540.1393348990287,536.30078125,536.30078125,2700,0.0,0.0
2005-02-07 00:00:00+09:00,539.0423207384474,541.2357788085938,536.8488626683012,541.2357788085938,2600,0.0,0.0
2005-02-08 00:00:00+09:00,546.7196655273438,546.7196655273438,545.6229360077302,546.7196655273438,3000,0.0,0.0
2005-02-09 00:00:00+09:00,552.7515410156251,552.7515410156251,545.6228009033204,548.3646240234375,3200,0.0,0.0
2005-02-10 00:00:00+09:00,548.3648098892902,548.3648098892902,545.6229858398438,545.6229858398438,500,0.0,0.0
2005-02-11 00:00:00+09:00,545.6229858398438,545.6229858398438,545.6229858398438,545.6229858398438,0,0.0,0.0
2005-02-14 00:00:00+09:00,547.8164450794009,547.8164450794009,545.6229858398438,545.6229858398438,5100,0.0,0.0
2005-02-15 00:00:00+09:00,547.8163452148438,547.8163452148438,542.8810628255208,547.8163452148438,1500,0.0,0.0
2005-02-16 00:00:00+09:00,543.4295155197711,547.8164339094363,543.4295155197711,544.5262451171875,1900,0.0,0.0
2005-02-17 00:00:00+09:00,539.0423699858225,540.1390991210938,539.0423699858225,540.1390991210938,1200,0.0,0.0
2005-02-18 00:00:00+09:00,545.6228841348474,550.5581665039062,542.3326958888081,550.5581665039062,3600,0.0,0.0
2005-02-21 00:00:00+09:00,558.783677730075,560.4287719726562,548.3647475270609,560.4287719726562,5700,0.0,0.0
2005-02-22 00:00:00+09:00,560.4287719726562,560.4287719726562,557.686948235021,560.4287719726562,1900,0.0,0.0
2005-02-23 00:00:00+09:00,568.7767665777923,568.7767665777923,542.6197137116902,548.7415771484375,9300,15.0,0.0
2005-02-24 00:00:00+09:00,553.7504909083889,555.9766235351562,550.4112919682378,555.9766235351562,3700,0.0,0.0
2005-02-25 00:00:00+09:00,561.5419551020748,564.8811540422258,555.9766235351562,555.9766235351562,1500,0.0,0.0
2005-02-28 00:00:00+09:00,562.0983185639253,577.1247092582084,556.5329886771538,576.5681762695312,6100,0.0,0.0
2005-03-01 00:00:00+09:00,576.5681296233394,576.5681296233394,576.0115966796875,576.0115966796875,4400,0.0,0.0
2005-03-02 00:00:00+09:00,570.446334003809,570.446334003809,557.0895417929881,559.315673828125,2300,0.0,0.0
2005-03-03 00:00:00+09:00,562.6547960163821,562.6547960163821,559.3155984139111,559.8721313476562,800,0.0,0.0
2005-03-04 00:00:00+09:00,562.6548927518219,563.21142578125,562.6548927518219,563.21142578125,700,0.0,0.0
2005-03-07 00:00:00+09:00,564.8808917230327,568.7766220107777,564.8808917230327,565.9939575195312,4400,0.0,0.0
2005-03-08 00:00:00+09:00,566.550537109375,566.550537109375,566.550537109375,566.550537109375,1700,0.0,0.0
2005-03-09 00:00:00+09:00,573.2289319614282,579.3507943415988,573.2289319614282,576.0115966796875,10800,0.0,0.0
2005-03-10 00:00:00+09:00,577.1247092582084,586.58577006572,576.5681762695312,576.5681762695312,11300,0.0,0.0
2005-03-11 00:00:00+09:00,584.359755471488,595.4904174804688,584.359755471488,595.4904174804688,12200,0.0,0.0
2005-03-14 00:00:00+09:00,595.4904410884066,595.4904410884066,589.9251098632812,589.9251098632812,3200,0.0,0.0
2005-03-15 00:00:00+09:00,592.7075232424617,594.9336547851562,592.7075232424617,594.9336547851562,3100,0.0,0.0
2005-03-16 00:00:00+09:00,603.2817848592309,606.6209829304075,602.7252518473682,603.8383178710938,3300,0.0,0.0
2005-03-17 00:00:00+09:00,603.2817848592309,603.8383178710936,601.0556528117799,603.8383178710938,7600,0.0,0.0
2005-03-18 00:00:00+09:00,603.8383291739004,606.620994285301,598.2729989510996,601.0556640625,9600,0.0,0.0
2005-03-21 00:00:00+09:00,601.0556640625,601.0556640625,601.0556640625,601.0556640625,0,0.0,0.0
2005-03-22 00:00:00+09:00,609.4036479897213,609.4036479897213,601.0556528117799,603.8383178710938,1700,0.0,0.0
2005-03-23 00:00:00+09:00,601.0555666706622,616.6384887695312,601.0555666706622,616.6384887695312,18700,0.0,0.0
2005-03-24 00:00:00+09:00,616.638689793578,616.638689793578,606.62109375,606.62109375,800,0.0,0.0
2005-03-25 00:00:00+09:00,607.7340698242188,607.7340698242188,601.055673452524,607.7340698242188,2600,0.0,0.0
2005-03-28 00:00:00+09:00,596.6034092047275,607.7340698242188,596.6034092047275,607.7340698242188,3200,0.0,0.0
2005-03-29 00:00:00+09:00,606.0644499185447,606.0644499185447,603.8383178710936,603.8383178710938,900,0.0,0.0
2005-03-30 00:00:00+09:00,603.8383291739004,604.9513952184607,596.6033998842593,601.0556640625,3100,0.0,0.0
2005-03-31 00:00:00+09:00,601.0557484849592,601.0557484849592,595.4904174804688,595.4904174804688,1000,0.0,0.0
2005-04-01 00:00:00+09:00,584.359755471488,595.4904174804688,584.359755471488,595.4904174804688,7000,0.0,0.0
2005-04-04 00:00:00+09:00,601.0557484849592,601.0557484849592,595.4904174804688,595.4904174804688,3200,0.0,0.0
2005-04-05 00:00:00+09:00,596.0468557050151,603.8383178710936,596.0468557050151,603.8383178710938,1200,0.0,0.0
2005-04-06 00:00:00+09:00,603.8382789789244,605.5078779069768,595.4902843386628,598.27294921875,800,0.0,0.0
2005-04-07 00:00:00+09:00,598.273082982714,598.273082982714,595.4904174804688,595.4904174804688,200,0.0,0.0
2005-04-08 00:00:00+09:00,596.0468668619792,601.0556640625,595.4903338396991,601.0556640625,600,0.0,0.0
2005-04-11 00:00:00+09:00,601.0556640625,601.0556640625,597.7164659288195,601.0556640625,1000,0.0,0.0
2005-04-12 00:00:00+09:00,601.0557484849592,601.0557484849592,595.4904174804688,595.4904174804688,600,0.0,0.0
2005-04-13 00:00:00+09:00,592.7077519782237,595.4904174804688,586.5858878732843,595.4904174804688,2500,0.0,0.0
2005-04-14 00:00:00+09:00,595.4904174804688,595.4904174804688,595.4904174804688,595.4904174804688,700,0.0,0.0
2005-04-15 00:00:00+09:00,594.9339320010231,594.9339320010231,584.3598022460938,584.3598022460938,900,0.0,0.0
2005-04-18 00:00:00+09:00,568.2201572027438,570.4462890625,562.0982945884147,570.4462890625,10400,0.0,0.0
2005-04-19 00:00:00+09:00,567.1072097165577,568.2202758789062,567.1072097165577,568.2202758789062,2300,0.0,0.0
2005-04-20 00:00:00+09:00,573.7856066906487,573.7856066906487,568.2202758789062,568.2202758789062,800,0.0,0.0
2005-04-21 00:00:00+09:00,569.889892578125,569.889892578125,569.889892578125,569.889892578125,0,0.0,0.0
2005-04-22 00:00:00+09:00,573.7856724911645,584.3598022460938,573.7856724911645,584.3598022460938,3000,0.0,0.0
2005-04-25 00:00:00+09:00,562.0983810424805,583.2466369628905,562.0983810424805,578.7943725585938,9900,0.0,0.0
2005-04-26 00:00:00+09:00,569.3331909179688,569.3331909179688,569.3331909179688,569.3331909179688,600,0.0,0.0
2005-04-27 00:00:00+09:00,569.3333184270575,570.4463845432394,562.098388671875,562.098388671875,2200,0.0,0.0
2005-04-28 00:00:00+09:00,571.5594506594214,571.5594506594214,562.098388671875,562.098388671875,1400,0.0,0.0
2005-04-29 00:00:00+09:00,562.098388671875,562.098388671875,562.098388671875,562.098388671875,0,0.0,0.0
2005-05-02 00:00:00+09:00,563.21142578125,563.21142578125,563.21142578125,563.21142578125,1600,0.0,0.0
2005-05-03 00:00:00+09:00,563.21142578125,563.21142578125,563.21142578125,563.21142578125,0,0.0,0.0
2005-05-04 00:00:00+09:00,563.21142578125,563.21142578125,563.21142578125,563.21142578125,0,0.0,0.0
2005-05-05 00:00:00+09:00,563.21142578125,563.21142578125,563.21142578125,563.21142578125,0,0.0,0.0
2005-05-06 00:00:00+09:00,571.5595168203678,589.9251098632812,568.7768512078052,589.9251098632812,7700,0.0,0.0
2005-05-09 00:00:00+09:00,589.9249202709843,589.9249202709843,576.0115966796875,576.0115966796875,1400,0.0,0.0
2005-05-10 00:00:00+09:00,574.8985773034998,576.5681762695312,574.8985773034998,576.5681762695312,200,0.0,0.0
2005-05-11 00:00:00+09:00,587.1424560546875,587.1424560546875,587.1424560546875,587.1424560546875,100,0.0,0.0
2005-05-12 00:00:00+09:00,584.3597528923071,584.3597528923071,581.5770874023438,581.5770874023438,200,0.0,0.0
2005-05-13 00:00:00+09:00,580.463971710205,580.463971710205,578.7943725585938,578.7943725585938,2300,0.0,0.0
2005-05-16 00:00:00+09:00,578.794470796131,584.3598022460938,578.794470796131,584.3598022460938,4300,0.0,0.0
2005-05-17 00:00:00+09:00,584.3597030639648,584.3597030639648,578.7943725585938,578.7943725585938,4000,0.0,0.0
2005-05-18 00:00:00+09:00,583.80322265625,583.80322265625,583.80322265625,583.80322265625,900,0.0,0.0
2005-05-19 00:00:00+09:00,583.8031700134277,584.3597030639648,578.7943725585938,578.7943725585938,1900,0.0,0.0
2005-05-20 00:00:00+09:00,578.794404540547,579.907470703125,578.794404540547,579.907470703125,200,0.0,0.0
2005-05-23 00:00:00+09:00,611.0733586582569,611.0733586582569,597.1600308199542,606.62109375,10400,0.0,0.0
2005-05-24 00:00:00+09:00,606.62109375,607.1776268635322,606.62109375,606.62109375,3700,0.0,0.0
2005-05-25 00:00:00+09:00,606.6209071600196,606.6209071600196,595.4902483130468,604.394775390625,2500,0.0,0.0
2005-05-26 00:00:00+09:00,605.5080315767585,605.5080315767585,584.3597731209526,585.4728393554688,2500,0.0,0.0
2005-05-27 00:00:00+09:00,585.472769165039,585.472769165039,574.3421081542969,578.7943725585938,10700,0.0,0.0
2005-05-30 00:00:00+09:00,578.7942325367646,578.7942325367646,559.315580480239,567.66357421875,10900,0.0,0.0
2005-05-31 00:00:00+09:00,570.4463768005371,578.7943725585938,567.6637115478516,578.7943725585938,3700,0.0,0.0
2005-06-01 00:00:00+09:00,584.3597557569709,584.3597557569709,583.80322265625,583.80322265625,3600,0.0,0.0
2005-06-02 00:00:00+09:00,589.3684692382812,589.3684692382812,589.3684692382812,589.3684692382812,3200,0.0,0.0
2005-06-03 00:00:00+09:00,595.49018767083,595.49018767083,593.8205890138089,594.9336547851562,6600,0.0,0.0
2005-06-06 00:00:00+09:00,594.9338983658257,606.62109375,594.3773652522935,606.62109375,9800,0.0,0.0
2005-06-07 00:00:00+09:00,606.064560636468,606.62109375,606.064560636468,606.62109375,4500,0.0,0.0
2005-06-08 00:00:00+09:00,606.6210794894495,606.6210794894495,595.4904174804688,595.4904174804688,2400,0.0,0.0
2005-06-09 00:00:00+09:00,596.0468963817426,611.6298217773438,595.4903633318997,611.6298217773438,1900,0.0,0.0
2005-06-10 00:00:00+09:00,611.6298217773438,611.6298217773438,611.6298217773438,611.6298217773438,200,0.0,0.0
2005-06-13 00:00:00+09:00,606.62109375,606.62109375,606.62109375,606.62109375,100,0.0,0.0
2005-06-14 00:00:00+09:00,583.8032691010975,584.3598022460938,583.8032691010975,584.3598022460938,1900,0.0,0.0
2005-06-15 00:00:00+09:00,584.3598022460938,584.9163353910901,562.6550095912389,584.3598022460938,3800,0.0,0.0
2005-06-16 00:00:00+09:00,584.3597030639648,584.9162361145019,578.7943725585938,578.7943725585938,4100,0.0,0.0
2005-06-17 00:00:00+09:00,579.3509521484375,579.3509521484375,579.3509521484375,579.3509521484375,2000,0.0,0.0
2005-06-20 00:00:00+09:00,579.9075370861235,584.3598022460938,579.9075370861235,584.3598022460938,2600,0.0,0.0
2005-06-21 00:00:00+09:00,584.9162144024276,605.5079365079365,584.359681372549,596.046875,3500,0.0,0.0
2005-06-22 00:00:00+09:00,584.9163353910901,585.4728685360864,584.3598022460938,584.3598022460938,3200,0.0,0.0
2005-06-23 00:00:00+09:00,595.4902658734002,606.0643920898438,584.3596066981964,606.0643920898438,10300,0.0,0.0
2005-06-24 00:00:00+09:00,609.960122801165,609.960122801165,598.8294636259612,606.0643920898438,10100,0.0,0.0
2005-06-27 00:00:00+09:00,604.9515286109562,604.9515286109562,583.8032691010975,584.3598022460938,11500,0.0,0.0
2005-06-28 00:00:00+09:00,584.9162831008721,584.9162831008721,578.7944190531941,579.3509521484375,5100,0.0,0.0
2005-06-29 00:00:00+09:00,579.350937621836,579.907470703125,578.794404540547,579.907470703125,4600,0.0,0.0
2005-06-30 00:00:00+09:00,579.9074015957644,587.1423307903373,579.9074015957644,584.9161987304688,3500,0.0,0.0
2005-07-01 00:00:00+09:00,584.9161987304688,584.9161987304688,584.9161987304688,584.9161987304688,2600,0.0,0.0
2005-07-04 00:00:00+09:00,589.3684628502059,589.3684628502059,582.6900666706001,584.9161987304688,1400,0.0,0.0
2005-07-05 00:00:00+09:00,585.4727140237356,585.4727140237356,583.24658203125,583.24658203125,1200,0.0,0.0
2005-07-06 00:00:00+09:00,583.8031906521423,583.8031906521423,582.6901245117188,582.6901245117188,900,0.0,0.0
2005-07-07 00:00:00+09:00,578.7941963203201,589.9248539418647,567.6635386987755,573.785400390625,2700,0.0,0.0
2005-07-08 00:00:00+09:00,574.3419512927647,576.0115499883832,574.3419512927647,575.4550170898438,1600,0.0,0.0
2005-07-11 00:00:00+09:00,576.0116530556716,583.24658203125,576.0116530556716,583.24658203125,1800,0.0,0.0
2005-07-12 00:00:00+09:00,581.5768789737782,581.5768789737782,575.4550170898438,575.4550170898438,1400,0.0,0.0
2005-07-13 00:00:00+09:00,573.2288675095477,573.785400390625,573.2288675095477,573.785400390625,700,0.0,0.0
2005-07-14 00:00:00+09:00,574.3423145479369,574.3423145479369,573.229248046875,573.229248046875,1600,0.0,0.0
2005-07-15 00:00:00+09:00,573.785400390625,573.785400390625,573.785400390625,573.785400390625,1400,0.0,0.0
2005-07-18 00:00:00+09:00,573.785400390625,573.785400390625,573.785400390625,573.785400390625,0,0.0,0.0
2005-07-19 00:00:00+09:00,579.3509056091308,579.3509056091308,578.7943725585938,578.7943725585938,2200,0.0,0.0
2005-07-20 00:00:00+09:00,575.4552059341714,575.4552059341714,557.6461473365955,568.2202758789062,2500,0.0,0.0
2005-07-21 00:00:00+09:00,568.7767884143475,574.3421190250555,564.3245239257812,564.3245239257812,300,0.0,0.0
2005-07-22 00:00:00+09:00,564.3243591190537,575.4550170898438,564.3243591190537,575.4550170898438,1800,0.0,0.0
2005-07-25 00:00:00+09:00,575.455174255371,578.7943725585938,575.455174255371,578.7943725585938,5200,0.0,0.0
2005-07-26 00:00:00+09:00,583.2466369628905,583.2466369628905,578.7943725585938,578.7943725585938,2500,0.0,0.0
2005-07-27 00:00:00+09:00,578.7943804146039,578.7943804146039,562.098388671875,562.098388671875,1400,0.0,0.0
2005-07-28 00:00:00+09:00,578.23779296875,578.23779296875,578.23779296875,578.23779296875,100,0.0,0.0
2005-07-29 00:00:00+09:00,578.23779296875,578.23779296875,567.1071328538559,578.23779296875,1200,0.0,0.0
2005-08-01 00:00:00+09:00,578.23779296875,578.23779296875,578.23779296875,578.23779296875,3000,0.0,0.0
2005-08-02 00:00:00+09:00,582.1335127673386,582.1335127673386,581.0204467773438,581.0204467773438,500,0.0,0.0
2005-08-03 00:00:00+09:00,581.0204406178326,581.0204406178326,545.9588623046875,545.9588623046875,3800,0.0,0.0
2005-08-04 00:00:00+09:00,561.5418266929656,572.672487281528,561.5418266929656,563.21142578125,3000,0.0,0.0
2005-08-05 00:00:00+09:00,558.2026977539062,558.2026977539062,558.2026977539062,558.2026977539062,300,0.0,0.0
2005-08-08 00:00:00+09:00,558.2026977539062,558.2026977539062,558.2026977539062,558.2026977539062,0,0.0,0.0
2005-08-09 00:00:00+09:00,562.098388671875,562.098388671875,562.098388671875,562.098388671875,0,0.0,0.0
2005-08-10 00:00:00+09:00,562.0982730883907,576.0115966796875,562.0982730883907,576.0115966796875,2400,0.0,0.0
2005-08-11 00:00:00+09:00,587.1424212605755,587.1424212605755,583.80322265625,583.80322265625,1800,0.0,0.0
2005-08-12 00:00:00+09:00,583.8032169103852,583.8032169103852,579.3509521484375,579.3509521484375,400,0.0,0.0
2005-08-15 00:00:00+09:00,584.3599130574939,584.3599130574939,573.229248046875,573.229248046875,400,0.0,0.0
2005-08-16 00:00:00+09:00,573.2289033777573,573.2289033777573,567.66357421875,567.66357421875,200,0.0,0.0
2005-08-17 00:00:00+09:00,574.8984841913042,576.5680828869228,574.8984841913042,575.4550170898438,500,0.0,0.0
2005-08-18 00:00:00+09:00,575.4550170898438,575.4550170898438,575.4550170898438,575.4550170898438,0,0.0,0.0
2005-08-19 00:00:00+09:00,575.4550170898438,575.4550170898438,575.4550170898438,575.4550170898438,100,0.0,0.0
2005-08-22 00:00:00+09:00,582.6900936001699,582.6900936001699,556.5330406878413,560.4287719726562,8500,0.0,0.0
2005-08-23 00:00:00+09:00,571.0027465820312,571.0027465820312,562.6547532109489,571.0027465820312,900,0.0,0.0
2005-08-24 00:00:00+09:00,576.5681516768293,576.5681516768293,566.5505583079268,570.4462890625,7000,0.0,0.0
2005-08-25 00:00:00+09:00,562.098388671875,562.098388671875,562.098388671875,562.098388671875,300,0.0,0.0
2005-08-26 00:00:00+09:00,563.2113289501273,570.4462570888147,559.3155984139111,559.8721313476562,2000,0.0,0.0
2005-08-29 00:00:00+09:00,565.4375144319581,567.107113391895,561.5417835254387,564.8809814453125,1200,0.0,0.0
2005-08-30 00:00:00+09:00,564.3244484586669,564.8809814453125,558.7591185922106,564.8809814453125,3700,0.0,0.0
2005-08-31 00:00:00+09:00,564.8810248695344,564.8810248695344,563.21142578125,563.21142578125,500,0.0,0.0
2005-09-01 00:00:00+09:00,563.7680227925458,565.4376220703125,563.2114896999569,565.4376220703125,2800,0.0,0.0
2005-09-02 00:00:00+09:00,570.4462387982537,570.4462387982537,567.66357421875,567.66357421875,6500,0.0,0.0
2005-09-05 00:00:00+09:00,567.6637601852417,569.889892578125,567.1072270870209,569.889892578125,1800,0.0,0.0
2005-09-06 00:00:00+09:00,567.6636804199218,567.6636804199218,539.8370294189452,556.5330200195312,8100,0.0,0.0
2005-09-07 00:00:00+09:00,565.9941346969075,565.9941346969075,556.5330724650025,561.5418701171875,2900,0.0,0.0
2005-09-08 00:00:00+09:00,558.2025868142534,562.0983177292084,555.419921875,555.419921875,2400,0.0,0.0
2005-09-09 00:00:00+09:00,555.976432800293,560.9852294921875,555.976432800293,560.9852294921875,900,0.0,0.0
2005-09-12 00:00:00+09:00,564.8810625409747,564.8810625409747,557.089599609375,557.089599609375,900,0.0,0.0
2005-09-13 00:00:00+09:00,557.6461181640625,557.6461181640625,557.6461181640625,557.6461181640625,0,0.0,0.0
2005-09-14 00:00:00+09:00,557.6461326759179,557.6461326759179,557.089599609375,557.089599609375,1000,0.0,0.0
2005-09-15 00:00:00+09:00,562.098429443116,568.7768266246183,558.2026977539062,558.2026977539062,1600,0.0,0.0
2005-09-16 00:00:00+09:00,558.7592893186155,562.0984882587666,555.9766235351562,555.9766235351562,18100,0.0,0.0
2005-09-19 00:00:00+09:00,555.9766235351562,555.9766235351562,555.9766235351562,555.9766235351562,0,0.0,0.0
2005-09-20 00:00:00+09:00,556.5329657660591,560.9852294921875,556.5329657660591,560.9852294921875,3400,0.0,0.0
2005-09-21 00:00:00+09:00,557.0895851120026,558.2026512161225,557.0895851120026,557.6461181640625,1500,0.0,0.0
2005-09-22 00:00:00+09:00,556.5330200195312,560.9852841796875,556.5330200195312,556.5330200195312,8300,0.0,0.0
2005-09-23 00:00:00+09:00,556.5330200195312,556.5330200195312,556.5330200195312,556.5330200195312,0,0.0,0.0
2005-09-26 00:00:00+09:00,557.0895851120026,560.4287834243622,557.0895851120026,557.6461181640625,5100,0.0,0.0
2005-09-27 00:00:00+09:00,563.211448684662,563.211448684662,557.0895851120026,557.6461181640625,19900,0.0,0.0
2005-09-28 00:00:00+09:00,557.6461067692171,560.4287719726562,557.6461067692171,560.4287719726562,2000,0.0,0.0
2005-09-29 00:00:00+09:00,558.2026190795898,558.2026190795898,555.9764869995116,556.5330200195312,7900,0.0,0.0
2005-09-30 00:00:00+09:00,556.533008784204,559.315673828125,556.533008784204,559.315673828125,2800,0.0,0.0
2005-10-03 00:00:00+09:00,550.4112919682378,556.5331566918481,550.4112919682378,555.9766235351562,11300,0.0,0.0
2005-10-04 00:00:00+09:00,556.5331566918481,559.3158224753073,554.3070240650807,555.9766235351562,2500,0.0,0.0
2005-10-05 00:00:00+09:00,555.9764869995116,556.5330200195312,555.4199539794921,556.5330200195312,2200,0.0,0.0
2005-10-06 00:00:00+09:00,556.5330574799356,556.5330574799356,550.4111938476562,550.4111938476562,4000,0.0,0.0
2005-10-07 00:00:00+09:00,550.9677734375,550.9677734375,550.9677734375,550.9677734375,1800,0.0,0.0
2005-10-10 00:00:00+09:00,550.9677734375,550.9677734375,550.9677734375,550.9677734375,0,0.0,0.0
2005-10-11 00:00:00+09:00,550.9677734375,550.9677734375,549.8547072285353,550.9677734375,14300,0.0,0.0
2005-10-12 00:00:00+09:00,552.080793020096,552.637326077576,550.4111938476562,550.4111938476562,15600,0.0,0.0
2005-10-13 00:00:00+09:00,550.4111938476562,557.0895905374155,549.8546607901764,550.4111938476562,6400,0.0,0.0
2005-10-14 00:00:00+09:00,550.4112403330176,550.9677734375,549.8547072285353,550.9677734375,6600,0.0,0.0
2005-10-17 00:00:00+09:00,550.9677734375,553.1939058554292,549.8547072285353,550.9677734375,2600,0.0,0.0
2005-10-18 00:00:00+09:00,549.2979125976562,551.5240439557015,548.741379758145,549.2979125976562,10000,0.0,0.0
2005-10-19 00:00:00+09:00,548.1850087691327,549.8546077806122,545.40234375,545.40234375,6800,0.0,0.0
2005-10-20 00:00:00+09:00,548.7416410195707,555.4200382733585,548.7416410195707,550.9677734375,3000,0.0,0.0
2005-10-21 00:00:00+09:00,548.1850441087332,549.2981101881418,548.1850441087332,548.7415771484375,5100,0.0,0.0
2005-10-24 00:00:00+09:00,550.9675795972048,556.5329086840453,550.9675795972048,553.750244140625,8000,0.0,0.0
2005-10-25 00:00:00+09:00,559.3155732274655,559.8721061361496,553.750244140625,553.750244140625,23200,0.0,0.0
2005-10-26 00:00:00+09:00,555.9765280097193,567.663722292206,555.9765280097193,564.3245239257812,13900,0.0,0.0
2005-10-27 00:00:00+09:00,564.3244484586669,564.8809814453125,564.3244484586669,564.8809814453125,2700,0.0,0.0
2005-10-28 00:00:00+09:00,566.5505804052494,571.0028442984144,564.3244484586669,564.8809814453125,4600,0.0,0.0
2005-10-31 00:00:00+09:00,570.4464254424903,611.6298746939482,570.4464254424903,581.5770874023438,7100,0.0,0.0
2005-11-01 00:00:00+09:00,584.9162857599598,593.820815324336,584.9162857599598,593.2642822265625,9700,0.0,0.0
2005-11-02 00:00:00+09:00,598.8295207643289,606.6209829304075,588.2553935389365,603.8383178710938,9000,0.0,0.0
2005-11-03 00:00:00+09:00,603.8383178710936,603.8383178710936,603.8383178710936,603.8383178710938,0,0.0,0.0
2005-11-04 00:00:00+09:00,606.6209910793376,606.6209910793376,595.4903306925607,598.8295288085938,3300,0.0,0.0
2005-11-07 00:00:00+09:00,606.0644419110453,631.1084271139811,604.9513759020259,608.8471069335938,18400,0.0,0.0
2005-11-08 00:00:00+09:00,626.65630557584,626.65630557584,609.9603116439793,622.2040405273438,6800,0.0,0.0
2005-11-09 00:00:00+09:00,626.0997641151249,626.0997641151249,611.0733697763619,615.525634765625,6500,0.0,0.0
2005-11-10 00:00:00+09:00,617.7518454688942,617.7518454688942,603.281982421875,603.281982421875,6600,0.0,0.0
2005-11-11 00:00:00+09:00,596.046875,606.0644695378151,587.6988795518207,596.046875,7000,0.0,0.0
2005-11-14 00:00:00+09:00,606.6209618280018,611.6297587605266,589.9249720529191,599.9425659179688,9200,0.0,0.0
2005-11-15 00:00:00+09:00,611.0732076671512,611.0732076671512,597.1598832667152,598.27294921875,3700,0.0,0.0
2005-11-16 00:00:00+09:00,598.2729877524661,603.8383178710936,587.1423275152109,603.8383178710938,3300,0.0,0.0
2005-11-17 00:00:00+09:00,603.8385156159911,604.9515820042234,598.27318367483,603.281982421875,2600,0.0,0.0
2005-11-18 00:00:00+09:00,609.9601636614118,626.0996205466134,609.9601636614118,623.3169555664062,8600,0.0,0.0
2005-11-21 00:00:00+09:00,617.7514978211152,628.8821554395137,616.0818991783555,628.3256225585938,3500,0.0,0.0
2005-11-22 00:00:00+09:00,628.8822057007482,631.1083374023438,623.8734093721582,631.1083374023438,3200,0.0,0.0
2005-11-23 00:00:00+09:00,631.1083374023438,631.1083374023438,631.1083374023438,631.1083374023438,0,0.0,0.0
2005-11-24 00:00:00+09:00,631.1085599796501,650.5872192382812,631.1085599796501,650.5872192382812,9100,0.0,0.0
2005-11-25 00:00:00+09:00,656.15234664917,667.8395385742188,656.15234664917,667.8395385742188,10900,0.0,0.0
2005-11-28 00:00:00+09:00,667.8395129788306,690.100830078125,667.8395129788306,690.100830078125,11400,0.0,0.0
2005-11-29 00:00:00+09:00,690.6574464379288,695.6662433903392,678.9702535489711,684.5355834960938,4600,0.0,0.0
2005-11-30 00:00:00+09:00,688.987838707002,690.100904682296,668.3961181640625,668.3961181640625,5800,0.0,0.0
2005-12-01 00:00:00+09:00,668.9526596441501,690.1009134432164,668.9526596441501,684.5355834960938,4400,0.0,0.0
2005-12-02 00:00:00+09:00,690.1008887599979,690.1008887599979,677.857163314256,678.4136962890625,8400,0.0,0.0
2005-12-05 00:00:00+09:00,673.4048680623373,673.4048680623373,666.7264726765951,667.8395385742188,9300,0.0,0.0
2005-12-06 00:00:00+09:00,667.8395963432797,667.8395963432797,653.3697384225086,665.6134643554688,4300,0.0,0.0
2005-12-07 00:00:00+09:00,662.274361445986,663.3874275996767,584.3597306876346,645.578369140625,19500,0.0,0.0
2005-12-08 00:00:00+09:00,659.491544342041,675.6309998575847,651.1435501098633,667.8395385742188,9100,0.0,0.0
2005-12-09 00:00:00+09:00,659.4916078180966,670.0657348632811,659.4916078180966,670.0657348632812,3400,0.0,0.0
2005-12-12 00:00:00+09:00,688.4315253862369,690.101124881919,673.4051299250983,681.1965942382812,10000,0.0,0.0
2005-12-13 00:00:00+09:00,690.100869140625,704.0141931152344,684.5355395507813,695.6661987304688,7300,0.0,0.0
2005-12-14 00:00:00+09:00,707.9101854699803,707.9101854699803,690.1011242002952,706.797119140625,7100,0.0,0.0
2005-12-15 00:00:00+09:00,722.9364945888519,722.9364945888519,706.797034740448,712.3623657226562,10000,0.0,0.0
2005-12-16 00:00:00+09:00,710.692694163044,717.9276237042498,710.692694163044,715.1449584960938,2600,0.0,0.0
2005-12-19 00:00:00+09:00,716.814451171875,717.3709841308595,690.6574020996094,695.6661987304688,7800,0.0,0.0
2005-12-20 00:00:00+09:00,695.6662629780017,697.8923950195312,676.1876076146176,697.8923950195312,7200,0.0,0.0
2005-12-21 00:00:00+09:00,704.5709023475647,712.3623657226562,696.2229058742523,712.3623657226562,7100,0.0,0.0
2005-12-22 00:00:00+09:00,712.3621875000001,712.3621875000001,690.100869140625,695.6661987304688,6800,0.0,0.0
2005-12-23 00:00:00+09:00,695.6661987304689,695.6661987304689,695.6661987304689,695.6661987304688,0,0.0,0.0
2005-12-26 00:00:00+09:00,706.797034740448,712.3623657226562,695.6663727760315,712.3623657226562,6300,0.0,0.0
2005-12-27 00:00:00+09:00,717.9277024357955,717.9277024357955,706.7970403825274,716.8146362304688,11800,0.0,0.0
2005-12-28 00:00:00+09:00,716.8146362304688,717.9277024357955,707.9101065878542,716.8146362304688,1800,0.0,0.0
2005-12-29 00:00:00+09:00,716.2581031278053,716.8146362304688,713.4754376144882,716.8146362304688,4800,0.0,0.0
2005-12-30 00:00:00+09:00,716.8145380761644,723.4929343936442,716.8145380761644,722.9364013671875,1900,0.0,0.0
2006-01-02 00:00:00+09:00,722.9364013671875,722.9364013671875,722.9364013671875,722.9364013671875,0,0.0,0.0
2006-01-03 00:00:00+09:00,722.9364013671875,722.9364013671875,722.9364013671875,722.9364013671875,0,0.0,0.0
2006-01-04 00:00:00+09:00,725.719170374586,756.3284912109375,725.719170374586,756.3284912109375,9500,0.0,0.0
2006-01-05 00:00:00+09:00,751.3196672712054,765.2329944428943,751.3196672712054,759.6676635742188,17800,0.0,0.0
2006-01-06 00:00:00+09:00,779.1460752653097,801.4073917014614,774.6938119780793,799.73779296875,9700,0.0,0.0
2006-01-09 00:00:00+09:00,799.73779296875,799.73779296875,799.73779296875,799.73779296875,0,0.0,0.0
2006-01-10 00:00:00+09:00,799.7380075387457,800.2945405989675,779.1462843105386,789.1638793945312,11700,0.0,0.0
2006-01-11 00:00:00+09:00,787.4943857726613,787.4943857726613,775.8071899414062,775.8071899414062,9600,0.0,0.0
2006-01-12 00:00:00+09:00,775.8070817508086,775.8070817508086,763.5633544921875,763.5633544921875,6500,0.0,0.0
2006-01-13 00:00:00+09:00,762.4503549769305,768.0156860351562,756.8850239187047,768.0156860351562,9300,0.0,0.0
2006-01-16 00:00:00+09:00,765.2330205060433,768.0156860351562,751.3196928604789,768.0156860351562,12400,0.0,0.0
2006-01-17 00:00:00+09:00,767.458736422514,767.458736422514,740.1886290369424,748.53662109375,12400,0.0,0.0
2006-01-18 00:00:00+09:00,740.1888829673209,740.1888829673209,662.2742637076029,684.5355834960938,15900,0.0,0.0
2006-01-19 00:00:00+09:00,673.4051991338316,712.3625247035574,673.4051991338316,704.0145263671875,29500,0.0,0.0
2006-01-20 00:00:00+09:00,692.8834075555267,703.4575318475387,668.9524946841309,683.9788818359375,31800,0.0,0.0
2006-01-23 00:00:00+09:00,668.3960762219551,678.4136693709936,651.1435546875,651.1435546875,24800,0.0,0.0
2006-01-24 00:00:00+09:00,651.143767656958,678.9704243944348,645.5784363094625,675.6312255859375,41100,0.0,0.0
2006-01-25 00:00:00+09:00,679.5268931995738,695.6663525794163,668.3962315583032,673.405029296875,13800,0.0,0.0
2006-01-26 00:00:00+09:00,676.1876376379839,687.3182983398438,676.1876376379839,687.3182983398438,10300,0.0,0.0
2006-01-27 00:00:00+09:00,695.1096119600184,711.2490665211396,687.3181511374081,709.5794677734375,16500,0.0,0.0
2006-01-30 00:00:00+09:00,731.8408925296696,734.6235575202767,726.2755625484554,729.0582275390625,16100,0.0,0.0
2006-01-31 00:00:00+09:00,736.8496237687783,768.5720018313315,734.6234919749149,736.2930908203125,12400,0.0,0.0
2006-02-01 00:00:00+09:00,746.8672168411636,746.8672168411636,736.2930908203125,736.2930908203125,6500,0.0,0.0
2006-02-02 00:00:00+09:00,741.8586019032037,745.7543334960938,740.189002649108,745.7543334960938,7300,0.0,0.0
2006-02-03 00:00:00+09:00,751.3192851126859,751.3192851126859,740.1886290369424,748.53662109375,5600,0.0,0.0
2006-02-06 00:00:00+09:00,747.4237239661933,749.0933227539062,740.1887958861035,749.0933227539062,4800,0.0,0.0
2006-02-07 00:00:00+09:00,748.5368140607943,764.6762695312501,745.7541493245088,764.67626953125,7500,0.0,0.0
2006-02-08 00:00:00+09:00,757.99808482432,759.1111510281736,751.876220703125,751.876220703125,8500,0.0,0.0
2006-02-09 00:00:00+09:00,754.1021728515625,762.4501673849746,754.1021728515625,754.1021728515625,5800,0.0,0.0
2006-02-10 00:00:00+09:00,754.6588157556945,754.6588157556945,744.6412208562826,745.19775390625,6500,0.0,0.0
2006-02-13 00:00:00+09:00,711.805772387001,731.8409622274482,711.805772387001,724.0494995117188,6100,0.0,0.0
2006-02-14 00:00:00+09:00,720.7103445937711,724.0495431015415,710.1362159858317,722.3799438476562,7400,0.0,0.0
2006-02-15 00:00:00+09:00,717.9276906192031,731.8410179567845,717.9276906192031,731.2844848632812,1900,0.0,0.0
2006-02-16 00:00:00+09:00,720.1538290977478,722.9364945888519,710.136233329773,712.3623657226562,3400,0.0,0.0
2006-02-17 00:00:00+09:00,701.2314886277721,701.7880215552544,678.9701715284777,690.100830078125,7200,0.0,0.0
2006-02-20 00:00:00+09:00,645.578369140625,667.8396922144397,628.8823768352639,645.578369140625,13200,0.0,0.0
2006-02-21 00:00:00+09:00,631.6649683044791,695.66626465251,629.438836257591,667.2830810546875,7300,0.0,0.0
2006-02-22 00:00:00+09:00,663.387375658136,675.6311023900814,663.387375658136,663.9439086914062,22200,0.0,0.0
2006-02-23 00:00:00+09:00,652.6714831542969,676.3435058593751,649.2897656250001,676.343505859375,21600,15.0,0.0
2006-02-24 00:00:00+09:00,659.9986320456746,671.2710254196401,659.9986320456746,663.9439697265625,3100,0.0,0.0
2006-02-27 00:00:00+09:00,709.0335874692038,709.0335874692038,648.1626594511799,679.1617431640625,12600,0.0,0.0
2006-02-28 00:00:00+09:00,687.6160365224674,688.179656224535,679.7253606935211,680.8526000976562,3300,0.0,0.0
2006-03-01 00:00:00+09:00,685.9249912202112,693.2520453581428,681.9796543767095,682.5432739257812,5700,0.0,0.0
2006-03-02 00:00:00+09:00,693.8157130940756,695.506571858724,668.4528316243491,676.343505859375,6200,0.0,0.0
2006-03-03 00:00:00+09:00,670.1437319849489,675.2163085937501,656.6168610281459,675.21630859375,4900,0.0,0.0
2006-03-06 00:00:00+09:00,673.5253642807659,673.5253642807659,659.4348754882812,659.4348754882812,1000,0.0,0.0
2006-03-07 00:00:00+09:00,648.7263039950205,650.9807828968278,643.6537264659544,644.2173461914062,7300,0.0,0.0
2006-03-08 00:00:00+09:00,643.6535101156319,644.217129651635,635.1992170755842,636.8900756835938,2800,0.0,0.0
2006-03-09 00:00:00+09:00,637.4537925216956,642.5263691200115,637.4537925216956,640.8355102539062,1700,0.0,0.0
2006-03-10 00:00:00+09:00,650.4171353263226,650.9807550276453,645.3445580144189,649.853515625,2800,0.0,0.0
2006-03-13 00:00:00+09:00,650.9805856291781,656.0531616210938,650.9805856291781,656.0531616210938,1100,0.0,0.0
2006-03-14 00:00:00+09:00,666.7620378976844,666.7620378976844,654.926025390625,654.926025390625,1300,0.0,0.0
2006-03-15 00:00:00+09:00,663.3802814900374,670.7073364257812,654.9259873334099,670.7073364257812,2500,0.0,0.0
2006-03-16 00:00:00+09:00,671.2711599090953,684.7980346679688,671.2711599090953,684.7980346679688,3600,0.0,0.0
2006-03-17 00:00:00+09:00,685.9249557761924,687.6158143360351,676.9070434570312,676.9070434570312,5200,0.0,0.0
2006-03-20 00:00:00+09:00,665.6348170440051,690.43408203125,663.943958067602,690.43408203125,3300,0.0,0.0
2006-03-21 00:00:00+09:00,690.43408203125,690.43408203125,690.43408203125,690.43408203125,0,0.0,0.0
2006-03-22 00:00:00+09:00,688.1796137029474,693.2521907081289,681.9797973632812,681.9797973632812,1300,0.0,0.0
2006-03-23 00:00:00+09:00,659.4349745794293,678.5980422167803,659.4349745794293,661.689453125,13700,0.0,0.0
2006-03-24 00:00:00+09:00,663.3801879882812,665.0710465812845,663.3801879882812,663.3801879882812,400,0.0,0.0
2006-03-27 00:00:00+09:00,652.1079836806206,663.3803775212535,634.0721535356078,658.3078002929688,8600,0.0,0.0
2006-03-28 00:00:00+09:00,647.0353034004022,661.1257934570311,647.0353034004022,661.1257934570312,1900,0.0,0.0
2006-03-29 00:00:00+09:00,670.1437168153394,670.7073364257812,664.5075207109211,670.7073364257812,2700,0.0,0.0
2006-03-30 00:00:00+09:00,675.7801229446953,681.4163208007812,675.7801229446953,681.4163208007812,1400,0.0,0.0
2006-03-31 00:00:00+09:00,681.4161756347254,683.670654296875,670.7074019895147,683.670654296875,2100,0.0,0.0
2006-04-03 00:00:00+09:00,687.6158045705367,690.9975216421951,683.6704679869354,687.0521850585938,5800,0.0,0.0
2006-04-04 00:00:00+09:00,692.6885012330127,692.6885012330127,667.3256187631303,670.7073364257812,7000,0.0,0.0
2006-04-05 00:00:00+09:00,670.7073343755046,670.7073343755046,648.1625500267482,654.3623657226562,13800,0.0,0.0
2006-04-06 00:00:00+09:00,676.9072183104262,703.3973425906843,675.7799789793513,683.670654296875,96400,0.0,0.0
2006-04-07 00:00:00+09:00,692.6884096927279,706.2152785557266,675.7798236139794,678.0343017578125,61500,0.0,0.0
2006-04-10 00:00:00+09:00,676.3436387460443,680.2889766387295,665.0712447669436,667.8893432617188,30000,0.0,0.0
2006-04-11 00:00:00+09:00,666.7620461107336,667.8892854110054,645.9081190557065,648.16259765625,26800,0.0,0.0
2006-04-12 00:00:00+09:00,648.1624930245536,648.1624930245536,622.7996128627233,631.25390625,56100,0.0,0.0
2006-04-13 00:00:00+09:00,634.0721458442039,634.0721458442039,609.8364993808253,616.0363159179688,55000,0.0,0.0
2006-04-14 00:00:00+09:00,619.9816216362848,639.7083095974392,597.4368353949653,608.709228515625,83200,0.0,0.0
2006-04-17 00:00:00+09:00,619.9813883105038,639.7080688476562,614.3451938713174,639.7080688476562,46900,0.0,0.0
2006-04-18 00:00:00+09:00,650.9806087239583,653.7987065972222,626.7449670138889,634.072021484375,59800,0.0,0.0
2006-04-19 00:00:00+09:00,634.6356529121969,648.1625229565066,634.0720333270173,641.9627075195312,24800,0.0,0.0
2006-04-20 00:00:00+09:00,645.9079733331758,652.6714076089158,641.9626366723274,652.1077880859375,21000,0.0,0.0
2006-04-21 00:00:00+09:00,653.7987670898438,657.1804848506532,648.1625708218278,653.7987670898438,26800,0.0,0.0
2006-04-24 00:00:00+09:00,662.2531061874323,662.2531061874323,648.1626145664231,650.980712890625,37600,0.0,0.0
2006-04-25 00:00:00+09:00,652.6714408678887,659.4348754882812,650.9805822127905,659.4348754882812,9100,0.0,0.0
2006-04-26 00:00:00+09:00,659.9985388235986,662.2530171799558,656.6168212890625,656.6168212890625,13100,0.0,0.0
2006-04-27 00:00:00+09:00,659.4349633578596,659.4349633578596,653.7987670898438,653.7987670898438,83300,0.0,0.0
2006-04-28 00:00:00+09:00,653.7987881019468,687.615966796875,653.7987881019468,687.615966796875,49300,0.0,0.0
2006-05-01 00:00:00+09:00,681.9797286346179,681.9797286346179,665.6347599318048,670.7073364257812,19100,0.0,0.0
2006-05-02 00:00:00+09:00,672.3981742442505,682.5433269151612,670.7073154657654,671.2709350585938,8000,0.0,0.0
2006-05-03 00:00:00+09:00,671.2709350585938,671.2709350585938,671.2709350585938,671.2709350585938,0,0.0,0.0
2006-05-04 00:00:00+09:00,671.2709350585938,671.2709350585938,671.2709350585938,671.2709350585938,0,0.0,0.0
2006-05-05 00:00:00+09:00,671.2709350585938,671.2709350585938,671.2709350585938,671.2709350585938,0,0.0,0.0
2006-05-08 00:00:00+09:00,678.5980109719669,678.5980109719669,665.0711403213629,670.7073364257812,22800,0.0,0.0
2006-05-09 00:00:00+09:00,672.961824509641,672.961824509641,662.2530517578125,662.2530517578125,15800,0.0,0.0
2006-05-10 00:00:00+09:00,659.4349855365175,672.3982373889448,659.4349855365175,669.5801391601562,8400,0.0,0.0
2006-05-11 00:00:00+09:00,675.216222935864,675.216222935864,659.4348754882812,659.4348754882812,12800,0.0,0.0
2006-05-12 00:00:00+09:00,648.7261962890625,649.8534355528142,626.18141101403,648.7261962890625,5500,0.0,0.0
2006-05-15 00:00:00+09:00,650.9807403431188,650.9807403431188,639.7083465709436,645.3445434570312,4000,0.0,0.0
2006-05-16 00:00:00+09:00,640.2718156777308,642.5262939019482,631.2539027808614,634.6356201171875,5000,0.0,0.0
2006-05-17 00:00:00+09:00,623.3632236550071,623.3632236550071,619.9815063476562,619.9815063476562,7700,0.0,0.0
2006-05-18 00:00:00+09:00,608.7090888444768,608.7090888444768,597.4366983103198,605.8909912109375,3000,0.0,0.0
2006-05-19 00:00:00+09:00,603.6366425646581,634.0721035343047,603.6366425646581,633.5084838867188,3500,0.0,0.0
2006-05-22 00:00:00+09:00,636.8902609553502,641.9628382549946,631.2540639557453,635.1994018554688,10300,0.0,0.0
2006-05-23 00:00:00+09:00,635.1994018554688,636.8902609553502,635.1994018554688,635.1994018554688,19900,0.0,0.0
2006-05-24 00:00:00+09:00,640.2718368055556,640.8354563802084,634.072021484375,634.072021484375,10600,0.0,0.0
2006-05-25 00:00:00+09:00,634.6357231818907,634.6357231818907,633.5084838867186,633.5084838867188,1800,0.0,0.0
2006-05-26 00:00:00+09:00,636.8902732701629,641.3992309570312,636.8902732701629,641.3992309570312,800,0.0,0.0
2006-05-29 00:00:00+09:00,641.3990879343517,641.9627075195312,636.8901312529151,641.9627075195312,2500,0.0,0.0
2006-05-30 00:00:00+09:00,630.6903040364583,642.5263151041667,625.6177278645833,634.072021484375,10600,0.0,0.0
2006-05-31 00:00:00+09:00,622.7997719369283,622.7997719369283,596.3096458907422,600.818603515625,14500,0.0,0.0
2006-06-01 00:00:00+09:00,601.3822000963429,604.2002985035423,583.346370290267,586.7280883789062,21900,0.0,0.0
2006-06-02 00:00:00+09:00,584.4734649356049,584.4734649356049,555.1652487575418,569.2557373046875,34500,0.0,0.0
2006-06-05 00:00:00+09:00,541.0749005390144,555.1653927405513,524.1663098971702,548.965576171875,21300,0.0,0.0
2006-06-06 00:00:00+09:00,554.6015595407197,574.8918604995265,551.7834621853299,557.9832763671875,22400,0.0,0.0
2006-06-07 00:00:00+09:00,563.0560660087328,572.0739809798437,563.0560660087328,567.0014038085938,12800,0.0,0.0
2006-06-08 00:00:00+09:00,555.7287232445889,563.0557753766169,550.092529296875,550.092529296875,17300,0.0,0.0
2006-06-09 00:00:00+09:00,550.6564370727539,563.6196899414062,550.6564370727539,563.6196899414062,13200,0.0,0.0
2006-06-12 00:00:00+09:00,563.6196527248476,577.7101440429688,563.6196527248476,577.7101440429688,800,0.0,0.0
2006-06-13 00:00:00+09:00,577.7101097670682,577.7101097670682,567.5649566199392,572.0739135742188,3400,0.0,0.0
2006-06-14 00:00:00+09:00,572.0739831287389,572.0739831287389,564.183307499377,565.310546875,2000,0.0,0.0
2006-06-15 00:00:00+09:00,572.0740451942496,580.5283414286473,566.4378477046511,579.9647216796875,3000,0.0,0.0
2006-06-16 00:00:00+09:00,583.9100275213068,596.8732810280541,583.3464078036222,588.9826049804688,6000,0.0,0.0
2006-06-19 00:00:00+09:00,596.3095568496944,617.1634827508652,594.6186979928428,608.1455688476562,2800,0.0,0.0
2006-06-20 00:00:00+09:00,607.581955041618,608.7091942903037,603.072998046875,603.072998046875,2800,0.0,0.0
2006-06-21 00:00:00+09:00,603.0730697848785,603.6366894762663,578.273803363818,594.6187744140625,3500,0.0,0.0
2006-06-22 00:00:00+09:00,594.6188021573154,607.0184359463778,588.9826049804688,588.9826049804688,5100,0.0,0.0
2006-06-23 00:00:00+09:00,593.4914126334934,614.3453369140625,590.6733147577409,614.3453369140625,6900,0.0,0.0
2006-06-26 00:00:00+09:00,619.9813702268933,625.6175645016833,597.4365931277335,612.0906982421875,16000,0.0,0.0
2006-06-27 00:00:00+09:00,614.9087953795824,614.9087953795824,604.2000262574816,612.0906982421875,1900,0.0,0.0
2006-06-28 00:00:00+09:00,606.4546207944063,606.4546207944063,591.8005128569949,595.745849609375,5100,0.0,0.0
2006-06-29 00:00:00+09:00,597.4367904663086,617.1634769439697,586.1643981933594,613.2181396484375,9400,0.0,0.0
2006-06-30 00:00:00+09:00,608.7093435809619,608.7093435809619,590.673511178563,599.1278076171875,7900,0.0,0.0
2006-07-03 00:00:00+09:00,598.5640547964207,598.5640547964207,567.5649747457586,591.2369995117188,10200,0.0,0.0
2006-07-04 00:00:00+09:00,591.2368268547378,602.5092163085938,591.2368268547378,602.5092163085938,9100,0.0,0.0
2006-07-05 00:00:00+09:00,602.5094225099948,602.5094225099948,591.8006488638864,600.2549438476562,4600,0.0,0.0
2006-07-06 00:00:00+09:00,597.4368896484375,597.4368896484375,597.4368896484375,597.4368896484375,300,0.0,0.0
2006-07-07 00:00:00+09:00,597.4367132987685,597.4367132987685,590.1096592677459,590.6732788085938,700,0.0,0.0
2006-07-10 00:00:00+09:00,590.6734133229672,590.6734133229672,570.3831052317203,580.5282592773438,6900,0.0,0.0
2006-07-11 00:00:00+09:00,591.80063536109,597.4368318883385,577.7101440429688,577.7101440429688,8100,0.0,0.0
2006-07-12 00:00:00+09:00,577.146590909091,596.8732810280541,574.8921120383524,588.9826049804688,7200,0.0,0.0
2006-07-13 00:00:00+09:00,576.0193245982672,597.4368728710011,572.6376064499407,594.6187744140625,5500,0.0,0.0
2006-07-14 00:00:00+09:00,594.6188471867488,595.1824669471154,580.5283531775841,586.16455078125,13800,0.0,0.0
2006-07-17 00:00:00+09:00,586.16455078125,586.16455078125,586.16455078125,586.16455078125,0,0.0,0.0
2006-07-18 00:00:00+09:00,591.8004922305837,591.8004922305837,574.8919067382812,574.8919067382812,5000,0.0,0.0
2006-07-19 00:00:00+09:00,572.0739831287389,574.8920815677967,564.7469271871885,565.310546875,3500,0.0,0.0
2006-07-20 00:00:00+09:00,568.1285762392241,574.8920116706435,568.1285762392241,572.0739135742188,1900,0.0,0.0
2006-07-21 00:00:00+09:00,572.0738350141166,572.0738350141166,569.2557373046875,569.2557373046875,900,0.0,0.0
2006-07-24 00:00:00+09:00,569.2558363814796,580.5282291811129,569.2558363814796,571.5103149414062,5200,0.0,0.0
2006-07-25 00:00:00+09:00,577.1463848039216,591.2368727141736,574.8919067382812,574.8919067382812,6700,0.0,0.0
2006-07-26 00:00:00+09:00,576.019287109375,577.7101460734925,575.4556674546692,576.019287109375,2600,0.0,0.0
2006-07-27 00:00:00+09:00,579.964652261244,579.964652261244,570.3831176757812,570.3831176757812,4300,0.0,0.0
2006-07-28 00:00:00+09:00,570.3830736848574,577.7101289792281,570.3830736848574,573.201171875,1200,0.0,0.0
2006-07-31 00:00:00+09:00,583.3463439941406,608.709228515625,583.3463439941406,608.709228515625,3200,0.0,0.0
2006-08-01 00:00:00+09:00,608.7092837927476,617.1635794009802,597.4368896484375,597.4368896484375,5000,0.0,0.0
2006-08-02 00:00:00+09:00,594.6187911123599,602.509467013377,592.3643122834978,597.4368896484375,1800,0.0,0.0
2006-08-03 00:00:00+09:00,589.5461702015477,600.2549438476562,586.1644522080398,600.2549438476562,5900,0.0,0.0
2006-08-04 00:00:00+09:00,591.8004840353261,591.8004840353261,583.34619140625,583.34619140625,500,0.0,0.0
2006-08-07 00:00:00+09:00,583.9098109148551,585.0370499320652,583.34619140625,583.34619140625,3400,0.0,0.0
2006-08-08 00:00:00+09:00,578.2736624479294,578.2736624479294,576.0191842317581,577.1464233398438,1900,0.0,0.0
2006-08-09 00:00:00+09:00,577.1464233398438,585.600716650486,566.4376518130302,577.1464233398438,4900,0.0,0.0
2006-08-10 00:00:00+09:00,569.8193568465733,576.5827913492033,567.0012591371442,569.2557373046875,5200,0.0,0.0
2006-08-11 00:00:00+09:00,569.8194350970789,572.0739135742188,567.0013370006542,572.0739135742188,2200,0.0,0.0
2006-08-14 00:00:00+09:00,569.8193568465733,569.8193568465733,566.4376395952584,569.2557373046875,3500,0.0,0.0
2006-08-15 00:00:00+09:00,570.946595930345,570.946595930345,569.2557373046875,569.2557373046875,300,0.0,0.0
2006-08-16 00:00:00+09:00,571.5102748739049,572.6375140748396,569.2557964720354,570.9466552734375,3800,0.0,0.0
2006-08-17 00:00:00+09:00,574.8920155611219,574.8920155611219,568.6921997070312,568.6921997070312,5700,0.0,0.0
2006-08-18 00:00:00+09:00,569.8193468620805,582.2189765662998,567.0012492020306,579.40087890625,10400,0.0,0.0
2006-08-21 00:00:00+09:00,635.7628472884427,646.4716186523438,618.8542609243884,646.4716186523438,181300,0.0,0.0
2006-08-22 00:00:00+09:00,639.7082690858005,644.2172260485198,628.4358766790023,642.5263671875,43900,0.0,0.0
2006-08-23 00:00:00+09:00,644.7808343454569,690.4340227912454,641.3991166828059,670.7073364257812,90400,0.0,0.0
2006-08-24 00:00:00+09:00,661.1257934570311,669.5800874910086,654.9259778321144,661.1257934570312,42400,0.0,0.0
2006-08-25 00:00:00+09:00,661.125700453591,661.125700453591,648.1624514250891,652.1077880859375,44400,0.0,0.0
2006-08-28 00:00:00+09:00,665.0711403213629,676.3435325301996,665.0711403213629,670.7073364257812,73400,0.0,0.0
2006-08-29 00:00:00+09:00,675.7799110124816,686.4886835806527,668.4528560974172,672.398193359375,72200,0.0,0.0
2006-08-30 00:00:00+09:00,670.7073619322193,670.7073619322193,638.5810429152979,648.7261962890625,53500,0.0,0.0
2006-08-31 00:00:00+09:00,647.5988912760416,647.5988912760416,619.9815321180556,634.072021484375,51400,0.0,0.0
2006-09-01 00:00:00+09:00,632.3810922475961,632.3810922475961,609.2726922635039,622.799560546875,117900,0.0,0.0
2006-09-04 00:00:00+09:00,620.5451907867488,630.1267241594778,611.5272770241802,616.599853515625,57500,0.0,0.0
2006-09-05 00:00:00+09:00,616.5999633000058,617.7272027210296,609.8365267738632,610.400146484375,27600,0.0,0.0
2006-09-06 00:00:00+09:00,610.4001148305041,640.2719579385528,610.4001148305041,635.7630004882812,61400,0.0,0.0
2006-09-07 00:00:00+09:00,624.4904994671691,628.4358365576657,614.9089665331061,623.9268798828125,32100,0.0,0.0
2006-09-08 00:00:00+09:00,612.6545853498924,632.3812739306156,612.6545853498924,626.1814575195312,14300,0.0,0.0
2006-09-11 00:00:00+09:00,621.1087664256213,621.1087664256213,615.4725707230295,619.4179077148438,10900,0.0,0.0
2006-09-12 00:00:00+09:00,611.5273651556946,616.0363226867964,583.9100002776954,594.6187744140625,64400,0.0,0.0
2006-09-13 00:00:00+09:00,605.8908612048876,607.0181000164316,587.855040220184,589.5458984375,24500,0.0,0.0
2006-09-14 00:00:00+09:00,583.3463405702173,586.1644388338415,570.3830885575458,577.7101440429688,21400,0.0,0.0
2006-09-15 00:00:00+09:00,566.4376481406053,569.2557458925487,555.1652571328322,560.8014526367188,44300,0.0,0.0
2006-09-18 00:00:00+09:00,560.8014526367188,560.8014526367188,560.8014526367188,560.8014526367188,0,0.0,0.0
2006-09-19 00:00:00+09:00,563.0560223044557,588.4189061920438,563.0560223044557,569.8194580078125,31200,0.0,0.0
2006-09-20 00:00:00+09:00,574.3285106815604,590.10986328125,567.5650738531219,590.10986328125,20000,0.0,0.0
2006-09-21 00:00:00+09:00,591.800750703713,603.0731459552122,588.4190321282632,599.1278076171875,26300,0.0,0.0
2006-09-22 00:00:00+09:00,601.3822311161848,624.4906392471722,599.1277522741373,610.400146484375,43600,0.0,0.0
2006-09-25 00:00:00+09:00,612.0910056159107,614.3454844579583,591.8006960374827,610.400146484375,43100,0.0,0.0
2006-09-26 00:00:00+09:00,612.0909023302492,613.7817611764654,607.0183257916007,611.5272827148438,34200,0.0,0.0
2006-09-27 00:00:00+09:00,610.9637112466539,610.9637112466539,595.7459804314697,605.3275146484375,36700,0.0,0.0
2006-09-28 00:00:00+09:00,603.0730126905113,605.8911108806539,572.6375522369715,573.201171875,144100,0.0,0.0
2006-09-29 00:00:00+09:00,583.9100002776954,594.6187744140625,581.6555215121446,594.6187744140625,174100,0.0,0.0
2006-10-02 00:00:00+09:00,583.3462813954652,596.3095320931423,583.3462813954652,594.0550537109375,17200,0.0,0.0
2006-10-03 00:00:00+09:00,592.9278943610914,599.6913304184421,588.98255666097,595.182373046875,35100,0.0,0.0
2006-10-04 00:00:00+09:00,591.8006780936238,595.1823962541588,588.9825796265113,592.9279174804688,69100,0.0,0.0
2006-10-05 00:00:00+09:00,595.182421875,605.8911965110086,576.5829711914063,588.9826049804688,38000,0.0,0.0
2006-10-06 00:00:00+09:00,588.9823864923007,591.236864526721,576.019137794384,583.34619140625,22100,0.0,0.0
2006-10-09 00:00:00+09:00,583.34619140625,583.34619140625,583.34619140625,583.34619140625,0,0.0,0.0
2006-10-10 00:00:00+09:00,580.5281019023821,581.6553409352023,574.8919067382812,574.8919067382812,16400,0.0,0.0
2006-10-11 00:00:00+09:00,574.3284072055611,579.964603547127,571.5103090347782,576.5828857421875,30800,0.0,0.0
2006-10-12 00:00:00+09:00,565.3103296111558,581.0916748046875,565.3103296111558,581.0916748046875,21800,0.0,0.0
2006-10-13 00:00:00+09:00,565.3105136699639,577.7101460734925,565.3105136699639,576.019287109375,23500,0.0,0.0
2006-10-16 00:00:00+09:00,553.474486461993,572.0739345813879,553.474486461993,571.5103149414062,57400,0.0,0.0
2006-10-17 00:00:00+09:00,571.5102789312515,586.1643886474375,571.5102789312515,585.6007690429688,38500,0.0,0.0
2006-10-18 00:00:00+09:00,581.655496543744,583.3463555453246,575.455680204615,582.2191162109375,19100,0.0,0.0
2006-10-19 00:00:00+09:00,585.0372272359914,591.2370437095905,584.4736075565733,588.4189453125,18600,0.0,0.0
2006-10-20 00:00:00+09:00,591.8006633890086,591.8006633890086,580.5282698006465,588.4189453125,8900,0.0,0.0
2006-10-23 00:00:00+09:00,590.1096926683571,591.2369318138554,578.273681640625,578.273681640625,23600,0.0,0.0
2006-10-24 00:00:00+09:00,587.8553149769607,588.9825543153632,577.7101609313372,580.5282592773438,20300,0.0,0.0
2006-10-25 00:00:00+09:00,577.7099963201993,586.1642889492754,576.019137794384,583.34619140625,7800,0.0,0.0
2006-10-26 00:00:00+09:00,574.8919145212877,590.1096416703807,574.8919145212877,587.8551635742188,32600,0.0,0.0
2006-10-27 00:00:00+09:00,591.8007035688921,591.8007035688921,585.0372669566761,588.9826049804688,34500,0.0,0.0
2006-10-30 00:00:00+09:00,564.1831737658796,596.8731079101562,564.1831737658796,596.8731079101562,54200,0.0,0.0
2006-10-31 00:00:00+09:00,597.4367309454386,598.0003505029343,591.2369158129859,593.4913940429688,31400,0.0,0.0
2006-11-01 00:00:00+09:00,596.8732320612127,596.8732320612127,580.5282615892814,595.182373046875,10100,0.0,0.0
2006-11-02 00:00:00+09:00,594.618615594529,594.618615594529,581.0917466141796,590.6732788085938,12600,0.0,0.0
2006-11-03 00:00:00+09:00,590.6732788085938,590.6732788085938,590.6732788085938,590.6732788085938,0,0.0,0.0
2006-11-06 00:00:00+09:00,591.8005672137558,591.8005672137558,578.8373166938354,582.7826538085938,6800,0.0,0.0
2006-11-07 00:00:00+09:00,579.9644358622924,588.4187279302558,578.8371969198972,581.0916748046875,7500,0.0,0.0
2006-11-08 00:00:00+09:00,578.8374002697398,582.782737954149,578.8374002697398,580.5282592773438,9100,0.0,0.0
2006-11-09 00:00:00+09:00,577.7101609313372,591.2370329921685,577.7101609313372,580.5282592773438,10100,0.0,0.0
2006-11-10 00:00:00+09:00,577.7103322995891,586.1646298454367,572.0741339356907,574.32861328125,33100,0.0,0.0
2006-11-13 00:00:00+09:00,574.32831318166,583.909845393719,569.2557373046875,569.2557373046875,44000,0.0,0.0
2006-11-14 00:00:00+09:00,569.8195661984101,579.9647216796875,568.1287069515306,579.9647216796875,4200,0.0,0.0
2006-11-15 00:00:00+09:00,569.8194201178454,585.6007690429688,569.8194201178454,585.6007690429688,15400,0.0,0.0
2006-11-16 00:00:00+09:00,586.1644227761559,598.0004351591359,582.7827049524473,591.2369995117188,43900,0.0,0.0
2006-11-17 00:00:00+09:00,586.1643962618671,591.8005923797696,576.5828628614327,578.8373413085938,13100,0.0,0.0
2006-11-20 00:00:00+09:00,573.7648400369269,580.52827626526,567.0014038085938,567.0014038085938,19900,0.0,0.0
2006-11-21 00:00:00+09:00,567.0013408377339,572.6375370687252,566.4377212146347,568.6921997070312,11500,0.0,0.0
2006-11-22 00:00:00+09:00,565.310540542301,570.3831176757812,564.1833011793054,570.3831176757812,6900,0.0,0.0
2006-11-23 00:00:00+09:00,569.2557373046875,569.2557373046875,569.2557373046875,569.2557373046875,0,0.0,0.0
2006-11-24 00:00:00+09:00,570.3830905623165,578.2737657281984,570.3830905623165,576.019287109375,14700,0.0,0.0
2006-11-27 00:00:00+09:00,581.6554986157463,582.2191182849476,576.5829215929346,580.5282592773438,23300,0.0,0.0
2006-11-28 00:00:00+09:00,565.3105466384296,582.7827569532764,565.3105466384296,581.655517578125,26100,0.0,0.0
2006-11-29 00:00:00+09:00,580.5282698006465,591.8006633890086,577.710171403556,588.4189453125,20300,0.0,0.0
2006-11-30 00:00:00+09:00,587.2915615635063,590.6732788085938,584.4734638592669,590.6732788085938,15500,0.0,0.0
2006-12-01 00:00:00+09:00,590.1097165420794,594.0550537109375,588.982477350977,594.0550537109375,18200,0.0,0.0
2006-12-04 00:00:00+09:00,587.2917059536637,593.4915224272629,586.7280862742457,588.4189453125,14000,0.0,0.0
2006-12-05 00:00:00+09:00,588.4187669836957,589.5460060009058,583.34619140625,583.34619140625,16900,0.0,0.0
2006-12-06 00:00:00+09:00,588.9825209625797,591.2369995117188,580.5282264033083,591.2369995117188,22500,0.0,0.0
2006-12-07 00:00:00+09:00,584.4734638592669,591.2368983494416,581.0917466141796,590.6732788085938,10200,0.0,0.0
2006-12-08 00:00:00+09:00,600.254913708275,600.254913708275,587.2916620507254,591.2369995117188,32800,0.0,0.0
2006-12-11 00:00:00+09:00,591.2370728690669,598.000509355653,591.2370728690669,597.4368896484375,9500,0.0,0.0
2006-12-12 00:00:00+09:00,598.5640104753469,598.5640104753469,592.364194924284,594.0550537109375,9300,0.0,0.0
2006-12-13 00:00:00+09:00,600.2548445001399,600.2548445001399,593.4914096325327,598.0003662109375,16700,0.0,0.0
2006-12-14 00:00:00+09:00,598.0004351591359,598.0004351591359,590.673379874434,591.2369995117188,19200,0.0,0.0
2006-12-15 00:00:00+09:00,590.673345483187,591.8005846921244,585.6007690429688,585.6007690429688,17900,0.0,0.0
2006-12-18 00:00:00+09:00,583.9097043797801,590.673137249044,583.3460849740081,589.5458984375,10100,0.0,0.0
2006-12-19 00:00:00+09:00,586.16455078125,589.5462693434496,584.4736915001503,586.16455078125,22600,0.0,0.0
2006-12-20 00:00:00+09:00,586.1644811593987,592.9279174804688,585.6008614659763,592.9279174804688,18800,0.0,0.0
2006-12-21 00:00:00+09:00,591.8006059062274,591.8006059062274,583.9099311608111,585.0371704101562,39300,0.0,0.0
2006-12-22 00:00:00+09:00,584.4736915001503,588.4190298227164,582.7828322190505,586.16455078125,23300,0.0,0.0
2006-12-25 00:00:00+09:00,587.8554100623497,588.982649583083,584.4736915001503,586.16455078125,35400,0.0,0.0
2006-12-26 00:00:00+09:00,586.7279420226585,591.8005178902895,583.3462247775711,590.6732788085938,18100,0.0,0.0
2006-12-27 00:00:00+09:00,591.8006191490035,595.7459566099969,589.5461405998644,591.2369995117188,9600,0.0,0.0
2006-12-28 00:00:00+09:00,596.8730645430716,599.691162109375,593.4913474635074,599.691162109375,22000,0.0,0.0
2006-12-29 00:00:00+09:00,608.7091884666069,608.7091884666069,597.4367960875956,608.1455688476562,11400,0.0,0.0
2007-01-04 00:00:00+09:00,613.7818538478164,618.8544311523438,609.836515944295,618.8544311523438,8800,0.0,0.0
2007-01-05 00:00:00+09:00,616.5996832807375,616.5996832807375,598.5638607350487,601.3819580078125,20900,0.0,0.0
2007-01-09 00:00:00+09:00,612.6545219456546,613.7817611764654,608.1455650224115,611.5272827148438,10100,0.0,0.0
2007-01-10 00:00:00+09:00,609.8365038924046,610.4001235817692,596.3096313476562,596.3096313476562,18800,0.0,0.0
2007-01-11 00:00:00+09:00,596.8731270663363,603.6365619339435,596.3095074940358,598.0003662109375,9800,0.0,0.0
2007-01-12 00:00:00+09:00,604.7638492266925,612.0909042499422,597.4367942034428,609.83642578125,15500,0.0,0.0
2007-01-15 00:00:00+09:00,613.7818350687514,617.7271728515625,611.5273563357165,617.7271728515625,17500,0.0,0.0
2007-01-16 00:00:00+09:00,617.7270106485446,620.5451083248608,614.3452934369649,617.1633911132812,17200,0.0,0.0
2007-01-17 00:00:00+09:00,611.5271957606486,619.9814887895976,604.2001418022261,617.1633911132812,13600,0.0,0.0
2007-01-18 00:00:00+09:00,617.7271348443223,621.1088527358058,614.3454169528388,615.47265625,14700,0.0,0.0
2007-01-19 00:00:00+09:00,618.2906739401161,618.2906739401161,612.0908586134605,614.3453369140625,9900,0.0,0.0
2007-01-22 00:00:00+09:00,614.3453750749828,616.599853515625,613.2181358546618,616.599853515625,11500,0.0,0.0
2007-01-23 00:00:00+09:00,612.6544781886109,616.0361956395141,612.6544781886109,614.3453369140625,19800,0.0,0.0
2007-01-24 00:00:00+09:00,614.3453807918708,614.3453807918708,610.400043484033,611.5272827148438,25100,0.0,0.0
2007-01-25 00:00:00+09:00,613.7818054199219,613.7818054199219,608.709228515625,608.709228515625,14300,0.0,0.0
2007-01-26 00:00:00+09:00,608.7089816773134,613.7815565246244,605.8908845399185,612.0906982421875,10600,0.0,0.0
2007-01-29 00:00:00+09:00,613.7817611764654,619.9815769459245,611.5272827148438,611.5272827148438,37200,0.0,0.0
2007-01-30 00:00:00+09:00,611.527423595439,617.1636210479315,611.527423595439,612.6546630859375,20000,0.0,0.0
2007-01-31 00:00:00+09:00,613.7817631014615,614.3453827186345,608.7091865469039,609.83642578125,25000,0.0,0.0
2007-02-01 00:00:00+09:00,614.3453827186345,616.5998611873267,609.83642578125,609.83642578125,15200,0.0,0.0
2007-02-02 00:00:00+09:00,610.40012542612,615.4727026457277,610.40012542612,610.9637451171875,16400,0.0,0.0
2007-02-05 00:00:00+09:00,614.3454250759548,614.3454250759548,608.709228515625,608.709228515625,19900,0.0,0.0
2007-02-06 00:00:00+09:00,609.272886043985,614.3454632635927,608.1456466618499,610.9637451171875,11400,0.0,0.0
2007-02-07 00:00:00+09:00,611.5272846327692,612.6545238671154,608.1455669297309,609.83642578125,10600,0.0,0.0
2007-02-08 00:00:00+09:00,608.7091483432862,615.4725833248782,607.5819091796875,607.5819091796875,27000,0.0,0.0
2007-02-09 00:00:00+09:00,607.5819454070061,617.1634788688976,607.5819454070061,611.5272827148438,20900,0.0,0.0
2007-02-13 00:00:00+09:00,609.8364219665527,616.5998573303223,609.8364219665527,613.2181396484375,13000,0.0,0.0
2007-02-14 00:00:00+09:00,614.3453807918708,614.3453807918708,611.5272827148438,611.5272827148438,12600,0.0,0.0
2007-02-15 00:00:00+09:00,614.3455599077681,614.9091796875,612.0910807888405,614.9091796875,29800,0.0,0.0
2007-02-16 00:00:00+09:00,614.909000407276,616.5998592534922,611.5272827148438,611.5272827148438,36000,0.0,0.0
2007-02-19 00:00:00+09:00,614.3453369140625,614.3453369140625,610.9636194631595,614.3453369140625,21900,0.0,0.0
2007-02-20 00:00:00+09:00,614.3453788757324,614.3453788757324,610.4000415802002,613.2181396484375,23300,0.0,0.0
2007-02-21 00:00:00+09:00,614.3453369140625,614.9089564892131,612.6544781886109,614.3453369140625,55900,0.0,0.0
2007-02-22 00:00:00+09:00,614.3454800580378,616.5999588839388,612.0910012321367,613.7818603515625,152600,0.0,0.0
2007-02-23 00:00:00+09:00,610.9243262579357,620.6396803705502,605.7809034924339,616.0677490234375,73000,15.0,0.0
2007-02-26 00:00:00+09:00,610.3527030409552,614.9246334008127,610.3527030409552,610.9241943359375,37500,0.0,0.0
2007-02-27 00:00:00+09:00,608.6382291560088,610.9241943359375,605.2092813861158,610.9241943359375,44500,0.0,0.0
2007-02-28 00:00:00+09:00,576.634865208676,601.2089972245067,576.634865208676,597.2085571289062,45300,0.0,0.0
2007-03-01 00:00:00+09:00,585.778728284334,600.0660143400494,585.2072368421053,597.2085571289062,56500,0.0,0.0
2007-03-02 00:00:00+09:00,585.778725065677,589.7791651392962,583.4927593093231,584.6357421875,21200,0.0,0.0
2007-03-05 00:00:00+09:00,576.6349473081702,578.9209134025535,563.4906422654667,564.0621337890625,45200,0.0,0.0
2007-03-06 00:00:00+09:00,558.3470919799805,575.4918338012695,554.9181436157227,571.4913940429688,29800,0.0,0.0
2007-03-07 00:00:00+09:00,573.2058682250977,578.3492907714844,570.9199026489258,571.4913940429688,22100,0.0,0.0
2007-03-08 00:00:00+09:00,571.491407311481,578.3493041992188,569.205441682235,578.3493041992188,14600,0.0,0.0
2007-03-09 00:00:00+09:00,578.3492916807226,590.9221023694339,578.3492916807226,582.3497314453125,42200,0.0,0.0
2007-03-12 00:00:00+09:00,586.9215889795017,589.7790455957603,585.7786063329984,586.35009765625,11300,0.0,0.0
2007-03-13 00:00:00+09:00,576.6348360078829,584.0642243806307,570.919921875,570.919921875,28600,0.0,0.0
2007-03-14 00:00:00+09:00,566.348019248561,580.0638138620477,563.4905620374178,564.633544921875,28600,0.0,0.0
2007-03-15 00:00:00+09:00,566.3481280302882,575.4919928622605,566.3481280302882,568.6340942382812,15000,0.0,0.0
2007-03-16 00:00:00+09:00,568.0622288286385,573.7771405874779,564.0617905974509,565.2047729492188,24700,0.0,0.0
2007-03-19 00:00:00+09:00,560.0615752249053,566.919472064394,560.0615752249053,565.7764892578125,14900,0.0,0.0
2007-03-20 00:00:00+09:00,560.6331048262747,567.4910021330181,560.0616133840462,564.633544921875,19200,0.0,0.0
2007-03-22 00:00:00+09:00,563.4906422654667,568.0625744542332,563.4906422654667,564.0621337890625,13900,0.0,0.0
2007-03-23 00:00:00+09:00,564.0619526250698,575.4917794259832,564.0619526250698,574.9202880859375,27200,0.0,0.0
2007-03-26 00:00:00+09:00,576.6349956428022,576.6349956428022,565.7766557843153,568.0626220703125,32200,0.0,0.0
2007-03-27 00:00:00+09:00,567.4910604254244,567.4910604254244,554.9182474049215,562.9191284179688,20700,0.0,0.0
2007-03-28 00:00:00+09:00,568.6340012589121,572.6344414687738,557.7756635464305,562.3475952148438,29600,0.0,0.0
2007-03-29 00:00:00+09:00,560.0613523662633,568.6337200045225,557.7753876627276,565.2047729492188,12200,0.0,0.0
2007-03-30 00:00:00+09:00,569.2054603330552,570.3484431851296,565.7765117768319,566.9194946289062,9600,0.0,0.0
2007-04-02 00:00:00+09:00,571.4913686116536,571.4913686116536,546.3457483927408,548.6317138671875,27000,0.0,0.0
2007-04-03 00:00:00+09:00,547.4887119892609,559.4900303105286,547.4887119892609,549.2031860351562,30500,0.0,0.0
2007-04-04 00:00:00+09:00,549.2031513474743,553.2035905352291,542.9167469095739,552.0606079101562,32800,0.0,0.0
2007-04-05 00:00:00+09:00,553.7750818477655,556.6325384104474,550.346133972547,552.0606079101562,9200,0.0,0.0
2007-04-06 00:00:00+09:00,552.6321411132812,561.2045114511294,552.0606497574247,552.6321411132812,10100,0.0,0.0
2007-04-09 00:00:00+09:00,557.2040561789956,557.2040561789956,553.2036168013002,554.9180908203125,11900,0.0,0.0
2007-04-10 00:00:00+09:00,544.0598366477273,553.2036994485295,533.7729909968249,534.344482421875,63200,0.0,0.0
2007-04-11 00:00:00+09:00,535.4873237935906,540.6307452601246,534.3443412454719,534.9158325195312,35900,0.0,0.0
2007-04-12 00:00:00+09:00,537.201855364081,538.3448380350684,532.6299246801314,533.201416015625,19000,0.0,0.0
2007-04-13 00:00:00+09:00,532.6299189914071,534.9158843089667,520.6286010742188,520.6286010742188,30900,0.0,0.0
2007-04-16 00:00:00+09:00,525.2005113404373,536.6303374849516,525.2005113404373,530.3439331054688,25200,0.0,0.0
2007-04-17 00:00:00+09:00,531.4870412726152,536.6304642526727,526.9151097347863,532.0585327148438,38100,0.0,0.0
2007-04-18 00:00:00+09:00,534.3444497244699,536.6304152847885,517.1997080220805,528.0580444335938,26600,0.0,0.0
2007-04-19 00:00:00+09:00,524.6290597098215,525.2005510602679,517.1996721540179,520.05712890625,24700,0.0,0.0
2007-04-20 00:00:00+09:00,520.05712890625,522.9145856584822,518.3426548549107,520.05712890625,21000,0.0,0.0
2007-04-23 00:00:00+09:00,522.3431522996054,523.4861351273945,518.3427124023438,518.3427124023438,16600,0.0,0.0
2007-04-24 00:00:00+09:00,516.6282381606601,520.0571866440273,515.485255332871,518.3427124023438,15100,0.0,0.0
2007-04-25 00:00:00+09:00,515.4851720314658,518.342628639179,514.9136807099231,517.1996459960938,15000,0.0,0.0
2007-04-26 00:00:00+09:00,517.1997393478994,525.7721107183065,516.6282479232055,523.4861450195312,22500,0.0,0.0
2007-04-27 00:00:00+09:00,523.4860908690347,529.2010045248102,522.9145995034571,526.9150390625,17400,0.0,0.0
2007-05-01 00:00:00+09:00,532.6299297830333,532.6299297830333,525.7720336914062,525.7720336914062,25300,0.0,0.0
2007-05-02 00:00:00+09:00,522.9144477426875,523.4859389424063,519.4855005443748,522.3429565429688,5700,0.0,0.0
2007-05-07 00:00:00+09:00,521.771683528216,522.9146664056054,518.3427348960482,519.4857177734375,24300,0.0,0.0
2007-05-08 00:00:00+09:00,517.7712434573535,520.0572092121321,517.7712434573535,519.4857177734375,8600,0.0,0.0
2007-05-09 00:00:00+09:00,522.3429565429688,524.6289213418438,518.3425181449372,522.3429565429688,15100,0.0,0.0
2007-05-10 00:00:00+09:00,521.2000888370733,521.2000888370733,517.7711408841977,518.9141235351562,13100,0.0,0.0
2007-05-11 00:00:00+09:00,513.1993215389061,514.9137958870316,513.1993215389061,513.7708129882812,21400,0.0,0.0
2007-05-14 00:00:00+09:00,508.6273419162083,512.6277816840885,507.48435912538537,509.77032470703125,18100,0.0,0.0
2007-05-15 00:00:00+09:00,488.62513224283856,497.19750298394104,488.62513224283856,493.7685546875,20100,0.0,0.0
2007-05-16 00:00:00+09:00,493.19709850662105,497.1975384713329,489.7681499654394,490.9111328125,9300,0.0,0.0
2007-05-17 00:00:00+09:00,488.6250844355607,488.6250844355607,483.48166249413373,485.1961364746094,11800,0.0,0.0
2007-05-18 00:00:00+09:00,482.33879855062537,482.33879855062537,472.05195213603855,472.6234436035156,33400,0.0,0.0
2007-05-21 00:00:00+09:00,466.9083970926576,474.33778407210013,465.1939231743247,472.05181884765625,12500,0.0,0.0
2007-05-22 00:00:00+09:00,469.19431670924075,478.90966796875,468.6228254586814,478.90966796875,10100,0.0,0.0
2007-05-23 00:00:00+09:00,478.9098608175732,505.7699604099669,478.9098608175732,501.1980285644531,49300,0.0,0.0
2007-05-24 00:00:00+09:00,491.4825242792092,497.1974373522233,491.4825242792092,496.6259460449219,14800,0.0,0.0
2007-05-25 00:00:00+09:00,487.48209396344373,488.6250765987625,486.339111328125,486.339111328125,13500,0.0,0.0
2007-05-28 00:00:00+09:00,499.4835479070618,505.7699541164184,497.7690734863282,497.7690734863281,18400,0.0,0.0
2007-05-29 00:00:00+09:00,497.1974373522233,497.7689286595247,493.76848950841486,496.6259460449219,45700,0.0,0.0
2007-05-30 00:00:00+09:00,484.05331942814263,485.1963024728372,480.62437029405896,481.19586181640625,53600,0.0,0.0
2007-05-31 00:00:00+09:00,482.3387949299841,484.6247607827328,481.1958120036097,481.7673034667969,19700,0.0,0.0
2007-06-01 00:00:00+09:00,483.48172586905855,483.48172586905855,476.0523376464844,476.0523376464844,35200,0.0,0.0
2007-06-04 00:00:00+09:00,476.62387574567435,478.90984157658886,473.1949269993026,473.76641845703125,26600,0.0,0.0
2007-06-05 00:00:00+09:00,472.6233871719843,473.1948785712249,468.0514559780594,469.76593017578125,32600,0.0,0.0
2007-06-06 00:00:00+09:00,468.0512580032162,469.1942403182424,466.336784530677,467.4797668457031,39600,0.0,0.0
2007-06-07 00:00:00+09:00,467.4798966950061,470.3373532762714,465.1939314299939,466.3369140625,44700,0.0,0.0
2007-06-08 00:00:00+09:00,445.19176869798093,464.0509835465475,445.19176869798093,463.4794921875,93200,0.0,0.0
2007-06-11 00:00:00+09:00,448.62076604655573,457.19313737228606,446.33480035969427,447.477783203125,74500,0.0,0.0
2007-06-12 00:00:00+09:00,452.62122224506584,452.62122224506584,444.62034205386516,445.19183349609375,26000,0.0,0.0
2007-06-13 00:00:00+09:00,445.19179504628977,449.1922347963848,441.7628466890655,446.33477783203125,25500,0.0,0.0
2007-06-14 00:00:00+09:00,449.76366104871266,452.6211175992127,441.76278270731245,444.6202392578125,56000,0.0,0.0
2007-06-15 00:00:00+09:00,451.4783411850164,465.76563046302323,450.33535804277585,462.9081726074219,81400,0.0,0.0
2007-06-18 00:00:00+09:00,462.33651388845135,466.90844480453,460.6220397949219,460.6220397949219,42900,0.0,0.0
2007-06-19 00:00:00+09:00,462.3365094694051,465.7654576236899,462.3365094694051,463.4794921875,29000,0.0,0.0
2007-06-20 00:00:00+09:00,464.0509879819808,464.0509879819808,458.9075657013924,460.6220397949219,31800,0.0,0.0
2007-06-21 00:00:00+09:00,463.4795069033383,465.7654724121094,462.9080155261455,465.7654724121094,25100,0.0,0.0
2007-06-22 00:00:00+09:00,461.76501811035763,464.62247490559497,461.76501811035763,463.4794921875,14600,0.0,0.0
2007-06-25 00:00:00+09:00,464.62247490559497,468.0514230598798,463.4794921875,463.4794921875,23300,0.0,0.0
2007-06-26 00:00:00+09:00,464.6224478831748,468.6228871638417,463.47946523155565,465.1939392089844,44100,0.0,0.0
2007-06-27 00:00:00+09:00,462.33646405112495,465.193920565656,460.0504988395001,461.1934814453125,28500,0.0,0.0
2007-06-28 00:00:00+09:00,466.90848303472376,474.90936279296875,466.33699162342054,474.90936279296875,57800,0.0,0.0
2007-06-29 00:00:00+09:00,475.4809084345379,488.6252123936658,474.33792548157027,482.33880615234375,41200,0.0,0.0
2007-07-02 00:00:00+09:00,488.0537209171819,488.6252123936658,480.05284024640844,482.33880615234375,26000,0.0,0.0
2007-07-03 00:00:00+09:00,480.05284024640844,483.48178910531135,479.48134876992464,482.33880615234375,21500,0.0,0.0
2007-07-04 00:00:00+09:00,484.0532693195456,485.19625224592,481.7673034667969,481.7673034667969,2900,0.0,0.0
2007-07-05 00:00:00+09:00,480.05282907723534,482.91028639317125,480.05282907723534,481.7673034667969,11100,0.0,0.0
2007-07-06 00:00:00+09:00,480.624249465174,482.91021497987157,475.4808270571043,476.6238098144531,12100,0.0,0.0
2007-07-09 00:00:00+09:00,471.4804097225791,480.0527808084442,471.4804097225791,477.7668151855469,13200,0.0,0.0
2007-07-10 00:00:00+09:00,473.19481642389877,474.3377990722657,466.3369205336973,474.3377990722656,18300,0.0,0.0
2007-07-11 00:00:00+09:00,466.3369489827374,470.3373884960697,460.62203539226266,463.4794921875,19500,0.0,0.0
2007-07-12 00:00:00+09:00,474.9093344471937,479.4812654647359,462.9080155261455,465.7654724121094,25100,0.0,0.0
2007-07-13 00:00:00+09:00,468.05156885125984,468.05156885125984,460.6221788694938,464.62261962890625,18000,0.0,0.0
2007-07-17 00:00:00+09:00,460.62207363208825,464.05102207103675,460.62207363208825,462.3365478515625,24200,0.0,0.0
2007-07-18 00:00:00+09:00,456.0501901968809,456.62168166329303,454.3357157976445,455.47869873046875,25900,0.0,0.0
2007-07-19 00:00:00+09:00,452.62124139840813,455.47869873046875,452.62124139840813,455.47869873046875,13400,0.0,0.0
2007-07-20 00:00:00+09:00,454.3356515418372,455.4786343130116,453.19266877066275,453.76416015625,12700,0.0,0.0
2007-07-23 00:00:00+09:00,444.04886807740183,449.76378272447266,443.4773766126948,449.1922912597656,32100,0.0,0.0
2007-07-24 00:00:00+09:00,448.0492520106434,448.0492520106434,444.62030365341906,446.33477783203125,26100,0.0,0.0
2007-07-25 00:00:00+09:00,434.90494226526334,442.33433024088544,429.1900284378617,432.0474853515625,48500,0.0,0.0
2007-07-26 00:00:00+09:00,453.764268088039,456.62172569564626,451.4783020019531,451.4783020019531,76300,0.0,0.0
2007-07-27 00:00:00+09:00,444.0488891601563,450.33529557040305,444.0488891601563,444.04888916015625,38800,0.0,0.0
2007-07-30 00:00:00+09:00,449.7637204571394,454.9071429274244,449.7637204571394,453.76416015625,24300,0.0,0.0
2007-07-31 00:00:00+09:00,446.33457987597035,450.33501785181136,444.04861531834695,448.62054443359375,40600,0.0,0.0
2007-08-01 00:00:00+09:00,451.4781935168851,454.9071418220766,440.0483658329133,442.90582275390625,36700,0.0,0.0
2007-08-02 00:00:00+09:00,445.7632796748992,448.62073659589214,440.0483658329133,442.90582275390625,25700,0.0,0.0
2007-08-03 00:00:00+09:00,442.90582275390625,445.7632796748992,440.0483658329133,442.90582275390625,14100,0.0,0.0
2007-08-06 00:00:00+09:00,443.4774808883667,447.4779220819473,437.76256489753723,438.9055480957031,38200,0.0,0.0
2007-08-07 00:00:00+09:00,449.76365321232726,449.76365321232726,445.7632141113282,445.7632141113281,26900,0.0,0.0
2007-08-08 00:00:00+09:00,446.3347811796227,451.4782037540358,445.76328978246573,448.04925537109375,14300,0.0,0.0
2007-08-09 00:00:00+09:00,452.049748583301,452.6212400480081,448.04930833035144,449.1922912597656,20300,0.0,0.0
2007-08-10 00:00:00+09:00,442.33435857110686,444.62032424847695,440.61988431307935,441.1913757324219,27600,0.0,0.0
2007-08-13 00:00:00+09:00,447.47768801175636,448.0491793118991,445.7632141113282,445.7632141113281,12400,0.0,0.0
2007-08-14 00:00:00+09:00,445.7632672634271,446.90625,442.33431905370844,446.90625,12800,0.0,0.0
2007-08-15 00:00:00+09:00,443.4773802125609,443.4773802125609,440.0484313964844,440.0484313964844,12700,0.0,0.0
2007-08-16 00:00:00+09:00,434.9048958627801,442.90577436748305,431.47594793219315,434.3334045410156,18600,0.0,0.0
2007-08-17 00:00:00+09:00,432.61888140992033,440.04826774853194,424.6180038144925,425.760986328125,35900,0.0,0.0
2007-08-20 00:00:00+09:00,437.1908114644505,437.1908114644505,423.4750213008599,425.760986328125,20400,0.0,0.0
2007-08-21 00:00:00+09:00,423.4750665275054,430.332962341716,422.9035752096545,428.0469970703125,19700,0.0,0.0
2007-08-22 00:00:00+09:00,428.04714667189853,428.04714667189853,425.76118060155466,426.3326721191406,11200,0.0,0.0
2007-08-23 00:00:00+09:00,431.47594793219315,434.3334045410156,431.47594793219315,434.3334045410156,13500,0.0,0.0
2007-08-24 00:00:00+09:00,440.04846491449706,444.04890550462886,440.04846491449706,441.762939453125,15100,0.0,0.0
2007-08-27 00:00:00+09:00,450.3352403117018,450.3352403117018,443.4773432511175,447.477783203125,20700,0.0,0.0
2007-08-28 00:00:00+09:00,459.0553588867187,459.6342433241547,454.424283387231,459.05535888671875,17300,10.0,0.0
2007-08-29 00:00:00+09:00,456.74002075195307,457.8977901328199,454.4244819902195,456.7400207519531,26400,0.0,0.0
2007-08-30 00:00:00+09:00,453.84543192675153,455.58208536524677,452.10877848825635,454.42431640625,6000,0.0,0.0
2007-08-31 00:00:00+09:00,455.5821634027022,457.3188171386718,452.6877405094195,457.3188171386719,9500,0.0,0.0
2007-09-03 00:00:00+09:00,460.21316182403183,462.52869974515903,456.16097046205925,459.63427734375,19800,0.0,0.0
2007-09-04 00:00:00+09:00,459.6343180849082,464.2653943376529,459.6343180849082,461.3709716796875,16500,0.0,0.0
2007-09-05 00:00:00+09:00,461.37104666353474,461.37104666353474,449.7933541500207,458.47662353515625,20600,0.0,0.0
2007-09-06 00:00:00+09:00,446.89895532195305,456.16110983639766,441.6889934075779,452.1089172363281,16200,0.0,0.0
2007-09-07 00:00:00+09:00,451.52986972681356,454.4242919686521,446.31990969150417,450.3721008300781,7700,0.0,0.0
2007-09-10 00:00:00+09:00,449.21433193334275,454.4242919686521,446.31990969150417,450.3721008300781,24800,0.0,0.0
2007-09-11 00:00:00+09:00,449.79331477421266,449.79331477421266,445.16223817422076,446.32000732421875,10100,0.0,0.0
2007-09-12 00:00:00+09:00,446.89884073095385,452.1088013094235,442.8466491699219,442.8466491699219,17400,0.0,0.0
2007-09-13 00:00:00+09:00,441.11014117919603,442.84679527832674,439.9523717797756,441.68902587890625,8100,0.0,0.0
2007-09-14 00:00:00+09:00,435.900178881804,442.2679105786165,435.900178881804,441.68902587890625,28100,0.0,0.0
2007-09-18 00:00:00+09:00,438.7945049367052,438.7945049367052,435.3211975097656,435.3211975097656,9900,0.0,0.0
2007-09-19 00:00:00+09:00,449.2144503599582,449.79333496093756,446.8989119560409,449.7933349609375,12000,0.0,0.0
2007-09-20 00:00:00+09:00,444.0043649968413,450.372093829912,444.0043649968413,449.2143249511719,16300,0.0,0.0
2007-09-21 00:00:00+09:00,447.47768384077415,447.47768384077415,440.53107037882165,441.1099548339844,13700,0.0,0.0
2007-09-25 00:00:00+09:00,441.1099548339844,443.4254926546352,435.32111028235727,441.1099548339844,25600,0.0,0.0
2007-09-26 00:00:00+09:00,446.8987871936916,449.2143249511719,446.8987871936916,449.2143249511719,19500,0.0,0.0
2007-09-27 00:00:00+09:00,452.1089432284859,457.8977901328199,446.8989810145853,456.7400207519531,35900,0.0,0.0
2007-09-28 00:00:00+09:00,462.52875091514153,462.52875091514153,456.7399054718982,457.8976745605469,31000,0.0,0.0
2007-10-01 00:00:00+09:00,458.47650838318646,463.10758422544086,458.47650838318646,459.63427734375,24800,0.0,0.0
2007-10-02 00:00:00+09:00,463.10770054056184,467.7387775459675,445.7411617702908,458.47662353515625,39900,0.0,0.0
2007-10-03 00:00:00+09:00,461.94992065429693,467.1598821654356,457.318843755507,461.9499206542969,32800,0.0,0.0
2007-10-04 00:00:00+09:00,461.9498359680176,468.31756553649905,461.9498359680176,463.10760498046875,22400,0.0,0.0
2007-10-05 00:00:00+09:00,467.1599458751112,470.63325402288154,467.1599458751112,467.73883056640625,22100,0.0,0.0
2007-10-09 00:00:00+09:00,473.5275160266507,474.68528501449094,466.5809020996094,466.5809020996094,30400,0.0,0.0
2007-10-10 00:00:00+09:00,467.15993170368716,472.9487784410315,467.15993170368716,470.63323974609375,8500,0.0,0.0
2007-10-11 00:00:00+09:00,459.0555331221616,459.0555331221616,449.2144939505642,452.1089172363281,69000,0.0,0.0
2007-10-12 00:00:00+09:00,452.6875647004528,455.0031021158004,443.4254150390625,443.4254150390625,44600,0.0,0.0
2007-10-15 00:00:00+09:00,442.8465540621293,451.5298198280534,438.2154789869698,442.2676696777344,20600,0.0,0.0
2007-10-16 00:00:00+09:00,446.8988233064351,446.8988233064351,439.9522094726563,439.95220947265625,30000,0.0,0.0
2007-10-17 00:00:00+09:00,439.95211625384906,439.95211625384906,434.7421569824219,434.7421569824219,33400,0.0,0.0
2007-10-18 00:00:00+09:00,439.37332498650807,439.9522094726563,437.63667152806335,439.95220947265625,27300,0.0,0.0
2007-10-19 00:00:00+09:00,437.636735794392,437.636735794392,435.3211975097656,435.3211975097656,27300,0.0,0.0
2007-10-22 00:00:00+09:00,432.4268591308594,438.7945906575521,431.2690897623698,434.16351318359375,20800,0.0,0.0
2007-10-23 00:00:00+09:00,438.79447760714953,439.3733621422513,435.9000549316406,435.9000549316406,22100,0.0,0.0
2007-10-24 00:00:00+09:00,437.0578510219258,442.2678121599355,435.32119730925587,440.5311584472656,38500,0.0,0.0
2007-10-25 00:00:00+09:00,445.7411024305556,445.7411024305556,437.63671875000006,437.63671875,38500,0.0,0.0
2007-10-26 00:00:00+09:00,435.321160398139,439.37335205078125,435.321160398139,439.37335205078125,38500,0.0,0.0
2007-10-29 00:00:00+09:00,445.16220785287715,453.8454758864183,445.16220785287715,451.5299377441406,41800,0.0,0.0
2007-10-30 00:00:00+09:00,456.73984873339475,463.68646240234375,456.73984873339475,463.68646240234375,41800,0.0,0.0
2007-10-31 00:00:00+09:00,463.6864189734826,485.6840268648588,463.6864189734826,481.6318359375,39600,0.0,0.0
2007-11-01 00:00:00+09:00,481.63200577445656,481.63200577445656,479.3164672851563,479.31646728515625,39600,0.0,0.0
2007-11-02 00:00:00+09:00,466.00202789118026,468.31756591796875,466.00202789118026,468.31756591796875,39600,0.0,0.0
2007-11-05 00:00:00+09:00,468.31761345715256,468.31761345715256,466.0020751953125,466.0020751953125,39600,0.0,0.0
2007-11-06 00:00:00+09:00,470.0542100332316,477.0008239746094,470.0542100332316,477.0008239746094,39600,0.0,0.0
2007-11-07 00:00:00+09:00,473.5275199740541,473.5275199740541,472.3697509765625,472.3697509765625,39600,0.0,0.0
2007-11-08 00:00:00+09:00,466.5810082946161,466.5810082946161,458.47662353515625,458.47662353515625,39600,0.0,0.0
2007-11-09 00:00:00+09:00,468.31761345715256,468.31761345715256,466.0020751953125,466.0020751953125,39600,0.0,0.0
2007-11-12 00:00:00+09:00,439.9522297102048,439.9522297102048,438.21557617187506,438.215576171875,39600,0.0,0.0
2007-11-13 00:00:00+09:00,438.21557617187506,438.21557617187506,438.21557617187506,438.215576171875,39600,0.0,0.0
2007-11-14 00:00:00+09:00,443.42558444922383,446.32000732421875,443.42558444922383,446.32000732421875,39600,0.0,0.0
2007-11-15 00:00:00+09:00,446.31990275432156,451.52986270865216,446.31990275432156,449.2143249511719,28700,0.0,0.0
2007-11-16 00:00:00+09:00,449.21428229047365,449.21428229047365,442.2676696777344,442.2676696777344,28700,0.0,0.0
2007-11-19 00:00:00+09:00,443.42543844652425,443.42543844652425,442.2676696777344,442.2676696777344,28700,0.0,0.0
2007-11-20 00:00:00+09:00,430.1111929930029,438.21557617187506,430.1111929930029,438.215576171875,28700,0.0,0.0
2007-11-21 00:00:00+09:00,441.6889105902778,441.6889105902778,437.63671875000006,437.63671875,28700,0.0,0.0
2007-11-22 00:00:00+09:00,439.95232414235653,444.5834012385919,439.95232414235653,444.0045166015625,23000,0.0,0.0
2007-11-26 00:00:00+09:00,452.10887336485484,455.5821809707308,446.3200273550616,449.7933349609375,24100,0.0,0.0
2007-11-27 00:00:00+09:00,449.79334162074275,450.95111083984375,449.79334162074275,450.95111083984375,23000,0.0,0.0
2007-11-28 00:00:00+09:00,453.84543254093205,459.63427734375006,453.84543254093205,459.63427734375,23000,0.0,0.0
2007-11-29 00:00:00+09:00,466.00209566720406,466.00209566720406,464.26544189453125,464.26544189453125,23000,0.0,0.0
2007-11-30 00:00:00+09:00,464.8443908691406,464.8443908691406,464.8443908691406,464.8443908691406,23000,0.0,0.0
2007-12-03 00:00:00+09:00,468.317576178189,470.0542297363281,468.317576178189,470.0542297363281,23000,0.0,0.0
2007-12-04 00:00:00+09:00,461.94981526487726,463.68646870572263,459.63427734375006,459.63427734375,14800,0.0,0.0
2007-12-05 00:00:00+09:00,457.31884704513453,464.26546244328847,457.31884704513453,462.52880859375,13800,0.0,0.0
2007-12-06 00:00:00+09:00,462.5286431383731,465.4230651855469,462.5286431383731,465.4230651855469,13800,0.0,0.0
2007-12-07 00:00:00+09:00,464.84423134716855,468.31753818164304,460.21315556786925,463.68646240234375,19100,0.0,0.0
2007-12-10 00:00:00+09:00,466.0021764925211,467.73883056640625,466.0021764925211,467.73883056640625,19100,0.0,0.0
2007-12-11 00:00:00+09:00,471.2119092798945,471.2119092798945,465.4230651855469,465.4230651855469,19100,0.0,0.0
2007-12-12 00:00:00+09:00,455.003315781102,464.84435441758893,455.003315781102,458.47662353515625,24600,0.0,0.0
2007-12-13 00:00:00+09:00,461.3710982754203,461.3710982754203,456.74002075195307,456.7400207519531,24600,0.0,0.0
2007-12-14 00:00:00+09:00,455.0033264160156,455.0033264160156,455.0033264160156,455.0033264160156,24600,0.0,0.0
2007-12-17 00:00:00+09:00,451.5298591859879,451.5298591859879,448.63543701171875,448.63543701171875,24600,0.0,0.0
2007-12-18 00:00:00+09:00,446.8987837071573,451.5298591859879,444.58324596774196,448.63543701171875,12600,0.0,0.0
2007-12-19 00:00:00+09:00,448.63558296706975,448.63558296706975,447.4778137207031,447.4778137207031,24600,0.0,0.0
2007-12-20 00:00:00+09:00,448.0564898697576,448.0564898697576,443.4254150390625,443.4254150390625,24600,0.0,0.0
2007-12-21 00:00:00+09:00,443.4254150390625,443.4254150390625,443.4254150390625,443.4254150390625,24600,0.0,0.0
2007-12-25 00:00:00+09:00,445.7412542298783,448.0567932128906,444.00459999261903,448.0567932128906,38200,0.0,0.0
2007-12-26 00:00:00+09:00,449.7932337033794,453.26654052734375,449.21434923271875,453.26654052734375,25300,0.0,0.0
2007-12-27 00:00:00+09:00,453.2666865506337,453.2666865506337,452.1089172363281,452.1089172363281,25300,0.0,0.0
2007-12-28 00:00:00+09:00,457.89771937464815,457.89771937464815,449.79333496093756,449.7933349609375,25500,0.0,0.0
2008-01-04 00:00:00+09:00,452.6877170138889,452.6877170138889,437.0578342013889,437.63671875,25300,0.0,0.0
2008-01-07 00:00:00+09:00,436.47885013042685,436.47885013042685,431.26889038085943,431.2688903808594,25300,0.0,0.0
2008-01-08 00:00:00+09:00,429.5322087571288,429.5322087571288,426.6377868652344,426.6377868652344,25300,0.0,0.0
2008-01-09 00:00:00+09:00,426.63792579835956,429.5323486328125,426.63792579835956,429.5323486328125,25300,0.0,0.0
2008-01-10 00:00:00+09:00,431.26900233348425,432.4267714672654,429.5323486328125,429.5323486328125,9500,0.0,0.0
2008-01-11 00:00:00+09:00,429.53225514111597,429.53225514111597,419.1123352050781,419.1123352050781,9500,0.0,0.0
2008-01-15 00:00:00+09:00,419.69124899369797,419.69124899369797,408.6924438476562,408.69244384765625,9500,0.0,0.0
2008-01-16 00:00:00+09:00,404.640288897923,404.640288897923,387.85263742719377,389.0104064941406,20300,0.0,0.0
2008-01-17 00:00:00+09:00,385.5371160464942,391.90484619140625,384.9582314878658,391.90484619140625,18200,0.0,0.0
2008-01-18 00:00:00+09:00,387.8527499354163,398.2726745605469,387.2738652340201,398.2726745605469,19900,0.0,0.0
2008-01-21 00:00:00+09:00,395.9569480451233,395.9569480451233,387.27368164062494,387.273681640625,17700,0.0,0.0
2008-01-22 00:00:00+09:00,364.697292411589,375.1172150519201,363.53952322933,369.328369140625,30800,0.0,0.0
2008-01-23 00:00:00+09:00,380.32718324661255,380.32718324661255,370.48614501953125,370.48614501953125,30800,0.0,0.0
2008-01-24 00:00:00+09:00,370.486134626548,373.9594421386719,370.486134626548,373.9594421386719,30800,0.0,0.0
2008-01-25 00:00:00+09:00,373.9594313069541,393.06262207031244,373.9594313069541,393.0626220703125,30800,0.0,0.0
2008-01-28 00:00:00+09:00,389.01047264496026,400.5881652832031,389.01047264496026,400.5881652832031,30800,0.0,0.0
2008-01-29 00:00:00+09:00,397.69365503034027,406.37692260742193,393.06257898923,406.3769226074219,30800,0.0,0.0
2008-01-30 00:00:00+09:00,402.9037179738674,404.64037193065127,397.6937561035156,397.6937561035156,30800,0.0,0.0
2008-01-31 00:00:00+09:00,406.95593024689015,417.37585449218744,406.95593024689015,417.3758544921875,30800,0.0,0.0
2008-02-01 00:00:00+09:00,417.3756922914696,420.84899902343744,417.3756922914696,420.8489990234375,30800,0.0,0.0
2008-02-04 00:00:00+09:00,418.5334458222261,428.37448120117193,418.5334458222261,428.3744812011719,30800,0.0,0.0
2008-02-05 00:00:00+09:00,405.219253839231,413.3236389160156,405.219253839231,413.3236389160156,30800,0.0,0.0
2008-02-06 00:00:00+09:00,405.7980651855468,405.7980651855468,405.7980651855468,405.7980651855469,30800,0.0,0.0
2008-02-07 00:00:00+09:00,405.7980350977938,411.00799560546875,405.7980350977938,411.00799560546875,30800,0.0,0.0
2008-02-08 00:00:00+09:00,408.1135593662856,409.27132832902686,405.79802144080315,408.69244384765625,12000,0.0,0.0
2008-02-12 00:00:00+09:00,410.4291687011719,410.4291687011719,410.4291687011719,410.4291687011719,12000,0.0,0.0
2008-02-13 00:00:00+09:00,400.0091857910156,400.0091857910156,400.0091857910156,400.0091857910156,12000,0.0,0.0
2008-02-14 00:00:00+09:00,400.00921276837545,400.00921276837545,393.6414828979672,394.2203674316406,12000,0.0,0.0
2008-02-15 00:00:00+09:00,398.27262675555454,402.9037038108517,394.7993189640817,400.5881652832031,12000,0.0,0.0
2008-02-18 00:00:00+09:00,405.2190679097347,405.2190679097347,402.32464599609375,402.32464599609375,12000,0.0,0.0
2008-02-19 00:00:00+09:00,407.5346540178572,407.5346540178572,405.21911621093756,405.2191162109375,12000,0.0,0.0
2008-02-20 00:00:00+09:00,403.4825884427638,403.4825884427638,400.5881652832031,400.5881652832031,12000,0.0,0.0
2008-02-21 00:00:00+09:00,403.4824628557478,405.21911621093756,401.16692504882815,405.2191162109375,33000,0.0,0.0
2008-02-22 00:00:00+09:00,404.64026909200555,406.37692260742193,404.64026909200555,406.3769226074219,33000,0.0,0.0
2008-02-25 00:00:00+09:00,413.32364220252407,413.9025268554688,413.32364220252407,413.90252685546875,33000,0.0,0.0
2008-02-26 00:00:00+09:00,404.5089387185709,406.2702258247475,400.3992688041587,403.3347473144531,76300,10.0,0.0
2008-02-27 00:00:00+09:00,403.33474041218443,412.728271484375,403.33474041218443,412.728271484375,76300,0.0,0.0
2008-02-28 00:00:00+09:00,408.60838909926235,412.728271484375,408.60838909926235,412.728271484375,76300,0.0,0.0
2008-02-29 00:00:00+09:00,403.33477640847076,403.33477640847076,402.7476806640625,402.7476806640625,76300,0.0,0.0
2008-03-03 00:00:00+09:00,398.0507457139757,399.2249367042824,396.2894592285156,396.2894592285156,19900,0.0,0.0
2008-03-04 00:00:00+09:00,396.28948648121167,396.28948648121167,395.1152954101562,395.11529541015625,19900,0.0,0.0
2008-03-05 00:00:00+09:00,396.2896015829669,396.2896015829669,392.17993164062506,392.179931640625,19900,0.0,0.0
2008-03-06 00:00:00+09:00,393.9411667277622,395.70245361328125,393.35407109925586,395.70245361328125,8100,0.0,0.0
2008-03-07 00:00:00+09:00,395.70250143180215,395.70250143180215,390.41864013671875,390.41864013671875,8100,0.0,0.0
2008-03-10 00:00:00+09:00,391.0056360418146,391.5927315914269,385.13468054569125,387.4830627441406,13200,0.0,0.0
2008-03-11 00:00:00+09:00,384.54765009124895,389.2444152832032,384.54765009124895,389.2444152832031,13200,0.0,0.0
2008-03-12 00:00:00+09:00,386.8960833200594,386.8960833200594,384.547700416751,385.1347961425781,6900,0.0,0.0
2008-03-13 00:00:00+09:00,379.2637957948627,379.2637957948627,363.9993086576082,368.1089782714844,21900,0.0,0.0
2008-03-14 00:00:00+09:00,355.1928957210801,358.7154698935206,346.9735559853857,352.8445129394531,40500,0.0,0.0
2008-03-17 00:00:00+09:00,352.844517335197,358.71547436240496,352.844517335197,354.6058044433594,11000,0.0,0.0
2008-03-18 00:00:00+09:00,360.47674709413104,361.06384277343744,360.47674709413104,361.0638427734375,11000,0.0,0.0
2008-03-19 00:00:00+09:00,361.6509294181035,361.6509294181035,357.541259765625,357.541259765625,11000,0.0,0.0
2008-03-21 00:00:00+09:00,352.8444944485068,357.541259765625,352.8444944485068,357.541259765625,11000,0.0,0.0
2008-03-24 00:00:00+09:00,355.7800823974609,355.7800823974609,352.25750732421875,352.25750732421875,11000,0.0,0.0
2008-03-25 00:00:00+09:00,355.19288598037343,361.06384277343744,355.19288598037343,361.0638427734375,11000,0.0,0.0
2008-03-26 00:00:00+09:00,370.4572978644326,370.4572978644326,367.5218200683594,367.5218200683594,11000,0.0,0.0
2008-03-27 00:00:00+09:00,372.80578900730967,373.97998046875006,372.80578900730967,373.97998046875,11000,0.0,0.0
2008-03-28 00:00:00+09:00,374.5670240583463,389.2444152832032,374.5670240583463,389.2444152832031,11000,0.0,0.0
2008-03-31 00:00:00+09:00,385.13469982293265,385.13469982293265,383.37341308593756,383.3734130859375,11000,0.0,0.0
2008-04-01 00:00:00+09:00,398.63802680743515,399.22512257592916,392.179973354001,396.8767395019531,7600,0.0,0.0
2008-04-02 00:00:00+09:00,396.87672321997997,402.7476806640625,396.87672321997997,402.7476806640625,7600,0.0,0.0
2008-04-03 00:00:00+09:00,394.52831178356985,403.3347473144531,394.52831178356985,403.3347473144531,7600,0.0,0.0
2008-04-04 00:00:00+09:00,402.1605242480029,402.1605242480029,391.0057067871094,391.0057067871094,7600,0.0,0.0
2008-04-07 00:00:00+09:00,390.4186777143336,393.3541564941406,390.4186777143336,393.3541564941406,7600,0.0,0.0
2008-04-08 00:00:00+09:00,400.39914857325533,400.98624409902254,392.17981121251404,392.76690673828125,8600,0.0,0.0
2008-04-09 00:00:00+09:00,392.7670214549605,392.7670214549605,389.83154296875006,389.83154296875,8600,0.0,0.0
2008-04-10 00:00:00+09:00,382.1992335565004,382.1992335565004,376.3282775878906,376.3282775878906,8600,0.0,0.0
2008-04-11 00:00:00+09:00,388.6571958553717,388.6571958553717,377.5023820770453,378.0894775390625,8600,0.0,0.0
2008-04-14 00:00:00+09:00,378.6767313740041,378.6767313740041,355.7799987792969,355.7799987792969,8600,0.0,0.0
2008-04-15 00:00:00+09:00,376.9154066543234,389.2444152832032,376.9154066543234,389.2444152832031,8600,0.0,0.0
2008-04-16 00:00:00+09:00,389.2444532862249,404.50894165039057,389.2444532862249,404.5089416503906,8600,0.0,0.0
2008-04-17 00:00:00+09:00,415.663729815416,416.8379211425782,415.663729815416,416.8379211425781,8600,0.0,0.0
2008-04-18 00:00:00+09:00,416.8379428169944,416.8379428169944,413.31536865234375,413.31536865234375,8600,0.0,0.0
2008-04-21 00:00:00+09:00,406.2701191840589,409.2055969238281,406.2701191840589,409.2055969238281,8600,0.0,0.0
2008-04-22 00:00:00+09:00,409.2057578021034,409.2057578021034,399.8122253417969,399.8122253417969,8600,0.0,0.0
2008-04-23 00:00:00+09:00,411.55410910060266,412.1412048339844,411.55410910060266,412.1412048339844,8600,0.0,0.0
2008-04-24 00:00:00+09:00,405.0960299843236,410.3798912449887,401.5734558105469,401.5734558105469,8600,0.0,0.0
2008-04-25 00:00:00+09:00,415.0766281257608,415.0766281257608,414.4895324707031,414.4895324707031,8600,0.0,0.0
2008-04-28 00:00:00+09:00,428.579740799013,428.579740799013,427.9926452636719,427.9926452636719,8600,0.0,0.0
2008-04-30 00:00:00+09:00,426.23134384155276,426.23134384155276,422.7087707519532,422.7087707519531,8600,0.0,0.0
2008-05-01 00:00:00+09:00,420.947509765625,427.40556082200135,420.947509765625,420.947509765625,9600,0.0,0.0
2008-05-02 00:00:00+09:00,424.4701673163743,429.75402832031256,424.4701673163743,429.7540283203125,9600,0.0,0.0
2008-05-07 00:00:00+09:00,430.34109033035907,430.34109033035907,428.5798034667969,428.5798034667969,9600,0.0,0.0
2008-05-08 00:00:00+09:00,431.51528157273384,433.86366405748345,428.5798034667969,428.5798034667969,10800,0.0,0.0
2008-05-09 00:00:00+09:00,431.51531273210554,431.51531273210554,416.8379211425782,416.8379211425781,10800,0.0,0.0
2008-05-12 00:00:00+09:00,422.7088607766864,422.7088607766864,416.2508087370425,422.12176513671875,15400,0.0,0.0
2008-05-13 00:00:00+09:00,416.2507200876872,422.7087707519532,416.2507200876872,422.7087707519531,14100,0.0,0.0
2008-05-14 00:00:00+09:00,425.6444479633128,429.7541184953724,415.66381952831097,429.1670227050781,16300,0.0,0.0
2008-05-15 00:00:00+09:00,436.2119529438529,439.1474304199219,436.2119529438529,439.1474304199219,16300,0.0,0.0
2008-05-16 00:00:00+09:00,445.4955805252186,445.4955805252186,445.01849365234375,445.01849365234375,16300,0.0,0.0
2008-05-19 00:00:00+09:00,435.6249389648438,435.6249389648438,435.6249389648438,435.62493896484375,16300,0.0,0.0
2008-05-20 00:00:00+09:00,433.27657310829323,440.9088162660274,430.3410949707031,430.3410949707031,7000,0.0,0.0
2008-05-21 00:00:00+09:00,427.4055738146552,427.4055738146552,425.644287109375,425.644287109375,7000,0.0,0.0
2008-05-22 00:00:00+09:00,427.9926969282855,427.9926969282855,424.4701232910157,424.4701232910156,7000,0.0,0.0
2008-05-23 00:00:00+09:00,427.9927413189998,429.75402832031256,427.9927413189998,429.7540283203125,7000,0.0,0.0
2008-05-26 00:00:00+09:00,426.23142996846633,426.23142996846633,420.36047363281256,420.3604736328125,7000,0.0,0.0
2008-05-27 00:00:00+09:00,421.5345797220866,422.7087707519532,421.5345797220866,422.7087707519531,7000,0.0,0.0
2008-05-28 00:00:00+09:00,420.3604123349511,428.5797500063049,405.6830236361051,409.2055969238281,28600,0.0,0.0
2008-05-29 00:00:00+09:00,419.7732931772868,422.7087707519532,419.7732931772868,422.7087707519531,28600,0.0,0.0
2008-05-30 00:00:00+09:00,422.7087707519532,422.7087707519532,422.7087707519532,422.7087707519531,28600,0.0,0.0
2008-06-02 00:00:00+09:00,423.29602050781256,423.29602050781256,423.29602050781256,423.2960205078125,28600,0.0,0.0
2008-06-03 00:00:00+09:00,419.1861572265625,419.1861572265625,419.1861572265625,419.1861572265625,28600,0.0,0.0
2008-06-04 00:00:00+09:00,427.4056183609715,430.9281921386718,425.6443314721214,430.9281921386719,12300,0.0,0.0
2008-06-05 00:00:00+09:00,427.9927078456095,431.51528157273384,424.47013411848513,428.5798034667969,4500,0.0,0.0
2008-06-06 00:00:00+09:00,431.51536071184773,432.1024564407074,423.29602050781256,423.2960205078125,15100,0.0,0.0
2008-06-09 00:00:00+09:00,422.1216943427858,422.1216943427858,418.59912109375006,418.59912109375,16600,0.0,0.0
2008-06-10 00:00:00+09:00,418.59924024536303,418.59924024536303,417.425048828125,417.425048828125,16600,0.0,0.0
2008-06-11 00:00:00+09:00,417.42502428601676,419.77340698242193,417.42502428601676,419.7734069824219,16600,0.0,0.0
2008-06-12 00:00:00+09:00,420.94759770607465,431.51531982421875,420.94759770607465,431.51531982421875,16600,0.0,0.0
2008-06-13 00:00:00+09:00,418.5991275633063,420.947509765625,418.5991275633063,420.947509765625,16600,0.0,0.0
2008-06-16 00:00:00+09:00,430.9281341254794,430.9281341254794,420.947509765625,420.947509765625,24100,0.0,0.0
2008-06-17 00:00:00+09:00,427.99273227660126,427.99273227660126,426.2314453125,426.2314453125,24100,0.0,0.0
2008-06-18 00:00:00+09:00,423.88315097534854,427.9928214141677,423.29605519837435,425.0573425292969,5700,0.0,0.0
2008-06-19 00:00:00+09:00,418.59912109375006,418.59912109375006,418.59912109375006,418.59912109375,5700,0.0,0.0
2008-06-20 00:00:00+09:00,422.12178967882704,422.12178967882704,419.77340698242193,419.7734069824219,5700,0.0,0.0
2008-06-23 00:00:00+09:00,419.773312176762,425.6442675918216,418.59912109375006,418.59912109375,11300,0.0,0.0
2008-06-24 00:00:00+09:00,418.5992546769353,423.29602050781256,418.5992546769353,423.2960205078125,11300,0.0,0.0
2008-06-25 00:00:00+09:00,421.53468645122695,421.53468645122695,416.8379211425782,416.8379211425781,11300,0.0,0.0
2008-06-26 00:00:00+09:00,419.18622311388594,420.947509765625,419.18622311388594,420.947509765625,11300,0.0,0.0
2008-06-27 00:00:00+09:00,411.5540601703483,416.8379211425782,411.5540601703483,416.8379211425781,11300,0.0,0.0
2008-06-30 00:00:00+09:00,416.8379428169944,416.8379428169944,413.31536865234375,413.31536865234375,11300,0.0,0.0
2008-07-01 00:00:00+09:00,413.31538888405294,421.53472900390625,413.31538888405294,421.53472900390625,11300,0.0,0.0
2008-07-02 00:00:00+09:00,421.5347068645537,421.5347068645537,412.728271484375,412.728271484375,11300,0.0,0.0
2008-07-03 00:00:00+09:00,412.728166934226,412.728166934226,408.0314025878906,408.0314025878906,11300,0.0,0.0
2008-07-04 00:00:00+09:00,408.61849813118255,408.61849813118255,408.0314025878906,408.0314025878906,11300,0.0,0.0
2008-07-07 00:00:00+09:00,404.50890962467633,404.50890962467633,403.9218139648437,403.92181396484375,11300,0.0,0.0
2008-07-08 00:00:00+09:00,390.4187343431556,393.94130938986075,388.0703509786855,391.5929260253906,11500,0.0,0.0
2008-07-09 00:00:00+09:00,395.1154322782672,395.1154322782672,388.6573791503906,388.6573791503906,11500,0.0,0.0
2008-07-10 00:00:00+09:00,381.0251188732329,382.1993103027344,381.0251188732329,382.1993103027344,11500,0.0,0.0
2008-07-11 00:00:00+09:00,379.85094501816224,385.1348066953855,375.7412748247663,376.91546630859375,18200,0.0,0.0
2008-07-14 00:00:00+09:00,378.6767578125,378.6767578125,378.6767578125,378.6767578125,18200,0.0,0.0
2008-07-15 00:00:00+09:00,386.89614191551095,386.89614191551095,383.9606628417969,383.9606628417969,18200,0.0,0.0
2008-07-16 00:00:00+09:00,393.35397010216343,396.28944749098554,381.612060546875,381.612060546875,18200,0.0,0.0
2008-07-17 00:00:00+09:00,384.54757258362633,393.9411010742187,384.54757258362633,393.94110107421875,18200,0.0,0.0
2008-07-18 00:00:00+09:00,393.9411137898763,393.9411137898763,387.48306274414057,387.4830627441406,18200,0.0,0.0
2008-07-22 00:00:00+09:00,392.7669724055699,395.11535490126835,385.13472929454986,394.52825927734375,11000,0.0,0.0
2008-07-23 00:00:00+09:00,406.2703044220827,406.2703044220827,393.9412922936669,397.4638671875,9300,0.0,0.0
2008-07-24 00:00:00+09:00,408.0315059482797,412.728271484375,408.0315059482797,412.728271484375,9300,0.0,0.0
2008-07-25 00:00:00+09:00,406.2702041339736,406.85729980468744,401.573438768263,406.8572998046875,9200,0.0,0.0
2008-07-28 00:00:00+09:00,408.61868286132807,408.61868286132807,408.61868286132807,408.6186828613281,9200,0.0,0.0
2008-07-29 00:00:00+09:00,405.09601279254593,411.55406517039813,405.09601279254593,406.8572998046875,16800,0.0,0.0
2008-07-30 00:00:00+09:00,423.2960002605731,427.4056701660156,423.2960002605731,427.4056701660156,16800,0.0,0.0
2008-07-31 00:00:00+09:00,435.6250276307802,435.6250276307802,434.4508361816406,434.4508361816406,16800,0.0,0.0
2008-08-01 00:00:00+09:00,433.86366405748345,433.86366405748345,428.5798034667969,428.5798034667969,16800,0.0,0.0
2008-08-04 00:00:00+09:00,428.5797466031081,428.5797466031081,408.0314025878906,408.0314025878906,16800,0.0,0.0
2008-08-05 00:00:00+09:00,412.72825193543366,412.72825193543366,405.09600830078125,405.09600830078125,16800,0.0,0.0
2008-08-06 00:00:00+09:00,405.096065806401,416.2508850097656,405.096065806401,416.2508850097656,16800,0.0,0.0
2008-08-07 00:00:00+09:00,406.2702316968727,406.2702316968727,405.68313598632807,405.6831359863281,16800,0.0,0.0
2008-08-08 00:00:00+09:00,407.44442018196094,407.44442018196094,404.50894165039057,404.5089416503906,16800,0.0,0.0
2008-08-11 00:00:00+09:00,405.09606364169554,405.09606364169554,402.7476806640625,402.7476806640625,16800,0.0,0.0
2008-08-12 00:00:00+09:00,398.6380182977933,398.6380182977933,393.3541564941406,393.3541564941406,16800,0.0,0.0
2008-08-13 00:00:00+09:00,381.612060546875,381.612060546875,381.612060546875,381.612060546875,16800,0.0,0.0
2008-08-14 00:00:00+09:00,381.02514507152415,381.02514507152415,380.43804931640625,380.43804931640625,16800,0.0,0.0
2008-08-15 00:00:00+09:00,382.7863858579502,386.3089599609375,382.7863858579502,386.3089599609375,16800,0.0,0.0
2008-08-18 00:00:00+09:00,402.74765161239424,406.2702258247475,396.8766945918054,403.3347473144531,13900,0.0,0.0
2008-08-19 00:00:00+09:00,406.85740023772155,406.85740023772155,397.4638671875,397.4638671875,13900,0.0,0.0
2008-08-20 00:00:00+09:00,397.46371774575147,398.63790893554693,397.46371774575147,398.6379089355469,13900,0.0,0.0
2008-08-21 00:00:00+09:00,391.0058301842731,393.35421354874325,390.4187343431556,391.5929260253906,6700,0.0,0.0
2008-08-22 00:00:00+09:00,392.76697547074946,402.1605055268511,392.76697547074946,395.70245361328125,7000,0.0,0.0
2008-08-25 00:00:00+09:00,406.2700995452213,406.8571950647953,399.81204882990704,402.1604309082031,8100,0.0,0.0
2008-08-26 00:00:00+09:00,388.6572412982605,393.9411010742187,388.6572412982605,393.94110107421875,8100,0.0,0.0
2008-08-27 00:00:00+09:00,387.48311481419233,395.70245361328125,387.48311481419233,395.70245361328125,8100,0.0,0.0
2008-08-28 00:00:00+09:00,391.59278115772065,394.52825927734375,391.59278115772065,394.52825927734375,8100,0.0,0.0
2008-08-29 00:00:00+09:00,402.16057736649475,412.1412048339844,402.16057736649475,412.1412048339844,8100,0.0,0.0
2008-09-01 00:00:00+09:00,412.1412294827974,412.1412294827974,396.8767395019531,396.8767395019531,8100,0.0,0.0
2008-09-02 00:00:00+09:00,389.8315619491949,396.87671065912014,382.78641323926973,385.1347961425781,16100,0.0,0.0
2008-09-03 00:00:00+09:00,398.6378653195149,398.6378653195149,393.9411010742187,393.94110107421875,16100,0.0,0.0
2008-09-04 00:00:00+09:00,393.9412922936669,397.4638671875,393.9412922936669,397.4638671875,16100,0.0,0.0
2008-09-05 00:00:00+09:00,398.0509630031388,398.0509630031388,397.4638671875,397.4638671875,16100,0.0,0.0
2008-09-08 00:00:00+09:00,405.09589165581593,405.09589165581593,396.2894592285156,396.2894592285156,16100,0.0,0.0
2008-09-09 00:00:00+09:00,396.2894798928847,396.2894798928847,392.76690673828125,392.76690673828125,16100,0.0,0.0
2008-09-10 00:00:00+09:00,401.5734558105469,409.79279554935925,400.98636011491743,401.5734558105469,15300,0.0,0.0
2008-09-11 00:00:00+09:00,399.22507156215687,400.9863586425782,399.22507156215687,400.9863586425781,15300,0.0,0.0
2008-09-12 00:00:00+09:00,395.1153820093127,405.09600830078125,395.1153820093127,405.09600830078125,15300,0.0,0.0
2008-09-16 00:00:00+09:00,399.8122253417969,399.8122253417969,399.8122253417969,399.8122253417969,15300,0.0,0.0
2008-09-17 00:00:00+09:00,400.39913608326634,400.39913608326634,393.94108550127817,399.2249450683594,15400,0.0,0.0
2008-09-18 00:00:00+09:00,410.9669494628906,410.9669494628906,410.9669494628906,410.9669494628906,15400,0.0,0.0
2008-09-19 00:00:00+09:00,410.9669844083393,412.728271484375,410.9669844083393,412.728271484375,15400,0.0,0.0
2008-09-22 00:00:00+09:00,406.8572983052689,406.8572983052689,406.27020263671875,406.27020263671875,15400,0.0,0.0
2008-09-24 00:00:00+09:00,406.270219883842,406.270219883842,400.9863586425782,400.9863586425781,15400,0.0,0.0
2008-09-25 00:00:00+09:00,399.8122504500554,399.8122504500554,396.2896755562223,397.4638671875,5200,0.0,0.0
2008-09-26 00:00:00+09:00,393.9411043391008,395.1152954101562,388.0701489838236,395.11529541015625,29800,0.0,0.0
2008-09-29 00:00:00+09:00,409.20570433504196,409.20570433504196,403.3347473144531,403.3347473144531,29800,0.0,0.0
2008-09-30 00:00:00+09:00,391.0055997721354,396.2894592285156,391.0055997721354,396.2894592285156,29800,0.0,0.0
2008-10-01 00:00:00+09:00,396.2896017619937,404.50894165039057,396.2896017619937,404.5089416503906,29800,0.0,0.0
2008-10-02 00:00:00+09:00,399.22512956302774,399.8122253417969,399.22512956302774,399.8122253417969,29800,0.0,0.0
2008-10-03 00:00:00+09:00,391.5928256082463,392.76701698938047,388.07025146484375,388.07025146484375,10900,0.0,0.0
2008-10-06 00:00:00+09:00,385.7218574415451,385.7218574415451,371.6315612792969,371.6315612792969,10900,0.0,0.0
2008-10-07 00:00:00+09:00,355.77998019041377,360.47674560546875,355.77998019041377,360.47674560546875,10900,0.0,0.0
2008-10-08 00:00:00+09:00,360.47682116278287,360.47682116278287,340.51556396484375,340.51556396484375,10900,0.0,0.0
2008-10-09 00:00:00+09:00,346.3863830566407,346.3863830566407,346.3863830566407,346.3863830566406,10900,0.0,0.0
2008-10-10 00:00:00+09:00,318.2059062992761,319.9671936035156,318.2059062992761,319.9671936035156,10900,0.0,0.0
2008-10-14 00:00:00+09:00,342.86390457024663,348.14776611328125,342.86390457024663,348.14776611328125,10900,0.0,0.0
2008-10-15 00:00:00+09:00,365.760572595534,365.760572595534,359.3025207519531,359.3025207519531,10900,0.0,0.0
2008-10-16 00:00:00+09:00,360.47668774096996,361.65087890625,360.47668774096996,361.65087890625,10900,0.0,0.0
2008-10-17 00:00:00+09:00,367.5218184570312,367.5218184570312,360.4766717773437,366.9347229003906,15400,0.0,0.0
2008-10-20 00:00:00+09:00,366.93476879690576,372.80572509765625,366.93476879690576,372.80572509765625,15400,0.0,0.0
2008-10-21 00:00:00+09:00,383.9605203470834,383.9605203470834,376.3282775878906,376.3282775878906,15400,0.0,0.0
2008-10-22 00:00:00+09:00,373.97986296870283,373.97986296870283,364.5863342285156,364.5863342285156,15400,0.0,0.0
2008-10-23 00:00:00+09:00,362.8251247164569,371.0444641113281,362.8251247164569,371.0444641113281,15400,0.0,0.0
2008-10-24 00:00:00+09:00,366.3477215153156,366.3477215153156,355.7799987792969,355.7799987792969,15400,0.0,0.0
2008-10-27 00:00:00+09:00,355.77994701909086,359.3025207519531,355.77994701909086,359.3025207519531,15400,0.0,0.0
2008-10-28 00:00:00+09:00,366.9348032123243,374.5670471191406,366.9348032123243,374.5670471191406,15400,0.0,0.0
2008-10-29 00:00:00+09:00,374.56714663298237,391.5929260253907,374.56714663298237,391.5929260253906,15400,0.0,0.0
2008-10-30 00:00:00+09:00,391.5927084604899,422.7087707519532,391.5927084604899,422.7087707519531,15400,0.0,0.0
2008-10-31 00:00:00+09:00,423.29595641665395,423.29595641665395,422.12176513671875,422.12176513671875,15400,0.0,0.0
2008-11-04 00:00:00+09:00,422.70888764628563,432.68951416015625,422.70888764628563,432.68951416015625,35600,0.0,0.0
2008-11-05 00:00:00+09:00,432.68953320312505,440.32177734375,432.68953320312505,440.32177734375,35600,0.0,0.0
2008-11-06 00:00:00+09:00,440.9089186981986,440.9089186981986,433.86376953125,433.86376953125,35600,0.0,0.0
2008-11-07 00:00:00+09:00,435.03786154598885,435.03786154598885,430.9281921386718,430.9281921386719,35600,0.0,0.0
2008-11-10 00:00:00+09:00,440.3218006927695,440.90889642702655,435.03793908445624,437.3863220214844,50400,0.0,0.0
2008-11-11 00:00:00+09:00,435.0379290076775,435.0379290076775,433.2766418457031,433.2766418457031,50400,0.0,0.0
2008-11-12 00:00:00+09:00,432.10241699218744,434.45079969323194,431.51532131692636,432.1024169921875,9300,0.0,0.0
2008-11-13 00:00:00+09:00,429.75403280452804,431.51531982421875,429.75403280452804,431.51531982421875,9300,0.0,0.0
2008-11-14 00:00:00+09:00,432.102415497449,432.102415497449,431.51531982421875,431.51531982421875,9300,0.0,0.0
2008-11-17 00:00:00+09:00,433.2766418457031,433.2766418457031,433.2766418457031,433.2766418457031,9300,0.0,0.0
2008-11-18 00:00:00+09:00,430.9282241509885,431.51531982421875,430.9282241509885,431.51531982421875,9300,0.0,0.0
2008-11-19 00:00:00+09:00,430.34109650905515,430.9281921386718,430.34109650905515,430.9281921386719,9300,0.0,0.0
2008-11-20 00:00:00+09:00,431.51540586625504,431.51540586625504,429.1670227050781,429.1670227050781,9300,0.0,0.0
2008-11-21 00:00:00+09:00,429.1669052498217,430.9281921386718,429.1669052498217,430.9281921386719,9300,0.0,0.0
2008-11-25 00:00:00+09:00,431.51531982421875,431.51531982421875,431.51531982421875,431.51531982421875,22300,0.0,0.0
2008-11-26 00:00:00+09:00,430.34103857489976,430.34103857489976,420.947509765625,420.947509765625,22300,0.0,0.0
2008-11-27 00:00:00+09:00,422.1216752370199,422.7087707519532,422.1216752370199,422.7087707519531,22300,0.0,0.0
2008-11-28 00:00:00+09:00,423.295947440487,430.3410949707031,423.295947440487,430.3410949707031,22300,0.0,0.0
2008-12-01 00:00:00+09:00,430.3411299664041,432.10241699218744,430.3411299664041,432.1024169921875,22300,0.0,0.0
2008-12-02 00:00:00+09:00,432.10239257812503,432.10239257812503,410.9669494628906,410.9669494628906,22300,0.0,0.0
2008-12-03 00:00:00+09:00,414.4895803297463,421.53472900390625,414.4895803297463,421.53472900390625,22300,0.0,0.0
2008-12-04 00:00:00+09:00,426.8185544383769,431.51531982421875,426.8185544383769,431.51531982421875,22300,0.0,0.0
2008-12-05 00:00:00+09:00,432.10231401105966,432.10231401105966,427.9926452636719,427.9926452636719,22300,0.0,0.0
2008-12-08 00:00:00+09:00,432.1023986160114,436.7991638183594,432.1023986160114,436.7991638183594,22300,0.0,0.0
2008-12-09 00:00:00+09:00,438.56055377392056,441.4960327148437,438.56055377392056,441.49603271484375,22300,0.0,0.0
2008-12-10 00:00:00+09:00,442.0830154620249,445.01849365234375,442.0830154620249,445.01849365234375,22300,0.0,0.0
2008-12-11 00:00:00+09:00,444.43139801428,445.01849365234375,444.43139801428,445.01849365234375,22300,0.0,0.0
2008-12-12 00:00:00+09:00,445.605613850156,445.605613850156,442.67013549804693,442.6701354980469,22300,0.0,0.0
2008-12-15 00:00:00+09:00,457.93464457580797,463.218505859375,457.93464457580797,463.218505859375,22300,0.0,0.0
2008-12-16 00:00:00+09:00,469.0893265914917,469.6764221191406,469.0893265914917,469.6764221191406,53300,0.0,0.0
2008-12-17 00:00:00+09:00,470.2636391244283,481.41845703124994,470.2636391244283,481.41845703125,43400,0.0,0.0
2008-12-18 00:00:00+09:00,486.702382702607,486.702382702607,482.5927124023437,482.59271240234375,29900,0.0,0.0
2008-12-19 00:00:00+09:00,483.1797644133058,483.1797644133058,477.30880737304693,477.3088073730469,23700,0.0,0.0
2008-12-22 00:00:00+09:00,477.8957792385458,477.8957792385458,476.7215881347656,476.7215881347656,16100,0.0,0.0
2008-12-24 00:00:00+09:00,478.48297119140625,478.48297119140625,478.48297119140625,478.48297119140625,15100,0.0,0.0
2008-12-25 00:00:00+09:00,478.4830336477242,479.07012939453125,477.8959379009172,479.07012939453125,4900,0.0,0.0
2008-12-26 00:00:00+09:00,482.5926042136733,493.16032547382673,482.5926042136733,487.87646484375,20400,0.0,0.0
2008-12-29 00:00:00+09:00,495.50867647058817,499.03124999999994,493.7473897058823,499.03125,66400,0.0,0.0
2008-12-30 00:00:00+09:00,499.03122123630567,513.1215145418014,499.03122123630567,510.77313232421875,13700,0.0,0.0
2009-01-05 00:00:00+09:00,516.6441711149605,522.5151276049032,516.6441711149605,518.9925537109375,9300,0.0,0.0
2009-01-06 00:00:00+09:00,520.7537825952535,520.7537825952535,520.1666870117188,520.1666870117188,20200,0.0,0.0
2009-01-07 00:00:00+09:00,520.166823387146,526.0377807617188,520.166823387146,526.0377807617188,31000,0.0,0.0
2009-01-08 00:00:00+09:00,523.1021134586077,523.689208984375,523.1021134586077,523.689208984375,24800,0.0,0.0
2009-01-09 00:00:00+09:00,527.7990112304688,533.0828722995168,526.6248198817914,527.7990112304688,44000,0.0,0.0
2009-01-13 00:00:00+09:00,510.18623761601515,518.4055786132812,510.18623761601515,518.4055786132812,79400,0.0,0.0
2009-01-14 00:00:00+09:00,517.8184174971148,517.8184174971148,516.6442260742188,516.6442260742188,19000,0.0,0.0
2009-01-15 00:00:00+09:00,520.1668148426528,522.5151977539062,520.1668148426528,522.5151977539062,45600,0.0,0.0
2009-01-16 00:00:00+09:00,530.1474651816665,531.9087524414062,530.1474651816665,531.9087524414062,34800,0.0,0.0
2009-01-19 00:00:00+09:00,531.3216566881597,532.4958481946528,531.3216566881597,531.9087524414062,26400,0.0,0.0
2009-01-20 00:00:00+09:00,533.0827571902655,533.0827571902655,530.734375,530.734375,21300,0.0,0.0
2009-01-21 00:00:00+09:00,528.9731398414663,528.9731398414663,527.2118530273438,527.2118530273438,46900,0.0,0.0
2009-01-22 00:00:00+09:00,527.2118530273438,527.2118530273438,527.2118530273438,527.2118530273438,19800,0.0,0.0
2009-01-23 00:00:00+09:00,527.7990112304688,527.7990112304688,527.7990112304688,527.7990112304688,19700,0.0,0.0
2009-01-26 00:00:00+09:00,527.7990765286127,529.5603637695312,527.7990765286127,529.5603637695312,13000,0.0,0.0
2009-01-27 00:00:00+09:00,538.9538603409477,540.1280517578125,536.0183817987856,540.1280517578125,36100,0.0,0.0
2009-01-28 00:00:00+09:00,540.715105946041,547.76025390625,540.715105946041,547.76025390625,31600,0.0,0.0
2009-01-29 00:00:00+09:00,548.3474731445312,548.3474731445312,548.3474731445312,548.3474731445312,23500,0.0,0.0
2009-01-30 00:00:00+09:00,548.9344991486647,548.9344991486647,544.8248291015625,544.8248291015625,14200,0.0,0.0
2009-02-02 00:00:00+09:00,544.8248747614504,544.8248747614504,538.3668212890625,538.3668212890625,13000,0.0,0.0
2009-02-03 00:00:00+09:00,513.7086263517054,523.1021555192794,505.4892883300782,505.4892883300781,35800,0.0,0.0
2009-02-04 00:00:00+09:00,502.55380569137895,506.0763790957578,493.1602766130354,503.7279968261719,22700,0.0,0.0
2009-02-05 00:00:00+09:00,510.1861483152883,510.1861483152883,506.66357421875,506.66357421875,21400,0.0,0.0
2009-02-06 00:00:00+09:00,507.2507656881495,508.4249572753906,507.2507656881495,508.4249572753906,6500,0.0,0.0
2009-02-09 00:00:00+09:00,504.31511665004757,504.31511665004757,501.379638671875,501.379638671875,13400,0.0,0.0
2009-02-10 00:00:00+09:00,508.4247404027868,517.8182690938314,507.25054931640625,507.25054931640625,27500,0.0,0.0
2009-02-12 00:00:00+09:00,505.4894644835285,505.4894644835285,502.55398559570307,502.5539855957031,17800,0.0,0.0
2009-02-13 00:00:00+09:00,506.07636788905353,511.94732343301007,506.07636788905353,510.77313232421875,18000,0.0,0.0
2009-02-16 00:00:00+09:00,524.2763671875,524.2763671875,524.2763671875,524.2763671875,23800,0.0,0.0
2009-02-17 00:00:00+09:00,531.9087510251209,531.9087510251209,531.3216552734375,531.3216552734375,31300,0.0,0.0
2009-02-18 00:00:00+09:00,521.9281077544961,524.8635864257812,521.9281077544961,524.8635864257812,9000,0.0,0.0
2009-02-19 00:00:00+09:00,517.2312667639547,518.9925537109375,517.2312667639547,518.9925537109375,9600,0.0,0.0
2009-02-20 00:00:00+09:00,513.1216080290031,513.1216080290031,511.3603210449219,511.3603210449219,25900,0.0,0.0
2009-02-23 00:00:00+09:00,497.85706509806795,501.379638671875,497.85706509806795,501.379638671875,54100,0.0,0.0
2009-02-24 00:00:00+09:00,480.8313538721003,480.8313538721003,478.48297119140625,478.48297119140625,38600,0.0,0.0
2009-02-25 00:00:00+09:00,475.5473773956299,475.5473773956299,469.6764221191406,469.6764221191406,20000,0.0,0.0
2009-02-26 00:00:00+09:00,469.6764605978261,472.61193847656256,469.6764605978261,472.6119384765625,18900,0.0,0.0
2009-02-27 00:00:00+09:00,467.91529757323616,473.7862548828125,467.91529757323616,473.7862548828125,14400,0.0,0.0
2009-03-02 00:00:00+09:00,473.7861296280571,473.7861296280571,472.61193847656256,472.6119384765625,21500,0.0,0.0
2009-03-03 00:00:00+09:00,475.5474928405387,478.48297119140625,475.5474928405387,478.48297119140625,16700,0.0,0.0
2009-03-04 00:00:00+09:00,484.35406114928116,496.0959777832031,484.35406114928116,496.0959777832031,17300,0.0,0.0
2009-03-05 00:00:00+09:00,526.037591087444,526.037591087444,523.689208984375,523.689208984375,31200,0.0,0.0
2009-03-06 00:00:00+09:00,521.928097695885,521.928097695885,520.75390625,520.75390625,25300,0.0,0.0
2009-03-09 00:00:00+09:00,521.3408765889831,521.3408765889831,519.57958984375,519.57958984375,16900,0.0,0.0
2009-03-10 00:00:00+09:00,516.6442361894025,520.75390625,516.6442361894025,520.75390625,12600,0.0,0.0
2009-03-11 00:00:00+09:00,526.0377807617188,526.0377807617188,526.0377807617188,526.0377807617188,19800,0.0,0.0
2009-03-12 00:00:00+09:00,529.5603651889535,530.1474609375,529.5603651889535,530.1474609375,17500,0.0,0.0
2009-03-13 00:00:00+09:00,512.5344130254425,530.734375,512.5344130254425,530.734375,44100,0.0,0.0
2009-03-16 00:00:00+09:00,545.4117215085759,545.4117215085759,537.7794799804688,537.7794799804688,63300,0.0,0.0
2009-03-17 00:00:00+09:00,543.6505126953125,543.6505126953125,543.6505126953125,543.6505126953125,25600,0.0,0.0
2009-03-18 00:00:00+09:00,550.1086212852535,550.1086212852535,541.8892822265625,541.8892822265625,21200,0.0,0.0
2009-03-19 00:00:00+09:00,541.8892745805463,541.8892745805463,538.9537963867188,538.9537963867188,10600,0.0,0.0
2009-03-23 00:00:00+09:00,541.3021971343667,545.9989624023438,541.3021971343667,545.9989624023438,20800,0.0,0.0
2009-03-24 00:00:00+09:00,542.4762655366994,545.4117431640625,542.4762655366994,545.4117431640625,28600,0.0,0.0
2009-03-25 00:00:00+09:00,546.5860655759108,548.9344482421875,546.5860655759108,548.9344482421875,22100,0.0,0.0
2009-03-26 00:00:00+09:00,552.4571036046373,557.1538696289062,552.4571036046373,557.1538696289062,27500,0.0,0.0
2009-03-27 00:00:00+09:00,561.2636121791733,562.4378038364518,557.7410372073374,561.8507080078125,25000,0.0,0.0
2009-03-30 00:00:00+09:00,566.5474651135896,566.5474651135896,557.7410278320312,557.7410278320312,32000,0.0,0.0
2009-03-31 00:00:00+09:00,557.7409116477087,560.0892944335938,557.7409116477087,560.0892944335938,22400,0.0,0.0
2009-04-01 00:00:00+09:00,555.3925288618235,560.0892944335938,555.3925288618235,560.0892944335938,20200,0.0,0.0
2009-04-02 00:00:00+09:00,560.676390130065,560.676390130065,560.0892944335938,560.0892944335938,17200,0.0,0.0
2009-04-03 00:00:00+09:00,554.8053557799452,554.8053557799452,553.6311645507812,553.6311645507812,12400,0.0,0.0
2009-04-06 00:00:00+09:00,546.5859456510625,549.5214233398438,546.5859456510625,549.5214233398438,13600,0.0,0.0
2009-04-07 00:00:00+09:00,549.5214952487077,553.6311645507812,549.5214952487077,553.6311645507812,13100,0.0,0.0
2009-04-08 00:00:00+09:00,560.0894606749386,560.0894606749386,550.108830872555,552.4572143554688,19200,0.0,0.0
2009-04-09 00:00:00+09:00,556.5666488437995,556.5666488437995,555.9795532226562,555.9795532226562,15900,0.0,0.0
2009-04-10 00:00:00+09:00,547.7603220990471,550.69580078125,547.7603220990471,550.69580078125,17700,0.0,0.0
2009-04-13 00:00:00+09:00,552.4569172445865,555.3923950195312,552.4569172445865,555.3923950195312,10900,0.0,0.0
2009-04-14 00:00:00+09:00,556.5666488437995,556.5666488437995,555.9795532226562,555.9795532226562,27300,0.0,0.0
2009-04-15 00:00:00+09:00,559.5021987371224,560.0892944335938,559.5021987371224,560.0892944335938,26300,0.0,0.0
2009-04-16 00:00:00+09:00,560.0894205218947,561.8507080078125,560.0894205218947,561.8507080078125,15900,0.0,0.0
2009-04-17 00:00:00+09:00,562.4376003459348,562.4376003459348,554.21826171875,554.21826171875,8100,0.0,0.0
2009-04-20 00:00:00+09:00,561.263427734375,561.263427734375,561.263427734375,561.263427734375,22700,0.0,0.0
2009-04-21 00:00:00+09:00,556.566650390625,556.566650390625,556.566650390625,556.566650390625,9800,0.0,0.0
2009-04-22 00:00:00+09:00,550.695669280613,550.695669280613,547.173095703125,547.173095703125,14700,0.0,0.0
2009-04-23 00:00:00+09:00,550.6956941628758,556.566650390625,550.6956941628758,556.566650390625,16800,0.0,0.0
2009-04-24 00:00:00+09:00,545.9989578592739,545.9989578592739,544.2376708984375,544.2376708984375,10200,0.0,0.0
2009-04-27 00:00:00+09:00,549.5215256382041,549.5215256382041,536.6054214031182,541.8892822265625,17200,0.0,0.0
2009-04-28 00:00:00+09:00,539.5409914680702,539.5409914680702,529.5603637695312,529.5603637695312,20700,0.0,0.0
2009-04-30 00:00:00+09:00,546.586000106877,547.173095703125,546.586000106877,547.173095703125,13000,0.0,0.0
2009-05-01 00:00:00+09:00,552.4570222416025,552.4570222416025,548.9344482421875,548.9344482421875,12700,0.0,0.0
2009-05-07 00:00:00+09:00,556.566650390625,556.566650390625,556.566650390625,556.566650390625,9500,0.0,0.0
2009-05-08 00:00:00+09:00,556.5667275278611,563.0247802734375,556.5667275278611,563.0247802734375,11000,0.0,0.0
2009-05-11 00:00:00+09:00,563.6118133481211,563.6118133481211,562.4376220703125,562.4376220703125,12600,0.0,0.0
2009-05-12 00:00:00+09:00,562.4376772194788,562.4376772194788,560.0892944335938,560.0892944335938,14000,0.0,0.0
2009-05-13 00:00:00+09:00,560.6763320986696,561.263427734375,560.6763320986696,561.263427734375,8200,0.0,0.0
2009-05-14 00:00:00+09:00,555.3926268489028,555.3926268489028,547.7603814482308,550.1087646484375,11800,0.0,0.0
2009-05-15 00:00:00+09:00,561.8504606716295,561.8504606716295,560.67626953125,560.67626953125,12500,0.0,0.0
2009-05-18 00:00:00+09:00,560.6763584999665,560.6763584999665,547.76025390625,547.76025390625,27600,0.0,0.0
2009-05-19 00:00:00+09:00,554.8054866167718,557.1538696289062,551.8700078516036,557.1538696289062,8100,0.0,0.0
2009-05-20 00:00:00+09:00,557.740791680301,560.67626953125,557.740791680301,560.67626953125,11800,0.0,0.0
2009-05-21 00:00:00+09:00,558.3280029296875,559.5021943133462,558.3280029296875,558.3280029296875,3000,0.0,0.0
2009-05-22 00:00:00+09:00,557.7407142598793,558.9149052372685,554.8052368164062,554.8052368164062,5400,0.0,0.0
2009-05-25 00:00:00+09:00,553.6311083545644,555.3923950195312,553.6311083545644,555.3923950195312,5700,0.0,0.0
2009-05-26 00:00:00+09:00,555.3924046364151,558.9149780273438,555.3924046364151,558.9149780273438,6700,0.0,0.0
2009-05-27 00:00:00+09:00,556.5666005399214,560.67626953125,556.5666005399214,560.67626953125,11400,0.0,0.0
2009-05-28 00:00:00+09:00,561.2634488764498,569.4827880859375,561.2634488764498,569.4827880859375,32800,0.0,0.0
2009-05-29 00:00:00+09:00,628.1922607421875,628.1922607421875,628.1922607421875,628.1922607421875,80700,0.0,0.0
2009-06-01 00:00:00+09:00,620.5599878022605,621.734178886087,614.6890323831284,617.0374145507812,33900,0.0,0.0
2009-06-02 00:00:00+09:00,617.6246200956526,617.6246200956526,612.3407592773438,612.3407592773438,11000,0.0,0.0
2009-06-03 00:00:00+09:00,609.9923706054688,609.9923706054688,609.9923706054688,609.9923706054688,18900,0.0,0.0
2009-06-04 00:00:00+09:00,606.469795241751,609.4052734375,606.469795241751,609.4052734375,23600,0.0,0.0
2009-06-05 00:00:00+09:00,610.5795199543641,611.7537113388918,607.0569458007812,607.0569458007812,7500,0.0,0.0
2009-06-08 00:00:00+09:00,607.0568801480283,607.0568801480283,605.2955932617188,605.2955932617188,10700,0.0,0.0
2009-06-09 00:00:00+09:00,604.7087349993909,604.7087349993909,602.3603515625,602.3603515625,8700,0.0,0.0
2009-06-10 00:00:00+09:00,604.7083904559796,610.579345703125,604.7083904559796,610.579345703125,16200,0.0,0.0
2009-06-11 00:00:00+09:00,594.1407179721566,605.8826293945312,594.1407179721566,605.8826293945312,17800,0.0,0.0
2009-06-12 00:00:00+09:00,608.8180591289814,610.579345703125,608.2309636042669,610.579345703125,27700,0.0,0.0
2009-06-15 00:00:00+09:00,614.6891313290507,634.0632873308259,614.6891313290507,631.7149047851562,22600,0.0,0.0
2009-06-16 00:00:00+09:00,598.8375259683368,605.8826733326702,594.7278566724757,599.4246215820312,38000,0.0,0.0
2009-06-17 00:00:00+09:00,614.6891418632588,614.6891418632588,605.2956115195987,612.3407592773438,6700,0.0,0.0
2009-06-18 00:00:00+09:00,612.3408173809363,612.3408173809363,608.231147465628,611.1666259765625,7900,0.0,0.0
2009-06-19 00:00:00+09:00,611.7537671135467,611.7537671135467,604.7086181640625,604.7086181640625,6500,0.0,0.0
2009-06-22 00:00:00+09:00,610.5794224330358,626.431003592355,610.5794224330358,616.4503784179688,24100,0.0,0.0
2009-06-23 00:00:00+09:00,614.689067807405,615.8632589588996,606.469729746943,607.6439208984375,15100,0.0,0.0
2009-06-24 00:00:00+09:00,613.5152003188985,621.7345427155153,612.9281044334259,614.6893920898438,15400,0.0,0.0
2009-06-25 00:00:00+09:00,613.5150447079657,627.6053423854692,613.5150447079657,625.8440551757812,19400,0.0,0.0
2009-06-26 00:00:00+09:00,625.2568650519711,625.8439606999073,605.2956130221429,612.9278564453125,25200,0.0,0.0
2009-06-29 00:00:00+09:00,618.7988774899543,624.0827388726959,611.7537289796322,614.1021118164062,20200,0.0,0.0
2009-06-30 00:00:00+09:00,614.1020702617815,624.6697923121754,614.1020702617815,621.7343139648438,8300,0.0,0.0
2009-07-01 00:00:00+09:00,620.5601226259112,622.3214096343102,618.2117399480458,621.7343139648438,10300,0.0,0.0
2009-07-02 00:00:00+09:00,621.7342388044085,621.7342388044085,614.1019960239956,616.4503784179688,10900,0.0,0.0
2009-07-03 00:00:00+09:00,594.1408947398362,605.8828096556432,594.1408947398362,604.7086181640625,13400,0.0,0.0
2009-07-06 00:00:00+09:00,604.708480535769,608.8181498209635,596.48914196538,598.8375244140625,13100,0.0,0.0
2009-07-07 00:00:00+09:00,600.011994953028,615.2764879753164,600.011994953028,614.6893920898438,11600,0.0,0.0
2009-07-08 00:00:00+09:00,601.7728747402555,604.7083521780129,597.0761108398438,597.0761108398438,13900,0.0,0.0
2009-07-09 00:00:00+09:00,597.076404885329,601.1860753221011,589.4441597884663,592.379638671875,13200,0.0,0.0
2009-07-10 00:00:00+09:00,592.9666689802591,598.8376260988755,590.6182861328125,590.6182861328125,14300,0.0,0.0
2009-07-13 00:00:00+09:00,598.8376450468444,611.1666553860441,595.3150706642159,598.2505493164062,16700,0.0,0.0
2009-07-14 00:00:00+09:00,609.9924770013831,609.9924770013831,584.1602643083505,603.534423828125,18500,0.0,0.0
2009-07-15 00:00:00+09:00,605.2955338234125,610.579393963481,605.2955338234125,605.8826293945312,12900,0.0,0.0
2009-07-16 00:00:00+09:00,611.7536389314675,613.5149257997923,587.6827183976958,602.9472045898438,20000,0.0,0.0
2009-07-17 00:00:00+09:00,606.4697937188291,612.3407500955844,606.4697937188291,608.8181762695312,6000,0.0,0.0
2009-07-21 00:00:00+09:00,611.7536136300224,618.2116652134487,611.7536136300224,616.4503784179688,15100,0.0,0.0
2009-07-22 00:00:00+09:00,616.4504469740447,620.5601166205383,615.8633513102599,619.3859252929688,9800,0.0,0.0
2009-07-23 00:00:00+09:00,620.5600023953419,628.1922446196934,619.3858112839033,622.3212890625,13300,0.0,0.0
2009-07-24 00:00:00+09:00,624.0826584799996,630.5407104492188,622.9084672128688,630.5407104492188,8500,0.0,0.0
2009-07-27 00:00:00+09:00,629.9537452415184,634.0634155273438,628.1924579761646,634.0634155273438,13300,0.0,0.0
2009-07-28 00:00:00+09:00,634.0632842506111,634.6503798841765,630.5407104492188,630.5407104492188,14700,0.0,0.0
2009-07-29 00:00:00+09:00,630.5407729605741,632.8891557276526,609.4053280568677,631.1278686523438,9400,0.0,0.0
2009-07-30 00:00:00+09:00,630.5407580738336,631.1278537517422,622.9085142610219,625.2568969726562,5400,0.0,0.0
2009-07-31 00:00:00+09:00,630.5406430253358,631.71483416691,628.1922607421875,628.1922607421875,6600,0.0,0.0
2009-08-03 00:00:00+09:00,633.4761916944085,633.4761916944085,622.3213746024774,631.7149047851562,4500,0.0,0.0
2009-08-04 00:00:00+09:00,633.4762409795983,633.4762409795983,603.5343611927962,627.0181884765625,7400,0.0,0.0
2009-08-05 00:00:00+09:00,615.2761099008413,632.8889756422776,609.9922501784105,610.579345703125,9700,0.0,0.0
2009-08-06 00:00:00+09:00,620.5601315493875,625.8439926505648,612.9278877365757,625.2568969726562,4700,0.0,0.0
2009-08-07 00:00:00+09:00,615.2761872209821,616.4503784179688,605.8826576450894,616.4503784179688,6500,0.0,0.0
2009-08-10 00:00:00+09:00,615.8633661261186,625.2568969726562,611.1666007028499,625.2568969726562,4800,0.0,0.0
2009-08-11 00:00:00+09:00,628.1923813280154,628.1923813280154,623.4956158601424,627.6052856445312,3000,0.0,0.0
2009-08-12 00:00:00+09:00,627.0181165689797,628.1923077985097,618.7987779622703,622.908447265625,8400,0.0,0.0
2009-08-13 00:00:00+09:00,623.49554288039,627.0181165689797,620.5600648065652,622.908447265625,2600,0.0,0.0
2009-08-14 00:00:00+09:00,625.2569792005751,634.0634155273438,625.2569792005751,634.0634155273438,12200,0.0,0.0
2009-08-17 00:00:00+09:00,634.0632842506111,634.6503798841765,621.1471803121727,630.5407104492188,19700,0.0,0.0
2009-08-18 00:00:00+09:00,627.6052856445312,629.9536683784678,623.4956158601424,627.6052856445312,3700,0.0,0.0
2009-08-19 00:00:00+09:00,616.4506797462617,622.9087344864606,614.1022962043711,614.6893920898438,5300,0.0,0.0
2009-08-20 00:00:00+09:00,616.4504499624896,622.3214066287991,614.1020672959659,620.5601196289062,8900,0.0,0.0
2009-08-21 00:00:00+09:00,614.6893920898438,620.56035094457,608.2313373496448,614.6893920898438,7600,0.0,0.0
2009-08-24 00:00:00+09:00,621.7342606738098,633.4761730566958,621.7342606738098,624.6697387695312,10500,0.0,0.0
2009-08-25 00:00:00+09:00,616.4503784179688,627.0180991908483,614.1019960239956,616.4503784179688,5700,0.0,0.0
2009-08-26 00:00:00+09:00,615.2761423938679,622.3212890625,608.8180912809552,622.3212890625,11400,0.0,0.0
2009-08-27 00:00:00+09:00,614.1019448945016,619.972900390625,601.7729383526425,619.972900390625,10000,0.0,0.0
2009-08-28 00:00:00+09:00,625.8440185312351,625.8440185312351,611.1666259765625,611.1666259765625,9400,0.0,0.0
2009-08-31 00:00:00+09:00,609.4051725059096,622.3212744280002,592.9664973323397,617.0374145507812,8300,0.0,0.0
2009-09-02 00:00:00+09:00,588.2697926226632,610.5794254766165,587.6826970212434,594.7278442382812,14700,0.0,0.0
2009-09-03 00:00:00+09:00,587.095703125,598.8376171875001,587.095703125,587.095703125,9100,0.0,0.0
2009-09-04 00:00:00+09:00,588.269900378953,597.0763360133684,588.269900378953,589.444091796875,9000,0.0,0.0
2009-09-07 00:00:00+09:00,590.0311233611878,590.0311233611878,587.6827407806458,588.2698364257812,3000,0.0,0.0
2009-09-08 00:00:00+09:00,590.0311218322693,590.6182174758835,583.5730697525131,587.6827392578125,5800,0.0,0.0
2009-09-09 00:00:00+09:00,587.0955714757293,587.0955714757293,582.9859024753993,583.572998046875,3300,0.0,0.0
2009-09-10 00:00:00+09:00,587.095596766708,597.076221911742,586.5085011699413,592.966552734375,4800,0.0,0.0
2009-09-11 00:00:00+09:00,597.6632966526532,597.6632966526532,583.5730028219423,585.3342895507812,20800,0.0,0.0
2009-09-14 00:00:00+09:00,583.5730900382604,583.5730900382604,549.5215415249615,571.8311767578125,18100,0.0,0.0
2009-09-15 00:00:00+09:00,573.0054491792131,580.0505981445312,571.8312576849934,580.0505981445312,14600,0.0,0.0
2009-09-16 00:00:00+09:00,574.1795426128066,579.4634034343969,565.3731079101562,565.3731079101562,8300,0.0,0.0
2009-09-17 00:00:00+09:00,563.6117679816632,570.656915081434,553.6311429236546,568.3085327148438,13500,0.0,0.0
2009-09-18 00:00:00+09:00,563.6117757579651,572.4182097541833,558.915010959982,571.2440185546875,21100,0.0,0.0
2009-09-21 00:00:00+09:00,571.2440185546875,571.2440185546875,571.2440185546875,571.2440185546875,0,0.0,0.0
2009-09-24 00:00:00+09:00,575.9409267286885,629.9537353515625,575.9409267286885,629.9537353515625,37000,0.0,0.0
2009-09-25 00:00:00+09:00,594.7278986986304,616.4504379403376,594.7278986986304,615.8633422851562,22400,0.0,0.0
2009-09-28 00:00:00+09:00,621.7344046698677,644.6311391194662,621.7344046698677,634.0634155273438,35500,0.0,0.0
2009-09-29 00:00:00+09:00,622.3213925081141,638.7600708007812,622.3213925081141,638.7600708007812,15600,0.0,0.0
2009-09-30 00:00:00+09:00,632.8890722656249,645.8051757812499,632.8890722656249,645.80517578125,24700,0.0,0.0
2009-10-01 00:00:00+09:00,644.63115335167,644.63115335167,625.2569930050352,639.9343872070312,12000,0.0,0.0
2009-10-02 00:00:00+09:00,635.2375051239391,635.2375051239391,617.0375396351756,618.2117309570312,12500,0.0,0.0
2009-10-05 00:00:00+09:00,621.1473089147497,634.0634155273438,614.1021598533348,634.0634155273438,8400,0.0,0.0
2009-10-06 00:00:00+09:00,634.063312254931,634.063312254931,605.295624939661,617.6246337890625,7800,0.0,0.0
2009-10-07 00:00:00+09:00,605.2954698757469,626.430908203125,597.0761327484331,626.430908203125,15700,0.0,0.0
2009-10-08 00:00:00+09:00,615.2761870402139,615.2761870402139,593.5536499023438,593.5536499023438,13300,0.0,0.0
2009-10-09 00:00:00+09:00,594.7278473652055,597.076229783232,588.2697957156327,595.9020385742188,6500,0.0,0.0
2009-10-13 00:00:00+09:00,587.0956526967478,609.4052874992242,587.0956526967478,591.205322265625,6300,0.0,0.0
2009-10-14 00:00:00+09:00,591.2053715703008,591.2053715703008,568.3086392056118,586.5086059570312,18800,0.0,0.0
2009-10-15 00:00:00+09:00,600.0117078057651,607.0568550598446,590.6181781336592,595.9020385742188,12200,0.0,0.0
2009-10-16 00:00:00+09:00,601.7730024749158,604.708480535769,591.7923770680147,598.8375244140625,18200,0.0,0.0
2009-10-19 00:00:00+09:00,587.0956749365521,600.0117797851562,587.0956749365521,600.0117797851562,7000,0.0,0.0
2009-10-20 00:00:00+09:00,588.2698604081609,609.9924001637517,588.2698604081609,597.6633911132812,9200,0.0,0.0
2009-10-21 00:00:00+09:00,597.0762391272534,599.4246215820312,594.7278566724757,599.4246215820312,6200,0.0,0.0
2009-10-22 00:00:00+09:00,592.966552734375,593.5536483311417,587.095596766708,592.966552734375,12600,0.0,0.0
2009-10-23 00:00:00+09:00,588.2700689494429,592.9668359670034,578.8765349143221,582.9862060546875,15100,0.0,0.0
2009-10-26 00:00:00+09:00,572.4183190651016,590.6182861328125,572.4183190651016,590.6182861328125,14200,0.0,0.0
2009-10-27 00:00:00+09:00,581.2245964469831,582.3987875509165,573.00525871945,576.52783203125,16800,0.0,0.0
2009-10-28 00:00:00+09:00,577.1150732862209,587.0957001894413,575.9408818858419,585.9215087890625,17600,0.0,0.0
2009-10-29 00:00:00+09:00,580.050551787168,587.0957001894413,577.1150732862209,585.9215087890625,16300,0.0,0.0
2009-10-30 00:00:00+09:00,583.5730712646972,593.5536972320009,582.9859756195617,588.2698364257812,14000,0.0,0.0
2009-11-02 00:00:00+09:00,593.5537558593751,593.5537558593751,582.9860332031251,587.095703125,6600,0.0,0.0
2009-11-04 00:00:00+09:00,582.3989375,587.095703125,576.52798046875,587.095703125,5100,0.0,0.0
2009-11-05 00:00:00+09:00,577.7020470591461,591.792340889857,577.1149514828666,585.3342895507812,5700,0.0,0.0
2009-11-06 00:00:00+09:00,585.33445986852,585.33445986852,577.7022151560918,580.0505981445312,4800,0.0,0.0
2009-11-09 00:00:00+09:00,585.9215570494185,585.9215570494185,580.6376953125,580.6376953125,5500,0.0,0.0
2009-11-10 00:00:00+09:00,580.637626834032,587.0956793064024,575.9408613995807,577.7021484375,9700,0.0,0.0
2009-11-11 00:00:00+09:00,578.87626135141,582.3988349498973,569.4827317554439,571.2440185546875,5000,0.0,0.0
2009-11-12 00:00:00+09:00,574.7667032666775,574.7667032666775,554.2183533031089,566.54736328125,9000,0.0,0.0
2009-11-13 00:00:00+09:00,570.0699462890625,572.4183291779979,569.4828505668287,570.0699462890625,9800,0.0,0.0
2009-11-16 00:00:00+09:00,570.0699046065167,577.7021484375,570.0699046065167,577.7021484375,14900,0.0,0.0
2009-11-17 00:00:00+09:00,581.2245849609375,581.2245849609375,563.0246232096354,572.4181518554688,6400,0.0,0.0
2009-11-18 00:00:00+09:00,560.6763532186293,576.5279359797842,560.6763532186293,569.4827880859375,9900,0.0,0.0
2009-11-19 00:00:00+09:00,569.4827774380598,573.5924469659633,565.3731079101562,565.3731079101562,4000,0.0,0.0
2009-11-20 00:00:00+09:00,564.1990603329091,574.7667846679688,564.1990603329091,574.7667846679688,8300,0.0,0.0
2009-11-24 00:00:00+09:00,572.4183115397306,574.7666943563038,561.2634931610075,563.0247802734375,7900,0.0,0.0
2009-11-25 00:00:00+09:00,564.1989271655525,580.637605584528,564.1989271655525,569.4827880859375,8000,0.0,0.0
2009-11-26 00:00:00+09:00,565.9601355335537,585.9213851270608,561.2633709233168,585.3342895507812,10000,0.0,0.0
2009-11-27 00:00:00+09:00,585.33445986852,585.9215556156298,575.9409279147624,580.0505981445312,15700,0.0,0.0
2009-11-30 00:00:00+09:00,585.3342863610043,585.3342863610043,575.3536616186401,584.1600952148438,26700,0.0,0.0
2009-12-01 00:00:00+09:00,582.9860199929246,585.921498442033,575.3537760252428,581.8118286132812,19900,0.0,0.0
2009-12-02 00:00:00+09:00,575.9408818858419,586.5086044892519,575.9408818858419,585.9215087890625,9200,0.0,0.0
2009-12-03 00:00:00+09:00,586.5085058184037,594.7278442382812,582.9859322098848,594.7278442382812,17600,0.0,0.0
2009-12-04 00:00:00+09:00,592.9665320424162,592.9665320424162,585.3342895507812,585.3342895507812,4800,0.0,0.0
2009-12-07 00:00:00+09:00,587.0957001894413,589.4440829901991,576.5279775860314,585.9215087890625,7200,0.0,0.0
2009-12-08 00:00:00+09:00,586.5086059570312,590.0311801669834,583.5731274487379,586.5086059570312,9700,0.0,0.0
2009-12-09 00:00:00+09:00,586.5084775071647,592.9665288110474,584.1600952148438,584.1600952148438,6200,0.0,0.0
2009-12-10 00:00:00+09:00,590.0310747505415,592.966552734375,587.095596766708,592.966552734375,11100,0.0,0.0
2009-12-11 00:00:00+09:00,592.9666805831639,595.3150634765625,588.8570105197163,595.3150634765625,21100,0.0,0.0
2009-12-14 00:00:00+09:00,595.3149398397011,595.3149398397011,588.2697926226632,594.7278442382812,7600,0.0,0.0
2009-12-15 00:00:00+09:00,595.9021663946539,598.8376450468444,594.7279749337778,598.2505493164062,23900,0.0,0.0
2009-12-16 00:00:00+09:00,602.3601242551003,609.4052719072068,602.3601242551003,608.8181762695312,21700,0.0,0.0
2009-12-17 00:00:00+09:00,612.9278191061582,613.5149147183288,594.727855128868,598.8375244140625,9600,0.0,0.0
2009-12-18 00:00:00+09:00,598.8375504290472,608.8181762695312,594.1407853276428,608.8181762695312,5900,0.0,0.0
2009-12-21 00:00:00+09:00,610.5793070535275,610.5793070535275,594.7277288896379,597.0761108398438,4300,0.0,0.0
2009-12-22 00:00:00+09:00,604.7084587133672,638.7600029904306,600.0116939854964,613.514892578125,30900,0.0,0.0
2009-12-24 00:00:00+09:00,610.5792040588557,610.5792040588557,595.9018193459025,604.1211547851562,5000,0.0,0.0
2009-12-25 00:00:00+09:00,606.4697783264933,606.4697783264933,601.185917721519,602.9472045898438,4300,0.0,0.0
2009-12-28 00:00:00+09:00,602.947287109375,604.1214785156251,587.095703125,587.095703125,26800,0.0,0.0
2009-12-29 00:00:00+09:00,589.4440517463009,597.6633911132812,589.4440517463009,597.6633911132812,5700,0.0,0.0
2009-12-30 00:00:00+09:00,589.4440261886551,593.5536956939545,587.6827392578125,587.6827392578125,5800,0.0,0.0
2010-01-04 00:00:00+09:00,593.5537763065136,601.1860207100592,593.5537763065136,595.3150634765625,3900,0.0,0.0
2010-01-05 00:00:00+09:00,595.3149271950792,595.3149271950792,590.0310668945312,590.0310668945312,5800,0.0,0.0
2010-01-06 00:00:00+09:00,594.1407439279085,594.1407439279085,588.2697879602414,592.966552734375,5400,0.0,0.0
2010-01-07 00:00:00+09:00,592.9667344485568,595.3151175552838,588.2699682351029,592.379638671875,4200,0.0,0.0
2010-01-08 00:00:00+09:00,591.7924775565358,593.5537646921207,584.1602333023344,590.6182861328125,12100,0.0,0.0
2010-01-12 00:00:00+09:00,594.7278473652055,595.9020385742188,585.9214132976063,595.9020385742188,6500,0.0,0.0
2010-01-13 00:00:00+09:00,589.4438695016746,598.2503018149467,589.4438695016746,597.0761108398438,7900,0.0,0.0
2010-01-14 00:00:00+09:00,598.2505649603686,604.7086181640625,598.2505649603686,604.7086181640625,7300,0.0,0.0
2010-01-15 00:00:00+09:00,605.2953455621926,607.0566317277469,604.1211547851562,604.1211547851562,11600,0.0,0.0
2010-01-18 00:00:00+09:00,592.966554304023,602.3600838771561,592.966554304023,593.5536499023438,7500,0.0,0.0
2010-01-19 00:00:00+09:00,594.7277288896379,597.0761108398438,594.1406334020865,597.0761108398438,4700,0.0,0.0
2010-01-20 00:00:00+09:00,595.3149351214419,597.076221911742,590.6181703473083,592.966552734375,4900,0.0,0.0
2010-01-21 00:00:00+09:00,590.0312147392206,601.7731294603991,589.4441190031616,600.5989379882812,8800,0.0,0.0
2010-01-22 00:00:00+09:00,591.2053715703008,592.9666586752769,578.2892661338096,586.5086059570312,15000,0.0,0.0
2010-01-25 00:00:00+09:00,590.6182190063233,591.2053146514588,587.6827407806458,588.2698364257812,4300,0.0,0.0
2010-01-26 00:00:00+09:00,588.2697674321793,591.792340889857,585.3342895507812,585.3342895507812,8600,0.0,0.0
2010-01-27 00:00:00+09:00,591.7924628200302,592.3795585172722,584.160218755883,584.747314453125,12600,0.0,0.0
2010-01-28 00:00:00+09:00,587.095596766708,595.9020307182086,584.1601187828744,592.966552734375,18800,0.0,0.0
2010-01-29 00:00:00+09:00,595.3150279651989,595.3150279651989,581.2247314453125,581.2247314453125,13600,0.0,0.0
2010-02-01 00:00:00+09:00,587.0957528391192,587.0957528391192,570.0699760067847,582.3989868164062,13300,0.0,0.0
2010-02-02 00:00:00+09:00,576.5278527648005,585.9213819340845,575.3536616186401,584.1600952148438,8700,0.0,0.0
2010-02-03 00:00:00+09:00,591.792340889857,592.9665320424162,585.3342895507812,585.3342895507812,3800,0.0,0.0
2010-02-04 00:00:00+09:00,587.6827973603487,587.6827973603487,585.9215102553726,586.5086059570312,2600,0.0,0.0
2010-02-05 00:00:00+09:00,581.2246642199782,585.921429183372,578.8762817382812,578.8762817382812,6400,0.0,0.0
2010-02-08 00:00:00+09:00,577.1150527581935,587.6827749857088,575.3537657202743,577.7021484375,4800,0.0,0.0
2010-02-09 00:00:00+09:00,577.1151080073142,580.6376824203802,575.3538208007812,575.3538208007812,6400,0.0,0.0
2010-02-10 00:00:00+09:00,573.0054249002317,577.7021906781025,570.0699462890625,570.0699462890625,6400,0.0,0.0
2010-02-12 00:00:00+09:00,575.3537612588399,576.5279526083477,570.0699001860546,575.9408569335938,15100,0.0,0.0
2010-02-15 00:00:00+09:00,576.5278709979096,578.2891577728524,566.547245939901,568.3085327148438,26000,0.0,0.0
2010-02-16 00:00:00+09:00,564.1991006684996,566.5474840219584,561.8507173150407,565.9603881835938,14500,0.0,0.0
2010-02-17 00:00:00+09:00,573.0054116992594,573.0054116992594,558.328018981553,564.7860717773438,16600,0.0,0.0
2010-02-18 00:00:00+09:00,562.4375514182723,562.4375514182723,558.9149780273438,558.9149780273438,14900,0.0,0.0
2010-02-19 00:00:00+09:00,558.9150320716891,559.5021276936131,529.560250975487,533.0828247070312,48600,0.0,0.0
2010-02-22 00:00:00+09:00,537.779612697217,545.998951755908,533.082847520822,541.8892822265625,32300,0.0,0.0
2010-02-23 00:00:00+09:00,551.8699004395595,551.8699004395595,534.2570312765948,538.9537963867188,95900,0.0,0.0
2010-02-24 00:00:00+09:00,527.7991278451249,533.6700858856713,525.4507446289062,525.4507446289062,27800,0.0,0.0
2010-02-25 00:00:00+09:00,524.8636034024472,531.9087524414062,515.4700713505018,531.9087524414062,11000,0.0,0.0
2010-02-26 00:00:00+09:00,532.495732167003,534.2570190429688,527.2118715391055,534.2570190429688,24800,0.0,0.0
2010-03-01 00:00:00+09:00,538.3668212890625,538.9539170592795,536.6055339784112,538.3668212890625,7100,0.0,0.0
2010-03-02 00:00:00+09:00,538.3667113597973,550.1086243665541,536.6054244087837,543.0634765625,13900,0.0,0.0
2010-03-03 00:00:00+09:00,539.54095604938,541.8893388831098,534.2570946734885,540.1280517578125,5100,0.0,0.0
2010-03-04 00:00:00+09:00,539.5409957970045,539.5409957970045,529.5603680183874,531.3216552734375,6900,0.0,0.0
2010-03-05 00:00:00+09:00,540.1279983108108,548.3473374155406,539.540902660473,543.0634765625,13400,0.0,0.0
2010-03-08 00:00:00+09:00,546.5859342150078,547.760125265953,544.2375521131173,545.4117431640625,3300,0.0,0.0
2010-03-09 00:00:00+09:00,545.4119547660777,548.3474335323107,506.66363505180306,531.9087524414062,14700,0.0,0.0
2010-03-10 00:00:00+09:00,540.127883434809,545.9988386895352,537.1924058074459,545.4117431640625,5700,0.0,0.0
2010-03-11 00:00:00+09:00,545.411924822577,545.411924822577,540.7151590544602,544.8248291015625,8500,0.0,0.0
2010-03-12 00:00:00+09:00,545.4118667438466,545.9989624023438,543.0634841098581,545.9989624023438,22800,0.0,0.0
2010-03-15 00:00:00+09:00,545.9989699093416,548.9344482421875,545.4118742427723,548.9344482421875,19700,0.0,0.0
2010-03-16 00:00:00+09:00,543.6505722128378,547.1731461148648,543.0634765625,543.0634765625,4700,0.0,0.0
2010-03-17 00:00:00+09:00,537.1925746656784,543.6506274758669,531.321617565507,540.7151489257812,6900,0.0,0.0
2010-03-18 00:00:00+09:00,536.0183136153091,542.4763655865779,533.0828354465506,537.1925048828125,5500,0.0,0.0
2010-03-19 00:00:00+09:00,528.3863191749424,541.3024291992188,528.3863191749424,541.3024291992188,11500,0.0,0.0
2010-03-23 00:00:00+09:00,537.1923976749569,542.4762573242188,533.0827290588643,542.4762573242188,6500,0.0,0.0
2010-03-24 00:00:00+09:00,540.1279391789282,543.6505126953125,528.3860274576471,543.6505126953125,15200,0.0,0.0
2010-03-25 00:00:00+09:00,543.6506260084069,544.8248174252717,537.1925732156504,540.1280517578125,17700,0.0,0.0
2010-03-26 00:00:00+09:00,538.953814500378,545.9989624023438,536.6054318663895,545.9989624023438,20700,0.0,0.0
2010-03-29 00:00:00+09:00,547.173155230431,548.9344422107865,545.9989639101941,546.5860595703125,6300,0.0,0.0
2010-03-30 00:00:00+09:00,546.586073011033,551.8699340820312,546.586073011033,551.8699340820312,17100,0.0,0.0
2010-03-31 00:00:00+09:00,543.0634265293892,551.8698604731089,543.0634265293892,547.173095703125,15800,0.0,0.0
2010-04-01 00:00:00+09:00,549.521478088117,550.695669280613,543.0634265293892,547.173095703125,15000,0.0,0.0
2010-04-02 00:00:00+09:00,545.9990899618994,550.695856327163,544.8248983705835,548.3474731445312,4700,0.0,0.0
2010-04-05 00:00:00+09:00,546.5861898481273,550.1087646484375,546.5861898481273,550.1087646484375,5200,0.0,0.0
2010-04-06 00:00:00+09:00,550.1086395753258,550.695735241895,548.9344482421875,548.9344482421875,8400,0.0,0.0
2010-04-07 00:00:00+09:00,550.1085188776,551.2827099531125,548.9343278020875,549.5214233398438,17500,0.0,0.0
2010-04-08 00:00:00+09:00,548.9345689401891,550.695856327163,544.2378025749255,548.3474731445312,10000,0.0,0.0
2010-04-09 00:00:00+09:00,547.1732856481791,550.6958604484893,547.1732856481791,550.1087646484375,12600,0.0,0.0
2010-04-12 00:00:00+09:00,556.566650390625,558.9150328817246,555.9795547678501,556.566650390625,12900,0.0,0.0
2010-04-13 00:00:00+09:00,558.9150557948793,565.9602035569995,557.1537688543492,565.3731079101562,18600,0.0,0.0
2010-04-14 00:00:00+09:00,568.89562672691,569.4827223169274,562.437575236718,567.721435546875,12500,0.0,0.0
2010-04-15 00:00:00+09:00,568.3085311368925,572.4182002670146,567.721435546875,567.721435546875,10000,0.0,0.0
2010-04-16 00:00:00+09:00,568.3085628461234,568.3085628461234,552.4569810312006,556.566650390625,11500,0.0,0.0
2010-04-19 00:00:00+09:00,550.6957276703209,550.6957276703209,542.4763884513609,545.9989624023438,6000,0.0,0.0
2010-04-20 00:00:00+09:00,554.805412454808,554.805412454808,548.9344557092545,551.8699340820312,6800,0.0,0.0
2010-04-21 00:00:00+09:00,563.6117757579651,574.7665921531748,553.0440549625032,571.2440185546875,28200,0.0,0.0
2010-04-22 00:00:00+09:00,561.8504606716295,567.7214163735274,552.4569315485929,560.67626953125,8400,0.0,0.0
2010-04-23 00:00:00+09:00,558.9151204427084,567.7215561639695,554.2183547247024,567.1344604492188,6700,0.0,0.0
2010-04-26 00:00:00+09:00,571.8312864880141,594.1409260019203,571.8312864880141,592.379638671875,33900,0.0,0.0
2010-04-27 00:00:00+09:00,583.5731274487379,586.5086059570312,578.8763618354683,586.5086059570312,8700,0.0,0.0
2010-04-28 00:00:00+09:00,568.895692428117,576.5279359797842,567.1344054546553,569.4827880859375,23100,0.0,0.0
2010-04-30 00:00:00+09:00,569.4828634456712,575.9409165362922,569.4828634456712,575.3538208007812,5300,0.0,0.0
2010-05-06 00:00:00+09:00,571.2440735430172,572.4182648555413,558.3279691052511,568.8956909179688,17300,0.0,0.0
2010-05-07 00:00:00+09:00,542.4763554440269,557.7408416361749,542.4763554440269,556.566650390625,13700,0.0,0.0
2010-05-10 00:00:00+09:00,565.3731557018351,565.3731557018351,552.4570503794672,560.0892944335938,10000,0.0,0.0
2010-05-11 00:00:00+09:00,565.3731733049665,577.7021833147321,552.4570675804501,567.1344604492188,12600,0.0,0.0
2010-05-12 00:00:00+09:00,567.1343493564524,574.7665921531748,563.6117757579651,571.2440185546875,11000,0.0,0.0
2010-05-13 00:00:00+09:00,571.2440810937901,571.8311767578125,570.0698897657453,571.8311767578125,3700,0.0,0.0
2010-05-14 00:00:00+09:00,567.7215218892911,579.4634354754191,565.3731391720655,577.7021484375,21400,0.0,0.0
2010-05-17 00:00:00+09:00,578.2892396326095,581.224718006379,574.7666655840859,575.9408569335938,44900,0.0,0.0
2010-05-18 00:00:00+09:00,567.7215561639695,572.4183218819754,566.547364734468,567.1344604492188,5300,0.0,0.0
2010-05-19 00:00:00+09:00,550.1086470583651,560.6763692003615,548.3473600346991,551.8699340820312,11100,0.0,0.0
2010-05-20 00:00:00+09:00,546.5859456510625,561.2633340949686,546.5859456510625,549.5214233398438,7100,0.0,0.0
2010-05-21 00:00:00+09:00,540.7151844113372,545.4119503997092,521.3410247093022,530.1474609375,17500,0.0,0.0
2010-05-24 00:00:00+09:00,538.9536385934887,538.9536385934887,517.2311063190234,526.6246337890625,18500,0.0,0.0
2010-05-25 00:00:00+09:00,526.624876499176,534.2571210861206,517.8184404373169,526.0377807617188,13500,0.0,0.0
2010-05-26 00:00:00+09:00,517.8183392874802,518.4054349102552,507.25061807753167,510.18609619140625,20300,0.0,0.0
2010-05-27 00:00:00+09:00,509.5991405398347,510.18623632386675,500.2056079953216,504.9023742675781,16100,0.0,0.0
2010-05-28 00:00:00+09:00,505.48934324035287,511.947395244585,495.50871741563043,503.1409606933594,18000,0.0,0.0
2010-05-31 00:00:00+09:00,501.9667243297537,510.7731580899248,497.2699596576624,509.0118713378906,10800,0.0,0.0
2010-06-01 00:00:00+09:00,502.55399933918517,508.4249572753906,502.55399933918517,508.4249572753906,5300,0.0,0.0
2010-06-02 00:00:00+09:00,502.5537976603715,502.5537976603715,500.2054154283137,500.7925109863281,8400,0.0,0.0
2010-06-03 00:00:00+09:00,500.79251898918955,506.0763790957578,500.20542342179306,503.7279968261719,9900,0.0,0.0
2010-06-04 00:00:00+09:00,506.0765658356423,507.2507574037064,503.72818269951404,504.9023742675781,2700,0.0,0.0
2010-06-07 00:00:00+09:00,496.0958160291269,504.9022506331943,487.28938142505956,492.5732421875,7000,0.0,0.0
2010-06-08 00:00:00+09:00,486.7022633123172,497.26998434925537,486.115167699154,495.5086975097656,4500,0.0,0.0
2010-06-09 00:00:00+09:00,503.14097607825414,503.14097607825414,492.5732542936467,497.27001953125,4600,0.0,0.0
2010-06-10 00:00:00+09:00,504.9022058823529,504.9022058823529,497.85705882352937,499.03125,4600,0.0,0.0
2010-06-11 00:00:00+09:00,499.61826232553227,507.25050370065793,498.4440713447437,501.9666442871094,24300,0.0,0.0
2010-06-14 00:00:00+09:00,504.9021767802622,511.3602278786144,503.1408901170753,510.77313232421875,8100,0.0,0.0
2010-06-15 00:00:00+09:00,510.7731436349295,510.7731436349295,500.79251898918955,503.7279968261719,13800,0.0,0.0
2010-06-16 00:00:00+09:00,505.4893312092069,510.18609619140625,504.31513996365703,510.18609619140625,4600,0.0,0.0
2010-06-17 00:00:00+09:00,510.773122575548,510.773122575548,506.0763582300257,507.25054931640625,3000,0.0,0.0
2010-06-18 00:00:00+09:00,505.48947830728787,510.77334044987276,502.55399933918517,508.4249572753906,8200,0.0,0.0
2010-06-21 00:00:00+09:00,510.18606209162937,522.5150693458575,510.18606209162937,520.1666870117188,8000,0.0,0.0
2010-06-22 00:00:00+09:00,524.2762979043497,524.2762979043497,520.1666292757601,521.3408203125,3600,0.0,0.0
2010-06-23 00:00:00+09:00,527.79905492531,528.3861506482525,520.75390625,520.75390625,19600,0.0,0.0
2010-06-24 00:00:00+09:00,520.7538901551129,520.7538901551129,514.2958374023438,514.2958374023438,1200,0.0,0.0
2010-06-25 00:00:00+09:00,506.6634634434492,514.2957056505927,503.72798567147095,510.77313232421875,13400,0.0,0.0
2010-06-28 00:00:00+09:00,501.96680875669904,510.1861483152883,499.61842602567356,506.66357421875,12200,0.0,0.0
2010-06-29 00:00:00+09:00,506.6634926470588,506.6634926470588,499.03124999999994,499.03125,3000,0.0,0.0
2010-06-30 00:00:00+09:00,490.2247668792069,498.4441042879601,487.28928923322366,491.9860534667969,9100,0.0,0.0
2010-07-01 00:00:00+09:00,490.22490423082735,490.22490423082735,485.5281386813104,486.115234375,5500,0.0,0.0
2010-07-02 00:00:00+09:00,480.244206343731,482.59258877083965,478.4829195233994,482.0054931640625,4600,0.0,0.0
2010-07-05 00:00:00+09:00,486.1151090534201,486.1151090534201,481.41834471473976,484.94091796875,4000,0.0,0.0
2010-07-06 00:00:00+09:00,480.83136874112216,484.94103855942234,479.657177364465,484.35394287109375,6700,0.0,0.0
2010-07-07 00:00:00+09:00,480.2442932128906,480.2442932128906,475.5475275090971,480.2442932128906,5600,0.0,0.0
2010-07-08 00:00:00+09:00,484.94107199580094,486.70235918222636,478.4830189789077,485.5281677246094,6400,0.0,0.0
2010-07-09 00:00:00+09:00,489.0508171637568,491.9862962583772,481.4185715177438,491.3992004394531,6100,0.0,0.0
2010-07-12 00:00:00+09:00,490.81187831018167,491.3989738583996,486.7022094726562,486.70220947265625,2500,0.0,0.0
2010-07-13 00:00:00+09:00,488.4636051829268,490.224892220846,478.48297863471794,481.41845703125,9200,0.0,0.0
2010-07-14 00:00:00+09:00,480.83123841206043,491.9860534667969,480.83123841206043,491.9860534667969,8200,0.0,0.0
2010-07-15 00:00:00+09:00,491.98620166892783,494.921680199172,489.0507231386836,490.22491455078125,16700,0.0,0.0
2010-07-16 00:00:00+09:00,483.7668307067721,489.05069172177326,476.1345870184371,477.8958740234375,6600,0.0,0.0
2010-07-21 00:00:00+09:00,478.48296969177096,485.5281177117725,477.8958740234375,477.8958740234375,4600,0.0,0.0
2010-07-22 00:00:00+09:00,474.9604187011719,476.1346100947471,473.1991316108091,474.9604187011719,3300,0.0,0.0
2010-07-23 00:00:00+09:00,484.3538755911712,485.52806680472554,482.0054931640625,482.0054931640625,4900,0.0,0.0
2010-07-26 00:00:00+09:00,483.76692758137625,483.76692758137625,479.6572570800781,479.6572570800781,1400,0.0,0.0
2010-07-27 00:00:00+09:00,480.83136874112216,487.28942131273675,480.83136874112216,484.35394287109375,5600,0.0,0.0
2010-07-28 00:00:00+09:00,481.4184159992122,489.63775480895487,480.8313203699449,489.0506591796875,5700,0.0,0.0
2010-07-29 00:00:00+09:00,486.70231814500755,487.28941382431395,481.41845703124994,481.41845703125,4300,0.0,0.0
2010-07-30 00:00:00+09:00,476.13451193104623,477.8957986582881,469.6764605978261,472.6119384765625,11200,0.0,0.0
2010-08-02 00:00:00+09:00,477.8958971851099,479.65718427547273,473.7862273075967,474.9604187011719,5800,0.0,0.0
2010-08-03 00:00:00+09:00,475.5474517369034,477.8958342146165,474.3732604980469,474.3732604980469,2500,0.0,0.0
2010-08-04 00:00:00+09:00,472.6119731767528,473.78616441445905,457.9345827054251,462.63134765625,14800,0.0,0.0
2010-08-05 00:00:00+09:00,469.08953293388305,484.9411191531757,469.08953293388305,479.6572570800781,11700,0.0,0.0
2010-08-06 00:00:00+09:00,477.8958066587095,477.8958066587095,467.9151817039207,475.54742431640625,5500,0.0,0.0
2010-08-09 00:00:00+09:00,470.85075462876216,477.30880737304693,470.85075462876216,477.3088073730469,5300,0.0,0.0
2010-08-10 00:00:00+09:00,476.1346056538244,476.1346056538244,473.1991271972657,473.1991271972656,2600,0.0,0.0
2010-08-11 00:00:00+09:00,470.85072197413774,471.43781763744715,463.80557401442496,464.3926696777344,7300,0.0,0.0
2010-08-12 00:00:00+09:00,464.3927349792019,470.85078818371676,464.3927349792019,466.1540222167969,5800,0.0,0.0
2010-08-13 00:00:00+09:00,466.1539656616364,467.9152526855469,466.1539656616364,467.9152526855469,7000,0.0,0.0
2010-08-16 00:00:00+09:00,469.0893265914917,470.8506131744385,469.0893265914917,469.6764221191406,9900,0.0,0.0
2010-08-17 00:00:00+09:00,471.43774732506796,473.7861296280571,471.43774732506796,472.6119384765625,8100,0.0,0.0
2010-08-18 00:00:00+09:00,469.6765182324097,471.43780517578125,466.74103999345715,471.43780517578125,4600,0.0,0.0
2010-08-19 00:00:00+09:00,471.43780669406874,481.41843273865055,466.7410414966185,472.02490234375,8900,0.0,0.0
2010-08-20 00:00:00+09:00,469.08955692339543,469.08955692339543,463.8056945800781,463.8056945800781,4700,0.0,0.0
2010-08-23 00:00:00+09:00,463.8056263528812,467.3282007302448,460.8701477050781,460.8701477050781,3800,0.0,0.0
2010-08-24 00:00:00+09:00,457.9346038740309,459.1087951660156,457.9346038740309,459.1087951660156,2600,0.0,0.0
2010-08-25 00:00:00+09:00,450.3024175008138,462.63142762795474,448.5411303397937,457.9346618652344,5400,0.0,0.0
2010-08-26 00:00:00+09:00,454.99916608493743,463.218505859375,452.06368759406683,463.218505859375,6100,0.0,0.0
2010-08-27 00:00:00+09:00,465.0024298095703,475.705810546875,460.24537170410156,475.705810546875,8900,10.0,0.0
2010-08-30 00:00:00+09:00,475.1110236563334,491.76072160674306,471.54323123838844,487.5982971191406,7400,0.0,0.0
2010-08-31 00:00:00+09:00,479.8681995745787,484.0306250975304,461.4346008300781,461.4346008300781,6000,0.0,0.0
2010-09-01 00:00:00+09:00,479.868225570797,484.03065131924257,455.4883033299015,460.245361328125,10900,0.0,0.0
2010-09-02 00:00:00+09:00,465.0022397417452,467.3807678222656,464.4076077216151,467.3807678222656,3500,0.0,0.0
2010-09-03 00:00:00+09:00,467.3808849406692,476.89499964684063,467.3808849406692,472.7325744628906,3400,0.0,0.0
2010-09-06 00:00:00+09:00,475.11102765291446,483.435876698147,475.11102765291446,482.2466125488281,4700,0.0,0.0
2010-09-07 00:00:00+09:00,475.70566208715235,475.70566208715235,464.40765261258247,470.3539733886719,12900,0.0,0.0
2010-09-08 00:00:00+09:00,465.5969456599309,472.13789891952126,463.2184172018981,463.81304931640625,5800,0.0,0.0
2010-09-09 00:00:00+09:00,465.59691386162484,470.948602526701,465.59691386162484,469.75933837890625,9200,0.0,0.0
2010-09-10 00:00:00+09:00,472.732599742377,483.4359793591855,472.732599742377,478.08428955078125,25700,0.0,0.0
2010-09-13 00:00:00+09:00,478.678971862793,481.6521331787109,475.705810546875,475.705810546875,3300,0.0,0.0
2010-09-14 00:00:00+09:00,478.0842839191085,478.0842839191085,475.7057551433915,476.89501953125,5100,0.0,0.0
2010-09-16 00:00:00+09:00,478.08435104774196,478.08435104774196,470.9487637186712,471.54339599609375,2200,0.0,0.0
2010-09-17 00:00:00+09:00,476.89499964684063,477.48963181597634,467.3808849406692,472.7325744628906,8300,0.0,0.0
2010-09-21 00:00:00+09:00,478.08426398511205,481.0574248307906,471.5433101246192,472.7325744628906,3600,0.0,0.0
2010-09-22 00:00:00+09:00,472.1378696214987,472.1378696214987,470.3539733886719,470.3539733886719,2300,0.0,0.0
2010-09-24 00:00:00+09:00,464.4076814309145,466.1915777744391,463.8130493164063,463.81304931640625,5100,0.0,0.0
2010-09-27 00:00:00+09:00,463.81309192585496,474.51647097029775,463.81309192585496,472.7325744628906,4600,0.0,0.0
2010-09-28 00:00:00+09:00,468.5701313536844,481.65203857421875,468.5701313536844,481.65203857421875,12500,0.0,0.0
2010-09-29 00:00:00+09:00,480.4627054555404,492.35534667968744,480.4627054555404,492.3553466796875,11100,0.0,0.0
2010-09-30 00:00:00+09:00,489.38223593439886,490.5715001772528,469.7593759273087,477.4895935058594,6200,0.0,0.0
2010-10-01 00:00:00+09:00,474.5165460205078,475.705810546875,470.3541201782227,475.705810546875,3400,0.0,0.0
2010-10-04 00:00:00+09:00,479.8681684830895,479.8681684830895,467.97552490234375,467.97552490234375,4900,0.0,0.0
2010-10-05 00:00:00+09:00,469.7593759273087,477.4895935058594,462.0291583487581,477.4895935058594,9200,0.0,0.0
2010-10-06 00:00:00+09:00,469.75934131106294,471.54323754388975,469.75934131106294,470.3539733886719,4400,0.0,0.0
2010-10-07 00:00:00+09:00,470.94871114606235,481.05745873379345,462.6238601914602,473.3272399902344,8200,0.0,0.0
2010-10-08 00:00:00+09:00,465.0023831773078,474.51649843413253,465.0023831773078,465.5970153808594,7300,0.0,0.0
2010-10-12 00:00:00+09:00,466.7862428494586,466.7862428494586,438.2438993376445,438.8385314941406,15200,0.0,0.0
2010-10-13 00:00:00+09:00,440.6223914934241,443.0009199225384,437.64923095703125,437.64923095703125,6300,0.0,0.0
2010-10-14 00:00:00+09:00,446.5688861877279,450.13668021852203,438.24403344920836,448.352783203125,12000,0.0,0.0
2010-10-15 00:00:00+09:00,448.3525866352334,451.32574702406123,439.43310546875,439.43310546875,18400,0.0,0.0
2010-10-18 00:00:00+09:00,435.2707281944736,444.1902103296062,435.2707281944736,443.0009460449219,5900,0.0,0.0
2010-10-19 00:00:00+09:00,435.86538979013216,447.75803344061325,435.86538979013216,436.46002197265625,7000,0.0,0.0
2010-10-20 00:00:00+09:00,434.08162534486996,434.08162534486996,417.4319191672585,425.1621398925781,10200,0.0,0.0
2010-10-21 00:00:00+09:00,425.1620511535212,425.1620511535212,414.45867084476123,419.2157287597656,7100,0.0,0.0
2010-10-22 00:00:00+09:00,417.4317336757922,426.9458472638444,417.4317336757922,423.9726867675781,6800,0.0,0.0
2010-10-25 00:00:00+09:00,422.1888313617652,425.7566243028506,419.810302734375,419.810302734375,4900,0.0,0.0
2010-10-26 00:00:00+09:00,422.7833811223763,423.37801316333605,414.45853254893996,415.6477966308594,9800,0.0,0.0
2010-10-27 00:00:00+09:00,416.2424926757812,419.21565333775106,414.4585962785993,416.24249267578125,5600,0.0,0.0
2010-10-28 00:00:00+09:00,413.2693559182957,415.6478845854513,408.5122985839843,408.5122985839844,15600,0.0,0.0
2010-10-29 00:00:00+09:00,413.26942044635155,413.26942044635155,408.5123623692712,409.10699462890625,11900,0.0,0.0
2010-11-01 00:00:00+09:00,415.05319634646565,415.6478284329219,409.1068754819031,409.7015075683594,5700,0.0,0.0
2010-11-02 00:00:00+09:00,407.3230342504065,409.10693075077324,403.755241249673,408.5122985839844,11100,0.0,0.0
2010-11-04 00:00:00+09:00,407.32310873924655,412.67479921903225,403.7553150860561,411.48553466796875,4900,0.0,0.0
2010-11-05 00:00:00+09:00,426.35140461955035,426.9460369830365,421.5943457116614,425.1621398925781,17100,0.0,0.0
2010-11-08 00:00:00+09:00,427.5405606587728,432.29761835734047,425.1620318094889,428.13519287109375,11200,0.0,0.0
2010-11-09 00:00:00+09:00,427.54058837890625,429.3244851315303,427.54058837890625,427.54058837890625,6300,0.0,0.0
2010-11-10 00:00:00+09:00,428.135245186942,433.48693575177873,428.135245186942,432.8923034667969,9800,0.0,0.0
2010-11-11 00:00:00+09:00,432.8923034667969,432.8923034667969,431.70303889683316,432.8923034667969,6700,0.0,0.0
2010-11-12 00:00:00+09:00,432.8922396191541,432.8922396191541,429.9190786327588,432.297607421875,9100,0.0,0.0
2010-11-15 00:00:00+09:00,431.108431645333,432.2976962843546,431.108431645333,431.70306396484375,6500,0.0,0.0
2010-11-16 00:00:00+09:00,429.32452121687,429.32452121687,427.5406243143068,428.7298889160156,8200,0.0,0.0
2010-11-17 00:00:00+09:00,428.13515379837867,428.13515379837867,425.75662516616546,426.35125732421875,6000,0.0,0.0
2010-11-18 00:00:00+09:00,421.59423853556314,428.13519287109375,420.9996063232422,428.13519287109375,10600,0.0,0.0
2010-11-19 00:00:00+09:00,427.5405606587728,428.7298250834147,422.78350296020506,428.13519287109375,11900,0.0,0.0
2010-11-22 00:00:00+09:00,427.54064673633627,428.13527906837567,426.9460144042969,426.9460144042969,4300,0.0,0.0
2010-11-24 00:00:00+09:00,426.94594787164783,428.13521235039894,419.2157287597656,419.2157287597656,21100,0.0,0.0
2010-11-25 00:00:00+09:00,418.0263247946984,421.5941170404568,415.64779663085943,415.6477966308594,20200,0.0,0.0
2010-11-26 00:00:00+09:00,415.647960596691,416.24259287222276,410.2962701169053,411.48553466796875,21700,0.0,0.0
2010-11-29 00:00:00+09:00,410.89077174127186,416.8370926058344,409.7015075683594,409.7015075683594,23800,0.0,0.0
2010-11-30 00:00:00+09:00,411.48547438517187,413.2693709504255,385.9162902832031,385.9162902832031,155900,0.0,0.0
2010-12-01 00:00:00+09:00,391.86266469604317,403.7553100585938,387.70023881915046,403.75531005859375,52100,0.0,0.0
2010-12-02 00:00:00+09:00,404.3498705983509,412.6747208753758,403.7552384357063,407.91766357421875,24200,0.0,0.0
2010-12-03 00:00:00+09:00,418.0263247946984,420.40485295853733,410.29610826222176,415.6477966308594,35300,0.0,0.0
2010-12-06 00:00:00+09:00,419.21570664745263,422.18886768750554,419.21570664745263,420.9996032714844,13900,0.0,0.0
2010-12-07 00:00:00+09:00,421.5942658701593,427.54058837890625,421.5942658701593,427.54058837890625,24800,0.0,0.0
2010-12-08 00:00:00+09:00,428.135067033179,433.48675537109375,427.54043499563295,433.48675537109375,24200,0.0,0.0
2010-12-09 00:00:00+09:00,446.56877023202406,449.5419311523438,441.8117127595125,449.54193115234375,65900,0.0,0.0
2010-12-10 00:00:00+09:00,450.13656333640773,454.2989886248554,449.5419311523438,449.54193115234375,69900,0.0,0.0
2010-12-13 00:00:00+09:00,450.1365224055819,454.29894731554106,450.1365224055819,453.7043151855469,15500,0.0,0.0
2010-12-14 00:00:00+09:00,457.8667800490921,462.0292053222657,456.0828835034463,462.0292053222656,21200,0.0,0.0
2010-12-15 00:00:00+09:00,463.81300804197946,464.40764010357174,450.13647062535694,455.4881591796875,77700,0.0,0.0
2010-12-16 00:00:00+09:00,459.055957476298,459.6505895455678,453.10963678359985,456.67742919921875,25300,0.0,0.0
2010-12-17 00:00:00+09:00,457.27217530712636,461.4346008300781,456.6775430895618,461.4346008300781,20600,0.0,0.0
2010-12-20 00:00:00+09:00,462.02923304764266,465.59702635302983,460.8399686125136,461.4346008300781,17100,0.0,0.0
2010-12-21 00:00:00+09:00,462.62387917258525,465.59704034978694,461.43461470170456,464.40777587890625,18400,0.0,0.0
2010-12-22 00:00:00+09:00,464.407784170034,466.1916809082031,460.2453584476393,466.1916809082031,25500,0.0,0.0
2010-12-24 00:00:00+09:00,463.81311877020477,466.7862797879625,462.0292221595501,465.5970153808594,25500,0.0,0.0
2010-12-27 00:00:00+09:00,467.38100928045384,468.57027393511146,462.0293183344944,466.786376953125,30400,0.0,0.0
2010-12-28 00:00:00+09:00,465.5969706217448,481.65203857421875,463.81307418258103,481.65203857421875,24300,0.0,0.0
2010-12-29 00:00:00+09:00,481.6520803390615,484.6252413288088,476.3003905575164,484.0306091308594,21400,0.0,0.0
2010-12-30 00:00:00+09:00,484.03058354158577,484.03058354158577,476.8949975434297,478.67889404296875,21200,0.0,0.0
2011-01-04 00:00:00+09:00,485.22001964990886,492.9502405511942,483.43612251884304,489.3824462890625,23900,0.0,0.0
2011-01-05 00:00:00+09:00,489.9770786660845,491.1663434201283,487.5985491579967,489.3824462890625,18200,0.0,0.0
2011-01-06 00:00:00+09:00,490.5717267633491,494.1395211398098,490.5717267633491,492.95025634765625,22000,0.0,0.0
2011-01-07 00:00:00+09:00,492.9499600850619,494.7338562011719,492.3553280463586,494.7338562011719,20600,0.0,0.0
2011-01-11 00:00:00+09:00,494.73400599804455,494.73400599804455,493.54474156054926,494.1393737792969,21500,0.0,0.0
2011-01-12 00:00:00+09:00,494.1395211398098,494.73415353588655,492.9502563476562,492.95025634765625,12000,0.0,0.0
2011-01-13 00:00:00+09:00,493.54461669921875,496.5177770407803,492.35535256259413,493.54461669921875,34400,0.0,0.0
2011-01-14 00:00:00+09:00,494.139354518502,496.5178833007812,493.5447223229322,496.51788330078125,13100,0.0,0.0
2011-01-17 00:00:00+09:00,496.51793582866486,501.2749938964844,496.51793582866486,501.2749938964844,14000,0.0,0.0
2011-01-18 00:00:00+09:00,507.2212304801585,516.1407128449913,505.4373340071919,509.005126953125,36600,0.0,0.0
2011-01-19 00:00:00+09:00,505.43726466045854,510.78895334509866,504.8426325843874,507.2211608886719,12700,0.0,0.0
2011-01-20 00:00:00+09:00,505.4374389648437,509.00523265165435,504.8428066837086,505.43743896484375,10600,0.0,0.0
2011-01-21 00:00:00+09:00,504.2480679518885,504.2480679518885,494.73395346223026,495.9232177734375,17100,0.0,0.0
2011-01-24 00:00:00+09:00,504.24807813864237,517.3299858262014,504.24807813864237,510.7890319824219,27500,0.0,0.0
2011-01-25 00:00:00+09:00,512.5728833379454,512.5728833379454,507.81582641601557,507.8158264160156,20900,0.0,0.0
2011-01-26 00:00:00+09:00,506.62659832250296,510.7890234260916,506.03196616484746,509.005126953125,8100,0.0,0.0
2011-01-27 00:00:00+09:00,511.97829631765455,513.7621928205035,510.78903198242193,510.7890319824219,14000,0.0,0.0
2011-01-28 00:00:00+09:00,506.0319988710661,507.2212632632425,503.05883789062506,503.058837890625,13400,0.0,0.0
2011-01-31 00:00:00+09:00,501.8695730609094,501.8695730609094,491.76082573622284,496.51788330078125,14600,0.0,0.0
2011-02-01 00:00:00+09:00,502.46424178522955,502.46424178522955,489.9769647704487,491.1662292480469,15600,0.0,0.0
2011-02-02 00:00:00+09:00,493.54475820324325,501.2749773076314,490.5715970092478,491.1662292480469,14800,0.0,0.0
2011-02-03 00:00:00+09:00,491.1661605286084,496.5178499290412,491.1661605286084,495.9232177734375,11300,0.0,0.0
2011-02-04 00:00:00+09:00,495.92321777343756,498.3017463958521,493.54468915102296,495.9232177734375,15400,0.0,0.0
2011-02-07 00:00:00+09:00,495.92333912144045,502.46429443359375,495.92333912144045,502.46429443359375,10400,0.0,0.0
2011-02-08 00:00:00+09:00,503.0588237385971,506.03198463539735,500.0856628417969,500.0856628417969,16900,0.0,0.0
2011-02-09 00:00:00+09:00,497.1126037236501,502.46429443359375,497.1126037236501,502.46429443359375,8100,0.0,0.0
2011-02-10 00:00:00+09:00,503.0588463018303,504.8427429199219,500.6803174777082,504.8427429199219,16400,0.0,0.0
2011-02-14 00:00:00+09:00,504.8426325843874,507.2211608886719,504.8426325843874,507.2211608886719,12000,0.0,0.0
2011-02-15 00:00:00+09:00,507.22135481951256,510.1945163366257,507.22135481951256,509.5998840332031,20400,0.0,0.0
2011-02-16 00:00:00+09:00,511.3836103320542,512.5728745421288,504.84265717664425,506.03192138671875,24400,0.0,0.0
2011-02-17 00:00:00+09:00,506.0319213867188,508.41044980686786,506.0319213867188,506.03192138671875,18600,0.0,0.0
2011-02-18 00:00:00+09:00,508.41052246093756,510.7890512209887,508.41052246093756,508.4105224609375,12100,0.0,0.0
2011-02-21 00:00:00+09:00,508.4104947954695,510.1943912684361,508.4104947954695,509.005126953125,13400,0.0,0.0
2011-02-22 00:00:00+09:00,510.1943912684361,510.1943912684361,508.4104947954695,509.005126953125,21300,0.0,0.0
2011-02-23 00:00:00+09:00,503.65341066059307,506.6265712902306,497.11245727539057,497.1124572753906,239300,0.0,0.0
2011-02-24 00:00:00+09:00,485.67767988485735,489.890497430327,472.43739617052415,474.2428894042969,94600,10.0,0.0
2011-02-25 00:00:00+09:00,465.81735537096426,467.0210177879435,446.5587566992965,453.7807312011719,74100,0.0,0.0
2011-02-28 00:00:00+09:00,451.975303007427,459.19727855481597,448.96614652934824,457.39178466796875,21700,0.0,0.0
2011-03-01 00:00:00+09:00,463.4099479850012,477.85389441570254,462.808116883722,473.03924560546875,43400,0.0,0.0
2011-03-02 00:00:00+09:00,473.0393577398256,473.0393577398256,465.21555156855624,465.8173828125,35400,0.0,0.0
2011-03-03 00:00:00+09:00,472.4374025317915,472.4374025317915,468.2245849295972,468.826416015625,11900,0.0,0.0
2011-03-04 00:00:00+09:00,477.85387622986235,477.85387622986235,465.2154235839844,465.2154235839844,17700,0.0,0.0
2011-03-07 00:00:00+09:00,464.6137331159817,465.2155643764946,463.41007059495587,464.01190185546875,12000,0.0,0.0
2011-03-08 00:00:00+09:00,467.0208800320798,470.03003518692566,464.0117248772339,464.6135559082031,13900,0.0,0.0
2011-03-09 00:00:00+09:00,465.2153869391723,469.4282041559565,464.6135559082031,464.6135559082031,13800,0.0,0.0
2011-03-10 00:00:00+09:00,464.61356801069456,466.4190611506325,456.7897644042969,456.7897644042969,16100,0.0,0.0
2011-03-11 00:00:00+09:00,455.58622639153594,457.39172002320646,447.7624206542969,447.7624206542969,42400,0.0,0.0
2011-03-14 00:00:00+09:00,372.5334523677826,396.60669646263125,372.5334523677826,385.1719055175781,33500,0.0,0.0
2011-03-15 00:00:00+09:00,385.1719006568145,391.7920426993535,324.9887911791872,366.51513671875,54200,0.0,0.0
2011-03-16 00:00:00+09:00,360.4968303203583,386.97739882469176,360.4968303203583,385.1719055175781,32000,0.0,0.0
2011-03-17 00:00:00+09:00,389.3847222992868,401.4213443178119,383.36641129002425,397.2085266113281,25800,0.0,0.0
2011-03-18 00:00:00+09:00,397.81038023296156,420.07813222784745,397.81038023296156,411.6524963378906,15700,0.0,0.0
2011-03-22 00:00:00+09:00,417.6706193948368,431.51272925950724,415.26329594011156,423.08709716796875,14900,0.0,0.0
2011-03-23 00:00:00+09:00,425.49451207632967,431.51282200668794,415.2633851947206,417.0688781738281,17500,0.0,0.0
2011-03-24 00:00:00+09:00,417.670751953125,423.0872314453125,409.2451171875,409.2451171875,21000,0.0,0.0
2011-03-25 00:00:00+09:00,415.2635073107342,421.2818190108898,412.25435146065644,414.0598449707031,10900,0.0,0.0
2011-03-28 00:00:00+09:00,413.4579645211356,421.28176879882807,413.4579645211356,421.2817687988281,14000,0.0,0.0
2011-03-29 00:00:00+09:00,421.28182729085285,433.3184509277343,417.0690090179443,433.3184509277344,17000,0.0,0.0
2011-03-30 00:00:00+09:00,433.3184891712816,433.3184891712816,422.4855269419996,427.9020080566406,13000,0.0,0.0
2011-03-31 00:00:00+09:00,427.9019702911377,433.3184509277343,427.9019702911377,433.3184509277344,6700,0.0,0.0
2011-04-01 00:00:00+09:00,433.3184528756649,438.13310235206114,424.2909851074219,424.2909851074219,12100,0.0,0.0
2011-04-04 00:00:00+09:00,433.3184031951122,433.3184031951122,422.4854431152344,422.4854431152344,2800,0.0,0.0
2011-04-05 00:00:00+09:00,424.29084945388274,424.29084945388274,410.4487366348199,411.0505676269531,14100,0.0,0.0
2011-04-06 00:00:00+09:00,417.0690155940269,417.0690155940269,402.62506700202596,403.2268981933594,8700,0.0,0.0
2011-04-07 00:00:00+09:00,409.2451486298532,409.2451486298532,397.2085266113281,397.2085266113281,9200,0.0,0.0
2011-04-08 00:00:00+09:00,394.8012847447608,409.2452341866423,394.8012847447608,405.6342468261719,11600,0.0,0.0
2011-04-11 00:00:00+09:00,403.8286680320457,410.4488101309317,403.22683693214697,406.2359924316406,10100,0.0,0.0
2011-04-12 00:00:00+09:00,403.8286745913394,408.0414923590583,395.4030390559016,400.81951904296875,14700,0.0,0.0
2011-04-13 00:00:00+09:00,399.0141207583722,409.24525205986896,399.0141207583722,407.43975830078125,5100,0.0,0.0
2011-04-14 00:00:00+09:00,406.83787093051643,415.2635073107342,405.63420859048534,414.0598449707031,8300,0.0,0.0
2011-04-15 00:00:00+09:00,414.05972320864896,418.27254015989973,414.05972320864896,417.0688781738281,10800,0.0,0.0
2011-04-18 00:00:00+09:00,423.08735240177873,423.6891836285238,404.4305843726818,405.6342468261719,16900,0.0,0.0
2011-04-19 00:00:00+09:00,400.21768766081993,408.6433231905214,400.21768766081993,403.82867431640625,5900,0.0,0.0
2011-04-20 00:00:00+09:00,404.43053500137665,418.87448267999724,403.8287038481008,409.8470153808594,8000,0.0,0.0
2011-04-21 00:00:00+09:00,422.4855078056994,448.3642497368178,422.4855078056994,432.11480712890625,53500,0.0,0.0
2011-04-22 00:00:00+09:00,426.09650759396857,433.9203135243663,424.8928451431381,430.309326171875,16600,0.0,0.0
2011-04-25 00:00:00+09:00,431.5129092355793,436.32755815313106,427.30009143272144,428.5037536621094,11400,0.0,0.0
2011-04-26 00:00:00+09:00,428.5035803798954,429.1054112512155,420.67977905273443,420.6797790527344,14000,0.0,0.0
2011-04-27 00:00:00+09:00,426.6981930807552,429.7073481800553,420.67988288215497,421.883544921875,13900,0.0,0.0
2011-04-28 00:00:00+09:00,422.4855078056994,442.3459376598135,421.883676597999,432.11480712890625,16400,0.0,0.0
2011-05-02 00:00:00+09:00,448.36428936107734,448.36428936107734,439.3368204477671,445.3551330566406,14300,0.0,0.0
2011-05-06 00:00:00+09:00,445.35507456461585,445.35507456461585,431.5129573822021,433.3184509277344,15200,0.0,0.0
2011-05-09 00:00:00+09:00,439.33675607923647,442.9477431155042,433.92027552483495,435.72576904296875,8100,0.0,0.0
2011-05-10 00:00:00+09:00,435.7256653587625,441.14214462427196,435.7256653587625,437.5311584472656,5400,0.0,0.0
2011-05-11 00:00:00+09:00,432.11465483648317,439.336626783611,432.11465483648317,435.1238098144531,13200,0.0,0.0
2011-05-12 00:00:00+09:00,435.1239134058459,437.53123796134156,434.52208226697195,436.32757568359375,5100,0.0,0.0
2011-05-13 00:00:00+09:00,436.32747180564104,439.336626783611,433.9201478232651,435.1238098144531,14200,0.0,0.0
2011-05-16 00:00:00+09:00,435.1239134058459,436.3275756835937,435.1239134058459,436.32757568359375,13400,0.0,0.0
2011-05-17 00:00:00+09:00,437.5311098033346,440.54026461628735,437.5311098033346,438.7347717285156,11400,0.0,0.0
2011-05-18 00:00:00+09:00,438.7348027416431,447.160436813499,438.7348027416431,444.75311279296875,5800,0.0,0.0
2011-05-19 00:00:00+09:00,443.5496392739785,446.5587955784153,443.5496392739785,445.3551330566406,4800,0.0,0.0
2011-05-20 00:00:00+09:00,448.36428936107734,448.36428936107734,445.3551330566406,445.3551330566406,5400,0.0,0.0
2011-05-23 00:00:00+09:00,446.5587955784153,447.76245810019003,444.75330179575326,445.3551330566406,5000,0.0,0.0
2011-05-24 00:00:00+09:00,445.3549620836691,446.5586241433546,442.9476379642979,443.5494689941406,5800,0.0,0.0
2011-05-25 00:00:00+09:00,442.3458251953125,443.5494873046875,435.1238525390625,439.336669921875,7300,0.0,0.0
2011-05-26 00:00:00+09:00,442.34588020179183,442.34588020179183,441.74404907226557,441.7440490722656,3200,0.0,0.0
2011-05-27 00:00:00+09:00,441.7439697929051,443.54946285745376,436.92932162077534,442.9476318359375,13200,0.0,0.0
2011-05-30 00:00:00+09:00,436.9294068224676,442.3458870723329,436.3275756835937,436.32757568359375,11500,0.0,0.0
2011-05-31 00:00:00+09:00,436.3274787211128,444.75311279296875,436.3274787211128,444.75311279296875,6100,0.0,0.0
2011-06-01 00:00:00+09:00,445.35502942920056,445.35502942920056,442.3458738249492,444.1513671875,12800,0.0,0.0
2011-06-02 00:00:00+09:00,442.3459353583571,442.3459353583571,440.54044174464957,441.14227294921875,6100,0.0,0.0
2011-06-03 00:00:00+09:00,441.14232221151997,444.75330984217356,439.93865966796875,439.93865966796875,9900,0.0,0.0
2011-06-06 00:00:00+09:00,442.3458738249492,444.7531983083503,442.3458738249492,444.1513671875,3600,0.0,0.0
2011-06-07 00:00:00+09:00,444.1512877172353,444.1512877172353,442.3457946777344,442.3457946777344,4300,0.0,0.0
2011-06-08 00:00:00+09:00,448.36409290257245,448.36409290257245,445.95676891383386,447.1604309082031,4400,0.0,0.0
2011-06-09 00:00:00+09:00,447.16058944374004,448.3642518648537,447.16058944374004,447.7624206542969,7000,0.0,0.0
2011-06-10 00:00:00+09:00,450.7713928222656,453.7805476475144,450.7713928222656,450.7713928222656,25200,0.0,0.0
2011-06-13 00:00:00+09:00,450.7715269208113,453.17885149715744,450.7715269208113,451.9751892089844,6700,0.0,0.0
2011-06-14 00:00:00+09:00,451.9753260587522,460.4009646270912,451.9753260587522,459.79913330078125,11600,0.0,0.0
2011-06-15 00:00:00+09:00,459.79897897234434,474.8447570800781,459.79897897234434,474.8447570800781,17900,0.0,0.0
2011-06-16 00:00:00+09:00,477.85393686763575,478.4557680223809,475.4466122486552,477.2521057128906,29600,0.0,0.0
2011-06-17 00:00:00+09:00,477.2520637905474,477.8538948924271,461.604455141677,467.02093505859375,14300,0.0,0.0
2011-06-20 00:00:00+09:00,471.835693359375,474.8448495670241,470.63203087631535,471.835693359375,4200,0.0,0.0
2011-06-21 00:00:00+09:00,471.83556509259995,474.2428894042969,461.60443676788793,474.2428894042969,15700,0.0,0.0
2011-06-22 00:00:00+09:00,473.0392816716975,476.65026855468756,472.4374505245325,476.6502685546875,9200,0.0,0.0
2011-06-23 00:00:00+09:00,472.43743258284076,475.4465882043875,472.43743258284076,474.8447570800781,5800,0.0,0.0
2011-06-24 00:00:00+09:00,475.44661175338246,480.2612609863281,475.44661175338246,480.2612609863281,6800,0.0,0.0
2011-06-27 00:00:00+09:00,476.0482788085938,477.8537716485758,476.0482788085938,476.04827880859375,8300,0.0,0.0
2011-06-28 00:00:00+09:00,473.6411437988281,474.8448061718874,473.0393126122985,473.6411437988281,6200,0.0,0.0
2011-06-29 00:00:00+09:00,473.6411542641803,480.8631286621093,473.6411542641803,480.8631286621094,5600,0.0,0.0
2011-06-30 00:00:00+09:00,481.46495986193673,481.46495986193673,480.2612974622819,480.8631286621094,11200,0.0,0.0
2011-07-01 00:00:00+09:00,480.2612974622819,481.46495986193673,479.6594662624545,480.8631286621094,8800,0.0,0.0
2011-07-04 00:00:00+09:00,481.46495986193673,484.47411586107387,480.2612974622819,480.8631286621094,6100,0.0,0.0
2011-07-05 00:00:00+09:00,471.83561937736744,480.8630865848426,471.83561937736744,476.6502685546875,7000,0.0,0.0
2011-07-06 00:00:00+09:00,476.65027406161886,480.2612609863281,472.43745598279145,480.2612609863281,7300,0.0,0.0
2011-07-07 00:00:00+09:00,476.0482788085938,479.6592644885578,476.0482788085938,476.04827880859375,5200,0.0,0.0
2011-07-08 00:00:00+09:00,476.6501647176622,480.8629818300658,475.44650268554693,475.4465026855469,4200,0.0,0.0
2011-07-11 00:00:00+09:00,472.43749186452544,480.8631286621093,472.43749186452544,480.8631286621094,5600,0.0,0.0
2011-07-12 00:00:00+09:00,476.65027406161886,481.4649232945645,476.04844290750066,480.2612609863281,7000,0.0,0.0
2011-07-13 00:00:00+09:00,478.4556945724104,481.46484988418655,473.64104607356853,479.0575256347656,7000,0.0,0.0
2011-07-14 00:00:00+09:00,477.85393636985526,481.4649232945645,477.85393636985526,480.2612609863281,5300,0.0,0.0
2011-07-15 00:00:00+09:00,480.2612609863281,481.4649232945645,480.2612609863281,480.2612609863281,13700,0.0,0.0
2011-07-19 00:00:00+09:00,479.05752559666627,482.0666809082031,478.45569453435894,482.0666809082031,13000,0.0,0.0
2011-07-20 00:00:00+09:00,482.06673591613776,482.66856704711915,481.4649047851563,481.46490478515625,4300,0.0,0.0
2011-07-21 00:00:00+09:00,481.46484988418655,482.0666809465418,469.4282286370819,479.0575256347656,13100,0.0,0.0
2011-07-22 00:00:00+09:00,481.46484984589574,482.6685119705105,481.46484984589574,482.0666809082031,5200,0.0,0.0
2011-07-25 00:00:00+09:00,479.65939304418396,482.6685485839843,479.65939304418396,482.6685485839844,3400,0.0,0.0
2011-07-26 00:00:00+09:00,483.87226418887866,493.50156297870706,483.27043301451437,491.09423828125,11100,0.0,0.0
2011-07-27 00:00:00+09:00,483.27038544003324,487.48320324586166,479.0575676342048,486.279541015625,10000,0.0,0.0
2011-07-28 00:00:00+09:00,478.4557069497665,483.27035557316043,460.40077461203947,474.2428894042969,13100,0.0,0.0
2011-07-29 00:00:00+09:00,476.0484493841752,480.8630986826246,475.4466182218691,477.85394287109375,9100,0.0,0.0
2011-08-01 00:00:00+09:00,483.87222930908206,486.27955383300787,481.4649047851563,481.46490478515625,6200,0.0,0.0
2011-08-02 00:00:00+09:00,482.0667164377923,496.5106629977262,482.0667164377923,494.7051696777344,19700,0.0,0.0
2011-08-03 00:00:00+09:00,476.6502257149175,485.67769211103337,475.4465635287687,478.4557189941406,12200,0.0,0.0
2011-08-04 00:00:00+09:00,476.65025573730475,483.87222930908206,476.65025573730475,481.46490478515625,6700,0.0,0.0
2011-08-05 00:00:00+09:00,478.4557189941406,478.4557189941406,474.2429013426199,478.4557189941406,10000,0.0,0.0
2011-08-08 00:00:00+09:00,471.23374626013884,475.4465639150826,468.22459079232186,472.4374084472656,10200,0.0,0.0
2011-08-09 00:00:00+09:00,466.4190611506325,467.62272324392444,446.55863661131525,456.7897644042969,13100,0.0,0.0
2011-08-10 00:00:00+09:00,462.2062072753906,468.8263482650121,457.9933902819951,462.2062072753906,5300,0.0,0.0
2011-08-11 00:00:00+09:00,461.0026178604517,469.4282531738281,461.0026178604517,469.4282531738281,5300,0.0,0.0
2011-08-12 00:00:00+09:00,478.45574913024905,481.4649047851563,465.8172953796387,481.46490478515625,11800,0.0,0.0
2011-08-15 00:00:00+09:00,481.4648011850093,484.47395619241564,481.4648011850093,483.2702941894531,25500,0.0,0.0
2011-08-16 00:00:00+09:00,487.48320324586166,487.48320324586166,481.4648920946782,486.279541015625,8800,0.0,0.0
2011-08-17 00:00:00+09:00,486.27949218749995,486.27949218749995,482.668505859375,484.4739990234375,2100,0.0,0.0
2011-08-18 00:00:00+09:00,480.2612609863281,484.47407906515554,479.6594298322099,480.2612609863281,8400,0.0,0.0
2011-08-19 00:00:00+09:00,471.2337575327428,482.6685485839843,471.2337575327428,482.6685485839844,5000,0.0,0.0
2011-08-22 00:00:00+09:00,481.4649047851563,482.66856704711915,474.24293121337894,481.46490478515625,4100,0.0,0.0
2011-08-23 00:00:00+09:00,481.4648011850093,483.8721251909344,465.21536414501526,483.2702941894531,10700,0.0,0.0
2011-08-24 00:00:00+09:00,485.07589157104496,485.07589157104496,480.86307365417485,481.46490478515625,3600,0.0,0.0
2011-08-25 00:00:00+09:00,480.2612554376776,482.6685800263376,476.65026855468756,476.6502685546875,4800,0.0,0.0
2011-08-26 00:00:00+09:00,479.65935665897365,483.2703430328179,479.65935665897365,482.0666809082031,2300,0.0,0.0
2011-08-29 00:00:00+09:00,476.5817389482161,480.2383763314505,476.5817389482161,479.6289367675781,4800,10.0,0.0
2011-08-30 00:00:00+09:00,483.89505549703495,488.1611328125,480.8478574145599,488.1611328125,2600,0.0,0.0
2011-08-31 00:00:00+09:00,479.0196339106651,483.89515181306376,476.58187495946584,477.1913146972656,5500,0.0,0.0
2011-09-01 00:00:00+09:00,487.55170582818437,487.55170582818437,477.8006717116207,480.8478698730469,6900,0.0,0.0
2011-09-02 00:00:00+09:00,483.89505549703495,488.1611328125,479.6289781815699,488.1611328125,6000,0.0,0.0
2011-09-05 00:00:00+09:00,488.16107880517154,488.16107880517154,485.1138810598209,486.94219970703125,2300,0.0,0.0
2011-09-06 00:00:00+09:00,485.72337434651996,488.1611328125,482.06673664754993,488.1611328125,5400,0.0,0.0
2011-09-07 00:00:00+09:00,487.55167873116767,487.55167873116767,483.28560154226994,485.41864013671875,3000,0.0,0.0
2011-09-08 00:00:00+09:00,487.551693196005,488.1611328125,486.94225357950995,488.1611328125,7600,0.0,0.0
2011-09-09 00:00:00+09:00,483.89500196168063,488.16107880517154,483.89500196168063,486.94219970703125,18700,0.0,0.0
2011-09-12 00:00:00+09:00,484.50453622000555,486.3328552246093,480.84789821079795,486.3328552246094,4000,0.0,0.0
2011-09-13 00:00:00+09:00,481.4573378789992,487.55173456101187,479.0195792061942,486.3328552246094,7400,0.0,0.0
2011-09-14 00:00:00+09:00,486.33274966879674,489.98938688435163,485.72331013287095,488.7705078125,13700,0.0,0.0
2011-09-15 00:00:00+09:00,489.3800156402588,491.20833450317383,486.3328175354004,487.55169677734375,24900,0.0,0.0
2011-09-16 00:00:00+09:00,487.55161468466275,487.55161468466275,421.73214670223325,469.87786865234375,134000,0.0,0.0
2011-09-20 00:00:00+09:00,435.74932519930934,446.71923828125,430.264368658339,446.71923828125,60300,0.0,0.0
2011-09-21 00:00:00+09:00,442.4531856244217,454.0325389672096,438.7965477266992,452.81365966796875,21200,0.0,0.0
2011-09-22 00:00:00+09:00,441.2342641773586,449.7664184570313,437.5776266289275,449.76641845703125,11700,0.0,0.0
2011-09-26 00:00:00+09:00,445.50031573955823,445.50031573955823,435.749282836914,443.6719970703125,16900,0.0,0.0
2011-09-27 00:00:00+09:00,441.23429930002095,454.0325317382812,440.62485966010377,454.03253173828125,13000,0.0,0.0
2011-09-28 00:00:00+09:00,446.1098295740927,472.31573486328125,446.1098295740927,472.31573486328125,18500,0.0,0.0
2011-09-29 00:00:00+09:00,469.26850103876393,478.41009521484375,465.611863368332,478.41009521484375,13800,0.0,0.0
2011-09-30 00:00:00+09:00,481.457275390625,484.5044733361353,477.80063785601266,481.457275390625,9400,0.0,0.0
2011-10-03 00:00:00+09:00,485.1140312886634,485.72347102646324,472.9252365326669,477.1913146972656,9500,0.0,0.0
2011-10-04 00:00:00+09:00,472.31573486328125,477.8006917842742,472.31573486328125,472.31573486328125,5800,0.0,0.0
2011-10-05 00:00:00+09:00,477.80066066232285,477.80066066232285,450.9853174618863,451.5947570800781,10100,0.0,0.0
2011-10-06 00:00:00+09:00,457.07966381350894,460.1268615722656,457.07966381350894,460.1268615722656,3700,0.0,0.0
2011-10-07 00:00:00+09:00,460.12679368375626,465.00230937841854,460.12679368375626,461.3456726074219,6200,0.0,0.0
2011-10-11 00:00:00+09:00,470.48738026224123,479.62897443832105,466.2213029800707,478.41009521484375,7000,0.0,0.0
2011-10-12 00:00:00+09:00,470.487415352253,486.33284643924594,470.487415352253,482.67620849609375,5600,0.0,0.0
2011-10-13 00:00:00+09:00,486.9422445045327,487.55168410966985,483.8950464788473,484.5044860839844,6500,0.0,0.0
2011-10-14 00:00:00+09:00,484.5044932419535,486.332812084376,482.0667347853902,483.2856140136719,8700,0.0,0.0
2011-10-17 00:00:00+09:00,483.2855799600519,488.77053610083436,483.2855799600519,483.89501953125,19500,0.0,0.0
2011-10-18 00:00:00+09:00,484.5043777485111,485.7232566862432,480.8477409353148,482.0666198730469,12600,0.0,0.0
2011-10-19 00:00:00+09:00,485.1138928424297,486.9422115340469,475.9722993843437,479.6289367675781,5700,0.0,0.0
2011-10-20 00:00:00+09:00,478.4101187966087,478.4101187966087,468.6590845281428,469.2685241699219,5600,0.0,0.0
2011-10-21 00:00:00+09:00,472.9251205227199,472.9251205227199,471.0968017578125,471.0968017578125,2400,0.0,0.0
2011-10-24 00:00:00+09:00,470.48747758146754,478.4101941728653,470.48747758146754,477.1913146972656,6000,0.0,0.0
2011-10-25 00:00:00+09:00,477.1912431853335,477.1912431853335,466.83076919535824,468.6590881347656,6700,0.0,0.0
2011-10-26 00:00:00+09:00,464.3929252929688,465.6118043619792,457.0796508789063,457.07965087890625,6000,0.0,0.0
2011-10-27 00:00:00+09:00,457.0796508789063,457.0796508789063,448.5474973958334,457.07965087890625,7400,0.0,0.0
2011-10-28 00:00:00+09:00,457.0797434160786,476.58181246849796,457.0797434160786,472.31573486328125,10400,0.0,0.0
2011-10-31 00:00:00+09:00,474.7533579762443,479.6288738476306,463.783447265625,463.783447265625,7000,0.0,0.0
2011-11-01 00:00:00+09:00,469.8778421048579,474.14391849232095,463.783447265625,463.783447265625,5500,0.0,0.0
2011-11-02 00:00:00+09:00,458.2985983455883,467.44019272748164,458.2985983455883,466.2213134765625,6600,0.0,0.0
2011-11-04 00:00:00+09:00,460.73632875667045,471.0968017578125,458.29857040346053,471.0968017578125,2700,0.0,0.0
2011-11-07 00:00:00+09:00,468.0496448863637,469.26852416992193,464.3930070356889,469.2685241699219,3000,0.0,0.0
2011-11-08 00:00:00+09:00,462.5645549713619,469.87782856774703,460.73623657226557,460.7362365722656,2700,0.0,0.0
2011-11-09 00:00:00+09:00,468.6590845281428,469.26852416992193,465.61188631924716,469.2685241699219,6200,0.0,0.0
2011-11-10 00:00:00+09:00,460.7362127741542,465.0022888183593,460.7362127741542,465.0022888183594,3800,0.0,0.0
2011-11-11 00:00:00+09:00,462.5646916700743,469.26852778123475,462.5646916700743,468.6590881347656,4600,0.0,0.0
2011-11-14 00:00:00+09:00,471.09684309525926,473.53460166237574,467.44020524458455,469.2685241699219,7200,0.0,0.0
2011-11-15 00:00:00+09:00,469.26840262093464,471.0967210727045,462.5645682977784,463.783447265625,15500,0.0,0.0
2011-11-16 00:00:00+09:00,460.12690829351175,466.2213044298497,460.12690829351175,462.5646667480469,1700,0.0,0.0
2011-11-17 00:00:00+09:00,460.7363568474265,467.44019272748164,457.07971909466914,466.2213134765625,2800,0.0,0.0
2011-11-18 00:00:00+09:00,465.6118918971011,466.83077119526104,457.68917645906146,463.17413330078125,3600,0.0,0.0
2011-11-21 00:00:00+09:00,454.032547156431,466.8307800292969,454.032547156431,466.8307800292969,3100,0.0,0.0
2011-11-22 00:00:00+09:00,457.68917097611865,471.09684309525926,457.68917097611865,469.2685241699219,3400,0.0,0.0
2011-11-24 00:00:00+09:00,460.12692085072064,464.3929982625816,455.2514038085938,455.25140380859375,6300,0.0,0.0
2011-11-25 00:00:00+09:00,455.25136045882647,457.07967917552855,452.20416259765625,452.20416259765625,3800,0.0,0.0
2011-11-28 00:00:00+09:00,447.9380458334218,467.4401104139245,447.9380458334218,448.5474853515625,8900,0.0,0.0
2011-11-29 00:00:00+09:00,446.719285178998,464.3930358886719,446.719285178998,464.3930358886719,5000,0.0,0.0
2011-11-30 00:00:00+09:00,457.6892922555414,457.6892922555414,444.28161658360807,449.1571350097656,8000,0.0,0.0
2011-12-01 00:00:00+09:00,454.0324410148289,454.64188053296965,447.3286063152811,448.5474853515625,9500,0.0,0.0
2011-12-02 00:00:00+09:00,448.5475392742209,454.64193518827284,447.32866009141054,449.76641845703125,6900,0.0,0.0
2011-12-05 00:00:00+09:00,450.37580740792407,451.594686453683,447.32860979352677,447.93804931640625,4900,0.0,0.0
2011-12-06 00:00:00+09:00,447.93800887747557,450.9852062167781,444.2813720703125,444.2813720703125,6700,0.0,0.0
2011-12-07 00:00:00+09:00,450.3759010694871,456.4702975656912,446.71926317176457,452.81365966796875,5300,0.0,0.0
2011-12-08 00:00:00+09:00,446.7193041414828,450.98538208007807,445.5004247304555,450.9853820800781,9100,0.0,0.0
2011-12-09 00:00:00+09:00,447.93809968281573,452.2041768226521,447.93809968281573,449.76641845703125,22900,0.0,0.0
2011-12-12 00:00:00+09:00,450.98532996292727,457.07972631377766,450.98532996292727,454.6419677734375,6100,0.0,0.0
2011-12-13 00:00:00+09:00,454.03239906542836,462.56455153108743,452.20408067993,461.3456726074219,6800,0.0,0.0
2011-12-14 00:00:00+09:00,462.56466122891044,465.6118592607215,446.10979185713103,458.298583984375,15500,0.0,0.0
2011-12-15 00:00:00+09:00,458.2985928801872,460.1269117347624,451.59475708007807,451.5947570800781,29000,0.0,0.0
2011-12-16 00:00:00+09:00,454.03244454520086,457.68908168247765,447.9380493164062,447.93804931640625,4300,0.0,0.0
2011-12-19 00:00:00+09:00,447.93803544102565,450.98523296103264,446.7191564330229,450.37579345703125,5900,0.0,0.0
2011-12-20 00:00:00+09:00,447.32860979352677,450.37580740792407,447.32860979352677,447.93804931640625,2500,0.0,0.0
2011-12-21 00:00:00+09:00,450.98538208007807,451.5948217855917,448.54762325802363,450.9853820800781,3200,0.0,0.0
2011-12-22 00:00:00+09:00,450.98532996292727,457.6891659488627,450.98532996292727,454.6419677734375,3100,0.0,0.0
2011-12-26 00:00:00+09:00,457.07967917552855,458.9079978922307,452.20416259765625,452.20416259765625,4300,0.0,0.0
2011-12-27 00:00:00+09:00,450.98524606356057,454.64188319380565,449.76636702014554,453.4230041503906,3400,0.0,0.0
2011-12-28 00:00:00+09:00,449.76636702014554,456.47020175892817,449.76636702014554,453.4230041503906,3400,0.0,0.0
2011-12-29 00:00:00+09:00,457.07973721531164,457.07973721531164,452.20422001834834,452.81365966796875,3200,0.0,0.0
2011-12-30 00:00:00+09:00,455.8608555589138,469.26852778123475,455.8608555589138,468.6590881347656,4800,0.0,0.0
2012-01-04 00:00:00+09:00,471.70625948571853,483.89505172049167,471.70625948571853,478.41009521484375,21000,0.0,0.0
2012-01-05 00:00:00+09:00,472.31567163977195,472.92511121608135,452.8136051978717,467.4401550292969,13000,0.0,0.0
2012-01-06 00:00:00+09:00,468.6590341819157,469.268473758225,462.5646384188218,467.4401550292969,2000,0.0,0.0
2012-01-10 00:00:00+09:00,469.2684291339879,471.70618720741123,469.2684291339879,469.87786865234375,7400,0.0,0.0
2012-01-11 00:00:00+09:00,469.877963811701,471.09684309525926,463.78356739390983,469.2685241699219,8600,0.0,0.0
2012-01-12 00:00:00+09:00,469.2685386717475,469.2685386717475,466.8307800292969,466.8307800292969,6300,0.0,0.0
2012-01-13 00:00:00+09:00,468.0496448863637,469.26852416992193,468.0496448863637,469.2685241699219,6000,0.0,0.0
2012-01-16 00:00:00+09:00,469.268529791581,470.48740908974094,460.12693505538135,463.17413330078125,29400,0.0,0.0
2012-01-17 00:00:00+09:00,463.7835745414098,468.0496520996094,463.7835745414098,468.0496520996094,3500,0.0,0.0
2012-01-18 00:00:00+09:00,469.26851160386036,469.8779512293199,463.17411534926475,466.2213134765625,10000,0.0,0.0
2012-01-19 00:00:00+09:00,467.44021289485113,468.65909219835794,457.6891784667969,457.6891784667969,13100,0.0,0.0
2012-01-20 00:00:00+09:00,465.6119007080715,469.2685386717475,463.1741420656209,466.8307800292969,9200,0.0,0.0
2012-01-23 00:00:00+09:00,468.6590917507807,469.2685314019521,463.1741348902384,468.0496520996094,7000,0.0,0.0
2012-01-24 00:00:00+09:00,469.2685386717475,469.87797833236016,461.9552627443956,466.8307800292969,12100,0.0,0.0
2012-01-25 00:00:00+09:00,468.6589896156321,472.9250662441229,467.4401105789204,469.87786865234375,9100,0.0,0.0
2012-01-26 00:00:00+09:00,469.2684291339879,471.0967476890554,467.4401105789204,469.87786865234375,10900,0.0,0.0
2012-01-27 00:00:00+09:00,469.8778444893256,474.7533603854535,469.2684050023096,474.1439208984375,13600,0.0,0.0
2012-01-30 00:00:00+09:00,474.1441160082665,479.62907364846495,474.1441160082665,477.1913146972656,12000,0.0,0.0
2012-01-31 00:00:00+09:00,480.84786448759195,480.84786448759195,476.58178710937506,476.581787109375,11000,0.0,0.0
2012-02-01 00:00:00+09:00,476.58167884650146,479.01943679456537,474.1439208984375,474.1439208984375,15000,0.0,0.0
2012-02-02 00:00:00+09:00,478.4101941728653,479.0196339106651,475.972435221666,477.1913146972656,7900,0.0,0.0
2012-02-03 00:00:00+09:00,477.80066636029414,479.0195456112133,476.58178710937506,476.581787109375,7800,0.0,0.0
2012-02-06 00:00:00+09:00,475.972435221666,477.80075443506547,475.36299548386614,477.1913146972656,9600,0.0,0.0
2012-02-07 00:00:00+09:00,477.8005981445313,479.62891675988027,477.8005981445313,477.80059814453125,7500,0.0,0.0
2012-02-08 00:00:00+09:00,481.4572204819587,485.72329711914057,480.23834144276384,485.7232971191406,9300,0.0,0.0
2012-02-09 00:00:00+09:00,486.9421892047226,490.5988264202774,486.9421892047226,488.7705078125,9600,0.0,0.0
2012-02-10 00:00:00+09:00,491.81777051147003,491.81777051147003,487.551693196005,488.1611328125,9400,0.0,0.0
2012-02-13 00:00:00+09:00,491.2084008728557,493.6461596861205,490.5989611695395,491.8178405761719,9900,0.0,0.0
2012-02-14 00:00:00+09:00,491.81766726785924,495.47430419921875,490.5987882907394,495.47430419921875,16400,0.0,0.0
2012-02-15 00:00:00+09:00,495.47438298593653,496.08382257140505,488.7705475457824,492.42718505859375,25400,0.0,0.0
2012-02-16 00:00:00+09:00,491.2082659562032,491.2082659562032,488.7705078125,488.7705078125,11000,0.0,0.0
2012-02-17 00:00:00+09:00,488.7705078125,490.5988264202774,488.7705078125,488.7705078125,10800,0.0,0.0
2012-02-20 00:00:00+09:00,489.3799133300781,491.2082318107633,488.7704738365164,489.3799133300781,14200,0.0,0.0
2012-02-21 00:00:00+09:00,491.2082318107633,492.4271107978868,488.7704738365164,489.3799133300781,21200,0.0,0.0
2012-02-22 00:00:00+09:00,492.42721012796505,492.42721012796505,473.5345820166198,488.1611328125,56900,0.0,0.0
2012-02-23 00:00:00+09:00,488.16117422921315,488.16117422921315,485.1139758882068,486.3328552246094,39500,0.0,0.0
2012-02-24 00:00:00+09:00,484.50445910244804,485.1138986736461,483.2855799600519,483.89501953125,203900,0.0,0.0
2012-02-27 00:00:00+09:00,482.0410461425781,483.277048824995,475.86103273049383,482.0410461425781,90000,11.0,0.0
2012-02-28 00:00:00+09:00,479.5689310811872,492.5469562779719,479.5689310811872,491.928955078125,29200,0.0,0.0
2012-02-29 00:00:00+09:00,488.83911258173544,489.4571139882863,480.18709289002334,481.423095703125,17000,0.0,0.0
2012-03-01 00:00:00+09:00,483.2769461924169,485.74895103227584,475.8609316728402,477.7149353027344,17100,0.0,0.0
2012-03-02 00:00:00+09:00,480.8049725388627,485.1309812892124,479.5689700387628,483.2769775390625,9300,0.0,0.0
2012-03-05 00:00:00+09:00,483.277048824995,484.5130515074119,482.0410461425781,482.0410461425781,6600,0.0,0.0
2012-03-06 00:00:00+09:00,480.8050334183211,483.895040059827,479.56903076171875,479.56903076171875,11400,0.0,0.0
2012-03-07 00:00:00+09:00,475.86107254028315,484.51309204101557,475.86107254028315,484.5130920410156,11400,0.0,0.0
2012-03-08 00:00:00+09:00,484.51302083333337,484.51302083333337,482.65901692708337,483.89501953125,10000,0.0,0.0
2012-03-09 00:00:00+09:00,485.1310528486203,485.1310528486203,482.0410461425781,482.0410461425781,26200,0.0,0.0
2012-03-12 00:00:00+09:00,483.27697753906256,485.1309812892124,482.65897628901257,483.2769775390625,4200,0.0,0.0
2012-03-13 00:00:00+09:00,483.2770796570846,485.7490851796272,480.18707275390625,480.18707275390625,11500,0.0,0.0
2012-03-14 00:00:00+09:00,484.5130515074119,485.74905418982877,482.0410461425781,482.0410461425781,11800,0.0,0.0
2012-03-15 00:00:00+09:00,482.0410864693778,485.7490948268345,482.0410864693778,484.5130920410156,31400,0.0,0.0
2012-03-16 00:00:00+09:00,486.366944279503,493.1649574778188,484.51294067996236,491.928955078125,31000,0.0,0.0
2012-03-19 00:00:00+09:00,490.07499175909646,491.92899551102244,488.8389892578125,488.8389892578125,7300,0.0,0.0
2012-03-21 00:00:00+09:00,491.31106626070465,491.92906760191306,482.0410461425781,482.0410461425781,13000,0.0,0.0
2012-03-22 00:00:00+09:00,491.31102497091223,491.31102497091223,483.2770082103816,490.6930236816406,9800,0.0,0.0
2012-03-23 00:00:00+09:00,487.6030678286077,493.1650800091622,487.6030678286077,490.0750732421875,7800,0.0,0.0
2012-03-26 00:00:00+09:00,493.78308136255714,494.4010827159521,490.0750732421875,490.0750732421875,16500,0.0,0.0
2012-03-27 00:00:00+09:00,494.4011019483025,500.58111572265625,493.16509919343173,500.58111572265625,22100,0.0,0.0
2012-03-28 00:00:00+09:00,497.4910070785465,499.3450108316342,492.5469970703125,492.5469970703125,12800,0.0,0.0
2012-03-29 00:00:00+09:00,492.5470277014796,499.34504188556525,492.5470277014796,498.1090393066406,8200,0.0,0.0
2012-03-30 00:00:00+09:00,498.7270405580514,499.96304313688177,495.0190328215603,496.2550354003906,4800,0.0,0.0
2012-04-02 00:00:00+09:00,486.9850976126534,490.0751045772007,484.51309204101557,484.5130920410156,27400,0.0,0.0
2012-04-03 00:00:00+09:00,490.6930238330926,498.10903930664057,489.4570212541679,498.1090393066406,12400,0.0,0.0
2012-04-04 00:00:00+09:00,498.10899855335305,499.96300227005287,496.2549948366532,497.4909973144531,17200,0.0,0.0
2012-04-05 00:00:00+09:00,493.78314095676535,499.34515380859375,491.92913667282255,499.34515380859375,8900,0.0,0.0
2012-04-06 00:00:00+09:00,494.40110217239777,498.72711181640625,494.40110217239777,498.72711181640625,8300,0.0,0.0
2012-04-09 00:00:00+09:00,500.58093697684154,525.9189844040644,500.58093697684154,519.1209716796875,71900,0.0,0.0
2012-04-10 00:00:00+09:00,521.593119646555,534.5711475050593,507.9970904614552,512.9411010742188,53500,0.0,0.0
2012-04-11 00:00:00+09:00,503.67112283813026,504.90712559356126,488.2210883952428,498.72711181640625,69000,0.0,0.0
2012-04-12 00:00:00+09:00,499.9631324209371,516.6491702149609,496.25512402226514,514.795166015625,39800,0.0,0.0
2012-04-13 00:00:00+09:00,516.6490296888517,538.2790727978347,516.6490296888517,535.8070678710938,37300,0.0,0.0
2012-04-16 00:00:00+09:00,537.6610512447796,540.133056078089,535.1890464114704,536.425048828125,39600,0.0,0.0
2012-04-17 00:00:00+09:00,527.155191677454,534.5712084419669,511.70515675138563,529.627197265625,54100,0.0,0.0
2012-04-18 00:00:00+09:00,536.4251108660494,565.4711710166304,535.8071095862498,564.2351684570312,60900,0.0,0.0
2012-04-19 00:00:00+09:00,554.9651282149754,559.9091382658884,546.9311118822419,550.0211181640625,26400,0.0,0.0
2012-04-20 00:00:00+09:00,550.6392002612089,562.3812258560046,547.5491935257363,558.6732177734375,15900,0.0,0.0
2012-04-23 00:00:00+09:00,527.155151224582,540.1331795665706,527.155151224582,529.0091552734375,73800,0.0,0.0
2012-04-24 00:00:00+09:00,520.3571566729478,533.3351855210855,520.3571566729478,526.5371704101562,44200,0.0,0.0
2012-04-25 00:00:00+09:00,527.1550083520277,528.3910107162764,522.8290000771576,524.0650024414062,71600,0.0,0.0
2012-04-26 00:00:00+09:00,520.9751377283969,533.9531660703855,520.9751377283969,529.0091552734375,283400,0.0,0.0
2012-04-27 00:00:00+09:00,525.9191681897199,538.2791956442373,525.9191681897199,533.9531860351562,96400,0.0,0.0
2012-05-01 00:00:00+09:00,535.1891276041667,540.1331380208334,528.39111328125,528.39111328125,44500,0.0,0.0
2012-05-02 00:00:00+09:00,529.0091145833334,531.4811197916667,525.3011067708334,528.39111328125,24500,0.0,0.0
2012-05-07 00:00:00+09:00,523.4470627895621,532.717081611101,520.3570565157158,531.4810791015625,35600,0.0,0.0
2012-05-08 00:00:00+09:00,532.09912109375,532.7171223958334,521.5930989583334,532.09912109375,31100,0.0,0.0
2012-05-09 00:00:00+09:00,529.0090118984006,529.0090118984006,521.592997712909,524.0650024414062,23900,0.0,0.0
2012-05-10 00:00:00+09:00,520.9749751499721,523.4469797770182,516.6489670526414,519.1209716796875,20900,0.0,0.0
2012-05-11 00:00:00+09:00,519.7390337252418,522.2110386418898,517.2670288085938,517.2670288085938,33200,0.0,0.0
2012-05-14 00:00:00+09:00,517.8850911458334,529.6271158854167,517.8850911458334,528.39111328125,77800,0.0,0.0
2012-05-15 00:00:00+09:00,528.3911944715395,530.2451986626677,525.3011874863258,529.627197265625,68900,0.0,0.0
2012-05-16 00:00:00+09:00,529.0092767753201,542.6053095896391,520.9752573850408,530.86328125,31900,0.0,0.0
2012-05-17 00:00:00+09:00,531.4813001704789,540.1333213360449,530.8632986586528,539.5153198242188,38100,0.0,0.0
2012-05-18 00:00:00+09:00,533.3350631538478,537.6610717773438,530.8630582261359,537.6610717773438,36700,0.0,0.0
2012-05-21 00:00:00+09:00,533.3350631538478,541.3690791689116,533.3350631538478,537.6610717773438,14800,0.0,0.0
2012-05-22 00:00:00+09:00,540.7512394462045,552.4932663598935,538.2792337801648,549.4032592773438,34100,0.0,0.0
2012-05-23 00:00:00+09:00,556.2011923795318,558.0551963541302,547.5491738314057,551.8751831054688,45800,0.0,0.0
2012-05-24 00:00:00+09:00,550.0212993748701,557.4373168945312,546.9312920750112,557.4373168945312,18700,0.0,0.0
2012-05-25 00:00:00+09:00,557.437234255183,569.1792602539062,556.819232886829,569.1792602539062,40400,0.0,0.0
2012-05-28 00:00:00+09:00,574.7412527978947,597.6073026403916,558.6732177734375,558.6732177734375,52900,0.0,0.0
2012-05-29 00:00:00+09:00,553.1111084620159,593.2811889648438,539.5150812149049,593.2811889648438,65300,0.0,0.0
2012-05-30 00:00:00+09:00,574.7413096895796,592.0453491210938,568.5612956068959,592.0453491210938,42200,0.0,0.0
2012-05-31 00:00:00+09:00,574.12322940587,592.663269106813,573.5052280825053,590.8092651367188,26800,0.0,0.0
2012-06-01 00:00:00+09:00,581.5392659938082,587.1012781021443,575.3592525401014,580.9212646484375,25400,0.0,0.0
2012-06-04 00:00:00+09:00,568.5611779407351,582.1572061088831,560.5271612959203,579.0671997070312,33600,0.0,0.0
2012-06-05 00:00:00+09:00,569.797141901652,593.2811889648438,569.797141901652,593.2811889648438,36400,0.0,0.0
2012-06-06 00:00:00+09:00,593.2812103828601,609.3492431640625,589.5732028179672,609.3492431640625,28200,0.0,0.0
2012-06-07 00:00:00+09:00,613.0573116491337,627.2713420603535,611.8213090046797,624.1813354492188,43300,0.0,0.0
2012-06-08 00:00:00+09:00,623.5633975904815,623.5633975904815,599.4613435706314,605.641357421875,34400,0.0,0.0
2012-06-11 00:00:00+09:00,603.7872310669954,605.6412348471397,598.2252197265625,598.2252197265625,14200,0.0,0.0
2012-06-12 00:00:00+09:00,588.9551219355109,605.0231525444545,584.6291136946414,604.4051513671875,13900,0.0,0.0
2012-06-13 00:00:00+09:00,595.7531548366331,604.4051716081195,592.6631488468166,603.7871704101562,13200,0.0,0.0
2012-06-14 00:00:00+09:00,602.5512491443787,603.7872517067261,593.8992312079466,601.3152465820312,11100,0.0,0.0
2012-06-15 00:00:00+09:00,601.3152669270834,603.7872721354167,575.3592122395834,578.44921875,43600,0.0,0.0
2012-06-18 00:00:00+09:00,577.8312983092288,587.1013191377192,569.1792788693045,581.539306640625,19500,0.0,0.0
2012-06-19 00:00:00+09:00,578.44921875,584.01123046875,569.17919921875,576.59521484375,7700,0.0,0.0
2012-06-20 00:00:00+09:00,579.067301606367,580.303304384609,576.595296049883,577.831298828125,5500,0.0,0.0
2012-06-21 00:00:00+09:00,576.5951937057393,579.0671988234488,543.8411258960886,554.9651489257812,40100,0.0,0.0
2012-06-22 00:00:00+09:00,550.0211588541667,569.17919921875,528.39111328125,528.39111328125,37800,0.0,0.0
2012-06-25 00:00:00+09:00,546.9311317426389,546.9311317426389,540.1331176757812,540.1331176757812,16500,0.0,0.0
2012-06-26 00:00:00+09:00,542.6051030876931,551.8751219331549,530.2450779604109,550.0211181640625,23000,0.0,0.0
2012-06-27 00:00:00+09:00,559.2913193984417,564.8533325195312,549.4032960720605,564.8533325195312,18400,0.0,0.0
2012-06-28 00:00:00+09:00,570.4151615257427,584.01118921108,567.9431564920451,575.9771728515625,29000,0.0,0.0
2012-06-29 00:00:00+09:00,569.17919921875,571.6512044270834,553.1111653645834,554.34716796875,46500,0.0,0.0
2012-07-02 00:00:00+09:00,560.5273056717607,568.5613243859094,548.7852783203125,548.7852783203125,40200,0.0,0.0
2012-07-03 00:00:00+09:00,553.1110837106747,561.1450994517236,550.0210776564252,551.257080078125,33600,0.0,0.0
2012-07-04 00:00:00+09:00,554.3472706094234,554.3472706094234,545.0772493617741,549.4032592773438,22000,0.0,0.0
2012-07-05 00:00:00+09:00,548.7851356497648,552.493143323074,540.7511190242616,541.9871215820312,14100,0.0,0.0
2012-07-06 00:00:00+09:00,542.6051228609161,546.9311318131103,541.9871215820312,541.9871215820312,10200,0.0,0.0
2012-07-09 00:00:00+09:00,541.9871622489634,545.6951702004957,533.3351436953882,542.6051635742188,12000,0.0,0.0
2012-07-10 00:00:00+09:00,546.3131305342254,546.3131305342254,541.9871215820312,541.9871215820312,8300,0.0,0.0
2012-07-11 00:00:00+09:00,541.3692401907298,553.1112670898438,541.3692401907298,553.1112670898438,9400,0.0,0.0
2012-07-12 00:00:00+09:00,549.4032603177158,549.4032603177158,539.5152376348323,543.8412475585938,15700,0.0,0.0
2012-07-13 00:00:00+09:00,543.8412672139831,549.403280174126,543.8412672139831,546.9312744140625,8000,0.0,0.0
2012-07-17 00:00:00+09:00,544.4592293555584,545.6952321463768,535.8072098198287,538.897216796875,23300,0.0,0.0
2012-07-18 00:00:00+09:00,543.2230618339054,543.2230618339054,532.0990400898663,534.571044921875,8800,0.0,0.0
2012-07-19 00:00:00+09:00,537.6613152887403,540.7513228478709,537.0433137769141,539.5153198242188,4300,0.0,0.0
2012-07-20 00:00:00+09:00,533.9531660703855,538.279175517715,527.7731525742005,529.0091552734375,6900,0.0,0.0
2012-07-23 00:00:00+09:00,532.7171431501941,534.5711471286751,522.2111206054688,522.2111206054688,8700,0.0,0.0
2012-07-24 00:00:00+09:00,519.1211247098619,522.8291327435037,506.76109793105564,511.7051086425781,12100,0.0,0.0
2012-07-25 00:00:00+09:00,511.7053016506144,514.7953095108235,507.37929064632175,512.3233032226562,6300,0.0,0.0
2012-07-26 00:00:00+09:00,516.0310668945312,521.5930783939933,508.61505156191527,516.0310668945312,8500,0.0,0.0
2012-07-27 00:00:00+09:00,524.0651245839497,525.9191285624306,509.85109408226236,522.2111206054688,7600,0.0,0.0
2012-07-30 00:00:00+09:00,511.7052424733232,514.7952499761815,501.81721846417685,506.76123046875,14800,0.0,0.0
2012-07-31 00:00:00+09:00,505.5250651041667,510.46907552083337,500.58105468750006,509.85107421875,10100,0.0,0.0
2012-08-01 00:00:00+09:00,507.37917314562713,509.8511788613184,495.63714599609375,495.63714599609375,15900,0.0,0.0
2012-08-02 00:00:00+09:00,496.25514742501656,496.87314885393937,493.7831417093253,495.63714599609375,17700,0.0,0.0
2012-08-03 00:00:00+09:00,486.3669738769532,490.692982539137,485.74897263949833,486.3669738769531,16000,0.0,0.0
2012-08-06 00:00:00+09:00,491.31102497091223,495.01903270654174,488.83901981382587,490.6930236816406,10100,0.0,0.0
2012-08-07 00:00:00+09:00,486.984975114408,488.22097758931767,486.3669738769532,486.3669738769531,9500,0.0,0.0
2012-08-08 00:00:00+09:00,488.8389892578125,492.5469967616644,488.8389892578125,488.8389892578125,7700,0.0,0.0
2012-08-09 00:00:00+09:00,491.92903645833337,494.4010416666667,491.92903645833337,493.1650390625,10200,0.0,0.0
2012-08-10 00:00:00+09:00,493.78314095676535,499.34515380859375,493.78314095676535,499.34515380859375,10300,0.0,0.0
2012-08-13 00:00:00+09:00,502.4351806640625,503.05318211629384,500.58117630736854,502.4351806640625,7600,0.0,0.0
2012-08-14 00:00:00+09:00,506.7610575481977,512.9410704451269,504.9070536791189,507.3790588378906,19600,0.0,0.0
2012-08-15 00:00:00+09:00,512.941060433021,520.3570757645828,512.941060433021,514.1770629882812,21700,0.0,0.0
2012-08-16 00:00:00+09:00,513.5591430664062,517.2671513195933,511.7051389398127,513.5591430664062,6600,0.0,0.0
2012-08-17 00:00:00+09:00,517.8853173710324,518.5033189430743,509.85129693448897,512.3233032226562,10000,0.0,0.0
2012-08-20 00:00:00+09:00,512.9411014486675,512.9411014486675,503.67108154296875,503.67108154296875,8700,0.0,0.0
2012-08-21 00:00:00+09:00,508.61509215934143,508.61509215934143,502.4350788888755,503.67108154296875,9400,0.0,0.0
2012-08-22 00:00:00+09:00,505.525146484375,505.525146484375,491.92911564983194,505.525146484375,11600,0.0,0.0
2012-08-23 00:00:00+09:00,504.9069514918972,505.52495265651396,497.49093751649605,503.0529479980469,9200,0.0,0.0
2012-08-24 00:00:00+09:00,498.10903934436317,501.817047081418,496.8730367653449,499.9630432128906,5700,0.0,0.0
2012-08-27 00:00:00+09:00,498.72711181640625,501.8171187049837,496.8731076832598,498.72711181640625,5800,0.0,0.0
2012-08-28 00:00:00+09:00,499.345041809082,504.2890521240234,492.54702762603756,494.4010314941406,13200,0.0,0.0
2012-08-29 00:00:00+09:00,494.7141431892443,502.22878840224547,494.7141431892443,497.8452453613281,7800,10.5,0.0
2012-08-30 00:00:00+09:00,497.84527259660587,500.35015447130576,489.0781860351562,489.07818603515625,6200,0.0,0.0
2012-08-31 00:00:00+09:00,490.33071945946585,494.08804298022807,490.33071945946585,492.8356018066406,6300,0.0,0.0
2012-09-03 00:00:00+09:00,509.7434690130593,516.6318942699926,504.1074847119321,509.11724853515625,38600,0.0,0.0
2012-09-04 00:00:00+09:00,518.5105612670608,526.0252070825254,513.5007973900844,524.7727661132812,22100,0.0,0.0
2012-09-05 00:00:00+09:00,524.7728287300317,532.2874754421563,521.0155053739694,531.6612548828125,17400,0.0,0.0
2012-09-06 00:00:00+09:00,531.6613148202141,532.2875354501555,517.2582403315629,522.2680053710938,23700,0.0,0.0
2012-09-07 00:00:00+09:00,522.2678886298112,538.5496213688701,522.2678886298112,537.9234008789062,17900,0.0,0.0
2012-09-10 00:00:00+09:00,538.5495619580925,541.6806640625,537.2971211163294,541.6806640625,10500,0.0,0.0
2012-09-11 00:00:00+09:00,541.6806634967048,543.559324757387,540.42822265625,540.42822265625,23700,0.0,0.0
2012-09-12 00:00:00+09:00,540.4280949850643,543.5591963465073,527.2774692670037,532.2872314453125,21100,0.0,0.0
2012-09-13 00:00:00+09:00,532.2872994960039,544.8117065429688,532.2872994960039,544.8117065429688,15100,0.0,0.0
2012-09-14 00:00:00+09:00,549.8215326457263,554.2050756167059,547.9428713724493,548.569091796875,28300,0.0,0.0
2012-09-18 00:00:00+09:00,548.5690920752565,550.4477533494869,547.3166512257696,549.1953125,24100,0.0,0.0
2012-09-19 00:00:00+09:00,549.1952559224676,557.9623409656997,547.9428152020058,557.3361206054688,11400,0.0,0.0
2012-09-20 00:00:00+09:00,556.7100162373341,557.3362367280398,539.8020629882812,539.8020629882812,28800,0.0,0.0
2012-09-21 00:00:00+09:00,541.0545659922235,544.8118893671696,538.5496837422595,543.5594482421875,11700,0.0,0.0
2012-09-24 00:00:00+09:00,539.8020629882812,539.8020629882812,537.9234015161642,539.8020629882812,8300,0.0,0.0
2012-09-25 00:00:00+09:00,539.802000241859,539.802000241859,532.9135756448051,536.044677734375,14600,0.0,0.0
2012-09-26 00:00:00+09:00,534.7922371827595,537.2971188557467,532.2873555097724,536.6708984375,11100,0.0,0.0
2012-09-27 00:00:00+09:00,529.7825315215883,531.6611929808848,527.2776495758599,529.1563110351562,13000,0.0,0.0
2012-09-28 00:00:00+09:00,526.6515474841369,528.5302093657688,503.48138427734375,503.48138427734375,37700,0.0,0.0
2012-10-01 00:00:00+09:00,507.23837033858206,507.23837033858206,500.3499480253421,504.1072692871094,24100,0.0,0.0
2012-10-02 00:00:00+09:00,504.1075138058952,505.986175348029,503.48129329185065,505.3599548339844,12900,0.0,0.0
2012-10-03 00:00:00+09:00,505.35992408922823,507.2385855170692,502.2288217094932,504.73370361328125,20000,0.0,0.0
2012-10-04 00:00:00+09:00,504.1074831373342,508.49102646896324,504.1074831373342,504.73370361328125,10400,0.0,0.0
2012-10-05 00:00:00+09:00,519.762936174069,521.015376984127,506.61230766846,512.87451171875,49500,0.0,0.0
2012-10-09 00:00:00+09:00,516.6318405822682,530.4086896644619,516.6318405822682,526.6513671875,47700,0.0,0.0
2012-10-10 00:00:00+09:00,533.539798312717,544.811765882704,530.4086962099428,541.054443359375,183900,0.0,0.0
2012-10-11 00:00:00+09:00,544.1855599064713,578.6276839511847,543.5593394692947,574.870361328125,119000,0.0,0.0
2012-10-12 00:00:00+09:00,585.5162334959878,599.9193066194184,576.7491455078125,576.7491455078125,139100,0.0,0.0
2012-10-15 00:00:00+09:00,576.7490210282175,579.8801232053522,557.3361875299822,571.113037109375,71200,0.0,0.0
2012-10-16 00:00:00+09:00,573.6178499714713,573.6178499714713,554.8312391645453,557.3361206054688,22500,0.0,0.0
2012-10-17 00:00:00+09:00,559.2147796078506,559.2147796078506,549.1952538813941,553.5787963867188,19500,0.0,0.0
2012-10-18 00:00:00+09:00,554.8313596563825,556.0838006488348,551.0740366790254,554.2051391601562,23800,0.0,0.0
2012-10-19 00:00:00+09:00,550.4478153570826,555.4575793193769,544.8118308995016,551.7002563476562,29700,0.0,0.0
2012-10-22 00:00:00+09:00,547.9429923212296,551.7003156971465,531.6612576922558,544.1856689453125,34200,0.0,0.0
2012-10-23 00:00:00+09:00,546.690430523598,549.1953122213007,545.4379896747467,548.569091796875,10500,0.0,0.0
2012-10-24 00:00:00+09:00,548.569091796875,549.1953122213007,546.0642100991723,548.569091796875,19400,0.0,0.0
2012-10-25 00:00:00+09:00,549.1953768158813,559.2149047851562,546.6904948235626,559.2149047851562,30300,0.0,0.0
2012-10-26 00:00:00+09:00,568.6081636073226,591.152099609375,563.5984000513109,591.152099609375,68900,0.0,0.0
2012-10-29 00:00:00+09:00,572.3654839989973,590.5258768173462,569.8606022309492,585.51611328125,37000,0.0,0.0
2012-10-30 00:00:00+09:00,576.1227449806787,588.6471524802587,576.1227449806787,582.3849487304688,34200,0.0,0.0
2012-10-31 00:00:00+09:00,582.3850133863546,594.9094222763837,581.7587929418531,591.152099609375,40200,0.0,0.0
2012-11-01 00:00:00+09:00,597.4143101715845,608.6862782880295,593.6569874661028,606.181396484375,28700,0.0,0.0
2012-11-02 00:00:00+09:00,613.6959816912096,613.6959816912096,603.0502350700355,609.3124389648438,21900,0.0,0.0
2012-11-05 00:00:00+09:00,604.9290758715514,604.9290758715514,596.7882083908784,598.6668701171875,4800,0.0,0.0
2012-11-06 00:00:00+09:00,592.4044844309489,606.1813329060872,589.8996028900146,601.1715698242188,14200,0.0,0.0
2012-11-07 00:00:00+09:00,604.9290740383658,604.9290740383658,588.6473391263602,589.8997802734375,21700,0.0,0.0
2012-11-08 00:00:00+09:00,588.0209232431598,588.0209232431598,564.2245493525953,566.1032104492188,33200,0.0,0.0
2012-11-09 00:00:00+09:00,569.8606567382812,576.1228617573832,565.4771132249099,569.8606567382812,21800,0.0,0.0
2012-11-12 00:00:00+09:00,567.9819316948784,570.486813422309,563.598388671875,563.598388671875,19900,0.0,0.0
2012-11-13 00:00:00+09:00,568.6081513029543,568.6081513029543,560.4672857005992,561.7197265625,17900,0.0,0.0
2012-11-14 00:00:00+09:00,564.2246704101562,570.4868754091591,559.214906410954,564.2246704101562,19600,0.0,0.0
2012-11-15 00:00:00+09:00,564.8509546667176,577.3753660783965,564.8509546667176,576.7491455078125,26300,0.0,0.0
2012-11-16 00:00:00+09:00,583.011351213652,585.5162334959878,572.9918220843089,576.7491455078125,39800,0.0,0.0
2012-11-19 00:00:00+09:00,574.244141948973,581.7587872089377,574.244141948973,577.375244140625,11900,0.0,0.0
2012-11-20 00:00:00+09:00,586.7686141458599,586.7686141458599,577.375306555478,581.7588500976562,11100,0.0,0.0
2012-11-21 00:00:00+09:00,588.0209321052797,588.0209321052797,578.6276264805947,582.3849487304688,10900,0.0,0.0
2012-11-22 00:00:00+09:00,579.8801803674687,586.7686058361967,556.0838014754992,556.7100219726562,26800,0.0,0.0
2012-11-26 00:00:00+09:00,566.1032698531459,572.9916945969342,559.841065540611,562.345947265625,25200,0.0,0.0
2012-11-27 00:00:00+09:00,571.7392564681134,576.1227995078469,561.0935090859031,568.608154296875,31000,0.0,0.0
2012-11-28 00:00:00+09:00,564.2246104540745,571.1130352209944,564.2246104540745,566.7294921875,12700,0.0,0.0
2012-11-29 00:00:00+09:00,568.608336996345,572.9918814445547,564.8510131835938,564.8510131835938,14200,0.0,0.0
2012-11-30 00:00:00+09:00,564.8508295355903,572.9916951497396,561.7197273763021,563.598388671875,26100,0.0,0.0
2012-12-03 00:00:00+09:00,564.2246085593854,564.2246085593854,562.345947265625,562.345947265625,27000,0.0,0.0
2012-12-04 00:00:00+09:00,562.3460076870199,563.5984486840957,560.4673461914062,560.4673461914062,16700,0.0,0.0
2012-12-05 00:00:00+09:00,559.2148469872237,566.7294921875,558.5886265538674,566.7294921875,10700,0.0,0.0
2012-12-06 00:00:00+09:00,567.3558959960938,568.6083372676082,565.4772340888219,567.3558959960938,17600,0.0,0.0
2012-12-07 00:00:00+09:00,569.2344331709367,569.2344331709367,560.4673461914062,560.4673461914062,14300,0.0,0.0
2012-12-10 00:00:00+09:00,566.7294883513958,566.7294883513958,556.0837410563972,557.96240234375,26900,0.0,0.0
2012-12-11 00:00:00+09:00,557.3363646086272,559.2150265118023,555.457702705452,556.0839233398438,14100,0.0,0.0
2012-12-12 00:00:00+09:00,557.3362405950373,557.3362405950373,551.0740356445312,551.0740356445312,25900,0.0,0.0
2012-12-13 00:00:00+09:00,554.2051383288034,559.2149022910976,551.7002563476562,551.7002563476562,16300,0.0,0.0
2012-12-14 00:00:00+09:00,551.0740368845231,557.9624623455796,551.0740368845231,554.8313598632812,39700,0.0,0.0
2012-12-17 00:00:00+09:00,548.5692128838824,552.3265362597994,544.1856689453125,544.1856689453125,47800,0.0,0.0
2012-12-18 00:00:00+09:00,547.9429314989562,554.2051364303729,546.0642700195312,546.0642700195312,19100,0.0,0.0
2012-12-19 00:00:00+09:00,546.0643324387046,552.3265380859375,546.0643324387046,552.3265380859375,32700,0.0,0.0
2012-12-20 00:00:00+09:00,551.0739100664512,552.3263507711476,544.8117065429688,544.8117065429688,30100,0.0,0.0
2012-12-21 00:00:00+09:00,546.0643306332711,552.3265362597994,544.1856689453125,544.1856689453125,26800,0.0,0.0
2012-12-25 00:00:00+09:00,551.7003175212142,552.3265380859375,548.5692146975978,552.3265380859375,19500,0.0,0.0
2012-12-26 00:00:00+09:00,551.0739776234567,559.2148432019851,549.8215367652216,557.96240234375,27200,0.0,0.0
2012-12-27 00:00:00+09:00,559.8412471461941,561.7199090493692,555.457702705452,556.0839233398438,32300,0.0,0.0
2012-12-28 00:00:00+09:00,556.7100213526603,558.5886828420394,554.2051393668215,554.8313598632812,19800,0.0,0.0
2013-01-04 00:00:00+09:00,561.0935662793953,564.8508892678734,557.962463788997,559.2149047851562,40200,0.0,0.0
2013-01-07 00:00:00+09:00,574.8702972714264,575.4965176388245,563.5983306582611,569.2343139648438,62000,0.0,0.0
2013-01-08 00:00:00+09:00,574.2441460908349,588.0209958334722,572.3654847622935,587.394775390625,64400,0.0,0.0
2013-01-09 00:00:00+09:00,614.3223303186071,634.3613869650857,613.0698892782023,626.8467407226562,184100,0.0,0.0
2013-01-10 00:00:00+09:00,626.8467392474863,627.472959766215,614.3223288729112,621.8369750976562,72400,0.0,0.0
2013-01-11 00:00:00+09:00,627.4729614257812,629.3516229869363,621.8369767423161,627.4729614257812,48300,0.0,0.0
2013-01-15 00:00:00+09:00,627.4728444467232,650.0167789777432,627.4728444467232,638.1185913085938,63700,0.0,0.0
2013-01-16 00:00:00+09:00,644.3808596120297,647.511961942506,638.118654951077,645.007080078125,43100,0.0,0.0
2013-01-17 00:00:00+09:00,645.0071371169316,645.0071371169316,626.2205214727492,631.2302856445312,34500,0.0,0.0
2013-01-18 00:00:00+09:00,632.4826094464557,641.8759155273438,632.4826094464557,641.8759155273438,21700,0.0,0.0
2013-01-21 00:00:00+09:00,641.8759155273438,644.3807971489139,639.9972543111661,641.8759155273438,21700,0.0,0.0
2013-01-22 00:00:00+09:00,641.2496942270059,643.1283554405616,638.7448126089316,639.9972534179688,16700,0.0,0.0
2013-01-23 00:00:00+09:00,639.9973747688099,640.623595292067,637.4924926757812,637.4924926757812,18100,0.0,0.0
2013-01-24 00:00:00+09:00,635.6136474609375,636.8660881455896,634.9874271186115,635.6136474609375,15000,0.0,0.0
2013-01-25 00:00:00+09:00,636.239994019501,647.5119624174843,636.239994019501,646.259521484375,32500,0.0,0.0
2013-01-28 00:00:00+09:00,648.1381828840389,649.3906238171481,639.9973168188287,646.259521484375,26700,0.0,0.0
2013-01-29 00:00:00+09:00,645.0070803149248,647.5119621802255,644.3808598485996,645.63330078125,13800,0.0,0.0
2013-01-30 00:00:00+09:00,648.7642268880209,660.662412516276,647.511786295573,657.5313110351562,28000,0.0,0.0
2013-01-31 00:00:00+09:00,658.1576572536637,674.4393880705954,658.1576572536637,665.6723022460938,29600,0.0,0.0
2013-02-01 00:00:00+09:00,668.8035285152606,673.8132927738019,666.29864638599,671.3084106445312,19900,0.0,0.0
2013-02-04 00:00:00+09:00,673.1870722414842,675.0657338384372,668.8035285152606,671.3084106445312,24600,0.0,0.0
2013-02-05 00:00:00+09:00,670.0559061321866,671.9345675512488,664.419921875,664.419921875,27800,0.0,0.0
2013-02-06 00:00:00+09:00,665.6723646515435,671.934569398971,663.1674827525725,669.4296875,25000,0.0,0.0
2013-02-07 00:00:00+09:00,669.42974801985,672.5608506766314,667.5510864257812,667.5510864257812,21300,0.0,0.0
2013-02-08 00:00:00+09:00,666.9246822730042,671.3082247855968,665.6722415551208,666.2984619140625,21000,0.0,0.0
2013-02-12 00:00:00+09:00,665.0460222238901,671.9344461828946,665.0460222238901,668.1771240234375,24000,0.0,0.0
2013-02-13 00:00:00+09:00,666.2985830630896,668.1772444815006,663.793701171875,663.793701171875,20500,0.0,0.0
2013-02-14 00:00:00+09:00,658.1577098661255,663.793694060983,643.1284186798391,645.007080078125,49100,0.0,0.0
2013-02-15 00:00:00+09:00,645.0072000998736,648.1383030129798,624.968141455994,634.3614501953125,57300,0.0,0.0
2013-02-18 00:00:00+09:00,626.2204660952669,645.007080078125,625.5942456291717,645.007080078125,45200,0.0,0.0
2013-02-19 00:00:00+09:00,645.0070157486276,645.0070157486276,638.1185913085938,638.1185913085938,39600,0.0,0.0
2013-02-20 00:00:00+09:00,643.1283644687982,663.7936381080099,642.5021440554888,659.4100952148438,44700,0.0,0.0
2013-02-21 00:00:00+09:00,658.1577129711469,659.4101539092461,653.14794921875,653.14794921875,27500,0.0,0.0
2013-02-22 00:00:00+09:00,653.7741080072497,657.5314304670615,648.7643447275007,651.8954467773438,47700,0.0,0.0
2013-02-25 00:00:00+09:00,656.9053307321749,656.9053307321749,643.7546997070312,643.7546997070312,390700,0.0,0.0
2013-02-26 00:00:00+09:00,642.8047524537558,652.304330076225,637.1050058802741,651.0377197265625,131300,11.5,0.0
2013-02-27 00:00:00+09:00,647.2378405969862,647.871145724772,630.1386021467723,631.4052124023438,51600,0.0,0.0
2013-02-28 00:00:00+09:00,629.5051418930736,639.6380214406483,629.5051418930736,636.4714965820312,38900,0.0,0.0
2013-03-01 00:00:00+09:00,637.7382092191075,659.903886798719,637.7382092191075,657.3706665039062,50600,0.0,0.0
2013-03-04 00:00:00+09:00,658.6373975800304,677.0032480894737,658.6373975800304,675.1033325195312,60100,0.0,0.0
2013-03-05 00:00:00+09:00,677.6364567594708,682.0695924578972,649.1377272695864,671.3034057617188,65200,0.0,0.0
2013-03-06 00:00:00+09:00,672.56993779921,674.4698528777388,670.0367176945049,673.8365478515625,18800,0.0,0.0
2013-03-07 00:00:00+09:00,673.8365478515625,681.436208165678,671.3033277468575,673.8365478515625,60000,0.0,0.0
2013-03-08 00:00:00+09:00,680.8029290183055,680.8029290183055,668.7701330635633,670.0367431640625,47400,0.0,0.0
2013-03-11 00:00:00+09:00,673.8365351525891,682.0695003377241,671.3033150956245,675.7364501953125,26400,0.0,0.0
2013-03-12 00:00:00+09:00,677.636478659101,677.636478659101,668.1369018554688,668.1369018554688,19500,0.0,0.0
2013-03-13 00:00:00+09:00,674.4699948878496,756.1663604658145,671.9367742497732,741.600341796875,125800,0.0,0.0
2013-03-14 00:00:00+09:00,742.233361422631,789.0979251984627,740.9667515908518,785.298095703125,108900,0.0,0.0
2013-03-15 00:00:00+09:00,785.2983921315167,801.1310210051361,770.732373567787,786.5650024414062,78100,0.0,0.0
2013-03-18 00:00:00+09:00,778.9653063424026,801.7642909182779,772.6322550713262,800.4976806640625,48300,0.0,0.0
2013-03-19 00:00:00+09:00,797.9644465042372,800.4976669693301,778.9652930160412,784.6650390625,45800,0.0,0.0
2013-03-21 00:00:00+09:00,784.6650823297509,806.8307626215518,783.3984720273622,804.9308471679688,46300,0.0,0.0
2013-03-22 00:00:00+09:00,800.4978398407053,820.1303026848998,799.2312293346282,812.5306396484375,46100,0.0,0.0
2013-03-25 00:00:00+09:00,793.5313415527345,818.8635471888952,792.2647312709264,815.697021484375,45900,0.0,0.0
2013-03-26 00:00:00+09:00,796.6978063189795,814.4303489079551,792.2646706717355,797.9644165039062,29200,0.0,0.0
2013-03-27 00:00:00+09:00,800.4977713603213,860.6617652521176,800.4977713603213,857.4952392578125,86000,0.0,0.0
2013-03-28 00:00:00+09:00,857.495125489741,866.3613970974636,834.6961413555973,847.3622436523438,41100,0.0,0.0
2013-03-29 00:00:00+09:00,849.2622483364372,853.6953846066498,794.7980027309684,816.9636840820312,48800,0.0,0.0
2013-04-01 00:00:00+09:00,823.9300253874336,828.9964667426216,770.0990859885621,775.16552734375,48600,0.0,0.0
2013-04-02 00:00:00+09:00,751.7331293670225,815.0636373170664,735.2671973000109,809.3638916015625,70200,0.0,0.0
2013-04-03 00:00:00+09:00,823.2967171126496,847.3623134590194,799.8644259332896,846.095703125,53000,0.0,0.0
2013-04-04 00:00:00+09:00,830.8965588060163,897.3936157226564,828.9966428941123,897.3936157226562,137800,0.0,0.0
2013-04-05 00:00:00+09:00,943.6250749496942,977.1902621794484,896.7604739119241,941.7251586914062,150000,0.0,0.0
2013-04-08 00:00:00+09:00,930.9586237636182,1038.6205054233562,930.9586237636182,1035.4539794921875,166500,0.0,0.0
2013-04-09 00:00:00+09:00,1019.621614670371,1074.0858748328876,1003.7889809021975,1065.8529052734375,122600,0.0,0.0
2013-04-10 00:00:00+09:00,1065.8524234169408,1070.2855588678729,1016.4546283922698,1046.853271484375,127400,0.0,0.0
2013-04-11 00:00:00+09:00,1044.9532645089284,1053.1862296232412,1019.6210641571969,1024.05419921875,45200,0.0,0.0
2013-04-12 00:00:00+09:00,1013.2879241215345,1013.2879241215345,976.5562368721289,982.2559814453125,76900,0.0,0.0
2013-04-15 00:00:00+09:00,961.9906144169469,1019.6213885525243,952.4910362627307,994.9224853515625,140700,0.0,0.0
2013-04-16 00:00:00+09:00,1051.919781110491,1136.7826653180803,1048.753255580357,1108.283935546875,387600,0.0,0.0
2013-04-17 00:00:00+09:00,1108.283969431161,1108.283969431161,1046.8533722684053,1067.75244140625,176800,0.0,0.0
2013-04-18 00:00:00+09:00,1056.9861525150768,1077.885219640899,1046.853271484375,1046.853271484375,80100,0.0,0.0
2013-04-19 00:00:00+09:00,1046.8534323952415,1076.618774998131,1031.0208033511512,1058.88623046875,65400,0.0,0.0
2013-04-22 00:00:00+09:00,1076.6188504095044,1120.9502148381312,1060.7862202564236,1100.6844482421875,129800,0.0,0.0
2013-04-23 00:00:00+09:00,1114.6169465859032,1153.2485566664373,1086.1182178379681,1150.08203125,146900,0.0,0.0
2013-04-24 00:00:00+09:00,1152.615055741536,1253.9438518506822,1152.615055741536,1253.310546875,178300,0.0,0.0
2013-04-25 00:00:00+09:00,1253.310731241526,1253.310731241526,1202.0130206651925,1226.07861328125,127400,0.0,0.0
2013-04-26 00:00:00+09:00,1207.0794441113749,1222.278765548244,1189.9802074948968,1192.513427734375,89800,0.0,0.0
2013-04-30 00:00:00+09:00,1203.27968704951,1244.4445184485721,1203.27968704951,1235.5782470703125,127500,0.0,0.0
2013-05-01 00:00:00+09:00,1235.578178557031,1265.3435165335457,1210.8792810871569,1245.7110595703125,93700,0.0,0.0
2013-05-02 00:00:00+09:00,1234.9446593511295,1234.9446593511295,1208.3458513035669,1222.911865234375,61400,0.0,0.0
2013-05-07 00:00:00+09:00,1234.9446024146505,1303.9748391650078,1234.9446024146505,1287.5089111328125,111600,0.0,0.0
2013-05-08 00:00:00+09:00,1280.542914688527,1303.9752034340638,1247.6110494245293,1252.677490234375,71900,0.0,0.0
2013-05-09 00:00:00+09:00,1258.3772043141407,1278.00966195568,1235.578221246547,1239.3780517578125,46700,0.0,0.0
2013-05-10 00:00:00+09:00,1239.3781161731813,1246.9777775906969,1177.3142145968031,1212.14599609375,159800,0.0,0.0
2013-05-13 00:00:00+09:00,1208.979461861055,1243.1779379954169,1207.079546520257,1213.41259765625,68100,0.0,0.0
2013-05-14 00:00:00+09:00,1188.0804831794196,1206.446332866095,1180.4808212401056,1200.11328125,67900,0.0,0.0
2013-05-15 00:00:00+09:00,1200.113469395069,1219.1126272219037,1155.7821011324543,1173.5146484375,87700,0.0,0.0
2013-05-16 00:00:00+09:00,1159.5818091702747,1173.514523425734,1070.919082090079,1103.8509521484375,161000,0.0,0.0
2013-05-17 00:00:00+09:00,1081.6851806640625,1170.347900390625,1081.0518755231585,1152.6153564453125,106100,0.0,0.0
2013-05-20 00:00:00+09:00,1152.6155499714177,1160.2152129382623,1131.7164768125954,1142.482666015625,88100,0.0,0.0
2013-05-21 00:00:00+09:00,1139.9491717889991,1146.2822227433824,1089.2847641539324,1093.0845947265625,63400,0.0,0.0
2013-05-22 00:00:00+09:00,1081.0520197296592,1099.417871265781,1060.152947292003,1078.518798828125,105600,0.0,0.0
2013-05-23 00:00:00+09:00,1063.952544130489,1076.6186458463283,950.5909337737286,951.8575439453125,222800,0.0,0.0
2013-05-24 00:00:00+09:00,980.9894176929029,1006.9549219701198,932.2249340503247,975.2896728515625,192500,0.0,0.0
2013-05-27 00:00:00+09:00,951.8574274451988,997.455388041376,918.2922620063462,978.4562377929688,68300,0.0,0.0
2013-05-28 00:00:00+09:00,949.9576435014895,994.2890001982257,934.125016109798,976.5564575195312,79500,0.0,0.0
2013-05-29 00:00:00+09:00,1003.1552619485294,1035.453821518842,981.6228889016544,1022.7877197265625,93900,0.0,0.0
2013-05-30 00:00:00+09:00,997.4555212726705,1033.553911566348,975.9231481150382,977.1897583007812,76300,0.0,0.0
2013-05-31 00:00:00+09:00,984.7893405033633,1041.7867942945547,984.7893405033633,1034.1871337890625,102000,0.0,0.0
2013-06-03 00:00:00+09:00,1008.2216110329747,1023.420931802316,961.357038660839,963.8902587890625,76500,0.0,0.0
2013-06-04 00:00:00+09:00,975.2897827148437,977.8230029296875,920.8255480957031,949.9575805664062,75800,0.0,0.0
2013-06-05 00:00:00+09:00,950.590778539088,1009.4881418996043,950.590778539088,975.2896728515625,102400,0.0,0.0
2013-06-06 00:00:00+09:00,972.1231931375784,1010.121493846539,935.3915024522497,941.0912475585938,102900,0.0,0.0
2013-06-07 00:00:00+09:00,950.5909898959525,974.0232794536807,919.5590388600419,934.7583618164062,126300,0.0,0.0
2013-06-10 00:00:00+09:00,951.2240735043604,989.2223720464787,941.7244988688309,986.0558471679688,114600,0.0,0.0
2013-06-11 00:00:00+09:00,987.9559231923641,1038.6203295099212,982.2561774816389,1025.3209228515625,80600,0.0,0.0
2013-06-12 00:00:00+09:00,990.4889458288001,1004.4216547854711,956.2904783896983,982.2559814453125,85100,0.0,0.0
2013-06-13 00:00:00+09:00,981.6231764623599,982.889787012634,943.6248599541395,946.1580810546875,74900,0.0,0.0
2013-06-14 00:00:00+09:00,975.2898675924959,981.6229186807587,946.1578325864862,946.7911376953125,109300,0.0,0.0
2013-06-17 00:00:00+09:00,949.9574635529565,996.1887267792004,949.9574635529565,986.0558471679688,57700,0.0,0.0
2013-06-18 00:00:00+09:00,992.3888029921062,998.0885472339244,938.5578851527131,944.2576293945312,104400,0.0,0.0
2013-06-19 00:00:00+09:00,951.2243260954253,957.5573775341431,906.8929660244002,930.3252563476562,102300,0.0,0.0
2013-06-20 00:00:00+09:00,935.3917324053232,949.3244460904397,909.426220537606,934.1251220703125,58400,0.0,0.0
2013-06-21 00:00:00+09:00,896.1267272228164,911.9593549122654,881.5607097485232,911.3260498046875,84200,0.0,0.0
2013-06-24 00:00:00+09:00,911.9595280283505,931.591990090072,910.0596123449582,921.4591064453125,35100,0.0,0.0
2013-06-25 00:00:00+09:00,915.7592558978062,916.3925610540288,887.2605238677914,901.1932373046875,27000,0.0,0.0
2013-06-26 00:00:00+09:00,891.6936747685185,896.1268109356915,842.9291769296151,854.9619750976562,93100,0.0,0.0
2013-06-27 00:00:00+09:00,849.8955991044004,890.4271328917936,849.8955991044004,889.1605224609375,52500,0.0,0.0
2013-06-28 00:00:00+09:00,891.0603499887422,931.5918797679033,888.5271293775447,928.4253540039062,42500,0.0,0.0
2013-07-01 00:00:00+09:00,929.0588006300762,947.4246528579374,899.2934539159565,942.9915161132812,51800,0.0,0.0
2013-07-02 00:00:00+09:00,950.5909433168408,1089.2847584976457,950.5909433168408,1075.9853515625,338300,0.0,0.0
2013-07-03 00:00:00+09:00,1050.6531859629254,1072.818864991679,1032.287337624815,1070.28564453125,106800,0.0,0.0
2013-07-04 00:00:00+09:00,1069.6523394161427,1071.5522547614644,1058.2528473442123,1070.28564453125,45200,0.0,0.0
2013-07-05 00:00:00+09:00,1067.1190942467779,1106.3840104742558,1063.952568744562,1091.8179931640625,97200,0.0,0.0
2013-07-08 00:00:00+09:00,1107.6505831924776,1127.9163457208706,1107.6505831924776,1115.250244140625,99900,0.0,0.0
2013-07-09 00:00:00+09:00,1122.2166730690906,1136.7826908346601,1060.786076405602,1069.01904296875,81700,0.0,0.0
2013-07-10 00:00:00+09:00,1073.4519294481295,1089.284553776273,1058.8859150662374,1069.652099609375,101800,0.0,0.0
2013-07-11 00:00:00+09:00,1044.953473793408,1060.1527970485847,1032.2873710807605,1047.4866943359375,75400,0.0,0.0
2013-07-12 00:00:00+09:00,1041.7866377566081,1058.8858713246495,1032.2870635521404,1039.25341796875,55700,0.0,0.0
2013-07-16 00:00:00+09:00,1039.8869467579846,1043.6867772577093,1003.1552519273127,1006.32177734375,134900,0.0,0.0
2013-07-17 00:00:00+09:00,993.0224080823132,1000.6220693686574,975.2898650808434,982.8895263671875,81500,0.0,0.0
2013-07-18 00:00:00+09:00,975.9231870967064,998.0888662325823,967.6902205605239,971.4900512695312,486000,0.0,0.0
2013-07-19 00:00:00+09:00,978.4562860533249,986.0559465275254,948.0576441565225,953.1240844726562,110400,0.0,0.0
2013-07-22 00:00:00+09:00,961.990525819805,1006.3218864566625,961.990525819805,999.3555297851562,113100,0.0,0.0
2013-07-23 00:00:00+09:00,994.2891695497931,1018.9880724876542,985.4228967003045,1013.921630859375,115100,0.0,0.0
2013-07-24 00:00:00+09:00,1006.9549814860027,1009.4882015652128,975.9230355156793,1003.1551513671875,102400,0.0,0.0
2013-07-25 00:00:00+09:00,1006.9552133484464,1025.954368317285,1003.7886875203066,1005.0552978515625,74100,0.0,0.0
2013-07-26 00:00:00+09:00,982.8895177264319,1020.2545187224754,974.0232463036419,984.1561279296875,47900,0.0,0.0
2013-07-29 00:00:00+09:00,968.9566990455096,975.2897493660685,937.2914474427151,963.8902587890625,79400,0.0,0.0
2013-07-30 00:00:00+09:00,963.8903989351713,1003.7886217557468,963.8903989351713,987.9559936523438,34100,0.0,0.0
2013-07-31 00:00:00+09:00,980.35652581824,981.6231363167132,941.7249056148081,942.9915161132812,57800,0.0,0.0
2013-08-01 00:00:00+09:00,949.3241119182663,960.0902959760451,937.291317971337,956.2904663085938,32600,0.0,0.0
2013-08-02 00:00:00+09:00,958.8243073850331,982.2566055179566,958.1910020300892,980.356689453125,28100,0.0,0.0
2013-08-05 00:00:00+09:00,975.922931919553,988.5890309710721,960.72361305773,982.2559814453125,22700,0.0,0.0
2013-08-06 00:00:00+09:00,982.2560678426503,982.2560678426503,953.7573424700395,978.4562377929688,20700,0.0,0.0
2013-08-07 00:00:00+09:00,956.2909263472496,964.5238945873252,942.9915161132812,942.9915161132812,54300,0.0,0.0
2013-08-08 00:00:00+09:00,942.991177925297,961.9903285886677,929.6917724609376,929.6917724609375,39900,0.0,0.0
2013-08-09 00:00:00+09:00,924.6257437932803,939.8250710885123,886.6274255552003,897.3936157226562,58100,0.0,0.0
2013-08-12 00:00:00+09:00,899.2934525642154,923.3590519990324,894.8603158262227,899.9267578125,42900,0.0,0.0
2013-08-13 00:00:00+09:00,901.1933683090693,915.7593890196165,886.6273475985222,899.9267578125,35700,0.0,0.0
2013-08-14 00:00:00+09:00,899.9266958841464,909.4262739547039,883.4607605618468,908.79296875,61000,0.0,0.0
2013-08-15 00:00:00+09:00,908.7925652585861,927.7917129643405,908.7925652585861,914.4923095703125,33500,0.0,0.0
2013-08-16 00:00:00+09:00,912.5924266181594,929.0583552039138,890.4267535219515,918.9254760742188,40200,0.0,0.0
2013-08-19 00:00:00+09:00,910.0593808437915,910.0593808437915,889.793618709483,892.9601440429688,25800,0.0,0.0
2013-08-20 00:00:00+09:00,898.0265680559355,898.0265680559355,867.6279254137036,868.26123046875,47300,0.0,0.0
2013-08-21 00:00:00+09:00,866.3614104195926,866.3614104195926,839.1292900628365,845.4623413085938,42900,0.0,0.0
2013-08-22 00:00:00+09:00,847.9954896538709,869.5278620573299,832.1628628866216,865.0947265625,63700,0.0,0.0
2013-08-23 00:00:00+09:00,884.0939282950334,885.993843613719,869.5279108517772,875.8609619140625,26000,0.0,0.0
2013-08-26 00:00:00+09:00,880.9273172266343,883.460537405575,853.0618952582864,861.2948608398438,21900,0.0,0.0
2013-08-27 00:00:00+09:00,855.5951441906565,860.0282796527842,834.6960770120542,847.9954833984375,36600,0.0,0.0
2013-08-28 00:00:00+09:00,840.6441963751198,850.2332936721743,831.0550990780652,834.25146484375,40000,12.5,0.0
2013-08-29 00:00:00+09:00,822.744202282964,837.4474786252391,812.5158361318161,814.4336547851562,42000,0.0,0.0
2013-08-30 00:00:00+09:00,829.1370821446773,829.1370821446773,802.2876161076099,803.566162109375,29300,0.0,0.0
2013-09-02 00:00:00+09:00,804.2054185851953,805.4839645606885,783.7486829773048,793.97705078125,65700,0.0,0.0
2013-09-03 00:00:00+09:00,795.8946410851545,836.80810054656,795.25536828107,832.3331909179688,43800,0.0,0.0
2013-09-04 00:00:00+09:00,829.7763176190077,866.2148770213832,818.2694041235208,864.2970581054688,45600,0.0,0.0
2013-09-05 00:00:00+09:00,863.0184736959554,870.0504760742188,850.8722877698642,870.0504760742188,32400,0.0,0.0
2013-09-06 00:00:00+09:00,861.7399717333766,869.4112474461366,848.9545122121099,860.46142578125,41100,0.0,0.0
2013-09-09 00:00:00+09:00,894.342634547193,894.342634547193,849.5935391802856,855.9862670898438,79000,0.0,0.0
2013-09-10 00:00:00+09:00,857.2650479030182,857.9043208693888,847.6759534074587,855.3472290039062,46100,0.0,0.0
2013-09-11 00:00:00+09:00,857.9043526653102,859.8221716355008,834.2512520329581,840.6439819335938,47000,0.0,0.0
2013-09-12 00:00:00+09:00,847.0366369245977,848.9544557251818,832.9726323869818,835.5297241210938,20900,0.0,0.0
2013-09-13 00:00:00+09:00,823.3833547510969,855.9862670898438,823.3833547510969,855.9862670898438,57000,0.0,0.0
2013-09-17 00:00:00+09:00,855.9864518413043,883.4751877854238,855.9864518413043,877.0824584960938,38600,0.0,0.0
2013-09-18 00:00:00+09:00,884.7537077333719,901.3748033988833,884.11443482316,896.2606201171875,42600,0.0,0.0
2013-09-19 00:00:00+09:00,902.6534907240474,903.932036744903,885.3931194424969,897.539306640625,67700,0.0,0.0
2013-09-20 00:00:00+09:00,896.2606708013524,896.2606708013524,871.3290258931835,874.525390625,39100,0.0,0.0
2013-09-24 00:00:00+09:00,872.6076917627895,900.7357052701615,861.7400501803958,895.6215209960938,70700,0.0,0.0
2013-09-25 00:00:00+09:00,895.6213015633547,895.6213015633547,867.4932949475177,876.443115234375,53300,0.0,0.0
2013-09-26 00:00:00+09:00,877.7218273319385,887.9501953125001,867.4934593513769,887.9501953125,52200,0.0,0.0
2013-09-27 00:00:00+09:00,889.8679865056818,889.8679865056818,864.2970673532196,886.0323486328125,109300,0.0,0.0
2013-09-30 00:00:00+09:00,870.6896174711339,874.5252545525045,841.9223393608542,869.4110717773438,78000,0.0,0.0
2013-10-01 00:00:00+09:00,866.214722514515,866.214722514515,840.004535338799,841.2830810546875,64600,0.0,0.0
2013-10-02 00:00:00+09:00,843.2010439468243,848.3152276856981,823.3835819586881,825.940673828125,60500,0.0,0.0
2013-10-03 00:00:00+09:00,831.6939650569485,840.6437848192832,826.5797823356145,827.2190551757812,41100,0.0,0.0
2013-10-04 00:00:00+09:00,824.0228659629822,826.5799578666688,811.8766794204712,818.2694091796875,36500,0.0,0.0
2013-10-07 00:00:00+09:00,818.2692971214511,818.2692971214511,804.2052935771762,810.5980224609375,68700,0.0,0.0
2013-10-08 00:00:00+09:00,788.22353722822,805.4839066565753,765.8489842655374,798.451904296875,150600,0.0,0.0
2013-10-09 00:00:00+09:00,774.7989742572491,798.4520782568516,774.7989742572491,797.8128051757812,49600,0.0,0.0
2013-10-10 00:00:00+09:00,797.8125240532635,803.5659797555707,776.0772469556586,778.6343383789062,47700,0.0,0.0
2013-10-11 00:00:00+09:00,793.9771424314846,806.1233306007263,785.6665926314771,800.369873046875,78600,0.0,0.0
2013-10-15 00:00:00+09:00,809.9585558147521,816.351283169249,795.8945556348591,801.6480102539062,44900,0.0,0.0
2013-10-16 00:00:00+09:00,801.6482128042036,809.3194875678802,792.698392246581,794.6162109375,47600,0.0,0.0
2013-10-17 00:00:00+09:00,795.8947001953126,803.5659744140626,795.2554273437501,799.091064453125,21100,0.0,0.0
2013-10-18 00:00:00+09:00,799.0910646504901,799.0910646504901,788.2234261712434,790.780517578125,41700,0.0,0.0
2013-10-21 00:00:00+09:00,792.6985324108936,799.0912625109814,792.6985324108936,795.8948974609375,30900,0.0,0.0
2013-10-22 00:00:00+09:00,796.5338283703087,802.287282989356,794.6160101639597,801.6480102539062,45000,0.0,0.0
2013-10-23 00:00:00+09:00,801.0090701058448,809.319619117318,798.4519781023146,803.566162109375,63700,0.0,0.0
2013-10-24 00:00:00+09:00,796.5340854715022,799.091177238666,786.3057184028473,798.451904296875,62800,0.0,0.0
2013-10-25 00:00:00+09:00,800.3696056831175,800.3696056831175,786.3056030273438,786.3056030273438,32800,0.0,0.0
2013-10-28 00:00:00+09:00,787.5842511394541,797.812618037369,787.5842511394541,793.3377075195312,15400,0.0,0.0
2013-10-29 00:00:00+09:00,805.4841217453088,808.6804873077901,801.6484830703312,804.8448486328125,25100,0.0,0.0
2013-10-30 00:00:00+09:00,802.2873870353197,829.1368454062228,801.00884139861,825.3012084960938,73500,0.0,0.0
2013-10-31 00:00:00+09:00,831.0546412962481,854.0684621321442,827.8582772912625,844.4793701171875,101800,0.0,0.0
2013-11-01 00:00:00+09:00,850.872286601239,861.1006536828467,822.7442771268178,848.9544677734375,76300,0.0,0.0
2013-11-05 00:00:00+09:00,850.8722182090238,856.6256742299713,821.4656652130695,823.3834838867188,42600,0.0,0.0
2013-11-06 00:00:00+09:00,804.2053844993568,850.2330376662516,802.2875656174028,846.3973999023438,48000,0.0,0.0
2013-11-07 00:00:00+09:00,846.3975122763575,846.3975122763575,830.4156861382088,832.9727783203125,17300,0.0,0.0
2013-11-08 00:00:00+09:00,831.6939692797458,879.0001596922756,831.6939692797458,873.2467041015625,150600,0.0,0.0
2013-11-11 00:00:00+09:00,875.164709837178,885.3930775197163,874.5254368570194,877.7218017578125,49400,0.0,0.0
2013-11-12 00:00:00+09:00,877.721582090838,920.5528610421024,873.8859451698291,916.7172241210938,151200,0.0,0.0
2013-11-13 00:00:00+09:00,914.1604533237694,942.2884672721931,910.9640881023576,939.0921020507812,91900,0.0,0.0
2013-11-14 00:00:00+09:00,939.0920630739447,939.0920630739447,901.374955026727,910.9640502929688,100800,0.0,0.0
2013-11-15 00:00:00+09:00,912.2423942388989,928.2242161421732,905.8496654775892,909.685302734375,75100,0.0,0.0
2013-11-18 00:00:00+09:00,910.3245745988613,928.2242151106367,910.3245745988613,926.306396484375,43400,0.0,0.0
2013-11-19 00:00:00+09:00,923.7495352565865,926.9459004304847,896.2607947610617,908.406982421875,59000,0.0,0.0
2013-11-20 00:00:00+09:00,914.7994847268052,935.8954896156832,913.5209389759641,926.306396484375,61800,0.0,0.0
2013-11-21 00:00:00+09:00,926.3066379531464,942.9277370468536,923.1102727428181,934.6171875,74600,0.0,0.0
2013-11-22 00:00:00+09:00,927.5849189334446,931.4205560896131,912.8816431681315,920.5529174804688,51400,0.0,0.0
2013-11-25 00:00:00+09:00,942.9273388432521,979.365886852788,940.3702477548636,978.0873413085938,118100,0.0,0.0
2013-11-26 00:00:00+09:00,953.1559052765182,1013.2475585937501,938.4526284010253,1013.24755859375,351400,0.0,0.0
2013-11-27 00:00:00+09:00,987.6767065429688,990.2337983398437,958.909423828125,958.909423828125,115500,0.0,0.0
2013-11-28 00:00:00+09:00,960.188047181183,979.3662372047752,959.5487741803967,968.4985961914062,41600,0.0,0.0
2013-11-29 00:00:00+09:00,970.416259765625,977.4482616479846,958.9093475944911,970.416259765625,63500,0.0,0.0
2013-12-02 00:00:00+09:00,971.694944298353,990.233860998782,970.416398319013,980.0054931640625,72800,0.0,0.0
2013-12-03 00:00:00+09:00,983.8411738858512,988.316085008139,972.9735325888665,978.7269897460938,35000,0.0,0.0
2013-12-04 00:00:00+09:00,964.0235729368508,974.8912126848126,959.5486624523959,969.1377563476562,35500,0.0,0.0
2013-12-05 00:00:00+09:00,973.6126976754149,980.0054271414386,952.5166904375366,954.4345092773438,49500,0.0,0.0
2013-12-06 00:00:00+09:00,958.9095977722128,972.3343321410238,947.4026825989463,958.2703247070312,30200,0.0,0.0
2013-12-09 00:00:00+09:00,981.2837706994411,981.2837706994411,961.4663134410159,965.9412231445312,66200,0.0,0.0
2013-12-10 00:00:00+09:00,964.6629660703281,971.6949691364472,947.402594908036,956.3524169921875,69900,0.0,0.0
2013-12-11 00:00:00+09:00,955.7129092184913,968.4983661980028,952.5165449736133,965.302001953125,62500,0.0,0.0
2013-12-12 00:00:00+09:00,964.6627338896405,965.3020067417875,951.2380039945562,961.4663696289062,33200,0.0,0.0
2013-12-13 00:00:00+09:00,956.3522533275464,960.8271636038115,943.5667953953599,949.3202514648438,87800,0.0,0.0
2013-12-16 00:00:00+09:00,949.3203981936966,955.0738551524463,924.388751372448,925.6672973632812,84700,0.0,0.0
2013-12-17 00:00:00+09:00,927.5849921176036,954.4344543291401,927.5849921176036,942.2882690429688,69500,0.0,0.0
2013-12-18 00:00:00+09:00,942.2884462923618,949.3204496229017,936.53498902192,946.1240844726562,51800,0.0,0.0
2013-12-19 00:00:00+09:00,949.3202514648438,952.5166159478904,946.1238869817971,949.3202514648438,41500,0.0,0.0
2013-12-20 00:00:00+09:00,942.927368738318,956.3520973779822,940.3702775688582,951.2379150390625,65000,0.0,0.0
2013-12-24 00:00:00+09:00,946.1237327001428,965.3019164710917,946.1237327001428,951.2379150390625,82600,0.0,0.0
2013-12-25 00:00:00+09:00,946.7632560882365,960.18798828125,946.7632560882365,960.18798828125,77900,0.0,0.0
2013-12-26 00:00:00+09:00,971.6949116674633,1010.0512897596001,965.3021819854406,1003.019287109375,118400,0.0,0.0
2013-12-27 00:00:00+09:00,1016.4440084091852,1016.4440084091852,974.8912659270487,1010.6905517578125,56100,0.0,0.0
2013-12-30 00:00:00+09:00,1011.3295620865558,1021.5579268105665,1010.6902892913051,1017.7222900390625,47100,0.0,0.0
2014-01-06 00:00:00+09:00,1026.6723525680334,1042.0149032913414,1024.1152607808153,1034.3436279296875,94700,0.0,0.0
2014-01-07 00:00:00+09:00,1031.1469442237237,1039.4574899614227,1022.8363984860248,1029.2291259765625,112100,0.0,0.0
2014-01-08 00:00:00+09:00,1059.2750611337835,1098.270703094653,1023.4757832680673,1028.5899658203125,193300,0.0,0.0
2014-01-09 00:00:00+09:00,1027.3116547693662,1050.325481509688,1024.1152899443214,1027.950927734375,76100,0.0,0.0
2014-01-10 00:00:00+09:00,1025.3938066744245,1042.0149032913414,1017.0832583659658,1034.3436279296875,74500,0.0,0.0
2014-01-14 00:00:00+09:00,1016.4440084091852,1029.8687405957216,999.183638455067,1010.6905517578125,64400,0.0,0.0
2014-01-15 00:00:00+09:00,1015.8048555189872,1028.5903162555383,1003.019394782436,1019.001220703125,67800,0.0,0.0
2014-01-16 00:00:00+09:00,1027.950927734375,1043.9327518595985,1021.5581980842857,1027.950927734375,83600,0.0,0.0
2014-01-17 00:00:00+09:00,1026.032717837504,1045.2108994793264,1026.032717837504,1042.65380859375,73900,0.0,0.0
2014-01-20 00:00:00+09:00,1043.29345703125,1045.8505488376993,1032.4258168538413,1043.29345703125,63700,0.0,0.0
2014-01-21 00:00:00+09:00,1033.0650898054535,1046.4898217893115,1028.5901791441675,1043.29345703125,104400,0.0,0.0
2014-01-22 00:00:00+09:00,1047.7681697591145,1054.8001708984375,1040.7361686197917,1054.8001708984375,65900,0.0,0.0
2014-01-23 00:00:00+09:00,1054.8003219976658,1065.6679616788538,1039.4577718595178,1048.4075927734375,81900,0.0,0.0
2014-01-24 00:00:00+09:00,1033.0650344980013,1045.2112199283615,1026.6723053241276,1039.457763671875,86400,0.0,0.0
2014-01-27 00:00:00+09:00,989.5948057900705,1010.0515459614415,981.284255095451,990.8733520507812,162600,0.0,0.0
2014-01-28 00:00:00+09:00,1004.9369036715808,1027.3114530535818,1004.297630832095,1018.3616333007812,109700,0.0,0.0
2014-01-29 00:00:00+09:00,1027.3114208480686,1054.8001520842024,1021.557965473064,1053.5216064453125,75200,0.0,0.0
2014-01-30 00:00:00+09:00,1031.7862169727775,1036.9003989652076,1017.0829437445409,1029.2291259765625,58300,0.0,0.0
2014-01-31 00:00:00+09:00,1033.704522829179,1050.3256221449235,1023.4761540194903,1037.5401611328125,63700,0.0,0.0
2014-02-03 00:00:00+09:00,1035.6219283060811,1035.6219283060811,1008.7724709055532,1017.7222900390625,60200,0.0,0.0
2014-02-04 00:00:00+09:00,978.0876209971668,1011.3298146519725,957.6308864403634,988.9552612304688,152500,0.0,0.0
2014-02-05 00:00:00+09:00,999.1836285088705,1010.0512687421723,964.6628889442645,988.9552612304688,57900,0.0,0.0
2014-02-06 00:00:00+09:00,995.3480114909477,1013.8869275688137,978.7269143176884,1003.019287109375,55200,0.0,0.0
2014-02-07 00:00:00+09:00,1015.804476109008,1016.4437489070627,994.708473773201,1013.8866577148438,33700,0.0,0.0
2014-02-10 00:00:00+09:00,1024.1151026260948,1043.9325609166124,1024.1151026260948,1040.096923828125,57700,0.0,0.0
2014-02-12 00:00:00+09:00,1048.4076778346578,1061.193137320446,1033.0651264517114,1045.8505859375,48600,0.0,0.0
2014-02-13 00:00:00+09:00,1051.6041682461346,1057.9968987521902,1034.9830689303901,1037.5401611328125,41600,0.0,0.0
2014-02-14 00:00:00+09:00,1045.2112694856164,1052.8825448579878,1018.3618056823161,1026.0330810546875,39000,0.0,0.0
2014-02-17 00:00:00+09:00,1025.3936345351244,1039.4576370038108,1010.6903592269524,1018.3616333007812,45600,0.0,0.0
2014-02-18 00:00:00+09:00,1010.0513571559793,1038.8186426445989,1001.7408080148225,1033.065185546875,68900,0.0,0.0
2014-02-19 00:00:00+09:00,1033.0648755535271,1040.096876562864,1023.4757832680673,1028.5899658203125,32000,0.0,0.0
2014-02-20 00:00:00+09:00,1029.2293812845032,1041.3755665294757,1011.3297398708597,1013.24755859375,57700,0.0,0.0
2014-02-21 00:00:00+09:00,1013.8865903657057,1040.096773344895,1013.8865903657057,1038.178955078125,45400,0.0,0.0
2014-02-24 00:00:00+09:00,1038.1790009211243,1042.014637624035,1015.165180703661,1024.7542724609375,81500,0.0,0.0
2014-02-25 00:00:00+09:00,1017.7223890948446,1020.9187533822028,990.872929081036,1003.6583862304688,369800,0.0,0.0
2014-02-26 00:00:00+09:00,1002.0422464101712,1031.1337954994988,998.8098520669125,1017.5577392578125,159200,17.5,0.0
2014-02-27 00:00:00+09:00,1018.2041236332485,1022.0829964851847,1004.6280686514718,1013.6787719726562,58700,0.0,0.0
2014-02-28 00:00:00+09:00,1013.67875,1018.2041015625001,1003.9815680803572,1018.2041015625,56700,0.0,0.0
2014-03-03 00:00:00+09:00,1014.9717629421085,1014.9717629421085,982.647821447137,1010.4464111328125,39400,0.0,0.0
2014-03-04 00:00:00+09:00,1002.0423640583391,1034.3663112860274,995.5775746128015,1031.7803955078125,72900,0.0,0.0
2014-03-05 00:00:00+09:00,1032.4271081711447,1040.8313363528762,1026.608796353023,1030.4876708984375,42400,0.0,0.0
2014-03-06 00:00:00+09:00,1030.4873485779494,1038.2450952422753,1018.2042496927668,1035.6591796875,46500,0.0,0.0
2014-03-07 00:00:00+09:00,1036.3056300577373,1048.588728604897,1033.0732357032216,1046.6492919921875,44400,0.0,0.0
2014-03-10 00:00:00+09:00,1033.7196044921875,1040.1843925127764,1026.6083376695394,1033.7196044921875,35800,0.0,0.0
2014-03-11 00:00:00+09:00,1034.3661439185048,1056.346424476773,1031.1337497187594,1055.053466796875,100100,0.0,0.0
2014-03-12 00:00:00+09:00,1050.5282768291975,1054.4071504667206,1034.3663033395176,1045.3564453125,41600,0.0,0.0
2014-03-13 00:00:00+09:00,1037.5985659194805,1050.5281430648945,1036.305608204939,1044.0633544921875,33500,0.0,0.0
2014-03-14 00:00:00+09:00,1053.7606715271336,1058.286024104244,1039.5381348562153,1045.3564453125,126900,0.0,0.0
2014-03-17 00:00:00+09:00,1045.3563475478807,1052.4676152182744,1016.264797987179,1019.4971923828125,86200,0.0,0.0
2014-03-18 00:00:00+09:00,1029.8409803009033,1050.5283069610596,1019.4973169708251,1034.3663330078125,70300,0.0,0.0
2014-03-19 00:00:00+09:00,1047.295970087466,1091.2565416713842,1041.4776591425357,1070.5692138671875,113300,0.0,0.0
2014-03-20 00:00:00+09:00,1070.5691597290781,1077.0339493409685,1044.0635223203267,1064.1043701171875,207500,0.0,0.0
2014-03-24 00:00:00+09:00,1086.0842902459426,1155.903994618896,1086.0842902459426,1135.2166748046875,171400,0.0,0.0
2014-03-25 00:00:00+09:00,1135.2168631575228,1159.7830595128678,1118.408413019655,1142.974609375,126900,0.0,0.0
2014-03-26 00:00:00+09:00,1144.2677024300092,1152.025449565128,1123.5803767363593,1130.045166015625,118600,0.0,0.0
2014-03-27 00:00:00+09:00,1130.0449210263073,1131.9843573896248,1098.3674604254554,1115.8223876953125,69600,0.0,0.0
2014-03-28 00:00:00+09:00,1115.822734179128,1134.5706248461006,1109.357944293965,1128.1058349609375,63300,0.0,0.0
2014-03-31 00:00:00+09:00,1130.045179923241,1147.5001111920783,1114.5296854620524,1146.2071533203125,86100,0.0,0.0
2014-04-01 00:00:00+09:00,1152.6717747255475,1173.359097659489,1148.146422833748,1169.480224609375,78300,0.0,0.0
2014-04-02 00:00:00+09:00,1163.661922679228,1169.4802322926241,1095.781643856273,1099.0140380859375,249000,0.0,0.0
2014-04-03 00:00:00+09:00,1099.0140930532712,1113.2366283751371,1088.0239521227384,1105.4788818359375,86600,0.0,0.0
2014-04-04 00:00:00+09:00,1108.0649033620753,1115.1761717033721,1094.4888456195995,1103.53955078125,76000,0.0,0.0
2014-04-07 00:00:00+09:00,1099.014244372508,1102.893118176176,1089.963538830617,1094.4888916015625,26700,0.0,0.0
2014-04-08 00:00:00+09:00,1086.7310613105433,1091.2564137371785,1054.407115406006,1055.7000732421875,52000,0.0,0.0
2014-04-09 00:00:00+09:00,1055.0534049601313,1060.8717141786615,1033.7196044921875,1033.7196044921875,83100,0.0,0.0
2014-04-10 00:00:00+09:00,1036.305698752929,1053.7606294243758,1022.0831626502687,1025.9620361328125,48800,0.0,0.0
2014-04-11 00:00:00+09:00,1021.4364518393053,1034.3660271790434,1000.7491312957244,1027.2547607421875,47000,0.0,0.0
2014-04-14 00:00:00+09:00,1023.376049075678,1033.0732321054538,1011.0929505712953,1017.5577392578125,59700,0.0,0.0
2014-04-15 00:00:00+09:00,1058.2860777640458,1115.1762273323022,1053.7607249574799,1080.912841796875,384500,0.0,0.0
2014-04-16 00:00:00+09:00,1087.3775719198784,1111.9437715233,1067.3367248749817,1102.89306640625,132700,0.0,0.0
2014-04-17 00:00:00+09:00,1118.408497148178,1194.0465284581992,1113.8831448475785,1167.5408935546875,303000,0.0,0.0
2014-04-18 00:00:00+09:00,1163.6622799536026,1190.8143998191867,1163.6622799536026,1184.349609375,132100,0.0,0.0
2014-04-21 00:00:00+09:00,1183.7026919490233,1192.7533952189776,1170.126637044092,1175.9449462890625,73900,0.0,0.0
2014-04-22 00:00:00+09:00,1175.9452121251243,1186.2888753433772,1173.359296320561,1178.5311279296875,45300,0.0,0.0
2014-04-23 00:00:00+09:00,1186.2886463512073,1192.7534346147015,1175.9449851296165,1180.4703369140625,65800,0.0,0.0
2014-04-24 00:00:00+09:00,1176.5916748046875,1187.581816822094,1163.6620959606798,1176.5916748046875,79400,0.0,0.0
2014-04-25 00:00:00+09:00,1170.1267200326815,1185.6422124530043,1157.1971430157457,1171.419677734375,81000,0.0,0.0
2014-04-28 00:00:00+09:00,1153.9646174815477,1179.8237685735712,1144.9139145993395,1170.1265869140625,63900,0.0,0.0
2014-04-30 00:00:00+09:00,1175.298450755653,1191.4604206505326,1166.2477476145202,1174.0054931640625,98200,0.0,0.0
2014-05-01 00:00:00+09:00,1170.1265869140625,1178.53081101897,1160.4294052545538,1170.1265869140625,51900,0.0,0.0
2014-05-02 00:00:00+09:00,1155.9041689339758,1171.4196611344319,1143.6210709419481,1169.480224609375,53600,0.0,0.0
2014-05-07 00:00:00+09:00,1143.6209870091193,1148.1463385687935,1117.1153564453125,1117.1153564453125,83600,0.0,0.0
2014-05-08 00:00:00+09:00,1110.0039982722355,1137.1561053936298,1104.1856896033653,1134.5701904296875,79100,0.0,0.0
2014-05-09 00:00:00+09:00,1132.6310895203023,1143.6212313706708,1115.1761583461882,1116.4691162109375,44600,0.0,0.0
2014-05-12 00:00:00+09:00,1118.4085643815617,1147.5001166342613,1118.4085643815617,1146.8536376953125,62600,0.0,0.0
2014-05-13 00:00:00+09:00,1150.7324259372401,1169.4803137755434,1147.50003148236,1165.6014404296875,72500,0.0,0.0
2014-05-14 00:00:00+09:00,1165.6015673854533,1217.3198842966215,1163.0156515398949,1195.339599609375,116000,0.0,0.0
2014-05-15 00:00:00+09:00,1195.3393610114022,1199.2182340054899,1168.1872500527872,1195.98583984375,64600,0.0,0.0
2014-05-16 00:00:00+09:00,1179.1774915892063,1179.1774915892063,1160.4296038391587,1164.9549560546875,53600,0.0,0.0
2014-05-19 00:00:00+09:00,1162.3688415864553,1195.3392592287853,1162.3688415864553,1170.1265869140625,46900,0.0,0.0
2014-05-20 00:00:00+09:00,1172.7129051863417,1176.5917791836505,1153.318535199798,1159.7833251953125,46700,0.0,0.0
2014-05-21 00:00:00+09:00,1157.1969501014019,1166.8941312475029,1149.439205184521,1163.0152587890625,21700,0.0,0.0
2014-05-22 00:00:00+09:00,1166.8943913777669,1182.4098846703243,1152.6718558595892,1179.177490234375,41400,0.0,0.0
2014-05-23 00:00:00+09:00,1183.0562970496171,1188.2281278563914,1164.9548892259072,1171.419677734375,42300,0.0,0.0
2014-05-26 00:00:00+09:00,1171.419811821292,1201.8043212890625,1171.419811821292,1201.8043212890625,45300,0.0,0.0
2014-05-27 00:00:00+09:00,1208.268982262093,1216.026728536649,1199.864757131324,1201.15771484375,21100,0.0,0.0
2014-05-28 00:00:00+09:00,1186.288910241673,1212.79454801819,1186.288910241673,1197.279052734375,34400,0.0,0.0
2014-05-29 00:00:00+09:00,1197.2785927192715,1211.5011245982262,1183.056060840317,1200.510986328125,13700,0.0,0.0
2014-05-30 00:00:00+09:00,1190.8141433465676,1201.157805829491,1176.5916074325478,1183.056396484375,50500,0.0,0.0
2014-06-02 00:00:00+09:00,1194.0465711401719,1263.8662948451738,1192.753613293783,1259.3409423828125,142800,0.0,0.0
2014-06-03 00:00:00+09:00,1260.6337843747972,1261.9267421023612,1239.299981869993,1245.7647705078125,86100,0.0,0.0
2014-06-04 00:00:00+09:00,1247.0577282353763,1260.6337843747972,1234.1281509597375,1245.7647705078125,59700,0.0,0.0
2014-06-05 00:00:00+09:00,1241.239401962058,1245.1182750931896,1225.0774305823438,1243.8253173828125,51700,0.0,0.0
2014-06-06 00:00:00+09:00,1245.7648652679095,1254.169091136349,1239.3000761383407,1242.532470703125,53100,0.0,0.0
2014-06-09 00:00:00+09:00,1238.0071183124269,1245.7648652679095,1236.0676815735562,1242.532470703125,39500,0.0,0.0
2014-06-10 00:00:00+09:00,1247.0578011203484,1247.7042800219142,1230.8958285812043,1239.946533203125,26300,0.0,0.0
2014-06-11 00:00:00+09:00,1230.8957719646517,1264.5126732998206,1230.8957719646517,1261.9267578125,38900,0.0,0.0
2014-06-12 00:00:00+09:00,1250.2900778030012,1263.8661334564981,1250.2900778030012,1254.8154296875,22300,0.0,0.0
2014-06-13 00:00:00+09:00,1262.5734559034938,1282.6143044098985,1252.2297921582526,1273.5635986328125,75500,0.0,0.0
2014-06-16 00:00:00+09:00,1273.5631831751527,1287.7857161852305,1273.5631831751527,1281.9674072265625,40200,0.0,0.0
2014-06-17 00:00:00+09:00,1289.7254594369751,1323.9888425698873,1289.7254594369751,1318.1705322265625,71900,0.0,0.0
2014-06-18 00:00:00+09:00,1324.6354038054342,1328.5142776086711,1292.3114554451258,1298.7762451171875,71500,0.0,0.0
2014-06-19 00:00:00+09:00,1298.775917900933,1304.594227139912,1280.0280325753347,1303.30126953125,31800,0.0,0.0
2014-06-20 00:00:00+09:00,1305.8875839882387,1307.1805419921875,1296.190398958623,1307.1805419921875,33200,0.0,0.0
2014-06-23 00:00:00+09:00,1315.5846187532923,1318.8170133939639,1284.553630202846,1303.947998046875,35200,0.0,0.0
2014-06-24 00:00:00+09:00,1303.9481078508989,1345.3227627356075,1297.483318025163,1331.7467041015625,57100,0.0,0.0
2014-06-25 00:00:00+09:00,1331.7467440672137,1337.565055084983,1305.8875839882387,1307.1805419921875,22200,0.0,0.0
2014-06-26 00:00:00+09:00,1302.6552050178432,1318.8171802662036,1299.4228099681711,1309.1199951171875,21800,0.0,0.0
2014-06-27 00:00:00+09:00,1299.422380018163,1319.4632226950603,1290.371676873758,1301.36181640625,40000,0.0,0.0
2014-06-30 00:00:00+09:00,1325.2814687799187,1387.9899090099927,1305.8871058221637,1350.494140625,98300,0.0,0.0
2014-07-01 00:00:00+09:00,1356.9593019865156,1396.3945175278102,1356.9593019865156,1380.2325439453125,65300,0.0,0.0
2014-07-02 00:00:00+09:00,1409.3241183661714,1422.9001763871302,1397.0410182519709,1411.9100341796875,52500,0.0,0.0
2014-07-03 00:00:00+09:00,1508.8814855983399,1518.5786673823907,1462.3350130348947,1496.598388671875,150400,0.0,0.0
2014-07-04 00:00:00+09:00,1490.1340636673508,1499.8312484634507,1455.2241984013913,1479.1439208984375,69900,0.0,0.0
2014-07-07 00:00:00+09:00,1480.4365799274851,1486.9013684861204,1439.0619331522191,1458.456298828125,95200,0.0,0.0
2014-07-08 00:00:00+09:00,1461.0421192683668,1461.0421192683668,1354.3731149854993,1433.2435302734375,233000,0.0,0.0
2014-07-09 00:00:00+09:00,1430.011275564789,1466.8605715445328,1419.6676135353873,1420.9605712890625,119900,0.0,0.0
2014-07-10 00:00:00+09:00,1420.9605668552445,1448.1126795977013,1404.1521161099138,1406.091552734375,103800,0.0,0.0
2014-07-11 00:00:00+09:00,1386.6971693151957,1426.7788590576395,1358.2520991753968,1418.3746337890625,113700,0.0,0.0
2014-07-14 00:00:00+09:00,1415.7887524481318,1415.7887524481318,1373.7676250923655,1408.031005859375,45100,0.0,0.0
2014-07-15 00:00:00+09:00,1409.970586481278,1424.8396022946981,1406.7381917392302,1410.6170654296875,72300,0.0,0.0
2014-07-16 00:00:00+09:00,1415.788820273762,1421.6071304940651,1400.2733263529535,1401.5662841796875,43400,0.0,0.0
2014-07-17 00:00:00+09:00,1394.4547787741508,1415.7885792839083,1394.4547787741508,1402.2125244140625,37000,0.0,0.0
2014-07-18 00:00:00+09:00,1373.767631718225,1401.5662237953466,1373.767631718225,1394.4549560546875,32200,0.0,0.0
2014-07-22 00:00:00+09:00,1399.6269863276889,1447.4664306640625,1399.6269863276889,1447.4664306640625,80800,0.0,0.0
2014-07-23 00:00:00+09:00,1460.3956167134013,1464.9209683366832,1396.3942151841286,1402.2125244140625,85000,0.0,0.0
2014-07-24 00:00:00+09:00,1417.0815709145447,1444.8801601250034,1412.5562191826098,1434.5364990234375,71300,0.0,0.0
2014-07-25 00:00:00+09:00,1467.5072102357992,1473.9719997082036,1443.587489187903,1453.93115234375,110200,0.0,0.0
2014-07-28 00:00:00+09:00,1446.8200630116366,1458.456685502347,1422.2538599756929,1446.173583984375,59300,0.0,0.0
2014-07-29 00:00:00+09:00,1446.8197862908983,1486.901478315043,1439.7085183511308,1485.6085205078125,96600,0.0,0.0
2014-07-30 00:00:00+09:00,1486.2549112171168,1486.9013900823702,1455.8704045502163,1475.2647705078125,60300,0.0,0.0
2014-07-31 00:00:00+09:00,1475.2649056378136,1477.20434241122,1452.6381432814055,1462.3353271484375,38400,0.0,0.0
2014-08-01 00:00:00+09:00,1437.1226835989676,1470.0931095384851,1435.183246778996,1451.99169921875,60200,0.0,0.0
2014-08-04 00:00:00+09:00,1453.2846438348136,1473.9719697257005,1439.7085862189188,1464.9212646484375,41100,0.0,0.0
2014-08-05 00:00:00+09:00,1480.4364013671875,1489.487104257642,1472.0321772546226,1480.4364013671875,84700,0.0,0.0
2014-08-06 00:00:00+09:00,1480.4364509565767,1483.6688449542985,1462.3350445693347,1472.0322265625,46100,0.0,0.0
2014-08-07 00:00:00+09:00,1477.8507166972088,1514.0535339041396,1473.9718434250376,1507.5887451171875,88700,0.0,0.0
2014-08-08 00:00:00+09:00,1484.9621828957156,1512.760778396158,1464.2748560116656,1473.3255615234375,67600,0.0,0.0
2014-08-11 00:00:00+09:00,1473.3251681444121,1485.6082652022199,1464.9209438417017,1484.3153076171875,53900,0.0,0.0
2014-08-12 00:00:00+09:00,1486.901471202566,1512.76062722348,1486.901471202566,1499.1845703125,27000,0.0,0.0
2014-08-13 00:00:00+09:00,1492.7198012622434,1518.578957628848,1492.7198012622434,1515.9930419921875,22000,0.0,0.0
2014-08-14 00:00:00+09:00,1519.2254455746754,1551.5493912252005,1519.2254455746754,1531.508544921875,28600,0.0,0.0
2014-08-15 00:00:00+09:00,1532.1552212899642,1554.781986161335,1531.5087422936392,1540.5594482421875,44800,0.0,0.0
2014-08-18 00:00:00+09:00,1547.0240813659568,1583.873380420641,1547.0240813659568,1579.9945068359375,54400,0.0,0.0
2014-08-19 00:00:00+09:00,1586.4591488844223,1590.3380221090788,1519.2253463237134,1534.0943603515625,66600,0.0,0.0
2014-08-20 00:00:00+09:00,1534.0943768433851,1543.1450811315467,1520.518320411143,1536.0338134765625,34700,0.0,0.0
2014-08-21 00:00:00+09:00,1536.033758271476,1538.6196736894415,1522.4577023271574,1529.5689697265625,21600,0.0,0.0
2014-08-22 00:00:00+09:00,1520.518531558388,1538.6199426483688,1459.7495086134525,1473.9720458984375,160900,0.0,0.0
2014-08-25 00:00:00+09:00,1473.9716517857144,1486.2547488839286,1426.7786997767857,1470.7392578125,149100,0.0,0.0
2014-08-26 00:00:00+09:00,1442.294473861529,1461.0423625849644,1414.4958802371248,1432.5972900390625,127900,0.0,0.0
2014-08-27 00:00:00+09:00,1420.876075866393,1447.5744805916552,1381.1540590800273,1428.0390625,171500,16.0,0.0
2014-08-28 00:00:00+09:00,1407.8521588766164,1423.4804899649785,1387.0143840921335,1416.3175048828125,67400,0.0,0.0
2014-08-29 00:00:00+09:00,1400.0382188727094,1407.85238567572,1359.6650237238218,1368.13037109375,127700,0.0,0.0
2014-09-01 00:00:00+09:00,1368.1303640568237,1392.2240449088479,1350.548488840482,1366.8280029296875,56700,0.0,0.0
2014-09-02 00:00:00+09:00,1364.8745292080107,1374.6422381479535,1336.2225829841784,1345.339111328125,98800,0.0,0.0
2014-09-03 00:00:00+09:00,1347.9436677077722,1380.502693497815,1344.687765128768,1359.6649169921875,66600,0.0,0.0
2014-09-04 00:00:00+09:00,1351.199621204251,1361.6185098496812,1337.5248298571234,1346.641357421875,79200,0.0,0.0
2014-09-05 00:00:00+09:00,1346.6414304025682,1354.4555973101264,1329.7107354361915,1337.52490234375,66500,0.0,0.0
2014-09-08 00:00:00+09:00,1335.5713361773576,1336.2225167410716,1293.2445995359494,1299.105224609375,125500,0.0,0.0
2014-09-09 00:00:00+09:00,1299.1052526434955,1331.0131009540376,1296.500530332431,1304.314697265625,95600,0.0,0.0
2014-09-10 00:00:00+09:00,1304.9656841987003,1333.6176253687315,1302.360962274152,1324.5010986328125,90800,0.0,0.0
2014-09-11 00:00:00+09:00,1334.9199009080467,1349.8970510157956,1326.4545551949711,1342.0828857421875,109300,0.0,0.0
2014-09-12 00:00:00+09:00,1328.408354585949,1339.4784242074984,1317.9894655303729,1322.5477294921875,124100,0.0,0.0
2014-09-16 00:00:00+09:00,1325.1524561940614,1360.3162068743952,1325.1524561940614,1345.990234375,95700,0.0,0.0
2014-09-17 00:00:00+09:00,1347.9437478182674,1354.4555533632831,1338.827220055245,1340.78076171875,68100,0.0,0.0
2014-09-18 00:00:00+09:00,1347.9436757128528,1353.153119870197,1334.9200653194919,1338.8271484375,78600,0.0,0.0
2014-09-19 00:00:00+09:00,1338.8269835448507,1348.594690136861,1333.617540029112,1342.0828857421875,69600,0.0,0.0
2014-09-22 00:00:00+09:00,1340.7808679411312,1352.502118850767,1333.6178812741314,1349.2462158203125,71100,0.0,0.0
2014-09-24 00:00:00+09:00,1343.3857187033848,1353.1534287278885,1317.3384919713756,1350.5487060546875,75200,0.0,0.0
2014-09-25 00:00:00+09:00,1353.804426342461,1373.33984375,1341.4319953176862,1373.33984375,76800,0.0,0.0
2014-09-26 00:00:00+09:00,1373.9912516659547,1385.712504049835,1365.5259027220413,1381.805419921875,82400,0.0,0.0
2014-09-29 00:00:00+09:00,1396.1313886433622,1431.9463263184484,1387.0148590533404,1427.3880615234375,81700,0.0,0.0
2014-09-30 00:00:00+09:00,1429.9923741892353,1445.6207061475875,1416.317583725677,1430.6435546875,110600,0.0,0.0
2014-10-01 00:00:00+09:00,1433.8994212626544,1448.225391865642,1431.2946993348387,1435.2017822265625,70300,0.0,0.0
2014-10-02 00:00:00+09:00,1419.57373046875,1431.294981454272,1401.3406733801608,1419.57373046875,100500,0.0,0.0
2014-10-03 00:00:00+09:00,1413.062147265086,1431.295207229797,1409.8062436999592,1415.6668701171875,62800,0.0,0.0
2014-10-06 00:00:00+09:00,1416.968876177658,1457.99325080964,1416.968876177658,1451.4814453125,64600,0.0,0.0
2014-10-07 00:00:00+09:00,1411.1081474801847,1415.6664109930416,1329.0594042487571,1387.6656494140625,333300,0.0,0.0
2014-10-08 00:00:00+09:00,1380.5029547275642,1413.061986678686,1375.944690254407,1396.782470703125,136200,0.0,0.0
2014-10-09 00:00:00+09:00,1397.4334699603874,1411.759442159422,1334.9201367282358,1340.78076171875,99300,0.0,0.0
2014-10-10 00:00:00+09:00,1308.8730101994377,1335.5714148850977,1301.7100235764556,1313.4312744140625,86600,0.0,0.0
2014-10-14 00:00:00+09:00,1289.3374475173794,1289.3374475173794,1250.9177963034776,1252.871337890625,160600,0.0,0.0
2014-10-15 00:00:00+09:00,1271.7557042202102,1282.8257743542315,1243.7549385870975,1254.173828125,72400,0.0,0.0
2014-10-16 00:00:00+09:00,1237.24334121009,1244.4063289749906,1197.5213181501872,1200.7772216796875,141200,0.0,0.0
2014-10-17 00:00:00+09:00,1198.172230677607,1247.0107726889225,1185.1486194745896,1230.080078125,104400,0.0,0.0
2014-10-20 00:00:00+09:00,1271.1043339187154,1301.7098173686027,1270.4531534197818,1297.802734375,84400,0.0,0.0
2014-10-21 00:00:00+09:00,1305.617258253736,1308.8731616409025,1277.6164891241046,1284.1282958984375,102800,0.0,0.0
2014-10-22 00:00:00+09:00,1294.5468318803312,1306.268080861139,1283.476763398457,1297.802734375,50200,0.0,0.0
2014-10-23 00:00:00+09:00,1284.1279368608314,1299.1050882542386,1277.616131907176,1285.4302978515625,56700,0.0,0.0
2014-10-24 00:00:00+09:00,1295.1980276626896,1299.1051107023961,1248.9642116928298,1256.127197265625,55900,0.0,0.0
2014-10-27 00:00:00+09:00,1269.8019944984494,1293.89567336842,1259.383106338462,1279.5697021484375,37400,0.0,0.0
2014-10-28 00:00:00+09:00,1293.8957144532212,1324.5011993949936,1293.8957144532212,1320.5941162109375,63200,0.0,0.0
2014-10-29 00:00:00+09:00,1334.9202444257528,1344.03677292427,1320.5942710709398,1338.1761474609375,45500,0.0,0.0
2014-10-30 00:00:00+09:00,1351.199535287569,1351.199535287569,1295.8491928781987,1297.802734375,81900,0.0,0.0
2014-10-31 00:00:00+09:00,1286.7328803920027,1299.7564925417194,1256.7785724476544,1292.593505859375,164800,0.0,0.0
2014-11-04 00:00:00+09:00,1321.896160100418,1321.896160100418,1274.3599927667576,1275.662353515625,210400,0.0,0.0
2014-11-05 00:00:00+09:00,1300.4077241437587,1308.873072373037,1271.1045956577952,1290.6400146484375,71100,0.0,0.0
2014-11-06 00:00:00+09:00,1295.849258044662,1308.221688146596,1277.6162031576016,1287.3839111328125,96900,0.0,0.0
2014-11-07 00:00:00+09:00,1289.3375398667863,1298.4540679264503,1273.709206050219,1280.8721923828125,39500,0.0,0.0
2014-11-10 00:00:00+09:00,1283.4769426794896,1295.198193297567,1275.6627756007713,1286.0816650390625,42600,0.0,0.0
2014-11-11 00:00:00+09:00,1286.0816997845168,1295.1982282893184,1273.709268242286,1292.593505859375,51700,0.0,0.0
2014-11-12 00:00:00+09:00,1297.1517580113925,1306.2682864311512,1273.7092563605843,1278.918701171875,55300,0.0,0.0
2014-11-13 00:00:00+09:00,1276.3137708555687,1299.1050881922754,1273.7090488742308,1296.5003662109375,50600,0.0,0.0
2014-11-14 00:00:00+09:00,1308.8729376067438,1322.5477294921875,1299.1052291171413,1322.5477294921875,89000,0.0,0.0
2014-11-17 00:00:00+09:00,1328.4085616531904,1345.339259007594,1301.7101542866312,1303.6636962890625,122100,0.0,0.0
2014-11-18 00:00:00+09:00,1309.5241662752176,1315.3847915842562,1280.2210397300237,1286.0816650390625,148400,0.0,0.0
2014-11-19 00:00:00+09:00,1293.244845766486,1293.244845766486,1262.639353444721,1264.5928955078125,89900,0.0,0.0
2014-11-20 00:00:00+09:00,1261.3370562998584,1278.2677550421383,1254.8252490912892,1265.244140625,69800,0.0,0.0
2014-11-21 00:00:00+09:00,1265.2440761955095,1278.9188706371492,1250.2669203784758,1264.5928955078125,61000,0.0,0.0
2014-11-25 00:00:00+09:00,1254.1737588505823,1269.8020922942032,1228.1265364445474,1230.080078125,169900,0.0,0.0
2014-11-26 00:00:00+09:00,1238.5451960422613,1272.4065788993578,1238.5451960422613,1254.82470703125,125000,0.0,0.0
2014-11-27 00:00:00+09:00,1261.98830338807,1288.0355335921581,1261.98830338807,1278.267822265625,95900,0.0,0.0
2014-11-28 00:00:00+09:00,1284.1280348892553,1317.989423233191,1283.4768543441796,1314.7335205078125,123700,0.0,0.0
2014-12-01 00:00:00+09:00,1328.4084818025915,1338.1761912276106,1327.1061205459223,1334.9202880859375,60300,0.0,0.0
2014-12-02 00:00:00+09:00,1329.7109032578355,1333.6179872047244,1304.314857603058,1323.1990966796875,39600,0.0,0.0
2014-12-03 00:00:00+09:00,1331.6640691098678,1331.6640691098678,1310.17511347142,1310.8262939453125,96000,0.0,0.0
2014-12-04 00:00:00+09:00,1315.384651165056,1329.0594420930097,1301.7098602371025,1305.616943359375,65700,0.0,0.0
2014-12-05 00:00:00+09:00,1305.6170880806483,1305.6170880806483,1293.2446568220287,1298.4541015625,33400,0.0,0.0
2014-12-08 00:00:00+09:00,1291.9421466764857,1299.1051323687443,1266.546106494841,1271.1043701171875,84300,0.0,0.0
2014-12-09 00:00:00+09:00,1263.2901900225756,1269.8019951257847,1250.2665798161574,1257.4295654296875,60500,0.0,0.0
2014-12-10 00:00:00+09:00,1250.2669407034518,1256.7787476862823,1235.9409653412247,1245.0574951171875,72500,0.0,0.0
2014-12-11 00:00:00+09:00,1237.2430771433246,1247.6619662140051,1225.5218269388088,1243.7548828125,45500,0.0,0.0
2014-12-12 00:00:00+09:00,1230.0801356687384,1243.7549280716203,1224.8706909438313,1229.428955078125,91900,0.0,0.0
2014-12-15 00:00:00+09:00,1229.428955078125,1245.057289252847,1222.917149171991,1229.428955078125,65000,0.0,0.0
2014-12-16 00:00:00+09:00,1223.5685328718298,1226.173255666661,1172.125257673919,1174.72998046875,122200,0.0,0.0
2014-12-17 00:00:00+09:00,1174.7295644659746,1199.4744222540605,1174.0783839978671,1187.753173828125,88100,0.0,0.0
2014-12-18 00:00:00+09:00,1209.2422095914562,1209.893390102814,1186.4508916939328,1191.0091552734375,56200,0.0,0.0
2014-12-19 00:00:00+09:00,1195.5677011868825,1204.6842304987651,1179.9393652236554,1186.451171875,76600,0.0,0.0
2014-12-22 00:00:00+09:00,1193.613919980755,1198.8233642578125,1188.404475703698,1198.8233642578125,32900,0.0,0.0
2014-12-24 00:00:00+09:00,1199.474719850587,1230.0802094450373,1199.474719850587,1220.3125,79900,0.0,0.0
2014-12-25 00:00:00+09:00,1222.2658271393707,1224.219368685145,1189.0556208612097,1192.3115234375,90200,0.0,0.0
2014-12-26 00:00:00+09:00,1205.9866673268878,1208.591390150488,1194.916595326587,1200.7772216796875,48500,0.0,0.0
2014-12-29 00:00:00+09:00,1232.6846781686952,1234.6382196554919,1195.5673899195585,1207.9398193359375,130400,0.0,0.0
2014-12-30 00:00:00+09:00,1219.0101089518057,1228.7778181581502,1208.5912191317047,1226.173095703125,58600,0.0,0.0
2015-01-05 00:00:00+09:00,1234.6383548756544,1249.6155079147577,1220.963562970386,1243.7548828125,77400,0.0,0.0
2015-01-06 00:00:00+09:00,1233.9872932230523,1233.9872932230523,1217.0565968516541,1220.3125,84100,0.0,0.0
2015-01-07 00:00:00+09:00,1221.6147249435996,1233.3359749697108,1216.40528048755,1217.7076416015625,62000,0.0,0.0
2015-01-08 00:00:00+09:00,1229.4287983425415,1238.545325448895,1176.68317722721,1178.63671875,326200,0.0,0.0
2015-01-09 00:00:00+09:00,1176.0320130630062,1178.636735129591,1118.728127598142,1125.89111328125,427400,0.0,0.0
2015-01-13 00:00:00+09:00,1138.9149987854933,1155.845696308891,1120.6819399141418,1154.5433349609375,161900,0.0,0.0
2015-01-14 00:00:00+09:00,1154.5431222199015,1154.5431222199015,1123.9376361824875,1126.5423583984375,102100,0.0,0.0
2015-01-15 00:00:00+09:00,1126.5424507057758,1140.2172434600077,1121.3330058470206,1132.403076171875,82500,0.0,0.0
2015-01-16 00:00:00+09:00,1123.2865496379573,1125.8912720719004,1108.3093956427845,1121.3330078125,118200,0.0,0.0
2015-01-19 00:00:00+09:00,1121.3328500908112,1123.286391641492,1107.6580592360451,1114.821044921875,69600,0.0,0.0
2015-01-20 00:00:00+09:00,1114.8211391157176,1166.9155848687885,1114.8211391157176,1166.264404296875,110000,0.0,0.0
2015-01-21 00:00:00+09:00,1163.008563816119,1178.6368983802774,1153.89203532036,1177.9857177734375,109200,0.0,0.0
2015-01-22 00:00:00+09:00,1176.032163888816,1177.9857056892959,1150.6361204825791,1164.3109130859375,52900,0.0,0.0
2015-01-23 00:00:00+09:00,1169.5204978365716,1183.8464727543915,1164.9622330899927,1179.2882080078125,93700,0.0,0.0
2015-01-26 00:00:00+09:00,1178.6367483096274,1178.6367483096274,1157.1477910200042,1161.7060546875,47700,0.0,0.0
2015-01-27 00:00:00+09:00,1174.7298721718576,1178.6369560039147,1166.9157045077432,1177.3345947265625,77900,0.0,0.0
2015-01-28 00:00:00+09:00,1179.2881181486543,1201.4282595164368,1177.3345762632619,1196.8699951171875,76800,0.0,0.0
2015-01-29 00:00:00+09:00,1193.613747682869,1194.9161085641379,1181.8924997514496,1189.7066650390625,56100,0.0,0.0
2015-01-30 00:00:00+09:00,1185.1488203968077,1194.2653497844753,1162.3574969276383,1176.6834716796875,117500,0.0,0.0
2015-02-02 00:00:00+09:00,1172.7761567237255,1205.9863643821986,1162.3572680465575,1201.4281005859375,120500,0.0,0.0
2015-02-03 00:00:00+09:00,1209.242446021696,1210.5448072990484,1171.4739689784767,1177.3345947265625,71600,0.0,0.0
2015-02-04 00:00:00+09:00,1178.636919630161,1217.7077567449728,1178.636919630161,1216.4053955078125,113000,0.0,0.0
2015-02-05 00:00:00+09:00,1216.40528048755,1220.3123638295872,1205.335211018445,1217.7076416015625,73400,0.0,0.0
2015-02-06 00:00:00+09:00,1224.2192954484426,1229.4287392588615,1204.6838811593718,1212.498046875,41300,0.0,0.0
2015-02-09 00:00:00+09:00,1223.5684375803437,1233.3361473002506,1211.1960052684615,1226.8243408203125,70700,0.0,0.0
2015-02-10 00:00:00+09:00,1229.4288388448545,1260.6855042392153,1226.1729361996086,1252.871337890625,152400,0.0,0.0
2015-02-12 00:00:00+09:00,1255.4762282506902,1260.0344925648783,1233.9872679123744,1238.5455322265625,86000,0.0,0.0
2015-02-13 00:00:00+09:00,1244.4059124124462,1244.4059124124462,1224.2193172869695,1227.4752197265625,111600,0.0,0.0
2015-02-16 00:00:00+09:00,1227.4756162635451,1247.6622179103197,1226.173254866979,1245.0574951171875,75100,0.0,0.0
2015-02-17 00:00:00+09:00,1252.220156115336,1282.1744604217872,1245.708350831325,1275.011474609375,142400,0.0,0.0
2015-02-18 00:00:00+09:00,1289.3374861802636,1321.896513609058,1287.3839445345359,1316.035888671875,170000,0.0,0.0
2015-02-19 00:00:00+09:00,1318.6407952638397,1334.9203112547511,1291.9423890387445,1327.75732421875,124700,0.0,0.0
2015-02-20 00:00:00+09:00,1328.408319094817,1332.3154023862724,1309.5240831861163,1316.035888671875,99500,0.0,0.0
2015-02-23 00:00:00+09:00,1321.8968401398229,1351.8511527735332,1318.6409365926804,1331.66455078125,131900,0.0,0.0
2015-02-24 00:00:00+09:00,1321.89664805204,1357.7115818662578,1319.9431062076283,1329.7108154296875,215000,0.0,0.0
2015-02-25 00:00:00+09:00,1311.989847204934,1329.054247418705,1287.0495699694227,1326.428955078125,175000,16.0,0.0
2015-02-26 00:00:00+09:00,1326.4290040390663,1334.30488135152,1322.4910653828395,1327.0853271484375,68300,0.0,0.0
2015-02-27 00:00:00+09:00,1325.7728025165004,1328.3980951947508,1315.9279549730609,1323.8038330078125,60700,0.0,0.0
2015-03-02 00:00:00+09:00,1314.6152365472842,1342.1808081573622,1314.6152365472842,1327.74169921875,70100,0.0,0.0
2015-03-03 00:00:00+09:00,1325.7728025165004,1327.0854488556256,1315.9279549730609,1323.8038330078125,42200,0.0,0.0
2015-03-04 00:00:00+09:00,1311.3336927861226,1327.7417720251883,1300.176198903558,1323.8038330078125,48900,0.0,0.0
2015-03-05 00:00:00+09:00,1313.9591552004872,1325.1166505243673,1306.0832761483364,1317.8970947265625,66500,0.0,0.0
2015-03-06 00:00:00+09:00,1317.896949565117,1334.3050291164755,1317.896949565117,1332.3360595703125,68100,0.0,0.0
2015-03-09 00:00:00+09:00,1333.6486090453263,1344.8061023296623,1325.772731432854,1337.5865478515625,52400,0.0,0.0
2015-03-10 00:00:00+09:00,1345.4628386103946,1399.2813521548105,1344.806515274487,1367.77783203125,124600,0.0,0.0
2015-03-11 00:00:00+09:00,1363.183106755548,1382.2164770472718,1346.7750289178546,1369.746337890625,59100,0.0,0.0
2015-03-12 00:00:00+09:00,1377.6222916082083,1390.7487546059044,1376.3096453084386,1388.77978515625,51000,0.0,0.0
2015-03-13 00:00:00+09:00,1417.657961777746,1441.9419176044944,1394.0303290814504,1434.0660400390625,165000,0.0,0.0
2015-03-16 00:00:00+09:00,1430.7846921279222,1455.7249757521704,1427.5030758615737,1445.880126953125,99800,0.0,0.0
2015-03-17 00:00:00+09:00,1445.8797358287466,1449.8176742831145,1437.3475358442827,1443.9107666015625,89900,0.0,0.0
2015-03-18 00:00:00+09:00,1443.9111569739655,1461.631884809555,1438.6605709486055,1459.006591796875,58500,0.0,0.0
2015-03-19 00:00:00+09:00,1444.5674560546877,1462.9445068359375,1434.7226074218752,1453.7559814453125,37000,0.0,0.0
2015-03-20 00:00:00+09:00,1476.7269680867842,1548.9225087488046,1476.0706449898566,1544.3282470703125,180600,0.0,0.0
2015-03-23 00:00:00+09:00,1545.6411160670868,1595.5216786238166,1523.3261275548657,1581.7388916015625,147600,0.0,0.0
2015-03-24 00:00:00+09:00,1588.3019760886216,1669.6860442848981,1571.2375746926282,1579.769775390625,216800,0.0,0.0
2015-03-25 00:00:00+09:00,1565.3308317029084,1565.3308317029084,1501.6674813149914,1514.7939453125,104400,0.0,0.0
2015-03-26 00:00:00+09:00,1498.3859130002365,1526.6078114930137,1491.822680792614,1495.7606201171875,48300,0.0,0.0
2015-03-27 00:00:00+09:00,1486.5718088508736,1541.702948781767,1486.5718088508736,1518.0753173828125,62000,0.0,0.0
2015-03-30 00:00:00+09:00,1508.8869881283454,1524.6387444202462,1501.0111099823948,1517.419189453125,41200,0.0,0.0
2015-03-31 00:00:00+09:00,1517.4190406699543,1554.8294581951218,1501.0109628080388,1505.605224609375,67900,0.0,0.0
2015-04-01 00:00:00+09:00,1502.3239976355578,1541.047071405981,1476.727389550024,1523.982666015625,93900,0.0,0.0
2015-04-02 00:00:00+09:00,1535.139896852367,1590.2710432121783,1533.1709273395165,1574.519287109375,111500,0.0,0.0
2015-04-03 00:00:00+09:00,1575.1758055325322,1591.5838868401627,1559.4240474772068,1583.7080078125,51900,0.0,0.0
2015-04-06 00:00:00+09:00,1578.4573731177284,1588.302221598712,1563.36193878022,1583.0516357421875,49700,0.0,0.0
2015-04-07 00:00:00+09:00,1581.7388903219994,1590.2710918050643,1556.7986090638103,1565.330810546875,37100,0.0,0.0
2015-04-08 00:00:00+09:00,1565.987037687266,1583.0514396067415,1565.987037687266,1577.14453125,53300,0.0,0.0
2015-04-09 00:00:00+09:00,1573.2066144846906,1578.4571997645728,1549.5789807252208,1559.423828125,50200,0.0,0.0
2015-04-10 00:00:00+09:00,1562.0491468613225,1583.7078115026768,1544.3284212456688,1574.519287109375,106100,0.0,0.0
2015-04-13 00:00:00+09:00,1591.5835564011422,1659.184837353438,1591.5835564011422,1651.3089599609375,187900,0.0,0.0
2015-04-14 00:00:00+09:00,1658.5282487811464,1768.1341916170988,1567.9556732640124,1732.6927490234375,468600,0.0,0.0
2015-04-15 00:00:00+09:00,1758.9463611216274,1824.5786880291507,1739.9129863184455,1787.8245849609375,297900,0.0,0.0
2015-04-16 00:00:00+09:00,1794.3876442557812,1805.5451387518851,1742.5381110091803,1754.3519287109375,128000,0.0,0.0
2015-04-17 00:00:00+09:00,1772.0728274480523,1795.0441418779346,1743.1946035933433,1764.853271484375,167400,0.0,0.0
2015-04-20 00:00:00+09:00,1752.3828363364862,1803.57604279126,1732.6931415461886,1747.78857421875,132400,0.0,0.0
2015-04-21 00:00:00+09:00,1758.9458730921606,1768.7907193967808,1739.25618048292,1755.0079345703125,52200,0.0,0.0
2015-04-22 00:00:00+09:00,1760.9148921681872,1784.5425239676858,1753.6953380072293,1758.9459228515625,59400,0.0,0.0
2015-04-23 00:00:00+09:00,1740.5690915201762,1758.9461407519127,1731.3805669043081,1737.2874755859375,73400,0.0,0.0
2015-04-24 00:00:00+09:00,1739.913083710603,1778.6361587535775,1736.6314671815373,1762.8843994140625,74800,0.0,0.0
2015-04-27 00:00:00+09:00,1765.5092042195047,1769.4471429649757,1757.6333267285627,1766.16552734375,32500,0.0,0.0
2015-04-28 00:00:00+09:00,1758.28989222098,1766.1657707975576,1732.6932868471024,1749.7576904296875,56700,0.0,0.0
2015-04-30 00:00:00+09:00,1749.7573192173866,1749.7573192173866,1718.2538115945679,1730.067626953125,59200,0.0,0.0
2015-05-01 00:00:00+09:00,1707.0967529296877,1714.9726318359376,1675.5932373046876,1680.1875,86200,0.0,0.0
2015-05-07 00:00:00+09:00,1680.1868518149183,1706.4397713745263,1642.7764414424769,1645.4017333984375,94400,0.0,0.0
2015-05-08 00:00:00+09:00,1640.8078381969672,1657.2159165789367,1619.149174732767,1648.6837158203125,106000,0.0,0.0
2015-05-11 00:00:00+09:00,1673.6239009628325,1804.8885206461919,1673.6239009628325,1783.2298583984375,200300,0.0,0.0
2015-05-12 00:00:00+09:00,1739.25639838203,1764.85300198086,1697.908038722382,1756.32080078125,136700,0.0,0.0
2015-05-13 00:00:00+09:00,1758.9465588250798,1783.8868458531965,1747.7890619967118,1751.0706787109375,67500,0.0,0.0
2015-05-14 00:00:00+09:00,1751.726907095288,1751.726907095288,1715.62912519561,1723.5050048828125,29300,0.0,0.0
2015-05-15 00:00:00+09:00,1723.5042268695254,1758.9456694631867,1720.2226118145568,1732.6927490234375,36800,0.0,0.0
2015-05-18 00:00:00+09:00,1726.1299135554664,1782.573705405569,1726.1299135554664,1777.3231201171875,69400,0.0,0.0
2015-05-19 00:00:00+09:00,1791.7620678482767,1844.2679159903507,1791.105744746501,1825.890869140625,122300,0.0,0.0
2015-05-20 00:00:00+09:00,1840.9865193194653,1840.9865193194653,1779.29214041892,1797.669189453125,68300,0.0,0.0
2015-05-21 00:00:00+09:00,1817.3587352279699,1818.0150583537293,1773.3850858020853,1789.1368408203125,57900,0.0,0.0
2015-05-22 00:00:00+09:00,1791.761907893404,1797.6688152820634,1756.3204635614466,1771.4158935546875,28400,0.0,0.0
2015-05-25 00:00:00+09:00,1765.5088895378424,1792.418132835631,1765.5088895378424,1773.384765625,33800,0.0,0.0
2015-05-26 00:00:00+09:00,1773.3852770882008,1783.8864482330607,1751.0702884053737,1755.66455078125,36200,0.0,0.0
2015-05-27 00:00:00+09:00,1768.1344271348512,1790.4494124810224,1753.6953189696817,1783.2298583984375,36700,0.0,0.0
2015-05-28 00:00:00+09:00,1792.4185270121898,1804.8886668925381,1760.91501573552,1768.7908935546875,32800,0.0,0.0
2015-05-29 00:00:00+09:00,1772.0724835491822,1783.2299769641215,1737.2873570202537,1760.2586669921875,72700,0.0,0.0
2015-06-01 00:00:00+09:00,1737.2877904873505,1772.7292490012594,1730.068234123406,1762.8843994140625,53300,0.0,0.0
2015-06-02 00:00:00+09:00,1770.1035923523705,1819.3278301819691,1768.7909460102478,1802.263427734375,60400,0.0,0.0
2015-06-03 00:00:00+09:00,1785.8553958301104,1802.26347554189,1764.8530537990323,1789.7933349609375,51100,0.0,0.0
2015-06-04 00:00:00+09:00,1798.3252583106419,1824.5781817896293,1745.8194113526667,1755.0079345703125,110100,0.0,0.0
2015-06-05 00:00:00+09:00,1766.1656972005694,1780.6048073226104,1742.5380624554114,1753.695556640625,50300,0.0,0.0
2015-06-08 00:00:00+09:00,1778.6351622449122,1861.9881753833267,1768.7903181734457,1844.2674560546875,115100,0.0,0.0
2015-06-09 00:00:00+09:00,1844.2680363322413,1844.2680363322413,1802.9196782223014,1806.2012939453125,71200,0.0,0.0
2015-06-10 00:00:00+09:00,1811.4515534457782,1830.484921217491,1782.5733402749036,1783.885986328125,42400,0.0,0.0
2015-06-11 00:00:00+09:00,1833.7664181131713,1896.7734246052487,1822.6089273801992,1863.957275390625,131800,0.0,0.0
2015-06-12 00:00:00+09:00,1870.5212650136052,1871.8339115153692,1829.1729002080413,1842.9556884765625,114200,0.0,0.0
2015-06-15 00:00:00+09:00,1837.704745012835,1912.5255810597862,1831.1415137806464,1885.6163330078125,149400,0.0,0.0
2015-06-16 00:00:00+09:00,1878.3963810450593,1894.148132668079,1834.4227410974638,1863.957275390625,115200,0.0,0.0
2015-06-17 00:00:00+09:00,1896.773567902757,1968.9691016291595,1870.5206465477015,1923.0264892578125,231000,0.0,0.0
2015-06-18 00:00:00+09:00,1923.0267834136455,1968.9694028126062,1923.0267834136455,1930.246337890625,137900,0.0,0.0
2015-06-19 00:00:00+09:00,1949.9359898681641,2008.348747558594,1949.9359898681641,1968.9693603515625,94600,0.0,0.0
2015-06-22 00:00:00+09:00,1988.6591491081037,1995.2223806233121,1932.2153580773127,1944.0291748046875,67300,0.0,0.0
2015-06-23 00:00:00+09:00,1962.4059048526583,1975.5323657546828,1926.9644604171922,1951.2484130859375,54400,0.0,0.0
2015-06-24 00:00:00+09:00,1959.1242294781505,1959.1242294781505,1910.556325631791,1917.77587890625,70700,0.0,0.0
2015-06-25 00:00:00+09:00,1916.4635292102312,1957.8118861760684,1904.6497129342777,1938.1221923828125,81400,0.0,0.0
2015-06-26 00:00:00+09:00,1936.8099118070588,1963.7191650717452,1932.8719723049096,1961.0938720703125,43700,0.0,0.0
2015-06-29 00:00:00+09:00,1949.2797525420442,1953.8740145850727,1891.5233154296875,1891.5233154296875,49300,0.0,0.0
2015-06-30 00:00:00+09:00,1907.931855951449,1959.781397272455,1903.9939161042842,1951.905517578125,64400,0.0,0.0
2015-07-01 00:00:00+09:00,1949.279592929178,2021.4751334080365,1949.279592929178,1963.0623779296875,81900,0.0,0.0
2015-07-02 00:00:00+09:00,1991.94106508865,1998.5042975930608,1932.2156492985127,1941.4041748046875,48900,0.0,0.0
2015-07-03 00:00:00+09:00,1923.027392978629,1945.3423866172889,1909.244602790045,1920.402099609375,78900,0.0,0.0
2015-07-06 00:00:00+09:00,1927.6209914214037,1951.9049467099946,1899.3990974373653,1903.3370361328125,77700,0.0,0.0
2015-07-07 00:00:00+09:00,1903.9938252695342,1964.3755667120702,1838.3614976146036,1865.270751953125,168400,0.0,0.0
2015-07-08 00:00:00+09:00,1837.7044471900515,1899.398810774289,1811.451526515908,1848.8619384765625,139900,0.0,0.0
2015-07-09 00:00:00+09:00,1750.413850999915,1834.4232146774511,1746.4759120775304,1811.451904296875,97900,0.0,0.0
2015-07-10 00:00:00+09:00,1806.201636495044,1820.6407484146994,1756.3210680453265,1787.8245849609375,99100,0.0,0.0
2015-07-13 00:00:00+09:00,1798.325518363786,1867.8957756435527,1798.325518363786,1860.0198974609375,37600,0.0,0.0
2015-07-14 00:00:00+09:00,1902.0245076069077,1902.0245076069077,1861.3324719024122,1870.52099609375,49400,0.0,0.0
2015-07-15 00:00:00+09:00,1870.5211670178776,1896.11777246128,1846.8935312239676,1871.177490234375,43100,0.0,0.0
2015-07-16 00:00:00+09:00,1865.9265676897903,1900.7116918852032,1847.549520945044,1889.55419921875,49300,0.0,0.0
2015-07-17 00:00:00+09:00,1886.2730484173096,1903.337453169867,1823.26601548479,1828.5166015625,69500,0.0,0.0
2015-07-21 00:00:00+09:00,1832.4540234516378,1835.7356388231485,1793.7309620678102,1813.420654296875,73100,0.0,0.0
2015-07-22 00:00:00+09:00,1815.3898189470094,1828.5162818461201,1800.9507097579879,1812.7645263671875,51900,0.0,0.0
2015-07-23 00:00:00+09:00,1814.0766009021909,1847.5490707451763,1808.1696944593111,1844.2674560546875,51800,0.0,0.0
2015-07-24 00:00:00+09:00,1837.0480705555929,1847.5492385187545,1823.9216106016406,1835.0791015625,30300,0.0,0.0
2015-07-27 00:00:00+09:00,1826.5473038192824,1850.831260068407,1753.0391119300407,1756.97705078125,111800,0.0,0.0
2015-07-28 00:00:00+09:00,1743.1941077421989,1824.5781700012474,1673.6238609723673,1808.826416015625,85300,0.0,0.0
2015-07-29 00:00:00+09:00,1804.2325191832426,1804.2325191832426,1764.1968030427633,1795.7003173828125,26200,0.0,0.0
2015-07-30 00:00:00+09:00,1789.1371078606633,1789.1371078606633,1713.0036139091458,1735.318603515625,107100,0.0,0.0
2015-07-31 00:00:00+09:00,1746.475508130382,1748.444477136166,1718.9099420494063,1734.00537109375,39500,0.0,0.0
2015-08-03 00:00:00+09:00,1735.9744909690871,1753.69521356121,1723.5043528487042,1749.1009521484375,25500,0.0,0.0
2015-08-04 00:00:00+09:00,1755.0078174750777,1791.761907893404,1739.2560644386522,1771.4158935546875,91500,0.0,0.0
2015-08-05 00:00:00+09:00,1783.2299326884774,1800.950657083983,1751.0700995262634,1789.1368408203125,79800,0.0,0.0
2015-08-06 00:00:00+09:00,1804.232470747514,1834.4233378462357,1796.3565923739345,1804.8887939453125,72100,0.0,0.0
2015-08-07 00:00:00+09:00,1777.3231053994903,1857.3945303842531,1777.3231053994903,1850.831298828125,82200,0.0,0.0
2015-08-10 00:00:00+09:00,1859.3632514170447,1934.184081159912,1859.3632514170447,1930.9024658203125,117700,0.0,0.0
2015-08-11 00:00:00+09:00,1930.9025297578696,1931.558852847522,1874.4587440477483,1890.8668212890625,60900,0.0,0.0
2015-08-12 00:00:00+09:00,1890.2104616116753,1951.2485077678855,1884.9598769960871,1939.4346923828125,103000,0.0,0.0
2015-08-13 00:00:00+09:00,1923.6830807044857,1943.3727744680937,1890.2106013063526,1921.714111328125,55400,0.0,0.0
2015-08-14 00:00:00+09:00,1908.5878677445883,1995.2225302419354,1907.9315445438508,1932.871826171875,65800,0.0,0.0
2015-08-17 00:00:00+09:00,1942.059995214197,1988.6589339300497,1942.059995214197,1982.095703125,62000,0.0,0.0
2015-08-18 00:00:00+09:00,1982.0961914062502,1982.0961914062502,1916.4638671875002,1936.153564453125,59200,0.0,0.0
2015-08-19 00:00:00+09:00,1919.7451841897805,1936.1532626871292,1869.2083024179472,1879.70947265625,60400,0.0,0.0
2015-08-20 00:00:00+09:00,1869.8641478901661,1934.1837991689433,1863.9572411400743,1899.398681640625,43700,0.0,0.0
2015-08-21 00:00:00+09:00,1844.923981110619,1897.4298219106365,1844.923981110619,1863.301025390625,72400,0.0,0.0
2015-08-24 00:00:00+09:00,1798.3255573776532,1825.2348084187056,1733.3495609614533,1739.2564697265625,84800,0.0,0.0
2015-08-25 00:00:00+09:00,1607.9915506506143,1721.5354438190045,1543.0155655426913,1599.4593505859375,161000,0.0,0.0
2015-08-26 00:00:00+09:00,1607.991661215728,1682.8124976967865,1607.991661215728,1669.68603515625,88300,0.0,0.0
2015-08-27 00:00:00+09:00,1752.3763678635523,1758.9916051903306,1686.885518328448,1696.1468505859375,47200,20.0,0.0
2015-08-28 00:00:00+09:00,1736.5001963677807,1736.5001963677807,1685.562857274326,1698.7933349609375,51000,0.0,0.0
2015-08-31 00:00:00+09:00,1700.115924655758,1749.730202612638,1673.6549764120887,1743.7764892578125,46600,0.0,0.0
2015-09-01 00:00:00+09:00,1744.4381930262432,1796.0370474274746,1708.0543854356313,1725.91552734375,108500,0.0,0.0
2015-09-02 00:00:00+09:00,1663.0709009224863,1784.1297612521662,1655.1326149992285,1741.792236328125,68400,0.0,0.0
2015-09-03 00:00:00+09:00,1772.8839989846997,1809.2678123966991,1743.7769482551003,1751.0537109375,90300,0.0,0.0
2015-09-04 00:00:00+09:00,1784.129577315481,1796.037004972759,1723.9309152703536,1759.6531982421875,62100,0.0,0.0
2015-09-07 00:00:00+09:00,1740.4693718278581,1753.0383258623428,1694.8242229657822,1723.9312744140625,64300,0.0,0.0
2015-09-08 00:00:00+09:00,1727.2384285962758,1766.2683279785738,1665.0551990719364,1667.7012939453125,31400,0.0,0.0
2015-09-09 00:00:00+09:00,1719.9616959951454,1771.560546875,1698.1314129305918,1771.560546875,41600,0.0,0.0
2015-09-10 00:00:00+09:00,1741.1308571530149,1756.3459064366468,1720.6236168142066,1744.4384765625,27800,0.0,0.0
2015-09-11 00:00:00+09:00,1741.1300268471803,1766.2679223715697,1732.5302204835734,1753.698974609375,43500,0.0,0.0
2015-09-14 00:00:00+09:00,1757.668487085739,1787.4370538598669,1732.530586254253,1743.7764892578125,43200,0.0,0.0
2015-09-15 00:00:00+09:00,1747.7457689925834,1798.0215746108408,1747.7457689925834,1762.9608154296875,40200,0.0,0.0
2015-09-16 00:00:00+09:00,1776.1913269923612,1788.7602786545044,1731.2077105173216,1788.0987548828125,51300,0.0,0.0
2015-09-17 00:00:00+09:00,1788.09875823714,1803.3138050145924,1753.6995220446383,1781.4835205078125,29900,0.0,0.0
2015-09-18 00:00:00+09:00,1780.1601985413697,1816.5440004439247,1757.0068700579257,1798.682861328125,40500,0.0,0.0
2015-09-24 00:00:00+09:00,1773.5452009696792,1825.805578021751,1773.5452009696792,1801.99072265625,37100,0.0,0.0
2015-09-25 00:00:00+09:00,1783.4682642680777,1900.5579833984375,1780.822168920499,1900.5579833984375,67100,0.0,0.0
2015-09-28 00:00:00+09:00,1878.7275585663763,1913.1267955542114,1854.9127021901827,1887.9888916015625,50200,0.0,0.0
2015-09-29 00:00:00+09:00,1887.988767862663,1946.8643811562079,1835.06686827296,1839.0360107421875,131800,0.0,0.0
2015-09-30 00:00:00+09:00,1872.1125152692764,1954.8029973924777,1832.4210838501397,1925.034423828125,91200,0.0,0.0
2015-10-01 00:00:00+09:00,1931.6494380482457,1957.4488654742324,1881.373630756579,1885.3427734375,105500,0.0,0.0
2015-10-02 00:00:00+09:00,1885.3426419771633,1898.573116657705,1792.729319213373,1797.3599853515625,130400,0.0,0.0
2015-10-05 00:00:00+09:00,1814.5602072601428,1858.8823122132706,1792.729916760841,1843.0057373046875,132900,0.0,0.0
2015-10-06 00:00:00+09:00,1868.1434196229118,1909.157899798769,1682.2552110839465,1702.762451171875,277800,0.0,0.0
2015-10-07 00:00:00+09:00,1680.270776465236,1715.9930685633158,1633.9641015232808,1647.194580078125,204300,0.0,0.0
2015-10-08 00:00:00+09:00,1638.594534017586,1660.4248205022773,1605.5183423741144,1633.9638671875,147600,0.0,0.0
2015-10-09 00:00:00+09:00,1639.255911759504,1688.2086710291583,1609.487341933363,1680.2703857421875,119400,0.0,0.0
2015-10-13 00:00:00+09:00,1650.501742920318,1680.270311429903,1620.7331744107332,1629.9945068359375,129200,0.0,0.0
2015-10-14 00:00:00+09:00,1629.9945844808242,1645.8711551088843,1592.2877292391818,1621.394775390625,94000,0.0,0.0
2015-10-15 00:00:00+09:00,1621.3947686720646,1653.8094335700373,1621.3947686720646,1634.625244140625,43000,0.0,0.0
2015-10-16 00:00:00+09:00,1641.240453371574,1641.240453371574,1570.4574108440615,1592.94921875,100100,0.0,0.0
2015-10-19 00:00:00+09:00,1594.2724899412842,1598.2416330697688,1573.7652504441141,1586.9957275390625,76800,0.0,0.0
2015-10-20 00:00:00+09:00,1599.5644778723947,1620.0717147681946,1590.9646688515754,1598.9029541015625,54200,0.0,0.0
2015-10-21 00:00:00+09:00,1698.13154228451,1723.9309696896896,1672.3321148793304,1699.45458984375,232700,0.0,0.0
2015-10-22 00:00:00+09:00,1704.746747002574,1752.376458211028,1680.2703676315632,1716.6541748046875,87700,0.0,0.0
2015-10-23 00:00:00+09:00,1735.8383775684931,1739.8075202001285,1686.8856184449915,1690.1932373046875,48200,0.0,0.0
2015-10-26 00:00:00+09:00,1691.516508547415,1719.9620345026512,1683.578222234326,1684.23974609375,29500,0.0,0.0
2015-10-27 00:00:00+09:00,1695.4857491240598,1739.8078502521566,1688.8705101497171,1720.6236572265625,66700,0.0,0.0
2015-10-28 00:00:00+09:00,1699.454704181528,1716.6543236088228,1692.839465940261,1712.6851806640625,24600,0.0,0.0
2015-10-29 00:00:00+09:00,1721.9465260000702,1721.9465260000702,1676.9629056512401,1692.8394775390625,72100,0.0,0.0
2015-10-30 00:00:00+09:00,1702.762478266921,1723.2697186811693,1698.7933349609375,1698.7933349609375,44600,0.0,0.0
2015-11-02 00:00:00+09:00,1704.7467957993883,1704.7467957993883,1655.132511870419,1669.68603515625,49900,0.0,0.0
2015-11-04 00:00:00+09:00,1691.5164792967187,1703.423908560442,1646.5328576337633,1652.486572265625,44400,0.0,0.0
2015-11-05 00:00:00+09:00,1669.686002029718,1695.4854291609222,1668.3629544845282,1686.8856201171875,52600,0.0,0.0
2015-11-06 00:00:00+09:00,1682.25534661378,1731.869641146235,1682.25534661378,1715.33154296875,48000,0.0,0.0
2015-11-09 00:00:00+09:00,1735.838623046875,1747.0845287602124,1721.946621871576,1735.838623046875,41900,0.0,0.0
2015-11-10 00:00:00+09:00,1745.7609768504747,1784.7908736425088,1737.8226927571795,1772.221923828125,87700,0.0,0.0
2015-11-11 00:00:00+09:00,1772.22208199932,1811.9135060082633,1771.5605582658375,1800.6676025390625,50800,0.0,0.0
2015-11-12 00:00:00+09:00,1805.9599001063232,1810.5905665168523,1766.9299975032927,1781.4835205078125,26900,0.0,0.0
2015-11-13 00:00:00+09:00,1770.8993355109346,1786.1143839669494,1757.0073347467473,1779.4991455078125,21400,0.0,0.0
2015-11-16 00:00:00+09:00,1777.5147027416763,1780.1607983170268,1757.6689859265477,1769.576416015625,26200,0.0,0.0
2015-11-17 00:00:00+09:00,1772.8841379632825,1837.05195937464,1770.238042234979,1796.0374755859375,61900,0.0,0.0
2015-11-18 00:00:00+09:00,1803.9754022205473,1809.267592619434,1781.4835930252782,1782.806640625,20200,0.0,0.0
2015-11-19 00:00:00+09:00,1802.6524278911609,1804.636999371408,1782.8067130886893,1784.1297607421875,36300,0.0,0.0
2015-11-20 00:00:00+09:00,1784.1295336940982,1835.0668618714974,1774.2066775556439,1800.006103515625,54400,0.0,0.0
2015-11-24 00:00:00+09:00,1799.3448511851116,1839.0362817259597,1799.3448511851116,1835.067138671875,30500,0.0,0.0
2015-11-25 00:00:00+09:00,1834.4054037257922,1835.0669274920115,1807.944453077025,1817.8673095703125,33700,0.0,0.0
2015-11-26 00:00:00+09:00,1820.5133398437501,1876.7428579711916,1820.5133398437501,1852.2664794921875,48400,0.0,0.0
2015-11-27 00:00:00+09:00,1852.2664856396134,1856.2356281088412,1825.1440120998905,1839.0360107421875,23000,0.0,0.0
2015-11-30 00:00:00+09:00,1839.6977975090317,1863.5126557292133,1839.6977975090317,1848.297607421875,31000,0.0,0.0
2015-12-01 00:00:00+09:00,1854.9125467610504,1884.6811147368876,1837.0514059755483,1859.543212890625,52200,0.0,0.0
2015-12-02 00:00:00+09:00,1874.0970378545471,1891.9581815262989,1860.2050372209624,1887.3275146484375,29900,0.0,0.0
2015-12-03 00:00:00+09:00,1872.1123081504877,1891.9580216644504,1863.5124989611038,1865.4970703125,24400,0.0,0.0
2015-12-04 00:00:00+09:00,1860.2049498252577,1862.1895212511026,1821.8365689255902,1827.790283203125,37800,0.0,0.0
2015-12-07 00:00:00+09:00,1851.6051674037906,1873.4354534074796,1847.636024494029,1866.15869140625,22200,0.0,0.0
2015-12-08 00:00:00+09:00,1852.2665273535054,1865.4970025488874,1833.0823383202012,1854.2510986328125,40400,0.0,0.0
2015-12-09 00:00:00+09:00,1839.0358052564131,1851.6047550045685,1798.0213376571694,1798.682861328125,27200,0.0,0.0
2015-12-10 00:00:00+09:00,1779.4988766446604,1805.9598264832428,1739.807451886787,1780.160400390625,34000,0.0,0.0
2015-12-11 00:00:00+09:00,1753.0383886325408,1812.5755414540233,1752.3768647123022,1806.621826171875,63600,0.0,0.0
2015-12-14 00:00:00+09:00,1777.5145166897844,1805.2985173228215,1774.8684213913998,1794.0526123046875,31600,0.0,0.0
2015-12-15 00:00:00+09:00,1794.0523622660826,1832.4207387452243,1794.0523622660826,1807.2828369140625,32500,0.0,0.0
2015-12-16 00:00:00+09:00,1814.5598450266577,1825.8057500085947,1787.4373683055155,1803.9754638671875,54000,0.0,0.0
2015-12-17 00:00:00+09:00,1844.3282239190464,1858.2202227362272,1836.3899388806574,1841.68212890625,35300,0.0,0.0
2015-12-18 00:00:00+09:00,1841.6822158081707,1891.9580234236237,1827.1286925510658,1862.189453125,108800,0.0,0.0
2015-12-21 00:00:00+09:00,1862.189503438966,1862.189503438966,1790.7449327919294,1815.2213134765625,35800,0.0,0.0
2015-12-22 00:00:00+09:00,1824.4825754775416,1832.4208607950652,1805.9599097366527,1810.590576171875,25500,0.0,0.0
2015-12-24 00:00:00+09:00,1827.790239082971,1831.7593818388516,1771.5607167079972,1773.5452880859375,30500,0.0,0.0
2015-12-25 00:00:00+09:00,1773.5452880859375,1773.5452880859375,1773.5452880859375,1773.5452880859375,0,0.0,0.0
2015-12-28 00:00:00+09:00,1788.7605024015654,1792.0681216737576,1717.9774499766513,1743.1153564453125,44300,0.0,0.0
2015-12-29 00:00:00+09:00,1718.639056401063,1765.6072523227242,1700.116387586887,1763.6226806640625,44500,0.0,0.0
2015-12-30 00:00:00+09:00,1778.8374535932548,1785.4526914273688,1768.9145968420837,1774.206787109375,19300,0.0,0.0
2016-01-04 00:00:00+09:00,1768.2532822774642,1768.2532822774642,1712.68527789613,1713.3468017578125,53500,0.0,0.0
2016-01-05 00:00:00+09:00,1687.5472565230582,1730.5463046116504,1667.0400182038834,1703.423828125,63100,0.0,0.0
2016-01-06 00:00:00+09:00,1703.4238737773119,1724.592636480564,1686.8857779153964,1708.716064453125,52800,0.0,0.0
2016-01-07 00:00:00+09:00,1674.978085546875,1691.5161788085938,1653.809326171875,1653.809326171875,72200,0.0,0.0
2016-01-08 00:00:00+09:00,1653.8091395542745,1715.9923632015152,1628.0097169772278,1701.4388427734375,94400,0.0,0.0
2016-01-12 00:00:00+09:00,1668.362964545356,1712.0235337999131,1661.0862030029296,1667.0399169921875,74700,0.0,0.0
2016-01-13 00:00:00+09:00,1683.5783873013922,1731.208109849801,1642.5639039958182,1725.25439453125,74000,0.0,0.0
2016-01-14 00:00:00+09:00,1692.1779607889334,1723.9311046974044,1686.8857701375216,1721.946533203125,82300,0.0,0.0
2016-01-15 00:00:00+09:00,1721.946631482917,1736.5001566049393,1667.0401503407418,1683.5782470703125,83200,0.0,0.0
2016-01-18 00:00:00+09:00,1641.9016750421672,1678.946998894851,1635.2864386399024,1672.9932861328125,36600,0.0,0.0
2016-01-19 00:00:00+09:00,1672.9943276706188,1672.9943276706188,1614.118687036896,1629.333740234375,58000,0.0,0.0
2016-01-20 00:00:00+09:00,1644.548100742045,1679.60886073373,1631.3176252734847,1634.625244140625,77300,0.0,0.0
2016-01-21 00:00:00+09:00,1621.3945083813956,1642.5632657327642,1546.642333984375,1546.642333984375,75500,0.0,0.0
2016-01-22 00:00:00+09:00,1587.6567897101522,1652.4861086233168,1561.8573668773622,1651.8245849609375,59900,0.0,0.0
2016-01-25 00:00:00+09:00,1672.3320614607503,1719.3002483134849,1665.055300117369,1710.700439453125,21200,0.0,0.0
2016-01-26 00:00:00+09:00,1682.25500844902,1698.1315795079174,1668.3630087724846,1675.6397705078125,27200,0.0,0.0
2016-01-27 00:00:00+09:00,1701.4392775780643,1712.6851826009365,1671.670705458697,1709.3775634765625,24200,0.0,0.0
2016-01-28 00:00:00+09:00,1700.1161334237722,1778.1759403280544,1700.1161334237722,1754.361083984375,58200,0.0,0.0
2016-01-29 00:00:00+09:00,1754.3614483006513,1799.3450751801552,1732.5311587855979,1790.083740234375,51700,0.0,0.0
2016-02-01 00:00:00+09:00,1800.0062696544812,1830.4363646210766,1795.3756030291297,1808.6060791015625,69200,0.0,0.0
2016-02-02 00:00:00+09:00,1772.8838556874537,1794.7141419701722,1754.3611885384803,1784.1297607421875,50200,0.0,0.0
2016-02-03 00:00:00+09:00,1756.3452375257336,1764.283521085172,1739.807146776904,1762.2989501953125,30700,0.0,0.0
2016-02-04 00:00:00+09:00,1746.4223736702127,1753.0376099341152,1710.03857421875,1710.03857421875,40700,0.0,0.0
2016-02-05 00:00:00+09:00,1693.5009480746792,1711.3620908864043,1667.0399957610123,1700.7777099609375,33500,0.0,0.0
2016-02-08 00:00:00+09:00,1661.086077188708,1743.77654299858,1661.086077188708,1732.5306396484375,54100,0.0,0.0
2016-02-09 00:00:00+09:00,1662.4088982545188,1707.3925055292134,1620.7329091617871,1624.04052734375,46900,0.0,0.0
2016-02-10 00:00:00+09:00,1633.3022297560567,1654.47099093556,1538.0428044482915,1571.780517578125,59500,0.0,0.0
2016-02-12 00:00:00+09:00,1520.8432478848524,1524.8123907675445,1413.676390052166,1459.321533203125,94300,0.0,0.0
2016-02-15 00:00:00+09:00,1518.1970161192085,1591.626152846543,1518.1970161192085,1580.3802490234375,64000,0.0,0.0
2016-02-16 00:00:00+09:00,1586.9956044754583,1604.856747168596,1544.6580810546875,1544.6580810546875,59100,0.0,0.0
2016-02-17 00:00:00+09:00,1545.9810808289726,1581.0418413270195,1512.9048916798718,1542.6734619140625,53500,0.0,0.0
2016-02-18 00:00:00+09:00,1577.734211137142,1619.4102091671798,1569.7959257980872,1611.471923828125,51900,0.0,0.0
2016-02-19 00:00:00+09:00,1594.933823285235,1614.7795365571376,1541.3503974510982,1575.7496337890625,57700,0.0,0.0
2016-02-22 00:00:00+09:00,1568.472497864145,1618.086769201054,1568.472497864145,1612.133056640625,82900,0.0,0.0
2016-02-23 00:00:00+09:00,1620.7331649116848,1645.8710670613355,1588.3185016134512,1597.579833984375,75300,0.0,0.0
2016-02-24 00:00:00+09:00,1574.4267620339517,1627.3486700014796,1573.1037143347635,1606.8414306640625,317400,0.0,0.0
2016-02-25 00:00:00+09:00,1613.5115547378302,1678.2121007525343,1611.5105069229423,1669.5408935546875,146000,20.0,0.0
2016-02-26 00:00:00+09:00,1686.2163110646165,1718.90009241041,1670.207928364636,1713.56396484375,82200,0.0,0.0
2016-02-29 00:00:00+09:00,1725.5703705350397,1732.9075464437701,1654.8666754145472,1655.53369140625,71400,0.0,0.0
2016-03-01 00:00:00+09:00,1654.8665738945438,1674.210036467273,1627.518919912409,1651.531494140625,39200,0.0,0.0
2016-03-02 00:00:00+09:00,1700.8905326852332,1712.229802903135,1652.8653882329443,1682.881103515625,73200,0.0,0.0
2016-03-03 00:00:00+09:00,1682.2146691939138,1696.8890239608709,1631.5214436353342,1642.8607177734375,65700,0.0,0.0
2016-03-04 00:00:00+09:00,1656.2000883501385,1692.8859541814945,1635.5226003361013,1686.8828125,64000,0.0,0.0
2016-03-07 00:00:00+09:00,1678.879015163899,1708.8947305720737,1669.5407925924671,1689.55126953125,31500,0.0,0.0
2016-03-08 00:00:00+09:00,1689.5512493865235,1708.227694306706,1667.5397250163082,1693.5533447265625,33800,0.0,0.0
2016-03-09 00:00:00+09:00,1686.2158183570284,1699.556133375676,1652.86503081041,1665.538330078125,31800,0.0,0.0
2016-03-10 00:00:00+09:00,1684.88180081881,1735.5749983097955,1684.88180081881,1734.240966796875,43100,0.0,0.0
2016-03-11 00:00:00+09:00,1700.890715425861,1781.599647412735,1700.890715425861,1770.2603759765625,96600,0.0,0.0
2016-03-14 00:00:00+09:00,1773.5954527599533,1822.2876182550556,1762.2561813432858,1818.2855224609375,74600,0.0,0.0
2016-03-15 00:00:00+09:00,1818.2857438426909,1859.6407387503382,1802.9443747640473,1849.635498046875,94300,0.0,0.0
2016-03-16 00:00:00+09:00,1841.6313054841046,1864.309851078621,1830.9590487337439,1849.635498046875,42800,0.0,0.0
2016-03-17 00:00:00+09:00,1840.9636939778293,1871.6464222107932,1824.955314030196,1838.962646484375,43300,0.0,0.0
2016-03-18 00:00:00+09:00,1838.962688028219,1893.6579874182494,1819.6192284878423,1875.6485595703125,86200,0.0,0.0
2016-03-22 00:00:00+09:00,1875.6490032064783,1889.6563392901683,1837.62909097932,1880.318115234375,54300,0.0,0.0
2016-03-23 00:00:00+09:00,1876.9826530266014,1894.3250655989864,1836.2946850683134,1842.96484375,56200,0.0,0.0
2016-03-24 00:00:00+09:00,1848.968040288881,1904.3303589555394,1848.968040288881,1892.9910888671875,49100,0.0,0.0
2016-03-25 00:00:00+09:00,1890.9899342819224,1910.3333939271342,1876.3155855855548,1906.331298828125,50800,0.0,0.0
2016-03-28 00:00:00+09:00,1908.9991853787476,1947.0190852971923,1892.3237906776753,1921.6724853515625,49100,0.0,0.0
2016-03-29 00:00:00+09:00,1921.6725680116879,1933.6788527129063,1906.998220043532,1929.6767578125,41800,0.0,0.0
2016-03-30 00:00:00+09:00,1896.3262365731175,1930.3440480628217,1891.6571251921778,1911.6676025390625,57500,0.0,0.0
2016-03-31 00:00:00+09:00,1907.6652199724595,1911.0002990283554,1854.303955078125,1854.303955078125,42500,0.0,0.0
2016-04-01 00:00:00+09:00,1854.3043227315477,1854.3043227315477,1799.6090153704013,1806.2791748046875,91800,0.0,0.0
2016-04-04 00:00:00+09:00,1783.6006092791101,1828.957692835946,1783.6006092791101,1806.9461669921875,65200,0.0,0.0
2016-04-05 00:00:00+09:00,1780.9324155182362,1816.951273360178,1751.5837165359133,1752.250732421875,44200,0.0,0.0
2016-04-06 00:00:00+09:00,1748.2486117798605,1762.255945182141,1723.569024356795,1728.9051513671875,59100,0.0,0.0
2016-04-07 00:00:00+09:00,1728.2385102664553,1770.927535606885,1716.2322218894594,1738.9107666015625,49300,0.0,0.0
2016-04-08 00:00:00+09:00,1693.553082600812,1700.2232404684796,1591.4996672254972,1638.8577880859375,185400,0.0,0.0
2016-04-11 00:00:00+09:00,1605.5070450233102,1655.5332304727278,1586.8306024555275,1637.5238037109375,106000,0.0,0.0
2016-04-12 00:00:00+09:00,1870.9797405526203,1914.3357773212192,1820.2865283308738,1850.30224609375,545500,0.0,0.0
2016-04-13 00:00:00+09:00,1886.987884002036,1904.3302965096548,1852.9700748524767,1880.9847412109375,192600,0.0,0.0
2016-04-14 00:00:00+09:00,1889.6559782923914,1937.014105528099,1879.6507401440024,1931.677978515625,219600,0.0,0.0
2016-04-15 00:00:00+09:00,1933.6792798523509,1934.3462958164255,1883.6530825467537,1890.3232421875,184800,0.0,0.0
2016-04-18 00:00:00+09:00,1856.972224737414,1916.336638531103,1834.9607005217767,1841.630859375,197800,0.0,0.0
2016-04-19 00:00:00+09:00,1880.9848290006348,1904.9974012857492,1850.302097747433,1871.6466064453125,104000,0.0,0.0
2016-04-20 00:00:00+09:00,1862.9755938343508,1886.3211526543303,1840.9640669469418,1845.6331787109375,66000,0.0,0.0
2016-04-21 00:00:00+09:00,1871.6469071825668,1902.3296433658877,1840.964170999246,1880.318115234375,67500,0.0,0.0
2016-04-22 00:00:00+09:00,1857.63898621382,1864.3091441535464,1815.6169911935433,1834.96044921875,116700,0.0,0.0
2016-04-25 00:00:00+09:00,1834.2934522084943,1834.2934522084943,1783.6002513474596,1789.6033935546875,77000,0.0,0.0
2016-04-26 00:00:00+09:00,1781.5994291628458,1795.6067627504233,1751.5837143323222,1772.92822265625,118300,0.0,0.0
2016-04-27 00:00:00+09:00,1760.9216836587336,1812.2818994321135,1759.5876520802044,1804.2777099609375,59700,0.0,0.0
2016-04-28 00:00:00+09:00,1808.279931558607,1850.3019292303857,1782.2663139522676,1786.9354248046875,65800,0.0,0.0
2016-05-02 00:00:00+09:00,1735.5754528613058,1752.9178670712959,1727.5712616874644,1748.915771484375,49300,0.0,0.0
2016-05-06 00:00:00+09:00,1766.258444814378,1820.953759193071,1750.9170761471837,1820.2867431640625,154600,0.0,0.0
2016-05-09 00:00:00+09:00,1817.6184491481984,1826.2896564285384,1788.9367635286121,1809.6142578125,58900,0.0,0.0
2016-05-10 00:00:00+09:00,1813.6163025127566,1820.9534776976188,1792.9388088099631,1807.6131591796875,66500,0.0,0.0
2016-05-11 00:00:00+09:00,1834.293488533266,1836.9615517893144,1808.9468876008063,1819.619140625,79900,0.0,0.0
2016-05-12 00:00:00+09:00,1786.26848365815,1797.6077533453004,1766.2580077396494,1788.26953125,74900,0.0,0.0
2016-05-13 00:00:00+09:00,1788.269858271635,1790.2709062294175,1764.9242987641724,1772.261474609375,74200,0.0,0.0
2016-05-16 00:00:00+09:00,1772.2611461564836,1790.2705744388415,1728.238099244053,1740.244384765625,68000,0.0,0.0
2016-05-17 00:00:00+09:00,1746.9146279353433,1762.2559935109496,1706.8936742598485,1727.5711669921875,85200,0.0,0.0
2016-05-18 00:00:00+09:00,1727.5712040450105,1743.579585858555,1699.5565358713077,1716.23193359375,110400,0.0,0.0
2016-05-19 00:00:00+09:00,1714.2306261551973,1734.9081161983145,1686.8829780336553,1702.891357421875,87800,0.0,0.0
2016-05-20 00:00:00+09:00,1702.89148692214,1726.2370419719932,1702.224471063573,1709.5616455078125,60600,0.0,0.0
2016-05-23 00:00:00+09:00,1732.907321432874,1734.241353243061,1697.5554784629192,1730.2392578125,50200,0.0,0.0
2016-05-24 00:00:00+09:00,1723.5686462426029,1746.2471810615846,1713.5634102930521,1718.8995361328125,68500,0.0,0.0
2016-05-25 00:00:00+09:00,1741.5786685271637,1744.2467323625174,1712.8969822971108,1722.9022216796875,51100,0.0,0.0
2016-05-26 00:00:00+09:00,1747.5817900250672,1751.5838857274148,1667.5398759781176,1675.5440673828125,107000,0.0,0.0
2016-05-27 00:00:00+09:00,1686.2163944175968,1686.2163944175968,1656.8676913502018,1673.5430908203125,31900,0.0,0.0
2016-05-30 00:00:00+09:00,1652.1979938958086,1691.551922696718,1652.1979938958086,1686.8828125,42300,0.0,0.0
2016-05-31 00:00:00+09:00,1669.5407925924671,1689.5512695312502,1652.1983792455217,1689.55126953125,57100,0.0,0.0
2016-06-01 00:00:00+09:00,1689.5515069830906,1689.5515069830906,1646.1954675224113,1655.53369140625,67400,0.0,0.0
2016-06-02 00:00:00+09:00,1655.5333488615038,1670.2076976427097,1650.1972220319744,1654.8663330078125,43000,0.0,0.0
2016-06-03 00:00:00+09:00,1654.19955794376,1675.5440683688407,1634.8560953710305,1651.531494140625,63300,0.0,0.0
2016-06-06 00:00:00+09:00,1634.85605133408,1680.213134765625,1628.1858920059115,1680.213134765625,63200,0.0,0.0
2016-06-07 00:00:00+09:00,1676.8780727942014,1676.8780727942014,1636.1901004630772,1648.8634033203125,46600,0.0,0.0
2016-06-08 00:00:00+09:00,1648.1961782893143,1649.5302099997873,1559.483069542864,1592.8338623046875,199100,0.0,0.0
2016-06-09 00:00:00+09:00,1577.4927549492825,1577.4927549492825,1541.4738928912438,1558.1492919921875,131600,0.0,0.0
2016-06-10 00:00:00+09:00,1558.1492004264394,1565.4863755996803,1534.8036430570364,1564.15234375,87900,0.0,0.0
2016-06-13 00:00:00+09:00,1544.1418489098758,1547.4769284971542,1520.1292758814718,1523.46435546875,69500,0.0,0.0
2016-06-14 00:00:00+09:00,1522.1303094011234,1522.7973253123423,1468.102020592407,1486.1114501953125,79400,0.0,0.0
2016-06-15 00:00:00+09:00,1483.443286716674,1517.4610958994754,1473.4380487217325,1506.121826171875,75000,0.0,0.0
2016-06-16 00:00:00+09:00,1493.4486736272813,1500.785848888514,1430.7491759403833,1436.7523193359375,91800,0.0,0.0
2016-06-17 00:00:00+09:00,1462.765895915881,1476.1062141640878,1436.7522753318776,1441.42138671875,55000,0.0,0.0
2016-06-20 00:00:00+09:00,1456.7626824396307,1474.7721112060547,1450.0925236372514,1467.4349365234375,33700,0.0,0.0
2016-06-21 00:00:00+09:00,1448.7585152786069,1470.1030237909988,1439.4202928044353,1466.7679443359375,42300,0.0,0.0
2016-06-22 00:00:00+09:00,1466.767928557367,1474.77211916341,1422.744880224131,1429.4150390625,52100,0.0,0.0
2016-06-23 00:00:00+09:00,1413.4067248449392,1424.7459954076405,1407.403581605862,1424.0789794921875,36300,0.0,0.0
2016-06-24 00:00:00+09:00,1427.4140315455647,1434.0841905714788,1292.0098033195136,1304.68310546875,109900,0.0,0.0
2016-06-27 00:00:00+09:00,1331.3637566566467,1387.3930931091309,1318.0234384536743,1366.048583984375,101300,0.0,0.0
2016-06-28 00:00:00+09:00,1354.04237386885,1410.738729424935,1341.3690708621957,1394.7303466796875,87500,0.0,0.0
2016-06-29 00:00:00+09:00,1428.08128137266,1434.0844254793176,1377.3880644719957,1380.72314453125,71400,0.0,0.0
2016-06-30 00:00:00+09:00,1387.393028262979,1401.4003617214034,1374.0527106835273,1374.7197265625,60700,0.0,0.0
2016-07-01 00:00:00+09:00,1389.3940754940636,1420.0768059178401,1389.3940754940636,1419.4097900390625,71100,0.0,0.0
2016-07-04 00:00:00+09:00,1434.084567884459,1480.1086772723788,1421.411262400829,1462.0992431640625,166800,0.0,0.0
2016-07-05 00:00:00+09:00,1482.1097433196378,1498.785145472199,1376.0541856293487,1390.0615234375,209100,0.0,0.0
2016-07-06 00:00:00+09:00,1367.3828245325592,1374.0529846522302,1317.3566236350266,1353.37548828125,143000,0.0,0.0
2016-07-07 00:00:00+09:00,1342.0358097652293,1367.3824105460835,1310.6860666941727,1316.689208984375,95500,0.0,0.0
2016-07-08 00:00:00+09:00,1334.0317647373092,1340.7019235609957,1267.9971923828125,1267.9971923828125,144900,0.0,0.0
2016-07-11 00:00:00+09:00,1267.9971923828125,1267.9971923828125,1267.9971923828125,1267.9971923828125,0,0.0,0.0
2016-07-12 00:00:00+09:00,1357.3773047965453,1366.715527040846,1339.3678761825372,1344.0369873046875,87100,0.0,0.0
2016-07-13 00:00:00+09:00,1367.3824226606305,1395.397086929775,1358.7112170535142,1368.0494384765625,166200,0.0,0.0
2016-07-14 00:00:00+09:00,1389.3941521629217,1452.760664143468,1386.7260885005828,1448.091552734375,153900,0.0,0.0
2016-07-15 00:00:00+09:00,1448.7583686832297,1453.4274794478627,1377.3876755666986,1381.3897705078125,104600,0.0,0.0
2016-07-19 00:00:00+09:00,1392.729079555458,1397.3981904543507,1366.7154616901978,1373.3856201171875,52400,0.0,0.0
2016-07-20 00:00:00+09:00,1385.3920595002264,1414.7407598459222,1374.7198048290645,1403.4014892578125,128700,0.0,0.0
2016-07-21 00:00:00+09:00,1403.4014993961534,1416.0748019097118,1383.3910217431664,1389.3941650390625,70800,0.0,0.0
2016-07-22 00:00:00+09:00,1372.051639412585,1381.3898615573473,1348.706084050679,1375.38671875,64000,0.0,0.0
2016-07-25 00:00:00+09:00,1381.389593102797,1424.0786003256744,1381.389593102797,1414.0733642578125,123200,0.0,0.0
2016-07-26 00:00:00+09:00,1414.0738091635283,1426.7471121701824,1394.7303466796875,1394.7303466796875,114100,0.0,0.0
2016-07-27 00:00:00+09:00,1395.3972615732555,1427.4140247451085,1395.3972615732555,1414.74072265625,93600,0.0,0.0
2016-07-28 00:00:00+09:00,1408.7375715361445,1408.7375715361445,1370.7176654861632,1384.0579833984375,49500,0.0,0.0
2016-07-29 00:00:00+09:00,1384.0578140751009,1410.7384466355845,1369.3834661668345,1406.0693359375,83900,0.0,0.0
2016-08-01 00:00:00+09:00,1407.4037310445644,1416.741954852443,1380.7230915934826,1402.734619140625,50800,0.0,0.0
2016-08-02 00:00:00+09:00,1408.0705803604487,1458.7637893170543,1404.73550082383,1407.403564453125,75300,0.0,0.0
2016-08-03 00:00:00+09:00,1402.0674571880288,1415.4077755247372,1375.3868205146125,1379.388916015625,68200,0.0,0.0
2016-08-04 00:00:00+09:00,1379.3885349495702,1392.7288496009198,1366.0482202982203,1386.7257080078125,57900,0.0,0.0
2016-08-05 00:00:00+09:00,1391.395151118909,1403.40143717842,1369.3836266764717,1377.3878173828125,50800,0.0,0.0
2016-08-08 00:00:00+09:00,1379.38878647162,1392.0620877012916,1356.7102474290498,1372.7186279296875,52900,0.0,0.0
2016-08-09 00:00:00+09:00,1368.7166177993222,1390.0611264589609,1356.043315782662,1384.0579833984375,49900,0.0,0.0
2016-08-10 00:00:00+09:00,1380.7228330698465,1400.066293050052,1365.3814682579593,1386.0589599609375,35600,0.0,0.0
2016-08-12 00:00:00+09:00,1397.3983694739072,1431.4161818095488,1392.0622420487084,1426.7470703125,43900,0.0,0.0
2016-08-15 00:00:00+09:00,1426.7470393577073,1432.7501825808113,1394.7302755011528,1396.7313232421875,38500,0.0,0.0
2016-08-16 00:00:00+09:00,1408.7379738483685,1424.0793438287249,1390.0615234375,1390.0615234375,42400,0.0,0.0
2016-08-17 00:00:00+09:00,1374.0527595795695,1428.0810476989602,1368.0496164551926,1421.410888671875,107300,0.0,0.0
2016-08-18 00:00:00+09:00,1416.7418212890625,1424.7460123697917,1388.7271525065105,1392.729248046875,69000,0.0,0.0
2016-08-19 00:00:00+09:00,1396.064284368951,1424.078952282709,1391.3951730499912,1421.410888671875,61600,0.0,0.0
2016-08-22 00:00:00+09:00,1420.7438631305906,1447.4244990579257,1414.0737041487569,1435.418212890625,50800,0.0,0.0
2016-08-23 00:00:00+09:00,1435.4181962985438,1459.4307683555826,1435.4181962985438,1442.75537109375,58300,0.0,0.0
2016-08-24 00:00:00+09:00,1460.7647400988378,1503.453755334603,1460.7647400988378,1499.45166015625,138900,0.0,0.0
2016-08-25 00:00:00+09:00,1494.7825564442744,1520.7961752311226,1492.7815088452862,1506.121826171875,85400,0.0,0.0
2016-08-26 00:00:00+09:00,1490.7807917514824,1504.121112035612,1447.4247508280612,1469.436279296875,99300,0.0,0.0
2016-08-29 00:00:00+09:00,1502.4949771040278,1507.8923546598571,1444.473168378861,1453.9185791015625,50800,25.0,0.0
2016-08-30 00:00:00+09:00,1447.1719970703125,1455.9427364464962,1425.5824847597064,1447.1719970703125,45600,0.0,0.0
2016-08-31 00:00:00+09:00,1457.2917807026274,1491.0253867374104,1441.7743219266272,1482.9293212890625,37300,0.0,0.0
2016-09-01 00:00:00+09:00,1478.8814073861206,1579.4075614465821,1470.7853412872914,1577.383544921875,130200,0.0,0.0
2016-09-02 00:00:00+09:00,1545.6743109639713,1576.7092382028814,1503.844626424571,1513.2900390625,87000,0.0,0.0
2016-09-05 00:00:00+09:00,1522.7351520503087,1550.396712189459,1495.748264109674,1533.5299072265625,54000,0.0,0.0
2016-09-06 00:00:00+09:00,1529.481975090131,1534.8793530348692,1517.3378747144707,1532.1806640625,35100,0.0,0.0
2016-09-07 00:00:00+09:00,1518.0122738792784,1531.5057163137608,1508.5668641751406,1530.1563720703125,32000,0.0,0.0
2016-09-08 00:00:00+09:00,1529.481887296742,1547.6980368146121,1511.2657377788714,1542.3006591796875,38300,0.0,0.0
2016-09-09 00:00:00+09:00,1538.252755837912,1541.626117144574,1524.0846383499313,1534.87939453125,57800,0.0,0.0
2016-09-12 00:00:00+09:00,1511.9402247837613,1540.2764538961744,1507.2175199316923,1530.1563720703125,49500,0.0,0.0
2016-09-13 00:00:00+09:00,1536.9032516751001,1550.396695500167,1512.6150527899802,1516.6630859375,42200,0.0,0.0
2016-09-14 00:00:00+09:00,1505.868188846143,1530.1563854404358,1503.1695003356663,1515.3135986328125,33300,0.0,0.0
2016-09-15 00:00:00+09:00,1511.2656991693036,1511.2656991693036,1484.9534838712668,1492.3748779296875,37300,0.0,0.0
2016-09-16 00:00:00+09:00,1501.8205904497129,1532.1808449736288,1497.097884190437,1520.0367431640625,38200,0.0,0.0
2016-09-20 00:00:00+09:00,1515.3137415549934,1524.7591522325401,1483.6041485660867,1516.6630859375,32400,0.0,0.0
2016-09-21 00:00:00+09:00,1518.012577751381,1537.5780731979544,1484.2789649124616,1534.2047119140625,44600,0.0,0.0
2016-09-23 00:00:00+09:00,1528.807241156027,1563.8901963811434,1512.6151079752042,1559.8421630859375,43300,0.0,0.0
2016-09-26 00:00:00+09:00,1565.2397181305066,1565.2397181305066,1525.4340528849464,1531.506103515625,43500,0.0,0.0
2016-09-27 00:00:00+09:00,1531.5058919972387,1565.239501953125,1519.3617924131195,1565.239501953125,45500,0.0,0.0
2016-09-28 00:00:00+09:00,1555.119632575173,1578.7331627878114,1542.9755313229591,1571.311767578125,29700,0.0,0.0
2016-09-29 00:00:00+09:00,1571.986077205588,1582.106159247684,1557.8179623466535,1579.407470703125,46700,0.0,0.0
2016-09-30 00:00:00+09:00,1558.492724024607,1588.1782997203138,1541.6259196520464,1577.383544921875,36900,0.0,0.0
2016-10-03 00:00:00+09:00,1565.239628606282,1592.2265187546661,1555.7942170543474,1581.4317626953125,50200,0.0,0.0
2016-10-04 00:00:00+09:00,1585.479715532501,1589.5277488487543,1574.0102878031169,1584.13037109375,42000,0.0,0.0
2016-10-05 00:00:00+09:00,1604.370508931176,1605.7198533457522,1584.80501491982,1590.202392578125,45800,0.0,0.0
2016-10-06 00:00:00+09:00,1590.2023227055329,1612.4665045677657,1583.4556009290986,1593.57568359375,66700,0.0,0.0
2016-10-07 00:00:00+09:00,1585.479617462029,1593.57568359375,1576.034206975021,1593.57568359375,50800,0.0,0.0
2016-10-11 00:00:00+09:00,1593.575818564967,1619.2133634868421,1586.8290962171052,1602.3465576171875,45800,0.0,0.0
2016-10-12 00:00:00+09:00,1614.4907351372544,1675.885911442098,1613.141390603082,1623.261474609375,178900,0.0,0.0
2016-10-13 00:00:00+09:00,1636.080106520495,1653.6215839512301,1621.9119901341319,1630.008056640625,87900,0.0,0.0
2016-10-14 00:00:00+09:00,1638.1042058582684,1675.211179219967,1638.1042058582684,1667.1151123046875,70700,0.0,0.0
2016-10-17 00:00:00+09:00,1671.1627046163978,1672.512048746084,1642.826477892987,1662.3919677734375,62700,0.0,0.0
2016-10-18 00:00:00+09:00,1655.6454046791093,1704.221797970428,1650.2480276467406,1696.125732421875,82600,0.0,0.0
2016-10-19 00:00:00+09:00,1703.5470722526904,1758.8701850941638,1700.848383821399,1731.88330078125,118000,0.0,0.0
2016-10-20 00:00:00+09:00,1731.2086601524502,1744.702102554262,1719.73923411091,1733.9073486328125,55900,0.0,0.0
2016-10-21 00:00:00+09:00,1731.8840024951094,1745.3774501187565,1723.113261539739,1729.8599853515625,42600,0.0,0.0
2016-10-24 00:00:00+09:00,1727.1606000387746,1750.7741238674298,1726.4859279293844,1739.9793701171875,60900,0.0,0.0
2016-10-25 00:00:00+09:00,1742.6780625655815,1750.0994557859538,1737.955357788981,1748.075439453125,53100,0.0,0.0
2016-10-26 00:00:00+09:00,1740.6542291612247,1786.5319375267145,1740.6542291612247,1775.7371826171875,62400,0.0,0.0
2016-10-27 00:00:00+09:00,1775.7372707298432,1787.2066983903323,1762.9184986387083,1765.6171875,33600,0.0,0.0
2016-10-28 00:00:00+09:00,1771.689341416956,1779.7854084759824,1758.1958963185787,1772.364013671875,71700,0.0,0.0
2016-10-31 00:00:00+09:00,1786.5323667620669,1786.5323667620669,1762.9188347240486,1771.6895751953125,40000,0.0,0.0
2016-11-01 00:00:00+09:00,1773.7134016760815,1786.5321748338774,1760.8946285182853,1783.1588134765625,72700,0.0,0.0
2016-11-02 00:00:00+09:00,1761.5691542080626,1768.3158763612914,1744.7023488249904,1765.6171875,79900,0.0,0.0
2016-11-04 00:00:00+09:00,1750.774094089609,1774.3876175166365,1725.8112264667514,1761.56884765625,103500,0.0,0.0
2016-11-07 00:00:00+09:00,1770.3401018072857,1794.6283044235443,1757.5213282042605,1787.2069091796875,75600,0.0,0.0
2016-11-08 00:00:00+09:00,1785.8570473802213,1785.8570473802213,1722.437870027089,1769.6649169921875,68100,0.0,0.0
2016-11-09 00:00:00+09:00,1793.278689259171,1819.5909047900618,1727.835486528494,1746.0516357421875,161900,0.0,0.0
2016-11-10 00:00:00+09:00,1770.339867442191,1804.0734777211962,1743.352979218987,1779.7852783203125,131200,0.0,0.0
2016-11-11 00:00:00+09:00,1779.7853354417641,1803.3988633949339,1764.9425464426288,1767.6412353515625,137100,0.0,0.0
2016-11-14 00:00:00+09:00,1767.6413345629678,1778.4360908045737,1725.1369818616445,1758.1959228515625,187100,0.0,0.0
2016-11-15 00:00:00+09:00,1724.4628283270474,1765.6178488778885,1690.7292049247185,1760.8951416015625,133600,0.0,0.0
2016-11-16 00:00:00+09:00,1737.2805047982006,1748.0752574493738,1653.6211717516076,1681.9573974609375,297200,0.0,0.0
2016-11-17 00:00:00+09:00,1679.933501275431,1697.4749755859375,1658.3439944317306,1697.4749755859375,171500,0.0,0.0
2016-11-18 00:00:00+09:00,1700.1740279547237,1727.8355895206537,1700.1740279547237,1721.0888671875,58900,0.0,0.0
2016-11-21 00:00:00+09:00,1721.0883314745902,1721.7630034979043,1704.2215308917343,1710.2935791015625,77000,0.0,0.0
2016-11-22 00:00:00+09:00,1710.2943948943555,1727.8358758676309,1703.5476714430959,1723.787841796875,68200,0.0,0.0
2016-11-24 00:00:00+09:00,1733.9076941184164,1741.329088918145,1705.5714594285434,1732.558349609375,94100,0.0,0.0
2016-11-25 00:00:00+09:00,1738.6300573607548,1750.0994834279386,1729.184647658368,1742.00341796875,128000,0.0,0.0
2016-11-28 00:00:00+09:00,1739.9796740349923,1778.4359909872971,1737.955657353292,1767.6412353515625,73600,0.0,0.0
2016-11-29 00:00:00+09:00,1762.2437877604166,1778.4359205729165,1749.425015950521,1771.0145263671875,49600,0.0,0.0
2016-11-30 00:00:00+09:00,1760.894585338254,1778.4360639661447,1751.4491737693897,1772.364013671875,46100,0.0,0.0
2016-12-01 00:00:00+09:00,1779.1104040037585,1805.4226170322554,1750.774174588454,1782.4837646484375,70700,0.0,0.0
2016-12-02 00:00:00+09:00,1766.9667077553302,1785.1828593816738,1755.4972789535582,1777.0867919921875,59100,0.0,0.0
2016-12-05 00:00:00+09:00,1765.6171444471422,1770.339849839244,1719.739434923869,1731.2088623046875,83400,0.0,0.0
2016-12-06 00:00:00+09:00,1739.9792857932375,1748.0753507135628,1727.160516336056,1734.5819091796875,37700,0.0,0.0
2016-12-07 00:00:00+09:00,1740.6545939425298,1752.7986957607334,1731.2091814172602,1752.1240234375,36600,0.0,0.0
2016-12-08 00:00:00+09:00,1729.1849050464925,1732.5582661566104,1685.3312106149583,1695.4512939453125,117600,0.0,0.0
2016-12-09 00:00:00+09:00,1619.2130835262346,1667.7894760320216,1619.2130835262346,1639.4532470703125,280200,0.0,0.0
2016-12-12 00:00:00+09:00,1623.261587942342,1654.9711867092954,1616.514864800437,1630.6829833984375,134900,0.0,0.0
2016-12-13 00:00:00+09:00,1629.3334541289762,1658.3443603515625,1617.189353849754,1658.3443603515625,104100,0.0,0.0
2016-12-14 00:00:00+09:00,1663.7414130327859,1666.4401014561968,1654.296003550848,1661.042724609375,62100,0.0,0.0
2016-12-15 00:00:00+09:00,1656.9946709857725,1665.0907361534553,1634.0558196773375,1659.693359375,104300,0.0,0.0
2016-12-16 00:00:00+09:00,1664.4164154274056,1690.0539605373533,1648.8989539134898,1674.5364990234375,117200,0.0,0.0
2016-12-19 00:00:00+09:00,1667.7897455816358,1684.6565512610616,1665.0910566729276,1672.512451171875,61900,0.0,0.0
2016-12-20 00:00:00+09:00,1673.1871312170788,1673.1871312170788,1621.9120417120391,1665.091064453125,81500,0.0,0.0
2016-12-21 00:00:00+09:00,1654.9711087279525,1665.7658652463574,1648.8990581863497,1649.57373046875,37200,0.0,0.0
2016-12-22 00:00:00+09:00,1639.453449548028,1644.1761549582486,1615.8399224969246,1636.7547607421875,72300,0.0,0.0
2016-12-26 00:00:00+09:00,1646.2000455257398,1679.9336530160213,1646.2000455257398,1675.8856201171875,80400,0.0,0.0
2016-12-27 00:00:00+09:00,1673.1870158920942,1673.1870158920942,1617.1892246344153,1657.6695556640625,97100,0.0,0.0
2016-12-28 00:00:00+09:00,1661.043346255524,1672.512776347459,1645.5258820134945,1669.8140869140625,39700,0.0,0.0
2016-12-29 00:00:00+09:00,1662.3920477642278,1664.4160640561483,1646.199917428862,1659.693359375,49500,0.0,0.0
2016-12-30 00:00:00+09:00,1659.01901438016,1669.8137700654313,1649.5736031555473,1665.091064453125,43000,0.0,0.0
2017-01-04 00:00:00+09:00,1660.3685337120378,1678.5846858494717,1635.4056585607393,1676.5606689453125,99400,0.0,0.0
2017-01-05 00:00:00+09:00,1677.9094151910747,1716.3657226562502,1667.7893342791865,1716.36572265625,100300,0.0,0.0
2017-01-06 00:00:00+09:00,1698.824404884568,1737.9553879994626,1698.824404884568,1726.4859619140625,106500,0.0,0.0
2017-01-10 00:00:00+09:00,1730.5339515122043,1730.5339515122043,1652.9466593391423,1661.042724609375,254100,0.0,0.0
2017-01-11 00:00:00+09:00,1661.7176230717632,1686.6804943887162,1654.9709010942083,1667.7896728515625,138500,0.0,0.0
2017-01-12 00:00:00+09:00,1673.1870915242898,1673.1870915242898,1634.05610309348,1638.77880859375,105100,0.0,0.0
2017-01-13 00:00:00+09:00,1638.1046053862794,1662.3928120559276,1631.357881311377,1661.7181396484375,46300,0.0,0.0
2017-01-16 00:00:00+09:00,1648.2243341664798,1654.296384517482,1640.1282670318103,1646.2003173828125,40200,0.0,0.0
2017-01-17 00:00:00+09:00,1645.525522285458,1645.525522285458,1613.1412561642192,1614.4906005859375,69800,0.0,0.0
2017-01-18 00:00:00+09:00,1602.3464074870883,1609.767801374397,1580.0822258251626,1608.41845703125,67000,0.0,0.0
2017-01-19 00:00:00+09:00,1629.3332343320967,1629.3332343320967,1602.346348463242,1612.4664306640625,32300,0.0,0.0
2017-01-20 00:00:00+09:00,1607.0691855321716,1617.8639407666446,1598.2984469041621,1613.1412353515625,59400,0.0,0.0
2017-01-23 00:00:00+09:00,1612.4669692999569,1616.515003532509,1594.9254876255638,1607.7442626953125,42400,0.0,0.0
2017-01-24 00:00:00+09:00,1605.7198618447685,1618.5386338510923,1603.0211730013318,1614.4906005859375,48600,0.0,0.0
2017-01-25 00:00:00+09:00,1621.9120990119773,1628.6588215536244,1611.1173429453418,1621.2374267578125,47500,0.0,0.0
2017-01-26 00:00:00+09:00,1628.658935546875,1632.7069693551937,1614.4908172177595,1628.658935546875,66200,0.0,0.0
2017-01-27 00:00:00+09:00,1627.3093499217462,1648.898860368469,1624.6106611159057,1636.7547607421875,67100,0.0,0.0
2017-01-30 00:00:00+09:00,1644.1763212686674,1653.6217330445236,1642.1523044595554,1647.5496826171875,49100,0.0,0.0
2017-01-31 00:00:00+09:00,1670.4884655850246,1679.9338769413214,1659.6937097492573,1674.5364990234375,135200,0.0,0.0
2017-02-01 00:00:00+09:00,1681.2832492404516,1704.2221057710194,1664.416442967975,1700.174072265625,86900,0.0,0.0
2017-02-02 00:00:00+09:00,1698.824646907802,1698.824646907802,1667.7897248435609,1671.1630859375,66400,0.0,0.0
2017-02-03 00:00:00+09:00,1669.8136508080268,1683.30709445092,1669.1389786258821,1673.18701171875,47100,0.0,0.0
2017-02-06 00:00:00+09:00,1683.9816159853356,1690.0536650814365,1673.1868620367115,1679.2589111328125,55300,0.0,0.0
2017-02-07 00:00:00+09:00,1673.1870971132287,1673.1870971132287,1652.9469306158912,1654.970947265625,53800,0.0,0.0
2017-02-08 00:00:00+09:00,1652.2722687787318,1662.3923520909739,1642.8268576873056,1655.6456298828125,37500,0.0,0.0
2017-02-09 00:00:00+09:00,1648.224287097461,1665.765765388306,1648.224287097461,1659.01904296875,34300,0.0,0.0
2017-02-10 00:00:00+09:00,1677.234950669175,1692.7524099875143,1668.4642127935922,1690.7283935546875,54200,0.0,0.0
2017-02-13 00:00:00+09:00,1689.3790492661362,1699.4991314302704,1682.6323278233801,1690.7283935546875,65500,0.0,0.0
2017-02-14 00:00:00+09:00,1683.3074039798246,1699.4995393287286,1683.3074039798246,1685.3314208984375,55400,0.0,0.0
2017-02-15 00:00:00+09:00,1685.3311162274765,1715.0166923339652,1685.3311162274765,1712.99267578125,58100,0.0,0.0
2017-02-16 00:00:00+09:00,1712.9925394549034,1712.9925394549034,1694.1017197996307,1704.2218017578125,29000,0.0,0.0
2017-02-17 00:00:00+09:00,1702.8725132794066,1715.6912841796873,1686.680381615894,1715.6912841796875,87900,0.0,0.0
2017-02-20 00:00:00+09:00,1710.2938101615205,1726.4859409086118,1702.197744787975,1725.1365966796875,144600,0.0,0.0
2017-02-21 00:00:00+09:00,1724.4618532398454,1748.7500483558995,1722.4378369801743,1744.02734375,101200,0.0,0.0
2017-02-22 00:00:00+09:00,1753.472571118332,1773.0380595994525,1746.7258509524286,1763.5926513671875,175900,0.0,0.0
2017-02-23 00:00:00+09:00,1773.0389404296875,1775.7376298367344,1747.4013910627439,1773.0389404296875,245300,0.0,0.0
2017-02-24 00:00:00+09:00,1750.560303209172,1756.6906700297488,1717.1838616304756,1751.241455078125,200900,25.0,0.0
2017-02-27 00:00:00+09:00,1756.6907807835994,1756.6907807835994,1727.4012485720077,1732.8504638671875,63300,0.0,0.0
2017-02-28 00:00:00+09:00,1731.488527688419,1754.647697610294,1723.3147030101104,1736.937744140625,107600,0.0,0.0
2017-03-01 00:00:00+09:00,1733.5317413413754,1742.3867168374218,1719.9087021166888,1738.98095703125,86800,0.0,0.0
2017-03-02 00:00:00+09:00,1714.4594807365543,1732.8505836288416,1692.662618049399,1728.763671875,134800,0.0,0.0
2017-03-03 00:00:00+09:00,1730.1264633009973,1733.5322240555267,1716.5034202828792,1724.67724609375,52300,0.0,0.0
2017-03-06 00:00:00+09:00,1717.8649868367918,1717.8649868367918,1710.3723163946013,1713.096923828125,36800,0.0,0.0
2017-03-07 00:00:00+09:00,1716.503054461902,1728.0826385594623,1699.4742543184307,1721.9522705078125,35900,0.0,0.0
2017-03-08 00:00:00+09:00,1725.3581505185082,1728.7639107840403,1713.7785656156993,1716.503173828125,29400,0.0,0.0
2017-03-09 00:00:00+09:00,1717.865239766118,1749.879381823615,1717.865239766118,1727.4013671875,56000,0.0,0.0
2017-03-10 00:00:00+09:00,1757.3719383600778,1757.3719383600778,1730.8070137104487,1741.7054443359375,76500,0.0,0.0
2017-03-13 00:00:00+09:00,1736.256346505548,1751.9228415897487,1729.4448269037216,1734.212890625,37400,0.0,0.0
2017-03-14 00:00:00+09:00,1709.6916530074557,1721.952389961294,1702.8801324775457,1715.822021484375,64700,0.0,0.0
2017-03-15 00:00:00+09:00,1714.4599638301613,1738.300289111868,1713.0976595283496,1724.67724609375,67300,0.0,0.0
2017-03-16 00:00:00+09:00,1712.4163828055189,1717.865599616356,1696.7498844743625,1715.1409912109375,78900,0.0,0.0
2017-03-17 00:00:00+09:00,1704.9233429550602,1713.0971664130948,1691.3003038583358,1710.37255859375,99500,0.0,0.0
2017-03-21 00:00:00+09:00,1702.880258635273,1735.5755596010704,1698.7933460145484,1730.1263427734375,44500,0.0,0.0
2017-03-22 00:00:00+09:00,1706.2858827771315,1717.8654676103497,1692.662841796875,1692.662841796875,46900,0.0,0.0
2017-03-23 00:00:00+09:00,1691.3004167562895,1699.4742407599447,1684.4888967532436,1694.7061767578125,32200,0.0,0.0
2017-03-24 00:00:00+09:00,1698.111582943744,1721.9518979870777,1689.2566087847913,1713.096923828125,30200,0.0,0.0
2017-03-27 00:00:00+09:00,1713.0975258153371,1713.7786779130768,1683.80798561253,1689.9383544921875,50300,0.0,0.0
2017-03-28 00:00:00+09:00,1682.4454380158454,1693.3438700029926,1666.7789420343213,1689.2569580078125,90500,0.0,0.0
2017-03-29 00:00:00+09:00,1714.4592541546638,1753.9660625539368,1714.4592541546638,1751.241455078125,83900,0.0,0.0
2017-03-30 00:00:00+09:00,1751.2419294250706,1766.9084266544664,1718.546630859375,1718.546630859375,70000,0.0,0.0
2017-03-31 00:00:00+09:00,1724.6768609094293,1741.0245088801348,1687.2135009765625,1687.2135009765625,59700,0.0,0.0
2017-04-03 00:00:00+09:00,1687.2137461012287,1706.28600483794,1687.2137461012287,1689.9383544921875,60900,0.0,0.0
2017-04-04 00:00:00+09:00,1698.1116925703566,1713.7781863245154,1691.981325449164,1695.3870849609375,65900,0.0,0.0
2017-04-05 00:00:00+09:00,1695.387209770007,1734.21287106245,1688.575690245017,1700.1552734375,55300,0.0,0.0
2017-04-06 00:00:00+09:00,1696.0684766137736,1717.8653405702557,1682.445436640972,1686.5323486328125,49500,0.0,0.0
2017-04-07 00:00:00+09:00,1681.0831367517208,1711.734976765427,1681.0831367517208,1694.7061767578125,81200,0.0,0.0
2017-04-10 00:00:00+09:00,1725.3581642792606,1765.5461357330607,1691.98171341085,1749.198486328125,228800,0.0,0.0
2017-04-11 00:00:00+09:00,1817.3137075692723,1871.1247206494718,1761.4592382961537,1785.299560546875,369500,0.0,0.0
2017-04-12 00:00:00+09:00,1783.937264973222,1820.0383245545815,1770.9953756893383,1806.415283203125,173100,0.0,0.0
2017-04-13 00:00:00+09:00,1772.3572951404803,1798.9222200099955,1756.0096490669323,1764.8646240234375,153300,0.0,0.0
2017-04-14 00:00:00+09:00,1791.429678127999,1798.9223497855687,1762.1401434665909,1774.40087890625,108400,0.0,0.0
2017-04-17 00:00:00+09:00,1775.7633276969327,1824.8062734561115,1774.4010236480667,1822.7628173828125,111200,0.0,0.0
2017-04-18 00:00:00+09:00,1833.6612555171794,1867.7188568455074,1831.6177994374796,1835.0235595703125,116300,0.0,0.0
2017-04-19 00:00:00+09:00,1818.675903640227,1858.8638730465093,1801.647103044345,1819.3570556640625,131100,0.0,0.0
2017-04-20 00:00:00+09:00,1815.951174796653,1842.516101959845,1812.545414903936,1821.400390625,89700,0.0,0.0
2017-04-21 00:00:00+09:00,1828.8929414642312,1848.646347535912,1809.8206873260567,1824.1248779296875,108600,0.0,0.0
2017-04-24 00:00:00+09:00,1809.1397825607833,1850.6900561813434,1809.1397825607833,1835.0235595703125,113700,0.0,0.0
2017-04-25 00:00:00+09:00,1841.8350823753237,1845.9219945403577,1822.762825605165,1840.4727783203125,100900,0.0,0.0
2017-04-26 00:00:00+09:00,1834.3427835582388,1890.1972611860797,1831.618174893466,1873.16845703125,222000,0.0,0.0
2017-04-27 00:00:00+09:00,1869.7625614567137,1873.1683220422449,1826.1688259619123,1834.3426513671875,534700,0.0,0.0
2017-04-28 00:00:00+09:00,1838.4293068006868,1850.6900431928368,1805.052857733168,1807.7774658203125,141800,0.0,0.0
2017-05-01 00:00:00+09:00,1798.2413460753917,1830.2554912517337,1797.560194050363,1826.1685791015625,151200,0.0,0.0
2017-05-02 00:00:00+09:00,1835.7042315577016,1865.6749128892561,1835.0230797092572,1846.6026611328125,127600,0.0,0.0
2017-05-08 00:00:00+09:00,1852.7331654143898,1884.0661527706625,1852.7331654143898,1869.761962890625,120800,0.0,0.0
2017-05-09 00:00:00+09:00,1890.1968922725946,1908.5879971703819,1873.1680914413098,1874.5303955078125,109500,0.0,0.0
2017-05-10 00:00:00+09:00,1852.733768439441,1868.4002672166862,1841.8353345074443,1864.3133544921875,159900,0.0,0.0
2017-05-11 00:00:00+09:00,1854.776621111538,1875.2111780830203,1852.0520135153404,1869.761962890625,80700,0.0,0.0
2017-05-12 00:00:00+09:00,1869.7620921181547,1886.1097388251985,1858.8636609801254,1882.0228271484375,56600,0.0,0.0
2017-05-15 00:00:00+09:00,1882.0225839790771,1893.6021655670772,1877.2545209722534,1883.3848876953125,76200,0.0,0.0
2017-05-16 00:00:00+09:00,1884.7469237833286,1884.7469237833286,1853.4139427591026,1856.1385498046875,85500,0.0,0.0
2017-05-17 00:00:00+09:00,1848.6464840150434,1848.6464840150434,1820.7192526795177,1847.96533203125,96900,0.0,0.0
2017-05-18 00:00:00+09:00,1824.1248783397782,1835.023309278328,1817.3133590031846,1824.8060302734375,41900,0.0,0.0
2017-05-19 00:00:00+09:00,1822.0814241742714,1828.8929435169791,1810.5018412916686,1827.5306396484375,45300,0.0,0.0
2017-05-22 00:00:00+09:00,1826.1685800566581,1843.197380691278,1821.4005158789644,1828.2120361328125,63400,0.0,0.0
2017-05-23 00:00:00+09:00,1826.1685860563637,1845.921994857421,1816.6324576696463,1841.1539306640625,52400,0.0,0.0
2017-05-24 00:00:00+09:00,1857.5012043726485,1857.5012043726485,1831.617432547874,1832.979736328125,51200,0.0,0.0
2017-05-25 00:00:00+09:00,1829.5739768774968,1846.6027741306382,1823.443609866366,1832.979736328125,45500,0.0,0.0
2017-05-26 00:00:00+09:00,1832.9800873495267,1832.9800873495267,1796.8790302594023,1800.9659423828125,89000,0.0,0.0
2017-05-29 00:00:00+09:00,1798.2410867824954,1804.3714541237991,1787.3426559535105,1794.8353271484375,42600,0.0,0.0
2017-05-30 00:00:00+09:00,1798.2409791549492,1820.0378395083426,1787.3425489782526,1816.632080078125,66400,0.0,0.0
2017-05-31 00:00:00+09:00,1814.589228548879,1815.2703806616978,1792.7923609386824,1800.2850341796875,76900,0.0,0.0
2017-06-01 00:00:00+09:00,1798.2414660097945,1830.936765391791,1798.2414660097945,1825.487548828125,40000,0.0,0.0
2017-06-02 00:00:00+09:00,1832.2988302983586,1849.3276298364474,1807.7773589635108,1836.3857421875,104000,0.0,0.0
2017-06-05 00:00:00+09:00,1824.1251255658178,1839.7916221632838,1809.8209330203053,1831.6177978515625,43700,0.0,0.0
2017-06-06 00:00:00+09:00,1839.110220053056,1839.110220053056,1818.6756620524666,1823.4437255859375,56600,0.0,0.0
2017-06-07 00:00:00+09:00,1809.820572063853,1833.6608882182509,1795.5163823712144,1832.979736328125,82900,0.0,0.0
2017-06-08 00:00:00+09:00,1832.9800935545409,1836.385853668912,1809.820924776817,1813.9078369140625,94800,0.0,0.0
2017-06-09 00:00:00+09:00,1818.6760281235422,1833.661373673624,1815.9514198417094,1825.487548828125,72500,0.0,0.0
2017-06-12 00:00:00+09:00,1817.3133585946252,1836.3856127327997,1815.951054727613,1824.1248779296875,92800,0.0,0.0
2017-06-13 00:00:00+09:00,1827.5307816849784,1879.9794847001642,1827.5307816849784,1865.67529296875,108100,0.0,0.0
2017-06-14 00:00:00+09:00,1875.2113013113028,1890.1966440751416,1870.4432377046267,1871.1243896484375,78600,0.0,0.0
2017-06-15 00:00:00+09:00,1871.1239071231328,1899.0511296175077,1867.7181482823553,1877.9354248046875,89000,0.0,0.0
2017-06-16 00:00:00+09:00,1883.385386657715,1911.312620239258,1883.385386657715,1907.2257080078125,90800,0.0,0.0
2017-06-19 00:00:00+09:00,1914.7183837890625,1928.3414245844313,1910.631471550452,1914.7183837890625,68600,0.0,0.0
2017-06-20 00:00:00+09:00,1925.6164598095324,1935.1525866002412,1911.3122696234693,1933.109130859375,72600,0.0,0.0
2017-06-21 00:00:00+09:00,1924.254274401985,1942.645377201579,1917.4427548465796,1927.6600341796875,78500,0.0,0.0
2017-06-22 00:00:00+09:00,1924.9354212946785,1924.9354212946785,1901.7762548672124,1918.8050537109375,83100,0.0,0.0
2017-06-23 00:00:00+09:00,1914.718134938329,1920.1673505482568,1906.5443115234375,1906.5443115234375,67000,0.0,0.0
2017-06-26 00:00:00+09:00,1893.6024364026614,1937.196161557255,1893.6024364026614,1927.6600341796875,70200,0.0,0.0
2017-06-27 00:00:00+09:00,1917.442755232595,1931.065794346148,1915.399299365562,1928.3411865234375,47400,0.0,0.0
2017-06-28 00:00:00+09:00,1920.848388238848,1940.601793649815,1919.486084417402,1920.167236328125,53800,0.0,0.0
2017-06-29 00:00:00+09:00,1921.5299147326427,1938.5587158203125,1919.4864586021224,1938.5587158203125,66900,0.0,0.0
2017-06-30 00:00:00+09:00,1920.1677199026296,1924.2546323962144,1894.2839407765919,1907.906982421875,114100,0.0,0.0
2017-07-03 00:00:00+09:00,1907.9065962430564,1914.036963742588,1865.6751756907288,1873.8489990234375,165600,0.0,0.0
2017-07-04 00:00:00+09:00,1798.9219832008089,1815.9507789524257,1771.6759099982219,1780.5308837890625,405000,0.0,0.0
2017-07-05 00:00:00+09:00,1787.3426313300347,1788.70493516489,1737.6185413578196,1755.3284912109375,372400,0.0,0.0
2017-07-06 00:00:00+09:00,1771.6761583343496,1799.6033872815653,1755.328512121345,1789.3861083984375,216800,0.0,0.0
2017-07-07 00:00:00+09:00,1773.0385857120823,1797.5600567399867,1773.0385857120823,1794.154296875,187000,0.0,0.0
2017-07-10 00:00:00+09:00,1805.053093125567,1823.4442001121295,1779.169312922257,1783.2562255859375,117500,0.0,0.0
2017-07-11 00:00:00+09:00,1775.7629556244383,1801.6467271295126,1767.5891330438885,1799.603271484375,93100,0.0,0.0
2017-07-12 00:00:00+09:00,1796.1973758805502,1796.878527710615,1775.0816691485452,1780.5308837890625,93900,0.0,0.0
2017-07-13 00:00:00+09:00,1788.0236760346404,1790.0671316643943,1773.7194866263633,1779.849853515625,117400,0.0,0.0
2017-07-14 00:00:00+09:00,1791.429443359375,1801.6467215534399,1788.0236839613533,1791.429443359375,70300,0.0,0.0
2017-07-17 00:00:00+09:00,1791.429443359375,1791.429443359375,1791.429443359375,1791.429443359375,0,0.0,0.0
2017-07-18 00:00:00+09:00,1791.4294354175636,1794.1540429239021,1773.7194866263633,1779.849853515625,69200,0.0,0.0
2017-07-19 00:00:00+09:00,1777.1256139391253,1792.1109583265,1773.0387018334775,1784.6182861328125,60300,0.0,0.0
2017-07-20 00:00:00+09:00,1784.6181783859065,1813.2265613981995,1779.168962574041,1811.18310546875,58400,0.0,0.0
2017-07-21 00:00:00+09:00,1806.4146794016767,1822.081171719263,1806.4146794016767,1815.2696533203125,73400,0.0,0.0
2017-07-24 00:00:00+09:00,1815.269904831564,1832.2987031883329,1803.6903219489611,1827.5306396484375,69700,0.0,0.0
2017-07-25 00:00:00+09:00,1819.3570629592816,1849.3277521282102,1818.675910932715,1835.0235595703125,83100,0.0,0.0
2017-07-26 00:00:00+09:00,1832.9802243370993,1842.5163533377383,1824.8063994794088,1832.299072265625,58600,0.0,0.0
2017-07-27 00:00:00+09:00,1818.6757935292621,1852.7333926590236,1807.7773618077383,1841.8349609375,78900,0.0,0.0
2017-07-28 00:00:00+09:00,1845.921894079007,1882.7041015625,1845.921894079007,1882.7041015625,84800,0.0,0.0
2017-07-31 00:00:00+09:00,1879.9796182637263,1898.3707232250017,1867.0377295872731,1888.8345947265625,79800,0.0,0.0
2017-08-01 00:00:00+09:00,1895.6462551870216,1935.153076171875,1895.6462551870216,1935.153076171875,81100,0.0,0.0
2017-08-02 00:00:00+09:00,1946.0512889619963,1986.9204094862243,1930.3847927610423,1985.55810546875,120700,0.0,0.0
2017-08-03 00:00:00+09:00,1979.4281139393038,2023.7030029296875,1976.7035053860495,2023.7030029296875,144800,0.0,0.0
2017-08-04 00:00:00+09:00,2023.7022790404867,2041.412228301696,2002.5865703059678,2036.6441650390625,74400,0.0,0.0
2017-08-07 00:00:00+09:00,2036.6442972312914,2080.9191732580584,2015.5285871262176,2053.673095703125,134600,0.0,0.0
2017-08-08 00:00:00+09:00,2057.078974008163,2063.8904937896473,2030.5140468603759,2046.8616943359375,128700,0.0,0.0
2017-08-09 00:00:00+09:00,2046.8614452619431,2050.2672047382525,2023.7022808230392,2039.3687744140625,109500,0.0,0.0
2017-08-10 00:00:00+09:00,2020.9778026372044,2063.890374786225,2010.079371615231,2053.673095703125,122300,0.0,0.0
2017-08-11 00:00:00+09:00,2053.673095703125,2053.673095703125,2053.673095703125,2053.673095703125,0,0.0,0.0
2017-08-14 00:00:00+09:00,2053.673586405604,2080.919670470687,2050.267825897469,2060.485107421875,127800,0.0,0.0
2017-08-15 00:00:00+09:00,2063.890374786225,2077.5134135636918,2043.4558166200247,2053.673095703125,122800,0.0,0.0
2017-08-16 00:00:00+09:00,2053.673586405604,2074.108149454416,2050.267825897469,2060.485107421875,92600,0.0,0.0
2017-08-17 00:00:00+09:00,2060.4846171195936,2070.7018962127486,2050.2673380264387,2057.078857421875,67300,0.0,0.0
2017-08-18 00:00:00+09:00,2033.9198067511177,2050.2674542266795,2027.1082869696338,2046.8616943359375,63600,0.0,0.0
2017-08-21 00:00:00+09:00,2046.8618260592566,2070.7021468286653,2040.7314578614084,2067.29638671875,57900,0.0,0.0
2017-08-22 00:00:00+09:00,2070.7021564029365,2094.5424772825754,2063.890636151611,2087.73095703125,74900,0.0,0.0
2017-08-23 00:00:00+09:00,2101.3542468578785,2111.571528447139,2080.919683679358,2097.948486328125,81600,0.0,0.0
2017-08-24 00:00:00+09:00,2097.9484875151948,2125.1945717686385,2084.3254453884724,2101.354248046875,75600,0.0,0.0
2017-08-25 00:00:00+09:00,2104.760013303895,2121.7888160005286,2104.760013303895,2114.977294921875,50200,0.0,0.0
2017-08-28 00:00:00+09:00,2118.3825722718852,2132.005611321865,2104.7595332219053,2125.194091796875,60100,0.0,0.0
2017-08-29 00:00:00+09:00,2140.680908203125,2161.3305632661777,2116.589643962897,2140.680908203125,82700,32.5,0.0
2017-08-30 00:00:00+09:00,2140.6812746112682,2140.6812746112682,2116.5900062474757,2130.3564453125,88900,0.0,0.0
2017-08-31 00:00:00+09:00,2130.3564866653096,2130.3564866653096,2095.940388334691,2113.1484375,123200,0.0,0.0
2017-09-01 00:00:00+09:00,2120.032384072581,2144.1236611643144,2102.8243290070563,2133.798828125,85700,0.0,0.0
2017-09-04 00:00:00+09:00,2116.5902515803427,2133.798302406199,2099.3822007544863,2109.70703125,84400,0.0,0.0
2017-09-05 00:00:00+09:00,2102.8236494894295,2116.590089093288,2082.173990083641,2095.9404296875,97500,0.0,0.0
2017-09-06 00:00:00+09:00,2082.1742290713923,2120.031942327236,2068.407787887449,2116.59033203125,65800,0.0,0.0
2017-09-07 00:00:00+09:00,2116.5904424758182,2171.656210084945,2106.265611049107,2168.214599609375,103200,0.0,0.0
2017-09-08 00:00:00+09:00,2168.214438928964,2195.747320693141,2144.1231673853085,2154.447998046875,163300,0.0,0.0
2017-09-11 00:00:00+09:00,2185.422527198731,2212.955409431156,2164.7728655244123,2178.539306640625,105100,0.0,0.0
2017-09-12 00:00:00+09:00,2192.3057477568373,2199.188968314944,2168.2144758034656,2178.539306640625,73300,0.0,0.0
2017-09-13 00:00:00+09:00,2175.097450339147,2230.1632085755814,2171.6558404493703,2219.83837890625,76200,0.0,0.0
2017-09-14 00:00:00+09:00,2209.5134683611977,2223.2799074164077,2202.6302488335928,2212.955078125,72600,0.0,0.0
2017-09-15 00:00:00+09:00,2202.630330594679,2212.9551602693414,2181.9806712453537,2199.188720703125,102500,0.0,0.0
2017-09-18 00:00:00+09:00,2199.188720703125,2199.188720703125,2199.188720703125,2199.188720703125,0,0.0,0.0
2017-09-19 00:00:00+09:00,2199.1890801323784,2230.16357421875,2185.422638316213,2230.16357421875,100300,0.0,0.0
2017-09-20 00:00:00+09:00,2223.2799481694005,2226.721557996288,2199.188679381187,2216.396728515625,80600,0.0,0.0
2017-09-21 00:00:00+09:00,2223.280030822754,2226.721640777588,2192.3055412292483,2202.63037109375,79400,0.0,0.0
2017-09-22 00:00:00+09:00,2216.396894346993,2233.6049447689416,2181.980793503096,2188.864013671875,109700,0.0,0.0
2017-09-25 00:00:00+09:00,2216.3966878888027,2233.604736707815,2202.6302488335928,2212.955078125,115000,0.0,0.0
2017-09-26 00:00:00+09:00,2206.0719393471413,2233.6048184653587,2202.6303294573645,2219.83837890625,60000,0.0,0.0
2017-09-27 00:00:00+09:00,2230.163250732422,2237.04647064209,2178.5391014099123,2202.63037109375,92000,0.0,0.0
2017-09-28 00:00:00+09:00,2195.747029305988,2216.3966878888027,2185.42220001458,2212.955078125,48400,0.0,0.0
2017-09-29 00:00:00+09:00,2202.63037109375,2209.5135910034182,2185.42232131958,2202.63037109375,55500,0.0,0.0
2017-10-02 00:00:00+09:00,2219.8381740437694,2223.2797836159302,2178.538859177839,2181.98046875,54400,0.0,0.0
2017-10-03 00:00:00+09:00,2195.7469070386433,2195.7469070386433,2164.7724208891955,2181.98046875,57800,0.0,0.0
2017-10-04 00:00:00+09:00,2181.9807532603345,2188.8639733021655,2161.3310931348424,2185.42236328125,51400,0.0,0.0
2017-10-05 00:00:00+09:00,2185.4224035874854,2192.305623756265,2178.5391834187058,2188.864013671875,42600,0.0,0.0
2017-10-06 00:00:00+09:00,2171.6560142230833,2171.6560142230833,2099.3822007544863,2109.70703125,119600,0.0,0.0
2017-10-09 00:00:00+09:00,2109.70703125,2109.70703125,2109.70703125,2109.70703125,0,0.0,0.0
2017-10-10 00:00:00+09:00,2085.615839367378,2130.3567732151932,2085.615839367378,2116.59033203125,112400,0.0,0.0
2017-10-11 00:00:00+09:00,2037.4328228648424,2099.3817938303273,2032.6145695675268,2075.29052734375,274100,0.0,0.0
2017-10-12 00:00:00+09:00,2051.1995421150664,2092.498861754967,2030.5498822951158,2078.732421875,184600,0.0,0.0
2017-10-13 00:00:00+09:00,2075.2908119050085,2092.498861754967,2064.965981995033,2078.732421875,145900,0.0,0.0
2017-10-16 00:00:00+09:00,2092.498697916667,2133.798014322917,2085.615478515625,2106.26513671875,126800,0.0,0.0
2017-10-17 00:00:00+09:00,2106.265259390394,2106.265259390394,2085.615599984606,2095.9404296875,101400,0.0,0.0
2017-10-18 00:00:00+09:00,2099.3818766942,2123.4731441316744,2095.940267060275,2102.823486328125,40200,0.0,0.0
2017-10-19 00:00:00+09:00,2102.8236080008146,2123.473266999186,2102.8236080008146,2113.1484375,49200,0.0,0.0
2017-10-20 00:00:00+09:00,2102.8235671824514,2140.6812746112682,2095.940347649939,2130.3564453125,64700,0.0,0.0
2017-10-23 00:00:00+09:00,2157.8893653298046,2157.8893653298046,2109.7068276669384,2113.1484375,63600,0.0,0.0
2017-10-24 00:00:00+09:00,2109.707151338652,2126.915203144024,2109.707151338652,2120.031982421875,63100,0.0,0.0
2017-10-25 00:00:00+09:00,2120.031982421875,2126.915203144024,2102.823930616503,2120.031982421875,70600,0.0,0.0
2017-10-26 00:00:00+09:00,2137.2392990259495,2154.447344911827,2120.0312531400723,2140.680908203125,48700,0.0,0.0
2017-10-27 00:00:00+09:00,2133.797973828752,2147.564412369583,2123.473144923129,2144.122802734375,47100,0.0,0.0
2017-10-30 00:00:00+09:00,2137.239986729964,2161.3312587220894,2133.7983764453747,2157.8896484375,99200,0.0,0.0
2017-10-31 00:00:00+09:00,2147.564453125,2161.3308919270835,2133.798014322917,2147.564453125,42200,0.0,0.0
2017-11-01 00:00:00+09:00,2154.44820234375,2157.8898128906253,2137.2401496093753,2151.006591796875,40700,0.0,0.0
2017-11-02 00:00:00+09:00,2151.006062825521,2168.214111328125,2140.6812337239585,2147.564453125,39300,0.0,0.0
2017-11-03 00:00:00+09:00,2147.564453125,2147.564453125,2147.564453125,2147.564453125,0,0.0,0.0
2017-11-06 00:00:00+09:00,2130.3566491580705,2137.239869349211,2113.1485986802186,2126.9150390625,37900,0.0,0.0
2017-11-07 00:00:00+09:00,2109.7067063822983,2147.564412369583,2099.3818774766755,2144.122802734375,68600,0.0,0.0
2017-11-08 00:00:00+09:00,2130.3563641935443,2144.122802734375,2113.148316017506,2144.122802734375,39300,0.0,0.0
2017-11-09 00:00:00+09:00,2157.8889540890023,2171.655390797704,2123.4728623172477,2140.680908203125,119800,0.0,0.0
2017-11-10 00:00:00+09:00,2116.5902515803427,2126.9150820758564,2095.940590589315,2109.70703125,59200,0.0,0.0
2017-11-13 00:00:00+09:00,2102.8234033284098,2102.8234033284098,2075.29052734375,2075.29052734375,44500,0.0,0.0
2017-11-14 00:00:00+09:00,2085.6159259426977,2085.6159259426977,2046.3815669398152,2048.446533203125,75300,0.0,0.0
2017-11-15 00:00:00+09:00,2040.8750423003455,2040.8750423003455,1999.5757159806085,2000.2640380859375,73200,0.0,0.0
2017-11-16 00:00:00+09:00,1982.3673648125857,2013.3418548877826,1978.9257548042306,2001.640380859375,63800,0.0,0.0
2017-11-17 00:00:00+09:00,2001.6403906859925,2016.095152792047,1983.055696549637,1983.7440185546875,65700,0.0,0.0
2017-11-20 00:00:00+09:00,1992.0041189394706,2043.6282754427393,1991.3157968527603,2025.0435791015625,111700,0.0,0.0
2017-11-21 00:00:00+09:00,2032.6153281361758,2060.148214396063,2023.6671401017124,2045.005126953125,61900,0.0,0.0
2017-11-22 00:00:00+09:00,2045.004630731339,2082.1740181630094,2037.4330888471097,2042.2513427734375,68200,0.0,0.0
2017-11-23 00:00:00+09:00,2042.2513427734375,2042.2513427734375,2042.2513427734375,2042.2513427734375,0,0.0,0.0
2017-11-24 00:00:00+09:00,2044.3165018472328,2068.407773754523,2038.1216033567864,2056.706298828125,63400,0.0,0.0
2017-11-27 00:00:00+09:00,2064.965836708781,2071.849056164477,2036.7446369404277,2049.82275390625,29200,0.0,0.0
2017-11-28 00:00:00+09:00,2053.2647887073863,2089.057537286932,2045.6932457386365,2082.17431640625,73600,0.0,0.0
2017-11-29 00:00:00+09:00,2075.29052734375,2095.940184332245,2064.277376949886,2075.29052734375,49200,0.0,0.0
2017-11-30 00:00:00+09:00,2055.3294328561165,2102.8236494894295,2048.446213054187,2095.9404296875,67000,0.0,0.0
2017-12-01 00:00:00+09:00,2106.2653000128075,2109.706909980149,2095.9404701107837,2099.382080078125,46200,0.0,0.0
2017-12-04 00:00:00+09:00,2120.0315352879215,2188.863727992075,2116.5899256527136,2144.122802734375,88300,0.0,0.0
2017-12-05 00:00:00+09:00,2130.3560806715986,2140.680908203125,2116.589643962897,2140.680908203125,49400,0.0,0.0
2017-12-06 00:00:00+09:00,2140.6820501512098,2164.7733272429437,2123.4739950856856,2133.798828125,42700,0.0,0.0
2017-12-07 00:00:00+09:00,2137.2392990259495,2157.8889540890023,2130.3560806715986,2140.680908203125,54400,0.0,0.0
2017-12-08 00:00:00+09:00,2092.4983797226687,2157.8889540890023,2092.4983797226687,2140.680908203125,67000,0.0,0.0
2017-12-11 00:00:00+09:00,2099.3821346787904,2109.7069648493416,2031.926577564521,2043.6280517578125,162800,0.0,0.0
2017-12-12 00:00:00+09:00,2040.8746915529994,2052.5761653325612,2007.1469141883797,2029.1732177734375,153300,0.0,0.0
2017-12-13 00:00:00+09:00,2041.5630399569843,2041.5630399569843,2003.705330180304,2006.4586181640625,89000,0.0,0.0
2017-12-14 00:00:00+09:00,1996.1337467115754,2029.1732018295602,1994.7571027483261,2023.6666259765625,77800,0.0,0.0
2017-12-15 00:00:00+09:00,2023.666952259902,2029.8618510933509,2005.7705778521615,2020.225341796875,61100,0.0,0.0
2017-12-18 00:00:00+09:00,2040.186459647788,2040.186459647788,2021.6017651773122,2028.4849853515625,54300,0.0,0.0
2017-12-19 00:00:00+09:00,2023.666887306086,2029.8617859406963,2000.952258979181,2018.8486328125,43300,0.0,0.0
2017-12-20 00:00:00+09:00,2018.848403744833,2039.4980635171974,2010.588539835887,2034.6798095703125,24200,0.0,0.0
2017-12-21 00:00:00+09:00,2033.9914922651076,2082.1740318449915,2028.484916313121,2078.732421875,120200,0.0,0.0
2017-12-22 00:00:00+09:00,2078.732785471582,2106.2656700473644,2078.732785471582,2089.0576171875,85500,0.0,0.0
2017-12-25 00:00:00+09:00,2099.3822805513214,2120.031942327236,2099.3822805513214,2116.59033203125,47700,0.0,0.0
2017-12-26 00:00:00+09:00,2109.7069313069883,2109.7069313069883,2036.7447992617872,2042.939697265625,126500,0.0,0.0
2017-12-27 00:00:00+09:00,2049.82325666701,2116.5905017632826,2049.82325666701,2089.0576171875,66400,0.0,0.0
2017-12-28 00:00:00+09:00,2089.0572783984508,2102.8237184537948,2051.199568246255,2056.017822265625,44400,0.0,0.0
2017-12-29 00:00:00+09:00,2068.407618315435,2071.8492283292708,2047.7579582324188,2056.017822265625,41800,0.0,0.0
2018-01-01 00:00:00+09:00,2056.017822265625,2056.017822265625,2056.017822265625,2056.017822265625,0,0.0,0.0
2018-01-02 00:00:00+09:00,2056.017822265625,2056.017822265625,2056.017822265625,2056.017822265625,0,0.0,0.0
2018-01-03 00:00:00+09:00,2056.017822265625,2056.017822265625,2056.017822265625,2056.017822265625,0,0.0,0.0
2018-01-04 00:00:00+09:00,2056.017715849512,2071.84912109375,2044.3162424081188,2071.84912109375,74900,0.0,0.0
2018-01-05 00:00:00+09:00,2071.8494850852276,2085.615926846591,2060.1480095880684,2082.17431640625,65800,0.0,0.0
2018-01-08 00:00:00+09:00,2082.17431640625,2082.17431640625,2082.17431640625,2082.17431640625,0,0.0,0.0
2018-01-09 00:00:00+09:00,2089.05696533608,2095.940184332245,2047.75765135909,2075.29052734375,104600,0.0,0.0
2018-01-10 00:00:00+09:00,2000.9523626833545,2014.030482700893,1913.535455197704,1922.483642578125,668800,0.0,0.0
2018-01-11 00:00:00+09:00,1919.0415369867017,1952.7693114889787,1894.9502694850753,1950.704345703125,248500,0.0,0.0
2018-01-12 00:00:00+09:00,1950.0160646112586,1950.0160646112586,1910.0933919153697,1912.8466796875,128600,0.0,0.0
2018-01-15 00:00:00+09:00,1912.1587085868425,1921.7952175574026,1896.3273009923512,1907.3404541015625,97900,0.0,0.0
2018-01-16 00:00:00+09:00,1905.2755256852383,1927.301832340559,1900.457271104387,1921.10693359375,102700,0.0,0.0
2018-01-17 00:00:00+09:00,1901.8335611684843,1922.4832198130932,1896.326985529922,1903.210205078125,104500,0.0,0.0
2018-01-18 00:00:00+09:00,1907.3403908058451,1925.9250860609002,1895.6389160156252,1895.638916015625,145000,0.0,0.0
2018-01-19 00:00:00+09:00,1894.950398940707,1905.2752285753274,1879.1189935009552,1891.5087890625,98800,0.0,0.0
2018-01-22 00:00:00+09:00,1897.7038482489613,1908.0286787617413,1897.7038482489613,1905.275390625,41600,0.0,0.0
2018-01-23 00:00:00+09:00,1905.9638799104443,1924.5485764642842,1905.9638799104443,1921.7952880859375,66800,0.0,0.0
2018-01-24 00:00:00+09:00,1921.10693359375,1925.9251881746015,1914.2237127639623,1921.10693359375,58800,0.0,0.0
2018-01-25 00:00:00+09:00,1914.9116617400541,1921.1065592798316,1895.638647171858,1918.353271484375,89300,0.0,0.0
2018-01-26 00:00:00+09:00,1919.0420123085034,1939.691675281694,1914.223757614759,1937.626708984375,94600,0.0,0.0
2018-01-29 00:00:00+09:00,1939.0032445411603,1958.2762622362802,1937.6266004200804,1953.4580078125,85300,0.0,0.0
2018-01-30 00:00:00+09:00,1952.0808487920804,1952.0808487920804,1924.5479736328125,1924.5479736328125,62000,0.0,0.0
2018-01-31 00:00:00+09:00,1936.249699271066,1958.2760022844589,1925.9248697335381,1927.301513671875,102000,0.0,0.0
2018-02-01 00:00:00+09:00,1945.8859472074148,1966.535603527267,1942.4443378207727,1963.093994140625,95900,0.0,0.0
2018-02-02 00:00:00+09:00,1967.224112967135,1970.665722681913,1939.6912352489105,1964.4708251953125,66400,0.0,0.0
2018-02-05 00:00:00+09:00,1945.197965552406,1956.89943951362,1930.0548816025996,1944.5096435546875,80000,0.0,0.0
2018-02-06 00:00:00+09:00,1913.53554011337,1943.821714129553,1872.9245340462157,1908.71728515625,187400,0.0,0.0
2018-02-07 00:00:00+09:00,1944.5098746256858,1984.4325552374698,1928.678466796875,1928.678466796875,152400,0.0,0.0
2018-02-08 00:00:00+09:00,1914.2234211859304,1929.366504704841,1896.3270497544904,1914.9117431640625,100000,0.0,0.0
2018-02-09 00:00:00+09:00,1883.2492726293103,1901.8339693986784,1876.3660516036184,1896.327392578125,71200,0.0,0.0
2018-02-12 00:00:00+09:00,1896.327392578125,1896.327392578125,1896.327392578125,1896.327392578125,0,0.0,0.0
2018-02-13 00:00:00+09:00,1908.0286317163582,1916.9768179401362,1888.7556152343748,1888.755615234375,53300,0.0,0.0
2018-02-14 00:00:00+09:00,1819.923450465554,1848.8329757755212,1773.1175523446548,1783.4423828125,189800,0.0,0.0
2018-02-15 00:00:00+09:00,1784.1307983398438,1826.8067665100098,1784.1307983398438,1806.1571044921875,87600,0.0,0.0
2018-02-16 00:00:00+09:00,1813.0404599214617,1851.5864985530493,1813.0404599214617,1821.9886474609375,91700,0.0,0.0
2018-02-19 00:00:00+09:00,1828.8715799414717,1857.0927823417728,1828.8715799414717,1849.521240234375,82600,0.0,0.0
2018-02-20 00:00:00+09:00,1849.5214346946948,1856.404655516037,1839.8849255448154,1853.6513671875,66200,0.0,0.0
2018-02-21 00:00:00+09:00,1852.2742919921877,1866.0407304313715,1841.2611412408405,1852.2742919921875,79900,0.0,0.0
2018-02-22 00:00:00+09:00,1839.8846515346295,1850.2094812289877,1826.8065339217758,1842.637939453125,83900,0.0,0.0
2018-02-23 00:00:00+09:00,1844.7032198329782,1862.599594353746,1836.443354669547,1857.093017578125,232600,0.0,0.0
2018-02-26 00:00:00+09:00,1873.4659361088077,1878.3429392894554,1858.8349265668646,1870.6790771484375,90800,32.5,0.0
2018-02-27 00:00:00+09:00,1884.6127678833236,1885.3094824001012,1869.9817630309947,1874.8587646484375,41700,0.0,0.0
2018-02-28 00:00:00+09:00,1874.8590948608125,1900.6375365218494,1864.4083752685003,1885.309814453125,52500,0.0,0.0
2018-03-01 00:00:00+09:00,1886.0067189382223,1886.7034336478412,1855.3512717149931,1861.6217041015625,41500,0.0,0.0
2018-03-02 00:00:00+09:00,1849.7770475229822,1863.0146233809623,1849.7770475229822,1853.2606201171875,41200,0.0,0.0
2018-03-05 00:00:00+09:00,1876.2522529914033,1886.0062565346188,1863.7113912929833,1874.162109375,53200,0.0,0.0
2018-03-06 00:00:00+09:00,1895.0637495372084,1897.8506079924102,1876.2524549645966,1881.826171875,46800,0.0,0.0
2018-03-07 00:00:00+09:00,1883.9164149974763,1920.1455768243509,1881.129556395409,1897.8507080078125,53400,0.0,0.0
2018-03-08 00:00:00+09:00,1902.0311052774646,1911.0883962549763,1888.793526156486,1892.277099609375,65300,0.0,0.0
2018-03-09 00:00:00+09:00,1915.964911965763,1925.02220064051,1888.0963314280789,1895.0634765625,57900,0.0,0.0
2018-03-12 00:00:00+09:00,1929.202920589807,1929.8996352595757,1899.9409044595175,1920.1456298828125,65500,0.0,0.0
2018-03-13 00:00:00+09:00,1943.1372986274569,1972.399316032388,1929.2030046251086,1956.3748779296875,131000,0.0,0.0
2018-03-14 00:00:00+09:00,1950.80108151591,1952.8912255318198,1934.0799293886307,1948.7109375,46800,0.0,0.0
2018-03-15 00:00:00+09:00,1948.7106760584156,1950.800819793909,1920.145378340005,1941.7435302734375,52100,0.0,0.0
2018-03-16 00:00:00+09:00,1959.1616575795495,1967.522233643189,1935.4733587325707,1948.7109375,57800,0.0,0.0
2018-03-19 00:00:00+09:00,1945.227039954221,1945.9237545100787,1904.1208811586268,1916.6617431640625,45500,0.0,0.0
2018-03-20 00:00:00+09:00,1916.6615739230936,1916.6615739230936,1880.4324202175314,1898.5469970703125,42400,0.0,0.0
2018-03-21 00:00:00+09:00,1898.5469970703125,1898.5469970703125,1898.5469970703125,1898.5469970703125,0,0.0,0.0
2018-03-22 00:00:00+09:00,1895.7603026624104,1899.940589989119,1872.0720078110608,1890.88330078125,44300,0.0,0.0
2018-03-23 00:00:00+09:00,1881.1295758928572,1881.1295758928572,1821.9088299851192,1828.8759765625,69100,0.0,0.0
2018-03-26 00:00:00+09:00,1828.8761894930149,1842.11376953125,1805.8846031108171,1842.11376953125,57900,0.0,0.0
2018-03-27 00:00:00+09:00,1846.2940182105724,1878.3428955078127,1843.5071593151604,1878.3428955078125,80700,0.0,0.0
2018-03-28 00:00:00+09:00,1871.375324344034,1888.7931884946672,1861.6213204196795,1879.0391845703125,76800,0.0,0.0
2018-03-29 00:00:00+09:00,1895.0638134926069,1908.998106238876,1884.613093932905,1908.3013916015625,39300,0.0,0.0
2018-03-30 00:00:00+09:00,1924.3258583973748,1927.8094316384995,1903.4244189506255,1920.84228515625,30900,0.0,0.0
2018-04-02 00:00:00+09:00,1920.842090383287,1922.2355195384437,1888.0965052371084,1891.580078125,32300,0.0,0.0
2018-04-03 00:00:00+09:00,1883.2194438565805,1886.7030166347097,1863.7114362990578,1867.8917236328125,52600,0.0,0.0
2018-04-04 00:00:00+09:00,1879.0392935095556,1931.2928889909115,1879.0392935095556,1923.6290283203125,89100,0.0,0.0
2018-04-05 00:00:00+09:00,1936.8665407190772,2013.5051448482493,1918.7519615612728,1996.0872802734375,200700,0.0,0.0
2018-04-06 00:00:00+09:00,1985.6365966796875,2002.3577469675165,1934.0797166255484,1985.6365966796875,135300,0.0,0.0
2018-04-09 00:00:00+09:00,1985.6367019868233,1989.1202751482035,1950.1042557407432,1978.6695556640625,82200,0.0,0.0
2018-04-10 00:00:00+09:00,1908.9980911422563,1931.9896739917797,1775.2288818359375,1775.2288818359375,420200,0.0,0.0
2018-04-11 00:00:00+09:00,1774.532210713463,1819.8186628910737,1774.532210713463,1819.1219482421875,139400,0.0,0.0
2018-04-12 00:00:00+09:00,1815.638166055712,1839.3264613918188,1805.8841620937858,1833.0560302734375,88200,0.0,0.0
2018-04-13 00:00:00+09:00,1853.2610546369008,1895.7606502507547,1830.2694701244882,1882.5230712890625,139300,0.0,0.0
2018-04-16 00:00:00+09:00,1882.522670663013,1897.1536758754198,1867.891665450606,1892.973388671875,76900,0.0,0.0
2018-04-17 00:00:00+09:00,1892.9735563607828,1904.1209898910633,1879.0392644479318,1886.703125,45600,0.0,0.0
2018-04-18 00:00:00+09:00,1893.6700351022137,1925.022188001257,1884.6127464869346,1913.874755859375,66000,0.0,0.0
2018-04-19 00:00:00+09:00,1908.998297421647,1917.3588739067054,1891.5804297444424,1911.78515625,90600,0.0,0.0
2018-04-20 00:00:00+09:00,1911.7850143410278,1927.809451414586,1902.0310091658184,1903.4244384765625,59600,0.0,0.0
2018-04-23 00:00:00+09:00,1898.54695251063,1913.8746710263122,1886.7028063848757,1904.8173828125,60000,0.0,0.0
2018-04-24 00:00:00+09:00,1902.0309296831933,1902.0309296831933,1881.8262055217235,1895.760498046875,81900,0.0,0.0
2018-04-25 00:00:00+09:00,1888.0965052371084,1905.5143696765651,1882.5227886164823,1891.580078125,76400,0.0,0.0
2018-04-26 00:00:00+09:00,1886.703575445281,1907.6050183047191,1881.129857349431,1897.154296875,76900,0.0,0.0
2018-04-27 00:00:00+09:00,1902.0311961188163,1902.0311961188163,1867.8921746500168,1878.3428955078125,48400,0.0,0.0
2018-04-30 00:00:00+09:00,1878.3428955078127,1878.3428955078127,1878.3428955078127,1878.3428955078125,0,0.0,0.0
2018-05-01 00:00:00+09:00,1849.080770634872,1872.76906988189,1841.4169091137778,1858.1380615234375,29100,0.0,0.0
2018-05-02 00:00:00+09:00,1858.1377198540513,1869.98186729969,1842.1132850746574,1867.8917236328125,33700,0.0,0.0
2018-05-03 00:00:00+09:00,1867.8917236328125,1867.8917236328125,1867.8917236328125,1867.8917236328125,0,0.0,0.0
2018-05-04 00:00:00+09:00,1867.8917236328125,1867.8917236328125,1867.8917236328125,1867.8917236328125,0,0.0,0.0
2018-05-07 00:00:00+09:00,1866.4981024361512,1867.8915314040019,1847.6868113701653,1864.407958984375,32300,0.0,0.0
2018-05-08 00:00:00+09:00,1867.1952498016983,1888.09668916515,1859.531388701766,1866.49853515625,46800,0.0,0.0
2018-05-09 00:00:00+09:00,1872.0719121258958,1872.768626644737,1849.0803330041413,1853.2606201171875,38800,0.0,0.0
2018-05-10 00:00:00+09:00,1853.2612819231958,1908.9984633344197,1850.4744228526345,1904.1214599609375,79600,0.0,0.0
2018-05-11 00:00:00+09:00,1895.063591932479,1923.6288887226378,1885.3095881504737,1916.6617431640625,76300,0.0,0.0
2018-05-14 00:00:00+09:00,1912.481552718522,1941.0468509558477,1902.0308338512075,1931.2928466796875,75600,0.0,0.0
2018-05-15 00:00:00+09:00,1931.2929262907608,1942.440360208745,1921.5389216125247,1938.956787109375,61300,0.0,0.0
2018-05-16 00:00:00+09:00,1938.9568084458172,1975.8826837054753,1920.145513502218,1973.0958251953125,108200,0.0,0.0
2018-05-17 00:00:00+09:00,1975.1855401127061,1975.1855401127061,1948.013675539727,1949.4071044921875,48600,0.0,0.0
2018-05-18 00:00:00+09:00,1958.4643889987929,1958.4643889987929,1940.349812650885,1948.013671875,53900,0.0,0.0
2018-05-21 00:00:00+09:00,1950.104066685268,1955.677783203125,1928.5059151785715,1950.80078125,81200,0.0,0.0
2018-05-22 00:00:00+09:00,1950.80108151591,1954.2846548757598,1928.506212012871,1948.7109375,64000,0.0,0.0
2018-05-23 00:00:00+09:00,1945.2276224443299,1984.94036402002,1926.4163238032136,1982.8502197265625,108600,0.0,0.0
2018-05-24 00:00:00+09:00,1978.669423256109,1979.3661378417626,1946.6205523160452,1974.4891357421875,69800,0.0,0.0
2018-05-25 00:00:00+09:00,1974.4893335952813,1974.4893335952813,1942.4404594437701,1954.9813232421875,67300,0.0,0.0
2018-05-28 00:00:00+09:00,1961.2519657514724,1971.0059719754584,1943.1373827640698,1966.82568359375,116100,0.0,0.0
2018-05-29 00:00:00+09:00,1970.3085350724248,1970.3085350724248,1947.3169574000804,1948.013671875,49000,0.0,0.0
2018-05-30 00:00:00+09:00,1934.0798835781584,1961.2517551413962,1922.9324490906763,1954.9813232421875,56900,0.0,0.0
2018-05-31 00:00:00+09:00,1970.3086873430277,1977.275832630662,1942.4401061924898,1959.1612548828125,126100,0.0,0.0
2018-06-01 00:00:00+09:00,1954.2847631835937,1954.2847631835937,1915.26873939098,1915.9654541015625,54500,0.0,0.0
2018-06-04 00:00:00+09:00,1936.1701337172096,1936.1701337172096,1906.9081165829443,1922.23583984375,51000,0.0,0.0
2018-06-05 00:00:00+09:00,1923.6291966549186,1931.98977266356,1908.3014739724092,1917.3587646484375,102200,0.0,0.0
2018-06-06 00:00:00+09:00,1919.4490531209753,1933.3833475174977,1913.1786206425402,1927.1129150390625,58600,0.0,0.0
2018-06-07 00:00:00+09:00,1933.3833100956806,1996.0876336663514,1925.0227336195912,1990.513916015625,99000,0.0,0.0
2018-06-08 00:00:00+09:00,1971.7029614554056,1978.6701097290995,1947.3179424974765,1952.1949462890625,78700,0.0,0.0
2018-06-11 00:00:00+09:00,1949.4072964165068,1959.8580145888614,1927.112430982151,1952.890869140625,44100,0.0,0.0
2018-06-12 00:00:00+09:00,1971.7026589523723,1995.39095944862,1971.7026589523723,1981.4566650390625,67200,0.0,0.0
2018-06-13 00:00:00+09:00,1986.3335223216234,2003.0546743860634,1967.5222262491282,1997.48095703125,56800,0.0,0.0
2018-06-14 00:00:00+09:00,1999.5711637574093,2003.7514519046374,1987.0302993157252,1998.177734375,55500,0.0,0.0
2018-06-15 00:00:00+09:00,1998.1776717006016,2014.2021090956903,1987.7269516603267,1997.48095703125,68500,0.0,0.0
2018-06-18 00:00:00+09:00,2002.3578121011908,2002.3578121011908,1959.8582204038448,1961.9483642578125,34000,0.0,0.0
2018-06-19 00:00:00+09:00,1961.9483818990561,1961.9483818990561,1915.965216698297,1918.7520751953125,41500,0.0,0.0
2018-06-20 00:00:00+09:00,1919.448971372494,1933.3832651755613,1897.8508159777402,1918.0555419921875,48700,0.0,0.0
2018-06-21 00:00:00+09:00,1898.5475494055643,1899.244264102594,1867.8921027362635,1873.4658203125,62500,0.0,0.0
2018-06-22 00:00:00+09:00,1862.318260198629,1862.318260198629,1842.113535340507,1846.2938232421875,69700,0.0,0.0
2018-06-25 00:00:00+09:00,1854.65460618797,1854.65460618797,1823.3024434237107,1829.5728759765625,44000,0.0,0.0
2018-06-26 00:00:00+09:00,1814.9418979410354,1873.4659361088077,1813.5484684608502,1870.6790771484375,51400,0.0,0.0
2018-06-27 00:00:00+09:00,1876.2525241397875,1890.8835315690246,1863.0149459895254,1885.309814453125,25500,0.0,0.0
2018-06-28 00:00:00+09:00,1881.1293282683887,1881.826042834414,1865.104893249806,1879.0391845703125,30900,0.0,0.0
2018-06-29 00:00:00+09:00,1879.0391463726648,1908.9978721027444,1867.8917135428678,1888.096435546875,54700,0.0,0.0
2018-07-02 00:00:00+09:00,1884.6134231179988,1891.5805707080838,1836.5401047464122,1838.6302490234375,48000,0.0,0.0
2018-07-03 00:00:00+09:00,1817.0319068030974,1833.056344631499,1801.007468974696,1810.761474609375,54600,0.0,0.0
2018-07-04 00:00:00+09:00,1796.130013885323,1830.96573952313,1796.130013885323,1823.3018798828125,32300,0.0,0.0
2018-07-05 00:00:00+09:00,1817.0314292136468,1826.785432284579,1784.982561980584,1791.94970703125,63000,0.0,0.0
2018-07-06 00:00:00+09:00,1797.523991565948,1815.6385744266902,1793.343703213469,1799.6141357421875,83600,0.0,0.0
2018-07-09 00:00:00+09:00,1790.5567243081157,1796.8271564165877,1742.4834114764972,1748.05712890625,140000,0.0,0.0
2018-07-10 00:00:00+09:00,1678.385721274057,1722.975462312471,1664.4514271995524,1695.8035888671875,219400,0.0,0.0
2018-07-11 00:00:00+09:00,1692.3194210168085,1702.770137902462,1677.6884173768938,1678.3851318359375,110800,0.0,0.0
2018-07-12 00:00:00+09:00,1678.3853899159112,1709.7375453937925,1674.9018170850356,1683.9591064453125,71700,0.0,0.0
2018-07-13 00:00:00+09:00,1684.6557667192205,1748.056790197901,1684.6557667192205,1734.8192138671875,100000,0.0,0.0
2018-07-16 00:00:00+09:00,1734.8192138671875,1734.8192138671875,1734.8192138671875,1734.8192138671875,0,0.0,0.0
2018-07-17 00:00:00+09:00,1729.2457675251303,1777.31907854819,1727.852338220114,1771.745361328125,48500,0.0,0.0
2018-07-18 00:00:00+09:00,1780.8027633987106,1801.704204283672,1772.442187044726,1793.3436279296875,42000,0.0,0.0
2018-07-19 00:00:00+09:00,1812.1546607054713,1817.7283774627354,1782.195933135177,1786.376220703125,30600,0.0,0.0
2018-07-20 00:00:00+09:00,1775.2290362301644,1794.7370476173091,1775.2290362301644,1789.163330078125,21300,0.0,0.0
2018-07-23 00:00:00+09:00,1789.860411752294,1801.7045639515113,1754.3279551546425,1760.598388671875,55800,0.0,0.0
2018-07-24 00:00:00+09:00,1774.5321672041339,1791.2533183674236,1768.2617355179002,1775.2288818359375,61900,0.0,0.0
2018-07-25 00:00:00+09:00,1797.523696845623,1812.8514182915933,1776.6222585102087,1778.71240234375,55500,0.0,0.0
2018-07-26 00:00:00+09:00,1804.4910071665845,1804.4910071665845,1764.0815560408464,1769.6552734375,36700,0.0,0.0
2018-07-27 00:00:00+09:00,1777.3189207170976,1794.0400708924055,1768.261631038806,1782.1959228515625,33100,0.0,0.0
2018-07-30 00:00:00+09:00,1777.3187183968732,1780.8022909535116,1767.564715238286,1774.5318603515625,29300,0.0,0.0
2018-07-31 00:00:00+09:00,1783.5895437450515,1793.3435490624072,1754.3275277929843,1759.9012451171875,62500,0.0,0.0
2018-08-01 00:00:00+09:00,1765.4748213591176,1786.3762596546082,1758.5076752606208,1777.3189697265625,42300,0.0,0.0
2018-08-02 00:00:00+09:00,1812.1548852539063,1820.5154614257813,1775.2290071614584,1776.6224365234375,63100,0.0,0.0
2018-08-03 00:00:00+09:00,1777.3193514286563,1795.4339351750873,1773.1390628717877,1784.2864990234375,49700,0.0,0.0
2018-08-06 00:00:00+09:00,1784.2860389307293,1784.2860389307293,1764.081316115817,1771.0484619140625,44100,0.0,0.0
2018-08-07 00:00:00+09:00,1768.958575032552,1776.6224365234375,1762.688142903646,1776.6224365234375,54300,0.0,0.0
2018-08-08 00:00:00+09:00,1777.3190950960727,1784.286241686022,1752.2373673722552,1752.93408203125,68500,0.0,0.0
2018-08-09 00:00:00+09:00,1741.7868369054065,1741.7868369054065,1706.2543854325363,1729.2459716796875,107000,0.0,0.0
2018-08-10 00:00:00+09:00,1729.2458571858092,1738.999862826664,1699.9838402632452,1706.2542724609375,53400,0.0,0.0
2018-08-13 00:00:00+09:00,1683.9592906017858,1688.1395784559895,1658.1808488341953,1658.8775634765625,58900,0.0,0.0
2018-08-14 00:00:00+09:00,1667.2382541963061,1682.5659773857415,1659.5743926015884,1681.8692626953125,38400,0.0,0.0
2018-08-15 00:00:00+09:00,1677.6885664552826,1677.6885664552826,1658.8772743895463,1665.147705078125,50700,0.0,0.0
2018-08-16 00:00:00+09:00,1657.4838749711794,1658.87730403799,1621.9514337675096,1628.9185791015625,51400,0.0,0.0
2018-08-17 00:00:00+09:00,1631.7054759914593,1646.336481540486,1629.6153323415983,1644.246337890625,31600,0.0,0.0
2018-08-20 00:00:00+09:00,1614.9844611672795,1614.9844611672795,1569.001297044311,1575.271728515625,116800,0.0,0.0
2018-08-21 00:00:00+09:00,1567.6078678284637,1580.1487307710913,1559.2472925333784,1575.271728515625,56700,0.0,0.0
2018-08-22 00:00:00+09:00,1574.5752558695742,1601.0504150390625,1573.181826439601,1601.0504150390625,46600,0.0,0.0
2018-08-23 00:00:00+09:00,1601.0503320817184,1618.4681990538868,1601.0503320817184,1617.771484375,47300,0.0,0.0
2018-08-24 00:00:00+09:00,1644.2462786392155,1658.1805691361578,1638.6725624404382,1644.9429931640625,54900,0.0,0.0
2018-08-27 00:00:00+09:00,1651.9102364515277,1665.8445277754545,1646.3365199219568,1659.5740966796875,35400,0.0,0.0
2018-08-28 00:00:00+09:00,1672.115061313291,1672.115061313291,1646.3366207847112,1651.213623046875,70500,0.0,0.0
2018-08-29 00:00:00+09:00,1652.275422592065,1666.4337381241307,1649.443759485652,1654.399169921875,36900,37.5,0.0
2018-08-30 00:00:00+09:00,1660.7706872600397,1677.7606687153855,1650.1519488504487,1653.6915283203125,61600,0.0,0.0
2018-08-31 00:00:00+09:00,1666.4342041015625,1684.132103465428,1656.5233804577979,1666.4342041015625,75400,0.0,0.0
2018-09-03 00:00:00+09:00,1673.5128675244184,1677.7603621120438,1645.1962369402488,1657.938720703125,54500,0.0,0.0
2018-09-04 00:00:00+09:00,1663.602219550309,1668.5576304170547,1635.2855860260483,1639.5330810546875,55700,0.0,0.0
2018-09-05 00:00:00+09:00,1628.206235071656,1676.3445063694269,1628.206235071656,1667.1416015625,81500,0.0,0.0
2018-09-06 00:00:00+09:00,1660.0625582952284,1665.725884720116,1643.780494823676,1655.8150634765625,34200,0.0,0.0
2018-09-07 00:00:00+09:00,1643.0726213135508,1650.1517795268794,1613.3401568175711,1626.0826416015625,40200,0.0,0.0
2018-09-10 00:00:00+09:00,1635.285631670462,1636.701463386194,1605.55316564009,1612.63232421875,48700,0.0,0.0
2018-09-11 00:00:00+09:00,1612.6322571447797,1612.6322571447797,1589.2710348068615,1602.721435546875,84700,0.0,0.0
2018-09-12 00:00:00+09:00,1596.350193091079,1608.384762174249,1561.6623174984127,1602.721435546875,81000,0.0,0.0
2018-09-13 00:00:00+09:00,1594.9342810160008,1621.8350811396617,1592.8105336378171,1619.00341796875,49300,0.0,0.0
2018-09-14 00:00:00+09:00,1626.7906193079873,1650.8597581489234,1621.1272925218846,1627.49853515625,75600,0.0,0.0
2018-09-17 00:00:00+09:00,1627.49853515625,1627.49853515625,1627.49853515625,1627.49853515625,0,0.0,0.0
2018-09-18 00:00:00+09:00,1627.4983153568717,1664.3099344950003,1606.9687585298386,1661.478271484375,63900,0.0,0.0
2018-09-19 00:00:00+09:00,1669.2655209074107,1683.4238374545473,1636.7013928489964,1648.7359619140625,83400,0.0,0.0
2018-09-20 00:00:00+09:00,1642.364529900108,1648.7357716109275,1623.25080476765,1638.824951171875,68800,0.0,0.0
2018-09-21 00:00:00+09:00,1638.8249930976497,1657.230802955334,1623.2508462949938,1655.1070556640625,61400,0.0,0.0
2018-09-24 00:00:00+09:00,1655.1070556640625,1655.1070556640625,1655.1070556640625,1655.1070556640625,0,0.0,0.0
2018-09-25 00:00:00+09:00,1657.938655816607,1694.0423583984375,1656.5228243428096,1694.0423583984375,79800,0.0,0.0
2018-09-26 00:00:00+09:00,1692.6266322746246,1717.4036846082138,1688.3791375888663,1714.572021484375,55600,0.0,0.0
2018-09-27 00:00:00+09:00,1714.5722196245215,1716.695967212826,1686.9635009765625,1686.9635009765625,55500,0.0,0.0
2018-09-28 00:00:00+09:00,1686.9633771103436,1701.121693326125,1675.6367241377186,1684.1317138671875,41500,0.0,0.0
2018-10-01 00:00:00+09:00,1691.2107736389212,1691.2107736389212,1671.3891320893651,1674.9287109375,33900,0.0,0.0
2018-10-02 00:00:00+09:00,1689.0874325414375,1707.493246978184,1684.1320209623134,1688.3795166015625,55400,0.0,0.0
2018-10-03 00:00:00+09:00,1686.255548425623,1709.6167713886982,1665.7259888520111,1676.3447265625,51100,0.0,0.0
2018-10-04 00:00:00+09:00,1715.2798731721791,1715.2798731721791,1690.5028217644092,1710.324462890625,54400,0.0,0.0
2018-10-05 00:00:00+09:00,1706.7850179893092,1708.200849609375,1657.2309112870066,1681.300048828125,103900,0.0,0.0
2018-10-08 00:00:00+09:00,1681.300048828125,1681.300048828125,1681.300048828125,1681.300048828125,0,0.0,0.0
2018-10-09 00:00:00+09:00,1645.904233673556,1662.1862970604343,1571.5730747334599,1595.6422119140625,137500,0.0,0.0
2018-10-10 00:00:00+09:00,1561.6626059162538,1687.6716466474838,1548.920118651298,1652.9837646484375,337600,0.0,0.0
2018-10-11 00:00:00+09:00,1616.8799942114206,1681.3003442434867,1613.340414539329,1660.0628662109375,154100,0.0,0.0
2018-10-12 00:00:00+09:00,1664.310204513275,1691.9189233461198,1638.825233282957,1652.275634765625,109300,0.0,0.0
2018-10-15 00:00:00+09:00,1652.2753926090343,1674.2207812855038,1650.151645317763,1655.1070556640625,148700,0.0,0.0
2018-10-16 00:00:00+09:00,1682.0080975932458,1777.576739501953,1682.0080975932458,1755.63134765625,264300,0.0,0.0
2018-10-17 00:00:00+09:00,1776.8688236359626,1789.6113092237902,1736.5176192745084,1755.63134765625,92000,0.0,0.0
2018-10-18 00:00:00+09:00,1769.7897590621856,1796.6905633999309,1757.7551887005627,1759.1710205078125,83200,0.0,0.0
2018-10-19 00:00:00+09:00,1735.1017781111627,1774.037150528998,1723.7751243168834,1738.641357421875,98800,0.0,0.0
2018-10-22 00:00:00+09:00,1715.2799208231334,1741.4728044675642,1710.3245104039167,1735.1015625,82000,0.0,0.0
2018-10-23 00:00:00+09:00,1718.111779815522,1745.0125823013027,1707.4930419921875,1707.4930419921875,70400,0.0,0.0
2018-10-24 00:00:00+09:00,1698.2901026101222,1722.3592412048467,1684.8397016307172,1702.53759765625,61100,0.0,0.0
2018-10-25 00:00:00+09:00,1663.602337381114,1679.8844028108015,1624.6669635275134,1628.20654296875,79900,0.0,0.0
2018-10-26 00:00:00+09:00,1628.2064526483798,1655.107254909527,1616.1718832157615,1630.3302001953125,57200,0.0,0.0
2018-10-29 00:00:00+09:00,1638.1172123278602,1668.5575926779456,1627.4984749964349,1628.914306640625,71000,0.0,0.0
2018-10-30 00:00:00+09:00,1626.0825775612798,1686.255420004775,1624.666745974374,1667.849609375,207900,0.0,0.0
2018-10-31 00:00:00+09:00,1667.84980851556,1706.077265926358,1667.84980851556,1697.582275390625,57600,0.0,0.0
2018-11-01 00:00:00+09:00,1696.874021346032,1713.8639990315992,1679.1761279235661,1694.0423583984375,42300,0.0,0.0
2018-11-02 00:00:00+09:00,1690.502859844739,1706.7849225651867,1657.2308186333894,1677.7603759765625,52500,0.0,0.0
2018-11-05 00:00:00+09:00,1668.5575835792054,1680.5921524891953,1655.107183032746,1663.6021728515625,61100,0.0,0.0
2018-11-06 00:00:00+09:00,1667.1416394197488,1687.671196762922,1661.478313256115,1677.7603759765625,26600,0.0,0.0
2018-11-07 00:00:00+09:00,1677.7605582572319,1706.0771921518688,1674.9288948677681,1676.3447265625,26900,0.0,0.0
2018-11-08 00:00:00+09:00,1691.210784501224,1745.0123833384332,1691.210784501224,1735.1015625,56100,0.0,0.0
2018-11-09 00:00:00+09:00,1740.7648906389225,1745.7203010636774,1724.4828278147277,1737.9332275390625,34100,0.0,0.0
2018-11-12 00:00:00+09:00,1737.9332949768534,1757.0470216425867,1725.8987263354659,1747.8441162109375,91000,0.0,0.0
2018-11-13 00:00:00+09:00,1713.1561899224557,1720.2353477320526,1691.918716493665,1714.572021484375,60200,0.0,0.0
2018-11-14 00:00:00+09:00,1731.562073651482,1751.383716358858,1728.7304104075713,1732.9779052734375,69200,0.0,0.0
2018-11-15 00:00:00+09:00,1733.6858863675373,1781.1162474890664,1732.9779705299024,1740.05712890625,69200,0.0,0.0
2018-11-16 00:00:00+09:00,1725.1909383644115,1757.755067689304,1698.9980517335198,1707.4930419921875,42700,0.0,0.0
2018-11-19 00:00:00+09:00,1697.5820110647478,1715.2799052585003,1682.7157799419956,1712.4482421875,55100,0.0,0.0
2018-11-20 00:00:00+09:00,1704.661327001592,1725.8988020057648,1690.5030103321435,1723.067138671875,33700,0.0,0.0
2018-11-21 00:00:00+09:00,1713.1564413534627,1759.8788897540117,1701.1218713108972,1728.7305908203125,89000,0.0,0.0
2018-11-22 00:00:00+09:00,1729.4388242571542,1766.95837304374,1729.4388242571542,1764.126708984375,45300,0.0,0.0
2018-11-23 00:00:00+09:00,1764.126708984375,1764.126708984375,1764.126708984375,1764.126708984375,0,0.0,0.0
2018-11-26 00:00:00+09:00,1780.4083251953125,1817.219948618834,1777.5766618550417,1780.4083251953125,85900,0.0,0.0
2018-11-27 00:00:00+09:00,1781.8239586913296,1812.2643362136685,1772.6210538589946,1802.353515625,53600,0.0,0.0
2018-11-28 00:00:00+09:00,1798.8142042058219,1815.0962690215376,1781.8242235285531,1790.3192138671875,33100,0.0,0.0
2018-11-29 00:00:00+09:00,1815.8042535680765,1815.8042535680765,1798.1063563598107,1803.061767578125,23100,0.0,0.0
2018-11-30 00:00:00+09:00,1809.4327891258872,1809.4327891258872,1728.0224719312562,1745.012451171875,82800,0.0,0.0
2018-12-03 00:00:00+09:00,1763.418045588902,1769.7892870221817,1736.5172484261648,1744.3043212890625,33800,0.0,0.0
2018-12-04 00:00:00+09:00,1736.517414560828,1750.6757302115482,1718.819519997428,1720.2353515625,44400,0.0,0.0
2018-12-05 00:00:00+09:00,1698.997842600248,1725.1907260070018,1689.0870218517466,1712.4482421875,36800,0.0,0.0
2018-12-06 00:00:00+09:00,1701.1213607724242,1709.6163488412003,1684.83930030727,1691.91845703125,32900,0.0,0.0
2018-12-07 00:00:00+09:00,1685.547522747059,1702.5375019767648,1672.8050383247796,1696.166259765625,38400,0.0,0.0
2018-12-10 00:00:00+09:00,1672.8049616672345,1685.5474455055798,1666.4337197480618,1672.0970458984375,30600,0.0,0.0
2018-12-11 00:00:00+09:00,1675.6371024671453,1675.6371024671453,1643.0729678184387,1643.7808837890625,30900,0.0,0.0
2018-12-12 00:00:00+09:00,1675.63671875,1682.7158768351287,1662.894234196768,1675.63671875,33500,0.0,0.0
2018-12-13 00:00:00+09:00,1684.8398423114609,1698.2902444139472,1672.8052720092362,1682.0081787109375,47800,0.0,0.0
2018-12-14 00:00:00+09:00,1657.2307605586866,1675.6365699454982,1638.1170354262285,1638.824951171875,79200,0.0,0.0
2018-12-17 00:00:00+09:00,1640.2406849846996,1674.928554455675,1636.701106467253,1669.97314453125,66000,0.0,0.0
2018-12-18 00:00:00+09:00,1649.4440472526667,1650.1519631527751,1618.2957476478953,1621.8353271484375,70400,0.0,0.0
2018-12-19 00:00:00+09:00,1635.9933323172404,1635.9933323172404,1608.384617492328,1614.755859375,28600,0.0,0.0
2018-12-20 00:00:00+09:00,1594.2263995205249,1606.2609682558043,1577.9443359375,1577.9443359375,54300,0.0,0.0
2018-12-21 00:00:00+09:00,1563.7860926038215,1565.201924285672,1495.826171875,1495.826171875,97100,0.0,0.0
2018-12-24 00:00:00+09:00,1495.826171875,1495.826171875,1495.826171875,1495.826171875,0,0.0,0.0
2018-12-25 00:00:00+09:00,1473.1726871312828,1473.1726871312828,1397.4257012960848,1413.707763671875,63700,0.0,0.0
2018-12-26 00:00:00+09:00,1419.3715102147871,1480.9601991867007,1418.6635942495927,1466.8018798828125,65600,0.0,0.0
2018-12-27 00:00:00+09:00,1522.0187819908406,1555.2908204808728,1512.81587772764,1539.7166748046875,60000,0.0,0.0
2018-12-28 00:00:00+09:00,1530.514109275023,1548.919921875,1514.2320442827354,1548.919921875,39900,0.0,0.0
2018-12-31 00:00:00+09:00,1548.919921875,1548.919921875,1548.919921875,1548.919921875,0,0.0,0.0
2019-01-04 00:00:00+09:00,1516.355633550386,1593.5184552389912,1514.9398019597695,1581.48388671875,73500,0.0,0.0
2019-01-07 00:00:00+09:00,1616.8797670457736,1635.9934945896596,1558.1227527441977,1576.528564453125,49400,0.0,0.0
2019-01-08 00:00:00+09:00,1592.8106814014668,1596.35026069347,1560.246551915037,1560.9544677734375,81900,0.0,0.0
2019-01-09 00:00:00+09:00,1436.361041570114,1458.3064295881886,1394.5940127615202,1420.0789794921875,301000,0.0,0.0
2019-01-10 00:00:00+09:00,1419.3713671640812,1476.004638671875,1415.831787694844,1476.004638671875,171100,0.0,0.0
2019-01-11 00:00:00+09:00,1468.9252957568503,1468.9252957568503,1412.2920313421284,1425.742431640625,168900,0.0,0.0
2019-01-15 00:00:00+09:00,1399.5495609048523,1449.8115835777126,1397.425813467971,1448.395751953125,101800,0.0,0.0
2019-01-16 00:00:00+09:00,1454.7669714420558,1483.791519290778,1454.7669714420558,1460.4302978515625,75300,0.0,0.0
2019-01-17 00:00:00+09:00,1460.430124512892,1482.3755117450296,1460.430124512892,1473.172607421875,36400,0.0,0.0
2019-01-18 00:00:00+09:00,1473.1727815785803,1517.0635612315702,1473.1727815785803,1506.44482421875,64600,0.0,0.0
2019-01-21 00:00:00+09:00,1504.3210598623305,1541.8405968847792,1504.3210598623305,1526.974365234375,47300,0.0,0.0
2019-01-22 00:00:00+09:00,1524.1426440982757,1553.1671905023766,1524.1426440982757,1531.2218017578125,51300,0.0,0.0
2019-01-23 00:00:00+09:00,1509.276238207547,1526.9741303066037,1498.6575029481132,1500.78125,42700,0.0,0.0
2019-01-24 00:00:00+09:00,1497.2418926919127,1522.0189452896511,1486.6231558643103,1512.8160400390625,43800,0.0,0.0
2019-01-25 00:00:00+09:00,1505.7370336296854,1533.3457521588616,1504.3212019102405,1512.1082763671875,38800,0.0,0.0
2019-01-28 00:00:00+09:00,1509.9843958074396,1522.0189643628669,1495.1181640625,1495.1181640625,40700,0.0,0.0
2019-01-29 00:00:00+09:00,1488.7469659005155,1522.0190093609644,1486.6232184455932,1517.0635986328125,54100,0.0,0.0
2019-01-30 00:00:00+09:00,1501.4894770127987,1534.7615210578726,1501.4894770127987,1510.6923828125,69500,0.0,0.0
2019-01-31 00:00:00+09:00,1516.355791890425,1557.414912305759,1516.355791890425,1548.919921875,57600,0.0,0.0
2019-02-01 00:00:00+09:00,1554.5829478325466,1572.9887568688155,1545.3800433144122,1555.998779296875,42200,0.0,0.0
2019-02-04 00:00:00+09:00,1560.9544426218897,1582.1919180317113,1554.5831999989432,1570.1573486328125,39100,0.0,0.0
2019-02-05 00:00:00+09:00,1564.4937680828452,1576.5283355296363,1551.7512849038899,1555.998779296875,69100,0.0,0.0
2019-02-06 00:00:00+09:00,1550.3352524873517,1561.6619027338345,1534.0531927580325,1534.7611083984375,50600,0.0,0.0
2019-02-07 00:00:00+09:00,1529.0980485094142,1531.9297115622094,1506.4447440870526,1522.726806640625,47400,0.0,0.0
2019-02-08 00:00:00+09:00,1507.1527665315116,1529.8060725573494,1498.6577767718225,1500.0736083984375,56200,0.0,0.0
2019-02-12 00:00:00+09:00,1517.7715877387252,1538.3011474609375,1502.9053548364336,1538.3011474609375,51400,0.0,0.0
2019-02-13 00:00:00+09:00,1540.4247330547817,1545.3801435011897,1524.8505859375,1524.8505859375,51200,0.0,0.0
2019-02-14 00:00:00+09:00,1528.390104672462,1541.84050392618,1523.4346944210924,1526.266357421875,44500,0.0,0.0
2019-02-15 00:00:00+09:00,1518.479282138073,1525.558439630558,1502.197219905357,1523.4346923828125,48500,0.0,0.0
2019-02-18 00:00:00+09:00,1534.7614295952544,1562.3701453490435,1534.7614295952544,1558.83056640625,115700,0.0,0.0
2019-02-19 00:00:00+09:00,1549.6276056421796,1552.4592686949748,1517.7713962982334,1522.726806640625,125800,0.0,0.0
2019-02-20 00:00:00+09:00,1529.8061205534277,1536.8852789086031,1513.524056336524,1527.682373046875,151100,0.0,0.0
2019-02-21 00:00:00+09:00,1518.4794771944462,1556.7069325643763,1514.2319821533429,1544.67236328125,158300,0.0,0.0
2019-02-22 00:00:00+09:00,1544.672315546802,1554.583137003106,1512.816103722968,1517.0635986328125,345300,0.0,0.0
2019-02-25 00:00:00+09:00,1529.8059442846813,1547.5038381334168,1518.4792922214908,1537.593017578125,362800,0.0,0.0
2019-02-26 00:00:00+09:00,1545.156753302632,1545.156753302632,1523.5461693403574,1527.8682861328125,159100,37.5,0.0
2019-02-27 00:00:00+09:00,1527.868428340767,1560.2843073013207,1527.868428340767,1554.521484375,64500,0.0,0.0
2019-02-28 00:00:00+09:00,1560.2841955876518,1562.4452540302939,1543.7160808607284,1559.5638427734375,63300,0.0,0.0
2019-03-01 00:00:00+09:00,1563.885970025575,1574.6912623104133,1543.7160910938774,1548.0382080078125,53900,0.0,0.0
2019-03-04 00:00:00+09:00,1555.9621736437327,1572.5302893816058,1555.9621736437327,1571.8099365234375,46600,0.0,0.0
2019-03-05 00:00:00+09:00,1571.8100164270643,1572.530369321852,1558.1233114260954,1568.208251953125,35000,0.0,0.0
2019-03-06 00:00:00+09:00,1564.606312472936,1564.606312472936,1550.1992561886548,1559.5638427734375,40400,0.0,0.0
2019-03-07 00:00:00+09:00,1544.436480978261,1571.8098887567935,1542.2754224694295,1557.40283203125,47800,0.0,0.0
2019-03-08 00:00:00+09:00,1540.1144291433552,1544.4365463439447,1501.2153743380507,1504.817138671875,64900,0.0,0.0
2019-03-11 00:00:00+09:00,1498.3339900307674,1512.741047627217,1491.1304612325425,1492.5711669921875,32000,0.0,0.0
2019-03-12 00:00:00+09:00,1497.6135258501838,1539.3939897748162,1497.6135258501838,1530.749755859375,31000,0.0,0.0
2019-03-13 00:00:00+09:00,1514.1819043799476,1538.673904736236,1514.1819043799476,1524.266845703125,18700,0.0,0.0
2019-03-14 00:00:00+09:00,1522.105591345974,1522.105591345974,1483.9268898119767,1505.5374755859375,49600,0.0,0.0
2019-03-15 00:00:00+09:00,1517.0631208081297,1545.1568823045766,1516.3427679492465,1522.1055908203125,166000,0.0,0.0
2019-03-18 00:00:00+09:00,1529.3089187957037,1548.0380906697915,1524.2664494449878,1542.2752685546875,27500,0.0,0.0
2019-03-19 00:00:00+09:00,1548.7586303826427,1548.7586303826427,1517.063104923649,1522.825927734375,14700,0.0,0.0
2019-03-20 00:00:00+09:00,1524.266845703125,1525.707551606436,1512.0208455249808,1524.266845703125,28100,0.0,0.0
2019-03-22 00:00:00+09:00,1530.7497930864915,1530.7497930864915,1510.5799134599401,1523.5462646484375,24900,0.0,0.0
2019-03-25 00:00:00+09:00,1487.528681759718,1491.1304461223324,1468.0791542016007,1476.723388671875,40600,0.0,0.0
2019-03-26 00:00:00+09:00,1504.8171011073537,1537.9533321513643,1504.0967482585709,1528.5887451171875,39600,0.0,0.0
2019-03-27 00:00:00+09:00,1540.8346323913802,1553.0806299372678,1534.351457220028,1550.19921875,21900,0.0,0.0
2019-03-28 00:00:00+09:00,1540.1146297418366,1542.275688623607,1503.3766287517367,1506.9783935546875,16900,0.0,0.0
2019-03-29 00:00:00+09:00,1512.0207476771495,1512.0207476771495,1491.1305134310146,1501.2154541015625,39800,0.0,0.0
2019-04-01 00:00:00+09:00,1519.94433285866,1552.3602072561193,1519.94433285866,1542.2752685546875,32000,0.0,0.0
2019-04-02 00:00:00+09:00,1548.7584322327862,1550.9194905103204,1519.9443218656645,1537.2327880859375,17900,0.0,0.0
2019-04-03 00:00:00+09:00,1535.0718994140625,1539.394016446669,1524.986959671314,1535.0718994140625,16800,0.0,0.0
2019-04-04 00:00:00+09:00,1544.436767578125,1555.9624150973648,1522.105825509598,1544.436767578125,26000,0.0,0.0
2019-04-05 00:00:00+09:00,1547.3179135036867,1552.3603834266503,1538.6736793500347,1550.919677734375,18700,0.0,0.0
2019-04-08 00:00:00+09:00,1542.2751850776356,1555.2415341348037,1542.2751850776356,1551.6397705078125,15500,0.0,0.0
2019-04-09 00:00:00+09:00,1562.4453771254596,1573.971023060917,1538.6737323835785,1542.995849609375,36300,0.0,0.0
2019-04-10 00:00:00+09:00,1550.9195684465838,1602.7849697137244,1550.9195684465838,1589.0982666015625,66700,0.0,0.0
2019-04-11 00:00:00+09:00,1726.6856790964766,1747.575910508157,1679.8627466220205,1715.1600341796875,231500,0.0,0.0
2019-04-12 00:00:00+09:00,1710.1174474845595,1726.6855609184875,1684.1847481966722,1709.3970947265625,137600,0.0,0.0
2019-04-15 00:00:00+09:00,1715.8806553504278,1738.9319487892246,1715.1603024304654,1736.050537109375,74400,0.0,0.0
2019-04-16 00:00:00+09:00,1743.2534968216228,1759.8216085682745,1722.3632689671488,1739.6517333984375,93600,0.0,0.0
2019-04-17 00:00:00+09:00,1739.6519629747079,1760.5421935859986,1739.6519629747079,1756.9404296875,65400,0.0,0.0
2019-04-18 00:00:00+09:00,1757.6609205163045,1767.0255073879077,1736.7706882642665,1756.22021484375,78300,0.0,0.0
2019-04-19 00:00:00+09:00,1764.8644488790762,1790.7971509850545,1764.8644488790762,1789.3564453125,85400,0.0,0.0
2019-04-22 00:00:00+09:00,1789.3567091954812,1805.9248268732172,1769.186826805194,1799.441650390625,70900,0.0,0.0
2019-04-23 00:00:00+09:00,1792.237840716172,1796.5599576953912,1766.3051388408576,1790.0767822265625,82500,0.0,0.0
2019-04-24 00:00:00+09:00,1774.9493249239351,1796.5599092371324,1774.9493249239351,1775.669677734375,71500,0.0,0.0
2019-04-25 00:00:00+09:00,1767.7458602241848,1791.5175038213315,1751.1777449898098,1789.3564453125,60400,0.0,0.0
2019-04-26 00:00:00+09:00,1780.7121898306598,1780.7121898306598,1753.3387823818066,1762.703369140625,53200,0.0,0.0
2019-05-07 00:00:00+09:00,1769.906859799889,1770.6272126121803,1731.7281607484465,1753.3387451171875,84100,0.0,0.0
2019-05-08 00:00:00+09:00,1726.6858882388553,1737.4911816571212,1705.795654296875,1705.795654296875,94400,0.0,0.0
2019-05-09 00:00:00+09:00,1705.7954476847963,1718.0414454088848,1690.6680387315105,1715.1600341796875,86800,0.0,0.0
2019-05-10 00:00:00+09:00,1714.4398890314876,1727.4062411334064,1694.9903608786094,1705.795654296875,98200,0.0,0.0
2019-05-13 00:00:00+09:00,1706.5159160557077,1746.8556759962394,1699.3123874948985,1737.4910888671875,83700,0.0,0.0
2019-05-14 00:00:00+09:00,1710.8380331921933,1740.3725002915112,1694.269917502332,1737.4910888671875,54600,0.0,0.0
2019-05-15 00:00:00+09:00,1741.813220796131,1769.906982421875,1738.2114564851381,1769.906982421875,80300,0.0,0.0
2019-05-16 00:00:00+09:00,1777.110398361168,1778.5511039942132,1733.1688765532917,1741.8131103515625,46300,0.0,0.0
2019-05-17 00:00:00+09:00,1761.9830322760035,1779.271500295065,1749.0166812617076,1778.5511474609375,33100,0.0,0.0
2019-05-20 00:00:00+09:00,1778.5510788240629,1798.0006045949215,1775.6696675987505,1787.1953125,45700,0.0,0.0
2019-05-21 00:00:00+09:00,1772.7884249560193,1791.5175997015929,1761.2627789587432,1785.034423828125,37500,0.0,0.0
2019-05-22 00:00:00+09:00,1783.5935097536426,1783.5935097536426,1761.2625732421875,1761.2625732421875,21800,0.0,0.0
2019-05-23 00:00:00+09:00,1761.2627217585775,1774.9494259358426,1752.6184875413576,1765.5848388671875,42900,0.0,0.0
2019-05-24 00:00:00+09:00,1764.1444285087262,1778.5514879493853,1754.0594869002646,1774.2293701171875,27700,0.0,0.0
2019-05-27 00:00:00+09:00,1768.4664466814384,1775.669975995823,1748.2965646011614,1767.74609375,30600,0.0,0.0
2019-05-28 00:00:00+09:00,1768.4662499269748,1795.1193054248558,1751.1777814959169,1782.1529541015625,88300,0.0,0.0
2019-05-29 00:00:00+09:00,1760.541996396821,1768.465876086005,1714.4394236597523,1754.7791748046875,60000,0.0,0.0
2019-05-30 00:00:00+09:00,1738.2116600791317,1746.1355424914277,1711.558601055954,1733.169189453125,44500,0.0,0.0
2019-05-31 00:00:00+09:00,1731.728612140977,1743.2542601419152,1718.0419051398628,1727.406494140625,40600,0.0,0.0
2019-06-03 00:00:00+09:00,1707.9568229009642,1724.5249405419268,1693.549764082736,1717.3214111328125,45900,0.0,0.0
2019-06-04 00:00:00+09:00,1720.202493717733,1726.6856689453125,1698.5919096258017,1726.6856689453125,49000,0.0,0.0
2019-06-05 00:00:00+09:00,1733.1688978295576,1751.8980712890625,1709.397254592494,1751.8980712890625,50600,0.0,0.0
2019-06-06 00:00:00+09:00,1741.8132522116853,1777.8308959712322,1741.8132522116853,1768.46630859375,45800,0.0,0.0
2019-06-07 00:00:00+09:00,1768.4662864080722,1798.72110678654,1756.220287683454,1791.517578125,73500,0.0,0.0
2019-06-10 00:00:00+09:00,1800.8822271031038,1828.9759898459122,1800.8822271031038,1821.7724609375,59300,0.0,0.0
2019-06-11 00:00:00+09:00,1821.772107892411,1843.3826904296875,1808.0854056188025,1843.3826904296875,64500,0.0,0.0
2019-06-12 00:00:00+09:00,1843.3826497869525,1864.9932318477609,1836.89947516871,1856.3489990234375,64100,0.0,0.0
2019-06-13 00:00:00+09:00,1852.747255991448,1853.4676087348348,1801.6022112109686,1810.966796875,65700,0.0,0.0
2019-06-14 00:00:00+09:00,1812.4079470280412,1832.5778287914693,1800.1619473859598,1823.93359375,73700,0.0,0.0
2019-06-17 00:00:00+09:00,1823.9334668783522,1839.0608771486704,1810.9671152180797,1813.128173828125,74200,0.0,0.0
2019-06-18 00:00:00+09:00,1807.3653572800652,1812.4078273880605,1781.4326538675175,1790.7972412109375,53900,0.0,0.0
2019-06-19 00:00:00+09:00,1800.8823281017023,1818.1707984514785,1800.8823281017023,1811.6876220703125,42000,0.0,0.0
2019-06-20 00:00:00+09:00,1814.5690621833403,1814.5690621833403,1799.441650390625,1799.441650390625,25600,0.0,0.0
2019-06-21 00:00:00+09:00,1782.153140221723,1786.4752577808704,1771.347846323855,1779.271728515625,70100,0.0,0.0
2019-06-24 00:00:00+09:00,1779.271728515625,1788.6363165604441,1766.3053758381832,1779.271728515625,42600,0.0,0.0
2019-06-25 00:00:00+09:00,1779.2715952498052,1804.4839457897822,1774.9494780143805,1790.7972412109375,41200,0.0,0.0
2019-06-26 00:00:00+09:00,1790.7973007369148,1791.5176536334302,1774.229184117064,1777.110595703125,37100,0.0,0.0
2019-06-27 00:00:00+09:00,1778.5512052682732,1805.2042609972832,1777.8308524107322,1798.000732421875,53700,0.0,0.0
2019-06-28 00:00:00+09:00,1798.0007007575757,1798.0007007575757,1773.5087040325127,1782.873291015625,64700,0.0,0.0
2019-07-01 00:00:00+09:00,1795.119273246989,1823.9333867822538,1795.119273246989,1816.7298583984375,70200,0.0,0.0
2019-07-02 00:00:00+09:00,1823.9334343190646,1839.0608443193412,1810.2467300331002,1831.136962890625,44200,0.0,0.0
2019-07-03 00:00:00+09:00,1831.1367518990196,1854.9083934460957,1827.5349880282504,1846.26416015625,58800,0.0,0.0
2019-07-04 00:00:00+09:00,1846.264576744648,1852.0274002381934,1813.1283416567612,1827.535400390625,45300,0.0,0.0
2019-07-05 00:00:00+09:00,1835.4589792170993,1854.1881524744167,1825.3740397708516,1841.2218017578125,77700,0.0,0.0
2019-07-08 00:00:00+09:00,1841.221721243351,1841.9420740294402,1820.3314904467718,1828.25537109375,57400,0.0,0.0
2019-07-09 00:00:00+09:00,1844.103399294671,1852.7476339788645,1836.8998703911761,1838.340576171875,66400,0.0,0.0
2019-07-10 00:00:00+09:00,1831.857283683988,1853.4678690204094,1816.729873948493,1849.145751953125,79400,0.0,0.0
2019-07-11 00:00:00+09:00,1864.2727436657008,1904.6124939150359,1835.4586363447472,1895.96826171875,115900,0.0,0.0
2019-07-12 00:00:00+09:00,1890.926309112632,1895.2484263906038,1848.4254892125766,1850.5865478515625,60400,0.0,0.0
2019-07-16 00:00:00+09:00,1855.6288794108266,1855.6288794108266,1825.3740607247805,1834.7386474609375,45900,0.0,0.0
2019-07-17 00:00:00+09:00,1834.7387431571447,1835.459096020575,1811.687451527373,1830.4166259765625,41400,0.0,0.0
2019-07-18 00:00:00+09:00,1821.0522512087025,1829.696486578364,1786.4753097300563,1787.916015625,92500,0.0,0.0
2019-07-19 00:00:00+09:00,1790.0769908014981,1826.0946364916692,1779.2716970944468,1824.6539306640625,45200,0.0,0.0
2019-07-22 00:00:00+09:00,1821.7727881570931,1849.8665559459926,1816.0099639952675,1828.976318359375,52800,0.0,0.0
2019-07-23 00:00:00+09:00,1821.7723070353397,1831.857246655148,1814.5687787354768,1823.2130126953125,47100,0.0,0.0
2019-07-24 00:00:00+09:00,1830.4166253576414,1849.8661526636847,1820.3316852730263,1846.9847412109375,50300,0.0,0.0
2019-07-25 00:00:00+09:00,1846.9845373260578,1894.5278210481795,1846.9845373260578,1889.4853515625,62600,0.0,0.0
2019-07-26 00:00:00+09:00,1880.120834315828,1903.172124238474,1872.917306215001,1897.4093017578125,48000,0.0,0.0
2019-07-29 00:00:00+09:00,1888.7649418313244,1907.4941136420089,1888.0445890693752,1903.1719970703125,38600,0.0,0.0
2019-07-30 00:00:00+09:00,1903.1724646055109,1939.190111551111,1903.1724646055109,1937.029052734375,65100,0.0,0.0
2019-07-31 00:00:00+09:00,1909.6557457478061,1910.3760987262096,1872.9177438492252,1883.002685546875,111600,0.0,0.0
2019-08-01 00:00:00+09:00,1887.3244152804352,1908.2146473579667,1880.8412398080977,1906.0535888671875,45300,0.0,0.0
2019-08-02 00:00:00+09:00,1870.0360171770506,1885.163427177327,1813.8484943188803,1831.136962890625,83500,0.0,0.0
2019-08-05 00:00:00+09:00,1822.4930807446676,1828.9762577117435,1791.5179019019718,1815.28955078125,71100,0.0,0.0
2019-08-06 00:00:00+09:00,1743.2536523045305,1796.559755722107,1741.8129468067582,1793.6783447265625,52400,0.0,0.0
2019-08-07 00:00:00+09:00,1769.1868610682875,1790.0770968056574,1768.4665081118267,1781.432861328125,27600,0.0,0.0
2019-08-08 00:00:00+09:00,1775.6700155179794,1795.8398980471898,1766.305427200846,1787.916015625,28500,0.0,0.0
2019-08-09 00:00:00+09:00,1795.8399006400277,1795.8399006400277,1767.025782699554,1771.347900390625,26900,0.0,0.0
2019-08-13 00:00:00+09:00,1743.2539374551925,1758.38134765625,1723.0840571871158,1758.38134765625,36700,0.0,0.0
2019-08-14 00:00:00+09:00,1760.5427489449357,1792.23828125,1755.5002778964028,1792.23828125,33700,0.0,0.0
2019-08-15 00:00:00+09:00,1756.220256820889,1777.110489572245,1742.5335526044835,1776.39013671875,37500,0.0,0.0
2019-08-16 00:00:00+09:00,1758.3809928644714,1770.6269891277636,1754.779229257621,1763.4234619140625,36400,0.0,0.0
2019-08-19 00:00:00+09:00,1769.186362306643,1804.4836472223699,1767.0253040464966,1798.7208251953125,47500,0.0,0.0
2019-08-20 00:00:00+09:00,1798.7212116297665,1814.5689756088834,1787.1955650994996,1808.80615234375,41400,0.0,0.0
2019-08-21 00:00:00+09:00,1800.1617218447402,1800.88207467461,1774.9493727992958,1790.0767822265625,34200,0.0,0.0
2019-08-22 00:00:00+09:00,1800.8822687234858,1833.2981495605084,1787.9159163886766,1825.374267578125,45600,0.0,0.0
2019-08-23 00:00:00+09:00,1840.5015758038123,1852.7475745469296,1826.0945184589684,1852.0272216796875,37800,0.0,0.0
2019-08-26 00:00:00+09:00,1795.8397016494202,1810.9671118919546,1769.1866455078123,1769.1866455078125,41200,0.0,0.0
2019-08-27 00:00:00+09:00,1777.1104417926824,1787.1953814704682,1769.1865606172792,1778.5511474609375,27600,0.0,0.0
2019-08-28 00:00:00+09:00,1778.5508690628349,1779.2712217842052,1753.3385238148805,1763.4234619140625,26600,0.0,0.0
2019-08-29 00:00:00+09:00,1759.0299951927475,1760.4946329905767,1731.2018770339948,1750.9744873046875,28700,40.0,0.0
2019-08-30 00:00:00+09:00,1770.0147059293236,1793.4489097314495,1761.2268795035263,1791.251953125,45100,0.0,0.0
2019-09-02 00:00:00+09:00,1788.322477051993,1799.3072588520665,1761.959000731816,1770.746826171875,44900,0.0,0.0
2019-09-03 00:00:00+09:00,1770.7471743935034,1810.2923966504302,1767.0855797400843,1808.8277587890625,22900,0.0,0.0
2019-09-04 00:00:00+09:00,1793.4490276273068,1803.7014924647024,1788.3227952086088,1800.772216796875,30100,0.0,0.0
2019-09-05 00:00:00+09:00,1806.630605711159,1862.2868383962211,1806.630605711159,1858.625244140625,43200,0.0,0.0
2019-09-06 00:00:00+09:00,1860.8222581115176,1884.256462070419,1858.6253014903707,1879.862548828125,39100,0.0,0.0
2019-09-09 00:00:00+09:00,1879.8625830627393,1893.7766419167292,1871.074756418114,1887.9180908203125,52900,0.0,0.0
2019-09-10 00:00:00+09:00,1888.650189377692,1934.053955078125,1887.185551774452,1934.053955078125,85400,0.0,0.0
2019-09-11 00:00:00+09:00,1933.3214536516853,1955.2910156249998,1921.6043539325842,1955.291015625,83500,0.0,0.0
2019-09-12 00:00:00+09:00,1955.2913580741592,1957.488314656265,1912.816864153447,1918.6754150390625,75600,0.0,0.0
2019-09-13 00:00:00+09:00,1926.7310631232906,1944.306717062842,1906.2261335271478,1941.37744140625,97500,0.0,0.0
2019-09-17 00:00:00+09:00,1943.5746233495652,1945.0392613475678,1917.2111393855168,1942.1099853515625,69300,0.0,0.0
2019-09-18 00:00:00+09:00,1929.6600426437308,1945.0387374807397,1895.2410589609015,1901.099609375,67500,0.0,0.0
2019-09-19 00:00:00+09:00,1914.2814039066943,1942.109519189194,1914.2814039066943,1931.8570556640625,62000,0.0,0.0
2019-09-20 00:00:00+09:00,1926.7309495884986,1947.2358779763654,1898.1705136196838,1945.771240234375,75100,0.0,0.0
2019-09-24 00:00:00+09:00,1935.5187570817313,1967.7407870899024,1931.8571627626209,1946.5035400390625,55700,0.0,0.0
2019-09-25 00:00:00+09:00,1935.518870141929,1965.5439453125,1929.6603188891347,1965.5439453125,37000,0.0,0.0
2019-09-26 00:00:00+09:00,1965.543755002436,2009.4828851440702,1965.543755002436,1972.866943359375,67400,0.0,0.0
2019-09-27 00:00:00+09:00,2000.6950349679441,2000.6950349679441,1934.0540217241364,1959.6851806640625,35500,0.0,0.0
2019-09-30 00:00:00+09:00,1920.1401823672827,1940.6451118509913,1915.746268906488,1923.0694580078125,36200,0.0,0.0
2019-10-01 00:00:00+09:00,1931.1245760115278,1986.0484831790911,1931.1245760115278,1975.7960205078125,49000,0.0,0.0
2019-10-02 00:00:00+09:00,1972.866930736143,1977.9931625532006,1933.3217138616992,1954.5589599609375,36500,0.0,0.0
2019-10-03 00:00:00+09:00,1936.9834898176887,1950.1652300130454,1911.3523283267175,1942.842041015625,41300,0.0,0.0
2019-10-04 00:00:00+09:00,1933.3217515291058,1953.8266791968388,1921.6046500046868,1953.0943603515625,26100,0.0,0.0
2019-10-07 00:00:00+09:00,1947.9682005912562,1953.0944326980753,1921.6047211847579,1936.2510986328125,45200,0.0,0.0
2019-10-08 00:00:00+09:00,1957.4883613586426,1973.5993766784668,1923.0693740844727,1968.47314453125,98000,0.0,0.0
2019-10-09 00:00:00+09:00,1941.3772099926866,1967.7406877594678,1927.4631522824411,1959.6851806640625,62100,0.0,0.0
2019-10-10 00:00:00+09:00,1965.5441187416634,1967.741075655309,1905.493963102015,1921.60498046875,70400,0.0,0.0
2019-10-11 00:00:00+09:00,1924.5339962981468,1925.2663151704064,1872.5393563677176,1889.3826904296875,66700,0.0,0.0
2019-10-15 00:00:00+09:00,1911.3519433037832,1958.2203434460982,1911.3519433037832,1929.659912109375,55700,0.0,0.0
2019-10-16 00:00:00+09:00,1936.983413782432,1966.276168622242,1936.983413782432,1945.771240234375,46900,0.0,0.0
2019-10-17 00:00:00+09:00,1945.0388940243322,1945.0388940243322,1906.9583132678317,1918.6754150390625,47900,0.0,0.0
2019-10-18 00:00:00+09:00,1915.746280560925,1936.9835290839626,1911.3523670733998,1917.9432373046875,40600,0.0,0.0
2019-10-21 00:00:00+09:00,1925.2665996916905,1930.3928325550767,1905.4939872186303,1911.3525390625,36400,0.0,0.0
2019-10-23 00:00:00+09:00,1911.3523659261834,1942.842079234546,1901.83222004226,1941.37744140625,36300,0.0,0.0
2019-10-24 00:00:00+09:00,1945.038800787232,1945.038800787232,1910.6198159841447,1912.8167724609375,26200,0.0,0.0
2019-10-25 00:00:00+09:00,1915.0139499963554,1928.1956903787395,1897.4382961531767,1923.0694580078125,35500,0.0,0.0
2019-10-28 00:00:00+09:00,1917.9432032298457,1917.9432032298457,1903.2968251983082,1909.8876953125,32000,0.0,0.0
2019-10-29 00:00:00+09:00,1922.337158203125,1937.71585546875,1915.7462879464285,1922.337158203125,37200,0.0,0.0
2019-10-30 00:00:00+09:00,1928.9277633501324,1958.2205160205974,1917.2106622819463,1956.0235595703125,83200,0.0,0.0
2019-10-31 00:00:00+09:00,1949.4326389462565,1956.0235081237608,1923.80148103374,1939.18017578125,29900,0.0,0.0
2019-11-01 00:00:00+09:00,1913.549031436171,1928.927726292719,1913.549031436171,1924.5338134765625,31300,0.0,0.0
2019-11-05 00:00:00+09:00,1931.8571138385535,1953.8266791968388,1923.0692876952392,1953.0943603515625,71700,0.0,0.0
2019-11-06 00:00:00+09:00,1967.008359178799,1967.008359178799,1929.6600991943917,1931.8570556640625,52900,0.0,0.0
2019-11-07 00:00:00+09:00,1938.4480128700304,1945.03888257756,1917.9430848910501,1923.8016357421875,30300,0.0,0.0
2019-11-08 00:00:00+09:00,1955.2910280623526,1961.1495779591685,1932.5891472121903,1940.6446533203125,36500,0.0,0.0
2019-11-11 00:00:00+09:00,1945.771632446014,1968.4735220229152,1945.0393134274043,1949.4332275390625,19600,0.0,0.0
2019-11-12 00:00:00+09:00,1975.7962950525675,1995.568904380373,1961.8822366367044,1969.937744140625,55300,0.0,0.0
2019-11-13 00:00:00+09:00,1975.0640835865295,1981.6549537208562,1958.9530677026203,1961.1500244140625,29300,0.0,0.0
2019-11-14 00:00:00+09:00,1961.1496184549928,1965.5435309683348,1920.872087082691,1929.659912109375,28900,0.0,0.0
2019-11-15 00:00:00+09:00,1934.786536485135,1961.8823358227392,1930.392623079037,1956.756103515625,24100,0.0,0.0
2019-11-18 00:00:00+09:00,1964.0794294323252,1964.0794294323252,1920.8726112606223,1928.19580078125,36700,0.0,0.0
2019-11-19 00:00:00+09:00,1911.3523670733998,1927.4633831943252,1900.3675833545872,1917.9432373046875,26700,0.0,0.0
2019-11-20 00:00:00+09:00,1888.65015998414,1903.2965357885923,1870.3421902285743,1874.0037841796875,32800,0.0,0.0
2019-11-21 00:00:00+09:00,1874.003926327974,1896.7058105468748,1845.4434913429052,1896.705810546875,42000,0.0,0.0
2019-11-22 00:00:00+09:00,1903.2970354258669,1923.069647952415,1899.635440513543,1901.8323974609375,26400,0.0,0.0
2019-11-25 00:00:00+09:00,1906.9581434881723,1916.4782878297033,1887.9178548051107,1892.311767578125,23800,0.0,0.0
2019-11-26 00:00:00+09:00,1909.8875995859164,1912.084556180532,1881.3271638559122,1890.114990234375,30600,0.0,0.0
2019-11-27 00:00:00+09:00,1891.579711307212,1915.746234912763,1891.579711307212,1915.013916015625,28400,0.0,0.0
2019-11-28 00:00:00+09:00,1920.8720682285987,1930.3922119140625,1904.7610558378137,1930.3922119140625,32700,0.0,0.0
2019-11-29 00:00:00+09:00,1930.3927988754688,1930.3927988754688,1898.9030832640708,1903.2969970703125,20100,0.0,0.0
2019-12-02 00:00:00+09:00,1911.352237740833,1929.6602093667032,1905.4936868205546,1913.5491943359375,23700,0.0,0.0
2019-12-03 00:00:00+09:00,1876.9332847595215,1888.6503868103027,1867.4131393432617,1874.736328125,26500,0.0,0.0
2019-12-04 00:00:00+09:00,1859.3574699446299,1888.6502225235133,1854.2312382433252,1885.720947265625,20900,0.0,0.0
2019-12-05 00:00:00+09:00,1884.988815272104,1893.7766419167292,1874.7363508533747,1887.9180908203125,16800,0.0,0.0
2019-12-06 00:00:00+09:00,1887.9178548051107,1893.7764051691297,1877.6653916680775,1892.311767578125,23400,0.0,0.0
2019-12-09 00:00:00+09:00,1910.6197562254,1928.927726292719,1902.5642493957796,1924.5338134765625,32100,0.0,0.0
2019-12-10 00:00:00+09:00,1924.534107535975,1933.3219345110251,1917.9432373046875,1917.9432373046875,18000,0.0,0.0
2019-12-11 00:00:00+09:00,1917.2107886611113,1917.9431075261462,1898.9028170352415,1913.5491943359375,16100,0.0,0.0
2019-12-12 00:00:00+09:00,1925.9985643777147,1925.9985643777147,1896.7058105468748,1896.705810546875,22100,0.0,0.0
2019-12-13 00:00:00+09:00,1921.6049183238638,1938.4482541170987,1912.0847720059483,1933.322021484375,46800,0.0,0.0
2019-12-16 00:00:00+09:00,1933.3219419642858,1938.4481743861609,1922.337158203125,1922.337158203125,29100,0.0,0.0
2019-12-17 00:00:00+09:00,1940.6446186047287,1985.3160607688376,1937.7153437087215,1975.0635986328125,45600,0.0,0.0
2019-12-18 00:00:00+09:00,1975.0636994500128,1994.1039872459712,1959.6850054609693,1985.316162109375,33100,0.0,0.0
2019-12-19 00:00:00+09:00,1982.3872726246702,1982.3872726246702,1955.29147318355,1961.1500244140625,13800,0.0,0.0
2019-12-20 00:00:00+09:00,1977.2609789017943,1977.2609789017943,1918.6754684158152,1925.9986572265625,49600,0.0,0.0
2019-12-23 00:00:00+09:00,1904.028994524261,1909.8875452766433,1882.0594292028272,1882.791748046875,32800,0.0,0.0
2019-12-24 00:00:00+09:00,1885.7210615907213,1885.7210615907213,1860.822220389135,1881.3271484375,27100,0.0,0.0
2019-12-25 00:00:00+09:00,1867.4131393432617,1876.2009658813477,1864.4838638305664,1874.736328125,11400,0.0,0.0
2019-12-26 00:00:00+09:00,1867.4128699669473,1904.02880859375,1867.4128699669473,1904.02880859375,32100,0.0,0.0
2019-12-27 00:00:00+09:00,1904.0290984873031,1916.478519515874,1890.1150396906653,1906.9583740234375,31500,0.0,0.0
2019-12-30 00:00:00+09:00,1906.9582847795593,1906.9582847795593,1868.1453857421875,1868.1453857421875,24700,0.0,0.0
2020-01-06 00:00:00+09:00,1838.8530992205192,1863.019627406213,1824.939037537847,1859.3580322265625,53700,0.0,0.0
2020-01-07 00:00:00+09:00,1870.342249214373,1909.155146320231,1865.9483363344646,1895.2410888671875,70300,0.0,0.0
2020-01-08 00:00:00+09:00,1868.145572527928,1906.9584754459916,1844.7113669924934,1870.342529296875,72500,0.0,0.0
2020-01-09 00:00:00+09:00,1906.9582218561568,1925.2661924960967,1882.7917006114358,1912.8167724609375,35100,0.0,0.0
2020-01-10 00:00:00+09:00,1923.069201641053,1924.5338392660651,1864.483696640564,1871.806884765625,28000,0.0,0.0
2020-01-14 00:00:00+09:00,1867.41269683229,1869.6096529462104,1834.4583551234848,1835.190673828125,37700,0.0,0.0
2020-01-15 00:00:00+09:00,1835.1910548681994,1835.1910548681994,1805.1659817438594,1820.544677734375,45200,0.0,0.0
2020-01-16 00:00:00+09:00,1806.6307681325297,1815.4185951360118,1793.4490276273068,1800.772216796875,40400,0.0,0.0
2020-01-17 00:00:00+09:00,1800.7721214294434,1810.2922668457031,1789.787338256836,1804.4337158203125,46000,0.0,0.0
2020-01-20 00:00:00+09:00,1801.5043608770407,1822.0092885618199,1801.5043608770407,1816.883056640625,22600,0.0,0.0
2020-01-21 00:00:00+09:00,1809.559860371291,1824.9385560684975,1805.8982661576706,1812.4891357421875,33800,0.0,0.0
2020-01-22 00:00:00+09:00,1816.8829946893222,1816.8829946893222,1802.2366182710286,1805.1658935546875,42500,0.0,0.0
2020-01-23 00:00:00+09:00,1815.418472418676,1832.994125237574,1804.4336894068647,1824.206298828125,35200,0.0,0.0
2020-01-24 00:00:00+09:00,1830.064995862324,1830.064995862324,1808.8277470107803,1813.9539794921875,39100,0.0,0.0
2020-01-27 00:00:00+09:00,1794.1809947884635,1801.5041825222938,1777.3376630006533,1786.12548828125,40200,0.0,0.0
2020-01-28 00:00:00+09:00,1770.7469436117588,1770.7469436117588,1749.5096973897816,1756.8328857421875,41200,0.0,0.0
2020-01-29 00:00:00+09:00,1760.4946138005591,1760.4946138005591,1735.5957715088707,1751.706787109375,55100,0.0,0.0
2020-01-30 00:00:00+09:00,1753.903809885226,1762.6916369076155,1726.0756909809927,1730.4696044921875,49200,0.0,0.0
2020-01-31 00:00:00+09:00,1744.3836362447698,1770.7471168933055,1741.4543606171549,1750.2421875,63300,0.0,0.0
2020-02-03 00:00:00+09:00,1719.4846538108707,1740.7219003868993,1711.4291464889286,1727.5401611328125,36700,0.0,0.0
2020-02-04 00:00:00+09:00,1713.6259738648137,1723.8784369563125,1704.8381483578146,1723.1461181640625,50200,0.0,0.0
2020-02-05 00:00:00+09:00,1735.5957562650615,1772.9440193745627,1735.5957562650615,1766.3531494140625,40900,0.0,0.0
2020-02-06 00:00:00+09:00,1779.5347348226735,1823.4738640775545,1779.5347348226735,1805.1658935546875,50300,0.0,0.0
2020-02-07 00:00:00+09:00,1823.4739453715663,1830.797133907195,1811.7568437145603,1816.1507568359375,52300,0.0,0.0
2020-02-10 00:00:00+09:00,1789.7871392411357,1795.6456896150837,1767.0852565420869,1783.9285888671875,60700,0.0,0.0
2020-02-12 00:00:00+09:00,1779.5347230150705,1779.5347230150705,1750.2419703728472,1753.903564453125,61700,0.0,0.0
2020-02-13 00:00:00+09:00,1744.383628794011,1749.5098611204417,1730.4695696222702,1745.8482666015625,45000,0.0,0.0
2020-02-14 00:00:00+09:00,1731.201517039332,1745.8478919719828,1729.0045607994343,1741.4539794921875,28100,0.0,0.0
2020-02-17 00:00:00+09:00,1729.0049059054777,1729.0049059054777,1704.1060635502104,1718.75244140625,54600,0.0,0.0
2020-02-18 00:00:00+09:00,1715.0908742970435,1722.4140633418642,1690.9243504491346,1698.9798583984375,63400,0.0,0.0
2020-02-19 00:00:00+09:00,1709.9646386018476,1709.9646386018476,1685.0657958984375,1685.0657958984375,47500,0.0,0.0
2020-02-20 00:00:00+09:00,1698.247613278274,1702.6415268960702,1680.6719588070887,1682.1365966796875,109900,0.0,0.0
2020-02-21 00:00:00+09:00,1680.6716036734101,1694.585660522994,1668.9545031684975,1677.010009765625,80200,0.0,0.0
2020-02-25 00:00:00+09:00,1640.3940862341772,1644.7879989651615,1615.4952474252655,1619.88916015625,202100,0.0,0.0
2020-02-26 00:00:00+09:00,1607.4397488345533,1627.9446750155864,1588.3994602378798,1624.2830810546875,161300,0.0,0.0
2020-02-27 00:00:00+09:00,1613.842656573978,1617.5714982019215,1568.3507887130663,1573.5711669921875,149400,40.0,0.0
2020-02-28 00:00:00+09:00,1526.5875246512073,1550.4521073521544,1514.6552333007337,1535.5367431640625,98100,0.0,0.0
2020-03-02 00:00:00+09:00,1501.9773304459031,1586.2491469009117,1501.9773304459031,1568.3507080078125,65000,0.0,0.0
2020-03-03 00:00:00+09:00,1583.2661189949263,1605.6391682506248,1526.5877275471569,1529.57080078125,51500,0.0,0.0
2020-03-04 00:00:00+09:00,1498.2484919081421,1551.1980404026558,1498.2484919081421,1530.3165283203125,58000,0.0,0.0
2020-03-05 00:00:00+09:00,1542.9945497484407,1542.9945497484407,1494.519612226136,1501.977294921875,46100,0.0,0.0
2020-03-06 00:00:00+09:00,1467.6721221547068,1470.6551955737204,1432.6210094812966,1449.773681640625,59600,0.0,0.0
2020-03-09 00:00:00+09:00,1416.9597611259317,1434.1124319185087,1364.0102121575414,1375.9425048828125,64500,0.0,0.0
2020-03-10 00:00:00+09:00,1346.1117324501658,1396.8239750023051,1299.1283312621545,1390.112060546875,57400,0.0,0.0
2020-03-11 00:00:00+09:00,1373.7049560546875,1417.7052776655596,1373.7049560546875,1373.7049560546875,50800,0.0,0.0
2020-03-12 00:00:00+09:00,1347.6031901041665,1358.7897135416665,1288.6875,1313.2978515625,79700,0.0,0.0
2020-03-13 00:00:00+09:00,1253.6366804519955,1276.0097324529236,1199.9413556497686,1243.1959228515625,102700,0.0,0.0
2020-03-16 00:00:00+09:00,1248.416015625,1304.3486328125,1240.2125651041665,1257.365234375,74700,0.0,0.0
2020-03-17 00:00:00+09:00,1205.1614583333333,1358.7897135416665,1205.1614583333333,1349.0947265625,78700,0.0,0.0
2020-03-18 00:00:00+09:00,1366.2472744257261,1434.857945412171,1346.8573021904265,1373.7049560546875,89200,0.0,0.0
2020-03-19 00:00:00+09:00,1433.3665758570137,1492.2822675805849,1400.5527728717334,1480.3499755859375,114400,0.0,0.0
2020-03-23 00:00:00+09:00,1480.3501366187525,1515.4012481658967,1443.8074884100274,1493.0281982421875,135600,0.0,0.0
2020-03-24 00:00:00+09:00,1516.1469401682455,1518.3842450479822,1398.3155498354454,1420.6885986328125,91200,0.0,0.0
2020-03-25 00:00:00+09:00,1450.5194542134761,1450.5194542134761,1390.1122173027866,1425.163330078125,94200,0.0,0.0
2020-03-26 00:00:00+09:00,1393.8408203125,1438.5869140625,1379.6712239583333,1431.875,107300,0.0,0.0
2020-03-27 00:00:00+09:00,1491.5365377286585,1528.824951171875,1433.3666127572408,1528.824951171875,106400,0.0,0.0
2020-03-30 00:00:00+09:00,1497.502763514749,1531.8081057068198,1478.8585558016669,1529.57080078125,77600,0.0,0.0
2020-03-31 00:00:00+09:00,1493.0282882713989,1522.1132549260365,1440.078733592443,1449.0279541015625,48600,0.0,0.0
2020-04-01 00:00:00+09:00,1400.5529861575885,1432.6210257767452,1354.3153476369441,1358.044189453125,60000,0.0,0.0
2020-04-02 00:00:00+09:00,1328.2132161458333,1352.8235677083333,1302.8570963541665,1308.8232421875,52600,0.0,0.0
2020-04-03 00:00:00+09:00,1278.9927536536907,1353.5695906014278,1278.9927536536907,1297.636962890625,39400,0.0,0.0
2020-04-06 00:00:00+09:00,1267.8059117732353,1340.1454255626493,1267.8059117732353,1325.975830078125,56900,0.0,0.0
2020-04-07 00:00:00+09:00,1349.8405744553645,1385.637451567993,1335.670977264949,1378.925537109375,49400,0.0,0.0
2020-04-08 00:00:00+09:00,1364.7558186403771,1382.6542556061527,1344.6200770538799,1363.2642822265625,61200,0.0,0.0
2020-04-09 00:00:00+09:00,1360.2813749473905,1372.9594360077554,1308.0775941105937,1328.9591064453125,64800,0.0,0.0
2020-04-10 00:00:00+09:00,1343.1286610391696,1372.2136237157536,1316.2810031838615,1361.027099609375,74300,0.0,0.0
2020-04-13 00:00:00+09:00,1364.756028033869,1364.756028033869,1308.8234039341203,1317.02685546875,62100,0.0,0.0
2020-04-14 00:00:00+09:00,1320.00980675663,1321.5013432614398,1263.3314195738596,1305.8402099609375,117200,0.0,0.0
2020-04-15 00:00:00+09:00,1312.5520833333333,1312.5520833333333,1235.7379557291665,1246.1787109375,105900,0.0,0.0
2020-04-16 00:00:00+09:00,1232.7548828125,1266.314453125,1232.7548828125,1266.314453125,59300,0.0,0.0
2020-04-17 00:00:00+09:00,1286.450072816113,1305.0942767699698,1263.3312599133308,1281.9754638671875,56700,0.0,0.0
2020-04-20 00:00:00+09:00,1300.619874471266,1300.619874471266,1269.2976068521186,1278.246826171875,35500,0.0,0.0
2020-04-21 00:00:00+09:00,1271.5347493966606,1275.2635903039823,1255.87361758591,1272.280517578125,28800,0.0,0.0
2020-04-22 00:00:00+09:00,1260.3481872807138,1283.4670001834959,1255.8735783317882,1281.9754638671875,40000,0.0,0.0
2020-04-23 00:00:00+09:00,1281.9755859375,1306.5859375,1278.2467447916665,1306.5859375,30400,0.0,0.0
2020-04-24 00:00:00+09:00,1305.0946470094812,1305.0946470094812,1271.5350703720944,1295.399658203125,39400,0.0,0.0
2020-04-27 00:00:00+09:00,1295.399373395808,1308.8232010993913,1281.2297774864699,1296.1451416015625,45300,0.0,0.0
2020-04-28 00:00:00+09:00,1286.4501953125,1286.4501953125,1258.8567708333333,1266.314453125,53500,0.0,0.0
2020-04-30 00:00:00+09:00,1286.4503157077484,1314.7895110682668,1286.4503157077484,1304.3487548828125,53300,0.0,0.0
2020-05-01 00:00:00+09:00,1299.1281721108405,1302.1112448366978,1270.043213033732,1272.280517578125,38000,0.0,0.0
2020-05-07 00:00:00+09:00,1266.3147025538697,1266.3147025538697,1230.5178205028767,1239.467041015625,46900,0.0,0.0
2020-05-08 00:00:00+09:00,1249.1618244473318,1267.8060307823666,1248.4160561939304,1252.1448974609375,47000,0.0,0.0
2020-05-11 00:00:00+09:00,1265.5686848958333,1296.1451822916665,1254.3821614583333,1279.73828125,81200,0.0,0.0
2020-05-12 00:00:00+09:00,1288.6872600255974,1318.517983637301,1282.7211153032565,1311.060302734375,42700,0.0,0.0
2020-05-13 00:00:00+09:00,1305.0943607658282,1318.5181884765625,1293.162069467398,1318.5181884765625,28900,0.0,0.0
2020-05-14 00:00:00+09:00,1321.501428579587,1321.501428579587,1275.2637939453125,1275.2637939453125,23500,0.0,0.0
2020-05-15 00:00:00+09:00,1292.416300988686,1311.0605061385518,1275.2636322508097,1309.5689697265625,28800,0.0,0.0
2020-05-18 00:00:00+09:00,1317.0269723142633,1344.6204026515381,1303.6031413393725,1341.6373291015625,38700,0.0,0.0
2020-05-19 00:00:00+09:00,1371.4680199913767,1374.4510934443215,1346.1118956413459,1358.044189453125,26800,0.0,0.0
2020-05-20 00:00:00+09:00,1358.044150339284,1358.044150339284,1329.7049533525224,1347.6033935546875,30000,0.0,0.0
2020-05-21 00:00:00+09:00,1348.3489583333333,1360.28125,1339.3997395833333,1355.806640625,13300,0.0,0.0
2020-05-22 00:00:00+09:00,1360.2814540097581,1360.2814540097581,1334.925330415278,1356.5526123046875,20100,0.0,0.0
2020-05-25 00:00:00+09:00,1358.789990468875,1401.2987881948497,1352.8238434196153,1397.5699462890625,22100,0.0,0.0
2020-05-26 00:00:00+09:00,1419.9429844625129,1470.6552339076025,1419.9429844625129,1464.6890869140625,46300,0.0,0.0
2020-05-27 00:00:00+09:00,1466.9261879447024,1480.3500168125238,1444.5531398316666,1470.655029296875,52700,0.0,0.0
2020-05-28 00:00:00+09:00,1478.8583580124116,1498.9940996494943,1451.2649342875204,1488.5533447265625,41500,0.0,0.0
2020-05-29 00:00:00+09:00,1478.8586448145277,1482.587486581584,1453.502520798545,1465.434814453125,46000,0.0,0.0
2020-06-01 00:00:00+09:00,1458.722615642937,1466.180297727001,1444.553019683215,1461.7056884765625,24400,0.0,0.0
2020-06-02 00:00:00+09:00,1476.6210130625627,1498.2482905266104,1469.1633311784083,1489.299072265625,34100,0.0,0.0
2020-06-03 00:00:00+09:00,1494.5197725013868,1517.638591337486,1490.0451624040772,1512.418212890625,28200,0.0,0.0
2020-06-04 00:00:00+09:00,1524.3502194862667,1528.0790605319767,1504.2144778394324,1515.4010009765625,27300,0.0,0.0
2020-06-05 00:00:00+09:00,1513.909749589728,1522.1132014347957,1500.4859192977995,1512.418212890625,22800,0.0,0.0
2020-06-08 00:00:00+09:00,1521.3671875,1525.0960286458333,1503.46875,1516.892578125,28900,0.0,0.0
2020-06-09 00:00:00+09:00,1512.41796875,1513.9095052083333,1464.6888020833333,1469.9091796875,44600,0.0,0.0
2020-06-10 00:00:00+09:00,1469.909220710618,1469.909220710618,1449.7734779611574,1457.9769287109375,27700,0.0,0.0
2020-06-11 00:00:00+09:00,1447.5360499813598,1453.5021954732974,1421.4341634541329,1422.179931640625,32500,0.0,0.0
2020-06-12 00:00:00+09:00,1396.0782474628215,1405.7732352924245,1372.2136620361068,1391.6036376953125,55300,0.0,0.0
2020-06-15 00:00:00+09:00,1391.6034743599268,1434.1122621619184,1372.2135009765625,1372.2135009765625,54200,0.0,0.0
2020-06-16 00:00:00+09:00,1402.044186770261,1402.044186770261,1334.925050169557,1357.298095703125,104300,0.0,0.0
2020-06-17 00:00:00+09:00,1361.0269366253863,1371.467691207718,1352.8234865964114,1357.298095703125,51700,0.0,0.0
2020-06-18 00:00:00+09:00,1352.0777994791665,1399.0611979166665,1343.1285807291665,1398.3154296875,37500,0.0,0.0
2020-06-19 00:00:00+09:00,1393.0950520833333,1413.9765625,1375.1966145833333,1413.9765625,43500,0.0,0.0
2020-06-22 00:00:00+09:00,1413.9765625,1423.6715494791665,1383.4000651041665,1402.7900390625,25300,0.0,0.0
2020-06-23 00:00:00+09:00,1396.078125,1411.7392578125,1374.4508463541665,1384.8916015625,28300,0.0,0.0
2020-06-24 00:00:00+09:00,1386.383388494024,1386.383388494024,1351.332275390625,1351.332275390625,25200,0.0,0.0
2020-06-25 00:00:00+09:00,1343.8743903373218,1346.1116950937103,1314.0436602521427,1321.5013427734375,43700,0.0,0.0
2020-06-26 00:00:00+09:00,1321.5013418313292,1360.2812909144156,1321.5013418313292,1352.8236083984375,34000,0.0,0.0
2020-06-29 00:00:00+09:00,1342.383106308202,1342.383106308202,1301.3658447265625,1301.3658447265625,31300,0.0,0.0
2020-06-30 00:00:00+09:00,1315.5353585536745,1354.3153124339417,1315.5353585536745,1322.9930419921875,53200,0.0,0.0
2020-07-01 00:00:00+09:00,1328.2131745924644,1328.2131745924644,1293.9078371240457,1300.6197509765625,32400,0.0,0.0
2020-07-02 00:00:00+09:00,1300.6197501917738,1314.7893460940925,1268.5517173602107,1276.0093994140625,49500,0.0,0.0
2020-07-03 00:00:00+09:00,1280.4840494791665,1284.212890625,1235.7379557291665,1248.416015625,40600,0.0,0.0
2020-07-06 00:00:00+09:00,1241.704062242115,1299.128214069528,1234.9921483921576,1284.9586181640625,39600,0.0,0.0
2020-07-07 00:00:00+09:00,1301.3656443743957,1301.3656443743957,1247.6703283887473,1253.636474609375,43600,0.0,0.0
2020-07-08 00:00:00+09:00,1252.8909120519647,1281.975879653171,1243.1959228515625,1243.1959228515625,43200,0.0,0.0
2020-07-09 00:00:00+09:00,1392.3492048027365,1481.095619034941,1383.3999865608334,1433.366455078125,386100,0.0,0.0
2020-07-10 00:00:00+09:00,1432.620973928351,1449.7736456620064,1399.061398797286,1416.9598388671875,158100,0.0,0.0
2020-07-13 00:00:00+09:00,1446.7903645833333,1475.8753255208333,1412.4850260416665,1418.451171875,79500,0.0,0.0
2020-07-14 00:00:00+09:00,1428.1461588541665,1436.349609375,1398.3154296875,1402.7900390625,81700,0.0,0.0
2020-07-15 00:00:00+09:00,1402.7902401609917,1429.6379002597666,1402.7902401609917,1419.1971435546875,47600,0.0,0.0
2020-07-16 00:00:00+09:00,1434.858153667322,1460.2142748859756,1428.1462392270905,1446.044677734375,80600,0.0,0.0
2020-07-17 00:00:00+09:00,1453.5025268618365,1453.5025268618365,1410.2479621835469,1429.637939453125,37200,0.0,0.0
2020-07-20 00:00:00+09:00,1429.637777680958,1429.637777680958,1401.2985833398643,1412.485107421875,31700,0.0,0.0
2020-07-21 00:00:00+09:00,1416.959877392247,1450.5194534357477,1403.5360469748468,1429.637939453125,35100,0.0,0.0
2020-07-22 00:00:00+09:00,1431.8749172842774,1432.620685470363,1408.756103515625,1408.756103515625,26500,0.0,0.0
2020-07-27 00:00:00+09:00,1399.0611979166665,1429.6376953125,1388.6204427083333,1427.400390625,45700,0.0,0.0
2020-07-28 00:00:00+09:00,1435.6038411458333,1445.298828125,1416.2138671875,1427.400390625,33000,0.0,0.0
2020-07-29 00:00:00+09:00,1427.4005130791813,1434.8581960106296,1414.7224520957195,1422.9259033203125,26800,0.0,0.0
2020-07-30 00:00:00+09:00,1413.230878495571,1422.1800977789203,1361.0270993427005,1365.501708984375,58900,0.0,0.0
2020-07-31 00:00:00+09:00,1357.2983872308635,1357.2983872308635,1308.8234448297612,1314.0438232421875,59600,0.0,0.0
2020-08-03 00:00:00+09:00,1325.2302240635042,1340.145589556622,1317.0267730422895,1334.179443359375,27500,0.0,0.0
2020-08-04 00:00:00+09:00,1342.3830538251648,1364.756104722251,1339.39998037222,1358.044189453125,19300,0.0,0.0
2020-08-05 00:00:00+09:00,1358.0440289902863,1358.0440289902863,1319.2640786841387,1320.755615234375,37500,0.0,0.0
2020-08-06 00:00:00+09:00,1320.7556549670649,1333.4337160254727,1313.297971991531,1331.1964111328125,25300,0.0,0.0
2020-08-07 00:00:00+09:00,1328.958984375,1339.3997395833333,1311.060546875,1320.009765625,43200,0.0,0.0
2020-08-11 00:00:00+09:00,1316.2811228715254,1349.8406982421875,1314.7895861883849,1349.8406982421875,47400,0.0,0.0
2020-08-12 00:00:00+09:00,1353.5692549144183,1367.7388504204093,1341.6369639620045,1359.535400390625,47800,0.0,0.0
2020-08-13 00:00:00+09:00,1359.5354410583964,1370.7219641609065,1344.6200769217162,1358.7896728515625,49900,0.0,0.0
2020-08-14 00:00:00+09:00,1369.9761548388135,1369.9761548388135,1346.8573411207933,1357.298095703125,38500,0.0,0.0
2020-08-17 00:00:00+09:00,1357.2983837127686,1357.2983837127686,1331.1964917182922,1336.4168701171875,44600,0.0,0.0
2020-08-18 00:00:00+09:00,1331.1964119590075,1331.1964119590075,1317.0268142966986,1322.2471923828125,36800,0.0,0.0
2020-08-19 00:00:00+09:00,1328.9590659841904,1328.9590659841904,1317.0267735847813,1325.230224609375,25100,0.0,0.0
2020-08-20 00:00:00+09:00,1324.4844952423045,1379.6713492107338,1320.0098854610806,1344.6202392578125,87800,0.0,0.0
2020-08-21 00:00:00+09:00,1347.60310808853,1354.3150217425405,1324.4842943913832,1337.162353515625,52200,0.0,0.0
2020-08-24 00:00:00+09:00,1337.9082851452774,1338.6540534201633,1324.4844561973314,1327.467529296875,30900,0.0,0.0
2020-08-25 00:00:00+09:00,1331.1962485990816,1343.874308109549,1328.9589439795873,1338.6539306640625,34900,0.0,0.0
2020-08-26 00:00:00+09:00,1338.6539303902089,1338.6539303902089,1321.5012616442618,1329.7047119140625,52900,0.0,0.0
2020-08-27 00:00:00+09:00,1320.0098874887638,1330.450643660991,1316.2810459986824,1322.2471923828125,100000,0.0,0.0
2020-08-28 00:00:00+09:00,1312.7070306662806,1321.1022500484487,1270.7309337554402,1276.8365478515625,166400,40.5,0.0
2020-08-31 00:00:00+09:00,1297.4430931939019,1325.6815605163574,1278.3630477057563,1318.812744140625,109000,0.0,0.0
2020-09-01 00:00:00+09:00,1320.338960737999,1357.7358445970522,1312.7069436239065,1352.3934326171875,73400,0.0,0.0
2020-09-02 00:00:00+09:00,1357.7362000410312,1370.7106325315863,1337.1297484383847,1347.8145751953125,35800,0.0,0.0
2020-09-03 00:00:00+09:00,1362.3154792332798,1362.3154792332798,1347.0514402502738,1350.104248046875,20300,0.0,0.0
2020-09-04 00:00:00+09:00,1343.235084222992,1353.1567070041847,1331.0238561846013,1349.3406982421875,20600,0.0,0.0
2020-09-07 00:00:00+09:00,1350.8672685183176,1373.0001220703125,1350.8672685183176,1373.0001220703125,33500,0.0,0.0
2020-09-08 00:00:00+09:00,1356.972767829895,1369.1839963368009,1350.8671535764422,1367.6575927734375,33100,0.0,0.0
2020-09-09 00:00:00+09:00,1360.02570406143,1396.6593930597176,1354.6832910825128,1392.8433837890625,57800,0.0,0.0
2020-09-10 00:00:00+09:00,1391.3169054629197,1391.3169054629197,1364.6048420009329,1380.632080078125,33500,0.0,0.0
2020-09-11 00:00:00+09:00,1382.1584568644294,1411.1601252028327,1372.2368334855018,1407.3441162109375,56000,0.0,0.0
2020-09-14 00:00:00+09:00,1407.3443054951124,1435.582775833138,1407.3443054951124,1424.89794921875,42500,0.0,0.0
2020-09-15 00:00:00+09:00,1424.8978186288082,1427.187424122052,1396.6593508787998,1399.712158203125,31800,0.0,0.0
2020-09-16 00:00:00+09:00,1416.502475412015,1435.58251953125,1403.528045410935,1435.58251953125,43200,0.0,0.0
2020-09-17 00:00:00+09:00,1433.2928779914032,1442.4512989370353,1394.3695889724675,1437.10888671875,45800,0.0,0.0
2020-09-18 00:00:00+09:00,1438.6354214662301,1465.3474849947809,1436.345816020926,1462.294677734375,68900,0.0,0.0
2020-09-23 00:00:00+09:00,1431.7667412614953,1450.0835865654803,1395.8962525411912,1400.4754638671875,61000,0.0,0.0
2020-09-24 00:00:00+09:00,1402.7649862978844,1448.557096840797,1402.7649862978844,1429.47705078125,47700,0.0,0.0
2020-09-25 00:00:00+09:00,1451.6098118011182,1472.9794620274229,1433.29296875,1433.29296875,59000,0.0,0.0
2020-09-28 00:00:00+09:00,1446.2675408600617,1446.2675408600617,1389.7906025890093,1432.5299072265625,105900,0.0,0.0
2020-09-29 00:00:00+09:00,1427.950656213493,1427.950656213493,1382.9217472254672,1388.26416015625,47000,0.0,0.0
2020-09-30 00:00:00+09:00,1400.4754242655492,1400.4754242655492,1340.9456787109375,1340.9456787109375,47200,0.0,0.0
2020-10-02 00:00:00+09:00,1366.131197975645,1366.131197975645,1301.2590461164662,1305.8382568359375,60900,0.0,0.0
2020-10-05 00:00:00+09:00,1318.8127679869185,1324.9183826535248,1303.5487313204032,1312.7071533203125,56200,0.0,0.0
2020-10-06 00:00:00+09:00,1332.5504698761565,1337.1296811128443,1318.812836166093,1330.2608642578125,33000,0.0,0.0
2020-10-07 00:00:00+09:00,1330.2607530601592,1332.550358487113,1311.1807078355444,1319.575927734375,43900,0.0,0.0
2020-10-08 00:00:00+09:00,1327.2078703446823,1347.051116249778,1321.1022562200374,1343.235107421875,47800,0.0,0.0
2020-10-09 00:00:00+09:00,1344.7613987681336,1350.867012383426,1310.4173221821145,1311.9437255859375,63600,0.0,0.0
2020-10-12 00:00:00+09:00,1312.7071421974122,1328.7343805614503,1305.0751239288224,1323.3919677734375,86200,0.0,0.0
2020-10-13 00:00:00+09:00,1414.9761450595543,1414.9761450595543,1373.000045826396,1396.6593017578125,245300,0.0,0.0
2020-10-14 00:00:00+09:00,1382.921578426489,1397.4224117543606,1350.1039030002535,1364.604736328125,109700,0.0,0.0
2020-10-15 00:00:00+09:00,1364.6048494257477,1364.6048494257477,1321.102345836672,1339.419189453125,84400,0.0,0.0
2020-10-16 00:00:00+09:00,1334.0769103267698,1339.419323583227,1312.7072573009405,1328.7344970703125,59100,0.0,0.0
2020-10-19 00:00:00+09:00,1334.076922673051,1356.9729796983322,1334.076922673051,1348.5777587890625,43000,0.0,0.0
2020-10-20 00:00:00+09:00,1350.8674943739773,1402.0020266468905,1350.8674943739773,1398.94921875,73400,0.0,0.0
2020-10-21 00:00:00+09:00,1405.8176309176924,1463.0577624697157,1405.8176309176924,1456.9521484375,83100,0.0,0.0
2020-10-22 00:00:00+09:00,1453.8995770223778,1460.0051920439942,1395.1330324393211,1401.2386474609375,64300,0.0,0.0
2020-10-23 00:00:00+09:00,1411.1601954522307,1445.5042780889805,1411.1601954522307,1440.161865234375,34700,0.0,0.0
2020-10-26 00:00:00+09:00,1440.925051347773,1440.925051347773,1398.1857489772883,1405.0545654296875,29400,0.0,0.0
2020-10-27 00:00:00+09:00,1395.133075078669,1428.7139587238885,1378.3426332560591,1424.89794921875,36300,0.0,0.0
2020-10-28 00:00:00+09:00,1432.5298684614388,1432.5298684614388,1390.5537668283118,1403.5281982421875,35200,0.0,0.0
2020-10-29 00:00:00+09:00,1381.3951366972517,1400.4751800217994,1374.5263211004144,1386.737548828125,30300,0.0,0.0
2020-10-30 00:00:00+09:00,1390.5535690720017,1390.5535690720017,1346.287868190456,1355.4462890625,53800,0.0,0.0
2020-11-02 00:00:00+09:00,1363.078523678574,1405.0546260314975,1363.078523678574,1397.422607421875,73600,0.0,0.0
2020-11-04 00:00:00+09:00,1411.9232194474682,1412.68642118771,1382.921553318277,1391.3167724609375,55700,0.0,0.0
2020-11-05 00:00:00+09:00,1391.3169054629197,1437.1090142548974,1368.420851066931,1431.7666015625,98600,0.0,0.0
2020-11-06 00:00:00+09:00,1426.4240508208402,1426.4240508208402,1405.8176038587414,1411.9232177734375,44000,0.0,0.0
2020-11-09 00:00:00+09:00,1411.9232439969203,1424.8976738066217,1394.369603666148,1421.0816650390625,41100,0.0,0.0
2020-11-10 00:00:00+09:00,1451.6097469938773,1505.7970719342375,1450.0833434744304,1482.1378173828125,102100,0.0,0.0
2020-11-11 00:00:00+09:00,1503.5076481769518,1519.5348870661476,1489.0068129914887,1510.37646484375,63900,0.0,0.0
2020-11-12 00:00:00+09:00,1508.08683855509,1514.1924532860824,1473.7427556932587,1480.611572265625,52200,0.0,0.0
2020-11-13 00:00:00+09:00,1480.6115083544667,1480.6115083544667,1443.97782154982,1457.7154541015625,39900,0.0,0.0
2020-11-16 00:00:00+09:00,1458.4784914743987,1489.0065603697287,1458.4784914743987,1485.1905517578125,51900,0.0,0.0
2020-11-17 00:00:00+09:00,1492.822787580819,1492.822787580819,1451.6098885371766,1460.768310546875,65900,0.0,0.0
2020-11-18 00:00:00+09:00,1460.7683402448656,1460.7683402448656,1437.1090829054765,1449.3203125,35600,0.0,0.0
2020-11-19 00:00:00+09:00,1442.4512989370353,1447.7937111553206,1435.5824832278113,1437.10888671875,34600,0.0,0.0
2020-11-20 00:00:00+09:00,1433.29290193524,1471.4529898461888,1433.29290193524,1466.873779296875,29000,0.0,0.0
2020-11-24 00:00:00+09:00,1472.9795525868733,1494.3492041269938,1462.2947268168132,1465.3475341796875,49500,0.0,0.0
2020-11-25 00:00:00+09:00,1473.742600244268,1503.5074689182848,1461.5313720703125,1461.5313720703125,36400,0.0,0.0
2020-11-26 00:00:00+09:00,1461.5315123810165,1472.2163380589977,1448.5570812006106,1460.768310546875,26800,0.0,0.0
2020-11-27 00:00:00+09:00,1453.136178523936,1466.1106086893283,1434.8193359375,1434.8193359375,64700,0.0,0.0
2020-11-30 00:00:00+09:00,1442.451524857288,1457.715562157365,1421.8450745021837,1422.6082763671875,68100,0.0,0.0
2020-12-01 00:00:00+09:00,1430.2401252908908,1443.977757230718,1412.6864844788895,1434.8193359375,75700,0.0,0.0
2020-12-02 00:00:00+09:00,1450.0834834613418,1458.4787036287494,1436.345850460129,1445.5042724609375,75000,0.0,0.0
2020-12-03 00:00:00+09:00,1445.504352635043,1471.4532164099064,1440.161939504924,1467.63720703125,54200,0.0,0.0
2020-12-04 00:00:00+09:00,1467.6369048015517,1473.742518550076,1447.030458400282,1454.6624755859375,29100,0.0,0.0
2020-12-07 00:00:00+09:00,1471.4529133943795,1471.4529133943795,1442.4512480888886,1454.6624755859375,34400,0.0,0.0
2020-12-08 00:00:00+09:00,1454.6627628364224,1474.5060114375488,1450.846753490052,1463.0579833984375,24000,0.0,0.0
2020-12-09 00:00:00+09:00,1469.1633925327035,1479.8482172056688,1463.0577784338664,1476.79541015625,22600,0.0,0.0
2020-12-10 00:00:00+09:00,1476.795549063847,1476.795549063847,1453.1362922054598,1460.768310546875,34500,0.0,0.0
2020-12-11 00:00:00+09:00,1461.5314416718063,1481.3746883994654,1453.8994236996298,1479.0850830078125,48000,0.0,0.0
2020-12-14 00:00:00+09:00,1477.5587030440415,1498.1651518984781,1468.4002813309587,1472.9794921875,35000,0.0,0.0
2020-12-15 00:00:00+09:00,1472.9793325427115,1495.1121826171875,1470.6897273625932,1495.1121826171875,55700,0.0,0.0
2020-12-16 00:00:00+09:00,1507.3234835183225,1513.4290976287764,1483.6642288403134,1492.0594482421875,30300,0.0,0.0
2020-12-17 00:00:00+09:00,1488.2435283759717,1495.8755464702074,1452.3730433330636,1472.9794921875,51900,0.0,0.0
2020-12-18 00:00:00+09:00,1472.9794707410304,1494.34912109375,1460.0050401697363,1494.34912109375,49500,0.0,0.0
2020-12-21 00:00:00+09:00,1494.3491243809879,1494.3491243809879,1465.347455981357,1473.74267578125,32100,0.0,0.0
2020-12-22 00:00:00+09:00,1472.9793023988875,1476.0321092432375,1449.3200493551747,1470.689697265625,44800,0.0,0.0
2020-12-23 00:00:00+09:00,1479.0852233540109,1501.981279443082,1461.5315803523893,1478.322021484375,88900,0.0,0.0
2020-12-24 00:00:00+09:00,1478.3218812105947,1551.5892537434895,1459.2418362801534,1479.0850830078125,267700,0.0,0.0
2020-12-25 00:00:00+09:00,1485.1907048618898,1519.5347859095696,1476.0322832491752,1489.0067138671875,113000,0.0,0.0
2020-12-28 00:00:00+09:00,1496.6387939453125,1523.3508580901805,1485.1907664546547,1496.6387939453125,72200,0.0,0.0
2020-12-29 00:00:00+09:00,1501.9811701431652,1549.2996826171875,1501.9811701431652,1549.2996826171875,63900,0.0,0.0
2020-12-30 00:00:00+09:00,1553.8789214246553,1560.7477378749606,1522.587646484375,1522.587646484375,69200,0.0,0.0
2021-01-04 00:00:00+09:00,1526.4036008664914,1530.2196098686577,1502.744345053061,1524.877197265625,49400,0.0,0.0
2021-01-05 00:00:00+09:00,1524.8770425626547,1541.66748046875,1518.77142877862,1541.66748046875,32400,0.0,0.0
2021-01-06 00:00:00+09:00,1543.9573733594134,1557.6950069335455,1540.1413640332655,1550.06298828125,47800,0.0,0.0
2021-01-07 00:00:00+09:00,1526.4036171835482,1537.851644312425,1495.8755448398772,1508.8499755859375,135300,0.0,0.0
2021-01-08 00:00:00+09:00,1506.560307947342,1531.7459665908386,1498.1650883995098,1501.2178955078125,90300,0.0,0.0
2021-01-12 00:00:00+09:00,1501.2179103477329,1558.45804419424,1498.9283049938724,1556.931640625,83300,0.0,0.0
2021-01-13 00:00:00+09:00,1554.6421119610193,1562.2741301837048,1524.877240892546,1533.2724609375,51100,0.0,0.0
2021-01-14 00:00:00+09:00,1526.4037058104261,1547.010155838867,1526.4037058104261,1540.904541015625,59100,0.0,0.0
2021-01-15 00:00:00+09:00,1540.9044220706066,1540.9044220706066,1520.2979736328125,1520.2979736328125,65800,0.0,0.0
2021-01-18 00:00:00+09:00,1518.0084173473902,1524.8772337154778,1508.849995523273,1523.350830078125,35700,0.0,0.0
2021-01-19 00:00:00+09:00,1532.5091762350064,1532.5091762350064,1509.6131228052006,1511.1395263671875,40000,0.0,0.0
2021-01-20 00:00:00+09:00,1507.3234835183225,1507.3234835183225,1485.9538341317336,1492.0594482421875,54200,0.0,0.0
2021-01-21 00:00:00+09:00,1492.059626086005,1511.1396724553913,1487.4804149573522,1505.0340576171875,38900,0.0,0.0
2021-01-22 00:00:00+09:00,1507.3234835183225,1507.3234835183225,1489.0066411869605,1492.0594482421875,43600,0.0,0.0
2021-01-25 00:00:00+09:00,1489.0068469537566,1489.7700488230307,1462.2947815291634,1463.0579833984375,69700,0.0,0.0
2021-01-26 00:00:00+09:00,1476.7955812687355,1480.61159052266,1460.0051405514682,1479.848388671875,54800,0.0,0.0
2021-01-27 00:00:00+09:00,1474.5057968790647,1479.8482091865976,1458.4785599564661,1466.873779296875,56700,0.0,0.0
2021-01-28 00:00:00+09:00,1470.6897988555986,1501.2178694078684,1457.715368870884,1492.0594482421875,184500,0.0,0.0
2021-01-29 00:00:00+09:00,1484.4274618385105,1486.717067178107,1452.3729870841569,1460.0050048828125,105900,0.0,0.0
2021-02-01 00:00:00+09:00,1456.1891426542209,1478.3219964995942,1455.425940797484,1469.16357421875,39100,0.0,0.0
2021-02-02 00:00:00+09:00,1467.637207596681,1483.6644469932128,1463.0579963405291,1482.9012451171875,65500,0.0,0.0
2021-02-03 00:00:00+09:00,1482.9010528579968,1501.9810972848882,1479.8482457496941,1501.2178955078125,67300,0.0,0.0
2021-02-04 00:00:00+09:00,1501.9812219730943,1537.0885066330345,1495.8756072496262,1531.74609375,69500,0.0,0.0
2021-02-05 00:00:00+09:00,1527.1668100836027,1545.4836533829562,1521.061195650485,1534.798828125,86800,0.0,0.0
2021-02-08 00:00:00+09:00,1540.9044698527557,1572.9589461944176,1538.61486439978,1559.2213134765625,102000,0.0,0.0
2021-02-09 00:00:00+09:00,1569.1427873552555,1608.8292780860304,1558.4579629277391,1606.5396728515625,116900,0.0,0.0
2021-02-10 00:00:00+09:00,1606.5399083663613,1606.5399083663613,1563.800604390819,1566.0902099609375,74800,0.0,0.0
2021-02-12 00:00:00+09:00,1584.4069991731296,1584.4069991731296,1545.4837058408416,1568.3797607421875,105300,0.0,0.0
2021-02-15 00:00:00+09:00,1568.3797607421875,1584.4069991731296,1567.6165589121426,1568.3797607421875,96300,0.0,0.0
2021-02-16 00:00:00+09:00,1579.8277866822789,1579.8277866822789,1545.483704363099,1553.11572265625,80500,0.0,0.0
2021-02-17 00:00:00+09:00,1547.7732735410532,1564.5637133920902,1545.4836681068207,1554.64208984375,60100,0.0,0.0
2021-02-18 00:00:00+09:00,1552.3525377290607,1552.3525377290607,1530.9828862755633,1537.0885009765625,175000,0.0,0.0
2021-02-19 00:00:00+09:00,1532.5092409048507,1540.141259036847,1515.718801014459,1534.03564453125,327200,0.0,0.0
2021-02-22 00:00:00+09:00,1504.2708857501718,1523.3509324999202,1492.0596558303328,1493.5860595703125,564400,0.0,0.0
2021-02-24 00:00:00+09:00,1493.5860184499504,1569.9062033477505,1493.5860184499504,1515.7188720703125,842500,0.0,0.0
2021-02-25 00:00:00+09:00,1513.7711634935197,1513.7711634935197,1489.619384765625,1489.619384765625,415600,40.5,0.0
2021-02-26 00:00:00+09:00,1493.5147766642872,1496.6311350923816,1431.1876081023972,1436.6412353515625,239600,0.0,0.0
2021-03-01 00:00:00+09:00,1459.2346266979687,1486.5027590708619,1445.9901052597063,1484.944580078125,108400,0.0,0.0
2021-03-02 00:00:00+09:00,1492.7358647905303,1492.7358647905303,1449.8859313022845,1463.9095458984375,104900,0.0,0.0
2021-03-03 00:00:00+09:00,1478.7121181672026,1478.7121181672026,1445.211264067524,1453.78125,98600,0.0,0.0
2021-03-04 00:00:00+09:00,1449.1067035508297,1449.1067035508297,1425.7340147838809,1443.653076171875,75700,0.0,0.0
2021-03-05 00:00:00+09:00,1437.4202584990721,1458.4556769161318,1414.047571369006,1456.118408203125,127600,0.0,0.0
2021-03-08 00:00:00+09:00,1460.7931143311343,1470.9212799238303,1425.7340795871871,1431.966796875,71000,0.0,0.0
2021-03-09 00:00:00+09:00,1434.3042023718576,1480.2704967444486,1431.9669331664718,1477.9332275390625,95100,0.0,0.0
2021-03-10 00:00:00+09:00,1480.2703969677812,1495.8521906200735,1458.4558858545718,1482.607666015625,63000,0.0,0.0
2021-03-11 00:00:00+09:00,1484.1655171497175,1486.5027856806619,1463.1301003712176,1474.037353515625,58400,0.0,0.0
2021-03-12 00:00:00+09:00,1460.0138191427138,1460.0138191427138,1442.094759462734,1456.8974609375,72500,0.0,0.0
2021-03-15 00:00:00+09:00,1449.106885566086,1473.2586669921875,1442.8741677787052,1473.2586669921875,61700,0.0,0.0
2021-03-16 00:00:00+09:00,1465.467533506196,1492.7356694300222,1465.467533506196,1491.177490234375,70000,0.0,0.0
2021-03-17 00:00:00+09:00,1484.1657657771916,1501.3057378754058,1476.3748693689124,1499.74755859375,58200,0.0,0.0
2021-03-18 00:00:00+09:00,1491.9567070735998,1512.2130383445729,1489.6194380807951,1509.0966796875,78400,0.0,0.0
2021-03-19 00:00:00+09:00,1495.8520849533438,1508.3175189946217,1492.7357264430243,1502.8638916015625,85300,0.0,0.0
2021-03-22 00:00:00+09:00,1501.3057628872439,1536.3647973085858,1488.8403284263222,1530.132080078125,108200,0.0,0.0
2021-03-23 00:00:00+09:00,1533.2481722038629,1546.4926940165997,1516.8872923175413,1517.6663818359375,114600,0.0,0.0
2021-03-24 00:00:00+09:00,1516.8876840061446,1517.6667737257162,1487.282274662419,1488.8404541015625,75900,0.0,0.0
2021-03-25 00:00:00+09:00,1509.8754486504595,1533.2481336140888,1495.8518376722818,1526.236328125,53700,0.0,0.0
2021-03-26 00:00:00+09:00,1526.2365417942156,1557.4001261085436,1523.899272970641,1544.9346923828125,110400,0.0,0.0
2021-03-29 00:00:00+09:00,1552.725544479658,1554.2837236512382,1510.654706846993,1527.794677734375,85700,0.0,0.0
2021-03-30 00:00:00+09:00,1525.4573881095357,1526.2364776846682,1504.4219695809568,1515.3292236328125,100200,0.0,0.0
2021-03-31 00:00:00+09:00,1512.9920824878247,1523.1202478185876,1499.74755859375,1499.74755859375,74000,0.0,0.0
2021-04-01 00:00:00+09:00,1502.084714529315,1515.3292374271357,1491.9565499603932,1509.8756103515625,50200,0.0,0.0
2021-04-02 00:00:00+09:00,1520.0037610836077,1520.0037610836077,1502.084700855559,1515.3292236328125,24200,0.0,0.0
2021-04-05 00:00:00+09:00,1530.9110151354635,1530.9110151354635,1500.526521705294,1515.3292236328125,36500,0.0,0.0
2021-04-06 00:00:00+09:00,1511.4337060014757,1513.7709746190037,1487.2819302870191,1501.3055419921875,47000,0.0,0.0
2021-04-07 00:00:00+09:00,1495.072894679366,1515.3292236328125,1490.3983572285708,1515.3292236328125,31400,0.0,0.0
2021-04-08 00:00:00+09:00,1504.4220559452176,1504.4220559452176,1472.479381531052,1474.816650390625,54200,0.0,0.0
2021-04-09 00:00:00+09:00,1474.8168464390328,1487.2822820137949,1470.9213978219198,1473.2586669921875,36800,0.0,0.0
2021-04-12 00:00:00+09:00,1491.9568539268091,1491.9568539268091,1474.8168796258224,1480.2705078125,47900,0.0,0.0
2021-04-13 00:00:00+09:00,1508.3175674035474,1533.2484362862506,1504.422119140625,1504.422119140625,141100,0.0,0.0
2021-04-14 00:00:00+09:00,1501.305578816098,1520.7828177732347,1492.7355936749577,1500.5264892578125,88200,0.0,0.0
2021-04-15 00:00:00+09:00,1501.3057769635045,1524.678466796875,1501.3057769635045,1524.678466796875,61200,0.0,0.0
2021-04-16 00:00:00+09:00,1523.8994476085402,1531.690344579954,1502.0849360885816,1530.9112548828125,65200,0.0,0.0
2021-04-19 00:00:00+09:00,1526.2363665382966,1533.2481722038629,1514.5500237623523,1517.6663818359375,45100,0.0,0.0
2021-04-20 00:00:00+09:00,1503.6430125799704,1505.9802815114417,1483.386681840551,1484.165771484375,58000,0.0,0.0
2021-04-21 00:00:00+09:00,1480.2702547446343,1480.2702547446343,1449.8857600419813,1470.14208984375,79000,0.0,0.0
2021-04-22 00:00:00+09:00,1480.2700430999148,1488.840027559967,1472.479148136231,1484.944580078125,31100,0.0,0.0
2021-04-23 00:00:00+09:00,1480.2704967444486,1491.9568427713784,1471.7005096580333,1477.9332275390625,27000,0.0,0.0
2021-04-26 00:00:00+09:00,1472.4793240970696,1481.828399170702,1457.676621897152,1463.1302490234375,50700,0.0,0.0
2021-04-27 00:00:00+09:00,1460.7931246423418,1474.0376489724324,1456.1185866434862,1467.804931640625,36800,0.0,0.0
2021-04-28 00:00:00+09:00,1472.4792421307047,1472.4792421307047,1446.769287109375,1446.769287109375,54500,0.0,0.0
2021-04-30 00:00:00+09:00,1449.1067035508297,1459.2348686831742,1442.8739865463099,1443.653076171875,52400,0.0,0.0
2021-05-06 00:00:00+09:00,1444.4322558541721,1472.4794841231853,1441.3158971576152,1462.351318359375,41400,0.0,0.0
2021-05-07 00:00:00+09:00,1467.025536217596,1485.7236843159617,1460.7928201848076,1471.7000732421875,31400,0.0,0.0
2021-05-10 00:00:00+09:00,1475.5955325362545,1488.0609647012916,1473.2582640053101,1474.037353515625,50100,0.0,0.0
2021-05-11 00:00:00+09:00,1474.0375009310449,1484.1656655780341,1467.8047842252054,1470.921142578125,67300,0.0,0.0
2021-05-12 00:00:00+09:00,1474.8167449558243,1477.933103635076,1447.5486065123725,1452.22314453125,55900,0.0,0.0
2021-05-13 00:00:00+09:00,1442.0949253001377,1456.8976284771786,1432.745849609375,1432.745849609375,69200,0.0,0.0
2021-05-14 00:00:00+09:00,1447.5482663390455,1465.4673245337701,1447.5482663390455,1449.1064453125,48200,0.0,0.0
2021-05-17 00:00:00+09:00,1462.351233183448,1466.2466813272504,1446.769440608238,1461.5721435546875,46400,0.0,0.0
2021-05-18 00:00:00+09:00,1461.5722318873025,1463.909500914841,1450.664976425457,1454.5604248046875,41500,0.0,0.0
2021-05-19 00:00:00+09:00,1449.8857738738366,1468.5839246384642,1449.1066842586436,1464.6884765625,48200,0.0,0.0
2021-05-20 00:00:00+09:00,1469.3629403352484,1472.4792986392467,1461.5720445752524,1466.24658203125,39300,0.0,0.0
2021-05-21 00:00:00+09:00,1474.0374822729257,1474.0374822729257,1445.2111678732965,1450.664794921875,39600,0.0,0.0
2021-05-24 00:00:00+09:00,1453.0022901014295,1471.7004428963005,1449.8859313022845,1463.9095458984375,40400,0.0,0.0
2021-05-25 00:00:00+09:00,1463.909500914841,1463.909500914841,1452.2231557771493,1454.5604248046875,48500,0.0,0.0
2021-05-26 00:00:00+09:00,1455.3392721164848,1460.0138093930902,1444.4320184710723,1446.769287109375,42000,0.0,0.0
2021-05-27 00:00:00+09:00,1455.3394144360484,1456.1185040583375,1425.7340087890625,1425.7340087890625,95600,0.0,0.0
2021-05-28 00:00:00+09:00,1441.3158891538694,1453.781323870876,1429.629544106676,1452.22314453125,50300,0.0,0.0
2021-05-31 00:00:00+09:00,1452.223027492035,1453.0021170990588,1429.62942888835,1436.6412353515625,54600,0.0,0.0
2021-06-01 00:00:00+09:00,1440.536894770734,1440.536894770734,1419.501472294363,1429.629638671875,59200,0.0,0.0
2021-06-02 00:00:00+09:00,1429.629638671875,1434.3041769999575,1418.7223825730161,1429.629638671875,51400,0.0,0.0
2021-06-03 00:00:00+09:00,1428.0711836470457,1459.2347664871338,1428.0711836470457,1456.118408203125,57800,0.0,0.0
2021-06-04 00:00:00+09:00,1454.560410408989,1465.467665762886,1449.885872400176,1460.0140380859375,41200,0.0,0.0
2021-06-07 00:00:00+09:00,1472.479148136231,1490.3982065527036,1466.246432165284,1484.944580078125,44100,0.0,0.0
2021-06-08 00:00:00+09:00,1488.8403342918114,1523.899368851273,1488.8403342918114,1514.55029296875,51600,0.0,0.0
2021-06-09 00:00:00+09:00,1513.7711550617316,1524.6784099103493,1512.2129757976434,1512.9920654296875,35600,0.0,0.0
2021-06-10 00:00:00+09:00,1505.2010013560557,1512.9918968082093,1488.061031361318,1503.642822265625,42700,0.0,0.0
2021-06-11 00:00:00+09:00,1514.55013405768,1528.5737464100657,1495.8519842544986,1515.3292236328125,60900,0.0,0.0
2021-06-14 00:00:00+09:00,1527.015588148585,1543.376469450177,1526.2364985627948,1527.794677734375,46100,0.0,0.0
2021-06-15 00:00:00+09:00,1527.7947712457944,1527.7947712457944,1498.9684548071946,1505.201171875,64700,0.0,0.0
2021-06-16 00:00:00+09:00,1501.3057406214089,1543.3765813030675,1497.4102924101442,1525.45751953125,89900,0.0,0.0
2021-06-17 00:00:00+09:00,1511.4336276480346,1532.4690441153011,1511.4336276480346,1526.236328125,42300,0.0,0.0
2021-06-18 00:00:00+09:00,1529.352930057024,1529.352930057024,1492.7357177734375,1492.7357177734375,56100,0.0,0.0
2021-06-21 00:00:00+09:00,1480.2704819761323,1480.2704819761323,1453.0023415186772,1457.6768798828125,69000,0.0,0.0
2021-06-22 00:00:00+09:00,1489.619393262987,1502.0848275162339,1474.0376004464285,1499.74755859375,33000,0.0,0.0
2021-06-23 00:00:00+09:00,1499.7477513363485,1500.5268410773026,1474.8168796258224,1480.2705078125,27300,0.0,0.0
2021-06-24 00:00:00+09:00,1484.1656586425272,1494.2938232421875,1477.9329419658131,1494.2938232421875,20100,0.0,0.0
2021-06-25 00:00:00+09:00,1505.2010890120705,1505.2010890120705,1491.1774763815233,1496.631103515625,31900,0.0,0.0
2021-06-28 00:00:00+09:00,1504.42193704924,1504.42193704924,1491.9565041166722,1500.5264892578125,37600,0.0,0.0
2021-06-29 00:00:00+09:00,1484.1655874202388,1491.9564828922612,1477.932871042621,1488.06103515625,45100,0.0,0.0
2021-06-30 00:00:00+09:00,1483.386562087731,1497.4101745444425,1476.374755859375,1476.374755859375,54400,0.0,0.0
2021-07-01 00:00:00+09:00,1485.723987739627,1492.7357947085084,1481.049449760373,1483.38671875,29400,0.0,0.0
2021-07-02 00:00:00+09:00,1489.6191624051803,1505.200952806908,1488.8400728850938,1502.0845947265625,43300,0.0,0.0
2021-07-05 00:00:00+09:00,1502.0847992683082,1524.678398427427,1502.0847992683082,1510.65478515625,39700,0.0,0.0
2021-07-06 00:00:00+09:00,1511.4338861655992,1522.3411410142169,1502.0848105810696,1512.9920654296875,22400,0.0,0.0
2021-07-07 00:00:00+09:00,1511.433858110861,1529.3529193152679,1492.7357072888708,1523.8992919921875,70900,0.0,0.0
2021-07-08 00:00:00+09:00,1437.4203068195004,1453.7811883605352,1415.6057980981204,1416.3848876953125,366400,0.0,0.0
2021-07-09 00:00:00+09:00,1414.047522161078,1419.5011489683109,1392.2330149321467,1413.2684326171875,163000,0.0,0.0
2021-07-12 00:00:00+09:00,1437.4202788240523,1445.211174644237,1426.513024675794,1427.2921142578125,100300,0.0,0.0
2021-07-13 00:00:00+09:00,1437.4202512532374,1446.7693260581366,1432.745713850788,1438.1993408203125,74900,0.0,0.0
2021-07-14 00:00:00+09:00,1443.652938565341,1460.0138191427138,1442.8738490140374,1456.8974609375,48500,0.0,0.0
2021-07-15 00:00:00+09:00,1460.7932463264156,1464.688694983286,1442.0950927734375,1442.0950927734375,58900,0.0,0.0
2021-07-16 00:00:00+09:00,1442.0947886556871,1453.002042594736,1432.745713850788,1438.1993408203125,63300,0.0,0.0
2021-07-19 00:00:00+09:00,1434.3040491234651,1435.083138775352,1410.9313595668634,1411.71044921875,90100,0.0,0.0
2021-07-20 00:00:00+09:00,1402.3613167127503,1410.1522129167101,1395.3495101291867,1400.0240478515625,120700,0.0,0.0
2021-07-21 00:00:00+09:00,1417.1640195002738,1420.2803779818578,1400.0240478515625,1400.0240478515625,65600,0.0,0.0
2021-07-26 00:00:00+09:00,1421.8385263827395,1428.850332814216,1410.931271933776,1418.72216796875,54500,0.0,0.0
2021-07-27 00:00:00+09:00,1421.0592541127478,1421.838343616099,1411.7101800725322,1414.8265380859375,53300,0.0,0.0
2021-07-28 00:00:00+09:00,1407.8149641639807,1423.396756794462,1407.0358745324565,1412.489501953125,54100,0.0,0.0
2021-07-29 00:00:00+09:00,1419.5013457376174,1427.2922422564845,1408.5940906112032,1411.71044921875,43600,0.0,0.0
2021-07-30 00:00:00+09:00,1407.814904542096,1410.9312629362123,1403.1403669509214,1408.593994140625,53300,0.0,0.0
2021-08-02 00:00:00+09:00,1417.1639838604615,1434.303955078125,1413.268535856447,1434.303955078125,48800,0.0,0.0
2021-08-03 00:00:00+09:00,1435.8621019516243,1435.8621019516243,1418.7221311198632,1419.501220703125,36400,0.0,0.0
2021-08-04 00:00:00+09:00,1424.9549733008243,1424.9549733008243,1411.71044921875,1411.71044921875,36400,0.0,0.0
2021-08-05 00:00:00+09:00,1407.036025466622,1412.4896534723066,1400.8033077458397,1401.5823974609375,67700,0.0,0.0
2021-08-06 00:00:00+09:00,1402.3612197390894,1403.919398872133,1396.1285032069156,1396.9075927734375,68300,0.0,0.0
2021-08-10 00:00:00+09:00,1403.1402956136067,1414.0475494384764,1398.465758260091,1402.3612060546875,74300,0.0,0.0
2021-08-11 00:00:00+09:00,1404.6985094060944,1417.94303223466,1403.9194198279436,1409.373046875,47700,0.0,0.0
2021-08-12 00:00:00+09:00,1409.372973268826,1426.5129430929908,1409.372973268826,1410.93115234375,47300,0.0,0.0
2021-08-13 00:00:00+09:00,1410.9312605149676,1417.9430668896969,1408.5939917233911,1416.3848876953125,36200,0.0,0.0
2021-08-16 00:00:00+09:00,1417.942997233073,1423.3966241455078,1402.3612060546875,1402.3612060546875,108900,0.0,0.0
2021-08-17 00:00:00+09:00,1412.4894329952995,1415.605791369255,1398.4658203125,1398.4658203125,85400,0.0,0.0
2021-08-18 00:00:00+09:00,1400.8031772728864,1403.1404462004828,1389.1168326349034,1391.4541015625,111200,0.0,0.0
2021-08-19 00:00:00+09:00,1389.1167896642705,1393.7913273748627,1372.7559076771984,1374.3140869140625,140000,0.0,0.0
2021-08-20 00:00:00+09:00,1374.3141180630387,1380.54683515176,1354.8368771607848,1355.615966796875,141100,0.0,0.0
2021-08-23 00:00:00+09:00,1368.0814352062785,1379.7677800400452,1361.8487179616031,1362.6278076171875,88700,0.0,0.0
2021-08-24 00:00:00+09:00,1369.6395691603757,1392.2331684241133,1368.8604795305916,1386.779541015625,92700,0.0,0.0
2021-08-25 00:00:00+09:00,1388.337648826582,1392.233096775029,1379.767663339998,1380.5467529296875,90900,0.0,0.0
2021-08-26 00:00:00+09:00,1386.000400620019,1395.3494758349939,1381.3258630125315,1393.01220703125,106500,0.0,0.0
2021-08-27 00:00:00+09:00,1384.4422804827009,1388.337728655134,1360.2905018136162,1363.4068603515625,457000,0.0,0.0
2021-08-30 00:00:00+09:00,1371.7860599200842,1394.1304518210513,1366.1999619448425,1392.534423828125,309600,41.5,0.0
2021-08-31 00:00:00+09:00,1390.1401835726172,1406.8984751082228,1381.3620308634904,1401.3123779296875,142600,0.0,0.0
2021-09-01 00:00:00+09:00,1402.9083266510063,1409.2924373524897,1391.73613292341,1405.3023681640625,78100,0.0,0.0
2021-09-02 00:00:00+09:00,1405.3024964203705,1417.272705078125,1401.3124268677857,1417.272705078125,101000,0.0,0.0
2021-09-03 00:00:00+09:00,1418.070965730042,1438.8193310136553,1414.0808954831932,1424.455078125,112000,0.0,0.0
2021-09-06 00:00:00+09:00,1431.6370055032744,1440.4151588257582,1426.8489218728287,1435.6270751953125,72900,0.0,0.0
2021-09-07 00:00:00+09:00,1443.607213417512,1446.7992691685733,1430.040976475501,1433.2330322265625,82600,0.0,0.0
2021-09-08 00:00:00+09:00,1437.2231099323446,1451.587360892246,1437.2231099323446,1449.9913330078125,101800,0.0,0.0
2021-09-09 00:00:00+09:00,1445.2031690902668,1457.1733775587118,1444.4051551923703,1451.5872802734375,67200,0.0,0.0
2021-09-10 00:00:00+09:00,1453.9813345315458,1475.5277099609375,1449.9912650075844,1475.5277099609375,115200,0.0,0.0
2021-09-13 00:00:00+09:00,1469.941662128155,1494.6800940097905,1465.9515924698267,1493.882080078125,80200,0.0,0.0
2021-09-14 00:00:00+09:00,1501.8624317691201,1516.2266845703125,1493.882291324013,1516.2266845703125,101800,0.0,0.0
2021-09-15 00:00:00+09:00,1497.8720232010912,1500.2660647938474,1479.517704323294,1486.6998291015625,66900,0.0,0.0
2021-09-16 00:00:00+09:00,1486.6998653998585,1492.2859625860092,1466.7495183064625,1478.7197265625,55000,0.0,0.0
2021-09-17 00:00:00+09:00,1492.285926151327,1492.285926151327,1475.527635002034,1486.6998291015625,49400,0.0,0.0
2021-09-21 00:00:00+09:00,1468.345822595235,1468.345822595235,1452.385541914852,1461.1636962890625,55200,0.0,0.0
2021-09-22 00:00:00+09:00,1460.36551425663,1461.9615421410635,1449.9913330078125,1449.9913330078125,38200,0.0,0.0
2021-09-24 00:00:00+09:00,1460.3654457698842,1479.517779484899,1460.3654457698842,1475.5277099609375,102800,0.0,0.0
2021-09-27 00:00:00+09:00,1479.517779484899,1488.295932437614,1475.5277099609375,1475.5277099609375,46200,0.0,0.0
2021-09-28 00:00:00+09:00,1482.7098351040681,1482.7098351040681,1465.153529198638,1475.5277099609375,77600,0.0,0.0
2021-09-29 00:00:00+09:00,1460.3656437555258,1466.749755859375,1452.3855036257141,1466.749755859375,76600,0.0,0.0
2021-09-30 00:00:00+09:00,1474.7297709769036,1474.7297709769036,1461.1635339062286,1461.9615478515625,39000,0.0,0.0
2021-10-01 00:00:00+09:00,1453.1834248544899,1458.7695225886916,1437.2231456139134,1439.6171875,81200,0.0,0.0
2021-10-04 00:00:00+09:00,1457.1737833794036,1459.56782573983,1432.4353456549998,1441.2135009765625,63600,0.0,0.0
2021-10-05 00:00:00+09:00,1426.8489207244397,1442.8091994797467,1421.2628231600822,1433.2330322265625,62300,0.0,0.0
2021-10-06 00:00:00+09:00,1442.8092378773058,1446.0012937133174,1412.4847074351942,1427.64697265625,89700,0.0,0.0
2021-10-07 00:00:00+09:00,1426.0510576604916,1429.2431137492672,1402.9086510168686,1403.7066650390625,107000,0.0,0.0
2021-10-08 00:00:00+09:00,1406.8985230111834,1425.252842937024,1406.8985230111834,1414.878662109375,75100,0.0,0.0
2021-10-11 00:00:00+09:00,1396.5244544036323,1407.6966500388614,1373.3820491592294,1395.7264404296875,162300,0.0,0.0
2021-10-12 00:00:00+09:00,1395.7265166179138,1398.1205586704316,1380.5642502853007,1382.1602783203125,88500,0.0,0.0
2021-10-13 00:00:00+09:00,1380.5641633147127,1384.5542331508823,1369.3919677734375,1369.3919677734375,105100,0.0,0.0
2021-10-14 00:00:00+09:00,1369.391926323658,1374.9780239252113,1365.4018566082627,1367.7958984375,89800,0.0,0.0
2021-10-15 00:00:00+09:00,1372.583991117664,1390.140297980797,1369.391935324367,1386.9482421875,99200,0.0,0.0
2021-10-18 00:00:00+09:00,1402.1103388615425,1402.1103388615425,1379.7659509912392,1380.56396484375,69200,0.0,0.0
2021-10-19 00:00:00+09:00,1389.3421186391013,1392.534174052402,1381.3619801058499,1382.9580078125,34200,0.0,0.0
2021-10-20 00:00:00+09:00,1390.9384748758637,1390.9384748758637,1382.1603204159471,1386.150390625,40200,0.0,0.0
2021-10-21 00:00:00+09:00,1388.5443538458094,1402.1105917856823,1388.5443538458094,1392.534423828125,51900,0.0,0.0
2021-10-22 00:00:00+09:00,1392.534270186713,1418.0707152560396,1391.7362562782967,1410.090576171875,70700,0.0,0.0
2021-10-25 00:00:00+09:00,1404.5045130461165,1410.0906105411864,1394.1303319838441,1397.3223876953125,42800,0.0,0.0
2021-10-26 00:00:00+09:00,1406.8985512314105,1408.4945790830627,1389.3422448632364,1390.1402587890625,35200,0.0,0.0
2021-10-27 00:00:00+09:00,1396.524324642999,1399.716380242183,1381.362060546875,1381.362060546875,48100,0.0,0.0
2021-10-28 00:00:00+09:00,1382.160152849318,1382.160152849318,1372.5839855085605,1374.97802734375,66500,0.0,0.0
2021-10-29 00:00:00+09:00,1376.573934367192,1380.5640037421692,1357.4216013673006,1377.3719482421875,98400,0.0,0.0
2021-11-01 00:00:00+09:00,1393.3325144449868,1394.1305284853333,1363.00798091182,1378.96826171875,140400,0.0,0.0
2021-11-02 00:00:00+09:00,1372.5840236423733,1377.372107445777,1366.9979258717356,1369.3919677734375,58600,0.0,0.0
2021-11-04 00:00:00+09:00,1376.5740100468431,1380.5640796411817,1366.1998291015625,1366.1998291015625,93400,0.0,0.0
2021-11-05 00:00:00+09:00,1366.1998716875364,1371.7859692937354,1356.6237043626238,1370.18994140625,101900,0.0,0.0
2021-11-08 00:00:00+09:00,1374.1800515768412,1377.372107445777,1367.7959398389696,1369.3919677734375,57000,0.0,0.0
2021-11-09 00:00:00+09:00,1368.5939089419903,1370.1899368241386,1359.017741649102,1360.61376953125,91500,0.0,0.0
2021-11-10 00:00:00+09:00,1357.42175400425,1361.411823827896,1337.471404886022,1359.8157958984375,130000,0.0,0.0
2021-11-11 00:00:00+09:00,1355.027670800896,1363.805824145307,1351.835615039292,1358.2197265625,63800,0.0,0.0
2021-11-12 00:00:00+09:00,1355.0276257172623,1367.795848338862,1346.2494726649124,1349.4415283203125,114400,0.0,0.0
2021-11-15 00:00:00+09:00,1350.239822606721,1355.0279070840497,1331.087484697406,1334.279541015625,183000,0.0,0.0
2021-11-16 00:00:00+09:00,1340.6635300423156,1350.2396981140466,1330.2893479646073,1331.8853759765625,97100,0.0,0.0
2021-11-17 00:00:00+09:00,1332.683379306187,1332.683379306187,1305.5509033203125,1305.5509033203125,179500,0.0,0.0
2021-11-18 00:00:00+09:00,1306.348678662939,1316.722858762278,1295.9744985635998,1315.1268310546875,160800,0.0,0.0
2021-11-19 00:00:00+09:00,1314.3290553555166,1316.7230973506998,1292.7826773988688,1300.7628173828125,193000,0.0,0.0
2021-11-22 00:00:00+09:00,1307.1468991641893,1325.501220703125,1295.9747034448374,1325.501220703125,92200,0.0,0.0
2021-11-24 00:00:00+09:00,1330.289342204417,1337.4714682271162,1311.9350201464076,1317.5211181640625,93800,0.0,0.0
2021-11-25 00:00:00+09:00,1323.905023960468,1329.4911211079805,1312.732829665443,1314.328857421875,58400,0.0,0.0
2021-11-26 00:00:00+09:00,1306.3489084380099,1306.3489084380099,1278.4184186424507,1284.0045166015625,189400,0.0,0.0
2021-11-29 00:00:00+09:00,1276.8224206349207,1276.8224206349207,1250.4879582093254,1256.8720703125,191600,0.0,0.0
2021-11-30 00:00:00+09:00,1266.4480422064803,1287.9944172156643,1259.265917203419,1272.8321533203125,699700,0.0,0.0
2021-12-01 00:00:00+09:00,1266.4482018305011,1272.8323137489915,1254.477991983332,1267.2462158203125,112600,0.0,0.0
2021-12-02 00:00:00+09:00,1260.8620648408057,1284.802483793479,1258.4680229455382,1270.438232421875,80300,0.0,0.0
2021-12-03 00:00:00+09:00,1275.2262390098642,1291.9845312621842,1270.4381555092016,1279.21630859375,121500,0.0,0.0
2021-12-06 00:00:00+09:00,1284.8024954927885,1300.762774939904,1283.206467548077,1296.772705078125,116000,0.0,0.0
2021-12-07 00:00:00+09:00,1307.1468991641893,1329.4912906028935,1298.3687453846985,1325.501220703125,100200,0.0,0.0
2021-12-08 00:00:00+09:00,1334.2792202818628,1348.6434702609736,1328.693123067764,1343.057373046875,126700,0.0,0.0
2021-12-09 00:00:00+09:00,1343.85538562593,1345.4514133998325,1329.4911356608072,1340.663330078125,48500,0.0,0.0
2021-12-10 00:00:00+09:00,1345.4516981757624,1345.4516981757624,1331.8854592261848,1337.4715576171875,74700,0.0,0.0
2021-12-13 00:00:00+09:00,1349.4412741105284,1349.4412741105284,1321.5107923873654,1335.0770263671875,61900,0.0,0.0
2021-12-14 00:00:00+09:00,1328.6929162590359,1338.2690814212633,1327.096888731998,1335.0770263671875,69000,0.0,0.0
2021-12-15 00:00:00+09:00,1331.8855009515821,1343.8557121644483,1330.2894727898665,1341.461669921875,73900,0.0,0.0
2021-12-16 00:00:00+09:00,1351.8355374520283,1364.603759765625,1342.2593707168312,1364.603759765625,98200,0.0,0.0
2021-12-17 00:00:00+09:00,1365.4018588753634,1374.1800122638083,1361.411789153343,1372.583984375,114400,0.0,0.0
2021-12-20 00:00:00+09:00,1368.593978790466,1368.593978790466,1328.6932797003649,1332.683349609375,77400,0.0,0.0
2021-12-21 00:00:00+09:00,1340.6634575497787,1353.4316809550146,1339.8654435869514,1352.6336669921875,62200,0.0,0.0
2021-12-22 00:00:00+09:00,1357.4216674588122,1358.219681372662,1348.6435144064624,1349.4415283203125,52200,0.0,0.0
2021-12-23 00:00:00+09:00,1353.4317608173076,1359.8158728966346,1345.451620718149,1348.6436767578125,37500,0.0,0.0
2021-12-24 00:00:00+09:00,1348.64363841752,1374.1800860088576,1346.249596455832,1354.229736328125,66200,0.0,0.0
2021-12-27 00:00:00+09:00,1361.411782324104,1367.795893847312,1353.431642920094,1358.2197265625,77800,0.0,0.0
2021-12-28 00:00:00+09:00,1366.199715498555,1380.56396484375,1359.0175908259573,1380.56396484375,107400,0.0,0.0
2021-12-29 00:00:00+09:00,1381.3619530334993,1406.100382001748,1379.7659253581285,1405.3023681640625,82400,0.0,0.0
2021-12-30 00:00:00+09:00,1403.7063404886917,1410.8884650278605,1394.9281882741518,1405.3023681640625,56800,0.0,0.0
2022-01-04 00:00:00+09:00,1408.4945955832443,1423.6568603515625,1402.1104841018473,1423.6568603515625,106200,0.0,0.0
2022-01-05 00:00:00+09:00,1423.6570640756302,1431.6372045693277,1418.070965730042,1424.455078125,110300,0.0,0.0
2022-01-06 00:00:00+09:00,1410.8887496887448,1430.8390996560631,1402.110595703125,1402.110595703125,117200,0.0,0.0
2022-01-07 00:00:00+09:00,1330.2890754708715,1368.5937399115444,1325.5009924157873,1351.83544921875,359400,0.0,0.0
2022-01-11 00:00:00+09:00,1347.0476487379808,1365.4019709660456,1339.8655226487379,1348.6436767578125,134400,0.0,0.0
2022-01-12 00:00:00+09:00,1359.8158858301458,1385.3523343903364,1359.8158858301458,1382.1602783203125,70900,0.0,0.0
2022-01-13 00:00:00+09:00,1387.7463329341738,1394.1304448740666,1374.9781090543884,1375.776123046875,61600,0.0,0.0
2022-01-14 00:00:00+09:00,1379.7660327472831,1384.554116146059,1360.6136991521792,1381.362060546875,108200,0.0,0.0
2022-01-17 00:00:00+09:00,1378.9679759921785,1382.1600314921602,1372.5838649922146,1377.3719482421875,57800,0.0,0.0
2022-01-18 00:00:00+09:00,1380.564033737048,1382.160061521715,1355.825603074708,1357.421630859375,54400,0.0,0.0
2022-01-19 00:00:00+09:00,1348.6435119447792,1363.0077623678596,1340.6633728208456,1344.6534423828125,99700,0.0,0.0
2022-01-20 00:00:00+09:00,1356.6239060567339,1375.7762435540053,1352.6338357448021,1370.9881591796875,74200,0.0,0.0
2022-01-21 00:00:00+09:00,1356.623871078008,1386.150390625,1356.623871078008,1386.150390625,109000,0.0,0.0
2022-01-24 00:00:00+09:00,1382.9582558705677,1395.7264798139774,1375.7761299023998,1392.534423828125,59800,0.0,0.0
2022-01-25 00:00:00+09:00,1392.5343005665409,1392.5343005665409,1376.5740220500188,1390.1402587890625,52900,0.0,0.0
2022-01-26 00:00:00+09:00,1402.1106688887985,1402.908682929145,1376.5742195977105,1378.96826171875,75200,0.0,0.0
2022-01-27 00:00:00+09:00,1378.968089012926,1384.554186595733,1351.835615039292,1358.2197265625,87300,0.0,0.0
2022-01-28 00:00:00+09:00,1378.9681027042577,1392.5343398257696,1374.9780329626367,1386.9482421875,104100,0.0,0.0
2022-01-31 00:00:00+09:00,1386.9482066330402,1398.9184155510468,1380.5640952101032,1397.3223876953125,57200,0.0,0.0
2022-02-01 00:00:00+09:00,1404.5045920288296,1404.5045920288296,1390.9383544921875,1390.9383544921875,46500,0.0,0.0
2022-02-02 00:00:00+09:00,1404.5045591359774,1413.2827126305772,1395.7264056413774,1408.49462890625,86400,0.0,0.0
2022-02-03 00:00:00+09:00,1403.70666773179,1412.484821992762,1398.9185835894416,1410.8887939453125,63700,0.0,0.0
2022-02-04 00:00:00+09:00,1410.8886707684135,1413.2827126305772,1399.7164754116502,1408.49462890625,192700,0.0,0.0
2022-02-07 00:00:00+09:00,1404.5046376992032,1410.0907356900523,1400.5145677057394,1402.110595703125,95000,0.0,0.0
2022-02-08 00:00:00+09:00,1405.302579647627,1422.85888671875,1405.302579647627,1422.85888671875,79300,0.0,0.0
2022-02-09 00:00:00+09:00,1426.8487417815695,1431.6368248076822,1405.3023681640625,1405.3023681640625,122900,0.0,0.0
2022-02-10 00:00:00+09:00,1420.4649206142058,1420.4649206142058,1405.3026546076496,1409.292724609375,123700,0.0,0.0
2022-02-14 00:00:00+09:00,1400.5146071438917,1401.3126211650563,1374.978158466624,1398.9185791015625,184800,0.0,0.0
2022-02-15 00:00:00+09:00,1398.9186144414107,1404.5047127306805,1380.5642914909529,1383.75634765625,134500,0.0,0.0
2022-02-16 00:00:00+09:00,1409.2925966133191,1409.2925966133191,1392.5343041281099,1397.3223876953125,97500,0.0,0.0
2022-02-17 00:00:00+09:00,1391.7364820490368,1394.9285382005253,1363.8059907235113,1366.998046875,230900,0.0,0.0
2022-02-18 00:00:00+09:00,1363.0077746332909,1373.3819555877596,1351.8355797592476,1368.5938720703125,248100,0.0,0.0
2022-02-21 00:00:00+09:00,1365.4019011124321,1383.7562224014946,1355.825733483356,1376.5740966796875,185100,0.0,0.0
2022-02-22 00:00:00+09:00,1370.987870922423,1374.1799265008224,1358.2196486088267,1364.603759765625,262000,0.0,0.0
2022-02-24 00:00:00+09:00,1352.6338670538835,1355.8259233773144,1334.2795431941554,1341.461669921875,515600,0.0,0.0
2022-02-25 00:00:00+09:00,1348.416306818182,1357.4166583806818,1334.5066725852273,1350.052734375,312700,41.5,0.0
2022-02-28 00:00:00+09:00,1353.3257240700707,1401.600341796875,1352.5075102102944,1401.600341796875,204500,0.0,0.0
2022-03-01 00:00:00+09:00,1395.8726267732472,1395.8726267732472,1372.144428545566,1377.0537109375,141400,0.0,0.0
2022-03-02 00:00:00+09:00,1357.4165981565693,1363.1440943513228,1349.234460735493,1360.689453125,107100,0.0,0.0
2022-03-03 00:00:00+09:00,1364.780681844683,1381.1449586054105,1361.5078264925373,1370.5081787109375,117300,0.0,0.0
2022-03-04 00:00:00+09:00,1370.5081787109375,1379.5085309293377,1359.8713988164645,1370.5081787109375,92500,0.0,0.0
2022-03-07 00:00:00+09:00,1362.325908529823,1366.416977324207,1348.416274628918,1357.4166259765625,89700,0.0,0.0
2022-03-08 00:00:00+09:00,1341.0523832767879,1344.3252383915574,1279.6863498748605,1282.1409912109375,154500,0.0,0.0
2022-03-09 00:00:00+09:00,1282.1409332886137,1282.1409332886137,1252.6852385863865,1267.4130859375,122600,0.0,0.0
2022-03-10 00:00:00+09:00,1288.6867304730522,1306.6874340098186,1281.3228062989203,1300.1417236328125,78100,0.0,0.0
2022-03-11 00:00:00+09:00,1292.777841361465,1302.596407245223,1279.686420183121,1284.595703125,78200,0.0,0.0
2022-03-14 00:00:00+09:00,1288.6866690543702,1304.2327304588355,1280.5045314730726,1289.5048828125,71900,0.0,0.0
2022-03-15 00:00:00+09:00,1288.6866328401386,1306.6873350131436,1287.868419105002,1300.9598388671875,65900,0.0,0.0
2022-03-16 00:00:00+09:00,1314.8695111792633,1317.3241524571338,1302.596304789911,1310.7784423828125,84100,0.0,0.0
2022-03-17 00:00:00+09:00,1326.3246178260217,1326.3246178260217,1305.8692720853367,1318.960693359375,87300,0.0,0.0
2022-03-18 00:00:00+09:00,1318.9605477236578,1322.2334026807882,1304.2327004165697,1318.142333984375,97400,0.0,0.0
2022-03-22 00:00:00+09:00,1322.23345874922,1327.9609551670694,1306.687397043629,1311.5966796875,76500,0.0,0.0
2022-03-23 00:00:00+09:00,1327.9607840145334,1341.0522027109182,1318.142219992245,1335.32470703125,71600,0.0,0.0
2022-03-24 00:00:00+09:00,1318.9604883053032,1328.779052734375,1316.5058471980353,1328.779052734375,53200,0.0,0.0
2022-03-25 00:00:00+09:00,1337.779620871204,1337.779620871204,1324.6881995048805,1332.0521240234375,42300,0.0,0.0
2022-03-28 00:00:00+09:00,1340.234210493227,1340.234210493227,1328.7792172411482,1334.5067138671875,63100,0.0,0.0
2022-03-29 00:00:00+09:00,1341.0524061677818,1352.507399265005,1332.0520544485348,1350.8709716796875,54800,0.0,0.0
2022-03-30 00:00:00+09:00,1356.598515394595,1357.4167292157015,1335.3249560458257,1352.5074462890625,60500,0.0,0.0
2022-03-31 00:00:00+09:00,1354.9622725323932,1354.9622725323932,1339.416207811309,1341.870849609375,46300,0.0,0.0
2022-04-01 00:00:00+09:00,1333.6885000634677,1335.3249276709075,1321.4152930076689,1334.5067138671875,37800,0.0,0.0
2022-04-04 00:00:00+09:00,1325.5061353341962,1345.143263265073,1325.5061353341962,1343.5068359375,36300,0.0,0.0
2022-04-05 00:00:00+09:00,1350.0528468855891,1361.5078407379517,1350.0528468855891,1358.2349853515625,48500,0.0,0.0
2022-04-06 00:00:00+09:00,1359.0530516232584,1359.0530516232584,1334.5066388907494,1336.14306640625,26000,0.0,0.0
2022-04-07 00:00:00+09:00,1327.960898855767,1327.960898855767,1316.5059065058097,1318.142333984375,32200,0.0,0.0
2022-04-08 00:00:00+09:00,1318.1421029736239,1332.0517341036993,1316.5056757818502,1331.2335205078125,44400,0.0,0.0
2022-04-11 00:00:00+09:00,1331.233848774913,1331.233848774913,1314.8695728219332,1321.415283203125,49000,0.0,0.0
2022-04-12 00:00:00+09:00,1312.4148226928712,1320.5969599914552,1301.778044204712,1309.1419677734375,56300,0.0,0.0
2022-04-13 00:00:00+09:00,1309.141753418869,1332.8699476995862,1309.141753418869,1331.2335205078125,58200,0.0,0.0
2022-04-14 00:00:00+09:00,1345.9617071192665,1345.9617071192665,1325.5063620262686,1334.5067138671875,68300,0.0,0.0
2022-04-15 00:00:00+09:00,1329.5974272396304,1362.3259792947597,1323.8699306299827,1359.871337890625,85000,0.0,0.0
2022-04-18 00:00:00+09:00,1345.1435727504102,1374.5992714237768,1335.3250065259547,1371.326416015625,57400,0.0,0.0
2022-04-19 00:00:00+09:00,1371.326304045693,1391.7816486764461,1366.4170213343123,1384.417724609375,73300,0.0,0.0
2022-04-20 00:00:00+09:00,1390.9634539600818,1395.0545229423174,1375.4173918275867,1389.3270263671875,69200,0.0,0.0
2022-04-21 00:00:00+09:00,1389.3268530574846,1397.508990001286,1380.3265024193029,1391.781494140625,53100,0.0,0.0
2022-04-22 00:00:00+09:00,1374.5990420772823,1385.2358203790707,1367.2351186375824,1380.3265380859375,30400,0.0,0.0
2022-04-25 00:00:00+09:00,1358.23485888232,1368.8716378976633,1357.4166451119088,1362.325927734375,60200,0.0,0.0
2022-04-26 00:00:00+09:00,1370.5080654384853,1373.7809205201295,1358.23485888232,1362.325927734375,60200,0.0,0.0
2022-04-27 00:00:00+09:00,1366.4168621244885,1379.508281162807,1355.7800841558546,1374.5989990234375,83000,0.0,0.0
2022-04-28 00:00:00+09:00,1382.7812779472956,1382.7812779472956,1368.0534300164961,1379.5084228515625,64600,0.0,0.0
2022-05-02 00:00:00+09:00,1368.0533980918142,1390.1451694724835,1364.7805430724559,1386.872314453125,60500,0.0,0.0
2022-05-06 00:00:00+09:00,1385.236083984375,1392.6000088254025,1371.3264481735455,1385.236083984375,83800,0.0,0.0
2022-05-09 00:00:00+09:00,1386.8725019668875,1395.0546406215594,1380.3267910431498,1393.418212890625,38000,0.0,0.0
2022-05-10 00:00:00+09:00,1381.1448243325685,1408.1458783627668,1375.4173280231325,1404.0548095703125,81600,0.0,0.0
2022-05-11 00:00:00+09:00,1395.0546309186643,1407.3278388153094,1390.1453477600062,1401.600341796875,50800,0.0,0.0
2022-05-12 00:00:00+09:00,1396.6907327735298,1396.6907327735298,1384.4175277403706,1386.053955078125,55500,0.0,0.0
2022-05-13 00:00:00+09:00,1383.5994150140662,1408.9640405997764,1380.3265600997809,1406.5093994140625,57000,0.0,0.0
2022-05-16 00:00:00+09:00,1418.7827947160447,1426.1467192560933,1408.9642286626465,1413.0552978515625,62400,0.0,0.0
2022-05-17 00:00:00+09:00,1421.2372854355096,1425.3283541903616,1411.4187204238654,1416.3280029296875,42400,0.0,0.0
2022-05-18 00:00:00+09:00,1420.4192646383,1420.4192646383,1408.1460567065176,1418.7828369140625,44300,0.0,0.0
2022-05-19 00:00:00+09:00,1390.1450198840544,1418.782498221866,1389.3268062172597,1415.5096435546875,33600,0.0,0.0
2022-05-20 00:00:00+09:00,1409.7824425004296,1415.509939364912,1407.32780098708,1413.0552978515625,22400,0.0,0.0
2022-05-23 00:00:00+09:00,1422.0556548469713,1423.6920825280379,1407.327805717371,1408.9642333984375,44700,0.0,0.0
2022-05-24 00:00:00+09:00,1405.6914731732536,1405.6914731732536,1390.963623046875,1390.963623046875,30100,0.0,0.0
2022-05-25 00:00:00+09:00,1387.6905752799057,1397.5091406710371,1386.0541477147171,1388.5087890625,28900,0.0,0.0
2022-05-26 00:00:00+09:00,1393.4180115816887,1404.8730040433113,1391.781584087171,1399.1455078125,28000,0.0,0.0
2022-05-27 00:00:00+09:00,1409.7822627764547,1409.7822627764547,1395.0544155739149,1398.3272705078125,22300,0.0,0.0
2022-05-30 00:00:00+09:00,1409.7821478871251,1422.0553528890443,1406.5092932199468,1415.5096435546875,59000,0.0,0.0
2022-05-31 00:00:00+09:00,1415.5099065402685,1422.055617090744,1408.1459821709839,1420.419189453125,49300,0.0,0.0
2022-06-01 00:00:00+09:00,1422.0556219597058,1438.4198983919234,1418.7827666732624,1437.6016845703125,69300,0.0,0.0
2022-06-02 00:00:00+09:00,1438.4199687610974,1442.5110380692915,1426.9649746981534,1440.056396484375,35800,0.0,0.0
2022-06-03 00:00:00+09:00,1447.420152878013,1459.693359375,1443.3290840456837,1459.693359375,79500,0.0,0.0
2022-06-06 00:00:00+09:00,1451.5111919494004,1459.6933294462967,1439.237985704056,1441.692626953125,42000,0.0,0.0
2022-06-07 00:00:00+09:00,1447.4201381315434,1459.6933445034897,1441.692641824635,1450.6929931640625,32000,0.0,0.0
2022-06-08 00:00:00+09:00,1458.056984205304,1481.7851842849639,1457.2387704094535,1478.5123291015625,88700,0.0,0.0
2022-06-09 00:00:00+09:00,1479.3304722145233,1490.7854648091047,1472.7847621604767,1476.0576171875,67300,0.0,0.0
2022-06-10 00:00:00+09:00,1470.330062883298,1480.1486275770096,1460.5114981895865,1461.3297119140625,47500,0.0,0.0
2022-06-13 00:00:00+09:00,1456.4204658181081,1456.4204658181081,1442.5108321558005,1449.874755859375,54200,0.0,0.0
2022-06-14 00:00:00+09:00,1440.0561844124784,1448.238321823913,1427.7829782953268,1432.6922607421875,50100,0.0,0.0
2022-06-15 00:00:00+09:00,1432.6923357711103,1449.0566114509631,1431.055908203125,1431.055908203125,58000,0.0,0.0
2022-06-16 00:00:00+09:00,1449.8749628240412,1454.7842459938743,1437.6017548994585,1440.056396484375,45400,0.0,0.0
2022-06-17 00:00:00+09:00,1410.600573488403,1444.965552656914,1405.6912907500443,1444.1473388671875,53200,0.0,0.0
2022-06-20 00:00:00+09:00,1442.5108034711996,1448.2382995711987,1399.9636895854921,1406.5093994140625,67800,0.0,0.0
2022-06-21 00:00:00+09:00,1415.509694243725,1442.5107462148483,1415.509694243725,1438.419677734375,22800,0.0,0.0
2022-06-22 00:00:00+09:00,1447.4202976628012,1451.511366904358,1433.510662241508,1439.2381591796875,22500,0.0,0.0
2022-06-23 00:00:00+09:00,1439.238149656961,1452.3295711433234,1439.238149656961,1447.4202880859375,12200,0.0,0.0
2022-06-24 00:00:00+09:00,1452.3293385348,1452.3293385348,1431.0557820266847,1435.1468505859375,54800,0.0,0.0
2022-06-27 00:00:00+09:00,1456.4204615398144,1463.7843852217572,1444.147255403243,1453.9658203125,29000,0.0,0.0
2022-06-28 00:00:00+09:00,1460.511407767777,1479.330322265625,1448.2382026604846,1479.330322265625,65000,0.0,0.0
2022-06-29 00:00:00+09:00,1471.9667354356372,1487.512798789321,1464.6028106891556,1482.603515625,64000,0.0,0.0
2022-06-30 00:00:00+09:00,1482.6034170530545,1499.7859069857884,1478.512348021451,1483.421630859375,74500,0.0,0.0
2022-07-01 00:00:00+09:00,1486.6944286293306,1491.6037112775286,1462.9662291630395,1468.6937255859375,46000,0.0,0.0
2022-07-04 00:00:00+09:00,1478.5121752365044,1489.148953475616,1475.2393203937008,1485.8760986328125,33900,0.0,0.0
2022-07-05 00:00:00+09:00,1489.148957596373,1490.785385022303,1476.8757519018973,1481.7850341796875,39700,0.0,0.0
2022-07-06 00:00:00+09:00,1473.6030793440968,1492.4219970703125,1473.6030793440968,1492.4219970703125,40900,0.0,0.0
2022-07-07 00:00:00+09:00,1501.4222283440668,1517.7865033123944,1497.3311596019848,1513.6954345703125,107000,0.0,0.0
2022-07-08 00:00:00+09:00,1431.8741455078125,1456.4205594308035,1429.4195041155133,1431.8741455078125,289800,0.0,0.0
2022-07-11 00:00:00+09:00,1435.9649855761552,1449.0564042480746,1424.5099942382258,1440.874267578125,130600,0.0,0.0
2022-07-12 00:00:00+09:00,1436.783508128268,1450.693143457528,1436.783508128268,1447.4202880859375,48200,0.0,0.0
2022-07-13 00:00:00+09:00,1449.0566216055463,1458.0569732925371,1444.1473388671875,1444.1473388671875,41900,0.0,0.0
2022-07-14 00:00:00+09:00,1445.7837106152838,1454.7840619547112,1441.692641824635,1450.6929931640625,28900,0.0,0.0
2022-07-15 00:00:00+09:00,1452.3294722562455,1458.8751825537383,1440.8744792356329,1448.2384033203125,35700,0.0,0.0
2022-07-19 00:00:00+09:00,1451.5112539887764,1454.7841091274206,1440.8744747881822,1452.3294677734375,45600,0.0,0.0
2022-07-20 00:00:00+09:00,1462.9661865234375,1467.8754690285498,1456.4204765166212,1462.9661865234375,55700,0.0,0.0
2022-07-21 00:00:00+09:00,1462.96631345227,1480.1488037109375,1459.6934581649048,1480.1488037109375,59600,0.0,0.0
2022-07-22 00:00:00+09:00,1480.1489776915491,1485.0582611996472,1469.5121967573368,1477.6943359375,43000,0.0,0.0
2022-07-25 00:00:00+09:00,1485.0578377081251,1491.6035471856267,1480.966769284687,1484.2396240234375,51800,0.0,0.0
2022-07-26 00:00:00+09:00,1484.239639608305,1504.6949819402826,1480.1485711419093,1493.239990234375,56500,0.0,0.0
2022-07-27 00:00:00+09:00,1491.6036935181,1494.8765485779313,1484.2397696334797,1485.0579833984375,47700,0.0,0.0
2022-07-28 00:00:00+09:00,1493.2401548827058,1501.4222927176795,1478.512306779753,1498.9676513671875,51100,0.0,0.0
2022-07-29 00:00:00+09:00,1493.2399547205562,1493.2399547205562,1478.5121085918056,1479.330322265625,50600,0.0,0.0
2022-08-01 00:00:00+09:00,1483.4216451142963,1492.4219970703125,1480.148789857563,1492.4219970703125,43900,0.0,0.0
2022-08-02 00:00:00+09:00,1485.0579921902051,1485.876205960007,1476.8758544921875,1476.8758544921875,65800,0.0,0.0
2022-08-03 00:00:00+09:00,1478.5125498555165,1484.2400472816307,1475.239694183451,1477.6943359375,36800,0.0,0.0
2022-08-04 00:00:00+09:00,1485.0579703909452,1498.1493905156037,1483.4215428753628,1497.3311767578125,59200,0.0,0.0
2022-08-05 00:00:00+09:00,1496.5130803495401,1505.513432391008,1494.8766527056368,1501.42236328125,37500,0.0,0.0
2022-08-08 00:00:00+09:00,1503.8766106112357,1510.42231947135,1491.6034064985217,1504.69482421875,46100,0.0,0.0
2022-08-09 00:00:00+09:00,1512.0590764188219,1512.0590764188219,1494.8765869140625,1494.8765869140625,38800,0.0,0.0
2022-08-10 00:00:00+09:00,1494.8762609285786,1508.7858922563214,1485.0576976384075,1504.69482421875,48000,0.0,0.0
2022-08-12 00:00:00+09:00,1512.8769602938928,1513.695173901407,1503.0583970037214,1504.69482421875,61600,0.0,0.0
2022-08-15 00:00:00+09:00,1506.3315194171407,1509.6043744294539,1499.7858093925145,1505.5133056640625,41800,0.0,0.0
2022-08-16 00:00:00+09:00,1505.5133292028788,1509.6043980322345,1498.9676190759099,1506.33154296875,41200,0.0,0.0
2022-08-17 00:00:00+09:00,1513.695524071031,1530.8780138037293,1512.877310274236,1521.0594482421875,68100,0.0,0.0
2022-08-18 00:00:00+09:00,1513.6953874067826,1522.695738358931,1508.786105069247,1512.0589599609375,41200,0.0,0.0
2022-08-19 00:00:00+09:00,1519.4229632226882,1519.4229632226882,1503.8769016711367,1506.33154296875,49000,0.0,0.0
2022-08-22 00:00:00+09:00,1502.2404506517494,1507.149733170219,1496.512954380201,1505.5133056640625,53100,0.0,0.0
2022-08-23 00:00:00+09:00,1501.4222025073495,1503.0586299760225,1491.6036376953125,1491.6036376953125,53000,0.0,0.0
2022-08-24 00:00:00+09:00,1491.6036655453288,1491.6036655453288,1480.966886800354,1488.330810546875,72800,0.0,0.0
2022-08-25 00:00:00+09:00,1489.1489217679796,1494.0582039276542,1480.1485711419093,1493.239990234375,52700,0.0,0.0
2022-08-26 00:00:00+09:00,1491.6036935181,1493.2401210480157,1485.0579833984375,1485.0579833984375,82800,0.0,0.0
2022-08-29 00:00:00+09:00,1472.7846479023974,1504.6949819402826,1467.8753657427228,1493.239990234375,280800,0.0,0.0
2022-08-30 00:00:00+09:00,1488.635214701186,1497.8449938697536,1471.8901616674268,1491.14697265625,204000,41.5,0.0
2022-08-31 00:00:00+09:00,1490.309614328895,1497.0076350674517,1480.2625832210597,1495.3331298828125,65300,0.0,0.0
2022-09-01 00:00:00+09:00,1479.4255291528195,1483.6117926761722,1461.005969650068,1464.35498046875,105800,0.0,0.0
2022-09-02 00:00:00+09:00,1476.0765625141612,1476.0765625141612,1439.237442406037,1443.4237060546875,97300,0.0,0.0
2022-09-05 00:00:00+09:00,1438.3999901214775,1451.796031938674,1425.8412009178558,1448.447021484375,86800,0.0,0.0
2022-09-06 00:00:00+09:00,1455.9822494664143,1468.541038277223,1455.9822494664143,1461.843017578125,55000,0.0,0.0
2022-09-07 00:00:00+09:00,1456.8197297036545,1461.005993294757,1440.0746753392445,1457.656982421875,70900,0.0,0.0
2022-09-08 00:00:00+09:00,1461.843080251809,1497.8449430529704,1461.843080251809,1497.0076904296875,133200,0.0,0.0
2022-09-09 00:00:00+09:00,1490.3095918142942,1511.240906306068,1488.6350866549524,1502.0311279296875,66200,0.0,0.0
2022-09-12 00:00:00+09:00,1502.031199436728,1516.264493968737,1502.031199436728,1507.8919677734375,52300,0.0,0.0
2022-09-13 00:00:00+09:00,1510.4037694123547,1520.4508011379357,1502.0312429743706,1512.91552734375,69700,0.0,0.0
2022-09-14 00:00:00+09:00,1481.9371934876824,1499.5194991731294,1481.9371934876824,1491.14697265625,43600,0.0,0.0
2022-09-15 00:00:00+09:00,1491.1467893464223,1507.891840321677,1486.9605266026088,1500.3565673828125,34100,0.0,0.0
2022-09-16 00:00:00+09:00,1496.1705162656294,1500.3567796015714,1490.309747595311,1491.9842529296875,26000,0.0,0.0
2022-09-20 00:00:00+09:00,1490.3097751551106,1498.6823019818248,1486.960764424425,1492.821533203125,39400,0.0,0.0
2022-09-21 00:00:00+09:00,1486.1234916139283,1491.1470076419191,1476.9137122292786,1481.0999755859375,65700,0.0,0.0
2022-09-22 00:00:00+09:00,1466.0291912821199,1490.309514838477,1466.0291912821199,1488.635009765625,38700,0.0,0.0
2022-09-26 00:00:00+09:00,1473.5647561961207,1483.6117886247307,1456.8197021484375,1456.8197021484375,74100,0.0,0.0
2022-09-27 00:00:00+09:00,1466.8665723160498,1471.052835364897,1459.331298828125,1459.331298828125,47800,0.0,0.0
2022-09-28 00:00:00+09:00,1455.1451733063234,1467.7039636398072,1442.5863829728396,1463.5177001953125,67500,0.0,0.0
2022-09-29 00:00:00+09:00,1482.7744140625,1490.309687764681,1476.9136456274705,1482.7744140625,44700,0.0,0.0
2022-09-30 00:00:00+09:00,1466.866613954271,1473.5646350225554,1434.2137612463848,1438.4000244140625,61000,0.0,0.0
2022-10-03 00:00:00+09:00,1430.0276860590582,1437.5629607514068,1420.8179058795208,1436.7257080078125,48500,0.0,0.0
2022-10-04 00:00:00+09:00,1452.6332617299877,1460.1685351337744,1451.796009129567,1455.14501953125,43000,0.0,0.0
2022-10-05 00:00:00+09:00,1469.3784808237617,1472.727491606266,1460.168701171875,1460.168701171875,29800,0.0,0.0
2022-10-06 00:00:00+09:00,1460.1686935294535,1479.4255054280645,1460.1686935294535,1471.052978515625,40300,0.0,0.0
2022-10-07 00:00:00+09:00,1461.0058410159577,1484.4489146826893,1461.0058410159577,1475.2391357421875,54900,0.0,0.0
2022-10-11 00:00:00+09:00,1473.5647443018922,1502.0313359531788,1453.4706796068663,1460.168701171875,92400,0.0,0.0
2022-10-12 00:00:00+09:00,1460.1686935294535,1472.727483898113,1455.14517738199,1471.052978515625,40300,0.0,0.0
2022-10-13 00:00:00+09:00,1465.1919896711693,1469.3782524988012,1445.9351806640625,1445.9351806640625,40000,0.0,0.0
2022-10-14 00:00:00+09:00,1474.4018164394665,1488.6351105220733,1463.5175327292375,1476.91357421875,61800,0.0,0.0
2022-10-17 00:00:00+09:00,1473.5647046722954,1478.588220710951,1462.680419921875,1462.680419921875,32700,0.0,0.0
2022-10-18 00:00:00+09:00,1471.8900310583433,1483.6115671418568,1465.1920104391927,1476.0762939453125,28300,0.0,0.0
2022-10-19 00:00:00+09:00,1470.2155598586521,1477.7508332292261,1465.1920442782696,1466.029296875,33500,0.0,0.0
2022-10-20 00:00:00+09:00,1461.005993294757,1466.02950960408,1453.4707188307725,1457.656982421875,31200,0.0,0.0
2022-10-21 00:00:00+09:00,1449.2843364828752,1454.307852380563,1437.5627993882708,1439.2373046875,51300,0.0,0.0
2022-10-24 00:00:00+09:00,1442.586501324763,1442.586501324763,1425.8414461729956,1430.0277099609375,59000,0.0,0.0
2022-10-25 00:00:00+09:00,1434.213918491377,1439.2374348433607,1427.5158966887318,1428.3531494140625,38000,0.0,0.0
2022-10-26 00:00:00+09:00,1435.8882896021792,1441.7490581311677,1430.864773720189,1431.7020263671875,26100,0.0,0.0
2022-10-27 00:00:00+09:00,1435.888317293204,1435.888317293204,1427.5157906617567,1432.539306640625,25700,0.0,0.0
2022-10-28 00:00:00+09:00,1427.5157702327406,1435.8882967443697,1417.4687384187857,1420.8177490234375,112000,0.0,0.0
2022-10-31 00:00:00+09:00,1435.0509373163925,1435.0509373163925,1423.329401072268,1425.00390625,40900,0.0,0.0
2022-11-01 00:00:00+09:00,1433.3765155333579,1435.0510208085136,1425.0039891575789,1427.5157470703125,24900,0.0,0.0
2022-11-02 00:00:00+09:00,1427.5159278282754,1443.4237299565668,1427.5159278282754,1436.7257080078125,52400,0.0,0.0
2022-11-04 00:00:00+09:00,1436.7256252736427,1436.7256252736427,1425.00408753831,1434.2138671875,32900,0.0,0.0
2022-11-07 00:00:00+09:00,1435.050947322402,1440.074462890625,1430.0274317541787,1440.074462890625,25500,0.0,0.0
2022-11-08 00:00:00+09:00,1431.7020308409687,1442.5863152859586,1430.8647781913542,1439.2373046875,24600,0.0,0.0
2022-11-09 00:00:00+09:00,1439.2374348433607,1440.911940294022,1428.3531494140625,1428.3531494140625,28100,0.0,0.0
2022-11-10 00:00:00+09:00,1425.841158838866,1430.8646743720622,1420.8176433056697,1425.00390625,40900,0.0,0.0
2022-11-11 00:00:00+09:00,1441.749141445928,1443.4236468366898,1431.702109101357,1434.2138671875,40500,0.0,0.0
2022-11-14 00:00:00+09:00,1440.074552837171,1444.2608160721627,1425.0040051912006,1431.7020263671875,33400,0.0,0.0
2022-11-15 00:00:00+09:00,1433.3765086128492,1445.9352981158825,1433.3765086128492,1438.4000244140625,26700,0.0,0.0
2022-11-16 00:00:00+09:00,1445.098215251731,1450.958984375,1438.4001933965667,1450.958984375,37500,0.0,0.0
2022-11-17 00:00:00+09:00,1448.4469383606418,1455.1449588848527,1445.9351806640625,1445.9351806640625,27700,0.0,0.0
2022-11-18 00:00:00+09:00,1450.1216805293643,1461.0059656603582,1450.1216805293643,1456.8197021484375,33500,0.0,0.0
2022-11-21 00:00:00+09:00,1457.6569430849968,1461.005953867501,1454.3079323024924,1460.168701171875,34300,0.0,0.0
2022-11-22 00:00:00+09:00,1461.8431948175148,1471.8902270843018,1461.8431948175148,1463.5177001953125,61200,0.0,0.0
2022-11-24 00:00:00+09:00,1469.3783072619217,1469.3783072619217,1465.1920442782696,1466.029296875,44600,0.0,0.0
2022-11-25 00:00:00+09:00,1474.4018440570778,1484.448875362407,1474.4018440570778,1477.7508544921875,49000,0.0,0.0
2022-11-28 00:00:00+09:00,1486.123558782762,1486.9608114919356,1474.4020208543348,1479.425537109375,50200,0.0,0.0
2022-11-29 00:00:00+09:00,1474.4018228423045,1476.9135806324957,1460.1685286978868,1466.029296875,60400,0.0,0.0
2022-11-30 00:00:00+09:00,1461.8431190684541,1467.7038875870562,1446.7725714491917,1450.12158203125,45500,0.0,0.0
2022-12-01 00:00:00+09:00,1467.7037023691714,1468.5409549090282,1437.5626109343225,1440.91162109375,63700,0.0,0.0
2022-12-02 00:00:00+09:00,1443.4235058029262,1452.6332845522488,1425.8412009178558,1448.447021484375,92900,0.0,0.0
2022-12-05 00:00:00+09:00,1454.3079795837402,1454.3079795837402,1434.2139142354329,1446.772705078125,35000,0.0,0.0
2022-12-06 00:00:00+09:00,1440.0744015381283,1450.1214322465337,1440.0744015381283,1449.2841796875,35500,0.0,0.0
2022-12-07 00:00:00+09:00,1446.7724220103985,1460.1684629549393,1445.0979168923309,1449.2841796875,63100,0.0,0.0
2022-12-08 00:00:00+09:00,1449.2843364828752,1450.1215891324898,1429.1902728921248,1439.2373046875,71900,0.0,0.0
2022-12-09 00:00:00+09:00,1433.3766185304153,1445.0981562987715,1431.7021131349359,1441.7491455078125,74400,0.0,0.0
2022-12-12 00:00:00+09:00,1444.2607470449693,1457.6567887566907,1444.2607470449693,1451.7960205078125,69400,0.0,0.0
2022-12-13 00:00:00+09:00,1460.168712957974,1469.3784926842,1456.8197021484375,1456.8197021484375,63200,0.0,0.0
2022-12-14 00:00:00+09:00,1465.1920719233822,1466.8665771484375,1454.3077879605228,1466.8665771484375,41300,0.0,0.0
2022-12-15 00:00:00+09:00,1464.3548144867416,1469.3783301453582,1458.4940462183554,1459.331298828125,62600,0.0,0.0
2022-12-16 00:00:00+09:00,1454.307861328125,1458.494124601954,1446.7725874352332,1454.307861328125,69900,0.0,0.0
2022-12-19 00:00:00+09:00,1446.7724836482557,1455.1450095952944,1440.074462890625,1440.074462890625,52000,0.0,0.0
2022-12-20 00:00:00+09:00,1447.6099620966672,1448.4472148219977,1417.4688639847643,1428.3531494140625,132300,0.0,0.0
2022-12-21 00:00:00+09:00,1425.0040634245563,1429.1903268306214,1411.608020525148,1414.95703125,128900,0.0,0.0
2022-12-22 00:00:00+09:00,1426.678507956842,1450.9588346767646,1421.6549920837545,1450.12158203125,83500,0.0,0.0
2022-12-23 00:00:00+09:00,1448.4468939524622,1448.4468939524622,1435.8881058546085,1440.91162109375,37000,0.0,0.0
2022-12-26 00:00:00+09:00,1440.074683295356,1447.6099578009712,1435.8884196811252,1446.772705078125,39000,0.0,0.0
2022-12-27 00:00:00+09:00,1456.8195247320914,1467.7038085375611,1452.6332617299877,1455.14501953125,54600,0.0,0.0
2022-12-28 00:00:00+09:00,1457.6568807313924,1470.2156706285612,1455.98237541177,1469.37841796875,61400,0.0,0.0
2022-12-29 00:00:00+09:00,1467.7038620635951,1476.0763883731422,1458.4940831230936,1475.2391357421875,51700,0.0,0.0
2022-12-30 00:00:00+09:00,1478.588220710951,1485.2862420958252,1462.680419921875,1462.680419921875,77500,0.0,0.0
2023-01-04 00:00:00+09:00,1461.0058986168915,1463.517656608783,1448.447108657434,1458.494140625,65000,0.0,0.0
2023-01-05 00:00:00+09:00,1456.8196031953667,1456.8196031953667,1436.725539703017,1450.12158203125,76400,0.0,0.0
2023-01-06 00:00:00+09:00,1440.0743685538932,1457.6566718908884,1436.7253583944655,1440.91162109375,92600,0.0,0.0
2023-01-10 00:00:00+09:00,1429.1901805864206,1439.237211732898,1414.9568864622443,1421.6549072265625,201600,0.0,0.0
2023-01-11 00:00:00+09:00,1430.027548651191,1445.098096587796,1425.8412853354673,1432.539306640625,105200,0.0,0.0
2023-01-12 00:00:00+09:00,1436.7256724039714,1448.4472105238174,1430.0276506212024,1446.772705078125,61100,0.0,0.0
2023-01-13 00:00:00+09:00,1437.562771780527,1445.9352981158825,1436.7255191469915,1438.4000244140625,71500,0.0,0.0
2023-01-16 00:00:00+09:00,1438.3999075743252,1450.9586960572208,1438.3999075743252,1445.9351806640625,51300,0.0,0.0
2023-01-17 00:00:00+09:00,1452.633466112552,1458.4942351400955,1448.4472025214495,1457.656982421875,49700,0.0,0.0
2023-01-18 00:00:00+09:00,1457.6567546411889,1473.5645538015465,1455.144996879027,1461.843017578125,65800,0.0,0.0
2023-01-19 00:00:00+09:00,1464.3550510971313,1478.5883477630268,1464.3550510971313,1470.2158203125,49000,0.0,0.0
2023-01-20 00:00:00+09:00,1470.215893885352,1483.6119384765625,1470.215893885352,1483.6119384765625,69100,0.0,0.0
2023-01-23 00:00:00+09:00,1486.1235310780232,1490.3097945458485,1476.0764987552423,1478.5882568359375,71900,0.0,0.0
2023-01-24 00:00:00+09:00,1486.123380579962,1487.7978857975168,1476.0763492746325,1477.7508544921875,52800,0.0,0.0
2023-01-25 00:00:00+09:00,1477.7508254441009,1498.682140252091,1475.239067667142,1495.3331298828125,53600,0.0,0.0
2023-01-26 00:00:00+09:00,1495.333303004453,1495.333303004453,1486.9607761119307,1489.4725341796875,38600,0.0,0.0
2023-01-27 00:00:00+09:00,1486.1235234226785,1491.984292247444,1482.7745126656698,1489.4725341796875,78500,0.0,0.0
2023-01-30 00:00:00+09:00,1489.472389293771,1509.566451881208,1489.472389293771,1496.17041015625,121400,0.0,0.0
2023-01-31 00:00:00+09:00,1496.1703046389987,1507.891840321677,1495.333052090236,1500.3565673828125,59300,0.0,0.0
2023-02-01 00:00:00+09:00,1502.031183255542,1507.8919515291143,1495.3331623714591,1503.7056884765625,61200,0.0,0.0
2023-02-02 00:00:00+09:00,1495.3332431154554,1498.6822537383343,1479.4254426567802,1480.2626953125,76500,0.0,0.0
2023-02-03 00:00:00+09:00,1480.2627581193085,1481.1000108105525,1461.8431989119415,1471.052978515625,226900,0.0,0.0
2023-02-06 00:00:00+09:00,1477.7509575874851,1491.9842529296875,1476.9137049202968,1491.9842529296875,77200,0.0,0.0
2023-02-07 00:00:00+09:00,1488.6354551982665,1494.496224706921,1483.6119384765625,1483.6119384765625,102000,0.0,0.0
2023-02-08 00:00:00+09:00,1481.9371614289244,1487.797929863954,1480.262656161773,1482.7744140625,62000,0.0,0.0
2023-02-09 00:00:00+09:00,1475.2391128453833,1489.4724073507018,1475.2391128453833,1481.9371337890625,88700,0.0,0.0
2023-02-10 00:00:00+09:00,1475.239410607056,1487.7982024113157,1475.239410607056,1483.6119384765625,186100,0.0,0.0
2023-02-13 00:00:00+09:00,1488.6350826062198,1491.9840929157951,1471.0527784809494,1476.0762939453125,141000,0.0,0.0
2023-02-14 00:00:00+09:00,1488.6352656040815,1491.9842763253505,1483.611749522178,1485.2862548828125,83300,0.0,0.0
2023-02-15 00:00:00+09:00,1490.3097316074318,1493.6587422402574,1486.1234683163998,1487.7979736328125,107800,0.0,0.0
2023-02-16 00:00:00+09:00,1494.4960701937657,1501.194091796875,1491.9843120925998,1501.194091796875,125800,0.0,0.0
2023-02-17 00:00:00+09:00,1504.5431025984296,1508.729366100373,1501.194091796875,1501.194091796875,303900,0.0,0.0
2023-02-20 00:00:00+09:00,1501.1937810786255,1506.2172962411864,1498.682023497345,1502.8682861328125,198400,0.0,0.0
2023-02-21 00:00:00+09:00,1502.8685142474467,1503.7057669016235,1491.146977088971,1498.6822509765625,186800,0.0,0.0
2023-02-22 00:00:00+09:00,1496.1705162656294,1502.0312849359482,1487.7979895937458,1491.9842529296875,236300,0.0,0.0
2023-02-24 00:00:00+09:00,1492.8212558076907,1502.8682861328125,1489.4722456993168,1502.8682861328125,585900,0.0,0.0
2023-02-27 00:00:00+09:00,1483.584605608259,1502.4401003069195,1476.7280620814731,1499.868896484375,474700,41.5,0.0
2023-02-28 00:00:00+09:00,1502.4400886478677,1505.8683603846569,1487.8699337665134,1492.1552734375,125500,0.0,0.0
2023-03-01 00:00:00+09:00,1492.1552125429778,1497.297619938301,1479.2991940546697,1487.869873046875,135200,0.0,0.0
2023-03-02 00:00:00+09:00,1485.2986569330906,1502.4400147742112,1485.2986569330906,1497.297607421875,97300,0.0,0.0
2023-03-03 00:00:00+09:00,1500.726012696981,1517.8673720653073,1497.2977408233155,1505.0113525390625,164000,0.0,0.0
2023-03-06 00:00:00+09:00,1506.7253785223024,1512.7248538634037,1498.1546994635862,1504.1541748046875,82600,0.0,0.0
2023-03-07 00:00:00+09:00,1507.5824457388865,1524.7238038484816,1504.1541741169674,1521.2955322265625,120600,0.0,0.0
2023-03-08 00:00:00+09:00,1523.009654977657,1547.8646240234375,1519.5813833851355,1547.8646240234375,247900,0.0,0.0
2023-03-09 00:00:00+09:00,1549.5787590209695,1576.1478638493159,1546.1504874302152,1573.57666015625,182400,0.0,0.0
2023-03-10 00:00:00+09:00,1564.1487163920515,1568.4340553410707,1539.2937504877393,1544.4361572265625,104400,0.0,0.0
2023-03-13 00:00:00+09:00,1536.7227421666053,1536.7227421666053,1507.582433614645,1522.152587890625,69200,0.0,0.0
2023-03-14 00:00:00+09:00,1497.297717201355,1509.2966685698834,1475.0139503740882,1498.15478515625,85100,0.0,0.0
2023-03-15 00:00:00+09:00,1514.4391473292228,1520.4386232948734,1511.010875348851,1518.7244873046875,44400,0.0,0.0
2023-03-16 00:00:00+09:00,1487.869787744729,1495.5833983954792,1478.442041393812,1493.8692626953125,56100,0.0,0.0
2023-03-17 00:00:00+09:00,1500.725964425223,1505.8683720703125,1496.440624720982,1499.868896484375,69600,0.0,0.0
2023-03-20 00:00:00+09:00,1493.8694093058946,1496.4406131084866,1487.8699337665134,1492.1552734375,52600,0.0,0.0
2023-03-22 00:00:00+09:00,1517.0101318359375,1525.580810546875,1505.0111816406252,1517.0101318359375,54500,0.0,0.0
2023-03-23 00:00:00+09:00,1499.8688225273613,1522.152587890625,1499.8688225273613,1522.152587890625,34400,0.0,0.0
2023-03-24 00:00:00+09:00,1512.724828854262,1525.5808472297938,1508.4394893957513,1523.0096435546875,37300,0.0,0.0
2023-03-27 00:00:00+09:00,1534.1516236102136,1544.436438964025,1529.0092159333078,1533.2945556640625,48300,0.0,0.0
2023-03-28 00:00:00+09:00,1541.8652104516725,1551.2929577084642,1533.2945311273163,1535.0086669921875,53500,0.0,0.0
2023-03-29 00:00:00+09:00,1542.7222406456726,1554.72119140625,1535.008629442444,1554.72119140625,86500,0.0,0.0
2023-03-30 00:00:00+09:00,1553.0071176695387,1559.0065932896748,1536.7228267005976,1541.865234375,41000,0.0,0.0
2023-03-31 00:00:00+09:00,1544.436365327381,1548.7217048538166,1525.5808714110644,1529.8662109375,38800,0.0,0.0
2023-04-03 00:00:00+09:00,1538.4366826979356,1548.721496175582,1529.866004799897,1544.4361572265625,43600,0.0,0.0
2023-04-04 00:00:00+09:00,1547.8647346815003,1547.8647346815003,1535.008715290458,1540.151123046875,45300,0.0,0.0
2023-04-05 00:00:00+09:00,1538.437038707787,1538.437038707787,1517.010339004336,1519.58154296875,43900,0.0,0.0
2023-04-06 00:00:00+09:00,1516.1532351535957,1517.8673710893263,1509.296691410674,1513.58203125,43100,0.0,0.0
2023-04-07 00:00:00+09:00,1510.1536865234375,1517.0102299355756,1508.439550670403,1510.1536865234375,41600,0.0,0.0
2023-04-10 00:00:00+09:00,1509.2965087890625,1521.2954588873286,1507.5823730607387,1509.2965087890625,38900,0.0,0.0
2023-04-11 00:00:00+09:00,1509.2965331479209,1519.581347683852,1507.5823973919323,1516.153076171875,28500,0.0,0.0
2023-04-12 00:00:00+09:00,1516.1532710161978,1528.1522228501303,1511.0108630873697,1519.58154296875,65200,0.0,0.0
2023-04-13 00:00:00+09:00,1519.5813112940107,1536.7226684434072,1517.0101077216011,1535.8656005859375,61800,0.0,0.0
2023-04-14 00:00:00+09:00,1540.1510745868013,1546.1505501138506,1529.0091914651382,1535.0086669921875,103700,0.0,0.0
2023-04-17 00:00:00+09:00,1518.7242675781251,1529.00908203125,1495.5834350585938,1508.439453125,136400,0.0,0.0
2023-04-18 00:00:00+09:00,1523.8665044810207,1535.0083855599032,1515.295826728034,1529.0089111328125,67200,0.0,0.0
2023-04-19 00:00:00+09:00,1523.866723687799,1535.8656742680182,1516.1531126005157,1522.152587890625,42000,0.0,0.0
2023-04-20 00:00:00+09:00,1520.438379015853,1531.5802611619667,1517.0101075862794,1527.294921875,36400,0.0,0.0
2023-04-21 00:00:00+09:00,1523.0097403102511,1538.4369633409683,1523.0097403102511,1533.2945556640625,30900,0.0,0.0
2023-04-24 00:00:00+09:00,1535.0086429615203,1537.5798467185748,1527.2950316903568,1528.152099609375,33600,0.0,0.0
2023-04-25 00:00:00+09:00,1534.1514892578125,1545.2933715820313,1525.580810546875,1525.580810546875,64500,0.0,0.0
2023-04-26 00:00:00+09:00,1521.2954957021307,1521.2954957021307,1509.2965453134943,1515.2960205078125,57700,0.0,0.0
2023-04-27 00:00:00+09:00,1509.2964844165442,1518.724230770083,1505.0111451649354,1511.0106201171875,50100,0.0,0.0
2023-04-28 00:00:00+09:00,1521.2955322265625,1528.1520754704006,1513.5819210772447,1521.2955322265625,51600,0.0,0.0
2023-05-01 00:00:00+09:00,1534.151538195295,1534.151538195295,1517.0101802266324,1530.7232666015625,33900,0.0,0.0
2023-05-02 00:00:00+09:00,1530.7232791868398,1531.5803470923195,1517.0101926991638,1521.2955322265625,30800,0.0,0.0
2023-05-08 00:00:00+09:00,1530.7233273300096,1538.4369387219301,1527.295055600267,1535.0086669921875,56600,0.0,0.0
2023-05-09 00:00:00+09:00,1532.4374026736698,1538.4368779637794,1522.152587890625,1522.152587890625,73800,0.0,0.0
2023-05-10 00:00:00+09:00,1528.152087773922,1528.152087773922,1517.8672728253594,1520.4384765625,42500,0.0,0.0
2023-05-11 00:00:00+09:00,1523.8666504454266,1529.0090575897868,1519.5813111584596,1527.294921875,41500,0.0,0.0
2023-05-12 00:00:00+09:00,1529.866307534041,1540.151123046875,1527.2951036558325,1540.151123046875,57400,0.0,0.0
2023-05-15 00:00:00+09:00,1542.7222044479802,1555.57822281838,1542.7222044479802,1548.7216796875,79300,0.0,0.0
2023-05-16 00:00:00+09:00,1551.2926620440894,1551.2926620440894,1534.1513066623868,1538.4366455078125,42900,0.0,0.0
2023-05-17 00:00:00+09:00,1542.7222169056236,1542.7222169056236,1529.009130533129,1539.2939453125,42200,0.0,0.0
2023-05-18 00:00:00+09:00,1542.7221192488914,1547.0074584690271,1539.2938478727826,1546.150390625,33800,0.0,0.0
2023-05-19 00:00:00+09:00,1542.722143445696,1543.579211303166,1532.437329156058,1535.8656005859375,23700,0.0,0.0
2023-05-22 00:00:00+09:00,1541.008056640625,1543.5792602946415,1532.437377793903,1541.008056640625,26000,0.0,0.0
2023-05-23 00:00:00+09:00,1541.0081179140668,1546.150525426572,1531.5803708078072,1536.7227783203125,37600,0.0,0.0
2023-05-24 00:00:00+09:00,1536.7227787995566,1538.436914637593,1528.152099609375,1528.152099609375,32000,0.0,0.0
2023-05-25 00:00:00+09:00,1526.4378540176067,1535.8656004489337,1523.009582588033,1527.294921875,53400,0.0,0.0
2023-05-26 00:00:00+09:00,1535.8656619302194,1535.8656619302194,1521.2955077712832,1523.0096435546875,45300,0.0,0.0
2023-05-29 00:00:00+09:00,1534.1515745640597,1540.1510499953158,1529.0091670515546,1536.7227783203125,47200,0.0,0.0
2023-05-30 00:00:00+09:00,1536.722754179797,1536.722754179797,1518.7243281687674,1529.8662109375,49000,0.0,0.0
2023-05-31 00:00:00+09:00,1525.581021262657,1527.2951572416039,1502.440185546875,1502.440185546875,89800,0.0,0.0
2023-06-01 00:00:00+09:00,1511.0107307784056,1511.0107307784056,1492.1552366904164,1494.7264404296875,74600,0.0,0.0
2023-06-02 00:00:00+09:00,1502.4399416139704,1514.4388915184745,1501.5828737636486,1511.0106201171875,48900,0.0,0.0
2023-06-05 00:00:00+09:00,1531.5803224717088,1531.5803224717088,1515.2960325293682,1523.0096435546875,61900,0.0,0.0
2023-06-06 00:00:00+09:00,1520.4384883382115,1528.152099609375,1514.4390129050844,1528.152099609375,41500,0.0,0.0
2023-06-07 00:00:00+09:00,1530.7232791868398,1535.8656866197184,1515.2960568882042,1521.2955322265625,56300,0.0,0.0
2023-06-08 00:00:00+09:00,1522.1525635870335,1528.1520387813516,1506.7253416587864,1515.2960205078125,57800,0.0,0.0
2023-06-09 00:00:00+09:00,1515.2960205078125,1526.4379030115465,1512.7248168531046,1515.2960205078125,81000,0.0,0.0
2023-06-12 00:00:00+09:00,1525.580590573151,1527.294726068177,1518.724048593047,1523.866455078125,35700,0.0,0.0
2023-06-13 00:00:00+09:00,1529.8661499023438,1533.2944213867188,1520.4384033203125,1525.580810546875,47300,0.0,0.0
2023-06-14 00:00:00+09:00,1534.1515745640597,1537.5798462390633,1528.1520991328036,1536.7227783203125,71500,0.0,0.0
2023-06-15 00:00:00+09:00,1536.722729615146,1539.2939332899064,1530.7232543740383,1531.580322265625,66100,0.0,0.0
2023-06-16 00:00:00+09:00,1533.294458255113,1533.294458255113,1522.1525756629853,1523.0096435546875,51800,0.0,0.0
2023-06-19 00:00:00+09:00,1530.7233395709673,1534.151611328125,1523.8667960566515,1534.151611328125,29800,0.0,0.0
2023-06-20 00:00:00+09:00,1534.1516236102136,1534.1516236102136,1523.866808256402,1533.2945556640625,30300,0.0,0.0
2023-06-21 00:00:00+09:00,1529.8662349703054,1541.8651858328176,1529.8662349703054,1536.7227783203125,33400,0.0,0.0
2023-06-22 00:00:00+09:00,1536.722754179797,1539.2939578956582,1524.7238035057774,1529.8662109375,46900,0.0,0.0
2023-06-23 00:00:00+09:00,1535.0086183692226,1535.8656862745097,1524.7238035057774,1529.8662109375,39300,0.0,0.0
2023-06-26 00:00:00+09:00,1528.15179381569,1532.437132553255,1522.152319583099,1523.866455078125,26500,0.0,0.0
2023-06-27 00:00:00+09:00,1525.5808348517023,1533.2944458144357,1519.5813596584653,1532.4373779296875,39200,0.0,0.0
2023-06-28 00:00:00+09:00,1539.2940182834202,1546.1505617947048,1534.1516106499566,1542.7222900390625,73300,0.0,0.0
2023-06-29 00:00:00+09:00,1545.293506157935,1545.293506157935,1535.865758754864,1541.865234375,39400,0.0,0.0
2023-06-30 00:00:00+09:00,1541.8652589656806,1544.436462843889,1538.4369871280692,1540.151123046875,39300,0.0,0.0
2023-07-03 00:00:00+09:00,1547.0077127947366,1563.2920045083654,1546.1506448098087,1562.4349365234375,81800,0.0,0.0
2023-07-04 00:00:00+09:00,1561.577600530058,1574.4336180975392,1557.2922613408975,1572.719482421875,57300,0.0,0.0
2023-07-05 00:00:00+09:00,1569.2912475719202,1575.2907225762913,1563.291772567549,1570.1483154296875,69200,0.0,0.0
2023-07-06 00:00:00+09:00,1566.719970703125,1578.7189201505232,1556.4351568910695,1566.719970703125,100200,0.0,0.0
2023-07-07 00:00:00+09:00,1658.4264038464646,1687.5667127512604,1656.7122680285354,1657.5693359375,751400,0.0,0.0
2023-07-10 00:00:00+09:00,1628.429137703002,1664.4259923259106,1625.8579338013658,1632.7144775390625,199800,0.0,0.0
2023-07-11 00:00:00+09:00,1640.4279672475961,1645.5703746684349,1609.573522722563,1615.572998046875,109400,0.0,0.0
2023-07-12 00:00:00+09:00,1619.0010864903688,1631.0000357814567,1612.1445440383186,1619.858154296875,60800,0.0,0.0
2023-07-13 00:00:00+09:00,1619.8583502347085,1619.8583502347085,1597.5745845701042,1606.145263671875,78000,0.0,0.0
2023-07-14 00:00:00+09:00,1601.0028566024844,1601.0028566024844,1583.861498394749,1597.5745849609375,80500,0.0,0.0
2023-07-18 00:00:00+09:00,1602.7168945573335,1611.287573137854,1601.0027588412295,1604.4310302734375,43200,0.0,0.0
2023-07-19 00:00:00+09:00,1605.2880861319827,1623.2865110165378,1603.5739504286917,1613.8587646484375,66900,0.0,0.0
2023-07-20 00:00:00+09:00,1621.572510284521,1624.1437140534713,1613.0018310546875,1613.0018310546875,30500,0.0,0.0
2023-07-21 00:00:00+09:00,1614.7159669006542,1617.2871706696042,1604.431151824854,1613.0018310546875,49300,0.0,0.0
2023-07-24 00:00:00+09:00,1631.0002199842309,1631.0002199842309,1618.1442014346967,1624.1436767578125,40100,0.0,0.0
2023-07-25 00:00:00+09:00,1628.428955078125,1628.428955078125,1616.4300048828127,1628.428955078125,47900,0.0,0.0
2023-07-26 00:00:00+09:00,1628.4290037525413,1636.1426148229482,1623.2865963722702,1633.5714111328125,40100,0.0,0.0
2023-07-27 00:00:00+09:00,1636.9995850629816,1642.141992136478,1629.2859744527373,1640.4278564453125,50800,0.0,0.0
2023-07-28 00:00:00+09:00,1644.7132567726558,1655.8551391791407,1635.2855101210148,1653.283935546875,88300,0.0,0.0
2023-07-31 00:00:00+09:00,1666.9970337795892,1670.4253053143543,1660.1404907100587,1660.99755859375,109500,0.0,0.0
2023-08-01 00:00:00+09:00,1662.7115847798698,1668.7110595703125,1658.4262456438391,1668.7110595703125,74000,0.0,0.0
2023-08-02 00:00:00+09:00,1660.9976321392178,1666.1400396690606,1655.855224609375,1655.855224609375,84700,0.0,0.0
2023-08-03 00:00:00+09:00,1649.8557625236092,1649.8557625236092,1631.000268094768,1637.8568115234375,91000,0.0,0.0
2023-08-04 00:00:00+09:00,1637.8568115234375,1652.4269663093603,1633.571471880519,1637.8568115234375,45500,0.0,0.0
2023-08-07 00:00:00+09:00,1636.9999135255691,1642.9993896484375,1629.2863013675951,1642.9993896484375,61400,0.0,0.0
2023-08-08 00:00:00+09:00,1644.7135488534905,1653.2842291497566,1639.5711406757307,1649.85595703125,53000,0.0,0.0
2023-08-09 00:00:00+09:00,1647.284558737858,1649.8557625236092,1637.8568115234375,1637.8568115234375,69400,0.0,0.0
2023-08-10 00:00:00+09:00,1642.1421865882714,1652.427001953125,1633.5715071175603,1652.427001953125,52600,0.0,0.0
2023-08-14 00:00:00+09:00,1653.2839111454557,1664.4257933874935,1651.5697754159114,1654.998046875,54100,0.0,0.0
2023-08-15 00:00:00+09:00,1654.9980100762573,1656.7121457676878,1646.4273316191043,1648.99853515625,55900,0.0,0.0
2023-08-16 00:00:00+09:00,1645.5704105648535,1645.5704105648535,1635.2855954988233,1638.7138671875,64400,0.0,0.0
2023-08-17 00:00:00+09:00,1636.999866820711,1636.999866820711,1617.2873029794146,1629.2862548828125,88000,0.0,0.0
2023-08-18 00:00:00+09:00,1624.143701262154,1629.286108759554,1618.1442258485208,1622.4295654296875,52300,0.0,0.0
2023-08-21 00:00:00+09:00,1619.8583006783458,1633.5713868216544,1619.8583006783458,1626.71484375,43400,0.0,0.0
2023-08-22 00:00:00+09:00,1627.5719606425719,1628.4290285523364,1614.715941996106,1623.28662109375,68800,0.0,0.0
2023-08-23 00:00:00+09:00,1621.5725939653053,1633.5715455062746,1619.858458030881,1632.7144775390625,39700,0.0,0.0
2023-08-24 00:00:00+09:00,1633.5713015563806,1643.8561156270398,1631.0000980387158,1641.284912109375,55000,0.0,0.0
2023-08-25 00:00:00+09:00,1640.4279540505936,1651.5698367061098,1635.2855466711248,1642.14208984375,83200,0.0,0.0
2023-08-28 00:00:00+09:00,1642.141992136478,1648.1414670555569,1636.9995850629816,1640.4278564453125,140100,0.0,0.0
2023-08-29 00:00:00+09:00,1646.4273927849144,1646.4273927849144,1619.001220703125,1619.001220703125,362400,0.0,0.0
2023-08-30 00:00:00+09:00,1628.2027552715615,1656.2449986346885,1623.8211547460728,1642.223876953125,308500,41.5,0.0
2023-08-31 00:00:00+09:00,1638.718435456635,1654.4921957979288,1636.9657954187135,1650.110595703125,131900,0.0,0.0
2023-09-01 00:00:00+09:00,1646.6054774786135,1650.1107578990043,1630.8317155868547,1642.223876953125,104400,0.0,0.0
2023-09-04 00:00:00+09:00,1641.3474407327585,1653.6159213362068,1632.584240301724,1651.86328125,103600,0.0,0.0
2023-09-05 00:00:00+09:00,1639.5948486328125,1648.3580493203208,1636.0895683578092,1639.5948486328125,93300,0.0,0.0
2023-09-06 00:00:00+09:00,1634.3367838324073,1643.0999837457177,1631.707823858414,1638.7183837890625,96400,0.0,0.0
2023-09-07 00:00:00+09:00,1632.5842767759812,1634.3369169013445,1619.4394758357557,1620.3157958984375,131300,0.0,0.0
2023-09-08 00:00:00+09:00,1595.7788992936644,1605.4184203767124,1587.0156983090753,1599.2841796875,201400,0.0,0.0
2023-09-11 00:00:00+09:00,1606.294563877765,1614.181443896805,1594.026083848148,1601.9129638671875,120000,0.0,0.0
2023-09-12 00:00:00+09:00,1603.665647165747,1618.5630876038988,1603.665647165747,1617.686767578125,64600,0.0,0.0
2023-09-13 00:00:00+09:00,1612.4289153343022,1622.0684360238008,1610.676275208939,1620.3157958984375,67600,0.0,0.0
2023-09-14 00:00:00+09:00,1616.8104702753833,1623.8210305801003,1615.9341502372936,1618.5631103515625,44500,0.0,0.0
2023-09-15 00:00:00+09:00,1625.573721936954,1635.2132426600301,1622.9447617397514,1629.955322265625,100700,0.0,0.0
2023-09-19 00:00:00+09:00,1629.9552291478867,1640.4710693359375,1620.3157089755066,1640.4710693359375,77100,0.0,0.0
2023-09-20 00:00:00+09:00,1637.8421197579012,1639.5947598004457,1622.068359375,1622.068359375,108600,0.0,0.0
2023-09-21 00:00:00+09:00,1637.842257153044,1645.7291380061085,1626.4500959208399,1627.326416015625,106800,0.0,0.0
2023-09-22 00:00:00+09:00,1626.4499799250534,1643.1000605385104,1615.934139537607,1636.9658203125,164500,0.0,0.0
2023-09-25 00:00:00+09:00,1643.1001175281613,1657.99755859375,1637.8421971520713,1657.99755859375,126600,0.0,0.0
2023-09-26 00:00:00+09:00,1665.0081133601643,1667.637073539154,1648.3580322265625,1648.3580322265625,182000,0.0,0.0
2023-09-27 00:00:00+09:00,1648.3580549282678,1650.9870151434645,1626.450053134963,1649.234375,192500,0.0,0.0
2023-09-28 00:00:00+09:00,1648.3580095007064,1659.7501701192652,1642.2237691676362,1647.481689453125,64800,0.0,0.0
2023-09-29 00:00:00+09:00,1659.7501844646822,1671.1423451817047,1643.100103416726,1652.7396240234375,107600,0.0,0.0
2023-10-02 00:00:00+09:00,1666.7607906794144,1676.4003115508517,1653.6159894910909,1654.4923095703125,114500,0.0,0.0
2023-10-03 00:00:00+09:00,1651.8632295396592,1654.492189586672,1632.5841891948994,1640.4710693359375,73900,0.0,0.0
2023-10-04 00:00:00+09:00,1619.439619724527,1624.6975405677883,1594.026335648763,1597.5316162109375,123600,0.0,0.0
2023-10-05 00:00:00+09:00,1601.036678864465,1624.6973194388167,1601.036678864465,1622.068359375,81400,0.0,0.0
2023-10-06 00:00:00+09:00,1632.5841891948994,1646.6053094456338,1626.449949085203,1640.4710693359375,124900,0.0,0.0
2023-10-10 00:00:00+09:00,1625.573656205442,1636.0894965690352,1604.5419754782556,1613.30517578125,194400,0.0,0.0
2023-10-11 00:00:00+09:00,1620.3157930839477,1644.8527547964143,1618.5631529616287,1634.3369140625,107100,0.0,0.0
2023-10-12 00:00:00+09:00,1642.2238118050877,1642.2238118050877,1615.9342096950809,1625.57373046875,67400,0.0,0.0
2023-10-13 00:00:00+09:00,1621.1921330960695,1630.8316538874515,1608.923652088856,1611.5526123046875,65200,0.0,0.0
2023-10-16 00:00:00+09:00,1611.5526941472833,1624.6974958939986,1609.800053914388,1619.4395751953125,56900,0.0,0.0
2023-10-17 00:00:00+09:00,1623.8209746627563,1637.842094789364,1623.8209746627563,1635.213134765625,45900,0.0,0.0
2023-10-18 00:00:00+09:00,1643.1001883481906,1651.8633893527142,1636.0896275445716,1646.60546875,67500,0.0,0.0
2023-10-19 00:00:00+09:00,1643.100103416726,1658.8738644095265,1637.8421830857924,1652.7396240234375,66100,0.0,0.0
2023-10-20 00:00:00+09:00,1657.997459286681,1666.7606593886192,1655.3684992560998,1658.873779296875,57000,0.0,0.0
2023-10-23 00:00:00+09:00,1656.2448358358504,1665.008036025458,1649.2342756841642,1650.110595703125,55100,0.0,0.0
2023-10-24 00:00:00+09:00,1659.7501242803182,1659.7501242803182,1631.7078835321818,1645.72900390625,78500,0.0,0.0
2023-10-25 00:00:00+09:00,1665.008050566189,1665.008050566189,1653.6158902202098,1655.3685302734375,70700,0.0,0.0
2023-10-26 00:00:00+09:00,1655.3685698813579,1661.502810214428,1643.976409262799,1647.481689453125,62900,0.0,0.0
2023-10-27 00:00:00+09:00,1656.2449184683867,1657.99755859375,1646.6053977788881,1657.99755859375,62500,0.0,0.0
2023-10-30 00:00:00+09:00,1657.9974842335596,1661.5027643270766,1645.72900390625,1645.72900390625,229400,0.0,0.0
2023-10-31 00:00:00+09:00,1645.7290551615795,1657.1212158203125,1634.3368945028465,1657.1212158203125,83400,0.0,0.0
2023-11-01 00:00:00+09:00,1665.0081474240087,1670.2660678895581,1659.750226958459,1668.513427734375,92400,0.0,0.0
2023-11-02 00:00:00+09:00,1665.0080543470283,1679.0291748046875,1665.0080543470283,1679.0291748046875,91300,0.0,0.0
2023-11-06 00:00:00+09:00,1682.5344029164476,1685.1633629210046,1665.884322887587,1667.636962890625,83700,0.0,0.0
2023-11-07 00:00:00+09:00,1667.636962890625,1676.4001629058148,1665.008002886068,1667.636962890625,44800,0.0,0.0
2023-11-08 00:00:00+09:00,1664.1318445739423,1665.8844847472692,1649.2344031006633,1659.750244140625,78800,0.0,0.0
2023-11-09 00:00:00+09:00,1654.4923150342283,1668.513436348078,1645.7291142130725,1664.1318359375,57500,0.0,0.0
2023-11-10 00:00:00+09:00,1665.884411094217,1686.0397721963566,1656.244890567107,1685.1634521484375,70600,0.0,0.0
2023-11-13 00:00:00+09:00,1686.9161235099662,1693.9266840232542,1679.9055629966779,1681.658203125,49100,0.0,0.0
2023-11-14 00:00:00+09:00,1686.9160466985986,1693.0502868684116,1683.4107666015625,1683.4107666015625,25000,0.0,0.0
2023-11-15 00:00:00+09:00,1684.2872993607955,1692.174180575284,1671.1424973366477,1686.916259765625,54100,0.0,0.0
2023-11-16 00:00:00+09:00,1685.163277607064,1686.039597564218,1666.7605585068306,1673.7711181640625,29200,0.0,0.0
2023-11-17 00:00:00+09:00,1672.8949098512953,1693.0502702109495,1672.8949098512953,1692.1739501953125,35500,0.0,0.0
2023-11-20 00:00:00+09:00,1691.297786918253,1693.9267472087995,1673.7713849812762,1674.647705078125,34400,0.0,0.0
2023-11-21 00:00:00+09:00,1674.6477778764206,1688.6689000355113,1673.7714577414772,1686.916259765625,41900,0.0,0.0
2023-11-22 00:00:00+09:00,1686.9160527768342,1697.4318931058326,1679.0291725300854,1693.05029296875,43400,0.0,0.0
2023-11-24 00:00:00+09:00,1694.8029726755476,1694.8029726755476,1681.658171956761,1685.1634521484375,29600,0.0,0.0
2023-11-27 00:00:00+09:00,1685.1634521484375,1698.308252867224,1683.410812052599,1685.1634521484375,49300,0.0,0.0
2023-11-28 00:00:00+09:00,1693.926655836839,1710.5767367788462,1687.7924154897837,1708.8240966796875,87500,0.0,0.0
2023-11-29 00:00:00+09:00,1708.824196077115,1709.7005161776674,1697.4320347699343,1707.9478759765625,37200,0.0,0.0
2023-11-30 00:00:00+09:00,1707.0714481597665,1713.2056884765625,1690.4213672998922,1713.2056884765625,36700,0.0,0.0
2023-12-01 00:00:00+09:00,1714.081983413309,1735.1136641913863,1712.3293433484691,1726.3504638671875,68400,0.0,0.0
2023-12-04 00:00:00+09:00,1722.8452064208366,1734.2373669922865,1718.463606201048,1727.226806640625,50800,0.0,0.0
2023-12-05 00:00:00+09:00,1727.22684639747,1743.8769276159132,1714.082045435541,1719.3399658203125,59300,0.0,0.0
2023-12-06 00:00:00+09:00,1719.3400580008545,1749.134941778647,1717.5874177786313,1746.5059814453125,63100,0.0,0.0
2023-12-07 00:00:00+09:00,1744.7533726756928,1747.3823330564198,1736.8664915335125,1743.000732421875,38500,0.0,0.0
2023-12-08 00:00:00+09:00,1739.4954785749906,1747.382359838051,1726.3506764698898,1729.85595703125,79200,0.0,0.0
2023-12-11 00:00:00+09:00,1743.0006643796617,1743.0006643796617,1730.7321830818662,1740.3717041015625,33300,0.0,0.0
2023-12-12 00:00:00+09:00,1739.4954519142393,1745.6296928026018,1734.2375311527858,1743.000732421875,39000,0.0,0.0
2023-12-13 00:00:00+09:00,1743.0006132594717,1743.0006132594717,1720.2162915175177,1728.9794921875,47200,0.0,0.0
2023-12-14 00:00:00+09:00,1734.237616638122,1738.6192174886478,1723.72177459686,1736.8665771484375,66100,0.0,0.0
2023-12-15 00:00:00+09:00,1736.8664042413263,1737.7427243241927,1725.4742431640625,1725.4742431640625,84100,0.0,0.0
2023-12-18 00:00:00+09:00,1721.9689345713105,1721.9689345713105,1702.6898930646596,1714.9583740234375,58700,0.0,0.0
2023-12-19 00:00:00+09:00,1728.1033167505698,1731.60859731193,1719.3401153471693,1729.85595703125,59700,0.0,0.0
2023-12-20 00:00:00+09:00,1735.1137523555276,1757.0217542792084,1732.4847921246858,1743.876953125,71100,0.0,0.0
2023-12-21 00:00:00+09:00,1743.8768019256747,1743.8768019256747,1727.2267219072887,1733.3609619140625,42900,0.0,0.0
2023-12-22 00:00:00+09:00,1735.990108942711,1750.8875505641274,1732.484828561201,1750.01123046875,59600,0.0,0.0
2023-12-25 00:00:00+09:00,1755.2691165619576,1773.6718382033962,1755.2691165619576,1767.53759765625,68000,0.0,0.0
2023-12-26 00:00:00+09:00,1770.16657518996,1776.300815797054,1755.269133715589,1758.7744140625,53300,0.0,0.0
2023-12-27 00:00:00+09:00,1767.53755222065,1771.0428324431996,1761.4033118311881,1765.784912109375,48700,0.0,0.0
2023-12-28 00:00:00+09:00,1764.9085442480518,1779.805984790364,1764.9085442480518,1778.0533447265625,64600,0.0,0.0
2023-12-29 00:00:00+09:00,1778.0534213893686,1785.9403020165269,1767.5375805531573,1776.30078125,57900,0.0,0.0
2024-01-04 00:00:00+09:00,1778.0533874839705,1794.7034684904738,1763.1559465834148,1793.8271484375,97300,0.0,0.0
2024-01-05 00:00:00+09:00,1798.208680274202,1808.7245205097236,1787.6928400386803,1791.1981201171875,77300,0.0,0.0
2024-01-09 00:00:00+09:00,1817.4878438557514,1840.2721659098738,1810.4772832237138,1828.8800048828125,146800,0.0,0.0
2024-01-10 00:00:00+09:00,1741.248074598823,1764.9087177866277,1726.3506325916865,1751.763916015625,592300,0.0,0.0
2024-01-11 00:00:00+09:00,1778.9297586723785,1783.3113590631972,1753.5164764056303,1767.53759765625,196500,0.0,0.0
2024-01-12 00:00:00+09:00,1773.671869663593,1778.0534701321296,1759.6507481642761,1764.0323486328125,96700,0.0,0.0
2024-01-15 00:00:00+09:00,1770.1666398344953,1782.4351214967146,1770.1666398344953,1775.424560546875,36500,0.0,0.0
2024-01-16 00:00:00+09:00,1772.7956356759798,1778.9298766298762,1756.1455530868334,1757.898193359375,110000,0.0,0.0
2024-01-17 00:00:00+09:00,1766.6613808593752,1778.9298626708985,1752.6402587890625,1752.6402587890625,138900,0.0,0.0
2024-01-18 00:00:00+09:00,1753.5165108502597,1760.5270716132793,1750.01123046875,1750.01123046875,91900,0.0,0.0
2024-01-19 00:00:00+09:00,1751.763833817525,1753.5164739714196,1740.371672817211,1743.876953125,116300,0.0,0.0
2024-01-22 00:00:00+09:00,1746.5059553655497,1760.5270769339634,1746.5059553655497,1759.6507568359375,96300,0.0,0.0
2024-01-23 00:00:00+09:00,1763.155968964308,1767.5375692847958,1750.887488066942,1757.021728515625,90300,0.0,0.0
2024-01-24 00:00:00+09:00,1757.021691491296,1758.7743315825592,1750.887451171875,1750.887451171875,58600,0.0,0.0
2024-01-25 00:00:00+09:00,1751.7637996540734,1761.4033203125,1751.7637996540734,1761.4033203125,64500,0.0,0.0
2024-01-26 00:00:00+09:00,1765.7850379046945,1769.290318376962,1751.763916015625,1751.763916015625,106700,0.0,0.0
2024-01-29 00:00:00+09:00,1762.2796630859375,1762.2796630859375,1755.2691025167244,1762.2796630859375,72800,0.0,0.0
2024-01-30 00:00:00+09:00,1769.29012394141,1771.919084006702,1758.7742836802427,1763.1558837890625,149600,0.0,0.0
2024-01-31 00:00:00+09:00,1763.1558837890625,1766.6611638761183,1757.8979636584788,1763.1558837890625,96100,0.0,0.0
2024-02-01 00:00:00+09:00,1761.4034373143604,1761.4034373143604,1748.2586355433577,1751.763916015625,239300,0.0,0.0
2024-02-02 00:00:00+09:00,1750.8874452741647,1756.1453655302435,1735.9900045486088,1741.2479248046875,250700,0.0,0.0
2024-02-05 00:00:00+09:00,1745.6294289805408,1746.5057489750088,1713.2055891852194,1714.0819091796875,402500,0.0,0.0
2024-02-06 00:00:00+09:00,1711.4530090207725,1728.103089497677,1707.0714088952711,1721.092529296875,186500,0.0,0.0
2024-02-07 00:00:00+09:00,1718.463606201048,1728.9794467285403,1713.2056859373017,1727.226806640625,133600,0.0,0.0
2024-02-08 00:00:00+09:00,1735.1137814952622,1735.1137814952622,1714.0820992953195,1716.7110595703125,180100,0.0,0.0
2024-02-09 00:00:00+09:00,1727.2267219072887,1736.8662419179332,1717.5872018966443,1733.3609619140625,143500,0.0,0.0
2024-02-13 00:00:00+09:00,1738.618998633706,1739.4953186935013,1721.0925974378017,1723.7215576171875,206000,0.0,0.0
2024-02-14 00:00:00+09:00,1729.8556379045758,1729.8556379045758,1707.071318459024,1717.587158203125,208900,0.0,0.0
2024-02-15 00:00:00+09:00,1717.587247547664,1719.339887596182,1683.4107666015625,1683.4107666015625,262600,0.0,0.0
2024-02-16 00:00:00+09:00,1693.0502537251257,1708.8240138529995,1683.4107336469806,1700.9371337890625,174500,0.0,0.0
2024-02-19 00:00:00+09:00,1700.0607892681971,1715.8345491686239,1699.184469273729,1714.0819091796875,216500,0.0,0.0
2024-02-20 00:00:00+09:00,1722.8450253745748,1722.8450253745748,1704.4423063853244,1706.1949462890625,273200,0.0,0.0
2024-02-21 00:00:00+09:00,1726.350534913731,1726.350534913731,1707.9478134755645,1714.9583740234375,263100,0.0,0.0
2024-02-22 00:00:00+09:00,1714.9583796059212,1724.597900390625,1710.5767792492377,1724.597900390625,261800,0.0,0.0
2024-02-26 00:00:00+09:00,1735.1137326564876,1735.9900527234859,1721.9689316515141,1728.9794921875,293800,0.0,0.0
2024-02-27 00:00:00+09:00,1735.9901123046875,1744.753313275433,1731.6085118193146,1735.9901123046875,571600,0.0,0.0
2024-02-28 00:00:00+09:00,1740.0178344726562,1750.7586853027344,1718.5361328125,1718.5361328125,475300,41.5,0.0
2024-02-29 00:00:00+09:00,1718.53613229879,1723.0114868099847,1698.844572449533,1701.52978515625,196100,0.0,0.0
2024-03-01 00:00:00+09:00,1699.7395714572742,1701.5297131860339,1673.7825163902594,1683.6282958984375,163900,0.0,0.0
2024-03-04 00:00:00+09:00,1674.677695928677,1697.0544689902572,1665.7269867040447,1688.103759765625,208100,0.0,0.0
2024-03-05 00:00:00+09:00,1699.7396247235279,1724.8016097115526,1696.1593411538101,1716.7459716796875,200300,0.0,0.0
2024-03-06 00:00:00+09:00,1701.5297348284585,1726.5917193498667,1701.5297348284585,1719.43115234375,134000,0.0,0.0
2024-03-07 00:00:00+09:00,1708.6904756746687,1721.221469210261,1683.6284886034846,1684.5235595703125,131600,0.0,0.0
2024-03-08 00:00:00+09:00,1682.733308816258,1699.7396560862094,1680.9431669983683,1697.054443359375,124600,0.0,0.0
2024-03-11 00:00:00+09:00,1690.7890307604152,1696.1594564801412,1664.8319731150727,1676.4678955078125,101300,0.0,0.0
2024-03-12 00:00:00+09:00,1665.7268921220523,1696.1593017578125,1660.3564668922124,1696.1593017578125,73400,0.0,0.0
2024-03-13 00:00:00+09:00,1697.0544495795182,1698.8445914039692,1680.048102247234,1686.3135986328125,80100,0.0,0.0
2024-03-14 00:00:00+09:00,1679.1530442715193,1699.7396754113088,1675.5727605950342,1698.8446044921875,55800,0.0,0.0
2024-03-15 00:00:00+09:00,1694.369140625,1700.6346366547807,1683.6282902882328,1694.369140625,153100,0.0,0.0
2024-03-18 00:00:00+09:00,1702.4247978592925,1704.2149396025727,1696.1593017578125,1696.1593017578125,50200,0.0,0.0
2024-03-19 00:00:00+09:00,1696.15930856089,1704.2149464379602,1691.6839541847398,1702.4248046875,56400,0.0,0.0
2024-03-21 00:00:00+09:00,1707.7953136834003,1710.4805264407642,1697.9495335730662,1698.8446044921875,83100,0.0,0.0
2024-03-22 00:00:00+09:00,1702.4249074835527,1706.005191200658,1699.7396946957238,1700.634765625,53900,0.0,0.0
2024-03-25 00:00:00+09:00,1700.63474633043,1711.3755973598854,1697.9495335730662,1698.8446044921875,70400,0.0,0.0
2024-03-26 00:00:00+09:00,1698.844597972303,1698.844597972303,1692.5791015625,1692.5791015625,42600,0.0,0.0
2024-03-27 00:00:00+09:00,1687.2085987806195,1694.3691657780969,1679.1529609084573,1685.41845703125,128100,0.0,0.0
2024-03-28 00:00:00+09:00,1680.0480561981697,1684.5234106366304,1656.7762131181737,1659.46142578125,101100,0.0,0.0
2024-03-29 00:00:00+09:00,1660.3565100071517,1673.7825734303901,1660.3565100071517,1671.992431640625,43300,0.0,0.0
2024-04-01 00:00:00+09:00,1680.048069694568,1693.4741331178063,1667.5170771662122,1671.992431640625,79000,0.0,0.0
2024-04-02 00:00:00+09:00,1680.0480099293568,1680.0480099293568,1640.66489195552,1649.6156005859375,104100,0.0,0.0
2024-04-03 00:00:00+09:00,1643.3500217836356,1659.4612965070046,1636.189455239916,1653.19580078125,70300,0.0,0.0
2024-04-04 00:00:00+09:00,1655.881077125628,1655.881077125628,1646.0352977481243,1647.825439453125,52400,0.0,0.0
2024-04-05 00:00:00+09:00,1646.9306186164097,1663.0418964072223,1646.0355476280313,1654.0911865234375,68400,0.0,0.0
2024-04-08 00:00:00+09:00,1654.0910773026317,1669.307283100329,1653.1960063733554,1666.6220703125,49900,0.0,0.0
2024-04-09 00:00:00+09:00,1671.9924249500436,1673.7825667326454,1655.881148906628,1665.7269287109375,47800,0.0,0.0
2024-04-10 00:00:00+09:00,1666.6219996022385,1672.8874958413446,1664.8318578196365,1665.7269287109375,26100,0.0,0.0
2024-04-11 00:00:00+09:00,1666.622063928887,1678.2579859649104,1660.3565674479514,1677.3629150390625,69200,0.0,0.0
2024-04-12 00:00:00+09:00,1680.048069694568,1680.048069694568,1661.2515809020342,1671.992431640625,94800,0.0,0.0
2024-04-15 00:00:00+09:00,1690.788902539165,1733.752305038837,1690.788902539165,1704.2149658203125,176100,0.0,0.0
2024-04-16 00:00:00+09:00,1695.2644111722486,1700.6348369732168,1674.6777789352045,1684.5235595703125,82900,0.0,0.0
2024-04-17 00:00:00+09:00,1698.8445646351781,1698.8445646351781,1660.3565160159408,1661.2515869140625,81400,0.0,0.0
2024-04-18 00:00:00+09:00,1659.4614901182545,1677.362908566132,1659.4614901182545,1671.097412109375,51300,0.0,0.0
2024-04-19 00:00:00+09:00,1671.0973336924678,1671.0973336924678,1637.9797111179519,1646.930419921875,83200,0.0,0.0
2024-04-22 00:00:00+09:00,1654.9861418279356,1667.5171347893154,1652.300929050497,1660.3565673828125,58800,0.0,0.0
2024-04-23 00:00:00+09:00,1668.4122569282233,1680.9432502742509,1658.566476442059,1676.4678955078125,65400,0.0,0.0
2024-04-24 00:00:00+09:00,1681.8382114843332,1681.8382114843332,1669.3072189559773,1671.992431640625,31000,0.0,0.0
2024-04-25 00:00:00+09:00,1675.5726123830214,1678.2578249028659,1671.0972581832802,1673.782470703125,35700,0.0,0.0
2024-04-26 00:00:00+09:00,1674.6776894837888,1681.8382568359375,1670.2023348886958,1681.8382568359375,39400,0.0,0.0
2024-04-30 00:00:00+09:00,1686.313592452037,1697.054443359375,1677.362883362589,1697.054443359375,56500,0.0,0.0
2024-05-01 00:00:00+09:00,1697.054365772312,1697.054365772312,1680.9430901478913,1689.893798828125,42300,0.0,0.0
2024-05-02 00:00:00+09:00,1696.1593917348237,1699.7396754113088,1688.9988243818534,1698.8446044921875,33500,0.0,0.0
2024-05-07 00:00:00+09:00,1700.634765625,1704.2150493421054,1697.949552837171,1700.634765625,39200,0.0,0.0
2024-05-08 00:00:00+09:00,1707.7953330592106,1709.5854749177631,1698.8446237664475,1700.634765625,59200,0.0,0.0
2024-05-09 00:00:00+09:00,1707.7952687442614,1713.1656941176711,1702.424843370852,1706.005126953125,46000,0.0,0.0
2024-05-10 00:00:00+09:00,1713.1656806413519,1713.1656806413519,1685.418483097004,1693.47412109375,61400,0.0,0.0
2024-05-13 00:00:00+09:00,1697.0543532091917,1697.0543532091917,1688.103644595219,1694.369140625,31200,0.0,0.0
2024-05-14 00:00:00+09:00,1692.5789989022055,1697.949424070589,1680.9430777040411,1694.369140625,43000,0.0,0.0
2024-05-15 00:00:00+09:00,1694.3691784550967,1697.9494619806226,1680.0480443529934,1680.943115234375,42800,0.0,0.0
2024-05-16 00:00:00+09:00,1680.9431987424543,1686.313624297542,1671.0974185581267,1677.3629150390625,54000,0.0,0.0
2024-05-17 00:00:00+09:00,1671.0973287936138,1681.8381793268347,1666.6219744047717,1674.6776123046875,36100,0.0,0.0
2024-05-20 00:00:00+09:00,1671.9924322875265,1692.5790628777906,1670.2022904970688,1688.998779296875,45700,0.0,0.0
2024-05-21 00:00:00+09:00,1682.7333022804726,1693.4741531460925,1682.7333022804726,1690.7889404296875,25000,0.0,0.0
2024-05-22 00:00:00+09:00,1690.788921087333,1691.6839919825618,1683.6283539255019,1688.998779296875,32100,0.0,0.0
2024-05-23 00:00:00+09:00,1691.6839462963503,1692.5790171674066,1673.782528875225,1679.1529541015625,41200,0.0,0.0
2024-05-24 00:00:00+09:00,1673.7825548895473,1687.2086181640625,1670.2022713496767,1687.2086181640625,30300,0.0,0.0
2024-05-27 00:00:00+09:00,1689.893798828125,1692.579011432195,1677.3628066757979,1689.893798828125,43500,0.0,0.0
2024-05-28 00:00:00+09:00,1693.4740754066154,1693.4740754066154,1679.1529415765383,1683.6282958984375,31600,0.0,0.0
2024-05-29 00:00:00+09:00,1684.5233207825033,1686.3134624623997,1670.202187343332,1673.782470703125,43600,0.0,0.0
2024-05-30 00:00:00+09:00,1664.83187109375,1678.2579345703125,1659.461445703125,1678.2579345703125,50900,0.0,0.0
2024-05-31 00:00:00+09:00,1678.2578707121586,1683.6282958984375,1675.572658119019,1683.6282958984375,43300,0.0,0.0
2024-06-03 00:00:00+09:00,1689.8938249538746,1697.949462890625,1688.1036831901522,1697.949462890625,43500,0.0,0.0
2024-06-04 00:00:00+09:00,1691.6840563322369,1708.6904039884869,1691.6840563322369,1700.634765625,42000,0.0,0.0
2024-06-05 00:00:00+09:00,1695.2642308861725,1701.5297269876526,1690.7888765279727,1696.1593017578125,37900,0.0,0.0
2024-06-06 00:00:00+09:00,1703.3199335574104,1707.7952880859375,1694.3692245003563,1707.7952880859375,40800,0.0,0.0
2024-06-07 00:00:00+09:00,1708.690435994891,1714.9559326171875,1699.7397265344673,1714.9559326171875,56700,0.0,0.0
2024-06-10 00:00:00+09:00,1714.9557203182176,1718.5360036591742,1709.5852953067827,1712.2705078125,44200,0.0,0.0
2024-06-11 00:00:00+09:00,1717.6410164051244,1723.0114416778868,1706.0050949808062,1708.6903076171875,50900,0.0,0.0
2024-06-12 00:00:00+09:00,1700.6347147623699,1719.4312037150066,1700.6347147623699,1718.5361328125,39500,0.0,0.0
2024-06-13 00:00:00+09:00,1717.6410026771728,1717.6410026771728,1693.4740891428926,1696.1593017578125,41200,0.0,0.0
2024-06-14 00:00:00+09:00,1696.1592520372676,1714.0606689453125,1695.2641811918654,1714.0606689453125,49900,0.0,0.0
2024-06-17 00:00:00+09:00,1714.0607844258755,1714.0607844258755,1693.474153594651,1707.7952880859375,80200,0.0,0.0
2024-06-18 00:00:00+09:00,1708.690326972135,1717.64103586146,1708.690326972135,1710.48046875,32500,0.0,0.0
2024-06-19 00:00:00+09:00,1715.850900787258,1718.5361134645464,1707.795262755393,1716.7459716796875,27700,0.0,0.0
2024-06-20 00:00:00+09:00,1718.536023172324,1721.2212357085307,1708.6902438728991,1714.0606689453125,33000,0.0,0.0
2024-06-21 00:00:00+09:00,1709.5853978610676,1731.96217008438,1709.5853978610676,1710.48046875,75900,0.0,0.0
2024-06-24 00:00:00+09:00,1711.3756167763158,1720.326326069079,1709.5854749177631,1717.64111328125,43600,0.0,0.0
2024-06-25 00:00:00+09:00,1730.171889420222,1742.702880859375,1726.5916061518924,1742.702880859375,87500,0.0,0.0
2024-06-26 00:00:00+09:00,1744.4932154473338,1750.7587118599204,1739.1227899508308,1743.59814453125,62300,0.0,0.0
2024-06-27 00:00:00+09:00,1743.5980931727809,1750.7586602905335,1741.8079513933426,1744.4931640625,38200,0.0,0.0
2024-06-28 00:00:00+09:00,1753.4439439978967,1753.4439439978967,1739.1228091821915,1745.3883056640625,35500,0.0,0.0
2024-07-01 00:00:00+09:00,1752.5488148128054,1752.5488148128054,1739.122751369398,1740.017822265625,42500,0.0,0.0
2024-07-02 00:00:00+09:00,1740.017873657038,1742.7030864250273,1733.7523771983965,1739.122802734375,45800,0.0,0.0
2024-07-03 00:00:00+09:00,1731.9620944322353,1741.807873780429,1729.276881882728,1737.33251953125,26000,0.0,0.0
2024-07-04 00:00:00+09:00,1743.5980544063304,1745.3881961459672,1739.122700057238,1740.912841796875,31200,0.0,0.0
2024-07-05 00:00:00+09:00,1744.493098865856,1744.493098865856,1732.857177734375,1732.857177734375,24800,0.0,0.0
2024-07-08 00:00:00+09:00,1728.3819127400716,1731.0671254475913,1712.2706364949545,1718.5361328125,53900,0.0,0.0
2024-07-09 00:00:00+09:00,1718.5361328125,1727.4868418375652,1714.0607782999675,1718.5361328125,49000,0.0,0.0
2024-07-10 00:00:00+09:00,1714.0608231293108,1723.0115323884716,1708.6903975738142,1711.3756103515625,63200,0.0,0.0
2024-07-11 00:00:00+09:00,1725.6966746275905,1730.172029074239,1714.0607530663049,1727.48681640625,51000,0.0,0.0
2024-07-12 00:00:00+09:00,1711.3755278989017,1751.6537176245558,1706.0051026021479,1731.962158203125,90900,0.0,0.0
2024-07-16 00:00:00+09:00,1732.8572867211888,1741.8079958468147,1718.5361521201871,1720.3262939453125,58500,0.0,0.0
2024-07-17 00:00:00+09:00,1720.3263642206007,1738.227783203125,1720.3263642206007,1738.227783203125,42600,0.0,0.0
2024-07-18 00:00:00+09:00,1740.9128349312073,1744.4931183963615,1734.6473388671875,1734.6473388671875,54400,0.0,0.0
2024-07-19 00:00:00+09:00,1742.7031634167975,1748.0735891900388,1733.7524537947286,1746.283447265625,81600,0.0,0.0
2024-07-22 00:00:00+09:00,1745.3883831620278,1745.3883831620278,1726.5918928818214,1735.5426025390625,60200,0.0,0.0
2024-07-23 00:00:00+09:00,1744.4931252761487,1744.4931252761487,1732.857203968509,1740.912841796875,19700,0.0,0.0
2024-07-24 00:00:00+09:00,1740.9130283334073,1740.9130283334073,1732.8573896418902,1735.5426025390625,41700,0.0,0.0
2024-07-25 00:00:00+09:00,1728.3818563867787,1756.1290534597929,1727.4867855134557,1747.1783447265625,114600,0.0,0.0
2024-07-26 00:00:00+09:00,1760.6044078264079,1760.6044078264079,1743.5980612332703,1747.1783447265625,60000,0.0,0.0
2024-07-29 00:00:00+09:00,1758.8142797056803,1762.3945632267096,1748.073429142592,1759.7093505859375,65400,0.0,0.0
2024-07-30 00:00:00+09:00,1745.3883763034182,1758.8144407365214,1736.4376666813494,1746.283447265625,54900,0.0,0.0
2024-07-31 00:00:00+09:00,1745.3883248014174,1766.870027260512,1745.3883248014174,1764.184814453125,55300,0.0,0.0
2024-08-01 00:00:00+09:00,1764.184742613609,1764.184742613609,1729.2769775390625,1729.2769775390625,106700,0.0,0.0
2024-08-02 00:00:00+09:00,1714.0606784005452,1714.0606784005452,1674.677560985598,1675.5726318359375,110000,0.0,0.0
2024-08-05 00:00:00+09:00,1624.5537432809163,1665.7270061960248,1544.8924302495104,1570.8494873046875,233900,0.0,0.0
2024-08-06 00:00:00+09:00,1660.3565801841935,1688.103779098323,1631.7143103373503,1672.8875732421875,154700,0.0,0.0
2024-08-07 00:00:00+09:00,1657.671341828377,1688.1037530714466,1635.294568855532,1664.8319091796875,78600,0.0,0.0
2024-08-08 00:00:00+09:00,1661.2515540081522,1671.0973336924678,1646.0353490414827,1646.930419921875,98200,0.0,0.0
2024-08-09 00:00:00+09:00,1676.467824558149,1677.3628954735566,1642.455129772666,1658.56640625,84200,0.0,0.0
2024-08-13 00:00:00+09:00,1661.2517544304656,1661.2517544304656,1645.1404766396527,1654.0911865234375,50300,0.0,0.0
2024-08-14 00:00:00+09:00,1651.4058581246843,1660.3565673828125,1646.93050349562,1660.3565673828125,45100,0.0,0.0
2024-08-15 00:00:00+09:00,1660.3565801841935,1680.0481407038983,1656.776296453338,1672.8875732421875,72100,0.0,0.0
2024-08-16 00:00:00+09:00,1687.2086181640625,1690.788901703933,1677.3628384294182,1687.2086181640625,54300,0.0,0.0
2024-08-19 00:00:00+09:00,1690.788894929571,1690.788894929571,1671.0973355391789,1680.943115234375,44500,0.0,0.0
2024-08-20 00:00:00+09:00,1681.8382570288832,1701.5298172495513,1679.1530442715193,1698.8446044921875,51000,0.0,0.0
2024-08-21 00:00:00+09:00,1696.1593531253093,1698.8445658215498,1688.9987859353344,1695.2642822265625,26000,0.0,0.0
2024-08-22 00:00:00+09:00,1698.8445279504567,1708.6903076171875,1695.2642444352819,1708.6903076171875,28700,0.0,0.0
2024-08-23 00:00:00+09:00,1707.7951854446171,1714.9557522598984,1702.424760333156,1709.5853271484375,34100,0.0,0.0
2024-08-26 00:00:00+09:00,1709.5854749177631,1715.8509714226975,1698.8446237664475,1700.634765625,79200,0.0,0.0
2024-08-27 00:00:00+09:00,1700.6347015797153,1711.3755523265347,1700.6347015797153,1706.005126953125,58400,0.0,0.0
2024-08-28 00:00:00+09:00,1706.0051718451577,1707.7953136834003,1692.5791080583385,1698.8446044921875,159400,0.0,0.0
2024-08-29 00:00:00+09:00,1699.3020037251135,1712.1131119922925,1688.3210537818172,1702.0472412109375,147500,41.5,0.0
2024-08-30 00:00:00+09:00,1703.877444804353,1709.367919921875,1696.5568113143236,1709.367919921875,41900,0.0,0.0
2024-09-02 00:00:00+09:00,1708.452874278765,1713.943349504085,1688.3211317859248,1697.471923828125,60000,0.0,0.0
2024-09-03 00:00:00+09:00,1702.9623706718041,1721.2639544511894,1702.9623706718041,1717.6036376953125,58600,0.0,0.0
2024-09-04 00:00:00+09:00,1699.302210198409,1721.2641127534773,1699.302210198409,1708.4530029296875,54300,0.0,0.0
2024-09-05 00:00:00+09:00,1708.4529597264996,1713.943435226424,1697.4720087266508,1703.8775634765625,49400,0.0,0.0
2024-09-06 00:00:00+09:00,1702.0472429800725,1710.2829554461052,1698.3869263285026,1704.79248046875,34400,0.0,0.0
2024-09-09 00:00:00+09:00,1692.8965278070248,1700.217161440785,1678.2552605395047,1697.471923828125,40400,0.0,0.0
2024-09-10 00:00:00+09:00,1697.4720057125749,1706.6227981962006,1694.7267679674871,1698.3870849609375,26300,0.0,0.0
2024-09-11 00:00:00+09:00,1705.707585946001,1705.707585946001,1674.5948939276727,1681.91552734375,45700,0.0,0.0
2024-09-12 00:00:00+09:00,1687.4061695896532,1702.9625171401003,1687.4061695896532,1689.236328125,41200,0.0,0.0
2024-09-13 00:00:00+09:00,1686.4910486846063,1691.9815241550934,1682.8307317042816,1687.4061279296875,39800,0.0,0.0
2024-09-17 00:00:00+09:00,1687.4060909326884,1699.302120857919,1678.255298682511,1693.8116455078125,38900,0.0,0.0
2024-09-18 00:00:00+09:00,1700.21728515625,1705.7077607810818,1691.9815717190022,1700.21728515625,44600,0.0,0.0
2024-09-19 00:00:00+09:00,1711.198240749071,1713.0283992953266,1702.0474480177925,1708.4530029296875,32700,0.0,0.0
2024-09-20 00:00:00+09:00,1711.1981989883545,1719.4339122455178,1701.1323272295997,1706.622802734375,60700,0.0,0.0
2024-09-24 00:00:00+09:00,1706.6227562502106,1712.1132316054393,1696.556884765625,1696.556884765625,31300,0.0,0.0
2024-09-25 00:00:00+09:00,1696.5569264642122,1704.7926396994753,1691.0664509740368,1698.3870849609375,43700,0.0,0.0
2024-09-26 00:00:00+09:00,1711.1981249896055,1728.5846300028688,1700.2171744549128,1719.433837890625,96100,0.0,0.0
2024-09-27 00:00:00+09:00,1734.0751133951994,1740.4806679037833,1721.2640043780316,1733.1600341796875,48500,0.0,0.0
2024-09-30 00:00:00+09:00,1705.7075596316427,1713.0281929347827,1693.81153051404,1704.79248046875,51000,0.0,0.0
2024-10-01 00:00:00+09:00,1704.792560755726,1705.707639961714,1695.6417686958457,1702.96240234375,29100,0.0,0.0
2024-10-02 00:00:00+09:00,1710.283115189651,1713.943432183101,1692.8966094707619,1698.3870849609375,45900,0.0,0.0
2024-10-03 00:00:00+09:00,1702.0472412109375,1706.6226370206443,1697.4718454012307,1702.0472412109375,26100,0.0,0.0
2024-10-04 00:00:00+09:00,1706.6227289334836,1721.2639963130737,1704.7925705110347,1719.433837890625,28100,0.0,0.0
2024-10-07 00:00:00+09:00,1726.7544683078618,1726.7544683078618,1713.0282801655098,1713.943359375,34500,0.0,0.0
2024-10-08 00:00:00+09:00,1702.962320372879,1707.5377161825859,1693.8115287534654,1702.0472412109375,27400,0.0,0.0
2024-10-09 00:00:00+09:00,1696.5569264642122,1706.6227981962006,1695.6418472158498,1698.3870849609375,23200,0.0,0.0
2024-10-10 00:00:00+09:00,1698.3870819256758,1698.3870819256758,1688.3212102116765,1692.8966064453125,27100,0.0,0.0
2024-10-11 00:00:00+09:00,1695.6417588033692,1697.471917204668,1685.5758875962256,1686.490966796875,33700,0.0,0.0
2024-10-15 00:00:00+09:00,1686.4911088128938,1724.9244384765625,1686.4911088128938,1724.9244384765625,76600,0.0,0.0
2024-10-16 00:00:00+09:00,1724.9242309310312,1738.6504184450712,1716.688518422607,1718.5186767578125,43600,0.0,0.0
2024-10-17 00:00:00+09:00,1716.6886790142241,1727.6696300526949,1711.198203494989,1714.8585205078125,23700,0.0,0.0
2024-10-18 00:00:00+09:00,1724.9242309310312,1730.4147059366471,1713.0282017521965,1718.5186767578125,20900,0.0,0.0
2024-10-21 00:00:00+09:00,1713.0284036014125,1719.4339585294092,1710.2831657751283,1716.688720703125,21000,0.0,0.0
2024-10-22 00:00:00+09:00,1711.198111891425,1715.7735079125252,1697.471923828125,1697.471923828125,25700,0.0,0.0
2024-10-23 00:00:00+09:00,1693.8115198647104,1701.132153121824,1688.321044921875,1688.321044921875,22100,0.0,0.0
2024-10-24 00:00:00+09:00,1683.7457676981376,1691.0664014707384,1679.1703715902622,1682.8306884765625,28400,0.0,0.0
2024-10-25 00:00:00+09:00,1691.066479318849,1692.8966378462503,1671.8498147811347,1675.5101318359375,26000,0.0,0.0
2024-10-28 00:00:00+09:00,1683.745848147455,1690.1514030045378,1674.5950554944798,1681.0006103515625,25500,0.0,0.0
2024-10-29 00:00:00+09:00,1674.5950554944798,1687.4061652086452,1673.6799762291823,1681.0006103515625,16300,0.0,0.0
2024-10-30 00:00:00+09:00,1682.8306884765625,1688.3211638060131,1680.0854508118373,1682.8306884765625,57500,0.0,0.0
2024-10-31 00:00:00+09:00,1688.321044921875,1693.8115198647104,1682.8305699790396,1688.321044921875,15100,0.0,0.0
2024-11-01 00:00:00+09:00,1683.7456839662807,1690.1512381987611,1675.509971381663,1679.1702880859375,28200,0.0,0.0
2024-11-05 00:00:00+09:00,1681.9155658152008,1687.4060410028455,1675.5100114296151,1678.2552490234375,19100,0.0,0.0
2024-11-06 00:00:00+09:00,1683.7457676981376,1692.8965599138885,1676.425133925537,1682.8306884765625,23200,0.0,0.0
2024-11-07 00:00:00+09:00,1682.8306549270003,1695.6417637736442,1681.9155757236688,1694.7266845703125,28700,0.0,0.0
2024-11-08 00:00:00+09:00,1697.4719996255803,1697.4719996255803,1682.8307317042816,1687.4061279296875,26600,0.0,0.0
2024-11-11 00:00:00+09:00,1681.9156852071083,1684.6609229958033,1671.8498133152268,1672.764892578125,33800,0.0,0.0
2024-11-12 00:00:00+09:00,1681.0006059442098,1684.6609229958033,1672.764892578125,1672.764892578125,25000,0.0,0.0
2024-11-13 00:00:00+09:00,1676.4252096297184,1679.1704474184132,1670.0196547894302,1672.764892578125,29300,0.0,0.0
2024-11-14 00:00:00+09:00,1672.7647251674107,1676.4250418526785,1665.444091796875,1665.444091796875,26900,0.0,0.0
2024-11-15 00:00:00+09:00,1666.3592513181984,1673.679885041727,1663.614013671875,1663.614013671875,26100,0.0,0.0
2024-11-18 00:00:00+09:00,1661.7838536286158,1669.1044873450414,1659.9536951995094,1660.8687744140625,21900,0.0,0.0
2024-11-19 00:00:00+09:00,1664.5291748046875,1670.0196503675397,1660.868857762786,1664.5291748046875,21100,0.0,0.0
2024-11-20 00:00:00+09:00,1663.6140104382243,1669.1044857201987,1658.12353515625,1658.12353515625,29200,0.0,0.0
2024-11-21 00:00:00+09:00,1659.0386992418355,1664.5291748046875,1658.12361998136,1664.5291748046875,17400,0.0,0.0
2024-11-22 00:00:00+09:00,1662.6989807495984,1673.679931640625,1661.7839015086795,1673.679931640625,19500,0.0,0.0
2024-11-25 00:00:00+09:00,1676.425005131363,1679.1702425851806,1669.1043719211823,1671.849609375,29300,0.0,0.0
2024-11-26 00:00:00+09:00,1671.8497746896535,1679.1704086237078,1667.2743784808695,1676.4251708984375,23300,0.0,0.0
2024-11-27 00:00:00+09:00,1674.5949322316742,1679.1703282213782,1669.1044570440295,1678.2552490234375,23800,0.0,0.0
2024-11-28 00:00:00+09:00,1683.745849609375,1686.491087407651,1673.6799776823623,1683.745849609375,38200,0.0,0.0
2024-11-29 00:00:00+09:00,1674.5950554944798,1685.5760066780501,1671.8498176985872,1681.0006103515625,26300,0.0,0.0
2024-12-02 00:00:00+09:00,1684.660890194444,1687.4061279296875,1678.2553354788758,1687.4061279296875,19600,0.0,0.0
2024-12-03 00:00:00+09:00,1688.3212488573267,1694.72680373104,1684.6609317866332,1689.236328125,30200,0.0,0.0
2024-12-04 00:00:00+09:00,1687.4061264046375,1688.3212056488917,1681.0005716948585,1684.660888671875,16500,0.0,0.0
2024-12-05 00:00:00+09:00,1691.0664479518582,1692.8966064453125,1683.7458139780406,1692.8966064453125,17600,0.0,0.0
2024-12-06 00:00:00+09:00,1697.4718489243157,1707.5377197265625,1692.8964531051129,1707.5377197265625,16500,0.0,0.0
2024-12-09 00:00:00+09:00,1708.4528824913311,1718.5187537861382,1707.5378032827123,1711.1981201171875,23800,0.0,0.0
2024-12-10 00:00:00+09:00,1713.943349504085,1713.943349504085,1697.471923828125,1697.471923828125,24300,0.0,0.0
2024-12-11 00:00:00+09:00,1697.4719639914965,1705.7076770243393,1691.9814886362678,1696.556884765625,35200,0.0,0.0
2024-12-12 00:00:00+09:00,1704.7926442327832,1712.1132782391505,1695.6418517248242,1706.622802734375,38900,0.0,0.0
2024-12-13 00:00:00+09:00,1695.6418973682785,1717.603799978553,1695.6418973682785,1716.688720703125,40100,0.0,0.0
2024-12-16 00:00:00+09:00,1716.6885970034702,1719.4338346319407,1706.622725699079,1713.943359375,39200,0.0,0.0
2024-12-17 00:00:00+09:00,1710.2829572180842,1715.773432201128,1706.6226405627217,1707.5377197265625,13900,0.0,0.0
2024-12-18 00:00:00+09:00,1709.3679955173836,1709.3679955173836,1699.3021240234375,1699.3021240234375,13400,0.0,0.0
2024-12-19 00:00:00+09:00,1697.472047343834,1708.4529985934976,1694.7268095314182,1700.21728515625,24600,0.0,0.0
2024-12-20 00:00:00+09:00,1704.792560755726,1709.3679567856664,1699.3020855197979,1702.96240234375,29700,0.0,0.0
2024-12-23 00:00:00+09:00,1706.622715870325,1709.367953482985,1697.471923828125,1697.471923828125,20300,0.0,0.0
2024-12-24 00:00:00+09:00,1701.1321620489962,1706.6226370206443,1691.0662912676412,1702.0472412109375,35900,0.0,0.0
2024-12-25 00:00:00+09:00,1690.151368705131,1695.6418441854942,1681.000576237859,1692.8966064453125,35400,0.0,0.0
2024-12-26 00:00:00+09:00,1683.745734130332,1694.7266845703125,1683.745734130332,1694.7266845703125,76900,0.0,0.0
2024-12-27 00:00:00+09:00,1706.6226924439125,1725.83935546875,1695.641742144005,1725.83935546875,45900,0.0,0.0
2024-12-30 00:00:00+09:00,1734.0751504822263,1741.39578436289,1725.8394373664794,1726.7545166015625,41000,0.0,0.0
2025-01-06 00:00:00+09:00,1735.9052231808926,1737.73538156063,1716.6885601936503,1720.348876953125,61600,0.0,0.0
2025-01-07 00:00:00+09:00,1720.3488368470894,1726.7543910268391,1706.622649319054,1721.263916015625,38300,0.0,0.0
2025-01-08 00:00:00+09:00,1720.3488752622202,1724.0091920180973,1713.0282417504661,1717.6036376953125,39100,0.0,0.0
2025-01-09 00:00:00+09:00,1715.7735177939803,1724.9243098888815,1711.1981217465295,1713.943359375,32200,0.0,0.0
2025-01-10 00:00:00+09:00,1711.1981618506277,1713.0283203125,1703.8775280031382,1713.0283203125,36500,0.0,0.0
2025-01-14 00:00:00+09:00,1713.0281929347827,1713.0281929347827,1695.641688839825,1704.79248046875,45800,0.0,0.0
2025-01-15 00:00:00+09:00,1704.792560755726,1706.6227191677021,1701.132243931774,1702.96240234375,26800,0.0,0.0
2025-01-16 00:00:00+09:00,1702.0474436978607,1710.2831571351082,1700.21728515625,1700.21728515625,26300,0.0,0.0
2025-01-17 00:00:00+09:00,1697.4719639914965,1702.962439346725,1691.0664094103965,1696.556884765625,26700,0.0,0.0
2025-01-20 00:00:00+09:00,1696.5569723790254,1716.688716387838,1696.5569723790254,1708.4530029296875,21400,0.0,0.0
2025-01-21 00:00:00+09:00,1708.452931899903,1731.3299127769772,1704.7926149595712,1726.7545166015625,25800,0.0,0.0
2025-01-22 00:00:00+09:00,1720.349004959203,1738.6505901183436,1720.349004959203,1731.3299560546875,24300,0.0,0.0
2025-01-23 00:00:00+09:00,1731.3297956120616,1746.886141555722,1731.3297956120616,1734.9901123046875,41900,0.0,0.0
2025-01-24 00:00:00+09:00,1743.2258668664383,1745.9711044520548,1731.329837328767,1736.8203125,26400,0.0,0.0
2025-01-27 00:00:00+09:00,1740.480634284257,1747.8012678669459,1736.8203174929126,1745.0560302734375,42000,0.0,0.0
2025-01-28 00:00:00+09:00,1745.05612128744,1767.9331024264993,1745.05612128744,1762.442626953125,64300,0.0,0.0
2025-01-29 00:00:00+09:00,1746.8863553438114,1759.6974653358561,1746.8863553438114,1752.3768310546875,30100,0.0,0.0
2025-01-30 00:00:00+09:00,1738.6504841148544,1762.4425433711629,1738.6504841148544,1758.7822265625,55800,0.0,0.0
2025-01-31 00:00:00+09:00,1756.9520229231973,1756.9520229231973,1745.0559936013217,1751.4615478515625,42600,0.0,0.0
2025-02-03 00:00:00+09:00,1738.6504289973136,1741.395666516783,1729.4996372657488,1734.9901123046875,99700,0.0,0.0
2025-02-04 00:00:00+09:00,1734.0750630967593,1744.140934175421,1717.6036376953125,1717.6036376953125,87700,0.0,0.0
2025-02-05 00:00:00+09:00,1712.113126070383,1729.499630290232,1711.1980469009172,1724.0091552734375,46800,0.0,0.0
2025-02-06 00:00:00+09:00,1724.009281986678,1732.2449951171875,1718.518806566338,1732.2449951171875,68500,0.0,0.0
2025-02-07 00:00:00+09:00,1725.839513457406,1731.3299891099746,1715.7736414276967,1716.688720703125,71200,0.0,0.0
2025-02-10 00:00:00+09:00,1711.1981249896055,1723.0941547355226,1711.1981249896055,1719.433837890625,74700,0.0,0.0
2025-02-12 00:00:00+09:00,1716.688518422607,1723.0940725958258,1715.7734392550044,1718.5186767578125,64200,0.0,0.0
2025-02-13 00:00:00+09:00,1716.688646556713,1731.3299143311838,1716.688646556713,1729.499755859375,89500,0.0,0.0
2025-02-14 00:00:00+09:00,1733.1600712471432,1733.1600712471432,1717.6037242507327,1726.7545166015625,70700,0.0,0.0
2025-02-17 00:00:00+09:00,1726.754426174276,1734.990138858732,1712.1131591796875,1712.1131591796875,154200,0.0,0.0
2025-02-18 00:00:00+09:00,1706.6226738128414,1706.6226738128414,1695.6417236328125,1695.6417236328125,154500,0.0,0.0
2025-02-19 00:00:00+09:00,1692.8965615138945,1698.3870368485343,1685.575927734375,1685.575927734375,172800,0.0,0.0
2025-02-20 00:00:00+09:00,1680.0854395498145,1680.0854395498145,1660.8687760255518,1663.614013671875,211400,0.0,0.0
2025-02-21 00:00:00+09:00,1662.6990221441279,1684.660924472944,1661.7839428804273,1675.5101318359375,175200,0.0,0.0
2025-02-25 00:00:00+09:00,1670.9347045238599,1695.6418441854942,1670.9347045238599,1692.8966064453125,91400,0.0,0.0
2025-02-26 00:00:00+09:00,1691.0664078327593,1696.5568831828657,1679.1703779075287,1693.8116455078125,255500,0.0,0.0
2025-02-27 00:00:00+09:00,1684.919041931596,1684.919041931596,1666.197719243467,1674.622314453125,339900,41.5,0.0
2025-02-28 00:00:00+09:00,1683.0467544266478,1690.5352828111936,1670.877895801761,1679.302490234375,123700,0.0,0.0
2025-03-03 00:00:00+09:00,1689.5994522448016,1698.9601140300915,1679.302724280983,1698.0240478515625,104500,0.0,0.0
2025-03-04 00:00:00+09:00,1695.215765696734,1699.8960963585141,1679.302641446682,1682.11083984375,63100,0.0,0.0
2025-03-05 00:00:00+09:00,1682.1106574523415,1694.2795158534993,1680.238525390625,1680.238525390625,65300,0.0,0.0
2025-03-06 00:00:00+09:00,1694.2797175624914,1707.3846435546875,1689.599386850993,1707.3846435546875,88600,0.0,0.0
2025-03-07 00:00:00+09:00,1698.0238051946649,1698.0238051946649,1683.0467484785047,1694.279541015625,62300,0.0,0.0
2025-03-10 00:00:00+09:00,1694.2795439962542,1696.1516760890677,1682.1106853929662,1686.791015625,49000,0.0,0.0
2025-03-11 00:00:00+09:00,1681.1746501509579,1686.7910465323084,1668.0697252611396,1685.85498046875,60200,0.0,0.0
2025-03-12 00:00:00+09:00,1676.4943505859374,1684.9189453125,1673.6861523437499,1684.9189453125,47500,0.0,0.0
2025-03-13 00:00:00+09:00,1680.2385562824431,1687.727084666989,1675.5582260421022,1679.302490234375,38000,0.0,0.0
2025-03-14 00:00:00+09:00,1679.3026723882933,1687.727267734723,1676.4944739394834,1681.1748046875,55100,0.0,0.0
2025-03-17 00:00:00+09:00,1689.5992708521962,1696.1517333984375,1683.9828743839894,1696.1517333984375,53700,0.0,0.0
2025-03-18 00:00:00+09:00,1701.7681884765625,1707.3845851382014,1693.3435934841043,1701.7681884765625,53700,0.0,0.0
2025-03-19 00:00:00+09:00,1703.6404449227364,1707.3847096368522,1695.2158493159754,1698.0240478515625,46300,0.0,0.0
2025-03-21 00:00:00+09:00,1696.151849847091,1709.256775839287,1690.5354529932927,1707.3846435546875,73400,0.0,0.0
2025-03-24 00:00:00+09:00,1713.0009748319503,1717.6813053642782,1708.3206442996227,1716.7452392578125,43100,0.0,0.0
2025-03-25 00:00:00+09:00,1716.745235811745,1725.169830753024,1711.1288391842256,1724.2337646484375,60500,0.0,0.0
2025-03-26 00:00:00+09:00,1725.1697883871007,1751.379638671875,1720.4894579791053,1751.379638671875,117800,0.0,0.0
2025-03-27 00:00:00+09:00,1747.6354239810187,1776.6534733347473,1745.763291764649,1775.7174072265625,146400,0.0,0.0
2025-03-28 00:00:00+09:00,1768.2287553348772,1780.3976138946196,1764.4844911626487,1779.4615478515625,110700,0.0,0.0
2025-03-31 00:00:00+09:00,1766.3567076676318,1767.292773755426,1723.2976676290991,1725.1697998046875,75300,0.0,0.0
2025-04-01 00:00:00+09:00,1742.0190519201308,1754.187911498294,1723.2977294921875,1723.2977294921875,62500,0.0,0.0
2025-04-02 00:00:00+09:00,1731.72223298446,1731.72223298446,1708.3205811873727,1722.361572265625,49200,0.0,0.0
2025-04-03 00:00:00+09:00,1695.215579015443,1698.0237771032653,1677.4303244592345,1687.72705078125,67300,0.0,0.0
2025-04-04 00:00:00+09:00,1670.8779689243863,1679.3025637256856,1635.307457541122,1651.2205810546875,107400,0.0,0.0
2025-04-07 00:00:00+09:00,1563.230394789752,1616.5861627556296,1535.1484116498164,1591.3123779296875,109800,0.0,0.0
2025-04-08 00:00:00+09:00,1628.7550903250676,1648.4124793462322,1619.394428886418,1640.9239501953125,76300,0.0,0.0
2025-04-09 00:00:00+09:00,1617.5222202034884,1622.2025507017622,1598.8008982103925,1610.03369140625,62000,0.0,0.0
2025-04-10 00:00:00+09:00,1666.197815971246,1672.750279292481,1643.7322274412966,1664.32568359375,64800,0.0,0.0
2025-04-11 00:00:00+09:00,1639.0517906022917,1643.7321212436461,1608.1616083693532,1634.3714599609375,50200,0.0,0.0
2025-04-14 00:00:00+09:00,1671.8140218713684,1672.7500879530432,1610.9697265625,1610.9697265625,75900,0.0,0.0
2025-04-15 00:00:00+09:00,1610.9696753577848,1617.522137721239,1586.6319580078125,1586.6319580078125,104000,0.0,0.0
2025-04-16 00:00:00+09:00,1595.0566458194812,1597.864844139586,1577.2713897921515,1583.8238525390625,75300,0.0,0.0
2025-04-17 00:00:00+09:00,1591.312314533265,1596.9287109375,1581.9516538595399,1596.9287109375,60800,0.0,0.0
2025-04-18 00:00:00+09:00,1605.3533541771674,1630.6271387618808,1605.3533541771674,1625.0107421875,55500,0.0,0.0
2025-04-21 00:00:00+09:00,1625.9466847386855,1635.3073449847343,1622.202420640266,1628.7548828125,33200,0.0,0.0
2025-04-22 00:00:00+09:00,1630.6272263666278,1641.8600201188665,1629.691160220608,1633.4354248046875,31200,0.0,0.0
2025-04-23 00:00:00+09:00,1642.7960443011784,1658.7091683770302,1642.7960443011784,1656.8370361328125,45300,0.0,0.0
2025-04-24 00:00:00+09:00,1664.3254158579537,1664.3254158579537,1639.9876988656551,1646.5401611328125,37500,0.0,0.0
2025-04-25 00:00:00+09:00,1645.6043081110174,1653.0928373856977,1642.796109633012,1647.4764404296875,26200,0.0,0.0
2025-04-28 00:00:00+09:00,1647.4764132023674,1653.0928100655572,1639.0518179075825,1640.9239501953125,53000,0.0,0.0
2025-04-30 00:00:00+09:00,1643.732175792347,1652.1567712263627,1635.3075803583317,1647.4764404296875,37000,0.0,0.0
2025-05-01 00:00:00+09:00,1647.4763821087515,1651.220646613544,1634.3714563419774,1641.8599853515625,33400,0.0,0.0
2025-05-02 00:00:00+09:00,1641.8600125938299,1651.2206740111264,1631.5632850348036,1648.4124755859375,30700,0.0,0.0
2025-05-07 00:00:00+09:00,1643.7319878166397,1660.5811767578125,1639.0516575552028,1660.5811767578125,34400,0.0,0.0
2025-05-08 00:00:00+09:00,1660.581117793985,1660.581117793985,1640.9237313939434,1654.9647216796875,40100,0.0,0.0
2025-05-09 00:00:00+09:00,1646.540127508241,1662.453249832084,1646.540127508241,1654.9647216796875,37200,0.0,0.0
2025-05-12 00:00:00+09:00,1663.389315851134,1664.3253818701835,1649.3483255653898,1654.9647216796875,34600,0.0,0.0
2025-05-13 00:00:00+09:00,1665.2617497824979,1670.8781469149853,1653.0928893287753,1664.32568359375,39500,0.0,0.0
2025-05-14 00:00:00+09:00,1664.3256312977182,1664.3256312977182,1634.3715141989967,1647.4764404296875,53800,0.0,0.0
2025-05-15 00:00:00+09:00,1642.7960862648863,1643.732152410906,1630.6272263666278,1633.4354248046875,39700,0.0,0.0
2025-05-16 00:00:00+09:00,1643.732152410906,1645.604284702946,1620.3304987604092,1633.4354248046875,52400,0.0,0.0
2025-05-19 00:00:00+09:00,1626.8828743789604,1632.499270953341,1622.2025439003098,1625.0107421875,42800,0.0,0.0
2025-05-20 00:00:00+09:00,1632.4992464410227,1632.4992464410227,1606.2893961541256,1610.9697265625,85700,0.0,0.0
2025-05-21 00:00:00+09:00,1610.033694828782,1613.7779592353606,1601.6090999139803,1602.545166015625,43500,0.0,0.0
2025-05-22 00:00:00+09:00,1601.6090657457512,1613.7779248075249,1596.9287353373766,1610.9697265625,39300,0.0,0.0
2025-05-23 00:00:00+09:00,1611.9058782980105,1625.0108041378317,1611.9058782980105,1623.138671875,32500,0.0,0.0
2025-05-26 00:00:00+09:00,1622.2026886561473,1639.9879460620716,1622.2026886561473,1639.0518798828125,32000,0.0,0.0
2025-05-27 00:00:00+09:00,1639.0516605571606,1655.900849529193,1639.0516605571606,1653.0926513671875,31700,0.0,0.0
2025-05-28 00:00:00+09:00,1662.4534018121824,1667.1337323353023,1654.0288068705665,1657.7730712890625,49300,0.0,0.0
2025-05-29 00:00:00+09:00,1662.4533382280529,1669.0058007098075,1657.7730078839425,1663.389404296875,57800,0.0,0.0
2025-05-30 00:00:00+09:00,1660.581117793985,1660.581117793985,1651.220457603489,1654.9647216796875,25800,0.0,0.0
2025-06-02 00:00:00+09:00,1654.9647525599532,1654.9647525599532,1644.6680261582794,1654.0286865234375,25500,0.0,0.0
2025-06-03 00:00:00+09:00,1656.8370708615043,1656.8370708615043,1643.732144877289,1648.4124755859375,27900,0.0,0.0
2025-06-04 00:00:00+09:00,1647.476347578701,1668.0698019234349,1640.9238848326493,1650.2845458984375,33200,0.0,0.0
2025-06-05 00:00:00+09:00,1648.4124755859375,1661.5174015701527,1647.4764094442078,1648.4124755859375,33700,0.0,0.0
2025-06-06 00:00:00+09:00,1648.4124446180433,1657.773105859486,1643.732113997322,1649.3485107421875,28900,0.0,0.0
2025-06-09 00:00:00+09:00,1645.6041912017752,1650.284521665944,1634.3713980877699,1636.2435302734375,29400,0.0,0.0
2025-06-10 00:00:00+09:00,1636.2435387505427,1639.9878031412761,1617.522216796875,1617.522216796875,39700,0.0,0.0
2025-06-11 00:00:00+09:00,1619.394316411885,1628.7549772003931,1616.5861181753326,1622.2025146484375,30900,0.0,0.0
2025-06-12 00:00:00+09:00,1622.2025195425988,1623.1385856242737,1607.2254622358005,1610.9697265625,40900,0.0,0.0
2025-06-13 00:00:00+09:00,1610.033632721339,1612.841830917946,1596.9287078038396,1604.417236328125,62700,0.0,0.0
2025-06-16 00:00:00+09:00,1604.417325661722,1610.0337223676556,1604.417325661722,1609.09765625,31600,0.0,0.0
2025-06-17 00:00:00+09:00,1605.3533300724507,1612.8418587258498,1602.545131827426,1610.9697265625,52400,0.0,0.0
2025-06-18 00:00:00+09:00,1610.969755805562,1616.586152397563,1607.2254914108948,1613.7779541015625,22900,0.0,0.0
2025-06-19 00:00:00+09:00,1614.7139599098978,1617.5221581010453,1609.0975635276025,1611.90576171875,20900,0.0,0.0
2025-06-20 00:00:00+09:00,1608.1616174160813,1616.5862126179118,1607.2255512825445,1615.650146484375,53600,0.0,0.0
2025-06-23 00:00:00+09:00,1610.9696647834444,1613.7778629207776,1597.8647401425565,1612.841796875,56100,0.0,0.0
2025-06-24 00:00:00+09:00,1616.5861263419895,1617.522192425569,1603.481201171875,1603.481201171875,35700,0.0,0.0
2025-06-25 00:00:00+09:00,1608.1616248058297,1608.1616248058297,1600.673095703125,1600.673095703125,39600,0.0,0.0
2025-06-26 00:00:00+09:00,1602.545131827426,1611.9057926441749,1602.545131827426,1610.9697265625,42300,0.0,0.0
2025-06-27 00:00:00+09:00,1615.6500812301988,1626.8828743789604,1612.8418829430084,1625.0107421875,57300,0.0,0.0
2025-06-30 00:00:00+09:00,1634.371372045013,1638.1156363566854,1625.94677734375,1625.94677734375,63800,0.0,0.0
2025-07-01 00:00:00+09:00,1625.0106215267754,1627.8188196054507,1610.033565107174,1621.266357421875,47900,0.0,0.0
2025-07-02 00:00:00+09:00,1618.4582795173892,1633.4353370490712,1618.4582795173892,1625.0107421875,34800,0.0,0.0
2025-07-03 00:00:00+09:00,1627.81884765625,1630.6270457833166,1621.2663853597612,1627.81884765625,31800,0.0,0.0
2025-07-04 00:00:00+09:00,1631.563111825672,1635.3073759950942,1627.81884765625,1627.81884765625,27500,0.0,0.0
2025-07-07 00:00:00+09:00,1629.6910432792438,1634.3713736734978,1621.2664485695866,1622.2025146484375,28700,0.0,0.0
2025-07-08 00:00:00+09:00,1625.9467495427655,1626.8828156046784,1618.458221047462,1619.394287109375,56400,0.0,0.0
2025-07-09 00:00:00+09:00,1620.330350079114,1629.6910106803798,1620.330350079114,1626.8828125,38200,0.0,0.0
2025-07-10 00:00:00+09:00,1631.5632359397514,1631.5632359397514,1621.266508690562,1624.07470703125,75400,0.0,0.0
2025-07-11 00:00:00+09:00,1614.7139844087328,1630.6271077333406,1605.3533236295516,1625.94677734375,118800,0.0,0.0
2025-07-14 00:00:00+09:00,1628.7550631913123,1642.7960551153753,1620.3304680368744,1634.3714599609375,69200,0.0,0.0
2025-07-15 00:00:00+09:00,1634.371521976016,1644.6682497776976,1630.627257320859,1632.4993896484375,49900,0.0,0.0
2025-07-16 00:00:00+09:00,1629.6910137904172,1634.3713440999818,1619.394287109375,1619.394287109375,35900,0.0,0.0
2025-07-17 00:00:00+09:00,1620.3304117088494,1625.0107421875,1617.522213421659,1625.0107421875,26900,0.0,0.0
2025-07-18 00:00:00+09:00,1622.2024852951138,1626.8828156046784,1619.394287109375,1619.394287109375,23700,0.0,0.0
2025-07-22 00:00:00+09:00,1626.8829124854567,1626.8829124854567,1609.09765625,1609.09765625,59400,0.0,0.0
2025-07-23 00:00:00+09:00,1610.0337188314272,1620.3304461030236,1610.0337188314272,1616.586181640625,96400,0.0,0.0
2025-07-24 00:00:00+09:00,1624.0746174189396,1629.6910137904172,1615.6500228617233,1619.394287109375,77100,0.0,0.0
2025-07-25 00:00:00+09:00,1621.2664223559088,1624.0746205470566,1611.90576171875,1611.90576171875,101900,0.0,0.0
2025-07-28 00:00:00+09:00,1618.4581931496662,1622.2024573327772,1605.3532685087782,1612.841796875,108600,0.0,0.0
2025-07-29 00:00:00+09:00,1610.0336264902458,1619.394287109375,1606.2893622425938,1619.394287109375,64700,0.0,0.0
2025-07-30 00:00:00+09:00,1619.3943456131194,1625.0107421875,1612.8418829430084,1625.0107421875,69700,0.0,0.0
2025-07-31 00:00:00+09:00,1625.0107731448127,1628.7550375990634,1623.1386409176873,1624.07470703125,68000,0.0,0.0
2025-08-01 00:00:00+09:00,1626.8828386030857,1639.9877636551244,1625.0107064527945,1637.1795654296875,67100,0.0,0.0
2025-08-04 00:00:00+09:00,1626.8829617825484,1636.2436232427472,1625.0108294905087,1633.4354248046875,96000,0.0,0.0
2025-08-05 00:00:00+09:00,1638.1157788363369,1653.0928373856977,1635.3075803583317,1647.4764404296875,79800,0.0,0.0
2025-08-06 00:00:00+09:00,1653.0928373856977,1656.837102023038,1645.6043081110174,1647.4764404296875,66700,0.0,0.0
2025-08-07 00:00:00+09:00,1647.4763200277619,1653.092716573311,1643.7320556640625,1643.7320556640625,110000,0.0,0.0
2025-08-08 00:00:00+09:00,1643.7322107791083,1645.6043431376268,1636.243681345035,1639.0518798828125,87100,0.0,0.0
2025-08-12 00:00:00+09:00,1642.795930873326,1647.4762611607143,1635.3074024135044,1638.1156005859375,127200,0.0,0.0
2025-08-13 00:00:00+09:00,1640.9238882907096,1651.2206154847756,1638.1156899650553,1642.7960205078125,103700,0.0,0.0
2025-08-14 00:00:00+09:00,1641.8598648158481,1644.6680629882812,1635.3074024135044,1638.1156005859375,110300,0.0,0.0
2025-08-15 00:00:00+09:00,1639.0517285519388,1641.8599268304401,1632.4992659021023,1636.2435302734375,136500,0.0,0.0
2025-08-18 00:00:00+09:00,1636.2434684709822,1639.9877327008928,1634.3713363560269,1638.1156005859375,77800,0.0,0.0
2025-08-19 00:00:00+09:00,1639.9878840514475,1641.8600163391775,1636.2436194759875,1640.9239501953125,92500,0.0,0.0
2025-08-20 00:00:00+09:00,1643.732024746994,1646.5402229669492,1639.0516943804025,1644.6680908203125,93600,0.0,0.0
2025-08-21 00:00:00+09:00,1645.6042809146375,1646.5403470585024,1635.3075533321226,1640.9239501953125,138600,0.0,0.0
2025-08-22 00:00:00+09:00,1639.9879460620716,1641.86007842059,1635.3076151657758,1639.0518798828125,113800,0.0,0.0
2025-08-25 00:00:00+09:00,1645.604160105998,1646.5402261811437,1637.1795654296875,1637.1795654296875,142500,0.0,0.0
2025-08-26 00:00:00+09:00,1639.9877636551244,1640.92382973027,1635.3074332793963,1637.1795654296875,185500,0.0,0.0
2025-08-27 00:00:00+09:00,1636.243592217479,1642.7960551153753,1633.4353938326665,1634.3714599609375,277900,0.0,0.0
2025-08-28 00:00:00+09:00,1641.5628377584585,1662.657687309093,1636.768553769678,1657.8634033203125,316600,41.5,0.0
2025-08-29 00:00:00+09:00,1663.6164829311883,1669.3696235061664,1640.6039206312755,1647.31591796875,113600,0.0,0.0
2025-09-01 00:00:00+09:00,1648.274785809184,1654.0279264228288,1644.4393587334212,1649.233642578125,146500,0.0,0.0
2025-09-02 00:00:00+09:00,1650.1925434536404,1658.8222546047634,1647.3159730699329,1656.904541015625,97100,0.0,0.0
2025-09-03 00:00:00+09:00,1656.9045739619378,1665.534285284656,1654.0280035210317,1662.65771484375,100600,0.0,0.0
2025-09-04 00:00:00+09:00,1661.6987692646596,1668.4107666015625,1656.9044854525862,1668.4107666015625,115500,0.0,0.0
2025-09-05 00:00:00+09:00,1667.4518987482243,1670.3284690163352,1657.863331187855,1666.4930419921875,86900,0.0,0.0
2025-09-08 00:00:00+09:00,1663.6165103420487,1674.163934903295,1657.863369672278,1673.205078125,139400,0.0,0.0
2025-09-09 00:00:00+09:00,1673.2051508327784,1679.9171485725087,1659.7811553533177,1664.575439453125,129400,0.0,0.0
2025-09-10 00:00:00+09:00,1665.5343345340066,1671.2874755859375,1659.7811934820757,1671.2874755859375,60800,0.0,0.0
2025-09-11 00:00:00+09:00,1665.5341852361505,1678.9581798206675,1662.6576149680398,1666.4930419921875,101000,0.0,0.0
2025-09-12 00:00:00+09:00,1668.4107164617633,1671.2872866625596,1658.8221491257761,1659.781005859375,93100,0.0,0.0
2025-09-16 00:00:00+09:00,1659.7809898158482,1681.8346944754464,1658.822133091518,1677.999267578125,138100,0.0,0.0
2025-09-17 00:00:00+09:00,1669.36962890625,1673.2050559686425,1664.5753450782597,1669.36962890625,64400,0.0,0.0
2025-09-18 00:00:00+09:00,1672.2462268667668,1674.1639404296875,1662.6576590521638,1674.1639404296875,88700,0.0,0.0
2025-09-19 00:00:00+09:00,1676.0816429208178,1677.0404996959442,1663.6165048441756,1672.2462158203125,122000,0.0,0.0
2025-09-22 00:00:00+09:00,1664.5753781035346,1677.0405163036187,1664.5753781035346,1675.122802734375,60300,0.0,0.0
2025-09-24 00:00:00+09:00,1675.1228357414075,1680.8759765625,1670.3285517238305,1680.8759765625,92500,0.0,0.0
2025-09-25 00:00:00+09:00,1675.122736245309,1684.7113037109375,1674.163879498746,1684.7113037109375,78600,0.0,0.0
2025-09-26 00:00:00+09:00,1684.7113092659006,1685.670166015625,1678.9581687675538,1685.670166015625,93500,0.0,0.0
2025-09-29 00:00:00+09:00,1686.629146312239,1689.5057167721234,1664.575439453125,1664.575439453125,88200,0.0,0.0
2025-09-30 00:00:00+09:00,1668.4107947280363,1669.3696515066156,1650.192515935029,1652.1102294921875,88700,0.0,0.0
2025-10-01 00:00:00+09:00,1650.192527605237,1650.192527605237,1627.1799647565877,1632.93310546875,180200,0.0,0.0
2025-10-02 00:00:00+09:00,1630.0564963862582,1632.9330666739986,1618.5502152352963,1626.2210693359375,98600,0.0,0.0
2025-10-03 00:00:00+09:00,1626.221163974719,1631.974304885007,1621.4268798828125,1621.4268798828125,70100,0.0,0.0
2025-10-06 00:00:00+09:00,1640.603937161239,1651.1513616549698,1632.93308298398,1650.1925048828125,119500,0.0,0.0
2025-10-07 00:00:00+09:00,1649.2336976156068,1658.822265625,1642.5217000090317,1658.822265625,77900,0.0,0.0
2025-10-08 00:00:00+09:00,1660.7400012164794,1670.328569352833,1659.781144402844,1662.65771484375,71200,0.0,0.0
2025-10-09 00:00:00+09:00,1663.6165716573855,1665.534285284656,1656.9045739619378,1662.65771484375,70400,0.0,0.0
2025-10-10 00:00:00+09:00,1649.233603669549,1655.9456008937855,1637.727322713715,1642.5216064453125,88100,0.0,0.0
2025-10-14 00:00:00+09:00,1631.0154630220852,1651.1514563927283,1630.0566061949119,1645.3983154296875,163300,0.0,0.0
2025-10-15 00:00:00+09:00,1647.315945599291,1660.7399404994017,1646.3570888207116,1652.1102294921875,85400,0.0,0.0
2025-10-16 00:00:00+09:00,1660.7399180158675,1672.2461992030444,1656.904490953475,1669.36962890625,78500,0.0,0.0
2025-10-17 00:00:00+09:00,1670.328562644676,1682.793701171875,1666.4931354055377,1682.793701171875,58200,0.0,0.0
2025-10-20 00:00:00+09:00,1685.6703099782296,1692.382307799531,1682.7937394833862,1689.5057373046875,97500,0.0,0.0
2025-10-21 00:00:00+09:00,1689.5057373046875,1701.0120192840611,1687.5880236414587,1689.5057373046875,79500,0.0,0.0
2025-10-22 00:00:00+09:00,1693.341103008892,1703.8885277728207,1693.341103008892,1700.0531005859375,151100,0.0,0.0
2025-10-23 00:00:00+09:00,1700.0530729682198,1704.8473568739396,1695.2587890625,1695.2587890625,51700,0.0,0.0
2025-10-24 00:00:00+09:00,1701.0119582894595,1701.9708150866913,1678.958251953125,1678.958251953125,45500,0.0,0.0
2025-10-27 00:00:00+09:00,1682.7935957664517,1691.423306513972,1681.834739016727,1685.670166015625,49900,0.0,0.0
2025-10-28 00:00:00+09:00,1688.546741755721,1688.546741755721,1665.5341796875,1665.5341796875,77600,0.0,0.0
2025-10-29 00:00:00+09:00,1661.698792150161,1661.698792150161,1630.0565185546875,1630.0565185546875,96000,0.0,0.0
2025-10-30 00:00:00+09:00,1630.0564299714242,1639.6449972065504,1627.1798598008866,1635.8095703125,104700,0.0,0.0
2025-10-31 00:00:00+09:00,1635.809609221076,1642.5216064453125,1632.9330389821175,1642.5216064453125,66200,0.0,0.0
2025-11-04 00:00:00+09:00,1641.562777393772,1650.1924882562391,1632.9330665313046,1647.31591796875,78900,0.0,0.0
2025-11-05 00:00:00+09:00,1639.6450918692128,1644.4393757635673,1630.056524080504,1631.015380859375,97400,0.0,0.0
2025-11-06 00:00:00+09:00,1633.8919732862903,1643.4805412046371,1632.9331164944556,1634.850830078125,46000,0.0,0.0
2025-11-07 00:00:00+09:00,1634.8507910440135,1649.233642578125,1633.8919342750726,1649.233642578125,61300,0.0,0.0
2025-11-10 00:00:00+09:00,1653.069008724184,1663.6164327937697,1647.3158683225918,1659.781005859375,62200,0.0,0.0
2025-11-11 00:00:00+09:00,1666.4930586094558,1669.36962890625,1651.1513503598867,1669.36962890625,46700,0.0,0.0
2025-11-12 00:00:00+09:00,1673.205078125,1681.8347891296562,1672.246221346705,1673.205078125,61200,0.0,0.0
2025-11-13 00:00:00+09:00,1673.2050725954389,1679.917070021323,1669.3696454949334,1672.2462158203125,38700,0.0,0.0
2025-11-14 00:00:00+09:00,1667.4519539490443,1678.958235402402,1663.6165267979252,1676.0816650390625,51000,0.0,0.0
2025-11-17 00:00:00+09:00,1676.081659518997,1679.9170866574843,1669.369662026644,1675.122802734375,61400,0.0,0.0
2025-11-18 00:00:00+09:00,1668.4108225504558,1677.0405337015789,1654.0279706319175,1656.904541015625,63200,0.0,0.0
2025-11-19 00:00:00+09:00,1655.9456731944344,1663.6165274999096,1654.0279596180658,1654.98681640625,54200,0.0,0.0
2025-11-20 00:00:00+09:00,1658.8222930644363,1669.369718049239,1658.8222930644363,1663.6165771484375,39400,0.0,0.0
2025-11-21 00:00:00+09:00,1663.616564976184,1682.793701171875,1663.616564976184,1682.793701171875,60800,0.0,0.0
2025-11-25 00:00:00+09:00,1685.6701213727679,1689.5055482700893,1677.999267578125,1677.999267578125,45600,0.0,0.0
2025-11-26 00:00:00+09:00,1686.6290227653496,1691.423306513972,1680.8758822670027,1685.670166015625,30600,0.0,0.0
2025-11-27 00:00:00+09:00,1687.5879403087904,1697.1765081514538,1684.7113699559911,1696.2176513671875,36700,0.0,0.0
2025-11-28 00:00:00+09:00,1696.2176347777906,1704.8473457517873,1689.505637353571,1693.341064453125,59500,0.0,0.0
2025-12-01 00:00:00+09:00,1691.4233120142487,1691.4233120142487,1665.5341796875,1665.5341796875,54800,0.0,0.0
2025-12-02 00:00:00+09:00,1667.4519319446808,1673.2050725954389,1661.6987912939228,1672.2462158203125,39000,0.0,0.0
2025-12-03 00:00:00+09:00,1663.6164439488061,1667.4518709089186,1656.9044467686092,1661.69873046875,52900,0.0,0.0
2025-12-04 00:00:00+09:00,1662.6576928287573,1663.6165496296965,1657.8634088240608,1658.822265625,42500,0.0,0.0
2025-12-05 00:00:00+09:00,1658.8222380264945,1661.6988083814538,1654.0279541015625,1654.0279541015625,45100,0.0,0.0
2025-12-08 00:00:00+09:00,1656.9045244565218,1664.575378736413,1650.1925269616167,1654.0279541015625,67500,0.0,0.0
2025-12-09 00:00:00+09:00,1655.9456621422294,1657.8633757057987,1645.3982375425971,1653.069091796875,66900,0.0,0.0
2025-12-10 00:00:00+09:00,1654.9867221913814,1660.7398625929736,1654.9867221913814,1659.781005859375,52200,0.0,0.0
2025-12-11 00:00:00+09:00,1667.4519211879997,1667.4519211879997,1649.233642578125,1649.233642578125,73300,0.0,0.0
2025-12-12 00:00:00+09:00,1658.8222490850735,1663.6165330419667,1653.0691083368015,1655.9456787109375,74000,0.0,0.0
2025-12-15 00:00:00+09:00,1655.9456561156876,1673.205078125,1655.9456561156876,1673.205078125,66500,0.0,0.0
2025-12-16 00:00:00+09:00,1677.999395155893,1686.6291063309804,1675.122824764197,1678.958251953125,83400,0.0,0.0
2025-12-17 00:00:00+09:00,1683.7525193413007,1683.7525193413007,1674.1639514635028,1676.0816650390625,35600,0.0,0.0
2025-12-18 00:00:00+09:00,1676.0815929918717,1690.4644441903147,1676.0815929918717,1684.7113037109375,63300,0.0,0.0
2025-12-19 00:00:00+09:00,1682.793640346702,1688.54678099746,1672.2462158203125,1672.2462158203125,71800,0.0,0.0
2025-12-22 00:00:00+09:00,1672.2462158203125,1679.917070021323,1669.3696454949334,1672.2462158203125,71800,0.0,0.0
2025-12-23 00:00:00+09:00,1672.2461989949659,1691.4233343045412,1672.2461989949659,1690.4644775390625,72700,0.0,0.0
2025-12-24 00:00:00+09:00,1682.7935902178117,1693.341014430003,1682.7935902178117,1684.7113037109375,45600,0.0,0.0
2025-12-25 00:00:00+09:00,1690.464588657013,1695.2588727995458,1685.6703045144804,1688.546875,56100,0.0,0.0
2025-12-26 00:00:00+09:00,1690.464483075131,1693.341053380988,1687.5879127692745,1691.42333984375,52200,0.0,0.0
2025-12-29 00:00:00+09:00,1696.2176014293323,1708.6827392578125,1690.4644608931108,1708.6827392578125,102700,0.0,0.0
2025-12-30 00:00:00+09:00,1714.4359130859375,1720.1890537338768,1706.765058888685,1714.4359130859375,85000,0.0,0.0
2026-01-05 00:00:00+09:00,1716.3536432160804,1720.1890703517588,1705.8062185929648,1717.3125,84600,0.0,0.0
2026-01-06 00:00:00+09:00,1719.2301580563428,1730.7364390918565,1719.2301580563428,1728.8187255859375,85600,0.0,0.0
2026-01-07 00:00:00+09:00,1730.7364888643851,1748.9547676945365,1724.9833481811793,1737.448486328125,94600,0.0,0.0
2026-01-08 00:00:00+09:00,1738.4072265625,1742.2426534275028,1732.6540862649958,1738.4072265625,63500,0.0,0.0
2026-01-09 00:00:00+09:00,1743.2016656591447,1752.790233677072,1740.3250952537667,1744.1605224609375,96900,0.0,0.0
2026-01-13 00:00:00+09:00,1810.3215553977273,1810.3215553977273,1773.8849986683238,1793.0621337890625,223600,0.0,0.0
2026-01-14 00:00:00+09:00,1790.1856689453125,1796.8976666328417,1781.5559576327748,1790.1856689453125,140700,0.0,0.0
2026-01-15 00:00:00+09:00,1790.185613139885,1806.4861784443187,1785.391329226816,1801.69189453125,87200,0.0,0.0
2026-01-16 00:00:00+09:00,1795.9387151604024,1802.6507124941572,1791.1444313505776,1794.9798583984375,85900,0.0,0.0
2026-01-19 00:00:00+09:00,1797.8565289581102,1799.774242588999,1785.3913903573339,1791.14453125,133900,0.0,0.0
2026-01-20 00:00:00+09:00,1792.1033439390121,1794.9799143145162,1781.5559192288306,1783.4736328125,107300,0.0,0.0
2026-01-21 00:00:00+09:00,1774.8439335698667,1775.8027903681216,1750.8725136134935,1764.2965087890625,133400,0.0,0.0
2026-01-22 00:00:00+09:00,1773.8850648941532,1791.1444871471774,1770.0496377268146,1783.4736328125,87200,0.0,0.0
2026-01-23 00:00:00+09:00,1778.6792768758248,1785.3912741470542,1766.2141390863985,1771.0084228515625,95700,0.0,0.0
2026-01-26 00:00:00+09:00,1761.4200111443329,1764.2965816579056,1749.9137290900421,1755.6668701171875,131000,0.0,0.0
2026-01-27 00:00:00+09:00,1750.8725421212887,1755.666826190624,1746.0782580519533,1747.9959716796875,88700,0.0,0.0
2026-01-28 00:00:00+09:00,1746.0781862374827,1746.0781862374827,1735.53076171875,1735.53076171875,97400,0.0,0.0
2026-01-29 00:00:00+09:00,1735.53076171875,1738.4073320420407,1723.0656236511568,1735.53076171875,116900,0.0,0.0
2026-01-30 00:00:00+09:00,1737.4484143327843,1749.913551963207,1729.7775604063702,1746.078125,71300,0.0,0.0
2026-02-02 00:00:00+09:00,1762.378801694999,1765.2553721003771,1743.2016656591447,1744.1605224609375,152300,0.0,0.0
2026-02-03 00:00:00+09:00,1754.7079803884847,1755.666837208369,1741.2839849101028,1749.9136962890625,111600,0.0,0.0
2026-02-04 00:00:00+09:00,1766.2142333984375,1769.0908038111386,1753.7490949433998,1766.2142333984375,123700,0.0,0.0
2026-02-05 00:00:00+09:00,1773.8850098991811,1776.761580185504,1749.9135908464896,1752.7901611328125,249200,0.0,0.0
2026-02-06 00:00:00+09:00,1759.502191741178,1760.4610485214184,1749.9136239387738,1758.5433349609375,139600,0.0,0.0
2026-02-09 00:00:00+09:00,1771.967363175102,1774.8439335698667,1761.4199383942978,1764.2965087890625,230600,0.0,0.0
2026-02-10 00:00:00+09:00,1764.2964476549837,1774.8438720703125,1762.378734124924,1774.8438720703125,143600,0.0,0.0
2026-02-12 00:00:00+09:00,1773.8849986683238,1776.7615689364345,1770.049571644176,1771.96728515625,235400,0.0,0.0
2026-02-13 00:00:00+09:00,1781.5559864600928,1783.4737001161316,1769.0908476958402,1773.8851318359375,195000,0.0,0.0
2026-02-16 00:00:00+09:00,1784.4325061251384,1788.2679333279866,1773.8850813173058,1786.3502197265625,247700,0.0,0.0
2026-02-17 00:00:00+09:00,1795.9387432746169,1798.8153136055425,1776.761607735112,1778.6793212890625,235600,0.0,0.0
2026-02-18 00:00:00+09:00,1791.1444644298288,1801.6918890062357,1781.5558966330952,1800.7330322265625,169000,0.0,0.0
2026-02-19 00:00:00+09:00,1800.7329768105158,1812.2392578125,1796.8975498098544,1812.2392578125,129400,0.0,0.0
2026-02-20 00:00:00+09:00,1812.2392187863034,1815.115788974853,1792.1032274664556,1805.5272216796875,137400,0.0,0.0
2026-02-24 00:00:00+09:00,1817.0335415633267,1817.0335415633267,1804.5684038111772,1812.2392578125,200600,0.0,0.0
2026-02-25 00:00:00+09:00,1816.0746959339488,1816.0746959339488,1808.4038418856533,1814.156982421875,290400,0.0,0.0
2026-02-26 00:00:00+09:00,1793.079308489849,1806.804355137666,1776.4131804174992,1778.3739013671875,426300,41.5,0.0
2026-02-27 00:00:00+09:00,1778.3738019983687,1802.8828125,1771.511279057912,1802.8828125,191500,0.0,0.0
2026-03-02 00:00:00+09:00,1784.2560621335883,1798.9614692390849,1768.570294554392,1787.1971435546875,165900,0.0,0.0
2026-03-03 00:00:00+09:00,1774.4523822297215,1779.354184390577,1757.7862548828125,1757.7862548828125,140100,0.0,0.0
2026-03-04 00:00:00+09:00,1745.041629994768,1752.8845137250814,1710.729013674646,1727.3951416015625,217400,0.0,0.0
2026-03-05 00:00:00+09:00,1761.707722371419,1775.4327686225042,1753.8648387993705,1764.6488037109375,106600,0.0,0.0
2026-03-06 00:00:00+09:00,1768.5702966187464,1778.3739013671875,1756.8059709206173,1778.3739013671875,92200,0.0,0.0
2026-03-09 00:00:00+09:00,1763.6684260271354,1784.2559952025495,1743.0808568517214,1783.275634765625,140600,0.0,0.0
2026-03-10 00:00:00+09:00,1792.0989026311308,1798.96142578125,1779.3542167809094,1798.96142578125,127100,0.0,0.0
2026-03-11 00:00:00+09:00,1801.902507131301,1806.8043093813862,1796.020344431199,1798.96142578125,64900,0.0,0.0
2026-03-12 00:00:00+09:00,1783.2755966694021,1789.157759165288,1762.6880279338015,1768.5701904296875,91100,0.0,0.0
2026-03-13 00:00:00+09:00,1767.5898850504557,1783.2756521945528,1761.707722371419,1764.6488037109375,117500,0.0,0.0
2026-03-16 00:00:00+09:00,1764.6487762078593,1771.5112992264455,1760.727334482953,1766.6094970703125,69700,0.0,0.0
2026-03-17 00:00:00+09:00,1754.8452266570062,1773.4720754315777,1754.8452266570062,1762.6881103515625,72700,0.0,0.0
2026-03-18 00:00:00+09:00,1759.7470367163944,1788.177490234375,1759.7470367163944,1788.177490234375,70700,0.0,0.0
2026-03-19 00:00:00+09:00,1764.6487534951814,1771.5112764254404,1742.1004638671875,1742.1004638671875,83200,0.0,0.0
2026-03-23 00:00:00+09:00,1729.355821197769,1740.1397860691839,1716.6111354406428,1730.336181640625,131100,0.0,0.0
2026-03-24 00:00:00+09:00,1751.904063358011,1768.5701904296875,1743.080819614182,1768.5701904296875,99000,0.0,0.0
2026-03-25 00:00:00+09:00,1781.3148742776777,1785.236315938168,1771.5112701264522,1777.3934326171875,142000,0.0,0.0
2026-03-26 00:00:00+09:00,1764.6487624792014,1771.5112854443983,1756.805879090405,1767.58984375,83900,0.0,0.0
2026-03-27 00:00:00+09:00,1774.452459467811,1779.3542618420315,1768.5702966187464,1778.3739013671875,91900,0.0,0.0
2026-03-30 00:00:00+09:00,1763.6684414434988,1773.4720458984375,1745.041592979115,1773.4720458984375,127400,0.0,0.0
2026-03-31 00:00:00+09:00,1770.5310078972768,1777.3935311837004,1761.707763671875,1761.707763671875,72300,0.0,0.0
2026-04-01 00:00:00+09:00,1774.452377151657,1784.2559814453125,1765.629133287367,1784.2559814453125,72000,0.0,0.0
2026-04-02 00:00:00+09:00,1791.118502775915,1805.8239092026467,1782.295258919876,1793.0792236328125,74400,0.0,0.0
2026-04-03 00:00:00+09:00,1803.8631729200652,1806.8042541802608,1795.0399291394779,1802.8828125,65500,0.0,0.0
2026-04-06 00:00:00+09:00,1807.7847210485397,1812.6865234375,1800.9221977039954,1812.6865234375,64700,0.0,0.0
2026-04-07 00:00:00+09:00,1801.90247957565,1814.6471652309729,1794.0595960954513,1800.922119140625,70700,0.0,0.0
2026-04-08 00:00:00+09:00,1808.7650302814204,1811.7061116314715,1788.1774608310627,1798.96142578125,93500,0.0,0.0
2026-04-09 00:00:00+09:00,1798.9614156422965,1803.8632178647551,1772.4916836410202,1782.2952880859375,85400,0.0,0.0
2026-04-10 00:00:00+09:00,1785.2364267956848,1788.1775082236843,1766.609577751688,1769.5506591796875,108400,0.0,0.0
2026-04-13 00:00:00+09:00,1796.0202951780736,1849.940118450341,1779.3541679848272,1846.0186767578125,397500,0.0,0.0
2026-04-14 00:00:00+09:00,1846.0187594820734,1858.7634455539094,1831.313352476109,1840.1365966796875,162200,0.0,0.0
2026-04-15 00:00:00+09:00,1840.1365946732296,1851.9009202651735,1835.234792343253,1848.9598388671875,144900,0.0,0.0
2026-04-16 00:00:00+09:00,1848.9597939949856,1881.3116885876868,1848.9597939949856,1869.54736328125,172800,0.0,0.0
2026-04-17 00:00:00+09:00,1871.5080549858658,1890.1349030973017,1871.5080549858658,1880.331298828125,110800,0.0,0.0
2026-04-20 00:00:00+09:00,1888.1742237220544,1890.1349446189622,1870.5277356498857,1877.3902587890625,71000,0.0,0.0
2026-04-21 00:00:00+09:00,1877.390288344952,1882.2920906643908,1863.6652418505244,1866.6063232421875,82700,0.0,0.0
2026-04-22 00:00:00+09:00,1858.76335319063,1866.606236537426,1820.529296875,1820.529296875,75400,0.0,0.0
2026-04-23 00:00:00+09:00,1814.6471497143805,1817.5882309943065,1797.0006620348242,1810.7257080078125,83500,0.0,0.0
2026-04-24 00:00:00+09:00,1799.9417689054917,1837.1954656475443,1796.0203271431703,1817.5882568359375,111500,0.0,0.0
2026-04-27 00:00:00+09:00,1813.6668721726899,1823.4704768871368,1804.8436279296875,1804.8436279296875,79200,0.0,0.0
2026-04-28 00:00:00+09:00,1814.647216796875,1819.549019111291,1797.98108892786,1814.647216796875,110500,0.0,0.0
2026-04-30 00:00:00+09:00,1802.8828245946763,1814.6471497143805,1794.0595807548982,1810.7257080078125,82900,0.0,0.0
2026-05-01 00:00:00+09:00,1810.725695860522,1810.725695860522,1792.0988478792822,1802.8828125,68700,0.0,0.0
2026-05-07 00:00:00+09:00,1802.882815717669,1802.882815717669,1782.2952468595552,1785.236328125,106000,0.0,0.0
2026-05-08 00:00:00+09:00,1785.2364342615033,1795.0400390625,1774.452468980407,1795.0400390625,82600,0.0,0.0
2026-05-11 00:00:00+09:00,1797.0007086393266,1805.8239527079322,1771.5113368855773,1781.31494140625,67700,0.0,0.0
2026-05-12 00:00:00+09:00,1783.2756940006348,1783.2756940006348,1754.8452403854515,1761.707763671875,95900,0.0,0.0
2026-05-13 00:00:00+09:00,1772.491740607687,1775.4328220356865,1762.6881358476887,1769.5506591796875,68500,0.0,0.0
2026-05-14 00:00:00+09:00,1767.5898695129056,1774.452392578125,1758.7666255719096,1774.452392578125,40200,0.0,0.0
2026-05-15 00:00:00+09:00,1774.452459467811,1780.3346223168755,1767.5899361439024,1778.3739013671875,60300,0.0,0.0
2026-05-18 00:00:00+09:00,1778.373848125907,1779.354208571401,1751.9041160975721,1773.4720458984375,82300,0.0,0.0
2026-05-19 00:00:00+09:00,1778.3738992913895,1792.0989459231864,1776.41317834399,1787.1971435546875,64400,0.0,0.0
2026-05-20 00:00:00+09:00,1790.1382152265885,1790.1382152265885,1753.8648778972436,1770.531005859375,68800,0.0,0.0
2026-05-21 00:00:00+09:00,1774.452459467811,1779.3542618420315,1767.5899361439024,1778.3739013671875,40600,0.0,0.0
2026-05-22 00:00:00+09:00,1778.3738992913895,1793.0793063968863,1772.491736449191,1787.1971435546875,54900,0.0,0.0
2026-05-25 00:00:00+09:00,1787.1970538731537,1787.1970538731537,1755.8255202889843,1758.7666015625,54500,0.0,0.0
2026-05-26 00:00:00+09:00,1758.766642866023,1768.5702473413073,1754.8452010759092,1755.8255615234375,56300,0.0,0.0
2026-05-27 00:00:00+09:00,1754.8451838203557,1783.2756365191212,1750.9237420688019,1774.452392578125,107200,0.0,0.0
2026-05-28 00:00:00+09:00,1786.2166869450136,1799.9417328381148,1776.4130827356557,1794.0595703125,83300,0.0,0.0
2026-05-29 00:00:00+09:00,1794.059585738968,1807.784631750086,1784.2559814453125,1784.2559814453125,66800,0.0,0.0
2026-06-01 00:00:00+09:00,1774.452368354585,1779.3541704771112,1753.8647994399737,1758.7666015625,88700,0.0,0.0
2026-06-02 00:00:00+09:00,1758.7666585880474,1759.7470190443396,1737.1987285496211,1746.02197265625,104100,0.0,0.0
2026-06-03 00:00:00+09:00,1749.9433440737073,1759.7469482421875,1740.1397399052273,1759.7469482421875,63700,0.0,0.0
2026-06-04 00:00:00+09:00,1761.7077242086082,1761.7077242086082,1744.0612361530964,1755.8255615234375,60900,0.0,0.0
2026-06-05 00:00:00+09:00,1755.825546002004,1774.4523943403838,1754.845185563142,1765.629150390625,51700,0.0,0.0
2026-06-08 00:00:00+09:00,1764.6487624792014,1780.3345292567942,1756.805879090405,1767.58984375,81000,0.0,0.0
2026-06-09 00:00:00+09:00,1775.4328315810235,1788.177517837541,1774.452471099753,1786.216796875,52500,0.0,0.0
2026-06-10 00:00:00+09:00,1794.0595775123575,1830.3329132325528,1784.2559732636562,1828.3721923828125,90600,0.0,0.0
2026-06-11 00:00:00+09:00,1845.0383732923212,1845.0383732923212,1817.5882805972176,1833.2740478515625,58700,0.0,0.0
2026-06-12 00:00:00+09:00,1833.2740322681184,1850.9205202792552,1826.4115091526762,1843.07763671875,74900,0.0,0.0
2026-06-15 00:00:00+09:00,1843.077689820955,1858.7634573938992,1842.0973293476459,1847.9794921875,74800,0.0,0.0
2026-06-16 00:00:00+09:00,1843.0776523855282,1847.9794546525109,1823.470443317597,1833.2740478515625,57500,0.0,0.0
2026-06-17 00:00:00+09:00,1841.1169751581,1856.8027427845802,1821.509765625,1821.509765625,58400,0.0,0.0
2026-06-18 00:00:00+09:00,1819.5490268713374,1847.979480416202,1816.6079454701444,1840.1365966796875,61100,0.0,0.0
2026-06-19 00:00:00+09:00,1838.175858123393,1858.763427734375,1837.195497665727,1858.763427734375,104500,0.0,0.0
2026-06-22 00:00:00+09:00,1858.7634121073256,1887.1938651406128,1853.8616098602072,1868.5670166015625,88600,0.0,0.0
2026-06-23 00:00:00+09:00,1866.6062920267022,1889.1545823190415,1866.6062920267022,1886.2135009765625,106400,0.0,0.0
2026-06-24 00:00:00+09:00,1882.2920748432603,1886.2135166658504,1867.5866680085473,1876.409912109375,60300,0.0,0.0
2026-06-25 00:00:00+09:00,1878.3706744566816,1881.3117558885033,1866.6063487293957,1873.4688720703125,44400,0.0,0.0
2026-06-26 00:00:00+09:00,1880.3313657699093,1885.233168079007,1868.5670402280746,1884.2528076171875,72900,0.0,0.0
2026-06-29 00:00:00+09:00,1890.1348845588707,1907.7813720703125,1888.174163724266,1907.7813720703125,133000,0.0,0.0
2026-06-30 00:00:00+09:00,1908.7617462393557,1918.5653504830093,1899.9385024200674,1906.801025390625,99500,0.0,0.0
2026-07-01 00:00:00+09:00,1905.8206512357078,1914.6438949914286,1892.0956053934754,1907.7813720703125,68000,0.0,0.0
2026-07-02 00:00:00+09:00,1916.6046503422656,1940.13330078125,1910.7224877325195,1940.13330078125,130300,0.0,0.0
2026-07-03 00:00:00+09:00,1940.1333459809316,1945.0351482699182,1919.5457763671875,1919.5457763671875,80300,0.0,0.0
2026-07-06 00:00:00+09:00,1919.545799866032,1945.0351720808005,1917.5850789264343,1935.2315673828125,71500,0.0,0.0
2026-07-07 00:00:00+09:00,1941.1137163765823,1950.9173210047468,1925.427948971519,1936.2119140625,48800,0.0,0.0
2026-07-08 00:00:00+09:00,1950.917342529297,1967.5834705810548,1942.0940982666016,1960.720947265625,125900,0.0,0.0
2026-07-09 00:00:00+09:00,1975.4262612352093,2022.4835617509862,1973.4655403803854,2019.54248046875,231800,0.0,0.0
2026-07-10 00:00:00+09:00,2019.5424699526584,2022.4835512195798,1993.0727385503662,2002.8763427734375,168000,0.0,0.0
2026-07-13 00:00:00+09:00,1953.8582720261381,2089.1480068678875,1941.1135868598863,2067.580078125,386400,0.0,0.0
2026-07-14 00:00:00+09:00,2107.7748976336416,2170.5179643538986,2097.9712934586014,2134.24462890625,239500,0.0,0.0
2026-07-15 00:00:00+09:00,2134.2446894294617,2151.8911774449557,2092.0891902813373,2103.853515625,164300,0.0,0.0
2026-07-16 00:00:00+09:00,2101.8928261700376,2125.4214772092546,2075.4230937509187,2084.246337890625,142800,0.0,0.0
2026-07-17 00:00:00+09:00,2084.2462863344135,2102.873134613037,2062.6783567486386,2070.521240234375,109600,0.0,0.0
2026-07-21 00:00:00+09:00,2081.3051195466114,2116.5980937829177,2081.3051195466114,2094.0498046875,124100,0.0,0.0
2026-07-22 00:00:00+09:00,2071.501567394607,2092.089136213957,2022.483546396154,2029.3460693359375,139800,0.0,0.0
2026-07-23 00:00:00+09:00,2018.5622144786048,2021.5032958984375,1991.1121212268315,2021.5032958984375,90400,0.0,0.0
2026-07-24 00:00:00+09:00,2018.56214257764,2020.5228634543546,1957.7797953994886,1974.4459228515625,135900,0.0,0.0
2026-07-27 00:00:00+09:00,1976.4067026229309,2014.6407608581958,1965.622737479651,2013.660400390625,64200,0.0,0.0
2026-07-28 00:00:00+09:00,2023.4639972032173,2023.4639972032173,1973.4656135513937,1988.1710205078125,128300,0.0,0.0
2026-07-29 00:00:00+09:00,1993.0727977413887,2050.9140643753003,1987.1906350328554,2042.0908203125,100100,0.0,0.0
2026-07-30 00:00:00+09:00,2050.9141409406193,2062.678466796875,2022.4836867880006,2062.678466796875,133600,0.0,0.0
2026-07-31 00:00:00+09:00,2029.3461776136603,2044.0515846978174,2015.6211310017807,2030.3265380859375,88900,0.0,0.0
2026-08-03 00:00:00+09:00,2029.3461123986424,2030.3264728394147,2000.9156596162459,2017.581787109375,95000,0.0,0.0
2026-08-04 00:00:00+09:00,2016.6014942626955,2016.6014942626955,1960.720947265625,1960.720947265625,105000,0.0,0.0
2026-08-05 00:00:00+09:00,1965.6226926103375,1981.3084597334125,1961.7012508295686,1973.465576171875,72900,0.0,0.0
2026-08-06 00:00:00+09:00,1985.2299097649545,2005.817479199554,1970.5245030259548,1998.9549560546875,95600,0.0,0.0
2026-08-07 00:00:00+09:00,2007.7782238442821,2021.5032702963426,2000.9157006182518,2014.6407470703125,71900,0.0,0.0
2026-08-10 00:00:00+09:00,2024.444363511308,2033.2676077106307,2013.660398378802,2022.483642578125,77200,0.0,0.0
2026-08-12 00:00:00+09:00,2028.36572265625,2034.2478852159106,2007.7781536974385,2028.36572265625,80300,0.0,0.0
2026-08-13 00:00:00+09:00,2029.346107098696,2046.9925949865108,2015.621060963729,2044.051513671875,98500,0.0,0.0
2026-08-14 00:00:00+09:00,2048.953229203553,2082.2854826929884,2039.1496252360716,2076.4033203125,93200,0.0,0.0
2026-08-17 00:00:00+09:00,2101.8927777280323,2101.8927777280323,2052.874755859375,2052.874755859375,93400,0.0,0.0
2026-08-18 00:00:00+09:00,2053.85518878377,2091.10888671875,2050.9141073678506,2091.10888671875,97900,0.0,0.0
2026-08-19 00:00:00+09:00,2087.187362464024,2098.951687663445,2076.4033976978876,2096.990966796875,91200,0.0,0.0
2026-08-20 00:00:00+09:00,2102.873235802808,2115.6179220804006,2087.18746807654,2106.794677734375,90400,0.0,0.0
2026-08-21 00:00:00+09:00,2111.696312143257,2136.205322265625,2100.9123476894147,2136.205322265625,99700,0.0,0.0
2026-08-24 00:00:00+09:00,2155.81261009171,2160.714412297467,2131.303599062928,2147.9697265625,121200,0.0,0.0
2026-08-25 00:00:00+09:00,2154.8322772866463,2161.6948004627184,2135.2250682121544,2146.009033203125,117800,0.0,0.0
2026-08-26 00:00:00+09:00,2145.0287043640506,2156.7930299821346,2119.5393321915344,2126.40185546875,170400,0.0,0.0
2026-08-27 00:00:00+09:00,2126.4018022181144,2137.1857670979666,2106.7945933456563,2121.5,274600,0.0,0.0
2026-08-28 00:00:00+09:00,2115.0,2140.0,2088.0,2131.0,219100,42.5,0.0
