Date,Open,High,Low,Close,Volume,Dividends,Stock Splits
2014-02-25 00:00:00+08:00,141.28514099121094,141.28514099121094,133.63162685973046,141.28514099121094,21303,0.0,0.0
2014-02-26 00:00:00+08:00,141.28514099121094,141.28514099121094,136.50738036800607,141.28514099121094,5458,0.0,0.0
2014-02-27 00:00:00+08:00,135.59730529785156,141.28511082880976,134.23678312418994,135.59730529785156,6135,0.0,0.0
2014-03-03 00:00:00+08:00,133.32220458984375,134.23225067698525,131.84792179633206,133.32220458984375,4006,0.0,0.0
2014-03-04 00:00:00+08:00,131.95712280273438,131.95712280273438,129.68200764376147,131.95712280273438,10648,0.0,0.0
2014-03-05 00:00:00+08:00,128.31692504882812,128.31692504882812,125.79609310051795,128.31692504882812,15985,0.0,0.0
2014-03-06 00:00:00+08:00,127.40689086914064,127.40689086914064,126.49683550978415,127.40689086914062,6655,0.0,0.0
2014-03-07 00:00:00+08:00,126.49684143066405,132.38486116025734,126.49684143066405,126.49684143066406,9317,0.0,0.0
2014-03-10 00:00:00+08:00,126.49684143066405,126.49684143066405,126.49684143066405,126.49684143066406,0,0.0,0.0
2014-03-11 00:00:00+08:00,126.49684143066405,126.85630947929641,125.59134198911967,126.49684143066406,3994,0.0,0.0
2014-03-12 00:00:00+08:00,126.49684143066405,126.49684143066405,126.04181835033704,126.49684143066406,4126,0.0,0.0
2014-03-13 00:00:00+08:00,126.95186614990234,127.40688920298075,126.04181080244709,126.95186614990234,5337,0.0,0.0
2014-03-14 00:00:00+08:00,126.95186614990234,126.95186614990234,126.95186614990234,126.95186614990234,0,0.0,0.0
2014-03-17 00:00:00+08:00,127.40689086914064,128.7719600462275,127.40689086914064,127.40689086914062,14642,0.0,0.0
2014-03-18 00:00:00+08:00,129.68199157714844,129.68199157714844,127.40686745874808,129.68199157714844,22627,0.0,0.0
2014-03-19 00:00:00+08:00,128.31692504882812,129.68200334020918,127.40687901543922,128.31692504882812,6788,0.0,0.0
2014-03-20 00:00:00+08:00,128.31692504882812,128.77194806552257,127.86190203213367,128.31692504882812,14641,0.0,0.0
2014-03-21 00:00:00+08:00,127.4523696899414,127.4523696899414,126.9518517812435,127.4523696899414,5324,0.0,0.0
2014-03-24 00:00:00+08:00,127.4523696899414,127.4523696899414,127.4523696899414,127.4523696899414,0,0.0,0.0
2014-03-25 00:00:00+08:00,127.4523696899414,127.4523696899414,127.4523696899414,127.4523696899414,0,0.0,0.0
2014-03-26 00:00:00+08:00,127.4523696899414,127.4523696899414,127.4523696899414,127.4523696899414,0,0.0,0.0
2014-03-27 00:00:00+08:00,127.30221557617186,127.30221557617186,125.13174904589026,127.30221557617188,5324,0.0,0.0
2014-03-28 00:00:00+08:00,125.13176727294923,126.95186876404004,125.13176727294923,125.13176727294922,3593,0.0,0.0
2014-03-31 00:00:00+08:00,125.13176727294923,125.13176727294923,125.13176727294923,125.13176727294922,1337,0.0,0.0
2014-04-01 00:00:00+08:00,126.04180145263673,126.04180145263673,126.04180145263673,126.04180145263672,2662,0.0,0.0
2014-04-02 00:00:00+08:00,126.04180145263673,127.40687975190856,125.58677843331203,126.04180145263672,13316,0.0,0.0
2014-04-03 00:00:00+08:00,124.72222137451172,126.04179546086162,124.72222137451172,124.72222137451172,6721,0.0,0.0
2014-04-07 00:00:00+08:00,124.2217025756836,125.58223418319731,124.2217025756836,124.2217025756836,3993,0.0,0.0
2014-04-08 00:00:00+08:00,124.67674255371092,125.58224194764311,123.76668719960963,124.67674255371094,9318,0.0,0.0
2014-04-09 00:00:00+08:00,124.2217025756836,124.67673484524995,124.2217025756836,124.2217025756836,5324,0.0,0.0
2014-04-10 00:00:00+08:00,125.58222961425783,125.58222961425783,124.22169805624304,125.58222961425781,5325,0.0,0.0
2014-04-11 00:00:00+08:00,125.58222961425783,125.58222961425783,125.58222961425783,125.58222961425781,0,0.0,0.0
2014-04-14 00:00:00+08:00,119.6714553833008,120.58150138152297,118.4428895891819,119.67145538330078,5338,0.0,0.0
2014-04-15 00:00:00+08:00,119.2118911743164,119.2118911743164,119.2118911743164,119.2118911743164,1331,0.0,0.0
2014-04-16 00:00:00+08:00,118.30638122558594,118.30638122558594,116.03126615155159,118.30638122558594,2728,0.0,0.0
2014-04-17 00:00:00+08:00,116.03128051757812,116.9413266598662,114.21117899170318,116.03128051757812,6655,0.0,0.0
2014-04-18 00:00:00+08:00,117.39632415771484,117.39632415771484,116.48627821366871,117.39632415771484,2662,0.0,0.0
2014-04-21 00:00:00+08:00,117.39632415771484,117.39632415771484,117.39632415771484,117.39632415771484,0,0.0,0.0
2014-04-22 00:00:00+08:00,119.21641540527344,119.21641540527344,117.39631442675226,119.21641540527344,6655,0.0,0.0
2014-04-23 00:00:00+08:00,119.21641540527344,119.67143833957974,118.35186443705466,119.21641540527344,14641,0.0,0.0
2014-04-24 00:00:00+08:00,119.21641540527344,119.21641540527344,119.21641540527344,119.21641540527344,0,0.0,0.0
2014-04-25 00:00:00+08:00,118.3518753051758,122.85661940280656,118.3518753051758,118.35187530517578,3993,0.0,0.0
2014-04-28 00:00:00+08:00,118.30638122558594,118.30638122558594,118.30638122558594,118.30638122558594,2662,0.0,0.0
2014-04-29 00:00:00+08:00,119.66690826416014,119.66690826416014,118.76141815863988,119.66690826416016,1410,0.0,0.0
2014-04-30 00:00:00+08:00,116.03128051757812,118.98893972131317,113.75615592055914,116.03128051757812,2728,0.0,0.0
2014-05-02 00:00:00+08:00,117.46002960205077,117.85135233248118,117.46002960205077,117.46002960205078,5324,0.0,0.0
2014-05-05 00:00:00+08:00,117.85134887695314,118.30637185572219,117.6556921381234,117.85134887695312,6388,0.0,0.0
2014-05-06 00:00:00+08:00,118.30183410644531,118.30183410644531,118.30183410644531,118.30183410644531,1,0.0,0.0
2014-05-07 00:00:00+08:00,118.30638122558594,118.30638122558594,118.30183450713099,118.30638122558594,3993,0.0,0.0
2014-05-08 00:00:00+08:00,119.6714553833008,121.49154737974516,119.6714553833008,119.67145538330078,8027,0.0,0.0
2014-05-09 00:00:00+08:00,123.9941940307617,126.90635811575163,121.49155807405843,123.99419403076172,22627,0.0,0.0
2014-05-12 00:00:00+08:00,123.76667785644531,123.9031903078395,123.31165483439368,123.76667785644531,14774,0.0,0.0
2014-05-13 00:00:00+08:00,124.2217025756836,124.67673484524995,123.76667954741518,124.2217025756836,17303,0.0,0.0
2014-05-14 00:00:00+08:00,124.2217025756836,124.2217025756836,123.76667954741518,124.2217025756836,10648,0.0,0.0
2014-05-15 00:00:00+08:00,127.40689086914064,127.40689086914064,122.86118851515076,127.40689086914062,25555,0.0,0.0
2014-05-16 00:00:00+08:00,127.36138153076172,129.32253286843397,125.5867842797445,127.36138153076172,25423,0.0,0.0
2014-05-19 00:00:00+08:00,129.2269744873047,131.0470758433393,127.40688237256806,129.2269744873047,51922,0.0,0.0
2014-05-20 00:00:00+08:00,129.68199157714844,130.13701455256913,128.77193638501018,129.68199157714844,18634,0.0,0.0
2014-05-21 00:00:00+08:00,131.95712280273438,136.05234857148167,129.68200764376147,131.95712280273438,68586,0.0,0.0
2014-05-22 00:00:00+08:00,131.95712280273438,134.11849606570567,131.95712280273438,131.95712280273438,22642,0.0,0.0
2014-05-23 00:00:00+08:00,129.68653869628906,135.14227694144577,129.68653869628906,129.68653869628906,12112,0.0,0.0
2014-05-26 00:00:00+08:00,131.50209045410156,134.22769097443535,129.68654517417815,131.50209045410156,22627,0.0,0.0
2014-05-27 00:00:00+08:00,129.2269744873047,134.2276995668327,129.2269744873047,129.2269744873047,5324,0.0,0.0
2014-05-28 00:00:00+08:00,131.0470733642578,131.0470733642578,129.68200430402902,131.0470733642578,6655,0.0,0.0
2014-05-29 00:00:00+08:00,127.95745086669922,133.7772132667406,127.95745086669922,127.95745086669922,39930,0.0,0.0
2014-05-30 00:00:00+08:00,134.23223876953125,134.68726177273788,131.95711451220063,134.23223876953125,17303,0.0,0.0
2014-06-03 00:00:00+08:00,131.95712280273438,133.09468962351886,129.68655436238615,131.95712280273438,31944,0.0,0.0
2014-06-04 00:00:00+08:00,131.95712280273438,131.95712280273438,131.95712280273438,131.95712280273438,0,0.0,0.0
2014-06-05 00:00:00+08:00,134.23223876953125,136.5028163085228,133.77721576632462,134.23223876953125,25303,0.0,0.0
2014-06-06 00:00:00+08:00,133.32220458984375,134.23225067698525,131.95712621783323,133.32220458984375,9317,0.0,0.0
2014-06-09 00:00:00+08:00,132.86717224121094,134.23224127632355,132.86717224121094,132.86717224121094,7986,0.0,0.0
2014-06-10 00:00:00+08:00,131.0470733642578,131.0470733642578,129.23152800246035,131.0470733642578,6655,0.0,0.0
2014-06-11 00:00:00+08:00,130.592041015625,130.592041015625,129.95955739946547,130.592041015625,2662,0.0,0.0
2014-06-12 00:00:00+08:00,131.0470733642578,131.0470733642578,130.13702732410528,131.0470733642578,10648,0.0,0.0
2014-06-13 00:00:00+08:00,136.02049255371094,136.02049255371094,130.592052494272,136.02049255371094,16638,0.0,0.0
2014-06-16 00:00:00+08:00,131.0470733642578,131.95711940441035,130.13702732410528,131.0470733642578,7320,0.0,0.0
2014-06-17 00:00:00+08:00,130.13702392578125,131.95711595855747,130.13702392578125,130.13702392578125,8278,0.0,0.0
2014-06-18 00:00:00+08:00,130.13702392578125,130.13702392578125,129.6820009175872,130.13702392578125,6788,0.0,0.0
2014-06-19 00:00:00+08:00,130.13702392578125,131.49299027228813,130.13702392578125,130.13702392578125,8119,0.0,0.0
2014-06-20 00:00:00+08:00,130.592041015625,131.0470640031977,130.1370180280523,130.592041015625,21296,0.0,0.0
2014-06-23 00:00:00+08:00,130.592041015625,131.95710997834308,129.68199504047962,130.592041015625,41290,0.0,0.0
2014-06-24 00:00:00+08:00,129.68199157714844,131.04706050341053,128.77193638501018,129.68199157714844,33275,0.0,0.0
2014-06-25 00:00:00+08:00,129.68199157714844,130.13701455256913,129.22695936043087,129.68199157714844,10648,0.0,0.0
2014-06-26 00:00:00+08:00,129.2269744873047,130.13247382607938,128.77195145862052,129.2269744873047,15972,0.0,0.0
2014-06-27 00:00:00+08:00,128.7674102783203,130.13247942308448,128.31693394885477,128.7674102783203,24104,0.0,0.0
2014-06-30 00:00:00+08:00,127.86644744873047,128.77194675442618,127.86644744873047,127.86644744873047,0,0.0,0.0
2014-07-01 00:00:00+08:00,127.18392944335938,128.77196347332736,127.18392944335938,127.18392944335938,40957,0.0,0.0
2014-07-02 00:00:00+08:00,126.65607452392577,127.86188815973037,126.04634300840434,126.65607452392578,25556,0.0,0.0
2014-07-03 00:00:00+08:00,126.72434234619142,126.72434234619142,126.04180778292495,126.7243423461914,5324,0.0,0.0
2014-07-04 00:00:00+08:00,126.95186614990234,126.95186614990234,124.67674164321187,126.95186614990234,5590,0.0,0.0
2014-07-07 00:00:00+08:00,126.49684143066405,127.36139267632458,126.49684143066405,126.49684143066406,6655,0.0,0.0
2014-07-08 00:00:00+08:00,126.49684143066405,127.40689683261708,126.49684143066405,126.49684143066406,31944,0.0,0.0
2014-07-09 00:00:00+08:00,126.72434234619142,127.40688615075611,125.13630841729812,126.7243423461914,2928,0.0,0.0
2014-07-10 00:00:00+08:00,125.58677673339842,125.58677673339842,124.22169845260397,125.58677673339844,6721,0.0,0.0
2014-07-11 00:00:00+08:00,128.31692504882812,128.31692504882812,127.40232305566768,128.31692504882812,11979,0.0,0.0
2014-07-14 00:00:00+08:00,128.31692504882812,128.77194806552257,127.40687901543922,128.31692504882812,13310,0.0,0.0
2014-07-15 00:00:00+08:00,129.04498291015625,130.5875128295268,127.86192104259396,129.04498291015625,38865,0.0,0.0
2014-07-16 00:00:00+08:00,129.2269744873047,129.2269744873047,128.77195145862052,129.2269744873047,6681,0.0,0.0
2014-07-17 00:00:00+08:00,128.77194213867188,128.77194213867188,127.86189614716871,128.77194213867188,2662,0.0,0.0
2014-07-18 00:00:00+08:00,126.49684143066405,129.45450069408864,126.04181835033704,126.49684143066406,69251,0.0,0.0
2014-07-21 00:00:00+08:00,126.04636383056642,127.40688623931659,125.13176178554872,126.0463638305664,13576,0.0,0.0
2014-07-22 00:00:00+08:00,123.771240234375,127.40688712208342,122.85663818302027,123.771240234375,137891,0.0,0.0
2014-07-23 00:00:00+08:00,123.771240234375,123.771240234375,123.771240234375,123.771240234375,0,0.0,0.0
2014-07-24 00:00:00+08:00,129.2269744873047,132.82167304824586,123.76667966049888,129.2269744873047,252623,0.0,0.0
2014-07-25 00:00:00+08:00,127.40689086914064,130.13703846461294,127.40689086914064,127.40689086914062,148126,0.0,0.0
2014-07-28 00:00:00+08:00,131.95712280273438,131.95712280273438,126.50138389852604,131.95712280273438,183039,0.0,0.0
2014-07-29 00:00:00+08:00,128.77194213867188,129.6774414119105,127.86189614716871,128.77194213867188,25289,0.0,0.0
2014-07-30 00:00:00+08:00,131.59451293945312,132.61347104348607,129.03430767184662,131.59451293945312,102033,4.781095,1.1
2014-07-31 00:00:00+08:00,133.13064575195312,133.13064575195312,131.08759593887692,133.13064575195312,36058,0.0,0.0
2014-08-01 00:00:00+08:00,129.5514678955078,134.14959898907242,129.03942682372235,129.5514678955078,9922,0.0,0.0
2014-08-04 00:00:00+08:00,130.0583953857422,130.0583953857422,128.52738670830564,130.0583953857422,2565,0.0,0.0
2014-08-05 00:00:00+08:00,128.5273895263672,129.54635715054985,128.5273895263672,128.5273895263672,6534,0.0,0.0
2014-08-06 00:00:00+08:00,129.03433227539062,129.29035285096782,128.52740567434094,129.03433227539062,5227,0.0,0.0
2014-08-07 00:00:00+08:00,130.0583953857422,130.5704364613377,129.54635431014665,130.0583953857422,13310,0.0,0.0
2014-08-08 00:00:00+08:00,126.98615264892578,129.54635810183805,126.98615264892578,126.98615264892578,15730,0.0,0.0
2014-08-11 00:00:00+08:00,128.9831085205078,129.0291867331686,126.9861464735726,128.9831085205078,12106,0.0,0.0
2014-08-12 00:00:00+08:00,129.02920532226562,129.02920532226562,129.02920532226562,129.02920532226562,1211,0.0,0.0
2014-08-13 00:00:00+08:00,129.54637145996094,129.54637145996094,128.5222891731982,129.54637145996094,13818,0.0,0.0
2014-08-14 00:00:00+08:00,130.57044982910156,130.57044982910156,129.54636757306525,130.57044982910156,7260,0.0,0.0
2014-08-15 00:00:00+08:00,128.00511169433594,128.52227679180427,122.88982475722021,128.00511169433594,21446,0.0,0.0
2014-08-18 00:00:00+08:00,124.68196105957031,124.68196105957031,123.40185840171516,124.68196105957031,1246,0.0,0.0
2014-08-19 00:00:00+08:00,124.68196105957031,124.68196105957031,124.68196105957031,124.68196105957031,0,0.0,0.0
2014-08-20 00:00:00+08:00,124.93798065185547,125.44489770808059,123.91389853327041,124.93798065185547,9680,0.0,0.0
2014-08-21 00:00:00+08:00,124.93798065185547,124.93798065185547,124.93798065185547,124.93798065185547,0,0.0,0.0
2014-08-22 00:00:00+08:00,123.91390991210938,123.91390991210938,123.40186880579684,123.91390991210938,1331,0.0,0.0
2014-08-25 00:00:00+08:00,123.91390991210938,123.91390991210938,123.91390991210938,123.91390991210938,0,0.0,0.0
2014-08-26 00:00:00+08:00,122.88982391357422,123.40186500411212,121.61484519060953,122.88982391357422,7260,0.0,0.0
2014-08-27 00:00:00+08:00,123.40187835693361,123.40187835693361,121.61485835006475,123.4018783569336,246,0.0,0.0
2014-08-28 00:00:00+08:00,124.43107604980469,128.01023982001968,124.43107604980469,124.43107604980469,12100,0.0,0.0
2014-08-29 00:00:00+08:00,130.05328369140625,130.05328369140625,127.95904097726161,130.05328369140625,3630,0.0,0.0
2014-09-01 00:00:00+08:00,124.43107604980469,125.45003426730878,124.43107604980469,124.43107604980469,2874,0.0,0.0
2014-09-02 00:00:00+08:00,125.45004272460938,125.45004272460938,123.56060881947741,125.45004272460938,7744,0.0,0.0
2014-09-03 00:00:00+08:00,125.45004272460938,125.45004272460938,123.56060881947741,125.45004272460938,1222,0.0,0.0
2014-09-04 00:00:00+08:00,124.93798065185547,129.5412261824208,123.56058812250492,124.93798065185547,6963,0.0,0.0
2014-09-05 00:00:00+08:00,123.06902313232422,123.97021418540416,123.06902313232422,123.06902313232422,10188,0.0,0.0
2014-09-09 00:00:00+08:00,122.88982391357422,122.88982391357422,122.88982391357422,122.88982391357422,121,0.0,0.0
2014-09-10 00:00:00+08:00,121.8657455444336,121.87086954797394,121.8657455444336,121.8657455444336,2178,0.0,0.0
2014-09-11 00:00:00+08:00,123.40187835693361,123.40187835693361,122.88983721098978,123.4018783569336,3654,0.0,0.0
2014-09-12 00:00:00+08:00,121.35372161865234,121.86576279769953,120.32963926055798,121.35372161865234,9135,0.0,0.0
2014-09-15 00:00:00+08:00,120.32962036132812,120.84166145995303,117.77453887166462,120.32962036132812,4235,0.0,0.0
2014-09-16 00:00:00+08:00,120.84165954589844,120.84165954589844,120.32961845538394,120.84165954589844,7260,0.0,0.0
2014-09-17 00:00:00+08:00,121.8657455444336,122.88470375400213,121.8657455444336,121.8657455444336,3630,0.0,0.0
2014-09-18 00:00:00+08:00,121.8657455444336,121.8657455444336,121.8657455444336,121.8657455444336,0,0.0,0.0
2014-09-19 00:00:00+08:00,121.8657455444336,121.8657455444336,121.8657455444336,121.8657455444336,0,0.0,0.0
2014-09-22 00:00:00+08:00,119.81758117675781,119.81758117675781,119.81758117675781,119.81758117675781,24,0.0,0.0
2014-09-23 00:00:00+08:00,122.37779235839842,122.37779235839842,121.8657512279636,122.37779235839844,2420,0.0,0.0
2014-09-24 00:00:00+08:00,120.3347396850586,120.84165676050887,120.3347396850586,120.3347396850586,4961,0.0,0.0
2014-09-25 00:00:00+08:00,120.3347396850586,120.3347396850586,120.3347396850586,120.3347396850586,0,0.0,0.0
2014-09-26 00:00:00+08:00,120.3347396850586,121.60971837857686,120.32961568179687,120.3347396850586,8747,0.0,0.0
2014-09-29 00:00:00+08:00,120.3347396850586,120.3347396850586,120.3347396850586,120.3347396850586,242,0.0,0.0
2014-09-30 00:00:00+08:00,120.3347396850586,120.3347396850586,120.3347396850586,120.3347396850586,0,0.0,0.0
2014-10-01 00:00:00+08:00,120.84165954589844,120.84165954589844,120.32961845538394,120.84165954589844,1625,0.0,0.0
2014-10-02 00:00:00+08:00,122.83861541748047,122.83861541748047,121.86574488340892,122.83861541748047,1452,0.0,0.0
2014-10-03 00:00:00+08:00,120.84165954589844,120.84165954589844,116.7504548251623,120.84165954589844,387,0.0,0.0
2014-10-06 00:00:00+08:00,120.84165954589844,120.84165954589844,120.84165954589844,120.84165954589844,121,0.0,0.0
2014-10-07 00:00:00+08:00,120.84165954589844,120.84165954589844,120.84165954589844,120.84165954589844,0,0.0,0.0
2014-10-08 00:00:00+08:00,120.84165954589844,120.84165954589844,120.84165954589844,120.84165954589844,0,0.0,0.0
2014-10-09 00:00:00+08:00,120.84165954589844,120.84165954589844,120.84165954589844,120.84165954589844,0,0.0,0.0
2014-10-13 00:00:00+08:00,120.84165954589844,120.84165954589844,120.84165954589844,120.84165954589844,0,0.0,0.0
2014-10-14 00:00:00+08:00,120.84165954589844,120.84165954589844,120.84165954589844,120.84165954589844,0,0.0,0.0
2014-10-15 00:00:00+08:00,113.67308044433594,121.35369654297497,111.11799908132993,113.67308044433594,38937,0.0,0.0
2014-10-16 00:00:00+08:00,115.20919799804688,115.20919799804688,111.1128696135645,115.20919799804688,9196,0.0,0.0
2014-10-17 00:00:00+08:00,115.20919799804688,115.20919799804688,113.16615780876069,115.20919799804688,13979,0.0,0.0
2014-10-20 00:00:00+08:00,112.65412902832031,112.65412902832031,112.65412902832031,112.65412902832031,1210,0.0,0.0
2014-10-21 00:00:00+08:00,112.65412902832031,112.65412902832031,112.65412902832031,112.65412902832031,0,0.0,0.0
2014-10-22 00:00:00+08:00,107.50299835205078,111.62492850234551,107.50299835205078,107.50299835205078,12100,0.0,0.0
2014-10-23 00:00:00+08:00,110.08879089355469,110.08879089355469,102.40818439098781,110.08879089355469,15013,0.0,0.0
2014-10-24 00:00:00+08:00,110.08879089355469,110.08879089355469,110.08879089355469,110.08879089355469,0,0.0,0.0
2014-10-27 00:00:00+08:00,107.52349090576172,107.52349090576172,104.4563679592079,107.52349090576172,3752,0.0,0.0
2014-10-28 00:00:00+08:00,107.52349090576172,107.52349090576172,107.52349090576172,107.52349090576172,0,0.0,0.0
2014-10-29 00:00:00+08:00,107.01654052734375,107.52346702300497,104.9683858024129,107.01654052734375,3751,0.0,0.0
2014-10-30 00:00:00+08:00,107.5285873413086,107.5285873413086,107.5285873413086,107.5285873413086,1210,0.0,0.0
2014-10-31 00:00:00+08:00,119.81758117675781,119.81758117675781,107.5286040673279,119.81758117675781,16952,0.0,0.0
2014-11-03 00:00:00+08:00,115.20919799804688,118.83957299942398,114.31824543995636,115.20919799804688,19662,0.0,0.0
2014-11-04 00:00:00+08:00,122.88982391357422,122.88982391357422,115.20920755550563,122.88982391357422,11387,0.0,0.0
2014-11-05 00:00:00+08:00,121.75820159912108,122.88981211145438,120.32960690464242,121.7582015991211,12711,0.0,0.0
2014-11-06 00:00:00+08:00,120.32962036132812,120.84166145995303,119.81757926270322,120.32962036132812,7266,0.0,0.0
2014-11-07 00:00:00+08:00,122.37779235839842,122.37779235839842,120.3296278366591,122.37779235839844,16093,0.0,0.0
2014-11-10 00:00:00+08:00,120.84165954589844,122.88982390795643,120.84165954589844,120.84165954589844,17666,0.0,0.0
2014-11-11 00:00:00+08:00,120.84165954589844,120.84165954589844,120.32961845538394,120.84165954589844,12100,0.0,0.0
2014-11-12 00:00:00+08:00,120.84165954589844,120.84165954589844,120.32961845538394,120.84165954589844,10285,0.0,0.0
2014-11-13 00:00:00+08:00,120.84165954589844,120.84165954589844,120.32961845538394,120.84165954589844,26015,0.0,0.0
2014-11-14 00:00:00+08:00,121.35372161865234,121.35372161865234,120.32963926055798,121.35372161865234,10890,0.0,0.0
2014-11-17 00:00:00+08:00,121.8657455444336,121.8657455444336,120.32962222477026,121.8657455444336,23232,0.0,0.0
2014-11-18 00:00:00+08:00,120.79047393798827,120.84167616330458,120.32963500237733,120.79047393798828,23595,0.0,0.0
2014-11-19 00:00:00+08:00,120.32962036132812,121.35370255857794,120.32962036132812,120.32962036132812,24200,0.0,0.0
2014-11-20 00:00:00+08:00,121.35372161865234,121.86576279769953,121.20010548338523,121.35372161865234,40051,0.0,0.0
2014-11-21 00:00:00+08:00,120.84165954589844,122.63380336269918,120.84165954589844,120.84165954589844,37510,0.0,0.0
2014-11-24 00:00:00+08:00,122.88982391357422,122.88982391357422,120.8416595514226,122.88982391357422,16941,0.0,0.0
2014-11-25 00:00:00+08:00,123.42749023437499,123.42749023437499,121.3537243578137,123.427490234375,26638,0.0,0.0
2014-11-26 00:00:00+08:00,134.15475463867188,134.15475463867188,123.40188959463273,134.15475463867188,53013,0.0,0.0
2014-11-27 00:00:00+08:00,133.13064575195312,135.69085120517383,132.10656357066486,133.13064575195312,33996,0.0,0.0
2014-11-28 00:00:00+08:00,132.6697998046875,133.13063865246812,130.57043333577602,132.6697998046875,50832,0.0,0.0
2014-12-01 00:00:00+08:00,132.51617431640625,132.51617431640625,132.10654716708254,132.51617431640625,12100,0.0,0.0
2014-12-02 00:00:00+08:00,133.07943725585938,133.07943725585938,133.07943725585938,133.07943725585938,67760,0.0,0.0
2014-12-03 00:00:00+08:00,133.07943725585938,133.07943725585938,133.07943725585938,133.07943725585938,62920,0.0,0.0
2014-12-04 00:00:00+08:00,133.02822875976562,133.02822875976562,133.02822875976562,133.02822875976562,26620,0.0,0.0
2014-12-05 00:00:00+08:00,132.4906005859375,132.5162016971925,126.47923655165542,132.4906005859375,145563,0.0,0.0
2014-12-08 00:00:00+08:00,132.05535888671875,133.12552879342715,126.47923281622022,132.05535888671875,48763,0.0,0.0
2014-12-09 00:00:00+08:00,132.05535888671875,132.51619778346173,131.08248832611628,132.05535888671875,84700,0.0,0.0
2014-12-10 00:00:00+08:00,132.51617431640625,132.51617431640625,132.05533550127242,132.51617431640625,60742,0.0,0.0
2014-12-11 00:00:00+08:00,132.61859130859375,132.61859130859375,126.47921338850827,132.61859130859375,25410,0.0,0.0
2014-12-12 00:00:00+08:00,128.01025390625,132.61862440823404,126.47924495585058,128.01025390625,29040,0.0,0.0
2014-12-15 00:00:00+08:00,126.47924041748045,132.97704467197565,126.47924041748045,126.47924041748047,29040,0.0,0.0
2014-12-16 00:00:00+08:00,126.47924041748045,132.5162057475368,126.47924041748045,126.47924041748047,21780,0.0,0.0
2014-12-17 00:00:00+08:00,132.61859130859375,132.61859130859375,126.47921338850827,132.61859130859375,44770,0.0,0.0
2014-12-18 00:00:00+08:00,132.61859130859375,132.89508893183964,126.47921338850827,132.61859130859375,70180,0.0,0.0
2014-12-19 00:00:00+08:00,129.03433227539062,132.1577814066563,126.47412651961842,129.03433227539062,36300,0.0,0.0
2014-12-22 00:00:00+08:00,128.01025390625,132.0041693356402,126.47924495585058,128.01025390625,37510,0.0,0.0
2014-12-23 00:00:00+08:00,132.004150390625,132.004150390625,126.4792268037632,132.004150390625,54450,0.0,0.0
2014-12-24 00:00:00+08:00,128.01025390625,132.0041693356402,126.47924495585058,128.01025390625,111102,0.0,0.0
2014-12-25 00:00:00+08:00,132.1065673828125,132.1065673828125,126.47922977284145,132.1065673828125,6050,0.0,0.0
2014-12-26 00:00:00+08:00,132.004150390625,132.10656428163347,126.47411225423531,132.004150390625,93170,0.0,0.0
2014-12-29 00:00:00+08:00,132.004150390625,132.004150390625,126.4792268037632,132.004150390625,39930,0.0,0.0
2014-12-30 00:00:00+08:00,132.004150390625,132.004150390625,126.47411225423531,132.004150390625,33880,0.0,0.0
2014-12-31 00:00:00+08:00,133.13064575195312,133.13064575195312,125.5012316105793,133.13064575195312,53240,0.0,0.0
2015-01-05 00:00:00+08:00,125.01993560791016,131.5945435059489,125.01993560791016,125.01993560791016,11495,0.0,0.0
2015-01-06 00:00:00+08:00,124.09312438964844,126.47411264515279,124.09312438964844,124.09312438964844,4235,0.0,0.0
2015-01-07 00:00:00+08:00,124.09312438964844,124.09312438964844,124.09312438964844,124.09312438964844,0,0.0,0.0
2015-01-08 00:00:00+08:00,125.39884185791016,125.39884185791016,125.39884185791016,125.39884185791016,6050,0.0,0.0
2015-01-09 00:00:00+08:00,125.96207427978514,125.96207427978514,125.80845816640917,125.96207427978516,7260,0.0,0.0
2015-01-12 00:00:00+08:00,122.37779235839842,122.37779235839842,121.60973066274619,122.37779235839844,16970,0.0,0.0
2015-01-13 00:00:00+08:00,122.2446517944336,122.2446517944336,121.86574025755583,122.2446517944336,12100,0.0,0.0
2015-01-14 00:00:00+08:00,122.2446517944336,122.2446517944336,122.2446517944336,122.2446517944336,0,0.0,0.0
2015-01-15 00:00:00+08:00,122.37779235839842,122.37779235839842,121.8657512279636,122.37779235839844,50820,0.0,0.0
2015-01-16 00:00:00+08:00,122.27537536621094,122.61332323392891,121.86573872234655,122.27537536621094,32670,0.0,0.0
2015-01-19 00:00:00+08:00,122.83863067626953,122.88983289829066,121.35370951436795,122.83863067626953,61257,0.0,0.0
2015-01-20 00:00:00+08:00,123.8115005493164,123.9139049849546,121.87086464447924,123.8115005493164,65098,0.0,0.0
2015-01-21 00:00:00+08:00,125.45004272460938,127.60061175231615,122.88983699930047,125.45004272460938,102160,0.0,0.0
2015-01-22 00:00:00+08:00,124.93798065185547,125.450021711148,124.83557622154905,124.93798065185547,58080,0.0,0.0
2015-01-23 00:00:00+08:00,125.32714080810547,125.32714080810547,121.86574410319905,125.32714080810547,24442,0.0,0.0
2015-01-26 00:00:00+08:00,124.32353210449219,124.32353210449219,121.35881425502873,124.32353210449219,40051,0.0,0.0
2015-01-27 00:00:00+08:00,122.88982391357422,123.29946056755685,121.35882464534058,122.88982391357422,25773,0.0,0.0
2015-01-28 00:00:00+08:00,122.78742980957031,122.78742980957031,120.89287194282471,122.78742980957031,39058,0.0,0.0
2015-01-29 00:00:00+08:00,122.78742980957031,122.78742980957031,120.89287194282471,122.78742980957031,52877,0.0,0.0
2015-01-30 00:00:00+08:00,122.27537536621094,122.78741644410114,119.56155387184063,122.27537536621094,32700,0.0,0.0
2015-02-02 00:00:00+08:00,124.37474822998048,124.37474822998048,121.8657449297429,124.37474822998047,50821,0.0,0.0
2015-02-03 00:00:00+08:00,121.50732421875001,122.16273345152418,120.94407142143508,121.50732421875,52030,0.0,0.0
2015-02-04 00:00:00+08:00,121.25129699707031,122.37265961864284,119.56155760571039,121.25129699707031,41140,0.0,0.0
2015-02-05 00:00:00+08:00,121.71214294433594,121.76335462378215,121.30251568594105,121.71214294433594,41140,0.0,0.0
2015-02-06 00:00:00+08:00,122.27537536621094,122.27537536621094,119.30553333289552,122.27537536621094,20570,0.0,0.0
2015-02-09 00:00:00+08:00,119.30553436279297,119.81757544510333,119.17752881915568,119.30553436279297,10769,0.0,0.0
2015-02-10 00:00:00+08:00,121.3025131225586,121.3025131225586,118.2046650948095,121.3025131225586,2663,0.0,0.0
2015-02-11 00:00:00+08:00,120.32962036132812,120.32962036132812,119.81757926270322,120.32962036132812,32791,0.0,0.0
2015-02-12 00:00:00+08:00,120.73924255371095,121.34856401403304,120.22720151644344,120.73924255371094,53240,0.0,0.0
2015-02-13 00:00:00+08:00,120.79047393798827,121.30251509891553,120.32963500237733,120.79047393798828,53361,0.0,0.0
2015-02-24 00:00:00+08:00,119.81758117675781,121.2513000573632,115.72125232232082,119.81758117675781,7506,0.0,0.0
2015-02-25 00:00:00+08:00,121.35372161865234,121.35372161865234,121.35372161865234,121.35372161865234,1210,0.0,0.0
2015-02-26 00:00:00+08:00,121.35372161865234,121.35372161865234,120.84168043960517,121.35372161865234,4598,0.0,0.0
2015-03-02 00:00:00+08:00,122.22416687011719,122.22416687011719,121.35370079664551,122.22416687011719,57112,0.0,0.0
2015-03-03 00:00:00+08:00,122.88982391357422,122.88982391357422,122.37778282303631,122.88982391357422,8482,0.0,0.0
2015-03-04 00:00:00+08:00,121.96815490722655,122.59797248958202,121.96815490722655,121.96815490722656,47311,0.0,0.0
2015-03-05 00:00:00+08:00,122.88470458984375,122.88470458984375,121.86574637334442,122.88470458984375,4882,0.0,0.0
2015-03-06 00:00:00+08:00,122.22416687011719,122.22416687011719,119.35673865022608,122.22416687011719,20630,0.0,0.0
2015-03-09 00:00:00+08:00,122.87959289550783,122.87959289550783,118.89591637024625,122.87959289550781,22144,0.0,0.0
2015-03-10 00:00:00+08:00,121.3025131225586,122.73622267746654,121.3025131225586,121.3025131225586,21780,0.0,0.0
2015-03-11 00:00:00+08:00,122.78742980957031,122.78742980957031,121.7121358658502,122.78742980957031,10891,0.0,0.0
2015-03-12 00:00:00+08:00,120.32962036132812,120.32962036132812,120.32962036132812,120.32962036132812,1210,0.0,0.0
2015-03-13 00:00:00+08:00,122.78742980957031,122.78742980957031,121.35371085386454,122.78742980957031,19759,0.0,0.0
2015-03-16 00:00:00+08:00,121.76334381103516,121.76334381103516,120.32962489926388,121.76334381103516,64493,0.0,0.0
2015-03-17 00:00:00+08:00,119.81758117675781,120.79046117046282,118.89591285683814,119.81758117675781,53966,0.0,0.0
2015-03-18 00:00:00+08:00,117.76941680908202,121.20008844485508,117.76941680908202,117.76941680908203,71754,0.0,0.0
2015-03-19 00:00:00+08:00,121.20009613037111,121.25130780742974,119.40795214200575,121.2000961303711,67901,0.0,0.0
2015-03-20 00:00:00+08:00,120.84165954589844,121.20008452770628,120.22721401883335,120.84165954589844,68116,0.0,0.0
2015-03-23 00:00:00+08:00,120.63684844970705,120.68805067105131,116.84775171589163,120.63684844970703,79424,0.0,0.0
2015-03-24 00:00:00+08:00,120.27842712402342,120.9952866064059,117.7694236626256,120.27842712402344,71511,0.0,0.0
2015-03-25 00:00:00+08:00,119.81758117675781,120.86726450031918,116.75045853947292,119.81758117675781,169819,0.0,0.0
2015-03-26 00:00:00+08:00,120.32962036132812,120.68804534881319,117.00135322026627,120.32962036132812,266608,0.0,0.0
2015-03-27 00:00:00+08:00,120.68804931640626,120.68804931640626,117.00135706666015,120.68804931640625,201043,0.0,0.0
2015-03-30 00:00:00+08:00,120.79047393798827,120.79047393798827,117.76942919774103,120.79047393798828,118279,0.0,0.0
2015-03-31 00:00:00+08:00,118.79350280761717,120.79046507955836,117.76942056086595,118.79350280761719,33305,0.0,0.0
2015-04-01 00:00:00+08:00,120.32451629638672,120.79047925659927,117.76943438333028,120.32451629638672,53554,0.0,0.0
2015-04-02 00:00:00+08:00,118.63988494873047,120.3244908208824,116.74532729867184,118.63988494873047,171515,0.0,0.0
2015-04-07 00:00:00+08:00,118.38386535644531,120.02239302817529,117.25736930998545,118.38386535644531,78515,0.0,0.0
2015-04-08 00:00:00+08:00,117.25738525390625,118.79350870023072,114.80470796219724,117.25738525390625,120910,0.0,0.0
2015-04-09 00:00:00+08:00,112.64900970458986,117.25737983041276,112.64900970458986,112.64900970458984,1836901,0.0,0.0
2015-04-10 00:00:00+08:00,114.69717840624543,115.20921955009263,109.06472582392624,109.57676696777344,678831,0.0,0.0
2015-04-13 00:00:00+08:00,110.08880434826797,111.62492772729765,108.04063984289506,108.55268096923828,340222,0.0,0.0
2015-04-14 00:00:00+08:00,109.57676030244416,109.83278085879455,106.760543636471,109.32073974609375,251209,0.0,0.0
2015-04-15 00:00:00+08:00,109.57676190267641,114.95319366455078,109.57676190267641,114.95319366455078,478246,0.0,0.0
2015-04-16 00:00:00+08:00,114.95318991931552,114.95318991931552,111.3689021948439,111.88094329833984,254593,0.0,0.0
2015-04-17 00:00:00+08:00,111.88093461672568,112.64899621237039,110.08879089355469,110.08879089355469,133342,0.0,0.0
2015-04-20 00:00:00+08:00,110.08879766721034,110.08879766721034,107.52860164474856,107.78462219238281,110231,0.0,0.0
2015-04-21 00:00:00+08:00,108.04062936404404,108.55267044072446,105.73645397286272,107.27256774902344,255594,0.0,0.0
2015-04-22 00:00:00+08:00,107.27255737385053,109.06470096889966,105.48042323268102,107.5285873413086,98386,0.0,0.0
2015-04-23 00:00:00+08:00,107.01655492615929,107.52860549363706,105.99248215284733,106.76054382324219,140408,0.0,0.0
2015-04-24 00:00:00+08:00,105.99247835894298,110.08879766721034,105.99247835894298,107.78462219238281,116281,0.0,0.0
2015-04-27 00:00:00+08:00,108.55266770226525,111.11287302108097,108.0406266385021,110.08879089355469,139412,0.0,0.0
2015-04-28 00:00:00+08:00,110.08880811162064,110.08880811162064,108.04064353623184,109.57676696777344,96800,0.0,0.0
2015-04-29 00:00:00+08:00,109.57676322192474,110.34482491143957,108.55268096923828,108.55268096923828,55660,0.0,0.0
2015-04-30 00:00:00+08:00,108.55268317990766,115.97727966308594,108.55268317990766,115.97727966308594,525470,0.0,0.0
2015-05-04 00:00:00+08:00,116.23328009416747,118.02542376237851,113.16103380580569,115.20919799804688,398783,0.0,0.0
2015-05-05 00:00:00+08:00,115.97725957013732,116.23328009416747,114.18511590192628,115.20919799804688,177023,0.0,0.0
2015-05-06 00:00:00+08:00,115.20922138914125,122.37779751743176,114.69718023712049,119.04953002929688,473660,0.0,0.0
2015-05-07 00:00:00+08:00,117.76939081519454,119.56153429435753,115.97724733603155,116.48928833007812,151358,0.0,0.0
2015-05-08 00:00:00+08:00,117.76942364178414,117.76942364178414,115.97727966308594,115.97727966308594,106097,0.0,0.0
2015-05-11 00:00:00+08:00,117.76941396615511,117.76941396615511,114.44114685058594,114.44114685058594,204792,0.0,0.0
2015-05-12 00:00:00+08:00,114.95318414196493,116.23328683636902,113.67308144756085,115.46522521972656,53367,0.0,0.0
2015-05-13 00:00:00+08:00,114.69715694998658,115.72123904610717,114.18511590192628,115.20919799804688,80344,0.0,0.0
2015-05-14 00:00:00+08:00,115.72124575860738,115.72124575860738,114.6971636030841,115.46522521972656,29282,0.0,0.0
2015-05-15 00:00:00+08:00,115.97727590490781,116.74533758517558,114.69717310446153,114.95319366455078,44770,0.0,0.0
2015-05-18 00:00:00+08:00,116.23328388799912,116.23328388799912,114.18511962890625,114.18511962890625,42531,0.0,0.0
2015-05-19 00:00:00+08:00,114.69714485091514,117.25734982114797,114.44112435389185,116.48928833007812,82468,0.0,0.0
2015-05-20 00:00:00+08:00,116.74532114222777,116.74532114222777,115.20919799804688,115.20919799804688,29161,0.0,0.0
2015-05-21 00:00:00+08:00,114.18512924554045,114.69717035343761,109.83277982841467,111.62492370605469,155182,0.0,0.0
2015-05-22 00:00:00+08:00,112.13697644938965,112.13697644938965,110.08881180528157,110.6008529663086,90987,0.0,0.0
2015-05-25 00:00:00+08:00,115.2092113340747,115.72125244140625,112.13696469008539,115.72125244140625,108295,0.0,0.0
2015-05-26 00:00:00+08:00,116.2333002314714,117.25738250501323,115.46523852631502,115.97727966308594,101845,0.0,0.0
2015-05-27 00:00:00+08:00,117.25737956386888,119.56156462154257,116.74533843994139,116.7453384399414,193735,0.0,0.0
2015-05-28 00:00:00+08:00,117.76942068779637,118.5374823736876,115.72125619208643,116.7453384399414,204792,0.0,0.0
2015-05-29 00:00:00+08:00,117.51339631706668,117.51339631706668,113.67308801208004,115.72125244140625,134346,0.0,0.0
2015-06-01 00:00:00+08:00,115.72124473730635,115.72124473730635,112.39297776122943,113.67308044433594,89648,0.0,0.0
2015-06-02 00:00:00+08:00,113.67307856413304,115.72124282322591,113.16103749935981,114.18511962890625,71409,0.0,0.0
2015-06-03 00:00:00+08:00,115.20920270911708,115.20920270911708,113.16103843312351,113.9291000366211,52030,0.0,0.0
2015-06-04 00:00:00+08:00,113.417071392227,114.18513307986416,112.39298914204413,112.64900970458984,168238,0.0,0.0
2015-06-05 00:00:00+08:00,112.13696481395185,112.13696481395185,110.6008414902604,111.62492370605469,62944,0.0,0.0
2015-06-08 00:00:00+08:00,111.62493528836264,111.88095586887614,110.60085296630858,110.6008529663086,56884,0.0,0.0
2015-06-09 00:00:00+08:00,110.60084252784573,112.1369658659481,109.06471918974336,109.32073974609375,66846,0.0,0.0
2015-06-10 00:00:00+08:00,109.32074363882055,109.5767642042874,107.78462969990093,108.29666137695312,58496,0.0,0.0
2015-06-11 00:00:00+08:00,109.06472582392624,111.88095211508583,108.55268468007904,109.57676696777344,37873,0.0,0.0
2015-06-12 00:00:00+08:00,108.5526837118583,109.83278656005858,108.29666314221824,109.8327865600586,66892,0.0,0.0
2015-06-15 00:00:00+08:00,109.83277417778201,112.13695904477441,109.83277417778201,106.5045166015625,101664,0.0,0.0
2015-06-16 00:00:00+08:00,112.15248052716558,114.03512664437405,111.61457879900628,111.88352966308594,104447,8.264463,0.0
2015-06-17 00:00:00+08:00,112.15249633789064,112.42143730853523,111.88354543589557,112.15249633789062,21876,0.0,0.0
2015-06-18 00:00:00+08:00,112.42143730853523,112.95934904387583,112.15249633789064,112.15249633789062,21792,0.0,0.0
2015-06-22 00:00:00+08:00,112.42142804846671,112.42142804846671,111.34563446044923,111.34563446044922,12132,0.0,0.0
2015-06-23 00:00:00+08:00,111.61459550681586,111.61459550681586,108.65613555908203,108.65613555908203,87207,0.0,0.0
2015-06-24 00:00:00+08:00,109.46298878630334,110.26984150311185,108.65613606949482,108.92508697509766,95602,0.0,0.0
2015-06-25 00:00:00+08:00,108.92508748425327,109.19403839111328,108.65613657739326,109.19403839111328,20582,0.0,0.0
2015-06-26 00:00:00+08:00,109.4629892979733,109.73194020483331,108.92508748425327,109.19403839111328,68002,0.0,0.0
2015-06-29 00:00:00+08:00,109.19403370482961,109.19403370482961,106.50452475165523,106.77347564697266,60712,0.0,0.0
2015-06-30 00:00:00+08:00,107.04240174223351,112.95932006835938,106.50450007622206,112.95932006835938,182794,0.0,0.0
2015-07-01 00:00:00+08:00,109.73193917643978,109.73193917643978,107.58033194172427,108.65613555908203,89600,0.0,0.0
2015-07-02 00:00:00+08:00,107.84928335268631,108.92508697509766,107.84928335268631,108.92508697509766,35513,0.0,0.0
2015-07-03 00:00:00+08:00,107.84927474539535,108.38717651367188,107.04242209298054,108.38717651367188,50820,0.0,0.0
2015-07-06 00:00:00+08:00,108.11822562953361,108.38717651367188,107.04242209298054,108.38717651367188,32670,0.0,0.0
2015-07-07 00:00:00+08:00,109.19402808906818,109.19402808906818,107.58032280015512,107.84927368164062,36554,0.0,0.0
2015-07-08 00:00:00+08:00,108.11823733996374,108.11823733996374,106.50453186035156,106.50453186035156,179181,0.0,0.0
2015-07-09 00:00:00+08:00,105.69767912054547,106.50453186035156,101.663415421515,106.50453186035156,93666,0.0,0.0
2015-07-10 00:00:00+08:00,106.50453186035156,106.50453186035156,106.50453186035156,106.50453186035156,0,0.0,0.0
2015-07-13 00:00:00+08:00,107.58032989501953,108.11823169346489,107.04242809657418,107.58032989501953,55660,0.0,0.0
2015-07-14 00:00:00+08:00,108.11823169346489,108.11823169346489,107.04242809657418,107.58032989501953,36300,0.0,0.0
2015-07-15 00:00:00+08:00,107.58033092346321,108.11823272705078,107.58033092346321,108.11823272705078,36300,0.0,0.0
2015-07-16 00:00:00+08:00,107.8492807942422,107.8492807942422,107.04242809657418,107.58032989501953,33880,0.0,0.0
2015-07-17 00:00:00+08:00,106.50452526973683,107.04242706298828,106.50452526973683,107.04242706298828,12124,0.0,0.0
2015-07-20 00:00:00+08:00,107.58032989501953,107.58032989501953,107.04242809657418,107.58032989501953,29161,0.0,0.0
2015-07-21 00:00:00+08:00,106.5045155135088,106.77346638549758,105.96661376953125,105.96661376953125,19571,0.0,0.0
2015-07-22 00:00:00+08:00,105.42871643578958,105.42871643578958,104.35291290283205,104.35291290283203,26680,0.0,0.0
2015-07-23 00:00:00+08:00,104.89081466931081,104.89081466931081,103.81501113635326,104.35291290283203,41140,0.0,0.0
2015-07-24 00:00:00+08:00,105.42871643578958,105.42871643578958,104.35291290283205,104.35291290283203,19360,0.0,0.0
2015-07-27 00:00:00+08:00,104.62185602805152,104.62185602805152,99.78074048872563,100.58759307861328,251797,0.0,0.0
2015-07-28 00:00:00+08:00,100.58759417817276,103.81500457300336,100.58759417817276,101.12549591064453,15730,0.0,0.0
2015-07-29 00:00:00+08:00,100.58760385149915,102.20130920410155,100.58760385149915,102.20130920410156,23062,0.0,0.0
2015-07-30 00:00:00+08:00,101.93234961182056,102.73920221925488,101.39444787353102,101.66339874267578,27830,0.0,0.0
2015-07-31 00:00:00+08:00,101.12550021725248,103.27710723876953,100.58759846187321,103.27710723876953,38780,0.0,0.0
2015-08-03 00:00:00+08:00,100.85656489863692,101.12551581781743,99.51181030273438,99.51181030273438,38720,0.0,0.0
2015-08-04 00:00:00+08:00,98.4359916312326,98.9738933876549,94.13277757985418,95.7464828491211,65723,0.0,0.0
2015-08-05 00:00:00+08:00,95.74649142979118,95.74649142979118,88.75376796962288,92.25012969970703,226294,0.0,0.0
2015-08-06 00:00:00+08:00,92.25012044829192,93.05697307431822,90.36746432089723,91.44326782226562,182127,0.0,0.0
2015-08-07 00:00:00+08:00,91.4432710100517,93.05697631835938,88.21586039343637,93.05697631835938,110110,0.0,0.0
2015-08-10 00:00:00+08:00,92.25011515319058,96.82227977156677,92.25011515319058,96.28437805175781,33940,0.0,0.0
2015-08-11 00:00:00+08:00,96.28438856997101,96.82229034854096,93.86383056640625,93.86383056640625,41261,0.0,0.0
2015-08-12 00:00:00+08:00,93.59487315739261,94.9396275101432,91.98116793409191,94.40172576904297,26863,0.0,0.0
2015-08-13 00:00:00+08:00,94.40172203242643,96.28437805175781,94.40172203242643,96.28437805175781,20992,0.0,0.0
2015-08-14 00:00:00+08:00,97.36018149137574,97.36018149137574,96.28437805175781,96.28437805175781,18150,0.0,0.0
2015-08-17 00:00:00+08:00,96.28437805175781,96.28437805175781,95.20857461213988,96.28437805175781,24442,0.0,0.0
2015-08-18 00:00:00+08:00,96.28439123338308,96.28439123338308,93.32593136941165,95.20858764648438,25410,0.0,0.0
2015-08-19 00:00:00+08:00,95.20859015379749,95.20859015379749,92.51908111572266,92.51908111572266,31572,0.0,0.0
2015-08-20 00:00:00+08:00,92.51908111572266,93.05698292333763,91.7122284043002,92.51908111572266,18150,0.0,0.0
2015-08-21 00:00:00+08:00,91.443268897289,91.98117065429688,90.36746538327326,91.98117065429688,29040,0.0,0.0
2015-08-24 00:00:00+08:00,93.8638289725132,93.8638289725132,86.6021550851287,93.05697631835938,66701,0.0,0.0
2015-08-25 00:00:00+08:00,88.21585626880591,93.05697196737715,88.21585626880591,90.90536499023438,48436,0.0,0.0
2015-08-26 00:00:00+08:00,89.82955709794157,89.82955709794157,87.94690108523524,88.75375366210938,20570,0.0,0.0
2015-08-27 00:00:00+08:00,89.56061659148871,91.44327282181536,89.56061659148871,90.09851837158203,25532,0.0,0.0
2015-08-28 00:00:00+08:00,91.44326673452007,95.74648068880563,90.63641411809152,90.90536499023438,73812,0.0,0.0
2015-08-31 00:00:00+08:00,92.51907186906422,92.51907186906422,91.4432683613536,91.71221923828125,25551,0.0,0.0
2015-09-01 00:00:00+08:00,90.3674692616287,90.3674692616287,90.09851837158205,90.09851837158203,14520,0.0,0.0
2015-09-02 00:00:00+08:00,89.5606160670945,90.36746873251022,89.5606160670945,89.8295669555664,17182,0.0,0.0
2015-09-03 00:00:00+08:00,90.36746538327326,93.0569741683126,90.36746538327326,91.98117065429688,32670,0.0,0.0
2015-09-04 00:00:00+08:00,91.44327335404584,91.44327335404584,90.36746978759766,90.36746978759766,8486,0.0,0.0
2015-09-07 00:00:00+08:00,90.90536499023438,90.90536499023438,90.09851237380583,90.90536499023438,12100,0.0,0.0
2015-09-08 00:00:00+08:00,95.47753095239713,95.47753095239713,91.17431694692353,91.44326782226562,25410,0.0,0.0
2015-09-09 00:00:00+08:00,93.59487261504405,94.13277435302734,91.4432656631109,94.13277435302734,795060,0.0,0.0
2015-09-10 00:00:00+08:00,94.67067614491174,103.54605482668919,94.67067614491174,101.66339874267578,151579,0.0,0.0
2015-09-11 00:00:00+08:00,101.93236022890619,101.93236022890619,98.43599856584962,99.24285125732422,81324,0.0,0.0
2015-09-14 00:00:00+08:00,100.31866306027591,100.31866306027591,98.43600662601236,99.51181030273438,63466,0.0,0.0
2015-09-15 00:00:00+08:00,99.78074483696267,99.78074483696267,98.43599046188166,98.97389221191406,32670,0.0,0.0
2015-09-16 00:00:00+08:00,100.04970498931074,102.73921398886348,99.78075408935547,99.78075408935547,60522,0.0,0.0
2015-09-17 00:00:00+08:00,100.58759472357761,102.73920166513109,100.58759472357761,101.39444732666016,43741,0.0,0.0
2015-09-18 00:00:00+08:00,101.39444677688041,101.39444677688041,100.049692445701,101.12549591064453,23459,0.0,0.0
2015-09-21 00:00:00+08:00,101.12549921204368,101.12549921204368,98.97389221191406,98.97389221191406,25531,0.0,0.0
2015-09-22 00:00:00+08:00,98.97389221191406,99.51179396194647,98.97389221191406,98.97389221191406,39938,0.0,0.0
2015-09-23 00:00:00+08:00,98.97389221191406,98.97389221191406,97.62913783683305,98.97389221191406,36300,0.0,0.0
2015-09-24 00:00:00+08:00,100.58760089179822,100.58760089179822,96.28438674481008,96.8222885131836,41140,0.0,0.0
2015-09-25 00:00:00+08:00,96.82229009548435,97.62914276123047,95.74648654115619,97.62914276123047,49610,0.0,0.0
2015-09-29 00:00:00+08:00,97.62914276123047,97.62914276123047,97.62914276123047,97.62914276123047,0,0.0,0.0
2015-09-30 00:00:00+08:00,97.62913622272794,98.70493970500645,95.20857838760125,98.16703796386719,29040,0.0,0.0
2015-10-01 00:00:00+08:00,98.43598828599387,98.43598828599387,97.89808654785156,97.89808654785156,7274,0.0,0.0
2015-10-02 00:00:00+08:00,98.16703631396838,98.16703631396838,95.4775276534748,97.36018371582031,32778,0.0,0.0
2015-10-05 00:00:00+08:00,97.36018271906268,100.58759307861328,97.36018271906268,100.58759307861328,48401,0.0,0.0
2015-10-06 00:00:00+08:00,100.04970394879881,100.31865484595701,98.70494946300782,99.24285125732422,44891,0.0,0.0
2015-10-07 00:00:00+08:00,99.24284092037284,101.93234961182056,99.24284092037284,101.66339874267578,75022,0.0,0.0
2015-10-08 00:00:00+08:00,103.00815084827623,103.00815084827623,100.04969135202151,100.58759307861328,44806,0.0,0.0
2015-10-12 00:00:00+08:00,100.58760155931814,105.96661927874958,100.58760155931814,104.89081573486328,113888,0.0,0.0
2015-10-13 00:00:00+08:00,105.15976662083486,105.42871750680644,103.815012190977,104.89081573486328,42350,0.0,0.0
2015-10-14 00:00:00+08:00,104.62186217113668,104.62186217113668,103.27710777569727,103.54605865478516,15790,0.0,0.0
2015-10-15 00:00:00+08:00,104.89081250490732,106.5045177710451,103.27710723876953,103.27710723876953,77440,0.0,0.0
2015-10-16 00:00:00+08:00,104.89081758598434,104.89081758598434,101.39445600664986,101.93235778808594,22990,0.0,0.0
2015-10-19 00:00:00+08:00,102.20129937558806,102.20129937558806,101.12549591064453,101.12549591064453,13310,0.0,0.0
2015-10-20 00:00:00+08:00,101.66340741990075,102.20130920410155,101.12550563569995,102.20130920410156,18174,0.0,0.0
2015-10-21 00:00:00+08:00,102.20129937558806,102.20129937558806,101.12549591064453,101.12549591064453,16940,0.0,0.0
2015-10-22 00:00:00+08:00,101.66340197263175,103.27710723876953,101.39445109494211,103.27710723876953,21780,0.0,0.0
2015-10-23 00:00:00+08:00,104.89080361653517,104.89080361653517,102.73919677734375,102.73919677734375,25410,0.0,0.0
2015-10-26 00:00:00+08:00,103.2770984871416,103.2770984871416,102.47024592244482,102.73919677734375,16940,0.0,0.0
2015-10-27 00:00:00+08:00,101.6634014413335,103.81500845160613,101.6634014413335,103.0081558227539,22990,0.0,0.0
2015-10-28 00:00:00+08:00,102.73920494646983,103.0081558227539,101.93235231761759,103.0081558227539,24426,0.0,0.0
2015-10-29 00:00:00+08:00,103.00816188040275,103.27711277250316,102.20130920410155,102.20130920410156,35090,0.0,0.0
2015-10-30 00:00:00+08:00,101.66340037037013,102.7392038641735,101.66340037037013,102.47025299072266,31520,0.0,0.0
2015-11-02 00:00:00+08:00,102.2012950675459,103.00814763224268,101.1254916479502,102.73919677734375,32670,0.0,0.0
2015-11-03 00:00:00+08:00,103.00815417765467,108.38717161743027,103.00815417765467,105.96661376953125,202182,0.0,0.0
2015-11-04 00:00:00+08:00,107.31136812947516,107.58031900146393,105.4287120255537,105.96661376953125,38720,0.0,0.0
2015-11-05 00:00:00+08:00,105.9666187418926,106.50452051111058,104.35291343423866,104.62186431884766,52186,0.0,0.0
2015-11-06 00:00:00+08:00,105.42871370931061,105.42871370931061,103.0081558227539,103.0081558227539,83671,0.0,0.0
2015-11-09 00:00:00+08:00,103.00815308839964,103.27710395754441,101.12549700438625,101.66339874267578,64190,0.0,0.0
2015-11-10 00:00:00+08:00,100.58759687656676,102.47025299072266,100.04969512966508,102.47025299072266,37510,0.0,0.0
2015-11-11 00:00:00+08:00,102.73919998498035,103.00815084827623,100.58759307861328,100.58759307861328,50820,0.0,0.0
2015-11-12 00:00:00+08:00,101.93234961182056,103.00815308839964,101.12549700438625,101.66339874267578,102850,0.0,0.0
2015-11-13 00:00:00+08:00,101.6633965317968,102.47024912168446,100.58759307861328,100.58759307861328,36300,0.0,0.0
2015-11-16 00:00:00+08:00,100.31866306027591,100.5876139794564,99.24285938355388,99.51181030273438,99226,0.0,0.0
2015-11-17 00:00:00+08:00,99.5118031894002,100.58760678922128,99.5118031894002,99.78075408935547,37516,0.0,0.0
2015-11-18 00:00:00+08:00,100.04969787597656,100.04969787597656,100.04969787597656,100.04969787597656,7261,0.0,0.0
2015-11-19 00:00:00+08:00,100.04969787597656,100.04969787597656,99.51179611430976,100.04969787597656,45980,0.0,0.0
2015-11-20 00:00:00+08:00,100.04969787597656,100.31864875680996,99.24284523347636,100.04969787597656,43609,0.0,0.0
2015-11-23 00:00:00+08:00,101.66340316097697,105.4287154926446,101.39445228014357,100.04969787597656,85910,0.0,0.0
2015-11-24 00:00:00+08:00,102.20131428071757,102.47026518617749,100.85655975341797,100.85655975341797,64130,0.0,0.0
2015-11-25 00:00:00+08:00,101.12551581781743,101.66341765617844,99.51181030273438,99.51181030273438,53240,0.0,0.0
2015-11-26 00:00:00+08:00,100.0497121410954,101.12551581781743,99.51181030273438,99.51181030273438,44770,0.0,0.0
2015-11-27 00:00:00+08:00,100.58760782410909,100.85655872683144,100.04970601866437,100.31865692138672,62932,0.0,0.0
2015-11-30 00:00:00+08:00,101.39446673699793,101.39446673699793,99.24285938355388,99.51181030273438,70240,0.0,0.0
2015-12-01 00:00:00+08:00,99.78075305164062,99.78075305164062,98.97390036016601,99.24285125732422,31461,0.0,0.0
2015-12-02 00:00:00+08:00,99.24284308693026,99.51179396194647,98.43599046188166,98.97389221191406,50856,0.0,0.0
2015-12-03 00:00:00+08:00,98.70493970500645,98.70493970500645,97.62913622272794,98.16703796386719,60500,0.0,0.0
2015-12-04 00:00:00+08:00,98.16704611637206,98.43599700927733,98.16704611637206,98.43599700927734,3630,0.0,0.0
2015-12-07 00:00:00+08:00,98.43598828599387,98.43598828599387,97.89808654785156,97.89808654785156,16981,0.0,0.0
2015-12-08 00:00:00+08:00,97.89809364981251,97.89809364981251,97.62914276123047,97.62914276123047,18544,0.0,0.0
2015-12-09 00:00:00+08:00,97.62913458186966,97.62913458186966,95.74647851952416,97.36018371582031,50820,0.0,0.0
2015-12-10 00:00:00+08:00,95.7464828491211,96.2843846055434,94.40172845806534,95.7464828491211,59374,0.0,0.0
2015-12-11 00:00:00+08:00,95.74648067345754,95.74648067345754,94.13277544085913,94.6706771850586,42834,0.0,0.0
2015-12-14 00:00:00+08:00,93.59487808779527,94.13277985723116,93.05697631835938,93.05697631835938,33946,0.0,0.0
2015-12-15 00:00:00+08:00,93.59488524761471,93.59488524761471,92.78803253173828,92.78803253173828,8470,0.0,0.0
2015-12-16 00:00:00+08:00,93.05697406700958,95.7464828491211,92.78802318879842,95.7464828491211,25410,0.0,0.0
2015-12-17 00:00:00+08:00,95.74648996068747,96.82229355343733,95.4775390625,95.4775390625,21792,0.0,0.0
2015-12-18 00:00:00+08:00,95.47752491904869,96.01542663574219,94.67067234400845,96.01542663574219,19426,0.0,0.0
2015-12-21 00:00:00+08:00,94.9396269880689,99.51179176227848,94.9396269880689,97.89808654785156,44840,0.0,0.0
2015-12-22 00:00:00+08:00,99.24284647086442,99.24284647086442,96.82228851318361,96.8222885131836,14520,0.0,0.0
2015-12-23 00:00:00+08:00,97.09124392355712,97.36019482028179,95.20858764648438,95.20858764648438,53240,0.0,0.0
2015-12-24 00:00:00+08:00,97.0912444516248,97.0912444516248,95.20858816431253,95.4775390625,12106,0.0,0.0
2015-12-25 00:00:00+08:00,95.47753854320905,95.74648943993373,94.67068585303502,95.20858764648438,19360,0.0,0.0
2015-12-28 00:00:00+08:00,96.01544085887494,96.28439175706241,95.4775390625,95.4775390625,31460,0.0,0.0
2015-12-29 00:00:00+08:00,96.82228304294377,96.82228304294377,94.13277435302734,94.13277435302734,83514,0.0,0.0
2015-12-30 00:00:00+08:00,95.20857782899391,95.7464795669772,94.13277435302734,94.13277435302734,133463,0.0,0.0
2015-12-31 00:00:00+08:00,94.13278120966396,97.89809364981251,94.13278120966396,97.62914276123047,267537,0.0,0.0
2016-01-04 00:00:00+08:00,97.62913458186966,97.62913458186966,95.74647851952416,97.36018371582031,88331,0.0,0.0
2016-01-05 00:00:00+08:00,96.82227921078243,96.82227921078243,95.47752491904869,96.01542663574219,47190,0.0,0.0
2016-01-06 00:00:00+08:00,95.20858764648438,95.74648943993373,94.40173495631035,95.20858764648438,50856,0.0,0.0
2016-01-07 00:00:00+08:00,94.93963305186938,95.20858393811844,93.325927734375,93.325927734375,91984,0.0,0.0
2016-01-08 00:00:00+08:00,94.40173546975014,95.4775390625,93.59488277518773,95.4775390625,25411,0.0,0.0
2016-01-11 00:00:00+08:00,95.7464795669772,96.28438130496048,93.59487261504405,94.13277435302734,44770,0.0,0.0
2016-01-12 00:00:00+08:00,96.28438130496048,96.28438130496048,93.59487261504405,94.13277435302734,31460,0.0,0.0
2016-01-13 00:00:00+08:00,95.4775298013578,96.55333328975675,94.6706771850586,94.6706771850586,33880,0.0,0.0
2016-01-14 00:00:00+08:00,93.59487808779527,94.67068162666705,92.51907454892348,93.05697631835938,31532,0.0,0.0
2016-01-15 00:00:00+08:00,95.20857782899391,96.28438130496048,94.13277435302734,94.13277435302734,43560,0.0,0.0
2016-01-18 00:00:00+08:00,94.13277757985418,95.7464828491211,94.13277757985418,95.7464828491211,31460,0.0,0.0
2016-01-19 00:00:00+08:00,95.74648171171962,100.31864658699507,95.47753083670342,98.97389221191406,142780,0.0,0.0
2016-01-20 00:00:00+08:00,99.24284308693026,104.8908114622705,98.97389221191406,98.97389221191406,182762,0.0,0.0
2016-01-21 00:00:00+08:00,100.04970394879881,100.5876057431152,98.97390036016601,99.24285125732422,46110,0.0,0.0
2016-01-22 00:00:00+08:00,99.78075408935547,100.31865588926601,99.5118031894002,99.78075408935547,29040,0.0,0.0
2016-01-25 00:00:00+08:00,101.66341765617844,102.20131949453945,99.51181030273438,99.51181030273438,88451,0.0,0.0
2016-01-26 00:00:00+08:00,99.51179341652471,100.04969516360889,98.16703904881426,98.70494079589844,19360,0.0,0.0
2016-01-27 00:00:00+08:00,100.85654778423515,100.85654778423515,96.82228468110382,98.70494079589844,44830,0.0,0.0
2016-01-28 00:00:00+08:00,98.7049447024909,98.7049447024909,96.55333762899684,96.8222885131836,111468,0.0,0.0
2016-01-29 00:00:00+08:00,96.28437805175781,97.36018149137574,96.28437805175781,96.28437805175781,107690,0.0,0.0
2016-02-01 00:00:00+08:00,95.74648550089937,98.97389612881899,95.20858372957943,97.09123992919922,140917,0.0,0.0
2016-02-02 00:00:00+08:00,96.82228904353924,97.62914170051916,96.82228904353924,97.09123992919922,46040,0.0,0.0
2016-02-03 00:00:00+08:00,97.09123992919922,97.89809258617912,96.82228904353924,97.09123992919922,69094,0.0,0.0
2016-02-15 00:00:00+08:00,97.0912339406381,98.43598828599387,97.0912339406381,97.89808654785156,41527,0.0,0.0
2016-02-16 00:00:00+08:00,97.89809879688553,100.31865692138673,97.89809879688553,100.31865692138672,145443,0.0,0.0
2016-02-17 00:00:00+08:00,100.31864875680996,100.31864875680996,98.43599259097614,100.04969787597656,77440,0.0,0.0
2016-02-18 00:00:00+08:00,100.31864875680996,100.85655051847677,99.24284523347636,100.04969787597656,118604,0.0,0.0
2016-02-19 00:00:00+08:00,100.31865692138673,100.31865692138673,100.04970601866437,100.31865692138672,101640,0.0,0.0
2016-02-22 00:00:00+08:00,100.58759035090101,110.26982116699219,100.58759035090101,110.26982116699219,830188,0.0,0.0
2016-02-23 00:00:00+08:00,110.80773000023237,112.95933698652907,109.19402476050983,110.0008773803711,449437,0.0,0.0
2016-02-24 00:00:00+08:00,110.00088903960729,110.00088903960729,106.50452731628806,108.11823272705078,158572,0.0,0.0
2016-02-25 00:00:00+08:00,110.00088639078193,110.00088639078193,106.50452475165523,106.77347564697266,176781,0.0,0.0
2016-02-26 00:00:00+08:00,108.65613349191024,109.46298618957827,107.04242809657418,107.58032989501953,162140,0.0,0.0
2016-03-01 00:00:00+08:00,108.65611603097699,112.95932972701752,108.38716517497446,110.26982116699219,211097,0.0,0.0
2016-03-02 00:00:00+08:00,110.80772399902344,111.61457657518656,109.73192056413926,110.80772399902344,139477,0.0,0.0
2016-03-03 00:00:00+08:00,111.88352799525035,115.64883010488738,111.07667541503906,111.07667541503906,320959,0.0,0.0
2016-03-04 00:00:00+08:00,111.88354543589557,114.03514272050562,111.34564363190543,112.15249633789062,224428,0.0,0.0
2016-03-07 00:00:00+08:00,112.42141978404229,114.03512494446484,110.80772455496864,111.07667541503906,90131,0.0,0.0
2016-03-08 00:00:00+08:00,110.53879292541335,110.53879292541335,107.84928385681322,109.19403839111328,153803,0.0,0.0
2016-03-09 00:00:00+08:00,109.19402367771974,110.26982716020021,108.11822019523926,109.46297454833984,140481,0.0,0.0
2016-03-10 00:00:00+08:00,108.38717544461164,108.65612632609715,106.50451927421307,107.84927368164062,276032,0.0,0.0
2016-03-11 00:00:00+08:00,108.11823425828915,110.26984150311185,107.84928335268631,108.92508697509766,114983,0.0,0.0
2016-03-14 00:00:00+08:00,109.73192056413926,114.03512437232709,109.73192056413926,110.80772399902344,232683,0.0,0.0
2016-03-15 00:00:00+08:00,111.88354745971341,111.88354745971341,108.92508748425327,109.19403839111328,137940,0.0,0.0
2016-03-16 00:00:00+08:00,109.4629892979733,110.80774383227336,109.19403839111328,109.19403839111328,41273,0.0,0.0
2016-03-17 00:00:00+08:00,110.26984150311185,110.80774331431753,108.65613606949482,108.92508697509766,150191,0.0,0.0
2016-03-18 00:00:00+08:00,108.92508697509766,111.3456451255232,108.11823425828915,108.92508697509766,127171,0.0,0.0
2016-03-21 00:00:00+08:00,109.73193917643978,111.07669369813699,108.11823375040315,108.65613555908203,99245,0.0,0.0
2016-03-22 00:00:00+08:00,107.84927975286546,108.92508333936837,107.04242706298828,107.04242706298828,128441,0.0,0.0
2016-03-23 00:00:00+08:00,107.31137297711881,109.7319309343632,107.31137297711881,108.38717651367188,130826,0.0,0.0
2016-03-24 00:00:00+08:00,108.38718207071372,108.38718207071372,105.96662398936662,107.3113784790039,97163,0.0,0.0
2016-03-25 00:00:00+08:00,107.311377959614,107.311377959614,106.2355743731111,107.04242706298828,41212,0.0,0.0
2016-03-28 00:00:00+08:00,107.84927042574326,107.84927042574326,106.23556518554688,106.23556518554688,44770,0.0,0.0
2016-03-29 00:00:00+08:00,106.23556521903444,106.23556521903444,102.20130211727181,102.47025299072266,209475,0.0,0.0
2016-03-30 00:00:00+08:00,102.47025827760707,105.42871803820609,102.47025827760707,105.1597671508789,65448,0.0,0.0
2016-03-31 00:00:00+08:00,105.15977220141613,105.42872310166028,103.81501770019531,103.81501770019531,50911,0.0,0.0
2016-04-01 00:00:00+08:00,102.73921409921867,103.81501770019531,102.47026319897451,103.81501770019531,56913,0.0,0.0
2016-04-06 00:00:00+08:00,103.54606679995115,103.81501770019531,102.73921409921867,103.81501770019531,35090,0.0,0.0
2016-04-07 00:00:00+08:00,104.89081250490732,104.89081250490732,103.0081563610799,103.27710723876953,35501,0.0,0.0
2016-04-08 00:00:00+08:00,103.27710669903799,103.27710669903799,101.93235231761759,103.0081558227539,78650,0.0,0.0
2016-04-11 00:00:00+08:00,103.2770984871416,103.2770984871416,102.73919677734375,102.73919677734375,41140,0.0,0.0
2016-04-12 00:00:00+08:00,103.00816594861027,103.00816594861027,99.51180421321966,100.31865692138672,146538,0.0,0.0
2016-04-13 00:00:00+08:00,100.3186422153174,101.39444566850092,100.3186422153174,100.58759307861328,66649,0.0,0.0
2016-04-14 00:00:00+08:00,101.39444787353102,101.93234961182056,101.12549700438625,101.66339874267578,32791,0.0,0.0
2016-04-15 00:00:00+08:00,101.93234961182056,101.93234961182056,101.12549700438625,101.66339874267578,24236,0.0,0.0
2016-04-18 00:00:00+08:00,100.31865244377771,102.20130867880397,99.5117997716236,101.93235778808594,88714,0.0,0.0
2016-04-19 00:00:00+08:00,101.93236233772085,101.93236233772085,100.04970601866437,100.31865692138672,24889,0.0,0.0
2016-04-20 00:00:00+08:00,100.58758993815233,103.81500019693945,100.31863908325342,102.73919677734375,83695,0.0,0.0
2016-04-21 00:00:00+08:00,102.73920812658471,105.42871697267462,102.73920812658471,104.62186431884766,91960,0.0,0.0
2016-04-22 00:00:00+08:00,104.35291634090476,104.35291634090476,101.39445652780036,102.20130920410156,54788,0.0,0.0
2016-04-25 00:00:00+08:00,102.201303728011,103.27710723876953,102.201303728011,103.27710723876953,12100,0.0,0.0
2016-04-26 00:00:00+08:00,103.27711277250316,103.27711277250316,101.93235831200116,102.20130920410156,29161,0.0,0.0
2016-04-27 00:00:00+08:00,101.39444732666017,102.20129992974272,101.39444732666017,101.39444732666016,18210,0.0,0.0
2016-04-28 00:00:00+08:00,101.12549591064453,101.12549591064453,100.58759417817276,101.12549591064453,25531,0.0,0.0
2016-04-29 00:00:00+08:00,101.12550563569995,102.20130920410155,101.12550563569995,102.20130920410156,9710,0.0,0.0
2016-05-03 00:00:00+08:00,102.20130920410155,102.20130920410155,102.20130920410155,102.20130920410156,2422,0.0,0.0
2016-05-04 00:00:00+08:00,102.20130492264377,102.20130492264377,99.78074699514316,100.04969787597656,23207,0.0,0.0
2016-05-05 00:00:00+08:00,100.04969135202151,101.39444566850092,99.51178962542974,100.58759307861328,24236,0.0,0.0
2016-05-06 00:00:00+08:00,100.85655872683144,100.85655872683144,99.51180421321966,100.31865692138672,37510,0.0,0.0
2016-05-09 00:00:00+08:00,100.04969787597656,100.31864875680996,99.78074699514316,100.04969787597656,21901,0.0,0.0
2016-05-10 00:00:00+08:00,100.04969787597656,100.85655051847677,100.04969787597656,100.04969787597656,20086,0.0,0.0
2016-05-11 00:00:00+08:00,100.58759417817276,101.39444677688041,100.58759417817276,101.12549591064453,29040,0.0,0.0
2016-05-12 00:00:00+08:00,101.66340316097697,101.66340316097697,100.04969787597656,100.04969787597656,31581,0.0,0.0
2016-05-13 00:00:00+08:00,99.78075117519796,102.20130920410155,99.51180028309756,102.20130920410156,44951,0.0,0.0
2016-05-16 00:00:00+08:00,103.54605257486799,103.54605257486799,100.58759307861328,100.58759307861328,12100,0.0,0.0
2016-05-17 00:00:00+08:00,100.58760884795805,101.1255106588779,100.58760884795805,100.85655975341797,10890,0.0,0.0
2016-05-18 00:00:00+08:00,100.85655975341797,100.85655975341797,100.85655975341797,100.85655975341797,4840,0.0,0.0
2016-05-19 00:00:00+08:00,100.85655872683144,100.85655872683144,100.31865692138673,100.31865692138672,6183,0.0,0.0
2016-05-20 00:00:00+08:00,100.31865692138673,100.31865692138673,100.31865692138673,100.31865692138672,3630,0.0,0.0
2016-05-23 00:00:00+08:00,102.20130867880397,102.20130867880397,101.66340689736789,101.93235778808594,19537,0.0,0.0
2016-05-24 00:00:00+08:00,101.93235124382097,102.7392038641735,101.66340037037013,102.47025299072266,32670,0.0,0.0
2016-05-25 00:00:00+08:00,102.20130867880397,102.73921046024005,101.66340689736789,101.93235778808594,27890,0.0,0.0
2016-05-26 00:00:00+08:00,103.27710723876953,104.89081250490732,102.73920548339026,103.27710723876953,79860,0.0,0.0
2016-05-27 00:00:00+08:00,103.27711041903386,105.42871750680644,103.00815953306228,104.89081573486328,125900,0.0,0.0
2016-05-30 00:00:00+08:00,104.89081028157612,105.96661376953125,104.08395766560979,105.96661376953125,76358,0.0,0.0
2016-05-31 00:00:00+08:00,105.4287120255537,105.96661376953125,104.89081028157612,105.96661376953125,53482,0.0,0.0
2016-06-01 00:00:00+08:00,106.23557488729408,107.3113784790039,106.23557488729408,107.3113784790039,117370,0.0,0.0
2016-06-02 00:00:00+08:00,107.31137191866961,108.92507720758266,106.50451927421307,107.84927368164062,100623,0.0,0.0
2016-06-03 00:00:00+08:00,107.58032989501953,108.65613349191024,105.15977180201544,107.58032989501953,53482,0.0,0.0
2016-06-06 00:00:00+08:00,107.31138460015765,107.58033551342635,106.50453186035156,106.50453186035156,37540,0.0,0.0
2016-06-07 00:00:00+08:00,106.50453186035156,106.50453186035156,106.50453186035156,106.50453186035156,0,0.0,0.0
2016-06-08 00:00:00+08:00,105.42871697267462,105.42871697267462,104.62186431884764,104.62186431884766,39992,0.0,0.0
2016-06-13 00:00:00+08:00,104.62186217113668,104.62186217113668,103.00815689660939,103.54605865478516,150139,0.0,0.0
2016-06-14 00:00:00+08:00,103.54605811645916,103.54605811645916,103.27710723876953,103.27710723876953,161172,0.0,0.0
2016-06-15 00:00:00+08:00,103.54604934204053,103.54604934204053,102.47024592244482,102.73919677734375,206910,0.0,0.0
2016-06-16 00:00:00+08:00,103.00814763224268,103.2770984871416,102.47024592244482,102.73919677734375,215751,0.0,0.0
2016-06-17 00:00:00+08:00,103.27710276890619,103.54605363495554,102.47025017075812,97.36018371582031,468848,0.0,0.0
2016-06-20 00:00:00+08:00,104.2326760064254,105.9507975623868,103.65996882110491,105.66444396972656,272534,9.090909,0.0
2016-06-21 00:00:00+08:00,105.95079803466798,106.23715162860465,105.37809084679463,105.95079803466797,64281,0.0,0.0
2016-06-22 00:00:00+08:00,105.95078941668024,105.95078941668024,105.37808227539062,105.37808227539062,30322,0.0,0.0
2016-06-23 00:00:00+08:00,105.3780802764769,105.3780802764769,103.94631245041202,104.232666015625,65563,0.0,0.0
2016-06-24 00:00:00+08:00,104.23268713699794,104.23268713699794,102.51456539756549,103.08727264404297,157885,0.0,0.0
2016-06-27 00:00:00+08:00,102.51455259756908,105.37808847241457,102.51455259756908,104.51902770996094,88429,0.0,0.0
2016-06-28 00:00:00+08:00,104.51901958083798,104.80537314605094,103.0872517547731,104.232666015625,19593,0.0,0.0
2016-06-29 00:00:00+08:00,104.51902818611327,104.80538177490234,104.51902818611327,104.80538177490234,21999,0.0,0.0
2016-06-30 00:00:00+08:00,104.8054000178488,106.80987548828125,104.8054000178488,106.80987548828125,95662,0.0,0.0
2016-07-01 00:00:00+08:00,106.80983627845177,106.80983627845177,106.23712921142578,106.23712921142578,36481,0.0,0.0
2016-07-04 00:00:00+08:00,105.37808227539062,105.66443584603543,105.37808227539062,105.37808227539062,13310,0.0,0.0
2016-07-05 00:00:00+08:00,105.37808847241457,105.37808847241457,104.23267412247638,104.51902770996094,18392,0.0,0.0
2016-07-06 00:00:00+08:00,104.23267412247638,105.37808847241457,104.23267412247638,104.51902770996094,13741,0.0,0.0
2016-07-07 00:00:00+08:00,104.80537314605094,104.80537314605094,104.232666015625,104.232666015625,21356,0.0,0.0
2016-07-08 00:00:00+08:00,104.232666015625,104.232666015625,104.232666015625,104.232666015625,0,0.0,0.0
2016-07-11 00:00:00+08:00,104.23267412247638,104.51902770996094,104.23267412247638,104.51902770996094,23595,0.0,0.0
2016-07-12 00:00:00+08:00,104.80537314605094,104.80537314605094,104.232666015625,104.232666015625,29112,0.0,0.0
2016-07-13 00:00:00+08:00,104.80538177490234,104.80538177490234,104.51902818611327,104.80538177490234,24230,0.0,0.0
2016-07-14 00:00:00+08:00,104.51902818611327,104.80538177490234,104.51902818611327,104.80538177490234,29040,0.0,0.0
2016-07-15 00:00:00+08:00,105.66444205989913,105.66444205989913,104.51902770996094,104.51902770996094,52211,0.0,0.0
2016-07-18 00:00:00+08:00,105.09172870474582,105.37808227539062,105.09172870474582,105.37808227539062,66689,0.0,0.0
2016-07-19 00:00:00+08:00,105.95078941668024,105.95078941668024,105.09172870474582,105.37808227539062,53358,0.0,0.0
2016-07-20 00:00:00+08:00,105.37810729511521,106.80987548828125,105.091753656482,106.80987548828125,87006,0.0,0.0
2016-07-21 00:00:00+08:00,106.23716194499266,108.81434454068555,106.23716194499266,107.66893005371094,111422,0.0,0.0
2016-07-22 00:00:00+08:00,107.6689205504266,107.6689205504266,106.52350616455078,106.52350616455078,23256,0.0,0.0
2016-07-25 00:00:00+08:00,105.95078941668024,106.23714298732504,104.80537513410101,105.37808227539062,59619,0.0,0.0
2016-07-26 00:00:00+08:00,105.37808177974716,105.6644353490451,104.80537464115126,105.09172821044922,50880,0.0,0.0
2016-07-27 00:00:00+08:00,105.09172870474582,105.66443584603543,105.09172870474582,105.37808227539062,37536,0.0,0.0
2016-07-28 00:00:00+08:00,105.66444254126958,105.66444254126958,104.80538177490234,104.80538177490234,9767,0.0,0.0
2016-07-29 00:00:00+08:00,104.80538177490234,105.66444254126958,104.80538177490234,104.80538177490234,86006,0.0,0.0
2016-08-01 00:00:00+08:00,105.37808227539062,105.37808227539062,104.80537513410101,105.37808227539062,56970,0.0,0.0
2016-08-02 00:00:00+08:00,105.0917367844061,105.9507975623868,104.80538319174586,105.66444396972656,31556,0.0,0.0
2016-08-03 00:00:00+08:00,105.6644444407313,106.52350522254132,105.6644444407313,105.95079803466797,25488,0.0,0.0
2016-08-04 00:00:00+08:00,105.95079803466798,105.95079803466798,105.37809084679463,105.95079803466797,21798,0.0,0.0
2016-08-05 00:00:00+08:00,105.95079897161287,107.0962133574887,105.95079897161287,106.52350616455078,93327,0.0,0.0
2016-08-08 00:00:00+08:00,106.52352184964803,108.24164368144729,106.52352184964803,106.80987548828125,54619,0.0,0.0
2016-08-09 00:00:00+08:00,107.668919598288,107.668919598288,105.37809084679463,105.95079803466797,61734,0.0,0.0
2016-08-10 00:00:00+08:00,105.95077567791279,106.23712921142578,105.37806861088681,106.23712921142578,31702,0.0,0.0
2016-08-11 00:00:00+08:00,106.52350522254132,107.09621241041467,105.6644444407313,105.95079803466797,31659,0.0,0.0
2016-08-12 00:00:00+08:00,106.52350522254132,106.52350522254132,105.09173725285797,105.95079803466797,55781,0.0,0.0
2016-08-15 00:00:00+08:00,105.95079803466798,106.80985881647798,105.6644444407313,105.95079803466797,50862,0.0,0.0
2016-08-16 00:00:00+08:00,105.95079803466798,105.95079803466798,105.6644444407313,105.95079803466797,30432,0.0,0.0
2016-08-17 00:00:00+08:00,105.95081457238163,107.09622912691445,105.95081457238163,106.80987548828125,37612,0.0,0.0
2016-08-18 00:00:00+08:00,106.80983627845177,106.80983627845177,106.23712921142578,106.23712921142578,29100,0.0,0.0
2016-08-19 00:00:00+08:00,106.52349655796985,107.09620369925946,105.37808227539062,105.37808227539062,29064,0.0,0.0
2016-08-22 00:00:00+08:00,105.37808177974716,105.95078891834305,105.09172821044922,105.09172821044922,29221,0.0,0.0
2016-08-23 00:00:00+08:00,105.09172870474582,105.66443584603543,105.09172870474582,105.37808227539062,20570,0.0,0.0
2016-08-24 00:00:00+08:00,106.52350522254132,106.52350522254132,105.09173725285797,105.95079803466797,37510,0.0,0.0
2016-08-25 00:00:00+08:00,106.23715162860465,107.09621241041467,105.95079803466798,105.95079803466797,53845,0.0,0.0
2016-08-26 00:00:00+08:00,105.95079803466798,105.95079803466798,105.37809084679463,105.95079803466797,44951,0.0,0.0
2016-08-29 00:00:00+08:00,106.52350474770726,106.52350474770726,105.37809037706633,105.66444396972656,17303,0.0,0.0
2016-08-30 00:00:00+08:00,105.66442214439981,106.23712921142578,105.66442214439981,106.23712921142578,16470,0.0,0.0
2016-08-31 00:00:00+08:00,106.23715115504703,106.23715115504703,105.37809037706633,105.66444396972656,30516,0.0,0.0
2016-09-01 00:00:00+08:00,105.66444396972656,105.9507975623868,105.37809037706633,105.66444396972656,31460,0.0,0.0
2016-09-02 00:00:00+08:00,105.95079803466798,105.95079803466798,105.6644444407313,105.95079803466797,53258,0.0,0.0
2016-09-05 00:00:00+08:00,105.95079803466798,106.23715162860465,105.95079803466798,105.95079803466797,23338,0.0,0.0
2016-09-06 00:00:00+08:00,106.23712921142578,106.52348274493878,105.95077567791279,106.23712921142578,66550,0.0,0.0
2016-09-07 00:00:00+08:00,106.52350616455078,107.0962133574887,106.23715256808183,106.52350616455078,47190,0.0,0.0
2016-09-08 00:00:00+08:00,106.23715162860465,106.23715162860465,105.09173725285797,105.95079803466797,252890,0.0,0.0
2016-09-09 00:00:00+08:00,105.66446093374842,106.80987548828125,105.66446093374842,106.80987548828125,139392,0.0,0.0
2016-09-12 00:00:00+08:00,106.80985881647798,106.80985881647798,105.95079803466798,105.95079803466797,14641,0.0,0.0
2016-09-13 00:00:00+08:00,106.52352184964803,106.80987548828125,106.23716821101483,106.80987548828125,66828,0.0,0.0
2016-09-14 00:00:00+08:00,106.52352184964803,107.09622912691445,106.52352184964803,106.80987548828125,46367,0.0,0.0
2016-09-19 00:00:00+08:00,106.80986918847996,107.9552836754546,106.52351556673632,107.66893005371094,108252,0.0,0.0
2016-09-20 00:00:00+08:00,107.66891396918786,116.25952133815751,107.66891396918786,111.67786407470703,309151,0.0,0.0
2016-09-21 00:00:00+08:00,113.10963874708688,113.10963874708688,111.10516357421874,111.10516357421875,64230,0.0,0.0
2016-09-22 00:00:00+08:00,111.96421468466457,111.96421468466457,108.81432539956947,109.9597396850586,127292,0.0,0.0
2016-09-23 00:00:00+08:00,109.9597396850586,110.24609325643087,108.81432539956947,109.9597396850586,50922,0.0,0.0
2016-09-26 00:00:00+08:00,109.9597463620911,109.9597463620911,108.81433200704953,109.38703918457031,24233,0.0,0.0
2016-09-27 00:00:00+08:00,109.38703918457031,109.38703918457031,109.38703918457031,109.38703918457031,0,0.0,0.0
2016-09-28 00:00:00+08:00,109.38703918457031,109.38703918457031,109.38703918457031,109.38703918457031,0,0.0,0.0
2016-09-29 00:00:00+08:00,109.9597396850586,111.10515397054772,109.9597396850586,109.9597396850586,41386,0.0,0.0
2016-09-30 00:00:00+08:00,109.9597396850586,109.9597396850586,108.81432539956947,109.9597396850586,18290,0.0,0.0
2016-10-03 00:00:00+08:00,109.38703870713948,109.38703870713948,108.81433153211835,109.1006851196289,20654,0.0,0.0
2016-10-04 00:00:00+08:00,108.81432539956947,110.53244682780316,108.81432539956947,109.9597396850586,34061,0.0,0.0
2016-10-05 00:00:00+08:00,109.38703870713948,109.95974588216063,109.10068511962892,109.1006851196289,39400,0.0,0.0
2016-10-06 00:00:00+08:00,109.38703254231403,110.53244682780316,109.10067897094174,109.9597396850586,35102,0.0,0.0
2016-10-07 00:00:00+08:00,109.95974965251413,113.6823464177938,109.95974965251413,111.39151763916016,160119,0.0,0.0
2016-10-11 00:00:00+08:00,111.39150804061711,111.39150804061711,108.24161874142003,110.24609375,111553,0.0,0.0
2016-10-12 00:00:00+08:00,109.67338660469143,110.53244732265428,109.38703303203715,110.24609375,41153,0.0,0.0
2016-10-13 00:00:00+08:00,110.53244682780316,110.53244682780316,109.9597396850586,109.9597396850586,37631,0.0,0.0
2016-10-14 00:00:00+08:00,109.95974491470183,110.53245208468412,108.24162340475493,108.5279769897461,54911,0.0,0.0
2016-10-17 00:00:00+08:00,108.52797794460777,109.10068511962892,108.2416243570972,109.1006851196289,26594,0.0,0.0
2016-10-18 00:00:00+08:00,109.10068464094168,109.10068464094168,108.8143310546875,108.8143310546875,9680,0.0,0.0
2016-10-19 00:00:00+08:00,108.81433200704953,110.24609995085149,108.81433200704953,109.38703918457031,26741,0.0,0.0
2016-10-20 00:00:00+08:00,109.9597463620911,109.9597463620911,109.38703918457031,109.38703918457031,8576,0.0,0.0
2016-10-21 00:00:00+08:00,109.6733861136863,109.9597396850586,109.6733861136863,109.9597396850586,19481,0.0,0.0
2016-10-24 00:00:00+08:00,109.6733861136863,109.9597396850586,109.6733861136863,109.9597396850586,12100,0.0,0.0
2016-10-25 00:00:00+08:00,109.67339229465006,109.67339229465006,108.81433153211835,109.1006851196289,18210,0.0,0.0
2016-10-26 00:00:00+08:00,111.10516023220293,111.10516023220293,109.10068511962892,109.1006851196289,10890,0.0,0.0
2016-10-27 00:00:00+08:00,109.10068464094168,109.38703822719586,108.8143310546875,108.8143310546875,20804,0.0,0.0
2016-10-28 00:00:00+08:00,109.38703725969044,109.38703725969044,108.24162292480469,108.24162292480469,36498,0.0,0.0
2016-10-31 00:00:00+08:00,108.24162340475493,108.81433057473724,108.24162340475493,108.5279769897461,35126,0.0,0.0
2016-11-01 00:00:00+08:00,108.5279769897461,108.5279769897461,108.5279769897461,108.5279769897461,3654,0.0,0.0
2016-11-02 00:00:00+08:00,108.24164368144729,108.24164368144729,106.52352184964803,106.80987548828125,97274,0.0,0.0
2016-11-03 00:00:00+08:00,106.80987548828125,106.80987548828125,105.95081457238163,106.80987548828125,45981,0.0,0.0
2016-11-04 00:00:00+08:00,106.80985308646436,107.09620666503906,106.80985308646436,107.09620666503906,13310,0.0,0.0
2016-11-07 00:00:00+08:00,107.09620906479034,108.5279769897461,107.09620906479034,108.5279769897461,6158,0.0,0.0
2016-11-08 00:00:00+08:00,107.09622281022362,107.9552836754546,107.09622281022362,107.66893005371094,33880,0.0,0.0
2016-11-09 00:00:00+08:00,108.24162678616135,108.24162678616135,105.95079803466798,105.95079803466797,65402,0.0,0.0
2016-11-10 00:00:00+08:00,105.95079235074026,107.66891382218846,104.80537803644147,107.09620666503906,96922,0.0,0.0
2016-11-11 00:00:00+08:00,106.80986207852932,108.24163009193992,106.80986207852932,107.95527648925781,58394,0.0,0.0
2016-11-14 00:00:00+08:00,107.66893005371094,107.66893005371094,107.66893005371094,107.66893005371094,2843,0.0,0.0
2016-11-15 00:00:00+08:00,107.66891159611147,110.24609375,107.66891159611147,110.24609375,116232,0.0,0.0
2016-11-16 00:00:00+08:00,109.67338660469143,110.81880089530856,109.67338660469143,110.24609375,62431,0.0,0.0
2016-11-17 00:00:00+08:00,110.24609424101178,110.53244781494142,109.95974066708214,110.5324478149414,22059,0.0,0.0
2016-11-18 00:00:00+08:00,110.5324711337254,111.10517840240742,110.5324711337254,110.8188247680664,35167,0.0,0.0
2016-11-21 00:00:00+08:00,111.67787123648937,111.67787123648937,110.81881044450175,111.39151763916016,55237,0.0,0.0
2016-11-22 00:00:00+08:00,112.25057268685586,113.96869418290822,111.96421910418046,112.53692626953125,175936,0.0,0.0
2016-11-23 00:00:00+08:00,112.82329603445602,113.10964965820312,112.53694241070892,113.10964965820312,52405,0.0,0.0
2016-11-24 00:00:00+08:00,113.39598941677025,115.40046453790836,113.39598941677025,113.96869659423828,265284,0.0,0.0
2016-11-25 00:00:00+08:00,113.96871228979865,115.11412680247908,113.96871228979865,114.25506591796875,57160,0.0,0.0
2016-11-28 00:00:00+08:00,114.54139709472658,114.82775066676813,114.54139709472658,114.54139709472656,58685,0.0,0.0
2016-11-29 00:00:00+08:00,114.54140660066109,115.97317457969312,114.54140660066109,115.68682098388672,207448,0.0,0.0
2016-11-30 00:00:00+08:00,115.68682816191364,115.97318177548745,115.11412093476604,115.40047454833984,38768,0.0,0.0
2016-12-01 00:00:00+08:00,114.8277601964675,115.97317457969312,114.8277601964675,115.68682098388672,59308,0.0,0.0
2016-12-02 00:00:00+08:00,115.11411472129987,116.25952911376953,115.11411472129987,116.25952911376953,129748,0.0,0.0
2016-12-05 00:00:00+08:00,116.25952576013265,119.12306165870487,115.11411140070375,118.83670806884766,201481,0.0,0.0
2016-12-06 00:00:00+08:00,119.12305201304011,119.12305201304011,117.40493061301697,117.6912841796875,47432,0.0,0.0
2016-12-07 00:00:00+08:00,118.26399081111177,118.26399081111177,116.5458694183804,117.4049301147461,64359,0.0,0.0
2016-12-08 00:00:00+08:00,117.40493870122769,117.97764587402344,117.40493870122769,117.97764587402344,29306,0.0,0.0
2016-12-09 00:00:00+08:00,117.69130573036269,117.97765934946796,116.83224487304688,116.83224487304688,33082,0.0,0.0
2016-12-12 00:00:00+08:00,116.83223393513916,117.11858752743582,114.54140519676584,114.8277587890625,82727,0.0,0.0
2016-12-13 00:00:00+08:00,115.11411425793385,116.2595286457929,115.11411425793385,115.97317504882812,23111,0.0,0.0
2016-12-14 00:00:00+08:00,115.6868200409487,115.9731736344211,115.1141128540039,115.1141128540039,15972,0.0,0.0
2016-12-15 00:00:00+08:00,115.11411472129987,116.25952911376953,115.11411472129987,116.25952911376953,16017,0.0,0.0
2016-12-16 00:00:00+08:00,115.97317551565212,116.54588271188693,115.97317551565212,116.25952911376953,26000,0.0,0.0
2016-12-19 00:00:00+08:00,115.97316495493438,115.97316495493438,113.39598280656033,114.54139709472656,48846,0.0,0.0
2016-12-20 00:00:00+08:00,114.54139709472658,115.40045781085125,114.25504352268501,114.54139709472656,36733,0.0,0.0
2016-12-21 00:00:00+08:00,114.82775926053151,115.1141128540039,114.54140566705911,115.1141128540039,6068,0.0,0.0
2016-12-22 00:00:00+08:00,114.54141954613885,114.54141954613885,114.25506591796875,114.25506591796875,5558,0.0,0.0
2016-12-23 00:00:00+08:00,113.96869659423828,113.96869659423828,113.96869659423828,113.96869659423828,9159,0.0,0.0
2016-12-26 00:00:00+08:00,113.96868995064345,114.54139709472658,113.96868995064345,114.54139709472656,14592,0.0,0.0
2016-12-27 00:00:00+08:00,114.8277601964675,115.68682098388672,114.8277601964675,115.68682098388672,29135,0.0,0.0
2016-12-28 00:00:00+08:00,115.68681138289281,115.68681138289281,114.54139709472658,114.54139709472656,13382,0.0,0.0
2016-12-29 00:00:00+08:00,114.54140519676584,115.40046597365583,114.54140519676584,114.8277587890625,9928,0.0,0.0
2016-12-30 00:00:00+08:00,115.11412093476604,115.40047454833984,114.82776732119224,115.40047454833984,7284,0.0,0.0
2017-01-03 00:00:00+08:00,114.54140519676584,115.11411238135916,114.54140519676584,114.8277587890625,25426,0.0,0.0
2017-01-04 00:00:00+08:00,114.8277587890625,114.8277587890625,114.54140519676584,114.8277587890625,27890,0.0,0.0
2017-01-05 00:00:00+08:00,114.54140566705911,115.1141128540039,114.54140566705911,115.1141128540039,16940,0.0,0.0
2017-01-06 00:00:00+08:00,115.11411238135916,115.6868195659525,114.8277587890625,114.8277587890625,32670,0.0,0.0
2017-01-09 00:00:00+08:00,115.11411238135916,115.11411238135916,114.54140519676584,114.8277587890625,21317,0.0,0.0
2017-01-10 00:00:00+08:00,114.82776732119224,115.40047454833984,114.54141370761843,115.40047454833984,24359,0.0,0.0
2017-01-11 00:00:00+08:00,116.2595286457929,116.2595286457929,115.68682145186337,115.97317504882812,18736,0.0,0.0
2017-01-12 00:00:00+08:00,115.97317504882814,116.2595286457929,115.11411425793385,115.97317504882812,30956,0.0,0.0
2017-01-13 00:00:00+08:00,115.40047454833984,115.40047454833984,115.11412093476604,115.40047454833984,10950,0.0,0.0
2017-01-16 00:00:00+08:00,115.40046597365583,115.40046597365583,114.8277587890625,114.8277587890625,11096,0.0,0.0
2017-01-17 00:00:00+08:00,115.11411238135916,115.11411238135916,114.54140519676584,114.8277587890625,45980,0.0,0.0
2017-01-18 00:00:00+08:00,114.54140660066109,115.68682098388672,114.54140660066109,115.68682098388672,23837,0.0,0.0
2017-01-19 00:00:00+08:00,115.11411425793385,115.97317504882814,115.11411425793385,115.97317504882812,10043,0.0,0.0
2017-01-20 00:00:00+08:00,115.97317504882814,115.97317504882814,114.54140706400432,115.97317504882812,8651,0.0,0.0
2017-01-23 00:00:00+08:00,115.9731683882785,116.5458755493164,114.54140048568371,116.5458755493164,37522,0.0,0.0
2017-01-24 00:00:00+08:00,116.25952196879746,116.5458755493164,115.68681480775953,116.5458755493164,23709,0.0,0.0
2017-02-02 00:00:00+08:00,116.5458699130054,117.6912841796875,116.5458699130054,117.6912841796875,55494,0.0,0.0
2017-02-03 00:00:00+08:00,117.97764962945078,121.41388220163982,117.97764962945078,120.26847839355469,126100,0.0,0.0
2017-02-06 00:00:00+08:00,120.55481606564243,124.56375529933862,120.55481606564243,122.55928039550781,190550,0.0,0.0
2017-02-07 00:00:00+08:00,123.13198751088805,123.13198751088805,121.41386616474735,122.55928039550781,114103,0.0,0.0
2017-02-08 00:00:00+08:00,122.55929518159252,123.70470955054074,121.98658799711842,122.27294158935547,134273,0.0,0.0
2017-02-09 00:00:00+08:00,121.98657328012759,123.13198751088805,120.55481606564243,122.55928039550781,179697,0.0,0.0
2017-02-10 00:00:00+08:00,122.55931178092763,123.99107993603043,122.55931178092763,123.13201904296875,77682,0.0,0.0
2017-02-13 00:00:00+08:00,124.27741385258845,125.99553536616155,124.27741385258845,125.136474609375,103237,0.0,0.0
2017-02-14 00:00:00+08:00,125.70918178056604,125.70918178056604,124.85012102377948,125.136474609375,50821,0.0,0.0
2017-02-15 00:00:00+08:00,125.42282819497052,125.99553536616155,125.136474609375,125.136474609375,44770,0.0,0.0
2017-02-16 00:00:00+08:00,125.99553727919731,126.56824445908396,125.70918368925398,126.28189086914062,61758,0.0,0.0
2017-02-17 00:00:00+08:00,126.56824253735259,126.56824253735259,124.27741385258845,125.136474609375,43741,0.0,0.0
2017-02-20 00:00:00+08:00,123.9910522140466,124.85011291503905,123.70469864704913,124.85011291503906,24514,0.0,0.0
2017-02-21 00:00:00+08:00,124.850122919424,126.28189086914062,124.850122919424,126.28189086914062,64190,0.0,0.0
2017-02-22 00:00:00+08:00,126.28188274632895,126.28188274632895,125.4228220317562,125.99552917480469,42410,0.0,0.0
2017-02-23 00:00:00+08:00,125.9955291748047,125.9955291748047,125.13646846023195,125.99552917480469,29040,0.0,0.0
2017-02-24 00:00:00+08:00,125.4228291514785,125.70918273925781,125.13647556369916,125.70918273925781,26704,0.0,0.0
2017-03-01 00:00:00+08:00,125.4228344433906,125.4228344433906,123.13200564450004,124.27742004394531,59305,0.0,0.0
2017-03-02 00:00:00+08:00,124.27742188727642,125.99554351192819,124.27742188727642,125.42283630371094,41614,0.0,0.0
2017-03-03 00:00:00+08:00,125.42283630371094,125.70918990781956,124.85012909549367,125.42283630371094,33880,0.0,0.0
2017-03-06 00:00:00+08:00,125.42283630371094,125.42283630371094,124.27742188727642,125.42283630371094,35090,0.0,0.0
2017-03-07 00:00:00+08:00,125.70919530263524,130.57720678139287,125.42284168623773,128.8590850830078,157602,0.0,0.0
2017-03-08 00:00:00+08:00,129.43178079825284,131.14990234375,129.14542720733664,131.14990234375,80422,0.0,0.0
2017-03-09 00:00:00+08:00,130.0044870361929,131.14990139154145,128.85907268084438,130.5771942138672,85665,0.0,0.0
2017-03-10 00:00:00+08:00,130.577211227828,132.00897935857034,130.577211227828,131.72262573242188,53743,0.0,0.0
2017-03-13 00:00:00+08:00,131.72260112236083,141.45862259240354,131.72260112236083,135.15884399414062,278277,0.0,0.0
2017-03-14 00:00:00+08:00,135.15886197807876,138.30875169632756,134.2998011458291,136.87698364257812,199226,0.0,0.0
2017-03-15 00:00:00+08:00,135.7315673828125,136.01792098972956,135.1588601689784,135.7315673828125,52317,0.0,0.0
2017-03-16 00:00:00+08:00,135.73156829501227,139.74051881879356,135.15886107732922,136.3042755126953,161268,0.0,0.0
2017-03-17 00:00:00+08:00,136.3042755126953,137.4496899480614,136.3042755126953,136.3042755126953,82748,0.0,0.0
2017-03-20 00:00:00+08:00,136.87698273037836,137.4496899480614,136.0179219038538,136.3042755126953,76358,0.0,0.0
2017-03-21 00:00:00+08:00,136.30428181350118,136.8769890576582,135.44522094726562,135.44522094726562,126645,0.0,0.0
2017-03-22 00:00:00+08:00,135.4452066347205,136.3042674101788,135.1588530429011,136.01791381835938,69581,0.0,0.0
2017-03-23 00:00:00+08:00,136.01792098972956,136.87698181048071,135.7315673828125,135.7315673828125,86913,0.0,0.0
2017-03-24 00:00:00+08:00,135.73156022653995,136.3042674101788,135.4452066347205,136.01791381835938,58498,0.0,0.0
2017-03-27 00:00:00+08:00,135.73154813497038,135.73154813497038,131.72259820663353,133.4407196044922,231642,0.0,0.0
2017-03-28 00:00:00+08:00,132.00895787994835,133.44072577773375,131.43625072083418,132.5816650390625,168674,0.0,0.0
2017-03-29 00:00:00+08:00,132.00896500849532,132.29531860351562,131.4362578184547,132.29531860351562,79255,0.0,0.0
2017-03-30 00:00:00+08:00,132.00895469500915,135.73155113943724,132.00895469500915,135.15884399414062,75384,0.0,0.0
2017-03-31 00:00:00+08:00,134.87250656206135,137.4496890243148,134.87250656206135,135.7315673828125,131288,0.0,0.0
2017-04-05 00:00:00+08:00,135.7315763296545,137.16334445861574,134.87251545227775,136.59063720703125,75281,0.0,0.0
2017-04-06 00:00:00+08:00,136.30426929081398,137.163330078125,135.7315620992733,137.163330078125,102245,0.0,0.0
2017-04-07 00:00:00+08:00,137.1633257955131,140.02686166380911,136.8769722086835,139.1678009033203,184558,0.0,0.0
2017-04-10 00:00:00+08:00,139.16782161401795,139.16782161401795,136.8769925784642,137.73605346679688,83211,0.0,0.0
2017-04-11 00:00:00+08:00,137.44968367389535,137.73603726966567,136.59062288658433,137.163330078125,75908,0.0,0.0
2017-04-12 00:00:00+08:00,136.8769925784642,137.73605346679688,136.30428531957577,137.73605346679688,52950,0.0,0.0
2017-04-13 00:00:00+08:00,136.87698454717622,137.44969177246094,136.59063093453386,137.44969177246094,26426,0.0,0.0
2017-04-14 00:00:00+08:00,137.16333541739775,137.4496890243148,135.1588601689784,135.7315673828125,69924,0.0,0.0
2017-04-17 00:00:00+08:00,135.7315673828125,136.87698181048071,135.44521377589547,135.7315673828125,45019,0.0,0.0
2017-04-18 00:00:00+08:00,135.7315700966068,137.44969177246094,135.7315700966068,137.44969177246094,32910,0.0,0.0
2017-04-19 00:00:00+08:00,136.87698273037836,136.87698273037836,136.3042755126953,136.3042755126953,16937,0.0,0.0
2017-04-20 00:00:00+08:00,136.01793169013155,137.73605346679688,136.01793169013155,137.73605346679688,82080,0.0,0.0
2017-04-21 00:00:00+08:00,137.73605346679688,138.5951143551295,136.8769925784642,137.73605346679688,50282,0.0,0.0
2017-04-24 00:00:00+08:00,137.44967747783096,138.0223846435547,137.44967747783096,138.0223846435547,51841,0.0,0.0
2017-04-25 00:00:00+08:00,138.0223865560019,140.02686166380911,138.0223865560019,139.1678009033203,127759,0.0,0.0
2017-04-26 00:00:00+08:00,140.31320088945617,140.59955444697724,139.454140216893,139.74049377441406,75673,0.0,0.0
2017-04-27 00:00:00+08:00,139.74049377441406,140.02684733193513,139.16778665937196,139.74049377441406,26849,0.0,0.0
2017-04-28 00:00:00+08:00,139.74051185541774,141.45863342285156,139.74051185541774,141.45863342285156,108213,0.0,0.0
2017-05-02 00:00:00+08:00,141.74496965407522,144.89485880851825,141.74496965407522,144.60850524902344,219564,0.0,0.0
2017-05-03 00:00:00+08:00,144.89485880851825,148.33110152245612,144.60850524902344,144.60850524902344,265194,0.0,0.0
2017-05-04 00:00:00+08:00,144.89484958990957,145.1812031311858,142.03131417714735,143.7494354248047,133680,0.0,0.0
2017-05-05 00:00:00+08:00,143.7494415196269,144.03579507304423,142.890380859375,142.890380859375,78417,0.0,0.0
2017-05-08 00:00:00+08:00,144.32215683250752,145.46757111130412,142.31768184461347,143.17674255371094,125556,0.0,0.0
2017-05-09 00:00:00+08:00,143.17674873446322,143.17674873446322,138.59509142149273,142.31768798828125,287170,0.0,0.0
2017-05-10 00:00:00+08:00,143.17674255371094,143.74944969310923,142.03132827491433,143.17674255371094,113798,0.0,0.0
2017-05-11 00:00:00+08:00,143.17673745154931,144.60850524902344,142.8903838920545,144.60850524902344,87521,0.0,0.0
2017-05-12 00:00:00+08:00,144.60852145452543,145.75393582086517,143.74946067977064,145.1812286376953,65151,0.0,0.0
2017-05-15 00:00:00+08:00,146.04026999009406,147.18568420410156,145.18120932958846,147.18568420410156,91384,0.0,0.0
2017-05-16 00:00:00+08:00,147.18569653823164,147.18569653823164,145.4675750732422,145.4675750732422,60887,0.0,0.0
2017-05-17 00:00:00+08:00,146.04029662505766,146.04029662505766,143.7494677792392,144.89488220214844,48410,0.0,0.0
2017-05-18 00:00:00+08:00,143.7494677792392,144.89488220214844,143.1767605677846,144.89488220214844,29148,0.0,0.0
2017-05-19 00:00:00+08:00,144.32214862646154,144.60850217987883,142.31767375254037,142.890380859375,91386,0.0,0.0
2017-05-22 00:00:00+08:00,142.89038898401176,143.74944969310923,142.60403541431262,143.17674255371094,80598,0.0,0.0
2017-05-23 00:00:00+08:00,143.17674139265327,147.18569133593172,143.17674139265327,146.8993377685547,72682,0.0,0.0
2017-05-24 00:00:00+08:00,146.8993306505997,147.7583913111053,146.6129770970978,147.18568420410156,109466,0.0,0.0
2017-05-25 00:00:00+08:00,147.7584056582334,147.7584056582334,144.32216268255667,146.6129913330078,40842,0.0,0.0
2017-05-26 00:00:00+08:00,145.18123580787574,146.6130038365123,144.60852859642114,144.89488220214844,38962,0.0,0.0
2017-05-31 00:00:00+08:00,144.89487314139168,145.18122672921237,144.0358123779297,144.0358123779297,51231,0.0,0.0
2017-06-01 00:00:00+08:00,144.0358123779297,144.60851955357103,143.74945879010903,144.0358123779297,72273,0.0,0.0
2017-06-02 00:00:00+08:00,144.03580226237924,144.03580226237924,142.60403442382812,142.60403442382812,74894,0.0,0.0
2017-06-05 00:00:00+08:00,140.8859130175668,142.89038799153835,139.45414517901568,142.60403442382812,116760,0.0,0.0
2017-06-06 00:00:00+08:00,142.6040212596998,143.7494354248047,142.31766771842356,143.7494354248047,50378,0.0,0.0
2017-06-07 00:00:00+08:00,143.7494354248047,144.0357889660809,143.7494354248047,143.7494354248047,44702,0.0,0.0
2017-06-08 00:00:00+08:00,144.32216596575034,144.60851955357103,144.0358123779297,144.0358123779297,32803,0.0,0.0
2017-06-09 00:00:00+08:00,143.74944969310923,143.74944969310923,142.60403541431262,143.17674255371094,49815,0.0,0.0
2017-06-12 00:00:00+08:00,143.17674255371094,143.74944969310923,143.17674255371094,143.17674255371094,17097,0.0,0.0
2017-06-13 00:00:00+08:00,143.17674255371094,143.46309612341008,142.60403541431262,143.17674255371094,29282,0.0,0.0
2017-06-14 00:00:00+08:00,143.17674255371094,143.17674255371094,142.89038898401176,143.17674255371094,75020,0.0,0.0
2017-06-15 00:00:00+08:00,143.17674255371094,143.17674255371094,142.89038898401176,143.17674255371094,25266,0.0,0.0
2017-06-16 00:00:00+08:00,143.17674255371094,143.46309612341008,143.17674255371094,143.17674255371094,14995,0.0,0.0
2017-06-19 00:00:00+08:00,143.1767506621309,143.46310424804688,143.1767506621309,143.46310424804688,24963,0.0,0.0
2017-06-20 00:00:00+08:00,143.74945783396288,143.74945783396288,143.1767506621309,143.46310424804688,33933,0.0,0.0
2017-06-21 00:00:00+08:00,143.46309101104416,144.89485880851825,143.17673745154931,144.60850524902344,37679,0.0,0.0
2017-06-22 00:00:00+08:00,144.32216786294052,145.75393582086517,144.32216786294052,145.1812286376953,49163,0.0,0.0
2017-06-23 00:00:00+08:00,145.18122149574396,145.4675750732422,144.8948679182457,145.4675750732422,22265,0.0,0.0
2017-06-26 00:00:00+08:00,144.89488220214844,145.46758941360306,143.1767605677846,144.89488220214844,65232,0.0,0.0
2017-06-27 00:00:00+08:00,144.89488220214844,144.89488220214844,144.32217499069384,144.89488220214844,51570,0.0,0.0
2017-06-28 00:00:00+08:00,144.60850524902344,144.60850524902344,143.74944457053897,144.60850524902344,35301,0.0,0.0
2017-06-29 00:00:00+08:00,144.32217407226562,144.32217407226562,143.74946686445557,144.32217407226562,65727,0.0,0.0
2017-06-30 00:00:00+08:00,143.4631141735119,144.89488220214844,143.4631141735119,144.89488220214844,111035,0.0,0.0
2017-07-03 00:00:00+08:00,144.32217234375292,148.90382995135994,144.32217234375292,129.1454315185547,409305,0.0,0.0
2017-07-04 00:00:00+08:00,150.62971747935597,158.86986357421117,150.62971747935597,155.90341186523438,334947,8.264463,1.1
2017-07-05 00:00:00+08:00,156.8922088071205,161.8362981536551,154.91458192021653,155.2441864013672,179424,0.0,0.0
2017-07-06 00:00:00+08:00,155.2442098669564,156.56262799084158,153.26657161648964,153.59617614746094,58513,0.0,0.0
2017-07-07 00:00:00+08:00,152.2777557373047,152.2777557373047,149.6409084644845,152.2777557373047,83870,0.0,0.0
2017-07-10 00:00:00+08:00,151.6185395620712,151.6185395620712,150.30011045528278,150.6297149658203,45259,0.0,0.0
2017-07-11 00:00:00+08:00,150.30010002837867,150.95932006835938,149.31128656536396,150.95932006835938,36256,0.0,0.0
2017-07-12 00:00:00+08:00,149.31130981445312,149.97051889244096,149.31130981445312,149.31130981445312,28722,0.0,0.0
2017-07-13 00:00:00+08:00,149.31127866456652,149.31127866456652,148.65206972410536,148.98167419433594,71833,0.0,0.0
2017-07-14 00:00:00+08:00,148.652099609375,148.652099609375,148.32249507288017,148.652099609375,32565,0.0,0.0
2017-07-17 00:00:00+08:00,148.32249507288017,148.98170414586983,148.32249507288017,148.652099609375,88770,0.0,0.0
2017-07-18 00:00:00+08:00,148.32248923242696,151.61854553222656,148.32248923242696,151.61854553222656,47366,0.0,0.0
2017-07-19 00:00:00+08:00,151.61854952463358,154.25538578219522,151.61854952463358,153.92578125,49359,0.0,0.0
2017-07-20 00:00:00+08:00,155.24420047714904,155.57380498818452,154.25537587940434,154.58499145507812,67694,0.0,0.0
2017-07-21 00:00:00+08:00,155.57382090592503,155.57382090592503,154.91461181640625,154.91461181640625,24333,0.0,0.0
2017-07-24 00:00:00+08:00,154.91460183202616,154.91460183202616,150.62972089703956,151.61854553222656,56100,0.0,0.0
2017-07-25 00:00:00+08:00,151.6185395620712,151.6185395620712,149.97050594474524,150.6297149658203,24860,0.0,0.0
2017-07-26 00:00:00+08:00,150.62969654548883,150.62969654548883,148.98167419433594,148.98167419433594,36957,0.0,0.0
2017-07-27 00:00:00+08:00,148.9816912369362,150.30010926867752,148.9816912369362,149.9705047607422,20900,0.0,0.0
2017-07-28 00:00:00+08:00,152.9369389017398,152.9369389017398,148.98167419433594,148.98167419433594,52211,0.0,0.0
2017-07-31 00:00:00+08:00,148.98170414586983,148.98170414586983,148.652099609375,148.652099609375,15570,0.0,0.0
2017-08-01 00:00:00+08:00,148.652099609375,149.31130868236465,147.33368146339566,148.652099609375,42825,0.0,0.0
2017-08-02 00:00:00+08:00,148.65208374937552,148.65208374937552,147.00405017809433,148.32247924804688,88476,0.0,0.0
2017-08-03 00:00:00+08:00,148.6520831454871,148.6520831454871,147.00404958090093,147.9928741455078,58630,0.0,0.0
2017-08-04 00:00:00+08:00,148.32247924804688,148.98168825070417,146.34484117543704,148.32247924804688,47960,0.0,0.0
2017-08-07 00:00:00+08:00,148.65208374937552,148.65208374937552,147.00405017809433,148.32247924804688,40046,0.0,0.0
2017-08-08 00:00:00+08:00,147.6632702453896,149.9705017546901,146.0152366741084,148.32247924804688,215174,0.0,0.0
2017-08-09 00:00:00+08:00,148.3224780402581,148.3224780402581,147.66326904296875,147.66326904296875,59192,0.0,0.0
2017-08-10 00:00:00+08:00,146.67443785778138,147.66326237369262,146.34483337402344,146.34483337402344,68648,0.0,0.0
2017-08-11 00:00:00+08:00,145.68564017703827,146.67445373535156,145.68564017703827,146.67445373535156,38130,0.0,0.0
2017-08-14 00:00:00+08:00,146.67447426223674,147.3336944580078,145.68566056554033,147.3336944580078,45667,0.0,0.0
2017-08-15 00:00:00+08:00,148.3225081547042,148.65211272026966,147.3336944580078,147.3336944580078,46607,0.0,0.0
2017-08-16 00:00:00+08:00,147.33365788993467,147.66326237369262,146.34483337402344,146.34483337402344,18306,0.0,0.0
2017-08-17 00:00:00+08:00,146.34486334031186,147.00407244281064,146.0152587890625,146.0152587890625,20812,0.0,0.0
2017-08-18 00:00:00+08:00,146.01524294321445,146.01524294321445,145.68563842773438,145.68563842773438,68860,0.0,0.0
2017-08-21 00:00:00+08:00,145.02644513531436,147.00407244281064,145.02644513531436,146.0152587890625,22440,0.0,0.0
2017-08-22 00:00:00+08:00,146.67445373535156,147.3336738388657,146.67445373535156,146.67445373535156,15867,0.0,0.0
2017-08-23 00:00:00+08:00,147.3336738388657,147.3336738388657,146.67445373535156,146.67445373535156,6154,0.0,0.0
2017-08-24 00:00:00+08:00,145.35604968656372,146.34486334031186,145.02644513531436,146.0152587890625,43707,0.0,0.0
2017-08-25 00:00:00+08:00,146.0152288902655,146.34483337402344,146.0152288902655,146.34483337402344,9268,0.0,0.0
2017-08-28 00:00:00+08:00,146.34484745869455,146.34484745869455,145.68563842773438,145.68563842773438,13497,0.0,0.0
2017-08-29 00:00:00+08:00,145.6856542378131,146.34486334031186,145.02644513531436,146.0152587890625,28068,0.0,0.0
2017-08-30 00:00:00+08:00,146.34484745869455,146.34484745869455,145.68563842773438,145.68563842773438,35310,0.0,0.0
2017-08-31 00:00:00+08:00,145.6856542378131,146.0152587890625,145.02644513531436,146.0152587890625,41366,0.0,0.0
2017-09-01 00:00:00+08:00,146.0152288902655,147.00404234153933,145.68562440650754,146.34483337402344,25298,0.0,0.0
2017-09-04 00:00:00+08:00,147.00405825478933,147.00405825478933,146.3448492159138,146.67445373535156,13924,0.0,0.0
2017-09-05 00:00:00+08:00,146.67446789156125,146.67446789156125,145.35604968656372,146.0152587890625,18651,0.0,0.0
2017-09-06 00:00:00+08:00,146.01524294321445,146.01524294321445,145.68563842773438,145.68563842773438,20570,0.0,0.0
2017-09-07 00:00:00+08:00,145.68564017703827,148.65209191661677,145.35603565760047,146.67445373535156,25441,0.0,0.0
2017-09-08 00:00:00+08:00,146.67443785778138,146.67443785778138,146.34483337402344,146.34483337402344,10076,0.0,0.0
2017-09-11 00:00:00+08:00,146.67445197417462,147.0040564896547,145.68563842773438,145.68563842773438,49718,0.0,0.0
2017-09-12 00:00:00+08:00,146.0152288902655,146.67443785778138,145.68562440650754,146.34483337402344,14080,0.0,0.0
2017-09-13 00:00:00+08:00,147.66326237369262,147.99286685745057,146.34483337402344,146.34483337402344,31374,0.0,0.0
2017-09-14 00:00:00+08:00,146.67445431714546,147.66327894401962,146.67445431714546,147.00405883789062,21142,0.0,0.0
2017-09-15 00:00:00+08:00,147.33367442327443,147.66327894401962,147.00405883789062,147.00405883789062,34296,0.0,0.0
2017-09-18 00:00:00+08:00,147.66326904296875,147.66326904296875,147.33366454432408,147.66326904296875,25360,0.0,0.0
2017-09-19 00:00:00+08:00,147.66327894401962,147.66327894401962,147.00405883789062,147.00405883789062,21890,0.0,0.0
2017-09-20 00:00:00+08:00,147.00407244281064,147.00407244281064,146.0152587890625,146.0152587890625,23060,0.0,0.0
2017-09-21 00:00:00+08:00,146.67447426223674,147.66329902357327,146.67447426223674,147.3336944580078,24531,0.0,0.0
2017-09-22 00:00:00+08:00,146.67445373535156,146.67445373535156,146.67445373535156,146.67445373535156,9445,0.0,0.0
2017-09-25 00:00:00+08:00,146.3448497964003,147.00405883789062,146.01524527565513,147.00405883789062,27667,0.0,0.0
2017-09-26 00:00:00+08:00,147.00404234153933,147.00404234153933,146.34483337402344,146.34483337402344,7551,0.0,0.0
2017-09-27 00:00:00+08:00,146.67445431714546,147.33367442327443,146.67445431714546,147.00405883789062,7350,0.0,0.0
2017-09-28 00:00:00+08:00,147.00405883789062,147.00405883789062,147.00405883789062,147.00405883789062,4226,0.0,0.0
2017-09-29 00:00:00+08:00,147.0040788278022,147.3336944580078,146.67447426223674,147.3336944580078,22952,0.0,0.0
2017-10-02 00:00:00+08:00,147.9928741455078,148.32247864549745,147.9928741455078,147.9928741455078,17627,0.0,0.0
2017-10-03 00:00:00+08:00,147.99289053638535,148.98170414586983,147.99289053638535,148.652099609375,20450,0.0,0.0
2017-10-05 00:00:00+08:00,147.33366514552853,149.3112921454664,147.33366514552853,147.9928741455078,19415,0.0,0.0
2017-10-06 00:00:00+08:00,147.33366454432408,147.66326904296875,147.33366454432408,147.66326904296875,7122,0.0,0.0
2017-10-11 00:00:00+08:00,147.66326904296875,148.98168703754746,147.00404898104148,147.66326904296875,28385,0.0,0.0
2017-10-12 00:00:00+08:00,147.66326237369262,147.66326237369262,146.34483337402344,146.34483337402344,40931,0.0,0.0
2017-10-13 00:00:00+08:00,146.34483337402344,146.34483337402344,145.68562440650754,146.34483337402344,31505,0.0,0.0
2017-10-16 00:00:00+08:00,146.34483998375214,147.66326904296875,146.01523548510747,147.66326904296875,30305,0.0,0.0
2017-10-17 00:00:00+08:00,146.67445431714546,147.00405883789062,146.3448497964003,147.00405883789062,11418,0.0,0.0
2017-10-18 00:00:00+08:00,147.00405825478933,147.00405825478933,146.01524469647603,146.67445373535156,33694,0.0,0.0
2017-10-19 00:00:00+08:00,146.67443785778138,146.67443785778138,146.34483337402344,146.34483337402344,12980,0.0,0.0
2017-10-20 00:00:00+08:00,146.3448492159138,146.67445373535156,146.3448492159138,146.67445373535156,11902,0.0,0.0
2017-10-23 00:00:00+08:00,147.0040788278022,147.3336944580078,147.0040788278022,147.3336944580078,9625,0.0,0.0
2017-10-24 00:00:00+08:00,146.67447426223674,147.66329902357327,146.67447426223674,147.3336944580078,8644,0.0,0.0
2017-10-25 00:00:00+08:00,147.66326904296875,147.66326904296875,147.66326904296875,147.66326904296875,7464,0.0,0.0
2017-10-26 00:00:00+08:00,147.66326904296875,147.99287354161342,147.66326904296875,147.66326904296875,13894,0.0,0.0
2017-10-27 00:00:00+08:00,147.9928834647648,148.32248798550995,147.00405883789062,147.00405883789062,18040,0.0,0.0
2017-10-30 00:00:00+08:00,147.33367442327443,147.66327894401962,147.00405883789062,147.00405883789062,37411,0.0,0.0
2017-10-31 00:00:00+08:00,147.0040788278022,147.66329902357327,147.0040788278022,147.3336944580078,13348,0.0,0.0
2017-11-01 00:00:00+08:00,147.66329902357327,147.99290358913873,147.3336944580078,147.3336944580078,20460,0.0,0.0
2017-11-02 00:00:00+08:00,147.3336944580078,147.66329902357327,147.0040788278022,147.3336944580078,20642,0.0,0.0
2017-11-03 00:00:00+08:00,147.99287354161342,148.3224780402581,147.66326904296875,147.66326904296875,19140,0.0,0.0
2017-11-06 00:00:00+08:00,147.66326904296875,148.3224780402581,147.66326904296875,147.66326904296875,17746,0.0,0.0
2017-11-07 00:00:00+08:00,147.66329902357327,147.66329902357327,147.0040788278022,147.3336944580078,16239,0.0,0.0
2017-11-08 00:00:00+08:00,147.33366454432408,147.66326904296875,147.33366454432408,147.66326904296875,8030,0.0,0.0
2017-11-09 00:00:00+08:00,147.66327835830347,147.66327835830347,146.67445373535156,146.67445373535156,28243,0.0,0.0
2017-11-10 00:00:00+08:00,146.3448492159138,147.00405825478933,146.3448492159138,146.67445373535156,32758,0.0,0.0
2017-11-13 00:00:00+08:00,147.00405883789062,147.33367442327443,147.00405883789062,147.00405883789062,17033,0.0,0.0
2017-11-14 00:00:00+08:00,147.0040788278022,147.66329902357327,146.67447426223674,147.3336944580078,24104,0.0,0.0
2017-11-15 00:00:00+08:00,147.00405825478933,147.00405825478933,146.67445373535156,146.67445373535156,12043,0.0,0.0
2017-11-16 00:00:00+08:00,146.67444567676569,148.32247924804688,146.67444567676569,148.32247924804688,18095,0.0,0.0
2017-11-17 00:00:00+08:00,148.32246525387478,149.31127866456652,148.32246525387478,148.98167419433594,24324,0.0,0.0
2017-11-20 00:00:00+08:00,150.30011631335606,163.81394603066076,150.30011631335606,157.88104248046875,184595,0.0,0.0
2017-11-21 00:00:00+08:00,161.50668453495766,161.50668453495766,154.91458376865043,156.23300170898438,67974,0.0,0.0
2017-11-22 00:00:00+08:00,154.9146041780676,154.9146041780676,152.9369659423828,152.9369659423828,51892,0.0,0.0
2017-11-23 00:00:00+08:00,152.93696708551835,153.59617614746094,151.28894443066187,153.59617614746094,27830,0.0,0.0
2017-11-24 00:00:00+08:00,153.59617033911036,156.5626220703125,152.93696130209625,156.5626220703125,15748,0.0,0.0
2017-11-27 00:00:00+08:00,155.24420572272203,157.5514373779297,154.9146012005495,157.5514373779297,50136,0.0,0.0
2017-11-28 00:00:00+08:00,158.21065748691342,158.54026200908595,157.5514373779297,157.5514373779297,34603,0.0,0.0
2017-11-29 00:00:00+08:00,157.55141839870922,157.55141839870922,155.57379150390625,155.57379150390625,19025,0.0,0.0
2017-11-30 00:00:00+08:00,154.9146053359851,154.9146053359851,153.59617614746094,153.59617614746094,13461,0.0,0.0
2017-12-01 00:00:00+08:00,152.27775631257592,152.60736083984375,151.61854725804022,152.60736083984375,34100,0.0,0.0
2017-12-04 00:00:00+08:00,152.60736312121918,154.91460591122467,152.60736312121918,153.92578125,14990,0.0,0.0
2017-12-05 00:00:00+08:00,153.92577894891514,153.92577894891514,152.60736083984375,152.60736083984375,19867,0.0,0.0
2017-12-06 00:00:00+08:00,151.94815121128204,152.2777557373047,151.94815121128204,152.2777557373047,19872,0.0,0.0
2017-12-07 00:00:00+08:00,151.61854610999353,152.9369642090819,151.61854610999353,151.94815063476562,34010,0.0,0.0
2017-12-08 00:00:00+08:00,151.61854668525936,152.2777557373047,151.61854668525936,152.2777557373047,12122,0.0,0.0
2017-12-11 00:00:00+08:00,156.89223252181287,156.89223252181287,152.93696708551835,153.59617614746094,6732,0.0,0.0
2017-12-12 00:00:00+08:00,154.58499145507812,154.91459596611358,153.92577136836888,154.58499145507812,12331,0.0,0.0
2017-12-13 00:00:00+08:00,155.5737927388174,156.23300170898438,155.5737927388174,156.23300170898438,18363,0.0,0.0
2017-12-14 00:00:00+08:00,157.8810407320536,157.8810407320536,156.23301813338352,156.89222717285156,9231,0.0,0.0
2017-12-15 00:00:00+08:00,156.89222658881954,156.89222658881954,155.24420399628426,156.5626220703125,21340,0.0,0.0
2017-12-18 00:00:00+08:00,155.2441864013672,155.2441864013672,153.59615293097656,155.2441864013672,15400,0.0,0.0
2017-12-19 00:00:00+08:00,155.57381497561508,156.2330240400055,153.92578125,153.92578125,6083,0.0,0.0
2017-12-20 00:00:00+08:00,153.92578067843223,153.92578067843223,153.59617614746094,153.59617614746094,2845,0.0,0.0
2017-12-21 00:00:00+08:00,153.59617614746094,153.59617614746094,153.59617614746094,153.59617614746094,3542,0.0,0.0
2017-12-22 00:00:00+08:00,153.59615293097656,155.2441864013672,152.93694396867522,155.2441864013672,20816,0.0,0.0
2017-12-25 00:00:00+08:00,153.59617614746094,153.59617614746094,153.59617614746094,153.59617614746094,7229,0.0,0.0
2017-12-26 00:00:00+08:00,153.596175574664,153.596175574664,153.26657104492188,153.26657104492188,4994,0.0,0.0
2017-12-27 00:00:00+08:00,152.93696651517976,153.596175574664,152.93696651517976,153.26657104492188,7524,0.0,0.0
2017-12-28 00:00:00+08:00,152.9369676534144,153.92578125,152.9369676534144,153.92578125,8910,0.0,0.0
2017-12-29 00:00:00+08:00,153.92578711748865,154.91461181640625,153.92578711748865,154.91461181640625,8152,0.0,0.0
2018-01-02 00:00:00+08:00,155.5738001616269,156.5626136640561,154.25537109375,154.25537109375,8374,0.0,0.0
2018-01-03 00:00:00+08:00,154.25537587940434,155.24420047714904,154.25537587940434,154.58499145507812,7480,0.0,0.0
2018-01-04 00:00:00+08:00,154.58499145507812,154.58499145507812,154.58499145507812,154.58499145507812,2676,0.0,0.0
2018-01-05 00:00:00+08:00,154.58499145507812,154.58499145507812,154.58499145507812,154.58499145507812,5292,0.0,0.0
2018-01-08 00:00:00+08:00,154.91461181640625,154.91461181640625,154.91461181640625,154.91461181640625,5278,0.0,0.0
2018-01-09 00:00:00+08:00,155.57382090592503,155.57382090592503,154.91461181640625,154.91461181640625,9109,0.0,0.0
2018-01-10 00:00:00+08:00,155.24420928801356,155.24420928801356,152.93696651517976,153.26657104492188,21010,0.0,0.0
2018-01-11 00:00:00+08:00,153.5961749993981,153.92577952790575,152.9369659423828,152.9369659423828,38943,0.0,0.0
2018-01-12 00:00:00+08:00,152.93695309051105,154.25537109375,152.93695309051105,154.25537109375,24432,0.0,0.0
2018-01-15 00:00:00+08:00,153.59617614746094,155.5738143979277,153.59617614746094,153.59617614746094,27238,0.0,0.0
2018-01-16 00:00:00+08:00,159.19947291305843,159.19947291305843,152.2777557373047,152.2777557373047,97692,0.0,0.0
2018-01-17 00:00:00+08:00,154.5850002285293,154.5850002285293,152.2777574556955,153.26657104492188,40196,0.0,0.0
2018-01-18 00:00:00+08:00,153.5961767178048,154.25538578219522,153.5961767178048,153.92578125,17865,0.0,0.0
2018-01-19 00:00:00+08:00,153.92578125,153.92578125,153.5961767178048,153.92578125,9099,0.0,0.0
2018-01-22 00:00:00+08:00,154.25538520940353,154.25538520940353,153.59617614746094,153.59617614746094,18013,0.0,0.0
2018-01-23 00:00:00+08:00,153.5961767178048,153.92578125,153.5961767178048,153.92578125,12001,0.0,0.0
2018-01-24 00:00:00+08:00,153.596175574664,153.92578010440613,152.93696651517976,153.26657104492188,17000,0.0,0.0
2018-01-25 00:00:00+08:00,153.5961749993981,153.5961749993981,152.60736141387517,152.9369659423828,14888,0.0,0.0
2018-01-26 00:00:00+08:00,152.9369659423828,153.92577952790575,152.9369659423828,152.9369659423828,23632,0.0,0.0
2018-01-29 00:00:00+08:00,152.93696651517976,153.596175574664,152.93696651517976,153.26657104492188,37950,0.0,0.0
2018-01-30 00:00:00+08:00,152.9369659423828,153.26657047089046,152.60736141387517,152.9369659423828,18953,0.0,0.0
2018-01-31 00:00:00+08:00,153.5961749993981,153.5961749993981,152.9369659423828,152.9369659423828,13971,0.0,0.0
2018-02-01 00:00:00+08:00,154.25538520940353,154.25538520940353,153.59617614746094,153.59617614746094,11320,0.0,0.0
2018-02-02 00:00:00+08:00,153.59617442164728,154.25538347618297,152.60736083984375,152.60736083984375,18700,0.0,0.0
2018-02-05 00:00:00+08:00,151.94815063476562,152.27775515953772,150.30011694626634,151.94815063476562,30158,0.0,0.0
2018-02-06 00:00:00+08:00,151.6185353259713,151.6185353259713,147.99287474671823,148.32247924804688,184140,0.0,0.0
2018-02-07 00:00:00+08:00,150.30009207525825,150.30009207525825,148.32246525387478,148.98167419433594,99463,0.0,0.0
2018-02-08 00:00:00+08:00,148.98170414586983,148.98170414586983,148.32249507288017,148.652099609375,37290,0.0,0.0
2018-02-09 00:00:00+08:00,148.652099609375,148.652099609375,148.652099609375,148.652099609375,0,0.0,0.0
2018-02-12 00:00:00+08:00,150.30011751652984,153.26656931537272,149.9705129905072,152.2777557373047,38720,0.0,0.0
2018-02-21 00:00:00+08:00,153.26657104492188,154.5850002285293,152.93696651517976,153.26657104492188,30030,0.0,0.0
2018-02-22 00:00:00+08:00,152.93696651517976,153.596175574664,151.9481529259534,153.26657104492188,13750,0.0,0.0
2018-02-23 00:00:00+08:00,154.91459116000743,155.24419566081718,153.92576659294028,154.25537109375,30351,0.0,0.0
2018-02-26 00:00:00+08:00,154.9146053359851,154.9146053359851,153.59617614746094,153.59617614746094,38830,0.0,0.0
2018-02-27 00:00:00+08:00,156.8922313491135,156.8922313491135,152.27775688536752,152.9369659423828,17930,0.0,0.0
2018-03-01 00:00:00+08:00,154.25537109375,154.25537109375,153.2665575913208,154.25537109375,27940,0.0,0.0
2018-03-02 00:00:00+08:00,154.25538578219522,154.58500137902945,152.277758589024,153.92578125,24317,0.0,0.0
2018-03-05 00:00:00+08:00,152.2777557373047,152.2777557373047,152.2777557373047,152.2777557373047,7810,0.0,0.0
2018-03-06 00:00:00+08:00,154.9146041780676,154.9146041780676,152.60736141387517,152.9369659423828,13449,0.0,0.0
2018-03-07 00:00:00+08:00,152.93696478935004,152.93696478935004,152.2777557373047,152.2777557373047,13475,0.0,0.0
2018-03-08 00:00:00+08:00,152.60736026332737,152.93696478935004,152.2777557373047,152.2777557373047,13389,0.0,0.0
2018-03-09 00:00:00+08:00,152.9369676534144,154.25538578219522,152.60736312121918,153.92578125,20141,0.0,0.0
2018-03-12 00:00:00+08:00,153.59617442164728,153.59617442164728,152.60736083984375,152.60736083984375,23113,0.0,0.0
2018-03-13 00:00:00+08:00,153.59617442164728,153.59617442164728,152.60736083984375,152.60736083984375,9020,0.0,0.0
2018-03-14 00:00:00+08:00,152.93696478935004,152.93696478935004,152.2777557373047,152.2777557373047,34782,0.0,0.0
2018-03-15 00:00:00+08:00,152.9369659423828,153.26657047089046,152.27775688536752,152.9369659423828,6930,0.0,0.0
2018-03-16 00:00:00+08:00,154.58499964955996,154.58499964955996,152.60736141387517,152.9369659423828,18783,0.0,0.0
2018-03-19 00:00:00+08:00,152.93696536711158,152.93696536711158,152.27775631257592,152.60736083984375,45365,0.0,0.0
2018-03-20 00:00:00+08:00,152.93696478935004,152.93696478935004,151.61854668525936,152.2777557373047,21686,0.0,0.0
2018-03-21 00:00:00+08:00,153.59617442164728,153.59617442164728,152.27775631257592,152.60736083984375,30690,0.0,0.0
2018-03-22 00:00:00+08:00,153.26657047089046,153.26657047089046,152.27775688536752,152.9369659423828,13443,0.0,0.0
2018-03-23 00:00:00+08:00,149.64089105303552,151.61852904370252,149.64089105303552,150.95932006835938,29810,0.0,0.0
2018-03-26 00:00:00+08:00,150.95932006835938,151.28892455603096,150.95932006835938,150.95932006835938,13247,0.0,0.0
2018-03-27 00:00:00+08:00,151.61854610999353,152.27775515953772,151.61854610999353,151.94815063476562,7912,0.0,0.0
2018-03-28 00:00:00+08:00,151.28892455603096,151.28892455603096,150.30010002837867,150.95932006835938,27984,0.0,0.0
2018-03-29 00:00:00+08:00,150.62970451605025,150.95932006835938,150.62970451605025,150.95932006835938,10461,0.0,0.0
2018-03-30 00:00:00+08:00,151.9481335313741,151.9481335313741,150.95932006835938,150.95932006835938,7700,0.0,0.0
2018-04-02 00:00:00+08:00,150.95935113297853,151.28895568847656,150.95935113297853,151.28895568847656,16403,0.0,0.0
2018-04-03 00:00:00+08:00,150.95933648519437,151.61854553222656,150.95933648519437,151.61854553222656,24211,0.0,0.0
2018-04-09 00:00:00+08:00,150.95932874934383,150.95932874934383,149.3112951515775,149.64089965820312,52360,0.0,0.0
2018-04-10 00:00:00+08:00,150.30010867145438,150.30010867145438,149.64089965820312,149.64089965820312,11821,0.0,0.0
2018-04-11 00:00:00+08:00,149.64091435344704,149.64091435344704,148.9817052754592,149.31130981445312,33418,0.0,0.0
2018-04-12 00:00:00+08:00,149.31130981445312,149.31130981445312,148.9817052754592,149.31130981445312,22480,0.0,0.0
2018-04-13 00:00:00+08:00,149.3112951515775,149.64089965820312,149.3112951515775,149.64089965820312,12881,0.0,0.0
2018-04-16 00:00:00+08:00,148.98167419433594,148.98167419433594,147.66325631341363,148.98167419433594,30431,0.0,0.0
2018-04-17 00:00:00+08:00,148.65208253890276,148.65208253890276,147.66326904296875,147.66326904296875,22044,0.0,0.0
2018-04-18 00:00:00+08:00,146.01524294321445,146.34484745869455,145.68563842773438,145.68563842773438,56749,0.0,0.0
2018-04-19 00:00:00+08:00,145.68563158094233,148.32247864549745,145.68563158094233,147.9928741455078,31262,0.0,0.0
2018-04-20 00:00:00+08:00,147.99288287774124,147.99288287774124,146.01524469647603,146.67445373535156,18034,0.0,0.0
2018-04-23 00:00:00+08:00,145.6856378393442,145.6856378393442,145.3560333251953,145.3560333251953,13310,0.0,0.0
2018-04-24 00:00:00+08:00,145.3560161846336,145.3560161846336,144.36720275878906,144.36720275878906,19800,0.0,0.0
2018-04-25 00:00:00+08:00,143.7080177323673,143.7080177323673,140.41196136619604,143.04879760742188,36052,0.0,0.0
2018-04-26 00:00:00+08:00,146.01524235349308,146.01524235349308,143.7080107544509,145.3560333251953,6270,0.0,0.0
2018-04-27 00:00:00+08:00,145.3560327354679,145.3560327354679,145.02642822265625,145.02642822265625,3080,0.0,0.0
2018-04-30 00:00:00+08:00,145.02642822265625,145.02642822265625,145.02642822265625,145.02642822265625,2750,0.0,0.0
2018-05-02 00:00:00+08:00,145.68563842773438,145.68563842773438,145.0264293967742,145.68563842773438,10285,0.0,0.0
2018-05-03 00:00:00+08:00,144.03761291503906,144.36721742380223,144.03761291503906,144.03761291503906,11275,0.0,0.0
2018-05-04 00:00:00+08:00,143.04879760742188,143.04879760742188,143.04879760742188,143.04879760742188,4895,0.0,0.0
2018-05-07 00:00:00+08:00,143.04879760742188,143.04879760742188,141.73037948680894,143.04879760742188,22495,0.0,0.0
2018-05-08 00:00:00+08:00,142.38957844197455,142.38957844197455,136.45668625562448,139.7527313232422,72861,0.0,0.0
2018-05-09 00:00:00+08:00,139.75272952317403,140.41194959284473,138.43431151310864,138.763916015625,35684,0.0,0.0
2018-05-10 00:00:00+08:00,138.43429692381494,139.093505859375,137.77508798825488,139.093505859375,28435,0.0,0.0
2018-05-11 00:00:00+08:00,139.093505859375,139.093505859375,138.76390139159497,139.093505859375,12716,0.0,0.0
2018-05-14 00:00:00+08:00,138.76390139159497,139.093505859375,138.43429692381494,139.093505859375,16060,0.0,0.0
2018-05-15 00:00:00+08:00,139.09351991526137,139.09351991526137,138.43431091308594,138.43431091308594,26180,0.0,0.0
2018-05-16 00:00:00+08:00,137.77511539761028,137.77511539761028,136.7863017975529,137.4455108642578,187520,0.0,0.0
2018-05-17 00:00:00+08:00,138.1047070105923,138.763916015625,137.44549800555964,138.763916015625,15196,0.0,0.0
2018-05-18 00:00:00+08:00,138.76391541417365,138.76391541417365,137.77510191091048,138.43431091308594,75702,0.0,0.0
2018-05-21 00:00:00+08:00,138.43431091308594,138.43431091308594,137.77510191091048,138.43431091308594,19514,0.0,0.0
2018-05-22 00:00:00+08:00,138.43431091308594,138.43431091308594,137.77510191091048,138.43431091308594,16934,0.0,0.0
2018-05-23 00:00:00+08:00,137.77510191091048,138.43431091308594,137.77510191091048,138.43431091308594,6858,0.0,0.0
2018-05-24 00:00:00+08:00,137.77510191091048,138.43431091308594,137.77510191091048,138.43431091308594,10269,0.0,0.0
2018-05-25 00:00:00+08:00,139.09352051814133,139.42312502065766,138.763916015625,138.763916015625,3633,0.0,0.0
2018-05-28 00:00:00+08:00,138.76391420263772,138.76391420263772,137.7751007080078,137.7751007080078,29643,0.0,0.0
2018-05-29 00:00:00+08:00,137.7751007080078,137.7751007080078,137.7751007080078,137.7751007080078,6539,0.0,0.0
2018-05-30 00:00:00+08:00,137.7750982673358,137.7750982673358,136.45668029785156,136.45668029785156,23802,0.0,0.0
2018-05-31 00:00:00+08:00,137.77511127178488,141.40077209472656,137.77511127178488,141.40077209472656,18122,0.0,0.0
2018-06-01 00:00:00+08:00,138.76391780295688,141.07116041492745,138.76391780295688,139.7527313232422,12868,0.0,0.0
2018-06-04 00:00:00+08:00,138.76390139159497,139.093505859375,138.76390139159497,139.093505859375,14465,0.0,0.0
2018-06-05 00:00:00+08:00,139.093505859375,139.7527147949351,139.093505859375,139.093505859375,15950,0.0,0.0
2018-06-06 00:00:00+08:00,138.4343132961951,139.7527313232422,138.4343132961951,139.7527313232422,4790,0.0,0.0
2018-06-07 00:00:00+08:00,139.09352706583527,140.0823516845703,139.09352706583527,140.0823516845703,6930,0.0,0.0
2018-06-08 00:00:00+08:00,140.0823516845703,140.74156072063462,139.7527361018996,140.0823516845703,21562,0.0,0.0
2018-06-11 00:00:00+08:00,140.4119514014039,140.4119514014039,139.7527313232422,139.7527313232422,15400,0.0,0.0
2018-06-12 00:00:00+08:00,139.7527366836623,140.41195678710938,139.09352764485382,140.41195678710938,6308,0.0,0.0
2018-06-13 00:00:00+08:00,140.41195678710938,140.41195678710938,139.7527366836623,140.41195678710938,9075,0.0,0.0
2018-06-14 00:00:00+08:00,141.07116641041833,141.07116641041833,140.08235284810866,140.74156188964844,17710,0.0,0.0
2018-06-15 00:00:00+08:00,140.41195736887855,140.74156188964844,140.08235284810866,140.74156188964844,11440,0.0,0.0
2018-06-19 00:00:00+08:00,140.74155590816568,140.74155590816568,139.7527313232422,139.7527313232422,8967,0.0,0.0
2018-06-20 00:00:00+08:00,139.7527313232422,139.7527313232422,139.7527313232422,139.7527313232422,4455,0.0,0.0
2018-06-21 00:00:00+08:00,139.75274602091818,139.75274602091818,139.0935369380662,139.4231414794922,3905,0.0,0.0
2018-06-22 00:00:00+08:00,139.75273726270012,140.74156188964844,139.75273726270012,140.74156188964844,2478,0.0,0.0
2018-06-25 00:00:00+08:00,140.74156072063462,140.74156072063462,140.0823516845703,140.0823516845703,8851,0.0,0.0
2018-06-26 00:00:00+08:00,139.42312319905767,139.42312319905767,137.7751007080078,137.7751007080078,19206,0.0,0.0
2018-06-27 00:00:00+08:00,138.43429692381494,141.73035266625214,138.43429692381494,139.093505859375,13933,0.0,0.0
2018-06-28 00:00:00+08:00,138.763916015625,138.763916015625,138.763916015625,138.763916015625,2200,0.0,0.0
2018-06-29 00:00:00+08:00,138.76391420263772,139.42312319905767,137.44549620979785,137.7751007080078,37386,0.0,0.0
2018-07-02 00:00:00+08:00,137.7750841613904,137.7750841613904,137.11587524414062,137.11587524414062,30877,0.0,0.0
2018-07-03 00:00:00+08:00,137.11588928259368,137.11588928259368,136.45668029785156,136.45668029785156,57860,0.0,0.0
2018-07-04 00:00:00+08:00,143.048784992952,143.048784992952,137.44549740982276,138.43431091308594,11000,0.0,0.0
2018-07-05 00:00:00+08:00,137.77510250807597,138.763916015625,137.77510250807597,138.763916015625,3300,0.0,0.0
2018-07-06 00:00:00+08:00,138.10470581054688,138.10470581054688,137.7751013108946,138.10470581054688,9020,0.0,0.0
2018-07-09 00:00:00+08:00,137.7751007080078,137.7751007080078,137.7751007080078,137.7751007080078,3733,0.0,0.0
2018-07-10 00:00:00+08:00,137.7750841613904,137.7750841613904,137.11587524414062,137.11587524414062,14410,0.0,0.0
2018-07-11 00:00:00+08:00,137.7751007080078,137.7751007080078,137.7751007080078,137.7751007080078,3344,0.0,0.0
2018-07-12 00:00:00+08:00,138.4343132961951,139.7527313232422,138.10470878943335,139.7527313232422,14652,0.0,0.0
2018-07-13 00:00:00+08:00,139.09352706583527,140.0823516845703,139.09352706583527,140.0823516845703,20352,0.0,0.0
2018-07-16 00:00:00+08:00,141.73037968295958,145.0264360536925,141.73037968295958,136.7863006591797,53801,0.0,0.0
2018-07-17 00:00:00+08:00,146.15996408028062,146.15996408028062,144.42410278320312,144.42410278320312,39974,9.545455,0.0
2018-07-18 00:00:00+08:00,144.42410942871172,145.4656262548824,144.0769371533215,145.1184539794922,12980,0.0,0.0
2018-07-19 00:00:00+08:00,144.42410278320312,144.42410278320312,144.42410278320312,144.42410278320312,8107,0.0,0.0
2018-07-20 00:00:00+08:00,144.42410278320312,144.42410278320312,144.42410278320312,144.42410278320312,12364,0.0,0.0
2018-07-23 00:00:00+08:00,144.42410708420755,145.1184516237164,144.07693481445312,144.07693481445312,16139,0.0,0.0
2018-07-24 00:00:00+08:00,146.85431535644332,146.85431535644332,145.1184539794922,145.1184539794922,4950,0.0,0.0
2018-07-25 00:00:00+08:00,145.81279616322522,145.81279616322522,143.7297625446987,144.07693481445312,16867,0.0,0.0
2018-07-26 00:00:00+08:00,144.42409850282698,144.77127075195312,144.0769262537008,144.77127075195312,10723,0.0,0.0
2018-07-27 00:00:00+08:00,144.42410089746227,145.8127899169922,142.34105571378976,145.8127899169922,50050,0.0,0.0
2018-07-30 00:00:00+08:00,144.4241121181079,144.4241121181079,143.38258361816406,143.38258361816406,11698,0.0,0.0
2018-07-31 00:00:00+08:00,143.72976755439768,143.72976755439768,143.38258361816406,143.38258361816406,12551,0.0,0.0
2018-08-01 00:00:00+08:00,143.38258361816406,143.38258361816406,142.68823905445385,143.38258361816406,9245,0.0,0.0
2018-08-02 00:00:00+08:00,143.38258361816406,143.38258361816406,143.38258361816406,143.38258361816406,22,0.0,0.0
2018-08-03 00:00:00+08:00,143.38258794173785,143.38258794173785,142.6882433570903,143.03541564941406,23507,0.0,0.0
2018-08-06 00:00:00+08:00,143.03541998350744,143.72977624357344,142.34107537782066,142.68824768066406,27940,0.0,0.0
2018-08-07 00:00:00+08:00,143.72976755439768,144.4241121181079,143.38258361816406,143.38258361816406,51588,0.0,0.0
2018-08-08 00:00:00+08:00,144.42410708420755,145.1184516237164,143.7297625446987,144.07693481445312,56430,0.0,0.0
2018-08-09 00:00:00+08:00,144.0769398362528,144.0769398362528,143.03541133630895,143.38258361816406,39655,0.0,0.0
2018-08-10 00:00:00+08:00,144.07694418076426,144.07694418076426,141.99389877244275,143.03541564941406,45430,0.0,0.0
2018-08-13 00:00:00+08:00,142.341064453125,143.7297652122948,142.341064453125,142.341064453125,34234,0.0,0.0
2018-08-14 00:00:00+08:00,142.34107537782066,143.03541998350744,142.34107537782066,142.68824768066406,23320,0.0,0.0
2018-08-15 00:00:00+08:00,142.34107537782066,142.68824768066406,140.9523861664471,142.68824768066406,23391,0.0,0.0
2018-08-16 00:00:00+08:00,141.29955621831226,142.3410731102505,140.95238392099952,141.646728515625,22264,0.0,0.0
2018-08-17 00:00:00+08:00,141.29955621831226,141.99390081293777,141.29955621831226,141.646728515625,9486,0.0,0.0
2018-08-20 00:00:00+08:00,143.03541564941406,143.03541564941406,143.03541564941406,143.03541564941406,7953,0.0,0.0
2018-08-21 00:00:00+08:00,142.341064453125,143.03540900552073,142.341064453125,142.341064453125,22455,0.0,0.0
2018-08-22 00:00:00+08:00,143.03541564941406,143.7297718884405,141.99389877244275,143.03541564941406,49575,0.0,0.0
2018-08-23 00:00:00+08:00,143.03541133630895,143.72976755439768,143.03541133630895,143.38258361816406,19932,0.0,0.0
2018-08-24 00:00:00+08:00,143.38257435057886,144.42410278320312,143.38257435057886,144.42410278320312,31357,0.0,0.0
2018-08-27 00:00:00+08:00,145.1184539794922,145.81279853027263,145.1184539794922,145.1184539794922,26034,0.0,0.0
2018-08-28 00:00:00+08:00,145.1184369162157,146.8542980890613,145.1184369162157,146.5071258544922,12853,0.0,0.0
2018-08-29 00:00:00+08:00,146.5071427530294,147.89584350585938,146.5071427530294,147.89584350585938,23210,0.0,0.0
2018-08-30 00:00:00+08:00,147.89583921008042,148.24301147460938,147.89583921008042,148.24301147460938,32411,0.0,0.0
2018-08-31 00:00:00+08:00,148.59018373913835,149.28452826819628,148.24301147460938,148.24301147460938,13235,0.0,0.0
2018-09-03 00:00:00+08:00,147.89585012186163,148.59019470214844,147.89585012186163,148.59019470214844,6035,0.0,0.0
2018-09-04 00:00:00+08:00,148.59018373913835,148.59018373913835,148.24301147460938,148.24301147460938,8173,0.0,0.0
2018-09-05 00:00:00+08:00,148.24301147460938,148.24301147460938,148.24301147460938,148.24301147460938,972,0.0,0.0
2018-09-06 00:00:00+08:00,146.5071368214741,147.2014813425884,146.5071368214741,146.85430908203125,8960,0.0,0.0
2018-09-07 00:00:00+08:00,146.8542980890613,146.8542980890613,145.81278138535396,146.5071258544922,10857,0.0,0.0
2018-09-10 00:00:00+08:00,145.46561525020547,145.46561525020547,143.72975400457463,144.77127075195312,12485,0.0,0.0
2018-09-11 00:00:00+08:00,144.7712689069355,146.1599578857422,144.7712689069355,146.1599578857422,7008,0.0,0.0
2018-09-12 00:00:00+08:00,145.8127899169922,145.8127899169922,145.11844540722723,145.8127899169922,6798,0.0,0.0
2018-09-13 00:00:00+08:00,146.5071258544922,146.5071258544922,146.5071258544922,146.5071258544922,2987,0.0,0.0
2018-09-14 00:00:00+08:00,145.8127899169922,145.8127899169922,145.8127899169922,145.8127899169922,1654,0.0,0.0
2018-09-17 00:00:00+08:00,144.77127075195312,144.77127075195312,144.42409850282698,144.77127075195312,9416,0.0,0.0
2018-09-18 00:00:00+08:00,144.42410942871172,145.1184539794922,144.42410942871172,145.1184539794922,4309,0.0,0.0
2018-09-19 00:00:00+08:00,144.42410278320312,144.42410278320312,144.07693052378764,144.42410278320312,8833,0.0,0.0
2018-09-20 00:00:00+08:00,144.07693052378764,144.42410278320312,144.07693052378764,144.42410278320312,6281,0.0,0.0
2018-09-21 00:00:00+08:00,144.42410278320312,144.42410278320312,144.42410278320312,144.42410278320312,3190,0.0,0.0
2018-09-25 00:00:00+08:00,144.42410278320312,144.42410278320312,143.72975826437212,144.42410278320312,5932,0.0,0.0
2018-09-26 00:00:00+08:00,145.1184369162157,146.5071258544922,145.1184369162157,146.5071258544922,16973,0.0,0.0
2018-09-27 00:00:00+08:00,146.5071258544922,146.5071258544922,145.46560915078481,146.5071258544922,4411,0.0,0.0
2018-09-28 00:00:00+08:00,145.4656219482422,145.4656219482422,145.1184496831303,145.4656219482422,6600,0.0,0.0
2018-10-01 00:00:00+08:00,145.1184539794922,145.4656262548824,144.77128170410194,145.1184539794922,6630,0.0,0.0
2018-10-02 00:00:00+08:00,145.1184430010793,145.1184430010793,144.42409850282698,144.77127075195312,10216,0.0,0.0
2018-10-03 00:00:00+08:00,143.72975826437212,144.42410278320312,143.38257435057886,144.42410278320312,7920,0.0,0.0
2018-10-04 00:00:00+08:00,143.72976684570312,143.72976684570312,143.0354106310381,143.72976684570312,11708,0.0,0.0
2018-10-05 00:00:00+08:00,143.7297652122948,143.7297652122948,142.341064453125,142.341064453125,28216,0.0,0.0
2018-10-08 00:00:00+08:00,141.646721881441,141.646721881441,140.95237731933594,140.95237731933594,29980,0.0,0.0
2018-10-09 00:00:00+08:00,140.95236634582113,140.95236634582113,140.25802183777262,140.60519409179688,15645,0.0,0.0
2018-10-11 00:00:00+08:00,138.86934107059818,138.86934107059818,136.0919626403393,137.48065185546875,160426,0.0,0.0
2018-10-12 00:00:00+08:00,136.09194564701139,138.86932373046875,136.09194564701139,138.86932373046875,35310,0.0,0.0
2018-10-15 00:00:00+08:00,137.8278241592511,137.8278241592511,136.0919626403393,137.48065185546875,15725,0.0,0.0
2018-10-16 00:00:00+08:00,136.0919603923819,136.78630498847747,135.74477643995502,136.4391326904297,14410,0.0,0.0
2018-10-17 00:00:00+08:00,137.13347294623944,137.13347294623944,136.09195608506016,136.7863006591797,28097,0.0,0.0
2018-10-18 00:00:00+08:00,138.86933670280752,139.91086523577516,137.1334752384929,137.82781982421875,9460,0.0,0.0
2018-10-19 00:00:00+08:00,137.13347094697372,138.17498779296875,137.13347094697372,138.17498779296875,4477,0.0,0.0
2018-10-22 00:00:00+08:00,136.7863006591797,137.13347294623944,136.4391283721199,136.7863006591797,22715,0.0,0.0
2018-10-23 00:00:00+08:00,136.09195448694604,136.09195448694604,135.05042598361862,135.39759826660156,87008,0.0,0.0
2018-10-24 00:00:00+08:00,135.39760844911646,136.0919647216797,135.39760844911646,136.0919647216797,6829,0.0,0.0
2018-10-25 00:00:00+08:00,136.09195448694604,136.09195448694604,133.6617368516868,135.39759826660156,15128,0.0,0.0
2018-10-26 00:00:00+08:00,134.70326667677807,134.70326667677807,132.9674050946455,134.35609436035156,22891,0.0,0.0
2018-10-29 00:00:00+08:00,133.31457086468382,133.6617431640625,132.96739856530513,133.6617431640625,14847,0.0,0.0
2018-10-30 00:00:00+08:00,134.70326232910156,134.70326232910156,134.70326232910156,134.70326232910156,6092,0.0,0.0
2018-10-31 00:00:00+08:00,135.05043029785156,135.39760259192505,135.05043029785156,135.05043029785156,18016,0.0,0.0
2018-11-01 00:00:00+08:00,135.05043029785156,135.05043029785156,134.70325800377807,135.05043029785156,11936,0.0,0.0
2018-11-02 00:00:00+08:00,134.70322503343164,134.70322503343164,134.00888061523438,134.00888061523438,11110,0.0,0.0
2018-11-05 00:00:00+08:00,133.3145361970371,134.00888061523438,133.3145361970371,134.00888061523438,19808,0.0,0.0
2018-11-06 00:00:00+08:00,133.66173220744346,133.66173220744346,132.9673876656034,133.31455993652344,13092,0.0,0.0
2018-11-07 00:00:00+08:00,133.314577411072,134.35609436035156,133.314577411072,134.35609436035156,8581,0.0,0.0
2018-11-08 00:00:00+08:00,134.00891771865915,134.70326232910156,134.00891771865915,134.70326232910156,28930,0.0,0.0
2018-11-09 00:00:00+08:00,135.39761130963112,135.39761130963112,133.314577411072,134.35609436035156,19285,0.0,0.0
2018-11-12 00:00:00+08:00,134.70326383093268,136.0919647216797,134.70326383093268,136.0919647216797,25568,0.0,0.0
2018-11-13 00:00:00+08:00,135.39760637839532,137.48065185546875,135.39760637839532,137.48065185546875,7865,0.0,0.0
2018-11-14 00:00:00+08:00,137.82780694917224,139.56366825133307,137.82780694917224,138.86932373046875,14300,0.0,0.0
2018-11-15 00:00:00+08:00,139.5636656753465,140.95236634582113,139.5636656753465,140.60519409179688,11748,0.0,0.0
2018-11-16 00:00:00+08:00,140.95238392099952,141.646728515625,140.95238392099952,141.646728515625,5509,0.0,0.0
2018-11-19 00:00:00+08:00,141.64671085386965,141.64671085386965,139.91084958374836,140.60519409179688,10285,0.0,0.0
2018-11-20 00:00:00+08:00,139.21651282025522,140.25804138183594,139.21651282025522,140.25804138183594,5333,0.0,0.0
2018-11-21 00:00:00+08:00,138.86932373046875,138.86932373046875,138.86932373046875,138.86932373046875,10120,0.0,0.0
2018-11-22 00:00:00+08:00,138.17498779296875,138.17498779296875,138.17498779296875,138.17498779296875,2400,0.0,0.0
2018-11-23 00:00:00+08:00,137.48064958457306,137.48064958457306,136.4391326904297,136.4391326904297,14575,0.0,0.0
2018-11-26 00:00:00+08:00,136.4391326904297,136.78630498847747,136.4391326904297,136.4391326904297,11000,0.0,0.0
2018-11-27 00:00:00+08:00,136.43913494412166,137.48065185546875,136.43913494412166,137.48065185546875,6655,0.0,0.0
2018-11-28 00:00:00+08:00,136.786307247904,137.48065185546875,136.786307247904,137.48065185546875,21340,0.0,0.0
2018-11-29 00:00:00+08:00,137.48065185546875,138.17499646303347,137.48065185546875,137.48065185546875,12265,0.0,0.0
2018-11-30 00:00:00+08:00,137.48065185546875,137.8278241592511,137.13347955168638,137.48065185546875,14300,0.0,0.0
2018-12-03 00:00:00+08:00,137.48064090405705,137.48064090405705,136.78629635180232,137.1334686279297,27610,0.0,0.0
2018-12-04 00:00:00+08:00,137.13347294623944,137.13347294623944,136.4391283721199,136.7863006591797,17439,0.0,0.0
2018-12-05 00:00:00+08:00,136.78629635180232,137.48064090405705,136.78629635180232,137.1334686279297,14960,0.0,0.0
2018-12-06 00:00:00+08:00,136.7863100814423,136.7863100814423,135.74478149414062,135.74478149414062,17820,0.0,0.0
2018-12-07 00:00:00+08:00,136.09195608506016,136.7863006591797,136.09195608506016,136.7863006591797,239800,0.0,0.0
2018-12-10 00:00:00+08:00,136.78630498847747,137.48064958457306,136.4391326904297,136.4391326904297,197183,0.0,0.0
2018-12-11 00:00:00+08:00,136.09195608506016,136.7863006591797,136.09195608506016,136.7863006591797,7240,0.0,0.0
2018-12-12 00:00:00+08:00,136.78629440577757,138.52215576171875,136.78629440577757,138.52215576171875,10549,0.0,0.0
2018-12-13 00:00:00+08:00,138.5221600749671,138.5221600749671,138.17498779296875,138.17498779296875,4290,0.0,0.0
2018-12-14 00:00:00+08:00,138.17499646303347,138.17499646303347,137.48065185546875,137.48065185546875,136070,0.0,0.0
2018-12-17 00:00:00+08:00,136.43912407567495,137.1334686279297,136.43912407567495,137.1334686279297,7206,0.0,0.0
2018-12-18 00:00:00+08:00,136.09195608506016,136.7863006591797,136.09195608506016,136.7863006591797,19140,0.0,0.0
2018-12-19 00:00:00+08:00,136.4391326904297,136.4391326904297,136.0919603923819,136.4391326904297,14114,0.0,0.0
2018-12-20 00:00:00+08:00,136.43913703077158,136.43913703077158,136.0919647216797,136.0919647216797,29920,0.0,0.0
2018-12-21 00:00:00+08:00,136.0919647216797,136.0919647216797,135.74478075820835,136.0919647216797,14617,0.0,0.0
2018-12-24 00:00:00+08:00,135.39759826660156,136.09195448694604,135.39759826660156,135.39759826660156,25545,0.0,0.0
2018-12-25 00:00:00+08:00,134.35608141765272,135.39759826660156,134.35608141765272,135.39759826660156,15649,0.0,0.0
2018-12-26 00:00:00+08:00,135.39759826660156,135.39759826660156,135.05042598361862,135.39759826660156,6719,0.0,0.0
2018-12-27 00:00:00+08:00,135.39759826660156,135.39759826660156,135.05042598361862,135.39759826660156,8965,0.0,0.0
2018-12-28 00:00:00+08:00,134.70326232910156,134.70326232910156,134.70326232910156,134.70326232910156,8877,0.0,0.0
2019-01-02 00:00:00+08:00,134.00891771865915,134.70326232910156,134.00891771865915,134.70326232910156,10998,0.0,0.0
2019-01-03 00:00:00+08:00,134.70325800377807,135.05043029785156,134.70325800377807,135.05043029785156,4532,0.0,0.0
2019-01-04 00:00:00+08:00,135.05043463432276,135.05043463432276,134.35609002388034,134.70326232910156,14676,0.0,0.0
2019-01-07 00:00:00+08:00,135.05043184385943,136.78630498847747,134.70325954581165,136.4391326904297,21756,0.0,0.0
2019-01-08 00:00:00+08:00,136.4391326904297,136.4391326904297,135.74477643995502,136.4391326904297,7872,0.0,0.0
2019-01-09 00:00:00+08:00,137.48064090405705,137.48064090405705,136.78629635180232,137.1334686279297,9317,0.0,0.0
2019-01-10 00:00:00+08:00,137.13347294623944,137.13347294623944,136.7863006591797,136.7863006591797,6156,0.0,0.0
2019-01-11 00:00:00+08:00,135.7447721436217,137.13347294623944,135.7447721436217,136.7863006591797,9900,0.0,0.0
2019-01-14 00:00:00+08:00,136.78630498847747,136.78630498847747,136.0919603923819,136.4391326904297,13429,0.0,0.0
2019-01-15 00:00:00+08:00,136.4391326904297,136.4391326904297,136.4391326904297,136.4391326904297,2035,0.0,0.0
2019-01-16 00:00:00+08:00,136.786307247904,137.48065185546875,136.786307247904,137.48065185546875,9749,0.0,0.0
2019-01-17 00:00:00+08:00,137.48065185546875,137.48065185546875,137.48065185546875,137.48065185546875,14445,0.0,0.0
2019-01-18 00:00:00+08:00,137.48064753135583,137.82781982421875,137.48064753135583,137.82781982421875,4815,0.0,0.0
2019-01-21 00:00:00+08:00,137.48064322897207,138.17498779296875,137.48064322897207,138.17498779296875,6425,0.0,0.0
2019-01-22 00:00:00+08:00,138.17498779296875,138.5221600749671,138.17498779296875,138.17498779296875,10183,0.0,0.0
2019-01-23 00:00:00+08:00,137.82781982421875,137.82781982421875,137.82781982421875,137.82781982421875,1541,0.0,0.0
2019-01-24 00:00:00+08:00,137.82781551097042,139.56367692096214,137.48064322897207,138.17498779296875,10376,0.0,0.0
2019-01-25 00:00:00+08:00,138.17499009466337,139.5636792457893,138.17499009466337,139.2165069580078,9696,0.0,0.0
2019-01-28 00:00:00+08:00,139.5636749267578,139.5636749267578,139.5636749267578,139.5636749267578,8228,0.0,0.0
2019-01-29 00:00:00+08:00,138.86932373046875,138.86932373046875,138.1749792096044,138.86932373046875,6798,0.0,0.0
2019-01-30 00:00:00+08:00,138.8693303726825,139.5636749267578,138.8693303726825,139.5636749267578,9020,0.0,0.0
2019-02-11 00:00:00+08:00,139.56368512265573,140.95238598663695,139.56368512265573,140.25804138183594,18640,0.0,0.0
2019-02-12 00:00:00+08:00,140.95238392099952,141.646728515625,140.95238392099952,141.646728515625,7214,0.0,0.0
2019-02-13 00:00:00+08:00,142.34106644354608,142.34106644354608,140.6052050382834,140.95237731933594,29099,0.0,0.0
2019-02-14 00:00:00+08:00,141.646728515625,141.646728515625,141.646728515625,141.646728515625,7172,0.0,0.0
2019-02-15 00:00:00+08:00,141.646728515625,141.646728515625,141.646728515625,141.646728515625,2750,0.0,0.0
2019-02-18 00:00:00+08:00,142.3410710647665,143.03541564941406,142.3410710647665,143.03541564941406,8299,0.0,0.0
2019-02-19 00:00:00+08:00,143.72976487793125,145.1184539794922,143.72976487793125,145.1184539794922,19039,0.0,0.0
2019-02-20 00:00:00+08:00,145.4656219482422,145.81279421335407,145.1184496831303,145.4656219482422,18517,0.0,0.0
2019-02-21 00:00:00+08:00,145.4656219482422,145.4656219482422,144.42410515290655,145.4656219482422,23430,0.0,0.0
2019-02-22 00:00:00+08:00,144.77128170410194,145.4656262548824,144.77128170410194,145.1184539794922,9042,0.0,0.0
2019-02-25 00:00:00+08:00,145.81279421335407,146.15996647846595,145.4656219482422,145.4656219482422,17987,0.0,0.0
2019-02-26 00:00:00+08:00,145.81279421335407,145.81279421335407,145.4656219482422,145.4656219482422,11768,0.0,0.0
2019-02-27 00:00:00+08:00,145.81279421335407,145.81279421335407,144.77127741801843,145.4656219482422,27841,0.0,0.0
2019-03-04 00:00:00+08:00,145.46561579860628,147.20147705078125,145.46561579860628,147.20147705078125,35538,0.0,0.0
2019-03-05 00:00:00+08:00,145.81278138535396,146.5071258544922,145.81278138535396,146.5071258544922,25731,0.0,0.0
2019-03-06 00:00:00+08:00,146.1599578857422,146.1599578857422,146.1599578857422,146.1599578857422,4347,0.0,0.0
2019-03-07 00:00:00+08:00,145.81279421335407,145.81279421335407,145.4656219482422,145.4656219482422,6691,0.0,0.0
2019-03-08 00:00:00+08:00,144.77127935396197,144.77127935396197,144.07693481445312,144.07693481445312,12300,0.0,0.0
2019-03-11 00:00:00+08:00,143.03541334456347,143.03541334456347,140.25803505072753,141.993896484375,48684,0.0,0.0
2019-03-12 00:00:00+08:00,142.6882433570903,143.03541564941406,142.6882433570903,143.03541564941406,5575,0.0,0.0
2019-03-13 00:00:00+08:00,144.42411647308805,145.1184610577356,143.03541564941406,143.03541564941406,41908,0.0,0.0
2019-03-14 00:00:00+08:00,143.7297718884405,143.7297718884405,143.03541564941406,143.03541564941406,17820,0.0,0.0
2019-03-15 00:00:00+08:00,145.1184496831303,145.81279421335407,145.1184496831303,145.4656219482422,5192,0.0,0.0
2019-03-18 00:00:00+08:00,145.8127856410405,147.2014746198472,145.8127856410405,146.1599578857422,22770,0.0,0.0
2019-03-19 00:00:00+08:00,146.85430480034626,147.20147705078125,146.85430480034626,147.20147705078125,13746,0.0,0.0
2019-03-20 00:00:00+08:00,147.2014763751015,147.5486602783203,147.2014763751015,147.5486602783203,40242,0.0,0.0
2019-03-21 00:00:00+08:00,147.54867123124643,147.89584350585938,146.85431502764231,147.89584350585938,12468,0.0,0.0
2019-03-22 00:00:00+08:00,147.54867123124643,148.2430157804723,147.20148730225523,147.89584350585938,26530,0.0,0.0
2019-03-25 00:00:00+08:00,147.89583320602873,147.89583320602873,145.81278804904127,147.20147705078125,25826,0.0,0.0
2019-03-26 00:00:00+08:00,147.89583252716173,147.89583252716173,147.5486602783203,147.5486602783203,16186,0.0,0.0
2019-03-27 00:00:00+08:00,147.89583921008042,148.24301147460938,147.89583921008042,148.24301147460938,11660,0.0,0.0
2019-03-28 00:00:00+08:00,147.89583252716173,148.24300477600315,147.5486602783203,147.5486602783203,25503,0.0,0.0
2019-03-29 00:00:00+08:00,147.89584350585938,148.2430157804723,147.54867123124643,147.89584350585938,17183,0.0,0.0
2019-04-01 00:00:00+08:00,148.93735600366733,148.93735600366733,148.24301147460938,148.24301147460938,16225,0.0,0.0
2019-04-02 00:00:00+08:00,148.59018373913835,148.59018373913835,148.24301147460938,148.24301147460938,4562,0.0,0.0
2019-04-03 00:00:00+08:00,148.24302241200505,148.59019470214844,148.24302241200505,148.59019470214844,15921,0.0,0.0
2019-04-08 00:00:00+08:00,148.59017516760727,148.93734741210938,148.59017516760727,148.93734741210938,19233,0.0,0.0
2019-04-09 00:00:00+08:00,148.24302241200505,148.59019470214844,148.24302241200505,148.59019470214844,2585,0.0,0.0
2019-04-10 00:00:00+08:00,148.59017516760727,148.93734741210938,148.59017516760727,148.93734741210938,10120,0.0,0.0
2019-04-11 00:00:00+08:00,148.93735836960448,149.28453063964844,148.93735836960448,149.28453063964844,12850,0.0,0.0
2019-04-12 00:00:00+08:00,148.93736699229183,148.93736699229183,148.59019470214844,148.59019470214844,5856,0.0,0.0
2019-04-15 00:00:00+08:00,148.93736699229183,149.28453928243525,148.59019470214844,148.59019470214844,7205,0.0,0.0
2019-04-16 00:00:00+08:00,148.59017516760727,148.93734741210938,148.59017516760727,148.93734741210938,3903,0.0,0.0
2019-04-17 00:00:00+08:00,148.59018805508524,148.59018805508524,147.54867123124643,147.89584350585938,9290,0.0,0.0
2019-04-18 00:00:00+08:00,146.85430412626008,147.5486602783203,146.85430412626008,147.5486602783203,9761,0.0,0.0
2019-04-19 00:00:00+08:00,147.20148730225523,147.89584350585938,147.20148730225523,147.89584350585938,7552,0.0,0.0
2019-04-22 00:00:00+08:00,147.89584350585938,147.89584350585938,147.89584350585938,147.89584350585938,660,0.0,0.0
2019-04-23 00:00:00+08:00,148.24300477600315,148.24300477600315,147.5486602783203,147.5486602783203,8473,0.0,0.0
2019-04-24 00:00:00+08:00,147.54866095559373,147.89583320602873,147.20147705078125,147.20147705078125,9383,0.0,0.0
2019-04-25 00:00:00+08:00,147.20147705078125,147.20147705078125,147.20147705078125,147.20147705078125,9713,0.0,0.0
2019-04-26 00:00:00+08:00,147.54867123124643,147.89584350585938,147.20148730225523,147.89584350585938,9378,0.0,0.0
2019-04-29 00:00:00+08:00,148.59018805508524,148.59018805508524,147.89584350585938,147.89584350585938,14440,0.0,0.0
2019-04-30 00:00:00+08:00,148.24301147460938,148.93735600366733,148.24301147460938,148.24301147460938,9755,0.0,0.0
2019-05-02 00:00:00+08:00,148.24302241200505,148.93736699229183,147.89585012186163,148.59019470214844,21890,0.0,0.0
2019-05-03 00:00:00+08:00,148.59019470214844,148.93736699229183,148.59019470214844,148.59019470214844,5720,0.0,0.0
2019-05-06 00:00:00+08:00,148.59018373913835,148.59018373913835,148.24301147460938,148.24301147460938,12469,0.0,0.0
2019-05-07 00:00:00+08:00,148.24302241200505,148.59019470214844,148.24302241200505,148.59019470214844,4671,0.0,0.0
2019-05-08 00:00:00+08:00,148.24301147460938,148.24301147460938,148.24301147460938,148.24301147460938,3520,0.0,0.0
2019-05-09 00:00:00+08:00,148.24301147460938,148.24301147460938,148.24301147460938,148.24301147460938,6600,0.0,0.0
2019-05-10 00:00:00+08:00,148.2430029231052,148.93734741210938,148.2430029231052,148.93734741210938,5500,0.0,0.0
2019-05-13 00:00:00+08:00,149.28451965661145,149.28451965661145,148.93734741210938,148.93734741210938,5830,0.0,0.0
2019-05-14 00:00:00+08:00,148.59017516760727,148.93734741210938,147.8958306786031,148.93734741210938,20900,0.0,0.0
2019-05-15 00:00:00+08:00,148.93735836960448,149.28453063964844,148.93735836960448,149.28453063964844,26477,0.0,0.0
2019-05-16 00:00:00+08:00,149.28453726503392,151.3675826321233,149.28453726503392,149.9788818359375,47424,0.0,0.0
2019-05-17 00:00:00+08:00,150.3260541213893,150.3260541213893,149.9788818359375,149.9788818359375,15206,0.0,0.0
2019-05-20 00:00:00+08:00,150.32604123082447,151.0203857421875,149.97886897514297,151.0203857421875,78578,0.0,0.0
2019-05-21 00:00:00+08:00,151.36756469416676,151.71473693847656,151.0203807954797,151.71473693847656,97564,0.0,0.0
2019-05-22 00:00:00+08:00,151.71473935400368,153.45060060319025,151.71473935400368,152.75625610351562,46530,0.0,0.0
2019-05-23 00:00:00+08:00,152.06190065114535,152.40907287597656,151.7147284263141,152.40907287597656,18755,0.0,0.0
2019-05-24 00:00:00+08:00,152.06191347795877,152.06191347795877,151.36756896972656,151.36756896972656,19322,0.0,0.0
2019-05-27 00:00:00+08:00,151.36756043813,152.06190490722656,151.36756043813,152.06190490722656,21277,0.0,0.0
2019-05-28 00:00:00+08:00,151.71473693847656,152.06190918278637,151.71473693847656,151.71473693847656,18850,0.0,0.0
2019-05-29 00:00:00+08:00,151.71474122384268,151.71474122384268,151.36756896972656,151.36756896972656,26202,0.0,0.0
2019-05-30 00:00:00+08:00,151.71473267267828,152.06190490722656,151.36756043813,152.06190490722656,13418,0.0,0.0
2019-05-31 00:00:00+08:00,152.06190490722656,152.40907714177484,152.06190490722656,152.06190490722656,29121,0.0,0.0
2019-06-03 00:00:00+08:00,151.36756043813,152.06190490722656,151.36756043813,152.06190490722656,20551,0.0,0.0
2019-06-04 00:00:00+08:00,152.06190918278637,152.06190918278637,151.0203807954797,151.71473693847656,24198,0.0,0.0
2019-06-05 00:00:00+08:00,151.71473693847656,151.71473693847656,151.71473693847656,151.71473693847656,15950,0.0,0.0
2019-06-06 00:00:00+08:00,152.4090814270962,152.4090814270962,151.71473693847656,151.71473693847656,5500,0.0,0.0
2019-06-10 00:00:00+08:00,152.4090838536783,152.75625610351562,152.061911603841,152.75625610351562,24633,0.0,0.0
2019-06-11 00:00:00+08:00,152.4090814270962,152.4090814270962,151.36756469416676,151.71473693847656,27940,0.0,0.0
2019-06-12 00:00:00+08:00,151.71473267267828,152.06190490722656,151.36756043813,152.06190490722656,15125,0.0,0.0
2019-06-13 00:00:00+08:00,152.40907714177484,152.40907714177484,152.06190490722656,152.06190490722656,8229,0.0,0.0
2019-06-14 00:00:00+08:00,152.06190490722656,152.40907714177484,152.06190490722656,152.06190490722656,21840,0.0,0.0
2019-06-17 00:00:00+08:00,152.06190490722656,152.06190490722656,151.71473267267828,152.06190490722656,12059,0.0,0.0
2019-06-18 00:00:00+08:00,152.40907287597656,152.40907287597656,152.06190065114535,152.40907287597656,25601,0.0,0.0
2019-06-19 00:00:00+08:00,152.40907287597656,152.7562451008078,152.06190065114535,152.40907287597656,23210,0.0,0.0
2019-06-20 00:00:00+08:00,152.75627365814154,154.1449628170778,152.75627365814154,153.79779052734375,36581,0.0,0.0
2019-06-21 00:00:00+08:00,153.79776177530152,154.14493400013274,152.40907287597656,152.40907287597656,62664,0.0,0.0
2019-06-24 00:00:00+08:00,152.40907959200632,153.10342407226562,152.40907959200632,153.10342407226562,12137,0.0,0.0
2019-06-25 00:00:00+08:00,154.1449628170778,154.1449628170778,153.4506182376097,153.79779052734375,16830,0.0,0.0
2019-06-26 00:00:00+08:00,153.79777285302757,153.79777285302757,152.4090838536783,152.75625610351562,34298,0.0,0.0
2019-06-27 00:00:00+08:00,152.7562542547622,154.1449432373047,152.7562542547622,154.1449432373047,16152,0.0,0.0
2019-06-28 00:00:00+08:00,153.79777956479265,153.79777956479265,153.4506072998047,153.4506072998047,10560,0.0,0.0
2019-07-01 00:00:00+08:00,154.14495182978064,154.14495182978064,153.1034350348167,153.4506072998047,24842,0.0,0.0
2019-07-02 00:00:00+08:00,153.10342407226562,153.4505963123953,152.75625183213597,153.10342407226562,25300,0.0,0.0
2019-07-03 00:00:00+08:00,153.10342407226562,153.4505963123953,153.10342407226562,153.10342407226562,15400,0.0,0.0
2019-07-04 00:00:00+08:00,153.10342407226562,153.10342407226562,152.75625183213597,153.10342407226562,51700,0.0,0.0
2019-07-05 00:00:00+08:00,153.10344594787563,154.1449628170778,153.10344594787563,153.79779052734375,38500,0.0,0.0
2019-07-08 00:00:00+08:00,153.79777099166907,154.1449432373047,153.79777099166907,154.1449432373047,80300,0.0,0.0
2019-07-09 00:00:00+08:00,153.79777099166907,154.49211548294028,153.45059874603345,154.1449432373047,31900,0.0,0.0
2019-07-10 00:00:00+08:00,154.8393069556051,157.6166969199472,154.1449623781143,156.57518005371094,121000,0.0,0.0
2019-07-11 00:00:00+08:00,156.57515382524772,159.6997155549287,156.57515382524772,159.00537109375,86340,0.0,0.0
2019-07-12 00:00:00+08:00,159.00539299202404,159.69973754882812,158.3110367808416,159.69973754882812,87830,0.0,0.0
2019-07-15 00:00:00+08:00,160.42895369707622,161.887394279865,160.06434355137904,160.79356384277344,84694,10.0,0.0
2019-07-16 00:00:00+08:00,160.79356384277344,160.79356384277344,160.06434355137904,160.79356384277344,38438,0.0,0.0
2019-07-17 00:00:00+08:00,160.79356801429734,160.79356801429734,159.69973754882812,159.69973754882812,22927,0.0,0.0
2019-07-18 00:00:00+08:00,159.33512739367174,159.69973754882812,158.97051723851533,159.69973754882812,23466,0.0,0.0
2019-07-19 00:00:00+08:00,158.97052001953125,159.69974034260096,158.2412874567032,158.97052001953125,32010,0.0,0.0
2019-07-22 00:00:00+08:00,158.97051585750967,160.42895646546555,158.97051585750967,160.06434631347656,36009,0.0,0.0
2019-07-23 00:00:00+08:00,160.06434770398454,160.06434770398454,159.69973754882812,159.69973754882812,6655,0.0,0.0
2019-07-24 00:00:00+08:00,159.69973754882812,160.06434770398454,159.69973754882812,159.69973754882812,10775,0.0,0.0
2019-07-25 00:00:00+08:00,159.69973754882812,159.69973754882812,159.33512739367174,159.69973754882812,10169,0.0,0.0
2019-07-26 00:00:00+08:00,159.69973754882812,159.69973754882812,159.69973754882812,159.69973754882812,2674,0.0,0.0
2019-07-29 00:00:00+08:00,159.69972364881193,159.69972364881193,158.97050340196932,159.33511352539062,24194,0.0,0.0
2019-07-30 00:00:00+08:00,159.33511352539062,159.33511352539062,158.97050340196932,159.33511352539062,22940,0.0,0.0
2019-07-31 00:00:00+08:00,159.33512739367174,159.69973754882812,159.33512739367174,159.69973754882812,5929,0.0,0.0
2019-08-01 00:00:00+08:00,159.3351301810661,159.69974034260096,158.97052001953125,158.97052001953125,17679,0.0,0.0
2019-08-02 00:00:00+08:00,158.97052119927739,158.97052119927739,157.87667846679688,157.87667846679688,36478,0.0,0.0
2019-08-05 00:00:00+08:00,157.51206970214844,157.51206970214844,156.78284936718748,157.51206970214844,21392,0.0,0.0
2019-08-06 00:00:00+08:00,155.68902446296366,156.0536346435547,155.32441428237266,156.0536346435547,34757,0.0,0.0
2019-08-07 00:00:00+08:00,158.2412846884444,159.69973754882812,157.876674533288,159.69973754882812,30482,0.0,0.0
2019-08-08 00:00:00+08:00,158.9705197932353,158.9705197932353,158.2412872314453,158.2412872314453,34921,0.0,0.0
2019-08-12 00:00:00+08:00,158.97051175198595,162.61661317771248,158.97051175198595,161.15817260742188,93278,0.0,0.0
2019-08-13 00:00:00+08:00,160.7935666174545,160.7935666174545,158.97051585750967,160.06434631347656,34455,0.0,0.0
2019-08-14 00:00:00+08:00,160.06434492928906,160.428955078125,160.06434492928906,160.428955078125,12764,0.0,0.0
2019-08-15 00:00:00+08:00,159.69974034260096,160.42896066567067,158.97052001953125,158.97052001953125,12882,0.0,0.0
2019-08-16 00:00:00+08:00,159.33512855146355,159.33512855146355,158.24128583828795,158.60589599609375,23648,0.0,0.0
2019-08-19 00:00:00+08:00,158.97051723851533,159.69973754882812,158.97051723851533,159.69973754882812,24018,0.0,0.0
2019-08-20 00:00:00+08:00,159.69972364881193,159.69972364881193,158.97050340196932,159.33511352539062,38282,0.0,0.0
2019-08-21 00:00:00+08:00,160.42895785914092,160.42895785914092,159.69973754882812,159.69973754882812,11984,0.0,0.0
2019-08-22 00:00:00+08:00,160.06434631347656,160.06434631347656,160.06434631347656,160.06434631347656,7040,0.0,0.0
2019-08-23 00:00:00+08:00,159.69972364881193,159.69972364881193,159.33511352539062,159.33511352539062,13750,0.0,0.0
2019-08-26 00:00:00+08:00,159.33512739367174,160.06434770398454,159.33512739367174,159.69973754882812,13952,0.0,0.0
2019-08-27 00:00:00+08:00,160.428955078125,160.79356522696094,160.06434492928906,160.428955078125,36128,0.0,0.0
2019-08-28 00:00:00+08:00,160.42895646546555,160.42895646546555,160.06434631347656,160.06434631347656,10968,0.0,0.0
2019-08-29 00:00:00+08:00,160.42895646546555,160.42895646546555,159.6997361614876,160.06434631347656,16922,0.0,0.0
2019-08-30 00:00:00+08:00,159.69972364881193,159.69972364881193,159.33511352539062,159.33511352539062,23276,0.0,0.0
2019-09-02 00:00:00+08:00,159.33512463161722,160.428955078125,159.33512463161722,160.428955078125,29142,0.0,0.0
2019-09-03 00:00:00+08:00,160.06434631347656,160.06434631347656,160.06434631347656,160.06434631347656,5353,0.0,0.0
2019-09-04 00:00:00+08:00,160.06434631347656,160.06434631347656,160.06434631347656,160.06434631347656,13750,0.0,0.0
2019-09-05 00:00:00+08:00,161.15817537579684,161.15817537579684,160.06434492928906,160.428955078125,28177,0.0,0.0
2019-09-06 00:00:00+08:00,160.42895646546555,160.42895646546555,160.06434631347656,160.06434631347656,23507,0.0,0.0
2019-09-10 00:00:00+08:00,160.42895369707622,161.15817398847062,160.42895369707622,160.79356384277344,16219,0.0,0.0
2019-09-11 00:00:00+08:00,161.15817260742188,162.25200303513984,161.15817260742188,161.15817260742188,22456,0.0,0.0
2019-09-12 00:00:00+08:00,161.15817123260808,161.88739151153254,161.15817123260808,161.5227813720703,19409,0.0,0.0
2019-09-16 00:00:00+08:00,161.52278000035292,161.88739013671875,161.52278000035292,161.88739013671875,14808,0.0,0.0
2019-09-17 00:00:00+08:00,161.88739013671875,161.88739013671875,161.88739013671875,161.88739013671875,9334,0.0,0.0
2019-09-18 00:00:00+08:00,161.88740399258364,162.61662432772886,161.88740399258364,162.25201416015625,19312,0.0,0.0
2019-09-19 00:00:00+08:00,162.61660524450036,164.07505798339844,162.61660524450036,164.07505798339844,41360,0.0,0.0
2019-09-20 00:00:00+08:00,163.71046169563084,164.43968200683594,163.71046169563084,164.43968200683594,7034,0.0,0.0
2019-09-23 00:00:00+08:00,164.43966810818367,164.43966810818367,164.07505798339844,164.07505798339844,13200,0.0,0.0
2019-09-24 00:00:00+08:00,163.71046447753906,163.71046447753906,163.71046447753906,163.71046447753906,6633,0.0,0.0
2019-09-25 00:00:00+08:00,162.6166245404341,162.9812469482422,162.6166245404341,162.9812469482422,16443,0.0,0.0
2019-09-26 00:00:00+08:00,162.98126077270302,163.3458709716797,162.98126077270302,163.3458709716797,6190,0.0,0.0
2019-09-27 00:00:00+08:00,163.71046447753906,163.71046447753906,163.34585431574075,163.71046447753906,10712,0.0,0.0
2019-10-01 00:00:00+08:00,163.7104478586132,164.07505798339844,163.7104478586132,164.07505798339844,13856,0.0,0.0
2019-10-02 00:00:00+08:00,164.07505798339844,164.07505798339844,163.34583773382795,164.07505798339844,9240,0.0,0.0
2019-10-03 00:00:00+08:00,164.07508565770644,166.2627467754075,164.07508565770644,164.80430603027344,10780,0.0,0.0
2019-10-04 00:00:00+08:00,164.07505798339844,164.07505798339844,164.07505798339844,164.07505798339844,8690,0.0,0.0
2019-10-07 00:00:00+08:00,164.07505798339844,164.07505798339844,164.07505798339844,164.07505798339844,6780,0.0,0.0
2019-10-08 00:00:00+08:00,164.07505798339844,164.8042782329689,164.07505798339844,164.07505798339844,11220,0.0,0.0
2019-10-09 00:00:00+08:00,164.0750774523908,164.0750774523908,162.6166245404341,162.9812469482422,27339,0.0,0.0
2019-10-14 00:00:00+08:00,162.9812441539424,164.07507463933737,162.9812441539424,163.71046447753906,24527,0.0,0.0
2019-10-15 00:00:00+08:00,164.07505798339844,164.07505798339844,164.07505798339844,164.07505798339844,7254,0.0,0.0
2019-10-16 00:00:00+08:00,164.07505798339844,164.8042782329689,164.07505798339844,164.07505798339844,21574,0.0,0.0
2019-10-17 00:00:00+08:00,164.07505798339844,164.07505798339844,163.7104478586132,164.07505798339844,4749,0.0,0.0
2019-10-18 00:00:00+08:00,164.0750718512334,164.43968200683594,163.71046169563084,164.43968200683594,13420,0.0,0.0
2019-10-21 00:00:00+08:00,164.0750718512334,164.43968200683594,164.0750718512334,164.43968200683594,12562,0.0,0.0
2019-10-22 00:00:00+08:00,164.07508565770644,165.16891621655697,164.07508565770644,164.80430603027344,13614,0.0,0.0
2019-10-23 00:00:00+08:00,163.7104478586132,164.43966810818367,163.7104478586132,164.07505798339844,13986,0.0,0.0
2019-10-24 00:00:00+08:00,164.07505798339844,164.07505798339844,163.7104478586132,164.07505798339844,9625,0.0,0.0
2019-10-25 00:00:00+08:00,163.7104502964168,163.7104502964168,162.61660766601562,162.61660766601562,11733,0.0,0.0
2019-10-28 00:00:00+08:00,162.6166383339668,163.3458709716797,162.6166383339668,163.3458709716797,15240,0.0,0.0
2019-10-29 00:00:00+08:00,162.9812469482422,162.9812469482422,162.9812469482422,162.9812469482422,3414,0.0,0.0
2019-10-30 00:00:00+08:00,162.25201416015625,162.98124673506004,161.88740399258364,162.25201416015625,20182,0.0,0.0
2019-10-31 00:00:00+08:00,162.251997535801,162.61660766601562,162.251997535801,162.61660766601562,5844,0.0,0.0
2019-11-01 00:00:00+08:00,162.61662432772886,162.61662432772886,162.25201416015625,162.25201416015625,5590,0.0,0.0
2019-11-04 00:00:00+08:00,162.61660766601562,163.34584016620218,162.61660766601562,162.61660766601562,11000,0.0,0.0
2019-11-05 00:00:00+08:00,162.6166383339668,163.3458709716797,162.6166383339668,163.3458709716797,15401,0.0,0.0
2019-11-06 00:00:00+08:00,163.3458709716797,163.3458709716797,163.3458709716797,163.3458709716797,0,0.0,0.0
2019-11-07 00:00:00+08:00,162.98123003598755,162.98123003598755,162.61660766601562,162.61660766601562,4400,0.0,0.0
2019-11-08 00:00:00+08:00,162.61660766601562,162.61660766601562,162.61660766601562,162.61660766601562,7781,0.0,0.0
2019-11-11 00:00:00+08:00,161.52279126699077,163.71046447753906,161.52279126699077,163.71046447753906,5500,0.0,0.0
2019-11-12 00:00:00+08:00,161.52279126699077,163.71046447753906,161.52279126699077,163.71046447753906,5500,0.0,0.0
2019-11-13 00:00:00+08:00,162.61662175238573,163.71046447753906,162.61662175238573,163.71046447753906,4400,0.0,0.0
2019-11-14 00:00:00+08:00,162.61662175238573,163.71046447753906,162.61662175238573,163.71046447753906,4400,0.0,0.0
2019-11-15 00:00:00+08:00,163.3458709716797,163.71048117065632,163.3458709716797,163.3458709716797,6947,0.0,0.0
2019-11-18 00:00:00+08:00,162.9812469482422,162.9812469482422,162.9812469482422,162.9812469482422,5500,0.0,0.0
2019-11-19 00:00:00+08:00,162.9812469482422,162.9812469482422,162.6166245404341,162.9812469482422,4400,0.0,0.0
2019-11-20 00:00:00+08:00,162.9812469482422,162.9812469482422,162.6166245404341,162.9812469482422,4400,0.0,0.0
2019-11-21 00:00:00+08:00,161.88738740558637,162.61660766601562,161.88738740558637,162.61660766601562,3630,0.0,0.0
2019-11-22 00:00:00+08:00,162.61660766601562,162.61660766601562,162.61660766601562,162.61660766601562,0,0.0,0.0
2019-11-25 00:00:00+08:00,163.34584016620218,163.34584016620218,162.251997535801,162.61660766601562,8800,0.0,0.0
2019-11-26 00:00:00+08:00,162.25202813499016,163.3458709716797,162.25202813499016,163.3458709716797,7700,0.0,0.0
2019-11-27 00:00:00+08:00,162.98123003598755,162.98123003598755,162.61660766601562,162.61660766601562,3300,0.0,0.0
2019-11-28 00:00:00+08:00,162.98123003598755,162.98123003598755,162.61660766601562,162.61660766601562,3300,0.0,0.0
2019-11-29 00:00:00+08:00,162.9812441539424,163.71046447753906,162.9812441539424,163.71046447753906,15948,0.0,0.0
2019-12-02 00:00:00+08:00,162.61660766601562,162.61660766601562,162.61660766601562,162.61660766601562,2200,0.0,0.0
2019-12-03 00:00:00+08:00,161.88739013671875,162.61661040945035,161.15816986398713,161.88739013671875,21433,0.0,0.0
2019-12-04 00:00:00+08:00,161.88739013671875,161.88739013671875,161.88739013671875,161.88739013671875,0,0.0,0.0
2019-12-05 00:00:00+08:00,163.34584292193946,163.34584292193946,161.88739013671875,161.88739013671875,3300,0.0,0.0
2019-12-06 00:00:00+08:00,163.34584292193946,163.34584292193946,161.88739013671875,161.88739013671875,4296,0.0,0.0
2019-12-09 00:00:00+08:00,161.887404204335,162.9812469482422,161.5227940362855,162.9812469482422,25300,0.0,0.0
2019-12-10 00:00:00+08:00,161.88740399258364,162.25201416015625,161.88740399258364,162.25201416015625,6600,0.0,0.0
2019-12-11 00:00:00+08:00,161.88739013671875,161.88739013671875,161.52278000035292,161.88739013671875,7700,0.0,0.0
2019-12-12 00:00:00+08:00,160.79356246484923,161.15817260742188,160.79356246484923,161.15817260742188,6600,0.0,0.0
2019-12-13 00:00:00+08:00,160.79356246484923,161.15817260742188,160.79356246484923,161.15817260742188,7590,0.0,0.0
2019-12-16 00:00:00+08:00,161.15816986398713,161.88739013671875,161.15816986398713,161.88739013671875,8800,0.0,0.0
2019-12-17 00:00:00+08:00,161.15817123260808,161.5227813720703,161.15817123260808,161.5227813720703,9900,0.0,0.0
2019-12-18 00:00:00+08:00,161.88739151153254,161.88739151153254,161.5227813720703,161.5227813720703,4400,0.0,0.0
2019-12-19 00:00:00+08:00,161.88739013671875,161.88739013671875,161.88739013671875,161.88739013671875,6600,0.0,0.0
2019-12-20 00:00:00+08:00,161.88739013671875,161.88739013671875,161.88739013671875,161.88739013671875,6994,0.0,0.0
2019-12-23 00:00:00+08:00,161.15817123260808,161.88739151153254,161.15817123260808,161.5227813720703,6600,0.0,0.0
2019-12-24 00:00:00+08:00,161.8873928925672,161.8873928925672,161.15817260742188,161.15817260742188,9900,0.0,0.0
2019-12-25 00:00:00+08:00,161.15817260742188,161.52278274999452,161.15817260742188,161.15817260742188,15400,0.0,0.0
2019-12-26 00:00:00+08:00,161.15817260742188,161.15817260742188,161.15817260742188,161.15817260742188,4400,0.0,0.0
2019-12-27 00:00:00+08:00,161.15817260742188,161.15817260742188,161.15817260742188,161.15817260742188,6109,0.0,0.0
2019-12-30 00:00:00+08:00,161.15816986398713,161.88739013671875,161.15816986398713,161.88739013671875,8800,0.0,0.0
2019-12-31 00:00:00+08:00,161.15816986398713,161.88739013671875,161.15816986398713,161.88739013671875,9787,0.0,0.0
2020-01-02 00:00:00+08:00,161.88739013671875,161.88739013671875,161.88739013671875,161.88739013671875,7700,0.0,0.0
2020-01-03 00:00:00+08:00,161.15817123260808,161.5227813720703,161.15817123260808,161.5227813720703,11000,0.0,0.0
2020-01-06 00:00:00+08:00,162.9812469482422,162.9812469482422,162.9812469482422,162.9812469482422,1100,0.0,0.0
2020-01-07 00:00:00+08:00,162.616611790457,162.616611790457,161.5227813720703,161.5227813720703,5500,0.0,0.0
2020-01-08 00:00:00+08:00,161.52278274999452,161.52278274999452,161.15817260742188,161.15817260742188,7700,0.0,0.0
2020-01-09 00:00:00+08:00,162.25201416015625,162.25201416015625,162.25201416015625,162.25201416015625,8800,0.0,0.0
2020-01-10 00:00:00+08:00,162.25201416015625,162.25201416015625,162.25201416015625,162.25201416015625,8800,0.0,0.0
2020-01-13 00:00:00+08:00,162.251997535801,162.61660766601562,162.251997535801,162.61660766601562,14300,0.0,0.0
2020-01-14 00:00:00+08:00,162.61662432772886,162.61662432772886,162.25201416015625,162.25201416015625,9900,0.0,0.0
2020-01-15 00:00:00+08:00,162.25201416015625,162.61662432772886,162.25201416015625,162.25201416015625,3300,0.0,0.0
2020-01-16 00:00:00+08:00,162.6166245404341,162.9812469482422,162.6166245404341,162.9812469482422,25300,0.0,0.0
2020-01-17 00:00:00+08:00,162.98122760904272,164.07505798339844,162.61660524450036,164.07505798339844,13709,0.0,0.0
2020-01-20 00:00:00+08:00,164.07505798339844,164.07505798339844,164.07505798339844,164.07505798339844,7048,0.0,0.0
2020-01-30 00:00:00+08:00,160.42896328175078,160.42896328175078,156.78284936718748,157.51206970214844,232100,0.0,0.0
2020-01-31 00:00:00+08:00,157.14745536487055,158.97051839365776,157.14745536487055,158.60589599609375,48675,0.0,0.0
2020-02-03 00:00:00+08:00,157.87667707042948,158.2412872314453,156.05362626535032,158.2412872314453,38500,0.0,0.0
2020-02-04 00:00:00+08:00,158.97052001953125,158.97052001953125,158.97052001953125,158.97052001953125,4400,0.0,0.0
2020-02-05 00:00:00+08:00,161.15818098874038,161.15818098874038,158.97052001953125,158.97052001953125,7700,0.0,0.0
2020-02-06 00:00:00+08:00,158.97051839365776,158.97051839365776,158.24128583828795,158.60589599609375,31900,0.0,0.0
2020-02-07 00:00:00+08:00,158.24128863103758,158.24128863103758,157.5120683025562,157.87667846679688,56700,0.0,0.0
2020-02-10 00:00:00+08:00,156.4182448241457,156.78285500473672,155.68902446296366,156.0536346435547,59004,0.0,0.0
2020-02-11 00:00:00+08:00,156.78285217285156,157.5120725208621,156.41824199884633,156.78285217285156,25300,0.0,0.0
2020-02-12 00:00:00+08:00,156.7828507667647,157.5120711082353,156.7828507667647,157.1474609375,28600,0.0,0.0
2020-02-13 00:00:00+08:00,157.14745953466797,158.2412900371094,157.14745953466797,157.51206970214844,40700,0.0,0.0
2020-02-14 00:00:00+08:00,157.51206690941365,158.2412872314453,157.51206690941365,158.2412872314453,20714,0.0,0.0
2020-02-17 00:00:00+08:00,157.5120711082353,157.5120711082353,156.7828507667647,157.1474609375,44000,0.0,0.0
2020-02-18 00:00:00+08:00,157.1474609375,157.1474609375,157.1474609375,157.1474609375,8800,0.0,0.0
2020-02-19 00:00:00+08:00,156.78284936718748,157.8766798696289,156.78284936718748,157.51206970214844,19800,0.0,0.0
2020-02-20 00:00:00+08:00,157.5120711082353,157.87668127897058,157.1474609375,157.1474609375,17600,0.0,0.0
2020-02-21 00:00:00+08:00,157.14746234685683,157.14746234685683,156.78285217285156,156.78285217285156,32997,0.0,0.0
2020-02-24 00:00:00+08:00,156.41824340820312,156.41824340820312,156.05363323091268,156.41824340820312,13200,0.0,0.0
2020-02-25 00:00:00+08:00,156.05363323091268,156.41824340820312,156.05363323091268,156.41824340820312,29700,0.0,0.0
2020-02-26 00:00:00+08:00,156.0536346435547,156.0536346435547,156.0536346435547,156.0536346435547,6600,0.0,0.0
2020-02-27 00:00:00+08:00,156.0536346435547,156.4182448241457,155.68902446296366,156.0536346435547,13200,0.0,0.0
2020-03-02 00:00:00+08:00,155.32440047194493,155.6890106201172,155.32440047194493,155.6890106201172,34100,0.0,0.0
2020-03-03 00:00:00+08:00,156.4182448241457,156.4182448241457,155.32441428237266,156.0536346435547,12100,0.0,0.0
2020-03-04 00:00:00+08:00,156.05363323091268,156.41824340820312,156.05363323091268,156.41824340820312,4400,0.0,0.0
2020-03-05 00:00:00+08:00,156.41824199884633,156.78285217285156,156.05363182484106,156.78285217285156,20900,0.0,0.0
2020-03-06 00:00:00+08:00,155.68902446296366,156.0536346435547,155.68902446296366,156.0536346435547,5500,0.0,0.0
2020-03-09 00:00:00+08:00,155.68902856204556,155.68902856204556,153.501355181142,154.23057556152344,62700,0.0,0.0
2020-03-10 00:00:00+08:00,153.13671875,153.13671875,152.04288836686268,153.13671875,26400,0.0,0.0
2020-03-11 00:00:00+08:00,153.86595293415633,153.86595293415633,153.1367326127187,153.5013427734375,31900,0.0,0.0
2020-03-12 00:00:00+08:00,152.77210145637065,152.77210145637065,149.4905982211234,150.9490509033203,55000,0.0,0.0
2020-03-13 00:00:00+08:00,150.9490509033203,150.9490509033203,150.9490509033203,150.9490509033203,0,0.0,0.0
2020-03-16 00:00:00+08:00,147.66757608306375,148.76140662537472,145.1152925779125,145.84451293945312,49500,0.0,0.0
2020-03-17 00:00:00+08:00,142.56298587313017,144.0214385986328,141.83376563025737,144.0214385986328,66000,0.0,0.0
2020-03-18 00:00:00+08:00,144.0214385986328,144.0214385986328,144.0214385986328,144.0214385986328,0,0.0,0.0
2020-03-19 00:00:00+08:00,140.73995698250914,140.73995698250914,134.90618189960216,136.72923278808594,232100,0.0,0.0
2020-03-20 00:00:00+08:00,144.38608118457284,144.38608118457284,138.9169158935547,138.9169158935547,37400,0.0,0.0
2020-03-23 00:00:00+08:00,134.90616085289557,134.90616085289557,131.26004740499917,133.4477081298828,145200,0.0,0.0
2020-03-24 00:00:00+08:00,136.0000057222975,139.28150939941406,136.0000057222975,139.28150939941406,58300,0.0,0.0
2020-03-25 00:00:00+08:00,141.83375816837568,143.6568209194033,140.73992786161293,141.1045379638672,73700,0.0,0.0
2020-03-26 00:00:00+08:00,142.56299959960032,145.11528293515502,141.4691691299732,144.3860626220703,68200,0.0,0.0
2020-03-27 00:00:00+08:00,144.75067841720318,147.30296185217904,142.92762756347656,142.92762756347656,52800,0.0,0.0
2020-03-30 00:00:00+08:00,140.37534671371336,142.19839760101402,140.0107365362532,141.46917724609375,37400,0.0,0.0
2020-03-31 00:00:00+08:00,142.56300515297258,142.92762756347656,140.739954299246,142.92762756347656,40700,0.0,0.0
2020-04-01 00:00:00+08:00,143.29223077457337,144.02145108064607,142.92762062153702,144.75067138671875,31900,0.0,0.0
2020-04-06 00:00:00+08:00,142.92762199590086,142.92762199590086,142.19838944305795,144.3860626220703,15400,0.0,0.0
2020-04-07 00:00:00+08:00,142.92761789347645,145.47988891601562,142.92761789347645,145.47988891601562,50600,0.0,0.0
2020-04-08 00:00:00+08:00,145.1152925779125,145.84451293945312,145.1152925779125,145.84451293945312,47300,0.0,0.0
2020-04-09 00:00:00+08:00,147.30297278301174,148.76141357421875,147.30297278301174,148.76141357421875,36300,0.0,0.0
2020-04-10 00:00:00+08:00,149.49061445916007,150.2198347595899,149.49061445916007,149.855224609375,22000,0.0,0.0
2020-04-13 00:00:00+08:00,151.67829613801533,152.4075164794922,151.3136859672769,152.4075164794922,27500,0.0,0.0
2020-04-14 00:00:00+08:00,152.77210862228756,153.86593900542488,152.77210862228756,153.13671875,27500,0.0,0.0
2020-04-15 00:00:00+08:00,153.5013427734375,153.86595293415633,152.40751229128105,153.5013427734375,29700,0.0,0.0
2020-04-16 00:00:00+08:00,151.67827959245486,152.77210998535156,150.21982682883527,152.77210998535156,38500,0.0,0.0
2020-04-17 00:00:00+08:00,152.04290630875377,153.13673682096905,151.67829613801533,152.4075164794922,35200,0.0,0.0
2020-04-20 00:00:00+08:00,152.407499854386,153.13672011631715,151.67827959245486,152.77210998535156,25300,0.0,0.0
2020-04-21 00:00:00+08:00,150.9490509033203,151.67827112454046,148.76137799990326,150.9490509033203,67100,0.0,0.0
2020-04-22 00:00:00+08:00,148.3967977133741,150.2198486328125,148.0321875294864,150.2198486328125,31900,0.0,0.0
2020-04-23 00:00:00+08:00,150.2198486328125,150.2198486328125,150.2198486328125,150.2198486328125,0,0.0,0.0
2020-04-24 00:00:00+08:00,149.85520666676467,150.5844268798828,149.49059656020563,150.5844268798828,14300,0.0,0.0
2020-04-27 00:00:00+08:00,150.21981844234355,151.31366101393039,150.21981844234355,150.9490509033203,33000,0.0,0.0
2020-04-28 00:00:00+08:00,150.94906478262297,151.3136749267578,150.58444239873035,151.3136749267578,28600,0.0,0.0
2020-04-29 00:00:00+08:00,151.31368180912463,156.78284645966517,151.31368180912463,153.5013427734375,47300,0.0,0.0
2020-04-30 00:00:00+08:00,154.2305605416963,156.4182337095521,154.2305605416963,154.9597930908203,26400,0.0,0.0
2020-05-04 00:00:00+08:00,153.13673122326475,156.41823487971837,152.77212106585415,153.86595153808594,29700,0.0,0.0
2020-05-05 00:00:00+08:00,153.86594876570084,155.32440160882277,153.86594876570084,154.5951690673828,4400,0.0,0.0
2020-05-06 00:00:00+08:00,154.2305589165418,154.5951690673828,154.2305589165418,154.5951690673828,2200,0.0,0.0
2020-05-07 00:00:00+08:00,153.86594876570084,155.32440160882277,153.86594876570084,154.5951690673828,9900,0.0,0.0
2020-05-08 00:00:00+08:00,156.05362215830868,156.05362215830868,154.95979170404877,155.32440185546875,9900,0.0,0.0
2020-05-11 00:00:00+08:00,156.7828507667647,157.1474609375,156.7828507667647,157.1474609375,11000,0.0,0.0
2020-05-12 00:00:00+08:00,157.1474609375,157.1474609375,157.1474609375,157.1474609375,7700,0.0,0.0
2020-05-13 00:00:00+08:00,157.5120711082353,157.5120711082353,157.1474609375,157.1474609375,8800,0.0,0.0
2020-05-14 00:00:00+08:00,157.8766798696289,157.8766798696289,157.51206970214844,157.51206970214844,6600,0.0,0.0
2020-05-15 00:00:00+08:00,156.78284936718748,157.51206970214844,156.78284936718748,157.51206970214844,4400,0.0,0.0
2020-05-18 00:00:00+08:00,157.51206970214844,157.51206970214844,157.14745953466797,157.51206970214844,14300,0.0,0.0
2020-05-19 00:00:00+08:00,157.51206552267635,158.60589599609375,157.51206552267635,158.60589599609375,13200,0.0,0.0
2020-05-20 00:00:00+08:00,158.97051723851533,160.42895785914092,158.97051723851533,159.69973754882812,15400,0.0,0.0
2020-05-21 00:00:00+08:00,159.6997361614876,160.42895646546555,159.6997361614876,160.06434631347656,8800,0.0,0.0
2020-05-22 00:00:00+08:00,159.3351301810661,159.3351301810661,158.97052001953125,158.97052001953125,16500,0.0,0.0
2020-05-25 00:00:00+08:00,160.42895646546555,160.42895646546555,158.97051585750967,160.06434631347656,19800,0.0,0.0
2020-05-26 00:00:00+08:00,160.428955078125,160.428955078125,160.428955078125,160.428955078125,7700,0.0,0.0
2020-05-27 00:00:00+08:00,160.42895785914092,160.42895785914092,159.69973754882812,159.69973754882812,13200,0.0,0.0
2020-05-28 00:00:00+08:00,160.42895785914092,161.15817816945372,159.69973754882812,159.69973754882812,19800,0.0,0.0
2020-05-29 00:00:00+08:00,160.428955078125,161.88739567346872,160.06434492928906,160.428955078125,59400,0.0,0.0
2020-06-01 00:00:00+08:00,161.88741230024618,165.53352640284047,161.88741230024618,164.80430603027344,102300,0.0,0.0
2020-06-02 00:00:00+08:00,164.8042921624385,165.16890231804106,164.43968200683594,164.43968200683594,34100,0.0,0.0
2020-06-03 00:00:00+08:00,166.26273849400107,168.45041174249516,166.26273849400107,167.72119140625,41800,0.0,0.0
2020-06-04 00:00:00+08:00,167.721177246506,167.721177246506,165.89811432004532,166.62733459472656,18700,0.0,0.0
2020-06-05 00:00:00+08:00,166.99195861816406,166.99195861816406,166.62733623747116,166.99195861816406,9900,0.0,0.0
2020-06-08 00:00:00+08:00,166.9919876959669,167.35659790039062,166.26275504735972,167.35659790039062,22000,0.0,0.0
2020-06-09 00:00:00+08:00,166.62733623747116,166.99195861816406,166.62733623747116,166.99195861816406,8800,0.0,0.0
2020-06-10 00:00:00+08:00,166.62736525178343,167.35659790039062,166.62736525178343,167.35659790039062,30800,0.0,0.0
2020-06-11 00:00:00+08:00,166.99196112618412,167.35657127259537,165.53350830078125,165.53350830078125,45100,0.0,0.0
2020-06-12 00:00:00+08:00,164.07508565770644,165.53352640284047,163.7104754714229,164.80430603027344,57200,0.0,0.0
2020-06-15 00:00:00+08:00,165.53352074124106,167.7211940238782,165.53352074124106,166.2627410888672,122100,0.0,0.0
2020-06-16 00:00:00+08:00,167.41504631962763,167.7981459349642,166.26573461317906,166.64883422851562,71500,10.003562,0.0
2020-06-17 00:00:00+08:00,166.64882700460183,167.4150390625,166.64882700460183,167.4150390625,11000,0.0,0.0
2020-06-18 00:00:00+08:00,167.0319467042911,167.0319467042911,166.26573461317906,166.64883422851562,14300,0.0,0.0
2020-06-19 00:00:00+08:00,165.49952414988203,165.49952414988203,165.11642456054688,165.11642456054688,12100,0.0,0.0
2020-06-22 00:00:00+08:00,165.49952697753906,165.49952697753906,165.11642738165838,165.49952697753906,18700,0.0,0.0
2020-06-23 00:00:00+08:00,165.11642738165838,165.49952697753906,163.9671285940164,165.49952697753906,12100,0.0,0.0
2020-06-24 00:00:00+08:00,165.49952697753906,166.64882576518104,165.49952697753906,165.49952697753906,9900,0.0,0.0
2020-06-29 00:00:00+08:00,164.3502253818765,165.11642456054688,164.3502253818765,165.11642456054688,11000,0.0,0.0
2020-06-30 00:00:00+08:00,165.11641500142954,165.8826141357422,165.11641500142954,165.8826141357422,5500,0.0,0.0
2020-07-01 00:00:00+08:00,167.03192569764846,167.03192569764846,165.8826141357422,165.8826141357422,19800,0.0,0.0
2020-07-02 00:00:00+08:00,165.49951456858585,166.64881327005483,165.49951456858585,165.8826141357422,8800,0.0,0.0
2020-07-03 00:00:00+08:00,165.88261697901163,166.26571655273438,165.88261697901163,166.26571655273438,11000,0.0,0.0
2020-07-06 00:00:00+08:00,165.8826141357422,166.2657137028985,165.8826141357422,165.8826141357422,24200,0.0,0.0
2020-07-07 00:00:00+08:00,165.8826265734197,166.2657261693004,165.49952697753906,165.49952697753906,18700,0.0,0.0
2020-07-08 00:00:00+08:00,165.49951740528888,166.26571655273438,165.49951740528888,166.26571655273438,19800,0.0,0.0
2020-07-09 00:00:00+08:00,166.64881612645712,167.0319285606174,166.26571655273438,166.26571655273438,19800,0.0,0.0
2020-07-10 00:00:00+08:00,165.8826141357422,166.2657137028985,165.8826141357422,165.8826141357422,6600,0.0,0.0
2020-07-13 00:00:00+08:00,165.88263499784253,166.64883422851562,165.88263499784253,166.64883422851562,19800,0.0,0.0
2020-07-14 00:00:00+08:00,166.64883941659443,167.03195190429688,166.64883941659443,167.03195190429688,15400,0.0,0.0
2020-07-15 00:00:00+08:00,167.0319467042911,167.7981459349642,166.26573461317906,166.64883422851562,40700,0.0,0.0
2020-07-16 00:00:00+08:00,165.88261697901163,166.64881612645712,165.88261697901163,166.26571655273438,12100,0.0,0.0
2020-07-17 00:00:00+08:00,165.88261697901163,166.26571655273438,165.88261697901163,166.26571655273438,27500,0.0,0.0
2020-07-20 00:00:00+08:00,165.88264016206816,167.03195190429688,165.88264016206816,167.03195190429688,49500,0.0,0.0
2020-07-21 00:00:00+08:00,166.64882576518104,167.03193822149998,165.11642738165838,165.49952697753906,35200,0.0,0.0
2020-07-22 00:00:00+08:00,165.8826265734197,166.2657261693004,165.49952697753906,165.49952697753906,24200,0.0,0.0
2020-07-23 00:00:00+08:00,166.2657137028985,166.2657137028985,165.8826141357422,165.8826141357422,4400,0.0,0.0
2020-07-24 00:00:00+08:00,165.8826141357422,166.2657137028985,165.49951456858585,165.8826141357422,11000,0.0,0.0
2020-07-27 00:00:00+08:00,166.2657261693004,166.2657261693004,164.73332778577773,165.49952697753906,26400,0.0,0.0
2020-07-28 00:00:00+08:00,164.7333345970724,164.7333345970724,164.35023498535156,164.35023498535156,23100,0.0,0.0
2020-07-29 00:00:00+08:00,164.35022256079543,165.11642172631394,164.35022256079543,164.7333221435547,4400,0.0,0.0
2020-07-30 00:00:00+08:00,165.88262373921722,165.88262373921722,165.11642456054688,165.11642456054688,9900,0.0,0.0
2020-07-31 00:00:00+08:00,166.26571655273438,166.26571655273438,166.26571655273438,166.26571655273438,2200,0.0,0.0
2020-08-03 00:00:00+08:00,166.64882005735095,166.64882005735095,163.96712297803617,164.7333221435547,29700,0.0,0.0
2020-08-04 00:00:00+08:00,164.35023498535156,164.7333345970724,164.35023498535156,164.35023498535156,18700,0.0,0.0
2020-08-05 00:00:00+08:00,164.3502253818765,165.11642456054688,164.3502253818765,165.11642456054688,2200,0.0,0.0
2020-08-06 00:00:00+08:00,166.6488229178876,166.6488229178876,165.11642456054688,165.11642456054688,13200,0.0,0.0
2020-08-07 00:00:00+08:00,165.11641500142954,165.8826141357422,165.11641500142954,165.8826141357422,7700,0.0,0.0
2020-08-10 00:00:00+08:00,166.6488298035608,168.18124108465645,166.6488298035608,167.7981414794922,25300,0.0,0.0
2020-08-11 00:00:00+08:00,167.79815115882312,167.79815115882312,166.64883941659443,167.03195190429688,5500,0.0,0.0
2020-08-12 00:00:00+08:00,167.03195190429688,167.41505153156,167.03195190429688,167.03195190429688,8800,0.0,0.0
2020-08-13 00:00:00+08:00,167.03194226916364,167.7981414794922,167.03194226916364,167.7981414794922,8800,0.0,0.0
2020-08-14 00:00:00+08:00,167.79815115882312,167.79815115882312,166.64883941659443,167.03195190429688,7700,0.0,0.0
2020-08-17 00:00:00+08:00,167.41504187432793,167.7981414794922,167.41504187432793,167.7981414794922,18700,0.0,0.0
2020-08-18 00:00:00+08:00,168.5643435080537,168.5643435080537,168.18124389648438,168.18124389648438,13200,0.0,0.0
2020-08-19 00:00:00+08:00,169.71363950531352,169.71363950531352,167.7981414794922,167.7981414794922,8800,0.0,0.0
2020-08-20 00:00:00+08:00,167.79815115882312,167.79815115882312,166.2657397893313,167.03195190429688,23100,0.0,0.0
2020-08-21 00:00:00+08:00,167.03194226916364,167.7981414794922,167.03194226916364,167.7981414794922,4400,0.0,0.0
2020-08-24 00:00:00+08:00,167.79815115882312,167.79815115882312,166.64883941659443,167.03195190429688,28600,0.0,0.0
2020-08-25 00:00:00+08:00,167.7981414794922,167.7981414794922,167.03194226916364,167.7981414794922,13200,0.0,0.0
2020-08-26 00:00:00+08:00,167.41504187432793,167.7981414794922,167.03194226916364,167.7981414794922,22000,0.0,0.0
2020-08-27 00:00:00+08:00,167.0319394637701,167.4150390625,167.0319394637701,167.4150390625,7700,0.0,0.0
2020-08-28 00:00:00+08:00,167.4150390625,167.4150390625,166.26572740587193,167.4150390625,35200,0.0,0.0
2020-08-31 00:00:00+08:00,167.7981414794922,167.7981414794922,167.41504187432793,167.7981414794922,17600,0.0,0.0
2020-09-01 00:00:00+08:00,167.79815115882312,167.79815115882312,167.03195190429688,167.03195190429688,11000,0.0,0.0
2020-09-02 00:00:00+08:00,167.03194226916364,167.7981414794922,167.03194226916364,167.7981414794922,3300,0.0,0.0
2020-09-03 00:00:00+08:00,168.5643406898207,168.5643406898207,167.7981414794922,167.7981414794922,6600,0.0,0.0
2020-09-04 00:00:00+08:00,167.4150390625,167.4150390625,167.0319394637701,167.4150390625,6600,0.0,0.0
2020-09-07 00:00:00+08:00,166.64883941659443,167.03195190429688,166.64883941659443,167.03195190429688,11000,0.0,0.0
2020-09-08 00:00:00+08:00,167.4150390625,167.4150390625,167.0319394637701,167.4150390625,4400,0.0,0.0
2020-09-09 00:00:00+08:00,167.4150390625,167.4150390625,167.0319394637701,167.4150390625,8800,0.0,0.0
2020-09-10 00:00:00+08:00,167.7981414794922,167.7981414794922,167.03194226916364,167.7981414794922,30800,0.0,0.0
2020-09-11 00:00:00+08:00,167.7981414794922,168.18124108465645,167.03194226916364,167.7981414794922,11000,0.0,0.0
2020-09-14 00:00:00+08:00,167.79814428491505,168.18124389648438,167.79814428491505,168.18124389648438,18700,0.0,0.0
2020-09-15 00:00:00+08:00,168.18124948188418,168.94744873046875,168.18124948188418,168.94744873046875,30800,0.0,0.0
2020-09-16 00:00:00+08:00,168.94744311962302,169.33054273119234,168.18124389648438,168.18124389648438,16500,0.0,0.0
2020-09-17 00:00:00+08:00,168.18125078608625,168.18125078608625,166.64883941659443,167.03195190429688,17600,0.0,0.0
2020-09-18 00:00:00+08:00,172.01224592173003,172.01224592173003,168.56433669649476,169.33053588867188,19800,0.0,0.0
2020-09-21 00:00:00+08:00,175.07704396235002,175.07704396235002,170.09673631657927,171.2460479736328,33000,0.0,0.0
2020-09-22 00:00:00+08:00,170.86293994024683,170.86293994024683,170.09674072265625,170.09674072265625,17600,0.0,0.0
2020-09-23 00:00:00+08:00,169.71364234276166,169.71364234276166,167.79814428491505,168.18124389648438,18700,0.0,0.0
2020-09-24 00:00:00+08:00,168.1812382599598,168.1812382599598,167.0319394637701,167.4150390625,17600,0.0,0.0
2020-09-25 00:00:00+08:00,167.03195190429688,167.03195190429688,167.03195190429688,167.03195190429688,11000,0.0,0.0
2020-09-28 00:00:00+08:00,165.11641783156614,166.26571655273438,165.11641783156614,166.26571655273438,18700,0.0,0.0
2020-09-29 00:00:00+08:00,166.26573574536596,168.56434631347656,166.26573574536596,168.56434631347656,23100,0.0,0.0
2020-09-30 00:00:00+08:00,168.56434631347656,169.3305455493671,168.56434631347656,168.56434631347656,18700,0.0,0.0
2020-10-05 00:00:00+08:00,168.56434631347656,169.71364516731236,168.56434631347656,168.56434631347656,4400,0.0,0.0
2020-10-06 00:00:00+08:00,169.3305455493671,169.3305455493671,168.56434631347656,168.56434631347656,12100,0.0,0.0
2020-10-07 00:00:00+08:00,167.79814428491505,168.5643435080537,167.79814428491505,168.18124389648438,13200,0.0,0.0
2020-10-08 00:00:00+08:00,168.18124389648438,168.18124389648438,167.79814428491505,168.18124389648438,13200,0.0,0.0
2020-10-12 00:00:00+08:00,170.86293029785156,172.01224191981643,170.86293029785156,170.86293029785156,94600,0.0,0.0
2020-10-13 00:00:00+08:00,171.62915319619265,172.0122528076172,171.62915319619265,172.0122528076172,18700,0.0,0.0
2020-10-14 00:00:00+08:00,172.01224880674107,173.54464721679688,172.01224880674107,173.54464721679688,33000,0.0,0.0
2020-10-15 00:00:00+08:00,173.16155445992763,173.16155445992763,172.39535522460938,172.39535522460938,13200,0.0,0.0
2020-10-16 00:00:00+08:00,172.395348409255,173.54464721679688,172.395348409255,173.54464721679688,30800,0.0,0.0
2020-10-19 00:00:00+08:00,173.54465560468284,175.84326619130314,173.54465560468284,174.69395446777344,29700,0.0,0.0
2020-10-20 00:00:00+08:00,174.693947230999,175.4601593017578,174.693947230999,175.4601593017578,31900,0.0,0.0
2020-10-21 00:00:00+08:00,176.2263507579577,187.71936412793553,176.2263507579577,182.35595703125,123200,0.0,0.0
2020-10-22 00:00:00+08:00,182.35595703125,182.35595703125,180.05735950142966,182.35595703125,29700,0.0,0.0
2020-10-23 00:00:00+08:00,181.20665938642097,181.97285856776384,178.52494939128292,180.44046020507812,28600,0.0,0.0
2020-10-26 00:00:00+08:00,180.8235642644011,183.12216186523438,180.8235642644011,183.12216186523438,1180300,0.0,0.0
2020-10-27 00:00:00+08:00,182.35595163227248,186.95315941624258,182.35595163227248,185.42076110839844,2159300,0.0,0.0
2020-10-28 00:00:00+08:00,183.88837233953544,185.8038703237047,183.88837233953544,184.65457153320312,660000,0.0,0.0
2020-10-29 00:00:00+08:00,183.8883739744479,187.719369976847,182.35596271304982,186.9531707763672,1046100,0.0,0.0
2020-10-30 00:00:00+08:00,187.7193603515625,188.48557237319332,187.7193603515625,187.7193603515625,2480500,0.0,0.0
2020-11-02 00:00:00+08:00,188.10248243752534,188.48558203776525,186.9531707763672,186.9531707763672,860200,0.0,0.0
2020-11-03 00:00:00+08:00,187.33627037660708,188.10248243752534,186.9531707763672,186.9531707763672,861300,0.0,0.0
2020-11-04 00:00:00+08:00,187.7193603515625,188.48557237319332,187.7193603515625,187.7193603515625,642400,0.0,0.0
2020-11-05 00:00:00+08:00,188.48558325860682,189.2517824640494,188.48558325860682,188.86868286132812,1059300,0.0,0.0
2020-11-06 00:00:00+08:00,188.86870089780305,189.25180053710938,188.86870089780305,189.25180053710938,437800,0.0,0.0
2020-11-09 00:00:00+08:00,186.95317358735926,189.2517840837986,186.95317358735926,187.33627319335938,71500,0.0,0.0
2020-11-10 00:00:00+08:00,188.10249201358948,191.55038859127683,188.10249201358948,190.0179901123047,30800,0.0,0.0
2020-11-11 00:00:00+08:00,191.5503692626953,192.69968086639108,190.01797093835137,191.5503692626953,55000,0.0,0.0
2020-11-12 00:00:00+08:00,190.40110224393715,190.40110224393715,189.25180330918377,189.63490295410156,31900,0.0,0.0
2020-11-13 00:00:00+08:00,190.01800259901935,190.01800259901935,188.4856040193482,189.63490295410156,13200,0.0,0.0
2020-11-16 00:00:00+08:00,189.2517840837986,190.01798329579887,186.95317358735926,187.33627319335938,45100,0.0,0.0
2020-11-17 00:00:00+08:00,190.01797598363325,190.01797598363325,186.57006680187402,188.10247802734375,19800,0.0,0.0
2020-11-18 00:00:00+08:00,188.48557761860164,188.48557761860164,186.18696721061613,188.10247802734375,16500,0.0,0.0
2020-11-19 00:00:00+08:00,186.95318044126182,186.95318044126182,186.18698120117188,186.18698120117188,11000,0.0,0.0
2020-11-20 00:00:00+08:00,186.18696202917636,188.10247279259679,186.18696202917636,187.7193603515625,7700,0.0,0.0
2020-11-23 00:00:00+08:00,186.95316119036943,187.7193603515625,186.95316119036943,187.7193603515625,12100,0.0,0.0
2020-11-24 00:00:00+08:00,187.7193727993595,187.7193727993595,186.95317358735926,187.33627319335938,12100,0.0,0.0
2020-11-25 00:00:00+08:00,187.33626077096596,187.7193603515625,186.95316119036943,187.7193603515625,17600,0.0,0.0
2020-11-26 00:00:00+08:00,187.7193603515625,188.86867195378986,187.7193603515625,187.7193603515625,36300,0.0,0.0
2020-11-27 00:00:00+08:00,187.71936557564774,188.48557761860164,187.71936557564774,188.10247802734375,15400,0.0,0.0
2020-11-30 00:00:00+08:00,188.48557761860164,189.25177680111744,188.10247802734375,188.10247802734375,24200,0.0,0.0
2020-12-01 00:00:00+08:00,188.48558044433594,188.48558044433594,188.10248084733468,188.48558044433594,11000,0.0,0.0
2020-12-02 00:00:00+08:00,186.18696721061613,188.48557761860164,186.18696721061613,188.10247802734375,30800,0.0,0.0
2020-12-03 00:00:00+08:00,188.10247802734375,188.86867720985956,188.10247802734375,188.10247802734375,16500,0.0,0.0
2020-12-04 00:00:00+08:00,188.48558325860682,188.86868286132812,188.10248365588555,188.86868286132812,11000,0.0,0.0
2020-12-07 00:00:00+08:00,188.86870089780305,189.25180053710938,188.86870089780305,189.25180053710938,20900,0.0,0.0
2020-12-08 00:00:00+08:00,190.0179939884713,193.08280386937355,190.0179939884713,192.3166046142578,55000,0.0,0.0
2020-12-09 00:00:00+08:00,192.31659776470516,197.68000521993136,192.31659776470516,193.4658966064453,94600,0.0,0.0
2020-12-10 00:00:00+08:00,193.8490031244893,193.8490031244893,191.55039249870276,192.3166046142578,22000,0.0,0.0
2020-12-11 00:00:00+08:00,192.69968499675616,193.84898376464844,192.69968499675616,193.84898376464844,29700,0.0,0.0
2020-12-14 00:00:00+08:00,194.23209738174702,195.76449584960938,194.23209738174702,195.76449584960938,25300,0.0,0.0
2020-12-15 00:00:00+08:00,195.38140869140625,195.76450833280072,194.61520940861735,195.38140869140625,26400,0.0,0.0
2020-12-16 00:00:00+08:00,195.38140869140625,195.76450833280072,195.38140869140625,195.38140869140625,41800,0.0,0.0
2020-12-17 00:00:00+08:00,195.38140869140625,196.14760797419518,195.38140869140625,195.38140869140625,19800,0.0,0.0
2020-12-18 00:00:00+08:00,192.69970703125,193.08280666435343,192.69970703125,192.69970703125,5500,0.0,0.0
2020-12-21 00:00:00+08:00,192.31657556793573,192.31657556793573,190.4010648590141,190.78416442871094,15400,0.0,0.0
2020-12-22 00:00:00+08:00,190.78417516614905,191.55037434866483,186.18696721061613,188.10247802734375,28600,0.0,0.0
2020-12-23 00:00:00+08:00,188.10248084733468,188.48558044433594,188.10248084733468,188.48558044433594,8800,0.0,0.0
2020-12-24 00:00:00+08:00,188.48558203776525,188.48558203776525,186.9531707763672,186.9531707763672,31900,0.0,0.0
2020-12-25 00:00:00+08:00,187.33627319335938,187.7193727993595,186.95317358735926,187.33627319335938,14300,0.0,0.0
2020-12-28 00:00:00+08:00,186.95317358735926,193.08279300423845,186.95317358735926,187.33627319335938,17600,0.0,0.0
2020-12-29 00:00:00+08:00,187.7193603515625,188.10247279259679,187.7193603515625,187.7193603515625,24200,0.0,0.0
2020-12-30 00:00:00+08:00,187.7193727993595,187.7193727993595,187.33627319335938,187.33627319335938,22000,0.0,0.0
2020-12-31 00:00:00+08:00,186.95317358735926,187.33627319335938,186.95317358735926,187.33627319335938,16500,0.0,0.0
2021-01-04 00:00:00+08:00,188.48557761860164,190.01797598363325,187.71936557564774,188.10247802734375,52800,0.0,0.0
2021-01-05 00:00:00+08:00,188.102477064749,188.102477064749,187.7193646150135,193.84898376464844,12100,0.0,0.0
2021-01-06 00:00:00+08:00,188.10247279259679,188.10247279259679,187.33626077096596,187.7193603515625,12100,0.0,0.0
2021-01-07 00:00:00+08:00,187.719369976847,187.719369976847,186.9531707763672,186.9531707763672,15400,0.0,0.0
2021-01-08 00:00:00+08:00,186.95316119036943,188.10247279259679,186.95316119036943,187.7193603515625,34100,0.0,0.0
2021-01-11 00:00:00+08:00,191.93349490460358,192.69970703125,191.55039527150015,192.69970703125,46200,0.0,0.0
2021-01-12 00:00:00+08:00,196.91379906165153,198.8292970638018,193.8489893977727,194.6151885986328,53900,0.0,0.0
2021-01-13 00:00:00+08:00,194.61520237960502,194.61520237960502,191.55039249870276,192.3166046142578,42900,0.0,0.0
2021-01-14 00:00:00+08:00,192.31661017098816,193.4659090868692,192.31661017098816,193.0828094482422,4400,0.0,0.0
2021-01-15 00:00:00+08:00,193.46590349693142,193.46590349693142,191.1672928711449,192.3166046142578,26400,0.0,0.0
2021-01-18 00:00:00+08:00,191.9334688437813,192.3165812853051,191.16726968160933,191.5503692626953,19800,0.0,0.0
2021-01-19 00:00:00+08:00,191.55039837294728,192.31661051199964,188.86870089780305,189.25180053710938,37400,0.0,0.0
2021-01-20 00:00:00+08:00,188.86867195378986,188.86867195378986,186.5700616097729,187.7193603515625,53900,0.0,0.0
2021-01-21 00:00:00+08:00,187.71936838989512,188.48558044433594,186.95316919589263,188.48558044433594,38500,0.0,0.0
2021-01-22 00:00:00+08:00,188.48558044433594,188.48558044433594,187.71936838989512,188.48558044433594,15400,0.0,0.0
2021-01-25 00:00:00+08:00,188.86870089780305,189.25180053710938,188.1025016191904,189.25180053710938,24200,0.0,0.0
2021-01-26 00:00:00+08:00,189.2517824640494,189.2517824640494,188.10248365588555,188.86868286132812,14300,0.0,0.0
2021-01-27 00:00:00+08:00,189.63487639237533,189.63487639237533,187.71936557564774,188.10247802734375,18700,0.0,0.0
2021-01-28 00:00:00+08:00,186.95316119036943,188.10247279259679,186.95316119036943,187.7193603515625,11000,0.0,0.0
2021-01-29 00:00:00+08:00,188.48558044433594,188.48558044433594,187.71936838989512,188.48558044433594,4400,0.0,0.0
2021-02-01 00:00:00+08:00,186.57007398135914,187.7193727993595,186.186974375359,187.33627319335938,19800,0.0,0.0
2021-02-02 00:00:00+08:00,189.25180053710938,190.017999815722,189.25180053710938,189.25180053710938,13200,0.0,0.0
2021-02-03 00:00:00+08:00,190.01799673908636,193.08280666435343,189.25179747287947,192.69970703125,9900,0.0,0.0
2021-02-04 00:00:00+08:00,192.69969737861854,193.4658966064453,190.78418644861276,193.4658966064453,17600,0.0,0.0
2021-02-05 00:00:00+08:00,194.9982825325407,194.9982825325407,191.93347295772324,193.84898376464844,16500,0.0,0.0
2021-02-17 00:00:00+08:00,198.4462003297356,198.4462003297356,194.2320918036979,194.998291015625,39600,0.0,0.0
2021-02-18 00:00:00+08:00,191.55038567643953,193.84899622035869,188.4855887651325,193.4658966064453,44000,0.0,0.0
2021-02-19 00:00:00+08:00,193.46588417535102,196.147581300433,193.46588417535102,193.84898376464844,42900,0.0,0.0
2021-02-22 00:00:00+08:00,194.61519544818543,194.61519544818543,192.31659776470516,193.4658966064453,17600,0.0,0.0
2021-02-23 00:00:00+08:00,194.23208618164062,194.61518577651535,193.46588699189118,194.23208618164062,26400,0.0,0.0
2021-02-24 00:00:00+08:00,195.38138212183816,195.38138212183816,193.84898376464844,193.84898376464844,22000,0.0,0.0
2021-02-25 00:00:00+08:00,194.23210976722288,195.38140869140625,194.23210976722288,195.38140869140625,41800,0.0,0.0
2021-02-26 00:00:00+08:00,193.84898376464844,194.23208335394585,193.46588417535102,193.84898376464844,16500,0.0,0.0
2021-03-02 00:00:00+08:00,199.21240075031318,199.21240075031318,195.7644914152836,196.91380310058594,37400,0.0,0.0
2021-03-03 00:00:00+08:00,196.53070228257604,203.80960765567988,196.53070228257604,202.66030883789062,108900,0.0,0.0
2021-03-04 00:00:00+08:00,203.04339663850925,216.06883392455262,203.04339663850925,214.5364227294922,145200,0.0,0.0
2021-03-05 00:00:00+08:00,214.53642952467428,216.068840768272,206.8744118880005,213.3871307373047,110000,0.0,0.0
2021-03-08 00:00:00+08:00,213.77021364933643,214.53641278111792,211.4716033935547,211.4716033935547,44000,0.0,0.0
2021-03-09 00:00:00+08:00,211.47162986492853,213.0040283203125,210.32233102339057,213.0040283203125,55000,0.0,0.0
2021-03-10 00:00:00+08:00,213.0040283203125,214.53643963613533,213.0040283203125,213.0040283203125,29700,0.0,0.0
2021-03-11 00:00:00+08:00,214.5364323559884,217.98432876360027,213.0040210921669,213.77023315429688,66000,0.0,0.0
2021-03-12 00:00:00+08:00,213.0040283203125,213.77024040844333,212.6209287064665,213.0040283203125,29700,0.0,0.0
2021-03-15 00:00:00+08:00,213.0040198652532,214.15333152160883,209.1730238788623,211.85472106933594,51700,0.0,0.0
2021-03-16 00:00:00+08:00,212.2378290926205,214.53643963613533,212.2378290926205,213.0040283203125,57200,0.0,0.0
2021-03-17 00:00:00+08:00,213.0040198652532,213.0040198652532,211.47162147069685,211.85472106933594,19800,0.0,0.0
2021-03-18 00:00:00+08:00,211.85470295944543,213.00400165711767,211.4716033935547,211.4716033935547,26400,0.0,0.0
2021-03-19 00:00:00+08:00,210.7054042617732,213.77021364933643,210.7054042617732,211.4716033935547,17600,0.0,0.0
2021-03-22 00:00:00+08:00,211.47162427887542,213.00402269378083,211.47162427887542,212.23782348632812,17600,0.0,0.0
2021-03-23 00:00:00+08:00,211.85470295944543,211.85470295944543,211.08850382766394,211.4716033935547,15400,0.0,0.0
2021-03-24 00:00:00+08:00,211.08852187205775,211.85472106933594,211.08852187205775,211.85472106933594,6600,0.0,0.0
2021-03-25 00:00:00+08:00,211.4716033935547,211.4716033935547,211.4716033935547,211.4716033935547,8800,0.0,0.0
2021-03-26 00:00:00+08:00,211.0885286881579,211.0885286881579,208.78991816166229,210.70542907714844,26400,0.0,0.0
2021-03-29 00:00:00+08:00,210.70542907714844,213.00402674320526,209.9392298551295,210.70542907714844,28600,0.0,0.0
2021-03-30 00:00:00+08:00,210.70543875917934,210.70543875917934,209.55613987334002,209.93923950195312,40700,0.0,0.0
2021-03-31 00:00:00+08:00,209.93921747012408,211.08851623535156,209.5561178817149,211.08851623535156,26400,0.0,0.0
2021-04-01 00:00:00+08:00,209.55610556410096,213.00400165711767,209.55610556410096,211.4716033935547,22000,0.0,0.0
2021-04-07 00:00:00+08:00,212.2378290926205,213.38714079459734,212.2378290926205,213.0040283203125,19800,0.0,0.0
2021-04-08 00:00:00+08:00,213.770237147796,217.6012460882602,213.770237147796,216.06884765625,51700,0.0,0.0
2021-04-09 00:00:00+08:00,217.60123641338404,219.89983395920027,216.8350372314453,216.8350372314453,44000,0.0,0.0
2021-04-12 00:00:00+08:00,219.89983395920027,219.89983395920027,216.8350372314453,216.8350372314453,22000,0.0,0.0
2021-04-13 00:00:00+08:00,215.30264002117875,216.06885211342836,214.91954040527344,214.91954040527344,20900,0.0,0.0
2021-04-14 00:00:00+08:00,215.3026343889398,215.68573399482338,212.23782468143256,214.15333557128906,20900,0.0,0.0
2021-04-15 00:00:00+08:00,214.91954320137617,215.30264282226562,214.53644358048672,215.30264282226562,6600,0.0,0.0
2021-04-16 00:00:00+08:00,215.68573963708408,216.06885211342836,214.1533411734628,214.91954040527344,13200,0.0,0.0
2021-04-19 00:00:00+08:00,215.30262767480363,225.26325569847384,215.30262767480363,219.13363647460938,74800,0.0,0.0
2021-04-20 00:00:00+08:00,229.09425476870018,237.13938493263336,227.17874391240036,231.009765625,167200,0.0,0.0
2021-04-21 00:00:00+08:00,232.15908450712064,235.6069681465217,232.15908450712064,234.07456970214844,78100,0.0,0.0
2021-04-22 00:00:00+08:00,235.99008313800562,235.99008313800562,226.79566665270858,230.2435760498047,64900,0.0,0.0
2021-04-23 00:00:00+08:00,230.2435664266554,232.15907728295525,227.56185637201102,231.009765625,26400,0.0,0.0
2021-04-26 00:00:00+08:00,231.77598052756105,232.15909301312988,231.00978127730187,231.3928680419922,24200,0.0,0.0
2021-04-27 00:00:00+08:00,231.0097756843011,231.0097756843011,229.86046397629917,230.6266632080078,26400,0.0,0.0
2021-04-28 00:00:00+08:00,233.69147733048112,237.5224733492668,233.30836486816406,233.30836486816406,24200,0.0,0.0
2021-04-29 00:00:00+08:00,237.13938339748606,237.13938339748606,234.84076009645594,236.37318420410156,16500,0.0,0.0
2021-05-03 00:00:00+08:00,234.45767611473337,234.45767611473337,231.7759660459432,232.92527770996094,30800,0.0,0.0
2021-05-04 00:00:00+08:00,232.9252964092792,232.9252964092792,228.32807510501863,229.8604736328125,48400,0.0,0.0
2021-05-05 00:00:00+08:00,234.07458244468512,234.07458244468512,229.09427436891556,229.8604736328125,28600,0.0,0.0
2021-05-06 00:00:00+08:00,231.77595649766394,233.69146728515625,231.77595649766394,233.69146728515625,26400,0.0,0.0
2021-05-07 00:00:00+08:00,234.45766645597797,234.45766645597797,232.9252681143345,233.69146728515625,13200,0.0,0.0
2021-05-10 00:00:00+08:00,233.69147733048112,233.69147733048112,232.92527812672398,233.30836486816406,14300,0.0,0.0
2021-05-11 00:00:00+08:00,233.30835483930744,235.99006479762147,231.0097573268422,233.69146728515625,38500,0.0,0.0
2021-05-12 00:00:00+08:00,230.24358612520044,231.7759846529943,222.19845527296417,229.8604736328125,90200,0.0,0.0
2021-05-13 00:00:00+08:00,229.86045396704475,232.92527648129982,226.79565717366646,231.009765625,18700,0.0,0.0
2021-05-14 00:00:00+08:00,231.0097573268422,233.69146728515625,229.47735898519872,233.69146728515625,24200,0.0,0.0
2021-05-17 00:00:00+08:00,229.86044705667484,233.30835620600817,227.94496197883765,228.3280487060547,33000,0.0,0.0
2021-05-18 00:00:00+08:00,226.02946893093173,234.8407729994151,226.02946893093173,232.54217529296875,18700,0.0,0.0
2021-05-19 00:00:00+08:00,232.92527648129982,232.92527648129982,230.2435664266554,231.009765625,7700,0.0,0.0
2021-05-20 00:00:00+08:00,230.24354985649163,230.24354985649163,229.09423828125,229.09423828125,9900,0.0,0.0
2021-05-21 00:00:00+08:00,231.39287567187733,236.75629632142207,231.39287567187733,235.99009704589844,13200,0.0,0.0
2021-05-24 00:00:00+08:00,232.92528929533225,234.8407745361328,232.92528929533225,234.8407745361328,11000,0.0,0.0
2021-05-25 00:00:00+08:00,234.45767653423826,234.45767653423826,233.30836486816406,233.30836486816406,5500,0.0,0.0
2021-05-26 00:00:00+08:00,232.15909005483638,235.9900862573157,231.77597757414938,234.8407745361328,95700,0.0,0.0
2021-05-27 00:00:00+08:00,234.84076448882885,235.223876953125,234.84076448882885,235.223876953125,3300,0.0,0.0
2021-05-28 00:00:00+08:00,235.22388139586715,235.22388139586715,234.07456970214844,234.07456970214844,15400,0.0,0.0
2021-05-31 00:00:00+08:00,233.3083587912386,234.07455797503874,232.15907287597653,232.15907287597656,25300,0.0,0.0
2021-06-01 00:00:00+08:00,232.92528777114882,232.92528777114882,231.39286357930655,232.54217529296875,7700,0.0,0.0
2021-06-02 00:00:00+08:00,232.9252720597767,232.9252720597767,232.15907287597653,232.15907287597656,9900,0.0,0.0
2021-06-03 00:00:00+08:00,231.39286357930655,232.92528777114882,231.39286357930655,232.54217529296875,7700,0.0,0.0
2021-06-04 00:00:00+08:00,232.5421696759591,234.45768057883464,231.77597045898438,231.77597045898438,49500,0.0,0.0
2021-06-07 00:00:00+08:00,232.15908450712064,234.07456970214844,232.15908450712064,234.07456970214844,4400,0.0,0.0
2021-06-08 00:00:00+08:00,234.07457529563695,235.9900862573157,234.07457529563695,234.8407745361328,12100,0.0,0.0
2021-06-09 00:00:00+08:00,234.8407745361328,234.8407745361328,234.07457529563695,234.8407745361328,23100,0.0,0.0
2021-06-10 00:00:00+08:00,234.84075885336676,234.84075885336676,234.07455966403802,234.45767211914062,9900,0.0,0.0
2021-06-11 00:00:00+08:00,234.4576984948512,236.75629632142207,234.4576984948512,235.99009704589844,18700,0.0,0.0
2021-06-15 00:00:00+08:00,233.69147733048112,234.0745640719212,233.30836486816406,233.30836486816406,25300,0.0,0.0
2021-06-16 00:00:00+08:00,232.54217529296875,232.92528777114882,232.54217529296875,232.54217529296875,4400,0.0,0.0
2021-06-17 00:00:00+08:00,231.3928579900583,232.5421696759591,231.00977124200963,231.77597045898438,20900,0.0,0.0
2021-06-18 00:00:00+08:00,231.77597045898438,232.5421696759591,231.77597045898438,231.77597045898438,13200,0.0,0.0
2021-06-21 00:00:00+08:00,230.62665438192542,232.92527770996097,230.62665438192542,232.92527770996094,11000,0.0,0.0
2021-06-22 00:00:00+08:00,231.77597045898438,232.92528214488516,231.77597045898438,231.77597045898438,13200,0.0,0.0
2021-06-23 00:00:00+08:00,232.1590885356667,234.45768624211306,232.1590885356667,232.54217529296875,15400,0.0,0.0
2021-06-24 00:00:00+08:00,232.92527770996097,234.07456365310182,232.54216524832938,232.92527770996094,30800,0.0,0.0
2021-06-25 00:00:00+08:00,232.9252681143345,233.69146728515625,232.15906894351275,233.69146728515625,17600,0.0,0.0
2021-06-28 00:00:00+08:00,231.3928479713001,232.9252720597767,231.3928479713001,232.15907287597656,27500,0.0,0.0
2021-06-29 00:00:00+08:00,232.92527648129982,233.69147567964438,231.009765625,231.009765625,37400,0.0,0.0
2021-06-30 00:00:00+08:00,231.00978127730187,232.15909301312988,231.00978127730187,231.3928680419922,6600,0.0,0.0
2021-07-01 00:00:00+08:00,233.69149151364826,233.69149151364826,231.3928680419922,231.3928680419922,11000,0.0,0.0
2021-07-02 00:00:00+08:00,231.3928579900583,231.77597045898438,231.3928579900583,231.77597045898438,7700,0.0,0.0
2021-07-05 00:00:00+08:00,232.15907892296684,233.69147733048112,232.15907892296684,233.30836486816406,26400,0.0,0.0
2021-07-06 00:00:00+08:00,233.30836486816406,234.45767653423826,233.30836486816406,233.30836486816406,11000,0.0,0.0
2021-07-07 00:00:00+08:00,230.62665438192542,233.3083644507156,230.62665438192542,232.92527770996094,12100,0.0,0.0
2021-07-08 00:00:00+08:00,233.30836047470925,236.7562696871269,233.30836047470925,234.45767211914062,20900,0.0,0.0
2021-07-09 00:00:00+08:00,233.6914885358281,234.8407745361328,232.92528929533225,234.8407745361328,13200,0.0,0.0
2021-07-12 00:00:00+08:00,234.84076448882885,235.223876953125,234.84076448882885,235.223876953125,9900,0.0,0.0
2021-07-13 00:00:00+08:00,235.223876953125,235.60696369654406,234.84076448882885,235.223876953125,11000,0.0,0.0
2021-07-14 00:00:00+08:00,234.4576777454098,235.223876953125,234.4576777454098,235.223876953125,12100,0.0,0.0
2021-07-15 00:00:00+08:00,235.22387736723468,235.99007657629875,235.22387736723468,235.60696411132812,17600,0.0,0.0
2021-07-16 00:00:00+08:00,235.60698454769692,235.99009704589844,234.4576984948512,235.99009704589844,6600,0.0,0.0
2021-07-19 00:00:00+08:00,238.28868877774204,245.18450780195914,238.28868877774204,242.8859100341797,29700,0.0,0.0
2021-07-20 00:00:00+08:00,243.65210929010618,244.80142103443526,242.8859100341797,242.8859100341797,9900,0.0,0.0
2021-07-21 00:00:00+08:00,244.41828770855722,250.54790695427732,244.41828770855722,249.78170776367188,25300,0.0,0.0
2021-07-22 00:00:00+08:00,249.78171898160826,251.31411743164062,249.39860650866132,251.31411743164062,12100,0.0,0.0
2021-07-23 00:00:00+08:00,252.84649443425394,256.677490234375,252.84649443425394,256.677490234375,12100,0.0,0.0
2021-07-26 00:00:00+08:00,258.5930339175045,260.508544921875,258.5930339175045,260.508544921875,6600,0.0,0.0
2021-07-27 00:00:00+08:00,265.488848753084,266.25504799852536,252.8465226219848,253.99583435058594,71500,0.0,0.0
2021-07-28 00:00:00+08:00,251.31412964401073,255.9113252175042,249.78173111951293,254.7620391845703,19800,0.0,0.0
2021-07-29 00:00:00+08:00,255.14510004195355,261.27471923828125,254.762013310176,261.27471923828125,14300,0.0,0.0
2021-07-30 00:00:00+08:00,261.27472445376105,262.04092365348714,260.508525254035,261.6578369140625,12100,0.0,0.0
2021-08-02 00:00:00+08:00,262.04093215221036,266.2550407478174,258.97613525390625,258.97613525390625,38500,0.0,0.0
2021-08-03 00:00:00+08:00,259.7423288357838,259.7423288357838,258.2099304199219,258.2099304199219,6600,0.0,0.0
2021-08-04 00:00:00+08:00,258.9761464067301,260.508544921875,258.9761464067301,260.508544921875,11000,0.0,0.0
2021-08-05 00:00:00+08:00,260.50852005384985,261.65783169093515,260.50852005384985,261.27471923828125,12100,0.0,0.0
2021-08-06 00:00:00+08:00,262.04092365348714,262.04092365348714,261.6578369140625,261.6578369140625,18700,0.0,0.0
2021-08-09 00:00:00+08:00,260.125426848013,261.657851051137,258.2099416056448,259.7423400878906,39600,0.0,0.0
2021-08-10 00:00:00+08:00,259.3591804300687,259.3591804300687,255.52818492130316,257.8267822265625,30800,0.0,0.0
2021-08-11 00:00:00+08:00,256.677522913134,261.27474417944745,256.677522913134,260.508544921875,61710,0.0,0.0
2021-08-12 00:00:00+08:00,263.05940470118435,282.3504277126045,263.05940470118435,275.33551025390625,63000,12.0,1.1
2021-08-13 00:00:00+08:00,276.2123843864613,276.2123843864613,271.8280608247714,272.7049255371094,21000,0.0,0.0
2021-08-16 00:00:00+08:00,272.7049149373044,272.7049149373044,270.9511855807944,271.3896179199219,11000,0.0,0.0
2021-08-17 00:00:00+08:00,270.0743072411003,270.951171875,270.0743072411003,270.951171875,6000,0.0,0.0
2021-08-18 00:00:00+08:00,267.44374559581576,269.6359074449618,264.3747190070113,266.1284484863281,32000,0.0,0.0
2021-08-19 00:00:00+08:00,266.1284316715441,266.5668640136719,266.1284316715441,266.5668640136719,7000,0.0,0.0
2021-08-20 00:00:00+08:00,266.5668640136719,266.5668640136719,266.5668640136719,266.5668640136719,7000,0.0,0.0
2021-08-23 00:00:00+08:00,267.4437118555329,267.4437118555329,266.56684722649834,267.0052795410156,17000,0.0,0.0
2021-08-24 00:00:00+08:00,267.44372811287076,275.33551025390625,267.44372811287076,275.33551025390625,7000,0.0,0.0
2021-08-25 00:00:00+08:00,275.33551025390625,277.08923961858085,275.33551025390625,275.33551025390625,13000,0.0,0.0
2021-08-26 00:00:00+08:00,274.4586486816406,274.4586486816406,274.4586486816406,274.4586486816406,1000,0.0,0.0
2021-08-27 00:00:00+08:00,275.33551337391424,275.33551337391424,273.581783989367,274.4586486816406,6000,0.0,0.0
2021-08-30 00:00:00+08:00,274.4586273193359,274.4586273193359,271.8280334472656,271.8280334472656,7000,0.0,0.0
2021-08-31 00:00:00+08:00,272.7049255371094,272.7049255371094,272.7049255371094,272.7049255371094,1000,0.0,0.0
2021-09-01 00:00:00+08:00,272.26648572430236,272.26648572430236,270.51275634765625,270.51275634765625,5000,0.0,0.0
2021-09-02 00:00:00+08:00,270.9511949747655,271.8280596834217,267.88216849446883,268.759033203125,21000,0.0,0.0
2021-09-03 00:00:00+08:00,270.0743472030739,270.0743472030739,267.44375291213487,268.32061767578125,11000,0.0,0.0
2021-09-06 00:00:00+08:00,268.32061767578125,268.32061767578125,268.32061767578125,268.32061767578125,0,0.0,0.0
2021-09-07 00:00:00+08:00,267.0052963557996,267.0052963557996,266.5668640136719,266.5668640136719,2000,0.0,0.0
2021-09-08 00:00:00+08:00,269.197441113602,269.197441113602,267.0052795410156,267.0052795410156,7000,0.0,0.0
2021-09-09 00:00:00+08:00,266.1284685955932,266.1284685955932,263.93630658080247,264.81317138671875,30000,0.0,0.0
2021-09-10 00:00:00+08:00,266.1284484863281,266.1284484863281,265.6900161164989,266.1284484863281,7000,0.0,0.0
2021-09-13 00:00:00+08:00,267.0052870958558,269.19744873046875,267.0052870958558,269.19744873046875,8000,0.0,0.0
2021-09-14 00:00:00+08:00,269.6358947753906,269.6358947753906,269.6358947753906,269.6358947753906,3000,0.0,0.0
2021-09-15 00:00:00+08:00,269.63590106870464,269.63590106870464,267.8821716308594,267.8821716308594,3000,0.0,0.0
2021-09-16 00:00:00+08:00,268.3206039903207,268.3206039903207,267.8821716308594,267.8821716308594,3000,0.0,0.0
2021-09-17 00:00:00+08:00,268.759036349782,268.759036349782,267.8821716308594,267.8821716308594,2000,0.0,0.0
2021-09-22 00:00:00+08:00,268.3205977277058,270.0743271246189,268.3205977277058,269.6358947753906,7000,0.0,0.0
2021-09-23 00:00:00+08:00,270.51275634765625,270.51275634765625,270.51275634765625,270.51275634765625,3000,0.0,0.0
2021-09-24 00:00:00+08:00,270.0743408203125,270.0743408203125,270.0743408203125,270.0743408203125,3000,0.0,0.0
2021-09-27 00:00:00+08:00,270.0743334281659,270.9511981470885,267.8821716308594,267.8821716308594,4000,0.0,0.0
2021-09-28 00:00:00+08:00,267.0053132259865,267.0053132259865,265.6900161164989,266.1284484863281,8000,0.0,0.0
2021-09-29 00:00:00+08:00,265.2516037896769,265.69003619263503,264.81317138671875,264.81317138671875,10000,0.0,0.0
2021-09-30 00:00:00+08:00,264.37469482421875,264.37469482421875,263.9362624944937,264.37469482421875,12000,0.0,0.0
2021-10-01 00:00:00+08:00,264.374701039819,264.374701039819,262.1825393396546,262.6209716796875,12000,0.0,0.0
2021-10-04 00:00:00+08:00,262.62099170044763,262.62099170044763,261.3056945800781,261.3056945800781,18000,0.0,0.0
2021-10-05 00:00:00+08:00,256.92136047260357,260.42881931864594,256.92136047260357,259.9903869628906,23000,0.0,0.0
2021-10-06 00:00:00+08:00,259.9903869628906,260.8672516744012,259.9903869628906,259.9903869628906,12000,0.0,0.0
2021-10-07 00:00:00+08:00,260.4287963663057,262.1825256347656,260.4287963663057,262.1825256347656,4000,0.0,0.0
2021-10-08 00:00:00+08:00,262.18254245266047,262.18254245266047,261.7441101074219,261.7441101074219,2000,0.0,0.0
2021-10-12 00:00:00+08:00,261.7441101074219,261.7441101074219,261.7441101074219,261.7441101074219,0,0.0,0.0
2021-10-13 00:00:00+08:00,261.74410699962175,262.6209716796875,261.74410699962175,262.6209716796875,4000,0.0,0.0
2021-10-14 00:00:00+08:00,262.6209579518806,263.0593902689956,261.3056610005356,262.1825256347656,14000,0.0,0.0
2021-10-15 00:00:00+08:00,261.30567776218334,263.05940714313755,260.4288130717062,261.7441101074219,7000,0.0,0.0
2021-10-18 00:00:00+08:00,262.18255932699117,262.18255932699117,261.3056945800781,261.3056945800781,11000,0.0,0.0
2021-10-19 00:00:00+08:00,260.42879180133644,260.42879180133644,257.35976563532745,259.1134948730469,51000,0.0,0.0
2021-10-20 00:00:00+08:00,263.05941984892297,263.05941984892297,258.2366638183594,258.2366638183594,6000,0.0,0.0
2021-10-21 00:00:00+08:00,259.11350858533706,259.55194091796875,258.6750762527053,259.55194091796875,3000,0.0,0.0
2021-10-22 00:00:00+08:00,259.9903869628906,259.9903869628906,259.9903869628906,259.9903869628906,1000,0.0,0.0
2021-10-25 00:00:00+08:00,258.67509409586586,263.0594177246094,258.67509409586586,263.0594177246094,9000,0.0,0.0
2021-10-26 00:00:00+08:00,263.05939957902234,263.05939957902234,259.55194091796875,259.55194091796875,3000,0.0,0.0
2021-10-27 00:00:00+08:00,259.55195882161456,263.0594177246094,259.55195882161456,263.0594177246094,7000,0.0,0.0
2021-10-28 00:00:00+08:00,263.0594177246094,263.0594177246094,263.0594177246094,263.0594177246094,2000,0.0,0.0
2021-10-29 00:00:00+08:00,262.1825256347656,262.1825256347656,262.1825256347656,262.1825256347656,1000,0.0,0.0
2021-11-01 00:00:00+08:00,261.74409331765065,262.1825256347656,261.74409331765065,262.1825256347656,4000,0.0,0.0
2021-11-02 00:00:00+08:00,260.8672622066216,261.3056945800781,260.42882983316514,261.3056945800781,5000,0.0,0.0
2021-11-03 00:00:00+08:00,261.3056702484956,261.3056702484956,258.2366439200736,259.55194091796875,9000,0.0,0.0
2021-11-04 00:00:00+08:00,259.11350858533706,259.55194091796875,259.11350858533706,259.55194091796875,5000,0.0,0.0
2021-11-05 00:00:00+08:00,259.55194091796875,259.55194091796875,259.11350858533706,259.55194091796875,6000,0.0,0.0
2021-11-08 00:00:00+08:00,259.55194091796875,259.55194091796875,259.55194091796875,259.55194091796875,1000,0.0,0.0
2021-11-09 00:00:00+08:00,259.99037016280977,260.4288024902344,259.99037016280977,260.4288024902344,3000,0.0,0.0
2021-11-10 00:00:00+08:00,260.42881931864594,260.42881931864594,259.9903869628906,259.9903869628906,2000,0.0,0.0
2021-11-11 00:00:00+08:00,259.1134994149607,270.9511719770655,259.1134994149607,262.1825256347656,19000,0.0,0.0
2021-11-12 00:00:00+08:00,268.75900415566275,268.75900415566275,260.42879032375805,263.9362487792969,13000,0.0,0.0
2021-11-15 00:00:00+08:00,260.8672622066216,261.3056945800781,260.42882983316514,261.3056945800781,10000,0.0,0.0
2021-11-16 00:00:00+08:00,261.3056808856355,261.3056808856355,260.42881618467703,260.86724853515625,11000,0.0,0.0
2021-11-17 00:00:00+08:00,260.42881618467703,261.3056808856355,259.5519514837185,260.86724853515625,7000,0.0,0.0
2021-11-18 00:00:00+08:00,259.99037635932535,260.42880869719943,258.6750793457031,258.6750793457031,28000,0.0,0.0
2021-11-19 00:00:00+08:00,258.6750793457031,258.6750793457031,256.9213499942068,258.6750793457031,12000,0.0,0.0
2021-11-22 00:00:00+08:00,258.23664700782905,258.6750793457031,257.798214669955,258.6750793457031,11000,0.0,0.0
2021-11-23 00:00:00+08:00,258.6750793457031,258.6750793457031,258.6750793457031,258.6750793457031,0,0.0,0.0
2021-11-24 00:00:00+08:00,257.35981589596287,271.8280849327036,256.4829511058574,257.7982482910156,64000,0.0,0.0
2021-11-25 00:00:00+08:00,259.1135285511891,259.1135285511891,257.35979908552963,258.2366638183594,9000,0.0,0.0
2021-11-26 00:00:00+08:00,259.5519778712266,259.5519778712266,257.7982482910156,257.7982482910156,9000,0.0,0.0
2021-11-29 00:00:00+08:00,257.3597748063568,257.3597748063568,256.48291015625,256.48291015625,15000,0.0,0.0
2021-11-30 00:00:00+08:00,259.5519364316239,259.5519364316239,256.48291015625,256.48291015625,7000,0.0,0.0
2021-12-01 00:00:00+08:00,256.0444822569151,259.55194091796875,255.6060499242834,259.55194091796875,16000,0.0,0.0
2021-12-02 00:00:00+08:00,256.9213424813034,257.79820713141027,255.60604550614315,256.48291015625,10000,0.0,0.0
2021-12-03 00:00:00+08:00,256.48292855578467,256.48292855578467,254.2907667732566,255.60606384277344,17000,0.0,0.0
2021-12-06 00:00:00+08:00,255.60605324054586,255.60605324054586,254.29075622558594,254.29075622558594,16000,0.0,0.0
2021-12-07 00:00:00+08:00,253.41389154894597,254.29075622558594,253.41389154894597,254.29075622558594,11000,0.0,0.0
2021-12-08 00:00:00+08:00,254.29076833823294,255.16763305664062,254.29076833823294,255.16763305664062,2000,0.0,0.0
2021-12-09 00:00:00+08:00,256.9213562011719,256.9213562011719,256.9213562011719,256.9213562011719,2000,0.0,0.0
2021-12-10 00:00:00+08:00,257.7982482910156,257.7982482910156,257.7982482910156,257.7982482910156,2000,0.0,0.0
2021-12-13 00:00:00+08:00,257.798214669955,270.07432013042904,257.798214669955,258.6750793457031,23000,0.0,0.0
2021-12-14 00:00:00+08:00,258.6750793457031,258.6750793457031,258.6750793457031,258.6750793457031,0,0.0,0.0
2021-12-15 00:00:00+08:00,259.5519440214513,262.6209703865698,258.6750793457031,258.6750793457031,10000,0.0,0.0
2021-12-16 00:00:00+08:00,258.67511308112114,258.67511308112114,257.7982482910156,257.7982482910156,7000,0.0,0.0
2021-12-17 00:00:00+08:00,258.6750793457031,258.6750793457031,258.6750793457031,258.6750793457031,1000,0.0,0.0
2021-12-20 00:00:00+08:00,259.55196410508944,260.4288288486877,256.9213698742946,257.35980224609375,12000,0.0,0.0
2021-12-21 00:00:00+08:00,256.04449462890625,256.04449462890625,256.04449462890625,256.04449462890625,1000,0.0,0.0
2021-12-22 00:00:00+08:00,256.9213562011719,256.9213562011719,256.9213562011719,256.9213562011719,2000,0.0,0.0
2021-12-23 00:00:00+08:00,256.9213835009101,257.7982482910156,256.9213835009101,257.7982482910156,4000,0.0,0.0
2021-12-24 00:00:00+08:00,257.79820713141027,257.79820713141027,256.48291015625,256.48291015625,4000,0.0,0.0
2021-12-27 00:00:00+08:00,256.48291015625,256.48291015625,256.48291015625,256.48291015625,3000,0.0,0.0
2021-12-28 00:00:00+08:00,256.92135933653947,256.92135933653947,256.04449462890625,256.04449462890625,10000,0.0,0.0
2021-12-29 00:00:00+08:00,257.35981589596287,262.62100463659584,256.4829511058574,257.7982482910156,9000,0.0,0.0
2021-12-30 00:00:00+08:00,256.9213562011719,256.9213562011719,256.9213562011719,256.9213562011719,1000,0.0,0.0
2022-01-03 00:00:00+08:00,256.4829238527057,257.35978854963804,256.4829238527057,256.9213562011719,8000,0.0,0.0
2022-01-04 00:00:00+08:00,256.48291015625,256.48291015625,256.04447783119656,256.48291015625,6000,0.0,0.0
2022-01-05 00:00:00+08:00,255.6060622750896,256.04449462890625,255.6060622750896,256.04449462890625,6000,0.0,0.0
2022-01-06 00:00:00+08:00,255.60604550614315,256.48291015625,255.60604550614315,256.48291015625,6000,0.0,0.0
2022-01-07 00:00:00+08:00,256.9213835009101,257.7982482910156,256.9213835009101,257.7982482910156,7000,0.0,0.0
2022-01-10 00:00:00+08:00,258.6750793457031,259.5519440214513,258.6750793457031,258.6750793457031,16000,0.0,0.0
2022-01-11 00:00:00+08:00,258.6750793457031,258.6750793457031,258.6750793457031,258.6750793457031,2000,0.0,0.0
2022-01-12 00:00:00+08:00,256.9213499942068,258.6750793457031,256.9213499942068,258.6750793457031,7000,0.0,0.0
2022-01-13 00:00:00+08:00,257.7982346178929,257.7982346178929,257.35980224609375,257.35980224609375,3000,0.0,0.0
2022-01-14 00:00:00+08:00,257.35980224609375,257.35980224609375,256.9213698742946,257.35980224609375,4000,0.0,0.0
2022-01-17 00:00:00+08:00,257.35978854963804,257.35978854963804,256.9213562011719,256.9213562011719,7000,0.0,0.0
2022-01-18 00:00:00+08:00,256.4829238527057,257.35978854963804,256.4829238527057,256.9213562011719,4000,0.0,0.0
2022-01-19 00:00:00+08:00,256.92136091229025,256.92136091229025,255.60606384277344,255.60606384277344,2000,0.0,0.0
2022-01-20 00:00:00+08:00,252.09859299782838,254.72918701171875,252.09859299782838,254.72918701171875,9000,0.0,0.0
2022-01-21 00:00:00+08:00,254.29077306559665,254.29077306559665,253.4139083308877,253.8523406982422,15000,0.0,0.0
2022-01-24 00:00:00+08:00,252.975459210626,254.29075622558594,252.975459210626,254.29075622558594,7000,0.0,0.0
2022-01-25 00:00:00+08:00,254.29075622558594,254.29075622558594,254.29075622558594,254.29075622558594,9000,0.0,0.0
2022-01-26 00:00:00+08:00,254.29075622558594,254.29075622558594,254.29075622558594,254.29075622558594,3000,0.0,0.0
2022-02-07 00:00:00+08:00,254.29076833823294,255.16763305664062,254.29076833823294,255.16763305664062,3000,0.0,0.0
2022-02-08 00:00:00+08:00,255.60606541584448,255.60606541584448,255.16763305664062,255.16763305664062,8000,0.0,0.0
2022-02-09 00:00:00+08:00,255.16763305664062,256.04449777504834,255.16763305664062,255.16763305664062,13000,0.0,0.0
2022-02-10 00:00:00+08:00,255.16763148626782,255.60606384277344,254.2907667732566,255.60606384277344,8000,0.0,0.0
2022-02-11 00:00:00+08:00,254.29075622558594,254.29075622558594,254.29075622558594,254.29075622558594,9000,0.0,0.0
2022-02-14 00:00:00+08:00,254.72918856390592,254.72918856390592,254.29075622558594,254.29075622558594,6000,0.0,0.0
2022-02-15 00:00:00+08:00,256.044496199279,256.044496199279,255.60606384277344,255.60606384277344,2000,0.0,0.0
2022-02-16 00:00:00+08:00,257.798214669955,260.42880869719943,257.798214669955,258.6750793457031,4000,0.0,0.0
2022-02-17 00:00:00+08:00,257.798214669955,258.6750793457031,257.3597823320809,258.6750793457031,4000,0.0,0.0
2022-02-18 00:00:00+08:00,258.67511308112114,258.67511308112114,257.7982482910156,257.7982482910156,6000,0.0,0.0
2022-02-21 00:00:00+08:00,258.67511308112114,258.67511308112114,257.7982482910156,257.7982482910156,4000,0.0,0.0
2022-02-22 00:00:00+08:00,256.9213562011719,256.9213562011719,256.9213562011719,256.9213562011719,3000,0.0,0.0
2022-02-23 00:00:00+08:00,256.9213562011719,256.9213562011719,256.9213562011719,256.9213562011719,3000,0.0,0.0
2022-02-24 00:00:00+08:00,255.60605324054586,255.60605324054586,254.29075622558594,254.29075622558594,17000,0.0,0.0
2022-02-25 00:00:00+08:00,254.29075467607035,254.72918701171875,253.85232234042198,254.72918701171875,14000,0.0,0.0
2022-03-01 00:00:00+08:00,254.29075467607035,255.16761934736715,252.97545766912518,254.72918701171875,23000,0.0,0.0
2022-03-02 00:00:00+08:00,254.29077306559665,254.29077306559665,253.8523406982422,253.8523406982422,2000,0.0,0.0
2022-03-03 00:00:00+08:00,255.1676378003056,255.1676378003056,253.8523406982422,253.8523406982422,7000,0.0,0.0
2022-03-04 00:00:00+08:00,253.8523406982422,253.8523406982422,253.8523406982422,253.8523406982422,2000,0.0,0.0
2022-03-07 00:00:00+08:00,253.85233012835184,253.85233012835184,250.78330368465848,252.5370330810547,10000,0.0,0.0
2022-03-08 00:00:00+08:00,250.78332840768914,251.6601931923314,249.02959883840458,249.90646362304688,40000,0.0,0.0
2022-03-09 00:00:00+08:00,249.9064224485367,250.783287088707,248.59112548828125,248.59112548828125,8000,0.0,0.0
2022-03-10 00:00:00+08:00,249.02956381060483,252.5370224558246,249.02956381060483,251.2217254638672,6000,0.0,0.0
2022-03-11 00:00:00+08:00,251.66015017872127,251.66015017872127,248.152691639645,249.02955627441406,13000,0.0,0.0
2022-03-14 00:00:00+08:00,248.1527099609375,248.59114231069182,248.1527099609375,248.1527099609375,10000,0.0,0.0
2022-03-15 00:00:00+08:00,248.15271152732646,248.15271152732646,247.7142791748047,247.7142791748047,6000,0.0,0.0
2022-03-16 00:00:00+08:00,248.1527099609375,248.1527099609375,248.1527099609375,248.1527099609375,2000,0.0,0.0
2022-03-17 00:00:00+08:00,249.02955627441406,249.02955627441406,249.02955627441406,249.02955627441406,2000,0.0,0.0
2022-03-18 00:00:00+08:00,249.90642090918314,249.90642090918314,249.02955627441406,249.02955627441406,4000,0.0,0.0
2022-03-21 00:00:00+08:00,248.15271784872508,248.15271784872508,243.76839421182183,245.96055603027344,52000,0.0,0.0
2022-03-22 00:00:00+08:00,245.52211624255284,245.52211624255284,243.7683868408203,243.7683868408203,32000,0.0,0.0
2022-03-23 00:00:00+08:00,245.52211310273856,245.52211310273856,244.20681606825963,244.64524841308594,13000,0.0,0.0
2022-03-24 00:00:00+08:00,245.5221405029297,245.5221405029297,245.08370810917444,245.5221405029297,12000,0.0,0.0
2022-03-25 00:00:00+08:00,246.39896847339386,252.97545339706096,246.39896847339386,247.2758331298828,11000,0.0,0.0
2022-03-28 00:00:00+08:00,245.52209625517105,245.52209625517105,244.6452316256883,245.0836639404297,12000,0.0,0.0
2022-03-29 00:00:00+08:00,245.5221405029297,245.5221405029297,245.5221405029297,245.5221405029297,2000,0.0,0.0
2022-03-30 00:00:00+08:00,248.1527099609375,248.1527099609375,248.1527099609375,248.1527099609375,2000,0.0,0.0
2022-03-31 00:00:00+08:00,248.15269778637176,248.15269778637176,247.2758331298828,247.2758331298828,3000,0.0,0.0
2022-04-01 00:00:00+08:00,247.27585153817282,247.27585153817282,246.39898681640625,246.39898681640625,4000,0.0,0.0
2022-04-06 00:00:00+08:00,244.64525737287312,246.39898681640625,244.20682501198982,246.39898681640625,13000,0.0,0.0
2022-04-07 00:00:00+08:00,245.5221405029297,245.5221405029297,245.5221405029297,245.5221405029297,7000,0.0,0.0
2022-04-08 00:00:00+08:00,248.15273486546107,248.15273486546107,245.5221405029297,245.5221405029297,6000,0.0,0.0
2022-04-11 00:00:00+08:00,244.20681606825963,244.64524841308594,244.20681606825963,244.64524841308594,3000,0.0,0.0
2022-04-12 00:00:00+08:00,244.20681606825963,244.64524841308594,243.7683837234333,244.64524841308594,5000,0.0,0.0
2022-04-13 00:00:00+08:00,243.7683868408203,243.7683868408203,243.7683868408203,243.7683868408203,8000,0.0,0.0
2022-04-14 00:00:00+08:00,246.39898681640625,246.39898681640625,246.39898681640625,246.39898681640625,1000,0.0,0.0
2022-04-15 00:00:00+08:00,238.5072058475379,246.39898839396378,238.5072058475379,245.96055603027344,8000,0.0,0.0
2022-04-18 00:00:00+08:00,245.96055603027347,245.96055603027347,245.96055603027347,245.96055603027344,0,0.0,0.0
2022-04-19 00:00:00+08:00,244.20681762695312,244.20681762695312,244.20681762695312,244.20681762695312,1000,0.0,0.0
2022-04-20 00:00:00+08:00,245.52211624255284,245.52211624255284,243.7683868408203,243.7683868408203,12000,0.0,0.0
2022-04-21 00:00:00+08:00,243.76838998071554,243.76838998071554,242.8915252685547,242.8915252685547,13000,0.0,0.0
2022-04-22 00:00:00+08:00,243.32994856400924,243.32994856400924,241.13778686523438,241.13778686523438,15000,0.0,0.0
2022-04-25 00:00:00+08:00,238.50719901842947,239.38406372070312,238.06876666729266,239.38406372070312,7000,0.0,0.0
2022-04-26 00:00:00+08:00,243.7683872320713,243.7683872320713,238.94563136956629,239.38406372070312,10000,0.0,0.0
2022-04-27 00:00:00+08:00,238.50719310619212,238.50719310619212,236.7534637451172,236.7534637451172,21000,0.0,0.0
2022-04-28 00:00:00+08:00,236.7534637451172,236.7534637451172,236.7534637451172,236.7534637451172,1000,0.0,0.0
2022-04-29 00:00:00+08:00,241.57620239257812,241.57620239257812,241.57620239257812,241.57620239257812,1000,0.0,0.0
2022-05-03 00:00:00+08:00,241.1377915516632,241.1377915516632,239.82249450683594,239.82249450683594,2000,0.0,0.0
2022-05-04 00:00:00+08:00,239.82249450683594,239.82249450683594,239.82249450683594,239.82249450683594,0,0.0,0.0
2022-05-05 00:00:00+08:00,239.82249607183994,239.82249607183994,239.38406372070312,239.38406372070312,7000,0.0,0.0
2022-05-06 00:00:00+08:00,240.26092529296875,240.26092529296875,240.26092529296875,240.26092529296875,1000,0.0,0.0
2022-05-09 00:00:00+08:00,239.38406372070312,239.38406372070312,237.63033431615582,239.38406372070312,13000,0.0,0.0
2022-05-10 00:00:00+08:00,237.19190041718144,240.2609268551117,236.7534680689057,239.82249450683594,19000,0.0,0.0
2022-05-11 00:00:00+08:00,238.50721983978713,242.01467895507812,238.50721983978713,242.01467895507812,6000,0.0,0.0
2022-05-12 00:00:00+08:00,238.50719310619212,238.50719310619212,236.7534637451172,236.7534637451172,10000,0.0,0.0
2022-05-13 00:00:00+08:00,237.63031005859375,237.63031005859375,237.63031005859375,237.63031005859375,7000,0.0,0.0
2022-05-16 00:00:00+08:00,238.50719310619212,238.50719310619212,236.7534637451172,236.7534637451172,3000,0.0,0.0
2022-05-17 00:00:00+08:00,237.1918976452886,237.1918976452886,236.31503295898438,236.31503295898438,11000,0.0,0.0
2022-05-18 00:00:00+08:00,236.7534637451172,237.63032842565465,236.7534637451172,236.7534637451172,9000,0.0,0.0
2022-05-19 00:00:00+08:00,236.75346530213648,236.75346530213648,236.31503295898438,236.31503295898438,3000,0.0,0.0
2022-05-20 00:00:00+08:00,235.8766021728516,235.8766021728516,235.8766021728516,235.87660217285156,1000,0.0,0.0
2022-05-23 00:00:00+08:00,235.43817138671875,235.43817138671875,235.43817138671875,235.43817138671875,1000,0.0,0.0
2022-05-24 00:00:00+08:00,235.43817138671875,235.43817138671875,235.43817138671875,235.43817138671875,1000,0.0,0.0
2022-05-25 00:00:00+08:00,235.43817452403988,235.43817452403988,234.56130981445312,234.56130981445312,5000,0.0,0.0
2022-05-26 00:00:00+08:00,234.5613020437735,236.7534637451172,234.5613020437735,236.7534637451172,8000,0.0,0.0
2022-05-27 00:00:00+08:00,235.8766021728516,235.8766021728516,235.8766021728516,235.87660217285156,1000,0.0,0.0
2022-05-30 00:00:00+08:00,235.43817927425067,235.43817927425067,232.80758509241548,233.2460174560547,40000,0.0,0.0
2022-05-31 00:00:00+08:00,235.8766021728516,235.8766021728516,235.8766021728516,235.87660217285156,1000,0.0,0.0
2022-06-01 00:00:00+08:00,235.87661163788988,235.87661163788988,235.87661163788988,233.2460174560547,1000,0.0,0.0
2022-06-02 00:00:00+08:00,235.87660687883323,236.75347158841998,234.12287745965975,234.56130981445312,11000,0.0,0.0
2022-06-06 00:00:00+08:00,234.12286970350476,236.7534637451172,233.68443736323601,236.7534637451172,10000,0.0,0.0
2022-06-07 00:00:00+08:00,236.7534637451172,236.7534637451172,236.7534637451172,236.7534637451172,0,0.0,0.0
2022-06-08 00:00:00+08:00,238.50719310619212,239.38405778672958,236.31503140484844,236.7534637451172,8000,0.0,0.0
2022-06-09 00:00:00+08:00,236.75346686494396,236.75346686494396,235.8766021728516,235.87660217285156,10000,0.0,0.0
2022-06-10 00:00:00+08:00,235.8766021728516,235.8766021728516,235.4381698268054,235.87660217285156,8000,0.0,0.0
2022-06-13 00:00:00+08:00,234.9997421692465,234.9997421692465,234.12287745965975,234.56130981445312,13000,0.0,0.0
2022-06-14 00:00:00+08:00,233.2460053066038,233.2460053066038,232.369140625,232.369140625,19000,0.0,0.0
2022-06-15 00:00:00+08:00,232.36915747024162,232.36915747024162,231.4922927250709,231.93072509765625,4000,0.0,0.0
2022-06-16 00:00:00+08:00,234.99974691061146,234.99974691061146,233.2460174560547,233.2460174560547,3000,0.0,0.0
2022-06-17 00:00:00+08:00,233.2460037490069,233.2460037490069,232.36913907325874,232.8075714111328,6000,0.0,0.0
2022-06-20 00:00:00+08:00,232.36914374611595,232.36914374611595,231.49227905273438,231.49227905273438,8000,0.0,0.0
2022-06-21 00:00:00+08:00,233.2460053066038,233.2460053066038,231.49227594339624,232.369140625,4000,0.0,0.0
2022-06-22 00:00:00+08:00,231.93071139942515,231.93071139942515,231.49227905273438,231.49227905273438,5000,0.0,0.0
2022-06-23 00:00:00+08:00,231.49227905273438,231.49227905273438,231.49227905273438,231.49227905273438,0,0.0,0.0
2022-06-24 00:00:00+08:00,232.36915272877627,233.68444981969387,232.36915272877627,233.2460174560547,9000,0.0,0.0
2022-06-27 00:00:00+08:00,233.6844451048664,235.87660687883323,233.6844451048664,234.56130981445312,7000,0.0,0.0
2022-06-28 00:00:00+08:00,234.561305134713,235.8766021728516,234.561305134713,235.87660217285156,10000,0.0,0.0
2022-06-29 00:00:00+08:00,238.63002014160156,238.63002014160156,237.71221237182615,238.63002014160156,8000,12.0,0.0
2022-06-30 00:00:00+08:00,236.3355129957199,236.3355129957199,233.5820895433426,234.95880126953125,12000,0.0,0.0
2022-07-01 00:00:00+08:00,234.04098781608266,234.95879561143985,232.66427612304688,232.66427612304688,7000,0.0,0.0
2022-07-04 00:00:00+08:00,232.20537222536828,232.66427612304688,232.20537222536828,232.66427612304688,4000,0.0,0.0
2022-07-05 00:00:00+08:00,234.04099486594976,236.79441833496094,234.04099486594976,236.79441833496094,3000,0.0,0.0
2022-07-06 00:00:00+08:00,233.1231689453125,233.1231689453125,233.1231689453125,233.1231689453125,1000,0.0,0.0
2022-07-07 00:00:00+08:00,233.1231689453125,233.1231689453125,233.1231689453125,233.1231689453125,0,0.0,0.0
2022-07-08 00:00:00+08:00,234.04098928791203,234.49989318847656,234.04098928791203,234.49989318847656,2000,0.0,0.0
2022-07-11 00:00:00+08:00,238.63002014160156,238.63002014160156,234.9587890625,238.63002014160156,3000,0.0,0.0
2022-07-12 00:00:00+08:00,238.63002014160156,238.63002014160156,238.63002014160156,238.63002014160156,0,0.0,0.0
2022-07-13 00:00:00+08:00,233.58208003680525,238.63002282738455,233.1231761467526,237.25331115722656,7000,0.0,0.0
2022-07-14 00:00:00+08:00,237.25331115722656,238.63002282738455,236.79440726717388,237.25331115722656,10000,0.0,0.0
2022-07-15 00:00:00+08:00,237.71221504727922,237.71221504727922,236.33550337712123,237.25331115722656,4000,0.0,0.0
2022-07-18 00:00:00+08:00,237.25331115722656,237.25331115722656,237.25331115722656,237.25331115722656,0,0.0,0.0
2022-07-19 00:00:00+08:00,237.25331115722656,237.25331115722656,237.25331115722656,237.25331115722656,0,0.0,0.0
2022-07-20 00:00:00+08:00,235.87659683227537,238.63002014160156,235.87659683227537,238.63002014160156,9000,0.0,0.0
2022-07-21 00:00:00+08:00,238.17111893733187,238.63002282738455,236.33550337712123,237.25331115722656,8000,0.0,0.0
2022-07-22 00:00:00+08:00,236.33550337712123,237.25331115722656,235.87659948706857,237.25331115722656,9000,0.0,0.0
2022-07-25 00:00:00+08:00,237.71221504727922,238.17111893733187,237.25331115722656,237.25331115722656,5000,0.0,0.0
2022-07-26 00:00:00+08:00,236.79441833496094,236.79441833496094,236.79441833496094,236.79441833496094,2000,0.0,0.0
2022-07-27 00:00:00+08:00,237.71222196412316,237.71222196412316,236.33551025390625,236.33551025390625,6000,0.0,0.0
2022-07-28 00:00:00+08:00,236.79441415731188,236.79441415731188,236.33551025390625,236.33551025390625,3000,0.0,0.0
2022-07-29 00:00:00+08:00,236.79441415731188,236.79441415731188,236.33551025390625,236.33551025390625,10000,0.0,0.0
2022-08-01 00:00:00+08:00,237.71221923828125,237.71221923828125,237.71221923828125,237.71221923828125,1000,0.0,0.0
2022-08-02 00:00:00+08:00,237.71221923828125,237.71221923828125,236.79441144199444,237.71221923828125,9000,0.0,0.0
2022-08-03 00:00:00+08:00,230.3697554295165,235.87660217285156,230.3697554295165,235.87660217285156,16000,0.0,0.0
2022-08-04 00:00:00+08:00,234.04098243044135,237.2533096402709,234.04098243044135,235.41769409179688,7000,0.0,0.0
2022-08-05 00:00:00+08:00,235.41769409179688,235.41769409179688,235.41769409179688,235.41769409179688,2000,0.0,0.0
2022-08-08 00:00:00+08:00,236.33550606812946,236.33550606812946,235.41769827757363,235.87660217285156,9000,0.0,0.0
2022-08-09 00:00:00+08:00,235.87659948706857,237.71221504727922,235.87659948706857,237.25331115722656,8000,0.0,0.0
2022-08-10 00:00:00+08:00,237.71222341313296,238.17112731933594,237.71222341313296,238.17112731933594,14000,0.0,0.0
2022-08-11 00:00:00+08:00,240.0067351275782,247.3491973876953,240.0067351275782,247.3491973876953,10000,0.0,0.0
2022-08-12 00:00:00+08:00,243.2190704345703,246.43139777993258,243.2190704345703,243.2190704345703,12000,0.0,0.0
2022-08-15 00:00:00+08:00,244.1368824863786,248.72592163085938,244.1368824863786,248.72592163085938,11000,0.0,0.0
2022-08-16 00:00:00+08:00,247.80810546875,247.80810546875,247.80810546875,247.80810546875,3000,0.0,0.0
2022-08-17 00:00:00+08:00,246.43139377170138,247.80810546875,246.43139377170138,247.80810546875,6000,0.0,0.0
2022-08-18 00:00:00+08:00,247.80810546875,247.80810546875,247.80810546875,247.80810546875,3000,0.0,0.0
2022-08-19 00:00:00+08:00,247.80810546875,247.80810546875,247.80810546875,247.80810546875,0,0.0,0.0
2022-08-22 00:00:00+08:00,247.80810546875,247.80810546875,247.80810546875,247.80810546875,1000,0.0,0.0
2022-08-23 00:00:00+08:00,244.5957752313829,244.5957752313829,244.13687133789062,244.13687133789062,8000,0.0,0.0
2022-08-24 00:00:00+08:00,244.13687824753097,244.13687824753097,243.2190704345703,243.2190704345703,9000,0.0,0.0
2022-08-25 00:00:00+08:00,243.2190677148987,244.5957794189453,243.2190677148987,244.5957794189453,4000,0.0,0.0
2022-08-26 00:00:00+08:00,243.21907460128295,243.677978515625,243.21907460128295,243.677978515625,5000,0.0,0.0
2022-08-29 00:00:00+08:00,240.46564971518472,241.8423614501953,240.46564971518472,241.8423614501953,7000,0.0,0.0
2022-08-30 00:00:00+08:00,241.84235601085211,244.5957794189453,241.84235601085211,244.5957794189453,7000,0.0,0.0
2022-08-31 00:00:00+08:00,244.59578359082397,245.51359140917603,244.59578359082397,245.0546875,5000,0.0,0.0
2022-09-01 00:00:00+08:00,245.0546875,245.0546875,245.0546875,245.0546875,0,0.0,0.0
2022-09-02 00:00:00+08:00,244.13687824753097,244.5957821540113,243.2190704345703,243.2190704345703,8000,0.0,0.0
2022-09-05 00:00:00+08:00,244.1368824863786,244.1368824863786,244.1368824863786,248.72592163085938,1000,0.0,0.0
2022-09-06 00:00:00+08:00,244.13687133789062,244.13687133789062,244.13687133789062,244.13687133789062,3000,0.0,0.0
2022-09-07 00:00:00+08:00,244.13687133789062,244.13687133789062,244.13687133789062,244.13687133789062,0,0.0,0.0
2022-09-08 00:00:00+08:00,245.0546860604916,245.0546860604916,243.2190704345703,243.2190704345703,17000,0.0,0.0
2022-09-12 00:00:00+08:00,245.05468332029417,245.05468332029417,244.13687551759645,244.5957794189453,6000,0.0,0.0
2022-09-13 00:00:00+08:00,244.59577254535995,245.51358032226562,244.59577254535995,245.51358032226562,4000,0.0,0.0
2022-09-14 00:00:00+08:00,243.21904993768948,245.97247314453125,243.21904993768948,245.97247314453125,6000,0.0,0.0
2022-09-15 00:00:00+08:00,245.05466540891734,245.97247314453125,244.59576154111036,245.97247314453125,8000,0.0,0.0
2022-09-16 00:00:00+08:00,245.05466540891734,245.05466540891734,244.59576154111036,245.97247314453125,7000,0.0,0.0
2022-09-19 00:00:00+08:00,244.5957794189453,244.5957794189453,244.5957794189453,244.5957794189453,10000,0.0,0.0
2022-09-20 00:00:00+08:00,244.59577372579864,244.59577372579864,243.21906205379602,242.30125427246094,10000,0.0,0.0
2022-09-21 00:00:00+08:00,242.30125991220098,242.30125991220098,241.38345210950325,244.5957794189453,7000,0.0,0.0
2022-09-22 00:00:00+08:00,242.30126262160968,243.2190704345703,241.84235871512936,243.2190704345703,13000,0.0,0.0
2022-09-23 00:00:00+08:00,239.5478309284557,242.30125427246094,239.5478309284557,242.30125427246094,8000,0.0,0.0
2022-09-26 00:00:00+08:00,239.0889279234643,239.0889279234643,235.87660067689183,234.04098510742188,10000,0.0,0.0
2022-09-27 00:00:00+08:00,235.87659948706857,237.25331115722656,235.87659948706857,237.25331115722656,3000,0.0,0.0
2022-09-28 00:00:00+08:00,235.41770794162116,235.41770794162116,233.58209228515625,233.58209228515625,9000,0.0,0.0
2022-09-29 00:00:00+08:00,234.04098243044135,235.41769409179688,234.04098243044135,235.41769409179688,6000,0.0,0.0
2022-09-30 00:00:00+08:00,233.58207854332284,235.41769409179688,233.58207854332284,235.41769409179688,10000,0.0,0.0
2022-10-03 00:00:00+08:00,233.5820895433426,233.5820895433426,233.12318563461304,234.95880126953125,12000,0.0,0.0
2022-10-04 00:00:00+08:00,233.58208683347237,236.33551025390625,233.58208683347237,236.33551025390625,3000,0.0,0.0
2022-10-05 00:00:00+08:00,234.4998973608017,234.95880126953125,234.4998973608017,234.95880126953125,4000,0.0,0.0
2022-10-06 00:00:00+08:00,233.5820909544479,236.79441833496094,233.5820909544479,236.79441833496094,7000,0.0,0.0
2022-10-07 00:00:00+08:00,236.79441833496094,236.79441833496094,236.79441833496094,236.79441833496094,2000,0.0,0.0
2022-10-11 00:00:00+08:00,234.9587844488189,234.9587844488189,228.9930340624231,233.1231689453125,17000,0.0,0.0
2022-10-12 00:00:00+08:00,231.28756713867188,231.28756713867188,231.28756713867188,231.28756713867188,1000,0.0,0.0
2022-10-13 00:00:00+08:00,231.28756713867188,231.28756713867188,229.4519515264602,231.28756713867188,10000,0.0,0.0
2022-10-14 00:00:00+08:00,231.28756713867188,231.28756713867188,231.28756713867188,231.28756713867188,0,0.0,0.0
2022-10-17 00:00:00+08:00,227.15742911061935,227.6163330078125,223.94510183026713,227.6163330078125,27000,0.0,0.0
2022-10-18 00:00:00+08:00,226.23961449435438,228.5341339111328,226.23961449435438,228.5341339111328,3000,0.0,0.0
2022-10-19 00:00:00+08:00,228.5341339111328,228.5341339111328,228.5341339111328,228.5341339111328,0,0.0,0.0
2022-10-20 00:00:00+08:00,228.5341339111328,228.5341339111328,228.5341339111328,228.5341339111328,0,0.0,0.0
2022-10-21 00:00:00+08:00,225.3218189473055,225.3218189473055,224.8629150390625,224.8629150390625,7000,0.0,0.0
2022-10-24 00:00:00+08:00,223.94511274857953,223.94511274857953,221.19168923117897,222.1094970703125,11000,0.0,0.0
2022-10-25 00:00:00+08:00,219.81497192382812,219.81497192382812,219.35606801584518,219.81497192382812,5000,0.0,0.0
2022-10-26 00:00:00+08:00,219.81496202013204,219.81496202013204,217.06153869628906,217.06153869628906,15000,0.0,0.0
2022-10-27 00:00:00+08:00,218.43826032366073,225.3218189473055,218.43826032366073,224.8629150390625,4000,0.0,0.0
2022-10-28 00:00:00+08:00,223.4862060546875,223.4862060546875,223.4862060546875,223.4862060546875,2000,0.0,0.0
2022-10-31 00:00:00+08:00,223.4861949858118,223.94509887695312,222.10948331238794,223.94509887695312,5000,0.0,0.0
2022-11-01 00:00:00+08:00,222.10948745945967,227.6163342559752,222.10948745945967,224.4040069580078,7000,0.0,0.0
2022-11-02 00:00:00+08:00,222.56839690420793,223.48620472649333,222.56839690420793,226.6985321044922,2000,0.0,0.0
2022-11-03 00:00:00+08:00,223.94510036561547,225.7807159423828,223.94510036561547,225.7807159423828,2000,0.0,0.0
2022-11-04 00:00:00+08:00,224.8629150390625,224.8629150390625,224.8629150390625,224.8629150390625,1000,0.0,0.0
2022-11-07 00:00:00+08:00,224.40400276809441,224.40400276809441,223.94509887695312,223.94509887695312,4000,0.0,0.0
2022-11-08 00:00:00+08:00,223.94509887695312,223.94509887695312,223.94509887695312,223.94509887695312,3000,0.0,0.0
2022-11-09 00:00:00+08:00,224.86290548305317,227.1574249267578,224.86290548305317,227.1574249267578,20000,0.0,0.0
2022-11-10 00:00:00+08:00,225.32180102118133,226.23960876464844,224.86289714944775,226.23960876464844,6000,0.0,0.0
2022-11-11 00:00:00+08:00,226.6985321044922,226.6985321044922,225.7807242822068,226.6985321044922,12000,0.0,0.0
2022-11-14 00:00:00+08:00,227.15742911061935,227.6163330078125,226.23962131623298,227.6163330078125,11000,0.0,0.0
2022-11-15 00:00:00+08:00,228.5341449944786,228.5341449944786,228.0752410888672,228.0752410888672,3000,0.0,0.0
2022-11-16 00:00:00+08:00,228.5341339111328,228.5341339111328,228.5341339111328,228.5341339111328,2000,0.0,0.0
2022-11-17 00:00:00+08:00,227.61633447265623,229.4519500732422,227.15743057250975,229.4519500732422,9000,0.0,0.0
2022-11-18 00:00:00+08:00,229.4519500732422,229.4519500732422,229.4519500732422,229.4519500732422,2000,0.0,0.0
2022-11-21 00:00:00+08:00,229.4519416778442,229.9108455611999,228.5341339111328,228.5341339111328,10000,0.0,0.0
2022-11-22 00:00:00+08:00,227.6163330078125,227.6163330078125,226.69852521342617,227.6163330078125,4000,0.0,0.0
2022-11-23 00:00:00+08:00,228.0752410888672,228.0752410888672,227.6163371832558,228.0752410888672,4000,0.0,0.0
2022-11-24 00:00:00+08:00,228.07523270423965,228.07523270423965,226.69852103801688,227.1574249267578,6000,0.0,0.0
2022-11-25 00:00:00+08:00,227.1574360156349,227.61633992677758,226.6985321044922,226.6985321044922,6000,0.0,0.0
2022-11-28 00:00:00+08:00,225.78071326053504,227.61632881549872,225.78071326053504,227.1574249267578,4000,0.0,0.0
2022-11-29 00:00:00+08:00,227.6163330078125,227.6163330078125,227.6163330078125,227.6163330078125,2000,0.0,0.0
2022-11-30 00:00:00+08:00,228.07523002777714,228.5341339111328,228.07523002777714,228.5341339111328,3000,0.0,0.0
2022-12-01 00:00:00+08:00,229.45194737337692,230.8286590576172,229.45194737337692,230.8286590576172,15000,0.0,0.0
2022-12-02 00:00:00+08:00,230.8286590576172,230.8286590576172,230.8286590576172,230.8286590576172,2000,0.0,0.0
2022-12-05 00:00:00+08:00,230.8286619839603,235.41770098960563,230.8286619839603,234.49989318847656,14000,0.0,0.0
2022-12-06 00:00:00+08:00,235.41769294738768,240.00673179626463,235.41769294738768,238.63002014160156,12000,0.0,0.0
2022-12-07 00:00:00+08:00,234.9587999759152,239.5478390379448,234.9587999759152,238.17112731933594,15000,0.0,0.0
2022-12-08 00:00:00+08:00,236.79441415731188,236.79441415731188,236.33551025390625,236.33551025390625,3000,0.0,0.0
2022-12-09 00:00:00+08:00,237.25331534013785,238.63002703456806,237.25331534013785,237.71221923828125,6000,0.0,0.0
2022-12-12 00:00:00+08:00,236.33550606812946,236.33550606812946,235.87660217285156,235.87660217285156,3000,0.0,0.0
2022-12-13 00:00:00+08:00,237.25331385868532,237.25331385868532,235.87660217285156,235.87660217285156,6000,0.0,0.0
2022-12-14 00:00:00+08:00,235.87659948706857,237.25331115722656,235.4176955970159,237.25331115722656,9000,0.0,0.0
2022-12-15 00:00:00+08:00,235.87660217285156,235.87660217285156,234.9587943822957,235.87660217285156,11000,0.0,0.0
2022-12-16 00:00:00+08:00,235.87660908699036,236.3355129957199,234.95880126953125,234.95880126953125,9000,0.0,0.0
2022-12-19 00:00:00+08:00,234.49988899978936,234.95879289215685,234.04098510742188,234.04098510742188,7000,0.0,0.0
2022-12-20 00:00:00+08:00,234.04098928791203,234.49989318847656,233.5820853873475,234.49989318847656,10000,0.0,0.0
2022-12-21 00:00:00+08:00,234.49988899978936,234.49988899978936,234.04098510742188,234.04098510742188,6000,0.0,0.0
2022-12-22 00:00:00+08:00,234.04098510742188,234.04098510742188,233.58208121505436,234.04098510742188,10000,0.0,0.0
2022-12-23 00:00:00+08:00,234.04098510742188,234.04098510742188,234.04098510742188,234.04098510742188,1000,0.0,0.0
2022-12-26 00:00:00+08:00,232.66427225669992,237.71221504727922,232.20536836664726,237.25331115722656,13000,0.0,0.0
2022-12-27 00:00:00+08:00,237.2533222464628,237.2533222464628,234.95880268895348,236.79441833496094,15000,0.0,0.0
2022-12-28 00:00:00+08:00,236.79441415731188,236.79441415731188,236.33551025390625,236.33551025390625,2000,0.0,0.0
2022-12-29 00:00:00+08:00,234.95880126953125,235.87660908699036,234.95880126953125,234.95880126953125,5000,0.0,0.0
2022-12-30 00:00:00+08:00,235.87660217285156,236.33550606812946,235.87660217285156,235.87660217285156,5000,0.0,0.0
2023-01-03 00:00:00+08:00,235.4177051782608,235.4177051782608,234.95880126953125,234.95880126953125,6000,0.0,0.0
2023-01-04 00:00:00+08:00,234.95879289215685,234.95879289215685,233.12317732268687,234.04098510742188,19000,0.0,0.0
2023-01-05 00:00:00+08:00,235.87660217285156,235.87660217285156,235.87660217285156,235.87660217285156,1000,0.0,0.0
2023-01-06 00:00:00+08:00,235.87660217285156,235.87660217285156,235.87660217285156,235.87660217285156,4000,0.0,0.0
2023-01-09 00:00:00+08:00,236.79441833496094,237.71222615796466,236.79441833496094,236.79441833496094,13000,0.0,0.0
2023-01-10 00:00:00+08:00,237.7122289643033,242.30126813349835,237.7122289643033,240.4656524658203,13000,0.0,0.0
2023-01-11 00:00:00+08:00,240.4656552481331,240.4656552481331,239.0889434814453,239.0889434814453,7000,0.0,0.0
2023-01-12 00:00:00+08:00,239.54783630371094,239.54783630371094,239.08893240274597,239.54783630371094,10000,0.0,0.0
2023-01-13 00:00:00+08:00,240.46563300575855,240.46563300575855,239.54782524619458,240.00672912597656,5000,0.0,0.0
2023-01-16 00:00:00+08:00,240.00673179626463,240.00673179626463,240.00673179626463,238.63002014160156,23000,0.0,0.0
2023-01-17 00:00:00+08:00,240.00672912597656,240.9245368855405,239.54782524619458,240.00672912597656,25000,0.0,0.0
2023-01-30 00:00:00+08:00,239.5478418918443,241.8423614501953,239.5478418918443,241.8423614501953,17000,0.0,0.0
2023-01-31 00:00:00+08:00,241.84235187042924,245.97248691185973,241.84235187042924,244.13687133789062,10000,0.0,0.0
2023-02-01 00:00:00+08:00,244.13687133789062,247.34919859233656,244.13687133789062,244.13687133789062,17000,0.0,0.0
2023-02-02 00:00:00+08:00,246.89029198762412,249.18481142988827,246.89029198762412,245.51358032226562,8000,0.0,0.0
2023-02-03 00:00:00+08:00,255.60947325650383,256.98618496165557,248.7259147307452,249.6437225341797,16000,0.0,0.0
2023-02-06 00:00:00+08:00,249.6437225341797,250.56153033761416,248.7259147307452,249.6437225341797,9000,0.0,0.0
2023-02-07 00:00:00+08:00,251.47933959960938,251.47933959960938,251.47933959960938,251.47933959960938,3000,0.0,0.0
2023-02-08 00:00:00+08:00,252.39713476338517,252.39713476338517,249.64371147505733,250.1026153564453,24000,0.0,0.0
2023-02-09 00:00:00+08:00,249.64372803641962,249.64372803641962,246.43140065359802,246.8903045654297,25000,0.0,0.0
2023-02-10 00:00:00+08:00,246.89029349643798,247.3491973876953,244.13687014889408,247.3491973876953,13000,0.0,0.0
2023-02-13 00:00:00+08:00,247.3492196081293,247.3492196081293,246.43141174316406,246.43141174316406,6000,0.0,0.0
2023-02-14 00:00:00+08:00,246.43139377170138,247.80810546875,245.9724898726852,247.80810546875,6000,0.0,0.0
2023-02-15 00:00:00+08:00,247.3492015697338,247.80810546875,246.8902976707176,247.80810546875,14000,0.0,0.0
2023-02-16 00:00:00+08:00,248.7259037122814,255.150558051713,247.80809594950546,250.1026153564453,54000,0.0,0.0
2023-02-17 00:00:00+08:00,248.72592578979268,249.18482971191406,248.26702186767128,249.18482971191406,9000,0.0,0.0
2023-02-20 00:00:00+08:00,252.39713476338517,252.39713476338517,249.18480759366938,250.1026153564453,10000,0.0,0.0
2023-02-21 00:00:00+08:00,250.10263337420363,250.10263337420363,248.72592163085938,248.72592163085938,14000,0.0,0.0
2023-02-22 00:00:00+08:00,248.26701630092464,248.26701630092464,246.8903045654297,246.8903045654297,16000,0.0,0.0
2023-02-23 00:00:00+08:00,247.808112389093,248.26701630092464,246.8903045654297,246.8903045654297,25000,0.0,0.0
2023-02-24 00:00:00+08:00,246.89028665539075,248.26699829101562,246.89028665539075,248.26699829101562,3000,0.0,0.0
2023-03-01 00:00:00+08:00,251.9382420427659,255.15056935478657,246.89029912387622,249.6437225341797,32000,0.0,0.0
2023-03-02 00:00:00+08:00,252.3971405029297,252.3971405029297,252.3971405029297,252.3971405029297,1000,0.0,0.0
2023-03-03 00:00:00+08:00,252.3971389938187,255.1505623282967,250.10261954842034,250.5615234375,33000,0.0,0.0
2023-03-06 00:00:00+08:00,250.10261954842034,252.3971389938187,249.64371565934067,250.5615234375,17000,0.0,0.0
2023-03-07 00:00:00+08:00,250.56153179085166,251.47933959960938,249.64372398209397,251.47933959960938,13000,0.0,0.0
2023-03-08 00:00:00+08:00,249.64372945975555,250.10263337420363,248.72592163085938,248.72592163085938,17000,0.0,0.0
2023-03-09 00:00:00+08:00,248.7259132667824,249.64372106481483,247.80810546875,247.80810546875,26000,0.0,0.0
2023-03-10 00:00:00+08:00,251.47933666087962,251.47933666087962,246.43139377170138,247.80810546875,13000,0.0,0.0
2023-03-13 00:00:00+08:00,247.8080886157591,247.8080886157591,245.5135692767243,245.97247314453125,19000,0.0,0.0
2023-03-14 00:00:00+08:00,245.97248421071845,245.97248421071845,245.05467643381277,245.51358032226562,14000,0.0,0.0
2023-03-15 00:00:00+08:00,250.1026079547939,250.1026079547939,245.05466540891734,245.97247314453125,13000,0.0,0.0
2023-03-16 00:00:00+08:00,245.97247314453125,245.97247314453125,245.05466540891734,245.97247314453125,8000,0.0,0.0
2023-03-17 00:00:00+08:00,245.97249674176638,246.8903045654297,245.97249674176638,246.8903045654297,9000,0.0,0.0
2023-03-20 00:00:00+08:00,245.51360387819884,246.89031567564666,245.51360387819884,246.43141174316406,6000,0.0,0.0
2023-03-21 00:00:00+08:00,251.47933666087962,251.47933666087962,247.3492015697338,247.80810546875,7000,0.0,0.0
2023-03-22 00:00:00+08:00,247.80809594950546,250.1026153564453,247.80809594950546,250.1026153564453,11000,0.0,0.0
2023-03-23 00:00:00+08:00,248.72590906146726,248.72590906146726,247.3491973876953,247.3491973876953,10000,0.0,0.0
2023-03-24 00:00:00+08:00,250.10262496383103,250.10262496383103,247.80810546875,247.80810546875,13000,0.0,0.0
2023-03-27 00:00:00+08:00,252.39716286543805,252.39716286543805,246.43141174316406,246.43141174316406,6000,0.0,0.0
2023-03-28 00:00:00+08:00,245.0546860604916,245.97249387345227,242.30126262160968,243.2190704345703,41000,0.0,0.0
2023-03-29 00:00:00+08:00,242.7601596574138,244.13687133789062,242.7601596574138,244.13687133789062,9000,0.0,0.0
2023-03-30 00:00:00+08:00,244.13687551759645,245.05468332029417,244.13687551759645,244.5957794189453,21000,0.0,0.0
2023-03-31 00:00:00+08:00,245.97249674176638,251.4793436837462,243.21907327077645,246.8903045654297,36000,0.0,0.0
2023-04-06 00:00:00+08:00,247.80811380196323,249.64372945975555,245.9724981441709,248.72592163085938,22000,0.0,0.0
2023-04-07 00:00:00+08:00,248.2670093677662,248.2670093677662,247.80810546875,247.80810546875,10000,0.0,0.0
2023-04-10 00:00:00+08:00,250.5615234375,250.5615234375,250.10261954842034,250.5615234375,37000,0.0,0.0
2023-04-11 00:00:00+08:00,251.02042732657966,251.02042732657966,250.5615234375,250.5615234375,7000,0.0,0.0
2023-04-12 00:00:00+08:00,251.47934376867744,252.39715159265072,250.56153594470416,251.93824768066406,24000,0.0,0.0
2023-04-13 00:00:00+08:00,254.69165458953637,255.1505584716797,254.69165458953637,255.1505584716797,21000,0.0,0.0
2023-04-14 00:00:00+08:00,254.23276866064364,255.60948040429332,253.77386474609375,253.77386474609375,8000,0.0,0.0
2023-04-17 00:00:00+08:00,253.31497192382812,254.69168372776195,253.31497192382812,253.31497192382812,23000,0.0,0.0
2023-04-18 00:00:00+08:00,253.31495521712475,253.31495521712475,251.47933959960938,251.47933959960938,15000,0.0,0.0
2023-04-19 00:00:00+08:00,251.93824768066406,251.93824768066406,251.93824768066406,251.93824768066406,1000,0.0,0.0
2023-04-20 00:00:00+08:00,252.39715159265072,252.39715159265072,251.93824768066406,251.93824768066406,5000,0.0,0.0
2023-04-21 00:00:00+08:00,251.9382420427659,251.9382420427659,249.6437225341797,249.6437225341797,25000,0.0,0.0
2023-04-24 00:00:00+08:00,249.6437225341797,254.2327615513521,248.26701082902795,249.6437225341797,18000,0.0,0.0
2023-04-25 00:00:00+08:00,253.3149482865767,253.3149482865767,249.64371715198865,252.3971405029297,12000,0.0,0.0
2023-04-26 00:00:00+08:00,252.3971389938187,252.3971389938187,249.64371565934067,250.5615234375,7000,0.0,0.0
2023-04-27 00:00:00+08:00,251.47932700060923,251.47932700060923,250.1026153564453,250.1026153564453,2000,0.0,0.0
2023-04-28 00:00:00+08:00,251.4793507019824,253.31496640053703,251.02044677734375,251.02044677734375,17000,0.0,0.0
2023-05-02 00:00:00+08:00,250.56153179085166,251.93824350398822,250.56153179085166,251.47933959960938,47000,0.0,0.0
2023-05-03 00:00:00+08:00,251.47935618524966,254.69168372776195,251.47935618524966,253.31497192382812,12000,0.0,0.0
2023-05-04 00:00:00+08:00,253.7738621087722,260.65742075548394,253.7738621087722,260.1985168457031,46000,0.0,0.0
2023-05-05 00:00:00+08:00,261.5752258300781,267.08207268965873,261.5752258300781,261.5752258300781,53000,0.0,0.0
2023-05-08 00:00:00+08:00,261.5752258300781,262.4930336400082,259.7396102102179,261.5752258300781,36000,0.0,0.0
2023-05-09 00:00:00+08:00,260.6574120917475,260.6574120917475,254.23275756835938,254.23275756835938,50000,0.0,0.0
2023-05-10 00:00:00+08:00,255.1505710008106,257.4450905241992,254.23276319145518,256.52728271484375,18000,0.0,0.0
2023-05-11 00:00:00+08:00,256.5272855674569,260.65742075548394,256.5272855674569,260.1985168457031,20000,0.0,0.0
2023-05-12 00:00:00+08:00,258.8218189734125,258.8218189734125,256.0683953673124,258.3629150390625,17000,0.0,0.0
2023-05-15 00:00:00+08:00,258.3628955990394,258.3628955990394,256.52727999975673,257.90399169921875,12000,0.0,0.0
2023-05-16 00:00:00+08:00,260.6574235199191,260.6574235199191,258.8218078613281,258.8218078613281,7000,0.0,0.0
2023-05-17 00:00:00+08:00,258.3628818795032,259.7395935058594,258.3628818795032,259.7395935058594,8000,0.0,0.0
2023-05-18 00:00:00+08:00,260.1985223943537,264.32865767045456,259.73961847478694,262.4930419921875,22000,0.0,0.0
2023-05-19 00:00:00+08:00,262.03411288311963,262.03411288311963,259.7395935058594,259.7395935058594,23000,0.0,0.0
2023-05-22 00:00:00+08:00,259.7396156906236,259.7396156906236,258.8218078613281,258.8218078613281,6000,0.0,0.0
2023-05-23 00:00:00+08:00,257.9040111047125,258.3629150390625,257.9040111047125,258.3629150390625,17000,0.0,0.0
2023-05-24 00:00:00+08:00,257.44510717036246,258.3629150390625,257.44510717036246,258.3629150390625,6000,0.0,0.0
2023-05-25 00:00:00+08:00,257.9040000320326,260.6574235199191,257.9040000320326,258.8218078613281,13000,0.0,0.0
2023-05-26 00:00:00+08:00,257.9040111047125,260.6574347108126,257.9040111047125,258.3629150390625,9000,0.0,0.0
2023-05-29 00:00:00+08:00,260.65741236863937,266.1642591088219,258.36289289356336,259.28070068359375,40000,0.0,0.0
2023-05-30 00:00:00+08:00,259.28070068359375,259.28070068359375,259.28070068359375,259.28070068359375,7000,0.0,0.0
2023-05-31 00:00:00+08:00,258.8217967885785,259.28070068359375,258.36289289356336,259.28070068359375,7000,0.0,0.0
2023-06-01 00:00:00+08:00,258.8218078613281,258.8218078613281,258.3629039466804,258.8218078613281,8000,0.0,0.0
2023-06-02 00:00:00+08:00,258.8217967885785,259.28070068359375,258.36289289356336,259.28070068359375,6000,0.0,0.0
2023-06-05 00:00:00+08:00,259.73961293592237,260.65742075548394,259.73961293592237,260.1985168457031,6000,0.0,0.0
2023-06-06 00:00:00+08:00,259.2807036128552,263.8697426148526,259.2807036128552,262.9519348144531,16000,0.0,0.0
2023-06-07 00:00:00+08:00,262.4930419921875,262.4930419921875,262.4930419921875,262.4930419921875,1000,0.0,0.0
2023-06-08 00:00:00+08:00,261.5752258300781,261.5752258300781,261.1163219251131,261.5752258300781,4000,0.0,0.0
2023-06-09 00:00:00+08:00,263.41084144993835,263.41084144993835,260.65741802014804,261.5752258300781,15000,0.0,0.0
2023-06-12 00:00:00+08:00,260.65741802014804,261.5752258300781,260.65741802014804,261.5752258300781,3000,0.0,0.0
2023-06-13 00:00:00+08:00,261.57523693225505,262.49304478114016,261.1163330078125,261.1163330078125,6000,0.0,0.0
2023-06-14 00:00:00+08:00,262.4930419921875,262.4930419921875,262.4930419921875,262.4930419921875,1000,0.0,0.0
2023-06-15 00:00:00+08:00,261.1163330078125,262.49304478114016,261.1163330078125,261.1163330078125,11000,0.0,0.0
2023-06-16 00:00:00+08:00,261.1163302334872,262.4930419921875,261.1163302334872,262.4930419921875,3000,0.0,0.0
2023-06-19 00:00:00+08:00,262.4930255474822,265.7053527832031,261.57521776584764,265.7053527832031,15000,0.0,0.0
2023-06-20 00:00:00+08:00,264.78753399026806,268.4587649641366,264.3286301185345,266.16424560546875,18000,0.0,0.0
2023-06-21 00:00:00+08:00,266.16424560546875,266.16424560546875,266.16424560546875,266.16424560546875,0,0.0,0.0
2023-06-26 00:00:00+08:00,265.7053417337352,266.16424560546875,265.7053417337352,266.16424560546875,2000,0.0,0.0
2023-06-27 00:00:00+08:00,265.7053582156516,265.7053582156516,262.9519348144531,262.9519348144531,10000,0.0,0.0
2023-06-28 00:00:00+08:00,261.57522042592365,264.3286437988281,261.57522042592365,264.3286437988281,2000,0.0,0.0
2023-06-29 00:00:00+08:00,265.7053527832031,265.7053527832031,264.3286411107513,265.7053527832031,5000,0.0,0.0
2023-06-30 00:00:00+08:00,265.70536387090453,265.70536387090453,265.2464599609375,265.2464599609375,5000,0.0,0.0
2023-07-03 00:00:00+08:00,266.164267985026,271.6711149088542,266.164267985026,275.34234619140625,79000,0.0,0.0
2023-07-04 00:00:00+08:00,271.21221646395594,273.047832142223,271.21221646395594,272.58892822265625,29000,0.0,0.0
2023-07-05 00:00:00+08:00,275.3423351218022,279.4724701486292,273.5067195543235,275.8012390136719,40000,0.0,0.0
2023-07-06 00:00:00+08:00,274.4245382674886,277.6368656385127,270.2944030761719,270.2944030761719,53000,0.0,0.0
2023-07-07 00:00:00+08:00,270.75328432280446,278.0957462705415,270.2943804510709,266.16424560546875,53000,0.0,0.0
2023-07-10 00:00:00+08:00,274.42453549359294,279.4724784541774,270.7533042495315,271.6711120605469,59000,0.0,0.0
2023-07-11 00:00:00+08:00,271.671092593327,274.4245158290702,271.671092593327,271.2121887207031,17000,0.0,0.0
2023-07-12 00:00:00+08:00,273.9656399813565,273.9656399813565,270.7533125443892,272.58892822265625,38000,0.0,0.0
2023-07-13 00:00:00+08:00,272.58892822265625,273.50673606178975,272.58892822265625,272.58892822265625,20000,0.0,0.0
2023-07-14 00:00:00+08:00,273.5067332921116,275.3423489517902,273.5067332921116,273.96563720703125,35000,0.0,0.0
2023-07-17 00:00:00+08:00,274.44375,274.921875,272.053125,272.53125,33000,12.0,0.0
2023-07-18 00:00:00+08:00,270.61875000000003,276.35625,270.61875000000003,274.921875,25000,0.0,0.0
2023-07-19 00:00:00+08:00,274.9218872496387,275.4000122709424,273.48751218572755,273.96563720703125,13000,0.0,0.0
2023-07-20 00:00:00+08:00,274.44376837456974,274.44376837456974,273.4875183105469,273.4875183105469,4000,0.0,0.0
2023-07-21 00:00:00+08:00,273.4875183105469,273.4875183105469,273.4875183105469,273.4875183105469,4000,0.0,0.0
2023-07-24 00:00:00+08:00,273.4875183105469,273.4875183105469,273.4875183105469,273.4875183105469,4000,0.0,0.0
2023-07-25 00:00:00+08:00,273.96563720703125,275.4000122709424,273.96563720703125,273.96563720703125,6000,0.0,0.0
2023-07-26 00:00:00+08:00,275.40001843859267,275.40001843859267,273.4875183105469,273.4875183105469,10000,0.0,0.0
2023-07-27 00:00:00+08:00,273.4875183105469,274.44376837456974,273.4875183105469,273.4875183105469,9000,0.0,0.0
2023-07-28 00:00:00+08:00,273.4875183105469,273.96564334255834,273.4875183105469,273.4875183105469,6000,0.0,0.0
2023-07-31 00:00:00+08:00,273.487506082249,274.4437561035156,273.487506082249,274.4437561035156,7000,0.0,0.0
2023-08-01 00:00:00+08:00,273.48751218572755,274.443762228335,273.48751218572755,273.96563720703125,5000,0.0,0.0
2023-08-02 00:00:00+08:00,273.9656311464226,273.9656311464226,271.09688108206217,272.0531311035156,18000,0.0,0.0
2023-08-04 00:00:00+08:00,271.575,282.09375,271.575,277.3125,30000,0.0,0.0
2023-08-07 00:00:00+08:00,277.3124938540988,277.3124938540988,275.3999938964844,275.3999938964844,8000,0.0,0.0
2023-08-08 00:00:00+08:00,275.3999938964844,275.3999938964844,273.4874939388699,275.3999938964844,14000,0.0,0.0
2023-08-09 00:00:00+08:00,274.4437561035156,274.4437561035156,274.4437561035156,274.4437561035156,10000,0.0,0.0
2023-08-10 00:00:00+08:00,273.4875183105469,273.4875183105469,272.53126824652395,273.4875183105469,15000,0.0,0.0
2023-08-11 00:00:00+08:00,273.0093871644238,273.96563720703125,271.57501210051265,273.96563720703125,24000,0.0,0.0
2023-08-14 00:00:00+08:00,276.35625614604885,278.74688119921535,274.4437561035156,274.4437561035156,26000,0.0,0.0
2023-08-15 00:00:00+08:00,274.4437561035156,275.40000612478224,274.4437561035156,274.4437561035156,12000,0.0,0.0
2023-08-16 00:00:00+08:00,274.44375,274.44375,272.53125,272.53125,9000,0.0,0.0
2023-08-17 00:00:00+08:00,272.5312621431201,274.443762228335,272.5312621431201,273.96563720703125,5000,0.0,0.0
2023-08-18 00:00:00+08:00,272.5312621431201,273.96563720703125,272.5312621431201,273.96563720703125,4000,0.0,0.0
2023-08-21 00:00:00+08:00,273.0093688964844,273.96561887510603,273.0093688964844,273.0093688964844,6000,0.0,0.0
2023-08-22 00:00:00+08:00,272.53125,272.53125,272.53125,272.53125,3000,0.0,0.0
2023-08-23 00:00:00+08:00,272.053125,272.53125,272.053125,272.53125,3000,0.0,0.0
2023-08-24 00:00:00+08:00,272.53126824652395,274.44376837456974,272.53126824652395,273.4875183105469,5000,0.0,0.0
2023-08-25 00:00:00+08:00,273.4875,273.4875,272.053125,272.53125,10000,0.0,0.0
2023-08-28 00:00:00+08:00,272.53125,272.53125,272.53125,272.53125,1000,0.0,0.0
2023-08-29 00:00:00+08:00,272.53125,272.53125,272.53125,272.53125,0,0.0,0.0
2023-08-30 00:00:00+08:00,272.53125,272.53125,272.53125,272.53125,2000,0.0,0.0
2023-08-31 00:00:00+08:00,272.53125611424235,272.53125611424235,271.5750060927889,272.0531311035156,9000,0.0,0.0
2023-09-01 00:00:00+08:00,272.0531311035156,272.53125611424235,272.0531311035156,272.0531311035156,15000,0.0,0.0
2023-09-04 00:00:00+08:00,273.48751218572755,274.443762228335,272.5312621431201,273.96563720703125,9000,0.0,0.0
2023-09-05 00:00:00+08:00,273.96564334255834,273.96564334255834,272.53126824652395,273.4875183105469,9000,0.0,0.0
2023-09-06 00:00:00+08:00,273.0093688964844,273.0093688964844,272.5312439071736,273.0093688964844,9000,0.0,0.0
2023-09-07 00:00:00+08:00,273.00936894946625,273.00936894946625,272.5312439600627,275.3999938964844,6000,0.0,0.0
2023-09-08 00:00:00+08:00,276.83438722815066,276.83438722815066,272.5312620380758,276.35626220703125,3000,0.0,0.0
2023-09-11 00:00:00+08:00,273.4874939388699,276.3562438752916,273.4874939388699,275.3999938964844,8000,0.0,0.0
2023-09-12 00:00:00+08:00,275.40000000000003,275.40000000000003,273.00937500000003,274.921875,10000,0.0,0.0
2023-09-13 00:00:00+08:00,275.4000122709424,275.4000122709424,273.48751218572755,273.96563720703125,8000,0.0,0.0
2023-09-14 00:00:00+08:00,273.965625,273.965625,272.53125,272.53125,10000,0.0,0.0
2023-09-15 00:00:00+08:00,273.00938112496914,273.00938112496914,272.0531311035156,272.0531311035156,20000,0.0,0.0
2023-09-18 00:00:00+08:00,272.053125,272.53125,272.053125,272.53125,4000,0.0,0.0
2023-09-19 00:00:00+08:00,273.0093688964844,273.0093688964844,273.0093688964844,273.0093688964844,3000,0.0,0.0
2023-09-20 00:00:00+08:00,273.0093688964844,273.0093688964844,273.0093688964844,273.0093688964844,0,0.0,0.0
2023-09-21 00:00:00+08:00,274.4437561035156,274.4437561035156,274.4437561035156,274.4437561035156,4000,0.0,0.0
2023-09-22 00:00:00+08:00,272.53126824652395,273.4875183105469,271.0968931504896,273.4875183105469,22000,0.0,0.0
2023-09-25 00:00:00+08:00,273.4875183105469,273.4875183105469,273.4875183105469,273.4875183105469,0,0.0,0.0
2023-09-26 00:00:00+08:00,274.4437439176771,274.4437439176771,273.4874939388699,275.3999938964844,3000,0.0,0.0
2023-09-27 00:00:00+08:00,273.0093688964844,273.0093688964844,273.0093688964844,273.0093688964844,2000,0.0,0.0
2023-09-28 00:00:00+08:00,273.9656189282735,273.9656189282735,273.9656189282735,275.3999938964844,1000,0.0,0.0
2023-10-02 00:00:00+08:00,273.4875183105469,274.44376837456974,272.53126824652395,273.4875183105469,9000,0.0,0.0
2023-10-03 00:00:00+08:00,273.0093688964844,273.0093688964844,272.5312439071736,273.0093688964844,6000,0.0,0.0
2023-10-04 00:00:00+08:00,272.53126824652395,273.4875183105469,272.53126824652395,273.4875183105469,4000,0.0,0.0
2023-10-05 00:00:00+08:00,273.487506082249,273.487506082249,273.487506082249,274.4437561035156,1000,0.0,0.0
2023-10-06 00:00:00+08:00,272.5312560609824,274.4437561035156,272.5312560609824,274.4437561035156,9000,0.0,0.0
2023-10-11 00:00:00+08:00,275.39999400063994,285.44061878191326,275.39999400063994,280.1812438964844,66000,0.0,0.0
2023-10-12 00:00:00+08:00,279.2250061035156,279.2250061035156,279.2250061035156,279.2250061035156,1000,0.0,0.0
2023-10-13 00:00:00+08:00,279.2249939173155,280.1812438964844,279.2249939173155,280.1812438964844,8000,0.0,0.0
2023-10-16 00:00:00+08:00,282.09375,282.09375,282.09375,282.09375,28000,0.0,0.0
2023-10-17 00:00:00+08:00,282.09375,282.09375,281.1375,282.09375,9000,0.0,0.0
2023-10-18 00:00:00+08:00,282.0937682486869,283.0500183105469,282.0937682486869,283.0500183105469,30000,0.0,0.0
2023-10-19 00:00:00+08:00,283.0500183105469,283.0500183105469,283.0500183105469,283.0500183105469,8000,0.0,0.0
2023-10-20 00:00:00+08:00,283.05000608296507,284.0062561035156,283.05000608296507,284.0062561035156,10000,0.0,0.0
2023-10-23 00:00:00+08:00,283.52814334147683,284.00626837240685,283.0500183105469,283.0500183105469,15000,0.0,0.0
2023-10-24 00:00:00+08:00,282.09375,282.09375,282.09375,282.09375,2000,0.0,0.0
2023-10-25 00:00:00+08:00,282.09375,282.57187500000003,282.09375,282.09375,4000,0.0,0.0
2023-10-26 00:00:00+08:00,280.18125000000003,280.18125000000003,279.703125,279.703125,3000,0.0,0.0
2023-10-27 00:00:00+08:00,279.225,279.225,277.3125,277.3125,9000,0.0,0.0
2023-10-30 00:00:00+08:00,275.878125,275.878125,274.44375,274.921875,12000,0.0,0.0
2023-10-31 00:00:00+08:00,274.921875,274.921875,274.921875,274.921875,1000,0.0,0.0
2023-11-01 00:00:00+08:00,274.921875,274.921875,273.965625,274.921875,16000,0.0,0.0
2023-11-02 00:00:00+08:00,276.83439337401495,276.83439337401495,275.8781433105469,275.8781433105469,4000,0.0,0.0
2023-11-03 00:00:00+08:00,275.8781433105469,275.8781433105469,275.8781433105469,275.8781433105469,0,0.0,0.0
2023-11-06 00:00:00+08:00,279.7031373548673,279.7031373548673,276.35626220703125,276.35626220703125,6000,0.0,0.0
2023-11-07 00:00:00+08:00,276.35626210233977,279.22501222796956,276.35626210233977,278.74688720703125,5000,0.0,0.0
2023-11-08 00:00:00+08:00,276.35625609297415,276.8343811035156,276.35625609297415,276.8343811035156,4000,0.0,0.0
2023-11-09 00:00:00+08:00,275.87813708140146,278.74688720703125,275.87813708140146,278.74688720703125,2000,0.0,0.0
2023-11-10 00:00:00+08:00,278.7468873126284,278.7468873126284,276.35626220703125,276.35626220703125,7000,0.0,0.0
2023-11-13 00:00:00+08:00,276.35626220703125,276.35626220703125,276.35626220703125,276.35626220703125,7000,0.0,0.0
2023-11-14 00:00:00+08:00,276.35626210233977,276.35626210233977,276.35626210233977,278.74688720703125,32000,0.0,0.0
2023-11-15 00:00:00+08:00,276.3562683422809,277.7906434374831,275.4000182788128,275.8781433105469,46000,0.0,0.0
2023-11-16 00:00:00+08:00,275.8781433105469,275.8781433105469,275.8781433105469,275.8781433105469,2000,0.0,0.0
2023-11-17 00:00:00+08:00,276.3562439279999,277.7906188964844,276.3562439279999,277.7906188964844,33000,0.0,0.0
2023-11-20 00:00:00+08:00,278.2687560826132,279.7031311139669,278.2687560826132,279.2250061035156,16000,0.0,0.0
2023-11-21 00:00:00+08:00,279.225,280.18125000000003,279.225,279.703125,9000,0.0,0.0
2023-11-22 00:00:00+08:00,279.703125,282.09375,279.225,282.09375,11000,0.0,0.0
2023-11-23 00:00:00+08:00,282.09376224855174,282.09376224855174,281.13751220703125,281.13751220703125,10000,0.0,0.0
2023-11-24 00:00:00+08:00,281.1375,281.1375,279.703125,279.703125,6000,0.0,0.0
2023-11-27 00:00:00+08:00,279.703125,279.703125,279.703125,279.703125,2000,0.0,0.0
2023-11-28 00:00:00+08:00,279.703125,279.703125,279.703125,279.703125,26000,0.0,0.0
2023-11-29 00:00:00+08:00,278.746875,281.1375,278.746875,279.703125,8000,0.0,0.0
2023-11-30 00:00:00+08:00,279.7031311139669,279.7031311139669,279.2250061035156,279.2250061035156,14000,0.0,0.0
2023-12-01 00:00:00+08:00,278.74688720703125,278.74688720703125,278.74688720703125,278.74688720703125,2000,0.0,0.0
2023-12-04 00:00:00+08:00,280.6593872907845,280.6593872907845,278.74688720703125,278.74688720703125,5000,0.0,0.0
2023-12-05 00:00:00+08:00,279.2250061035156,279.2250061035156,279.2250061035156,279.2250061035156,1000,0.0,0.0
2023-12-06 00:00:00+08:00,278.7468810930644,279.2250061035156,275.87813103035705,279.2250061035156,8000,0.0,0.0
2023-12-07 00:00:00+08:00,278.2687683105469,278.2687683105469,277.31251824762404,278.2687683105469,3000,0.0,0.0
2023-12-08 00:00:00+08:00,278.2687683105469,278.2687683105469,278.2687683105469,278.2687683105469,1000,0.0,0.0
2023-12-11 00:00:00+08:00,277.79062500000003,280.18125000000003,276.834375,277.3125,9000,0.0,0.0
2023-12-12 00:00:00+08:00,277.3125122492701,277.3125122492701,276.35626220703125,276.35626220703125,10000,0.0,0.0
2023-12-13 00:00:00+08:00,276.35626220703125,276.35626220703125,276.35626220703125,276.35626220703125,0,0.0,0.0
2023-12-14 00:00:00+08:00,277.3125,278.26875,277.3125,277.3125,5000,0.0,0.0
2023-12-15 00:00:00+08:00,277.7906188964844,278.2687438859792,277.7906188964844,277.7906188964844,14000,0.0,0.0
2023-12-18 00:00:00+08:00,277.7906432790855,278.2687683105469,277.7906432790855,278.2687683105469,15000,0.0,0.0
2023-12-19 00:00:00+08:00,278.2687683105469,278.2687683105469,278.2687683105469,278.2687683105469,4000,0.0,0.0
2023-12-20 00:00:00+08:00,278.2687560826132,279.2250061035156,278.2687560826132,279.2250061035156,3000,0.0,0.0
2023-12-21 00:00:00+08:00,278.74688720703125,278.74688720703125,278.74688720703125,278.74688720703125,1000,0.0,0.0
2023-12-22 00:00:00+08:00,279.70313724890786,279.70313724890786,278.74688720703125,278.74688720703125,4000,0.0,0.0
2023-12-25 00:00:00+08:00,278.74688720703125,279.22501222796956,278.74688720703125,278.74688720703125,5000,0.0,0.0
2023-12-26 00:00:00+08:00,278.74688720703125,278.74688720703125,278.26876218609294,278.74688720703125,14000,0.0,0.0
2023-12-27 00:00:00+08:00,279.22501222796956,279.22501222796956,278.26876218609294,278.74688720703125,26000,0.0,0.0
2023-12-28 00:00:00+08:00,281.1375123117228,281.1375123117228,278.74688720703125,278.74688720703125,3000,0.0,0.0
2023-12-29 00:00:00+08:00,278.74688720703125,278.74688720703125,278.74688720703125,278.74688720703125,2000,0.0,0.0
2024-01-02 00:00:00+08:00,279.22501222796956,279.22501222796956,278.74688720703125,278.74688720703125,5000,0.0,0.0
2024-01-03 00:00:00+08:00,278.7468810930644,279.2250061035156,278.7468810930644,279.2250061035156,9000,0.0,0.0
2024-01-04 00:00:00+08:00,279.2250061035156,279.2250061035156,279.2250061035156,279.2250061035156,1000,0.0,0.0
2024-01-05 00:00:00+08:00,279.2250061035156,279.2250061035156,279.2250061035156,279.2250061035156,7000,0.0,0.0
2024-01-08 00:00:00+08:00,279.225,279.703125,279.225,279.703125,3000,0.0,0.0
2024-01-09 00:00:00+08:00,279.703125,280.659375,279.703125,279.703125,11000,0.0,0.0
2024-01-10 00:00:00+08:00,280.1812438964844,280.1812438964844,280.1812438964844,280.1812438964844,2000,0.0,0.0
2024-01-11 00:00:00+08:00,281.13751220703125,281.13751220703125,281.13751220703125,281.13751220703125,1000,0.0,0.0
2024-01-12 00:00:00+08:00,281.6156311035156,282.09375611387816,281.6156311035156,281.6156311035156,11000,0.0,0.0
2024-01-15 00:00:00+08:00,283.0499939374476,285.9187438760028,283.0499939374476,284.9624938964844,6401,0.0,0.0
2024-01-16 00:00:00+08:00,282.57186894768836,284.9624938964844,282.57186894768836,284.9624938964844,2000,0.0,0.0
2024-01-17 00:00:00+08:00,285.91875614461674,285.91875614461674,283.05000608296507,284.0062561035156,9000,0.0,0.0
2024-01-18 00:00:00+08:00,283.0499938861569,283.0499938861569,282.5718688964844,282.5718688964844,9000,0.0,0.0
2024-01-19 00:00:00+08:00,282.09375611387816,282.09375611387816,280.6593810827906,281.6156311035156,6000,0.0,0.0
2024-01-22 00:00:00+08:00,281.13751220703125,281.13751220703125,281.13751220703125,281.13751220703125,1000,0.0,0.0
2024-01-23 00:00:00+08:00,281.13751220703125,281.13751220703125,281.13751220703125,281.13751220703125,2000,0.0,0.0
2024-01-24 00:00:00+08:00,282.09375,282.09375,282.09375,282.09375,1000,0.0,0.0
2024-01-25 00:00:00+08:00,280.659375,282.09375,280.18125000000003,282.09375,5000,0.0,0.0
2024-01-26 00:00:00+08:00,280.18126827935345,280.6593933105469,280.18126827935345,280.6593933105469,5000,0.0,0.0
2024-01-29 00:00:00+08:00,284.48438735235305,284.48438735235305,281.13751220703125,281.13751220703125,5000,0.0,0.0
2024-01-30 00:00:00+08:00,281.13751220703125,281.13751220703125,281.13751220703125,281.13751220703125,0,0.0,0.0
2024-01-31 00:00:00+08:00,280.18126827935345,281.1375183417403,280.18126827935345,280.6593933105469,4000,0.0,0.0
2024-02-01 00:00:00+08:00,280.65939315589696,283.0500183105469,280.65939315589696,283.0500183105469,5000,0.0,0.0
2024-02-02 00:00:00+08:00,281.13750609315315,283.05000613460317,281.13750609315315,281.6156311035156,5000,0.0,0.0
2024-02-05 00:00:00+08:00,281.615625,282.09375,281.615625,282.09375,6000,0.0,0.0
2024-02-15 00:00:00+08:00,287.8312438350396,287.8312438350396,283.5281189272068,284.9624938964844,25000,0.0,0.0
2024-02-16 00:00:00+08:00,284.484368957418,288.78749386601754,284.484368957418,287.3531188964844,27000,0.0,0.0
2024-02-19 00:00:00+08:00,287.35312500000003,288.309375,286.875,286.875,17000,0.0,0.0
2024-02-20 00:00:00+08:00,286.8750061137051,286.8750061137051,286.8750061137051,286.3968811035156,3000,0.0,0.0
2024-02-21 00:00:00+08:00,286.875,286.875,286.396875,286.875,10000,0.0,0.0
2024-02-22 00:00:00+08:00,286.8750061137051,286.8750061137051,286.3968811035156,286.3968811035156,6000,0.0,0.0
2024-02-23 00:00:00+08:00,286.3968811035156,286.3968811035156,285.9187560933261,286.3968811035156,3000,0.0,0.0
2024-02-26 00:00:00+08:00,286.396875,287.83125,286.396875,286.875,7000,0.0,0.0
2024-02-27 00:00:00+08:00,286.3968933718888,286.3968933718888,285.4406433105469,285.4406433105469,11000,0.0,0.0
2024-02-29 00:00:00+08:00,286.8750061137051,286.8750061137051,286.3968811035156,286.3968811035156,7000,0.0,0.0
2024-03-01 00:00:00+08:00,286.39689384539105,286.87501887685244,286.39689384539105,278.2687683105469,7000,0.0,0.0
2024-03-04 00:00:00+08:00,286.875006063095,289.26563111362077,286.875006063095,288.7875061035156,11000,0.0,0.0
2024-03-05 00:00:00+08:00,289.7437438964844,289.7437438964844,288.78749391662797,289.7437438964844,17000,0.0,0.0
2024-03-06 00:00:00+08:00,288.7875,289.265625,288.7875,289.265625,4000,0.0,0.0
2024-03-07 00:00:00+08:00,292.6125,296.4375,292.6125,294.046875,40000,0.0,0.0
2024-03-08 00:00:00+08:00,297.39374383703455,299.784368787493,293.568743916301,294.5249938964844,36000,0.0,0.0
2024-03-11 00:00:00+08:00,294.5250060739348,295.9593811035156,294.5250060739348,295.9593811035156,5000,0.0,0.0
2024-03-12 00:00:00+08:00,296.4375060643905,298.3500061035156,296.4375060643905,298.3500061035156,5000,0.0,0.0
2024-03-13 00:00:00+08:00,296.4375122465362,296.4375122465362,295.48126220703125,295.48126220703125,8000,0.0,0.0
2024-03-14 00:00:00+08:00,295.48126220703125,295.48126220703125,295.48126220703125,295.48126220703125,0,0.0,0.0
2024-03-15 00:00:00+08:00,296.4374938568512,296.4374938568512,294.5249938964844,294.5249938964844,11000,0.0,0.0
2024-03-18 00:00:00+08:00,294.04688724685843,294.525012266772,292.61251218711766,293.09063720703125,17000,0.0,0.0
2024-03-19 00:00:00+08:00,292.6125,294.046875,292.6125,294.046875,9000,0.0,0.0
2024-03-20 00:00:00+08:00,293.0906433404661,293.0906433404661,292.6125183105469,292.6125183105469,3000,0.0,0.0
2024-03-21 00:00:00+08:00,295.0031372866856,295.0031372866856,293.09063720703125,293.09063720703125,4000,0.0,0.0
2024-03-22 00:00:00+08:00,293.09063720703125,293.09063720703125,293.09063720703125,293.09063720703125,0,0.0,0.0
2024-03-25 00:00:00+08:00,294.04689340030444,294.04689340030444,291.6562682507085,292.6125183105469,12000,0.0,0.0
2024-03-26 00:00:00+08:00,292.6125183105469,292.6125183105469,292.6125183105469,292.6125183105469,0,0.0,0.0
2024-03-27 00:00:00+08:00,291.1781432207893,292.6125183105469,289.74376813103174,292.6125183105469,6000,0.0,0.0
2024-03-28 00:00:00+08:00,291.65626224718596,291.65626224718596,290.2218871869539,290.70001220703125,8000,0.0,0.0
2024-03-29 00:00:00+08:00,290.7,291.65625,290.7,291.65625,6000,0.0,0.0
2024-04-01 00:00:00+08:00,291.65626224718596,291.65626224718596,290.70001220703125,290.70001220703125,4000,0.0,0.0
2024-04-02 00:00:00+08:00,290.70001220703125,290.70001220703125,290.70001220703125,290.70001220703125,5000,0.0,0.0
2024-04-03 00:00:00+08:00,291.65626224718596,291.65626224718596,289.74376216687654,290.70001220703125,10000,0.0,0.0
2024-04-08 00:00:00+08:00,290.6999939264525,292.1343688964844,290.6999939264525,292.1343688964844,6000,0.0,0.0
2024-04-09 00:00:00+08:00,290.7000060934934,292.13438112356,290.7000060934934,291.1781311035156,6000,0.0,0.0
2024-04-10 00:00:00+08:00,291.1781311035156,291.65625611353784,291.1781311035156,291.1781311035156,11000,0.0,0.0
2024-04-11 00:00:00+08:00,291.1781372271086,291.1781372271086,290.70001220703125,290.70001220703125,18000,0.0,0.0
2024-04-12 00:00:00+08:00,291.178125,291.65625,291.178125,291.65625,8000,0.0,0.0
2024-04-15 00:00:00+08:00,300.7406375256487,300.7406375256487,291.6562621472905,293.09063720703125,14000,0.0,0.0
2024-04-16 00:00:00+08:00,290.2218871869539,290.70001220703125,289.2656371467992,290.70001220703125,13000,0.0,0.0
2024-04-17 00:00:00+08:00,290.6999938763407,291.65624385619714,289.7437438964844,289.7437438964844,7000,0.0,0.0
2024-04-18 00:00:00+08:00,289.7437438964844,290.6999938763407,289.7437438964844,289.7437438964844,8000,0.0,0.0
2024-04-19 00:00:00+08:00,289.265618855862,289.265618855862,286.39686891679554,287.3531188964844,32000,0.0,0.0
2024-04-22 00:00:00+08:00,286.396875,286.875,284.96250000000003,286.875,17000,0.0,0.0
2024-04-23 00:00:00+08:00,286.875,286.875,286.875,286.875,2000,0.0,0.0
2024-04-24 00:00:00+08:00,287.8312683105469,288.78751837137924,287.8312683105469,287.8312683105469,11000,0.0,0.0
2024-04-25 00:00:00+08:00,287.3531371665436,288.30938720703125,286.3968871260559,288.30938720703125,7000,0.0,0.0
2024-04-26 00:00:00+08:00,286.875,287.35312500000003,286.875,286.875,9000,0.0,0.0
2024-04-29 00:00:00+08:00,287.35314328013067,287.8312683105469,287.35314328013067,287.8312683105469,6000,0.0,0.0
2024-04-30 00:00:00+08:00,287.35312500000003,287.35312500000003,286.875,286.875,5000,0.0,0.0
2024-05-02 00:00:00+08:00,286.875,286.875,286.875,286.875,11000,0.0,0.0
2024-05-03 00:00:00+08:00,287.3531188964844,287.83124388632876,287.3531188964844,287.3531188964844,4000,0.0,0.0
2024-05-06 00:00:00+08:00,287.83125603336026,292.13438112356,287.83125603336026,291.1781311035156,15000,0.0,0.0
2024-05-07 00:00:00+08:00,290.221875,290.221875,288.7875,289.265625,12000,0.0,0.0
2024-05-08 00:00:00+08:00,288.78751837137924,288.78751837137924,288.78751837137924,287.8312683105469,1000,0.0,0.0
2024-05-09 00:00:00+08:00,289.74375000000003,290.221875,289.265625,289.265625,6000,0.0,0.0
2024-05-10 00:00:00+08:00,289.2656371467992,291.65626224718596,289.2656371467992,290.70001220703125,6000,0.0,0.0
2024-05-13 00:00:00+08:00,292.1343932806277,295.48126849006206,291.6562682507085,292.6125183105469,31000,0.0,0.0
2024-05-14 00:00:00+08:00,292.61249383605355,292.61249383605355,292.1343688461253,289.7437438964844,8000,0.0,0.0
2024-05-15 00:00:00+08:00,294.52501216752626,299.30626236505105,294.52501216752626,295.48126220703125,24000,0.0,0.0
2024-05-16 00:00:00+08:00,298.828125,299.30625000000003,296.91562500000003,291.65625,8000,0.0,0.0
2024-05-17 00:00:00+08:00,300.26251819465733,302.1750183105469,300.26251819465733,302.1750183105469,29000,0.0,0.0
2024-05-20 00:00:00+08:00,301.69687500000003,302.175,301.21875,301.21875,12000,0.0,0.0
2024-05-21 00:00:00+08:00,300.26251220703125,300.26251220703125,299.78438718759327,300.26251220703125,6000,0.0,0.0
2024-05-22 00:00:00+08:00,300.7406311035156,300.7406311035156,300.7406311035156,300.7406311035156,2000,0.0,0.0
2024-05-23 00:00:00+08:00,300.2624938769843,301.21874385748424,299.3062438964844,299.3062438964844,7000,0.0,0.0
2024-05-24 00:00:00+08:00,298.828125,298.828125,298.828125,298.828125,3000,0.0,0.0
2024-05-27 00:00:00+08:00,299.3062561230782,299.3062561230782,298.3500061035156,298.3500061035156,6000,0.0,0.0
2024-05-28 00:00:00+08:00,295.95938712865546,297.87188720703125,295.95938712865546,297.87188720703125,2000,0.0,0.0
2024-05-29 00:00:00+08:00,295.48125609365536,295.9593811035156,295.48125609365536,295.9593811035156,2000,0.0,0.0
2024-05-30 00:00:00+08:00,295.959375,297.871875,295.959375,296.4375,12000,0.0,0.0
2024-05-31 00:00:00+08:00,295.48125,296.4375,295.48125,296.4375,2000,0.0,0.0
2024-06-03 00:00:00+08:00,298.35001836942325,298.35001836942325,297.3937683105469,297.3937683105469,2000,0.0,0.0
2024-06-04 00:00:00+08:00,296.9156188964844,297.39374388665584,296.9156188964844,296.9156188964844,8000,0.0,0.0
2024-06-05 00:00:00+08:00,296.9156432811087,298.35001836942325,296.9156432811087,297.3937683105469,8000,0.0,0.0
2024-06-06 00:00:00+08:00,296.9156432811087,298.35001836942325,296.9156432811087,297.3937683105469,8000,0.0,0.0
2024-06-07 00:00:00+08:00,298.35,299.30625000000003,298.35,298.828125,12000,0.0,0.0
2024-06-11 00:00:00+08:00,298.3500061035156,298.8281311132969,298.3500061035156,298.3500061035156,11000,0.0,0.0
2024-06-12 00:00:00+08:00,299.3062561230782,299.3062561230782,298.3500061035156,298.3500061035156,2000,0.0,0.0
2024-06-13 00:00:00+08:00,298.35001212927943,300.26251220703125,298.35001212927943,300.26251220703125,3000,0.0,0.0
2024-06-14 00:00:00+08:00,300.26251819465733,304.0875184264364,300.26251819465733,302.1750183105469,12000,0.0,0.0
2024-06-17 00:00:00+08:00,302.1750183105469,302.1750183105469,300.26251819465733,302.1750183105469,14000,0.0,0.0
2024-06-18 00:00:00+08:00,302.17500608426167,303.60938111314266,302.17500608426167,303.1312561035156,14000,0.0,0.0
2024-06-19 00:00:00+08:00,302.65313720703125,303.13126222631564,302.65313720703125,302.65313720703125,7000,0.0,0.0
2024-06-20 00:00:00+08:00,303.1312561035156,303.1312561035156,302.65313109388865,303.1312561035156,4000,0.0,0.0
2024-06-21 00:00:00+08:00,302.653125,303.609375,302.653125,303.609375,7000,0.0,0.0
2024-06-24 00:00:00+08:00,303.13125,303.609375,303.13125,303.609375,12000,0.0,0.0
2024-06-25 00:00:00+08:00,303.1312561035156,303.1312561035156,303.1312561035156,303.1312561035156,3000,0.0,0.0
2024-06-26 00:00:00+08:00,303.609375,304.08750000000003,303.609375,303.609375,11000,0.0,0.0
2024-06-27 00:00:00+08:00,305.5218811035156,305.5218811035156,305.5218811035156,305.5218811035156,4000,0.0,0.0
2024-06-28 00:00:00+08:00,305.52188722616455,306.0000122452978,305.04376220703125,305.04376220703125,4000,0.0,0.0
2024-07-01 00:00:00+08:00,305.5218933680368,306.0000183967818,304.5656433105469,304.5656433105469,9000,0.0,0.0
2024-07-02 00:00:00+08:00,304.565625,304.565625,303.609375,303.609375,12000,0.0,0.0
2024-07-03 00:00:00+08:00,304.0874938964844,304.0874938964844,302.65311892527455,304.0874938964844,9000,0.0,0.0
2024-07-04 00:00:00+08:00,303.13126222631564,304.0875122648845,302.65313720703125,302.65313720703125,10000,0.0,0.0
2024-07-05 00:00:00+08:00,302.65313720703125,302.65313720703125,302.1750121877468,302.65313720703125,8000,0.0,0.0
2024-07-08 00:00:00+08:00,302.65313720703125,302.65313720703125,302.65313720703125,302.65313720703125,14000,0.0,0.0
2024-07-09 00:00:00+08:00,302.65311892527455,304.56561888688765,302.65311892527455,304.0874938964844,7000,0.0,0.0
2024-07-10 00:00:00+08:00,304.08750000000003,306.0,303.13125,306.0,27000,0.0,0.0
2024-07-11 00:00:00+08:00,305.52189322498356,306.9562683105469,305.52189322498356,306.9562683105469,16000,0.0,0.0
2024-07-12 00:00:00+08:00,309.8250184816735,309.8250184816735,306.9562683105469,306.9562683105469,25000,0.0,0.0
2024-07-15 00:00:00+08:00,306.95625,306.95625,304.565625,306.0,37000,0.0,0.0
2024-07-16 00:00:00+08:00,306.0,312.0,305.0,307.5,22000,14.0,0.0
2024-07-17 00:00:00+08:00,308.5,312.0,308.5,312.0,15000,0.0,0.0
2024-07-18 00:00:00+08:00,310.0,310.0,310.0,310.0,7000,0.0,0.0
2024-07-19 00:00:00+08:00,308.0,308.0,308.0,308.0,5000,0.0,0.0
2024-07-22 00:00:00+08:00,306.0,307.0,305.5,307.0,10000,0.0,0.0
2024-07-23 00:00:00+08:00,307.0,307.0,307.0,307.0,3000,0.0,0.0
2024-07-26 00:00:00+08:00,305.5,306.5,305.5,306.5,2000,0.0,0.0
2024-07-29 00:00:00+08:00,307.0,307.5,307.0,307.5,7000,0.0,0.0
2024-07-30 00:00:00+08:00,307.0,313.5,306.0,312.5,19000,0.0,0.0
2024-07-31 00:00:00+08:00,312.0,314.0,312.0,314.0,9000,0.0,0.0
2024-08-01 00:00:00+08:00,310.0,314.0,310.0,314.0,9000,0.0,0.0
2024-08-02 00:00:00+08:00,314.0,314.0,311.0,311.0,7000,0.0,0.0
2024-08-05 00:00:00+08:00,306.5,311.5,300.5,300.5,27000,0.0,0.0
2024-08-06 00:00:00+08:00,303.5,305.0,301.0,304.5,14000,0.0,0.0
2024-08-07 00:00:00+08:00,304.5,306.0,303.5,306.0,8000,0.0,0.0
2024-08-08 00:00:00+08:00,306.5,309.5,306.5,309.5,4000,0.0,0.0
2024-08-09 00:00:00+08:00,313.0,315.0,313.0,314.0,5000,0.0,0.0
2024-08-12 00:00:00+08:00,314.5,317.0,314.0,317.0,13000,0.0,0.0
2024-08-13 00:00:00+08:00,317.5,320.0,317.0,318.0,20000,0.0,0.0
2024-08-14 00:00:00+08:00,320.0,320.0,315.0,319.0,18000,0.0,0.0
2024-08-15 00:00:00+08:00,320.0,320.0,317.0,317.0,7000,0.0,0.0
2024-08-16 00:00:00+08:00,318.0,318.0,317.5,317.5,3000,0.0,0.0
2024-08-19 00:00:00+08:00,317.5,318.0,317.5,318.0,21000,0.0,0.0
2024-08-20 00:00:00+08:00,319.5,319.5,317.0,318.0,7000,0.0,0.0
2024-08-21 00:00:00+08:00,319.0,320.0,315.0,316.0,30000,0.0,0.0
2024-08-22 00:00:00+08:00,316.0,318.0,316.0,318.0,2000,0.0,0.0
2024-08-23 00:00:00+08:00,319.0,319.0,318.0,318.0,5000,0.0,0.0
2024-08-26 00:00:00+08:00,319.5,319.5,318.5,318.5,4000,0.0,0.0
2024-08-27 00:00:00+08:00,317.5,317.5,317.5,317.5,2000,0.0,0.0
2024-08-28 00:00:00+08:00,316.5,319.0,316.5,318.5,7000,0.0,0.0
2024-08-29 00:00:00+08:00,319.0,319.5,319.0,319.0,5000,0.0,0.0
2024-08-30 00:00:00+08:00,319.0,319.5,319.0,319.5,4000,0.0,0.0
2024-09-02 00:00:00+08:00,315.0,319.5,315.0,319.5,5000,0.0,0.0
2024-09-03 00:00:00+08:00,319.5,319.5,319.5,319.5,4000,0.0,0.0
2024-09-04 00:00:00+08:00,317.0,319.0,316.5,316.5,8000,0.0,0.0
2024-09-05 00:00:00+08:00,319.5,319.5,316.5,317.0,15000,0.0,0.0
2024-09-06 00:00:00+08:00,317.0,317.5,316.5,317.5,10000,0.0,0.0
2024-09-09 00:00:00+08:00,319.5,319.5,314.0,316.0,22000,0.0,0.0
2024-09-10 00:00:00+08:00,316.0,316.0,316.0,316.0,0,0.0,0.0
2024-09-11 00:00:00+08:00,315.0,318.0,314.5,318.0,7000,0.0,0.0
2024-09-12 00:00:00+08:00,318.0,318.0,316.5,317.5,9000,0.0,0.0
2024-09-13 00:00:00+08:00,317.5,317.5,316.5,316.5,5000,0.0,0.0
2024-09-16 00:00:00+08:00,315.5,315.5,314.5,315.0,13000,0.0,0.0
2024-09-18 00:00:00+08:00,317.5,317.5,317.5,317.5,1000,0.0,0.0
2024-09-19 00:00:00+08:00,315.5,316.5,315.0,316.0,10000,0.0,0.0
2024-09-20 00:00:00+08:00,315.5,315.5,314.5,315.0,3000,0.0,0.0
