Date,Open,High,Low,Close,Volume,Dividends,Stock Splits
2007-12-31 00:00:00+08:00,174.3858642578125,177.79183959960938,171.6610870361328,175.0670623779297,62683,0.0,0.0
2008-01-02 00:00:00+08:00,174.3858642578125,179.83541870117188,173.0234832763672,173.0234832763672,51820,0.0,0.0
2008-01-03 00:00:00+08:00,167.57391357421875,172.34228515625,166.89271545410156,170.97988891601562,30167,0.0,0.0
2008-01-04 00:00:00+08:00,170.97988891601562,175.74826049804688,170.97988891601562,173.7046661376953,28919,0.0,0.0
2008-01-07 00:00:00+08:00,170.29869079589844,175.74826049804688,170.29869079589844,170.97988891601562,51747,0.0,0.0
2008-01-08 00:00:00+08:00,174.3858642578125,174.3858642578125,168.93630981445312,170.29869079589844,34424,0.0,0.0
2008-01-09 00:00:00+08:00,168.93630981445312,173.0234832763672,167.57391357421875,170.97988891601562,36186,0.0,0.0
2008-01-10 00:00:00+08:00,174.3858642578125,181.87901306152344,174.3858642578125,180.51661682128906,91970,0.0,0.0
2008-01-11 00:00:00+08:00,181.19781494140625,181.19781494140625,175.74826049804688,177.79183959960938,127423,0.0,0.0
2008-01-14 00:00:00+08:00,190.0533447265625,190.0533447265625,165.53033447265625,167.57391357421875,169628,0.0,0.0
2008-01-15 00:00:00+08:00,167.57391357421875,171.6610870361328,163.48675537109375,166.21153259277344,133075,0.0,0.0
2008-01-16 00:00:00+08:00,160.08078002929688,164.84913635253906,154.63121032714844,154.63121032714844,110174,0.0,0.0
2008-01-17 00:00:00+08:00,154.63121032714844,161.4431610107422,152.58763122558594,153.26882934570312,46609,0.0,0.0
2008-01-18 00:00:00+08:00,149.86285400390625,153.9500274658203,149.86285400390625,152.58763122558594,41397,0.0,0.0
2008-01-21 00:00:00+08:00,152.58763122558594,152.58763122558594,142.3697052001953,145.094482421875,49545,0.0,0.0
2008-01-22 00:00:00+08:00,137.60134887695312,137.60134887695312,135.01280212402344,135.01280212402344,86245,0.0,0.0
2008-01-23 00:00:00+08:00,125.61231994628906,128.0646209716797,125.61231994628906,125.61231994628906,72519,0.0,0.0
2008-01-24 00:00:00+08:00,126.15727233886719,129.42701721191406,116.89302825927734,116.89302825927734,65840,0.0,0.0
2008-01-25 00:00:00+08:00,113.07833862304688,119.4815673828125,113.07833862304688,117.43798065185547,47930,0.0,0.0
2008-01-28 00:00:00+08:00,117.1655044555664,117.1655044555664,114.44072723388672,115.66687774658203,25910,0.0,0.0
2008-01-29 00:00:00+08:00,115.66687774658203,115.66687774658203,107.62877655029297,110.35355377197266,57105,0.0,0.0
2008-01-30 00:00:00+08:00,110.35355377197266,110.35355377197266,102.72417449951172,107.49253845214844,54536,0.0,0.0
2008-01-31 00:00:00+08:00,107.3563003540039,108.85492706298828,99.99939727783203,100.81682586669922,64885,0.0,0.0
2008-02-01 00:00:00+08:00,102.04297637939453,102.17921447753906,94.68607330322266,101.4980239868164,71712,0.0,0.0
2008-02-12 00:00:00+08:00,98.09204864501953,108.58245086669922,95.36727142333984,108.58245086669922,50426,0.0,0.0
2008-02-13 00:00:00+08:00,111.7159423828125,116.07559204101562,111.7159423828125,116.07559204101562,84630,0.0,0.0
2008-02-14 00:00:00+08:00,123.97745513916016,124.11369323730469,118.52789306640625,124.11369323730469,67822,0.0,0.0
2008-02-15 00:00:00+08:00,123.56873321533203,129.42701721191406,117.30174255371094,125.47608184814453,43893,0.0,0.0
2008-02-18 00:00:00+08:00,126.70223236083984,128.33709716796875,122.75130462646484,124.24993133544922,51820,0.0,0.0
2008-02-19 00:00:00+08:00,123.97745513916016,125.33984375,121.25267028808594,121.93386840820312,41397,0.0,0.0
2008-02-20 00:00:00+08:00,119.8902816772461,125.7485580444336,119.8902816772461,122.61505889892578,33250,0.0,0.0
2008-02-21 00:00:00+08:00,124.52240753173828,125.33984375,123.29625701904297,123.29625701904297,24735,0.0,0.0
2008-02-22 00:00:00+08:00,123.29625701904297,123.29625701904297,119.8902816772461,121.38890838623047,32296,0.0,0.0
2008-02-25 00:00:00+08:00,128.0646209716797,129.83572387695312,127.79214477539062,129.83572387695312,40737,0.0,0.0
2008-02-26 00:00:00+08:00,138.2825469970703,138.2825469970703,138.2825469970703,138.2825469970703,21579,0.0,0.0
2008-02-27 00:00:00+08:00,147.81927490234375,147.81927490234375,147.81927490234375,147.81927490234375,18937,0.0,0.0
2008-02-29 00:00:00+08:00,158.0371856689453,158.0371856689453,143.0509033203125,158.0371856689453,250001,0.0,0.0
2008-03-03 00:00:00+08:00,151.22525024414062,166.21153259277344,151.22525024414062,166.21153259277344,144892,0.0,0.0
2008-03-04 00:00:00+08:00,167.57391357421875,167.57391357421875,160.761962890625,166.21153259277344,81327,0.0,0.0
2008-03-05 00:00:00+08:00,163.48675537109375,170.29869079589844,161.4431610107422,164.84913635253906,71271,0.0,0.0
2008-03-06 00:00:00+08:00,164.84913635253906,170.29869079589844,163.48675537109375,165.53033447265625,62390,0.0,0.0
2008-03-07 00:00:00+08:00,166.21153259277344,167.57391357421875,163.48675537109375,163.48675537109375,51453,0.0,0.0
2008-03-10 00:00:00+08:00,163.48675537109375,164.84913635253906,158.0371856689453,158.0371856689453,58059,0.0,0.0
2008-03-11 00:00:00+08:00,149.86285400390625,156.6748046875,149.86285400390625,151.22525024414062,55931,0.0,0.0
2008-03-12 00:00:00+08:00,158.7183837890625,158.7183837890625,152.58763122558594,152.58763122558594,37287,0.0,0.0
2008-03-13 00:00:00+08:00,152.58763122558594,158.0371856689453,151.22525024414062,153.26882934570312,64225,0.0,0.0
2008-03-14 00:00:00+08:00,153.26882934570312,156.6748046875,151.22525024414062,151.90643310546875,57325,0.0,0.0
2008-03-17 00:00:00+08:00,152.58763122558594,162.12435913085938,149.86285400390625,162.12435913085938,130579,0.0,0.0
2008-03-18 00:00:00+08:00,168.93630981445312,173.0234832763672,162.12435913085938,173.0234832763672,204200,0.0,0.0
2008-03-19 00:00:00+08:00,173.0234832763672,177.1106414794922,163.48675537109375,163.48675537109375,187097,0.0,0.0
2008-03-20 00:00:00+08:00,163.48675537109375,167.57391357421875,163.48675537109375,166.21153259277344,108706,0.0,0.0
2008-03-21 00:00:00+08:00,167.57391357421875,170.29869079589844,159.3995819091797,160.761962890625,178950,0.0,0.0
2008-03-24 00:00:00+08:00,171.6610870361328,171.6610870361328,156.6748046875,158.7183837890625,300721,0.0,0.0
2008-03-25 00:00:00+08:00,158.7183837890625,158.7183837890625,147.81927490234375,147.81927490234375,171243,0.0,0.0
2008-03-26 00:00:00+08:00,147.81927490234375,148.50045776367188,137.60134887695312,137.60134887695312,163609,0.0,0.0
2008-03-27 00:00:00+08:00,137.60134887695312,139.64492797851562,133.51417541503906,134.87657165527344,95200,0.0,0.0
2008-03-28 00:00:00+08:00,138.96372985839844,143.7321014404297,134.87657165527344,143.7321014404297,110320,0.0,0.0
2008-03-31 00:00:00+08:00,144.41329956054688,148.50045776367188,144.41329956054688,144.41329956054688,82208,0.0,0.0
2008-04-01 00:00:00+08:00,145.7756805419922,147.13807678222656,139.64492797851562,139.64492797851562,54389,0.0,0.0
2008-04-02 00:00:00+08:00,139.64492797851562,144.41329956054688,139.64492797851562,140.3261260986328,44040,0.0,0.0
2008-04-03 00:00:00+08:00,140.3261260986328,143.0509033203125,138.96372985839844,138.96372985839844,50279,0.0,0.0
2008-04-07 00:00:00+08:00,138.96372985839844,143.0509033203125,137.60134887695312,139.64492797851562,48884,0.0,0.0
2008-04-08 00:00:00+08:00,138.2825469970703,149.18165588378906,138.2825469970703,149.18165588378906,134176,0.0,0.0
2008-04-09 00:00:00+08:00,149.18165588378906,150.54405212402344,143.7321014404297,144.41329956054688,82428,0.0,0.0
2008-04-10 00:00:00+08:00,144.41329956054688,147.13807678222656,143.0509033203125,144.41329956054688,42865,0.0,0.0
2008-04-11 00:00:00+08:00,144.41329956054688,147.13807678222656,140.3261260986328,140.3261260986328,89034,0.0,0.0
2008-04-14 00:00:00+08:00,136.23895263671875,143.7321014404297,136.23895263671875,140.3261260986328,44260,0.0,0.0
2008-04-15 00:00:00+08:00,141.00732421875,143.0509033203125,140.3261260986328,142.3697052001953,34131,0.0,0.0
2008-04-16 00:00:00+08:00,142.3697052001953,143.7321014404297,138.96372985839844,141.00732421875,30607,0.0,0.0
2008-04-17 00:00:00+08:00,141.6885223388672,143.0509033203125,141.00732421875,141.6885223388672,43232,0.0,0.0
2008-04-18 00:00:00+08:00,144.41329956054688,144.41329956054688,139.64492797851562,141.6885223388672,42352,0.0,0.0
2008-04-21 00:00:00+08:00,140.3261260986328,143.7321014404297,138.96372985839844,138.96372985839844,48003,0.0,0.0
2008-04-22 00:00:00+08:00,138.96372985839844,145.7756805419922,137.60134887695312,143.0509033203125,57105,0.0,0.0
2008-04-23 00:00:00+08:00,141.6885223388672,144.41329956054688,139.64492797851562,141.00732421875,38608,0.0,0.0
2008-04-24 00:00:00+08:00,143.0509033203125,143.0509033203125,138.96372985839844,139.64492797851562,34498,0.0,0.0
2008-04-25 00:00:00+08:00,140.3261260986328,141.6885223388672,138.96372985839844,138.96372985839844,30974,0.0,0.0
2008-04-28 00:00:00+08:00,141.6885223388672,142.3697052001953,138.96372985839844,139.64492797851562,40957,0.0,0.0
2008-04-29 00:00:00+08:00,141.6885223388672,141.6885223388672,136.23895263671875,136.92015075683594,33323,0.0,0.0
2008-04-30 00:00:00+08:00,134.87657165527344,136.92015075683594,134.87657165527344,135.1490478515625,38902,0.0,0.0
2008-05-02 00:00:00+08:00,136.23895263671875,137.60134887695312,134.0591278076172,134.87657165527344,39195,0.0,0.0
2008-05-05 00:00:00+08:00,134.87657165527344,134.87657165527344,125.47608184814453,125.7485580444336,62904,0.0,0.0
2008-05-06 00:00:00+08:00,123.97745513916016,128.4733428955078,122.61505889892578,128.0646209716797,25616,0.0,0.0
2008-05-07 00:00:00+08:00,128.0646209716797,128.0646209716797,126.42975616455078,127.79214477539062,22754,0.0,0.0
2008-05-08 00:00:00+08:00,127.79214477539062,127.79214477539062,124.79488372802734,125.61231994628906,18717,0.0,0.0
2008-05-09 00:00:00+08:00,125.7485580444336,126.70223236083984,122.88754272460938,122.88754272460938,32149,0.0,0.0
2008-05-12 00:00:00+08:00,122.88754272460938,128.0646209716797,122.61505889892578,128.0646209716797,17909,0.0,0.0
2008-05-13 00:00:00+08:00,130.78939819335938,136.92015075683594,129.42701721191406,136.92015075683594,52848,0.0,0.0
2008-05-14 00:00:00+08:00,141.6885223388672,146.45687866210938,137.60134887695312,146.45687866210938,125734,0.0,0.0
2008-05-15 00:00:00+08:00,153.26882934570312,155.31240844726562,141.00732421875,143.0509033203125,123753,0.0,0.0
2008-05-16 00:00:00+08:00,145.7756805419922,152.58763122558594,141.6885223388672,152.58763122558594,104669,0.0,0.0
2008-05-19 00:00:00+08:00,155.9936065673828,157.3560028076172,151.22525024414062,155.9936065673828,119642,0.0,0.0
2008-05-20 00:00:00+08:00,153.9500274658203,155.9936065673828,145.094482421875,145.094482421875,94613,0.0,0.0
2008-05-21 00:00:00+08:00,141.6885223388672,144.41329956054688,137.60134887695312,139.64492797851562,58133,0.0,0.0
2008-05-22 00:00:00+08:00,138.96372985839844,145.7756805419922,136.92015075683594,143.0509033203125,46902,0.0,0.0
2008-05-23 00:00:00+08:00,143.7321014404297,143.7321014404297,136.92015075683594,136.92015075683594,36186,0.0,0.0
2008-05-26 00:00:00+08:00,140.3261260986328,140.3261260986328,130.5169219970703,132.0155487060547,21359,0.0,0.0
2008-05-27 00:00:00+08:00,137.60134887695312,137.60134887695312,126.70223236083984,131.8793182373047,23561,0.0,0.0
2008-05-28 00:00:00+08:00,136.10272216796875,136.23895263671875,131.8793182373047,132.5605010986328,27304,0.0,0.0
2008-05-29 00:00:00+08:00,141.6885223388672,141.6885223388672,141.6885223388672,141.6885223388672,26277,0.0,0.0
2008-05-30 00:00:00+08:00,151.22525024414062,151.22525024414062,133.51417541503906,140.3261260986328,102760,0.0,0.0
2008-06-02 00:00:00+08:00,137.60134887695312,140.3261260986328,136.23895263671875,136.23895263671875,23561,0.0,0.0
2008-06-03 00:00:00+08:00,136.23895263671875,137.60134887695312,133.51417541503906,133.51417541503906,26277,0.0,0.0
2008-06-04 00:00:00+08:00,132.15179443359375,135.8302459716797,130.78939819335938,134.19537353515625,27304,0.0,0.0
2008-06-05 00:00:00+08:00,134.19537353515625,135.55776977539062,131.60682678222656,133.51417541503906,18423,0.0,0.0
2008-06-06 00:00:00+08:00,138.96372985839844,138.96372985839844,134.3316192626953,134.74032592773438,25910,0.0,0.0
2008-06-09 00:00:00+08:00,131.47059631347656,131.47059631347656,126.70223236083984,129.42701721191406,29139,0.0,0.0
2008-06-10 00:00:00+08:00,129.42701721191406,136.23895263671875,129.42701721191406,129.42701721191406,20405,0.0,0.0
2008-06-11 00:00:00+08:00,129.42701721191406,132.15179443359375,126.83847045898438,127.3834228515625,21579,0.0,0.0
2008-06-12 00:00:00+08:00,126.02103424072266,126.02103424072266,118.52789306640625,118.52789306640625,40443,0.0,0.0
2008-06-13 00:00:00+08:00,122.47882080078125,122.47882080078125,114.16824340820312,115.12191772460938,21653,0.0,0.0
2008-06-16 00:00:00+08:00,117.43798065185547,119.8902816772461,116.07559204101562,116.62054443359375,16588,0.0,0.0
2008-06-17 00:00:00+08:00,117.1655044555664,118.52789306640625,116.48430633544922,118.52789306640625,11890,0.0,0.0
2008-06-18 00:00:00+08:00,117.1655044555664,121.1164321899414,117.1655044555664,119.20909118652344,16955,0.0,0.0
2008-06-19 00:00:00+08:00,119.20909118652344,119.20909118652344,115.80311584472656,115.80311584472656,10789,0.0,0.0
2008-06-20 00:00:00+08:00,115.80311584472656,117.43798065185547,107.90125274658203,107.90125274658203,15854,0.0,0.0
2008-06-23 00:00:00+08:00,104.90399932861328,104.90399932861328,101.4980239868164,102.86041259765625,18129,0.0,0.0
2008-06-24 00:00:00+08:00,103.54161071777344,105.17647552490234,98.09204864501953,98.09204864501953,29433,0.0,0.0
2008-06-25 00:00:00+08:00,100.68058776855469,102.17921447753906,98.09204864501953,101.22554779052734,14019,0.0,0.0
2008-06-26 00:00:00+08:00,103.54161071777344,108.30997467041016,102.17921447753906,108.30997467041016,16148,0.0,0.0
2008-06-27 00:00:00+08:00,104.90399932861328,107.49253845214844,102.31546020507812,103.54161071777344,18203,0.0,0.0
2008-06-30 00:00:00+08:00,103.67784881591797,103.67784881591797,96.72966003417969,98.09204864501953,17983,0.0,0.0
2008-07-01 00:00:00+08:00,100.13563537597656,102.17921447753906,91.28010559082031,91.28010559082031,21359,0.0,0.0
2008-07-02 00:00:00+08:00,91.28010559082031,96.72966003417969,91.28010559082031,93.05120849609375,20258,0.0,0.0
2008-07-03 00:00:00+08:00,93.05120849609375,99.45443725585938,90.59890747070312,99.45443725585938,12478,0.0,0.0
2008-07-04 00:00:00+08:00,103.54161071777344,103.54161071777344,96.86589813232422,97.5470962524414,17395,0.0,0.0
2008-07-07 00:00:00+08:00,97.5470962524414,97.68333435058594,96.0484619140625,97.68333435058594,4771,0.0,0.0
2008-07-08 00:00:00+08:00,96.72966003417969,98.09204864501953,93.59616088867188,93.59616088867188,7486,0.0,0.0
2008-07-09 00:00:00+08:00,96.45718383789062,96.45718383789062,94.0048828125,94.68607330322266,14606,0.0,0.0
2008-07-10 00:00:00+08:00,92.64249420166016,94.68607330322266,91.6888198852539,93.59616088867188,9028,0.0,0.0
2008-07-11 00:00:00+08:00,95.23103332519531,98.22828674316406,92.64249420166016,98.09204864501953,20111,0.0,0.0
2008-07-14 00:00:00+08:00,97.81957244873047,97.81957244873047,94.0048828125,95.36727142333984,15854,0.0,0.0
2008-07-15 00:00:00+08:00,92.77873229980469,94.27735900878906,89.23651885986328,93.73240661621094,21212,0.0,0.0
2008-07-16 00:00:00+08:00,89.37275695800781,95.09479522705078,87.19293212890625,95.09479522705078,38241,0.0,0.0
2008-07-17 00:00:00+08:00,95.09479522705078,99.45443725585938,92.64249420166016,99.45443725585938,32442,0.0,0.0
2008-07-18 00:00:00+08:00,102.04297637939453,102.04297637939453,92.5062484741211,99.45443725585938,41397,0.0,0.0
2008-07-21 00:00:00+08:00,100.68058776855469,100.68058776855469,96.86589813232422,100.13563537597656,26644,0.0,0.0
2008-07-22 00:00:00+08:00,97.41085815429688,99.8631591796875,96.72966003417969,99.31819915771484,16001,0.0,0.0
2008-07-23 00:00:00+08:00,99.31819915771484,102.86041259765625,98.77324676513672,101.08930969238281,43673,0.0,0.0
2008-07-24 00:00:00+08:00,101.08930969238281,101.08930969238281,98.3645248413086,100.13563537597656,22533,0.0,0.0
2008-07-25 00:00:00+08:00,95.50350952148438,100.13563537597656,95.50350952148438,100.13563537597656,11890,0.0,0.0
2008-07-28 00:00:00+08:00,100.13563537597656,100.13563537597656,100.13563537597656,100.13563537597656,0,0.0,0.0
2008-07-29 00:00:00+08:00,100.13563537597656,100.13563537597656,100.13563537597656,100.13563537597656,0,0.0,0.0
2008-07-30 00:00:00+08:00,100.13563537597656,100.13563537597656,100.13563537597656,100.13563537597656,0,0.0,0.0
2008-07-31 00:00:00+08:00,100.13563537597656,100.13563537597656,100.13563537597656,100.13563537597656,0,0.0,0.0
2008-08-01 00:00:00+08:00,100.13563537597656,100.13563537597656,100.13563537597656,100.13563537597656,0,0.0,0.0
2008-08-04 00:00:00+08:00,100.13563537597656,100.13563537597656,100.13563537597656,100.13563537597656,0,0.0,0.0
2008-08-05 00:00:00+08:00,100.13563537597656,100.13563537597656,100.13563537597656,100.13563537597656,0,0.0,0.0
2008-08-06 00:00:00+08:00,100.13563537597656,100.13563537597656,100.13563537597656,100.13563537597656,0,0.0,0.0
2008-08-07 00:00:00+08:00,100.13563537597656,100.13563537597656,100.13563537597656,100.13563537597656,0,0.0,0.0
2008-08-08 00:00:00+08:00,100.13563537597656,100.13563537597656,100.13563537597656,100.13563537597656,0,0.0,0.0
2008-08-11 00:00:00+08:00,100.13563537597656,100.13563537597656,100.13563537597656,100.13563537597656,0,0.0,0.0
2008-08-12 00:00:00+08:00,100.13563537597656,100.13563537597656,100.13563537597656,100.13563537597656,0,0.0,0.0
2008-08-13 00:00:00+08:00,100.13563537597656,100.13563537597656,100.13563537597656,100.13563537597656,0,0.0,0.0
2008-08-14 00:00:00+08:00,100.13563537597656,100.13563537597656,100.13563537597656,100.13563537597656,0,0.0,0.0
2008-08-15 00:00:00+08:00,100.13563537597656,100.13563537597656,100.13563537597656,100.13563537597656,0,0.0,0.0
2008-08-18 00:00:00+08:00,96.72966003417969,96.86589813232422,94.54983520507812,94.54983520507812,8220,0.0,0.0
2008-08-19 00:00:00+08:00,95.36727142333984,95.36727142333984,93.59616088867188,93.59616088867188,9615,0.0,0.0
2008-08-20 00:00:00+08:00,95.23103332519531,96.3209457397461,90.73514556884766,94.0048828125,13212,0.0,0.0
2008-08-21 00:00:00+08:00,94.14112091064453,94.27735900878906,91.96129608154297,94.0048828125,11964,0.0,0.0
2008-08-22 00:00:00+08:00,91.96129608154297,93.32368469238281,90.59890747070312,93.32368469238281,14753,0.0,0.0
2008-08-25 00:00:00+08:00,91.41634368896484,92.91497039794922,91.28010559082031,91.96129608154297,13285,0.0,0.0
2008-08-26 00:00:00+08:00,88.5553207397461,91.28010559082031,88.5553207397461,90.59890747070312,8220,0.0,0.0
2008-08-27 00:00:00+08:00,92.5062484741211,92.5062484741211,90.05394744873047,91.14385986328125,12478,0.0,0.0
2008-08-28 00:00:00+08:00,91.41634368896484,97.41085815429688,88.1466064453125,93.73240661621094,43673,0.0,0.0
2008-08-29 00:00:00+08:00,93.73240661621094,95.91222381591797,91.96129608154297,94.4135971069336,20258,0.0,0.0
2008-09-01 00:00:00+08:00,93.73240661621094,93.73240661621094,90.32643127441406,91.82505798339844,10496,0.0,0.0
2008-09-02 00:00:00+08:00,91.82505798339844,92.37001037597656,89.23651885986328,89.23651885986328,9028,0.0,0.0
2008-09-03 00:00:00+08:00,88.69155883789062,89.23651885986328,83.10576629638672,83.10576629638672,12845,0.0,0.0
2008-09-04 00:00:00+08:00,77.65620422363281,80.10850524902344,77.38372802734375,77.38372802734375,9909,0.0,0.0
2008-09-05 00:00:00+08:00,72.0704116821289,77.24748992919922,72.0704116821289,72.0704116821289,20111,0.0,0.0
2008-09-08 00:00:00+08:00,69.48186492919922,77.11125183105469,69.48186492919922,76.97501373291016,18717,0.0,0.0
2008-09-09 00:00:00+08:00,76.0213394165039,76.70252990722656,71.93416595458984,75.06766510009766,14680,0.0,0.0
2008-09-10 00:00:00+08:00,71.52545166015625,74.386474609375,71.52545166015625,74.386474609375,17322,0.0,0.0
2008-09-11 00:00:00+08:00,74.386474609375,74.386474609375,69.20938873291016,74.1139907836914,34865,0.0,0.0
2008-09-12 00:00:00+08:00,72.20664978027344,74.25022888183594,70.8442611694336,74.25022888183594,28699,0.0,0.0
2008-09-15 00:00:00+08:00,70.98049926757812,72.0704116821289,69.07315063476562,69.07315063476562,11597,0.0,0.0
2008-09-16 00:00:00+08:00,64.3047866821289,64.3047866821289,64.3047866821289,64.3047866821289,3449,0.0,0.0
2008-09-17 00:00:00+08:00,61.44377136230469,64.3047866821289,59.808902740478516,64.03231048583984,33397,0.0,0.0
2008-09-18 00:00:00+08:00,61.30752944946289,61.30752944946289,59.672664642333984,61.17129135131836,21286,0.0,0.0
2008-09-19 00:00:00+08:00,61.98872756958008,64.03231048583984,60.62633514404297,64.03231048583984,31708,0.0,0.0
2008-09-22 00:00:00+08:00,65.93965148925781,65.93965148925781,63.214874267578125,64.71350860595703,20919,0.0,0.0
2008-09-23 00:00:00+08:00,62.669921875,64.57726287841797,62.669921875,64.57726287841797,13652,0.0,0.0
2008-09-24 00:00:00+08:00,63.078636169433594,64.71350860595703,60.62633514404297,61.98872756958008,17249,0.0,0.0
2008-09-25 00:00:00+08:00,62.669921875,66.2121353149414,62.669921875,66.2121353149414,12991,0.0,0.0
2008-09-26 00:00:00+08:00,70.8442611694336,70.8442611694336,68.66443634033203,70.1630630493164,89401,0.0,0.0
2008-09-29 00:00:00+08:00,70.1630630493164,70.1630630493164,70.1630630493164,70.1630630493164,0,0.0,0.0
2008-09-30 00:00:00+08:00,65.25846099853516,65.25846099853516,65.25846099853516,65.25846099853516,3743,0.0,0.0
2008-10-01 00:00:00+08:00,62.94239807128906,65.25846099853516,62.94239807128906,64.03231048583984,29580,0.0,0.0
2008-10-02 00:00:00+08:00,64.03231048583984,64.03231048583984,62.669921875,63.89607238769531,12478,0.0,0.0
2008-10-03 00:00:00+08:00,61.44377136230469,63.48735427856445,60.62633514404297,63.48735427856445,17028,0.0,0.0
2008-10-06 00:00:00+08:00,62.80615997314453,62.80615997314453,60.7625732421875,60.8988151550293,15340,0.0,0.0
2008-10-07 00:00:00+08:00,56.67540740966797,62.5336799621582,56.67540740966797,62.5336799621582,11744,0.0,0.0
2008-10-08 00:00:00+08:00,59.127708435058594,59.263946533203125,58.174034118652344,58.174034118652344,8147,0.0,0.0
2008-10-09 00:00:00+08:00,55.0405387878418,57.90155792236328,55.0405387878418,56.8116455078125,8734,0.0,0.0
2008-10-13 00:00:00+08:00,54.904300689697266,54.904300689697266,54.904300689697266,54.904300689697266,2715,0.0,0.0
2008-10-14 00:00:00+08:00,58.718990325927734,58.718990325927734,55.313018798828125,55.85797119140625,30607,0.0,0.0
2008-10-15 00:00:00+08:00,53.950626373291016,54.63182067871094,53.950626373291016,54.359344482421875,13725,0.0,0.0
2008-10-16 00:00:00+08:00,52.58823776245117,52.58823776245117,52.58823776245117,52.58823776245117,2055,0.0,0.0
2008-10-17 00:00:00+08:00,50.81713104248047,50.953369140625,50.81713104248047,50.81713104248047,12257,0.0,0.0
2008-10-20 00:00:00+08:00,49.046024322509766,49.046024322509766,49.046024322509766,49.046024322509766,4771,0.0,0.0
2008-10-21 00:00:00+08:00,49.72721862792969,49.72721862792969,47.54739761352539,47.54739761352539,17322,0.0,0.0
2008-10-22 00:00:00+08:00,45.91252899169922,48.7735481262207,45.91252899169922,46.18500518798828,14019,0.0,0.0
2008-10-23 00:00:00+08:00,44.686378479003906,45.77629089355469,44.686378479003906,44.686378479003906,9615,0.0,0.0
2008-10-24 00:00:00+08:00,44.686378479003906,44.686378479003906,43.187747955322266,43.187747955322266,4917,0.0,0.0
2008-10-27 00:00:00+08:00,40.19049072265625,42.23407745361328,40.19049072265625,42.23407745361328,14166,0.0,0.0
2008-10-28 00:00:00+08:00,39.3730583190918,40.73544692993164,39.3730583190918,40.32673263549805,14459,0.0,0.0
2008-10-29 00:00:00+08:00,40.87168884277344,42.37031555175781,37.601951599121094,39.50929641723633,14606,0.0,0.0
2008-10-30 00:00:00+08:00,39.781776428222656,42.23407745361328,39.781776428222656,42.23407745361328,32296,0.0,0.0
2008-10-31 00:00:00+08:00,42.23407745361328,45.095096588134766,40.87168884277344,45.095096588134766,23047,0.0,0.0
2008-11-03 00:00:00+08:00,48.22859191894531,48.22859191894531,48.22859191894531,48.22859191894531,38388,0.0,0.0
2008-11-04 00:00:00+08:00,51.49832534790039,51.49832534790039,51.49832534790039,51.49832534790039,5211,0.0,0.0
2008-11-05 00:00:00+08:00,55.0405387878418,55.0405387878418,55.0405387878418,55.0405387878418,4624,0.0,0.0
2008-11-06 00:00:00+08:00,58.855228424072266,58.855228424072266,55.85797119140625,57.90155792236328,102687,0.0,0.0
2008-11-07 00:00:00+08:00,57.62907791137695,60.62633514404297,54.223106384277344,58.718990325927734,51160,0.0,0.0
2008-11-10 00:00:00+08:00,60.353858947753906,60.353858947753906,56.67540740966797,56.67540740966797,22240,0.0,0.0
2008-11-11 00:00:00+08:00,56.67540740966797,56.67540740966797,52.860713958740234,52.860713958740234,22460,0.0,0.0
2008-11-12 00:00:00+08:00,52.860713958740234,56.13045120239258,49.454742431640625,56.13045120239258,18863,0.0,0.0
2008-11-13 00:00:00+08:00,59.94514083862305,59.94514083862305,53.269432067871094,55.17677688598633,17395,0.0,0.0
2008-11-14 00:00:00+08:00,57.22036361694336,57.49283981323242,51.90704345703125,57.35660171508789,20258,0.0,0.0
2008-11-17 00:00:00+08:00,61.30752944946289,61.30752944946289,61.30752944946289,61.30752944946289,8661,0.0,0.0
2008-11-18 00:00:00+08:00,65.53093719482422,65.53093719482422,65.53093719482422,65.53093719482422,6018,0.0,0.0
2008-11-19 00:00:00+08:00,70.02682495117188,70.02682495117188,70.02682495117188,70.02682495117188,40957,0.0,0.0
2008-11-20 00:00:00+08:00,74.7951889038086,74.7951889038086,67.16580963134766,71.79792785644531,178950,0.0,0.0
2008-11-21 00:00:00+08:00,68.11947631835938,70.8442611694336,66.89332580566406,67.43828582763672,90135,0.0,0.0
2008-11-24 00:00:00+08:00,72.0704116821289,72.0704116821289,68.2557144165039,68.39196014404297,44921,0.0,0.0
2008-11-25 00:00:00+08:00,73.16031646728516,73.16031646728516,71.11673736572266,73.16031646728516,94172,0.0,0.0
2008-11-26 00:00:00+08:00,73.16031646728516,77.65620422363281,72.8878402709961,77.24748992919922,89401,0.0,0.0
2008-11-27 00:00:00+08:00,76.97501373291016,79.42731475830078,75.06766510009766,76.29381561279297,81621,0.0,0.0
2008-11-28 00:00:00+08:00,73.56903839111328,76.29381561279297,71.66168975830078,72.20664978027344,47636,0.0,0.0
2008-12-01 00:00:00+08:00,72.20664978027344,77.24748992919922,72.20664978027344,76.83877563476562,71418,0.0,0.0
2008-12-02 00:00:00+08:00,71.52545166015625,73.02407836914062,71.52545166015625,71.52545166015625,46976,0.0,0.0
2008-12-03 00:00:00+08:00,72.20664978027344,73.56903839111328,70.8442611694336,70.98049926757812,41471,0.0,0.0
2008-12-04 00:00:00+08:00,71.52545166015625,72.8878402709961,69.48186492919922,70.98049926757812,22020,0.0,0.0
2008-12-05 00:00:00+08:00,68.80067443847656,70.98049926757812,68.80067443847656,69.61811065673828,16955,0.0,0.0
2008-12-08 00:00:00+08:00,70.8442611694336,72.75160217285156,69.48186492919922,71.66168975830078,17836,0.0,0.0
2008-12-09 00:00:00+08:00,71.66168975830078,74.93142700195312,71.66168975830078,71.66168975830078,35525,0.0,0.0
2008-12-10 00:00:00+08:00,71.66168975830078,74.25022888183594,71.66168975830078,72.34288787841797,33470,0.0,0.0
2008-12-11 00:00:00+08:00,72.8878402709961,73.84151458740234,70.8442611694336,70.98049926757812,34057,0.0,0.0
2008-12-12 00:00:00+08:00,70.8442611694336,72.61536407470703,68.11947631835938,70.70801544189453,29139,0.0,0.0
2008-12-15 00:00:00+08:00,70.8442611694336,72.20664978027344,69.34562683105469,69.48186492919922,20552,0.0,0.0
2008-12-16 00:00:00+08:00,69.48186492919922,69.48186492919922,68.11947631835938,68.9369125366211,17689,0.0,0.0
2008-12-17 00:00:00+08:00,69.48186492919922,71.52545166015625,68.39196014404297,68.39196014404297,29433,0.0,0.0
2008-12-18 00:00:00+08:00,68.11947631835938,68.11947631835938,64.03231048583984,65.53093719482422,32516,0.0,0.0
2008-12-19 00:00:00+08:00,64.16854858398438,67.43828582763672,64.16854858398438,66.75708770751953,15707,0.0,0.0
2008-12-22 00:00:00+08:00,67.43828582763672,68.80067443847656,66.75708770751953,66.75708770751953,30607,0.0,0.0
2008-12-23 00:00:00+08:00,64.44102478027344,64.57726287841797,62.5336799621582,62.669921875,19597,0.0,0.0
2008-12-24 00:00:00+08:00,61.30752944946289,62.669921875,61.30752944946289,61.98872756958008,16148,0.0,0.0
2008-12-25 00:00:00+08:00,62.669921875,63.89607238769531,61.98872756958008,61.98872756958008,15120,0.0,0.0
2008-12-26 00:00:00+08:00,62.26120376586914,64.57726287841797,61.58000946044922,61.58000946044922,24882,0.0,0.0
2008-12-29 00:00:00+08:00,63.35111618041992,63.35111618041992,61.98872756958008,61.98872756958008,15340,0.0,0.0
2008-12-30 00:00:00+08:00,62.669921875,64.84974670410156,62.669921875,64.84974670410156,24882,0.0,0.0
2008-12-31 00:00:00+08:00,69.34562683105469,69.34562683105469,69.34562683105469,69.34562683105469,27965,0.0,0.0
2009-01-02 00:00:00+08:00,69.34562683105469,69.34562683105469,69.34562683105469,69.34562683105469,0,0.0,0.0
2009-01-05 00:00:00+08:00,74.1139907836914,74.1139907836914,74.1139907836914,74.1139907836914,16294,0.0,0.0
2009-01-06 00:00:00+08:00,79.29107666015625,79.29107666015625,74.7951889038086,79.29107666015625,214476,0.0,0.0
2009-01-07 00:00:00+08:00,84.6043930053711,84.6043930053711,79.69979095458984,84.46815490722656,91310,0.0,0.0
2009-01-08 00:00:00+08:00,78.60987854003906,81.74337768554688,78.60987854003906,78.60987854003906,58133,0.0,0.0
2009-01-09 00:00:00+08:00,78.60987854003906,83.10576629638672,78.60987854003906,80.51722717285156,64298,0.0,0.0
2009-01-12 00:00:00+08:00,79.01859283447266,80.51722717285156,78.06492614746094,78.47364044189453,31488,0.0,0.0
2009-01-13 00:00:00+08:00,78.47364044189453,79.29107666015625,76.83877563476562,77.92868041992188,24295,0.0,0.0
2009-01-14 00:00:00+08:00,79.15483093261719,79.15483093261719,77.92868041992188,78.88235473632812,38094,0.0,0.0
2009-01-15 00:00:00+08:00,78.33740234375,83.51448059082031,76.97501373291016,81.74337768554688,112889,0.0,0.0
2009-01-16 00:00:00+08:00,87.46540832519531,87.46540832519531,87.46540832519531,87.46540832519531,118908,0.0,0.0
2009-01-19 00:00:00+08:00,87.19293212890625,87.19293212890625,81.60713958740234,81.74337768554688,67161,0.0,0.0
2009-01-20 00:00:00+08:00,80.10850524902344,81.47089385986328,78.06492614746094,78.33740234375,28993,0.0,0.0
2009-01-21 00:00:00+08:00,76.0213394165039,83.78695678710938,76.0213394165039,79.69979095458984,50279,0.0,0.0
2009-02-02 00:00:00+08:00,82.96952819824219,82.96952819824219,80.24474334716797,81.74337768554688,48370,0.0,0.0
2009-02-03 00:00:00+08:00,79.01859283447266,82.96952819824219,79.01859283447266,81.06217956542969,43673,0.0,0.0
2009-02-04 00:00:00+08:00,81.74337768554688,84.46815490722656,81.06217956542969,81.74337768554688,52848,0.0,0.0
2009-02-05 00:00:00+08:00,81.33465576171875,82.42456817626953,78.60987854003906,79.01859283447266,42425,0.0,0.0
2009-02-06 00:00:00+08:00,80.78970336914062,83.78695678710938,80.3809814453125,80.3809814453125,57545,0.0,0.0
2009-02-09 00:00:00+08:00,79.15483093261719,85.96678161621094,79.15483093261719,85.96678161621094,84410,0.0,0.0
2009-02-10 00:00:00+08:00,91.96129608154297,91.96129608154297,88.82779693603516,91.96129608154297,177702,0.0,0.0
2009-02-11 00:00:00+08:00,88.5553207397461,98.3645248413086,88.28284454345703,98.3645248413086,274958,0.0,0.0
2009-02-12 00:00:00+08:00,104.63151550292969,104.63151550292969,92.0975341796875,92.64249420166016,197447,0.0,0.0
2009-02-13 00:00:00+08:00,92.64249420166016,95.36727142333984,88.82779693603516,93.32368469238281,110834,0.0,0.0
2009-02-16 00:00:00+08:00,93.32368469238281,93.32368469238281,90.05394744873047,90.4626693725586,62096,0.0,0.0
2009-02-17 00:00:00+08:00,90.4626693725586,94.0048828125,89.23651885986328,91.28010559082031,51673,0.0,0.0
2009-02-18 00:00:00+08:00,89.37275695800781,91.28010559082031,86.10301971435547,86.5117416381836,57105,0.0,0.0
2009-02-19 00:00:00+08:00,86.5117416381836,88.5553207397461,84.74063110351562,88.5553207397461,41397,0.0,0.0
2009-02-20 00:00:00+08:00,89.91770935058594,89.91770935058594,86.5117416381836,86.64797973632812,23561,0.0,0.0
2009-02-23 00:00:00+08:00,85.55806732177734,89.91770935058594,83.24200439453125,88.5553207397461,42719,0.0,0.0
2009-02-24 00:00:00+08:00,94.68607330322266,94.68607330322266,94.68607330322266,94.68607330322266,42498,0.0,0.0
2009-02-25 00:00:00+08:00,101.22554779052734,101.22554779052734,98.22828674316406,101.22554779052734,249781,0.0,0.0
2009-02-26 00:00:00+08:00,101.22554779052734,104.63151550292969,98.09204864501953,100.13563537597656,119128,0.0,0.0
2009-02-27 00:00:00+08:00,98.22828674316406,106.40262603759766,98.22828674316406,105.85767364501953,124633,0.0,0.0
2009-03-02 00:00:00+08:00,107.49253845214844,107.49253845214844,98.50076293945312,98.50076293945312,164857,0.0,0.0
2009-03-03 00:00:00+08:00,92.64249420166016,96.72966003417969,92.64249420166016,96.45718383789062,97549,0.0,0.0
2009-03-04 00:00:00+08:00,96.72966003417969,101.90673828125,96.72966003417969,101.08930969238281,83529,0.0,0.0
2009-03-05 00:00:00+08:00,101.77050018310547,103.26912689208984,98.09204864501953,98.90948486328125,92631,0.0,0.0
2009-03-06 00:00:00+08:00,98.09204864501953,100.81682586669922,96.45718383789062,98.90948486328125,61656,0.0,0.0
2009-03-09 00:00:00+08:00,98.90948486328125,99.45443725585938,96.72966003417969,97.68333435058594,52921,0.0,0.0
2009-03-10 00:00:00+08:00,97.68333435058594,102.17921447753906,97.68333435058594,101.4980239868164,72739,0.0,0.0
2009-03-11 00:00:00+08:00,102.86041259765625,102.86041259765625,97.41085815429688,97.41085815429688,89695,0.0,0.0
2009-03-12 00:00:00+08:00,99.45443725585938,102.17921447753906,98.50076293945312,98.77324676513672,65986,0.0,0.0
2009-03-13 00:00:00+08:00,100.81682586669922,101.63426208496094,98.77324676513672,98.77324676513672,86832,0.0,0.0
2009-03-16 00:00:00+08:00,100.13563537597656,101.08930969238281,98.77324676513672,98.77324676513672,75749,0.0,0.0
2009-03-17 00:00:00+08:00,98.09204864501953,100.68058776855469,96.86589813232422,98.77324676513672,65106,0.0,0.0
2009-03-18 00:00:00+08:00,100.2718734741211,100.2718734741211,98.09204864501953,98.09204864501953,54096,0.0,0.0
2009-03-19 00:00:00+08:00,98.09204864501953,99.45443725585938,97.5470962524414,97.5470962524414,80593,0.0,0.0
2009-03-20 00:00:00+08:00,97.955810546875,98.09204864501953,95.36727142333984,95.50350952148438,46535,0.0,0.0
2009-03-23 00:00:00+08:00,95.36727142333984,98.77324676513672,95.36727142333984,98.77324676513672,64445,0.0,0.0
2009-03-24 00:00:00+08:00,99.45443725585938,101.90673828125,98.77324676513672,98.77324676513672,92704,0.0,0.0
2009-03-25 00:00:00+08:00,100.54434967041016,105.58518981933594,99.04572296142578,105.58518981933594,228201,0.0,0.0
2009-03-26 00:00:00+08:00,105.58518981933594,108.71868896484375,104.90399932861328,105.58518981933594,151278,0.0,0.0
2009-03-27 00:00:00+08:00,105.58518981933594,110.35355377197266,103.54161071777344,103.54161071777344,140561,0.0,0.0
2009-03-30 00:00:00+08:00,103.54161071777344,103.54161071777344,96.3209457397461,96.3209457397461,98283,0.0,0.0
2009-03-31 00:00:00+08:00,94.0048828125,98.3645248413086,94.0048828125,94.0048828125,62170,0.0,0.0
2009-04-02 00:00:00+08:00,100.95307159423828,100.95307159423828,96.72966003417969,97.00213623046875,43306,0.0,0.0
2009-04-03 00:00:00+08:00,99.31819915771484,99.31819915771484,95.36727142333984,95.50350952148438,54022,0.0,0.0
2009-04-06 00:00:00+08:00,95.50350952148438,102.17921447753906,95.50350952148438,102.17921447753906,181519,0.0,0.0
2009-04-07 00:00:00+08:00,108.85492706298828,108.85492706298828,100.81682586669922,106.26638793945312,177482,0.0,0.0
2009-04-08 00:00:00+08:00,104.90399932861328,106.94757843017578,102.31546020507812,102.31546020507812,107972,0.0,0.0
2009-04-09 00:00:00+08:00,104.90399932861328,109.3998794555664,103.54161071777344,109.3998794555664,214476,0.0,0.0
2009-04-10 00:00:00+08:00,117.02926635742188,117.02926635742188,117.02926635742188,117.02926635742188,253304,0.0,0.0
2009-04-13 00:00:00+08:00,125.20360565185547,125.20360565185547,121.93386840820312,125.20360565185547,349239,0.0,0.0
2009-04-14 00:00:00+08:00,128.74581909179688,133.51417541503906,125.20360565185547,125.20360565185547,400839,0.0,0.0
2009-04-15 00:00:00+08:00,125.20360565185547,126.42975616455078,121.525146484375,124.11369323730469,158838,0.0,0.0
2009-04-16 00:00:00+08:00,125.0673599243164,129.42701721191406,123.97745513916016,123.97745513916016,155755,0.0,0.0
2009-04-17 00:00:00+08:00,126.70223236083984,132.15179443359375,115.39439392089844,115.39439392089844,328613,0.0,0.0
2009-04-20 00:00:00+08:00,115.39439392089844,119.07284545898438,108.99116516113281,111.7159423828125,163169,0.0,0.0
2009-04-21 00:00:00+08:00,110.35355377197266,119.4815673828125,109.12740325927734,119.4815673828125,107017,0.0,0.0
2009-04-22 00:00:00+08:00,127.79214477539062,127.79214477539062,125.61231994628906,127.79214477539062,156856,0.0,0.0
2009-04-23 00:00:00+08:00,133.51417541503906,135.9664764404297,127.79214477539062,134.0591278076172,290812,0.0,0.0
2009-04-24 00:00:00+08:00,134.0591278076172,135.1490478515625,127.79214477539062,128.0646209716797,261232,0.0,0.0
2009-04-27 00:00:00+08:00,128.33709716796875,130.38067626953125,119.20909118652344,121.25267028808594,180565,0.0,0.0
2009-04-28 00:00:00+08:00,119.8902816772461,122.61505889892578,112.94209289550781,113.35081481933594,130799,0.0,0.0
2009-04-29 00:00:00+08:00,113.35081481933594,114.44072723388672,109.26364135742188,114.44072723388672,102393,0.0,0.0
2009-04-30 00:00:00+08:00,120.16275787353516,121.525146484375,115.80311584472656,120.84395599365234,279435,0.0,0.0
2009-05-04 00:00:00+08:00,120.29900360107422,122.47882080078125,116.62054443359375,119.34532928466797,222109,0.0,0.0
2009-05-05 00:00:00+08:00,111.03475189208984,111.03475189208984,111.03475189208984,111.03475189208984,34571,0.0,0.0
2009-05-06 00:00:00+08:00,103.26912689208984,103.26912689208984,103.26912689208984,103.26912689208984,220,0.0,0.0
2009-05-07 00:00:00+08:00,96.0484619140625,96.0484619140625,96.0484619140625,96.0484619140625,73,0.0,0.0
2009-05-08 00:00:00+08:00,89.37275695800781,95.36727142333984,89.37275695800781,89.37275695800781,408546,0.0,0.0
2009-05-11 00:00:00+08:00,88.82779693603516,95.50350952148438,88.82779693603516,95.50350952148438,152085,0.0,0.0
2009-05-12 00:00:00+08:00,94.0048828125,94.14112091064453,88.82779693603516,94.14112091064453,74795,0.0,0.0
2009-05-13 00:00:00+08:00,92.91497039794922,95.09479522705078,89.7814712524414,92.5062484741211,65986,0.0,0.0
2009-05-14 00:00:00+08:00,90.05394744873047,94.82231140136719,90.05394744873047,92.5062484741211,36406,0.0,0.0
2009-05-15 00:00:00+08:00,98.90948486328125,98.90948486328125,98.90948486328125,98.90948486328125,43453,0.0,0.0
2009-05-18 00:00:00+08:00,102.99665069580078,102.99665069580078,92.91497039794922,98.09204864501953,44113,0.0,0.0
2009-05-19 00:00:00+08:00,100.81682586669922,100.81682586669922,92.64249420166016,92.64249420166016,47196,0.0,0.0
2009-05-20 00:00:00+08:00,92.64249420166016,92.64249420166016,86.5117416381836,86.5117416381836,62170,0.0,0.0
2009-05-21 00:00:00+08:00,86.37549591064453,87.46540832519531,81.74337768554688,81.74337768554688,38315,0.0,0.0
2009-05-22 00:00:00+08:00,76.0213394165039,81.74337768554688,76.0213394165039,79.01859283447266,61289,0.0,0.0
2009-05-25 00:00:00+08:00,75.61261749267578,82.96952819824219,75.61261749267578,81.60713958740234,24956,0.0,0.0
2009-05-26 00:00:00+08:00,81.60713958740234,81.74337768554688,77.92868041992188,79.29107666015625,27671,0.0,0.0
2009-05-27 00:00:00+08:00,77.92868041992188,84.1956787109375,77.65620422363281,84.1956787109375,28112,0.0,0.0
2009-06-01 00:00:00+08:00,84.1956787109375,87.87413024902344,84.1956787109375,85.01310729980469,17249,0.0,0.0
2009-06-02 00:00:00+08:00,85.01310729980469,85.55806732177734,81.74337768554688,84.05944061279297,27231,0.0,0.0
2009-06-03 00:00:00+08:00,80.3809814453125,81.74337768554688,79.01859283447266,81.60713958740234,9175,0.0,0.0
2009-06-04 00:00:00+08:00,81.19841766357422,81.19841766357422,78.88235473632812,78.88235473632812,21579,0.0,0.0
2009-06-05 00:00:00+08:00,83.78695678710938,83.78695678710938,78.06492614746094,81.74337768554688,11890,0.0,0.0
2009-06-08 00:00:00+08:00,79.42731475830078,82.96952819824219,79.15483093261719,79.29107666015625,12037,0.0,0.0
2009-06-09 00:00:00+08:00,79.15483093261719,79.29107666015625,78.47364044189453,78.47364044189453,10496,0.0,0.0
2009-06-10 00:00:00+08:00,79.01859283447266,79.83602905273438,78.33740234375,79.15483093261719,13212,0.0,0.0
2009-06-11 00:00:00+08:00,75.88510131835938,81.60713958740234,75.88510131835938,81.19841766357422,10349,0.0,0.0
2009-06-12 00:00:00+08:00,79.15483093261719,80.3809814453125,75.61261749267578,75.61261749267578,14459,0.0,0.0
2009-06-15 00:00:00+08:00,70.43553924560547,70.43553924560547,70.43553924560547,70.43553924560547,8000,0.0,0.0
2009-06-16 00:00:00+08:00,65.53093719482422,66.07589721679688,65.53093719482422,65.66717529296875,47636,0.0,0.0
2009-06-17 00:00:00+08:00,65.66717529296875,68.11947631835938,61.30752944946289,65.39469909667969,24442,0.0,0.0
2009-06-18 00:00:00+08:00,65.39469909667969,67.84700012207031,64.16854858398438,67.84700012207031,8954,0.0,0.0
2009-06-19 00:00:00+08:00,67.98323822021484,71.66168975830078,65.39469909667969,68.11947631835938,3670,0.0,0.0
2009-06-22 00:00:00+08:00,65.66717529296875,66.07589721679688,63.35111618041992,66.07589721679688,31048,0.0,0.0
2009-06-23 00:00:00+08:00,65.93965148925781,70.57177734375,64.03231048583984,70.57177734375,31855,0.0,0.0
2009-06-24 00:00:00+08:00,66.75708770751953,69.34562683105469,66.75708770751953,68.11947631835938,4110,0.0,0.0
2009-06-25 00:00:00+08:00,64.9859848022461,69.34562683105469,64.9859848022461,69.07315063476562,9175,0.0,0.0
2009-06-26 00:00:00+08:00,67.0295639038086,68.11947631835938,66.89332580566406,66.89332580566406,8587,0.0,0.0
2009-06-29 00:00:00+08:00,67.98323822021484,67.98323822021484,66.07589721679688,66.07589721679688,1541,0.0,0.0
2009-06-30 00:00:00+08:00,66.2121353149414,68.11947631835938,66.2121353149414,68.11947631835938,3156,0.0,0.0
2009-07-01 00:00:00+08:00,68.11947631835938,68.11947631835938,65.80341339111328,68.11947631835938,4257,0.0,0.0
2009-07-02 00:00:00+08:00,70.98049926757812,70.98049926757812,67.16580963134766,70.02682495117188,6752,0.0,0.0
2009-07-03 00:00:00+08:00,68.11947631835938,71.52545166015625,68.11947631835938,71.52545166015625,7486,0.0,0.0
2009-07-06 00:00:00+08:00,67.84700012207031,70.70801544189453,67.84700012207031,68.2557144165039,5945,0.0,0.0
2009-07-07 00:00:00+08:00,70.1630630493164,70.1630630493164,66.620849609375,68.11947631835938,13138,0.0,0.0
2009-07-08 00:00:00+08:00,66.75708770751953,67.84700012207031,65.53093719482422,65.66717529296875,6973,0.0,0.0
2009-07-09 00:00:00+08:00,67.43828582763672,68.80067443847656,61.17129135131836,64.03231048583984,24148,0.0,0.0
2009-07-10 00:00:00+08:00,61.98872756958008,65.53093719482422,61.98872756958008,65.53093719482422,5872,0.0,0.0
2009-07-13 00:00:00+08:00,65.39469909667969,68.2557144165039,63.48735427856445,63.623592376708984,11450,0.0,0.0
2009-07-14 00:00:00+08:00,67.43828582763672,67.43828582763672,66.2121353149414,66.620849609375,3303,0.0,0.0
2009-07-15 00:00:00+08:00,68.11947631835938,71.25297546386719,68.11947631835938,70.02682495117188,27378,0.0,0.0
2009-07-16 00:00:00+08:00,74.7951889038086,74.7951889038086,71.38921356201172,73.97775268554688,10789,0.0,0.0
2009-07-17 00:00:00+08:00,70.57177734375,73.56903839111328,70.57177734375,71.38921356201172,8294,0.0,0.0
2009-07-20 00:00:00+08:00,71.38921356201172,71.38921356201172,70.43553924560547,71.38921356201172,7193,0.0,0.0
2009-07-21 00:00:00+08:00,71.38921356201172,73.56903839111328,71.38921356201172,72.20664978027344,13946,0.0,0.0
2009-07-22 00:00:00+08:00,72.4791259765625,74.7951889038086,68.39196014404297,70.8442611694336,6092,0.0,0.0
2009-07-23 00:00:00+08:00,70.70801544189453,70.70801544189453,69.48186492919922,69.89058685302734,3816,0.0,0.0
2009-07-24 00:00:00+08:00,69.61811065673828,71.52545166015625,68.80067443847656,71.52545166015625,9248,0.0,0.0
2009-07-27 00:00:00+08:00,70.8442611694336,74.386474609375,69.61811065673828,70.8442611694336,13579,0.0,0.0
2009-07-28 00:00:00+08:00,68.80067443847656,74.25022888183594,68.80067443847656,70.8442611694336,10055,0.0,0.0
2009-07-29 00:00:00+08:00,70.98049926757812,71.93416595458984,68.80067443847656,69.07315063476562,17395,0.0,0.0
2009-07-30 00:00:00+08:00,68.11947631835938,70.02682495117188,68.11947631835938,69.89058685302734,4037,0.0,0.0
2009-07-31 00:00:00+08:00,68.80067443847656,72.75160217285156,68.11947631835938,68.66443634033203,26350,0.0,0.0
2009-08-03 00:00:00+08:00,68.66443634033203,70.8442611694336,68.66443634033203,68.9369125366211,6899,0.0,0.0
2009-08-04 00:00:00+08:00,71.66168975830078,72.0704116821289,69.20938873291016,69.34562683105469,9175,0.0,0.0
2009-08-05 00:00:00+08:00,69.48186492919922,72.0704116821289,69.48186492919922,71.93416595458984,8147,0.0,0.0
2009-08-06 00:00:00+08:00,73.29656219482422,73.29656219482422,69.61811065673828,69.61811065673828,8587,0.0,0.0
2009-08-10 00:00:00+08:00,69.61811065673828,69.61811065673828,66.07589721679688,66.07589721679688,7780,0.0,0.0
2009-08-11 00:00:00+08:00,67.98323822021484,69.20938873291016,67.43828582763672,68.11947631835938,6532,0.0,0.0
2009-08-12 00:00:00+08:00,68.11947631835938,70.02682495117188,67.30204772949219,67.43828582763672,3376,0.0,0.0
2009-08-13 00:00:00+08:00,68.11947631835938,69.75434875488281,67.57452392578125,69.75434875488281,10716,0.0,0.0
2009-08-14 00:00:00+08:00,68.5281982421875,68.66443634033203,68.39196014404297,68.39196014404297,1247,0.0,0.0
2009-08-17 00:00:00+08:00,68.11947631835938,68.11947631835938,67.43828582763672,67.43828582763672,3082,0.0,0.0
2009-08-18 00:00:00+08:00,68.11947631835938,69.48186492919922,67.43828582763672,67.43828582763672,3743,0.0,0.0
2009-08-19 00:00:00+08:00,67.43828582763672,69.48186492919922,67.43828582763672,69.07315063476562,3229,0.0,0.0
2009-08-20 00:00:00+08:00,70.57177734375,73.43280029296875,68.80067443847656,72.0704116821289,4110,0.0,0.0
2009-08-21 00:00:00+08:00,70.8442611694336,73.43280029296875,70.8442611694336,73.43280029296875,12184,0.0,0.0
2009-08-24 00:00:00+08:00,70.98049926757812,72.20664978027344,70.98049926757812,72.20664978027344,5798,0.0,0.0
2009-08-25 00:00:00+08:00,72.20664978027344,76.29381561279297,69.61811065673828,76.29381561279297,19451,0.0,0.0
2009-08-26 00:00:00+08:00,76.29381561279297,77.65620422363281,75.74886322021484,75.74886322021484,13725,0.0,0.0
2009-08-27 00:00:00+08:00,75.61261749267578,80.3809814453125,75.61261749267578,78.33740234375,14533,0.0,0.0
2009-08-28 00:00:00+08:00,79.69979095458984,83.78695678710938,76.4300537109375,83.10576629638672,25543,0.0,0.0
2009-08-31 00:00:00+08:00,81.19841766357422,83.10576629638672,78.06492614746094,80.10850524902344,35599,0.0,0.0
2009-09-01 00:00:00+08:00,80.10850524902344,83.10576629638672,80.10850524902344,80.3809814453125,6826,0.0,0.0
2009-09-02 00:00:00+08:00,80.3809814453125,81.74337768554688,79.01859283447266,81.74337768554688,2275,0.0,0.0
2009-09-03 00:00:00+08:00,81.06217956542969,82.96952819824219,79.56355285644531,82.96952819824219,13799,0.0,0.0
2009-09-04 00:00:00+08:00,81.74337768554688,88.69155883789062,81.74337768554688,88.69155883789062,45141,0.0,0.0
2009-09-07 00:00:00+08:00,94.4135971069336,94.82231140136719,88.5553207397461,92.0975341796875,26350,0.0,0.0
2009-09-08 00:00:00+08:00,91.96129608154297,92.64249420166016,91.14385986328125,91.28010559082031,25616,0.0,0.0
2009-09-09 00:00:00+08:00,90.4626693725586,91.6888198852539,88.5553207397461,89.23651885986328,21506,0.0,0.0
2009-09-10 00:00:00+08:00,88.5553207397461,88.5553207397461,86.92045593261719,88.5553207397461,10129,0.0,0.0
2009-09-11 00:00:00+08:00,86.5117416381836,89.91770935058594,86.5117416381836,89.91770935058594,4404,0.0,0.0
2009-09-14 00:00:00+08:00,87.19293212890625,88.41908264160156,86.64797973632812,88.41908264160156,4183,0.0,0.0
2009-09-15 00:00:00+08:00,87.46540832519531,88.28284454345703,86.10301971435547,88.28284454345703,13579,0.0,0.0
2009-09-16 00:00:00+08:00,85.96678161621094,85.96678161621094,82.15209197998047,82.15209197998047,7707,0.0,0.0
2009-09-17 00:00:00+08:00,80.3809814453125,81.19841766357422,79.69979095458984,80.51722717285156,11230,0.0,0.0
2009-09-18 00:00:00+08:00,81.74337768554688,84.05944061279297,81.06217956542969,84.05944061279297,6459,0.0,0.0
2009-09-21 00:00:00+08:00,82.42456817626953,85.01310729980469,81.06217956542969,84.46815490722656,11817,0.0,0.0
2009-09-22 00:00:00+08:00,82.42456817626953,84.1956787109375,81.8796157836914,82.42456817626953,4771,0.0,0.0
2009-09-23 00:00:00+08:00,82.15209197998047,85.01310729980469,81.74337768554688,83.65071868896484,9615,0.0,0.0
2009-09-24 00:00:00+08:00,82.288330078125,82.288330078125,79.01859283447266,79.29107666015625,6899,0.0,0.0
2009-09-25 00:00:00+08:00,79.15483093261719,79.15483093261719,77.11125183105469,79.15483093261719,9248,0.0,0.0
2009-09-28 00:00:00+08:00,78.33740234375,78.33740234375,77.65620422363281,77.79244232177734,5651,0.0,0.0
2009-09-29 00:00:00+08:00,77.79244232177734,78.06492614746094,77.11125183105469,77.38372802734375,6752,0.0,0.0
2009-09-30 00:00:00+08:00,81.60713958740234,81.60713958740234,77.65620422363281,79.69979095458984,7266,0.0,0.0
2009-10-01 00:00:00+08:00,82.288330078125,82.288330078125,77.24748992919922,77.24748992919922,9688,0.0,0.0
2009-10-02 00:00:00+08:00,77.24748992919922,79.69979095458984,76.0213394165039,79.56355285644531,4550,0.0,0.0
2009-10-05 00:00:00+08:00,78.60987854003906,81.33465576171875,77.11125183105469,77.79244232177734,12257,0.0,0.0
2009-10-06 00:00:00+08:00,78.06492614746094,79.01859283447266,77.79244232177734,78.33740234375,7780,0.0,0.0
2009-10-07 00:00:00+08:00,78.33740234375,79.01859283447266,77.65620422363281,77.65620422363281,8294,0.0,0.0
2009-10-08 00:00:00+08:00,77.11125183105469,77.79244232177734,76.83877563476562,76.83877563476562,7560,0.0,0.0
2009-10-09 00:00:00+08:00,81.60713958740234,81.60713958740234,76.97501373291016,77.24748992919922,2422,0.0,0.0
2009-10-12 00:00:00+08:00,81.33465576171875,82.42456817626953,79.01859283447266,79.42731475830078,4624,0.0,0.0
2009-10-13 00:00:00+08:00,78.20116424560547,81.74337768554688,78.20116424560547,79.01859283447266,6239,0.0,0.0
2009-10-14 00:00:00+08:00,81.74337768554688,81.74337768554688,79.29107666015625,80.51722717285156,11670,0.0,0.0
2009-10-15 00:00:00+08:00,80.51722717285156,81.74337768554688,79.83602905273438,79.9722671508789,13358,0.0,0.0
2009-10-16 00:00:00+08:00,80.78970336914062,84.1956787109375,80.3809814453125,81.19841766357422,4477,0.0,0.0
2009-10-19 00:00:00+08:00,75.61261749267578,81.33465576171875,75.61261749267578,78.20116424560547,10422,0.0,0.0
2009-10-20 00:00:00+08:00,77.79244232177734,81.06217956542969,77.79244232177734,80.24474334716797,7193,0.0,0.0
2009-10-21 00:00:00+08:00,80.3809814453125,83.10576629638672,79.29107666015625,80.78970336914062,9395,0.0,0.0
2009-10-22 00:00:00+08:00,79.83602905273438,81.74337768554688,79.83602905273438,81.47089385986328,7486,0.0,0.0
2009-10-23 00:00:00+08:00,80.51722717285156,80.51722717285156,79.83602905273438,80.3809814453125,4404,0.0,0.0
2009-10-26 00:00:00+08:00,78.06492614746094,85.14934539794922,78.06492614746094,80.6534652709961,12404,0.0,0.0
2009-10-27 00:00:00+08:00,80.51722717285156,81.60713958740234,80.24474334716797,80.51722717285156,660,0.0,0.0
2009-10-28 00:00:00+08:00,79.29107666015625,84.46815490722656,78.60987854003906,80.10850524902344,4771,0.0,0.0
2009-10-29 00:00:00+08:00,78.33740234375,81.74337768554688,78.20116424560547,79.29107666015625,11303,0.0,0.0
2009-10-30 00:00:00+08:00,79.15483093261719,81.60713958740234,77.92868041992188,78.60987854003906,8514,0.0,0.0
2009-11-02 00:00:00+08:00,77.79244232177734,80.51722717285156,75.06766510009766,80.24474334716797,10349,0.0,0.0
2009-11-03 00:00:00+08:00,78.33740234375,78.33740234375,77.11125183105469,78.33740234375,8220,0.0,0.0
2009-11-04 00:00:00+08:00,78.47364044189453,80.78970336914062,77.79244232177734,80.78970336914062,10643,0.0,0.0
2009-11-05 00:00:00+08:00,79.15483093261719,80.51722717285156,79.15483093261719,80.3809814453125,5798,0.0,0.0
2009-11-06 00:00:00+08:00,79.42731475830078,81.06217956542969,79.15483093261719,79.15483093261719,8514,0.0,0.0
2009-11-09 00:00:00+08:00,79.29107666015625,79.29107666015625,78.06492614746094,78.33740234375,7193,0.0,0.0
2009-11-10 00:00:00+08:00,79.29107666015625,79.42731475830078,78.06492614746094,78.20116424560547,15414,0.0,0.0
2009-11-11 00:00:00+08:00,78.88235473632812,79.56355285644531,77.92868041992188,77.92868041992188,7193,0.0,0.0
2009-11-12 00:00:00+08:00,77.92868041992188,79.01859283447266,77.79244232177734,78.06492614746094,4624,0.0,0.0
2009-11-13 00:00:00+08:00,77.79244232177734,79.83602905273438,77.79244232177734,78.47364044189453,5431,0.0,0.0
2009-11-16 00:00:00+08:00,77.79244232177734,79.01859283447266,77.79244232177734,79.01859283447266,8514,0.0,0.0
2009-11-17 00:00:00+08:00,77.79244232177734,79.01859283447266,76.70252990722656,77.92868041992188,6385,0.0,0.0
2009-11-18 00:00:00+08:00,77.11125183105469,77.92868041992188,77.11125183105469,77.65620422363281,2789,0.0,0.0
2009-11-19 00:00:00+08:00,76.4300537109375,79.9722671508789,76.4300537109375,77.11125183105469,18937,0.0,0.0
2009-11-20 00:00:00+08:00,77.38372802734375,77.38372802734375,73.97775268554688,74.25022888183594,15047,0.0,0.0
2009-11-23 00:00:00+08:00,74.25022888183594,76.83877563476562,73.56903839111328,76.0213394165039,16148,0.0,0.0
2009-11-24 00:00:00+08:00,76.29381561279297,78.06492614746094,74.93142700195312,76.29381561279297,10202,0.0,0.0
2009-11-25 00:00:00+08:00,76.29381561279297,76.97501373291016,74.52271270751953,76.83877563476562,14826,0.0,0.0
2009-11-26 00:00:00+08:00,75.06766510009766,76.4300537109375,75.06766510009766,76.4300537109375,5211,0.0,0.0
2009-11-27 00:00:00+08:00,77.51996612548828,77.65620422363281,75.20390319824219,75.34014129638672,6092,0.0,0.0
2009-11-30 00:00:00+08:00,78.20116424560547,78.20116424560547,75.06766510009766,75.61261749267578,8514,0.0,0.0
2009-12-01 00:00:00+08:00,75.74886322021484,75.74886322021484,74.93142700195312,74.93142700195312,9762,0.0,0.0
2009-12-02 00:00:00+08:00,75.20390319824219,77.24748992919922,73.70527648925781,76.97501373291016,14680,0.0,0.0
2009-12-03 00:00:00+08:00,76.97501373291016,76.97501373291016,76.29381561279297,76.29381561279297,6385,0.0,0.0
2009-12-04 00:00:00+08:00,75.74886322021484,75.74886322021484,70.98049926757812,70.98049926757812,23708,0.0,0.0
2009-12-07 00:00:00+08:00,75.61261749267578,75.61261749267578,70.57177734375,70.70801544189453,11597,0.0,0.0
2009-12-08 00:00:00+08:00,70.43553924560547,70.70801544189453,69.75434875488281,69.75434875488281,8294,0.0,0.0
2009-12-09 00:00:00+08:00,69.61811065673828,69.61811065673828,68.11947631835938,68.11947631835938,12257,0.0,0.0
2009-12-10 00:00:00+08:00,67.43828582763672,71.66168975830078,67.43828582763672,68.66443634033203,11156,0.0,0.0
2009-12-11 00:00:00+08:00,69.48186492919922,71.52545166015625,68.66443634033203,71.52545166015625,7560,0.0,0.0
2009-12-14 00:00:00+08:00,72.75160217285156,72.75160217285156,69.48186492919922,69.75434875488281,7853,0.0,0.0
2009-12-15 00:00:00+08:00,72.0704116821289,72.0704116821289,66.07589721679688,66.89332580566406,39783,0.0,0.0
2009-12-16 00:00:00+08:00,69.20938873291016,69.20938873291016,67.43828582763672,67.57452392578125,7046,0.0,0.0
2009-12-17 00:00:00+08:00,67.57452392578125,72.20664978027344,67.57452392578125,72.20664978027344,29653,0.0,0.0
2009-12-18 00:00:00+08:00,75.47637939453125,76.56629180908203,72.61536407470703,75.06766510009766,21359,0.0,0.0
2009-12-21 00:00:00+08:00,76.4300537109375,80.24474334716797,76.4300537109375,80.24474334716797,25763,0.0,0.0
2009-12-22 00:00:00+08:00,85.8305435180664,85.8305435180664,82.42456817626953,85.8305435180664,71198,0.0,0.0
2009-12-23 00:00:00+08:00,88.5553207397461,89.64523315429688,79.83602905273438,79.83602905273438,73033,0.0,0.0
2009-12-24 00:00:00+08:00,74.25022888183594,76.0213394165039,74.25022888183594,74.25022888183594,41544,0.0,0.0
2009-12-25 00:00:00+08:00,69.20938873291016,75.61261749267578,69.20938873291016,72.8878402709961,54096,0.0,0.0
2009-12-28 00:00:00+08:00,73.16031646728516,74.93142700195312,71.11673736572266,72.75160217285156,23488,0.0,0.0
2009-12-29 00:00:00+08:00,71.79792785644531,74.65895080566406,70.8442611694336,73.29656219482422,32809,0.0,0.0
2009-12-30 00:00:00+08:00,73.29656219482422,76.29381561279297,72.20664978027344,76.29381561279297,14973,0.0,0.0
2009-12-31 00:00:00+08:00,78.33740234375,80.3809814453125,76.29381561279297,80.3809814453125,49765,0.0,0.0
2010-01-04 00:00:00+08:00,82.83328247070312,82.83328247070312,77.65620422363281,80.6534652709961,45728,0.0,0.0
2010-01-05 00:00:00+08:00,81.06217956542969,81.06217956542969,78.33740234375,80.3809814453125,31121,0.0,0.0
2010-01-06 00:00:00+08:00,79.69979095458984,80.3809814453125,79.01859283447266,80.3809814453125,20331,0.0,0.0
2010-01-07 00:00:00+08:00,77.92868041992188,79.83602905273438,77.92868041992188,79.01859283447266,19597,0.0,0.0
2010-01-08 00:00:00+08:00,76.4300537109375,78.33740234375,76.4300537109375,76.56629180908203,21065,0.0,0.0
2010-01-11 00:00:00+08:00,77.38372802734375,77.38372802734375,73.84151458740234,74.25022888183594,20698,0.0,0.0
2010-01-12 00:00:00+08:00,79.01859283447266,79.01859283447266,74.386474609375,76.29381561279297,18863,0.0,0.0
2010-01-13 00:00:00+08:00,76.0213394165039,76.15757751464844,75.20390319824219,75.20390319824219,9982,0.0,0.0
2010-01-14 00:00:00+08:00,74.25022888183594,77.65620422363281,74.25022888183594,76.97501373291016,37434,0.0,0.0
2010-01-15 00:00:00+08:00,78.33740234375,79.69979095458984,75.74886322021484,77.65620422363281,30754,0.0,0.0
2010-01-18 00:00:00+08:00,77.65620422363281,77.65620422363281,75.88510131835938,77.65620422363281,24148,0.0,0.0
2010-01-19 00:00:00+08:00,77.65620422363281,82.6970443725586,76.29381561279297,82.6970443725586,38241,0.0,0.0
2010-01-20 00:00:00+08:00,88.41908264160156,88.41908264160156,83.37824249267578,84.46815490722656,84337,0.0,0.0
2010-01-21 00:00:00+08:00,81.74337768554688,87.46540832519531,81.74337768554688,84.46815490722656,36920,0.0,0.0
2010-01-22 00:00:00+08:00,83.10576629638672,84.46815490722656,81.33465576171875,84.05944061279297,32442,0.0,0.0
2010-01-25 00:00:00+08:00,81.47089385986328,83.78695678710938,80.3809814453125,82.01585388183594,26424,0.0,0.0
2010-01-26 00:00:00+08:00,83.65071868896484,83.65071868896484,78.33740234375,78.33740234375,24882,0.0,0.0
2010-01-27 00:00:00+08:00,76.4300537109375,80.10850524902344,74.93142700195312,77.92868041992188,19304,0.0,0.0
2010-01-28 00:00:00+08:00,75.74886322021484,81.47089385986328,75.74886322021484,80.3809814453125,12771,0.0,0.0
2010-01-29 00:00:00+08:00,80.10850524902344,80.3809814453125,76.29381561279297,77.65620422363281,14019,0.0,0.0
2010-02-01 00:00:00+08:00,77.65620422363281,77.65620422363281,76.56629180908203,76.70252990722656,6018,0.0,0.0
2010-02-02 00:00:00+08:00,77.79244232177734,79.01859283447266,76.70252990722656,76.70252990722656,19157,0.0,0.0
2010-02-03 00:00:00+08:00,77.11125183105469,77.65620422363281,76.15757751464844,76.70252990722656,14753,0.0,0.0
2010-02-04 00:00:00+08:00,76.70252990722656,77.65620422363281,76.29381561279297,76.83877563476562,14680,0.0,0.0
2010-02-05 00:00:00+08:00,73.56903839111328,73.84151458740234,71.52545166015625,71.52545166015625,25763,0.0,0.0
2010-02-08 00:00:00+08:00,68.5281982421875,68.5281982421875,65.53093719482422,67.16580963134766,6165,0.0,0.0
2010-02-09 00:00:00+08:00,67.16580963134766,68.2557144165039,65.66717529296875,68.2557144165039,8734,0.0,0.0
2010-02-10 00:00:00+08:00,68.2557144165039,70.8442611694336,65.39469909667969,69.48186492919922,17175,0.0,0.0
2010-02-22 00:00:00+08:00,74.1139907836914,74.25022888183594,74.1139907836914,74.25022888183594,6532,0.0,0.0
2010-02-23 00:00:00+08:00,76.56629180908203,77.92868041992188,72.61536407470703,77.65620422363281,13505,0.0,0.0
2010-02-24 00:00:00+08:00,75.06766510009766,77.65620422363281,75.06766510009766,75.61261749267578,13652,0.0,0.0
2010-02-25 00:00:00+08:00,73.70527648925781,76.56629180908203,73.70527648925781,76.29381561279297,9248,0.0,0.0
2010-02-26 00:00:00+08:00,74.93142700195312,76.15757751464844,73.16031646728516,73.70527648925781,6385,0.0,0.0
2010-03-01 00:00:00+08:00,71.66168975830078,72.20664978027344,71.66168975830078,72.20664978027344,1981,0.0,0.0
2010-03-02 00:00:00+08:00,71.11673736572266,72.20664978027344,68.66443634033203,69.61811065673828,17249,0.0,0.0
2010-03-03 00:00:00+08:00,69.75434875488281,74.386474609375,69.75434875488281,74.386474609375,39929,0.0,0.0
2010-03-04 00:00:00+08:00,74.386474609375,74.386474609375,71.11673736572266,71.11673736572266,7413,0.0,0.0
2010-03-05 00:00:00+08:00,72.20664978027344,73.56903839111328,71.38921356201172,72.8878402709961,3890,0.0,0.0
2010-03-08 00:00:00+08:00,73.56903839111328,74.1139907836914,71.66168975830078,74.1139907836914,12331,0.0,0.0
2010-03-09 00:00:00+08:00,72.4791259765625,73.56903839111328,72.20664978027344,73.56903839111328,4771,0.0,0.0
2010-03-10 00:00:00+08:00,75.74886322021484,75.74886322021484,71.66168975830078,72.34288787841797,9321,0.0,0.0
2010-03-11 00:00:00+08:00,70.98049926757812,76.0213394165039,70.98049926757812,72.8878402709961,11964,0.0,0.0
2010-03-12 00:00:00+08:00,74.93142700195312,74.93142700195312,69.61811065673828,72.20664978027344,11744,0.0,0.0
2010-03-15 00:00:00+08:00,72.0704116821289,72.0704116821289,69.75434875488281,70.1630630493164,9688,0.0,0.0
2010-03-16 00:00:00+08:00,72.20664978027344,75.06766510009766,70.1630630493164,72.8878402709961,13432,0.0,0.0
2010-03-17 00:00:00+08:00,72.8878402709961,77.65620422363281,72.8878402709961,77.51996612548828,22974,0.0,0.0
2010-03-18 00:00:00+08:00,73.97775268554688,77.38372802734375,73.84151458740234,76.29381561279297,10349,0.0,0.0
2010-03-19 00:00:00+08:00,78.7461166381836,79.15483093261719,74.93142700195312,77.65620422363281,10643,0.0,0.0
2010-03-22 00:00:00+08:00,77.65620422363281,77.65620422363281,77.65620422363281,77.65620422363281,0,0.0,0.0
2010-03-23 00:00:00+08:00,76.97501373291016,79.42731475830078,76.97501373291016,77.65620422363281,5725,0.0,0.0
2010-03-24 00:00:00+08:00,80.10850524902344,81.60713958740234,77.65620422363281,77.92868041992188,21799,0.0,0.0
2010-03-25 00:00:00+08:00,77.65620422363281,79.69979095458984,73.56903839111328,76.97501373291016,21212,0.0,0.0
2010-03-26 00:00:00+08:00,77.38372802734375,78.33740234375,74.65895080566406,77.38372802734375,10789,0.0,0.0
2010-03-29 00:00:00+08:00,75.34014129638672,77.65620422363281,74.7951889038086,74.7951889038086,12698,0.0,0.0
2010-03-30 00:00:00+08:00,77.24748992919922,79.9722671508789,75.74886322021484,79.9722671508789,34278,0.0,0.0
2010-03-31 00:00:00+08:00,85.55806732177734,85.55806732177734,81.06217956542969,82.15209197998047,69803,0.0,0.0
2010-04-01 00:00:00+08:00,79.01859283447266,84.87686920166016,79.01859283447266,81.74337768554688,20552,0.0,0.0
2010-04-02 00:00:00+08:00,80.3809814453125,82.96952819824219,79.15483093261719,82.83328247070312,30167,0.0,0.0
2010-04-06 00:00:00+08:00,81.74337768554688,84.46815490722656,81.74337768554688,84.46815490722656,51820,0.0,0.0
2010-04-07 00:00:00+08:00,85.14934539794922,85.14934539794922,81.8796157836914,83.65071868896484,19524,0.0,0.0
2010-04-08 00:00:00+08:00,85.42182922363281,85.42182922363281,81.8796157836914,82.01585388183594,21653,0.0,0.0
2010-04-09 00:00:00+08:00,81.74337768554688,83.78695678710938,81.74337768554688,81.74337768554688,32222,0.0,0.0
2010-04-12 00:00:00+08:00,87.46540832519531,87.46540832519531,85.55806732177734,87.46540832519531,100705,0.0,0.0
2010-04-13 00:00:00+08:00,89.91770935058594,89.91770935058594,87.60164642333984,88.1466064453125,26864,0.0,0.0
2010-04-14 00:00:00+08:00,88.1466064453125,88.5553207397461,84.74063110351562,88.28284454345703,28699,0.0,0.0
2010-04-15 00:00:00+08:00,88.28284454345703,91.55258178710938,87.87413024902344,87.87413024902344,33397,0.0,0.0
2010-04-16 00:00:00+08:00,87.87413024902344,88.5553207397461,84.87686920166016,85.55806732177734,21139,0.0,0.0
2010-04-19 00:00:00+08:00,83.37824249267578,87.19293212890625,83.37824249267578,85.8305435180664,37434,0.0,0.0
2010-04-20 00:00:00+08:00,84.1956787109375,86.5117416381836,84.1956787109375,85.8305435180664,38755,0.0,0.0
2010-04-21 00:00:00+08:00,85.8305435180664,89.91770935058594,84.74063110351562,86.64797973632812,73180,0.0,0.0
2010-04-22 00:00:00+08:00,83.37824249267578,88.82779693603516,83.37824249267578,88.28284454345703,29139,0.0,0.0
2010-04-23 00:00:00+08:00,88.28284454345703,88.28284454345703,86.5117416381836,86.5117416381836,31415,0.0,0.0
2010-04-26 00:00:00+08:00,86.64797973632812,92.5062484741211,86.5117416381836,92.5062484741211,147534,0.0,0.0
2010-04-27 00:00:00+08:00,93.32368469238281,98.09204864501953,88.69155883789062,88.69155883789062,99017,0.0,0.0
2010-04-28 00:00:00+08:00,94.19043731689453,94.19043731689453,94.19043731689453,94.19043731689453,186473,0.0,0.531
2010-04-29 00:00:00+08:00,94.19043731689453,94.19043731689453,94.19043731689453,94.19043731689453,186473,0.0,0.0
2010-04-30 00:00:00+08:00,94.19043731689453,94.19043731689453,94.19043731689453,94.19043731689453,186473,0.0,0.0
2010-05-03 00:00:00+08:00,94.19043731689453,94.19043731689453,94.19043731689453,94.19043731689453,186473,0.0,0.0
2010-05-04 00:00:00+08:00,94.19043731689453,94.19043731689453,94.19043731689453,94.19043731689453,186473,0.0,0.0
2010-05-05 00:00:00+08:00,94.19043731689453,94.19043731689453,94.19043731689453,94.19043731689453,186473,0.0,0.0
2010-05-06 00:00:00+08:00,94.19043731689453,94.19043731689453,94.19043731689453,94.19043731689453,186473,0.0,0.0
2010-05-07 00:00:00+08:00,94.19043731689453,94.19043731689453,94.19043731689453,94.19043731689453,186473,0.0,0.0
2010-05-10 00:00:00+08:00,94.19043731689453,94.19043731689453,94.19043731689453,94.19043731689453,186473,0.0,0.0
2010-05-11 00:00:00+08:00,94.19043731689453,94.19043731689453,94.19043731689453,94.19043731689453,186473,0.0,0.0
2010-05-12 00:00:00+08:00,94.19043731689453,94.19043731689453,94.19043731689453,94.19043731689453,186473,0.0,0.0
2010-05-13 00:00:00+08:00,94.19043731689453,94.19043731689453,94.19043731689453,94.19043731689453,186473,0.0,0.0
2010-05-14 00:00:00+08:00,94.76918029785156,94.76918029785156,94.76918029785156,94.76918029785156,50868,0.0,0.0
2010-05-17 00:00:00+08:00,101.28004455566406,101.28004455566406,101.28004455566406,101.28004455566406,281852,0.0,0.0
2010-05-18 00:00:00+08:00,108.15261840820312,108.15261840820312,97.30118560791016,100.55661010742188,533984,0.0,0.0
2010-05-19 00:00:00+08:00,97.66289520263672,99.10975646972656,93.68403625488281,94.407470703125,273558,0.0,0.0
2010-05-20 00:00:00+08:00,94.407470703125,94.76918029785156,87.8966064453125,87.8966064453125,179561,0.0,0.0
2010-05-21 00:00:00+08:00,81.7474594116211,83.9177474975586,81.7474594116211,81.7474594116211,156753,0.0,0.0
2010-05-24 00:00:00+08:00,81.7474594116211,83.5560302734375,81.02403259277344,81.02403259277344,74782,0.0,0.0
2010-05-25 00:00:00+08:00,79.5771713256836,79.5771713256836,75.59831237792969,75.59831237792969,73123,0.0,0.0
2010-05-26 00:00:00+08:00,72.70459747314453,76.68345642089844,72.34288787841797,72.34288787841797,92338,0.0,0.0
2010-05-27 00:00:00+08:00,73.42803192138672,77.40689086914062,72.70459747314453,77.40689086914062,50868,0.0,0.0
2010-05-28 00:00:00+08:00,82.47088623046875,82.47088623046875,82.47088623046875,82.47088623046875,59577,0.0,0.0
2010-05-31 00:00:00+08:00,87.8966064453125,87.8966064453125,87.8966064453125,87.8966064453125,45754,0.0,0.0
2010-06-01 00:00:00+08:00,94.0457534790039,94.0457534790039,89.7051773071289,94.0457534790039,495418,0.0,0.0
2010-06-02 00:00:00+08:00,92.2371826171875,93.32232666015625,87.8966064453125,89.34346771240234,226974,0.0,0.0
2010-06-03 00:00:00+08:00,91.8754653930664,95.49260711669922,88.98175048828125,95.49260711669922,218957,0.0,0.0
2010-06-04 00:00:00+08:00,96.57775115966797,97.66289520263672,92.59889221191406,94.76918029785156,174585,0.0,0.0
2010-06-07 00:00:00+08:00,90.4286117553711,96.2160415649414,89.34346771240234,93.32232666015625,145003,0.0,0.0
2010-06-08 00:00:00+08:00,94.0457534790039,94.76918029785156,93.32232666015625,93.68403625488281,74782,0.0,0.0
2010-06-09 00:00:00+08:00,95.49260711669922,95.49260711669922,87.17317962646484,87.5348892211914,112381,0.0,0.0
2010-06-10 00:00:00+08:00,87.8966064453125,88.98175048828125,86.0880355834961,87.5348892211914,40501,0.0,0.0
2010-06-11 00:00:00+08:00,89.34346771240234,89.7051773071289,86.81146240234375,88.2583236694336,70221,0.0,0.0
2010-06-14 00:00:00+08:00,87.5348892211914,88.62003326416016,86.81146240234375,86.81146240234375,37875,0.0,0.0
2010-06-15 00:00:00+08:00,90.06689453125,92.59889221191406,88.62003326416016,92.59889221191406,79897,0.0,0.0
2010-06-17 00:00:00+08:00,95.49260711669922,98.74803924560547,94.0457534790039,98.74803924560547,151777,0.0,0.0
2010-06-18 00:00:00+08:00,101.28004455566406,103.45032501220703,97.30118560791016,100.19490051269531,267061,0.0,0.0
2010-06-21 00:00:00+08:00,101.28004455566406,101.28004455566406,98.02461242675781,99.10975646972656,97314,0.0,0.0
2010-06-22 00:00:00+08:00,100.55661010742188,100.55661010742188,97.66289520263672,98.02461242675781,82247,0.0,0.0
2010-06-23 00:00:00+08:00,97.30118560791016,98.3863296508789,95.49260711669922,96.93946838378906,59715,0.0,0.0
2010-06-24 00:00:00+08:00,96.93946838378906,103.45032501220703,95.85432434082031,103.45032501220703,202093,0.0,0.0
2010-06-25 00:00:00+08:00,105.25890350341797,110.68461608886719,101.64175415039062,109.96118927001953,554857,0.0,0.0
2010-06-28 00:00:00+08:00,109.96118927001953,109.96118927001953,109.96118927001953,109.96118927001953,0,0.0,0.0
2010-06-29 00:00:00+08:00,112.13147735595703,112.85490417480469,106.34403991699219,107.06747436523438,243147,0.0,0.0
2010-06-30 00:00:00+08:00,104.53546905517578,109.96118927001953,103.45032501220703,109.96118927001953,145695,0.0,0.0
2010-07-01 00:00:00+08:00,109.96118927001953,109.96118927001953,106.70575714111328,106.70575714111328,87638,0.0,0.0
2010-07-02 00:00:00+08:00,106.70575714111328,109.23776245117188,99.47146606445312,104.89718627929688,165600,0.0,0.0
2010-07-05 00:00:00+08:00,105.62061309814453,106.34403991699219,102.72689819335938,106.34403991699219,80588,0.0,0.0
2010-07-06 00:00:00+08:00,105.25890350341797,108.51432800292969,103.81204223632812,105.98233032226562,111275,0.0,0.0
2010-07-07 00:00:00+08:00,106.34403991699219,106.70575714111328,104.17375946044922,104.89718627929688,73262,0.0,0.0
2010-07-08 00:00:00+08:00,105.62061309814453,108.51432800292969,104.53546905517578,104.89718627929688,55154,0.0,0.0
2010-07-09 00:00:00+08:00,104.17375946044922,107.79090118408203,103.81204223632812,103.81204223632812,85288,0.0,0.0
2010-07-12 00:00:00+08:00,105.98233032226562,110.68461608886719,104.17375946044922,109.23776245117188,157444,0.0,0.0
2010-07-13 00:00:00+08:00,112.85490417480469,112.85490417480469,105.62061309814453,107.06747436523438,97452,0.0,0.0
2010-07-14 00:00:00+08:00,108.51432800292969,108.51432800292969,104.17375946044922,104.17375946044922,110860,0.0,0.0
2010-07-15 00:00:00+08:00,104.53546905517578,105.62061309814453,102.00347137451172,103.08861541748047,64000,0.0,0.0
2010-07-16 00:00:00+08:00,104.17375946044922,104.17375946044922,101.28004455566406,101.28004455566406,75612,0.0,0.0
2010-07-19 00:00:00+08:00,97.66289520263672,99.83318328857422,97.66289520263672,98.3863296508789,68424,0.0,0.0
2010-07-20 00:00:00+08:00,98.3863296508789,101.28004455566406,98.3863296508789,100.91832733154297,56951,0.0,0.0
2010-07-21 00:00:00+08:00,100.91832733154297,103.08861541748047,99.47146606445312,99.47146606445312,28060,0.0,0.0
2010-07-22 00:00:00+08:00,101.28004455566406,101.28004455566406,98.3863296508789,98.74803924560547,38704,0.0,0.0
2010-07-23 00:00:00+08:00,99.10975646972656,104.17375946044922,99.10975646972656,103.08861541748047,64830,0.0,0.0
2010-07-26 00:00:00+08:00,102.72689819335938,103.81204223632812,101.28004455566406,102.36518096923828,54877,0.0,0.0
2010-07-27 00:00:00+08:00,103.81204223632812,103.81204223632812,100.55661010742188,101.28004455566406,43404,0.0,0.0
2010-07-28 00:00:00+08:00,101.28004455566406,102.72689819335938,99.83318328857422,101.64175415039062,67041,0.0,0.0
2010-07-29 00:00:00+08:00,100.19490051269531,101.64175415039062,99.83318328857422,101.28004455566406,33728,0.0,0.0
2010-07-30 00:00:00+08:00,101.28004455566406,101.28004455566406,98.3863296508789,98.74803924560547,44924,0.0,0.0
2010-08-02 00:00:00+08:00,99.10975646972656,101.28004455566406,98.74803924560547,99.47146606445312,42989,0.0,0.0
2010-08-03 00:00:00+08:00,99.47146606445312,100.55661010742188,98.74803924560547,100.19490051269531,47827,0.0,0.0
2010-08-04 00:00:00+08:00,101.28004455566406,101.28004455566406,98.74803924560547,99.10975646972656,37460,0.0,0.0
2010-08-05 00:00:00+08:00,99.47146606445312,100.19490051269531,95.49260711669922,98.3863296508789,50315,0.0,0.0
2010-08-06 00:00:00+08:00,97.66289520263672,99.47146606445312,96.2160415649414,97.30118560791016,15620,0.0,0.0
2010-08-09 00:00:00+08:00,97.30118560791016,97.30118560791016,94.0457534790039,95.49260711669922,76717,0.0,0.0
2010-08-10 00:00:00+08:00,94.0457534790039,97.30118560791016,94.0457534790039,95.49260711669922,28337,0.0,0.0
2010-08-11 00:00:00+08:00,95.49260711669922,96.2160415649414,94.0457534790039,94.0457534790039,41469,0.0,0.0
2010-08-12 00:00:00+08:00,94.0457534790039,95.13089752197266,91.15203857421875,91.8754653930664,54739,0.0,0.0
2010-08-13 00:00:00+08:00,90.4286117553711,92.96060943603516,90.4286117553711,92.2371826171875,39810,0.0,0.0
2010-08-16 00:00:00+08:00,92.96060943603516,92.96060943603516,88.98175048828125,88.98175048828125,97867,0.0,0.0
2010-08-17 00:00:00+08:00,90.4286117553711,90.4286117553711,87.5348892211914,87.5348892211914,113763,0.0,0.0
2010-08-18 00:00:00+08:00,89.7051773071289,91.8754653930664,87.5348892211914,91.15203857421875,70774,0.0,0.0
2010-08-19 00:00:00+08:00,91.15203857421875,91.15203857421875,88.98175048828125,88.98175048828125,32069,0.0,0.0
2010-08-20 00:00:00+08:00,88.2583236694336,88.98175048828125,87.5348892211914,88.98175048828125,23084,0.0,0.0
2010-08-23 00:00:00+08:00,88.98175048828125,91.15203857421875,88.2583236694336,89.7051773071289,25987,0.0,0.0
2010-08-24 00:00:00+08:00,91.15203857421875,91.15203857421875,88.2583236694336,88.2583236694336,21702,0.0,0.0
2010-08-25 00:00:00+08:00,87.5348892211914,87.8966064453125,85.726318359375,85.726318359375,28199,0.0,0.0
2010-08-26 00:00:00+08:00,86.0880355834961,88.2583236694336,85.726318359375,85.726318359375,29857,0.0,0.0
2010-08-27 00:00:00+08:00,86.81146240234375,87.17317962646484,84.64117431640625,86.0880355834961,19075,0.0,0.0
2010-08-30 00:00:00+08:00,86.0880355834961,86.81146240234375,82.83260345458984,83.9177474975586,32898,0.0,0.0
2010-08-31 00:00:00+08:00,82.47088623046875,82.47088623046875,78.13031768798828,78.13031768798828,61650,0.0,0.0
2010-09-01 00:00:00+08:00,78.13031768798828,78.85374450683594,73.78974151611328,75.96002960205078,40225,0.0,0.0
2010-09-02 00:00:00+08:00,75.96002960205078,78.13031768798828,75.96002960205078,76.32174682617188,24743,0.0,0.0
2010-09-03 00:00:00+08:00,76.32174682617188,78.85374450683594,76.32174682617188,78.85374450683594,31654,0.0,0.0
2010-09-06 00:00:00+08:00,81.7474594116211,81.7474594116211,77.40689086914062,78.85374450683594,35663,0.0,0.0
2010-09-07 00:00:00+08:00,79.5771713256836,80.66231536865234,78.13031768798828,80.30060577392578,28337,0.0,0.0
2010-09-08 00:00:00+08:00,79.5771713256836,80.66231536865234,78.13031768798828,78.49203491210938,19490,0.0,0.0
2010-09-09 00:00:00+08:00,79.5771713256836,79.5771713256836,76.32174682617188,76.32174682617188,40778,0.0,0.0
2010-09-10 00:00:00+08:00,76.32174682617188,78.49203491210938,76.32174682617188,77.40689086914062,18384,0.0,0.0
2010-09-13 00:00:00+08:00,77.40689086914062,79.21546173095703,76.32174682617188,76.32174682617188,37598,0.0,0.0
2010-09-14 00:00:00+08:00,77.40689086914062,78.13031768798828,75.96002960205078,75.96002960205078,16864,0.0,0.0
2010-09-15 00:00:00+08:00,75.96002960205078,78.13031768798828,74.87488555908203,78.13031768798828,37184,0.0,0.0
2010-09-16 00:00:00+08:00,78.13031768798828,83.5560302734375,78.13031768798828,83.5560302734375,42298,0.0,0.0
2010-09-17 00:00:00+08:00,89.34346771240234,89.34346771240234,89.34346771240234,89.34346771240234,64691,0.0,0.0
2010-09-20 00:00:00+08:00,94.76918029785156,94.76918029785156,89.34346771240234,89.34346771240234,216469,0.0,0.0
2010-09-21 00:00:00+08:00,90.4286117553711,90.79032135009766,85.36460876464844,86.81146240234375,93305,0.0,0.0
2010-09-23 00:00:00+08:00,90.4286117553711,90.4286117553711,86.0880355834961,89.7051773071289,32345,0.0,0.0
2010-09-24 00:00:00+08:00,89.34346771240234,89.34346771240234,86.81146240234375,86.81146240234375,16587,0.0,0.0
2010-09-27 00:00:00+08:00,86.44975280761719,87.8966064453125,84.64117431640625,84.64117431640625,15620,0.0,0.0
2010-09-28 00:00:00+08:00,84.64117431640625,85.36460876464844,83.19432067871094,84.27946472167969,18661,0.0,0.0
2010-09-29 00:00:00+08:00,85.726318359375,86.0880355834961,83.19432067871094,85.00289154052734,10229,0.0,0.0
2010-09-30 00:00:00+08:00,84.27946472167969,87.5348892211914,84.27946472167969,86.81146240234375,22116,0.0,0.0
2010-10-01 00:00:00+08:00,85.36460876464844,86.44975280761719,83.9177474975586,84.27946472167969,24052,0.0,0.0
2010-10-04 00:00:00+08:00,84.27946472167969,85.36460876464844,82.10917663574219,82.10917663574219,30825,0.0,0.0
2010-10-05 00:00:00+08:00,82.10917663574219,82.10917663574219,79.5771713256836,79.93888854980469,31931,0.0,0.0
2010-10-06 00:00:00+08:00,80.30060577392578,80.66231536865234,78.13031768798828,78.13031768798828,59715,0.0,0.0
2010-10-07 00:00:00+08:00,78.13031768798828,83.5560302734375,76.68345642089844,83.5560302734375,41469,0.0,0.0
2010-10-08 00:00:00+08:00,83.5560302734375,83.5560302734375,81.7474594116211,82.47088623046875,26402,0.0,0.0
2010-10-11 00:00:00+08:00,79.5771713256836,81.38574981689453,78.49203491210938,78.85374450683594,12164,0.0,0.0
2010-10-12 00:00:00+08:00,78.85374450683594,79.5771713256836,77.76860046386719,78.85374450683594,10643,0.0,0.0
2010-10-13 00:00:00+08:00,78.85374450683594,81.7474594116211,78.85374450683594,79.93888854980469,8155,0.0,0.0
2010-10-14 00:00:00+08:00,79.93888854980469,81.02403259277344,78.85374450683594,78.85374450683594,16587,0.0,0.0
2010-10-15 00:00:00+08:00,78.85374450683594,79.5771713256836,73.78974151611328,76.68345642089844,26263,0.0,0.0
2010-10-18 00:00:00+08:00,75.23660278320312,81.38574981689453,75.23660278320312,77.76860046386719,29304,0.0,0.0
2010-10-19 00:00:00+08:00,78.49203491210938,79.21546173095703,75.96002960205078,75.96002960205078,24190,0.0,0.0
2010-10-20 00:00:00+08:00,75.96002960205078,78.13031768798828,75.23660278320312,76.32174682617188,30134,0.0,0.0
2010-10-21 00:00:00+08:00,78.13031768798828,81.38574981689453,78.13031768798828,81.38574981689453,24190,0.0,0.0
2010-10-22 00:00:00+08:00,86.81146240234375,86.81146240234375,83.9177474975586,86.81146240234375,180252,0.0,0.0
2010-10-25 00:00:00+08:00,83.9177474975586,86.44975280761719,82.10917663574219,82.10917663574219,100631,0.0,0.0
2010-10-26 00:00:00+08:00,85.726318359375,87.5348892211914,83.19432067871094,87.5348892211914,113072,0.0,0.0
2010-10-27 00:00:00+08:00,92.2371826171875,92.2371826171875,83.9177474975586,84.27946472167969,121504,0.0,0.0
2010-10-28 00:00:00+08:00,83.9177474975586,83.9177474975586,81.38574981689453,81.38574981689453,46169,0.0,0.0
2010-10-29 00:00:00+08:00,79.93888854980469,85.36460876464844,79.93888854980469,83.5560302734375,43957,0.0,0.0
2010-11-01 00:00:00+08:00,81.38574981689453,84.64117431640625,81.38574981689453,81.38574981689453,33866,0.0,0.0
2010-11-02 00:00:00+08:00,82.47088623046875,82.47088623046875,77.40689086914062,77.40689086914062,59992,0.0,0.0
2010-11-03 00:00:00+08:00,77.40689086914062,80.30060577392578,75.96002960205078,77.76860046386719,31516,0.0,0.0
2010-11-04 00:00:00+08:00,77.76860046386719,79.5771713256836,76.68345642089844,77.04517364501953,23222,0.0,0.0
2010-11-05 00:00:00+08:00,77.04517364501953,78.13031768798828,76.32174682617188,77.40689086914062,20596,0.0,0.0
2010-11-08 00:00:00+08:00,77.04517364501953,77.40689086914062,76.32174682617188,76.68345642089844,13,0.0,0.0
2010-11-09 00:00:00+08:00,76.68345642089844,78.49203491210938,76.68345642089844,77.40689086914062,22669,0.0,0.0
2010-11-10 00:00:00+08:00,77.04517364501953,77.04517364501953,75.59831237792969,76.32174682617188,26954,0.0,0.0
2010-11-11 00:00:00+08:00,75.96002960205078,78.49203491210938,75.23660278320312,75.96002960205078,45339,0.0,0.0
2010-11-12 00:00:00+08:00,75.96002960205078,77.04517364501953,75.59831237792969,75.96002960205078,19214,0.0,0.0
2010-11-15 00:00:00+08:00,75.96002960205078,77.04517364501953,75.59831237792969,75.59831237792969,22255,0.0,0.0
2010-11-16 00:00:00+08:00,70.3172836303711,75.23660278320312,70.3172836303711,73.78974151611328,42713,0.0,0.0
2010-11-17 00:00:00+08:00,72.70459747314453,75.23660278320312,72.34288787841797,73.78974151611328,27922,0.0,0.0
2010-11-18 00:00:00+08:00,73.78974151611328,75.23660278320312,73.42803192138672,74.51317596435547,14652,0.0,0.0
2010-11-19 00:00:00+08:00,75.23660278320312,75.23660278320312,73.42803192138672,73.78974151611328,8293,0.0,0.0
2010-11-22 00:00:00+08:00,73.42803192138672,74.51317596435547,73.06631469726562,73.06631469726562,15067,0.0,0.0
2010-11-23 00:00:00+08:00,73.06631469726562,75.59831237792969,73.06631469726562,73.78974151611328,15067,0.0,0.0
2010-11-24 00:00:00+08:00,73.06631469726562,73.78974151611328,72.70459747314453,73.78974151611328,15067,0.0,0.0
2010-11-25 00:00:00+08:00,74.51317596435547,74.51317596435547,71.98117065429688,72.1258544921875,22116,0.0,0.0
2010-11-26 00:00:00+08:00,72.34288787841797,73.06631469726562,71.47476959228516,72.34288787841797,20872,0.0,0.0
2010-11-29 00:00:00+08:00,74.15145874023438,74.15145874023438,72.34288787841797,72.70459747314453,12026,0.0,0.0
2010-11-30 00:00:00+08:00,72.34288787841797,72.34288787841797,71.83648681640625,71.98117065429688,18799,0.0,0.0
2010-12-01 00:00:00+08:00,71.33008575439453,72.34288787841797,71.33008575439453,72.19820404052734,14237,0.0,0.0
2010-12-02 00:00:00+08:00,72.34288787841797,73.42803192138672,72.19820404052734,72.34288787841797,16864,0.0,0.0
2010-12-03 00:00:00+08:00,72.34288787841797,73.78974151611328,72.34288787841797,72.34288787841797,16449,0.0,0.0
2010-12-06 00:00:00+08:00,72.34288787841797,72.34288787841797,70.89602661132812,70.89602661132812,13961,0.0,0.0
2010-12-07 00:00:00+08:00,70.17259979248047,72.34288787841797,70.17259979248047,71.61945343017578,18384,0.0,0.0
2010-12-08 00:00:00+08:00,72.34288787841797,76.32174682617188,71.61945343017578,76.32174682617188,89711,0.0,0.0
2010-12-09 00:00:00+08:00,71.61945343017578,74.51317596435547,71.61945343017578,74.15145874023438,47827,0.0,0.0
2010-12-10 00:00:00+08:00,73.42803192138672,73.42803192138672,71.69180297851562,71.83648681640625,29857,0.0,0.0
2010-12-13 00:00:00+08:00,70.96836853027344,72.34288787841797,70.96836853027344,71.61945343017578,17555,0.0,0.0
2010-12-14 00:00:00+08:00,71.61945343017578,73.42803192138672,71.61945343017578,71.76414489746094,31793,0.0,0.0
2010-12-15 00:00:00+08:00,71.83648681640625,72.70459747314453,71.76414489746094,72.05351257324219,19352,0.0,0.0
2010-12-16 00:00:00+08:00,72.05351257324219,72.05351257324219,70.24494171142578,71.40242767333984,36907,0.0,0.0
2010-12-17 00:00:00+08:00,71.25774383544922,72.27054595947266,70.96836853027344,70.96836853027344,29028,0.0,0.0
2010-12-20 00:00:00+08:00,70.24494171142578,71.54711151123047,70.24494171142578,70.60665893554688,11887,0.0,0.0
2010-12-21 00:00:00+08:00,70.60665893554688,71.25774383544922,70.46196746826172,71.1854019165039,25019,0.0,0.0
2010-12-22 00:00:00+08:00,70.89602661132812,70.89602661132812,70.17259979248047,70.53431701660156,18,0.0,0.0
2010-12-23 00:00:00+08:00,70.53431701660156,75.23660278320312,70.17259979248047,72.34288787841797,49348,0.0,0.0
2010-12-24 00:00:00+08:00,72.70459747314453,73.06631469726562,71.1854019165039,71.61945343017578,24743,0.0,0.0
2010-12-27 00:00:00+08:00,71.69180297851562,72.05351257324219,71.25774383544922,71.33008575439453,13823,0.0,0.0
2010-12-28 00:00:00+08:00,72.34288787841797,75.59831237792969,72.34288787841797,74.87488555908203,68009,0.0,0.0
2010-12-29 00:00:00+08:00,75.59831237792969,79.5771713256836,75.59831237792969,76.32174682617188,83214,0.0,0.0
2010-12-30 00:00:00+08:00,75.23660278320312,75.96002960205078,72.70459747314453,73.78974151611328,34695,0.0,0.0
2010-12-31 00:00:00+08:00,73.78974151611328,73.78974151611328,72.34288787841797,73.06631469726562,44648,0.0,0.0
2011-01-03 00:00:00+08:00,73.06631469726562,74.51317596435547,72.70459747314453,73.06631469726562,26402,0.0,0.0
2011-01-04 00:00:00+08:00,73.06631469726562,73.78974151611328,72.34288787841797,73.42803192138672,10505,0.0,0.0
2011-01-05 00:00:00+08:00,73.06631469726562,73.06631469726562,71.98117065429688,72.34288787841797,18246,0.0,0.0
2011-01-06 00:00:00+08:00,71.61945343017578,72.34288787841797,71.61945343017578,72.34288787841797,10643,0.0,0.0
2011-01-07 00:00:00+08:00,73.06631469726562,73.42803192138672,71.83648681640625,71.98117065429688,6082,0.0,0.0
2011-01-10 00:00:00+08:00,71.98117065429688,72.34288787841797,71.61945343017578,71.98117065429688,8984,0.0,0.0
2011-01-11 00:00:00+08:00,72.1258544921875,73.78974151611328,71.98117065429688,72.34288787841797,16172,0.0,0.0
2011-01-12 00:00:00+08:00,72.34288787841797,72.70459747314453,72.19820404052734,72.19820404052734,12026,0.0,0.0
2011-01-13 00:00:00+08:00,72.34288787841797,72.34288787841797,71.61945343017578,71.98117065429688,13408,0.0,0.0
2011-01-14 00:00:00+08:00,71.69180297851562,72.34288787841797,71.69180297851562,71.69180297851562,8846,0.0,0.0
2011-01-17 00:00:00+08:00,73.78974151611328,74.51317596435547,72.34288787841797,74.51317596435547,33037,0.0,0.0
2011-01-18 00:00:00+08:00,75.59831237792969,75.59831237792969,72.34288787841797,73.06631469726562,13823,0.0,0.0
2011-01-19 00:00:00+08:00,73.78974151611328,74.15145874023438,73.06631469726562,73.78974151611328,12302,0.0,0.0
2011-01-20 00:00:00+08:00,73.78974151611328,73.78974151611328,72.70459747314453,73.06631469726562,15620,0.0,0.0
2011-01-21 00:00:00+08:00,73.06631469726562,73.42803192138672,72.70459747314453,73.06631469726562,17555,0.0,0.0
2011-01-24 00:00:00+08:00,73.78974151611328,73.78974151611328,71.40242767333984,72.34288787841797,16034,0.0,0.0
2011-01-25 00:00:00+08:00,72.19820404052734,72.27054595947266,70.89602661132812,71.04071044921875,23775,0.0,0.0
2011-01-26 00:00:00+08:00,71.04071044921875,72.05351257324219,71.04071044921875,71.47476959228516,8570,0.0,0.0
2011-01-27 00:00:00+08:00,71.61945343017578,73.06631469726562,71.61945343017578,72.05351257324219,13961,0.0,0.0
2011-01-28 00:00:00+08:00,72.1258544921875,72.34288787841797,71.83648681640625,71.83648681640625,22393,0.0,0.0
2011-02-08 00:00:00+08:00,75.59831237792969,75.59831237792969,71.83648681640625,71.83648681640625,24328,0.0,0.0
2011-02-09 00:00:00+08:00,72.05351257324219,72.34288787841797,71.25774383544922,71.61945343017578,12993,0.0,0.0
2011-02-10 00:00:00+08:00,71.61945343017578,71.61945343017578,69.95557403564453,70.17259979248047,17417,0.0,0.0
2011-02-11 00:00:00+08:00,70.17259979248047,70.89602661132812,68.72573852539062,69.0151138305664,17002,0.0,0.0
2011-02-14 00:00:00+08:00,68.72573852539062,69.08745574951172,67.27888488769531,69.08745574951172,29443,0.0,0.0
2011-02-15 00:00:00+08:00,68.21934509277344,70.7513427734375,68.07465362548828,70.17259979248047,14237,0.0,0.0
2011-02-16 00:00:00+08:00,71.25774383544922,71.25774383544922,69.44917297363281,70.24494171142578,8708,0.0,0.0
2011-02-17 00:00:00+08:00,70.24494171142578,71.40242767333984,69.3768310546875,69.52151489257812,19766,0.0,0.0
2011-02-18 00:00:00+08:00,69.44917297363281,71.54711151123047,69.44917297363281,69.44917297363281,7049,0.0,0.0
2011-02-21 00:00:00+08:00,69.08745574951172,69.30448150634766,67.85762786865234,67.92996978759766,10781,0.0,0.0
2011-02-22 00:00:00+08:00,66.91716766357422,66.98950958251953,65.32562255859375,65.32562255859375,21840,0.0,0.0
2011-02-23 00:00:00+08:00,65.32562255859375,65.90436553955078,64.81922912597656,65.32562255859375,12440,0.0,0.0
2011-02-24 00:00:00+08:00,65.97671508789062,65.97671508789062,64.09579467773438,65.10859680175781,13546,0.0,0.0
2011-02-25 00:00:00+08:00,65.10859680175781,65.4703140258789,62.28722381591797,62.93831253051758,17140,0.0,0.0
2011-03-01 00:00:00+08:00,62.93831253051758,65.90436553955078,61.491451263427734,65.90436553955078,36216,0.0,0.0
2011-03-02 00:00:00+08:00,64.74687957763672,65.90436553955078,64.52985382080078,64.6021957397461,4423,0.0,0.0
2011-03-03 00:00:00+08:00,63.661739349365234,65.90436553955078,63.661739349365234,65.90436553955078,14652,0.0,0.0
2011-03-04 00:00:00+08:00,65.75968170166016,66.33842468261719,65.10859680175781,65.90436553955078,13546,0.0,0.0
2011-03-07 00:00:00+08:00,65.10859680175781,65.10859680175781,63.87876892089844,65.10859680175781,8293,0.0,0.0
2011-03-08 00:00:00+08:00,65.10859680175781,65.90436553955078,65.10859680175781,65.10859680175781,14099,0.0,0.0
2011-03-09 00:00:00+08:00,65.10859680175781,65.10859680175781,64.6745376586914,64.6745376586914,8017,0.0,0.0
2011-03-10 00:00:00+08:00,65.10859680175781,65.10859680175781,62.43191146850586,64.24048614501953,27922,0.0,0.0
2011-03-11 00:00:00+08:00,63.661739349365234,63.661739349365234,62.50425338745117,62.93831253051758,8155,0.0,0.0
2011-03-14 00:00:00+08:00,64.24048614501953,64.24048614501953,60.695682525634766,62.865966796875,17140,0.0,0.0
2011-03-15 00:00:00+08:00,61.491451263427734,61.491451263427734,58.525394439697266,58.525394439697266,21425,0.0,0.0
2011-03-16 00:00:00+08:00,57.87430953979492,57.87430953979492,55.776363372802734,56.9338493347168,10781,0.0,0.0
2011-03-17 00:00:00+08:00,55.70402145385742,56.861507415771484,54.69122314453125,55.1976203918457,16725,0.0,0.0
2011-03-18 00:00:00+08:00,56.427452087402344,56.427452087402344,55.414649963378906,55.70402145385742,15343,0.0,0.0
2011-03-21 00:00:00+08:00,55.70402145385742,55.70402145385742,54.835906982421875,54.835906982421875,4146,0.0,0.0
2011-03-22 00:00:00+08:00,56.065738677978516,58.670082092285156,56.065738677978516,58.670082092285156,9676,0.0,0.0
2011-03-23 00:00:00+08:00,62.721282958984375,62.721282958984375,62.721282958984375,62.721282958984375,22531,0.0,0.0
2011-03-24 00:00:00+08:00,67.06185913085938,67.06185913085938,67.06185913085938,67.06185913085938,29719,0.0,0.0
2011-03-25 00:00:00+08:00,71.69180297851562,71.69180297851562,65.90436553955078,66.55545806884766,164494,0.0,0.0
2011-03-28 00:00:00+08:00,61.99785232543945,63.300025939941406,61.99785232543945,62.070194244384766,39395,0.0,0.0
2011-03-29 00:00:00+08:00,62.93831253051758,65.10859680175781,62.070194244384766,64.38516998291016,29443,0.0,0.0
2011-03-30 00:00:00+08:00,64.38516998291016,65.10859680175781,62.93831253051758,62.93831253051758,10367,0.0,0.0
2011-03-31 00:00:00+08:00,62.93831253051758,64.02345275878906,62.28722381591797,62.93831253051758,12026,0.0,0.0
2011-04-01 00:00:00+08:00,62.93831253051758,62.93831253051758,61.129737854003906,61.129737854003906,14375,0.0,0.0
2011-04-06 00:00:00+08:00,61.129737854003906,62.070194244384766,61.129737854003906,61.202083587646484,5805,0.0,0.0
2011-04-07 00:00:00+08:00,61.202083587646484,62.142539978027344,60.76802444458008,60.84036636352539,17278,0.0,0.0
2011-04-08 00:00:00+08:00,60.84036636352539,61.70848083496094,60.84036636352539,60.84036636352539,14514,0.0,0.0
2011-04-11 00:00:00+08:00,60.04459762573242,60.84036636352539,59.39350891113281,59.68288040161133,5114,0.0,0.0
2011-04-12 00:00:00+08:00,60.04459762573242,60.76802444458008,59.610538482666016,59.68288040161133,7879,0.0,0.0
2011-04-13 00:00:00+08:00,59.75522232055664,61.129737854003906,59.75522232055664,60.04459762573242,15758,0.0,0.0
2011-04-14 00:00:00+08:00,60.116939544677734,60.550994873046875,59.68288040161133,60.550994873046875,3732,0.0,0.0
2011-04-15 00:00:00+08:00,59.68288040161133,60.62334060668945,59.68288040161133,59.75522232055664,8293,0.0,0.0
2011-04-18 00:00:00+08:00,57.87430953979492,60.76802444458008,57.87430953979492,59.24882507324219,17278,0.0,0.0
2011-04-19 00:00:00+08:00,57.87430953979492,58.23602294921875,57.15087890625,57.512596130371094,22531,0.0,0.0
2011-04-20 00:00:00+08:00,57.946651458740234,59.972251892089844,57.946651458740234,59.3211669921875,11334,0.0,0.0
2011-04-21 00:00:00+08:00,59.3211669921875,60.26162338256836,58.525394439697266,59.972251892089844,12578,0.0,0.0
2011-04-22 00:00:00+08:00,60.76802444458008,61.491451263427734,58.670082092285156,60.550994873046875,14375,0.0,0.0
2011-04-25 00:00:00+08:00,61.491451263427734,62.50425338745117,60.76802444458008,61.491451263427734,13684,0.0,0.0
2011-04-26 00:00:00+08:00,60.04459762573242,61.636138916015625,60.04459762573242,61.34676742553711,6220,0.0,0.0
2011-04-27 00:00:00+08:00,60.550994873046875,62.214881896972656,60.116939544677734,60.40631103515625,16449,0.0,0.0
2011-04-28 00:00:00+08:00,60.04459762573242,60.04459762573242,59.39350891113281,59.75522232055664,7602,0.0,0.0
2011-04-29 00:00:00+08:00,59.465850830078125,60.40631103515625,58.59773635864258,58.59773635864258,14928,0.0,0.0
2011-05-03 00:00:00+08:00,58.01899337768555,58.16368103027344,57.22322463989258,57.3679084777832,14375,0.0,0.0
2011-05-04 00:00:00+08:00,57.3679084777832,59.972251892089844,57.3679084777832,59.972251892089844,14099,0.0,0.0
2011-05-05 00:00:00+08:00,60.40631103515625,60.695682525634766,58.670082092285156,58.95945358276367,15481,0.0,0.0
2011-05-06 00:00:00+08:00,58.59773635864258,58.81476593017578,57.946651458740234,57.946651458740234,8984,0.0,0.0
2011-05-09 00:00:00+08:00,59.1041374206543,59.68288040161133,57.440250396728516,57.512596130371094,30548,0.0,0.0
2011-05-10 00:00:00+08:00,57.584938049316406,58.95945358276367,57.512596130371094,57.512596130371094,7879,0.0,0.0
2011-05-11 00:00:00+08:00,58.59773635864258,58.59773635864258,57.584938049316406,57.87430953979492,7049,0.0,0.0
2011-05-12 00:00:00+08:00,58.525394439697266,58.525394439697266,56.57213592529297,56.57213592529297,10920,0.0,0.0
2011-05-13 00:00:00+08:00,56.427452087402344,59.3211669921875,55.921051025390625,57.65727996826172,20872,0.0,0.0
2011-05-16 00:00:00+08:00,57.65727996826172,57.65727996826172,56.499794006347656,56.499794006347656,11611,0.0,0.0
2011-05-17 00:00:00+08:00,56.427452087402344,56.499794006347656,56.065738677978516,56.427452087402344,9676,0.0,0.0
2011-05-18 00:00:00+08:00,57.512596130371094,57.512596130371094,56.28276443481445,56.427452087402344,8570,0.0,0.0
2011-05-19 00:00:00+08:00,56.64448165893555,56.861507415771484,54.980594635009766,54.980594635009766,22393,0.0,0.0
2011-05-20 00:00:00+08:00,55.342308044433594,55.342308044433594,54.32950973510742,54.32950973510742,9123,0.0,0.0
2011-05-23 00:00:00+08:00,54.257164001464844,54.980594635009766,51.50813674926758,51.50813674926758,38151,0.0,0.0
2011-05-24 00:00:00+08:00,52.08687973022461,53.172019958496094,51.00173568725586,51.291107177734375,9952,0.0,0.0
2011-05-25 00:00:00+08:00,50.784706115722656,52.08687973022461,50.640018463134766,51.725162506103516,25987,0.0,0.0
2011-05-26 00:00:00+08:00,51.146419525146484,52.376251220703125,51.07407760620117,51.36344909667969,8846,0.0,0.0
2011-05-27 00:00:00+08:00,51.36344909667969,51.58047866821289,50.640018463134766,50.640018463134766,23775,0.0,0.0
2011-05-30 00:00:00+08:00,49.19316482543945,51.50813674926758,49.19316482543945,50.640018463134766,10920,0.0,0.0
2011-05-31 00:00:00+08:00,51.146419525146484,51.36344909667969,50.640018463134766,51.36344909667969,10505,0.0,0.0
2011-06-01 00:00:00+08:00,51.00173568725586,51.79750442504883,49.627220153808594,51.291107177734375,13684,0.0,0.0
2011-06-02 00:00:00+08:00,50.49533462524414,51.146419525146484,50.27830505371094,51.146419525146484,5667,0.0,0.0
2011-06-03 00:00:00+08:00,50.640018463134766,51.36344909667969,50.49533462524414,51.146419525146484,10090,0.0,0.0
2011-06-07 00:00:00+08:00,50.640018463134766,51.50813674926758,50.205963134765625,50.205963134765625,9537,0.0,0.0
2011-06-08 00:00:00+08:00,50.92939376831055,50.92939376831055,49.19316482543945,49.4825325012207,25849,0.0,0.0
2011-06-09 00:00:00+08:00,50.640018463134766,52.88264846801758,50.56767654418945,52.88264846801758,149012,0.0,0.0
2011-06-10 00:00:00+08:00,52.73796463012695,52.73796463012695,50.640018463134766,51.36344909667969,90817,0.0,0.0
2011-06-13 00:00:00+08:00,50.640018463134766,50.640018463134766,47.81864929199219,48.83144760131836,65106,0.0,0.0
2011-06-14 00:00:00+08:00,48.46973419189453,48.75910568237305,47.74630355834961,47.74630355834961,25019,0.0,0.0
2011-06-15 00:00:00+08:00,47.74630355834961,51.07407760620117,47.74630355834961,49.4825325012207,78238,0.0,0.0
2011-06-16 00:00:00+08:00,47.74630355834961,48.25270462036133,46.08241653442383,46.154762268066406,65659,0.0,0.0
2011-06-17 00:00:00+08:00,46.154762268066406,47.239906311035156,45.28664779663086,45.576019287109375,21149,0.0,0.0
2011-06-20 00:00:00+08:00,46.95053482055664,46.95053482055664,43.62276077270508,43.7674446105957,22531,0.0,0.0
2011-06-21 00:00:00+08:00,43.47807312011719,45.14196014404297,43.47807312011719,43.984474182128906,6082,0.0,0.0
2011-06-22 00:00:00+08:00,44.1291618347168,45.28664779663086,43.984474182128906,44.1291618347168,7879,0.0,0.0
2011-06-23 00:00:00+08:00,43.62276077270508,44.346187591552734,43.62276077270508,43.83979034423828,2626,0.0,0.0
2011-06-24 00:00:00+08:00,44.997276306152344,44.997276306152344,42.53761672973633,42.68230438232422,20596,0.0,0.0
2011-06-27 00:00:00+08:00,42.971675872802734,42.971675872802734,41.59716033935547,42.10356140136719,19214,0.0,0.0
2011-06-28 00:00:00+08:00,41.66950225830078,43.18870162963867,41.66950225830078,41.66950225830078,14790,0.0,0.0
2011-06-29 00:00:00+08:00,41.814186096191406,42.971675872802734,41.814186096191406,41.814186096191406,13684,0.0,0.0
2011-06-30 00:00:00+08:00,41.9588737487793,42.60995864868164,41.814186096191406,42.03121566772461,12578,0.0,0.0
2011-07-01 00:00:00+08:00,42.68230438232422,43.7674446105957,42.465274810791016,43.26104736328125,7187,0.0,0.0
2011-07-04 00:00:00+08:00,43.405731201171875,44.78024673461914,43.04401779174805,43.69510269165039,8846,0.0,0.0
2011-07-05 00:00:00+08:00,43.69510269165039,44.41853332519531,43.04401779174805,43.04401779174805,6635,0.0,0.0
2011-07-06 00:00:00+08:00,42.3929328918457,44.05681610107422,42.3929328918457,43.04401779174805,7326,0.0,0.0
2011-07-07 00:00:00+08:00,42.3929328918457,43.47807312011719,41.9588737487793,42.10356140136719,8293,0.0,0.0
2011-07-08 00:00:00+08:00,43.18870162963867,43.18870162963867,42.320587158203125,42.320587158203125,1935,0.0,0.0
2011-07-11 00:00:00+08:00,42.899330139160156,42.899330139160156,42.03121566772461,42.03121566772461,4423,0.0,0.0
2011-07-12 00:00:00+08:00,39.282188415527344,41.741844177246094,39.282188415527344,39.282188415527344,18246,0.0,0.0
2011-07-13 00:00:00+08:00,40.15030288696289,40.94607162475586,39.282188415527344,39.7885856628418,15620,0.0,0.0
2011-07-14 00:00:00+08:00,39.209842681884766,40.294986724853516,37.47361373901367,38.34172821044922,7326,0.0,0.0
2011-07-15 00:00:00+08:00,38.0523567199707,40.94607162475586,38.0523567199707,40.801387786865234,18661,0.0,0.0
2011-07-18 00:00:00+08:00,40.656700134277344,41.814186096191406,40.07795715332031,40.07795715332031,3317,0.0,0.0
2011-07-19 00:00:00+08:00,40.36732864379883,41.16310119628906,37.690643310546875,39.57155990600586,9676,0.0,0.0
2011-07-20 00:00:00+08:00,38.99281311035156,40.36732864379883,38.92047119140625,39.13750076293945,6358,0.0,0.0
2011-07-21 00:00:00+08:00,36.89487075805664,39.42687225341797,36.605499267578125,37.25658416748047,34695,0.0,0.0
2011-07-22 00:00:00+08:00,37.90767288208008,38.34172821044922,37.40127182006836,38.0523567199707,4976,0.0,0.0
2011-07-25 00:00:00+08:00,37.61830139160156,37.61830139160156,36.89487075805664,37.03955841064453,5805,0.0,0.0
2011-07-26 00:00:00+08:00,36.750186920166016,39.57155990600586,36.750186920166016,39.57155990600586,17969,0.0,0.0
2011-07-27 00:00:00+08:00,40.439674377441406,41.01841735839844,39.06515884399414,39.49921417236328,18799,0.0,0.0
2011-07-28 00:00:00+08:00,38.197044372558594,40.439674377441406,37.8353271484375,39.209842681884766,13961,0.0,0.0
2011-07-29 00:00:00+08:00,38.41407012939453,38.70344543457031,37.47361373901367,37.47361373901367,18108,0.0,0.0
2011-08-01 00:00:00+08:00,38.70344543457031,38.70344543457031,37.32892990112305,38.34172821044922,2488,0.0,0.0
2011-08-02 00:00:00+08:00,37.690643310546875,37.690643310546875,36.2437858581543,36.750186920166016,11196,0.0,0.0
2011-08-03 00:00:00+08:00,36.2437858581543,36.750186920166016,35.59270095825195,36.4608154296875,14928,0.0,0.0
2011-08-04 00:00:00+08:00,37.690643310546875,37.690643310546875,36.53315734863281,36.750186920166016,4976,0.0,0.0
2011-08-05 00:00:00+08:00,34.36286926269531,35.80972671508789,34.21818542480469,34.724586486816406,29857,0.0,0.0
2011-08-08 00:00:00+08:00,33.639442443847656,34.001155853271484,32.3372688293457,32.554298400878906,16449,0.0,0.0
2011-08-09 00:00:00+08:00,30.311668395996094,32.19258499145508,30.311668395996094,31.758527755737305,27231,0.0,0.0
2011-08-10 00:00:00+08:00,31.179784774780273,32.84366989135742,31.179784774780273,32.84366989135742,13408,0.0,0.0
2011-08-11 00:00:00+08:00,31.252126693725586,32.481956481933594,30.890411376953125,32.40961456298828,13684,0.0,0.0
2011-08-12 00:00:00+08:00,32.77132797241211,33.20538330078125,32.40961456298828,32.62664031982422,11058,0.0,0.0
2011-08-15 00:00:00+08:00,33.20538330078125,34.86927032470703,33.20538330078125,34.86927032470703,7879,0.0,0.0
2011-08-16 00:00:00+08:00,36.4608154296875,37.25658416748047,34.86927032470703,37.111900329589844,39119,0.0,0.0
2011-08-17 00:00:00+08:00,36.89487075805664,36.89487075805664,34.79692840576172,35.44801330566406,10505,0.0,0.0
2011-08-18 00:00:00+08:00,34.86927032470703,35.88207244873047,34.001155853271484,34.001155853271484,7879,0.0,0.0
2011-08-19 00:00:00+08:00,33.639442443847656,33.639442443847656,31.68618392944336,31.68618392944336,17969,0.0,0.0
2011-08-22 00:00:00+08:00,31.107440948486328,32.481956481933594,30.45635414123535,31.107440948486328,17417,0.0,0.0
2011-08-23 00:00:00+08:00,31.107440948486328,32.40961456298828,30.45635414123535,32.04789733886719,10505,0.0,0.0
2011-08-24 00:00:00+08:00,31.830869674682617,32.481956481933594,30.528697967529297,31.107440948486328,2902,0.0,0.0
2011-08-25 00:00:00+08:00,31.107440948486328,32.19258499145508,31.107440948486328,31.107440948486328,8293,0.0,0.0
2011-08-26 00:00:00+08:00,32.481956481933594,32.481956481933594,30.745725631713867,30.745725631713867,9399,0.0,0.0
2011-08-29 00:00:00+08:00,30.890411376953125,31.758527755737305,30.890411376953125,31.179784774780273,2764,0.0,0.0
2011-08-30 00:00:00+08:00,31.469154357910156,31.613840103149414,31.107440948486328,31.179784774780273,6358,0.0,0.0
2011-08-31 00:00:00+08:00,31.107440948486328,31.107440948486328,29.515897750854492,30.166982650756836,24052,0.0,0.0
2011-09-01 00:00:00+08:00,30.745725631713867,31.3244686126709,30.38401222229004,30.745725631713867,5667,0.0,0.0
2011-09-02 00:00:00+08:00,30.38401222229004,30.745725631713867,29.66058349609375,30.745725631713867,14652,0.0,0.0
2011-09-05 00:00:00+08:00,30.094640731811523,30.528697967529297,29.15418243408203,30.311668395996094,5667,0.0,0.0
2011-09-06 00:00:00+08:00,29.949954986572266,30.311668395996094,29.371212005615234,29.443553924560547,6220,0.0,0.0
2011-09-07 00:00:00+08:00,29.66058349609375,30.23932647705078,29.515897750854492,29.515897750854492,4423,0.0,0.0
2011-09-08 00:00:00+08:00,29.732925415039062,30.311668395996094,29.732925415039062,29.732925415039062,2626,0.0,0.0
2011-09-09 00:00:00+08:00,29.588239669799805,30.166982650756836,28.93715476989746,28.93715476989746,6220,0.0,0.0
2011-09-13 00:00:00+08:00,28.647783279418945,30.890411376953125,28.286067962646484,29.443553924560547,4838,0.0,0.0
2011-09-14 00:00:00+08:00,30.38401222229004,30.673383712768555,29.15418243408203,29.15418243408203,7602,0.0,0.0
2011-09-15 00:00:00+08:00,30.745725631713867,31.179784774780273,29.732925415039062,30.02229881286621,11887,0.0,0.0
2011-09-16 00:00:00+08:00,30.02229881286621,32.1202392578125,30.02229881286621,31.252126693725586,30825,0.0,0.0
2011-09-19 00:00:00+08:00,32.98835754394531,33.27772521972656,31.903213500976562,32.84366989135742,33313,0.0,0.0
2011-09-20 00:00:00+08:00,33.27772521972656,33.78412628173828,32.916011810302734,32.916011810302734,28199,0.0,0.0
2011-09-21 00:00:00+08:00,33.060699462890625,33.78412628173828,32.62664031982422,32.98835754394531,12302,0.0,0.0
2011-09-22 00:00:00+08:00,32.62664031982422,32.69898223876953,31.830869674682617,31.830869674682617,18384,0.0,0.0
2011-09-23 00:00:00+08:00,31.035097122192383,31.252126693725586,30.45635414123535,30.45635414123535,14099,0.0,0.0
2011-09-26 00:00:00+08:00,30.45635414123535,30.45635414123535,28.93715476989746,29.009496688842773,10643,0.0,0.0
2011-09-27 00:00:00+08:00,30.673383712768555,30.890411376953125,29.87761116027832,29.87761116027832,4423,0.0,0.0
2011-09-28 00:00:00+08:00,30.745725631713867,30.818069458007812,29.732925415039062,29.732925415039062,2073,0.0,0.0
2011-09-29 00:00:00+08:00,30.673383712768555,30.673383712768555,30.311668395996094,30.311668395996094,1796,0.0,0.0
2011-09-30 00:00:00+08:00,30.311668395996094,30.673383712768555,30.166982650756836,30.166982650756836,4561,0.0,0.0
2011-10-03 00:00:00+08:00,30.38401222229004,31.035097122192383,30.38401222229004,30.38401222229004,6773,0.0,0.0
2011-10-04 00:00:00+08:00,30.38401222229004,30.745725631713867,29.66058349609375,29.66058349609375,4699,0.0,0.0
2011-10-05 00:00:00+08:00,27.7796688079834,30.02229881286621,27.7796688079834,29.371212005615234,14790,0.0,0.0
2011-10-06 00:00:00+08:00,29.371212005615234,29.371212005615234,28.93715476989746,28.93715476989746,8846,0.0,0.0
2011-10-07 00:00:00+08:00,29.009496688842773,29.371212005615234,28.575439453125,28.720125198364258,8708,0.0,0.0
2011-10-11 00:00:00+08:00,28.720125198364258,29.08184051513672,28.720125198364258,28.720125198364258,24052,0.0,0.0
2011-10-12 00:00:00+08:00,28.864810943603516,28.864810943603516,28.141382217407227,28.141382217407227,5252,0.0,0.0
2011-10-13 00:00:00+08:00,28.141382217407227,29.15418243408203,27.056238174438477,29.08184051513672,11473,0.0,0.0
2011-10-14 00:00:00+08:00,28.35841178894043,29.08184051513672,28.286067962646484,28.286067962646484,5390,0.0,0.0
2011-10-17 00:00:00+08:00,28.93715476989746,29.226526260375977,28.286067962646484,28.864810943603516,13408,0.0,0.0
2011-10-18 00:00:00+08:00,29.08184051513672,29.08184051513672,28.503097534179688,29.08184051513672,13408,0.0,0.0
2011-10-19 00:00:00+08:00,28.93715476989746,29.08184051513672,28.141382217407227,28.21372413635254,12164,0.0,0.0
2011-10-20 00:00:00+08:00,27.924354553222656,28.141382217407227,27.562639236450195,28.069040298461914,1520,0.0,0.0
2011-10-21 00:00:00+08:00,28.79246711730957,29.08184051513672,28.069040298461914,28.720125198364258,14099,0.0,0.0
2011-10-24 00:00:00+08:00,29.08184051513672,29.08184051513672,27.99669647216797,28.21372413635254,9814,0.0,0.0
2011-10-25 00:00:00+08:00,28.575439453125,29.08184051513672,28.430753707885742,28.575439453125,20458,0.0,0.0
2011-10-26 00:00:00+08:00,28.575439453125,29.08184051513672,28.21372413635254,28.286067962646484,11611,0.0,0.0
2011-10-27 00:00:00+08:00,28.93715476989746,28.93715476989746,28.21372413635254,28.21372413635254,7602,0.0,0.0
2011-10-28 00:00:00+08:00,28.286067962646484,29.08184051513672,28.21372413635254,28.647783279418945,29443,0.0,0.0
2011-10-31 00:00:00+08:00,28.21372413635254,28.21372413635254,27.27326774597168,27.707324981689453,11887,0.0,0.0
2011-11-01 00:00:00+08:00,27.49029541015625,28.21372413635254,27.49029541015625,28.21372413635254,5390,0.0,0.0
2011-11-02 00:00:00+08:00,28.21372413635254,28.21372413635254,28.21372413635254,28.21372413635254,3041,0.0,0.0
2011-11-03 00:00:00+08:00,28.503097534179688,28.503097534179688,27.200925827026367,27.200925827026367,8017,0.0,0.0
2011-11-04 00:00:00+08:00,27.85201072692871,28.21372413635254,27.49029541015625,28.141382217407227,3870,0.0,0.0
2011-11-07 00:00:00+08:00,28.647783279418945,28.864810943603516,28.21372413635254,28.35841178894043,9676,0.0,0.0
2011-11-08 00:00:00+08:00,28.35841178894043,28.79246711730957,27.707324981689453,27.7796688079834,14237,0.0,0.0
2011-11-09 00:00:00+08:00,27.7796688079834,27.7796688079834,27.49029541015625,27.49029541015625,6635,0.0,0.0
2011-11-10 00:00:00+08:00,27.49029541015625,27.49029541015625,26.766868591308594,27.417953491210938,6082,0.0,0.0
2011-11-11 00:00:00+08:00,27.27326774597168,27.634981155395508,26.766868591308594,27.056238174438477,12026,0.0,0.0
2011-11-14 00:00:00+08:00,27.056238174438477,27.27326774597168,27.056238174438477,27.27326774597168,15343,0.0,0.0
2011-11-15 00:00:00+08:00,26.91155242919922,27.49029541015625,26.766868591308594,26.766868591308594,9676,0.0,0.0
2011-11-16 00:00:00+08:00,26.91155242919922,26.91155242919922,26.115781784057617,26.115781784057617,3179,0.0,0.0
2011-11-17 00:00:00+08:00,25.392353057861328,26.405153274536133,25.392353057861328,26.043439865112305,8570,0.0,0.0
2011-11-18 00:00:00+08:00,25.320009231567383,26.043439865112305,24.234867095947266,25.8264102935791,19214,0.0,0.0
2011-11-21 00:00:00+08:00,25.320009231567383,25.320009231567383,24.090181350708008,24.16252326965332,14514,0.0,0.0
2011-11-22 00:00:00+08:00,23.005037307739258,24.090181350708008,23.005037307739258,23.07737922668457,17417,0.0,0.0
2011-11-23 00:00:00+08:00,23.22206687927246,23.22206687927246,21.485837936401367,21.485837936401367,28613,0.0,0.0
2011-11-24 00:00:00+08:00,20.25600814819336,22.353952407836914,20.25600814819336,21.702865600585938,8293,0.0,0.0
2011-11-25 00:00:00+08:00,22.426294326782227,23.22206687927246,22.13692283630371,23.22206687927246,29166,0.0,0.0
2011-11-28 00:00:00+08:00,24.596580505371094,24.596580505371094,23.22206687927246,23.873151779174805,9537,0.0,0.0
2011-11-29 00:00:00+08:00,23.94549560546875,25.030637741088867,23.94549560546875,24.090181350708008,6635,0.0,0.0
2011-11-30 00:00:00+08:00,24.74126625061035,25.102981567382812,23.800809860229492,23.800809860229492,9123,0.0,0.0
2011-12-01 00:00:00+08:00,24.74126625061035,25.464696884155273,24.090181350708008,25.24766731262207,9952,0.0,0.0
2011-12-02 00:00:00+08:00,25.102981567382812,26.188125610351562,24.234867095947266,25.8264102935791,11058,0.0,0.0
2011-12-05 00:00:00+08:00,25.8264102935791,25.8264102935791,24.16252326965332,25.102981567382812,5805,0.0,0.0
2011-12-06 00:00:00+08:00,23.511438369750977,24.813610076904297,23.36675262451172,23.36675262451172,4699,0.0,0.0
2011-12-07 00:00:00+08:00,23.36675262451172,23.511438369750977,22.49863624572754,22.8603515625,6220,0.0,0.0
2011-12-08 00:00:00+08:00,23.511438369750977,23.511438369750977,22.13692283630371,22.426294326782227,7326,0.0,0.0
2011-12-09 00:00:00+08:00,21.919893264770508,22.28160858154297,21.919893264770508,22.0645809173584,2902,0.0,0.0
2011-12-12 00:00:00+08:00,22.13692283630371,22.426294326782227,22.0645809173584,22.0645809173584,6082,0.0,0.0
2011-12-13 00:00:00+08:00,22.0645809173584,22.0645809173584,21.341150283813477,21.992237091064453,5114,0.0,0.0
2011-12-14 00:00:00+08:00,21.992237091064453,21.992237091064453,21.413494110107422,21.413494110107422,6220,0.0,0.0
2011-12-15 00:00:00+08:00,22.209266662597656,22.209266662597656,21.19646453857422,21.19646453857422,2902,0.0,0.0
2011-12-16 00:00:00+08:00,20.762407302856445,22.0645809173584,20.690065383911133,21.630523681640625,8708,0.0,0.0
2011-12-19 00:00:00+08:00,20.83475112915039,22.353952407836914,20.690065383911133,21.55817985534668,8570,0.0,0.0
2011-12-20 00:00:00+08:00,21.341150283813477,21.413494110107422,20.97943687438965,21.413494110107422,4008,0.0,0.0
2011-12-21 00:00:00+08:00,20.97943687438965,22.8603515625,20.97943687438965,22.788009643554688,10920,0.0,0.0
2011-12-22 00:00:00+08:00,22.788009643554688,22.788009643554688,21.702865600585938,21.847551345825195,8155,0.0,0.0
2011-12-23 00:00:00+08:00,21.702865600585938,23.005037307739258,21.702865600585938,23.005037307739258,12164,0.0,0.0
2011-12-26 00:00:00+08:00,22.788009643554688,22.8603515625,21.413494110107422,21.413494110107422,2902,0.0,0.0
2011-12-27 00:00:00+08:00,21.55817985534668,22.0645809173584,21.413494110107422,21.847551345825195,8432,0.0,0.0
2011-12-28 00:00:00+08:00,21.55817985534668,22.0645809173584,21.55817985534668,21.847551345825195,3593,0.0,0.0
2011-12-29 00:00:00+08:00,21.992237091064453,21.992237091064453,21.847551345825195,21.919893264770508,1796,0.0,0.0
2011-12-30 00:00:00+08:00,21.847551345825195,22.28160858154297,20.762407302856445,20.762407302856445,14652,0.0,0.0
2012-01-02 00:00:00+08:00,20.907093048095703,22.13692283630371,20.907093048095703,21.413494110107422,12302,0.0,0.0
2012-01-03 00:00:00+08:00,21.413494110107422,21.847551345825195,21.413494110107422,21.55817985534668,12026,0.0,0.0
2012-01-04 00:00:00+08:00,22.0645809173584,22.0645809173584,21.413494110107422,21.413494110107422,6911,0.0,0.0
2012-01-05 00:00:00+08:00,21.55817985534668,21.55817985534668,21.051780700683594,21.051780700683594,6496,0.0,0.0
2012-01-06 00:00:00+08:00,21.19646453857422,21.702865600585938,21.19646453857422,21.19646453857422,2902,0.0,0.0
2012-01-09 00:00:00+08:00,20.97943687438965,20.97943687438965,20.97943687438965,20.97943687438965,138,0.0,0.0
2012-01-10 00:00:00+08:00,21.485837936401367,21.702865600585938,21.051780700683594,21.19646453857422,3317,0.0,0.0
2012-01-11 00:00:00+08:00,20.038978576660156,20.97943687438965,20.038978576660156,20.47303581237793,14099,0.0,0.0
2012-01-12 00:00:00+08:00,20.038978576660156,20.762407302856445,19.966636657714844,20.617721557617188,20043,0.0,0.0
2012-01-13 00:00:00+08:00,21.992237091064453,21.992237091064453,21.992237091064453,21.992237091064453,33728,0.0,0.0
2012-01-16 00:00:00+08:00,23.511438369750977,23.511438369750977,23.511438369750977,23.511438369750977,11058,0.0,0.0
2012-01-17 00:00:00+08:00,25.102981567382812,25.102981567382812,25.102981567382812,25.102981567382812,4976,0.0,0.0
2012-01-18 00:00:00+08:00,26.839210510253906,26.839210510253906,26.839210510253906,26.839210510253906,27231,0.0,0.0
2012-01-30 00:00:00+08:00,28.647783279418945,28.647783279418945,28.647783279418945,28.647783279418945,126895,0.0,0.0
2012-01-31 00:00:00+08:00,30.601041793823242,30.601041793823242,28.864810943603516,30.601041793823242,129798,0.0,0.0
2012-02-01 00:00:00+08:00,32.69898223876953,32.69898223876953,32.69898223876953,32.69898223876953,66350,0.0,0.0
2012-02-02 00:00:00+08:00,34.941612243652344,34.941612243652344,34.941612243652344,34.941612243652344,81556,0.0,0.0
2012-02-03 00:00:00+08:00,37.32892990112305,37.32892990112305,37.32892990112305,37.32892990112305,68700,0.0,0.0
2012-02-06 00:00:00+08:00,34.724586486816406,35.44801330566406,33.639442443847656,33.639442443847656,132701,0.0,0.0
2012-02-07 00:00:00+08:00,32.69898223876953,35.95441436767578,31.613840103149414,35.95441436767578,181358,0.0,0.0
2012-02-08 00:00:00+08:00,36.171443939208984,37.25658416748047,33.78412628173828,36.171443939208984,189375,0.0,0.0
2012-02-09 00:00:00+08:00,35.086299896240234,36.171443939208984,33.85647201538086,34.145843505859375,90955,0.0,0.0
2012-02-10 00:00:00+08:00,33.85647201538086,36.171443939208984,33.639442443847656,34.001155853271484,89020,0.0,0.0
2012-02-13 00:00:00+08:00,34.001155853271484,35.01395797729492,33.27772521972656,34.0734977722168,56812,0.0,0.0
2012-02-14 00:00:00+08:00,34.0734977722168,34.65224075317383,33.71178436279297,34.21818542480469,55154,0.0,0.0
2012-02-15 00:00:00+08:00,34.21818542480469,36.605499267578125,34.145843505859375,36.605499267578125,184537,0.0,0.0
2012-02-16 00:00:00+08:00,36.099098205566406,36.099098205566406,34.0734977722168,34.0734977722168,132010,0.0,0.0
2012-02-17 00:00:00+08:00,34.21818542480469,34.65224075317383,32.69898223876953,32.77132797241211,76441,0.0,0.0
2012-02-20 00:00:00+08:00,32.77132797241211,34.43521499633789,32.77132797241211,34.001155853271484,55706,0.0,0.0
2012-02-21 00:00:00+08:00,33.35007095336914,34.36286926269531,33.20538330078125,34.001155853271484,51145,0.0,0.0
2012-02-22 00:00:00+08:00,33.567100524902344,34.43521499633789,33.35007095336914,33.639442443847656,64968,0.0,0.0
2012-02-23 00:00:00+08:00,33.639442443847656,33.639442443847656,33.639442443847656,33.639442443847656,0,0.0,0.0
2012-02-24 00:00:00+08:00,33.639442443847656,33.639442443847656,33.639442443847656,33.639442443847656,0,0.0,0.0
2012-02-29 00:00:00+08:00,33.639442443847656,33.639442443847656,33.639442443847656,33.639442443847656,0,0.0,0.0
2012-03-01 00:00:00+08:00,33.639442443847656,33.639442443847656,33.639442443847656,33.639442443847656,0,0.0,0.0
2012-03-02 00:00:00+08:00,33.639442443847656,33.639442443847656,33.639442443847656,33.639442443847656,0,0.0,0.0
2012-03-05 00:00:00+08:00,33.639442443847656,33.639442443847656,33.639442443847656,33.639442443847656,0,0.0,0.0
2012-03-06 00:00:00+08:00,33.639442443847656,33.639442443847656,33.639442443847656,33.639442443847656,0,0.0,0.0
2012-03-07 00:00:00+08:00,54.257164001464844,54.257164001464844,49.41019058227539,49.41019058227539,36769,0.0,0.0
2012-03-08 00:00:00+08:00,46.29944610595703,49.19316482543945,46.29944610595703,47.02287673950195,41745,0.0,0.0
2012-03-09 00:00:00+08:00,49.19316482543945,49.19316482543945,47.81864929199219,47.81864929199219,19905,0.0,0.0
2012-03-12 00:00:00+08:00,47.74630355834961,47.74630355834961,44.924930572509766,45.21430587768555,24881,0.0,0.0
2012-03-13 00:00:00+08:00,45.21430587768555,46.29944610595703,43.912132263183594,44.1291618347168,21702,0.0,0.0
2012-03-14 00:00:00+08:00,44.78024673461914,44.78024673461914,43.47807312011719,43.62276077270508,23360,0.0,0.0
2012-03-15 00:00:00+08:00,44.70790481567383,46.29944610595703,42.971675872802734,43.33338928222656,23913,0.0,0.0
2012-03-16 00:00:00+08:00,43.405731201171875,43.405731201171875,42.68230438232422,42.971675872802734,9814,0.0,0.0
2012-03-19 00:00:00+08:00,43.04401779174805,44.490875244140625,43.04401779174805,43.7674446105957,28199,0.0,0.0
2012-03-20 00:00:00+08:00,44.41853332519531,44.41853332519531,40.72904586791992,40.801387786865234,25849,0.0,0.0
2012-03-21 00:00:00+08:00,40.87372970581055,41.524818420410156,40.87372970581055,41.45247268676758,14790,0.0,0.0
2012-03-22 00:00:00+08:00,41.235443115234375,41.741844177246094,40.51201629638672,40.656700134277344,20872,0.0,0.0
2012-03-23 00:00:00+08:00,40.656700134277344,41.09075927734375,39.860931396484375,40.15030288696289,7049,0.0,0.0
2012-03-26 00:00:00+08:00,40.2226448059082,40.51201629638672,39.7885856628418,39.7885856628418,10229,0.0,0.0
2012-03-27 00:00:00+08:00,41.59716033935547,42.53761672973633,41.59716033935547,42.53761672973633,6911,0.0,0.0
2012-03-28 00:00:00+08:00,45.5036735534668,45.5036735534668,45.5036735534668,45.5036735534668,12026,0.0,0.0
2012-03-29 00:00:00+08:00,48.686763763427734,48.686763763427734,48.686763763427734,48.686763763427734,26125,0.0,0.0
2012-03-30 00:00:00+08:00,52.08687973022461,52.08687973022461,49.19316482543945,52.08687973022461,224348,0.0,0.0
2012-04-02 00:00:00+08:00,52.01453399658203,52.01453399658203,48.46973419189453,48.46973419189453,37598,0.0,0.0
2012-04-03 00:00:00+08:00,45.21430587768555,45.21430587768555,45.14196014404297,45.14196014404297,20043,0.0,0.0
2012-04-05 00:00:00+08:00,42.03121566772461,42.03121566772461,42.03121566772461,42.03121566772461,12026,0.0,0.0
2012-04-06 00:00:00+08:00,39.13750076293945,44.05681610107422,39.13750076293945,43.405731201171875,79759,0.0,0.0
2012-04-09 00:00:00+08:00,40.36732864379883,43.405731201171875,40.36732864379883,41.235443115234375,25572,0.0,0.0
2012-04-10 00:00:00+08:00,41.235443115234375,43.984474182128906,41.235443115234375,42.68230438232422,29581,0.0,0.0
2012-04-11 00:00:00+08:00,41.9588737487793,44.85258865356445,41.9588737487793,42.75464630126953,22393,0.0,0.0
2012-04-12 00:00:00+08:00,42.75464630126953,43.69510269165039,40.656700134277344,41.30778884887695,15758,0.0,0.0
2012-04-13 00:00:00+08:00,41.30778884887695,42.68230438232422,40.656700134277344,42.10356140136719,27369,0.0,0.0
2012-04-16 00:00:00+08:00,42.10356140136719,43.33338928222656,41.380130767822266,42.465274810791016,9261,0.0,0.0
2012-04-17 00:00:00+08:00,42.53761672973633,42.53761672973633,39.49921417236328,41.59716033935547,16311,0.0,0.0
2012-04-18 00:00:00+08:00,41.886531829833984,42.971675872802734,40.58435821533203,40.87372970581055,6911,0.0,0.0
2012-04-19 00:00:00+08:00,40.87372970581055,41.524818420410156,40.15030288696289,40.2226448059082,10367,0.0,0.0
2012-04-20 00:00:00+08:00,40.72904586791992,41.09075927734375,39.13750076293945,40.439674377441406,4423,0.0,0.0
2012-04-23 00:00:00+08:00,41.235443115234375,41.235443115234375,38.0523567199707,38.99281311035156,7049,0.0,0.0
2012-04-24 00:00:00+08:00,39.716243743896484,39.716243743896484,38.34172821044922,38.92047119140625,6635,0.0,0.0
2012-04-25 00:00:00+08:00,41.235443115234375,41.235443115234375,39.06515884399414,40.87372970581055,15620,0.0,0.0
2012-04-26 00:00:00+08:00,41.16310119628906,42.24824523925781,39.42687225341797,41.16310119628906,11473,0.0,0.0
2012-04-27 00:00:00+08:00,41.16310119628906,41.16310119628906,38.84812927246094,39.64390182495117,9399,0.0,0.0
2012-04-30 00:00:00+08:00,39.57155990600586,39.57155990600586,38.34172821044922,38.41407012939453,1935,0.0,0.0
2012-05-02 00:00:00+08:00,39.7885856628418,41.09075927734375,39.7885856628418,39.7885856628418,12440,0.0,0.0
2012-05-03 00:00:00+08:00,39.7885856628418,40.51201629638672,39.06515884399414,39.354530334472656,7187,0.0,0.0
2012-05-04 00:00:00+08:00,39.42687225341797,41.09075927734375,39.42687225341797,40.439674377441406,8017,0.0,0.0
2012-05-07 00:00:00+08:00,39.42687225341797,39.42687225341797,37.690643310546875,38.631099700927734,12302,0.0,0.0
2012-05-08 00:00:00+08:00,38.99281311035156,39.64390182495117,37.690643310546875,37.90767288208008,7326,0.0,0.0
2012-05-09 00:00:00+08:00,37.98001480102539,38.34172821044922,37.03955841064453,38.12470245361328,2211,0.0,0.0
2012-05-10 00:00:00+08:00,38.0523567199707,38.775787353515625,38.0523567199707,38.775787353515625,2488,0.0,0.0
2012-05-11 00:00:00+08:00,38.34172821044922,38.34172821044922,36.750186920166016,37.76298522949219,7879,0.0,0.0
2012-05-14 00:00:00+08:00,37.76298522949219,38.41407012939453,36.4608154296875,38.34172821044922,4146,0.0,0.0
2012-05-15 00:00:00+08:00,35.665042877197266,38.269386291503906,35.665042877197266,36.31612777709961,13823,0.0,0.0
2012-05-16 00:00:00+08:00,37.03955841064453,37.90767288208008,35.73738479614258,35.73738479614258,6358,0.0,0.0
2012-05-17 00:00:00+08:00,35.73738479614258,37.61830139160156,35.73738479614258,36.67784118652344,8432,0.0,0.0
2012-05-18 00:00:00+08:00,36.171443939208984,36.82252883911133,34.724586486816406,36.026756286621094,2349,0.0,0.0
2012-05-21 00:00:00+08:00,35.30332946777344,36.4608154296875,35.30332946777344,36.31612777709961,414,0.0,0.0
2012-05-22 00:00:00+08:00,35.520355224609375,36.750186920166016,34.79692840576172,36.750186920166016,3870,0.0,0.0
2012-05-23 00:00:00+08:00,35.44801330566406,36.099098205566406,35.086299896240234,35.086299896240234,3455,0.0,0.0
2012-05-24 00:00:00+08:00,35.086299896240234,35.15864181518555,34.21818542480469,34.36286926269531,6496,0.0,0.0
2012-05-25 00:00:00+08:00,35.23098373413086,36.099098205566406,31.975555419921875,34.001155853271484,14375,0.0,0.0
2012-05-28 00:00:00+08:00,32.69898223876953,33.42241287231445,32.554298400878906,33.42241287231445,15620,0.0,0.0
2012-05-29 00:00:00+08:00,33.42241287231445,35.30332946777344,33.42241287231445,34.145843505859375,9123,0.0,0.0
2012-05-30 00:00:00+08:00,34.579898834228516,34.579898834228516,34.001155853271484,34.145843505859375,2073,0.0,0.0
2012-05-31 00:00:00+08:00,34.145843505859375,34.145843505859375,32.69898223876953,32.69898223876953,5390,0.0,0.0
2012-06-01 00:00:00+08:00,33.20538330078125,33.27772521972656,31.252126693725586,32.554298400878906,2211,0.0,0.0
2012-06-04 00:00:00+08:00,30.311668395996094,32.04789733886719,30.311668395996094,30.818069458007812,19905,0.0,0.0
2012-06-05 00:00:00+08:00,31.5414981842041,31.5414981842041,30.528697967529297,31.3244686126709,691,0.0,0.0
2012-06-06 00:00:00+08:00,32.04789733886719,32.84366989135742,31.107440948486328,32.3372688293457,967,0.0,0.0
2012-06-07 00:00:00+08:00,33.20538330078125,33.20538330078125,30.094640731811523,30.673383712768555,9537,0.0,0.0
2012-06-08 00:00:00+08:00,29.732925415039062,30.23932647705078,29.732925415039062,29.805269241333008,4146,0.0,0.0
2012-06-11 00:00:00+08:00,30.745725631713867,30.745725631713867,29.66058349609375,30.23932647705078,4146,0.0,0.0
2012-06-12 00:00:00+08:00,29.87761116027832,29.87761116027832,28.35841178894043,29.66058349609375,7049,0.0,0.0
2012-06-13 00:00:00+08:00,30.166982650756836,30.166982650756836,29.009496688842773,29.08184051513672,4699,0.0,0.0
2012-06-14 00:00:00+08:00,29.515897750854492,29.515897750854492,28.575439453125,28.79246711730957,3870,0.0,0.0
2012-06-15 00:00:00+08:00,28.79246711730957,30.45635414123535,28.35841178894043,29.66058349609375,15620,0.0,0.0
2012-06-18 00:00:00+08:00,29.29886817932129,30.45635414123535,27.99669647216797,30.02229881286621,18937,0.0,0.0
2012-06-19 00:00:00+08:00,29.443553924560547,29.443553924560547,28.720125198364258,28.79246711730957,12993,0.0,0.0
2012-06-20 00:00:00+08:00,29.732925415039062,29.732925415039062,28.864810943603516,29.66058349609375,3593,0.0,0.0
2012-06-21 00:00:00+08:00,28.93715476989746,29.949954986572266,28.93715476989746,29.515897750854492,7879,0.0,0.0
2012-06-22 00:00:00+08:00,29.371212005615234,29.443553924560547,29.009496688842773,29.009496688842773,3455,0.0,0.0
2012-06-25 00:00:00+08:00,29.009496688842773,31.035097122192383,29.009496688842773,31.035097122192383,11749,0.0,0.0
2012-06-26 00:00:00+08:00,33.20538330078125,33.20538330078125,33.20538330078125,33.20538330078125,12717,0.0,0.0
2012-06-27 00:00:00+08:00,35.520355224609375,35.520355224609375,35.520355224609375,35.520355224609375,12855,0.0,0.0
2012-06-28 00:00:00+08:00,37.98001480102539,37.98001480102539,37.98001480102539,37.98001480102539,40639,0.0,0.0
2012-06-29 00:00:00+08:00,40.58435821533203,40.58435821533203,35.37567138671875,35.80972671508789,88744,0.0,0.0
2012-07-02 00:00:00+08:00,35.520355224609375,37.47361373901367,34.724586486816406,35.30332946777344,17969,0.0,0.0
2012-07-03 00:00:00+08:00,35.44801330566406,36.171443939208984,34.36286926269531,34.724586486816406,25296,0.0,0.0
2012-07-04 00:00:00+08:00,35.44801330566406,37.111900329589844,35.44801330566406,37.111900329589844,25987,0.0,0.0
2012-07-05 00:00:00+08:00,39.64390182495117,39.64390182495117,38.34172821044922,38.34172821044922,55154,0.0,0.0
2012-07-06 00:00:00+08:00,38.34172821044922,38.34172821044922,36.171443939208984,36.605499267578125,20872,0.0,0.0
2012-07-09 00:00:00+08:00,36.171443939208984,37.32892990112305,35.520355224609375,37.32892990112305,6635,0.0,0.0
2012-07-10 00:00:00+08:00,36.2437858581543,36.31612777709961,35.520355224609375,35.520355224609375,9676,0.0,0.0
2012-07-11 00:00:00+08:00,35.44801330566406,36.099098205566406,35.44801330566406,35.59270095825195,4146,0.0,0.0
2012-07-12 00:00:00+08:00,35.44801330566406,35.44801330566406,35.01395797729492,35.01395797729492,4699,0.0,0.0
2012-07-13 00:00:00+08:00,34.724586486816406,36.4608154296875,34.724586486816406,36.026756286621094,4008,0.0,0.0
2012-07-16 00:00:00+08:00,36.026756286621094,36.026756286621094,35.44801330566406,35.44801330566406,2211,0.0,0.0
2012-07-17 00:00:00+08:00,33.35007095336914,36.099098205566406,33.35007095336914,34.86927032470703,4423,0.0,0.0
2012-07-18 00:00:00+08:00,34.86927032470703,35.73738479614258,34.0734977722168,34.0734977722168,2211,0.0,0.0
2012-07-19 00:00:00+08:00,35.37567138671875,36.38847351074219,35.37567138671875,36.38847351074219,9399,0.0,0.0
2012-07-20 00:00:00+08:00,38.84812927246094,38.92047119140625,36.53315734863281,36.89487075805664,19905,0.0,0.0
2012-07-23 00:00:00+08:00,36.750186920166016,36.750186920166016,35.086299896240234,35.086299896240234,6635,0.0,0.0
2012-07-24 00:00:00+08:00,33.35007095336914,37.03955841064453,33.35007095336914,36.89487075805664,9537,0.0,0.0
2012-07-25 00:00:00+08:00,35.23098373413086,35.88207244873047,34.941612243652344,35.44801330566406,10920,0.0,0.0
2012-07-26 00:00:00+08:00,34.724586486816406,35.95441436767578,34.724586486816406,34.79692840576172,3455,0.0,0.0
2012-07-27 00:00:00+08:00,35.95441436767578,35.95441436767578,34.941612243652344,34.941612243652344,4146,0.0,0.0
2012-07-30 00:00:00+08:00,35.80972671508789,35.80972671508789,34.724586486816406,35.44801330566406,1244,0.0,0.0
2012-07-31 00:00:00+08:00,35.44801330566406,35.44801330566406,34.145843505859375,34.5075569152832,3593,0.0,0.0
2012-08-01 00:00:00+08:00,34.5075569152832,34.5075569152832,34.5075569152832,34.5075569152832,1244,0.0,0.0
2012-08-02 00:00:00+08:00,34.5075569152832,34.5075569152832,34.5075569152832,34.5075569152832,0,0.0,0.0
2012-08-03 00:00:00+08:00,35.086299896240234,35.086299896240234,34.001155853271484,34.941612243652344,1520,0.0,0.0
2012-08-06 00:00:00+08:00,34.29052734375,34.36286926269531,33.42241287231445,33.567100524902344,7740,0.0,0.0
2012-08-07 00:00:00+08:00,33.639442443847656,33.639442443847656,33.639442443847656,33.639442443847656,276,0.0,0.0
2012-08-08 00:00:00+08:00,32.916011810302734,33.494754791259766,32.77132797241211,32.77132797241211,7187,0.0,0.0
2012-08-09 00:00:00+08:00,32.26492691040039,33.92881393432617,32.26492691040039,32.77132797241211,2626,0.0,0.0
2012-08-10 00:00:00+08:00,33.71178436279297,35.01395797729492,33.71178436279297,35.01395797729492,17002,0.0,0.0
2012-08-13 00:00:00+08:00,34.79692840576172,34.79692840576172,33.567100524902344,33.567100524902344,12855,0.0,0.0
2012-08-14 00:00:00+08:00,33.639442443847656,35.80972671508789,33.639442443847656,35.086299896240234,12440,0.0,0.0
2012-08-15 00:00:00+08:00,35.086299896240234,35.88207244873047,33.71178436279297,33.78412628173828,7740,0.0,0.0
2012-08-16 00:00:00+08:00,34.5075569152832,34.5075569152832,34.001155853271484,34.001155853271484,3317,0.0,0.0
2012-08-17 00:00:00+08:00,34.724586486816406,34.724586486816406,33.85647201538086,34.001155853271484,3041,0.0,0.0
2012-08-20 00:00:00+08:00,33.13304138183594,33.639442443847656,31.975555419921875,32.77132797241211,7464,0.0,0.0
2012-08-21 00:00:00+08:00,32.554298400878906,34.001155853271484,32.554298400878906,32.554298400878906,5529,0.0,0.0
2012-08-22 00:00:00+08:00,33.20538330078125,33.20538330078125,32.554298400878906,33.20538330078125,10367,0.0,0.0
2012-08-23 00:00:00+08:00,32.916011810302734,32.916011810302734,31.975555419921875,32.04789733886719,9952,0.0,0.0
2012-08-24 00:00:00+08:00,32.84366989135742,32.84366989135742,32.04789733886719,32.40961456298828,1382,0.0,0.0
2012-08-27 00:00:00+08:00,33.27772521972656,33.27772521972656,31.107440948486328,31.107440948486328,4699,0.0,0.0
2012-08-28 00:00:00+08:00,31.107440948486328,31.830869674682617,29.949954986572266,30.745725631713867,4285,0.0,0.0
2012-08-29 00:00:00+08:00,30.38401222229004,31.3244686126709,30.38401222229004,30.601041793823242,9676,0.0,0.0
2012-08-30 00:00:00+08:00,30.745725631713867,30.745725631713867,30.38401222229004,30.45635414123535,4146,0.0,0.0
2012-08-31 00:00:00+08:00,31.396812438964844,31.396812438964844,30.96275520324707,31.035097122192383,691,0.0,0.0
2012-09-03 00:00:00+08:00,30.094640731811523,31.107440948486328,30.094640731811523,30.890411376953125,4146,0.0,0.0
2012-09-04 00:00:00+08:00,30.745725631713867,30.96275520324707,30.311668395996094,30.745725631713867,8155,0.0,0.0
2012-09-05 00:00:00+08:00,30.745725631713867,31.3244686126709,30.094640731811523,31.035097122192383,16311,0.0,0.0
2012-09-06 00:00:00+08:00,30.528697967529297,31.035097122192383,30.166982650756836,30.818069458007812,11196,0.0,0.0
2012-09-07 00:00:00+08:00,30.818069458007812,31.758527755737305,30.818069458007812,30.96275520324707,14099,0.0,0.0
2012-09-10 00:00:00+08:00,30.96275520324707,33.060699462890625,30.96275520324707,33.060699462890625,25572,0.0,0.0
2012-09-11 00:00:00+08:00,33.060699462890625,33.060699462890625,31.179784774780273,31.68618392944336,16311,0.0,0.0
2012-09-12 00:00:00+08:00,31.3244686126709,32.1202392578125,31.3244686126709,31.396812438964844,5805,0.0,0.0
2012-09-13 00:00:00+08:00,31.107440948486328,32.3372688293457,31.107440948486328,31.179784774780273,8155,0.0,0.0
2012-09-14 00:00:00+08:00,31.396812438964844,32.98835754394531,31.252126693725586,32.916011810302734,10920,0.0,0.0
2012-09-17 00:00:00+08:00,32.77132797241211,32.77132797241211,30.745725631713867,31.252126693725586,8017,0.0,0.0
2012-09-18 00:00:00+08:00,30.745725631713867,31.830869674682617,30.38401222229004,31.252126693725586,23775,0.0,0.0
2012-09-19 00:00:00+08:00,31.107440948486328,31.252126693725586,30.528697967529297,31.252126693725586,13546,0.0,0.0
2012-09-20 00:00:00+08:00,31.469154357910156,31.5414981842041,31.107440948486328,31.107440948486328,4838,0.0,0.0
2012-09-21 00:00:00+08:00,31.107440948486328,31.68618392944336,30.745725631713867,30.745725631713867,12717,0.0,0.0
2012-09-24 00:00:00+08:00,30.45635414123535,31.469154357910156,30.45635414123535,31.469154357910156,5529,0.0,0.0
2012-09-25 00:00:00+08:00,31.469154357910156,32.19258499145508,31.469154357910156,31.68618392944336,8293,0.0,0.0
2012-09-26 00:00:00+08:00,31.830869674682617,32.554298400878906,31.758527755737305,31.975555419921875,14928,0.0,0.0
2012-09-27 00:00:00+08:00,32.04789733886719,32.04789733886719,30.96275520324707,31.107440948486328,5252,0.0,0.0
2012-09-28 00:00:00+08:00,31.830869674682617,32.04789733886719,31.035097122192383,31.035097122192383,6773,0.0,0.0
2012-10-01 00:00:00+08:00,31.035097122192383,31.107440948486328,31.035097122192383,31.107440948486328,1244,0.0,0.0
2012-10-02 00:00:00+08:00,31.179784774780273,31.3244686126709,31.107440948486328,31.107440948486328,4146,0.0,0.0
2012-10-03 00:00:00+08:00,31.035097122192383,31.107440948486328,30.45635414123535,30.890411376953125,6911,0.0,0.0
2012-10-04 00:00:00+08:00,29.949954986572266,30.23932647705078,29.66058349609375,29.949954986572266,12302,0.0,0.0
2012-10-05 00:00:00+08:00,29.66058349609375,29.66058349609375,29.08184051513672,29.226526260375977,8155,0.0,0.0
2012-10-08 00:00:00+08:00,29.226526260375977,29.66058349609375,29.226526260375977,29.371212005615234,7187,0.0,0.0
2012-10-09 00:00:00+08:00,28.720125198364258,29.443553924560547,28.647783279418945,28.93715476989746,8017,0.0,0.0
2012-10-11 00:00:00+08:00,29.371212005615234,30.02229881286621,29.371212005615234,29.371212005615234,2211,0.0,0.0
2012-10-12 00:00:00+08:00,29.588239669799805,29.66058349609375,27.99669647216797,28.864810943603516,7464,0.0,0.0
2012-10-15 00:00:00+08:00,28.864810943603516,28.864810943603516,28.21372413635254,28.21372413635254,5114,0.0,0.0
2012-10-16 00:00:00+08:00,28.864810943603516,30.166982650756836,28.864810943603516,30.166982650756836,20043,0.0,0.0
2012-10-17 00:00:00+08:00,32.1202392578125,32.26492691040039,30.673383712768555,32.26492691040039,47551,0.0,0.0
2012-10-18 00:00:00+08:00,34.5075569152832,34.5075569152832,32.554298400878906,32.98835754394531,93029,0.0,0.0
2012-10-19 00:00:00+08:00,30.745725631713867,31.903213500976562,30.745725631713867,30.745725631713867,33451,0.0,0.0
2012-10-22 00:00:00+08:00,30.745725631713867,30.745725631713867,29.805269241333008,30.38401222229004,3593,0.0,0.0
2012-10-23 00:00:00+08:00,30.38401222229004,30.38401222229004,29.29886817932129,29.371212005615234,9537,0.0,0.0
2012-10-24 00:00:00+08:00,29.371212005615234,31.396812438964844,29.371212005615234,31.396812438964844,30963,0.0,0.0
2012-10-25 00:00:00+08:00,31.252126693725586,33.567100524902344,30.166982650756836,33.060699462890625,61512,0.0,0.0
2012-10-26 00:00:00+08:00,31.830869674682617,32.554298400878906,30.818069458007812,30.890411376953125,22116,0.0,0.0
2012-10-29 00:00:00+08:00,30.818069458007812,30.818069458007812,29.009496688842773,29.371212005615234,14514,0.0,0.0
2012-10-30 00:00:00+08:00,29.371212005615234,30.311668395996094,29.371212005615234,29.732925415039062,5805,0.0,0.0
2012-10-31 00:00:00+08:00,30.23932647705078,30.23932647705078,29.226526260375977,29.29886817932129,6220,0.0,0.0
2012-11-01 00:00:00+08:00,29.29886817932129,29.949954986572266,28.575439453125,29.949954986572266,7602,0.0,0.0
2012-11-02 00:00:00+08:00,29.949954986572266,30.745725631713867,29.371212005615234,29.443553924560547,8708,0.0,0.0
2012-11-05 00:00:00+08:00,29.443553924560547,31.107440948486328,28.35841178894043,29.443553924560547,7602,0.0,0.0
2012-11-06 00:00:00+08:00,28.647783279418945,29.443553924560547,28.647783279418945,28.93715476989746,8155,0.0,0.0
2012-11-07 00:00:00+08:00,29.949954986572266,29.949954986572266,28.79246711730957,28.79246711730957,4008,0.0,0.0
2012-11-08 00:00:00+08:00,29.443553924560547,29.515897750854492,28.79246711730957,29.29886817932129,691,0.0,0.0
2012-11-09 00:00:00+08:00,28.79246711730957,29.515897750854492,28.21372413635254,28.93715476989746,18799,0.0,0.0
2012-11-12 00:00:00+08:00,28.93715476989746,29.226526260375977,28.720125198364258,28.79246711730957,6082,0.0,0.0
2012-11-13 00:00:00+08:00,28.864810943603516,29.226526260375977,27.99669647216797,28.069040298461914,7740,0.0,0.0
2012-11-14 00:00:00+08:00,28.575439453125,30.02229881286621,28.430753707885742,30.02229881286621,24743,0.0,0.0
2012-11-15 00:00:00+08:00,29.805269241333008,29.805269241333008,28.720125198364258,29.08184051513672,12993,0.0,0.0
2012-11-16 00:00:00+08:00,28.647783279418945,29.515897750854492,28.647783279418945,28.93715476989746,8155,0.0,0.0
2012-11-19 00:00:00+08:00,28.93715476989746,28.93715476989746,28.141382217407227,28.93715476989746,8293,0.0,0.0
2012-11-20 00:00:00+08:00,28.93715476989746,29.443553924560547,28.647783279418945,28.93715476989746,11611,0.0,0.0
2012-11-21 00:00:00+08:00,28.93715476989746,29.08184051513672,27.634981155395508,27.634981155395508,5529,0.0,0.0
2012-11-22 00:00:00+08:00,29.15418243408203,29.29886817932129,26.839210510253906,29.29886817932129,9952,0.0,0.0
2012-11-23 00:00:00+08:00,29.29886817932129,29.443553924560547,28.720125198364258,29.443553924560547,8432,0.0,0.0
2012-11-26 00:00:00+08:00,29.443553924560547,30.311668395996094,29.226526260375977,29.226526260375977,4285,0.0,0.0
2012-11-27 00:00:00+08:00,29.29886817932129,30.02229881286621,28.720125198364258,30.02229881286621,13961,0.0,0.0
2012-11-28 00:00:00+08:00,29.226526260375977,29.226526260375977,28.93715476989746,29.15418243408203,5252,0.0,0.0
2012-11-29 00:00:00+08:00,29.08184051513672,29.08184051513672,28.21372413635254,28.575439453125,13270,0.0,0.0
2012-11-30 00:00:00+08:00,29.15418243408203,29.15418243408203,28.35841178894043,28.503097534179688,9952,0.0,0.0
2012-12-03 00:00:00+08:00,28.720125198364258,29.732925415039062,28.720125198364258,29.29886817932129,13408,0.0,0.0
2012-12-04 00:00:00+08:00,28.720125198364258,29.29886817932129,28.286067962646484,29.29886817932129,10781,0.0,0.0
2012-12-05 00:00:00+08:00,31.3244686126709,31.3244686126709,31.3244686126709,31.3244686126709,22669,0.0,0.0
2012-12-06 00:00:00+08:00,33.494754791259766,33.494754791259766,33.494754791259766,33.494754791259766,24328,0.0,0.0
2012-12-07 00:00:00+08:00,35.73738479614258,35.73738479614258,31.975555419921875,32.554298400878906,84458,0.0,0.0
2012-12-10 00:00:00+08:00,32.554298400878906,32.554298400878906,30.45635414123535,31.68618392944336,39672,0.0,0.0
2012-12-11 00:00:00+08:00,30.601041793823242,30.601041793823242,30.02229881286621,30.166982650756836,13546,0.0,0.0
2012-12-12 00:00:00+08:00,31.68618392944336,31.68618392944336,29.949954986572266,31.035097122192383,16449,0.0,0.0
2012-12-13 00:00:00+08:00,30.96275520324707,31.035097122192383,30.166982650756836,30.23932647705078,10920,0.0,0.0
2012-12-14 00:00:00+08:00,30.02229881286621,31.5414981842041,30.02229881286621,30.528697967529297,12302,0.0,0.0
2012-12-17 00:00:00+08:00,32.3372688293457,32.3372688293457,30.45635414123535,31.107440948486328,8846,0.0,0.0
2012-12-18 00:00:00+08:00,30.601041793823242,31.469154357910156,30.601041793823242,30.890411376953125,15343,0.0,0.0
2012-12-19 00:00:00+08:00,30.890411376953125,31.396812438964844,30.38401222229004,31.107440948486328,8155,0.0,0.0
2012-12-20 00:00:00+08:00,31.107440948486328,31.107440948486328,29.87761116027832,29.87761116027832,16864,0.0,0.0
2012-12-21 00:00:00+08:00,30.094640731811523,30.311668395996094,29.588239669799805,29.588239669799805,10643,0.0,0.0
2012-12-24 00:00:00+08:00,29.443553924560547,29.66058349609375,29.371212005615234,29.371212005615234,6635,0.0,0.0
2012-12-25 00:00:00+08:00,29.371212005615234,29.66058349609375,29.08184051513672,29.15418243408203,11058,0.0,0.0
2012-12-26 00:00:00+08:00,29.371212005615234,29.87761116027832,29.371212005615234,29.732925415039062,6911,0.0,0.0
2012-12-27 00:00:00+08:00,29.732925415039062,29.732925415039062,29.515897750854492,29.515897750854492,10090,0.0,0.0
2012-12-28 00:00:00+08:00,29.371212005615234,29.66058349609375,29.08184051513672,29.515897750854492,20872,0.0,0.0
2013-01-02 00:00:00+08:00,29.515897750854492,29.87761116027832,29.515897750854492,29.87761116027832,7326,0.0,0.0
2013-01-03 00:00:00+08:00,30.094640731811523,30.38401222229004,30.02229881286621,30.23932647705078,11196,0.0,0.0
2013-01-04 00:00:00+08:00,30.23932647705078,30.23932647705078,28.93715476989746,29.732925415039062,14375,0.0,0.0
2013-01-07 00:00:00+08:00,30.02229881286621,30.166982650756836,29.732925415039062,30.166982650756836,7879,0.0,0.0
2013-01-08 00:00:00+08:00,29.87761116027832,30.166982650756836,29.732925415039062,29.87761116027832,4838,0.0,0.0
2013-01-09 00:00:00+08:00,29.87761116027832,29.87761116027832,29.08184051513672,29.588239669799805,9537,0.0,0.0
2013-01-10 00:00:00+08:00,29.009496688842773,29.805269241333008,29.009496688842773,29.443553924560547,9123,0.0,0.0
2013-01-11 00:00:00+08:00,29.371212005615234,30.02229881286621,29.371212005615234,29.66058349609375,4699,0.0,0.0
2013-01-14 00:00:00+08:00,29.66058349609375,31.68618392944336,29.66058349609375,31.68618392944336,24743,0.0,0.0
2013-01-15 00:00:00+08:00,33.85647201538086,33.85647201538086,31.3244686126709,31.3244686126709,54462,0.0,0.0
2013-01-16 00:00:00+08:00,30.38401222229004,31.252126693725586,30.23932647705078,30.818069458007812,24605,0.0,0.0
2013-01-17 00:00:00+08:00,31.107440948486328,31.396812438964844,30.38401222229004,30.38401222229004,4285,0.0,0.0
2013-01-18 00:00:00+08:00,30.745725631713867,31.107440948486328,30.02229881286621,30.890411376953125,12302,0.0,0.0
2013-01-21 00:00:00+08:00,30.38401222229004,30.528697967529297,30.166982650756836,30.528697967529297,5667,0.0,0.0
2013-01-22 00:00:00+08:00,30.528697967529297,30.528697967529297,30.311668395996094,30.311668395996094,3593,0.0,0.0
2013-01-23 00:00:00+08:00,30.311668395996094,31.5414981842041,30.311668395996094,30.890411376953125,9676,0.0,0.0
2013-01-24 00:00:00+08:00,30.890411376953125,30.890411376953125,30.38401222229004,30.38401222229004,967,0.0,0.0
2013-01-25 00:00:00+08:00,31.107440948486328,32.481956481933594,30.745725631713867,32.40961456298828,72294,0.0,0.0
2013-01-28 00:00:00+08:00,31.107440948486328,31.5414981842041,30.23932647705078,30.23932647705078,35663,0.0,0.0
2013-01-29 00:00:00+08:00,29.87761116027832,30.745725631713867,29.87761116027832,30.673383712768555,8708,0.0,0.0
2013-01-30 00:00:00+08:00,30.745725631713867,30.818069458007812,30.38401222229004,30.601041793823242,13131,0.0,0.0
2013-01-31 00:00:00+08:00,30.601041793823242,31.613840103149414,30.45635414123535,31.613840103149414,5667,0.0,0.0
2013-02-01 00:00:00+08:00,31.469154357910156,31.469154357910156,30.601041793823242,30.673383712768555,8708,0.0,0.0
2013-02-04 00:00:00+08:00,30.673383712768555,31.68618392944336,30.528697967529297,31.5414981842041,7879,0.0,0.0
2013-02-05 00:00:00+08:00,30.601041793823242,30.96275520324707,30.601041793823242,30.673383712768555,12717,0.0,0.0
2013-02-06 00:00:00+08:00,30.745725631713867,31.3244686126709,30.45635414123535,31.107440948486328,11887,0.0,0.0
2013-02-18 00:00:00+08:00,30.45635414123535,30.890411376953125,30.45635414123535,30.818069458007812,7049,0.0,0.0
2013-02-19 00:00:00+08:00,30.601041793823242,31.107440948486328,30.528697967529297,30.745725631713867,5805,0.0,0.0
2013-02-20 00:00:00+08:00,31.035097122192383,31.035097122192383,30.745725631713867,30.818069458007812,4838,0.0,0.0
2013-02-21 00:00:00+08:00,30.818069458007812,30.818069458007812,30.528697967529297,30.818069458007812,8708,0.0,0.0
2013-02-22 00:00:00+08:00,30.890411376953125,31.758527755737305,30.745725631713867,31.107440948486328,11196,0.0,0.0
2013-02-25 00:00:00+08:00,31.107440948486328,31.758527755737305,30.890411376953125,30.96275520324707,9261,0.0,0.0
2013-02-26 00:00:00+08:00,30.890411376953125,31.396812438964844,30.745725631713867,31.3244686126709,6773,0.0,0.0
2013-02-27 00:00:00+08:00,31.252126693725586,31.396812438964844,30.818069458007812,30.890411376953125,9676,0.0,0.0
2013-03-01 00:00:00+08:00,31.035097122192383,31.107440948486328,30.673383712768555,31.107440948486328,14514,0.0,0.0
2013-03-04 00:00:00+08:00,31.252126693725586,31.252126693725586,30.673383712768555,30.673383712768555,16311,0.0,0.0
2013-03-05 00:00:00+08:00,30.745725631713867,31.035097122192383,30.38401222229004,31.035097122192383,1935,0.0,0.0
2013-03-06 00:00:00+08:00,31.035097122192383,31.035097122192383,30.45635414123535,30.528697967529297,4976,0.0,0.0
2013-03-07 00:00:00+08:00,30.02229881286621,30.818069458007812,30.02229881286621,30.38401222229004,3870,0.0,0.0
2013-03-08 00:00:00+08:00,30.818069458007812,31.252126693725586,30.601041793823242,30.818069458007812,2764,0.0,0.0
2013-03-11 00:00:00+08:00,29.08184051513672,30.745725631713867,29.08184051513672,30.745725631713867,20043,0.0,0.0
2013-03-12 00:00:00+08:00,30.094640731811523,30.38401222229004,30.02229881286621,30.02229881286621,5805,0.0,0.0
2013-03-13 00:00:00+08:00,30.02229881286621,30.745725631713867,29.732925415039062,29.805269241333008,6496,0.0,0.0
2013-03-14 00:00:00+08:00,29.805269241333008,31.830869674682617,29.805269241333008,30.96275520324707,33654,0.0,0.0
2013-03-15 00:00:00+08:00,30.890411376953125,30.890411376953125,30.02229881286621,30.23932647705078,16218,0.0,0.0
2013-03-18 00:00:00+08:00,30.23932647705078,30.23932647705078,29.443553924560547,29.443553924560547,15436,0.0,0.0
2013-03-19 00:00:00+08:00,30.23932647705078,30.311668395996094,29.371212005615234,30.094640731811523,13687,0.0,0.0
2013-03-20 00:00:00+08:00,29.443553924560547,29.515897750854492,28.141382217407227,28.286067962646484,86123,0.0,0.0
2013-03-21 00:00:00+08:00,28.430753707885742,28.93715476989746,28.286067962646484,28.286067962646484,12302,0.0,0.0
2013-03-22 00:00:00+08:00,28.575439453125,28.575439453125,27.7796688079834,27.7796688079834,23087,0.0,0.0
2013-03-25 00:00:00+08:00,28.069040298461914,28.069040298461914,27.128582000732422,27.27326774597168,16486,0.0,0.0
2013-03-26 00:00:00+08:00,27.49029541015625,29.15418243408203,27.49029541015625,29.15418243408203,52849,0.0,0.0
2013-03-27 00:00:00+08:00,27.345611572265625,28.503097534179688,27.128582000732422,28.35841178894043,37732,0.0,0.0
2013-03-28 00:00:00+08:00,28.141382217407227,28.141382217407227,27.707324981689453,27.7796688079834,6271,0.0,0.0
2013-03-29 00:00:00+08:00,28.21372413635254,28.21372413635254,27.49029541015625,27.85201072692871,8180,0.0,0.0
2013-04-01 00:00:00+08:00,27.924354553222656,27.924354553222656,27.49029541015625,27.924354553222656,9516,0.0,0.0
2013-04-02 00:00:00+08:00,27.85201072692871,28.21372413635254,26.91155242919922,27.924354553222656,22808,0.0,0.0
2013-04-03 00:00:00+08:00,26.983896255493164,27.707324981689453,26.766868591308594,27.49029541015625,47274,0.0,0.0
2013-04-08 00:00:00+08:00,25.6093807220459,25.6093807220459,25.6093807220459,25.6093807220459,14906,0.0,0.0
2013-04-09 00:00:00+08:00,23.873151779174805,23.873151779174805,23.800809860229492,23.800809860229492,9537,0.0,0.0
2013-04-10 00:00:00+08:00,22.636119842529297,22.636119842529297,22.200809478759766,22.200809478759766,14196,0.0,0.0
2013-04-11 00:00:00+08:00,20.74977684020996,20.894880294799805,20.67722511291504,20.67722511291504,21639,0.0,0.0
2013-04-12 00:00:00+08:00,20.822328567504883,22.055707931518555,20.822328567504883,22.055707931518555,18683,0.0,0.0
2013-04-15 00:00:00+08:00,23.434188842773438,23.57929229736328,21.692947387695312,23.216533660888672,9119,0.0,0.0
2013-04-16 00:00:00+08:00,22.853775024414062,23.14398193359375,22.200809478759766,23.14398193359375,7584,0.0,0.0
2013-04-17 00:00:00+08:00,23.14398193359375,23.216533660888672,22.41846466064453,23.216533660888672,5882,0.0,0.0
2013-04-18 00:00:00+08:00,22.998878479003906,23.216533660888672,22.998878479003906,23.216533660888672,2513,0.0,0.0
2013-04-19 00:00:00+08:00,23.216533660888672,23.216533660888672,22.41846466064453,22.41846466064453,3458,0.0,0.0
2013-04-22 00:00:00+08:00,23.071430206298828,23.94205093383789,22.41846466064453,23.65184211730957,13944,0.0,0.0
2013-04-23 00:00:00+08:00,23.57929229736328,23.94205093383789,23.50674057006836,23.57929229736328,4244,0.0,0.0
2013-04-24 00:00:00+08:00,22.200809478759766,23.071430206298828,21.983154296875,22.055707931518555,1851,0.0,0.0
2013-04-25 00:00:00+08:00,20.74977684020996,23.57929229736328,20.74977684020996,23.57929229736328,5894,0.0,0.0
2013-04-26 00:00:00+08:00,22.853775024414062,23.50674057006836,22.563568115234375,22.563568115234375,2997,0.0,0.0
2013-04-29 00:00:00+08:00,21.402742385864258,21.83805274963379,21.03998374938965,21.83805274963379,15397,0.0,0.0
2013-04-30 00:00:00+08:00,21.03998374938965,21.402742385864258,20.459569931030273,20.67722511291504,15770,0.0,0.0
2013-05-02 00:00:00+08:00,19.44384765625,20.894880294799805,19.44384765625,19.95170783996582,5714,0.0,0.0
2013-05-03 00:00:00+08:00,20.241914749145508,21.03998374938965,19.081087112426758,20.67722511291504,8021,0.0,0.0
2013-05-06 00:00:00+08:00,20.67722511291504,20.67722511291504,19.8791561126709,20.604673385620117,4277,0.0,0.0
2013-05-07 00:00:00+08:00,19.298742294311523,20.604673385620117,19.298742294311523,20.241914749145508,7074,0.0,0.0
2013-05-08 00:00:00+08:00,20.024259567260742,21.620397567749023,19.58894920349121,21.620397567749023,17073,0.0,0.0
2013-05-09 00:00:00+08:00,22.70867156982422,22.70867156982422,21.03998374938965,21.03998374938965,10843,0.0,0.0
2013-05-10 00:00:00+08:00,19.8791561126709,21.765499114990234,19.8791561126709,21.765499114990234,6271,0.0,0.0
2013-05-13 00:00:00+08:00,21.765499114990234,21.765499114990234,20.822328567504883,21.765499114990234,6903,0.0,0.0
2013-05-14 00:00:00+08:00,20.894880294799805,21.765499114990234,20.894880294799805,21.765499114990234,4541,0.0,0.0
2013-05-15 00:00:00+08:00,20.894880294799805,21.692947387695312,20.894880294799805,21.03998374938965,3170,0.0,0.0
2013-05-16 00:00:00+08:00,21.03998374938965,21.765499114990234,20.894880294799805,21.692947387695312,7375,0.0,0.0
2013-05-17 00:00:00+08:00,21.257638931274414,21.765499114990234,21.257638931274414,21.765499114990234,3576,0.0,0.0
2013-05-20 00:00:00+08:00,21.765499114990234,21.910602569580078,20.894880294799805,21.765499114990234,10208,0.0,0.0
2013-05-21 00:00:00+08:00,20.822328567504883,22.853775024414062,20.822328567504883,22.491016387939453,15073,0.0,0.0
2013-05-22 00:00:00+08:00,22.853775024414062,24.014602661132812,22.41846466064453,23.796947479248047,39179,0.0,0.0
2013-05-23 00:00:00+08:00,23.796947479248047,23.94205093383789,22.200809478759766,22.34591293334961,16162,0.0,0.0
2013-05-24 00:00:00+08:00,22.34591293334961,23.216533660888672,22.055707931518555,23.216533660888672,4146,0.0,0.0
2013-05-27 00:00:00+08:00,23.216533660888672,23.216533660888672,21.983154296875,23.216533660888672,2308,0.0,0.0
2013-05-28 00:00:00+08:00,22.200809478759766,22.200809478759766,22.200809478759766,22.200809478759766,746,0.0,0.0
2013-05-29 00:00:00+08:00,22.200809478759766,23.216533660888672,22.200809478759766,22.491016387939453,4456,0.0,0.0
2013-05-30 00:00:00+08:00,22.491016387939453,23.94205093383789,22.491016387939453,23.65184211730957,5237,0.0,0.0
2013-05-31 00:00:00+08:00,23.65184211730957,23.65184211730957,22.273361206054688,23.50674057006836,4621,0.0,0.0
2013-06-03 00:00:00+08:00,23.50674057006836,23.50674057006836,22.41846466064453,22.41846466064453,3269,0.0,0.0
2013-06-04 00:00:00+08:00,22.41846466064453,23.14398193359375,21.765499114990234,23.14398193359375,3009,0.0,0.0
2013-06-05 00:00:00+08:00,23.14398193359375,23.14398193359375,21.620397567749023,21.910602569580078,3119,0.0,0.0
2013-06-06 00:00:00+08:00,21.910602569580078,21.910602569580078,21.910602569580078,21.910602569580078,2777,0.0,0.0
2013-06-07 00:00:00+08:00,21.910602569580078,22.998878479003906,21.910602569580078,22.998878479003906,3206,0.0,0.0
2013-06-10 00:00:00+08:00,23.57929229736328,23.57929229736328,22.998878479003906,22.998878479003906,2711,0.0,0.0
2013-06-11 00:00:00+08:00,22.998878479003906,22.998878479003906,21.475292205810547,22.055707931518555,13835,0.0,0.0
2013-06-13 00:00:00+08:00,20.532121658325195,21.765499114990234,20.532121658325195,21.765499114990234,5513,0.0,0.0
2013-06-14 00:00:00+08:00,20.822328567504883,21.5478458404541,20.38701820373535,21.5478458404541,2618,0.0,0.0
2013-06-17 00:00:00+08:00,20.096811294555664,21.620397567749023,20.096811294555664,21.620397567749023,3025,0.0,0.0
2013-06-18 00:00:00+08:00,20.31446647644043,20.459569931030273,20.31446647644043,20.459569931030273,1746,0.0,0.0
2013-06-19 00:00:00+08:00,20.31446647644043,20.967432022094727,19.95170783996582,20.241914749145508,4548,0.0,0.0
2013-06-20 00:00:00+08:00,20.967432022094727,21.620397567749023,18.863433837890625,20.31446647644043,10511,0.0,0.0
2013-06-21 00:00:00+08:00,19.661502838134766,20.822328567504883,19.58894920349121,20.822328567504883,2489,0.0,0.0
2013-06-24 00:00:00+08:00,21.330190658569336,22.273361206054688,21.330190658569336,22.273361206054688,12725,0.0,0.0
2013-06-25 00:00:00+08:00,22.491016387939453,22.491016387939453,21.257638931274414,21.330190658569336,2528,0.0,0.0
2013-06-26 00:00:00+08:00,21.330190658569336,21.765499114990234,21.330190658569336,21.402742385864258,2117,0.0,0.0
2013-06-27 00:00:00+08:00,22.491016387939453,22.491016387939453,22.491016387939453,22.491016387939453,3192,0.0,0.0
2013-06-28 00:00:00+08:00,22.491016387939453,22.491016387939453,22.491016387939453,22.491016387939453,66,0.0,0.0
2013-07-01 00:00:00+08:00,21.257638931274414,23.14398193359375,21.257638931274414,21.765499114990234,5521,0.0,0.0
2013-07-02 00:00:00+08:00,22.491016387939453,22.491016387939453,21.910602569580078,21.983154296875,5788,0.0,0.0
2013-07-03 00:00:00+08:00,21.257638931274414,21.765499114990234,21.257638931274414,21.765499114990234,1240,0.0,0.0
2013-07-04 00:00:00+08:00,21.692947387695312,21.765499114990234,21.692947387695312,21.765499114990234,1378,0.0,0.0
2013-07-05 00:00:00+08:00,21.765499114990234,21.765499114990234,21.402742385864258,21.402742385864258,964,0.0,0.0
2013-07-08 00:00:00+08:00,21.765499114990234,21.765499114990234,21.765499114990234,21.765499114990234,1102,0.0,0.0
2013-07-09 00:00:00+08:00,20.459569931030273,22.78122329711914,20.459569931030273,22.34591293334961,1516,0.0,0.0
2013-07-10 00:00:00+08:00,22.491016387939453,22.491016387939453,22.491016387939453,22.491016387939453,711,0.0,0.0
2013-07-11 00:00:00+08:00,21.402742385864258,22.41846466064453,21.402742385864258,22.41846466064453,2343,0.0,0.0
2013-07-12 00:00:00+08:00,23.216533660888672,23.216533660888672,20.894880294799805,21.5478458404541,9096,0.0,0.0
2013-07-15 00:00:00+08:00,20.096811294555664,21.11253547668457,20.096811294555664,20.096811294555664,13508,0.0,0.0
2013-07-16 00:00:00+08:00,20.096811294555664,20.604673385620117,19.661502838134766,20.532121658325195,3852,0.0,0.0
2013-07-17 00:00:00+08:00,20.967432022094727,20.967432022094727,20.967432022094727,20.967432022094727,232,0.0,0.0
2013-07-18 00:00:00+08:00,21.330190658569336,21.330190658569336,20.096811294555664,20.096811294555664,1975,0.0,0.0
2013-07-19 00:00:00+08:00,20.241914749145508,20.241914749145508,20.096811294555664,20.096811294555664,7351,0.0,0.0
2013-07-22 00:00:00+08:00,20.967432022094727,21.03998374938965,20.38701820373535,20.38701820373535,2205,0.0,0.0
2013-07-23 00:00:00+08:00,21.475292205810547,21.765499114990234,21.03998374938965,21.765499114990234,2205,0.0,0.0
2013-07-24 00:00:00+08:00,22.998878479003906,22.998878479003906,20.31446647644043,20.604673385620117,4824,0.0,0.0
2013-07-25 00:00:00+08:00,20.532121658325195,21.257638931274414,20.31446647644043,21.185087203979492,4216,0.0,0.0
2013-07-26 00:00:00+08:00,20.459569931030273,21.402742385864258,19.806604385375977,19.95170783996582,12636,0.0,0.0
2013-07-29 00:00:00+08:00,19.95170783996582,19.95170783996582,18.71833038330078,18.935985565185547,9537,0.0,0.0
2013-07-30 00:00:00+08:00,18.935985565185547,19.95170783996582,18.935985565185547,19.95170783996582,13800,0.0,0.0
2013-07-31 00:00:00+08:00,21.03998374938965,21.03998374938965,20.169363021850586,20.67722511291504,11967,0.0,0.0
2013-08-01 00:00:00+08:00,20.67722511291504,21.475292205810547,20.38701820373535,21.330190658569336,5854,0.0,0.0
2013-08-02 00:00:00+08:00,21.03998374938965,21.765499114990234,21.03998374938965,21.765499114990234,25336,0.0,0.0
2013-08-05 00:00:00+08:00,21.765499114990234,22.70867156982422,21.185087203979492,22.70867156982422,8802,0.0,0.0
2013-08-06 00:00:00+08:00,21.475292205810547,21.692947387695312,21.257638931274414,21.257638931274414,16320,0.0,0.0
2013-08-07 00:00:00+08:00,21.765499114990234,21.765499114990234,20.096811294555664,21.765499114990234,17864,0.0,0.0
2013-08-08 00:00:00+08:00,21.765432357788086,21.765432357788086,21.765432357788086,21.765432357788086,0,0.0,0.519857
2013-08-09 00:00:00+08:00,21.765432357788086,21.765432357788086,21.765432357788086,21.765432357788086,0,0.0,0.0
2013-08-12 00:00:00+08:00,21.765432357788086,21.765432357788086,21.765432357788086,21.765432357788086,0,0.0,0.0
2013-08-13 00:00:00+08:00,21.765432357788086,21.765432357788086,21.765432357788086,21.765432357788086,0,0.0,0.0
2013-08-14 00:00:00+08:00,21.765432357788086,21.765432357788086,21.765432357788086,21.765432357788086,0,0.0,0.0
2013-08-15 00:00:00+08:00,21.765432357788086,21.765432357788086,21.765432357788086,21.765432357788086,0,0.0,0.0
2013-08-16 00:00:00+08:00,21.765432357788086,21.765432357788086,21.765432357788086,21.765432357788086,0,0.0,0.0
2013-08-19 00:00:00+08:00,21.765432357788086,21.765432357788086,21.765432357788086,21.765432357788086,0,0.0,0.0
2013-08-20 00:00:00+08:00,21.765432357788086,21.765432357788086,21.765432357788086,21.765432357788086,0,0.0,0.0
2013-08-22 00:00:00+08:00,23.271074295043945,23.271074295043945,22.252729415893555,22.592178344726562,151408,0.0,0.0
2013-08-23 00:00:00+08:00,21.045801162719727,22.21501350402832,21.045801162719727,21.121234893798828,141280,0.0,0.0
2013-08-26 00:00:00+08:00,21.49839973449707,21.875564575195312,21.49839973449707,21.536117553710938,59851,0.0,0.0
2013-08-27 00:00:00+08:00,21.121234893798828,21.49839973449707,20.819503784179688,21.19666862487793,43442,0.0,0.0
2013-08-28 00:00:00+08:00,21.121234893798828,21.19666862487793,20.442338943481445,21.008085250854492,18505,0.0,0.0
2013-08-29 00:00:00+08:00,21.008085250854492,21.121234893798828,20.55548858642578,21.008085250854492,19325,0.0,0.0
2013-08-30 00:00:00+08:00,21.008085250854492,21.008085250854492,20.744070053100586,20.744070053100586,8513,0.0,0.0
2013-09-02 00:00:00+08:00,21.2721004486084,21.98871421813965,21.121234893798828,21.309818267822266,43574,0.0,0.0
2013-09-03 00:00:00+08:00,22.21501350402832,22.21501350402832,20.819503784179688,21.234384536743164,10019,0.0,0.0
2013-09-04 00:00:00+08:00,20.932653427124023,21.234384536743164,20.932653427124023,21.234384536743164,5569,0.0,0.0
2013-09-05 00:00:00+08:00,21.234384536743164,21.385250091552734,20.970369338989258,20.970369338989258,24398,0.0,0.0
2013-09-06 00:00:00+08:00,20.970369338989258,22.026430130004883,20.970369338989258,21.234384536743164,27601,0.0,0.0
2013-09-09 00:00:00+08:00,21.686983108520508,21.686983108520508,21.158952713012695,21.2721004486084,23427,0.0,0.0
2013-09-10 00:00:00+08:00,20.932653427124023,21.2721004486084,20.932653427124023,20.970369338989258,28698,0.0,0.0
2013-09-11 00:00:00+08:00,20.970369338989258,20.970369338989258,20.744070053100586,20.744070053100586,10928,0.0,0.0
2013-09-12 00:00:00+08:00,21.121234893798828,21.121234893798828,20.781787872314453,20.932653427124023,4771,0.0,0.0
2013-09-13 00:00:00+08:00,20.970369338989258,21.083518981933594,19.650291442871094,19.876590728759766,13315,0.0,0.0
2013-09-16 00:00:00+08:00,19.914308547973633,20.55548858642578,19.914308547973633,20.253755569458008,11586,0.0,0.0
2013-09-17 00:00:00+08:00,20.216039657592773,20.32918930053711,20.027456283569336,20.102890014648438,4233,0.0,0.0
2013-09-18 00:00:00+08:00,20.668636322021484,20.70635414123535,20.291473388671875,20.404621124267578,10584,0.0,0.0
2013-09-23 00:00:00+08:00,20.404621124267578,21.385250091552734,20.404621124267578,20.744070053100586,16363,0.0,0.0
2013-09-24 00:00:00+08:00,20.744070053100586,21.083518981933594,20.593204498291016,21.083518981933594,13418,0.0,0.0
2013-09-25 00:00:00+08:00,21.045801162719727,21.460683822631836,20.781787872314453,21.083518981933594,7103,0.0,0.0
2013-09-26 00:00:00+08:00,20.781787872314453,20.894935607910156,20.216039657592773,20.894935607910156,4287,0.0,0.0
2013-09-27 00:00:00+08:00,20.781787872314453,20.932653427124023,20.404621124267578,20.63092041015625,7449,0.0,0.0
2013-09-30 00:00:00+08:00,21.008085250854492,21.008085250854492,20.55548858642578,20.593204498291016,2738,0.0,0.0
2013-10-01 00:00:00+08:00,20.593204498291016,20.819503784179688,20.593204498291016,20.819503784179688,10870,0.0,0.0
2013-10-02 00:00:00+08:00,20.819503784179688,20.857219696044922,20.593204498291016,20.781787872314453,11135,0.0,0.0
2013-10-03 00:00:00+08:00,20.781787872314453,20.781787872314453,20.70635414123535,20.70635414123535,5229,0.0,0.0
2013-10-04 00:00:00+08:00,20.70635414123535,20.819503784179688,20.48005485534668,20.819503784179688,5989,0.0,0.0
2013-10-07 00:00:00+08:00,20.744070053100586,20.744070053100586,20.027456283569336,20.027456283569336,4051,0.0,0.0
2013-10-08 00:00:00+08:00,20.027456283569336,20.517772674560547,19.725725173950195,20.517772674560547,4718,0.0,0.0
2013-10-09 00:00:00+08:00,19.9897403717041,20.027456283569336,19.9897403717041,19.9897403717041,3525,0.0,0.0
2013-10-11 00:00:00+08:00,20.291473388671875,20.366905212402344,19.9897403717041,20.32918930053711,17533,0.0,0.0
2013-10-14 00:00:00+08:00,20.027456283569336,20.027456283569336,20.027456283569336,20.027456283569336,1301,0.0,0.0
2013-10-15 00:00:00+08:00,19.9897403717041,20.366905212402344,19.725725173950195,20.366905212402344,11478,0.0,0.0
2013-10-16 00:00:00+08:00,20.253755569458008,20.253755569458008,20.027456283569336,20.027456283569336,2019,0.0,0.0
2013-10-17 00:00:00+08:00,19.83887481689453,20.216039657592773,19.76344108581543,20.216039657592773,11318,0.0,0.0
2013-10-18 00:00:00+08:00,20.216039657592773,20.366905212402344,19.801158905029297,20.366905212402344,10254,0.0,0.0
2013-10-21 00:00:00+08:00,20.366905212402344,20.55548858642578,20.366905212402344,20.48005485534668,8070,0.0,0.0
2013-10-22 00:00:00+08:00,20.366905212402344,20.744070053100586,20.291473388671875,20.744070053100586,10966,0.0,0.0
2013-10-23 00:00:00+08:00,20.70635414123535,20.744070053100586,20.70635414123535,20.744070053100586,2540,0.0,0.0
2013-10-24 00:00:00+08:00,20.744070053100586,20.744070053100586,20.102890014648438,20.102890014648438,5002,0.0,0.0
2013-10-25 00:00:00+08:00,20.140607833862305,20.253755569458008,20.140607833862305,20.17832374572754,3285,0.0,0.0
2013-10-28 00:00:00+08:00,20.366905212402344,21.49839973449707,20.366905212402344,21.083518981933594,38638,0.0,0.0
2013-10-29 00:00:00+08:00,21.158952713012695,21.875564575195312,20.744070053100586,20.744070053100586,22728,0.0,0.0
2013-10-30 00:00:00+08:00,20.781787872314453,20.932653427124023,20.140607833862305,20.819503784179688,11826,0.0,0.0
2013-10-31 00:00:00+08:00,20.744070053100586,20.744070053100586,20.291473388671875,20.404621124267578,4141,0.0,0.0
2013-11-01 00:00:00+08:00,20.404621124267578,20.404621124267578,20.253755569458008,20.253755569458008,7872,0.0,0.0
2013-11-04 00:00:00+08:00,20.70635414123535,20.70635414123535,20.102890014648438,20.102890014648438,5432,0.0,0.0
2013-11-05 00:00:00+08:00,19.76344108581543,19.876590728759766,19.76344108581543,19.876590728759766,2029,0.0,0.0
2013-11-06 00:00:00+08:00,21.19666862487793,21.19666862487793,19.876590728759766,19.876590728759766,12757,0.0,0.0
2013-11-07 00:00:00+08:00,19.9897403717041,20.366905212402344,19.9897403717041,19.9897403717041,15005,0.0,0.0
2013-11-08 00:00:00+08:00,19.801158905029297,19.801158905029297,19.801158905029297,19.801158905029297,3703,0.0,0.0
2013-11-11 00:00:00+08:00,19.68800926208496,19.68800926208496,18.782812118530273,19.235410690307617,11265,0.0,0.0
2013-11-12 00:00:00+08:00,19.386276245117188,19.801158905029297,19.386276245117188,19.46170997619629,13318,0.0,0.0
2013-11-13 00:00:00+08:00,19.46170997619629,19.9897403717041,19.46170997619629,19.914308547973633,9852,0.0,0.0
2013-11-14 00:00:00+08:00,19.914308547973633,19.952024459838867,19.499425888061523,19.61257553100586,12726,0.0,0.0
2013-11-15 00:00:00+08:00,19.46170997619629,19.83887481689453,19.12226104736328,19.12226104736328,28244,0.0,0.0
2013-11-18 00:00:00+08:00,17.802183151245117,18.89596176147461,17.802183151245117,17.915334701538086,25842,0.0,0.0
2013-11-19 00:00:00+08:00,18.10391616821289,18.141632080078125,17.915334701538086,17.915334701538086,13920,0.0,0.0
2013-11-20 00:00:00+08:00,17.538169860839844,17.839900970458984,17.123287200927734,17.839900970458984,11356,0.0,0.0
2013-11-21 00:00:00+08:00,17.16100311279297,18.10391616821289,17.16100311279297,17.538169860839844,8484,0.0,0.0
2013-11-22 00:00:00+08:00,17.123287200927734,17.839900970458984,17.123287200927734,17.651317596435547,8601,0.0,0.0
2013-11-25 00:00:00+08:00,17.651317596435547,17.651317596435547,17.123287200927734,17.16100311279297,3446,0.0,0.0
2013-11-26 00:00:00+08:00,17.123287200927734,17.462736129760742,17.0101375579834,17.462736129760742,14101,0.0,0.0
2013-11-27 00:00:00+08:00,17.0855712890625,18.292497634887695,17.0855712890625,17.349586486816406,10259,0.0,0.0
2013-11-28 00:00:00+08:00,17.38730239868164,17.538169860839844,17.311870574951172,17.311870574951172,3477,0.0,0.0
2013-11-29 00:00:00+08:00,17.311870574951172,17.462736129760742,17.16100311279297,17.462736129760742,3022,0.0,0.0
2013-12-02 00:00:00+08:00,17.462736129760742,17.462736129760742,16.972421646118164,17.0101375579834,11645,0.0,0.0
2013-12-03 00:00:00+08:00,16.29352378845215,17.0101375579834,16.29352378845215,16.557540893554688,13060,0.0,0.0
2013-12-04 00:00:00+08:00,16.783838272094727,16.972421646118164,16.595256805419922,16.595256805419922,9063,0.0,0.0
2013-12-05 00:00:00+08:00,16.972421646118164,17.38730239868164,16.595256805419922,16.708406448364258,13837,0.0,0.0
2013-12-06 00:00:00+08:00,16.783838272094727,17.575885772705078,16.783838272094727,17.16100311279297,8558,0.0,0.0
2013-12-09 00:00:00+08:00,17.349586486816406,17.575885772705078,17.311870574951172,17.349586486816406,6429,0.0,0.0
2013-12-10 00:00:00+08:00,17.349586486816406,17.538169860839844,17.349586486816406,17.538169860839844,5824,0.0,0.0
2013-12-11 00:00:00+08:00,17.538169860839844,17.575885772705078,17.462736129760742,17.462736129760742,1718,0.0,0.0
2013-12-12 00:00:00+08:00,17.462736129760742,17.802183151245117,17.0855712890625,17.500452041625977,6802,0.0,0.0
2013-12-13 00:00:00+08:00,17.16100311279297,17.349586486816406,17.123287200927734,17.349586486816406,8194,0.0,0.0
2013-12-16 00:00:00+08:00,16.51982307434082,17.349586486816406,16.51982307434082,16.746122360229492,3711,0.0,0.0
2013-12-17 00:00:00+08:00,16.746122360229492,17.349586486816406,16.746122360229492,16.972421646118164,3594,0.0,0.0
2013-12-18 00:00:00+08:00,17.0855712890625,17.349586486816406,17.0101375579834,17.0101375579834,4781,0.0,0.0
2013-12-19 00:00:00+08:00,17.500452041625977,17.500452041625977,17.311870574951172,17.311870574951172,819,0.0,0.0
2013-12-20 00:00:00+08:00,17.047853469848633,17.274152755737305,17.047853469848633,17.274152755737305,2337,0.0,0.0
2013-12-23 00:00:00+08:00,17.425018310546875,17.538169860839844,17.274152755737305,17.500452041625977,7165,0.0,0.0
2013-12-24 00:00:00+08:00,17.16100311279297,17.198720932006836,17.16100311279297,17.16100311279297,2682,0.0,0.0
2013-12-25 00:00:00+08:00,17.349586486816406,17.72675132751465,17.349586486816406,17.575885772705078,19688,0.0,0.0
2013-12-26 00:00:00+08:00,17.575885772705078,18.782812118530273,17.575885772705078,18.782812118530273,24280,0.0,0.0
2013-12-27 00:00:00+08:00,20.065174102783203,20.065174102783203,20.065174102783203,20.065174102783203,27081,0.0,0.0
2013-12-30 00:00:00+08:00,21.460683822631836,21.460683822631836,21.460683822631836,21.460683822631836,26547,0.0,0.0
2013-12-31 00:00:00+08:00,22.93162727355957,22.93162727355957,21.91328239440918,22.93162727355957,302054,0.0,0.0
2014-01-02 00:00:00+08:00,24.327136993408203,24.51572036743164,23.912256240844727,24.51572036743164,131431,0.0,0.0
2014-01-03 00:00:00+08:00,26.212961196899414,26.212961196899414,25.647214889526367,26.212961196899414,182470,0.0,0.0
2014-01-06 00:00:00+08:00,26.96729278564453,28.023353576660156,26.96729278564453,28.023353576660156,247072,0.0,0.0
2014-01-07 00:00:00+08:00,28.664533615112305,29.154848098754883,26.062095642089844,26.062095642089844,401990,0.0,0.0
2014-01-08 00:00:00+08:00,26.062095642089844,26.062095642089844,24.51572036743164,24.51572036743164,170264,0.0,0.0
2014-01-09 00:00:00+08:00,24.51572036743164,24.553436279296875,23.761390686035156,24.327136993408203,92215,0.0,0.0
2014-01-10 00:00:00+08:00,24.704301834106445,26.02437973022461,24.51572036743164,26.02437973022461,74079,0.0,0.0
2014-01-13 00:00:00+08:00,27.83477020263672,27.83477020263672,27.83477020263672,27.83477020263672,90236,0.0,0.0
2014-01-14 00:00:00+08:00,29.11713218688965,29.758312225341797,28.362802505493164,29.758312225341797,334299,0.0,0.0
2014-01-15 00:00:00+08:00,31.757286071777344,31.832719802856445,30.814374923706055,31.832719802856445,210208,0.0,0.0
2014-01-16 00:00:00+08:00,33.190513610839844,34.05799102783203,33.03964614868164,34.05799102783203,283829,0.0,0.0
2014-01-17 00:00:00+08:00,32.81334686279297,32.81334686279297,31.681852340698242,31.681852340698242,247715,0.0,0.0
2014-01-20 00:00:00+08:00,30.927522659301758,31.116106033325195,29.871461868286133,30.173194885253906,236697,0.0,0.0
2014-01-21 00:00:00+08:00,30.173194885253906,30.173194885253906,28.06106948852539,28.287368774414062,421897,0.0,0.0
2014-01-22 00:00:00+08:00,28.287368774414062,28.287368774414062,26.32611083984375,26.47697639465332,281927,0.0,0.0
2014-01-23 00:00:00+08:00,26.778709411621094,28.325084686279297,26.514694213867188,28.325084686279297,451491,0.0,0.0
2014-01-24 00:00:00+08:00,27.947921752929688,30.060043334960938,26.363828659057617,26.363828659057617,554647,0.0,0.0
2014-01-27 00:00:00+08:00,25.270050048828125,26.778709411621094,24.553436279296875,24.553436279296875,297916,0.0,0.0
2014-02-05 00:00:00+08:00,26.02437973022461,26.099811553955078,23.57280731201172,23.57280731201172,674771,0.0,0.0
2014-02-06 00:00:00+08:00,23.610523223876953,24.478002548217773,23.42194175720215,24.402570724487305,289480,0.0,0.0
2014-02-07 00:00:00+08:00,24.892885208129883,26.099811553955078,24.855167388916016,26.099811553955078,227821,0.0,0.0
2014-02-10 00:00:00+08:00,27.533039093017578,27.91020393371582,27.495323181152344,27.91020393371582,173754,0.0,0.0
2014-02-11 00:00:00+08:00,29.79602813720703,29.79602813720703,27.155874252319336,27.344457626342773,521582,0.0,0.0
2014-02-12 00:00:00+08:00,27.91020393371582,28.249652862548828,27.155874252319336,27.344457626342773,156957,0.0,0.0
2014-02-13 00:00:00+08:00,27.75933837890625,29.230281829833984,27.382173538208008,29.230281829833984,294910,0.0,0.0
2014-02-14 00:00:00+08:00,31.266971588134766,31.266971588134766,31.266971588134766,31.266971588134766,223975,0.0,0.0
2014-02-17 00:00:00+08:00,33.45452880859375,33.45452880859375,33.45452880859375,33.45452880859375,157730,0.0,0.0
2014-02-18 00:00:00+08:00,35.79294967651367,35.79294967651367,35.79294967651367,35.79294967651367,230146,0.0,0.0
2014-02-19 00:00:00+08:00,38.28224182128906,38.28224182128906,36.20783233642578,38.28224182128906,1601079,0.0,0.0
2014-02-20 00:00:00+08:00,38.65940475463867,40.922393798828125,38.28224182128906,40.922393798828125,918654,0.0,0.0
2014-02-21 00:00:00+08:00,43.751129150390625,43.751129150390625,38.093658447265625,38.093658447265625,2216564,0.0,0.0
2014-02-24 00:00:00+08:00,39.9794807434082,40.545230865478516,35.83066940307617,35.83066940307617,1514012,0.0,0.0
2014-02-25 00:00:00+08:00,33.56767654418945,34.73688888549805,33.34137725830078,33.94484329223633,1264990,0.0,0.0
2014-02-26 00:00:00+08:00,33.56767654418945,35.83066940307617,33.190513610839844,35.67980194091797,833086,0.0,0.0
2014-02-27 00:00:00+08:00,33.94484329223633,35.566650390625,33.94484329223633,35.26491928100586,445517,0.0,0.0
2014-03-03 00:00:00+08:00,35.566650390625,35.566650390625,34.32200622558594,34.39744186401367,266582,0.0,0.0
2014-03-04 00:00:00+08:00,34.171142578125,35.26491928100586,34.171142578125,34.77460479736328,315383,0.0,0.0
2014-03-05 00:00:00+08:00,35.6043701171875,37.18846130371094,35.03861999511719,37.18846130371094,373658,0.0,0.0
2014-03-06 00:00:00+08:00,39.790897369384766,39.790897369384766,39.790897369384766,39.790897369384766,202383,0.0,0.0
2014-03-07 00:00:00+08:00,42.431053161621094,42.431053161621094,40.73381042480469,42.242469787597656,1521826,0.0,0.0
2014-03-10 00:00:00+08:00,42.0,44.0,40.0,41.20000076293945,559550,0.0,0.0
2014-03-11 00:00:00+08:00,42.20000076293945,44.0,41.400001525878906,44.0,476173,0.0,0.0
2014-03-12 00:00:00+08:00,44.400001525878906,46.599998474121094,43.20000076293945,44.0,575374,0.0,0.0
2014-03-13 00:00:00+08:00,43.20000076293945,46.599998474121094,43.20000076293945,44.400001525878906,459699,0.0,0.0
2014-03-14 00:00:00+08:00,43.79999923706055,44.0,42.0,42.79999923706055,304236,0.0,0.0
2014-03-17 00:00:00+08:00,42.79999923706055,43.79999923706055,42.0,42.400001525878906,181739,0.0,0.0
2014-03-18 00:00:00+08:00,43.599998474121094,44.0,42.0,42.599998474121094,255685,0.0,0.0
2014-03-19 00:00:00+08:00,42.599998474121094,43.20000076293945,41.20000076293945,41.20000076293945,215185,0.0,0.0
2014-03-20 00:00:00+08:00,39.79999923706055,40.79999923706055,38.31999969482422,39.79999923706055,313714,0.0,0.0
2014-03-21 00:00:00+08:00,39.84000015258789,40.79999923706055,39.20000076293945,39.560001373291016,187499,0.0,0.0
2014-03-24 00:00:00+08:00,37.20000076293945,42.20000076293945,37.20000076293945,41.599998474121094,337372,0.0,0.0
2014-03-25 00:00:00+08:00,40.400001525878906,42.20000076293945,40.400001525878906,41.20000076293945,141259,0.0,0.0
2014-03-26 00:00:00+08:00,41.0,42.0,40.79999923706055,40.79999923706055,161315,0.0,0.0
2014-03-27 00:00:00+08:00,41.599998474121094,41.599998474121094,39.599998474121094,40.599998474121094,162961,0.0,0.0
2014-03-28 00:00:00+08:00,40.599998474121094,41.400001525878906,39.68000030517578,39.68000030517578,171886,0.0,0.0
2014-03-31 00:00:00+08:00,40.0,40.20000076293945,38.119998931884766,39.52000045776367,206887,0.0,0.0
2014-04-01 00:00:00+08:00,40.0,40.0,38.79999923706055,39.0,186215,0.0,0.0
2014-04-02 00:00:00+08:00,37.20000076293945,38.0,36.279998779296875,36.31999969482422,711674,0.0,0.0
2014-04-03 00:00:00+08:00,33.79999923706055,33.79999923706055,33.79999923706055,33.79999923706055,27312,0.0,0.0
2014-04-07 00:00:00+08:00,31.440000534057617,31.440000534057617,31.440000534057617,31.440000534057617,30837,0.0,0.0
2014-04-08 00:00:00+08:00,29.239999771118164,32.0,29.239999771118164,29.639999389648438,291495,0.0,0.0
2014-04-09 00:00:00+08:00,30.0,30.799999237060547,29.440000534057617,30.200000762939453,146929,0.0,0.0
2014-04-10 00:00:00+08:00,30.760000228881836,31.920000076293945,30.399999618530273,31.600000381469727,51810,0.0,0.0
2014-04-11 00:00:00+08:00,29.399999618530273,29.399999618530273,29.399999618530273,29.399999618530273,212058,0.0,0.0
2014-04-14 00:00:00+08:00,28.0,28.799999237060547,27.360000610351562,27.360000610351562,257456,0.0,0.0
2014-04-15 00:00:00+08:00,27.479999542236328,27.8799991607666,26.079999923706055,27.8799991607666,140542,0.0,0.0
2014-04-16 00:00:00+08:00,27.84000015258789,27.84000015258789,26.719999313354492,27.440000534057617,62007,0.0,0.0
2014-04-17 00:00:00+08:00,27.84000015258789,27.84000015258789,26.440000534057617,26.799999237060547,79976,0.0,0.0
2014-04-18 00:00:00+08:00,27.399999618530273,27.399999618530273,26.600000381469727,27.239999771118164,70379,0.0,0.0
2014-04-21 00:00:00+08:00,29.079999923706055,29.079999923706055,27.239999771118164,27.399999618530273,98832,0.0,0.0
2014-04-22 00:00:00+08:00,27.399999618530273,27.399999618530273,26.520000457763672,27.040000915527344,37037,0.0,0.0
2014-04-23 00:00:00+08:00,27.600000381469727,27.600000381469727,25.920000076293945,26.0,58265,0.0,0.0
2014-04-24 00:00:00+08:00,26.68000030517578,26.68000030517578,24.200000762939453,24.200000762939453,78952,0.0,0.0
2014-04-25 00:00:00+08:00,23.239999771118164,23.31999969482422,22.520000457763672,22.520000457763672,68742,0.0,0.0
2014-04-28 00:00:00+08:00,20.959999084472656,23.360000610351562,20.959999084472656,23.360000610351562,217591,0.0,0.0
2014-04-29 00:00:00+08:00,23.200000762939453,23.280000686645508,22.31999969482422,22.8799991607666,42815,0.0,0.0
2014-04-30 00:00:00+08:00,22.079999923706055,23.0,22.079999923706055,22.68000030517578,45811,0.0,0.0
2014-05-02 00:00:00+08:00,22.1200008392334,24.239999771118164,22.1200008392334,24.239999771118164,92583,0.0,0.0
2014-05-05 00:00:00+08:00,24.239999771118164,25.920000076293945,24.239999771118164,25.920000076293945,66708,0.0,0.0
2014-05-06 00:00:00+08:00,27.520000457763672,27.719999313354492,26.440000534057617,27.399999618530273,215802,0.0,0.0
2014-05-07 00:00:00+08:00,27.200000762939453,27.479999542236328,26.8799991607666,27.15999984741211,68647,0.0,0.0
2014-05-08 00:00:00+08:00,27.15999984741211,27.31999969482422,26.84000015258789,27.0,47514,0.0,0.0
2014-05-09 00:00:00+08:00,27.0,27.0,26.31999969482422,26.399999618530273,56994,0.0,0.0
2014-05-12 00:00:00+08:00,25.600000381469727,25.600000381469727,24.559999465942383,24.559999465942383,56839,0.0,0.0
2014-05-13 00:00:00+08:00,23.0,23.8799991607666,22.8799991607666,23.200000762939453,113085,0.0,0.0
2014-05-14 00:00:00+08:00,22.399999618530273,23.520000457763672,22.200000762939453,23.440000534057617,15904,0.0,0.0
2014-05-15 00:00:00+08:00,22.520000457763672,23.399999618530273,22.520000457763672,23.200000762939453,19574,0.0,0.0
2014-05-16 00:00:00+08:00,22.799999237060547,24.360000610351562,22.639999389648438,24.0,28925,0.0,0.0
2014-05-19 00:00:00+08:00,24.200000762939453,25.68000030517578,24.200000762939453,25.600000381469727,44933,0.0,0.0
2014-05-20 00:00:00+08:00,25.200000762939453,25.719999313354492,24.719999313354492,24.959999084472656,25048,0.0,0.0
2014-05-21 00:00:00+08:00,23.520000457763672,24.719999313354492,23.520000457763672,24.040000915527344,30250,0.0,0.0
2014-05-22 00:00:00+08:00,25.559999465942383,25.559999465942383,24.31999969482422,24.920000076293945,45146,0.0,0.0
2014-05-23 00:00:00+08:00,24.920000076293945,25.200000762939453,24.079999923706055,24.920000076293945,12188,0.0,0.0
2014-05-26 00:00:00+08:00,24.799999237060547,25.200000762939453,24.600000381469727,24.600000381469727,27915,0.0,0.0
2014-05-27 00:00:00+08:00,25.15999984741211,25.15999984741211,24.479999542236328,24.520000457763672,16409,0.0,0.0
2014-05-28 00:00:00+08:00,24.399999618530273,24.959999084472656,24.239999771118164,24.600000381469727,18767,0.0,0.0
2014-05-29 00:00:00+08:00,24.280000686645508,25.079999923706055,24.280000686645508,24.280000686645508,20055,0.0,0.0
2014-05-30 00:00:00+08:00,25.15999984741211,25.31999969482422,24.479999542236328,25.280000686645508,75110,0.0,0.0
2014-06-03 00:00:00+08:00,25.799999237060547,27.040000915527344,25.799999237060547,27.040000915527344,141473,0.0,0.0
2014-06-04 00:00:00+08:00,26.8799991607666,27.360000610351562,26.079999923706055,26.719999313354492,61592,0.0,0.0
2014-06-05 00:00:00+08:00,26.719999313354492,27.079999923706055,26.31999969482422,26.68000030517578,30445,0.0,0.0
2014-06-06 00:00:00+08:00,26.440000534057617,26.799999237060547,26.440000534057617,26.799999237060547,13259,0.0,0.0
2014-06-09 00:00:00+08:00,27.0,27.399999618530273,26.920000076293945,27.31999969482422,131300,0.0,0.0
2014-06-10 00:00:00+08:00,27.079999923706055,27.079999923706055,26.520000457763672,26.520000457763672,47310,0.0,0.0
2014-06-11 00:00:00+08:00,25.639999389648438,27.200000762939453,25.639999389648438,27.200000762939453,38001,0.0,0.0
2014-06-12 00:00:00+08:00,28.760000228881836,28.760000228881836,26.8799991607666,26.8799991607666,21032,0.0,0.0
2014-06-13 00:00:00+08:00,26.68000030517578,27.1200008392334,26.479999542236328,26.479999542236328,12251,0.0,0.0
2014-06-16 00:00:00+08:00,26.1200008392334,26.399999618530273,26.079999923706055,26.360000610351562,20683,0.0,0.0
2014-06-17 00:00:00+08:00,26.239999771118164,26.31999969482422,26.0,26.0,30914,0.0,0.0
2014-06-18 00:00:00+08:00,26.799999237060547,26.799999237060547,25.8799991607666,26.040000915527344,9626,0.0,0.0
2014-06-19 00:00:00+08:00,26.040000915527344,26.040000915527344,25.719999313354492,25.719999313354492,25499,0.0,0.0
2014-06-20 00:00:00+08:00,25.639999389648438,27.0,25.280000686645508,26.440000534057617,27893,0.0,0.0
2014-06-23 00:00:00+08:00,25.399999618530273,27.1200008392334,25.399999618530273,27.1200008392334,19299,0.0,0.0
2014-06-24 00:00:00+08:00,26.239999771118164,27.079999923706055,26.239999771118164,26.399999618530273,42576,0.0,0.0
2014-06-25 00:00:00+08:00,27.399999618530273,27.399999618530273,26.0,26.639999389648438,88931,0.0,0.0
2014-06-26 00:00:00+08:00,26.15999984741211,27.040000915527344,25.959999084472656,26.079999923706055,67105,0.0,0.0
2014-06-27 00:00:00+08:00,26.0,27.31999969482422,25.920000076293945,27.0,72516,0.0,0.0
2014-06-30 00:00:00+08:00,28.760000228881836,28.760000228881836,27.200000762939453,27.280000686645508,150500,0.0,0.0
2014-07-01 00:00:00+08:00,27.280000686645508,28.360000610351562,27.280000686645508,27.600000381469727,87759,0.0,0.0
2014-07-02 00:00:00+08:00,27.600000381469727,27.799999237060547,27.399999618530273,27.639999389648438,86789,0.0,0.0
2014-07-03 00:00:00+08:00,27.600000381469727,27.600000381469727,27.079999923706055,27.520000457763672,34640,0.0,0.0
2014-07-04 00:00:00+08:00,27.399999618530273,27.520000457763672,27.200000762939453,27.440000534057617,35118,0.0,0.0
2014-07-07 00:00:00+08:00,26.8799991607666,27.31999969482422,26.639999389648438,26.639999389648438,16934,0.0,0.0
2014-07-08 00:00:00+08:00,26.68000030517578,27.31999969482422,26.68000030517578,26.799999237060547,31072,0.0,0.0
2014-07-09 00:00:00+08:00,27.959999084472656,28.639999389648438,27.920000076293945,28.639999389648438,153654,0.0,0.0
2014-07-10 00:00:00+08:00,30.639999389648438,30.639999389648438,30.639999389648438,30.639999389648438,83553,0.0,0.0
2014-07-11 00:00:00+08:00,32.7599983215332,32.7599983215332,31.079999923706055,31.920000076293945,417025,0.0,0.0
2014-07-14 00:00:00+08:00,31.920000076293945,31.920000076293945,30.040000915527344,30.079999923706055,101175,0.0,0.0
2014-07-15 00:00:00+08:00,30.8799991607666,32.15999984741211,30.440000534057617,31.200000762939453,205753,0.0,0.0
2014-07-16 00:00:00+08:00,30.959999084472656,31.079999923706055,30.0,30.799999237060547,85117,0.0,0.0
2014-07-17 00:00:00+08:00,30.040000915527344,31.079999923706055,29.559999465942383,30.920000076293945,36214,0.0,0.0
2014-07-18 00:00:00+08:00,30.600000381469727,31.479999542236328,30.600000381469727,30.959999084472656,43613,0.0,0.0
2014-07-21 00:00:00+08:00,30.079999923706055,31.639999389648438,30.079999923706055,31.0,22151,0.0,0.0
2014-07-22 00:00:00+08:00,31.040000915527344,31.600000381469727,31.040000915527344,31.520000457763672,68823,0.0,0.0
2014-07-23 00:00:00+08:00,31.520000457763672,31.520000457763672,31.520000457763672,31.520000457763672,0,0.0,0.0
2014-07-24 00:00:00+08:00,31.520000457763672,31.600000381469727,30.799999237060547,31.040000915527344,26654,0.0,0.0
2014-07-25 00:00:00+08:00,30.8799991607666,31.399999618530273,30.8799991607666,31.0,27171,0.0,0.0
2014-07-28 00:00:00+08:00,31.200000762939453,31.200000762939453,28.920000076293945,28.920000076293945,21054,0.0,0.0
2014-07-29 00:00:00+08:00,27.200000762939453,28.799999237060547,27.200000762939453,28.639999389648438,56575,0.0,0.0
2014-07-30 00:00:00+08:00,27.479999542236328,29.1200008392334,27.479999542236328,28.0,14685,0.0,0.0
2014-07-31 00:00:00+08:00,28.399999618530273,28.399999618530273,27.68000030517578,28.0,12175,0.0,0.0
2014-08-01 00:00:00+08:00,27.600000381469727,28.600000381469727,27.600000381469727,28.600000381469727,9237,0.0,0.0
2014-08-04 00:00:00+08:00,27.639999389648438,28.0,27.639999389648438,27.68000030517578,7556,0.0,0.0
2014-08-05 00:00:00+08:00,27.600000381469727,28.440000534057617,26.84000015258789,28.440000534057617,17271,0.0,0.0
2014-08-06 00:00:00+08:00,27.84000015258789,27.84000015258789,27.600000381469727,27.600000381469727,19610,0.0,0.0
2014-08-07 00:00:00+08:00,27.639999389648438,28.0,27.600000381469727,27.639999389648438,10337,0.0,0.0
2014-08-08 00:00:00+08:00,27.600000381469727,27.600000381469727,25.719999313354492,25.719999313354492,79750,0.0,0.0
2014-08-11 00:00:00+08:00,25.920000076293945,26.040000915527344,25.920000076293945,26.040000915527344,13000,0.0,0.0
2014-08-12 00:00:00+08:00,26.079999923706055,26.719999313354492,26.079999923706055,26.079999923706055,6582,0.0,0.0
2014-08-13 00:00:00+08:00,26.760000228881836,26.760000228881836,26.0,26.399999618530273,7125,0.0,0.0
2014-08-14 00:00:00+08:00,26.399999618530273,26.399999618530273,25.0,25.0,25582,0.0,0.0
2014-08-15 00:00:00+08:00,24.799999237060547,25.0,24.040000915527344,25.0,15000,0.0,0.0
2014-08-18 00:00:00+08:00,24.600000381469727,24.920000076293945,24.079999923706055,24.84000015258789,21487,0.0,0.0
2014-08-19 00:00:00+08:00,24.479999542236328,24.920000076293945,24.15999984741211,24.920000076293945,24652,0.0,0.0
2014-08-20 00:00:00+08:00,24.440000534057617,24.559999465942383,24.239999771118164,24.559999465942383,13250,0.0,0.0
2014-08-21 00:00:00+08:00,24.15999984741211,24.8799991607666,24.040000915527344,24.719999313354492,9274,0.0,0.0
2014-08-22 00:00:00+08:00,24.399999618530273,24.399999618530273,24.280000686645508,24.399999618530273,9125,0.0,0.0
2014-08-25 00:00:00+08:00,24.15999984741211,24.920000076293945,24.15999984741211,24.600000381469727,19063,0.0,0.0
2014-08-26 00:00:00+08:00,25.559999465942383,26.31999969482422,25.0,26.15999984741211,36674,0.0,0.0
2014-08-27 00:00:00+08:00,25.920000076293945,25.920000076293945,25.200000762939453,25.239999771118164,10506,0.0,0.0
2014-08-28 00:00:00+08:00,26.799999237060547,26.799999237060547,25.239999771118164,25.399999618530273,23570,0.0,0.0
2014-08-29 00:00:00+08:00,25.399999618530273,25.399999618530273,24.799999237060547,25.040000915527344,14751,0.0,0.0
2014-09-01 00:00:00+08:00,24.520000457763672,24.600000381469727,24.520000457763672,24.600000381469727,7155,0.0,0.0
2014-09-02 00:00:00+08:00,24.799999237060547,24.799999237060547,24.68000030517578,24.799999237060547,11182,0.0,0.0
2014-09-03 00:00:00+08:00,24.559999465942383,25.799999237060547,24.559999465942383,25.799999237060547,13687,0.0,0.0
2014-09-04 00:00:00+08:00,26.360000610351562,26.360000610351562,24.639999389648438,25.399999618530273,28500,0.0,0.0
2014-09-05 00:00:00+08:00,24.440000534057617,25.68000030517578,24.440000534057617,24.799999237060547,14092,0.0,0.0
2014-09-09 00:00:00+08:00,24.799999237060547,24.799999237060547,24.440000534057617,24.600000381469727,19037,0.0,0.0
2014-09-10 00:00:00+08:00,24.639999389648438,24.639999389648438,24.200000762939453,24.520000457763672,20351,0.0,0.0
2014-09-11 00:00:00+08:00,24.0,25.280000686645508,24.0,25.280000686645508,38875,0.0,0.0
2014-09-12 00:00:00+08:00,24.239999771118164,24.559999465942383,24.079999923706055,24.559999465942383,6544,0.0,0.0
2014-09-15 00:00:00+08:00,24.799999237060547,25.239999771118164,24.0,24.1200008392334,27198,0.0,0.0
2014-09-16 00:00:00+08:00,24.15999984741211,25.0,24.15999984741211,25.0,3776,0.0,0.0
2014-09-17 00:00:00+08:00,24.399999618530273,24.399999618530273,24.399999618530273,24.399999618530273,4250,0.0,0.0
2014-09-18 00:00:00+08:00,24.600000381469727,24.600000381469727,24.440000534057617,24.559999465942383,5504,0.0,0.0
2014-09-19 00:00:00+08:00,25.0,25.200000762939453,24.799999237060547,24.799999237060547,13150,0.0,0.0
2014-09-22 00:00:00+08:00,24.280000686645508,24.799999237060547,24.280000686645508,24.639999389648438,6425,0.0,0.0
2014-09-23 00:00:00+08:00,24.079999923706055,24.600000381469727,24.079999923706055,24.600000381469727,16212,0.0,0.0
2014-09-24 00:00:00+08:00,24.600000381469727,24.600000381469727,24.440000534057617,24.520000457763672,2988,0.0,0.0
2014-09-25 00:00:00+08:00,24.559999465942383,24.559999465942383,24.360000610351562,24.399999618530273,5914,0.0,0.0
2014-09-26 00:00:00+08:00,24.15999984741211,24.200000762939453,24.079999923706055,24.200000762939453,11362,0.0,0.0
2014-09-29 00:00:00+08:00,24.200000762939453,24.399999618530273,24.200000762939453,24.399999618530273,1250,0.0,0.0
2014-09-30 00:00:00+08:00,24.399999618530273,25.0,24.399999618530273,24.719999313354492,8250,0.0,0.0
2014-10-01 00:00:00+08:00,24.68000030517578,24.68000030517578,24.68000030517578,24.68000030517578,2000,0.0,0.0
2014-10-02 00:00:00+08:00,24.31999969482422,25.0,24.31999969482422,25.0,2750,0.0,0.0
2014-10-03 00:00:00+08:00,25.0,25.0,24.399999618530273,24.399999618530273,20162,0.0,0.0
2014-10-06 00:00:00+08:00,24.239999771118164,24.68000030517578,24.239999771118164,24.68000030517578,11784,0.0,0.0
2014-10-07 00:00:00+08:00,25.0,25.0,24.31999969482422,24.760000228881836,4250,0.0,0.0
2014-10-08 00:00:00+08:00,24.600000381469727,24.600000381469727,24.399999618530273,24.399999618530273,5250,0.0,0.0
2014-10-09 00:00:00+08:00,24.399999618530273,24.399999618530273,24.0,24.31999969482422,11750,0.0,0.0
2014-10-13 00:00:00+08:00,23.479999542236328,23.479999542236328,22.639999389648438,22.639999389648438,36752,0.0,0.0
2014-10-14 00:00:00+08:00,22.639999389648438,22.639999389648438,21.079999923706055,21.920000076293945,37657,0.0,0.0
2014-10-15 00:00:00+08:00,22.399999618530273,22.399999618530273,20.399999618530273,21.959999084472656,12500,0.0,0.0
2014-10-16 00:00:00+08:00,20.8799991607666,20.8799991607666,20.440000534057617,20.719999313354492,33500,0.0,0.0
2014-10-17 00:00:00+08:00,19.280000686645508,20.600000381469727,19.280000686645508,20.0,30250,0.0,0.0
2014-10-20 00:00:00+08:00,19.760000228881836,19.760000228881836,19.239999771118164,19.280000686645508,21572,0.0,0.0
2014-10-21 00:00:00+08:00,19.920000076293945,19.920000076293945,18.719999313354492,18.760000228881836,17279,0.0,0.0
2014-10-22 00:00:00+08:00,18.84000015258789,18.84000015258789,18.719999313354492,18.84000015258789,8686,0.0,0.0
2014-10-23 00:00:00+08:00,18.399999618530273,19.520000457763672,18.399999618530273,19.1200008392334,9436,0.0,0.0
2014-10-24 00:00:00+08:00,19.200000762939453,19.920000076293945,19.200000762939453,19.920000076293945,17807,0.0,0.0
2014-10-27 00:00:00+08:00,20.0,20.0,19.959999084472656,19.959999084472656,4500,0.0,0.0
2014-10-28 00:00:00+08:00,20.600000381469727,20.600000381469727,20.0,20.0,5057,0.0,0.0
2014-10-29 00:00:00+08:00,19.959999084472656,20.440000534057617,19.799999237060547,20.0,11250,0.0,0.0
2014-10-30 00:00:00+08:00,19.920000076293945,20.31999969482422,19.440000534057617,20.280000686645508,46773,0.0,0.0
2014-10-31 00:00:00+08:00,20.040000915527344,20.280000686645508,19.639999389648438,20.079999923706055,14873,0.0,0.0
2014-11-03 00:00:00+08:00,20.200000762939453,20.200000762939453,19.68000030517578,20.1200008392334,33303,0.0,0.0
2014-11-04 00:00:00+08:00,20.200000762939453,20.399999618530273,20.0,20.399999618530273,23422,0.0,0.0
2014-11-05 00:00:00+08:00,20.799999237060547,20.799999237060547,20.200000762939453,20.479999542236328,28021,0.0,0.0
2014-11-06 00:00:00+08:00,20.280000686645508,20.520000457763672,20.280000686645508,20.520000457763672,11769,0.0,0.0
2014-11-07 00:00:00+08:00,20.520000457763672,20.520000457763672,20.520000457763672,20.520000457763672,9500,0.0,0.0
2014-11-10 00:00:00+08:00,20.040000915527344,20.280000686645508,19.520000457763672,20.0,6042,0.0,0.0
2014-11-11 00:00:00+08:00,20.0,20.0,19.239999771118164,20.0,16532,0.0,0.0
2014-11-12 00:00:00+08:00,19.440000534057617,19.8799991607666,19.440000534057617,19.479999542236328,7416,0.0,0.0
2014-11-13 00:00:00+08:00,19.1200008392334,19.8799991607666,19.1200008392334,19.520000457763672,7726,0.0,0.0
2014-11-14 00:00:00+08:00,19.8799991607666,19.8799991607666,19.1200008392334,19.84000015258789,3377,0.0,0.0
2014-11-17 00:00:00+08:00,18.8799991607666,19.479999542236328,18.8799991607666,19.479999542236328,2499,0.0,0.0
2014-11-18 00:00:00+08:00,19.040000915527344,19.15999984741211,18.1200008392334,18.600000381469727,33499,0.0,0.0
2014-11-19 00:00:00+08:00,18.040000915527344,18.559999465942383,18.040000915527344,18.079999923706055,19999,0.0,0.0
2014-11-20 00:00:00+08:00,18.0,19.31999969482422,18.0,19.31999969482422,79672,0.0,0.0
2014-11-21 00:00:00+08:00,19.600000381469727,19.959999084472656,19.239999771118164,19.31999969482422,44968,0.0,0.0
2014-11-24 00:00:00+08:00,19.399999618530273,20.1200008392334,19.280000686645508,19.31999969482422,17000,0.0,0.0
2014-11-25 00:00:00+08:00,19.1200008392334,19.600000381469727,18.399999618530273,19.15999984741211,22925,0.0,0.0
2014-11-26 00:00:00+08:00,19.440000534057617,19.440000534057617,18.600000381469727,19.239999771118164,14500,0.0,0.0
2014-11-27 00:00:00+08:00,17.920000076293945,19.0,17.920000076293945,17.920000076293945,52901,0.0,0.0
2014-11-28 00:00:00+08:00,17.239999771118164,18.15999984741211,16.719999313354492,16.719999313354492,49316,0.0,0.0
2014-12-01 00:00:00+08:00,15.600000381469727,16.719999313354492,15.5600004196167,16.68000030517578,36455,0.0,0.0
2014-12-02 00:00:00+08:00,16.040000915527344,16.040000915527344,16.040000915527344,16.040000915527344,12692,0.0,0.0
2014-12-03 00:00:00+08:00,16.0,16.0,16.0,16.0,29587,0.0,0.0
2014-12-04 00:00:00+08:00,15.5600004196167,15.5600004196167,15.5600004196167,15.5600004196167,27881,0.0,0.0
2014-12-05 00:00:00+08:00,15.960000038146973,16.639999389648438,15.960000038146973,16.639999389648438,17000,0.0,0.0
2014-12-08 00:00:00+08:00,16.639999389648438,16.760000228881836,16.239999771118164,16.440000534057617,13291,0.0,0.0
2014-12-09 00:00:00+08:00,16.399999618530273,16.600000381469727,16.079999923706055,16.479999542236328,6500,0.0,0.0
2014-12-10 00:00:00+08:00,16.479999542236328,16.479999542236328,15.760000228881836,16.239999771118164,28655,0.0,0.0
2014-12-11 00:00:00+08:00,15.520000457763672,16.440000534057617,15.520000457763672,16.0,13999,0.0,0.0
2014-12-12 00:00:00+08:00,16.239999771118164,16.559999465942383,16.239999771118164,16.559999465942383,14250,0.0,0.0
2014-12-15 00:00:00+08:00,16.760000228881836,16.760000228881836,16.200000762939453,16.68000030517578,4788,0.0,0.0
2014-12-16 00:00:00+08:00,16.799999237060547,16.799999237060547,16.200000762939453,16.68000030517578,21499,0.0,0.0
2014-12-17 00:00:00+08:00,16.760000228881836,17.079999923706055,16.31999969482422,16.8799991607666,22484,0.0,0.0
2014-12-18 00:00:00+08:00,17.0,17.0,16.440000534057617,17.0,21877,0.0,0.0
2014-12-19 00:00:00+08:00,16.600000381469727,17.440000534057617,16.520000457763672,17.360000610351562,19127,0.0,0.0
2014-12-22 00:00:00+08:00,16.600000381469727,17.959999084472656,16.600000381469727,17.959999084472656,20000,0.0,0.0
2014-12-23 00:00:00+08:00,17.959999084472656,19.200000762939453,17.959999084472656,19.200000762939453,99028,0.0,0.0
2014-12-24 00:00:00+08:00,19.8799991607666,19.8799991607666,19.200000762939453,19.600000381469727,17274,0.0,0.0
2014-12-25 00:00:00+08:00,19.200000762939453,19.84000015258789,19.200000762939453,19.84000015258789,33019,0.0,0.0
2014-12-26 00:00:00+08:00,20.31999969482422,20.31999969482422,19.399999618530273,19.559999465942383,45250,0.0,0.0
2014-12-29 00:00:00+08:00,21.520000457763672,21.920000076293945,20.84000015258789,21.920000076293945,54000,0.0,0.0
2014-12-30 00:00:00+08:00,21.959999084472656,22.0,21.399999618530273,21.68000030517578,22338,0.0,0.0
2014-12-31 00:00:00+08:00,22.360000610351562,22.959999084472656,21.959999084472656,22.200000762939453,39250,0.0,0.0
2015-01-05 00:00:00+08:00,21.639999389648438,22.360000610351562,21.200000762939453,21.440000534057617,16749,0.0,0.0
2015-01-06 00:00:00+08:00,20.040000915527344,21.040000915527344,20.040000915527344,21.040000915527344,23000,0.0,0.0
2015-01-07 00:00:00+08:00,21.1200008392334,21.1200008392334,19.600000381469727,20.440000534057617,45035,0.0,0.0
2015-01-08 00:00:00+08:00,20.799999237060547,21.84000015258789,20.799999237060547,21.68000030517578,21961,0.0,0.0
2015-01-09 00:00:00+08:00,22.0,22.0,20.440000534057617,20.959999084472656,35253,0.0,0.0
2015-01-12 00:00:00+08:00,20.8799991607666,21.1200008392334,20.31999969482422,20.31999969482422,11616,0.0,0.0
2015-01-13 00:00:00+08:00,20.799999237060547,21.239999771118164,20.399999618530273,20.600000381469727,25841,0.0,0.0
2015-01-14 00:00:00+08:00,21.1200008392334,21.1200008392334,20.0,20.559999465942383,50042,0.0,0.0
2015-01-15 00:00:00+08:00,21.0,21.31999969482422,20.520000457763672,20.799999237060547,14000,0.0,0.0
2015-01-16 00:00:00+08:00,21.15999984741211,21.15999984741211,20.399999618530273,21.15999984741211,25014,0.0,0.0
2015-01-19 00:00:00+08:00,21.68000030517578,21.68000030517578,20.719999313354492,21.399999618530273,8723,0.0,0.0
2015-01-20 00:00:00+08:00,21.399999618530273,21.399999618530273,20.440000534057617,21.0,24143,0.0,0.0
2015-01-21 00:00:00+08:00,21.15999984741211,21.15999984741211,20.479999542236328,21.0,13723,0.0,0.0
2015-01-22 00:00:00+08:00,20.479999542236328,21.079999923706055,20.479999542236328,21.0,41311,0.0,0.0
2015-01-23 00:00:00+08:00,21.360000610351562,21.360000610351562,20.559999465942383,21.0,21350,0.0,0.0
2015-01-26 00:00:00+08:00,21.15999984741211,21.15999984741211,20.399999618530273,20.920000076293945,21697,0.0,0.0
2015-01-27 00:00:00+08:00,21.200000762939453,21.200000762939453,20.84000015258789,21.200000762939453,43049,0.0,0.0
2015-01-28 00:00:00+08:00,21.399999618530273,21.600000381469727,20.8799991607666,21.360000610351562,15024,0.0,0.0
2015-01-29 00:00:00+08:00,21.399999618530273,21.399999618530273,21.079999923706055,21.399999618530273,32931,0.0,0.0
2015-01-30 00:00:00+08:00,21.15999984741211,21.399999618530273,20.8799991607666,21.31999969482422,44120,0.0,0.0
2015-02-02 00:00:00+08:00,21.799999237060547,21.799999237060547,20.84000015258789,21.200000762939453,17813,0.0,0.0
2015-02-03 00:00:00+08:00,20.799999237060547,21.15999984741211,20.0,20.719999313354492,100218,0.0,0.0
2015-02-04 00:00:00+08:00,21.1200008392334,21.1200008392334,20.280000686645508,20.280000686645508,661,0.0,0.0
2015-02-05 00:00:00+08:00,19.68000030517578,20.760000228881836,19.15999984741211,20.079999923706055,60907,0.0,0.0
2015-02-06 00:00:00+08:00,20.31999969482422,20.31999969482422,19.15999984741211,20.239999771118164,43833,0.0,0.0
2015-02-09 00:00:00+08:00,20.200000762939453,21.1200008392334,19.600000381469727,21.1200008392334,20030,0.0,0.0
2015-02-10 00:00:00+08:00,21.600000381469727,21.920000076293945,20.68000030517578,21.079999923706055,35823,0.0,0.0
2015-02-11 00:00:00+08:00,21.360000610351562,21.360000610351562,20.200000762939453,20.799999237060547,25658,0.0,0.0
2015-02-12 00:00:00+08:00,20.799999237060547,21.360000610351562,20.1200008392334,21.31999969482422,51321,0.0,0.0
2015-02-13 00:00:00+08:00,21.559999465942383,22.799999237060547,21.399999618530273,22.799999237060547,134249,0.0,0.0
2015-02-24 00:00:00+08:00,22.280000686645508,24.360000610351562,22.079999923706055,23.920000076293945,40861,0.0,0.0
2015-02-25 00:00:00+08:00,23.84000015258789,24.719999313354492,23.520000457763672,23.959999084472656,38252,0.0,0.0
2015-02-26 00:00:00+08:00,24.0,24.0,22.799999237060547,23.639999389648438,38511,0.0,0.0
2015-03-02 00:00:00+08:00,23.8799991607666,23.920000076293945,22.799999237060547,23.8799991607666,65932,0.0,0.0
2015-03-03 00:00:00+08:00,23.959999084472656,23.959999084472656,22.920000076293945,23.399999618530273,32233,0.0,0.0
2015-03-04 00:00:00+08:00,22.84000015258789,23.1200008392334,22.0,22.559999465942383,45793,0.0,0.0
2015-03-05 00:00:00+08:00,22.079999923706055,23.799999237060547,22.079999923706055,23.200000762939453,46500,0.0,0.0
2015-03-06 00:00:00+08:00,22.68000030517578,23.280000686645508,22.15999984741211,23.15999984741211,55298,0.0,0.0
2015-03-09 00:00:00+08:00,22.600000381469727,23.8799991607666,22.479999542236328,23.520000457763672,41541,0.0,0.0
2015-03-10 00:00:00+08:00,22.639999389648438,23.600000381469727,22.600000381469727,23.600000381469727,47377,0.0,0.0
2015-03-11 00:00:00+08:00,23.200000762939453,23.360000610351562,22.760000228881836,23.360000610351562,31000,0.0,0.0
2015-03-12 00:00:00+08:00,22.8799991607666,23.440000534057617,22.760000228881836,23.360000610351562,43830,0.0,0.0
2015-03-13 00:00:00+08:00,22.8799991607666,23.399999618530273,22.68000030517578,22.68000030517578,70793,0.0,0.0
2015-03-16 00:00:00+08:00,22.68000030517578,22.68000030517578,22.68000030517578,22.68000030517578,0,0.0,0.0
2015-03-17 00:00:00+08:00,21.920000076293945,21.920000076293945,21.040000915527344,21.040000915527344,32674,0.0,0.0
2015-03-18 00:00:00+08:00,21.040000915527344,21.040000915527344,20.31999969482422,20.799999237060547,29895,0.0,0.0
2015-03-19 00:00:00+08:00,21.040000915527344,21.31999969482422,19.360000610351562,20.0,67962,0.0,0.0
2015-03-20 00:00:00+08:00,19.399999618530273,20.0,18.8799991607666,20.0,30250,0.0,0.0
2015-03-23 00:00:00+08:00,20.0,20.0,19.15999984741211,19.15999984741211,38816,0.0,0.0
2015-03-24 00:00:00+08:00,18.8799991607666,19.239999771118164,18.639999389648438,18.719999313354492,23381,0.0,0.0
2015-03-25 00:00:00+08:00,18.799999237060547,18.799999237060547,17.479999542236328,18.280000686645508,77860,0.0,0.0
2015-03-26 00:00:00+08:00,17.079999923706055,18.200000762939453,17.079999923706055,17.799999237060547,27212,0.0,0.0
2015-03-27 00:00:00+08:00,17.799999237060547,17.799999237060547,17.360000610351562,17.760000228881836,7318,0.0,0.0
2015-03-30 00:00:00+08:00,17.440000534057617,17.799999237060547,17.200000762939453,17.799999237060547,8304,0.0,0.0
2015-03-31 00:00:00+08:00,16.799999237060547,17.600000381469727,16.799999237060547,17.600000381469727,9040,0.0,0.0
2015-04-01 00:00:00+08:00,17.31999969482422,18.799999237060547,17.31999969482422,18.68000030517578,23143,0.0,0.0
2015-04-02 00:00:00+08:00,18.799999237060547,18.799999237060547,18.0,18.31999969482422,24080,0.0,0.0
2015-04-07 00:00:00+08:00,19.15999984741211,19.15999984741211,17.799999237060547,18.31999969482422,9470,0.0,0.0
2015-04-08 00:00:00+08:00,18.31999969482422,18.68000030517578,18.31999969482422,18.68000030517578,7500,0.0,0.0
2015-04-09 00:00:00+08:00,19.200000762939453,19.200000762939453,18.719999313354492,18.719999313354492,17372,0.0,0.0
2015-04-10 00:00:00+08:00,18.639999389648438,18.639999389648438,18.639999389648438,18.639999389648438,643,0.0,0.0
2015-04-13 00:00:00+08:00,18.040000915527344,18.040000915527344,18.040000915527344,18.040000915527344,2049,0.0,0.0
2015-04-14 00:00:00+08:00,18.079999923706055,18.079999923706055,18.040000915527344,18.040000915527344,8500,0.0,0.0
2015-04-15 00:00:00+08:00,18.079999923706055,18.079999923706055,17.520000457763672,17.520000457763672,19130,0.0,0.0
2015-04-16 00:00:00+08:00,17.520000457763672,17.559999465942383,17.520000457763672,17.520000457763672,15500,0.0,0.0
2015-04-17 00:00:00+08:00,17.079999923706055,17.520000457763672,17.0,17.520000457763672,21042,0.0,0.0
2015-04-20 00:00:00+08:00,16.8799991607666,16.8799991607666,16.799999237060547,16.8799991607666,8750,0.0,0.0
2015-04-21 00:00:00+08:00,16.600000381469727,16.600000381469727,16.600000381469727,16.600000381469727,2750,0.0,0.0
2015-04-22 00:00:00+08:00,16.399999618530273,16.399999618530273,16.399999618530273,16.399999618530273,6000,0.0,0.0
2015-04-23 00:00:00+08:00,16.600000381469727,16.600000381469727,16.079999923706055,16.600000381469727,5010,0.0,0.0
2015-04-24 00:00:00+08:00,16.639999389648438,16.639999389648438,16.0,16.040000915527344,7749,0.0,0.0
2015-04-27 00:00:00+08:00,16.079999923706055,16.079999923706055,16.079999923706055,16.079999923706055,2750,0.0,0.0
2015-04-28 00:00:00+08:00,16.200000762939453,16.200000762939453,16.040000915527344,16.079999923706055,17759,0.0,0.0
2015-04-29 00:00:00+08:00,16.079999923706055,16.079999923706055,16.079999923706055,16.079999923706055,92,0.0,0.0
2015-04-30 00:00:00+08:00,16.079999923706055,16.079999923706055,16.079999923706055,16.079999923706055,1000,0.0,0.0
2015-05-04 00:00:00+08:00,16.1200008392334,16.360000610351562,16.1200008392334,16.360000610351562,7560,0.0,0.0
2015-05-05 00:00:00+08:00,16.399999618530273,16.68000030517578,16.239999771118164,16.399999618530273,14048,0.0,0.0
2015-05-06 00:00:00+08:00,16.600000381469727,16.760000228881836,16.200000762939453,16.200000762939453,10186,0.0,0.0
2015-05-07 00:00:00+08:00,16.239999771118164,16.479999542236328,16.239999771118164,16.479999542236328,3025,0.0,0.0
2015-05-08 00:00:00+08:00,16.479999542236328,16.479999542236328,16.239999771118164,16.239999771118164,15500,0.0,0.0
2015-05-11 00:00:00+08:00,16.600000381469727,17.360000610351562,16.600000381469727,17.360000610351562,39895,0.0,0.0
2015-05-12 00:00:00+08:00,18.559999465942383,18.559999465942383,18.559999465942383,18.559999465942383,61421,0.0,0.0
2015-05-13 00:00:00+08:00,18.68000030517578,18.68000030517578,17.600000381469727,17.600000381469727,21234,0.0,0.0
2015-05-14 00:00:00+08:00,16.920000076293945,16.920000076293945,16.8799991607666,16.920000076293945,6000,0.0,0.0
2015-05-15 00:00:00+08:00,16.280000686645508,17.959999084472656,16.280000686645508,17.959999084472656,14193,0.0,0.0
2015-05-18 00:00:00+08:00,17.15999984741211,17.15999984741211,16.719999313354492,16.719999313354492,8312,0.0,0.0
2015-05-19 00:00:00+08:00,16.760000228881836,16.799999237060547,16.760000228881836,16.799999237060547,7681,0.0,0.0
2015-05-20 00:00:00+08:00,16.84000015258789,16.84000015258789,16.84000015258789,16.84000015258789,541,0.0,0.0
2015-05-21 00:00:00+08:00,16.239999771118164,16.280000686645508,16.239999771118164,16.280000686645508,1000,0.0,0.0
2015-05-22 00:00:00+08:00,16.31999969482422,16.360000610351562,16.31999969482422,16.31999969482422,11238,0.0,0.0
2015-05-25 00:00:00+08:00,15.640000343322754,16.0,15.640000343322754,16.0,3379,0.0,0.0
2015-05-26 00:00:00+08:00,15.640000343322754,15.920000076293945,15.640000343322754,15.920000076293945,2591,0.0,0.0
2015-05-27 00:00:00+08:00,16.84000015258789,16.8799991607666,16.040000915527344,16.8799991607666,11933,0.0,0.0
2015-05-28 00:00:00+08:00,16.8799991607666,16.8799991607666,16.8799991607666,16.8799991607666,180,0.0,0.0
2015-05-29 00:00:00+08:00,16.200000762939453,16.200000762939453,16.200000762939453,16.200000762939453,6000,0.0,0.0
2015-06-01 00:00:00+08:00,16.200000762939453,16.200000762939453,16.200000762939453,16.200000762939453,500,0.0,0.0
2015-06-02 00:00:00+08:00,16.600000381469727,16.600000381469727,16.200000762939453,16.200000762939453,2025,0.0,0.0
2015-06-03 00:00:00+08:00,16.200000762939453,16.959999084472656,16.200000762939453,16.959999084472656,4250,0.0,0.0
2015-06-04 00:00:00+08:00,15.84000015258789,16.920000076293945,15.84000015258789,16.920000076293945,560,0.0,0.0
2015-06-05 00:00:00+08:00,16.920000076293945,17.520000457763672,16.920000076293945,17.520000457763672,8268,0.0,0.0
2015-06-08 00:00:00+08:00,16.440000534057617,17.280000686645508,16.040000915527344,17.239999771118164,9919,0.0,0.0
2015-06-09 00:00:00+08:00,16.040000915527344,16.559999465942383,15.680000305175781,15.800000190734863,7750,0.0,0.0
2015-06-10 00:00:00+08:00,15.600000381469727,16.600000381469727,15.600000381469727,16.600000381469727,5275,0.0,0.0
2015-06-11 00:00:00+08:00,16.600000381469727,17.360000610351562,16.600000381469727,17.280000686645508,4819,0.0,0.0
2015-06-12 00:00:00+08:00,16.600000381469727,16.600000381469727,16.600000381469727,16.600000381469727,4793,0.0,0.0
2015-06-15 00:00:00+08:00,17.200000762939453,17.200000762939453,16.280000686645508,16.280000686645508,1996,0.0,0.0
2015-06-16 00:00:00+08:00,15.680000305175781,15.680000305175781,15.680000305175781,15.680000305175781,6087,0.0,0.0
2015-06-17 00:00:00+08:00,16.0,16.0,16.0,16.0,337,0.0,0.0
2015-06-18 00:00:00+08:00,15.199999809265137,15.199999809265137,15.199999809265137,15.199999809265137,5249,0.0,0.0
2015-06-22 00:00:00+08:00,14.800000190734863,14.920000076293945,14.800000190734863,14.920000076293945,11499,0.0,0.0
2015-06-23 00:00:00+08:00,14.5600004196167,14.5600004196167,14.479999542236328,14.479999542236328,5043,0.0,0.0
2015-06-24 00:00:00+08:00,14.15999984741211,14.15999984741211,14.079999923706055,14.079999923706055,1500,0.0,0.0
2015-06-25 00:00:00+08:00,13.640000343322754,15.479999542236328,13.640000343322754,15.479999542236328,9042,0.0,0.0
2015-06-26 00:00:00+08:00,14.800000190734863,16.520000457763672,14.800000190734863,16.079999923706055,4017,0.0,0.0
2015-06-29 00:00:00+08:00,15.199999809265137,16.520000457763672,15.199999809265137,16.520000457763672,6750,0.0,0.0
2015-06-30 00:00:00+08:00,15.600000381469727,16.31999969482422,15.199999809265137,16.31999969482422,11250,0.0,0.0
2015-07-01 00:00:00+08:00,15.279999732971191,15.279999732971191,15.279999732971191,15.279999732971191,1837,0.0,0.0
2015-07-02 00:00:00+08:00,14.479999542236328,15.600000381469727,14.479999542236328,15.600000381469727,1010,0.0,0.0
2015-07-03 00:00:00+08:00,15.600000381469727,15.600000381469727,15.600000381469727,15.600000381469727,0,0.0,0.0
2015-07-06 00:00:00+08:00,14.520000457763672,15.5600004196167,14.520000457763672,14.680000305175781,2999,0.0,0.0
2015-07-07 00:00:00+08:00,15.4399995803833,15.4399995803833,14.15999984741211,14.800000190734863,4750,0.0,0.0
2015-07-08 00:00:00+08:00,15.5600004196167,15.5600004196167,15.5600004196167,15.5600004196167,1250,0.0,0.0
2015-07-09 00:00:00+08:00,14.479999542236328,14.479999542236328,14.079999923706055,14.119999885559082,3325,0.0,0.0
2015-07-10 00:00:00+08:00,14.119999885559082,14.119999885559082,14.119999885559082,14.119999885559082,0,0.0,0.0
2015-07-13 00:00:00+08:00,14.119999885559082,14.199999809265137,14.039999961853027,14.199999809265137,24623,0.0,0.0
2015-07-14 00:00:00+08:00,15.15999984741211,15.199999809265137,14.520000457763672,14.520000457763672,6752,0.0,0.0
2015-07-15 00:00:00+08:00,14.520000457763672,14.520000457763672,14.039999961853027,14.079999923706055,8063,0.0,0.0
2015-07-16 00:00:00+08:00,14.079999923706055,14.119999885559082,14.079999923706055,14.119999885559082,4925,0.0,0.0
2015-07-17 00:00:00+08:00,14.119999885559082,14.760000228881836,14.119999885559082,14.760000228881836,8852,0.0,0.0
2015-07-20 00:00:00+08:00,14.800000190734863,14.800000190734863,14.800000190734863,14.800000190734863,5424,0.0,0.0
2015-07-21 00:00:00+08:00,14.800000190734863,14.800000190734863,14.199999809265137,14.600000381469727,4209,0.0,0.0
2015-07-22 00:00:00+08:00,14.800000190734863,14.800000190734863,14.600000381469727,14.800000190734863,6750,0.0,0.0
2015-07-23 00:00:00+08:00,14.800000190734863,14.800000190734863,14.119999885559082,14.4399995803833,7269,0.0,0.0
2015-07-24 00:00:00+08:00,14.399999618530273,14.800000190734863,14.399999618530273,14.800000190734863,7585,0.0,0.0
2015-07-27 00:00:00+08:00,14.800000190734863,14.880000114440918,14.800000190734863,14.800000190734863,29750,0.0,0.0
2015-07-28 00:00:00+08:00,14.800000190734863,14.800000190734863,14.0,14.119999885559082,6718,0.0,0.0
2015-07-29 00:00:00+08:00,14.199999809265137,14.199999809265137,14.199999809265137,14.199999809265137,2377,0.0,0.0
2015-07-30 00:00:00+08:00,14.199999809265137,14.199999809265137,14.199999809265137,14.199999809265137,0,0.0,0.0
2015-07-31 00:00:00+08:00,13.279999732971191,13.600000381469727,13.279999732971191,13.600000381469727,5000,0.0,0.0
2015-08-03 00:00:00+08:00,13.600000381469727,13.600000381469727,13.600000381469727,13.600000381469727,3750,0.0,0.0
2015-08-04 00:00:00+08:00,14.680000305175781,14.680000305175781,13.600000381469727,13.600000381469727,2750,0.0,0.0
2015-08-05 00:00:00+08:00,12.239999771118164,14.399999618530273,12.239999771118164,14.399999618530273,16250,0.0,0.0
2015-08-06 00:00:00+08:00,14.399999618530273,14.399999618530273,14.399999618530273,14.399999618530273,0,0.0,0.0
2015-08-07 00:00:00+08:00,14.399999618530273,14.399999618530273,14.399999618530273,14.399999618530273,281,0.0,0.0
2015-08-10 00:00:00+08:00,14.399999618530273,14.399999618530273,13.399999618530273,13.479999542236328,1797,0.0,0.0
2015-08-11 00:00:00+08:00,13.479999542236328,13.479999542236328,13.479999542236328,13.479999542236328,90,0.0,0.0
2015-08-12 00:00:00+08:00,12.800000190734863,12.800000190734863,12.800000190734863,12.800000190734863,500,0.0,0.0
2015-08-13 00:00:00+08:00,12.800000190734863,12.800000190734863,12.800000190734863,12.800000190734863,6000,0.0,0.0
2015-08-14 00:00:00+08:00,13.359999656677246,13.359999656677246,12.920000076293945,12.920000076293945,4000,0.0,0.0
2015-08-17 00:00:00+08:00,12.039999961853027,13.0,12.039999961853027,13.0,6500,0.0,0.0
2015-08-18 00:00:00+08:00,12.199999809265137,12.199999809265137,12.199999809265137,12.199999809265137,250,0.0,0.0
2015-08-19 00:00:00+08:00,12.239999771118164,12.239999771118164,12.199999809265137,12.199999809265137,2000,0.0,0.0
2015-08-20 00:00:00+08:00,13.119999885559082,13.199999809265137,13.079999923706055,13.199999809265137,3750,0.0,0.0
2015-08-21 00:00:00+08:00,13.199999809265137,13.199999809265137,12.119999885559082,12.199999809265137,5750,0.0,0.0
2015-08-24 00:00:00+08:00,11.239999771118164,11.239999771118164,11.239999771118164,11.239999771118164,12249,0.0,0.0
2015-08-25 00:00:00+08:00,11.239999771118164,11.239999771118164,11.239999771118164,11.239999771118164,11335,0.0,0.0
2015-08-26 00:00:00+08:00,11.239999771118164,11.239999771118164,10.600000381469727,11.199999809265137,6250,0.0,0.0
2015-08-27 00:00:00+08:00,11.199999809265137,11.199999809265137,11.0,11.0,6507,0.0,0.0
2015-08-28 00:00:00+08:00,11.920000076293945,11.920000076293945,11.399999618530273,11.399999618530273,2575,0.0,0.0
2015-08-31 00:00:00+08:00,10.920000076293945,11.880000114440918,10.920000076293945,11.880000114440918,2775,0.0,0.0
2015-09-01 00:00:00+08:00,11.880000114440918,11.880000114440918,11.199999809265137,11.199999809265137,762,0.0,0.0
2015-09-02 00:00:00+08:00,12.119999885559082,12.119999885559082,10.600000381469727,11.880000114440918,3750,0.0,0.0
2015-09-03 00:00:00+08:00,11.960000038146973,11.960000038146973,11.039999961853027,11.720000267028809,8795,0.0,0.0
2015-09-04 00:00:00+08:00,12.880000114440918,12.880000114440918,11.800000190734863,11.84000015258789,3832,0.0,0.0
2015-09-07 00:00:00+08:00,11.399999618530273,11.399999618530273,11.399999618530273,11.399999618530273,1500,0.0,0.0
2015-09-08 00:00:00+08:00,11.0,11.279999732971191,11.0,11.199999809265137,9335,0.0,0.0
2015-09-09 00:00:00+08:00,11.600000381469727,11.600000381469727,11.279999732971191,11.279999732971191,2750,0.0,0.0
2015-09-10 00:00:00+08:00,11.319999694824219,11.319999694824219,11.319999694824219,11.319999694824219,500,0.0,0.0
2015-09-11 00:00:00+08:00,11.920000076293945,11.920000076293945,10.800000190734863,10.800000190734863,9127,0.0,0.0
2015-09-14 00:00:00+08:00,10.800000190734863,10.800000190734863,10.800000190734863,10.800000190734863,750,0.0,0.0
2015-09-15 00:00:00+08:00,10.800000190734863,10.800000190734863,10.800000190734863,10.800000190734863,6315,0.0,0.0
2015-09-16 00:00:00+08:00,10.800000190734863,10.880000114440918,10.800000190734863,10.84000015258789,5250,0.0,0.0
2015-09-17 00:00:00+08:00,10.84000015258789,10.84000015258789,10.84000015258789,10.84000015258789,0,0.0,0.0
2015-09-18 00:00:00+08:00,11.5600004196167,11.5600004196167,11.079999923706055,11.079999923706055,3230,0.0,0.0
2015-09-21 00:00:00+08:00,10.84000015258789,10.84000015258789,10.84000015258789,10.84000015258789,500,0.0,0.0
2015-09-22 00:00:00+08:00,10.960000038146973,11.720000267028809,10.960000038146973,11.720000267028809,15250,0.0,0.0
2015-09-23 00:00:00+08:00,11.0,11.600000381469727,11.0,11.600000381469727,11000,0.0,0.0
2015-09-24 00:00:00+08:00,11.920000076293945,11.920000076293945,11.920000076293945,11.920000076293945,1250,0.0,0.0
2015-09-25 00:00:00+08:00,11.960000038146973,11.960000038146973,11.199999809265137,11.600000381469727,13175,0.0,0.0
2015-09-29 00:00:00+08:00,11.600000381469727,11.600000381469727,11.600000381469727,11.600000381469727,0,0.0,0.0
2015-09-30 00:00:00+08:00,11.600000381469727,11.600000381469727,11.600000381469727,11.600000381469727,2750,0.0,0.0
2015-10-01 00:00:00+08:00,11.199999809265137,11.199999809265137,11.079999923706055,11.079999923706055,4837,0.0,0.0
2015-10-02 00:00:00+08:00,11.079999923706055,11.199999809265137,11.079999923706055,11.199999809265137,19325,0.0,0.0
2015-10-05 00:00:00+08:00,11.199999809265137,11.399999618530273,10.84000015258789,11.399999618530273,4537,0.0,0.0
2015-10-06 00:00:00+08:00,11.199999809265137,11.199999809265137,11.199999809265137,11.199999809265137,5000,0.0,0.0
2015-10-07 00:00:00+08:00,11.199999809265137,11.199999809265137,11.199999809265137,11.199999809265137,3271,0.0,0.0
2015-10-08 00:00:00+08:00,12.319999694824219,12.319999694824219,11.199999809265137,11.920000076293945,10250,0.0,0.0
2015-10-12 00:00:00+08:00,11.640000343322754,11.640000343322754,11.5600004196167,11.5600004196167,1750,0.0,0.0
2015-10-13 00:00:00+08:00,11.5600004196167,11.5600004196167,11.5600004196167,11.5600004196167,69,0.0,0.0
2015-10-14 00:00:00+08:00,11.199999809265137,11.199999809265137,11.199999809265137,11.199999809265137,4220,0.0,0.0
2015-10-15 00:00:00+08:00,11.960000038146973,11.960000038146973,11.960000038146973,11.960000038146973,1215,0.0,0.0
2015-10-16 00:00:00+08:00,11.600000381469727,11.800000190734863,11.239999771118164,11.399999618530273,21587,0.0,0.0
2015-10-19 00:00:00+08:00,11.600000381469727,11.600000381469727,11.600000381469727,11.600000381469727,3203,0.0,0.0
2015-10-20 00:00:00+08:00,11.600000381469727,11.600000381469727,11.600000381469727,11.600000381469727,82,0.0,0.0
2015-10-21 00:00:00+08:00,12.0,12.0,12.0,12.0,4547,0.0,0.0
2015-10-22 00:00:00+08:00,12.0,12.399999618530273,11.5600004196167,12.0,9500,0.0,0.0
2015-10-23 00:00:00+08:00,12.0,12.079999923706055,12.0,12.079999923706055,2837,0.0,0.0
2015-10-26 00:00:00+08:00,12.399999618530273,12.399999618530273,12.199999809265137,12.199999809265137,9579,0.0,0.0
2015-10-27 00:00:00+08:00,12.279999732971191,12.279999732971191,12.279999732971191,12.279999732971191,1000,0.0,0.0
2015-10-28 00:00:00+08:00,12.600000381469727,13.15999984741211,12.600000381469727,13.15999984741211,11835,0.0,0.0
2015-10-29 00:00:00+08:00,13.800000190734863,13.800000190734863,12.4399995803833,12.4399995803833,5735,0.0,0.0
2015-10-30 00:00:00+08:00,12.399999618530273,12.399999618530273,12.399999618530273,12.399999618530273,4500,0.0,0.0
2015-11-02 00:00:00+08:00,12.279999732971191,12.279999732971191,12.279999732971191,12.279999732971191,837,0.0,0.0
2015-11-03 00:00:00+08:00,12.279999732971191,12.319999694824219,12.279999732971191,12.319999694824219,2249,0.0,0.0
2015-11-04 00:00:00+08:00,12.399999618530273,12.920000076293945,12.399999618530273,12.920000076293945,6842,0.0,0.0
2015-11-05 00:00:00+08:00,14.199999809265137,14.199999809265137,14.199999809265137,14.199999809265137,41950,0.0,0.0
2015-11-06 00:00:00+08:00,15.600000381469727,15.600000381469727,13.720000267028809,13.760000228881836,23027,0.0,0.0
2015-11-09 00:00:00+08:00,13.479999542236328,13.520000457763672,13.4399995803833,13.4399995803833,7750,0.0,0.0
2015-11-10 00:00:00+08:00,13.319999694824219,13.319999694824219,13.039999961853027,13.079999923706055,6750,0.0,0.0
2015-11-11 00:00:00+08:00,13.079999923706055,13.079999923706055,13.079999923706055,13.079999923706055,0,0.0,0.0
2015-11-12 00:00:00+08:00,12.600000381469727,12.600000381469727,12.600000381469727,12.600000381469727,293,0.0,0.0
2015-11-13 00:00:00+08:00,12.600000381469727,12.600000381469727,12.600000381469727,12.600000381469727,0,0.0,0.0
2015-11-16 00:00:00+08:00,12.079999923706055,13.359999656677246,12.079999923706055,13.359999656677246,543,0.0,0.0
2015-11-17 00:00:00+08:00,13.359999656677246,13.359999656677246,13.359999656677246,13.359999656677246,0,0.0,0.0
2015-11-18 00:00:00+08:00,12.479999542236328,12.479999542236328,12.479999542236328,12.479999542236328,519,0.0,0.0
2015-11-19 00:00:00+08:00,12.5600004196167,12.600000381469727,12.5600004196167,12.600000381469727,2437,0.0,0.0
2015-11-20 00:00:00+08:00,12.600000381469727,12.600000381469727,12.600000381469727,12.600000381469727,0,0.0,0.0
2015-11-23 00:00:00+08:00,13.359999656677246,13.359999656677246,13.359999656677246,12.600000381469727,250,0.0,0.0
2015-11-24 00:00:00+08:00,12.359999656677246,12.359999656677246,12.039999961853027,12.039999961853027,6250,0.0,0.0
2015-11-25 00:00:00+08:00,12.199999809265137,12.199999809265137,12.199999809265137,12.199999809265137,750,0.0,0.0
2015-11-26 00:00:00+08:00,11.119999885559082,11.4399995803833,11.119999885559082,11.359999656677246,18800,0.0,0.0
2015-11-27 00:00:00+08:00,12.119999885559082,12.119999885559082,11.0,11.720000267028809,4293,0.0,0.0
2015-11-30 00:00:00+08:00,10.640000343322754,11.319999694824219,10.640000343322754,10.920000076293945,5034,0.0,0.0
2015-12-01 00:00:00+08:00,11.4399995803833,11.479999542236328,11.4399995803833,11.4399995803833,10000,0.0,0.0
2015-12-02 00:00:00+08:00,11.15999984741211,11.15999984741211,11.15999984741211,11.15999984741211,262,0.0,0.0
2015-12-03 00:00:00+08:00,10.880000114440918,10.880000114440918,10.880000114440918,10.880000114440918,1250,0.0,0.0
2015-12-04 00:00:00+08:00,11.0,11.0,11.0,11.0,750,0.0,0.0
2015-12-07 00:00:00+08:00,11.720000267028809,11.720000267028809,11.640000343322754,11.720000267028809,16337,0.0,0.0
2015-12-08 00:00:00+08:00,11.720000267028809,11.720000267028809,11.720000267028809,11.720000267028809,0,0.0,0.0
2015-12-09 00:00:00+08:00,11.239999771118164,11.239999771118164,11.239999771118164,11.239999771118164,631,0.0,0.0
2015-12-10 00:00:00+08:00,11.880000114440918,11.880000114440918,11.319999694824219,11.359999656677246,1250,0.0,0.0
2015-12-11 00:00:00+08:00,11.359999656677246,11.359999656677246,11.319999694824219,11.319999694824219,3315,0.0,0.0
2015-12-14 00:00:00+08:00,11.319999694824219,11.319999694824219,11.319999694824219,11.319999694824219,0,0.0,0.0
2015-12-15 00:00:00+08:00,11.399999618530273,11.4399995803833,11.399999618530273,11.4399995803833,5000,0.0,0.0
2015-12-16 00:00:00+08:00,11.920000076293945,11.920000076293945,11.479999542236328,11.880000114440918,7500,0.0,0.0
2015-12-17 00:00:00+08:00,12.239999771118164,12.239999771118164,11.5600004196167,11.880000114440918,5740,0.0,0.0
2015-12-18 00:00:00+08:00,11.520000457763672,12.0,11.520000457763672,12.0,5000,0.0,0.0
2015-12-21 00:00:00+08:00,12.600000381469727,12.600000381469727,12.4399995803833,12.4399995803833,1750,0.0,0.0
2015-12-22 00:00:00+08:00,11.479999542236328,12.279999732971191,11.479999542236328,11.5600004196167,7750,0.0,0.0
2015-12-23 00:00:00+08:00,11.600000381469727,11.960000038146973,11.5600004196167,11.920000076293945,6000,0.0,0.0
2015-12-24 00:00:00+08:00,12.319999694824219,12.319999694824219,12.119999885559082,12.119999885559082,999,0.0,0.0
2015-12-25 00:00:00+08:00,12.119999885559082,12.760000228881836,12.119999885559082,12.760000228881836,2208,0.0,0.0
2015-12-28 00:00:00+08:00,12.760000228881836,12.760000228881836,12.760000228881836,12.760000228881836,0,0.0,0.0
2015-12-29 00:00:00+08:00,11.720000267028809,12.359999656677246,11.720000267028809,12.359999656677246,7250,0.0,0.0
2015-12-30 00:00:00+08:00,12.359999656677246,12.600000381469727,12.359999656677246,12.359999656677246,31850,0.0,0.0
2015-12-31 00:00:00+08:00,12.359999656677246,12.600000381469727,12.359999656677246,12.520000457763672,7750,0.0,0.0
2016-01-04 00:00:00+08:00,12.800000190734863,12.800000190734863,11.880000114440918,12.520000457763672,3790,0.0,0.0
2016-01-05 00:00:00+08:00,12.0,12.479999542236328,11.920000076293945,12.399999618530273,6500,0.0,0.0
2016-01-06 00:00:00+08:00,11.800000190734863,12.880000114440918,11.800000190734863,12.520000457763672,5212,0.0,0.0
2016-01-07 00:00:00+08:00,12.079999923706055,12.079999923706055,11.800000190734863,11.800000190734863,2025,0.0,0.0
2016-01-08 00:00:00+08:00,12.359999656677246,12.359999656677246,12.359999656677246,12.359999656677246,250,0.0,0.0
2016-01-11 00:00:00+08:00,12.359999656677246,12.359999656677246,12.359999656677246,12.359999656677246,750,0.0,0.0
2016-01-12 00:00:00+08:00,12.359999656677246,12.359999656677246,11.880000114440918,11.880000114440918,5947,0.0,0.0
2016-01-13 00:00:00+08:00,11.920000076293945,12.0,11.600000381469727,11.600000381469727,6769,0.0,0.0
2016-01-14 00:00:00+08:00,12.359999656677246,12.359999656677246,12.359999656677246,12.359999656677246,424,0.0,0.0
2016-01-15 00:00:00+08:00,11.600000381469727,11.600000381469727,11.600000381469727,11.600000381469727,718,0.0,0.0
2016-01-18 00:00:00+08:00,11.239999771118164,11.239999771118164,11.239999771118164,11.239999771118164,3250,0.0,0.0
2016-01-19 00:00:00+08:00,10.84000015258789,11.520000457763672,10.84000015258789,11.520000457763672,4085,0.0,0.0
2016-01-20 00:00:00+08:00,11.520000457763672,11.520000457763672,11.520000457763672,11.520000457763672,0,0.0,0.0
2016-01-21 00:00:00+08:00,11.119999885559082,11.119999885559082,11.119999885559082,11.119999885559082,605,0.0,0.0
2016-01-22 00:00:00+08:00,10.880000114440918,10.880000114440918,10.880000114440918,10.880000114440918,750,0.0,0.0
2016-01-25 00:00:00+08:00,11.239999771118164,11.84000015258789,11.239999771118164,11.84000015258789,5250,0.0,0.0
2016-01-26 00:00:00+08:00,12.15999984741211,12.15999984741211,12.0,12.0,7000,0.0,0.0
2016-01-27 00:00:00+08:00,11.920000076293945,11.920000076293945,10.920000076293945,11.800000190734863,6500,0.0,0.0
2016-01-28 00:00:00+08:00,11.800000190734863,12.079999923706055,11.800000190734863,12.079999923706055,1000,0.0,0.0
2016-01-29 00:00:00+08:00,11.4399995803833,12.079999923706055,11.4399995803833,12.039999961853027,5552,0.0,0.0
2016-02-01 00:00:00+08:00,12.039999961853027,12.039999961853027,12.039999961853027,12.039999961853027,0,0.0,0.0
2016-02-02 00:00:00+08:00,12.0,12.0,12.0,12.0,1087,0.0,0.0
2016-02-03 00:00:00+08:00,12.0,12.640000343322754,11.960000038146973,12.600000381469727,6127,0.0,0.0
2016-02-15 00:00:00+08:00,13.479999542236328,13.479999542236328,12.119999885559082,12.119999885559082,5750,0.0,0.0
2016-02-16 00:00:00+08:00,12.119999885559082,12.600000381469727,12.119999885559082,12.600000381469727,24250,0.0,0.0
2016-02-17 00:00:00+08:00,12.600000381469727,12.800000190734863,12.600000381469727,12.800000190734863,4250,0.0,0.0
2016-02-18 00:00:00+08:00,12.960000038146973,13.5600004196167,12.920000076293945,13.5600004196167,15500,0.0,0.0
2016-02-19 00:00:00+08:00,13.199999809265137,13.199999809265137,12.600000381469727,12.600000381469727,10000,0.0,0.0
2016-02-22 00:00:00+08:00,12.600000381469727,12.600000381469727,12.119999885559082,12.520000457763672,3750,0.0,0.0
2016-02-23 00:00:00+08:00,13.0,13.0,13.0,13.0,250,0.0,0.0
2016-02-24 00:00:00+08:00,13.800000190734863,13.800000190734863,12.319999694824219,13.0,8000,0.0,0.0
2016-02-25 00:00:00+08:00,13.520000457763672,13.520000457763672,13.119999885559082,13.119999885559082,1255,0.0,0.0
2016-02-26 00:00:00+08:00,13.720000267028809,13.720000267028809,13.319999694824219,13.319999694824219,2000,0.0,0.0
2016-03-01 00:00:00+08:00,14.0,14.0,12.800000190734863,12.800000190734863,1057,0.0,0.0
2016-03-02 00:00:00+08:00,13.5600004196167,13.5600004196167,13.5600004196167,13.5600004196167,835,0.0,0.0
2016-03-03 00:00:00+08:00,12.800000190734863,13.399999618530273,12.800000190734863,13.399999618530273,11060,0.0,0.0
2016-03-04 00:00:00+08:00,14.479999542236328,14.479999542236328,12.920000076293945,14.279999732971191,5585,0.0,0.0
2016-03-07 00:00:00+08:00,14.720000267028809,14.720000267028809,14.399999618530273,14.399999618530273,1623,0.0,0.0
2016-03-08 00:00:00+08:00,14.399999618530273,14.399999618530273,14.359999656677246,14.399999618530273,9264,0.0,0.0
2016-03-09 00:00:00+08:00,13.520000457763672,13.600000381469727,13.520000457763672,13.520000457763672,4000,0.0,0.0
2016-03-10 00:00:00+08:00,12.479999542236328,13.319999694824219,12.479999542236328,13.319999694824219,19751,0.0,0.0
2016-03-11 00:00:00+08:00,13.319999694824219,13.920000076293945,12.84000015258789,13.800000190734863,3750,0.0,0.0
2016-03-14 00:00:00+08:00,12.800000190734863,14.279999732971191,12.800000190734863,13.960000038146973,6587,0.0,0.0
2016-03-15 00:00:00+08:00,14.600000381469727,14.600000381469727,13.279999732971191,13.279999732971191,15704,0.0,0.0
2016-03-16 00:00:00+08:00,13.399999618530273,13.920000076293945,13.319999694824219,13.600000381469727,12396,0.0,0.0
2016-03-17 00:00:00+08:00,13.600000381469727,14.0,13.600000381469727,13.800000190734863,21294,0.0,0.0
2016-03-18 00:00:00+08:00,13.600000381469727,13.600000381469727,13.199999809265137,13.600000381469727,4159,0.0,0.0
2016-03-21 00:00:00+08:00,13.0,13.199999809265137,12.960000038146973,13.199999809265137,17881,0.0,0.0
2016-03-22 00:00:00+08:00,12.84000015258789,13.199999809265137,12.84000015258789,13.199999809265137,13250,0.0,0.0
2016-03-23 00:00:00+08:00,13.5600004196167,13.5600004196167,13.5600004196167,13.5600004196167,1543,0.0,0.0
2016-03-24 00:00:00+08:00,13.199999809265137,13.199999809265137,12.84000015258789,13.199999809265137,5000,0.0,0.0
2016-03-25 00:00:00+08:00,12.880000114440918,12.880000114440918,12.640000343322754,12.640000343322754,13543,0.0,0.0
2016-03-28 00:00:00+08:00,13.199999809265137,13.199999809265137,12.039999961853027,12.800000190734863,3750,0.0,0.0
2016-03-29 00:00:00+08:00,12.800000190734863,12.800000190734863,12.760000228881836,12.760000228881836,6750,0.0,0.0
2016-03-30 00:00:00+08:00,12.199999809265137,12.920000076293945,12.199999809265137,12.720000267028809,4750,0.0,0.0
2016-03-31 00:00:00+08:00,12.640000343322754,12.640000343322754,12.279999732971191,12.640000343322754,3000,0.0,0.0
2016-04-01 00:00:00+08:00,12.720000267028809,12.720000267028809,12.279999732971191,12.279999732971191,2750,0.0,0.0
2016-04-06 00:00:00+08:00,12.039999961853027,12.039999961853027,11.5600004196167,11.5600004196167,5500,0.0,0.0
2016-04-07 00:00:00+08:00,12.680000305175781,12.680000305175781,11.84000015258789,11.84000015258789,15511,0.0,0.0
2016-04-08 00:00:00+08:00,11.600000381469727,12.239999771118164,11.600000381469727,12.239999771118164,7776,0.0,0.0
2016-04-11 00:00:00+08:00,12.399999618530273,12.600000381469727,12.0,12.600000381469727,15303,0.0,0.0
2016-04-12 00:00:00+08:00,12.680000305175781,12.680000305175781,12.680000305175781,12.680000305175781,250,0.0,0.0
2016-04-13 00:00:00+08:00,12.239999771118164,12.239999771118164,12.239999771118164,12.239999771118164,337,0.0,0.0
2016-04-14 00:00:00+08:00,11.84000015258789,12.199999809265137,11.84000015258789,12.199999809265137,15351,0.0,0.0
2016-04-15 00:00:00+08:00,11.920000076293945,11.920000076293945,11.84000015258789,11.84000015258789,2250,0.0,0.0
2016-04-18 00:00:00+08:00,11.5600004196167,12.199999809265137,11.5600004196167,12.199999809265137,1620,0.0,0.0
2016-04-19 00:00:00+08:00,12.199999809265137,12.199999809265137,12.199999809265137,12.199999809265137,0,0.0,0.0
2016-04-20 00:00:00+08:00,11.720000267028809,11.720000267028809,11.319999694824219,11.319999694824219,5250,0.0,0.0
2016-04-21 00:00:00+08:00,11.319999694824219,11.319999694824219,11.319999694824219,11.319999694824219,175,0.0,0.0
2016-04-22 00:00:00+08:00,11.600000381469727,11.84000015258789,10.920000076293945,11.84000015258789,2750,0.0,0.0
2016-04-25 00:00:00+08:00,11.600000381469727,11.960000038146973,11.600000381469727,11.960000038146973,1750,0.0,0.0
2016-04-26 00:00:00+08:00,11.4399995803833,11.4399995803833,11.4399995803833,11.4399995803833,500,0.0,0.0
2016-04-27 00:00:00+08:00,11.800000190734863,11.800000190734863,11.800000190734863,11.800000190734863,639,0.0,0.0
2016-04-28 00:00:00+08:00,11.880000114440918,11.880000114440918,11.880000114440918,11.880000114440918,543,0.0,0.0
2016-04-29 00:00:00+08:00,12.199999809265137,12.199999809265137,10.880000114440918,11.640000343322754,6351,0.0,0.0
2016-05-03 00:00:00+08:00,11.640000343322754,11.640000343322754,11.640000343322754,11.640000343322754,0,0.0,0.0
2016-05-04 00:00:00+08:00,11.079999923706055,11.079999923706055,11.039999961853027,11.039999961853027,2925,0.0,0.0
2016-05-05 00:00:00+08:00,11.319999694824219,11.319999694824219,11.239999771118164,11.239999771118164,2750,0.0,0.0
2016-05-06 00:00:00+08:00,11.319999694824219,11.319999694824219,10.800000190734863,10.800000190734863,750,0.0,0.0
2016-05-09 00:00:00+08:00,10.84000015258789,11.199999809265137,10.84000015258789,11.199999809265137,2962,0.0,0.0
2016-05-10 00:00:00+08:00,11.0,11.0,10.479999542236328,10.479999542236328,15750,0.0,0.0
2016-05-11 00:00:00+08:00,10.479999542236328,10.479999542236328,10.479999542236328,10.479999542236328,175,0.0,0.0
2016-05-12 00:00:00+08:00,10.479999542236328,10.479999542236328,10.479999542236328,10.479999542236328,0,0.0,0.0
2016-05-13 00:00:00+08:00,10.119999885559082,10.880000114440918,10.079999923706055,10.119999885559082,9500,0.0,0.0
2016-05-16 00:00:00+08:00,9.800000190734863,9.800000190734863,9.800000190734863,9.800000190734863,3000,0.0,0.0
2016-05-17 00:00:00+08:00,9.199999809265137,9.239999771118164,9.199999809265137,9.239999771118164,6506,0.0,0.0
2016-05-18 00:00:00+08:00,9.880000114440918,9.880000114440918,8.800000190734863,9.399999618530273,19500,0.0,0.0
2016-05-19 00:00:00+08:00,9.359999656677246,9.359999656677246,9.359999656677246,9.359999656677246,5000,0.0,0.0
2016-05-20 00:00:00+08:00,9.359999656677246,9.359999656677246,9.359999656677246,9.359999656677246,0,0.0,0.0
2016-05-23 00:00:00+08:00,9.720000267028809,9.720000267028809,9.720000267028809,9.720000267028809,771,0.0,0.0
2016-05-24 00:00:00+08:00,9.199999809265137,9.800000190734863,9.199999809265137,9.800000190734863,825,0.0,0.0
2016-05-25 00:00:00+08:00,9.800000190734863,9.800000190734863,9.800000190734863,9.800000190734863,0,0.0,0.0
2016-05-26 00:00:00+08:00,9.199999809265137,9.800000190734863,9.199999809265137,9.800000190734863,16000,0.0,0.0
2016-05-27 00:00:00+08:00,10.0,10.0,10.0,10.0,3500,0.0,0.0
2016-05-30 00:00:00+08:00,9.399999618530273,9.399999618530273,9.399999618530273,9.399999618530273,750,0.0,0.0
2016-05-31 00:00:00+08:00,9.399999618530273,9.399999618530273,9.399999618530273,9.399999618530273,249,0.0,0.0
2016-06-01 00:00:00+08:00,8.84000015258789,9.039999961853027,8.84000015258789,9.039999961853027,4250,0.0,0.0
2016-06-02 00:00:00+08:00,9.800000190734863,9.800000190734863,9.800000190734863,9.800000190734863,25260,0.0,0.0
2016-06-03 00:00:00+08:00,9.5600004196167,10.079999923706055,9.5600004196167,10.079999923706055,4500,0.0,0.0
2016-06-06 00:00:00+08:00,10.039999961853027,10.039999961853027,10.039999961853027,10.039999961853027,1796,0.0,0.0
2016-06-07 00:00:00+08:00,10.039999961853027,10.039999961853027,10.039999961853027,10.039999961853027,0,0.0,0.0
2016-06-08 00:00:00+08:00,9.800000190734863,9.800000190734863,9.4399995803833,9.4399995803833,4837,0.0,0.0
2016-06-13 00:00:00+08:00,9.4399995803833,9.4399995803833,9.4399995803833,9.4399995803833,43,0.0,0.0
2016-06-14 00:00:00+08:00,9.399999618530273,9.399999618530273,9.399999618530273,9.399999618530273,2500,0.0,0.0
2016-06-15 00:00:00+08:00,9.0,9.720000267028809,9.0,9.720000267028809,1399,0.0,0.0
2016-06-16 00:00:00+08:00,9.680000305175781,9.680000305175781,9.680000305175781,9.680000305175781,71,0.0,0.0
2016-06-17 00:00:00+08:00,9.920000076293945,9.920000076293945,9.239999771118164,9.239999771118164,500,0.0,0.0
2016-06-20 00:00:00+08:00,8.720000267028809,9.800000190734863,8.720000267028809,9.800000190734863,1592,0.0,0.0
2016-06-21 00:00:00+08:00,9.800000190734863,9.800000190734863,9.399999618530273,9.720000267028809,2810,0.0,0.0
2016-06-22 00:00:00+08:00,9.800000190734863,9.800000190734863,9.800000190734863,9.800000190734863,1250,0.0,0.0
2016-06-23 00:00:00+08:00,9.199999809265137,9.680000305175781,9.199999809265137,9.680000305175781,6500,0.0,0.0
2016-06-24 00:00:00+08:00,9.239999771118164,9.600000381469727,9.239999771118164,9.600000381469727,3500,0.0,0.0
2016-06-27 00:00:00+08:00,9.600000381469727,9.600000381469727,9.079999923706055,9.079999923706055,8000,0.0,0.0
2016-06-28 00:00:00+08:00,9.199999809265137,9.199999809265137,8.4399995803833,8.4399995803833,36257,0.0,0.0
2016-06-29 00:00:00+08:00,9.239999771118164,9.279999732971191,9.239999771118164,9.279999732971191,7000,0.0,0.0
2016-06-30 00:00:00+08:00,9.960000038146973,10.199999809265137,9.960000038146973,10.199999809265137,11886,0.0,0.0
2016-07-01 00:00:00+08:00,11.119999885559082,11.199999809265137,11.119999885559082,11.199999809265137,28516,0.0,0.0
2016-07-04 00:00:00+08:00,12.319999694824219,12.319999694824219,11.920000076293945,11.920000076293945,13267,0.0,0.0
2016-07-05 00:00:00+08:00,10.880000114440918,10.880000114440918,10.880000114440918,10.880000114440918,4131,0.0,0.0
2016-07-06 00:00:00+08:00,11.199999809265137,11.960000038146973,11.199999809265137,11.84000015258789,8325,0.0,0.0
2016-07-07 00:00:00+08:00,12.0,12.0,11.920000076293945,11.920000076293945,3042,0.0,0.0
2016-07-08 00:00:00+08:00,11.920000076293945,11.920000076293945,11.920000076293945,11.920000076293945,0,0.0,0.0
2016-07-11 00:00:00+08:00,11.920000076293945,12.279999732971191,11.119999885559082,12.279999732971191,4798,0.0,0.0
2016-07-12 00:00:00+08:00,12.960000038146973,12.960000038146973,12.960000038146973,12.960000038146973,2622,0.0,0.0
2016-07-13 00:00:00+08:00,12.399999618530273,13.399999618530273,12.399999618530273,13.399999618530273,7000,0.0,0.0
2016-07-14 00:00:00+08:00,12.4399995803833,12.600000381469727,12.4399995803833,12.520000457763672,8429,0.0,0.0
2016-07-15 00:00:00+08:00,12.0,12.760000228881836,12.0,12.760000228881836,3000,0.0,0.0
2016-07-18 00:00:00+08:00,13.15999984741211,13.15999984741211,13.15999984741211,13.15999984741211,1276,0.0,0.0
2016-07-19 00:00:00+08:00,12.199999809265137,12.399999618530273,12.199999809265137,12.399999618530273,3172,0.0,0.0
2016-07-20 00:00:00+08:00,11.84000015258789,11.84000015258789,11.84000015258789,11.84000015258789,2009,0.0,0.0
2016-07-21 00:00:00+08:00,11.84000015258789,11.84000015258789,11.84000015258789,11.84000015258789,209,0.0,0.0
2016-07-22 00:00:00+08:00,11.84000015258789,11.84000015258789,11.84000015258789,11.84000015258789,10,0.0,0.0
2016-07-25 00:00:00+08:00,11.479999542236328,11.479999542236328,11.479999542236328,11.479999542236328,1092,0.0,0.0
2016-07-26 00:00:00+08:00,11.199999809265137,11.680000305175781,11.199999809265137,11.680000305175781,2698,0.0,0.0
2016-07-27 00:00:00+08:00,11.199999809265137,12.600000381469727,11.199999809265137,12.600000381469727,3293,0.0,0.0
2016-07-28 00:00:00+08:00,11.84000015258789,12.0,11.84000015258789,12.0,2231,0.0,0.0
2016-07-29 00:00:00+08:00,12.0,12.0,12.0,12.0,76,0.0,0.0
2016-08-01 00:00:00+08:00,11.239999771118164,12.279999732971191,11.239999771118164,12.279999732971191,2998,0.0,0.0
2016-08-02 00:00:00+08:00,12.279999732971191,12.279999732971191,11.640000343322754,11.640000343322754,2936,0.0,0.0
2016-08-03 00:00:00+08:00,12.600000381469727,12.600000381469727,12.600000381469727,12.600000381469727,470,0.0,0.0
2016-08-04 00:00:00+08:00,12.520000457763672,12.520000457763672,12.520000457763672,12.520000457763672,262,0.0,0.0
2016-08-05 00:00:00+08:00,12.0,12.0,11.84000015258789,11.84000015258789,4132,0.0,0.0
2016-08-08 00:00:00+08:00,12.119999885559082,12.119999885559082,12.119999885559082,12.119999885559082,250,0.0,0.0
2016-08-09 00:00:00+08:00,11.0,12.0,11.0,11.84000015258789,4750,0.0,0.0
2016-08-10 00:00:00+08:00,11.279999732971191,11.279999732971191,11.039999961853027,11.039999961853027,13500,0.0,0.0
2016-08-11 00:00:00+08:00,10.279999732971191,10.359999656677246,10.199999809265137,10.359999656677246,18250,0.0,0.0
2016-08-12 00:00:00+08:00,10.199999809265137,10.800000190734863,10.199999809265137,10.800000190734863,1432,0.0,0.0
2016-08-15 00:00:00+08:00,9.800000190734863,11.319999694824219,9.800000190734863,10.239999771118164,4000,0.0,0.0
2016-08-16 00:00:00+08:00,9.800000190734863,9.84000015258789,9.800000190734863,9.800000190734863,3500,0.0,0.0
2016-08-17 00:00:00+08:00,9.800000190734863,9.800000190734863,9.800000190734863,9.800000190734863,404,0.0,0.0
2016-08-18 00:00:00+08:00,10.199999809265137,10.199999809265137,10.199999809265137,10.199999809265137,306,0.0,0.0
2016-08-19 00:00:00+08:00,10.199999809265137,10.199999809265137,10.199999809265137,10.199999809265137,0,0.0,0.0
2016-08-22 00:00:00+08:00,10.199999809265137,10.199999809265137,10.199999809265137,10.199999809265137,0,0.0,0.0
2016-08-23 00:00:00+08:00,9.479999542236328,10.5600004196167,9.479999542236328,10.5600004196167,849,0.0,0.0
2016-08-24 00:00:00+08:00,9.720000267028809,9.760000228881836,9.720000267028809,9.760000228881836,7750,0.0,0.0
2016-08-25 00:00:00+08:00,9.199999809265137,9.800000190734863,9.199999809265137,9.800000190734863,4337,0.0,0.0
2016-08-26 00:00:00+08:00,9.279999732971191,10.0,9.279999732971191,9.960000038146973,1682,0.0,0.0
2016-08-29 00:00:00+08:00,9.4399995803833,9.800000190734863,9.4399995803833,9.800000190734863,2250,0.0,0.0
2016-08-30 00:00:00+08:00,9.319999694824219,9.800000190734863,9.319999694824219,9.800000190734863,1266,0.0,0.0
2016-08-31 00:00:00+08:00,9.880000114440918,9.880000114440918,9.880000114440918,9.880000114440918,414,0.0,0.0
2016-09-01 00:00:00+08:00,9.880000114440918,9.880000114440918,9.84000015258789,9.84000015258789,5085,0.0,0.0
2016-09-02 00:00:00+08:00,9.5600004196167,9.5600004196167,9.5600004196167,9.5600004196167,3250,0.0,0.0
2016-09-05 00:00:00+08:00,9.960000038146973,9.960000038146973,9.960000038146973,9.960000038146973,250,0.0,0.0
2016-09-06 00:00:00+08:00,9.600000381469727,10.359999656677246,9.600000381469727,10.359999656677246,1837,0.0,0.0
2016-09-07 00:00:00+08:00,10.359999656677246,10.359999656677246,10.359999656677246,10.359999656677246,0,0.0,0.0
2016-09-08 00:00:00+08:00,9.600000381469727,9.600000381469727,9.600000381469727,9.600000381469727,2000,0.0,0.0
2016-09-09 00:00:00+08:00,9.600000381469727,10.079999923706055,9.600000381469727,10.079999923706055,1500,0.0,0.0
2016-09-12 00:00:00+08:00,9.600000381469727,9.600000381469727,9.600000381469727,9.600000381469727,1793,0.0,0.0
2016-09-13 00:00:00+08:00,9.640000343322754,9.640000343322754,9.640000343322754,9.640000343322754,2000,0.0,0.0
2016-09-14 00:00:00+08:00,9.640000343322754,9.640000343322754,9.640000343322754,9.640000343322754,218,0.0,0.0
2016-09-19 00:00:00+08:00,10.0,10.520000457763672,9.800000190734863,9.800000190734863,8623,0.0,0.0
2016-09-20 00:00:00+08:00,10.5600004196167,10.5600004196167,10.0,10.0,2750,0.0,0.0
2016-09-21 00:00:00+08:00,10.760000228881836,10.760000228881836,10.15999984741211,10.15999984741211,6059,0.0,0.0
2016-09-22 00:00:00+08:00,10.15999984741211,10.15999984741211,10.15999984741211,10.15999984741211,420,0.0,0.0
2016-09-23 00:00:00+08:00,10.119999885559082,10.119999885559082,9.84000015258789,9.84000015258789,1614,0.0,0.0
2016-09-26 00:00:00+08:00,9.84000015258789,9.84000015258789,9.84000015258789,9.84000015258789,2100,0.0,0.0
2016-09-27 00:00:00+08:00,9.84000015258789,9.84000015258789,9.84000015258789,9.84000015258789,0,0.0,0.0
2016-09-28 00:00:00+08:00,9.84000015258789,9.84000015258789,9.84000015258789,9.84000015258789,0,0.0,0.0
2016-09-29 00:00:00+08:00,10.720000267028809,10.720000267028809,9.880000114440918,10.0,7218,0.0,0.0
2016-09-30 00:00:00+08:00,10.0,10.0,10.0,10.0,1250,0.0,0.0
2016-10-03 00:00:00+08:00,10.0,10.039999961853027,10.0,10.039999961853027,1016,0.0,0.0
2016-10-04 00:00:00+08:00,10.039999961853027,10.920000076293945,10.039999961853027,10.84000015258789,11087,0.0,0.0
2016-10-05 00:00:00+08:00,10.119999885559082,10.4399995803833,10.119999885559082,10.4399995803833,2877,0.0,0.0
2016-10-06 00:00:00+08:00,11.479999542236328,11.479999542236328,11.479999542236328,11.479999542236328,18553,0.0,0.0
2016-10-07 00:00:00+08:00,11.479999542236328,11.800000190734863,10.84000015258789,11.800000190734863,5518,0.0,0.0
2016-10-11 00:00:00+08:00,11.199999809265137,11.199999809265137,11.199999809265137,11.199999809265137,3123,0.0,0.0
2016-10-12 00:00:00+08:00,11.199999809265137,11.199999809265137,11.199999809265137,11.199999809265137,5000,0.0,0.0
2016-10-13 00:00:00+08:00,11.119999885559082,11.119999885559082,11.119999885559082,11.119999885559082,23,0.0,0.0
2016-10-14 00:00:00+08:00,10.119999885559082,10.239999771118164,10.119999885559082,10.239999771118164,3580,0.0,0.0
2016-10-17 00:00:00+08:00,10.199999809265137,10.399999618530273,10.199999809265137,10.399999618530273,543,0.0,0.0
2016-10-18 00:00:00+08:00,10.079999923706055,10.079999923706055,10.079999923706055,10.079999923706055,2500,0.0,0.0
2016-10-19 00:00:00+08:00,10.079999923706055,10.079999923706055,10.079999923706055,10.079999923706055,1038,0.0,0.0
2016-10-20 00:00:00+08:00,10.239999771118164,10.239999771118164,10.239999771118164,10.239999771118164,3000,0.0,0.0
2016-10-21 00:00:00+08:00,10.920000076293945,10.920000076293945,10.920000076293945,10.920000076293945,2332,0.0,0.0
2016-10-24 00:00:00+08:00,11.880000114440918,11.880000114440918,11.800000190734863,11.800000190734863,1500,0.0,0.0
2016-10-25 00:00:00+08:00,10.960000038146973,11.760000228881836,10.720000267028809,11.760000228881836,2968,0.0,0.0
2016-10-26 00:00:00+08:00,10.600000381469727,10.640000343322754,10.600000381469727,10.600000381469727,4500,0.0,0.0
2016-10-27 00:00:00+08:00,10.600000381469727,11.039999961853027,10.600000381469727,11.039999961853027,3958,0.0,0.0
2016-10-28 00:00:00+08:00,11.039999961853027,11.039999961853027,11.039999961853027,11.039999961853027,4543,0.0,0.0
2016-10-31 00:00:00+08:00,10.119999885559082,10.199999809265137,10.119999885559082,10.199999809265137,1500,0.0,0.0
2016-11-01 00:00:00+08:00,10.239999771118164,10.239999771118164,9.720000267028809,9.800000190734863,12842,0.0,0.0
2016-11-02 00:00:00+08:00,10.0,10.039999961853027,10.0,10.039999961853027,3841,0.0,0.0
2016-11-03 00:00:00+08:00,9.800000190734863,9.800000190734863,9.800000190734863,9.800000190734863,2587,0.0,0.0
2016-11-04 00:00:00+08:00,9.84000015258789,9.880000114440918,9.84000015258789,9.880000114440918,3250,0.0,0.0
2016-11-07 00:00:00+08:00,10.0,10.279999732971191,10.0,10.279999732971191,14209,0.0,0.0
2016-11-08 00:00:00+08:00,9.680000305175781,11.0,9.680000305175781,11.0,9133,0.0,0.0
2016-11-09 00:00:00+08:00,10.0,10.760000228881836,10.0,10.760000228881836,8750,0.0,0.0
2016-11-10 00:00:00+08:00,9.84000015258789,10.119999885559082,9.84000015258789,10.119999885559082,12250,0.0,0.0
2016-11-11 00:00:00+08:00,9.84000015258789,9.84000015258789,9.84000015258789,9.84000015258789,1462,0.0,0.0
2016-11-14 00:00:00+08:00,9.640000343322754,10.0,9.640000343322754,10.0,3250,0.0,0.0
2016-11-15 00:00:00+08:00,9.800000190734863,10.4399995803833,9.800000190734863,10.399999618530273,6005,0.0,0.0
2016-11-16 00:00:00+08:00,10.399999618530273,10.600000381469727,10.319999694824219,10.319999694824219,9500,0.0,0.0
2016-11-17 00:00:00+08:00,10.15999984741211,11.199999809265137,10.15999984741211,11.199999809265137,2750,0.0,0.0
2016-11-18 00:00:00+08:00,11.399999618530273,11.399999618530273,10.359999656677246,11.199999809265137,5332,0.0,0.0
2016-11-21 00:00:00+08:00,11.199999809265137,11.199999809265137,11.199999809265137,11.199999809265137,0,0.0,0.0
2016-11-22 00:00:00+08:00,11.880000114440918,11.880000114440918,10.600000381469727,10.680000305175781,5293,0.0,0.0
2016-11-23 00:00:00+08:00,10.199999809265137,10.319999694824219,10.199999809265137,10.319999694824219,13381,0.0,0.0
2016-11-24 00:00:00+08:00,10.319999694824219,10.399999618530273,10.319999694824219,10.399999618530273,2750,0.0,0.0
2016-11-25 00:00:00+08:00,10.600000381469727,10.720000267028809,10.119999885559082,10.720000267028809,1593,0.0,0.0
2016-11-28 00:00:00+08:00,10.720000267028809,10.920000076293945,10.720000267028809,10.920000076293945,1755,0.0,0.0
2016-11-29 00:00:00+08:00,10.239999771118164,10.720000267028809,10.239999771118164,10.720000267028809,5485,0.0,0.0
2016-11-30 00:00:00+08:00,10.720000267028809,11.039999961853027,10.319999694824219,11.039999961853027,1750,0.0,0.0
2016-12-01 00:00:00+08:00,11.199999809265137,11.199999809265137,9.960000038146973,11.119999885559082,36259,0.0,0.0
2016-12-02 00:00:00+08:00,11.0,11.0,10.359999656677246,10.600000381469727,2923,0.0,0.0
2016-12-05 00:00:00+08:00,10.5600004196167,10.5600004196167,10.479999542236328,10.479999542236328,3043,0.0,0.0
2016-12-06 00:00:00+08:00,9.920000076293945,10.199999809265137,9.920000076293945,10.199999809265137,5000,0.0,0.0
2016-12-07 00:00:00+08:00,10.239999771118164,10.239999771118164,10.239999771118164,10.239999771118164,5087,0.0,0.0
2016-12-08 00:00:00+08:00,10.239999771118164,10.239999771118164,10.239999771118164,10.239999771118164,0,0.0,0.0
2016-12-09 00:00:00+08:00,10.199999809265137,10.199999809265137,9.920000076293945,10.0,14250,0.0,0.0
2016-12-12 00:00:00+08:00,10.0,10.0,10.0,10.0,1250,0.0,0.0
2016-12-13 00:00:00+08:00,10.0,10.520000457763672,10.0,10.520000457763672,2582,0.0,0.0
2016-12-14 00:00:00+08:00,10.359999656677246,10.359999656677246,10.0,10.0,2500,0.0,0.0
2016-12-15 00:00:00+08:00,10.359999656677246,10.359999656677246,10.359999656677246,10.359999656677246,2500,0.0,0.0
2016-12-16 00:00:00+08:00,10.199999809265137,10.199999809265137,10.199999809265137,10.199999809265137,4750,0.0,0.0
2016-12-19 00:00:00+08:00,10.199999809265137,10.199999809265137,10.199999809265137,10.199999809265137,2543,0.0,0.0
2016-12-20 00:00:00+08:00,10.760000228881836,10.760000228881836,10.760000228881836,10.760000228881836,2749,0.0,0.0
2016-12-21 00:00:00+08:00,10.399999618530273,10.680000305175781,10.399999618530273,10.680000305175781,4025,0.0,0.0
2016-12-22 00:00:00+08:00,10.680000305175781,10.680000305175781,10.680000305175781,10.680000305175781,0,0.0,0.0
2016-12-23 00:00:00+08:00,9.720000267028809,10.319999694824219,9.720000267028809,10.319999694824219,6837,0.0,0.0
2016-12-26 00:00:00+08:00,10.319999694824219,10.319999694824219,10.319999694824219,10.319999694824219,0,0.0,0.0
2016-12-27 00:00:00+08:00,9.800000190734863,10.199999809265137,9.800000190734863,10.199999809265137,29250,0.0,0.0
2016-12-28 00:00:00+08:00,9.84000015258789,9.960000038146973,9.84000015258789,9.960000038146973,22750,0.0,0.0
2016-12-29 00:00:00+08:00,9.920000076293945,9.920000076293945,9.920000076293945,9.920000076293945,3755,0.0,0.0
2016-12-30 00:00:00+08:00,9.880000114440918,9.960000038146973,9.84000015258789,9.960000038146973,20921,0.0,0.0
2017-01-03 00:00:00+08:00,9.640000343322754,9.680000305175781,9.640000343322754,9.680000305175781,9319,0.0,0.0
2017-01-04 00:00:00+08:00,9.680000305175781,9.960000038146973,9.680000305175781,9.960000038146973,3970,0.0,0.0
2017-01-05 00:00:00+08:00,9.800000190734863,9.800000190734863,9.800000190734863,9.800000190734863,6750,0.0,0.0
2017-01-06 00:00:00+08:00,10.319999694824219,10.319999694824219,9.600000381469727,9.84000015258789,6500,0.0,0.0
2017-01-09 00:00:00+08:00,10.279999732971191,10.279999732971191,10.0,10.239999771118164,18337,0.0,0.0
2017-01-10 00:00:00+08:00,9.84000015258789,9.84000015258789,9.800000190734863,9.800000190734863,3500,0.0,0.0
2017-01-11 00:00:00+08:00,9.600000381469727,10.319999694824219,9.600000381469727,9.600000381469727,30567,0.0,0.0
2017-01-12 00:00:00+08:00,10.039999961853027,10.039999961853027,9.600000381469727,9.640000343322754,10254,0.0,0.0
2017-01-13 00:00:00+08:00,9.640000343322754,9.920000076293945,9.640000343322754,9.920000076293945,543,0.0,0.0
2017-01-16 00:00:00+08:00,10.0,10.0,9.640000343322754,9.680000305175781,19375,0.0,0.0
2017-01-17 00:00:00+08:00,9.720000267028809,9.960000038146973,9.720000267028809,9.960000038146973,3000,0.0,0.0
2017-01-18 00:00:00+08:00,9.920000076293945,9.920000076293945,9.5600004196167,9.600000381469727,11750,0.0,0.0
2017-01-19 00:00:00+08:00,9.600000381469727,9.760000228881836,9.600000381469727,9.760000228881836,5000,0.0,0.0
2017-01-20 00:00:00+08:00,10.079999923706055,10.079999923706055,9.600000381469727,9.640000343322754,12500,0.0,0.0
2017-01-23 00:00:00+08:00,9.600000381469727,9.720000267028809,9.600000381469727,9.720000267028809,8500,0.0,0.0
2017-01-24 00:00:00+08:00,9.800000190734863,10.039999961853027,9.800000190734863,9.800000190734863,4750,0.0,0.0
2017-02-02 00:00:00+08:00,9.800000190734863,9.800000190734863,9.600000381469727,9.800000190734863,30750,0.0,0.0
2017-02-03 00:00:00+08:00,10.0,10.600000381469727,10.0,10.399999618530273,19674,0.0,0.0
2017-02-06 00:00:00+08:00,11.0,11.199999809265137,10.800000190734863,11.199999809265137,24371,0.0,0.0
2017-02-07 00:00:00+08:00,11.4399995803833,12.319999694824219,11.4399995803833,12.319999694824219,55864,0.0,0.0
2017-02-08 00:00:00+08:00,12.279999732971191,12.640000343322754,12.0,12.0,40285,0.0,0.0
2017-02-09 00:00:00+08:00,12.0,12.399999618530273,12.0,12.399999618530273,12750,0.0,0.0
2017-02-10 00:00:00+08:00,13.600000381469727,13.600000381469727,12.199999809265137,12.800000190734863,26999,0.0,0.0
2017-02-13 00:00:00+08:00,12.0,12.800000190734863,12.0,12.079999923706055,50499,0.0,0.0
2017-02-14 00:00:00+08:00,11.600000381469727,11.640000343322754,11.600000381469727,11.640000343322754,2627,0.0,0.0
2017-02-15 00:00:00+08:00,12.800000190734863,12.800000190734863,11.479999542236328,12.520000457763672,14495,0.0,0.0
2017-02-16 00:00:00+08:00,12.4399995803833,12.4399995803833,12.079999923706055,12.239999771118164,7579,0.0,0.0
2017-02-17 00:00:00+08:00,12.399999618530273,12.399999618530273,12.399999618530273,12.399999618530273,1025,0.0,0.0
2017-02-20 00:00:00+08:00,12.800000190734863,12.800000190734863,12.600000381469727,12.600000381469727,11250,0.0,0.0
2017-02-21 00:00:00+08:00,12.680000305175781,13.0,12.680000305175781,12.720000267028809,13142,0.0,0.0
2017-02-22 00:00:00+08:00,12.800000190734863,12.800000190734863,12.0,12.0,15411,0.0,0.0
2017-02-23 00:00:00+08:00,12.0,12.0,12.0,12.0,4332,0.0,0.0
2017-02-24 00:00:00+08:00,13.15999984741211,13.15999984741211,12.0,12.0,10506,0.0,0.0
2017-03-01 00:00:00+08:00,11.199999809265137,12.0,11.199999809265137,12.0,4501,0.0,0.0
2017-03-02 00:00:00+08:00,12.0,12.0,12.0,12.0,90,0.0,0.0
2017-03-03 00:00:00+08:00,11.600000381469727,11.600000381469727,11.600000381469727,11.600000381469727,916,0.0,0.0
2017-03-06 00:00:00+08:00,11.800000190734863,12.039999961853027,11.800000190734863,12.039999961853027,10000,0.0,0.0
2017-03-07 00:00:00+08:00,12.119999885559082,12.119999885559082,12.119999885559082,12.119999885559082,2500,0.0,0.0
2017-03-08 00:00:00+08:00,12.119999885559082,12.119999885559082,12.119999885559082,12.119999885559082,2500,0.0,0.0
2017-03-09 00:00:00+08:00,12.119999885559082,12.119999885559082,12.119999885559082,12.119999885559082,0,0.0,0.0
2017-03-10 00:00:00+08:00,12.119999885559082,12.119999885559082,11.279999732971191,11.399999618530273,9000,0.0,0.0
2017-03-13 00:00:00+08:00,12.0,12.15999984741211,12.0,12.15999984741211,3750,0.0,0.0
2017-03-14 00:00:00+08:00,12.15999984741211,12.15999984741211,11.4399995803833,11.960000038146973,3547,0.0,0.0
2017-03-15 00:00:00+08:00,11.239999771118164,11.279999732971191,11.239999771118164,11.279999732971191,5055,0.0,0.0
2017-03-16 00:00:00+08:00,11.239999771118164,11.239999771118164,11.199999809265137,11.199999809265137,1336,0.0,0.0
2017-03-17 00:00:00+08:00,11.5600004196167,11.5600004196167,11.5600004196167,11.5600004196167,332,0.0,0.0
2017-03-20 00:00:00+08:00,12.0,12.0,11.960000038146973,11.960000038146973,1142,0.0,0.0
2017-03-21 00:00:00+08:00,11.600000381469727,11.920000076293945,11.600000381469727,11.920000076293945,762,0.0,0.0
2017-03-22 00:00:00+08:00,12.119999885559082,12.15999984741211,11.640000343322754,12.119999885559082,22099,0.0,0.0
2017-03-23 00:00:00+08:00,12.199999809265137,12.199999809265137,12.199999809265137,12.199999809265137,16750,0.0,0.0
2017-03-24 00:00:00+08:00,12.0,12.039999961853027,12.0,12.039999961853027,8988,0.0,0.0
2017-03-27 00:00:00+08:00,12.399999618530273,12.4399995803833,12.039999961853027,12.039999961853027,40775,0.0,0.0
2017-03-28 00:00:00+08:00,12.399999618530273,12.399999618530273,12.199999809265137,12.199999809265137,48631,0.0,0.0
2017-03-29 00:00:00+08:00,12.079999923706055,12.119999885559082,12.079999923706055,12.119999885559082,14568,0.0,0.0
2017-03-30 00:00:00+08:00,13.319999694824219,13.319999694824219,12.600000381469727,12.600000381469727,31585,0.0,0.0
2017-03-31 00:00:00+08:00,13.199999809265137,13.199999809265137,12.600000381469727,12.600000381469727,19978,0.0,0.0
2017-04-05 00:00:00+08:00,12.600000381469727,12.600000381469727,12.600000381469727,12.600000381469727,247,0.0,0.0
2017-04-06 00:00:00+08:00,13.800000190734863,13.800000190734863,12.199999809265137,12.760000228881836,24897,0.0,0.0
2017-04-07 00:00:00+08:00,12.760000228881836,12.760000228881836,12.119999885559082,12.5600004196167,4718,0.0,0.0
2017-04-10 00:00:00+08:00,12.800000190734863,12.84000015258789,12.600000381469727,12.84000015258789,29262,0.0,0.0
2017-04-11 00:00:00+08:00,12.720000267028809,12.84000015258789,12.720000267028809,12.800000190734863,16000,0.0,0.0
2017-04-12 00:00:00+08:00,12.600000381469727,12.84000015258789,12.399999618530273,12.84000015258789,13780,0.0,0.0
2017-04-13 00:00:00+08:00,12.920000076293945,12.960000038146973,12.920000076293945,12.920000076293945,42500,0.0,0.0
2017-04-14 00:00:00+08:00,12.920000076293945,12.920000076293945,12.800000190734863,12.800000190734863,3000,0.0,0.0
2017-04-17 00:00:00+08:00,12.800000190734863,12.800000190734863,12.800000190734863,12.800000190734863,2620,0.0,0.0
2017-04-18 00:00:00+08:00,12.800000190734863,12.800000190734863,11.84000015258789,12.0,4043,0.0,0.0
2017-04-19 00:00:00+08:00,12.199999809265137,12.199999809265137,11.920000076293945,12.0,8131,0.0,0.0
2017-04-20 00:00:00+08:00,12.359999656677246,12.399999618530273,11.84000015258789,12.359999656677246,12499,0.0,0.0
2017-04-21 00:00:00+08:00,12.0,12.039999961853027,11.640000343322754,11.640000343322754,22708,0.0,0.0
2017-04-24 00:00:00+08:00,11.479999542236328,12.0,11.479999542236328,12.0,5394,0.0,0.0
2017-04-25 00:00:00+08:00,11.0,12.0,11.0,11.960000038146973,22134,0.0,0.0
2017-04-26 00:00:00+08:00,11.600000381469727,11.960000038146973,11.5600004196167,11.960000038146973,3549,0.0,0.0
2017-04-27 00:00:00+08:00,12.0,12.0,12.0,12.0,10120,0.0,0.0
2017-04-28 00:00:00+08:00,12.0,12.0,12.0,12.0,50,0.0,0.0
2017-05-02 00:00:00+08:00,12.0,12.0,12.0,12.0,250,0.0,0.0
2017-05-03 00:00:00+08:00,10.920000076293945,10.920000076293945,10.920000076293945,10.920000076293945,6499,0.0,0.0
2017-05-04 00:00:00+08:00,11.0,11.199999809265137,11.0,11.199999809265137,2000,0.0,0.0
2017-05-05 00:00:00+08:00,11.199999809265137,11.199999809265137,11.199999809265137,11.199999809265137,210,0.0,0.0
2017-05-08 00:00:00+08:00,12.319999694824219,12.319999694824219,12.279999732971191,12.319999694824219,41120,0.0,0.0
2017-05-09 00:00:00+08:00,13.520000457763672,13.520000457763672,11.640000343322754,12.039999961853027,14118,0.0,0.0
2017-05-10 00:00:00+08:00,11.960000038146973,12.0,11.640000343322754,12.0,11750,0.0,0.0
2017-05-11 00:00:00+08:00,11.399999618530273,12.0,11.399999618530273,12.0,11000,0.0,0.0
2017-05-12 00:00:00+08:00,12.0,12.0,11.4399995803833,11.4399995803833,11302,0.0,0.0
2017-05-15 00:00:00+08:00,12.0,12.039999961853027,12.0,12.0,36712,0.0,0.0
2017-05-16 00:00:00+08:00,12.039999961853027,12.039999961853027,11.359999656677246,11.359999656677246,25750,0.0,0.0
2017-05-17 00:00:00+08:00,12.0,12.0,12.0,12.0,9462,0.0,0.0
2017-05-18 00:00:00+08:00,11.199999809265137,12.359999656677246,11.199999809265137,12.359999656677246,2293,0.0,0.0
2017-05-19 00:00:00+08:00,11.760000228881836,11.760000228881836,11.760000228881836,11.760000228881836,793,0.0,0.0
2017-05-22 00:00:00+08:00,11.239999771118164,11.239999771118164,11.199999809265137,11.199999809265137,3258,0.0,0.0
2017-05-23 00:00:00+08:00,11.279999732971191,11.800000190734863,11.119999885559082,11.800000190734863,8556,0.0,0.0
2017-05-24 00:00:00+08:00,11.4399995803833,12.0,11.4399995803833,12.0,759,0.0,0.0
2017-05-25 00:00:00+08:00,12.0,12.680000305175781,11.960000038146973,12.680000305175781,6303,0.0,0.0
2017-05-26 00:00:00+08:00,12.399999618530273,12.399999618530273,12.0,12.359999656677246,4087,0.0,0.0
2017-05-31 00:00:00+08:00,11.239999771118164,11.960000038146973,11.239999771118164,11.960000038146973,1750,0.0,0.0
2017-06-01 00:00:00+08:00,12.0,12.0,11.960000038146973,11.960000038146973,8794,0.0,0.0
2017-06-02 00:00:00+08:00,11.960000038146973,11.960000038146973,11.960000038146973,11.960000038146973,0,0.0,0.0
2017-06-05 00:00:00+08:00,11.720000267028809,12.600000381469727,11.720000267028809,12.600000381469727,2006,0.0,0.0
2017-06-06 00:00:00+08:00,11.4399995803833,11.880000114440918,11.399999618530273,11.880000114440918,5465,0.0,0.0
2017-06-07 00:00:00+08:00,11.84000015258789,11.84000015258789,11.84000015258789,11.84000015258789,2523,0.0,0.0
2017-06-08 00:00:00+08:00,11.84000015258789,11.84000015258789,11.600000381469727,11.600000381469727,4300,0.0,0.0
2017-06-09 00:00:00+08:00,11.880000114440918,11.880000114440918,11.880000114440918,11.880000114440918,339,0.0,0.0
2017-06-12 00:00:00+08:00,11.920000076293945,11.920000076293945,11.800000190734863,11.800000190734863,5500,0.0,0.0
2017-06-13 00:00:00+08:00,11.800000190734863,11.800000190734863,11.800000190734863,11.800000190734863,137,0.0,0.0
2017-06-14 00:00:00+08:00,11.800000190734863,11.800000190734863,11.800000190734863,11.800000190734863,0,0.0,0.0
2017-06-15 00:00:00+08:00,11.800000190734863,11.800000190734863,11.079999923706055,11.079999923706055,2033,0.0,0.0
2017-06-16 00:00:00+08:00,11.800000190734863,11.960000038146973,11.800000190734863,11.800000190734863,5314,0.0,0.0
2017-06-19 00:00:00+08:00,12.0,12.0,12.0,12.0,811,0.0,0.0
2017-06-20 00:00:00+08:00,11.600000381469727,11.640000343322754,11.600000381469727,11.640000343322754,3844,0.0,0.0
2017-06-21 00:00:00+08:00,11.640000343322754,11.640000343322754,11.640000343322754,11.640000343322754,1508,0.0,0.0
2017-06-22 00:00:00+08:00,10.640000343322754,12.0,10.640000343322754,12.0,1554,0.0,0.0
2017-06-23 00:00:00+08:00,12.0,12.0,11.399999618530273,11.399999618530273,12250,0.0,0.0
2017-06-26 00:00:00+08:00,12.4399995803833,12.4399995803833,11.399999618530273,11.399999618530273,2513,0.0,0.0
2017-06-27 00:00:00+08:00,12.0,12.0,11.239999771118164,11.5600004196167,5884,0.0,0.0
2017-06-28 00:00:00+08:00,11.520000457763672,11.520000457763672,11.520000457763672,11.520000457763672,125,0.0,0.0
2017-06-29 00:00:00+08:00,11.520000457763672,11.520000457763672,11.520000457763672,11.520000457763672,3137,0.0,0.0
2017-06-30 00:00:00+08:00,11.479999542236328,11.479999542236328,11.479999542236328,11.479999542236328,139,0.0,0.0
2017-07-03 00:00:00+08:00,10.4399995803833,10.4399995803833,10.4399995803833,10.4399995803833,500,0.0,0.0
2017-07-04 00:00:00+08:00,10.600000381469727,11.479999542236328,10.600000381469727,11.479999542236328,9749,0.0,0.0
2017-07-05 00:00:00+08:00,12.0,12.0,10.920000076293945,12.0,10955,0.0,0.0
2017-07-06 00:00:00+08:00,12.520000457763672,13.199999809265137,11.079999923706055,13.199999809265137,71938,0.0,0.0
2017-07-07 00:00:00+08:00,12.600000381469727,13.199999809265137,12.600000381469727,13.039999961853027,63499,0.0,0.0
2017-07-10 00:00:00+08:00,12.920000076293945,14.319999694824219,12.920000076293945,14.319999694824219,125552,0.0,0.0
2017-07-11 00:00:00+08:00,14.15999984741211,15.720000267028809,14.15999984741211,15.720000267028809,100581,0.0,0.0
2017-07-12 00:00:00+08:00,17.15999984741211,17.280000686645508,17.15999984741211,17.280000686645508,208339,0.0,0.0
2017-07-13 00:00:00+08:00,19.0,19.0,17.079999923706055,17.079999923706055,240510,0.0,0.0
2017-07-14 00:00:00+08:00,17.079999923706055,17.200000762939453,17.079999923706055,17.079999923706055,38833,0.0,0.0
2017-07-17 00:00:00+08:00,16.8799991607666,16.8799991607666,16.0,16.0,46993,0.0,0.0
2017-07-18 00:00:00+08:00,16.479999542236328,16.479999542236328,15.119999885559082,15.199999809265137,43650,0.0,0.0
2017-07-19 00:00:00+08:00,15.199999809265137,15.199999809265137,14.239999771118164,14.800000190734863,39814,0.0,0.0
2017-07-20 00:00:00+08:00,14.800000190734863,14.800000190734863,14.239999771118164,14.399999618530273,41833,0.0,0.0
2017-07-21 00:00:00+08:00,14.760000228881836,14.760000228881836,14.399999618530273,14.399999618530273,9293,0.0,0.0
2017-07-24 00:00:00+08:00,14.399999618530273,14.720000267028809,14.399999618530273,14.720000267028809,4287,0.0,0.0
2017-07-25 00:00:00+08:00,14.720000267028809,14.720000267028809,14.720000267028809,14.720000267028809,3102,0.0,0.0
2017-07-26 00:00:00+08:00,14.800000190734863,16.15999984741211,14.800000190734863,16.0,27487,0.0,0.0
2017-07-27 00:00:00+08:00,15.920000076293945,16.799999237060547,15.920000076293945,16.799999237060547,32611,0.0,0.0
2017-07-28 00:00:00+08:00,16.719999313354492,18.0,16.1200008392334,17.200000762939453,12522,0.0,0.0
2017-07-31 00:00:00+08:00,16.799999237060547,16.799999237060547,15.800000190734863,15.800000190734863,53043,0.0,0.0
2017-08-01 00:00:00+08:00,14.399999618530273,15.760000228881836,14.399999618530273,14.880000114440918,42020,0.0,0.0
2017-08-02 00:00:00+08:00,16.360000610351562,16.360000610351562,14.880000114440918,14.880000114440918,26897,0.0,0.0
2017-08-03 00:00:00+08:00,14.880000114440918,15.399999618530273,14.880000114440918,15.399999618530273,4000,0.0,0.0
2017-08-04 00:00:00+08:00,15.960000038146973,15.960000038146973,15.680000305175781,15.920000076293945,15403,0.0,0.0
2017-08-07 00:00:00+08:00,16.200000762939453,16.200000762939453,16.200000762939453,16.200000762939453,17490,0.0,0.0
2017-08-08 00:00:00+08:00,15.279999732971191,15.279999732971191,15.279999732971191,15.279999732971191,2180,0.0,0.0
2017-08-09 00:00:00+08:00,15.600000381469727,15.600000381469727,15.399999618530273,15.399999618530273,3793,0.0,0.0
2017-08-10 00:00:00+08:00,15.960000038146973,15.960000038146973,14.600000381469727,15.5600004196167,21000,0.0,0.0
2017-08-11 00:00:00+08:00,15.600000381469727,15.600000381469727,14.880000114440918,14.880000114440918,4587,0.0,0.0
2017-08-14 00:00:00+08:00,15.399999618530273,15.399999618530273,15.399999618530273,15.399999618530273,257,0.0,0.0
2017-08-15 00:00:00+08:00,16.399999618530273,16.399999618530273,15.960000038146973,15.960000038146973,4512,0.0,0.0
2017-08-16 00:00:00+08:00,15.960000038146973,15.960000038146973,14.880000114440918,15.920000076293945,3500,0.0,0.0
2017-08-17 00:00:00+08:00,15.920000076293945,15.920000076293945,15.920000076293945,15.920000076293945,1279,0.0,0.0
2017-08-18 00:00:00+08:00,15.119999885559082,15.920000076293945,15.119999885559082,15.880000114440918,3587,0.0,0.0
2017-08-21 00:00:00+08:00,15.079999923706055,15.199999809265137,15.079999923706055,15.199999809265137,12468,0.0,0.0
2017-08-22 00:00:00+08:00,14.880000114440918,15.199999809265137,14.880000114440918,15.199999809265137,2218,0.0,0.0
2017-08-23 00:00:00+08:00,14.84000015258789,14.880000114440918,14.84000015258789,14.880000114440918,28298,0.0,0.0
2017-08-24 00:00:00+08:00,14.880000114440918,14.880000114440918,14.880000114440918,14.880000114440918,320,0.0,0.0
2017-08-25 00:00:00+08:00,14.880000114440918,15.15999984741211,14.880000114440918,15.15999984741211,6723,0.0,0.0
2017-08-28 00:00:00+08:00,15.399999618530273,15.399999618530273,14.399999618530273,15.15999984741211,19411,0.0,0.0
2017-08-29 00:00:00+08:00,15.15999984741211,15.15999984741211,15.15999984741211,15.15999984741211,1750,0.0,0.0
2017-08-30 00:00:00+08:00,15.15999984741211,15.15999984741211,15.15999984741211,15.15999984741211,10506,0.0,0.0
2017-08-31 00:00:00+08:00,14.920000076293945,15.5600004196167,14.520000457763672,15.5600004196167,3060,0.0,0.0
2017-09-01 00:00:00+08:00,14.720000267028809,14.720000267028809,14.720000267028809,14.720000267028809,1940,0.0,0.0
2017-09-04 00:00:00+08:00,15.5600004196167,15.5600004196167,15.520000457763672,15.520000457763672,1987,0.0,0.0
2017-09-05 00:00:00+08:00,14.84000015258789,15.520000457763672,14.84000015258789,15.199999809265137,7269,0.0,0.0
2017-09-06 00:00:00+08:00,15.199999809265137,15.199999809265137,15.199999809265137,15.199999809265137,218,0.0,0.0
2017-09-07 00:00:00+08:00,15.239999771118164,16.0,15.239999771118164,15.600000381469727,16577,0.0,0.0
2017-09-08 00:00:00+08:00,15.600000381469727,16.719999313354492,15.600000381469727,16.719999313354492,21872,0.0,0.0
2017-09-11 00:00:00+08:00,17.8799991607666,18.360000610351562,17.0,17.0,88539,0.0,0.0
2017-09-12 00:00:00+08:00,15.319999694824219,17.0,15.319999694824219,16.959999084472656,18792,0.0,0.0
2017-09-13 00:00:00+08:00,16.959999084472656,16.959999084472656,16.799999237060547,16.799999237060547,21415,0.0,0.0
2017-09-14 00:00:00+08:00,16.799999237060547,16.799999237060547,16.0,16.799999237060547,13863,0.0,0.0
2017-09-15 00:00:00+08:00,16.600000381469727,16.799999237060547,16.600000381469727,16.799999237060547,7118,0.0,0.0
2017-09-18 00:00:00+08:00,16.799999237060547,16.799999237060547,16.600000381469727,16.600000381469727,4282,0.0,0.0
2017-09-19 00:00:00+08:00,16.799999237060547,16.799999237060547,16.040000915527344,16.040000915527344,7079,0.0,0.0
2017-09-20 00:00:00+08:00,16.079999923706055,16.079999923706055,16.079999923706055,16.079999923706055,22992,0.0,0.0
2017-09-21 00:00:00+08:00,16.200000762939453,16.399999618530273,16.200000762939453,16.399999618530273,8914,0.0,0.0
2017-09-22 00:00:00+08:00,16.0,17.600000381469727,16.0,17.600000381469727,8784,0.0,0.0
2017-09-25 00:00:00+08:00,16.799999237060547,16.799999237060547,16.799999237060547,16.799999237060547,5371,0.0,0.0
2017-09-26 00:00:00+08:00,17.920000076293945,17.920000076293945,17.600000381469727,17.600000381469727,43719,0.0,0.0
2017-09-27 00:00:00+08:00,17.200000762939453,18.0,17.200000762939453,18.0,21293,0.0,0.0
2017-09-28 00:00:00+08:00,18.0,18.799999237060547,18.0,18.719999313354492,64488,0.0,0.0
2017-09-29 00:00:00+08:00,18.639999389648438,20.559999465942383,18.639999389648438,18.799999237060547,99142,0.0,0.0
2017-10-02 00:00:00+08:00,18.040000915527344,19.399999618530273,18.040000915527344,18.200000762939453,26874,0.0,0.0
2017-10-03 00:00:00+08:00,19.0,19.0,18.399999618530273,18.399999618530273,25250,0.0,0.0
2017-10-05 00:00:00+08:00,19.0,19.0,18.399999618530273,18.479999542236328,11250,0.0,0.0
2017-10-06 00:00:00+08:00,19.399999618530273,19.399999618530273,18.559999465942383,19.0,20525,0.0,0.0
2017-10-11 00:00:00+08:00,20.8799991607666,20.8799991607666,17.15999984741211,19.200000762939453,16112,0.0,0.0
2017-10-12 00:00:00+08:00,18.440000534057617,18.479999542236328,18.31999969482422,18.31999969482422,26308,0.0,0.0
2017-10-13 00:00:00+08:00,18.0,18.31999969482422,18.0,18.31999969482422,11221,0.0,0.0
2017-10-16 00:00:00+08:00,19.200000762939453,19.200000762939453,18.0,18.719999313354492,11099,0.0,0.0
2017-10-17 00:00:00+08:00,18.040000915527344,18.31999969482422,18.040000915527344,18.239999771118164,9512,0.0,0.0
2017-10-18 00:00:00+08:00,18.079999923706055,18.079999923706055,17.799999237060547,18.0,18468,0.0,0.0
2017-10-19 00:00:00+08:00,17.84000015258789,17.8799991607666,17.84000015258789,17.8799991607666,28774,0.0,0.0
2017-10-20 00:00:00+08:00,17.399999618530273,17.639999389648438,17.399999618530273,17.639999389648438,2358,0.0,0.0
2017-10-23 00:00:00+08:00,18.0,18.0,18.0,18.0,3147,0.0,0.0
2017-10-24 00:00:00+08:00,18.399999618530273,18.799999237060547,18.0,18.0,4914,0.0,0.0
2017-10-25 00:00:00+08:00,18.0,18.799999237060547,18.0,18.799999237060547,4669,0.0,0.0
2017-10-26 00:00:00+08:00,18.799999237060547,18.799999237060547,17.239999771118164,18.799999237060547,12582,0.0,0.0
2017-10-27 00:00:00+08:00,18.84000015258789,18.84000015258789,18.0,18.0,26361,0.0,0.0
2017-10-30 00:00:00+08:00,18.200000762939453,18.200000762939453,18.0,18.0,5500,0.0,0.0
2017-10-31 00:00:00+08:00,17.479999542236328,18.0,17.479999542236328,17.799999237060547,6000,0.0,0.0
2017-11-01 00:00:00+08:00,19.520000457763672,19.520000457763672,18.200000762939453,18.200000762939453,12936,0.0,0.0
2017-11-02 00:00:00+08:00,18.200000762939453,18.200000762939453,18.200000762939453,18.200000762939453,313,0.0,0.0
2017-11-03 00:00:00+08:00,18.399999618530273,18.399999618530273,17.15999984741211,17.15999984741211,3480,0.0,0.0
2017-11-06 00:00:00+08:00,18.0,18.399999618530273,18.0,18.399999618530273,29337,0.0,0.0
2017-11-07 00:00:00+08:00,19.479999542236328,19.479999542236328,18.399999618530273,18.399999618530273,37298,0.0,0.0
2017-11-08 00:00:00+08:00,18.040000915527344,18.799999237060547,18.0,18.760000228881836,15687,0.0,0.0
2017-11-09 00:00:00+08:00,18.760000228881836,18.799999237060547,18.600000381469727,18.600000381469727,63289,0.0,0.0
2017-11-10 00:00:00+08:00,18.600000381469727,18.600000381469727,18.200000762939453,18.239999771118164,29337,0.0,0.0
2017-11-13 00:00:00+08:00,18.0,18.079999923706055,18.0,18.040000915527344,7852,0.0,0.0
2017-11-14 00:00:00+08:00,17.200000762939453,18.0,17.200000762939453,17.360000610351562,3270,0.0,0.0
2017-11-15 00:00:00+08:00,17.0,18.0,17.0,18.0,5064,0.0,0.0
2017-11-16 00:00:00+08:00,18.0,18.0,18.0,18.0,293,0.0,0.0
2017-11-17 00:00:00+08:00,18.0,18.0,18.0,18.0,75,0.0,0.0
2017-11-20 00:00:00+08:00,18.799999237060547,18.799999237060547,16.799999237060547,16.799999237060547,6937,0.0,0.0
2017-11-21 00:00:00+08:00,16.84000015258789,17.1200008392334,15.720000267028809,17.1200008392334,11377,0.0,0.0
2017-11-22 00:00:00+08:00,17.600000381469727,18.0,17.600000381469727,17.600000381469727,6579,0.0,0.0
2017-11-23 00:00:00+08:00,15.960000038146973,17.799999237060547,15.960000038146973,17.799999237060547,6087,0.0,0.0
2017-11-24 00:00:00+08:00,17.959999084472656,18.0,17.959999084472656,18.0,3750,0.0,0.0
2017-11-27 00:00:00+08:00,18.0,18.0,17.239999771118164,18.0,8311,0.0,0.0
2017-11-28 00:00:00+08:00,17.920000076293945,18.0,17.920000076293945,17.920000076293945,8505,0.0,0.0
2017-11-29 00:00:00+08:00,18.0,19.0,17.959999084472656,19.0,26300,0.0,0.0
2017-11-30 00:00:00+08:00,18.799999237060547,18.799999237060547,18.200000762939453,18.360000610351562,5096,0.0,0.0
2017-12-01 00:00:00+08:00,18.0,18.0,18.0,18.0,500,0.0,0.0
2017-12-04 00:00:00+08:00,18.0,18.0,18.0,18.0,4512,0.0,0.0
2017-12-05 00:00:00+08:00,17.239999771118164,17.280000686645508,17.239999771118164,17.239999771118164,6519,0.0,0.0
2017-12-06 00:00:00+08:00,17.600000381469727,17.600000381469727,17.520000457763672,17.520000457763672,1249,0.0,0.0
2017-12-07 00:00:00+08:00,16.040000915527344,16.1200008392334,16.040000915527344,16.1200008392334,15559,0.0,0.0
2017-12-08 00:00:00+08:00,16.1200008392334,16.1200008392334,16.079999923706055,16.079999923706055,4000,0.0,0.0
2017-12-11 00:00:00+08:00,16.079999923706055,16.079999923706055,16.079999923706055,16.079999923706055,1053,0.0,0.0
2017-12-12 00:00:00+08:00,16.079999923706055,16.079999923706055,16.079999923706055,16.079999923706055,0,0.0,0.0
2017-12-13 00:00:00+08:00,16.079999923706055,16.079999923706055,16.079999923706055,16.079999923706055,1250,0.0,0.0
2017-12-14 00:00:00+08:00,15.119999885559082,16.0,15.119999885559082,16.0,8500,0.0,0.0
2017-12-15 00:00:00+08:00,16.0,16.68000030517578,16.0,16.0,1750,0.0,0.0
2017-12-18 00:00:00+08:00,16.079999923706055,16.079999923706055,16.079999923706055,16.079999923706055,50,0.0,0.0
2017-12-19 00:00:00+08:00,16.0,16.0,14.920000076293945,16.0,12250,0.0,0.0
2017-12-20 00:00:00+08:00,16.239999771118164,16.479999542236328,16.239999771118164,16.440000534057617,11613,0.0,0.0
2017-12-21 00:00:00+08:00,16.399999618530273,16.399999618530273,16.079999923706055,16.079999923706055,1889,0.0,0.0
2017-12-22 00:00:00+08:00,15.279999732971191,16.0,15.279999732971191,16.0,2337,0.0,0.0
2017-12-25 00:00:00+08:00,16.0,16.0,15.680000305175781,16.0,2674,0.0,0.0
2017-12-26 00:00:00+08:00,16.0,16.0,16.0,16.0,0,0.0,0.0
2017-12-27 00:00:00+08:00,15.15999984741211,15.880000114440918,15.15999984741211,15.279999732971191,5842,0.0,0.0
2017-12-28 00:00:00+08:00,15.600000381469727,15.600000381469727,15.279999732971191,15.279999732971191,3587,0.0,0.0
2017-12-29 00:00:00+08:00,14.880000114440918,15.199999809265137,14.880000114440918,15.199999809265137,8253,0.0,0.0
2018-01-02 00:00:00+08:00,15.239999771118164,15.600000381469727,15.199999809265137,15.600000381469727,3793,0.0,0.0
2018-01-03 00:00:00+08:00,15.239999771118164,15.600000381469727,15.239999771118164,15.600000381469727,2504,0.0,0.0
2018-01-04 00:00:00+08:00,15.600000381469727,15.600000381469727,14.920000076293945,15.199999809265137,13378,0.0,0.0
2018-01-05 00:00:00+08:00,15.15999984741211,15.199999809265137,14.640000343322754,14.800000190734863,9214,0.0,0.0
2018-01-08 00:00:00+08:00,14.680000305175781,14.800000190734863,14.680000305175781,14.800000190734863,3664,0.0,0.0
2018-01-09 00:00:00+08:00,14.239999771118164,14.720000267028809,14.239999771118164,14.720000267028809,5500,0.0,0.0
2018-01-10 00:00:00+08:00,14.479999542236328,14.600000381469727,14.399999618530273,14.600000381469727,6000,0.0,0.0
2018-01-11 00:00:00+08:00,14.600000381469727,14.640000343322754,14.479999542236328,14.479999542236328,5750,0.0,0.0
2018-01-12 00:00:00+08:00,14.479999542236328,14.800000190734863,14.479999542236328,14.800000190734863,3250,0.0,0.0
2018-01-15 00:00:00+08:00,13.84000015258789,13.84000015258789,13.520000457763672,13.720000267028809,8525,0.0,0.0
2018-01-16 00:00:00+08:00,12.800000190734863,13.0,12.800000190734863,12.880000114440918,35500,0.0,0.0
2018-01-17 00:00:00+08:00,13.319999694824219,13.319999694824219,12.880000114440918,12.880000114440918,9250,0.0,0.0
2018-01-18 00:00:00+08:00,13.359999656677246,14.0,13.359999656677246,13.5600004196167,39996,0.0,0.0
2018-01-19 00:00:00+08:00,13.5600004196167,13.5600004196167,13.520000457763672,13.520000457763672,16837,0.0,0.0
2018-01-22 00:00:00+08:00,13.520000457763672,13.520000457763672,13.520000457763672,13.520000457763672,1500,0.0,0.0
2018-01-23 00:00:00+08:00,13.520000457763672,13.520000457763672,13.199999809265137,13.199999809265137,23146,0.0,0.0
2018-01-24 00:00:00+08:00,13.399999618530273,13.600000381469727,13.319999694824219,13.600000381469727,5512,0.0,0.0
2018-01-25 00:00:00+08:00,13.600000381469727,13.600000381469727,13.399999618530273,13.399999618530273,28332,0.0,0.0
2018-01-26 00:00:00+08:00,14.0,14.720000267028809,13.920000076293945,14.720000267028809,38087,0.0,0.0
2018-01-29 00:00:00+08:00,14.720000267028809,15.600000381469727,14.720000267028809,15.600000381469727,27243,0.0,0.0
2018-01-30 00:00:00+08:00,15.760000228881836,15.84000015258789,15.600000381469727,15.600000381469727,19433,0.0,0.0
2018-01-31 00:00:00+08:00,14.399999618530273,16.0,14.399999618530273,16.0,39394,0.0,0.0
2018-02-01 00:00:00+08:00,16.0,16.799999237060547,16.0,16.799999237060547,21389,0.0,0.0
2018-02-02 00:00:00+08:00,16.760000228881836,17.68000030517578,16.760000228881836,17.200000762939453,37587,0.0,0.0
2018-02-05 00:00:00+08:00,17.200000762939453,17.200000762939453,17.200000762939453,17.200000762939453,34712,0.0,0.0
2018-02-06 00:00:00+08:00,17.200000762939453,17.200000762939453,15.600000381469727,17.200000762939453,23552,0.0,0.0
2018-02-07 00:00:00+08:00,17.200000762939453,17.200000762939453,16.0,17.200000762939453,30012,0.0,0.0
2018-02-08 00:00:00+08:00,17.200000762939453,17.200000762939453,17.200000762939453,17.200000762939453,13000,0.0,0.0
2018-02-09 00:00:00+08:00,17.200000762939453,17.200000762939453,17.200000762939453,17.200000762939453,0,0.0,0.0
2018-02-12 00:00:00+08:00,16.799999237060547,17.600000381469727,16.799999237060547,17.600000381469727,49500,0.0,0.0
2018-02-21 00:00:00+08:00,17.600000381469727,19.040000915527344,17.600000381469727,19.040000915527344,33067,0.0,0.0
2018-02-22 00:00:00+08:00,18.799999237060547,19.600000381469727,18.440000534057617,19.600000381469727,32112,0.0,0.0
2018-02-23 00:00:00+08:00,19.600000381469727,19.600000381469727,18.639999389648438,18.639999389648438,14308,0.0,0.0
2018-02-26 00:00:00+08:00,18.639999389648438,18.639999389648438,18.639999389648438,18.639999389648438,10990,0.0,0.0
2018-02-27 00:00:00+08:00,19.600000381469727,19.600000381469727,18.479999542236328,18.479999542236328,5471,0.0,0.0
2018-03-01 00:00:00+08:00,16.8799991607666,18.399999618530273,16.8799991607666,18.280000686645508,2578,0.0,0.0
2018-03-02 00:00:00+08:00,17.360000610351562,17.360000610351562,16.8799991607666,16.920000076293945,4847,0.0,0.0
2018-03-05 00:00:00+08:00,18.15999984741211,18.15999984741211,16.920000076293945,16.920000076293945,10562,0.0,0.0
2018-03-06 00:00:00+08:00,17.0,17.399999618530273,17.0,17.0,13300,0.0,0.0
2018-03-07 00:00:00+08:00,17.0,17.399999618530273,16.079999923706055,16.920000076293945,14619,0.0,0.0
2018-03-08 00:00:00+08:00,16.280000686645508,17.399999618530273,16.280000686645508,17.31999969482422,20902,0.0,0.0
2018-03-09 00:00:00+08:00,19.040000915527344,19.040000915527344,16.84000015258789,17.040000915527344,5230,0.0,0.0
2018-03-12 00:00:00+08:00,15.680000305175781,16.399999618530273,15.680000305175781,16.399999618530273,6850,0.0,0.0
2018-03-13 00:00:00+08:00,16.1200008392334,16.1200008392334,16.040000915527344,16.079999923706055,8110,0.0,0.0
2018-03-14 00:00:00+08:00,16.079999923706055,16.15999984741211,16.079999923706055,16.15999984741211,19042,0.0,0.0
2018-03-15 00:00:00+08:00,16.040000915527344,16.040000915527344,16.040000915527344,16.040000915527344,6829,0.0,0.0
2018-03-16 00:00:00+08:00,16.760000228881836,16.760000228881836,16.079999923706055,16.079999923706055,3750,0.0,0.0
2018-03-19 00:00:00+08:00,16.079999923706055,16.079999923706055,16.0,16.0,8750,0.0,0.0
2018-03-20 00:00:00+08:00,16.719999313354492,16.719999313354492,16.399999618530273,16.399999618530273,15329,0.0,0.0
2018-03-21 00:00:00+08:00,16.31999969482422,16.399999618530273,16.079999923706055,16.079999923706055,9968,0.0,0.0
2018-03-22 00:00:00+08:00,16.079999923706055,16.079999923706055,16.0,16.0,4793,0.0,0.0
2018-03-23 00:00:00+08:00,15.600000381469727,15.600000381469727,15.0,15.039999961853027,11414,0.0,0.0
2018-03-26 00:00:00+08:00,15.0,15.0,15.0,15.0,365,0.0,0.0
2018-03-27 00:00:00+08:00,14.760000228881836,14.760000228881836,14.760000228881836,14.760000228881836,1510,0.0,0.0
2018-03-28 00:00:00+08:00,14.760000228881836,16.200000762939453,14.760000228881836,15.399999618530273,13551,0.0,0.0
2018-03-29 00:00:00+08:00,16.719999313354492,16.719999313354492,15.680000305175781,15.680000305175781,5774,0.0,0.0
2018-03-30 00:00:00+08:00,15.920000076293945,15.920000076293945,15.279999732971191,15.279999732971191,2500,0.0,0.0
2018-04-02 00:00:00+08:00,16.399999618530273,16.399999618530273,16.399999618530273,16.399999618530273,5820,0.0,0.0
2018-04-03 00:00:00+08:00,16.399999618530273,16.399999618530273,15.0,16.15999984741211,22625,0.0,0.0
2018-04-09 00:00:00+08:00,15.520000457763672,15.960000038146973,15.520000457763672,15.5600004196167,6480,0.0,0.0
2018-04-10 00:00:00+08:00,15.600000381469727,16.280000686645508,15.600000381469727,15.680000305175781,5540,0.0,0.0
2018-04-11 00:00:00+08:00,15.680000305175781,15.680000305175781,15.680000305175781,15.680000305175781,1814,0.0,0.0
2018-04-12 00:00:00+08:00,15.4399995803833,15.680000305175781,15.4399995803833,15.680000305175781,4282,0.0,0.0
2018-04-13 00:00:00+08:00,15.680000305175781,16.280000686645508,15.680000305175781,16.280000686645508,4375,0.0,0.0
2018-04-16 00:00:00+08:00,16.399999618530273,16.399999618530273,15.680000305175781,16.0,15752,0.0,0.0
2018-04-17 00:00:00+08:00,16.31999969482422,16.440000534057617,16.0,16.440000534057617,15250,0.0,0.0
2018-04-18 00:00:00+08:00,16.479999542236328,18.079999923706055,16.479999542236328,18.079999923706055,54968,0.0,0.0
2018-04-19 00:00:00+08:00,18.799999237060547,19.8799991607666,18.799999237060547,18.799999237060547,125532,0.0,0.0
2018-04-20 00:00:00+08:00,18.84000015258789,18.84000015258789,16.920000076293945,18.84000015258789,59500,0.0,0.0
2018-04-23 00:00:00+08:00,19.600000381469727,19.600000381469727,19.440000534057617,19.440000534057617,6450,0.0,0.0
2018-04-24 00:00:00+08:00,19.440000534057617,20.0,18.399999618530273,19.079999923706055,23513,0.0,0.0
2018-04-25 00:00:00+08:00,18.31999969482422,20.0,18.31999969482422,19.360000610351562,20250,0.0,0.0
2018-04-26 00:00:00+08:00,19.959999084472656,19.959999084472656,18.440000534057617,18.600000381469727,4250,0.0,0.0
2018-04-27 00:00:00+08:00,18.0,18.600000381469727,18.0,18.600000381469727,2812,0.0,0.0
2018-04-30 00:00:00+08:00,19.799999237060547,19.799999237060547,18.15999984741211,18.15999984741211,7075,0.0,0.0
2018-05-02 00:00:00+08:00,19.1200008392334,19.1200008392334,18.799999237060547,18.799999237060547,1250,0.0,0.0
2018-05-03 00:00:00+08:00,17.8799991607666,19.479999542236328,17.68000030517578,19.479999542236328,2750,0.0,0.0
2018-05-04 00:00:00+08:00,19.479999542236328,19.479999542236328,19.479999542236328,19.479999542236328,0,0.0,0.0
2018-05-07 00:00:00+08:00,18.040000915527344,19.8799991607666,18.040000915527344,19.8799991607666,3252,0.0,0.0
2018-05-08 00:00:00+08:00,18.68000030517578,18.68000030517578,18.68000030517578,18.68000030517578,8793,0.0,0.0
2018-05-09 00:00:00+08:00,17.200000762939453,18.239999771118164,17.040000915527344,18.239999771118164,2936,0.0,0.0
2018-05-10 00:00:00+08:00,17.15999984741211,17.440000534057617,17.15999984741211,17.440000534057617,1000,0.0,0.0
2018-05-11 00:00:00+08:00,17.440000534057617,17.440000534057617,17.440000534057617,17.440000534057617,176,0.0,0.0
2018-05-14 00:00:00+08:00,15.720000267028809,15.920000076293945,15.720000267028809,15.800000190734863,9498,0.0,0.0
2018-05-15 00:00:00+08:00,15.800000190734863,15.800000190734863,15.800000190734863,15.800000190734863,0,0.0,0.0
2018-05-16 00:00:00+08:00,15.800000190734863,15.800000190734863,15.800000190734863,15.800000190734863,2626,0.0,0.0
2018-05-17 00:00:00+08:00,16.760000228881836,16.760000228881836,16.760000228881836,16.760000228881836,10164,0.0,0.0
2018-05-18 00:00:00+08:00,17.959999084472656,17.959999084472656,15.600000381469727,15.600000381469727,5000,0.0,0.0
2018-05-21 00:00:00+08:00,16.760000228881836,16.799999237060547,16.760000228881836,16.799999237060547,2275,0.0,0.0
2018-05-22 00:00:00+08:00,16.040000915527344,16.040000915527344,16.0,16.0,1250,0.0,0.0
2018-05-23 00:00:00+08:00,15.600000381469727,15.600000381469727,15.600000381469727,15.600000381469727,6164,0.0,0.0
2018-05-24 00:00:00+08:00,14.920000076293945,16.719999313354492,14.920000076293945,16.719999313354492,502,0.0,0.0
2018-05-25 00:00:00+08:00,15.960000038146973,15.960000038146973,15.960000038146973,15.960000038146973,750,0.0,0.0
2018-05-28 00:00:00+08:00,16.0,16.0,16.0,16.0,5405,0.0,0.0
2018-05-29 00:00:00+08:00,16.0,16.040000915527344,15.239999771118164,15.239999771118164,10207,0.0,0.0
2018-05-30 00:00:00+08:00,14.399999618530273,16.0,14.399999618530273,15.960000038146973,18682,0.0,0.0
2018-05-31 00:00:00+08:00,16.760000228881836,16.760000228881836,15.4399995803833,15.880000114440918,9840,0.0,0.0
2018-06-01 00:00:00+08:00,16.799999237060547,16.799999237060547,16.0,16.0,10003,0.0,0.0
2018-06-04 00:00:00+08:00,16.799999237060547,17.0,16.040000915527344,16.799999237060547,19503,0.0,0.0
2018-06-05 00:00:00+08:00,17.200000762939453,17.200000762939453,16.440000534057617,16.440000534057617,6968,0.0,0.0
2018-06-06 00:00:00+08:00,16.0,16.479999542236328,16.0,16.479999542236328,11179,0.0,0.0
2018-06-07 00:00:00+08:00,17.200000762939453,17.200000762939453,16.200000762939453,16.520000457763672,10552,0.0,0.0
2018-06-08 00:00:00+08:00,16.0,16.760000228881836,16.0,16.600000381469727,10826,0.0,0.0
2018-06-11 00:00:00+08:00,16.440000534057617,16.440000534057617,16.440000534057617,16.440000534057617,2587,0.0,0.0
2018-06-12 00:00:00+08:00,17.15999984741211,17.200000762939453,16.479999542236328,17.200000762939453,20008,0.0,0.0
2018-06-13 00:00:00+08:00,18.920000076293945,18.920000076293945,18.399999618530273,18.520000457763672,43755,0.0,0.0
2018-06-14 00:00:00+08:00,18.799999237060547,19.0,18.799999237060547,18.799999237060547,31168,0.0,0.0
2018-06-15 00:00:00+08:00,19.8799991607666,19.8799991607666,18.479999542236328,18.799999237060547,33867,0.0,0.0
2018-06-19 00:00:00+08:00,18.0,18.0,17.31999969482422,17.31999969482422,4748,0.0,0.0
2018-06-20 00:00:00+08:00,16.440000534057617,17.31999969482422,16.440000534057617,16.520000457763672,6287,0.0,0.0
2018-06-21 00:00:00+08:00,17.559999465942383,17.559999465942383,17.200000762939453,17.200000762939453,9663,0.0,0.0
2018-06-22 00:00:00+08:00,17.0,17.200000762939453,17.0,17.200000762939453,5500,0.0,0.0
2018-06-25 00:00:00+08:00,16.200000762939453,17.200000762939453,16.200000762939453,17.200000762939453,4000,0.0,0.0
2018-06-26 00:00:00+08:00,16.479999542236328,18.0,16.479999542236328,17.959999084472656,14292,0.0,0.0
2018-06-27 00:00:00+08:00,19.079999923706055,19.079999923706055,17.799999237060547,18.600000381469727,11008,0.0,0.0
2018-06-28 00:00:00+08:00,18.600000381469727,18.600000381469727,18.0,18.0,19300,0.0,0.0
2018-06-29 00:00:00+08:00,17.719999313354492,18.200000762939453,17.719999313354492,18.0,5205,0.0,0.0
2018-07-02 00:00:00+08:00,19.799999237060547,19.799999237060547,18.040000915527344,18.040000915527344,21751,0.0,0.0
2018-07-03 00:00:00+08:00,17.0,18.15999984741211,17.0,17.600000381469727,13250,0.0,0.0
2018-07-04 00:00:00+08:00,17.600000381469727,17.600000381469727,16.719999313354492,16.799999237060547,2750,0.0,0.0
2018-07-05 00:00:00+08:00,16.799999237060547,18.200000762939453,16.799999237060547,16.84000015258789,7925,0.0,0.0
2018-07-06 00:00:00+08:00,18.520000457763672,18.520000457763672,17.31999969482422,17.31999969482422,101249,0.0,0.0
2018-07-09 00:00:00+08:00,16.799999237060547,17.0,16.799999237060547,17.0,1500,0.0,0.0
2018-07-10 00:00:00+08:00,17.8799991607666,17.8799991607666,17.8799991607666,17.8799991607666,3047,0.0,0.0
2018-07-11 00:00:00+08:00,16.84000015258789,17.799999237060547,16.84000015258789,17.079999923706055,2000,0.0,0.0
2018-07-12 00:00:00+08:00,17.200000762939453,18.239999771118164,17.200000762939453,18.200000762939453,4631,0.0,0.0
2018-07-13 00:00:00+08:00,19.200000762939453,19.200000762939453,18.200000762939453,18.200000762939453,21805,0.0,0.0
2018-07-16 00:00:00+08:00,18.399999618530273,18.399999618530273,18.399999618530273,18.399999618530273,1250,0.0,0.0
2018-07-17 00:00:00+08:00,18.799999237060547,20.0,18.799999237060547,19.0,45025,0.0,0.0
2018-07-18 00:00:00+08:00,19.959999084472656,19.959999084472656,17.559999465942383,18.719999313354492,23299,0.0,0.0
2018-07-19 00:00:00+08:00,17.84000015258789,17.8799991607666,17.799999237060547,17.8799991607666,7250,0.0,0.0
2018-07-20 00:00:00+08:00,17.68000030517578,18.360000610351562,17.68000030517578,17.68000030517578,27000,0.0,0.0
2018-07-23 00:00:00+08:00,18.200000762939453,18.200000762939453,18.200000762939453,18.200000762939453,15,0.0,0.0
2018-07-24 00:00:00+08:00,17.68000030517578,17.68000030517578,17.68000030517578,17.68000030517578,1837,0.0,0.0
2018-07-25 00:00:00+08:00,16.719999313354492,17.600000381469727,16.719999313354492,17.600000381469727,2429,0.0,0.0
2018-07-26 00:00:00+08:00,17.600000381469727,17.600000381469727,17.600000381469727,17.600000381469727,500,0.0,0.0
2018-07-27 00:00:00+08:00,17.600000381469727,17.600000381469727,17.600000381469727,17.600000381469727,9255,0.0,0.0
2018-07-30 00:00:00+08:00,17.600000381469727,17.600000381469727,17.600000381469727,17.600000381469727,889,0.0,0.0
2018-07-31 00:00:00+08:00,17.520000457763672,17.520000457763672,17.520000457763672,17.520000457763672,55,0.0,0.0
2018-08-01 00:00:00+08:00,16.440000534057617,18.600000381469727,16.440000534057617,17.399999618530273,6500,0.0,0.0
2018-08-02 00:00:00+08:00,17.200000762939453,17.600000381469727,17.200000762939453,17.600000381469727,3125,0.0,0.0
2018-08-03 00:00:00+08:00,17.600000381469727,17.600000381469727,17.239999771118164,17.600000381469727,1577,0.0,0.0
2018-08-06 00:00:00+08:00,17.600000381469727,17.600000381469727,17.600000381469727,17.600000381469727,500,0.0,0.0
2018-08-07 00:00:00+08:00,16.84000015258789,16.84000015258789,16.84000015258789,16.84000015258789,2000,0.0,0.0
2018-08-08 00:00:00+08:00,16.520000457763672,16.520000457763672,16.520000457763672,16.520000457763672,2526,0.0,0.0
2018-08-09 00:00:00+08:00,16.760000228881836,16.760000228881836,16.760000228881836,16.760000228881836,169,0.0,0.0
2018-08-10 00:00:00+08:00,17.200000762939453,17.200000762939453,17.200000762939453,17.200000762939453,2406,0.0,0.0
2018-08-13 00:00:00+08:00,18.0,18.0,18.0,18.0,3087,0.0,0.0
2018-08-14 00:00:00+08:00,16.84000015258789,18.200000762939453,16.84000015258789,18.200000762939453,1804,0.0,0.0
2018-08-15 00:00:00+08:00,16.68000030517578,17.31999969482422,16.68000030517578,17.239999771118164,6812,0.0,0.0
2018-08-16 00:00:00+08:00,17.600000381469727,17.600000381469727,17.600000381469727,17.600000381469727,1063,0.0,0.0
2018-08-17 00:00:00+08:00,16.200000762939453,17.559999465942383,16.200000762939453,17.520000457763672,8527,0.0,0.0
2018-08-20 00:00:00+08:00,16.68000030517578,16.68000030517578,16.68000030517578,16.68000030517578,500,0.0,0.0
2018-08-21 00:00:00+08:00,16.200000762939453,16.68000030517578,16.200000762939453,16.68000030517578,4250,0.0,0.0
2018-08-22 00:00:00+08:00,16.68000030517578,16.68000030517578,16.68000030517578,16.68000030517578,1162,0.0,0.0
2018-08-23 00:00:00+08:00,16.68000030517578,16.68000030517578,16.68000030517578,16.68000030517578,0,0.0,0.0
2018-08-24 00:00:00+08:00,15.520000457763672,15.520000457763672,15.520000457763672,15.520000457763672,2750,0.0,0.0
2018-08-27 00:00:00+08:00,16.639999389648438,16.639999389648438,16.639999389648438,16.639999389648438,1250,0.0,0.0
2018-08-28 00:00:00+08:00,16.760000228881836,16.760000228881836,16.760000228881836,16.760000228881836,3956,0.0,0.0
2018-08-29 00:00:00+08:00,16.760000228881836,16.760000228881836,16.760000228881836,16.760000228881836,53,0.0,0.0
2018-08-30 00:00:00+08:00,16.760000228881836,16.760000228881836,16.760000228881836,16.760000228881836,0,0.0,0.0
2018-08-31 00:00:00+08:00,16.1200008392334,16.1200008392334,16.1200008392334,16.1200008392334,864,0.0,0.0
2018-09-03 00:00:00+08:00,16.799999237060547,16.799999237060547,16.0,16.0,5134,0.0,0.0
2018-09-04 00:00:00+08:00,16.0,16.0,16.0,16.0,0,0.0,0.0
2018-09-05 00:00:00+08:00,16.0,16.0,16.0,16.0,0,0.0,0.0
2018-09-06 00:00:00+08:00,16.040000915527344,16.200000762939453,15.4399995803833,16.200000762939453,4891,0.0,0.0
2018-09-07 00:00:00+08:00,15.720000267028809,15.720000267028809,14.84000015258789,15.199999809265137,9275,0.0,0.0
2018-09-10 00:00:00+08:00,14.239999771118164,14.239999771118164,13.800000190734863,13.800000190734863,5000,0.0,0.0
2018-09-11 00:00:00+08:00,13.279999732971191,14.319999694824219,13.279999732971191,14.279999732971191,2750,0.0,0.0
2018-09-12 00:00:00+08:00,14.399999618530273,14.399999618530273,14.399999618530273,14.399999618530273,3389,0.0,0.0
2018-09-13 00:00:00+08:00,14.399999618530273,14.399999618530273,14.399999618530273,14.399999618530273,0,0.0,0.0
2018-09-14 00:00:00+08:00,14.0,14.039999961853027,14.0,14.039999961853027,6750,0.0,0.0
2018-09-17 00:00:00+08:00,14.0,14.039999961853027,14.0,14.039999961853027,7524,0.0,0.0
2018-09-18 00:00:00+08:00,14.039999961853027,14.039999961853027,14.039999961853027,14.039999961853027,7500,0.0,0.0
2018-09-19 00:00:00+08:00,14.039999961853027,14.039999961853027,13.079999923706055,14.039999961853027,7775,0.0,0.0
2018-09-20 00:00:00+08:00,14.039999961853027,14.039999961853027,14.039999961853027,14.039999961853027,0,0.0,0.0
2018-09-21 00:00:00+08:00,15.0,15.0,15.0,15.0,2500,0.0,0.0
2018-09-25 00:00:00+08:00,14.039999961853027,14.039999961853027,14.039999961853027,14.039999961853027,2043,0.0,0.0
2018-09-26 00:00:00+08:00,13.239999771118164,13.680000305175781,13.239999771118164,13.680000305175781,11750,0.0,0.0
2018-09-27 00:00:00+08:00,13.920000076293945,13.960000038146973,13.920000076293945,13.960000038146973,3889,0.0,0.0
2018-09-28 00:00:00+08:00,13.960000038146973,13.960000038146973,13.960000038146973,13.960000038146973,3250,0.0,0.0
2018-10-01 00:00:00+08:00,13.279999732971191,13.279999732971191,13.279999732971191,13.279999732971191,500,0.0,0.0
2018-10-02 00:00:00+08:00,13.279999732971191,13.279999732971191,13.279999732971191,13.279999732971191,0,0.0,0.0
2018-10-03 00:00:00+08:00,13.600000381469727,13.600000381469727,13.600000381469727,13.600000381469727,543,0.0,0.0
2018-10-04 00:00:00+08:00,13.279999732971191,13.279999732971191,13.279999732971191,13.279999732971191,4500,0.0,0.0
2018-10-05 00:00:00+08:00,13.199999809265137,13.84000015258789,12.5600004196167,12.800000190734863,5500,0.0,0.0
2018-10-08 00:00:00+08:00,12.84000015258789,12.84000015258789,12.84000015258789,12.84000015258789,1250,0.0,0.0
2018-10-09 00:00:00+08:00,13.0,13.039999961853027,12.800000190734863,12.800000190734863,3750,0.0,0.0
2018-10-11 00:00:00+08:00,11.880000114440918,12.119999885559082,11.880000114440918,12.119999885559082,7042,0.0,0.0
2018-10-12 00:00:00+08:00,11.239999771118164,11.4399995803833,11.239999771118164,11.4399995803833,5750,0.0,0.0
2018-10-15 00:00:00+08:00,12.359999656677246,12.359999656677246,12.319999694824219,12.359999656677246,4055,0.0,0.0
2018-10-16 00:00:00+08:00,13.199999809265137,13.199999809265137,12.520000457763672,12.520000457763672,2250,0.0,0.0
2018-10-17 00:00:00+08:00,13.199999809265137,13.199999809265137,12.359999656677246,12.359999656677246,5865,0.0,0.0
2018-10-18 00:00:00+08:00,12.760000228881836,12.760000228881836,12.760000228881836,12.760000228881836,1250,0.0,0.0
2018-10-19 00:00:00+08:00,11.84000015258789,12.319999694824219,11.84000015258789,11.84000015258789,8914,0.0,0.0
2018-10-22 00:00:00+08:00,12.720000267028809,12.720000267028809,11.600000381469727,11.600000381469727,5500,0.0,0.0
2018-10-23 00:00:00+08:00,12.0,12.0,10.84000015258789,10.880000114440918,23704,0.0,0.0
2018-10-24 00:00:00+08:00,11.199999809265137,11.199999809265137,11.199999809265137,11.199999809265137,15000,0.0,0.0
2018-10-25 00:00:00+08:00,11.520000457763672,11.520000457763672,10.079999923706055,10.079999923706055,30000,0.0,0.0
2018-10-26 00:00:00+08:00,10.079999923706055,10.640000343322754,10.079999923706055,10.640000343322754,752,0.0,0.0
2018-10-29 00:00:00+08:00,10.640000343322754,10.640000343322754,10.640000343322754,10.640000343322754,0,0.0,0.0
2018-10-30 00:00:00+08:00,10.640000343322754,10.640000343322754,10.640000343322754,10.640000343322754,0,0.0,0.0
2018-10-31 00:00:00+08:00,10.640000343322754,10.640000343322754,10.640000343322754,10.640000343322754,218,0.0,0.0
2018-11-01 00:00:00+08:00,10.640000343322754,10.640000343322754,10.640000343322754,10.640000343322754,0,0.0,0.0
2018-11-02 00:00:00+08:00,10.800000190734863,11.199999809265137,10.800000190734863,11.199999809265137,2500,0.0,0.0
2018-11-05 00:00:00+08:00,11.399999618530273,11.399999618530273,11.399999618530273,11.399999618530273,2500,0.0,0.0
2018-11-06 00:00:00+08:00,12.079999923706055,12.079999923706055,12.079999923706055,12.079999923706055,250,0.0,0.0
2018-11-07 00:00:00+08:00,12.079999923706055,12.079999923706055,12.079999923706055,12.079999923706055,0,0.0,0.0
2018-11-08 00:00:00+08:00,12.0,12.0,12.0,12.0,6300,0.0,0.0
2018-11-09 00:00:00+08:00,12.0,12.0,12.0,12.0,0,0.0,0.0
2018-11-12 00:00:00+08:00,12.0,12.0,12.0,12.0,0,0.0,0.0
2018-11-13 00:00:00+08:00,12.0,12.0,12.0,12.0,0,0.0,0.0
2018-11-14 00:00:00+08:00,12.0,12.0,12.0,12.0,43,0.0,0.0
2018-11-15 00:00:00+08:00,12.0,12.0,12.0,12.0,1000,0.0,0.0
2018-11-16 00:00:00+08:00,12.0,12.0,12.0,12.0,0,0.0,0.0
2018-11-19 00:00:00+08:00,12.0,12.0,12.0,12.0,12,0.0,0.0
2018-11-20 00:00:00+08:00,12.0,12.0,12.0,12.0,1250,0.0,0.0
2018-11-21 00:00:00+08:00,12.0,12.0,12.0,12.0,0,0.0,0.0
2018-11-22 00:00:00+08:00,12.0,12.0,11.600000381469727,11.960000038146973,9079,0.0,0.0
2018-11-23 00:00:00+08:00,11.960000038146973,11.960000038146973,11.960000038146973,11.960000038146973,178,0.0,0.0
2018-11-26 00:00:00+08:00,11.0,11.0,11.0,11.0,3006,0.0,0.0
2018-11-27 00:00:00+08:00,10.640000343322754,11.0,10.640000343322754,11.0,3033,0.0,0.0
2018-11-28 00:00:00+08:00,10.640000343322754,10.760000228881836,10.640000343322754,10.760000228881836,559,0.0,0.0
2018-11-29 00:00:00+08:00,11.199999809265137,11.199999809265137,11.199999809265137,11.199999809265137,750,0.0,0.0
2018-11-30 00:00:00+08:00,11.960000038146973,11.960000038146973,11.960000038146973,11.960000038146973,508,0.0,0.0
2018-12-03 00:00:00+08:00,11.079999923706055,11.079999923706055,11.079999923706055,11.079999923706055,508,0.0,0.0
2018-12-04 00:00:00+08:00,11.960000038146973,12.15999984741211,11.960000038146973,12.15999984741211,6221,0.0,0.0
2018-12-05 00:00:00+08:00,13.0,13.359999656677246,13.0,13.359999656677246,8032,0.0,0.0
2018-12-06 00:00:00+08:00,14.0,14.680000305175781,14.0,14.399999618530273,26531,0.0,0.0
2018-12-07 00:00:00+08:00,14.399999618530273,14.680000305175781,14.399999618530273,14.680000305175781,1511,0.0,0.0
2018-12-10 00:00:00+08:00,14.680000305175781,14.920000076293945,14.680000305175781,14.920000076293945,7262,0.0,0.0
2018-12-11 00:00:00+08:00,14.800000190734863,14.800000190734863,14.720000267028809,14.720000267028809,3468,0.0,0.0
2018-12-12 00:00:00+08:00,14.680000305175781,14.680000305175781,14.680000305175781,14.680000305175781,2250,0.0,0.0
2018-12-13 00:00:00+08:00,14.640000343322754,14.640000343322754,14.640000343322754,14.640000343322754,198,0.0,0.0
2018-12-14 00:00:00+08:00,14.640000343322754,14.640000343322754,13.800000190734863,14.640000343322754,1250,0.0,0.0
2018-12-17 00:00:00+08:00,13.600000381469727,13.680000305175781,13.319999694824219,13.319999694824219,7500,0.0,0.0
2018-12-18 00:00:00+08:00,12.199999809265137,13.119999885559082,12.199999809265137,13.119999885559082,1500,0.0,0.0
2018-12-19 00:00:00+08:00,13.079999923706055,13.079999923706055,13.079999923706055,13.079999923706055,9,0.0,0.0
2018-12-20 00:00:00+08:00,12.039999961853027,13.079999923706055,12.039999961853027,13.079999923706055,3138,0.0,0.0
2018-12-21 00:00:00+08:00,12.199999809265137,12.760000228881836,12.199999809265137,12.239999771118164,2000,0.0,0.0
2018-12-24 00:00:00+08:00,12.239999771118164,12.239999771118164,12.199999809265137,12.199999809265137,800,0.0,0.0
2018-12-25 00:00:00+08:00,12.199999809265137,12.199999809265137,12.199999809265137,12.199999809265137,0,0.0,0.0
2018-12-26 00:00:00+08:00,11.4399995803833,12.0,11.4399995803833,12.0,2000,0.0,0.0
2018-12-27 00:00:00+08:00,12.0,12.0,12.0,12.0,2500,0.0,0.0
2018-12-28 00:00:00+08:00,12.0,12.0,12.0,12.0,1250,0.0,0.0
2019-01-02 00:00:00+08:00,12.0,12.0,12.0,12.0,0,0.0,0.0
2019-01-03 00:00:00+08:00,12.0,12.0,12.0,12.0,0,0.0,0.0
2019-01-04 00:00:00+08:00,12.5600004196167,12.5600004196167,12.5600004196167,12.5600004196167,14750,0.0,0.0
2019-01-07 00:00:00+08:00,12.399999618530273,12.399999618530273,11.640000343322754,11.640000343322754,750,0.0,0.0
2019-01-08 00:00:00+08:00,11.640000343322754,11.640000343322754,11.640000343322754,11.640000343322754,0,0.0,0.0
2019-01-09 00:00:00+08:00,11.640000343322754,11.640000343322754,11.640000343322754,11.640000343322754,0,0.0,0.0
2019-01-10 00:00:00+08:00,12.0,12.0,12.0,12.0,1250,0.0,0.0
2019-01-11 00:00:00+08:00,12.0,12.0,12.0,12.0,2070,0.0,0.0
2019-01-14 00:00:00+08:00,12.0,12.0,12.0,12.0,5,0.0,0.0
2019-01-15 00:00:00+08:00,11.4399995803833,12.279999732971191,11.4399995803833,12.279999732971191,500,0.0,0.0
2019-01-16 00:00:00+08:00,12.279999732971191,12.279999732971191,12.279999732971191,12.279999732971191,0,0.0,0.0
2019-01-17 00:00:00+08:00,11.640000343322754,11.800000190734863,11.640000343322754,11.800000190734863,1000,0.0,0.0
2019-01-18 00:00:00+08:00,10.880000114440918,11.920000076293945,10.880000114440918,11.600000381469727,29396,0.0,0.0
2019-01-21 00:00:00+08:00,11.5600004196167,11.5600004196167,11.5600004196167,11.5600004196167,1143,0.0,0.0
2019-01-22 00:00:00+08:00,11.079999923706055,11.079999923706055,11.079999923706055,11.079999923706055,2510,0.0,0.0
2019-01-23 00:00:00+08:00,11.079999923706055,11.079999923706055,11.079999923706055,11.079999923706055,250,0.0,0.0
2019-01-24 00:00:00+08:00,10.4399995803833,11.199999809265137,10.4399995803833,11.199999809265137,8000,0.0,0.0
2019-01-25 00:00:00+08:00,11.760000228881836,11.760000228881836,11.760000228881836,11.760000228881836,1025,0.0,0.0
2019-01-28 00:00:00+08:00,11.760000228881836,11.760000228881836,11.760000228881836,11.760000228881836,0,0.0,0.0
2019-01-29 00:00:00+08:00,11.760000228881836,11.760000228881836,11.760000228881836,11.760000228881836,174,0.0,0.0
2019-01-30 00:00:00+08:00,11.760000228881836,11.760000228881836,11.760000228881836,11.760000228881836,87,0.0,0.0
2019-02-11 00:00:00+08:00,11.760000228881836,11.760000228881836,11.760000228881836,11.760000228881836,206,0.0,0.0
2019-02-12 00:00:00+08:00,12.640000343322754,12.640000343322754,11.039999961853027,11.960000038146973,4674,0.0,0.0
2019-02-13 00:00:00+08:00,11.239999771118164,11.4399995803833,11.239999771118164,11.4399995803833,3218,0.0,0.0
2019-02-14 00:00:00+08:00,11.4399995803833,12.0,11.4399995803833,12.0,1250,0.0,0.0
2019-02-15 00:00:00+08:00,11.279999732971191,11.279999732971191,11.279999732971191,11.279999732971191,1336,0.0,0.0
2019-02-18 00:00:00+08:00,11.520000457763672,11.520000457763672,10.920000076293945,11.520000457763672,2835,0.0,0.0
2019-02-19 00:00:00+08:00,12.0,12.0,12.0,12.0,1098,0.0,0.0
2019-02-20 00:00:00+08:00,11.119999885559082,12.0,11.119999885559082,12.0,3596,0.0,0.0
2019-02-21 00:00:00+08:00,11.239999771118164,13.039999961853027,11.239999771118164,12.84000015258789,7130,0.0,0.0
2019-02-22 00:00:00+08:00,13.800000190734863,13.800000190734863,13.319999694824219,13.319999694824219,10000,0.0,0.0
2019-02-25 00:00:00+08:00,14.239999771118164,14.239999771118164,12.239999771118164,13.5600004196167,4779,0.0,0.0
2019-02-26 00:00:00+08:00,13.600000381469727,13.600000381469727,12.800000190734863,12.800000190734863,7750,0.0,0.0
2019-02-27 00:00:00+08:00,12.399999618530273,12.399999618530273,12.399999618530273,12.399999618530273,250,0.0,0.0
2019-03-04 00:00:00+08:00,13.15999984741211,13.15999984741211,12.399999618530273,12.399999618530273,3250,0.0,0.0
2019-03-05 00:00:00+08:00,11.239999771118164,11.4399995803833,11.239999771118164,11.4399995803833,4000,0.0,0.0
2019-03-06 00:00:00+08:00,10.84000015258789,12.039999961853027,10.84000015258789,12.039999961853027,2999,0.0,0.0
2019-03-07 00:00:00+08:00,12.359999656677246,12.359999656677246,11.800000190734863,11.800000190734863,2750,0.0,0.0
2019-03-08 00:00:00+08:00,11.199999809265137,12.0,11.199999809265137,12.0,2728,0.0,0.0
2019-03-11 00:00:00+08:00,12.039999961853027,12.039999961853027,12.039999961853027,12.039999961853027,2537,0.0,0.0
2019-03-12 00:00:00+08:00,11.399999618530273,12.039999961853027,11.399999618530273,12.0,1262,0.0,0.0
2019-03-13 00:00:00+08:00,11.800000190734863,12.079999923706055,11.800000190734863,12.079999923706055,3572,0.0,0.0
2019-03-14 00:00:00+08:00,11.239999771118164,11.960000038146973,11.239999771118164,11.960000038146973,4534,0.0,0.0
2019-03-15 00:00:00+08:00,11.960000038146973,11.960000038146973,11.960000038146973,11.960000038146973,1793,0.0,0.0
2019-03-18 00:00:00+08:00,11.640000343322754,11.640000343322754,11.640000343322754,11.640000343322754,750,0.0,0.0
2019-03-19 00:00:00+08:00,11.600000381469727,11.600000381469727,11.600000381469727,11.600000381469727,941,0.0,0.0
2019-03-20 00:00:00+08:00,11.600000381469727,11.960000038146973,11.600000381469727,11.920000076293945,7505,0.0,0.0
2019-03-21 00:00:00+08:00,11.960000038146973,11.960000038146973,11.4399995803833,11.4399995803833,2012,0.0,0.0
2019-03-22 00:00:00+08:00,11.960000038146973,11.960000038146973,11.960000038146973,11.960000038146973,710,0.0,0.0
2019-03-25 00:00:00+08:00,11.0,11.0,11.0,11.0,2750,0.0,0.0
2019-03-26 00:00:00+08:00,11.5600004196167,11.600000381469727,11.5600004196167,11.600000381469727,1337,0.0,0.0
2019-03-27 00:00:00+08:00,11.960000038146973,11.960000038146973,11.960000038146973,11.960000038146973,2750,0.0,0.0
2019-03-28 00:00:00+08:00,11.199999809265137,11.199999809265137,11.199999809265137,11.199999809265137,2525,0.0,0.0
2019-03-29 00:00:00+08:00,10.720000267028809,11.600000381469727,10.720000267028809,11.600000381469727,687,0.0,0.0
2019-04-01 00:00:00+08:00,11.399999618530273,11.399999618530273,11.399999618530273,11.399999618530273,178,0.0,0.0
2019-04-02 00:00:00+08:00,11.399999618530273,11.399999618530273,11.399999618530273,11.399999618530273,2750,0.0,0.0
2019-04-03 00:00:00+08:00,11.5600004196167,11.5600004196167,11.399999618530273,11.399999618530273,13377,0.0,0.0
2019-04-08 00:00:00+08:00,11.399999618530273,11.920000076293945,11.399999618530273,11.920000076293945,5436,0.0,0.0
2019-04-09 00:00:00+08:00,11.600000381469727,11.600000381469727,11.600000381469727,11.600000381469727,623,0.0,0.0
2019-04-10 00:00:00+08:00,11.600000381469727,11.600000381469727,11.600000381469727,11.600000381469727,10,0.0,0.0
2019-04-11 00:00:00+08:00,11.84000015258789,11.84000015258789,11.84000015258789,11.84000015258789,332,0.0,0.0
2019-04-12 00:00:00+08:00,11.600000381469727,12.0,11.239999771118164,11.239999771118164,5293,0.0,0.0
2019-04-15 00:00:00+08:00,12.0,12.0,11.199999809265137,11.199999809265137,7524,0.0,0.0
2019-04-16 00:00:00+08:00,11.960000038146973,11.960000038146973,11.800000190734863,11.84000015258789,16500,0.0,0.0
2019-04-17 00:00:00+08:00,11.84000015258789,12.0,11.600000381469727,11.640000343322754,1523,0.0,0.0
2019-04-18 00:00:00+08:00,12.039999961853027,12.039999961853027,11.800000190734863,11.800000190734863,8000,0.0,0.0
2019-04-19 00:00:00+08:00,11.960000038146973,12.0,11.960000038146973,11.960000038146973,4275,0.0,0.0
2019-04-22 00:00:00+08:00,12.0,12.0,12.0,12.0,1172,0.0,0.0
2019-04-23 00:00:00+08:00,13.199999809265137,13.199999809265137,12.800000190734863,12.800000190734863,33919,0.0,0.0
2019-04-24 00:00:00+08:00,12.399999618530273,12.399999618530273,11.520000457763672,12.319999694824219,18148,0.0,0.0
2019-04-25 00:00:00+08:00,11.520000457763672,12.279999732971191,11.520000457763672,12.279999732971191,1362,0.0,0.0
2019-04-26 00:00:00+08:00,11.640000343322754,11.640000343322754,11.600000381469727,11.600000381469727,2136,0.0,0.0
2019-04-29 00:00:00+08:00,11.119999885559082,11.920000076293945,11.119999885559082,11.920000076293945,3500,0.0,0.0
2019-04-30 00:00:00+08:00,11.920000076293945,12.0,11.920000076293945,12.0,2000,0.0,0.0
2019-05-02 00:00:00+08:00,11.920000076293945,11.920000076293945,11.920000076293945,11.920000076293945,2,0.0,0.0
2019-05-03 00:00:00+08:00,11.920000076293945,11.920000076293945,11.920000076293945,11.920000076293945,0,0.0,0.0
2019-05-06 00:00:00+08:00,11.920000076293945,11.920000076293945,11.920000076293945,11.920000076293945,0,0.0,0.0
2019-05-07 00:00:00+08:00,11.800000190734863,12.0,11.4399995803833,11.4399995803833,10111,0.0,0.0
2019-05-08 00:00:00+08:00,11.4399995803833,11.4399995803833,11.4399995803833,11.4399995803833,1000,0.0,0.0
2019-05-09 00:00:00+08:00,11.199999809265137,11.199999809265137,11.199999809265137,11.199999809265137,250,0.0,0.0
2019-05-10 00:00:00+08:00,11.960000038146973,11.960000038146973,11.960000038146973,11.960000038146973,272,0.0,0.0
2019-05-13 00:00:00+08:00,11.880000114440918,11.880000114440918,11.880000114440918,11.880000114440918,28,0.0,0.0
2019-05-14 00:00:00+08:00,11.960000038146973,11.960000038146973,11.960000038146973,11.960000038146973,250,0.0,0.0
2019-05-15 00:00:00+08:00,11.960000038146973,11.960000038146973,11.960000038146973,11.960000038146973,500,0.0,0.0
2019-05-16 00:00:00+08:00,10.800000190734863,11.520000457763672,10.800000190734863,10.800000190734863,17793,0.0,0.0
2019-05-17 00:00:00+08:00,11.0,11.0,10.920000076293945,10.920000076293945,2050,0.0,0.0
2019-05-20 00:00:00+08:00,11.4399995803833,12.0,11.4399995803833,12.0,17354,0.0,0.0
2019-05-21 00:00:00+08:00,12.399999618530273,12.399999618530273,11.4399995803833,11.479999542236328,5971,0.0,0.0
2019-05-22 00:00:00+08:00,11.199999809265137,11.239999771118164,11.199999809265137,11.239999771118164,7400,0.0,0.0
2019-05-23 00:00:00+08:00,10.479999542236328,11.0,10.479999542236328,11.0,3500,0.0,0.0
2019-05-24 00:00:00+08:00,10.600000381469727,10.800000190734863,10.600000381469727,10.800000190734863,11500,0.0,0.0
2019-05-27 00:00:00+08:00,10.4399995803833,10.800000190734863,10.4399995803833,10.4399995803833,9563,0.0,0.0
2019-05-28 00:00:00+08:00,10.119999885559082,10.119999885559082,10.039999961853027,10.039999961853027,22746,0.0,0.0
2019-05-29 00:00:00+08:00,9.680000305175781,9.800000190734863,9.399999618530273,9.800000190734863,11750,0.0,0.0
2019-05-30 00:00:00+08:00,9.640000343322754,9.84000015258789,9.640000343322754,9.84000015258789,3962,0.0,0.0
2019-05-31 00:00:00+08:00,9.800000190734863,10.359999656677246,9.800000190734863,10.199999809265137,6750,0.0,0.0
2019-06-03 00:00:00+08:00,9.800000190734863,9.800000190734863,9.800000190734863,9.800000190734863,25218,0.0,0.0
2019-06-04 00:00:00+08:00,9.800000190734863,9.800000190734863,9.600000381469727,9.600000381469727,20002,0.0,0.0
2019-06-05 00:00:00+08:00,9.079999923706055,9.600000381469727,9.079999923706055,9.600000381469727,8602,0.0,0.0
2019-06-06 00:00:00+08:00,9.600000381469727,9.600000381469727,9.600000381469727,9.600000381469727,0,0.0,0.0
2019-06-10 00:00:00+08:00,9.279999732971191,9.5600004196167,9.279999732971191,9.5600004196167,3378,0.0,0.0
2019-06-11 00:00:00+08:00,9.5600004196167,9.5600004196167,9.399999618530273,9.399999618530273,3250,0.0,0.0
2019-06-12 00:00:00+08:00,9.399999618530273,9.399999618530273,9.399999618530273,9.399999618530273,0,0.0,0.0
2019-06-13 00:00:00+08:00,9.399999618530273,9.399999618530273,9.399999618530273,9.399999618530273,0,0.0,0.0
2019-06-14 00:00:00+08:00,9.399999618530273,9.399999618530273,9.399999618530273,9.399999618530273,2250,0.0,0.0
2019-06-17 00:00:00+08:00,9.880000114440918,9.880000114440918,9.880000114440918,9.880000114440918,500,0.0,0.0
2019-06-18 00:00:00+08:00,9.680000305175781,9.680000305175781,9.680000305175781,9.680000305175781,2629,0.0,0.0
2019-06-19 00:00:00+08:00,9.680000305175781,9.680000305175781,9.680000305175781,9.680000305175781,69,0.0,0.0
2019-06-20 00:00:00+08:00,9.960000038146973,10.119999885559082,9.960000038146973,10.119999885559082,7000,0.0,0.0
2019-06-21 00:00:00+08:00,10.479999542236328,10.479999542236328,10.479999542236328,10.479999542236328,250,0.0,0.0
2019-06-24 00:00:00+08:00,9.920000076293945,9.920000076293945,9.920000076293945,9.920000076293945,2500,0.0,0.0
2019-06-25 00:00:00+08:00,10.199999809265137,10.199999809265137,9.5600004196167,9.640000343322754,7740,0.0,0.0
2019-06-26 00:00:00+08:00,9.600000381469727,9.600000381469727,9.359999656677246,9.600000381469727,13749,0.0,0.0
2019-06-27 00:00:00+08:00,9.600000381469727,9.600000381469727,9.600000381469727,9.600000381469727,0,0.0,0.0
2019-06-28 00:00:00+08:00,9.600000381469727,9.800000190734863,9.600000381469727,9.800000190734863,2250,0.0,0.0
2019-07-01 00:00:00+08:00,9.960000038146973,9.960000038146973,9.399999618530273,9.399999618530273,11293,0.0,0.0
2019-07-02 00:00:00+08:00,9.319999694824219,9.359999656677246,9.319999694824219,9.359999656677246,1587,0.0,0.0
2019-07-03 00:00:00+08:00,9.399999618530273,9.399999618530273,9.079999923706055,9.079999923706055,25000,0.0,0.0
2019-07-04 00:00:00+08:00,9.199999809265137,9.279999732971191,9.199999809265137,9.279999732971191,7500,0.0,0.0
2019-07-05 00:00:00+08:00,9.279999732971191,9.5600004196167,9.279999732971191,9.5600004196167,11500,0.0,0.0
2019-07-08 00:00:00+08:00,9.520000457763672,9.5600004196167,9.520000457763672,9.5600004196167,11500,0.0,0.0
2019-07-09 00:00:00+08:00,9.600000381469727,9.760000228881836,9.600000381469727,9.760000228881836,18500,0.0,0.0
2019-07-10 00:00:00+08:00,9.960000038146973,9.960000038146973,9.960000038146973,9.960000038146973,13500,0.0,0.0
2019-07-11 00:00:00+08:00,9.880000114440918,10.0,9.880000114440918,10.0,11005,0.0,0.0
2019-07-12 00:00:00+08:00,10.15999984741211,10.199999809265137,10.15999984741211,10.199999809265137,9325,0.0,0.0
2019-07-15 00:00:00+08:00,10.520000457763672,10.520000457763672,10.520000457763672,10.520000457763672,278,0.0,0.0
2019-07-16 00:00:00+08:00,10.960000038146973,11.039999961853027,10.960000038146973,11.039999961853027,5483,0.0,0.0
2019-07-17 00:00:00+08:00,10.520000457763672,10.520000457763672,10.520000457763672,10.520000457763672,352,0.0,0.0
2019-07-18 00:00:00+08:00,10.359999656677246,10.359999656677246,10.359999656677246,10.359999656677246,2658,0.0,0.0
2019-07-19 00:00:00+08:00,10.199999809265137,10.199999809265137,10.039999961853027,10.039999961853027,2272,0.0,0.0
2019-07-22 00:00:00+08:00,10.039999961853027,10.039999961853027,10.039999961853027,10.039999961853027,2500,0.0,0.0
2019-07-23 00:00:00+08:00,10.199999809265137,10.199999809265137,10.199999809265137,10.199999809265137,9500,0.0,0.0
2019-07-24 00:00:00+08:00,10.880000114440918,10.880000114440918,10.880000114440918,10.880000114440918,2744,0.0,0.0
2019-07-25 00:00:00+08:00,10.880000114440918,10.880000114440918,10.880000114440918,10.880000114440918,0,0.0,0.0
2019-07-26 00:00:00+08:00,10.319999694824219,10.319999694824219,10.319999694824219,10.319999694824219,3250,0.0,0.0
2019-07-29 00:00:00+08:00,10.199999809265137,10.199999809265137,10.199999809265137,10.199999809265137,11186,0.0,0.0
2019-07-30 00:00:00+08:00,10.199999809265137,10.199999809265137,10.199999809265137,10.199999809265137,5300,0.0,0.0
2019-07-31 00:00:00+08:00,10.15999984741211,10.199999809265137,10.079999923706055,10.079999923706055,15500,0.0,0.0
2019-08-01 00:00:00+08:00,10.399999618530273,10.399999618530273,10.319999694824219,10.359999656677246,1639,0.0,0.0
2019-08-02 00:00:00+08:00,10.079999923706055,10.199999809265137,10.079999923706055,10.199999809265137,1250,0.0,0.0
2019-08-05 00:00:00+08:00,9.920000076293945,9.920000076293945,9.920000076293945,9.920000076293945,4550,0.0,0.0
2019-08-06 00:00:00+08:00,9.920000076293945,9.920000076293945,9.920000076293945,9.920000076293945,12644,0.0,0.0
2019-08-07 00:00:00+08:00,9.920000076293945,9.920000076293945,9.920000076293945,9.920000076293945,0,0.0,0.0
2019-08-08 00:00:00+08:00,9.520000457763672,9.760000228881836,9.520000457763672,9.720000267028809,13750,0.0,0.0
2019-08-12 00:00:00+08:00,10.039999961853027,10.039999961853027,9.680000305175781,9.680000305175781,6000,0.0,0.0
2019-08-13 00:00:00+08:00,9.84000015258789,9.84000015258789,9.84000015258789,9.84000015258789,1250,0.0,0.0
2019-08-14 00:00:00+08:00,10.119999885559082,10.119999885559082,9.720000267028809,9.720000267028809,5500,0.0,0.0
2019-08-15 00:00:00+08:00,9.600000381469727,9.600000381469727,9.600000381469727,9.600000381469727,625,0.0,0.0
2019-08-16 00:00:00+08:00,9.600000381469727,9.600000381469727,9.600000381469727,9.600000381469727,0,0.0,0.0
2019-08-19 00:00:00+08:00,9.600000381469727,9.600000381469727,9.600000381469727,9.600000381469727,0,0.0,0.0
2019-08-20 00:00:00+08:00,9.600000381469727,9.600000381469727,9.600000381469727,9.600000381469727,0,0.0,0.0
2019-08-21 00:00:00+08:00,9.600000381469727,9.600000381469727,8.640000343322754,8.640000343322754,44154,0.0,0.0
2019-08-22 00:00:00+08:00,9.079999923706055,9.079999923706055,8.800000190734863,8.800000190734863,10201,0.0,0.0
2019-08-23 00:00:00+08:00,8.600000381469727,8.600000381469727,8.600000381469727,8.600000381469727,1292,0.0,0.0
2019-08-26 00:00:00+08:00,8.760000228881836,8.760000228881836,8.760000228881836,8.760000228881836,1328,0.0,0.0
2019-08-27 00:00:00+08:00,8.4399995803833,8.520000457763672,8.4399995803833,8.520000457763672,1075,0.0,0.0
2019-08-28 00:00:00+08:00,8.520000457763672,8.5600004196167,8.520000457763672,8.5600004196167,34000,0.0,0.0
2019-08-29 00:00:00+08:00,8.5600004196167,8.5600004196167,8.5600004196167,8.5600004196167,0,0.0,0.0
2019-08-30 00:00:00+08:00,8.640000343322754,8.640000343322754,8.640000343322754,8.640000343322754,12500,0.0,0.0
2019-09-02 00:00:00+08:00,8.640000343322754,8.640000343322754,8.640000343322754,8.640000343322754,14250,0.0,0.0
2019-09-03 00:00:00+08:00,8.640000343322754,8.640000343322754,8.640000343322754,8.640000343322754,5000,0.0,0.0
2019-09-04 00:00:00+08:00,8.399999618530273,8.399999618530273,8.399999618530273,8.399999618530273,4250,0.0,0.0
2019-09-05 00:00:00+08:00,8.399999618530273,8.4399995803833,8.399999618530273,8.4399995803833,38283,0.0,0.0
2019-09-06 00:00:00+08:00,8.4399995803833,8.760000228881836,8.4399995803833,8.600000381469727,3427,0.0,0.0
2019-09-10 00:00:00+08:00,9.199999809265137,9.199999809265137,9.199999809265137,9.199999809265137,0,0.0,0.0
2019-09-11 00:00:00+08:00,9.199999809265137,9.199999809265137,9.199999809265137,9.199999809265137,0,0.0,0.0
2019-09-12 00:00:00+08:00,8.800000190734863,8.84000015258789,8.800000190734863,8.84000015258789,2620,0.0,0.0
2019-09-16 00:00:00+08:00,8.399999618530273,8.399999618530273,8.399999618530273,8.399999618530273,5328,0.0,0.0
2019-09-17 00:00:00+08:00,8.0,8.0,8.0,8.0,3113,0.0,0.0
2019-09-18 00:00:00+08:00,8.0,8.800000190734863,8.0,8.800000190734863,6977,0.0,0.0
2019-09-19 00:00:00+08:00,8.800000190734863,9.680000305175781,8.800000190734863,9.680000305175781,25272,0.0,0.0
2019-09-20 00:00:00+08:00,9.960000038146973,10.479999542236328,9.960000038146973,10.0,13061,0.0,0.0
2019-09-23 00:00:00+08:00,9.399999618530273,9.399999618530273,9.399999618530273,9.399999618530273,267,0.0,0.0
2019-09-24 00:00:00+08:00,9.399999618530273,9.399999618530273,9.399999618530273,9.399999618530273,6250,0.0,0.0
2019-09-25 00:00:00+08:00,9.399999618530273,9.399999618530273,9.399999618530273,9.399999618530273,0,0.0,0.0
2019-09-26 00:00:00+08:00,9.15999984741211,9.15999984741211,9.15999984741211,9.15999984741211,1255,0.0,0.0
2019-09-27 00:00:00+08:00,9.15999984741211,9.15999984741211,9.15999984741211,9.15999984741211,0,0.0,0.0
2019-10-01 00:00:00+08:00,8.520000457763672,8.600000381469727,8.520000457763672,8.600000381469727,4793,0.0,0.0
2019-10-02 00:00:00+08:00,8.119999885559082,8.5600004196167,8.119999885559082,8.5600004196167,9037,0.0,0.0
2019-10-03 00:00:00+08:00,8.5600004196167,8.5600004196167,8.5600004196167,8.5600004196167,0,0.0,0.0
2019-10-04 00:00:00+08:00,8.399999618530273,8.4399995803833,8.399999618530273,8.4399995803833,1366,0.0,0.0
2019-10-07 00:00:00+08:00,8.119999885559082,8.119999885559082,8.119999885559082,8.119999885559082,1015,0.0,0.0
2019-10-08 00:00:00+08:00,8.079999923706055,8.640000343322754,8.079999923706055,8.640000343322754,3789,0.0,0.0
2019-10-09 00:00:00+08:00,8.359999656677246,8.359999656677246,8.239999771118164,8.239999771118164,7249,0.0,0.0
2019-10-14 00:00:00+08:00,8.239999771118164,8.239999771118164,8.239999771118164,8.239999771118164,0,0.0,0.0
2019-10-15 00:00:00+08:00,8.0,8.0,8.0,8.0,4249,0.0,0.0
2019-10-16 00:00:00+08:00,8.0,8.0,8.0,8.0,0,0.0,0.0
2019-10-17 00:00:00+08:00,8.039999961853027,8.039999961853027,7.960000038146973,7.960000038146973,500,0.0,0.0
2019-10-18 00:00:00+08:00,8.0,8.0,8.0,8.0,4655,0.0,0.0
2019-10-21 00:00:00+08:00,8.0,8.0,7.639999866485596,7.639999866485596,1500,0.0,0.0
2019-10-22 00:00:00+08:00,7.639999866485596,8.0,7.639999866485596,8.0,7499,0.0,0.0
2019-10-23 00:00:00+08:00,8.0,8.0,8.0,8.0,0,0.0,0.0
2019-10-24 00:00:00+08:00,8.0,8.0,8.0,8.0,0,0.0,0.0
2019-10-25 00:00:00+08:00,8.0,8.0,7.800000190734863,7.800000190734863,5050,0.0,0.0
2019-10-28 00:00:00+08:00,8.0,8.0,8.0,8.0,1693,0.0,0.0
2019-10-29 00:00:00+08:00,8.0,8.0,7.559999942779541,7.559999942779541,6199,0.0,0.0
2019-10-30 00:00:00+08:00,7.559999942779541,7.559999942779541,7.559999942779541,7.559999942779541,0,0.0,0.0
2019-10-31 00:00:00+08:00,7.559999942779541,7.559999942779541,7.559999942779541,7.559999942779541,0,0.0,0.0
2019-11-01 00:00:00+08:00,7.920000076293945,8.279999732971191,7.880000114440918,8.279999732971191,5256,0.0,0.0
2019-11-04 00:00:00+08:00,7.960000038146973,8.0,7.960000038146973,8.0,2750,0.0,0.0
2019-11-05 00:00:00+08:00,7.960000038146973,8.0,7.960000038146973,8.0,3012,0.0,0.0
2019-11-06 00:00:00+08:00,8.0,8.0,8.0,8.0,0,0.0,0.0
2019-11-07 00:00:00+08:00,8.0,8.0,8.0,8.0,0,0.0,0.0
2019-11-08 00:00:00+08:00,8.0,8.0,8.0,8.0,0,0.0,0.0
2019-11-11 00:00:00+08:00,7.679999828338623,7.679999828338623,7.679999828338623,7.679999828338623,500,0.0,0.0
2019-11-12 00:00:00+08:00,7.679999828338623,7.679999828338623,7.679999828338623,7.679999828338623,0,0.0,0.0
2019-11-13 00:00:00+08:00,7.71999979019165,7.71999979019165,7.71999979019165,7.71999979019165,1000,0.0,0.0
2019-11-14 00:00:00+08:00,7.71999979019165,7.71999979019165,7.71999979019165,7.71999979019165,0,0.0,0.0
2019-11-15 00:00:00+08:00,7.71999979019165,7.71999979019165,7.71999979019165,7.71999979019165,0,0.0,0.0
2019-11-18 00:00:00+08:00,7.440000057220459,7.440000057220459,7.440000057220459,7.440000057220459,250,0.0,0.0
2019-11-19 00:00:00+08:00,7.480000019073486,7.480000019073486,7.480000019073486,7.480000019073486,500,0.0,0.0
2019-11-20 00:00:00+08:00,7.480000019073486,7.480000019073486,7.480000019073486,7.480000019073486,500,0.0,0.0
2019-11-21 00:00:00+08:00,7.480000019073486,8.199999809265137,7.480000019073486,8.15999984741211,5937,0.0,0.0
2019-11-22 00:00:00+08:00,8.15999984741211,8.15999984741211,8.15999984741211,8.15999984741211,0,0.0,0.0
2019-11-25 00:00:00+08:00,8.15999984741211,8.15999984741211,8.15999984741211,8.15999984741211,0,0.0,0.0
2019-11-26 00:00:00+08:00,7.440000057220459,7.440000057220459,7.360000133514404,7.360000133514404,16000,0.0,0.0
2019-11-27 00:00:00+08:00,6.880000114440918,6.880000114440918,6.639999866485596,6.639999866485596,68250,0.0,0.0
2019-11-28 00:00:00+08:00,6.71999979019165,7.079999923706055,6.679999828338623,6.800000190734863,28500,0.0,0.0
2019-11-29 00:00:00+08:00,6.360000133514404,6.760000228881836,6.360000133514404,6.360000133514404,26767,0.0,0.0
2019-12-02 00:00:00+08:00,5.920000076293945,5.920000076293945,5.920000076293945,5.920000076293945,2750,0.0,0.0
2019-12-03 00:00:00+08:00,5.920000076293945,5.920000076293945,5.920000076293945,5.920000076293945,2750,0.0,0.0
2019-12-04 00:00:00+08:00,5.480000019073486,5.840000152587891,5.480000019073486,5.840000152587891,9250,0.0,0.0
2019-12-05 00:00:00+08:00,5.440000057220459,5.960000038146973,5.440000057220459,5.960000038146973,12000,0.0,0.0
2019-12-06 00:00:00+08:00,5.960000038146973,6.239999771118164,5.960000038146973,5.960000038146973,5489,0.0,0.0
2019-12-09 00:00:00+08:00,5.960000038146973,5.960000038146973,5.960000038146973,5.960000038146973,250,0.0,0.0
2019-12-10 00:00:00+08:00,6.880000114440918,7.119999885559082,6.880000114440918,7.119999885559082,4000,0.0,0.0
2019-12-11 00:00:00+08:00,6.880000114440918,7.119999885559082,6.880000114440918,7.119999885559082,4000,0.0,0.0
2019-12-12 00:00:00+08:00,7.119999885559082,7.159999847412109,7.119999885559082,7.159999847412109,2500,0.0,0.0
2019-12-13 00:00:00+08:00,7.119999885559082,7.159999847412109,7.119999885559082,7.159999847412109,2539,0.0,0.0
2019-12-16 00:00:00+08:00,7.159999847412109,7.159999847412109,6.840000152587891,6.840000152587891,1250,0.0,0.0
2019-12-17 00:00:00+08:00,6.519999980926514,6.519999980926514,6.519999980926514,6.519999980926514,2000,0.0,0.0
2019-12-18 00:00:00+08:00,6.039999961853027,6.039999961853027,5.960000038146973,5.960000038146973,4500,0.0,0.0
2019-12-19 00:00:00+08:00,6.039999961853027,6.039999961853027,5.559999942779541,5.639999866485596,14500,0.0,0.0
2019-12-20 00:00:00+08:00,6.0,6.119999885559082,6.0,6.079999923706055,6285,0.0,0.0
2019-12-23 00:00:00+08:00,6.079999923706055,6.599999904632568,6.079999923706055,6.599999904632568,5000,0.0,0.0
2019-12-24 00:00:00+08:00,6.559999942779541,7.199999809265137,6.559999942779541,7.199999809265137,3750,0.0,0.0
2019-12-25 00:00:00+08:00,7.639999866485596,7.639999866485596,7.639999866485596,7.639999866485596,2500,0.0,0.0
2019-12-26 00:00:00+08:00,7.639999866485596,7.639999866485596,7.639999866485596,7.639999866485596,2500,0.0,0.0
2019-12-27 00:00:00+08:00,8.039999961853027,8.039999961853027,8.039999961853027,8.039999961853027,1540,0.0,0.0
2019-12-30 00:00:00+08:00,7.559999942779541,8.15999984741211,7.559999942779541,8.15999984741211,2750,0.0,0.0
2019-12-31 00:00:00+08:00,7.599999904632568,8.119999885559082,7.599999904632568,7.71999979019165,16296,0.0,0.0
2020-01-02 00:00:00+08:00,7.840000152587891,8.0,7.840000152587891,8.0,20500,0.0,0.0
2020-01-03 00:00:00+08:00,7.679999828338623,7.679999828338623,7.199999809265137,7.199999809265137,4000,0.0,0.0
2020-01-06 00:00:00+08:00,7.199999809265137,7.199999809265137,7.199999809265137,7.199999809265137,2750,0.0,0.0
2020-01-07 00:00:00+08:00,6.960000038146973,6.960000038146973,6.960000038146973,6.960000038146973,250,0.0,0.0
2020-01-08 00:00:00+08:00,7.559999942779541,7.559999942779541,7.559999942779541,7.559999942779541,1500,0.0,0.0
2020-01-09 00:00:00+08:00,7.239999771118164,7.559999942779541,7.239999771118164,7.559999942779541,1500,0.0,0.0
2020-01-10 00:00:00+08:00,7.559999942779541,7.920000076293945,7.559999942779541,7.880000114440918,9000,0.0,0.0
2020-01-13 00:00:00+08:00,7.679999828338623,7.679999828338623,7.400000095367432,7.400000095367432,3000,0.0,0.0
2020-01-14 00:00:00+08:00,7.679999828338623,7.679999828338623,7.400000095367432,7.400000095367432,3000,0.0,0.0
2020-01-15 00:00:00+08:00,7.0,7.0,7.0,7.0,2500,0.0,0.0
2020-01-16 00:00:00+08:00,6.639999866485596,7.679999828338623,6.639999866485596,7.679999828338623,3500,0.0,0.0
2020-01-17 00:00:00+08:00,7.599999904632568,7.599999904632568,7.559999942779541,7.559999942779541,5275,0.0,0.0
2020-01-20 00:00:00+08:00,7.239999771118164,7.239999771118164,7.239999771118164,7.239999771118164,924,0.0,0.0
2020-01-30 00:00:00+08:00,7.239999771118164,7.239999771118164,7.239999771118164,7.239999771118164,14750,0.0,0.0
2020-01-31 00:00:00+08:00,6.71999979019165,7.800000190734863,6.71999979019165,7.800000190734863,2000,0.0,0.0
2020-02-03 00:00:00+08:00,7.400000095367432,7.400000095367432,7.400000095367432,7.400000095367432,2250,0.0,0.0
2020-02-04 00:00:00+08:00,7.400000095367432,7.400000095367432,7.400000095367432,7.400000095367432,2250,0.0,0.0
2020-02-05 00:00:00+08:00,7.199999809265137,7.440000057220459,7.199999809265137,7.440000057220459,2500,0.0,0.0
2020-02-06 00:00:00+08:00,7.199999809265137,7.440000057220459,7.199999809265137,7.440000057220459,2551,0.0,0.0
2020-02-07 00:00:00+08:00,7.440000057220459,7.440000057220459,7.440000057220459,7.440000057220459,0,0.0,0.0
2020-02-10 00:00:00+08:00,7.039999961853027,7.039999961853027,7.039999961853027,7.039999961853027,250,0.0,0.0
2020-02-11 00:00:00+08:00,6.800000190734863,7.199999809265137,6.800000190734863,7.199999809265137,500,0.0,0.0
2020-02-12 00:00:00+08:00,7.039999961853027,7.039999961853027,7.039999961853027,7.039999961853027,1000,0.0,0.0
2020-02-13 00:00:00+08:00,7.039999961853027,7.039999961853027,7.039999961853027,7.039999961853027,1000,0.0,0.0
2020-02-14 00:00:00+08:00,7.039999961853027,7.039999961853027,7.039999961853027,7.039999961853027,0,0.0,0.0
2020-02-17 00:00:00+08:00,6.639999866485596,7.039999961853027,6.639999866485596,6.920000076293945,1750,0.0,0.0
2020-02-18 00:00:00+08:00,6.920000076293945,6.920000076293945,6.920000076293945,6.920000076293945,0,0.0,0.0
2020-02-19 00:00:00+08:00,6.920000076293945,6.920000076293945,6.920000076293945,6.920000076293945,0,0.0,0.0
2020-02-20 00:00:00+08:00,6.920000076293945,6.920000076293945,6.920000076293945,6.920000076293945,500,0.0,0.0
2020-02-21 00:00:00+08:00,6.920000076293945,6.920000076293945,6.920000076293945,6.920000076293945,0,0.0,0.0
2020-02-24 00:00:00+08:00,6.920000076293945,6.920000076293945,6.920000076293945,6.920000076293945,0,0.0,0.0
2020-02-25 00:00:00+08:00,6.519999980926514,6.559999942779541,6.519999980926514,6.559999942779541,10250,0.0,0.0
2020-02-26 00:00:00+08:00,6.559999942779541,6.559999942779541,6.559999942779541,6.559999942779541,0,0.0,0.0
2020-02-27 00:00:00+08:00,6.559999942779541,6.559999942779541,6.559999942779541,6.559999942779541,0,0.0,0.0
2020-03-02 00:00:00+08:00,6.519999980926514,6.519999980926514,6.519999980926514,6.519999980926514,2000,0.0,0.0
2020-03-03 00:00:00+08:00,6.920000076293945,6.920000076293945,6.920000076293945,6.920000076293945,1500,0.0,0.0
2020-03-04 00:00:00+08:00,6.920000076293945,6.920000076293945,6.920000076293945,6.920000076293945,0,0.0,0.0
2020-03-05 00:00:00+08:00,6.71999979019165,6.71999979019165,6.71999979019165,6.71999979019165,2250,0.0,0.0
2020-03-06 00:00:00+08:00,6.400000095367432,6.400000095367432,6.400000095367432,6.400000095367432,1250,0.0,0.0
2020-03-09 00:00:00+08:00,6.400000095367432,6.400000095367432,6.400000095367432,6.400000095367432,0,0.0,0.0
2020-03-10 00:00:00+08:00,6.0,6.400000095367432,6.0,6.400000095367432,5500,0.0,0.0
2020-03-11 00:00:00+08:00,6.0,6.0,5.960000038146973,6.0,3000,0.0,0.0
2020-03-12 00:00:00+08:00,5.400000095367432,5.519999980926514,5.400000095367432,5.519999980926514,12250,0.0,0.0
2020-03-13 00:00:00+08:00,5.519999980926514,5.519999980926514,5.519999980926514,5.519999980926514,0,0.0,0.0
2020-03-16 00:00:00+08:00,5.599999904632568,5.599999904632568,5.559999942779541,5.559999942779541,3500,0.0,0.0
2020-03-17 00:00:00+08:00,5.559999942779541,5.559999942779541,5.559999942779541,5.559999942779541,2500,0.0,0.0
2020-03-18 00:00:00+08:00,5.119999885559082,5.119999885559082,5.119999885559082,5.119999885559082,750,0.0,0.0
2020-03-19 00:00:00+08:00,5.440000057220459,5.440000057220459,4.639999866485596,4.639999866485596,6500,0.0,0.0
2020-03-20 00:00:00+08:00,4.28000020980835,5.079999923706055,4.28000020980835,5.039999961853027,5000,0.0,0.0
2020-03-23 00:00:00+08:00,4.599999904632568,4.880000114440918,4.559999942779541,4.880000114440918,5500,0.0,0.0
2020-03-24 00:00:00+08:00,4.559999942779541,4.639999866485596,4.559999942779541,4.639999866485596,29750,0.0,0.0
2020-03-25 00:00:00+08:00,4.639999866485596,4.920000076293945,4.639999866485596,4.920000076293945,6000,0.0,0.0
2020-03-26 00:00:00+08:00,4.920000076293945,4.920000076293945,4.920000076293945,4.920000076293945,25000,0.0,0.0
2020-03-27 00:00:00+08:00,5.0,5.0,4.920000076293945,4.920000076293945,5500,0.0,0.0
2020-03-30 00:00:00+08:00,4.559999942779541,4.559999942779541,4.559999942779541,4.559999942779541,1000,0.0,0.0
2020-03-31 00:00:00+08:00,4.559999942779541,5.0,4.559999942779541,5.0,5000,0.0,0.0
2020-04-01 00:00:00+08:00,4.920000076293945,5.0,4.920000076293945,5.0,1500,0.0,0.0
2020-04-06 00:00:00+08:00,5.0,5.0,5.0,5.0,1250,0.0,0.0
2020-04-07 00:00:00+08:00,5.039999961853027,5.360000133514404,5.039999961853027,5.360000133514404,4500,0.0,0.0
2020-04-08 00:00:00+08:00,5.800000190734863,5.880000114440918,5.800000190734863,5.880000114440918,9500,0.0,0.0
2020-04-09 00:00:00+08:00,6.440000057220459,6.440000057220459,6.440000057220459,6.440000057220459,7750,0.0,0.0
2020-04-10 00:00:00+08:00,7.079999923706055,7.079999923706055,7.079999923706055,7.079999923706055,6250,0.0,0.0
2020-04-13 00:00:00+08:00,7.760000228881836,7.760000228881836,7.760000228881836,7.760000228881836,35250,0.0,0.0
2020-04-14 00:00:00+08:00,8.399999618530273,8.520000457763672,8.399999618530273,8.520000457763672,113750,0.0,0.0
2020-04-15 00:00:00+08:00,9.15999984741211,9.359999656677246,9.15999984741211,9.359999656677246,18750,0.0,0.0
2020-04-16 00:00:00+08:00,10.079999923706055,10.079999923706055,10.039999961853027,10.039999961853027,74250,0.0,0.0
2020-04-17 00:00:00+08:00,9.680000305175781,9.680000305175781,9.039999961853027,9.039999961853027,41000,0.0,0.0
2020-04-20 00:00:00+08:00,9.039999961853027,9.039999961853027,8.199999809265137,8.800000190734863,14500,0.0,0.0
2020-04-21 00:00:00+08:00,8.15999984741211,8.15999984741211,8.15999984741211,8.15999984741211,7250,0.0,0.0
2020-04-22 00:00:00+08:00,8.800000190734863,8.800000190734863,7.800000190734863,7.800000190734863,4500,0.0,0.0
2020-04-23 00:00:00+08:00,7.880000114440918,8.039999961853027,7.880000114440918,7.920000076293945,5750,0.0,0.0
2020-04-24 00:00:00+08:00,8.0,8.640000343322754,8.0,8.640000343322754,5250,0.0,0.0
2020-04-27 00:00:00+08:00,9.319999694824219,9.479999542236328,9.319999694824219,9.479999542236328,3500,0.0,0.0
2020-04-28 00:00:00+08:00,10.199999809265137,10.199999809265137,8.640000343322754,8.640000343322754,17500,0.0,0.0
2020-04-29 00:00:00+08:00,8.4399995803833,8.4399995803833,8.399999618530273,8.399999618530273,4500,0.0,0.0
2020-04-30 00:00:00+08:00,8.399999618530273,9.239999771118164,8.399999618530273,8.800000190734863,4750,0.0,0.0
2020-05-04 00:00:00+08:00,8.199999809265137,8.239999771118164,8.199999809265137,8.239999771118164,5250,0.0,0.0
2020-05-05 00:00:00+08:00,8.239999771118164,8.239999771118164,8.239999771118164,8.239999771118164,0,0.0,0.0
2020-05-06 00:00:00+08:00,8.84000015258789,8.84000015258789,8.399999618530273,8.399999618530273,3750,0.0,0.0
2020-05-07 00:00:00+08:00,9.039999961853027,9.239999771118164,9.039999961853027,9.199999809265137,6250,0.0,0.0
2020-05-08 00:00:00+08:00,8.720000267028809,8.720000267028809,8.279999732971191,8.279999732971191,18000,0.0,0.0
2020-05-11 00:00:00+08:00,8.800000190734863,8.800000190734863,8.800000190734863,8.800000190734863,250,0.0,0.0
2020-05-12 00:00:00+08:00,8.119999885559082,8.119999885559082,7.920000076293945,7.920000076293945,16250,0.0,0.0
2020-05-13 00:00:00+08:00,7.920000076293945,7.920000076293945,7.920000076293945,7.920000076293945,8000,0.0,0.0
2020-05-14 00:00:00+08:00,7.920000076293945,7.920000076293945,7.920000076293945,7.920000076293945,0,0.0,0.0
2020-05-15 00:00:00+08:00,7.920000076293945,7.920000076293945,7.920000076293945,7.920000076293945,0,0.0,0.0
2020-05-18 00:00:00+08:00,8.640000343322754,8.640000343322754,8.640000343322754,8.640000343322754,3250,0.0,0.0
2020-05-19 00:00:00+08:00,8.600000381469727,8.600000381469727,8.600000381469727,8.600000381469727,1750,0.0,0.0
2020-05-20 00:00:00+08:00,8.600000381469727,8.600000381469727,8.600000381469727,8.600000381469727,0,0.0,0.0
2020-05-21 00:00:00+08:00,8.600000381469727,8.600000381469727,8.600000381469727,8.600000381469727,24250,0.0,0.0
2020-05-22 00:00:00+08:00,8.600000381469727,8.600000381469727,8.600000381469727,8.600000381469727,0,0.0,0.0
2020-05-25 00:00:00+08:00,8.0,8.0,7.920000076293945,7.920000076293945,16250,0.0,0.0
2020-05-26 00:00:00+08:00,7.800000190734863,7.800000190734863,7.800000190734863,7.800000190734863,38750,0.0,0.0
2020-05-27 00:00:00+08:00,8.199999809265137,8.319999694824219,8.0,8.0,26000,0.0,0.0
2020-05-28 00:00:00+08:00,8.0,8.0,8.0,8.0,12500,0.0,0.0
2020-05-29 00:00:00+08:00,8.0,8.0,8.0,8.0,12750,0.0,0.0
2020-06-01 00:00:00+08:00,7.360000133514404,7.639999866485596,7.360000133514404,7.639999866485596,5250,0.0,0.0
2020-06-02 00:00:00+08:00,7.639999866485596,8.199999809265137,7.639999866485596,8.0,1250,0.0,0.0
2020-06-03 00:00:00+08:00,8.800000190734863,8.800000190734863,8.399999618530273,8.399999618530273,38750,0.0,0.0
2020-06-04 00:00:00+08:00,8.4399995803833,9.239999771118164,7.800000190734863,9.239999771118164,42750,0.0,0.0
2020-06-05 00:00:00+08:00,9.960000038146973,10.15999984741211,9.84000015258789,10.15999984741211,42250,0.0,0.0
2020-06-08 00:00:00+08:00,11.079999923706055,11.15999984741211,11.079999923706055,11.15999984741211,156500,0.0,0.0
2020-06-09 00:00:00+08:00,12.0,12.239999771118164,12.0,12.239999771118164,152250,0.0,0.0
2020-06-10 00:00:00+08:00,13.4399995803833,13.4399995803833,13.4399995803833,13.4399995803833,53000,0.0,0.0
2020-06-11 00:00:00+08:00,14.760000228881836,14.760000228881836,12.119999885559082,12.399999618530273,206000,0.0,0.0
2020-06-12 00:00:00+08:00,12.0,13.039999961853027,11.15999984741211,12.800000190734863,42000,0.0,0.0
2020-06-15 00:00:00+08:00,12.800000190734863,13.600000381469727,12.800000190734863,13.600000381469727,8500,0.0,0.0
2020-06-16 00:00:00+08:00,13.279999732971191,13.479999542236328,12.600000381469727,12.600000381469727,29750,0.0,0.0
2020-06-17 00:00:00+08:00,12.600000381469727,13.520000457763672,12.079999923706055,13.520000457763672,18250,0.0,0.0
2020-06-18 00:00:00+08:00,14.84000015258789,14.84000015258789,13.600000381469727,13.600000381469727,14000,0.0,0.0
2020-06-19 00:00:00+08:00,14.199999809265137,14.199999809265137,13.680000305175781,13.680000305175781,14000,0.0,0.0
2020-06-22 00:00:00+08:00,12.600000381469727,13.199999809265137,12.600000381469727,12.600000381469727,16250,0.0,0.0
2020-06-23 00:00:00+08:00,12.520000457763672,13.199999809265137,12.520000457763672,12.520000457763672,7000,0.0,0.0
2020-06-24 00:00:00+08:00,12.520000457763672,12.520000457763672,12.520000457763672,12.520000457763672,1750,0.0,0.0
2020-06-29 00:00:00+08:00,13.319999694824219,13.319999694824219,12.399999618530273,12.399999618530273,14250,0.0,0.0
2020-06-30 00:00:00+08:00,12.84000015258789,13.319999694824219,12.84000015258789,13.319999694824219,19500,0.0,0.0
2020-07-01 00:00:00+08:00,13.199999809265137,13.199999809265137,12.800000190734863,12.800000190734863,7750,0.0,0.0
2020-07-02 00:00:00+08:00,12.199999809265137,12.199999809265137,12.199999809265137,12.199999809265137,7750,0.0,0.0
2020-07-03 00:00:00+08:00,12.199999809265137,12.399999618530273,12.199999809265137,12.199999809265137,23250,0.0,0.0
2020-07-06 00:00:00+08:00,12.199999809265137,12.399999618530273,12.199999809265137,12.399999618530273,8750,0.0,0.0
2020-07-07 00:00:00+08:00,12.600000381469727,13.640000343322754,12.600000381469727,13.199999809265137,17500,0.0,0.0
2020-07-08 00:00:00+08:00,12.399999618530273,14.479999542236328,12.399999618530273,14.199999809265137,17750,0.0,0.0
2020-07-09 00:00:00+08:00,14.800000190734863,14.800000190734863,14.399999618530273,14.399999618530273,27500,0.0,0.0
2020-07-10 00:00:00+08:00,14.800000190734863,14.800000190734863,14.760000228881836,14.800000190734863,36500,0.0,0.0
2020-07-13 00:00:00+08:00,15.199999809265137,16.280000686645508,15.199999809265137,16.200000762939453,74250,0.0,0.0
2020-07-14 00:00:00+08:00,17.799999237060547,17.799999237060547,17.200000762939453,17.200000762939453,81750,0.0,0.0
2020-07-15 00:00:00+08:00,18.0,18.920000076293945,17.079999923706055,17.079999923706055,129000,0.0,0.0
2020-07-16 00:00:00+08:00,16.0,16.799999237060547,16.0,16.799999237060547,12000,0.0,0.0
2020-07-17 00:00:00+08:00,16.079999923706055,16.399999618530273,16.079999923706055,16.079999923706055,16000,0.0,0.0
2020-07-20 00:00:00+08:00,15.960000038146973,15.960000038146973,15.399999618530273,15.399999618530273,10500,0.0,0.0
2020-07-21 00:00:00+08:00,13.880000114440918,14.039999961853027,13.880000114440918,13.880000114440918,47500,0.0,0.0
2020-07-22 00:00:00+08:00,13.039999961853027,14.399999618530273,13.039999961853027,13.319999694824219,23250,0.0,0.0
2020-07-23 00:00:00+08:00,13.399999618530273,14.640000343322754,13.199999809265137,13.199999809265137,48750,0.0,0.0
2020-07-24 00:00:00+08:00,12.600000381469727,12.960000038146973,11.880000114440918,11.880000114440918,39750,0.0,0.0
2020-07-27 00:00:00+08:00,12.800000190734863,13.039999961853027,11.600000381469727,11.600000381469727,65750,0.0,0.0
2020-07-28 00:00:00+08:00,10.760000228881836,10.760000228881836,10.4399995803833,10.4399995803833,59250,0.0,0.0
2020-07-29 00:00:00+08:00,9.520000457763672,11.239999771118164,9.520000457763672,11.0,41000,0.0,0.0
2020-07-30 00:00:00+08:00,11.0,12.079999923706055,10.800000190734863,10.880000114440918,70750,0.0,0.0
2020-07-31 00:00:00+08:00,11.479999542236328,11.960000038146973,11.279999732971191,11.640000343322754,10500,0.0,0.0
2020-08-03 00:00:00+08:00,12.720000267028809,12.800000190734863,11.640000343322754,11.640000343322754,63750,0.0,0.0
2020-08-04 00:00:00+08:00,11.239999771118164,11.760000228881836,11.079999923706055,11.239999771118164,38250,0.0,0.0
2020-08-05 00:00:00+08:00,11.800000190734863,11.960000038146973,11.800000190734863,11.960000038146973,9250,0.0,0.0
2020-08-06 00:00:00+08:00,11.960000038146973,12.0,11.960000038146973,12.0,7250,0.0,0.0
2020-08-07 00:00:00+08:00,13.15999984741211,13.15999984741211,12.119999885559082,12.880000114440918,19250,0.0,0.0
2020-08-10 00:00:00+08:00,12.0,12.039999961853027,12.0,12.0,12750,0.0,0.0
2020-08-11 00:00:00+08:00,12.399999618530273,12.84000015258789,12.399999618530273,12.800000190734863,17750,0.0,0.0
2020-08-12 00:00:00+08:00,12.800000190734863,12.800000190734863,12.680000305175781,12.680000305175781,3500,0.0,0.0
2020-08-13 00:00:00+08:00,12.680000305175781,12.800000190734863,12.680000305175781,12.800000190734863,22250,0.0,0.0
2020-08-14 00:00:00+08:00,12.800000190734863,13.800000190734863,12.800000190734863,13.800000190734863,17500,0.0,0.0
2020-08-17 00:00:00+08:00,13.600000381469727,13.600000381469727,12.800000190734863,12.800000190734863,22250,0.0,0.0
2020-08-18 00:00:00+08:00,12.720000267028809,12.720000267028809,12.319999694824219,12.319999694824219,25250,0.0,0.0
2020-08-19 00:00:00+08:00,12.880000114440918,12.880000114440918,12.600000381469727,12.880000114440918,10500,0.0,0.0
2020-08-20 00:00:00+08:00,12.800000190734863,12.84000015258789,12.800000190734863,12.84000015258789,3250,0.0,0.0
2020-08-21 00:00:00+08:00,14.119999885559082,14.119999885559082,14.0,14.0,82500,0.0,0.0
2020-08-24 00:00:00+08:00,12.640000343322754,12.84000015258789,12.640000343322754,12.84000015258789,6250,0.0,0.0
2020-08-25 00:00:00+08:00,12.84000015258789,13.84000015258789,12.800000190734863,12.800000190734863,30250,0.0,0.0
2020-08-26 00:00:00+08:00,12.199999809265137,12.239999771118164,12.039999961853027,12.039999961853027,4000,0.0,0.0
2020-08-27 00:00:00+08:00,12.600000381469727,12.600000381469727,12.239999771118164,12.239999771118164,4500,0.0,0.0
2020-08-28 00:00:00+08:00,12.800000190734863,12.84000015258789,12.800000190734863,12.84000015258789,1500,0.0,0.0
2020-08-31 00:00:00+08:00,13.199999809265137,13.520000457763672,13.199999809265137,13.520000457763672,18750,0.0,0.0
2020-09-01 00:00:00+08:00,14.5600004196167,14.5600004196167,13.920000076293945,13.920000076293945,10750,0.0,0.0
2020-09-02 00:00:00+08:00,13.920000076293945,15.279999732971191,13.880000114440918,13.880000114440918,21250,0.0,0.0
2020-09-03 00:00:00+08:00,13.880000114440918,13.880000114440918,13.319999694824219,13.319999694824219,5750,0.0,0.0
2020-09-04 00:00:00+08:00,14.359999656677246,14.359999656677246,13.600000381469727,13.600000381469727,15000,0.0,0.0
2020-09-07 00:00:00+08:00,14.880000114440918,14.880000114440918,14.199999809265137,14.5600004196167,14000,0.0,0.0
2020-09-08 00:00:00+08:00,15.359999656677246,15.359999656677246,14.84000015258789,14.960000038146973,21750,0.0,0.0
2020-09-09 00:00:00+08:00,14.720000267028809,14.720000267028809,14.680000305175781,14.680000305175781,14000,0.0,0.0
2020-09-10 00:00:00+08:00,14.680000305175781,15.199999809265137,14.680000305175781,15.119999885559082,9750,0.0,0.0
2020-09-11 00:00:00+08:00,16.600000381469727,16.600000381469727,16.0,16.0,135250,0.0,0.0
2020-09-14 00:00:00+08:00,15.15999984741211,15.600000381469727,14.399999618530273,15.600000381469727,39250,0.0,0.0
2020-09-15 00:00:00+08:00,15.600000381469727,15.600000381469727,14.640000343322754,14.800000190734863,26750,0.0,0.0
2020-09-16 00:00:00+08:00,14.600000381469727,14.800000190734863,14.600000381469727,14.600000381469727,24250,0.0,0.0
2020-09-17 00:00:00+08:00,14.600000381469727,14.600000381469727,14.399999618530273,14.399999618530273,18500,0.0,0.0
2020-09-18 00:00:00+08:00,14.399999618530273,14.399999618530273,14.0,14.399999618530273,24250,0.0,0.0
2020-09-21 00:00:00+08:00,14.0,15.84000015258789,14.0,15.84000015258789,54000,0.0,0.0
2020-09-22 00:00:00+08:00,17.399999618530273,17.399999618530273,17.399999618530273,17.399999618530273,104000,0.0,0.0
2020-09-23 00:00:00+08:00,19.1200008392334,19.1200008392334,19.1200008392334,19.1200008392334,144750,0.0,0.0
2020-09-24 00:00:00+08:00,21.0,21.0,20.0,21.0,700000,0.0,0.0
2020-09-25 00:00:00+08:00,23.079999923706055,23.079999923706055,18.920000076293945,18.920000076293945,267250,0.0,0.0
2020-09-28 00:00:00+08:00,17.479999542236328,20.0,17.479999542236328,19.8799991607666,162750,0.0,0.0
2020-09-29 00:00:00+08:00,19.520000457763672,19.520000457763672,17.959999084472656,17.959999084472656,84500,0.0,0.0
2020-09-30 00:00:00+08:00,16.479999542236328,19.719999313354492,16.479999542236328,19.719999313354492,141000,0.0,0.0
2020-10-05 00:00:00+08:00,19.719999313354492,19.719999313354492,17.760000228881836,19.719999313354492,106500,0.0,0.0
2020-10-06 00:00:00+08:00,19.8799991607666,19.8799991607666,19.079999923706055,19.719999313354492,52500,0.0,0.0
2020-10-07 00:00:00+08:00,19.399999618530273,19.719999313354492,19.399999618530273,19.399999618530273,34750,0.0,0.0
2020-10-08 00:00:00+08:00,19.399999618530273,19.399999618530273,17.84000015258789,18.799999237060547,51250,0.0,0.0
2020-10-12 00:00:00+08:00,18.479999542236328,19.200000762939453,16.920000076293945,18.8799991607666,77500,0.0,0.0
2020-10-13 00:00:00+08:00,18.040000915527344,18.600000381469727,18.040000915527344,18.440000534057617,20500,0.0,0.0
2020-10-14 00:00:00+08:00,18.399999618530273,19.15999984741211,18.0,19.15999984741211,54500,0.0,0.0
2020-10-15 00:00:00+08:00,19.200000762939453,19.559999465942383,18.079999923706055,18.479999542236328,38000,0.0,0.0
2020-10-16 00:00:00+08:00,18.040000915527344,18.200000762939453,17.68000030517578,17.68000030517578,27250,0.0,0.0
2020-10-19 00:00:00+08:00,16.399999618530273,17.200000762939453,16.399999618530273,17.0,20000,0.0,0.0
2020-10-20 00:00:00+08:00,16.479999542236328,16.479999542236328,15.600000381469727,15.600000381469727,44250,0.0,0.0
2020-10-21 00:00:00+08:00,15.600000381469727,16.399999618530273,15.600000381469727,15.640000343322754,45500,0.0,0.0
2020-10-22 00:00:00+08:00,17.200000762939453,17.200000762939453,14.84000015258789,16.600000381469727,26500,0.0,0.0
2020-10-23 00:00:00+08:00,17.1200008392334,17.1200008392334,16.399999618530273,16.440000534057617,13500,0.0,0.0
2020-10-26 00:00:00+08:00,17.280000686645508,17.280000686645508,15.800000190734863,15.800000190734863,26750,0.0,0.0
2020-10-27 00:00:00+08:00,17.360000610351562,17.360000610351562,16.799999237060547,16.799999237060547,13000,0.0,0.0
2020-10-28 00:00:00+08:00,17.280000686645508,17.280000686645508,16.8799991607666,17.0,12500,0.0,0.0
2020-10-29 00:00:00+08:00,17.0,17.0,17.0,17.0,16750,0.0,0.0
2020-10-30 00:00:00+08:00,17.31999969482422,17.31999969482422,15.319999694824219,17.15999984741211,12500,0.0,0.0
2020-11-02 00:00:00+08:00,16.1200008392334,16.280000686645508,16.1200008392334,16.280000686645508,3000,0.0,0.0
2020-11-03 00:00:00+08:00,16.040000915527344,16.040000915527344,15.720000267028809,15.760000228881836,14000,0.0,0.0
2020-11-04 00:00:00+08:00,15.239999771118164,17.0,15.239999771118164,16.760000228881836,15250,0.0,0.0
2020-11-05 00:00:00+08:00,15.720000267028809,16.399999618530273,15.720000267028809,16.399999618530273,71750,0.0,0.0
2020-11-06 00:00:00+08:00,16.639999389648438,16.639999389648438,16.399999618530273,16.399999618530273,750,0.0,0.0
2020-11-09 00:00:00+08:00,16.360000610351562,16.360000610351562,15.319999694824219,15.399999618530273,13250,0.0,0.0
2020-11-10 00:00:00+08:00,15.319999694824219,15.520000457763672,15.319999694824219,15.520000457763672,5250,0.0,0.0
2020-11-11 00:00:00+08:00,17.040000915527344,17.040000915527344,15.199999809265137,16.0,9500,0.0,0.0
2020-11-12 00:00:00+08:00,15.880000114440918,15.920000076293945,15.880000114440918,15.920000076293945,7750,0.0,0.0
2020-11-13 00:00:00+08:00,15.600000381469727,15.640000343322754,15.600000381469727,15.640000343322754,6750,0.0,0.0
2020-11-16 00:00:00+08:00,16.079999923706055,16.079999923706055,14.960000038146973,15.920000076293945,5250,0.0,0.0
2020-11-17 00:00:00+08:00,16.15999984741211,16.15999984741211,15.600000381469727,15.640000343322754,3000,0.0,0.0
2020-11-18 00:00:00+08:00,15.640000343322754,15.640000343322754,15.5600004196167,15.5600004196167,19000,0.0,0.0
2020-11-19 00:00:00+08:00,14.720000267028809,14.800000190734863,14.720000267028809,14.800000190734863,7750,0.0,0.0
2020-11-20 00:00:00+08:00,15.319999694824219,15.319999694824219,14.800000190734863,15.239999771118164,20250,0.0,0.0
2020-11-23 00:00:00+08:00,16.399999618530273,16.399999618530273,14.960000038146973,16.040000915527344,12000,0.0,0.0
2020-11-24 00:00:00+08:00,15.920000076293945,15.920000076293945,15.600000381469727,15.680000305175781,12750,0.0,0.0
2020-11-25 00:00:00+08:00,15.199999809265137,15.199999809265137,15.039999961853027,15.039999961853027,7750,0.0,0.0
2020-11-26 00:00:00+08:00,14.4399995803833,14.600000381469727,14.0,14.399999618530273,42750,0.0,0.0
2020-11-27 00:00:00+08:00,14.600000381469727,14.800000190734863,14.600000381469727,14.760000228881836,9750,0.0,0.0
2020-11-30 00:00:00+08:00,14.760000228881836,14.760000228881836,14.600000381469727,14.760000228881836,17500,0.0,0.0
2020-12-01 00:00:00+08:00,15.0,16.0,15.0,16.0,30000,0.0,0.0
2020-12-02 00:00:00+08:00,16.0,17.1200008392334,16.0,16.799999237060547,37000,0.0,0.0
2020-12-03 00:00:00+08:00,17.31999969482422,17.31999969482422,16.799999237060547,16.799999237060547,23000,0.0,0.0
2020-12-04 00:00:00+08:00,15.640000343322754,15.640000343322754,15.399999618530273,15.399999618530273,98500,0.0,0.0
2020-12-07 00:00:00+08:00,15.880000114440918,16.200000762939453,15.84000015258789,16.200000762939453,56750,0.0,0.0
2020-12-08 00:00:00+08:00,16.799999237060547,17.799999237060547,16.200000762939453,17.799999237060547,167750,0.0,0.0
2020-12-09 00:00:00+08:00,19.559999465942383,19.559999465942383,19.559999465942383,19.559999465942383,146250,0.0,0.0
2020-12-10 00:00:00+08:00,21.399999618530273,21.479999542236328,21.399999618530273,21.399999618530273,635000,0.0,0.0
2020-12-11 00:00:00+08:00,23.31999969482422,23.31999969482422,21.280000686645508,21.360000610351562,290500,0.0,0.0
2020-12-14 00:00:00+08:00,23.479999542236328,23.479999542236328,23.479999542236328,23.479999542236328,269250,0.0,0.0
2020-12-15 00:00:00+08:00,25.799999237060547,25.799999237060547,25.799999237060547,25.799999237060547,530500,0.0,0.0
2020-12-16 00:00:00+08:00,28.280000686645508,28.280000686645508,25.600000381469727,27.399999618530273,298750,0.0,0.0
2020-12-17 00:00:00+08:00,27.399999618530273,27.399999618530273,24.68000030517578,24.68000030517578,236000,0.0,0.0
2020-12-18 00:00:00+08:00,24.559999465942383,24.559999465942383,23.200000762939453,23.200000762939453,123750,0.0,0.0
2020-12-21 00:00:00+08:00,23.600000381469727,25.520000457763672,23.600000381469727,25.520000457763672,85500,0.0,0.0
2020-12-22 00:00:00+08:00,28.040000915527344,28.040000915527344,27.84000015258789,27.84000015258789,400000,0.0,0.0
2020-12-23 00:00:00+08:00,27.799999237060547,27.799999237060547,25.920000076293945,27.799999237060547,204500,0.0,0.0
2020-12-24 00:00:00+08:00,30.0,30.399999618530273,30.0,30.399999618530273,419750,0.0,0.0
2020-12-25 00:00:00+08:00,31.600000381469727,33.0,31.600000381469727,33.0,439750,0.0,0.0
2020-12-28 00:00:00+08:00,33.20000076293945,34.79999923706055,33.20000076293945,34.79999923706055,210500,0.0,0.0
2020-12-29 00:00:00+08:00,34.79999923706055,34.79999923706055,31.31999969482422,32.79999923706055,236750,0.0,0.0
2020-12-30 00:00:00+08:00,29.520000457763672,33.599998474121094,29.520000457763672,33.560001373291016,201250,0.0,0.0
2020-12-31 00:00:00+08:00,33.36000061035156,33.79999923706055,31.799999237060547,32.0,152250,0.0,0.0
2021-01-04 00:00:00+08:00,32.0,32.720001220703125,32.0,32.0,68000,0.0,0.0
2021-01-05 00:00:00+08:00,30.399999618530273,30.399999618530273,29.68000030517578,29.68000030517578,121000,0.0,0.0
2021-01-06 00:00:00+08:00,31.920000076293945,31.920000076293945,26.760000228881836,28.799999237060547,158750,0.0,0.0
2021-01-07 00:00:00+08:00,28.799999237060547,28.799999237060547,27.31999969482422,27.31999969482422,79250,0.0,0.0
2021-01-08 00:00:00+08:00,27.239999771118164,27.239999771118164,24.84000015258789,25.600000381469727,100750,0.0,0.0
2021-01-11 00:00:00+08:00,26.399999618530273,28.0,26.399999618530273,28.0,122750,0.0,0.0
2021-01-12 00:00:00+08:00,26.639999389648438,27.799999237060547,26.639999389648438,27.200000762939453,54750,0.0,0.0
2021-01-13 00:00:00+08:00,27.0,28.200000762939453,27.0,27.600000381469727,63000,0.0,0.0
2021-01-14 00:00:00+08:00,27.600000381469727,27.600000381469727,27.200000762939453,27.200000762939453,31250,0.0,0.0
2021-01-15 00:00:00+08:00,28.0,28.0,25.200000762939453,25.200000762939453,57000,0.0,0.0
2021-01-18 00:00:00+08:00,25.0,25.0,22.799999237060547,24.8799991607666,60250,0.0,0.0
2021-01-19 00:00:00+08:00,24.0,24.0,23.440000534057617,24.0,52250,0.0,0.0
2021-01-20 00:00:00+08:00,25.200000762939453,25.200000762939453,23.200000762939453,24.0,53500,0.0,0.0
2021-01-21 00:00:00+08:00,24.0,25.600000381469727,24.0,25.600000381469727,74750,0.0,0.0
2021-01-22 00:00:00+08:00,24.31999969482422,24.799999237060547,24.0,24.799999237060547,53500,0.0,0.0
2021-01-25 00:00:00+08:00,23.600000381469727,24.0,23.399999618530273,24.0,56750,0.0,0.0
2021-01-26 00:00:00+08:00,24.760000228881836,24.760000228881836,22.440000534057617,22.799999237060547,35750,0.0,0.0
2021-01-27 00:00:00+08:00,23.200000762939453,23.200000762939453,21.600000381469727,21.600000381469727,83750,0.0,0.0
2021-01-28 00:00:00+08:00,20.040000915527344,22.600000381469727,20.040000915527344,22.600000381469727,68000,0.0,0.0
2021-01-29 00:00:00+08:00,22.399999618530273,23.200000762939453,22.200000762939453,22.399999618530273,47750,0.0,0.0
2021-02-01 00:00:00+08:00,22.399999618530273,22.399999618530273,21.600000381469727,22.399999618530273,34000,0.0,0.0
2021-02-02 00:00:00+08:00,24.0,24.0,22.399999618530273,23.920000076293945,73750,0.0,0.0
2021-02-03 00:00:00+08:00,23.200000762939453,23.200000762939453,22.0,22.0,41750,0.0,0.0
2021-02-04 00:00:00+08:00,22.399999618530273,23.15999984741211,22.0,22.799999237060547,46750,0.0,0.0
2021-02-05 00:00:00+08:00,23.200000762939453,23.399999618530273,22.799999237060547,22.799999237060547,47250,0.0,0.0
2021-02-17 00:00:00+08:00,23.200000762939453,25.079999923706055,23.200000762939453,25.079999923706055,66750,0.0,0.0
2021-02-18 00:00:00+08:00,26.31999969482422,27.559999465942383,26.31999969482422,27.559999465942383,114000,0.0,0.0
2021-02-19 00:00:00+08:00,30.280000686645508,30.280000686645508,30.280000686645508,30.280000686645508,134750,0.0,0.0
2021-02-22 00:00:00+08:00,33.279998779296875,33.279998779296875,30.799999237060547,30.799999237060547,340250,0.0,0.0
2021-02-23 00:00:00+08:00,29.280000686645508,31.200000762939453,28.920000076293945,31.200000762939453,97750,0.0,0.0
2021-02-24 00:00:00+08:00,32.79999923706055,32.79999923706055,30.0,30.0,104000,0.0,0.0
2021-02-25 00:00:00+08:00,30.0,31.0,30.0,31.0,51500,0.0,0.0
2021-02-26 00:00:00+08:00,29.239999771118164,30.479999542236328,29.239999771118164,30.479999542236328,36000,0.0,0.0
2021-03-02 00:00:00+08:00,31.920000076293945,31.920000076293945,29.360000610351562,29.600000381469727,26750,0.0,0.0
2021-03-03 00:00:00+08:00,28.799999237060547,29.600000381469727,28.799999237060547,29.600000381469727,24750,0.0,0.0
2021-03-04 00:00:00+08:00,29.200000762939453,29.200000762939453,28.399999618530273,28.799999237060547,21000,0.0,0.0
2021-03-05 00:00:00+08:00,28.040000915527344,29.1200008392334,28.040000915527344,29.1200008392334,21750,0.0,0.0
2021-03-08 00:00:00+08:00,29.1200008392334,30.0,28.0,29.079999923706055,40000,0.0,0.0
2021-03-09 00:00:00+08:00,28.079999923706055,28.600000381469727,28.079999923706055,28.600000381469727,10250,0.0,0.0
2021-03-10 00:00:00+08:00,28.600000381469727,28.600000381469727,28.280000686645508,28.399999618530273,5250,0.0,0.0
2021-03-11 00:00:00+08:00,27.799999237060547,28.0,27.799999237060547,28.0,26750,0.0,0.0
2021-03-12 00:00:00+08:00,27.600000381469727,27.600000381469727,26.84000015258789,27.040000915527344,20750,0.0,0.0
2021-03-15 00:00:00+08:00,26.84000015258789,28.0,26.84000015258789,28.0,41000,0.0,0.0
2021-03-16 00:00:00+08:00,28.0,29.200000762939453,28.0,29.200000762939453,62250,0.0,0.0
2021-03-17 00:00:00+08:00,29.200000762939453,29.200000762939453,28.639999389648438,28.639999389648438,84500,0.0,0.0
2021-03-18 00:00:00+08:00,29.520000457763672,29.520000457763672,28.959999084472656,28.959999084472656,30500,0.0,0.0
2021-03-19 00:00:00+08:00,29.360000610351562,30.0,28.8799991607666,30.0,83500,0.0,0.0
2021-03-22 00:00:00+08:00,30.399999618530273,32.0,30.399999618530273,32.0,140750,0.0,0.0
2021-03-23 00:00:00+08:00,32.400001525878906,32.84000015258789,30.799999237060547,31.200000762939453,148000,0.0,0.0
2021-03-24 00:00:00+08:00,31.600000381469727,31.639999389648438,30.399999618530273,30.799999237060547,43250,0.0,0.0
2021-03-25 00:00:00+08:00,30.799999237060547,30.799999237060547,30.239999771118164,30.239999771118164,57750,0.0,0.0
2021-03-26 00:00:00+08:00,30.399999618530273,30.799999237060547,30.399999618530273,30.399999618530273,87250,0.0,0.0
2021-03-29 00:00:00+08:00,30.399999618530273,30.399999618530273,29.040000915527344,29.040000915527344,44750,0.0,0.0
2021-03-30 00:00:00+08:00,29.200000762939453,31.920000076293945,28.040000915527344,31.920000076293945,84250,0.0,0.0
2021-03-31 00:00:00+08:00,35.08000183105469,35.08000183105469,35.08000183105469,35.08000183105469,472750,0.0,0.0
2021-04-01 00:00:00+08:00,38.560001373291016,38.560001373291016,35.599998474121094,36.0,534250,0.0,0.0
2021-04-07 00:00:00+08:00,33.599998474121094,34.79999923706055,33.0,34.79999923706055,104500,0.0,0.0
2021-04-08 00:00:00+08:00,35.20000076293945,35.20000076293945,32.720001220703125,32.720001220703125,111000,0.0,0.0
2021-04-09 00:00:00+08:00,32.79999923706055,34.0,32.79999923706055,34.0,95000,0.0,0.0
2021-04-12 00:00:00+08:00,34.20000076293945,34.20000076293945,32.20000076293945,32.20000076293945,88250,0.0,0.0
2021-04-13 00:00:00+08:00,32.0,33.20000076293945,32.0,32.0,125500,0.0,0.0
2021-04-14 00:00:00+08:00,32.0,32.79999923706055,31.399999618530273,32.79999923706055,51250,0.0,0.0
2021-04-15 00:00:00+08:00,32.63999938964844,32.63999938964844,32.599998474121094,32.63999938964844,27000,0.0,0.0
2021-04-16 00:00:00+08:00,32.79999923706055,32.79999923706055,32.0,32.400001525878906,50750,0.0,0.0
2021-04-19 00:00:00+08:00,32.0,32.20000076293945,31.600000381469727,31.600000381469727,78500,0.0,0.0
2021-04-20 00:00:00+08:00,31.520000457763672,31.520000457763672,30.719999313354492,31.0,76750,0.0,0.0
2021-04-21 00:00:00+08:00,31.440000534057617,34.08000183105469,31.440000534057617,34.08000183105469,118000,0.0,0.0
2021-04-22 00:00:00+08:00,34.959999084472656,36.0,32.0,33.84000015258789,187500,0.0,0.0
2021-04-23 00:00:00+08:00,33.20000076293945,34.0,32.880001068115234,34.0,65000,0.0,0.0
2021-04-26 00:00:00+08:00,37.400001525878906,37.400001525878906,35.20000076293945,35.20000076293945,129250,0.0,0.0
2021-04-27 00:00:00+08:00,35.79999923706055,35.79999923706055,34.400001525878906,35.15999984741211,61750,0.0,0.0
2021-04-28 00:00:00+08:00,36.0,36.0,34.040000915527344,34.040000915527344,74250,0.0,0.0
2021-04-29 00:00:00+08:00,34.0,35.20000076293945,33.79999923706055,35.20000076293945,57500,0.0,0.0
2021-05-03 00:00:00+08:00,35.0,35.0,32.0,32.0,70750,0.0,0.0
2021-05-04 00:00:00+08:00,31.799999237060547,31.799999237060547,29.040000915527344,29.799999237060547,51750,0.0,0.0
2021-05-05 00:00:00+08:00,29.600000381469727,32.0,29.600000381469727,30.639999389648438,41250,0.0,0.0
2021-05-06 00:00:00+08:00,30.639999389648438,31.200000762939453,30.639999389648438,30.719999313354492,22000,0.0,0.0
2021-05-07 00:00:00+08:00,32.0,32.0,31.959999084472656,32.0,65250,0.0,0.0
2021-05-10 00:00:00+08:00,30.239999771118164,31.600000381469727,30.239999771118164,31.520000457763672,6750,0.0,0.0
2021-05-11 00:00:00+08:00,30.280000686645508,32.0,30.280000686645508,30.360000610351562,38500,0.0,0.0
2021-05-12 00:00:00+08:00,29.600000381469727,29.600000381469727,27.360000610351562,28.0,64000,0.0,0.0
2021-05-13 00:00:00+08:00,25.239999771118164,29.200000762939453,25.239999771118164,28.799999237060547,34250,0.0,0.0
2021-05-14 00:00:00+08:00,30.0,30.0,26.479999542236328,28.0,20250,0.0,0.0
2021-05-17 00:00:00+08:00,25.360000610351562,26.399999618530273,25.200000762939453,25.200000762939453,67500,0.0,0.0
2021-05-18 00:00:00+08:00,25.399999618530273,27.479999542236328,25.399999618530273,26.799999237060547,22000,0.0,0.0
2021-05-19 00:00:00+08:00,24.440000534057617,26.639999389648438,24.440000534057617,26.040000915527344,15000,0.0,0.0
2021-05-20 00:00:00+08:00,27.200000762939453,28.639999389648438,27.200000762939453,28.639999389648438,95000,0.0,0.0
2021-05-21 00:00:00+08:00,29.600000381469727,29.600000381469727,27.600000381469727,27.920000076293945,18750,0.0,0.0
2021-05-24 00:00:00+08:00,28.0,28.0,27.8799991607666,27.959999084472656,16250,0.0,0.0
2021-05-25 00:00:00+08:00,28.799999237060547,28.799999237060547,28.0,28.0,14250,0.0,0.0
2021-05-26 00:00:00+08:00,26.1200008392334,29.440000534057617,26.1200008392334,29.440000534057617,6500,0.0,0.0
2021-05-27 00:00:00+08:00,30.0,30.0,26.84000015258789,27.920000076293945,8750,0.0,0.0
2021-05-28 00:00:00+08:00,29.15999984741211,29.15999984741211,28.0,28.799999237060547,41000,0.0,0.0
2021-05-31 00:00:00+08:00,29.959999084472656,29.959999084472656,27.239999771118164,28.0,13000,0.0,0.0
2021-06-01 00:00:00+08:00,28.479999542236328,29.0,28.0,28.079999923706055,12500,0.0,0.0
2021-06-02 00:00:00+08:00,28.079999923706055,29.799999237060547,28.079999923706055,29.799999237060547,3750,0.0,0.0
2021-06-03 00:00:00+08:00,29.600000381469727,29.600000381469727,28.1200008392334,29.600000381469727,8250,0.0,0.0
2021-06-04 00:00:00+08:00,28.239999771118164,29.15999984741211,28.0,29.15999984741211,11750,0.0,0.0
2021-06-07 00:00:00+08:00,27.399999618530273,27.440000534057617,27.399999618530273,27.440000534057617,9500,0.0,0.0
2021-06-08 00:00:00+08:00,28.399999618530273,28.799999237060547,28.399999618530273,28.479999542236328,64500,0.0,0.0
2021-06-09 00:00:00+08:00,28.600000381469727,28.600000381469727,28.0,28.600000381469727,32750,0.0,0.0
2021-06-10 00:00:00+08:00,27.239999771118164,29.399999618530273,27.239999771118164,29.399999618530273,79000,0.0,0.0
2021-06-11 00:00:00+08:00,29.399999618530273,31.200000762939453,29.399999618530273,30.399999618530273,77250,0.0,0.0
2021-06-15 00:00:00+08:00,30.600000381469727,30.600000381469727,29.399999618530273,29.440000534057617,14750,0.0,0.0
2021-06-16 00:00:00+08:00,29.440000534057617,29.440000534057617,29.399999618530273,29.399999618530273,21750,0.0,0.0
2021-06-17 00:00:00+08:00,29.959999084472656,29.959999084472656,29.399999618530273,29.399999618530273,1000,0.0,0.0
2021-06-18 00:00:00+08:00,30.0,30.799999237060547,29.600000381469727,30.799999237060547,34750,0.0,0.0
2021-06-21 00:00:00+08:00,30.719999313354492,30.719999313354492,29.799999237060547,29.799999237060547,37500,0.0,0.0
2021-06-22 00:00:00+08:00,29.799999237060547,30.0,29.799999237060547,30.0,30500,0.0,0.0
2021-06-23 00:00:00+08:00,30.280000686645508,30.520000457763672,30.280000686645508,30.520000457763672,20750,0.0,0.0
2021-06-24 00:00:00+08:00,30.520000457763672,31.0,30.200000762939453,31.0,25250,0.0,0.0
2021-06-25 00:00:00+08:00,33.31999969482422,33.31999969482422,31.200000762939453,32.0,49750,0.0,0.0
2021-06-28 00:00:00+08:00,31.600000381469727,32.040000915527344,31.600000381469727,32.040000915527344,44000,0.0,0.0
2021-06-29 00:00:00+08:00,32.040000915527344,34.0,32.040000915527344,34.0,141500,0.0,0.0
2021-06-30 00:00:00+08:00,34.79999923706055,34.79999923706055,33.63999938964844,33.63999938964844,71500,0.0,0.0
2021-07-01 00:00:00+08:00,34.400001525878906,34.400001525878906,33.52000045776367,34.400001525878906,116750,0.0,0.0
2021-07-02 00:00:00+08:00,34.400001525878906,36.0,34.400001525878906,36.0,239000,0.0,0.0
2021-07-05 00:00:00+08:00,39.599998474121094,39.599998474121094,37.20000076293945,38.20000076293945,224750,0.0,0.0
2021-07-06 00:00:00+08:00,39.20000076293945,42.0,39.20000076293945,42.0,501750,0.0,0.0
2021-07-07 00:00:00+08:00,46.20000076293945,46.20000076293945,46.20000076293945,46.20000076293945,157500,0.0,0.0
2021-07-08 00:00:00+08:00,50.79999923706055,50.79999923706055,50.79999923706055,50.79999923706055,174750,0.0,0.0
2021-07-09 00:00:00+08:00,55.79999923706055,55.79999923706055,45.79999923706055,51.20000076293945,734500,0.0,0.0
2021-07-12 00:00:00+08:00,52.400001525878906,54.79999923706055,52.400001525878906,53.599998474121094,373500,0.0,0.0
2021-07-13 00:00:00+08:00,55.599998474121094,56.0,53.599998474121094,53.599998474121094,265250,0.0,0.0
2021-07-14 00:00:00+08:00,53.79999923706055,53.79999923706055,48.400001525878906,50.0,136250,0.0,0.0
2021-07-15 00:00:00+08:00,46.20000076293945,50.0,46.20000076293945,50.0,110250,0.0,0.0
2021-07-16 00:00:00+08:00,47.400001525878906,52.0,47.400001525878906,52.0,76000,0.0,0.0
2021-07-19 00:00:00+08:00,52.0,52.0,52.0,52.0,69750,0.0,0.0
2021-07-20 00:00:00+08:00,52.0,52.0,50.20000076293945,50.599998474121094,61750,0.0,0.0
2021-07-21 00:00:00+08:00,50.599998474121094,52.0,50.599998474121094,52.0,116250,0.0,0.0
2021-07-22 00:00:00+08:00,50.400001525878906,54.0,50.400001525878906,54.0,161000,0.0,0.0
2021-07-23 00:00:00+08:00,55.0,58.0,55.0,58.0,208500,0.0,0.0
2021-07-26 00:00:00+08:00,58.400001525878906,63.79999923706055,58.400001525878906,63.79999923706055,262500,0.0,0.0
2021-07-27 00:00:00+08:00,66.0,68.80000305175781,58.0,59.599998474121094,448500,0.0,0.0
2021-07-28 00:00:00+08:00,59.599998474121094,61.20000076293945,54.400001525878906,61.20000076293945,139500,0.0,0.0
2021-07-29 00:00:00+08:00,61.20000076293945,67.19999694824219,61.20000076293945,67.19999694824219,124500,0.0,0.0
2021-07-30 00:00:00+08:00,72.80000305175781,72.80000305175781,65.4000015258789,68.0,182500,0.0,0.0
2021-08-02 00:00:00+08:00,68.0,71.5999984741211,68.0,69.19999694824219,75000,0.0,0.0
2021-08-03 00:00:00+08:00,72.0,72.0,64.4000015258789,68.0,65250,0.0,0.0
2021-08-04 00:00:00+08:00,68.0,68.0,65.0,65.0,69250,0.0,0.0
2021-08-05 00:00:00+08:00,64.80000305175781,64.80000305175781,63.0,64.0,73000,0.0,0.0
2021-08-06 00:00:00+08:00,64.0,64.0,59.20000076293945,59.20000076293945,79500,0.0,0.0
2021-08-09 00:00:00+08:00,60.0,60.0,53.599998474121094,53.599998474121094,75000,0.0,0.0
2021-08-10 00:00:00+08:00,53.599998474121094,53.599998474121094,49.599998474121094,49.599998474121094,143750,0.0,0.0
2021-08-11 00:00:00+08:00,49.599998474121094,54.400001525878906,49.400001525878906,54.400001525878906,73250,0.0,0.0
2021-08-12 00:00:00+08:00,58.400001525878906,59.599998474121094,55.599998474121094,57.20000076293945,120000,0.0,0.0
2021-08-13 00:00:00+08:00,56.79999923706055,58.0,55.0,58.0,39000,0.0,0.0
2021-08-16 00:00:00+08:00,63.79999923706055,63.79999923706055,57.599998474121094,59.79999923706055,50250,0.0,0.0
2021-08-17 00:00:00+08:00,59.79999923706055,59.79999923706055,59.79999923706055,59.79999923706055,0,0.0,0.0
2021-08-18 00:00:00+08:00,56.400001525878906,59.599998474121094,56.0,59.599998474121094,38750,0.0,0.0
2021-08-19 00:00:00+08:00,58.0,58.0,55.20000076293945,56.400001525878906,18000,0.0,0.0
2021-08-20 00:00:00+08:00,55.599998474121094,55.599998474121094,51.0,52.20000076293945,46250,0.0,0.0
2021-08-23 00:00:00+08:00,53.20000076293945,57.400001525878906,53.20000076293945,57.400001525878906,89500,0.0,0.0
2021-08-24 00:00:00+08:00,57.400001525878906,57.400001525878906,51.79999923706055,54.79999923706055,93250,0.0,0.0
2021-08-25 00:00:00+08:00,53.599998474121094,55.400001525878906,53.599998474121094,54.79999923706055,21500,0.0,0.0
2021-08-26 00:00:00+08:00,56.0,56.0,52.400001525878906,53.0,18000,0.0,0.0
2021-08-27 00:00:00+08:00,53.0,54.599998474121094,53.0,54.599998474121094,12000,0.0,0.0
2021-08-30 00:00:00+08:00,54.0,54.79999923706055,54.0,54.79999923706055,8500,0.0,0.0
2021-08-31 00:00:00+08:00,51.599998474121094,55.599998474121094,51.599998474121094,55.400001525878906,18750,0.0,0.0
2021-09-01 00:00:00+08:00,55.79999923706055,57.20000076293945,55.79999923706055,57.20000076293945,76500,0.0,0.0
2021-09-02 00:00:00+08:00,58.0,58.0,56.400001525878906,56.400001525878906,18250,0.0,0.0
2021-09-03 00:00:00+08:00,56.400001525878906,57.20000076293945,56.400001525878906,56.79999923706055,37250,0.0,0.0
2021-09-06 00:00:00+08:00,56.79999923706055,56.79999923706055,54.79999923706055,55.0,9000,0.0,0.0
2021-09-07 00:00:00+08:00,52.20000076293945,55.0,52.20000076293945,53.79999923706055,7250,0.0,0.0
2021-09-08 00:00:00+08:00,55.599998474121094,55.599998474121094,52.400001525878906,53.599998474121094,20000,0.0,0.0
2021-09-09 00:00:00+08:00,52.79999923706055,55.599998474121094,52.79999923706055,55.599998474121094,25250,0.0,0.0
2021-09-10 00:00:00+08:00,55.20000076293945,55.20000076293945,52.400001525878906,55.0,29000,0.0,0.0
2021-09-13 00:00:00+08:00,54.400001525878906,54.400001525878906,53.20000076293945,53.20000076293945,19250,0.0,0.0
2021-09-14 00:00:00+08:00,53.20000076293945,54.79999923706055,53.20000076293945,54.400001525878906,23000,0.0,0.0
2021-09-15 00:00:00+08:00,53.599998474121094,53.599998474121094,53.599998474121094,53.599998474121094,4500,0.0,0.0
2021-09-16 00:00:00+08:00,53.599998474121094,53.599998474121094,52.79999923706055,52.79999923706055,17250,0.0,0.0
2021-09-17 00:00:00+08:00,54.0,54.0,51.599998474121094,52.0,27500,0.0,0.0
2021-09-22 00:00:00+08:00,52.0,52.0,50.0,50.0,33250,0.0,0.0
2021-09-23 00:00:00+08:00,50.400001525878906,52.0,50.400001525878906,51.400001525878906,15000,0.0,0.0
2021-09-24 00:00:00+08:00,50.0,51.599998474121094,50.0,51.20000076293945,30250,0.0,0.0
2021-09-27 00:00:00+08:00,50.0,52.0,49.20000076293945,52.0,38500,0.0,0.0
2021-09-28 00:00:00+08:00,52.0,52.0,50.599998474121094,52.0,16750,0.0,0.0
2021-09-29 00:00:00+08:00,51.79999923706055,51.79999923706055,51.400001525878906,51.400001525878906,13750,0.0,0.0
2021-09-30 00:00:00+08:00,51.20000076293945,52.400001525878906,51.20000076293945,52.400001525878906,16500,0.0,0.0
2021-10-01 00:00:00+08:00,52.400001525878906,52.400001525878906,51.20000076293945,51.20000076293945,16000,0.0,0.0
2021-10-04 00:00:00+08:00,51.20000076293945,51.20000076293945,49.0,49.0,21000,0.0,0.0
2021-10-05 00:00:00+08:00,48.79999923706055,48.79999923706055,47.599998474121094,47.599998474121094,31250,0.0,0.0
2021-10-06 00:00:00+08:00,47.599998474121094,48.0,47.0,47.0,24000,0.0,0.0
2021-10-07 00:00:00+08:00,51.599998474121094,51.599998474121094,48.400001525878906,49.599998474121094,37750,0.0,0.0
2021-10-08 00:00:00+08:00,48.79999923706055,49.79999923706055,48.79999923706055,48.79999923706055,14500,0.0,0.0
2021-10-12 00:00:00+08:00,48.20000076293945,48.400001525878906,46.79999923706055,46.79999923706055,13750,0.0,0.0
2021-10-13 00:00:00+08:00,45.400001525878906,45.599998474121094,45.20000076293945,45.20000076293945,33500,0.0,0.0
2021-10-14 00:00:00+08:00,45.0,45.400001525878906,45.0,45.400001525878906,21500,0.0,0.0
2021-10-15 00:00:00+08:00,47.79999923706055,48.0,47.79999923706055,48.0,35750,0.0,0.0
2021-10-18 00:00:00+08:00,45.599998474121094,45.79999923706055,45.599998474121094,45.79999923706055,8000,0.0,0.0
2021-10-19 00:00:00+08:00,45.79999923706055,46.400001525878906,45.79999923706055,46.400001525878906,17750,0.0,0.0
2021-10-20 00:00:00+08:00,45.400001525878906,47.599998474121094,45.400001525878906,47.20000076293945,2000,0.0,0.0
2021-10-21 00:00:00+08:00,47.79999923706055,47.79999923706055,46.0,46.0,5500,0.0,0.0
2021-10-22 00:00:00+08:00,45.79999923706055,45.79999923706055,45.400001525878906,45.599998474121094,7750,0.0,0.0
2021-10-25 00:00:00+08:00,46.0,46.400001525878906,46.0,46.400001525878906,13500,0.0,0.0
2021-10-26 00:00:00+08:00,47.20000076293945,49.599998474121094,47.0,49.599998474121094,49000,0.0,0.0
2021-10-27 00:00:00+08:00,49.20000076293945,53.20000076293945,49.20000076293945,50.0,14500,0.0,0.0
2021-10-28 00:00:00+08:00,49.20000076293945,51.0,49.20000076293945,49.79999923706055,16750,0.0,0.0
2021-10-29 00:00:00+08:00,48.79999923706055,50.0,46.79999923706055,47.599998474121094,6750,0.0,0.0
2021-11-01 00:00:00+08:00,46.79999923706055,49.0,46.79999923706055,48.0,9250,0.0,0.0
2021-11-02 00:00:00+08:00,48.0,49.0,48.0,48.20000076293945,4500,0.0,0.0
2021-11-03 00:00:00+08:00,49.599998474121094,49.599998474121094,48.0,48.20000076293945,10000,0.0,0.0
2021-11-04 00:00:00+08:00,48.79999923706055,49.0,48.0,48.79999923706055,19250,0.0,0.0
2021-11-05 00:00:00+08:00,50.0,50.400001525878906,50.0,50.0,20500,0.0,0.0
2021-11-08 00:00:00+08:00,50.0,50.0,48.79999923706055,48.79999923706055,13250,0.0,0.0
2021-11-09 00:00:00+08:00,49.599998474121094,50.0,49.599998474121094,50.0,14250,0.0,0.0
2021-11-10 00:00:00+08:00,49.20000076293945,49.79999923706055,49.0,49.79999923706055,2750,0.0,0.0
2021-11-11 00:00:00+08:00,48.79999923706055,48.79999923706055,48.599998474121094,48.79999923706055,6000,0.0,0.0
2021-11-12 00:00:00+08:00,48.79999923706055,48.79999923706055,47.79999923706055,47.79999923706055,18000,0.0,0.0
2021-11-15 00:00:00+08:00,47.79999923706055,47.79999923706055,46.0,46.0,29500,0.0,0.0
2021-11-16 00:00:00+08:00,46.0,46.0,45.400001525878906,45.400001525878906,33000,0.0,0.0
2021-11-17 00:00:00+08:00,45.400001525878906,45.400001525878906,44.20000076293945,45.20000076293945,35750,0.0,0.0
2021-11-18 00:00:00+08:00,45.20000076293945,45.20000076293945,44.20000076293945,44.79999923706055,59500,0.0,0.0
2021-11-19 00:00:00+08:00,44.79999923706055,44.79999923706055,44.79999923706055,44.79999923706055,34500,0.0,0.0
2021-11-22 00:00:00+08:00,44.79999923706055,45.0,44.79999923706055,45.0,27500,0.0,0.0
2021-11-23 00:00:00+08:00,45.400001525878906,49.400001525878906,45.400001525878906,49.400001525878906,37500,0.0,0.0
2021-11-24 00:00:00+08:00,54.20000076293945,54.20000076293945,53.20000076293945,53.20000076293945,200750,0.0,0.0
2021-11-25 00:00:00+08:00,50.79999923706055,53.20000076293945,50.0,51.599998474121094,46250,0.0,0.0
2021-11-26 00:00:00+08:00,51.599998474121094,54.0,50.0,53.20000076293945,37000,0.0,0.0
2021-11-29 00:00:00+08:00,53.20000076293945,53.20000076293945,49.20000076293945,52.0,30000,0.0,0.0
2021-11-30 00:00:00+08:00,52.0,52.0,52.0,52.0,30500,0.0,0.0
2021-12-01 00:00:00+08:00,51.79999923706055,52.0,50.599998474121094,51.599998474121094,8500,0.0,0.0
2021-12-02 00:00:00+08:00,52.0,52.0,51.400001525878906,51.400001525878906,16250,0.0,0.0
2021-12-03 00:00:00+08:00,52.0,52.0,51.0,51.0,9000,0.0,0.0
2021-12-06 00:00:00+08:00,51.400001525878906,51.400001525878906,50.79999923706055,50.79999923706055,10750,0.0,0.0
2021-12-07 00:00:00+08:00,50.79999923706055,50.79999923706055,50.0,50.400001525878906,22000,0.0,0.0
2021-12-08 00:00:00+08:00,50.79999923706055,51.0,50.0,50.79999923706055,21250,0.0,0.0
2021-12-09 00:00:00+08:00,50.79999923706055,50.79999923706055,50.599998474121094,50.599998474121094,9250,0.0,0.0
2021-12-10 00:00:00+08:00,50.400001525878906,50.400001525878906,50.0,50.0,8750,0.0,0.0
2021-12-13 00:00:00+08:00,48.79999923706055,48.79999923706055,45.0,48.0,65500,0.0,0.0
2021-12-14 00:00:00+08:00,47.79999923706055,48.79999923706055,47.0,48.79999923706055,38000,0.0,0.0
2021-12-15 00:00:00+08:00,48.0,48.0,47.599998474121094,47.599998474121094,13250,0.0,0.0
2021-12-16 00:00:00+08:00,47.20000076293945,47.599998474121094,47.0,47.599998474121094,13500,0.0,0.0
2021-12-17 00:00:00+08:00,47.400001525878906,47.400001525878906,47.20000076293945,47.20000076293945,29250,0.0,0.0
2021-12-20 00:00:00+08:00,46.79999923706055,46.79999923706055,46.0,46.400001525878906,15000,0.0,0.0
2021-12-21 00:00:00+08:00,48.0,48.0,47.599998474121094,47.599998474121094,3250,0.0,0.0
2021-12-22 00:00:00+08:00,47.599998474121094,48.0,47.599998474121094,47.599998474121094,2750,0.0,0.0
2021-12-23 00:00:00+08:00,47.599998474121094,47.599998474121094,47.20000076293945,47.20000076293945,4750,0.0,0.0
2021-12-24 00:00:00+08:00,47.20000076293945,48.0,46.20000076293945,48.0,10250,0.0,0.0
2021-12-27 00:00:00+08:00,48.0,50.0,48.0,48.400001525878906,14000,0.0,0.0
2021-12-28 00:00:00+08:00,48.400001525878906,48.400001525878906,48.0,48.0,6500,0.0,0.0
2021-12-29 00:00:00+08:00,48.0,50.599998474121094,48.0,49.20000076293945,13500,0.0,0.0
2021-12-30 00:00:00+08:00,49.20000076293945,49.20000076293945,48.79999923706055,49.0,6500,0.0,0.0
2022-01-03 00:00:00+08:00,49.0,49.0,48.79999923706055,49.0,7500,0.0,0.0
2022-01-04 00:00:00+08:00,49.79999923706055,50.0,48.0,48.20000076293945,22750,0.0,0.0
2022-01-05 00:00:00+08:00,49.20000076293945,49.20000076293945,48.400001525878906,49.20000076293945,15500,0.0,0.0
2022-01-06 00:00:00+08:00,48.0,50.0,48.0,48.599998474121094,5500,0.0,0.0
2022-01-07 00:00:00+08:00,48.599998474121094,49.20000076293945,48.20000076293945,48.79999923706055,8750,0.0,0.0
2022-01-10 00:00:00+08:00,48.0,48.79999923706055,47.20000076293945,48.400001525878906,14250,0.0,0.0
2022-01-11 00:00:00+08:00,48.400001525878906,48.400001525878906,46.400001525878906,46.79999923706055,5750,0.0,0.0
2022-01-12 00:00:00+08:00,46.79999923706055,48.0,46.79999923706055,48.0,5750,0.0,0.0
2022-01-13 00:00:00+08:00,47.599998474121094,47.599998474121094,46.400001525878906,46.400001525878906,14000,0.0,0.0
2022-01-14 00:00:00+08:00,46.599998474121094,47.599998474121094,46.400001525878906,46.599998474121094,25000,0.0,0.0
2022-01-17 00:00:00+08:00,48.0,48.0,46.400001525878906,46.400001525878906,13750,0.0,0.0
2022-01-18 00:00:00+08:00,47.20000076293945,47.20000076293945,45.20000076293945,45.599998474121094,11500,0.0,0.0
2022-01-19 00:00:00+08:00,46.79999923706055,47.0,46.79999923706055,46.79999923706055,17500,0.0,0.0
2022-01-20 00:00:00+08:00,47.599998474121094,47.599998474121094,47.400001525878906,47.400001525878906,1000,0.0,0.0
2022-01-21 00:00:00+08:00,46.20000076293945,46.400001525878906,46.20000076293945,46.400001525878906,3250,0.0,0.0
2022-01-24 00:00:00+08:00,46.599998474121094,46.599998474121094,45.20000076293945,45.20000076293945,5750,0.0,0.0
2022-01-25 00:00:00+08:00,45.20000076293945,45.599998474121094,44.79999923706055,44.79999923706055,22250,0.0,0.0
2022-01-26 00:00:00+08:00,44.599998474121094,45.400001525878906,44.599998474121094,45.400001525878906,13000,0.0,0.0
2022-02-07 00:00:00+08:00,45.400001525878906,46.599998474121094,45.400001525878906,46.599998474121094,5250,0.0,0.0
2022-02-08 00:00:00+08:00,46.599998474121094,46.599998474121094,45.20000076293945,45.79999923706055,8000,0.0,0.0
2022-02-09 00:00:00+08:00,46.20000076293945,46.599998474121094,46.20000076293945,46.599998474121094,5500,0.0,0.0
2022-02-10 00:00:00+08:00,45.20000076293945,46.599998474121094,45.20000076293945,46.599998474121094,3000,0.0,0.0
2022-02-11 00:00:00+08:00,46.599998474121094,46.599998474121094,45.599998474121094,45.599998474121094,7000,0.0,0.0
2022-02-14 00:00:00+08:00,46.20000076293945,46.20000076293945,45.599998474121094,45.599998474121094,2750,0.0,0.0
2022-02-15 00:00:00+08:00,45.79999923706055,46.0,45.0,45.0,4000,0.0,0.0
2022-02-16 00:00:00+08:00,44.400001525878906,46.0,44.400001525878906,45.79999923706055,14750,0.0,0.0
2022-02-17 00:00:00+08:00,45.20000076293945,45.20000076293945,45.0,45.0,10000,0.0,0.0
2022-02-18 00:00:00+08:00,45.20000076293945,45.20000076293945,45.20000076293945,45.20000076293945,8500,0.0,0.0
2022-02-21 00:00:00+08:00,45.599998474121094,45.599998474121094,45.599998474121094,45.599998474121094,2250,0.0,0.0
2022-02-22 00:00:00+08:00,45.599998474121094,45.599998474121094,42.20000076293945,42.400001525878906,39500,0.0,0.0
2022-02-23 00:00:00+08:00,42.400001525878906,42.400001525878906,38.15999984741211,38.15999984741211,75500,0.0,0.0
2022-02-24 00:00:00+08:00,34.36000061035156,34.36000061035156,34.36000061035156,34.36000061035156,184500,0.0,0.0
2022-02-25 00:00:00+08:00,34.7599983215332,34.79999923706055,30.959999084472656,30.959999084472656,115500,0.0,0.0
2022-03-01 00:00:00+08:00,32.79999923706055,32.79999923706055,30.959999084472656,32.36000061035156,62750,0.0,0.0
2022-03-02 00:00:00+08:00,32.400001525878906,35.560001373291016,32.400001525878906,35.560001373291016,98750,0.0,0.0
2022-03-03 00:00:00+08:00,34.560001373291016,34.560001373291016,33.0,33.20000076293945,54500,0.0,0.0
2022-03-04 00:00:00+08:00,33.15999984741211,34.36000061035156,33.15999984741211,33.959999084472656,25750,0.0,0.0
2022-03-07 00:00:00+08:00,32.880001068115234,32.880001068115234,32.84000015258789,32.84000015258789,11500,0.0,0.0
2022-03-08 00:00:00+08:00,32.84000015258789,32.84000015258789,31.31999969482422,31.31999969482422,18750,0.0,0.0
2022-03-09 00:00:00+08:00,31.31999969482422,32.599998474121094,31.31999969482422,32.599998474121094,24500,0.0,0.0
2022-03-10 00:00:00+08:00,32.560001373291016,32.560001373291016,32.400001525878906,32.400001525878906,33750,0.0,0.0
2022-03-11 00:00:00+08:00,32.400001525878906,32.79999923706055,32.400001525878906,32.400001525878906,11750,0.0,0.0
2022-03-14 00:00:00+08:00,32.400001525878906,32.79999923706055,32.400001525878906,32.47999954223633,22250,0.0,0.0
2022-03-15 00:00:00+08:00,32.47999954223633,32.47999954223633,32.0,32.0,7000,0.0,0.0
2022-03-16 00:00:00+08:00,32.0,32.0,31.520000457763672,31.520000457763672,11750,0.0,0.0
2022-03-17 00:00:00+08:00,31.520000457763672,32.0,31.520000457763672,31.520000457763672,25250,0.0,0.0
2022-03-18 00:00:00+08:00,31.520000457763672,31.600000381469727,31.520000457763672,31.559999465942383,11250,0.0,0.0
2022-03-21 00:00:00+08:00,31.559999465942383,32.0,31.559999465942383,31.799999237060547,14500,0.0,0.0
2022-03-22 00:00:00+08:00,31.799999237060547,32.79999923706055,31.799999237060547,32.7599983215332,10250,0.0,0.0
2022-03-23 00:00:00+08:00,32.84000015258789,33.119998931884766,32.84000015258789,33.0,16500,0.0,0.0
2022-03-24 00:00:00+08:00,33.040000915527344,34.0,33.040000915527344,34.0,16250,0.0,0.0
2022-03-25 00:00:00+08:00,34.0,34.79999923706055,33.79999923706055,33.79999923706055,45500,0.0,0.0
2022-03-28 00:00:00+08:00,33.880001068115234,34.560001373291016,33.79999923706055,33.79999923706055,14250,0.0,0.0
2022-03-29 00:00:00+08:00,33.79999923706055,34.599998474121094,33.79999923706055,34.560001373291016,14500,0.0,0.0
2022-03-30 00:00:00+08:00,34.560001373291016,35.599998474121094,34.560001373291016,35.599998474121094,41000,0.0,0.0
2022-03-31 00:00:00+08:00,35.599998474121094,35.79999923706055,35.560001373291016,35.560001373291016,7750,0.0,0.0
2022-04-01 00:00:00+08:00,35.560001373291016,35.599998474121094,35.52000045776367,35.599998474121094,5750,0.0,0.0
2022-04-06 00:00:00+08:00,35.599998474121094,35.599998474121094,35.400001525878906,35.400001525878906,13250,0.0,0.0
2022-04-07 00:00:00+08:00,35.400001525878906,35.400001525878906,34.400001525878906,34.400001525878906,4750,0.0,0.0
2022-04-08 00:00:00+08:00,34.400001525878906,34.599998474121094,34.20000076293945,34.400001525878906,10750,0.0,0.0
2022-04-11 00:00:00+08:00,34.2400016784668,34.2400016784668,33.20000076293945,33.20000076293945,9500,0.0,0.0
2022-04-12 00:00:00+08:00,33.20000076293945,33.20000076293945,32.08000183105469,32.20000076293945,14250,0.0,0.0
2022-04-13 00:00:00+08:00,32.20000076293945,32.400001525878906,32.20000076293945,32.400001525878906,10000,0.0,0.0
2022-04-14 00:00:00+08:00,32.400001525878906,32.400001525878906,32.040000915527344,32.119998931884766,6750,0.0,0.0
2022-04-15 00:00:00+08:00,32.119998931884766,32.36000061035156,32.119998931884766,32.36000061035156,3750,0.0,0.0
2022-04-18 00:00:00+08:00,32.400001525878906,32.400001525878906,31.959999084472656,32.400001525878906,7750,0.0,0.0
2022-04-19 00:00:00+08:00,32.400001525878906,35.2400016784668,32.400001525878906,32.79999923706055,5250,0.0,0.0
2022-04-20 00:00:00+08:00,34.0,34.0,33.2400016784668,33.2400016784668,11000,0.0,0.0
2022-04-21 00:00:00+08:00,33.2400016784668,33.2400016784668,32.79999923706055,33.20000076293945,750,0.0,0.0
2022-04-22 00:00:00+08:00,33.20000076293945,33.20000076293945,32.040000915527344,32.79999923706055,2250,0.0,0.0
2022-04-25 00:00:00+08:00,32.720001220703125,32.720001220703125,31.280000686645508,31.280000686645508,8750,0.0,0.0
2022-04-26 00:00:00+08:00,31.280000686645508,31.31999969482422,31.0,31.200000762939453,10750,0.0,0.0
2022-04-27 00:00:00+08:00,31.200000762939453,31.200000762939453,30.84000015258789,30.959999084472656,9500,0.0,0.0
2022-04-28 00:00:00+08:00,30.959999084472656,31.0,30.84000015258789,30.84000015258789,13000,0.0,0.0
2022-04-29 00:00:00+08:00,30.84000015258789,31.0,30.84000015258789,31.0,3750,0.0,0.0
2022-05-03 00:00:00+08:00,31.0,31.959999084472656,29.239999771118164,30.399999618530273,7250,0.0,0.0
2022-05-04 00:00:00+08:00,30.399999618530273,30.600000381469727,29.600000381469727,30.0,14000,0.0,0.0
2022-05-05 00:00:00+08:00,29.799999237060547,30.0,29.600000381469727,30.0,19500,0.0,0.0
2022-05-06 00:00:00+08:00,29.600000381469727,29.799999237060547,29.280000686645508,29.799999237060547,12500,0.0,0.0
2022-05-09 00:00:00+08:00,30.0,32.52000045776367,29.799999237060547,31.639999389648438,15750,0.0,0.0
2022-05-10 00:00:00+08:00,31.440000534057617,31.559999465942383,29.799999237060547,31.559999465942383,13000,0.0,0.0
2022-05-11 00:00:00+08:00,31.399999618530273,31.399999618530273,30.0,31.399999618530273,8500,0.0,0.0
2022-05-12 00:00:00+08:00,30.799999237060547,31.600000381469727,30.399999618530273,31.399999618530273,19750,0.0,0.0
2022-05-13 00:00:00+08:00,31.200000762939453,31.200000762939453,30.0,31.200000762939453,11750,0.0,0.0
2022-05-16 00:00:00+08:00,30.799999237060547,30.799999237060547,30.399999618530273,30.719999313354492,8250,0.0,0.0
2022-05-17 00:00:00+08:00,30.399999618530273,30.799999237060547,30.399999618530273,30.799999237060547,18000,0.0,0.0
2022-05-18 00:00:00+08:00,30.84000015258789,30.84000015258789,30.440000534057617,30.84000015258789,8500,0.0,0.0
2022-05-19 00:00:00+08:00,30.84000015258789,31.200000762939453,30.84000015258789,30.84000015258789,2500,0.0,0.0
2022-05-20 00:00:00+08:00,30.8799991607666,30.8799991607666,30.440000534057617,30.799999237060547,11250,0.0,0.0
2022-05-23 00:00:00+08:00,30.799999237060547,31.15999984741211,30.399999618530273,30.440000534057617,8750,0.0,0.0
2022-05-24 00:00:00+08:00,33.279998779296875,33.279998779296875,30.0,30.399999618530273,23000,0.0,0.0
2022-05-25 00:00:00+08:00,30.399999618530273,31.200000762939453,30.399999618530273,30.399999618530273,18250,0.0,0.0
2022-05-26 00:00:00+08:00,30.399999618530273,31.200000762939453,30.399999618530273,31.200000762939453,18000,0.0,0.0
2022-05-27 00:00:00+08:00,31.200000762939453,31.959999084472656,31.200000762939453,31.200000762939453,10250,0.0,0.0
2022-05-30 00:00:00+08:00,31.200000762939453,31.360000610351562,31.200000762939453,31.360000610351562,12750,0.0,0.0
2022-05-31 00:00:00+08:00,31.360000610351562,32.68000030517578,31.360000610351562,32.599998474121094,14750,0.0,0.0
2022-06-01 00:00:00+08:00,32.79999923706055,35.599998474121094,32.79999923706055,35.599998474121094,19750,0.0,0.0
2022-06-02 00:00:00+08:00,37.63999938964844,37.63999938964844,34.0,34.0,55750,0.0,0.0
2022-06-06 00:00:00+08:00,34.0,35.84000015258789,34.0,35.79999923706055,21250,0.0,0.0
2022-06-07 00:00:00+08:00,37.0,37.0,36.0,36.400001525878906,20750,0.0,0.0
2022-06-08 00:00:00+08:00,36.20000076293945,36.20000076293945,35.84000015258789,35.84000015258789,10750,0.0,0.0
2022-06-09 00:00:00+08:00,36.79999923706055,36.79999923706055,36.0,36.0,31250,0.0,0.0
2022-06-10 00:00:00+08:00,36.0,36.0,35.91999816894531,35.91999816894531,5500,0.0,0.0
2022-06-13 00:00:00+08:00,35.91999816894531,35.91999816894531,34.119998931884766,34.7599983215332,21000,0.0,0.0
2022-06-14 00:00:00+08:00,34.7599983215332,35.279998779296875,34.040000915527344,35.279998779296875,3000,0.0,0.0
2022-06-15 00:00:00+08:00,35.279998779296875,35.279998779296875,34.119998931884766,35.119998931884766,7250,0.0,0.0
2022-06-16 00:00:00+08:00,35.119998931884766,35.119998931884766,34.0,34.47999954223633,26000,0.0,0.0
2022-06-17 00:00:00+08:00,33.79999923706055,33.79999923706055,33.439998626708984,33.439998626708984,21250,0.0,0.0
2022-06-20 00:00:00+08:00,33.599998474121094,33.599998474121094,32.0,32.0,13500,0.0,0.0
2022-06-21 00:00:00+08:00,32.040000915527344,33.0,32.040000915527344,33.0,5500,0.0,0.0
2022-06-22 00:00:00+08:00,33.959999084472656,33.959999084472656,33.15999984741211,33.20000076293945,2250,0.0,0.0
2022-06-23 00:00:00+08:00,33.119998931884766,33.119998931884766,30.760000228881836,32.20000076293945,3000,0.0,0.0
2022-06-24 00:00:00+08:00,32.20000076293945,32.20000076293945,32.20000076293945,32.20000076293945,9500,0.0,0.0
2022-06-27 00:00:00+08:00,32.20000076293945,33.119998931884766,31.31999969482422,31.31999969482422,1000,0.0,0.0
2022-06-28 00:00:00+08:00,31.200000762939453,31.239999771118164,31.1200008392334,31.239999771118164,8500,0.0,0.0
2022-06-29 00:00:00+08:00,31.239999771118164,32.599998474121094,31.239999771118164,31.959999084472656,1500,0.0,0.0
2022-06-30 00:00:00+08:00,30.440000534057617,31.200000762939453,30.440000534057617,31.200000762939453,14250,0.0,0.0
2022-07-01 00:00:00+08:00,31.799999237060547,31.799999237060547,30.0,30.0,9750,0.0,0.0
2022-07-04 00:00:00+08:00,30.040000915527344,31.1200008392334,29.639999389648438,29.639999389648438,9250,0.0,0.0
2022-07-05 00:00:00+08:00,29.639999389648438,30.600000381469727,29.639999389648438,30.559999465942383,17250,0.0,0.0
2022-07-06 00:00:00+08:00,30.559999465942383,30.559999465942383,29.639999389648438,30.0,3500,0.0,0.0
2022-07-07 00:00:00+08:00,30.0,31.399999618530273,30.0,31.200000762939453,11250,0.0,0.0
2022-07-08 00:00:00+08:00,31.520000457763672,31.520000457763672,31.200000762939453,31.200000762939453,4000,0.0,0.0
2022-07-11 00:00:00+08:00,30.68000030517578,30.760000228881836,30.68000030517578,30.760000228881836,3000,0.0,0.0
2022-07-12 00:00:00+08:00,29.8799991607666,30.719999313354492,29.719999313354492,29.719999313354492,4250,0.0,0.0
2022-07-13 00:00:00+08:00,29.920000076293945,30.0,29.799999237060547,30.0,16250,0.0,0.0
2022-07-14 00:00:00+08:00,30.0,31.0,30.0,30.0,1500,0.0,0.0
2022-07-15 00:00:00+08:00,30.0,30.0,30.0,30.0,3250,0.0,0.0
2022-07-18 00:00:00+08:00,30.040000915527344,30.799999237060547,30.0,30.799999237060547,2750,0.0,0.0
2022-07-19 00:00:00+08:00,29.600000381469727,31.559999465942383,29.600000381469727,31.399999618530273,4500,0.0,0.0
2022-07-20 00:00:00+08:00,31.399999618530273,31.399999618530273,30.0,30.040000915527344,14000,0.0,0.0
2022-07-21 00:00:00+08:00,29.600000381469727,30.399999618530273,29.600000381469727,30.399999618530273,13000,0.0,0.0
2022-07-22 00:00:00+08:00,30.600000381469727,30.600000381469727,30.479999542236328,30.479999542236328,3250,0.0,0.0
2022-07-25 00:00:00+08:00,30.479999542236328,30.479999542236328,30.200000762939453,30.200000762939453,6500,0.0,0.0
2022-07-26 00:00:00+08:00,30.479999542236328,30.479999542236328,30.200000762939453,30.200000762939453,2500,0.0,0.0
2022-07-27 00:00:00+08:00,29.799999237060547,30.0,29.799999237060547,30.0,5250,0.0,0.0
2022-07-28 00:00:00+08:00,30.200000762939453,30.200000762939453,29.959999084472656,29.959999084472656,1750,0.0,0.0
2022-07-29 00:00:00+08:00,30.0,30.0,29.959999084472656,29.959999084472656,4250,0.0,0.0
2022-08-01 00:00:00+08:00,30.079999923706055,30.079999923706055,30.079999923706055,30.079999923706055,1000,0.0,0.0
2022-08-02 00:00:00+08:00,28.399999618530273,29.959999084472656,28.399999618530273,28.799999237060547,22250,0.0,0.0
2022-08-03 00:00:00+08:00,28.799999237060547,28.799999237060547,28.399999618530273,28.399999618530273,4000,0.0,0.0
2022-08-04 00:00:00+08:00,29.200000762939453,29.200000762939453,29.200000762939453,29.200000762939453,5000,0.0,0.0
2022-08-05 00:00:00+08:00,29.200000762939453,29.200000762939453,29.200000762939453,29.200000762939453,3500,0.0,0.0
2022-08-08 00:00:00+08:00,28.639999389648438,29.1200008392334,28.639999389648438,29.1200008392334,16500,0.0,0.0
2022-08-09 00:00:00+08:00,28.799999237060547,29.200000762939453,28.799999237060547,29.15999984741211,16000,0.0,0.0
2022-08-10 00:00:00+08:00,29.360000610351562,29.399999618530273,29.0,29.0,11750,0.0,0.0
2022-08-11 00:00:00+08:00,29.559999465942383,29.559999465942383,29.200000762939453,29.360000610351562,7750,0.0,0.0
2022-08-12 00:00:00+08:00,29.520000457763672,29.520000457763672,29.520000457763672,29.520000457763672,1250,0.0,0.0
2022-08-15 00:00:00+08:00,29.520000457763672,29.68000030517578,28.799999237060547,29.559999465942383,13750,0.0,0.0
2022-08-16 00:00:00+08:00,29.559999465942383,29.68000030517578,29.559999465942383,29.600000381469727,18250,0.0,0.0
2022-08-17 00:00:00+08:00,29.68000030517578,29.68000030517578,28.84000015258789,29.559999465942383,17000,0.0,0.0
2022-08-18 00:00:00+08:00,29.559999465942383,29.799999237060547,29.559999465942383,29.799999237060547,17000,0.0,0.0
2022-08-19 00:00:00+08:00,30.0,31.200000762939453,30.0,30.399999618530273,31250,0.0,0.0
2022-08-22 00:00:00+08:00,30.399999618530273,33.040000915527344,30.399999618530273,33.040000915527344,27500,0.0,0.0
2022-08-23 00:00:00+08:00,34.63999938964844,36.7599983215332,34.63999938964844,36.7599983215332,148000,0.0,0.0
2022-08-24 00:00:00+08:00,37.400001525878906,40.20000076293945,37.400001525878906,37.400001525878906,204000,0.0,0.0
2022-08-25 00:00:00+08:00,33.68000030517578,37.0,33.68000030517578,36.599998474121094,39000,0.0,0.0
2022-08-26 00:00:00+08:00,36.599998474121094,36.599998474121094,34.79999923706055,34.79999923706055,33000,0.0,0.0
2022-08-29 00:00:00+08:00,32.84000015258789,34.0,31.31999969482422,34.0,78750,0.0,0.0
2022-08-30 00:00:00+08:00,32.400001525878906,33.880001068115234,32.400001525878906,33.79999923706055,20000,0.0,0.0
2022-08-31 00:00:00+08:00,33.79999923706055,35.36000061035156,33.79999923706055,33.79999923706055,28250,0.0,0.0
2022-09-01 00:00:00+08:00,33.79999923706055,34.91999816894531,33.79999923706055,34.040000915527344,5500,0.0,0.0
2022-09-02 00:00:00+08:00,35.20000076293945,35.20000076293945,34.2400016784668,34.36000061035156,13000,0.0,0.0
2022-09-05 00:00:00+08:00,34.36000061035156,34.36000061035156,33.20000076293945,33.959999084472656,10250,0.0,0.0
2022-09-06 00:00:00+08:00,34.0,34.0,32.119998931884766,32.20000076293945,23750,0.0,0.0
2022-09-07 00:00:00+08:00,32.040000915527344,32.040000915527344,31.399999618530273,31.399999618530273,31750,0.0,0.0
2022-09-08 00:00:00+08:00,31.440000534057617,32.79999923706055,31.440000534057617,32.400001525878906,12250,0.0,0.0
2022-09-12 00:00:00+08:00,32.720001220703125,32.720001220703125,32.400001525878906,32.599998474121094,32500,0.0,0.0
2022-09-13 00:00:00+08:00,32.08000183105469,32.279998779296875,32.08000183105469,32.15999984741211,12500,0.0,0.0
2022-09-14 00:00:00+08:00,31.600000381469727,32.599998474121094,31.600000381469727,32.20000076293945,10250,0.0,0.0
2022-09-15 00:00:00+08:00,32.31999969482422,32.31999969482422,32.119998931884766,32.15999984741211,17750,0.0,0.0
2022-09-16 00:00:00+08:00,32.0,32.0,31.8799991607666,31.8799991607666,27500,0.0,0.0
2022-09-19 00:00:00+08:00,31.479999542236328,31.719999313354492,31.479999542236328,31.639999389648438,36500,0.0,0.0
2022-09-20 00:00:00+08:00,31.200000762939453,32.0,31.200000762939453,31.760000228881836,26250,0.0,0.0
2022-09-21 00:00:00+08:00,32.0,32.2400016784668,32.0,32.2400016784668,15187,0.0,0.0
2022-09-22 00:00:00+08:00,32.2400016784668,32.2400016784668,32.2400016784668,32.2400016784668,0,0.0,0.25
2022-09-23 00:00:00+08:00,32.2400016784668,32.2400016784668,32.2400016784668,32.2400016784668,0,0.0,0.0
2022-09-26 00:00:00+08:00,32.2400016784668,32.2400016784668,32.2400016784668,32.2400016784668,0,0.0,0.0
2022-09-27 00:00:00+08:00,32.2400016784668,32.2400016784668,32.2400016784668,32.2400016784668,0,0.0,0.0
2022-09-28 00:00:00+08:00,32.2400016784668,32.2400016784668,32.2400016784668,32.2400016784668,0,0.0,0.0
2022-09-29 00:00:00+08:00,32.2400016784668,32.2400016784668,32.2400016784668,32.2400016784668,0,0.0,0.0
2022-09-30 00:00:00+08:00,32.2400016784668,32.2400016784668,32.2400016784668,32.2400016784668,0,0.0,0.0
2022-10-03 00:00:00+08:00,29.049999237060547,33.099998474121094,29.049999237060547,32.25,36000,0.0,0.0
2022-10-04 00:00:00+08:00,29.600000381469727,29.600000381469727,29.049999237060547,29.049999237060547,38000,0.0,0.0
2022-10-05 00:00:00+08:00,29.399999618530273,29.399999618530273,26.200000762939453,26.200000762939453,36000,0.0,0.0
2022-10-06 00:00:00+08:00,25.549999237060547,25.549999237060547,23.600000381469727,23.600000381469727,85000,0.0,0.0
2022-10-07 00:00:00+08:00,22.600000381469727,25.200000762939453,22.600000381469727,24.549999237060547,17000,0.0,0.0
2022-10-11 00:00:00+08:00,23.649999618530273,23.649999618530273,23.0,23.0,17000,0.0,0.0
2022-10-12 00:00:00+08:00,23.0,23.0,23.0,23.0,3000,0.0,0.0
2022-10-13 00:00:00+08:00,23.0,23.0,20.700000762939453,20.700000762939453,40000,0.0,0.0
2022-10-14 00:00:00+08:00,20.799999237060547,20.799999237060547,20.799999237060547,20.799999237060547,20000,0.0,0.0
2022-10-17 00:00:00+08:00,20.0,20.0,18.799999237060547,19.149999618530273,24000,0.0,0.0
2022-10-18 00:00:00+08:00,19.5,19.5,19.299999237060547,19.350000381469727,11000,0.0,0.0
2022-10-19 00:00:00+08:00,19.600000381469727,19.799999237060547,19.600000381469727,19.799999237060547,9000,0.0,0.0
2022-10-20 00:00:00+08:00,19.5,19.5,19.399999618530273,19.5,11000,0.0,0.0
2022-10-21 00:00:00+08:00,20.149999618530273,20.299999237060547,20.149999618530273,20.299999237060547,5000,0.0,0.0
2022-10-24 00:00:00+08:00,21.399999618530273,22.299999237060547,21.399999618530273,22.299999237060547,20000,0.0,0.0
2022-10-25 00:00:00+08:00,23.950000762939453,24.5,22.600000381469727,24.399999618530273,41000,0.0,0.0
2022-10-26 00:00:00+08:00,24.799999237060547,26.5,24.799999237060547,25.75,16000,0.0,0.0
2022-10-27 00:00:00+08:00,26.899999618530273,27.0,25.299999237060547,25.299999237060547,25000,0.0,0.0
2022-10-28 00:00:00+08:00,26.399999618530273,26.399999618530273,22.899999618530273,23.0,17000,0.0,0.0
2022-10-31 00:00:00+08:00,22.950000762939453,23.600000381469727,22.950000762939453,23.600000381469727,7000,0.0,0.0
2022-11-01 00:00:00+08:00,24.5,24.5,24.200000762939453,24.200000762939453,14000,0.0,0.0
2022-11-02 00:00:00+08:00,23.75,24.399999618530273,23.700000762939453,24.399999618530273,6000,0.0,0.0
2022-11-03 00:00:00+08:00,26.799999237060547,26.799999237060547,26.799999237060547,26.799999237060547,29000,0.0,0.0
2022-11-04 00:00:00+08:00,28.450000762939453,28.450000762939453,27.5,27.850000381469727,18000,0.0,0.0
2022-11-07 00:00:00+08:00,26.399999618530273,27.75,25.149999618530273,27.75,13000,0.0,0.0
2022-11-08 00:00:00+08:00,27.5,27.5,26.549999237060547,26.549999237060547,2000,0.0,0.0
2022-11-09 00:00:00+08:00,25.5,26.399999618530273,25.5,26.399999618530273,3000,0.0,0.0
2022-11-10 00:00:00+08:00,26.399999618530273,26.399999618530273,26.399999618530273,26.399999618530273,0,0.0,0.0
2022-11-11 00:00:00+08:00,25.200000762939453,25.200000762939453,24.399999618530273,24.5,11000,0.0,0.0
2022-11-14 00:00:00+08:00,23.649999618530273,24.0,23.649999618530273,24.0,10000,0.0,0.0
2022-11-15 00:00:00+08:00,24.850000381469727,24.850000381469727,24.850000381469727,24.850000381469727,4000,0.0,0.0
2022-11-16 00:00:00+08:00,24.950000762939453,25.5,24.950000762939453,25.5,8000,0.0,0.0
2022-11-17 00:00:00+08:00,25.5,25.549999237060547,25.5,25.5,4000,0.0,0.0
2022-11-18 00:00:00+08:00,24.649999618530273,24.850000381469727,24.649999618530273,24.799999237060547,9000,0.0,0.0
2022-11-21 00:00:00+08:00,25.0,25.0,24.899999618530273,25.0,7000,0.0,0.0
2022-11-22 00:00:00+08:00,24.299999237060547,24.299999237060547,24.25,24.25,5000,0.0,0.0
2022-11-23 00:00:00+08:00,24.25,24.25,24.25,24.25,1000,0.0,0.0
2022-11-24 00:00:00+08:00,24.200000762939453,24.200000762939453,23.600000381469727,24.200000762939453,6000,0.0,0.0
2022-11-25 00:00:00+08:00,23.649999618530273,23.850000381469727,23.649999618530273,23.850000381469727,2000,0.0,0.0
2022-11-28 00:00:00+08:00,23.899999618530273,24.0,23.899999618530273,24.0,2000,0.0,0.0
2022-11-29 00:00:00+08:00,24.0,24.0,24.0,24.0,1000,0.0,0.0
2022-11-30 00:00:00+08:00,23.799999237060547,24.850000381469727,23.799999237060547,24.049999237060547,6000,0.0,0.0
2022-12-01 00:00:00+08:00,24.350000381469727,25.200000762939453,24.299999237060547,25.200000762939453,30000,0.0,0.0
2022-12-02 00:00:00+08:00,25.299999237060547,27.5,25.200000762939453,27.450000762939453,17000,0.0,0.0
2022-12-05 00:00:00+08:00,26.5,27.450000762939453,26.5,27.450000762939453,2000,0.0,0.0
2022-12-06 00:00:00+08:00,26.25,26.25,26.200000762939453,26.200000762939453,4000,0.0,0.0
2022-12-07 00:00:00+08:00,25.399999618530273,25.399999618530273,24.850000381469727,24.850000381469727,3000,0.0,0.0
2022-12-08 00:00:00+08:00,24.850000381469727,24.850000381469727,24.850000381469727,24.850000381469727,0,0.0,0.0
2022-12-09 00:00:00+08:00,24.950000762939453,24.950000762939453,23.649999618530273,23.649999618530273,4000,0.0,0.0
2022-12-12 00:00:00+08:00,23.200000762939453,24.200000762939453,23.200000762939453,24.200000762939453,16000,0.0,0.0
2022-12-13 00:00:00+08:00,24.200000762939453,24.200000762939453,24.200000762939453,24.200000762939453,0,0.0,0.0
2022-12-14 00:00:00+08:00,24.799999237060547,25.799999237060547,24.799999237060547,26.299999237060547,8000,0.0,0.0
2022-12-15 00:00:00+08:00,25.299999237060547,25.299999237060547,25.25,25.25,2000,0.0,0.0
2022-12-16 00:00:00+08:00,25.299999237060547,25.299999237060547,25.299999237060547,25.299999237060547,1000,0.0,0.0
2022-12-19 00:00:00+08:00,25.299999237060547,25.299999237060547,25.299999237060547,25.299999237060547,0,0.0,0.0
2022-12-20 00:00:00+08:00,24.549999237060547,24.549999237060547,24.049999237060547,24.049999237060547,6000,0.0,0.0
2022-12-21 00:00:00+08:00,24.049999237060547,24.049999237060547,24.049999237060547,24.049999237060547,0,0.0,0.0
2022-12-22 00:00:00+08:00,24.049999237060547,24.049999237060547,24.049999237060547,24.049999237060547,1000,0.0,0.0
2022-12-23 00:00:00+08:00,23.5,23.75,23.5,23.75,2000,0.0,0.0
2022-12-26 00:00:00+08:00,23.75,23.75,23.75,23.75,0,0.0,0.0
2022-12-27 00:00:00+08:00,24.0,24.0,23.850000381469727,23.850000381469727,2000,0.0,0.0
2022-12-28 00:00:00+08:00,23.850000381469727,23.850000381469727,23.850000381469727,23.850000381469727,0,0.0,0.0
2022-12-29 00:00:00+08:00,23.700000762939453,23.700000762939453,23.700000762939453,23.700000762939453,2000,0.0,0.0
2022-12-30 00:00:00+08:00,23.049999237060547,23.049999237060547,23.049999237060547,23.049999237060547,2000,0.0,0.0
2023-01-03 00:00:00+08:00,23.049999237060547,23.049999237060547,23.049999237060547,23.049999237060547,0,0.0,0.0
2023-01-04 00:00:00+08:00,23.049999237060547,24.700000762939453,23.049999237060547,25.0,11000,0.0,0.0
2023-01-05 00:00:00+08:00,25.0,25.0,25.0,25.0,0,0.0,0.0
2023-01-06 00:00:00+08:00,24.0,24.0,24.0,24.0,1000,0.0,0.0
2023-01-09 00:00:00+08:00,23.899999618530273,24.0,23.399999618530273,23.399999618530273,8000,0.0,0.0
2023-01-10 00:00:00+08:00,23.399999618530273,23.399999618530273,22.600000381469727,23.299999237060547,13000,0.0,0.0
2023-01-11 00:00:00+08:00,23.25,23.299999237060547,23.25,23.25,4000,0.0,0.0
2023-01-12 00:00:00+08:00,23.25,23.350000381469727,23.25,23.350000381469727,5000,0.0,0.0
2023-01-13 00:00:00+08:00,23.350000381469727,23.399999618530273,22.600000381469727,22.600000381469727,7000,0.0,0.0
2023-01-16 00:00:00+08:00,22.799999237060547,23.200000762939453,22.799999237060547,23.149999618530273,6000,0.0,0.0
2023-01-17 00:00:00+08:00,23.149999618530273,23.149999618530273,23.149999618530273,23.149999618530273,1000,0.0,0.0
2023-01-30 00:00:00+08:00,23.100000381469727,23.799999237060547,23.100000381469727,23.799999237060547,4000,0.0,0.0
2023-01-31 00:00:00+08:00,23.799999237060547,23.799999237060547,23.799999237060547,23.799999237060547,0,0.0,0.0
2023-02-01 00:00:00+08:00,23.799999237060547,23.799999237060547,23.799999237060547,23.799999237060547,2000,0.0,0.0
2023-02-02 00:00:00+08:00,23.799999237060547,24.0,23.799999237060547,24.0,3000,0.0,0.0
2023-02-03 00:00:00+08:00,23.299999237060547,23.350000381469727,22.700000762939453,23.100000381469727,19000,0.0,0.0
2023-02-06 00:00:00+08:00,23.0,23.100000381469727,23.0,23.100000381469727,4000,0.0,0.0
2023-02-07 00:00:00+08:00,23.100000381469727,23.100000381469727,23.100000381469727,23.100000381469727,0,0.0,0.0
2023-02-08 00:00:00+08:00,23.100000381469727,23.100000381469727,23.100000381469727,23.100000381469727,0,0.0,0.0
2023-02-09 00:00:00+08:00,23.0,23.100000381469727,23.0,23.049999237060547,6000,0.0,0.0
2023-02-10 00:00:00+08:00,23.049999237060547,23.049999237060547,23.049999237060547,23.049999237060547,1000,0.0,0.0
2023-02-13 00:00:00+08:00,23.049999237060547,23.049999237060547,23.049999237060547,23.049999237060547,0,0.0,0.0
2023-02-14 00:00:00+08:00,23.049999237060547,23.049999237060547,23.049999237060547,23.049999237060547,0,0.0,0.0
2023-02-15 00:00:00+08:00,23.049999237060547,23.049999237060547,23.049999237060547,23.049999237060547,0,0.0,0.0
2023-02-16 00:00:00+08:00,22.850000381469727,23.149999618530273,22.850000381469727,23.0,6000,0.0,0.0
2023-02-17 00:00:00+08:00,25.299999237060547,25.299999237060547,25.299999237060547,25.299999237060547,54000,0.0,0.0
2023-02-20 00:00:00+08:00,24.299999237060547,24.799999237060547,23.75,24.450000762939453,33000,0.0,0.0
2023-02-21 00:00:00+08:00,24.799999237060547,24.799999237060547,23.700000762939453,24.25,11000,0.0,0.0
2023-02-22 00:00:00+08:00,24.100000381469727,24.200000762939453,23.700000762939453,23.700000762939453,6000,0.0,0.0
2023-02-23 00:00:00+08:00,23.5,23.75,23.450000762939453,23.75,14000,0.0,0.0
2023-02-24 00:00:00+08:00,24.0,24.0,23.5,23.5,5000,0.0,0.0
2023-03-01 00:00:00+08:00,23.299999237060547,23.5,23.299999237060547,23.5,5000,0.0,0.0
2023-03-02 00:00:00+08:00,23.5,23.5,23.299999237060547,24.100000381469727,12000,0.0,0.0
2023-03-03 00:00:00+08:00,23.350000381469727,23.5,23.350000381469727,23.350000381469727,9000,0.0,0.0
2023-03-06 00:00:00+08:00,23.5,24.25,23.450000762939453,24.25,11000,0.0,0.0
2023-03-07 00:00:00+08:00,24.25,24.25,24.200000762939453,23.350000381469727,2000,0.0,0.0
2023-03-08 00:00:00+08:00,23.299999237060547,23.75,23.299999237060547,23.649999618530273,9000,0.0,0.0
2023-03-09 00:00:00+08:00,23.649999618530273,23.700000762939453,23.25,23.75,5000,0.0,0.0
2023-03-10 00:00:00+08:00,23.5,23.5,23.5,23.5,1000,0.0,0.0
2023-03-13 00:00:00+08:00,22.899999618530273,23.450000762939453,22.899999618530273,23.450000762939453,5000,0.0,0.0
2023-03-14 00:00:00+08:00,22.799999237060547,23.299999237060547,22.75,23.299999237060547,5000,0.0,0.0
2023-03-15 00:00:00+08:00,23.25,23.25,23.25,23.25,1000,0.0,0.0
2023-03-16 00:00:00+08:00,24.350000381469727,24.350000381469727,22.799999237060547,23.899999618530273,5000,0.0,0.0
2023-03-17 00:00:00+08:00,25.049999237060547,25.049999237060547,23.899999618530273,23.899999618530273,2000,0.0,0.0
2023-03-20 00:00:00+08:00,23.799999237060547,23.850000381469727,23.600000381469727,24.399999618530273,17000,0.0,0.0
2023-03-21 00:00:00+08:00,23.549999237060547,23.600000381469727,23.200000762939453,23.549999237060547,11000,0.0,0.0
2023-03-22 00:00:00+08:00,23.299999237060547,23.299999237060547,23.299999237060547,23.700000762939453,2000,0.0,0.0
2023-03-23 00:00:00+08:00,23.600000381469727,23.950000762939453,23.25,23.850000381469727,6000,0.0,0.0
2023-03-24 00:00:00+08:00,23.850000381469727,23.850000381469727,23.850000381469727,23.850000381469727,0,0.0,0.0
2023-03-27 00:00:00+08:00,23.850000381469727,23.950000762939453,23.299999237060547,25.450000762939453,8000,0.0,0.0
2023-03-28 00:00:00+08:00,23.799999237060547,23.799999237060547,23.799999237060547,23.799999237060547,1000,0.0,0.0
2023-03-29 00:00:00+08:00,24.0,24.0,23.25,23.799999237060547,6000,0.0,0.0
2023-03-30 00:00:00+08:00,22.899999618530273,23.5,22.899999618530273,23.5,12000,0.0,0.0
2023-03-31 00:00:00+08:00,23.549999237060547,23.600000381469727,23.549999237060547,23.600000381469727,2000,0.0,0.0
2023-04-06 00:00:00+08:00,23.5,24.799999237060547,23.5,23.850000381469727,11000,0.0,0.0
2023-04-07 00:00:00+08:00,24.0,24.299999237060547,23.850000381469727,24.0,9000,0.0,0.0
2023-04-10 00:00:00+08:00,24.25,24.25,24.200000762939453,24.200000762939453,2000,0.0,0.0
2023-04-11 00:00:00+08:00,23.799999237060547,23.850000381469727,23.600000381469727,24.399999618530273,5000,0.0,0.0
2023-04-12 00:00:00+08:00,23.799999237060547,23.799999237060547,23.5,23.5,13000,0.0,0.0
2023-04-13 00:00:00+08:00,23.950000762939453,25.600000381469727,23.5,23.799999237060547,25000,0.0,0.0
2023-04-14 00:00:00+08:00,23.799999237060547,23.799999237060547,23.700000762939453,23.700000762939453,6000,0.0,0.0
2023-04-17 00:00:00+08:00,23.700000762939453,23.950000762939453,23.049999237060547,23.950000762939453,6000,0.0,0.0
2023-04-18 00:00:00+08:00,23.950000762939453,23.950000762939453,23.549999237060547,23.549999237060547,3000,0.0,0.0
2023-04-19 00:00:00+08:00,23.799999237060547,23.899999618530273,23.799999237060547,23.899999618530273,4000,0.0,0.0
2023-04-20 00:00:00+08:00,23.350000381469727,23.899999618530273,23.200000762939453,23.899999618530273,11000,0.0,0.0
2023-04-21 00:00:00+08:00,23.200000762939453,23.600000381469727,23.0,23.600000381469727,7000,0.0,0.0
2023-04-24 00:00:00+08:00,23.600000381469727,23.600000381469727,23.600000381469727,23.600000381469727,0,0.0,0.0
2023-04-25 00:00:00+08:00,23.0,23.0,22.0,23.25,8000,0.0,0.0
2023-04-26 00:00:00+08:00,22.450000762939453,22.450000762939453,22.450000762939453,22.450000762939453,1000,0.0,0.0
2023-04-27 00:00:00+08:00,22.450000762939453,22.450000762939453,22.450000762939453,22.450000762939453,0,0.0,0.0
2023-04-28 00:00:00+08:00,22.5,23.0,22.5,23.0,3000,0.0,0.0
2023-05-02 00:00:00+08:00,21.5,22.799999237060547,21.5,22.799999237060547,14000,0.0,0.0
2023-05-03 00:00:00+08:00,22.049999237060547,22.5,22.049999237060547,22.450000762939453,3000,0.0,0.0
2023-05-04 00:00:00+08:00,22.450000762939453,23.0,22.450000762939453,23.0,9000,0.0,0.0
2023-05-05 00:00:00+08:00,22.399999618530273,23.0,22.399999618530273,23.0,4000,0.0,0.0
2023-05-08 00:00:00+08:00,23.25,23.25,23.200000762939453,23.200000762939453,3000,0.0,0.0
2023-05-09 00:00:00+08:00,23.200000762939453,23.200000762939453,23.200000762939453,23.200000762939453,0,0.0,0.0
2023-05-10 00:00:00+08:00,22.049999237060547,22.950000762939453,22.0,22.950000762939453,4000,0.0,0.0
2023-05-11 00:00:00+08:00,22.100000381469727,22.149999618530273,22.0,22.049999237060547,18000,0.0,0.0
2023-05-12 00:00:00+08:00,22.200000762939453,22.299999237060547,22.200000762939453,22.299999237060547,30000,0.0,0.0
2023-05-15 00:00:00+08:00,23.399999618530273,23.399999618530273,23.399999618530273,23.399999618530273,1000,0.0,0.0
2023-05-16 00:00:00+08:00,24.0,24.0,23.399999618530273,23.399999618530273,11000,0.0,0.0
2023-05-17 00:00:00+08:00,23.700000762939453,23.700000762939453,22.899999618530273,23.0,11000,0.0,0.0
2023-05-18 00:00:00+08:00,22.450000762939453,22.450000762939453,22.450000762939453,22.450000762939453,1000,0.0,0.0
2023-05-19 00:00:00+08:00,22.5,22.649999618530273,22.100000381469727,22.649999618530273,8000,0.0,0.0
2023-05-22 00:00:00+08:00,22.649999618530273,22.649999618530273,22.649999618530273,22.649999618530273,0,0.0,0.0
2023-05-23 00:00:00+08:00,22.649999618530273,22.649999618530273,22.649999618530273,22.649999618530273,0,0.0,0.0
2023-05-24 00:00:00+08:00,20.799999237060547,22.049999237060547,20.600000381469727,21.200000762939453,60000,0.0,0.0
2023-05-25 00:00:00+08:00,21.149999618530273,22.0,21.100000381469727,21.700000762939453,43000,0.0,0.0
2023-05-26 00:00:00+08:00,21.700000762939453,21.700000762939453,21.700000762939453,21.700000762939453,0,0.0,0.0
2023-05-29 00:00:00+08:00,21.700000762939453,21.700000762939453,21.700000762939453,21.700000762939453,0,0.0,0.0
2023-05-30 00:00:00+08:00,21.700000762939453,21.700000762939453,20.950000762939453,21.0,13000,0.0,0.0
2023-05-31 00:00:00+08:00,21.200000762939453,21.200000762939453,21.149999618530273,21.200000762939453,5000,0.0,0.0
2023-06-01 00:00:00+08:00,20.5,21.0,20.5,21.0,15000,0.0,0.0
2023-06-02 00:00:00+08:00,21.0,21.0,20.899999618530273,21.0,8000,0.0,0.0
2023-06-05 00:00:00+08:00,21.0,21.0,20.649999618530273,21.0,19000,0.0,0.0
2023-06-06 00:00:00+08:00,20.200000762939453,21.049999237060547,20.200000762939453,21.049999237060547,33000,0.0,0.0
2023-06-07 00:00:00+08:00,21.049999237060547,21.100000381469727,20.950000762939453,21.100000381469727,7000,0.0,0.0
2023-06-08 00:00:00+08:00,21.100000381469727,21.149999618530273,21.100000381469727,21.149999618530273,5000,0.0,0.0
2023-06-09 00:00:00+08:00,21.149999618530273,21.149999618530273,20.149999618530273,21.100000381469727,11000,0.0,0.0
2023-06-12 00:00:00+08:00,21.700000762939453,21.700000762939453,21.649999618530273,21.700000762939453,6000,0.0,0.0
2023-06-13 00:00:00+08:00,21.049999237060547,22.0,21.0,22.0,38000,0.0,0.0
2023-06-14 00:00:00+08:00,21.649999618530273,21.950000762939453,21.649999618530273,22.399999618530273,4000,0.0,0.0
2023-06-15 00:00:00+08:00,21.5,21.5,21.5,21.5,1000,0.0,0.0
2023-06-16 00:00:00+08:00,21.5,21.5,21.5,22.5,10000,0.0,0.0
2023-06-19 00:00:00+08:00,21.0,21.0,21.0,21.0,1000,0.0,0.0
2023-06-20 00:00:00+08:00,20.200000762939453,21.799999237060547,20.200000762939453,21.299999237060547,8000,0.0,0.0
2023-06-21 00:00:00+08:00,21.200000762939453,21.399999618530273,20.350000381469727,21.399999618530273,20000,0.0,0.0
2023-06-26 00:00:00+08:00,20.75,21.950000762939453,20.75,21.899999618530273,18000,0.0,0.0
2023-06-27 00:00:00+08:00,22.0,22.0,21.950000762939453,21.950000762939453,7000,0.0,0.0
2023-06-28 00:00:00+08:00,22.100000381469727,22.100000381469727,22.100000381469727,22.100000381469727,2000,0.0,0.0
2023-06-29 00:00:00+08:00,22.25,22.5,22.200000762939453,22.5,7000,0.0,0.0
2023-06-30 00:00:00+08:00,22.049999237060547,22.700000762939453,22.049999237060547,22.049999237060547,15000,0.0,0.0
2023-07-03 00:00:00+08:00,22.450000762939453,22.799999237060547,22.450000762939453,22.799999237060547,6000,0.0,0.0
2023-07-04 00:00:00+08:00,22.049999237060547,23.0,22.049999237060547,23.0,9000,0.0,0.0
2023-07-05 00:00:00+08:00,23.100000381469727,23.100000381469727,22.299999237060547,23.5,6000,0.0,0.0
2023-07-06 00:00:00+08:00,22.299999237060547,22.600000381469727,22.0,22.600000381469727,23000,0.0,0.0
2023-07-07 00:00:00+08:00,22.600000381469727,22.600000381469727,22.049999237060547,22.049999237060547,3000,0.0,0.0
2023-07-10 00:00:00+08:00,22.700000762939453,22.700000762939453,22.25,22.25,11000,0.0,0.0
2023-07-11 00:00:00+08:00,22.25,22.649999618530273,22.0,22.0,12000,0.0,0.0
2023-07-12 00:00:00+08:00,21.600000381469727,22.200000762939453,21.549999237060547,22.200000762939453,4000,0.0,0.0
2023-07-13 00:00:00+08:00,21.600000381469727,22.25,21.600000381469727,21.600000381469727,6000,0.0,0.0
2023-07-14 00:00:00+08:00,21.649999618530273,21.649999618530273,21.5,21.5,9000,0.0,0.0
2023-07-17 00:00:00+08:00,21.5,21.5,21.5,21.5,7000,0.0,0.0
2023-07-18 00:00:00+08:00,21.299999237060547,21.299999237060547,21.0,21.0,16000,0.0,0.0
2023-07-19 00:00:00+08:00,21.0,21.0,21.0,22.5,17000,0.0,0.0
2023-07-20 00:00:00+08:00,21.0,21.0,21.0,21.0,11000,0.0,0.0
2023-07-21 00:00:00+08:00,21.049999237060547,21.049999237060547,20.700000762939453,20.700000762939453,8000,0.0,0.0
2023-07-24 00:00:00+08:00,20.700000762939453,20.700000762939453,19.850000381469727,20.700000762939453,23000,0.0,0.0
2023-07-25 00:00:00+08:00,20.0,20.0,19.049999237060547,19.5,74000,0.0,0.0
2023-07-26 00:00:00+08:00,19.75,21.450000762939453,19.75,21.450000762939453,34000,0.0,0.0
2023-07-27 00:00:00+08:00,21.399999618530273,21.450000762939453,21.299999237060547,21.399999618530273,21000,0.0,0.0
2023-07-28 00:00:00+08:00,21.0,21.0,20.549999237060547,20.600000381469727,33000,0.0,0.0
2023-07-31 00:00:00+08:00,21.0,21.100000381469727,20.950000762939453,21.100000381469727,21000,0.0,0.0
2023-08-01 00:00:00+08:00,21.0,21.100000381469727,21.0,21.100000381469727,11000,0.0,0.0
2023-08-02 00:00:00+08:00,21.0,21.0,21.0,21.0,1000,0.0,0.0
2023-08-04 00:00:00+08:00,20.950000762939453,20.950000762939453,20.799999237060547,20.799999237060547,2000,0.0,0.0
2023-08-07 00:00:00+08:00,20.549999237060547,20.799999237060547,20.549999237060547,20.549999237060547,19000,0.0,0.0
2023-08-08 00:00:00+08:00,20.549999237060547,20.549999237060547,20.549999237060547,20.549999237060547,3000,0.0,0.0
2023-08-09 00:00:00+08:00,20.5,20.649999618530273,20.5,20.649999618530273,10000,0.0,0.0
2023-08-10 00:00:00+08:00,20.450000762939453,20.450000762939453,20.450000762939453,20.450000762939453,6000,0.0,0.0
2023-08-11 00:00:00+08:00,20.200000762939453,20.200000762939453,20.049999237060547,20.049999237060547,4000,0.0,0.0
2023-08-14 00:00:00+08:00,19.5,19.950000762939453,19.5,19.950000762939453,8000,0.0,0.0
2023-08-15 00:00:00+08:00,19.950000762939453,20.0,19.950000762939453,20.0,5000,0.0,0.0
2023-08-16 00:00:00+08:00,20.0,20.0,20.0,20.0,1000,0.0,0.0
2023-08-17 00:00:00+08:00,19.549999237060547,19.549999237060547,19.0,19.0,20000,0.0,0.0
2023-08-18 00:00:00+08:00,19.0,19.0,17.799999237060547,18.25,42000,0.0,0.0
2023-08-21 00:00:00+08:00,18.25,18.25,18.100000381469727,18.149999618530273,6000,0.0,0.0
2023-08-22 00:00:00+08:00,18.149999618530273,18.450000762939453,17.549999237060547,18.450000762939453,9000,0.0,0.0
2023-08-23 00:00:00+08:00,18.450000762939453,18.5,18.450000762939453,18.5,3000,0.0,0.0
2023-08-24 00:00:00+08:00,18.600000381469727,18.799999237060547,17.600000381469727,17.600000381469727,16000,0.0,0.0
2023-08-25 00:00:00+08:00,17.399999618530273,17.399999618530273,17.399999618530273,17.399999618530273,1000,0.0,0.0
2023-08-28 00:00:00+08:00,17.049999237060547,18.149999618530273,17.0,18.149999618530273,15000,0.0,0.0
2023-08-29 00:00:00+08:00,18.399999618530273,18.649999618530273,17.25,18.649999618530273,13000,0.0,0.0
2023-08-30 00:00:00+08:00,18.049999237060547,18.649999618530273,18.0,18.649999618530273,18000,0.0,0.0
2023-08-31 00:00:00+08:00,18.899999618530273,18.950000762939453,18.899999618530273,18.950000762939453,3000,0.0,0.0
2023-09-01 00:00:00+08:00,18.950000762939453,18.950000762939453,18.950000762939453,18.950000762939453,0,0.0,0.0
2023-09-04 00:00:00+08:00,19.100000381469727,19.5,19.100000381469727,19.5,5000,0.0,0.0
2023-09-05 00:00:00+08:00,19.799999237060547,19.899999618530273,19.799999237060547,19.899999618530273,7000,0.0,0.0
2023-09-06 00:00:00+08:00,19.899999618530273,19.950000762939453,19.899999618530273,19.950000762939453,2000,0.0,0.0
2023-09-07 00:00:00+08:00,19.299999237060547,19.5,19.0,19.5,15000,0.0,0.0
2023-09-08 00:00:00+08:00,19.350000381469727,19.5,19.350000381469727,19.5,4000,0.0,0.0
2023-09-11 00:00:00+08:00,18.200000762939453,19.0,17.799999237060547,18.200000762939453,21000,0.0,0.0
2023-09-12 00:00:00+08:00,17.850000381469727,18.25,17.850000381469727,17.950000762939453,3000,0.0,0.0
2023-09-13 00:00:00+08:00,17.75,17.950000762939453,17.75,17.950000762939453,2000,0.0,0.0
2023-09-14 00:00:00+08:00,17.950000762939453,17.950000762939453,17.950000762939453,17.950000762939453,2000,0.0,0.0
2023-09-15 00:00:00+08:00,17.450000762939453,17.450000762939453,17.450000762939453,17.450000762939453,1000,0.0,0.0
2023-09-18 00:00:00+08:00,17.049999237060547,17.899999618530273,17.0,17.899999618530273,3000,0.0,0.0
2023-09-19 00:00:00+08:00,17.899999618530273,17.899999618530273,17.899999618530273,17.899999618530273,0,0.0,0.0
2023-09-20 00:00:00+08:00,17.299999237060547,17.299999237060547,17.299999237060547,17.299999237060547,1000,0.0,0.0
2023-09-21 00:00:00+08:00,17.200000762939453,17.299999237060547,17.200000762939453,17.299999237060547,2000,0.0,0.0
2023-09-22 00:00:00+08:00,16.899999618530273,16.899999618530273,16.850000381469727,16.850000381469727,2000,0.0,0.0
2023-09-25 00:00:00+08:00,16.850000381469727,16.850000381469727,16.850000381469727,16.850000381469727,0,0.0,0.0
2023-09-26 00:00:00+08:00,16.850000381469727,16.850000381469727,16.200000762939453,16.600000381469727,19000,0.0,0.0
2023-09-27 00:00:00+08:00,15.699999809265137,16.600000381469727,15.699999809265137,15.350000381469727,7000,0.0,0.0
2023-09-28 00:00:00+08:00,15.75,16.850000381469727,15.75,16.25,3000,0.0,0.0
2023-10-02 00:00:00+08:00,16.0,16.850000381469727,16.0,16.850000381469727,4000,0.0,0.0
2023-10-03 00:00:00+08:00,15.949999809265137,16.25,15.75,15.800000190734863,17000,0.0,0.0
2023-10-04 00:00:00+08:00,15.300000190734863,15.399999618530273,15.300000190734863,15.399999618530273,2000,0.0,0.0
2023-10-05 00:00:00+08:00,15.300000190734863,16.899999618530273,15.300000190734863,16.899999618530273,33000,0.0,0.0
2023-10-06 00:00:00+08:00,16.049999237060547,16.350000381469727,15.899999618530273,15.899999618530273,11000,0.0,0.0
2023-10-11 00:00:00+08:00,15.850000381469727,15.850000381469727,15.850000381469727,15.850000381469727,2000,0.0,0.0
2023-10-12 00:00:00+08:00,15.850000381469727,15.850000381469727,15.850000381469727,15.850000381469727,0,0.0,0.0
2023-10-13 00:00:00+08:00,16.850000381469727,16.850000381469727,15.550000190734863,16.100000381469727,11000,0.0,0.0
2023-10-16 00:00:00+08:00,16.299999237060547,16.299999237060547,16.299999237060547,16.299999237060547,1000,0.0,0.0
2023-10-17 00:00:00+08:00,15.800000190734863,15.800000190734863,15.800000190734863,15.800000190734863,1000,0.0,0.0
2023-10-18 00:00:00+08:00,15.5,15.75,15.050000190734863,15.550000190734863,13000,0.0,0.0
2023-10-19 00:00:00+08:00,15.149999618530273,15.350000381469727,14.899999618530273,15.0,10000,0.0,0.0
2023-10-20 00:00:00+08:00,15.100000381469727,15.100000381469727,14.649999618530273,15.0,8000,0.0,0.0
2023-10-23 00:00:00+08:00,14.699999809265137,14.75,14.699999809265137,14.75,4000,0.0,0.0
2023-10-24 00:00:00+08:00,14.75,15.050000190734863,14.449999809265137,15.050000190734863,3000,0.0,0.0
2023-10-25 00:00:00+08:00,15.449999809265137,15.449999809265137,15.449999809265137,15.449999809265137,1000,0.0,0.0
2023-10-26 00:00:00+08:00,14.399999618530273,15.300000190734863,14.149999618530273,14.300000190734863,20000,0.0,0.0
2023-10-27 00:00:00+08:00,13.899999618530273,14.199999809265137,13.550000190734863,14.199999809265137,17000,0.0,0.0
2023-10-30 00:00:00+08:00,13.399999618530273,14.5,13.399999618530273,14.5,8000,0.0,0.0
2023-10-31 00:00:00+08:00,14.399999618530273,14.399999618530273,13.649999618530273,13.649999618530273,2000,0.0,0.0
2023-11-01 00:00:00+08:00,13.5,14.0,13.0,13.149999618530273,9000,0.0,0.0
2023-11-02 00:00:00+08:00,13.149999618530273,13.75,12.949999809265137,13.75,18000,0.0,0.0
2023-11-03 00:00:00+08:00,13.050000190734863,13.449999809265137,13.050000190734863,13.149999618530273,4000,0.0,0.0
2023-11-06 00:00:00+08:00,12.300000190734863,13.5,12.300000190734863,12.449999809265137,23000,0.0,0.0
2023-11-07 00:00:00+08:00,12.899999618530273,12.899999618530273,12.399999618530273,12.399999618530273,5000,0.0,0.0
2023-11-08 00:00:00+08:00,12.850000381469727,12.850000381469727,12.850000381469727,12.850000381469727,1000,0.0,0.0
2023-11-09 00:00:00+08:00,12.850000381469727,12.850000381469727,12.850000381469727,12.850000381469727,0,0.0,0.0
2023-11-10 00:00:00+08:00,11.899999618530273,12.850000381469727,11.899999618530273,12.850000381469727,4000,0.0,0.0
2023-11-13 00:00:00+08:00,12.75,12.75,12.600000381469727,12.600000381469727,8000,0.0,0.0
2023-11-14 00:00:00+08:00,12.050000190734863,12.600000381469727,12.050000190734863,12.600000381469727,3000,0.0,0.0
2023-11-15 00:00:00+08:00,12.850000381469727,12.850000381469727,12.350000381469727,13.199999809265137,5000,0.0,0.0
2023-11-16 00:00:00+08:00,13.199999809265137,13.199999809265137,13.199999809265137,13.199999809265137,0,0.0,0.0
2023-11-17 00:00:00+08:00,13.100000381469727,13.550000190734863,13.050000190734863,13.550000190734863,69000,0.0,0.0
2023-11-20 00:00:00+08:00,13.5,13.5,12.800000190734863,12.800000190734863,23000,0.0,0.0
2023-11-21 00:00:00+08:00,12.800000190734863,12.800000190734863,12.800000190734863,12.800000190734863,0,0.0,0.0
2023-11-22 00:00:00+08:00,12.699999809265137,12.699999809265137,12.699999809265137,12.699999809265137,8000,0.0,0.0
2023-11-23 00:00:00+08:00,12.899999618530273,13.449999809265137,12.699999809265137,13.449999809265137,16000,0.0,0.0
2023-11-24 00:00:00+08:00,13.5,13.899999618530273,13.050000190734863,13.449999809265137,14000,0.0,0.0
2023-11-27 00:00:00+08:00,13.449999809265137,13.449999809265137,13.449999809265137,13.449999809265137,0,0.0,0.0
2023-11-28 00:00:00+08:00,13.300000190734863,13.449999809265137,13.300000190734863,13.449999809265137,2000,0.0,0.0
2023-11-29 00:00:00+08:00,13.699999809265137,14.75,13.699999809265137,14.75,34000,0.0,0.0
2023-11-30 00:00:00+08:00,15.0,16.200000762939453,15.0,16.200000762939453,40000,0.0,0.0
2023-12-01 00:00:00+08:00,16.75,17.799999237060547,16.75,17.799999237060547,28000,0.0,0.0
2023-12-04 00:00:00+08:00,17.0,18.450000762939453,17.0,17.649999618530273,25000,0.0,0.0
2023-12-05 00:00:00+08:00,17.899999618530273,19.350000381469727,17.700000762939453,17.700000762939453,23000,0.0,0.0
2023-12-06 00:00:00+08:00,19.299999237060547,19.299999237060547,17.049999237060547,18.450000762939453,15000,0.0,0.0
2023-12-07 00:00:00+08:00,17.149999618530273,17.149999618530273,16.850000381469727,16.850000381469727,19000,0.0,0.0
2023-12-08 00:00:00+08:00,16.850000381469727,16.850000381469727,16.850000381469727,16.850000381469727,0,0.0,0.0
2023-12-11 00:00:00+08:00,16.799999237060547,16.850000381469727,16.299999237060547,16.299999237060547,3000,0.0,0.0
2023-12-12 00:00:00+08:00,16.049999237060547,16.049999237060547,16.0,16.049999237060547,8000,0.0,0.0
2023-12-13 00:00:00+08:00,16.049999237060547,16.049999237060547,16.049999237060547,16.049999237060547,0,0.0,0.0
2023-12-14 00:00:00+08:00,15.649999618530273,16.450000762939453,15.550000190734863,16.450000762939453,9000,0.0,0.0
2023-12-15 00:00:00+08:00,16.450000762939453,16.450000762939453,16.450000762939453,16.450000762939453,0,0.0,0.0
2023-12-18 00:00:00+08:00,15.699999809265137,15.699999809265137,15.699999809265137,15.699999809265137,2000,0.0,0.0
2023-12-19 00:00:00+08:00,15.75,15.800000190734863,15.75,15.800000190734863,3000,0.0,0.0
2023-12-20 00:00:00+08:00,15.800000190734863,15.800000190734863,15.800000190734863,15.800000190734863,0,0.0,0.0
2023-12-21 00:00:00+08:00,15.100000381469727,15.199999809265137,15.100000381469727,15.199999809265137,4000,0.0,0.0
2023-12-22 00:00:00+08:00,15.199999809265137,15.199999809265137,15.199999809265137,15.199999809265137,0,0.0,0.0
2023-12-25 00:00:00+08:00,15.199999809265137,15.199999809265137,15.199999809265137,15.199999809265137,0,0.0,0.0
2023-12-26 00:00:00+08:00,15.050000190734863,15.5,15.050000190734863,15.5,3000,0.0,0.0
2023-12-27 00:00:00+08:00,15.300000190734863,15.75,15.300000190734863,15.75,4000,0.0,0.0
2023-12-28 00:00:00+08:00,15.75,15.75,15.75,15.75,1000,0.0,0.0
2023-12-29 00:00:00+08:00,15.75,15.75,15.75,15.75,3000,0.0,0.0
2024-01-02 00:00:00+08:00,15.300000190734863,16.75,15.300000190734863,16.75,2000,0.0,0.0
2024-01-03 00:00:00+08:00,15.800000190734863,15.899999618530273,15.600000381469727,15.899999618530273,6000,0.0,0.0
2024-01-04 00:00:00+08:00,15.850000381469727,15.850000381469727,15.850000381469727,15.850000381469727,1000,0.0,0.0
2024-01-05 00:00:00+08:00,16.799999237060547,16.799999237060547,16.799999237060547,16.799999237060547,1000,0.0,0.0
2024-01-08 00:00:00+08:00,17.049999237060547,17.100000381469727,17.049999237060547,17.100000381469727,2000,0.0,0.0
2024-01-09 00:00:00+08:00,17.100000381469727,17.100000381469727,17.100000381469727,17.100000381469727,0,0.0,0.0
2024-01-10 00:00:00+08:00,17.100000381469727,17.100000381469727,17.100000381469727,17.100000381469727,0,0.0,0.0
2024-01-11 00:00:00+08:00,16.450000762939453,16.600000381469727,16.450000762939453,16.5,5000,0.0,0.0
2024-01-12 00:00:00+08:00,16.5,16.5,16.5,16.5,0,0.0,0.0
2024-01-15 00:00:00+08:00,16.5,16.5,16.5,16.5,0,0.0,0.0
2024-01-16 00:00:00+08:00,15.75,15.75,15.75,15.75,1000,0.0,0.0
2024-01-17 00:00:00+08:00,15.199999809265137,15.25,15.100000381469727,15.199999809265137,9000,0.0,0.0
2024-01-18 00:00:00+08:00,15.5,15.850000381469727,15.5,15.199999809265137,6000,0.0,0.0
2024-01-19 00:00:00+08:00,15.449999809265137,16.0,15.199999809265137,15.5,7000,0.0,0.0
2024-01-22 00:00:00+08:00,15.5,15.5,15.5,15.5,0,0.0,0.0
2024-01-23 00:00:00+08:00,16.5,16.5,16.5,16.5,1000,0.0,0.0
2024-01-24 00:00:00+08:00,15.300000190734863,16.200000762939453,15.300000190734863,15.5,6000,0.0,0.0
2024-01-25 00:00:00+08:00,15.5,15.5,15.5,15.5,0,0.0,0.0
2024-01-26 00:00:00+08:00,15.5,15.5,15.5,15.5,0,0.0,0.0
2024-01-29 00:00:00+08:00,15.449999809265137,15.449999809265137,15.449999809265137,15.449999809265137,3000,0.0,0.0
2024-01-30 00:00:00+08:00,15.449999809265137,15.449999809265137,15.449999809265137,15.449999809265137,0,0.0,0.0
2024-01-31 00:00:00+08:00,15.449999809265137,15.449999809265137,15.449999809265137,15.449999809265137,2000,0.0,0.0
2024-02-01 00:00:00+08:00,15.5,15.75,15.5,15.75,3000,0.0,0.0
2024-02-02 00:00:00+08:00,15.75,15.75,15.75,15.75,0,0.0,0.0
2024-02-05 00:00:00+08:00,14.949999809265137,14.949999809265137,14.949999809265137,14.949999809265137,2000,0.0,0.0
2024-02-15 00:00:00+08:00,15.050000190734863,15.050000190734863,15.0,15.050000190734863,10000,0.0,0.0
2024-02-16 00:00:00+08:00,14.350000381469727,15.75,14.350000381469727,15.75,4000,0.0,0.0
2024-02-19 00:00:00+08:00,15.649999618530273,15.949999809265137,15.649999618530273,15.949999809265137,4000,0.0,0.0
2024-02-20 00:00:00+08:00,15.949999809265137,15.949999809265137,15.949999809265137,15.949999809265137,0,0.0,0.0
2024-02-21 00:00:00+08:00,15.75,16.0,15.75,16.0,10000,0.0,0.0
2024-02-22 00:00:00+08:00,16.0,16.0,15.550000190734863,16.0,4000,0.0,0.0
2024-02-23 00:00:00+08:00,15.399999618530273,16.950000762939453,15.399999618530273,16.549999237060547,14000,0.0,0.0
2024-02-26 00:00:00+08:00,16.549999237060547,16.549999237060547,16.549999237060547,16.549999237060547,0,0.0,0.0
2024-02-27 00:00:00+08:00,16.549999237060547,16.549999237060547,16.549999237060547,16.549999237060547,0,0.0,0.0
2024-02-29 00:00:00+08:00,15.800000190734863,17.350000381469727,15.800000190734863,17.350000381469727,2000,0.0,0.0
2024-03-01 00:00:00+08:00,17.0,17.0,16.100000381469727,16.100000381469727,9000,0.0,0.0
2024-03-04 00:00:00+08:00,16.100000381469727,16.149999618530273,16.0,16.0,5000,0.0,0.0
2024-03-05 00:00:00+08:00,15.949999809265137,16.049999237060547,15.949999809265137,16.049999237060547,2000,0.0,0.0
2024-03-06 00:00:00+08:00,15.350000381469727,16.149999618530273,15.350000381469727,16.149999618530273,2000,0.0,0.0
2024-03-07 00:00:00+08:00,15.800000190734863,16.149999618530273,15.800000190734863,16.149999618530273,12000,0.0,0.0
2024-03-08 00:00:00+08:00,16.100000381469727,16.299999237060547,16.100000381469727,16.149999618530273,4000,0.0,0.0
2024-03-11 00:00:00+08:00,16.149999618530273,16.149999618530273,16.149999618530273,16.149999618530273,0,0.0,0.0
2024-03-12 00:00:00+08:00,15.899999618530273,15.949999809265137,15.899999618530273,15.949999809265137,2000,0.0,0.0
2024-03-13 00:00:00+08:00,16.25,16.299999237060547,16.25,16.299999237060547,2000,0.0,0.0
2024-03-14 00:00:00+08:00,15.5,15.5,14.800000190734863,15.449999809265137,22000,0.0,0.0
2024-03-15 00:00:00+08:00,15.449999809265137,15.449999809265137,15.449999809265137,15.449999809265137,0,0.0,0.0
2024-03-18 00:00:00+08:00,15.449999809265137,15.449999809265137,15.449999809265137,15.449999809265137,0,0.0,0.0
2024-03-19 00:00:00+08:00,14.649999618530273,14.649999618530273,14.5,14.5,11000,0.0,0.0
2024-03-20 00:00:00+08:00,14.5,14.5,14.5,14.5,0,0.0,0.0
2024-03-21 00:00:00+08:00,14.5,14.800000190734863,14.5,14.800000190734863,8000,0.0,0.0
2024-03-22 00:00:00+08:00,14.800000190734863,14.800000190734863,14.800000190734863,14.800000190734863,0,0.0,0.0
2024-03-25 00:00:00+08:00,15.0,15.0,15.0,15.0,1000,0.0,0.0
2024-03-26 00:00:00+08:00,14.649999618530273,14.649999618530273,14.649999618530273,14.649999618530273,4000,0.0,0.0
2024-03-27 00:00:00+08:00,14.5,14.5,13.199999809265137,13.5,32000,0.0,0.0
2024-03-28 00:00:00+08:00,13.0,13.449999809265137,13.0,13.449999809265137,14000,0.0,0.0
2024-03-29 00:00:00+08:00,13.850000381469727,14.449999809265137,13.850000381469727,14.449999809265137,4000,0.0,0.0
2024-04-01 00:00:00+08:00,13.949999809265137,14.0,13.949999809265137,14.0,3000,0.0,0.0
2024-04-02 00:00:00+08:00,14.300000190734863,14.350000381469727,14.0,14.350000381469727,12000,0.0,0.0
2024-04-03 00:00:00+08:00,14.199999809265137,14.199999809265137,14.149999618530273,14.300000190734863,4000,0.0,0.0
2024-04-08 00:00:00+08:00,14.300000190734863,14.300000190734863,14.300000190734863,14.300000190734863,0,0.0,0.0
2024-04-09 00:00:00+08:00,14.0,14.5,14.0,14.5,32000,0.0,0.0
2024-04-10 00:00:00+08:00,14.5,14.5,14.5,14.5,0,0.0,0.0
2024-04-11 00:00:00+08:00,14.5,14.5,14.5,14.5,0,0.0,0.0
2024-04-12 00:00:00+08:00,14.5,14.5,14.5,14.5,0,0.0,0.0
2024-04-15 00:00:00+08:00,14.449999809265137,14.449999809265137,14.449999809265137,14.449999809265137,5000,0.0,0.0
2024-04-16 00:00:00+08:00,14.449999809265137,14.449999809265137,14.449999809265137,14.449999809265137,0,0.0,0.0
2024-04-17 00:00:00+08:00,13.899999618530273,13.899999618530273,13.75,13.75,7000,0.0,0.0
2024-04-18 00:00:00+08:00,13.850000381469727,13.850000381469727,13.850000381469727,13.850000381469727,3000,0.0,0.0
2024-04-19 00:00:00+08:00,13.850000381469727,13.850000381469727,13.850000381469727,13.850000381469727,2000,0.0,0.0
2024-04-22 00:00:00+08:00,12.899999618530273,13.5,12.899999618530273,13.5,14000,0.0,0.0
2024-04-23 00:00:00+08:00,13.0,13.100000381469727,13.0,13.100000381469727,3000,0.0,0.0
2024-04-24 00:00:00+08:00,13.100000381469727,13.100000381469727,13.100000381469727,13.100000381469727,0,0.0,0.0
2024-04-25 00:00:00+08:00,13.800000190734863,13.800000190734863,13.699999809265137,13.75,15000,0.0,0.0
2024-04-26 00:00:00+08:00,13.75,13.75,13.75,13.75,0,0.0,0.0
2024-04-29 00:00:00+08:00,13.0,13.0,13.0,13.0,10000,0.0,0.0
2024-04-30 00:00:00+08:00,13.600000381469727,13.600000381469727,13.0,13.0,15000,0.0,0.0
2024-05-02 00:00:00+08:00,13.0,13.0,13.0,13.0,1000,0.0,0.0
2024-05-03 00:00:00+08:00,12.899999618530273,12.899999618530273,12.899999618530273,12.899999618530273,1000,0.0,0.0
2024-05-06 00:00:00+08:00,12.899999618530273,12.949999809265137,12.899999618530273,12.949999809265137,15000,0.0,0.0
2024-05-07 00:00:00+08:00,13.0,13.0,13.0,13.0,1000,0.0,0.0
2024-05-08 00:00:00+08:00,13.050000190734863,13.050000190734863,12.899999618530273,12.899999618530273,10000,0.0,0.0
2024-05-09 00:00:00+08:00,12.899999618530273,12.899999618530273,12.399999618530273,12.399999618530273,12000,0.0,0.0
2024-05-10 00:00:00+08:00,12.399999618530273,12.399999618530273,12.100000381469727,12.100000381469727,5000,0.0,0.0
2024-05-13 00:00:00+08:00,12.699999809265137,12.699999809265137,12.699999809265137,12.699999809265137,3000,0.0,0.0
2024-05-14 00:00:00+08:00,12.649999618530273,12.649999618530273,12.649999618530273,12.649999618530273,2000,0.0,0.0
2024-05-15 00:00:00+08:00,12.649999618530273,12.649999618530273,12.649999618530273,12.649999618530273,0,0.0,0.0
2024-05-16 00:00:00+08:00,12.649999618530273,12.649999618530273,12.649999618530273,12.649999618530273,0,0.0,0.0
2024-05-17 00:00:00+08:00,12.100000381469727,12.300000190734863,12.100000381469727,12.25,7000,0.0,0.0
2024-05-20 00:00:00+08:00,12.0,12.0,12.0,12.0,3000,0.0,0.0
2024-05-21 00:00:00+08:00,11.899999618530273,11.899999618530273,11.899999618530273,11.899999618530273,2000,0.0,0.0
2024-05-22 00:00:00+08:00,11.899999618530273,11.899999618530273,11.899999618530273,11.899999618530273,0,0.0,0.0
2024-05-23 00:00:00+08:00,11.550000190734863,11.550000190734863,11.5,11.5,9000,0.0,0.0
2024-05-24 00:00:00+08:00,11.050000190734863,11.949999809265137,11.050000190734863,11.949999809265137,7000,0.0,0.0
2024-05-27 00:00:00+08:00,11.600000381469727,11.949999809265137,11.600000381469727,11.949999809265137,2000,0.0,0.0
2024-05-28 00:00:00+08:00,11.949999809265137,11.949999809265137,11.949999809265137,11.949999809265137,2000,0.0,0.0
2024-05-29 00:00:00+08:00,11.5,11.649999618530273,11.5,11.649999618530273,7000,0.0,0.0
2024-05-30 00:00:00+08:00,11.649999618530273,11.649999618530273,11.649999618530273,11.649999618530273,7000,0.0,0.0
2024-05-31 00:00:00+08:00,11.649999618530273,12.350000381469727,11.649999618530273,12.350000381469727,19000,0.0,0.0
2024-06-03 00:00:00+08:00,12.350000381469727,12.399999618530273,12.350000381469727,12.399999618530273,5000,0.0,0.0
2024-06-04 00:00:00+08:00,12.449999809265137,12.850000381469727,12.449999809265137,12.600000381469727,11000,0.0,0.0
2024-06-05 00:00:00+08:00,12.649999618530273,12.649999618530273,12.649999618530273,12.649999618530273,6000,0.0,0.0
2024-06-06 00:00:00+08:00,11.800000190734863,12.550000190734863,11.800000190734863,12.0,4000,0.0,0.0
2024-06-07 00:00:00+08:00,12.0,12.0,12.0,12.0,0,0.0,0.0
2024-06-11 00:00:00+08:00,12.100000381469727,12.800000190734863,12.100000381469727,12.800000190734863,12000,0.0,0.0
2024-06-12 00:00:00+08:00,12.5,12.949999809265137,12.5,12.949999809265137,6000,0.0,0.0
2024-06-13 00:00:00+08:00,13.0,13.199999809265137,13.0,13.0,45000,0.0,0.0
2024-06-14 00:00:00+08:00,13.0,13.0,13.0,13.0,0,0.0,0.0
2024-06-17 00:00:00+08:00,13.0,13.0,12.800000190734863,12.800000190734863,13000,0.0,0.0
2024-06-18 00:00:00+08:00,13.0,13.300000190734863,13.0,13.199999809265137,10000,0.0,0.0
2024-06-19 00:00:00+08:00,13.199999809265137,13.199999809265137,13.199999809265137,13.199999809265137,0,0.0,0.0
2024-06-20 00:00:00+08:00,14.100000381469727,14.100000381469727,13.149999618530273,13.25,7000,0.0,0.0
2024-06-21 00:00:00+08:00,13.25,13.25,13.25,13.25,3000,0.0,0.0
2024-06-24 00:00:00+08:00,12.75,12.75,12.75,12.75,2000,0.0,0.0
2024-06-25 00:00:00+08:00,12.800000190734863,12.800000190734863,12.800000190734863,12.800000190734863,2000,0.0,0.0
2024-06-26 00:00:00+08:00,12.699999809265137,12.699999809265137,12.600000381469727,12.600000381469727,4000,0.0,0.0
2024-06-27 00:00:00+08:00,12.600000381469727,12.600000381469727,12.600000381469727,12.600000381469727,0,0.0,0.0
2024-06-28 00:00:00+08:00,12.600000381469727,12.600000381469727,12.600000381469727,12.600000381469727,0,0.0,0.0
2024-07-01 00:00:00+08:00,12.649999618530273,12.75,12.649999618530273,12.75,17000,0.0,0.0
2024-07-02 00:00:00+08:00,12.75,12.75,12.5,12.5,6000,0.0,0.0
2024-07-03 00:00:00+08:00,12.5,12.5,12.5,12.5,0,0.0,0.0
2024-07-04 00:00:00+08:00,12.5,12.600000381469727,12.5,12.600000381469727,2000,0.0,0.0
2024-07-05 00:00:00+08:00,12.449999809265137,13.75,12.449999809265137,13.600000381469727,21000,0.0,0.0
2024-07-08 00:00:00+08:00,13.5,13.5,13.0,13.050000190734863,20000,0.0,0.0
2024-07-09 00:00:00+08:00,13.050000190734863,13.449999809265137,13.050000190734863,13.449999809265137,7000,0.0,0.0
2024-07-10 00:00:00+08:00,13.0,13.0,13.0,13.0,9000,0.0,0.0
2024-07-11 00:00:00+08:00,12.800000190734863,12.800000190734863,12.75,12.75,4000,0.0,0.0
2024-07-12 00:00:00+08:00,13.5,13.899999618530273,13.5,13.899999618530273,24000,0.0,0.0
2024-07-15 00:00:00+08:00,13.25,14.5,13.25,14.0,14000,0.0,0.0
2024-07-16 00:00:00+08:00,14.0,15.199999809265137,14.0,15.0,15000,0.0,0.0
2024-07-17 00:00:00+08:00,16.299999237060547,16.649999618530273,16.299999237060547,16.600000381469727,47000,0.0,0.0
2024-07-18 00:00:00+08:00,17.799999237060547,17.799999237060547,17.350000381469727,17.350000381469727,9000,0.0,0.0
2024-07-19 00:00:00+08:00,18.100000381469727,18.100000381469727,16.899999618530273,16.899999618530273,28000,0.0,0.0
2024-07-22 00:00:00+08:00,15.949999809265137,16.700000762939453,15.899999618530273,16.700000762939453,5000,0.0,0.0
2024-07-23 00:00:00+08:00,17.399999618530273,17.399999618530273,17.399999618530273,17.399999618530273,4000,0.0,0.0
2024-07-26 00:00:00+08:00,16.100000381469727,16.100000381469727,16.049999237060547,16.049999237060547,12000,0.0,0.0
2024-07-29 00:00:00+08:00,17.299999237060547,17.299999237060547,17.200000762939453,17.200000762939453,7000,0.0,0.0
2024-07-30 00:00:00+08:00,17.200000762939453,17.200000762939453,17.200000762939453,17.200000762939453,0,0.0,0.0
2024-07-31 00:00:00+08:00,17.25,17.25,17.25,17.25,6000,0.0,0.0
2024-08-01 00:00:00+08:00,17.950000762939453,17.950000762939453,17.950000762939453,17.950000762939453,1000,0.0,0.0
2024-08-02 00:00:00+08:00,17.950000762939453,17.950000762939453,17.950000762939453,17.950000762939453,0,0.0,0.0
2024-08-05 00:00:00+08:00,17.950000762939453,17.950000762939453,17.950000762939453,17.950000762939453,0,0.0,0.0
2024-08-06 00:00:00+08:00,17.950000762939453,17.950000762939453,17.950000762939453,17.950000762939453,0,0.0,0.0
2024-08-07 00:00:00+08:00,17.950000762939453,17.950000762939453,17.950000762939453,17.950000762939453,0,0.0,0.0
2024-08-08 00:00:00+08:00,17.950000762939453,17.950000762939453,17.950000762939453,17.950000762939453,0,0.0,0.0
2024-08-09 00:00:00+08:00,15.25,17.549999237060547,15.25,17.549999237060547,6000,0.0,0.0
2024-08-12 00:00:00+08:00,15.949999809265137,17.100000381469727,15.949999809265137,17.100000381469727,2000,0.0,0.0
2024-08-13 00:00:00+08:00,16.149999618530273,16.149999618530273,16.049999237060547,16.100000381469727,14000,0.0,0.0
2024-08-14 00:00:00+08:00,15.449999809265137,16.049999237060547,15.449999809265137,16.049999237060547,14000,0.0,0.0
2024-08-15 00:00:00+08:00,15.199999809265137,15.199999809265137,15.199999809265137,15.199999809265137,2000,0.0,0.0
2024-08-16 00:00:00+08:00,16.0,16.0,16.0,16.0,1000,0.0,0.0
2024-08-19 00:00:00+08:00,17.450000762939453,17.450000762939453,16.0,16.0,4000,0.0,0.0
2024-08-20 00:00:00+08:00,16.0,16.0,16.0,16.0,0,0.0,0.0
2024-08-21 00:00:00+08:00,15.300000190734863,15.300000190734863,15.25,15.25,5000,0.0,0.0
2024-08-22 00:00:00+08:00,15.050000190734863,15.050000190734863,15.050000190734863,15.050000190734863,10000,0.0,0.0
2024-08-23 00:00:00+08:00,15.050000190734863,15.050000190734863,15.050000190734863,15.050000190734863,0,0.0,0.0
2024-08-26 00:00:00+08:00,15.050000190734863,15.050000190734863,15.050000190734863,15.050000190734863,9000,0.0,0.0
2024-08-27 00:00:00+08:00,16.049999237060547,16.049999237060547,16.049999237060547,16.049999237060547,1000,0.0,0.0
2024-08-28 00:00:00+08:00,16.799999237060547,16.799999237060547,16.450000762939453,16.450000762939453,10000,0.0,0.0
2024-08-29 00:00:00+08:00,16.450000762939453,16.450000762939453,16.450000762939453,16.450000762939453,0,0.0,0.0
2024-08-30 00:00:00+08:00,15.5,15.5,15.449999809265137,15.449999809265137,6000,0.0,0.0
2024-09-02 00:00:00+08:00,15.449999809265137,15.449999809265137,15.449999809265137,15.449999809265137,0,0.0,0.0
2024-09-03 00:00:00+08:00,15.100000381469727,15.75,15.100000381469727,15.75,10000,0.0,0.0
2024-09-04 00:00:00+08:00,15.75,15.75,15.75,15.75,0,0.0,0.0
2024-09-05 00:00:00+08:00,15.75,15.75,15.75,15.75,0,0.0,0.0
2024-09-06 00:00:00+08:00,15.75,15.75,15.75,15.75,0,0.0,0.0
2024-09-09 00:00:00+08:00,15.75,15.75,15.75,15.75,0,0.0,0.0
2024-09-10 00:00:00+08:00,14.800000190734863,14.800000190734863,14.800000190734863,14.800000190734863,14000,0.0,0.0
2024-09-11 00:00:00+08:00,14.800000190734863,14.800000190734863,14.800000190734863,14.800000190734863,0,0.0,0.0
2024-09-12 00:00:00+08:00,14.0,14.0,14.0,14.0,7000,0.0,0.0
2024-09-13 00:00:00+08:00,13.75,14.0,13.75,14.0,12000,0.0,0.0
2024-09-16 00:00:00+08:00,14.0,14.0,14.0,14.0,0,0.0,0.0
2024-09-18 00:00:00+08:00,15.050000190734863,15.050000190734863,15.050000190734863,15.050000190734863,1000,0.0,0.0
2024-09-19 00:00:00+08:00,15.050000190734863,15.050000190734863,15.050000190734863,15.050000190734863,0,0.0,0.0
2024-09-20 00:00:00+08:00,13.600000381469727,13.600000381469727,13.600000381469727,13.600000381469727,17000,0.0,0.0
