Date,Open,High,Low,Close,Volume,Dividends,Stock Splits
2001-01-01 00:00:00+09:00,239.24328613281253,239.24328613281253,239.24328613281253,239.2432861328125,0,0.0,0.0
2001-01-02 00:00:00+09:00,239.24328613281253,239.24328613281253,239.24328613281253,239.2432861328125,0,0.0,0.0
2001-01-03 00:00:00+09:00,239.24328613281253,239.24328613281253,239.24328613281253,239.2432861328125,0,0.0,0.0
2001-01-04 00:00:00+09:00,242.81413266274717,242.81413266274717,232.10174560546872,232.10174560546875,7525,0.0,0.0
2001-01-05 00:00:00+09:00,232.81592756115103,232.81592756115103,229.95928955078125,229.95928955078125,30098,0.0,0.0
2001-01-08 00:00:00+09:00,229.95928955078125,229.95928955078125,229.95928955078125,229.95928955078125,0,0.0,0.0
2001-01-09 00:00:00+09:00,229.9592084957766,232.38736322459005,221.38929748535153,221.38929748535156,66288,0.0,0.0
2001-01-10 00:00:00+09:00,227.10266095676482,227.10266095676482,210.96266099549533,211.3911590576172,72381,0.0,0.0
2001-01-11 00:00:00+09:00,211.39108600128614,212.24808182935385,201.39286381513287,208.8201141357422,70589,0.0,0.0
2001-01-12 00:00:00+09:00,208.8201636660806,213.5336106011235,208.8201636660806,212.96229553222656,24008,0.0,0.0
2001-01-15 00:00:00+09:00,237.24364144490005,237.24364144490005,221.24648047290327,221.38929748535156,22931,0.0,0.0
2001-01-16 00:00:00+09:00,221.38929748535153,221.38929748535153,218.2470108383216,221.38929748535156,6807,0.0,0.0
2001-01-17 00:00:00+09:00,221.38933995637205,225.6743040929353,221.38933995637205,223.53182983398438,11467,0.0,0.0
2001-01-18 00:00:00+09:00,228.5309019518544,243.95673267944719,223.6746236433891,230.38771057128906,31531,0.0,0.0
2001-01-19 00:00:00+09:00,231.38751481722196,244.24237241299622,231.38751481722196,242.5283966064453,74529,0.0,0.0
2001-01-22 00:00:00+09:00,242.5283909934967,250.098472756996,242.5283909934967,243.24253845214844,32607,0.0,0.0
2001-01-23 00:00:00+09:00,239.95753467766016,248.5274332430073,228.38814974831166,230.53062438964844,36190,0.0,0.0
2001-01-24 00:00:00+09:00,231.38755258523918,239.95746425412352,231.38755258523918,235.67250061035156,66288,0.0,0.0
2001-01-25 00:00:00+09:00,239.9575132580225,245.6707888707052,235.81538141042927,244.24246215820312,42280,0.0,0.0
2001-01-26 00:00:00+09:00,244.24237516570435,244.24237516570435,239.95742779170558,240.3859100341797,18633,0.0,0.0
2001-01-29 00:00:00+09:00,236.10098267085752,240.6715956729916,235.95815003837467,240.10028076171875,27947,0.0,0.0
2001-01-30 00:00:00+09:00,248.6702244442974,248.6702244442974,235.6725304618639,236.1010284423828,71304,0.0,0.0
2001-01-31 00:00:00+09:00,236.5295474194299,245.67079162597656,236.5295474194299,245.67079162597656,26873,0.0,0.0
2001-02-01 00:00:00+09:00,249.95573777088583,249.95573777088583,244.09962948695292,244.24246215820312,159810,0.0,0.0
2001-02-02 00:00:00+09:00,244.2424878376347,244.2424878376347,239.81470580067094,244.0996551513672,78829,0.0,0.0
2001-02-05 00:00:00+09:00,244.09958524148868,244.09958524148868,237.10083247481006,242.95693969726562,63779,0.0,0.0
2001-02-06 00:00:00+09:00,232.2445242460612,238.67196166512886,232.2445242460612,238.5291290283203,36549,0.0,0.0
2001-02-07 00:00:00+09:00,237.95781272831238,244.09958524148868,237.95781272831238,242.95693969726562,34757,0.0,0.0
2001-02-08 00:00:00+09:00,242.8140645805905,242.9568972009676,238.5291015879345,240.3859100341797,130427,0.0,0.0
2001-02-09 00:00:00+09:00,240.81444033341774,249.95568241292153,239.95746011437566,242.6712646484375,21499,0.0,0.0
2001-02-12 00:00:00+09:00,242.6712646484375,242.6712646484375,242.6712646484375,242.6712646484375,0,0.0,0.0
2001-02-13 00:00:00+09:00,242.67116278166844,243.38531006131396,242.67116278166844,242.81399536132812,36549,0.0,0.0
2001-02-14 00:00:00+09:00,239.95735938678763,242.8139953613281,239.95735938678763,242.81399536132812,17198,0.0,0.0
2001-02-15 00:00:00+09:00,245.67079612285158,249.81291247405633,245.67079612285158,246.2421112060547,34040,0.0,0.0
2001-02-16 00:00:00+09:00,245.67077403338706,249.95572267477766,245.67077403338706,247.38475036621094,60914,0.0,0.0
2001-02-19 00:00:00+09:00,249.95572939497956,255.66900481621292,229.95926542066277,249.81289672851562,57330,0.0,0.0
2001-02-20 00:00:00+09:00,255.95461405883623,257.0972595214844,235.8153218314123,257.0972595214844,67006,0.0,0.0
2001-02-21 00:00:00+09:00,255.811803600756,256.38313419093987,253.52649685868084,255.52613830566406,29024,0.0,0.0
2001-02-22 00:00:00+09:00,252.81235915136816,254.66916813831648,250.66988484047982,251.81253051757812,103553,0.0,0.0
2001-02-23 00:00:00+09:00,256.0975130691302,256.0975130691302,248.527412680777,253.24087524414062,15765,0.0,0.0
2001-02-26 00:00:00+09:00,255.66897567015087,255.66897567015087,244.5280914306641,244.52809143066406,31531,0.0,0.0
2001-02-27 00:00:00+09:00,253.09801113425257,255.52615064109122,253.09801113425257,254.0978240966797,45863,0.0,0.0
2001-02-28 00:00:00+09:00,253.95500183105466,254.09781886389374,244.24242838505594,253.9550018310547,23290,0.0,0.0
2001-03-01 00:00:00+09:00,239.9574743847634,241.38578524721544,237.52933498553273,239.5289764404297,41924,0.0,0.0
2001-03-02 00:00:00+09:00,239.52896632788037,239.95746425412352,235.67250061035153,235.67250061035156,57330,0.0,0.0
2001-03-05 00:00:00+09:00,235.67256557152083,237.24372506748938,228.5309783549283,229.95928955078125,39056,0.0,0.0
2001-03-06 00:00:00+09:00,229.95912566656963,242.8139953613281,229.95912566656963,242.81399536132812,25799,0.0,0.0
2001-03-07 00:00:00+09:00,242.8139953613281,244.24230553927194,241.52850214439115,242.81399536132812,35831,0.0,0.0
2001-03-08 00:00:00+09:00,242.8139953613281,242.8139953613281,235.67239761565057,242.81399536132812,25440,0.0,0.0
2001-03-09 00:00:00+09:00,234.2441685246491,242.81407941486674,234.2441685246491,240.81442260742188,66647,0.0,0.0
2001-03-12 00:00:00+09:00,242.81412221597583,242.81412221597583,235.8153533935547,235.8153533935547,13258,0.0,0.0
2001-03-13 00:00:00+09:00,232.81591460779615,232.81591460779615,228.10246761946394,228.24530029296875,44072,0.0,0.0
2001-03-14 00:00:00+09:00,228.24530029296875,228.24530029296875,228.24530029296875,228.24530029296875,0,0.0,0.0
2001-03-15 00:00:00+09:00,222.81763728950767,231.38754881889787,218.53268933414225,230.6733856201172,78829,0.0,0.0
2001-03-16 00:00:00+09:00,235.67250061035153,240.38594656170707,235.24400268410838,235.67250061035156,29739,0.0,0.0
2001-03-19 00:00:00+09:00,240.67166810018398,247.09910725885427,240.67166810018398,246.2421112060547,29739,0.0,0.0
2001-03-20 00:00:00+09:00,246.24211120605472,246.24211120605472,246.24211120605472,246.2421112060547,0,0.0,0.0
2001-03-21 00:00:00+09:00,250.52710506238543,256.9545293518182,250.52710506238543,253.3837432861328,66647,0.0,0.0
2001-03-22 00:00:00+09:00,243.09974917919266,256.9544372558594,243.09974917919266,256.9544372558594,69513,0.0,0.0
2001-03-23 00:00:00+09:00,255.66897774880036,255.66897774880036,250.09853558376795,254.38348388671875,20066,0.0,0.0
2001-03-26 00:00:00+09:00,257.2401837266895,272.8088684082032,257.2401837266895,272.8088684082031,98537,0.0,0.0
2001-03-27 00:00:00+09:00,279.62836264267037,288.9980984321259,275.23630099249925,279.7747497558594,103553,13.0,0.0
2001-03-28 00:00:00+09:00,279.7747497558593,283.14200555917154,279.7747497558593,279.7747497558594,26515,0.0,0.0
2001-03-29 00:00:00+09:00,278.8964166411193,280.2140611552198,276.70038514186996,279.6284484863281,77038,0.0,0.0
2001-03-30 00:00:00+09:00,266.4521076408066,279.6283227287358,266.4521076408066,266.5985107421875,37623,0.0,0.0
2001-04-02 00:00:00+09:00,270.99063556118455,270.99063556118455,260.596061557419,264.40252685546875,21499,0.0,0.0
2001-04-03 00:00:00+09:00,264.54904264618267,279.62849112397976,264.54904264618267,278.1644592285156,40132,0.0,0.0
2001-04-04 00:00:00+09:00,265.1345605421294,278.1643597043574,265.1345605421294,274.35791015625,9675,0.0,0.0
2001-04-05 00:00:00+09:00,272.308208306292,275.08985131158107,270.84417724609375,270.84417724609375,18633,0.0,0.0
2001-04-06 00:00:00+09:00,278.16438480446794,278.16438480446794,268.64822805732877,268.7946472167969,34040,0.0,0.0
2001-04-09 00:00:00+09:00,268.7945773016543,268.7945773016543,267.18414306640625,267.18414306640625,2865,0.0,0.0
2001-04-10 00:00:00+09:00,263.96334868570256,269.3802490234375,263.96334868570256,269.3802490234375,30457,0.0,0.0
2001-04-11 00:00:00+09:00,272.0154736064129,272.0154736064129,263.8169455411937,269.3802490234375,13615,0.0,0.0
2001-04-12 00:00:00+09:00,260.5961185542985,264.98819732176264,260.5961185542985,262.0601501464844,28665,0.0,0.0
2001-04-13 00:00:00+09:00,270.84424722791704,270.84424722791704,263.52413806278935,264.8417663574219,16124,0.0,0.0
2001-04-16 00:00:00+09:00,264.9881504114235,272.60106531581,263.6705222117134,269.67303466796875,24008,0.0,0.0
2001-04-17 00:00:00+09:00,272.6011098845146,272.747529050845,270.6978848495243,271.8691101074219,15765,0.0,0.0
2001-04-18 00:00:00+09:00,269.3802111508045,274.5042724609375,269.3802111508045,274.5042724609375,27232,0.0,0.0
2001-04-19 00:00:00+09:00,277.4322715129415,278.1642709561312,273.040178799288,277.13946533203125,41565,0.0,0.0
2001-04-20 00:00:00+09:00,278.16434787531904,278.16434787531904,277.13954196783544,277.5787353515625,32966,0.0,0.0
2001-04-23 00:00:00+09:00,277.72518023316553,281.09243654777686,269.3802490234375,269.3802490234375,23290,0.0,0.0
2001-04-24 00:00:00+09:00,273.77228691133047,274.9435119628906,266.45216235726025,274.9435119628906,11823,0.0,0.0
2001-04-25 00:00:00+09:00,278.1643657236422,278.1643657236422,270.8442407251729,272.74749755859375,24008,0.0,0.0
2001-04-26 00:00:00+09:00,278.1643657236422,278.1643657236422,270.8442407251729,272.74749755859375,24008,0.0,0.0
2001-04-27 00:00:00+09:00,272.30823822083386,273.7722694418639,271.5762386194082,271.7226257324219,35831,0.0,0.0
2001-04-30 00:00:00+09:00,271.7226257324219,271.7226257324219,271.7226257324219,271.7226257324219,0,0.0,0.0
2001-05-01 00:00:00+09:00,273.91873790410773,276.70038204107675,271.5763192729797,272.3083190917969,46222,0.0,0.0
2001-05-02 00:00:00+09:00,273.62598913506866,280.3605041503906,272.45479558221723,280.3605041503906,39773,0.0,0.0
2001-05-03 00:00:00+09:00,280.3605041503906,280.3605041503906,280.3605041503906,280.3605041503906,0,0.0,0.0
2001-05-04 00:00:00+09:00,280.3605041503906,280.3605041503906,280.3605041503906,280.3605041503906,0,0.0,0.0
2001-05-07 00:00:00+09:00,285.3381674889998,285.4845866876429,278.1644592285156,278.1644592285156,364,0.0,0.0
2001-05-08 00:00:00+09:00,278.1644592285156,282.55652289671457,278.1644592285156,278.1644592285156,354,0.0,0.0
2001-05-09 00:00:00+09:00,278.16433483112604,282.55639653515874,277.13952897169946,280.7995910644531,354,0.0,0.0
2001-05-10 00:00:00+09:00,280.6532546477942,281.09248015855724,276.70038514186996,279.6284484863281,82,0.0,0.0
2001-05-11 00:00:00+09:00,279.62848242753523,280.3604823434054,276.99322509765625,276.99322509765625,211,0.0,0.0
2001-05-14 00:00:00+09:00,278.31078374202696,278.89636428279664,275.23633381661887,275.3827209472656,153,0.0,0.0
2001-05-15 00:00:00+09:00,278.1643446418169,282.55640650075503,273.7722827828788,281.0924072265625,39414,0.0,0.0
2001-05-16 00:00:00+09:00,284.7525059914108,284.7525059914108,271.7227043974977,274.0651550292969,32248,0.0,0.0
2001-05-17 00:00:00+09:00,285.3381674889998,285.3381674889998,274.06520193940946,278.1644592285156,27947,0.0,0.0
2001-05-18 00:00:00+09:00,274.7971599770664,284.7525113118471,274.7971599770664,279.6284484863281,31531,0.0,0.0
2001-05-21 00:00:00+09:00,285.48449093184115,285.48449093184115,278.3107850775261,279.92120361328125,27591,0.0,0.0
2001-05-22 00:00:00+09:00,281.092428736806,283.874072396086,279.92120361328125,279.92120361328125,13973,0.0,0.0
2001-05-23 00:00:00+09:00,279.92115394737993,281.0923788630964,278.4571228027344,278.4571228027344,25082,0.0,0.0
2001-05-24 00:00:00+09:00,278.3107928112008,278.3107928112008,266.4521861332609,269.3802490234375,17198,0.0,0.0
2001-05-25 00:00:00+09:00,278.16437639532575,278.16437639532575,270.2586385322233,273.918701171875,15050,0.0,0.0
2001-05-28 00:00:00+09:00,275.2364188959294,278.8964504934726,275.2364188959294,276.99322509765625,20066,0.0,0.0
2001-05-29 00:00:00+09:00,276.99319147631576,279.6284484863281,276.99319147631576,279.6284484863281,15765,0.0,0.0
2001-05-30 00:00:00+09:00,272.4546417313087,278.16431513870356,272.4546417313087,273.04022216796875,7525,0.0,0.0
2001-05-31 00:00:00+09:00,275.23634844339176,278.1643793755737,273.04028522152504,276.7003479003906,60555,0.0,0.0
2001-06-01 00:00:00+09:00,276.5539547751807,276.5539547751807,270.2586355772654,271.1370544433594,8599,0.0,0.0
2001-06-04 00:00:00+09:00,272.7475201106997,275.2363576930594,267.91623208932606,270.6978759765625,9675,0.0,0.0
2001-06-05 00:00:00+09:00,270.84429109867875,270.84429109867875,267.916259765625,267.916259765625,18990,0.0,0.0
2001-06-06 00:00:00+09:00,267.18420155515,267.9162172768705,263.6705420999837,263.9633483886719,10032,0.0,0.0
2001-06-07 00:00:00+09:00,263.5241394042969,263.9633488380769,262.06012396745524,263.5241394042969,15765,0.0,0.0
2001-06-08 00:00:00+09:00,263.5241909291204,268.6482699735749,263.5241909291204,267.7698669433594,87787,0.0,0.0
2001-06-11 00:00:00+09:00,265.28109137339544,266.4523010253906,265.28109137339544,266.4523010253906,11823,0.0,0.0
2001-06-12 00:00:00+09:00,266.0129754991146,266.0129754991146,262.0601226334005,264.8417663574219,11467,0.0,0.0
2001-06-13 00:00:00+09:00,264.25621120466934,264.25621120466934,262.0601795788445,262.9385986328125,14691,0.0,0.0
2001-06-14 00:00:00+09:00,260.74254319782847,265.86663818359375,260.74254319782847,265.86663818359375,10749,0.0,0.0
2001-06-15 00:00:00+09:00,266.45222552338214,266.45222552338214,260.5961308954952,265.1346130371094,20066,0.0,0.0
2001-06-18 00:00:00+09:00,264.84181948808606,267.9162701165778,264.84181948808606,267.7698669433594,18274,0.0,0.0
2001-06-19 00:00:00+09:00,263.3778057221063,273.6259645100891,263.3778057221063,270.551513671875,35114,0.0,0.0
2001-06-20 00:00:00+09:00,283.7277019708374,283.7277019708374,272.3083190917969,272.3083190917969,56256,0.0,0.0
2001-06-21 00:00:00+09:00,275.2363043678306,280.7995910644531,268.6481797936024,280.7995910644531,33681,0.0,0.0
2001-06-22 00:00:00+09:00,281.0925509099647,285.33819580078125,279.77490606421105,285.33819580078125,164826,0.0,0.0
2001-06-25 00:00:00+09:00,285.48445586953574,287.68048669734367,285.1916496246161,286.070068359375,115020,0.0,0.0
2001-06-26 00:00:00+09:00,286.94846079945086,287.38768618468055,285.33804242936066,286.2164611816406,40847,0.0,0.0
2001-06-27 00:00:00+09:00,281.0924827069862,284.7525138934585,281.0924827069862,282.41009521484375,10390,0.0,0.0
2001-06-28 00:00:00+09:00,284.7524324542341,289.87652587890625,283.4348203232137,289.87652587890625,80980,0.0,0.0
2001-06-29 00:00:00+09:00,292.0726596019178,315.49704004499904,290.3158214632294,300.1247863769531,374442,0.0,0.0
2001-07-02 00:00:00+09:00,300.1247304585311,301.5887619679971,292.8046049293863,299.3927307128906,147627,0.0,0.0
2001-07-03 00:00:00+09:00,305.2489013671875,305.2489013671875,297.19677407086607,305.2489013671875,112870,0.0,0.0
2001-07-04 00:00:00+09:00,300.8567209750426,301.58875271641216,292.8045959472656,292.8045959472656,56256,0.0,0.0
2001-07-05 00:00:00+09:00,292.8046281078063,297.1967229838825,292.8046281078063,296.4646911621094,32607,0.0,0.0
2001-07-06 00:00:00+09:00,302.320748422943,302.320748422943,290.9013671875,290.9013671875,45863,0.0,0.0
2001-07-09 00:00:00+09:00,292.80455058142513,294.2685818191497,291.1941322290176,291.4869384765625,49805,0.0,0.0
2001-07-10 00:00:00+09:00,291.4869770894222,295.0006205072294,290.0229456577595,293.53662109375,57330,0.0,0.0
2001-07-11 00:00:00+09:00,287.680528215049,292.804590213373,285.4844970703125,285.4844970703125,44789,0.0,0.0
2001-07-12 00:00:00+09:00,285.4844844906368,303.0527648925781,285.4844844906368,303.0527648925781,184892,0.0,0.0
2001-07-13 00:00:00+09:00,308.9088502429325,319.1570055369032,303.05275692949476,316.22894287109375,398091,0.0,0.0
2001-07-16 00:00:00+09:00,319.15702169437316,323.5490838972563,308.90886588158486,322.0850524902344,279846,0.0,0.0
2001-07-17 00:00:00+09:00,320.62100052505446,332.33318699388155,319.1570012300866,328.67315673828125,462947,0.0,0.0
2001-07-18 00:00:00+09:00,328.67327317425134,328.67327317425134,303.784860106466,310.3729553222656,109287,0.0,0.0
2001-07-19 00:00:00+09:00,299.3926700576994,307.4447937011719,295.0005764191138,307.4447937011719,154435,0.0,0.0
2001-07-20 00:00:00+09:00,307.4447937011719,307.4447937011719,307.4447937011719,307.4447937011719,0,0.0,0.0
2001-07-23 00:00:00+09:00,314.76498863592764,314.76498863592764,291.34064166285765,298.6607360839844,65571,0.0,0.0
2001-07-24 00:00:00+09:00,292.8046594839425,300.12478637695307,292.0726596019178,300.1247863769531,99970,0.0,0.0
2001-07-25 00:00:00+09:00,300.12478637695307,301.5888181591934,292.8046594839425,300.1247863769531,201732,0.0,0.0
2001-07-26 00:00:00+09:00,300.12478637695307,300.12478637695307,292.6582723148139,300.1247863769531,46940,0.0,0.0
2001-07-27 00:00:00+09:00,300.1247304585311,300.1247304585311,292.8046049293863,299.3927307128906,77755,0.0,0.0
2001-07-30 00:00:00+09:00,295.00069268332805,295.00069268332805,288.41259765625,288.41259765625,126844,0.0,0.0
2001-07-31 00:00:00+09:00,279.6284523204807,292.80464149664334,279.6284523204807,292.3654479980469,174143,0.0,0.0
2001-08-01 00:00:00+09:00,279.18922665068345,300.1247677754853,279.18922665068345,298.6607360839844,45148,0.0,0.0
2001-08-02 00:00:00+09:00,298.66076470427157,310.3729553222656,298.66076470427157,310.3729553222656,74529,0.0,0.0
2001-08-03 00:00:00+09:00,310.3728609539027,319.88901693992517,310.3728609539027,314.7649230957031,93880,0.0,0.0
2001-08-06 00:00:00+09:00,314.0329864929777,314.0329864929777,301.5887972520838,306.7128601074219,22573,0.0,0.0
2001-08-07 00:00:00+09:00,306.7128041410703,307.44483585696423,300.85671050483376,305.9808044433594,21140,0.0,0.0
2001-08-08 00:00:00+09:00,305.980845107792,305.980845107792,300.85675048828125,300.85675048828125,7166,0.0,0.0
2001-08-09 00:00:00+09:00,301.5888222408062,301.5888222408062,295.00069514065854,295.73272705078125,39773,0.0,0.0
2001-08-10 00:00:00+09:00,300.12471665711524,300.12471665711524,294.26862290673245,297.1966857910156,71304,0.0,0.0
2001-08-13 00:00:00+09:00,294.26864252627655,294.26864252627655,286.9485168457031,286.9485168457031,71663,0.0,0.0
2001-08-14 00:00:00+09:00,286.9485168457031,288.41254838545495,282.5564542446333,286.9485168457031,69513,0.0,0.0
2001-08-15 00:00:00+09:00,287.68052944437056,297.1966857910156,285.48449829025,297.1966857910156,140818,0.0,0.0
2001-08-16 00:00:00+09:00,296.46462990205197,307.44481679606696,290.6085366288802,304.5167541503906,105703,0.0,0.0
2001-08-17 00:00:00+09:00,307.4447937011719,310.37282410871705,304.51673127544814,307.4447937011719,98537,0.0,0.0
2001-08-20 00:00:00+09:00,313.3009623468741,313.3009623468741,295.73267959590174,297.9287109375,38697,0.0,0.0
2001-08-21 00:00:00+09:00,300.1247317476079,301.58876326336207,291.3406066894531,291.3406066894531,74529,0.0,0.0
2001-08-22 00:00:00+09:00,294.26862290673245,297.1966857910156,292.2189788877342,297.1966857910156,128277,0.0,0.0
2001-08-23 00:00:00+09:00,295.73266794831824,304.51679296874397,293.5366366932118,299.3927307128906,240790,0.0,0.0
2001-08-24 00:00:00+09:00,304.5168497054831,306.71288136974806,300.12478637695307,300.1247863769531,96745,0.0,0.0
2001-08-27 00:00:00+09:00,300.1247021498302,313.3009204558317,298.66067077845634,303.0527648925781,113587,0.0,0.0
2001-08-28 00:00:00+09:00,304.5167179287436,313.3008728027343,303.0527187982261,313.3008728027344,67006,0.0,0.0
2001-08-29 00:00:00+09:00,289.87658534557767,303.78480518782413,289.87658534557767,297.9287109375,35831,0.0,0.0
2001-08-30 00:00:00+09:00,289.8765968752764,297.1967229838825,289.2909842251329,296.4646911621094,80621,0.0,0.0
2001-08-31 00:00:00+09:00,292.8046281078063,300.856754019998,289.8765968752764,296.4646911621094,85637,0.0,0.0
2001-09-03 00:00:00+09:00,298.6606494432817,298.6606494432817,289.87652587890625,289.87652587890625,20781,0.0,0.0
2001-09-04 00:00:00+09:00,286.9485168457031,286.9485168457031,285.48451732413696,286.9485168457031,20066,0.0,0.0
2001-09-05 00:00:00+09:00,286.94848376661105,290.022933636578,286.94848376661105,289.583740234375,26873,0.0,0.0
2001-09-06 00:00:00+09:00,288.5589294433594,292.80457232070995,285.48447962496465,288.5589294433594,31531,0.0,0.0
2001-09-07 00:00:00+09:00,285.4844897991476,285.63087692991604,282.5564270019531,282.5564270019531,11108,0.0,0.0
2001-09-10 00:00:00+09:00,276.70039726687804,283.28852407150634,276.55401010233476,282.7029113769531,28665,0.0,0.0
2001-09-11 00:00:00+09:00,285.4845126446216,291.3406066894531,282.5564496131132,291.3406066894531,63064,0.0,0.0
2001-09-12 00:00:00+09:00,269.3802490234375,269.3802490234375,269.3802490234375,269.3802490234375,35831,0.0,0.0
2001-09-13 00:00:00+09:00,263.5241394042969,264.9881708502303,253.27598331913003,263.5241394042969,125411,0.0,0.0
2001-09-14 00:00:00+09:00,270.8442599409467,275.0899353027344,269.2338412921191,275.0899353027344,123261,0.0,0.0
2001-09-17 00:00:00+09:00,270.8443200382855,270.8443200382855,256.20409777233755,270.551513671875,24723,0.0,0.0
2001-09-18 00:00:00+09:00,256.7896587763138,267.6234281147151,256.3504493151744,261.767333984375,67006,0.0,0.0
2001-09-19 00:00:00+09:00,257.66812475569463,278.1644592285156,257.66812475569463,278.1644592285156,34398,0.0,0.0
2001-09-20 00:00:00+09:00,291.34075364668433,291.34075364668433,284.3134308445483,284.75262451171875,144044,0.0,0.0
2001-09-21 00:00:00+09:00,291.3406699977159,291.3406699977159,282.55651101258024,285.04534912109375,63064,0.0,0.0
2001-09-24 00:00:00+09:00,285.04534912109375,285.04534912109375,285.04534912109375,285.04534912109375,0,0.0,0.0
2001-09-25 00:00:00+09:00,290.0912193428286,298.2943115234375,290.0912193428286,298.2943115234375,49805,10.0,0.0
2001-09-26 00:00:00+09:00,304.2601679036227,305.75164794921875,298.2942803397194,305.75164794921875,70230,0.0,0.0
2001-09-27 00:00:00+09:00,304.260123969568,304.260123969568,283.5287011124893,302.7686767578125,37623,0.0,0.0
2001-09-28 00:00:00+09:00,302.7686767578125,302.7686767578125,302.7686767578125,302.7686767578125,0,0.0,0.0
2001-10-01 00:00:00+09:00,307.2431428126373,313.20903066426536,298.29429472595393,309.4803466796875,47655,0.0,0.0
2001-10-02 00:00:00+09:00,305.7516356316965,325.1407775878906,305.7516356316965,325.1407775878906,164467,0.0,0.0
2001-10-03 00:00:00+09:00,324.39497338717814,324.39497338717814,319.174843136393,320.6662902832031,89220,0.0,0.0
2001-10-04 00:00:00+09:00,320.66639623048434,324.39508056640625,319.17494859090414,324.39508056640625,78112,0.0,0.0
2001-10-05 00:00:00+09:00,320.66639623048434,324.39508056640625,319.17494859090414,324.39508056640625,99611,0.0,0.0
2001-10-08 00:00:00+09:00,324.39508056640625,324.39508056640625,324.39508056640625,324.39508056640625,0,0.0,0.0
2001-10-09 00:00:00+09:00,318.42914147977126,326.6322326660156,318.42914147977126,326.6322326660156,80980,0.0,0.0
2001-10-10 00:00:00+09:00,325.14073214974763,331.1066186395813,325.14073214974763,328.8694152832031,72381,0.0,0.0
2001-10-11 00:00:00+09:00,322.903598768861,323.6493225097656,311.7175469443982,323.6493225097656,80621,0.0,0.0
2001-10-12 00:00:00+09:00,328.1237126867366,328.1237126867366,308.73460289128644,326.6322326660156,51597,0.0,0.0
2001-10-15 00:00:00+09:00,323.64924981377305,323.64924981377305,319.174843136393,320.6662902832031,22573,0.0,0.0
2001-10-16 00:00:00+09:00,313.9547820202141,320.6663942115249,305.75168958022795,316.1919860839844,55898,0.0,0.0
2001-10-17 00:00:00+09:00,316.19187383497825,316.19187383497825,299.0399712288848,304.2601013183594,81339,0.0,0.0
2001-10-18 00:00:00+09:00,310.22607042921,310.22607042921,304.260182577582,309.4803466796875,163034,0.0,0.0
2001-10-19 00:00:00+09:00,300.5314727002178,311.7175236901986,300.5314727002178,310.2260437011719,42280,0.0,0.0
2001-10-22 00:00:00+09:00,316.1919231450481,316.1919231450481,307.98883233791145,308.7345886230469,36549,0.0,0.0
2001-10-23 00:00:00+09:00,311.71757588928125,311.71757588928125,305.7516875526283,307.9888916015625,43715,0.0,0.0
2001-10-24 00:00:00+09:00,306.49737166277623,307.9888517083723,305.0059242356612,305.75164794921875,80621,0.0,0.0
2001-10-25 00:00:00+09:00,308.7345500163479,320.6662902832031,308.7345500163479,320.6662902832031,69513,0.0,0.0
2001-10-26 00:00:00+09:00,320.66633800050596,322.9035742905867,317.68341064453125,317.68341064453125,65214,0.0,0.0
2001-10-29 00:00:00+09:00,317.6834383983657,317.6834383983657,308.73462293016496,309.4803466796875,7883,0.0,0.0
2001-10-30 00:00:00+09:00,307.98888635490584,314.7005310058594,305.7516823440829,314.7005310058594,58405,0.0,0.0
2001-10-31 00:00:00+09:00,313.20900330132935,317.68341064453125,306.4973596680467,317.68341064453125,42280,0.0,0.0
2001-11-01 00:00:00+09:00,317.68340309684,318.4291267634964,302.7687014343585,308.7345886230469,53388,0.0,0.0
2001-11-02 00:00:00+09:00,305.0059361476387,314.70050789491216,299.78577209341995,301.2772521972656,72737,0.0,0.0
2001-11-05 00:00:00+09:00,302.7687739884204,305.7517019883397,293.0742009063307,296.05712890625,31174,0.0,0.0
2001-11-06 00:00:00+09:00,298.2943642478437,298.2943642478437,293.9691198266756,294.71484375,86713,0.0,0.0
2001-11-07 00:00:00+09:00,293.81994108547553,293.9691054339315,287.8540521354995,292.3284606933594,43715,0.0,0.0
2001-11-08 00:00:00+09:00,292.3284474320787,292.3284474320787,290.8369997261097,292.0301513671875,7525,0.0,0.0
2001-11-09 00:00:00+09:00,292.0301513671875,292.0301513671875,292.0301513671875,292.0301513671875,0,0.0,0.0
2001-11-12 00:00:00+09:00,287.85397598934907,287.85397598934907,267.42083049650194,273.68499755859375,63423,0.0,0.0
2001-11-13 00:00:00+09:00,280.3966429779096,281.8880903662562,275.1764792632559,277.1153869628906,44072,0.0,0.0
2001-11-14 00:00:00+09:00,278.9051740510041,278.9051740510041,269.956342582258,271.5969543457031,21140,0.0,0.0
2001-11-15 00:00:00+09:00,271.59696623420103,272.0444102736102,267.2717064717284,268.4648742675781,51956,0.0,0.0
2001-11-16 00:00:00+09:00,268.4649571072482,268.4649571072482,253.55024904685692,258.024658203125,146192,0.0,0.0
2001-11-19 00:00:00+09:00,256.53314208984375,258.7703462159645,247.5843092761176,256.53314208984375,152285,0.0,0.0
2001-11-20 00:00:00+09:00,269.95632486127795,269.95632486127795,257.27881036877864,259.36688232421875,90296,0.0,0.0
2001-11-21 00:00:00+09:00,261.0074104469578,261.75315019237644,257.4278759781827,259.2176513671875,54106,0.0,0.0
2001-11-22 00:00:00+09:00,259.2177766704844,259.5160564036029,256.53312859847955,257.5771484375,60914,0.0,0.0
2001-11-23 00:00:00+09:00,257.5771484375,257.5771484375,257.5771484375,257.5771484375,0,0.0,0.0
2001-11-26 00:00:00+09:00,258.02456046902665,266.2276516878631,258.02456046902665,265.332763671875,44072,0.0,0.0
2001-11-27 00:00:00+09:00,263.9904678872172,264.1396159011419,258.02457994871315,258.3228759765625,59122,0.0,0.0
2001-11-28 00:00:00+09:00,262.79731038113323,262.79731038113323,256.53314208984375,256.53314208984375,20781,0.0,0.0
2001-11-29 00:00:00+09:00,253.55011654515113,256.6821915322128,253.55011654515113,253.6992645263672,49805,0.0,0.0
2001-11-30 00:00:00+09:00,252.0587175283591,257.87545804181894,251.01468132518926,256.53314208984375,41565,0.0,0.0
2001-12-03 00:00:00+09:00,261.00746246926775,262.3497942785662,250.56716918945312,250.56716918945312,50164,0.0,0.0
2001-12-04 00:00:00+09:00,250.7163839684321,253.5501800116308,250.5672359498826,251.01466369628906,33681,0.0,0.0
2001-12-05 00:00:00+09:00,257.87545804181894,257.87545804181894,252.50616161543186,256.53314208984375,26515,0.0,0.0
2001-12-06 00:00:00+09:00,250.7164002716588,256.5331407548484,250.7164002716588,254.445068359375,51956,0.0,0.0
2001-12-07 00:00:00+09:00,255.0415802001953,256.5330600132457,249.0756935664698,255.0415802001953,173066,0.0,0.0
2001-12-10 00:00:00+09:00,250.71638200339166,252.80443793747722,245.49623401355674,251.31295776367188,49090,0.0,0.0
2001-12-11 00:00:00+09:00,246.09272297516765,246.24187093994263,238.7845216289022,241.61831665039062,54106,0.0,0.0
2001-12-12 00:00:00+09:00,241.61839686673642,247.58428481991425,240.87265679527877,241.0218048095703,51597,0.0,0.0
2001-12-13 00:00:00+09:00,240.87266325452453,243.10986721964872,240.42521919965128,242.51327514648438,36905,0.0,0.0
2001-12-14 00:00:00+09:00,235.65248406735336,237.7405397380373,231.92380041244348,232.66954040527344,126485,0.0,0.0
2001-12-17 00:00:00+09:00,231.92377261497478,231.92377261497478,223.720682604755,229.6865692138672,74529,0.0,0.0
2001-12-18 00:00:00+09:00,220.73772021965155,237.8896386609294,220.73772021965155,225.21214294433594,75964,0.0,0.0
2001-12-19 00:00:00+09:00,225.21218306869943,228.19512664685885,222.08009149617004,223.720703125,84563,0.0,0.0
2001-12-20 00:00:00+09:00,231.17800730936818,231.17800730936818,223.72065802202073,227.4493408203125,76679,0.0,0.0
2001-12-21 00:00:00+09:00,226.25624621004442,235.6525227337441,223.72074612763197,227.7477264404297,39414,0.0,0.0
2001-12-24 00:00:00+09:00,227.74772644042972,227.74772644042972,227.74772644042972,227.7477264404297,0,0.0,0.0
2001-12-25 00:00:00+09:00,231.17801924245748,249.07567802702707,226.10702081293385,229.3882598876953,52673,0.0,0.0
2001-12-26 00:00:00+09:00,231.62554958218314,231.62554958218314,228.9409013937301,230.28323364257812,29739,0.0,0.0
2001-12-27 00:00:00+09:00,231.02886212808036,234.31008453212448,229.23908666125433,231.17799377441406,34757,0.0,0.0
2001-12-28 00:00:00+09:00,238.63549545349227,238.63549545349227,235.6525509448614,237.88975524902344,9316,0.0,0.0
2001-12-31 00:00:00+09:00,237.88975524902344,237.88975524902344,237.88975524902344,237.88975524902344,0,0.0,0.0
2002-01-01 00:00:00+09:00,237.88975524902344,237.88975524902344,237.88975524902344,237.88975524902344,0,0.0,0.0
2002-01-02 00:00:00+09:00,237.88975524902344,237.88975524902344,237.88975524902344,237.88975524902344,0,0.0,0.0
2002-01-03 00:00:00+09:00,237.88975524902344,237.88975524902344,237.88975524902344,237.88975524902344,0,0.0,0.0
2002-01-04 00:00:00+09:00,228.94091423155734,232.6695988226443,228.94091423155734,231.92385864257812,34398,0.0,0.0
2002-01-07 00:00:00+09:00,232.37127905339332,235.65251920181967,223.72074277453922,225.95794677734375,179876,0.0,0.0
2002-01-08 00:00:00+09:00,230.43239040912016,230.58153844242622,222.37844553832412,222.9750213623047,111437,0.0,0.0
2002-01-09 00:00:00+09:00,222.82583159787615,222.82583159787615,218.7988680712751,219.69375610351562,127561,0.0,0.0
2002-01-10 00:00:00+09:00,219.24639036108616,219.3955384197073,217.00918579101565,217.00918579101562,88505,0.0,0.0
2002-01-11 00:00:00+09:00,217.00909144837533,218.50055507694057,210.89405632185526,217.6056671142578,136519,0.0,0.0
2002-01-14 00:00:00+09:00,217.6056671142578,217.6056671142578,217.6056671142578,217.6056671142578,0,0.0,0.0
2002-01-15 00:00:00+09:00,217.30742882325885,217.30742882325885,211.78898420667701,212.0872802734375,55180,0.0,0.0
2002-01-16 00:00:00+09:00,213.28049317267798,216.2634379314897,212.5347529056636,214.77195739746094,29739,0.0,0.0
2002-01-17 00:00:00+09:00,214.77188417147127,215.07018017657367,211.34151273127418,211.7889404296875,66288,0.0,0.0
2002-01-18 00:00:00+09:00,211.7889404296875,213.28042045519953,211.34151273127418,211.7889404296875,158734,0.0,0.0
2002-01-21 00:00:00+09:00,211.78894588696622,214.77188970561312,210.89407415784066,214.62274169921875,183816,0.0,0.0
2002-01-22 00:00:00+09:00,214.02616046795555,214.62273616892006,211.7889404296875,211.7889404296875,81339,0.0,0.0
2002-01-23 00:00:00+09:00,211.78892988906873,213.13126184522244,210.89405822753906,210.89405822753906,105345,0.0,0.0
2002-01-24 00:00:00+09:00,211.7889591626405,213.5787353515625,210.74493936167772,213.5787353515625,72381,0.0,0.0
2002-01-25 00:00:00+09:00,214.1752958371196,216.2633514404297,214.1752958371196,216.2633514404297,53388,0.0,0.0
2002-01-28 00:00:00+09:00,222.22923949053998,224.46644309684973,219.24629591238056,223.720703125,87429,0.0,0.0
2002-01-29 00:00:00+09:00,223.8698679323142,223.8698679323142,217.00910860376234,217.30738830566406,48372,0.0,0.0
2002-01-30 00:00:00+09:00,214.77190316826878,216.26338332570378,212.6838472571015,213.5787353515625,74888,0.0,0.0
2002-01-31 00:00:00+09:00,213.5787353515625,213.5787353515625,213.5787353515625,213.5787353515625,0,0.0,0.0
2002-02-01 00:00:00+09:00,216.26341929759744,223.5716243569045,216.26341929759744,218.79891967773438,28665,0.0,0.0
2002-02-04 00:00:00+09:00,220.73775472563844,220.73775472563844,214.47357171739765,216.8599395751953,27947,0.0,0.0
2002-02-05 00:00:00+09:00,213.28042756588238,216.7108154296875,212.53468752826367,216.7108154296875,68797,0.0,0.0
2002-02-06 00:00:00+09:00,212.83296012129526,214.77186769648853,212.83296012129526,213.13125610351562,59481,0.0,0.0
2002-02-07 00:00:00+09:00,214.02614689445946,214.7718705506815,213.13125893590583,213.8769989013672,52673,0.0,0.0
2002-02-08 00:00:00+09:00,213.28038298888262,213.87697489428595,211.19231131997097,211.63975524902344,123619,0.0,0.0
2002-02-11 00:00:00+09:00,211.63975524902347,211.63975524902347,211.63975524902347,211.63975524902344,0,0.0,0.0
2002-02-12 00:00:00+09:00,213.13125893590583,216.2633504816042,211.78892699807542,213.8769989013672,159092,0.0,0.0
2002-02-13 00:00:00+09:00,216.26332342848295,222.22920978740194,211.7889005046751,213.28038024902344,155509,0.0,0.0
2002-02-14 00:00:00+09:00,216.26338332570378,221.48353125824283,213.429587335819,213.5787353515625,73096,0.0,0.0
2002-02-15 00:00:00+09:00,219.24630931263567,220.88692104173924,217.15823726383428,218.94801330566406,68439,0.0,0.0
2002-02-18 00:00:00+09:00,223.42250780657147,230.58158214360475,222.08019156165696,230.43243408203125,151567,0.0,0.0
2002-02-19 00:00:00+09:00,230.58143411448341,234.9066925048828,230.58143411448341,234.9066925048828,206032,0.0,0.0
2002-02-20 00:00:00+09:00,235.6524082190216,240.87255387016776,230.5814105184359,231.0288543701172,201375,0.0,0.0
2002-02-21 00:00:00+09:00,226.85282758101192,235.6525115966797,226.85282758101192,235.6525115966797,81339,0.0,0.0
2002-02-22 00:00:00+09:00,235.6524463844057,235.6524463844057,228.34422824180186,232.52035522460938,74172,0.0,0.0
2002-02-25 00:00:00+09:00,235.65245582297936,235.65245582297936,228.49338536834958,229.6865692138672,108212,0.0,0.0
2002-02-26 00:00:00+09:00,235.65251099814975,235.65251099814975,231.17808683906466,233.2661590576172,32966,0.0,0.0
2002-02-27 00:00:00+09:00,233.41530766607576,235.6525115966797,229.23917952760556,235.6525115966797,253688,0.0,0.0
2002-02-28 00:00:00+09:00,235.65249715517874,237.14396091443265,231.1780732589354,236.696533203125,147984,0.0,0.0
2002-03-01 00:00:00+09:00,236.6965610448174,238.33717300389958,232.96787674423086,235.95082092285156,87429,0.0,0.0
2002-03-04 00:00:00+09:00,236.09982513342374,244.30291255063125,236.09982513342374,243.85546875,113944,0.0,0.0
2002-03-05 00:00:00+09:00,244.45224348743238,246.83859590138448,242.8116149902344,242.81161499023438,84204,0.0,0.0
2002-03-06 00:00:00+09:00,239.38112090432568,245.9435826300294,238.63538105734685,240.42514038085938,79547,0.0,0.0
2002-03-07 00:00:00+09:00,245.19794794221775,245.3470796564162,238.6354675292969,238.63546752929688,91371,0.0,0.0
2002-03-08 00:00:00+09:00,238.6354197741952,244.30301091228617,238.6354197741952,242.6623992919922,187399,0.0,0.0
2002-03-11 00:00:00+09:00,246.24197701489925,261.00755034208527,246.24197701489925,256.53314208984375,188834,0.0,0.0
2002-03-12 00:00:00+09:00,261.0075655775186,261.0075655775186,246.83858353936327,248.33004760742188,117170,0.0,0.0
2002-03-13 00:00:00+09:00,256.2347940334053,256.2347940334053,247.58425903320315,247.58425903320312,98537,0.0,0.0
2002-03-14 00:00:00+09:00,249.8214444241858,249.8214444241858,246.83850097656253,246.8385009765625,37623,0.0,0.0
2002-03-15 00:00:00+09:00,247.5842899476423,251.31295776367188,247.5842899476423,251.31295776367188,51238,0.0,0.0
2002-03-18 00:00:00+09:00,255.78732553522892,255.78732553522892,249.0756988525391,249.07569885253906,69513,0.0,0.0
2002-03-19 00:00:00+09:00,253.55018346227158,253.55018346227158,248.18087103065855,252.804443359375,58763,0.0,0.0
2002-03-20 00:00:00+09:00,256.53306730170766,256.53306730170766,246.83849716915796,247.43508911132812,120036,0.0,0.0
2002-03-21 00:00:00+09:00,247.4350891113281,247.4350891113281,247.4350891113281,247.43508911132812,0,0.0,0.0
2002-03-22 00:00:00+09:00,247.5842801587452,248.9265959528561,246.09280004390945,246.68939208984375,67362,0.0,0.0
2002-03-25 00:00:00+09:00,251.31298581160698,251.31298581160698,238.78463249961726,239.67950439453125,96387,0.0,0.0
2002-03-26 00:00:00+09:00,248.21673468787594,253.1319122314453,248.06313433988308,253.1319122314453,50881,13.0,0.0
2002-03-27 00:00:00+09:00,253.4391599524199,256.3575503096831,253.28555957592687,255.74314880371094,34040,0.0,0.0
2002-03-28 00:00:00+09:00,256.20394390964685,259.2759345711783,249.75276184082028,249.7527618408203,60196,0.0,0.0
2002-03-29 00:00:00+09:00,253.43911589756252,257.8935092454571,247.29513549804688,247.29513549804688,51597,0.0,0.0
2002-04-01 00:00:00+09:00,251.90311928451948,251.90311928451948,242.68714904785156,242.68714904785156,44789,0.0,0.0
2002-04-02 00:00:00+09:00,239.61520819116384,244.22318585802665,239.61520819116384,243.91598510742188,39056,0.0,0.0
2002-04-03 00:00:00+09:00,239.76875931271175,245.60553878299135,239.76875931271175,242.68714904785156,45507,0.0,0.0
2002-04-04 00:00:00+09:00,241.3048255896993,248.83121132508683,241.3048255896993,246.98800659179688,120754,0.0,0.0
2002-04-05 00:00:00+09:00,251.59591393327293,251.59591393327293,250.3671112060547,250.3671112060547,35473,0.0,0.0
2002-04-08 00:00:00+09:00,245.91270627481558,253.43907171425727,245.91270627481558,252.51748657226562,28665,0.0,0.0
2002-04-09 00:00:00+09:00,253.59256457731686,254.05336535109754,247.6021881103516,247.60218811035156,22931,0.0,0.0
2002-04-10 00:00:00+09:00,245.91270627481558,252.51748657226565,245.91270627481558,252.51748657226562,35831,0.0,0.0
2002-04-11 00:00:00+09:00,253.43911589756252,253.43911589756252,247.29513549804688,247.29513549804688,16124,0.0,0.0
2002-04-12 00:00:00+09:00,247.29505345487067,248.83105644321253,241.91907658786639,242.53347778320312,51597,0.0,0.0
2002-04-15 00:00:00+09:00,251.74948858887612,251.74948858887612,242.687119788552,245.7591094970703,31531,0.0,0.0
2002-04-16 00:00:00+09:00,245.60558916824613,249.59918212890622,244.22318579090455,249.59918212890625,18990,0.0,0.0
2002-04-17 00:00:00+09:00,245.75912309527752,248.6775126400437,245.75912309527752,246.68072509765625,23649,0.0,0.0
2002-04-18 00:00:00+09:00,246.0663125786074,248.06310003023745,244.22310865762663,244.376708984375,37623,0.0,0.0
2002-04-19 00:00:00+09:00,243.4551284422332,245.29831560210965,243.4551284422332,243.7623291015625,61988,0.0,0.0
2002-04-22 00:00:00+09:00,248.83100487504808,248.83100487504808,245.91261659810644,248.06300354003906,34757,0.0,0.0
2002-04-23 00:00:00+09:00,246.68066203733704,249.13824995266725,246.0662608594806,248.98464965820312,35473,0.0,0.0
2002-04-24 00:00:00+09:00,248.21672783063212,248.21672783063212,242.68714904785156,242.68714904785156,89938,0.0,0.0
2002-04-25 00:00:00+09:00,242.6871625347241,244.22314926147777,242.07276112558188,243.6087646484375,126128,0.0,0.0
2002-04-26 00:00:00+09:00,248.0631428876618,248.83114465409008,245.759154384479,246.21995544433594,56972,0.0,0.0
2002-04-29 00:00:00+09:00,246.21995544433597,246.21995544433597,246.21995544433597,246.21995544433594,0,0.0,0.0
2002-04-30 00:00:00+09:00,247.2951556314971,247.2951556314971,243.6087805285441,244.06956481933594,20781,0.0,0.0
2002-05-01 00:00:00+09:00,245.29837036132812,247.2951582966225,245.29837036132812,245.29837036132812,30098,0.0,0.0
2002-05-02 00:00:00+09:00,245.7591094970703,245.7591094970703,244.5303068952234,245.7591094970703,42280,0.0,0.0
2002-05-03 00:00:00+09:00,245.7591094970703,245.7591094970703,245.7591094970703,245.7591094970703,0,0.0,0.0
2002-05-06 00:00:00+09:00,245.7591094970703,245.7591094970703,245.7591094970703,245.7591094970703,0,0.0,0.0
2002-05-07 00:00:00+09:00,242.68716246842962,243.1479635251604,240.99755859375,240.99755859375,44789,0.0,0.0
2002-05-08 00:00:00+09:00,243.45518087110483,243.91596516323074,239.6151885986328,239.6151885986328,36190,0.0,0.0
2002-05-09 00:00:00+09:00,242.07271848762852,245.91270982230117,242.07271848762852,245.7591094970703,54465,0.0,0.0
2002-05-10 00:00:00+09:00,241.15118353591183,247.448747793126,241.15118353591183,245.60556030273438,49805,0.0,0.0
2002-05-13 00:00:00+09:00,241.30469588812576,242.68709869505003,241.15111237234282,242.37989807128906,55898,0.0,0.0
2002-05-14 00:00:00+09:00,240.07599323969436,242.07278118880035,239.76879250966215,240.38319396972656,86355,0.0,0.0
2002-05-15 00:00:00+09:00,245.91280689644026,249.59919936108636,244.99120458125233,248.67759704589844,96028,0.0,0.0
2002-05-16 00:00:00+09:00,247.29517332212387,251.9031677246094,247.29517332212387,251.90316772460938,54465,0.0,0.0
2002-05-17 00:00:00+09:00,253.43904480608202,254.97504787315182,249.29187011718747,249.2918701171875,80262,0.0,0.0
2002-05-20 00:00:00+09:00,263.11582417965633,263.11582417965633,250.52066571434904,254.36065673828125,86713,0.0,0.0
2002-05-21 00:00:00+09:00,258.9686673714126,259.2758680383454,253.59268929228938,255.12869262695312,52314,0.0,0.0
2002-05-22 00:00:00+09:00,256.6647165836093,261.1191101074219,256.51111622775016,261.1191101074219,106062,0.0,0.0
2002-05-23 00:00:00+09:00,261.5799292625323,265.7271226276858,261.1191449296082,265.419921875,120754,0.0,0.0
2002-05-24 00:00:00+09:00,267.26300943006885,271.8710021972656,263.1158344152999,271.8710021972656,134369,0.0,0.0
2002-05-27 00:00:00+09:00,272.6390333375076,274.943021572744,268.64544141262445,268.7990417480469,111078,0.0,0.0
2002-05-28 00:00:00+09:00,268.64544141262445,268.9526420834693,261.11907536522557,268.7990417480469,94236,0.0,0.0
2002-05-29 00:00:00+09:00,265.7270240379941,268.33821267091895,263.11583540506933,266.4950256347656,51956,0.0,0.0
2002-05-30 00:00:00+09:00,266.49510700584744,267.2630920410156,264.95910334330415,267.2630920410156,66288,0.0,0.0
2002-05-31 00:00:00+09:00,266.4950280541959,268.4918154278318,264.1910400390625,264.1910400390625,94595,0.0,0.0
2002-06-03 00:00:00+09:00,264.19105889919825,266.95584807395153,263.1158565771999,265.8806457519531,26515,0.0,0.0
2002-06-04 00:00:00+09:00,265.7270605672778,265.7270605672778,262.3478698730469,262.3478698730469,29739,0.0,0.0
2002-06-05 00:00:00+09:00,264.0374046985107,265.7269912065558,263.11580289625186,264.8053894042969,98178,0.0,0.0
2002-06-06 00:00:00+09:00,265.1126403808594,265.4198410399856,264.19105519958026,265.1126403808594,126844,0.0,0.0
2002-06-07 00:00:00+09:00,265.1127407830489,268.6455329048223,264.1911552527514,265.7271423339844,99970,0.0,0.0
2002-06-10 00:00:00+09:00,265.57350791752293,265.7271082855755,264.9591064453125,264.9591064453125,48014,0.0,0.0
2002-06-11 00:00:00+09:00,265.1126318153506,267.10943603515625,265.1126318153506,267.10943603515625,94954,0.0,0.0
2002-06-12 00:00:00+09:00,268.7991332925562,268.7991332925562,265.26634117078277,265.7271423339844,68439,0.0,0.0
2002-06-13 00:00:00+09:00,264.49824690424396,265.72704957717934,258.0470832596331,258.20068359375,38340,0.0,0.0
2002-06-14 00:00:00+09:00,258.3542785644531,260.96546739413276,258.3542785644531,258.3542785644531,240073,0.0,0.0
2002-06-17 00:00:00+09:00,259.1222634229945,265.7270440607075,258.0470779025967,258.3542785644531,70230,0.0,0.0
2002-06-18 00:00:00+09:00,253.5927262625289,261.1191101074219,253.4391259066698,261.1191101074219,91371,0.0,0.0
2002-06-19 00:00:00+09:00,256.51106182312475,262.6550411621803,253.89987312344095,256.97186279296875,146910,0.0,0.0
2002-06-20 00:00:00+09:00,261.1190938126789,261.27269415895285,257.1255016056578,258.96868896484375,89220,0.0,0.0
2002-06-21 00:00:00+09:00,260.19751334157496,261.27271585477627,259.58311190545993,260.96551513671875,127561,0.0,0.0
2002-06-24 00:00:00+09:00,250.52070311997878,260.35107421875,250.52070311997878,260.35107421875,21140,0.0,0.0
2002-06-25 00:00:00+09:00,260.3511115886494,261.11911337756317,255.1287330162407,255.28233337402344,16124,0.0,0.0
2002-06-26 00:00:00+09:00,261.1190476922528,261.733432172731,257.27905650974816,258.04705810546875,104986,0.0,0.0
2002-06-27 00:00:00+09:00,258.04705810546875,261.1190476922528,253.4390653272435,258.04705810546875,73455,0.0,0.0
2002-06-28 00:00:00+09:00,258.0471197863415,261.1191101074219,253.4391259066698,261.1191101074219,59839,0.0,0.0
2002-07-01 00:00:00+09:00,262.6550968699109,262.6550968699109,256.6647165836093,261.1191101074219,35114,0.0,0.0
2002-07-02 00:00:00+09:00,256.51108003908695,262.6550598144531,256.51108003908695,262.6550598144531,24723,0.0,0.0
2002-07-03 00:00:00+09:00,262.50151735257447,265.7271082855755,261.88711588036404,264.9591064453125,51956,0.0,0.0
2002-07-04 00:00:00+09:00,264.95910334330415,267.2630920410156,263.4231164768643,267.2630920410156,67006,0.0,0.0
2002-07-05 00:00:00+09:00,268.03111845774987,284.312674793636,268.03111845774987,284.1590576171875,293820,0.0,0.0
2002-07-08 00:00:00+09:00,284.3126092134594,290.3029722767905,284.15899207244456,287.38458251953125,178441,0.0,0.0
2002-07-09 00:00:00+09:00,287.2309546052211,289.6885261520433,284.61976594111167,289.5349426269531,136878,0.0,0.0
2002-07-10 00:00:00+09:00,288.7669861845625,289.2277703972959,280.62620195403616,283.3909912109375,165185,0.0,0.0
2002-07-11 00:00:00+09:00,278.78309741415757,285.38786344506985,274.9431046642001,281.394287109375,69154,0.0,0.0
2002-07-12 00:00:00+09:00,281.0870432918432,282.623046875,281.0870432918432,282.623046875,83487,0.0,0.0
2002-07-15 00:00:00+09:00,284.1590301905761,284.1590301905761,280.77985574138205,281.85504150390625,167692,0.0,0.0
2002-07-16 00:00:00+09:00,280.3190546448274,282.4694429659791,279.5510528172363,281.85504150390625,182383,0.0,0.0
2002-07-17 00:00:00+09:00,281.0870073053424,282.00860933724726,277.24701563517254,280.1654052734375,161243,0.0,0.0
2002-07-18 00:00:00+09:00,281.0870432918432,284.9270354536326,281.0870432918432,282.623046875,209616,0.0,0.0
2002-07-19 00:00:00+09:00,281.39420729216187,288.7669899371087,281.39420729216187,288.6133728027344,120754,0.0,0.0
2002-07-22 00:00:00+09:00,288.76696535091804,311.03886133945787,288.613348229623,307.9668884277344,516695,0.0,0.0
2002-07-23 00:00:00+09:00,307.19892797497573,310.27093505859375,304.8949394583644,310.27093505859375,334668,0.0,0.0
2002-07-24 00:00:00+09:00,301.20864716486386,305.66304186174636,301.05502997244713,302.5910339355469,109645,0.0,0.0
2002-07-25 00:00:00+09:00,310.27093505859375,314.8789120918165,307.19892797497573,310.27093505859375,315319,0.0,0.0
2002-07-26 00:00:00+09:00,308.73493151678474,310.27093505859375,305.66295802537104,310.27093505859375,134010,0.0,0.0
2002-07-29 00:00:00+09:00,310.2709293022671,314.87890625,302.74456247534295,314.87890625,175575,0.0,0.0
2002-07-30 00:00:00+09:00,308.7348782124019,311.806884765625,306.4308900935838,311.806884765625,118244,0.0,0.0
2002-07-31 00:00:00+09:00,299.5190061675528,304.1269836425781,296.6006159544091,304.1269836425781,26873,0.0,0.0
2002-08-01 00:00:00+09:00,293.37498151801077,301.20854878286667,293.37498151801077,301.054931640625,44789,0.0,0.0
2002-08-02 00:00:00+09:00,301.05499402750576,301.05499402750576,299.51902384000914,299.672607421875,77397,0.0,0.0
2002-08-05 00:00:00+09:00,299.5189617714237,301.054931640625,297.9829583100198,301.054931640625,93880,0.0,0.0
2002-08-06 00:00:00+09:00,296.6004936844775,301.05485215823643,296.6004936844775,297.9828796386719,58405,0.0,0.0
2002-08-07 00:00:00+09:00,297.9829583100198,301.054931640625,293.68218221029156,301.054931640625,230397,0.0,0.0
2002-08-08 00:00:00+09:00,301.05494739994396,310.27093505859375,301.05494739994396,310.27093505859375,73813,0.0,0.0
2002-08-09 00:00:00+09:00,299.5189043862915,315.6468200683594,299.5189043862915,315.6468200683594,209257,0.0,0.0
2002-08-12 00:00:00+09:00,314.87895656460097,315.6469416478718,309.5029602050781,309.5029602050781,94595,0.0,0.0
2002-08-13 00:00:00+09:00,298.7510042352861,314.8789598920774,298.7510042352861,307.198974609375,59122,0.0,0.0
2002-08-14 00:00:00+09:00,307.1989511761687,312.5749471824201,307.1989511761687,308.7349548339844,54106,0.0,0.0
2002-08-15 00:00:00+09:00,310.2709624518487,314.110954849295,310.2709624518487,312.574951171875,74529,0.0,0.0
2002-08-16 00:00:00+09:00,313.34293621448137,313.34293621448137,302.5909776569561,312.574951171875,50881,0.0,0.0
2002-08-19 00:00:00+09:00,312.57492357520516,312.57492357520516,307.19892797497573,310.27093505859375,165185,0.0,0.0
2002-08-20 00:00:00+09:00,310.2709416339679,310.2709416339679,303.3589759376529,306.1237487792969,45863,0.0,0.0
2002-08-21 00:00:00+09:00,303.35895362883207,304.4341392557135,299.82616246370446,301.054931640625,28306,0.0,0.0
2002-08-22 00:00:00+09:00,302.59080520344963,307.1987800173107,301.2084194777289,307.0451965332031,67006,0.0,0.0
2002-08-23 00:00:00+09:00,307.0451965332031,307.0451965332031,307.0451965332031,307.0451965332031,0,0.0,0.0
2002-08-26 00:00:00+09:00,307.1989481194607,311.0389404296875,303.0517886729339,311.0389404296875,66288,0.0,0.0
2002-08-27 00:00:00+09:00,304.89498574300615,311.8069859343221,304.89498574300615,307.198974609375,35114,0.0,0.0
2002-08-28 00:00:00+09:00,310.2709584918,311.0389435246044,307.1989511761687,308.7349548339844,53747,0.0,0.0
2002-08-29 00:00:00+09:00,311.03886133945787,311.03886133945787,307.198870005655,307.9668884277344,63064,0.0,0.0
2002-08-30 00:00:00+09:00,310.27093505859375,310.27093505859375,307.19892797497573,310.27093505859375,54821,0.0,0.0
2002-09-02 00:00:00+09:00,310.2709821593397,310.2709821593397,307.19897460937494,307.198974609375,110004,0.0,0.0
2002-09-03 00:00:00+09:00,307.1988866188973,307.1988866188973,302.13012600160647,303.51251220703125,39414,0.0,0.0
2002-09-04 00:00:00+09:00,299.6726290953809,301.5158337643361,296.44703772081533,299.0582275390625,109287,0.0,0.0
2002-09-05 00:00:00+09:00,307.1988212156815,308.73482422369096,305.97005240146655,306.738037109375,113228,0.0,0.0
2002-09-06 00:00:00+09:00,299.67254398394056,303.81973651511964,296.9077713579561,300.13336181640625,58405,0.0,0.0
2002-09-09 00:00:00+09:00,301.82304875010374,307.1990122326326,296.9078696603981,302.5910339355469,27232,0.0,0.0
2002-09-10 00:00:00+09:00,302.5908938419708,307.9668884277344,302.5908938419708,307.9668884277344,110719,0.0,0.0
2002-09-11 00:00:00+09:00,301.05489059001,308.73487325761573,301.05489059001,307.9668884277344,48731,0.0,0.0
2002-09-12 00:00:00+09:00,307.1989164083776,307.1989164083776,302.8981402454487,304.8949279785156,219291,0.0,0.0
2002-09-13 00:00:00+09:00,286.4630060882964,298.29018331687286,286.4630060882964,298.1365661621094,126844,0.0,0.0
2002-09-16 00:00:00+09:00,298.1365661621094,298.1365661621094,298.1365661621094,298.1365661621094,0,0.0,0.0
2002-09-17 00:00:00+09:00,303.973231694958,306.738037109375,298.4436544583166,306.738037109375,37623,0.0,0.0
2002-09-18 00:00:00+09:00,304.1269447821015,304.280528335281,292.45338542114087,303.97332763671875,38340,0.0,0.0
2002-09-19 00:00:00+09:00,303.97321511774334,304.1268322062631,282.6229256356193,283.0837097167969,184892,0.0,0.0
2002-09-20 00:00:00+09:00,285.5413629439638,287.6917338113246,280.31896890970876,281.70135498046875,94595,0.0,0.0
2002-09-23 00:00:00+09:00,281.70135498046875,281.70135498046875,281.70135498046875,281.70135498046875,0,0.0,0.0
2002-09-24 00:00:00+09:00,282.469385384733,282.469385384733,264.19106318681554,278.1686096191406,78829,0.0,0.0
2002-09-25 00:00:00+09:00,280.49281547613054,280.49281547613054,266.38982944449015,267.33001708984375,79188,10.0,0.0
2002-09-26 00:00:00+09:00,267.17325970761055,271.5608639521525,264.82276538934485,265.7629699707031,156227,0.0,0.0
2002-09-27 00:00:00+09:00,269.8371881407739,275.7917836049093,266.8598904087062,269.5238037109375,54465,0.0,0.0
2002-09-30 00:00:00+09:00,261.6887861646428,267.6433813399703,261.6887861646428,262.4722900390625,42639,0.0,0.0
2002-10-01 00:00:00+09:00,261.6887555672098,262.6289601065819,258.55475757109855,260.12176513671875,57330,0.0,0.0
2002-10-02 00:00:00+09:00,260.90526890192194,263.25578040456514,250.71978759765625,250.71978759765625,45148,0.0,0.0
2002-10-03 00:00:00+09:00,255.4207988496047,255.4207988496047,244.45181274414062,244.45181274414062,68080,0.0,0.0
2002-10-04 00:00:00+09:00,244.4517911942018,250.71978759765625,244.4517911942018,250.71978759765625,75964,0.0,0.0
2002-10-07 00:00:00+09:00,250.71977695571118,258.55476355990356,250.71977695571118,253.85377502441406,137952,0.0,0.0
2002-10-08 00:00:00+09:00,262.78576389091296,262.78576389091296,255.4208597152724,257.30126953125,120395,0.0,0.0
2002-10-09 00:00:00+09:00,262.002202943314,262.002202943314,256.047607421875,256.047607421875,47655,0.0,0.0
2002-10-10 00:00:00+09:00,256.0475528783394,260.12175525911306,251.50326538085935,251.50326538085938,51597,0.0,0.0
2002-10-11 00:00:00+09:00,251.5032586924083,251.97334379661322,247.58575716642787,249.3094482421875,73455,0.0,0.0
2002-10-14 00:00:00+09:00,249.30944824218753,249.30944824218753,249.30944824218753,249.3094482421875,0,0.0,0.0
2002-10-15 00:00:00+09:00,251.6600182022131,252.28680419921875,250.71981350400645,252.28680419921875,108569,0.0,0.0
2002-10-16 00:00:00+09:00,255.42076549120068,256.04756853196716,252.2867674224978,253.85377502441406,119319,0.0,0.0
2002-10-17 00:00:00+09:00,255.42081490582447,263.2558201609346,255.26411411531697,261.6888122558594,41565,0.0,0.0
2002-10-18 00:00:00+09:00,266.38982987810454,269.5238286830297,263.56923266718525,264.9795227050781,43715,0.0,0.0
2002-10-21 00:00:00+09:00,274.3814914546098,275.16499536062565,266.23310223744085,272.8144836425781,65571,0.0,0.0
2002-10-22 00:00:00+09:00,274.22480270233734,274.5382042784911,258.5548095703125,258.5548095703125,45863,0.0,0.0
2002-10-23 00:00:00+09:00,259.49495779512216,274.3814437453091,259.338257041166,268.4268493652344,47655,0.0,0.0
2002-10-24 00:00:00+09:00,274.2247898945457,275.1649945790943,271.87429531830605,274.8515930175781,48731,0.0,0.0
2002-10-25 00:00:00+09:00,279.8660082150044,283.1567077636719,270.7774135413354,283.1567077636719,102479,0.0,0.0
2002-10-28 00:00:00+09:00,287.85766099275776,288.3277804519507,264.8227841947811,286.7607727050781,49805,0.0,0.0
2002-10-29 00:00:00+09:00,283.1566814684769,287.0741838312145,283.1566814684769,286.2906799316406,53030,0.0,0.0
2002-10-30 00:00:00+09:00,286.29067917314563,290.67828386400305,286.29067917314563,288.3277893066406,74529,0.0,0.0
2002-10-31 00:00:00+09:00,289.8947539285608,289.8947539285608,285.35046573289287,286.7607727050781,16841,0.0,0.0
2002-11-01 00:00:00+09:00,290.6783147795011,290.6783147795011,278.9258064724709,280.1794128417969,9675,0.0,0.0
2002-11-04 00:00:00+09:00,280.1794128417969,280.1794128417969,280.1794128417969,280.1794128417969,0,0.0,0.0
2002-11-05 00:00:00+09:00,282.05975786956395,289.111258241977,273.7546684735838,282.84326171875,38697,0.0,0.0
2002-11-06 00:00:00+09:00,288.4844612865286,296.16274776615325,288.4844612865286,294.4390563964844,72737,0.0,0.0
2002-11-07 00:00:00+09:00,294.4389973978509,297.72969583977766,288.32771987441845,291.4617004394531,43356,0.0,0.0
2002-11-08 00:00:00+09:00,291.46180327432637,292.4020080566406,275.79180924475673,292.4020080566406,48014,0.0,0.0
2002-11-11 00:00:00+09:00,292.40201025887234,294.1257019042969,289.1113106311221,294.1257019042969,53747,0.0,0.0
2002-11-12 00:00:00+09:00,288.3276749398161,297.7296494399189,288.3276749398161,296.4760437011719,28306,0.0,0.0
2002-11-13 00:00:00+09:00,297.7298117771606,298.98341819943676,289.8948059082031,289.8948059082031,75605,0.0,0.0
2002-11-14 00:00:00+09:00,299.2967922607112,299.2967922607112,277.8289042008624,279.8659973144531,56613,0.0,0.0
2002-11-15 00:00:00+09:00,285.5071387407846,297.88644733174306,285.5071387407846,288.48443603515625,84204,0.0,0.0
2002-11-18 00:00:00+09:00,282.05972720931385,285.5071266358651,278.9257292883699,280.49273681640625,52673,0.0,0.0
2002-11-19 00:00:00+09:00,280.49277244141354,282.05976303334245,278.6123803040726,279.2391662597656,38697,0.0,0.0
2002-11-20 00:00:00+09:00,279.2391402178552,289.5813217114124,279.2391402178552,289.1112365722656,88505,0.0,0.0
2002-11-21 00:00:00+09:00,288.32773383828123,288.9545368356956,284.56693298892344,287.38751220703125,56256,0.0,0.0
2002-11-22 00:00:00+09:00,293.0287170410156,294.7524081193203,290.5215050942043,293.0287170410156,45507,0.0,0.0
2002-11-25 00:00:00+09:00,296.16274776615325,296.63286722077515,293.9689712121245,294.4390563964844,90296,0.0,0.0
2002-11-26 00:00:00+09:00,297.72971025898306,297.72971025898306,287.38751220703125,287.38751220703125,49090,0.0,0.0
2002-11-27 00:00:00+09:00,287.3876032128168,296.94631768004575,287.07421875,287.07421875,53388,0.0,0.0
2002-11-28 00:00:00+09:00,285.66387842700925,292.2452598152429,285.66387842700925,290.0514831542969,60555,0.0,0.0
2002-11-29 00:00:00+09:00,290.05149070822154,294.595796334659,285.03708272713897,290.5215759277344,57689,0.0,0.0
2002-12-02 00:00:00+09:00,290.5215759277344,290.5215759277344,290.5215759277344,290.5215759277344,0,0.0,0.0
2002-12-03 00:00:00+09:00,292.08855441053265,292.08855441053265,286.76076253046483,291.61846923828125,52314,0.0,0.0
2002-12-04 00:00:00+09:00,289.89482252196746,289.89482252196746,285.0371316275234,289.5814208984375,40489,0.0,0.0
2002-12-05 00:00:00+09:00,289.5814043026341,290.36492545169097,285.82061930607415,289.8948059082031,73096,0.0,0.0
2002-12-06 00:00:00+09:00,294.5957705556979,294.5957705556979,289.1112606998989,289.2679443359375,72381,0.0,0.0
2002-12-09 00:00:00+09:00,290.05152384612194,291.4618139360483,289.8948059082031,289.8948059082031,50523,0.0,0.0
2002-12-10 00:00:00+09:00,285.193697058896,289.73800130778096,283.31330534546646,288.64111328125,18633,0.0,0.0
2002-12-11 00:00:00+09:00,280.0226297476308,282.05972236395513,276.57523038030064,277.3587341308594,138311,0.0,0.0
2002-12-12 00:00:00+09:00,277.35881393344624,277.51551472864446,267.9568176269531,267.9568176269531,55898,0.0,0.0
2002-12-13 00:00:00+09:00,266.38981695223737,270.9341055745557,265.1362106370418,270.77740478515625,183459,0.0,0.0
2002-12-16 00:00:00+09:00,274.2247603707601,274.2247603707601,262.7856731475095,263.7258605957031,77755,0.0,0.0
2002-12-17 00:00:00+09:00,267.956821498389,272.1877258947356,267.33001830854005,271.0908203125,68439,0.0,0.0
2002-12-18 00:00:00+09:00,272.6577671884158,272.6577671884158,263.2557893971994,264.0392761230469,64138,0.0,0.0
2002-12-19 00:00:00+09:00,266.3897751284278,274.2247619628906,263.25577696761667,274.2247619628906,63423,0.0,0.0
2002-12-20 00:00:00+09:00,274.3814627276877,279.08245140133937,270.3072599780942,274.2247619628906,117527,0.0,0.0
2002-12-23 00:00:00+09:00,274.2247619628906,274.2247619628906,274.2247619628906,274.2247619628906,0,0.0,0.0
2002-12-24 00:00:00+09:00,264.8227679472439,269.5237737643119,264.8227679472439,267.4866638183594,93162,0.0,0.0
2002-12-25 00:00:00+09:00,269.52379502533796,269.52379502533796,263.4124989756592,265.6062927246094,111437,0.0,0.0
2002-12-26 00:00:00+09:00,275.00833675146157,275.00833675146157,265.2929382324219,265.2929382324219,40132,0.0,0.0
2002-12-27 00:00:00+09:00,270.6206316940535,278.7690191604219,269.99382870391867,276.5752258300781,29739,0.0,0.0
2002-12-30 00:00:00+09:00,271.8743242998111,274.8516223164599,271.0908203125,271.0908203125,12182,0.0,0.0
2002-12-31 00:00:00+09:00,271.0908203125,271.0908203125,271.0908203125,271.0908203125,0,0.0,0.0
2003-01-01 00:00:00+09:00,271.0908203125,271.0908203125,271.0908203125,271.0908203125,0,0.0,0.0
2003-01-02 00:00:00+09:00,271.0908203125,271.0908203125,271.0908203125,271.0908203125,0,0.0,0.0
2003-01-03 00:00:00+09:00,271.0908203125,271.0908203125,271.0908203125,271.0908203125,0,0.0,0.0
2003-01-06 00:00:00+09:00,278.92577426439937,278.92577426439937,277.98558673110364,278.7690734863281,11108,0.0,0.0
2003-01-07 00:00:00+09:00,278.7690237467367,278.9257244968485,273.5979332633057,277.3587341308594,20424,0.0,0.0
2003-01-08 00:00:00+09:00,278.1422426594805,280.80613832201357,277.04533738985504,280.49273681640625,80980,0.0,0.0
2003-01-09 00:00:00+09:00,272.1877236427446,280.1794128417969,272.1877236427446,280.1794128417969,11823,0.0,0.0
2003-01-10 00:00:00+09:00,280.179415053159,281.9031066894531,276.10521145582686,281.9031066894531,21140,0.0,0.0
2003-01-13 00:00:00+09:00,281.9031066894531,281.9031066894531,281.9031066894531,281.9031066894531,0,0.0,0.0
2003-01-14 00:00:00+09:00,277.20207262562974,287.38755428438947,276.10516721955304,283.62677001953125,27591,0.0,0.0
2003-01-15 00:00:00+09:00,288.3277562799709,289.89472962521376,286.7607486644686,288.9545593261719,55539,0.0,0.0
2003-01-16 00:00:00+09:00,285.19378248678254,285.19378248678254,282.0597839355469,282.0597839355469,25799,0.0,0.0
2003-01-17 00:00:00+09:00,281.90307701116586,287.70098876953125,279.8659839945284,287.70098876953125,30098,0.0,0.0
2003-01-20 00:00:00+09:00,288.3278081718914,289.73809814453125,278.9257950570056,289.73809814453125,55180,0.0,0.0
2003-01-21 00:00:00+09:00,289.11129498552117,289.73809814453125,286.76080027436615,289.73809814453125,91729,0.0,0.0
2003-01-22 00:00:00+09:00,285.037043236367,287.2308539207671,283.9401550292969,283.9401550292969,40847,0.0,0.0
2003-01-23 00:00:00+09:00,286.60398695502516,286.60398695502516,274.2246979655988,282.52978515625,67006,0.0,0.0
2003-01-24 00:00:00+09:00,282.5298646782958,284.72365835582167,280.4927717731025,281.2762756347656,144760,0.0,0.0
2003-01-27 00:00:00+09:00,285.9772688316419,288.17106254213223,280.8061775372249,286.7607727050781,52314,0.0,0.0
2003-01-28 00:00:00+09:00,288.3277805537457,288.3277805537457,284.4102783203125,284.4102783203125,80980,0.0,0.0
2003-01-29 00:00:00+09:00,282.05976659959174,288.3277804519507,282.05976659959174,286.7607727050781,53388,0.0,0.0
2003-01-30 00:00:00+09:00,287.54421928718364,287.70093717511605,280.49273681640625,280.49273681640625,27947,0.0,0.0
2003-01-31 00:00:00+09:00,280.6494724810255,283.62677001953125,280.4927717087288,283.62677001953125,38340,0.0,0.0
2003-02-03 00:00:00+09:00,283.626815460881,283.626815460881,281.1196198375742,281.9031066894531,16841,0.0,0.0
2003-02-04 00:00:00+09:00,282.05976475540194,286.7607708301518,281.74636320807656,285.3504638671875,31531,0.0,0.0
2003-02-05 00:00:00+09:00,286.76076626748835,289.8947474206152,286.6040654963189,289.2679443359375,63423,0.0,0.0
2003-02-06 00:00:00+09:00,289.8947449002565,289.8947449002565,287.54425048828125,287.54425048828125,40132,0.0,0.0
2003-02-07 00:00:00+09:00,289.11131153731816,289.5813967983555,288.3278246788333,289.4247131347656,23649,0.0,0.0
2003-02-10 00:00:00+09:00,291.46185786051876,302.43084716796875,291.46185786051876,302.43084716796875,135802,0.0,0.0
2003-02-11 00:00:00+09:00,302.43084716796875,302.43084716796875,302.43084716796875,302.43084716796875,0,0.0,0.0
2003-02-12 00:00:00+09:00,303.9977783421905,307.2884777269754,303.9977783421905,306.19158935546875,110004,0.0,0.0
2003-02-13 00:00:00+09:00,307.1317304562332,307.75853354298795,304.31115083609836,304.46783447265625,163393,0.0,0.0
2003-02-14 00:00:00+09:00,299.7669046220833,303.99780915569306,290.36492500985577,303.84112548828125,76320,0.0,0.0
2003-02-17 00:00:00+09:00,302.4307105238033,303.68431656859906,294.9091427955453,295.0658264160156,63423,0.0,0.0
2003-02-18 00:00:00+09:00,299.2967808548085,300.0802676316346,297.7297730308922,299.923583984375,52673,0.0,0.0
2003-02-19 00:00:00+09:00,300.2369827654234,303.99776723768923,300.2369827654234,302.90087890625,54465,0.0,0.0
2003-02-20 00:00:00+09:00,297.1029686920897,305.5647766365333,297.1029686920897,298.82666015625,54465,0.0,0.0
2003-02-21 00:00:00+09:00,303.52767080780717,303.52767080780717,295.8493499608285,297.2596740722656,34757,0.0,0.0
2003-02-24 00:00:00+09:00,299.296778079791,305.40805713100593,299.296778079791,302.90087890625,51597,0.0,0.0
2003-02-25 00:00:00+09:00,304.46789489149216,304.46789489149216,289.8948059082031,289.8948059082031,80980,0.0,0.0
2003-02-26 00:00:00+09:00,294.5957084039057,297.57300529286414,289.89468626061256,295.6925964355469,60196,0.0,0.0
2003-02-27 00:00:00+09:00,299.29675293299164,302.90085345663545,296.31945548043905,301.6472473144531,54465,0.0,0.0
2003-02-28 00:00:00+09:00,301.64732495605637,301.64732495605637,299.2968299695964,301.33392333984375,33681,0.0,0.0
2003-03-03 00:00:00+09:00,299.7668481824426,302.2740605511257,299.7668481824426,301.49053955078125,28306,0.0,0.0
2003-03-04 00:00:00+09:00,297.5731292305786,302.1174011230469,296.6329244103294,302.1174011230469,72737,0.0,0.0
2003-03-05 00:00:00+09:00,300.86377338039296,302.1173453055203,297.8864758014738,298.51324462890625,16841,0.0,0.0
2003-03-06 00:00:00+09:00,298.6699612566289,301.6472588227701,297.7297566141218,300.2369689941406,36549,0.0,0.0
2003-03-07 00:00:00+09:00,290.8349160855349,300.70701204311933,290.8349160855349,299.2967224121094,91371,0.0,0.0
2003-03-10 00:00:00+09:00,297.7297668457031,298.3565699622481,294.5957855332415,297.7297668457031,37623,0.0,0.0
2003-03-11 00:00:00+09:00,294.5957585757282,294.5957585757282,274.2247619628906,274.2247619628906,81339,0.0,0.0
2003-03-12 00:00:00+09:00,274.2247645168558,282.05975142428906,270.93406556060006,275.9484558105469,56613,0.0,0.0
2003-03-13 00:00:00+09:00,277.3587341308594,281.90302161384335,274.5381377639763,277.3587341308594,45148,0.0,0.0
2003-03-14 00:00:00+09:00,282.0597742084223,287.54426720016323,282.0597742084223,284.88037109375,169483,0.0,0.0
2003-03-17 00:00:00+09:00,289.58135237918634,289.58135237918634,284.5669789945878,286.7607727050781,32248,0.0,0.0
2003-03-18 00:00:00+09:00,286.7607423360144,289.8947232275965,286.7607423360144,289.1112365722656,66647,0.0,0.0
2003-03-19 00:00:00+09:00,289.2679912668101,297.1029968261719,289.2679912668101,297.1029968261719,77397,0.0,0.0
2003-03-20 00:00:00+09:00,304.7813018536647,312.92970947140134,303.99781496110637,311.3627014160156,155509,0.0,0.0
2003-03-21 00:00:00+09:00,311.3627014160156,311.3627014160156,311.3627014160156,311.3627014160156,0,0.0,0.0
2003-03-24 00:00:00+09:00,307.13162547652394,313.39961993136626,307.13162547652394,312.9295349121094,73455,0.0,0.0
2003-03-25 00:00:00+09:00,312.77288247713807,318.1007080078125,311.67599435595133,318.1007080078125,134369,0.0,0.0
2003-03-26 00:00:00+09:00,320.32024350532834,328.9292524961304,313.498003262738,327.3049011230469,98178,20.0,0.0
2003-03-27 00:00:00+09:00,322.9191390227258,326.49267578124994,322.9191390227258,326.49267578125,39773,0.0,0.0
2003-03-28 00:00:00+09:00,324.86819730717593,324.86819730717593,317.7211265937168,324.7057800292969,42639,0.0,0.0
2003-03-31 00:00:00+09:00,310.08682377201615,319.18315419533394,309.1122131347656,309.1122131347656,46581,0.0,0.0
2003-04-01 00:00:00+09:00,310.24925278422256,314.7973998839814,307.812744140625,307.812744140625,55539,0.0,0.0
2003-04-02 00:00:00+09:00,308.6249150128443,310.0868131564967,306.51327646660155,309.43707275390625,37982,0.0,0.0
2003-04-03 00:00:00+09:00,310.0868253038184,311.0614359458834,308.7873799720854,309.9244079589844,91729,0.0,0.0
2003-04-04 00:00:00+09:00,309.9243647698539,309.9243647698539,305.53863525390625,305.53863525390625,25082,0.0,0.0
2003-04-07 00:00:00+09:00,307.16306186652486,315.1223296777088,307.16306186652486,307.9752197265625,107136,0.0,0.0
2003-04-08 00:00:00+09:00,307.97516823012774,315.60956451588004,306.8381403113257,312.5233154296875,62705,0.0,0.0
2003-04-09 00:00:00+09:00,322.2694365303109,328.1170654296875,318.53344646621514,328.1170654296875,130786,0.0,0.0
2003-04-10 00:00:00+09:00,328.1170493876891,330.5535583496094,323.2440314638486,330.5535583496094,73455,0.0,0.0
2003-04-11 00:00:00+09:00,329.7413833519487,338.67526092150104,328.11703228720637,337.8630676269531,165543,0.0,0.0
2003-04-14 00:00:00+09:00,338.67518699358976,357.355095825334,338.67518699358976,356.5429382324219,333594,0.0,0.0
2003-04-15 00:00:00+09:00,357.35516241740424,362.2281799316406,356.54300467314897,362.2281799316406,264081,0.0,0.0
2003-04-16 00:00:00+09:00,362.2282010522916,373.5986232809615,354.106516563126,371.1620788574219,259780,0.0,0.0
2003-04-17 00:00:00+09:00,363.04041789707026,371.162102912606,361.41606668422037,370.3499450683594,233624,0.0,0.0
2003-04-18 00:00:00+09:00,370.34989912009013,378.47161865234375,370.34989912009013,378.47161865234375,217499,0.0,0.0
2003-04-21 00:00:00+09:00,382.5324453568507,397.9636898198253,382.5324453568507,393.09063720703125,432132,0.0,0.0
2003-04-22 00:00:00+09:00,397.9637990022584,397.9637990022584,389.84207794373503,390.65423583984375,294179,0.0,0.0
2003-04-23 00:00:00+09:00,381.7201979401851,388.2175649766839,359.7915886325447,368.7254638671875,204241,0.0,0.0
2003-04-24 00:00:00+09:00,373.5986232809615,375.22293886418197,370.34992106581166,371.1620788574219,150493,0.0,0.0
2003-04-25 00:00:00+09:00,373.5985491316552,380.0959167480469,371.9741983464704,380.0959167480469,135443,0.0,0.0
2003-04-28 00:00:00+09:00,388.21765367156615,388.21765367156615,371.97425013141134,378.47161865234375,65930,0.0,0.0
2003-04-29 00:00:00+09:00,378.47161865234375,378.47161865234375,378.47161865234375,378.47161865234375,0,0.0,0.0
2003-04-30 00:00:00+09:00,376.847314395402,378.4716656082519,366.28908479841317,370.3499450683594,84922,0.0,0.0
2003-05-01 00:00:00+09:00,370.3498921831666,375.22290960150264,370.3498921831666,371.9742431640625,82054,0.0,0.0
2003-05-02 00:00:00+09:00,365.47692056278794,372.78644760624974,363.8525693783444,369.53778076171875,60196,0.0,0.0
2003-05-05 00:00:00+09:00,369.5377807617188,369.5377807617188,369.5377807617188,369.53778076171875,0,0.0,0.0
2003-05-06 00:00:00+09:00,368.7255874073189,371.97428977620604,366.2890783928317,369.53778076171875,35831,0.0,0.0
2003-05-07 00:00:00+09:00,372.78652059775055,376.8473815917969,370.3500111061954,376.8473815917969,104986,0.0,0.0
2003-05-08 00:00:00+09:00,380.09596852123985,384.9689860162046,380.09596852123985,383.3446350097656,56256,0.0,0.0
2003-05-09 00:00:00+09:00,386.5933532714844,386.5933532714844,381.7203351239173,386.5933532714844,98896,0.0,0.0
2003-05-12 00:00:00+09:00,386.59320277059953,407.70965388855683,384.96888770332833,402.0244445800781,251896,0.0,0.0
2003-05-13 00:00:00+09:00,390.65408478604945,402.83666166321063,390.65408478604945,396.33929443359375,73813,0.0,0.0
2003-05-14 00:00:00+09:00,402.8366775484611,416.6435701342213,401.2123267959168,414.2070617675781,173425,0.0,0.0
2003-05-15 00:00:00+09:00,412.5827876477607,414.2071387020104,403.6489101359171,411.7706298828125,154076,0.0,0.0
2003-05-16 00:00:00+09:00,401.21222440253797,407.70959023017576,389.8418430852562,392.2783508300781,88146,0.0,0.0
2003-05-19 00:00:00+09:00,384.96900859994355,385.7811663886312,379.2837975060672,381.7203063964844,168768,0.0,0.0
2003-05-20 00:00:00+09:00,381.7203275838871,384.15683660954284,364.6647644042969,364.6647644042969,108928,0.0,0.0
2003-05-21 00:00:00+09:00,364.66467309966,381.7202320088843,364.66467309966,380.0959167480469,118962,0.0,0.0
2003-05-22 00:00:00+09:00,370.3498077641879,372.78631591796875,370.3498077641879,372.78631591796875,40847,0.0,0.0
2003-05-23 00:00:00+09:00,373.5986409606496,376.03514997513685,369.5377807617188,369.53778076171875,79188,0.0,0.0
2003-05-26 00:00:00+09:00,373.5985157878198,373.5985157878198,365.4767981111102,368.7254638671875,83487,0.0,0.0
2003-05-27 00:00:00+09:00,368.7254638671875,376.8471815438971,360.6037817148222,368.7254638671875,47655,0.0,0.0
2003-05-28 00:00:00+09:00,375.22287099203334,375.22287099203334,363.04032869974554,365.4768371582031,46581,0.0,0.0
2003-05-29 00:00:00+09:00,373.5986426731534,373.5986426731534,363.0404132124076,364.6647644042969,78829,0.0,0.0
2003-05-30 00:00:00+09:00,371.16197206533155,373.5985157878198,366.2889556690435,368.7254638671875,29739,0.0,0.0
2003-06-02 00:00:00+09:00,371.974361330082,382.5325927734375,371.974361330082,382.5325927734375,103553,0.0,0.0
2003-06-03 00:00:00+09:00,383.3446350097656,384.15679275080896,381.7202840033266,383.3446350097656,73096,0.0,0.0
2003-06-04 00:00:00+09:00,383.3446496070043,386.59331621923485,383.3446496070043,385.7811584472656,54821,0.0,0.0
2003-06-05 00:00:00+09:00,381.72038283931914,386.59340159601805,378.4717155096403,384.9690856933594,116812,0.0,0.0
2003-06-06 00:00:00+09:00,386.59340159601805,386.59340159601805,381.72038283931914,384.9690856933594,30815,0.0,0.0
2003-06-09 00:00:00+09:00,387.4055095155577,387.4055095155577,380.90814076674303,385.7811584472656,101403,0.0,0.0
2003-06-10 00:00:00+09:00,384.9690375718667,388.2177044954591,383.34468634789204,386.5933532714844,66288,0.0,0.0
2003-06-11 00:00:00+09:00,383.34457528168963,392.27845113860826,383.34457528168963,389.02978515625,85996,0.0,0.0
2003-06-12 00:00:00+09:00,389.02978515625,394.71495950646363,389.02978515625,389.02978515625,84563,0.0,0.0
2003-06-13 00:00:00+09:00,390.6542358398438,397.9637990022584,389.84207794373503,390.65423583984375,263005,0.0,0.0
2003-06-16 00:00:00+09:00,394.71499718130025,395.5271548733221,389.84197998046875,389.84197998046875,65571,0.0,0.0
2003-06-17 00:00:00+09:00,398.7758723234706,402.0245387432669,395.5271703793228,397.9637145996094,109287,0.0,0.0
2003-06-18 00:00:00+09:00,404.46099678221105,405.27315433302016,398.7757873535156,398.7757873535156,109287,0.0,0.0
2003-06-19 00:00:00+09:00,397.9636898198253,402.83670690827,391.46632186044917,393.09063720703125,79188,0.0,0.0
2003-06-20 00:00:00+09:00,399.5880059188409,401.2123567928309,388.2176208496093,388.2176208496094,147627,0.0,0.0
2003-06-23 00:00:00+09:00,395.52723171680964,395.52723171680964,385.78119542167553,386.5933532714844,92445,0.0,0.0
2003-06-24 00:00:00+09:00,367.1012701083121,383.3446753071608,365.4769189311205,374.4107971191406,126844,0.0,0.0
2003-06-25 00:00:00+09:00,380.908042053588,380.908042053588,373.5985174270835,379.28369140625,118244,0.0,0.0
2003-06-26 00:00:00+09:00,381.7203063964844,383.34465749821396,380.09599081910915,381.7203063964844,73096,0.0,0.0
2003-06-27 00:00:00+09:00,381.7203992628022,386.59341822916224,381.7203992628022,382.5325927734375,104629,0.0,0.0
2003-06-30 00:00:00+09:00,386.5933286742944,386.5933286742944,367.1012573242188,367.10125732421875,55898,0.0,0.0
2003-07-01 00:00:00+09:00,370.34981450739826,376.0350239859638,367.101148751321,368.7254638671875,185966,0.0,0.0
2003-07-02 00:00:00+09:00,373.598555702627,380.09592343329655,361.41597788599114,365.4768371582031,105703,0.0,0.0
2003-07-03 00:00:00+09:00,373.59862628236226,373.59862628236226,365.47690620359424,367.10125732421875,73455,0.0,0.0
2003-07-04 00:00:00+09:00,367.1012573242188,373.59862628236226,366.2890640017291,367.10125732421875,33681,0.0,0.0
2003-07-07 00:00:00+09:00,367.101148751321,372.78632270554226,367.101148751321,368.7254638671875,59122,0.0,0.0
2003-07-08 00:00:00+09:00,373.59870651583213,381.720392814446,371.97435504636445,375.2230224609375,147627,0.0,0.0
2003-07-09 00:00:00+09:00,378.4715731591973,381.7202392669903,376.0350646972656,376.0350646972656,222515,0.0,0.0
2003-07-10 00:00:00+09:00,378.47152529301985,378.47152529301985,367.10114206726126,372.78631591796875,138311,0.0,0.0
2003-07-11 00:00:00+09:00,376.8472995861779,376.8472995861779,372.786439475814,373.5986328125,158377,0.0,0.0
2003-07-14 00:00:00+09:00,381.7204005749072,381.7204005749072,376.8473815917969,376.8473815917969,194565,0.0,0.0
2003-07-15 00:00:00+09:00,383.3446415614824,389.0298524190083,383.3446415614824,384.15679931640625,263363,0.0,0.0
2003-07-16 00:00:00+09:00,389.02981404877903,389.8419717235994,384.9689546259786,388.2176208496094,163034,0.0,0.0
2003-07-17 00:00:00+09:00,389.8418430852562,393.09050823690626,384.9688275956122,392.2783508300781,146910,0.0,0.0
2003-07-18 00:00:00+09:00,392.27858856308353,399.5881162273502,389.02992144264033,391.4664306640625,122186,0.0,0.0
2003-07-21 00:00:00+09:00,391.46643066406256,391.46643066406256,391.46643066406256,391.4664306640625,0,0.0,0.0
2003-07-22 00:00:00+09:00,397.15160558179065,397.15160558179065,373.5986713510474,390.65423583984375,95313,0.0,0.0
2003-07-23 00:00:00+09:00,391.46619342325005,393.90270116807204,384.15663466444647,392.2783508300781,31174,0.0,0.0
2003-07-24 00:00:00+09:00,395.52722929130465,404.46114320620114,395.52722929130465,402.8367919921875,160169,0.0,0.0
2003-07-25 00:00:00+09:00,402.8366240096169,402.8366240096169,389.0297332588562,400.4001159667969,69154,0.0,0.0
2003-07-28 00:00:00+09:00,406.08549609846364,407.7098474612885,402.83682889717386,403.64898681640625,64497,0.0,0.0
2003-07-29 00:00:00+09:00,407.7098474612885,408.52200538052097,400.40031961511653,403.64898681640625,51956,0.0,0.0
2003-07-30 00:00:00+09:00,406.08536595462846,407.709716796875,404.46105063673053,407.709716796875,47298,0.0,0.0
2003-07-31 00:00:00+09:00,405.2731866683427,407.7096950395143,404.4610290527344,404.4610290527344,45863,0.0,0.0
2003-08-01 00:00:00+09:00,407.7098101098716,407.7098101098716,402.83679199218756,402.8367919921875,38697,0.0,0.0
2003-08-04 00:00:00+09:00,402.0245908863483,402.0245908863483,395.52722167968744,395.5272216796875,25082,0.0,0.0
2003-08-05 00:00:00+09:00,396.3393464165888,401.21236359684934,390.65413602338486,399.5880126953125,80621,0.0,0.0
2003-08-06 00:00:00+09:00,400.40019129328846,411.7705761403171,397.1514896087954,407.709716796875,118603,0.0,0.0
2003-08-07 00:00:00+09:00,408.52185265512264,409.33404579507766,404.4610290527344,404.4610290527344,111437,0.0,0.0
2003-08-08 00:00:00+09:00,410.1462641812566,410.9584219172007,407.7097554490722,409.3341064453125,66288,0.0,0.0
2003-08-11 00:00:00+09:00,409.33415156935996,409.33415156935996,404.461133567801,406.08544921875,28306,0.0,0.0
2003-08-12 00:00:00+09:00,409.33422719128436,411.77073664219364,406.08552424049697,408.52203369140625,48372,0.0,0.0
2003-08-13 00:00:00+09:00,411.77066206218507,411.77066206218507,406.08545069019533,406.89764404296875,21140,0.0,0.0
2003-08-14 00:00:00+09:00,406.8975200765967,411.7705366111881,406.8975200765967,410.9583435058594,33681,0.0,0.0
2003-08-15 00:00:00+09:00,409.33410644531244,409.33410644531244,409.33410644531244,409.3341064453125,22931,0.0,0.0
2003-08-18 00:00:00+09:00,409.33410644531244,410.1462641812566,406.8975977131281,409.3341064453125,20424,0.0,0.0
2003-08-19 00:00:00+09:00,410.1462641812566,411.77061517749684,407.7097554490722,409.3341064453125,77038,0.0,0.0
2003-08-20 00:00:00+09:00,410.1462641812566,411.77061517749684,405.2732467168878,409.3341064453125,40489,0.0,0.0
2003-08-21 00:00:00+09:00,410.14631088099424,410.14631088099424,406.08545069019533,406.89764404296875,60914,0.0,0.0
2003-08-22 00:00:00+09:00,406.08540445283194,410.9584219172007,406.08540445283194,409.3341064453125,90653,0.0,0.0
2003-08-25 00:00:00+09:00,410.1462420001666,410.1462420001666,389.84197998046875,389.84197998046875,84563,0.0,0.0
2003-08-26 00:00:00+09:00,401.2124330571492,401.2124330571492,395.52722167968744,395.5272216796875,31531,0.0,0.0
2003-08-27 00:00:00+09:00,394.71509778450576,400.4003096507304,391.46643066406256,391.4664306640625,72022,0.0,0.0
2003-08-28 00:00:00+09:00,396.3393389488939,397.9636898198253,392.2784795337402,393.09063720703125,31531,0.0,0.0
2003-08-29 00:00:00+09:00,386.59324179023105,406.085344283951,386.59324179023105,404.4610290527344,77397,0.0,0.0
2003-09-01 00:00:00+09:00,401.21241025690426,404.4611124377943,397.15155029296875,397.15155029296875,17198,0.0,0.0
2003-09-02 00:00:00+09:00,393.0906379472301,393.90283114639976,384.9689546259786,388.2176208496094,84563,0.0,0.0
2003-09-03 00:00:00+09:00,390.6541529874526,400.4002232955445,390.6541529874526,397.9637145996094,57689,0.0,0.0
2003-09-04 00:00:00+09:00,403.6488897153408,403.6488897153408,397.9637145996094,397.9637145996094,40132,0.0,0.0
2003-09-05 00:00:00+09:00,391.4662778924674,397.9636451220843,391.4662778924674,396.33929443359375,26873,0.0,0.0
2003-09-08 00:00:00+09:00,389.8419952635914,402.8367319914796,389.8419952635914,397.9637145996094,26515,0.0,0.0
2003-09-09 00:00:00+09:00,397.9637145996094,402.8367319914796,394.7150126554616,397.9637145996094,46940,0.0,0.0
2003-09-10 00:00:00+09:00,398.7758027041569,401.2123109747201,395.5271013271758,396.33929443359375,23290,0.0,0.0
2003-09-11 00:00:00+09:00,401.212357694101,401.212357694101,391.4663234769663,393.90283203125,38697,0.0,0.0
2003-09-12 00:00:00+09:00,397.1515448766029,397.1515448766029,384.9690006752964,385.7811584472656,153002,0.0,0.0
2003-09-15 00:00:00+09:00,385.7811584472656,385.7811584472656,385.7811584472656,385.7811584472656,0,0.0,0.0
2003-09-16 00:00:00+09:00,396.3393732038198,396.3393732038198,378.47161865234375,378.47161865234375,72381,0.0,0.0
2003-09-17 00:00:00+09:00,394.71498110759984,443.4452221802074,393.9028234486509,407.709716796875,441089,0.0,0.0
2003-09-18 00:00:00+09:00,420.70449237029027,420.70449237029027,406.08540445283194,409.3341064453125,94236,0.0,0.0
2003-09-19 00:00:00+09:00,409.3341003554237,413.3949600234327,395.5271703793228,397.9637145996094,50523,0.0,0.0
2003-09-22 00:00:00+09:00,414.20705335627747,417.4557192710488,408.5218435999951,412.58270263671875,94595,0.0,0.0
2003-09-23 00:00:00+09:00,412.5827026367188,412.5827026367188,412.5827026367188,412.58270263671875,0,0.0,0.0
2003-09-24 00:00:00+09:00,413.39484921139825,413.39484921139825,395.5270643568149,400.4001159667969,69513,0.0,0.0
2003-09-25 00:00:00+09:00,403.83373504007477,403.83373504007477,397.24052958418883,398.0646667480469,22931,10.0,0.0
2003-09-26 00:00:00+09:00,403.8339103253133,403.8339103253133,395.5923909161162,398.88897705078125,33681,0.0,0.0
2003-09-29 00:00:00+09:00,404.65815015935726,405.4822878893068,392.2958679199219,392.2958679199219,46581,0.0,0.0
2003-09-30 00:00:00+09:00,385.70256542560196,393.94404812323614,384.0542544667337,386.5267028808594,65571,0.0,0.0
2003-10-01 00:00:00+09:00,388.99922319747293,395.5924322032789,385.70263671875,385.70263671875,56256,0.0,0.0
2003-10-02 00:00:00+09:00,386.52688928998816,386.52688928998816,379.93367832318125,382.4061279296875,101403,0.0,0.0
2003-10-03 00:00:00+09:00,387.3509694434939,393.9441794281864,387.3509694434939,392.2958679199219,173425,0.0,0.0
2003-10-06 00:00:00+09:00,385.70275143727633,392.2959263557125,381.58199007697567,382.4061279296875,104986,0.0,0.0
2003-10-07 00:00:00+09:00,382.4061279296875,386.52688928998816,379.1095404704695,382.4061279296875,66647,0.0,0.0
2003-10-08 00:00:00+09:00,383.2300925874643,383.2300925874643,379.1093691378319,381.5818176269531,64138,0.0,0.0
2003-10-09 00:00:00+09:00,387.35089111328125,395.59241093963556,382.4059936368119,387.35089111328125,83130,0.0,0.0
2003-10-10 00:00:00+09:00,383.2302551269531,387.35101637267894,382.4061172971559,383.2302551269531,41924,0.0,0.0
2003-10-13 00:00:00+09:00,383.2302551269531,383.2302551269531,383.2302551269531,383.2302551269531,0,0.0,0.0
2003-10-14 00:00:00+09:00,383.23008673787626,385.70257123761223,381.5818118025242,384.05426025390625,83130,0.0,0.0
2003-10-15 00:00:00+09:00,384.05438504159156,384.05438504159156,379.10948653212165,379.9336242675781,155868,0.0,0.0
2003-10-16 00:00:00+09:00,379.1093602769248,380.7576351989109,375.8127383362453,378.2851867675781,128635,0.0,0.0
2003-10-17 00:00:00+09:00,377.46106702929114,378.2852045289794,370.86785888671875,370.86785888671875,68797,0.0,0.0
2003-10-20 00:00:00+09:00,377.4611185494528,377.4611185494528,371.6920471191406,371.6920471191406,100687,0.0,0.0
2003-10-21 00:00:00+09:00,372.5161919807696,372.5161919807696,365.9229834479968,367.5712585449219,126844,0.0,0.0
2003-10-22 00:00:00+09:00,370.8678458702122,370.8678458702122,363.45050048828125,363.45050048828125,80262,0.0,0.0
2003-10-23 00:00:00+09:00,362.6264117619492,363.45058547378267,347.7917175292969,347.7917175292969,106062,0.0,0.0
2003-10-24 00:00:00+09:00,354.38489093378956,354.38489093378956,347.7917175292969,347.7917175292969,91729,0.0,0.0
2003-10-27 00:00:00+09:00,367.5713736949939,367.5713736949939,355.20912635351385,356.03326416015625,40847,0.0,0.0
2003-10-28 00:00:00+09:00,354.38482351320073,369.21955097195575,354.38482351320073,362.6263427734375,74529,0.0,0.0
2003-10-29 00:00:00+09:00,362.62640788061935,365.09885689293117,359.3298212136576,364.27471923828125,22216,0.0,0.0
2003-10-30 00:00:00+09:00,357.6814456366377,364.27465383515596,357.6814456366377,362.6263427734375,52314,0.0,0.0
2003-10-31 00:00:00+09:00,357.68150810134614,363.4505798006809,356.85737045073915,358.5056457519531,84563,0.0,0.0
2003-11-03 00:00:00+09:00,358.5056457519531,358.5056457519531,358.5056457519531,358.5056457519531,0,0.0,0.0
2003-11-04 00:00:00+09:00,359.3296712829723,367.5711525357909,357.6813606130697,360.15380859375,42998,0.0,0.0
2003-11-05 00:00:00+09:00,361.80220371449377,367.57123833322373,361.80220371449377,366.7471008300781,36905,0.0,0.0
2003-11-06 00:00:00+09:00,365.0987045551106,365.9228779142354,357.6813606130697,360.15380859375,39414,0.0,0.0
2003-11-07 00:00:00+09:00,359.3298212136576,365.9230305959432,359.3298212136576,364.27471923828125,68797,0.0,0.0
2003-11-10 00:00:00+09:00,364.27467230271424,367.5712585449219,363.4505347542517,367.5712585449219,41565,0.0,0.0
2003-11-11 00:00:00+09:00,366.74708641968806,369.2195348803317,362.626326969164,363.45050048828125,74529,0.0,0.0
2003-11-12 00:00:00+09:00,346.14336546087367,351.0882629570951,329.6603257423246,348.6158142089844,200658,0.0,0.0
2003-11-13 00:00:00+09:00,346.1432892061487,354.38477120148184,346.1432892061487,351.9123229980469,132577,0.0,0.0
2003-11-14 00:00:00+09:00,351.0882605248354,351.0882605248354,339.55015443079935,342.84674072265625,89938,0.0,0.0
2003-11-17 00:00:00+09:00,349.43997275420554,349.43997275420554,336.25355460706265,337.0777282714844,43715,0.0,0.0
2003-11-18 00:00:00+09:00,336.2535227770319,360.15390791234364,336.2535227770319,353.5606994628906,73813,0.0,0.0
2003-11-19 00:00:00+09:00,339.5501387269909,344.4950359602593,334.6052414937225,343.6708984375,91012,0.0,0.0
2003-11-20 00:00:00+09:00,346.96760401357636,351.91250294902767,339.55025561039935,342.022705078125,26156,0.0,0.0
2003-11-21 00:00:00+09:00,339.5501562797362,345.31919133398907,338.7259826660156,338.7259826660156,33322,0.0,0.0
2003-11-24 00:00:00+09:00,338.7259826660156,338.7259826660156,338.7259826660156,338.7259826660156,0,0.0,0.0
2003-11-25 00:00:00+09:00,371.69200284099975,371.69200284099975,354.38482666015625,354.38482666015625,35473,0.0,0.0
2003-11-26 00:00:00+09:00,354.3848370009384,362.62635657484384,351.08825080039037,353.5606994628906,34040,0.0,0.0
2003-11-27 00:00:00+09:00,362.62640610171195,362.62640610171195,357.68150810134614,358.5056457519531,24723,0.0,0.0
2003-11-28 00:00:00+09:00,362.6263583704508,362.6263583704508,349.43994140625,349.43994140625,19707,0.0,0.0
2003-12-01 00:00:00+09:00,349.4400535619107,360.9781630967483,340.3743934953691,356.03326416015625,46940,0.0,0.0
2003-12-02 00:00:00+09:00,356.0331604533165,356.0331604533165,348.6158142089844,348.6158142089844,33681,0.0,0.0
2003-12-03 00:00:00+09:00,348.6158818449854,353.5607803005812,346.14343261718744,346.1434326171875,44789,0.0,0.0
2003-12-04 00:00:00+09:00,346.14334337509035,356.0331377365118,346.14334337509035,354.38482666015625,64855,0.0,0.0
2003-12-05 00:00:00+09:00,360.9780248021763,360.9780248021763,352.7365417480469,352.7365417480469,91371,0.0,0.0
2003-12-08 00:00:00+09:00,352.7365373278721,355.20898581796394,346.9674668187548,351.0882263183594,49805,0.0,0.0
2003-12-09 00:00:00+09:00,351.0882525388644,351.912390080993,348.6158038641214,349.43994140625,47655,0.0,0.0
2003-12-10 00:00:00+09:00,349.4399080731712,351.0882190485532,341.19842529296875,341.19842529296875,72737,0.0,0.0
2003-12-11 00:00:00+09:00,341.19838076716894,342.02251812313455,332.9568630141166,336.2534484863281,120754,0.0,0.0
2003-12-12 00:00:00+09:00,339.5501562797362,343.67091620326437,337.9018451006533,338.7259826660156,238640,0.0,0.0
2003-12-15 00:00:00+09:00,344.49513052423777,344.49513052423777,338.7260581362423,339.55023193359375,63064,0.0,0.0
2003-12-16 00:00:00+09:00,339.55012159312145,339.55012159312145,331.3086025879744,334.605224609375,105345,0.0,0.0
2003-12-17 00:00:00+09:00,341.1984326038218,341.1984326038218,334.605224609375,334.605224609375,42280,0.0,0.0
2003-12-18 00:00:00+09:00,334.605224609375,336.2534995717208,331.3086025879744,334.605224609375,97104,0.0,0.0
2003-12-19 00:00:00+09:00,339.55019736485445,342.0226464084628,336.25357460780174,337.9018859863281,63423,0.0,0.0
2003-12-22 00:00:00+09:00,349.4400291148818,349.4400291148818,332.957021796613,339.55023193359375,92088,0.0,0.0
2003-12-23 00:00:00+09:00,339.55023193359375,339.55023193359375,339.55023193359375,339.55023193359375,0,0.0,0.0
2003-12-24 00:00:00+09:00,337.9017592466084,337.9017592466084,332.13268960980196,336.2534484863281,34040,0.0,0.0
2003-12-25 00:00:00+09:00,349.43994935472796,349.43994935472796,332.95694579872765,342.84674072265625,74172,0.0,0.0
2003-12-26 00:00:00+09:00,339.55019736485445,339.55019736485445,334.6052992776379,337.9018859863281,26156,0.0,0.0
2003-12-29 00:00:00+09:00,336.25351653924105,343.6708984375,336.25351653924105,343.6708984375,32966,0.0,0.0
2003-12-30 00:00:00+09:00,344.495011195379,344.495011195379,341.19842529296875,341.19842529296875,8240,0.0,0.0
2003-12-31 00:00:00+09:00,341.19842529296875,341.19842529296875,341.19842529296875,341.19842529296875,0,0.0,0.0
2004-01-01 00:00:00+09:00,341.19842529296875,341.19842529296875,341.19842529296875,341.19842529296875,0,0.0,0.0
2004-01-02 00:00:00+09:00,341.19842529296875,341.19842529296875,341.19842529296875,341.19842529296875,0,0.0,0.0
2004-01-05 00:00:00+09:00,336.25355460706265,342.8467636806341,336.25355460706265,337.0777282714844,35473,0.0,0.0
2004-01-06 00:00:00+09:00,335.42939635620803,342.0226050241815,335.42939635620803,338.7259826660156,68797,0.0,0.0
2004-01-07 00:00:00+09:00,342.8467425895438,342.8467425895438,337.9018451006533,338.7259826660156,21140,0.0,0.0
2004-01-08 00:00:00+09:00,337.9019111589509,347.79174411850784,337.9019111589509,346.1434326171875,60914,0.0,0.0
2004-01-09 00:00:00+09:00,346.1433307777122,349.439916762093,342.8467087449768,346.96746826171875,87787,0.0,0.0
2004-01-12 00:00:00+09:00,346.96746826171875,346.96746826171875,346.96746826171875,346.96746826171875,0,0.0,0.0
2004-01-13 00:00:00+09:00,346.1434420705745,346.1434420705745,337.901920387257,339.55023193359375,36549,0.0,0.0
2004-01-14 00:00:00+09:00,337.9018658875456,341.19848844851157,336.25355460706265,337.0777282714844,74172,0.0,0.0
2004-01-15 00:00:00+09:00,341.19854235719043,341.19854235719043,333.7811584472656,333.7811584472656,91371,0.0,0.0
2004-01-16 00:00:00+09:00,334.6052793749401,347.791697522083,334.6052793749401,337.0777282714844,136160,0.0,0.0
2004-01-19 00:00:00+09:00,346.1433551893784,357.68146102096483,346.1433551893784,349.43994140625,139026,0.0,0.0
2004-01-20 00:00:00+09:00,358.50559678789114,358.50559678789114,349.43993967593786,353.5606994628906,115735,0.0,0.0
2004-01-21 00:00:00+09:00,357.6814456366377,369.21955097195575,354.38482351320073,362.6263427734375,118244,0.0,0.0
2004-01-22 00:00:00+09:00,369.2195129394531,372.51613472331223,365.09875373380527,369.2195129394531,109645,0.0,0.0
2004-01-23 00:00:00+09:00,375.8127396872025,375.8127396872025,370.8678428067612,374.1644287109375,184175,0.0,0.0
2004-01-26 00:00:00+09:00,374.98862450829716,377.46107309545204,367.57124269847674,368.3954162597656,125411,0.0,0.0
2004-01-27 00:00:00+09:00,360.97803171171904,368.3954134652743,360.1538942050376,362.6263427734375,105703,0.0,0.0
2004-01-28 00:00:00+09:00,356.03313457491925,363.4505163284746,354.38482351320073,362.6263427734375,254764,0.0,0.0
2004-01-29 00:00:00+09:00,362.6263548206104,370.8678743546469,356.03314640305257,357.68145751953125,236131,0.0,0.0
2004-01-30 00:00:00+09:00,364.27465227228595,370.867860442517,364.27465227228595,366.7471008300781,89220,0.0,0.0
2004-02-02 00:00:00+09:00,365.92302701842885,387.35093026509145,359.32981770060303,380.7577209472656,96387,0.0,0.0
2004-02-03 00:00:00+09:00,379.1094298221649,379.1094298221649,369.2195982342526,371.6920471191406,155150,0.0,0.0
2004-02-04 00:00:00+09:00,370.0436864095939,374.16440956688984,368.3953755176643,369.2195129394531,64855,0.0,0.0
2004-02-05 00:00:00+09:00,359.32975942407927,368.3954162597656,359.32975942407927,368.3954162597656,43356,0.0,0.0
2004-02-06 00:00:00+09:00,364.27465383515596,364.27465383515596,357.6814456366377,362.6263427734375,65930,0.0,0.0
2004-02-09 00:00:00+09:00,357.6814592498434,360.15390791234364,352.7365619248429,353.5606994628906,79188,0.0,0.0
2004-02-10 00:00:00+09:00,354.38473927326464,370.86777387559596,354.38473927326464,360.15380859375,77755,0.0,0.0
2004-02-11 00:00:00+09:00,360.15380859375,360.15380859375,360.15380859375,360.15380859375,0,0.0,0.0
2004-02-12 00:00:00+09:00,362.62633969641445,379.10937807702305,362.62633969641445,370.86785888671875,99254,0.0,0.0
2004-02-13 00:00:00+09:00,370.0438166849867,375.81285276522425,362.62643308416045,372.5162658691406,28306,0.0,0.0
2004-02-16 00:00:00+09:00,370.8678238313827,371.6919612531715,367.5712020475236,369.2195129394531,38340,0.0,0.0
2004-02-17 00:00:00+09:00,360.97802583733153,368.39540747017986,360.97802583733153,365.0987854003906,84204,0.0,0.0
2004-02-18 00:00:00+09:00,365.9229648968745,369.21955097195575,359.32975669835616,362.6263427734375,30098,0.0,0.0
2004-02-19 00:00:00+09:00,361.80220219672617,379.10937807702305,361.80220219672617,370.86785888671875,51956,0.0,0.0
2004-02-20 00:00:00+09:00,374.9885830370306,374.9885830370306,369.2195129394531,369.2195129394531,24008,0.0,0.0
2004-02-23 00:00:00+09:00,370.86793038317614,370.86793038317614,365.92303233505106,370.0437927246094,32607,0.0,0.0
2004-02-24 00:00:00+09:00,369.21955097195575,369.21955097195575,362.6263427734375,362.6263427734375,31174,0.0,0.0
2004-02-25 00:00:00+09:00,363.45051193058754,367.57123546248795,356.0331302667853,360.97802734375,32966,0.0,0.0
2004-02-26 00:00:00+09:00,361.8022155761719,361.8022155761719,356.8573182984692,361.8022155761719,27232,0.0,0.0
2004-02-27 00:00:00+09:00,360.15391246368654,370.0437432870245,360.15391246368654,367.5712585449219,40847,0.0,0.0
2004-03-01 00:00:00+09:00,366.74708641968806,370.043708399449,360.15387850852034,363.45050048828125,51597,0.0,0.0
2004-03-02 00:00:00+09:00,357.68151383630885,368.39548370779426,357.68151383630885,365.92303466796875,73096,0.0,0.0
2004-03-03 00:00:00+09:00,365.09885689293117,365.9230305959432,362.62640788061935,364.27471923828125,54821,0.0,0.0
2004-03-04 00:00:00+09:00,364.27465227228595,368.39541188472475,361.80220371449377,366.7471008300781,68080,0.0,0.0
2004-03-05 00:00:00+09:00,365.922927203946,370.0436864095939,363.45047889022766,369.2195129394531,62705,0.0,0.0
2004-03-08 00:00:00+09:00,369.21954783898684,372.51616993445066,360.97802864868254,370.86785888671875,80262,0.0,0.0
2004-03-09 00:00:00+09:00,371.6920921088463,374.1645412930001,363.45060684445485,372.5162658691406,80980,0.0,0.0
2004-03-10 00:00:00+09:00,374.16451945126613,374.9886931634496,365.92303466796875,365.92303466796875,50164,0.0,0.0
2004-03-11 00:00:00+09:00,364.2746479071208,365.92295894201544,361.8021993789564,365.0987854003906,65214,0.0,0.0
2004-03-12 00:00:00+09:00,365.0987854003906,370.8678559983443,364.2746479071208,365.0987854003906,147627,0.0,0.0
2004-03-15 00:00:00+09:00,369.21955097195575,370.8678620336742,362.6263427734375,362.6263427734375,49447,0.0,0.0
2004-03-16 00:00:00+09:00,360.15396287613436,366.7471723317897,360.15396287613436,365.92303466796875,56972,0.0,0.0
2004-03-17 00:00:00+09:00,368.3955052127626,372.5162658691406,365.09888226831436,372.5162658691406,54821,0.0,0.0
2004-03-18 00:00:00+09:00,372.51613472331223,380.75761708625606,368.3953755176643,369.2195129394531,104270,0.0,0.0
2004-03-19 00:00:00+09:00,369.21954496344966,371.6919934916141,365.0987854003906,365.0987854003906,46581,0.0,0.0
2004-03-22 00:00:00+09:00,368.395479608255,368.395479608255,363.4505815836314,364.27471923828125,79188,0.0,0.0
2004-03-23 00:00:00+09:00,364.27465227228595,366.7471008300781,364.27465227228595,366.7471008300781,51597,0.0,0.0
2004-03-24 00:00:00+09:00,363.4505163284746,365.9229648968745,362.6263427734375,362.6263427734375,55898,0.0,0.0
2004-03-25 00:00:00+09:00,368.3953755176643,370.8678238313827,365.922927203946,369.2195129394531,80621,0.0,0.0
2004-03-26 00:00:00+09:00,390.37508441824673,391.2293204847643,384.3956187688916,388.66668701171875,35831,22.0,0.0
2004-03-29 00:00:00+09:00,391.22924743908425,392.08344598286243,386.9581799937001,389.52081298828125,29382,0.0,0.0
2004-03-30 00:00:00+09:00,384.395599738626,389.5208664309807,380.97873036822176,386.1040344238281,32966,0.0,0.0
2004-03-31 00:00:00+09:00,386.10398264436293,392.93768310546875,380.1244807296778,392.93768310546875,94595,0.0,0.0
2004-04-01 00:00:00+09:00,392.9377354196957,392.9377354196957,384.3955993652344,384.3955993652344,49447,0.0,0.0
2004-04-02 00:00:00+09:00,384.3955993652344,389.5208660526105,379.2703326778583,384.3955993652344,114303,0.0,0.0
2004-04-05 00:00:00+09:00,391.2292192302026,391.2292192302026,383.54132080078125,383.54132080078125,142609,0.0,0.0
2004-04-06 00:00:00+09:00,386.1039917892751,389.5208234191326,385.249755859375,385.249755859375,147984,0.0,0.0
2004-04-07 00:00:00+09:00,385.2497478183059,390.3750138377397,380.97868034769544,381.8329162597656,121110,0.0,0.0
2004-04-08 00:00:00+09:00,378.41596690621515,381.83283510175187,378.41596690621515,379.27020263671875,251540,0.0,0.0
2004-04-09 00:00:00+09:00,376.7075500488281,378.41594669209894,375.8533143639558,376.7075500488281,194209,0.0,0.0
2004-04-12 00:00:00+09:00,376.7076490503282,380.1244805980748,374.9992145948315,378.4160461425781,165543,0.0,0.0
2004-04-13 00:00:00+09:00,379.27018237697126,380.9785790202421,374.9991160423204,376.7075500488281,232548,0.0,0.0
2004-04-14 00:00:00+09:00,374.99913318485994,375.85333154554377,372.4365007395698,374.1448974609375,199584,0.0,0.0
2004-04-15 00:00:00+09:00,377.5618086887431,377.5618086887431,359.6233421627023,363.8944091796875,345418,0.0,0.0
2004-04-16 00:00:00+09:00,366.45701210932185,369.0196446384178,363.04018119160713,365.6028137207031,336101,0.0,0.0
2004-04-19 00:00:00+09:00,372.43651206256516,374.9991445857657,369.01964378947133,373.29071044921875,222157,0.0,0.0
2004-04-20 00:00:00+09:00,377.5617771089662,377.5617771089662,370.7280779260183,373.29071044921875,169842,0.0,0.0
2004-04-21 00:00:00+09:00,374.144929632683,379.27023232721325,373.2907311985488,377.5617980957031,145118,0.0,0.0
2004-04-22 00:00:00+09:00,378.41596690621515,381.83283510175187,378.41596690621515,379.27020263671875,127202,0.0,0.0
2004-04-23 00:00:00+09:00,384.3954763732365,384.3954763732365,380.9786080994198,382.6870422363281,130786,0.0,0.0
2004-04-26 00:00:00+09:00,385.2496960926358,385.2496960926358,377.5617980957031,377.5617980957031,65214,0.0,0.0
2004-04-27 00:00:00+09:00,377.56184759645316,380.97867914419976,377.56184759645316,378.4160461425781,94595,0.0,0.0
2004-04-28 00:00:00+09:00,379.27023232721325,380.12443076134736,377.5617980957031,377.5617980957031,36549,0.0,0.0
2004-04-29 00:00:00+09:00,377.5617980957031,377.5617980957031,377.5617980957031,377.5617980957031,0,0.0,0.0
2004-04-30 00:00:00+09:00,380.1244805980748,380.1244805980748,375.8534131409565,378.4160461425781,91012,0.0,0.0
2004-05-03 00:00:00+09:00,378.4160461425781,378.4160461425781,378.4160461425781,378.4160461425781,0,0.0,0.0
2004-05-04 00:00:00+09:00,378.4160461425781,378.4160461425781,378.4160461425781,378.4160461425781,0,0.0,0.0
2004-05-05 00:00:00+09:00,378.4160461425781,378.4160461425781,378.4160461425781,378.4160461425781,0,0.0,0.0
2004-05-06 00:00:00+09:00,378.4160791530822,378.4160791530822,369.0197448730469,369.0197448730469,144044,0.0,0.0
2004-05-07 00:00:00+09:00,369.8740305079054,372.4366640770757,369.8740305079054,371.5824279785156,68080,0.0,0.0
2004-05-10 00:00:00+09:00,369.01965419418906,371.58228678964446,369.01965419418906,370.72808837890625,252972,0.0,0.0
2004-05-11 00:00:00+09:00,369.0197448730469,370.728179477576,360.47764657690107,369.0197448730469,141535,0.0,0.0
2004-05-12 00:00:00+09:00,371.5824279785156,375.85349638155105,369.0197944093453,371.5824279785156,257989,0.0,0.0
2004-05-13 00:00:00+09:00,375.85342217320715,385.249755859375,374.99922360655466,385.249755859375,273754,0.0,0.0
2004-05-14 00:00:00+09:00,386.10389868994287,386.10389868994287,373.2906991002536,374.1448974609375,136160,0.0,0.0
2004-05-17 00:00:00+09:00,368.1653747558594,374.1448370415198,364.7485071384255,368.1653747558594,82771,0.0,0.0
2004-05-18 00:00:00+09:00,361.33174705112987,369.8738803902763,360.47754866251114,365.6028137207031,212481,0.0,0.0
2004-05-19 00:00:00+09:00,379.27018237697126,380.9785790202421,364.7485493665111,376.7075500488281,191341,0.0,0.0
2004-05-20 00:00:00+09:00,382.68714698278006,382.68714698278006,363.8944784227094,369.0197448730469,144044,0.0,0.0
2004-05-21 00:00:00+09:00,370.72813917755747,376.7076409617825,365.60287328436226,374.99920654296875,176293,0.0,0.0
2004-05-24 00:00:00+09:00,375.85344592791347,376.70768191180304,369.0197448730469,369.0197448730469,123619,0.0,0.0
2004-05-25 00:00:00+09:00,375.85337440930044,375.85337440930044,363.0402107215876,363.8944091796875,166976,0.0,0.0
2004-05-26 00:00:00+09:00,374.1448370415198,374.99907262749457,368.1653747558594,368.1653747558594,107136,0.0,0.0
2004-05-27 00:00:00+09:00,369.0196351197853,380.1244007015872,367.31120102337604,369.8738708496094,113228,0.0,0.0
2004-05-28 00:00:00+09:00,379.27025366335477,383.54132080078125,376.70762085354767,383.54132080078125,89579,0.0,0.0
2004-05-31 00:00:00+09:00,375.8534131409565,379.27028205194983,373.29078013933486,378.4160461425781,79188,0.0,0.0
2004-06-01 00:00:00+09:00,372.43659242514394,378.41605714841876,372.43659242514394,375.8534240722656,58763,0.0,0.0
2004-06-02 00:00:00+09:00,372.43659242514394,377.5618585774503,369.01972341477455,375.8534240722656,49805,0.0,0.0
2004-06-03 00:00:00+09:00,375.85347669057944,377.5619114349397,367.31134033203125,367.31134033203125,69154,0.0,0.0
2004-06-04 00:00:00+09:00,366.4570524861958,374.9991867665294,366.4570524861958,372.4365539550781,31531,0.0,0.0
2004-06-07 00:00:00+09:00,375.8533143639558,380.12438069860667,373.2906820358127,376.7075500488281,45148,0.0,0.0
2004-06-08 00:00:00+09:00,378.4160461425781,380.97867914419976,371.5823456838382,378.4160461425781,59839,0.0,0.0
2004-06-09 00:00:00+09:00,377.5617771089662,377.5617771089662,372.43651206256516,373.29071044921875,39414,0.0,0.0
2004-06-10 00:00:00+09:00,366.45709033862136,375.85342407226557,366.45709033862136,375.8534240722656,80621,0.0,0.0
2004-06-11 00:00:00+09:00,383.541307781373,383.541307781373,376.7076080661111,380.9786376953125,279488,0.0,0.0
2004-06-14 00:00:00+09:00,380.97864916249625,383.54131932569135,377.56181788364245,380.12445068359375,71663,0.0,0.0
2004-06-15 00:00:00+09:00,381.8328649928574,382.6870634269916,375.85336386419306,377.5617980957031,77038,0.0,0.0
2004-06-16 00:00:00+09:00,381.83283510175187,384.39546756678493,378.41596690621515,379.27020263671875,65930,0.0,0.0
2004-06-17 00:00:00+09:00,379.2702026367188,379.2702026367188,375.8533344411821,379.27020263671875,72381,0.0,0.0
2004-06-18 00:00:00+09:00,382.68707196493864,384.3955062345648,378.4160049724946,380.9786376953125,67362,0.0,0.0
2004-06-21 00:00:00+09:00,383.5412779864022,392.0833739444645,382.6870422363281,382.6870422363281,180591,0.0,0.0
2004-06-22 00:00:00+09:00,389.52074149917865,392.9376097736836,388.6665431121723,392.0833740234375,144760,0.0,0.0
2004-06-23 00:00:00+09:00,392.9376818898872,392.9376818898872,389.52081298828125,389.52081298828125,41924,0.0,0.0
2004-06-24 00:00:00+09:00,387.8123785374783,389.52081298828125,386.9581799937001,389.52081298828125,76679,0.0,0.0
2004-06-25 00:00:00+09:00,396.35445067233366,455.29507494195894,392.9376196749708,427.1060791015625,506661,0.0,0.0
2004-06-28 00:00:00+09:00,420.27249229659174,423.6893615722656,413.4387911084947,423.6893615722656,120754,0.0,0.0
2004-06-29 00:00:00+09:00,423.6892183244029,423.6892183244029,410.8760189176004,419.41815185546875,106777,0.0,0.0
2004-06-30 00:00:00+09:00,410.0219591960715,423.6893615722656,410.0219591960715,423.6893615722656,96028,0.0,0.0
2004-07-01 00:00:00+09:00,427.10599636165574,427.10599636165574,421.98073217686846,422.8349304199219,56613,0.0,0.0
2004-07-02 00:00:00+09:00,424.5434274686006,430.52292814980865,423.6892290983876,426.2518615722656,122902,0.0,0.0
2004-07-05 00:00:00+09:00,426.25191033801633,437.3566772374317,426.25191033801633,436.50244140625,173066,0.0,0.0
2004-07-06 00:00:00+09:00,435.648304885093,443.3362042794451,435.648304885093,439.91937255859375,158377,0.0,0.0
2004-07-07 00:00:00+09:00,433.08567124314004,439.9193720400362,427.9604049862801,438.2109375,156942,0.0,0.0
2004-07-08 00:00:00+09:00,432.23141657255957,438.21091852210355,432.23141657255957,437.3567199707031,160884,0.0,0.0
2004-07-09 00:00:00+09:00,443.33610146747947,444.190337222027,434.7940054646835,442.4819030761719,223231,0.0,0.0
2004-07-12 00:00:00+09:00,439.06513711949077,443.3362047979871,437.3567399386912,441.6278076171875,91371,0.0,0.0
2004-07-13 00:00:00+09:00,439.06499126748287,440.77342524401024,432.23129272460943,432.2312927246094,77397,0.0,0.0
2004-07-14 00:00:00+09:00,427.1060791015625,434.7940142313002,427.1060791015625,427.1060791015625,133295,0.0,0.0
2004-07-15 00:00:00+09:00,421.98074223969,427.96024217335514,420.2723083496094,420.2723083496094,127920,0.0,0.0
2004-07-16 00:00:00+09:00,420.27234196280733,425.3976440429687,417.7097096043453,425.39764404296875,64855,0.0,0.0
2004-07-19 00:00:00+09:00,425.3976440429687,425.3976440429687,425.3976440429687,425.39764404296875,0,0.0,0.0
2004-07-20 00:00:00+09:00,426.2518082832745,426.2518082832745,419.41811008618623,420.2723083496094,46581,0.0,0.0
2004-07-21 00:00:00+09:00,427.10601918436834,431.3770853543297,421.12655643701083,428.814453125,48731,0.0,0.0
2004-07-22 00:00:00+09:00,419.4181224560171,424.5433869141833,419.4181224560171,421.1265563964844,49090,0.0,0.0
2004-07-23 00:00:00+09:00,427.9604290585136,427.9604290585136,418.56409460465557,421.9809265136719,112870,0.0,0.0
2004-07-26 00:00:00+09:00,427.1061852112781,427.1061852112781,418.5640869140625,418.5640869140625,53747,0.0,0.0
2004-07-27 00:00:00+09:00,417.70985093006595,425.39778796978493,417.70985093006595,418.5640869140625,107495,0.0,0.0
2004-07-28 00:00:00+09:00,427.10621249072864,427.10621249072864,419.4183123232303,424.5435791015625,85278,0.0,0.0
2004-07-29 00:00:00+09:00,424.54353852608233,430.5230407714844,423.6893399324172,430.5230407714844,66288,0.0,0.0
2004-07-30 00:00:00+09:00,430.5230407714844,439.06513879788173,420.2724708312593,430.5230407714844,67721,0.0,0.0
2004-08-02 00:00:00+09:00,422.8351255717218,427.1061934846888,422.8351255717218,423.6893615722656,29382,0.0,0.0
2004-08-03 00:00:00+09:00,423.68918862556745,427.10601914326645,420.272320744633,421.1265563964844,22573,0.0,0.0
2004-08-04 00:00:00+09:00,420.2725450253237,420.2725450253237,407.45937704209257,415.14727783203125,66647,0.0,0.0
2004-08-05 00:00:00+09:00,416.001273853669,420.2723402211517,408.31337681014236,414.2928771972656,57330,0.0,0.0
2004-08-06 00:00:00+09:00,420.2723402211517,420.2723402211517,410.0218108297829,414.2928771972656,44072,0.0,0.0
2004-08-09 00:00:00+09:00,407.4592280954407,416.8555603027344,407.4592280954407,416.8555603027344,34040,0.0,0.0
2004-08-10 00:00:00+09:00,418.56410502580115,418.56410502580115,409.1677703379991,416.0014343261719,20066,0.0,0.0
2004-08-11 00:00:00+09:00,422.83498261267323,422.83498261267323,412.5844529778217,419.41815185546875,38697,0.0,0.0
2004-08-12 00:00:00+09:00,412.58451227795894,422.83504338610356,412.58451227795894,417.70977783203125,28665,0.0,0.0
2004-08-13 00:00:00+09:00,413.4387542046024,419.41825622167096,406.60505362648723,407.45928955078125,49090,0.0,0.0
2004-08-16 00:00:00+09:00,401.47984704251985,404.04248046875,380.9787422694258,404.04248046875,82054,0.0,0.0
2004-08-17 00:00:00+09:00,403.18815139634296,408.3134165913726,394.64601782913303,400.6255187988281,39056,0.0,0.0
2004-08-18 00:00:00+09:00,398.91717253451856,406.6050720214844,396.3545393721966,406.6050720214844,79904,0.0,0.0
2004-08-19 00:00:00+09:00,413.43884297984863,417.7099114286775,404.04250733772733,415.14727783203125,35473,0.0,0.0
2004-08-20 00:00:00+09:00,421.12672787723045,429.6688263313964,416.8556599685221,421.9809265136719,83487,0.0,0.0
2004-08-23 00:00:00+09:00,415.14722533238864,424.5435597862467,412.5845920598138,421.9809265136719,35473,0.0,0.0
2004-08-24 00:00:00+09:00,420.2723913948222,421.980825622487,416.00132450728114,416.8555603027344,14332,0.0,0.0
2004-08-25 00:00:00+09:00,420.2724918775384,422.83512515011324,418.56409460465557,421.9809265136719,20424,0.0,0.0
2004-08-26 00:00:00+09:00,423.68925985015176,423.68925985015176,411.7302949829818,416.8555603027344,26873,0.0,0.0
2004-08-27 00:00:00+09:00,421.98074223969,423.68917612977066,415.14704404260175,420.2723083496094,28665,0.0,0.0
2004-08-30 00:00:00+09:00,419.41828553480906,421.12672013955216,416.8556523093194,418.5640869140625,21140,0.0,0.0
2004-08-31 00:00:00+09:00,411.73021335822546,416.8554776619039,411.73021335822546,412.58441162109375,30457,0.0,0.0
2004-09-01 00:00:00+09:00,416.8556603841686,433.9398946727859,416.8556603841686,423.6893615722656,53747,0.0,0.0
2004-09-02 00:00:00+09:00,418.56409460465557,423.6893611498053,418.56409460465557,421.9809265136719,22216,0.0,0.0
2004-09-03 00:00:00+09:00,423.68917612977066,423.68917612977066,419.41811008618623,420.2723083496094,42998,0.0,0.0
2004-09-06 00:00:00+09:00,413.43866183963655,427.96029567593064,413.43866183963655,426.2518615722656,72022,0.0,0.0
2004-09-07 00:00:00+09:00,420.2725450253237,421.1267811330427,415.14727783203125,415.14727783203125,31174,0.0,0.0
2004-09-08 00:00:00+09:00,418.56399453039916,422.8350240546985,416.00132450728114,416.8555603027344,67006,0.0,0.0
2004-09-09 00:00:00+09:00,410.02190146898795,413.4387329003546,398.0629354143365,401.4797668457031,154794,0.0,0.0
2004-09-10 00:00:00+09:00,396.3545678085374,396.3545678085374,380.97873036822176,386.1040344238281,201016,0.0,0.0
2004-09-13 00:00:00+09:00,398.91713597207917,398.91713597207917,391.2292371897417,393.7918701171875,70589,0.0,0.0
2004-09-14 00:00:00+09:00,394.64605712890625,398.917124337834,392.9376601359308,394.64605712890625,62346,0.0,0.0
2004-09-15 00:00:00+09:00,394.6460505221974,394.6460505221974,383.54132080078125,383.54132080078125,114303,0.0,0.0
2004-09-16 00:00:00+09:00,381.8329162597656,389.5208152889163,381.8329162597656,381.8329162597656,72737,0.0,0.0
2004-09-17 00:00:00+09:00,383.5414007050889,386.10403404877695,378.4160966544611,384.3955993652344,107854,0.0,0.0
2004-09-20 00:00:00+09:00,384.3955993652344,384.3955993652344,384.3955993652344,384.3955993652344,0,0.0,0.0
2004-09-21 00:00:00+09:00,384.39554926948256,384.39554926948256,380.97868034769544,381.8329162597656,155150,0.0,0.0
2004-09-22 00:00:00+09:00,382.68711359969643,386.1039825106898,377.56184759645316,378.4160461425781,144760,0.0,0.0
2004-09-23 00:00:00+09:00,378.4160461425781,378.4160461425781,378.4160461425781,378.4160461425781,0,0.0,0.0
2004-09-24 00:00:00+09:00,379.2702539066962,379.2702539066962,355.35228539441084,372.4365539550781,253331,0.0,0.0
2004-09-27 00:00:00+09:00,378.66050261440466,384.7398921360866,373.4495484688579,381.2659606933594,66288,10.0,0.0
2004-09-28 00:00:00+09:00,386.4768465778943,390.81928903188054,375.186503795057,377.7919616699219,104986,0.0,0.0
2004-09-29 00:00:00+09:00,391.6877522106858,398.635652360079,385.6083633222376,389.9508056640625,184533,0.0,0.0
2004-09-30 00:00:00+09:00,384.7398950355705,397.7672235161582,384.7398950355705,396.8987121582031,94595,0.0,0.0
2004-10-01 00:00:00+09:00,397.767124361575,397.767124361575,391.68769832190685,393.4246826171875,29382,0.0,0.0
2004-10-04 00:00:00+09:00,399.5042293008224,416.0054901200381,395.16178624508564,413.3999938964844,96387,0.0,0.0
2004-10-05 00:00:00+09:00,409.9259562139066,416.00538251697446,408.1889718433687,415.1368713378906,97820,0.0,0.0
2004-10-06 00:00:00+09:00,396.0302280257734,409.9260294990605,396.0302280257734,409.05755615234375,87429,0.0,0.0
2004-10-07 00:00:00+09:00,405.5835679720071,409.0575371729625,405.5835679720071,408.18902587890625,80262,0.0,0.0
2004-10-08 00:00:00+09:00,402.1097630467233,413.40007152661633,402.1097630467233,403.8467102050781,116812,0.0,0.0
2004-10-11 00:00:00+09:00,403.8467102050781,403.8467102050781,403.8467102050781,403.8467102050781,0,0.0,0.0
2004-10-12 00:00:00+09:00,396.89878182694474,404.7151954823891,396.89878182694474,402.97821044921875,89220,0.0,0.0
2004-10-13 00:00:00+09:00,399.50427837052234,407.32065403832246,399.50427837052234,402.97821044921875,82771,0.0,0.0
2004-10-14 00:00:00+09:00,396.03023878788565,402.1096663430208,383.871421665253,396.8987121582031,48731,0.0,0.0
2004-10-15 00:00:00+09:00,399.50420581483945,399.50420581483945,387.3453507785135,392.5563049316406,50523,0.0,0.0
2004-10-18 00:00:00+09:00,388.2139032210098,390.81936157952487,379.5290167008652,383.8714599609375,42639,0.0,0.0
2004-10-19 00:00:00+09:00,383.8714193307327,398.6356944621662,383.8714193307327,392.5563049316406,65214,0.0,0.0
2004-10-20 00:00:00+09:00,398.6356944621662,398.6356944621662,389.0823354962225,392.5563049316406,76679,0.0,0.0
2004-10-21 00:00:00+09:00,396.89870974445716,396.89870974445716,392.55630493164057,392.5563049316406,81339,0.0,0.0
2004-10-22 00:00:00+09:00,390.8193664550781,391.68783992287047,389.0823815318517,390.8193664550781,25799,0.0,0.0
2004-10-25 00:00:00+09:00,411.663033976229,421.2163932000623,395.1617736816406,395.1617736816406,212125,0.0,0.0
2004-10-26 00:00:00+09:00,406.45215478883233,406.45215478883233,387.34539660862526,390.8193664550781,63423,0.0,0.0
2004-10-27 00:00:00+09:00,387.34527705606064,414.2684020996094,387.34527705606064,414.2684020996094,158734,0.0,0.0
2004-10-28 00:00:00+09:00,408.1890507397838,408.1890507397838,392.5563023462715,401.24114990234375,62705,0.0,0.0
2004-10-29 00:00:00+09:00,394.29312550494035,407.320449738121,389.9507220815053,405.5834655761719,87070,0.0,0.0
2004-11-01 00:00:00+09:00,412.53149827168085,414.2684829979925,401.2411545321111,411.66302490234375,86713,0.0,0.0
2004-11-02 00:00:00+09:00,411.66309623152756,425.55890047448275,409.9261112042471,422.0849304199219,125411,0.0,0.0
2004-11-03 00:00:00+09:00,422.08493041992193,422.08493041992193,422.08493041992193,422.0849304199219,0,0.0,0.0
2004-11-04 00:00:00+09:00,416.8738596864641,416.8738596864641,402.1095873650774,414.2684020996094,177367,0.0,0.0
2004-11-05 00:00:00+09:00,414.26836387159847,422.0847359108805,408.188938071517,419.4792785644531,129353,0.0,0.0
2004-11-08 00:00:00+09:00,416.0054485678848,416.87392189723005,408.1890366532349,410.79449462890625,133295,0.0,0.0
2004-11-09 00:00:00+09:00,410.79449462890625,416.87392189723005,396.8986934335683,410.79449462890625,174143,0.0,0.0
2004-11-10 00:00:00+09:00,399.50411696436663,399.50411696436663,378.6604189504481,384.73980712890625,261213,0.0,0.0
2004-11-11 00:00:00+09:00,383.87134607933154,388.2137880511486,378.6604309082031,378.6604309082031,97820,0.0,0.0
2004-11-12 00:00:00+09:00,375.186503795057,378.6604729532997,373.4495192159356,377.7919616699219,154435,0.0,0.0
2004-11-15 00:00:00+09:00,384.7399284412363,387.3453867660495,375.18656858770777,376.9235534667969,152285,0.0,0.0
2004-11-16 00:00:00+09:00,381.2659356365887,383.8713935443129,369.9755927113606,373.44952392578125,169483,0.0,0.0
2004-11-17 00:00:00+09:00,372.58101747417027,372.58101747417027,365.63311767578125,365.63311767578125,92445,0.0,0.0
2004-11-18 00:00:00+09:00,365.6331882248172,373.44956276081496,365.6331882248172,371.7126159667969,124693,0.0,0.0
2004-11-19 00:00:00+09:00,376.0551571192382,376.0551571192382,368.2387425546503,375.1866455078125,89220,0.0,0.0
2004-11-22 00:00:00+09:00,375.1864282020872,375.1864282020872,363.89608769404,367.37005615234375,102479,0.0,0.0
2004-11-23 00:00:00+09:00,367.37005615234375,367.37005615234375,367.37005615234375,367.37005615234375,0,0.0,0.0
2004-11-24 00:00:00+09:00,367.37012122381213,370.84405230981906,364.76466341239853,366.50164794921875,86713,0.0,0.0
2004-11-25 00:00:00+09:00,371.7125052666204,375.18643580771965,366.5015904611578,370.843994140625,98178,0.0,0.0
2004-11-26 00:00:00+09:00,374.3180741454628,374.3180741454628,371.7126159667969,371.7126159667969,41206,0.0,0.0
2004-11-29 00:00:00+09:00,373.4495280036798,376.9234972436695,372.5810546875,372.5810546875,46940,0.0,0.0
2004-11-30 00:00:00+09:00,378.6604777288645,378.6604777288645,373.4495239257813,373.44952392578125,64138,0.0,0.0
2004-12-01 00:00:00+09:00,376.92345077905367,377.79192398817383,368.2385667373295,374.3179931640625,91371,0.0,0.0
2004-12-02 00:00:00+09:00,375.1865118912399,376.92349650784377,375.1865118912399,376.0550231933594,24008,0.0,0.0
2004-12-03 00:00:00+09:00,376.05508002107274,377.79202691252095,375.18656858770777,376.9235534667969,54821,0.0,0.0
2004-12-06 00:00:00+09:00,376.9236307430152,377.7921043667922,375.1866455078125,375.1866455078125,42639,0.0,0.0
2004-12-07 00:00:00+09:00,374.31803522011256,376.92349312783676,373.4495239257813,373.44952392578125,21499,0.0,0.0
2004-12-08 00:00:00+09:00,371.7125773123883,374.31803522011256,371.7125773123883,373.44952392578125,63423,0.0,0.0
2004-12-09 00:00:00+09:00,366.5016399146723,370.8440441800773,366.5016399146723,368.23858642578125,63779,0.0,0.0
2004-12-10 00:00:00+09:00,369.97551350225825,372.58097085217275,367.37005615234375,367.37005615234375,114303,0.0,0.0
2004-12-13 00:00:00+09:00,372.5810546875,375.1865126236747,367.37013881515077,372.5810546875,43715,0.0,0.0
2004-12-14 00:00:00+09:00,372.5810539601516,376.0550231933594,371.71258064566723,376.0550231933594,46581,0.0,0.0
2004-12-15 00:00:00+09:00,378.66045340054677,382.13438439177304,377.79194216201597,380.39739990234375,57330,0.0,0.0
2004-12-16 00:00:00+09:00,385.6084398746013,386.47691332032537,376.05508002107274,376.9235534667969,51238,0.0,0.0
2004-12-17 00:00:00+09:00,380.3974195447867,380.3974195447867,375.186503795057,377.7919616699219,27591,0.0,0.0
2004-12-20 00:00:00+09:00,381.2659606933594,384.7398921360866,373.4495484688579,381.2659606933594,75964,0.0,0.0
2004-12-21 00:00:00+09:00,381.26583478435964,387.3452222983883,377.79186650123637,382.1343078613281,67721,0.0,0.0
2004-12-22 00:00:00+09:00,385.60834844529523,389.95079061958677,383.00289073824666,388.21380615234375,115379,0.0,0.0
2004-12-23 00:00:00+09:00,388.21380615234375,388.21380615234375,388.21380615234375,388.21380615234375,0,0.0,0.0
2004-12-24 00:00:00+09:00,389.9508056640625,394.29321001825406,388.2138211298059,389.9508056640625,107136,0.0,0.0
2004-12-27 00:00:00+09:00,390.81919853236775,391.6876716270045,389.08221435546875,389.08221435546875,33681,0.0,0.0
2004-12-28 00:00:00+09:00,395.161713137563,396.8986596483995,389.9507976297885,391.687744140625,90653,0.0,0.0
2004-12-29 00:00:00+09:00,391.68776517536895,408.18902382790753,387.3453226898112,400.3726501464844,89220,0.0,0.0
2004-12-30 00:00:00+09:00,405.5835000163773,405.5835000163773,393.4246858255156,404.71502685546875,25440,0.0,0.0
2004-12-31 00:00:00+09:00,404.71502685546875,404.71502685546875,404.71502685546875,404.71502685546875,0,0.0,0.0
2005-01-03 00:00:00+09:00,404.71502685546875,404.71502685546875,404.71502685546875,404.71502685546875,0,0.0,0.0
2005-01-04 00:00:00+09:00,397.76722766631747,402.10967053848753,396.0302429199218,396.0302429199219,11823,0.0,0.0
2005-01-05 00:00:00+09:00,402.9781397133383,402.9781397133383,396.8987121582032,396.8987121582031,73096,0.0,0.0
2005-01-06 00:00:00+09:00,399.50415039062494,405.58353907774176,396.8986546817097,399.504150390625,125770,0.0,0.0
2005-01-07 00:00:00+09:00,399.5041768444267,402.9781080402921,397.7671922526767,400.3726501464844,73096,0.0,0.0
2005-01-10 00:00:00+09:00,400.37265014648443,400.37265014648443,400.37265014648443,400.3726501464844,0,0.0,0.0
2005-01-11 00:00:00+09:00,400.3726301116748,407.3205301433645,398.63564560684426,406.4520568847656,83487,0.0,0.0
2005-01-12 00:00:00+09:00,402.97800832706076,407.320449738121,401.24102416511164,405.5834655761719,64497,0.0,0.0
2005-01-13 00:00:00+09:00,408.188922825283,408.188922825283,403.84648141422275,405.5834655761719,82413,0.0,0.0
2005-01-14 00:00:00+09:00,406.4519615154908,409.0574186675798,399.50406311404544,407.3204345703125,140818,0.0,0.0
2005-01-17 00:00:00+09:00,414.2684722079173,414.2684722079173,407.32057147127375,409.05755615234375,110361,0.0,0.0
2005-01-18 00:00:00+09:00,413.39995260457766,413.39995260457766,407.3205633238897,410.79449462890625,111437,0.0,0.0
2005-01-19 00:00:00+09:00,416.87401473929293,416.87401473929293,401.24122541604845,402.97821044921875,188834,0.0,0.0
2005-01-20 00:00:00+09:00,408.1890601694152,408.1890601694152,392.5563114147686,396.0302429199219,202449,0.0,0.0
2005-01-21 00:00:00+09:00,399.5041086568556,399.5041086568556,392.5562094633612,393.4246826171875,158734,0.0,0.0
2005-01-24 00:00:00+09:00,390.8193664550781,398.6357416281343,389.95089298728584,390.8193664550781,155868,0.0,0.0
2005-01-25 00:00:00+09:00,395.1618097693233,395.1618097693233,386.476923140833,390.8193664550781,268379,0.0,0.0
2005-01-26 00:00:00+09:00,396.03014006629434,397.767124361575,392.5562094633612,393.4246826171875,58405,0.0,0.0
2005-01-27 00:00:00+09:00,397.767124361575,398.63559751540123,391.68769832190685,393.4246826171875,98537,0.0,0.0
2005-01-28 00:00:00+09:00,394.2932018945122,395.161713137563,390.8192708852068,391.687744140625,55539,0.0,0.0
2005-01-31 00:00:00+09:00,398.63559751540123,398.63559751540123,392.5562094633612,393.4246826171875,120754,0.0,0.0
2005-02-01 00:00:00+09:00,392.5562634716308,396.8986678258224,385.6083633222376,389.9508056640625,163752,0.0,0.0
2005-02-02 00:00:00+09:00,385.60834844529523,388.21380615234375,383.8713639780522,388.21380615234375,139026,0.0,0.0
2005-02-03 00:00:00+09:00,389.08230445275916,389.08230445275916,374.31803049931347,377.7919616699219,145836,0.0,0.0
2005-02-04 00:00:00+09:00,383.8713887030294,383.8713887030294,376.0550150784348,377.7919616699219,88146,0.0,0.0
2005-02-07 00:00:00+09:00,383.0028072888996,383.0028072888996,376.0549089213802,379.5288391113281,86355,0.0,0.0
2005-02-08 00:00:00+09:00,383.00298154978816,383.00298154978816,376.9235534667969,376.9235534667969,72022,0.0,0.0
2005-02-09 00:00:00+09:00,376.923420072083,379.5288774748143,368.2385367378937,370.843994140625,255838,0.0,0.0
2005-02-10 00:00:00+09:00,369.10708656879143,371.7125442447334,363.89613322927613,365.63311767578125,519919,0.0,0.0
2005-02-11 00:00:00+09:00,365.63311767578125,365.63311767578125,365.63311767578125,365.63311767578125,0,0.0,0.0
2005-02-14 00:00:00+09:00,364.7646376371052,366.50162205118517,358.6852111816406,358.6852111816406,465813,0.0,0.0
2005-02-15 00:00:00+09:00,360.42220232389735,368.23857535172317,360.42220232389735,365.63311767578125,439298,0.0,0.0
2005-02-16 00:00:00+09:00,371.7125355490714,376.05497756993344,369.1070779340802,374.3179931640625,367993,0.0,0.0
2005-02-17 00:00:00+09:00,375.1865118912399,376.0550231933594,371.71258064566723,376.0550231933594,192417,0.0,0.0
2005-02-18 00:00:00+09:00,373.4495239257813,376.05501982114026,372.5810506190848,373.44952392578125,107136,0.0,0.0
2005-02-21 00:00:00+09:00,377.7919705598493,377.7919705598493,371.7125813713202,372.5810546875,127202,0.0,0.0
2005-02-22 00:00:00+09:00,373.4494862841901,375.18647071013964,369.1070822007626,369.9755554199219,141535,0.0,0.0
2005-02-23 00:00:00+09:00,369.97555541992193,371.71253984587145,366.50162455565373,369.9755554199219,83487,0.0,0.0
2005-02-24 00:00:00+09:00,369.1071194046641,373.4495239257813,369.1071194046641,373.44952392578125,46581,0.0,0.0
2005-02-25 00:00:00+09:00,373.4494819673118,374.3179931640625,371.7125355490714,374.3179931640625,45148,0.0,0.0
2005-02-28 00:00:00+09:00,375.1866455078125,376.9236307430152,374.3181718840355,375.1866455078125,53747,0.0,0.0
2005-03-01 00:00:00+09:00,376.9235534667969,376.9235534667969,374.3180951419837,376.9235534667969,68080,0.0,0.0
2005-03-02 00:00:00+09:00,376.92349650784377,377.79196982232816,375.1865118912399,376.0550231933594,36905,0.0,0.0
2005-03-03 00:00:00+09:00,373.4495280036798,377.7919705598493,372.5810546875,372.5810546875,145477,0.0,0.0
2005-03-04 00:00:00+09:00,373.4495192159356,377.7919616699218,372.5810459201921,377.7919616699219,192058,0.0,0.0
2005-03-07 00:00:00+09:00,380.3974443601968,386.4768717898988,376.05503961056604,385.6083984375,275904,0.0,0.0
2005-03-08 00:00:00+09:00,383.00298650397957,386.4769183194526,383.00298650397957,383.8714599609375,193133,0.0,0.0
2005-03-09 00:00:00+09:00,383.8713793468417,389.08229496956454,383.8713793468417,386.4768371582031,141894,0.0,0.0
2005-03-10 00:00:00+09:00,387.3453426704406,396.03022808955285,386.47686932358397,394.2932434082031,357243,0.0,0.0
2005-03-11 00:00:00+09:00,398.6356944621662,398.6356944621662,390.8193202139316,392.5563049316406,324995,0.0,0.0
2005-03-14 00:00:00+09:00,392.55630493164057,394.2932516617123,391.6877935789674,392.5563049316406,104629,0.0,0.0
2005-03-15 00:00:00+09:00,393.42477829667644,395.1617630143855,391.6877935789674,392.5563049316406,169126,0.0,0.0
2005-03-16 00:00:00+09:00,392.5562094633612,398.63559751540123,392.5562094633612,393.4246826171875,140818,0.0,0.0
2005-03-17 00:00:00+09:00,392.5563155285623,398.63570522319895,391.68780415244396,395.1617736816406,122186,0.0,0.0
2005-03-18 00:00:00+09:00,393.4247847941474,398.6357010456963,393.4247847941474,396.0302429199219,122545,0.0,0.0
2005-03-21 00:00:00+09:00,396.0302429199218,396.0302429199218,396.0302429199218,396.0302429199219,0,0.0,0.0
2005-03-22 00:00:00+09:00,396.89870058144027,398.63568525904833,395.16175389146866,397.7672119140625,87429,0.0,0.0
2005-03-23 00:00:00+09:00,396.03018143715934,404.7150658331914,396.03018143715934,399.504150390625,280205,0.0,0.0
2005-03-24 00:00:00+09:00,394.29326230552226,398.63570522319895,394.29326230552226,395.1617736816406,120036,0.0,0.0
2005-03-25 00:00:00+09:00,400.37265014648443,400.37265014648443,397.7671922526767,400.3726501464844,77038,0.0,0.0
2005-03-28 00:00:00+09:00,406.45683295535883,413.6507609427453,406.45683295535883,412.7514953613281,60555,22.0,0.0
2005-03-29 00:00:00+09:00,411.85223312798286,413.6507248008876,409.1545152850191,410.0537414550781,65571,0.0,0.0
2005-03-30 00:00:00+09:00,402.85992909205436,407.35613989136,401.9607026653124,405.5576477050781,64497,0.0,0.0
2005-03-31 00:00:00+09:00,402.8599683718273,410.953125,402.8599683718273,410.953125,74529,0.0,0.0
2005-04-01 00:00:00+09:00,404.6583968160887,413.65081787109375,404.6583968160887,413.65081787109375,54106,0.0,0.0
2005-04-04 00:00:00+09:00,406.4568639225049,419.0462290263925,406.4568639225049,416.3485107421875,76320,0.0,0.0
2005-04-05 00:00:00+09:00,416.3484901468984,420.84470017575944,414.5499982687958,419.9454345703125,105703,0.0,0.0
2005-04-06 00:00:00+09:00,420.8448269539547,428.03871796792026,420.8448269539547,424.4417724609375,135086,0.0,0.0
2005-04-07 00:00:00+09:00,419.94558705868224,424.44179872018333,419.94558705868224,421.74407958984375,114303,0.0,0.0
2005-04-08 00:00:00+09:00,419.0462082976568,423.54241832651786,419.0462082976568,419.9454345703125,83487,0.0,0.0
2005-04-11 00:00:00+09:00,414.55001877511984,419.9454553435298,414.55001877511984,416.3485107421875,113228,0.0,0.0
2005-04-12 00:00:00+09:00,416.3485363210362,416.3485363210362,412.75155216591594,413.65081787109375,101046,0.0,0.0
2005-04-13 00:00:00+09:00,412.7514953613281,415.4492134399993,412.7514953613281,412.7514953613281,112870,0.0,0.0
2005-04-14 00:00:00+09:00,408.25533055219927,410.0538225809212,399.26294907417883,402.8598937988281,84922,0.0,0.0
2005-04-15 00:00:00+09:00,395.66585239220143,398.3635700009936,389.371191082614,392.06890869140625,174501,0.0,0.0
2005-04-18 00:00:00+09:00,388.472088332818,388.472088332818,376.7819475775471,377.68121337890625,123619,0.0,0.0
2005-04-19 00:00:00+09:00,376.78192670899705,388.47206681679455,376.78192670899705,383.0766296386719,145477,0.0,0.0
2005-04-20 00:00:00+09:00,390.27068733569683,390.27068733569683,383.975982335878,385.77447509765625,134369,0.0,0.0
2005-04-21 00:00:00+09:00,386.67360064732424,389.3713587505867,377.68121785671684,378.5804443359375,132936,0.0,0.0
2005-04-22 00:00:00+09:00,386.6735888798154,393.86751849305097,384.87513597610575,391.1697998046875,155150,0.0,0.0
2005-04-25 00:00:00+09:00,400.16216441925286,400.16216441925286,392.9682358349646,393.8674621582031,142253,0.0,0.0
2005-04-26 00:00:00+09:00,401.0613293335777,401.0613293335777,393.867401850795,395.6658935546875,69154,0.0,0.0
2005-04-27 00:00:00+09:00,388.47208111632403,395.6660107295596,384.87513597610575,391.1697998046875,155509,0.0,0.0
2005-04-28 00:00:00+09:00,391.1696839613499,398.36361144413263,385.7742481824597,395.6658935546875,85637,0.0,0.0
2005-04-29 00:00:00+09:00,395.6658935546875,395.6658935546875,395.6658935546875,395.6658935546875,0,0.0,0.0
2005-05-02 00:00:00+09:00,390.27045777579735,398.36361144413263,390.27045777579735,395.6658935546875,49447,0.0,0.0
2005-05-03 00:00:00+09:00,395.6658935546875,395.6658935546875,395.6658935546875,395.6658935546875,0,0.0,0.0
2005-05-04 00:00:00+09:00,395.6658935546875,395.6658935546875,395.6658935546875,395.6658935546875,0,0.0,0.0
2005-05-05 00:00:00+09:00,395.6658935546875,395.6658935546875,395.6658935546875,395.6658935546875,0,0.0,0.0
2005-05-06 00:00:00+09:00,402.8599197652986,403.7591855040193,398.3637090700864,401.960693359375,54821,0.0,0.0
2005-05-09 00:00:00+09:00,401.96069763304735,404.6584162122976,394.76676831078083,401.0614318847656,67721,0.0,0.0
2005-05-10 00:00:00+09:00,400.16220546928133,401.96069763304735,399.2629790537971,401.0614318847656,45863,0.0,0.0
2005-05-11 00:00:00+09:00,393.8674932961552,399.2629696605162,393.8674932961552,397.4644775390625,70230,0.0,0.0
2005-05-12 00:00:00+09:00,394.76678486044585,397.4645035527916,393.86751907446455,396.5652770996094,40132,0.0,0.0
2005-05-13 00:00:00+09:00,394.7667751424973,394.7667751424973,389.371337890625,389.371337890625,59481,0.0,0.0
2005-05-16 00:00:00+09:00,389.3714606212129,392.06918009747517,382.17752890691014,385.77447509765625,40489,0.0,0.0
2005-05-17 00:00:00+09:00,383.97578485058534,386.67350293936516,377.6811224210292,379.4796142578125,72022,0.0,0.0
2005-05-18 00:00:00+09:00,379.4796843707548,385.77434796331755,378.580418619819,381.27813720703125,77038,0.0,0.0
2005-05-19 00:00:00+09:00,382.1773681640625,387.57280484727977,377.6811578171168,382.1773681640625,49090,0.0,0.0
2005-05-20 00:00:00+09:00,386.67350293936516,386.67350293936516,379.4796142578125,379.4796142578125,44072,0.0,0.0
2005-05-23 00:00:00+09:00,379.4796298254774,389.3712763343923,377.6811379149133,387.5727844238281,155150,0.0,0.0
2005-05-24 00:00:00+09:00,388.47207619811405,388.47207619811405,383.97586533016573,386.673583984375,42280,0.0,0.0
2005-05-25 00:00:00+09:00,388.47199477614845,388.47199477614845,378.5803486730257,379.4796142578125,48372,0.0,0.0
2005-05-26 00:00:00+09:00,383.0766296386719,384.87512180897863,381.2781374683651,383.0766296386719,39773,0.0,0.0
2005-05-27 00:00:00+09:00,385.7744750976563,391.16991405018075,385.7744750976563,385.77447509765625,43715,0.0,0.0
2005-05-30 00:00:00+09:00,387.5729678594346,392.9684068119591,383.07675562139406,385.77447509765625,61988,0.0,0.0
2005-05-31 00:00:00+09:00,390.270564321671,393.86750937865315,383.9758613059545,389.371337890625,150493,0.0,0.0
2005-06-01 00:00:00+09:00,390.27045777579735,398.36361144413263,386.67347436801225,395.6658935546875,190982,0.0,0.0
2005-06-02 00:00:00+09:00,397.464508227963,401.0614534158,396.56528176420363,399.26300048828125,123261,0.0,0.0
2005-06-03 00:00:00+09:00,399.26293809601435,402.8598827217618,387.5727992299468,393.8674621582031,136160,0.0,0.0
2005-06-06 00:00:00+09:00,392.9682829476072,394.7667751424973,388.4720721267808,389.371337890625,123978,0.0,0.0
2005-06-07 00:00:00+09:00,389.37134218978883,392.06906084551133,385.7743577602932,388.4720764160156,118603,0.0,0.0
2005-06-08 00:00:00+09:00,384.8751215451793,386.67357438145575,380.378910788893,381.27813720703125,151211,0.0,0.0
2005-06-09 00:00:00+09:00,383.9758560574264,384.87512180897863,382.1774032199173,383.0766296386719,56613,0.0,0.0
2005-06-10 00:00:00+09:00,383.07657327410135,385.7742914662297,383.07657327410135,383.9757995605469,96028,0.0,0.0
2005-06-13 00:00:00+09:00,383.07662937610525,385.77434796331755,380.378910788893,381.27813720703125,74172,0.0,0.0
2005-06-14 00:00:00+09:00,381.2781632471307,383.97588201858866,380.3789367675781,380.3789367675781,62705,0.0,0.0
2005-06-15 00:00:00+09:00,384.8752483831724,388.4721945739185,383.07675562139406,385.77447509765625,84922,0.0,0.0
2005-06-16 00:00:00+09:00,388.4721945739185,388.4721945739185,384.8752483831724,385.77447509765625,69154,0.0,0.0
2005-06-17 00:00:00+09:00,388.4720764160156,392.06906084551133,386.6735842012678,388.4720764160156,99254,0.0,0.0
2005-06-20 00:00:00+09:00,397.46434390899066,398.3635700009936,390.270417174617,392.06890869140625,112870,0.0,0.0
2005-06-21 00:00:00+09:00,395.66607238019236,395.66607238019236,390.2706341627763,392.9683532714844,67362,0.0,0.0
2005-06-22 00:00:00+09:00,395.66599051951846,402.8599197652986,393.8674983748742,401.960693359375,203882,0.0,0.0
2005-06-23 00:00:00+09:00,406.4570315270443,406.4570315270443,401.96081942173663,404.6585388183594,115020,0.0,0.0
2005-06-24 00:00:00+09:00,402.8598937988281,404.65838582755003,395.6659650167351,402.8598937988281,63779,0.0,0.0
2005-06-27 00:00:00+09:00,404.6584119099429,404.6584119099429,401.06142762065434,401.960693359375,75605,0.0,0.0
2005-06-28 00:00:00+09:00,402.8598210374702,404.65831274136275,392.0689494796899,395.6658935546875,312454,0.0,0.0
2005-06-29 00:00:00+09:00,399.26294907417883,404.65838582755003,394.7667386687714,402.8598937988281,119677,0.0,0.0
2005-06-30 00:00:00+09:00,401.0614318847656,401.96069763304735,399.2629790537971,401.0614318847656,52314,0.0,0.0
2005-07-01 00:00:00+09:00,401.06142762065434,402.8599197652986,401.06142762065434,401.960693359375,28306,0.0,0.0
2005-07-04 00:00:00+09:00,403.7593121304216,406.4570315270443,401.0615534009895,404.6585388183594,75605,0.0,0.0
2005-07-05 00:00:00+09:00,401.960693359375,403.7591855040193,401.960693359375,401.960693359375,17557,0.0,0.0
2005-07-06 00:00:00+09:00,401.96069364509293,403.7591857910156,401.96069364509293,403.7591857910156,35473,0.0,0.0
2005-07-07 00:00:00+09:00,402.8598937988281,404.65838582755003,401.96066745086443,402.8598937988281,46222,0.0,0.0
2005-07-08 00:00:00+09:00,401.0614017701062,405.5576121755137,401.0614017701062,402.8598937988281,92803,0.0,0.0
2005-07-11 00:00:00+09:00,402.8598937988281,407.3561042042356,399.26294907417883,402.8598937988281,58048,0.0,0.0
2005-07-12 00:00:00+09:00,400.1623267130517,405.5577655062972,400.1623267130517,404.6585388183594,28306,0.0,0.0
2005-07-13 00:00:00+09:00,404.6584212783362,405.5576477050781,404.6584212783362,405.5576477050781,63064,0.0,0.0
2005-07-14 00:00:00+09:00,404.6585388183594,406.4570315270443,401.0615534009895,404.6585388183594,59122,0.0,0.0
2005-07-15 00:00:00+09:00,406.4569091796875,409.15462776427154,405.5576434296278,406.4569091796875,43715,0.0,0.0
2005-07-18 00:00:00+09:00,406.4569091796875,406.4569091796875,406.4569091796875,406.4569091796875,0,0.0,0.0
2005-07-19 00:00:00+09:00,406.4568223588007,409.15454036714084,406.4568223588007,407.3560485839844,13615,0.0,0.0
2005-07-20 00:00:00+09:00,410.0537414550781,410.0537414550781,407.35602361211437,410.0537414550781,76679,0.0,0.0
2005-07-21 00:00:00+09:00,408.25540612394246,410.953125,408.25540612394246,410.953125,43715,0.0,0.0
2005-07-22 00:00:00+09:00,410.95306463322447,417.2477673079024,409.15461186857027,414.550048828125,101046,0.0,0.0
2005-07-25 00:00:00+09:00,421.7439473105975,421.7439473105975,411.85230049091484,416.3485107421875,67721,0.0,0.0
2005-07-26 00:00:00+09:00,421.74407979059777,421.74407979059777,415.4493755949388,418.1470947265625,101761,0.0,0.0
2005-07-27 00:00:00+09:00,418.14700826024597,428.03865614169536,418.14700826024597,422.6432189941406,89579,0.0,0.0
2005-07-28 00:00:00+09:00,424.4417986204511,426.24029115119004,423.5425720214843,423.5425720214844,18633,0.0,0.0
2005-07-29 00:00:00+09:00,422.643240335077,423.5425061269419,419.0462951660156,419.0462951660156,123619,0.0,0.0
2005-08-01 00:00:00+09:00,419.9455004203633,422.6432189941406,419.0462740067033,422.6432189941406,38697,0.0,0.0
2005-08-02 00:00:00+09:00,421.7439264484152,422.6431527210709,417.24771641955414,419.9454345703125,40847,0.0,0.0
2005-08-03 00:00:00+09:00,419.94552162508114,419.94552162508114,418.14702937415075,419.0462951660156,26873,0.0,0.0
2005-08-04 00:00:00+09:00,418.1469936902295,418.1469936902295,410.95306463322447,414.550048828125,37264,0.0,0.0
2005-08-05 00:00:00+09:00,410.0537414550781,414.5499509709466,408.25524978217334,410.0537414550781,64497,0.0,0.0
2005-08-08 00:00:00+09:00,402.8598745409246,413.6507868646236,402.8598745409246,411.852294921875,45148,0.0,0.0
2005-08-09 00:00:00+09:00,413.65077199614,423.54241832651786,413.65077199614,419.9454345703125,35114,0.0,0.0
2005-08-10 00:00:00+09:00,421.7440233134612,428.9379531453633,420.8447968342735,426.240234375,74172,0.0,0.0
2005-08-11 00:00:00+09:00,426.24021313283197,429.837158203125,422.6432287297406,429.837158203125,48731,0.0,0.0
2005-08-12 00:00:00+09:00,431.63567191572656,431.63567191572656,425.3409685630121,426.240234375,50164,0.0,0.0
2005-08-15 00:00:00+09:00,427.13951805384517,429.8372371854689,418.1470947265625,418.1470947265625,66288,0.0,0.0
2005-08-16 00:00:00+09:00,422.6432245178318,434.3333647121816,419.0462794833846,430.7364196777344,106062,0.0,0.0
2005-08-17 00:00:00+09:00,431.6355844345442,431.6355844345442,427.1393742842689,428.9378662109375,44072,0.0,0.0
2005-08-18 00:00:00+09:00,429.83717962455097,429.83717962455097,423.5425156046368,426.240234375,45863,0.0,0.0
2005-08-19 00:00:00+09:00,426.240234375,428.9379531453633,425.3409685630121,426.240234375,70230,0.0,0.0
2005-08-22 00:00:00+09:00,433.43408203125,435.23253464865303,431.63559008105415,433.43408203125,57689,0.0,0.0
2005-08-23 00:00:00+09:00,430.7363983125999,435.2325695494429,429.83713259899446,432.53485107421875,49805,0.0,0.0
2005-08-24 00:00:00+09:00,435.2325145566743,440.62799015818626,434.33328828948447,438.8294982910156,86355,0.0,0.0
2005-08-25 00:00:00+09:00,442.4263867981163,445.1241045916575,438.82944285099006,441.52716064453125,74529,0.0,0.0
2005-08-26 00:00:00+09:00,446.9227292357339,446.9227292357339,441.5272920429705,445.1242370605469,87429,0.0,0.0
2005-08-29 00:00:00+09:00,441.52734817152367,444.2250671108492,440.6281216360161,442.42657470703125,50881,0.0,0.0
2005-08-30 00:00:00+09:00,440.62793527781315,445.12410538655365,440.62793527781315,443.3256530761719,28306,0.0,0.0
2005-08-31 00:00:00+09:00,443.3258101473053,446.0235289014706,442.4265443407168,444.22503662109375,31174,0.0,0.0
2005-09-01 00:00:00+09:00,446.02350281453926,446.9227292357339,444.2250106393522,445.1242370605469,34398,0.0,0.0
2005-09-02 00:00:00+09:00,446.02352920278315,448.72124795877096,446.02352920278315,447.822021484375,48731,0.0,0.0
2005-09-05 00:00:00+09:00,449.6204789247853,449.6204789247853,447.8220259580272,448.72125244140625,49447,0.0,0.0
2005-09-06 00:00:00+09:00,449.6204789247853,451.4189712243437,447.8220259580272,448.72125244140625,57689,0.0,0.0
2005-09-07 00:00:00+09:00,449.6204528808594,451.4189450762415,449.6204528808594,449.6204528808594,71304,0.0,0.0
2005-09-08 00:00:00+09:00,451.4189712243437,453.21746352390215,448.72125244140625,448.72125244140625,94595,0.0,0.0
2005-09-09 00:00:00+09:00,451.41897594335927,453.2174682617187,449.62048362499985,453.21746826171875,214990,0.0,0.0
2005-09-12 00:00:00+09:00,453.2174422599825,455.0158951423612,452.3181764859945,454.1166687011719,64138,0.0,0.0
2005-09-13 00:00:00+09:00,454.1166687011719,455.0158951423612,453.2174422599825,454.1166687011719,46222,0.0,0.0
2005-09-14 00:00:00+09:00,455.0159606933593,456.814453167633,454.1167341226246,455.0159606933594,60914,0.0,0.0
2005-09-15 00:00:00+09:00,456.814453167633,456.814453167633,452.3182416483509,455.0159606933594,78829,0.0,0.0
2005-09-16 00:00:00+09:00,455.0159606933593,455.0159606933593,453.2175075518899,455.0159606933594,67006,0.0,0.0
2005-09-19 00:00:00+09:00,455.0159606933593,455.0159606933593,455.0159606933593,455.0159606933594,0,0.0,0.0
2005-09-20 00:00:00+09:00,456.8143573319941,458.6128494289599,455.01586523502823,457.713623046875,55898,0.0,0.0
2005-09-21 00:00:00+09:00,460.41129473306495,464.00823922863333,458.61280281888475,462.2097473144531,32966,0.0,0.0
2005-09-22 00:00:00+09:00,467.6052807938303,467.6052807938303,459.5120858471207,464.9075622558594,96745,0.0,0.0
2005-09-23 00:00:00+09:00,464.9075622558594,464.9075622558594,464.9075622558594,464.9075622558594,0,0.0,0.0
2005-09-26 00:00:00+09:00,468.5045213706412,476.5976772294207,449.62045170069115,471.2022399902344,123978,0.0,0.0
2005-09-27 00:00:00+09:00,592.100805519751,609.1679908456199,569.7821417445209,593.4136352539062,52752,10.0,1.2
2005-09-28 00:00:00+09:00,598.6650624951632,605.2293701171875,594.7264539950396,605.2293701171875,55987,0.0,0.0
2005-09-29 00:00:00+09:00,865.8588305615211,880.9830322265625,858.2967297290005,880.9830322265625,48556,0.0,0.0
2005-09-30 00:00:00+09:00,882.8734052595811,882.8734052595811,841.2818986670775,867.7492065429688,48902,0.0,0.0
2005-10-03 00:00:00+09:00,869.6400867477677,869.6400867477677,835.6106663881899,860.1874389648438,38188,0.0,0.0
2005-10-04 00:00:00+09:00,850.7346422453944,856.4061974879751,820.4862412764705,846.9535522460938,53395,0.0,0.0
2005-10-05 00:00:00+09:00,845.0629843569562,856.406093464323,839.3913500469123,848.843994140625,94867,0.0,0.0
2005-10-06 00:00:00+09:00,843.1725652996772,850.7346657508459,841.2820202477919,845.0631103515625,35596,0.0,0.0
2005-10-07 00:00:00+09:00,850.734442337075,850.734442337075,839.3912547610022,841.2817993164062,26092,0.0,0.0
2005-10-10 00:00:00+09:00,841.2817993164062,841.2817993164062,841.2817993164062,841.2817993164062,0,0.0,0.0
2005-10-11 00:00:00+09:00,871.5303331210227,871.5303331210227,841.2820113911607,852.6251220703125,57888,0.0,0.0
2005-10-12 00:00:00+09:00,862.0776594142321,867.7492140428906,856.4061047855737,858.2965698242188,39571,0.0,0.0
2005-10-13 00:00:00+09:00,846.9534493706104,856.406093464323,843.1724395869417,848.843994140625,61344,0.0,0.0
2005-10-14 00:00:00+09:00,848.8438914937566,854.5154453616045,843.1723376259087,850.7344360351562,44064,0.0,0.0
2005-10-17 00:00:00+09:00,863.9681927880212,863.9681927880212,843.1724395869417,848.843994140625,45619,0.0,0.0
2005-10-18 00:00:00+09:00,854.5156524883248,854.5156524883248,843.1725420031635,846.9535522460938,39571,0.0,0.0
2005-10-19 00:00:00+09:00,852.6251310463588,852.6251310463588,839.3914751959067,845.0631103515625,34905,0.0,0.0
2005-10-20 00:00:00+09:00,858.2965698242188,862.0776594142321,848.8440053619086,858.2965698242188,35769,0.0,0.0
2005-10-21 00:00:00+09:00,831.8294315180021,848.8440972457441,831.8294315180021,846.9535522460938,63244,0.0,0.0
2005-10-24 00:00:00+09:00,833.7197650900429,841.2818641379746,833.7197650900429,837.5008544921875,25920,0.0,0.0
2005-10-25 00:00:00+09:00,852.6249667961639,890.4353820118137,850.7345018648314,869.6397094726562,69984,0.0,0.0
2005-10-26 00:00:00+09:00,869.6397665002215,877.2018659905158,863.9682118215915,873.4207763671875,49939,0.0,0.0
2005-10-27 00:00:00+09:00,877.20200751903,877.20200751903,862.0778060982902,875.3114624023438,34732,0.0,0.0
2005-10-28 00:00:00+09:00,875.3113207285634,924.4648477556459,863.9682113771386,920.683837890625,113875,0.0,0.0
2005-10-31 00:00:00+09:00,905.5593599630959,918.7930100486279,905.5593599630959,916.9024658203125,34732,0.0,0.0
2005-11-01 00:00:00+09:00,907.4502292359292,918.793339156196,907.4502292359292,915.0123291015625,13305,0.0,0.0
2005-11-02 00:00:00+09:00,909.3406297934655,913.1217193358898,882.8734017782988,896.1070556640625,35251,0.0,0.0
2005-11-03 00:00:00+09:00,896.1070556640625,896.1070556640625,896.1070556640625,896.1070556640625,0,0.0,0.0
2005-11-04 00:00:00+09:00,903.6690752361898,905.5596200074019,888.5449563355745,896.1070556640625,29030,0.0,0.0
2005-11-07 00:00:00+09:00,899.8883826718854,899.8883826718854,882.873713002177,886.6547241210938,23155,0.0,0.0
2005-11-08 00:00:00+09:00,894.2162522049887,894.2162522049887,880.9826021475883,884.7636108398438,29030,0.0,0.0
2005-11-09 00:00:00+09:00,897.9974074523947,918.7931580445558,892.3258536102327,909.3405151367188,62899,0.0,0.0
2005-11-10 00:00:00+09:00,907.4500122070312,916.9025749610903,892.3258160929201,907.4500122070312,25401,0.0,0.0
2005-11-11 00:00:00+09:00,922.5742275560469,954.7130879297389,922.5742275560469,937.6984252929688,170035,0.0,0.0
2005-11-14 00:00:00+09:00,937.6983285570811,945.2604266454124,922.5741323804187,930.13623046875,65836,0.0,0.0
2005-11-15 00:00:00+09:00,907.450156892377,915.012256155146,901.7786023843901,903.6690673828125,62380,0.0,0.0
2005-11-16 00:00:00+09:00,899.8881373722467,911.2312473933782,882.8734723405495,905.5596923828125,54604,0.0,0.0
2005-11-17 00:00:00+09:00,905.5594038279147,913.1215013511423,899.8878506245793,911.23095703125,33177,0.0,0.0
2005-11-18 00:00:00+09:00,911.2311935935295,922.5743029449544,901.7786290527962,920.683837890625,45446,0.0,0.0
2005-11-21 00:00:00+09:00,922.5746088981632,922.5746088981632,886.6547241210939,886.6547241210938,128217,0.0,0.0
2005-11-22 00:00:00+09:00,890.435421350426,909.3406297934655,890.435421350426,896.1070556640625,61689,0.0,0.0
2005-11-23 00:00:00+09:00,896.1070556640625,896.1070556640625,896.1070556640625,896.1070556640625,0,0.0,0.0
2005-11-24 00:00:00+09:00,896.106976173696,897.9974410208514,862.0775720923046,865.8585815429688,185241,0.0,0.0
2005-11-25 00:00:00+09:00,875.3113019425768,880.982856496566,862.0776480644819,871.5302124023438,80352,0.0,0.0
2005-11-28 00:00:00+09:00,884.7638591040696,922.5742756615554,884.7638591040696,903.6690673828125,146534,0.0,0.0
2005-11-29 00:00:00+09:00,924.4647722122511,941.4794348490213,915.0122084439417,937.6984252929688,155865,0.0,0.0
2005-11-30 00:00:00+09:00,967.9469183762801,1011.4288951420884,967.9469183762801,969.8374633789062,399859,0.0,0.0
2005-12-01 00:00:00+09:00,983.070995826324,1018.9908678416436,983.070995826324,1017.1004028320312,197683,0.0,0.0
2005-12-02 00:00:00+09:00,1028.4434260011549,1077.5969477593815,1024.6623367850736,1047.3486328125,315878,0.0,0.0
2005-12-05 00:00:00+09:00,1077.597159885113,1085.1592600495262,1024.6625384905888,1043.5677490234375,174355,0.0,0.0
2005-12-06 00:00:00+09:00,1017.1002966365469,1043.5675218149192,1013.3192074993851,1022.7718505859375,109555,0.0,0.0
2005-12-07 00:00:00+09:00,1011.4287679500416,1039.786620397815,973.6183511905836,992.5235595703125,120614,0.0,0.0
2005-12-08 00:00:00+09:00,994.4143256039341,998.1954159750327,960.3849110459378,977.399658203125,87782,0.0,0.0
2005-12-09 00:00:00+09:00,977.399658203125,977.399658203125,977.399658203125,977.399658203125,0,0.0,0.0
2005-12-12 00:00:00+09:00,1028.443691720042,1028.443691720042,1001.9763793945312,1001.9763793945312,76723,0.0,0.0
2005-12-13 00:00:00+09:00,1047.3488477682608,1049.2393927643132,1028.4436370768485,1036.0057373046875,141177,0.0,0.0
2005-12-14 00:00:00+09:00,1039.7867475404219,1043.5677577761564,1034.1151923086352,1036.0057373046875,130982,0.0,0.0
2005-12-15 00:00:00+09:00,1036.0057373046875,1047.3488477682608,1034.1151923086352,1036.0057373046875,195782,0.0,0.0
2005-12-16 00:00:00+09:00,1037.896045482403,1039.7865901923642,1015.2098279882994,1028.4434814453125,131500,0.0,0.0
2005-12-19 00:00:00+09:00,1039.786544357895,1039.786544357895,1022.7718819873347,1034.114990234375,64281,0.0,0.0
2005-12-20 00:00:00+09:00,1036.0056992281372,1039.7867093249074,1020.8814993283224,1032.224609375,87782,0.0,0.0
2005-12-21 00:00:00+09:00,1039.7866630064148,1039.7866630064148,1030.334098307381,1037.8961181640625,49766,0.0,0.0
2005-12-22 00:00:00+09:00,1037.8961181640625,1037.8961181640625,1037.8961181640625,1037.8961181640625,0,0.0,0.0
2005-12-23 00:00:00+09:00,1037.8961181640625,1037.8961181640625,1037.8961181640625,1037.8961181640625,0,0.0,0.0
2005-12-26 00:00:00+09:00,1037.8961181640625,1037.8961181640625,1037.8961181640625,1037.8961181640625,0,0.0,0.0
2005-12-27 00:00:00+09:00,1020.8814776838761,1020.8814776838761,1011.4288330078125,1011.4288330078125,43372,0.0,0.0
2005-12-28 00:00:00+09:00,1011.4290397352654,1018.9911410704722,1001.9764728835434,1009.53857421875,39571,0.0,0.0
2005-12-29 00:00:00+09:00,1003.8667489829429,1028.443511915147,1003.8667489829429,1017.1004028320312,39571,0.0,0.0
2005-12-30 00:00:00+09:00,1024.6626015270408,1024.6626015270408,998.1953689579045,1001.9763793945312,39225,0.0,0.0
2006-01-02 00:00:00+09:00,1001.9763793945312,1001.9763793945312,1001.9763793945312,1001.9763793945312,0,0.0,0.0
2006-01-03 00:00:00+09:00,1001.9763793945312,1001.9763793945312,1001.9763793945312,1001.9763793945312,0,0.0,0.0
2006-01-04 00:00:00+09:00,1013.31924519488,1034.114996953816,1005.7571463955982,1024.662353515625,30240,0.0,0.0
2006-01-05 00:00:00+09:00,1024.6623153981664,1032.224413916138,1020.8813060173567,1022.7718505859375,45619,0.0,0.0
2006-01-06 00:00:00+09:00,1018.9907927340851,1041.67708898452,1013.3192386105649,1034.114990234375,83462,0.0,0.0
2006-01-09 00:00:00+09:00,1034.114990234375,1034.114990234375,1034.114990234375,1034.114990234375,0,0.0,0.0
2006-01-10 00:00:00+09:00,1054.910745582472,1056.8012104594163,1030.333984375,1030.333984375,96595,0.0,0.0
2006-01-11 00:00:00+09:00,1022.7718855981576,1036.005538518543,1013.3192421880159,1030.333984375,67737,0.0,0.0
2006-01-12 00:00:00+09:00,1026.5528981545342,1030.3339874323526,1009.5382356734166,1024.662353515625,81734,0.0,0.0
2006-01-13 00:00:00+09:00,1013.3192074993851,1030.3339491039092,1009.5381981185753,1022.7718505859375,80006,0.0,0.0
2006-01-16 00:00:00+09:00,1053.0205977199391,1053.0205977199391,1039.7869398132043,1045.45849609375,121132,0.0,0.0
2006-01-17 00:00:00+09:00,1047.3488477682608,1066.2540584596734,1036.0057373046875,1036.0057373046875,229132,0.0,0.0
2006-01-18 00:00:00+09:00,1034.115146650696,1034.115146650696,892.3260328471481,975.5089721679688,175737,0.0,0.0
2006-01-19 00:00:00+09:00,975.5090530762255,1003.8669100914689,975.5090530762255,996.3048095703125,120096,0.0,0.0
2006-01-20 00:00:00+09:00,1026.552974714973,1028.4435194948794,984.9615478515625,984.9615478515625,123206,0.0,0.0
2006-01-23 00:00:00+09:00,979.2897812432407,981.1802458574836,933.9172746435696,935.8077392578125,156211,0.0,0.0
2006-01-24 00:00:00+09:00,935.8081564493915,967.9470262954375,935.8081564493915,964.166015625,121305,0.0,0.0
2006-01-25 00:00:00+09:00,969.8374036918776,977.399503480615,945.2606391957555,947.1511840820312,106444,0.0,0.0
2006-01-26 00:00:00+09:00,958.4944881405173,967.9470549748721,952.8229320886281,956.6039428710938,67392,0.0,0.0
2006-01-27 00:00:00+09:00,1017.1004028320312,1028.443511915147,986.852005601909,1017.1004028320312,140313,0.0,0.0
2006-01-30 00:00:00+09:00,1032.2245447504858,1032.2245447504858,1013.3193359374999,1013.3193359375,95558,0.0,0.0
2006-01-31 00:00:00+09:00,1011.4286793722333,1015.2097685708592,990.6330078052046,1000.0855712890625,106272,0.0,0.0
2006-02-01 00:00:00+09:00,996.30456184679,1009.5382145292738,990.6330078052046,1000.0855712890625,114048,0.0,0.0
2006-02-02 00:00:00+09:00,1011.4288330078125,1015.2099227807842,1001.9762680881142,1011.4288330078125,132364,0.0,0.0
2006-02-03 00:00:00+09:00,1015.2099227807842,1030.3341223599398,998.195258071508,1011.4288330078125,143424,0.0,0.0
2006-02-06 00:00:00+09:00,1026.5530325869681,1026.5530325869681,1005.7572781047204,1011.4288330078125,76032,0.0,0.0
2006-02-07 00:00:00+09:00,1015.2101302810597,1017.1006755539569,1003.8670181564404,1009.53857421875,87436,0.0,0.0
2006-02-08 00:00:00+09:00,1001.9766275101207,1003.8671730747698,971.7282972577065,983.0714111328125,175910,0.0,0.0
2006-02-09 00:00:00+09:00,984.9612201756848,1005.7568868109289,984.9612201756848,986.8516845703125,120960,0.0,0.0
2006-02-10 00:00:00+09:00,988.742542267041,996.3046415126148,967.9467892808033,979.2899780273438,350784,0.0,0.0
2006-02-13 00:00:00+09:00,979.2898281647292,979.2898281647292,915.0121140484349,930.13623046875,168998,0.0,0.0
2006-02-14 00:00:00+09:00,915.0120489315345,954.71292149635,911.2309602782767,939.5888061523438,95904,0.0,0.0
2006-02-15 00:00:00+09:00,966.0562799344993,966.0562799344993,928.2458651988876,933.9174194335938,124588,0.0,0.0
2006-02-16 00:00:00+09:00,939.5889647241593,941.4794296134949,915.0122033555984,918.793212890625,46828,0.0,0.0
2006-02-17 00:00:00+09:00,903.6689612945568,924.4647118867177,903.6689612945568,909.3405151367188,95040,0.0,0.0
2006-02-20 00:00:00+09:00,918.7932738931655,924.4648284504414,896.1070556640625,896.1070556640625,101433,0.0,0.0
2006-02-21 00:00:00+09:00,884.7639375064934,922.5743574145097,884.7639375064934,905.5596923828125,81043,0.0,0.0
2006-02-22 00:00:00+09:00,915.0123711642824,932.0270368268392,909.3407361870602,913.121826171875,48902,0.0,0.0
2006-02-23 00:00:00+09:00,915.0120489315345,958.4940101496078,915.0120489315345,939.5888061523438,39398,0.0,0.0
2006-02-24 00:00:00+09:00,960.3844747198949,960.3844747198949,928.2456997052536,939.5888061523438,48211,0.0,0.0
2006-02-27 00:00:00+09:00,926.3552213027581,939.5888730182509,918.7931232144268,930.13623046875,103852,0.0,0.0
2006-02-28 00:00:00+09:00,930.1362304687499,932.0267749299196,888.5448106174493,930.13623046875,134265,0.0,0.0
2006-03-01 00:00:00+09:00,928.2459099259021,930.1363749243244,903.6690673828125,903.6690673828125,125798,0.0,0.0
2006-03-02 00:00:00+09:00,909.3408536056015,918.7935000318405,897.9977416992188,897.9977416992188,48729,0.0,0.0
2006-03-03 00:00:00+09:00,897.9975014041261,901.7785908653923,890.4354022379525,894.2164916992188,53913,0.0,0.0
2006-03-06 00:00:00+09:00,903.669090535138,903.669090535138,888.5449713784743,901.7786254882812,38016,0.0,0.0
2006-03-07 00:00:00+09:00,907.4500503602318,916.9026135117183,907.4500503602318,909.3405151367188,59616,0.0,0.0
2006-03-08 00:00:00+09:00,907.4500122070312,915.0121102640868,903.6689233003299,907.4500122070312,228441,0.0,0.0
2006-03-09 00:00:00+09:00,907.4500503602318,913.1216042023938,892.3258536102327,909.3405151367188,156902,0.0,0.0
2006-03-10 00:00:00+09:00,897.9975128748256,920.6838106631329,896.1070478764033,903.6690673828125,159667,0.0,0.0
2006-03-13 00:00:00+09:00,915.0123234898123,943.3700981165614,911.2312337020019,941.4795532226562,99705,0.0,0.0
2006-03-14 00:00:00+09:00,943.3698821842428,945.2604266454124,922.5741323804187,930.13623046875,152928,0.0,0.0
2006-03-15 00:00:00+09:00,928.2458913967317,932.0269010744618,922.5742572455993,926.3553466796875,79833,0.0,0.0
2006-03-16 00:00:00+09:00,922.5743492108295,926.3554390218292,907.4502292359292,915.0123291015625,71539,0.0,0.0
2006-03-17 00:00:00+09:00,911.2310213573854,915.0121102640868,899.8879141499757,907.4500122070312,72403,0.0,0.0
2006-03-20 00:00:00+09:00,899.8879519852322,913.1216042023938,897.9974074523947,909.3405151367188,106963,0.0,0.0
2006-03-21 00:00:00+09:00,909.3405151367188,909.3405151367188,909.3405151367188,909.3405151367188,0,0.0,0.0
2006-03-22 00:00:00+09:00,907.4500122070312,916.9025749610903,899.8879141499757,907.4500122070312,60998,0.0,0.0
2006-03-23 00:00:00+09:00,911.2310596695562,918.7931580445558,909.3405151367188,909.3405151367188,62208,0.0,0.0
2006-03-24 00:00:00+09:00,916.9026135117183,916.9026135117183,909.3405151367188,909.3405151367188,72576,0.0,0.0
2006-03-27 00:00:00+09:00,913.1216587099076,920.683757536316,913.1216587099076,918.793212890625,43027,0.0,0.0
2006-03-28 00:00:00+09:00,930.8996887973616,936.6697189701455,919.3595473106177,928.976318359375,69120,24.0,0.0
2006-03-29 00:00:00+09:00,938.5930672144575,952.0564988435708,930.899747261691,948.2098388671875,103161,0.0,0.0
2006-03-30 00:00:00+09:00,959.749856444814,975.1366579354303,955.9031966427486,971.2899169921875,85708,0.0,0.0
2006-03-31 00:00:00+09:00,971.2899886911678,980.9067606179912,965.5199579915472,969.36669921875,94176,0.0,0.0
2006-04-03 00:00:00+09:00,969.3666276617436,980.906688209117,965.5198867185007,971.2899169921875,66355,0.0,0.0
2006-04-04 00:00:00+09:00,971.2897744720087,973.2131446614085,965.5197450449753,967.443115234375,36460,0.0,0.0
2006-04-05 00:00:00+09:00,969.3664854237746,978.983174088442,967.443115234375,967.443115234375,50457,0.0,0.0
2006-04-06 00:00:00+09:00,973.21315517394,978.9831846633007,971.2897849637643,977.059814453125,48902,0.0,0.0
2006-04-07 00:00:00+09:00,978.9834365868107,990.5234985351564,977.0600658816908,990.5234985351562,76896,0.0,0.0
2006-04-10 00:00:00+09:00,1000.1402392488056,1000.1402392488056,992.4468378131346,996.2935791015625,56160,0.0,0.0
2006-04-11 00:00:00+09:00,998.2169002144491,998.2169002144491,990.5234985351564,990.5234985351562,51667,0.0,0.0
2006-04-12 00:00:00+09:00,986.6769652894653,986.6769652894653,975.1369018554688,975.1369018554688,40089,0.0,0.0
2006-04-13 00:00:00+09:00,975.1369207043485,992.4470161899384,971.290178724529,978.9835815429688,40435,0.0,0.0
2006-04-14 00:00:00+09:00,994.3703871798482,994.3703871798482,977.0602105530589,978.9835815429688,22464,0.0,0.0
2006-04-17 00:00:00+09:00,990.5236452000287,990.5236452000287,977.0602105530589,978.9835815429688,33696,0.0,0.0
2006-04-18 00:00:00+09:00,971.290112521852,1013.6037845685909,971.290112521852,998.2169799804688,111110,0.0,0.0
2006-04-19 00:00:00+09:00,1000.1398525704374,1007.8332510316537,1000.1398525704374,1003.9865112304688,85536,0.0,0.0
2006-04-20 00:00:00+09:00,1007.8332510316537,1007.8332510316537,1000.1398525704374,1003.9865112304688,61344,0.0,0.0
2006-04-21 00:00:00+09:00,1000.1400452561973,1003.9867046573214,994.3700155839265,1002.0634155273438,52358,0.0,0.0
2006-04-24 00:00:00+09:00,1002.0635711255413,1002.0635711255413,978.9833677114468,980.90673828125,68083,0.0,0.0
2006-04-25 00:00:00+09:00,1000.1400656321675,1000.1400656321675,980.9066059523632,986.6766357421875,43372,0.0,0.0
2006-04-26 00:00:00+09:00,984.7532958814852,994.3700665893335,971.2898655752014,988.6000366210938,72057,0.0,0.0
2006-04-27 00:00:00+09:00,984.7533674934942,986.6767380031675,980.9067076153268,982.830078125,31968,0.0,0.0
2006-04-28 00:00:00+09:00,969.3668888758186,984.7536133714987,969.3668888758186,978.9835815429688,49593,0.0,0.0
2006-05-01 00:00:00+09:00,975.1365253841157,986.676584362837,967.4431256845793,977.059814453125,28684,0.0,0.0
2006-05-02 00:00:00+09:00,977.0600658816908,996.2936106505165,977.0600658816908,990.5234985351562,43891,0.0,0.0
2006-05-03 00:00:00+09:00,990.5234985351564,990.5234985351564,990.5234985351564,990.5234985351562,0,0.0,0.0
2006-05-04 00:00:00+09:00,990.5234985351564,990.5234985351564,990.5234985351564,990.5234985351562,0,0.0,0.0
2006-05-05 00:00:00+09:00,990.5234985351564,990.5234985351564,990.5234985351564,990.5234985351562,0,0.0,0.0
2006-05-08 00:00:00+09:00,1000.1401168023673,1000.1401168023673,990.5233458998566,992.4467163085938,28339,0.0,0.0
2006-05-09 00:00:00+09:00,992.4468692402763,1000.1402709195692,990.5234985351564,990.5234985351562,32832,0.0,0.0
2006-05-10 00:00:00+09:00,975.1366772274861,990.523397881335,973.2133067178128,982.830078125,67392,0.0,0.0
2006-05-11 00:00:00+09:00,977.0600193907884,982.8301312315925,963.5966685191294,969.36669921875,56678,0.0,0.0
2006-05-12 00:00:00+09:00,959.7498475044858,967.443248178128,944.3631272983786,957.8264770507812,42163,0.0,0.0
2006-05-15 00:00:00+09:00,938.5928559909809,957.8263138269102,938.5928559909809,950.1329956054688,50112,0.0,0.0
2006-05-16 00:00:00+09:00,934.7461636782098,940.5161927099217,925.1293945312499,925.12939453125,38361,0.0,0.0
2006-05-17 00:00:00+09:00,925.1295883460026,927.052958806573,905.8961271638307,919.3595581054688,63590,0.0,0.0
2006-05-18 00:00:00+09:00,919.3595581054688,919.3595581054688,919.3595581054688,919.3595581054688,0,0.0,0.0
2006-05-19 00:00:00+09:00,919.3595581054688,919.3595581054688,919.3595581054688,919.3595581054688,0,0.0,0.0
2006-05-22 00:00:00+09:00,919.3595581054688,919.3595581054688,919.3595581054688,919.3595581054688,0,0.0,0.0
2006-05-23 00:00:00+09:00,900.1260274323159,923.206227753805,890.5093381542403,909.7427978515625,154656,0.0,0.0
2006-05-24 00:00:00+09:00,903.9727880615285,921.2828778298419,903.9727880615285,917.4362182617188,50630,0.0,0.0
2006-05-25 00:00:00+09:00,932.8228456553989,934.7462158203125,923.20615711316,934.7462158203125,73267,0.0,0.0
2006-05-26 00:00:00+09:00,942.4394741999096,946.2861328125001,940.5161043230381,946.2861328125,62035,0.0,0.0
2006-05-29 00:00:00+09:00,946.2861328125001,946.2861328125001,946.2861328125001,946.2861328125,0,0.0,0.0
2006-05-30 00:00:00+09:00,946.2863157338035,946.2863157338035,928.9762269193014,930.8995971679688,49593,0.0,0.0
2006-05-31 00:00:00+09:00,923.2061643344733,940.5162525306015,869.3524484249656,886.6625366210938,146016,0.0,0.0
2006-06-01 00:00:00+09:00,902.0493570634242,928.9762156535513,894.3559573032211,898.2026977539062,110073,0.0,0.0
2006-06-02 00:00:00+09:00,882.81591796875,905.8960366241455,869.352488372713,882.81591796875,232588,0.0,0.0
2006-06-05 00:00:00+09:00,877.0459898605108,896.279451347493,873.1992488784074,878.9693603515625,117158,0.0,0.0
2006-06-06 00:00:00+09:00,871.2759294664868,892.4327607145365,865.505899333596,873.19921875,99360,0.0,0.0
2006-06-07 00:00:00+09:00,873.1991889333187,884.7393299462206,859.73583984375,859.73583984375,101088,0.0,0.0
2006-06-08 00:00:00+09:00,875.1224230188277,875.1224230188277,846.2722778320312,846.2722778320312,150163,0.0,0.0
2006-06-09 00:00:00+09:00,846.2726213046554,863.5827154422984,832.8091877060909,853.9659423828125,190598,0.0,0.0
2006-06-12 00:00:00+09:00,857.8122687210409,877.0457243862195,852.0422401356027,871.2756958007812,69638,0.0,0.0
2006-06-13 00:00:00+09:00,873.1990569229002,892.4325953229485,846.2722816733856,880.8924560546875,399859,0.0,0.0
2006-06-14 00:00:00+09:00,880.8924560546874,880.8924560546874,880.8924560546874,880.8924560546875,0,0.0,0.0
2006-06-15 00:00:00+09:00,880.8924560546874,880.8924560546874,880.8924560546874,880.8924560546875,0,0.0,0.0
2006-06-16 00:00:00+09:00,915.512797460966,934.7462565241354,915.512797460966,930.8995971679688,158112,0.0,0.0
2006-06-19 00:00:00+09:00,915.5129702209881,930.8997728315263,892.4328474463642,913.589599609375,201484,0.0,0.0
2006-06-20 00:00:00+09:00,928.9764022199131,932.823062301956,905.8961983041058,913.589599609375,97804,0.0,0.0
2006-06-21 00:00:00+09:00,898.2028813737943,915.5129735170832,888.586109422289,894.3561401367188,134265,0.0,0.0
2006-06-22 00:00:00+09:00,892.4327083692982,913.5894572352329,886.6625974336752,905.8960571289062,81388,0.0,0.0
2006-06-23 00:00:00+09:00,905.8961304613906,905.8961304613906,875.1226086861319,884.7393798828125,93312,0.0,0.0
2006-06-26 00:00:00+09:00,877.0459898605108,892.4327915065679,873.1992488784074,878.9693603515625,54604,0.0,0.0
2006-06-27 00:00:00+09:00,871.2758586410522,886.6625773642596,871.2758586410522,882.81591796875,50976,0.0,0.0
2006-06-28 00:00:00+09:00,880.8925477004108,890.5093179009382,877.0458883049012,882.81591796875,62899,0.0,0.0
2006-06-29 00:00:00+09:00,869.352488372713,892.4326881692774,869.352488372713,882.81591796875,84844,0.0,0.0
2006-06-30 00:00:00+09:00,913.5892818077175,928.9760790657962,892.4325370043033,900.1258544921875,64800,0.0,0.0
2006-07-03 00:00:00+09:00,927.052794188954,940.5162227398786,903.972677325176,911.6660766601562,65145,0.0,0.0
2006-07-04 00:00:00+09:00,913.5895171378338,928.9763183593749,911.6662278410233,928.976318359375,148435,0.0,0.0
2006-07-05 00:00:00+09:00,923.2062071832902,923.2062071832902,911.6661478502621,921.2828369140625,81734,0.0,0.0
2006-07-06 00:00:00+09:00,921.283000914644,930.8997728315263,907.819568915719,913.589599609375,120787,0.0,0.0
2006-07-07 00:00:00+09:00,917.4362182617188,928.976278107261,905.8960772750039,917.4362182617188,74822,0.0,0.0
2006-07-10 00:00:00+09:00,917.4362182617188,917.4362182617188,917.4362182617188,917.4362182617188,0,0.0,0.0
2006-07-11 00:00:00+09:00,915.5127065254501,927.0527645888739,903.9726484620263,925.12939453125,96595,0.0,0.0
2006-07-12 00:00:00+09:00,925.1298090863503,928.9765509253417,892.4329903021018,902.0496826171875,151027,0.0,0.0
2006-07-13 00:00:00+09:00,886.6625773642596,900.1260069602966,878.9692585732404,882.81591796875,152064,0.0,0.0
2006-07-14 00:00:00+09:00,882.8162051694061,896.2796391454115,861.6593687583696,875.122802734375,95731,0.0,0.0
2006-07-17 00:00:00+09:00,875.1228027343751,875.1228027343751,875.1228027343751,875.122802734375,0,0.0,0.0
2006-07-18 00:00:00+09:00,888.5859257298556,888.5859257298556,840.5023193359375,840.5023193359375,58579,0.0,0.0
2006-07-19 00:00:00+09:00,848.1956180467848,863.5824171710653,842.4255886604709,852.0423583984375,73958,0.0,0.0
2006-07-20 00:00:00+09:00,882.8162051694061,882.8162051694061,859.7360790055084,875.122802734375,92793,0.0,0.0
2006-07-21 00:00:00+09:00,890.5094011735727,890.5094011735727,863.5825394635344,867.42919921875,65664,0.0,0.0
2006-07-24 00:00:00+09:00,852.0423783791845,863.5824374224314,838.5789491150074,840.5023193359375,87609,0.0,0.0
2006-07-25 00:00:00+09:00,865.5056672153431,884.7391228805217,857.8122687210409,871.2756958007812,86227,0.0,0.0
2006-07-26 00:00:00+09:00,591.6960078586154,597.0386256698627,589.0247192382812,589.0247192382812,39813,0.0,0.0
2006-07-27 00:00:00+09:00,589.0247192382812,589.0247192382812,589.0247192382812,589.0247192382812,0,0.0,0.0
2006-07-28 00:00:00+09:00,900.1260274323159,953.9797470412863,894.3559976372364,909.7427978515625,503193,0.0,0.0
2006-07-31 00:00:00+09:00,925.1292823355595,948.2094768045007,915.51259549603,923.2059936523438,290476,0.0,0.0
2006-08-01 00:00:00+09:00,907.819427539479,923.206227753805,903.9727680564829,909.7427978515625,99187,0.0,0.0
2006-08-02 00:00:00+09:00,913.5894573345586,921.2828574417216,896.2793679493199,909.7427978515625,123206,0.0,0.0
2006-08-03 00:00:00+09:00,911.6661680645293,917.4361978589815,900.126027334454,905.8960571289062,83808,0.0,0.0
2006-08-04 00:00:00+09:00,909.7427978515624,913.5894573345586,903.9727680564829,909.7427978515625,51321,0.0,0.0
2006-08-07 00:00:00+09:00,911.6659369884482,942.439448472553,911.6659369884482,923.2059936523438,192844,0.0,0.0
2006-08-08 00:00:00+09:00,938.5930786132811,950.1332209649436,934.7464185901817,938.5930786132812,131500,0.0,0.0
2006-08-09 00:00:00+09:00,938.593093965862,969.3666992187499,936.6698044934441,969.36669921875,161913,0.0,0.0
2006-08-10 00:00:00+09:00,973.2132473587124,975.1366177510737,952.0564164662601,959.7498168945312,56505,0.0,0.0
2006-08-11 00:00:00+09:00,971.2897849637643,977.059814453125,961.6730961952187,977.059814453125,68947,0.0,0.0
2006-08-14 00:00:00+09:00,955.9029010557049,959.7495596682953,923.2060188546524,946.2861328125,56332,0.0,0.0
2006-08-15 00:00:00+09:00,948.2097163825787,992.4466655320117,948.2097163825787,986.6766357421875,136857,0.0,0.0
2006-08-16 00:00:00+09:00,992.4469485452215,998.2169799804688,986.6769171099742,998.2169799804688,53395,0.0,0.0
2006-08-17 00:00:00+09:00,992.4468807725971,992.4468807725971,984.7534790039062,984.7534790039062,42163,0.0,0.0
2006-08-18 00:00:00+09:00,973.2132058522074,990.52329522168,973.2132058522074,986.6766357421875,96249,0.0,0.0
2006-08-21 00:00:00+09:00,980.9067382812501,998.2168299859347,978.9833677114468,980.90673828125,76377,0.0,0.0
2006-08-22 00:00:00+09:00,967.4433746384652,990.5234985351564,967.4433746384652,990.5234985351562,49075,0.0,0.0
2006-08-23 00:00:00+09:00,980.9067382812501,992.4467994177065,975.1367077130218,980.90673828125,43891,0.0,0.0
2006-08-24 00:00:00+09:00,965.5195184388945,973.212916249698,940.5160364096431,955.90283203125,104198,0.0,0.0
2006-08-25 00:00:00+09:00,961.6732179581905,965.5198777244233,955.9031877382532,957.8264770507812,113702,0.0,0.0
2006-08-28 00:00:00+09:00,961.6731872868927,969.3665877151639,950.1331272150729,959.7498168945312,110592,0.0,0.0
2006-08-29 00:00:00+09:00,963.5965884118953,969.3666186318326,952.0564468308438,957.8264770507812,64800,0.0,0.0
2006-08-30 00:00:00+09:00,961.672860104066,967.442888176882,946.2860644824591,955.90283203125,113011,0.0,0.0
2006-08-31 00:00:00+09:00,957.826345428542,977.0598038990423,953.9796861909083,967.443115234375,76204,0.0,0.0
2006-09-01 00:00:00+09:00,969.3664854237746,975.1365148508082,967.443115234375,967.443115234375,40780,0.0,0.0
2006-09-04 00:00:00+09:00,963.5968570472887,982.8303235227883,961.6734860573789,978.9835815429688,50457,0.0,0.0
2006-09-05 00:00:00+09:00,986.6766654662553,1007.8334960937501,980.9066355026064,1007.83349609375,202003,0.0,0.0
2006-09-06 00:00:00+09:00,1011.6797634015501,1028.9898465803624,1007.8331052977502,1025.1431884765625,179884,0.0,0.0
2006-09-07 00:00:00+09:00,1027.067067010993,1050.1471893522819,1021.2970364256707,1028.9903564453125,168307,0.0,0.0
2006-09-08 00:00:00+09:00,1030.913921477587,1034.7606633541839,1002.0637631090972,1027.0672607421875,131328,0.0,0.0
2006-09-11 00:00:00+09:00,1015.5271554274046,1021.2971868626519,984.7535462511604,998.2169799804688,122860,0.0,0.0
2006-09-12 00:00:00+09:00,1019.3735251020513,1036.6836144679594,1005.9100952148438,1005.9100952148438,208224,0.0,0.0
2006-09-13 00:00:00+09:00,1005.9102700402628,1011.6803008317199,986.6768070216775,996.2935791015625,104371,0.0,0.0
2006-09-14 00:00:00+09:00,1027.0668845025048,1052.0703729762067,1019.3734847087886,1032.8369140625,200620,0.0,0.0
2006-09-15 00:00:00+09:00,1032.8365858253042,1032.8365858253042,1021.2965303727625,1025.1431884765625,51840,0.0,0.0
2006-09-18 00:00:00+09:00,1025.1431884765625,1025.1431884765625,1025.1431884765625,1025.1431884765625,0,0.0,0.0
2006-09-19 00:00:00+09:00,1021.2972290684895,1034.7606633541839,1019.3738581301911,1027.0672607421875,56505,0.0,0.0
2006-09-20 00:00:00+09:00,1034.7604264635154,1042.4537461730608,1027.0670256127914,1036.6837158203125,98668,0.0,0.0
2006-09-21 00:00:00+09:00,1042.4536953107436,1042.4536953107436,1032.83700557243,1034.7603759765625,105926,0.0,0.0
2006-09-22 00:00:00+09:00,1015.5270385742189,1028.990389613152,1005.9102665279128,1015.5270385742188,119577,0.0,0.0
2006-09-25 00:00:00+09:00,1015.527118858957,1023.2204397347929,1000.1403148249034,1019.373779296875,106790,0.0,0.0
2006-09-26 00:00:00+09:00,1027.5001313285868,1027.5001313285868,1010.019059638727,1017.7884521484375,74649,15.0,0.0
2006-09-27 00:00:00+09:00,1025.5582416317368,1048.8663462403292,1019.7311335369054,1044.981689453125,145497,0.0,0.0
2006-09-28 00:00:00+09:00,1046.9234732779594,1048.8658417085733,1037.2117950101767,1043.038818359375,76204,0.0,0.0
2006-09-29 00:00:00+09:00,1043.0391718897406,1052.7508534492254,1041.0968028007749,1046.923828125,92620,0.0,0.0
2006-10-02 00:00:00+09:00,1043.0390779661154,1066.3471771641673,1037.2120531666023,1050.8084716796875,90201,0.0,0.0
2006-10-03 00:00:00+09:00,1044.9812806197506,1050.8083044921623,1033.3271509322758,1039.1541748046875,58924,0.0,0.0
2006-10-04 00:00:00+09:00,1041.0964163099516,1046.9234394709854,1006.1342773437499,1006.13427734375,154828,0.0,0.0
2006-10-05 00:00:00+09:00,1019.7309719251754,1037.2121295538075,1017.7886848107377,1027.5003662109375,59270,0.0,0.0
2006-10-06 00:00:00+09:00,1033.3272028669212,1033.3272028669212,1002.2497133378982,1015.8461303710938,144460,0.0,0.0
2006-10-09 00:00:00+09:00,1015.8461303710938,1015.8461303710938,1015.8461303710938,1015.8461303710938,0,0.0,0.0
2006-10-10 00:00:00+09:00,1013.903866429228,1037.2120474412852,990.5957673598346,1002.2498168945312,135475,0.0,0.0
2006-10-11 00:00:00+09:00,1004.1920808748094,1004.1920808748094,949.8064128051622,957.5758056640625,158284,0.0,0.0
2006-10-12 00:00:00+09:00,963.4032729676386,978.9420658329544,959.5186157226561,959.5186157226562,69465,0.0,0.0
2006-10-13 00:00:00+09:00,1004.1920332905074,1019.7307363293412,976.9992005442341,1011.96142578125,112665,0.0,0.0
2006-10-16 00:00:00+09:00,1037.2119093107963,1037.2119093107963,1013.9037314028009,1025.557861328125,101260,0.0,0.0
2006-10-17 00:00:00+09:00,1017.7886042359028,1019.7308911965763,998.3651610305203,1002.2498168945312,49248,0.0,0.0
2006-10-18 00:00:00+09:00,1006.1346343534298,1041.0967857253534,1006.1346343534298,1027.5003662109375,104716,0.0,0.0
2006-10-19 00:00:00+09:00,1046.9239768753855,1054.6933723924774,1041.0969507232373,1044.981689453125,144979,0.0,0.0
2006-10-20 00:00:00+09:00,1050.8082101391874,1052.7504966271576,1041.096449928761,1043.038818359375,53222,0.0,0.0
2006-10-23 00:00:00+09:00,1048.866092120812,1074.1165599766593,1044.981436274783,1060.5201416015625,126489,0.0,0.0
2006-10-24 00:00:00+09:00,1064.4049086929588,1074.1165895467223,1060.5201707973208,1070.23193359375,71539,0.0,0.0
2006-10-25 00:00:00+09:00,1068.289435227873,1091.5975320073755,1068.289435227873,1085.7705078125,128217,0.0,0.0
2006-10-26 00:00:00+09:00,1087.7130237653182,1087.7130237653182,1074.1166048225518,1078.0013427734375,129772,0.0,0.0
2006-10-27 00:00:00+09:00,1078.0013427734375,1078.0013427734375,1078.0013427734375,1078.0013427734375,0,0.0,0.0
2006-10-30 00:00:00+09:00,1083.8283523431514,1083.8283523431514,1050.8084899435573,1070.23193359375,88473,0.0,0.0
2006-10-31 00:00:00+09:00,1062.4625548552283,1083.8283677570994,1062.4625548552283,1078.0013427734375,85881,0.0,0.0
2006-11-01 00:00:00+09:00,1064.4048826203027,1076.0589321364187,1058.5778578622449,1072.1741943359375,54259,0.0,0.0
2006-11-02 00:00:00+09:00,1074.1165938909212,1087.7130126953125,1064.4049129978794,1087.7130126953125,44409,0.0,0.0
2006-11-03 00:00:00+09:00,1087.7130126953125,1087.7130126953125,1087.7130126953125,1087.7130126953125,0,0.0,0.0
2006-11-06 00:00:00+09:00,1072.1741943359375,1081.8859568944765,1062.4625137200621,1072.1741943359375,59788,0.0,0.0
2006-11-07 00:00:00+09:00,1083.8282188625192,1083.8282188625192,1060.5200401872453,1079.9434814453125,87264,0.0,0.0
2006-11-08 00:00:00+09:00,1081.8860028807194,1099.3670778979372,1076.05897787498,1095.482421875,144460,0.0,0.0
2006-11-09 00:00:00+09:00,1097.4246845431373,1114.90575786685,1093.539946953873,1103.251708984375,173664,0.0,0.0
2006-11-10 00:00:00+09:00,1103.2518004553785,1107.136456424062,1085.7706437396378,1087.7130126953125,121824,0.0,0.0
2006-11-13 00:00:00+09:00,1083.828460325219,1083.828460325219,1054.6932509758499,1056.6356201171875,92102,0.0,0.0
2006-11-14 00:00:00+09:00,1064.4047797455078,1095.4822694323966,1062.4624110329974,1085.7705078125,73267,0.0,0.0
2006-11-15 00:00:00+09:00,1099.3670778979372,1101.3094468807394,1087.7130278864586,1095.482421875,50630,0.0,0.0
2006-11-16 00:00:00+09:00,1079.9436159192035,1087.7130097784016,1074.1165910104714,1076.0589599609375,51494,0.0,0.0
2006-11-17 00:00:00+09:00,1085.7707502102623,1085.7707502102623,1068.289673722994,1074.11669921875,32486,0.0,0.0
2006-11-20 00:00:00+09:00,1076.059033418225,1078.001402501287,1029.4427490234375,1029.4427490234375,60998,0.0,0.0
2006-11-21 00:00:00+09:00,1029.4427490234375,1041.0967996364666,1029.4427490234375,1029.4427490234375,34387,0.0,0.0
2006-11-22 00:00:00+09:00,1029.4426147908935,1050.8084260905998,992.5380986808506,1033.3272705078125,143596,0.0,0.0
2006-11-23 00:00:00+09:00,1033.3272705078125,1033.3272705078125,1033.3272705078125,1033.3272705078125,0,0.0,0.0
2006-11-24 00:00:00+09:00,1064.4047474417448,1064.4047474417448,1031.3848900444696,1037.2119140625,53740,0.0,0.0
2006-11-27 00:00:00+09:00,1011.9614493368166,1044.981306734092,1004.1920566652249,1037.2119140625,58579,0.0,0.0
2006-11-28 00:00:00+09:00,1033.327406305573,1043.0391697881616,1019.7309865955519,1035.269775390625,109209,0.0,0.0
2006-11-29 00:00:00+09:00,1027.5003809930884,1046.9238260155942,1025.558093850708,1035.269775390625,124588,0.0,0.0
2006-11-30 00:00:00+09:00,1035.269775390625,1046.9238260155942,1027.5003809930884,1035.269775390625,88992,0.0,0.0
2006-12-01 00:00:00+09:00,1043.0390946579857,1068.289563174183,1037.2120697652224,1064.4049072265625,150508,0.0,0.0
2006-12-04 00:00:00+09:00,1064.4049238306711,1083.8283677570994,1056.6355298715664,1078.0013427734375,72921,0.0,0.0
2006-12-05 00:00:00+09:00,1074.1165865708797,1081.8859803979647,1056.6355119169373,1058.577880859375,74476,0.0,0.0
2006-12-06 00:00:00+09:00,1068.289317889968,1097.4245176068735,1060.51992583595,1091.597412109375,125452,0.0,0.0
2006-12-07 00:00:00+09:00,1089.6552734375,1099.3669533660764,1083.8282490918225,1089.6552734375,96595,0.0,0.0
2006-12-08 00:00:00+09:00,1105.194088926593,1107.1364578848306,1089.655383088691,1093.5400390625,141177,0.0,0.0
2006-12-11 00:00:00+09:00,1103.2519550046475,1124.617688739429,1097.424929264009,1120.7330322265625,109209,0.0,0.0
2006-12-12 00:00:00+09:00,1120.7327823080877,1120.7327823080877,1087.7129225126353,1103.251708984375,86400,0.0,0.0
2006-12-13 00:00:00+09:00,1103.251708984375,1103.251708984375,1103.251708984375,1103.251708984375,0,0.0,0.0
2006-12-14 00:00:00+09:00,1120.7326967189867,1136.2714820040467,1116.8480413690481,1130.4444580078125,121478,0.0,0.0
2006-12-15 00:00:00+09:00,1142.098876953125,1147.9259028419729,1138.2141383987735,1142.098876953125,103334,0.0,0.0
2006-12-18 00:00:00+09:00,1157.637451171875,1161.522189275984,1145.9834007448883,1157.637451171875,79660,0.0,0.0
2006-12-19 00:00:00+09:00,1157.637448841022,1161.5221869373092,1132.3869789858345,1145.9833984375,107481,0.0,0.0
2006-12-20 00:00:00+09:00,1157.6373569386762,1173.1761442048944,1149.8680452482306,1161.5220947265625,114566,0.0,0.0
2006-12-21 00:00:00+09:00,1132.3867517280326,1149.8679057677064,1132.3867517280326,1147.925537109375,160704,0.0,0.0
2006-12-22 00:00:00+09:00,1138.2140064793402,1165.4068454374228,1132.386981265847,1157.637451171875,75686,0.0,0.0
2006-12-25 00:00:00+09:00,1140.156849941087,1144.0415077188995,1120.733397166617,1126.5604248046875,79833,0.0,0.0
2006-12-26 00:00:00+09:00,1111.0217117507339,1128.502794664946,1109.0793418904755,1126.5604248046875,75340,0.0,0.0
2006-12-27 00:00:00+09:00,1134.3294693993632,1157.6375727002123,1134.3294693993632,1151.810546875,120614,0.0,0.0
2006-12-28 00:00:00+09:00,1151.8105594536448,1151.8105594536448,1124.6177173439019,1142.098876953125,56678,0.0,0.0
2006-12-29 00:00:00+09:00,1126.5600866210777,1149.8682721191487,1126.5600866210777,1142.098876953125,37670,0.0,0.0
2007-01-04 00:00:00+09:00,1155.6949462890625,1155.6949462890625,1155.6949462890625,1155.6949462890625,0,0.0,0.0
2007-01-05 00:00:00+09:00,1142.0985868088505,1145.9832424336457,1120.7327760158298,1124.617431640625,68601,0.0,0.0
2007-01-09 00:00:00+09:00,1126.559720715221,1140.1561373539853,1122.6750653652825,1130.4444580078125,115430,0.0,0.0
2007-01-10 00:00:00+09:00,1136.2715687798272,1136.2715687798272,1097.4246845431373,1103.251708984375,85190,0.0,0.0
2007-01-11 00:00:00+09:00,1118.7904072321028,1136.271562400328,1112.9633828235806,1124.617431640625,121996,0.0,0.0
2007-01-12 00:00:00+09:00,1126.5598320179267,1149.8680122483358,1114.9057828740526,1140.15625,75168,0.0,0.0
2007-01-15 00:00:00+09:00,1144.0411670771466,1180.945773720074,1144.0411670771466,1177.06103515625,134784,0.0,0.0
2007-01-16 00:00:00+09:00,1188.7153190176605,1192.5999761293644,1169.2918695737608,1180.9459228515625,92793,0.0,0.0
2007-01-17 00:00:00+09:00,1169.291721913962,1184.8304303412178,1159.5799574470823,1177.06103515625,87609,0.0,0.0
2007-01-18 00:00:00+09:00,1169.2916259765625,1177.0609385813982,1165.4068877314714,1169.2916259765625,79488,0.0,0.0
2007-01-19 00:00:00+09:00,1165.4068454374228,1165.4068454374228,1151.8104259583815,1157.637451171875,61689,0.0,0.0
2007-01-22 00:00:00+09:00,1169.29123107373,1169.29123107373,1155.6948156931533,1165.406494140625,40089,0.0,0.0
2007-01-23 00:00:00+09:00,1153.7527010934534,1165.4067505717853,1142.0986516151215,1161.5220947265625,57196,0.0,0.0
2007-01-24 00:00:00+09:00,1165.4067505717853,1165.4067505717853,1153.7527010934534,1161.5220947265625,52704,0.0,0.0
2007-01-25 00:00:00+09:00,1169.2914883596716,1173.1761442048944,1161.5220947265625,1161.5220947265625,32486,0.0,0.0
2007-01-26 00:00:00+09:00,1161.522091437519,1161.522091437519,1138.213910604193,1149.8680419921875,50976,0.0,0.0
2007-01-29 00:00:00+09:00,1144.0408021079063,1157.6372188584328,1142.0985153882982,1153.7525634765625,33868,0.0,0.0
2007-01-30 00:00:00+09:00,1153.7525634765625,1161.5219561829567,1147.9255394324302,1153.7525634765625,35424,0.0,0.0
2007-01-31 00:00:00+09:00,1165.4068454374228,1173.1762397029709,1153.752795010436,1157.637451171875,191462,0.0,0.0
2007-02-01 00:00:00+09:00,1173.1758860641896,1184.829932978214,1161.5218391501653,1165.406494140625,250387,0.0,0.0
2007-02-02 00:00:00+09:00,1177.0606852496512,1184.830078125,1165.4066369079558,1184.830078125,141177,0.0,0.0
2007-02-05 00:00:00+09:00,1192.5999761293644,1200.3693722954624,1180.9459228515625,1180.9459228515625,73785,0.0,0.0
2007-02-06 00:00:00+09:00,1161.5218391501653,1192.5993249017786,1157.6371022170604,1165.406494140625,166233,0.0,0.0
2007-02-07 00:00:00+09:00,1169.29123107373,1180.9452779877543,1165.406494140625,1165.406494140625,83289,0.0,0.0
2007-02-08 00:00:00+09:00,1173.1763628625642,1177.0610194318128,1151.810546875,1151.810546875,116985,0.0,0.0
2007-02-09 00:00:00+09:00,1153.7524472266007,1169.29123107373,1153.7524472266007,1165.406494140625,79315,0.0,0.0
2007-02-13 00:00:00+09:00,1192.5994665349426,1208.1382522274587,1173.176025390625,1173.176025390625,119750,0.0,0.0
2007-02-14 00:00:00+09:00,1184.830215598186,1196.4842652920745,1180.9455596811115,1192.599609375,84672,0.0,0.0
2007-02-15 00:00:00+09:00,1200.3687744140625,1204.2534295908918,1184.8299898214468,1200.3687744140625,147398,0.0,0.0
2007-02-16 00:00:00+09:00,1200.3685486182815,1215.9073302879688,1196.4838122295425,1208.137939453125,125971,0.0,0.0
2007-02-19 00:00:00+09:00,1192.5997492833415,1231.446640782021,1177.0609599068,1223.67724609375,153446,0.0,0.0
2007-02-20 00:00:00+09:00,1235.3313790974935,1235.3313790974935,1215.9079333481538,1223.67724609375,49075,0.0,0.0
2007-02-21 00:00:00+09:00,1227.5619093857924,1297.4862934213957,1227.5619093857924,1258.639404296875,115948,0.0,0.0
2007-02-22 00:00:00+09:00,1266.4086634449877,1274.1780568298025,1250.8698766753582,1262.52392578125,59443,0.0,0.0
2007-02-23 00:00:00+09:00,1270.2933438001776,1270.2933438001776,1250.8699009328027,1254.754638671875,71539,0.0,0.0
2007-02-26 00:00:00+09:00,1254.754680814838,1254.754680814838,1204.253662109375,1204.253662109375,222566,0.0,0.0
2007-02-27 00:00:00+09:00,1204.2534242608797,1204.2534242608797,1180.9453294177667,1188.7147216796875,305683,0.0,0.0
2007-02-28 00:00:00+09:00,1173.176025390625,1180.9454182368831,1145.9831914000492,1173.176025390625,606182,0.0,0.0
2007-03-01 00:00:00+09:00,1180.945773720074,1184.8304303412178,1165.4069833501383,1177.06103515625,325728,0.0,0.0
2007-03-02 00:00:00+09:00,1180.945773720074,1180.945773720074,1173.176378535106,1177.06103515625,102470,0.0,0.0
2007-03-05 00:00:00+09:00,1173.176110536084,1173.176110536084,1136.2715942662624,1140.15625,179712,0.0,0.0
2007-03-06 00:00:00+09:00,1126.5599560523535,1157.637451171875,1126.5599560523535,1157.637451171875,134092,0.0,0.0
2007-03-07 00:00:00+09:00,1157.637451171875,1157.637451171875,1157.637451171875,1157.637451171875,0,0.0,0.0
2007-03-08 00:00:00+09:00,1173.1760297833046,1192.5994710003486,1169.291374316958,1184.830078125,323308,0.0,0.0
2007-03-09 00:00:00+09:00,1188.7151689050418,1188.7151689050418,1177.06103515625,1177.06103515625,167097,0.0,0.0
2007-03-12 00:00:00+09:00,1184.8305799632665,1184.8305799632665,1180.9459228515625,1180.9459228515625,87782,0.0,0.0
2007-03-13 00:00:00+09:00,1180.9459228515625,1180.9459228515625,1180.9459228515625,1180.9459228515625,0,0.0,0.0
2007-03-14 00:00:00+09:00,1165.406494140625,1173.1758860641896,1157.6371022170604,1165.406494140625,122342,0.0,0.0
2007-03-15 00:00:00+09:00,1177.0609385813982,1180.945676826489,1169.2916259765625,1169.2916259765625,99187,0.0,0.0
2007-03-16 00:00:00+09:00,1177.0606808424266,1180.9454182368831,1173.176025390625,1173.176025390625,133747,0.0,0.0
2007-03-19 00:00:00+09:00,1173.176025390625,1180.9454182368831,1169.2913699388237,1173.176025390625,114912,0.0,0.0
2007-03-20 00:00:00+09:00,1173.176025390625,1173.176025390625,1173.176025390625,1173.176025390625,0,0.0,0.0
2007-03-22 00:00:00+09:00,1173.176025390625,1173.176025390625,1173.176025390625,1173.176025390625,0,0.0,0.0
2007-03-23 00:00:00+09:00,1177.0606852496512,1188.7148155340021,1173.1760297833046,1184.830078125,99014,0.0,0.0
2007-03-26 00:00:00+09:00,1200.3687962060587,1219.792236328125,1192.5994037687021,1219.792236328125,202176,0.0,0.0
2007-03-27 00:00:00+09:00,1220.9662970986842,1228.0103059652477,1211.5742302450656,1216.270263671875,80208,13.3102,1.2
2007-03-28 00:00:00+09:00,1015.5155639648438,1037.0390370141643,1009.6455408690888,1015.5155639648438,186105,0.0,0.0
2007-03-29 00:00:00+09:00,1197.486385622953,1213.9224637191671,1181.0503075267388,1204.5303955078125,146160,0.0,0.0
2007-03-30 00:00:00+09:00,1223.3144307155208,1228.0103818853497,1204.5302958469795,1213.92236328125,81072,0.0,0.0
2007-04-02 00:00:00+09:00,1218.6185895677925,1218.6185895677925,1188.094406856552,1190.4423828125,113472,0.0,0.0
2007-04-03 00:00:00+09:00,1197.486385622953,1204.5303955078125,1188.0943174115982,1204.5303955078125,124128,0.0,0.0
2007-04-04 00:00:00+09:00,1202.1825079520654,1230.3586321065509,1195.1384150029546,1225.66259765625,162576,0.0,0.0
2007-04-05 00:00:00+09:00,1225.6625329388958,1237.402577171091,1211.5744303318725,1232.70654296875,213264,0.0,0.0
2007-04-06 00:00:00+09:00,1232.7060197701976,1237.4020519793976,1228.0099875609978,1235.0540771484375,97632,0.0,0.0
2007-04-09 00:00:00+09:00,1033.12560161361,1048.7789672897643,1027.2554966193175,1046.822265625,177811,0.0,0.0
2007-04-10 00:00:00+09:00,1253.8385540232384,1253.8385540232384,1225.6624336392547,1242.0985107421875,127728,0.0,0.0
2007-04-11 00:00:00+09:00,1230.3584674611368,1246.7945445640696,1230.3584674611368,1242.0985107421875,90576,0.0,0.0
2007-04-12 00:00:00+09:00,1223.3144889079792,1223.3144889079792,1206.8783288424925,1220.9664306640625,160704,0.0,0.0
2007-04-13 00:00:00+09:00,1202.1824197286303,1216.270439498349,1190.4422931907804,1204.5303955078125,151488,0.0,0.0
2007-04-16 00:00:00+09:00,1197.4864501953125,1202.1824845542153,1183.398347118604,1197.4864501953125,188784,0.0,0.0
2007-04-17 00:00:00+09:00,1211.5743360027104,1213.9223941947264,1185.7461911743856,1192.790283203125,147024,0.0,0.0
2007-04-18 00:00:00+09:00,1197.486385622953,1211.574405392672,1192.7903515172757,1204.5303955078125,149616,0.0,0.0
2007-04-19 00:00:00+09:00,1206.8785695171757,1216.270639271181,1188.0945125564924,1202.1826171875,138672,0.0,0.0
2007-04-20 00:00:00+09:00,1211.5739161024385,1235.0540771484375,1195.137844643879,1235.0540771484375,90000,0.0,0.0
2007-04-23 00:00:00+09:00,1232.7064041801777,1232.7064041801777,1197.4862754489736,1209.226318359375,124704,0.0,0.0
2007-04-24 00:00:00+09:00,1204.5303955078125,1213.9224637191671,1197.486385622953,1204.5303955078125,68400,0.0,0.0
2007-04-25 00:00:00+09:00,1204.5303955078125,1204.5303955078125,1204.5303955078125,1204.5303955078125,0,0.0,0.0
2007-04-26 00:00:00+09:00,1209.2263870864092,1225.6624646045857,1206.8783288424925,1220.9664306640625,98496,0.0,0.0
2007-04-27 00:00:00+09:00,1202.1823091225951,1223.31441938024,1190.442183664888,1209.226318359375,135360,0.0,0.0
2007-05-01 00:00:00+09:00,1216.2699483116382,1239.7501093576375,1216.2699483116382,1235.0540771484375,114048,0.0,0.0
2007-05-02 00:00:00+09:00,1230.358542137747,1239.7506103515625,1199.8343617165033,1239.7506103515625,96048,0.0,0.0
2007-05-07 00:00:00+09:00,1272.6225815887342,1284.3626238760407,1270.274523602892,1282.0146484375,199584,0.0,0.0
2007-05-08 00:00:00+09:00,1267.926814850803,1279.6668596074248,1263.2307804386908,1274.9708251953125,101088,0.0,0.0
2007-05-09 00:00:00+09:00,1267.9268043604668,1272.6228387337262,1242.0986565811997,1270.2747802734375,161280,0.0,0.0
2007-05-10 00:00:00+09:00,1253.8384252356282,1274.9705339898653,1253.8384252356282,1272.62255859375,123696,0.0,0.0
2007-05-11 00:00:00+09:00,1249.1423689897515,1263.23046875,1246.7943936366926,1263.23046875,92592,0.0,0.0
2007-05-14 00:00:00+09:00,1258.5346642318802,1260.8827225589907,1239.7506103515625,1239.7506103515625,60768,0.0,0.0
2007-05-15 00:00:00+09:00,1256.1868795478483,1258.5348556848282,1251.4908447265625,1251.4908447265625,118080,0.0,0.0
2007-05-16 00:00:00+09:00,1249.1426668674296,1270.2747802734375,1246.7946909544592,1270.2747802734375,95040,0.0,0.0
2007-05-17 00:00:00+09:00,1260.8829143691341,1260.8829143691341,1251.4908447265625,1251.4908447265625,72864,0.0,0.0
2007-05-18 00:00:00+09:00,1256.1865476994324,1256.1865476994324,1244.446505021263,1249.1424560546875,94032,0.0,0.0
2007-05-21 00:00:00+09:00,1213.9225528041577,1237.4026425083425,1204.5304839035562,1225.66259765625,168912,0.0,0.0
2007-05-22 00:00:00+09:00,1159.9183858418041,1204.530593352338,1159.9183858418041,1202.1826171875,188208,0.0,0.0
2007-05-23 00:00:00+09:00,1218.6185229090415,1253.8386556056275,1216.2704645342135,1232.70654296875,178992,0.0,0.0
2007-05-24 00:00:00+09:00,1232.7065179175443,1244.4466444584702,1232.7065179175443,1239.7506103515625,87696,0.0,0.0
2007-05-25 00:00:00+09:00,1209.2263295641148,1218.6183969983854,1209.2263295641148,1213.92236328125,73584,0.0,0.0
2007-05-28 00:00:00+09:00,1216.270263671875,1220.9662970986842,1211.5742302450656,1216.270263671875,47952,0.0,0.0
2007-05-29 00:00:00+09:00,1213.9224426962414,1237.4025302706825,1213.9224426962414,1230.3585205078125,104832,0.0,0.0
2007-05-30 00:00:00+09:00,1206.8782714318938,1213.92236328125,1204.5302958469795,1213.92236328125,90000,0.0,0.0
2007-05-31 00:00:00+09:00,1225.6624864834619,1230.3585205078125,1220.9664524591112,1230.3585205078125,93168,0.0,0.0
2007-06-01 00:00:00+09:00,1225.6626944831532,1263.230890506114,1223.3147183461733,1251.4908447265625,163296,0.0,0.0
2007-06-04 00:00:00+09:00,1265.5788727348256,1265.5788727348256,1249.1427105795965,1253.8387451171875,79776,0.0,0.0
2007-06-05 00:00:00+09:00,1265.5785266503572,1267.926502003416,1258.534435496584,1263.23046875,71712,0.0,0.0
2007-06-06 00:00:00+09:00,1265.5788389184063,1282.0149180871406,1263.2307804386908,1274.9708251953125,99936,0.0,0.0
2007-06-07 00:00:00+09:00,1291.4070127685654,1312.5391281233044,1277.3189908969566,1305.4951171875,177840,0.0,0.0
2007-06-08 00:00:00+09:00,1244.4463834359667,1279.6665080293874,1244.4463834359667,1265.5784912109375,273024,0.0,0.0
2007-06-11 00:00:00+09:00,1251.4903444675751,1251.4903444675751,1242.0982785792996,1246.7943115234375,119664,0.0,0.0
2007-06-12 00:00:00+09:00,1249.1424560546875,1258.5345232161446,1244.446505021263,1249.1424560546875,180720,0.0,0.0
2007-06-13 00:00:00+09:00,1244.4465689267827,1253.8385540232384,1239.7505351049008,1242.0985107421875,120528,0.0,0.0
2007-06-14 00:00:00+09:00,1239.7508738699435,1267.927001953125,1237.4028150437355,1267.927001953125,153360,0.0,0.0
2007-06-15 00:00:00+09:00,1272.6226393624681,1303.1468167330243,1270.2745812700302,1289.0587158203125,127584,0.0,0.0
2007-06-18 00:00:00+09:00,1272.6226504624553,1293.7547607421875,1270.2745923495374,1293.7547607421875,137232,0.0,0.0
2007-06-19 00:00:00+09:00,1256.1867780581156,1263.2307884472825,1256.1867780581156,1260.8828125,97200,0.0,0.0
2007-06-20 00:00:00+09:00,1242.0984469572466,1251.4905141187037,1237.4024133765179,1249.1424560546875,173664,0.0,0.0
2007-06-21 00:00:00+09:00,1253.838719563514,1263.2307884472825,1253.838719563514,1260.8828125,119088,0.0,0.0
2007-06-22 00:00:00+09:00,1244.4467688573686,1260.8828486008927,1242.0987102955387,1258.5347900390625,99072,0.0,0.0
2007-06-25 00:00:00+09:00,1265.5787134005486,1270.2746647996064,1256.1866455078125,1256.1866455078125,105552,0.0,0.0
2007-06-26 00:00:00+09:00,1251.4904268901087,1267.926502003416,1249.1423689897515,1263.23046875,95040,0.0,0.0
2007-06-27 00:00:00+09:00,1246.7945445640696,1246.7945445640696,1239.7505351049008,1242.0985107421875,60480,0.0,0.0
2007-06-28 00:00:00+09:00,1256.1867780581156,1260.8828125,1246.7947091743472,1260.8828125,61344,0.0,0.0
2007-06-29 00:00:00+09:00,1251.490693029969,1291.4068603515625,1251.490693029969,1291.4068603515625,124848,0.0,0.0
2007-07-02 00:00:00+09:00,1272.6225072268128,1284.362548828125,1267.9264740768288,1284.362548828125,109296,0.0,0.0
2007-07-03 00:00:00+09:00,1270.2743907716801,1279.666456638328,1263.2303826453408,1277.3184814453125,83520,0.0,0.0
2007-07-04 00:00:00+09:00,1270.2749782320022,1277.3190721632957,1265.5790256742475,1267.927001953125,72720,0.0,0.0
2007-07-05 00:00:00+09:00,1267.9268043604668,1277.3188731069854,1267.9268043604668,1270.2747802734375,69120,0.0,0.0
2007-07-06 00:00:00+09:00,1265.5786148608895,1274.9705994750427,1244.446505021263,1249.1424560546875,95616,0.0,0.0
2007-07-09 00:00:00+09:00,1249.1425960180648,1253.8386301249725,1235.0545762446548,1239.7506103515625,119952,0.0,0.0
2007-07-10 00:00:00+09:00,1237.402552024452,1249.1425960180648,1235.0545762446548,1239.7506103515625,97488,0.0,0.0
2007-07-11 00:00:00+09:00,1230.3586321065509,1237.4026425083425,1206.878459855047,1225.66259765625,72576,0.0,0.0
2007-07-12 00:00:00+09:00,1228.0105736077408,1237.4026425083425,1213.9225528041577,1225.66259765625,85536,0.0,0.0
2007-07-13 00:00:00+09:00,1235.0545762446548,1244.4466444584702,1228.0104838106365,1239.7506103515625,64656,0.0,0.0
2007-07-17 00:00:00+09:00,1202.1824845542153,1202.1824845542153,1195.1383917422022,1197.4864501953125,213696,0.0,0.0
2007-07-18 00:00:00+09:00,1204.5303955078125,1213.9224637191671,1197.486385622953,1204.5303955078125,149328,0.0,0.0
2007-07-19 00:00:00+09:00,1206.8782714318938,1213.92236328125,1202.1823202620649,1213.92236328125,68256,0.0,0.0
2007-07-20 00:00:00+09:00,1232.706550418283,1232.706550418283,1216.2704718844195,1218.6185302734375,111024,0.0,0.0
2007-07-23 00:00:00+09:00,1183.398569251802,1192.7906397325728,1183.398569251802,1188.0946044921875,143712,0.0,0.0
2007-07-24 00:00:00+09:00,1176.354051031889,1183.398059585082,1174.0059931492929,1178.7020263671875,100080,0.0,0.0
2007-07-25 00:00:00+09:00,1174.0059814453125,1176.3540393045002,1174.0059814453125,1174.0059814453125,79344,0.0,0.0
2007-07-26 00:00:00+09:00,1178.7021143774764,1178.7021143774764,1164.614013671875,1164.614013671875,132192,0.0,0.0
2007-07-27 00:00:00+09:00,1145.829822057724,1150.525855052948,1136.437756067276,1141.1337890625,131184,0.0,0.0
2007-07-30 00:00:00+09:00,1145.8300237618778,1244.4465689267827,1143.4819655772826,1242.0985107421875,233712,0.0,0.0
2007-07-31 00:00:00+09:00,1258.5347356139482,1279.666849019956,1258.5347356139482,1270.2747802734375,277920,0.0,0.0
2007-08-01 00:00:00+09:00,1267.926814850803,1286.710952499253,1258.5347460265782,1274.9708251953125,146448,0.0,0.0
2007-08-02 00:00:00+09:00,1274.9708697825863,1282.014962920755,1242.0987102955387,1258.5347900390625,116064,0.0,0.0
2007-08-03 00:00:00+09:00,1258.5347796547785,1258.5347796547785,1232.7066309716881,1253.8387451171875,198432,0.0,0.0
2007-08-06 00:00:00+09:00,1249.1423689897515,1265.5785266503572,1220.9662520165527,1263.23046875,118656,0.0,0.0
2007-08-07 00:00:00+09:00,1274.9705106098913,1274.9705106098913,1263.23046875,1263.23046875,88128,0.0,0.0
2007-08-08 00:00:00+09:00,1265.5785498581042,1277.3185919332805,1258.5344585751586,1272.62255859375,126432,0.0,0.0
2007-08-09 00:00:00+09:00,1197.486588487668,1213.922669368298,1152.8742981996772,1185.7464599609375,422784,0.0,0.0
2007-08-10 00:00:00+09:00,1131.7421673335225,1136.4382021721588,1112.9581105263037,1122.35009765625,278640,0.0,0.0
2007-08-13 00:00:00+09:00,1188.0942695537906,1192.7903034703063,1164.6140999712122,1166.962158203125,130464,0.0,0.0
2007-08-14 00:00:00+09:00,1195.1382588478325,1209.226360358003,1188.0942493664015,1192.790283203125,112320,0.0,0.0
2007-08-15 00:00:00+09:00,1176.3541388668614,1176.3541388668614,1164.614013671875,1164.614013671875,78912,0.0,0.0
2007-08-16 00:00:00+09:00,1112.9578037912402,1155.2220231434733,1112.9578037912402,1145.8299560546875,176256,0.0,0.0
2007-08-17 00:00:00+09:00,1148.1780829147358,1148.1780829147358,1065.997691422478,1070.6937255859375,117648,0.0,0.0
2007-08-20 00:00:00+09:00,1084.7816332449554,1103.5657679544777,1056.605513727978,1075.3896484375,211104,0.0,0.0
2007-08-21 00:00:00+09:00,1082.4337624888649,1108.26190894167,1082.4337624888649,1084.78173828125,90144,0.0,0.0
2007-08-22 00:00:00+09:00,1105.9139299769458,1112.9580229543058,1089.4778506086388,1101.2178955078125,73584,0.0,0.0
2007-08-23 00:00:00+09:00,1127.0456900768281,1141.1337890625,1124.6977148528629,1141.1337890625,84384,0.0,0.0
2007-08-24 00:00:00+09:00,1155.2223057409503,1155.2223057409503,1129.3941562022023,1143.482177734375,76320,0.0,0.0
2007-08-27 00:00:00+09:00,1138.7861005798693,1138.7861005798693,1120.0019638692102,1124.697998046875,70848,0.0,0.0
2007-08-28 00:00:00+09:00,1120.0018197060183,1131.7418623653807,1115.3057861328125,1115.3057861328125,39600,0.0,0.0
2007-08-29 00:00:00+09:00,1087.1298073874864,1094.1738173817168,1084.7817490245332,1089.477783203125,62784,0.0,0.0
2007-08-30 00:00:00+09:00,1094.1734268501139,1103.5654918550883,1089.4773943476266,1096.521484375,61200,0.0,0.0
2007-08-31 00:00:00+09:00,1120.0019638692102,1124.697998046875,1108.2619196987057,1124.697998046875,116640,0.0,0.0
2007-09-03 00:00:00+09:00,1112.9576416015625,1124.6976824780343,1103.5655758814685,1112.9576416015625,83808,0.0,0.0
2007-09-04 00:00:00+09:00,1115.3060866719588,1127.0461324948863,1108.2620756876674,1122.35009765625,51696,0.0,0.0
2007-09-05 00:00:00+09:00,1124.6980784837626,1124.6980784837626,1101.2179059161688,1105.9139404296875,76896,0.0,0.0
2007-09-06 00:00:00+09:00,1082.4337732088945,1098.8698515603087,1056.605626500297,1089.477783203125,90144,0.0,0.0
2007-09-07 00:00:00+09:00,1065.9975531730754,1089.477638397923,1058.9534615677783,1080.0855712890625,81504,0.0,0.0
2007-09-10 00:00:00+09:00,900.0715060902899,913.7682521427815,892.2447822678208,905.9415283203125,126662,0.0,0.0
2007-09-11 00:00:00+09:00,1073.0415154783025,1087.12961552777,1065.9975067272185,1077.737548828125,52128,0.0,0.0
2007-09-12 00:00:00+09:00,1096.5220749462226,1101.2180274305979,1080.0859110615902,1087.1300048828125,52560,0.0,0.0
2007-09-13 00:00:00+09:00,1080.085599567575,1080.085599567575,1070.6936147601195,1075.3896484375,31248,0.0,0.0
2007-09-14 00:00:00+09:00,1075.3899487514057,1089.4779711704693,1068.3458549945449,1082.4339599609375,95760,0.0,0.0
2007-09-18 00:00:00+09:00,1080.0857113655425,1080.0857113655425,1070.6937255859375,1070.6937255859375,69984,0.0,0.0
2007-09-19 00:00:00+09:00,1105.9139253371368,1117.654052734375,1105.9139253371368,1117.654052734375,73872,0.0,0.0
2007-09-20 00:00:00+09:00,1127.0460310138897,1134.0901239112459,1117.6540447296125,1131.7420654296875,69984,0.0,0.0
2007-09-21 00:00:00+09:00,1112.9580334736258,1117.6540679871448,1084.781826392513,1105.9139404296875,77904,0.0,0.0
2007-09-25 00:00:00+09:00,1125.6300865193118,1125.6300865193118,1104.3023583888166,1123.2603759765625,31104,15.0,0.0
2007-09-26 00:00:00+09:00,1132.7393663070975,1161.1763943167055,1116.151141623881,1156.4368896484375,79200,0.0,0.0
2007-09-27 00:00:00+09:00,1168.2855201090986,1177.7645287190264,1151.697296697443,1173.0250244140625,29664,0.0,0.0
2007-09-28 00:00:00+09:00,1175.3946107390261,1177.764404296875,1144.5879609784115,1177.764404296875,68112,0.0,0.0
2007-10-01 00:00:00+09:00,1196.7224987613272,1199.092292641081,1170.655349264108,1184.873779296875,52560,0.0,0.0
2007-10-02 00:00:00+09:00,1191.9829508165974,1196.7223714490278,1184.8736532450914,1194.3526611328125,34128,0.0,0.0
2007-10-03 00:00:00+09:00,1194.3530671984242,1196.7227783203125,1168.28582830036,1196.7227783203125,79488,0.0,0.0
2007-10-04 00:00:00+09:00,1180.134149301231,1196.7223714490278,1177.7644389850157,1194.3526611328125,26784,0.0,0.0
2007-10-05 00:00:00+09:00,1189.6131221518365,1189.6131221518365,1175.3946107390261,1177.764404296875,115776,0.0,0.0
2007-10-09 00:00:00+09:00,1177.764404296875,1177.764404296875,1177.764404296875,1177.764404296875,0,0.0,0.0
2007-10-10 00:00:00+09:00,1201.4619574502444,1201.4619574502444,1189.613238437065,1191.9830322265625,40320,0.0,0.0
2007-10-11 00:00:00+09:00,1194.3528157438907,1213.3108339734817,1182.5040960061167,1210.9410400390625,55728,0.0,0.0
2007-10-12 00:00:00+09:00,1206.6754994996954,1206.6754994996954,1201.4620361328125,1201.4620361328125,55728,0.0,0.0
2007-10-15 00:00:00+09:00,1208.5713346554496,1208.5713346554496,1184.873811765728,1201.4620361328125,28656,0.0,0.0
2007-10-16 00:00:00+09:00,1208.5713346554496,1215.6805498666456,1191.983110288365,1201.4620361328125,79776,0.0,0.0
2007-10-17 00:00:00+09:00,1193.878826913172,1193.878826913172,1189.61328125,1189.61328125,79776,0.0,0.0
2007-10-18 00:00:00+09:00,1194.3529301095803,1220.420166015625,1191.9832192596893,1220.420166015625,32256,0.0,0.0
2007-10-19 00:00:00+09:00,1181.556148698613,1189.61328125,1181.556148698613,1189.61328125,32256,0.0,0.0
2007-10-22 00:00:00+09:00,1132.7393184883615,1184.8737843270035,1118.520888395233,1175.394775390625,55296,0.0,0.0
2007-10-23 00:00:00+09:00,1165.9156494140625,1165.9156494140625,1165.9156494140625,1165.9156494140625,55296,0.0,0.0
2007-10-24 00:00:00+09:00,1165.4422966578816,1170.65576171875,1165.4422966578816,1170.65576171875,55296,0.0,0.0
2007-10-25 00:00:00+09:00,1168.2855272223292,1168.2855272223292,1158.8065185546875,1158.8065185546875,55296,0.0,0.0
2007-10-26 00:00:00+09:00,1166.8635242514097,1168.285400390625,1166.8635242514097,1168.285400390625,55296,0.0,0.0
2007-10-29 00:00:00+09:00,1149.3274350982051,1161.1761526471416,1142.2181379197027,1146.9576416015625,107424,0.0,0.0
2007-10-30 00:00:00+09:00,1125.6302459085123,1130.3697509765625,1125.6302459085123,1130.3697509765625,107424,0.0,0.0
2007-10-31 00:00:00+09:00,1149.3274647826815,1177.764404296875,1146.9576712248327,1177.764404296875,67104,0.0,0.0
2007-11-01 00:00:00+09:00,1180.1342322025223,1194.3527450329168,1173.0250174430432,1187.2435302734375,60336,0.0,0.0
2007-11-02 00:00:00+09:00,1165.9158167111373,1165.9158167111373,1158.8065185546875,1158.8065185546875,60336,0.0,0.0
2007-11-05 00:00:00+09:00,1168.2855740736215,1170.6553679912852,1139.8486302417377,1144.588134765625,47520,0.0,0.0
2007-11-06 00:00:00+09:00,1163.071939723668,1163.5458984375,1163.071939723668,1163.5458984375,47520,0.0,0.0
2007-11-07 00:00:00+09:00,1153.5452437949855,1153.5452437949855,1137.4788818359375,1137.4788818359375,47520,0.0,0.0
2007-11-08 00:00:00+09:00,1158.8065185546875,1158.8065185546875,1158.8065185546875,1158.8065185546875,47520,0.0,0.0
2007-11-09 00:00:00+09:00,1165.4420321235339,1165.4420321235339,1139.8487548828125,1139.8487548828125,47520,0.0,0.0
2007-11-12 00:00:00+09:00,1133.6872367916205,1133.6872367916205,1090.0838623046875,1090.0838623046875,47520,0.0,0.0
2007-11-13 00:00:00+09:00,1090.0839092301958,1090.0839092301958,1075.865478515625,1075.865478515625,47520,0.0,0.0
2007-11-14 00:00:00+09:00,1075.8654297276028,1094.8233642578125,1075.8654297276028,1094.8233642578125,47520,0.0,0.0
2007-11-15 00:00:00+09:00,1104.3023253573222,1106.672119140625,1104.3023253573222,1106.672119140625,47520,0.0,0.0
2007-11-16 00:00:00+09:00,1107.1461371020928,1107.1461371020928,1073.4957275390625,1073.4957275390625,47520,0.0,0.0
2007-11-19 00:00:00+09:00,1046.0065404874383,1046.0065404874383,1023.7308959960936,1023.7308959960938,47520,0.0,0.0
2007-11-20 00:00:00+09:00,983.9193072772133,1021.3613891601562,983.9193072772133,1021.3613891601562,47520,0.0,0.0
2007-11-21 00:00:00+09:00,996.2418505351928,996.2418505351928,976.3359985351562,976.3359985351562,47520,0.0,0.0
2007-11-22 00:00:00+09:00,976.3361512852244,976.3361512852244,959.7479248046874,959.7479248046875,47520,0.0,0.0
2007-11-26 00:00:00+09:00,849.1595651122433,853.1091103852937,793.865431420919,807.68896484375,217209,0.0,0.0
2007-11-27 00:00:00+09:00,929.4151479437284,950.2689208984375,929.4151479437284,950.2689208984375,47520,0.0,0.0
2007-11-28 00:00:00+09:00,929.8890767604322,935.576499495811,921.8319431503245,931.784912109375,203616,0.0,0.0
2007-11-29 00:00:00+09:00,959.7478290027279,959.7478290027279,947.8991088867188,947.8991088867188,203616,0.0,0.0
2007-11-30 00:00:00+09:00,1008.0905813951831,1008.0905813951831,995.2939453125,995.2939453125,203616,0.0,0.0
2007-12-03 00:00:00+09:00,997.6637626384661,997.6637626384661,988.1847534179686,988.1847534179688,203616,0.0,0.0
2007-12-04 00:00:00+09:00,984.8669725465721,984.8669725465721,962.1173706054688,962.1173706054688,203616,0.0,0.0
2007-12-05 00:00:00+09:00,962.1173630637501,981.0753784179688,962.1173630637501,981.0753784179688,203616,0.0,0.0
2007-12-06 00:00:00+09:00,966.8571313063537,973.9664306640625,966.8571313063537,973.9664306640625,203616,0.0,0.0
2007-12-07 00:00:00+09:00,973.9659855618875,973.9659855618875,966.856689453125,966.856689453125,203616,0.0,0.0
2007-12-10 00:00:00+09:00,970.1746736397685,992.9241943359375,970.1746736397685,992.9241943359375,203616,0.0,0.0
2007-12-11 00:00:00+09:00,991.5118155543896,992.9241943359375,991.5118155543896,992.9241943359375,203616,0.0,0.0
2007-12-12 00:00:00+09:00,990.5542784194661,1004.772705078125,990.5542784194661,1004.772705078125,203616,0.0,0.0
2007-12-13 00:00:00+09:00,998.137828625801,998.137828625801,978.7059326171875,978.7059326171875,203616,0.0,0.0
2007-12-14 00:00:00+09:00,977.7577507244089,981.0753784179688,977.7577507244089,981.0753784179688,203616,0.0,0.0
2007-12-17 00:00:00+09:00,983.4453674021826,983.4453674021826,959.7479248046874,959.7479248046875,203616,0.0,0.0
2007-12-18 00:00:00+09:00,791.890625,811.6385181844172,779.2519467023129,791.890625,250387,0.0,0.0
2007-12-19 00:00:00+09:00,952.1648807636038,952.1648807636038,946.951416015625,946.951416015625,203616,0.0,0.0
2007-12-20 00:00:00+09:00,951.2168307523116,951.2168307523116,929.8890991210938,929.8890991210938,203616,0.0,0.0
2007-12-21 00:00:00+09:00,929.8888837377636,957.3779907226562,929.8888837377636,957.3779907226562,203616,0.0,0.0
2007-12-25 00:00:00+09:00,981.549337132967,981.549337132967,981.0753784179688,981.0753784179688,203616,0.0,0.0
2007-12-26 00:00:00+09:00,1002.40329397435,1014.2520141601562,1002.40329397435,1014.2520141601562,82080,0.0,0.0
2007-12-27 00:00:00+09:00,1014.2520349799773,1014.2520349799773,1011.88232421875,1011.88232421875,82080,0.0,0.0
2007-12-28 00:00:00+09:00,995.2940519890626,1000.0335565993113,985.8150427685653,988.1847534179688,33408,0.0,0.0
2008-01-04 00:00:00+09:00,971.5964512463771,988.184674400088,936.524169921875,936.524169921875,74160,0.0,0.0
2008-01-07 00:00:00+09:00,934.1543155160264,941.7374877929688,934.1543155160264,941.7374877929688,82080,0.0,0.0
2008-01-08 00:00:00+09:00,941.7377691355883,941.7377691355883,910.4571533203125,910.4571533203125,82080,0.0,0.0
2008-01-09 00:00:00+09:00,906.8152312933073,921.3579101562499,906.8152312933073,921.35791015625,82080,0.0,0.0
2008-01-10 00:00:00+09:00,941.737862697986,941.737862697986,928.9412231445312,928.9412231445312,82080,0.0,0.0
2008-01-11 00:00:00+09:00,921.8319151339176,921.8319151339176,910.4571533203125,910.4571533203125,82080,0.0,0.0
2008-01-15 00:00:00+09:00,911.4048608126493,911.4048608126493,877.7544555664062,877.7544555664062,82080,0.0,0.0
2008-01-16 00:00:00+09:00,863.536002079143,869.6972991241429,829.8855144577516,838.8905639648438,221328,0.0,0.0
2008-01-17 00:00:00+09:00,849.791474107603,871.1192016601561,849.791474107603,871.1192016601562,221328,0.0,0.0
2008-01-18 00:00:00+09:00,860.2183081416649,891.9729614257812,860.2183081416649,891.9729614257812,221328,0.0,0.0
2008-01-21 00:00:00+09:00,863.535995482707,863.535995482707,853.1090698242188,853.1090698242188,221328,0.0,0.0
2008-01-22 00:00:00+09:00,828.937861390806,828.937861390806,805.7142944335939,805.7142944335938,221328,0.0,0.0
2008-01-23 00:00:00+09:00,807.1361553672319,829.4118041992188,807.1361553672319,829.4118041992188,221328,0.0,0.0
2008-01-24 00:00:00+09:00,872.5408542559351,935.1022338867186,872.5408542559351,935.1022338867188,221328,0.0,0.0
2008-01-25 00:00:00+09:00,935.5760864956565,966.856689453125,935.5760864956565,966.856689453125,221328,0.0,0.0
2008-01-28 00:00:00+09:00,956.9042138448295,956.9042138448295,926.0974731445312,926.0974731445312,221328,0.0,0.0
2008-01-29 00:00:00+09:00,943.6334372302099,957.3779907226562,943.6334372302099,957.3779907226562,221328,0.0,0.0
2008-01-30 00:00:00+09:00,957.8517938525738,957.8517938525738,930.8367309570312,930.8367309570312,221328,0.0,0.0
2008-01-31 00:00:00+09:00,1004.772705078125,1004.772705078125,1004.772705078125,1004.772705078125,221328,0.0,0.0
2008-02-01 00:00:00+09:00,1004.7729621411901,1016.6217651367188,1004.7729621411901,1016.6217651367188,221328,0.0,0.0
2008-02-04 00:00:00+09:00,1049.7982552725964,1056.907470703125,1049.7982552725964,1056.907470703125,221328,0.0,0.0
2008-02-05 00:00:00+09:00,1039.3713282171404,1056.907470703125,1039.3713282171404,1056.907470703125,221328,0.0,0.0
2008-02-06 00:00:00+09:00,988.658608389783,990.554443359375,988.658608389783,990.554443359375,221328,0.0,0.0
2008-02-07 00:00:00+09:00,990.554386095078,990.554386095078,981.0753784179688,981.0753784179688,221328,0.0,0.0
2008-02-08 00:00:00+09:00,963.5392467616092,963.5392467616092,962.1173706054688,962.1173706054688,221328,0.0,0.0
2008-02-12 00:00:00+09:00,962.5913616284361,983.4451293945311,962.5913616284361,983.4451293945312,221328,0.0,0.0
2008-02-13 00:00:00+09:00,1006.6685397320364,1006.6685397320364,1004.772705078125,1004.772705078125,221328,0.0,0.0
2008-02-14 00:00:00+09:00,1060.2251305786292,1073.4957275390625,1060.2251305786292,1073.4957275390625,221328,0.0,0.0
2008-02-15 00:00:00+09:00,1047.4282959895288,1068.7560222274283,1030.8400737279885,1064.0166015625,241920,0.0,0.0
2008-02-18 00:00:00+09:00,1068.2821550828583,1068.2821550828583,1045.05859375,1045.05859375,241920,0.0,0.0
2008-02-19 00:00:00+09:00,1045.0587505484295,1056.907470703125,1045.0587505484295,1056.907470703125,241920,0.0,0.0
2008-02-20 00:00:00+09:00,1051.6936893309462,1051.6936893309462,1028.47021484375,1028.47021484375,241920,0.0,0.0
2008-02-21 00:00:00+09:00,1053.1158808373057,1061.64697265625,1053.1158808373057,1061.64697265625,241920,0.0,0.0
2008-02-22 00:00:00+09:00,1050.7462512723125,1059.27734375,1050.7462512723125,1059.27734375,241920,0.0,0.0
2008-02-25 00:00:00+09:00,1101.9328681104994,1101.9328681104994,1085.3446410611339,1092.453857421875,134640,0.0,0.0
2008-02-26 00:00:00+09:00,1068.2822280622343,1068.756103515625,1068.2822280622343,1068.756103515625,134640,0.0,0.0
2008-02-27 00:00:00+09:00,1069.23005755284,1078.235107421875,1069.23005755284,1078.235107421875,134640,0.0,0.0
2008-02-28 00:00:00+09:00,1078.2081954754985,1082.974609375,1078.2081954754985,1082.974609375,134640,0.0,0.0
2008-02-29 00:00:00+09:00,1066.8602788855105,1066.8602788855105,1045.05859375,1045.05859375,134640,0.0,0.0
2008-03-03 00:00:00+09:00,1045.5327709165824,1045.5327709165824,985.8151245117188,985.8151245117188,134640,0.0,0.0
2008-03-04 00:00:00+09:00,981.5491569872488,981.5491569872488,966.856689453125,966.856689453125,134640,0.0,0.0
2008-03-05 00:00:00+09:00,935.5765297153583,950.2689208984375,935.5765297153583,950.2689208984375,134640,0.0,0.0
2008-03-06 00:00:00+09:00,960.6955777607571,962.1173706054688,960.6955777607571,962.1173706054688,134640,0.0,0.0
2008-03-07 00:00:00+09:00,962.1173134894938,962.1173134894938,944.1072998046875,944.1072998046875,134640,0.0,0.0
2008-03-10 00:00:00+09:00,908.0872642532906,908.0872642532906,897.1864624023436,897.1864624023438,134640,0.0,0.0
2008-03-11 00:00:00+09:00,909.0352946115157,914.7227172851562,909.0352946115157,914.7227172851562,134640,0.0,0.0
2008-03-12 00:00:00+09:00,946.4770177708386,946.4770177708386,923.7274169921876,923.7274169921875,134640,0.0,0.0
2008-03-13 00:00:00+09:00,899.0821173498683,899.0821173498683,883.915771484375,883.915771484375,134640,0.0,0.0
2008-03-14 00:00:00+09:00,883.9156351664411,883.9156351664411,857.3744506835938,857.3744506835938,134640,0.0,0.0
2008-03-17 00:00:00+09:00,860.6921284352921,860.6921284352921,822.7761840820312,822.7761840820312,134640,0.0,0.0
2008-03-18 00:00:00+09:00,819.932748683322,840.3125610351562,819.932748683322,840.3125610351562,134640,0.0,0.0
2008-03-19 00:00:00+09:00,873.9629205254623,893.3948974609375,873.9629205254623,893.3948974609375,134640,0.0,0.0
2008-03-21 00:00:00+09:00,922.779890631006,950.2689208984375,922.779890631006,950.2689208984375,134640,0.0,0.0
2008-03-24 00:00:00+09:00,953.5863229379186,953.5863229379186,952.6384887695312,952.6384887695312,134640,0.0,0.0
2008-03-25 00:00:00+09:00,973.0182871671994,983.4451293945311,973.0182871671994,983.4451293945312,134640,0.0,0.0
2008-03-26 00:00:00+09:00,991.989653516621,991.989653516621,980.8491821289062,980.8491821289062,134640,31.0,0.0
2008-03-27 00:00:00+09:00,972.6147229903951,983.2708129882811,972.6147229903951,983.2708129882812,134640,0.0,0.0
2008-03-28 00:00:00+09:00,985.2084173423003,1009.9112548828124,985.2084173423003,1009.9112548828125,134640,0.0,0.0
2008-03-31 00:00:00+09:00,1006.5206182839462,1006.5206182839462,992.958251953125,992.958251953125,134640,0.0,0.0
2008-04-01 00:00:00+09:00,987.145719648006,987.145719648006,978.4270629882812,978.4270629882812,134640,0.0,0.0
2008-04-02 00:00:00+09:00,978.4269955661401,1002.6454467773439,978.4269955661401,1002.6454467773438,134640,0.0,0.0
2008-04-03 00:00:00+09:00,1005.0674574648011,1005.0674574648011,983.2708129882811,983.2708129882812,134640,0.0,0.0
2008-04-04 00:00:00+09:00,957.114978223026,957.114978223026,941.1307983398438,941.1307983398438,134640,0.0,0.0
2008-04-07 00:00:00+09:00,923.2090560106182,936.7714233398438,923.2090560106182,936.7714233398438,134640,0.0,0.0
2008-04-08 00:00:00+09:00,913.521728515625,913.521728515625,913.521728515625,913.521728515625,134640,0.0,0.0
2008-04-09 00:00:00+09:00,914.0057900939337,914.0057900939337,897.0528564453125,897.0528564453125,134640,0.0,0.0
2008-04-10 00:00:00+09:00,869.4439112680435,871.86572265625,869.4439112680435,871.86572265625,134640,0.0,0.0
2008-04-11 00:00:00+09:00,906.2560775681503,914.4903564453125,906.2560775681503,914.4903564453125,134640,0.0,0.0
2008-04-14 00:00:00+09:00,912.0683437514276,912.0683437514276,901.4121704101562,901.4121704101562,134640,0.0,0.0
2008-04-15 00:00:00+09:00,905.2871447935761,908.1934204101562,905.2871447935761,908.1934204101562,134640,0.0,0.0
2008-04-16 00:00:00+09:00,908.6778532079212,929.5057373046875,908.6778532079212,929.5057373046875,134640,0.0,0.0
2008-04-17 00:00:00+09:00,956.6302965122048,956.6302965122048,948.3959350585938,948.3959350585938,134640,0.0,0.0
2008-04-18 00:00:00+09:00,923.209151998229,942.099609375,923.209151998229,942.099609375,134640,0.0,0.0
2008-04-21 00:00:00+09:00,930.4744333159689,932.411865234375,930.4744333159689,932.411865234375,134640,0.0,0.0
2008-04-22 00:00:00+09:00,916.4278738955373,916.4278738955373,914.4903564453125,914.4903564453125,134640,0.0,0.0
2008-04-23 00:00:00+09:00,916.9121833870922,916.9121833870922,915.4590454101562,915.4590454101562,134640,0.0,0.0
2008-04-24 00:00:00+09:00,916.4279089705735,916.4279089705735,899.9593505859375,899.9593505859375,134640,0.0,0.0
2008-04-25 00:00:00+09:00,919.818424762429,919.818424762429,919.3340454101562,919.3340454101562,134640,0.0,0.0
2008-04-28 00:00:00+09:00,937.7400117154947,937.7400117154947,935.318115234375,935.318115234375,134640,0.0,0.0
2008-04-30 00:00:00+09:00,935.3182112290634,938.2244873046875,935.3182112290634,938.2244873046875,134640,0.0,0.0
2008-05-01 00:00:00+09:00,910.6152782332447,912.5527954101561,910.6152782332447,912.5527954101562,134640,0.0,0.0
2008-05-02 00:00:00+09:00,907.2246618712961,908.1934204101562,907.2246618712961,908.1934204101562,134640,0.0,0.0
2008-05-07 00:00:00+09:00,915.9434117725764,916.9121704101562,915.9434117725764,916.9121704101562,134640,0.0,0.0
2008-05-08 00:00:00+09:00,926.1152624393085,926.1152624393085,920.3027954101564,920.3027954101562,134640,0.0,0.0
2008-05-09 00:00:00+09:00,918.3653542768791,918.3653542768791,915.9435424804686,915.9435424804688,134640,0.0,0.0
2008-05-12 00:00:00+09:00,904.3186690139772,909.1622924804688,904.3186690139772,909.1622924804688,134640,0.0,0.0
2008-05-13 00:00:00+09:00,941.1307948645493,961.4743041992189,941.1307948645493,961.4743041992188,134640,0.0,0.0
2008-05-14 00:00:00+09:00,966.8024341801855,980.8491821289062,966.8024341801855,980.8491821289062,134640,0.0,0.0
2008-05-15 00:00:00+09:00,1012.3329281515485,1017.1766357421875,1012.3329281515485,1017.1766357421875,134640,0.0,0.0
2008-05-16 00:00:00+09:00,1018.6296726246082,1024.442138671875,1018.6296726246082,1024.442138671875,134640,0.0,0.0
2008-05-19 00:00:00+09:00,993.4427723238396,1000.2239990234375,993.4427723238396,1000.2239990234375,134640,0.0,0.0
2008-05-20 00:00:00+09:00,992.9583520364246,1002.6457696981704,992.9583520364246,995.3802490234375,134640,0.0,0.0
2008-05-21 00:00:00+09:00,980.8490973589044,980.8490973589044,968.7398681640625,968.7398681640625,134640,0.0,0.0
2008-05-22 00:00:00+09:00,994.4114902286324,995.3802490234376,994.4114902286324,995.3802490234375,134640,0.0,0.0
2008-05-23 00:00:00+09:00,1008.4581216548039,1014.7548828124999,1008.4581216548039,1014.7548828125,134640,0.0,0.0
2008-05-26 00:00:00+09:00,1006.0362249455799,1014.7548828124999,1006.0362249455799,1014.7548828125,134640,0.0,0.0
2008-05-27 00:00:00+09:00,991.5051191450113,997.8018798828125,991.5051191450113,997.8018798828125,134640,0.0,0.0
2008-05-28 00:00:00+09:00,1007.9735974106178,1007.9735974106178,1005.0673217773438,1005.0673217773438,134640,0.0,0.0
2008-05-29 00:00:00+09:00,1033.160905456543,1046.2388916015625,1033.160905456543,1046.2388916015625,134640,0.0,0.0
2008-05-30 00:00:00+09:00,1045.7547221477223,1089.8323974609375,1045.7547221477223,1089.8323974609375,134640,0.0,0.0
2008-06-02 00:00:00+09:00,1077.7230857140376,1080.1448974609375,1077.7230857140376,1080.1448974609375,134640,0.0,0.0
2008-06-03 00:00:00+09:00,1048.6610107421875,1048.6610107421875,1048.6610107421875,1048.6610107421875,134640,0.0,0.0
2008-06-04 00:00:00+09:00,1066.0983519701883,1075.3013916015625,1066.0983519701883,1075.3013916015625,134640,0.0,0.0
2008-06-05 00:00:00+09:00,1058.3482858365508,1065.6138916015625,1058.3482858365508,1065.6138916015625,134640,0.0,0.0
2008-06-06 00:00:00+09:00,1066.582380470851,1066.582380470851,1053.50439453125,1053.50439453125,134640,0.0,0.0
2008-06-09 00:00:00+09:00,1036.551349043049,1036.551349043049,1031.7076416015625,1031.7076416015625,134640,0.0,0.0
2008-06-10 00:00:00+09:00,1031.7080240297596,1031.7080240297596,1007.4895629882812,1007.4895629882812,134640,0.0,0.0
2008-06-11 00:00:00+09:00,1007.4895199972185,1007.4895199972185,1000.2239990234375,1000.2239990234375,134640,0.0,0.0
2008-06-12 00:00:00+09:00,1005.0676657982373,1007.4895629882812,1005.0676657982373,1007.4895629882812,134640,0.0,0.0
2008-06-13 00:00:00+09:00,988.1146432055517,995.3802490234376,988.1146432055517,995.3802490234375,134640,0.0,0.0
2008-06-16 00:00:00+09:00,997.8021445144258,1007.4895629882812,997.8021445144258,1007.4895629882812,134640,0.0,0.0
2008-06-17 00:00:00+09:00,1007.0048388661932,1007.0048388661932,1005.0673217773438,1005.0673217773438,134640,0.0,0.0
2008-06-18 00:00:00+09:00,1000.2238431297286,1019.5985910878048,1000.2238431297286,1014.7548828125,86544,0.0,0.0
2008-06-19 00:00:00+09:00,1007.4895199972185,1007.4895199972185,1000.2239990234375,1000.2239990234375,86544,0.0,0.0
2008-06-20 00:00:00+09:00,1010.8797235948781,1010.8797235948781,1002.6454467773439,1002.6454467773438,86544,0.0,0.0
2008-06-23 00:00:00+09:00,1003.6142691038377,1005.0673217773438,1003.6142691038377,1005.0673217773438,86544,0.0,0.0
2008-06-24 00:00:00+09:00,1006.0360827407783,1017.1766357421875,1006.0360827407783,1017.1766357421875,86544,0.0,0.0
2008-06-25 00:00:00+09:00,1013.3016709863379,1024.442138671875,1013.3016709863379,1024.442138671875,86544,0.0,0.0
2008-06-26 00:00:00+09:00,1022.5045790028488,1022.5045790028488,1019.598388671875,1019.598388671875,86544,0.0,0.0
2008-06-27 00:00:00+09:00,1001.6768292160295,1001.6768292160295,997.8018798828125,997.8018798828125,86544,0.0,0.0
2008-06-30 00:00:00+09:00,996.3487419541796,997.8018798828125,996.3487419541796,997.8018798828125,86544,0.0,0.0
2008-07-01 00:00:00+09:00,997.8020808790426,997.8020808790426,990.5365600585938,990.5365600585938,86544,0.0,0.0
2008-07-02 00:00:00+09:00,990.536557698066,990.536557698066,961.4743041992189,961.4743041992188,86544,0.0,0.0
2008-07-03 00:00:00+09:00,961.9586713245662,961.9586713245662,945.4901123046875,945.4901123046875,86544,0.0,0.0
2008-07-04 00:00:00+09:00,946.458851295551,950.3338012695312,946.458851295551,950.3338012695312,86544,0.0,0.0
2008-07-07 00:00:00+09:00,950.3337903051018,954.208740234375,950.3337903051018,954.208740234375,86544,0.0,0.0
2008-07-08 00:00:00+09:00,925.6307880641125,929.5057373046875,925.6307880641125,929.5057373046875,86544,0.0,0.0
2008-07-09 00:00:00+09:00,937.7400117154947,937.7400117154947,935.318115234375,935.318115234375,86544,0.0,0.0
2008-07-10 00:00:00+09:00,928.5371660144828,929.0215454101562,928.5371660144828,929.0215454101562,86544,0.0,0.0
2008-07-11 00:00:00+09:00,928.0527475437523,928.0527475437523,909.1622924804688,909.1622924804688,86544,0.0,0.0
2008-07-14 00:00:00+09:00,916.427818970954,916.427818970954,911.0997314453125,911.0997314453125,86544,0.0,0.0
2008-07-15 00:00:00+09:00,914.005994516952,924.6621704101562,914.005994516952,924.6621704101562,86544,0.0,0.0
2008-07-16 00:00:00+09:00,934.8340454101561,934.8340454101561,934.8340454101561,934.8340454101562,86544,0.0,0.0
2008-07-17 00:00:00+09:00,934.3494794161311,940.646240234375,934.3494794161311,940.646240234375,86544,0.0,0.0
2008-07-18 00:00:00+09:00,942.5839888096003,948.396371738484,938.2246590413577,942.099609375,44352,0.0,0.0
2008-07-22 00:00:00+09:00,968.7398930252132,995.3802490234376,954.2087665325945,995.3802490234375,70416,0.0,0.0
2008-07-23 00:00:00+09:00,979.3960438484033,980.8491821289062,979.3960438484033,980.8491821289062,70416,0.0,0.0
2008-07-24 00:00:00+09:00,997.8020258027467,1009.9112548828124,997.8020258027467,1009.9112548828125,70416,0.0,0.0
2008-07-25 00:00:00+09:00,1000.2239578543105,1000.2239578543105,995.3802490234376,995.3802490234375,70416,0.0,0.0
2008-07-28 00:00:00+09:00,985.692709676307,985.692709676307,983.2708129882811,983.2708129882812,70416,0.0,0.0
2008-07-29 00:00:00+09:00,954.2085183953347,966.8021240234375,954.2085183953347,966.8021240234375,70416,0.0,0.0
2008-07-30 00:00:00+09:00,953.2397248255322,955.66162109375,953.2397248255322,955.66162109375,70416,0.0,0.0
2008-07-31 00:00:00+09:00,960.0211620002711,967.2866821289061,960.0211620002711,967.2866821289062,70416,0.0,0.0
2008-08-01 00:00:00+09:00,968.2553978129846,968.2553978129846,945.0056152343749,945.005615234375,70416,0.0,0.0
2008-08-04 00:00:00+09:00,908.6781616210939,908.6781616210939,908.6781616210939,908.6781616210938,70416,0.0,0.0
2008-08-05 00:00:00+09:00,908.6780091593507,908.6780091593507,899.9593505859375,899.9593505859375,70416,0.0,0.0
2008-08-06 00:00:00+09:00,909.6465062693434,922.2401123046874,909.6465062693434,922.2401123046875,70416,0.0,0.0
2008-08-07 00:00:00+09:00,891.2278050051942,891.2278050051942,889.7873535156249,889.787353515625,70416,0.0,0.0
2008-08-08 00:00:00+09:00,876.7093587230298,893.6622924804688,876.7093587230298,893.6622924804688,70416,0.0,0.0
2008-08-11 00:00:00+09:00,895.5997825725883,899.4747314453125,895.5997825725883,899.4747314453125,70416,0.0,0.0
2008-08-12 00:00:00+09:00,888.8188880754476,888.8188880754476,879.1314697265626,879.1314697265625,70416,0.0,0.0
2008-08-13 00:00:00+09:00,878.6468652472225,878.6468652472225,874.2875366210938,874.2875366210938,70416,0.0,0.0
2008-08-14 00:00:00+09:00,872.8346321526172,872.8346321526172,860.7254028320312,860.7254028320312,70416,0.0,0.0
2008-08-15 00:00:00+09:00,865.5690873727781,866.053466796875,865.5690873727781,866.053466796875,70416,0.0,0.0
2008-08-18 00:00:00+09:00,884.4595583327653,884.4595583327653,879.1314697265626,879.1314697265625,70416,0.0,0.0
2008-08-19 00:00:00+09:00,854.9129265647922,867.0221557617188,854.9129265647922,867.0221557617188,70416,0.0,0.0
2008-08-20 00:00:00+09:00,866.53776119335,866.53776119335,853.9441528320312,853.9441528320312,70416,0.0,0.0
2008-08-21 00:00:00+09:00,837.9600425376545,852.9754638671875,837.9600425376545,852.9754638671875,70416,0.0,0.0
2008-08-22 00:00:00+09:00,853.4597734554633,853.9441528320312,853.4597734554633,853.9441528320312,70416,0.0,0.0
2008-08-25 00:00:00+09:00,854.4285404387546,882.5220336914062,854.4285404387546,882.5220336914062,70416,0.0,0.0
2008-08-26 00:00:00+09:00,882.5220484713993,900.9280395507812,882.5220484713993,900.9280395507812,70416,0.0,0.0
2008-08-27 00:00:00+09:00,885.9126966280458,885.9126966280458,879.1314697265626,879.1314697265625,70416,0.0,0.0
2008-08-28 00:00:00+09:00,869.4441321403243,879.6158447265625,869.4441321403243,879.6158447265625,70416,0.0,0.0
2008-08-29 00:00:00+09:00,896.5686458157955,918.8496704101562,896.5686458157955,918.8496704101562,70416,0.0,0.0
2008-09-01 00:00:00+09:00,918.8494859740217,918.8494859740217,895.5997924804688,895.5997924804688,70416,0.0,0.0
2008-09-02 00:00:00+09:00,869.9284057617188,869.9284057617188,869.9284057617188,869.9284057617188,70416,0.0,0.0
2008-09-03 00:00:00+09:00,849.1004949504381,849.1004949504381,840.3818359375,840.3818359375,70416,0.0,0.0
2008-09-04 00:00:00+09:00,839.8974352678728,839.8974352678728,825.3663940429686,825.3663940429688,70416,0.0,0.0
2008-09-05 00:00:00+09:00,812.7726595143149,813.7413330078125,812.7726595143149,813.7413330078125,70416,0.0,0.0
2008-09-08 00:00:00+09:00,852.0067645872388,852.0067645872388,843.7723999023438,843.7723999023438,70416,0.0,0.0
2008-09-09 00:00:00+09:00,843.7723829770841,843.7723829770841,828.2725830078126,828.2725830078125,70416,0.0,0.0
2008-09-10 00:00:00+09:00,812.7727619671633,816.647711859022,794.8510655028484,801.1478271484375,126720,0.0,0.0
2008-09-11 00:00:00+09:00,795.819808237859,795.819808237859,780.3200073242188,780.3200073242188,126720,0.0,0.0
2008-09-12 00:00:00+09:00,794.8509694317603,794.8509694317603,792.9134521484375,792.9134521484375,126720,0.0,0.0
2008-09-16 00:00:00+09:00,793.3980032609394,793.3980032609394,776.929443359375,776.929443359375,126720,0.0,0.0
2008-09-17 00:00:00+09:00,789.5231412839701,789.5231412839701,788.5543823242188,788.5543823242188,126720,0.0,0.0
2008-09-18 00:00:00+09:00,777.413860748283,799.2105102539062,777.413860748283,799.2105102539062,126720,0.0,0.0
2008-09-19 00:00:00+09:00,798.2416208470007,805.5071411132812,798.2416208470007,805.5071411132812,126720,0.0,0.0
2008-09-22 00:00:00+09:00,803.5698375621567,803.5698375621567,802.11669921875,802.11669921875,126720,0.0,0.0
2008-09-24 00:00:00+09:00,810.350905575563,823.4288940429688,810.350905575563,823.4288940429688,126720,0.0,0.0
2008-09-25 00:00:00+09:00,836.5769380079395,836.5769380079395,827.1574096679688,827.1574096679688,105600,15.0,1.2
2008-09-26 00:00:00+09:00,777.1159583782328,778.8821310109106,762.3978243596184,768.2850952148438,159240,0.0,0.0
2008-09-29 00:00:00+09:00,768.8737642854876,768.8737642854876,754.744384765625,754.744384765625,159240,0.0,0.0
2008-09-30 00:00:00+09:00,711.1787855780666,748.8571166992188,711.1787855780666,748.8571166992188,159240,0.0,0.0
2008-10-01 00:00:00+09:00,748.8570576746323,750.6232299804688,748.8570576746323,750.6232299804688,159240,0.0,0.0
2008-10-02 00:00:00+09:00,745.3245559072361,745.3245559072361,730.0177612304688,730.0177612304688,159240,0.0,0.0
2008-10-03 00:00:00+09:00,706.4690054340715,706.4690054340715,691.7509155273438,691.7509155273438,159240,0.0,0.0
2008-10-06 00:00:00+09:00,688.2185078509492,688.2185078509492,658.7822875976562,658.7822875976562,159240,0.0,0.0
2008-10-07 00:00:00+09:00,641.1205797128972,649.3627319335938,641.1205797128972,649.3627319335938,159240,0.0,0.0
2008-10-08 00:00:00+09:00,649.3626302306592,649.3626302306592,609.9180908203125,609.9180908203125,159240,0.0,0.0
2008-10-09 00:00:00+09:00,634.0559006382042,634.0559006382042,626.9912109375,626.9912109375,159240,0.0,0.0
2008-10-10 00:00:00+09:00,599.3212363860082,608.152099609375,599.3212363860082,608.152099609375,159240,0.0,0.0
2008-10-14 00:00:00+09:00,611.0956438762386,724.1306762695312,611.0956438762386,724.1306762695312,159240,0.0,0.0
2008-10-15 00:00:00+09:00,704.1139558523693,704.1139558523693,699.9928588867188,699.9928588867188,159240,0.0,0.0
2008-10-16 00:00:00+09:00,647.0078700401781,647.0078700401781,643.4755249023438,643.4755249023438,159240,0.0,0.0
2008-10-17 00:00:00+09:00,667.6131817157452,688.8072509765625,667.6131817157452,688.8072509765625,159240,0.0,0.0
2008-10-20 00:00:00+09:00,674.0891542686777,681.7425537109375,674.0891542686777,681.7425537109375,159240,0.0,0.0
2008-10-21 00:00:00+09:00,692.9282836914062,692.9282836914062,692.9282836914062,692.9282836914062,159240,0.0,0.0
2008-10-22 00:00:00+09:00,657.6047663367118,657.6047663367118,638.765625,638.765625,159240,0.0,0.0
2008-10-23 00:00:00+09:00,582.2482222134138,600.4986572265625,582.2482222134138,600.4986572265625,159240,0.0,0.0
2008-10-24 00:00:00+09:00,598.14363244589,598.14363244589,535.150146484375,535.150146484375,159240,0.0,0.0
2008-10-27 00:00:00+09:00,535.7388494235128,535.7388494235128,529.8516235351562,529.8516235351562,159240,0.0,0.0
2008-10-28 00:00:00+09:00,521.6095696505237,588.72412109375,521.6095696505237,588.72412109375,159240,0.0,0.0
2008-10-29 00:00:00+09:00,589.3129014192779,615.2167358398438,589.3129014192779,615.2167358398438,159240,0.0,0.0
2008-10-30 00:00:00+09:00,607.5633023889536,647.5965576171875,607.5633023889536,647.5965576171875,159240,0.0,0.0
2008-10-31 00:00:00+09:00,648.7740727271723,648.7740727271723,619.337890625,619.337890625,159240,0.0,0.0
2008-11-04 00:00:00+09:00,619.9265899658203,635.8221435546875,619.9265899658203,635.8221435546875,111120,0.0,0.0
2008-11-05 00:00:00+09:00,635.2335016557236,684.6863403320312,635.2335016557236,684.6863403320312,111120,0.0,0.0
2008-11-06 00:00:00+09:00,705.29139877872,705.29139877872,697.6380004882812,697.6380004882812,111120,0.0,0.0
2008-11-07 00:00:00+09:00,672.9116302564125,672.9116302564125,658.1935424804688,658.1935424804688,111120,0.0,0.0
2008-11-10 00:00:00+09:00,690.5732877867524,705.880126953125,690.5732877867524,705.880126953125,111120,0.0,0.0
2008-11-11 00:00:00+09:00,681.7424694010416,681.7424694010416,662.3145751953125,662.3145751953125,111120,0.0,0.0
2008-11-12 00:00:00+09:00,660.5485513637716,660.5485513637716,654.0725708007812,654.0725708007812,111120,0.0,0.0
2008-11-13 00:00:00+09:00,619.9265098243866,619.9265098243866,616.3941650390625,616.3941650390625,111120,0.0,0.0
2008-11-14 00:00:00+09:00,616.9828740993556,647.5965576171875,616.9828740993556,647.5965576171875,111120,0.0,0.0
2008-11-17 00:00:00+09:00,647.5966333572392,654.0725708007812,647.5966333572392,654.0725708007812,111120,0.0,0.0
2008-11-18 00:00:00+09:00,654.6612495901084,698.226806640625,654.6612495901084,698.226806640625,111120,0.0,0.0
2008-11-19 00:00:00+09:00,698.226752286889,711.1787109375,698.226752286889,711.1787109375,111120,0.0,0.0
2008-11-20 00:00:00+09:00,712.3562104625546,721.1870727539062,712.3562104625546,721.1870727539062,111120,0.0,0.0
2008-11-21 00:00:00+09:00,721.775922586329,788.8904418945312,721.775922586329,788.8904418945312,111120,0.0,0.0
2008-11-25 00:00:00+09:00,790.0676823648128,790.0676823648128,778.8818969726562,778.8818969726562,26760,0.0,0.0
2008-11-26 00:00:00+09:00,774.1723739762092,774.1723739762092,767.6963500976562,767.6963500976562,26760,0.0,0.0
2008-11-27 00:00:00+09:00,772.9334145466428,785.3578491210938,772.9334145466428,785.3578491210938,26760,0.0,0.0
2008-11-28 00:00:00+09:00,785.9466233364371,785.9466233364371,759.4540405273438,759.4540405273438,26760,0.0,0.0
2008-12-01 00:00:00+09:00,759.4540993377964,759.4540993377964,750.0344848632812,750.0344848632812,26760,0.0,0.0
2008-12-02 00:00:00+09:00,750.6232619712082,750.6232619712082,731.7841186523438,731.7841186523438,26760,0.0,0.0
2008-12-03 00:00:00+09:00,738.2601247593977,738.2601247593977,731.1954345703125,731.1954345703125,26760,0.0,0.0
2008-12-04 00:00:00+09:00,756.5106237243762,756.5106237243762,742.9699096679688,742.9699096679688,26760,0.0,0.0
2008-12-05 00:00:00+09:00,743.558448547642,773.5833740234375,743.558448547642,773.5833740234375,26760,0.0,0.0
2008-12-08 00:00:00+09:00,780.0594632949545,794.1888427734375,780.0594632949545,794.1888427734375,26760,0.0,0.0
2008-12-09 00:00:00+09:00,802.431038295145,802.431038295145,794.1888427734375,794.1888427734375,26760,0.0,0.0
2008-12-10 00:00:00+09:00,794.7774891222377,814.2053833007814,794.7774891222377,814.2053833007812,26760,0.0,0.0
2008-12-11 00:00:00+09:00,823.6252076203394,840.6981811523438,823.6252076203394,840.6981811523438,26760,0.0,0.0
2008-12-12 00:00:00+09:00,835.9881769145666,835.9881769145666,787.1240234375,787.1240234375,26760,0.0,0.0
2008-12-15 00:00:00+09:00,772.9948120117188,772.9948120117188,772.9948120117188,772.9948120117188,26760,0.0,0.0
2008-12-16 00:00:00+09:00,757.688059418777,768.2850952148438,757.688059418777,768.2850952148438,124080,0.0,0.0
2008-12-17 00:00:00+09:00,768.8735751398953,793.01123046875,768.8735751398953,793.01123046875,122040,0.0,0.0
2008-12-18 00:00:00+09:00,801.2533667112684,801.2533667112684,774.172119140625,774.172119140625,119520,0.0,0.0
2008-12-19 00:00:00+09:00,774.7609562816249,774.7609562816249,721.1870727539062,721.1870727539062,129360,0.0,0.0
2008-12-22 00:00:00+09:00,721.1869273190389,723.5418090820312,721.1869273190389,723.5418090820312,72720,0.0,0.0
2008-12-24 00:00:00+09:00,724.1308225345998,724.1308225345998,712.3563232421875,712.3563232421875,41640,0.0,0.0
2008-12-25 00:00:00+09:00,738.7028715839797,738.7028715839797,738.2599487304688,738.2599487304688,34920,0.0,0.0
2008-12-26 00:00:00+09:00,730.6065734746674,737.0825960151441,730.0179068719921,735.9050903320312,22440,0.0,0.0
2008-12-29 00:00:00+09:00,744.1473501257279,755.9218043126506,724.1307003929597,754.744384765625,34080,0.0,0.0
2008-12-30 00:00:00+09:00,731.1954087967857,765.3414389200663,731.1954087967857,757.0992431640625,17280,0.0,0.0
2009-01-05 00:00:00+09:00,777.7046946989628,780.0595339995604,754.7444509653111,760.04296875,7080,0.0,0.0
2009-01-06 00:00:00+09:00,763.5750771862712,763.5750771862712,753.5667114257812,753.5667114257812,78600,0.0,0.0
2009-01-07 00:00:00+09:00,765.3413176550458,765.3413176550458,758.8652954101562,758.8652954101562,61200,0.0,0.0
2009-01-08 00:00:00+09:00,720.5982877022533,720.5982877022533,708.8237915039062,708.8237915039062,79200,0.0,0.0
2009-01-09 00:00:00+09:00,687.0410373126634,687.0410373126634,682.9199829101562,682.9199829101562,87480,0.0,0.0
2009-01-13 00:00:00+09:00,649.9514956812957,649.9514956812957,642.298095703125,642.298095703125,168000,0.0,0.0
2009-01-14 00:00:00+09:00,641.1205853552381,654.6612548828125,641.1205853552381,654.6612548828125,70200,0.0,0.0
2009-01-15 00:00:00+09:00,631.7009637845615,631.7009637845615,602.8534545898438,602.8534545898438,294000,0.0,0.0
2009-01-16 00:00:00+09:00,604.6196161925635,652.89501953125,604.6196161925635,652.89501953125,186360,0.0,0.0
2009-01-19 00:00:00+09:00,656.4274388497084,658.1936112922464,643.4754788581348,657.6048583984375,69240,0.0,0.0
2009-01-20 00:00:00+09:00,652.3063736701939,664.0808715820312,652.3063736701939,664.0808715820312,69600,0.0,0.0
2009-01-21 00:00:00+09:00,649.9513756997957,649.9513756997957,638.1768798828125,638.1768798828125,144840,0.0,0.0
2009-01-22 00:00:00+09:00,638.1769683784452,672.322998046875,638.1769683784452,672.322998046875,90480,0.0,0.0
2009-01-23 00:00:00+09:00,672.3230058606897,672.3230058606897,646.4191284179688,646.4191284179688,96240,0.0,0.0
2009-01-26 00:00:00+09:00,647.0077908724506,658.7822875976562,647.0077908724506,658.7822875976562,56040,0.0,0.0
2009-01-27 00:00:00+09:00,652.3064445806274,676.4441528320312,652.3064445806274,676.4441528320312,72360,0.0,0.0
2009-01-28 00:00:00+09:00,677.032705106027,677.032705106027,675.8552856445312,675.8552856445312,53880,0.0,0.0
2009-01-29 00:00:00+09:00,676.4441528320312,676.4441528320312,676.4441528320312,676.4441528320312,80640,0.0,0.0
2009-01-30 00:00:00+09:00,677.0327506474439,677.0327506474439,628.7573852539062,628.7573852539062,135840,0.0,0.0
2009-02-02 00:00:00+09:00,628.7573795480702,628.7573795480702,623.4588623046875,623.4588623046875,51120,0.0,0.0
2009-02-03 00:00:00+09:00,623.4588958182175,623.4588958182175,622.2814331054688,622.2814331054688,24120,0.0,0.0
2009-02-04 00:00:00+09:00,628.800867919468,645.2415771484375,628.800867919468,645.2415771484375,47520,0.0,0.0
2009-02-05 00:00:00+09:00,641.7093362519371,641.7093362519371,627.5799560546875,627.5799560546875,49560,0.0,0.0
2009-02-06 00:00:00+09:00,628.1686218051487,628.1686218051487,612.2730712890625,612.2730712890625,79080,0.0,0.0
2009-02-09 00:00:00+09:00,594.6113379051021,595.7887573242188,594.6113379051021,595.7887573242188,64920,0.0,0.0
2009-02-10 00:00:00+09:00,569.8849026884402,582.2481079101562,566.9412680244095,582.2481079101562,95040,0.0,0.0
2009-02-12 00:00:00+09:00,569.296268198078,572.82861328125,569.296268198078,572.82861328125,79440,0.0,0.0
2009-02-13 00:00:00+09:00,579.3044636023927,579.3044636023927,567.5299682617188,567.5299682617188,198360,0.0,0.0
2009-02-16 00:00:00+09:00,597.5550794861593,597.5550794861593,596.9663696289062,596.9663696289062,116520,0.0,0.0
2009-02-17 00:00:00+09:00,594.6112632779813,594.6112632779813,585.191650390625,585.191650390625,70680,0.0,0.0
2009-02-18 00:00:00+09:00,589.3129280732168,589.3129280732168,581.6594848632812,581.6594848632812,40680,0.0,0.0
2009-02-19 00:00:00+09:00,570.4736778725234,579.8932495117188,570.4736778725234,579.8932495117188,59640,0.0,0.0
2009-02-20 00:00:00+09:00,571.0625539111294,571.0625539111294,558.1106337458748,562.231689453125,93360,0.0,0.0
2009-02-23 00:00:00+09:00,568.1187210563866,568.1187210563866,567.5299682617188,567.5299682617188,35160,0.0,0.0
2009-02-24 00:00:00+09:00,570.4736663700359,576.9496459960938,570.4736663700359,576.9496459960938,41880,0.0,0.0
2009-02-25 00:00:00+09:00,591.6676764614072,602.2647094726562,591.6676764614072,602.2647094726562,64800,0.0,0.0
2009-02-26 00:00:00+09:00,602.8533651678373,602.8533651678373,587.5465698242188,587.5465698242188,47400,0.0,0.0
2009-02-27 00:00:00+09:00,581.6593153336565,592.25634765625,581.6593153336565,592.25634765625,22320,0.0,0.0
2009-03-02 00:00:00+09:00,592.2565141180489,592.2565141180489,584.014404296875,584.014404296875,40440,0.0,0.0
2009-03-03 00:00:00+09:00,589.9015640076707,589.9015640076707,571.0623779296875,571.0623779296875,54720,0.0,0.0
2009-03-04 00:00:00+09:00,606.3858016108851,612.2730712890625,606.3858016108851,612.2730712890625,72840,0.0,0.0
2009-03-05 00:00:00+09:00,639.3544441313908,639.3544441313908,626.4025268554688,626.4025268554688,62640,0.0,0.0
2009-03-06 00:00:00+09:00,618.1604222173299,618.1604222173299,604.6197509765625,604.6197509765625,54360,0.0,0.0
2009-03-09 00:00:00+09:00,605.2083039275717,605.2083039275717,598.1436157226562,598.1436157226562,36120,0.0,0.0
2009-03-10 00:00:00+09:00,576.9497052378991,576.9497052378991,575.1835327148438,575.1835327148438,59640,0.0,0.0
2009-03-11 00:00:00+09:00,576.9496614642934,583.4255981445312,576.9496614642934,583.4255981445312,42120,0.0,0.0
2009-03-12 00:00:00+09:00,583.4254880742894,583.4254880742894,572.23974609375,572.23974609375,36000,0.0,0.0
2009-03-13 00:00:00+09:00,566.352519613978,592.25634765625,566.352519613978,592.25634765625,120000,0.0,0.0
2009-03-16 00:00:00+09:00,623.4588660871478,626.9912109375,623.4588660871478,626.9912109375,84360,0.0,0.0
2009-03-17 00:00:00+09:00,630.5237491959525,673.5006103515625,630.5237491959525,673.5006103515625,155280,0.0,0.0
2009-03-18 00:00:00+09:00,676.443877825941,679.3875122070312,676.443877825941,679.3875122070312,60240,0.0,0.0
2009-03-19 00:00:00+09:00,679.3876860134887,679.3876860134887,670.5568237304688,670.5568237304688,84600,0.0,0.0
2009-03-23 00:00:00+09:00,700.581787109375,700.581787109375,700.581787109375,700.581787109375,87600,0.0,0.0
2009-03-24 00:00:00+09:00,720.5982333339526,721.7756958007812,720.5982333339526,721.7756958007812,99480,0.0,0.0
2009-03-25 00:00:00+09:00,734.72779449352,737.67138671875,734.72779449352,737.67138671875,83280,0.0,0.0
2009-03-26 00:00:00+09:00,730.4687138179654,741.2726440429688,730.4687138179654,741.2726440429688,34680,20.0,0.0
2009-03-27 00:00:00+09:00,732.8694979039634,738.271484375,732.8694979039634,738.271484375,104760,0.0,0.0
2009-03-30 00:00:00+09:00,738.2715359194191,738.2715359194191,699.857421875,699.857421875,84960,0.0,0.0
2009-03-31 00:00:00+09:00,700.4576469084811,700.4576469084811,689.053466796875,689.053466796875,61080,0.0,0.0
2009-04-01 00:00:00+09:00,698.0566571713881,698.0566571713881,696.856201171875,696.856201171875,52920,0.0,0.0
2009-04-02 00:00:00+09:00,697.4565411627111,741.2726440429688,697.4565411627111,741.2726440429688,57720,0.0,0.0
2009-04-03 00:00:00+09:00,739.4719272564215,774.885009765625,739.4719272564215,774.885009765625,83880,0.0,0.0
2009-04-06 00:00:00+09:00,772.4841156359917,772.4841156359917,762.8805541992188,762.8805541992188,42480,0.0,0.0
2009-04-07 00:00:00+09:00,762.2805630581473,762.2805630581473,738.8719482421875,738.8719482421875,38280,0.0,0.0
2009-04-08 00:00:00+09:00,711.2615673903701,714.2626857040716,696.8562698229703,701.0578002929688,34320,0.0,0.0
2009-04-09 00:00:00+09:00,736.47082315387,756.8783569335938,736.47082315387,756.8783569335938,55560,0.0,0.0
2009-04-10 00:00:00+09:00,751.4764214666735,761.0798950195312,751.4764214666735,761.0798950195312,27480,0.0,0.0
2009-04-13 00:00:00+09:00,750.2759835902197,750.2759835902197,743.673583984375,743.673583984375,21720,0.0,0.0
2009-04-14 00:00:00+09:00,732.8697090239968,754.4776611328125,732.8697090239968,754.4776611328125,40080,0.0,0.0
2009-04-15 00:00:00+09:00,750.8761783794765,750.8761783794765,740.0722045898438,740.0722045898438,36720,0.0,0.0
2009-04-16 00:00:00+09:00,740.0722341325063,740.0722341325063,731.6691284179688,731.6691284179688,20760,0.0,0.0
2009-04-17 00:00:00+09:00,732.2694266701561,746.6746826171875,732.2694266701561,746.6746826171875,24720,0.0,0.0
2009-04-20 00:00:00+09:00,741.8728545039534,747.2748413085938,741.8728545039534,747.2748413085938,49320,0.0,0.0
2009-04-21 00:00:00+09:00,710.0611572265625,710.0611572265625,710.0611572265625,710.0611572265625,38520,0.0,0.0
2009-04-22 00:00:00+09:00,714.262760954184,714.262760954184,693.855224609375,693.855224609375,31440,0.0,0.0
2009-04-23 00:00:00+09:00,698.0568177810592,709.4609985351562,698.0568177810592,709.4609985351562,51840,0.0,0.0
2009-04-24 00:00:00+09:00,695.6558243334019,695.6558243334019,686.0523071289062,686.0523071289062,34920,0.0,0.0
2009-04-27 00:00:00+09:00,713.0621593386628,713.0621593386628,696.856201171875,696.856201171875,63360,0.0,0.0
2009-04-28 00:00:00+09:00,687.8529298231916,687.8529298231916,663.8441162109375,663.8441162109375,69600,0.0,0.0
2009-04-30 00:00:00+09:00,681.8505249023438,681.8505249023438,681.8505249023438,681.8505249023438,43440,0.0,0.0
2009-05-01 00:00:00+09:00,669.8462224389106,680.0499877929688,669.8462224389106,680.0499877929688,52680,0.0,0.0
2009-05-07 00:00:00+09:00,699.2572596270659,699.2572596270659,693.2550659179688,693.2550659179688,74280,0.0,0.0
2009-05-08 00:00:00+09:00,693.254953739584,813.299072265625,693.254953739584,813.299072265625,282840,0.0,0.0
2009-05-11 00:00:00+09:00,813.8994218969896,827.1043090820312,813.8994218969896,827.1043090820312,208800,0.0,0.0
2009-05-12 00:00:00+09:00,827.1040698208797,827.1040698208797,822.3022460937499,822.30224609375,166920,0.0,0.0
2009-05-13 00:00:00+09:00,823.5028803704823,823.5028803704823,797.693359375,797.693359375,82080,0.0,0.0
2009-05-14 00:00:00+09:00,765.281476263448,765.281476263448,758.6790771484375,758.6790771484375,114960,0.0,0.0
2009-05-15 00:00:00+09:00,804.2956793635287,808.4972534179688,804.2956793635287,808.4972534179688,94800,0.0,0.0
2009-05-18 00:00:00+09:00,767.6823788790865,767.6823788790865,762.8805541992188,762.8805541992188,45120,0.0,0.0
2009-05-19 00:00:00+09:00,773.0844179793711,803.6956787109375,773.0844179793711,803.6956787109375,47880,0.0,0.0
2009-05-20 00:00:00+09:00,802.248833066683,808.4972534179688,802.248833066683,808.4972534179688,65040,0.0,0.0
2009-05-21 00:00:00+09:00,801.9445953056697,809.09765625,801.9445953056697,809.09765625,66840,0.0,0.0
2009-05-22 00:00:00+09:00,815.6999724497921,820.501708984375,815.6999724497921,820.501708984375,76080,0.0,0.0
2009-05-25 00:00:00+09:00,846.3113163502518,846.3113163502518,843.3102416992188,843.3102416992188,77640,0.0,0.0
2009-05-26 00:00:00+09:00,820.5019122929095,826.5041503906251,820.5019122929095,826.504150390625,31320,0.0,0.0
2009-05-27 00:00:00+09:00,807.2969391078111,807.2969391078111,805.4962768554688,805.4962768554688,94560,0.0,0.0
2009-05-28 00:00:00+09:00,806.096391062978,833.1063232421875,806.096391062978,833.1063232421875,101040,0.0,0.0
2009-05-29 00:00:00+09:00,833.7066286862552,833.7066286862552,819.3013305664062,819.3013305664062,88680,0.0,0.0
2009-06-01 00:00:00+09:00,803.6956173084102,803.6956173084102,802.4951171875,802.4951171875,89400,0.0,0.0
2009-06-02 00:00:00+09:00,803.0956430529757,816.9006958007812,803.0956430529757,816.9006958007812,74280,0.0,0.0
2009-06-03 00:00:00+09:00,823.5029650666569,823.5029650666569,803.6956787109375,803.6956787109375,103080,0.0,0.0
2009-06-04 00:00:00+09:00,809.0974147667627,809.0974147667627,807.2967529296875,807.2967529296875,117360,0.0,0.0
2009-06-05 00:00:00+09:00,805.496313523918,805.496313523918,801.2947387695312,801.2947387695312,55200,0.0,0.0
2009-06-08 00:00:00+09:00,797.6935152636172,797.6935152636172,795.2926025390625,795.2926025390625,131520,0.0,0.0
2009-06-09 00:00:00+09:00,794.0919189453125,794.0919189453125,794.0919189453125,794.0919189453125,86160,0.0,0.0
2009-06-10 00:00:00+09:00,797.6931285548346,810.8980102539061,797.6931285548346,810.8980102539062,130440,0.0,0.0
2009-06-11 00:00:00+09:00,801.2947387695312,804.8960634381583,795.8927517665905,801.2947387695312,44400,0.0,0.0
2009-06-12 00:00:00+09:00,816.3003137100685,827.1042880624533,814.4996513180043,821.10205078125,208200,0.0,0.0
2009-06-15 00:00:00+09:00,801.2946717264401,809.697732609177,798.8937595072475,804.89599609375,125880,0.0,0.0
2009-06-16 00:00:00+09:00,780.2868597608889,785.088595563722,776.6855359280278,783.88818359375,100920,0.0,0.0
2009-06-17 00:00:00+09:00,797.6933227335303,804.2957212287896,795.2924105884563,800.6943969726562,98760,0.0,0.0
2009-06-18 00:00:00+09:00,791.6912843337097,793.4919469121207,782.0878091975028,792.8917846679688,73080,0.0,0.0
2009-06-19 00:00:00+09:00,801.2946533645643,803.0953155069565,791.69109263082,798.2935791015625,125400,0.0,0.0
2009-06-22 00:00:00+09:00,824.1031254603676,837.3080123098274,821.10205078125,821.10205078125,128520,0.0,0.0
2009-06-23 00:00:00+09:00,819.9015831513351,836.1075435860198,819.9015831513351,834.9070434570312,107400,0.0,0.0
2009-06-24 00:00:00+09:00,769.483066837647,801.8949888552909,769.483066837647,801.2947387695312,171120,0.0,0.0
2009-06-25 00:00:00+09:00,824.7033868411412,835.5073613412434,812.0987499243552,832.5062866210938,112200,0.0,0.0
2009-06-26 00:00:00+09:00,837.3079195337793,870.3200890381045,834.3068451871892,856.5149536132812,196680,0.0,0.0
2009-06-29 00:00:00+09:00,876.3223380013363,905.1329363786183,875.7221758171221,887.7265625,137520,0.0,0.0
2009-06-30 00:00:00+09:00,877.5227753831651,885.9258366672054,852.3135036080821,872.1207885742188,86760,0.0,0.0
2009-07-01 00:00:00+09:00,872.7210215073725,891.928145890279,854.1142351603293,866.7188720703125,107760,0.0,0.0
2009-07-02 00:00:00+09:00,869.719976570771,870.3202267042192,845.7111142314842,850.512939453125,53520,0.0,0.0
2009-07-03 00:00:00+09:00,855.9148941235243,876.9225929144341,840.3090946349909,867.3190307617188,81840,0.0,0.0
2009-07-06 00:00:00+09:00,867.9193798821433,877.5229431304076,846.9116786947303,848.7123413085938,45120,0.0,0.0
2009-07-07 00:00:00+09:00,845.1109235378798,857.7155604546658,826.5040492578248,832.5062866210938,59040,0.0,0.0
2009-07-08 00:00:00+09:00,808.4973036600963,848.1118708772949,808.4973036600963,834.3068237304688,93960,0.0,0.0
2009-07-09 00:00:00+09:00,833.7067284547418,834.9071408007268,803.695716421336,815.099853515625,61440,0.0,0.0
2009-07-10 00:00:00+09:00,827.1041770696244,827.1041770696244,811.4983798173017,813.8992919921875,26880,0.0,0.0
2009-07-13 00:00:00+09:00,815.6999370653515,822.9025855162597,785.0886811489918,786.8893432617188,41040,0.0,0.0
2009-07-14 00:00:00+09:00,786.2892075576787,819.9016304970046,785.088795282334,809.09765625,60960,0.0,0.0
2009-07-15 00:00:00+09:00,833.1061124787439,836.1072739102666,798.2933784257259,810.8980102539062,69600,0.0,0.0
2009-07-16 00:00:00+09:00,811.4983697410562,830.1052410387302,800.0942348786043,800.6943969726562,66960,0.0,0.0
2009-07-17 00:00:00+09:00,800.6944337519781,803.0953460073363,786.8893861103272,797.693359375,45120,0.0,0.0
2009-07-21 00:00:00+09:00,821.1022690840983,839.1088977920829,812.098954730106,833.7069091796875,156360,0.0,0.0
2009-07-22 00:00:00+09:00,844.5107115661086,849.3124489198075,833.706736578056,843.9104614257812,60360,0.0,0.0
2009-07-23 00:00:00+09:00,845.110961146426,846.3113735033119,822.30251090478,828.3047485351562,75000,0.0,0.0
2009-07-24 00:00:00+09:00,828.9048372917598,846.3112087310586,819.3012765375141,834.3068237304688,50640,0.0,0.0
2009-07-27 00:00:00+09:00,858.9159839336689,864.3179712540065,837.3080346523187,842.7100219726562,64560,0.0,0.0
2009-07-28 00:00:00+09:00,851.7133682848552,851.7133682848552,832.5063307953918,840.3091430664062,43200,0.0,0.0
2009-07-29 00:00:00+09:00,828.3046686393509,843.9103794654808,828.3046686393509,839.108642578125,36840,0.0,0.0
2009-07-30 00:00:00+09:00,840.3091635391941,852.3136391951809,824.7034506939826,846.3114013671875,46560,0.0,0.0
2009-07-31 00:00:00+09:00,906.3333896515954,912.9357887967774,894.3289156674921,897.330078125,171600,0.0,0.0
2009-08-03 00:00:00+09:00,885.3256871117198,905.1329743265263,864.9182376875373,884.7255249023438,230280,0.0,0.0
2009-08-04 00:00:00+09:00,902.731927889633,910.534738078565,894.3287797928513,906.333251953125,130920,0.0,0.0
2009-08-05 00:00:00+09:00,924.3400127047863,928.5414994685548,882.3245296063529,897.330078125,50160,0.0,0.0
2009-08-06 00:00:00+09:00,899.7309025834494,915.9368633313212,897.330078125,897.330078125,56760,0.0,0.0
2009-08-07 00:00:00+09:00,897.9302066162257,918.3377412857858,897.9302066162257,917.1373291015625,84480,0.0,0.0
2009-08-10 00:00:00+09:00,930.3420688155134,937.544717317112,920.1383460792335,932.7429809570312,74160,0.0,0.0
2009-08-11 00:00:00+09:00,936.344369569511,954.3509920612323,936.344369569511,949.5492553710938,83520,0.0,0.0
2009-08-12 00:00:00+09:00,924.3398376174056,939.945545333168,921.3386757283744,926.7406616210938,68520,0.0,0.0
2009-08-13 00:00:00+09:00,941.1460522733448,972.357558776285,930.9423294209988,963.354248046875,111840,0.0,0.0
2009-08-14 00:00:00+09:00,948.3486351779663,966.9555053710938,947.7484731195415,966.9555053710938,46080,0.0,0.0
2009-08-17 00:00:00+09:00,942.346327973418,950.7493866793532,920.1381374870255,930.3418579101562,58200,0.0,0.0
2009-08-18 00:00:00+09:00,920.138321933117,935.7440306360734,915.3365856990428,929.7418823242188,34320,0.0,0.0
2009-08-19 00:00:00+09:00,927.3411461558509,942.9468578191019,918.3378340572503,932.1428833007812,65400,0.0,0.0
2009-08-20 00:00:00+09:00,918.9379913393777,930.3421268969006,909.3344300967094,917.1373291015625,78480,0.0,0.0
2009-08-21 00:00:00+09:00,932.1428800669954,950.7497543138755,920.1384932848302,933.9435424804688,104280,0.0,0.0
2009-08-24 00:00:00+09:00,938.1451554773315,958.5526929655581,938.1451554773315,946.5482177734375,92160,0.0,0.0
2009-08-25 00:00:00+09:00,957.3519322683719,957.3519322683719,936.34423828125,936.34423828125,59520,0.0,0.0
2009-08-26 00:00:00+09:00,953.7507507765058,966.3553866366489,944.7474394478322,961.5536499023438,56280,0.0,0.0
2009-08-27 00:00:00+09:00,953.1506668394964,954.9513292529696,926.1407306373976,933.9435424804688,48240,0.0,0.0
2009-08-28 00:00:00+09:00,939.9456509659857,959.1526847687493,933.9434144363282,937.5447387695312,54960,0.0,0.0
2009-08-31 00:00:00+09:00,919.5381776649892,948.3487742281008,913.5360286629831,920.138427734375,66960,0.0,0.0
2009-09-02 00:00:00+09:00,891.3277367775999,891.3277367775999,870.9202037322796,885.3255004882812,79560,0.0,0.0
2009-09-03 00:00:00+09:00,876.9226312171802,888.9270184901821,875.7222188667719,879.9237060546875,67920,0.0,0.0
2009-09-04 00:00:00+09:00,881.124111704285,897.3300723478197,879.9236115598252,882.3245239257812,51720,0.0,0.0
2009-09-07 00:00:00+09:00,881.1241388619167,893.728775306494,881.1241388619167,883.5249633789062,44280,0.0,0.0
2009-09-08 00:00:00+09:00,887.7264888233864,917.1373348669063,887.7264888233864,912.3355102539062,111240,0.0,0.0
2009-09-09 00:00:00+09:00,912.3355071905053,921.3388184059477,903.332195975063,914.1361694335938,82320,0.0,0.0
2009-09-10 00:00:00+09:00,930.3421863471636,961.5536964380776,924.3400371195403,953.150634765625,140040,0.0,0.0
2009-09-11 00:00:00+09:00,936.9445796533817,947.1483026557082,928.5414309004467,935.7440795898438,96480,0.0,0.0
2009-09-14 00:00:00+09:00,936.3443482048355,936.3443482048355,908.1340029191377,926.140625,52080,0.0,0.0
2009-09-15 00:00:00+09:00,935.7440981611536,943.5469970371803,920.1383883320594,926.140625,76680,0.0,0.0
2009-09-16 00:00:00+09:00,932.7432008632472,932.7432008632472,891.9282123725142,896.1296997070312,107280,0.0,0.0
2009-09-17 00:00:00+09:00,908.1340418073996,920.1384277343751,903.9324671676248,920.138427734375,65520,0.0,0.0
2009-09-18 00:00:00+09:00,912.3355102539062,915.3366726177716,885.3255765168864,912.3355102539062,64680,0.0,0.0
2009-09-21 00:00:00+09:00,912.3355102539062,912.3355102539062,912.3355102539062,912.3355102539062,0,0.0,0.0
2009-09-24 00:00:00+09:00,939.3454440104773,960.3532288661265,939.3454440104773,949.5492553710938,123960,0.0,0.0
2009-09-25 00:00:00+09:00,945.9202172794435,947.1298043561611,919.9134306677657,929.5903930664062,49680,10.0,0.0
2009-09-28 00:00:00+09:00,883.6250582275391,927.1712623291015,875.7625196219861,907.2125854492188,124800,0.0,0.0
2009-09-29 00:00:00+09:00,907.2127497279611,913.2608642578126,897.5357841991978,913.2608642578125,68280,0.0,0.0
2009-09-30 00:00:00+09:00,901.7692800760269,928.9856567382812,901.7692800760269,928.9856567382812,36960,0.0,0.0
2009-10-01 00:00:00+09:00,915.0753266929796,915.0753266929796,892.0925437088739,896.3262329101562,50280,0.0,0.0
2009-10-02 00:00:00+09:00,884.8346996521376,897.5356766260677,860.0375836632688,875.7625732421875,78720,0.0,0.0
2009-10-05 00:00:00+09:00,856.4086345191447,858.2230595922784,826.1682461652397,837.6595458984375,112440,0.0,0.0
2009-10-06 00:00:00+09:00,840.6838726726271,843.7078857421876,821.9347790133569,843.7078857421875,91920,0.0,0.0
2009-10-07 00:00:00+09:00,855.8040058949717,896.3262053019619,852.7799928986277,894.5117797851562,160800,0.0,0.0
2009-10-08 00:00:00+09:00,906.6078491210938,921.123252114867,892.0924461273205,906.6078491210938,111360,0.0,0.0
2009-10-09 00:00:00+09:00,907.2126554282879,956.8069767900296,907.2126554282879,948.339599609375,200280,0.0,0.0
2009-10-13 00:00:00+09:00,933.8242132803412,951.9684667028541,931.4050385539977,937.4530639648438,114240,0.0,0.0
2009-10-14 00:00:00+09:00,916.284863092606,942.8964071425088,912.656012149665,933.8242797851562,174120,0.0,0.0
2009-10-15 00:00:00+09:00,947.7347898432139,947.7347898432139,922.937586445003,935.0338134765625,82680,0.0,0.0
2009-10-16 00:00:00+09:00,938.6627399230028,940.4771652652541,922.3329118427412,937.4530639648438,54600,0.0,0.0
2009-10-19 00:00:00+09:00,944.7108137840987,944.7108137840987,918.0992702646145,939.8723754882812,62400,0.0,0.0
2009-10-20 00:00:00+09:00,958.0163999014101,959.8308249012233,942.8961620379758,948.9442749023438,51720,0.0,0.0
2009-10-21 00:00:00+09:00,937.4530128385308,951.9684147849078,937.4530128385308,945.3155517578125,45840,0.0,0.0
2009-10-22 00:00:00+09:00,950.7588628888458,950.7588628888458,926.5664958790961,948.339599609375,74880,0.0,0.0
2009-10-23 00:00:00+09:00,947.1300659179688,959.8310438134205,943.5012150906969,947.1300659179688,96360,0.0,0.0
2009-10-26 00:00:00+09:00,956.8070103719117,958.6214357464507,944.7107821449922,946.5252075195312,94680,0.0,0.0
2009-10-27 00:00:00+09:00,946.5251625700876,946.5251625700876,919.9136212055978,935.6386108398438,73440,0.0,0.0
2009-10-28 00:00:00+09:00,939.8726537247388,955.5976492875598,931.4053620516842,942.8966674804688,103080,0.0,0.0
2009-10-29 00:00:00+09:00,942.291681200548,942.291681200548,911.4464474167785,919.3088989257812,83520,0.0,0.0
2009-10-30 00:00:00+09:00,927.7762042170058,929.5906295912274,901.7694109881656,906.6078491210938,107160,0.0,0.0
2009-11-02 00:00:00+09:00,892.6970006147042,902.3739624023438,879.3911892310699,902.3739624023438,83760,0.0,0.0
2009-11-04 00:00:00+09:00,883.0202677467565,883.0202677467565,848.5461876475306,859.4327392578125,124080,0.0,0.0
2009-11-05 00:00:00+09:00,859.4327596874176,868.504886244973,847.3366204756725,860.03759765625,79440,0.0,0.0
2009-11-06 00:00:00+09:00,864.2712622472125,864.2712622472125,829.1923443338145,834.6356201171875,140040,0.0,0.0
2009-11-09 00:00:00+09:00,835.2405583089172,835.8453077385475,822.539579956765,829.1924438476562,104760,0.0,0.0
2009-11-10 00:00:00+09:00,829.7972041511626,829.7972041511626,780.2028828419504,785.0413208007812,223680,0.0,0.0
2009-11-11 00:00:00+09:00,777.178927395609,784.4366291655446,765.6875367282133,775.364501953125,92520,0.0,0.0
2009-11-12 00:00:00+09:00,780.2028145976814,780.2028145976814,760.848975860251,768.71142578125,86520,0.0,0.0
2009-11-13 00:00:00+09:00,768.1067442981545,768.7114936716546,742.7047456540531,751.7769165039062,110160,0.0,0.0
2009-11-16 00:00:00+09:00,757.8249340769878,757.8249340769878,737.8663001629196,748.7528076171875,66720,0.0,0.0
2009-11-17 00:00:00+09:00,729.3988783709565,736.0517850622253,716.6979028769348,722.7459716796875,76560,0.0,0.0
2009-11-18 00:00:00+09:00,725.7701600784371,739.0759315807101,721.5365155771445,730.608642578125,137520,0.0,0.0
2009-11-19 00:00:00+09:00,741.4952859981622,741.4952859981622,723.3510297689862,737.2615966796875,153360,0.0,0.0
2009-11-20 00:00:00+09:00,725.1652346387783,730.0036719619856,711.2546276652113,722.7459716796875,88800,0.0,0.0
2009-11-24 00:00:00+09:00,730.0037878317635,730.0037878317635,705.8114644833415,721.5364990234375,94680,0.0,0.0
2009-11-25 00:00:00+09:00,720.9315913090048,723.9556480466252,704.6017646613366,709.4402465820312,102840,0.0,0.0
2009-11-26 00:00:00+09:00,709.4403039313244,722.7460749169759,703.3922342646633,708.8355102539062,96120,0.0,0.0
2009-11-27 00:00:00+09:00,708.8355416279438,722.141313202527,704.6018528061481,711.2547607421875,136560,0.0,0.0
2009-11-30 00:00:00+09:00,709.4402797601163,720.9316250245006,704.6017976131424,707.6258544921875,87000,0.0,0.0
2009-12-01 00:00:00+09:00,718.5124617866848,754.8009699577295,711.2547601524759,751.172119140625,111240,0.0,0.0
2009-12-02 00:00:00+09:00,775.3643647981727,789.8797657704007,764.4778140690016,786.2509155273438,227160,0.0,0.0
2009-12-03 00:00:00+09:00,792.299185724995,826.1685242191503,792.299185724995,822.5396728515625,153600,0.0,0.0
2009-12-04 00:00:00+09:00,831.6118012705319,831.6118012705319,812.2578682467278,822.5396728515625,66480,0.0,0.0
2009-12-07 00:00:00+09:00,826.7731343103251,838.2645245683947,823.1442835546177,833.4260864257812,42120,0.0,0.0
2009-12-08 00:00:00+09:00,845.522203403124,845.522203403124,820.1202487944464,827.9827880859375,84120,0.0,0.0
2009-12-09 00:00:00+09:00,827.9828694276666,836.4501589307305,810.4433637923976,826.773193359375,71760,0.0,0.0
2009-12-10 00:00:00+09:00,827.3779340963601,827.3779340963601,794.1134408400641,803.7904052734375,66960,0.0,0.0
2009-12-11 00:00:00+09:00,815.8865182699957,815.8865182699957,792.2989902016009,806.8143920898438,94320,0.0,0.0
2009-12-14 00:00:00+09:00,795.3230989491707,809.8385009765625,788.6701472899607,809.8385009765625,75360,0.0,0.0
2009-12-15 00:00:00+09:00,820.1202220532718,823.7490725933307,802.5808073079827,811.048095703125,41400,0.0,0.0
2009-12-16 00:00:00+09:00,821.3298191902298,834.6356341945583,816.4913812772853,818.91064453125,63720,0.0,0.0
2009-12-17 00:00:00+09:00,817.0962049024215,824.9586552986254,799.5567016601562,799.5567016601562,82920,0.0,0.0
2009-12-18 00:00:00+09:00,787.4605400872337,811.0480677856992,780.2028392569366,809.233642578125,58800,0.0,0.0
2009-12-21 00:00:00+09:00,797.1375302596034,798.3471175727494,784.4365533891279,791.0894165039062,62640,0.0,0.0
2009-12-22 00:00:00+09:00,797.7423205821456,801.371171302906,789.8798697504905,790.484619140625,66720,0.0,0.0
2009-12-24 00:00:00+09:00,791.6942512639523,806.2096533430775,789.2749880524369,799.5567016601562,45000,0.0,0.0
2009-12-25 00:00:00+09:00,823.144287153816,823.144287153816,797.1375823541919,803.1856079101562,38760,0.0,0.0
2009-12-28 00:00:00+09:00,811.0481173921555,811.0481173921555,795.3231274963783,796.53271484375,34320,0.0,0.0
2009-12-29 00:00:00+09:00,785.6460242205501,790.4844613507596,784.4364370867404,787.46044921875,64320,0.0,0.0
2009-12-30 00:00:00+09:00,776.5738964400789,789.2748713818559,775.3643093106141,782.6220092773438,44520,0.0,0.0
2010-01-04 00:00:00+09:00,774.1549000457978,780.2030149647887,768.1068737218078,772.9453125,58920,0.0,0.0
2010-01-05 00:00:00+09:00,780.2029475987514,788.6702368782363,772.9452457606235,776.5740966796875,47640,0.0,0.0
2010-01-06 00:00:00+09:00,786.8558408006625,791.6943679367519,771.1308490958634,783.2269897460938,43200,0.0,0.0
2010-01-07 00:00:00+09:00,789.2749986218167,798.9519630024814,780.8077101606005,792.2990112304688,56040,0.0,0.0
2010-01-08 00:00:00+09:00,806.8144287838751,808.0241047262331,791.089438888098,796.53271484375,78360,0.0,0.0
2010-01-12 00:00:00+09:00,795.3231167661014,808.6288431926317,792.2990155459931,803.7904052734375,81360,0.0,0.0
2010-01-13 00:00:00+09:00,814.0720961748673,819.51537190396,795.9278437445583,798.3471069335938,78600,0.0,0.0
2010-01-14 00:00:00+09:00,800.7664369336206,800.7664369336206,786.251033778298,794.7183227539062,113160,0.0,0.0
2010-01-15 00:00:00+09:00,794.7183300713843,796.5327554825062,787.4606284268968,795.9279174804688,49320,0.0,0.0
2010-01-18 00:00:00+09:00,791.0894626612891,791.6943006506441,782.6221737852624,786.8557739257812,39960,0.0,0.0
2010-01-19 00:00:00+09:00,786.2510782650656,792.2991041919926,781.4125512095301,785.646240234375,84840,0.0,0.0
2010-01-20 00:00:00+09:00,785.6460338503815,792.2988960603365,773.5498965791076,780.2027587890625,83160,0.0,0.0
2010-01-21 00:00:00+09:00,783.2269049987981,795.3231329351801,781.4124796678395,792.9038696289062,86400,0.0,0.0
2010-01-22 00:00:00+09:00,783.2269139968921,785.6461773309595,768.1067617951873,780.8077392578125,81240,0.0,0.0
2010-01-25 00:00:00+09:00,765.687332738267,779.5978945596755,765.687332738267,769.9210205078125,49920,0.0,0.0
2010-01-26 00:00:00+09:00,778.9931291842277,794.1132778005083,765.6873168945312,765.6873168945312,81480,0.0,0.0
2010-01-27 00:00:00+09:00,771.130584834485,771.130584834485,753.5911736130423,754.1959228515625,55800,0.0,0.0
2010-01-28 00:00:00+09:00,743.9143772935321,759.6393671192944,742.0999519830601,751.7769165039062,53040,0.0,0.0
2010-01-29 00:00:00+09:00,751.7768657913687,753.5912909794451,744.5191650390625,744.5191650390625,54000,0.0,0.0
2010-02-01 00:00:00+09:00,774.7596163193203,804.395259589973,767.5019149954859,792.9038696289062,251520,0.0,0.0
2010-02-02 00:00:00+09:00,801.3710647625504,895.7211709586987,801.3710647625504,881.8106079101562,449760,0.0,0.0
2010-02-03 00:00:00+09:00,886.0445317096011,902.3743621251671,877.5771531715297,900.5599365234375,172800,0.0,0.0
2010-02-04 00:00:00+09:00,889.0684407313427,912.0511327968162,889.0684407313427,909.6319580078125,216840,0.0,0.0
2010-02-05 00:00:00+09:00,891.4877171554815,898.1405808150403,878.7867392449657,887.2540283203125,85800,0.0,0.0
2010-02-08 00:00:00+09:00,891.4877022774145,898.1405658259436,861.8520581158044,863.0616455078125,95880,0.0,0.0
2010-02-09 00:00:00+09:00,853.3848109994714,875.1579166924843,847.336696553081,869.1098022460938,118560,0.0,0.0
2010-02-10 00:00:00+09:00,853.9896010546915,870.3194311013145,829.7973193082117,843.7078857421875,189840,0.0,0.0
2010-02-12 00:00:00+09:00,833.4258903947228,837.6594895505989,826.1681905904001,834.0306396484375,88320,0.0,0.0
2010-02-15 00:00:00+09:00,846.1270225735472,855.803898384184,823.1442431845687,832.2163696289062,58200,0.0,0.0
2010-02-16 00:00:00+09:00,850.3606235370821,876.9722535357004,843.1029223729108,852.175048828125,105720,0.0,0.0
2010-02-17 00:00:00+09:00,861.85205078125,861.85205078125,844.9173844623064,861.85205078125,48840,0.0,0.0
2010-02-18 00:00:00+09:00,853.9893141103252,855.1989898076912,817.0960658349966,834.0306396484375,129960,0.0,0.0
2010-02-19 00:00:00+09:00,833.4260455514745,847.3366099011305,828.5875190511713,832.2163696289062,114480,0.0,0.0
2010-02-22 00:00:00+09:00,857.0136273882861,872.1337800020344,857.0136273882861,866.0857543945312,104280,0.0,0.0
2010-02-23 00:00:00+09:00,853.3848397509375,866.0858184997716,841.2886104506216,850.965576171875,54480,0.0,0.0
2010-02-24 00:00:00+09:00,849.1511215025938,849.1511215025938,834.0308796934614,844.3126831054688,33360,0.0,0.0
2010-02-25 00:00:00+09:00,854.5944681257387,855.1993061981882,838.2646375246098,850.3607788085938,58320,0.0,0.0
2010-02-26 00:00:00+09:00,855.8038200985171,857.0134959104288,837.6595688696088,843.1028442382812,50640,0.0,0.0
2010-03-01 00:00:00+09:00,847.3365403533028,852.7798157731312,838.8692525652286,846.126953125,39120,0.0,0.0
2010-03-02 00:00:00+09:00,852.1750262169809,852.1750262169809,837.6596242737818,846.7317504882812,40560,0.0,0.0
2010-03-03 00:00:00+09:00,839.4741965688045,848.5463243724839,821.9347790133569,843.7078857421875,43800,0.0,0.0
2010-03-04 00:00:00+09:00,836.4499944051107,836.4499944051107,823.7490183512369,827.3778686523438,60720,0.0,0.0
2010-03-05 00:00:00+09:00,838.2645613214049,842.4982502536825,830.4020214743161,841.28857421875,44040,0.0,0.0
2010-03-08 00:00:00+09:00,843.7076590072082,846.1269219697114,831.0066834952718,837.6595458984375,105360,0.0,0.0
2010-03-09 00:00:00+09:00,834.6356201171875,840.0788959005604,831.0067695949389,834.6356201171875,46920,0.0,0.0
2010-03-10 00:00:00+09:00,830.4019316429029,838.2644706394361,829.1923443338145,834.6356201171875,60960,0.0,0.0
2010-03-11 00:00:00+09:00,840.0789293609154,840.0789293609154,826.7731140510384,832.8212280273438,38520,0.0,0.0
2010-03-12 00:00:00+09:00,825.5635928898985,832.2164567807897,822.539579956765,829.1924438476562,64080,0.0,0.0
2010-03-15 00:00:00+09:00,846.1269455366167,867.9000470206614,840.6836701656056,858.2230834960938,103320,0.0,0.0
2010-03-16 00:00:00+09:00,858.8280176767142,867.2953063380314,854.5943290485624,861.2471923828125,91560,0.0,0.0
2010-03-17 00:00:00+09:00,855.8039513907931,867.9001797957802,855.8039513907931,866.0857543945312,51720,0.0,0.0
2010-03-18 00:00:00+09:00,870.3193615746279,901.1645936430233,867.295348746645,887.2540283203125,164400,0.0,0.0
2010-03-19 00:00:00+09:00,879.3916429883694,891.4878736131932,878.1820553638896,885.4397583007812,89760,0.0,0.0
2010-03-23 00:00:00+09:00,883.0203960529157,884.8348215849387,863.6665532430013,870.9242553710938,117480,0.0,0.0
2010-03-24 00:00:00+09:00,870.9241353552089,880.6010997241506,868.5048721142274,875.7625732421875,56280,0.0,0.0
2010-03-25 00:00:00+09:00,891.487881378878,900.5600101290192,883.0205021487413,893.3023071289062,155160,0.0,0.0
2010-03-26 00:00:00+09:00,907.8175707138565,930.1954257236396,902.9790437428277,924.1473999023438,175320,0.0,0.0
2010-03-29 00:00:00+09:00,931.907895996488,947.9221451773524,931.2919321040655,946.6903076171875,48480,23.0,0.0
2010-03-30 00:00:00+09:00,947.92239949739,959.0092111874179,929.44438001401,941.1471557617188,97200,0.0,0.0
2010-03-31 00:00:00+09:00,936.2196336050845,942.3790035726178,928.2125518944672,935.603759765625,63960,0.0,0.0
2010-04-01 00:00:00+09:00,925.1328217983478,938.6833996370389,911.5823341843621,935.603759765625,80400,0.0,0.0
2010-04-02 00:00:00+09:00,944.8427696045723,945.4586434440317,930.0603538622566,935.603759765625,44760,0.0,0.0
2010-04-05 00:00:00+09:00,938.6833592783107,941.1471252043355,923.9009441715657,933.1399536132812,90720,0.0,0.0
2010-04-06 00:00:00+09:00,936.2195035141742,940.531070914811,923.2848915369568,925.7486572265625,79440,0.0,0.0
2010-04-07 00:00:00+09:00,926.980460040076,929.4442256368727,917.74145183295,924.5167846679688,92880,0.0,0.0
2010-04-08 00:00:00+09:00,923.9010991443404,926.3648654836309,914.0461240118952,917.1258544921875,51600,0.0,0.0
2010-04-09 00:00:00+09:00,909.7345926785687,914.6620348452554,903.5752223016766,910.9664306640625,101520,0.0,0.0
2010-04-12 00:00:00+09:00,915.8937597432732,915.8937597432732,901.7273088727678,905.4229125976562,93720,0.0,0.0
2010-04-13 00:00:00+09:00,901.7274620409909,905.4230663936179,891.2566131167862,897.4158935546875,99360,0.0,0.0
2010-04-14 00:00:00+09:00,902.3433843161828,912.1982686495563,897.4158519247845,910.9664306640625,85320,0.0,0.0
2010-04-15 00:00:00+09:00,922.053264600545,922.053264600545,902.3434052517906,908.502685546875,116160,0.0,0.0
2010-04-16 00:00:00+09:00,901.1113139979458,921.4371337890625,879.5536564155998,921.4371337890625,255360,0.0,0.0
2010-04-19 00:00:00+09:00,906.0386721526058,906.0386721526058,889.4084591437015,892.4880981445312,114360,0.0,0.0
2010-04-20 00:00:00+09:00,891.872461425437,928.212629999638,889.4087854108801,915.2780151367188,180840,0.0,0.0
2010-04-21 00:00:00+09:00,931.9079444057419,933.755745954316,918.9733335657236,928.2123413085938,90240,0.0,0.0
2010-04-22 00:00:00+09:00,915.2776029840007,921.4368804715617,899.8792288157534,918.9732055664062,72240,0.0,0.0
2010-04-23 00:00:00+09:00,915.2780866795082,920.8214934826317,907.2709134445344,918.3577270507812,45600,0.0,0.0
2010-04-26 00:00:00+09:00,928.8284393209588,940.5312153630503,928.8284393209588,939.2993774414062,59520,0.0,0.0
2010-04-27 00:00:00+09:00,939.91497547458,948.5381090697749,934.3715711168178,946.6903076171875,66960,0.0,0.0
2010-04-28 00:00:00+09:00,925.7486074190084,949.1540644245663,921.4370402503445,944.2266235351562,159480,0.0,0.0
2010-04-30 00:00:00+09:00,954.0818932209439,960.8571378359071,944.2269181425934,949.7703247070312,132600,0.0,0.0
2010-05-06 00:00:00+09:00,944.2268055404072,949.7702114437756,923.2850198305583,935.603759765625,181560,0.0,0.0
2010-05-07 00:00:00+09:00,925.748853801022,939.2994326341579,909.7345989798339,929.4444580078125,161040,0.0,0.0
2010-05-10 00:00:00+09:00,899.2635921153395,899.2635921153395,844.4454972759046,877.7059326171875,432360,0.0,0.0
2010-05-11 00:00:00+09:00,885.7130497825874,896.1838968530496,861.0756617186003,871.5465087890625,335160,0.0,0.0
2010-05-12 00:00:00+09:00,877.0899634791565,878.3218915974345,848.1410962949003,859.8438720703125,153360,0.0,0.0
2010-05-13 00:00:00+09:00,873.3945255756735,886.9451058792921,863.539640104607,880.1698608398438,98640,0.0,0.0
2010-05-14 00:00:00+09:00,861.6915283203125,875.2420135324918,854.3003217592367,861.6915283203125,133320,0.0,0.0
2010-05-17 00:00:00+09:00,856.1481924208312,859.8437959993029,827.1992375730055,840.1338500976562,129960,0.0,0.0
2010-05-18 00:00:00+09:00,833.9746177495956,854.9163123863082,829.0470858853206,836.4382934570312,132720,0.0,0.0
2010-05-19 00:00:00+09:00,830.8949511016573,839.5180874089663,814.264732797901,837.0543212890625,84480,0.0,0.0
2010-05-20 00:00:00+09:00,822.887748691731,822.887748691731,805.6415688254617,813.0327758789062,144600,0.0,0.0
2010-05-21 00:00:00+09:00,779.7724517428288,800.0982739446562,769.9174775700706,793.9389038085938,157680,0.0,0.0
2010-05-24 00:00:00+09:00,800.71415730725,808.1053646355487,782.8520127807291,805.025634765625,135240,0.0,0.0
2010-05-25 00:00:00+09:00,803.7939947703663,803.7939947703663,758.2149017701721,766.2219848632812,166320,0.0,0.0
2010-05-26 00:00:00+09:00,779.1564805109149,814.2647185373114,772.9972006560886,800.0982666015625,276720,0.0,0.0
2010-05-27 00:00:00+09:00,781.0042136416523,812.416844895236,776.0767721473624,805.6416015625,192120,0.0,0.0
2010-05-28 00:00:00+09:00,812.4168054434568,823.5036159357468,798.8663194360101,819.192138671875,135240,0.0,0.0
2010-05-31 00:00:00+09:00,805.641525371435,818.5761370173067,800.0981203803472,817.3442993164062,81720,0.0,0.0
2010-06-01 00:00:00+09:00,809.9531805005992,814.8806220632698,797.0185674519759,808.7212524414062,138720,0.0,0.0
2010-06-02 00:00:00+09:00,806.8734550677368,886.9448996987767,805.6416172263888,833.974609375,187320,0.0,0.0
2010-06-03 00:00:00+09:00,824.1196428026471,831.5108503614152,810.5690655366717,827.8152465820312,135720,0.0,0.0
2010-06-04 00:00:00+09:00,832.126665308778,840.1337452463604,810.568920308369,821.0398559570312,80040,0.0,0.0
2010-06-07 00:00:00+09:00,789.6274522268619,797.018660546537,784.0840459871056,792.7070922851562,60840,0.0,0.0
2010-06-08 00:00:00+09:00,779.7723649198828,805.6415902963718,779.7723649198828,802.5619506835938,73200,0.0,0.0
2010-06-09 00:00:00+09:00,800.7141211847251,824.7355439180199,787.7795089437202,819.192138671875,175320,0.0,0.0
2010-06-10 00:00:00+09:00,824.1196428026471,829.6630484717233,805.0256598675956,827.8152465820312,105960,0.0,0.0
2010-06-11 00:00:00+09:00,831.5108503614152,837.6702200686226,819.8080749851318,827.8152465820312,113280,0.0,0.0
2010-06-14 00:00:00+09:00,828.431168333613,868.4668438251202,828.431168333613,864.771240234375,70560,0.0,0.0
2010-06-15 00:00:00+09:00,864.7712689568015,864.7712689568015,845.0614125597516,848.1410522460938,55200,0.0,0.0
2010-06-16 00:00:00+09:00,860.4598627512958,860.4598627512958,837.6703623896042,841.365966796875,109680,0.0,0.0
2010-06-17 00:00:00+09:00,837.0542472943868,837.0542472943868,801.9460117566531,809.3372192382812,141600,0.0,0.0
2010-06-18 00:00:00+09:00,827.8152604166667,845.6773155739704,810.5690790830851,831.5108642578125,129000,0.0,0.0
2010-06-21 00:00:00+09:00,843.213564106654,863.5393834076385,837.6701588427491,851.8366088867188,97320,0.0,0.0
2010-06-22 00:00:00+09:00,838.902033554011,858.6118897300132,835.8223939022073,853.6844482421875,90360,0.0,0.0
2010-06-23 00:00:00+09:00,837.6701560836168,864.7712183207653,835.2063903439871,851.2206420898438,120000,0.0,0.0
2010-06-24 00:00:00+09:00,845.061389159761,857.9960017988151,835.8223801318653,849.9888305664062,54000,0.0,0.0
2010-06-25 00:00:00+09:00,847.5250963039307,849.9888622113276,831.5108434676031,833.974609375,48000,0.0,0.0
2010-06-28 00:00:00+09:00,840.7499253565638,840.7499253565638,825.3515450004052,837.0543212890625,76800,0.0,0.0
2010-06-29 00:00:00+09:00,835.2063044982569,846.9090777777737,817.3442528397823,821.0398559570312,43560,0.0,0.0
2010-06-30 00:00:00+09:00,800.7142136184831,811.801025390625,797.6344835319736,811.801025390625,34560,0.0,0.0
2010-07-01 00:00:00+09:00,807.4894396007222,816.7284492071378,795.7866640243615,798.8663940429688,51600,0.0,0.0
2010-07-02 00:00:00+09:00,795.1708482624756,808.7213365248508,794.5548841688368,798.25048828125,24720,0.0,0.0
2010-07-05 00:00:00+09:00,798.2503914562509,808.1053646355487,785.3157786317282,805.025634765625,27000,0.0,0.0
2010-07-06 00:00:00+09:00,795.7865980021747,821.6558227539062,790.2431926982323,821.6558227539062,41400,0.0,0.0
2010-07-07 00:00:00+09:00,808.7212552065787,818.5762285903164,805.6416154974672,809.3372192382812,32280,0.0,0.0
2010-07-08 00:00:00+09:00,825.3515108230055,844.445494455993,818.5762670547153,835.8224487304688,48840,0.0,0.0
2010-07-09 00:00:00+09:00,854.3003534932265,865.3871637466726,848.7569483665034,862.3074340820312,53640,0.0,0.0
2010-07-12 00:00:00+09:00,862.923424323741,878.3218024415328,859.2278207934467,861.0756225585938,37920,0.0,0.0
2010-07-13 00:00:00+09:00,862.9235497615722,864.7713517953229,833.9746813077143,837.0543212890625,40320,0.0,0.0
2010-07-14 00:00:00+09:00,838.2860557228391,855.5322359831437,838.2860557228391,849.9888305664062,39360,0.0,0.0
2010-07-15 00:00:00+09:00,858.6119075501655,858.6119075501655,830.2790056262552,833.974609375,50520,0.0,0.0
2010-07-16 00:00:00+09:00,822.8876517558891,829.0469300917355,817.3442471188166,819.8079223632812,57000,0.0,0.0
2010-07-21 00:00:00+09:00,815.4965538437557,820.4239952115688,806.2575448886704,808.1053466796875,77640,0.0,0.0
2010-07-22 00:00:00+09:00,806.2575561221273,821.6558444453467,802.561952488603,811.1849975585938,53160,0.0,0.0
2010-07-23 00:00:00+09:00,829.0471147374736,845.6773323525807,824.735636987064,835.8224487304688,47760,0.0,0.0
2010-07-26 00:00:00+09:00,860.4597558378923,866.6191258262716,854.3004760742188,854.3004760742188,46560,0.0,0.0
2010-07-27 00:00:00+09:00,849.9887814539684,849.9887814539684,836.4382055877758,845.0613403320312,62520,0.0,0.0
2010-07-28 00:00:00+09:00,854.3004870317877,857.380126953125,849.3729548879996,857.380126953125,29640,0.0,0.0
2010-07-29 00:00:00+09:00,848.7569814684729,861.0756299333938,840.1338463408016,846.9091796875,41880,0.0,0.0
2010-07-30 00:00:00+09:00,829.0471175059645,880.7855724812935,829.0471175059645,877.7059326171875,114480,0.0,0.0
2010-08-02 00:00:00+09:00,874.6263062274804,884.4811900343248,841.3658703737908,856.76416015625,101760,0.0,0.0
2010-08-03 00:00:00+09:00,864.1555140560974,882.6335370952494,864.1555140560974,880.1698608398438,56880,0.0,0.0
2010-08-04 00:00:00+09:00,868.4667209583031,872.7782879457568,845.6771386313111,849.3727416992188,55080,0.0,0.0
2010-08-05 00:00:00+09:00,860.4596585619796,866.6190278540354,851.8366137328578,861.0756225585938,25320,0.0,0.0
2010-08-06 00:00:00+09:00,849.9890031258437,865.3873847066519,844.4455965837186,855.5324096679688,53040,0.0,0.0
2010-08-09 00:00:00+09:00,841.3656618685417,851.2205432331725,840.7496979489956,849.3727416992188,24120,0.0,0.0
2010-08-10 00:00:00+09:00,867.8508730553958,869.6986748363687,838.9020085617184,846.9091796875,27240,0.0,0.0
2010-08-11 00:00:00+09:00,837.6702172749578,844.4454607729991,819.1921984396625,827.1992797851562,51960,0.0,0.0
2010-08-12 00:00:00+09:00,813.6486497225334,822.2716935878857,800.0980748843922,821.0398559570312,43320,0.0,0.0
2010-08-13 00:00:00+09:00,808.1054883889625,833.974717999626,806.2576862739152,830.2791137695312,27840,0.0,0.0
2010-08-16 00:00:00+09:00,830.2789080811774,830.2789080811774,803.7937209185432,816.7283325195312,25440,0.0,0.0
2010-08-17 00:00:00+09:00,817.344477021559,824.7356852833223,808.1054666943548,816.112548828125,51360,0.0,0.0
2010-08-18 00:00:00+09:00,829.047011883484,830.8948136114744,818.5761654997693,824.7355346679688,22080,0.0,0.0
2010-08-19 00:00:00+09:00,830.8948836717714,845.6772987421347,827.1992799041806,843.213623046875,41760,0.0,0.0
2010-08-20 00:00:00+09:00,837.6702411898665,843.829520827674,824.1196635822231,825.3515014648438,31440,0.0,0.0
2010-08-23 00:00:00+09:00,824.1196695018518,824.1196695018518,806.8734878977635,810.569091796875,19800,0.0,0.0
2010-08-24 00:00:00+09:00,806.8734280965433,817.9602389721815,794.5547794207336,802.5619506835938,25200,0.0,0.0
2010-08-25 00:00:00+09:00,803.177826277725,826.5833761065113,792.706979390972,811.1849975585938,62520,0.0,0.0
2010-08-26 00:00:00+09:00,821.6558091875247,821.6558091875247,800.7141163126414,809.953125,26520,0.0,0.0
2010-08-27 00:00:00+09:00,809.3370826775144,825.3513327773646,802.5618403707866,821.0398559570312,32040,0.0,0.0
2010-08-30 00:00:00+09:00,832.7427186519419,845.0614585166394,830.2790428587664,835.8224487304688,39120,0.0,0.0
2010-08-31 00:00:00+09:00,817.3442767902222,827.8151225210237,785.3156854273104,788.3953247070312,41040,0.0,0.0
2010-09-01 00:00:00+09:00,782.2361546305247,784.0839564995537,756.3668833517678,776.6927490234375,84120,0.0,0.0
2010-09-02 00:00:00+09:00,790.8592085509655,798.2504161075166,785.9317669214986,795.1707763671875,33120,0.0,0.0
2010-09-03 00:00:00+09:00,788.3955611796031,803.1779785156251,788.3955611796031,803.177978515625,26880,0.0,0.0
2010-09-06 00:00:00+09:00,816.1124712057477,829.6630484717233,798.2504163469587,827.8152465820312,40800,0.0,0.0
2010-09-07 00:00:00+09:00,814.2645177262086,830.2788579386525,814.2645177262086,819.8079223632812,20640,0.0,0.0
2010-09-08 00:00:00+09:00,801.3299650982233,806.257496394355,783.4679122676473,795.7865600585938,24720,0.0,0.0
2010-09-09 00:00:00+09:00,797.6344097141263,809.9531484707045,797.6344097141263,808.1053466796875,18720,0.0,0.0
2010-09-10 00:00:00+09:00,811.1849761435801,825.9673902874267,806.2575348371965,821.6558227539062,55680,0.0,0.0
2010-09-13 00:00:00+09:00,827.1992782759949,827.1992782759949,816.1124669950447,818.5762329101562,21720,0.0,0.0
2010-09-14 00:00:00+09:00,819.1921451650086,822.2717846957121,808.1053345848418,813.0327758789062,28800,0.0,0.0
2010-09-16 00:00:00+09:00,837.054253238881,837.6702172749578,817.344396556133,827.1992797851562,24120,0.0,0.0
2010-09-17 00:00:00+09:00,831.510881887223,848.1410995249674,828.431242029209,844.4454956054688,33120,0.0,0.0
2010-09-21 00:00:00+09:00,849.3729067075251,854.3004385718001,832.7426896711759,836.4382934570312,40440,0.0,0.0
2010-09-22 00:00:00+09:00,828.4312106201625,835.8224181789305,821.6558768748239,827.8152465820312,31080,0.0,0.0
2010-09-24 00:00:00+09:00,822.2716878324306,835.2062986522666,815.4964455731258,819.8079223632812,81000,0.0,0.0
2010-09-27 00:00:00+09:00,822.2719057895258,845.6773681640625,815.4966617343277,845.6773681640625,76320,0.0,0.0
2010-09-28 00:00:00+09:00,850.670166015625,856.2872101974818,845.6771769051444,850.670166015625,29040,15.0,0.0
2010-09-29 00:00:00+09:00,849.4219354399696,867.5213623046875,848.7978803227393,867.5213623046875,31800,0.0,0.0
2010-09-30 00:00:00+09:00,864.4007696448144,867.5214110994981,837.5638382433802,840.0602416992188,61680,0.0,0.0
2010-10-01 00:00:00+09:00,845.0534274034347,853.1668776510945,833.8193349774951,849.4221801757812,27720,0.0,0.0
2010-10-04 00:00:00+09:00,848.1738274135004,848.1738274135004,830.07448997402,831.9468383789062,31200,0.0,0.0
2010-10-05 00:00:00+09:00,820.712555497919,839.43603515625,815.0955116004197,839.43603515625,29760,0.0,0.0
2010-10-06 00:00:00+09:00,854.4148128128438,854.4148128128438,826.9536485602255,843.1807250976562,41040,0.0,0.0
2010-10-07 00:00:00+09:00,835.6915484462313,845.6773458152,832.570906773073,841.30859375,23640,0.0,0.0
2010-10-08 00:00:00+09:00,833.1951089626996,833.1951089626996,778.897000738164,780.1452026367188,237240,0.0,0.0
2010-10-12 00:00:00+09:00,786.3862553068781,798.868546345268,752.6839872222976,754.5563354492188,99840,0.0,0.0
2010-10-13 00:00:00+09:00,758.3010729950623,777.0245562788909,757.0528255389306,765.7904663085938,46080,0.0,0.0
2010-10-14 00:00:00+09:00,766.4144549370885,792.6273734071152,766.4144549370885,778.2726440429688,78600,0.0,0.0
2010-10-15 00:00:00+09:00,784.513929252165,793.8756706513554,772.0316378609962,777.0245361328125,80040,0.0,0.0
2010-10-18 00:00:00+09:00,782.0174763436229,793.8757132262975,777.0245778040413,787.634521484375,36960,0.0,0.0
2010-10-19 00:00:00+09:00,780.7692065949135,801.9891835315431,779.5210049244952,792.0032958984375,56040,0.0,0.0
2010-10-20 00:00:00+09:00,790.7550669354497,800.740862800647,772.0315854091427,790.1309204101562,93480,0.0,0.0
2010-10-21 00:00:00+09:00,783.8896970542395,800.1167746557334,776.4003047530103,791.3790893554688,72720,0.0,0.0
2010-10-22 00:00:00+09:00,785.1379942590137,804.4855301919972,780.7691515854789,788.8826904296875,101280,0.0,0.0
2010-10-25 00:00:00+09:00,782.0174947168346,787.0104847969855,774.5281010198712,777.6487426757812,56520,0.0,0.0
2010-10-26 00:00:00+09:00,762.6698434085604,779.5210234765183,762.6698434085604,763.9180908203125,68040,0.0,0.0
2010-10-27 00:00:00+09:00,775.152133304328,783.2656724204162,764.5421452280107,773.27978515625,77760,0.0,0.0
2010-10-28 00:00:00+09:00,768.9110905438446,795.7481163135474,768.9110905438446,775.1522827148438,194040,0.0,0.0
2010-10-29 00:00:00+09:00,768.9109246329033,790.130900296969,768.9109246329033,783.8897094726562,68760,0.0,0.0
2010-11-01 00:00:00+09:00,780.1451462925937,785.7621915653162,770.1593489788179,777.6487426757812,62880,0.0,0.0
2010-11-02 00:00:00+09:00,770.7832978730576,772.6556460390838,764.542152556845,768.9109497070312,39000,0.0,0.0
2010-11-04 00:00:00+09:00,770.783303882167,783.2656860351562,769.5351022361685,783.2656860351562,39960,0.0,0.0
2010-11-05 00:00:00+09:00,790.1308355287064,807.606113550358,790.1308355287064,805.109619140625,49440,0.0,0.0
2010-11-08 00:00:00+09:00,861.2802540838156,876.8831877119281,848.797962035282,871.8901977539062,197880,0.0,0.0
2010-11-09 00:00:00+09:00,866.2730622304898,868.7695569490131,846.3013787520559,853.790771484375,127320,0.0,0.0
2010-11-10 00:00:00+09:00,853.1665691476202,869.3936466218145,845.6771769051444,850.670166015625,93600,0.0,0.0
2010-11-11 00:00:00+09:00,843.1809421845895,846.3014924344843,831.3227049577679,841.30859375,105960,0.0,0.0
2010-11-12 00:00:00+09:00,833.8191595782168,849.4220014943438,829.4503163016067,830.074462890625,88680,0.0,0.0
2010-11-15 00:00:00+09:00,822.5849373405011,840.6842712811975,820.0884428088297,836.9395751953125,71160,0.0,0.0
2010-11-16 00:00:00+09:00,840.0602998678967,870.6420214171868,825.0815124026548,858.1597290039062,160320,0.0,0.0
2010-11-17 00:00:00+09:00,849.42195464966,858.1596407210067,849.42195464966,856.2872924804688,121680,0.0,0.0
2010-11-18 00:00:00+09:00,857.5354898566874,876.2589721679688,856.2872881770197,876.2589721679688,90720,0.0,0.0
2010-11-19 00:00:00+09:00,878.1313459102698,878.1313459102698,858.7837164854471,861.9043579101562,158640,0.0,0.0
2010-11-22 00:00:00+09:00,863.152255694806,866.272804597458,851.2940235875699,860.65576171875,191280,0.0,0.0
2010-11-24 00:00:00+09:00,858.1596407210067,873.7624817766542,855.038999371274,856.2872924804688,201720,0.0,0.0
2010-11-25 00:00:00+09:00,856.2875078979807,873.1386463020885,851.9186637632308,870.6421508789062,143520,0.0,0.0
2010-11-26 00:00:00+09:00,867.5213979625587,886.2448807141013,867.5213979625587,881.8760375976562,181320,0.0,0.0
2010-11-29 00:00:00+09:00,876.8831109024245,880.6278073312985,860.6560320951352,863.1525268554688,201360,0.0,0.0
2010-11-30 00:00:00+09:00,861.2802792514105,871.8902232315359,846.9256384049748,858.1597290039062,278640,0.0,0.0
2010-12-01 00:00:00+09:00,855.6632549409869,855.6632549409869,842.5568155874051,846.9256591796875,302760,0.0,0.0
2010-12-02 00:00:00+09:00,850.0463150516632,875.0109950136562,849.4221683400484,870.6421508789062,237360,0.0,0.0
2010-12-03 00:00:00+09:00,867.5213223632479,873.762421787717,859.4077834035407,873.1383666992188,189120,0.0,0.0
2010-12-06 00:00:00+09:00,873.7624261158533,909.3370404198856,873.7624261158533,906.8406372070312,186240,0.0,0.0
2010-12-07 00:00:00+09:00,906.8406665678929,908.0888682147332,893.1100827596449,907.4647216796875,146400,0.0,0.0
2010-12-08 00:00:00+09:00,932.4294281853942,932.4294281853942,902.471856195502,923.6918334960938,163560,0.0,0.0
2010-12-09 00:00:00+09:00,935.5499605188168,939.2946569470752,927.4365125397585,933.6776123046875,144120,0.0,0.0
2010-12-10 00:00:00+09:00,936.1742708018409,939.9189678850482,924.3160328972613,928.0607299804688,162960,0.0,0.0
2010-12-13 00:00:00+09:00,928.0606339679638,931.8053306637636,923.6918821050368,930.55712890625,101640,0.0,0.0
2010-12-14 00:00:00+09:00,931.1815219628597,946.1603127106629,931.1815219628597,944.2879638671875,100920,0.0,0.0
2010-12-15 00:00:00+09:00,947.4081764670533,963.0111083984375,938.6705821255686,963.0111083984375,170520,0.0,0.0
2010-12-16 00:00:00+09:00,961.1385840937961,970.5003232524265,955.5215405986179,958.64208984375,125640,0.0,0.0
2010-12-17 00:00:00+09:00,961.1388155877705,966.1317138671875,959.8905224504744,966.1317138671875,89880,0.0,0.0
2010-12-20 00:00:00+09:00,967.3800248927857,968.628318171136,953.6495302170632,956.7700805664062,88080,0.0,0.0
2010-12-21 00:00:00+09:00,950.5286981116093,955.521687378687,943.6634521484375,943.6634521484375,105480,0.0,0.0
2010-12-22 00:00:00+09:00,943.663567463871,951.1529608564414,941.7912191157284,947.4082641601562,103560,0.0,0.0
2010-12-24 00:00:00+09:00,936.7984446024129,942.4154903899891,927.4367016231192,929.93310546875,46320,0.0,0.0
2010-12-27 00:00:00+09:00,934.9257487361311,936.1739501953124,926.18806425215,936.1739501953125,64560,0.0,0.0
2010-12-28 00:00:00+09:00,931.8053306637636,934.3018256020498,926.8124322104503,930.55712890625,34920,0.0,0.0
2010-12-29 00:00:00+09:00,929.3087323658779,939.2945271794846,929.3087323658779,938.0463256835938,54120,0.0,0.0
2010-12-30 00:00:00+09:00,936.174159397396,944.9117544106858,922.4435745851483,938.670654296875,64560,0.0,0.0
2011-01-04 00:00:00+09:00,953.0252209915616,964.8834565732735,947.4081764670533,963.0111083984375,95760,0.0,0.0
2011-01-05 00:00:00+09:00,961.1387830304519,968.6281759075118,952.40109705838,967.3798828125,110160,0.0,0.0
2011-01-06 00:00:00+09:00,968.0038271607589,981.734408375039,966.7556257497274,979.862060546875,97680,0.0,0.0
2011-01-07 00:00:00+09:00,995.4651806592744,997.3375290187736,989.8481355807771,994.8411254882812,141720,0.0,0.0
2011-01-11 00:00:00+09:00,995.4651952007924,1009.8199271154825,992.3446450304629,1003.5787353515625,130080,0.0,0.0
2011-01-12 00:00:00+09:00,1003.5787138800441,1011.6922538572253,997.9616688396707,998.5858154296875,130320,0.0,0.0
2011-01-13 00:00:00+09:00,999.8339240188265,1019.8056073824886,998.5857223783635,1017.3092041015625,113760,0.0,0.0
2011-01-14 00:00:00+09:00,1014.8127298195269,1016.685078029526,1000.458090683951,1005.4509887695312,154320,0.0,0.0
2011-01-17 00:00:00+09:00,1004.826769809125,1016.0608582594999,1004.2027147329347,1012.316162109375,85920,0.0,0.0
2011-01-18 00:00:00+09:00,1006.0753069449383,1011.06820588228,992.9688672390569,995.4652709960938,118440,0.0,0.0
2011-01-19 00:00:00+09:00,996.0894302603792,1004.8270263671875,986.7276874947742,1004.8270263671875,134520,0.0,0.0
2011-01-20 00:00:00+09:00,1006.0752303417827,1008.5716339087419,997.3375435876424,1003.5787353515625,119040,0.0,0.0
2011-01-21 00:00:00+09:00,1010.4438540131299,1017.3091915088208,1006.0751026139624,1006.6991577148438,235920,0.0,0.0
2011-01-24 00:00:00+09:00,1006.699084510535,1014.1884765624999,999.8338389373148,1014.1884765625,107520,0.0,0.0
2011-01-25 00:00:00+09:00,1021.6778979157192,1036.0326273758342,1016.6850002122962,1033.5361328125,128400,0.0,0.0
2011-01-26 00:00:00+09:00,1029.7917639985421,1031.6641126603577,1019.1818187226789,1021.67822265625,142320,0.0,0.0
2011-01-27 00:00:00+09:00,1020.4296670802183,1026.6708575979367,1011.6920734940069,1014.1884765625,235800,0.0,0.0
2011-01-28 00:00:00+09:00,1008.5716751081691,1022.3022609803735,980.4864481581589,997.9617309570312,143160,0.0,0.0
2011-01-31 00:00:00+09:00,1000.4582612916986,1065.366313165995,1000.4582612916986,1059.749267578125,359400,0.0,0.0
2011-02-01 00:00:00+09:00,1059.749111707038,1062.2456065199888,1039.7774274731964,1061.6214599609375,231240,0.0,0.0
2011-02-02 00:00:00+09:00,1061.6215278017837,1070.9832696695244,1051.635639335107,1057.8768310546875,239520,0.0,0.0
2011-02-03 00:00:00+09:00,1054.7559718449288,1064.741765962336,1048.514781954124,1060.9970703125,104520,0.0,0.0
2011-02-04 00:00:00+09:00,1060.997402565316,1067.2385944105586,1052.259807120586,1062.8697509765625,160680,0.0,0.0
2011-02-07 00:00:00+09:00,1060.997270611942,1065.9902600364765,1049.1391264309873,1051.011474609375,163440,0.0,0.0
2011-02-08 00:00:00+09:00,1055.380429384825,1076.6004099687773,1055.380429384825,1072.855712890625,111360,0.0,0.0
2011-02-09 00:00:00+09:00,1070.3593159051813,1072.8558113274312,1049.7634800856322,1054.13232421875,128880,0.0,0.0
2011-02-10 00:00:00+09:00,1045.3947423186094,1059.125238779054,1041.6500448433467,1046.6429443359375,81720,0.0,0.0
2011-02-14 00:00:00+09:00,1045.3944924798557,1070.983221970943,1044.1461993375788,1067.238525390625,61680,0.0,0.0
2011-02-15 00:00:00+09:00,1073.4795716197257,1073.4795716197257,1054.1319447642036,1062.2454833984375,57720,0.0,0.0
2011-02-16 00:00:00+09:00,1045.3944657663758,1059.7491051496982,1045.3944657663758,1047.890869140625,62160,0.0,0.0
2011-02-17 00:00:00+09:00,1048.515061936937,1059.125005303546,1033.5362753378379,1039.1533203125,97680,0.0,0.0
2011-02-18 00:00:00+09:00,1034.7843927610477,1037.9050339970813,1013.5645077569226,1017.3092041015625,140040,0.0,0.0
2011-02-21 00:00:00+09:00,1012.3162614205273,1019.1815993180966,1003.5786666874677,1007.947509765625,96480,0.0,0.0
2011-02-22 00:00:00+09:00,996.0893916948318,1000.4582352907222,967.3800178507594,976.7417602539062,190200,0.0,0.0
2011-02-23 00:00:00+09:00,967.3800469189006,1037.9052360906144,963.0112946150022,1025.4228515625,390120,0.0,0.0
2011-02-24 00:00:00+09:00,1012.9402603293515,1012.9402603293515,978.6138501148795,985.4791870117188,172920,0.0,0.0
2011-02-25 00:00:00+09:00,984.2309171896356,1032.9119659643952,984.2309171896356,1027.294921875,183360,0.0,0.0
2011-02-28 00:00:00+09:00,1011.6921034773912,1037.9049764361357,987.3515785871284,1032.9119873046875,206280,0.0,0.0
2011-03-01 00:00:00+09:00,1035.4089275726299,1070.983556187241,1026.0471832003636,1068.487060546875,176880,0.0,0.0
2011-03-02 00:00:00+09:00,1046.642680618447,1069.1108598088251,1037.9050858521628,1040.4014892578125,175800,0.0,0.0
2011-03-03 00:00:00+09:00,1031.6642551015223,1046.0188996829525,1029.7919061811929,1041.650146484375,76320,0.0,0.0
2011-03-04 00:00:00+09:00,1060.9970482407161,1062.869396026684,1048.5147601420076,1055.3800048828125,110160,0.0,0.0
2011-03-07 00:00:00+09:00,1044.146433964303,1044.7705806756915,1017.9335520118663,1023.5505981445312,155280,0.0,0.0
2011-03-08 00:00:00+09:00,1018.5573783421193,1036.032657954758,1014.8126820982144,1015.4368286132812,66720,0.0,0.0
2011-03-09 00:00:00+09:00,1015.4370739119354,1034.1605596544832,1014.8129272460938,1014.8129272460938,134640,0.0,0.0
2011-03-10 00:00:00+09:00,1005.451160294045,1006.0753069449383,989.2241701802336,995.4652709960938,69720,0.0,0.0
2011-03-11 00:00:00+09:00,984.855493253497,988.600190946476,972.9972534179688,972.9972534179688,153720,0.0,0.0
2011-03-14 00:00:00+09:00,1091.578641075037,1091.578641075037,1016.0605914067592,1027.9188232421875,336240,0.0,0.0
2011-03-15 00:00:00+09:00,977.9898341377136,1047.890767451991,778.2726467228622,850.670166015625,436680,0.0,0.0
2011-03-16 00:00:00+09:00,856.9114404926628,920.5712875710623,837.5639008588545,904.9684448242188,257880,0.0,0.0
2011-03-17 00:00:00+09:00,891.2378069196428,935.5500203466902,867.5214251651082,917.45068359375,331800,0.0,0.0
2011-03-18 00:00:00+09:00,936.1742054332386,1064.7420991716494,936.1742054332386,1029.7916259765625,398160,0.0,0.0
2011-03-22 00:00:00+09:00,1062.869396026684,1067.238238001686,1035.4083256402323,1055.3800048828125,347760,0.0,0.0
2011-03-23 00:00:00+09:00,1030.4158148218169,1055.380400374424,981.1106075070288,991.0964965820312,264120,0.0,0.0
2011-03-24 00:00:00+09:00,991.7202298890152,1013.5643494361527,991.7202298890152,1001.7061157226562,168120,0.0,0.0
2011-03-25 00:00:00+09:00,1014.8130190091072,1014.8130190091072,967.380153697847,969.2525024414062,308640,0.0,0.0
2011-03-28 00:00:00+09:00,973.6212878310092,1004.8270678639891,973.6212878310092,999.2100219726562,273840,0.0,0.0
2011-03-29 00:00:00+09:00,1012.5160837529494,1018.8522605903555,979.5681869535666,987.8051147460938,287760,20.0,0.0
2011-03-30 00:00:00+09:00,1001.1105815462713,1023.9206967674364,989.0719715003873,1006.8131103515625,301320,0.0,0.0
2011-03-31 00:00:00+09:00,1009.9812296650371,1021.3862871161557,989.0719576713196,1012.515625,235560,0.0,0.0
2011-04-01 00:00:00+09:00,1027.7224607684611,1027.7224607684611,987.1712036132812,987.1712036132812,207240,0.0,0.0
2011-04-04 00:00:00+09:00,1001.110495429609,1014.4163948307001,997.9424550818312,1001.744140625,314880,0.0,0.0
2011-04-05 00:00:00+09:00,987.1712260943242,995.4081510837931,959.9257770613128,969.4299926757812,217560,0.0,0.0
2011-04-06 00:00:00+09:00,959.9257839077787,985.9039425010743,956.7577429518957,975.7661743164062,210960,0.0,0.0
2011-04-07 00:00:00+09:00,994.1409129994939,994.1409129994939,950.4215229440669,951.688720703125,254040,0.0,0.0
2011-04-08 00:00:00+09:00,932.6805378499008,947.8872862540549,928.2452981084402,935.2150268554688,408720,0.0,0.0
2011-04-11 00:00:00+09:00,937.749267578125,958.0248958105173,933.3139361963571,937.749267578125,149880,0.0,0.0
2011-04-12 00:00:00+09:00,935.2150440474061,937.1158876328683,909.236879317632,913.672119140625,146160,0.0,0.0
2011-04-13 00:00:00+09:00,918.7407669353865,958.0248226398267,918.7407669353865,947.886962890625,161520,0.0,0.0
2011-04-14 00:00:00+09:00,951.6887997111871,958.6586200011376,937.7493447605052,954.85693359375,225480,0.0,0.0
2011-04-15 00:00:00+09:00,964.3612751091882,970.0638054623676,952.322568980936,959.2922973632812,147600,0.0,0.0
2011-04-18 00:00:00+09:00,959.2921716155271,973.865364706422,956.7577758894137,961.82666015625,135480,0.0,0.0
2011-04-19 00:00:00+09:00,961.8264711553022,978.9340566106337,952.955902227772,973.8651733398438,158400,0.0,0.0
2011-04-20 00:00:00+09:00,986.5375878180934,1017.5847233183292,972.5980405459169,975.7661743164062,397440,0.0,0.0
2011-04-21 00:00:00+09:00,982.735919379493,985.9039603928683,961.1929991705599,974.4989013671875,197160,0.0,0.0
2011-04-22 00:00:00+09:00,963.7275492550115,973.8654110861024,951.6888441315042,967.5292358398438,177360,0.0,0.0
2011-04-25 00:00:00+09:00,964.3611496122193,976.3997613592072,951.6887997111871,954.85693359375,101520,0.0,0.0
2011-04-26 00:00:00+09:00,954.8568654160761,956.7577084840478,947.8870456237771,948.5206909179688,102240,0.0,0.0
2011-04-27 00:00:00+09:00,946.6201497812497,971.964763042921,946.6201497812497,955.49072265625,125520,0.0,0.0
2011-04-28 00:00:00+09:00,973.2317307692308,994.141006234976,964.9947125263399,988.4384765625,247200,0.0,0.0
2011-05-02 00:00:00+09:00,998.5762727905158,998.5762727905158,987.8047666809342,990.972900390625,80640,0.0,0.0
2011-05-06 00:00:00+09:00,975.7661596412545,989.7056138891805,974.4988690262759,981.4686889648438,93240,0.0,0.0
2011-05-09 00:00:00+09:00,971.330895147065,976.3997795129554,950.421619517676,953.5896606445312,159960,0.0,0.0
2011-05-10 00:00:00+09:00,949.7879209236315,956.7577409524573,938.3828621287596,952.9560546875,190560,0.0,0.0
2011-05-11 00:00:00+09:00,918.740953985794,935.2148982194773,891.4955025710058,906.068603515625,642240,0.0,0.0
2011-05-12 00:00:00+09:00,909.2367375404741,918.740953985794,897.1980324381977,906.068603515625,165960,0.0,0.0
2011-05-13 00:00:00+09:00,904.8012768384475,916.2063349498566,899.7323930604659,911.137451171875,199800,0.0,0.0
2011-05-16 00:00:00+09:00,897.8316006295292,902.266839379688,885.1592512486607,888.9609375,159000,0.0,0.0
2011-05-17 00:00:00+09:00,881.991047832981,902.2666731668073,881.991047832981,899.0986328125,153360,0.0,0.0
2011-05-18 00:00:00+09:00,887.0600728023047,907.3357941927758,883.2583866434169,899.732421875,138360,0.0,0.0
2011-05-19 00:00:00+09:00,890.2282400592325,893.3962810396102,873.7542042062108,878.8231811523438,263880,0.0,0.0
2011-05-20 00:00:00+09:00,878.823266658404,878.823266658404,860.4483858664304,861.08203125,194280,0.0,0.0
2011-05-23 00:00:00+09:00,855.3794461660051,856.6466440369366,838.9055025854558,844.6080322265625,121080,0.0,0.0
2011-05-24 00:00:00+09:00,830.0347894576302,851.5777088641204,827.5003938671756,848.40966796875,179280,0.0,0.0
2011-05-25 00:00:00+09:00,880.7241934059298,907.9695552605291,866.1509979059466,904.801513671875,556200,0.0,0.0
2011-05-26 00:00:00+09:00,903.5340646576608,933.9475524686945,898.4650881460892,930.7794189453125,496800,0.0,0.0
2011-05-27 00:00:00+09:00,921.9090870781488,937.7494803372869,913.6720677330574,933.3141479492188,360120,0.0,0.0
2011-05-30 00:00:00+09:00,925.076774493165,948.5205326922926,916.2062059272245,946.6196899414062,261840,0.0,0.0
2011-05-31 00:00:00+09:00,944.7188583984375,960.5592457819462,942.8180156249999,950.42138671875,196440,0.0,0.0
2011-06-01 00:00:00+09:00,949.7879565074933,957.3913293222687,940.283740489024,954.85693359375,189720,0.0,0.0
2011-06-02 00:00:00+09:00,933.313925263376,942.8181403882576,925.0769078836116,940.9172973632812,142440,0.0,0.0
2011-06-03 00:00:00+09:00,938.3828939238895,938.3828939238895,910.5038913077833,916.2064208984375,114240,0.0,0.0
2011-06-06 00:00:00+09:00,916.2063602900982,933.3139479303699,900.999615720968,909.2366333007812,156000,0.0,0.0
2011-06-07 00:00:00+09:00,914.3053818870766,935.2146525747228,907.96920831626,928.8784790039062,179040,0.0,0.0
2011-06-08 00:00:00+09:00,934.5810947388777,948.5206407719215,926.3441704228683,945.3526000976562,129360,0.0,0.0
2011-06-09 00:00:00+09:00,945.3526397670973,945.9861922397771,930.7794478618323,937.749267578125,100440,0.0,0.0
2011-06-10 00:00:00+09:00,937.749476282793,943.4520066936723,927.6116135030225,935.8486328125,114360,0.0,0.0
2011-06-13 00:00:00+09:00,918.7409515929726,932.0468545817657,911.7711310081481,924.4434814453125,68520,0.0,0.0
2011-06-14 00:00:00+09:00,931.413021625724,937.115550329555,921.9088071193391,933.947509765625,58800,0.0,0.0
2011-06-15 00:00:00+09:00,939.0166111743356,967.5292613112081,937.7494132175689,965.62841796875,201360,0.0,0.0
2011-06-16 00:00:00+09:00,962.4605446716233,966.2622320201424,947.8873479592119,955.49072265625,100920,0.0,0.0
2011-06-17 00:00:00+09:00,968.7963010111638,975.13247538919,932.0467309365749,938.3828125,139320,0.0,0.0
2011-06-20 00:00:00+09:00,949.1544732723179,971.3309479961245,944.71914120171,965.62841796875,184920,0.0,0.0
2011-06-21 00:00:00+09:00,970.0633443031751,977.6667144928418,953.5893136825122,973.2313842773438,113520,0.0,0.0
2011-06-22 00:00:00+09:00,975.13240397243,988.4383042215665,971.9643634227385,985.270263671875,138720,0.0,0.0
2011-06-23 00:00:00+09:00,977.6670888536332,984.63681659143,973.2317569397918,979.5679321289062,80400,0.0,0.0
2011-06-24 00:00:00+09:00,978.3005336133374,984.0030628108528,970.6971613499834,980.8350219726562,74880,0.0,0.0
2011-06-27 00:00:00+09:00,983.3695244919278,985.9039200731378,972.5980184206711,982.1022338867188,156000,0.0,0.0
2011-06-28 00:00:00+09:00,991.6066949422473,1001.1109127621878,989.7058513782592,997.94287109375,255240,0.0,0.0
2011-06-29 00:00:00+09:00,1009.9812437864554,1009.9812437864554,1000.4770291109699,1006.8131103515625,149520,0.0,0.0
2011-06-30 00:00:00+09:00,1009.3478254114384,1009.3478254114384,990.9730371801954,1008.0806274414062,179640,0.0,0.0
2011-07-01 00:00:00+09:00,1009.3474540193953,1009.3474540193953,980.2011689161712,982.7356567382812,167520,0.0,0.0
2011-07-04 00:00:00+09:00,989.7053209650627,1011.8818792029161,989.7053209650627,999.2095336914062,101400,0.0,0.0
2011-07-05 00:00:00+09:00,1006.8131868928016,1006.8131868928016,985.903913017142,987.1712036132812,104040,0.0,0.0
2011-07-06 00:00:00+09:00,983.3695279907344,990.972900390625,977.0333533859572,990.972900390625,54480,0.0,0.0
2011-07-07 00:00:00+09:00,990.3396040439836,997.9429791230161,982.1025834368194,987.8051147460938,54840,0.0,0.0
2011-07-08 00:00:00+09:00,997.9426339479422,1008.7140473126708,992.2401046110969,1004.27880859375,89640,0.0,0.0
2011-07-11 00:00:00+09:00,997.9426185061802,1023.9207763671875,997.9426185061802,1023.9207763671875,146400,0.0,0.0
2011-07-12 00:00:00+09:00,1009.9812437864554,1015.6837725917467,1004.9122674164655,1006.8131103515625,49560,0.0,0.0
2011-07-13 00:00:00+09:00,1001.1106737276251,1020.119104828875,1001.1106737276251,1018.21826171875,54600,0.0,0.0
2011-07-14 00:00:00+09:00,1018.2184349137773,1018.2184349137773,1010.6150611799728,1014.416748046875,57480,0.0,0.0
2011-07-15 00:00:00+09:00,1021.3866648609577,1033.4252791908236,1017.5849776379201,1032.1580810546875,105720,0.0,0.0
2011-07-19 00:00:00+09:00,1028.3559713298068,1032.1576569909153,1023.92064045365,1029.6231689453125,73920,0.0,0.0
2011-07-20 00:00:00+09:00,1032.7914830048137,1033.4250355161796,1023.9208196996157,1025.1881103515625,97920,0.0,0.0
2011-07-21 00:00:00+09:00,1018.8520803298013,1019.4857257458252,1008.7142177465217,1014.416748046875,59160,0.0,0.0
2011-07-22 00:00:00+09:00,1023.9210611332297,1033.4252791908236,1021.3866648609577,1032.1580810546875,68280,0.0,0.0
2011-07-25 00:00:00+09:00,1035.9594293358723,1035.9594293358723,1027.0888596559055,1027.722412109375,50160,0.0,0.0
2011-07-26 00:00:00+09:00,1027.0889030238814,1031.5241416438394,1024.5544146591888,1028.98974609375,70800,0.0,0.0
2011-07-27 00:00:00+09:00,1017.5847021545608,1025.8216270314658,996.0417827846306,1023.2872314453125,81360,0.0,0.0
2011-07-28 00:00:00+09:00,1010.6150233814705,1016.3175534685407,989.7057463955462,1008.0806274414062,156120,0.0,0.0
2011-07-29 00:00:00+09:00,1023.2872097435272,1032.1577797361467,1008.0804652906927,1022.653564453125,188040,0.0,0.0
2011-08-01 00:00:00+09:00,1013.7826657055599,1037.8599723430941,1013.7826657055599,1017.5843505859375,138960,0.0,0.0
2011-08-02 00:00:00+09:00,1018.2183170446455,1019.4856077299916,1001.1107281239629,1004.9124145507812,131640,0.0,0.0
2011-08-03 00:00:00+09:00,994.7749802872466,994.7749802872466,975.1328962090201,989.0724487304688,86760,0.0,0.0
2011-08-04 00:00:00+09:00,991.606517664561,1002.378024477867,982.7359468900241,988.4384765625,66000,0.0,0.0
2011-08-05 00:00:00+09:00,963.0938228509821,966.8955091159394,947.2535252900641,952.9560546875,117360,0.0,0.0
2011-08-08 00:00:00+09:00,938.382731989243,946.6197486925026,909.2365365431116,914.305419921875,104160,0.0,0.0
2011-08-09 00:00:00+09:00,895.2973224475097,929.5125067448668,850.9442748275413,923.1763305664062,232800,0.0,0.0
2011-08-10 00:00:00+09:00,944.0851991540839,944.0851991540839,895.9305781532852,897.8314208984375,162120,0.0,0.0
2011-08-11 00:00:00+09:00,883.2583690469145,898.4651133795134,875.0214444098247,889.5945434570312,109080,0.0,0.0
2011-08-12 00:00:00+09:00,907.9694234803625,911.7711099608309,890.8618343182541,894.0299682617188,83160,0.0,0.0
2011-08-15 00:00:00+09:00,910.5039158802806,910.5039158802806,883.8921104057004,891.4954833984375,69480,0.0,0.0
2011-08-16 00:00:00+09:00,896.5641888743131,915.5726175629176,894.6633460054527,914.305419921875,121200,0.0,0.0
2011-08-17 00:00:00+09:00,919.3744538042752,929.5123150359857,912.4047264156915,928.2451171875,93360,0.0,0.0
2011-08-18 00:00:00+09:00,926.9777477835427,926.9777477835427,906.0684745792928,911.137451171875,99600,0.0,0.0
2011-08-19 00:00:00+09:00,889.5947972074468,902.2670568277481,888.3275990898052,893.396484375,56640,0.0,0.0
2011-08-22 00:00:00+09:00,892.1292475976473,892.1292475976473,860.4484606978137,862.3493041992188,142680,0.0,0.0
2011-08-23 00:00:00+09:00,863.6161414439971,878.8228814675768,857.2799688293137,873.75390625,101760,0.0,0.0
2011-08-24 00:00:00+09:00,881.3576096647118,895.9308029098227,867.4181545797499,871.8533935546875,78120,0.0,0.0
2011-08-25 00:00:00+09:00,890.8618520344644,904.8014003449296,882.6249263727191,892.7626953125,75000,0.0,0.0
2011-08-26 00:00:00+09:00,895.297057901346,902.2667846679688,888.960883595125,902.2667846679688,64560,0.0,0.0
2011-08-29 00:00:00+09:00,897.197790036998,907.9692014933137,881.991047832981,899.0986328125,69480,0.0,0.0
2011-08-30 00:00:00+09:00,912.4045770530146,922.5424366251347,906.7020484464332,914.305419921875,37440,0.0,0.0
2011-08-31 00:00:00+09:00,911.1375218773134,923.1761333860564,896.564329060992,921.908935546875,134400,0.0,0.0
2011-09-01 00:00:00+09:00,928.2450059898827,941.5509066561525,926.3441630375585,932.0466918945312,93360,0.0,0.0
2011-09-02 00:00:00+09:00,927.6113358231701,937.749195568179,920.6416094566861,933.947509765625,66720,0.0,0.0
2011-09-05 00:00:00+09:00,924.4433916854256,924.4433916854256,906.068513180051,917.4735717773438,57000,0.0,0.0
2011-09-06 00:00:00+09:00,915.5726175629176,920.6415937562742,904.1675603497549,914.305419921875,81480,0.0,0.0
2011-09-07 00:00:00+09:00,916.8401234813055,933.3140679447041,911.1375935345964,918.740966796875,68760,0.0,0.0
2011-09-08 00:00:00+09:00,933.9476495536476,940.9173769633211,923.8097882912607,932.6803588867188,63720,0.0,0.0
2011-09-09 00:00:00+09:00,940.9173260941507,943.4518144763765,930.7794653798508,936.4819946289062,84120,0.0,0.0
2011-09-12 00:00:00+09:00,913.038424118602,920.0081519069654,902.2669169374971,906.068603515625,66960,0.0,0.0
2011-09-13 00:00:00+09:00,914.939265024746,928.8787205651679,911.1375784565193,924.4434814453125,46560,0.0,0.0
2011-09-14 00:00:00+09:00,924.4432340907244,933.947447968235,878.1893622819767,899.0986328125,176040,0.0,0.0
2011-09-15 00:00:00+09:00,899.0989614486263,935.8486328125,894.0300764660523,935.8486328125,106920,0.0,0.0
2011-09-16 00:00:00+09:00,937.7494725499798,956.1242617514625,929.5124532732907,949.7880859375,82800,0.0,0.0
2011-09-20 00:00:00+09:00,937.7493999525717,937.7493999525717,915.5728327278489,918.740966796875,77520,0.0,0.0
2011-09-21 00:00:00+09:00,918.7409198017591,933.9476655484663,913.038390146744,920.0081176757812,57240,0.0,0.0
2011-09-22 00:00:00+09:00,899.7324182491532,904.1676568735797,880.7239875313161,890.8617553710938,101040,0.0,0.0
2011-09-26 00:00:00+09:00,892.7625550767677,892.7625550767677,866.7843986291521,875.6549682617188,66840,0.0,0.0
2011-09-27 00:00:00+09:00,894.6634799469964,909.236672666432,888.3273979786052,908.60302734375,62520,0.0,0.0
2011-09-28 00:00:00+09:00,929.7782204254303,959.2950206593136,929.7782204254303,955.4450073242188,62880,15.0,0.0
2011-09-29 00:00:00+09:00,956.7281708633197,986.2449666882396,951.5948518481193,983.0365600585938,96720,0.0,0.0
2011-09-30 00:00:00+09:00,990.7365855786204,993.9449922082663,950.9531517232998,983.0365600585938,116400,0.0,0.0
2011-10-03 00:00:00+09:00,949.6699501993351,949.6699501993351,918.8698447225399,934.2698974609375,83640,0.0,0.0
2011-10-04 00:00:00+09:00,924.003257909751,936.8366051603402,918.8699378084098,927.853271484375,45960,0.0,0.0
2011-10-05 00:00:00+09:00,927.8531587307815,932.3448720201628,916.3031194104813,917.58642578125,69960,0.0,0.0
2011-10-06 00:00:00+09:00,923.3615115616936,927.2115249441531,912.4531716428811,916.9448852539062,59040,0.0,0.0
2011-10-07 00:00:00+09:00,931.7031015013589,936.8364205913695,926.5697824113482,931.0614013671875,108000,0.0,0.0
2011-10-11 00:00:00+09:00,950.3115515290659,959.2949782433896,947.1032385565001,953.5199584960938,66480,0.0,0.0
2011-10-12 00:00:00+09:00,945.819878076531,991.3783332571882,941.969865131843,987.5283203125,89160,0.0,0.0
2011-10-13 00:00:00+09:00,1002.2867621060619,1016.4035088380792,975.9783692820192,997.1534423828125,108960,0.0,0.0
2011-10-14 00:00:00+09:00,978.544862048297,991.3782055458884,949.0280686099476,959.2947998046875,91560,0.0,0.0
2011-10-17 00:00:00+09:00,962.5033147349386,965.0700215723866,954.161588009081,960.5783081054688,33600,0.0,0.0
2011-10-18 00:00:00+09:00,941.3281724652206,957.3699245271976,935.5531530022438,952.2365112304688,54000,0.0,0.0
2011-10-19 00:00:00+09:00,958.0116302783341,962.5033438812691,938.7615634007087,945.1782836914062,75000,0.0,0.0
2011-10-20 00:00:00+09:00,937.478090810076,943.2531098499737,910.5280019572195,918.22802734375,61320,0.0,0.0
2011-10-21 00:00:00+09:00,917.5863272300556,923.3613462699534,911.8113081901578,918.22802734375,24600,0.0,0.0
2011-10-24 00:00:00+09:00,924.003141028989,936.8364866562383,924.003141028989,930.4198608398438,38520,0.0,0.0
2011-10-25 00:00:00+09:00,928.49486838327,929.7781747671274,895.1280564528246,900.903076171875,98760,0.0,0.0
2011-10-26 00:00:00+09:00,902.8280920358649,922.7198581598982,894.4863654687937,912.453125,71280,0.0,0.0
2011-10-27 00:00:00+09:00,913.0947451936962,916.9447580420259,897.0529936608374,911.1697387695312,94200,0.0,0.0
2011-10-28 00:00:00+09:00,930.4196857518565,934.9113041792001,904.7529053329171,923.3612670898438,137400,0.0,0.0
2011-10-31 00:00:00+09:00,923.3613403972952,932.344765954079,908.6029898317931,909.2446899414062,49440,0.0,0.0
2011-11-01 00:00:00+09:00,904.7530566612712,919.5114085235505,903.4697503237342,910.528076171875,44760,0.0,0.0
2011-11-02 00:00:00+09:00,898.3364017126817,916.9448619172875,889.3530687137282,913.0948486328125,94440,0.0,0.0
2011-11-04 00:00:00+09:00,949.6699916799887,975.3366847021055,944.536577879992,961.2200317382812,234360,0.0,0.0
2011-11-07 00:00:00+09:00,950.3114159610418,963.1448540094569,916.9447026218393,920.1530151367188,168600,0.0,0.0
2011-11-08 00:00:00+09:00,914.3780942014163,924.6448269414798,907.3197683145056,919.5114135742188,138240,0.0,0.0
2011-11-09 00:00:00+09:00,920.1531704387082,920.1531704387082,898.3363972697612,907.31982421875,123360,0.0,0.0
2011-11-10 00:00:00+09:00,898.3362171164506,913.7362670898438,893.8445985371748,913.7362670898438,94680,0.0,0.0
2011-11-11 00:00:00+09:00,913.0947728804908,913.0947728804908,889.9946950900733,898.97802734375,87360,0.0,0.0
2011-11-14 00:00:00+09:00,911.1697024750706,930.419765949935,911.1697024750706,921.4363403320312,100560,0.0,0.0
2011-11-15 00:00:00+09:00,921.4364857209898,929.1365123258852,911.1698462441062,925.2864990234375,92760,0.0,0.0
2011-11-16 00:00:00+09:00,923.3612365009029,938.7612854432082,918.2279181849477,932.9862670898438,140880,0.0,0.0
2011-11-17 00:00:00+09:00,932.9862670898438,946.4613099143608,929.7779548916766,932.9862670898438,94440,0.0,0.0
2011-11-18 00:00:00+09:00,932.3447931753833,941.328125,926.5697740036042,941.328125,220920,0.0,0.0
2011-11-21 00:00:00+09:00,941.3280397763732,941.9697398466251,927.8529962621919,937.47802734375,136920,0.0,0.0
2011-11-22 00:00:00+09:00,917.5862981537753,941.3280736747365,907.9612667256082,911.811279296875,104880,0.0,0.0
2011-11-24 00:00:00+09:00,905.394654341062,927.2113295819423,905.394654341062,911.811279296875,180120,0.0,0.0
2011-11-25 00:00:00+09:00,912.4529812520002,916.3029938311226,891.2779120668272,892.5612182617188,145080,0.0,0.0
2011-11-28 00:00:00+09:00,894.486379421273,916.303152478438,894.486379421273,907.96142578125,135240,0.0,0.0
2011-11-29 00:00:00+09:00,917.5866416804926,942.6117327626376,913.7366276678549,938.76171875,110760,0.0,0.0
2011-11-30 00:00:00+09:00,933.6279840345252,934.269684083555,917.5862347643073,924.6446533203125,173160,0.0,0.0
2011-12-01 00:00:00+09:00,929.1364027321007,937.4781285683,908.6030322058267,911.1697387695312,155640,0.0,0.0
2011-12-02 00:00:00+09:00,911.169892300848,929.7782595384506,910.5281920531824,926.5699462890625,160800,0.0,0.0
2011-12-05 00:00:00+09:00,936.836427459408,959.2948983810633,934.911421037235,958.6531982421875,126360,0.0,0.0
2011-12-06 00:00:00+09:00,951.5948657161368,955.4448785322581,928.494788819409,931.0614013671875,164160,0.0,0.0
2011-12-07 00:00:00+09:00,931.0612970303845,940.0447219242674,916.9446476161852,925.927978515625,205800,0.0,0.0
2011-12-08 00:00:00+09:00,918.8696114096045,936.1946663412451,918.8696114096045,924.0029296875,365160,0.0,0.0
2011-12-09 00:00:00+09:00,924.6447489901094,944.5364186293056,922.0780425228628,940.0447998046875,153840,0.0,0.0
2011-12-12 00:00:00+09:00,949.028009033203,961.2197456869483,941.969684651792,943.2529907226562,137400,0.0,0.0
2011-12-13 00:00:00+09:00,942.6115623889186,959.2950160911951,937.478242631392,952.8782958984375,143160,0.0,0.0
2011-12-14 00:00:00+09:00,952.878253675539,955.444960437802,927.8531682254743,929.136474609375,133920,0.0,0.0
2011-12-15 00:00:00+09:00,936.1946732824503,952.8780283051344,928.4946488112976,932.9862670898438,213360,0.0,0.0
2011-12-16 00:00:00+09:00,934.2697708389572,962.5031657013812,934.2697708389572,934.911376953125,169320,0.0,0.0
2011-12-19 00:00:00+09:00,930.4199127563446,931.7032191923387,909.8864458136468,925.2864990234375,105360,0.0,0.0
2011-12-20 00:00:00+09:00,934.2697328155577,949.6697828400206,929.7780202269408,932.3447265625,86520,0.0,0.0
2011-12-21 00:00:00+09:00,936.194880551579,940.0448936395301,929.7781607401739,933.628173828125,51120,0.0,0.0
2011-12-22 00:00:00+09:00,934.2696602377295,936.1946663412451,921.4362235513329,924.0029296875,89760,0.0,0.0
2011-12-26 00:00:00+09:00,951.5947222247554,951.5947222247554,926.5696426935094,932.9862670898438,39720,0.0,0.0
2011-12-27 00:00:00+09:00,932.344966534643,932.344966534643,916.9449125464284,926.5699462890625,59520,0.0,0.0
2011-12-28 00:00:00+09:00,916.3030866757715,927.2114254237591,916.3030866757715,920.7947998046875,29640,0.0,0.0
2011-12-29 00:00:00+09:00,913.73636674014,931.703125,911.1697541276285,931.703125,34680,0.0,0.0
2011-12-30 00:00:00+09:00,932.3446610468739,939.4029854806173,924.6446365757213,932.9862670898438,25320,0.0,0.0
2012-01-04 00:00:00+09:00,943.2532582814207,950.3115846649633,941.3282516318668,943.8949584960938,56760,0.0,0.0
2012-01-05 00:00:00+09:00,943.8948928478536,949.028212224818,936.8364729607615,944.5364990234375,33360,0.0,0.0
2012-01-06 00:00:00+09:00,938.761493280573,938.761493280573,922.0781345642719,933.628173828125,45000,0.0,0.0
2012-01-10 00:00:00+09:00,943.2531023873536,949.0281213815618,934.2697708389572,934.911376953125,35280,0.0,0.0
2012-01-11 00:00:00+09:00,940.6865602100439,958.0116202179712,938.7615535424965,955.4450073242188,70440,0.0,0.0
2012-01-12 00:00:00+09:00,956.0864812884025,957.3698815522033,945.1781430128143,947.1031494140625,35400,0.0,0.0
2012-01-13 00:00:00+09:00,945.1781297499134,961.2198808666981,945.1781297499134,954.8031616210938,57600,0.0,0.0
2012-01-16 00:00:00+09:00,954.161555409804,974.0533212328714,945.1782227773515,970.2033081054688,89040,0.0,0.0
2012-01-17 00:00:00+09:00,970.203294168307,978.5450204893359,966.3532810962106,977.9033203125,51480,0.0,0.0
2012-01-18 00:00:00+09:00,979.8283825730725,1010.6284889014992,979.8283825730725,997.1534423828125,78000,0.0,0.0
2012-01-19 00:00:00+09:00,999.7201492416698,1013.1951957603565,990.0951160140364,997.1534423828125,73200,0.0,0.0
2012-01-20 00:00:00+09:00,1008.0614624023438,1009.9864684374816,998.4364322266548,1008.0614624023438,56400,0.0,0.0
2012-01-23 00:00:00+09:00,1007.4202140647543,1009.3452207833528,990.7367598405873,993.303466796875,44160,0.0,0.0
2012-01-24 00:00:00+09:00,990.7364869862574,995.8698994850625,975.9781375396891,986.886474609375,41160,0.0,0.0
2012-01-25 00:00:00+09:00,986.8865518350309,1009.986627903948,986.8865518350309,1004.2116088867188,66480,0.0,0.0
2012-01-26 00:00:00+09:00,1004.2117687515886,1004.8534689649192,984.961702296322,997.1534423828125,83280,0.0,0.0
2012-01-27 00:00:00+09:00,988.8118896484375,998.4369245703706,983.678569021567,988.8118896484375,22080,0.0,0.0
2012-01-30 00:00:00+09:00,988.8117155873753,1003.5701625327231,986.2451027229831,997.1534423828125,32160,0.0,0.0
2012-01-31 00:00:00+09:00,999.7203252229494,1006.1369525079172,988.1702833166297,988.8118896484375,55440,0.0,0.0
2012-02-01 00:00:00+09:00,958.6532640285834,972.770010091415,932.3448724516554,964.4282836914062,173400,0.0,0.0
2012-02-02 00:00:00+09:00,968.9200493830984,969.5616556062482,947.1032759232954,952.8782958984375,118920,0.0,0.0
2012-02-03 00:00:00+09:00,953.5197702328022,970.8448260540241,943.2530391554119,950.9530639648438,103440,0.0,0.0
2012-02-06 00:00:00+09:00,954.8029606462396,974.6947203245136,954.8029606462396,972.7697143554688,75720,0.0,0.0
2012-02-07 00:00:00+09:00,972.7700673321459,972.7700673321459,949.6699873215763,955.4450073242188,100200,0.0,0.0
2012-02-08 00:00:00+09:00,951.5950252344074,976.6201127342144,951.5950252344074,974.0534057617188,118920,0.0,0.0
2012-02-09 00:00:00+09:00,966.9950935265992,973.4117200619938,960.5783729967341,969.5617065429688,49680,0.0,0.0
2012-02-10 00:00:00+09:00,977.261634126789,977.261634126789,963.7865881815336,966.9949951171875,31440,0.0,0.0
2012-02-13 00:00:00+09:00,962.5032818506635,974.0533212328714,962.5032818506635,970.2033081054688,44280,0.0,0.0
2012-02-14 00:00:00+09:00,975.336608777837,975.336608777837,961.2199569129118,972.1282958984375,31680,0.0,0.0
2012-02-15 00:00:00+09:00,963.7865413814302,974.6949740418177,963.7865413814302,965.7115478515625,101760,0.0,0.0
2012-02-16 00:00:00+09:00,964.4282977983872,971.486623935817,947.1032385565001,953.5199584960938,79800,0.0,0.0
2012-02-17 00:00:00+09:00,957.3700094328144,961.2200227495757,943.2532626065341,952.8782958984375,172440,0.0,0.0
2012-02-20 00:00:00+09:00,958.6530887742757,961.8614011133913,932.9863080780215,950.9530639648438,157920,0.0,0.0
2012-02-21 00:00:00+09:00,956.086594638551,961.2200083134468,947.1032616991796,960.5783081054688,106920,0.0,0.0
2012-02-22 00:00:00+09:00,957.3699118268145,981.7532956822074,956.0865115224291,978.5449829101562,120960,0.0,0.0
2012-02-23 00:00:00+09:00,978.5452483946966,990.0952903010163,974.6952344259233,988.8118896484375,78000,0.0,0.0
2012-02-24 00:00:00+09:00,988.8116314208617,997.7950576649706,981.7533056528822,990.0950317382812,76920,0.0,0.0
2012-02-27 00:00:00+09:00,997.794990757191,997.794990757191,979.1865333525225,984.3199462890625,86280,0.0,0.0
2012-02-28 00:00:00+09:00,983.6780642558749,1008.7031422115039,978.5447462631212,1003.56982421875,123600,0.0,0.0
2012-02-29 00:00:00+09:00,1013.1950045766619,1013.1950045766619,994.5865478515626,994.5865478515625,109800,0.0,0.0
2012-03-01 00:00:00+09:00,994.5867167850192,1014.4784830788371,990.0950973597268,995.8701171875,142920,0.0,0.0
2012-03-02 00:00:00+09:00,1013.1950689833783,1022.8201010066706,1005.4950433647446,1019.6116943359375,114120,0.0,0.0
2012-03-05 00:00:00+09:00,1032.4451327130369,1046.5617836798965,1008.0616555985458,1016.4033813476562,169200,0.0,0.0
2012-03-06 00:00:00+09:00,1022.1785658828272,1029.878592744468,1006.1368119229192,1015.1202392578125,105960,0.0,0.0
2012-03-07 00:00:00+09:00,999.0781322365125,1015.7614865428949,990.7364080861037,1008.0614624023438,122760,0.0,0.0
2012-03-08 00:00:00+09:00,1015.7616552022973,1038.8617314595406,1014.4783489639341,1035.01171875,153720,0.0,0.0
2012-03-09 00:00:00+09:00,1042.070158467227,1060.036822134185,1036.9367454242793,1051.6951904296875,200040,0.0,0.0
2012-03-12 00:00:00+09:00,1060.0367183043163,1060.0367183043163,1046.5616748767427,1052.9783935546875,120360,0.0,0.0
2012-03-13 00:00:00+09:00,1047.8452287580694,1061.9618803286464,1039.503502652214,1043.353515625,106440,0.0,0.0
2012-03-14 00:00:00+09:00,1063.887126868315,1076.0788686978756,1058.7538064111477,1065.8121337890625,79440,0.0,0.0
2012-03-15 00:00:00+09:00,1068.3787566936944,1069.6620632080824,1049.1286890055198,1061.9620361328125,96000,0.0,0.0
2012-03-16 00:00:00+09:00,1060.678453393306,1065.8117721084943,1056.828440858303,1065.170166015625,61560,0.0,0.0
2012-03-19 00:00:00+09:00,1064.5283266794768,1072.8700507456344,1058.1116086290144,1070.3033447265625,52320,0.0,0.0
2012-03-21 00:00:00+09:00,1077.362118000458,1084.4205389973602,1067.0954776322842,1068.3787841796875,96000,0.0,0.0
2012-03-22 00:00:00+09:00,1067.095199367132,1067.095199367132,1047.2034360999273,1056.186767578125,93240,0.0,0.0
2012-03-23 00:00:00+09:00,1043.35367973426,1051.0537068909703,1036.9369591055106,1045.2786865234375,87960,0.0,0.0
2012-03-26 00:00:00+09:00,1039.5036055991304,1056.1869654686152,1034.3702857918581,1042.0703125,112080,0.0,0.0
2012-03-27 00:00:00+09:00,1055.5453256518292,1063.2453521149564,1042.7118855503081,1058.1119384765625,148200,0.0,0.0
2012-03-28 00:00:00+09:00,1065.9256432545797,1084.8089350509874,1061.3676862411176,1075.041748046875,72000,20.0,0.0
2012-03-29 00:00:00+09:00,1066.5767561445782,1067.8790158718957,1054.2049548956832,1059.4141845703125,73320,0.0,0.0
2012-03-30 00:00:00+09:00,1066.5765649990244,1069.8322614251913,1056.8093803378613,1061.367431640625,52920,0.0,0.0
2012-04-02 00:00:00+09:00,1063.9723326905118,1065.2746880347718,1053.5540622326143,1057.4609375,70200,0.0,0.0
2012-04-03 00:00:00+09:00,1052.2513969261072,1065.9254563339828,1046.3910857513033,1054.204833984375,44640,0.0,0.0
2012-04-04 00:00:00+09:00,1051.6004383921147,1052.9026981230866,1032.0660655141353,1041.833251953125,71640,0.0,0.0
2012-04-05 00:00:00+09:00,1034.6708425302932,1046.3914691746238,1026.2060090978568,1037.9266357421875,44520,0.0,0.0
2012-04-06 00:00:00+09:00,1035.3217097501902,1038.5774066029783,1026.856783473731,1034.6705322265625,45960,0.0,0.0
2012-04-09 00:00:00+09:00,1021.6476231564135,1032.065986353125,1017.7407488804807,1027.5079345703125,62040,0.0,0.0
2012-04-10 00:00:00+09:00,1035.321777969396,1045.0889645540128,1028.1592062682373,1032.7171630859375,105120,0.0,0.0
2012-04-11 00:00:00+09:00,1031.4147932162227,1055.507216013603,1024.2522222797782,1051.600341796875,137760,0.0,0.0
2012-04-12 00:00:00+09:00,1058.1119911292567,1065.925741452384,1048.9959808798396,1062.6700439453125,115800,0.0,0.0
2012-04-13 00:00:00+09:00,1065.925791933295,1065.925791933295,1028.8104761407053,1035.97314453125,134160,0.0,0.0
2012-04-16 00:00:00+09:00,1028.159152023407,1040.5308574560797,1022.9499225313249,1033.3682861328125,50160,0.0,0.0
2012-04-17 00:00:00+09:00,1033.3680567066237,1047.04211416777,1028.158923753739,1044.4375,67560,0.0,0.0
2012-04-18 00:00:00+09:00,1060.7163081715673,1078.9484189276093,1054.2048196052665,1075.692626953125,122760,0.0,0.0
2012-04-19 00:00:00+09:00,1065.9253745623244,1083.506306738028,1064.6231150842705,1080.2506103515625,98160,0.0,0.0
2012-04-20 00:00:00+09:00,1080.902050323691,1081.5531325295292,1058.1118839349144,1058.7630615234375,72120,0.0,0.0
2012-04-23 00:00:00+09:00,1058.1117352363076,1073.0881499888796,1047.0422900831352,1051.600341796875,51600,0.0,0.0
2012-04-24 00:00:00+09:00,1045.088933145701,1058.7629939532148,1041.8332361762336,1058.11181640625,46440,0.0,0.0
2012-04-25 00:00:00+09:00,1067.2277699492327,1067.8788520216526,1060.7162815463776,1065.9254150390625,55320,0.0,0.0
2012-04-26 00:00:00+09:00,1067.2277426619496,1078.9483642578125,1058.7628174929391,1078.9483642578125,132120,0.0,0.0
2012-04-27 00:00:00+09:00,1077.646119741107,1086.1110457769985,1051.600354893656,1060.065185546875,98520,0.0,0.0
2012-05-01 00:00:00+09:00,1076.3442011791456,1081.5533367227415,1064.623574669028,1067.8792724609375,113160,0.0,0.0
2012-05-02 00:00:00+09:00,1068.5301238596937,1074.3904353251032,1058.762938084011,1073.7392578125,111960,0.0,0.0
2012-05-07 00:00:00+09:00,1047.6937275737766,1057.4609155394032,1041.182237135794,1042.4844970703125,72600,0.0,0.0
2012-05-08 00:00:00+09:00,1058.1120197894331,1067.2281256684646,1048.3448316209685,1057.4609375,84360,0.0,0.0
2012-05-09 00:00:00+09:00,1071.1350723523708,1113.459525443412,1062.670143581081,1084.157958984375,284280,0.0,0.0
2012-05-10 00:00:00+09:00,1086.7624751587548,1099.7853606007668,1082.8555999878818,1096.5296630859375,161400,0.0,0.0
2012-05-11 00:00:00+09:00,1106.9475910777942,1108.2499459872636,1083.506347299328,1088.715576171875,97080,0.0,0.0
2012-05-14 00:00:00+09:00,1073.739217182287,1093.9247654824362,1067.878905938631,1070.4835205078125,76920,0.0,0.0
2012-05-15 00:00:00+09:00,1061.367526677356,1069.832357219878,1044.4376748269688,1063.9720458984375,59640,0.0,0.0
2012-05-16 00:00:00+09:00,1064.6231416687313,1067.8788381364939,1035.3215873108763,1039.879638671875,105000,0.0,0.0
2012-05-17 00:00:00+09:00,1035.3217625329053,1053.5538756799126,1022.9499612492916,1041.833251953125,97680,0.0,0.0
2012-05-18 00:00:00+09:00,1028.8101942013993,1034.6705056152985,1016.438489249394,1027.5079345703125,89280,0.0,0.0
2012-05-21 00:00:00+09:00,1022.2989755810438,1047.0424851013995,1022.2989755810438,1029.4615478515625,59880,0.0,0.0
2012-05-22 00:00:00+09:00,1039.2286526032426,1045.0889645540128,1031.414903335549,1032.7171630859375,55080,0.0,0.0
2012-05-23 00:00:00+09:00,1028.1591467647006,1032.0660211724414,1013.1827312799098,1020.3453979492188,79680,0.0,0.0
2012-05-24 00:00:00+09:00,1020.3454447490016,1028.1591939228736,1009.2759031642294,1024.2523193359375,42600,0.0,0.0
2012-05-25 00:00:00+09:00,1054.8562599124764,1054.8562599124764,1017.7409470637041,1039.228759765625,84840,0.0,0.0
2012-05-28 00:00:00+09:00,1039.8801068598798,1043.7869825332634,1022.9502486867456,1024.9036865234375,82560,0.0,0.0
2012-05-29 00:00:00+09:00,1024.9033408785813,1051.6003792316976,1001.4620947437521,1021.6476440429688,209520,0.0,0.0
2012-05-30 00:00:00+09:00,1017.7406414717815,1051.6002467506682,988.4390874946669,1043.7864990234375,150960,0.0,0.0
2012-05-31 00:00:00+09:00,1036.6238074199512,1073.0880261566285,1032.0658516148617,1066.5765380859375,106080,0.0,0.0
2012-06-01 00:00:00+09:00,1067.228107372636,1067.228107372636,1029.4616153077834,1030.11279296875,80880,0.0,0.0
2012-06-04 00:00:00+09:00,1007.9735731629876,1007.9735731629876,985.1835047887984,992.9972534179688,102840,0.0,0.0
2012-06-05 00:00:00+09:00,987.7882840341686,987.7882840341686,961.7425120042191,983.8814086914062,214080,0.0,0.0
2012-06-06 00:00:00+09:00,989.0906203207478,1063.9723326905118,988.4394426486178,1057.4609375,354360,0.0,0.0
2012-06-07 00:00:00+09:00,1052.2515046316012,1074.390492018945,1046.3911928569523,1058.11181640625,141960,0.0,0.0
2012-06-08 00:00:00+09:00,1048.9959913098287,1052.251688849271,1016.4387297673184,1030.11279296875,157440,0.0,0.0
2012-06-11 00:00:00+09:00,1047.6937425386761,1056.809752975906,1034.670761476695,1038.57763671875,52920,0.0,0.0
2012-06-12 00:00:00+09:00,1023.6011281622025,1028.1591802472274,1016.4385566423167,1025.5545654296875,53520,0.0,0.0
2012-06-13 00:00:00+09:00,1028.8102624146031,1039.8798038521381,1020.345431177287,1025.5545654296875,27600,0.0,0.0
2012-06-14 00:00:00+09:00,1020.3453303177181,1022.298767392109,1009.27578997439,1019.6941528320312,61680,0.0,0.0
2012-06-15 00:00:00+09:00,1032.066036487637,1032.066036487637,1011.2293090820312,1011.2293090820312,67080,0.0,0.0
2012-06-18 00:00:00+09:00,1028.8104376468168,1032.0662305689546,1013.8341145061472,1030.11279296875,58920,0.0,0.0
2012-06-19 00:00:00+09:00,1020.3453303177181,1032.0659527640632,1014.4850190945455,1019.6941528320312,67080,0.0,0.0
2012-06-20 00:00:00+09:00,1033.3683543349757,1037.2752290205522,1027.508042306611,1031.4149169921875,39600,0.0,0.0
2012-06-21 00:00:00+09:00,1032.717309104686,1046.391372256563,1032.0662268287742,1042.4844970703125,46080,0.0,0.0
2012-06-22 00:00:00+09:00,1028.8102206619387,1045.0888956912297,1020.9964719091072,1034.6705322265625,43440,0.0,0.0
2012-06-25 00:00:00+09:00,1041.1819121772935,1043.7865266161114,1030.7635498046875,1030.7635498046875,33480,0.0,0.0
2012-06-26 00:00:00+09:00,1022.298706057162,1040.5307207358292,1022.298706057162,1039.879638671875,63000,0.0,0.0
2012-06-27 00:00:00+09:00,1040.5310810861968,1061.3678127673859,1035.321945857248,1057.4609375,71160,0.0,0.0
2012-06-28 00:00:00+09:00,1058.1118017839947,1065.92555070888,1050.2980528591095,1064.623291015625,64920,0.0,0.0
2012-06-29 00:00:00+09:00,1053.5541016739046,1071.1350410353084,1048.344870867244,1060.7166748046875,74280,0.0,0.0
2012-07-02 00:00:00+09:00,1077.6462279878642,1079.5996653167745,1064.623344256024,1069.181396484375,83040,0.0,0.0
2012-07-03 00:00:00+09:00,1067.2278098391678,1081.5529513251508,1067.2278098391678,1076.9949951171875,68160,0.0,0.0
2012-07-04 00:00:00+09:00,1080.9018149250082,1093.2735187338458,1080.9018149250082,1090.017822265625,57000,0.0,0.0
2012-07-05 00:00:00+09:00,1092.6226279572968,1096.5295025562114,1079.5996490391283,1085.4599609375,39480,0.0,0.0
2012-07-06 00:00:00+09:00,1086.1110029157828,1098.4828027288306,1075.0415580615836,1076.9949951171875,32280,0.0,0.0
2012-07-09 00:00:00+09:00,1079.5997065488289,1082.2043215477452,1066.576822319619,1069.83251953125,40560,0.0,0.0
2012-07-10 00:00:00+09:00,1069.181261727363,1078.9484471408814,1054.8560246599795,1055.5072021484375,38880,0.0,0.0
2012-07-11 00:00:00+09:00,1050.9495224416537,1055.5075757086836,1032.066322420022,1037.9266357421875,74760,0.0,0.0
2012-07-12 00:00:00+09:00,1041.1819958085687,1041.1819958085687,1011.8804387032619,1012.5316162109375,78480,0.0,0.0
2012-07-13 00:00:00+09:00,1009.9270353459573,1027.5079701972409,1009.9270353459573,1015.1361694335938,53760,0.0,0.0
2012-07-17 00:00:00+09:00,1032.7169168239611,1033.3680942352162,1013.1825483128986,1018.75146484375,51720,0.0,0.0
2012-07-18 00:00:00+09:00,1014.4852385447329,1019.6943734090419,1007.3225708007812,1007.3225708007812,37080,0.0,0.0
2012-07-19 00:00:00+09:00,1020.3454632406587,1034.670606730584,1014.4851512540487,1030.9598388671875,36480,0.0,0.0
2012-07-20 00:00:00+09:00,1039.8799541807641,1039.8799541807641,1007.9737757384804,1012.2780151367188,75240,0.0,0.0
2012-07-23 00:00:00+09:00,1003.4155621297044,1011.880488616345,992.3461162492341,996.2529907226562,32040,0.0,0.0
2012-07-24 00:00:00+09:00,988.4392085532243,994.9506975842951,980.6254598690091,991.0438232421875,46800,0.0,0.0
2012-07-25 00:00:00+09:00,1000.1597567715352,1000.1597567715352,970.8582013973692,977.3696899414062,70320,0.0,0.0
2012-07-26 00:00:00+09:00,989.7415368938917,989.7415368938917,969.5560816472591,986.48583984375,44880,0.0,0.0
2012-07-27 00:00:00+09:00,992.3463050298293,1004.0669306797879,987.1371698685241,996.9043579101562,64560,0.0,0.0
2012-07-30 00:00:00+09:00,998.2063054502785,1002.7643569040907,982.5788094745402,998.8574829101562,51120,0.0,0.0
2012-07-31 00:00:00+09:00,992.9972208704083,996.2529175649591,985.1834724973498,990.5028686523438,37320,0.0,0.0
2012-08-01 00:00:00+09:00,987.7882526085301,992.9974831549519,968.9050541801648,976.067626953125,76200,0.0,0.0
2012-08-02 00:00:00+09:00,966.9516473336693,992.9975147463175,966.9516473336693,983.8814086914062,108960,0.0,0.0
2012-08-03 00:00:00+09:00,974.7652870803443,974.7652870803443,959.7889650984561,969.55615234375,46560,0.0,0.0
2012-08-06 00:00:00+09:00,970.85850663639,979.9745171579923,969.5562466712174,972.1607666015625,50280,0.0,0.0
2012-08-07 00:00:00+09:00,973.4628491298273,989.7414279717416,971.509412038184,985.1834716796875,37320,0.0,0.0
2012-08-08 00:00:00+09:00,997.5554354161426,1020.345604325992,997.5554354161426,1011.8806762695312,82440,0.0,0.0
2012-08-09 00:00:00+09:00,1020.9964810506883,1024.2522733153025,1006.6713384640191,1015.1361694335938,60600,0.0,0.0
2012-08-10 00:00:00+09:00,1022.9498003817364,1024.2521552905819,1006.6712224651518,1013.5277099609375,62880,0.0,0.0
2012-08-13 00:00:00+09:00,1011.229308569793,1020.3454125736317,1011.229308569793,1013.8339233398438,24960,0.0,0.0
2012-08-14 00:00:00+09:00,1018.3920971334531,1026.8569292287598,1015.787482051911,1016.4386596679688,55560,0.0,0.0
2012-08-15 00:00:00+09:00,1030.1128199371876,1048.99601877263,1026.857026929813,1033.9722900390625,71520,0.0,0.0
2012-08-16 00:00:00+09:00,1034.670529744283,1056.1583387630185,1034.670529744283,1054.8560791015625,71040,0.0,0.0
2012-08-17 00:00:00+09:00,1063.9720178247155,1078.2972546933672,1054.85601002612,1076.9949951171875,98640,0.0,0.0
2012-08-20 00:00:00+09:00,1079.5996377882743,1086.7623047334266,1066.576754388502,1071.785888671875,87000,0.0,0.0
2012-08-21 00:00:00+09:00,1078.2973516341742,1081.5530485586507,1058.762979321961,1064.623291015625,101640,0.0,0.0
2012-08-22 00:00:00+09:00,1076.3438593456358,1078.9484739815916,1054.204873396692,1065.2744140625,113520,0.0,0.0
2012-08-23 00:00:00+09:00,1066.5769191068762,1071.7860541947296,1057.4609088574591,1062.6700439453125,92280,0.0,0.0
2012-08-24 00:00:00+09:00,1063.97203258504,1063.97203258504,1048.3445359234106,1055.5072021484375,87240,0.0,0.0
2012-08-27 00:00:00+09:00,1055.5072153559154,1074.390408930778,1054.2048603627031,1063.9720458984375,99960,0.0,0.0
2012-08-28 00:00:00+09:00,1059.414346438241,1069.18153434215,1054.8562936221851,1062.6700439453125,103920,0.0,0.0
2012-08-29 00:00:00+09:00,1052.2516397341894,1062.6700049098893,1048.9959423467105,1056.8096923828125,56880,0.0,0.0
2012-08-30 00:00:00+09:00,1058.1118878259445,1058.1118878259445,1039.228691516182,1041.18212890625,77640,0.0,0.0
2012-08-31 00:00:00+09:00,1031.4148228769084,1042.484268348408,1022.9498967030121,1023.60107421875,49560,0.0,0.0
2012-09-03 00:00:00+09:00,1023.6013408061538,1048.3448528736471,1022.9501631208227,1035.97314453125,77880,0.0,0.0
2012-09-04 00:00:00+09:00,1035.9730623625946,1045.7402499543768,1024.252437252456,1039.228759765625,81480,0.0,0.0
2012-09-05 00:00:00+09:00,1039.228803308806,1044.437938448453,1023.6013025071699,1030.11279296875,56520,0.0,0.0
2012-09-06 00:00:00+09:00,1029.461256256939,1030.1124336907908,1015.1360203908317,1022.9497680664062,38640,0.0,0.0
2012-09-07 00:00:00+09:00,1048.9958098336551,1049.646987381968,1029.4614372110545,1043.135498046875,49680,0.0,0.0
2012-09-10 00:00:00+09:00,1050.2979730061143,1058.1117213369291,1041.833142569512,1055.5072021484375,57960,0.0,0.0
2012-09-11 00:00:00+09:00,1054.2049800409427,1072.4370935716645,1045.0889709669227,1069.181396484375,84120,0.0,0.0
2012-09-12 00:00:00+09:00,1070.4836562427545,1080.902020457836,1055.5073351820042,1069.181396484375,115200,0.0,0.0
2012-09-13 00:00:00+09:00,1069.8324110432452,1071.7858482486697,1059.414142869432,1068.5301513671875,108000,0.0,0.0
2012-09-14 00:00:00+09:00,1076.9949818959858,1080.2506784878024,1062.6697452031908,1075.692626953125,125280,0.0,0.0
2012-09-18 00:00:00+09:00,1079.5996083665366,1090.6691495682167,1073.7392966889452,1084.808837890625,62520,0.0,0.0
2012-09-19 00:00:00+09:00,1080.9018559592328,1088.715604085727,1064.6231822348143,1075.692626953125,86520,0.0,0.0
2012-09-20 00:00:00+09:00,1071.1347540917993,1084.1576368543838,1050.9492047345198,1054.8560791015625,93240,0.0,0.0
2012-09-21 00:00:00+09:00,1048.3446201137785,1057.4607241536044,1032.0660400390625,1032.0660400390625,187560,0.0,0.0
2012-09-24 00:00:00+09:00,1032.0661120803084,1076.9951717268316,1032.0661120803084,1076.343994140625,162360,0.0,0.0
2012-09-25 00:00:00+09:00,1086.7623018456368,1094.576050941273,1074.3905006499863,1089.3668212890625,124200,0.0,0.0
2012-09-26 00:00:00+09:00,1087.3850963567281,1098.6157484687494,1070.869590873503,1076.154541015625,99960,20.0,0.0
2012-09-27 00:00:00+09:00,1061.6206207057116,1087.3849053762433,1059.6387526541323,1078.796875,88080,0.0,0.0
2012-09-28 00:00:00+09:00,1084.0818361352715,1086.063704208645,1066.2450234749106,1073.5118408203125,59160,0.0,0.0
2012-10-01 00:00:00+09:00,1073.511822745959,1073.511822745959,1054.3537972828738,1065.5843505859375,55320,0.0,0.0
2012-10-02 00:00:00+09:00,1058.9782732237663,1067.5663042385663,1053.032668626947,1054.3538818359375,40920,0.0,0.0
2012-10-03 00:00:00+09:00,1050.3901471785439,1058.9782749784827,1043.7838875808288,1049.7294921875,49440,0.0,0.0
2012-10-04 00:00:00+09:00,1047.086850747199,1066.9055286996954,1042.4624603013203,1061.6204833984375,45600,0.0,0.0
2012-10-05 00:00:00+09:00,1061.6204833984375,1070.2086094348156,1050.3899314823188,1061.6204833984375,28680,0.0,0.0
2012-10-09 00:00:00+09:00,1063.602435405918,1072.1905621222731,1049.72935974075,1050.3900146484375,58920,0.0,0.0
2012-10-10 00:00:00+09:00,1042.4626197228065,1042.4626197228065,1027.2683298925597,1030.5714111328125,44280,0.0,0.0
2012-10-11 00:00:00+09:00,1023.304577274678,1036.5169987945694,1014.7164500627525,1018.01953125,52680,0.0,0.0
2012-10-12 00:00:00+09:00,1021.9831957016647,1027.2682413556522,1016.6982468185721,1018.6801147460938,59400,0.0,0.0
2012-10-15 00:00:00+09:00,1015.377073360053,1047.0869614361416,1004.8070784110573,1041.141357421875,66360,0.0,0.0
2012-10-16 00:00:00+09:00,1045.7657558300975,1045.7657558300975,1017.3590427775526,1021.9833374023438,107280,0.0,0.0
2012-10-17 00:00:00+09:00,1021.9834831048714,1027.268530245125,1007.4498453964791,1015.3773193359375,122520,0.0,0.0
2012-10-18 00:00:00+09:00,1020.0015469054011,1039.159672167861,1012.074073492222,1029.910888671875,113280,0.0,0.0
2012-10-19 00:00:00+09:00,1018.6804758452622,1029.2504741291675,1008.7711326950165,1010.0923461914062,142800,0.0,0.0
2012-10-22 00:00:00+09:00,999.522164878207,1025.9470080343644,994.2371188302538,1020.0014038085938,149160,0.0,0.0
2012-10-23 00:00:00+09:00,1020.0015744587746,1023.9653112724369,1002.1647587972946,1014.0559692382812,86280,0.0,0.0
2012-10-24 00:00:00+09:00,1020.0013993165288,1030.571394594983,1010.7527139296949,1018.01953125,121320,0.0,0.0
2012-10-25 00:00:00+09:00,1009.4316468684394,1031.2321987546818,1004.8072551204465,1029.910888671875,94440,0.0,0.0
2012-10-26 00:00:00+09:00,1030.5716876255572,1036.5172935157045,999.5224446784302,1010.0923461914062,104640,0.0,0.0
2012-10-29 00:00:00+09:00,998.2008238446851,1010.0920319253137,998.2008238446851,1006.1282958984375,45000,0.0,0.0
2012-10-30 00:00:00+09:00,1006.7890093403478,1012.0739587597068,981.0247236682522,983.006591796875,149640,0.0,0.0
2012-10-31 00:00:00+09:00,988.2914980164707,1000.8433612060546,986.9702849121094,990.9340209960938,65280,0.0,0.0
2012-11-01 00:00:00+09:00,994.2372520877582,1002.8253804885715,987.6310887987466,998.2009887695312,45000,0.0,0.0
2012-11-02 00:00:00+09:00,1004.1467403012588,1012.7348699551148,1003.4861819385285,1010.0923461914062,60480,0.0,0.0
2012-11-05 00:00:00+09:00,1007.4497827762705,1016.6984695404592,1004.8072593703953,1008.77099609375,25800,0.0,0.0
2012-11-06 00:00:00+09:00,1009.4314963461183,1016.0376586914062,998.8615011143957,1016.0376586914062,36120,0.0,0.0
2012-11-07 00:00:00+09:00,1088.0457924768384,1088.0457924768384,1057.657110278192,1066.2452392578125,336000,0.0,0.0
2012-11-08 00:00:00+09:00,1055.014453154169,1055.675011320822,1027.9288587361743,1044.4444580078125,265200,0.0,0.0
2012-11-09 00:00:00+09:00,1038.4988639689616,1038.4988639689616,1020.0013964759061,1027.268310546875,174360,0.0,0.0
2012-11-12 00:00:00+09:00,1025.2865199487062,1030.571469587055,1017.3590471057289,1023.9652099609375,105000,0.0,0.0
2012-11-13 00:00:00+09:00,1022.6439951075185,1022.6439951075185,992.2553170011008,1000.8434448242188,165480,0.0,0.0
2012-11-14 00:00:00+09:00,1000.8434448242188,1004.1465262465371,984.32784417081,1000.8434448242188,92880,0.0,0.0
2012-11-15 00:00:00+09:00,1004.146600079043,1029.910888671875,1000.8435184138569,1029.910888671875,159960,0.0,0.0
2012-11-16 00:00:00+09:00,1029.910567710488,1038.4986934886667,1023.964964503492,1033.2137451171875,181440,0.0,0.0
2012-11-19 00:00:00+09:00,1047.7473706527196,1049.729238375752,1039.819899760591,1045.7655029296875,133200,0.0,0.0
2012-11-20 00:00:00+09:00,1045.7656918760663,1045.7656918760663,1018.6801936911801,1026.607666015625,97680,0.0,0.0
2012-11-21 00:00:00+09:00,1039.1596025956078,1042.4626840396509,1029.9108197188323,1037.177734375,163680,0.0,0.0
2012-11-22 00:00:00+09:00,1039.8201950903256,1056.996451415595,1035.8564585184808,1053.03271484375,133680,0.0,0.0
2012-11-26 00:00:00+09:00,1070.2089212990381,1070.8695763469357,1059.6389243872604,1063.6026611328125,176880,0.0,0.0
2012-11-27 00:00:00+09:00,1064.923828125,1072.8513005508166,1059.6387819938532,1064.923828125,150720,0.0,0.0
2012-11-28 00:00:00+09:00,1064.923828125,1070.2087774852432,1062.2813050594266,1064.923828125,139920,0.0,0.0
2012-11-29 00:00:00+09:00,1066.9057051192235,1072.8513094881155,1065.584395189978,1068.8875732421875,116760,0.0,0.0
2012-11-30 00:00:00+09:00,1070.2087021573968,1081.4392550465273,1066.9056211360987,1080.1180419921875,130800,0.0,0.0
2012-12-03 00:00:00+09:00,1080.7787609810032,1095.3123957530881,1080.1181060292165,1086.724365234375,128880,0.0,0.0
2012-12-04 00:00:00+09:00,1086.7242153611369,1101.2578481288472,1084.7423475500048,1100.5972900390625,134760,0.0,0.0
2012-12-05 00:00:00+09:00,1100.5974329397804,1106.5430371451498,1094.651828734411,1099.276123046875,178920,0.0,0.0
2012-12-06 00:00:00+09:00,1103.2397817620076,1114.4704312090648,1098.6154877740616,1102.5792236328125,103440,0.0,0.0
2012-12-07 00:00:00+09:00,1119.7554677926023,1119.7554677926023,1102.5793099831346,1103.2398681640625,151320,0.0,0.0
2012-12-10 00:00:00+09:00,1107.8643040064044,1107.8643040064044,1100.5974863265392,1106.5430908203125,117000,0.0,0.0
2012-12-11 00:00:00+09:00,1106.5432885309665,1109.1857153752835,1103.9007649157256,1107.864501953125,76680,0.0,0.0
2012-12-12 00:00:00+09:00,1107.8641947637593,1108.5248496771137,1073.511784374584,1075.49365234375,299400,0.0,0.0
2012-12-13 00:00:00+09:00,1092.669913962576,1092.669913962576,1078.1361831581353,1084.081787109375,181680,0.0,0.0
2012-12-14 00:00:00+09:00,1084.0817573683437,1107.2035176207585,1084.0817573683437,1102.5792236328125,268920,0.0,0.0
2012-12-17 00:00:00+09:00,1118.4344996431646,1129.6650556588215,1106.5432885309665,1107.864501953125,154200,0.0,0.0
2012-12-18 00:00:00+09:00,1115.1310560126324,1129.6647872873311,1106.5430256524521,1121.07666015625,189480,0.0,0.0
2012-12-19 00:00:00+09:00,1124.3799924936973,1141.55615234375,1121.0768141130193,1141.55615234375,225240,0.0,0.0
2012-12-20 00:00:00+09:00,1139.5741814054775,1162.6959441335478,1128.3436275268557,1144.859130859375,251160,0.0,0.0
2012-12-21 00:00:00+09:00,1142.877339904716,1147.5017314710115,1124.3799671813583,1129.6649169921875,106560,0.0,0.0
2012-12-25 00:00:00+09:00,1142.8770164574896,1142.8770164574896,1120.4159135400303,1123.718994140625,79560,0.0,0.0
2012-12-26 00:00:00+09:00,1129.6647191540949,1153.447134294181,1128.3435061254995,1149.4833984375,112560,0.0,0.0
2012-12-27 00:00:00+09:00,1156.750215251117,1166.6595548928194,1146.8408756094143,1149.4833984375,91200,0.0,0.0
2012-12-28 00:00:00+09:00,1162.6960467827869,1162.6960467827869,1136.9317586677014,1146.1805419921875,87720,0.0,0.0
2013-01-04 00:00:00+09:00,1162.0351761200093,1165.3382568359375,1154.1077049850708,1165.3382568359375,200160,0.0,0.0
2013-01-07 00:00:00+09:00,1171.9447588209932,1177.2297084200059,1162.0354178410269,1169.962890625,100200,0.0,0.0
2013-01-08 00:00:00+09:00,1169.96264803166,1171.9445158167102,1152.7863960472987,1160.7138671875,73320,0.0,0.0
2013-01-09 00:00:00+09:00,1156.0898339438395,1169.9629115640819,1146.1804927865235,1168.6416015625,84600,0.0,0.0
2013-01-10 00:00:00+09:00,1168.6415736106271,1168.6415736106271,1158.0716744762435,1161.374755859375,80760,0.0,0.0
2013-01-11 00:00:00+09:00,1169.3023493022324,1173.9267411327164,1156.7504839171568,1165.999267578125,99120,0.0,0.0
2013-01-15 00:00:00+09:00,1175.908402522932,1181.1933517053628,1170.623356569601,1172.605224609375,63000,0.0,0.0
2013-01-16 00:00:00+09:00,1169.962998130795,1170.6235564095516,1152.1261827278627,1157.4111328125,74760,0.0,0.0
2013-01-17 00:00:00+09:00,1162.035308210244,1173.9265162643424,1149.4834452295072,1164.677734375,160800,0.0,0.0
2013-01-18 00:00:00+09:00,1180.5330199700322,1224.7947838997607,1178.5511513876702,1216.8673095703125,347760,0.0,0.0
2013-01-21 00:00:00+09:00,1215.545863594897,1217.5277317981652,1189.7815769524082,1199.69091796875,134760,0.0,0.0
2013-01-22 00:00:00+09:00,1201.6726556224244,1228.097497614605,1199.0301327148472,1212.2425537109375,132960,0.0,0.0
2013-01-23 00:00:00+09:00,1208.939483579971,1213.5638745172978,1188.4601485956937,1190.4420166015625,104760,0.0,0.0
2013-01-24 00:00:00+09:00,1179.2115091959636,1195.7271088086168,1169.962823733747,1189.120849609375,126120,0.0,0.0
2013-01-25 00:00:00+09:00,1201.6726756429334,1210.921360817195,1189.1208125864434,1194.40576171875,138600,0.0,0.0
2013-01-28 00:00:00+09:00,1208.9393765955967,1208.9393765955967,1181.8538818359375,1181.8538818359375,70320,0.0,0.0
2013-01-29 00:00:00+09:00,1175.2479899499554,1189.1210690893308,1175.2479899499554,1177.2298583984375,82440,0.0,0.0
2013-01-30 00:00:00+09:00,1203.6546790884383,1230.0795244939595,1199.690942600519,1228.09765625,229920,0.0,0.0
2013-01-31 00:00:00+09:00,1232.7219909005037,1239.9888085363034,1210.921441222199,1230.0794677734375,229560,0.0,0.0
2013-02-01 00:00:00+09:00,1228.7582550960333,1230.0794682746518,1208.2789185874642,1213.56396484375,165840,0.0,0.0
2013-02-04 00:00:00+09:00,1214.2245246878315,1219.5095709512566,1202.3333157514842,1208.9395751953125,149760,0.0,0.0
2013-02-05 00:00:00+09:00,1205.636522578555,1216.2064218153807,1199.69091796875,1199.69091796875,87840,0.0,0.0
2013-02-06 00:00:00+09:00,1213.5639953916284,1222.1520264251858,1198.3696079859656,1199.69091796875,160560,0.0,0.0
2013-02-07 00:00:00+09:00,1199.6909370869055,1211.582146496013,1197.048413850134,1202.9940185546875,108840,0.0,0.0
2013-02-08 00:00:00+09:00,1199.6908555506031,1199.6908555506031,1167.320310991109,1171.9447021484375,183240,0.0,0.0
2013-02-12 00:00:00+09:00,1169.96264803166,1177.8901191718612,1158.7319994024497,1160.7138671875,134400,0.0,0.0
2013-02-13 00:00:00+09:00,1164.6778442550792,1188.4602626069984,1159.3928946560666,1169.962890625,143400,0.0,0.0
2013-02-14 00:00:00+09:00,1181.8541085850813,1183.1753218019276,1154.768511857921,1173.9266357421875,153120,0.0,0.0
2013-02-15 00:00:00+09:00,1173.9264977958114,1173.9264977958114,1141.555955234173,1156.750244140625,89880,0.0,0.0
2013-02-18 00:00:00+09:00,1150.144016687814,1184.4963285038136,1150.144016687814,1180.5325927734375,90960,0.0,0.0
2013-02-19 00:00:00+09:00,1175.9083824057905,1197.7089304703472,1175.2477274802013,1190.4420166015625,75480,0.0,0.0
2013-02-20 00:00:00+09:00,1190.4420166015625,1197.7089304703472,1182.5145445780872,1190.4420166015625,69960,0.0,0.0
2013-02-21 00:00:00+09:00,1181.85398699026,1187.799591010718,1167.320256016618,1169.3021240234375,87600,0.0,0.0
2013-02-22 00:00:00+09:00,1171.284001118428,1185.817732204839,1150.144107805293,1173.265869140625,83760,0.0,0.0
2013-02-25 00:00:00+09:00,1180.5326771384478,1189.1208040916313,1160.713997070254,1169.3021240234375,118560,0.0,0.0
2013-02-26 00:00:00+09:00,1165.3388129588404,1165.9994681256592,1149.4838631226658,1162.6962890625,94920,0.0,0.0
2013-02-27 00:00:00+09:00,1167.3202754269441,1185.157087784911,1158.7321483309563,1172.605224609375,116040,0.0,0.0
2013-02-28 00:00:00+09:00,1165.9993189553652,1189.1210855847617,1165.9993189553652,1185.1573486328125,74400,0.0,0.0
2013-03-01 00:00:00+09:00,1175.9086878444448,1201.6729786129342,1169.3024271852933,1192.4241943359375,122880,0.0,0.0
2013-03-04 00:00:00+09:00,1195.7268651968786,1222.1517030683694,1187.1387396646587,1219.50927734375,196200,0.0,0.0
2013-03-05 00:00:00+09:00,1228.7581149798032,1231.4006378066172,1195.0663602142279,1196.3875732421875,95520,0.0,0.0
2013-03-06 00:00:00+09:00,1196.38778785806,1205.6365710255686,1182.5147098777088,1193.745361328125,108960,0.0,0.0
2013-03-07 00:00:00+09:00,1195.0664343345657,1198.3695154947754,1185.8177490234375,1185.8177490234375,64080,0.0,0.0
2013-03-08 00:00:00+09:00,1189.7814584468722,1196.387620619169,1179.872118417528,1190.4420166015625,118080,0.0,0.0
2013-03-11 00:00:00+09:00,1210.9211973768583,1214.8849328838203,1177.2294455676822,1183.175048828125,172800,0.0,0.0
2013-03-12 00:00:00+09:00,1183.1754212460964,1195.7272865592809,1170.623555932912,1191.7635498046875,127560,0.0,0.0
2013-03-13 00:00:00+09:00,1184.4965766136659,1212.2427325381313,1184.4965766136659,1210.2608642578125,119160,0.0,0.0
2013-03-14 00:00:00+09:00,1202.3330459883282,1224.7942456410808,1197.0480976815743,1222.8123779296875,128400,0.0,0.0
2013-03-15 00:00:00+09:00,1228.7581823113571,1233.382573318958,1198.3695068359375,1198.3695068359375,166800,0.0,0.0
2013-03-18 00:00:00+09:00,1192.4239308235447,1204.9757942708331,1181.1933772786458,1189.120849609375,138120,0.0,0.0
2013-03-19 00:00:00+09:00,1191.7635119992278,1203.6547218857913,1191.7635119992278,1197.0484619140625,42480,0.0,0.0
2013-03-21 00:00:00+09:00,1197.7090497654817,1205.636522578555,1195.066526570821,1199.69091796875,114480,0.0,0.0
2013-03-22 00:00:00+09:00,1199.690903844207,1206.2970665967184,1182.5146484375,1182.5146484375,92880,0.0,0.0
2013-03-25 00:00:00+09:00,1183.1753218019276,1195.7271860601459,1173.9266357421875,1173.9266357421875,125040,0.0,0.0
2013-03-26 00:00:00+09:00,1173.9264105139991,1183.1750947992973,1173.9264105139991,1181.8538818359375,72120,0.0,0.0
2013-03-27 00:00:00+09:00,1194.5764275602846,1203.2813335649118,1193.2372489775587,1197.2548828125,39840,20.0,0.0
2013-03-28 00:00:00+09:00,1197.2551159299874,1198.5942947734648,1186.5413909218205,1194.57666015625,49080,0.0,0.0
2013-03-29 00:00:00+09:00,1203.9510863338915,1218.012806092737,1198.5941753202922,1215.3343505859375,128400,0.0,0.0
2013-04-01 00:00:00+09:00,1216.0036728140922,1216.0036728140922,1165.1136199373386,1167.1224365234375,80880,0.0,0.0
2013-04-02 00:00:00+09:00,1142.3472720925538,1178.5059792781105,1127.616012334063,1152.391357421875,142920,0.0,0.0
2013-04-03 00:00:00+09:00,1145.025831858317,1164.4443659018414,1135.6513840591638,1157.0787353515625,61440,0.0,0.0
2013-04-04 00:00:00+09:00,1155.7395671620316,1185.871826171875,1138.9993905720805,1185.871826171875,99120,0.0,0.0
2013-04-05 00:00:00+09:00,1207.968887330314,1220.021791644851,1199.2639792964417,1208.638427734375,110880,0.0,0.0
2013-04-08 00:00:00+09:00,1215.3343811774498,1235.4225527671597,1199.2638439056818,1234.0833740234375,150720,0.0,0.0
2013-04-09 00:00:00+09:00,1238.7703031237354,1245.4663916886143,1225.3782240807334,1239.43994140625,108720,0.0,0.0
2013-04-10 00:00:00+09:00,1242.1185849903281,1249.4842148689925,1230.0656825960934,1243.457763671875,92160,0.0,0.0
2013-04-11 00:00:00+09:00,1245.466431310892,1250.823243481159,1234.7527088835989,1240.109619140625,73560,0.0,0.0
2013-04-12 00:00:00+09:00,1239.440168742427,1250.8234331125414,1231.4049002254583,1244.12744140625,103320,0.0,0.0
2013-04-15 00:00:00+09:00,1240.7792305596288,1243.4576858418445,1230.0656056042951,1236.7615966796875,99240,0.0,0.0
2013-04-16 00:00:00+09:00,1229.3959950185779,1250.1538032291865,1222.0303654346437,1234.7528076171875,181560,0.0,0.0
2013-04-17 00:00:00+09:00,1234.753093294439,1238.101187769119,1226.7178234940698,1230.06591796875,40560,0.0,0.0
2013-04-18 00:00:00+09:00,1235.4224026817274,1248.1449425052028,1220.021505696188,1236.092041015625,133800,0.0,0.0
2013-04-19 00:00:00+09:00,1229.3961351670391,1233.4137695956895,1215.3344146667625,1224.7088623046875,84360,0.0,0.0
2013-04-22 00:00:00+09:00,1242.787987156608,1250.1537143033709,1236.7615366293078,1248.1448974609375,87600,0.0,0.0
2013-04-23 00:00:00+09:00,1243.4577018983891,1261.5370545915805,1238.7704296156767,1260.1978759765625,95520,0.0,0.0
2013-04-24 00:00:00+09:00,1264.885091110648,1292.3389892578125,1258.8586400178708,1292.3389892578125,109320,0.0,0.0
2013-04-25 00:00:00+09:00,1303.7221118505713,1319.792646357204,1290.3300324572967,1313.0965576171875,148080,0.0,0.0
2013-04-26 00:00:00+09:00,1325.819363904073,1325.819363904073,1293.6782884154895,1297.6959228515625,143280,0.0,0.0
2013-04-30 00:00:00+09:00,1298.3653662098768,1324.479986120685,1298.3653662098768,1311.7574462890625,80280,0.0,0.0
2013-05-01 00:00:00+09:00,1309.07899103852,1317.7838970377106,1300.374183126093,1311.7574462890625,54360,0.0,0.0
2013-05-02 00:00:00+09:00,1315.7752420037657,1319.1232379137814,1305.0615177702296,1312.42724609375,55080,0.0,0.0
2013-05-07 00:00:00+09:00,1329.167031281186,1349.9248367643172,1328.4974910985636,1335.1934814453125,85800,0.0,0.0
2013-05-08 00:00:00+09:00,1348.5857993066288,1436.9737442880871,1345.2377056964579,1428.9384765625,247560,0.0,0.0
2013-05-09 00:00:00+09:00,1432.9562772742586,1465.7668922495957,1430.2778216916038,1453.7139892578125,160080,0.0,0.0
2013-05-10 00:00:00+09:00,1473.1328356214544,1508.6219113599807,1467.775923674167,1502.595458984375,165000,0.0,0.0
2013-05-13 00:00:00+09:00,1503.2649266583464,1503.2649266583464,1480.4982986867028,1493.890380859375,100560,0.0,0.0
2013-05-14 00:00:00+09:00,1483.1766444060386,1499.9167213592193,1476.4805547727035,1496.5687255859375,123600,0.0,0.0
2013-05-15 00:00:00+09:00,1500.5863496726342,1526.7009715544873,1483.8461747450867,1488.533447265625,112320,0.0,0.0
2013-05-16 00:00:00+09:00,1489.8724434951648,1513.9782453571277,1406.1717752811585,1461.0794677734375,140040,0.0,0.0
2013-05-17 00:00:00+09:00,1468.4454248376794,1493.2208705378303,1461.0797942075937,1486.5247802734375,71280,0.0,0.0
2013-05-20 00:00:00+09:00,1495.8990105859077,1508.6215508116436,1481.8372917367979,1484.5157470703125,56040,0.0,0.0
2013-05-21 00:00:00+09:00,1467.1060428485093,1493.220663750364,1455.0531408938073,1492.551025390625,69120,0.0,0.0
2013-05-22 00:00:00+09:00,1493.2208156622646,1502.5952632184808,1465.7669152479257,1485.185546875,78000,0.0,0.0
2013-05-23 00:00:00+09:00,1485.185192248798,1506.6125378695808,1397.466796875,1397.466796875,161400,0.0,0.0
2013-05-24 00:00:00+09:00,1408.8504469234822,1469.1149608400744,1406.1719913871534,1445.0091552734375,165600,0.0,0.0
2013-05-27 00:00:00+09:00,1416.8854921684842,1416.8854921684842,1345.90726537832,1351.9337158203125,155880,0.0,0.0
2013-05-28 00:00:00+09:00,1333.8545050936123,1392.779837211008,1322.4712413099894,1368.00439453125,67920,0.0,0.0
2013-05-29 00:00:00+09:00,1396.7975594308396,1456.3924355940385,1352.6035820748825,1414.207275390625,115200,0.0,0.0
2013-05-30 00:00:00+09:00,1395.4583364224495,1414.8769683704604,1357.9604474910702,1363.3172607421875,99000,0.0,0.0
2013-05-31 00:00:00+09:00,1396.1279408806186,1419.5641086314638,1391.440668095739,1398.806396484375,113040,0.0,0.0
2013-06-03 00:00:00+09:00,1376.7094445170897,1406.1720646036688,1352.6036376953125,1352.6036376953125,106440,0.0,0.0
2013-06-04 00:00:00+09:00,1337.8722512779555,1392.7799539459163,1318.4537177638076,1380.72705078125,109440,0.0,0.0
2013-06-05 00:00:00+09:00,1362.6476922777745,1415.5464795190185,1347.916333532645,1365.3260498046875,173280,0.0,0.0
2013-06-06 00:00:00+09:00,1341.8899525435072,1344.5684082980704,1276.9381606679133,1280.2862548828125,171840,0.0,0.0
2013-06-07 00:00:00+09:00,1280.2864085215765,1320.4627592274128,1266.8942262284354,1297.0264892578125,169440,0.0,0.0
2013-06-10 00:00:00+09:00,1315.105369470607,1339.8808094371448,1298.3652948138388,1325.819091796875,136440,0.0,0.0
2013-06-11 00:00:00+09:00,1339.2112519547425,1408.1806658098226,1332.5152609226668,1369.343505859375,170160,0.0,0.0
2013-06-12 00:00:00+09:00,1331.175936746145,1357.96019417899,1315.7750402178083,1349.9249267578125,52200,0.0,0.0
2013-06-13 00:00:00+09:00,1319.792737350161,1331.176000714924,1275.5987644099728,1288.9908447265625,143280,0.0,0.0
2013-06-14 00:00:00+09:00,1301.7134129922804,1325.8192169365818,1281.6252430386958,1286.9820556640625,225240,0.0,0.0
2013-06-17 00:00:00+09:00,1293.008426873377,1359.2993836301494,1287.6516145785179,1357.960205078125,103800,0.0,0.0
2013-06-18 00:00:00+09:00,1358.6299698171085,1365.995599668752,1317.114351886976,1319.1231689453125,144120,0.0,0.0
2013-06-19 00:00:00+09:00,1357.2908977098573,1368.6742614813597,1327.1586372913841,1346.5772705078125,117600,0.0,0.0
2013-06-20 00:00:00+09:00,1337.872242628046,1405.5023883636013,1319.123249575304,1398.806396484375,222480,0.0,0.0
2013-06-21 00:00:00+09:00,1399.4757628441712,1435.634467609313,1349.9249778986384,1428.9384765625,517800,0.0,0.0
2013-06-24 00:00:00+09:00,1437.6436067965449,1459.7405979950734,1403.49371130791,1414.8770751953125,132840,0.0,0.0
2013-06-25 00:00:00+09:00,1399.475800007704,1401.4846169924456,1349.9250137463341,1370.01318359375,151560,0.0,0.0
2013-06-26 00:00:00+09:00,1398.1368720221412,1398.1368720221412,1322.4714513946985,1343.8988037109375,120480,0.0,0.0
2013-06-27 00:00:00+09:00,1342.5595219885054,1361.308417046299,1326.4889844608097,1359.96923828125,100440,0.0,0.0
2013-06-28 00:00:00+09:00,1378.0484225227601,1386.083690292572,1342.5593559016786,1377.3787841796875,243840,0.0,0.0
2013-07-01 00:00:00+09:00,1406.172098901135,1410.189733469424,1378.0486569231125,1395.4583740234375,143640,0.0,0.0
2013-07-02 00:00:00+09:00,1415.5463484687325,1415.5463484687325,1396.7974551689929,1409.5198974609375,106680,0.0,0.0
2013-07-03 00:00:00+09:00,1415.546292509123,1428.2688323848856,1400.8150337969387,1413.5374755859375,83520,0.0,0.0
2013-07-04 00:00:00+09:00,1393.4496242059154,1406.1721669837445,1384.0751757882858,1394.1192626953125,75840,0.0,0.0
2013-07-05 00:00:00+09:00,1406.1720813160211,1426.929892354851,1376.7094608792788,1426.26025390625,94200,0.0,0.0
2013-07-08 00:00:00+09:00,1430.2776493080712,1438.982555337463,1410.1894800762163,1413.5374755859375,113520,0.0,0.0
2013-07-09 00:00:00+09:00,1422.9122560427504,1434.2955211339342,1406.1720795430729,1431.6170654296875,98520,0.0,0.0
2013-07-10 00:00:00+09:00,1439.6523455897047,1448.3572531307443,1424.921084319368,1434.2955322265625,125040,0.0,0.0
2013-07-11 00:00:00+09:00,1436.3042640686035,1436.3042640686035,1400.8151937359266,1414.207275390625,70920,0.0,0.0
2013-07-12 00:00:00+09:00,1417.5551634200212,1450.3658737772378,1416.885623144636,1443.000244140625,60120,0.0,0.0
2013-07-16 00:00:00+09:00,1456.3923016079918,1460.409935543462,1434.9649533144054,1437.643310546875,81000,0.0,0.0
2013-07-17 00:00:00+09:00,1434.2954647985537,1456.3924537520327,1426.9298345096527,1435.6346435546875,84720,0.0,0.0
2013-07-18 00:00:00+09:00,1448.3572042172636,1453.7140173994974,1430.2778493796002,1451.7052001953125,258360,0.0,0.0
2013-07-19 00:00:00+09:00,1456.392396868014,1459.7403926709703,1426.2601403810897,1439.6522216796875,67320,0.0,0.0
2013-07-22 00:00:00+09:00,1450.3659750696454,1468.4453293295164,1446.3483407896742,1463.758056640625,50640,0.0,0.0
2013-07-23 00:00:00+09:00,1467.106067702252,1469.7844250130474,1454.3835271722824,1464.4276123046875,56760,0.0,0.0
2013-07-24 00:00:00+09:00,1463.0882679602882,1471.7930753647415,1456.3921792680676,1471.12353515625,24360,0.0,0.0
2013-07-25 00:00:00+09:00,1457.7314742156427,1472.4628312805685,1449.6962063778224,1450.3658447265625,48240,0.0,0.0
2013-07-26 00:00:00+09:00,1446.3484358587184,1457.7317010379388,1432.956353407472,1434.2955322265625,66120,0.0,0.0
2013-07-29 00:00:00+09:00,1411.5289345772155,1429.6082904198938,1398.136851833789,1400.8153076171875,59640,0.0,0.0
2013-07-30 00:00:00+09:00,1389.431959887312,1438.9828529657952,1389.431959887312,1422.24267578125,33240,0.0,0.0
2013-07-31 00:00:00+09:00,1368.0045954557804,1368.6742339249704,1322.471435546875,1322.471435546875,144360,0.0,0.0
2013-08-01 00:00:00+09:00,1334.5242158811623,1392.110274381737,1328.4977644769124,1385.4141845703125,115320,0.0,0.0
2013-08-02 00:00:00+09:00,1398.8064247841407,1425.5905890164793,1383.4054273594288,1422.9122314453125,113520,0.0,0.0
2013-08-05 00:00:00+09:00,1422.9121541910476,1430.9474226418454,1400.1455275515293,1416.216064453125,73440,0.0,0.0
2013-08-06 00:00:00+09:00,1416.2160757161748,1424.9209826360263,1394.1190873007452,1418.89453125,139680,0.0,0.0
2013-08-07 00:00:00+09:00,1390.1014966881794,1405.5023957959725,1376.709414772132,1386.0838623046875,61560,0.0,0.0
2013-08-08 00:00:00+09:00,1399.4756691406824,1431.616737890989,1386.083589856974,1393.44921875,169680,0.0,0.0
2013-08-09 00:00:00+09:00,1400.145307435233,1409.5197531251533,1392.779678542207,1393.44921875,95400,0.0,0.0
2013-08-12 00:00:00+09:00,1408.180887605761,1478.4894911238803,1403.4936146756265,1423.581787109375,216720,0.0,0.0
2013-08-13 00:00:00+09:00,1437.6433724267915,1483.1766243798356,1437.6433724267915,1480.4981689453125,128640,0.0,0.0
2013-08-14 00:00:00+09:00,1499.91661541398,1499.91661541398,1470.4539996645588,1491.88134765625,110160,0.0,0.0
2013-08-15 00:00:00+09:00,1488.5337373778025,1491.8817337811213,1473.8023766469778,1481.837646484375,119280,0.0,0.0
2013-08-16 00:00:00+09:00,1481.1677731327172,1499.916666481249,1471.7932283716832,1495.2294921875,128520,0.0,0.0
2013-08-19 00:00:00+09:00,1491.211846757914,1495.2294807428145,1477.1501278107612,1492.551025390625,96600,0.0,0.0
2013-08-20 00:00:00+09:00,1481.167834010244,1497.2383707333686,1463.0884801967288,1483.84619140625,120000,0.0,0.0
2013-08-21 00:00:00+09:00,1488.533457260644,1503.2648152192728,1480.4981889353503,1496.5687255859375,135480,0.0,0.0
2013-08-22 00:00:00+09:00,1492.5511772344,1495.899173200168,1467.7757324447418,1485.185546875,75600,0.0,0.0
2013-08-23 00:00:00+09:00,1475.8106137315817,1495.2292402599487,1463.0881735501014,1479.8282470703125,84840,0.0,0.0
2013-08-26 00:00:00+09:00,1479.8284248369805,1484.5156969908162,1463.757889551559,1475.810791015625,76680,0.0,0.0
2013-08-27 00:00:00+09:00,1475.1416389035967,1478.4896352733838,1455.0534645112953,1460.4102783203125,83160,0.0,0.0
2013-08-28 00:00:00+09:00,1442.330782363743,1449.026872544776,1426.9298828428246,1444.339599609375,71400,0.0,0.0
2013-08-29 00:00:00+09:00,1432.2865916784745,1448.3571284715008,1431.6169532831743,1439.6522216796875,61320,0.0,0.0
2013-08-30 00:00:00+09:00,1440.9916019431432,1456.3925014467573,1423.581787109375,1423.581787109375,76080,0.0,0.0
2013-09-02 00:00:00+09:00,1413.5376561704982,1439.6522795081473,1394.7887612167035,1430.27783203125,42360,0.0,0.0
2013-09-03 00:00:00+09:00,1431.6168813172474,1457.7315022931598,1431.6168813172474,1448.3570556640625,40200,0.0,0.0
2013-09-04 00:00:00+09:00,1432.956343792657,1458.4013297053293,1429.6082496372248,1452.3748779296875,36600,0.0,0.0
2013-09-05 00:00:00+09:00,1455.7226852950128,1455.7226852950128,1439.6521493098357,1448.3570556640625,23640,0.0,0.0
2013-09-06 00:00:00+09:00,1440.9915111868365,1457.0620481216831,1429.608148800138,1436.973876953125,28200,0.0,0.0
2013-09-09 00:00:00+09:00,1459.740526977585,1473.1327075951322,1457.731709693631,1468.4454345703125,32880,0.0,0.0
2013-09-10 00:00:00+09:00,1472.4630331675323,1516.657012334907,1471.793394726979,1509.2913818359375,120840,0.0,0.0
2013-09-11 00:00:00+09:00,1509.9605945455598,1513.3086879350492,1464.4274464640293,1471.12353515625,58200,0.0,0.0
2013-09-12 00:00:00+09:00,1465.0972330390268,1484.515764698995,1459.7403223083843,1474.4716796875,25440,0.0,0.0
2013-09-13 00:00:00+09:00,1475.1411895257868,1505.942982152857,1475.1411895257868,1497.90771484375,74760,0.0,0.0
2013-09-17 00:00:00+09:00,1505.9433062426856,1536.7452035853048,1505.9433062426856,1525.3619384765625,83760,0.0,0.0
2013-09-18 00:00:00+09:00,1540.0929016425703,1548.797807445286,1514.6479206403965,1522.0135498046875,87240,0.0,0.0
2013-09-19 00:00:00+09:00,1539.4235896713458,1540.0931300030745,1512.6393280592554,1532.057861328125,36360,0.0,0.0
2013-09-20 00:00:00+09:00,1532.727379914891,1539.4234693160936,1509.960754420216,1521.3441162109375,55440,0.0,0.0
2013-09-24 00:00:00+09:00,1505.273793743118,1528.7099628431927,1493.2208899624884,1523.3531494140625,73800,0.0,0.0
2013-09-25 00:00:00+09:00,1533.3971381651338,1538.7539512528415,1515.3177836464972,1532.057861328125,74160,0.0,0.0
2013-09-26 00:00:00+09:00,1540.8549094207478,1560.4792911230516,1522.5839025896719,1556.4190673828125,47520,20.0,0.0
2013-09-27 00:00:00+09:00,1556.4190522058761,1567.9230854420798,1539.5015195375502,1548.975341796875,94920,0.0,0.0
2013-09-30 00:00:00+09:00,1539.5012872293055,1547.6217334052376,1519.2001717894752,1524.61376953125,73080,0.0,0.0
2013-10-01 00:00:00+09:00,1519.2005343471994,1548.9754777225708,1492.8090779770903,1498.8994140625,96600,0.0,0.0
2013-10-02 00:00:00+09:00,1516.4935918102526,1521.2305526269463,1477.9214656464042,1481.981689453125,92760,0.0,0.0
2013-10-03 00:00:00+09:00,1475.2145138901658,1496.1923684712958,1475.2145138901658,1483.3349609375,41160,0.0,0.0
2013-10-04 00:00:00+09:00,1475.89139682644,1488.7488056319019,1452.8834282078667,1477.9215087890625,74760,0.0,0.0
2013-10-07 00:00:00+09:00,1468.4477084118116,1497.5459142356826,1467.770971371758,1473.1845703125,94080,0.0,0.0
2013-10-08 00:00:00+09:00,1464.387409557786,1482.6584165660674,1451.5300012134762,1463.033935546875,85080,0.0,0.0
2013-10-09 00:00:00+09:00,1451.5299721967701,1483.335024792463,1442.056149942566,1479.9515380859375,47400,0.0,0.0
2013-10-10 00:00:00+09:00,1479.27490451424,1488.7488265573477,1464.3874826634633,1478.5982666015625,51240,0.0,0.0
2013-10-11 00:00:00+09:00,1488.7487476297306,1507.6963924582917,1486.0418987428404,1506.343017578125,57840,0.0,0.0
2013-10-15 00:00:00+09:00,1513.786865234375,1521.907313504075,1509.0500031614272,1513.786865234375,61680,0.0,0.0
2013-10-16 00:00:00+09:00,1494.1626622839713,1498.8996240562308,1476.5683886144868,1490.7791748046875,44520,0.0,0.0
2013-10-17 00:00:00+09:00,1513.7868859729404,1518.5238472373492,1504.9897996446243,1514.463623046875,48720,0.0,0.0
2013-10-18 00:00:00+09:00,1496.1924053460637,1532.7344179596719,1495.5156683665903,1528.6741943359375,84120,0.0,0.0
2013-10-21 00:00:00+09:00,1528.673952636719,1541.5313584545056,1517.8466583098175,1522.5836181640625,33120,0.0,0.0
2013-10-22 00:00:00+09:00,1510.4033475111903,1532.0578427487328,1510.4033475111903,1530.7044677734375,25320,0.0,0.0
2013-10-23 00:00:00+09:00,1530.7044079805164,1538.8248557682116,1496.1925048828125,1496.1925048828125,63720,0.0,0.0
2013-10-24 00:00:00+09:00,1488.7487017622036,1519.2003790769313,1484.68847812024,1516.4935302734375,38400,0.0,0.0
2013-10-25 00:00:00+09:00,1516.4935442243304,1517.1702812130677,1490.1020903087797,1492.1322021484375,72600,0.0,0.0
2013-10-28 00:00:00+09:00,1502.959626070882,1521.230634180641,1484.6886179611229,1517.17041015625,56520,0.0,0.0
2013-10-29 00:00:00+09:00,1492.8091171029741,1522.584061258734,1490.102267951881,1500.9295654296875,96600,0.0,0.0
2013-10-30 00:00:00+09:00,1515.1401727405105,1529.3509556496952,1495.5156921625044,1523.2606201171875,222840,0.0,0.0
2013-10-31 00:00:00+09:00,1489.4255435815169,1522.5840742404991,1482.6585693359375,1482.6585693359375,118800,0.0,0.0
2013-11-01 00:00:00+09:00,1488.749037857391,1494.1626375599815,1461.6808410912863,1470.47802734375,73560,0.0,0.0
2013-11-05 00:00:00+09:00,1470.4780168195784,1488.7490272024543,1423.7854347300065,1431.9058837890625,120840,0.0,0.0
2013-11-06 00:00:00+09:00,1411.6045648730267,1440.7027705378018,1404.8374918891768,1422.4317626953125,160560,0.0,0.0
2013-11-07 00:00:00+09:00,1422.4316765850328,1439.3493084572278,1381.8294393930094,1430.5521240234375,164280,0.0,0.0
2013-11-08 00:00:00+09:00,1413.6348734061864,1441.379707982436,1407.5445366118945,1431.9058837890625,125040,0.0,0.0
2013-11-11 00:00:00+09:00,1453.5601262401492,1453.5601262401492,1426.4919344225414,1444.0863037109375,101520,0.0,0.0
2013-11-12 00:00:00+09:00,1444.7626868584823,1474.5377223459477,1435.9656028919253,1468.4473876953125,100200,0.0,0.0
2013-11-13 00:00:00+09:00,1452.883227441105,1454.2367013135304,1431.9054728105268,1436.642333984375,106200,0.0,0.0
2013-11-14 00:00:00+09:00,1440.0259550113778,1471.1542688192028,1435.288994594296,1450.176513671875,173760,0.0,0.0
2013-11-15 00:00:00+09:00,1462.3573843402744,1462.3573843402744,1435.2891911629995,1454.91357421875,122520,0.0,0.0
2013-11-18 00:00:00+09:00,1460.3271463190724,1465.0640078495953,1446.1163634743946,1461.0037841796875,49800,0.0,0.0
2013-11-19 00:00:00+09:00,1463.0339526366959,1477.2447360313565,1452.2067551822788,1469.801025390625,87240,0.0,0.0
2013-11-20 00:00:00+09:00,1462.3574093260352,1465.0641593014159,1442.7329268084186,1449.5,65760,0.0,0.0
2013-11-21 00:00:00+09:00,1447.4696144575757,1472.5076913216044,1446.7928775283167,1467.093994140625,87840,0.0,0.0
2013-11-22 00:00:00+09:00,1474.537854457068,1482.6583013854658,1443.4094415226937,1450.176513671875,161160,0.0,0.0
2013-11-25 00:00:00+09:00,1474.5379788496562,1484.6885383664583,1471.831129936323,1481.981689453125,95640,0.0,0.0
2013-11-26 00:00:00+09:00,1481.981732714307,1487.3953315724464,1465.0640999836007,1477.9215087890625,122640,0.0,0.0
2013-11-27 00:00:00+09:00,1465.7408090235463,1478.598217583483,1451.530025556559,1457.620361328125,83160,0.0,0.0
2013-11-28 00:00:00+09:00,1455.5902271199172,1471.1543852556758,1455.5902271199172,1462.3572998046875,82560,0.0,0.0
2013-11-29 00:00:00+09:00,1454.9135161364995,1458.9737399946728,1435.2891338641828,1451.530029296875,101400,0.0,0.0
2013-12-02 00:00:00+09:00,1442.0562328507322,1452.8834305847236,1435.9658969529016,1440.7027587890625,109680,0.0,0.0
2013-12-03 00:00:00+09:00,1441.3794771740568,1453.5601488121474,1439.349365234375,1439.349365234375,99960,0.0,0.0
2013-12-04 00:00:00+09:00,1429.1987944482214,1436.6425051271196,1414.9880109806966,1425.8153076171875,111240,0.0,0.0
2013-12-05 00:00:00+09:00,1421.078464673913,1433.935874301247,1356.7916147903775,1400.77734375,171840,0.0,0.0
2013-12-06 00:00:00+09:00,1398.0702684698379,1414.9878995458068,1394.6867819052645,1407.544189453125,102480,0.0,0.0
2013-12-09 00:00:00+09:00,1414.3112814485398,1425.13857814233,1402.8073468608975,1413.6346435546875,91680,0.0,0.0
2013-12-10 00:00:00+09:00,1414.3112326689022,1440.026049038929,1411.60448293373,1424.4617919921875,117720,0.0,0.0
2013-12-11 00:00:00+09:00,1424.4619121713629,1440.0261705312314,1408.8977529380584,1429.8756103515625,160080,0.0,0.0
2013-12-12 00:00:00+09:00,1421.7549075995676,1429.8753542890909,1402.1304286821885,1410.9276123046875,117240,0.0,0.0
2013-12-13 00:00:00+09:00,1399.42377453664,1410.250971442557,1377.7691824716994,1384.5362548828125,206160,0.0,0.0
2013-12-16 00:00:00+09:00,1387.2432299444179,1395.3636779262847,1377.7693078811985,1378.446044921875,54360,0.0,0.0
2013-12-17 00:00:00+09:00,1381.153122852052,1385.8899855421244,1364.912224196767,1371.67919921875,130800,0.0,0.0
2013-12-18 00:00:00+09:00,1377.0924844362582,1399.4237133777838,1363.558340205513,1381.829345703125,193320,0.0,0.0
2013-12-19 00:00:00+09:00,1417.6950661684436,1417.6950661684436,1383.859796429497,1392.656982421875,121440,0.0,0.0
2013-12-20 00:00:00+09:00,1393.333632453421,1405.5143050077688,1373.709149475927,1400.77734375,163440,0.0,0.0
2013-12-24 00:00:00+09:00,1400.777339925827,1410.927900360072,1371.00239569423,1375.7392578125,139080,0.0,0.0
2013-12-25 00:00:00+09:00,1353.4080354440307,1374.3858935477563,1353.4080354440307,1362.8819580078125,89160,0.0,0.0
2013-12-26 00:00:00+09:00,1377.7693595309706,1394.0102561035424,1371.0023853767766,1393.3336181640625,78960,0.0,0.0
2013-12-27 00:00:00+09:00,1403.4843098666217,1432.58251953125,1403.4843098666217,1432.58251953125,131040,0.0,0.0
2013-12-30 00:00:00+09:00,1444.762822661795,1446.7929344028312,1431.9055143862668,1437.995849609375,83400,0.0,0.0
2014-01-06 00:00:00+09:00,1454.9135293325037,1483.3350965974978,1446.116443644379,1464.387451171875,183960,0.0,0.0
2014-01-07 00:00:00+09:00,1456.2669751598773,1459.6504619646191,1442.0561918027809,1444.0863037109375,59520,0.0,0.0
2014-01-08 00:00:00+09:00,1461.6807381465517,1471.831298828125,1445.4398410560345,1471.831298828125,87720,0.0,0.0
2014-01-09 00:00:00+09:00,1481.3049447195524,1481.3049447195524,1456.2669641263615,1462.3572998046875,49080,0.0,0.0
2014-01-10 00:00:00+09:00,1456.943676512065,1472.5079345703125,1446.7931165291045,1472.5079345703125,73200,0.0,0.0
2014-01-14 00:00:00+09:00,1443.4095272033028,1459.6504220241557,1441.379415350696,1442.05615234375,79560,0.0,0.0
2014-01-15 00:00:00+09:00,1458.973467709964,1468.4473876953125,1449.4996468511565,1468.4473876953125,42600,0.0,0.0
2014-01-16 00:00:00+09:00,1474.5380443926072,1485.3652422740913,1467.0942343317045,1473.1845703125,72960,0.0,0.0
2014-01-17 00:00:00+09:00,1474.5380426192485,1482.6584905838765,1469.1243445584548,1478.5982666015625,58440,0.0,0.0
2014-01-20 00:00:00+09:00,1486.718821857985,1507.6965811961315,1486.718821857985,1497.5460205078125,86400,0.0,0.0
2014-01-21 00:00:00+09:00,1496.8691744762868,1511.7565953320386,1492.8089507653444,1505.666259765625,62760,0.0,0.0
2014-01-22 00:00:00+09:00,1509.0498851563002,1510.40326005323,1488.7487660695633,1507.6964111328125,65040,0.0,0.0
2014-01-23 00:00:00+09:00,1517.8470392110871,1517.8470392110871,1494.839169291623,1498.22265625,100320,0.0,0.0
2014-01-24 00:00:00+09:00,1471.8312470356732,1505.6664150747645,1465.740910841043,1488.0721435546875,116520,0.0,0.0
2014-01-27 00:00:00+09:00,1463.0337951540728,1511.0798380200908,1461.0036834590733,1499.5758056640625,259800,0.0,0.0
2014-01-28 00:00:00+09:00,1513.7868528705285,1539.50167159893,1513.1102149379572,1532.057861328125,191520,0.0,0.0
2014-01-29 00:00:00+09:00,1539.5015345495203,1581.4571468231393,1525.2907514586834,1556.4190673828125,203160,0.0,0.0
2014-01-30 00:00:00+09:00,1522.583933670403,1524.6140455819636,1492.132254996995,1507.019775390625,165840,0.0,0.0
2014-01-31 00:00:00+09:00,1589.5777138045305,1653.1879235592028,1568.5998565273742,1625.4429931640625,360360,0.0,0.0
2014-02-03 00:00:00+09:00,1618.6757568259013,1624.089354966942,1584.8404958463916,1586.1939697265625,88200,0.0,0.0
2014-02-04 00:00:00+09:00,1519.2005634985521,1557.0959557149633,1513.786865234375,1513.786865234375,162240,0.0,0.0
2014-02-05 00:00:00+09:00,1531.3812233955537,1569.2766153024543,1509.7266287688406,1532.057861328125,132120,0.0,0.0
2014-02-06 00:00:00+09:00,1527.9976372264368,1551.6823439039943,1511.080102887113,1532.057861328125,121320,0.0,0.0
2014-02-07 00:00:00+09:00,1544.2385108390527,1556.419182964321,1492.8090723945174,1536.7947998046875,146640,0.0,0.0
2014-02-10 00:00:00+09:00,1557.7726676333157,1569.9533398412393,1534.0879611446435,1550.328857421875,89400,0.0,0.0
2014-02-12 00:00:00+09:00,1617.9991302644282,1656.5712550762528,1598.3747489286673,1610.555419921875,201480,0.0,0.0
2014-02-13 00:00:00+09:00,1610.555528967179,1617.3225027816495,1584.1640733616855,1597.6981201171875,116520,0.0,0.0
2014-02-14 00:00:00+09:00,1593.6378546298408,1600.4049273944468,1549.6521294762988,1564.53955078125,110040,0.0,0.0
2014-02-17 00:00:00+09:00,1561.832803119551,1574.6901125254171,1537.4714600854154,1563.8629150390625,170640,0.0,0.0
2014-02-18 00:00:00+09:00,1557.09568446457,1596.3445439730478,1544.2382772351525,1593.6376953125,181200,0.0,0.0
2014-02-19 00:00:00+09:00,1593.6380961446937,1593.6380961446937,1553.0358516569308,1576.0438232421875,146760,0.0,0.0
2014-02-20 00:00:00+09:00,1553.03575285638,1553.7124899303146,1505.666437591992,1514.463623046875,165360,0.0,0.0
2014-02-21 00:00:00+09:00,1515.1401279746137,1532.057660091814,1504.989569053673,1527.9974365234375,164760,0.0,0.0
2014-02-24 00:00:00+09:00,1527.997626841634,1544.2385231380078,1501.606170360027,1518.5238037109375,141360,0.0,0.0
2014-02-25 00:00:00+09:00,1542.2082540700135,1546.2684777306863,1525.2907215682465,1541.5316162109375,58320,0.0,0.0
2014-02-26 00:00:00+09:00,1540.8549522736043,1540.8549522736043,1514.4634972280749,1520.5538330078125,55800,0.0,0.0
2014-02-27 00:00:00+09:00,1520.5537296752925,1536.1178870125173,1517.170243069779,1521.9071044921875,76080,0.0,0.0
2014-02-28 00:00:00+09:00,1519.200396428849,1529.3509556496952,1505.6662513833505,1523.2606201171875,69360,0.0,0.0
2014-03-03 00:00:00+09:00,1496.1925713034238,1524.6141398220777,1483.3351620266064,1518.5238037109375,76680,0.0,0.0
2014-03-04 00:00:00+09:00,1504.9896876642308,1535.441366826997,1500.929463775862,1533.4112548828125,56880,0.0,0.0
2014-03-05 00:00:00+09:00,1542.8850305751607,1566.5696361602254,1536.7946949281536,1543.561767578125,91800,0.0,0.0
2014-03-06 00:00:00+09:00,1544.9151042365413,1546.2684790824305,1526.6440977475413,1536.117919921875,49560,0.0,0.0
2014-03-07 00:00:00+09:00,1530.7045559266535,1565.8931994499158,1513.1102837283072,1548.298828125,178320,0.0,0.0
2014-03-10 00:00:00+09:00,1529.3510309944436,1540.8549656359687,1527.3209190502594,1533.4112548828125,43680,0.0,0.0
2014-03-11 00:00:00+09:00,1525.9672572003306,1546.9451110839846,1512.4332122802734,1542.8848876953125,111840,0.0,0.0
2014-03-12 00:00:00+09:00,1515.8168796709135,1524.6140644386671,1500.2527211986353,1508.3731689453125,35760,0.0,0.0
2014-03-13 00:00:00+09:00,1496.869382546304,1519.200616060606,1492.1324211828987,1497.5460205078125,36480,0.0,0.0
2014-03-14 00:00:00+09:00,1474.5380265197316,1484.6885863646896,1424.4618652002323,1440.026123046875,169680,0.0,0.0
2014-03-17 00:00:00+09:00,1439.3495634087615,1460.3274227159602,1408.8978801208468,1418.3717041015625,93600,0.0,0.0
2014-03-18 00:00:00+09:00,1449.4998663209306,1458.9736886141764,1424.4617870351065,1435.9658203125,55200,0.0,0.0
2014-03-19 00:00:00+09:00,1464.3874945230089,1475.8914295238776,1441.3795253947085,1460.3272705078125,131760,0.0,0.0
2014-03-20 00:00:00+09:00,1488.7487154578594,1503.6361361976465,1465.0640112441495,1492.1322021484375,177360,0.0,0.0
2014-03-24 00:00:00+09:00,1478.5979862325398,1513.1098835381272,1461.6803564719337,1465.0638427734375,131400,0.0,0.0
2014-03-25 00:00:00+09:00,1421.7550873791256,1461.6805889423078,1412.957902644231,1451.530029296875,174240,0.0,0.0
2014-03-26 00:00:00+09:00,1448.146387465974,1480.6281748549188,1448.146387465974,1475.2144775390625,100080,0.0,0.0
2014-03-27 00:00:00+09:00,1479.3428699815815,1505.4894629132402,1427.7378849730264,1498.6087646484375,99840,30.0,0.0
2014-03-28 00:00:00+09:00,1510.306247245714,1510.306247245714,1480.7194488013454,1504.1136474609375,64320,0.0,0.0
2014-03-31 00:00:00+09:00,1504.1134684329734,1523.3793657339256,1488.2879711302985,1518.5628662109375,77280,0.0,0.0
2014-04-01 00:00:00+09:00,1518.5627724284898,1528.8837702039234,1504.8014756582427,1524.75537109375,57720,0.0,0.0
2014-04-02 00:00:00+09:00,1537.1406548219093,1537.1406548219093,1513.0583589226414,1515.12255859375,44760,0.0,0.0
2014-04-03 00:00:00+09:00,1507.5537675769135,1529.5718624542915,1499.9849687198514,1519.93896484375,57240,0.0,0.0
2014-04-04 00:00:00+09:00,1510.3061042854854,1530.2601022305541,1510.3061042854854,1526.8197021484375,36960,0.0,0.0
2014-04-07 00:00:00+09:00,1513.7464497591757,1522.0032483927876,1502.0492511675595,1513.058349609375,39600,0.0,0.0
2014-04-08 00:00:00+09:00,1511.682447725228,1515.1227473419888,1490.3523482028827,1504.1136474609375,60000,0.0,0.0
2014-04-09 00:00:00+09:00,1475.9027667108605,1497.2328636029824,1464.2056688234386,1486.911865234375,87480,0.0,0.0
2014-04-10 00:00:00+09:00,1489.6640344440434,1513.7464306825852,1473.8385375260568,1483.471435546875,45840,0.0,0.0
2014-04-11 00:00:00+09:00,1462.1413257811482,1465.5816246363495,1429.8021335364938,1431.8663330078125,108480,0.0,0.0
2014-04-14 00:00:00+09:00,1432.5544733594284,1475.9026634754919,1428.4260743007558,1464.20556640625,85440,0.0,0.0
2014-04-15 00:00:00+09:00,1469.7101559329867,1525.4435466776365,1467.6459562757775,1514.4344482421875,110280,0.0,0.0
2014-04-16 00:00:00+09:00,1533.7004486412131,1542.645348022125,1482.7835539298032,1535.7646484375,97560,0.0,0.0
2014-04-17 00:00:00+09:00,1544.709593717963,1550.9021932908308,1510.3061955635794,1546.085693359375,47160,0.0,0.0
2014-04-18 00:00:00+09:00,1539.8928227989597,1568.7916157201198,1539.8928227989597,1568.103515625,47040,0.0,0.0
2014-04-21 00:00:00+09:00,1568.7919831809947,1575.6726833708985,1557.7828830353512,1566.727783203125,44520,0.0,0.0
2014-04-22 00:00:00+09:00,1566.7276621152203,1572.2321613671077,1559.1589630449992,1565.3515625,51240,0.0,0.0
2014-04-23 00:00:00+09:00,1563.2875281432537,1581.1772281986257,1559.847127554554,1577.048828125,66000,0.0,0.0
2014-04-24 00:00:00+09:00,1572.919960121573,1592.8738542776505,1569.4796613473493,1581.1767578125,79200,0.0,0.0
2014-04-25 00:00:00+09:00,1570.1678181548966,1594.9382137127707,1570.1678181548966,1590.809814453125,47520,0.0,0.0
2014-04-28 00:00:00+09:00,1599.7547607421875,1600.4428609029476,1583.9292633727057,1599.7547607421875,60240,0.0,0.0
2014-04-30 00:00:00+09:00,1603.1949855265711,1610.763784570508,1577.0484909146876,1581.864990234375,80160,0.0,0.0
2014-05-01 00:00:00+09:00,1591.4978872445915,1610.07568359375,1576.3603899556858,1610.07568359375,76200,0.0,0.0
2014-05-02 00:00:00+09:00,1610.7638016156536,1616.9564004674983,1603.1950024916237,1615.5802001953125,60480,0.0,0.0
2014-05-07 00:00:00+09:00,1613.515964300049,1613.515964300049,1577.736572265625,1577.736572265625,85560,0.0,0.0
2014-05-08 00:00:00+09:00,1577.7366097236136,1600.4428055422698,1559.1588131447133,1585.993408203125,122160,0.0,0.0
2014-05-09 00:00:00+09:00,1570.855844403452,1579.8007426422564,1541.2689508374012,1544.7093505859375,125880,0.0,0.0
2014-05-12 00:00:00+09:00,1544.7092762704171,1561.9108710215635,1538.5166779701674,1555.0302734375,58680,0.0,0.0
2014-05-13 00:00:00+09:00,1564.6633113477596,1572.232009687799,1551.590013495876,1560.534912109375,63840,0.0,0.0
2014-05-14 00:00:00+09:00,1560.5352605116461,1568.7920608318136,1548.8381603217488,1556.4068603515625,90360,0.0,0.0
2014-05-15 00:00:00+09:00,1554.3422568359374,1554.3422568359374,1541.2689594585577,1548.149658203125,91320,0.0,0.0
2014-05-16 00:00:00+09:00,1541.2690438437958,1543.3332435010825,1527.5077463922169,1539.8929443359375,60240,0.0,0.0
2014-05-19 00:00:00+09:00,1546.7737485902203,1565.3515467685197,1532.3243500070987,1534.3885498046875,107880,0.0,0.0
2014-05-20 00:00:00+09:00,1546.085543307798,1552.2781422796584,1524.7554465855017,1539.8929443359375,80520,0.0,0.0
2014-05-21 00:00:00+09:00,1531.6362295184038,1537.1407286420435,1524.7555300206009,1533.0123291015625,43080,0.0,0.0
2014-05-22 00:00:00+09:00,1539.8929536505395,1548.149752329631,1523.3793562923568,1541.9571533203125,107160,0.0,0.0
2014-05-23 00:00:00+09:00,1564.663263270494,1566.7274628262599,1544.0212677128359,1551.5899658203125,101040,0.0,0.0
2014-05-26 00:00:00+09:00,1561.9109635991417,1561.9109635991417,1544.7093678284223,1551.5899658203125,58920,0.0,0.0
2014-05-27 00:00:00+09:00,1546.0854586588541,1561.910954901266,1543.3331590028286,1548.149658203125,54960,0.0,0.0
2014-05-28 00:00:00+09:00,1557.7827808342274,1578.4247792586696,1552.2782815180456,1569.47998046875,82920,0.0,0.0
2014-05-29 00:00:00+09:00,1559.1588985411179,1574.9843962299576,1550.213999434729,1550.902099609375,53160,0.0,0.0
2014-05-30 00:00:00+09:00,1565.3513365037572,1604.5711273897728,1559.846737255585,1570.8558349609375,173400,0.0,0.0
2014-06-02 00:00:00+09:00,1568.79150390625,1570.1676032074188,1550.9018098271206,1568.79150390625,73200,0.0,0.0
2014-06-03 00:00:00+09:00,1587.3692980314554,1587.3692980314554,1566.7273045590048,1568.79150390625,87720,0.0,0.0
2014-06-04 00:00:00+09:00,1565.351578795639,1572.232177734375,1557.7827788556183,1572.232177734375,48000,0.0,0.0
2014-06-05 00:00:00+09:00,1575.6722309180823,1583.240928399922,1567.4154333775352,1574.984130859375,81720,0.0,0.0
2014-06-06 00:00:00+09:00,1581.8649714073658,1595.626268282837,1570.855873432392,1577.736572265625,136440,0.0,0.0
2014-06-09 00:00:00+09:00,1583.2414613921067,1587.3698615521903,1552.9665604818326,1556.4068603515625,76800,0.0,0.0
2014-06-10 00:00:00+09:00,1556.4063363931436,1576.3602301858043,1556.4063363931436,1574.984130859375,82560,0.0,0.0
2014-06-11 00:00:00+09:00,1565.351234682376,1577.0483309396452,1559.8466357922612,1573.6080322265625,57960,0.0,0.0
2014-06-12 00:00:00+09:00,1551.5900971445235,1566.7275954316854,1546.7736983007464,1553.654296875,109680,0.0,0.0
2014-06-13 00:00:00+09:00,1537.1406529473509,1545.3974516217163,1517.8748565678313,1543.333251953125,192960,0.0,0.0
2014-06-16 00:00:00+09:00,1527.5077091844255,1540.581006959129,1524.067410103081,1531.6361083984375,67440,0.0,0.0
2014-06-17 00:00:00+09:00,1531.6361817194652,1562.5991773067858,1524.067483061787,1549.52587890625,136800,0.0,0.0
2014-06-18 00:00:00+09:00,1527.507839146627,1543.3333372164598,1521.3152397987353,1535.0765380859375,110400,0.0,0.0
2014-06-19 00:00:00+09:00,1547.4619597410413,1557.7829601412504,1540.5813600015813,1556.4068603515625,100320,0.0,0.0
2014-06-20 00:00:00+09:00,1566.0393356351126,1567.4155358424923,1541.2689413941828,1542.6451416015625,210600,0.0,0.0
2014-06-23 00:00:00+09:00,1556.4065967793028,1565.3514958750352,1550.9020977616995,1553.654296875,92280,0.0,0.0
2014-06-24 00:00:00+09:00,1548.1497429650847,1552.9662424290868,1532.324245856219,1539.8929443359375,123600,0.0,0.0
2014-06-25 00:00:00+09:00,1529.5719087914315,1548.1497052544853,1515.1225115423897,1531.6361083984375,145680,0.0,0.0
2014-06-26 00:00:00+09:00,1546.7735501186621,1553.654148033749,1535.764452347133,1544.7093505859375,72840,0.0,0.0
2014-06-27 00:00:00+09:00,1531.6361550695326,1537.8287540792478,1513.0583580403875,1516.4986572265625,88560,0.0,0.0
2014-06-30 00:00:00+09:00,1530.2599154482273,1540.5809128527994,1523.379216914849,1537.82861328125,43920,0.0,0.0
2014-07-01 00:00:00+09:00,1544.7093881915291,1558.4706851477115,1537.8286893179404,1552.9661865234375,85440,0.0,0.0
2014-07-02 00:00:00+09:00,1561.2230130968796,1566.7275118207262,1545.39741548045,1559.1588134765625,60360,0.0,0.0
2014-07-03 00:00:00+09:00,1552.2781043046357,1560.534902731788,1551.5900041720408,1558.470703125,40680,0.0,0.0
2014-07-04 00:00:00+09:00,1565.35168348155,1569.4800834372895,1560.5351832695158,1566.727783203125,34920,0.0,0.0
2014-07-07 00:00:00+09:00,1566.0395782149078,1577.0486776242965,1564.6634785853623,1572.232177734375,33480,0.0,0.0
2014-07-08 00:00:00+09:00,1575.6723726947546,1584.6171703078633,1563.975174599159,1577.736572265625,57000,0.0,0.0
2014-07-09 00:00:00+09:00,1550.9021430248472,1588.0577392578125,1550.9021430248472,1588.0577392578125,81840,0.0,0.0
2014-07-10 00:00:00+09:00,1584.6172461337705,1594.9382444819953,1556.4065509122895,1567.4156494140625,174000,0.0,0.0
2014-07-11 00:00:00+09:00,1559.8467940223716,1586.6813887630665,1549.5257960451813,1581.864990234375,116520,0.0,0.0
2014-07-14 00:00:00+09:00,1596.314406302514,1596.314406302514,1577.0485095866554,1585.993408203125,49560,0.0,0.0
2014-07-15 00:00:00+09:00,1603.1949659343857,1613.515963785446,1596.3143678943418,1605.947265625,69360,0.0,0.0
2014-07-16 00:00:00+09:00,1605.9475198878413,1616.956619602328,1599.754920196757,1606.6356201171875,71400,0.0,0.0
2014-07-17 00:00:00+09:00,1603.1951741288863,1612.828173901502,1589.4338754707312,1596.3145751953125,42600,0.0,0.0
2014-07-18 00:00:00+09:00,1575.6724462538225,1599.0666419551644,1573.6082465865863,1595.6263427734375,40200,0.0,0.0
2014-07-22 00:00:00+09:00,1616.956619602328,1620.3969191670378,1597.0026200703828,1606.6356201171875,55320,0.0,0.0
2014-07-23 00:00:00+09:00,1606.6352619974357,1616.9562591820209,1606.6352619974357,1611.45166015625,52920,0.0,0.0
2014-07-24 00:00:00+09:00,1616.9565920589935,1616.9565920589935,1592.186193716597,1600.4429931640625,47280,0.0,0.0
2014-07-25 00:00:00+09:00,1597.0026460180654,1616.956645874218,1597.0026460180654,1614.204345703125,29040,0.0,0.0
2014-07-28 00:00:00+09:00,1613.5160479387305,1627.9654456838266,1613.5160479387305,1624.525146484375,35160,0.0,0.0
2014-07-29 00:00:00+09:00,1610.0757588395907,1627.2774565267575,1606.6354596185574,1625.2132568359375,42000,0.0,0.0
2014-07-30 00:00:00+09:00,1762.8265010433104,1854.3392849963684,1724.9829079885264,1805.4866943359375,866400,0.0,0.0
2014-07-31 00:00:00+09:00,1796.5416843459943,1809.6150831075113,1762.8264907872317,1779.340087890625,410400,0.0,0.0
2014-08-01 00:00:00+09:00,1757.3217380001615,1832.3211193600198,1756.633738708174,1822.0001220703125,216360,0.0,0.0
2014-08-04 00:00:00+09:00,1822.000499106397,1824.064698991494,1799.9822998046877,1799.9822998046875,202200,0.0,0.0
2014-08-05 00:00:00+09:00,1800.6704110811645,1801.3586121402889,1763.514810841631,1766.2672119140625,131280,0.0,0.0
2014-08-06 00:00:00+09:00,1766.2670675645213,1773.8356659400772,1720.8546709831212,1767.64306640625,173880,0.0,0.0
2014-08-07 00:00:00+09:00,1764.8906643615321,1764.8906643615321,1727.0470720857893,1743.5606689453125,179040,0.0,0.0
2014-08-08 00:00:00+09:00,1740.8081336421892,1749.7531323032454,1710.5333427982405,1717.4139404296875,75840,0.0,0.0
2014-08-11 00:00:00+09:00,1720.8544730980673,1775.8996615698584,1720.8544730980673,1770.395263671875,106560,0.0,0.0
2014-08-12 00:00:00+09:00,1771.0830418288417,1773.1472411782927,1750.4410483343331,1755.2574462890625,112440,0.0,0.0
2014-08-13 00:00:00+09:00,1751.1292095411777,1755.2576086218894,1727.0470159583508,1731.1754150390625,145440,0.0,0.0
2014-08-14 00:00:00+09:00,1733.2398386826521,1753.8818367551648,1724.983039453647,1729.7994384765625,106200,0.0,0.0
2014-08-15 00:00:00+09:00,1729.7993996946159,1733.92779921656,1719.4784008897552,1724.2947998046875,116400,0.0,0.0
2014-08-18 00:00:00+09:00,1724.2946060988402,1735.3038046419322,1722.2304065697585,1729.1112060546875,143640,0.0,0.0
2014-08-19 00:00:00+09:00,1758.0103445874765,1760.0745445217938,1732.5517443428814,1757.3221435546875,141600,0.0,0.0
2014-08-20 00:00:00+09:00,1760.0742923662294,1762.1384920048208,1743.5606952574985,1752.5054931640625,88800,0.0,0.0
2014-08-21 00:00:00+09:00,1752.5058597989125,1786.9092615001673,1752.5058597989125,1784.1568603515625,111360,0.0,0.0
2014-08-22 00:00:00+09:00,1788.9728592062202,1800.669854612166,1779.3398615937026,1786.220458984375,121440,0.0,0.0
2014-08-25 00:00:00+09:00,1786.220572714933,1810.990966796875,1782.780374591541,1810.990966796875,113760,0.0,0.0
2014-08-26 00:00:00+09:00,1811.6794046195985,1817.1838029696873,1780.7164079678128,1806.1748046875,131400,0.0,0.0
2014-08-27 00:00:00+09:00,1806.862690622895,1835.7614856831804,1806.1746912678395,1835.073486328125,99600,0.0,0.0
2014-08-28 00:00:00+09:00,1832.321333237785,1832.321333237785,1814.4315353201125,1821.3121337890625,87840,0.0,0.0
2014-08-29 00:00:00+09:00,1821.3119643310174,1824.7523640363927,1806.1745684749362,1810.990966796875,79440,0.0,0.0
2014-09-01 00:00:00+09:00,1810.990930397875,1829.5687255859375,1808.238731638081,1829.5687255859375,77520,0.0,0.0
2014-09-02 00:00:00+09:00,1829.568679153147,1830.256880012114,1812.367084572532,1816.4954833984375,115320,0.0,0.0
2014-09-03 00:00:00+09:00,1822.0003085539797,1822.688307916385,1793.101513184977,1812.3673095703125,129600,0.0,0.0
2014-09-04 00:00:00+09:00,1812.3673780879349,1815.8077781940249,1793.1015809742444,1797.22998046875,149520,0.0,0.0
2014-09-05 00:00:00+09:00,1802.7344991241437,1805.48690002562,1792.4134996986581,1799.9822998046875,85800,0.0,0.0
2014-09-08 00:00:00+09:00,1799.9820854254813,1815.8076831870587,1789.6610872292345,1803.4224853515625,143640,0.0,0.0
2014-09-09 00:00:00+09:00,1812.3670061600596,1814.4312054837044,1793.1012130000306,1802.7340087890625,105000,0.0,0.0
2014-09-10 00:00:00+09:00,1788.9730410210027,1790.349039689799,1733.2396522210076,1739.4322509765625,247800,0.0,0.0
2014-09-11 00:00:00+09:00,1741.4963730095249,1742.872371617045,1709.8451797248501,1725.6707763671875,178800,0.0,0.0
2014-09-12 00:00:00+09:00,1721.542472605284,1746.3128678945686,1702.9646761383206,1743.5606689453125,222360,0.0,0.0
2014-09-16 00:00:00+09:00,1749.753477844362,1773.8356751011647,1743.5608782785525,1769.707275390625,67560,0.0,0.0
2014-09-17 00:00:00+09:00,1769.7070801763462,1780.716279244718,1750.4412841796875,1750.4412841796875,66840,0.0,0.0
2014-09-18 00:00:00+09:00,1768.3312067220565,1775.8998048378671,1744.9368082313447,1747.689208984375,111840,0.0,0.0
2014-09-19 00:00:00+09:00,1749.7533330978931,1770.395329943004,1741.496534359849,1758.0101318359375,155400,0.0,0.0
2014-09-22 00:00:00+09:00,1773.835518967911,1774.5237199137703,1749.0651228849674,1755.9459228515625,128760,0.0,0.0
2014-09-24 00:00:00+09:00,1740.8080535085164,1754.569449719917,1729.7990574885769,1749.7530517578125,170880,0.0,0.0
2014-09-25 00:00:00+09:00,1773.8354696504182,1777.9638688827947,1744.936675023783,1775.211669921875,99120,0.0,0.0
2014-09-26 00:00:00+09:00,1820.3227510052313,1821.158144649566,1774.376100566825,1792.7547607421875,75400,25.0,1.0
2014-09-29 00:00:00+09:00,1795.2611864433916,1817.816817915691,1778.5533112787252,1783.565673828125,38800,0.0,0.0
2014-09-30 00:00:00+09:00,1775.211692195368,1776.0470859328718,1755.162242495279,1762.6807861328125,47100,0.0,0.0
2014-10-01 00:00:00+09:00,1776.8826709961868,1776.8826709961868,1752.65625,1752.65625,36300,0.0,0.0
2014-10-02 00:00:00+09:00,1742.6315873535877,1742.6315873535877,1697.5203190328334,1698.355712890625,65200,0.0,0.0
2014-10-03 00:00:00+09:00,1673.2937210341631,1734.27746623411,1673.2937210341631,1725.088134765625,72300,0.0,0.0
2014-10-06 00:00:00+09:00,1739.2898057803534,1752.6561059208364,1732.606655710112,1746.808349609375,33200,0.0,0.0
2014-10-07 00:00:00+09:00,1712.557195039949,1752.6560952164941,1712.557195039949,1730.1004638671875,60800,0.0,0.0
2014-10-08 00:00:00+09:00,1688.3306889545665,1717.5694688226565,1687.4952952440497,1706.7093505859375,53700,0.0,0.0
2014-10-09 00:00:00+09:00,1706.709292849979,1722.581772812852,1667.4457897839245,1669.1165771484375,53600,0.0,0.0
2014-10-10 00:00:00+09:00,1633.194934998962,1659.0921436869253,1629.0179658557422,1634.86572265625,49400,0.0,0.0
2014-10-14 00:00:00+09:00,1608.1331886204716,1638.2073677323351,1603.1208254351611,1615.6517333984375,88500,0.0,0.0
2014-10-15 00:00:00+09:00,1625.6761810565683,1667.445867106326,1621.4992124515925,1648.2318115234375,83100,0.0,0.0
2014-10-16 00:00:00+09:00,1629.0179015320616,1633.194870510349,1604.7914814579951,1608.133056640625,80100,0.0,0.0
2014-10-17 00:00:00+09:00,1618.9928980472773,1659.927187007193,1615.6513234383046,1622.33447265625,92600,0.0,0.0
2014-10-20 00:00:00+09:00,1670.7874315100298,1695.0138492669253,1665.7750692154996,1686.659912109375,73700,0.0,0.0
2014-10-21 00:00:00+09:00,1676.6352436705406,1684.9891811078626,1612.3099254031606,1613.980712890625,75200,0.0,0.0
2014-10-22 00:00:00+09:00,1640.713355480463,1676.635287397805,1640.713355480463,1671.6229248046875,33100,0.0,0.0
2014-10-23 00:00:00+09:00,1659.9274548062685,1700.8617503701876,1644.890366639931,1692.5078125,55400,0.0,0.0
2014-10-24 00:00:00+09:00,1695.8493421977596,1717.569580078125,1689.1661920807242,1717.569580078125,36900,0.0,0.0
2014-10-27 00:00:00+09:00,1732.606667841455,1732.606667841455,1703.3678860794246,1717.569580078125,30000,0.0,0.0
2014-10-28 00:00:00+09:00,1712.5570948737952,1713.3924885786116,1681.6475277955851,1690.00146484375,39800,0.0,0.0
2014-10-29 00:00:00+09:00,1714.228015757415,1747.6437665519068,1702.532502979343,1725.088134765625,37000,0.0,0.0
2014-10-30 00:00:00+09:00,1738.4544014039677,1739.2897951576458,1715.0633763009832,1730.1004638671875,112400,0.0,0.0
2014-10-31 00:00:00+09:00,1744.302037799618,1816.1458956783379,1702.5323529864086,1803.614990234375,118600,0.0,0.0
2014-11-04 00:00:00+09:00,1820.3231676047542,1829.512499795508,1782.7304450062165,1795.2613525390625,99500,0.0,0.0
2014-11-05 00:00:00+09:00,1786.0718877802112,1813.6398823062857,1784.4011002331765,1796.9320068359375,53800,0.0,0.0
2014-11-06 00:00:00+09:00,1720.9110316130561,1739.2896931157197,1672.4581967423971,1680.8121337890625,197400,0.0,0.0
2014-11-07 00:00:00+09:00,1679.9768281859458,1718.404940615858,1679.9768281859458,1713.392578125,68000,0.0,0.0
2014-11-10 00:00:00+09:00,1718.4046042113177,1718.4046042113177,1691.6720094933974,1699.1905517578125,61000,0.0,0.0
2014-11-11 00:00:00+09:00,1693.3431940143864,1718.4050074433117,1691.672406452458,1712.5572509765625,56200,0.0,0.0
2014-11-12 00:00:00+09:00,1712.5571737484056,1719.240323694741,1673.2936678136862,1678.3060302734375,65800,0.0,0.0
2014-11-13 00:00:00+09:00,1681.6476926733362,1705.0387187015795,1674.1291485928296,1701.6971435546875,32000,0.0,0.0
2014-11-14 00:00:00+09:00,1719.2404017651882,1719.2404017651882,1688.3308318597888,1703.367919921875,56700,0.0,0.0
2014-11-17 00:00:00+09:00,1695.8491738508587,1697.5199612142587,1649.9025213573627,1650.7379150390625,60900,0.0,0.0
2014-11-18 00:00:00+09:00,1662.4336251704651,1694.1785888671875,1662.4336251704651,1694.1785888671875,46500,0.0,0.0
2014-11-19 00:00:00+09:00,1704.2030670683262,1704.2030670683262,1672.458107975877,1675.7996826171875,44200,0.0,0.0
2014-11-20 00:00:00+09:00,1695.8493662070468,1695.8493662070468,1669.1167653604334,1677.470703125,38200,0.0,0.0
2014-11-21 00:00:00+09:00,1679.1414018110797,1702.5324263139205,1667.4458895596592,1690.8369140625,60500,0.0,0.0
2014-11-25 00:00:00+09:00,1701.6972694625397,1701.6972694625397,1667.4461216726702,1674.1292724609375,60800,0.0,0.0
2014-11-26 00:00:00+09:00,1677.4704912339905,1677.4704912339905,1659.0918304734587,1663.268798828125,73600,0.0,0.0
2014-11-27 00:00:00+09:00,1668.281339538884,1679.9768521846247,1645.7257080078125,1645.7257080078125,63500,0.0,0.0
2014-11-28 00:00:00+09:00,1664.9397410641402,1695.8493097642775,1662.4335598181833,1695.013916015625,71900,0.0,0.0
2014-12-01 00:00:00+09:00,1695.0141301569524,1695.8495240111451,1666.6107391144012,1672.45849609375,45000,0.0,0.0
2014-12-02 00:00:00+09:00,1674.9645102159745,1690.0015980882376,1666.6105725091618,1688.330810546875,47900,0.0,0.0
2014-12-03 00:00:00+09:00,1695.8493199663885,1735.1128263892558,1693.3431387053545,1730.1004638671875,99900,0.0,0.0
2014-12-04 00:00:00+09:00,1752.656083764133,1765.1869899874227,1736.7836025479658,1740.9605712890625,86500,0.0,0.0
2014-12-05 00:00:00+09:00,1739.289638700236,1761.0098743420258,1717.5694030584464,1725.92333984375,104700,0.0,0.0
2014-12-08 00:00:00+09:00,1749.3144641529764,1750.149857879888,1726.758833526362,1738.454345703125,72300,0.0,0.0
2014-12-09 00:00:00+09:00,1729.2648816200758,1741.7957865593517,1722.5817323191286,1730.9356689453125,36800,0.0,0.0
2014-12-10 00:00:00+09:00,1731.7711391486448,1735.1127139468092,1691.6722415706733,1700.861572265625,55600,0.0,0.0
2014-12-11 00:00:00+09:00,1680.8121234766393,1712.5570840592002,1672.4581864812287,1700.861572265625,81700,0.0,0.0
2014-12-12 00:00:00+09:00,1679.1416469272915,1708.3804318240352,1671.6231022395573,1672.45849609375,90200,0.0,0.0
2014-12-15 00:00:00+09:00,1672.4582409274192,1700.8616276364762,1668.2812722937344,1683.318359375,56300,0.0,0.0
2014-12-16 00:00:00+09:00,1664.9395977783204,1683.3182586669923,1655.7502673339843,1670.787353515625,72000,0.0,0.0
2014-12-17 00:00:00+09:00,1674.1292190359195,1684.15394489841,1654.9151611328125,1654.9151611328125,90400,0.0,0.0
2014-12-18 00:00:00+09:00,1697.5202307905772,1715.0635008922516,1686.6601112038265,1693.34326171875,56500,0.0,0.0
2014-12-19 00:00:00+09:00,1726.7587890625,1736.783513527304,1717.5694583030963,1726.7587890625,50200,0.0,0.0
2014-12-22 00:00:00+09:00,1749.3144753196025,1749.3144753196025,1705.0386075106535,1718.4049072265625,43100,0.0,0.0
2014-12-24 00:00:00+09:00,1729.264925579692,1740.125043469806,1720.075595057288,1724.2525634765625,34600,0.0,0.0
2014-12-25 00:00:00+09:00,1714.2278718188966,1722.5818088160647,1701.6969663231444,1710.0509033203125,21400,0.0,0.0
2014-12-26 00:00:00+09:00,1723.4173472259004,1736.7836475436968,1715.0634095272774,1725.088134765625,37800,0.0,0.0
2014-12-29 00:00:00+09:00,1721.7464154746722,1725.9233839741255,1700.0261792775145,1719.240234375,34200,0.0,0.0
2014-12-30 00:00:00+09:00,1729.2650927829372,1732.606667841455,1712.5572174903484,1717.569580078125,22000,0.0,0.0
2015-01-05 00:00:00+09:00,1704.2034459114075,1734.2776243686676,1704.2034459114075,1710.8865966796875,24400,0.0,0.0
2015-01-06 00:00:00+09:00,1688.3305875221015,1690.8367685030844,1670.7873206552217,1675.7996826171875,52100,0.0,0.0
2015-01-07 00:00:00+09:00,1670.7874644886365,1696.6846701882102,1670.7874644886365,1690.8369140625,41300,0.0,0.0
2015-01-08 00:00:00+09:00,1700.0262892030983,1723.4173143125267,1700.0262892030983,1711.7218017578125,35300,0.0,0.0
2015-01-09 00:00:00+09:00,1720.9111882505458,1735.9482763032206,1708.3802815399836,1721.74658203125,62000,0.0,0.0
2015-01-13 00:00:00+09:00,1707.544865598517,1725.923528535487,1679.1414774231991,1725.088134765625,37700,0.0,0.0
2015-01-14 00:00:00+09:00,1725.088090603669,1740.1251780762432,1707.5448218856654,1713.392578125,53100,0.0,0.0
2015-01-15 00:00:00+09:00,1721.7463617790258,1754.3267150586871,1711.7216376929762,1745.9727783203125,58200,0.0,0.0
2015-01-16 00:00:00+09:00,1712.5571511008525,1783.5656183416195,1700.861638849432,1718.4049072265625,47200,0.0,0.0
2015-01-19 00:00:00+09:00,1718.4049182170047,1753.49145519567,1718.4049182170047,1735.11279296875,29100,0.0,0.0
2015-01-20 00:00:00+09:00,1750.9854047461856,1789.4135195450044,1720.9112279471099,1779.3887939453125,45600,0.0,0.0
2015-01-21 00:00:00+09:00,1820.3232034250227,1820.3232034250227,1769.3641784553456,1781.0596923828125,65800,0.0,0.0
2015-01-22 00:00:00+09:00,1788.5778914143268,1788.5778914143268,1764.3514743890978,1777.7177734375,32900,0.0,0.0
2015-01-23 00:00:00+09:00,1786.9070939982246,1798.6026055998962,1773.540795024886,1797.7672119140625,34800,0.0,0.0
2015-01-26 00:00:00+09:00,1777.7176751441636,1796.0963353195261,1770.1991323451516,1792.7547607421875,26800,0.0,0.0
2015-01-27 00:00:00+09:00,1804.450428554993,1816.1459405919236,1785.23637306575,1815.310546875,53600,0.0,0.0
2015-01-28 00:00:00+09:00,1815.3106473068626,1816.981434833146,1800.2735595703125,1800.2735595703125,41100,0.0,0.0
2015-01-29 00:00:00+09:00,1796.0966130624201,1804.4505507975941,1781.8949189126242,1796.9320068359375,59700,0.0,0.0
2015-01-30 00:00:00+09:00,1812.8045534071875,1831.1832170822834,1806.9567967832934,1823.6646728515625,87900,0.0,0.0
2015-02-02 00:00:00+09:00,1797.7672343605257,1816.1458956783379,1768.5284549912792,1803.614990234375,68800,0.0,0.0
2015-02-03 00:00:00+09:00,1766.0225313831031,1789.4135582888396,1725.0882342980644,1728.4298095703125,131300,0.0,0.0
2015-02-04 00:00:00+09:00,1729.265290038126,1767.693407594529,1728.4298961782042,1742.631591796875,62500,0.0,0.0
2015-02-05 00:00:00+09:00,1745.9727548724436,1752.6559041733908,1714.2277956929447,1730.9356689453125,46300,0.0,0.0
2015-02-06 00:00:00+09:00,1730.936147581647,1732.606935368888,1719.2406330709603,1723.4176025390625,53200,0.0,0.0
2015-02-09 00:00:00+09:00,1687.4953722777539,1713.3925784859769,1687.4953722777539,1695.013916015625,93200,0.0,0.0
2015-02-10 00:00:00+09:00,1706.7093949751422,1738.4543568004262,1705.0386075106535,1736.7835693359375,52100,0.0,0.0
2015-02-12 00:00:00+09:00,1754.3267822265625,1766.022294108073,1739.2896955217634,1754.3267822265625,54300,0.0,0.0
2015-02-13 00:00:00+09:00,1755.1623199709118,1766.0224390378428,1740.1252320320843,1760.1746826171875,37300,0.0,0.0
2015-02-16 00:00:00+09:00,1772.7056924711637,1774.3764801172251,1725.923638381444,1735.9483642578125,58700,0.0,0.0
2015-02-17 00:00:00+09:00,1737.6190076502899,1740.125188911324,1700.0262887347787,1730.1004638671875,67800,0.0,0.0
2015-02-18 00:00:00+09:00,1736.783491766762,1743.46664132623,1718.4048304782248,1739.2896728515625,58800,0.0,0.0
2015-02-19 00:00:00+09:00,1745.9729884527394,1763.5162577147048,1737.6190507089464,1760.1746826171875,40900,0.0,0.0
2015-02-20 00:00:00+09:00,1766.857765849439,1778.5532782474966,1755.9976471940995,1770.1993408203125,42100,0.0,0.0
2015-02-23 00:00:00+09:00,1775.211737112813,1779.3887059060196,1747.643743077649,1755.9976806640625,55300,0.0,0.0
2015-02-24 00:00:00+09:00,1744.3018798828125,1755.9973905716818,1732.606369193943,1744.3018798828125,81400,0.0,0.0
2015-02-25 00:00:00+09:00,1754.3267935132912,1763.5161243364562,1751.8206123797008,1761.8453369140625,47000,0.0,0.0
2015-02-26 00:00:00+09:00,1761.845503838388,1768.5286541611508,1750.1499907735526,1755.162353515625,56200,0.0,0.0
2015-02-27 00:00:00+09:00,1748.479292134292,1766.857956456774,1741.7961414715717,1750.9854736328125,63500,0.0,0.0
2015-03-02 00:00:00+09:00,1750.1501211609723,1775.2119367384562,1750.1501211609723,1771.870361328125,44200,0.0,0.0
2015-03-03 00:00:00+09:00,1779.3887496969764,1794.4258377225847,1765.1870554505686,1776.882568359375,43200,0.0,0.0
2015-03-04 00:00:00+09:00,1765.1872656388064,1781.0597493336181,1759.3395084880863,1772.705810546875,41700,0.0,0.0
2015-03-05 00:00:00+09:00,1774.376588473882,1774.376588473882,1760.1748926150985,1765.187255859375,31500,0.0,0.0
2015-03-06 00:00:00+09:00,1765.1869006931697,1771.0346566348887,1754.3267825156918,1763.51611328125,52700,0.0,0.0
2015-03-09 00:00:00+09:00,1763.5161909939443,1773.540915907221,1755.9976473089866,1761.010009765625,30600,0.0,0.0
2015-03-10 00:00:00+09:00,1773.5407591206201,1783.5654831476797,1754.3267047354225,1756.8328857421875,55300,0.0,0.0
2015-03-11 00:00:00+09:00,1757.6685791015625,1772.7056677060434,1755.1623976674823,1757.6685791015625,67200,0.0,0.0
2015-03-12 00:00:00+09:00,1769.3639910090321,1802.7797415474463,1766.857809718651,1781.8948974609375,59800,0.0,0.0
2015-03-13 00:00:00+09:00,1800.2734388808858,1853.7386361376732,1800.2734388808858,1846.2200927734375,141100,0.0,0.0
2015-03-16 00:00:00+09:00,1860.42213044441,1957.3278184244512,1856.2451611349254,1930.59521484375,207900,0.0,0.0
2015-03-17 00:00:00+09:00,1972.3645675645878,1982.3892921773684,1900.52070783966,1916.3931884765625,134600,0.0,0.0
2015-03-18 00:00:00+09:00,1937.2781431597448,1937.2781431597448,1901.3562112253467,1927.25341796875,63000,0.0,0.0
2015-03-19 00:00:00+09:00,1942.2908363097229,1964.8464718281584,1930.59532159646,1950.644775390625,86900,0.0,0.0
2015-03-20 00:00:00+09:00,1970.693486038259,2001.6030489816314,1952.3148269908484,1998.261474609375,117900,0.0,0.0
2015-03-23 00:00:00+09:00,1998.261964332806,2017.4760216821599,1974.0355441966642,1979.88330078125,75500,0.0,0.0
2015-03-24 00:00:00+09:00,1971.5288903144613,2000.7676662301417,1956.4918055578255,1996.5906982421875,63500,0.0,0.0
2015-03-25 00:00:00+09:00,2004.9444542479466,2037.5248016294759,1989.0719773184837,2034.1832275390625,98000,0.0,0.0
2015-03-26 00:00:00+09:00,2042.53805860227,2045.8796341582656,1986.566668039345,2010.7930908203125,94400,0.0,0.0
2015-03-27 00:00:00+09:00,1995.5980876034748,2046.2477852583852,1950.0133597140552,1969.4290771484375,141500,25.0,0.0
2015-03-30 00:00:00+09:00,2008.2602489419178,2008.2602489419178,1960.9872039899433,1971.9613037109375,39300,0.0,0.0
2015-03-31 00:00:00+09:00,2005.7281394151291,2014.1697561635092,1965.2083790229042,1978.7149658203125,52400,0.0,0.0
2015-04-01 00:00:00+09:00,1982.9354284818162,2014.1694050053698,1976.1821362605074,1989.688720703125,133600,0.0,0.0
2015-04-02 00:00:00+09:00,1963.5198107225797,1975.3380726959745,1936.5066404976776,1942.415771484375,120800,0.0,0.0
2015-04-03 00:00:00+09:00,1942.415644437948,1988.0003662109375,1938.1948368663748,1988.0003662109375,49900,0.0,0.0
2015-04-06 00:00:00+09:00,1980.40247657262,1980.40247657262,1953.3893140618254,1955.07763671875,40800,0.0,0.0
2015-04-07 00:00:00+09:00,1951.7014655904843,2003.195319137638,1951.7014655904843,1987.15625,51600,0.0,0.0
2015-04-08 00:00:00+09:00,1996.4419877039243,2004.8836028739197,1968.5846576429392,1971.9613037109375,78700,0.0,0.0
2015-04-09 00:00:00+09:00,1971.9610821759259,1975.3377278645833,1943.259593822338,1960.142822265625,99000,0.0,0.0
2015-04-10 00:00:00+09:00,1971.1172648483334,1971.1172648483334,1938.194963636734,1942.415771484375,114100,0.0,0.0
2015-04-13 00:00:00+09:00,1941.5715044996698,1941.5715044996698,1906.1167205044583,1917.0908203125,87100,0.0,0.0
2015-04-14 00:00:00+09:00,1917.090634493175,1955.9220608193248,1916.2464730513022,1936.50634765625,96200,0.0,0.0
2015-04-15 00:00:00+09:00,1941.5717461090487,1958.45497868391,1933.974291450361,1939.8834228515625,66900,0.0,0.0
2015-04-16 00:00:00+09:00,1933.1297744597523,1954.2338112988325,1918.7790294091776,1930.5972900390625,46700,0.0,0.0
2015-04-17 00:00:00+09:00,1922.1556353983033,1939.0388645190612,1908.6490521016967,1915.40234375,61500,0.0,0.0
2015-04-20 00:00:00+09:00,1915.4024165496692,1925.5323544071377,1896.830863810977,1909.4932861328125,52000,0.0,0.0
2015-04-21 00:00:00+09:00,1893.4543905748208,1928.9091763100605,1893.4543905748208,1922.1558837890625,34100,0.0,0.0
2015-04-22 00:00:00+09:00,1922.1561019810877,1939.8834968610186,1901.8962221183094,1933.974365234375,44400,0.0,0.0
2015-04-23 00:00:00+09:00,1931.4413698142625,1960.9870201392184,1927.2205626249831,1945.7921142578125,41600,0.0,0.0
2015-04-24 00:00:00+09:00,1947.4809518095606,1947.4809518095606,1930.5977185905786,1933.974365234375,27700,0.0,0.0
2015-04-27 00:00:00+09:00,1948.3246073133214,1964.3636747045489,1932.285539922094,1959.2987060546875,37400,0.0,0.0
2015-04-28 00:00:00+09:00,1959.299168667191,1972.805754922544,1933.1301577974439,1971.117431640625,95000,0.0,0.0
2015-04-30 00:00:00+09:00,1950.0127893850345,1954.2335962884652,1912.0255272541572,1932.285400390625,60900,0.0,0.0
2015-05-01 00:00:00+09:00,1912.025422448359,1922.1553584613305,1896.8305184289018,1913.7137451171875,33400,0.0,0.0
2015-05-07 00:00:00+09:00,1912.02602128589,1945.7924852379588,1912.02602128589,1923.0001220703125,35900,0.0,0.0
2015-05-08 00:00:00+09:00,1911.181509271978,1942.4154827008929,1901.0515719436812,1920.46728515625,36000,0.0,0.0
2015-05-11 00:00:00+09:00,1793.8431808990113,1850.402001190886,1793.8431808990113,1838.583740234375,145100,0.0,0.0
2015-05-12 00:00:00+09:00,1816.6355923996466,1830.9863382503872,1792.1549083013242,1821.7005615234375,143500,0.0,0.0
2015-05-13 00:00:00+09:00,1815.7914760626738,1835.2071915203408,1799.7524067715576,1820.8564453125,116300,0.0,0.0
2015-05-14 00:00:00+09:00,1820.856228930802,1836.0511348745918,1792.154739925866,1792.9989013671875,103200,0.0,0.0
2015-05-15 00:00:00+09:00,1810.726461755224,1855.4670223487096,1805.6614926314332,1821.7005615234375,84700,0.0,0.0
2015-05-18 00:00:00+09:00,1819.1681742799876,1852.9346369116347,1810.7265586220758,1833.5189208984375,57800,0.0,0.0
2015-05-19 00:00:00+09:00,1834.3631405061988,1872.3504121687754,1830.986494136192,1859.68798828125,105200,0.0,0.0
2015-05-20 00:00:00+09:00,1860.531929221748,1863.9085751912974,1836.8954074349017,1847.8695068359375,42700,0.0,0.0
2015-05-21 00:00:00+09:00,1836.0511387537454,1847.0252375141126,1821.7003942209574,1822.5445556640625,55400,0.0,0.0
2015-05-22 00:00:00+09:00,1823.3887519211066,1860.5318561269069,1823.3887519211066,1853.778564453125,50500,0.0,0.0
2015-05-25 00:00:00+09:00,1853.7787979741306,1871.5061908509324,1853.7787979741306,1863.0645751953125,41500,0.0,0.0
2015-05-26 00:00:00+09:00,1874.0382568359375,1889.2331616210938,1856.3108679199217,1857.155029296875,33300,0.0,0.0
2015-05-27 00:00:00+09:00,1857.1554268846503,1867.2853655767483,1837.739711058129,1858.84375,76200,0.0,0.0
2015-05-28 00:00:00+09:00,1863.0645333851287,1878.2594412242463,1857.999564105423,1870.6619873046875,45600,0.0,0.0
2015-05-29 00:00:00+09:00,1870.661871123976,1872.350194112355,1842.8045418157217,1854.622802734375,119600,0.0,0.0
2015-06-01 00:00:00+09:00,1812.4146947224936,1829.2979242960612,1795.5314651489257,1823.3887939453125,175000,0.0,0.0
2015-06-02 00:00:00+09:00,1829.2979038388764,1869.8176543623035,1829.2979038388764,1864.752685546875,68000,0.0,0.0
2015-06-03 00:00:00+09:00,1864.7526174860893,1885.0124920083465,1857.9993259786702,1877.4150390625,63000,0.0,0.0
2015-06-04 00:00:00+09:00,1885.0125691274577,1887.5450535463483,1868.9735011411515,1878.25927734375,90400,0.0,0.0
2015-06-05 00:00:00+09:00,1849.557902950633,1853.7787105794569,1830.142187858043,1841.96044921875,90800,0.0,0.0
2015-06-08 00:00:00+09:00,1858.8435469391245,1885.012552368331,1838.583671768126,1851.24609375,24200,0.0,0.0
2015-06-09 00:00:00+09:00,1841.116500490521,1861.3763794505269,1836.0515307505198,1840.2723388671875,42600,0.0,0.0
2015-06-10 00:00:00+09:00,1852.934406165957,1890.077510435343,1849.5577603232855,1883.32421875,93000,0.0,0.0
2015-06-11 00:00:00+09:00,1886.700818795132,1917.0906306414965,1864.7526213505355,1906.960693359375,120900,0.0,0.0
2015-06-12 00:00:00+09:00,1906.9607783151637,1934.818107082052,1895.9866791039653,1921.3115234375,122600,0.0,0.0
2015-06-15 00:00:00+09:00,1911.181554306151,1932.2855909040545,1893.454163563912,1919.6231689453125,80900,0.0,0.0
2015-06-16 00:00:00+09:00,1915.4025250500138,1927.220786553187,1904.4284250827814,1912.02587890625,56300,0.0,0.0
2015-06-17 00:00:00+09:00,1922.1558837890625,1937.350791961308,1912.0259450075655,1922.1558837890625,58300,0.0,0.0
2015-06-18 00:00:00+09:00,1938.1946613171094,1955.922051512083,1927.2205626249831,1945.7921142578125,89200,0.0,0.0
2015-06-19 00:00:00+09:00,1955.0778988464697,1981.24690353742,1944.1038001051036,1959.2987060546875,149800,0.0,0.0
2015-06-22 00:00:00+09:00,1969.4287601829594,2009.1043502938035,1951.7013688568377,1975.337890625,138900,0.0,0.0
2015-06-23 00:00:00+09:00,1976.1821500637213,1995.5978653355992,1957.6105963254038,1987.15625,83500,0.0,0.0
2015-06-24 00:00:00+09:00,1990.5327819051622,2005.7276886372629,1982.0911670539954,2000.6627197265625,88600,0.0,0.0
2015-06-25 00:00:00+09:00,1981.2470689397371,1985.4678765003246,1951.7014160156252,1951.701416015625,64400,0.0,0.0
2015-06-26 00:00:00+09:00,1972.8053946659481,2009.1043385986122,1948.3247115485701,2007.416015625,103000,0.0,0.0
2015-06-29 00:00:00+09:00,1973.6493553728449,1993.0650675942202,1955.9219659533285,1977.0260009765625,51700,0.0,0.0
2015-06-30 00:00:00+09:00,1993.0656459368445,1993.0656459368445,1953.3900485802026,1961.8316650390625,56000,0.0,0.0
2015-07-01 00:00:00+09:00,1966.8966700113897,1966.8966700113897,1928.9093952686803,1933.974365234375,77800,0.0,0.0
2015-07-02 00:00:00+09:00,1941.5714625308387,1945.7922700580798,1919.623263389186,1924.688232421875,74800,0.0,0.0
2015-07-03 00:00:00+09:00,1924.6883123578916,1928.909120060431,1901.051789223672,1902.7401123046875,57800,0.0,0.0
2015-07-06 00:00:00+09:00,1893.4545617886056,1902.7403398446354,1856.3114495644868,1862.2205810546875,77700,0.0,0.0
2015-07-07 00:00:00+09:00,1890.0776404672376,1912.8700014733186,1889.233478948494,1896.8309326171875,43900,0.0,0.0
2015-07-08 00:00:00+09:00,1885.8567475603954,1885.8567475603954,1830.14208984375,1830.14208984375,81700,0.0,0.0
2015-07-09 00:00:00+09:00,1830.1421330190292,1854.6228165326602,1764.2975359823668,1852.09033203125,101600,0.0,0.0
2015-07-10 00:00:00+09:00,1846.1811758814679,1858.8435982126166,1830.1421075953463,1834.3629150390625,77400,0.0,0.0
2015-07-13 00:00:00+09:00,1857.1552323237324,1888.3892066855408,1846.1811332236377,1864.752685546875,28300,0.0,0.0
2015-07-14 00:00:00+09:00,1890.0776129331898,1904.4283585427763,1877.4151903364957,1901.8958740234375,30000,0.0,0.0
2015-07-15 00:00:00+09:00,1924.688119766417,1955.9220936398192,1904.4282448215072,1915.40234375,60200,0.0,0.0
2015-07-16 00:00:00+09:00,1923.8440078708536,1923.8440078708536,1890.9217102372584,1921.3115234375,47400,0.0,0.0
2015-07-17 00:00:00+09:00,1923.8445692370287,1923.8445692370287,1895.9872323415386,1908.649658203125,33700,0.0,0.0
2015-07-21 00:00:00+09:00,1928.9091836339717,1928.9091836339717,1885.0127820808134,1906.1168212890625,52200,0.0,0.0
2015-07-22 00:00:00+09:00,1897.6753041007767,1918.7793444043884,1868.12964767572,1888.3895263671875,29300,0.0,0.0
2015-07-23 00:00:00+09:00,1878.2592499859927,1886.7008645926715,1860.5318593119675,1883.32421875,33200,0.0,0.0
2015-07-24 00:00:00+09:00,1866.4409315689752,1874.8825459134753,1852.0901871833248,1863.908447265625,28300,0.0,0.0
2015-07-27 00:00:00+09:00,1863.9083834548692,1863.9083834548692,1831.830250043961,1837.7393798828125,48900,0.0,0.0
2015-07-28 00:00:00+09:00,1819.168025805821,1852.0903241846734,1814.9472183213527,1838.583740234375,39600,0.0,0.0
2015-07-29 00:00:00+09:00,1838.5835548267523,1841.116039062051,1806.5054211796373,1835.2069091796875,46400,0.0,0.0
2015-07-30 00:00:00+09:00,1834.3629588518513,1852.9345120477742,1782.8691068086102,1803.97314453125,46200,0.0,0.0
2015-07-31 00:00:00+09:00,1772.7392322925741,1772.7392322925741,1688.32307837388,1695.9205322265625,264500,0.0,0.0
2015-08-03 00:00:00+09:00,1692.5438073460534,1717.86865234375,1675.660577347589,1717.86865234375,98300,0.0,0.0
2015-08-04 00:00:00+09:00,1691.699660185993,1694.2321447072295,1652.8682308603666,1662.9981689453125,117500,0.0,0.0
2015-08-05 00:00:00+09:00,1680.7255250834571,1727.1544069918398,1679.8813635942138,1706.89453125,99000,0.0,0.0
2015-08-06 00:00:00+09:00,1729.686913342675,1733.0635593423679,1701.8295838452088,1717.86865234375,79800,0.0,0.0
2015-08-07 00:00:00+09:00,1705.2063581678601,1708.583004421658,1690.0114500257703,1701.8297119140625,42400,0.0,0.0
2015-08-10 00:00:00+09:00,1707.7387122848909,1740.6610107421875,1691.6996438056954,1740.6610107421875,61000,0.0,0.0
2015-08-11 00:00:00+09:00,1731.3750322782078,1759.2323584923377,1726.3100638756384,1755.855712890625,82600,0.0,0.0
2015-08-12 00:00:00+09:00,1746.5702497209822,1765.1418038504464,1726.3103724888392,1743.193603515625,51500,0.0,0.0
2015-08-13 00:00:00+09:00,1741.504853113401,1771.0505001608897,1741.504853113401,1762.60888671875,64000,0.0,0.0
2015-08-14 00:00:00+09:00,1765.985993276922,1774.4276089235614,1754.1677313716273,1767.67431640625,45100,0.0,0.0
2015-08-17 00:00:00+09:00,1768.5184674115758,1782.8692139251782,1753.32355933835,1776.9600830078125,52400,0.0,0.0
2015-08-18 00:00:00+09:00,1782.024857087569,1792.998956160112,1764.2974662780762,1782.8690185546875,55500,0.0,0.0
2015-08-19 00:00:00+09:00,1772.739123746839,1772.739123746839,1743.1934716843916,1752.479248046875,23800,0.0,0.0
2015-08-20 00:00:00+09:00,1747.4141165952988,1758.388214912081,1726.3100813707179,1737.2841796875,50600,0.0,0.0
2015-08-21 00:00:00+09:00,1705.2062161701117,1753.3234212798623,1705.2062161701117,1720.401123046875,81800,0.0,0.0
2015-08-24 00:00:00+09:00,1677.3488254646563,1684.1021171625514,1619.1016845703125,1619.1016845703125,90700,0.0,0.0
2015-08-25 00:00:00+09:00,1494.1660726950738,1616.569508028851,1494.1660726950738,1520.3350830078125,106800,0.0,0.0
2015-08-26 00:00:00+09:00,1554.9453442100646,1570.1402498538112,1511.0489501281302,1533.84130859375,151700,0.0,0.0
2015-08-27 00:00:00+09:00,1557.47802734375,1581.1145502519478,1547.3480889545224,1557.47802734375,102300,0.0,0.0
2015-08-28 00:00:00+09:00,1591.2445172581627,1599.6861327343333,1574.3612863058213,1581.958740234375,78400,0.0,0.0
2015-08-31 00:00:00+09:00,1600.5301513671875,1603.9067972561477,1577.7377916167054,1600.5301513671875,42600,0.0,0.0
2015-09-01 00:00:00+09:00,1576.0496818666154,1576.0496818666154,1508.5167549521382,1510.205078125,87200,0.0,0.0
2015-09-02 00:00:00+09:00,1462.932038145038,1488.2568858913455,1452.8020990465147,1464.620361328125,114100,0.0,0.0
2015-09-03 00:00:00+09:00,1489.1008753611563,1510.2049127103792,1483.191744903374,1488.2567138671875,45800,0.0,0.0
2015-09-04 00:00:00+09:00,1489.1009622380675,1502.6075469295693,1435.9187850152794,1450.26953125,77100,0.0,0.0
2015-09-07 00:00:00+09:00,1448.5812014248704,1483.1918245358377,1440.1395860319517,1466.30859375,49500,0.0,0.0
2015-09-08 00:00:00+09:00,1457.866854065874,1467.9967916737432,1435.0744944481676,1436.7628173828125,50500,0.0,0.0
2015-09-09 00:00:00+09:00,1478.1269250564706,1497.5426413764585,1467.9969861069117,1483.19189453125,107900,0.0,0.0
2015-09-10 00:00:00+09:00,1476.4385807236772,1517.8024975078167,1475.5944191566539,1501.763427734375,110500,0.0,0.0
2015-09-11 00:00:00+09:00,1501.763445045916,1519.4908381577563,1488.256859817847,1505.9842529296875,104900,0.0,0.0
2015-09-14 00:00:00+09:00,1519.490614239879,1532.1530360252113,1508.5165153592577,1516.9581298828125,76100,0.0,0.0
2015-09-15 00:00:00+09:00,1524.5558142089844,1532.1532684326173,1510.2050673421224,1519.4908447265625,56800,0.0,0.0
2015-09-16 00:00:00+09:00,1527.9324009254608,1529.620724020406,1506.828362238645,1522.867431640625,56600,0.0,0.0
2015-09-17 00:00:00+09:00,1522.8674105117602,1527.9323797263226,1505.984179796552,1511.893310546875,82000,0.0,0.0
2015-09-18 00:00:00+09:00,1505.1398019627907,1505.1398019627907,1459.555085582538,1484.0357666015625,103400,0.0,0.0
2015-09-24 00:00:00+09:00,1450.2693689682906,1470.529243738511,1430.853655646829,1435.074462890625,129200,0.0,0.0
2015-09-25 00:00:00+09:00,1440.1395794775058,1482.34765625,1440.1395794775058,1482.34765625,71800,0.0,0.0
2015-09-28 00:00:00+09:00,1503.756568852877,1534.5852912211592,1492.6239746643307,1521.739990234375,93000,25.0,0.0
2015-09-29 00:00:00+09:00,1504.6129016333164,1504.6129016333164,1473.7841796875,1473.7841796875,67400,0.0,0.0
2015-09-30 00:00:00+09:00,1493.4800254093732,1532.0159205604177,1493.4800254093732,1516.6015625,70300,0.0,0.0
2015-10-01 00:00:00+09:00,1527.734240394186,1576.5463769987086,1508.038115097624,1559.4193115234375,50100,0.0,0.0
2015-10-02 00:00:00+09:00,1549.999695497896,1574.8339447627793,1519.1709722725234,1551.71240234375,68700,0.0,0.0
2015-10-05 00:00:00+09:00,1563.7012256183455,1570.5520524556657,1538.0106249783946,1548.286865234375,64800,0.0,0.0
2015-10-06 00:00:00+09:00,1575.6903428234502,1603.0936531334232,1563.701394562837,1588.53564453125,46900,0.0,0.0
2015-10-07 00:00:00+09:00,1601.380803782469,1614.2261043475692,1577.4029093942825,1613.3697509765625,47400,0.0,0.0
2015-10-08 00:00:00+09:00,1606.5188393253852,1633.0657924272439,1602.237072696053,1626.2149658203125,91400,0.0,0.0
2015-10-09 00:00:00+09:00,1631.3531011537063,1661.32546784157,1631.3531011537063,1657.043701171875,50300,0.0,0.0
2015-10-13 00:00:00+09:00,1642.485607017572,1669.8889122441426,1642.485607017572,1663.0380859375,62900,0.0,0.0
2015-10-14 00:00:00+09:00,1659.6129136504655,1665.60738753878,1637.3477249224406,1656.1875,57900,0.0,0.0
2015-10-15 00:00:00+09:00,1647.6239617037104,1666.4637367335865,1600.5245241290202,1645.9112548828125,176700,0.0,0.0
2015-10-16 00:00:00+09:00,1645.9112272417558,1661.325588370971,1579.9720157445574,1580.828369140625,104200,0.0,0.0
2015-10-19 00:00:00+09:00,1587.6790435080536,1596.2425766445588,1573.9773904896454,1581.6845703125,68400,0.0,0.0
2015-10-20 00:00:00+09:00,1585.110052113878,1605.6625325302655,1573.1211052043188,1597.0989990234375,33600,0.0,0.0
2015-10-21 00:00:00+09:00,1589.3916903409092,1640.77288722693,1589.3916903409092,1639.0601806640625,47200,0.0,0.0
2015-10-22 00:00:00+09:00,1615.0823777227238,1649.3365108663659,1594.5298978365386,1636.4912109375,45500,0.0,0.0
2015-10-23 00:00:00+09:00,1640.773190800249,1667.32014743637,1630.4969495217506,1633.92236328125,98900,0.0,0.0
2015-10-26 00:00:00+09:00,1661.325400182197,1677.5961128643937,1632.2093880140553,1645.0546875,63800,0.0,0.0
2015-10-27 00:00:00+09:00,1642.48573657834,1646.7675033577414,1610.8006624107704,1617.6514892578125,29600,0.0,0.0
2015-10-28 00:00:00+09:00,1633.0658785097157,1633.0658785097157,1603.9498638954892,1613.3697509765625,39400,0.0,0.0
2015-10-29 00:00:00+09:00,1627.9276423725328,1639.0602354029604,1597.9552765213816,1627.0712890625,167500,0.0,0.0
2015-10-30 00:00:00+09:00,1639.0604303705877,1674.1709202583588,1639.0604303705877,1652.7620849609375,54300,0.0,0.0
2015-11-02 00:00:00+09:00,1633.0658061394477,1660.4691127972676,1622.7895661427654,1653.6182861328125,57300,0.0,0.0
2015-11-04 00:00:00+09:00,1695.5796532760576,1720.41390072303,1668.1763457483637,1700.7177734375,75400,0.0,0.0
2015-11-05 00:00:00+09:00,1700.7179231079288,1718.7013452555957,1682.7345009602618,1693.0107421875,52300,0.0,0.0
2015-11-06 00:00:00+09:00,1727.2646605549933,1763.2315002889097,1693.0105274750726,1751.2425537109375,338000,0.0,0.0
2015-11-09 00:00:00+09:00,1738.3972836847174,1738.3972836847174,1679.3089031062714,1687.8724365234375,273400,0.0,0.0
2015-11-10 00:00:00+09:00,1676.7399790794555,1676.7399790794555,1648.4803165107005,1649.336669921875,138100,0.0,0.0
2015-11-11 00:00:00+09:00,1648.480139663539,1669.0326193268766,1645.0547263863161,1661.325439453125,98200,0.0,0.0
2015-11-12 00:00:00+09:00,1661.3255916790229,1669.8891256567497,1650.1929975079777,1660.46923828125,69900,0.0,0.0
2015-11-13 00:00:00+09:00,1652.7617807960905,1660.4689600847769,1637.3474222187176,1654.4744873046875,93100,0.0,0.0
2015-11-16 00:00:00+09:00,1635.634743453433,1652.7618088299087,1632.2093303781378,1650.1927490234375,71600,0.0,0.0
2015-11-17 00:00:00+09:00,1661.325658643252,1684.447201315091,1656.1875380495098,1675.8836669921875,111800,0.0,0.0
2015-11-18 00:00:00+09:00,1699.861456295778,1726.4084110288607,1697.2923961603183,1713.5631103515625,173900,0.0,0.0
2015-11-19 00:00:00+09:00,1722.9827301358089,1736.6843820653185,1718.7009639078374,1728.120849609375,179900,0.0,0.0
2015-11-20 00:00:00+09:00,1728.121095319648,1734.1155688911235,1721.2702683808188,1731.5465087890625,124200,0.0,0.0
2015-11-24 00:00:00+09:00,1731.54642028959,1741.8226601726144,1721.2701804065657,1737.5408935546875,114800,0.0,0.0
2015-11-25 00:00:00+09:00,1737.5408935546875,1747.8171334377118,1729.8337136424193,1737.5408935546875,150500,0.0,0.0
2015-11-26 00:00:00+09:00,1738.3972803501813,1746.104460410847,1733.2591603097374,1743.535400390625,103000,0.0,0.0
2015-11-27 00:00:00+09:00,1735.8284807860398,1797.4859305228897,1735.8284807860398,1794.9168701171875,146400,0.0,0.0
2015-11-30 00:00:00+09:00,1794.916772824976,1798.3421865135733,1766.6571098940485,1780.3587646484375,139400,0.0,0.0
2015-12-01 00:00:00+09:00,1788.9221809638966,1809.4746617408873,1782.927707403941,1790.6348876953125,48900,0.0,0.0
2015-12-02 00:00:00+09:00,1783.7840591964393,1790.634886116061,1766.6569918973858,1787.20947265625,79300,0.0,0.0
2015-12-03 00:00:00+09:00,1787.209548742349,1825.745451805792,1780.3587215310702,1823.1763916015625,124800,0.0,0.0
2015-12-04 00:00:00+09:00,1807.7617604506831,1832.5960053834494,1792.347401526897,1827.4578857421875,129300,0.0,0.0
2015-12-07 00:00:00+09:00,1827.4579309663318,1833.4524040294828,1792.3474458821615,1798.3419189453125,97700,0.0,0.0
2015-12-08 00:00:00+09:00,1799.19834280059,1822.3198826652333,1794.9165761589893,1817.1817626953125,126600,0.0,0.0
2015-12-09 00:00:00+09:00,1802.623731496835,1814.612677929593,1760.6624189821819,1769.2259521484375,165900,0.0,0.0
2015-12-10 00:00:00+09:00,1755.5244442077308,1776.0769255057726,1738.3973764593627,1754.6680908203125,136700,0.0,0.0
2015-12-11 00:00:00+09:00,1753.8116898703793,1788.06582443816,1753.8116898703793,1783.7840576171875,101400,0.0,0.0
2015-12-14 00:00:00+09:00,1739.2537800078937,1740.966486832126,1716.988591292874,1728.9775390625,178500,0.0,0.0
2015-12-15 00:00:00+09:00,1728.977474229736,1739.2537147897935,1715.2758201496586,1720.4139404296875,114600,0.0,0.0
2015-12-16 00:00:00+09:00,1734.1158547759344,1768.3699951171875,1732.4031477588717,1768.3699951171875,111800,0.0,0.0
2015-12-17 00:00:00+09:00,1797.4856327168764,1822.3198791908112,1797.4856327168764,1810.3309326171875,125600,0.0,0.0
2015-12-18 00:00:00+09:00,1810.3309360687515,1838.5905959033157,1805.1928160988307,1817.1817626953125,221500,0.0,0.0
2015-12-21 00:00:00+09:00,1827.4582028666503,1827.4582028666503,1758.9499290947047,1780.3587646484375,194000,0.0,0.0
2015-12-22 00:00:00+09:00,1780.3586280587485,1780.3586280587485,1746.9608471572137,1749.5299072265625,132100,0.0,0.0
2015-12-24 00:00:00+09:00,1764.088028959262,1776.933330141004,1728.9775390625,1728.9775390625,33800,0.0,0.0
2015-12-25 00:00:00+09:00,1728.9775390625,1728.9775390625,1728.9775390625,1728.9775390625,0,0.0,0.0
2015-12-28 00:00:00+09:00,1735.8281450994575,1779.5021635504058,1735.8281450994575,1773.5076904296875,43300,0.0,0.0
2015-12-29 00:00:00+09:00,1757.2368963068182,1793.2037333657297,1742.678890830592,1789.7783203125,87900,0.0,0.0
2015-12-30 00:00:00+09:00,1803.4802863394286,1817.1819409364991,1793.2040453916256,1805.1929931640625,38800,0.0,0.0
2016-01-04 00:00:00+09:00,1801.7676333667905,1802.6239868047026,1781.2151508569032,1786.353271484375,118000,0.0,0.0
2016-01-05 00:00:00+09:00,1782.0712234592852,1794.060169700722,1770.9386305208081,1773.5076904296875,171800,0.0,0.0
2016-01-06 00:00:00+09:00,1773.5076893931264,1781.2148691152597,1704.9994251963856,1714.4193115234375,124000,0.0,0.0
2016-01-07 00:00:00+09:00,1712.70667486225,1714.4193815371125,1668.1763013158316,1670.745361328125,73600,0.0,0.0
2016-01-08 00:00:00+09:00,1646.7676941014188,1672.458297753547,1627.0715646347871,1629.640625,108300,0.0,0.0
2016-01-12 00:00:00+09:00,1609.9444807109167,1627.9279031018364,1588.53564453125,1588.53564453125,94200,0.0,0.0
2016-01-13 00:00:00+09:00,1611.6572024435102,1639.9168664608512,1611.6572024435102,1629.640625,80700,0.0,0.0
2016-01-14 00:00:00+09:00,1589.3919348296376,1594.5300553086126,1561.1322721952745,1583.3974609375,87900,0.0,0.0
2016-01-15 00:00:00+09:00,1617.6512496284818,1617.6512496284818,1567.9827623450237,1575.68994140625,73100,0.0,0.0
2016-01-18 00:00:00+09:00,1544.0050701261289,1565.413903599869,1534.5851833976833,1552.568603515625,99700,0.0,0.0
2016-01-19 00:00:00+09:00,1544.8613865123575,1563.7011595186057,1528.5906734615066,1539.7232666015625,91500,0.0,0.0
2016-01-20 00:00:00+09:00,1523.452857037256,1536.298159373152,1447.2373965109402,1448.09375,199900,0.0,0.0
2016-01-21 00:00:00+09:00,1438.673457140363,1455.80052210632,1378.7287297595146,1379.5850830078125,192700,0.0,0.0
2016-01-22 00:00:00+09:00,1421.5464506114945,1433.5353965805073,1399.2812652404712,1426.6845703125,212200,0.0,0.0
2016-01-25 00:00:00+09:00,1454.944153872607,1468.6458057042503,1442.9552085199193,1456.6568603515625,147400,0.0,0.0
2016-01-26 00:00:00+09:00,1437.8171668195098,1451.518819391941,1359.8890178138067,1433.535400390625,134900,0.0,0.0
2016-01-27 00:00:00+09:00,1462.6513671875,1477.2093725986167,1452.3751280737704,1462.6513671875,97800,0.0,0.0
2016-01-28 00:00:00+09:00,1465.220529704856,1496.905602527229,1460.9387631072382,1484.060302734375,183100,0.0,0.0
2016-01-29 00:00:00+09:00,1498.6181447628458,1523.4523883046302,1476.3529608977979,1516.6015625,176700,0.0,0.0
2016-02-01 00:00:00+09:00,1558.563249376085,1621.9334034715962,1552.5687753400232,1603.0936279296875,199200,0.0,0.0
2016-02-02 00:00:00+09:00,1628.7840609405678,1651.0492478934882,1627.9277075962245,1635.6348876953125,146300,0.0,0.0
2016-02-03 00:00:00+09:00,1604.8061657961248,1604.8061657961248,1554.2813185271966,1569.6956787109375,104700,0.0,0.0
2016-02-04 00:00:00+09:00,1568.839177333571,1601.3806013175642,1561.1319979689408,1577.4027099609375,151300,0.0,0.0
2016-02-05 00:00:00+09:00,1567.12646484375,1575.6899974385246,1549.1430463947233,1567.12646484375,55900,0.0,0.0
2016-02-08 00:00:00+09:00,1566.2703140583444,1618.5078696392952,1534.5852393617022,1609.9443359375,126700,0.0,0.0
2016-02-09 00:00:00+09:00,1535.4414911087774,1549.1431441248067,1515.7453648982353,1522.59619140625,77700,0.0,0.0
2016-02-10 00:00:00+09:00,1526.02164980132,1556.8503699993266,1475.4968028101428,1490.0548095703125,73300,0.0,0.0
2016-02-12 00:00:00+09:00,1442.9554905488008,1452.3753780241937,1400.9941736129604,1406.9886474609375,92900,0.0,0.0
2016-02-15 00:00:00+09:00,1457.513270906001,1513.1762336609304,1436.9607923503347,1503.75634765625,102400,0.0,0.0
2016-02-16 00:00:00+09:00,1489.1983773145691,1564.5574671384231,1486.6293174342104,1513.17626953125,226500,0.0,0.0
2016-02-17 00:00:00+09:00,1513.1764489891996,1546.5742313947335,1487.4858471387886,1504.6129150390625,93100,0.0,0.0
2016-02-18 00:00:00+09:00,1567.1268262095593,1583.3975418915163,1546.5743432428765,1553.4251708984375,144500,0.0,0.0
2016-02-19 00:00:00+09:00,1534.5852288732394,1543.1487625165053,1511.4636880364217,1520.0272216796875,64800,0.0,0.0
2016-02-22 00:00:00+09:00,1513.1764562431854,1548.2869456070625,1508.038335848472,1521.739990234375,98600,0.0,0.0
2016-02-23 00:00:00+09:00,1518.3145342954654,1537.1543085506828,1492.623933038351,1495.1929931640625,80600,0.0,0.0
2016-02-24 00:00:00+09:00,1477.209716796875,1482.347837550951,1459.2262941576087,1477.209716796875,105200,0.0,0.0
2016-02-25 00:00:00+09:00,1478.922219492478,1518.314473167437,1478.0658661517182,1496.9056396484375,69000,0.0,0.0
2016-02-26 00:00:00+09:00,1532.8723876534837,1542.2922738345944,1478.0657771452027,1499.474609375,88300,0.0,0.0
2016-02-29 00:00:00+09:00,1524.309057788314,1527.7344714013216,1466.0770263671875,1466.0770263671875,86800,0.0,0.0
2016-03-01 00:00:00+09:00,1473.7840257140615,1484.060265289058,1458.369666351567,1471.2149658203125,90600,0.0,0.0
2016-03-02 00:00:00+09:00,1505.4692413226394,1523.4526622940703,1495.193000767536,1512.320068359375,83200,0.0,0.0
2016-03-03 00:00:00+09:00,1501.1875014590078,1515.7455091742406,1490.9112607188433,1504.6129150390625,60700,0.0,0.0
2016-03-04 00:00:00+09:00,1499.4748004325957,1541.4361169495558,1496.9057402376798,1518.3145751953125,133700,0.0,0.0
2016-03-07 00:00:00+09:00,1518.3144513998684,1526.8779846846955,1504.6127981441448,1514.8890380859375,54000,0.0,0.0
2016-03-08 00:00:00+09:00,1505.4690766907615,1513.1762562642639,1470.3585919670295,1489.1983642578125,55000,0.0,0.0
2016-03-09 00:00:00+09:00,1478.0658170191073,1482.3475835805764,1445.5243911519428,1460.0823974609375,48400,0.0,0.0
2016-03-10 00:00:00+09:00,1469.502299773837,1513.1763191727096,1469.502299773837,1490.9111328125,59900,0.0,0.0
2016-03-11 00:00:00+09:00,1469.5023294383082,1499.4746962974812,1455.800676016972,1490.0548095703125,81100,0.0,0.0
2016-03-14 00:00:00+09:00,1498.6183429586476,1519.170823090652,1481.4912761819774,1490.0548095703125,72200,0.0,0.0
2016-03-15 00:00:00+09:00,1482.3475322712343,1510.6071905987621,1474.640352727363,1478.922119140625,76200,0.0,0.0
2016-03-16 00:00:00+09:00,1476.353242820091,1496.049370769547,1472.927829263664,1480.635009765625,80100,0.0,0.0
2016-03-17 00:00:00+09:00,1496.9056396484375,1520.883533189717,1477.2095128109581,1496.9056396484375,111100,0.0,0.0
2016-03-18 00:00:00+09:00,1496.9056095670742,1509.7509094203385,1475.4967764783003,1497.761962890625,97700,0.0,0.0
2016-03-22 00:00:00+09:00,1518.3145243044096,1546.5741855012768,1498.6183968035627,1540.5797119140625,80400,0.0,0.0
2016-03-23 00:00:00+09:00,1541.435775584615,1555.9937801318029,1513.1761196988969,1517.4578857421875,43100,0.0,0.0
2016-03-24 00:00:00+09:00,1511.4635172197895,1518.3143433601626,1483.203859390751,1486.6292724609375,40800,0.0,0.0
2016-03-25 00:00:00+09:00,1488.3420728478604,1496.0492527417791,1472.0713597384765,1490.9111328125,60000,0.0,0.0
2016-03-28 00:00:00+09:00,1500.3311495155451,1514.8891572448626,1485.7731417862276,1508.038330078125,58800,0.0,0.0
2016-03-29 00:00:00+09:00,1516.725196695733,1541.9170814060287,1512.381768297406,1533.230224609375,105000,25.0,0.0
2016-03-30 00:00:00+09:00,1537.573563686637,1537.573563686637,1492.4019109681597,1494.1392822265625,61800,0.0,0.0
2016-03-31 00:00:00+09:00,1501.9573386379884,1502.8260242011104,1461.997802734375,1461.997802734375,79200,0.0,0.0
2016-04-01 00:00:00+09:00,1461.1288503011067,1462.866221110026,1414.2198384602864,1417.694580078125,116100,0.0,0.0
2016-04-04 00:00:00+09:00,1417.6949573863635,1442.8868408203125,1407.2707297585227,1423.7757568359375,65800,0.0,0.0
2016-04-05 00:00:00+09:00,1416.8263058153868,1422.907105411161,1375.1293943015066,1384.6849365234375,62600,0.0,0.0
2016-04-06 00:00:00+09:00,1384.6849703204014,1407.2707979416878,1366.4425710878238,1374.2607421875,63800,0.0,0.0
2016-04-07 00:00:00+09:00,1369.9171692984446,1383.8161386762347,1347.3313440595355,1362.0989990234375,71700,0.0,0.0
2016-04-08 00:00:00+09:00,1344.7251983877932,1373.3918208340447,1337.775714158399,1351.6746826171875,113700,0.0,0.0
2016-04-11 00:00:00+09:00,1350.8059397689415,1355.1493672280055,1320.4019475554926,1340.3817138671875,76000,0.0,0.0
2016-04-12 00:00:00+09:00,1340.3817259167088,1363.836234406502,1329.088814421623,1346.4625244140625,154900,0.0,0.0
2016-04-13 00:00:00+09:00,1385.55336454365,1457.6542606296205,1385.55336454365,1439.411865234375,120500,0.0,0.0
2016-04-14 00:00:00+09:00,1467.2098439387757,1506.3006923563275,1463.7351018572158,1505.4320068359375,86800,0.0,0.0
2016-04-15 00:00:00+09:00,1519.3312552013795,1527.1494263259149,1484.5838279812222,1504.5635986328125,102700,0.0,0.0
2016-04-18 00:00:00+09:00,1505.4321954061818,1514.9877373273982,1468.0787133505178,1494.1392822265625,124300,0.0,0.0
2016-04-19 00:00:00+09:00,1528.886630473164,1541.0482286701094,1516.7250322762184,1537.573486328125,59600,0.0,0.0
2016-04-20 00:00:00+09:00,1553.2099834313553,1572.3210682386764,1537.5736413162747,1546.260498046875,74700,0.0,0.0
2016-04-21 00:00:00+09:00,1577.533136788349,1577.533136788349,1547.997824755968,1560.159423828125,53000,0.0,0.0
2016-04-22 00:00:00+09:00,1560.159412572465,1582.7452392578125,1552.341241796768,1582.7452392578125,54600,0.0,0.0
2016-04-25 00:00:00+09:00,1573.189675119829,1586.2199595631184,1548.866477492355,1580.13916015625,48900,0.0,0.0
2016-04-26 00:00:00+09:00,1586.2198036948403,1596.6440302251458,1561.8966084574604,1581.0076904296875,52300,0.0,0.0
2016-04-27 00:00:00+09:00,1572.3208137361958,1601.8561218395275,1571.4521282037447,1587.9571533203125,65500,0.0,0.0
2016-04-28 00:00:00+09:00,1607.0686447306155,1627.0484170705097,1534.0990414023065,1548.86669921875,60500,0.0,0.0
2016-05-02 00:00:00+09:00,1501.0888235294117,1513.2504227941176,1468.0787683823528,1476.765625,69500,0.0,0.0
2016-05-06 00:00:00+09:00,1475.028363161671,1504.5636778539542,1467.2101916254785,1489.7960205078125,43500,0.0,0.0
2016-05-09 00:00:00+09:00,1497.6141127008032,1522.805997427209,1497.6141127008032,1514.119140625,46800,0.0,0.0
2016-05-10 00:00:00+09:00,1506.3004863047408,1541.0479023671342,1495.876261486023,1523.6741943359375,38400,0.0,0.0
2016-05-11 00:00:00+09:00,1539.3108343936858,1554.9471746979107,1513.2502672199778,1525.411865234375,36500,0.0,0.0
2016-05-12 00:00:00+09:00,1513.2502458014455,1543.6542404071004,1507.1694468803146,1532.361328125,32700,0.0,0.0
2016-05-13 00:00:00+09:00,1607.0683037563836,1624.4420151483446,1594.906705782011,1605.3309326171875,126600,0.0,0.0
2016-05-16 00:00:00+09:00,1624.4419706852066,1635.734882780879,1594.9066621272937,1609.67431640625,52100,0.0,0.0
2016-05-17 00:00:00+09:00,1617.4926865597988,1641.815884853931,1607.0684587194564,1633.1290283203125,57000,0.0,0.0
2016-05-18 00:00:00+09:00,1614.0177666236614,1617.4925088553591,1582.7450865383805,1612.2803955078125,60700,0.0,0.0
2016-05-19 00:00:00+09:00,1604.4624925260346,1626.17963508865,1567.109007318336,1586.2200927734375,71700,0.0,0.0
2016-05-20 00:00:00+09:00,1576.6643404189854,1594.0380521591396,1560.1593142658392,1585.3511962890625,48400,0.0,0.0
2016-05-23 00:00:00+09:00,1567.9775394633878,1590.5633655166,1545.3917134101755,1587.088623046875,38500,0.0,0.0
2016-05-24 00:00:00+09:00,1589.6946575767115,1594.0380856028776,1554.0785477621514,1584.4825439453125,68700,0.0,0.0
2016-05-25 00:00:00+09:00,1595.7756355009883,1606.1998639310436,1580.139292855905,1586.2200927734375,78000,0.0,0.0
2016-05-26 00:00:00+09:00,1587.9573862667166,1604.4624138044999,1585.3513292870668,1591.43212890625,51900,0.0,0.0
2016-05-27 00:00:00+09:00,1591.4319736045757,1598.381458205469,1584.4824890036825,1592.3006591796875,21100,0.0,0.0
2016-05-30 00:00:00+09:00,1594.0379638671875,1600.1187626394328,1587.0884795560498,1594.0379638671875,24000,0.0,0.0
2016-05-31 00:00:00+09:00,1587.9574613030582,1624.4422607421875,1587.9574613030582,1624.4422607421875,31200,0.0,0.0
2016-06-01 00:00:00+09:00,1589.694548852368,1620.9672285019226,1587.0884922149048,1609.67431640625,51600,0.0,0.0
2016-06-02 00:00:00+09:00,1587.9573645644834,1594.9068497485732,1548.8665104039792,1560.159423828125,105300,0.0,0.0
2016-06-03 00:00:00+09:00,1574.9268387504246,1627.9166551672895,1574.9268387504246,1598.38134765625,150200,0.0,0.0
2016-06-06 00:00:00+09:00,1568.8460832393137,1598.3813915616483,1547.1289447670085,1594.0379638671875,63500,0.0,0.0
2016-06-07 00:00:00+09:00,1593.1693893855781,1611.4117869739625,1587.0885901894499,1597.5128173828125,36700,0.0,0.0
2016-06-08 00:00:00+09:00,1593.1692910356517,1614.0177441353549,1583.613750031621,1609.67431640625,44300,0.0,0.0
2016-06-09 00:00:00+09:00,1596.6441648386187,1602.7249641606372,1581.0078237248563,1587.088623046875,43800,0.0,0.0
2016-06-10 00:00:00+09:00,1587.0884677878616,1593.169266515018,1570.5834426712938,1587.9571533203125,88600,0.0,0.0
2016-06-13 00:00:00+09:00,1555.8158595568812,1555.8158595568812,1513.2502665260117,1515.8563232421875,63800,0.0,0.0
2016-06-14 00:00:00+09:00,1515.8564228841335,1520.1998510299334,1476.7655695719352,1484.583740234375,69700,0.0,0.0
2016-06-15 00:00:00+09:00,1496.7454044891947,1537.5736308449648,1488.9272334848981,1530.6241455078125,83800,0.0,0.0
2016-06-16 00:00:00+09:00,1511.5130983707224,1520.1999552579105,1450.7051001604061,1453.3111572265625,72200,0.0,0.0
2016-06-17 00:00:00+09:00,1488.058369628036,1511.5128798323308,1460.260431608131,1461.997802734375,54400,0.0,0.0
2016-06-20 00:00:00+09:00,1505.432139849511,1517.5937382095185,1483.714999920926,1501.9573974609375,59100,0.0,0.0
2016-06-21 00:00:00+09:00,1497.6138371524273,1520.1996606825683,1484.5835543465766,1505.4320068359375,50100,0.0,0.0
2016-06-22 00:00:00+09:00,1496.745167038969,1496.745167038969,1445.4927208083832,1450.704833984375,68400,0.0,0.0
2016-06-23 00:00:00+09:00,1461.9979029987824,1490.664528547778,1440.2807624313614,1488.0584716796875,42300,0.0,0.0
2016-06-24 00:00:00+09:00,1477.6341701827887,1498.4826240830748,1353.4121323602496,1365.57373046875,86400,0.0,0.0
2016-06-27 00:00:00+09:00,1393.3716708649727,1409.0080113110882,1382.0787583205558,1394.2403564453125,70600,0.0,0.0
2016-06-28 00:00:00+09:00,1356.0181377273805,1415.0887548737367,1354.2807666348406,1402.0584716796875,68200,0.0,0.0
2016-06-29 00:00:00+09:00,1410.7455379152761,1441.1495365772432,1394.2405100702083,1431.593994140625,52700,0.0,0.0
2016-06-30 00:00:00+09:00,1431.5938934155258,1437.674692720082,1390.7656695135054,1395.977783203125,89800,0.0,0.0
2016-07-01 00:00:00+09:00,1415.0888027044443,1459.3917670616736,1398.5837767674373,1445.4927978515625,108000,0.0,0.0
2016-07-04 00:00:00+09:00,1428.1192177681778,1459.3919013689408,1417.6949899012568,1451.57373046875,35700,0.0,0.0
2016-07-05 00:00:00+09:00,1455.048305752041,1455.916991307714,1434.1998524158923,1446.3614501953125,24300,0.0,0.0
2016-07-06 00:00:00+09:00,1419.4323616467366,1438.5434460752729,1403.7960198415706,1432.462646484375,38200,0.0,0.0
2016-07-07 00:00:00+09:00,1412.4827993735169,1447.2302237123488,1412.4827993735169,1418.5635986328125,53100,0.0,0.0
2016-07-08 00:00:00+09:00,1433.3314242428296,1442.0182813594529,1395.1092529296875,1395.1092529296875,39300,0.0,0.0
2016-07-11 00:00:00+09:00,1395.1092529296875,1395.1092529296875,1395.1092529296875,1395.1092529296875,0,0.0,0.0
2016-07-12 00:00:00+09:00,1494.1390740549612,1535.8359784471927,1493.2703885467897,1512.3814697265625,41700,0.0,0.0
2016-07-13 00:00:00+09:00,1548.8664201407598,1557.5532761146283,1501.0887122844829,1511.512939453125,58800,0.0,0.0
2016-07-14 00:00:00+09:00,1524.5432795994718,1543.6543634463028,1516.7251089348592,1541.9169921875,26100,0.0,0.0
2016-07-15 00:00:00+09:00,1572.3210229002818,1581.007879380394,1544.5230821639232,1560.159423828125,61200,0.0,0.0
2016-07-19 00:00:00+09:00,1568.8460598840352,1581.8763427734375,1545.391550683111,1581.8763427734375,32000,0.0,0.0
2016-07-20 00:00:00+09:00,1568.8461466471354,1569.7148322211372,1549.735064019097,1563.634033203125,34500,0.0,0.0
2016-07-21 00:00:00+09:00,1578.4018333292058,1585.3513185612553,1564.5028628651073,1575.7957763671875,20500,0.0,0.0
2016-07-22 00:00:00+09:00,1572.3208889431423,1572.3208889431423,1549.735064019097,1563.634033203125,14900,0.0,0.0
2016-07-25 00:00:00+09:00,1572.321011556883,1586.219981824789,1555.8159843637443,1582.7452392578125,23200,0.0,0.0
2016-07-26 00:00:00+09:00,1594.9069288763187,1594.9069288763187,1538.4423589542268,1564.5029296875,46800,0.0,0.0
2016-07-27 00:00:00+09:00,1585.3510649307914,1623.5732275921366,1571.4520966903024,1598.38134765625,61000,0.0,0.0
2016-07-28 00:00:00+09:00,1598.3814601755091,1622.7046563086146,1582.745119804227,1620.96728515625,49300,0.0,0.0
2016-07-29 00:00:00+09:00,1614.8864395423864,1614.8864395423864,1562.7653064748538,1596.64404296875,25800,0.0,0.0
2016-08-01 00:00:00+09:00,1576.6644176380396,1587.0886451926713,1528.0180223830916,1580.13916015625,52000,0.0,0.0
2016-08-02 00:00:00+09:00,1596.644154038155,1620.967351161696,1577.5330705839442,1600.118896484375,57900,0.0,0.0
2016-08-03 00:00:00+09:00,1495.8766645951705,1561.8967729048295,1457.6544966264205,1547.997802734375,195100,0.0,0.0
2016-08-04 00:00:00+09:00,1528.8865807199645,1530.6239518344191,1468.078591714057,1475.028076171875,95400,0.0,0.0
2016-08-05 00:00:00+09:00,1490.6644842749563,1509.7755674066866,1486.3210562904721,1492.40185546875,38300,0.0,0.0
2016-08-08 00:00:00+09:00,1475.0281426771633,1476.7655138699513,1446.3615179961582,1473.290771484375,75200,0.0,0.0
2016-08-09 00:00:00+09:00,1473.2907831643815,1491.5331808332803,1473.2907831643815,1488.9271240234375,43700,0.0,0.0
2016-08-10 00:00:00+09:00,1501.9575184920589,1530.6241455078125,1486.321176483466,1530.6241455078125,60000,0.0,0.0
2016-08-12 00:00:00+09:00,1539.3110243670326,1539.3110243670326,1509.77571125841,1533.230224609375,37700,0.0,0.0
2016-08-15 00:00:00+09:00,1533.2300897907628,1533.2300897907628,1485.452381610314,1488.9271240234375,30600,0.0,0.0
2016-08-16 00:00:00+09:00,1496.7454416625028,1496.7454416625028,1453.3111572265625,1453.3111572265625,42700,0.0,0.0
2016-08-17 00:00:00+09:00,1453.3111578141452,1471.5535572846156,1429.8566442092547,1443.755615234375,59100,0.0,0.0
2016-08-18 00:00:00+09:00,1435.0683656812155,1435.0683656812155,1411.6138584939317,1412.4825439453125,48700,0.0,0.0
2016-08-19 00:00:00+09:00,1412.48269921875,1431.59378125,1405.5332148437499,1411.614013671875,40600,0.0,0.0
2016-08-22 00:00:00+09:00,1411.6140271040374,1441.1493359788296,1406.4019137731918,1436.805908203125,36900,0.0,0.0
2016-08-23 00:00:00+09:00,1436.805951725141,1443.7554363767742,1416.826183351696,1422.906982421875,46000,0.0,0.0
2016-08-24 00:00:00+09:00,1433.3312010849922,1472.4220520236738,1433.3312010849922,1464.6038818359375,41800,0.0,0.0
2016-08-25 00:00:00+09:00,1459.3916481750884,1492.4016973600012,1455.0482206507577,1474.1593017578125,58600,0.0,0.0
2016-08-26 00:00:00+09:00,1472.422163709462,1472.422163709462,1422.9070820979935,1448.9676513671875,63300,0.0,0.0
2016-08-29 00:00:00+09:00,1482.8462686959188,1492.4018099704679,1464.6038717172344,1477.6341552734375,21300,0.0,0.0
2016-08-30 00:00:00+09:00,1477.6341428705716,1477.6341428705716,1454.1796326662768,1461.997802734375,20800,0.0,0.0
2016-08-31 00:00:00+09:00,1469.8160620755084,1476.7655470025795,1456.7857778372504,1462.8665771484375,45400,0.0,0.0
2016-09-01 00:00:00+09:00,1462.8664783706934,1481.1088750724657,1462.8664783706934,1475.028076171875,37900,0.0,0.0
2016-09-02 00:00:00+09:00,1465.4725215265037,1469.8159492725808,1443.7553827961167,1449.836181640625,42300,0.0,0.0
2016-09-05 00:00:00+09:00,1468.0785575975174,1481.9775261901566,1464.6038154493576,1466.3411865234375,37300,0.0,0.0
2016-09-06 00:00:00+09:00,1475.0282536764705,1493.2706525735293,1455.917169117647,1476.765625,58200,0.0,0.0
2016-09-07 00:00:00+09:00,1468.0787020727842,1471.5534445628973,1433.3312771716533,1468.9473876953125,65800,0.0,0.0
2016-09-08 00:00:00+09:00,1480.2404475599953,1481.1091332686574,1448.9677620481646,1452.4425048828125,72700,0.0,0.0
2016-09-09 00:00:00+09:00,1446.3614510693242,1468.078589974269,1437.6745955073463,1455.9169921875,81800,0.0,0.0
2016-09-12 00:00:00+09:00,1442.0182218086009,1444.624278835966,1430.725308023353,1441.1495361328125,51500,0.0,0.0
2016-09-13 00:00:00+09:00,1451.5736523585017,1451.5736523585017,1427.2504553112017,1437.6746826171875,27800,0.0,0.0
2016-09-14 00:00:00+09:00,1429.8567664956845,1444.6244244728575,1420.3012230986903,1434.2001953125,35300,0.0,0.0
2016-09-15 00:00:00+09:00,1420.3010584126853,1432.4626576896135,1417.695001424772,1428.9879150390625,43900,0.0,0.0
2016-09-16 00:00:00+09:00,1430.7251755388827,1435.068603515625,1422.9070051807469,1435.068603515625,39500,0.0,0.0
2016-09-20 00:00:00+09:00,1430.72509765625,1446.3614375213458,1407.2705878586066,1430.72509765625,56100,0.0,0.0
2016-09-21 00:00:00+09:00,1435.0684201568984,1468.947154046801,1415.957339501056,1465.472412109375,51900,0.0,0.0
2016-09-23 00:00:00+09:00,1467.2099727369152,1484.5836846698567,1454.179688787209,1482.8463134765625,58800,0.0,0.0
2016-09-26 00:00:00+09:00,1482.84618894311,1483.7148744668027,1463.735107421875,1463.735107421875,24900,0.0,0.0
2016-09-27 00:00:00+09:00,1463.7352523357547,1485.452392578125,1443.755483312774,1485.452392578125,57100,0.0,0.0
2016-09-28 00:00:00+09:00,1500.4390869140625,1502.2022350772988,1479.2813089552274,1500.4390869140625,44100,25.0,0.0
2016-09-29 00:00:00+09:00,1510.1366174351585,1533.0575468299712,1501.3208753602305,1529.53125,42000,0.0,0.0
2016-09-30 00:00:00+09:00,1522.4784945193853,1524.24164274697,1500.4391416745766,1509.2548828125,56100,0.0,0.0
2016-10-03 00:00:00+09:00,1535.7020636645132,1548.925675004908,1520.7153041453992,1543.63623046875,60800,0.0,0.0
2016-10-04 00:00:00+09:00,1543.636370166796,1549.8073893507867,1536.583776813664,1544.5179443359375,75900,0.0,0.0
2016-10-05 00:00:00+09:00,1544.5178399529377,1555.978303377246,1529.5310800903808,1545.3994140625,103500,0.0,0.0
2016-10-06 00:00:00+09:00,1541.8731158803828,1543.636264097513,1519.833763166255,1539.2283935546875,76400,0.0,0.0
2016-10-07 00:00:00+09:00,1530.4126348719556,1542.7546722499553,1514.5443011002417,1538.3468017578125,74100,0.0,0.0
2016-10-11 00:00:00+09:00,1546.2810764074054,1568.3204304040903,1536.5837606488642,1549.807373046875,74200,0.0,0.0
2016-10-12 00:00:00+09:00,1542.7544657969286,1559.5043714255808,1534.82029997283,1546.28076171875,67500,0.0,0.0
2016-10-13 00:00:00+09:00,1541.8731642829048,1550.6889056452999,1515.4259401957195,1523.360107421875,90600,0.0,0.0
2016-10-14 00:00:00+09:00,1529.530954827105,1541.8729913502057,1520.7152144534618,1533.0572509765625,49600,0.0,0.0
2016-10-17 00:00:00+09:00,1538.3468595152187,1561.2677869349297,1528.649544068418,1559.504638671875,83500,0.0,0.0
2016-10-18 00:00:00+09:00,1560.386154696329,1603.583285532555,1551.570413709344,1599.1754150390625,111300,0.0,0.0
2016-10-19 00:00:00+09:00,1614.1622843601972,1632.6753416903796,1607.9912652501362,1616.8070068359375,80300,0.0,0.0
2016-10-20 00:00:00+09:00,1615.0437736324945,1630.0305335406563,1612.39905129576,1624.7410888671875,42500,0.0,0.0
2016-10-21 00:00:00+09:00,1614.1622314453125,1633.5568622982873,1611.5175090562705,1614.1622314453125,59900,0.0,0.0
2016-10-24 00:00:00+09:00,1620.33311636341,1635.3198753286863,1607.1095055116955,1631.7935791015625,24900,0.0,0.0
2016-10-25 00:00:00+09:00,1630.912020716887,1639.7277613694105,1621.2147059991107,1626.504150390625,81600,0.0,0.0
2016-10-26 00:00:00+09:00,1618.5700717905406,1635.3199799408785,1608.8727565456081,1630.912109375,49700,0.0,0.0
2016-10-27 00:00:00+09:00,1595.6491794133033,1638.846311894658,1595.6491794133033,1632.67529296875,54600,0.0,0.0
2016-10-28 00:00:00+09:00,1639.727862269204,1678.5171235271853,1639.727862269204,1674.1092529296875,107400,0.0,0.0
2016-10-31 00:00:00+09:00,1673.227662862943,1687.332848640502,1662.6487735297737,1679.398681640625,58400,0.0,0.0
2016-11-01 00:00:00+09:00,1678.51705633676,1683.8065008420228,1664.4118709893924,1682.9249267578125,44600,0.0,0.0
2016-11-02 00:00:00+09:00,1660.8856024192612,1674.9907880024398,1643.2541204402883,1660.0040283203125,87400,0.0,0.0
2016-11-04 00:00:00+09:00,1670.5828876675869,1696.1485360804418,1632.6752020899055,1676.75390625,141800,0.0,0.0
2016-11-07 00:00:00+09:00,1762.2666179521768,1762.2666179521768,1609.7542993400073,1641.490966796875,239300,0.0,0.0
2016-11-08 00:00:00+09:00,1651.1882462040069,1661.7671351278982,1637.0830609721522,1639.727783203125,77700,0.0,0.0
2016-11-09 00:00:00+09:00,1639.7279155685242,1642.3726380129895,1523.360128012048,1536.583740234375,122800,0.0,0.0
2016-11-10 00:00:00+09:00,1614.162127099183,1629.1488863349482,1605.3463863722623,1615.043701171875,79800,0.0,0.0
2016-11-11 00:00:00+09:00,1639.7279185419497,1646.7805117399796,1613.2806940493376,1622.096435546875,48100,0.0,0.0
2016-11-14 00:00:00+09:00,1622.096366530453,1630.0305335406563,1610.6359030712704,1624.7410888671875,76400,0.0,0.0
2016-11-15 00:00:00+09:00,1622.977843698744,1630.0304361754359,1588.5964553748704,1595.6490478515625,97300,0.0,0.0
2016-11-16 00:00:00+09:00,1598.2937937907257,1615.043701171875,1591.241201209189,1615.043701171875,227500,0.0,0.0
2016-11-17 00:00:00+09:00,1626.5043678848235,1674.990947957271,1623.8596453354173,1667.9383544921875,154600,0.0,0.0
2016-11-18 00:00:00+09:00,1674.9907784175248,1747.2798541176494,1674.9907784175248,1744.6351318359375,171000,0.0,0.0
2016-11-21 00:00:00+09:00,1751.6878018675604,1783.4244706482511,1749.0430794691697,1772.8455810546875,129800,0.0,0.0
2016-11-22 00:00:00+09:00,1772.845705415702,1793.1219118923611,1760.5036666907793,1785.187744140625,71500,0.0,0.0
2016-11-24 00:00:00+09:00,1798.4112276813657,1798.4112276813657,1755.2140952517643,1760.5035400390625,39400,0.0,0.0
2016-11-25 00:00:00+09:00,1761.3849168625554,1793.12158203125,1752.5691765379179,1793.12158203125,93300,0.0,0.0
2016-11-28 00:00:00+09:00,1793.1216569867051,1810.753138373005,1782.5427681549252,1808.989990234375,76500,0.0,0.0
2016-11-29 00:00:00+09:00,1794.0034557028202,1808.9902167578316,1790.477158983994,1808.108642578125,63300,0.0,0.0
2016-11-30 00:00:00+09:00,1814.279438679816,1821.33203125,1805.463697967086,1821.33203125,111000,0.0,0.0
2016-12-01 00:00:00+09:00,1824.8581469621781,1858.3579583556866,1824.8581469621781,1848.66064453125,143600,0.0,0.0
2016-12-02 00:00:00+09:00,1848.6607978656139,1859.23968655154,1831.910890779564,1838.0819091796875,74900,0.0,0.0
2016-12-05 00:00:00+09:00,1838.0821584041685,1863.647809528255,1831.0295649906273,1862.7662353515625,99200,0.0,0.0
2016-12-06 00:00:00+09:00,1862.7659827801822,1864.5291308945032,1831.910890779564,1838.0819091796875,96000,0.0,0.0
2016-12-07 00:00:00+09:00,1848.6608513141502,1850.4239994794473,1835.437240074421,1840.7266845703125,59200,0.0,0.0
2016-12-08 00:00:00+09:00,1860.12119805095,1879.5158266562205,1846.8975876382653,1859.2396240234375,92800,0.0,0.0
2016-12-09 00:00:00+09:00,1858.3580499959253,1862.7659201334868,1838.0818473631425,1859.2396240234375,59500,0.0,0.0
2016-12-12 00:00:00+09:00,1860.1213892459416,1868.937130427202,1838.0820362927907,1856.5950927734375,49500,0.0,0.0
2016-12-13 00:00:00+09:00,1867.174123888548,1867.174123888548,1826.6217113772764,1863.6478271484375,51500,0.0,0.0
2016-12-14 00:00:00+09:00,1868.9371465773809,1868.9371465773809,1840.7267745535714,1851.3056640625,46100,0.0,0.0
2016-12-15 00:00:00+09:00,1851.305493129367,1862.7659557058823,1851.305493129367,1861.0028076171875,70700,0.0,0.0
2016-12-16 00:00:00+09:00,1864.5292921530825,1876.8713300207626,1844.253087084751,1846.0162353515625,152400,0.0,0.0
2016-12-19 00:00:00+09:00,1844.2527746110516,1853.0685144514484,1826.6212949302574,1848.66064453125,104400,0.0,0.0
2016-12-20 00:00:00+09:00,1854.8321224875292,1885.687219582141,1848.6611030686067,1877.7530517578125,91800,0.0,0.0
2016-12-21 00:00:00+09:00,1886.5688448910894,1886.5688448910894,1865.4110634530587,1868.0557861328125,45500,0.0,0.0
2016-12-22 00:00:00+09:00,1869.818672504371,1869.818672504371,1854.8319127530394,1867.1739501953125,38400,0.0,0.0
2016-12-26 00:00:00+09:00,1871.5818367004395,1883.0423001376066,1861.0029473738239,1861.884521484375,36900,0.0,0.0
2016-12-27 00:00:00+09:00,1861.0029633640677,1868.055556309076,1853.9503704190595,1856.5950927734375,29800,0.0,0.0
2016-12-28 00:00:00+09:00,1851.3057227204072,1881.2792439454042,1844.2531294909961,1878.634521484375,51300,0.0,0.0
2016-12-29 00:00:00+09:00,1860.1214230667688,1866.292442005853,1844.2530886519812,1852.187255859375,43200,0.0,0.0
2016-12-30 00:00:00+09:00,1843.3715496416949,1860.1214585097925,1828.3847890755023,1853.950439453125,30300,0.0,0.0
2017-01-04 00:00:00+09:00,1866.292474511359,1924.4763683789781,1858.3583071657745,1914.779052734375,89100,0.0,0.0
2017-01-05 00:00:00+09:00,1920.9497781597145,1929.7655183073036,1905.9630199088126,1924.47607421875,66900,0.0,0.0
2017-01-06 00:00:00+09:00,1895.384434696467,1908.6080470315585,1869.8187841819565,1897.1475830078125,43900,0.0,0.0
2017-01-10 00:00:00+09:00,1885.6868006984207,1890.0946707327787,1863.6474505266299,1881.2789306640625,36300,0.0,0.0
2017-01-11 00:00:00+09:00,1881.2792070192847,1881.2792070192847,1862.7661501554585,1870.7003173828125,24300,0.0,0.0
2017-01-12 00:00:00+09:00,1865.4106422160237,1869.8185123535852,1836.3186993081179,1859.2396240234375,38500,0.0,0.0
2017-01-13 00:00:00+09:00,1815.1608331377413,1861.0026803078058,1810.7529632175429,1848.66064453125,63600,0.0,0.0
2017-01-16 00:00:00+09:00,1848.6607914414517,1848.6607914414517,1814.279403331668,1819.56884765625,50000,0.0,0.0
2017-01-17 00:00:00+09:00,1817.805774892675,1817.805774892675,1779.898088995301,1780.7796630859375,61200,0.0,0.0
2017-01-18 00:00:00+09:00,1779.0165502470868,1783.4244207878378,1765.7929386248338,1782.5428466796875,90200,0.0,0.0
2017-01-19 00:00:00+09:00,1791.3586954852578,1807.2270303862101,1782.542953873618,1794.00341796875,82100,0.0,0.0
2017-01-20 00:00:00+09:00,1780.7796984633871,1785.1875690041381,1752.569327002581,1782.5428466796875,151500,0.0,0.0
2017-01-23 00:00:00+09:00,1766.6746297261525,1786.0692613898127,1761.3851847269723,1764.0299072265625,61500,0.0,0.0
2017-01-24 00:00:00+09:00,1754.3323619696694,1756.9770841233926,1730.5298625861615,1752.5692138671875,81900,0.0,0.0
2017-01-25 00:00:00+09:00,1757.8589441068673,1785.187744140625,1757.8589441068673,1785.187744140625,65900,0.0,0.0
2017-01-26 00:00:00+09:00,1806.3453866885618,1806.3453866885618,1783.4244593806543,1796.6480712890625,49700,0.0,0.0
2017-01-27 00:00:00+09:00,1796.6482098196434,1798.4113582100454,1786.0693194772314,1791.3587646484375,59000,0.0,0.0
2017-01-30 00:00:00+09:00,1779.0165029488358,1805.463725490196,1779.0165029488358,1798.4111328125,54100,0.0,0.0
2017-01-31 00:00:00+09:00,1771.963937981008,1780.779678965988,1764.0297710945258,1775.490234375,61000,0.0,0.0
2017-02-01 00:00:00+09:00,1764.9114706503378,1794.884992129914,1761.3851740056818,1794.00341796875,41700,0.0,0.0
2017-02-02 00:00:00+09:00,1794.0034872340404,1810.7533969428596,1776.3720033300203,1791.3587646484375,80000,0.0,0.0
2017-02-03 00:00:00+09:00,1868.0555755944667,1901.555392429101,1796.6480712890625,1796.6480712890625,134200,0.0,0.0
2017-02-06 00:00:00+09:00,1815.161116792619,1826.6215803760595,1800.1743567219658,1820.4505615234375,53900,0.0,0.0
2017-02-07 00:00:00+09:00,1816.0428787971582,1823.9770467142332,1792.2403750459334,1799.29296875,56100,0.0,0.0
2017-02-08 00:00:00+09:00,1798.4111699876464,1810.7532074287383,1785.1875584436198,1806.3453369140625,65800,0.0,0.0
2017-02-09 00:00:00+09:00,1797.5294586791993,1798.411032714844,1763.1480712890625,1763.1480712890625,136100,0.0,0.0
2017-02-10 00:00:00+09:00,1783.4245147482322,1816.0427584682936,1783.4245147482322,1811.6348876953125,97700,0.0,0.0
2017-02-13 00:00:00+09:00,1816.0427598925496,1831.0295205324396,1797.529702631509,1817.805908203125,117800,0.0,0.0
2017-02-14 00:00:00+09:00,1823.095350265503,1838.0821108818054,1803.7007188796997,1805.4638671875,70300,0.0,0.0
2017-02-15 00:00:00+09:00,1822.2137627666186,1837.2005232731656,1812.5164471447351,1823.0953369140625,89300,0.0,0.0
2017-02-16 00:00:00+09:00,1824.8584852089502,1832.7926525359458,1806.3454281126276,1823.0953369140625,72100,0.0,0.0
2017-02-17 00:00:00+09:00,1816.9242332432784,1832.7925671580667,1799.2927511157357,1831.0294189453125,65100,0.0,0.0
2017-02-20 00:00:00+09:00,1831.029220870075,1831.910794881086,1813.3977406498527,1815.160888671875,65700,0.0,0.0
2017-02-21 00:00:00+09:00,1816.0426892576227,1821.3321339836157,1797.5296327166468,1814.279541015625,75000,0.0,0.0
2017-02-22 00:00:00+09:00,1813.3979210892494,1839.8451440511733,1798.4111614108258,1836.31884765625,126100,0.0,0.0
2017-02-23 00:00:00+09:00,1840.7265541888298,1875.1079409768395,1840.7265541888298,1864.529052734375,84300,0.0,0.0
2017-02-24 00:00:00+09:00,1840.7268096604425,1869.818756364846,1836.318938947654,1853.06884765625,89900,0.0,0.0
2017-02-27 00:00:00+09:00,1854.8319944249702,1874.2266255453835,1838.082085730068,1846.8978271484375,108600,0.0,0.0
2017-02-28 00:00:00+09:00,1861.8844965194432,1885.6869971851747,1836.31884765625,1836.31884765625,102200,0.0,0.0
2017-03-01 00:00:00+09:00,1844.2531938738432,1859.2399550095292,1838.9637487671305,1857.476806640625,70300,0.0,0.0
2017-03-02 00:00:00+09:00,1886.568648683957,1891.8580934933514,1852.1872574228942,1858.3582763671875,83300,0.0,0.0
2017-03-03 00:00:00+09:00,1885.686988480991,1885.686988480991,1854.8318951678377,1866.2923583984375,74500,0.0,0.0
2017-03-06 00:00:00+09:00,1863.6478283570545,1881.2793120690417,1860.121531614657,1869.81884765625,63900,0.0,0.0
2017-03-07 00:00:00+09:00,1869.8187095738938,1883.9238955018438,1867.173987212403,1875.108154296875,32800,0.0,0.0
2017-03-08 00:00:00+09:00,1874.226564216882,1880.3975830078125,1860.121378409041,1880.3975830078125,60400,0.0,0.0
2017-03-09 00:00:00+09:00,1886.5684658594478,1903.3183727993214,1879.5158734637116,1891.85791015625,73800,0.0,0.0
2017-03-10 00:00:00+09:00,1935.0548520417806,1935.0548520417806,1897.1471715689804,1913.0155029296875,111800,0.0,0.0
2017-03-13 00:00:00+09:00,1908.608154296875,1916.5423221438366,1896.2661154238237,1908.608154296875,64200,0.0,0.0
2017-03-14 00:00:00+09:00,1901.5553617195742,1905.9632322845246,1877.7528606688422,1880.3975830078125,129000,0.0,0.0
2017-03-15 00:00:00+09:00,1869.8188300366671,1877.7529976322967,1853.068920668116,1868.937255859375,69900,0.0,0.0
2017-03-16 00:00:00+09:00,1852.1871415868843,1889.2132529370267,1833.674085911813,1876.8712158203125,82700,0.0,0.0
2017-03-17 00:00:00+09:00,1876.8713091148854,1899.792236328125,1873.3450126205407,1899.792236328125,76500,0.0,0.0
2017-03-21 00:00:00+09:00,1904.200055545102,1936.8182972373097,1899.792185046155,1903.3184814453125,101200,0.0,0.0
2017-03-22 00:00:00+09:00,1883.9240168733418,1890.976610291679,1867.1741075047908,1868.937255859375,74300,0.0,0.0
2017-03-23 00:00:00+09:00,1879.516162478935,1879.516162478935,1849.5426401879952,1863.6478271484375,68900,0.0,0.0
2017-03-24 00:00:00+09:00,1863.6476956443857,1895.3843640659552,1863.6476956443857,1893.6212158203125,70300,0.0,0.0
2017-03-27 00:00:00+09:00,1884.8055405601099,1884.8055405601099,1865.4109091792293,1878.634521484375,126800,0.0,0.0
2017-03-28 00:00:00+09:00,1894.5028661325439,1921.8316650390625,1887.4502728663454,1921.8316650390625,139000,0.0,0.0
2017-03-29 00:00:00+09:00,1936.100079965725,1936.100079965725,1890.618226405959,1913.8050537109375,78800,25.0,0.0
2017-03-30 00:00:00+09:00,1897.7529513071127,1916.4807764844854,1889.72674051681,1893.2939453125,65800,0.0,0.0
2017-03-31 00:00:00+09:00,1873.6742083157246,1884.3758220709788,1829.9759521484375,1829.9759521484375,120000,0.0,0.0
2017-04-03 00:00:00+09:00,1824.624949255655,1854.946184971536,1822.8413471547208,1840.6773681640625,79200,0.0,0.0
2017-04-04 00:00:00+09:00,1840.6776643120393,1848.703875057586,1806.7892189419533,1814.8154296875,86600,0.0,0.0
2017-04-05 00:00:00+09:00,1825.5170108006757,1837.1104261110856,1813.0317943125422,1816.5989990234375,76000,0.0,0.0
2017-04-06 00:00:00+09:00,1802.3303652265192,1805.8975703036624,1773.792724609375,1773.792724609375,95300,0.0,0.0
2017-04-07 00:00:00+09:00,1780.0351462602139,1803.2219768227217,1779.1433450847328,1787.1695556640625,72500,0.0,0.0
2017-04-10 00:00:00+09:00,1801.4383744717595,1804.1137779982027,1776.4679415582896,1787.1695556640625,96900,0.0,0.0
2017-04-11 00:00:00+09:00,1774.6841946927395,1787.169410132789,1765.7661836641328,1781.818603515625,57400,0.0,0.0
2017-04-12 00:00:00+09:00,1772.008864653382,1775.576069212322,1755.0646429984176,1761.3072509765625,76400,0.0,0.0
2017-04-13 00:00:00+09:00,1734.5534784493243,1751.4977026603974,1722.0682606095863,1747.0386962890625,80200,0.0,0.0
2017-04-14 00:00:00+09:00,1738.1204272272653,1749.7138420830656,1730.9860180852345,1734.55322265625,63800,0.0,0.0
2017-04-17 00:00:00+09:00,1734.5533345384106,1756.848364545331,1720.2845153339815,1741.687744140625,50800,0.0,0.0
2017-04-18 00:00:00+09:00,1757.7401324103862,1761.307337143842,1730.986096909467,1743.4713134765625,53400,0.0,0.0
2017-04-19 00:00:00+09:00,1730.9860983273263,1762.199139770632,1730.9860983273263,1753.2811279296875,72600,0.0,0.0
2017-04-20 00:00:00+09:00,1753.281104885802,1760.415514264788,1740.7958884725765,1747.9302978515625,53300,0.0,0.0
2017-04-21 00:00:00+09:00,1763.9827880859375,1767.5499929152315,1744.3631615248198,1763.9827880859375,50700,0.0,0.0
2017-04-24 00:00:00+09:00,1793.4121970558738,1793.4121970558738,1769.3335648726274,1785.385986328125,67500,0.0,0.0
2017-04-25 00:00:00+09:00,1739.012269716005,1742.5794743718327,1694.4222115181587,1715.825439453125,253300,0.0,0.0
2017-04-26 00:00:00+09:00,1725.6353594557684,1782.7106374946154,1724.7435582364112,1779.1434326171875,170200,0.0,0.0
2017-04-27 00:00:00+09:00,1793.4122348494259,1827.300680858515,1780.9270178987088,1822.8416748046875,229300,0.0,0.0
2017-04-28 00:00:00+09:00,1810.356467013889,1816.5990755208334,1799.6548524305556,1805.8974609375,71600,0.0,0.0
2017-05-01 00:00:00+09:00,1801.4384117782554,1822.8416404330467,1798.7630081964066,1814.8154296875,44100,0.0,0.0
2017-05-02 00:00:00+09:00,1811.2483161373416,1857.6219805583862,1811.2483161373416,1846.028564453125,90500,0.0,0.0
2017-05-08 00:00:00+09:00,1879.0251261297396,1896.86115010819,1862.0809033502119,1893.2939453125,79500,0.0,0.0
2017-05-09 00:00:00+09:00,1879.02497984043,1902.2118092072317,1878.1331787109375,1878.1331787109375,61400,0.0,0.0
2017-05-10 00:00:00+09:00,1877.2413352576907,1896.8609596641845,1873.6741308201465,1887.0511474609375,61000,0.0,0.0
2017-05-11 00:00:00+09:00,1869.215543062236,1905.7793967194648,1866.5401391360974,1900.4285888671875,53400,0.0,0.0
2017-05-12 00:00:00+09:00,1855.838205333777,1862.0808134247604,1803.2219371383458,1815.7071533203125,153100,0.0,0.0
2017-05-15 00:00:00+09:00,1815.7071224646745,1817.490724746074,1770.2252642889878,1771.1170654296875,112600,0.0,0.0
2017-05-16 00:00:00+09:00,1783.602347888812,1783.602347888812,1761.3073185402018,1767.5499267578125,70300,0.0,0.0
2017-05-17 00:00:00+09:00,1769.3335175593734,1773.7925233999968,1750.605693028755,1764.87451171875,71500,0.0,0.0
2017-05-18 00:00:00+09:00,1744.3629851645612,1764.8744108592366,1744.3629851645612,1760.4154052734375,57900,0.0,0.0
2017-05-19 00:00:00+09:00,1769.333560817674,1779.1433739068848,1742.579525119826,1755.95654296875,54200,0.0,0.0
2017-05-22 00:00:00+09:00,1770.225529859514,1772.900933682979,1746.1468954483264,1756.8485107421875,61100,0.0,0.0
2017-05-23 00:00:00+09:00,1752.3891577823135,1763.0907709596102,1739.903942408801,1742.579345703125,50600,0.0,0.0
2017-05-24 00:00:00+09:00,1763.9824845580745,1763.9824845580745,1737.2284529419258,1750.60546875,54800,0.0,0.0
2017-05-25 00:00:00+09:00,1750.6058470012565,1766.658269439373,1742.5796357821982,1763.091064453125,77900,0.0,0.0
2017-05-26 00:00:00+09:00,1765.7664543989083,1765.7664543989083,1730.9862060546875,1730.9862060546875,64900,0.0,0.0
2017-05-29 00:00:00+09:00,1731.8779617080174,1741.6877750853544,1719.3927446823159,1720.2845458984375,42600,0.0,0.0
2017-05-30 00:00:00+09:00,1730.09423828125,1736.3368463575225,1714.041817513692,1730.09423828125,34700,0.0,0.0
2017-05-31 00:00:00+09:00,1730.0943454774488,1730.0943454774488,1697.0977007441159,1697.989501953125,97700,0.0,0.0
2017-06-01 00:00:00+09:00,1712.258279220779,1720.2844899046265,1703.3402673498376,1716.71728515625,76300,0.0,0.0
2017-06-02 00:00:00+09:00,1729.2025386755695,1753.2811712409332,1720.2845266143236,1744.3631591796875,86800,0.0,0.0
2017-06-05 00:00:00+09:00,1738.120481823743,1738.120481823743,1714.0418502130499,1728.3106689453125,63600,0.0,0.0
2017-06-06 00:00:00+09:00,1730.986024128488,1730.986024128488,1701.556586314866,1707.7991943359375,70800,0.0,0.0
2017-06-07 00:00:00+09:00,1723.851707486039,1739.9041289732345,1711.366490773776,1729.2025146484375,76700,0.0,0.0
2017-06-08 00:00:00+09:00,1730.9861041497563,1731.8779053368505,1710.474676846591,1716.71728515625,77000,0.0,0.0
2017-06-09 00:00:00+09:00,1717.6090106166512,1738.1204370155,1705.1237945477867,1727.4188232421875,116000,0.0,0.0
2017-06-12 00:00:00+09:00,1721.1763242502357,1721.1763242502357,1705.1239025732905,1714.9337158203125,85700,0.0,0.0
2017-06-13 00:00:00+09:00,1712.2581479565442,1725.6351647374547,1697.9893300569063,1723.8515625,99200,0.0,0.0
2017-06-14 00:00:00+09:00,1720.2845781362132,1730.094391697384,1706.9075596437076,1708.691162109375,105900,0.0,0.0
2017-06-15 00:00:00+09:00,1710.4748640577689,1710.4748640577689,1693.5306396484375,1693.5306396484375,111100,0.0,0.0
2017-06-16 00:00:00+09:00,1703.3404534550036,1708.6912611621922,1683.7208251953125,1683.7208251953125,153200,0.0,0.0
2017-06-19 00:00:00+09:00,1683.7205131080543,1687.287717584978,1669.451695200359,1677.4779052734375,152200,0.0,0.0
2017-06-20 00:00:00+09:00,1685.5042760792464,1721.1763242502357,1681.0452700578728,1714.9337158203125,136000,0.0,0.0
2017-06-21 00:00:00+09:00,1718.5009003236407,1753.2811468792306,1717.6090991299075,1729.2025146484375,158700,0.0,0.0
2017-06-22 00:00:00+09:00,1725.6353440177024,1744.3631694566543,1715.8255306925373,1737.228759765625,95900,0.0,0.0
2017-06-23 00:00:00+09:00,1737.228649270406,1740.7958538890312,1722.0680296412495,1739.904052734375,72600,0.0,0.0
2017-06-26 00:00:00+09:00,1745.2547489974493,1755.956362174746,1740.795743506909,1742.579345703125,57000,0.0,0.0
2017-06-27 00:00:00+09:00,1743.4714370287604,1764.874666946249,1741.6878345356363,1763.091064453125,53900,0.0,0.0
2017-06-28 00:00:00+09:00,1763.9827880859375,1775.5762037811432,1758.6319808419962,1763.9827880859375,71600,0.0,0.0
2017-06-29 00:00:00+09:00,1770.2252874412688,1779.1432989649024,1759.5236736129086,1776.4678955078125,69500,0.0,0.0
2017-06-30 00:00:00+09:00,1766.6580597261886,1776.4678722738859,1754.1728437563925,1771.1170654296875,65400,0.0,0.0
2017-07-03 00:00:00+09:00,1778.251607403114,1789.8450230983196,1763.9827880859375,1763.9827880859375,59200,0.0,0.0
2017-07-04 00:00:00+09:00,1780.0351634525211,1780.0351634525211,1749.7139231933097,1753.2811279296875,57200,0.0,0.0
2017-07-05 00:00:00+09:00,1754.1729405888934,1764.8745548680326,1740.7959227399695,1755.95654296875,65400,0.0,0.0
2017-07-06 00:00:00+09:00,1755.95647873417,1772.0088995656658,1744.363063689201,1769.33349609375,58100,0.0,0.0
2017-07-07 00:00:00+09:00,1770.2252430247638,1796.0874757943952,1768.4416407647893,1775.5760498046875,92200,0.0,0.0
2017-07-10 00:00:00+09:00,1787.169567159473,1797.8711813340806,1780.0351577097347,1789.844970703125,63300,0.0,0.0
2017-07-11 00:00:00+09:00,1779.1434244791667,1805.8974609375,1779.1434244791667,1805.8974609375,40800,0.0,0.0
2017-07-12 00:00:00+09:00,1796.979424829977,1802.3302320503144,1788.9532139994708,1790.73681640625,36000,0.0,0.0
2017-07-13 00:00:00+09:00,1792.5203412038404,1800.5465516868428,1780.9269260617261,1791.6285400390625,40800,0.0,0.0
2017-07-14 00:00:00+09:00,1788.9532265441471,1811.2482567852257,1788.9532265441471,1803.2220458984375,43300,0.0,0.0
2017-07-17 00:00:00+09:00,1803.2220458984375,1803.2220458984375,1803.2220458984375,1803.2220458984375,0,0.0,0.0
2017-07-18 00:00:00+09:00,1805.8973603201384,1805.8973603201384,1793.4121440018757,1801.4383544921875,47700,0.0,0.0
2017-07-19 00:00:00+09:00,1805.0054580877793,1807.6808614347472,1793.412043584251,1796.979248046875,42400,0.0,0.0
2017-07-20 00:00:00+09:00,1796.9795253581212,1798.7631278646802,1782.71070530565,1795.1959228515625,53200,0.0,0.0
2017-07-21 00:00:00+09:00,1795.1956903366815,1800.5464971633185,1788.061281234499,1797.87109375,22900,0.0,0.0
2017-07-24 00:00:00+09:00,1802.3303554585925,1802.3303554585925,1781.8189263761842,1800.5467529296875,56900,0.0,0.0
2017-07-25 00:00:00+09:00,1792.5203843376767,1796.9793902688648,1769.3335534954977,1782.7105712890625,76700,0.0,0.0
2017-07-26 00:00:00+09:00,1794.3041088326836,1800.5467175612266,1763.9828664369027,1772.90087890625,41000,0.0,0.0
2017-07-27 00:00:00+09:00,1773.792251381229,1801.4380833534856,1770.2250472557766,1786.2774658203125,44100,0.0,0.0
2017-07-28 00:00:00+09:00,1781.8186693870673,1783.602271658726,1765.7662489421389,1778.25146484375,43700,0.0,0.0
2017-07-31 00:00:00+09:00,1780.0352317318961,1783.6024366051065,1759.5238037109375,1759.5238037109375,56600,0.0,0.0
2017-08-01 00:00:00+09:00,1777.3597030095248,1777.3597030095248,1737.2286510098113,1749.7138671875,88700,0.0,0.0
2017-08-02 00:00:00+09:00,1757.740131015317,1810.3564007920313,1755.0647274673486,1809.464599609375,67700,0.0,0.0
2017-08-03 00:00:00+09:00,1779.143451579566,1781.818855266152,1733.6615889076072,1745.2550048828125,199700,0.0,0.0
2017-08-04 00:00:00+09:00,1740.7960150851432,1806.789306640625,1739.0124126106707,1806.789306640625,89500,0.0,0.0
2017-08-07 00:00:00+09:00,1810.356261850795,1840.67749973401,1809.4644607365826,1833.5430908203125,78300,0.0,0.0
2017-08-08 00:00:00+09:00,1827.3005849477406,1851.3792163745777,1827.3005849477406,1847.81201171875,63400,0.0,0.0
2017-08-09 00:00:00+09:00,1832.651439154326,1833.5432403412624,1786.2777774336325,1792.5203857421875,49200,0.0,0.0
2017-08-10 00:00:00+09:00,1798.7629968237688,1814.8154182133712,1793.4121896939014,1812.1400146484375,58700,0.0,0.0
2017-08-11 00:00:00+09:00,1812.1400146484375,1812.1400146484375,1812.1400146484375,1812.1400146484375,0,0.0,0.0
2017-08-14 00:00:00+09:00,1794.3040071565338,1796.0876095493334,1764.874567675338,1768.4417724609375,71400,0.0,0.0
2017-08-15 00:00:00+09:00,1804.1137647465846,1805.005565915515,1772.0089226650832,1774.684326171875,46200,0.0,0.0
2017-08-16 00:00:00+09:00,1783.602271658726,1785.3858739303848,1769.3334534854562,1778.25146484375,27000,0.0,0.0
2017-08-17 00:00:00+09:00,1769.333532154441,1794.303965067911,1769.333532154441,1787.1695556640625,30300,0.0,0.0
2017-08-18 00:00:00+09:00,1764.8746006988263,1777.359817682042,1755.956588567958,1766.658203125,48100,0.0,0.0
2017-08-21 00:00:00+09:00,1780.0351462602139,1791.6285615414677,1768.4417309789599,1787.1695556640625,45600,0.0,0.0
2017-08-22 00:00:00+09:00,1787.169567159473,1794.3039766092113,1773.7925494412134,1789.844970703125,63400,0.0,0.0
2017-08-23 00:00:00+09:00,1810.3562292857755,1817.4906380711382,1785.3857985370062,1788.9530029296875,37900,0.0,0.0
2017-08-24 00:00:00+09:00,1784.4940727945554,1799.6546921036547,1777.3596637079206,1778.25146484375,25800,0.0,0.0
2017-08-25 00:00:00+09:00,1779.143487634793,1784.4942951164014,1769.333673918511,1772.90087890625,36200,0.0,0.0
2017-08-28 00:00:00+09:00,1787.1694077912682,1787.1694077912682,1761.307175842193,1772.0087890625,36600,0.0,0.0
2017-08-29 00:00:00+09:00,1762.199318389118,1763.9829209380948,1744.3632928993497,1756.8485107421875,88800,0.0,0.0
2017-08-30 00:00:00+09:00,1769.333762806097,1786.2779873490988,1763.0911537639383,1784.494384765625,45400,0.0,0.0
2017-08-31 00:00:00+09:00,1788.0615899325728,1790.7369938077836,1776.4681731399924,1784.494384765625,40600,0.0,0.0
2017-09-01 00:00:00+09:00,1792.5203428362856,1807.6809626513189,1780.035126518023,1801.4383544921875,35200,0.0,0.0
2017-09-04 00:00:00+09:00,1796.9793639238687,1805.8973756555008,1755.956509958361,1757.7401123046875,60100,0.0,0.0
2017-09-05 00:00:00+09:00,1759.5237681461615,1767.5499789486528,1732.7697321378569,1741.687744140625,78800,0.0,0.0
2017-09-06 00:00:00+09:00,1734.5534005319234,1739.0124067029567,1715.825574613584,1738.12060546875,55100,0.0,0.0
2017-09-07 00:00:00+09:00,1760.4155173662573,1770.2253302796457,1744.3630962352581,1767.5499267578125,40700,0.0,0.0
2017-09-08 00:00:00+09:00,1758.6319134778507,1770.2253287289725,1753.2811064388713,1757.7401123046875,52100,0.0,0.0
2017-09-11 00:00:00+09:00,1771.1171760501372,1789.8450011745344,1763.9827664789382,1768.4417724609375,43900,0.0,0.0
2017-09-12 00:00:00+09:00,1786.2777081838094,1787.1695093361727,1771.1170885936324,1776.4678955078125,39900,0.0,0.0
2017-09-13 00:00:00+09:00,1786.2777445434815,1796.979358589673,1781.8187386909015,1794.303955078125,29700,0.0,0.0
2017-09-14 00:00:00+09:00,1796.0875458629525,1796.9793470277307,1781.818727226504,1791.6285400390625,45900,0.0,0.0
2017-09-15 00:00:00+09:00,1794.3039566469972,1810.3563777303202,1790.7367519618142,1804.11376953125,39600,0.0,0.0
2017-09-18 00:00:00+09:00,1804.11376953125,1804.11376953125,1804.11376953125,1804.11376953125,0,0.0,0.0
2017-09-19 00:00:00+09:00,1804.113882156357,1821.949906695718,1801.438478475453,1821.05810546875,60100,0.0,0.0
2017-09-20 00:00:00+09:00,1818.3825567878769,1820.1661590995864,1806.7891417617648,1815.7071533203125,35000,0.0,0.0
2017-09-21 00:00:00+09:00,1813.0317073162,1827.3005254751076,1813.0317073162,1824.6251220703125,30900,0.0,0.0
2017-09-22 00:00:00+09:00,1824.6252111196518,1831.7596205472946,1815.7071993350983,1826.4088134765625,33000,0.0,0.0
2017-09-25 00:00:00+09:00,1826.4090688651795,1844.2450949283161,1825.5172675620227,1838.894287109375,40100,0.0,0.0
2017-09-26 00:00:00+09:00,1844.244775976094,1859.4053955078125,1835.3267644868479,1859.4053955078125,53300,0.0,0.0
2017-09-27 00:00:00+09:00,1859.4055087196118,1875.6527413200745,1849.4766443526623,1865.723876953125,49900,25.0,0.0
2017-09-28 00:00:00+09:00,1865.7238382859664,1907.2445429599645,1860.3080941980536,1906.3419189453125,56700,0.0,0.0
2017-09-29 00:00:00+09:00,1895.5104295469876,1900.0235496173375,1881.0684453218676,1881.9710693359375,49600,0.0,0.0
2017-10-02 00:00:00+09:00,1883.7763897497036,1900.9262466760308,1877.4580214084253,1880.1658935546875,31700,0.0,0.0
2017-10-03 00:00:00+09:00,1894.6079555750462,1912.6604372860995,1884.679090633967,1887.386962890625,43700,0.0,0.0
2017-10-04 00:00:00+09:00,1887.3869678935068,1887.3869678935068,1867.5292379587113,1872.0423583984375,38600,0.0,0.0
2017-10-05 00:00:00+09:00,1875.6529139227887,1875.6529139227887,1862.113552176474,1867.529296875,30000,0.0,0.0
2017-10-06 00:00:00+09:00,1874.7501075793082,1879.2632277227344,1844.060890604009,1847.67138671875,53600,0.0,0.0
2017-10-09 00:00:00+09:00,1847.67138671875,1847.67138671875,1847.67138671875,1847.67138671875,0,0.0,0.0
2017-10-10 00:00:00+09:00,1854.8924514593766,1877.458053058639,1854.8924514593766,1870.237060546875,61900,0.0,0.0
2017-10-11 00:00:00+09:00,1878.3607862720517,1883.7765309705776,1862.113552176474,1867.529296875,37800,0.0,0.0
2017-10-12 00:00:00+09:00,1884.6788052165887,1886.4840531143057,1877.4578136257205,1879.2630615234375,40200,0.0,0.0
2017-10-13 00:00:00+09:00,1877.4580394948712,1909.0498815056021,1877.4580394948712,1891.9000244140625,78700,0.0,0.0
2017-10-16 00:00:00+09:00,1911.757619984826,1966.81768363878,1903.634004035882,1937.9337158203125,125100,0.0,0.0
2017-10-17 00:00:00+09:00,1939.738958605997,1951.473070500775,1927.102222719313,1928.907470703125,67700,0.0,0.0
2017-10-18 00:00:00+09:00,1939.7392444450613,1963.2074716928844,1934.3234996955637,1937.0313720703125,62900,0.0,0.0
2017-10-19 00:00:00+09:00,1936.1285176017552,1946.0573817945847,1923.4917813563359,1939.739013671875,48600,0.0,0.0
2017-10-20 00:00:00+09:00,1931.615732781898,1961.4023305304038,1931.615732781898,1958.6944580078125,59100,0.0,0.0
2017-10-23 00:00:00+09:00,1970.428506725896,1980.35737231178,1960.499641140012,1978.5521240234375,49100,0.0,0.0
2017-10-24 00:00:00+09:00,1969.5254959078652,1985.7727273131545,1966.8176240069836,1982.1622314453125,43400,0.0,0.0
2017-10-25 00:00:00+09:00,1985.772741160755,2044.4432994223228,1978.5517493747159,1984.8701171875,175200,0.0,0.0
2017-10-26 00:00:00+09:00,1990.286138001046,1995.7018825942462,1971.3310319248458,1974.9415283203125,31000,0.0,0.0
2017-10-27 00:00:00+09:00,1988.4804327492275,1989.3830566406252,1970.4279549212724,1989.383056640625,33900,0.0,0.0
2017-10-30 00:00:00+09:00,1993.896398406098,2005.6305103025575,1984.8701584857442,1992.9937744140625,66300,0.0,0.0
2017-10-31 00:00:00+09:00,1994.7988620151407,2013.7539643238817,1992.993614176213,2009.2408447265625,28700,0.0,0.0
2017-11-01 00:00:00+09:00,2008.33883404945,2026.3913179510182,1994.799471123274,2018.2677001953125,80200,0.0,0.0
2017-11-02 00:00:00+09:00,2043.5407440212578,2048.9564880425155,2015.559399911426,2038.125,105200,0.0,0.0
2017-11-03 00:00:00+09:00,2038.125,2038.125,2038.125,2038.125,0,0.0,0.0
2017-11-06 00:00:00+09:00,2030.904015994216,2030.904015994216,1935.2258712407106,1943.3494873046875,213900,0.0,0.0
2017-11-07 00:00:00+09:00,1955.986190740613,1992.9937744140625,1948.76519880433,1992.9937744140625,90900,0.0,0.0
2017-11-08 00:00:00+09:00,1992.9938524019171,2024.585693359375,1984.8702361557137,2024.585693359375,81400,0.0,0.0
2017-11-09 00:00:00+09:00,2030.0011142534431,2045.3457202749232,1988.4804156070854,2017.3643798828125,134200,0.0,0.0
2017-11-10 00:00:00+09:00,1990.286233414525,2033.6121922371542,1990.286233414525,2027.2938232421875,51700,0.0,0.0
2017-11-13 00:00:00+09:00,2027.2934793545453,2036.319719244815,2020.9751114313567,2023.6829833984375,36700,0.0,0.0
2017-11-14 00:00:00+09:00,2003.8252726748344,2020.9751286121416,1996.6042807012313,2011.0462646484375,66800,0.0,0.0
2017-11-15 00:00:00+09:00,1994.7992320049668,1999.312352439367,1945.1549072265625,1945.1549072265625,90200,0.0,0.0
2017-11-16 00:00:00+09:00,1946.9599073389377,2014.6567052297214,1941.544163507675,2000.2147216796875,146600,0.0,0.0
2017-11-17 00:00:00+09:00,2003.8252419816324,2026.3908415534977,1999.3121220672595,2020.97509765625,123900,0.0,0.0
2017-11-20 00:00:00+09:00,2020.9755687415081,2086.8671348505436,2006.533581649117,2076.03564453125,166500,0.0,0.0
2017-11-21 00:00:00+09:00,2083.256125143074,2119.361083984375,2076.0351333748135,2119.361083984375,104100,0.0,0.0
2017-11-22 00:00:00+09:00,2119.3609358198923,2123.874055359543,2091.3795946740593,2098.6005859375,38800,0.0,0.0
2017-11-23 00:00:00+09:00,2098.6005859375,2098.6005859375,2098.6005859375,2098.6005859375,0,0.0,0.0
2017-11-24 00:00:00+09:00,2095.892858345002,2106.724345985028,2069.7167632149394,2094.990234375,56900,0.0,0.0
2017-11-27 00:00:00+09:00,2114.847840207122,2137.4134381606764,2106.7242249438423,2134.70556640625,119700,0.0,0.0
2017-11-28 00:00:00+09:00,2134.705828200599,2143.732068488974,2115.7507235950125,2122.069091796875,99400,0.0,0.0
2017-11-29 00:00:00+09:00,2154.563440473036,2169.005424154464,2142.8293287318756,2155.466064453125,127800,0.0,0.0
2017-11-30 00:00:00+09:00,2148.245125829646,2160.881861863938,2134.7057657929045,2141.9267578125,188100,0.0,0.0
2017-12-01 00:00:00+09:00,2145.5373988619835,2168.1030004486684,2110.3350603867557,2113.945556640625,108700,0.0,0.0
2017-12-04 00:00:00+09:00,2121.166558488816,2139.219039837657,2081.451099521366,2083.25634765625,77900,0.0,0.0
2017-12-05 00:00:00+09:00,2071.522129834566,2073.327377877995,2039.9302890745616,2046.2486572265625,68700,0.0,0.0
2017-12-06 00:00:00+09:00,2031.8065606953865,2039.9301764422805,1999.3120977078104,2000.2147216796875,48200,0.0,0.0
2017-12-07 00:00:00+09:00,2011.0464270494008,2050.761886111418,2011.0464270494008,2043.5408935546875,45500,0.0,0.0
2017-12-08 00:00:00+09:00,1998.4099639096466,2077.840892917799,1998.4099639096466,2076.03564453125,97800,0.0,0.0
2017-12-11 00:00:00+09:00,2073.3276924581305,2076.9381890927984,2049.859464332788,2059.788330078125,31700,0.0,0.0
2017-12-12 00:00:00+09:00,2067.9116337477085,2082.3536180951387,2038.125041031133,2046.2486572265625,53700,0.0,0.0
2017-12-13 00:00:00+09:00,2036.319745293505,2048.053857300959,2001.117409271144,2004.7279052734375,80700,0.0,0.0
2017-12-14 00:00:00+09:00,2007.4358047190726,2021.8777889256849,1998.4095645899401,2010.1436767578125,67200,0.0,0.0
2017-12-15 00:00:00+09:00,2005.6305554199218,2013.7541715309835,1976.7465870250355,1985.7728271484375,118400,0.0,0.0
2017-12-18 00:00:00+09:00,1997.5069046979318,2025.4882485956434,1996.6042807012313,2011.0462646484375,51500,0.0,0.0
2017-12-19 00:00:00+09:00,2020.0725132831847,2031.8066252906383,2002.9226572722907,2004.7279052734375,35400,0.0,0.0
2017-12-20 00:00:00+09:00,2038.125495580412,2043.5412409185353,2011.0467688897952,2022.7808837890625,40700,0.0,0.0
2017-12-21 00:00:00+09:00,2021.8779158844964,2044.4435176242787,2015.5595473973574,2043.5408935546875,28900,0.0,0.0
2017-12-22 00:00:00+09:00,2030.9040935865912,2057.0801907928185,2030.9040935865912,2039.0277099609375,32300,0.0,0.0
2017-12-25 00:00:00+09:00,2035.4173704184902,2064.3013419721005,2030.9042498632386,2062.49609375,24300,0.0,0.0
2017-12-26 00:00:00+09:00,2083.2566316303455,2099.503867059005,2052.5674091539886,2057.983154296875,36200,0.0,0.0
2017-12-27 00:00:00+09:00,2057.982900975623,2066.1065176900006,2041.7356675468684,2064.30126953125,14200,0.0,0.0
2017-12-28 00:00:00+09:00,2049.859006014737,2049.859006014737,2019.1697914817119,2025.4881591796875,66000,0.0,0.0
2017-12-29 00:00:00+09:00,2030.0010050365506,2041.7351148922533,2026.3905096963344,2035.416748046875,26100,0.0,0.0
2018-01-01 00:00:00+09:00,2035.416748046875,2035.416748046875,2035.416748046875,2035.416748046875,0,0.0,0.0
2018-01-02 00:00:00+09:00,2035.416748046875,2035.416748046875,2035.416748046875,2035.416748046875,0,0.0,0.0
2018-01-03 00:00:00+09:00,2035.416748046875,2035.416748046875,2035.416748046875,2035.416748046875,0,0.0,0.0
2018-01-04 00:00:00+09:00,2076.0353551167136,2089.5747161283443,2060.690745970199,2083.25634765625,59500,0.0,0.0
2018-01-05 00:00:00+09:00,2092.2825068447883,2093.185130877077,2065.2037858761328,2091.3798828125,40600,0.0,0.0
2018-01-08 00:00:00+09:00,2091.3798828125,2091.3798828125,2091.3798828125,2091.3798828125,0,0.0,0.0
2018-01-09 00:00:00+09:00,2092.282758511179,2109.4326171875,2084.1591412434477,2109.4326171875,62900,0.0,0.0
2018-01-10 00:00:00+09:00,2104.9192157581942,2107.627087819633,2084.158863287166,2085.964111328125,40500,0.0,0.0
2018-01-11 00:00:00+09:00,2071.5220638119645,2084.158799713214,2045.3459680165195,2081.450927734375,55000,0.0,0.0
2018-01-12 00:00:00+09:00,2064.301359304456,2085.0617140329227,2061.5934869485695,2074.230224609375,61800,0.0,0.0
2018-01-15 00:00:00+09:00,2092.281931979597,2092.281931979597,2057.982228176653,2075.132080078125,62600,0.0,0.0
2018-01-16 00:00:00+09:00,2076.0350562969566,2076.937680234477,2058.8852014840686,2072.424560546875,42700,0.0,0.0
2018-01-17 00:00:00+09:00,2071.5218925476074,2084.158627404107,2057.079909854465,2079.6455078125,38200,0.0,0.0
2018-01-18 00:00:00+09:00,2094.0874986395297,2101.308490014149,2071.521900593845,2073.3271484375,65400,0.0,0.0
2018-01-19 00:00:00+09:00,2073.3274829143875,2092.2825883306705,2069.7169866446193,2083.25634765625,32300,0.0,0.0
2018-01-22 00:00:00+09:00,2086.8670255169886,2086.8670255169886,2066.106670159337,2078.743408203125,40700,0.0,0.0
2018-01-23 00:00:00+09:00,2093.1850329276845,2113.042760708801,2091.3797849475827,2112.14013671875,45000,0.0,0.0
2018-01-24 00:00:00+09:00,2112.140181526721,2119.3611736003163,2104.919189453125,2104.919189453125,45500,0.0,0.0
2018-01-25 00:00:00+09:00,2088.671982319259,2089.5746063392758,2060.690637698733,2061.59326171875,65000,0.0,0.0
2018-01-26 00:00:00+09:00,2076.0352184104754,2081.4509624585025,2055.2748662263702,2056.177490234375,47600,0.0,0.0
2018-01-29 00:00:00+09:00,2075.133013916016,2075.133013916016,2057.983154296875,2057.983154296875,31500,0.0,0.0
2018-01-30 00:00:00+09:00,2067.008948922954,2069.7168209084425,2025.4882451454623,2026.390869140625,48300,0.0,0.0
2018-01-31 00:00:00+09:00,2057.9828786681483,2079.6458563383394,2041.735645415505,2043.5408935546875,70700,0.0,0.0
2018-02-01 00:00:00+09:00,2057.0800299831308,2119.361083984375,2057.0800299831308,2119.361083984375,64700,0.0,0.0
2018-02-02 00:00:00+09:00,2116.653275593159,2135.6083795536947,2096.7955476345023,2123.874267578125,69300,0.0,0.0
2018-02-05 00:00:00+09:00,2073.3273361381753,2079.645704162976,2035.417127989371,2038.125,63700,0.0,0.0
2018-02-06 00:00:00+09:00,1976.7464997714624,1977.649123743961,1877.45786279664,1920.7838134765625,145400,0.0,0.0
2018-02-07 00:00:00+09:00,2101.308751964036,2112.140240376222,1937.0311777125526,1938.83642578125,97900,0.0,0.0
2018-02-08 00:00:00+09:00,2066.106175635445,2164.492183999038,2047.1510731066796,2140.121337890625,265100,0.0,0.0
2018-02-09 00:00:00+09:00,2085.0617185853184,2162.687392956893,2079.64597386172,2141.0244140625,224800,0.0,0.0
2018-02-12 00:00:00+09:00,2141.0244140625,2141.0244140625,2141.0244140625,2141.0244140625,0,0.0,0.0
2018-02-13 00:00:00+09:00,2157.271502459491,2162.6872468171296,2108.529803240741,2120.263916015625,107600,0.0,0.0
2018-02-14 00:00:00+09:00,2107.6272219213024,2115.7508386224977,1999.3123325720276,2006.5333251953125,74300,0.0,0.0
2018-02-15 00:00:00+09:00,2051.664382623166,2067.0089908522,2032.7092783402422,2034.5145263671875,67300,0.0,0.0
2018-02-16 00:00:00+09:00,2063.398329348583,2102.21115881577,2054.3720899376094,2066.106201171875,52900,0.0,0.0
2018-02-19 00:00:00+09:00,2096.7958321531146,2141.0244140625,2085.0617185853184,2141.0244140625,50400,0.0,0.0
2018-02-20 00:00:00+09:00,2128.3873807014556,2167.200212495418,2113.042772782913,2154.5634765625,55600,0.0,0.0
2018-02-21 00:00:00+09:00,2166.2974767245028,2177.1289641081253,2129.289894830459,2132.900390625,69900,0.0,0.0
2018-02-22 00:00:00+09:00,2132.9010559977723,2156.3692859833595,2116.6538198539047,2152.7587890625,35000,0.0,0.0
2018-02-23 00:00:00+09:00,2153.660536614758,2161.7841513798594,2141.9264263984996,2156.368408203125,21300,0.0,0.0
2018-02-26 00:00:00+09:00,2175.3238284522936,2178.031700437919,2146.4398606056243,2154.5634765625,25100,0.0,0.0
2018-02-27 00:00:00+09:00,2166.297552214196,2169.005424154464,2147.342448632322,2155.466064453125,26300,0.0,0.0
2018-02-28 00:00:00+09:00,2138.315876080346,2171.712958146607,2114.84765625,2114.84765625,52800,0.0,0.0
2018-03-01 00:00:00+09:00,2085.9641649120967,2087.7694129994284,2042.6382108161292,2048.053955078125,47100,0.0,0.0
2018-03-02 00:00:00+09:00,1985.7727381296536,2012.8514572859672,1985.7727381296536,2000.2147216796875,45700,0.0,0.0
2018-03-05 00:00:00+09:00,1988.4805992140361,1994.7989669827598,1963.2071281391416,1982.1622314453125,71300,0.0,0.0
2018-03-06 00:00:00+09:00,2005.6303389756945,2032.7090564236112,2005.6303389756945,2030.90380859375,40300,0.0,0.0
2018-03-07 00:00:00+09:00,2014.6570925329602,2057.0804273667636,2007.4360993697596,2045.3463134765625,57700,0.0,0.0
2018-03-08 00:00:00+09:00,2065.2039136435333,2068.814409996057,1996.6044829455836,2002.9228515625,38300,0.0,0.0
2018-03-09 00:00:00+09:00,2031.806735232244,2045.3460959734628,1992.9939011074166,2002.0201416015625,42700,0.0,0.0
2018-03-12 00:00:00+09:00,2030.9040536993577,2058.8853984392154,2029.0988056516248,2055.27490234375,29000,0.0,0.0
2018-03-13 00:00:00+09:00,2050.7616135425715,2080.548203880118,2030.0012627012516,2077.84033203125,54300,0.0,0.0
2018-03-14 00:00:00+09:00,2073.327820111259,2116.65378239482,2071.522571682777,2111.238037109375,61700,0.0,0.0
2018-03-15 00:00:00+09:00,2088.671436842445,2091.379308195309,2059.7874757452287,2075.132080078125,38200,0.0,0.0
2018-03-16 00:00:00+09:00,2085.9639278760174,2089.5744236404066,2058.885209643096,2066.106201171875,54900,0.0,0.0
2018-03-19 00:00:00+09:00,2056.177534316833,2058.8854063989006,2005.6305887849003,2024.585693359375,66100,0.0,0.0
2018-03-20 00:00:00+09:00,2005.6306826318532,2046.2487657634613,1999.312314144714,2043.5408935546875,41200,0.0,0.0
2018-03-21 00:00:00+09:00,2043.5408935546875,2043.5408935546875,2043.5408935546875,2043.5408935546875,0,0.0,0.0
2018-03-22 00:00:00+09:00,2046.2486348120665,2055.274874930338,1985.77282601965,2049.859130859375,96800,0.0,0.0
2018-03-23 00:00:00+09:00,1970.4279065583883,1994.7987510279606,1962.3042917351975,1972.233154296875,100100,0.0,0.0
2018-03-26 00:00:00+09:00,1972.2335076321299,1995.7017324369058,1937.0311704249661,1993.896484375,149700,0.0,0.0
2018-03-27 00:00:00+09:00,2037.2220501955671,2077.8401238591914,2033.6115547588004,2076.9375,212100,0.0,0.0
2018-03-28 00:00:00+09:00,2039.523869142351,2076.025414898814,2035.8737145667048,2065.074951171875,93200,25.0,0.0
2018-03-29 00:00:00+09:00,2089.713716311637,2094.2764100153745,2024.923465718569,2049.56201171875,39200,0.0,0.0
2018-03-30 00:00:00+09:00,2072.3751338731377,2080.5879811672185,2043.1738990497379,2066.89990234375,36600,0.0,0.0
2018-04-02 00:00:00+09:00,2072.375284812653,2076.9379780861286,2052.29943440936,2054.12451171875,24000,0.0,0.0
2018-04-03 00:00:00+09:00,2025.835900191647,2062.337447942848,2012.1478197849467,2042.2615966796875,35900,0.0,0.0
2018-04-04 00:00:00+09:00,2059.599703225623,2086.975862329198,2045.911623673836,2072.375244140625,71700,0.0,0.0
2018-04-05 00:00:00+09:00,2085.150946200051,2094.2763332731365,2049.561936615017,2082.413330078125,38200,0.0,0.0
2018-04-06 00:00:00+09:00,2082.4135084219856,2082.4135084219856,2057.774961214539,2058.6875,33600,0.0,0.0
2018-04-09 00:00:00+09:00,2056.8621114500334,2068.725113867447,2034.0486452626992,2061.4248046875,48500,0.0,0.0
2018-04-10 00:00:00+09:00,2035.8735789573266,2108.8766656075218,2033.135963207944,2100.663818359375,60900,0.0,0.0
2018-04-11 00:00:00+09:00,2097.9264713470593,2097.9264713470593,2069.637771646425,2089.713623046875,24100,0.0,0.0
2018-04-12 00:00:00+09:00,2089.713486384125,2093.3636409454953,2057.774633972141,2068.72509765625,26400,0.0,0.0
2018-04-13 00:00:00+09:00,2085.151080150149,2118.0024757236306,2085.151080150149,2103.40185546875,50200,0.0,0.0
2018-04-16 00:00:00+09:00,2094.275745854384,2105.226207270616,2081.5002075354464,2099.7509765625,24200,0.0,0.0
2018-04-17 00:00:00+09:00,2084.238111841925,2097.9261905098883,2068.7249560182327,2077.850341796875,25300,0.0,0.0
2018-04-18 00:00:00+09:00,2086.9758330297386,2119.8272234928218,2077.8504467899934,2113.439453125,20000,0.0,0.0
2018-04-19 00:00:00+09:00,2124.3899115980203,2151.766070252634,2118.0021412452775,2143.55322265625,31900,0.0,0.0
2018-04-20 00:00:00+09:00,2146.290948447452,2170.0169538299497,2123.4774817335124,2149.028564453125,31300,0.0,0.0
2018-04-23 00:00:00+09:00,2121.652209896839,2142.6405973495816,2106.139053953507,2127.12744140625,20100,0.0,0.0
2018-04-24 00:00:00+09:00,2129.865025914066,2142.6405659152642,2114.3518701983253,2141.72802734375,20300,0.0,0.0
2018-04-25 00:00:00+09:00,2116.177222300384,2154.503847283832,2101.5766032590705,2153.59130859375,27000,0.0,0.0
2018-04-26 00:00:00+09:00,2162.7168815324953,2162.7168815324953,2138.078334780859,2152.678955078125,32400,0.0,0.0
2018-04-27 00:00:00+09:00,2162.7163676982286,2168.191599008857,2133.5151340415437,2163.62890625,39500,0.0,0.0
2018-04-30 00:00:00+09:00,2163.62890625,2163.62890625,2163.62890625,2163.62890625,0,0.0,0.0
2018-05-01 00:00:00+09:00,2162.7165256537533,2162.7165256537533,2124.3899036801427,2147.203369140625,29900,0.0,0.0
2018-05-02 00:00:00+09:00,2154.503847283832,2159.0665407342426,2120.7399157507944,2153.59130859375,44000,0.0,0.0
2018-05-03 00:00:00+09:00,2153.59130859375,2153.59130859375,2153.59130859375,2153.59130859375,0,0.0,0.0
2018-05-04 00:00:00+09:00,2153.59130859375,2153.59130859375,2153.59130859375,2153.59130859375,0,0.0,0.0
2018-05-07 00:00:00+09:00,2146.2906226886093,2159.9787006394295,2104.313850306094,2159.066162109375,30600,0.0,0.0
2018-05-08 00:00:00+09:00,2162.7169473516115,2179.1426456859276,2130.7780894793304,2176.405029296875,32300,0.0,0.0
2018-05-09 00:00:00+09:00,2189.1799676746477,2214.7310469138683,2185.529813497616,2201.04296875,60700,0.0,0.0
2018-05-10 00:00:00+09:00,2211.993879619398,2225.6819605576366,2170.929636804681,2219.294189453125,69800,0.0,0.0
2018-05-11 00:00:00+09:00,2281.3468226458253,2410.9273221721082,2279.521745187709,2325.148681640625,160200,0.0,0.0
2018-05-14 00:00:00+09:00,2299.5972467237902,2325.1483272429437,2282.259013514365,2319.673095703125,57300,0.0,0.0
2018-05-15 00:00:00+09:00,2320.58566600712,2337.0113608510555,2305.072509765625,2305.072509765625,37700,0.0,0.0
2018-05-16 00:00:00+09:00,2305.0725528152734,2332.448711399778,2305.0725528152734,2313.285400390625,29300,0.0,0.0
2018-05-17 00:00:00+09:00,2318.7606534001916,2325.1484237952336,2274.0462606348988,2275.871337890625,31600,0.0,0.0
2018-05-18 00:00:00+09:00,2286.8216905992513,2302.334846521114,2265.833303175555,2270.39599609375,21700,0.0,0.0
2018-05-21 00:00:00+09:00,2273.1336869190222,2294.122075035898,2246.670067119483,2264.00830078125,31700,0.0,0.0
2018-05-22 00:00:00+09:00,2261.270479241797,2268.5707874879367,2232.9817847880054,2245.75732421875,24200,0.0,0.0
2018-05-23 00:00:00+09:00,2228.419181667774,2247.5824915838357,2216.5561802911643,2232.0693359375,27900,0.0,0.0
2018-05-24 00:00:00+09:00,2238.4571373456793,2238.4571373456793,2202.8681327160493,2217.46875,38500,0.0,0.0
2018-05-25 00:00:00+09:00,2217.468809051702,2248.4951216063346,2209.2559616107696,2218.38134765625,31800,0.0,0.0
2018-05-28 00:00:00+09:00,2218.381132337782,2246.6698263330395,2214.730978273878,2233.894287109375,50300,0.0,0.0
2018-05-29 00:00:00+09:00,2231.156892625365,2231.156892625365,2174.579499029139,2188.267578125,34100,0.0,0.0
2018-05-30 00:00:00+09:00,2144.465702193356,2161.8039355302385,2138.990470613288,2142.640625,35500,0.0,0.0
2018-05-31 00:00:00+09:00,2164.5414108702957,2167.279026482695,2097.0135590977825,2121.652099609375,86200,0.0,0.0
2018-06-01 00:00:00+09:00,2098.8391541598135,2107.052003023917,2076.025685092859,2080.58837890625,62600,0.0,0.0
2018-06-04 00:00:00+09:00,2117.0897257873166,2123.477496511675,2096.1013362644253,2115.2646484375,54200,0.0,0.0
2018-06-05 00:00:00+09:00,2125.3022021063443,2128.039817652209,2099.7511236782734,2117.08935546875,30500,0.0,0.0
2018-06-06 00:00:00+09:00,2103.4014341087573,2104.313972691885,2089.7133553618455,2100.663818359375,31500,0.0,0.0
2018-06-07 00:00:00+09:00,2115.2646836103017,2157.2414633540784,2115.2646836103017,2153.59130859375,35800,0.0,0.0
2018-06-08 00:00:00+09:00,2142.640793773222,2168.1918764928346,2142.640793773222,2149.028564453125,49400,0.0,0.0
2018-06-11 00:00:00+09:00,2144.46552463686,2149.9407557635927,2131.6899853411514,2139.90283203125,21200,0.0,0.0
2018-06-12 00:00:00+09:00,2153.591212707704,2153.591212707704,2107.964280235083,2114.35205078125,28700,0.0,0.0
2018-06-13 00:00:00+09:00,2121.6527318439526,2125.3028870815333,2097.014183990281,2112.52734375,28000,0.0,0.0
2018-06-14 00:00:00+09:00,2099.7518004184662,2120.7401930345573,2086.0637182775376,2112.52734375,40800,0.0,0.0
2018-06-15 00:00:00+09:00,2135.3402371459856,2142.640545649049,2108.8766188223813,2122.564697265625,54700,0.0,0.0
2018-06-18 00:00:00+09:00,2126.214552513512,2126.214552513512,2049.5613240108787,2057.774169921875,36000,0.0,0.0
2018-06-19 00:00:00+09:00,2043.1738547200816,2043.1738547200816,1996.6343877300308,2002.109619140625,68000,0.0,0.0
2018-06-20 00:00:00+09:00,2058.687063011596,2058.687063011596,1968.3457424273106,2006.67236328125,74400,0.0,0.0
2018-06-21 00:00:00+09:00,1989.3341660610465,2013.9727084847384,1960.1329305959302,1961.9580078125,58500,0.0,0.0
2018-06-22 00:00:00+09:00,1948.2700758063966,1982.9465455397187,1930.9318409397354,1977.4713134765625,71800,0.0,0.0
2018-06-25 00:00:00+09:00,1982.0339224061613,1982.0339224061613,1928.1941427459572,1932.7568359375,31900,0.0,0.0
2018-06-26 00:00:00+09:00,1924.5438939144738,1976.55859375,1917.243585165628,1976.55859375,52300,0.0,0.0
2018-06-27 00:00:00+09:00,1983.8589144106263,2001.19714779324,1968.3457582261826,1971.0833740234375,51600,0.0,0.0
2018-06-28 00:00:00+09:00,1965.6080750542333,1973.8209221644877,1932.7566866132154,1945.5322265625,42100,0.0,0.0
2018-06-29 00:00:00+09:00,1939.1444997199903,1939.1444997199903,1905.3805719601598,1925.4564208984375,66400,0.0,0.0
2018-07-02 00:00:00+09:00,1924.5438823103339,1967.4331959511997,1921.8062665460234,1925.4564208984375,42200,0.0,0.0
2018-07-03 00:00:00+09:00,1926.3689435109832,1936.4068678968765,1892.6050160311602,1904.468017578125,39800,0.0,0.0
2018-07-04 00:00:00+09:00,1884.39236829095,1903.5556805108577,1878.917136228119,1896.25537109375,26800,0.0,0.0
2018-07-05 00:00:00+09:00,1896.2553471607528,1911.7685044763123,1846.9782592172105,1852.4534912109375,35500,0.0,0.0
2018-07-06 00:00:00+09:00,1867.0541156626002,1884.3923503632793,1860.6663449834027,1877.092041015625,29500,0.0,0.0
2018-07-09 00:00:00+09:00,1904.468174235026,1920.8938700358071,1889.8675557454426,1916.3311767578125,31600,0.0,0.0
2018-07-10 00:00:00+09:00,1951.9201884747006,1955.5703431048544,1912.681026200548,1914.506103515625,53100,0.0,0.0
2018-07-11 00:00:00+09:00,1914.5062636155349,1934.5821157602163,1893.5178727370042,1898.08056640625,48700,0.0,0.0
2018-07-12 00:00:00+09:00,1930.9317683798158,1934.5819229514223,1898.0803772353577,1900.8179931640625,28900,0.0,0.0
2018-07-13 00:00:00+09:00,1905.380622506649,1938.232012549867,1905.380622506649,1930.0191650390625,39700,0.0,0.0
2018-07-16 00:00:00+09:00,1930.0191650390625,1930.0191650390625,1930.0191650390625,1930.0191650390625,0,0.0,0.0
2018-07-17 00:00:00+09:00,1951.0075643664209,1984.7714932165413,1938.2320237204292,1952.8326416015625,52600,0.0,0.0
2018-07-18 00:00:00+09:00,1998.459618938856,1998.459618938856,1974.7336143304494,1987.5091552734375,45500,0.0,0.0
2018-07-19 00:00:00+09:00,2002.1098062548783,2003.9348835623123,1972.9085693359375,1972.9085693359375,43100,0.0,0.0
2018-07-20 00:00:00+09:00,1998.4593405968274,1999.3718791085153,1958.3076460825532,1973.82080078125,41400,0.0,0.0
2018-07-23 00:00:00+09:00,1957.395279381108,1990.2466686854063,1954.6576636057498,1978.3836669921875,45300,0.0,0.0
2018-07-24 00:00:00+09:00,1999.3719520899954,2027.6606469849246,1989.3340280950204,1997.546875,75400,0.0,0.0
2018-07-25 00:00:00+09:00,2056.861845057098,2058.6869221157112,1997.5468406521684,2013.9725341796875,87800,0.0,0.0
2018-07-26 00:00:00+09:00,2053.2114777490992,2064.1619389637613,2032.2230937543309,2057.774169921875,53700,0.0,0.0
2018-07-27 00:00:00+09:00,2069.6379211293383,2105.22693300061,2066.900304831548,2103.40185546875,67100,0.0,0.0
2018-07-30 00:00:00+09:00,2104.313984568046,2146.290759628814,2097.013675861826,2123.477294921875,66900,0.0,0.0
2018-07-31 00:00:00+09:00,2088.800397251522,2107.0511652484774,2054.1239380573074,2097.92578125,61700,0.0,0.0
2018-08-01 00:00:00+09:00,2110.7019550629584,2122.5649578367666,2072.3753307168085,2115.2646484375,34100,0.0,0.0
2018-08-02 00:00:00+09:00,2111.6142854629184,2165.4540619721283,2108.876669708213,2127.12744140625,68700,0.0,0.0
2018-08-03 00:00:00+09:00,2355.2621702709125,2413.6646417538022,2295.0346215541826,2399.9765625,408200,0.0,0.0
2018-08-06 00:00:00+09:00,2390.850969098799,2463.8540521247164,2380.813045182735,2411.83935546875,280800,0.0,0.0
2018-08-07 00:00:00+09:00,2385.376035567041,2451.99135714179,2352.524644105521,2386.28857421875,141200,0.0,0.0
2018-08-08 00:00:00+09:00,2354.349811068772,2420.9651351804077,2337.0115760260173,2346.136962890625,101700,0.0,0.0
2018-08-09 00:00:00+09:00,2322.410903273587,2327.8861352655877,2286.8218953255832,2288.64697265625,146500,0.0,0.0
2018-08-10 00:00:00+09:00,2288.6467715758654,2289.5593101610234,2226.5941477851325,2240.2822265625,109100,0.0,0.0
2018-08-13 00:00:00+09:00,2217.468821590108,2230.244362126018,2178.22966137267,2184.617431640625,58900,0.0,0.0
2018-08-14 00:00:00+09:00,2195.5679950657895,2235.7196957236843,2138.9905986842105,2167.279296875,85900,0.0,0.0
2018-08-15 00:00:00+09:00,2201.0432373046874,2236.6322448730466,2174.5796162923175,2190.0927734375,62900,0.0,0.0
2018-08-16 00:00:00+09:00,2146.290989694861,2149.0286057531453,2097.926439331839,2130.77783203125,66500,0.0,0.0
2018-08-17 00:00:00+09:00,2131.6902712138913,2149.9410440838733,2120.739807491902,2148.115966796875,35000,0.0,0.0
2018-08-20 00:00:00+09:00,2137.1657043376968,2141.728397984874,2077.850686924396,2086.97607421875,63900,0.0,0.0
2018-08-21 00:00:00+09:00,2057.7743625217013,2075.112594401042,2043.173746202257,2053.211669921875,63400,0.0,0.0
2018-08-22 00:00:00+09:00,2044.9990189283064,2075.11279296875,2035.8736328554448,2075.11279296875,64400,0.0,0.0
2018-08-23 00:00:00+09:00,2092.451289743328,2100.6641382421026,2068.7252829690906,2094.2763671875,62100,0.0,0.0
2018-08-24 00:00:00+09:00,2103.4014657622142,2103.4014657622142,2076.9378464532756,2086.063232421875,26400,0.0,0.0
2018-08-27 00:00:00+09:00,2106.1388200196166,2107.9638969867046,2063.249511293047,2093.36328125,55100,0.0,0.0
2018-08-28 00:00:00+09:00,2117.089594732788,2159.066371180076,2117.089594732788,2147.203369140625,49300,0.0,0.0
2018-08-29 00:00:00+09:00,2162.716563437826,2207.4309565215617,2140.8156362131394,2185.530029296875,64700,0.0,0.0
2018-08-30 00:00:00+09:00,2209.2559774653064,2232.9819813538224,2193.742821076661,2211.0810546875,39400,0.0,0.0
2018-08-31 00:00:00+09:00,2212.9061883277336,2235.719654186782,2185.530029296875,2185.530029296875,54000,0.0,0.0
2018-09-03 00:00:00+09:00,2185.530092685572,2185.530092685572,2106.139229193445,2129.865234375,56700,0.0,0.0
2018-09-04 00:00:00+09:00,2140.8152970367078,2152.678297403919,2105.2262959350746,2116.1767578125,56800,0.0,0.0
2018-09-05 00:00:00+09:00,2125.302352177404,2129.8650450760247,2092.4509633073367,2104.31396484375,75500,0.0,0.0
2018-09-06 00:00:00+09:00,2104.3141152480093,2113.4395016974804,2081.5006491243316,2091.53857421875,66000,0.0,0.0
2018-09-07 00:00:00+09:00,2071.462571751825,2083.3255732640605,2046.8240301494907,2077.850341796875,63300,0.0,0.0
2018-09-10 00:00:00+09:00,2083.3258858604945,2115.2647408780667,2083.3258858604945,2101.57666015625,42800,0.0,0.0
2018-09-11 00:00:00+09:00,2102.48931670282,2119.827553255491,2060.512533470038,2103.40185546875,83900,0.0,0.0
2018-09-12 00:00:00+09:00,2100.6639145425493,2100.6639145425493,2044.0865197981368,2056.862060546875,43500,0.0,0.0
2018-09-13 00:00:00+09:00,2057.774639624832,2084.2382602674575,2027.6608644108103,2038.611328125,59100,0.0,0.0
2018-09-14 00:00:00+09:00,2036.7861444949049,2080.587997064688,2030.3983743284782,2059.599609375,87200,0.0,0.0
2018-09-17 00:00:00+09:00,2059.599609375,2059.599609375,2059.599609375,2059.599609375,0,0.0,0.0
2018-09-18 00:00:00+09:00,2071.462899135349,2115.2647577954795,2048.649431083197,2094.2763671875,59600,0.0,0.0
2018-09-19 00:00:00+09:00,2131.6902631997455,2165.454192882276,2121.652338158993,2151.76611328125,82900,0.0,0.0
2018-09-20 00:00:00+09:00,2160.891499681934,2170.9294247226862,2133.5153404798825,2151.76611328125,49900,0.0,0.0
2018-09-21 00:00:00+09:00,2166.3666515716222,2217.4688135295037,2165.454112965231,2188.267578125,77200,0.0,0.0
2018-09-24 00:00:00+09:00,2188.267578125,2188.267578125,2188.267578125,2188.267578125,0,0.0,0.0
2018-09-25 00:00:00+09:00,2211.993670916411,2242.1074461392827,2185.5300502660084,2231.156982421875,118600,0.0,0.0
2018-09-26 00:00:00+09:00,2209.0296336484053,2243.142361713927,2209.0296336484053,2240.37646484375,61900,25.0,0.0
2018-09-27 00:00:00+09:00,2239.4547952253847,2249.596418423194,2186.902747745826,2195.200439453125,48200,0.0,0.0
2018-09-28 00:00:00+09:00,2220.0936270816305,2268.0358482644565,2198.88841386615,2256.05029296875,63000,0.0,0.0
2018-10-01 00:00:00+09:00,2256.0502490649683,2297.5387088965676,2240.376830906364,2276.33349609375,50300,0.0,0.0
2018-10-02 00:00:00+09:00,2303.992425270035,2316.8999458597827,2256.0502059366845,2296.61669921875,67100,0.0,0.0
2018-10-03 00:00:00+09:00,2303.9924889605977,2314.134112561465,2223.781465935559,2226.54736328125,47200,0.0,0.0
2018-10-04 00:00:00+09:00,2297.538348643193,2297.538348643193,2230.234857691767,2255.1279296875,46500,0.0,0.0
2018-10-05 00:00:00+09:00,2249.5960856958764,2260.6596730025776,2223.7810486469075,2235.7666015625,57100,0.0,0.0
2018-10-08 00:00:00+09:00,2235.7666015625,2235.7666015625,2235.7666015625,2235.7666015625,0,0.0,0.0
2018-10-09 00:00:00+09:00,2201.653848630336,2213.639401407637,2173.072915084465,2181.37060546875,61200,0.0,0.0
2018-10-10 00:00:00+09:00,2221.0151620492406,2222.8590932755164,2181.3706406843103,2185.98046875,49300,0.0,0.0
2018-10-11 00:00:00+09:00,2111.301254500605,2138.038257286857,2083.6422861010333,2096.5498046875,68300,0.0,0.0
2018-10-12 00:00:00+09:00,2091.0182676890013,2130.662793928255,2083.642541877047,2111.301513671875,55400,0.0,0.0
2018-10-15 00:00:00+09:00,2091.0180516624114,2100.2377079748558,2072.578739037522,2076.2666015625,85900,0.0,0.0
2018-10-16 00:00:00+09:00,2046.763916015625,2070.735024941934,2036.6222930083404,2046.763916015625,57500,0.0,0.0
2018-10-17 00:00:00+09:00,2051.3735274651444,2183.2146126011066,2051.3735274651444,2165.697265625,103100,0.0,0.0
2018-10-18 00:00:00+09:00,2152.789842969097,2152.789842969097,2067.047035518936,2075.3447265625,105600,0.0,0.0
2018-10-19 00:00:00+09:00,2063.359425277161,2066.1253226300796,2025.558828120609,2050.451904296875,105500,0.0,0.0
2018-10-22 00:00:00+09:00,2032.9343609701994,2046.763846418976,1996.0557331067944,2037.544189453125,109200,0.0,0.0
2018-10-23 00:00:00+09:00,2019.1046353044183,2019.1046353044183,1937.9716636574826,1951.8011474609375,240400,0.0,0.0
2018-10-24 00:00:00+09:00,1941.659674310065,1942.5816399673822,1906.6249793320105,1916.7666015625,249200,0.0,0.0
2018-10-25 00:00:00+09:00,1863.2926618510867,1872.5123187627694,1835.6336911160383,1861.44873046875,108200,0.0,0.0
2018-10-26 00:00:00+09:00,1873.4342140057242,1876.200110975221,1829.179862493778,1852.22900390625,119600,0.0,0.0
2018-10-29 00:00:00+09:00,1854.9949774720953,1888.1857424765662,1854.0730117775267,1868.824462890625,75400,0.0,0.0
2018-10-30 00:00:00+09:00,1865.1365345164495,1926.908233880069,1865.1365345164495,1895.5614013671875,273900,0.0,0.0
2018-10-31 00:00:00+09:00,1927.8301858410202,1929.6741171522026,1890.0295939617845,1913.0787353515625,108600,0.0,0.0
2018-11-01 00:00:00+09:00,1913.0786816429325,1960.0989287580119,1897.405265937906,1950.8792724609375,158800,0.0,0.0
2018-11-02 00:00:00+09:00,1952.7232328446883,1989.6018585830204,1937.0498169058972,1980.3822021484375,131600,0.0,0.0
2018-11-05 00:00:00+09:00,1824.5700433947134,1827.3359403781315,1779.3937259988868,1798.7550048828125,339000,0.0,0.0
2018-11-06 00:00:00+09:00,1812.5845605012412,1821.8042174722548,1774.7839669200862,1775.7059326171875,188000,0.0,0.0
2018-11-07 00:00:00+09:00,1789.5353024314084,1827.335893569836,1777.5497491436142,1783.08154296875,123800,0.0,0.0
2018-11-08 00:00:00+09:00,1841.165381151759,1861.4486252105166,1832.8676904004492,1847.619140625,94700,0.0,0.0
2018-11-09 00:00:00+09:00,1850.3849872352496,1874.3560931984366,1828.2578125,1828.2578125,60400,0.0,0.0
2018-11-12 00:00:00+09:00,1826.414044825491,1852.2290843283247,1810.7406279844847,1840.2435302734375,46900,0.0,0.0
2018-11-13 00:00:00+09:00,1803.3649275124742,1807.9747560592853,1777.5498876503325,1801.52099609375,89000,0.0,0.0
2018-11-14 00:00:00+09:00,1802.4427490234375,1818.1161642323368,1796.9109554202964,1802.4427490234375,46700,0.0,0.0
2018-11-15 00:00:00+09:00,1793.2233424679819,1813.5065885010388,1784.0036851802288,1809.8187255859375,34000,0.0,0.0
2018-11-16 00:00:00+09:00,1815.350355068109,1817.194286358173,1787.6913857171473,1797.8330078125,44900,0.0,0.0
2018-11-19 00:00:00+09:00,1795.9892085364106,1812.584591366829,1789.5354485468033,1808.896728515625,29600,0.0,0.0
2018-11-20 00:00:00+09:00,1780.3158713077019,1807.0528781787134,1771.0962137659737,1796.9112548828125,48200,0.0,0.0
2018-11-21 00:00:00+09:00,1771.096127684797,1809.8186874780097,1758.1886077537263,1801.52099609375,59500,0.0,0.0
2018-11-22 00:00:00+09:00,1803.3648961033507,1821.804209969438,1784.9255822372631,1800.5989990234375,35300,0.0,0.0
2018-11-23 00:00:00+09:00,1800.5989990234375,1800.5989990234375,1800.5989990234375,1800.5989990234375,0,0.0,0.0
2018-11-26 00:00:00+09:00,1808.896648412777,1831.9457902121244,1807.0527170688292,1820.8822021484375,32900,0.0,0.0
2018-11-27 00:00:00+09:00,1839.3214148578195,1854.994830423024,1821.8040680496497,1843.00927734375,48600,0.0,0.0
2018-11-28 00:00:00+09:00,1841.1654402116437,1854.072959572166,1823.6480925080778,1845.7752685546875,57400,0.0,0.0
2018-11-29 00:00:00+09:00,1846.6972342232962,1871.590307275732,1845.7752685546875,1845.7752685546875,81600,0.0,0.0
2018-11-30 00:00:00+09:00,1848.541253041672,1848.541253041672,1815.3504874010234,1841.16552734375,99900,0.0,0.0
2018-12-03 00:00:00+09:00,1872.5123115606673,1898.3273508140885,1862.3706889968232,1886.341796875,38500,0.0,0.0
2018-12-04 00:00:00+09:00,1889.1076727734178,1889.1076727734178,1831.94580078125,1831.94580078125,38000,0.0,0.0
2018-12-05 00:00:00+09:00,1802.442843288153,1823.64805320919,1790.4572898545232,1805.208740234375,38800,0.0,0.0
2018-12-06 00:00:00+09:00,1795.0672225715944,1811.6626052147833,1775.7059428212074,1786.76953125,62300,0.0,0.0
2018-12-07 00:00:00+09:00,1839.3215260740185,1839.3215260740185,1775.7058943451427,1799.677001953125,60200,0.0,0.0
2018-12-10 00:00:00+09:00,1789.535386439732,1793.2232491629466,1762.7983816964286,1774.783935546875,58300,0.0,0.0
2018-12-11 00:00:00+09:00,1784.0036784632923,1787.6915413645086,1734.217529296875,1734.217529296875,49300,0.0,0.0
2018-12-12 00:00:00+09:00,1752.656643930803,1784.0034750163618,1748.0468158299855,1749.8907470703125,56300,0.0,0.0
2018-12-13 00:00:00+09:00,1764.6423442519713,1795.989177953417,1764.6423442519713,1775.7059326171875,59000,0.0,0.0
2018-12-14 00:00:00+09:00,1775.7059366754618,1775.7059366754618,1739.7492744063325,1747.125,59500,0.0,0.0
2018-12-17 00:00:00+09:00,1754.5006345595991,1767.4081536787976,1741.5931154404009,1748.046875,56800,0.0,0.0
2018-12-18 00:00:00+09:00,1725.9198426942569,1728.6857398780617,1705.6365966796875,1705.6365966796875,50400,0.0,0.0
2018-12-19 00:00:00+09:00,1708.4023892489347,1729.607599692931,1691.8070071623288,1724.0758056640625,41900,0.0,0.0
2018-12-20 00:00:00+09:00,1721.3100020709205,1721.3100020709205,1654.9284701217473,1658.6163330078125,62700,0.0,0.0
2018-12-21 00:00:00+09:00,1650.3184968794899,1658.616187645923,1595.000558436602,1604.22021484375,73200,0.0,0.0
2018-12-24 00:00:00+09:00,1604.22021484375,1604.22021484375,1604.22021484375,1604.22021484375,0,0.0,0.0
2018-12-25 00:00:00+09:00,1567.3415793512102,1567.3415793512102,1464.0814282410126,1471.4571533203125,125400,0.0,0.0
2018-12-26 00:00:00+09:00,1481.5990049276847,1527.6972938177807,1481.5990049276847,1524.931396484375,59700,0.0,0.0
2018-12-27 00:00:00+09:00,1571.9513668387276,1623.5814410574776,1568.2635043945313,1613.4398193359375,60700,0.0,0.0
2018-12-28 00:00:00+09:00,1611.595975794417,1658.6162245161076,1598.6884565374824,1641.098876953125,42500,0.0,0.0
2018-12-31 00:00:00+09:00,1641.098876953125,1641.098876953125,1641.098876953125,1641.098876953125,0,0.0,0.0
2019-01-04 00:00:00+09:00,1628.191314062951,1630.0352453359556,1579.3271353283324,1596.844482421875,55100,0.0,0.0
2019-01-07 00:00:00+09:00,1633.723096413949,1668.7577903551057,1632.8011307839183,1646.630615234375,57900,0.0,0.0
2019-01-08 00:00:00+09:00,1652.1625595905778,1666.9140110154935,1639.2550395937762,1643.8648681640625,52300,0.0,0.0
2019-01-09 00:00:00+09:00,1650.3184374243813,1666.913818359375,1640.1768157418849,1666.913818359375,30200,0.0,0.0
2019-01-10 00:00:00+09:00,1650.318672688802,1665.992090250651,1630.0354264322916,1659.538330078125,34700,0.0,0.0
2019-01-11 00:00:00+09:00,1654.928496810748,1659.5383254926721,1610.6741414642768,1619.893798828125,93100,0.0,0.0
2019-01-15 00:00:00+09:00,1585.7807964203273,1649.3964213930033,1581.1709685237565,1647.552490234375,46800,0.0,0.0
2019-01-16 00:00:00+09:00,1647.552632993406,1653.084426948616,1630.035285468574,1637.4110107421875,36600,0.0,0.0
2019-01-17 00:00:00+09:00,1640.1768907198755,1666.9138945596035,1639.2549250702295,1651.240478515625,27800,0.0,0.0
2019-01-18 00:00:00+09:00,1642.942712564384,1682.587233686869,1638.3328845268857,1666.913818359375,39300,0.0,0.0
2019-01-21 00:00:00+09:00,1689.0411098220368,1694.5729038498382,1677.0555560951336,1691.8070068359375,31100,0.0,0.0
2019-01-22 00:00:00+09:00,1701.9485140141753,1713.934066929768,1683.5092018363403,1699.1826171875,52100,0.0,0.0
2019-01-23 00:00:00+09:00,1675.2116490889048,1681.6654088817625,1653.08447265625,1653.08447265625,53300,0.0,0.0
2019-01-24 00:00:00+09:00,1653.0844932140462,1684.4313268834703,1646.6307333409295,1675.211669921875,33000,0.0,0.0
2019-01-25 00:00:00+09:00,1676.133607700893,1736.061376953125,1676.133607700893,1710.246337890625,63000,0.0,0.0
2019-01-28 00:00:00+09:00,1720.3878787176504,1728.6855694510152,1689.9630126953125,1689.9630126953125,30700,0.0,0.0
2019-01-29 00:00:00+09:00,1677.9774281864084,1695.4947749641785,1665.0699095080513,1689.041015625,29100,0.0,0.0
2019-01-30 00:00:00+09:00,1697.3386834068635,1702.8704770518614,1666.913818359375,1666.913818359375,49900,0.0,0.0
2019-01-31 00:00:00+09:00,1679.821589398489,1691.8071440978197,1667.8360346991585,1674.289794921875,67100,0.0,0.0
2019-02-01 00:00:00+09:00,1666.9139544176217,1678.899508293412,1648.4746407625594,1649.3966064453125,42800,0.0,0.0
2019-02-04 00:00:00+09:00,1677.9775492622691,1723.1538678962534,1668.7578923981907,1721.3099365234375,76000,0.0,0.0
2019-02-05 00:00:00+09:00,1731.4515831134565,1747.125,1724.9978232189974,1747.125,46700,0.0,0.0
2019-02-06 00:00:00+09:00,1748.9687888754877,1769.252032605198,1732.3734076420883,1757.2664794921875,64600,0.0,0.0
2019-02-07 00:00:00+09:00,1756.3446638274681,1762.7984237470441,1711.1683443904362,1754.500732421875,84900,0.0,0.0
2019-02-08 00:00:00+09:00,1724.0759129379735,1724.0759129379735,1666.9140377496556,1673.3677978515625,80900,0.0,0.0
2019-02-12 00:00:00+09:00,1690.8850141974358,1729.6075717744761,1674.289632378704,1726.8416748046875,45600,0.0,0.0
2019-02-13 00:00:00+09:00,1751.734818161262,1751.734818161262,1719.466018879344,1736.0614013671875,34900,0.0,0.0
2019-02-14 00:00:00+09:00,1725.9196136490664,1756.3444786332645,1725.9196136490664,1752.6566162109375,32600,0.0,0.0
2019-02-15 00:00:00+09:00,1736.9833356510694,1742.5151297136524,1721.3099191404174,1735.139404296875,25300,0.0,0.0
2019-02-18 00:00:00+09:00,1771.0960315298776,1795.067138671875,1765.5642375740322,1795.067138671875,39900,0.0,0.0
2019-02-19 00:00:00+09:00,1798.755148472737,1809.8187372895861,1784.0036967169378,1788.613525390625,49200,0.0,0.0
2019-02-20 00:00:00+09:00,1798.7549661622602,1805.2087256513098,1774.7838594886473,1790.457275390625,37200,0.0,0.0
2019-02-21 00:00:00+09:00,1793.2233918661213,1809.818775441232,1777.5499740451835,1796.9112548828125,42300,0.0,0.0
2019-02-22 00:00:00+09:00,1783.0815393003156,1783.0815393003156,1759.1104327740447,1779.3936767578125,29900,0.0,0.0
2019-02-25 00:00:00+09:00,1790.4574420144206,1812.5846194646504,1786.7695791060492,1806.130859375,35700,0.0,0.0
2019-02-26 00:00:00+09:00,1815.350516645929,1816.272482373022,1789.5354762873278,1806.130859375,36800,0.0,0.0
2019-02-27 00:00:00+09:00,1796.911042167468,1816.272320713141,1790.4572826522435,1797.8330078125,41200,0.0,0.0
2019-02-28 00:00:00+09:00,1813.5063565101152,1816.2722533426168,1787.6913194067683,1792.3011474609375,44600,0.0,0.0
2019-03-01 00:00:00+09:00,1793.22314453125,1816.2722852064587,1790.4572476502249,1793.22314453125,47400,0.0,0.0
2019-03-04 00:00:00+09:00,1816.2724474435452,1820.8822759903562,1793.22330470949,1801.52099609375,45000,0.0,0.0
2019-03-05 00:00:00+09:00,1792.3013077836981,1802.4429304100463,1776.627890997524,1800.5989990234375,37500,0.0,0.0
2019-03-06 00:00:00+09:00,1788.613399789353,1797.8330564892983,1784.0035714393805,1784.925537109375,46500,0.0,0.0
2019-03-07 00:00:00+09:00,1775.7060168628961,1776.6279826037387,1761.8765307502567,1767.4083251953125,43700,0.0,0.0
2019-03-08 00:00:00+09:00,1749.8909466270434,1752.6568438029556,1731.4516321209628,1734.217529296875,64400,0.0,0.0
2019-03-11 00:00:00+09:00,1735.1393414436502,1752.6566886739529,1728.6855819377495,1733.29541015625,42000,0.0,0.0
2019-03-12 00:00:00+09:00,1756.3445489185758,1773.8618961256377,1748.0468581362834,1761.8763427734375,36600,0.0,0.0
2019-03-13 00:00:00+09:00,1765.5642608805774,1765.5642608805774,1722.2318743211063,1724.0758056640625,40500,0.0,0.0
2019-03-14 00:00:00+09:00,1729.6075993592474,1729.6075993592474,1687.1971784794364,1691.8070068359375,54900,0.0,0.0
2019-03-15 00:00:00+09:00,1701.9486256656198,1708.4023853512424,1679.821449600628,1688.119140625,102300,0.0,0.0
2019-03-18 00:00:00+09:00,1706.5584346499902,1762.79833984375,1705.636468991076,1762.79833984375,114300,0.0,0.0
2019-03-19 00:00:00+09:00,1762.7983922146095,1764.642323587219,1737.9053186843823,1753.5787353515625,75700,0.0,0.0
2019-03-20 00:00:00+09:00,1760.9543494022253,1772.0179369377367,1745.2809337269175,1764.6422119140625,93000,0.0,0.0
2019-03-22 00:00:00+09:00,1771.0960414830959,1783.081595121451,1752.6567281933187,1773.8619384765625,124400,0.0,0.0
2019-03-25 00:00:00+09:00,1744.3591104707575,1748.9689389868006,1715.7781736712893,1722.23193359375,203500,0.0,0.0
2019-03-26 00:00:00+09:00,1688.1191417599514,1795.0671594793146,1688.1191417599514,1784.925537109375,306700,0.0,0.0
2019-03-27 00:00:00+09:00,1756.9047079482596,1765.3109505700215,1713.0054409235024,1730.751953125,129500,25.0,0.0
2019-03-28 00:00:00+09:00,1699.9290594749577,1699.9290594749577,1662.567981244739,1664.43603515625,86600,0.0,0.0
2019-03-29 00:00:00+09:00,1649.4915771484375,1655.0957387922035,1637.3492269202782,1649.4915771484375,87100,0.0,0.0
2019-04-01 00:00:00+09:00,1662.5679520287713,1711.1373528745555,1662.5679520287713,1707.4012451171875,62700,0.0,0.0
2019-04-02 00:00:00+09:00,1719.54381835155,1753.1687925289839,1714.8736830491287,1748.4986572265625,51500,0.0,0.0
2019-04-03 00:00:00+09:00,1739.1581851923204,1781.1893980460552,1734.4880504307941,1780.25537109375,39500,0.0,0.0
2019-04-04 00:00:00+09:00,1775.5852912378737,1797.0679118051914,1763.4429404824332,1781.189453125,24900,0.0,0.0
2019-04-05 00:00:00+09:00,1771.8491477029086,1792.3977408760577,1768.113039853245,1786.7935791015625,43200,0.0,0.0
2019-04-08 00:00:00+09:00,1775.5852169701775,1789.595621101978,1769.0470283753373,1773.7171630859375,16100,0.0,0.0
2019-04-09 00:00:00+09:00,1759.7068350004997,1768.1130778428587,1741.9603223332972,1752.234619140625,22500,0.0,0.0
2019-04-10 00:00:00+09:00,1750.366711347531,1759.7069819523738,1729.818116016877,1748.4986572265625,19500,0.0,0.0
2019-04-11 00:00:00+09:00,1732.6199951171875,1742.8942915841897,1727.9498603594593,1732.6199951171875,15200,0.0,0.0
2019-04-12 00:00:00+09:00,1743.8284603327866,1758.7728927727032,1730.7520819478593,1739.1583251953125,40600,0.0,0.0
2019-04-15 00:00:00+09:00,1757.8389055415334,1792.3979063412341,1757.8389055415334,1789.5958251953125,74600,0.0,0.0
2019-04-16 00:00:00+09:00,1776.5192558356946,1791.463687009917,1765.3109324550278,1771.84912109375,44600,0.0,0.0
2019-04-17 00:00:00+09:00,1769.0471261967123,1793.331828034682,1760.6408832527998,1777.453369140625,53700,0.0,0.0
2019-04-18 00:00:00+09:00,1774.6513154317788,1775.5853424399006,1736.3562080987772,1744.762451171875,45400,0.0,0.0
2019-04-19 00:00:00+09:00,1756.904737336223,1778.387357728957,1753.1686294418344,1764.376953125,45100,0.0,0.0
2019-04-22 00:00:00+09:00,1764.3770442889754,1765.3110713108329,1743.8284498081084,1759.7069091796875,24200,0.0,0.0
2019-04-23 00:00:00+09:00,1755.9707103626258,1776.5193037817628,1752.2346024682372,1764.376953125,36300,0.0,0.0
2019-04-24 00:00:00+09:00,1764.3769553587947,1767.1790362831337,1733.5540651910658,1735.422119140625,30500,0.0,0.0
2019-04-25 00:00:00+09:00,1735.4220166408343,1743.8282589173507,1720.4775859270273,1741.960205078125,30000,0.0,0.0
2019-04-26 00:00:00+09:00,1726.081806456368,1741.960264632644,1713.0054291347287,1732.6199951171875,37300,0.0,0.0
2019-05-07 00:00:00+09:00,1738.2241676322099,1738.2241676322099,1683.1165771484375,1683.1165771484375,57900,0.0,0.0
2019-05-08 00:00:00+09:00,1664.4359807477679,1669.106115373884,1629.8769845145089,1634.547119140625,80100,0.0,0.0
2019-05-09 00:00:00+09:00,1621.4707910213326,1625.2068988347457,1598.1201171875,1598.1201171875,71200,0.0,0.0
2019-05-10 00:00:00+09:00,1599.054088998538,1628.0089235540022,1591.581873629386,1597.18603515625,75400,0.0,0.0
2019-05-13 00:00:00+09:00,1522.4639567965673,1522.4639567965673,1417.8529364522633,1422.5230712890625,226000,0.0,0.0
2019-05-14 00:00:00+09:00,1423.4571029420883,1432.7973726464327,1405.710590503834,1412.248779296875,142200,0.0,0.0
2019-05-15 00:00:00+09:00,1424.391022725822,1429.0611572265625,1402.9084040224163,1429.0611572265625,63700,0.0,0.0
2019-05-16 00:00:00+09:00,1421.589073120441,1421.589073120441,1390.7661825731516,1408.5126953125,86200,0.0,0.0
2019-05-17 00:00:00+09:00,1442.137780997984,1451.4780516003025,1420.6551586126513,1447.741943359375,72100,0.0,0.0
2019-05-20 00:00:00+09:00,1458.9502126497941,1466.4224288477444,1426.2592667837616,1446.807861328125,57500,0.0,0.0
2019-05-21 00:00:00+09:00,1430.9292388613862,1431.863265779703,1399.172323638614,1415.05078125,78500,0.0,0.0
2019-05-22 00:00:00+09:00,1417.8529723034771,1429.0612961952042,1404.7765944297955,1416.9189453125,61100,0.0,0.0
2019-05-23 00:00:00+09:00,1410.3807803076463,1418.7870233690826,1401.97453724621,1413.182861328125,35100,0.0,0.0
2019-05-24 00:00:00+09:00,1399.172354607833,1423.4570550215872,1394.5022199128805,1419.720947265625,53500,0.0,0.0
2019-05-27 00:00:00+09:00,1429.9953474509978,1429.9953474509978,1403.8425912598625,1413.182861328125,45300,0.0,0.0
2019-05-28 00:00:00+09:00,1412.2487865199703,1429.9952990489912,1403.8425437430658,1420.655029296875,73800,0.0,0.0
2019-05-29 00:00:00+09:00,1403.8425173737282,1407.5786252043968,1392.6341938817225,1405.7105712890625,47500,0.0,0.0
2019-05-30 00:00:00+09:00,1391.7000928941216,1401.9743888819305,1379.5577430903472,1398.23828125,54900,0.0,0.0
2019-05-31 00:00:00+09:00,1382.3599472149983,1382.3599472149983,1361.8113534050456,1369.2835693359375,87600,0.0,0.0
2019-06-03 00:00:00+09:00,1365.5475710003514,1379.5579769955668,1359.0093815359173,1371.1517333984375,47700,0.0,0.0
2019-06-04 00:00:00+09:00,1371.151528300544,1386.095959126708,1360.8772321075564,1384.2279052734375,70700,0.0,0.0
2019-06-05 00:00:00+09:00,1409.4467080306265,1440.2695982658888,1408.5126810538004,1439.3355712890625,56900,0.0,0.0
2019-06-06 00:00:00+09:00,1443.0715607287837,1449.6097490298203,1429.0611572265625,1429.0611572265625,40900,0.0,0.0
2019-06-07 00:00:00+09:00,1430.9292383823172,1448.6757498243956,1415.0507807762472,1444.005615234375,41100,0.0,0.0
2019-06-10 00:00:00+09:00,1456.1480783735003,1471.0925102233887,1449.6098894391741,1464.5543212890625,39200,0.0,0.0
2019-06-11 00:00:00+09:00,1467.3563735971552,1486.9709400169772,1456.1480499286856,1478.564697265625,43900,0.0,0.0
2019-06-12 00:00:00+09:00,1475.7626662299176,1494.4432063087775,1466.422396190488,1489.7730712890625,44200,0.0,0.0
2019-06-13 00:00:00+09:00,1468.2902791131403,1478.5645749593518,1444.0055798402766,1449.6097412109375,56900,0.0,0.0
2019-06-14 00:00:00+09:00,1447.74179471052,1455.2140104251548,1432.79736328125,1432.79736328125,53900,0.0,0.0
2019-06-17 00:00:00+09:00,1431.8633529994145,1431.8633529994145,1419.7210023216633,1420.655029296875,44600,0.0,0.0
2019-06-18 00:00:00+09:00,1425.3253540039063,1430.9295166015625,1397.304541015625,1401.0406494140625,44500,0.0,0.0
2019-06-19 00:00:00+09:00,1423.4570801716056,1464.5542662133057,1419.720972349633,1463.6202392578125,50100,0.0,0.0
2019-06-20 00:00:00+09:00,1499.1133199419294,1499.1133199419294,1457.0821053641182,1464.5543212890625,36300,0.0,0.0
2019-06-21 00:00:00+09:00,1464.5541404269645,1481.3666241818657,1454.2798447989692,1473.8944091796875,50500,0.0,0.0
2019-06-24 00:00:00+09:00,1467.3563544568676,1473.8945431781906,1458.950111815167,1472.0264892578125,29000,0.0,0.0
2019-06-25 00:00:00+09:00,1468.290334923837,1472.9604695769026,1448.6757693809611,1450.5438232421875,56900,0.0,0.0
2019-06-26 00:00:00+09:00,1443.0717706680298,1452.4120410283408,1432.797473271688,1434.66552734375,40400,0.0,0.0
2019-06-27 00:00:00+09:00,1434.6653949024544,1485.1028501919939,1433.731367952648,1484.1688232421875,42300,0.0,0.0
2019-06-28 00:00:00+09:00,1461.752247347738,1478.5647332597248,1450.5439234064133,1472.9605712890625,47600,0.0,0.0
2019-07-01 00:00:00+09:00,1502.8494632387485,1515.9258414148471,1479.498787924287,1506.5855712890625,66200,0.0,0.0
2019-07-02 00:00:00+09:00,1499.1131480010874,1533.672142690209,1499.1131480010874,1529.93603515625,41500,0.0,0.0
2019-07-03 00:00:00+09:00,1513.1237603771117,1514.9918144022686,1495.3772471381208,1506.5855712890625,41100,0.0,0.0
2019-07-04 00:00:00+09:00,1521.5300786159592,1537.408538613793,1521.5300786159592,1532.7384033203125,33600,0.0,0.0
2019-07-05 00:00:00+09:00,1529.936173828125,1529.936173828125,1504.717445688101,1517.7938232421875,59200,0.0,0.0
2019-07-08 00:00:00+09:00,1513.1237655811096,1515.925846628482,1494.4432252652934,1496.311279296875,47300,0.0,0.0
2019-07-09 00:00:00+09:00,1497.2452246247783,1501.9153594489353,1471.0924696094983,1480.4327392578125,37900,0.0,0.0
2019-07-10 00:00:00+09:00,1471.0925222813398,1471.0925222813398,1456.148090308958,1462.686279296875,48600,0.0,0.0
2019-07-11 00:00:00+09:00,1462.6862458655582,1487.9049742425507,1458.9501379578558,1486.970947265625,28900,0.0,0.0
2019-07-12 00:00:00+09:00,1477.6307013293058,1495.3772141771292,1463.620296449445,1483.23486328125,40600,0.0,0.0
2019-07-16 00:00:00+09:00,1475.7626832752253,1489.7730884961927,1473.8946292457629,1477.6307373046875,27700,0.0,0.0
2019-07-17 00:00:00+09:00,1466.422320124292,1481.3667514121828,1459.8841314358397,1463.6202392578125,34400,0.0,0.0
2019-07-18 00:00:00+09:00,1456.1480346034666,1456.1480346034666,1411.3147404014355,1414.1168212890625,62800,0.0,0.0
2019-07-19 00:00:00+09:00,1419.7210373762773,1463.620306295149,1413.18284838836,1462.686279296875,50900,0.0,0.0
2019-07-22 00:00:00+09:00,1458.0159832669287,1472.960413588691,1444.0055798402766,1449.6097412109375,40900,0.0,0.0
2019-07-23 00:00:00+09:00,1449.6099386867088,1480.4328304242483,1447.7418846420094,1475.7626953125,33900,0.0,0.0
2019-07-24 00:00:00+09:00,1475.7626543421259,1497.2452752597644,1475.7626543421259,1491.64111328125,32200,0.0,0.0
2019-07-25 00:00:00+09:00,1506.5855282232628,1506.5855282232628,1488.8390154915567,1503.783447265625,41300,0.0,0.0
2019-07-26 00:00:00+09:00,1489.77304508144,1489.77304508144,1461.7522354560838,1474.82861328125,32600,0.0,0.0
2019-07-29 00:00:00+09:00,1478.5647261483327,1478.5647261483327,1455.2140513828822,1464.5543212890625,25600,0.0,0.0
2019-07-30 00:00:00+09:00,1454.2799770142221,1473.8945431781906,1454.2799770142221,1472.0264892578125,41000,0.0,0.0
2019-07-31 00:00:00+09:00,1455.2139025815984,1463.6201446375896,1448.6757143158275,1449.6097412109375,58200,0.0,0.0
2019-08-01 00:00:00+09:00,1441.2037409291877,1442.1377679809889,1423.4572269449657,1430.929443359375,55000,0.0,0.0
2019-08-02 00:00:00+09:00,1402.9083677625722,1406.6444752666002,1376.755615234375,1376.755615234375,102300,0.0,0.0
2019-08-05 00:00:00+09:00,1510.3215733337402,1516.8597619628906,1454.2799565124512,1494.443115234375,233900,0.0,0.0
2019-08-06 00:00:00+09:00,1432.7973190483456,1479.4986658230634,1403.8424840480204,1458.9500732421875,112500,0.0,0.0
2019-08-07 00:00:00+09:00,1449.6098703952814,1459.8841671571038,1410.3807373046875,1410.3807373046875,75400,0.0,0.0
2019-08-08 00:00:00+09:00,1425.325057380822,1487.904860031225,1423.4570035703623,1466.4222412109375,87300,0.0,0.0
2019-08-09 00:00:00+09:00,1481.366711086697,1490.7069803873699,1455.2139570448135,1479.4986572265625,56300,0.0,0.0
2019-08-13 00:00:00+09:00,1452.4120410283408,1453.3460680643718,1411.314851442973,1434.66552734375,55000,0.0,0.0
2019-08-14 00:00:00+09:00,1439.335457094254,1447.74169921875,1412.2486769153227,1418.786865234375,76100,0.0,0.0
2019-08-15 00:00:00+09:00,1385.1620931902157,1420.655120527524,1381.4259850494466,1415.9849853515625,42900,0.0,0.0
2019-08-16 00:00:00+09:00,1409.4465379134901,1429.0611020594035,1408.512511049399,1428.1270751953125,26400,0.0,0.0
2019-08-19 00:00:00+09:00,1431.8633289574796,1448.675814228996,1424.39111328125,1424.39111328125,22300,0.0,0.0
2019-08-20 00:00:00+09:00,1421.589042359184,1452.411932239508,1415.050853596691,1451.4779052734375,46100,0.0,0.0
2019-08-21 00:00:00+09:00,1425.325164172933,1429.0612720737795,1406.6446246687005,1420.655029296875,40200,0.0,0.0
2019-08-22 00:00:00+09:00,1429.9953038499846,1436.5334926984167,1403.8425484562551,1410.3807373046875,33200,0.0,0.0
2019-08-23 00:00:00+09:00,1413.1828302439076,1428.1272620244115,1401.9745064085296,1408.5126953125,40500,0.0,0.0
2019-08-26 00:00:00+09:00,1404.7764297454485,1404.7764297454485,1359.0091125529439,1385.161865234375,87700,0.0,0.0
2019-08-27 00:00:00+09:00,1410.3806866186164,1410.3806866186164,1383.2939052199808,1399.17236328125,39900,0.0,0.0
2019-08-28 00:00:00+09:00,1401.0402731699487,1404.7763805650686,1359.94309182363,1363.67919921875,52500,0.0,0.0
2019-08-29 00:00:00+09:00,1368.3495065440302,1378.623803180197,1357.1411829409392,1374.8876953125,35700,0.0,0.0
2019-08-30 00:00:00+09:00,1397.3043596078228,1411.314764283035,1379.5578470192208,1410.3807373046875,90000,0.0,0.0
2019-09-02 00:00:00+09:00,1399.1723825853924,1422.5230565270713,1387.0300321357195,1405.7105712890625,34500,0.0,0.0
2019-09-03 00:00:00+09:00,1405.710543180767,1426.259135838559,1403.842489302786,1419.720947265625,36200,0.0,0.0
2019-09-04 00:00:00+09:00,1401.9744289088894,1407.5785905167863,1380.491809411951,1382.35986328125,47400,0.0,0.0
2019-09-05 00:00:00+09:00,1401.0405083750209,1415.9849404643544,1377.6898332354372,1394.5023193359375,129300,0.0,0.0
2019-09-06 00:00:00+09:00,1408.512769070024,1426.2592827386782,1403.8426338940624,1415.9849853515625,89800,0.0,0.0
2019-09-09 00:00:00+09:00,1419.720840504728,1426.2590285859997,1393.5680881796409,1407.5784912109375,71200,0.0,0.0
2019-09-10 00:00:00+09:00,1418.7869367557475,1485.1028501919939,1415.9848559063287,1484.1688232421875,133900,0.0,0.0
2019-09-11 00:00:00+09:00,1491.641152574269,1524.3320983100857,1469.224504069709,1523.3980712890625,99800,0.0,0.0
2019-09-12 00:00:00+09:00,1520.5959902259924,1540.2105576674826,1504.7175308685958,1523.3980712890625,86100,0.0,0.0
2019-09-13 00:00:00+09:00,1522.4640616851918,1522.4640616851918,1493.509223702222,1511.2557373046875,104700,0.0,0.0
2019-09-17 00:00:00+09:00,1513.123641005339,1536.4743144776437,1494.4431022274953,1525.2659912109375,71000,0.0,0.0
2019-09-18 00:00:00+09:00,1528.068144001099,1529.0021709839846,1504.717469428955,1514.0577392578125,49400,0.0,0.0
2019-09-19 00:00:00+09:00,1525.2660912540784,1566.3632792609244,1525.2660912540784,1547.6827392578125,98100,0.0,0.0
2019-09-20 00:00:00+09:00,1560.7591002321528,1561.6931272221182,1534.6063445131222,1559.8250732421875,109900,0.0,0.0
2019-09-24 00:00:00+09:00,1557.022870867335,1557.022870867335,1523.3979018504042,1530.8701171875,54200,0.0,0.0
2019-09-25 00:00:00+09:00,1547.6826016959656,1547.6826016959656,1514.0576326790344,1530.8701171875,49100,0.0,0.0
2019-09-26 00:00:00+09:00,1541.144529003307,1547.6827179142301,1514.0577463723398,1522.4639892578125,78400,0.0,0.0
2019-09-27 00:00:00+09:00,1546.1782692326674,1546.1782692326674,1485.469429213716,1501.59521484375,93300,25.0,0.0
2019-09-30 00:00:00+09:00,1491.1609541276207,1517.7210729034307,1486.4180757747974,1493.05810546875,72300,0.0,0.0
2019-10-01 00:00:00+09:00,1491.1608976567456,1508.2352590802961,1486.4180194835371,1494.9552001953125,69200,0.0,0.0
2019-10-02 00:00:00+09:00,1479.7780936104912,1493.0581534249443,1467.4466094970703,1487.36669921875,52200,0.0,0.0
2019-10-03 00:00:00+09:00,1452.2693464051874,1464.600830078125,1444.680741067995,1464.600830078125,52500,0.0,0.0
2019-10-04 00:00:00+09:00,1463.65232641363,1463.65232641363,1440.8865092821152,1456.063720703125,34400,0.0,0.0
2019-10-07 00:00:00+09:00,1456.0637032759291,1456.0637032759291,1440.8864920365709,1448.47509765625,27200,0.0,0.0
2019-10-08 00:00:00+09:00,1454.1663946564665,1472.1893310546875,1450.3720922568411,1472.1893310546875,43800,0.0,0.0
2019-10-09 00:00:00+09:00,1465.5492821954617,1494.9551253980892,1455.114950736465,1489.263671875,46100,0.0,0.0
2019-10-10 00:00:00+09:00,1502.5439521416083,1502.5439521416083,1469.3438016839339,1492.109619140625,52900,0.0,0.0
2019-10-11 00:00:00+09:00,1503.4924730984671,1508.2353515625,1487.3666863207548,1508.2353515625,49500,0.0,0.0
2019-10-15 00:00:00+09:00,1537.6412179453803,1549.0241264064196,1523.4125823690813,1530.0526123046875,71000,0.0,0.0
2019-10-16 00:00:00+09:00,1555.6639748210139,1576.5326378978812,1527.2067069889222,1531.9495849609375,56300,0.0,0.0
2019-10-17 00:00:00+09:00,1527.2068260192873,1530.0525530242921,1505.389585647583,1517.7210693359375,37800,0.0,0.0
2019-10-18 00:00:00+09:00,1518.6696300304818,1540.486870187072,1509.1838734406601,1524.361083984375,41100,0.0,0.0
2019-10-21 00:00:00+09:00,1531.9496142395135,1537.6410679147066,1513.9266776014015,1518.6695556640625,44600,0.0,0.0
2019-10-23 00:00:00+09:00,1534.7953117441466,1534.7953117441466,1512.0294974784733,1531.9495849609375,42400,0.0,0.0
2019-10-24 00:00:00+09:00,1544.2811756439773,1547.1269026261223,1533.8468433761127,1538.5897216796875,43000,0.0,0.0
2019-10-25 00:00:00+09:00,1549.0240299729567,1549.0240299729567,1525.3096388221154,1541.4354248046875,51800,0.0,0.0
2019-10-28 00:00:00+09:00,1548.075439453125,1562.304074006922,1539.5382587208467,1548.075439453125,52000,0.0,0.0
2019-10-29 00:00:00+09:00,1562.3040261740214,1571.789782252795,1552.8182700952477,1553.766845703125,61100,0.0,0.0
2019-10-30 00:00:00+09:00,1538.5896949883593,1567.9955399603932,1519.618182103176,1566.098388671875,172500,0.0,0.0
2019-10-31 00:00:00+09:00,1571.7897292768127,1576.5326071563445,1554.7153689104985,1569.892578125,52600,0.0,0.0
2019-11-01 00:00:00+09:00,1551.8698227782154,1551.8698227782154,1527.2068549345518,1543.3326416015625,57500,0.0,0.0
2019-11-05 00:00:00+09:00,1562.304138875933,1597.4014388992537,1555.6641091417912,1588.8642578125,89500,0.0,0.0
2019-11-06 00:00:00+09:00,1641.035817493441,1685.618871494708,1628.704334471814,1649.572998046875,133500,0.0,0.0
2019-11-07 00:00:00+09:00,1656.2130319409384,1703.641812924356,1639.138670786908,1702.6932373046875,125300,0.0,0.0
2019-11-08 00:00:00+09:00,1725.458961741696,1725.458961741696,1680.8759099539777,1703.6417236328125,80800,0.0,0.0
2019-11-11 00:00:00+09:00,1699.8475427350427,1700.7961183727298,1662.853092865251,1664.750244140625,52900,0.0,0.0
2019-11-12 00:00:00+09:00,1659.058649518163,1685.6187651193686,1659.058649518163,1681.824462890625,34100,0.0,0.0
2019-11-13 00:00:00+09:00,1671.3902885384634,1671.3902885384634,1643.8815947997487,1658.1102294921875,40400,0.0,0.0
2019-11-14 00:00:00+09:00,1648.6246129653032,1650.521764418658,1608.7844324448529,1612.5787353515625,38100,0.0,0.0
2019-11-15 00:00:00+09:00,1609.7328332313355,1629.6529213267145,1603.0928038662091,1628.704345703125,32400,0.0,0.0
2019-11-18 00:00:00+09:00,1629.6530848202942,1634.395963414067,1609.732994726449,1633.4473876953125,34800,0.0,0.0
2019-11-19 00:00:00+09:00,1624.9100907558172,1625.8586664071634,1609.73288033428,1623.012939453125,28500,0.0,0.0
2019-11-20 00:00:00+09:00,1606.8872550494298,1617.321587874426,1593.6071950903436,1601.19580078125,35000,0.0,0.0
2019-11-21 00:00:00+09:00,1600.2471268922711,1606.8871564644382,1566.0984033782688,1598.3499755859375,34100,0.0,0.0
2019-11-22 00:00:00+09:00,1617.3214766374442,1639.1387164982425,1604.9899932378626,1619.2186279296875,40200,0.0,0.0
2019-11-25 00:00:00+09:00,1638.1902094794539,1638.1902094794539,1616.372968704684,1635.344482421875,47500,0.0,0.0
2019-11-26 00:00:00+09:00,1635.3444595427418,1636.2930352153303,1589.812827258489,1599.298583984375,98600,0.0,0.0
2019-11-27 00:00:00+09:00,1602.1443764926132,1612.5787093176095,1598.3500736471601,1601.19580078125,25500,0.0,0.0
2019-11-28 00:00:00+09:00,1598.349897311284,1598.349897311284,1577.4812339635996,1578.4298095703125,30900,0.0,0.0
2019-11-29 00:00:00+09:00,1588.8641538750323,1600.2470612460775,1574.6355196612262,1596.4527587890625,39100,0.0,0.0
2019-12-02 00:00:00+09:00,1602.1442633013353,1616.3728979665336,1593.6070825022161,1604.989990234375,38800,0.0,0.0
2019-12-03 00:00:00+09:00,1580.3270025967552,1586.0184563876198,1570.8412462786473,1583.1727294921875,39100,0.0,0.0
2019-12-04 00:00:00+09:00,1566.0984415811567,1590.761409165112,1556.612684818097,1588.8642578125,36200,0.0,0.0
2019-12-05 00:00:00+09:00,1590.7612632778746,1591.7098388671875,1577.4812050274927,1591.7098388671875,26000,0.0,0.0
2019-12-06 00:00:00+09:00,1607.8358066949106,1611.6301094835712,1595.504322631764,1604.04150390625,49200,0.0,0.0
2019-12-09 00:00:00+09:00,1615.4242599174074,1623.9614403867301,1605.9385038403823,1617.3214111328125,26100,0.0,0.0
2019-12-10 00:00:00+09:00,1616.3728065690445,1631.550016020397,1602.1441727084014,1630.6014404296875,45200,0.0,0.0
2019-12-11 00:00:00+09:00,1630.6016741584328,1630.6016741584328,1609.7330081715302,1612.5787353515625,31700,0.0,0.0
2019-12-12 00:00:00+09:00,1630.6015811797988,1630.6015811797988,1597.401432639198,1599.298583984375,23400,0.0,0.0
2019-12-13 00:00:00+09:00,1615.4244625315946,1623.0130683450136,1605.9387052648208,1612.5787353515625,62300,0.0,0.0
2019-12-16 00:00:00+09:00,1617.3214676879954,1619.2186189697409,1604.0414087157774,1615.42431640625,26600,0.0,0.0
2019-12-17 00:00:00+09:00,1615.4244711432657,1620.1673498019366,1604.0415623624558,1616.373046875,34600,0.0,0.0
2019-12-18 00:00:00+09:00,1616.372859251065,1616.372859251065,1600.2470736834193,1614.4757080078125,31100,0.0,0.0
2019-12-19 00:00:00+09:00,1607.835773896889,1608.784349574704,1584.121381951507,1603.0928955078125,31700,0.0,0.0
2019-12-20 00:00:00+09:00,1603.0928929570896,1603.0928929570896,1586.018530783582,1588.8642578125,39400,0.0,0.0
2019-12-23 00:00:00+09:00,1587.9156644257087,1592.6585427543398,1571.7898781083627,1581.275634765625,45300,0.0,0.0
2019-12-24 00:00:00+09:00,1578.4299903100775,1592.658626040036,1574.635687448755,1590.761474609375,25500,0.0,0.0
2019-12-25 00:00:00+09:00,1620.167139922387,1620.167139922387,1573.686935088548,1592.658447265625,43100,0.0,0.0
2019-12-26 00:00:00+09:00,1586.018418003648,1592.658447265625,1572.738359479694,1592.658447265625,42700,0.0,0.0
2019-12-27 00:00:00+09:00,1593.6070228744788,1609.7328082249944,1590.7612960479173,1592.658447265625,33100,0.0,0.0
2019-12-30 00:00:00+09:00,1586.0185041857712,1586.0185041857712,1569.892717959002,1577.4813232421875,59400,0.0,0.0
2020-01-06 00:00:00+09:00,1556.6126797290558,1569.8927391539228,1548.0754986702127,1560.406982421875,65800,0.0,0.0
2020-01-07 00:00:00+09:00,1555.664044988419,1594.5556461131296,1555.664044988419,1586.967041015625,71900,0.0,0.0
2020-01-08 00:00:00+09:00,1571.7899496817042,1579.3785553530702,1544.281254123002,1572.738525390625,60900,0.0,0.0
2020-01-09 00:00:00+09:00,1586.9669900307288,1595.5041704911453,1571.789780323322,1578.4298095703125,40700,0.0,0.0
2020-01-10 00:00:00+09:00,1585.069838817303,1587.9155656374417,1571.789780323322,1578.4298095703125,33400,0.0,0.0
2020-01-14 00:00:00+09:00,1579.3784717448707,1579.3784717448707,1560.406958570758,1563.252685546875,70500,0.0,0.0
2020-01-15 00:00:00+09:00,1556.6127036091182,1567.9956118622013,1544.281219668278,1557.561279296875,54900,0.0,0.0
2020-01-16 00:00:00+09:00,1565.1499730634512,1565.1499730634512,1542.3841552734375,1542.3841552734375,41200,0.0,0.0
2020-01-17 00:00:00+09:00,1549.0241132543722,1561.355597315797,1545.2298104662414,1550.9212646484375,36800,0.0,0.0
2020-01-20 00:00:00+09:00,1550.921118879493,1561.3554505661439,1550.921118879493,1553.766845703125,28100,0.0,0.0
2020-01-21 00:00:00+09:00,1547.1269292189413,1560.4069886972154,1545.2297778649022,1549.97265625,37700,0.0,0.0
2020-01-22 00:00:00+09:00,1543.33260275084,1557.56123768708,1534.7954217890958,1552.818359375,48900,0.0,0.0
2020-01-23 00:00:00+09:00,1539.538189716162,1545.2296432825804,1530.0524337721313,1531.9495849609375,43900,0.0,0.0
2020-01-24 00:00:00+09:00,1531.001128692627,1531.949704360962,1517.7210693359375,1517.7210693359375,42800,0.0,0.0
2020-01-27 00:00:00+09:00,1499.6981083165363,1499.6981083165363,1475.0351413233486,1481.6751708984375,71500,0.0,0.0
2020-01-28 00:00:00+09:00,1475.9836317480592,1496.852294921875,1464.6007245623416,1496.852294921875,81200,0.0,0.0
2020-01-29 00:00:00+09:00,1492.1095689544288,1492.1095689544288,1477.8809335225685,1483.5723876953125,48100,0.0,0.0
2020-01-30 00:00:00+09:00,1484.5208617848227,1488.3151643069566,1457.0121684993533,1466.4979248046875,68100,0.0,0.0
2020-01-31 00:00:00+09:00,1477.880823276386,1483.5722770245623,1460.806462031858,1462.70361328125,69000,0.0,0.0
2020-02-03 00:00:00+09:00,1446.5778187130456,1467.4464823272665,1439.937789381248,1458.9093017578125,48500,0.0,0.0
2020-02-04 00:00:00+09:00,1449.423560224118,1460.8064677651453,1442.7835308251856,1452.269287109375,53400,0.0,0.0
2020-02-05 00:00:00+09:00,1469.3437084138702,1478.8294650853607,1462.703678743827,1464.600830078125,35700,0.0,0.0
2020-02-06 00:00:00+09:00,1519.6182644314235,1570.8413519965277,1517.7211130401236,1536.692626953125,211000,0.0,0.0
2020-02-07 00:00:00+09:00,1527.2067960339702,1540.4868551299178,1517.721039536865,1531.0010986328125,55300,0.0,0.0
2020-02-10 00:00:00+09:00,1517.7209890965732,1533.8467746057242,1514.8752622420172,1522.4638671875,31300,0.0,0.0
2020-02-12 00:00:00+09:00,1522.4639148246952,1522.4639148246952,1505.38955316311,1516.7724609375,32500,0.0,0.0
2020-02-13 00:00:00+09:00,1516.7724848008695,1516.7724848008695,1501.5952741962328,1513.9267578125,34900,0.0,0.0
2020-02-14 00:00:00+09:00,1518.6695910613548,1518.6695910613548,1484.5208682142538,1494.9552001953125,46100,0.0,0.0
2020-02-17 00:00:00+09:00,1491.1609692211432,1493.0581205814754,1475.9837583384851,1486.4180908203125,44700,0.0,0.0
2020-02-18 00:00:00+09:00,1478.8295710086823,1478.8295710086823,1454.166601896286,1457.0123291015625,38800,0.0,0.0
2020-02-19 00:00:00+09:00,1466.4980206147634,1467.4465963072696,1455.1151123046875,1455.1151123046875,49100,0.0,0.0
2020-02-20 00:00:00+09:00,1462.703678743827,1475.9837380839135,1459.8579517423798,1464.600830078125,35100,0.0,0.0
2020-02-21 00:00:00+09:00,1452.2692214836086,1456.0635238258258,1446.577767970283,1450.3720703125,103700,0.0,0.0
2020-02-25 00:00:00+09:00,1413.3777213763865,1413.3777213763865,1389.663330078125,1389.663330078125,124800,0.0,0.0
2020-02-26 00:00:00+09:00,1373.537497078943,1399.1490388062437,1364.0517408836463,1395.354736328125,108100,0.0,0.0
2020-02-27 00:00:00+09:00,1383.023428936608,1390.6120348566992,1376.3833987565283,1379.2291259765625,96100,0.0,0.0
2020-02-28 00:00:00+09:00,1350.771776379584,1359.3089575505223,1329.903111295068,1345.080322265625,213500,0.0,0.0
2020-03-02 00:00:00+09:00,1334.6458490313262,1379.2289015576036,1325.1600931746714,1362.154541015625,136600,0.0,0.0
2020-03-03 00:00:00+09:00,1375.4346646832498,1380.17754283733,1322.314429357552,1325.16015625,132100,0.0,0.0
2020-03-04 00:00:00+09:00,1310.9315185546875,1327.05730423879,1299.548611012968,1310.9315185546875,103600,0.0,0.0
2020-03-05 00:00:00+09:00,1332.7487974472713,1336.5431000734557,1296.7029224985195,1301.44580078125,147600,0.0,0.0
2020-03-06 00:00:00+09:00,1282.4742908676171,1292.9086231158003,1259.708475053399,1276.7828369140625,227000,0.0,0.0
2020-03-09 00:00:00+09:00,1238.8397287018568,1249.2740602606013,1198.050978063128,1203.742431640625,213400,0.0,0.0
2020-03-10 00:00:00+09:00,1179.0795390050553,1217.9711408547794,1143.9822397748162,1209.4339599609375,159700,0.0,0.0
2020-03-11 00:00:00+09:00,1208.4853903854948,1241.6855384730086,1195.2053311504894,1198.9996337890625,122300,0.0,0.0
2020-03-12 00:00:00+09:00,1170.5424263287787,1170.5424263287787,1127.8565193718946,1133.5479736328125,151200,0.0,0.0
2020-03-13 00:00:00+09:00,1076.6334099798441,1114.576437644332,1051.0218663063147,1097.5020751953125,412400,0.0,0.0
2020-03-16 00:00:00+09:00,1106.0391628902833,1132.5992800094323,1079.479045771134,1084.221923828125,160400,0.0,0.0
2020-03-17 00:00:00+09:00,1065.2505201815015,1181.9253322761808,1057.661914516807,1172.4395751953125,187100,0.0,0.0
2020-03-18 00:00:00+09:00,1171.4908608739665,1205.6395823245439,1139.2392906150883,1140.1878662109375,137900,0.0,0.0
2020-03-19 00:00:00+09:00,1187.6167312928662,1227.4569091796875,1153.4680073898764,1227.4569091796875,191000,0.0,0.0
2020-03-23 00:00:00+09:00,1242.63412331181,1253.0684556449626,1154.416586313338,1202.7939453125,339400,0.0,0.0
2020-03-24 00:00:00+09:00,1231.2511239318608,1252.11978704935,1179.0794661381378,1203.742431640625,234100,0.0,0.0
2020-03-25 00:00:00+09:00,1259.70849609375,1259.70849609375,1215.1254393795887,1259.70849609375,258200,0.0,0.0
2020-03-26 00:00:00+09:00,1235.045510610879,1291.9600502703665,1209.4339677641096,1291.011474609375,228600,0.0,0.0
2020-03-27 00:00:00+09:00,1340.337302545319,1362.154541015625,1318.5200640750131,1362.154541015625,394200,0.0,0.0
2020-03-30 00:00:00+09:00,1333.1930770331394,1359.258401493599,1286.8547224367667,1357.32763671875,315900,25.0,0.0
2020-03-31 00:00:00+09:00,1348.6391548022889,1356.3622136701617,1290.7162132932428,1320.64306640625,91400,0.0,0.0
2020-04-01 00:00:00+09:00,1295.5431424512603,1327.4007607082585,1260.7893770799897,1278.166259765625,109800,0.0,0.0
2020-04-02 00:00:00+09:00,1260.7894169038245,1280.097064942168,1237.6202392578125,1237.6202392578125,51900,0.0,0.0
2020-04-03 00:00:00+09:00,1296.5087109451774,1327.400951265539,1211.555050064183,1227.966552734375,46800,0.0,0.0
2020-04-06 00:00:00+09:00,1227.0010574468654,1278.1663257747048,1214.4510859702254,1267.547119140625,58600,0.0,0.0
2020-04-07 00:00:00+09:00,1252.1009793372486,1288.7855107287794,1230.8625664263623,1265.6163330078125,64300,0.0,0.0
2020-04-08 00:00:00+09:00,1286.8548156960228,1329.3316438210227,1256.9279595170456,1327.40087890625,99600,0.0,0.0
2020-04-09 00:00:00+09:00,1322.5738226801373,1353.4660579544177,1302.3007932813905,1341.8814697265625,83500,0.0,0.0
2020-04-10 00:00:00+09:00,1358.2930039228017,1366.9814453125,1320.6430912341102,1366.9814453125,43600,0.0,0.0
2020-04-13 00:00:00+09:00,1354.4315006057973,1354.4315006057973,1304.2316160502012,1319.677734375,36900,0.0,0.0
2020-04-14 00:00:00+09:00,1304.2315874308565,1325.4699996614108,1280.097028077954,1322.5738525390625,51300,0.0,0.0
2020-04-15 00:00:00+09:00,1310.9894675514915,1310.9894675514915,1262.720341352983,1274.304931640625,66200,0.0,0.0
2020-04-16 00:00:00+09:00,1272.374163380479,1318.7125244140625,1259.82419060055,1318.7125244140625,46300,0.0,0.0
2020-04-17 00:00:00+09:00,1322.5738311232183,1359.258360745614,1288.7854485762748,1320.64306640625,57100,0.0,0.0
2020-04-20 00:00:00+09:00,1304.2315963609283,1313.8854201681888,1284.9239487464067,1301.33544921875,47300,0.0,0.0
2020-04-21 00:00:00+09:00,1295.5432845149037,1298.4394319467551,1274.3048700146594,1296.5086669921875,21500,0.0,0.0
2020-04-22 00:00:00+09:00,1288.785564943959,1308.093213856977,1266.581768693988,1292.6470947265625,38400,0.0,0.0
2020-04-23 00:00:00+09:00,1293.6125626674918,1331.2624805361727,1286.8548851013184,1328.3663330078125,35000,0.0,0.0
2020-04-24 00:00:00+09:00,1329.3316438210227,1332.227791193182,1304.2316999289774,1327.40087890625,24600,0.0,0.0
2020-04-27 00:00:00+09:00,1334.158545481109,1350.5700471259563,1316.781661386565,1348.6392822265625,40000,0.0,0.0
2020-04-28 00:00:00+09:00,1348.639356173002,1348.639356173002,1305.1971435546875,1305.1971435546875,48000,0.0,0.0
2020-04-30 00:00:00+09:00,1348.639374912807,1358.2932000732421,1331.2624896240234,1351.5355224609375,46300,0.0,0.0
2020-05-01 00:00:00+09:00,1338.01994229207,1338.01994229207,1306.1623246184492,1309.0584716796875,30600,0.0,0.0
2020-05-07 00:00:00+09:00,1282.9932067367429,1308.0931490807272,1280.0970595432061,1286.854736328125,44300,0.0,0.0
2020-05-08 00:00:00+09:00,1295.543247406435,1317.747043747976,1295.543247406435,1304.231689453125,54300,0.0,0.0
2020-05-11 00:00:00+09:00,1297.4740720524019,1326.435546875,1294.577924570142,1326.435546875,58400,0.0,0.0
2020-05-12 00:00:00+09:00,1326.435391117628,1326.435391117628,1296.5085373151196,1301.33544921875,61100,0.0,0.0
2020-05-13 00:00:00+09:00,1283.9586046006946,1283.9586046006946,1266.5817212301588,1277.200927734375,89700,0.0,0.0
2020-05-14 00:00:00+09:00,1277.2008800417877,1277.2008800417877,1245.34326171875,1245.34326171875,60600,0.0,0.0
2020-05-15 00:00:00+09:00,1263.6856528420262,1273.3394775390625,1245.3433859176578,1273.3394775390625,39300,0.0,0.0
2020-05-18 00:00:00+09:00,1273.3395491166548,1276.2356966885652,1250.1703685413706,1274.304931640625,31000,0.0,0.0
2020-05-19 00:00:00+09:00,1301.3355287824359,1307.1278234209333,1282.0278799874443,1297.4739990234375,55300,0.0,0.0
2020-05-20 00:00:00+09:00,1336.0892507599485,1336.0892507599485,1300.3701017150654,1310.02392578125,48700,0.0,0.0
2020-05-21 00:00:00+09:00,1313.8854263305664,1313.8854263305664,1298.439308166504,1312.9200439453125,22400,0.0,0.0
2020-05-22 00:00:00+09:00,1309.0586391968773,1310.0240216741613,1286.8548422193492,1296.5086669921875,25100,0.0,0.0
2020-05-25 00:00:00+09:00,1311.9546251798931,1320.64306640625,1299.4046545196,1320.64306640625,23700,0.0,0.0
2020-05-26 00:00:00+09:00,1326.4355609000997,1366.016243576158,1322.5740308829234,1361.1893310546875,52200,0.0,0.0
2020-05-27 00:00:00+09:00,1332.2276989873694,1385.32373046875,1316.7815807382406,1385.32373046875,51700,0.0,0.0
2020-05-28 00:00:00+09:00,1398.8391075417228,1435.5236390024443,1377.6006945907789,1431.662109375,73100,0.0,0.0
2020-05-29 00:00:00+09:00,1422.9737942547865,1429.7314717037577,1368.9123746630173,1370.8431396484375,80400,0.0,0.0
2020-06-01 00:00:00+09:00,1383.3930956860522,1385.3238606486286,1367.9469759854403,1380.4969482421875,29000,0.0,0.0
2020-06-02 00:00:00+09:00,1395.9429853401211,1414.2852513992236,1394.0122204917946,1400.7698974609375,30000,0.0,0.0
2020-06-03 00:00:00+09:00,1420.0775243365576,1420.0775243365576,1390.150669642857,1398.839111328125,29400,0.0,0.0
2020-06-04 00:00:00+09:00,1416.215982730263,1416.215982730263,1366.0160978618421,1375.669921875,45100,0.0,0.0
2020-06-05 00:00:00+09:00,1389.185400373834,1412.3545800881996,1380.496957980947,1403.6661376953125,31400,0.0,0.0
2020-06-08 00:00:00+09:00,1428.7660014253256,1428.7660014253256,1399.804528423461,1407.527587890625,28200,0.0,0.0
2020-06-09 00:00:00+09:00,1415.2506552983052,1417.1814201759291,1391.1160943280067,1402.70068359375,29500,0.0,0.0
2020-06-10 00:00:00+09:00,1412.354563812089,1416.2160937199826,1398.8392091344613,1413.3199462890625,22500,0.0,0.0
2020-06-11 00:00:00+09:00,1399.8045137344307,1404.6314258507562,1354.43153984097,1356.3623046875,35400,0.0,0.0
2020-06-12 00:00:00+09:00,1341.881491123945,1353.4660795365257,1322.5738437696434,1343.812255859375,45300,0.0,0.0
2020-06-15 00:00:00+09:00,1346.7085064959542,1361.189243124943,1324.5047103315048,1325.4700927734375,26900,0.0,0.0
2020-06-16 00:00:00+09:00,1356.3623004460019,1394.0122148356063,1348.639241084032,1389.185302734375,45500,0.0,0.0
2020-06-17 00:00:00+09:00,1394.012268195263,1394.012268195263,1360.2238821933001,1371.8084716796875,20200,0.0,0.0
2020-06-18 00:00:00+09:00,1382.4276680526682,1393.046875,1362.1546366077616,1393.046875,24800,0.0,0.0
2020-06-19 00:00:00+09:00,1434.55841107016,1434.55841107016,1383.3931379969981,1384.3585205078125,60600,0.0,0.0
2020-06-22 00:00:00+09:00,1384.35849454638,1390.150789502641,1370.8431396484375,1370.8431396484375,17900,0.0,0.0
2020-06-23 00:00:00+09:00,1386.2890625,1395.9428860550138,1368.9121801009749,1386.2890625,17500,0.0,0.0
2020-06-24 00:00:00+09:00,1384.3585280064174,1385.323910522461,1351.5355224609375,1351.5355224609375,19200,0.0,0.0
2020-06-25 00:00:00+09:00,1360.2237473721216,1377.6006298793593,1356.3622179260685,1365.0506591796875,45500,0.0,0.0
2020-06-26 00:00:00+09:00,1359.2585497359155,1392.0815544880613,1359.2585497359155,1370.8431396484375,51700,0.0,0.0
2020-06-29 00:00:00+09:00,1367.946987325495,1378.5661947076972,1359.258544921875,1359.258544921875,38600,0.0,0.0
2020-06-30 00:00:00+09:00,1378.5661381671662,1385.3238153150446,1348.6392822265625,1348.6392822265625,34500,0.0,0.0
2020-07-01 00:00:00+09:00,1355.396895078855,1361.189189502269,1334.1584821930041,1342.846923828125,37500,0.0,0.0
2020-07-02 00:00:00+09:00,1345.743113659274,1359.2584677419354,1339.9508190524193,1346.70849609375,28000,0.0,0.0
2020-07-03 00:00:00+09:00,1346.7085546242238,1355.396996912122,1329.3316700484274,1340.916259765625,20300,0.0,0.0
2020-07-06 00:00:00+09:00,1338.0199592665235,1376.63525390625,1338.0199592665235,1376.63525390625,20600,0.0,0.0
2020-07-07 00:00:00+09:00,1384.3584382901215,1384.3584382901215,1355.3969646857258,1360.223876953125,16100,0.0,0.0
2020-07-08 00:00:00+09:00,1344.7777896713576,1368.912351582186,1340.916259765625,1340.916259765625,29300,0.0,0.0
2020-07-09 00:00:00+09:00,1342.846923828125,1355.396895078855,1328.3661877695902,1342.846923828125,27500,0.0,0.0
2020-07-10 00:00:00+09:00,1342.8470828621214,1342.8470828621214,1301.335634578102,1307.1279296875,44800,0.0,0.0
2020-07-13 00:00:00+09:00,1322.5739458768278,1369.877685546875,1322.5739458768278,1369.877685546875,31000,0.0,0.0
2020-07-14 00:00:00+09:00,1369.8777067652895,1379.531531337279,1357.3277348217034,1371.8084716796875,25100,0.0,0.0
2020-07-15 00:00:00+09:00,1387.2544512669683,1409.4582455461195,1378.5660100273005,1397.8736572265625,38900,0.0,0.0
2020-07-16 00:00:00+09:00,1400.769841003418,1402.7006057739259,1390.150634765625,1390.150634765625,14200,0.0,0.0
2020-07-17 00:00:00+09:00,1403.666081947332,1403.666081947332,1372.7738435550937,1393.046875,20600,0.0,0.0
2020-07-20 00:00:00+09:00,1398.8392415984515,1398.8392415984515,1375.6700616133842,1394.0123291015625,26700,0.0,0.0
2020-07-21 00:00:00+09:00,1394.0122162378998,1435.5236603502474,1386.2891568681607,1433.5928955078125,39400,0.0,0.0
2020-07-22 00:00:00+09:00,1433.59290791745,1433.59290791745,1394.0122283049143,1395.9429931640625,21200,0.0,0.0
2020-07-27 00:00:00+09:00,1424.904453716856,1433.5928955078125,1387.2545392893783,1433.5928955078125,45600,0.0,0.0
2020-07-28 00:00:00+09:00,1432.627560875752,1432.627560875752,1391.1161153786782,1404.6314697265625,16400,0.0,0.0
2020-07-29 00:00:00+09:00,1400.7698257341056,1416.2159437297953,1395.9429138604526,1399.804443359375,20100,0.0,0.0
2020-07-30 00:00:00+09:00,1401.735338383975,1403.6661033128785,1373.7392469148735,1394.9776611328125,20400,0.0,0.0
2020-07-31 00:00:00+09:00,1374.7045101539318,1374.7045101539318,1300.3700668380238,1301.33544921875,40400,0.0,0.0
2020-08-03 00:00:00+09:00,1303.2662509257507,1356.3622833708737,1303.2662509257507,1354.4315185546875,31700,0.0,0.0
2020-08-04 00:00:00+09:00,1351.5354400785097,1371.8084716796875,1344.7777628781173,1371.8084716796875,28200,0.0,0.0
2020-08-05 00:00:00+09:00,1313.885497397071,1316.781644709482,1259.8240808987346,1269.4779052734375,80900,0.0,0.0
2020-08-06 00:00:00+09:00,1283.9587447824492,1295.5433349609375,1269.4780070593388,1295.5433349609375,29300,0.0,0.0
2020-08-07 00:00:00+09:00,1306.1623548861749,1307.1277372622917,1284.923942611603,1289.7508544921875,37700,0.0,0.0
2020-08-11 00:00:00+09:00,1298.4394883974417,1372.773942380046,1298.4394883974417,1363.1201171875,49600,0.0,0.0
2020-08-12 00:00:00+09:00,1351.535299739212,1381.4621528048658,1345.7430055974723,1353.466064453125,50900,0.0,0.0
2020-08-13 00:00:00+09:00,1363.1201052698962,1391.1161980835132,1357.3278102050099,1384.3585205078125,39400,0.0,0.0
2020-08-14 00:00:00+09:00,1384.3585041077845,1415.2507440878744,1373.7392966146285,1394.0123291015625,57000,0.0,0.0
2020-08-17 00:00:00+09:00,1403.6661144479094,1404.6314969200193,1365.0508155635102,1373.7392578125,18300,0.0,0.0
2020-08-18 00:00:00+09:00,1386.2892031115766,1412.354529353925,1366.9815540431703,1404.6314697265625,38400,0.0,0.0
2020-08-19 00:00:00+09:00,1395.9430059176773,1395.9430059176773,1352.5007961899487,1358.2930908203125,23300,0.0,0.0
2020-08-20 00:00:00+09:00,1346.708538499877,1359.2585105432452,1345.7431560350026,1350.570068359375,28200,0.0,0.0
2020-08-21 00:00:00+09:00,1353.466199778766,1364.0854067670446,1344.7777576974472,1360.223876953125,17400,0.0,0.0
2020-08-24 00:00:00+09:00,1360.2238930081196,1362.1546579378685,1349.6046858945006,1350.570068359375,14600,0.0,0.0
2020-08-25 00:00:00+09:00,1371.8084504313667,1373.7392153158585,1347.6738893752204,1369.877685546875,31000,0.0,0.0
2020-08-26 00:00:00+09:00,1352.5007383828456,1365.0507095455703,1343.8122968086518,1364.0853271484375,17200,0.0,0.0
2020-08-27 00:00:00+09:00,1351.535371330408,1359.2584305951532,1335.1238703928245,1354.4315185546875,21500,0.0,0.0
2020-08-28 00:00:00+09:00,1354.4315126749527,1381.4622199842177,1326.4354229617854,1342.846923828125,36300,0.0,0.0
2020-08-31 00:00:00+09:00,1342.8470706496128,1369.8777809143066,1328.3663330078125,1328.3663330078125,29600,0.0,0.0
2020-09-01 00:00:00+09:00,1327.40087890625,1332.227791193182,1311.954759588068,1327.40087890625,40400,0.0,0.0
2020-09-02 00:00:00+09:00,1331.2623197785622,1352.500732421875,1317.746966278272,1352.500732421875,22400,0.0,0.0
2020-09-03 00:00:00+09:00,1364.0853799143144,1366.016144783266,1343.8123487903226,1346.70849609375,16300,0.0,0.0
2020-09-04 00:00:00+09:00,1332.2278559258643,1361.1893310546875,1332.2278559258643,1361.1893310546875,28200,0.0,0.0
2020-09-07 00:00:00+09:00,1361.1892986164225,1392.0815380176464,1354.431621247405,1380.4969482421875,30200,0.0,0.0
2020-09-08 00:00:00+09:00,1380.4968303552305,1419.112126309223,1380.4968303552305,1408.492919921875,36900,0.0,0.0
2020-09-09 00:00:00+09:00,1382.4276523786993,1413.3198904206813,1338.02006019335,1402.70068359375,65000,0.0,0.0
2020-09-10 00:00:00+09:00,1419.1121669459988,1428.7659912109375,1408.4929602545662,1428.7659912109375,29900,0.0,0.0
2020-09-11 00:00:00+09:00,1448.0735505244647,1467.381197864791,1436.488962120269,1453.8658447265625,48400,0.0,0.0
2020-09-14 00:00:00+09:00,1475.1044225226944,1514.6851040170861,1462.5544503415458,1502.1351318359375,72100,0.0,0.0
2020-09-15 00:00:00+09:00,1500.2042896916012,1502.1350545431992,1480.8966411756217,1489.5850830078125,27600,0.0,0.0
2020-09-16 00:00:00+09:00,1488.619809627533,1505.9966945648193,1474.1390721797943,1482.8275146484375,45100,0.0,0.0
2020-09-17 00:00:00+09:00,1485.7234666961986,1505.0311140866625,1478.965790109536,1498.2734375,26600,0.0,0.0
2020-09-18 00:00:00+09:00,1505.0312842544245,1529.165846221301,1501.1697543397242,1513.7197265625,55100,0.0,0.0
2020-09-23 00:00:00+09:00,1490.5504836432224,1491.515866080815,1457.7274807650683,1463.519775390625,50200,0.0,0.0
2020-09-24 00:00:00+09:00,1472.208134354859,1480.8965758035108,1415.250573747032,1422.9736328125,65600,0.0,0.0
2020-09-25 00:00:00+09:00,1451.9352311002992,1481.8620875923932,1445.177553827891,1450.9698486328125,122800,0.0,0.0
2020-09-28 00:00:00+09:00,1489.585076574998,1541.7157273430148,1479.9312523586987,1538.819580078125,95100,0.0,0.0
2020-09-29 00:00:00+09:00,1534.9214127920206,1534.9214127920206,1496.9138349514562,1505.684814453125,44200,15.0,0.0
2020-09-30 00:00:00+09:00,1505.6847141924952,1511.5320334709127,1484.2445435049647,1489.1173095703125,38300,0.0,0.0
2020-10-02 00:00:00+09:00,1489.1172629798648,1493.990028892757,1418.9494338342167,1424.7967529296875,43700,0.0,0.0
2020-10-05 00:00:00+09:00,1439.415126590716,1478.3972559499773,1439.415126590716,1470.600830078125,34700,0.0,0.0
2020-10-06 00:00:00+09:00,1474.4989942659902,1486.1936326871348,1467.6771218536558,1480.3463134765625,25700,0.0,0.0
2020-10-07 00:00:00+09:00,1476.4482289420944,1481.3209953742464,1451.1098434949033,1455.008056640625,36600,0.0,0.0
2020-10-08 00:00:00+09:00,1465.7280834717608,1477.4227224356312,1456.957104248858,1466.70263671875,35900,0.0,0.0
2020-10-09 00:00:00+09:00,1473.524423763452,1478.3971897150507,1441.3641684829006,1471.5753173828125,33500,0.0,0.0
2020-10-12 00:00:00+09:00,1471.5753760547918,1471.5753760547918,1446.2369920962324,1459.8807373046875,20200,0.0,0.0
2020-10-13 00:00:00+09:00,1465.7279905353569,1465.7279905353569,1450.1351395722147,1460.855224609375,11500,0.0,0.0
2020-10-14 00:00:00+09:00,1454.0334599933353,1454.0334599933353,1435.5169481033397,1439.4151611328125,11500,0.0,0.0
2020-10-15 00:00:00+09:00,1440.3896038509426,1444.2878165812563,1419.9239870167953,1424.7967529296875,21800,0.0,0.0
2020-10-16 00:00:00+09:00,1424.7968115234376,1424.7968115234376,1402.3820874023438,1413.1021728515625,15800,0.0,0.0
2020-10-19 00:00:00+09:00,1420.8986368051483,1454.033447265625,1420.8986368051483,1454.033447265625,20400,0.0,0.0
2020-10-20 00:00:00+09:00,1453.0587932832361,1455.0078996457892,1426.7458573887711,1437.4659423828125,23600,0.0,0.0
2020-10-21 00:00:00+09:00,1443.3133227539063,1469.626259765625,1443.3133227539063,1461.829833984375,22500,0.0,0.0
2020-10-22 00:00:00+09:00,1462.8044593536522,1464.7535658950962,1428.6950948783838,1435.5169677734375,17600,0.0,0.0
2020-10-23 00:00:00+09:00,1435.5168920997683,1446.2369775125974,1422.8477002482427,1438.4405517578125,15200,0.0,0.0
2020-10-26 00:00:00+09:00,1442.3388474456704,1454.033486749284,1430.6442081420569,1446.237060546875,17600,0.0,0.0
2020-10-27 00:00:00+09:00,1446.2370088674725,1475.4736060817745,1428.6950505388913,1468.6517333984375,25200,0.0,0.0
2020-10-28 00:00:00+09:00,1454.0333542753197,1456.9570138348545,1434.5422905450876,1448.18603515625,14100,0.0,0.0
2020-10-29 00:00:00+09:00,1438.4404974857857,1446.2369229464132,1424.7967529296875,1424.7967529296875,17700,0.0,0.0
2020-10-30 00:00:00+09:00,1415.0513158424612,1431.6187210554929,1397.5093573816043,1417.9749755859375,22800,0.0,0.0
2020-11-02 00:00:00+09:00,1423.822248801728,1465.7280370963715,1423.822248801728,1463.7789306640625,36400,0.0,0.0
2020-11-04 00:00:00+09:00,1481.3208633814104,1492.0409485769337,1425.7713310046074,1444.287841796875,51500,0.0,0.0
2020-11-05 00:00:00+09:00,1491.0664256026105,1515.4302560863134,1438.4405517578125,1438.4405517578125,113300,0.0,0.0
2020-11-06 00:00:00+09:00,1467.6772590417831,1528.0995631988817,1467.6772590417831,1525.1759033203125,51000,0.0,0.0
2020-11-09 00:00:00+09:00,1539.794205893054,1557.3361652006963,1528.0995663546255,1548.565185546875,50000,0.0,0.0
2020-11-10 00:00:00+09:00,1575.8525635227138,1577.8016699711031,1522.2521361920092,1546.615966796875,55800,0.0,0.0
2020-11-11 00:00:00+09:00,1578.7762874868083,1578.7762874868083,1540.768710195459,1558.3106689453125,48500,0.0,0.0
2020-11-12 00:00:00+09:00,1558.3106395115362,1564.157958984375,1539.7941278475466,1564.157958984375,29600,0.0,0.0
2020-11-13 00:00:00+09:00,1565.1324353199716,1565.1324353199716,1493.9900518963364,1518.3538818359375,34500,0.0,0.0
2020-11-16 00:00:00+09:00,1539.794205893054,1560.2598250853032,1522.2522465854115,1548.565185546875,48800,0.0,0.0
2020-11-17 00:00:00+09:00,1559.2851270625779,1576.827084742032,1534.921296952225,1565.1324462890625,37700,0.0,0.0
2020-11-18 00:00:00+09:00,1559.2850825471698,1560.259635723762,1529.0739340728185,1549.53955078125,23000,0.0,0.0
2020-11-19 00:00:00+09:00,1545.6414473203854,1571.95438494816,1534.921361620181,1564.157958984375,25500,0.0,0.0
2020-11-20 00:00:00+09:00,1563.1833519111408,1570.9797776064581,1550.51416015625,1550.51416015625,22100,0.0,0.0
2020-11-24 00:00:00+09:00,1578.7761598557693,1602.1654362980769,1558.31054296875,1583.64892578125,49800,0.0,0.0
2020-11-25 00:00:00+09:00,1608.0127806504083,1619.7074190551386,1595.343589045284,1603.1400146484375,41900,0.0,0.0
2020-11-26 00:00:00+09:00,1609.9619532675638,1613.8601662294707,1594.369101419936,1602.16552734375,25400,0.0,0.0
2020-11-27 00:00:00+09:00,1608.012759212122,1637.2493548341606,1600.2163337129116,1619.7073974609375,49100,0.0,0.0
2020-11-30 00:00:00+09:00,1605.0891879858307,1606.0637412268666,1548.565100005759,1553.4378662109375,52100,0.0,0.0
2020-12-01 00:00:00+09:00,1554.4124238305392,1580.7253614126237,1545.641444636511,1576.8271484375,42600,0.0,0.0
2020-12-02 00:00:00+09:00,1586.572571945421,1618.7328267821526,1573.9033806461027,1610.9364013671875,62800,0.0,0.0
2020-12-03 00:00:00+09:00,1626.529275443913,1650.893105213894,1612.885530772724,1643.0966796875,62000,0.0,0.0
2020-12-04 00:00:00+09:00,1634.3257568214656,1649.9186084071207,1616.7837987876037,1644.0712890625,27100,0.0,0.0
2020-12-07 00:00:00+09:00,1642.1221975334586,1642.1221975334586,1607.038281146987,1616.7838134765625,29700,0.0,0.0
2020-12-08 00:00:00+09:00,1616.7837842236768,1636.2748485301709,1604.1145924244559,1622.631103515625,38500,0.0,0.0
2020-12-09 00:00:00+09:00,1631.402060709442,1642.1221459351311,1623.6056350907588,1639.198486328125,41600,0.0,0.0
2020-12-10 00:00:00+09:00,1639.1985424674133,1655.7659474745155,1624.5802439317347,1640.173095703125,40000,0.0,0.0
2020-12-11 00:00:00+09:00,1627.5039426888993,1642.1222415753264,1617.7584100979477,1632.376708984375,31400,0.0,0.0
2020-12-14 00:00:00+09:00,1632.376588897154,1646.9948867081735,1609.9618655869247,1619.7073974609375,44900,0.0,0.0
2020-12-15 00:00:00+09:00,1632.3766454901956,1636.2748583749483,1614.8346875088084,1620.6820068359375,51900,0.0,0.0
2020-12-16 00:00:00+09:00,1634.3258352502244,1648.9441343132855,1621.656642728905,1628.478515625,37000,0.0,0.0
2020-12-17 00:00:00+09:00,1632.3767129360333,1655.7659912109375,1620.682073798581,1655.7659912109375,31900,0.0,0.0
2020-12-18 00:00:00+09:00,1655.7659376014235,1655.7659376014235,1622.631127784797,1642.1221923828125,46500,0.0,0.0
2020-12-21 00:00:00+09:00,1625.5547277617873,1669.409621496368,1620.6819617912784,1666.4859619140625,54700,0.0,0.0
2020-12-22 00:00:00+09:00,1666.4860157300066,1666.4860157300066,1606.0637157444742,1631.402099609375,46800,0.0,0.0
2020-12-23 00:00:00+09:00,1637.249376662234,1638.2239298626282,1591.4453762437072,1603.1400146484375,32400,0.0,0.0
2020-12-24 00:00:00+09:00,1608.0128173828125,1622.6311157226562,1598.26728515625,1608.0128173828125,31800,0.0,0.0
2020-12-25 00:00:00+09:00,1602.165495633362,1629.452985826631,1602.165495633362,1620.6820068359375,56200,0.0,0.0
2020-12-28 00:00:00+09:00,1635.300337519959,1635.300337519959,1589.4963352175523,1602.16552734375,37200,0.0,0.0
2020-12-29 00:00:00+09:00,1608.9874630987933,1614.8347827708665,1598.2673770333258,1613.8602294921875,61500,0.0,0.0
2020-12-30 00:00:00+09:00,1604.1146193573713,1604.1146193573713,1573.9034691750635,1580.725341796875,61800,0.0,0.0
2021-01-04 00:00:00+09:00,1580.7253172608946,1580.7253172608946,1545.6414014647219,1561.2342529296875,33500,0.0,0.0
2021-01-05 00:00:00+09:00,1540.7686948395244,1605.089209614609,1540.7686948395244,1585.59814453125,59900,0.0,0.0
2021-01-06 00:00:00+09:00,1583.6490310064637,1606.0637557530167,1570.0052855085619,1574.8780517578125,45100,0.0,0.0
2021-01-07 00:00:00+09:00,1602.165507788797,1623.6056788176008,1594.369081960141,1606.063720703125,76700,0.0,0.0
2021-01-08 00:00:00+09:00,1617.7583569291842,1632.3766553351709,1604.1146117502633,1618.73291015625,112500,0.0,0.0
2021-01-12 00:00:00+09:00,1626.529296875,1639.1984885223187,1610.9364456167616,1626.529296875,90600,0.0,0.0
2021-01-13 00:00:00+09:00,1625.5547297966082,1661.6131980235114,1625.5547297966082,1653.8167724609375,65800,0.0,0.0
2021-01-14 00:00:00+09:00,1644.0712793055477,1655.7659179253858,1631.40208746739,1646.0203857421875,60900,0.0,0.0
2021-01-15 00:00:00+09:00,1654.7913122073837,1655.765865394785,1619.7073974609375,1619.7073974609375,51800,0.0,0.0
2021-01-18 00:00:00+09:00,1615.809292528106,1617.758399032965,1598.267333984375,1598.267333984375,34900,0.0,0.0
2021-01-19 00:00:00+09:00,1592.4199805771232,1601.1909596623093,1580.725341796875,1580.725341796875,39600,0.0,0.0
2021-01-20 00:00:00+09:00,1594.3691250727727,1626.5293824856099,1581.6999327586248,1621.6566162109375,53600,0.0,0.0
2021-01-21 00:00:00+09:00,1637.2494115961365,1644.0712841444536,1619.7074536147493,1620.6820068359375,36200,0.0,0.0
2021-01-22 00:00:00+09:00,1615.8092954104563,1615.8092954104563,1585.59814453125,1585.59814453125,49700,0.0,0.0
2021-01-25 00:00:00+09:00,1597.2926797199364,1646.0203392598978,1592.4199137659402,1643.0966796875,69600,0.0,0.0
2021-01-26 00:00:00+09:00,1618.732871245881,1644.0712545405183,1617.758318042241,1626.529296875,48700,0.0,0.0
2021-01-27 00:00:00+09:00,1646.0203413065506,1663.5622987627485,1627.503830658342,1630.427490234375,81200,0.0,0.0
2021-01-28 00:00:00+09:00,1613.8600998527736,1635.3002702614456,1601.190908247649,1603.1400146484375,208100,0.0,0.0
2021-01-29 00:00:00+09:00,1616.783714336585,1627.5037992417704,1585.5980127942278,1587.547119140625,76100,0.0,0.0
2021-02-01 00:00:00+09:00,1578.7763275971283,1599.2419466585727,1574.8781144425677,1586.57275390625,50600,0.0,0.0
2021-02-02 00:00:00+09:00,1579.7507739257812,1634.3257543945313,1576.8271142578126,1608.0128173828125,89800,0.0,0.0
2021-02-03 00:00:00+09:00,1595.343569744566,1622.6310590254748,1595.343569744566,1607.0382080078125,42200,0.0,0.0
2021-02-04 00:00:00+09:00,1607.038339935655,1627.5039585764364,1602.1655735926117,1605.0892333984375,103200,0.0,0.0
2021-02-05 00:00:00+09:00,1617.7584228515625,1646.020467588126,1602.1655705831135,1617.7584228515625,121400,0.0,0.0
2021-02-08 00:00:00+09:00,1620.6819929531564,1707.4172288959292,1612.8855672504353,1696.6971435546875,112500,0.0,0.0
2021-02-09 00:00:00+09:00,1690.8498560676176,1701.5699416104094,1663.5623655950565,1678.1806640625,57100,0.0,0.0
2021-02-10 00:00:00+09:00,1678.1806023439804,1685.977027906554,1652.8422192656158,1653.8167724609375,41700,0.0,0.0
2021-02-12 00:00:00+09:00,1658.6896341357713,1666.4860601481603,1635.300356098604,1646.9949951171875,55400,0.0,0.0
2021-02-15 00:00:00+09:00,1656.7404955154695,1673.3079004706242,1651.8677293521887,1665.511474609375,50900,0.0,0.0
2021-02-16 00:00:00+09:00,1665.5115040696794,1665.5115040696794,1645.0458858218951,1659.6641845703125,36500,0.0,0.0
2021-02-17 00:00:00+09:00,1658.6896519814768,1698.6463357248613,1651.8677791472403,1691.824462890625,52600,0.0,0.0
2021-02-18 00:00:00+09:00,1692.798985062317,1699.6208577712612,1659.6641747617302,1661.61328125,26600,0.0,0.0
2021-02-19 00:00:00+09:00,1653.816791928737,1664.5368772034665,1645.0458130675945,1649.9185791015625,58000,0.0,0.0
2021-02-22 00:00:00+09:00,1670.3841767814067,1670.3841767814067,1653.8167724609375,1653.8167724609375,34200,0.0,0.0
2021-02-24 00:00:00+09:00,1653.8167668426386,1657.7149796106826,1629.452937042364,1630.427490234375,60200,0.0,0.0
2021-02-25 00:00:00+09:00,1667.4606464598294,1667.4606464598294,1628.478515625,1628.478515625,93300,0.0,0.0
2021-02-26 00:00:00+09:00,1625.5547481265216,1634.3257269833193,1601.19091796875,1601.19091796875,286000,0.0,0.0
2021-03-01 00:00:00+09:00,1618.7328690790819,1645.0458055421375,1609.9618902580635,1639.198486328125,214400,0.0,0.0
2021-03-02 00:00:00+09:00,1656.7404660519896,1656.7404660519896,1612.885571362378,1622.631103515625,171400,0.0,0.0
2021-03-03 00:00:00+09:00,1622.6310626807162,1648.9439988322954,1611.9109775819247,1643.0966796875,65100,0.0,0.0
2021-03-04 00:00:00+09:00,1629.4529564859197,1632.3766160968394,1605.0891263949222,1626.529296875,161500,0.0,0.0
2021-03-05 00:00:00+09:00,1629.452966242689,1629.452966242689,1600.2163699584303,1624.5802001953125,374200,0.0,0.0
2021-03-08 00:00:00+09:00,1643.0967765754754,1685.0025662508879,1638.2240103341483,1672.3333740234375,223900,0.0,0.0
2021-03-09 00:00:00+09:00,1674.2825660967444,1708.3919315294488,1669.409799606358,1703.5191650390625,118400,0.0,0.0
2021-03-10 00:00:00+09:00,1703.5190921340081,1710.3409649285952,1686.9516867757254,1693.7735595703125,143600,0.0,0.0
2021-03-11 00:00:00+09:00,1703.519145251409,1715.2137846924943,1684.028079516267,1707.4173583984375,154600,0.0,0.0
2021-03-12 00:00:00+09:00,1697.6717065303335,1707.4172387147787,1680.1297485983325,1694.748046875,270800,0.0,0.0
2021-03-15 00:00:00+09:00,1713.264599416051,1733.7302174978126,1711.3154929320738,1723.0101318359375,185600,0.0,0.0
2021-03-16 00:00:00+09:00,1718.137389317455,1744.4503272139787,1713.2646230403209,1742.501220703125,86800,0.0,0.0
2021-03-17 00:00:00+09:00,1719.1119687391192,1750.2976733874477,1719.1119687391192,1749.3231201171875,112400,0.0,0.0
2021-03-18 00:00:00+09:00,1753.2212573296501,1756.144917013913,1730.8065330836346,1752.2467041015625,145000,0.0,0.0
2021-03-19 00:00:00+09:00,1747.3739088104992,1761.9922069879435,1736.6538234803734,1758.093994140625,311100,0.0,0.0
2021-03-22 00:00:00+09:00,1747.3739939207762,1758.094079773051,1730.8065885127153,1753.2213134765625,188100,0.0,0.0
2021-03-23 00:00:00+09:00,1754.1957812933065,1792.2033565546615,1751.2721216578177,1758.093994140625,136600,0.0,0.0
2021-03-24 00:00:00+09:00,1751.2722228624805,1766.8650751528533,1717.1628584772902,1725.933837890625,106000,0.0,0.0
2021-03-25 00:00:00+09:00,1751.2721001563787,1781.483249352176,1743.4756745574632,1774.661376953125,120800,0.0,0.0
2021-03-26 00:00:00+09:00,1789.279687815699,1812.6689647806102,1772.712283298887,1808.770751953125,142700,0.0,0.0
2021-03-29 00:00:00+09:00,1809.745352015962,1811.6944584801688,1736.6538596082091,1762.966796875,429000,0.0,0.0
2021-03-30 00:00:00+09:00,1723.5488639831542,1767.8940320101651,1711.7234858426182,1734.3887939453125,315400,20.0,0.0
2021-03-31 00:00:00+09:00,1727.4906866981119,1727.4906866981119,1669.3492431640625,1669.3492431640625,119600,0.0,0.0
2021-04-01 00:00:00+09:00,1669.349227678073,1690.0436395914376,1646.683919392007,1654.5675048828125,69200,0.0,0.0
2021-04-02 00:00:00+09:00,1650.6256506267107,1662.4510284222454,1633.8730320830366,1642.7420654296875,48200,0.0,0.0
2021-04-05 00:00:00+09:00,1642.74210655498,1667.378310912433,1637.8148656834894,1658.50927734375,64300,0.0,0.0
2021-04-06 00:00:00+09:00,1658.5092508387365,1667.3782842656817,1618.1058763382086,1633.873046875,78000,0.0,0.0
2021-04-07 00:00:00+09:00,1635.8439944305783,1662.4510955448104,1633.8730980517462,1659.4947509765625,43000,0.0,0.0
2021-04-08 00:00:00+09:00,1640.7711732734754,1659.4946881636831,1620.076762079035,1624.0185546875,71400,0.0,0.0
2021-04-09 00:00:00+09:00,1618.1058657748026,1640.7711732734754,1609.2368324057568,1624.0185546875,44900,0.0,0.0
2021-04-12 00:00:00+09:00,1625.003993432588,1651.6110933856987,1624.0185452861763,1637.8148193359375,48300,0.0,0.0
2021-04-13 00:00:00+09:00,1654.567479421186,1672.3055465025327,1646.6838940516984,1653.58203125,35800,0.0,0.0
2021-04-14 00:00:00+09:00,1653.5819950755943,1653.5819950755943,1629.9312394845251,1642.7420654296875,50100,0.0,0.0
2021-04-15 00:00:00+09:00,1642.7421314653143,1645.6984760330383,1625.0040640589702,1635.843994140625,27200,0.0,0.0
2021-04-16 00:00:00+09:00,1633.8731332227615,1651.611201014082,1626.9749957483589,1646.6839599609375,49100,0.0,0.0
2021-04-19 00:00:00+09:00,1633.873082713498,1650.6257017763023,1633.873082713498,1644.7130126953125,27000,0.0,0.0
2021-04-20 00:00:00+09:00,1643.7275177298238,1643.7275177298238,1619.091313926919,1624.0185546875,55500,0.0,0.0
2021-04-21 00:00:00+09:00,1607.2659908311293,1607.2659908311293,1567.8480634042471,1583.615234375,53800,0.0,0.0
2021-04-22 00:00:00+09:00,1612.1932269444765,1612.1932269444765,1584.6006778280673,1602.3387451171875,34500,0.0,0.0
2021-04-23 00:00:00+09:00,1594.455113110884,1596.4260094188085,1578.6879426474884,1581.644287109375,32700,0.0,0.0
2021-04-26 00:00:00+09:00,1577.7024784112125,1580.6588228429637,1563.9062043963738,1566.862548828125,35400,0.0,0.0
2021-04-27 00:00:00+09:00,1561.9353431406546,1569.8189284688094,1552.0808614804612,1554.0517578125,36000,0.0,0.0
2021-04-28 00:00:00+09:00,1551.0953825253123,1558.9789676969785,1548.1390380859375,1548.1390380859375,34800,0.0,0.0
2021-04-30 00:00:00+09:00,1553.0663861664525,1567.8481093850419,1529.4156290167095,1533.357421875,44800,0.0,0.0
2021-05-06 00:00:00+09:00,1552.0808868988386,1572.7752987241563,1543.2118532594166,1555.0372314453125,47000,0.0,0.0
2021-05-07 00:00:00+09:00,1573.760767625181,1583.615249576497,1564.8917338689964,1574.7462158203125,36000,0.0,0.0
2021-05-10 00:00:00+09:00,1584.6006778280673,1606.280537848103,1584.6006778280673,1602.3387451171875,32500,0.0,0.0
2021-05-11 00:00:00+09:00,1613.1786388290925,1623.033120434646,1581.6442976913215,1591.498779296875,120200,0.0,0.0
2021-05-12 00:00:00+09:00,1590.5133301395053,1599.3823635789452,1549.1245074221206,1567.8480224609375,69100,0.0,0.0
2021-05-13 00:00:00+09:00,1567.847996972042,1597.4114412895537,1557.0080673889543,1566.862548828125,63800,0.0,0.0
2021-05-14 00:00:00+09:00,1590.5133920956312,1597.4115294839023,1578.6880137157382,1579.6734619140625,37200,0.0,0.0
2021-05-17 00:00:00+09:00,1595.4406485563538,1595.4406485563538,1560.9499612805835,1570.804443359375,49100,0.0,0.0
2021-05-18 00:00:00+09:00,1575.7315834924634,1597.4114426774754,1569.8188946238238,1590.5133056640625,30700,0.0,0.0
2021-05-19 00:00:00+09:00,1574.7462361908915,1579.6734772302875,1562.9208576963417,1570.804443359375,40700,0.0,0.0
2021-05-20 00:00:00+09:00,1570.8044230397861,1583.615249576497,1568.8335266495228,1574.7462158203125,33600,0.0,0.0
2021-05-21 00:00:00+09:00,1571.7898762505442,1575.7316690436492,1554.0518086815728,1556.022705078125,40700,0.0,0.0
2021-05-24 00:00:00+09:00,1566.8626251508063,1578.6880034538312,1555.0372468477813,1569.8189697265625,35300,0.0,0.0
2021-05-25 00:00:00+09:00,1566.8626662846332,1566.8626662846332,1537.299219750961,1538.28466796875,37900,0.0,0.0
2021-05-26 00:00:00+09:00,1537.2991178949903,1541.2409105049776,1528.4300845225193,1534.3427734375,30700,0.0,0.0
2021-05-27 00:00:00+09:00,1534.3428704084988,1539.2701114823863,1509.7066650390625,1509.7066650390625,63500,0.0,0.0
2021-05-28 00:00:00+09:00,1526.4592039773179,1550.109959881421,1526.4592039773179,1549.12451171875,51000,0.0,0.0
2021-05-31 00:00:00+09:00,1551.0954795136643,1551.0954795136643,1518.5756886471136,1523.5029296875,48300,0.0,0.0
2021-06-01 00:00:00+09:00,1527.4446564801492,1535.3282418039178,1516.6047266599676,1530.4010009765625,41100,0.0,0.0
2021-06-02 00:00:00+09:00,1518.5756029975514,1540.255462352481,1513.6483622350675,1534.3427734375,36600,0.0,0.0
2021-06-03 00:00:00+09:00,1534.3427787517005,1544.1972603107995,1532.371882439881,1539.27001953125,24600,0.0,0.0
2021-06-04 00:00:00+09:00,1538.2846324489258,1553.0663553744441,1538.2846324489258,1551.095458984375,26500,0.0,0.0
2021-06-07 00:00:00+09:00,1554.0517880364516,1554.0517880364516,1534.3428243327555,1536.313720703125,40000,0.0,0.0
2021-06-08 00:00:00+09:00,1536.3137715331718,1538.28466796875,1525.473841137492,1538.28466796875,38700,0.0,0.0
2021-06-09 00:00:00+09:00,1538.2845766691928,1553.066299058711,1537.2991285098915,1544.197265625,28400,0.0,0.0
2021-06-10 00:00:00+09:00,1538.28466796875,1545.1828054932737,1529.4156340086483,1538.28466796875,32000,0.0,0.0
2021-06-11 00:00:00+09:00,1541.241007591581,1543.2119040207263,1529.4156290167095,1533.357421875,43400,0.0,0.0
2021-06-14 00:00:00+09:00,1545.1827799479167,1547.1536763509116,1531.3865051269531,1537.2991943359375,24100,0.0,0.0
2021-06-15 00:00:00+09:00,1537.299219750961,1544.1973572754846,1532.3719786620156,1538.28466796875,26100,0.0,0.0
2021-06-16 00:00:00+09:00,1549.124547499309,1560.9499257244945,1549.124547499309,1559.9644775390625,37300,0.0,0.0
2021-06-17 00:00:00+09:00,1565.877192179362,1571.7898813883464,1557.9936065673828,1560.949951171875,35200,0.0,0.0
2021-06-18 00:00:00+09:00,1565.877135804732,1565.877135804732,1544.1972761523066,1554.0517578125,66000,0.0,0.0
2021-06-21 00:00:00+09:00,1527.4446662174098,1533.3573552479288,1514.6338399846188,1516.604736328125,75000,0.0,0.0
2021-06-22 00:00:00+09:00,1563.906315905792,1584.6007284036004,1553.0663855497974,1580.658935546875,54300,0.0,0.0
2021-06-23 00:00:00+09:00,1580.6588894331371,1593.4697158437548,1559.9644775390625,1559.9644775390625,28000,0.0,0.0
2021-06-24 00:00:00+09:00,1560.9499158578585,1580.6588794419224,1557.0081231410456,1573.7607421875,19500,0.0,0.0
2021-06-25 00:00:00+09:00,1576.7171173190893,1591.4988402939557,1570.8044281291427,1579.6734619140625,30600,0.0,0.0
2021-06-28 00:00:00+09:00,1584.6007284036004,1593.4697623312325,1572.7753498334243,1580.658935546875,48300,0.0,0.0
2021-06-29 00:00:00+09:00,1566.8626506829717,1566.8626506829717,1539.2701008596237,1547.1536865234375,35200,0.0,0.0
2021-06-30 00:00:00+09:00,1557.0080960690204,1557.0080960690204,1524.4883067207436,1525.4737548828125,59000,0.0,0.0
2021-07-01 00:00:00+09:00,1537.2991125362435,1545.1826977287371,1529.41552734375,1529.41552734375,26400,0.0,0.0
2021-07-02 00:00:00+09:00,1530.4009975347305,1575.731613044452,1530.4009975347305,1572.7752685546875,37300,0.0,0.0
2021-07-05 00:00:00+09:00,1566.8625743009998,1574.7461595805016,1558.978989021498,1567.8480224609375,21000,0.0,0.0
2021-07-06 00:00:00+09:00,1567.8480936750216,1576.7171275173064,1561.9354044468316,1565.877197265625,12300,0.0,0.0
2021-07-07 00:00:00+09:00,1557.0080970201177,1565.8771304841564,1549.12451171875,1549.12451171875,22000,0.0,0.0
2021-07-08 00:00:00+09:00,1548.1391400079585,1557.0081739099774,1528.43017578125,1528.43017578125,32200,0.0,0.0
2021-07-09 00:00:00+09:00,1520.5465647838962,1540.2555286825857,1513.648427419355,1527.4447021484375,59500,0.0,0.0
2021-07-12 00:00:00+09:00,1557.9935815475264,1583.615234375,1554.0517888048382,1583.615234375,40600,0.0,0.0
2021-07-13 00:00:00+09:00,1586.5715437524113,1596.426025390625,1583.615199260947,1596.426025390625,21100,0.0,0.0
2021-07-14 00:00:00+09:00,1585.5861511793178,1603.32421875,1580.6589101874615,1603.32421875,20300,0.0,0.0
2021-07-15 00:00:00+09:00,1596.4260040283204,1597.4114521789552,1571.7898002624513,1576.717041015625,32100,0.0,0.0
2021-07-16 00:00:00+09:00,1563.9062150573732,1591.4987632751465,1563.9062150573732,1576.717041015625,15600,0.0,0.0
2021-07-19 00:00:00+09:00,1571.7898813883464,1572.7753295898438,1557.0081583658855,1560.949951171875,29800,0.0,0.0
2021-07-20 00:00:00+09:00,1538.2845975110272,1580.6588689350976,1538.2845975110272,1563.90625,40400,0.0,0.0
2021-07-21 00:00:00+09:00,1563.9062110189304,1595.4405517578125,1563.9062110189304,1595.4405517578125,19200,0.0,0.0
2021-07-26 00:00:00+09:00,1609.2368771778367,1613.17866989597,1593.4697063053045,1597.4114990234375,22200,0.0,0.0
2021-07-27 00:00:00+09:00,1606.2805532842494,1619.0913797828355,1592.4842785934643,1617.1204833984375,28100,0.0,0.0
2021-07-28 00:00:00+09:00,1606.2805888108012,1612.1932780947673,1601.3533477408293,1604.3096923828125,14300,0.0,0.0
2021-07-29 00:00:00+09:00,1608.2514699144776,1613.1787109375,1603.3242288914553,1613.1787109375,13900,0.0,0.0
2021-07-30 00:00:00+09:00,1604.3095796908883,1613.1786129938478,1584.6006167954229,1590.5133056640625,23800,0.0,0.0
2021-08-02 00:00:00+09:00,1617.1205036822462,1645.6985016144736,1605.2951252275316,1636.8294677734375,42000,0.0,0.0
2021-08-03 00:00:00+09:00,1650.6257069723295,1656.5383960719319,1628.9458469404542,1649.6402587890625,31600,0.0,0.0
2021-08-04 00:00:00+09:00,1610.2223005828487,1631.9021601990191,1594.4551299529064,1620.0767822265625,34900,0.0,0.0
2021-08-05 00:00:00+09:00,1603.324157223539,1617.1204314713139,1590.5133311363197,1591.498779296875,21100,0.0,0.0
2021-08-06 00:00:00+09:00,1595.4406280705728,1609.236902803734,1590.5133870944437,1598.39697265625,17400,0.0,0.0
2021-08-10 00:00:00+09:00,1598.3969015487896,1610.2222793654269,1594.4551089432439,1600.3677978515625,23200,0.0,0.0
2021-08-11 00:00:00+09:00,1619.0914206472703,1622.0477652984825,1603.324249174138,1609.2369384765625,31700,0.0,0.0
2021-08-12 00:00:00+09:00,1621.0622658136065,1621.0622658136065,1607.2659912109375,1607.2659912109375,19500,0.0,0.0
2021-08-13 00:00:00+09:00,1606.280537848103,1606.280537848103,1594.4551596553563,1602.3387451171875,13400,0.0,0.0
2021-08-16 00:00:00+09:00,1605.2950373840333,1606.280485534668,1576.717041015625,1576.717041015625,21500,0.0,0.0
2021-08-17 00:00:00+09:00,1581.6443480295875,1594.4551745245312,1569.8189697265625,1569.8189697265625,23900,0.0,0.0
2021-08-18 00:00:00+09:00,1573.7607219822328,1584.6006518142958,1568.833481149477,1577.7025146484375,14700,0.0,0.0
2021-08-19 00:00:00+09:00,1570.8043872085696,1578.687972589792,1563.90625,1563.90625,12500,0.0,0.0
2021-08-20 00:00:00+09:00,1568.8334749721691,1570.8043712975111,1549.12451171875,1549.12451171875,33500,0.0,0.0
2021-08-23 00:00:00+09:00,1569.8189950007002,1608.2514751042954,1566.8626503773467,1594.4552001953125,28900,0.0,0.0
2021-08-24 00:00:00+09:00,1598.3969878684331,1614.1641591421044,1596.4260914592242,1613.1787109375,29100,0.0,0.0
2021-08-25 00:00:00+09:00,1607.2660424212922,1609.2369388558984,1579.6734923368065,1585.586181640625,17300,0.0,0.0
2021-08-26 00:00:00+09:00,1576.7170970752954,1583.615234375,1574.7462007039514,1583.615234375,13700,0.0,0.0
2021-08-27 00:00:00+09:00,1578.6880391185123,1585.5861766177818,1571.789901619243,1580.658935546875,10000,0.0,0.0
2021-08-30 00:00:00+09:00,1581.6443683901573,1613.1787109375,1581.6443683901573,1613.1787109375,14700,0.0,0.0
2021-08-31 00:00:00+09:00,1605.2950386084947,1617.120416425132,1594.4551089432439,1600.3677978515625,18900,0.0,0.0
2021-09-01 00:00:00+09:00,1600.3678241311022,1625.0040283203125,1595.4405832932603,1625.0040283203125,25500,0.0,0.0
2021-09-02 00:00:00+09:00,1627.960439108176,1631.9022319389464,1613.178715992787,1618.10595703125,11600,0.0,0.0
2021-09-03 00:00:00+09:00,1619.0913850521613,1648.6548309143432,1619.0913850521613,1645.698486328125,28400,0.0,0.0
2021-09-06 00:00:00+09:00,1665.407455471279,1674.2764892578125,1652.596628890731,1674.2764892578125,33200,0.0,0.0
2021-09-07 00:00:00+09:00,1675.2619021406797,1687.0872802734375,1664.4219721856518,1687.0872802734375,41600,0.0,0.0
2021-09-08 00:00:00+09:00,1678.2182472334478,1710.738037109375,1673.291006343156,1710.738037109375,46300,0.0,0.0
2021-09-09 00:00:00+09:00,1688.0726881160292,1708.767099353879,1688.0726881160292,1694.9708251953125,32600,0.0,0.0
2021-09-10 00:00:00+09:00,1701.8690591047225,1717.63623046875,1686.1018877406948,1717.63623046875,54700,0.0,0.0
2021-09-13 00:00:00+09:00,1707.7816586222812,1747.1995849609375,1706.7962104638148,1747.1995849609375,34800,0.0,0.0
2021-09-14 00:00:00+09:00,1750.1559452338506,1761.9813232421875,1726.505189217177,1761.9813232421875,43300,0.0,0.0
2021-09-15 00:00:00+09:00,1727.490676914641,1737.3451588137546,1708.7671613063249,1730.447021484375,31000,0.0,0.0
2021-09-16 00:00:00+09:00,1745.2286982793846,1745.2286982793846,1714.6798051982662,1733.4033203125,27800,0.0,0.0
2021-09-17 00:00:00+09:00,1737.3451190581525,1762.966771409549,1720.5925002130086,1761.9813232421875,54400,0.0,0.0
2021-09-21 00:00:00+09:00,1715.6653188069663,1728.4761454264324,1702.8544921875,1702.8544921875,51300,0.0,0.0
2021-09-22 00:00:00+09:00,1698.912611227639,1698.912611227639,1666.392822265625,1666.392822265625,34700,0.0,0.0
2021-09-24 00:00:00+09:00,1704.8253583525736,1728.4761147690256,1692.9999801443478,1720.592529296875,39000,0.0,0.0
2021-09-27 00:00:00+09:00,1717.6361737830616,1717.6361737830616,1687.0872802734375,1687.0872802734375,31800,0.0,0.0
2021-09-28 00:00:00+09:00,1680.1891734575086,1695.9563445867286,1669.34924330617,1693.0,47100,0.0,0.0
2021-09-29 00:00:00+09:00,1671.0,1671.0,1647.0,1658.0,53400,25.0,0.0
2021-09-30 00:00:00+09:00,1675.0,1680.0,1647.0,1647.0,33700,0.0,0.0
2021-10-01 00:00:00+09:00,1626.0,1643.0,1618.0,1618.0,66200,0.0,0.0
2021-10-04 00:00:00+09:00,1631.0,1636.0,1617.0,1622.0,25800,0.0,0.0
2021-10-05 00:00:00+09:00,1617.0,1639.0,1602.0,1615.0,26400,0.0,0.0
2021-10-06 00:00:00+09:00,1625.0,1650.0,1615.0,1623.0,21100,0.0,0.0
2021-10-07 00:00:00+09:00,1631.0,1640.0,1610.0,1610.0,23600,0.0,0.0
2021-10-08 00:00:00+09:00,1642.0,1655.0,1640.0,1649.0,18900,0.0,0.0
2021-10-11 00:00:00+09:00,1653.0,1680.0,1650.0,1676.0,24500,0.0,0.0
2021-10-12 00:00:00+09:00,1667.0,1675.0,1647.0,1647.0,16600,0.0,0.0
2021-10-13 00:00:00+09:00,1649.0,1657.0,1636.0,1645.0,20100,0.0,0.0
2021-10-14 00:00:00+09:00,1645.0,1646.0,1628.0,1642.0,18500,0.0,0.0
2021-10-15 00:00:00+09:00,1657.0,1684.0,1655.0,1684.0,16600,0.0,0.0
2021-10-18 00:00:00+09:00,1697.0,1697.0,1666.0,1689.0,18500,0.0,0.0
2021-10-19 00:00:00+09:00,1703.0,1703.0,1687.0,1700.0,9100,0.0,0.0
2021-10-20 00:00:00+09:00,1710.0,1712.0,1699.0,1706.0,24400,0.0,0.0
2021-10-21 00:00:00+09:00,1719.0,1724.0,1693.0,1693.0,12900,0.0,0.0
2021-10-22 00:00:00+09:00,1686.0,1710.0,1683.0,1699.0,15700,0.0,0.0
2021-10-25 00:00:00+09:00,1696.0,1712.0,1689.0,1689.0,13200,0.0,0.0
2021-10-26 00:00:00+09:00,1705.0,1716.0,1702.0,1706.0,12200,0.0,0.0
2021-10-27 00:00:00+09:00,1706.0,1706.0,1691.0,1695.0,6700,0.0,0.0
2021-10-28 00:00:00+09:00,1695.0,1717.0,1682.0,1711.0,25500,0.0,0.0
2021-10-29 00:00:00+09:00,1701.0,1701.0,1678.0,1689.0,23300,0.0,0.0
2021-11-01 00:00:00+09:00,1724.0,1740.0,1707.0,1734.0,35800,0.0,0.0
2021-11-02 00:00:00+09:00,1730.0,1732.0,1699.0,1703.0,32200,0.0,0.0
2021-11-04 00:00:00+09:00,1710.0,1737.0,1651.0,1651.0,102400,0.0,0.0
2021-11-05 00:00:00+09:00,1724.0,1758.0,1702.0,1703.0,55600,0.0,0.0
2021-11-08 00:00:00+09:00,1721.0,1721.0,1697.0,1700.0,16800,0.0,0.0
2021-11-09 00:00:00+09:00,1690.0,1701.0,1676.0,1676.0,16900,0.0,0.0
2021-11-10 00:00:00+09:00,1676.0,1685.0,1667.0,1673.0,14600,0.0,0.0
2021-11-11 00:00:00+09:00,1671.0,1682.0,1668.0,1669.0,11000,0.0,0.0
2021-11-12 00:00:00+09:00,1675.0,1710.0,1675.0,1710.0,20800,0.0,0.0
2021-11-15 00:00:00+09:00,1712.0,1732.0,1698.0,1702.0,23800,0.0,0.0
2021-11-16 00:00:00+09:00,1713.0,1713.0,1690.0,1697.0,16400,0.0,0.0
2021-11-17 00:00:00+09:00,1697.0,1700.0,1674.0,1674.0,15000,0.0,0.0
2021-11-18 00:00:00+09:00,1670.0,1687.0,1670.0,1679.0,13100,0.0,0.0
2021-11-19 00:00:00+09:00,1689.0,1705.0,1682.0,1701.0,24500,0.0,0.0
2021-11-22 00:00:00+09:00,1705.0,1705.0,1694.0,1704.0,19300,0.0,0.0
2021-11-24 00:00:00+09:00,1712.0,1720.0,1701.0,1707.0,27000,0.0,0.0
2021-11-25 00:00:00+09:00,1707.0,1713.0,1701.0,1713.0,9500,0.0,0.0
2021-11-26 00:00:00+09:00,1720.0,1720.0,1679.0,1686.0,23500,0.0,0.0
2021-11-29 00:00:00+09:00,1670.0,1680.0,1638.0,1646.0,48400,0.0,0.0
2021-11-30 00:00:00+09:00,1651.0,1681.0,1636.0,1643.0,74700,0.0,0.0
2021-12-01 00:00:00+09:00,1645.0,1674.0,1644.0,1660.0,35600,0.0,0.0
2021-12-02 00:00:00+09:00,1647.0,1696.0,1647.0,1672.0,67700,0.0,0.0
2021-12-03 00:00:00+09:00,1679.0,1709.0,1679.0,1709.0,27200,0.0,0.0
2021-12-06 00:00:00+09:00,1715.0,1725.0,1702.0,1711.0,35900,0.0,0.0
2021-12-07 00:00:00+09:00,1720.0,1771.0,1719.0,1770.0,67500,0.0,0.0
2021-12-08 00:00:00+09:00,1772.0,1778.0,1754.0,1776.0,31100,0.0,0.0
2021-12-09 00:00:00+09:00,1776.0,1784.0,1762.0,1772.0,23300,0.0,0.0
2021-12-10 00:00:00+09:00,1787.0,1787.0,1753.0,1764.0,38700,0.0,0.0
2021-12-13 00:00:00+09:00,1781.0,1781.0,1746.0,1767.0,31600,0.0,0.0
2021-12-14 00:00:00+09:00,1768.0,1770.0,1750.0,1758.0,27300,0.0,0.0
2021-12-15 00:00:00+09:00,1752.0,1781.0,1751.0,1778.0,27200,0.0,0.0
2021-12-16 00:00:00+09:00,1791.0,1799.0,1784.0,1799.0,34200,0.0,0.0
2021-12-17 00:00:00+09:00,1797.0,1808.0,1775.0,1786.0,36500,0.0,0.0
2021-12-20 00:00:00+09:00,1795.0,1795.0,1743.0,1743.0,51800,0.0,0.0
2021-12-21 00:00:00+09:00,1778.0,1784.0,1750.0,1755.0,49800,0.0,0.0
2021-12-22 00:00:00+09:00,1755.0,1755.0,1724.0,1731.0,36100,0.0,0.0
2021-12-23 00:00:00+09:00,1699.0,1710.0,1678.0,1681.0,133300,0.0,0.0
2021-12-24 00:00:00+09:00,1681.0,1687.0,1665.0,1670.0,58800,0.0,0.0
2021-12-27 00:00:00+09:00,1664.0,1682.0,1649.0,1678.0,56500,0.0,0.0
2021-12-28 00:00:00+09:00,1684.0,1690.0,1670.0,1690.0,33900,0.0,0.0
2021-12-29 00:00:00+09:00,1689.0,1714.0,1689.0,1714.0,38800,0.0,0.0
2021-12-30 00:00:00+09:00,1699.0,1707.0,1689.0,1689.0,33900,0.0,0.0
2022-01-04 00:00:00+09:00,1691.0,1702.0,1682.0,1702.0,37700,0.0,0.0
2022-01-05 00:00:00+09:00,1700.0,1710.0,1687.0,1701.0,50300,0.0,0.0
2022-01-06 00:00:00+09:00,1690.0,1697.0,1683.0,1683.0,49200,0.0,0.0
2022-01-07 00:00:00+09:00,1687.0,1689.0,1671.0,1678.0,63000,0.0,0.0
2022-01-11 00:00:00+09:00,1682.0,1686.0,1662.0,1668.0,47000,0.0,0.0
2022-01-12 00:00:00+09:00,1678.0,1690.0,1678.0,1684.0,21600,0.0,0.0
2022-01-13 00:00:00+09:00,1682.0,1685.0,1662.0,1662.0,31100,0.0,0.0
2022-01-14 00:00:00+09:00,1655.0,1656.0,1635.0,1650.0,75200,0.0,0.0
2022-01-17 00:00:00+09:00,1650.0,1654.0,1631.0,1640.0,44400,0.0,0.0
2022-01-18 00:00:00+09:00,1645.0,1645.0,1626.0,1631.0,41100,0.0,0.0
2022-01-19 00:00:00+09:00,1618.0,1624.0,1602.0,1603.0,69600,0.0,0.0
2022-01-20 00:00:00+09:00,1600.0,1613.0,1582.0,1588.0,70600,0.0,0.0
2022-01-21 00:00:00+09:00,1580.0,1605.0,1571.0,1601.0,64100,0.0,0.0
2022-01-24 00:00:00+09:00,1600.0,1610.0,1595.0,1606.0,32600,0.0,0.0
2022-01-25 00:00:00+09:00,1600.0,1611.0,1588.0,1609.0,33900,0.0,0.0
2022-01-26 00:00:00+09:00,1610.0,1615.0,1600.0,1600.0,28900,0.0,0.0
2022-01-27 00:00:00+09:00,1610.0,1615.0,1564.0,1571.0,71600,0.0,0.0
2022-01-28 00:00:00+09:00,1586.0,1604.0,1581.0,1596.0,61600,0.0,0.0
2022-01-31 00:00:00+09:00,1600.0,1605.0,1588.0,1601.0,28100,0.0,0.0
2022-02-01 00:00:00+09:00,1602.0,1619.0,1581.0,1584.0,63400,0.0,0.0
2022-02-02 00:00:00+09:00,1589.0,1616.0,1581.0,1607.0,46900,0.0,0.0
2022-02-03 00:00:00+09:00,1592.0,1607.0,1592.0,1600.0,39300,0.0,0.0
2022-02-04 00:00:00+09:00,1593.0,1614.0,1593.0,1608.0,65300,0.0,0.0
2022-02-07 00:00:00+09:00,1630.0,1630.0,1606.0,1613.0,63100,0.0,0.0
2022-02-08 00:00:00+09:00,1606.0,1616.0,1598.0,1601.0,47600,0.0,0.0
2022-02-09 00:00:00+09:00,1614.0,1614.0,1598.0,1610.0,41600,0.0,0.0
2022-02-10 00:00:00+09:00,1612.0,1620.0,1602.0,1607.0,76000,0.0,0.0
2022-02-14 00:00:00+09:00,1592.0,1594.0,1575.0,1586.0,90300,0.0,0.0
2022-02-15 00:00:00+09:00,1588.0,1593.0,1581.0,1591.0,79200,0.0,0.0
2022-02-16 00:00:00+09:00,1601.0,1629.0,1601.0,1622.0,48800,0.0,0.0
2022-02-17 00:00:00+09:00,1619.0,1620.0,1592.0,1594.0,70200,0.0,0.0
2022-02-18 00:00:00+09:00,1570.0,1578.0,1566.0,1569.0,139300,0.0,0.0
2022-02-21 00:00:00+09:00,1550.0,1557.0,1537.0,1556.0,99900,0.0,0.0
2022-02-22 00:00:00+09:00,1540.0,1560.0,1535.0,1554.0,98700,0.0,0.0
2022-02-24 00:00:00+09:00,1554.0,1573.0,1546.0,1569.0,80700,0.0,0.0
2022-02-25 00:00:00+09:00,1589.0,1589.0,1561.0,1580.0,216900,0.0,0.0
2022-02-28 00:00:00+09:00,1582.0,1602.0,1581.0,1598.0,154500,0.0,0.0
2022-03-01 00:00:00+09:00,1605.0,1608.0,1570.0,1576.0,191100,0.0,0.0
2022-03-02 00:00:00+09:00,1558.0,1563.0,1552.0,1554.0,139800,0.0,0.0
2022-03-03 00:00:00+09:00,1576.0,1578.0,1563.0,1563.0,156500,0.0,0.0
2022-03-04 00:00:00+09:00,1562.0,1571.0,1545.0,1548.0,460400,0.0,0.0
2022-03-07 00:00:00+09:00,1541.0,1541.0,1503.0,1511.0,278000,0.0,0.0
2022-03-08 00:00:00+09:00,1501.0,1516.0,1480.0,1488.0,185800,0.0,0.0
2022-03-09 00:00:00+09:00,1487.0,1497.0,1468.0,1476.0,204800,0.0,0.0
2022-03-10 00:00:00+09:00,1506.0,1530.0,1497.0,1530.0,202200,0.0,0.0
2022-03-11 00:00:00+09:00,1505.0,1534.0,1505.0,1520.0,335300,0.0,0.0
2022-03-14 00:00:00+09:00,1540.0,1549.0,1533.0,1535.0,146200,0.0,0.0
2022-03-15 00:00:00+09:00,1546.0,1569.0,1540.0,1565.0,100000,0.0,0.0
2022-03-16 00:00:00+09:00,1575.0,1577.0,1550.0,1556.0,122700,0.0,0.0
2022-03-17 00:00:00+09:00,1585.0,1585.0,1567.0,1580.0,134600,0.0,0.0
2022-03-18 00:00:00+09:00,1597.0,1604.0,1581.0,1604.0,263200,0.0,0.0
2022-03-22 00:00:00+09:00,1602.0,1611.0,1577.0,1580.0,231300,0.0,0.0
2022-03-23 00:00:00+09:00,1595.0,1609.0,1585.0,1608.0,122400,0.0,0.0
2022-03-24 00:00:00+09:00,1602.0,1602.0,1580.0,1597.0,121300,0.0,0.0
2022-03-25 00:00:00+09:00,1614.0,1614.0,1586.0,1591.0,214800,0.0,0.0
2022-03-28 00:00:00+09:00,1592.0,1601.0,1580.0,1592.0,206700,0.0,0.0
2022-03-29 00:00:00+09:00,1585.0,1591.0,1573.0,1591.0,438500,0.0,0.0
2022-03-30 00:00:00+09:00,1559.0,1571.0,1529.0,1543.0,300400,0.0,0.0
2022-03-31 00:00:00+09:00,1522.0,1540.0,1515.0,1515.0,118500,0.0,0.0
2022-04-01 00:00:00+09:00,1500.0,1510.0,1487.0,1507.0,88800,0.0,0.0
2022-04-04 00:00:00+09:00,1506.0,1518.0,1505.0,1516.0,44200,0.0,0.0
2022-04-05 00:00:00+09:00,1526.0,1545.0,1524.0,1536.0,76100,0.0,0.0
2022-04-06 00:00:00+09:00,1564.0,1564.0,1532.0,1534.0,160300,0.0,0.0
2022-04-07 00:00:00+09:00,1516.0,1517.0,1498.0,1511.0,61300,0.0,0.0
2022-04-08 00:00:00+09:00,1523.0,1523.0,1496.0,1501.0,60700,0.0,0.0
2022-04-11 00:00:00+09:00,1498.0,1502.0,1478.0,1484.0,71600,0.0,0.0
2022-04-12 00:00:00+09:00,1478.0,1484.0,1458.0,1458.0,76300,0.0,0.0
2022-04-13 00:00:00+09:00,1455.0,1476.0,1454.0,1474.0,84600,0.0,0.0
2022-04-14 00:00:00+09:00,1471.0,1486.0,1471.0,1481.0,26600,0.0,0.0
2022-04-15 00:00:00+09:00,1470.0,1482.0,1468.0,1470.0,29500,0.0,0.0
2022-04-18 00:00:00+09:00,1474.0,1485.0,1460.0,1477.0,50200,0.0,0.0
2022-04-19 00:00:00+09:00,1498.0,1498.0,1484.0,1494.0,53100,0.0,0.0
2022-04-20 00:00:00+09:00,1497.0,1504.0,1482.0,1494.0,45700,0.0,0.0
2022-04-21 00:00:00+09:00,1490.0,1507.0,1490.0,1507.0,39200,0.0,0.0
2022-04-22 00:00:00+09:00,1492.0,1492.0,1480.0,1484.0,33100,0.0,0.0
2022-04-25 00:00:00+09:00,1460.0,1477.0,1458.0,1468.0,39000,0.0,0.0
2022-04-26 00:00:00+09:00,1477.0,1477.0,1460.0,1466.0,37300,0.0,0.0
2022-04-27 00:00:00+09:00,1451.0,1459.0,1444.0,1449.0,90200,0.0,0.0
2022-04-28 00:00:00+09:00,1452.0,1498.0,1451.0,1497.0,49400,0.0,0.0
2022-05-02 00:00:00+09:00,1500.0,1508.0,1488.0,1504.0,38300,0.0,0.0
2022-05-06 00:00:00+09:00,1508.0,1527.0,1494.0,1522.0,47800,0.0,0.0
2022-05-09 00:00:00+09:00,1513.0,1514.0,1503.0,1504.0,25900,0.0,0.0
2022-05-10 00:00:00+09:00,1495.0,1515.0,1489.0,1508.0,38600,0.0,0.0
2022-05-11 00:00:00+09:00,1499.0,1506.0,1496.0,1499.0,31700,0.0,0.0
2022-05-12 00:00:00+09:00,1503.0,1503.0,1482.0,1482.0,34900,0.0,0.0
2022-05-13 00:00:00+09:00,1470.0,1492.0,1462.0,1492.0,84400,0.0,0.0
2022-05-16 00:00:00+09:00,1518.0,1519.0,1493.0,1503.0,43400,0.0,0.0
2022-05-17 00:00:00+09:00,1505.0,1511.0,1501.0,1511.0,17200,0.0,0.0
2022-05-18 00:00:00+09:00,1509.0,1518.0,1503.0,1518.0,29500,0.0,0.0
2022-05-19 00:00:00+09:00,1480.0,1506.0,1469.0,1504.0,116700,0.0,0.0
2022-05-20 00:00:00+09:00,1494.0,1509.0,1490.0,1500.0,80900,0.0,0.0
2022-05-23 00:00:00+09:00,1516.0,1536.0,1511.0,1522.0,63800,0.0,0.0
2022-05-24 00:00:00+09:00,1506.0,1528.0,1506.0,1521.0,69300,0.0,0.0
2022-05-25 00:00:00+09:00,1521.0,1527.0,1513.0,1517.0,53100,0.0,0.0
2022-05-26 00:00:00+09:00,1517.0,1533.0,1514.0,1529.0,40300,0.0,0.0
2022-05-27 00:00:00+09:00,1535.0,1539.0,1523.0,1533.0,30600,0.0,0.0
2022-05-30 00:00:00+09:00,1549.0,1573.0,1546.0,1563.0,87600,0.0,0.0
2022-05-31 00:00:00+09:00,1561.0,1561.0,1541.0,1548.0,79600,0.0,0.0
2022-06-01 00:00:00+09:00,1550.0,1583.0,1549.0,1583.0,73000,0.0,0.0
2022-06-02 00:00:00+09:00,1577.0,1577.0,1560.0,1566.0,49200,0.0,0.0
2022-06-03 00:00:00+09:00,1578.0,1593.0,1571.0,1577.0,76100,0.0,0.0
2022-06-06 00:00:00+09:00,1568.0,1590.0,1567.0,1578.0,50500,0.0,0.0
2022-06-07 00:00:00+09:00,1579.0,1600.0,1579.0,1589.0,53800,0.0,0.0
2022-06-08 00:00:00+09:00,1593.0,1613.0,1593.0,1607.0,61600,0.0,0.0
2022-06-09 00:00:00+09:00,1604.0,1609.0,1595.0,1601.0,55500,0.0,0.0
2022-06-10 00:00:00+09:00,1582.0,1596.0,1573.0,1574.0,60700,0.0,0.0
2022-06-13 00:00:00+09:00,1553.0,1564.0,1549.0,1555.0,59600,0.0,0.0
2022-06-14 00:00:00+09:00,1540.0,1559.0,1540.0,1551.0,70300,0.0,0.0
2022-06-15 00:00:00+09:00,1545.0,1549.0,1534.0,1539.0,64700,0.0,0.0
2022-06-16 00:00:00+09:00,1551.0,1577.0,1551.0,1554.0,51100,0.0,0.0
2022-06-17 00:00:00+09:00,1526.0,1562.0,1523.0,1540.0,68900,0.0,0.0
2022-06-20 00:00:00+09:00,1543.0,1543.0,1509.0,1515.0,32100,0.0,0.0
2022-06-21 00:00:00+09:00,1528.0,1542.0,1525.0,1535.0,33200,0.0,0.0
2022-06-22 00:00:00+09:00,1540.0,1549.0,1530.0,1530.0,41100,0.0,0.0
2022-06-23 00:00:00+09:00,1528.0,1545.0,1528.0,1530.0,43600,0.0,0.0
2022-06-24 00:00:00+09:00,1530.0,1533.0,1521.0,1527.0,32100,0.0,0.0
2022-06-27 00:00:00+09:00,1556.0,1556.0,1526.0,1543.0,29600,0.0,0.0
2022-06-28 00:00:00+09:00,1531.0,1548.0,1531.0,1548.0,27300,0.0,0.0
2022-06-29 00:00:00+09:00,1540.0,1546.0,1530.0,1542.0,36100,0.0,0.0
2022-06-30 00:00:00+09:00,1552.0,1552.0,1523.0,1526.0,41700,0.0,0.0
2022-07-01 00:00:00+09:00,1533.0,1539.0,1513.0,1520.0,69100,0.0,0.0
2022-07-04 00:00:00+09:00,1537.0,1540.0,1528.0,1540.0,50300,0.0,0.0
2022-07-05 00:00:00+09:00,1549.0,1564.0,1547.0,1551.0,63200,0.0,0.0
2022-07-06 00:00:00+09:00,1551.0,1554.0,1533.0,1534.0,62600,0.0,0.0
2022-07-07 00:00:00+09:00,1548.0,1564.0,1546.0,1559.0,56200,0.0,0.0
2022-07-08 00:00:00+09:00,1566.0,1592.0,1565.0,1572.0,93400,0.0,0.0
2022-07-11 00:00:00+09:00,1588.0,1604.0,1581.0,1585.0,88200,0.0,0.0
2022-07-12 00:00:00+09:00,1580.0,1581.0,1550.0,1553.0,59400,0.0,0.0
2022-07-13 00:00:00+09:00,1561.0,1575.0,1559.0,1563.0,39900,0.0,0.0
2022-07-14 00:00:00+09:00,1564.0,1579.0,1564.0,1578.0,41700,0.0,0.0
2022-07-15 00:00:00+09:00,1577.0,1592.0,1573.0,1585.0,40500,0.0,0.0
2022-07-19 00:00:00+09:00,1595.0,1601.0,1590.0,1601.0,38900,0.0,0.0
2022-07-20 00:00:00+09:00,1612.0,1625.0,1608.0,1623.0,85500,0.0,0.0
2022-07-21 00:00:00+09:00,1612.0,1619.0,1606.0,1615.0,54500,0.0,0.0
2022-07-22 00:00:00+09:00,1615.0,1632.0,1606.0,1627.0,58000,0.0,0.0
2022-07-25 00:00:00+09:00,1615.0,1627.0,1613.0,1621.0,44500,0.0,0.0
2022-07-26 00:00:00+09:00,1621.0,1643.0,1621.0,1635.0,42100,0.0,0.0
2022-07-27 00:00:00+09:00,1644.0,1644.0,1615.0,1616.0,42300,0.0,0.0
2022-07-28 00:00:00+09:00,1625.0,1634.0,1618.0,1632.0,51200,0.0,0.0
2022-07-29 00:00:00+09:00,1636.0,1638.0,1594.0,1599.0,46700,0.0,0.0
2022-08-01 00:00:00+09:00,1603.0,1609.0,1597.0,1609.0,34100,0.0,0.0
2022-08-02 00:00:00+09:00,1593.0,1593.0,1572.0,1575.0,44100,0.0,0.0
2022-08-03 00:00:00+09:00,1577.0,1582.0,1561.0,1571.0,38800,0.0,0.0
2022-08-04 00:00:00+09:00,1586.0,1586.0,1556.0,1557.0,43100,0.0,0.0
2022-08-05 00:00:00+09:00,1551.0,1558.0,1536.0,1550.0,52400,0.0,0.0
2022-08-08 00:00:00+09:00,1540.0,1550.0,1534.0,1545.0,35500,0.0,0.0
2022-08-09 00:00:00+09:00,1548.0,1549.0,1531.0,1532.0,29200,0.0,0.0
2022-08-10 00:00:00+09:00,1532.0,1541.0,1528.0,1539.0,24800,0.0,0.0
2022-08-12 00:00:00+09:00,1550.0,1564.0,1549.0,1560.0,43900,0.0,0.0
2022-08-15 00:00:00+09:00,1560.0,1560.0,1548.0,1552.0,29000,0.0,0.0
2022-08-16 00:00:00+09:00,1560.0,1560.0,1543.0,1547.0,22200,0.0,0.0
2022-08-17 00:00:00+09:00,1558.0,1562.0,1552.0,1555.0,32600,0.0,0.0
2022-08-18 00:00:00+09:00,1550.0,1550.0,1540.0,1541.0,27600,0.0,0.0
2022-08-19 00:00:00+09:00,1553.0,1554.0,1542.0,1542.0,22200,0.0,0.0
2022-08-22 00:00:00+09:00,1536.0,1541.0,1529.0,1541.0,28100,0.0,0.0
2022-08-23 00:00:00+09:00,1535.0,1543.0,1525.0,1529.0,41500,0.0,0.0
2022-08-24 00:00:00+09:00,1526.0,1536.0,1524.0,1527.0,29800,0.0,0.0
2022-08-25 00:00:00+09:00,1527.0,1541.0,1527.0,1534.0,17100,0.0,0.0
2022-08-26 00:00:00+09:00,1538.0,1546.0,1535.0,1537.0,22800,0.0,0.0
2022-08-29 00:00:00+09:00,1519.0,1521.0,1511.0,1518.0,50000,0.0,0.0
2022-08-30 00:00:00+09:00,1529.0,1535.0,1516.0,1524.0,29500,0.0,0.0
2022-08-31 00:00:00+09:00,1511.0,1517.0,1510.0,1511.0,37600,0.0,0.0
2022-09-01 00:00:00+09:00,1507.0,1507.0,1496.0,1497.0,66700,0.0,0.0
2022-09-02 00:00:00+09:00,1497.0,1497.0,1482.0,1493.0,55400,0.0,0.0
2022-09-05 00:00:00+09:00,1484.0,1485.0,1480.0,1480.0,49400,0.0,0.0
2022-09-06 00:00:00+09:00,1481.0,1489.0,1476.0,1483.0,57000,0.0,0.0
2022-09-07 00:00:00+09:00,1483.0,1495.0,1475.0,1493.0,42700,0.0,0.0
2022-09-08 00:00:00+09:00,1504.0,1520.0,1503.0,1515.0,41300,0.0,0.0
2022-09-09 00:00:00+09:00,1507.0,1525.0,1507.0,1524.0,46300,0.0,0.0
2022-09-12 00:00:00+09:00,1534.0,1534.0,1520.0,1524.0,21000,0.0,0.0
2022-09-13 00:00:00+09:00,1528.0,1532.0,1517.0,1531.0,23200,0.0,0.0
2022-09-14 00:00:00+09:00,1515.0,1520.0,1506.0,1512.0,38300,0.0,0.0
2022-09-15 00:00:00+09:00,1514.0,1514.0,1502.0,1504.0,25900,0.0,0.0
2022-09-16 00:00:00+09:00,1504.0,1511.0,1498.0,1498.0,29500,0.0,0.0
2022-09-20 00:00:00+09:00,1510.0,1518.0,1503.0,1506.0,25600,0.0,0.0
2022-09-21 00:00:00+09:00,1498.0,1506.0,1497.0,1501.0,26200,0.0,0.0
2022-09-22 00:00:00+09:00,1495.0,1507.0,1495.0,1502.0,27700,0.0,0.0
2022-09-26 00:00:00+09:00,1491.0,1491.0,1475.0,1479.0,69700,0.0,0.0
2022-09-27 00:00:00+09:00,1491.0,1494.0,1477.0,1477.0,38300,0.0,0.0
2022-09-28 00:00:00+09:00,1476.0,1490.0,1470.0,1484.0,59800,0.0,0.0
2022-09-29 00:00:00+09:00,1482.0,1484.0,1466.0,1477.0,45100,0.0,0.0
2022-09-30 00:00:00+09:00,1472.0,1487.0,1471.0,1475.0,50300,0.0,0.0
2022-10-03 00:00:00+09:00,1470.0,1489.0,1470.0,1479.0,24200,0.0,0.0
2022-10-04 00:00:00+09:00,1503.0,1518.0,1502.0,1517.0,52300,0.0,0.0
2022-10-05 00:00:00+09:00,1527.0,1527.0,1510.0,1510.0,27700,0.0,0.0
2022-10-06 00:00:00+09:00,1524.0,1532.0,1523.0,1528.0,36500,0.0,0.0
2022-10-07 00:00:00+09:00,1516.0,1534.0,1511.0,1529.0,32100,0.0,0.0
2022-10-11 00:00:00+09:00,1510.0,1524.0,1488.0,1494.0,42100,0.0,0.0
2022-10-12 00:00:00+09:00,1493.0,1493.0,1483.0,1485.0,34400,0.0,0.0
2022-10-13 00:00:00+09:00,1480.0,1480.0,1474.0,1480.0,43900,0.0,0.0
2022-10-14 00:00:00+09:00,1490.0,1502.0,1478.0,1493.0,57700,0.0,0.0
2022-10-17 00:00:00+09:00,1481.0,1483.0,1472.0,1473.0,38100,0.0,0.0
2022-10-18 00:00:00+09:00,1490.0,1490.0,1477.0,1489.0,27300,0.0,0.0
2022-10-19 00:00:00+09:00,1486.0,1499.0,1486.0,1497.0,29300,0.0,0.0
2022-10-20 00:00:00+09:00,1486.0,1490.0,1483.0,1488.0,21200,0.0,0.0
2022-10-21 00:00:00+09:00,1480.0,1482.0,1469.0,1469.0,42900,0.0,0.0
2022-10-24 00:00:00+09:00,1483.0,1488.0,1471.0,1474.0,40000,0.0,0.0
2022-10-25 00:00:00+09:00,1480.0,1491.0,1473.0,1487.0,44600,0.0,0.0
2022-10-26 00:00:00+09:00,1492.0,1492.0,1483.0,1491.0,50700,0.0,0.0
2022-10-27 00:00:00+09:00,1486.0,1493.0,1484.0,1489.0,23600,0.0,0.0
2022-10-28 00:00:00+09:00,1484.0,1493.0,1473.0,1474.0,107200,0.0,0.0
2022-10-31 00:00:00+09:00,1484.0,1497.0,1482.0,1494.0,38400,0.0,0.0
2022-11-01 00:00:00+09:00,1500.0,1502.0,1494.0,1499.0,18400,0.0,0.0
2022-11-02 00:00:00+09:00,1498.0,1504.0,1479.0,1479.0,84300,0.0,0.0
2022-11-04 00:00:00+09:00,1478.0,1492.0,1478.0,1482.0,42200,0.0,0.0
2022-11-07 00:00:00+09:00,1480.0,1482.0,1451.0,1454.0,150300,0.0,0.0
2022-11-08 00:00:00+09:00,1452.0,1458.0,1442.0,1456.0,99000,0.0,0.0
2022-11-09 00:00:00+09:00,1467.0,1479.0,1460.0,1460.0,63200,0.0,0.0
2022-11-10 00:00:00+09:00,1460.0,1466.0,1454.0,1460.0,30500,0.0,0.0
2022-11-11 00:00:00+09:00,1480.0,1480.0,1472.0,1477.0,51900,0.0,0.0
2022-11-14 00:00:00+09:00,1472.0,1477.0,1464.0,1464.0,41700,0.0,0.0
2022-11-15 00:00:00+09:00,1462.0,1471.0,1461.0,1468.0,30200,0.0,0.0
2022-11-16 00:00:00+09:00,1468.0,1477.0,1464.0,1476.0,31600,0.0,0.0
2022-11-17 00:00:00+09:00,1467.0,1477.0,1467.0,1474.0,29300,0.0,0.0
2022-11-18 00:00:00+09:00,1479.0,1489.0,1479.0,1483.0,37700,0.0,0.0
2022-11-21 00:00:00+09:00,1484.0,1490.0,1481.0,1489.0,39500,0.0,0.0
2022-11-22 00:00:00+09:00,1490.0,1508.0,1490.0,1507.0,59900,0.0,0.0
2022-11-24 00:00:00+09:00,1515.0,1526.0,1510.0,1523.0,70800,0.0,0.0
2022-11-25 00:00:00+09:00,1523.0,1536.0,1522.0,1533.0,41200,0.0,0.0
2022-11-28 00:00:00+09:00,1534.0,1534.0,1518.0,1523.0,26600,0.0,0.0
2022-11-29 00:00:00+09:00,1526.0,1528.0,1514.0,1516.0,52300,0.0,0.0
2022-11-30 00:00:00+09:00,1512.0,1520.0,1490.0,1494.0,89200,0.0,0.0
2022-12-01 00:00:00+09:00,1503.0,1503.0,1487.0,1494.0,48600,0.0,0.0
2022-12-02 00:00:00+09:00,1480.0,1480.0,1462.0,1464.0,75000,0.0,0.0
2022-12-05 00:00:00+09:00,1468.0,1470.0,1459.0,1464.0,44300,0.0,0.0
2022-12-06 00:00:00+09:00,1462.0,1466.0,1461.0,1461.0,34700,0.0,0.0
2022-12-07 00:00:00+09:00,1460.0,1475.0,1457.0,1471.0,46700,0.0,0.0
2022-12-08 00:00:00+09:00,1469.0,1470.0,1458.0,1469.0,44800,0.0,0.0
2022-12-09 00:00:00+09:00,1465.0,1475.0,1465.0,1469.0,40700,0.0,0.0
2022-12-12 00:00:00+09:00,1464.0,1469.0,1460.0,1463.0,42400,0.0,0.0
2022-12-13 00:00:00+09:00,1478.0,1482.0,1475.0,1482.0,43000,0.0,0.0
2022-12-14 00:00:00+09:00,1485.0,1492.0,1475.0,1482.0,61400,0.0,0.0
2022-12-15 00:00:00+09:00,1475.0,1489.0,1475.0,1485.0,33800,0.0,0.0
2022-12-16 00:00:00+09:00,1477.0,1490.0,1476.0,1480.0,62400,0.0,0.0
2022-12-19 00:00:00+09:00,1476.0,1481.0,1471.0,1471.0,38400,0.0,0.0
2022-12-20 00:00:00+09:00,1466.0,1478.0,1450.0,1463.0,88900,0.0,0.0
2022-12-21 00:00:00+09:00,1464.0,1464.0,1444.0,1446.0,74300,0.0,0.0
2022-12-22 00:00:00+09:00,1455.0,1456.0,1448.0,1452.0,44500,0.0,0.0
2022-12-23 00:00:00+09:00,1443.0,1450.0,1443.0,1450.0,41700,0.0,0.0
2022-12-26 00:00:00+09:00,1450.0,1452.0,1443.0,1446.0,45000,0.0,0.0
2022-12-27 00:00:00+09:00,1457.0,1458.0,1445.0,1448.0,38900,0.0,0.0
2022-12-28 00:00:00+09:00,1448.0,1450.0,1443.0,1450.0,55700,0.0,0.0
2022-12-29 00:00:00+09:00,1444.0,1465.0,1433.0,1465.0,69800,0.0,0.0
2022-12-30 00:00:00+09:00,1469.0,1474.0,1462.0,1462.0,60600,0.0,0.0
2023-01-04 00:00:00+09:00,1459.0,1459.0,1440.0,1440.0,60800,0.0,0.0
2023-01-05 00:00:00+09:00,1441.0,1444.0,1436.0,1437.0,56900,0.0,0.0
2023-01-06 00:00:00+09:00,1435.0,1445.0,1434.0,1445.0,63800,0.0,0.0
2023-01-10 00:00:00+09:00,1450.0,1451.0,1445.0,1445.0,37800,0.0,0.0
2023-01-11 00:00:00+09:00,1452.0,1457.0,1451.0,1455.0,25000,0.0,0.0
2023-01-12 00:00:00+09:00,1456.0,1460.0,1454.0,1457.0,28800,0.0,0.0
2023-01-13 00:00:00+09:00,1447.0,1461.0,1446.0,1455.0,62400,0.0,0.0
2023-01-16 00:00:00+09:00,1447.0,1454.0,1447.0,1449.0,31300,0.0,0.0
2023-01-17 00:00:00+09:00,1456.0,1467.0,1456.0,1465.0,33600,0.0,0.0
2023-01-18 00:00:00+09:00,1466.0,1486.0,1462.0,1476.0,38600,0.0,0.0
2023-01-19 00:00:00+09:00,1477.0,1484.0,1473.0,1480.0,47600,0.0,0.0
2023-01-20 00:00:00+09:00,1482.0,1482.0,1472.0,1472.0,60100,0.0,0.0
2023-01-23 00:00:00+09:00,1480.0,1491.0,1478.0,1486.0,37300,0.0,0.0
2023-01-24 00:00:00+09:00,1493.0,1509.0,1493.0,1509.0,59200,0.0,0.0
2023-01-25 00:00:00+09:00,1510.0,1519.0,1502.0,1518.0,48500,0.0,0.0
2023-01-26 00:00:00+09:00,1517.0,1520.0,1508.0,1514.0,32200,0.0,0.0
2023-01-27 00:00:00+09:00,1511.0,1519.0,1510.0,1514.0,67200,0.0,0.0
2023-01-30 00:00:00+09:00,1520.0,1529.0,1517.0,1526.0,62600,0.0,0.0
2023-01-31 00:00:00+09:00,1529.0,1550.0,1529.0,1543.0,76700,0.0,0.0
2023-02-01 00:00:00+09:00,1550.0,1550.0,1536.0,1539.0,34200,0.0,0.0
2023-02-02 00:00:00+09:00,1540.0,1541.0,1526.0,1528.0,31900,0.0,0.0
2023-02-03 00:00:00+09:00,1528.0,1535.0,1522.0,1531.0,89000,0.0,0.0
2023-02-06 00:00:00+09:00,1558.0,1576.0,1558.0,1570.0,73400,0.0,0.0
2023-02-07 00:00:00+09:00,1564.0,1591.0,1564.0,1590.0,64000,0.0,0.0
2023-02-08 00:00:00+09:00,1590.0,1594.0,1585.0,1590.0,30900,0.0,0.0
2023-02-09 00:00:00+09:00,1580.0,1604.0,1578.0,1603.0,41500,0.0,0.0
2023-02-10 00:00:00+09:00,1592.0,1616.0,1592.0,1607.0,82100,0.0,0.0
2023-02-13 00:00:00+09:00,1611.0,1611.0,1594.0,1608.0,35000,0.0,0.0
2023-02-14 00:00:00+09:00,1605.0,1629.0,1605.0,1626.0,60200,0.0,0.0
2023-02-15 00:00:00+09:00,1637.0,1638.0,1619.0,1619.0,61900,0.0,0.0
2023-02-16 00:00:00+09:00,1623.0,1625.0,1615.0,1620.0,54200,0.0,0.0
2023-02-17 00:00:00+09:00,1616.0,1620.0,1609.0,1618.0,94900,0.0,0.0
2023-02-20 00:00:00+09:00,1611.0,1634.0,1611.0,1625.0,44200,0.0,0.0
2023-02-21 00:00:00+09:00,1630.0,1643.0,1630.0,1637.0,31700,0.0,0.0
2023-02-22 00:00:00+09:00,1630.0,1648.0,1630.0,1635.0,69100,0.0,0.0
2023-02-24 00:00:00+09:00,1640.0,1655.0,1636.0,1655.0,176700,0.0,0.0
2023-02-27 00:00:00+09:00,1648.0,1663.0,1648.0,1660.0,65100,0.0,0.0
2023-02-28 00:00:00+09:00,1665.0,1665.0,1645.0,1649.0,193600,0.0,0.0
2023-03-01 00:00:00+09:00,1649.0,1663.0,1646.0,1661.0,138100,0.0,0.0
2023-03-02 00:00:00+09:00,1664.0,1678.0,1661.0,1676.0,182400,0.0,0.0
2023-03-03 00:00:00+09:00,1676.0,1692.0,1663.0,1686.0,495000,0.0,0.0
2023-03-06 00:00:00+09:00,1687.0,1694.0,1674.0,1690.0,196100,0.0,0.0
2023-03-07 00:00:00+09:00,1682.0,1708.0,1682.0,1707.0,160800,0.0,0.0
2023-03-08 00:00:00+09:00,1704.0,1719.0,1704.0,1715.0,165800,0.0,0.0
2023-03-09 00:00:00+09:00,1724.0,1738.0,1724.0,1732.0,242300,0.0,0.0
2023-03-10 00:00:00+09:00,1709.0,1721.0,1706.0,1714.0,280500,0.0,0.0
2023-03-13 00:00:00+09:00,1709.0,1712.0,1681.0,1691.0,157000,0.0,0.0
2023-03-14 00:00:00+09:00,1671.0,1671.0,1642.0,1660.0,151400,0.0,0.0
2023-03-15 00:00:00+09:00,1681.0,1699.0,1675.0,1699.0,83100,0.0,0.0
2023-03-16 00:00:00+09:00,1673.0,1681.0,1660.0,1671.0,89700,0.0,0.0
2023-03-17 00:00:00+09:00,1662.0,1681.0,1662.0,1680.0,142100,0.0,0.0
2023-03-20 00:00:00+09:00,1677.0,1679.0,1648.0,1652.0,96700,0.0,0.0
2023-03-22 00:00:00+09:00,1661.0,1683.0,1656.0,1669.0,93000,0.0,0.0
2023-03-23 00:00:00+09:00,1669.0,1675.0,1651.0,1673.0,110500,0.0,0.0
2023-03-24 00:00:00+09:00,1671.0,1671.0,1659.0,1666.0,54400,0.0,0.0
2023-03-27 00:00:00+09:00,1684.0,1684.0,1663.0,1678.0,130300,0.0,0.0
2023-03-28 00:00:00+09:00,1676.0,1678.0,1655.0,1658.0,132100,0.0,0.0
2023-03-29 00:00:00+09:00,1669.0,1677.0,1658.0,1677.0,348700,0.0,0.0
2023-03-30 00:00:00+09:00,1650.0,1668.0,1641.0,1666.0,230300,0.0,0.0
2023-03-31 00:00:00+09:00,1671.0,1686.0,1670.0,1680.0,115300,0.0,0.0
2023-04-03 00:00:00+09:00,1695.0,1709.0,1687.0,1709.0,75000,0.0,0.0
2023-04-04 00:00:00+09:00,1715.0,1721.0,1707.0,1721.0,78000,0.0,0.0
2023-04-05 00:00:00+09:00,1701.0,1702.0,1671.0,1675.0,49500,0.0,0.0
2023-04-06 00:00:00+09:00,1673.0,1673.0,1651.0,1657.0,61800,0.0,0.0
2023-04-07 00:00:00+09:00,1650.0,1669.0,1650.0,1666.0,48600,0.0,0.0
2023-04-10 00:00:00+09:00,1670.0,1674.0,1648.0,1660.0,38900,0.0,0.0
2023-04-11 00:00:00+09:00,1660.0,1675.0,1656.0,1671.0,53100,0.0,0.0
2023-04-12 00:00:00+09:00,1685.0,1691.0,1679.0,1681.0,45200,0.0,0.0
2023-04-13 00:00:00+09:00,1677.0,1681.0,1666.0,1675.0,35000,0.0,0.0
2023-04-14 00:00:00+09:00,1668.0,1687.0,1668.0,1684.0,42800,0.0,0.0
2023-04-17 00:00:00+09:00,1686.0,1693.0,1679.0,1691.0,25800,0.0,0.0
2023-04-18 00:00:00+09:00,1698.0,1709.0,1694.0,1694.0,49800,0.0,0.0
2023-04-19 00:00:00+09:00,1698.0,1698.0,1684.0,1689.0,40800,0.0,0.0
2023-04-20 00:00:00+09:00,1679.0,1695.0,1679.0,1694.0,27900,0.0,0.0
2023-04-21 00:00:00+09:00,1692.0,1703.0,1691.0,1697.0,36300,0.0,0.0
2023-04-24 00:00:00+09:00,1700.0,1703.0,1694.0,1703.0,25800,0.0,0.0
2023-04-25 00:00:00+09:00,1705.0,1717.0,1700.0,1700.0,52300,0.0,0.0
2023-04-26 00:00:00+09:00,1696.0,1696.0,1681.0,1687.0,49600,0.0,0.0
2023-04-27 00:00:00+09:00,1687.0,1697.0,1685.0,1689.0,43500,0.0,0.0
2023-04-28 00:00:00+09:00,1708.0,1719.0,1708.0,1715.0,59000,0.0,0.0
2023-05-01 00:00:00+09:00,1720.0,1742.0,1720.0,1740.0,53500,0.0,0.0
2023-05-02 00:00:00+09:00,1745.0,1747.0,1723.0,1725.0,42500,0.0,0.0
2023-05-08 00:00:00+09:00,1725.0,1740.0,1725.0,1737.0,37200,0.0,0.0
2023-05-09 00:00:00+09:00,1739.0,1746.0,1736.0,1746.0,49200,0.0,0.0
2023-05-10 00:00:00+09:00,1748.0,1749.0,1732.0,1736.0,31400,0.0,0.0
2023-05-11 00:00:00+09:00,1732.0,1735.0,1723.0,1726.0,35800,0.0,0.0
2023-05-12 00:00:00+09:00,1780.0,1846.0,1780.0,1846.0,219900,0.0,0.0
2023-05-15 00:00:00+09:00,1860.0,1882.0,1844.0,1866.0,76400,0.0,0.0
2023-05-16 00:00:00+09:00,1885.0,1895.0,1869.0,1895.0,48100,0.0,0.0
2023-05-17 00:00:00+09:00,1885.0,1911.0,1885.0,1901.0,72400,0.0,0.0
2023-05-18 00:00:00+09:00,1917.0,1917.0,1887.0,1901.0,69000,0.0,0.0
2023-05-19 00:00:00+09:00,1901.0,1920.0,1901.0,1914.0,58900,0.0,0.0
2023-05-22 00:00:00+09:00,1917.0,1953.0,1912.0,1933.0,120100,0.0,0.0
2023-05-23 00:00:00+09:00,1934.0,1951.0,1906.0,1910.0,69400,0.0,0.0
2023-05-24 00:00:00+09:00,1900.0,1913.0,1890.0,1896.0,48700,0.0,0.0
2023-05-25 00:00:00+09:00,1883.0,1922.0,1882.0,1917.0,76700,0.0,0.0
2023-05-26 00:00:00+09:00,1928.0,1934.0,1909.0,1909.0,63300,0.0,0.0
2023-05-29 00:00:00+09:00,1928.0,1928.0,1908.0,1912.0,32300,0.0,0.0
2023-05-30 00:00:00+09:00,1908.0,1917.0,1900.0,1907.0,48700,0.0,0.0
2023-05-31 00:00:00+09:00,1880.0,1887.0,1862.0,1869.0,135600,0.0,0.0
2023-06-01 00:00:00+09:00,1869.0,1880.0,1864.0,1874.0,59400,0.0,0.0
2023-06-02 00:00:00+09:00,1857.0,1869.0,1838.0,1864.0,99900,0.0,0.0
2023-06-05 00:00:00+09:00,1890.0,1917.0,1890.0,1913.0,76800,0.0,0.0
2023-06-06 00:00:00+09:00,1895.0,1918.0,1885.0,1901.0,75800,0.0,0.0
2023-06-07 00:00:00+09:00,1905.0,1940.0,1900.0,1900.0,78100,0.0,0.0
2023-06-08 00:00:00+09:00,1908.0,1927.0,1878.0,1890.0,102700,0.0,0.0
2023-06-09 00:00:00+09:00,1910.0,1911.0,1883.0,1892.0,98000,0.0,0.0
2023-06-12 00:00:00+09:00,1910.0,1921.0,1908.0,1914.0,72600,0.0,0.0
2023-06-13 00:00:00+09:00,1918.0,1944.0,1918.0,1944.0,71800,0.0,0.0
2023-06-14 00:00:00+09:00,1950.0,1971.0,1950.0,1965.0,83500,0.0,0.0
2023-06-15 00:00:00+09:00,1965.0,1991.0,1963.0,1977.0,81400,0.0,0.0
2023-06-16 00:00:00+09:00,1977.0,1993.0,1974.0,1988.0,94600,0.0,0.0
2023-06-19 00:00:00+09:00,1998.0,2013.0,1981.0,1990.0,75600,0.0,0.0
2023-06-20 00:00:00+09:00,1990.0,2002.0,1985.0,2000.0,64400,0.0,0.0
2023-06-21 00:00:00+09:00,2000.0,2029.0,1988.0,2024.0,83600,0.0,0.0
2023-06-22 00:00:00+09:00,2024.0,2027.0,1976.0,1981.0,72300,0.0,0.0
2023-06-23 00:00:00+09:00,1989.0,2010.0,1982.0,1987.0,55900,0.0,0.0
2023-06-26 00:00:00+09:00,1978.0,1985.0,1955.0,1959.0,30300,0.0,0.0
2023-06-27 00:00:00+09:00,1965.0,1965.0,1933.0,1949.0,40800,0.0,0.0
2023-06-28 00:00:00+09:00,1965.0,1994.0,1964.0,1994.0,50100,0.0,0.0
2023-06-29 00:00:00+09:00,1994.0,2006.0,1987.0,1992.0,33300,0.0,0.0
2023-06-30 00:00:00+09:00,1995.0,2002.0,1980.0,1993.0,44700,0.0,0.0
2023-07-03 00:00:00+09:00,2010.0,2051.0,2010.0,2044.0,75300,0.0,0.0
2023-07-04 00:00:00+09:00,2020.0,2032.0,2013.0,2015.0,73500,0.0,0.0
2023-07-05 00:00:00+09:00,2000.0,2000.0,1965.0,1979.0,61100,0.0,0.0
2023-07-06 00:00:00+09:00,1967.0,1980.0,1954.0,1960.0,41900,0.0,0.0
2023-07-07 00:00:00+09:00,1944.0,1960.0,1928.0,1943.0,46400,0.0,0.0
2023-07-10 00:00:00+09:00,1940.0,1950.0,1929.0,1930.0,49400,0.0,0.0
2023-07-11 00:00:00+09:00,1930.0,1941.0,1908.0,1909.0,26600,0.0,0.0
2023-07-12 00:00:00+09:00,1915.0,1915.0,1891.0,1893.0,31500,0.0,0.0
2023-07-13 00:00:00+09:00,1890.0,1896.0,1872.0,1880.0,29100,0.0,0.0
2023-07-14 00:00:00+09:00,1890.0,1896.0,1860.0,1877.0,43200,0.0,0.0
2023-07-18 00:00:00+09:00,1877.0,1910.0,1877.0,1910.0,33200,0.0,0.0
2023-07-19 00:00:00+09:00,1941.0,1945.0,1923.0,1935.0,43400,0.0,0.0
2023-07-20 00:00:00+09:00,1933.0,1942.0,1924.0,1929.0,35300,0.0,0.0
2023-07-21 00:00:00+09:00,1925.0,1945.0,1919.0,1945.0,42500,0.0,0.0
2023-07-24 00:00:00+09:00,1957.0,1957.0,1935.0,1944.0,30000,0.0,0.0
2023-07-25 00:00:00+09:00,1935.0,1944.0,1929.0,1932.0,28900,0.0,0.0
2023-07-26 00:00:00+09:00,1925.0,1937.0,1918.0,1927.0,27600,0.0,0.0
2023-07-27 00:00:00+09:00,1924.0,1924.0,1910.0,1919.0,30600,0.0,0.0
2023-07-28 00:00:00+09:00,1905.0,1931.0,1900.0,1929.0,64100,0.0,0.0
2023-07-31 00:00:00+09:00,1958.0,1958.0,1937.0,1937.0,54200,0.0,0.0
2023-08-01 00:00:00+09:00,1928.0,1944.0,1927.0,1944.0,28200,0.0,0.0
2023-08-02 00:00:00+09:00,1924.0,1935.0,1911.0,1911.0,63700,0.0,0.0
2023-08-03 00:00:00+09:00,1902.0,1902.0,1876.0,1880.0,74700,0.0,0.0
2023-08-04 00:00:00+09:00,1890.0,1905.0,1880.0,1905.0,88300,0.0,0.0
2023-08-07 00:00:00+09:00,1906.0,1964.0,1906.0,1959.0,82300,0.0,0.0
2023-08-08 00:00:00+09:00,1980.0,1998.0,1977.0,1997.0,49100,0.0,0.0
2023-08-09 00:00:00+09:00,1991.0,2004.0,1979.0,1993.0,46300,0.0,0.0
2023-08-10 00:00:00+09:00,2004.0,2038.0,1995.0,2035.0,57500,0.0,0.0
2023-08-14 00:00:00+09:00,2039.0,2048.0,2012.0,2015.0,29200,0.0,0.0
2023-08-15 00:00:00+09:00,2028.0,2035.0,2017.0,2030.0,30900,0.0,0.0
2023-08-16 00:00:00+09:00,2025.0,2028.0,2011.0,2011.0,22900,0.0,0.0
2023-08-17 00:00:00+09:00,2005.0,2005.0,1967.0,1992.0,28200,0.0,0.0
2023-08-18 00:00:00+09:00,1989.0,2001.0,1981.0,1991.0,28600,0.0,0.0
2023-08-21 00:00:00+09:00,1990.0,1996.0,1972.0,1975.0,50500,0.0,0.0
2023-08-22 00:00:00+09:00,1980.0,1981.0,1938.0,1960.0,43700,0.0,0.0
2023-08-23 00:00:00+09:00,1953.0,1988.0,1953.0,1986.0,35900,0.0,0.0
2023-08-24 00:00:00+09:00,1985.0,2000.0,1980.0,1993.0,21200,0.0,0.0
2023-08-25 00:00:00+09:00,1990.0,2000.0,1986.0,1986.0,25500,0.0,0.0
2023-08-28 00:00:00+09:00,2008.0,2019.0,2002.0,2016.0,24100,0.0,0.0
2023-08-29 00:00:00+09:00,2016.0,2021.0,2009.0,2017.0,18600,0.0,0.0
2023-08-30 00:00:00+09:00,2029.0,2060.0,2026.0,2058.0,65100,0.0,0.0
2023-08-31 00:00:00+09:00,2063.0,2079.0,2058.0,2067.0,44500,0.0,0.0
2023-09-01 00:00:00+09:00,2067.0,2094.0,2067.0,2094.0,38300,0.0,0.0
2023-09-04 00:00:00+09:00,2095.0,2119.0,2091.0,2117.0,49100,0.0,0.0
2023-09-05 00:00:00+09:00,2115.0,2119.0,2096.0,2119.0,33200,0.0,0.0
2023-09-06 00:00:00+09:00,2095.0,2116.0,2095.0,2105.0,27800,0.0,0.0
2023-09-07 00:00:00+09:00,2095.0,2124.0,2095.0,2116.0,35200,0.0,0.0
2023-09-08 00:00:00+09:00,2085.0,2107.0,2068.0,2070.0,60400,0.0,0.0
2023-09-11 00:00:00+09:00,2070.0,2083.0,2060.0,2064.0,17800,0.0,0.0
2023-09-12 00:00:00+09:00,2064.0,2079.0,2059.0,2078.0,15700,0.0,0.0
2023-09-13 00:00:00+09:00,2078.0,2079.0,2056.0,2059.0,25300,0.0,0.0
2023-09-14 00:00:00+09:00,2062.0,2070.0,2046.0,2063.0,28000,0.0,0.0
2023-09-15 00:00:00+09:00,2075.0,2096.0,2039.0,2085.0,109000,0.0,0.0
2023-09-19 00:00:00+09:00,2075.0,2089.0,2063.0,2089.0,40700,0.0,0.0
2023-09-20 00:00:00+09:00,2096.0,2101.0,2060.0,2061.0,49800,0.0,0.0
2023-09-21 00:00:00+09:00,2051.0,2078.0,2051.0,2057.0,26500,0.0,0.0
2023-09-22 00:00:00+09:00,2047.0,2061.0,2037.0,2054.0,33400,0.0,0.0
2023-09-25 00:00:00+09:00,2055.0,2068.0,2049.0,2061.0,21500,0.0,0.0
2023-09-26 00:00:00+09:00,2068.0,2068.0,2046.0,2050.0,32000,0.0,0.0
2023-09-27 00:00:00+09:00,2045.0,2062.0,2025.0,2057.0,65400,0.0,0.0
2023-09-28 00:00:00+09:00,2025.0,2057.0,2022.0,2026.0,46900,0.0,0.0
2023-09-29 00:00:00+09:00,2037.0,2037.0,1994.0,2008.0,30400,0.0,0.0
2023-10-02 00:00:00+09:00,2026.0,2038.0,2004.0,2004.0,30500,0.0,0.0
2023-10-03 00:00:00+09:00,2001.0,2001.0,1951.0,1954.0,43800,0.0,0.0
2023-10-04 00:00:00+09:00,1945.0,1945.0,1904.0,1908.0,49700,0.0,0.0
2023-10-05 00:00:00+09:00,1905.0,1943.0,1905.0,1943.0,39500,0.0,0.0
2023-10-06 00:00:00+09:00,1955.0,1982.0,1955.0,1970.0,32100,0.0,0.0
2023-10-10 00:00:00+09:00,1970.0,1994.0,1967.0,1983.0,40900,0.0,0.0
2023-10-11 00:00:00+09:00,1983.0,1983.0,1949.0,1954.0,32700,0.0,0.0
2023-10-12 00:00:00+09:00,1942.0,1976.0,1941.0,1976.0,31100,0.0,0.0
2023-10-13 00:00:00+09:00,1964.0,1970.0,1946.0,1952.0,29200,0.0,0.0
2023-10-16 00:00:00+09:00,1939.0,1947.0,1916.0,1925.0,29400,0.0,0.0
2023-10-17 00:00:00+09:00,1921.0,1947.0,1918.0,1931.0,31100,0.0,0.0
2023-10-18 00:00:00+09:00,1954.0,1959.0,1928.0,1944.0,33100,0.0,0.0
2023-10-19 00:00:00+09:00,1925.0,1951.0,1916.0,1944.0,27200,0.0,0.0
2023-10-20 00:00:00+09:00,1943.0,1943.0,1922.0,1927.0,26400,0.0,0.0
2023-10-23 00:00:00+09:00,1920.0,1925.0,1904.0,1904.0,37400,0.0,0.0
2023-10-24 00:00:00+09:00,1922.0,1922.0,1860.0,1892.0,49400,0.0,0.0
2023-10-25 00:00:00+09:00,1892.0,1922.0,1887.0,1900.0,32900,0.0,0.0
2023-10-26 00:00:00+09:00,1900.0,1909.0,1868.0,1877.0,31400,0.0,0.0
2023-10-27 00:00:00+09:00,1886.0,1913.0,1886.0,1912.0,35700,0.0,0.0
2023-10-30 00:00:00+09:00,1918.0,1918.0,1865.0,1884.0,113800,0.0,0.0
2023-10-31 00:00:00+09:00,1874.0,1907.0,1871.0,1906.0,36400,0.0,0.0
2023-11-01 00:00:00+09:00,1939.0,1950.0,1923.0,1943.0,41000,0.0,0.0
2023-11-02 00:00:00+09:00,1955.0,1959.0,1915.0,1927.0,47100,0.0,0.0
2023-11-06 00:00:00+09:00,1971.0,1987.0,1956.0,1970.0,61400,0.0,0.0
2023-11-07 00:00:00+09:00,2000.0,2007.0,1963.0,1978.0,73400,0.0,0.0
2023-11-08 00:00:00+09:00,1985.0,1994.0,1917.0,1924.0,94700,0.0,0.0
2023-11-09 00:00:00+09:00,1920.0,1948.0,1920.0,1940.0,34200,0.0,0.0
2023-11-10 00:00:00+09:00,1940.0,1975.0,1933.0,1975.0,32900,0.0,0.0
2023-11-13 00:00:00+09:00,1976.0,1986.0,1964.0,1974.0,30700,0.0,0.0
2023-11-14 00:00:00+09:00,1988.0,2000.0,1979.0,1980.0,38000,0.0,0.0
2023-11-15 00:00:00+09:00,1992.0,1992.0,1963.0,1966.0,29400,0.0,0.0
2023-11-16 00:00:00+09:00,1966.0,1969.0,1935.0,1945.0,27200,0.0,0.0
2023-11-17 00:00:00+09:00,1940.0,1970.0,1934.0,1967.0,33400,0.0,0.0
2023-11-20 00:00:00+09:00,1984.0,1984.0,1936.0,1936.0,43800,0.0,0.0
2023-11-21 00:00:00+09:00,1926.0,1941.0,1914.0,1932.0,30700,0.0,0.0
2023-11-22 00:00:00+09:00,1932.0,1963.0,1930.0,1954.0,25000,0.0,0.0
2023-11-24 00:00:00+09:00,1960.0,1961.0,1949.0,1952.0,18200,0.0,0.0
2023-11-27 00:00:00+09:00,1963.0,1963.0,1936.0,1940.0,21800,0.0,0.0
2023-11-28 00:00:00+09:00,1949.0,1965.0,1945.0,1965.0,26700,0.0,0.0
2023-11-29 00:00:00+09:00,1963.0,1971.0,1951.0,1953.0,30600,0.0,0.0
2023-11-30 00:00:00+09:00,1950.0,1962.0,1936.0,1954.0,44900,0.0,0.0
2023-12-01 00:00:00+09:00,1956.0,1983.0,1956.0,1973.0,36400,0.0,0.0
2023-12-04 00:00:00+09:00,1968.0,1968.0,1944.0,1956.0,22900,0.0,0.0
2023-12-05 00:00:00+09:00,1954.0,1960.0,1928.0,1931.0,46400,0.0,0.0
2023-12-06 00:00:00+09:00,1932.0,1969.0,1932.0,1966.0,34400,0.0,0.0
2023-12-07 00:00:00+09:00,1949.0,1950.0,1933.0,1940.0,32100,0.0,0.0
2023-12-08 00:00:00+09:00,1925.0,1927.0,1884.0,1891.0,65600,0.0,0.0
2023-12-11 00:00:00+09:00,1893.0,1907.0,1885.0,1907.0,44600,0.0,0.0
2023-12-12 00:00:00+09:00,1916.0,1916.0,1894.0,1895.0,23600,0.0,0.0
2023-12-13 00:00:00+09:00,1895.0,1909.0,1895.0,1905.0,33900,0.0,0.0
2023-12-14 00:00:00+09:00,1906.0,1910.0,1888.0,1898.0,40700,0.0,0.0
2023-12-15 00:00:00+09:00,1908.0,1922.0,1890.0,1908.0,70100,0.0,0.0
2023-12-18 00:00:00+09:00,1891.0,1893.0,1864.0,1882.0,46900,0.0,0.0
2023-12-19 00:00:00+09:00,1894.0,1897.0,1879.0,1894.0,35000,0.0,0.0
2023-12-20 00:00:00+09:00,1904.0,1921.0,1904.0,1915.0,45900,0.0,0.0
2023-12-21 00:00:00+09:00,1902.0,1908.0,1895.0,1897.0,26800,0.0,0.0
2023-12-22 00:00:00+09:00,1897.0,1907.0,1891.0,1906.0,26400,0.0,0.0
2023-12-25 00:00:00+09:00,1917.0,1931.0,1908.0,1923.0,39500,0.0,0.0
2023-12-26 00:00:00+09:00,1928.0,1947.0,1921.0,1947.0,31700,0.0,0.0
2023-12-27 00:00:00+09:00,1950.0,1960.0,1943.0,1955.0,35500,0.0,0.0
2023-12-28 00:00:00+09:00,1961.0,1972.0,1956.0,1970.0,20700,0.0,0.0
2023-12-29 00:00:00+09:00,1982.0,1984.0,1972.0,1981.0,31600,0.0,0.0
2024-01-04 00:00:00+09:00,1999.0,2023.0,1968.0,2016.0,76200,0.0,0.0
2024-01-05 00:00:00+09:00,2030.0,2049.0,2028.0,2043.0,46900,0.0,0.0
2024-01-09 00:00:00+09:00,2070.0,2079.0,2045.0,2048.0,46900,0.0,0.0
2024-01-10 00:00:00+09:00,2057.0,2091.0,2049.0,2080.0,68600,0.0,0.0
2024-01-11 00:00:00+09:00,2095.0,2115.0,2086.0,2105.0,47000,0.0,0.0
2024-01-12 00:00:00+09:00,2108.0,2112.0,2065.0,2082.0,51400,0.0,0.0
2024-01-15 00:00:00+09:00,2082.0,2088.0,2082.0,2088.0,6900,0.0,0.0
2024-01-16 00:00:00+09:00,2097.0,2099.0,2080.0,2082.0,28300,0.0,0.0
2024-01-17 00:00:00+09:00,2098.0,2107.0,2082.0,2082.0,31600,0.0,0.0
2024-01-18 00:00:00+09:00,2082.0,2089.0,2075.0,2082.0,37100,0.0,0.0
2024-01-19 00:00:00+09:00,2082.0,2082.0,2056.0,2056.0,47500,0.0,0.0
2024-01-22 00:00:00+09:00,2067.0,2084.0,2067.0,2081.0,31600,0.0,0.0
2024-01-23 00:00:00+09:00,2087.0,2106.0,2083.0,2085.0,38400,0.0,0.0
2024-01-24 00:00:00+09:00,2085.0,2110.0,2068.0,2099.0,70200,0.0,0.0
2024-01-25 00:00:00+09:00,2080.0,2135.0,2080.0,2128.0,83900,0.0,0.0
2024-01-26 00:00:00+09:00,2135.0,2144.0,2098.0,2098.0,60100,0.0,0.0
2024-01-29 00:00:00+09:00,2117.0,2135.0,2106.0,2135.0,26700,0.0,0.0
2024-01-30 00:00:00+09:00,2141.0,2156.0,2121.0,2121.0,47800,0.0,0.0
2024-01-31 00:00:00+09:00,2117.0,2142.0,2111.0,2140.0,27100,0.0,0.0
2024-02-01 00:00:00+09:00,2132.0,2138.0,2116.0,2135.0,34600,0.0,0.0
2024-02-02 00:00:00+09:00,2144.0,2144.0,2120.0,2127.0,27500,0.0,0.0
2024-02-05 00:00:00+09:00,2140.0,2150.0,2132.0,2149.0,52200,0.0,0.0
2024-02-06 00:00:00+09:00,2151.0,2175.0,2143.0,2156.0,58700,0.0,0.0
2024-02-07 00:00:00+09:00,2127.0,2128.0,2062.0,2078.0,140900,0.0,0.0
2024-02-08 00:00:00+09:00,2085.0,2086.0,2042.0,2068.0,64200,0.0,0.0
2024-02-09 00:00:00+09:00,2057.0,2073.0,2042.0,2043.0,44100,0.0,0.0
2024-02-13 00:00:00+09:00,2073.0,2073.0,2026.0,2046.0,103000,0.0,0.0
2024-02-14 00:00:00+09:00,2043.0,2043.0,2017.0,2035.0,53000,0.0,0.0
2024-02-15 00:00:00+09:00,2039.0,2051.0,2005.0,2013.0,51000,0.0,0.0
2024-02-16 00:00:00+09:00,2042.0,2051.0,2023.0,2041.0,57600,0.0,0.0
2024-02-19 00:00:00+09:00,2036.0,2054.0,2034.0,2054.0,39500,0.0,0.0
2024-02-20 00:00:00+09:00,2054.0,2062.0,2040.0,2052.0,37500,0.0,0.0
2024-02-21 00:00:00+09:00,2053.0,2071.0,2043.0,2055.0,49900,0.0,0.0
2024-02-22 00:00:00+09:00,2050.0,2064.0,2048.0,2057.0,54000,0.0,0.0
2024-02-26 00:00:00+09:00,2044.0,2062.0,2029.0,2030.0,89000,0.0,0.0
2024-02-27 00:00:00+09:00,2036.0,2057.0,2033.0,2039.0,90800,0.0,0.0
2024-02-28 00:00:00+09:00,2039.0,2052.0,2031.0,2033.0,141000,0.0,0.0
2024-02-29 00:00:00+09:00,2073.0,2107.0,2044.0,2060.0,334400,0.0,0.0
2024-03-01 00:00:00+09:00,2074.0,2088.0,2059.0,2079.0,183400,0.0,0.0
2024-03-04 00:00:00+09:00,2097.0,2109.0,2063.0,2067.0,264900,0.0,0.0
2024-03-05 00:00:00+09:00,2080.0,2124.0,2059.0,2119.0,254800,0.0,0.0
2024-03-06 00:00:00+09:00,2150.0,2194.0,2119.0,2183.0,212600,0.0,0.0
2024-03-07 00:00:00+09:00,2200.0,2235.0,2183.0,2203.0,332000,0.0,0.0
2024-03-08 00:00:00+09:00,2210.0,2251.0,2209.0,2248.0,227300,0.0,0.0
2024-03-11 00:00:00+09:00,2250.0,2270.0,2206.0,2229.0,270500,0.0,0.0
2024-03-12 00:00:00+09:00,2270.0,2270.0,2201.0,2259.0,188300,0.0,0.0
2024-03-13 00:00:00+09:00,2270.0,2289.0,2228.0,2241.0,123200,0.0,0.0
2024-03-14 00:00:00+09:00,2232.0,2232.0,2189.0,2217.0,212900,0.0,0.0
2024-03-15 00:00:00+09:00,2221.0,2246.0,2210.0,2245.0,154400,0.0,0.0
2024-03-18 00:00:00+09:00,2262.0,2273.0,2242.0,2268.0,151300,0.0,0.0
2024-03-19 00:00:00+09:00,2267.0,2267.0,2244.0,2258.0,74300,0.0,0.0
2024-03-21 00:00:00+09:00,2300.0,2328.0,2287.0,2314.0,232300,0.0,0.0
2024-03-22 00:00:00+09:00,2364.0,2364.0,2326.0,2345.0,149100,0.0,0.0
2024-03-25 00:00:00+09:00,2346.0,2346.0,2280.0,2288.0,222000,0.0,0.0
2024-03-26 00:00:00+09:00,2320.0,2352.0,2298.0,2304.0,163200,0.0,0.0
2024-03-27 00:00:00+09:00,2300.0,2300.0,2275.0,2291.0,551800,0.0,0.0
2024-03-28 00:00:00+09:00,2282.0,2311.0,2207.0,2217.0,378600,0.0,0.0
2024-03-29 00:00:00+09:00,2239.0,2273.0,2235.0,2271.0,54500,0.0,0.0
2024-04-01 00:00:00+09:00,2268.0,2290.0,2241.0,2253.0,65800,0.0,0.0
2024-04-02 00:00:00+09:00,2253.0,2263.0,2235.0,2249.0,56400,0.0,0.0
2024-04-03 00:00:00+09:00,2219.0,2261.0,2217.0,2254.0,63600,0.0,0.0
2024-04-04 00:00:00+09:00,2298.0,2368.0,2295.0,2354.0,179200,0.0,0.0
2024-04-05 00:00:00+09:00,2364.0,2397.0,2348.0,2371.0,137800,0.0,0.0
2024-04-08 00:00:00+09:00,2370.0,2392.0,2351.0,2380.0,65900,0.0,0.0
2024-04-09 00:00:00+09:00,2389.0,2417.0,2373.0,2402.0,82200,0.0,0.0
2024-04-10 00:00:00+09:00,2413.0,2414.0,2392.0,2410.0,74300,0.0,0.0
2024-04-11 00:00:00+09:00,2382.0,2420.0,2372.0,2420.0,42000,0.0,0.0
2024-04-12 00:00:00+09:00,2430.0,2432.0,2402.0,2402.0,45900,0.0,0.0
2024-04-15 00:00:00+09:00,2386.0,2412.0,2380.0,2409.0,37400,0.0,0.0
2024-04-16 00:00:00+09:00,2390.0,2394.0,2337.0,2346.0,55800,0.0,0.0
2024-04-17 00:00:00+09:00,2346.0,2361.0,2301.0,2316.0,52200,0.0,0.0
2024-04-18 00:00:00+09:00,2315.0,2350.0,2307.0,2338.0,26700,0.0,0.0
2024-04-19 00:00:00+09:00,2327.0,2342.0,2265.0,2308.0,67900,0.0,0.0
2024-04-22 00:00:00+09:00,2355.0,2360.0,2323.0,2334.0,36600,0.0,0.0
2024-04-23 00:00:00+09:00,2343.0,2352.0,2325.0,2332.0,25500,0.0,0.0
2024-04-24 00:00:00+09:00,2332.0,2365.0,2332.0,2357.0,30700,0.0,0.0
2024-04-25 00:00:00+09:00,2343.0,2349.0,2322.0,2332.0,34100,0.0,0.0
2024-04-26 00:00:00+09:00,2315.0,2357.0,2290.0,2355.0,57000,0.0,0.0
2024-04-30 00:00:00+09:00,2355.0,2392.0,2355.0,2388.0,32100,0.0,0.0
2024-05-01 00:00:00+09:00,2388.0,2388.0,2361.0,2368.0,12500,0.0,0.0
2024-05-02 00:00:00+09:00,2368.0,2376.0,2345.0,2368.0,13800,0.0,0.0
2024-05-07 00:00:00+09:00,2369.0,2382.0,2356.0,2379.0,19800,0.0,0.0
2024-05-08 00:00:00+09:00,2369.0,2369.0,2292.0,2307.0,72800,0.0,0.0
2024-05-09 00:00:00+09:00,2320.0,2337.0,2307.0,2313.0,29800,0.0,0.0
2024-05-10 00:00:00+09:00,2320.0,2339.0,2278.0,2293.0,68200,0.0,0.0
2024-05-13 00:00:00+09:00,2243.0,2243.0,2165.0,2210.0,126000,0.0,0.0
2024-05-14 00:00:00+09:00,2200.0,2229.0,2170.0,2226.0,75800,0.0,0.0
2024-05-15 00:00:00+09:00,2232.0,2242.0,2202.0,2236.0,50600,0.0,0.0
2024-05-16 00:00:00+09:00,2231.0,2231.0,2182.0,2204.0,40600,0.0,0.0
2024-05-17 00:00:00+09:00,2204.0,2237.0,2175.0,2235.0,51300,0.0,0.0
2024-05-20 00:00:00+09:00,2240.0,2260.0,2221.0,2226.0,54800,0.0,0.0
2024-05-21 00:00:00+09:00,2224.0,2248.0,2213.0,2217.0,70800,0.0,0.0
2024-05-22 00:00:00+09:00,2200.0,2200.0,2130.0,2130.0,125700,0.0,0.0
2024-05-23 00:00:00+09:00,2106.0,2174.0,2087.0,2148.0,153300,0.0,0.0
2024-05-24 00:00:00+09:00,2117.0,2182.0,2117.0,2169.0,71300,0.0,0.0
2024-05-27 00:00:00+09:00,2174.0,2198.0,2168.0,2195.0,51700,0.0,0.0
2024-05-28 00:00:00+09:00,2195.0,2201.0,2173.0,2184.0,62800,0.0,0.0
2024-05-29 00:00:00+09:00,2179.0,2185.0,2155.0,2164.0,33600,0.0,0.0
2024-05-30 00:00:00+09:00,2127.0,2196.0,2126.0,2185.0,58600,0.0,0.0
2024-05-31 00:00:00+09:00,2199.0,2269.0,2199.0,2254.0,116600,0.0,0.0
2024-06-03 00:00:00+09:00,2276.0,2295.0,2254.0,2288.0,85200,0.0,0.0
2024-06-04 00:00:00+09:00,2288.0,2300.0,2262.0,2266.0,101200,0.0,0.0
2024-06-05 00:00:00+09:00,2250.0,2265.0,2227.0,2249.0,66100,0.0,0.0
2024-06-06 00:00:00+09:00,2250.0,2282.0,2250.0,2270.0,48500,0.0,0.0
2024-06-07 00:00:00+09:00,2270.0,2299.0,2268.0,2277.0,48600,0.0,0.0
2024-06-10 00:00:00+09:00,2277.0,2314.0,2277.0,2294.0,55000,0.0,0.0
2024-06-11 00:00:00+09:00,2295.0,2324.0,2269.0,2269.0,62000,0.0,0.0
2024-06-12 00:00:00+09:00,2258.0,2292.0,2258.0,2261.0,57800,0.0,0.0
2024-06-13 00:00:00+09:00,2261.0,2277.0,2229.0,2230.0,61300,0.0,0.0
2024-06-14 00:00:00+09:00,2220.0,2305.0,2200.0,2296.0,95600,0.0,0.0
2024-06-17 00:00:00+09:00,2277.0,2293.0,2264.0,2290.0,67000,0.0,0.0
2024-06-18 00:00:00+09:00,2302.0,2352.0,2302.0,2339.0,66700,0.0,0.0
2024-06-19 00:00:00+09:00,2358.0,2380.0,2352.0,2376.0,62100,0.0,0.0
2024-06-20 00:00:00+09:00,2376.0,2393.0,2335.0,2358.0,52300,0.0,0.0
2024-06-21 00:00:00+09:00,2359.0,2388.0,2312.0,2325.0,107000,0.0,0.0
2024-06-24 00:00:00+09:00,2337.0,2340.0,2313.0,2321.0,31600,0.0,0.0
2024-06-25 00:00:00+09:00,2321.0,2367.0,2318.0,2366.0,37000,0.0,0.0
2024-06-26 00:00:00+09:00,2364.0,2383.0,2351.0,2367.0,47700,0.0,0.0
2024-06-27 00:00:00+09:00,2364.0,2369.0,2352.0,2365.0,35100,0.0,0.0
2024-06-28 00:00:00+09:00,2365.0,2377.0,2332.0,2335.0,70900,0.0,0.0
2024-07-01 00:00:00+09:00,2359.0,2362.0,2344.0,2354.0,32800,0.0,0.0
2024-07-02 00:00:00+09:00,2336.0,2364.0,2336.0,2353.0,36200,0.0,0.0
2024-07-03 00:00:00+09:00,2336.0,2369.0,2336.0,2368.0,29500,0.0,0.0
2024-07-04 00:00:00+09:00,2355.0,2376.0,2355.0,2365.0,25100,0.0,0.0
2024-07-05 00:00:00+09:00,2354.0,2375.0,2341.0,2352.0,25800,0.0,0.0
2024-07-08 00:00:00+09:00,2336.0,2346.0,2328.0,2342.0,37100,0.0,0.0
2024-07-09 00:00:00+09:00,2342.0,2366.0,2336.0,2352.0,36900,0.0,0.0
2024-07-10 00:00:00+09:00,2335.0,2352.0,2297.0,2305.0,55000,0.0,0.0
2024-07-11 00:00:00+09:00,2342.0,2357.0,2324.0,2349.0,40100,0.0,0.0
2024-07-12 00:00:00+09:00,2336.0,2389.0,2333.0,2378.0,37500,0.0,0.0
