Date,Open,High,Low,Close,Volume,Dividends,Stock Splits
1996-04-02 00:00:00-05:00,753.2210083007812,802.7750244140625,594.648193359375,654.1129760742188,16572,0.0,0.0
1996-04-03 00:00:00-05:00,683.8453979492188,693.7561645507812,594.648193359375,664.0238037109375,4901,0.0,0.0
1996-04-04 00:00:00-05:00,594.648193359375,664.0238037109375,594.648193359375,594.648193359375,1244,0.0,0.0
1996-04-08 00:00:00-04:00,664.0238037109375,664.0238037109375,594.648193359375,604.5589599609375,931,0.0,0.0
1996-04-09 00:00:00-04:00,594.648193359375,654.1129760742188,594.648193359375,594.648193359375,1549,0.0,0.0
1996-04-10 00:00:00-04:00,594.648193359375,654.1129760742188,594.648193359375,609.5143432617188,1482,0.0,0.0
1996-04-11 00:00:00-04:00,614.4697875976562,624.3805541992188,594.648193359375,594.648193359375,733,0.0,0.0
1996-04-12 00:00:00-04:00,594.648193359375,624.3805541992188,594.648193359375,614.4697875976562,609,0.0,0.0
1996-04-15 00:00:00-04:00,594.648193359375,624.3805541992188,594.648193359375,599.6035766601562,516,0.0,0.0
1996-04-16 00:00:00-04:00,624.3805541992188,624.3805541992188,594.648193359375,594.648193359375,434,0.0,0.0
1996-04-17 00:00:00-04:00,594.648193359375,634.2913818359375,594.648193359375,594.648193359375,739,0.0,0.0
1996-04-18 00:00:00-04:00,594.648193359375,634.2913818359375,594.648193359375,614.4697875976562,241,0.0,0.0
1996-04-19 00:00:00-04:00,594.648193359375,634.2913818359375,594.648193359375,599.6035766601562,579,0.0,0.0
1996-04-22 00:00:00-04:00,594.648193359375,634.2913818359375,594.648193359375,594.648193359375,749,0.0,0.0
1996-04-23 00:00:00-04:00,594.648193359375,634.2913818359375,594.648193359375,599.6035766601562,677,0.0,0.0
1996-04-24 00:00:00-04:00,594.648193359375,634.2913818359375,594.648193359375,594.648193359375,776,0.0,0.0
1996-04-25 00:00:00-04:00,634.2913818359375,634.2913818359375,594.648193359375,594.648193359375,814,0.0,0.0
1996-04-26 00:00:00-04:00,594.648193359375,634.2913818359375,594.648193359375,594.648193359375,412,0.0,0.0
1996-04-29 00:00:00-04:00,594.648193359375,634.2913818359375,594.648193359375,634.2913818359375,209,0.0,0.0
1996-04-30 00:00:00-04:00,594.648193359375,634.2913818359375,594.648193359375,614.4697875976562,589,0.0,0.0
1996-05-01 00:00:00-04:00,594.648193359375,614.4697875976562,594.648193359375,614.4697875976562,556,0.0,0.0
1996-05-02 00:00:00-04:00,594.648193359375,634.2913818359375,594.648193359375,594.648193359375,882,0.0,0.0
1996-05-03 00:00:00-04:00,594.648193359375,634.2913818359375,594.648193359375,594.648193359375,1843,0.0,0.0
1996-05-06 00:00:00-04:00,634.2913818359375,634.2913818359375,594.648193359375,594.648193359375,192,0.0,0.0
1996-05-07 00:00:00-04:00,599.6035766601562,634.2913818359375,594.648193359375,634.2913818359375,487,0.0,0.0
1996-05-08 00:00:00-04:00,594.648193359375,634.2913818359375,594.648193359375,594.648193359375,595,0.0,0.0
1996-05-09 00:00:00-04:00,634.2913818359375,634.2913818359375,594.648193359375,634.2913818359375,858,0.0,0.0
1996-05-10 00:00:00-04:00,594.648193359375,634.2913818359375,594.648193359375,594.648193359375,676,0.0,0.0
1996-05-13 00:00:00-04:00,594.648193359375,634.2913818359375,594.648193359375,594.648193359375,930,0.0,0.0
1996-05-14 00:00:00-04:00,594.648193359375,634.2913818359375,594.648193359375,594.648193359375,964,0.0,0.0
1996-05-15 00:00:00-04:00,535.183349609375,644.2022094726562,535.183349609375,614.4697875976562,552,0.0,0.0
1996-05-16 00:00:00-04:00,574.8265380859375,624.3805541992188,555.0049438476562,604.5589599609375,810,0.0,0.0
1996-05-17 00:00:00-04:00,574.8265380859375,634.2913818359375,574.8265380859375,574.8265380859375,985,0.0,0.0
1996-05-20 00:00:00-04:00,634.2913818359375,634.2913818359375,574.8265380859375,634.2913818359375,247,0.0,0.0
1996-05-21 00:00:00-04:00,634.2913818359375,634.2913818359375,574.8265380859375,584.7373657226562,677,0.0,0.0
1996-05-22 00:00:00-04:00,574.8265380859375,624.3805541992188,574.8265380859375,574.8265380859375,778,0.0,0.0
1996-05-23 00:00:00-04:00,614.4697875976562,614.4697875976562,574.8265380859375,614.4697875976562,2438,0.0,0.0
1996-05-24 00:00:00-04:00,574.8265380859375,634.2913818359375,574.8265380859375,634.2913818359375,940,0.0,0.0
1996-05-28 00:00:00-04:00,574.8265380859375,614.4697875976562,555.0049438476562,555.0049438476562,1018,0.0,0.0
1996-05-29 00:00:00-04:00,614.4697875976562,614.4697875976562,545.0941772460938,604.5589599609375,830,0.0,0.0
1996-05-30 00:00:00-04:00,545.0941772460938,604.5589599609375,545.0941772460938,555.0049438476562,275,0.0,0.0
1996-05-31 00:00:00-04:00,545.0941772460938,555.0049438476562,535.183349609375,545.0941772460938,284,0.0,0.0
1996-06-03 00:00:00-04:00,555.0049438476562,555.0049438476562,535.183349609375,535.183349609375,341,0.0,0.0
1996-06-04 00:00:00-04:00,535.183349609375,555.0049438476562,535.183349609375,540.1387329101562,352,0.0,0.0
1996-06-05 00:00:00-04:00,535.183349609375,555.0049438476562,515.3617553710938,515.3617553710938,339,0.0,0.0
1996-06-06 00:00:00-04:00,515.3617553710938,555.0049438476562,515.3617553710938,517.8394165039062,383,0.0,0.0
1996-06-07 00:00:00-04:00,525.2725219726562,555.0049438476562,475.7185363769531,475.7185363769531,2727,0.0,0.0
1996-06-10 00:00:00-04:00,515.3617553710938,515.3617553710938,515.3617553710938,515.3617553710938,161,0.0,0.0
1996-06-11 00:00:00-04:00,555.0049438476562,555.0049438476562,515.3617553710938,535.183349609375,499,0.0,0.0
1996-06-12 00:00:00-04:00,515.3617553710938,555.0049438476562,515.3617553710938,515.3617553710938,388,0.0,0.0
1996-06-13 00:00:00-04:00,515.3617553710938,515.3617553710938,515.3617553710938,515.3617553710938,754,0.0,0.0
1996-06-14 00:00:00-04:00,550.049560546875,555.0049438476562,505.450927734375,515.3617553710938,367,0.0,0.0
1996-06-17 00:00:00-04:00,515.3617553710938,555.0049438476562,515.3617553710938,515.3617553710938,264,0.0,0.0
1996-06-18 00:00:00-04:00,515.3617553710938,545.0941772460938,475.7185363769531,495.5401306152344,632,0.0,0.0
1996-06-19 00:00:00-04:00,505.450927734375,574.8265380859375,505.450927734375,569.8711547851562,1193,0.0,0.0
1996-06-20 00:00:00-04:00,555.0049438476562,594.648193359375,555.0049438476562,574.8265380859375,1019,0.0,0.0
1996-06-21 00:00:00-04:00,594.648193359375,723.4885864257812,574.8265380859375,654.1129760742188,2147,0.0,0.0
1996-06-24 00:00:00-04:00,634.2913818359375,753.2210083007812,634.2913818359375,698.7116088867188,1754,0.0,0.0
1996-06-25 00:00:00-04:00,693.7561645507812,753.2210083007812,673.9345703125,703.6669921875,5394,0.0,0.0
1996-06-26 00:00:00-04:00,673.9345703125,703.6669921875,654.1129760742188,654.1129760742188,652,0.0,0.0
1996-06-27 00:00:00-04:00,654.1129760742188,693.7561645507812,634.2913818359375,634.2913818359375,573,0.0,0.0
1996-06-28 00:00:00-04:00,673.9345703125,673.9345703125,634.2913818359375,654.1129760742188,586,0.0,0.0
1996-07-01 00:00:00-04:00,634.2913818359375,673.9345703125,634.2913818359375,634.2913818359375,421,0.0,0.0
1996-07-02 00:00:00-04:00,634.2913818359375,673.9345703125,594.648193359375,604.5589599609375,875,0.0,0.0
1996-07-03 00:00:00-04:00,594.648193359375,634.2913818359375,594.648193359375,624.3805541992188,178,0.0,0.0
1996-07-05 00:00:00-04:00,594.648193359375,594.648193359375,584.7373657226562,584.7373657226562,116,0.0,0.0
1996-07-08 00:00:00-04:00,614.4697875976562,614.4697875976562,555.0049438476562,555.0049438476562,550,0.0,0.0
1996-07-09 00:00:00-04:00,555.0049438476562,624.3805541992188,555.0049438476562,624.3805541992188,102,0.0,0.0
1996-07-10 00:00:00-04:00,555.0049438476562,624.3805541992188,555.0049438476562,624.3805541992188,250,0.0,0.0
1996-07-11 00:00:00-04:00,624.3805541992188,624.3805541992188,555.0049438476562,555.0049438476562,269,0.0,0.0
1996-07-12 00:00:00-04:00,555.0049438476562,624.3805541992188,555.0049438476562,624.3805541992188,168,0.0,0.0
1996-07-15 00:00:00-04:00,555.0049438476562,614.4697875976562,545.0941772460938,564.915771484375,163,0.0,0.0
1996-07-16 00:00:00-04:00,614.4697875976562,614.4697875976562,525.2725219726562,525.2725219726562,358,0.0,0.0
1996-07-17 00:00:00-04:00,525.2725219726562,614.4697875976562,525.2725219726562,614.4697875976562,129,0.0,0.0
1996-07-18 00:00:00-04:00,525.2725219726562,614.4697875976562,525.2725219726562,604.5589599609375,254,0.0,0.0
1996-07-19 00:00:00-04:00,614.4697875976562,614.4697875976562,525.2725219726562,614.4697875976562,303,0.0,0.0
1996-07-22 00:00:00-04:00,525.2725219726562,614.4697875976562,525.2725219726562,564.915771484375,745,0.0,0.0
1996-07-23 00:00:00-04:00,614.4697875976562,614.4697875976562,545.0941772460938,594.648193359375,1153,0.0,0.0
1996-07-24 00:00:00-04:00,525.2725219726562,594.648193359375,525.2725219726562,555.0049438476562,431,0.0,0.0
1996-07-25 00:00:00-04:00,535.183349609375,574.8265380859375,525.2725219726562,555.0049438476562,648,0.0,0.0
1996-07-26 00:00:00-04:00,525.2725219726562,555.0049438476562,525.2725219726562,555.0049438476562,474,0.0,0.0
1996-07-29 00:00:00-04:00,525.2725219726562,525.2725219726562,525.2725219726562,525.2725219726562,54,0.0,0.0
1996-07-30 00:00:00-04:00,525.2725219726562,555.0049438476562,525.2725219726562,525.2725219726562,199,0.0,0.0
1996-07-31 00:00:00-04:00,525.2725219726562,535.183349609375,515.3617553710938,535.183349609375,192,0.0,0.0
1996-08-01 00:00:00-04:00,515.3617553710938,535.183349609375,515.3617553710938,515.3617553710938,317,0.0,0.0
1996-08-02 00:00:00-04:00,515.3617553710938,535.183349609375,515.3617553710938,515.3617553710938,103,0.0,0.0
1996-08-05 00:00:00-04:00,515.3617553710938,535.183349609375,515.3617553710938,515.3617553710938,438,0.0,0.0
1996-08-06 00:00:00-04:00,515.3617553710938,535.183349609375,515.3617553710938,535.183349609375,111,0.0,0.0
1996-08-07 00:00:00-04:00,515.3617553710938,535.183349609375,515.3617553710938,535.183349609375,294,0.0,0.0
1996-08-08 00:00:00-04:00,515.3617553710938,535.183349609375,515.3617553710938,535.183349609375,718,0.0,0.0
1996-08-09 00:00:00-04:00,505.450927734375,535.183349609375,495.5401306152344,495.5401306152344,499,0.0,0.0
1996-08-12 00:00:00-04:00,495.5401306152344,535.183349609375,495.5401306152344,535.183349609375,108,0.0,0.0
1996-08-13 00:00:00-04:00,515.3617553710938,584.7373657226562,515.3617553710938,535.183349609375,32,0.0,0.0
1996-08-14 00:00:00-04:00,545.0941772460938,584.7373657226562,545.0941772460938,545.0941772460938,496,0.0,0.0
1996-08-15 00:00:00-04:00,584.7373657226562,584.7373657226562,545.0941772460938,584.7373657226562,179,0.0,0.0
1996-08-16 00:00:00-04:00,545.0941772460938,703.6669921875,545.0941772460938,703.6669921875,1483,0.0,0.0
1996-08-19 00:00:00-04:00,634.2913818359375,703.6669921875,634.2913818359375,683.8453979492188,1009,0.0,0.0
1996-08-20 00:00:00-04:00,693.7561645507812,703.6669921875,604.5589599609375,693.7561645507812,2462,0.0,0.0
1996-08-21 00:00:00-04:00,693.7561645507812,693.7561645507812,604.5589599609375,634.2913818359375,788,0.0,0.0
1996-08-22 00:00:00-04:00,604.5589599609375,654.1129760742188,604.5589599609375,604.5589599609375,670,0.0,0.0
1996-08-23 00:00:00-04:00,634.2913818359375,634.2913818359375,594.648193359375,634.2913818359375,810,0.0,0.0
1996-08-26 00:00:00-04:00,634.2913818359375,634.2913818359375,594.648193359375,594.648193359375,510,0.0,0.0
1996-08-27 00:00:00-04:00,614.4697875976562,614.4697875976562,594.648193359375,614.4697875976562,961,0.0,0.0
1996-08-28 00:00:00-04:00,594.648193359375,614.4697875976562,584.7373657226562,594.648193359375,290,0.0,0.0
1996-08-29 00:00:00-04:00,584.7373657226562,614.4697875976562,584.7373657226562,584.7373657226562,459,0.0,0.0
1996-08-30 00:00:00-04:00,614.4697875976562,614.4697875976562,584.7373657226562,614.4697875976562,676,0.0,0.0
1996-09-03 00:00:00-04:00,614.4697875976562,614.4697875976562,584.7373657226562,584.7373657226562,153,0.0,0.0
1996-09-04 00:00:00-04:00,614.4697875976562,634.2913818359375,594.648193359375,594.648193359375,911,0.0,0.0
1996-09-05 00:00:00-04:00,634.2913818359375,634.2913818359375,594.648193359375,634.2913818359375,2321,0.0,0.0
1996-09-06 00:00:00-04:00,634.2913818359375,634.2913818359375,594.648193359375,634.2913818359375,335,0.0,0.0
1996-09-09 00:00:00-04:00,634.2913818359375,634.2913818359375,634.2913818359375,634.2913818359375,91,0.0,0.0
1996-09-10 00:00:00-04:00,634.2913818359375,634.2913818359375,594.648193359375,634.2913818359375,1337,0.0,0.0
1996-09-11 00:00:00-04:00,634.2913818359375,634.2913818359375,594.648193359375,634.2913818359375,190,0.0,0.0
1996-09-12 00:00:00-04:00,594.648193359375,634.2913818359375,594.648193359375,634.2913818359375,223,0.0,0.0
1996-09-13 00:00:00-04:00,634.2913818359375,634.2913818359375,594.648193359375,614.4697875976562,571,0.0,0.0
1996-09-16 00:00:00-04:00,654.1129760742188,654.1129760742188,594.648193359375,594.648193359375,303,0.0,0.0
1996-09-17 00:00:00-04:00,594.648193359375,654.1129760742188,594.648193359375,654.1129760742188,644,0.0,0.0
1996-09-18 00:00:00-04:00,654.1129760742188,654.1129760742188,594.648193359375,594.648193359375,414,0.0,0.0
1996-09-19 00:00:00-04:00,594.648193359375,644.2022094726562,594.648193359375,594.648193359375,126,0.0,0.0
1996-09-20 00:00:00-04:00,644.2022094726562,644.2022094726562,594.648193359375,594.648193359375,1857,0.0,0.0
1996-09-23 00:00:00-04:00,594.648193359375,644.2022094726562,594.648193359375,609.5143432617188,1595,0.0,0.0
1996-09-24 00:00:00-04:00,634.2913818359375,644.2022094726562,594.648193359375,644.2022094726562,629,0.0,0.0
1996-09-25 00:00:00-04:00,594.648193359375,644.2022094726562,589.6927490234375,644.2022094726562,3047,0.0,0.0
1996-09-26 00:00:00-04:00,594.648193359375,614.4697875976562,592.1704711914062,614.4697875976562,960,0.0,0.0
1996-09-27 00:00:00-04:00,594.648193359375,614.4697875976562,592.1704711914062,592.1704711914062,473,0.0,0.0
1996-09-30 00:00:00-04:00,594.648193359375,614.4697875976562,592.1704711914062,614.4697875976562,541,0.0,0.0
1996-10-01 00:00:00-04:00,594.648193359375,614.4697875976562,594.648193359375,594.648193359375,380,0.0,0.0
1996-10-02 00:00:00-04:00,594.648193359375,614.4697875976562,594.648193359375,611.9920654296875,235,0.0,0.0
1996-10-03 00:00:00-04:00,594.648193359375,614.4697875976562,584.7373657226562,584.7373657226562,269,0.0,0.0
1996-10-04 00:00:00-04:00,584.7373657226562,614.4697875976562,584.7373657226562,614.4697875976562,208,0.0,0.0
1996-10-07 00:00:00-04:00,584.7373657226562,594.648193359375,584.7373657226562,584.7373657226562,232,0.0,0.0
1996-10-08 00:00:00-04:00,584.7373657226562,614.4697875976562,584.7373657226562,614.4697875976562,289,0.0,0.0
1996-10-09 00:00:00-04:00,574.8265380859375,604.5589599609375,574.8265380859375,574.8265380859375,223,0.0,0.0
1996-10-10 00:00:00-04:00,604.5589599609375,604.5589599609375,574.8265380859375,604.5589599609375,429,0.0,0.0
1996-10-11 00:00:00-04:00,574.8265380859375,604.5589599609375,574.8265380859375,604.5589599609375,130,0.0,0.0
1996-10-14 00:00:00-04:00,574.8265380859375,604.5589599609375,574.8265380859375,579.781982421875,274,0.0,0.0
1996-10-15 00:00:00-04:00,604.5589599609375,604.5589599609375,574.8265380859375,574.8265380859375,125,0.0,0.0
1996-10-16 00:00:00-04:00,574.8265380859375,604.5589599609375,574.8265380859375,579.781982421875,197,0.0,0.0
1996-10-17 00:00:00-04:00,604.5589599609375,604.5589599609375,574.8265380859375,574.8265380859375,160,0.0,0.0
1996-10-18 00:00:00-04:00,604.5589599609375,604.5589599609375,574.8265380859375,579.781982421875,206,0.0,0.0
1996-10-21 00:00:00-04:00,604.5589599609375,604.5589599609375,574.8265380859375,594.648193359375,218,0.0,0.0
1996-10-22 00:00:00-04:00,604.5589599609375,604.5589599609375,574.8265380859375,574.8265380859375,252,0.0,0.0
1996-10-23 00:00:00-04:00,604.5589599609375,604.5589599609375,574.8265380859375,574.8265380859375,69,0.0,0.0
1996-10-24 00:00:00-04:00,574.8265380859375,614.4697875976562,574.8265380859375,574.8265380859375,370,0.0,0.0
1996-10-25 00:00:00-04:00,574.8265380859375,614.4697875976562,564.915771484375,564.915771484375,419,0.0,0.0
1996-10-28 00:00:00-05:00,564.915771484375,614.4697875976562,564.915771484375,614.4697875976562,492,0.0,0.0
1996-10-29 00:00:00-05:00,564.915771484375,614.4697875976562,564.915771484375,564.915771484375,187,0.0,0.0
1996-10-30 00:00:00-05:00,564.915771484375,614.4697875976562,545.0941772460938,545.0941772460938,753,0.0,0.0
1996-10-31 00:00:00-05:00,545.0941772460938,574.8265380859375,535.183349609375,535.183349609375,429,0.0,0.0
1996-11-01 00:00:00-05:00,535.183349609375,574.8265380859375,535.183349609375,574.8265380859375,327,0.0,0.0
1996-11-04 00:00:00-05:00,614.4697875976562,614.4697875976562,535.183349609375,614.4697875976562,165,0.0,0.0
1996-11-05 00:00:00-05:00,535.183349609375,594.648193359375,535.183349609375,535.183349609375,37,0.0,0.0
1996-11-06 00:00:00-05:00,535.183349609375,594.648193359375,525.2725219726562,525.2725219726562,359,0.0,0.0
1996-11-07 00:00:00-05:00,545.0941772460938,545.0941772460938,495.5401306152344,495.5401306152344,343,0.0,0.0
1996-11-08 00:00:00-05:00,535.183349609375,535.183349609375,485.62933349609375,495.5401306152344,211,0.0,0.0
1996-11-11 00:00:00-05:00,485.62933349609375,535.183349609375,475.7185363769531,475.7185363769531,163,0.0,0.0
1996-11-12 00:00:00-05:00,475.7185363769531,545.0941772460938,475.7185363769531,475.7185363769531,694,0.0,0.0
1996-11-13 00:00:00-05:00,545.0941772460938,545.0941772460938,436.0753173828125,436.0753173828125,1227,0.0,0.0
1996-11-14 00:00:00-05:00,436.0753173828125,485.62933349609375,426.1645202636719,455.8969421386719,236,0.0,0.0
1996-11-15 00:00:00-05:00,426.1645202636719,485.62933349609375,406.3429260253906,485.62933349609375,887,0.0,0.0
1996-11-18 00:00:00-05:00,485.62933349609375,485.62933349609375,406.3429260253906,485.62933349609375,825,0.0,0.0
1996-11-19 00:00:00-05:00,406.3429260253906,485.62933349609375,396.4320983886719,475.7185363769531,330,0.0,0.0
1996-11-20 00:00:00-05:00,396.4320983886719,485.62933349609375,396.4320983886719,485.62933349609375,511,0.0,0.0
1996-11-21 00:00:00-05:00,485.62933349609375,485.62933349609375,396.4320983886719,396.4320983886719,554,0.0,0.0
1996-11-22 00:00:00-05:00,396.4320983886719,485.62933349609375,396.4320983886719,485.62933349609375,469,0.0,0.0
1996-11-25 00:00:00-05:00,485.62933349609375,485.62933349609375,416.25372314453125,416.25372314453125,1461,0.0,0.0
1996-11-26 00:00:00-05:00,416.25372314453125,485.62933349609375,416.25372314453125,485.62933349609375,93,0.0,0.0
1996-11-27 00:00:00-05:00,416.25372314453125,485.62933349609375,416.25372314453125,475.7185363769531,188,0.0,0.0
1996-11-29 00:00:00-05:00,416.25372314453125,475.7185363769531,416.25372314453125,475.7185363769531,63,0.0,0.0
1996-12-02 00:00:00-05:00,416.25372314453125,475.7185363769531,416.25372314453125,475.7185363769531,177,0.0,0.0
1996-12-03 00:00:00-05:00,426.1645202636719,475.7185363769531,426.1645202636719,436.0753173828125,119,0.0,0.0
1996-12-04 00:00:00-05:00,475.7185363769531,475.7185363769531,436.0753173828125,436.0753173828125,344,0.0,0.0
1996-12-05 00:00:00-05:00,475.7185363769531,475.7185363769531,465.8077392578125,465.8077392578125,195,0.0,0.0
1996-12-06 00:00:00-05:00,475.7185363769531,485.62933349609375,465.8077392578125,465.8077392578125,203,0.0,0.0
1996-12-09 00:00:00-05:00,465.8077392578125,465.8077392578125,465.8077392578125,465.8077392578125,52,0.0,0.0
1996-12-10 00:00:00-05:00,455.8969421386719,495.5401306152344,455.8969421386719,455.8969421386719,121,0.0,0.0
1996-12-11 00:00:00-05:00,455.8969421386719,505.450927734375,455.8969421386719,485.62933349609375,665,0.0,0.0
1996-12-12 00:00:00-05:00,505.450927734375,535.183349609375,485.62933349609375,535.183349609375,594,0.0,0.0
1996-12-13 00:00:00-05:00,535.183349609375,555.0049438476562,535.183349609375,545.0941772460938,685,0.0,0.0
1996-12-16 00:00:00-05:00,545.0941772460938,564.915771484375,545.0941772460938,545.0941772460938,111,0.0,0.0
1996-12-17 00:00:00-05:00,545.0941772460938,564.915771484375,535.183349609375,535.183349609375,583,0.0,0.0
1996-12-18 00:00:00-05:00,535.183349609375,564.915771484375,535.183349609375,535.183349609375,525,0.0,0.0
1996-12-19 00:00:00-05:00,535.183349609375,564.915771484375,535.183349609375,564.915771484375,1034,0.0,0.0
1996-12-20 00:00:00-05:00,564.915771484375,564.915771484375,535.183349609375,555.0049438476562,449,0.0,0.0
1996-12-23 00:00:00-05:00,535.183349609375,564.915771484375,535.183349609375,535.183349609375,115,0.0,0.0
1996-12-24 00:00:00-05:00,535.183349609375,564.915771484375,535.183349609375,564.915771484375,103,0.0,0.0
1996-12-26 00:00:00-05:00,535.183349609375,564.915771484375,535.183349609375,535.183349609375,1109,0.0,0.0
1996-12-27 00:00:00-05:00,535.183349609375,535.183349609375,535.183349609375,535.183349609375,14,0.0,0.0
1996-12-30 00:00:00-05:00,535.183349609375,535.183349609375,535.183349609375,535.183349609375,50,0.0,0.0
1996-12-31 00:00:00-05:00,535.183349609375,564.915771484375,525.2725219726562,555.0049438476562,223,0.0,0.0
1997-01-02 00:00:00-05:00,525.2725219726562,564.915771484375,525.2725219726562,525.2725219726562,53,0.0,0.0
1997-01-03 00:00:00-05:00,525.2725219726562,555.0049438476562,495.5401306152344,495.5401306152344,208,0.0,0.0
1997-01-06 00:00:00-05:00,495.5401306152344,550.049560546875,495.5401306152344,550.049560546875,73,0.0,0.0
1997-01-07 00:00:00-05:00,550.049560546875,550.049560546875,495.5401306152344,545.0941772460938,284,0.0,0.0
1997-01-08 00:00:00-05:00,495.5401306152344,545.0941772460938,495.5401306152344,535.183349609375,415,0.0,0.0
1997-01-09 00:00:00-05:00,535.183349609375,535.183349609375,495.5401306152344,495.5401306152344,346,0.0,0.0
1997-01-10 00:00:00-05:00,495.5401306152344,525.2725219726562,495.5401306152344,495.5401306152344,402,0.0,0.0
1997-01-13 00:00:00-05:00,495.5401306152344,525.2725219726562,495.5401306152344,495.5401306152344,428,0.0,0.0
1997-01-14 00:00:00-05:00,495.5401306152344,515.3617553710938,495.5401306152344,500.49554443359375,354,0.0,0.0
1997-01-15 00:00:00-05:00,498.0178527832031,525.2725219726562,495.5401306152344,525.2725219726562,405,0.0,0.0
1997-01-16 00:00:00-05:00,495.5401306152344,525.2725219726562,495.5401306152344,525.2725219726562,603,0.0,0.0
1997-01-17 00:00:00-05:00,495.5401306152344,525.2725219726562,495.5401306152344,495.5401306152344,240,0.0,0.0
1997-01-20 00:00:00-05:00,495.5401306152344,525.2725219726562,495.5401306152344,495.5401306152344,767,0.0,0.0
1997-01-21 00:00:00-05:00,495.5401306152344,525.2725219726562,495.5401306152344,495.5401306152344,724,0.0,0.0
1997-01-22 00:00:00-05:00,495.5401306152344,525.2725219726562,495.5401306152344,525.2725219726562,494,0.0,0.0
1997-01-23 00:00:00-05:00,495.5401306152344,525.2725219726562,495.5401306152344,515.3617553710938,219,0.0,0.0
1997-01-24 00:00:00-05:00,495.5401306152344,535.183349609375,495.5401306152344,535.183349609375,1295,0.0,0.0
1997-01-27 00:00:00-05:00,495.5401306152344,535.183349609375,485.62933349609375,485.62933349609375,656,0.0,0.0
1997-01-28 00:00:00-05:00,535.183349609375,535.183349609375,485.62933349609375,485.62933349609375,1384,0.0,0.0
1997-01-29 00:00:00-05:00,485.62933349609375,535.183349609375,485.62933349609375,485.62933349609375,125,0.0,0.0
1997-01-30 00:00:00-05:00,485.62933349609375,535.183349609375,485.62933349609375,485.62933349609375,306,0.0,0.0
1997-01-31 00:00:00-05:00,535.183349609375,535.183349609375,485.62933349609375,535.183349609375,339,0.0,0.0
1997-02-03 00:00:00-05:00,485.62933349609375,535.183349609375,485.62933349609375,485.62933349609375,430,0.0,0.0
1997-02-04 00:00:00-05:00,525.2725219726562,525.2725219726562,485.62933349609375,485.62933349609375,971,0.0,0.0
1997-02-05 00:00:00-05:00,525.2725219726562,535.183349609375,485.62933349609375,535.183349609375,373,0.0,0.0
1997-02-06 00:00:00-05:00,535.183349609375,535.183349609375,485.62933349609375,485.62933349609375,122,0.0,0.0
1997-02-07 00:00:00-05:00,485.62933349609375,525.2725219726562,485.62933349609375,485.62933349609375,288,0.0,0.0
1997-02-10 00:00:00-05:00,485.62933349609375,495.5401306152344,485.62933349609375,485.62933349609375,322,0.0,0.0
1997-02-11 00:00:00-05:00,535.183349609375,535.183349609375,485.62933349609375,485.62933349609375,204,0.0,0.0
1997-02-12 00:00:00-05:00,485.62933349609375,535.183349609375,485.62933349609375,485.62933349609375,497,0.0,0.0
1997-02-13 00:00:00-05:00,515.3617553710938,515.3617553710938,485.62933349609375,515.3617553710938,165,0.0,0.0
1997-02-14 00:00:00-05:00,485.62933349609375,495.5401306152344,485.62933349609375,485.62933349609375,53,0.0,0.0
1997-02-18 00:00:00-05:00,485.62933349609375,505.450927734375,485.62933349609375,485.62933349609375,368,0.0,0.0
1997-02-19 00:00:00-05:00,515.3617553710938,515.3617553710938,485.62933349609375,485.62933349609375,670,0.0,0.0
1997-02-20 00:00:00-05:00,485.62933349609375,515.3617553710938,465.8077392578125,465.8077392578125,1020,0.0,0.0
1997-02-21 00:00:00-05:00,465.8077392578125,475.7185363769531,465.8077392578125,465.8077392578125,362,0.0,0.0
1997-02-24 00:00:00-05:00,465.8077392578125,475.7185363769531,436.0753173828125,475.7185363769531,716,0.0,0.0
1997-02-25 00:00:00-05:00,436.0753173828125,475.7185363769531,426.1645202636719,431.11993408203125,1152,0.0,0.0
1997-02-26 00:00:00-05:00,426.1645202636719,445.9861145019531,416.25372314453125,445.9861145019531,243,0.0,0.0
1997-02-27 00:00:00-05:00,416.25372314453125,416.25372314453125,416.25372314453125,416.25372314453125,96,0.0,0.0
1997-02-28 00:00:00-05:00,445.9861145019531,445.9861145019531,416.25372314453125,445.9861145019531,97,0.0,0.0
1997-03-03 00:00:00-05:00,416.25372314453125,416.25372314453125,406.3429260253906,406.3429260253906,225,0.0,0.0
1997-03-04 00:00:00-05:00,396.4320983886719,416.25372314453125,396.4320983886719,396.4320983886719,399,0.0,0.0
1997-03-05 00:00:00-05:00,396.4320983886719,416.25372314453125,396.4320983886719,396.4320983886719,834,0.0,0.0
1997-03-06 00:00:00-05:00,396.4320983886719,416.25372314453125,396.4320983886719,396.4320983886719,166,0.0,0.0
1997-03-07 00:00:00-05:00,396.4320983886719,416.25372314453125,396.4320983886719,396.4320983886719,136,0.0,0.0
1997-03-10 00:00:00-05:00,396.4320983886719,416.25372314453125,396.4320983886719,396.4320983886719,417,0.0,0.0
1997-03-11 00:00:00-05:00,396.4320983886719,416.25372314453125,396.4320983886719,416.25372314453125,235,0.0,0.0
1997-03-12 00:00:00-05:00,396.4320983886719,455.8969421386719,396.4320983886719,455.8969421386719,959,0.0,0.0
1997-03-13 00:00:00-05:00,455.8969421386719,495.5401306152344,455.8969421386719,495.5401306152344,1028,0.0,0.0
1997-03-14 00:00:00-05:00,475.7185363769531,495.5401306152344,475.7185363769531,475.7185363769531,1061,0.0,0.0
1997-03-17 00:00:00-05:00,495.5401306152344,495.5401306152344,475.7185363769531,475.7185363769531,226,0.0,0.0
1997-03-18 00:00:00-05:00,475.7185363769531,495.5401306152344,465.8077392578125,465.8077392578125,667,0.0,0.0
1997-03-19 00:00:00-05:00,455.8969421386719,495.5401306152344,455.8969421386719,455.8969421386719,433,0.0,0.0
1997-03-20 00:00:00-05:00,455.8969421386719,485.62933349609375,455.8969421386719,475.7185363769531,409,0.0,0.0
1997-03-21 00:00:00-05:00,495.5401306152344,495.5401306152344,445.9861145019531,455.8969421386719,947,0.0,0.0
1997-03-24 00:00:00-05:00,445.9861145019531,495.5401306152344,436.0753173828125,436.0753173828125,623,0.0,0.0
1997-03-25 00:00:00-05:00,495.5401306152344,495.5401306152344,416.25372314453125,416.25372314453125,1196,0.0,0.0
1997-03-26 00:00:00-05:00,416.25372314453125,436.0753173828125,416.25372314453125,416.25372314453125,143,0.0,0.0
1997-03-27 00:00:00-05:00,416.25372314453125,436.0753173828125,416.25372314453125,436.0753173828125,893,0.0,0.0
1997-03-31 00:00:00-05:00,436.0753173828125,436.0753173828125,416.25372314453125,416.25372314453125,91,0.0,0.0
1997-04-01 00:00:00-05:00,436.0753173828125,436.0753173828125,416.25372314453125,416.25372314453125,38,0.0,0.0
1997-04-02 00:00:00-05:00,416.25372314453125,436.0753173828125,396.4320983886719,396.4320983886719,715,0.0,0.0
1997-04-03 00:00:00-05:00,396.4320983886719,426.1645202636719,396.4320983886719,426.1645202636719,716,0.0,0.0
1997-04-04 00:00:00-05:00,396.4320983886719,396.4320983886719,396.4320983886719,396.4320983886719,182,0.0,0.0
1997-04-07 00:00:00-04:00,396.4320983886719,406.3429260253906,386.52130126953125,386.52130126953125,211,0.0,0.0
1997-04-08 00:00:00-04:00,386.52130126953125,396.4320983886719,386.52130126953125,386.52130126953125,370,0.0,0.0
1997-04-09 00:00:00-04:00,386.52130126953125,386.52130126953125,376.6105041503906,376.6105041503906,593,0.0,0.0
1997-04-10 00:00:00-04:00,376.6105041503906,376.6105041503906,336.96728515625,356.7889099121094,739,0.0,0.0
1997-04-11 00:00:00-04:00,336.96728515625,336.96728515625,277.5024719238281,282.4578857421875,1000,0.0,0.0
1997-04-14 00:00:00-04:00,277.5024719238281,317.14569091796875,277.5024719238281,277.5024719238281,1170,0.0,0.0
1997-04-15 00:00:00-04:00,277.5024719238281,317.14569091796875,277.5024719238281,297.3240966796875,894,0.0,0.0
1997-04-16 00:00:00-04:00,297.3240966796875,341.9226989746094,277.5024719238281,297.3240966796875,1099,0.0,0.0
1997-04-17 00:00:00-04:00,287.41326904296875,312.1902770996094,277.5024719238281,277.5024719238281,1196,0.0,0.0
1997-04-18 00:00:00-04:00,277.5024719238281,312.1902770996094,277.5024719238281,312.1902770996094,2094,0.0,0.0
1997-04-21 00:00:00-04:00,277.5024719238281,312.1902770996094,277.5024719238281,277.5024719238281,559,0.0,0.0
1997-04-22 00:00:00-04:00,297.3240966796875,297.3240966796875,277.5024719238281,287.41326904296875,439,0.0,0.0
1997-04-23 00:00:00-04:00,317.14569091796875,317.14569091796875,277.5024719238281,307.2348937988281,489,0.0,0.0
1997-04-24 00:00:00-04:00,317.14569091796875,317.14569091796875,277.5024719238281,277.5024719238281,928,0.0,0.0
1997-04-25 00:00:00-04:00,317.14569091796875,356.7889099121094,277.5024719238281,317.14569091796875,2022,0.0,0.0
1997-04-28 00:00:00-04:00,356.7889099121094,356.7889099121094,307.2348937988281,307.2348937988281,173,0.0,0.0
1997-04-29 00:00:00-04:00,307.2348937988281,356.7889099121094,307.2348937988281,356.7889099121094,489,0.0,0.0
1997-04-30 00:00:00-04:00,356.7889099121094,356.7889099121094,307.2348937988281,356.7889099121094,589,0.0,0.0
1997-05-01 00:00:00-04:00,356.7889099121094,366.69970703125,307.2348937988281,356.7889099121094,3409,0.0,0.0
1997-05-02 00:00:00-04:00,322.1011047363281,381.56591796875,322.1011047363281,381.56591796875,440,0.0,0.0
1997-05-05 00:00:00-04:00,356.7889099121094,381.56591796875,356.7889099121094,356.7889099121094,1136,0.0,0.0
1997-05-06 00:00:00-04:00,376.6105041503906,386.52130126953125,356.7889099121094,356.7889099121094,1928,0.0,0.0
1997-05-07 00:00:00-04:00,386.52130126953125,386.52130126953125,356.7889099121094,386.52130126953125,699,0.0,0.0
1997-05-08 00:00:00-04:00,386.52130126953125,436.0753173828125,366.69970703125,436.0753173828125,1071,0.0,0.0
1997-05-09 00:00:00-04:00,436.0753173828125,436.0753173828125,396.4320983886719,396.4320983886719,1601,0.0,0.0
1997-05-12 00:00:00-04:00,396.4320983886719,436.0753173828125,396.4320983886719,416.25372314453125,598,0.0,0.0
1997-05-13 00:00:00-04:00,416.25372314453125,416.25372314453125,396.4320983886719,396.4320983886719,1319,0.0,0.0
1997-05-14 00:00:00-04:00,416.25372314453125,436.0753173828125,396.4320983886719,436.0753173828125,1400,0.0,0.0
1997-05-15 00:00:00-04:00,396.4320983886719,436.0753173828125,396.4320983886719,436.0753173828125,1015,0.0,0.0
1997-05-16 00:00:00-04:00,436.0753173828125,436.0753173828125,396.4320983886719,396.4320983886719,1381,0.0,0.0
1997-05-19 00:00:00-04:00,436.0753173828125,436.0753173828125,396.4320983886719,426.1645202636719,1805,0.0,0.0
1997-05-20 00:00:00-04:00,416.25372314453125,416.25372314453125,396.4320983886719,396.4320983886719,1453,0.0,0.0
1997-05-21 00:00:00-04:00,416.25372314453125,436.0753173828125,396.4320983886719,436.0753173828125,2081,0.0,0.0
1997-05-22 00:00:00-04:00,396.4320983886719,436.0753173828125,396.4320983886719,396.4320983886719,1598,0.0,0.0
1997-05-23 00:00:00-04:00,396.4320983886719,436.0753173828125,396.4320983886719,416.25372314453125,815,0.0,0.0
1997-05-27 00:00:00-04:00,416.25372314453125,416.25372314453125,396.4320983886719,411.2983093261719,1743,0.0,0.0
1997-05-28 00:00:00-04:00,396.4320983886719,426.1645202636719,396.4320983886719,396.4320983886719,435,0.0,0.0
1997-05-29 00:00:00-04:00,426.1645202636719,426.1645202636719,396.4320983886719,426.1645202636719,700,0.0,0.0
1997-05-30 00:00:00-04:00,396.4320983886719,426.1645202636719,396.4320983886719,396.4320983886719,1811,0.0,0.0
1997-06-02 00:00:00-04:00,396.4320983886719,426.1645202636719,396.4320983886719,396.4320983886719,349,0.0,0.0
1997-06-03 00:00:00-04:00,396.4320983886719,406.3429260253906,376.6105041503906,376.6105041503906,428,0.0,0.0
1997-06-04 00:00:00-04:00,376.6105041503906,406.3429260253906,366.69970703125,376.6105041503906,523,0.0,0.0
1997-06-05 00:00:00-04:00,366.69970703125,376.6105041503906,346.8780822753906,346.8780822753906,700,0.0,0.0
1997-06-06 00:00:00-04:00,366.69970703125,376.6105041503906,346.8780822753906,346.8780822753906,729,0.0,0.0
1997-06-09 00:00:00-04:00,346.8780822753906,366.69970703125,317.14569091796875,346.8780822753906,824,0.0,0.0
1997-06-10 00:00:00-04:00,317.14569091796875,346.8780822753906,317.14569091796875,346.8780822753906,441,0.0,0.0
1997-06-11 00:00:00-04:00,317.14569091796875,346.8780822753906,317.14569091796875,317.14569091796875,53,0.0,0.0
1997-06-12 00:00:00-04:00,346.8780822753906,346.8780822753906,317.14569091796875,317.14569091796875,888,0.0,0.0
1997-06-13 00:00:00-04:00,346.8780822753906,346.8780822753906,317.14569091796875,322.1011047363281,388,0.0,0.0
1997-06-16 00:00:00-04:00,317.14569091796875,346.8780822753906,317.14569091796875,317.14569091796875,266,0.0,0.0
1997-06-17 00:00:00-04:00,346.8780822753906,346.8780822753906,317.14569091796875,317.14569091796875,778,0.0,0.0
1997-06-18 00:00:00-04:00,346.8780822753906,346.8780822753906,317.14569091796875,346.8780822753906,489,0.0,0.0
1997-06-19 00:00:00-04:00,346.8780822753906,346.8780822753906,317.14569091796875,346.8780822753906,513,0.0,0.0
1997-06-20 00:00:00-04:00,346.8780822753906,346.8780822753906,317.14569091796875,346.8780822753906,399,0.0,0.0
1997-06-23 00:00:00-04:00,317.14569091796875,346.8780822753906,317.14569091796875,317.14569091796875,365,0.0,0.0
1997-06-24 00:00:00-04:00,317.14569091796875,346.8780822753906,317.14569091796875,317.14569091796875,493,0.0,0.0
1997-06-25 00:00:00-04:00,346.8780822753906,346.8780822753906,317.14569091796875,346.8780822753906,1191,0.0,0.0
1997-06-26 00:00:00-04:00,346.8780822753906,346.8780822753906,317.14569091796875,317.14569091796875,283,0.0,0.0
1997-06-27 00:00:00-04:00,317.14569091796875,346.8780822753906,317.14569091796875,317.14569091796875,164,0.0,0.0
1997-06-30 00:00:00-04:00,317.14569091796875,346.8780822753906,317.14569091796875,346.8780822753906,154,0.0,0.0
1997-07-01 00:00:00-04:00,346.8780822753906,346.8780822753906,317.14569091796875,332.01190185546875,394,0.0,0.0
1997-07-02 00:00:00-04:00,317.14569091796875,346.8780822753906,317.14569091796875,317.14569091796875,405,0.0,0.0
1997-07-03 00:00:00-04:00,317.14569091796875,346.8780822753906,317.14569091796875,317.14569091796875,112,0.0,0.0
1997-07-07 00:00:00-04:00,317.14569091796875,346.8780822753906,317.14569091796875,317.14569091796875,499,0.0,0.0
1997-07-08 00:00:00-04:00,317.14569091796875,346.8780822753906,317.14569091796875,317.14569091796875,792,0.0,0.0
1997-07-09 00:00:00-04:00,317.14569091796875,346.8780822753906,297.3240966796875,297.3240966796875,1312,0.0,0.0
1997-07-10 00:00:00-04:00,297.3240966796875,336.96728515625,297.3240966796875,297.3240966796875,1041,0.0,0.0
1997-07-11 00:00:00-04:00,287.41326904296875,327.0564880371094,287.41326904296875,292.3686828613281,312,0.0,0.0
1997-07-14 00:00:00-04:00,287.41326904296875,327.0564880371094,287.41326904296875,287.41326904296875,78,0.0,0.0
1997-07-15 00:00:00-04:00,287.41326904296875,327.0564880371094,287.41326904296875,297.3240966796875,404,0.0,0.0
1997-07-16 00:00:00-04:00,287.41326904296875,327.0564880371094,277.5024719238281,277.5024719238281,615,0.0,0.0
1997-07-17 00:00:00-04:00,277.5024719238281,327.0564880371094,277.5024719238281,327.0564880371094,516,0.0,0.0
1997-07-18 00:00:00-04:00,277.5024719238281,327.0564880371094,277.5024719238281,277.5024719238281,349,0.0,0.0
1997-07-21 00:00:00-04:00,277.5024719238281,307.2348937988281,277.5024719238281,277.5024719238281,377,0.0,0.0
1997-07-22 00:00:00-04:00,277.5024719238281,307.2348937988281,277.5024719238281,279.98016357421875,338,0.0,0.0
1997-07-23 00:00:00-04:00,307.2348937988281,307.2348937988281,277.5024719238281,307.2348937988281,346,0.0,0.0
1997-07-24 00:00:00-04:00,277.5024719238281,307.2348937988281,277.5024719238281,307.2348937988281,885,0.0,0.0
1997-07-25 00:00:00-04:00,277.5024719238281,307.2348937988281,277.5024719238281,277.5024719238281,739,0.0,0.0
1997-07-28 00:00:00-04:00,307.2348937988281,307.2348937988281,277.5024719238281,307.2348937988281,1037,0.0,0.0
1997-07-29 00:00:00-04:00,277.5024719238281,307.2348937988281,277.5024719238281,277.5024719238281,87,0.0,0.0
1997-07-30 00:00:00-04:00,277.5024719238281,307.2348937988281,277.5024719238281,277.5024719238281,64,0.0,0.0
1997-07-31 00:00:00-04:00,277.5024719238281,307.2348937988281,277.5024719238281,277.5024719238281,412,0.0,0.0
1997-08-01 00:00:00-04:00,277.5024719238281,307.2348937988281,277.5024719238281,277.5024719238281,576,0.0,0.0
1997-08-04 00:00:00-04:00,307.2348937988281,307.2348937988281,277.5024719238281,307.2348937988281,912,0.0,0.0
1997-08-05 00:00:00-04:00,307.2348937988281,307.2348937988281,277.5024719238281,277.5024719238281,547,0.0,0.0
1997-08-06 00:00:00-04:00,307.2348937988281,307.2348937988281,277.5024719238281,307.2348937988281,805,0.0,0.0
1997-08-07 00:00:00-04:00,307.2348937988281,307.2348937988281,277.5024719238281,307.2348937988281,561,0.0,0.0
1997-08-08 00:00:00-04:00,307.2348937988281,327.0564880371094,277.5024719238281,327.0564880371094,1010,0.0,0.0
1997-08-11 00:00:00-04:00,287.41326904296875,327.0564880371094,287.41326904296875,287.41326904296875,3660,0.0,0.0
1997-08-12 00:00:00-04:00,327.0564880371094,327.0564880371094,287.41326904296875,287.41326904296875,1527,0.0,0.0
1997-08-13 00:00:00-04:00,327.0564880371094,327.0564880371094,284.9355773925781,287.41326904296875,419,0.0,0.0
1997-08-14 00:00:00-04:00,327.0564880371094,327.0564880371094,287.41326904296875,287.41326904296875,555,0.0,0.0
1997-08-15 00:00:00-04:00,327.0564880371094,366.69970703125,287.41326904296875,366.69970703125,952,0.0,0.0
1997-08-18 00:00:00-04:00,366.69970703125,366.69970703125,317.14569091796875,317.14569091796875,1406,0.0,0.0
1997-08-19 00:00:00-04:00,366.69970703125,366.69970703125,317.14569091796875,366.69970703125,1520,0.0,0.0
1997-08-20 00:00:00-04:00,366.69970703125,396.4320983886719,317.14569091796875,396.4320983886719,4428,0.0,0.0
1997-08-21 00:00:00-04:00,396.4320983886719,396.4320983886719,336.96728515625,356.7889099121094,4181,0.0,0.0
1997-08-22 00:00:00-04:00,376.6105041503906,376.6105041503906,336.96728515625,376.6105041503906,589,0.0,0.0
1997-08-25 00:00:00-04:00,376.6105041503906,386.52130126953125,336.96728515625,346.8780822753906,5194,0.0,0.0
1997-08-26 00:00:00-04:00,386.52130126953125,386.52130126953125,336.96728515625,336.96728515625,3693,0.0,0.0
1997-08-27 00:00:00-04:00,336.96728515625,356.7889099121094,336.96728515625,336.96728515625,296,0.0,0.0
1997-08-28 00:00:00-04:00,356.7889099121094,356.7889099121094,336.96728515625,336.96728515625,144,0.0,0.0
1997-08-29 00:00:00-04:00,336.96728515625,356.7889099121094,336.96728515625,338.2061462402344,259,0.0,0.0
1997-09-02 00:00:00-04:00,338.2061462402344,351.83349609375,336.96728515625,346.8780822753906,1033,0.0,0.0
1997-09-03 00:00:00-04:00,346.8780822753906,351.83349609375,346.8780822753906,346.8780822753906,291,0.0,0.0
1997-09-04 00:00:00-04:00,346.8780822753906,371.65509033203125,336.96728515625,356.7889099121094,1447,0.0,0.0
1997-09-05 00:00:00-04:00,356.7889099121094,371.65509033203125,336.96728515625,338.2061462402344,525,0.0,0.0
1997-09-08 00:00:00-04:00,336.96728515625,371.65509033203125,336.96728515625,336.96728515625,493,0.0,0.0
1997-09-09 00:00:00-04:00,336.96728515625,386.52130126953125,336.96728515625,379.08819580078125,1622,0.0,0.0
1997-09-10 00:00:00-04:00,386.52130126953125,396.4320983886719,366.69970703125,396.4320983886719,1032,0.0,0.0
1997-09-11 00:00:00-04:00,396.4320983886719,396.4320983886719,366.69970703125,396.4320983886719,554,0.0,0.0
1997-09-12 00:00:00-04:00,366.69970703125,396.4320983886719,366.69970703125,366.69970703125,1355,0.0,0.0
1997-09-15 00:00:00-04:00,391.4767150878906,396.4320983886719,366.69970703125,396.4320983886719,826,0.0,0.0
1997-09-16 00:00:00-04:00,366.69970703125,396.4320983886719,366.69970703125,396.4320983886719,2321,0.0,0.0
1997-09-17 00:00:00-04:00,396.4320983886719,396.4320983886719,366.69970703125,396.4320983886719,1849,0.0,0.0
1997-09-18 00:00:00-04:00,366.69970703125,396.4320983886719,366.69970703125,366.69970703125,796,0.0,0.0
1997-09-19 00:00:00-04:00,366.69970703125,396.4320983886719,366.69970703125,396.4320983886719,595,0.0,0.0
1997-09-22 00:00:00-04:00,366.69970703125,396.4320983886719,366.69970703125,371.65509033203125,295,0.0,0.0
1997-09-23 00:00:00-04:00,366.69970703125,406.3429260253906,366.69970703125,366.69970703125,674,0.0,0.0
1997-09-24 00:00:00-04:00,406.3429260253906,416.25372314453125,366.69970703125,396.4320983886719,2196,0.0,0.0
1997-09-25 00:00:00-04:00,396.4320983886719,416.25372314453125,336.96728515625,411.2983093261719,3794,0.0,0.0
1997-09-26 00:00:00-04:00,396.4320983886719,396.4320983886719,396.4320983886719,396.4320983886719,64,0.0,0.0
1997-09-29 00:00:00-04:00,411.2983093261719,411.2983093261719,396.4320983886719,396.4320983886719,563,0.0,0.0
1997-09-30 00:00:00-04:00,411.2983093261719,411.2983093261719,396.4320983886719,396.4320983886719,1188,0.0,0.0
1997-10-01 00:00:00-04:00,411.2983093261719,421.2091064453125,396.4320983886719,411.2983093261719,808,0.0,0.0
1997-10-02 00:00:00-04:00,418.7314147949219,455.8969421386719,396.4320983886719,445.9861145019531,3433,0.0,0.0
1997-10-03 00:00:00-04:00,445.9861145019531,475.7185363769531,406.3429260253906,416.25372314453125,8593,0.0,0.0
1997-10-06 00:00:00-04:00,475.7185363769531,475.7185363769531,436.0753173828125,455.8969421386719,5404,0.0,0.0
1997-10-07 00:00:00-04:00,475.7185363769531,475.7185363769531,436.0753173828125,445.9861145019531,3847,0.0,0.0
1997-10-08 00:00:00-04:00,445.9861145019531,445.9861145019531,416.25372314453125,426.1645202636719,1119,0.0,0.0
1997-10-09 00:00:00-04:00,436.0753173828125,460.8523254394531,416.25372314453125,445.9861145019531,1671,0.0,0.0
1997-10-10 00:00:00-04:00,445.9861145019531,455.8969421386719,416.25372314453125,431.11993408203125,971,0.0,0.0
1997-10-13 00:00:00-04:00,436.0753173828125,465.8077392578125,416.25372314453125,431.11993408203125,1189,0.0,0.0
1997-10-14 00:00:00-04:00,445.9861145019531,455.8969421386719,426.1645202636719,450.9415283203125,2323,0.0,0.0
1997-10-15 00:00:00-04:00,455.8969421386719,475.7185363769531,450.9415283203125,465.8077392578125,4344,0.0,0.0
1997-10-16 00:00:00-04:00,470.76312255859375,475.7185363769531,455.8969421386719,455.8969421386719,4324,0.0,0.0
1997-10-17 00:00:00-04:00,445.9861145019531,455.8969421386719,436.0753173828125,436.0753173828125,1527,0.0,0.0
1997-10-20 00:00:00-04:00,445.9861145019531,445.9861145019531,436.0753173828125,436.0753173828125,527,0.0,0.0
1997-10-21 00:00:00-04:00,441.0307312011719,441.0307312011719,436.0753173828125,441.0307312011719,441,0.0,0.0
1997-10-22 00:00:00-04:00,436.0753173828125,465.8077392578125,436.0753173828125,463.33001708984375,1037,0.0,0.0
1997-10-23 00:00:00-04:00,465.8077392578125,465.8077392578125,445.9861145019531,445.9861145019531,938,0.0,0.0
1997-10-24 00:00:00-04:00,445.9861145019531,470.76312255859375,445.9861145019531,463.33001708984375,2306,0.0,0.0
1997-10-27 00:00:00-05:00,463.33001708984375,465.8077392578125,426.1645202636719,426.1645202636719,2164,0.0,0.0
1997-10-28 00:00:00-05:00,416.25372314453125,431.11993408203125,406.3429260253906,431.11993408203125,971,0.0,0.0
1997-10-29 00:00:00-05:00,431.11993408203125,431.11993408203125,416.25372314453125,426.1645202636719,125,0.0,0.0
1997-10-30 00:00:00-05:00,416.25372314453125,416.25372314453125,406.3429260253906,406.3429260253906,190,0.0,0.0
1997-10-31 00:00:00-05:00,406.3429260253906,411.2983093261719,396.4320983886719,398.9098205566406,458,0.0,0.0
1997-11-03 00:00:00-05:00,396.4320983886719,426.1645202636719,396.4320983886719,426.1645202636719,872,0.0,0.0
1997-11-04 00:00:00-05:00,426.1645202636719,441.0307312011719,426.1645202636719,436.0753173828125,874,0.0,0.0
1997-11-05 00:00:00-05:00,426.1645202636719,436.0753173828125,426.1645202636719,428.6422119140625,1453,0.0,0.0
1997-11-06 00:00:00-05:00,426.1645202636719,436.0753173828125,426.1645202636719,426.1645202636719,907,0.0,0.0
1997-11-07 00:00:00-05:00,426.1645202636719,431.11993408203125,416.25372314453125,426.1645202636719,748,0.0,0.0
1997-11-10 00:00:00-05:00,426.1645202636719,426.1645202636719,416.25372314453125,426.1645202636719,729,0.0,0.0
1997-11-11 00:00:00-05:00,426.1645202636719,426.1645202636719,416.25372314453125,416.25372314453125,931,0.0,0.0
1997-11-12 00:00:00-05:00,416.25372314453125,416.25372314453125,396.4320983886719,396.4320983886719,877,0.0,0.0
1997-11-13 00:00:00-05:00,396.4320983886719,416.25372314453125,366.69970703125,416.25372314453125,2984,0.0,0.0
1997-11-14 00:00:00-05:00,406.3429260253906,436.0753173828125,406.3429260253906,426.1645202636719,1285,0.0,0.0
1997-11-17 00:00:00-05:00,426.1645202636719,431.11993408203125,426.1645202636719,431.11993408203125,599,0.0,0.0
1997-11-18 00:00:00-05:00,431.11993408203125,431.11993408203125,426.1645202636719,426.1645202636719,798,0.0,0.0
1997-11-19 00:00:00-05:00,426.1645202636719,431.11993408203125,426.1645202636719,426.1645202636719,3006,0.0,0.0
1997-11-20 00:00:00-05:00,426.1645202636719,431.11993408203125,426.1645202636719,426.1645202636719,1350,0.0,0.0
1997-11-21 00:00:00-05:00,426.1645202636719,431.11993408203125,426.1645202636719,426.1645202636719,285,0.0,0.0
1997-11-24 00:00:00-05:00,426.1645202636719,441.0307312011719,426.1645202636719,426.1645202636719,3272,0.0,0.0
1997-11-25 00:00:00-05:00,426.1645202636719,431.11993408203125,426.1645202636719,428.6422119140625,207,0.0,0.0
1997-11-26 00:00:00-05:00,426.1645202636719,428.6422119140625,406.3429260253906,416.25372314453125,528,0.0,0.0
1997-11-28 00:00:00-05:00,416.25372314453125,426.1645202636719,406.3429260253906,406.3429260253906,108,0.0,0.0
1997-12-01 00:00:00-05:00,406.3429260253906,426.1645202636719,396.4320983886719,396.4320983886719,703,0.0,0.0
1997-12-02 00:00:00-05:00,411.2983093261719,421.2091064453125,396.4320983886719,396.4320983886719,971,0.0,0.0
1997-12-03 00:00:00-05:00,401.38751220703125,431.11993408203125,396.4320983886719,396.4320983886719,1025,0.0,0.0
1997-12-04 00:00:00-05:00,396.4320983886719,411.2983093261719,386.52130126953125,396.4320983886719,1858,0.0,0.0
1997-12-05 00:00:00-05:00,411.2983093261719,411.2983093261719,396.4320983886719,396.4320983886719,570,0.0,0.0
1997-12-08 00:00:00-05:00,411.2983093261719,411.2983093261719,371.65509033203125,376.6105041503906,1114,0.0,0.0
1997-12-09 00:00:00-05:00,376.6105041503906,381.56591796875,366.69970703125,376.6105041503906,489,0.0,0.0
1997-12-10 00:00:00-05:00,376.6105041503906,376.6105041503906,336.96728515625,341.9226989746094,1144,0.0,0.0
1997-12-11 00:00:00-05:00,317.14569091796875,322.1011047363281,317.14569091796875,322.1011047363281,588,0.0,0.0
1997-12-12 00:00:00-05:00,317.14569091796875,336.96728515625,317.14569091796875,336.96728515625,1684,0.0,0.0
1997-12-15 00:00:00-05:00,322.1011047363281,336.96728515625,317.14569091796875,332.01190185546875,2640,0.0,0.0
1997-12-16 00:00:00-05:00,332.01190185546875,346.8780822753906,317.14569091796875,341.9226989746094,2944,0.0,0.0
1997-12-17 00:00:00-05:00,341.9226989746094,366.69970703125,336.96728515625,366.69970703125,2273,0.0,0.0
1997-12-18 00:00:00-05:00,356.7889099121094,376.6105041503906,356.7889099121094,376.6105041503906,911,0.0,0.0
1997-12-19 00:00:00-05:00,366.69970703125,376.6105041503906,366.69970703125,371.65509033203125,163,0.0,0.0
1997-12-22 00:00:00-05:00,371.65509033203125,376.6105041503906,366.69970703125,366.69970703125,362,0.0,0.0
1997-12-23 00:00:00-05:00,366.69970703125,376.6105041503906,366.69970703125,366.69970703125,136,0.0,0.0
1997-12-24 00:00:00-05:00,366.69970703125,376.6105041503906,366.69970703125,366.69970703125,431,0.0,0.0
1997-12-26 00:00:00-05:00,366.69970703125,376.6105041503906,366.69970703125,366.69970703125,54,0.0,0.0
1997-12-29 00:00:00-05:00,366.69970703125,366.69970703125,366.69970703125,366.69970703125,129,0.0,0.0
1997-12-30 00:00:00-05:00,366.69970703125,371.65509033203125,366.69970703125,366.69970703125,416,0.0,0.0
1997-12-31 00:00:00-05:00,366.69970703125,371.65509033203125,356.7889099121094,356.7889099121094,520,0.0,0.0
1998-01-02 00:00:00-05:00,356.7889099121094,356.7889099121094,356.7889099121094,356.7889099121094,19,0.0,0.0
1998-01-05 00:00:00-05:00,356.7889099121094,356.7889099121094,356.7889099121094,356.7889099121094,185,0.0,0.0
1998-01-06 00:00:00-05:00,371.65509033203125,371.65509033203125,356.7889099121094,356.7889099121094,115,0.0,0.0
1998-01-07 00:00:00-05:00,356.7889099121094,376.6105041503906,356.7889099121094,376.6105041503906,126,0.0,0.0
1998-01-08 00:00:00-05:00,371.65509033203125,371.65509033203125,346.8780822753906,346.8780822753906,216,0.0,0.0
1998-01-09 00:00:00-05:00,346.8780822753906,356.7889099121094,346.8780822753906,346.8780822753906,414,0.0,0.0
1998-01-12 00:00:00-05:00,346.8780822753906,346.8780822753906,346.8780822753906,346.8780822753906,85,0.0,0.0
1998-01-13 00:00:00-05:00,346.8780822753906,356.7889099121094,346.8780822753906,356.7889099121094,436,0.0,0.0
1998-01-14 00:00:00-05:00,346.8780822753906,376.6105041503906,346.8780822753906,376.6105041503906,565,0.0,0.0
1998-01-15 00:00:00-05:00,371.65509033203125,411.2983093261719,371.65509033203125,411.2983093261719,420,0.0,0.0
1998-01-16 00:00:00-05:00,411.2983093261719,411.2983093261719,401.38751220703125,401.38751220703125,527,0.0,0.0
1998-01-20 00:00:00-05:00,411.2983093261719,416.25372314453125,401.38751220703125,416.25372314453125,725,0.0,0.0
1998-01-21 00:00:00-05:00,401.38751220703125,426.1645202636719,401.38751220703125,411.2983093261719,4793,0.0,0.0
1998-01-22 00:00:00-05:00,406.3429260253906,475.7185363769531,401.38751220703125,465.8077392578125,2077,0.0,0.0
1998-01-23 00:00:00-05:00,445.9861145019531,465.8077392578125,436.0753173828125,436.0753173828125,2920,0.0,0.0
1998-01-26 00:00:00-05:00,441.0307312011719,441.0307312011719,436.0753173828125,441.0307312011719,518,0.0,0.0
1998-01-27 00:00:00-05:00,436.0753173828125,441.0307312011719,406.3429260253906,408.82061767578125,2808,0.0,0.0
1998-01-28 00:00:00-05:00,406.3429260253906,411.2983093261719,386.52130126953125,386.52130126953125,834,0.0,0.0
1998-01-29 00:00:00-05:00,386.52130126953125,396.4320983886719,386.52130126953125,391.4767150878906,356,0.0,0.0
1998-01-30 00:00:00-05:00,386.52130126953125,391.4767150878906,386.52130126953125,391.4767150878906,178,0.0,0.0
1998-02-02 00:00:00-05:00,391.4767150878906,391.4767150878906,386.52130126953125,386.52130126953125,317,0.0,0.0
1998-02-03 00:00:00-05:00,388.9990234375,401.38751220703125,386.52130126953125,386.52130126953125,1318,0.0,0.0
1998-02-04 00:00:00-05:00,396.4320983886719,396.4320983886719,386.52130126953125,396.4320983886719,256,0.0,0.0
1998-02-05 00:00:00-05:00,386.52130126953125,396.4320983886719,386.52130126953125,386.52130126953125,280,0.0,0.0
1998-02-06 00:00:00-05:00,396.4320983886719,396.4320983886719,386.52130126953125,388.9990234375,579,0.0,0.0
1998-02-09 00:00:00-05:00,386.52130126953125,396.4320983886719,386.52130126953125,386.52130126953125,2033,0.0,0.0
1998-02-10 00:00:00-05:00,386.52130126953125,391.4767150878906,366.69970703125,386.52130126953125,2308,0.0,0.0
1998-02-11 00:00:00-05:00,386.52130126953125,386.52130126953125,366.69970703125,376.6105041503906,633,0.0,0.0
1998-02-12 00:00:00-05:00,386.52130126953125,386.52130126953125,366.69970703125,376.6105041503906,773,0.0,0.0
1998-02-13 00:00:00-05:00,376.6105041503906,396.4320983886719,376.6105041503906,396.4320983886719,2239,0.0,0.0
1998-02-17 00:00:00-05:00,376.6105041503906,396.4320983886719,376.6105041503906,396.4320983886719,549,0.0,0.0
1998-02-18 00:00:00-05:00,396.4320983886719,441.0307312011719,386.52130126953125,441.0307312011719,2155,0.0,0.0
1998-02-19 00:00:00-05:00,431.11993408203125,441.0307312011719,431.11993408203125,441.0307312011719,1280,0.0,0.0
1998-02-20 00:00:00-05:00,431.11993408203125,441.0307312011719,431.11993408203125,431.11993408203125,1154,0.0,0.0
1998-02-23 00:00:00-05:00,441.0307312011719,441.0307312011719,431.11993408203125,436.0753173828125,835,0.0,0.0
1998-02-24 00:00:00-05:00,436.0753173828125,436.0753173828125,421.2091064453125,431.11993408203125,2481,0.0,0.0
1998-02-25 00:00:00-05:00,426.1645202636719,426.1645202636719,426.1645202636719,426.1645202636719,83,0.0,0.0
1998-02-26 00:00:00-05:00,426.1645202636719,426.1645202636719,416.25372314453125,416.25372314453125,211,0.0,0.0
1998-02-27 00:00:00-05:00,416.25372314453125,436.0753173828125,416.25372314453125,416.25372314453125,140,0.0,0.0
1998-03-02 00:00:00-05:00,436.0753173828125,436.0753173828125,416.25372314453125,421.2091064453125,428,0.0,0.0
1998-03-03 00:00:00-05:00,416.25372314453125,416.25372314453125,406.3429260253906,406.3429260253906,189,0.0,0.0
1998-03-04 00:00:00-05:00,406.3429260253906,426.1645202636719,406.3429260253906,416.25372314453125,254,0.0,0.0
1998-03-05 00:00:00-05:00,406.3429260253906,426.1645202636719,406.3429260253906,426.1645202636719,154,0.0,0.0
1998-03-06 00:00:00-05:00,426.1645202636719,426.1645202636719,406.3429260253906,426.1645202636719,195,0.0,0.0
1998-03-09 00:00:00-05:00,406.3429260253906,421.2091064453125,406.3429260253906,421.2091064453125,409,0.0,0.0
1998-03-10 00:00:00-05:00,421.2091064453125,421.2091064453125,406.3429260253906,406.3429260253906,134,0.0,0.0
1998-03-11 00:00:00-05:00,406.3429260253906,416.25372314453125,406.3429260253906,406.3429260253906,250,0.0,0.0
1998-03-12 00:00:00-05:00,406.3429260253906,416.25372314453125,406.3429260253906,416.25372314453125,724,0.0,0.0
1998-03-13 00:00:00-05:00,406.3429260253906,406.3429260253906,406.3429260253906,406.3429260253906,105,0.0,0.0
1998-03-16 00:00:00-05:00,406.3429260253906,416.25372314453125,406.3429260253906,406.3429260253906,149,0.0,0.0
1998-03-17 00:00:00-05:00,406.3429260253906,416.25372314453125,396.4320983886719,396.4320983886719,531,0.0,0.0
1998-03-18 00:00:00-05:00,396.4320983886719,416.25372314453125,396.4320983886719,416.25372314453125,286,0.0,0.0
1998-03-19 00:00:00-05:00,396.4320983886719,416.25372314453125,396.4320983886719,396.4320983886719,615,0.0,0.0
1998-03-20 00:00:00-05:00,416.25372314453125,416.25372314453125,396.4320983886719,396.4320983886719,415,0.0,0.0
1998-03-23 00:00:00-05:00,396.4320983886719,416.25372314453125,396.4320983886719,396.4320983886719,169,0.0,0.0
1998-03-24 00:00:00-05:00,416.25372314453125,416.25372314453125,396.4320983886719,396.4320983886719,285,0.0,0.0
1998-03-25 00:00:00-05:00,416.25372314453125,416.25372314453125,396.4320983886719,396.4320983886719,1319,0.0,0.0
1998-03-26 00:00:00-05:00,396.4320983886719,416.25372314453125,396.4320983886719,396.4320983886719,956,0.0,0.0
1998-03-27 00:00:00-05:00,396.4320983886719,401.38751220703125,396.4320983886719,396.4320983886719,85,0.0,0.0
1998-03-30 00:00:00-05:00,396.4320983886719,416.25372314453125,396.4320983886719,396.4320983886719,68,0.0,0.0
1998-03-31 00:00:00-05:00,416.25372314453125,416.25372314453125,396.4320983886719,411.2983093261719,434,0.0,0.0
1998-04-01 00:00:00-05:00,396.4320983886719,416.25372314453125,396.4320983886719,396.4320983886719,375,0.0,0.0
1998-04-02 00:00:00-05:00,396.4320983886719,416.25372314453125,376.6105041503906,376.6105041503906,945,0.0,0.0
1998-04-03 00:00:00-05:00,376.6105041503906,376.6105041503906,336.96728515625,346.8780822753906,1497,0.0,0.0
1998-04-06 00:00:00-04:00,346.8780822753906,396.4320983886719,336.96728515625,391.4767150878906,2878,0.0,0.0
1998-04-07 00:00:00-04:00,391.4767150878906,391.4767150878906,371.65509033203125,386.52130126953125,1487,0.0,0.0
1998-04-08 00:00:00-04:00,366.69970703125,376.6105041503906,346.8780822753906,351.83349609375,677,0.0,0.0
1998-04-09 00:00:00-04:00,346.8780822753906,356.7889099121094,346.8780822753906,351.83349609375,632,0.0,0.0
1998-04-13 00:00:00-04:00,346.8780822753906,356.7889099121094,346.8780822753906,356.7889099121094,372,0.0,0.0
1998-04-14 00:00:00-04:00,361.7442932128906,361.7442932128906,346.8780822753906,346.8780822753906,429,0.0,0.0
1998-04-15 00:00:00-04:00,356.7889099121094,356.7889099121094,346.8780822753906,356.7889099121094,359,0.0,0.0
1998-04-16 00:00:00-04:00,356.7889099121094,356.7889099121094,346.8780822753906,351.83349609375,1087,0.0,0.0
1998-04-17 00:00:00-04:00,356.7889099121094,356.7889099121094,346.8780822753906,351.83349609375,1008,0.0,0.0
1998-04-20 00:00:00-04:00,356.7889099121094,356.7889099121094,346.8780822753906,356.7889099121094,1524,0.0,0.0
1998-04-21 00:00:00-04:00,356.7889099121094,396.4320983886719,351.83349609375,396.4320983886719,4137,0.0,0.0
1998-04-22 00:00:00-04:00,396.4320983886719,450.9415283203125,396.4320983886719,450.9415283203125,5812,0.0,0.0
1998-04-23 00:00:00-04:00,455.8969421386719,455.8969421386719,431.11993408203125,441.0307312011719,2289,0.0,0.0
1998-04-24 00:00:00-04:00,455.8969421386719,455.8969421386719,426.1645202636719,426.1645202636719,555,0.0,0.0
1998-04-27 00:00:00-04:00,426.1645202636719,436.0753173828125,426.1645202636719,426.1645202636719,4716,0.0,0.0
1998-04-28 00:00:00-04:00,426.1645202636719,431.11993408203125,426.1645202636719,426.1645202636719,236,0.0,0.0
1998-04-29 00:00:00-04:00,441.0307312011719,455.8969421386719,426.1645202636719,445.9861145019531,627,0.0,0.0
1998-04-30 00:00:00-04:00,455.8969421386719,455.8969421386719,426.1645202636719,426.1645202636719,242,0.0,0.0
1998-05-01 00:00:00-04:00,455.8969421386719,455.8969421386719,426.1645202636719,426.1645202636719,1701,0.0,0.0
1998-05-04 00:00:00-04:00,436.0753173828125,436.0753173828125,426.1645202636719,436.0753173828125,1674,0.0,0.0
1998-05-05 00:00:00-04:00,436.0753173828125,475.7185363769531,426.1645202636719,465.8077392578125,1439,0.0,0.0
1998-05-06 00:00:00-04:00,455.8969421386719,465.8077392578125,455.8969421386719,455.8969421386719,481,0.0,0.0
1998-05-07 00:00:00-04:00,455.8969421386719,465.8077392578125,455.8969421386719,465.8077392578125,918,0.0,0.0
1998-05-08 00:00:00-04:00,455.8969421386719,455.8969421386719,455.8969421386719,455.8969421386719,221,0.0,0.0
1998-05-11 00:00:00-04:00,455.8969421386719,465.8077392578125,455.8969421386719,455.8969421386719,1263,0.0,0.0
1998-05-12 00:00:00-04:00,460.8523254394531,465.8077392578125,455.8969421386719,455.8969421386719,740,0.0,0.0
1998-05-13 00:00:00-04:00,465.8077392578125,475.7185363769531,455.8969421386719,468.2854309082031,1391,0.0,0.0
1998-05-14 00:00:00-04:00,465.8077392578125,475.7185363769531,465.8077392578125,470.76312255859375,1183,0.0,0.0
1998-05-15 00:00:00-04:00,475.7185363769531,475.7185363769531,465.8077392578125,475.7185363769531,613,0.0,0.0
1998-05-18 00:00:00-04:00,475.7185363769531,475.7185363769531,465.8077392578125,465.8077392578125,853,0.0,0.0
1998-05-19 00:00:00-04:00,475.7185363769531,475.7185363769531,455.8969421386719,475.7185363769531,1728,0.0,0.0
1998-05-20 00:00:00-04:00,475.7185363769531,475.7185363769531,465.8077392578125,465.8077392578125,738,0.0,0.0
1998-05-21 00:00:00-04:00,475.7185363769531,475.7185363769531,465.8077392578125,465.8077392578125,2872,0.0,0.0
1998-05-22 00:00:00-04:00,475.7185363769531,475.7185363769531,455.8969421386719,455.8969421386719,2413,0.0,0.0
1998-05-26 00:00:00-04:00,455.8969421386719,465.8077392578125,455.8969421386719,465.8077392578125,1795,0.0,0.0
1998-05-27 00:00:00-04:00,455.8969421386719,465.8077392578125,455.8969421386719,455.8969421386719,462,0.0,0.0
1998-05-28 00:00:00-04:00,455.8969421386719,455.8969421386719,455.8969421386719,455.8969421386719,1082,0.0,0.0
1998-05-29 00:00:00-04:00,455.8969421386719,455.8969421386719,455.8969421386719,455.8969421386719,38,0.0,0.0
1998-06-01 00:00:00-04:00,426.1645202636719,431.11993408203125,396.4320983886719,416.25372314453125,2073,0.0,0.0
1998-06-02 00:00:00-04:00,426.1645202636719,455.8969421386719,406.3429260253906,455.8969421386719,2415,0.0,0.0
1998-06-03 00:00:00-04:00,445.9861145019531,470.76312255859375,445.9861145019531,470.76312255859375,1954,0.0,0.0
1998-06-04 00:00:00-04:00,470.76312255859375,475.7185363769531,455.8969421386719,470.76312255859375,1327,0.0,0.0
1998-06-05 00:00:00-04:00,475.7185363769531,475.7185363769531,470.76312255859375,475.7185363769531,816,0.0,0.0
1998-06-08 00:00:00-04:00,475.7185363769531,475.7185363769531,470.76312255859375,475.7185363769531,277,0.0,0.0
1998-06-09 00:00:00-04:00,475.7185363769531,495.5401306152344,470.76312255859375,495.5401306152344,1150,0.0,0.0
1998-06-10 00:00:00-04:00,495.5401306152344,535.183349609375,485.62933349609375,505.450927734375,2472,0.0,0.0
1998-06-11 00:00:00-04:00,505.450927734375,525.2725219726562,485.62933349609375,515.3617553710938,1840,0.0,0.0
1998-06-12 00:00:00-04:00,515.3617553710938,515.3617553710938,485.62933349609375,495.5401306152344,899,0.0,0.0
1998-06-15 00:00:00-04:00,495.5401306152344,515.3617553710938,485.62933349609375,495.5401306152344,738,0.0,0.0
1998-06-16 00:00:00-04:00,495.5401306152344,515.3617553710938,485.62933349609375,495.5401306152344,1490,0.0,0.0
1998-06-17 00:00:00-04:00,485.62933349609375,505.450927734375,455.8969421386719,475.7185363769531,2326,0.0,0.0
1998-06-18 00:00:00-04:00,505.450927734375,505.450927734375,475.7185363769531,485.62933349609375,502,0.0,0.0
1998-06-19 00:00:00-04:00,505.450927734375,505.450927734375,475.7185363769531,495.5401306152344,983,0.0,0.0
1998-06-22 00:00:00-04:00,475.7185363769531,505.450927734375,475.7185363769531,475.7185363769531,1164,0.0,0.0
1998-06-23 00:00:00-04:00,475.7185363769531,515.3617553710938,475.7185363769531,505.450927734375,2050,0.0,0.0
1998-06-24 00:00:00-04:00,480.6739501953125,515.3617553710938,480.6739501953125,495.5401306152344,2697,0.0,0.0
1998-06-25 00:00:00-04:00,495.5401306152344,515.3617553710938,475.7185363769531,515.3617553710938,3441,0.0,0.0
1998-06-26 00:00:00-04:00,525.2725219726562,525.2725219726562,475.7185363769531,495.5401306152344,217,0.0,0.0
1998-06-29 00:00:00-04:00,475.7185363769531,480.6739501953125,465.8077392578125,465.8077392578125,670,0.0,0.0
1998-06-30 00:00:00-04:00,465.8077392578125,465.8077392578125,455.8969421386719,455.8969421386719,204,0.0,0.0
1998-07-01 00:00:00-04:00,455.8969421386719,465.8077392578125,455.8969421386719,460.8523254394531,270,0.0,0.0
1998-07-02 00:00:00-04:00,465.8077392578125,465.8077392578125,436.0753173828125,436.0753173828125,689,0.0,0.0
1998-07-06 00:00:00-04:00,436.0753173828125,438.5530090332031,426.1645202636719,426.1645202636719,429,0.0,0.0
1998-07-07 00:00:00-04:00,426.1645202636719,465.8077392578125,426.1645202636719,436.0753173828125,409,0.0,0.0
1998-07-08 00:00:00-04:00,426.1645202636719,436.0753173828125,426.1645202636719,426.1645202636719,124,0.0,0.0
1998-07-09 00:00:00-04:00,455.8969421386719,455.8969421386719,416.25372314453125,416.25372314453125,612,0.0,0.0
1998-07-10 00:00:00-04:00,455.8969421386719,455.8969421386719,421.2091064453125,421.2091064453125,137,0.0,0.0
1998-07-13 00:00:00-04:00,416.25372314453125,436.0753173828125,416.25372314453125,416.25372314453125,126,0.0,0.0
1998-07-14 00:00:00-04:00,416.25372314453125,426.1645202636719,416.25372314453125,416.25372314453125,353,0.0,0.0
1998-07-15 00:00:00-04:00,455.8969421386719,455.8969421386719,416.25372314453125,416.25372314453125,605,0.0,0.0
1998-07-16 00:00:00-04:00,455.8969421386719,465.8077392578125,426.1645202636719,455.8969421386719,573,0.0,0.0
1998-07-17 00:00:00-04:00,465.8077392578125,475.7185363769531,455.8969421386719,475.7185363769531,139,0.0,0.0
1998-07-20 00:00:00-04:00,455.8969421386719,465.8077392578125,455.8969421386719,460.8523254394531,221,0.0,0.0
1998-07-21 00:00:00-04:00,455.8969421386719,455.8969421386719,436.0753173828125,436.0753173828125,455,0.0,0.0
1998-07-22 00:00:00-04:00,436.0753173828125,455.8969421386719,436.0753173828125,436.0753173828125,122,0.0,0.0
1998-07-23 00:00:00-04:00,436.0753173828125,475.7185363769531,436.0753173828125,455.8969421386719,856,0.0,0.0
1998-07-24 00:00:00-04:00,470.76312255859375,475.7185363769531,455.8969421386719,455.8969421386719,1810,0.0,0.0
1998-07-27 00:00:00-04:00,455.8969421386719,475.7185363769531,455.8969421386719,470.76312255859375,1215,0.0,0.0
1998-07-28 00:00:00-04:00,475.7185363769531,475.7185363769531,455.8969421386719,455.8969421386719,1781,0.0,0.0
1998-07-29 00:00:00-04:00,475.7185363769531,475.7185363769531,455.8969421386719,455.8969421386719,204,0.0,0.0
1998-07-30 00:00:00-04:00,455.8969421386719,475.7185363769531,455.8969421386719,458.3746337890625,2003,0.0,0.0
1998-07-31 00:00:00-04:00,475.7185363769531,475.7185363769531,455.8969421386719,475.7185363769531,177,0.0,0.0
1998-08-03 00:00:00-04:00,475.7185363769531,475.7185363769531,436.0753173828125,465.8077392578125,757,0.0,0.0
1998-08-04 00:00:00-04:00,436.0753173828125,475.7185363769531,416.25372314453125,416.25372314453125,303,0.0,0.0
1998-08-05 00:00:00-04:00,475.7185363769531,475.7185363769531,416.25372314453125,416.25372314453125,517,0.0,0.0
1998-08-06 00:00:00-04:00,416.25372314453125,436.0753173828125,416.25372314453125,416.25372314453125,214,0.0,0.0
1998-08-07 00:00:00-04:00,416.25372314453125,475.7185363769531,416.25372314453125,426.1645202636719,306,0.0,0.0
1998-08-10 00:00:00-04:00,416.25372314453125,426.1645202636719,416.25372314453125,416.25372314453125,122,0.0,0.0
1998-08-11 00:00:00-04:00,416.25372314453125,441.0307312011719,416.25372314453125,441.0307312011719,623,0.0,0.0
1998-08-12 00:00:00-04:00,416.25372314453125,416.25372314453125,416.25372314453125,416.25372314453125,227,0.0,0.0
1998-08-13 00:00:00-04:00,421.2091064453125,441.0307312011719,416.25372314453125,416.25372314453125,513,0.0,0.0
1998-08-14 00:00:00-04:00,441.0307312011719,441.0307312011719,416.25372314453125,416.25372314453125,310,0.0,0.0
1998-08-17 00:00:00-04:00,436.0753173828125,436.0753173828125,406.3429260253906,406.3429260253906,190,0.0,0.0
1998-08-18 00:00:00-04:00,436.0753173828125,436.0753173828125,396.4320983886719,421.2091064453125,3001,0.0,0.0
1998-08-19 00:00:00-04:00,436.0753173828125,436.0753173828125,406.3429260253906,406.3429260253906,569,0.0,0.0
1998-08-20 00:00:00-04:00,426.1645202636719,455.8969421386719,406.3429260253906,455.8969421386719,1445,0.0,0.0
1998-08-21 00:00:00-04:00,436.0753173828125,445.9861145019531,431.11993408203125,431.11993408203125,114,0.0,0.0
1998-08-24 00:00:00-04:00,436.0753173828125,455.8969421386719,431.11993408203125,445.9861145019531,824,0.0,0.0
1998-08-25 00:00:00-04:00,455.8969421386719,455.8969421386719,431.11993408203125,436.0753173828125,1483,0.0,0.0
1998-08-26 00:00:00-04:00,455.8969421386719,455.8969421386719,431.11993408203125,455.8969421386719,2521,0.0,0.0
1998-08-27 00:00:00-04:00,436.0753173828125,455.8969421386719,406.3429260253906,416.25372314453125,1160,0.0,0.0
1998-08-28 00:00:00-04:00,436.0753173828125,436.0753173828125,401.38751220703125,401.38751220703125,534,0.0,0.0
1998-08-31 00:00:00-04:00,401.38751220703125,401.38751220703125,401.38751220703125,401.38751220703125,164,0.0,0.0
1998-09-01 00:00:00-04:00,401.38751220703125,406.3429260253906,386.52130126953125,406.3429260253906,377,0.0,0.0
1998-09-02 00:00:00-04:00,386.52130126953125,406.3429260253906,386.52130126953125,406.3429260253906,251,0.0,0.0
1998-09-03 00:00:00-04:00,386.52130126953125,386.52130126953125,386.52130126953125,386.52130126953125,238,0.0,0.0
1998-09-04 00:00:00-04:00,386.52130126953125,406.3429260253906,386.52130126953125,386.52130126953125,540,0.0,0.0
1998-09-08 00:00:00-04:00,386.52130126953125,396.4320983886719,386.52130126953125,386.52130126953125,423,0.0,0.0
1998-09-09 00:00:00-04:00,396.4320983886719,436.0753173828125,386.52130126953125,416.25372314453125,285,0.0,0.0
1998-09-10 00:00:00-04:00,416.25372314453125,426.1645202636719,416.25372314453125,421.2091064453125,325,0.0,0.0
1998-09-11 00:00:00-04:00,416.25372314453125,455.8969421386719,416.25372314453125,438.5530090332031,409,0.0,0.0
1998-09-14 00:00:00-04:00,436.0753173828125,465.8077392578125,436.0753173828125,441.0307312011719,477,0.0,0.0
1998-09-15 00:00:00-04:00,465.8077392578125,465.8077392578125,436.0753173828125,436.0753173828125,564,0.0,0.0
1998-09-16 00:00:00-04:00,436.0753173828125,450.9415283203125,416.25372314453125,436.0753173828125,583,0.0,0.0
1998-09-17 00:00:00-04:00,436.0753173828125,455.8969421386719,436.0753173828125,436.0753173828125,892,0.0,0.0
1998-09-18 00:00:00-04:00,436.0753173828125,455.8969421386719,426.1645202636719,426.1645202636719,1521,0.0,0.0
1998-09-21 00:00:00-04:00,426.1645202636719,436.0753173828125,416.25372314453125,416.25372314453125,690,0.0,0.0
1998-09-22 00:00:00-04:00,416.25372314453125,450.9415283203125,416.25372314453125,450.9415283203125,848,0.0,0.0
1998-09-23 00:00:00-04:00,436.0753173828125,450.9415283203125,436.0753173828125,436.0753173828125,1136,0.0,0.0
1998-09-24 00:00:00-04:00,460.8523254394531,460.8523254394531,441.0307312011719,441.0307312011719,1263,0.0,0.0
1998-09-25 00:00:00-04:00,460.8523254394531,460.8523254394531,436.0753173828125,441.0307312011719,2123,0.0,0.0
1998-09-28 00:00:00-04:00,441.0307312011719,441.0307312011719,436.0753173828125,436.0753173828125,13,0.0,0.0
1998-09-29 00:00:00-04:00,436.0753173828125,436.0753173828125,436.0753173828125,436.0753173828125,843,0.0,0.0
1998-09-30 00:00:00-04:00,436.0753173828125,450.9415283203125,436.0753173828125,436.0753173828125,674,0.0,0.0
1998-10-01 00:00:00-04:00,436.0753173828125,436.0753173828125,426.1645202636719,426.1645202636719,492,0.0,0.0
1998-10-02 00:00:00-04:00,436.0753173828125,436.0753173828125,406.3429260253906,406.3429260253906,1091,0.0,0.0
1998-10-05 00:00:00-04:00,426.1645202636719,431.11993408203125,426.1645202636719,426.1645202636719,288,0.0,0.0
1998-10-06 00:00:00-04:00,426.1645202636719,431.11993408203125,426.1645202636719,426.1645202636719,473,0.0,0.0
1998-10-07 00:00:00-04:00,426.1645202636719,431.11993408203125,426.1645202636719,431.11993408203125,293,0.0,0.0
1998-10-08 00:00:00-04:00,426.1645202636719,450.9415283203125,426.1645202636719,450.9415283203125,922,0.0,0.0
1998-10-09 00:00:00-04:00,450.9415283203125,465.8077392578125,436.0753173828125,460.8523254394531,1735,0.0,0.0
1998-10-12 00:00:00-04:00,465.8077392578125,465.8077392578125,460.8523254394531,465.8077392578125,609,0.0,0.0
1998-10-13 00:00:00-04:00,460.8523254394531,465.8077392578125,460.8523254394531,460.8523254394531,1070,0.0,0.0
1998-10-14 00:00:00-04:00,465.8077392578125,465.8077392578125,460.8523254394531,465.8077392578125,578,0.0,0.0
1998-10-15 00:00:00-04:00,465.8077392578125,465.8077392578125,450.9415283203125,465.8077392578125,1204,0.0,0.0
1998-10-16 00:00:00-04:00,465.8077392578125,475.7185363769531,465.8077392578125,465.8077392578125,85,0.0,0.0
1998-10-19 00:00:00-04:00,465.8077392578125,475.7185363769531,465.8077392578125,475.7185363769531,166,0.0,0.0
1998-10-20 00:00:00-04:00,465.8077392578125,475.7185363769531,465.8077392578125,475.7185363769531,221,0.0,0.0
1998-10-21 00:00:00-04:00,475.7185363769531,495.5401306152344,465.8077392578125,480.6739501953125,2123,0.0,0.0
1998-10-22 00:00:00-04:00,495.5401306152344,495.5401306152344,480.6739501953125,495.5401306152344,2172,0.0,0.0
1998-10-23 00:00:00-04:00,495.5401306152344,495.5401306152344,485.62933349609375,490.5847473144531,1748,0.0,0.0
1998-10-26 00:00:00-05:00,490.5847473144531,490.5847473144531,485.62933349609375,490.5847473144531,1799,0.0,0.0
1998-10-27 00:00:00-05:00,485.62933349609375,490.5847473144531,485.62933349609375,488.1070251464844,2987,0.0,0.0
1998-10-28 00:00:00-05:00,485.62933349609375,490.5847473144531,485.62933349609375,485.62933349609375,201,0.0,0.0
1998-10-29 00:00:00-05:00,485.62933349609375,485.62933349609375,485.62933349609375,485.62933349609375,69,0.0,0.0
1998-10-30 00:00:00-05:00,485.62933349609375,485.62933349609375,485.62933349609375,485.62933349609375,85,0.0,0.0
1998-11-02 00:00:00-05:00,485.62933349609375,495.5401306152344,485.62933349609375,485.62933349609375,333,0.0,0.0
1998-11-03 00:00:00-05:00,485.62933349609375,495.5401306152344,485.62933349609375,490.5847473144531,136,0.0,0.0
1998-11-04 00:00:00-05:00,505.450927734375,505.450927734375,485.62933349609375,485.62933349609375,571,0.0,0.0
1998-11-05 00:00:00-05:00,515.3617553710938,515.3617553710938,485.62933349609375,495.5401306152344,501,0.0,0.0
1998-11-06 00:00:00-05:00,515.3617553710938,515.3617553710938,485.62933349609375,488.1070251464844,720,0.0,0.0
1998-11-09 00:00:00-05:00,485.62933349609375,515.3617553710938,485.62933349609375,515.3617553710938,313,0.0,0.0
1998-11-10 00:00:00-05:00,515.3617553710938,515.3617553710938,485.62933349609375,485.62933349609375,473,0.0,0.0
1998-11-11 00:00:00-05:00,505.450927734375,505.450927734375,485.62933349609375,485.62933349609375,359,0.0,0.0
1998-11-12 00:00:00-05:00,485.62933349609375,495.5401306152344,485.62933349609375,485.62933349609375,231,0.0,0.0
1998-11-13 00:00:00-05:00,495.5401306152344,495.5401306152344,485.62933349609375,485.62933349609375,269,0.0,0.0
1998-11-16 00:00:00-05:00,485.62933349609375,495.5401306152344,485.62933349609375,495.5401306152344,619,0.0,0.0
1998-11-17 00:00:00-05:00,485.62933349609375,490.5847473144531,485.62933349609375,485.62933349609375,396,0.0,0.0
1998-11-18 00:00:00-05:00,490.5847473144531,490.5847473144531,485.62933349609375,485.62933349609375,864,0.0,0.0
1998-11-19 00:00:00-05:00,485.62933349609375,490.5847473144531,485.62933349609375,490.5847473144531,919,0.0,0.0
1998-11-20 00:00:00-05:00,490.5847473144531,490.5847473144531,485.62933349609375,490.5847473144531,916,0.0,0.0
1998-11-23 00:00:00-05:00,490.5847473144531,490.5847473144531,485.62933349609375,490.5847473144531,2061,0.0,0.0
1998-11-24 00:00:00-05:00,485.62933349609375,490.5847473144531,485.62933349609375,490.5847473144531,3291,0.0,0.0
1998-11-25 00:00:00-05:00,485.62933349609375,488.1070251464844,485.62933349609375,485.62933349609375,166,0.0,0.0
1998-11-27 00:00:00-05:00,485.62933349609375,490.5847473144531,485.62933349609375,490.5847473144531,114,0.0,0.0
1998-11-30 00:00:00-05:00,490.5847473144531,490.5847473144531,485.62933349609375,485.62933349609375,361,0.0,0.0
1998-12-01 00:00:00-05:00,485.62933349609375,485.62933349609375,475.7185363769531,475.7185363769531,850,0.0,0.0
1998-12-02 00:00:00-05:00,475.7185363769531,480.6739501953125,475.7185363769531,475.7185363769531,323,0.0,0.0
1998-12-03 00:00:00-05:00,475.7185363769531,480.6739501953125,475.7185363769531,478.19622802734375,140,0.0,0.0
1998-12-04 00:00:00-05:00,475.7185363769531,495.5401306152344,475.7185363769531,485.62933349609375,541,0.0,0.0
1998-12-07 00:00:00-05:00,475.7185363769531,485.62933349609375,475.7185363769531,485.62933349609375,38,0.0,0.0
1998-12-08 00:00:00-05:00,475.7185363769531,485.62933349609375,475.7185363769531,485.62933349609375,376,0.0,0.0
1998-12-09 00:00:00-05:00,475.7185363769531,485.62933349609375,475.7185363769531,475.7185363769531,738,0.0,0.0
1998-12-10 00:00:00-05:00,475.7185363769531,485.62933349609375,475.7185363769531,475.7185363769531,1379,0.0,0.0
1998-12-11 00:00:00-05:00,475.7185363769531,485.62933349609375,475.7185363769531,475.7185363769531,415,0.0,0.0
1998-12-14 00:00:00-05:00,475.7185363769531,475.7185363769531,465.8077392578125,468.2854309082031,883,0.0,0.0
1998-12-15 00:00:00-05:00,465.8077392578125,470.76312255859375,465.8077392578125,465.8077392578125,1129,0.0,0.0
1998-12-16 00:00:00-05:00,465.8077392578125,470.76312255859375,465.8077392578125,465.8077392578125,449,0.0,0.0
1998-12-17 00:00:00-05:00,465.8077392578125,475.7185363769531,465.8077392578125,465.8077392578125,696,0.0,0.0
1998-12-18 00:00:00-05:00,495.5401306152344,495.5401306152344,465.8077392578125,480.6739501953125,1501,0.0,0.0
1998-12-21 00:00:00-05:00,475.7185363769531,495.5401306152344,475.7185363769531,485.62933349609375,2015,0.0,0.0
1998-12-22 00:00:00-05:00,495.5401306152344,495.5401306152344,475.7185363769531,475.7185363769531,4996,0.0,0.0
1998-12-23 00:00:00-05:00,475.7185363769531,490.5847473144531,475.7185363769531,475.7185363769531,394,0.0,0.0
1998-12-24 00:00:00-05:00,475.7185363769531,485.62933349609375,475.7185363769531,485.62933349609375,141,0.0,0.0
1998-12-28 00:00:00-05:00,475.7185363769531,495.5401306152344,465.8077392578125,465.8077392578125,228,0.0,0.0
1998-12-29 00:00:00-05:00,465.8077392578125,465.8077392578125,465.8077392578125,465.8077392578125,69,0.0,0.0
1998-12-30 00:00:00-05:00,465.8077392578125,465.8077392578125,465.8077392578125,465.8077392578125,77,0.0,0.0
1998-12-31 00:00:00-05:00,465.8077392578125,475.7185363769531,465.8077392578125,465.8077392578125,107,0.0,0.0
1999-01-04 00:00:00-05:00,495.5401306152344,495.5401306152344,465.8077392578125,465.8077392578125,111,0.0,0.0
1999-01-05 00:00:00-05:00,465.8077392578125,465.8077392578125,455.8969421386719,455.8969421386719,520,0.0,0.0
1999-01-06 00:00:00-05:00,460.8523254394531,465.8077392578125,455.8969421386719,455.8969421386719,405,0.0,0.0
1999-01-07 00:00:00-05:00,455.8969421386719,475.7185363769531,455.8969421386719,455.8969421386719,680,0.0,0.0
1999-01-08 00:00:00-05:00,475.7185363769531,475.7185363769531,436.0753173828125,436.0753173828125,445,0.0,0.0
1999-01-11 00:00:00-05:00,475.7185363769531,475.7185363769531,436.0753173828125,441.0307312011719,160,0.0,0.0
1999-01-12 00:00:00-05:00,441.0307312011719,455.8969421386719,406.3429260253906,406.3429260253906,619,0.0,0.0
1999-01-13 00:00:00-05:00,406.3429260253906,436.0753173828125,406.3429260253906,406.3429260253906,657,0.0,0.0
1999-01-14 00:00:00-05:00,416.25372314453125,436.0753173828125,406.3429260253906,416.25372314453125,333,0.0,0.0
1999-01-15 00:00:00-05:00,406.3429260253906,416.25372314453125,406.3429260253906,416.25372314453125,472,0.0,0.0
1999-01-19 00:00:00-05:00,406.3429260253906,465.8077392578125,406.3429260253906,431.11993408203125,583,0.0,0.0
1999-01-20 00:00:00-05:00,431.11993408203125,465.8077392578125,406.3429260253906,445.9861145019531,975,0.0,0.0
1999-01-21 00:00:00-05:00,465.8077392578125,465.8077392578125,416.25372314453125,431.11993408203125,948,0.0,0.0
1999-01-22 00:00:00-05:00,426.1645202636719,426.1645202636719,416.25372314453125,416.25372314453125,125,0.0,0.0
1999-01-25 00:00:00-05:00,421.2091064453125,421.2091064453125,406.3429260253906,406.3429260253906,431,0.0,0.0
1999-01-26 00:00:00-05:00,436.0753173828125,465.8077392578125,406.3429260253906,416.25372314453125,2355,0.0,0.0
1999-01-27 00:00:00-05:00,436.0753173828125,445.9861145019531,416.25372314453125,436.0753173828125,542,0.0,0.0
1999-01-28 00:00:00-05:00,436.0753173828125,445.9861145019531,426.1645202636719,426.1645202636719,666,0.0,0.0
1999-01-29 00:00:00-05:00,431.11993408203125,431.11993408203125,416.25372314453125,421.2091064453125,266,0.0,0.0
1999-02-01 00:00:00-05:00,416.25372314453125,455.8969421386719,416.25372314453125,445.9861145019531,208,0.0,0.0
1999-02-02 00:00:00-05:00,416.25372314453125,436.0753173828125,406.3429260253906,406.3429260253906,286,0.0,0.0
1999-02-03 00:00:00-05:00,396.4320983886719,421.2091064453125,396.4320983886719,421.2091064453125,266,0.0,0.0
1999-02-04 00:00:00-05:00,406.3429260253906,411.2983093261719,396.4320983886719,411.2983093261719,96,0.0,0.0
1999-02-05 00:00:00-05:00,436.0753173828125,436.0753173828125,396.4320983886719,408.82061767578125,222,0.0,0.0
1999-02-08 00:00:00-05:00,436.0753173828125,436.0753173828125,401.38751220703125,401.38751220703125,511,0.0,0.0
1999-02-09 00:00:00-05:00,401.38751220703125,416.25372314453125,396.4320983886719,398.9098205566406,227,0.0,0.0
1999-02-10 00:00:00-05:00,416.25372314453125,416.25372314453125,396.4320983886719,411.2983093261719,325,0.0,0.0
1999-02-11 00:00:00-05:00,411.2983093261719,411.2983093261719,396.4320983886719,411.2983093261719,903,0.0,0.0
1999-02-12 00:00:00-05:00,396.4320983886719,401.38751220703125,376.6105041503906,376.6105041503906,434,0.0,0.0
1999-02-16 00:00:00-05:00,386.52130126953125,416.25372314453125,356.7889099121094,356.7889099121094,786,0.0,0.0
1999-02-17 00:00:00-05:00,374.1328125,374.1328125,356.7889099121094,356.7889099121094,469,0.0,0.0
1999-02-18 00:00:00-05:00,356.7889099121094,416.25372314453125,356.7889099121094,386.52130126953125,6218,0.0,0.0
1999-02-19 00:00:00-05:00,411.2983093261719,416.25372314453125,386.52130126953125,386.52130126953125,2308,0.0,0.0
1999-02-22 00:00:00-05:00,411.2983093261719,411.2983093261719,386.52130126953125,406.3429260253906,747,0.0,0.0
1999-02-23 00:00:00-05:00,411.2983093261719,411.2983093261719,386.52130126953125,401.38751220703125,1672,0.0,0.0
1999-02-24 00:00:00-05:00,396.4320983886719,401.38751220703125,376.6105041503906,376.6105041503906,711,0.0,0.0
1999-02-25 00:00:00-05:00,381.56591796875,391.4767150878906,376.6105041503906,376.6105041503906,755,0.0,0.0
1999-02-26 00:00:00-05:00,376.6105041503906,396.4320983886719,376.6105041503906,376.6105041503906,394,0.0,0.0
1999-03-01 00:00:00-05:00,376.6105041503906,376.6105041503906,376.6105041503906,376.6105041503906,250,0.0,0.0
1999-03-02 00:00:00-05:00,376.6105041503906,381.56591796875,376.6105041503906,376.6105041503906,213,0.0,0.0
1999-03-03 00:00:00-05:00,391.4767150878906,391.4767150878906,371.65509033203125,371.65509033203125,214,0.0,0.0
1999-03-04 00:00:00-05:00,386.52130126953125,396.4320983886719,366.69970703125,369.1773986816406,387,0.0,0.0
1999-03-05 00:00:00-05:00,366.69970703125,366.69970703125,361.7442932128906,361.7442932128906,1607,0.0,0.0
1999-03-08 00:00:00-05:00,361.7442932128906,361.7442932128906,351.83349609375,356.7889099121094,452,0.0,0.0
1999-03-09 00:00:00-05:00,366.69970703125,366.69970703125,351.83349609375,366.69970703125,1057,0.0,0.0
1999-03-10 00:00:00-05:00,371.65509033203125,381.56591796875,356.7889099121094,371.65509033203125,1635,0.0,0.0
1999-03-11 00:00:00-05:00,381.56591796875,381.56591796875,336.96728515625,341.9226989746094,899,0.0,0.0
1999-03-12 00:00:00-05:00,366.69970703125,366.69970703125,336.96728515625,356.7889099121094,166,0.0,0.0
1999-03-15 00:00:00-05:00,376.6105041503906,376.6105041503906,336.96728515625,376.6105041503906,526,0.0,0.0
1999-03-16 00:00:00-05:00,376.6105041503906,381.56591796875,336.96728515625,346.8780822753906,1020,0.0,0.0
1999-03-17 00:00:00-05:00,381.56591796875,381.56591796875,346.8780822753906,351.83349609375,291,0.0,0.0
1999-03-18 00:00:00-05:00,346.8780822753906,366.69970703125,346.8780822753906,366.69970703125,889,0.0,0.0
1999-03-19 00:00:00-05:00,366.69970703125,366.69970703125,346.8780822753906,356.7889099121094,376,0.0,0.0
1999-03-22 00:00:00-05:00,356.7889099121094,356.7889099121094,346.8780822753906,356.7889099121094,219,0.0,0.0
1999-03-23 00:00:00-05:00,346.8780822753906,356.7889099121094,336.96728515625,336.96728515625,230,0.0,0.0
1999-03-24 00:00:00-05:00,346.8780822753906,346.8780822753906,336.96728515625,336.96728515625,323,0.0,0.0
1999-03-25 00:00:00-05:00,336.96728515625,346.8780822753906,336.96728515625,336.96728515625,578,0.0,0.0
1999-03-26 00:00:00-05:00,366.69970703125,366.69970703125,336.96728515625,341.9226989746094,407,0.0,0.0
1999-03-29 00:00:00-05:00,356.7889099121094,366.69970703125,356.7889099121094,366.69970703125,419,0.0,0.0
1999-03-30 00:00:00-05:00,346.8780822753906,351.83349609375,327.0564880371094,341.9226989746094,235,0.0,0.0
1999-03-31 00:00:00-05:00,351.83349609375,421.2091064453125,339.44500732421875,354.3111877441406,10075,0.0,0.0
1999-04-01 00:00:00-05:00,336.96728515625,336.96728515625,282.4578857421875,287.41326904296875,1143,0.0,0.0
1999-04-05 00:00:00-04:00,287.41326904296875,312.1902770996094,237.85926818847656,237.85926818847656,1236,0.0,0.0
1999-04-06 00:00:00-04:00,267.5916748046875,267.5916748046875,237.85926818847656,247.7700653076172,892,0.0,0.0
1999-04-07 00:00:00-04:00,252.7254638671875,252.7254638671875,198.21604919433594,218.03765869140625,1356,0.0,0.0
1999-04-08 00:00:00-04:00,198.21604919433594,247.7700653076172,198.21604919433594,218.03765869140625,347,0.0,0.0
1999-04-09 00:00:00-04:00,222.99305725097656,247.7700653076172,203.1714630126953,237.85926818847656,523,0.0,0.0
1999-04-12 00:00:00-04:00,227.94847106933594,247.7700653076172,208.12686157226562,232.90386962890625,184,0.0,0.0
1999-04-13 00:00:00-04:00,247.7700653076172,247.7700653076172,218.03765869140625,227.94847106933594,172,0.0,0.0
1999-04-14 00:00:00-04:00,242.81466674804688,242.81466674804688,203.1714630126953,203.1714630126953,503,0.0,0.0
1999-04-15 00:00:00-04:00,218.03765869140625,218.03765869140625,203.1714630126953,203.1714630126953,445,0.0,0.0
1999-04-16 00:00:00-04:00,203.1714630126953,213.08226013183594,198.21604919433594,203.1714630126953,182,0.0,0.0
1999-04-19 00:00:00-04:00,198.21604919433594,213.08226013183594,198.21604919433594,198.21604919433594,343,0.0,0.0
1999-04-20 00:00:00-04:00,198.21604919433594,208.12686157226562,178.3944549560547,183.349853515625,1111,0.0,0.0
1999-04-21 00:00:00-04:00,180.8721466064453,205.64915466308594,180.8721466064453,188.3052520751953,863,0.0,0.0
1999-04-22 00:00:00-04:00,193.26065063476562,198.21604919433594,158.57284545898438,183.349853515625,660,0.0,0.0
1999-04-23 00:00:00-04:00,168.483642578125,183.349853515625,158.57284545898438,161.05055236816406,541,0.0,0.0
1999-04-26 00:00:00-04:00,158.57284545898438,173.43905639648438,158.57284545898438,158.57284545898438,612,0.0,0.0
1999-04-27 00:00:00-04:00,158.57284545898438,178.3944549560547,158.57284545898438,158.57284545898438,221,0.0,0.0
1999-04-28 00:00:00-04:00,158.57284545898438,168.483642578125,158.57284545898438,158.57284545898438,700,0.0,0.0
1999-04-29 00:00:00-04:00,158.57284545898438,168.483642578125,158.57284545898438,163.5282440185547,820,0.0,0.0
1999-04-30 00:00:00-04:00,158.57284545898438,158.57284545898438,158.57284545898438,158.57284545898438,85,0.0,0.0
1999-05-03 00:00:00-04:00,158.57284545898438,158.57284545898438,158.57284545898438,158.57284545898438,47,0.0,0.0
1999-05-04 00:00:00-04:00,158.57284545898438,168.483642578125,153.61744689941406,158.57284545898438,341,0.0,0.0
1999-05-05 00:00:00-04:00,158.57284545898438,168.483642578125,158.57284545898438,158.57284545898438,212,0.0,0.0
1999-05-06 00:00:00-04:00,168.483642578125,168.483642578125,138.75123596191406,156.0951385498047,772,0.0,0.0
1999-05-07 00:00:00-04:00,151.13973999023438,158.57284545898438,148.66204833984375,156.0951385498047,256,0.0,0.0
1999-05-10 00:00:00-04:00,148.66204833984375,158.57284545898438,148.66204833984375,153.61744689941406,428,0.0,0.0
1999-05-11 00:00:00-04:00,153.61744689941406,156.0951385498047,128.84043884277344,128.84043884277344,665,0.0,0.0
1999-05-12 00:00:00-04:00,141.22894287109375,146.18434143066406,138.75123596191406,146.18434143066406,161,0.0,0.0
1999-05-13 00:00:00-04:00,146.18434143066406,151.13973999023438,133.79583740234375,151.13973999023438,425,0.0,0.0
1999-05-14 00:00:00-04:00,156.0951385498047,161.05055236816406,143.70663452148438,158.57284545898438,1064,0.0,0.0
1999-05-17 00:00:00-04:00,166.00595092773438,188.3052520751953,166.00595092773438,183.349853515625,1146,0.0,0.0
1999-05-18 00:00:00-04:00,188.3052520751953,218.03765869140625,175.916748046875,213.08226013183594,2700,0.0,0.0
1999-05-19 00:00:00-04:00,215.55996704101562,242.81466674804688,198.21604919433594,210.60455322265625,1486,0.0,0.0
1999-05-20 00:00:00-04:00,198.21604919433594,257.6808776855469,198.21604919433594,215.55996704101562,763,0.0,0.0
1999-05-21 00:00:00-04:00,225.47076416015625,225.47076416015625,198.21604919433594,200.69375610351562,88,0.0,0.0
1999-05-24 00:00:00-04:00,215.55996704101562,232.90386962890625,198.21604919433594,208.12686157226562,483,0.0,0.0
1999-05-25 00:00:00-04:00,218.03765869140625,218.03765869140625,178.3944549560547,183.349853515625,643,0.0,0.0
1999-05-26 00:00:00-04:00,196.97720336914062,203.1714630126953,193.26065063476562,193.26065063476562,184,0.0,0.0
1999-05-27 00:00:00-04:00,188.3052520751953,203.1714630126953,188.3052520751953,203.1714630126953,34,0.0,0.0
1999-05-28 00:00:00-04:00,185.82754516601562,203.1714630126953,178.3944549560547,203.1714630126953,213,0.0,0.0
1999-06-01 00:00:00-04:00,188.3052520751953,188.3052520751953,178.3944549560547,180.8721466064453,332,0.0,0.0
1999-06-02 00:00:00-04:00,178.3944549560547,180.8721466064453,175.916748046875,175.916748046875,148,0.0,0.0
1999-06-03 00:00:00-04:00,185.82754516601562,195.7383575439453,168.483642578125,168.483642578125,499,0.0,0.0
1999-06-04 00:00:00-04:00,180.8721466064453,190.782958984375,168.483642578125,168.483642578125,174,0.0,0.0
1999-06-07 00:00:00-04:00,173.43905639648438,200.69375610351562,168.483642578125,168.483642578125,325,0.0,0.0
1999-06-08 00:00:00-04:00,168.483642578125,193.26065063476562,168.483642578125,188.3052520751953,144,0.0,0.0
1999-06-09 00:00:00-04:00,173.43905639648438,193.26065063476562,168.483642578125,168.483642578125,314,0.0,0.0
1999-06-10 00:00:00-04:00,168.483642578125,188.3052520751953,168.483642578125,168.483642578125,172,0.0,0.0
1999-06-11 00:00:00-04:00,168.483642578125,180.8721466064453,168.483642578125,180.8721466064453,19,0.0,0.0
1999-06-14 00:00:00-04:00,178.3944549560547,183.349853515625,168.483642578125,168.483642578125,585,0.0,0.0
1999-06-15 00:00:00-04:00,188.3052520751953,188.3052520751953,168.483642578125,178.3944549560547,211,0.0,0.0
1999-06-16 00:00:00-04:00,188.3052520751953,188.3052520751953,168.483642578125,168.483642578125,218,0.0,0.0
1999-06-17 00:00:00-04:00,168.483642578125,198.21604919433594,168.483642578125,193.26065063476562,810,0.0,0.0
1999-06-18 00:00:00-04:00,205.64915466308594,227.94847106933594,198.21604919433594,222.99305725097656,1812,0.0,0.0
1999-06-21 00:00:00-04:00,227.94847106933594,237.85926818847656,218.03765869140625,232.90386962890625,626,0.0,0.0
1999-06-22 00:00:00-04:00,218.03765869140625,237.85926818847656,218.03765869140625,227.94847106933594,784,0.0,0.0
1999-06-23 00:00:00-04:00,237.85926818847656,237.85926818847656,218.03765869140625,222.99305725097656,547,0.0,0.0
1999-06-24 00:00:00-04:00,226.70960998535156,237.85926818847656,188.3052520751953,213.08226013183594,1294,0.0,0.0
1999-06-25 00:00:00-04:00,222.99305725097656,222.99305725097656,190.782958984375,198.21604919433594,409,0.0,0.0
1999-06-28 00:00:00-04:00,201.93260192871094,213.08226013183594,198.21604919433594,213.08226013183594,76,0.0,0.0
1999-06-29 00:00:00-04:00,198.21604919433594,198.21604919433594,193.26065063476562,198.21604919433594,377,0.0,0.0
1999-06-30 00:00:00-04:00,190.782958984375,193.26065063476562,188.3052520751953,193.26065063476562,175,0.0,0.0
1999-07-01 00:00:00-04:00,193.26065063476562,193.26065063476562,183.349853515625,183.349853515625,261,0.0,0.0
1999-07-02 00:00:00-04:00,183.349853515625,198.21604919433594,183.349853515625,193.26065063476562,214,0.0,0.0
1999-07-06 00:00:00-04:00,185.82754516601562,185.82754516601562,183.349853515625,183.349853515625,173,0.0,0.0
1999-07-07 00:00:00-04:00,188.3052520751953,208.12686157226562,173.43905639648438,183.349853515625,339,0.0,0.0
1999-07-08 00:00:00-04:00,188.3052520751953,193.26065063476562,178.3944549560547,188.3052520751953,270,0.0,0.0
1999-07-09 00:00:00-04:00,178.3944549560547,208.12686157226562,173.43905639648438,188.3052520751953,127,0.0,0.0
1999-07-12 00:00:00-04:00,193.26065063476562,208.12686157226562,188.3052520751953,198.21604919433594,571,0.0,0.0
1999-07-13 00:00:00-04:00,208.12686157226562,208.12686157226562,188.3052520751953,188.3052520751953,116,0.0,0.0
1999-07-14 00:00:00-04:00,208.12686157226562,208.12686157226562,193.26065063476562,198.21604919433594,289,0.0,0.0
1999-07-15 00:00:00-04:00,190.782958984375,198.21604919433594,183.349853515625,193.26065063476562,72,0.0,0.0
1999-07-16 00:00:00-04:00,198.21604919433594,198.21604919433594,188.3052520751953,198.21604919433594,179,0.0,0.0
1999-07-19 00:00:00-04:00,193.26065063476562,198.21604919433594,188.3052520751953,198.21604919433594,101,0.0,0.0
1999-07-20 00:00:00-04:00,190.782958984375,198.21604919433594,190.782958984375,190.782958984375,68,0.0,0.0
1999-07-21 00:00:00-04:00,193.26065063476562,193.26065063476562,180.8721466064453,183.349853515625,279,0.0,0.0
1999-07-22 00:00:00-04:00,183.349853515625,183.349853515625,178.3944549560547,178.3944549560547,198,0.0,0.0
1999-07-23 00:00:00-04:00,180.8721466064453,193.26065063476562,178.3944549560547,178.3944549560547,674,0.0,0.0
1999-07-26 00:00:00-04:00,178.3944549560547,193.26065063476562,168.483642578125,170.9613494873047,388,0.0,0.0
1999-07-27 00:00:00-04:00,168.483642578125,178.3944549560547,168.483642578125,178.3944549560547,571,0.0,0.0
1999-07-28 00:00:00-04:00,168.483642578125,178.3944549560547,163.5282440185547,168.483642578125,526,0.0,0.0
1999-07-29 00:00:00-04:00,178.3944549560547,193.26065063476562,163.5282440185547,168.483642578125,465,0.0,0.0
1999-07-30 00:00:00-04:00,163.5282440185547,188.3052520751953,163.5282440185547,170.9613494873047,328,0.0,0.0
1999-08-02 00:00:00-04:00,180.8721466064453,180.8721466064453,163.5282440185547,163.5282440185547,81,0.0,0.0
1999-08-03 00:00:00-04:00,175.916748046875,175.916748046875,158.57284545898438,158.57284545898438,386,0.0,0.0
1999-08-04 00:00:00-04:00,158.57284545898438,161.05055236816406,158.57284545898438,158.57284545898438,502,0.0,0.0
1999-08-05 00:00:00-04:00,158.57284545898438,175.916748046875,138.75123596191406,158.57284545898438,588,0.0,0.0
1999-08-06 00:00:00-04:00,141.22894287109375,175.916748046875,141.22894287109375,170.9613494873047,81,0.0,0.0
1999-08-09 00:00:00-04:00,138.75123596191406,175.916748046875,138.75123596191406,163.5282440185547,120,0.0,0.0
1999-08-10 00:00:00-04:00,173.43905639648438,173.43905639648438,138.75123596191406,141.22894287109375,347,0.0,0.0
1999-08-11 00:00:00-04:00,143.70663452148438,158.57284545898438,138.75123596191406,148.66204833984375,754,0.0,0.0
1999-08-12 00:00:00-04:00,143.70663452148438,143.70663452148438,143.70663452148438,143.70663452148438,160,0.0,0.0
1999-08-13 00:00:00-04:00,153.61744689941406,158.57284545898438,148.66204833984375,153.61744689941406,146,0.0,0.0
1999-08-16 00:00:00-04:00,148.66204833984375,178.3944549560547,148.66204833984375,158.57284545898438,362,0.0,0.0
1999-08-17 00:00:00-04:00,153.61744689941406,188.3052520751953,153.61744689941406,163.5282440185547,228,0.0,0.0
1999-08-18 00:00:00-04:00,168.483642578125,198.21604919433594,168.483642578125,185.82754516601562,366,0.0,0.0
1999-08-19 00:00:00-04:00,178.3944549560547,195.7383575439453,168.483642578125,178.3944549560547,281,0.0,0.0
1999-08-20 00:00:00-04:00,195.7383575439453,208.12686157226562,195.7383575439453,198.21604919433594,1006,0.0,0.0
1999-08-23 00:00:00-04:00,208.12686157226562,225.47076416015625,196.97720336914062,225.47076416015625,803,0.0,0.0
1999-08-24 00:00:00-04:00,226.70960998535156,232.90386962890625,198.21604919433594,230.42616271972656,993,0.0,0.0
1999-08-25 00:00:00-04:00,235.38156127929688,235.38156127929688,198.21604919433594,208.12686157226562,168,0.0,0.0
1999-08-26 00:00:00-04:00,208.12686157226562,213.08226013183594,198.21604919433594,213.08226013183594,211,0.0,0.0
1999-08-27 00:00:00-04:00,222.99305725097656,222.99305725097656,183.349853515625,213.08226013183594,236,0.0,0.0
1999-08-30 00:00:00-04:00,188.3052520751953,213.08226013183594,178.3944549560547,188.3052520751953,207,0.0,0.0
1999-08-31 00:00:00-04:00,200.69375610351562,208.12686157226562,180.8721466064453,180.8721466064453,208,0.0,0.0
1999-09-01 00:00:00-04:00,208.12686157226562,208.12686157226562,178.3944549560547,178.3944549560547,468,0.0,0.0
1999-09-02 00:00:00-04:00,178.3944549560547,198.21604919433594,138.75123596191406,183.349853515625,661,0.0,0.0
1999-09-03 00:00:00-04:00,183.349853515625,183.349853515625,153.61744689941406,158.57284545898438,243,0.0,0.0
1999-09-07 00:00:00-04:00,161.05055236816406,183.349853515625,161.05055236816406,163.5282440185547,71,0.0,0.0
1999-09-08 00:00:00-04:00,158.57284545898438,183.349853515625,158.57284545898438,163.5282440185547,465,0.0,0.0
1999-09-09 00:00:00-04:00,163.5282440185547,183.349853515625,158.57284545898438,161.05055236816406,742,0.0,0.0
1999-09-10 00:00:00-04:00,158.57284545898438,168.483642578125,158.57284545898438,158.57284545898438,168,0.0,0.0
1999-09-13 00:00:00-04:00,163.5282440185547,163.5282440185547,143.70663452148438,148.66204833984375,329,0.0,0.0
1999-09-14 00:00:00-04:00,151.13973999023438,173.43905639648438,151.13973999023438,163.5282440185547,603,0.0,0.0
1999-09-15 00:00:00-04:00,156.0951385498047,168.483642578125,148.66204833984375,163.5282440185547,486,0.0,0.0
1999-09-16 00:00:00-04:00,168.483642578125,173.43905639648438,153.61744689941406,173.43905639648438,293,0.0,0.0
1999-09-17 00:00:00-04:00,158.57284545898438,158.57284545898438,158.57284545898438,158.57284545898438,5,0.0,0.0
1999-09-20 00:00:00-04:00,158.57284545898438,168.483642578125,158.57284545898438,158.57284545898438,53,0.0,0.0
1999-09-21 00:00:00-04:00,158.57284545898438,163.5282440185547,143.70663452148438,146.18434143066406,344,0.0,0.0
1999-09-22 00:00:00-04:00,146.18434143066406,178.3944549560547,138.75123596191406,168.483642578125,811,0.0,0.0
1999-09-23 00:00:00-04:00,146.18434143066406,173.43905639648438,146.18434143066406,166.00595092773438,463,0.0,0.0
1999-09-24 00:00:00-04:00,166.00595092773438,168.483642578125,151.13973999023438,158.57284545898438,626,0.0,0.0
1999-09-27 00:00:00-04:00,151.13973999023438,183.349853515625,148.66204833984375,163.5282440185547,1626,0.0,0.0
1999-09-28 00:00:00-04:00,178.3944549560547,188.3052520751953,166.00595092773438,188.3052520751953,1022,0.0,0.0
1999-09-29 00:00:00-04:00,178.3944549560547,235.38156127929688,175.916748046875,200.69375610351562,2187,0.0,0.0
1999-09-30 00:00:00-04:00,215.55996704101562,218.03765869140625,200.69375610351562,203.1714630126953,1423,0.0,0.0
1999-10-01 00:00:00-04:00,215.55996704101562,227.94847106933594,205.64915466308594,222.99305725097656,552,0.0,0.0
1999-10-04 00:00:00-04:00,222.99305725097656,242.81466674804688,220.51536560058594,227.94847106933594,3017,0.0,0.0
1999-10-05 00:00:00-04:00,227.94847106933594,242.81466674804688,218.03765869140625,227.94847106933594,969,0.0,0.0
1999-10-06 00:00:00-04:00,222.99305725097656,247.7700653076172,208.12686157226562,237.85926818847656,970,0.0,0.0
1999-10-07 00:00:00-04:00,237.85926818847656,247.7700653076172,235.38156127929688,242.81466674804688,546,0.0,0.0
1999-10-08 00:00:00-04:00,252.7254638671875,252.7254638671875,218.03765869140625,237.85926818847656,1675,0.0,0.0
1999-10-11 00:00:00-04:00,242.81466674804688,247.7700653076172,220.51536560058594,240.3369598388672,1315,0.0,0.0
1999-10-12 00:00:00-04:00,240.3369598388672,242.81466674804688,222.99305725097656,237.85926818847656,2412,0.0,0.0
1999-10-13 00:00:00-04:00,237.85926818847656,237.85926818847656,218.03765869140625,227.94847106933594,481,0.0,0.0
1999-10-14 00:00:00-04:00,220.51536560058594,222.99305725097656,208.12686157226562,213.08226013183594,279,0.0,0.0
1999-10-15 00:00:00-04:00,203.1714630126953,237.85926818847656,203.1714630126953,237.85926818847656,4049,0.0,0.0
1999-10-18 00:00:00-04:00,237.85926818847656,242.81466674804688,213.08226013183594,237.85926818847656,758,0.0,0.0
1999-10-19 00:00:00-04:00,237.85926818847656,247.7700653076172,222.99305725097656,237.85926818847656,2009,0.0,0.0
1999-10-20 00:00:00-04:00,232.90386962890625,235.38156127929688,208.12686157226562,235.38156127929688,694,0.0,0.0
1999-10-21 00:00:00-04:00,242.81466674804688,247.7700653076172,225.47076416015625,247.7700653076172,1193,0.0,0.0
1999-10-22 00:00:00-04:00,242.81466674804688,255.2031707763672,237.85926818847656,242.81466674804688,730,0.0,0.0
1999-10-25 00:00:00-04:00,244.0535125732422,247.7700653076172,240.3369598388672,247.7700653076172,1138,0.0,0.0
1999-10-26 00:00:00-04:00,232.90386962890625,250.24777221679688,232.90386962890625,247.7700653076172,1347,0.0,0.0
1999-10-27 00:00:00-04:00,247.7700653076172,272.5470886230469,245.29237365722656,270.0693664550781,1046,0.0,0.0
1999-10-28 00:00:00-04:00,272.5470886230469,282.4578857421875,262.6362609863281,282.4578857421875,1221,0.0,0.0
1999-10-29 00:00:00-04:00,286.1744384765625,289.8909912109375,252.7254638671875,265.1139831542969,1220,0.0,0.0
1999-11-01 00:00:00-05:00,277.5024719238281,287.41326904296875,267.5916748046875,282.4578857421875,1878,0.0,0.0
1999-11-02 00:00:00-05:00,282.4578857421875,314.6679992675781,277.5024719238281,314.6679992675781,1295,0.0,0.0
1999-11-03 00:00:00-05:00,317.14569091796875,354.3111877441406,317.14569091796875,332.01190185546875,5687,0.0,0.0
1999-11-04 00:00:00-05:00,336.96728515625,346.8780822753906,319.6233825683594,327.0564880371094,3106,0.0,0.0
1999-11-05 00:00:00-05:00,329.5341796875,336.96728515625,272.5470886230469,322.1011047363281,1564,0.0,0.0
1999-11-08 00:00:00-05:00,319.6233825683594,322.1011047363281,297.3240966796875,317.14569091796875,2564,0.0,0.0
1999-11-09 00:00:00-05:00,320.86224365234375,361.7442932128906,317.14569091796875,351.83349609375,2868,0.0,0.0
1999-11-10 00:00:00-05:00,356.7889099121094,361.7442932128906,341.9226989746094,356.7889099121094,1645,0.0,0.0
1999-11-11 00:00:00-05:00,358.0277404785156,416.25372314453125,356.7889099121094,386.52130126953125,3026,0.0,0.0
1999-11-12 00:00:00-05:00,401.38751220703125,401.38751220703125,359.2666015625,384.0436096191406,901,0.0,0.0
1999-11-15 00:00:00-05:00,400.1486511230469,403.8652038574219,386.52130126953125,401.38751220703125,3818,0.0,0.0
1999-11-16 00:00:00-05:00,407.5817565917969,431.11993408203125,396.4320983886719,426.1645202636719,5122,0.0,0.0
1999-11-17 00:00:00-05:00,406.3429260253906,421.2091064453125,366.69970703125,396.4320983886719,2732,0.0,0.0
1999-11-18 00:00:00-05:00,393.95440673828125,436.0753173828125,393.95440673828125,421.2091064453125,5319,0.0,0.0
1999-11-19 00:00:00-05:00,431.11993408203125,436.0753173828125,418.7314147949219,426.1645202636719,1970,0.0,0.0
1999-11-22 00:00:00-05:00,431.11993408203125,495.5401306152344,426.1645202636719,465.8077392578125,3833,0.0,0.0
1999-11-23 00:00:00-05:00,475.7185363769531,485.62933349609375,411.2983093261719,436.0753173828125,2412,0.0,0.0
1999-11-24 00:00:00-05:00,444.7472839355469,458.3746337890625,436.0753173828125,458.3746337890625,1830,0.0,0.0
1999-11-26 00:00:00-05:00,465.8077392578125,473.2408447265625,460.8523254394531,465.8077392578125,394,0.0,0.0
1999-11-29 00:00:00-05:00,470.76312255859375,495.5401306152344,470.76312255859375,475.7185363769531,2007,0.0,0.0
1999-11-30 00:00:00-05:00,495.5401306152344,495.5401306152344,465.8077392578125,480.6739501953125,2124,0.0,0.0
1999-12-01 00:00:00-05:00,465.8077392578125,485.62933349609375,460.8523254394531,470.76312255859375,1981,0.0,0.0
1999-12-02 00:00:00-05:00,475.7185363769531,480.6739501953125,460.8523254394531,475.7185363769531,2249,0.0,0.0
1999-12-03 00:00:00-05:00,485.62933349609375,488.1070251464844,478.19622802734375,480.6739501953125,2888,0.0,0.0
1999-12-06 00:00:00-05:00,490.5847473144531,515.3617553710938,490.5847473144531,512.884033203125,3519,0.0,0.0
1999-12-07 00:00:00-05:00,515.3617553710938,535.183349609375,505.450927734375,530.2279663085938,6681,0.0,0.0
1999-12-08 00:00:00-05:00,540.1387329101562,562.4380493164062,530.2279663085938,559.9603271484375,2979,0.0,0.0
1999-12-09 00:00:00-05:00,557.482666015625,609.5143432617188,555.0049438476562,584.7373657226562,6040,0.0,0.0
1999-12-10 00:00:00-05:00,604.5589599609375,609.5143432617188,584.7373657226562,589.6927490234375,3094,0.0,0.0
1999-12-13 00:00:00-05:00,614.4697875976562,629.3359985351562,584.7373657226562,629.3359985351562,9168,0.0,0.0
1999-12-14 00:00:00-05:00,639.2467651367188,654.1129760742188,609.5143432617188,629.3359985351562,5712,0.0,0.0
1999-12-15 00:00:00-05:00,639.2467651367188,654.1129760742188,616.9474487304688,644.2022094726562,5263,0.0,0.0
1999-12-16 00:00:00-05:00,654.1129760742188,703.6669921875,644.2022094726562,678.8900146484375,2568,0.0,0.0
1999-12-17 00:00:00-05:00,713.5778198242188,718.533203125,673.9345703125,688.80078125,2901,0.0,0.0
1999-12-20 00:00:00-05:00,708.6223754882812,723.4885864257812,589.6927490234375,611.9920654296875,4281,0.0,0.0
1999-12-21 00:00:00-05:00,614.4697875976562,614.4697875976562,555.0049438476562,589.6927490234375,4433,0.0,0.0
1999-12-22 00:00:00-05:00,569.8711547851562,619.4251708984375,559.9603271484375,607.0366821289062,2327,0.0,0.0
1999-12-23 00:00:00-05:00,619.4251708984375,619.4251708984375,579.781982421875,604.5589599609375,1443,0.0,0.0
1999-12-27 00:00:00-05:00,619.4251708984375,634.2913818359375,574.8265380859375,594.648193359375,814,0.0,0.0
1999-12-28 00:00:00-05:00,599.6035766601562,639.2467651367188,584.7373657226562,639.2467651367188,767,0.0,0.0
1999-12-29 00:00:00-05:00,636.7691040039062,651.63525390625,624.3805541992188,634.2913818359375,1215,0.0,0.0
1999-12-30 00:00:00-05:00,649.1575927734375,651.63525390625,624.3805541992188,624.3805541992188,1395,0.0,0.0
1999-12-31 00:00:00-05:00,654.1129760742188,654.1129760742188,614.4697875976562,649.1575927734375,163,0.0,0.0
2000-01-03 00:00:00-05:00,673.9345703125,723.4885864257812,664.0238037109375,683.8453979492188,3428,0.0,0.0
2000-01-04 00:00:00-05:00,678.8900146484375,678.8900146484375,624.3805541992188,624.3805541992188,821,0.0,0.0
2000-01-05 00:00:00-05:00,614.4697875976562,639.2467651367188,594.648193359375,599.6035766601562,1201,0.0,0.0
2000-01-06 00:00:00-05:00,607.0366821289062,614.4697875976562,594.648193359375,599.6035766601562,1082,0.0,0.0
2000-01-07 00:00:00-05:00,604.5589599609375,614.4697875976562,579.781982421875,599.6035766601562,994,0.0,0.0
2000-01-10 00:00:00-05:00,589.6927490234375,609.5143432617188,579.781982421875,604.5589599609375,913,0.0,0.0
2000-01-11 00:00:00-05:00,607.0366821289062,619.4251708984375,579.781982421875,584.7373657226562,1298,0.0,0.0
2000-01-12 00:00:00-05:00,584.7373657226562,594.648193359375,564.915771484375,574.8265380859375,964,0.0,0.0
2000-01-13 00:00:00-05:00,589.6927490234375,589.6927490234375,535.183349609375,555.0049438476562,1522,0.0,0.0
2000-01-14 00:00:00-05:00,555.0049438476562,574.8265380859375,530.2279663085938,535.183349609375,1159,0.0,0.0
2000-01-18 00:00:00-05:00,525.2725219726562,584.7373657226562,515.3617553710938,584.7373657226562,2833,0.0,0.0
2000-01-19 00:00:00-05:00,573.5877075195312,668.9791870117188,567.3934326171875,631.8136596679688,2761,0.0,0.0
2000-01-20 00:00:00-05:00,636.7691040039062,673.9345703125,626.8582763671875,668.9791870117188,1817,0.0,0.0
2000-01-21 00:00:00-05:00,668.9791870117188,693.7561645507812,654.1129760742188,673.9345703125,1672,0.0,0.0
2000-01-24 00:00:00-05:00,668.9791870117188,713.5778198242188,644.2022094726562,678.8900146484375,4423,0.0,0.0
2000-01-25 00:00:00-05:00,664.0238037109375,718.533203125,664.0238037109375,683.8453979492188,3263,0.0,0.0
2000-01-26 00:00:00-05:00,693.7561645507812,708.6223754882812,673.9345703125,678.8900146484375,2678,0.0,0.0
2000-01-27 00:00:00-05:00,683.8453979492188,683.8453979492188,634.2913818359375,654.1129760742188,806,0.0,0.0
2000-01-28 00:00:00-05:00,649.1575927734375,661.5460815429688,564.915771484375,594.648193359375,868,0.0,0.0
2000-01-31 00:00:00-05:00,614.4697875976562,614.4697875976562,574.8265380859375,594.648193359375,755,0.0,0.0
2000-02-01 00:00:00-05:00,609.5143432617188,609.5143432617188,594.648193359375,609.5143432617188,378,0.0,0.0
2000-02-02 00:00:00-05:00,618.1863403320312,649.1575927734375,594.648193359375,610.7532348632812,663,0.0,0.0
2000-02-03 00:00:00-05:00,634.2913818359375,644.2022094726562,624.3805541992188,629.3359985351562,628,0.0,0.0
2000-02-04 00:00:00-05:00,634.2913818359375,654.1129760742188,614.4697875976562,634.2913818359375,286,0.0,0.0
2000-02-07 00:00:00-05:00,634.2913818359375,668.9791870117188,624.3805541992188,668.9791870117188,1338,0.0,0.0
2000-02-08 00:00:00-05:00,673.9345703125,743.3101806640625,673.9345703125,733.3994140625,3516,0.0,0.0
2000-02-09 00:00:00-05:00,782.9534301757812,837.4628295898438,743.3101806640625,782.9534301757812,4725,0.0,0.0
2000-02-10 00:00:00-05:00,804.0138549804688,931.615478515625,802.7750244140625,931.615478515625,8501,0.0,0.0
2000-02-11 00:00:00-05:00,951.4370727539062,971.2586669921875,887.016845703125,911.7938842773438,5145,0.0,0.0
2000-02-14 00:00:00-05:00,951.4370727539062,1110.0098876953125,931.615478515625,1030.7235107421875,13730,0.0,0.0
2000-02-15 00:00:00-05:00,1070.36669921875,1080.2774658203125,966.3032836914062,976.2140502929688,3926,0.0,0.0
2000-02-16 00:00:00-05:00,1000.9910888671875,1100.09912109375,991.0802612304688,1025.76806640625,5517,0.0,0.0
2000-02-17 00:00:00-05:00,1060.4559326171875,1090.1883544921875,1020.8126831054688,1030.7235107421875,2814,0.0,0.0
2000-02-18 00:00:00-05:00,1030.7235107421875,1065.4112548828125,961.3478393554688,991.0802612304688,1500,0.0,0.0
2000-02-22 00:00:00-05:00,1020.8126831054688,1139.7423095703125,1020.8126831054688,1114.96533203125,7028,0.0,0.0
2000-02-23 00:00:00-05:00,1159.56396484375,1199.2071533203125,1139.7423095703125,1139.7423095703125,5740,0.0,0.0
2000-02-24 00:00:00-05:00,1204.16259765625,1223.984130859375,1119.920654296875,1129.83154296875,3249,0.0,0.0
2000-02-25 00:00:00-05:00,1149.653076171875,1174.43017578125,1110.0098876953125,1139.7423095703125,2338,0.0,0.0
2000-02-28 00:00:00-05:00,1149.653076171875,1223.984130859375,1119.920654296875,1223.984130859375,7874,0.0,0.0
2000-02-29 00:00:00-05:00,1268.582763671875,1397.4232177734375,1268.582763671875,1377.6015625,5987,0.0,0.0
2000-03-01 00:00:00-05:00,1427.1556396484375,1466.798828125,1397.4232177734375,1407.333984375,3185,0.0,0.0
2000-03-02 00:00:00-05:00,1427.1556396484375,1476.7095947265625,1387.5123291015625,1392.4677734375,2931,0.0,0.0
2000-03-03 00:00:00-05:00,1422.2001953125,1427.1556396484375,1392.4677734375,1412.2894287109375,2338,0.0,0.0
2000-03-06 00:00:00-05:00,1387.5123291015625,1461.8433837890625,1387.5123291015625,1397.4232177734375,3552,0.0,0.0
2000-03-07 00:00:00-05:00,1427.1556396484375,1427.1556396484375,1169.4747314453125,1199.2071533203125,4590,0.0,0.0
2000-03-08 00:00:00-05:00,1228.9395751953125,1248.7611083984375,1080.2774658203125,1144.69775390625,3975,0.0,0.0
2000-03-09 00:00:00-05:00,1248.7611083984375,1342.913818359375,1189.29638671875,1333.0029296875,2944,0.0,0.0
2000-03-10 00:00:00-05:00,1342.913818359375,1392.4677734375,1303.2705078125,1337.9583740234375,1062,0.0,0.0
2000-03-13 00:00:00-05:00,1273.5382080078125,1273.5382080078125,1209.117919921875,1238.850341796875,2116,0.0,0.0
2000-03-14 00:00:00-05:00,1268.582763671875,1273.5382080078125,1179.385498046875,1199.2071533203125,1329,0.0,0.0
2000-03-15 00:00:00-05:00,1199.2071533203125,1199.2071533203125,1095.1436767578125,1129.83154296875,2139,0.0,0.0
2000-03-16 00:00:00-05:00,1119.920654296875,1164.519287109375,1090.1883544921875,1149.653076171875,1096,0.0,0.0
2000-03-17 00:00:00-05:00,1149.653076171875,1199.2071533203125,1129.83154296875,1189.29638671875,825,0.0,0.0
2000-03-20 00:00:00-05:00,1219.0286865234375,1219.0286865234375,1055.50048828125,1080.2774658203125,1937,0.0,0.0
2000-03-21 00:00:00-05:00,1050.5450439453125,1057.9781494140625,956.3924560546875,1030.7235107421875,2211,0.0,0.0
2000-03-22 00:00:00-05:00,1015.8572998046875,1154.6085205078125,956.3924560546875,1080.2774658203125,2733,0.0,0.0
2000-03-23 00:00:00-05:00,1050.5450439453125,1090.1883544921875,1000.9910888671875,1020.8126831054688,1558,0.0,0.0
2000-03-24 00:00:00-05:00,1015.8572998046875,1030.7235107421875,981.1694946289062,1015.8572998046875,2028,0.0,0.0
2000-03-27 00:00:00-05:00,1030.7235107421875,1055.50048828125,1005.9464721679688,1005.9464721679688,2485,0.0,0.0
2000-03-28 00:00:00-05:00,1030.7235107421875,1075.3221435546875,1025.76806640625,1055.50048828125,2009,0.0,0.0
2000-03-29 00:00:00-05:00,1060.4559326171875,1060.4559326171875,986.1248779296875,996.0357055664062,2400,0.0,0.0
2000-03-30 00:00:00-05:00,981.1694946289062,991.0802612304688,777.998046875,792.8641967773438,4086,0.0,0.0
2000-03-31 00:00:00-05:00,792.8641967773438,827.552001953125,782.9534301757812,792.8641967773438,5406,0.0,0.0
2000-04-03 00:00:00-04:00,792.8641967773438,822.5966186523438,644.2022094726562,659.068359375,5019,0.0,0.0
2000-04-04 00:00:00-04:00,711.10009765625,743.3101806640625,530.2279663085938,698.7116088867188,8077,0.0,0.0
2000-04-05 00:00:00-04:00,678.8900146484375,773.0426025390625,673.9345703125,758.1763916015625,4923,0.0,0.0
2000-04-06 00:00:00-04:00,782.9534301757812,921.7046508789062,780.4757080078125,817.6412353515625,3264,0.0,0.0
2000-04-07 00:00:00-04:00,847.3736572265625,921.7046508789062,842.418212890625,891.9722290039062,1067,0.0,0.0
2000-04-10 00:00:00-04:00,941.5262451171875,941.5262451171875,822.5966186523438,837.4628295898438,1652,0.0,0.0
2000-04-11 00:00:00-04:00,832.5074462890625,872.150634765625,753.2210083007812,782.9534301757812,1868,0.0,0.0
2000-04-12 00:00:00-04:00,763.1318359375,792.8641967773438,708.6223754882812,713.5778198242188,1158,0.0,0.0
2000-04-13 00:00:00-04:00,760.6541137695312,760.6541137695312,668.9791870117188,673.9345703125,1375,0.0,0.0
2000-04-14 00:00:00-04:00,659.068359375,703.6669921875,564.915771484375,599.6035766601562,3447,0.0,0.0
2000-04-17 00:00:00-04:00,569.8711547851562,673.9345703125,555.0049438476562,619.4251708984375,2593,0.0,0.0
2000-04-18 00:00:00-04:00,634.2913818359375,753.2210083007812,624.3805541992188,753.2210083007812,1405,0.0,0.0
2000-04-19 00:00:00-04:00,753.2210083007812,753.2210083007812,698.7116088867188,733.3994140625,557,0.0,0.0
2000-04-20 00:00:00-04:00,723.4885864257812,733.3994140625,683.8453979492188,723.4885864257812,267,0.0,0.0
2000-04-24 00:00:00-04:00,683.8453979492188,703.6669921875,634.2913818359375,681.36767578125,787,0.0,0.0
2000-04-25 00:00:00-04:00,683.8453979492188,738.3547973632812,683.8453979492188,713.5778198242188,362,0.0,0.0
2000-04-26 00:00:00-04:00,723.4885864257812,743.3101806640625,688.80078125,703.6669921875,573,0.0,0.0
2000-04-27 00:00:00-04:00,703.6669921875,713.5778198242188,683.8453979492188,703.6669921875,248,0.0,0.0
2000-04-28 00:00:00-04:00,693.7561645507812,713.5778198242188,693.7561645507812,708.6223754882812,213,0.0,0.0
2000-05-01 00:00:00-04:00,713.5778198242188,738.3547973632812,713.5778198242188,733.3994140625,1146,0.0,0.0
2000-05-02 00:00:00-04:00,728.4440307617188,733.3994140625,688.80078125,708.6223754882812,455,0.0,0.0
2000-05-03 00:00:00-04:00,703.6669921875,703.6669921875,664.0238037109375,678.8900146484375,193,0.0,0.0
2000-05-04 00:00:00-04:00,713.5778198242188,721.0109252929688,659.068359375,683.8453979492188,667,0.0,0.0
2000-05-05 00:00:00-04:00,693.7561645507812,713.5778198242188,654.1129760742188,713.5778198242188,969,0.0,0.0
2000-05-08 00:00:00-04:00,718.533203125,718.533203125,659.068359375,703.6669921875,777,0.0,0.0
2000-05-09 00:00:00-04:00,708.6223754882812,713.5778198242188,683.8453979492188,683.8453979492188,772,0.0,0.0
2000-05-10 00:00:00-04:00,708.6223754882812,708.6223754882812,649.1575927734375,664.0238037109375,179,0.0,0.0
2000-05-11 00:00:00-04:00,644.2022094726562,673.9345703125,639.2467651367188,673.9345703125,248,0.0,0.0
2000-05-12 00:00:00-04:00,646.6798706054688,678.8900146484375,644.2022094726562,661.5460815429688,168,0.0,0.0
2000-05-15 00:00:00-04:00,664.0238037109375,664.0238037109375,634.2913818359375,654.1129760742188,560,0.0,0.0
2000-05-16 00:00:00-04:00,639.2467651367188,708.6223754882812,639.2467651367188,688.80078125,894,0.0,0.0
2000-05-17 00:00:00-04:00,703.6669921875,713.5778198242188,673.9345703125,706.1447143554688,745,0.0,0.0
2000-05-18 00:00:00-04:00,706.1447143554688,713.5778198242188,673.9345703125,698.7116088867188,380,0.0,0.0
2000-05-19 00:00:00-04:00,698.7116088867188,698.7116088867188,644.2022094726562,693.7561645507812,358,0.0,0.0
2000-05-22 00:00:00-04:00,664.0238037109375,664.0238037109375,604.5589599609375,634.2913818359375,1043,0.0,0.0
2000-05-23 00:00:00-04:00,634.2913818359375,639.2467651367188,589.6927490234375,634.2913818359375,1139,0.0,0.0
2000-05-24 00:00:00-04:00,624.3805541992188,634.2913818359375,505.450927734375,564.915771484375,2123,0.0,0.0
2000-05-25 00:00:00-04:00,552.5272827148438,604.5589599609375,550.049560546875,555.0049438476562,983,0.0,0.0
2000-05-26 00:00:00-04:00,550.049560546875,574.8265380859375,530.2279663085938,555.0049438476562,1598,0.0,0.0
2000-05-30 00:00:00-04:00,574.8265380859375,634.2913818359375,545.0941772460938,634.2913818359375,1966,0.0,0.0
2000-05-31 00:00:00-04:00,634.2913818359375,644.2022094726562,599.6035766601562,624.3805541992188,843,0.0,0.0
2000-06-01 00:00:00-04:00,624.3805541992188,634.2913818359375,594.648193359375,604.5589599609375,255,0.0,0.0
2000-06-02 00:00:00-04:00,619.4251708984375,673.9345703125,619.4251708984375,664.0238037109375,2843,0.0,0.0
2000-06-05 00:00:00-04:00,664.0238037109375,713.5778198242188,654.1129760742188,713.5778198242188,2311,0.0,0.0
2000-06-06 00:00:00-04:00,713.5778198242188,723.4885864257812,691.2785034179688,703.6669921875,824,0.0,0.0
2000-06-07 00:00:00-04:00,708.6223754882812,723.4885864257812,683.8453979492188,693.7561645507812,1000,0.0,0.0
2000-06-08 00:00:00-04:00,703.6669921875,703.6669921875,664.0238037109375,673.9345703125,901,0.0,0.0
2000-06-09 00:00:00-04:00,678.8900146484375,693.7561645507812,678.8900146484375,693.7561645507812,370,0.0,0.0
2000-06-12 00:00:00-04:00,703.6669921875,733.3994140625,693.7561645507812,723.4885864257812,759,0.0,0.0
2000-06-13 00:00:00-04:00,723.4885864257812,723.4885864257812,703.6669921875,718.533203125,259,0.0,0.0
2000-06-14 00:00:00-04:00,706.1447143554688,728.4440307617188,703.6669921875,703.6669921875,603,0.0,0.0
2000-06-15 00:00:00-04:00,693.7561645507812,713.5778198242188,683.8453979492188,693.7561645507812,406,0.0,0.0
2000-06-16 00:00:00-04:00,683.8453979492188,703.6669921875,678.8900146484375,703.6669921875,300,0.0,0.0
2000-06-19 00:00:00-04:00,683.8453979492188,703.6669921875,654.1129760742188,678.8900146484375,595,0.0,0.0
2000-06-20 00:00:00-04:00,664.0238037109375,693.7561645507812,619.4251708984375,683.8453979492188,363,0.0,0.0
2000-06-21 00:00:00-04:00,683.8453979492188,693.7561645507812,659.068359375,693.7561645507812,628,0.0,0.0
2000-06-22 00:00:00-04:00,678.8900146484375,678.8900146484375,654.1129760742188,654.1129760742188,404,0.0,0.0
2000-06-23 00:00:00-04:00,654.1129760742188,659.068359375,634.2913818359375,649.1575927734375,489,0.0,0.0
2000-06-26 00:00:00-04:00,649.1575927734375,673.9345703125,624.3805541992188,673.9345703125,449,0.0,0.0
2000-06-27 00:00:00-04:00,649.1575927734375,691.2785034179688,649.1575927734375,673.9345703125,298,0.0,0.0
2000-06-28 00:00:00-04:00,677.651123046875,693.7561645507812,644.2022094726562,668.9791870117188,365,0.0,0.0
2000-06-29 00:00:00-04:00,651.63525390625,672.6957397460938,634.2913818359375,644.2022094726562,230,0.0,0.0
2000-06-30 00:00:00-04:00,708.6223754882812,708.6223754882812,644.2022094726562,654.1129760742188,298,0.0,0.0
2000-07-03 00:00:00-04:00,634.2913818359375,688.80078125,634.2913818359375,673.9345703125,283,0.0,0.0
2000-07-05 00:00:00-04:00,654.1129760742188,683.8453979492188,644.2022094726562,683.8453979492188,209,0.0,0.0
2000-07-06 00:00:00-04:00,644.2022094726562,673.9345703125,644.2022094726562,673.9345703125,95,0.0,0.0
2000-07-07 00:00:00-04:00,644.2022094726562,673.9345703125,644.2022094726562,668.9791870117188,317,0.0,0.0
2000-07-10 00:00:00-04:00,624.3805541992188,654.1129760742188,614.4697875976562,654.1129760742188,510,0.0,0.0
2000-07-11 00:00:00-04:00,664.0238037109375,664.0238037109375,629.3359985351562,634.2913818359375,323,0.0,0.0
2000-07-12 00:00:00-04:00,644.2022094726562,673.9345703125,626.8582763671875,673.9345703125,680,0.0,0.0
2000-07-13 00:00:00-04:00,673.9345703125,683.8453979492188,649.1575927734375,683.8453979492188,788,0.0,0.0
2000-07-14 00:00:00-04:00,678.8900146484375,728.4440307617188,673.9345703125,713.5778198242188,986,0.0,0.0
2000-07-17 00:00:00-04:00,673.9345703125,773.0426025390625,634.2913818359375,773.0426025390625,2664,0.0,0.0
2000-07-18 00:00:00-04:00,797.8196411132812,817.6412353515625,768.0872192382812,807.7304077148438,4194,0.0,0.0
2000-07-19 00:00:00-04:00,797.8196411132812,812.6858520507812,782.9534301757812,787.9088134765625,2254,0.0,0.0
2000-07-20 00:00:00-04:00,787.9088134765625,867.1952514648438,787.9088134765625,842.418212890625,5436,0.0,0.0
2000-07-21 00:00:00-04:00,854.8067626953125,867.1952514648438,782.9534301757812,842.418212890625,831,0.0,0.0
2000-07-24 00:00:00-04:00,837.4628295898438,847.3736572265625,725.96630859375,758.1763916015625,2925,0.0,0.0
2000-07-25 00:00:00-04:00,723.4885864257812,728.4440307617188,686.3231201171875,713.5778198242188,1762,0.0,0.0
2000-07-26 00:00:00-04:00,703.6669921875,703.6669921875,673.9345703125,678.8900146484375,279,0.0,0.0
2000-07-27 00:00:00-04:00,678.8900146484375,686.3231201171875,634.2913818359375,659.068359375,758,0.0,0.0
2000-07-28 00:00:00-04:00,634.2913818359375,664.0238037109375,616.9474487304688,644.2022094726562,478,0.0,0.0
2000-07-31 00:00:00-04:00,634.2913818359375,659.068359375,614.4697875976562,634.2913818359375,714,0.0,0.0
2000-08-01 00:00:00-04:00,639.2467651367188,639.2467651367188,609.5143432617188,634.2913818359375,132,0.0,0.0
2000-08-02 00:00:00-04:00,611.9920654296875,631.8136596679688,609.5143432617188,624.3805541992188,245,0.0,0.0
2000-08-03 00:00:00-04:00,604.5589599609375,604.5589599609375,555.0049438476562,594.648193359375,453,0.0,0.0
2000-08-04 00:00:00-04:00,594.648193359375,604.5589599609375,594.648193359375,599.6035766601562,250,0.0,0.0
2000-08-07 00:00:00-04:00,605.7977905273438,636.7691040039062,604.5589599609375,636.7691040039062,1290,0.0,0.0
2000-08-08 00:00:00-04:00,619.4251708984375,656.5906982421875,619.4251708984375,624.3805541992188,303,0.0,0.0
2000-08-09 00:00:00-04:00,629.3359985351562,644.2022094726562,626.8582763671875,626.8582763671875,203,0.0,0.0
2000-08-10 00:00:00-04:00,634.2913818359375,634.2913818359375,619.4251708984375,619.4251708984375,72,0.0,0.0
2000-08-11 00:00:00-04:00,626.8582763671875,631.8136596679688,619.4251708984375,631.8136596679688,8,0.0,0.0
2000-08-14 00:00:00-04:00,619.4251708984375,631.8136596679688,589.6927490234375,594.648193359375,356,0.0,0.0
2000-08-15 00:00:00-04:00,589.6927490234375,594.648193359375,569.8711547851562,574.8265380859375,513,0.0,0.0
2000-08-16 00:00:00-04:00,579.781982421875,609.5143432617188,555.0049438476562,584.7373657226562,665,0.0,0.0
2000-08-17 00:00:00-04:00,579.781982421875,589.6927490234375,547.5718383789062,564.915771484375,739,0.0,0.0
2000-08-18 00:00:00-04:00,572.348876953125,584.7373657226562,555.0049438476562,584.7373657226562,477,0.0,0.0
2000-08-21 00:00:00-04:00,577.3042602539062,592.1704711914062,559.9603271484375,592.1704711914062,1066,0.0,0.0
2000-08-22 00:00:00-04:00,564.915771484375,579.781982421875,555.0049438476562,569.8711547851562,793,0.0,0.0
2000-08-23 00:00:00-04:00,562.4380493164062,594.648193359375,562.4380493164062,594.648193359375,1107,0.0,0.0
2000-08-24 00:00:00-04:00,594.648193359375,621.9028930664062,579.781982421875,614.4697875976562,1111,0.0,0.0
2000-08-25 00:00:00-04:00,614.4697875976562,614.4697875976562,604.5589599609375,611.9920654296875,242,0.0,0.0
2000-08-28 00:00:00-04:00,611.9920654296875,644.2022094726562,609.5143432617188,634.2913818359375,599,0.0,0.0
2000-08-29 00:00:00-04:00,634.2913818359375,654.1129760742188,624.3805541992188,629.3359985351562,417,0.0,0.0
2000-08-30 00:00:00-04:00,626.8582763671875,634.2913818359375,599.6035766601562,629.3359985351562,291,0.0,0.0
2000-08-31 00:00:00-04:00,604.5589599609375,624.3805541992188,604.5589599609375,616.9474487304688,405,0.0,0.0
2000-09-01 00:00:00-04:00,599.6035766601562,624.3805541992188,594.648193359375,604.5589599609375,706,0.0,0.0
2000-09-05 00:00:00-04:00,592.1704711914062,608.2755126953125,572.348876953125,594.648193359375,484,0.0,0.0
2000-09-06 00:00:00-04:00,584.7373657226562,599.6035766601562,550.049560546875,599.6035766601562,1039,0.0,0.0
2000-09-07 00:00:00-04:00,579.781982421875,594.648193359375,569.8711547851562,569.8711547851562,380,0.0,0.0
2000-09-08 00:00:00-04:00,574.8265380859375,574.8265380859375,555.0049438476562,569.8711547851562,410,0.0,0.0
2000-09-11 00:00:00-04:00,569.8711547851562,574.8265380859375,555.0049438476562,555.0049438476562,1049,0.0,0.0
2000-09-12 00:00:00-04:00,555.0049438476562,557.482666015625,545.0941772460938,545.0941772460938,832,0.0,0.0
2000-09-13 00:00:00-04:00,546.3330078125,584.7373657226562,542.616455078125,555.0049438476562,1062,0.0,0.0
2000-09-14 00:00:00-04:00,545.0941772460938,594.648193359375,545.0941772460938,584.7373657226562,861,0.0,0.0
2000-09-15 00:00:00-04:00,574.8265380859375,579.781982421875,574.8265380859375,579.781982421875,153,0.0,0.0
2000-09-18 00:00:00-04:00,559.9603271484375,574.8265380859375,500.49554443359375,553.76611328125,1116,0.0,0.0
2000-09-19 00:00:00-04:00,545.0941772460938,559.9603271484375,535.183349609375,555.0049438476562,202,0.0,0.0
2000-09-20 00:00:00-04:00,535.183349609375,559.9603271484375,535.183349609375,555.0049438476562,335,0.0,0.0
2000-09-21 00:00:00-04:00,545.0941772460938,555.0049438476562,525.2725219726562,545.0941772460938,356,0.0,0.0
2000-09-22 00:00:00-04:00,530.2279663085938,545.0941772460938,515.3617553710938,545.0941772460938,247,0.0,0.0
2000-09-25 00:00:00-04:00,535.183349609375,555.0049438476562,515.3617553710938,555.0049438476562,814,0.0,0.0
2000-09-26 00:00:00-04:00,525.2725219726562,550.049560546875,520.317138671875,550.049560546875,674,0.0,0.0
2000-09-27 00:00:00-04:00,545.0941772460938,545.0941772460938,485.62933349609375,540.1387329101562,1059,0.0,0.0
2000-09-28 00:00:00-04:00,530.2279663085938,540.1387329101562,530.2279663085938,530.2279663085938,453,0.0,0.0
2000-09-29 00:00:00-04:00,535.183349609375,555.0049438476562,530.2279663085938,545.0941772460938,177,0.0,0.0
2000-10-02 00:00:00-04:00,530.2279663085938,555.0049438476562,495.5401306152344,517.8394165039062,357,0.0,0.0
2000-10-03 00:00:00-04:00,507.92864990234375,535.183349609375,507.92864990234375,535.183349609375,2393,0.0,0.0
2000-10-04 00:00:00-04:00,535.183349609375,535.183349609375,495.5401306152344,515.3617553710938,436,0.0,0.0
2000-10-05 00:00:00-04:00,507.92864990234375,510.4063415527344,475.7185363769531,475.7185363769531,1025,0.0,0.0
2000-10-06 00:00:00-04:00,485.62933349609375,485.62933349609375,426.1645202636719,475.7185363769531,2471,0.0,0.0
2000-10-09 00:00:00-04:00,443.5084228515625,460.8523254394531,421.2091064453125,460.8523254394531,392,0.0,0.0
2000-10-10 00:00:00-04:00,416.25372314453125,436.0753173828125,403.8652038574219,416.25372314453125,1078,0.0,0.0
2000-10-11 00:00:00-04:00,396.4320983886719,411.2983093261719,381.56591796875,396.4320983886719,1298,0.0,0.0
2000-10-12 00:00:00-04:00,356.7889099121094,376.6105041503906,336.96728515625,344.400390625,4229,0.0,0.0
2000-10-13 00:00:00-04:00,336.96728515625,450.9415283203125,322.1011047363281,445.9861145019531,2523,0.0,0.0
2000-10-16 00:00:00-04:00,436.0753173828125,450.9415283203125,391.4767150878906,396.4320983886719,322,0.0,0.0
2000-10-17 00:00:00-04:00,386.52130126953125,445.9861145019531,386.52130126953125,396.4320983886719,682,0.0,0.0
2000-10-18 00:00:00-04:00,388.9990234375,388.9990234375,341.9226989746094,371.65509033203125,145,0.0,0.0
2000-10-19 00:00:00-04:00,386.52130126953125,416.25372314453125,366.69970703125,416.25372314453125,492,0.0,0.0
2000-10-20 00:00:00-04:00,401.38751220703125,416.25372314453125,396.4320983886719,406.3429260253906,334,0.0,0.0
2000-10-23 00:00:00-04:00,386.52130126953125,396.4320983886719,356.7889099121094,396.4320983886719,977,0.0,0.0
2000-10-24 00:00:00-04:00,396.4320983886719,396.4320983886719,356.7889099121094,381.56591796875,692,0.0,0.0
2000-10-25 00:00:00-04:00,386.52130126953125,393.95440673828125,361.7442932128906,376.6105041503906,425,0.0,0.0
2000-10-26 00:00:00-04:00,356.7889099121094,374.1328125,356.7889099121094,371.65509033203125,356,0.0,0.0
2000-10-27 00:00:00-04:00,361.7442932128906,376.6105041503906,356.7889099121094,376.6105041503906,265,0.0,0.0
2000-10-30 00:00:00-05:00,371.65509033203125,391.4767150878906,366.69970703125,391.4767150878906,351,0.0,0.0
2000-10-31 00:00:00-05:00,386.52130126953125,416.25372314453125,386.52130126953125,396.4320983886719,769,0.0,0.0
2000-11-01 00:00:00-05:00,386.52130126953125,411.2983093261719,386.52130126953125,396.4320983886719,1144,0.0,0.0
2000-11-02 00:00:00-05:00,396.4320983886719,445.9861145019531,391.4767150878906,428.6422119140625,1565,0.0,0.0
2000-11-03 00:00:00-05:00,413.7760009765625,426.1645202636719,413.7760009765625,421.2091064453125,334,0.0,0.0
2000-11-06 00:00:00-05:00,426.1645202636719,450.9415283203125,421.2091064453125,445.9861145019531,1286,0.0,0.0
2000-11-07 00:00:00-05:00,398.9098205566406,441.0307312011719,396.4320983886719,426.1645202636719,687,0.0,0.0
2000-11-08 00:00:00-05:00,421.2091064453125,441.0307312011719,416.25372314453125,436.0753173828125,265,0.0,0.0
2000-11-09 00:00:00-05:00,431.11993408203125,441.0307312011719,406.3429260253906,441.0307312011719,1443,0.0,0.0
2000-11-10 00:00:00-05:00,391.4767150878906,436.0753173828125,391.4767150878906,431.11993408203125,541,0.0,0.0
2000-11-13 00:00:00-05:00,411.2983093261719,436.0753173828125,411.2983093261719,436.0753173828125,526,0.0,0.0
2000-11-14 00:00:00-05:00,426.1645202636719,465.8077392578125,426.1645202636719,465.8077392578125,821,0.0,0.0
2000-11-15 00:00:00-05:00,455.8969421386719,475.7185363769531,436.0753173828125,475.7185363769531,1341,0.0,0.0
2000-11-16 00:00:00-05:00,465.8077392578125,480.6739501953125,431.11993408203125,436.0753173828125,629,0.0,0.0
2000-11-17 00:00:00-05:00,431.11993408203125,441.0307312011719,406.3429260253906,441.0307312011719,349,0.0,0.0
2000-11-20 00:00:00-05:00,441.0307312011719,441.0307312011719,417.4925537109375,436.0753173828125,71,0.0,0.0
2000-11-21 00:00:00-05:00,416.25372314453125,431.11993408203125,393.95440673828125,426.1645202636719,361,0.0,0.0
2000-11-22 00:00:00-05:00,393.95440673828125,421.2091064453125,371.65509033203125,391.4767150878906,516,0.0,0.0
2000-11-24 00:00:00-05:00,391.4767150878906,396.4320983886719,371.65509033203125,396.4320983886719,428,0.0,0.0
2000-11-27 00:00:00-05:00,376.6105041503906,381.56591796875,356.7889099121094,361.7442932128906,879,0.0,0.0
2000-11-28 00:00:00-05:00,354.3111877441406,354.3111877441406,297.3240966796875,307.2348937988281,430,0.0,0.0
2000-11-29 00:00:00-05:00,317.14569091796875,317.14569091796875,277.5024719238281,292.3686828613281,911,0.0,0.0
2000-11-30 00:00:00-05:00,265.1139831542969,282.4578857421875,262.6362609863281,272.5470886230469,3143,0.0,0.0
2000-12-01 00:00:00-05:00,265.1139831542969,312.1902770996094,257.6808776855469,309.71258544921875,267,0.0,0.0
2000-12-04 00:00:00-05:00,279.98016357421875,312.1902770996094,257.6808776855469,294.84637451171875,375,0.0,0.0
2000-12-05 00:00:00-05:00,262.6362609863281,289.8909912109375,252.7254638671875,277.5024719238281,936,0.0,0.0
2000-12-06 00:00:00-05:00,267.5916748046875,282.4578857421875,240.3369598388672,270.0693664550781,1810,0.0,0.0
2000-12-07 00:00:00-05:00,262.6362609863281,277.5024719238281,262.6362609863281,277.5024719238281,1115,0.0,0.0
2000-12-08 00:00:00-05:00,275.0247802734375,282.4578857421875,267.5916748046875,277.5024719238281,1111,0.0,0.0
2000-12-11 00:00:00-05:00,284.9355773925781,297.3240966796875,270.0693664550781,297.3240966796875,918,0.0,0.0
2000-12-12 00:00:00-05:00,277.5024719238281,351.83349609375,277.5024719238281,317.14569091796875,6170,0.0,0.0
2000-12-13 00:00:00-05:00,307.2348937988281,322.1011047363281,289.8909912109375,307.2348937988281,423,0.0,0.0
2000-12-14 00:00:00-05:00,289.8909912109375,312.1902770996094,287.41326904296875,289.8909912109375,250,0.0,0.0
2000-12-15 00:00:00-05:00,282.4578857421875,287.41326904296875,277.5024719238281,277.5024719238281,160,0.0,0.0
2000-12-18 00:00:00-05:00,282.4578857421875,282.4578857421875,250.24777221679688,265.1139831542969,721,0.0,0.0
2000-12-19 00:00:00-05:00,257.6808776855469,265.1139831542969,232.90386962890625,262.6362609863281,1289,0.0,0.0
2000-12-20 00:00:00-05:00,237.85926818847656,242.81466674804688,198.21604919433594,242.81466674804688,3819,0.0,0.0
2000-12-21 00:00:00-05:00,198.21604919433594,237.85926818847656,198.21604919433594,237.85926818847656,873,0.0,0.0
2000-12-22 00:00:00-05:00,222.99305725097656,257.6808776855469,218.03765869140625,257.6808776855469,999,0.0,0.0
2000-12-26 00:00:00-05:00,218.03765869140625,262.6362609863281,218.03765869140625,262.6362609863281,3255,0.0,0.0
2000-12-27 00:00:00-05:00,247.7700653076172,252.7254638671875,222.99305725097656,247.7700653076172,1174,0.0,0.0
2000-12-28 00:00:00-05:00,232.90386962890625,242.81466674804688,205.64915466308594,220.51536560058594,1420,0.0,0.0
2000-12-29 00:00:00-05:00,232.90386962890625,232.90386962890625,213.08226013183594,227.94847106933594,2130,0.0,0.0
2001-01-02 00:00:00-05:00,203.1714630126953,213.08226013183594,168.483642578125,203.1714630126953,829,0.0,0.0
2001-01-03 00:00:00-05:00,173.43905639648438,208.12686157226562,173.43905639648438,203.1714630126953,1024,0.0,0.0
2001-01-04 00:00:00-05:00,208.12686157226562,210.60455322265625,163.5282440185547,210.60455322265625,740,0.0,0.0
2001-01-05 00:00:00-05:00,188.3052520751953,208.12686157226562,178.3944549560547,178.3944549560547,368,0.0,0.0
2001-01-08 00:00:00-05:00,178.3944549560547,193.26065063476562,161.05055236816406,188.3052520751953,714,0.0,0.0
2001-01-09 00:00:00-05:00,188.3052520751953,193.26065063476562,173.43905639648438,193.26065063476562,1149,0.0,0.0
2001-01-10 00:00:00-05:00,183.349853515625,198.21604919433594,183.349853515625,188.3052520751953,694,0.0,0.0
2001-01-11 00:00:00-05:00,183.349853515625,237.85926818847656,183.349853515625,225.47076416015625,2081,0.0,0.0
2001-01-12 00:00:00-05:00,222.99305725097656,237.85926818847656,222.99305725097656,237.85926818847656,754,0.0,0.0
2001-01-16 00:00:00-05:00,237.85926818847656,257.6808776855469,227.94847106933594,252.7254638671875,666,0.0,0.0
2001-01-17 00:00:00-05:00,242.81466674804688,289.8909912109375,242.81466674804688,289.8909912109375,2340,0.0,0.0
2001-01-18 00:00:00-05:00,282.4578857421875,317.14569091796875,282.4578857421875,307.2348937988281,1116,0.0,0.0
2001-01-19 00:00:00-05:00,307.2348937988281,309.71258544921875,279.98016357421875,307.2348937988281,446,0.0,0.0
2001-01-22 00:00:00-05:00,287.41326904296875,289.8909912109375,272.5470886230469,289.8909912109375,1037,0.0,0.0
2001-01-23 00:00:00-05:00,257.6808776855469,284.9355773925781,252.7254638671875,284.9355773925781,581,0.0,0.0
2001-01-24 00:00:00-05:00,277.5024719238281,312.1902770996094,277.5024719238281,307.2348937988281,1027,0.0,0.0
2001-01-25 00:00:00-05:00,287.41326904296875,292.3686828613281,272.5470886230469,277.5024719238281,434,0.0,0.0
2001-01-26 00:00:00-05:00,270.0693664550781,292.3686828613281,237.85926818847656,287.41326904296875,622,0.0,0.0
2001-01-29 00:00:00-05:00,275.0247802734375,287.41326904296875,265.1139831542969,287.41326904296875,465,0.0,0.0
2001-01-30 00:00:00-05:00,279.98016357421875,330.7730407714844,265.1139831542969,309.71258544921875,1758,0.0,0.0
2001-01-31 00:00:00-05:00,317.14569091796875,322.1011047363281,297.3240966796875,297.3240966796875,467,0.0,0.0
2001-02-01 00:00:00-05:00,297.3240966796875,299.8017883300781,289.8909912109375,297.3240966796875,58,0.0,0.0
2001-02-02 00:00:00-05:00,299.8017883300781,299.8017883300781,279.98016357421875,279.98016357421875,63,0.0,0.0
2001-02-05 00:00:00-05:00,277.5024719238281,282.4578857421875,252.7254638671875,267.5916748046875,1149,0.0,0.0
2001-02-06 00:00:00-05:00,247.7700653076172,282.4578857421875,247.7700653076172,277.5024719238281,372,0.0,0.0
2001-02-07 00:00:00-05:00,250.24777221679688,277.5024719238281,250.24777221679688,262.6362609863281,317,0.0,0.0
2001-02-08 00:00:00-05:00,257.6808776855469,282.4578857421875,257.6808776855469,279.98016357421875,530,0.0,0.0
2001-02-09 00:00:00-05:00,277.5024719238281,279.98016357421875,262.6362609863281,275.0247802734375,409,0.0,0.0
2001-02-12 00:00:00-05:00,272.5470886230469,289.8909912109375,257.6808776855469,277.5024719238281,440,0.0,0.0
2001-02-13 00:00:00-05:00,272.5470886230469,282.4578857421875,267.5916748046875,282.4578857421875,88,0.0,0.0
2001-02-14 00:00:00-05:00,257.6808776855469,307.2348937988281,245.29237365722656,302.27947998046875,2864,0.0,0.0
2001-02-15 00:00:00-05:00,305.99603271484375,307.2348937988281,287.41326904296875,297.3240966796875,483,0.0,0.0
2001-02-16 00:00:00-05:00,297.3240966796875,302.27947998046875,272.5470886230469,287.41326904296875,400,0.0,0.0
2001-02-20 00:00:00-05:00,282.4578857421875,297.3240966796875,272.5470886230469,277.5024719238281,388,0.0,0.0
2001-02-21 00:00:00-05:00,270.0693664550781,277.5024719238281,267.5916748046875,272.5470886230469,269,0.0,0.0
2001-02-22 00:00:00-05:00,260.1585693359375,272.5470886230469,252.7254638671875,262.6362609863281,763,0.0,0.0
2001-02-23 00:00:00-05:00,250.24777221679688,262.6362609863281,247.7700653076172,262.6362609863281,177,0.0,0.0
2001-02-26 00:00:00-05:00,252.7254638671875,275.0247802734375,237.85926818847656,262.6362609863281,557,0.0,0.0
2001-02-27 00:00:00-05:00,237.85926818847656,275.0247802734375,237.85926818847656,262.6362609863281,252,0.0,0.0
2001-02-28 00:00:00-05:00,257.6808776855469,262.6362609863281,247.7700653076172,262.6362609863281,107,0.0,0.0
2001-03-01 00:00:00-05:00,247.7700653076172,277.5024719238281,247.7700653076172,267.5916748046875,315,0.0,0.0
2001-03-02 00:00:00-05:00,250.24777221679688,257.6808776855469,250.24777221679688,257.6808776855469,185,0.0,0.0
2001-03-05 00:00:00-05:00,252.7254638671875,265.1139831542969,250.24777221679688,257.6808776855469,238,0.0,0.0
2001-03-06 00:00:00-05:00,257.6808776855469,262.6362609863281,252.7254638671875,262.6362609863281,143,0.0,0.0
2001-03-07 00:00:00-05:00,252.7254638671875,262.6362609863281,237.85926818847656,252.7254638671875,505,0.0,0.0
2001-03-08 00:00:00-05:00,250.24777221679688,252.7254638671875,237.85926818847656,240.3369598388672,487,0.0,0.0
2001-03-09 00:00:00-05:00,240.3369598388672,240.3369598388672,210.60455322265625,237.85926818847656,443,0.0,0.0
2001-03-12 00:00:00-05:00,218.03765869140625,237.85926818847656,210.60455322265625,218.03765869140625,284,0.0,0.0
2001-03-13 00:00:00-05:00,208.12686157226562,227.94847106933594,200.69375610351562,203.1714630126953,390,0.0,0.0
2001-03-14 00:00:00-05:00,205.64915466308594,210.60455322265625,198.21604919433594,210.60455322265625,240,0.0,0.0
2001-03-15 00:00:00-05:00,203.1714630126953,213.08226013183594,203.1714630126953,203.1714630126953,59,0.0,0.0
2001-03-16 00:00:00-05:00,203.1714630126953,208.12686157226562,198.21604919433594,203.1714630126953,102,0.0,0.0
2001-03-19 00:00:00-05:00,198.21604919433594,198.21604919433594,185.82754516601562,193.26065063476562,148,0.0,0.0
2001-03-20 00:00:00-05:00,193.26065063476562,213.08226013183594,193.26065063476562,203.1714630126953,114,0.0,0.0
2001-03-21 00:00:00-05:00,205.64915466308594,205.64915466308594,188.3052520751953,195.7383575439453,40,0.0,0.0
2001-03-22 00:00:00-05:00,185.82754516601562,193.26065063476562,168.483642578125,178.3944549560547,520,0.0,0.0
2001-03-23 00:00:00-05:00,166.00595092773438,218.03765869140625,166.00595092773438,193.26065063476562,66,0.0,0.0
2001-03-26 00:00:00-05:00,198.21604919433594,198.21604919433594,178.3944549560547,178.3944549560547,198,0.0,0.0
2001-03-27 00:00:00-05:00,174.4301300048828,197.42318725585938,174.4301300048828,179.9801788330078,395,0.0,0.0
2001-03-28 00:00:00-05:00,182.3587646484375,182.3587646484375,168.8800811767578,176.8087158203125,50,0.0,0.0
2001-03-29 00:00:00-05:00,178.3944549560547,183.9445037841797,158.57284545898438,172.05152893066406,188,0.0,0.0
2001-03-30 00:00:00-05:00,168.08721923828125,172.8444061279297,168.08721923828125,170.46580505371094,40,0.0,0.0
2001-04-02 00:00:00-04:00,162.53717041015625,169.67294311523438,148.26560974121094,158.57284545898438,412,0.0,0.0
2001-04-03 00:00:00-04:00,161.7443084716797,161.7443084716797,150.64419555664062,151.43707275390625,137,0.0,0.0
2001-04-04 00:00:00-04:00,158.57284545898438,158.57284545898438,138.75123596191406,155.40138244628906,325,0.0,0.0
2001-04-05 00:00:00-04:00,154.6085205078125,160.1585693359375,132.4083251953125,160.1585693359375,424,0.0,0.0
2001-04-06 00:00:00-04:00,157.7799835205078,164.91575622558594,153.02279663085938,163.3300323486328,145,0.0,0.0
2001-04-09 00:00:00-04:00,163.3300323486328,163.3300323486328,153.02279663085938,156.98712158203125,143,0.0,0.0
2001-04-10 00:00:00-04:00,153.02279663085938,166.50148010253906,135.5797882080078,162.53717041015625,576,0.0,0.0
2001-04-11 00:00:00-04:00,162.53717041015625,168.08721923828125,143.5084228515625,161.7443084716797,236,0.0,0.0
2001-04-12 00:00:00-04:00,146.6798858642578,174.4301300048828,146.6798858642578,158.57284545898438,74,0.0,0.0
2001-04-16 00:00:00-04:00,156.19424438476562,158.57284545898438,142.71556091308594,155.40138244628906,232,0.0,0.0
2001-04-17 00:00:00-04:00,154.6085205078125,156.98712158203125,126.8582763671875,150.64419555664062,618,0.0,0.0
2001-04-18 00:00:00-04:00,139.54409790039062,159.36570739746094,139.54409790039062,157.7799835205078,608,0.0,0.0
2001-04-19 00:00:00-04:00,157.7799835205078,162.53717041015625,156.98712158203125,162.53717041015625,526,0.0,0.0
2001-04-20 00:00:00-04:00,162.53717041015625,170.46580505371094,158.57284545898438,166.50148010253906,353,0.0,0.0
2001-04-23 00:00:00-04:00,169.67294311523438,169.67294311523438,162.53717041015625,167.2943572998047,382,0.0,0.0
2001-04-24 00:00:00-04:00,165.7086181640625,178.3944549560547,158.57284545898438,174.4301300048828,78,0.0,0.0
2001-04-25 00:00:00-04:00,158.57284545898438,174.4301300048828,153.81565856933594,168.8800811767578,143,0.0,0.0
2001-04-26 00:00:00-04:00,158.57284545898438,176.01585388183594,158.57284545898438,161.7443084716797,177,0.0,0.0
2001-04-27 00:00:00-04:00,161.7443084716797,172.05152893066406,154.6085205078125,160.95143127441406,219,0.0,0.0
2001-04-30 00:00:00-04:00,154.6085205078125,168.8800811767578,154.6085205078125,165.7086181640625,444,0.0,0.0
2001-05-01 00:00:00-04:00,164.91575622558594,190.28741455078125,164.91575622558594,190.28741455078125,729,0.0,0.0
2001-05-02 00:00:00-04:00,194.25173950195312,243.40931701660156,190.28741455078125,225.96630859375,1281,0.0,0.0
2001-05-03 00:00:00-04:00,222.00198364257812,227.55203247070312,202.1803741455078,206.93756103515625,125,0.0,0.0
2001-05-04 00:00:00-04:00,202.1803741455078,202.1803741455078,190.28741455078125,198.21604919433594,283,0.0,0.0
2001-05-07 00:00:00-04:00,198.21604919433594,210.10902404785156,182.3587646484375,205.35183715820312,822,0.0,0.0
2001-05-08 00:00:00-04:00,215.65907287597656,222.00198364257812,204.55897521972656,215.65907287597656,571,0.0,0.0
2001-05-09 00:00:00-04:00,204.55897521972656,213.2804718017578,192.66600036621094,198.21604919433594,448,0.0,0.0
2001-05-10 00:00:00-04:00,196.6303253173828,198.21604919433594,182.3587646484375,189.4945526123047,177,0.0,0.0
2001-05-11 00:00:00-04:00,188.70169067382812,188.70169067382812,179.18731689453125,184.73736572265625,136,0.0,0.0
2001-05-14 00:00:00-04:00,190.28741455078125,190.28741455078125,172.05152893066406,172.05152893066406,174,0.0,0.0
2001-05-15 00:00:00-04:00,174.4301300048828,179.9801788330078,174.4301300048828,177.60159301757812,21,0.0,0.0
2001-05-16 00:00:00-04:00,174.4301300048828,198.21604919433594,170.46580505371094,196.6303253173828,269,0.0,0.0
2001-05-17 00:00:00-04:00,203.76609802246094,218.03765869140625,203.76609802246094,209.316162109375,48,0.0,0.0
2001-05-18 00:00:00-04:00,210.10902404785156,210.10902404785156,179.18731689453125,198.21604919433594,166,0.0,0.0
2001-05-21 00:00:00-04:00,198.21604919433594,202.1803741455078,179.18731689453125,189.4945526123047,131,0.0,0.0
2001-05-22 00:00:00-04:00,194.25173950195312,200.5946502685547,183.15164184570312,197.42318725585938,107,0.0,0.0
2001-05-23 00:00:00-04:00,194.25173950195312,198.21604919433594,183.15164184570312,195.83746337890625,127,0.0,0.0
2001-05-24 00:00:00-04:00,195.83746337890625,198.21604919433594,190.28741455078125,198.21604919433594,169,0.0,0.0
2001-05-25 00:00:00-04:00,199.80178833007812,202.97323608398438,194.25173950195312,202.97323608398438,144,0.0,0.0
2001-05-29 00:00:00-04:00,206.1446990966797,206.1446990966797,194.25173950195312,204.55897521972656,21,0.0,0.0
2001-05-30 00:00:00-04:00,194.25173950195312,201.38751220703125,183.9445037841797,195.83746337890625,92,0.0,0.0
2001-05-31 00:00:00-04:00,182.3587646484375,197.42318725585938,182.3587646484375,197.42318725585938,11,0.0,0.0
2001-06-01 00:00:00-04:00,195.0446014404297,195.0446014404297,174.4301300048828,193.45887756347656,241,0.0,0.0
2001-06-04 00:00:00-04:00,187.11595153808594,187.11595153808594,169.67294311523438,182.3587646484375,151,0.0,0.0
2001-06-05 00:00:00-04:00,173.63726806640625,191.87313842773438,172.05152893066406,191.87313842773438,333,0.0,0.0
2001-06-06 00:00:00-04:00,174.4301300048828,190.28741455078125,174.4301300048828,177.60159301757812,114,0.0,0.0
2001-06-07 00:00:00-04:00,187.9088134765625,191.0802764892578,172.8444061279297,182.3587646484375,100,0.0,0.0
2001-06-08 00:00:00-04:00,173.63726806640625,186.32308959960938,173.63726806640625,186.32308959960938,24,0.0,0.0
2001-06-11 00:00:00-04:00,173.63726806640625,186.32308959960938,173.63726806640625,186.32308959960938,5,0.0,0.0
2001-06-12 00:00:00-04:00,182.3587646484375,186.32308959960938,176.01585388183594,185.5302276611328,78,0.0,0.0
2001-06-13 00:00:00-04:00,183.9445037841797,201.38751220703125,178.3944549560547,199.00892639160156,353,0.0,0.0
2001-06-14 00:00:00-04:00,198.21604919433594,201.38751220703125,194.25173950195312,199.00892639160156,267,0.0,0.0
2001-06-15 00:00:00-04:00,199.80178833007812,199.80178833007812,194.25173950195312,199.00892639160156,170,0.0,0.0
2001-06-18 00:00:00-04:00,178.3944549560547,196.6303253173828,178.3944549560547,190.28741455078125,87,0.0,0.0
2001-06-19 00:00:00-04:00,183.15164184570312,190.28741455078125,168.08721923828125,177.60159301757812,861,0.0,0.0
2001-06-20 00:00:00-04:00,185.5302276611328,185.5302276611328,170.46580505371094,179.18731689453125,42,0.0,0.0
2001-06-21 00:00:00-04:00,180.77304077148438,192.66600036621094,158.57284545898438,174.4301300048828,62,0.0,0.0
2001-06-22 00:00:00-04:00,160.95143127441406,173.63726806640625,160.95143127441406,173.63726806640625,21,0.0,0.0
2001-06-25 00:00:00-04:00,158.57284545898438,180.77304077148438,158.57284545898438,176.01585388183594,15,0.0,0.0
2001-06-26 00:00:00-04:00,187.9088134765625,187.9088134765625,166.50148010253906,178.3944549560547,144,0.0,0.0
2001-06-27 00:00:00-04:00,182.3587646484375,182.3587646484375,182.3587646484375,182.3587646484375,1,0.0,0.0
2001-06-28 00:00:00-04:00,166.50148010253906,174.4301300048828,162.53717041015625,174.4301300048828,66,0.0,0.0
2001-06-29 00:00:00-04:00,174.4301300048828,174.4301300048828,174.4301300048828,174.4301300048828,0,0.0,0.0
2001-07-02 00:00:00-04:00,162.53717041015625,171.2586669921875,154.6085205078125,163.3300323486328,165,0.0,0.0
2001-07-03 00:00:00-04:00,160.1585693359375,163.3300323486328,160.1585693359375,163.3300323486328,25,0.0,0.0
2001-07-05 00:00:00-04:00,146.6798858642578,161.7443084716797,142.71556091308594,154.6085205078125,96,0.0,0.0
2001-07-06 00:00:00-04:00,160.1585693359375,162.53717041015625,150.64419555664062,161.7443084716797,164,0.0,0.0
2001-07-09 00:00:00-04:00,142.71556091308594,158.57284545898438,142.71556091308594,154.6085205078125,71,0.0,0.0
2001-07-10 00:00:00-04:00,144.30128479003906,150.64419555664062,143.5084228515625,150.64419555664062,141,0.0,0.0
2001-07-11 00:00:00-04:00,154.6085205078125,154.6085205078125,142.71556091308594,154.6085205078125,180,0.0,0.0
2001-07-12 00:00:00-04:00,142.71556091308594,154.6085205078125,142.71556091308594,150.64419555664062,178,0.0,0.0
2001-07-13 00:00:00-04:00,142.71556091308594,150.64419555664062,134.7869110107422,149.85133361816406,68,0.0,0.0
2001-07-16 00:00:00-04:00,141.92269897460938,154.6085205078125,141.92269897460938,153.81565856933594,328,0.0,0.0
2001-07-17 00:00:00-04:00,150.64419555664062,155.40138244628906,150.64419555664062,155.40138244628906,59,0.0,0.0
2001-07-18 00:00:00-04:00,149.85133361816406,155.40138244628906,149.85133361816406,153.02279663085938,401,0.0,0.0
2001-07-19 00:00:00-04:00,153.02279663085938,173.63726806640625,153.02279663085938,166.50148010253906,4828,0.0,0.0
2001-07-20 00:00:00-04:00,166.50148010253906,183.15164184570312,166.50148010253906,183.15164184570312,227,0.0,0.0
2001-07-23 00:00:00-04:00,182.3587646484375,191.0802764892578,178.3944549560547,191.0802764892578,459,0.0,0.0
2001-07-24 00:00:00-04:00,196.6303253173828,196.6303253173828,186.32308959960938,195.83746337890625,919,0.0,0.0
2001-07-25 00:00:00-04:00,187.9088134765625,190.28741455078125,175.22299194335938,181.56590270996094,539,0.0,0.0
2001-07-26 00:00:00-04:00,171.2586669921875,181.56590270996094,171.2586669921875,181.56590270996094,66,0.0,0.0
2001-07-27 00:00:00-04:00,181.56590270996094,181.56590270996094,181.56590270996094,181.56590270996094,13,0.0,0.0
2001-07-30 00:00:00-04:00,172.8444061279297,178.3944549560547,170.46580505371094,178.3944549560547,37,0.0,0.0
2001-07-31 00:00:00-04:00,174.4301300048828,183.9445037841797,171.2586669921875,183.9445037841797,262,0.0,0.0
2001-08-01 00:00:00-04:00,184.73736572265625,205.35183715820312,184.73736572265625,191.87313842773438,1057,0.0,0.0
2001-08-02 00:00:00-04:00,190.28741455078125,198.21604919433594,190.28741455078125,197.42318725585938,304,0.0,0.0
2001-08-03 00:00:00-04:00,198.21604919433594,198.21604919433594,186.32308959960938,194.25173950195312,121,0.0,0.0
2001-08-06 00:00:00-04:00,186.32308959960938,190.28741455078125,184.73736572265625,188.70169067382812,188,0.0,0.0
2001-08-07 00:00:00-04:00,183.9445037841797,188.70169067382812,183.15164184570312,188.70169067382812,32,0.0,0.0
2001-08-08 00:00:00-04:00,184.73736572265625,194.25173950195312,180.77304077148438,194.25173950195312,48,0.0,0.0
2001-08-09 00:00:00-04:00,194.25173950195312,194.25173950195312,194.25173950195312,194.25173950195312,0,0.0,0.0
2001-08-10 00:00:00-04:00,194.25173950195312,194.25173950195312,194.25173950195312,194.25173950195312,0,0.0,0.0
2001-08-13 00:00:00-04:00,183.15164184570312,190.28741455078125,181.56590270996094,186.32308959960938,262,0.0,0.0
2001-08-14 00:00:00-04:00,182.3587646484375,188.70169067382812,182.3587646484375,188.70169067382812,44,0.0,0.0
2001-08-15 00:00:00-04:00,185.5302276611328,186.32308959960938,181.56590270996094,186.32308959960938,130,0.0,0.0
2001-08-16 00:00:00-04:00,186.32308959960938,186.32308959960938,186.32308959960938,186.32308959960938,0,0.0,0.0
2001-08-17 00:00:00-04:00,173.63726806640625,185.5302276611328,167.2943572998047,182.3587646484375,169,0.0,0.0
2001-08-20 00:00:00-04:00,167.2943572998047,182.3587646484375,167.2943572998047,182.3587646484375,52,0.0,0.0
2001-08-21 00:00:00-04:00,168.8800811767578,181.56590270996094,168.8800811767578,178.3944549560547,19,0.0,0.0
2001-08-22 00:00:00-04:00,167.2943572998047,176.8087158203125,167.2943572998047,176.8087158203125,82,0.0,0.0
2001-08-23 00:00:00-04:00,167.2943572998047,179.9801788330078,167.2943572998047,179.9801788330078,290,0.0,0.0
2001-08-24 00:00:00-04:00,179.18731689453125,179.18731689453125,178.3944549560547,179.18731689453125,67,0.0,0.0
2001-08-27 00:00:00-04:00,171.2586669921875,179.18731689453125,171.2586669921875,179.18731689453125,16,0.0,0.0
2001-08-28 00:00:00-04:00,156.98712158203125,172.05152893066406,153.81565856933594,170.46580505371094,1183,0.0,0.0
2001-08-29 00:00:00-04:00,155.40138244628906,164.91575622558594,150.64419555664062,164.91575622558594,159,0.0,0.0
2001-08-30 00:00:00-04:00,149.0584716796875,165.7086181640625,149.0584716796875,162.53717041015625,90,0.0,0.0
2001-08-31 00:00:00-04:00,149.0584716796875,166.50148010253906,143.5084228515625,166.50148010253906,203,0.0,0.0
2001-09-04 00:00:00-04:00,158.57284545898438,165.7086181640625,142.71556091308594,158.57284545898438,212,0.0,0.0
2001-09-05 00:00:00-04:00,141.1298370361328,157.7799835205078,137.9583740234375,156.98712158203125,158,0.0,0.0
2001-09-06 00:00:00-04:00,142.71556091308594,154.6085205078125,138.75123596191406,143.5084228515625,122,0.0,0.0
2001-09-07 00:00:00-04:00,137.9583740234375,149.0584716796875,130.82260131835938,149.0584716796875,137,0.0,0.0
2001-09-10 00:00:00-04:00,130.82260131835938,138.75123596191406,122.89395141601562,130.82260131835938,526,0.0,0.0
2001-09-17 00:00:00-04:00,124.47968292236328,130.82260131835938,107.03666687011719,111.00099182128906,182,0.0,0.0
2001-09-18 00:00:00-04:00,126.06541442871094,126.06541442871094,126.06541442871094,126.06541442871094,4,0.0,0.0
2001-09-19 00:00:00-04:00,115.7581787109375,133.99404907226562,115.7581787109375,133.99404907226562,145,0.0,0.0
2001-09-20 00:00:00-04:00,117.34390258789062,122.89395141601562,107.82953643798828,117.34390258789062,146,0.0,0.0
2001-09-21 00:00:00-04:00,108.62239837646484,115.7581787109375,107.03666687011719,115.7581787109375,144,0.0,0.0
2001-09-24 00:00:00-04:00,107.03666687011719,130.82260131835938,107.03666687011719,130.0297393798828,392,0.0,0.0
2001-09-25 00:00:00-04:00,129.2368621826172,130.0297393798828,118.92963409423828,126.8582763671875,195,0.0,0.0
2001-09-26 00:00:00-04:00,130.0297393798828,145.88702392578125,130.0297393798828,138.75123596191406,216,0.0,0.0
2001-09-27 00:00:00-04:00,129.2368621826172,134.7869110107422,128.44400024414062,134.7869110107422,86,0.0,0.0
2001-09-28 00:00:00-04:00,133.99404907226562,137.9583740234375,123.68682098388672,135.5797882080078,372,0.0,0.0
2001-10-01 00:00:00-04:00,131.61546325683594,141.92269897460938,131.61546325683594,141.92269897460938,42,0.0,0.0
2001-10-02 00:00:00-04:00,138.75123596191406,141.92269897460938,138.75123596191406,141.92269897460938,39,0.0,0.0
2001-10-03 00:00:00-04:00,117.34390258789062,147.47274780273438,93.55797576904297,147.47274780273438,627,0.0,0.0
2001-10-04 00:00:00-04:00,130.0297393798828,148.26560974121094,130.0297393798828,148.26560974121094,8,0.0,0.0
2001-10-05 00:00:00-04:00,148.26560974121094,148.26560974121094,148.26560974121094,148.26560974121094,0,0.0,0.0
2001-10-08 00:00:00-04:00,121.3082275390625,137.9583740234375,121.3082275390625,137.9583740234375,28,0.0,0.0
2001-10-09 00:00:00-04:00,121.3082275390625,137.9583740234375,121.3082275390625,137.9583740234375,15,0.0,0.0
2001-10-10 00:00:00-04:00,97.52230072021484,134.7869110107422,97.52230072021484,134.7869110107422,467,0.0,0.0
2001-10-11 00:00:00-04:00,130.82260131835938,134.7869110107422,130.82260131835938,134.7869110107422,30,0.0,0.0
2001-10-12 00:00:00-04:00,118.13677215576172,140.3369598388672,113.37958526611328,113.37958526611328,48,0.0,0.0
2001-10-15 00:00:00-04:00,105.45094299316406,134.7869110107422,105.45094299316406,122.89395141601562,173,0.0,0.0
2001-10-16 00:00:00-04:00,104.65807342529297,121.3082275390625,104.65807342529297,121.3082275390625,134,0.0,0.0
2001-10-17 00:00:00-04:00,112.58672332763672,122.89395141601562,72.15064239501953,114.17244720458984,232,0.0,0.0
2001-10-18 00:00:00-04:00,112.58672332763672,112.58672332763672,112.58672332763672,112.58672332763672,95,0.0,0.0
2001-10-19 00:00:00-04:00,107.03666687011719,116.55104064941406,107.03666687011719,113.37958526611328,184,0.0,0.0
2001-10-22 00:00:00-04:00,103.07234954833984,116.55104064941406,83.25074005126953,111.00099182128906,293,0.0,0.0
2001-10-23 00:00:00-04:00,103.07234954833984,127.65113830566406,103.07234954833984,122.89395141601562,306,0.0,0.0
2001-10-24 00:00:00-04:00,117.34390258789062,126.8582763671875,114.9653091430664,126.8582763671875,106,0.0,0.0
2001-10-25 00:00:00-04:00,109.4152603149414,124.47968292236328,109.4152603149414,124.47968292236328,14,0.0,0.0
2001-10-26 00:00:00-04:00,126.06541442871094,133.20118713378906,114.9653091430664,133.20118713378906,193,0.0,0.0
2001-10-29 00:00:00-05:00,133.20118713378906,133.20118713378906,111.00099182128906,131.61546325683594,172,0.0,0.0
2001-10-30 00:00:00-05:00,110.2081298828125,133.20118713378906,110.2081298828125,126.06541442871094,197,0.0,0.0
2001-10-31 00:00:00-05:00,111.00099182128906,128.44400024414062,111.00099182128906,128.44400024414062,5,0.0,0.0
2001-11-01 00:00:00-05:00,111.00099182128906,133.20118713378906,110.2081298828125,132.4083251953125,25,0.0,0.0
2001-11-02 00:00:00-05:00,110.2081298828125,131.61546325683594,109.4152603149414,131.61546325683594,50,0.0,0.0
2001-11-05 00:00:00-05:00,111.00099182128906,126.06541442871094,111.00099182128906,126.06541442871094,3,0.0,0.0
2001-11-06 00:00:00-05:00,118.92963409423828,118.92963409423828,114.9653091430664,118.92963409423828,53,0.0,0.0
2001-11-07 00:00:00-05:00,111.00099182128906,122.89395141601562,111.00099182128906,120.51536560058594,743,0.0,0.0
2001-11-08 00:00:00-05:00,110.2081298828125,122.89395141601562,110.2081298828125,118.13677215576172,450,0.0,0.0
2001-11-09 00:00:00-05:00,118.13677215576172,118.13677215576172,118.13677215576172,118.13677215576172,0,0.0,0.0
2001-11-12 00:00:00-05:00,118.92963409423828,126.8582763671875,114.9653091430664,126.8582763671875,836,0.0,0.0
2001-11-13 00:00:00-05:00,126.8582763671875,134.7869110107422,122.10108947753906,134.7869110107422,83,0.0,0.0
2001-11-14 00:00:00-05:00,126.8582763671875,134.7869110107422,121.3082275390625,121.3082275390625,79,0.0,0.0
2001-11-15 00:00:00-05:00,133.99404907226562,133.99404907226562,122.10108947753906,130.82260131835938,13,0.0,0.0
2001-11-16 00:00:00-05:00,122.10108947753906,130.82260131835938,122.10108947753906,130.82260131835938,14,0.0,0.0
2001-11-19 00:00:00-05:00,130.82260131835938,133.99404907226562,122.10108947753906,133.99404907226562,192,0.0,0.0
2001-11-20 00:00:00-05:00,126.8582763671875,137.9583740234375,126.8582763671875,137.9583740234375,227,0.0,0.0
2001-11-21 00:00:00-05:00,134.7869110107422,137.9583740234375,127.65113830566406,137.9583740234375,76,0.0,0.0
2001-11-23 00:00:00-05:00,137.9583740234375,137.9583740234375,137.9583740234375,137.9583740234375,0,0.0,0.0
2001-11-26 00:00:00-05:00,137.16551208496094,142.71556091308594,137.16551208496094,142.71556091308594,334,0.0,0.0
2001-11-27 00:00:00-05:00,143.5084228515625,143.5084228515625,134.7869110107422,141.92269897460938,57,0.0,0.0
2001-11-28 00:00:00-05:00,141.92269897460938,141.92269897460938,130.82260131835938,134.7869110107422,34,0.0,0.0
2001-11-29 00:00:00-05:00,140.3369598388672,140.3369598388672,127.65113830566406,137.9583740234375,16,0.0,0.0
2001-11-30 00:00:00-05:00,137.9583740234375,137.9583740234375,119.72249603271484,137.16551208496094,62,0.0,0.0
2001-12-03 00:00:00-05:00,137.16551208496094,138.75123596191406,123.68682098388672,136.37265014648438,231,0.0,0.0
2001-12-04 00:00:00-05:00,137.9583740234375,137.9583740234375,106.24380493164062,135.5797882080078,62,0.0,0.0
2001-12-05 00:00:00-05:00,122.10108947753906,134.7869110107422,122.10108947753906,134.7869110107422,67,0.0,0.0
2001-12-06 00:00:00-05:00,125.27254486083984,133.20118713378906,125.27254486083984,133.20118713378906,66,0.0,0.0
2001-12-07 00:00:00-05:00,125.27254486083984,135.5797882080078,118.13677215576172,133.20118713378906,69,0.0,0.0
2001-12-10 00:00:00-05:00,125.27254486083984,138.75123596191406,125.27254486083984,137.16551208496094,190,0.0,0.0
2001-12-11 00:00:00-05:00,133.99404907226562,138.75123596191406,131.61546325683594,134.7869110107422,219,0.0,0.0
2001-12-12 00:00:00-05:00,128.44400024414062,136.37265014648438,126.8582763671875,136.37265014648438,124,0.0,0.0
2001-12-13 00:00:00-05:00,127.65113830566406,130.82260131835938,125.27254486083984,125.27254486083984,55,0.0,0.0
2001-12-14 00:00:00-05:00,130.82260131835938,130.82260131835938,122.10108947753906,128.44400024414062,81,0.0,0.0
2001-12-17 00:00:00-05:00,121.3082275390625,133.99404907226562,121.3082275390625,133.20118713378906,93,0.0,0.0
2001-12-18 00:00:00-05:00,118.13677215576172,133.20118713378906,118.13677215576172,131.61546325683594,67,0.0,0.0
2001-12-19 00:00:00-05:00,120.51536560058594,131.61546325683594,116.55104064941406,131.61546325683594,92,0.0,0.0
2001-12-20 00:00:00-05:00,126.8582763671875,137.9583740234375,125.27254486083984,130.0297393798828,459,0.0,0.0
2001-12-21 00:00:00-05:00,118.92963409423828,133.99404907226562,118.92963409423828,131.61546325683594,528,0.0,0.0
2001-12-24 00:00:00-05:00,124.47968292236328,130.82260131835938,124.47968292236328,129.2368621826172,126,0.0,0.0
2001-12-26 00:00:00-05:00,122.10108947753906,152.2299346923828,122.10108947753906,152.2299346923828,1454,0.0,0.0
2001-12-27 00:00:00-05:00,145.88702392578125,153.81565856933594,145.88702392578125,153.81565856933594,231,0.0,0.0
2001-12-28 00:00:00-05:00,157.7799835205078,158.57284545898438,133.20118713378906,157.7799835205078,351,0.0,0.0
2001-12-31 00:00:00-05:00,142.71556091308594,162.53717041015625,142.71556091308594,160.1585693359375,863,0.0,0.0
2002-01-02 00:00:00-05:00,150.64419555664062,164.12289428710938,150.64419555664062,160.95143127441406,37,0.0,0.0
2002-01-03 00:00:00-05:00,164.91575622558594,164.91575622558594,163.3300323486328,163.3300323486328,39,0.0,0.0
2002-01-04 00:00:00-05:00,154.6085205078125,159.36570739746094,150.64419555664062,154.6085205078125,146,0.0,0.0
2002-01-07 00:00:00-05:00,150.64419555664062,158.57284545898438,142.71556091308594,156.98712158203125,146,0.0,0.0
2002-01-08 00:00:00-05:00,150.64419555664062,150.64419555664062,139.54409790039062,149.85133361816406,343,0.0,0.0
2002-01-09 00:00:00-05:00,157.7799835205078,157.7799835205078,142.71556091308594,153.02279663085938,8,0.0,0.0
2002-01-10 00:00:00-05:00,142.71556091308594,150.64419555664062,142.71556091308594,149.85133361816406,13,0.0,0.0
2002-01-11 00:00:00-05:00,149.85133361816406,153.81565856933594,149.85133361816406,153.81565856933594,13,0.0,0.0
2002-01-14 00:00:00-05:00,149.0584716796875,157.7799835205078,146.6798858642578,157.7799835205078,55,0.0,0.0
2002-01-15 00:00:00-05:00,149.0584716796875,149.85133361816406,142.71556091308594,147.47274780273438,102,0.0,0.0
2002-01-16 00:00:00-05:00,139.54409790039062,147.47274780273438,139.54409790039062,147.47274780273438,68,0.0,0.0
2002-01-17 00:00:00-05:00,137.9583740234375,146.6798858642578,137.9583740234375,146.6798858642578,93,0.0,0.0
2002-01-18 00:00:00-05:00,131.61546325683594,145.09414672851562,126.8582763671875,145.09414672851562,53,0.0,0.0
2002-01-22 00:00:00-05:00,128.44400024414062,142.71556091308594,128.44400024414062,141.92269897460938,30,0.0,0.0
2002-01-23 00:00:00-05:00,141.92269897460938,141.92269897460938,141.92269897460938,141.92269897460938,0,0.0,0.0
2002-01-24 00:00:00-05:00,141.92269897460938,141.92269897460938,141.92269897460938,141.92269897460938,0,0.0,0.0
2002-01-25 00:00:00-05:00,129.2368621826172,139.54409790039062,127.65113830566406,138.75123596191406,62,0.0,0.0
2002-01-28 00:00:00-05:00,138.75123596191406,146.6798858642578,131.61546325683594,141.92269897460938,314,0.0,0.0
2002-01-29 00:00:00-05:00,145.88702392578125,158.57284545898438,145.88702392578125,157.7799835205078,4665,0.0,0.0
2002-01-30 00:00:00-05:00,154.6085205078125,155.40138244628906,121.3082275390625,153.02279663085938,1657,0.0,0.0
2002-01-31 00:00:00-05:00,150.64419555664062,157.7799835205078,149.85133361816406,153.02279663085938,1799,0.0,0.0
2002-02-01 00:00:00-05:00,156.98712158203125,156.98712158203125,156.98712158203125,156.98712158203125,1,0.0,0.0
2002-02-04 00:00:00-05:00,154.6085205078125,164.91575622558594,154.6085205078125,157.7799835205078,337,0.0,0.0
2002-02-05 00:00:00-05:00,157.7799835205078,157.7799835205078,154.6085205078125,156.98712158203125,53,0.0,0.0
2002-02-06 00:00:00-05:00,153.02279663085938,154.6085205078125,141.92269897460938,153.02279663085938,3289,0.0,0.0
2002-02-07 00:00:00-05:00,150.64419555664062,150.64419555664062,141.92269897460938,149.0584716796875,942,0.0,0.0
2002-02-08 00:00:00-05:00,149.0584716796875,152.2299346923828,142.71556091308594,149.0584716796875,2393,0.0,0.0
2002-02-11 00:00:00-05:00,144.30128479003906,148.26560974121094,140.3369598388672,148.26560974121094,254,0.0,0.0
2002-02-12 00:00:00-05:00,134.7869110107422,146.6798858642578,134.7869110107422,146.6798858642578,49,0.0,0.0
2002-02-13 00:00:00-05:00,134.7869110107422,144.30128479003906,134.7869110107422,142.71556091308594,108,0.0,0.0
2002-02-14 00:00:00-05:00,136.37265014648438,142.71556091308594,136.37265014648438,141.92269897460938,66,0.0,0.0
2002-02-15 00:00:00-05:00,141.92269897460938,141.92269897460938,141.92269897460938,141.92269897460938,0,0.0,0.0
2002-02-19 00:00:00-05:00,136.37265014648438,142.71556091308594,114.9653091430664,142.71556091308594,154,0.0,0.0
2002-02-20 00:00:00-05:00,134.7869110107422,142.71556091308594,130.82260131835938,142.71556091308594,21,0.0,0.0
2002-02-21 00:00:00-05:00,138.75123596191406,138.75123596191406,138.75123596191406,138.75123596191406,5,0.0,0.0
2002-02-22 00:00:00-05:00,141.92269897460938,141.92269897460938,135.5797882080078,137.16551208496094,26,0.0,0.0
2002-02-25 00:00:00-05:00,130.82260131835938,134.7869110107422,122.89395141601562,134.7869110107422,48,0.0,0.0
2002-02-26 00:00:00-05:00,141.92269897460938,141.92269897460938,128.44400024414062,138.75123596191406,68,0.0,0.0
2002-02-27 00:00:00-05:00,130.82260131835938,141.1298370361328,130.82260131835938,138.75123596191406,383,0.0,0.0
2002-02-28 00:00:00-05:00,134.7869110107422,141.1298370361328,126.8582763671875,141.1298370361328,174,0.0,0.0
2002-03-01 00:00:00-05:00,128.44400024414062,140.3369598388672,128.44400024414062,140.3369598388672,23,0.0,0.0
2002-03-04 00:00:00-05:00,126.8582763671875,138.75123596191406,126.8582763671875,138.75123596191406,67,0.0,0.0
2002-03-05 00:00:00-05:00,137.9583740234375,137.9583740234375,137.9583740234375,137.9583740234375,4,0.0,0.0
2002-03-06 00:00:00-05:00,130.82260131835938,138.75123596191406,130.82260131835938,136.37265014648438,90,0.0,0.0
2002-03-07 00:00:00-05:00,130.82260131835938,137.9583740234375,130.82260131835938,137.9583740234375,5,0.0,0.0
2002-03-08 00:00:00-05:00,129.2368621826172,137.9583740234375,129.2368621826172,137.9583740234375,34,0.0,0.0
2002-03-11 00:00:00-05:00,137.9583740234375,137.9583740234375,134.7869110107422,137.9583740234375,91,0.0,0.0
2002-03-12 00:00:00-05:00,128.44400024414062,134.7869110107422,128.44400024414062,134.7869110107422,29,0.0,0.0
2002-03-13 00:00:00-05:00,128.44400024414062,134.7869110107422,128.44400024414062,134.7869110107422,35,0.0,0.0
2002-03-14 00:00:00-05:00,128.44400024414062,132.4083251953125,126.8582763671875,132.4083251953125,296,0.0,0.0
2002-03-15 00:00:00-05:00,122.89395141601562,130.82260131835938,118.92963409423828,130.82260131835938,254,0.0,0.0
2002-03-18 00:00:00-05:00,126.8582763671875,132.4083251953125,126.8582763671875,132.4083251953125,223,0.0,0.0
2002-03-19 00:00:00-05:00,125.27254486083984,132.4083251953125,125.27254486083984,131.61546325683594,38,0.0,0.0
2002-03-20 00:00:00-05:00,126.8582763671875,130.82260131835938,122.89395141601562,130.82260131835938,30,0.0,0.0
2002-03-21 00:00:00-05:00,130.82260131835938,130.82260131835938,130.82260131835938,130.82260131835938,0,0.0,0.0
2002-03-22 00:00:00-05:00,130.82260131835938,130.82260131835938,130.82260131835938,130.82260131835938,4,0.0,0.0
2002-03-25 00:00:00-05:00,132.4083251953125,132.4083251953125,132.4083251953125,132.4083251953125,8,0.0,0.0
2002-03-26 00:00:00-05:00,124.47968292236328,130.0297393798828,124.47968292236328,130.0297393798828,14,0.0,0.0
2002-03-27 00:00:00-05:00,130.0297393798828,130.0297393798828,130.0297393798828,130.0297393798828,0,0.0,0.0
2002-03-28 00:00:00-05:00,120.51536560058594,130.82260131835938,110.2081298828125,130.0297393798828,165,0.0,0.0
2002-04-01 00:00:00-05:00,130.0297393798828,133.20118713378906,126.8582763671875,133.20118713378906,108,0.0,0.0
2002-04-02 00:00:00-05:00,122.89395141601562,131.61546325683594,122.89395141601562,131.61546325683594,44,0.0,0.0
2002-04-03 00:00:00-05:00,122.89395141601562,126.8582763671875,122.89395141601562,126.8582763671875,33,0.0,0.0
2002-04-04 00:00:00-05:00,122.89395141601562,125.27254486083984,118.92963409423828,125.27254486083984,55,0.0,0.0
2002-04-05 00:00:00-05:00,122.89395141601562,126.06541442871094,122.89395141601562,126.06541442871094,69,0.0,0.0
2002-04-08 00:00:00-04:00,111.00099182128906,125.27254486083984,111.00099182128906,125.27254486083984,8,0.0,0.0
2002-04-09 00:00:00-04:00,125.27254486083984,125.27254486083984,125.27254486083984,125.27254486083984,0,0.0,0.0
2002-04-10 00:00:00-04:00,120.51536560058594,120.51536560058594,120.51536560058594,120.51536560058594,1,0.0,0.0
2002-04-11 00:00:00-04:00,111.79385375976562,120.51536560058594,111.79385375976562,119.72249603271484,153,0.0,0.0
2002-04-12 00:00:00-04:00,114.9653091430664,126.06541442871094,114.9653091430664,126.06541442871094,43,0.0,0.0
2002-04-15 00:00:00-04:00,112.58672332763672,122.89395141601562,112.58672332763672,120.51536560058594,32,0.0,0.0
2002-04-16 00:00:00-04:00,122.89395141601562,122.89395141601562,122.89395141601562,122.89395141601562,4,0.0,0.0
2002-04-17 00:00:00-04:00,112.58672332763672,125.27254486083984,112.58672332763672,125.27254486083984,6,0.0,0.0
2002-04-18 00:00:00-04:00,125.27254486083984,125.27254486083984,125.27254486083984,125.27254486083984,1,0.0,0.0
2002-04-19 00:00:00-04:00,114.9653091430664,122.89395141601562,114.9653091430664,122.89395141601562,8,0.0,0.0
2002-04-22 00:00:00-04:00,121.3082275390625,126.8582763671875,118.92963409423828,122.89395141601562,189,0.0,0.0
2002-04-23 00:00:00-04:00,113.37958526611328,122.89395141601562,113.37958526611328,118.92963409423828,69,0.0,0.0
2002-04-24 00:00:00-04:00,118.92963409423828,120.51536560058594,118.92963409423828,120.51536560058594,28,0.0,0.0
2002-04-25 00:00:00-04:00,113.37958526611328,118.92963409423828,108.62239837646484,117.34390258789062,1809,0.0,0.0
2002-04-26 00:00:00-04:00,118.13677215576172,121.3082275390625,114.9653091430664,116.55104064941406,19,0.0,0.0
2002-04-29 00:00:00-04:00,110.2081298828125,116.55104064941406,110.2081298828125,116.55104064941406,18,0.0,0.0
2002-04-30 00:00:00-04:00,110.2081298828125,110.2081298828125,87.2150650024414,109.4152603149414,235,0.0,0.0
2002-05-01 00:00:00-04:00,103.07234954833984,103.07234954833984,93.55797576904297,102.27948760986328,5,0.0,0.0
2002-05-02 00:00:00-04:00,108.62239837646484,108.62239837646484,93.55797576904297,108.62239837646484,5,0.0,0.0
2002-05-03 00:00:00-04:00,91.97225189208984,105.45094299316406,88.80079650878906,102.27948760986328,732,0.0,0.0
2002-05-06 00:00:00-04:00,90.38652038574219,101.48661804199219,90.38652038574219,99.10802459716797,213,0.0,0.0
2002-05-07 00:00:00-04:00,90.38652038574219,95.14370727539062,87.2150650024414,94.35084533691406,301,0.0,0.0
2002-05-08 00:00:00-04:00,91.97225189208984,91.97225189208984,84.04360961914062,88.80079650878906,190,0.0,0.0
2002-05-09 00:00:00-04:00,80.87215423583984,87.2150650024414,74.52923583984375,84.83647155761719,145,0.0,0.0
2002-05-10 00:00:00-04:00,81.6650161743164,88.80079650878906,79.28642272949219,87.2150650024414,190,0.0,0.0
2002-05-13 00:00:00-04:00,79.28642272949219,83.25074005126953,76.90782928466797,79.28642272949219,583,0.0,0.0
2002-05-14 00:00:00-04:00,77.70069122314453,80.07928466796875,77.70069122314453,79.28642272949219,170,0.0,0.0
2002-05-15 00:00:00-04:00,76.90782928466797,76.90782928466797,69.77204895019531,75.32209777832031,78,0.0,0.0
2002-05-16 00:00:00-04:00,73.73637390136719,79.28642272949219,71.35778045654297,73.73637390136719,426,0.0,0.0
2002-05-17 00:00:00-04:00,79.28642272949219,79.28642272949219,62.63627243041992,68.18632507324219,320,0.0,0.0
2002-05-20 00:00:00-04:00,79.28642272949219,79.28642272949219,64.22200012207031,70.5649185180664,1063,0.0,0.0
2002-05-21 00:00:00-04:00,63.42913818359375,67.3934555053711,63.42913818359375,65.0148696899414,101,0.0,0.0
2002-05-22 00:00:00-04:00,58.67195129394531,63.42913818359375,58.67195129394531,63.42913818359375,328,0.0,0.0
2002-05-23 00:00:00-04:00,58.67195129394531,73.73637390136719,58.67195129394531,68.97918701171875,2396,0.0,0.0
2002-05-24 00:00:00-04:00,71.35778045654297,71.35778045654297,65.0148696899414,70.5649185180664,43,0.0,0.0
2002-05-28 00:00:00-04:00,67.3934555053711,72.9435043334961,67.3934555053711,69.77204895019531,656,0.0,0.0
2002-05-29 00:00:00-04:00,67.3934555053711,68.18632507324219,63.42913818359375,65.0148696899414,1432,0.0,0.0
2002-05-30 00:00:00-04:00,65.0148696899414,69.77204895019531,65.0148696899414,68.18632507324219,470,0.0,0.0
2002-05-31 00:00:00-04:00,73.73637390136719,73.73637390136719,73.73637390136719,73.73637390136719,1,0.0,0.0
2002-06-03 00:00:00-04:00,67.3934555053711,76.90782928466797,67.3934555053711,76.90782928466797,435,0.0,0.0
2002-06-04 00:00:00-04:00,76.90782928466797,91.17938232421875,76.90782928466797,87.2150650024414,312,0.0,0.0
2002-06-05 00:00:00-04:00,87.2150650024414,93.55797576904297,87.2150650024414,91.17938232421875,568,0.0,0.0
2002-06-06 00:00:00-04:00,95.14370727539062,98.3151626586914,91.97225189208984,95.14370727539062,964,0.0,0.0
2002-06-07 00:00:00-04:00,94.35084533691406,94.35084533691406,94.35084533691406,94.35084533691406,6,0.0,0.0
2002-06-10 00:00:00-04:00,88.80079650878906,94.35084533691406,87.2150650024414,89.59365844726562,78,0.0,0.0
2002-06-11 00:00:00-04:00,89.59365844726562,90.38652038574219,78.49356079101562,88.00792694091797,805,0.0,0.0
2002-06-12 00:00:00-04:00,87.2150650024414,87.2150650024414,86.42220306396484,86.42220306396484,225,0.0,0.0
2002-06-13 00:00:00-04:00,79.28642272949219,87.2150650024414,79.28642272949219,87.2150650024414,1013,0.0,0.0
2002-06-14 00:00:00-04:00,76.90782928466797,88.80079650878906,76.90782928466797,88.80079650878906,410,0.0,0.0
2002-06-17 00:00:00-04:00,87.2150650024414,87.2150650024414,83.25074005126953,83.25074005126953,517,0.0,0.0
2002-06-18 00:00:00-04:00,79.28642272949219,83.25074005126953,79.28642272949219,83.25074005126953,3,0.0,0.0
2002-06-19 00:00:00-04:00,75.32209777832031,81.6650161743164,75.32209777832031,81.6650161743164,269,0.0,0.0
2002-06-20 00:00:00-04:00,73.73637390136719,80.87215423583984,73.73637390136719,80.87215423583984,3,0.0,0.0
2002-06-21 00:00:00-04:00,80.87215423583984,80.87215423583984,80.87215423583984,80.87215423583984,0,0.0,0.0
2002-06-24 00:00:00-04:00,72.9435043334961,80.87215423583984,72.9435043334961,74.52923583984375,44,0.0,0.0
2002-06-25 00:00:00-04:00,71.35778045654297,73.73637390136719,59.46481704711914,68.97918701171875,203,0.0,0.0
2002-06-26 00:00:00-04:00,63.42913818359375,83.25074005126953,63.42913818359375,82.45787811279297,2077,0.0,0.0
2002-06-27 00:00:00-04:00,79.28642272949219,85.62933349609375,79.28642272949219,84.04360961914062,151,0.0,0.0
2002-06-28 00:00:00-04:00,80.07928466796875,80.07928466796875,73.73637390136719,79.28642272949219,38,0.0,0.0
2002-07-01 00:00:00-04:00,75.32209777832031,83.25074005126953,75.32209777832031,83.25074005126953,180,0.0,0.0
2002-07-02 00:00:00-04:00,83.25074005126953,83.25074005126953,83.25074005126953,83.25074005126953,0,0.0,0.0
2002-07-03 00:00:00-04:00,65.0148696899414,86.42220306396484,64.22200012207031,79.28642272949219,604,0.0,0.0
2002-07-05 00:00:00-04:00,79.28642272949219,82.45787811279297,64.22200012207031,82.45787811279297,153,0.0,0.0
2002-07-08 00:00:00-04:00,79.28642272949219,83.25074005126953,79.28642272949219,81.6650161743164,602,0.0,0.0
2002-07-09 00:00:00-04:00,79.28642272949219,91.97225189208984,79.28642272949219,83.25074005126953,182,0.0,0.0
2002-07-10 00:00:00-04:00,71.35778045654297,83.25074005126953,71.35778045654297,83.25074005126953,25,0.0,0.0
2002-07-11 00:00:00-04:00,70.5649185180664,82.45787811279297,62.63627243041992,80.07928466796875,177,0.0,0.0
2002-07-12 00:00:00-04:00,80.07928466796875,80.07928466796875,80.07928466796875,80.07928466796875,0,0.0,0.0
2002-07-15 00:00:00-04:00,71.35778045654297,81.6650161743164,71.35778045654297,81.6650161743164,21,0.0,0.0
2002-07-16 00:00:00-04:00,76.1149673461914,83.25074005126953,76.1149673461914,83.25074005126953,3,0.0,0.0
2002-07-17 00:00:00-04:00,72.15064239501953,83.25074005126953,72.15064239501953,83.25074005126953,18,0.0,0.0
2002-07-18 00:00:00-04:00,83.25074005126953,83.25074005126953,83.25074005126953,83.25074005126953,0,0.0,0.0
2002-07-19 00:00:00-04:00,83.25074005126953,83.25074005126953,83.25074005126953,83.25074005126953,3,0.0,0.0
2002-07-22 00:00:00-04:00,72.15064239501953,85.62933349609375,72.15064239501953,79.28642272949219,81,0.0,0.0
2002-07-23 00:00:00-04:00,79.28642272949219,82.45787811279297,77.70069122314453,77.70069122314453,87,0.0,0.0
2002-07-24 00:00:00-04:00,77.70069122314453,79.28642272949219,77.70069122314453,79.28642272949219,18,0.0,0.0
2002-07-25 00:00:00-04:00,76.1149673461914,79.28642272949219,74.52923583984375,79.28642272949219,255,0.0,0.0
2002-07-26 00:00:00-04:00,74.52923583984375,79.28642272949219,72.15064239501953,79.28642272949219,401,0.0,0.0
2002-07-29 00:00:00-04:00,75.32209777832031,87.2150650024414,75.32209777832031,87.2150650024414,488,0.0,0.0
2002-07-30 00:00:00-04:00,74.52923583984375,95.14370727539062,74.52923583984375,86.42220306396484,212,0.0,0.0
2002-07-31 00:00:00-04:00,75.32209777832031,85.62933349609375,75.32209777832031,85.62933349609375,3,0.0,0.0
2002-08-01 00:00:00-04:00,85.62933349609375,85.62933349609375,85.62933349609375,85.62933349609375,0,0.0,0.0
2002-08-02 00:00:00-04:00,85.62933349609375,85.62933349609375,85.62933349609375,85.62933349609375,0,0.0,0.0
2002-08-05 00:00:00-04:00,76.1149673461914,80.87215423583984,76.1149673461914,76.1149673461914,21,0.0,0.0
2002-08-06 00:00:00-04:00,82.45787811279297,82.45787811279297,73.73637390136719,77.70069122314453,29,0.0,0.0
2002-08-07 00:00:00-04:00,78.49356079101562,78.49356079101562,78.49356079101562,78.49356079101562,3,0.0,0.0
2002-08-08 00:00:00-04:00,78.49356079101562,78.49356079101562,78.49356079101562,78.49356079101562,13,0.0,0.0
2002-08-09 00:00:00-04:00,73.73637390136719,77.70069122314453,72.15064239501953,72.15064239501953,9,0.0,0.0
2002-08-12 00:00:00-04:00,71.35778045654297,82.45787811279297,71.35778045654297,78.49356079101562,541,0.0,0.0
2002-08-13 00:00:00-04:00,70.5649185180664,80.87215423583984,70.5649185180664,80.87215423583984,3,0.0,0.0
2002-08-14 00:00:00-04:00,78.49356079101562,79.28642272949219,78.49356079101562,79.28642272949219,119,0.0,0.0
2002-08-15 00:00:00-04:00,79.28642272949219,79.28642272949219,79.28642272949219,79.28642272949219,38,0.0,0.0
2002-08-16 00:00:00-04:00,75.32209777832031,75.32209777832031,75.32209777832031,75.32209777832031,6,0.0,0.0
2002-08-19 00:00:00-04:00,68.97918701171875,71.35778045654297,68.97918701171875,71.35778045654297,16,0.0,0.0
2002-08-20 00:00:00-04:00,68.18632507324219,68.18632507324219,66.60059356689453,66.60059356689453,4,0.0,0.0
2002-08-21 00:00:00-04:00,64.22200012207031,65.80773162841797,64.22200012207031,64.22200012207031,93,0.0,0.0
2002-08-22 00:00:00-04:00,71.35778045654297,71.35778045654297,71.35778045654297,71.35778045654297,1,0.0,0.0
2002-08-23 00:00:00-04:00,71.35778045654297,74.52923583984375,61.84341049194336,74.52923583984375,50,0.0,0.0
2002-08-26 00:00:00-04:00,69.77204895019531,74.52923583984375,65.0148696899414,74.52923583984375,153,0.0,0.0
2002-08-27 00:00:00-04:00,74.52923583984375,74.52923583984375,74.52923583984375,74.52923583984375,64,0.0,0.0
2002-08-28 00:00:00-04:00,67.3934555053711,75.32209777832031,67.3934555053711,75.32209777832031,14,0.0,0.0
2002-08-29 00:00:00-04:00,71.35778045654297,75.32209777832031,71.35778045654297,75.32209777832031,4,0.0,0.0
2002-08-30 00:00:00-04:00,75.32209777832031,75.32209777832031,75.32209777832031,75.32209777832031,0,0.0,0.0
2002-09-03 00:00:00-04:00,71.35778045654297,72.9435043334961,60.25768280029297,72.9435043334961,83,0.0,0.0
2002-09-04 00:00:00-04:00,71.35778045654297,71.35778045654297,61.84341049194336,71.35778045654297,34,0.0,0.0
2002-09-05 00:00:00-04:00,61.84341049194336,71.35778045654297,61.84341049194336,71.35778045654297,6,0.0,0.0
2002-09-06 00:00:00-04:00,61.84341049194336,68.97918701171875,61.84341049194336,68.97918701171875,16,0.0,0.0
2002-09-09 00:00:00-04:00,61.84341049194336,70.5649185180664,61.84341049194336,70.5649185180664,8,0.0,0.0
2002-09-10 00:00:00-04:00,67.3934555053711,69.77204895019531,67.3934555053711,69.77204895019531,3,0.0,0.0
2002-09-11 00:00:00-04:00,63.42913818359375,79.28642272949219,63.42913818359375,79.28642272949219,164,0.0,0.0
2002-09-12 00:00:00-04:00,75.32209777832031,76.90782928466797,75.32209777832031,76.90782928466797,28,0.0,0.0
2002-09-13 00:00:00-04:00,73.73637390136719,76.90782928466797,73.73637390136719,76.90782928466797,5,0.0,0.0
2002-09-16 00:00:00-04:00,71.35778045654297,76.90782928466797,71.35778045654297,76.90782928466797,10,0.0,0.0
2002-09-17 00:00:00-04:00,76.90782928466797,76.90782928466797,76.90782928466797,76.90782928466797,0,0.0,0.0
2002-09-18 00:00:00-04:00,67.3934555053711,75.32209777832031,63.42913818359375,75.32209777832031,85,0.0,0.0
2002-09-19 00:00:00-04:00,64.22200012207031,67.3934555053711,64.22200012207031,67.3934555053711,73,0.0,0.0
2002-09-20 00:00:00-04:00,64.22200012207031,76.90782928466797,59.46481704711914,76.1149673461914,57,0.0,0.0
2002-09-23 00:00:00-04:00,76.1149673461914,76.1149673461914,76.1149673461914,76.1149673461914,0,0.0,0.0
2002-09-24 00:00:00-04:00,70.5649185180664,70.5649185180664,70.5649185180664,70.5649185180664,3,0.0,0.0
2002-09-25 00:00:00-04:00,70.5649185180664,70.5649185180664,70.5649185180664,70.5649185180664,1,0.0,0.0
2002-09-26 00:00:00-04:00,58.67195129394531,69.77204895019531,58.67195129394531,69.77204895019531,4,0.0,0.0
2002-09-27 00:00:00-04:00,58.67195129394531,68.97918701171875,57.87908935546875,68.18632507324219,35,0.0,0.0
2002-09-30 00:00:00-04:00,57.08622360229492,61.05054473876953,51.53617477416992,55.50049591064453,137,0.0,0.0
2002-10-01 00:00:00-04:00,53.91476821899414,55.50049591064453,50.743309020996094,51.53617477416992,127,0.0,0.0
2002-10-02 00:00:00-04:00,49.95044708251953,65.0148696899414,47.57185363769531,62.63627243041992,583,0.0,0.0
2002-10-03 00:00:00-04:00,47.57185363769531,65.80773162841797,47.57185363769531,62.63627243041992,241,0.0,0.0
2002-10-04 00:00:00-04:00,56.29336166381836,59.46481704711914,49.95044708251953,49.95044708251953,449,0.0,0.0
2002-10-07 00:00:00-04:00,48.36471939086914,60.25768280029297,48.36471939086914,60.25768280029297,275,0.0,0.0
2002-10-08 00:00:00-04:00,51.53617477416992,68.18632507324219,47.57185363769531,68.18632507324219,272,0.0,0.0
2002-10-09 00:00:00-04:00,56.29336166381836,63.42913818359375,56.29336166381836,63.42913818359375,120,0.0,0.0
2002-10-10 00:00:00-04:00,56.29336166381836,61.84341049194336,56.29336166381836,61.84341049194336,3,0.0,0.0
2002-10-11 00:00:00-04:00,55.50049591064453,61.84341049194336,51.53617477416992,61.84341049194336,28,0.0,0.0
2002-10-14 00:00:00-04:00,49.95044708251953,66.60059356689453,47.57185363769531,66.60059356689453,32,0.0,0.0
2002-10-15 00:00:00-04:00,62.63627243041992,74.52923583984375,60.25768280029297,74.52923583984375,177,0.0,0.0
2002-10-16 00:00:00-04:00,74.52923583984375,74.52923583984375,74.52923583984375,74.52923583984375,0,0.0,0.0
2002-10-17 00:00:00-04:00,74.52923583984375,74.52923583984375,74.52923583984375,74.52923583984375,0,0.0,0.0
2002-10-18 00:00:00-04:00,59.46481704711914,74.52923583984375,59.46481704711914,69.77204895019531,90,0.0,0.0
2002-10-21 00:00:00-04:00,60.25768280029297,60.25768280029297,51.53617477416992,53.91476821899414,1269,0.0,0.0
2002-10-22 00:00:00-04:00,57.08622360229492,57.08622360229492,57.08622360229492,57.08622360229492,1,0.0,0.0
2002-10-23 00:00:00-04:00,53.12190246582031,54.7076301574707,50.743309020996094,53.12190246582031,102,0.0,0.0
2002-10-24 00:00:00-04:00,49.95044708251953,57.08622360229492,49.95044708251953,56.29336166381836,423,0.0,0.0
2002-10-25 00:00:00-04:00,57.87908935546875,63.42913818359375,57.08622360229492,61.05054473876953,50,0.0,0.0
2002-10-28 00:00:00-05:00,55.50049591064453,59.46481704711914,55.50049591064453,58.67195129394531,203,0.0,0.0
2002-10-29 00:00:00-05:00,53.91476821899414,58.67195129394531,47.57185363769531,58.67195129394531,399,0.0,0.0
2002-10-30 00:00:00-05:00,58.67195129394531,58.67195129394531,58.67195129394531,58.67195129394531,0,0.0,0.0
2002-10-31 00:00:00-05:00,48.36471939086914,57.08622360229492,48.36471939086914,56.29336166381836,78,0.0,0.0
2002-11-01 00:00:00-05:00,53.12190246582031,57.08622360229492,52.32904052734375,57.08622360229492,240,0.0,0.0
2002-11-04 00:00:00-05:00,57.08622360229492,59.46481704711914,50.743309020996094,59.46481704711914,590,0.0,0.0
2002-11-05 00:00:00-05:00,59.46481704711914,59.46481704711914,59.46481704711914,59.46481704711914,0,0.0,0.0
2002-11-06 00:00:00-05:00,55.50049591064453,58.67195129394531,53.91476821899414,58.67195129394531,54,0.0,0.0
2002-11-07 00:00:00-05:00,57.87908935546875,58.67195129394531,57.87908935546875,58.67195129394531,8,0.0,0.0
2002-11-08 00:00:00-05:00,55.50049591064453,57.08622360229492,55.50049591064453,57.08622360229492,179,0.0,0.0
2002-11-11 00:00:00-05:00,57.08622360229492,57.08622360229492,57.08622360229492,57.08622360229492,0,0.0,0.0
2002-11-12 00:00:00-05:00,53.91476821899414,56.29336166381836,53.91476821899414,56.29336166381836,21,0.0,0.0
2002-11-13 00:00:00-05:00,51.53617477416992,54.7076301574707,45.193260192871094,47.57185363769531,594,0.0,0.0
2002-11-14 00:00:00-05:00,48.36471939086914,49.95044708251953,43.6075325012207,47.57185363769531,108,0.0,0.0
2002-11-15 00:00:00-05:00,49.95044708251953,50.743309020996094,42.02180480957031,50.743309020996094,869,0.0,0.0
2002-11-18 00:00:00-05:00,49.95044708251953,50.743309020996094,49.95044708251953,50.743309020996094,82,0.0,0.0
2002-11-19 00:00:00-05:00,49.95044708251953,54.7076301574707,49.95044708251953,54.7076301574707,40,0.0,0.0
2002-11-20 00:00:00-05:00,51.53617477416992,53.91476821899414,51.53617477416992,53.12190246582031,42,0.0,0.0
2002-11-21 00:00:00-05:00,53.91476821899414,53.91476821899414,53.91476821899414,53.91476821899414,1,0.0,0.0
2002-11-22 00:00:00-05:00,49.95044708251953,55.50049591064453,49.95044708251953,55.50049591064453,18,0.0,0.0
2002-11-25 00:00:00-05:00,49.95044708251953,55.50049591064453,46.778987884521484,55.50049591064453,189,0.0,0.0
2002-11-26 00:00:00-05:00,54.7076301574707,54.7076301574707,51.53617477416992,51.53617477416992,55,0.0,0.0
2002-11-27 00:00:00-05:00,54.7076301574707,55.50049591064453,51.53617477416992,54.7076301574707,79,0.0,0.0
2002-11-29 00:00:00-05:00,54.7076301574707,57.08622360229492,54.7076301574707,56.29336166381836,148,0.0,0.0
2002-12-02 00:00:00-05:00,52.32904052734375,58.67195129394531,51.53617477416992,58.67195129394531,74,0.0,0.0
2002-12-03 00:00:00-05:00,53.12190246582031,57.87908935546875,49.95044708251953,57.87908935546875,20,0.0,0.0
2002-12-04 00:00:00-05:00,57.87908935546875,57.87908935546875,57.87908935546875,57.87908935546875,0,0.0,0.0
2002-12-05 00:00:00-05:00,52.32904052734375,55.50049591064453,52.32904052734375,55.50049591064453,3,0.0,0.0
2002-12-06 00:00:00-05:00,53.91476821899414,56.29336166381836,53.91476821899414,56.29336166381836,14,0.0,0.0
2002-12-09 00:00:00-05:00,53.12190246582031,56.29336166381836,53.12190246582031,56.29336166381836,78,0.0,0.0
2002-12-10 00:00:00-05:00,53.12190246582031,54.7076301574707,52.32904052734375,52.32904052734375,517,0.0,0.0
2002-12-11 00:00:00-05:00,51.53617477416992,55.50049591064453,51.53617477416992,55.50049591064453,40,0.0,0.0
2002-12-12 00:00:00-05:00,51.53617477416992,55.50049591064453,51.53617477416992,55.50049591064453,16,0.0,0.0
2002-12-13 00:00:00-05:00,53.12190246582031,54.7076301574707,53.12190246582031,53.12190246582031,49,0.0,0.0
2002-12-16 00:00:00-05:00,53.12190246582031,53.91476821899414,49.95044708251953,53.91476821899414,49,0.0,0.0
2002-12-17 00:00:00-05:00,49.95044708251953,53.12190246582031,48.36471939086914,51.53617477416992,14,0.0,0.0
2002-12-18 00:00:00-05:00,52.32904052734375,54.7076301574707,51.53617477416992,54.7076301574707,241,0.0,0.0
2002-12-19 00:00:00-05:00,54.7076301574707,54.7076301574707,54.7076301574707,54.7076301574707,0,0.0,0.0
2002-12-20 00:00:00-05:00,47.57185363769531,55.50049591064453,47.57185363769531,55.50049591064453,86,0.0,0.0
2002-12-23 00:00:00-05:00,51.53617477416992,54.7076301574707,50.743309020996094,54.7076301574707,66,0.0,0.0
2002-12-24 00:00:00-05:00,49.95044708251953,54.7076301574707,47.57185363769531,54.7076301574707,241,0.0,0.0
2002-12-26 00:00:00-05:00,48.36471939086914,54.7076301574707,48.36471939086914,54.7076301574707,225,0.0,0.0
2002-12-27 00:00:00-05:00,54.7076301574707,57.08622360229492,53.91476821899414,53.91476821899414,111,0.0,0.0
2002-12-30 00:00:00-05:00,55.50049591064453,57.08622360229492,51.53617477416992,57.08622360229492,93,0.0,0.0
2002-12-31 00:00:00-05:00,54.7076301574707,54.7076301574707,43.6075325012207,52.32904052734375,1906,0.0,0.0
2003-01-02 00:00:00-05:00,53.12190246582031,53.12190246582031,48.36471939086914,53.12190246582031,48,0.0,0.0
2003-01-03 00:00:00-05:00,49.1575813293457,52.32904052734375,49.1575813293457,52.32904052734375,14,0.0,0.0
2003-01-06 00:00:00-05:00,52.32904052734375,52.32904052734375,52.32904052734375,52.32904052734375,4,0.0,0.0
2003-01-07 00:00:00-05:00,52.32904052734375,52.32904052734375,52.32904052734375,52.32904052734375,0,0.0,0.0
2003-01-08 00:00:00-05:00,49.1575813293457,51.53617477416992,39.643211364746094,51.53617477416992,119,0.0,0.0
2003-01-09 00:00:00-05:00,51.53617477416992,51.53617477416992,51.53617477416992,51.53617477416992,0,0.0,0.0
2003-01-10 00:00:00-05:00,44.400394439697266,47.57185363769531,44.400394439697266,47.57185363769531,29,0.0,0.0
2003-01-13 00:00:00-05:00,44.400394439697266,46.778987884521484,41.228939056396484,45.98612594604492,585,0.0,0.0
2003-01-14 00:00:00-05:00,44.400394439697266,45.98612594604492,43.6075325012207,45.193260192871094,37,0.0,0.0
2003-01-15 00:00:00-05:00,45.193260192871094,47.57185363769531,43.6075325012207,47.57185363769531,82,0.0,0.0
2003-01-16 00:00:00-05:00,47.57185363769531,48.36471939086914,41.228939056396484,48.36471939086914,52,0.0,0.0
2003-01-17 00:00:00-05:00,43.6075325012207,48.36471939086914,41.228939056396484,48.36471939086914,66,0.0,0.0
2003-01-21 00:00:00-05:00,42.814666748046875,45.98612594604492,42.814666748046875,45.98612594604492,10,0.0,0.0
2003-01-22 00:00:00-05:00,42.814666748046875,43.6075325012207,37.264617919921875,42.02180480957031,49,0.0,0.0
2003-01-23 00:00:00-05:00,38.0574836730957,44.400394439697266,38.0574836730957,42.814666748046875,23,0.0,0.0
2003-01-24 00:00:00-05:00,42.814666748046875,42.814666748046875,42.814666748046875,42.814666748046875,0,0.0,0.0
2003-01-27 00:00:00-05:00,42.814666748046875,42.814666748046875,42.814666748046875,42.814666748046875,0,0.0,0.0
2003-01-28 00:00:00-05:00,39.643211364746094,41.228939056396484,39.643211364746094,40.436073303222656,38,0.0,0.0
2003-01-29 00:00:00-05:00,39.643211364746094,44.400394439697266,38.850345611572266,44.400394439697266,76,0.0,0.0
2003-01-30 00:00:00-05:00,39.643211364746094,39.643211364746094,38.850345611572266,39.643211364746094,187,0.0,0.0
2003-01-31 00:00:00-05:00,38.0574836730957,39.643211364746094,38.0574836730957,38.850345611572266,117,0.0,0.0
2003-02-03 00:00:00-05:00,38.0574836730957,40.436073303222656,38.0574836730957,38.850345611572266,61,0.0,0.0
2003-02-04 00:00:00-05:00,38.0574836730957,38.850345611572266,38.0574836730957,38.850345611572266,58,0.0,0.0
2003-02-05 00:00:00-05:00,36.47175216674805,38.0574836730957,36.47175216674805,37.264617919921875,107,0.0,0.0
2003-02-06 00:00:00-05:00,35.678890228271484,40.436073303222656,35.678890228271484,40.436073303222656,150,0.0,0.0
2003-02-07 00:00:00-05:00,37.264617919921875,37.264617919921875,37.264617919921875,37.264617919921875,4,0.0,0.0
2003-02-10 00:00:00-05:00,37.264617919921875,37.264617919921875,37.264617919921875,37.264617919921875,0,0.0,0.0
2003-02-11 00:00:00-05:00,33.300296783447266,35.678890228271484,33.300296783447266,35.678890228271484,88,0.0,0.0
2003-02-12 00:00:00-05:00,31.714569091796875,35.678890228271484,31.714569091796875,35.678890228271484,5,0.0,0.0
2003-02-13 00:00:00-05:00,32.5074348449707,36.47175216674805,32.5074348449707,36.47175216674805,33,0.0,0.0
2003-02-14 00:00:00-05:00,36.47175216674805,37.264617919921875,36.47175216674805,37.264617919921875,9,0.0,0.0
2003-02-18 00:00:00-05:00,33.300296783447266,37.264617919921875,32.5074348449707,36.47175216674805,93,0.0,0.0
2003-02-19 00:00:00-05:00,32.5074348449707,35.678890228271484,32.5074348449707,35.678890228271484,4,0.0,0.0
2003-02-20 00:00:00-05:00,36.47175216674805,36.47175216674805,36.47175216674805,36.47175216674805,25,0.0,0.0
2003-02-21 00:00:00-05:00,36.47175216674805,36.47175216674805,36.47175216674805,36.47175216674805,0,0.0,0.0
2003-02-24 00:00:00-05:00,36.47175216674805,38.0574836730957,36.47175216674805,38.0574836730957,34,0.0,0.0
2003-02-25 00:00:00-05:00,37.264617919921875,38.850345611572266,36.47175216674805,38.850345611572266,100,0.0,0.0
2003-02-26 00:00:00-05:00,35.678890228271484,38.0574836730957,35.678890228271484,38.0574836730957,39,0.0,0.0
2003-02-27 00:00:00-05:00,38.0574836730957,38.0574836730957,38.0574836730957,38.0574836730957,0,0.0,0.0
2003-02-28 00:00:00-05:00,34.886024475097656,38.0574836730957,34.886024475097656,38.0574836730957,14,0.0,0.0
2003-03-03 00:00:00-05:00,36.47175216674805,38.850345611572266,36.47175216674805,38.850345611572266,131,0.0,0.0
2003-03-04 00:00:00-05:00,37.264617919921875,38.850345611572266,35.678890228271484,35.678890228271484,286,0.0,0.0
2003-03-05 00:00:00-05:00,38.0574836730957,38.0574836730957,35.678890228271484,38.0574836730957,5,0.0,0.0
2003-03-06 00:00:00-05:00,38.0574836730957,38.0574836730957,38.0574836730957,38.0574836730957,0,0.0,0.0
2003-03-07 00:00:00-05:00,38.0574836730957,38.0574836730957,38.0574836730957,38.0574836730957,0,0.0,0.0
2003-03-10 00:00:00-05:00,34.093162536621094,38.0574836730957,34.093162536621094,38.0574836730957,14,0.0,0.0
2003-03-11 00:00:00-05:00,34.093162536621094,37.264617919921875,34.093162536621094,37.264617919921875,63,0.0,0.0
2003-03-12 00:00:00-05:00,33.300296783447266,34.886024475097656,33.300296783447266,34.886024475097656,39,0.0,0.0
2003-03-13 00:00:00-05:00,35.678890228271484,35.678890228271484,35.678890228271484,35.678890228271484,3,0.0,0.0
2003-03-14 00:00:00-05:00,35.678890228271484,35.678890228271484,35.678890228271484,35.678890228271484,0,0.0,0.0
2003-03-17 00:00:00-05:00,37.264617919921875,37.264617919921875,34.886024475097656,34.886024475097656,5,0.0,0.0
2003-03-18 00:00:00-05:00,36.47175216674805,36.47175216674805,33.300296783447266,34.886024475097656,47,0.0,0.0
2003-03-19 00:00:00-05:00,32.5074348449707,36.47175216674805,32.5074348449707,36.47175216674805,45,0.0,0.0
2003-03-20 00:00:00-05:00,31.714569091796875,35.678890228271484,30.92170524597168,35.678890228271484,73,0.0,0.0
2003-03-21 00:00:00-05:00,32.5074348449707,34.886024475097656,32.5074348449707,34.886024475097656,6,0.0,0.0
2003-03-24 00:00:00-05:00,30.12883949279785,34.093162536621094,30.12883949279785,34.093162536621094,67,0.0,0.0
2003-03-25 00:00:00-05:00,33.300296783447266,38.850345611572266,33.300296783447266,37.264617919921875,201,0.0,0.0
2003-03-26 00:00:00-05:00,37.264617919921875,38.850345611572266,35.678890228271484,38.850345611572266,564,0.0,0.0
2003-03-27 00:00:00-05:00,39.643211364746094,39.643211364746094,35.678890228271484,38.850345611572266,95,0.0,0.0
2003-03-28 00:00:00-05:00,38.850345611572266,38.850345611572266,38.850345611572266,38.850345611572266,0,0.0,0.0
2003-03-31 00:00:00-05:00,37.264617919921875,38.850345611572266,37.264617919921875,38.850345611572266,14305,0.0,0.0
2003-04-01 00:00:00-05:00,34.886024475097656,44.400394439697266,34.886024475097656,38.850345611572266,394,0.0,0.0
2003-04-02 00:00:00-05:00,38.850345611572266,38.850345611572266,38.850345611572266,38.850345611572266,10,0.0,0.0
2003-04-03 00:00:00-05:00,38.850345611572266,38.850345611572266,35.678890228271484,38.0574836730957,96,0.0,0.0
2003-04-04 00:00:00-05:00,38.0574836730957,38.0574836730957,38.0574836730957,38.0574836730957,0,0.0,0.0
2003-04-07 00:00:00-04:00,35.678890228271484,38.850345611572266,32.5074348449707,38.0574836730957,426,0.0,0.0
2003-04-08 00:00:00-04:00,35.678890228271484,37.264617919921875,35.678890228271484,37.264617919921875,50,0.0,0.0
2003-04-09 00:00:00-04:00,38.0574836730957,44.400394439697266,38.0574836730957,42.02180480957031,185,0.0,0.0
2003-04-10 00:00:00-04:00,41.228939056396484,46.778987884521484,41.228939056396484,46.778987884521484,928,0.0,0.0
2003-04-11 00:00:00-04:00,46.778987884521484,51.53617477416992,45.98612594604492,51.53617477416992,98,0.0,0.0
2003-04-14 00:00:00-04:00,45.98612594604492,51.53617477416992,45.98612594604492,46.778987884521484,55,0.0,0.0
2003-04-15 00:00:00-04:00,45.98612594604492,47.57185363769531,44.400394439697266,47.57185363769531,76,0.0,0.0
2003-04-16 00:00:00-04:00,46.778987884521484,49.95044708251953,44.400394439697266,47.57185363769531,49,0.0,0.0
2003-04-17 00:00:00-04:00,46.778987884521484,46.778987884521484,46.778987884521484,46.778987884521484,4,0.0,0.0
2003-04-21 00:00:00-04:00,45.193260192871094,45.193260192871094,45.193260192871094,45.193260192871094,59,0.0,0.0
2003-04-22 00:00:00-04:00,44.400394439697266,47.57185363769531,44.400394439697266,47.57185363769531,37,0.0,0.0
2003-04-23 00:00:00-04:00,48.36471939086914,50.743309020996094,48.36471939086914,50.743309020996094,24,0.0,0.0
2003-04-24 00:00:00-04:00,50.743309020996094,54.7076301574707,47.57185363769531,49.1575813293457,271,0.0,0.0
2003-04-25 00:00:00-04:00,48.36471939086914,54.7076301574707,47.57185363769531,52.32904052734375,8,0.0,0.0
2003-04-28 00:00:00-04:00,52.32904052734375,52.32904052734375,49.95044708251953,50.743309020996094,267,0.0,0.0
2003-04-29 00:00:00-04:00,49.1575813293457,49.1575813293457,45.98612594604492,47.57185363769531,211,0.0,0.0
2003-04-30 00:00:00-04:00,47.57185363769531,47.57185363769531,47.57185363769531,47.57185363769531,25,0.0,0.0
2003-05-01 00:00:00-04:00,46.778987884521484,46.778987884521484,44.400394439697266,45.193260192871094,295,0.0,0.0
2003-05-02 00:00:00-04:00,43.6075325012207,45.98612594604492,42.02180480957031,44.400394439697266,320,0.0,0.0
2003-05-05 00:00:00-04:00,43.6075325012207,45.193260192871094,39.643211364746094,44.400394439697266,1814,0.0,0.0
2003-05-06 00:00:00-04:00,44.400394439697266,44.400394439697266,42.02180480957031,42.814666748046875,183,0.0,0.0
2003-05-07 00:00:00-04:00,42.814666748046875,42.814666748046875,42.814666748046875,42.814666748046875,175,0.0,0.0
2003-05-08 00:00:00-04:00,42.814666748046875,42.814666748046875,42.02180480957031,42.02180480957031,19,0.0,0.0
2003-05-09 00:00:00-04:00,42.02180480957031,44.400394439697266,41.228939056396484,43.6075325012207,187,0.0,0.0
2003-05-12 00:00:00-04:00,40.436073303222656,54.7076301574707,40.436073303222656,47.57185363769531,1553,0.0,0.0
2003-05-13 00:00:00-04:00,47.57185363769531,47.57185363769531,44.400394439697266,46.778987884521484,87,0.0,0.0
2003-05-14 00:00:00-04:00,45.193260192871094,45.193260192871094,41.228939056396484,42.814666748046875,377,0.0,0.0
2003-05-15 00:00:00-04:00,43.6075325012207,47.57185363769531,43.6075325012207,45.193260192871094,198,0.0,0.0
2003-05-16 00:00:00-04:00,44.400394439697266,44.400394439697266,44.400394439697266,44.400394439697266,74,0.0,0.0
2003-05-19 00:00:00-04:00,43.6075325012207,43.6075325012207,41.228939056396484,41.228939056396484,72,0.0,0.0
2003-05-20 00:00:00-04:00,41.228939056396484,41.228939056396484,41.228939056396484,41.228939056396484,117,0.0,0.0
2003-05-21 00:00:00-04:00,40.436073303222656,45.193260192871094,38.850345611572266,42.02180480957031,39,0.0,0.0
2003-05-22 00:00:00-04:00,40.436073303222656,40.436073303222656,39.643211364746094,40.436073303222656,114,0.0,0.0
2003-05-23 00:00:00-04:00,43.6075325012207,43.6075325012207,38.850345611572266,41.228939056396484,199,0.0,0.0
2003-05-27 00:00:00-04:00,39.643211364746094,42.814666748046875,38.850345611572266,42.02180480957031,502,0.0,0.0
2003-05-28 00:00:00-04:00,39.643211364746094,40.436073303222656,38.0574836730957,39.643211364746094,202,0.0,0.0
2003-05-29 00:00:00-04:00,41.62537384033203,42.616451263427734,39.643211364746094,39.643211364746094,298,0.0,0.25
2003-05-30 00:00:00-04:00,39.643211364746094,39.643211364746094,39.643211364746094,39.643211364746094,0,0.0,0.0
2003-06-02 00:00:00-04:00,41.427154541015625,41.427154541015625,38.255699157714844,38.255699157714844,35,0.0,0.0
2003-06-03 00:00:00-04:00,40.237857818603516,40.237857818603516,40.237857818603516,40.237857818603516,30,0.0,0.0
2003-06-04 00:00:00-04:00,39.841426849365234,44.99504470825195,39.841426849365234,44.400394439697266,378,0.0,0.0
2003-06-05 00:00:00-04:00,42.616451263427734,42.616451263427734,41.228939056396484,41.228939056396484,76,0.0,0.0
2003-06-06 00:00:00-04:00,44.59861373901367,44.59861373901367,44.59861373901367,44.59861373901367,35,0.0,0.0
2003-06-09 00:00:00-04:00,42.22002029418945,42.22002029418945,39.643211364746094,39.643211364746094,166,0.0,0.0
2003-06-10 00:00:00-04:00,39.44499588012695,44.400394439697266,39.44499588012695,44.400394439697266,61,0.0,0.0
2003-06-11 00:00:00-04:00,44.400394439697266,44.400394439697266,40.436073303222656,42.22002029418945,71,0.0,0.0
2003-06-12 00:00:00-04:00,40.8325080871582,40.8325080871582,40.8325080871582,40.8325080871582,71,0.0,0.0
2003-06-13 00:00:00-04:00,39.048561096191406,40.63429260253906,38.255699157714844,38.255699157714844,61,0.0,0.0
2003-06-16 00:00:00-04:00,37.66105270385742,39.44499588012695,37.66105270385742,39.44499588012695,45,0.0,0.0
2003-06-17 00:00:00-04:00,39.44499588012695,39.44499588012695,39.44499588012695,39.44499588012695,0,0.0,0.0
2003-06-18 00:00:00-04:00,40.039642333984375,40.039642333984375,39.048561096191406,39.44499588012695,141,0.0,0.0
2003-06-19 00:00:00-04:00,37.66105270385742,41.427154541015625,37.66105270385742,37.66105270385742,121,0.0,0.0
2003-06-20 00:00:00-04:00,37.462833404541016,37.462833404541016,37.462833404541016,37.462833404541016,35,0.0,0.0
2003-06-23 00:00:00-04:00,37.462833404541016,37.462833404541016,37.462833404541016,37.462833404541016,5,0.0,0.0
2003-06-24 00:00:00-04:00,37.462833404541016,37.462833404541016,36.66997146606445,36.66997146606445,318,0.0,0.0
2003-06-25 00:00:00-04:00,36.66997146606445,37.462833404541016,36.66997146606445,37.462833404541016,484,0.0,0.0
2003-06-26 00:00:00-04:00,36.66997146606445,36.66997146606445,36.66997146606445,36.66997146606445,35,0.0,0.0
2003-06-27 00:00:00-04:00,37.462833404541016,37.462833404541016,37.462833404541016,37.462833404541016,25,0.0,0.0
2003-06-30 00:00:00-04:00,39.44499588012695,39.44499588012695,39.44499588012695,39.44499588012695,5,0.0,0.0
2003-07-01 00:00:00-04:00,39.44499588012695,39.44499588012695,39.44499588012695,39.44499588012695,0,0.0,0.0
2003-07-02 00:00:00-04:00,37.85926818847656,37.85926818847656,36.66997146606445,36.66997146606445,61,0.0,0.0
2003-07-03 00:00:00-04:00,37.264617919921875,37.264617919921875,36.075321197509766,36.075321197509766,30,0.0,0.0
2003-07-07 00:00:00-04:00,36.075321197509766,36.075321197509766,36.075321197509766,36.075321197509766,237,0.0,0.0
2003-07-08 00:00:00-04:00,36.075321197509766,36.075321197509766,36.075321197509766,36.075321197509766,0,0.0,0.0
2003-07-09 00:00:00-04:00,36.273536682128906,41.030723571777344,35.877105712890625,41.030723571777344,479,0.0,0.0
2003-07-10 00:00:00-04:00,41.030723571777344,41.228939056396484,34.093162536621094,41.030723571777344,938,0.0,0.0
2003-07-11 00:00:00-04:00,41.030723571777344,41.030723571777344,39.44499588012695,39.44499588012695,151,0.0,0.0
2003-07-14 00:00:00-04:00,34.687808990478516,48.166500091552734,34.687808990478516,44.59861373901367,3713,0.0,0.0
2003-07-15 00:00:00-04:00,43.40931701660156,43.6075325012207,37.66105270385742,39.643211364746094,863,0.0,0.0
2003-07-16 00:00:00-04:00,37.66105270385742,39.643211364746094,37.66105270385742,38.255699157714844,126,0.0,0.0
2003-07-17 00:00:00-04:00,38.652130126953125,38.850345611572266,38.453914642333984,38.652130126953125,328,0.0,0.0
2003-07-18 00:00:00-04:00,38.453914642333984,38.453914642333984,38.255699157714844,38.255699157714844,10,0.0,0.0
2003-07-21 00:00:00-04:00,38.0574836730957,38.0574836730957,36.868186950683594,36.868186950683594,96,0.0,0.0
2003-07-22 00:00:00-04:00,36.66997146606445,36.868186950683594,36.47175216674805,36.47175216674805,141,0.0,0.0
2003-07-23 00:00:00-04:00,36.273536682128906,36.868186950683594,34.687808990478516,36.868186950683594,131,0.0,0.0
2003-07-24 00:00:00-04:00,36.66997146606445,37.462833404541016,36.66997146606445,37.462833404541016,66,0.0,0.0
2003-07-25 00:00:00-04:00,37.66105270385742,38.850345611572266,37.66105270385742,37.66105270385742,328,0.0,0.0
2003-07-28 00:00:00-04:00,37.85926818847656,38.255699157714844,37.85926818847656,38.255699157714844,20,0.0,0.0
2003-07-29 00:00:00-04:00,38.0574836730957,38.652130126953125,38.0574836730957,38.652130126953125,30,0.0,0.0
2003-07-30 00:00:00-04:00,37.264617919921875,37.462833404541016,36.47175216674805,36.47175216674805,81,0.0,0.0
2003-07-31 00:00:00-04:00,36.47175216674805,37.85926818847656,36.47175216674805,37.66105270385742,141,0.0,0.0
2003-08-01 00:00:00-04:00,37.66105270385742,37.66105270385742,37.66105270385742,37.66105270385742,76,0.0,0.0
2003-08-04 00:00:00-04:00,37.462833404541016,37.462833404541016,37.462833404541016,37.462833404541016,25,0.0,0.0
2003-08-05 00:00:00-04:00,37.462833404541016,37.66105270385742,36.47175216674805,36.47175216674805,313,0.0,0.0
2003-08-06 00:00:00-04:00,36.47175216674805,36.47175216674805,36.273536682128906,36.273536682128906,66,0.0,0.0
2003-08-07 00:00:00-04:00,36.273536682128906,36.273536682128906,36.273536682128906,36.273536682128906,5,0.0,0.0
2003-08-08 00:00:00-04:00,36.273536682128906,36.273536682128906,36.075321197509766,36.075321197509766,146,0.0,0.0
2003-08-11 00:00:00-04:00,35.877105712890625,35.877105712890625,34.093162536621094,34.687808990478516,172,0.0,0.0
2003-08-12 00:00:00-04:00,34.886024475097656,34.886024475097656,33.498512268066406,33.89494323730469,323,0.0,0.0
2003-08-13 00:00:00-04:00,34.687808990478516,35.2824592590332,33.498512268066406,33.498512268066406,35,0.0,0.0
2003-08-14 00:00:00-04:00,34.093162536621094,35.2824592590332,34.093162536621094,34.687808990478516,61,0.0,0.0
2003-08-15 00:00:00-04:00,34.687808990478516,34.687808990478516,34.687808990478516,34.687808990478516,0,0.0,0.0
2003-08-18 00:00:00-04:00,33.89494323730469,34.093162536621094,33.69672775268555,34.093162536621094,277,0.0,0.0
2003-08-19 00:00:00-04:00,33.69672775268555,34.093162536621094,32.903865814208984,32.903865814208984,76,0.0,0.0
2003-08-20 00:00:00-04:00,32.705650329589844,33.102081298828125,31.912784576416016,33.102081298828125,207,0.0,0.0
2003-08-21 00:00:00-04:00,33.102081298828125,33.300296783447266,33.102081298828125,33.300296783447266,86,0.0,0.0
2003-08-22 00:00:00-04:00,33.300296783447266,33.300296783447266,33.300296783447266,33.300296783447266,55,0.0,0.0
2003-08-25 00:00:00-04:00,34.291378021240234,34.291378021240234,34.291378021240234,34.291378021240234,5,0.0,0.0
2003-08-26 00:00:00-04:00,34.291378021240234,34.291378021240234,34.291378021240234,34.291378021240234,0,0.0,0.0
2003-08-27 00:00:00-04:00,34.291378021240234,34.291378021240234,34.291378021240234,34.291378021240234,0,0.0,0.0
2003-08-28 00:00:00-04:00,34.291378021240234,34.291378021240234,34.291378021240234,34.291378021240234,0,0.0,0.0
2003-08-29 00:00:00-04:00,34.291378021240234,34.291378021240234,34.291378021240234,34.291378021240234,0,0.0,0.0
2003-09-02 00:00:00-04:00,33.498512268066406,33.498512268066406,33.102081298828125,33.102081298828125,101,0.0,0.0
2003-09-03 00:00:00-04:00,33.69672775268555,33.69672775268555,33.69672775268555,33.69672775268555,30,0.0,0.0
2003-09-04 00:00:00-04:00,33.498512268066406,33.498512268066406,32.705650329589844,32.705650329589844,399,0.0,0.0
2003-09-05 00:00:00-04:00,32.705650329589844,38.0574836730957,32.705650329589844,36.66997146606445,202,0.0,0.0
2003-09-08 00:00:00-04:00,36.868186950683594,37.66105270385742,36.868186950683594,36.868186950683594,217,0.0,0.0
2003-09-09 00:00:00-04:00,36.868186950683594,36.868186950683594,36.47175216674805,36.47175216674805,232,0.0,0.0
2003-09-10 00:00:00-04:00,36.66997146606445,36.66997146606445,36.47175216674805,36.47175216674805,222,0.0,0.0
2003-09-11 00:00:00-04:00,36.47175216674805,36.47175216674805,36.47175216674805,36.47175216674805,10,0.0,0.0
2003-09-12 00:00:00-04:00,36.66997146606445,36.868186950683594,36.66997146606445,36.868186950683594,20,0.0,0.0
2003-09-15 00:00:00-04:00,36.868186950683594,37.66105270385742,36.66997146606445,36.66997146606445,76,0.0,0.0
2003-09-16 00:00:00-04:00,36.47175216674805,36.47175216674805,35.678890228271484,36.075321197509766,156,0.0,0.0
2003-09-17 00:00:00-04:00,37.066402435302734,37.066402435302734,37.066402435302734,37.066402435302734,5,0.0,0.0
2003-09-18 00:00:00-04:00,37.066402435302734,37.066402435302734,36.47175216674805,36.66997146606445,318,0.0,0.0
2003-09-19 00:00:00-04:00,36.075321197509766,38.850345611572266,36.075321197509766,38.850345611572266,50,0.0,0.0
2003-09-22 00:00:00-04:00,37.66105270385742,38.652130126953125,35.480674743652344,35.480674743652344,303,0.0,0.0
2003-09-23 00:00:00-04:00,35.2824592590332,38.652130126953125,35.2824592590332,38.652130126953125,35,0.0,0.0
2003-09-24 00:00:00-04:00,38.652130126953125,38.652130126953125,38.652130126953125,38.652130126953125,0,0.0,0.0
2003-09-25 00:00:00-04:00,35.2824592590332,35.2824592590332,32.705650329589844,34.291378021240234,212,0.0,0.0
2003-09-26 00:00:00-04:00,34.291378021240234,34.291378021240234,34.291378021240234,34.291378021240234,0,0.0,0.0
2003-09-29 00:00:00-04:00,33.102081298828125,33.102081298828125,33.102081298828125,33.102081298828125,25,0.0,0.0
2003-09-30 00:00:00-04:00,33.102081298828125,33.102081298828125,33.102081298828125,33.102081298828125,5,0.0,0.0
2003-10-01 00:00:00-04:00,33.69672775268555,35.480674743652344,33.498512268066406,33.69672775268555,61,0.0,0.0
2003-10-02 00:00:00-04:00,32.903865814208984,38.453914642333984,32.903865814208984,36.66997146606445,373,0.0,0.0
2003-10-03 00:00:00-04:00,36.868186950683594,38.453914642333984,36.868186950683594,37.264617919921875,484,0.0,0.0
2003-10-06 00:00:00-04:00,37.66105270385742,39.643211364746094,37.66105270385742,39.643211364746094,237,0.0,0.0
2003-10-07 00:00:00-04:00,38.850345611572266,39.841426849365234,37.66105270385742,39.841426849365234,172,0.0,0.0
2003-10-08 00:00:00-04:00,39.841426849365234,39.841426849365234,39.841426849365234,39.841426849365234,0,0.0,0.0
2003-10-09 00:00:00-04:00,39.841426849365234,39.841426849365234,39.841426849365234,39.841426849365234,0,0.0,0.0
2003-10-10 00:00:00-04:00,37.462833404541016,37.462833404541016,37.066402435302734,37.462833404541016,81,0.0,0.0
2003-10-13 00:00:00-04:00,37.462833404541016,37.85926818847656,36.47175216674805,37.85926818847656,177,0.0,0.0
2003-10-14 00:00:00-04:00,39.048561096191406,41.82358932495117,39.048561096191406,41.82358932495117,464,0.0,0.0
2003-10-15 00:00:00-04:00,41.82358932495117,47.57185363769531,39.643211364746094,46.580772399902344,792,0.0,0.0
2003-10-16 00:00:00-04:00,47.57185363769531,51.53617477416992,46.3825569152832,51.53617477416992,782,0.0,0.0
2003-10-17 00:00:00-04:00,51.13974380493164,51.13974380493164,49.75223159790039,49.75223159790039,126,0.0,0.0
2003-10-20 00:00:00-04:00,49.75223159790039,52.72547149658203,49.355796813964844,52.72547149658203,923,0.0,0.0
2003-10-21 00:00:00-04:00,51.9326057434082,52.130821228027344,50.941524505615234,50.941524505615234,50,0.0,0.0
2003-10-22 00:00:00-04:00,52.72547149658203,56.29336166381836,52.72547149658203,53.518333435058594,373,0.0,0.0
2003-10-23 00:00:00-04:00,53.518333435058594,53.716552734375,53.32011795043945,53.716552734375,237,0.0,0.0
2003-10-24 00:00:00-04:00,53.716552734375,53.716552734375,53.716552734375,53.716552734375,0,0.0,0.0
2003-10-27 00:00:00-05:00,53.518333435058594,55.30228042602539,53.518333435058594,54.7076301574707,156,0.0,0.0
2003-10-28 00:00:00-05:00,51.53617477416992,52.92368698120117,51.53617477416992,52.32904052734375,126,0.0,0.0
2003-10-29 00:00:00-05:00,52.32904052734375,52.32904052734375,52.32904052734375,52.32904052734375,0,0.0,0.0
2003-10-30 00:00:00-05:00,51.53617477416992,51.53617477416992,51.53617477416992,51.53617477416992,40,0.0,0.0
2003-10-31 00:00:00-05:00,51.13974380493164,51.53617477416992,51.13974380493164,51.53617477416992,61,0.0,0.0
2003-11-03 00:00:00-05:00,51.53617477416992,53.716552734375,51.53617477416992,53.716552734375,111,0.0,0.0
2003-11-04 00:00:00-05:00,53.518333435058594,53.716552734375,53.32011795043945,53.716552734375,116,0.0,0.0
2003-11-05 00:00:00-05:00,53.716552734375,54.11298370361328,53.32011795043945,53.91476821899414,182,0.0,0.0
2003-11-06 00:00:00-05:00,53.716552734375,56.4915771484375,53.716552734375,56.4915771484375,166,0.0,0.0
2003-11-07 00:00:00-05:00,57.68087387084961,63.62735366821289,57.68087387084961,60.65411376953125,232,0.0,0.0
2003-11-10 00:00:00-05:00,63.42913818359375,63.42913818359375,60.65411376953125,60.65411376953125,106,0.0,0.0
2003-11-11 00:00:00-05:00,60.45589828491211,63.03270721435547,60.45589828491211,61.84341049194336,106,0.0,0.0
2003-11-12 00:00:00-05:00,63.62735366821289,63.62735366821289,61.24876022338867,61.44697570800781,353,0.0,0.0
2003-11-13 00:00:00-05:00,63.62735366821289,63.62735366821289,56.68979263305664,56.68979263305664,242,0.0,0.0
2003-11-14 00:00:00-05:00,56.68979263305664,56.68979263305664,56.68979263305664,56.68979263305664,0,0.0,0.0
2003-11-17 00:00:00-05:00,63.62735366821289,69.37561798095703,61.24876022338867,63.82556915283203,1952,0.0,0.0
2003-11-18 00:00:00-05:00,64.816650390625,66.79881286621094,56.4915771484375,57.87908935546875,510,0.0,0.0
2003-11-19 00:00:00-05:00,63.23092269897461,63.23092269897461,57.87908935546875,59.46481704711914,479,0.0,0.0
2003-11-20 00:00:00-05:00,51.9326057434082,59.2666015625,51.9326057434082,57.87908935546875,358,0.0,0.0
2003-11-21 00:00:00-05:00,56.68979263305664,56.68979263305664,56.68979263305664,56.68979263305664,50,0.0,0.0
2003-11-24 00:00:00-05:00,64.22200012207031,64.22200012207031,53.716552734375,54.50941467285156,469,0.0,0.0
2003-11-25 00:00:00-05:00,53.518333435058594,55.104061126708984,52.92368698120117,54.905845642089844,151,0.0,0.0
2003-11-26 00:00:00-05:00,56.88800811767578,62.63627243041992,53.518333435058594,60.65411376953125,464,0.0,0.0
2003-11-28 00:00:00-05:00,56.4915771484375,80.47571563720703,56.4915771484375,78.6917724609375,3294,0.0,0.0
2003-12-01 00:00:00-05:00,78.29534149169922,78.29534149169922,67.5916748046875,69.17740631103516,4228,0.0,0.0
2003-12-02 00:00:00-05:00,69.17740631103516,69.17740631103516,61.84341049194336,65.0148696899414,1725,0.0,0.0
2003-12-03 00:00:00-05:00,62.43805694580078,63.42913818359375,59.66303253173828,62.43805694580078,283,0.0,0.0
2003-12-04 00:00:00-05:00,61.05054473876953,63.62735366821289,59.46481704711914,61.64519119262695,621,0.0,0.0
2003-12-05 00:00:00-05:00,59.66303253173828,61.64519119262695,57.4826545715332,59.46481704711914,2205,0.0,0.0
2003-12-08 00:00:00-05:00,58.07730484008789,58.07730484008789,58.07730484008789,58.07730484008789,30,0.0,0.0
2003-12-09 00:00:00-05:00,57.68087387084961,58.07730484008789,55.50049591064453,55.69871139526367,676,0.0,0.0
2003-12-10 00:00:00-05:00,55.89692687988281,56.88800811767578,53.32011795043945,53.91476821899414,848,0.0,0.0
2003-12-11 00:00:00-05:00,54.11298370361328,62.43805694580078,52.32904052734375,59.46481704711914,1075,0.0,0.0
2003-12-12 00:00:00-05:00,59.66303253173828,64.02378845214844,59.66303253173828,61.44697570800781,2553,0.0,0.0
2003-12-15 00:00:00-05:00,67.3934555053711,67.3934555053711,59.06838607788086,62.43805694580078,600,0.0,0.0
2003-12-16 00:00:00-05:00,68.78096771240234,68.97918701171875,59.06838607788086,59.46481704711914,1256,0.0,0.0
2003-12-17 00:00:00-05:00,58.07730484008789,61.05054473876953,57.87908935546875,57.87908935546875,237,0.0,0.0
2003-12-18 00:00:00-05:00,57.68087387084961,59.46481704711914,57.4826545715332,58.07730484008789,141,0.0,0.0
2003-12-19 00:00:00-05:00,58.07730484008789,58.07730484008789,58.07730484008789,58.07730484008789,0,0.0,0.0
2003-12-22 00:00:00-05:00,57.4826545715332,59.2666015625,55.104061126708984,55.69871139526367,383,0.0,0.0
2003-12-23 00:00:00-05:00,55.104061126708984,58.67195129394531,55.104061126708984,55.50049591064453,187,0.0,0.0
2003-12-24 00:00:00-05:00,58.27552032470703,60.25768280029297,58.27552032470703,59.86124801635742,106,0.0,0.0
2003-12-26 00:00:00-05:00,59.66303253173828,60.25768280029297,56.68979263305664,58.27552032470703,283,0.0,0.0
2003-12-29 00:00:00-05:00,59.46481704711914,61.64519119262695,55.69871139526367,60.45589828491211,212,0.0,0.0
2003-12-30 00:00:00-05:00,59.46481704711914,60.25768280029297,57.68087387084961,60.25768280029297,283,0.0,0.0
2003-12-31 00:00:00-05:00,59.06838607788086,59.66303253173828,57.87908935546875,59.66303253173828,166,0.0,0.0
2004-01-02 00:00:00-05:00,60.45589828491211,60.45589828491211,57.68087387084961,57.68087387084961,207,0.0,0.0
2004-01-05 00:00:00-05:00,57.68087387084961,58.27552032470703,56.88800811767578,56.88800811767578,197,0.0,0.0
2004-01-06 00:00:00-05:00,56.4915771484375,60.25768280029297,55.50049591064453,59.46481704711914,661,0.0,0.0
2004-01-07 00:00:00-05:00,61.05054473876953,63.42913818359375,60.05946350097656,60.05946350097656,585,0.0,0.0
2004-01-08 00:00:00-05:00,56.4915771484375,62.83449172973633,56.4915771484375,58.47373580932617,182,0.0,0.0
2004-01-09 00:00:00-05:00,61.44697570800781,61.44697570800781,57.87908935546875,59.46481704711914,277,0.0,0.0
2004-01-12 00:00:00-05:00,61.44697570800781,61.44697570800781,59.06838607788086,61.44697570800781,368,0.0,0.0
2004-01-13 00:00:00-05:00,61.64519119262695,61.64519119262695,58.87016677856445,59.2666015625,701,0.0,0.0
2004-01-14 00:00:00-05:00,58.27552032470703,60.05946350097656,58.07730484008789,60.05946350097656,308,0.0,0.0
2004-01-15 00:00:00-05:00,58.27552032470703,60.25768280029297,57.87908935546875,60.25768280029297,323,0.0,0.0
2004-01-16 00:00:00-05:00,59.46481704711914,59.46481704711914,58.27552032470703,59.2666015625,848,0.0,0.0
2004-01-20 00:00:00-05:00,58.47373580932617,60.45589828491211,57.28443908691406,60.45589828491211,757,0.0,0.0
2004-01-21 00:00:00-05:00,59.46481704711914,59.46481704711914,57.68087387084961,58.87016677856445,676,0.0,0.0
2004-01-22 00:00:00-05:00,55.30228042602539,58.87016677856445,55.30228042602539,58.47373580932617,146,0.0,0.0
2004-01-23 00:00:00-05:00,57.68087387084961,57.68087387084961,57.4826545715332,57.68087387084961,383,0.0,0.0
2004-01-26 00:00:00-05:00,57.68087387084961,58.07730484008789,57.68087387084961,58.07730484008789,121,0.0,0.0
2004-01-27 00:00:00-05:00,58.07730484008789,58.07730484008789,57.68087387084961,58.07730484008789,328,0.0,0.0
2004-01-28 00:00:00-05:00,54.905845642089844,58.27552032470703,54.905845642089844,57.68087387084961,141,0.0,0.0
2004-01-29 00:00:00-05:00,57.68087387084961,57.68087387084961,57.68087387084961,57.68087387084961,106,0.0,0.0
2004-01-30 00:00:00-05:00,57.87908935546875,57.87908935546875,57.87908935546875,57.87908935546875,5,0.0,0.0
2004-02-02 00:00:00-05:00,56.4915771484375,58.07730484008789,56.4915771484375,57.68087387084961,172,0.0,0.0
2004-02-03 00:00:00-05:00,56.68979263305664,57.68087387084961,56.68979263305664,57.68087387084961,15,0.0,0.0
2004-02-04 00:00:00-05:00,56.4915771484375,57.4826545715332,51.53617477416992,55.30228042602539,303,0.0,0.0
2004-02-05 00:00:00-05:00,51.9326057434082,56.68979263305664,51.9326057434082,56.68979263305664,111,0.0,0.0
2004-02-06 00:00:00-05:00,56.68979263305664,56.68979263305664,56.68979263305664,56.68979263305664,0,0.0,0.0
2004-02-09 00:00:00-05:00,54.905845642089844,56.29336166381836,52.52725601196289,56.29336166381836,848,0.0,0.0
2004-02-10 00:00:00-05:00,53.518333435058594,56.68979263305664,52.92368698120117,55.30228042602539,399,0.0,0.0
2004-02-11 00:00:00-05:00,55.69871139526367,56.4915771484375,53.518333435058594,55.69871139526367,141,0.0,0.0
2004-02-12 00:00:00-05:00,55.30228042602539,55.69871139526367,53.716552734375,54.31119918823242,212,0.0,0.0
2004-02-13 00:00:00-05:00,53.716552734375,56.68979263305664,53.12190246582031,56.29336166381836,459,0.0,0.0
2004-02-17 00:00:00-05:00,53.12190246582031,55.50049591064453,53.12190246582031,55.50049591064453,252,0.0,0.0
2004-02-18 00:00:00-05:00,55.104061126708984,55.104061126708984,52.92368698120117,52.92368698120117,131,0.0,0.0
2004-02-19 00:00:00-05:00,54.50941467285156,54.50941467285156,54.31119918823242,54.31119918823242,86,0.0,0.0
2004-02-20 00:00:00-05:00,54.31119918823242,54.31119918823242,52.52725601196289,52.52725601196289,86,0.0,0.0
2004-02-23 00:00:00-05:00,52.52725601196289,53.12190246582031,47.17542266845703,47.37363815307617,666,0.0,0.0
2004-02-24 00:00:00-05:00,47.17542266845703,47.57185363769531,44.400394439697266,45.78791046142578,419,0.0,0.0
2004-02-25 00:00:00-05:00,48.36471939086914,48.36471939086914,46.3825569152832,48.166500091552734,182,0.0,0.0
2004-02-26 00:00:00-05:00,48.166500091552734,48.36471939086914,43.805747985839844,48.36471939086914,469,0.0,0.0
2004-02-27 00:00:00-05:00,48.56293487548828,49.355796813964844,45.193260192871094,49.355796813964844,348,0.0,0.0
2004-03-01 00:00:00-05:00,49.554012298583984,55.30228042602539,49.554012298583984,50.54509353637695,464,0.0,0.0
2004-03-02 00:00:00-05:00,53.518333435058594,53.518333435058594,49.95044708251953,49.95044708251953,222,0.0,0.0
2004-03-03 00:00:00-05:00,50.743309020996094,73.1417236328125,49.95044708251953,70.36669921875,7285,0.0,0.0
2004-03-04 00:00:00-05:00,78.29534149169922,113.97423553466797,76.31317901611328,79.28642272949219,42726,0.0,0.0
2004-03-05 00:00:00-05:00,74.33102416992188,76.90782928466797,62.43805694580078,66.79881286621094,6256,0.0,0.0
2004-03-08 00:00:00-05:00,64.6184310913086,67.98810577392578,61.44697570800781,62.43805694580078,2709,0.0,0.0
2004-03-09 00:00:00-05:00,63.23092269897461,65.21308135986328,60.65411376953125,61.44697570800781,2114,0.0,0.0
2004-03-10 00:00:00-05:00,60.65411376953125,61.44697570800781,56.4915771484375,61.24876022338867,1882,0.0,0.0
2004-03-11 00:00:00-05:00,57.4826545715332,60.45589828491211,57.4826545715332,59.46481704711914,1443,0.0,0.0
2004-03-12 00:00:00-05:00,57.4826545715332,57.4826545715332,55.50049591064453,57.28443908691406,515,0.0,0.0
2004-03-15 00:00:00-05:00,55.50049591064453,56.68979263305664,55.50049591064453,56.4915771484375,293,0.0,0.0
2004-03-16 00:00:00-05:00,56.29336166381836,61.44697570800781,56.29336166381836,58.07730484008789,313,0.0,0.0
2004-03-17 00:00:00-05:00,59.2666015625,62.43805694580078,58.87016677856445,61.84341049194336,1508,0.0,0.0
2004-03-18 00:00:00-05:00,65.0148696899414,65.0148696899414,57.87908935546875,61.44697570800781,676,0.0,0.0
2004-03-19 00:00:00-05:00,60.65411376953125,60.65411376953125,58.27552032470703,60.45589828491211,217,0.0,0.0
2004-03-22 00:00:00-05:00,65.41130065917969,65.41130065917969,55.69871139526367,57.87908935546875,787,0.0,0.0
2004-03-23 00:00:00-05:00,55.89692687988281,56.09514236450195,50.14866256713867,52.92368698120117,621,0.0,0.0
2004-03-24 00:00:00-05:00,51.53617477416992,51.53617477416992,48.76115036010742,48.76115036010742,535,0.0,0.0
2004-03-25 00:00:00-05:00,46.580772399902344,53.91476821899414,46.580772399902344,51.53617477416992,358,0.0,0.0
2004-03-26 00:00:00-05:00,49.554012298583984,51.53617477416992,49.355796813964844,51.53617477416992,444,0.0,0.0
2004-03-29 00:00:00-05:00,49.75223159790039,54.905845642089844,49.75223159790039,52.32904052734375,212,0.0,0.0
2004-03-30 00:00:00-05:00,51.73439025878906,53.518333435058594,51.53617477416992,53.518333435058594,303,0.0,0.0
2004-03-31 00:00:00-05:00,50.743309020996094,53.518333435058594,50.743309020996094,53.518333435058594,202,0.0,0.0
2004-04-01 00:00:00-05:00,53.716552734375,55.104061126708984,52.130821228027344,53.518333435058594,237,0.0,0.0
2004-04-02 00:00:00-05:00,54.31119918823242,65.21308135986328,51.73439025878906,55.89692687988281,1216,0.0,0.0
2004-04-05 00:00:00-04:00,61.44697570800781,61.44697570800781,55.104061126708984,55.30228042602539,394,0.0,0.0
2004-04-06 00:00:00-04:00,49.75223159790039,56.4915771484375,49.75223159790039,56.4915771484375,610,0.0,0.0
2004-04-07 00:00:00-04:00,55.50049591064453,58.07730484008789,54.7076301574707,55.69871139526367,343,0.0,0.0
2004-04-08 00:00:00-04:00,54.31119918823242,57.68087387084961,53.12190246582031,54.50941467285156,363,0.0,0.0
2004-04-12 00:00:00-04:00,54.50941467285156,57.28443908691406,54.11298370361328,57.28443908691406,187,0.0,0.0
2004-04-13 00:00:00-04:00,57.4826545715332,57.4826545715332,53.518333435058594,53.91476821899414,530,0.0,0.0
2004-04-14 00:00:00-04:00,59.06838607788086,64.42021942138672,53.716552734375,63.42913818359375,1710,0.0,0.0
2004-04-15 00:00:00-04:00,61.05054473876953,63.42913818359375,61.05054473876953,63.23092269897461,1337,0.0,0.0
2004-04-16 00:00:00-04:00,62.83449172973633,64.42021942138672,61.84341049194336,63.23092269897461,71,0.0,0.0
2004-04-19 00:00:00-04:00,62.63627243041992,64.42021942138672,62.43805694580078,64.42021942138672,610,0.0,0.0
2004-04-20 00:00:00-04:00,62.63627243041992,64.42021942138672,61.05054473876953,62.23984146118164,262,0.0,0.0
2004-04-21 00:00:00-04:00,61.24876022338867,61.24876022338867,55.89692687988281,57.4826545715332,873,0.0,0.0
2004-04-22 00:00:00-04:00,56.88800811767578,60.85232925415039,56.68979263305664,56.68979263305664,197,0.0,0.0
2004-04-23 00:00:00-04:00,59.2666015625,59.2666015625,59.2666015625,59.2666015625,50,0.0,0.0
2004-04-26 00:00:00-04:00,55.50049591064453,61.44697570800781,55.50049591064453,57.08622360229492,298,0.0,0.0
2004-04-27 00:00:00-04:00,59.66303253173828,59.66303253173828,58.07730484008789,58.07730484008789,20,0.0,0.0
2004-04-28 00:00:00-04:00,59.06838607788086,59.06838607788086,55.50049591064453,56.4915771484375,474,0.0,0.0
2004-04-29 00:00:00-04:00,54.50941467285156,58.87016677856445,51.53617477416992,52.32904052734375,288,0.0,0.0
2004-04-30 00:00:00-04:00,52.72547149658203,57.4826545715332,50.14866256713867,50.14866256713867,212,0.0,0.0
2004-05-03 00:00:00-04:00,54.31119918823242,54.50941467285156,51.53617477416992,53.32011795043945,187,0.0,0.0
2004-05-04 00:00:00-04:00,55.50049591064453,55.50049591064453,50.34687805175781,50.743309020996094,187,0.0,0.0
2004-05-05 00:00:00-04:00,50.743309020996094,54.11298370361328,50.743309020996094,52.92368698120117,207,0.0,0.0
2004-05-06 00:00:00-04:00,50.34687805175781,51.33795928955078,50.34687805175781,51.33795928955078,288,0.0,0.0
2004-05-07 00:00:00-04:00,49.554012298583984,54.11298370361328,49.554012298583984,51.73439025878906,96,0.0,0.0
2004-05-10 00:00:00-04:00,54.50941467285156,54.50941467285156,46.778987884521484,47.37363815307617,373,0.0,0.0
2004-05-11 00:00:00-04:00,49.554012298583984,49.554012298583984,43.805747985839844,46.977203369140625,303,0.0,0.0
2004-05-12 00:00:00-04:00,47.57185363769531,48.36471939086914,40.63429260253906,46.18434143066406,373,0.0,0.0
2004-05-13 00:00:00-04:00,48.95936584472656,48.95936584472656,41.228939056396484,45.391475677490234,257,0.0,0.0
2004-05-14 00:00:00-04:00,41.228939056396484,44.99504470825195,39.643211364746094,43.6075325012207,126,0.0,0.0
2004-05-17 00:00:00-04:00,39.643211364746094,39.841426849365234,35.08424377441406,39.048561096191406,908,0.0,0.0
2004-05-18 00:00:00-04:00,40.039642333984375,40.039642333984375,36.47175216674805,39.44499588012695,520,0.0,0.0
2004-05-19 00:00:00-04:00,38.652130126953125,42.22002029418945,38.652130126953125,39.24678039550781,146,0.0,0.0
2004-05-20 00:00:00-04:00,36.868186950683594,42.814666748046875,36.868186950683594,37.462833404541016,141,0.0,0.0
2004-05-21 00:00:00-04:00,36.868186950683594,42.02180480957031,35.08424377441406,35.08424377441406,424,0.0,0.0
2004-05-24 00:00:00-04:00,49.95044708251953,49.95044708251953,33.89494323730469,36.075321197509766,711,0.0,0.0
2004-05-25 00:00:00-04:00,33.69672775268555,36.868186950683594,32.3092155456543,36.273536682128906,1145,0.0,0.0
2004-05-26 00:00:00-04:00,34.093162536621094,37.462833404541016,34.093162536621094,36.273536682128906,252,0.0,0.0
2004-05-27 00:00:00-04:00,34.093162536621094,36.868186950683594,34.093162536621094,36.273536682128906,96,0.0,0.0
2004-05-28 00:00:00-04:00,34.093162536621094,36.868186950683594,34.093162536621094,36.868186950683594,101,0.0,0.0
2004-06-01 00:00:00-04:00,38.255699157714844,38.255699157714844,35.08424377441406,36.075321197509766,146,0.0,0.0
2004-06-02 00:00:00-04:00,36.273536682128906,36.47175216674805,36.075321197509766,36.075321197509766,76,0.0,0.0
2004-06-03 00:00:00-04:00,36.273536682128906,36.273536682128906,35.678890228271484,35.678890228271484,192,0.0,0.0
2004-06-04 00:00:00-04:00,37.264617919921875,37.264617919921875,37.264617919921875,37.264617919921875,5,0.0,0.0
2004-06-07 00:00:00-04:00,37.66105270385742,37.85926818847656,37.66105270385742,37.85926818847656,237,0.0,0.0
2004-06-08 00:00:00-04:00,37.66105270385742,38.453914642333984,37.66105270385742,38.453914642333984,388,0.0,0.0
2004-06-09 00:00:00-04:00,37.66105270385742,37.66105270385742,34.291378021240234,35.678890228271484,464,0.0,0.0
2004-06-10 00:00:00-04:00,37.066402435302734,39.44499588012695,37.066402435302734,39.24678039550781,661,0.0,0.0
2004-06-14 00:00:00-04:00,39.643211364746094,41.030723571777344,39.643211364746094,39.643211364746094,721,0.0,0.0
2004-06-15 00:00:00-04:00,35.877105712890625,40.039642333984375,35.877105712890625,39.048561096191406,247,0.0,0.0
2004-06-16 00:00:00-04:00,36.868186950683594,40.8325080871582,36.868186950683594,40.8325080871582,257,0.0,0.0
2004-06-17 00:00:00-04:00,41.228939056396484,41.228939056396484,38.850345611572266,40.039642333984375,439,0.0,0.0
2004-06-18 00:00:00-04:00,39.841426849365234,41.030723571777344,38.255699157714844,41.030723571777344,166,0.0,0.0
2004-06-21 00:00:00-04:00,39.841426849365234,41.228939056396484,38.652130126953125,39.44499588012695,373,0.0,0.0
2004-06-22 00:00:00-04:00,37.66105270385742,41.82358932495117,36.868186950683594,40.237857818603516,182,0.0,0.0
2004-06-23 00:00:00-04:00,35.877105712890625,40.8325080871582,35.877105712890625,39.048561096191406,96,0.0,0.0
2004-06-24 00:00:00-04:00,40.63429260253906,41.427154541015625,38.652130126953125,40.63429260253906,555,0.0,0.0
2004-06-25 00:00:00-04:00,41.427154541015625,43.012882232666016,41.427154541015625,42.814666748046875,111,0.0,0.0
2004-06-28 00:00:00-04:00,38.652130126953125,42.22002029418945,38.652130126953125,41.228939056396484,182,0.0,0.0
2004-06-29 00:00:00-04:00,41.030723571777344,41.62537384033203,39.643211364746094,41.62537384033203,81,0.0,0.0
2004-06-30 00:00:00-04:00,39.44499588012695,42.22002029418945,39.24678039550781,41.62537384033203,177,0.0,0.0
2004-07-01 00:00:00-04:00,39.24678039550781,41.82358932495117,39.048561096191406,40.436073303222656,197,0.0,0.0
2004-07-02 00:00:00-04:00,38.453914642333984,41.62537384033203,37.66105270385742,40.436073303222656,126,0.0,0.0
2004-07-06 00:00:00-04:00,40.237857818603516,42.02180480957031,39.048561096191406,39.048561096191406,308,0.0,0.0
2004-07-07 00:00:00-04:00,39.643211364746094,42.418235778808594,39.643211364746094,40.63429260253906,207,0.0,0.0
2004-07-08 00:00:00-04:00,38.453914642333984,42.814666748046875,38.453914642333984,40.436073303222656,217,0.0,0.0
2004-07-09 00:00:00-04:00,40.039642333984375,40.039642333984375,39.24678039550781,39.841426849365234,50,0.0,0.0
2004-07-12 00:00:00-04:00,39.24678039550781,40.237857818603516,39.24678039550781,40.039642333984375,55,0.0,0.0
2004-07-13 00:00:00-04:00,39.643211364746094,40.436073303222656,39.44499588012695,39.841426849365234,237,0.0,0.0
2004-07-14 00:00:00-04:00,39.643211364746094,39.643211364746094,38.453914642333984,39.643211364746094,116,0.0,0.0
2004-07-15 00:00:00-04:00,38.453914642333984,40.436073303222656,38.453914642333984,40.436073303222656,212,0.0,0.0
2004-07-16 00:00:00-04:00,40.436073303222656,40.63429260253906,38.652130126953125,39.643211364746094,262,0.0,0.0
2004-07-19 00:00:00-04:00,44.59861373901367,44.59861373901367,34.093162536621094,35.678890228271484,726,0.0,0.0
2004-07-20 00:00:00-04:00,36.66997146606445,37.462833404541016,34.489593505859375,37.462833404541016,414,0.0,0.0
2004-07-21 00:00:00-04:00,36.273536682128906,37.462833404541016,32.3092155456543,36.075321197509766,131,0.0,0.0
2004-07-22 00:00:00-04:00,31.912784576416016,37.264617919921875,31.912784576416016,37.264617919921875,61,0.0,0.0
2004-07-23 00:00:00-04:00,36.66997146606445,39.44499588012695,34.687808990478516,38.453914642333984,631,0.0,0.0
2004-07-26 00:00:00-04:00,34.886024475097656,38.453914642333984,32.705650329589844,36.868186950683594,232,0.0,0.0
2004-07-27 00:00:00-04:00,32.111000061035156,44.202178955078125,32.111000061035156,39.048561096191406,1655,0.0,0.0
2004-07-28 00:00:00-04:00,31.714569091796875,38.652130126953125,31.714569091796875,38.652130126953125,131,0.0,0.0
2004-07-29 00:00:00-04:00,34.093162536621094,37.66105270385742,34.093162536621094,37.66105270385742,277,0.0,0.0
2004-07-30 00:00:00-04:00,36.66997146606445,37.066402435302734,35.2824592590332,35.877105712890625,267,0.0,0.0
2004-08-02 00:00:00-04:00,35.480674743652344,37.66105270385742,33.69672775268555,37.462833404541016,343,0.0,0.0
2004-08-03 00:00:00-04:00,31.714569091796875,35.877105712890625,31.714569091796875,35.877105712890625,111,0.0,0.0
2004-08-04 00:00:00-04:00,31.912784576416016,36.66997146606445,31.912784576416016,35.678890228271484,101,0.0,0.0
2004-08-05 00:00:00-04:00,35.480674743652344,36.868186950683594,33.69672775268555,34.886024475097656,414,0.0,0.0
2004-08-06 00:00:00-04:00,35.480674743652344,36.273536682128906,33.300296783447266,36.273536682128906,136,0.0,0.0
2004-08-09 00:00:00-04:00,33.89494323730469,34.886024475097656,33.89494323730469,34.886024475097656,25,0.0,0.0
2004-08-10 00:00:00-04:00,33.89494323730469,35.08424377441406,33.300296783447266,34.291378021240234,106,0.0,0.0
2004-08-11 00:00:00-04:00,32.705650329589844,34.291378021240234,32.705650329589844,34.093162536621094,298,0.0,0.0
2004-08-12 00:00:00-04:00,34.687808990478516,34.687808990478516,32.111000061035156,32.111000061035156,182,0.0,0.0
2004-08-13 00:00:00-04:00,32.705650329589844,35.877105712890625,32.705650329589844,33.300296783447266,212,0.0,0.0
2004-08-16 00:00:00-04:00,31.714569091796875,33.498512268066406,31.714569091796875,33.498512268066406,156,0.0,0.0
2004-08-17 00:00:00-04:00,32.705650329589844,34.687808990478516,32.705650329589844,34.291378021240234,414,0.0,0.0
2004-08-18 00:00:00-04:00,35.480674743652344,35.480674743652344,35.480674743652344,35.480674743652344,5,0.0,0.0
2004-08-19 00:00:00-04:00,34.489593505859375,35.08424377441406,34.489593505859375,35.08424377441406,20,0.0,0.0
2004-08-20 00:00:00-04:00,32.903865814208984,35.2824592590332,32.903865814208984,35.2824592590332,116,0.0,0.0
2004-08-23 00:00:00-04:00,34.489593505859375,35.480674743652344,33.300296783447266,34.687808990478516,323,0.0,0.0
2004-08-24 00:00:00-04:00,34.687808990478516,36.273536682128906,34.687808990478516,36.273536682128906,45,0.0,0.0
2004-08-25 00:00:00-04:00,34.687808990478516,35.480674743652344,34.489593505859375,34.489593505859375,35,0.0,0.0
2004-08-26 00:00:00-04:00,33.300296783447266,33.69672775268555,33.300296783447266,33.498512268066406,40,0.0,0.0
2004-08-27 00:00:00-04:00,33.300296783447266,34.687808990478516,33.300296783447266,34.687808990478516,45,0.0,0.0
2004-08-30 00:00:00-04:00,34.687808990478516,34.687808990478516,34.687808990478516,34.687808990478516,50,0.0,0.0
2004-08-31 00:00:00-04:00,34.687808990478516,34.687808990478516,34.687808990478516,34.687808990478516,0,0.0,0.0
2004-09-01 00:00:00-04:00,34.489593505859375,35.480674743652344,32.903865814208984,35.08424377441406,222,0.0,0.0
2004-09-02 00:00:00-04:00,34.687808990478516,34.687808990478516,33.69672775268555,34.291378021240234,116,0.0,0.0
2004-09-03 00:00:00-04:00,32.705650329589844,36.273536682128906,32.705650329589844,36.273536682128906,252,0.0,0.0
2004-09-07 00:00:00-04:00,36.47175216674805,36.47175216674805,34.687808990478516,35.2824592590332,91,0.0,0.0
2004-09-08 00:00:00-04:00,35.2824592590332,35.877105712890625,32.903865814208984,35.480674743652344,252,0.0,0.0
2004-09-09 00:00:00-04:00,33.498512268066406,34.886024475097656,33.498512268066406,34.291378021240234,61,0.0,0.0
2004-09-10 00:00:00-04:00,36.47175216674805,36.47175216674805,35.480674743652344,35.480674743652344,20,0.0,0.0
2004-09-13 00:00:00-04:00,37.462833404541016,37.462833404541016,33.300296783447266,34.687808990478516,101,0.0,0.0
2004-09-14 00:00:00-04:00,33.498512268066406,34.687808990478516,32.705650329589844,34.687808990478516,166,0.0,0.0
2004-09-15 00:00:00-04:00,34.687808990478516,34.687808990478516,34.687808990478516,34.687808990478516,0,0.0,0.0
2004-09-16 00:00:00-04:00,32.3092155456543,34.687808990478516,32.3092155456543,33.89494323730469,91,0.0,0.0
2004-09-17 00:00:00-04:00,32.111000061035156,34.093162536621094,32.111000061035156,33.89494323730469,192,0.0,0.0
2004-09-20 00:00:00-04:00,33.89494323730469,33.89494323730469,32.3092155456543,33.89494323730469,328,0.0,0.0
2004-09-21 00:00:00-04:00,34.687808990478516,34.886024475097656,34.687808990478516,34.886024475097656,35,0.0,0.0
2004-09-22 00:00:00-04:00,32.3092155456543,33.69672775268555,32.3092155456543,33.69672775268555,81,0.0,0.0
2004-09-23 00:00:00-04:00,33.300296783447266,33.300296783447266,32.5074348449707,33.102081298828125,126,0.0,0.0
2004-09-24 00:00:00-04:00,33.69672775268555,36.273536682128906,32.5074348449707,36.273536682128906,767,0.0,0.0
2004-09-27 00:00:00-04:00,35.2824592590332,36.273536682128906,33.300296783447266,33.69672775268555,202,0.0,0.0
2004-09-28 00:00:00-04:00,29.93062400817871,35.08424377441406,29.93062400817871,35.08424377441406,303,0.0,0.0
2004-09-29 00:00:00-04:00,32.903865814208984,47.37363815307617,32.903865814208984,41.62537384033203,1226,0.0,0.0
2004-09-30 00:00:00-04:00,41.228939056396484,41.228939056396484,37.66105270385742,39.841426849365234,207,0.0,0.0
2004-10-01 00:00:00-04:00,39.643211364746094,39.841426849365234,36.273536682128906,37.066402435302734,136,0.0,0.0
2004-10-04 00:00:00-04:00,36.273536682128906,40.436073303222656,36.273536682128906,39.643211364746094,726,0.0,0.0
2004-10-05 00:00:00-04:00,39.643211364746094,42.418235778808594,39.643211364746094,42.22002029418945,964,0.0,0.0
2004-10-06 00:00:00-04:00,40.63429260253906,42.22002029418945,37.66105270385742,41.427154541015625,404,0.0,0.0
2004-10-07 00:00:00-04:00,39.44499588012695,41.427154541015625,37.85926818847656,39.24678039550781,383,0.0,0.0
2004-10-08 00:00:00-04:00,36.47175216674805,38.255699157714844,36.273536682128906,37.85926818847656,288,0.0,0.0
2004-10-11 00:00:00-04:00,36.868186950683594,37.85926818847656,36.868186950683594,37.66105270385742,15,0.0,0.0
2004-10-12 00:00:00-04:00,35.877105712890625,36.66997146606445,35.877105712890625,36.66997146606445,35,0.0,0.0
2004-10-13 00:00:00-04:00,36.075321197509766,37.66105270385742,36.075321197509766,36.868186950683594,141,0.0,0.0
2004-10-14 00:00:00-04:00,37.462833404541016,37.85926818847656,36.075321197509766,36.075321197509766,812,0.0,0.0
2004-10-15 00:00:00-04:00,35.678890228271484,36.66997146606445,35.678890228271484,36.47175216674805,81,0.0,0.0
2004-10-18 00:00:00-04:00,37.66105270385742,37.66105270385742,36.075321197509766,37.462833404541016,40,0.0,0.0
2004-10-19 00:00:00-04:00,36.868186950683594,40.039642333984375,36.868186950683594,38.652130126953125,686,0.0,0.0
2004-10-20 00:00:00-04:00,38.0574836730957,38.652130126953125,37.85926818847656,38.652130126953125,328,0.0,0.0
2004-10-21 00:00:00-04:00,39.643211364746094,40.039642333984375,39.44499588012695,39.643211364746094,182,0.0,0.0
2004-10-22 00:00:00-04:00,39.643211364746094,44.79682922363281,39.643211364746094,44.59861373901367,1428,0.0,0.0
2004-10-25 00:00:00-04:00,44.59861373901367,49.554012298583984,43.40931701660156,48.56293487548828,1554,0.0,0.0
2004-10-26 00:00:00-04:00,50.14866256713867,54.11298370361328,50.14866256713867,51.73439025878906,853,0.0,0.0
2004-10-27 00:00:00-04:00,51.73439025878906,53.32011795043945,51.13974380493164,51.53617477416992,1337,0.0,0.0
2004-10-28 00:00:00-04:00,51.33795928955078,51.9326057434082,49.554012298583984,51.53617477416992,368,0.0,0.0
2004-10-29 00:00:00-04:00,52.32904052734375,52.32904052734375,45.193260192871094,50.14866256713867,600,0.0,0.0
2004-11-01 00:00:00-05:00,50.14866256713867,50.14866256713867,50.14866256713867,50.14866256713867,0,0.0,0.0
2004-11-02 00:00:00-05:00,50.14866256713867,50.14866256713867,47.57185363769531,47.57185363769531,272,0.0,0.0
2004-11-03 00:00:00-05:00,48.56293487548828,49.554012298583984,46.18434143066406,47.57185363769531,156,0.0,0.0
2004-11-04 00:00:00-05:00,47.57185363769531,47.57185363769531,47.57185363769531,47.57185363769531,15,0.0,0.0
2004-11-05 00:00:00-05:00,47.37363815307617,47.37363815307617,46.580772399902344,46.977203369140625,45,0.0,0.0
2004-11-08 00:00:00-05:00,46.3825569152832,46.977203369140625,40.237857818603516,45.589691162109375,696,0.0,0.0
2004-11-09 00:00:00-05:00,45.589691162109375,45.589691162109375,45.391475677490234,45.391475677490234,10,0.0,0.0
2004-11-10 00:00:00-05:00,43.012882232666016,49.95044708251953,43.012882232666016,49.554012298583984,429,0.0,0.0
2004-11-11 00:00:00-05:00,49.554012298583984,64.22200012207031,49.355796813964844,61.64519119262695,8899,0.0,0.0
2004-11-12 00:00:00-05:00,62.43805694580078,63.03270721435547,54.50941467285156,56.4915771484375,1448,0.0,0.0
2004-11-15 00:00:00-05:00,53.518333435058594,57.4826545715332,49.355796813964844,55.69871139526367,1332,0.0,0.0
2004-11-16 00:00:00-05:00,62.83449172973633,62.83449172973633,52.52725601196289,52.52725601196289,1695,0.0,0.0
2004-11-17 00:00:00-05:00,55.50049591064453,55.50049591064453,51.53617477416992,51.53617477416992,499,0.0,0.0
2004-11-18 00:00:00-05:00,55.30228042602539,55.50049591064453,53.518333435058594,55.104061126708984,1256,0.0,0.0
2004-11-19 00:00:00-05:00,53.518333435058594,54.905845642089844,49.554012298583984,51.9326057434082,923,0.0,0.0
2004-11-22 00:00:00-05:00,49.75223159790039,55.50049591064453,49.75223159790039,51.53617477416992,530,0.0,0.0
2004-11-23 00:00:00-05:00,45.589691162109375,50.54509353637695,44.59861373901367,49.355796813964844,1846,0.0,0.0
2004-11-24 00:00:00-05:00,51.53617477416992,51.73439025878906,48.56293487548828,50.34687805175781,848,0.0,0.0
2004-11-26 00:00:00-05:00,48.56293487548828,50.14866256713867,48.166500091552734,50.14866256713867,802,0.0,0.0
2004-11-29 00:00:00-05:00,49.554012298583984,50.34687805175781,48.166500091552734,48.166500091552734,545,0.0,0.0
2004-11-30 00:00:00-05:00,47.968284606933594,47.968284606933594,47.968284606933594,47.968284606933594,25,0.0,0.0
2004-12-01 00:00:00-05:00,47.968284606933594,51.13974380493164,46.580772399902344,47.57185363769531,969,0.0,0.0
2004-12-02 00:00:00-05:00,45.78791046142578,47.57185363769531,45.589691162109375,45.589691162109375,414,0.0,0.0
2004-12-03 00:00:00-05:00,45.391475677490234,49.554012298583984,45.391475677490234,48.76115036010742,358,0.0,0.0
2004-12-06 00:00:00-05:00,46.3825569152832,49.554012298583984,45.193260192871094,48.76115036010742,3067,0.0,0.0
2004-12-07 00:00:00-05:00,46.3825569152832,48.36471939086914,46.18434143066406,46.778987884521484,499,0.0,0.0
2004-12-08 00:00:00-05:00,46.3825569152832,51.73439025878906,45.78791046142578,47.57185363769531,1110,0.0,0.0
2004-12-09 00:00:00-05:00,48.56293487548828,48.56293487548828,45.98612594604492,47.17542266845703,277,0.0,0.0
2004-12-10 00:00:00-05:00,44.79682922363281,46.580772399902344,44.59861373901367,45.589691162109375,494,0.0,0.0
2004-12-13 00:00:00-05:00,44.79682922363281,45.193260192871094,43.012882232666016,45.193260192871094,394,0.0,0.0
2004-12-14 00:00:00-05:00,45.78791046142578,45.98612594604492,42.418235778808594,43.012882232666016,313,0.0,0.0
2004-12-15 00:00:00-05:00,43.6075325012207,44.79682922363281,43.6075325012207,44.79682922363281,156,0.0,0.0
2004-12-16 00:00:00-05:00,44.99504470825195,45.589691162109375,44.202178955078125,44.59861373901367,222,0.0,0.0
2004-12-17 00:00:00-05:00,43.805747985839844,56.68979263305664,43.21110153198242,55.50049591064453,3244,0.0,0.0
2004-12-20 00:00:00-05:00,57.68087387084961,57.68087387084961,46.18434143066406,49.554012298583984,2215,0.0,0.0
2004-12-21 00:00:00-05:00,54.31119918823242,54.31119918823242,47.57185363769531,47.968284606933594,1059,0.0,0.0
2004-12-22 00:00:00-05:00,46.778987884521484,47.968284606933594,44.79682922363281,47.57185363769531,948,0.0,0.0
2004-12-23 00:00:00-05:00,43.21110153198242,49.554012298583984,43.21110153198242,48.76115036010742,888,0.0,0.0
2004-12-27 00:00:00-05:00,48.56293487548828,48.76115036010742,46.3825569152832,48.76115036010742,368,0.0,0.0
2004-12-28 00:00:00-05:00,46.580772399902344,49.1575813293457,46.18434143066406,46.778987884521484,1105,0.0,0.0
2004-12-29 00:00:00-05:00,47.57185363769531,49.554012298583984,47.37363815307617,48.166500091552734,772,0.0,0.0
2004-12-30 00:00:00-05:00,46.580772399902344,66.60059356689453,45.78791046142578,64.816650390625,15821,0.0,0.0
2004-12-31 00:00:00-05:00,72.54707336425781,107.03666687011719,72.54707336425781,78.49356079101562,88055,0.0,0.0
2005-01-03 00:00:00-05:00,72.74529266357422,75.12388610839844,66.20416259765625,66.20416259765625,13223,0.0,0.0
2005-01-04 00:00:00-05:00,69.37561798095703,74.72745513916016,67.3934555053711,69.37561798095703,6316,0.0,0.0
2005-01-05 00:00:00-05:00,71.35778045654297,71.35778045654297,58.27552032470703,59.46481704711914,3052,0.0,0.0
2005-01-06 00:00:00-05:00,59.66303253173828,59.66303253173828,54.11298370361328,54.50941467285156,3960,0.0,0.0
2005-01-07 00:00:00-05:00,58.47373580932617,58.47373580932617,53.518333435058594,54.31119918823242,1957,0.0,0.0
2005-01-10 00:00:00-05:00,55.104061126708984,55.30228042602539,50.14866256713867,51.53617477416992,3708,0.0,0.0
2005-01-11 00:00:00-05:00,50.14866256713867,50.34687805175781,47.57185363769531,47.968284606933594,2043,0.0,0.0
2005-01-12 00:00:00-05:00,48.76115036010742,49.1575813293457,46.580772399902344,47.17542266845703,1493,0.0,0.0
2005-01-13 00:00:00-05:00,49.355796813964844,53.32011795043945,48.95936584472656,49.554012298583984,3410,0.0,0.0
2005-01-14 00:00:00-05:00,49.95044708251953,49.95044708251953,48.56293487548828,48.56293487548828,1433,0.0,0.0
2005-01-18 00:00:00-05:00,50.54509353637695,50.54509353637695,48.56293487548828,48.56293487548828,1463,0.0,0.0
2005-01-19 00:00:00-05:00,52.130821228027344,52.130821228027344,47.57185363769531,48.56293487548828,1266,0.0,0.0
2005-01-20 00:00:00-05:00,51.13974380493164,51.13974380493164,44.59861373901367,47.57185363769531,1387,0.0,0.0
2005-01-21 00:00:00-05:00,47.57185363769531,47.77006912231445,46.3825569152832,46.580772399902344,1589,0.0,0.0
2005-01-24 00:00:00-05:00,49.554012298583984,50.34687805175781,46.580772399902344,47.77006912231445,1403,0.0,0.0
2005-01-25 00:00:00-05:00,48.36471939086914,48.76115036010742,46.580772399902344,46.580772399902344,520,0.0,0.0
2005-01-26 00:00:00-05:00,45.98612594604492,47.37363815307617,45.98612594604492,47.37363815307617,641,0.0,0.0
2005-01-27 00:00:00-05:00,47.57185363769531,48.95936584472656,47.57185363769531,47.968284606933594,817,0.0,0.0
2005-01-28 00:00:00-05:00,48.36471939086914,48.36471939086914,46.778987884521484,46.778987884521484,631,0.0,0.0
2005-01-31 00:00:00-05:00,46.778987884521484,48.166500091552734,42.814666748046875,47.77006912231445,267,0.0,0.0
2005-02-01 00:00:00-05:00,47.37363815307617,48.56293487548828,47.37363815307617,48.166500091552734,762,0.0,0.0
2005-02-02 00:00:00-05:00,47.37363815307617,49.95044708251953,47.37363815307617,49.355796813964844,505,0.0,0.0
2005-02-03 00:00:00-05:00,49.95044708251953,56.88800811767578,49.1575813293457,55.69871139526367,2381,0.0,0.0
2005-02-04 00:00:00-05:00,55.50049591064453,64.42021942138672,54.31119918823242,62.43805694580078,7729,0.0,0.0
2005-02-07 00:00:00-05:00,63.03270721435547,63.23092269897461,57.08622360229492,59.2666015625,1609,0.0,0.0
2005-02-08 00:00:00-05:00,60.05946350097656,68.18632507324219,59.06838607788086,63.03270721435547,3310,0.0,0.0
2005-02-09 00:00:00-05:00,63.23092269897461,69.37561798095703,63.03270721435547,69.17740631103516,2850,0.0,0.0
2005-02-10 00:00:00-05:00,64.816650390625,69.37561798095703,63.82556915283203,68.38453674316406,1044,0.0,0.0
2005-02-11 00:00:00-05:00,67.98810577392578,67.98810577392578,63.03270721435547,64.42021942138672,1801,0.0,0.0
2005-02-14 00:00:00-05:00,62.0416259765625,67.98810577392578,59.06838607788086,66.00594329833984,1135,0.0,0.0
2005-02-15 00:00:00-05:00,67.7898941040039,67.7898941040039,64.42021942138672,64.42021942138672,636,0.0,0.0
2005-02-16 00:00:00-05:00,58.87016677856445,63.62735366821289,56.88800811767578,60.65411376953125,1307,0.0,0.0
2005-02-17 00:00:00-05:00,59.46481704711914,62.43805694580078,59.46481704711914,62.43805694580078,121,0.0,0.0
2005-02-18 00:00:00-05:00,62.43805694580078,68.38453674316406,60.05946350097656,64.42021942138672,732,0.0,0.0
2005-02-22 00:00:00-05:00,57.28443908691406,66.79881286621094,57.28443908691406,62.23984146118164,328,0.0,0.0
2005-02-23 00:00:00-05:00,61.05054473876953,66.20416259765625,61.05054473876953,65.80773162841797,172,0.0,0.0
2005-02-24 00:00:00-05:00,62.0416259765625,65.41130065917969,61.84341049194336,63.03270721435547,318,0.0,0.0
2005-02-25 00:00:00-05:00,61.24876022338867,61.84341049194336,61.24876022338867,61.44697570800781,267,0.0,0.0
2005-02-28 00:00:00-05:00,61.24876022338867,62.43805694580078,61.05054473876953,61.84341049194336,686,0.0,0.0
2005-03-01 00:00:00-05:00,62.0416259765625,62.83449172973633,62.0416259765625,62.63627243041992,50,0.0,0.0
2005-03-02 00:00:00-05:00,61.44697570800781,61.44697570800781,59.46481704711914,61.44697570800781,121,0.0,0.0
2005-03-03 00:00:00-05:00,61.44697570800781,62.83449172973633,59.06838607788086,60.25768280029297,333,0.0,0.0
2005-03-04 00:00:00-05:00,60.25768280029297,60.25768280029297,60.25768280029297,60.25768280029297,0,0.0,0.0
2005-03-07 00:00:00-05:00,60.05946350097656,63.23092269897461,60.05946350097656,62.43805694580078,464,0.0,0.0
2005-03-08 00:00:00-05:00,62.43805694580078,62.43805694580078,58.87016677856445,61.84341049194336,131,0.0,0.0
2005-03-09 00:00:00-05:00,61.84341049194336,61.84341049194336,61.84341049194336,61.84341049194336,0,0.0,0.0
2005-03-10 00:00:00-05:00,59.46481704711914,62.43805694580078,59.46481704711914,60.65411376953125,454,0.0,0.0
2005-03-11 00:00:00-05:00,59.46481704711914,64.22200012207031,59.46481704711914,61.44697570800781,1206,0.0,0.0
2005-03-14 00:00:00-05:00,65.41130065917969,65.41130065917969,59.46481704711914,61.44697570800781,358,0.0,0.0
2005-03-15 00:00:00-05:00,64.42021942138672,64.6184310913086,61.05054473876953,61.44697570800781,424,0.0,0.0
2005-03-16 00:00:00-05:00,60.65411376953125,60.65411376953125,56.4915771484375,59.2666015625,752,0.0,0.0
2005-03-17 00:00:00-05:00,59.2666015625,59.2666015625,51.9326057434082,54.7076301574707,1286,0.0,0.0
2005-03-18 00:00:00-05:00,54.31119918823242,55.50049591064453,50.941524505615234,51.53617477416992,959,0.0,0.0
2005-03-21 00:00:00-05:00,54.50941467285156,58.67195129394531,54.50941467285156,55.30228042602539,283,0.0,0.0
2005-03-22 00:00:00-05:00,55.30228042602539,57.4826545715332,55.30228042602539,55.50049591064453,126,0.0,0.0
2005-03-23 00:00:00-05:00,64.02378845214844,83.05252838134766,59.46481704711914,63.03270721435547,67729,0.0,0.0
2005-03-24 00:00:00-05:00,59.66303253173828,63.23092269897461,55.69871139526367,57.08622360229492,12522,0.0,0.0
2005-03-28 00:00:00-05:00,56.29336166381836,57.87908935546875,52.92368698120117,55.50049591064453,4435,0.0,0.0
2005-03-29 00:00:00-05:00,55.30228042602539,59.06838607788086,54.905845642089844,55.104061126708984,2250,0.0,0.0
2005-03-30 00:00:00-05:00,56.09514236450195,58.67195129394531,49.554012298583984,51.53617477416992,5595,0.0,0.0
2005-03-31 00:00:00-05:00,52.52725601196289,52.52725601196289,47.77006912231445,51.33795928955078,1670,0.0,0.0
2005-04-01 00:00:00-05:00,50.54509353637695,50.54509353637695,46.778987884521484,48.166500091552734,1100,0.0,0.0
2005-04-04 00:00:00-04:00,47.17542266845703,49.95044708251953,45.193260192871094,49.95044708251953,4157,0.0,0.0
2005-04-05 00:00:00-04:00,49.75223159790039,51.73439025878906,47.77006912231445,49.95044708251953,530,0.0,0.0
2005-04-06 00:00:00-04:00,49.95044708251953,51.13974380493164,43.012882232666016,46.18434143066406,3728,0.0,0.0
2005-04-07 00:00:00-04:00,64.42021942138672,72.9435043334961,51.53617477416992,55.30228042602539,84660,0.0,0.0
2005-04-08 00:00:00-04:00,50.941524505615234,54.50941467285156,48.56293487548828,49.554012298583984,9843,0.0,0.0
2005-04-11 00:00:00-04:00,48.76115036010742,50.941524505615234,48.76115036010742,49.75223159790039,4576,0.0,0.0
2005-04-12 00:00:00-04:00,48.56293487548828,48.56293487548828,45.98612594604492,47.57185363769531,2871,0.0,0.0
2005-04-13 00:00:00-04:00,47.17542266845703,49.355796813964844,46.778987884521484,47.968284606933594,1776,0.0,0.0
2005-04-14 00:00:00-04:00,48.36471939086914,48.36471939086914,45.98612594604492,46.580772399902344,1796,0.0,0.0
2005-04-15 00:00:00-04:00,47.37363815307617,47.57185363769531,44.79682922363281,45.98612594604492,1589,0.0,0.0
2005-04-18 00:00:00-04:00,44.79682922363281,46.580772399902344,44.79682922363281,45.98612594604492,2412,0.0,0.0
2005-04-19 00:00:00-04:00,45.98612594604492,46.18434143066406,44.99504470825195,45.193260192871094,1266,0.0,0.0
2005-04-20 00:00:00-04:00,45.589691162109375,47.17542266845703,45.589691162109375,46.18434143066406,923,0.0,0.0
2005-04-21 00:00:00-04:00,46.3825569152832,46.580772399902344,43.6075325012207,46.3825569152832,1423,0.0,0.0
2005-04-22 00:00:00-04:00,45.193260192871094,45.589691162109375,43.805747985839844,44.99504470825195,626,0.0,0.0
2005-04-25 00:00:00-04:00,46.3825569152832,47.37363815307617,45.589691162109375,47.37363815307617,1952,0.0,0.0
2005-04-26 00:00:00-04:00,46.580772399902344,46.580772399902344,44.59861373901367,45.193260192871094,797,0.0,0.0
2005-04-27 00:00:00-04:00,45.193260192871094,48.95936584472656,44.003963470458984,47.37363815307617,1776,0.0,0.0
2005-04-28 00:00:00-04:00,48.166500091552734,49.554012298583984,47.17542266845703,47.77006912231445,1776,0.0,0.0
2005-04-29 00:00:00-04:00,48.56293487548828,48.56293487548828,44.79682922363281,48.36471939086914,802,0.0,0.0
2005-05-02 00:00:00-04:00,48.36471939086914,48.36471939086914,46.3825569152832,47.968284606933594,742,0.0,0.0
2005-05-03 00:00:00-04:00,47.968284606933594,49.554012298583984,45.78791046142578,48.166500091552734,868,0.0,0.0
2005-05-04 00:00:00-04:00,48.166500091552734,48.76115036010742,46.977203369140625,48.36471939086914,474,0.0,0.0
2005-05-05 00:00:00-04:00,48.76115036010742,49.554012298583984,46.977203369140625,49.1575813293457,1145,0.0,0.0
2005-05-06 00:00:00-04:00,49.1575813293457,49.1575813293457,49.1575813293457,49.1575813293457,0,0.0,0.0
2005-05-09 00:00:00-04:00,49.355796813964844,49.355796813964844,47.37363815307617,48.56293487548828,368,0.0,0.0
2005-05-10 00:00:00-04:00,48.95936584472656,51.53617477416992,48.95936584472656,49.75223159790039,1524,0.0,0.0
2005-05-11 00:00:00-04:00,49.95044708251953,49.95044708251953,49.554012298583984,49.95044708251953,585,0.0,0.0
2005-05-12 00:00:00-04:00,49.554012298583984,49.95044708251953,49.554012298583984,49.95044708251953,888,0.0,0.0
2005-05-13 00:00:00-04:00,49.95044708251953,49.95044708251953,49.75223159790039,49.75223159790039,343,0.0,0.0
2005-05-16 00:00:00-04:00,49.554012298583984,49.95044708251953,47.37363815307617,49.355796813964844,1110,0.0,0.0
2005-05-17 00:00:00-04:00,47.77006912231445,48.56293487548828,46.977203369140625,48.36471939086914,363,0.0,0.0
2005-05-18 00:00:00-04:00,47.37363815307617,48.166500091552734,46.580772399902344,46.580772399902344,394,0.0,0.0
2005-05-19 00:00:00-04:00,48.36471939086914,48.36471939086914,46.580772399902344,47.57185363769531,81,0.0,0.0
2005-05-20 00:00:00-04:00,46.580772399902344,47.57185363769531,46.18434143066406,46.778987884521484,111,0.0,0.0
2005-05-23 00:00:00-04:00,45.589691162109375,45.98612594604492,44.79682922363281,45.98612594604492,419,0.0,0.0
2005-05-24 00:00:00-04:00,45.391475677490234,46.977203369140625,44.59861373901367,46.977203369140625,378,0.0,0.0
2005-05-25 00:00:00-04:00,44.003963470458984,45.589691162109375,44.003963470458984,45.193260192871094,409,0.0,0.0
2005-05-26 00:00:00-04:00,42.418235778808594,46.977203369140625,41.82358932495117,45.391475677490234,3733,0.0,0.0
2005-05-27 00:00:00-04:00,45.78791046142578,45.98612594604492,43.6075325012207,45.98612594604492,227,0.0,0.0
2005-05-31 00:00:00-04:00,42.02180480957031,44.79682922363281,42.02180480957031,44.400394439697266,570,0.0,0.0
2005-06-01 00:00:00-04:00,44.003963470458984,45.391475677490234,43.6075325012207,45.391475677490234,227,0.0,0.0
2005-06-02 00:00:00-04:00,44.003963470458984,44.99504470825195,43.805747985839844,44.99504470825195,172,0.0,0.0
2005-06-03 00:00:00-04:00,44.59861373901367,45.193260192871094,42.814666748046875,44.99504470825195,1075,0.0,0.0
2005-06-06 00:00:00-04:00,44.202178955078125,44.202178955078125,42.814666748046875,43.6075325012207,343,0.0,0.0
2005-06-07 00:00:00-04:00,43.6075325012207,43.6075325012207,42.814666748046875,43.40931701660156,409,0.0,0.0
2005-06-08 00:00:00-04:00,42.814666748046875,43.805747985839844,42.814666748046875,43.6075325012207,131,0.0,0.0
2005-06-09 00:00:00-04:00,43.012882232666016,43.6075325012207,43.012882232666016,43.6075325012207,711,0.0,0.0
2005-06-10 00:00:00-04:00,43.40931701660156,43.805747985839844,43.012882232666016,43.805747985839844,136,0.0,0.0
2005-06-13 00:00:00-04:00,43.805747985839844,43.805747985839844,43.805747985839844,43.805747985839844,0,0.0,0.0
2005-06-14 00:00:00-04:00,43.012882232666016,43.012882232666016,42.616451263427734,42.814666748046875,938,0.0,0.0
2005-06-15 00:00:00-04:00,41.82358932495117,43.012882232666016,41.82358932495117,43.012882232666016,121,0.0,0.0
2005-06-16 00:00:00-04:00,42.418235778808594,43.21110153198242,41.427154541015625,43.012882232666016,1211,0.0,0.0
2005-06-17 00:00:00-04:00,41.427154541015625,42.616451263427734,41.228939056396484,42.616451263427734,71,0.0,0.0
2005-06-20 00:00:00-04:00,41.427154541015625,47.37363815307617,41.427154541015625,46.3825569152832,3537,0.0,0.0
2005-06-21 00:00:00-04:00,46.977203369140625,48.56293487548828,44.99504470825195,47.37363815307617,1579,0.0,0.0
2005-06-22 00:00:00-04:00,47.37363815307617,49.554012298583984,46.580772399902344,47.968284606933594,1917,0.0,0.0
2005-06-23 00:00:00-04:00,46.977203369140625,49.554012298583984,46.778987884521484,49.554012298583984,1342,0.0,0.0
2005-06-24 00:00:00-04:00,47.37363815307617,47.37363815307617,46.778987884521484,47.17542266845703,71,0.0,0.0
2005-06-27 00:00:00-04:00,44.99504470825195,48.56293487548828,44.79682922363281,48.166500091552734,217,0.0,0.0
2005-06-28 00:00:00-04:00,44.79682922363281,48.95936584472656,44.79682922363281,47.37363815307617,565,0.0,0.0
2005-06-29 00:00:00-04:00,45.589691162109375,46.977203369140625,43.40931701660156,43.6075325012207,419,0.0,0.0
2005-06-30 00:00:00-04:00,44.59861373901367,44.59861373901367,41.82358932495117,42.814666748046875,1387,0.0,0.0
2005-07-01 00:00:00-04:00,42.616451263427734,43.805747985839844,42.616451263427734,43.012882232666016,217,0.0,0.0
2005-07-05 00:00:00-04:00,43.21110153198242,43.6075325012207,43.21110153198242,43.6075325012207,252,0.0,0.0
2005-07-06 00:00:00-04:00,42.418235778808594,43.6075325012207,40.63429260253906,43.21110153198242,2452,0.0,0.0
2005-07-07 00:00:00-04:00,43.6075325012207,43.6075325012207,41.62537384033203,43.40931701660156,444,0.0,0.0
2005-07-08 00:00:00-04:00,41.228939056396484,43.6075325012207,41.228939056396484,43.012882232666016,605,0.0,0.0
2005-07-11 00:00:00-04:00,41.82358932495117,43.6075325012207,41.62537384033203,42.616451263427734,903,0.0,0.0
2005-07-12 00:00:00-04:00,41.62537384033203,43.012882232666016,41.62537384033203,43.012882232666016,1034,0.0,0.0
2005-07-13 00:00:00-04:00,42.814666748046875,42.814666748046875,41.228939056396484,42.616451263427734,1438,0.0,0.0
2005-07-14 00:00:00-04:00,58.67195129394531,98.9098129272461,57.4826545715332,74.13280487060547,604477,0.0,0.0
2005-07-15 00:00:00-04:00,72.34886169433594,72.34886169433594,58.27552032470703,59.46481704711914,122957,0.0,0.0
2005-07-18 00:00:00-04:00,68.18632507324219,75.916748046875,59.46481704711914,61.44697570800781,149847,0.0,0.0
2005-07-19 00:00:00-04:00,61.44697570800781,64.6184310913086,59.86124801635742,60.05946350097656,27223,0.0,0.0
2005-07-20 00:00:00-04:00,59.86124801635742,60.45589828491211,55.104061126708984,56.29336166381836,17289,0.0,0.0
2005-07-21 00:00:00-04:00,56.4915771484375,56.4915771484375,52.52725601196289,53.32011795043945,10166,0.0,0.0
2005-07-22 00:00:00-04:00,53.518333435058594,54.50941467285156,49.95044708251953,51.9326057434082,18263,0.0,0.0
2005-07-25 00:00:00-04:00,53.518333435058594,56.88800811767578,51.53617477416992,53.32011795043945,16482,0.0,0.0
2005-07-26 00:00:00-04:00,53.32011795043945,56.29336166381836,50.941524505615234,53.91476821899414,14323,0.0,0.0
2005-07-27 00:00:00-04:00,55.69871139526367,55.69871139526367,51.53617477416992,52.92368698120117,6145,0.0,0.0
2005-07-28 00:00:00-04:00,54.31119918823242,54.31119918823242,51.53617477416992,51.73439025878906,6745,0.0,0.0
2005-07-29 00:00:00-04:00,51.9326057434082,52.92368698120117,49.1575813293457,50.941524505615234,7280,0.0,0.0
2005-08-01 00:00:00-04:00,51.9326057434082,52.52725601196289,50.54509353637695,52.32904052734375,3501,0.0,0.0
2005-08-02 00:00:00-04:00,51.9326057434082,52.32904052734375,50.54509353637695,51.53617477416992,4641,0.0,0.0
2005-08-03 00:00:00-04:00,51.73439025878906,51.73439025878906,50.14866256713867,51.13974380493164,3426,0.0,0.0
2005-08-04 00:00:00-04:00,50.14866256713867,51.33795928955078,49.95044708251953,50.54509353637695,3688,0.0,0.0
2005-08-05 00:00:00-04:00,49.554012298583984,57.08622360229492,49.554012298583984,54.11298370361328,22223,0.0,0.0
2005-08-08 00:00:00-04:00,54.7076301574707,55.50049591064453,52.32904052734375,52.72547149658203,5797,0.0,0.0
2005-08-09 00:00:00-04:00,52.92368698120117,54.11298370361328,51.9326057434082,53.91476821899414,4142,0.0,0.0
2005-08-10 00:00:00-04:00,55.104061126708984,57.87908935546875,54.11298370361328,56.68979263305664,11230,0.0,0.0
2005-08-11 00:00:00-04:00,55.89692687988281,56.4915771484375,52.52725601196289,53.716552734375,3622,0.0,0.0
2005-08-12 00:00:00-04:00,52.92368698120117,53.32011795043945,52.32904052734375,52.92368698120117,1811,0.0,0.0
2005-08-15 00:00:00-04:00,54.50941467285156,54.50941467285156,51.53617477416992,52.52725601196289,4223,0.0,0.0
2005-08-16 00:00:00-04:00,51.53617477416992,53.12190246582031,49.95044708251953,50.743309020996094,6019,0.0,0.0
2005-08-17 00:00:00-04:00,50.34687805175781,51.53617477416992,50.34687805175781,51.33795928955078,1710,0.0,0.0
2005-08-18 00:00:00-04:00,52.52725601196289,52.52725601196289,50.743309020996094,51.13974380493164,1670,0.0,0.0
2005-08-19 00:00:00-04:00,51.53617477416992,51.73439025878906,50.14866256713867,50.34687805175781,1498,0.0,0.0
2005-08-22 00:00:00-04:00,50.54509353637695,51.53617477416992,49.95044708251953,49.95044708251953,2235,0.0,0.0
2005-08-23 00:00:00-04:00,50.941524505615234,51.33795928955078,49.554012298583984,49.95044708251953,3910,0.0,0.0
2005-08-24 00:00:00-04:00,49.75223159790039,50.54509353637695,49.554012298583984,49.95044708251953,2341,0.0,0.0
2005-08-25 00:00:00-04:00,47.57185363769531,49.1575813293457,47.57185363769531,47.77006912231445,2699,0.0,0.0
2005-08-26 00:00:00-04:00,46.580772399902344,48.56293487548828,45.589691162109375,46.3825569152832,5333,0.0,0.0
2005-08-29 00:00:00-04:00,45.391475677490234,46.3825569152832,45.391475677490234,45.78791046142578,1423,0.0,0.0
2005-08-30 00:00:00-04:00,46.580772399902344,46.580772399902344,45.193260192871094,46.18434143066406,1640,0.0,0.0
2005-08-31 00:00:00-04:00,45.193260192871094,46.778987884521484,45.193260192871094,46.18434143066406,797,0.0,0.0
2005-09-01 00:00:00-04:00,44.59861373901367,46.18434143066406,44.59861373901367,46.18434143066406,2346,0.0,0.0
2005-09-02 00:00:00-04:00,46.580772399902344,46.580772399902344,43.805747985839844,44.59861373901367,4873,0.0,0.0
2005-09-06 00:00:00-04:00,45.193260192871094,45.98612594604492,44.59861373901367,45.78791046142578,2775,0.0,0.0
2005-09-07 00:00:00-04:00,46.18434143066406,47.57185363769531,45.391475677490234,46.977203369140625,2689,0.0,0.0
2005-09-08 00:00:00-04:00,47.57185363769531,48.95936584472656,46.778987884521484,48.166500091552734,2038,0.0,0.0
2005-09-09 00:00:00-04:00,48.36471939086914,50.54509353637695,48.166500091552734,50.34687805175781,4157,0.0,0.0
2005-09-12 00:00:00-04:00,50.34687805175781,54.50941467285156,50.34687805175781,52.32904052734375,6387,0.0,0.0
2005-09-13 00:00:00-04:00,53.518333435058594,54.7076301574707,48.36471939086914,48.95936584472656,4102,0.0,0.0
2005-09-14 00:00:00-04:00,49.1575813293457,49.1575813293457,47.57185363769531,47.77006912231445,2992,0.0,0.0
2005-09-15 00:00:00-04:00,48.95936584472656,48.95936584472656,47.37363815307617,48.166500091552734,1872,0.0,0.0
2005-09-16 00:00:00-04:00,46.977203369140625,47.968284606933594,46.3825569152832,47.968284606933594,974,0.0,0.0
2005-09-19 00:00:00-04:00,47.17542266845703,47.77006912231445,47.17542266845703,47.77006912231445,343,0.0,0.0
2005-09-20 00:00:00-04:00,47.57185363769531,47.57185363769531,45.78791046142578,45.78791046142578,1665,0.0,0.0
2005-09-21 00:00:00-04:00,45.78791046142578,46.977203369140625,45.78791046142578,46.18434143066406,843,0.0,0.0
2005-09-22 00:00:00-04:00,46.18434143066406,46.778987884521484,45.98612594604492,46.778987884521484,817,0.0,0.0
2005-09-23 00:00:00-04:00,46.977203369140625,47.37363815307617,46.580772399902344,47.37363815307617,399,0.0,0.0
2005-09-26 00:00:00-04:00,47.17542266845703,49.1575813293457,47.17542266845703,49.1575813293457,1332,0.0,0.0
2005-09-27 00:00:00-04:00,48.76115036010742,52.72547149658203,48.56293487548828,49.95044708251953,3264,0.0,0.0
2005-09-28 00:00:00-04:00,49.75223159790039,49.75223159790039,46.977203369140625,48.166500091552734,353,0.0,0.0
2005-09-29 00:00:00-04:00,47.37363815307617,51.73439025878906,46.18434143066406,49.95044708251953,3289,0.0,0.0
2005-09-30 00:00:00-04:00,50.54509353637695,50.54509353637695,48.95936584472656,49.1575813293457,409,0.0,0.0
2005-10-03 00:00:00-04:00,49.75223159790039,50.34687805175781,47.37363815307617,49.355796813964844,272,0.0,0.0
2005-10-04 00:00:00-04:00,47.77006912231445,49.355796813964844,47.37363815307617,47.968284606933594,469,0.0,0.0
2005-10-05 00:00:00-04:00,47.968284606933594,48.56293487548828,46.580772399902344,48.166500091552734,873,0.0,0.0
2005-10-06 00:00:00-04:00,46.778987884521484,48.166500091552734,46.778987884521484,46.778987884521484,515,0.0,0.0
2005-10-07 00:00:00-04:00,46.778987884521484,47.37363815307617,46.18434143066406,46.580772399902344,752,0.0,0.0
2005-10-10 00:00:00-04:00,47.57185363769531,51.73439025878906,47.57185363769531,50.34687805175781,3779,0.0,0.0
2005-10-11 00:00:00-04:00,51.73439025878906,51.73439025878906,47.968284606933594,48.76115036010742,661,0.0,0.0
2005-10-12 00:00:00-04:00,49.554012298583984,49.554012298583984,46.977203369140625,47.77006912231445,726,0.0,0.0
2005-10-13 00:00:00-04:00,48.36471939086914,48.36471939086914,46.977203369140625,48.36471939086914,540,0.0,0.0
2005-10-14 00:00:00-04:00,49.1575813293457,49.1575813293457,46.778987884521484,47.37363815307617,1720,0.0,0.0
2005-10-17 00:00:00-04:00,47.37363815307617,50.54509353637695,47.37363815307617,49.554012298583984,1302,0.0,0.0
2005-10-18 00:00:00-04:00,49.355796813964844,49.554012298583984,49.1575813293457,49.554012298583984,177,0.0,0.0
2005-10-19 00:00:00-04:00,50.54509353637695,50.54509353637695,48.166500091552734,48.95936584472656,565,0.0,0.0
2005-10-20 00:00:00-04:00,49.554012298583984,53.32011795043945,48.56293487548828,51.53617477416992,5328,0.0,0.0
2005-10-21 00:00:00-04:00,56.29336166381836,56.29336166381836,50.54509353637695,50.54509353637695,525,0.0,0.0
2005-10-24 00:00:00-04:00,52.32904052734375,52.32904052734375,49.355796813964844,49.554012298583984,903,0.0,0.0
2005-10-25 00:00:00-04:00,49.75223159790039,51.53617477416992,49.554012298583984,50.34687805175781,540,0.0,0.0
2005-10-26 00:00:00-04:00,49.554012298583984,50.34687805175781,47.57185363769531,48.56293487548828,2058,0.0,0.0
2005-10-27 00:00:00-04:00,49.554012298583984,50.14866256713867,47.57185363769531,48.166500091552734,1135,0.0,0.0
2005-10-28 00:00:00-04:00,46.778987884521484,48.56293487548828,46.778987884521484,47.57185363769531,610,0.0,0.0
2005-10-31 00:00:00-05:00,46.580772399902344,48.56293487548828,46.580772399902344,48.166500091552734,1080,0.0,0.0
2005-11-01 00:00:00-05:00,48.36471939086914,49.355796813964844,48.166500091552734,48.95936584472656,721,0.0,0.0
2005-11-02 00:00:00-05:00,47.968284606933594,48.56293487548828,47.17542266845703,48.36471939086914,1105,0.0,0.0
2005-11-03 00:00:00-05:00,47.77006912231445,48.56293487548828,47.77006912231445,48.56293487548828,81,0.0,0.0
2005-11-04 00:00:00-05:00,48.56293487548828,50.34687805175781,48.56293487548828,49.75223159790039,419,0.0,0.0
2005-11-07 00:00:00-05:00,47.77006912231445,50.743309020996094,47.77006912231445,49.554012298583984,479,0.0,0.0
2005-11-08 00:00:00-05:00,49.75223159790039,49.75223159790039,47.968284606933594,48.95936584472656,1090,0.0,0.0
2005-11-09 00:00:00-05:00,47.968284606933594,48.95936584472656,47.57185363769531,48.95936584472656,383,0.0,0.0
2005-11-10 00:00:00-05:00,48.56293487548828,48.76115036010742,48.56293487548828,48.56293487548828,293,0.0,0.0
2005-11-11 00:00:00-05:00,48.95936584472656,50.34687805175781,46.778987884521484,48.76115036010742,726,0.0,0.0
2005-11-14 00:00:00-05:00,47.37363815307617,51.33795928955078,46.778987884521484,50.14866256713867,1544,0.0,0.0
2005-11-15 00:00:00-05:00,49.95044708251953,53.518333435058594,49.554012298583984,53.32011795043945,5666,0.0,0.0
2005-11-16 00:00:00-05:00,53.32011795043945,53.32011795043945,47.77006912231445,51.33795928955078,1327,0.0,0.0
2005-11-17 00:00:00-05:00,50.54509353637695,51.9326057434082,49.1575813293457,50.34687805175781,2311,0.0,0.0
2005-11-18 00:00:00-05:00,49.355796813964844,52.92368698120117,49.355796813964844,52.52725601196289,2679,0.0,0.0
2005-11-21 00:00:00-05:00,51.73439025878906,53.518333435058594,50.743309020996094,52.130821228027344,2956,0.0,0.0
2005-11-22 00:00:00-05:00,52.52725601196289,52.52725601196289,50.14866256713867,52.52725601196289,1952,0.0,0.0
2005-11-23 00:00:00-05:00,51.13974380493164,53.12190246582031,50.743309020996094,53.12190246582031,1710,0.0,0.0
2005-11-25 00:00:00-05:00,55.69871139526367,56.88800811767578,53.518333435058594,56.88800811767578,3183,0.0,0.0
2005-11-28 00:00:00-05:00,58.47373580932617,58.47373580932617,53.518333435058594,57.28443908691406,5459,0.0,0.0
2005-11-29 00:00:00-05:00,49.554012298583984,51.53617477416992,46.580772399902344,47.968284606933594,11831,0.0,0.0
2005-11-30 00:00:00-05:00,50.54509353637695,50.54509353637695,46.977203369140625,47.77006912231445,2931,0.0,0.0
2005-12-01 00:00:00-05:00,47.37363815307617,49.554012298583984,47.37363815307617,47.968284606933594,1307,0.0,0.0
2005-12-02 00:00:00-05:00,47.77006912231445,47.77006912231445,46.778987884521484,47.17542266845703,2810,0.0,0.0
2005-12-05 00:00:00-05:00,47.57185363769531,49.1575813293457,46.778987884521484,47.77006912231445,2876,0.0,0.0
2005-12-06 00:00:00-05:00,47.37363815307617,47.57185363769531,45.78791046142578,46.778987884521484,2099,0.0,0.0
2005-12-07 00:00:00-05:00,47.17542266845703,47.17542266845703,44.400394439697266,45.78791046142578,3875,0.0,0.0
2005-12-08 00:00:00-05:00,45.391475677490234,45.391475677490234,43.805747985839844,44.400394439697266,1357,0.0,0.0
2005-12-09 00:00:00-05:00,44.59861373901367,45.391475677490234,44.202178955078125,45.193260192871094,969,0.0,0.0
2005-12-12 00:00:00-05:00,45.193260192871094,46.3825569152832,45.193260192871094,45.391475677490234,1352,0.0,0.0
2005-12-13 00:00:00-05:00,49.355796813964844,49.355796813964844,46.18434143066406,47.17542266845703,2709,0.0,0.0
2005-12-14 00:00:00-05:00,47.968284606933594,47.968284606933594,45.98612594604492,47.17542266845703,373,0.0,0.0
2005-12-15 00:00:00-05:00,47.37363815307617,47.77006912231445,45.78791046142578,46.580772399902344,822,0.0,0.0
2005-12-16 00:00:00-05:00,46.580772399902344,47.17542266845703,44.59861373901367,45.193260192871094,1261,0.0,0.0
2005-12-19 00:00:00-05:00,44.59861373901367,46.18434143066406,44.59861373901367,45.589691162109375,232,0.0,0.0
2005-12-20 00:00:00-05:00,44.79682922363281,45.98612594604492,44.79682922363281,45.78791046142578,520,0.0,0.0
2005-12-21 00:00:00-05:00,44.59861373901367,47.17542266845703,44.59861373901367,46.18434143066406,444,0.0,0.0
2005-12-22 00:00:00-05:00,44.59861373901367,47.57185363769531,44.59861373901367,46.977203369140625,868,0.0,0.0
2005-12-23 00:00:00-05:00,46.977203369140625,47.37363815307617,44.79682922363281,46.778987884521484,933,0.0,0.0
2005-12-27 00:00:00-05:00,46.778987884521484,46.778987884521484,44.99504470825195,45.391475677490234,540,0.0,0.0
2005-12-28 00:00:00-05:00,45.193260192871094,45.78791046142578,44.202178955078125,45.193260192871094,1503,0.0,0.0
2005-12-29 00:00:00-05:00,44.202178955078125,44.99504470825195,42.22002029418945,44.99504470825195,1276,0.0,0.0
2005-12-30 00:00:00-05:00,44.99504470825195,45.589691162109375,44.59861373901367,45.391475677490234,873,0.0,0.0
2006-01-03 00:00:00-05:00,47.57185363769531,47.57185363769531,45.78791046142578,47.37363815307617,1372,0.0,0.0
2006-01-04 00:00:00-05:00,46.977203369140625,48.95936584472656,46.778987884521484,48.95936584472656,2164,0.0,0.0
2006-01-05 00:00:00-05:00,47.57185363769531,48.56293487548828,47.57185363769531,47.57185363769531,444,0.0,0.0
2006-01-06 00:00:00-05:00,48.76115036010742,48.76115036010742,47.57185363769531,48.56293487548828,464,0.0,0.0
2006-01-09 00:00:00-05:00,47.57185363769531,51.13974380493164,47.57185363769531,50.54509353637695,2422,0.0,0.0
2006-01-10 00:00:00-05:00,52.52725601196289,55.104061126708984,51.13974380493164,51.9326057434082,3501,0.0,0.0
2006-01-11 00:00:00-05:00,52.72547149658203,54.50941467285156,51.53617477416992,52.130821228027344,2235,0.0,0.0
2006-01-12 00:00:00-05:00,51.53617477416992,52.130821228027344,49.554012298583984,50.34687805175781,923,0.0,0.0
2006-01-13 00:00:00-05:00,50.54509353637695,51.13974380493164,49.554012298583984,50.941524505615234,1281,0.0,0.0
2006-01-17 00:00:00-05:00,51.13974380493164,51.13974380493164,49.554012298583984,50.54509353637695,580,0.0,0.0
2006-01-18 00:00:00-05:00,51.13974380493164,51.33795928955078,49.355796813964844,50.743309020996094,1776,0.0,0.0
2006-01-19 00:00:00-05:00,49.95044708251953,50.54509353637695,49.355796813964844,50.14866256713867,237,0.0,0.0
2006-01-20 00:00:00-05:00,51.53617477416992,54.50941467285156,50.743309020996094,52.92368698120117,10367,0.0,0.0
2006-01-23 00:00:00-05:00,53.32011795043945,57.08622360229492,52.92368698120117,55.30228042602539,6831,0.0,0.0
2006-01-24 00:00:00-05:00,57.28443908691406,57.28443908691406,51.53617477416992,51.9326057434082,4061,0.0,0.0
2006-01-25 00:00:00-05:00,52.92368698120117,53.91476821899414,50.54509353637695,51.53617477416992,666,0.0,0.0
2006-01-26 00:00:00-05:00,51.9326057434082,51.9326057434082,49.95044708251953,51.33795928955078,696,0.0,0.0
2006-01-27 00:00:00-05:00,51.53617477416992,51.9326057434082,50.54509353637695,51.73439025878906,545,0.0,0.0
2006-01-30 00:00:00-05:00,51.9326057434082,51.9326057434082,50.54509353637695,50.941524505615234,580,0.0,0.0
2006-01-31 00:00:00-05:00,51.53617477416992,51.9326057434082,50.14866256713867,51.33795928955078,323,0.0,0.0
2006-02-01 00:00:00-05:00,50.941524505615234,52.52725601196289,50.54509353637695,50.941524505615234,1281,0.0,0.0
2006-02-02 00:00:00-05:00,51.9326057434082,51.9326057434082,50.54509353637695,51.13974380493164,615,0.0,0.0
2006-02-03 00:00:00-05:00,51.13974380493164,51.53617477416992,50.54509353637695,51.53617477416992,267,0.0,0.0
2006-02-06 00:00:00-05:00,49.75223159790039,52.52725601196289,49.75223159790039,51.53617477416992,3315,0.0,0.0
2006-02-07 00:00:00-05:00,51.53617477416992,51.73439025878906,50.34687805175781,51.73439025878906,590,0.0,0.0
2006-02-08 00:00:00-05:00,51.9326057434082,54.50941467285156,49.75223159790039,52.130821228027344,2447,0.0,0.0
2006-02-09 00:00:00-05:00,52.52725601196289,53.518333435058594,52.52725601196289,52.52725601196289,923,0.0,0.0
2006-02-10 00:00:00-05:00,52.130821228027344,53.518333435058594,51.73439025878906,52.92368698120117,948,0.0,0.0
2006-02-13 00:00:00-05:00,52.130821228027344,53.518333435058594,51.73439025878906,53.518333435058594,333,0.0,0.0
2006-02-14 00:00:00-05:00,52.92368698120117,53.518333435058594,52.130821228027344,53.32011795043945,283,0.0,0.0
2006-02-15 00:00:00-05:00,54.11298370361328,54.11298370361328,52.130821228027344,52.130821228027344,853,0.0,0.0
2006-02-16 00:00:00-05:00,53.518333435058594,53.518333435058594,51.73439025878906,52.72547149658203,161,0.0,0.0
2006-02-17 00:00:00-05:00,52.130821228027344,52.72547149658203,52.130821228027344,52.72547149658203,106,0.0,0.0
2006-02-21 00:00:00-05:00,54.31119918823242,54.31119918823242,50.743309020996094,53.32011795043945,1508,0.0,0.0
2006-02-22 00:00:00-05:00,53.32011795043945,53.32011795043945,51.9326057434082,52.72547149658203,1241,0.0,0.0
2006-02-23 00:00:00-05:00,52.52725601196289,53.12190246582031,51.53617477416992,53.12190246582031,1907,0.0,0.0
2006-02-24 00:00:00-05:00,52.32904052734375,53.518333435058594,52.130821228027344,52.72547149658203,752,0.0,0.0
2006-02-27 00:00:00-05:00,53.518333435058594,53.518333435058594,52.32904052734375,52.32904052734375,424,0.0,0.0
2006-02-28 00:00:00-05:00,52.130821228027344,52.52725601196289,52.130821228027344,52.52725601196289,626,0.0,0.0
2006-03-01 00:00:00-05:00,52.92368698120117,52.92368698120117,49.95044708251953,51.13974380493164,888,0.0,0.0
2006-03-02 00:00:00-05:00,50.14866256713867,52.52725601196289,49.75223159790039,51.13974380493164,383,0.0,0.0
2006-03-03 00:00:00-05:00,52.52725601196289,52.52725601196289,49.554012298583984,51.33795928955078,923,0.0,0.0
2006-03-06 00:00:00-05:00,50.34687805175781,51.33795928955078,50.14866256713867,50.941524505615234,812,0.0,0.0
2006-03-07 00:00:00-05:00,49.95044708251953,51.13974380493164,49.95044708251953,50.941524505615234,197,0.0,0.0
2006-03-08 00:00:00-05:00,49.95044708251953,51.33795928955078,49.95044708251953,51.33795928955078,646,0.0,0.0
2006-03-09 00:00:00-05:00,50.14866256713867,51.33795928955078,49.95044708251953,50.34687805175781,3037,0.0,0.0
2006-03-10 00:00:00-05:00,50.14866256713867,51.33795928955078,49.75223159790039,51.13974380493164,2008,0.0,0.0
2006-03-13 00:00:00-05:00,51.53617477416992,60.45589828491211,50.54509353637695,58.87016677856445,12365,0.0,0.0
2006-03-14 00:00:00-05:00,58.87016677856445,59.2666015625,54.31119918823242,58.07730484008789,4258,0.0,0.0
2006-03-15 00:00:00-05:00,58.67195129394531,59.66303253173828,56.4915771484375,57.28443908691406,5217,0.0,0.0
2006-03-16 00:00:00-05:00,58.87016677856445,59.2666015625,54.50941467285156,56.88800811767578,1857,0.0,0.0
2006-03-17 00:00:00-05:00,56.4915771484375,57.68087387084961,55.50049591064453,56.68979263305664,338,0.0,0.0
2006-03-20 00:00:00-05:00,56.09514236450195,56.68979263305664,55.104061126708984,55.50049591064453,2174,0.0,0.0
2006-03-21 00:00:00-05:00,55.50049591064453,57.08622360229492,53.91476821899414,55.50049591064453,1413,0.0,0.0
2006-03-22 00:00:00-05:00,54.31119918823242,56.4915771484375,54.31119918823242,55.50049591064453,843,0.0,0.0
2006-03-23 00:00:00-05:00,55.89692687988281,58.87016677856445,54.31119918823242,58.27552032470703,3077,0.0,0.0
2006-03-24 00:00:00-05:00,57.68087387084961,57.68087387084961,56.4915771484375,57.68087387084961,1009,0.0,0.0
2006-03-27 00:00:00-05:00,58.47373580932617,65.21308135986328,54.31119918823242,56.4915771484375,25190,0.0,0.0
2006-03-28 00:00:00-05:00,57.4826545715332,57.4826545715332,53.91476821899414,55.30228042602539,1685,0.0,0.0
2006-03-29 00:00:00-05:00,54.50941467285156,55.50049591064453,52.72547149658203,54.31119918823242,2079,0.0,0.0
2006-03-30 00:00:00-05:00,54.31119918823242,54.50941467285156,52.92368698120117,54.11298370361328,994,0.0,0.0
2006-03-31 00:00:00-05:00,53.518333435058594,53.716552734375,51.73439025878906,52.72547149658203,1115,0.0,0.0
2006-04-03 00:00:00-04:00,51.9326057434082,52.32904052734375,50.54509353637695,50.941524505615234,1458,0.0,0.0
2006-04-04 00:00:00-04:00,51.33795928955078,51.73439025878906,49.95044708251953,50.941524505615234,787,0.0,0.0
2006-04-05 00:00:00-04:00,51.53617477416992,52.52725601196289,49.95044708251953,50.54509353637695,1110,0.0,0.0
2006-04-06 00:00:00-04:00,50.743309020996094,51.73439025878906,50.14866256713867,51.73439025878906,394,0.0,0.0
2006-04-07 00:00:00-04:00,52.130821228027344,52.130821228027344,50.941524505615234,51.9326057434082,459,0.0,0.0
2006-04-10 00:00:00-04:00,51.73439025878906,53.518333435058594,51.13974380493164,53.518333435058594,1579,0.0,0.0
2006-04-11 00:00:00-04:00,52.92368698120117,53.518333435058594,51.73439025878906,53.32011795043945,308,0.0,0.0
2006-04-12 00:00:00-04:00,53.32011795043945,53.32011795043945,52.52725601196289,53.32011795043945,272,0.0,0.0
2006-04-13 00:00:00-04:00,52.72547149658203,53.32011795043945,52.32904052734375,53.32011795043945,242,0.0,0.0
2006-04-17 00:00:00-04:00,53.32011795043945,53.32011795043945,49.95044708251953,52.130821228027344,1514,0.0,0.0
2006-04-18 00:00:00-04:00,51.53617477416992,53.12190246582031,51.53617477416992,52.32904052734375,298,0.0,0.0
2006-04-19 00:00:00-04:00,51.73439025878906,52.130821228027344,51.53617477416992,51.73439025878906,3451,0.0,0.0
2006-04-20 00:00:00-04:00,51.73439025878906,52.32904052734375,51.13974380493164,51.53617477416992,338,0.0,0.0
2006-04-21 00:00:00-04:00,51.9326057434082,52.52725601196289,51.53617477416992,52.52725601196289,585,0.0,0.0
2006-04-24 00:00:00-04:00,53.12190246582031,53.12190246582031,51.53617477416992,51.73439025878906,600,0.0,0.0
2006-04-25 00:00:00-04:00,52.130821228027344,52.130821228027344,50.14866256713867,51.53617477416992,903,0.0,0.0
2006-04-26 00:00:00-04:00,51.53617477416992,54.31119918823242,51.53617477416992,53.716552734375,2830,0.0,0.0
2006-04-27 00:00:00-04:00,52.72547149658203,54.31119918823242,51.73439025878906,53.518333435058594,1075,0.0,0.0
2006-04-28 00:00:00-04:00,53.91476821899414,54.31119918823242,52.72547149658203,53.518333435058594,333,0.0,0.0
2006-05-01 00:00:00-04:00,53.716552734375,54.31119918823242,53.32011795043945,54.11298370361328,868,0.0,0.0
2006-05-02 00:00:00-04:00,53.91476821899414,54.31119918823242,51.9326057434082,54.31119918823242,439,0.0,0.0
2006-05-03 00:00:00-04:00,54.31119918823242,55.50049591064453,53.32011795043945,54.50941467285156,1362,0.0,0.0
2006-05-04 00:00:00-04:00,54.905845642089844,55.104061126708984,53.518333435058594,54.905845642089844,101,0.0,0.0
2006-05-05 00:00:00-04:00,54.31119918823242,54.905845642089844,54.31119918823242,54.905845642089844,116,0.0,0.0
2006-05-08 00:00:00-04:00,54.905845642089844,55.30228042602539,54.50941467285156,54.50941467285156,368,0.0,0.0
2006-05-09 00:00:00-04:00,54.50941467285156,55.104061126708984,54.50941467285156,54.50941467285156,4768,0.0,0.0
2006-05-10 00:00:00-04:00,54.31119918823242,54.31119918823242,51.53617477416992,51.73439025878906,1140,0.0,0.0
2006-05-11 00:00:00-04:00,52.92368698120117,52.92368698120117,51.53617477416992,51.53617477416992,782,0.0,0.0
2006-05-12 00:00:00-04:00,52.130821228027344,52.52725601196289,51.53617477416992,51.53617477416992,994,0.0,0.0
2006-05-15 00:00:00-04:00,51.73439025878906,52.130821228027344,51.53617477416992,52.130821228027344,1236,0.0,0.0
2006-05-16 00:00:00-04:00,51.53617477416992,52.52725601196289,51.53617477416992,52.32904052734375,419,0.0,0.0
2006-05-17 00:00:00-04:00,51.73439025878906,53.12190246582031,51.53617477416992,52.130821228027344,2094,0.0,0.0
2006-05-18 00:00:00-04:00,51.53617477416992,55.30228042602539,51.53617477416992,54.905845642089844,1302,0.0,0.0
2006-05-19 00:00:00-04:00,54.50941467285156,56.88800811767578,53.518333435058594,56.29336166381836,1927,0.0,0.0
2006-05-22 00:00:00-04:00,55.50049591064453,56.29336166381836,51.53617477416992,54.50941467285156,3178,0.0,0.0
2006-05-23 00:00:00-04:00,55.30228042602539,55.30228042602539,52.72547149658203,54.11298370361328,404,0.0,0.0
2006-05-24 00:00:00-04:00,53.518333435058594,55.30228042602539,53.32011795043945,54.905845642089844,1140,0.0,0.0
2006-05-25 00:00:00-04:00,54.50941467285156,54.50941467285156,53.716552734375,54.31119918823242,378,0.0,0.0
2006-05-26 00:00:00-04:00,54.50941467285156,55.30228042602539,53.12190246582031,55.30228042602539,1524,0.0,0.0
2006-05-30 00:00:00-04:00,55.50049591064453,55.50049591064453,52.92368698120117,55.30228042602539,1766,0.0,0.0
2006-05-31 00:00:00-04:00,55.30228042602539,55.30228042602539,53.716552734375,55.30228042602539,343,0.0,0.0
2006-06-01 00:00:00-04:00,55.30228042602539,55.30228042602539,53.518333435058594,55.30228042602539,267,0.0,0.0
2006-06-02 00:00:00-04:00,55.30228042602539,55.30228042602539,54.50941467285156,55.30228042602539,116,0.0,0.0
2006-06-05 00:00:00-04:00,54.905845642089844,54.905845642089844,53.91476821899414,54.905845642089844,308,0.0,0.0
2006-06-06 00:00:00-04:00,53.716552734375,54.905845642089844,52.52725601196289,53.716552734375,832,0.0,0.0
2006-06-07 00:00:00-04:00,55.104061126708984,55.104061126708984,52.52725601196289,52.52725601196289,2043,0.0,0.0
2006-06-08 00:00:00-04:00,54.50941467285156,54.50941467285156,48.166500091552734,51.9326057434082,1887,0.0,0.0
2006-06-09 00:00:00-04:00,53.12190246582031,53.32011795043945,52.32904052734375,53.32011795043945,615,0.0,0.0
2006-06-12 00:00:00-04:00,53.91476821899414,53.91476821899414,52.130821228027344,53.32011795043945,166,0.0,0.0
2006-06-13 00:00:00-04:00,51.73439025878906,53.518333435058594,51.73439025878906,53.518333435058594,681,0.0,0.0
2006-06-14 00:00:00-04:00,53.12190246582031,53.32011795043945,51.13974380493164,52.52725601196289,399,0.0,0.0
2006-06-15 00:00:00-04:00,52.92368698120117,53.12190246582031,51.33795928955078,51.9326057434082,111,0.0,0.0
2006-06-16 00:00:00-04:00,52.32904052734375,52.92368698120117,52.130821228027344,52.92368698120117,298,0.0,0.0
2006-06-19 00:00:00-04:00,52.92368698120117,53.12190246582031,52.130821228027344,53.12190246582031,227,0.0,0.0
2006-06-20 00:00:00-04:00,53.12190246582031,53.32011795043945,53.12190246582031,53.32011795043945,10,0.0,0.0
2006-06-21 00:00:00-04:00,51.9326057434082,53.32011795043945,51.73439025878906,53.12190246582031,156,0.0,0.0
2006-06-22 00:00:00-04:00,51.53617477416992,53.12190246582031,51.53617477416992,52.92368698120117,182,0.0,0.0
2006-06-23 00:00:00-04:00,52.92368698120117,53.12190246582031,49.554012298583984,53.12190246582031,429,0.0,0.0
2006-06-26 00:00:00-04:00,53.12190246582031,53.12190246582031,53.12190246582031,53.12190246582031,55,0.0,0.0
2006-06-27 00:00:00-04:00,53.12190246582031,53.12190246582031,51.73439025878906,53.12190246582031,25,0.0,0.0
2006-06-28 00:00:00-04:00,53.12190246582031,53.32011795043945,51.33795928955078,52.92368698120117,242,0.0,0.0
2006-06-29 00:00:00-04:00,53.32011795043945,53.32011795043945,51.73439025878906,52.52725601196289,1806,0.0,0.0
2006-06-30 00:00:00-04:00,52.52725601196289,53.32011795043945,51.73439025878906,53.12190246582031,444,0.0,0.0
2006-07-03 00:00:00-04:00,53.32011795043945,56.68979263305664,53.32011795043945,55.104061126708984,4904,0.0,0.0
2006-07-05 00:00:00-04:00,56.4915771484375,56.4915771484375,54.50941467285156,56.09514236450195,1064,0.0,0.0
2006-07-06 00:00:00-04:00,55.69871139526367,56.09514236450195,55.50049591064453,55.50049591064453,540,0.0,0.0
2006-07-07 00:00:00-04:00,55.69871139526367,56.09514236450195,54.50941467285156,55.69871139526367,257,0.0,0.0
2006-07-10 00:00:00-04:00,56.09514236450195,62.43805694580078,54.905845642089844,56.09514236450195,7013,0.0,0.0
2006-07-11 00:00:00-04:00,56.29336166381836,56.29336166381836,54.905845642089844,56.29336166381836,96,0.0,0.0
2006-07-12 00:00:00-04:00,55.30228042602539,56.29336166381836,54.50941467285156,56.09514236450195,111,0.0,0.0
2006-07-13 00:00:00-04:00,54.7076301574707,55.69871139526367,54.7076301574707,55.50049591064453,96,0.0,0.0
2006-07-14 00:00:00-04:00,56.29336166381836,56.29336166381836,54.7076301574707,55.50049591064453,106,0.0,0.0
2006-07-17 00:00:00-04:00,56.29336166381836,56.29336166381836,55.104061126708984,55.50049591064453,50,0.0,0.0
2006-07-18 00:00:00-04:00,55.50049591064453,55.50049591064453,55.50049591064453,55.50049591064453,0,0.0,0.0
2006-07-19 00:00:00-04:00,54.50941467285156,55.104061126708984,52.92368698120117,54.31119918823242,106,0.0,0.0
2006-07-20 00:00:00-04:00,54.31119918823242,54.31119918823242,52.72547149658203,53.91476821899414,156,0.0,0.0
2006-07-21 00:00:00-04:00,53.32011795043945,55.30228042602539,53.32011795043945,55.104061126708984,61,0.0,0.0
2006-07-24 00:00:00-04:00,53.32011795043945,55.30228042602539,51.53617477416992,53.518333435058594,399,0.0,0.0
2006-07-25 00:00:00-04:00,53.518333435058594,53.518333435058594,53.518333435058594,53.518333435058594,0,0.0,0.0
2006-07-26 00:00:00-04:00,52.52725601196289,54.905845642089844,52.32904052734375,54.905845642089844,207,0.0,0.0
2006-07-27 00:00:00-04:00,52.72547149658203,54.905845642089844,52.72547149658203,54.905845642089844,25,0.0,0.0
2006-07-28 00:00:00-04:00,55.104061126708984,55.104061126708984,54.7076301574707,54.905845642089844,50,0.0,0.0
2006-07-31 00:00:00-04:00,53.32011795043945,55.104061126708984,52.52725601196289,54.11298370361328,202,0.0,0.0
2006-08-01 00:00:00-04:00,55.104061126708984,55.104061126708984,52.32904052734375,54.50941467285156,202,0.0,0.0
2006-08-02 00:00:00-04:00,52.72547149658203,53.518333435058594,51.53617477416992,53.32011795043945,777,0.0,0.0
2006-08-03 00:00:00-04:00,54.11298370361328,54.11298370361328,51.53617477416992,53.518333435058594,40,0.0,0.0
2006-08-04 00:00:00-04:00,53.716552734375,53.716552734375,50.54509353637695,53.12190246582031,111,0.0,0.0
2006-08-07 00:00:00-04:00,51.73439025878906,53.91476821899414,51.53617477416992,52.52725601196289,217,0.0,0.0
2006-08-08 00:00:00-04:00,53.12190246582031,53.12190246582031,51.73439025878906,53.12190246582031,373,0.0,0.0
2006-08-09 00:00:00-04:00,50.743309020996094,52.52725601196289,50.743309020996094,52.32904052734375,414,0.0,0.0
2006-08-10 00:00:00-04:00,51.53617477416992,52.72547149658203,51.53617477416992,52.72547149658203,151,0.0,0.0
2006-08-11 00:00:00-04:00,52.130821228027344,52.52725601196289,51.53617477416992,52.52725601196289,207,0.0,0.0
2006-08-14 00:00:00-04:00,52.130821228027344,52.32904052734375,51.73439025878906,52.32904052734375,50,0.0,0.0
2006-08-15 00:00:00-04:00,52.52725601196289,52.72547149658203,51.9326057434082,52.52725601196289,530,0.0,0.0
2006-08-16 00:00:00-04:00,52.32904052734375,53.32011795043945,51.53617477416992,53.32011795043945,419,0.0,0.0
2006-08-17 00:00:00-04:00,53.32011795043945,53.32011795043945,52.52725601196289,53.12190246582031,797,0.0,0.0
2006-08-18 00:00:00-04:00,53.12190246582031,53.12190246582031,52.52725601196289,52.92368698120117,222,0.0,0.0
2006-08-21 00:00:00-04:00,53.12190246582031,53.12190246582031,52.52725601196289,53.12190246582031,232,0.0,0.0
2006-08-22 00:00:00-04:00,53.32011795043945,53.32011795043945,43.805747985839844,50.14866256713867,4954,0.0,0.0
2006-08-23 00:00:00-04:00,48.76115036010742,48.95936584472656,41.228939056396484,47.17542266845703,762,0.0,0.0
2006-08-24 00:00:00-04:00,48.56293487548828,48.56293487548828,46.580772399902344,47.77006912231445,136,0.0,0.0
2006-08-25 00:00:00-04:00,47.968284606933594,47.968284606933594,47.57185363769531,47.968284606933594,25,0.0,0.0
2006-08-28 00:00:00-04:00,46.18434143066406,47.968284606933594,44.79682922363281,47.57185363769531,641,0.0,0.0
2006-08-29 00:00:00-04:00,47.37363815307617,48.76115036010742,46.580772399902344,48.166500091552734,837,0.0,0.0
2006-08-30 00:00:00-04:00,48.36471939086914,48.36471939086914,46.778987884521484,47.968284606933594,126,0.0,0.0
2006-08-31 00:00:00-04:00,48.166500091552734,48.166500091552734,46.580772399902344,47.968284606933594,202,0.0,0.0
2006-09-01 00:00:00-04:00,47.968284606933594,48.76115036010742,47.968284606933594,48.56293487548828,30,0.0,0.0
2006-09-05 00:00:00-04:00,46.778987884521484,48.95936584472656,46.18434143066406,47.57185363769531,555,0.0,0.0
2006-09-06 00:00:00-04:00,47.77006912231445,47.77006912231445,47.37363815307617,47.37363815307617,40,0.0,0.0
2006-09-07 00:00:00-04:00,45.78791046142578,47.57185363769531,45.589691162109375,45.589691162109375,726,0.0,0.0
2006-09-08 00:00:00-04:00,47.968284606933594,47.968284606933594,46.580772399902344,47.77006912231445,429,0.0,0.0
2006-09-11 00:00:00-04:00,46.778987884521484,47.17542266845703,45.589691162109375,46.18434143066406,868,0.0,0.0
2006-09-12 00:00:00-04:00,46.778987884521484,46.778987884521484,44.99504470825195,46.18434143066406,631,0.0,0.0
2006-09-13 00:00:00-04:00,46.580772399902344,46.580772399902344,45.193260192871094,45.78791046142578,111,0.0,0.0
2006-09-14 00:00:00-04:00,45.589691162109375,46.18434143066406,44.59861373901367,45.98612594604492,732,0.0,0.0
2006-09-15 00:00:00-04:00,45.98612594604492,45.98612594604492,42.02180480957031,43.805747985839844,4525,0.0,0.0
2006-09-18 00:00:00-04:00,42.616451263427734,44.79682922363281,42.22002029418945,43.6075325012207,439,0.0,0.0
2006-09-19 00:00:00-04:00,44.59861373901367,44.59861373901367,42.814666748046875,44.202178955078125,288,0.0,0.0
2006-09-20 00:00:00-04:00,43.21110153198242,44.003963470458984,43.012882232666016,43.805747985839844,323,0.0,0.0
2006-09-21 00:00:00-04:00,42.616451263427734,43.805747985839844,42.616451263427734,43.40931701660156,792,0.0,0.0
2006-09-22 00:00:00-04:00,44.400394439697266,44.400394439697266,42.814666748046875,44.202178955078125,131,0.0,0.0
2006-09-25 00:00:00-04:00,44.202178955078125,44.202178955078125,41.82358932495117,43.40931701660156,111,0.0,0.0
2006-09-26 00:00:00-04:00,43.805747985839844,46.18434143066406,43.40931701660156,45.78791046142578,1039,0.0,0.0
2006-09-27 00:00:00-04:00,43.805747985839844,47.57185363769531,43.6075325012207,47.57185363769531,1902,0.0,0.0
2006-09-28 00:00:00-04:00,48.56293487548828,49.355796813964844,48.166500091552734,48.95936584472656,242,0.0,0.0
2006-09-29 00:00:00-04:00,48.56293487548828,49.1575813293457,48.56293487548828,49.1575813293457,106,0.0,0.0
2006-10-02 00:00:00-04:00,47.77006912231445,49.554012298583984,47.57185363769531,48.95936584472656,187,0.0,0.0
2006-10-03 00:00:00-04:00,47.77006912231445,49.554012298583984,47.77006912231445,49.554012298583984,20,0.0,0.0
2006-10-04 00:00:00-04:00,46.977203369140625,49.355796813964844,45.98612594604492,47.57185363769531,2174,0.0,0.0
2006-10-05 00:00:00-04:00,49.1575813293457,49.75223159790039,49.1575813293457,49.554012298583984,479,0.0,0.0
2006-10-06 00:00:00-04:00,49.554012298583984,49.75223159790039,49.355796813964844,49.554012298583984,525,0.0,0.0
2006-10-09 00:00:00-04:00,49.355796813964844,49.95044708251953,49.355796813964844,49.75223159790039,1241,0.0,0.0
2006-10-10 00:00:00-04:00,49.554012298583984,50.54509353637695,49.554012298583984,50.54509353637695,136,0.0,0.0
2006-10-11 00:00:00-04:00,49.95044708251953,51.13974380493164,49.95044708251953,51.13974380493164,1821,0.0,0.0
2006-10-12 00:00:00-04:00,50.34687805175781,52.32904052734375,50.34687805175781,51.9326057434082,1181,0.0,0.0
2006-10-13 00:00:00-04:00,50.54509353637695,51.9326057434082,50.14866256713867,51.73439025878906,35,0.0,0.0
2006-10-16 00:00:00-04:00,49.355796813964844,55.50049591064453,49.355796813964844,54.11298370361328,2598,0.0,0.0
2006-10-17 00:00:00-04:00,51.53617477416992,53.91476821899414,51.53617477416992,53.716552734375,192,0.0,0.0
2006-10-18 00:00:00-04:00,52.72547149658203,54.50941467285156,49.95044708251953,49.95044708251953,2659,0.0,0.0
2006-10-19 00:00:00-04:00,49.554012298583984,54.905845642089844,49.554012298583984,54.11298370361328,182,0.0,0.0
2006-10-20 00:00:00-04:00,51.53617477416992,53.518333435058594,50.743309020996094,53.12190246582031,81,0.0,0.0
2006-10-23 00:00:00-04:00,47.77006912231445,52.52725601196289,47.77006912231445,52.130821228027344,636,0.0,0.0
2006-10-24 00:00:00-04:00,51.73439025878906,52.92368698120117,51.73439025878906,52.92368698120117,161,0.0,0.0
2006-10-25 00:00:00-04:00,48.95936584472656,52.72547149658203,48.95936584472656,52.130821228027344,55,0.0,0.0
2006-10-26 00:00:00-04:00,49.355796813964844,51.9326057434082,48.95936584472656,51.73439025878906,116,0.0,0.0
2006-10-27 00:00:00-04:00,50.743309020996094,52.32904052734375,49.554012298583984,50.54509353637695,151,0.0,0.0
2006-10-30 00:00:00-05:00,48.56293487548828,51.53617477416992,47.57185363769531,50.941524505615234,797,0.0,0.0
2006-10-31 00:00:00-05:00,49.554012298583984,50.54509353637695,48.76115036010742,48.76115036010742,212,0.0,0.0
2006-11-01 00:00:00-05:00,50.54509353637695,50.54509353637695,47.968284606933594,49.554012298583984,66,0.0,0.0
2006-11-02 00:00:00-05:00,51.13974380493164,51.13974380493164,49.554012298583984,49.75223159790039,192,0.0,0.0
2006-11-03 00:00:00-05:00,49.75223159790039,49.75223159790039,49.75223159790039,49.75223159790039,20,0.0,0.0
2006-11-06 00:00:00-05:00,49.75223159790039,49.75223159790039,49.75223159790039,49.75223159790039,0,0.0,0.0
2006-11-07 00:00:00-05:00,49.554012298583984,49.75223159790039,49.554012298583984,49.554012298583984,76,0.0,0.0
2006-11-08 00:00:00-05:00,50.743309020996094,50.743309020996094,49.554012298583984,49.75223159790039,86,0.0,0.0
2006-11-09 00:00:00-05:00,49.554012298583984,49.95044708251953,49.554012298583984,49.554012298583984,2235,0.0,0.0
2006-11-10 00:00:00-05:00,49.75223159790039,49.75223159790039,49.554012298583984,49.554012298583984,177,0.0,0.0
2006-11-13 00:00:00-05:00,49.554012298583984,49.75223159790039,49.554012298583984,49.554012298583984,807,0.0,0.0
2006-11-14 00:00:00-05:00,49.554012298583984,49.75223159790039,49.554012298583984,49.75223159790039,106,0.0,0.0
2006-11-15 00:00:00-05:00,49.554012298583984,49.95044708251953,49.554012298583984,49.554012298583984,726,0.0,0.0
2006-11-16 00:00:00-05:00,48.56293487548828,49.554012298583984,48.56293487548828,49.554012298583984,484,0.0,0.0
2006-11-17 00:00:00-05:00,49.554012298583984,50.14866256713867,49.554012298583984,49.554012298583984,257,0.0,0.0
2006-11-20 00:00:00-05:00,49.75223159790039,50.34687805175781,48.36471939086914,50.34687805175781,4329,0.0,0.0
2006-11-21 00:00:00-05:00,49.95044708251953,50.34687805175781,49.95044708251953,49.95044708251953,641,0.0,0.0
2006-11-22 00:00:00-05:00,49.554012298583984,50.34687805175781,49.554012298583984,50.14866256713867,1372,0.0,0.0
2006-11-24 00:00:00-05:00,49.554012298583984,49.95044708251953,49.554012298583984,49.554012298583984,338,0.0,0.0
2006-11-27 00:00:00-05:00,49.554012298583984,50.14866256713867,48.76115036010742,49.554012298583984,777,0.0,0.0
2006-11-28 00:00:00-05:00,49.75223159790039,50.54509353637695,49.75223159790039,50.54509353637695,227,0.0,0.0
2006-11-29 00:00:00-05:00,49.75223159790039,51.13974380493164,49.75223159790039,51.13974380493164,328,0.0,0.0
2006-11-30 00:00:00-05:00,50.743309020996094,50.743309020996094,50.743309020996094,50.743309020996094,25,0.0,0.0
2006-12-01 00:00:00-05:00,51.33795928955078,51.33795928955078,49.554012298583984,50.14866256713867,136,0.0,0.0
2006-12-04 00:00:00-05:00,49.554012298583984,52.52725601196289,49.554012298583984,51.33795928955078,1675,0.0,0.0
2006-12-05 00:00:00-05:00,50.743309020996094,51.53617477416992,50.34687805175781,51.13974380493164,363,0.0,0.0
2006-12-06 00:00:00-05:00,51.33795928955078,52.72547149658203,51.13974380493164,52.52725601196289,161,0.0,0.0
2006-12-07 00:00:00-05:00,52.72547149658203,52.72547149658203,52.32904052734375,52.52725601196289,81,0.0,0.0
2006-12-08 00:00:00-05:00,52.92368698120117,52.92368698120117,52.92368698120117,52.92368698120117,15,0.0,0.0
2006-12-11 00:00:00-05:00,52.92368698120117,52.92368698120117,50.941524505615234,52.52725601196289,177,0.0,0.0
2006-12-12 00:00:00-05:00,49.554012298583984,52.52725601196289,49.554012298583984,51.73439025878906,61,0.0,0.0
2006-12-13 00:00:00-05:00,48.166500091552734,51.73439025878906,48.166500091552734,51.13974380493164,626,0.0,0.0
2006-12-14 00:00:00-05:00,51.33795928955078,51.53617477416992,51.33795928955078,51.53617477416992,106,0.0,0.0
2006-12-15 00:00:00-05:00,51.9326057434082,51.9326057434082,51.33795928955078,51.33795928955078,40,0.0,0.0
2006-12-18 00:00:00-05:00,51.33795928955078,51.33795928955078,50.14866256713867,50.941524505615234,146,0.0,0.0
2006-12-19 00:00:00-05:00,51.9326057434082,51.9326057434082,50.941524505615234,51.9326057434082,35,0.0,0.0
2006-12-20 00:00:00-05:00,51.9326057434082,51.9326057434082,49.554012298583984,50.941524505615234,575,0.0,0.0
2006-12-21 00:00:00-05:00,51.9326057434082,51.9326057434082,50.54509353637695,50.54509353637695,187,0.0,0.0
2006-12-22 00:00:00-05:00,51.73439025878906,51.9326057434082,49.554012298583984,51.9326057434082,116,0.0,0.0
2006-12-26 00:00:00-05:00,51.73439025878906,51.73439025878906,50.34687805175781,51.73439025878906,126,0.0,0.0
2006-12-27 00:00:00-05:00,51.73439025878906,51.73439025878906,51.13974380493164,51.33795928955078,25,0.0,0.0
2006-12-28 00:00:00-05:00,51.73439025878906,51.73439025878906,49.554012298583984,50.14866256713867,409,0.0,0.0
2006-12-29 00:00:00-05:00,49.355796813964844,51.53617477416992,49.355796813964844,50.743309020996094,272,0.0,0.0
2007-01-03 00:00:00-05:00,49.75223159790039,51.13974380493164,49.554012298583984,49.554012298583984,802,0.0,0.0
2007-01-04 00:00:00-05:00,51.13974380493164,51.13974380493164,49.554012298583984,50.54509353637695,277,0.0,0.0
2007-01-05 00:00:00-05:00,51.13974380493164,51.13974380493164,50.34687805175781,50.743309020996094,35,0.0,0.0
2007-01-08 00:00:00-05:00,51.13974380493164,51.13974380493164,49.554012298583984,50.14866256713867,192,0.0,0.0
2007-01-09 00:00:00-05:00,49.554012298583984,50.14866256713867,49.554012298583984,50.14866256713867,15,0.0,0.0
2007-01-10 00:00:00-05:00,49.75223159790039,50.14866256713867,49.554012298583984,50.14866256713867,136,0.0,0.0
2007-01-11 00:00:00-05:00,50.14866256713867,50.34687805175781,49.554012298583984,49.95044708251953,71,0.0,0.0
2007-01-12 00:00:00-05:00,49.75223159790039,49.95044708251953,49.75223159790039,49.95044708251953,10,0.0,0.0
2007-01-16 00:00:00-05:00,50.14866256713867,50.54509353637695,49.554012298583984,49.554012298583984,101,0.0,0.0
2007-01-17 00:00:00-05:00,49.75223159790039,49.75223159790039,49.554012298583984,49.554012298583984,2174,0.0,0.0
2007-01-18 00:00:00-05:00,51.13974380493164,51.13974380493164,49.554012298583984,49.554012298583984,86,0.0,0.0
2007-01-19 00:00:00-05:00,49.95044708251953,50.14866256713867,49.554012298583984,49.554012298583984,76,0.0,0.0
2007-01-22 00:00:00-05:00,49.554012298583984,50.54509353637695,49.554012298583984,49.75223159790039,45,0.0,0.0
2007-01-23 00:00:00-05:00,49.75223159790039,49.75223159790039,49.554012298583984,49.75223159790039,35,0.0,0.0
2007-01-24 00:00:00-05:00,49.554012298583984,51.13974380493164,49.554012298583984,50.743309020996094,449,0.0,0.0
2007-01-25 00:00:00-05:00,51.33795928955078,51.33795928955078,49.554012298583984,49.554012298583984,172,0.0,0.0
2007-01-26 00:00:00-05:00,49.554012298583984,49.554012298583984,49.554012298583984,49.554012298583984,0,0.0,0.0
2007-01-29 00:00:00-05:00,49.75223159790039,49.75223159790039,49.554012298583984,49.554012298583984,136,0.0,0.0
2007-01-30 00:00:00-05:00,49.75223159790039,50.941524505615234,49.75223159790039,49.95044708251953,288,0.0,0.0
2007-01-31 00:00:00-05:00,51.13974380493164,57.08622360229492,50.743309020996094,51.73439025878906,7204,0.0,0.0
2007-02-01 00:00:00-05:00,52.92368698120117,52.92368698120117,49.554012298583984,50.54509353637695,484,0.0,0.0
2007-02-02 00:00:00-05:00,49.95044708251953,50.941524505615234,49.1575813293457,49.95044708251953,626,0.0,0.0
2007-02-05 00:00:00-05:00,49.95044708251953,50.34687805175781,49.554012298583984,49.75223159790039,434,0.0,0.0
2007-02-06 00:00:00-05:00,49.75223159790039,49.95044708251953,49.554012298583984,49.95044708251953,131,0.0,0.0
2007-02-07 00:00:00-05:00,49.554012298583984,50.14866256713867,49.554012298583984,49.554012298583984,91,0.0,0.0
2007-02-08 00:00:00-05:00,50.14866256713867,50.14866256713867,49.554012298583984,49.554012298583984,323,0.0,0.0
2007-02-09 00:00:00-05:00,49.554012298583984,49.95044708251953,49.554012298583984,49.95044708251953,96,0.0,0.0
2007-02-12 00:00:00-05:00,48.56293487548828,49.95044708251953,48.56293487548828,49.554012298583984,136,0.0,0.0
2007-02-13 00:00:00-05:00,50.14866256713867,50.14866256713867,49.75223159790039,49.95044708251953,182,0.0,0.0
2007-02-14 00:00:00-05:00,49.554012298583984,49.75223159790039,49.554012298583984,49.75223159790039,61,0.0,0.0
2007-02-15 00:00:00-05:00,49.554012298583984,49.95044708251953,49.554012298583984,49.95044708251953,61,0.0,0.0
2007-02-16 00:00:00-05:00,49.554012298583984,49.95044708251953,49.554012298583984,49.95044708251953,111,0.0,0.0
2007-02-20 00:00:00-05:00,49.554012298583984,49.75223159790039,49.554012298583984,49.75223159790039,888,0.0,0.0
2007-02-21 00:00:00-05:00,49.75223159790039,49.95044708251953,49.554012298583984,49.75223159790039,368,0.0,0.0
2007-02-22 00:00:00-05:00,49.95044708251953,49.95044708251953,49.554012298583984,49.75223159790039,474,0.0,0.0
2007-02-23 00:00:00-05:00,49.95044708251953,49.95044708251953,49.75223159790039,49.75223159790039,91,0.0,0.0
2007-02-26 00:00:00-05:00,49.95044708251953,51.13974380493164,49.95044708251953,50.54509353637695,76,0.0,0.0
2007-02-27 00:00:00-05:00,49.95044708251953,51.13974380493164,49.554012298583984,50.743309020996094,141,0.0,0.0
2007-02-28 00:00:00-05:00,50.941524505615234,50.941524505615234,50.743309020996094,50.743309020996094,15,0.0,0.0
2007-03-01 00:00:00-05:00,50.941524505615234,51.13974380493164,50.941524505615234,51.13974380493164,10,0.0,0.0
2007-03-02 00:00:00-05:00,51.53617477416992,51.53617477416992,50.54509353637695,51.33795928955078,15,0.0,0.0
2007-03-05 00:00:00-05:00,49.95044708251953,51.33795928955078,49.554012298583984,49.554012298583984,91,0.0,0.0
2007-03-06 00:00:00-05:00,50.54509353637695,50.54509353637695,49.75223159790039,50.34687805175781,86,0.0,0.0
2007-03-07 00:00:00-05:00,50.34687805175781,50.34687805175781,50.34687805175781,50.34687805175781,15,0.0,0.0
2007-03-08 00:00:00-05:00,49.95044708251953,50.14866256713867,49.554012298583984,50.14866256713867,111,0.0,0.0
2007-03-09 00:00:00-05:00,49.75223159790039,50.34687805175781,49.554012298583984,49.554012298583984,4253,0.0,0.0
2007-03-12 00:00:00-04:00,50.54509353637695,51.53617477416992,50.54509353637695,51.53617477416992,283,0.0,0.0
2007-03-13 00:00:00-04:00,51.73439025878906,51.73439025878906,50.743309020996094,50.743309020996094,35,0.0,0.0
2007-03-14 00:00:00-04:00,50.743309020996094,50.743309020996094,50.743309020996094,50.743309020996094,0,0.0,0.0
2007-03-15 00:00:00-04:00,50.743309020996094,50.941524505615234,49.554012298583984,49.75223159790039,101,0.0,0.0
2007-03-16 00:00:00-04:00,49.75223159790039,52.130821228027344,49.554012298583984,52.130821228027344,106,0.0,0.0
2007-03-19 00:00:00-04:00,50.54509353637695,50.54509353637695,49.95044708251953,50.54509353637695,91,0.0,0.0
2007-03-20 00:00:00-04:00,51.0,51.0,50.400001525878906,50.599998474121094,100,0.0,0.0
2007-03-21 00:00:00-04:00,50.599998474121094,51.400001525878906,50.599998474121094,51.20000076293945,610,0.0,0.0
2007-03-22 00:00:00-04:00,51.0,51.400001525878906,51.0,51.400001525878906,135,0.0,0.0
2007-03-23 00:00:00-04:00,51.0,51.79999923706055,51.0,51.400001525878906,45,0.0,0.0
2007-03-26 00:00:00-04:00,50.79999923706055,52.400001525878906,50.79999923706055,52.400001525878906,50,0.0,0.0
2007-03-27 00:00:00-04:00,52.0,52.0,52.0,52.0,10,0.0,0.0
2007-03-28 00:00:00-04:00,51.0,51.0,51.0,51.0,230,0.0,0.0
2007-03-29 00:00:00-04:00,51.20000076293945,51.599998474121094,51.20000076293945,51.20000076293945,30,0.0,0.0
2007-03-30 00:00:00-04:00,51.20000076293945,51.20000076293945,51.20000076293945,51.20000076293945,0,0.0,0.0
2007-04-02 00:00:00-04:00,50.400001525878906,51.0,50.400001525878906,51.0,520,0.0,0.0
2007-04-03 00:00:00-04:00,51.0,51.400001525878906,51.0,51.400001525878906,55,0.0,0.0
2007-04-04 00:00:00-04:00,50.79999923706055,52.0,50.400001525878906,52.0,70,0.0,0.0
2007-04-05 00:00:00-04:00,51.0,51.400001525878906,50.599998474121094,51.400001525878906,35,0.0,0.0
2007-04-09 00:00:00-04:00,51.0,51.0,50.599998474121094,51.0,695,0.0,0.0
2007-04-10 00:00:00-04:00,52.400001525878906,52.400001525878906,51.20000076293945,51.20000076293945,80,0.0,0.0
2007-04-11 00:00:00-04:00,51.400001525878906,51.400001525878906,51.0,51.0,105,0.0,0.0
2007-04-12 00:00:00-04:00,51.0,59.0,51.0,58.0,4405,0.0,0.0
2007-04-13 00:00:00-04:00,56.599998474121094,57.599998474121094,53.400001525878906,54.400001525878906,530,0.0,0.0
2007-04-16 00:00:00-04:00,54.20000076293945,54.599998474121094,53.0,53.599998474121094,760,0.0,0.0
2007-04-17 00:00:00-04:00,52.400001525878906,56.20000076293945,52.400001525878906,56.20000076293945,155,0.0,0.0
2007-04-18 00:00:00-04:00,53.400001525878906,57.0,53.400001525878906,57.0,230,0.0,0.0
2007-04-19 00:00:00-04:00,58.0,59.0,55.400001525878906,57.0,860,0.0,0.0
2007-04-20 00:00:00-04:00,58.20000076293945,58.20000076293945,56.599998474121094,56.599998474121094,30,0.0,0.0
2007-04-23 00:00:00-04:00,57.400001525878906,57.79999923706055,55.0,57.599998474121094,380,0.0,0.0
2007-04-24 00:00:00-04:00,55.0,57.79999923706055,54.79999923706055,57.79999923706055,25,0.0,0.0
2007-04-25 00:00:00-04:00,56.20000076293945,57.20000076293945,55.599998474121094,56.0,140,0.0,0.0
2007-04-26 00:00:00-04:00,56.0,56.0,55.0,56.0,125,0.0,0.0
2007-04-27 00:00:00-04:00,56.0,56.0,56.0,56.0,0,0.0,0.0
2007-04-30 00:00:00-04:00,54.79999923706055,56.0,54.79999923706055,55.79999923706055,60,0.0,0.0
2007-05-01 00:00:00-04:00,54.599998474121094,56.0,54.20000076293945,55.79999923706055,660,0.0,0.0
2007-05-02 00:00:00-04:00,55.400001525878906,55.400001525878906,55.400001525878906,55.400001525878906,60,0.0,0.0
2007-05-03 00:00:00-04:00,55.400001525878906,55.400001525878906,55.400001525878906,55.400001525878906,20,0.0,0.0
2007-05-04 00:00:00-04:00,55.400001525878906,55.400001525878906,54.400001525878906,55.20000076293945,135,0.0,0.0
2007-05-07 00:00:00-04:00,55.20000076293945,55.20000076293945,55.20000076293945,55.20000076293945,0,0.0,0.0
2007-05-08 00:00:00-04:00,54.20000076293945,54.20000076293945,50.599998474121094,53.20000076293945,2045,0.0,0.0
2007-05-09 00:00:00-04:00,53.400001525878906,54.79999923706055,50.20000076293945,52.79999923706055,350,0.0,0.0
2007-05-10 00:00:00-04:00,52.599998474121094,53.599998474121094,52.599998474121094,53.599998474121094,3675,0.0,0.0
2007-05-11 00:00:00-04:00,52.20000076293945,53.20000076293945,52.20000076293945,53.20000076293945,130,0.0,0.0
2007-05-14 00:00:00-04:00,50.400001525878906,53.20000076293945,50.400001525878906,52.400001525878906,75,0.0,0.0
2007-05-15 00:00:00-04:00,52.79999923706055,53.20000076293945,52.0,53.0,370,0.0,0.0
2007-05-16 00:00:00-04:00,53.20000076293945,53.599998474121094,51.0,52.599998474121094,145,0.0,0.0
2007-05-17 00:00:00-04:00,52.599998474121094,52.599998474121094,52.599998474121094,52.599998474121094,10,0.0,0.0
2007-05-18 00:00:00-04:00,52.599998474121094,52.599998474121094,52.599998474121094,52.599998474121094,0,0.0,0.0
2007-05-21 00:00:00-04:00,52.599998474121094,54.599998474121094,52.599998474121094,54.599998474121094,320,0.0,0.0
2007-05-22 00:00:00-04:00,54.599998474121094,54.599998474121094,53.20000076293945,53.599998474121094,60,0.0,0.0
2007-05-23 00:00:00-04:00,54.79999923706055,54.79999923706055,53.79999923706055,54.400001525878906,20,0.0,0.0
2007-05-24 00:00:00-04:00,54.0,54.79999923706055,53.79999923706055,54.79999923706055,1570,0.0,0.0
2007-05-25 00:00:00-04:00,55.20000076293945,55.400001525878906,52.20000076293945,55.0,30,0.0,0.0
2007-05-29 00:00:00-04:00,52.79999923706055,54.400001525878906,52.79999923706055,54.400001525878906,20,0.0,0.0
2007-05-30 00:00:00-04:00,52.20000076293945,54.20000076293945,50.20000076293945,53.20000076293945,205,0.0,0.0
2007-05-31 00:00:00-04:00,53.79999923706055,57.79999923706055,53.400001525878906,55.0,710,0.0,0.0
2007-06-01 00:00:00-04:00,55.0,55.0,55.0,55.0,0,0.0,0.0
2007-06-04 00:00:00-04:00,53.79999923706055,54.79999923706055,53.599998474121094,53.599998474121094,110,0.0,0.0
2007-06-05 00:00:00-04:00,52.20000076293945,54.79999923706055,52.0,54.79999923706055,490,0.0,0.0
2007-06-06 00:00:00-04:00,52.0,55.400001525878906,52.0,55.400001525878906,430,0.0,0.0
2007-06-07 00:00:00-04:00,52.0,53.599998474121094,50.599998474121094,53.599998474121094,205,0.0,0.0
2007-06-08 00:00:00-04:00,52.0,53.599998474121094,51.79999923706055,53.400001525878906,90,0.0,0.0
2007-06-11 00:00:00-04:00,52.0,53.599998474121094,51.0,53.599998474121094,100,0.0,0.0
2007-06-12 00:00:00-04:00,53.79999923706055,54.0,50.20000076293945,54.0,17725,0.0,0.0
2007-06-13 00:00:00-04:00,52.599998474121094,53.599998474121094,52.20000076293945,53.599998474121094,20,0.0,0.0
2007-06-14 00:00:00-04:00,53.79999923706055,53.79999923706055,53.400001525878906,53.400001525878906,15,0.0,0.0
2007-06-15 00:00:00-04:00,52.20000076293945,52.599998474121094,52.20000076293945,52.599998474121094,40,0.0,0.0
2007-06-18 00:00:00-04:00,53.0,53.0,51.400001525878906,52.20000076293945,60,0.0,0.0
2007-06-19 00:00:00-04:00,52.0,52.79999923706055,51.0,52.400001525878906,5660,0.0,0.0
2007-06-20 00:00:00-04:00,51.599998474121094,53.599998474121094,51.599998474121094,52.400001525878906,360,0.0,0.0
2007-06-21 00:00:00-04:00,52.79999923706055,55.400001525878906,52.0,54.0,450,0.0,0.0
2007-06-22 00:00:00-04:00,54.0,54.0,54.0,54.0,0,0.0,0.0
2007-06-25 00:00:00-04:00,53.0,54.0,53.0,53.599998474121094,210,0.0,0.0
2007-06-26 00:00:00-04:00,55.20000076293945,55.20000076293945,53.599998474121094,54.0,895,0.0,0.0
2007-06-27 00:00:00-04:00,55.400001525878906,56.0,55.400001525878906,56.0,155,0.0,0.0
2007-06-28 00:00:00-04:00,55.79999923706055,56.0,54.0,55.599998474121094,100,0.0,0.0
2007-06-29 00:00:00-04:00,55.79999923706055,56.0,54.0,55.79999923706055,365,0.0,0.0
2007-07-02 00:00:00-04:00,54.599998474121094,55.400001525878906,51.599998474121094,53.79999923706055,715,0.0,0.0
2007-07-03 00:00:00-04:00,53.79999923706055,55.0,53.20000076293945,53.20000076293945,35,0.0,0.0
2007-07-05 00:00:00-04:00,53.599998474121094,54.79999923706055,53.599998474121094,54.400001525878906,220,0.0,0.0
2007-07-06 00:00:00-04:00,53.599998474121094,54.20000076293945,52.20000076293945,52.400001525878906,505,0.0,0.0
2007-07-09 00:00:00-04:00,54.599998474121094,54.79999923706055,54.599998474121094,54.79999923706055,60,0.0,0.0
2007-07-10 00:00:00-04:00,53.400001525878906,54.79999923706055,53.20000076293945,54.0,50,0.0,0.0
2007-07-11 00:00:00-04:00,54.20000076293945,54.79999923706055,51.0,54.0,1360,0.0,0.0
2007-07-12 00:00:00-04:00,53.400001525878906,54.0,52.20000076293945,53.400001525878906,760,0.0,0.0
2007-07-13 00:00:00-04:00,55.79999923706055,55.79999923706055,48.599998474121094,52.599998474121094,3145,0.0,0.0
2007-07-16 00:00:00-04:00,52.400001525878906,53.599998474121094,50.599998474121094,52.0,120,0.0,0.0
2007-07-17 00:00:00-04:00,51.599998474121094,51.79999923706055,51.400001525878906,51.400001525878906,25,0.0,0.0
2007-07-18 00:00:00-04:00,51.79999923706055,52.0,50.79999923706055,51.400001525878906,120,0.0,0.0
2007-07-19 00:00:00-04:00,51.20000076293945,52.0,48.20000076293945,51.599998474121094,690,0.0,0.0
2007-07-20 00:00:00-04:00,50.400001525878906,51.599998474121094,48.0,50.79999923706055,1470,0.0,0.0
2007-07-23 00:00:00-04:00,50.599998474121094,54.0,48.20000076293945,53.0,2615,0.0,0.0
2007-07-24 00:00:00-04:00,53.400001525878906,53.400001525878906,50.20000076293945,52.599998474121094,75,0.0,0.0
2007-07-25 00:00:00-04:00,51.599998474121094,53.400001525878906,51.599998474121094,52.400001525878906,55,0.0,0.0
2007-07-26 00:00:00-04:00,53.400001525878906,53.599998474121094,52.20000076293945,52.20000076293945,40,0.0,0.0
2007-07-27 00:00:00-04:00,52.20000076293945,52.20000076293945,52.20000076293945,52.20000076293945,0,0.0,0.0
2007-07-30 00:00:00-04:00,50.599998474121094,52.20000076293945,49.79999923706055,51.79999923706055,290,0.0,0.0
2007-07-31 00:00:00-04:00,51.79999923706055,52.79999923706055,48.79999923706055,50.20000076293945,1495,0.0,0.0
2007-08-01 00:00:00-04:00,48.400001525878906,51.0,48.400001525878906,50.0,190,0.0,0.0
2007-08-02 00:00:00-04:00,50.0,50.0,48.0,49.79999923706055,410,0.0,0.0
2007-08-03 00:00:00-04:00,49.79999923706055,49.79999923706055,49.79999923706055,49.79999923706055,25,0.0,0.0
2007-08-06 00:00:00-04:00,48.79999923706055,49.79999923706055,48.79999923706055,49.79999923706055,260,0.0,0.0
2007-08-07 00:00:00-04:00,48.79999923706055,49.599998474121094,48.400001525878906,49.599998474121094,80,0.0,0.0
2007-08-08 00:00:00-04:00,49.599998474121094,54.0,49.599998474121094,52.0,340,0.0,0.0
2007-08-09 00:00:00-04:00,50.599998474121094,51.79999923706055,49.79999923706055,51.599998474121094,225,0.0,0.0
2007-08-10 00:00:00-04:00,50.20000076293945,50.599998474121094,48.0,50.20000076293945,630,0.0,0.0
2007-08-13 00:00:00-04:00,50.0,50.0,48.0,48.79999923706055,340,0.0,0.0
2007-08-14 00:00:00-04:00,49.599998474121094,49.599998474121094,49.0,49.0,225,0.0,0.0
2007-08-15 00:00:00-04:00,48.20000076293945,50.0,48.20000076293945,50.0,165,0.0,0.0
2007-08-16 00:00:00-04:00,48.20000076293945,49.20000076293945,47.0,49.20000076293945,220,0.0,0.0
2007-08-17 00:00:00-04:00,47.20000076293945,48.0,47.20000076293945,47.79999923706055,280,0.0,0.0
2007-08-20 00:00:00-04:00,47.400001525878906,48.79999923706055,47.400001525878906,47.599998474121094,245,0.0,0.0
2007-08-21 00:00:00-04:00,47.20000076293945,47.400001525878906,47.20000076293945,47.400001525878906,125,0.0,0.0
2007-08-22 00:00:00-04:00,48.20000076293945,48.400001525878906,48.20000076293945,48.400001525878906,80,0.0,0.0
2007-08-23 00:00:00-04:00,48.20000076293945,48.400001525878906,48.20000076293945,48.400001525878906,30,0.0,0.0
2007-08-24 00:00:00-04:00,48.400001525878906,48.400001525878906,48.400001525878906,48.400001525878906,0,0.0,0.0
2007-08-27 00:00:00-04:00,50.20000076293945,50.20000076293945,48.79999923706055,49.79999923706055,100,0.0,0.0
2007-08-28 00:00:00-04:00,49.79999923706055,49.79999923706055,49.400001525878906,49.599998474121094,180,0.0,0.0
2007-08-29 00:00:00-04:00,48.400001525878906,50.79999923706055,48.0,50.599998474121094,350,0.0,0.0
2007-08-30 00:00:00-04:00,51.0,51.0,51.0,51.0,30,0.0,0.0
2007-08-31 00:00:00-04:00,49.79999923706055,50.79999923706055,49.79999923706055,50.79999923706055,30,0.0,0.0
2007-09-04 00:00:00-04:00,51.79999923706055,51.79999923706055,51.79999923706055,51.79999923706055,5,0.0,0.0
2007-09-05 00:00:00-04:00,52.0,53.20000076293945,51.20000076293945,51.20000076293945,130,0.0,0.0
2007-09-06 00:00:00-04:00,50.20000076293945,50.20000076293945,50.0,50.0,85,0.0,0.0
2007-09-07 00:00:00-04:00,49.79999923706055,49.79999923706055,49.599998474121094,49.599998474121094,105,0.0,0.0
2007-09-10 00:00:00-04:00,49.79999923706055,51.20000076293945,49.79999923706055,51.20000076293945,35,0.0,0.0
2007-09-11 00:00:00-04:00,51.20000076293945,51.20000076293945,51.20000076293945,51.20000076293945,0,0.0,0.0
2007-09-12 00:00:00-04:00,51.20000076293945,51.20000076293945,51.20000076293945,51.20000076293945,0,0.0,0.0
2007-09-13 00:00:00-04:00,51.20000076293945,51.20000076293945,51.20000076293945,51.20000076293945,0,0.0,0.0
2007-09-14 00:00:00-04:00,49.599998474121094,49.599998474121094,48.20000076293945,49.400001525878906,130,0.0,0.0
2007-09-17 00:00:00-04:00,48.20000076293945,48.20000076293945,48.0,48.0,230,0.0,0.0
2007-09-18 00:00:00-04:00,47.20000076293945,48.599998474121094,47.20000076293945,48.599998474121094,280,0.0,0.0
2007-09-19 00:00:00-04:00,48.400001525878906,48.599998474121094,48.400001525878906,48.599998474121094,45,0.0,0.0
2007-09-20 00:00:00-04:00,47.599998474121094,47.599998474121094,46.20000076293945,47.400001525878906,410,0.0,0.0
2007-09-21 00:00:00-04:00,47.400001525878906,47.599998474121094,46.79999923706055,47.599998474121094,105,0.0,0.0
2007-09-24 00:00:00-04:00,46.79999923706055,48.20000076293945,46.79999923706055,48.0,115,0.0,0.0
2007-09-25 00:00:00-04:00,47.79999923706055,47.79999923706055,47.79999923706055,47.79999923706055,10,0.0,0.0
2007-09-26 00:00:00-04:00,47.79999923706055,47.79999923706055,47.79999923706055,47.79999923706055,0,0.0,0.0
2007-09-27 00:00:00-04:00,46.79999923706055,47.20000076293945,46.0,46.0,785,0.0,0.0
2007-09-28 00:00:00-04:00,45.79999923706055,46.79999923706055,45.79999923706055,46.79999923706055,45,0.0,0.0
2007-10-01 00:00:00-04:00,48.0,48.0,46.0,46.599998474121094,220,0.0,0.0
2007-10-02 00:00:00-04:00,45.79999923706055,46.79999923706055,45.79999923706055,46.79999923706055,155,0.0,0.0
2007-10-03 00:00:00-04:00,46.599998474121094,46.79999923706055,46.599998474121094,46.79999923706055,15,0.0,0.0
2007-10-04 00:00:00-04:00,46.79999923706055,46.79999923706055,46.79999923706055,46.79999923706055,0,0.0,0.0
2007-10-05 00:00:00-04:00,47.0,47.79999923706055,47.0,47.79999923706055,40,0.0,0.0
2007-10-08 00:00:00-04:00,48.0,48.79999923706055,48.0,48.20000076293945,105,0.0,0.0
2007-10-09 00:00:00-04:00,47.79999923706055,48.0,47.79999923706055,48.0,45,0.0,0.0
2007-10-10 00:00:00-04:00,48.0,48.0,48.0,48.0,0,0.0,0.0
2007-10-11 00:00:00-04:00,49.599998474121094,49.599998474121094,48.20000076293945,48.400001525878906,305,0.0,0.0
2007-10-12 00:00:00-04:00,47.79999923706055,48.400001525878906,47.79999923706055,48.400001525878906,15,0.0,0.0
2007-10-15 00:00:00-04:00,48.0,48.0,46.599998474121094,48.0,315,0.0,0.0
2007-10-16 00:00:00-04:00,47.400001525878906,47.400001525878906,47.400001525878906,47.400001525878906,185,0.0,0.0
2007-10-17 00:00:00-04:00,47.599998474121094,48.0,47.599998474121094,48.0,125,0.0,0.0
2007-10-18 00:00:00-04:00,48.0,48.0,48.0,48.0,360,0.0,0.0
2007-10-19 00:00:00-04:00,48.0,48.0,48.0,48.0,0,0.0,0.0
2007-10-22 00:00:00-04:00,48.0,48.0,48.0,48.0,0,0.0,0.0
2007-10-23 00:00:00-04:00,48.0,48.0,48.0,48.0,0,0.0,0.0
2007-10-24 00:00:00-04:00,46.20000076293945,47.79999923706055,46.0,47.79999923706055,195,0.0,0.0
2007-10-25 00:00:00-04:00,47.79999923706055,47.79999923706055,47.79999923706055,47.79999923706055,0,0.0,0.0
2007-10-26 00:00:00-04:00,46.0,47.0,45.599998474121094,47.0,285,0.0,0.0
2007-10-29 00:00:00-04:00,46.400001525878906,47.400001525878906,45.0,46.599998474121094,105,0.0,0.0
2007-10-30 00:00:00-04:00,46.0,49.599998474121094,45.400001525878906,49.599998474121094,775,0.0,0.0
2007-10-31 00:00:00-04:00,49.599998474121094,49.79999923706055,48.79999923706055,49.79999923706055,250,0.0,0.0
2007-11-01 00:00:00-04:00,50.0,50.20000076293945,48.20000076293945,48.20000076293945,195,0.0,0.0
2007-11-02 00:00:00-04:00,45.20000076293945,49.599998474121094,45.20000076293945,48.79999923706055,150,0.0,0.0
2007-11-05 00:00:00-05:00,45.599998474121094,47.599998474121094,45.0,47.599998474121094,1865,0.0,0.0
2007-11-06 00:00:00-05:00,46.0,48.0,46.0,46.0,250,0.0,0.0
2007-11-07 00:00:00-05:00,46.0,48.0,46.0,47.79999923706055,155,0.0,0.0
2007-11-08 00:00:00-05:00,46.599998474121094,46.599998474121094,46.0,46.20000076293945,65,0.0,0.0
2007-11-09 00:00:00-05:00,45.599998474121094,47.599998474121094,45.599998474121094,47.599998474121094,555,0.0,0.0
2007-11-12 00:00:00-05:00,45.0,45.0,44.0,45.0,210,0.0,0.0
2007-11-13 00:00:00-05:00,44.79999923706055,45.0,44.599998474121094,45.0,185,0.0,0.0
2007-11-14 00:00:00-05:00,45.0,45.0,45.0,45.0,0,0.0,0.0
2007-11-15 00:00:00-05:00,44.0,46.20000076293945,40.0,44.79999923706055,580,0.0,0.0
2007-11-16 00:00:00-05:00,44.79999923706055,44.79999923706055,44.79999923706055,44.79999923706055,0,0.0,0.0
2007-11-19 00:00:00-05:00,44.400001525878906,45.79999923706055,44.400001525878906,45.79999923706055,60,0.0,0.0
2007-11-20 00:00:00-05:00,44.599998474121094,45.599998474121094,44.400001525878906,45.599998474121094,40,0.0,0.0
2007-11-21 00:00:00-05:00,45.599998474121094,45.599998474121094,45.599998474121094,45.599998474121094,0,0.0,0.0
2007-11-23 00:00:00-05:00,40.599998474121094,45.599998474121094,40.20000076293945,45.599998474121094,35,0.0,0.0
2007-11-26 00:00:00-05:00,45.400001525878906,45.599998474121094,45.400001525878906,45.599998474121094,65,0.0,0.0
2007-11-27 00:00:00-05:00,40.599998474121094,44.79999923706055,40.599998474121094,44.79999923706055,15,0.0,0.0
2007-11-28 00:00:00-05:00,44.79999923706055,44.79999923706055,44.79999923706055,44.79999923706055,0,0.0,0.0
2007-11-29 00:00:00-05:00,44.400001525878906,45.20000076293945,44.20000076293945,44.599998474121094,160,0.0,0.0
2007-11-30 00:00:00-05:00,44.599998474121094,44.599998474121094,44.599998474121094,44.599998474121094,0,0.0,0.0
2007-12-03 00:00:00-05:00,44.599998474121094,44.599998474121094,44.599998474121094,44.599998474121094,0,0.0,0.0
2007-12-04 00:00:00-05:00,44.599998474121094,44.599998474121094,44.599998474121094,44.599998474121094,0,0.0,0.0
2007-12-05 00:00:00-05:00,44.599998474121094,44.599998474121094,44.599998474121094,44.599998474121094,0,0.0,0.0
2007-12-06 00:00:00-05:00,43.599998474121094,44.400001525878906,43.599998474121094,44.400001525878906,20,0.0,0.0
2007-12-07 00:00:00-05:00,42.20000076293945,44.0,42.20000076293945,44.0,80,0.0,0.0
2007-12-10 00:00:00-05:00,43.79999923706055,44.0,43.79999923706055,44.0,40,0.0,0.0
2007-12-11 00:00:00-05:00,43.599998474121094,45.0,43.599998474121094,45.0,50,0.0,0.0
2007-12-12 00:00:00-05:00,43.79999923706055,47.79999923706055,42.20000076293945,45.400001525878906,1055,0.0,0.0
2007-12-13 00:00:00-05:00,44.599998474121094,44.599998474121094,43.20000076293945,44.599998474121094,180,0.0,0.0
2007-12-14 00:00:00-05:00,44.599998474121094,44.599998474121094,44.599998474121094,44.599998474121094,0,0.0,0.0
2007-12-17 00:00:00-05:00,45.0,45.400001525878906,45.0,45.400001525878906,50,0.0,0.0
2007-12-18 00:00:00-05:00,42.20000076293945,45.0,40.0,45.0,180,0.0,0.0
2007-12-19 00:00:00-05:00,45.0,45.0,45.0,45.0,0,0.0,0.0
2007-12-20 00:00:00-05:00,40.20000076293945,42.0,40.0,42.0,215,0.0,0.0
2007-12-21 00:00:00-05:00,41.79999923706055,41.79999923706055,41.0,41.0,10,0.0,0.0
2007-12-24 00:00:00-05:00,40.79999923706055,45.0,40.79999923706055,45.0,845,0.0,0.0
2007-12-26 00:00:00-05:00,41.20000076293945,43.79999923706055,40.0,42.0,555,0.0,0.0
2007-12-27 00:00:00-05:00,39.20000076293945,40.20000076293945,38.0,39.20000076293945,800,0.0,0.0
2007-12-28 00:00:00-05:00,39.79999923706055,39.79999923706055,39.0,39.79999923706055,120,0.0,0.0
2007-12-31 00:00:00-05:00,37.0,38.400001525878906,36.400001525878906,38.0,555,0.0,0.0
2008-01-02 00:00:00-05:00,37.20000076293945,38.0,36.0,38.0,180,0.0,0.0
2008-01-03 00:00:00-05:00,38.0,38.0,38.0,38.0,5,0.0,0.0
2008-01-04 00:00:00-05:00,38.0,38.0,38.0,38.0,0,0.0,0.0
2008-01-07 00:00:00-05:00,38.0,38.0,38.0,38.0,0,0.0,0.0
2008-01-08 00:00:00-05:00,35.0,38.0,35.0,38.0,125,0.0,0.0
2008-01-09 00:00:00-05:00,36.0,39.79999923706055,36.0,39.0,205,0.0,0.0
2008-01-10 00:00:00-05:00,39.0,39.0,39.0,39.0,0,0.0,0.0
2008-01-11 00:00:00-05:00,39.0,41.0,39.0,41.0,15,0.0,0.0
2008-01-14 00:00:00-05:00,36.20000076293945,39.0,36.0,38.79999923706055,195,0.0,0.0
2008-01-15 00:00:00-05:00,38.79999923706055,40.0,38.0,40.0,485,0.0,0.0
2008-01-16 00:00:00-05:00,40.0,40.0,38.400001525878906,39.79999923706055,30,0.0,0.0
2008-01-17 00:00:00-05:00,39.79999923706055,39.79999923706055,39.79999923706055,39.79999923706055,0,0.0,0.0
2008-01-18 00:00:00-05:00,39.79999923706055,39.79999923706055,39.79999923706055,39.79999923706055,0,0.0,0.0
2008-01-22 00:00:00-05:00,34.20000076293945,39.79999923706055,33.0,39.400001525878906,270,0.0,0.0
2008-01-23 00:00:00-05:00,34.20000076293945,39.20000076293945,34.20000076293945,39.20000076293945,25,0.0,0.0
2008-01-24 00:00:00-05:00,34.599998474121094,37.20000076293945,33.0,35.400001525878906,660,0.0,0.0
2008-01-25 00:00:00-05:00,36.0,37.79999923706055,36.0,37.79999923706055,10,0.0,0.0
2008-01-28 00:00:00-05:00,34.20000076293945,38.20000076293945,34.20000076293945,38.20000076293945,20,0.0,0.0
2008-01-29 00:00:00-05:00,38.20000076293945,38.20000076293945,38.20000076293945,38.20000076293945,0,0.0,0.0
2008-01-30 00:00:00-05:00,35.400001525878906,37.400001525878906,34.0,37.400001525878906,615,0.0,0.0
2008-01-31 00:00:00-05:00,37.599998474121094,37.599998474121094,37.599998474121094,37.599998474121094,5,0.0,0.0
2008-02-01 00:00:00-05:00,34.400001525878906,37.400001525878906,34.400001525878906,37.400001525878906,10,0.0,0.0
2008-02-04 00:00:00-05:00,34.0,38.400001525878906,34.0,38.400001525878906,15,0.0,0.0
2008-02-05 00:00:00-05:00,38.400001525878906,38.400001525878906,38.400001525878906,38.400001525878906,0,0.0,0.0
2008-02-06 00:00:00-05:00,38.400001525878906,38.400001525878906,38.400001525878906,38.400001525878906,0,0.0,0.0
2008-02-07 00:00:00-05:00,34.599998474121094,37.0,34.599998474121094,37.0,45,0.0,0.0
2008-02-08 00:00:00-05:00,37.0,37.0,37.0,37.0,0,0.0,0.0
2008-02-11 00:00:00-05:00,37.79999923706055,37.79999923706055,37.599998474121094,37.599998474121094,50,0.0,0.0
2008-02-12 00:00:00-05:00,36.0,37.599998474121094,36.0,37.599998474121094,10,0.0,0.0
2008-02-13 00:00:00-05:00,37.79999923706055,37.79999923706055,37.79999923706055,37.79999923706055,15,0.0,0.0
2008-02-14 00:00:00-05:00,37.79999923706055,37.79999923706055,37.79999923706055,37.79999923706055,0,0.0,0.0
2008-02-15 00:00:00-05:00,37.79999923706055,37.79999923706055,37.79999923706055,37.79999923706055,0,0.0,0.0
2008-02-19 00:00:00-05:00,32.599998474121094,35.599998474121094,32.599998474121094,35.599998474121094,430,0.0,0.0
2008-02-20 00:00:00-05:00,35.599998474121094,35.599998474121094,35.599998474121094,35.599998474121094,0,0.0,0.0
2008-02-21 00:00:00-05:00,35.599998474121094,35.599998474121094,35.599998474121094,35.599998474121094,0,0.0,0.0
2008-02-22 00:00:00-05:00,35.599998474121094,35.599998474121094,35.599998474121094,35.599998474121094,0,0.0,0.0
2008-02-25 00:00:00-05:00,37.0,37.0,37.0,37.0,5,0.0,0.0
2008-02-26 00:00:00-05:00,37.79999923706055,37.79999923706055,34.0,37.599998474121094,40,0.0,0.0
2008-02-27 00:00:00-05:00,37.599998474121094,37.599998474121094,37.599998474121094,37.599998474121094,0,0.0,0.0
2008-02-28 00:00:00-05:00,37.599998474121094,37.599998474121094,37.599998474121094,37.599998474121094,0,0.0,0.0
2008-02-29 00:00:00-05:00,37.599998474121094,37.599998474121094,37.599998474121094,37.599998474121094,0,0.0,0.0
2008-03-03 00:00:00-05:00,38.0,38.400001525878906,34.0,38.400001525878906,460,0.0,0.0
2008-03-04 00:00:00-05:00,38.400001525878906,38.400001525878906,38.400001525878906,38.400001525878906,0,0.0,0.0
2008-03-05 00:00:00-05:00,33.400001525878906,36.79999923706055,33.400001525878906,36.79999923706055,130,0.0,0.0
2008-03-06 00:00:00-05:00,36.79999923706055,36.79999923706055,36.79999923706055,36.79999923706055,0,0.0,0.0
2008-03-07 00:00:00-05:00,36.79999923706055,36.79999923706055,36.79999923706055,36.79999923706055,0,0.0,0.0
2008-03-10 00:00:00-04:00,32.400001525878906,35.599998474121094,32.400001525878906,35.400001525878906,20,0.0,0.0
2008-03-11 00:00:00-04:00,35.400001525878906,35.400001525878906,35.400001525878906,35.400001525878906,0,0.0,0.0
2008-03-12 00:00:00-04:00,35.400001525878906,35.400001525878906,35.400001525878906,35.400001525878906,0,0.0,0.0
2008-03-13 00:00:00-04:00,35.400001525878906,35.400001525878906,35.400001525878906,35.400001525878906,0,0.0,0.0
2008-03-14 00:00:00-04:00,35.400001525878906,35.400001525878906,35.400001525878906,35.400001525878906,0,0.0,0.0
2008-03-17 00:00:00-04:00,32.0,35.400001525878906,32.0,35.400001525878906,25,0.0,0.0
2008-03-18 00:00:00-04:00,32.0,33.400001525878906,32.0,33.400001525878906,225,0.0,0.0
2008-03-19 00:00:00-04:00,32.0,33.79999923706055,32.0,33.79999923706055,25,0.0,0.0
2008-03-20 00:00:00-04:00,33.79999923706055,33.79999923706055,33.79999923706055,33.79999923706055,0,0.0,0.0
2008-03-24 00:00:00-04:00,30.0,31.799999237060547,30.0,31.799999237060547,285,0.0,0.0
2008-03-25 00:00:00-04:00,32.0,32.599998474121094,32.0,32.0,140,0.0,0.0
2008-03-26 00:00:00-04:00,32.0,32.0,32.0,32.0,0,0.0,0.0
2008-03-27 00:00:00-04:00,30.799999237060547,30.799999237060547,30.0,30.0,520,0.0,0.0
2008-03-28 00:00:00-04:00,31.600000381469727,31.600000381469727,29.600000381469727,29.600000381469727,130,0.0,0.0
2008-03-31 00:00:00-04:00,31.600000381469727,34.0,31.600000381469727,33.79999923706055,465,0.0,0.0
2008-04-01 00:00:00-04:00,33.79999923706055,33.79999923706055,33.79999923706055,33.79999923706055,0,0.0,0.0
2008-04-02 00:00:00-04:00,33.79999923706055,33.79999923706055,33.79999923706055,33.79999923706055,0,0.0,0.0
2008-04-03 00:00:00-04:00,33.79999923706055,33.79999923706055,33.79999923706055,33.79999923706055,0,0.0,0.0
2008-04-04 00:00:00-04:00,31.200000762939453,31.600000381469727,31.0,31.600000381469727,80,0.0,0.0
2008-04-07 00:00:00-04:00,31.0,31.0,31.0,31.0,50,0.0,0.0
2008-04-08 00:00:00-04:00,30.600000381469727,30.799999237060547,30.0,30.0,280,0.0,0.0
2008-04-09 00:00:00-04:00,30.200000762939453,31.600000381469727,27.799999237060547,30.600000381469727,1875,0.0,0.0
2008-04-10 00:00:00-04:00,30.399999618530273,30.399999618530273,28.600000381469727,29.600000381469727,30,0.0,0.0
2008-04-11 00:00:00-04:00,29.600000381469727,29.600000381469727,29.600000381469727,29.600000381469727,5,0.0,0.0
2008-04-14 00:00:00-04:00,29.600000381469727,29.600000381469727,29.600000381469727,29.600000381469727,0,0.0,0.0
2008-04-15 00:00:00-04:00,28.200000762939453,29.200000762939453,28.0,29.200000762939453,250,0.0,0.0
2008-04-16 00:00:00-04:00,29.200000762939453,29.200000762939453,29.200000762939453,29.200000762939453,0,0.0,0.0
2008-04-17 00:00:00-04:00,28.200000762939453,30.399999618530273,28.200000762939453,30.399999618530273,175,0.0,0.0
2008-04-18 00:00:00-04:00,28.600000381469727,30.799999237060547,28.399999618530273,30.799999237060547,50,0.0,0.0
2008-04-21 00:00:00-04:00,30.799999237060547,30.799999237060547,30.799999237060547,30.799999237060547,0,0.0,0.0
2008-04-22 00:00:00-04:00,31.0,31.600000381469727,30.0,31.600000381469727,240,0.0,0.0
2008-04-23 00:00:00-04:00,31.600000381469727,31.600000381469727,31.600000381469727,31.600000381469727,0,0.0,0.0
2008-04-24 00:00:00-04:00,31.600000381469727,31.600000381469727,31.600000381469727,31.600000381469727,0,0.0,0.0
2008-04-25 00:00:00-04:00,31.600000381469727,31.600000381469727,31.600000381469727,31.600000381469727,0,0.0,0.0
2008-04-28 00:00:00-04:00,29.399999618530273,31.0,28.799999237060547,31.0,555,0.0,0.0
2008-04-29 00:00:00-04:00,31.0,31.0,31.0,31.0,0,0.0,0.0
2008-04-30 00:00:00-04:00,31.0,31.0,31.0,31.0,0,0.0,0.0
2008-05-01 00:00:00-04:00,31.0,31.0,31.0,31.0,0,0.0,0.0
2008-05-02 00:00:00-04:00,31.0,31.0,31.0,31.0,0,0.0,0.0
2008-05-05 00:00:00-04:00,31.0,31.0,31.0,31.0,0,0.0,0.0
2008-05-06 00:00:00-04:00,31.0,31.0,31.0,31.0,0,0.0,0.0
2008-05-07 00:00:00-04:00,31.0,31.0,31.0,31.0,0,0.0,0.0
2008-05-08 00:00:00-04:00,28.600000381469727,31.399999618530273,28.600000381469727,31.399999618530273,20,0.0,0.0
2008-05-09 00:00:00-04:00,28.399999618530273,30.0,28.200000762939453,30.0,45,0.0,0.0
2008-05-12 00:00:00-04:00,29.0,29.799999237060547,27.0,29.799999237060547,275,0.0,0.0
2008-05-13 00:00:00-04:00,27.600000381469727,29.0,26.600000381469727,29.0,585,0.0,0.0
2008-05-14 00:00:00-04:00,29.600000381469727,29.600000381469727,29.0,29.600000381469727,210,0.0,0.0
2008-05-15 00:00:00-04:00,29.600000381469727,29.600000381469727,29.600000381469727,29.600000381469727,0,0.0,0.0
2008-05-16 00:00:00-04:00,29.600000381469727,29.600000381469727,29.600000381469727,29.600000381469727,0,0.0,0.0
2008-05-19 00:00:00-04:00,26.600000381469727,29.600000381469727,26.600000381469727,29.600000381469727,75,0.0,0.0
2008-05-20 00:00:00-04:00,29.200000762939453,30.399999618530273,29.0,30.399999618530273,35,0.0,0.0
2008-05-21 00:00:00-04:00,30.399999618530273,30.399999618530273,30.399999618530273,30.399999618530273,0,0.0,0.0
2008-05-22 00:00:00-04:00,31.600000381469727,31.600000381469727,29.600000381469727,31.200000762939453,85,0.0,0.0
2008-05-23 00:00:00-04:00,31.200000762939453,31.200000762939453,31.200000762939453,31.200000762939453,0,0.0,0.0
2008-05-27 00:00:00-04:00,31.0,31.399999618530273,31.0,31.399999618530273,75,0.0,0.0
2008-05-28 00:00:00-04:00,32.0,35.0,32.0,32.400001525878906,775,0.0,0.0
2008-05-29 00:00:00-04:00,32.0,32.0,31.399999618530273,32.0,180,0.0,0.0
2008-05-30 00:00:00-04:00,32.0,32.599998474121094,31.200000762939453,32.599998474121094,40,0.0,0.0
2008-06-02 00:00:00-04:00,31.600000381469727,32.400001525878906,31.0,32.400001525878906,30,0.0,0.0
2008-06-03 00:00:00-04:00,31.399999618530273,31.399999618530273,31.200000762939453,31.399999618530273,100,0.0,0.0
2008-06-04 00:00:00-04:00,31.399999618530273,31.399999618530273,31.399999618530273,31.399999618530273,0,0.0,0.0
2008-06-05 00:00:00-04:00,31.399999618530273,31.399999618530273,31.399999618530273,31.399999618530273,0,0.0,0.0
2008-06-06 00:00:00-04:00,31.399999618530273,31.399999618530273,31.399999618530273,31.399999618530273,0,0.0,0.0
2008-06-09 00:00:00-04:00,31.399999618530273,31.399999618530273,31.399999618530273,31.399999618530273,0,0.0,0.0
2008-06-10 00:00:00-04:00,31.399999618530273,31.399999618530273,31.399999618530273,31.399999618530273,110,0.0,0.0
2008-06-11 00:00:00-04:00,30.200000762939453,30.600000381469727,28.200000762939453,30.0,805,0.0,0.0
2008-06-12 00:00:00-04:00,30.0,30.0,30.0,30.0,0,0.0,0.0
2008-06-13 00:00:00-04:00,30.600000381469727,30.600000381469727,30.600000381469727,30.600000381469727,5,0.0,0.0
2008-06-16 00:00:00-04:00,28.0,30.399999618530273,27.399999618530273,30.399999618530273,30,0.0,0.0
2008-06-17 00:00:00-04:00,30.0,30.0,29.200000762939453,29.200000762939453,85,0.0,0.0
2008-06-18 00:00:00-04:00,29.0,29.0,29.0,29.0,50,0.0,0.0
2008-06-19 00:00:00-04:00,29.0,29.0,28.0,28.0,205,0.0,0.0
2008-06-20 00:00:00-04:00,28.0,28.0,28.0,28.0,0,0.0,0.0
2008-06-23 00:00:00-04:00,28.0,28.0,28.0,28.0,0,0.0,0.0
2008-06-24 00:00:00-04:00,28.0,28.0,28.0,28.0,5,0.0,0.0
2008-06-25 00:00:00-04:00,28.0,28.600000381469727,28.0,28.600000381469727,25,0.0,0.0
2008-06-26 00:00:00-04:00,29.600000381469727,29.600000381469727,29.600000381469727,29.600000381469727,5,0.0,0.0
2008-06-27 00:00:00-04:00,27.600000381469727,29.399999618530273,27.600000381469727,29.399999618530273,10,0.0,0.0
2008-06-30 00:00:00-04:00,27.200000762939453,28.0,27.200000762939453,28.0,165,0.0,0.0
2008-07-01 00:00:00-04:00,27.0,27.0,27.0,27.0,10,0.0,0.0
2008-07-02 00:00:00-04:00,27.0,27.0,27.0,27.0,135,0.0,0.0
2008-07-03 00:00:00-04:00,26.200000762939453,26.799999237060547,25.600000381469727,26.799999237060547,220,0.0,0.0
2008-07-07 00:00:00-04:00,26.799999237060547,26.799999237060547,26.799999237060547,26.799999237060547,0,0.0,0.0
2008-07-08 00:00:00-04:00,27.600000381469727,27.600000381469727,27.600000381469727,27.600000381469727,5,0.0,0.0
2008-07-09 00:00:00-04:00,26.399999618530273,27.0,26.399999618530273,27.0,110,0.0,0.0
2008-07-10 00:00:00-04:00,26.200000762939453,27.200000762939453,26.200000762939453,27.200000762939453,45,0.0,0.0
2008-07-11 00:00:00-04:00,27.200000762939453,27.200000762939453,27.200000762939453,27.200000762939453,0,0.0,0.0
2008-07-14 00:00:00-04:00,27.200000762939453,27.200000762939453,27.200000762939453,27.200000762939453,0,0.0,0.0
2008-07-15 00:00:00-04:00,27.200000762939453,27.200000762939453,27.200000762939453,27.200000762939453,0,0.0,0.0
2008-07-16 00:00:00-04:00,27.200000762939453,27.200000762939453,27.200000762939453,27.200000762939453,0,0.0,0.0
2008-07-17 00:00:00-04:00,25.399999618530273,25.399999618530273,22.0,24.799999237060547,960,0.0,0.0
2008-07-18 00:00:00-04:00,25.600000381469727,25.600000381469727,25.600000381469727,25.600000381469727,5,0.0,0.0
2008-07-21 00:00:00-04:00,25.399999618530273,25.799999237060547,25.399999618530273,25.799999237060547,155,0.0,0.0
2008-07-22 00:00:00-04:00,25.399999618530273,25.399999618530273,25.399999618530273,25.399999618530273,5,0.0,0.0
2008-07-23 00:00:00-04:00,25.200000762939453,25.200000762939453,24.0,24.600000381469727,120,0.0,0.0
2008-07-24 00:00:00-04:00,23.799999237060547,24.600000381469727,23.399999618530273,24.600000381469727,110,0.0,0.0
2008-07-25 00:00:00-04:00,24.600000381469727,24.600000381469727,24.600000381469727,24.600000381469727,0,0.0,0.0
2008-07-28 00:00:00-04:00,24.600000381469727,24.600000381469727,24.600000381469727,24.600000381469727,0,0.0,0.0
2008-07-29 00:00:00-04:00,24.0,24.600000381469727,24.0,24.600000381469727,130,0.0,0.0
2008-07-30 00:00:00-04:00,23.600000381469727,24.399999618530273,23.600000381469727,24.399999618530273,15,0.0,0.0
2008-07-31 00:00:00-04:00,24.600000381469727,24.600000381469727,24.600000381469727,24.600000381469727,25,0.0,0.0
2008-08-01 00:00:00-04:00,24.600000381469727,24.600000381469727,24.600000381469727,24.600000381469727,20,0.0,0.0
2008-08-04 00:00:00-04:00,24.600000381469727,24.600000381469727,24.600000381469727,24.600000381469727,0,0.0,0.0
2008-08-05 00:00:00-04:00,23.600000381469727,24.600000381469727,23.399999618530273,24.600000381469727,85,0.0,0.0
2008-08-06 00:00:00-04:00,24.0,24.399999618530273,23.0,24.399999618530273,550,0.0,0.0
2008-08-07 00:00:00-04:00,24.0,24.0,23.799999237060547,23.799999237060547,25,0.0,0.0
2008-08-08 00:00:00-04:00,24.399999618530273,24.399999618530273,24.399999618530273,24.399999618530273,5,0.0,0.0
2008-08-11 00:00:00-04:00,24.399999618530273,24.399999618530273,23.600000381469727,23.600000381469727,50,0.0,0.0
2008-08-12 00:00:00-04:00,24.600000381469727,24.600000381469727,24.600000381469727,24.600000381469727,40,0.0,0.0
2008-08-13 00:00:00-04:00,24.600000381469727,24.600000381469727,24.600000381469727,24.600000381469727,0,0.0,0.0
2008-08-14 00:00:00-04:00,23.799999237060547,23.799999237060547,22.799999237060547,23.799999237060547,65,0.0,0.0
2008-08-15 00:00:00-04:00,23.799999237060547,23.799999237060547,23.799999237060547,23.799999237060547,0,0.0,0.0
2008-08-18 00:00:00-04:00,23.799999237060547,23.799999237060547,23.799999237060547,23.799999237060547,0,0.0,0.0
2008-08-19 00:00:00-04:00,23.799999237060547,23.799999237060547,23.799999237060547,23.799999237060547,0,0.0,0.0
2008-08-20 00:00:00-04:00,22.799999237060547,23.200000762939453,22.799999237060547,23.200000762939453,10,0.0,0.0
2008-08-21 00:00:00-04:00,22.600000381469727,23.200000762939453,20.200000762939453,23.200000762939453,55,0.0,0.0
2008-08-22 00:00:00-04:00,23.200000762939453,23.200000762939453,23.200000762939453,23.200000762939453,0,0.0,0.0
2008-08-25 00:00:00-04:00,23.200000762939453,23.200000762939453,23.200000762939453,23.200000762939453,0,0.0,0.0
2008-08-26 00:00:00-04:00,23.200000762939453,23.200000762939453,23.200000762939453,23.200000762939453,0,0.0,0.0
2008-08-27 00:00:00-04:00,21.200000762939453,23.600000381469727,21.200000762939453,23.600000381469727,25,0.0,0.0
2008-08-28 00:00:00-04:00,21.399999618530273,23.0,21.399999618530273,23.0,10,0.0,0.0
2008-08-29 00:00:00-04:00,23.0,23.0,23.0,23.0,0,0.0,0.0
2008-09-02 00:00:00-04:00,22.799999237060547,23.0,22.799999237060547,23.0,125,0.0,0.0
2008-09-03 00:00:00-04:00,23.0,23.0,23.0,23.0,0,0.0,0.0
2008-09-04 00:00:00-04:00,20.600000381469727,22.799999237060547,20.600000381469727,22.799999237060547,15,0.0,0.0
2008-09-05 00:00:00-04:00,21.0,23.200000762939453,21.0,23.200000762939453,10,0.0,0.0
2008-09-08 00:00:00-04:00,20.200000762939453,23.0,20.200000762939453,23.0,15,0.0,0.0
2008-09-09 00:00:00-04:00,20.399999618530273,20.399999618530273,20.200000762939453,20.200000762939453,55,0.0,0.0
2008-09-10 00:00:00-04:00,22.600000381469727,22.600000381469727,20.600000381469727,21.600000381469727,30,0.0,0.0
2008-09-11 00:00:00-04:00,21.600000381469727,21.600000381469727,21.600000381469727,21.600000381469727,0,0.0,0.0
2008-09-12 00:00:00-04:00,20.0,20.0,17.200000762939453,19.799999237060547,330,0.0,0.0
2008-09-15 00:00:00-04:00,18.0,18.600000381469727,14.399999618530273,18.600000381469727,395,0.0,0.0
2008-09-16 00:00:00-04:00,14.600000381469727,18.0,14.600000381469727,18.0,100,0.0,0.0
2008-09-17 00:00:00-04:00,16.0,18.0,16.0,18.0,105,0.0,0.0
2008-09-18 00:00:00-04:00,18.0,18.0,18.0,18.0,0,0.0,0.0
2008-09-19 00:00:00-04:00,18.0,18.0,18.0,18.0,0,0.0,0.0
2008-09-22 00:00:00-04:00,18.0,18.0,18.0,18.0,0,0.0,0.0
2008-09-23 00:00:00-04:00,18.0,18.0,18.0,18.0,0,0.0,0.0
2008-09-24 00:00:00-04:00,17.799999237060547,17.799999237060547,17.799999237060547,17.799999237060547,15,0.0,0.0
2008-09-25 00:00:00-04:00,17.799999237060547,17.799999237060547,17.799999237060547,17.799999237060547,0,0.0,0.0
2008-09-26 00:00:00-04:00,14.199999809265137,15.800000190734863,14.0,15.800000190734863,225,0.0,0.0
2008-09-29 00:00:00-04:00,12.399999618530273,15.600000381469727,12.399999618530273,15.600000381469727,140,0.0,0.0
2008-09-30 00:00:00-04:00,15.399999618530273,15.399999618530273,15.399999618530273,15.399999618530273,150,0.0,0.0
2008-10-01 00:00:00-04:00,15.600000381469727,16.0,15.600000381469727,15.800000190734863,25,0.0,0.0
2008-10-02 00:00:00-04:00,15.800000190734863,15.800000190734863,15.800000190734863,15.800000190734863,0,0.0,0.0
2008-10-03 00:00:00-04:00,15.800000190734863,15.800000190734863,15.800000190734863,15.800000190734863,0,0.0,0.0
2008-10-06 00:00:00-04:00,13.0,15.600000381469727,12.0,15.600000381469727,30,0.0,0.0
2008-10-07 00:00:00-04:00,15.0,15.600000381469727,14.0,15.600000381469727,670,0.0,0.0
2008-10-08 00:00:00-04:00,15.600000381469727,15.600000381469727,15.600000381469727,15.600000381469727,0,0.0,0.0
2008-10-09 00:00:00-04:00,13.199999809265137,15.600000381469727,13.199999809265137,15.600000381469727,15,0.0,0.0
2008-10-10 00:00:00-04:00,15.600000381469727,15.600000381469727,15.600000381469727,15.600000381469727,0,0.0,0.0
2008-10-13 00:00:00-04:00,15.600000381469727,15.600000381469727,15.600000381469727,15.600000381469727,0,0.0,0.0
2008-10-14 00:00:00-04:00,9.0,14.399999618530273,9.0,13.800000190734863,175,0.0,0.0
2008-10-15 00:00:00-04:00,13.800000190734863,13.800000190734863,13.800000190734863,13.800000190734863,0,0.0,0.0
2008-10-16 00:00:00-04:00,13.800000190734863,13.800000190734863,13.800000190734863,13.800000190734863,0,0.0,0.0
2008-10-17 00:00:00-04:00,13.800000190734863,13.800000190734863,13.800000190734863,13.800000190734863,0,0.0,0.0
2008-10-20 00:00:00-04:00,14.600000381469727,15.199999809265137,14.600000381469727,15.199999809265137,25,0.0,0.0
2008-10-21 00:00:00-04:00,15.199999809265137,15.199999809265137,15.199999809265137,15.199999809265137,0,0.0,0.0
2008-10-22 00:00:00-04:00,15.199999809265137,15.199999809265137,15.199999809265137,15.199999809265137,0,0.0,0.0
2008-10-23 00:00:00-04:00,13.199999809265137,14.600000381469727,10.600000381469727,14.600000381469727,185,0.0,0.0
2008-10-24 00:00:00-04:00,15.800000190734863,15.800000190734863,15.800000190734863,15.800000190734863,5,0.0,0.0
2008-10-27 00:00:00-04:00,15.800000190734863,15.800000190734863,15.800000190734863,15.800000190734863,0,0.0,0.0
2008-10-28 00:00:00-04:00,13.399999618530273,15.0,10.600000381469727,12.0,1110,0.0,0.0
2008-10-29 00:00:00-04:00,11.800000190734863,12.0,8.399999618530273,11.399999618530273,280,0.0,0.0
2008-10-30 00:00:00-04:00,10.600000381469727,13.0,10.600000381469727,13.0,420,0.0,0.0
2008-10-31 00:00:00-04:00,15.199999809265137,15.199999809265137,15.199999809265137,15.199999809265137,5,0.0,0.0
2008-11-03 00:00:00-05:00,12.800000190734863,14.0,12.800000190734863,14.0,295,0.0,0.0
2008-11-04 00:00:00-05:00,15.199999809265137,15.199999809265137,15.199999809265137,15.199999809265137,5,0.0,0.0
2008-11-05 00:00:00-05:00,11.0,13.800000190734863,11.0,13.800000190734863,15,0.0,0.0
2008-11-06 00:00:00-05:00,12.600000381469727,12.600000381469727,12.600000381469727,12.600000381469727,55,0.0,0.0
2008-11-07 00:00:00-05:00,13.600000381469727,13.600000381469727,13.600000381469727,13.600000381469727,5,0.0,0.0
2008-11-10 00:00:00-05:00,13.600000381469727,13.600000381469727,13.600000381469727,13.600000381469727,0,0.0,0.0
2008-11-11 00:00:00-05:00,13.600000381469727,13.600000381469727,13.600000381469727,13.600000381469727,0,0.0,0.0
2008-11-12 00:00:00-05:00,11.600000381469727,12.800000190734863,11.0,11.399999618530273,225,0.0,0.0
2008-11-13 00:00:00-05:00,14.399999618530273,14.399999618530273,10.0,11.399999618530273,115,0.0,0.0
2008-11-14 00:00:00-05:00,11.399999618530273,11.399999618530273,11.399999618530273,11.399999618530273,0,0.0,0.0
2008-11-17 00:00:00-05:00,11.0,11.0,9.399999618530273,10.800000190734863,215,0.0,0.0
2008-11-18 00:00:00-05:00,9.800000190734863,10.800000190734863,8.399999618530273,10.800000190734863,105,0.0,0.0
2008-11-19 00:00:00-05:00,8.0,13.800000190734863,8.0,13.600000381469727,2215,0.0,0.0
2008-11-20 00:00:00-05:00,13.600000381469727,13.600000381469727,13.600000381469727,13.600000381469727,0,0.0,0.0
2008-11-21 00:00:00-05:00,13.600000381469727,13.600000381469727,13.600000381469727,13.600000381469727,0,0.0,0.0
2008-11-24 00:00:00-05:00,12.800000190734863,12.800000190734863,10.600000381469727,12.0,175,0.0,0.0
2008-11-25 00:00:00-05:00,11.600000381469727,11.800000190734863,10.0,11.399999618530273,175,0.0,0.0
2008-11-26 00:00:00-05:00,8.399999618530273,11.199999809265137,8.0,10.800000190734863,390,0.0,0.0
2008-11-28 00:00:00-05:00,10.0,11.0,10.0,11.0,65,0.0,0.0
2008-12-01 00:00:00-05:00,8.199999809265137,10.399999618530273,8.199999809265137,10.399999618530273,45,0.0,0.0
2008-12-02 00:00:00-05:00,10.399999618530273,10.399999618530273,10.399999618530273,10.399999618530273,0,0.0,0.0
2008-12-03 00:00:00-05:00,10.399999618530273,10.399999618530273,10.399999618530273,10.399999618530273,0,0.0,0.0
2008-12-04 00:00:00-05:00,9.399999618530273,9.600000381469727,9.399999618530273,9.600000381469727,145,0.0,0.0
2008-12-05 00:00:00-05:00,9.600000381469727,9.600000381469727,9.600000381469727,9.600000381469727,0,0.0,0.0
2008-12-08 00:00:00-05:00,8.0,9.0,8.0,9.0,165,0.0,0.0
2008-12-09 00:00:00-05:00,6.0,8.600000381469727,6.0,8.600000381469727,805,0.0,0.0
2008-12-10 00:00:00-05:00,8.600000381469727,8.600000381469727,8.600000381469727,8.600000381469727,0,0.0,0.0
2008-12-11 00:00:00-05:00,8.600000381469727,8.600000381469727,8.600000381469727,8.600000381469727,0,0.0,0.0
2008-12-12 00:00:00-05:00,8.199999809265137,8.199999809265137,7.400000095367432,8.0,20,0.0,0.0
2008-12-15 00:00:00-05:00,7.400000095367432,8.0,6.800000190734863,8.0,630,0.0,0.0
2008-12-16 00:00:00-05:00,6.599999904632568,8.0,6.599999904632568,8.0,55,0.0,0.0
2008-12-17 00:00:00-05:00,7.0,7.800000190734863,6.599999904632568,7.800000190734863,405,0.0,0.0
2008-12-18 00:00:00-05:00,6.599999904632568,6.599999904632568,6.599999904632568,6.599999904632568,30,0.0,0.0
2008-12-19 00:00:00-05:00,6.400000095367432,8.399999618530273,6.400000095367432,7.599999904632568,65,0.0,0.0
2008-12-22 00:00:00-05:00,6.199999809265137,7.800000190734863,6.0,7.400000095367432,65,0.0,0.0
2008-12-23 00:00:00-05:00,7.800000190734863,7.800000190734863,6.400000095367432,7.800000190734863,100,0.0,0.0
2008-12-24 00:00:00-05:00,7.800000190734863,7.800000190734863,7.800000190734863,7.800000190734863,0,0.0,0.0
2008-12-26 00:00:00-05:00,7.0,7.0,6.599999904632568,7.0,20,0.0,0.0
2008-12-29 00:00:00-05:00,6.400000095367432,6.400000095367432,5.599999904632568,6.400000095367432,240,0.0,0.0
2008-12-30 00:00:00-05:00,5.0,6.400000095367432,5.0,6.400000095367432,95,0.0,0.0
2008-12-31 00:00:00-05:00,3.799999952316284,5.0,3.5999999046325684,4.599999904632568,24430,0.0,0.0
2009-01-02 00:00:00-05:00,4.0,4.599999904632568,3.5999999046325684,4.400000095367432,1655,0.0,0.0
2009-01-05 00:00:00-05:00,4.800000190734863,6.199999809265137,4.800000190734863,5.800000190734863,3285,0.0,0.0
2009-01-06 00:00:00-05:00,6.199999809265137,7.0,6.0,6.400000095367432,1750,0.0,0.0
2009-01-07 00:00:00-05:00,6.0,6.199999809265137,6.0,6.199999809265137,340,0.0,0.0
2009-01-08 00:00:00-05:00,6.199999809265137,6.199999809265137,5.199999809265137,5.400000095367432,1360,0.0,0.0
2009-01-09 00:00:00-05:00,6.0,6.0,5.0,6.0,125,0.0,0.0
2009-01-12 00:00:00-05:00,6.0,7.400000095367432,6.0,6.400000095367432,735,0.0,0.0
2009-01-13 00:00:00-05:00,7.599999904632568,7.599999904632568,6.199999809265137,6.199999809265137,60,0.0,0.0
2009-01-14 00:00:00-05:00,6.0,6.400000095367432,6.0,6.400000095367432,460,0.0,0.0
2009-01-15 00:00:00-05:00,6.0,6.599999904632568,6.0,6.599999904632568,60,0.0,0.0
2009-01-16 00:00:00-05:00,7.0,7.199999809265137,6.0,7.199999809265137,345,0.0,0.0
2009-01-20 00:00:00-05:00,7.599999904632568,7.599999904632568,7.199999809265137,7.400000095367432,1415,0.0,0.0
2009-01-21 00:00:00-05:00,8.0,9.800000190734863,8.0,9.0,2710,0.0,0.0
2009-01-22 00:00:00-05:00,9.600000381469727,9.600000381469727,8.0,9.0,310,0.0,0.0
2009-01-23 00:00:00-05:00,8.199999809265137,9.0,8.0,9.0,35,0.0,0.0
2009-01-26 00:00:00-05:00,9.0,9.0,8.399999618530273,8.600000381469727,2655,0.0,0.0
2009-01-27 00:00:00-05:00,9.0,9.600000381469727,8.800000190734863,9.600000381469727,470,0.0,0.0
2009-01-28 00:00:00-05:00,9.600000381469727,10.800000190734863,9.199999809265137,9.800000190734863,2170,0.0,0.0
2009-01-29 00:00:00-05:00,9.800000190734863,9.800000190734863,9.800000190734863,9.800000190734863,0,0.0,0.0
2009-01-30 00:00:00-05:00,9.800000190734863,9.800000190734863,9.800000190734863,9.800000190734863,0,0.0,0.0
2009-02-02 00:00:00-05:00,8.800000190734863,11.0,8.800000190734863,9.399999618530273,630,0.0,0.0
2009-02-03 00:00:00-05:00,9.600000381469727,11.0,9.600000381469727,10.0,1080,0.0,0.0
2009-02-04 00:00:00-05:00,10.199999809265137,10.399999618530273,10.0,10.399999618530273,205,0.0,0.0
2009-02-05 00:00:00-05:00,11.0,11.0,10.199999809265137,10.199999809265137,180,0.0,0.0
2009-02-06 00:00:00-05:00,10.199999809265137,10.199999809265137,10.199999809265137,10.199999809265137,0,0.0,0.0
2009-02-09 00:00:00-05:00,10.399999618530273,10.399999618530273,10.0,10.0,5070,0.0,0.0
2009-02-10 00:00:00-05:00,9.800000190734863,9.800000190734863,9.600000381469727,9.600000381469727,115,0.0,0.0
2009-02-11 00:00:00-05:00,9.199999809265137,10.0,9.199999809265137,10.0,15,0.0,0.0
2009-02-12 00:00:00-05:00,9.600000381469727,12.0,9.600000381469727,10.399999618530273,3815,0.0,0.0
2009-02-13 00:00:00-05:00,12.0,12.0,10.399999618530273,10.399999618530273,115,0.0,0.0
2009-02-17 00:00:00-05:00,11.199999809265137,12.600000381469727,11.0,11.0,1895,0.0,0.0
2009-02-18 00:00:00-05:00,12.0,12.0,11.199999809265137,12.0,15,0.0,0.0
2009-02-19 00:00:00-05:00,12.800000190734863,12.800000190734863,12.800000190734863,12.800000190734863,5,0.0,0.0
2009-02-20 00:00:00-05:00,12.0,12.399999618530273,12.0,12.399999618530273,135,0.0,0.0
2009-02-23 00:00:00-05:00,11.0,11.800000190734863,11.0,11.800000190734863,15,0.0,0.0
2009-02-24 00:00:00-05:00,12.0,12.600000381469727,12.0,12.600000381469727,10,0.0,0.0
2009-02-25 00:00:00-05:00,12.600000381469727,12.600000381469727,12.600000381469727,12.600000381469727,0,0.0,0.0
2009-02-26 00:00:00-05:00,12.600000381469727,12.600000381469727,12.600000381469727,12.600000381469727,0,0.0,0.0
2009-02-27 00:00:00-05:00,12.199999809265137,13.199999809265137,12.199999809265137,12.800000190734863,150,0.0,0.0
2009-03-02 00:00:00-05:00,12.800000190734863,12.800000190734863,12.800000190734863,12.800000190734863,0,0.0,0.0
2009-03-03 00:00:00-05:00,12.0,12.0,11.0,11.399999618530273,315,0.0,0.0
2009-03-04 00:00:00-05:00,10.199999809265137,10.199999809265137,9.199999809265137,9.399999618530273,140,0.0,0.0
2009-03-05 00:00:00-05:00,9.199999809265137,9.199999809265137,8.199999809265137,8.199999809265137,10,0.0,0.0
2009-03-06 00:00:00-05:00,8.199999809265137,8.199999809265137,8.199999809265137,8.199999809265137,5,0.0,0.0
2009-03-09 00:00:00-04:00,8.800000190734863,8.800000190734863,8.800000190734863,8.800000190734863,5,0.0,0.0
2009-03-10 00:00:00-04:00,9.800000190734863,9.800000190734863,9.199999809265137,9.800000190734863,25,0.0,0.0
2009-03-11 00:00:00-04:00,8.0,9.399999618530273,8.0,9.399999618530273,100,0.0,0.0
2009-03-12 00:00:00-04:00,8.199999809265137,8.199999809265137,8.199999809265137,8.199999809265137,5,0.0,0.0
2009-03-13 00:00:00-04:00,8.0,8.0,8.0,8.0,5,0.0,0.0
2009-03-16 00:00:00-04:00,8.600000381469727,8.600000381469727,5.0,5.0,370,0.0,0.0
2009-03-17 00:00:00-04:00,7.800000190734863,9.600000381469727,7.800000190734863,9.0,65,0.0,0.0
2009-03-18 00:00:00-04:00,10.0,11.800000190734863,9.800000190734863,11.600000381469727,455,0.0,0.0
2009-03-19 00:00:00-04:00,9.800000190734863,9.800000190734863,9.800000190734863,9.800000190734863,5,0.0,0.0
2009-03-20 00:00:00-04:00,9.800000190734863,10.600000381469727,9.399999618530273,10.600000381469727,110,0.0,0.0
2009-03-23 00:00:00-04:00,10.600000381469727,10.600000381469727,10.600000381469727,10.600000381469727,0,0.0,0.0
2009-03-24 00:00:00-04:00,10.600000381469727,10.600000381469727,10.600000381469727,10.600000381469727,0,0.0,0.0
2009-03-25 00:00:00-04:00,10.0,10.199999809265137,10.0,10.199999809265137,10,0.0,0.0
2009-03-26 00:00:00-04:00,10.199999809265137,10.199999809265137,10.199999809265137,10.199999809265137,0,0.0,0.0
2009-03-27 00:00:00-04:00,8.800000190734863,8.800000190734863,8.800000190734863,8.800000190734863,5,0.0,0.0
2009-03-30 00:00:00-04:00,8.0,8.0,8.0,8.0,35,0.0,0.0
2009-03-31 00:00:00-04:00,8.199999809265137,9.0,8.199999809265137,9.0,10,0.0,0.0
2009-04-01 00:00:00-04:00,7.0,9.0,7.0,8.600000381469727,100,0.0,0.0
2009-04-02 00:00:00-04:00,8.800000190734863,11.0,8.0,11.0,1640,0.0,0.0
2009-04-03 00:00:00-04:00,8.399999618530273,11.0,8.199999809265137,11.0,45,0.0,0.0
2009-04-06 00:00:00-04:00,6.599999904632568,11.0,6.599999904632568,11.0,10,0.0,0.0
2009-04-07 00:00:00-04:00,11.0,11.0,7.599999904632568,10.800000190734863,140,0.0,0.0
2009-04-08 00:00:00-04:00,7.800000190734863,7.800000190734863,7.800000190734863,7.800000190734863,5,0.0,0.0
2009-04-09 00:00:00-04:00,7.800000190734863,10.800000190734863,7.800000190734863,10.800000190734863,10,0.0,0.0
2009-04-13 00:00:00-04:00,7.599999904632568,10.800000190734863,7.599999904632568,10.800000190734863,110,0.0,0.0
2009-04-14 00:00:00-04:00,8.199999809265137,10.800000190734863,8.199999809265137,10.800000190734863,110,0.0,0.0
2009-04-15 00:00:00-04:00,8.800000190734863,8.800000190734863,8.800000190734863,8.800000190734863,35,0.0,0.0
2009-04-16 00:00:00-04:00,9.199999809265137,10.800000190734863,8.800000190734863,10.800000190734863,240,0.0,0.0
2009-04-17 00:00:00-04:00,8.399999618530273,10.800000190734863,8.399999618530273,10.800000190734863,10,0.0,0.0
2009-04-20 00:00:00-04:00,10.800000190734863,10.800000190734863,10.800000190734863,10.800000190734863,0,0.0,0.0
2009-04-21 00:00:00-04:00,10.0,11.0,10.0,10.800000190734863,50,0.0,0.0
2009-04-22 00:00:00-04:00,10.0,10.0,10.0,10.0,10,0.0,0.0
2009-04-23 00:00:00-04:00,8.399999618530273,10.600000381469727,8.399999618530273,10.399999618530273,600,0.0,0.0
2009-04-24 00:00:00-04:00,9.199999809265137,11.0,9.199999809265137,10.0,290,0.0,0.0
2009-04-27 00:00:00-04:00,9.600000381469727,11.0,9.199999809265137,11.0,545,0.0,0.0
2009-04-28 00:00:00-04:00,11.199999809265137,13.199999809265137,11.0,12.0,9970,0.0,0.0
2009-04-29 00:00:00-04:00,12.199999809265137,13.0,9.399999618530273,11.600000381469727,545,0.0,0.0
2009-04-30 00:00:00-04:00,11.199999809265137,11.600000381469727,10.0,11.600000381469727,180,0.0,0.0
2009-05-01 00:00:00-04:00,11.600000381469727,11.600000381469727,11.600000381469727,11.600000381469727,45,0.0,0.0
2009-05-04 00:00:00-04:00,11.0,13.199999809265137,11.0,13.199999809265137,52820,0.0,0.0
2009-05-05 00:00:00-04:00,12.0,13.399999618530273,11.399999618530273,12.199999809265137,6310,0.0,0.0
2009-05-06 00:00:00-04:00,12.199999809265137,12.399999618530273,8.199999809265137,11.0,3760,0.0,0.0
2009-05-07 00:00:00-04:00,12.399999618530273,12.399999618530273,10.0,10.800000190734863,2970,0.0,0.0
2009-05-08 00:00:00-04:00,11.0,11.0,9.800000190734863,10.600000381469727,740,0.0,0.0
2009-05-11 00:00:00-04:00,10.199999809265137,10.399999618530273,9.399999618530273,9.800000190734863,3005,0.0,0.0
2009-05-12 00:00:00-04:00,8.600000381469727,9.800000190734863,8.600000381469727,9.199999809265137,2635,0.0,0.0
2009-05-13 00:00:00-04:00,8.800000190734863,9.600000381469727,8.600000381469727,9.0,1960,0.0,0.0
2009-05-14 00:00:00-04:00,8.600000381469727,8.800000190734863,8.0,8.800000190734863,1760,0.0,0.0
2009-05-15 00:00:00-04:00,10.0,10.0,8.399999618530273,8.399999618530273,1895,0.0,0.0
2009-05-18 00:00:00-04:00,8.0,9.600000381469727,8.0,9.399999618530273,245,0.0,0.0
2009-05-19 00:00:00-04:00,9.600000381469727,9.600000381469727,8.0,8.800000190734863,2375,0.0,0.0
2009-05-20 00:00:00-04:00,9.0,9.0,8.399999618530273,8.800000190734863,1545,0.0,0.0
2009-05-21 00:00:00-04:00,9.199999809265137,9.399999618530273,8.399999618530273,8.399999618530273,1270,0.0,0.0
2009-05-22 00:00:00-04:00,8.800000190734863,9.0,8.0,8.0,35,0.0,0.0
2009-05-26 00:00:00-04:00,8.0,8.800000190734863,8.0,8.600000381469727,2255,0.0,0.0
2009-05-27 00:00:00-04:00,8.399999618530273,8.600000381469727,8.0,8.399999618530273,230,0.0,0.0
2009-05-28 00:00:00-04:00,8.0,8.600000381469727,8.0,8.600000381469727,125,0.0,0.0
2009-05-29 00:00:00-04:00,9.0,9.0,8.399999618530273,8.800000190734863,150,0.0,0.0
2009-06-01 00:00:00-04:00,8.800000190734863,9.0,8.600000381469727,9.0,1415,0.0,0.0
2009-06-02 00:00:00-04:00,9.0,9.0,8.199999809265137,9.0,225,0.0,0.0
2009-06-03 00:00:00-04:00,8.800000190734863,9.199999809265137,8.399999618530273,8.399999618530273,1165,0.0,0.0
2009-06-04 00:00:00-04:00,8.199999809265137,8.399999618530273,8.0,8.399999618530273,490,0.0,0.0
2009-06-05 00:00:00-04:00,8.199999809265137,8.399999618530273,8.0,8.399999618530273,575,0.0,0.0
2009-06-08 00:00:00-04:00,8.199999809265137,8.800000190734863,8.0,8.399999618530273,780,0.0,0.0
2009-06-09 00:00:00-04:00,8.800000190734863,8.800000190734863,8.199999809265137,8.199999809265137,55,0.0,0.0
2009-06-10 00:00:00-04:00,8.0,8.199999809265137,7.800000190734863,8.199999809265137,875,0.0,0.0
2009-06-11 00:00:00-04:00,7.400000095367432,8.0,7.0,8.0,850,0.0,0.0
2009-06-12 00:00:00-04:00,7.599999904632568,8.199999809265137,7.599999904632568,8.199999809265137,45,0.0,0.0
2009-06-15 00:00:00-04:00,8.199999809265137,8.199999809265137,8.199999809265137,8.199999809265137,0,0.0,0.0
2009-06-16 00:00:00-04:00,8.199999809265137,8.399999618530273,8.0,8.399999618530273,185,0.0,0.0
2009-06-17 00:00:00-04:00,8.399999618530273,8.399999618530273,8.399999618530273,8.399999618530273,0,0.0,0.0
2009-06-18 00:00:00-04:00,8.399999618530273,8.399999618530273,8.399999618530273,8.399999618530273,0,0.0,0.0
2009-06-19 00:00:00-04:00,8.399999618530273,8.399999618530273,8.399999618530273,8.399999618530273,0,0.0,0.0
2009-06-22 00:00:00-04:00,9.0,9.0,7.599999904632568,8.600000381469727,110,0.0,0.0
2009-06-23 00:00:00-04:00,8.600000381469727,8.600000381469727,8.600000381469727,8.600000381469727,0,0.0,0.0
2009-06-24 00:00:00-04:00,7.400000095367432,8.0,7.400000095367432,8.0,875,0.0,0.0
2009-06-25 00:00:00-04:00,7.800000190734863,8.0,7.400000095367432,8.0,120,0.0,0.0
2009-06-26 00:00:00-04:00,7.599999904632568,8.399999618530273,7.599999904632568,8.199999809265137,820,0.0,0.0
2009-06-29 00:00:00-04:00,8.199999809265137,8.199999809265137,8.199999809265137,8.199999809265137,0,0.0,0.0
2009-06-30 00:00:00-04:00,7.599999904632568,8.199999809265137,7.400000095367432,8.199999809265137,675,0.0,0.0
2009-07-01 00:00:00-04:00,7.599999904632568,8.0,7.599999904632568,8.0,275,0.0,0.0
2009-07-02 00:00:00-04:00,8.199999809265137,9.600000381469727,8.199999809265137,8.800000190734863,12175,0.0,0.0
2009-07-06 00:00:00-04:00,9.199999809265137,9.199999809265137,8.0,9.0,1910,0.0,0.0
2009-07-07 00:00:00-04:00,8.800000190734863,8.800000190734863,7.800000190734863,8.800000190734863,770,0.0,0.0
2009-07-08 00:00:00-04:00,8.800000190734863,9.800000190734863,8.399999618530273,9.800000190734863,1575,0.0,0.0
2009-07-09 00:00:00-04:00,8.800000190734863,9.199999809265137,6.599999904632568,7.400000095367432,4290,0.0,0.0
2009-07-10 00:00:00-04:00,7.800000190734863,8.0,7.0,7.400000095367432,1130,0.0,0.0
2009-07-13 00:00:00-04:00,7.400000095367432,8.0,6.800000190734863,7.800000190734863,2495,0.0,0.0
2009-07-14 00:00:00-04:00,7.199999809265137,7.800000190734863,6.599999904632568,7.599999904632568,375,0.0,0.0
2009-07-15 00:00:00-04:00,7.599999904632568,8.800000190734863,7.400000095367432,8.800000190734863,1075,0.0,0.0
2009-07-16 00:00:00-04:00,8.800000190734863,8.800000190734863,7.400000095367432,8.0,125,0.0,0.0
2009-07-17 00:00:00-04:00,7.800000190734863,8.600000381469727,7.400000095367432,8.399999618530273,375,0.0,0.0
2009-07-20 00:00:00-04:00,7.599999904632568,7.599999904632568,7.599999904632568,7.599999904632568,1215,0.0,0.0
2009-07-21 00:00:00-04:00,7.400000095367432,7.599999904632568,7.400000095367432,7.599999904632568,1155,0.0,0.0
2009-07-22 00:00:00-04:00,7.599999904632568,7.599999904632568,7.599999904632568,7.599999904632568,0,0.0,0.0
2009-07-23 00:00:00-04:00,6.800000190734863,7.599999904632568,6.599999904632568,7.599999904632568,65,0.0,0.0
2009-07-24 00:00:00-04:00,7.199999809265137,7.599999904632568,7.199999809265137,7.599999904632568,330,0.0,0.0
2009-07-27 00:00:00-04:00,7.599999904632568,7.599999904632568,6.800000190734863,7.0,6355,0.0,0.0
2009-07-28 00:00:00-04:00,6.800000190734863,7.0,6.599999904632568,7.0,5310,0.0,0.0
2009-07-29 00:00:00-04:00,7.0,8.199999809265137,6.599999904632568,8.199999809265137,2690,0.0,0.0
2009-07-30 00:00:00-04:00,8.199999809265137,8.199999809265137,7.0,7.599999904632568,880,0.0,0.0
2009-07-31 00:00:00-04:00,7.599999904632568,7.599999904632568,7.599999904632568,7.599999904632568,0,0.0,0.0
2009-08-03 00:00:00-04:00,7.0,7.400000095367432,7.0,7.400000095367432,910,0.0,0.0
2009-08-04 00:00:00-04:00,7.0,7.199999809265137,7.0,7.199999809265137,15,0.0,0.0
2009-08-05 00:00:00-04:00,7.199999809265137,7.400000095367432,6.800000190734863,7.400000095367432,1475,0.0,0.0
2009-08-06 00:00:00-04:00,7.199999809265137,7.199999809265137,7.199999809265137,7.199999809265137,145,0.0,0.0
2009-08-07 00:00:00-04:00,7.199999809265137,7.400000095367432,7.199999809265137,7.400000095367432,10,0.0,0.0
2009-08-10 00:00:00-04:00,7.599999904632568,7.599999904632568,7.199999809265137,7.599999904632568,245,0.0,0.0
2009-08-11 00:00:00-04:00,7.400000095367432,7.400000095367432,7.0,7.400000095367432,110,0.0,0.0
2009-08-12 00:00:00-04:00,7.800000190734863,7.800000190734863,7.0,7.800000190734863,535,0.0,0.0
2009-08-13 00:00:00-04:00,7.599999904632568,7.599999904632568,7.400000095367432,7.599999904632568,1150,0.0,0.0
2009-08-14 00:00:00-04:00,7.800000190734863,7.800000190734863,7.199999809265137,7.800000190734863,200,0.0,0.0
2009-08-17 00:00:00-04:00,7.400000095367432,7.599999904632568,7.400000095367432,7.599999904632568,95,0.0,0.0
2009-08-18 00:00:00-04:00,7.599999904632568,7.800000190734863,7.400000095367432,7.800000190734863,3245,0.0,0.0
2009-08-19 00:00:00-04:00,7.800000190734863,7.800000190734863,7.400000095367432,7.800000190734863,520,0.0,0.0
2009-08-20 00:00:00-04:00,8.0,8.199999809265137,8.0,8.0,850,0.0,0.0
2009-08-21 00:00:00-04:00,7.400000095367432,8.0,7.199999809265137,8.0,425,0.0,0.0
2009-08-24 00:00:00-04:00,7.0,8.199999809265137,7.0,8.0,760,0.0,0.0
2009-08-25 00:00:00-04:00,8.0,8.0,8.0,8.0,0,0.0,0.0
2009-08-26 00:00:00-04:00,8.0,11.199999809265137,7.400000095367432,9.800000190734863,10930,0.0,0.0
2009-08-27 00:00:00-04:00,9.600000381469727,12.0,8.399999618530273,9.399999618530273,15815,0.0,0.0
2009-08-28 00:00:00-04:00,9.0,9.0,7.599999904632568,8.600000381469727,4250,0.0,0.0
2009-08-31 00:00:00-04:00,8.600000381469727,8.600000381469727,7.599999904632568,8.399999618530273,1510,0.0,0.0
2009-09-01 00:00:00-04:00,8.399999618530273,8.600000381469727,7.599999904632568,8.0,1200,0.0,0.0
2009-09-02 00:00:00-04:00,7.800000190734863,8.0,7.599999904632568,7.800000190734863,940,0.0,0.0
2009-09-03 00:00:00-04:00,7.800000190734863,7.800000190734863,7.599999904632568,7.599999904632568,800,0.0,0.0
2009-09-04 00:00:00-04:00,7.400000095367432,8.0,7.400000095367432,8.0,45,0.0,0.0
2009-09-08 00:00:00-04:00,7.199999809265137,8.0,7.199999809265137,8.0,145,0.0,0.0
2009-09-09 00:00:00-04:00,8.0,8.0,8.0,8.0,0,0.0,0.0
2009-09-10 00:00:00-04:00,7.400000095367432,8.0,7.199999809265137,7.800000190734863,490,0.0,0.0
2009-09-11 00:00:00-04:00,7.800000190734863,8.0,7.800000190734863,8.0,505,0.0,0.0
2009-09-14 00:00:00-04:00,7.599999904632568,8.0,7.599999904632568,8.0,275,0.0,0.0
2009-09-15 00:00:00-04:00,8.0,8.0,7.599999904632568,7.599999904632568,160,0.0,0.0
2009-09-16 00:00:00-04:00,7.599999904632568,8.0,7.599999904632568,8.0,230,0.0,0.0
2009-09-17 00:00:00-04:00,8.0,8.0,7.599999904632568,8.0,660,0.0,0.0
2009-09-18 00:00:00-04:00,8.0,8.0,7.599999904632568,8.0,30,0.0,0.0
2009-09-21 00:00:00-04:00,8.0,8.0,7.800000190734863,8.0,285,0.0,0.0
2009-09-22 00:00:00-04:00,8.0,8.800000190734863,8.0,8.600000381469727,3240,0.0,0.0
2009-09-23 00:00:00-04:00,8.399999618530273,9.600000381469727,8.0,8.800000190734863,2220,0.0,0.0
2009-09-24 00:00:00-04:00,8.0,8.800000190734863,7.599999904632568,8.800000190734863,525,0.0,0.0
2009-09-25 00:00:00-04:00,8.600000381469727,8.600000381469727,7.800000190734863,8.399999618530273,60,0.0,0.0
2009-09-28 00:00:00-04:00,8.600000381469727,8.800000190734863,8.0,8.600000381469727,330,0.0,0.0
2009-09-29 00:00:00-04:00,8.800000190734863,8.800000190734863,8.0,8.600000381469727,1790,0.0,0.0
2009-09-30 00:00:00-04:00,8.800000190734863,8.800000190734863,8.0,8.0,1870,0.0,0.0
2009-10-01 00:00:00-04:00,8.0,8.600000381469727,8.0,8.199999809265137,910,0.0,0.0
2009-10-02 00:00:00-04:00,8.0,8.199999809265137,7.599999904632568,8.0,310,0.0,0.0
2009-10-05 00:00:00-04:00,8.600000381469727,8.600000381469727,8.0,8.199999809265137,890,0.0,0.0
2009-10-06 00:00:00-04:00,8.600000381469727,8.800000190734863,8.199999809265137,8.199999809265137,70,0.0,0.0
2009-10-07 00:00:00-04:00,8.600000381469727,9.800000190734863,7.599999904632568,8.800000190734863,15015,0.0,0.0
2009-10-08 00:00:00-04:00,9.399999618530273,9.399999618530273,8.199999809265137,8.600000381469727,1410,0.0,0.0
2009-10-09 00:00:00-04:00,8.199999809265137,9.0,7.800000190734863,8.800000190734863,3150,0.0,0.0
2009-10-12 00:00:00-04:00,8.0,8.800000190734863,8.0,8.399999618530273,370,0.0,0.0
2009-10-13 00:00:00-04:00,8.0,8.800000190734863,8.0,8.800000190734863,25,0.0,0.0
2009-10-14 00:00:00-04:00,8.800000190734863,8.800000190734863,8.0,8.0,790,0.0,0.0
2009-10-15 00:00:00-04:00,8.600000381469727,8.600000381469727,8.0,8.600000381469727,640,0.0,0.0
2009-10-16 00:00:00-04:00,8.399999618530273,8.600000381469727,7.0,8.199999809265137,4000,0.0,0.0
2009-10-19 00:00:00-04:00,7.800000190734863,8.199999809265137,7.800000190734863,8.199999809265137,340,0.0,0.0
2009-10-20 00:00:00-04:00,8.199999809265137,8.199999809265137,8.199999809265137,8.199999809265137,25,0.0,0.0
2009-10-21 00:00:00-04:00,8.199999809265137,8.199999809265137,7.599999904632568,8.0,300,0.0,0.0
2009-10-22 00:00:00-04:00,8.0,10.399999618530273,7.0,8.0,15315,0.0,0.0
2009-10-23 00:00:00-04:00,7.599999904632568,8.600000381469727,7.400000095367432,7.400000095367432,4300,0.0,0.0
2009-10-26 00:00:00-04:00,7.400000095367432,8.199999809265137,7.400000095367432,8.0,85,0.0,0.0
2009-10-27 00:00:00-04:00,7.400000095367432,8.199999809265137,7.400000095367432,8.0,830,0.0,0.0
2009-10-28 00:00:00-04:00,7.400000095367432,7.800000190734863,7.400000095367432,7.800000190734863,350,0.0,0.0
2009-10-29 00:00:00-04:00,7.599999904632568,7.800000190734863,7.599999904632568,7.800000190734863,840,0.0,0.0
2009-10-30 00:00:00-04:00,7.400000095367432,7.800000190734863,7.199999809265137,7.800000190734863,380,0.0,0.0
2009-11-02 00:00:00-05:00,7.400000095367432,7.599999904632568,7.400000095367432,7.599999904632568,40,0.0,0.0
2009-11-03 00:00:00-05:00,7.800000190734863,7.800000190734863,7.199999809265137,7.800000190734863,805,0.0,0.0
2009-11-04 00:00:00-05:00,7.199999809265137,7.800000190734863,7.199999809265137,7.800000190734863,790,0.0,0.0
2009-11-05 00:00:00-05:00,7.800000190734863,7.800000190734863,7.800000190734863,7.800000190734863,0,0.0,0.0
2009-11-06 00:00:00-05:00,7.599999904632568,7.800000190734863,7.599999904632568,7.800000190734863,1490,0.0,0.0
2009-11-09 00:00:00-05:00,7.199999809265137,7.800000190734863,7.199999809265137,7.800000190734863,115,0.0,0.0
2009-11-10 00:00:00-05:00,7.199999809265137,7.800000190734863,7.199999809265137,7.800000190734863,15,0.0,0.0
2009-11-11 00:00:00-05:00,7.800000190734863,7.800000190734863,7.199999809265137,7.800000190734863,845,0.0,0.0
2009-11-12 00:00:00-05:00,7.800000190734863,7.800000190734863,7.800000190734863,7.800000190734863,0,0.0,0.0
2009-11-13 00:00:00-05:00,7.199999809265137,7.800000190734863,7.199999809265137,7.400000095367432,185,0.0,0.0
2009-11-16 00:00:00-05:00,7.800000190734863,7.800000190734863,6.800000190734863,7.0,1940,0.0,0.0
2009-11-17 00:00:00-05:00,7.0,7.0,6.800000190734863,7.0,865,0.0,0.0
2009-11-18 00:00:00-05:00,6.800000190734863,7.0,6.400000095367432,7.0,2400,0.0,0.0
2009-11-19 00:00:00-05:00,7.0,7.0,6.0,6.800000190734863,5685,0.0,0.0
2009-11-20 00:00:00-05:00,6.199999809265137,6.599999904632568,6.199999809265137,6.599999904632568,65,0.0,0.0
2009-11-23 00:00:00-05:00,6.199999809265137,7.0,6.0,6.400000095367432,690,0.0,0.0
2009-11-24 00:00:00-05:00,6.199999809265137,6.599999904632568,6.0,6.400000095367432,1285,0.0,0.0
2009-11-25 00:00:00-05:00,6.0,7.0,6.0,6.400000095367432,490,0.0,0.0
2009-11-27 00:00:00-05:00,6.400000095367432,6.400000095367432,6.400000095367432,6.400000095367432,0,0.0,0.0
2009-11-30 00:00:00-05:00,6.0,6.400000095367432,5.800000190734863,6.400000095367432,185,0.0,0.0
2009-12-01 00:00:00-05:00,6.199999809265137,6.400000095367432,5.800000190734863,6.400000095367432,930,0.0,0.0
2009-12-02 00:00:00-05:00,5.599999904632568,6.400000095367432,5.599999904632568,6.199999809265137,45,0.0,0.0
2009-12-03 00:00:00-05:00,6.199999809265137,6.199999809265137,5.599999904632568,6.199999809265137,370,0.0,0.0
2009-12-04 00:00:00-05:00,5.599999904632568,6.199999809265137,5.599999904632568,6.0,345,0.0,0.0
2009-12-07 00:00:00-05:00,5.800000190734863,5.800000190734863,5.599999904632568,5.800000190734863,690,0.0,0.0
2009-12-08 00:00:00-05:00,5.800000190734863,5.800000190734863,5.800000190734863,5.800000190734863,0,0.0,0.0
2009-12-09 00:00:00-05:00,5.599999904632568,5.599999904632568,5.199999809265137,5.599999904632568,245,0.0,0.0
2009-12-10 00:00:00-05:00,5.400000095367432,5.400000095367432,5.199999809265137,5.400000095367432,45,0.0,0.0
2009-12-11 00:00:00-05:00,5.199999809265137,5.199999809265137,4.599999904632568,5.0,595,0.0,0.0
2009-12-14 00:00:00-05:00,4.199999809265137,5.0,4.199999809265137,5.0,2560,0.0,0.0
2009-12-15 00:00:00-05:00,5.0,5.599999904632568,5.0,5.599999904632568,3100,0.0,0.0
2009-12-16 00:00:00-05:00,4.800000190734863,5.400000095367432,4.800000190734863,5.400000095367432,4685,0.0,0.0
2009-12-17 00:00:00-05:00,5.199999809265137,5.400000095367432,4.800000190734863,5.400000095367432,2765,0.0,0.0
2009-12-18 00:00:00-05:00,5.800000190734863,7.800000190734863,5.800000190734863,7.199999809265137,48525,0.0,0.0
2009-12-21 00:00:00-05:00,7.199999809265137,7.199999809265137,6.400000095367432,6.400000095367432,4460,0.0,0.0
2009-12-22 00:00:00-05:00,6.0,6.400000095367432,5.599999904632568,6.400000095367432,2160,0.0,0.0
2009-12-23 00:00:00-05:00,6.400000095367432,6.400000095367432,5.599999904632568,6.0,1050,0.0,0.0
2009-12-24 00:00:00-05:00,6.0,6.0,5.599999904632568,5.800000190734863,3830,0.0,0.0
2009-12-28 00:00:00-05:00,5.599999904632568,5.800000190734863,5.599999904632568,5.800000190734863,1730,0.0,0.0
2009-12-29 00:00:00-05:00,5.599999904632568,6.0,5.400000095367432,6.0,590,0.0,0.0
2009-12-30 00:00:00-05:00,5.400000095367432,5.800000190734863,5.400000095367432,5.800000190734863,370,0.0,0.0
2009-12-31 00:00:00-05:00,6.0,6.0,5.400000095367432,5.599999904632568,445,0.0,0.0
2010-01-04 00:00:00-05:00,5.800000190734863,6.0,5.400000095367432,5.599999904632568,605,0.0,0.0
2010-01-05 00:00:00-05:00,5.400000095367432,5.599999904632568,5.0,5.0,4800,0.0,0.0
2010-01-06 00:00:00-05:00,5.800000190734863,5.800000190734863,5.199999809265137,5.800000190734863,500,0.0,0.0
2010-01-07 00:00:00-05:00,5.400000095367432,5.800000190734863,5.199999809265137,5.800000190734863,1635,0.0,0.0
2010-01-08 00:00:00-05:00,5.400000095367432,5.599999904632568,5.199999809265137,5.400000095367432,1155,0.0,0.0
2010-01-11 00:00:00-05:00,5.400000095367432,6.800000190734863,5.199999809265137,5.199999809265137,9745,0.0,0.0
2010-01-12 00:00:00-05:00,4.639999866485596,6.760000228881836,4.639999866485596,5.519999980926514,29500,0.0,0.2
2010-01-13 00:00:00-05:00,5.360000133514404,5.360000133514404,4.679999828338623,5.199999809265137,850,0.0,0.0
2010-01-14 00:00:00-05:00,5.159999847412109,5.320000171661377,5.039999961853027,5.320000171661377,75,0.0,0.0
2010-01-15 00:00:00-05:00,5.079999923706055,5.159999847412109,4.800000190734863,5.119999885559082,1625,0.0,0.0
2010-01-19 00:00:00-05:00,5.079999923706055,5.079999923706055,4.480000019073486,4.71999979019165,6550,0.0,0.0
2010-01-20 00:00:00-05:00,4.800000190734863,4.800000190734863,4.480000019073486,4.480000019073486,4650,0.0,0.0
2010-01-21 00:00:00-05:00,4.360000133514404,5.079999923706055,4.360000133514404,4.840000152587891,5475,0.0,0.0
2010-01-22 00:00:00-05:00,5.0,5.039999961853027,5.0,5.0,2450,0.0,0.0
2010-01-25 00:00:00-05:00,5.0,5.079999923706055,4.800000190734863,5.079999923706055,8675,0.0,0.0
2010-01-26 00:00:00-05:00,5.599999904632568,5.599999904632568,5.0,5.239999771118164,500,0.0,0.0
2010-01-27 00:00:00-05:00,5.239999771118164,5.239999771118164,5.239999771118164,5.239999771118164,0,0.0,0.0
2010-01-28 00:00:00-05:00,5.239999771118164,5.320000171661377,5.0,5.159999847412109,4800,0.0,0.0
2010-01-29 00:00:00-05:00,4.800000190734863,5.0,4.800000190734863,5.0,325,0.0,0.0
2010-02-01 00:00:00-05:00,5.0,5.159999847412109,5.0,5.159999847412109,575,0.0,0.0
2010-02-02 00:00:00-05:00,5.239999771118164,5.239999771118164,4.840000152587891,5.119999885559082,7175,0.0,0.0
2010-02-03 00:00:00-05:00,5.239999771118164,5.239999771118164,4.800000190734863,5.0,3175,0.0,0.0
2010-02-04 00:00:00-05:00,5.239999771118164,5.239999771118164,4.800000190734863,5.239999771118164,7525,0.0,0.0
2010-02-05 00:00:00-05:00,5.0,5.159999847412109,4.880000114440918,5.159999847412109,325,0.0,0.0
2010-02-08 00:00:00-05:00,4.800000190734863,7.0,4.800000190734863,5.599999904632568,26950,0.0,0.0
2010-02-09 00:00:00-05:00,6.28000020980835,6.28000020980835,5.199999809265137,5.480000019073486,6425,0.0,0.0
2010-02-10 00:00:00-05:00,4.960000038146973,5.400000095367432,4.800000190734863,5.400000095367432,2075,0.0,0.0
2010-02-11 00:00:00-05:00,5.0,5.320000171661377,4.920000076293945,5.320000171661377,575,0.0,0.0
2010-02-12 00:00:00-05:00,5.400000095367432,5.639999866485596,5.199999809265137,5.519999980926514,1375,0.0,0.0
2010-02-16 00:00:00-05:00,5.599999904632568,5.599999904632568,5.199999809265137,5.519999980926514,4675,0.0,0.0
2010-02-17 00:00:00-05:00,5.400000095367432,5.400000095367432,5.119999885559082,5.199999809265137,1950,0.0,0.0
2010-02-18 00:00:00-05:00,4.519999980926514,5.28000020980835,4.519999980926514,5.199999809265137,2925,0.0,0.0
2010-02-19 00:00:00-05:00,4.639999866485596,5.199999809265137,4.639999866485596,4.920000076293945,4600,0.0,0.0
2010-02-22 00:00:00-05:00,4.920000076293945,5.0,4.840000152587891,5.0,2875,0.0,0.0
2010-02-23 00:00:00-05:00,4.960000038146973,5.599999904632568,4.920000076293945,5.199999809265137,6925,0.0,0.0
2010-02-24 00:00:00-05:00,5.480000019073486,5.599999904632568,5.28000020980835,5.519999980926514,2350,0.0,0.0
2010-02-25 00:00:00-05:00,5.320000171661377,5.400000095367432,5.199999809265137,5.400000095367432,650,0.0,0.0
2010-02-26 00:00:00-05:00,5.559999942779541,5.71999979019165,5.320000171661377,5.639999866485596,1400,0.0,0.0
2010-03-01 00:00:00-05:00,5.760000228881836,5.760000228881836,5.400000095367432,5.559999942779541,750,0.0,0.0
2010-03-02 00:00:00-05:00,5.480000019073486,5.800000190734863,5.239999771118164,5.760000228881836,1925,0.0,0.0
2010-03-03 00:00:00-05:00,5.599999904632568,5.599999904632568,5.400000095367432,5.599999904632568,250,0.0,0.0
2010-03-04 00:00:00-05:00,5.599999904632568,5.599999904632568,5.079999923706055,5.519999980926514,4325,0.0,0.0
2010-03-05 00:00:00-05:00,5.320000171661377,5.480000019073486,5.239999771118164,5.440000057220459,275,0.0,0.0
2010-03-08 00:00:00-05:00,5.320000171661377,5.400000095367432,5.239999771118164,5.400000095367432,225,0.0,0.0
2010-03-09 00:00:00-05:00,5.239999771118164,5.400000095367432,5.239999771118164,5.400000095367432,325,0.0,0.0
2010-03-10 00:00:00-05:00,5.199999809265137,5.400000095367432,5.199999809265137,5.400000095367432,300,0.0,0.0
2010-03-11 00:00:00-05:00,5.400000095367432,5.400000095367432,5.400000095367432,5.400000095367432,100,0.0,0.0
2010-03-12 00:00:00-05:00,5.239999771118164,5.71999979019165,5.199999809265137,5.71999979019165,375,0.0,0.0
2010-03-15 00:00:00-04:00,5.960000038146973,5.960000038146973,5.480000019073486,5.800000190734863,875,0.0,0.0
2010-03-16 00:00:00-04:00,5.800000190734863,5.800000190734863,5.599999904632568,5.679999828338623,75,0.0,0.0
2010-03-17 00:00:00-04:00,5.599999904632568,5.760000228881836,5.400000095367432,5.760000228881836,600,0.0,0.0
2010-03-18 00:00:00-04:00,5.679999828338623,5.840000152587891,5.400000095367432,5.800000190734863,1500,0.0,0.0
2010-03-19 00:00:00-04:00,5.760000228881836,5.760000228881836,5.599999904632568,5.599999904632568,625,0.0,0.0
2010-03-22 00:00:00-04:00,5.559999942779541,5.559999942779541,5.199999809265137,5.400000095367432,225,0.0,0.0
2010-03-23 00:00:00-04:00,5.360000133514404,5.360000133514404,5.360000133514404,5.360000133514404,25,0.0,0.0
2010-03-24 00:00:00-04:00,5.360000133514404,5.360000133514404,5.360000133514404,5.360000133514404,25,0.0,0.0
2010-03-25 00:00:00-04:00,5.360000133514404,5.360000133514404,5.239999771118164,5.360000133514404,7550,0.0,0.0
2010-03-26 00:00:00-04:00,5.039999961853027,5.320000171661377,5.039999961853027,5.320000171661377,1225,0.0,0.0
2010-03-29 00:00:00-04:00,5.320000171661377,5.480000019073486,5.239999771118164,5.480000019073486,575,0.0,0.0
2010-03-30 00:00:00-04:00,5.519999980926514,5.519999980926514,5.199999809265137,5.519999980926514,175,0.0,0.0
2010-03-31 00:00:00-04:00,5.519999980926514,5.519999980926514,5.519999980926514,5.519999980926514,25,0.0,0.0
2010-04-01 00:00:00-04:00,5.519999980926514,5.519999980926514,5.519999980926514,5.519999980926514,0,0.0,0.0
2010-04-05 00:00:00-04:00,5.519999980926514,5.599999904632568,5.320000171661377,5.559999942779541,225,0.0,0.0
2010-04-06 00:00:00-04:00,5.559999942779541,6.679999828338623,5.559999942779541,5.639999866485596,6000,0.0,0.0
2010-04-07 00:00:00-04:00,5.71999979019165,5.71999979019165,5.599999904632568,5.679999828338623,650,0.0,0.0
2010-04-08 00:00:00-04:00,5.599999904632568,5.639999866485596,5.519999980926514,5.639999866485596,1400,0.0,0.0
2010-04-09 00:00:00-04:00,5.639999866485596,5.639999866485596,5.639999866485596,5.639999866485596,0,0.0,0.0
2010-04-12 00:00:00-04:00,5.400000095367432,5.559999942779541,5.400000095367432,5.559999942779541,925,0.0,0.0
2010-04-13 00:00:00-04:00,5.360000133514404,5.480000019073486,5.360000133514404,5.480000019073486,350,0.0,0.0
2010-04-14 00:00:00-04:00,5.199999809265137,5.559999942779541,5.199999809265137,5.559999942779541,2200,0.0,0.0
2010-04-15 00:00:00-04:00,5.440000057220459,5.800000190734863,5.440000057220459,5.71999979019165,875,0.0,0.0
2010-04-16 00:00:00-04:00,5.519999980926514,5.840000152587891,5.28000020980835,5.360000133514404,450,0.0,0.0
2010-04-19 00:00:00-04:00,5.28000020980835,5.559999942779541,5.239999771118164,5.559999942779541,2525,0.0,0.0
2010-04-20 00:00:00-04:00,5.480000019073486,5.639999866485596,5.28000020980835,5.639999866485596,125,0.0,0.0
2010-04-21 00:00:00-04:00,5.159999847412109,5.320000171661377,5.159999847412109,5.320000171661377,500,0.0,0.0
2010-04-22 00:00:00-04:00,5.320000171661377,5.480000019073486,5.320000171661377,5.480000019073486,250,0.0,0.0
2010-04-23 00:00:00-04:00,5.559999942779541,5.599999904632568,5.28000020980835,5.599999904632568,1625,0.0,0.0
2010-04-26 00:00:00-04:00,5.360000133514404,5.639999866485596,5.159999847412109,5.440000057220459,3700,0.0,0.0
2010-04-27 00:00:00-04:00,5.320000171661377,5.440000057220459,5.199999809265137,5.440000057220459,4000,0.0,0.0
2010-04-28 00:00:00-04:00,5.239999771118164,5.28000020980835,5.039999961853027,5.28000020980835,2050,0.0,0.0
2010-04-29 00:00:00-04:00,5.079999923706055,5.360000133514404,5.079999923706055,5.360000133514404,525,0.0,0.0
2010-04-30 00:00:00-04:00,5.119999885559082,5.320000171661377,5.039999961853027,5.320000171661377,75,0.0,0.0
2010-05-03 00:00:00-04:00,5.320000171661377,5.360000133514404,5.119999885559082,5.239999771118164,7875,0.0,0.0
2010-05-04 00:00:00-04:00,5.119999885559082,5.159999847412109,5.0,5.159999847412109,1000,0.0,0.0
2010-05-05 00:00:00-04:00,5.079999923706055,5.199999809265137,5.0,5.199999809265137,4100,0.0,0.0
2010-05-06 00:00:00-04:00,4.960000038146973,5.119999885559082,4.920000076293945,5.079999923706055,475,0.0,0.0
2010-05-07 00:00:00-04:00,4.920000076293945,5.039999961853027,4.920000076293945,5.039999961853027,75,0.0,0.0
2010-05-10 00:00:00-04:00,5.0,5.0,5.0,5.0,1250,0.0,0.0
2010-05-11 00:00:00-04:00,4.71999979019165,5.079999923706055,4.71999979019165,5.079999923706055,2350,0.0,0.0
2010-05-12 00:00:00-04:00,4.960000038146973,4.960000038146973,4.840000152587891,4.960000038146973,2450,0.0,0.0
2010-05-13 00:00:00-04:00,5.039999961853027,5.039999961853027,5.039999961853027,5.039999961853027,25,0.0,0.0
2010-05-14 00:00:00-04:00,4.800000190734863,5.039999961853027,4.800000190734863,5.039999961853027,325,0.0,0.0
2010-05-17 00:00:00-04:00,5.039999961853027,5.039999961853027,5.039999961853027,5.039999961853027,0,0.0,0.0
2010-05-18 00:00:00-04:00,5.039999961853027,5.039999961853027,5.039999961853027,5.039999961853027,1000,0.0,0.0
2010-05-19 00:00:00-04:00,4.71999979019165,5.039999961853027,4.71999979019165,5.039999961853027,950,0.0,0.0
2010-05-20 00:00:00-04:00,4.71999979019165,4.840000152587891,4.71999979019165,4.840000152587891,100,0.0,0.0
2010-05-21 00:00:00-04:00,4.920000076293945,4.920000076293945,4.920000076293945,4.920000076293945,25,0.0,0.0
2010-05-24 00:00:00-04:00,4.800000190734863,4.920000076293945,4.679999828338623,4.920000076293945,1725,0.0,0.0
2010-05-25 00:00:00-04:00,4.71999979019165,4.960000038146973,4.71999979019165,4.960000038146973,2800,0.0,0.0
2010-05-26 00:00:00-04:00,4.960000038146973,4.960000038146973,4.559999942779541,4.960000038146973,425,0.0,0.0
2010-05-27 00:00:00-04:00,4.960000038146973,4.960000038146973,4.639999866485596,4.920000076293945,1300,0.0,0.0
2010-05-28 00:00:00-04:00,4.519999980926514,4.920000076293945,4.519999980926514,4.920000076293945,475,0.0,0.0
2010-06-01 00:00:00-04:00,4.840000152587891,4.840000152587891,4.639999866485596,4.840000152587891,75,0.0,0.0
2010-06-02 00:00:00-04:00,4.920000076293945,4.920000076293945,4.920000076293945,4.920000076293945,25,0.0,0.0
2010-06-03 00:00:00-04:00,4.920000076293945,4.920000076293945,4.920000076293945,4.920000076293945,0,0.0,0.0
2010-06-04 00:00:00-04:00,4.920000076293945,4.920000076293945,4.920000076293945,4.920000076293945,0,0.0,0.0
2010-06-07 00:00:00-04:00,4.760000228881836,4.760000228881836,4.639999866485596,4.71999979019165,525,0.0,0.0
2010-06-08 00:00:00-04:00,4.599999904632568,4.71999979019165,4.599999904632568,4.71999979019165,650,0.0,0.0
2010-06-09 00:00:00-04:00,4.480000019073486,4.760000228881836,4.480000019073486,4.760000228881836,150,0.0,0.0
2010-06-10 00:00:00-04:00,4.519999980926514,4.760000228881836,4.440000057220459,4.760000228881836,1475,0.0,0.0
2010-06-11 00:00:00-04:00,4.519999980926514,4.519999980926514,4.519999980926514,4.519999980926514,125,0.0,0.0
2010-06-14 00:00:00-04:00,4.28000020980835,4.639999866485596,4.28000020980835,4.639999866485596,175,0.0,0.0
2010-06-15 00:00:00-04:00,4.360000133514404,4.840000152587891,4.079999923706055,4.320000171661377,25500,0.0,0.0
2010-06-16 00:00:00-04:00,4.119999885559082,4.119999885559082,3.680000066757202,3.7200000286102295,8925,0.0,0.0
2010-06-17 00:00:00-04:00,3.7200000286102295,4.0,3.5999999046325684,3.8399999141693115,5150,0.0,0.0
2010-06-18 00:00:00-04:00,3.640000104904175,3.9600000381469727,3.5999999046325684,3.9600000381469727,3125,0.0,0.0
2010-06-21 00:00:00-04:00,3.680000066757202,3.880000114440918,3.680000066757202,3.880000114440918,300,0.0,0.0
2010-06-22 00:00:00-04:00,3.9200000762939453,3.9200000762939453,3.9200000762939453,3.9200000762939453,25,0.0,0.0
2010-06-23 00:00:00-04:00,3.640000104904175,3.9200000762939453,3.640000104904175,3.9200000762939453,50,0.0,0.0
2010-06-24 00:00:00-04:00,3.9200000762939453,3.9200000762939453,3.9200000762939453,3.9200000762939453,0,0.0,0.0
2010-06-25 00:00:00-04:00,3.880000114440918,3.9200000762939453,3.880000114440918,3.9200000762939453,100,0.0,0.0
2010-06-28 00:00:00-04:00,3.9200000762939453,3.9200000762939453,3.9200000762939453,3.9200000762939453,0,0.0,0.0
2010-06-29 00:00:00-04:00,3.5999999046325684,3.880000114440918,3.5999999046325684,3.8399999141693115,100,0.0,0.0
2010-06-30 00:00:00-04:00,3.5999999046325684,3.880000114440918,3.319999933242798,3.880000114440918,2275,0.0,0.0
2010-07-01 00:00:00-04:00,3.319999933242798,3.799999952316284,3.240000009536743,3.799999952316284,1900,0.0,0.0
2010-07-02 00:00:00-04:00,3.240000009536743,3.7200000286102295,3.240000009536743,3.7200000286102295,50,0.0,0.0
2010-07-06 00:00:00-04:00,3.5999999046325684,3.7200000286102295,2.0799999237060547,3.0799999237060547,12075,0.0,0.0
2010-07-07 00:00:00-04:00,3.0799999237060547,3.240000009536743,2.9600000381469727,3.200000047683716,1850,0.0,0.0
2010-07-08 00:00:00-04:00,3.319999933242798,3.319999933242798,3.319999933242798,3.319999933242798,25,0.0,0.0
2010-07-09 00:00:00-04:00,3.2799999713897705,3.319999933242798,3.2799999713897705,3.319999933242798,250,0.0,0.0
2010-07-12 00:00:00-04:00,3.319999933242798,3.319999933242798,3.319999933242798,3.319999933242798,0,0.0,0.0
2010-07-13 00:00:00-04:00,3.319999933242798,3.319999933242798,3.319999933242798,3.319999933242798,0,0.0,0.0
2010-07-14 00:00:00-04:00,3.319999933242798,3.319999933242798,3.319999933242798,3.319999933242798,200,0.0,0.0
2010-07-15 00:00:00-04:00,3.319999933242798,3.319999933242798,3.319999933242798,3.319999933242798,0,0.0,0.0
2010-07-16 00:00:00-04:00,3.319999933242798,3.559999942779541,3.319999933242798,3.4800000190734863,5975,0.0,0.0
2010-07-19 00:00:00-04:00,3.680000066757202,3.680000066757202,3.680000066757202,3.680000066757202,25,0.0,0.0
2010-07-20 00:00:00-04:00,3.5999999046325684,4.239999771118164,3.5999999046325684,3.9600000381469727,10750,0.0,0.0
2010-07-21 00:00:00-04:00,3.9200000762939453,4.079999923706055,3.9200000762939453,4.079999923706055,2175,0.0,0.0
2010-07-22 00:00:00-04:00,3.880000114440918,4.079999923706055,3.880000114440918,4.0,3875,0.0,0.0
2010-07-23 00:00:00-04:00,4.0,4.28000020980835,4.0,4.28000020980835,2425,0.0,0.0
2010-07-26 00:00:00-04:00,4.28000020980835,4.320000171661377,4.28000020980835,4.320000171661377,675,0.0,0.0
2010-07-27 00:00:00-04:00,4.239999771118164,4.28000020980835,4.039999961853027,4.039999961853027,5850,0.0,0.0
2010-07-28 00:00:00-04:00,4.239999771118164,4.239999771118164,4.239999771118164,4.239999771118164,25,0.0,0.0
2010-07-29 00:00:00-04:00,4.039999961853027,4.039999961853027,4.0,4.0,225,0.0,0.0
2010-07-30 00:00:00-04:00,3.880000114440918,4.079999923706055,3.8399999141693115,4.079999923706055,200,0.0,0.0
2010-08-02 00:00:00-04:00,3.4800000190734863,4.400000095367432,3.4800000190734863,4.239999771118164,300,0.0,0.0
2010-08-03 00:00:00-04:00,4.239999771118164,4.239999771118164,4.239999771118164,4.239999771118164,0,0.0,0.0
2010-08-04 00:00:00-04:00,4.239999771118164,4.239999771118164,4.239999771118164,4.239999771118164,0,0.0,0.0
2010-08-05 00:00:00-04:00,4.159999847412109,4.519999980926514,4.159999847412109,4.519999980926514,3350,0.0,0.0
2010-08-06 00:00:00-04:00,4.28000020980835,4.28000020980835,4.28000020980835,4.28000020980835,125,0.0,0.0
2010-08-09 00:00:00-04:00,4.28000020980835,4.519999980926514,4.079999923706055,4.079999923706055,700,0.0,0.0
2010-08-10 00:00:00-04:00,4.400000095367432,4.519999980926514,4.360000133514404,4.360000133514404,1075,0.0,0.0
2010-08-11 00:00:00-04:00,5.320000171661377,6.760000228881836,4.840000152587891,5.199999809265137,50200,0.0,0.0
2010-08-12 00:00:00-04:00,5.199999809265137,5.199999809265137,4.480000019073486,5.0,8675,0.0,0.0
2010-08-13 00:00:00-04:00,4.920000076293945,5.199999809265137,4.599999904632568,5.199999809265137,2650,0.0,0.0
2010-08-16 00:00:00-04:00,4.920000076293945,5.679999828338623,4.920000076293945,5.599999904632568,12025,0.0,0.0
2010-08-17 00:00:00-04:00,5.599999904632568,5.920000076293945,5.320000171661377,5.679999828338623,2500,0.0,0.0
2010-08-18 00:00:00-04:00,5.800000190734863,5.800000190734863,5.039999961853027,5.440000057220459,2400,0.0,0.0
2010-08-19 00:00:00-04:00,5.119999885559082,5.519999980926514,5.079999923706055,5.519999980926514,275,0.0,0.0
2010-08-20 00:00:00-04:00,5.519999980926514,5.519999980926514,5.519999980926514,5.519999980926514,0,0.0,0.0
2010-08-23 00:00:00-04:00,5.679999828338623,5.71999979019165,5.519999980926514,5.519999980926514,150,0.0,0.0
2010-08-24 00:00:00-04:00,5.199999809265137,5.599999904632568,5.199999809265137,5.599999904632568,375,0.0,0.0
2010-08-25 00:00:00-04:00,5.519999980926514,5.559999942779541,5.320000171661377,5.400000095367432,1225,0.0,0.0
2010-08-26 00:00:00-04:00,5.239999771118164,5.679999828338623,4.960000038146973,5.639999866485596,6150,0.0,0.0
2010-08-27 00:00:00-04:00,5.480000019073486,5.880000114440918,5.480000019073486,5.880000114440918,2925,0.0,0.0
2010-08-30 00:00:00-04:00,5.880000114440918,5.920000076293945,5.679999828338623,5.880000114440918,9675,0.0,0.0
2010-08-31 00:00:00-04:00,5.639999866485596,6.0,5.639999866485596,5.880000114440918,6750,0.0,0.0
2010-09-01 00:00:00-04:00,5.840000152587891,6.400000095367432,5.639999866485596,6.400000095367432,4075,0.0,0.0
2010-09-02 00:00:00-04:00,6.400000095367432,6.960000038146973,6.400000095367432,6.960000038146973,2400,0.0,0.0
2010-09-03 00:00:00-04:00,7.0,7.71999979019165,6.800000190734863,7.559999942779541,9625,0.0,0.0
2010-09-07 00:00:00-04:00,7.559999942779541,7.960000038146973,7.320000171661377,7.760000228881836,6850,0.0,0.0
2010-09-08 00:00:00-04:00,7.920000076293945,8.279999732971191,7.800000190734863,7.840000152587891,7500,0.0,0.0
2010-09-09 00:00:00-04:00,7.960000038146973,8.4399995803833,7.239999771118164,8.079999923706055,6700,0.0,0.0
2010-09-10 00:00:00-04:00,8.239999771118164,8.399999618530273,8.079999923706055,8.319999694824219,1400,0.0,0.0
2010-09-13 00:00:00-04:00,8.399999618530273,9.600000381469727,8.359999656677246,9.119999885559082,12200,0.0,0.0
2010-09-14 00:00:00-04:00,8.960000038146973,9.199999809265137,8.600000381469727,9.039999961853027,9400,0.0,0.0
2010-09-15 00:00:00-04:00,9.039999961853027,9.15999984741211,9.0,9.15999984741211,5925,0.0,0.0
2010-09-16 00:00:00-04:00,9.15999984741211,9.15999984741211,9.0,9.0,875,0.0,0.0
2010-09-17 00:00:00-04:00,9.039999961853027,9.199999809265137,9.039999961853027,9.199999809265137,3425,0.0,0.0
2010-09-20 00:00:00-04:00,9.199999809265137,10.119999885559082,9.15999984741211,9.960000038146973,8475,0.0,0.0
2010-09-21 00:00:00-04:00,10.119999885559082,11.84000015258789,9.880000114440918,11.84000015258789,12200,0.0,0.0
2010-09-22 00:00:00-04:00,12.0,12.760000228881836,11.880000114440918,12.4399995803833,24075,0.0,0.0
2010-09-23 00:00:00-04:00,12.399999618530273,13.520000457763672,12.0,13.199999809265137,15000,0.0,0.0
2010-09-24 00:00:00-04:00,13.279999732971191,13.520000457763672,12.279999732971191,12.319999694824219,23950,0.0,0.0
2010-09-27 00:00:00-04:00,12.119999885559082,12.119999885559082,9.760000228881836,11.039999961853027,17375,0.0,0.0
2010-09-28 00:00:00-04:00,11.039999961853027,11.039999961853027,10.199999809265137,10.199999809265137,4925,0.0,0.0
2010-09-29 00:00:00-04:00,10.359999656677246,12.0,10.199999809265137,11.84000015258789,30975,0.0,0.0
2010-09-30 00:00:00-04:00,12.15999984741211,12.359999656677246,11.399999618530273,11.5600004196167,6925,0.0,0.0
2010-10-01 00:00:00-04:00,11.920000076293945,12.279999732971191,11.640000343322754,12.279999732971191,5850,0.0,0.0
2010-10-04 00:00:00-04:00,12.279999732971191,12.279999732971191,11.84000015258789,12.079999923706055,2600,0.0,0.0
2010-10-05 00:00:00-04:00,12.079999923706055,12.079999923706055,11.239999771118164,11.760000228881836,8525,0.0,0.0
2010-10-06 00:00:00-04:00,11.880000114440918,12.279999732971191,11.84000015258789,11.84000015258789,4950,0.0,0.0
2010-10-07 00:00:00-04:00,11.960000038146973,12.239999771118164,11.880000114440918,12.199999809265137,11475,0.0,0.0
2010-10-08 00:00:00-04:00,12.279999732971191,12.399999618530273,12.039999961853027,12.399999618530273,8250,0.0,0.0
2010-10-11 00:00:00-04:00,12.5600004196167,12.600000381469727,11.319999694824219,11.720000267028809,21800,0.0,0.0
2010-10-12 00:00:00-04:00,11.520000457763672,11.600000381469727,8.84000015258789,9.359999656677246,29625,0.0,0.0
2010-10-13 00:00:00-04:00,9.119999885559082,10.119999885559082,9.119999885559082,9.319999694824219,18200,0.0,0.0
2010-10-14 00:00:00-04:00,9.4399995803833,9.800000190734863,8.960000038146973,9.279999732971191,3125,0.0,0.0
2010-10-15 00:00:00-04:00,9.319999694824219,9.319999694824219,9.079999923706055,9.319999694824219,1500,0.0,0.0
2010-10-18 00:00:00-04:00,9.199999809265137,9.199999809265137,7.320000171661377,7.800000190734863,16275,0.0,0.0
2010-10-19 00:00:00-04:00,8.520000457763672,8.520000457763672,7.199999809265137,7.519999980926514,10100,0.0,0.0
2010-10-20 00:00:00-04:00,7.159999847412109,7.800000190734863,6.840000152587891,6.840000152587891,9575,0.0,0.0
2010-10-21 00:00:00-04:00,6.840000152587891,7.119999885559082,6.760000228881836,6.960000038146973,5625,0.0,0.0
2010-10-22 00:00:00-04:00,7.159999847412109,8.800000190734863,6.760000228881836,7.400000095367432,57375,0.0,0.0
2010-10-25 00:00:00-04:00,7.320000171661377,8.119999885559082,7.199999809265137,7.519999980926514,8125,0.0,0.0
2010-10-26 00:00:00-04:00,7.360000133514404,7.599999904632568,6.880000114440918,7.559999942779541,8900,0.0,0.0
2010-10-27 00:00:00-04:00,7.559999942779541,7.920000076293945,7.320000171661377,7.840000152587891,4975,0.0,0.0
2010-10-28 00:00:00-04:00,7.760000228881836,9.15999984741211,7.599999904632568,7.800000190734863,18000,0.0,0.0
2010-10-29 00:00:00-04:00,8.880000114440918,8.880000114440918,7.71999979019165,8.079999923706055,4900,0.0,0.0
2010-11-01 00:00:00-04:00,9.119999885559082,9.15999984741211,8.199999809265137,8.359999656677246,9725,0.0,0.0
2010-11-02 00:00:00-04:00,8.239999771118164,8.239999771118164,6.960000038146973,7.360000133514404,16875,0.0,0.0
2010-11-03 00:00:00-04:00,7.159999847412109,7.360000133514404,7.039999961853027,7.199999809265137,2025,0.0,0.0
2010-11-04 00:00:00-04:00,6.840000152587891,7.320000171661377,6.840000152587891,7.119999885559082,3100,0.0,0.0
2010-11-05 00:00:00-04:00,7.360000133514404,7.360000133514404,7.159999847412109,7.320000171661377,325,0.0,0.0
2010-11-08 00:00:00-05:00,7.360000133514404,7.71999979019165,7.320000171661377,7.559999942779541,7125,0.0,0.0
2010-11-09 00:00:00-05:00,7.599999904632568,9.039999961853027,7.599999904632568,7.880000114440918,31575,0.0,0.0
2010-11-10 00:00:00-05:00,8.15999984741211,8.399999618530273,7.920000076293945,8.15999984741211,4975,0.0,0.0
2010-11-11 00:00:00-05:00,8.199999809265137,8.199999809265137,7.599999904632568,7.840000152587891,6250,0.0,0.0
2010-11-12 00:00:00-05:00,7.960000038146973,7.960000038146973,7.360000133514404,7.360000133514404,1675,0.0,0.0
2010-11-15 00:00:00-05:00,7.400000095367432,7.440000057220459,7.400000095367432,7.440000057220459,950,0.0,0.0
2010-11-16 00:00:00-05:00,7.239999771118164,7.760000228881836,6.800000190734863,7.119999885559082,1475,0.0,0.0
2010-11-17 00:00:00-05:00,6.800000190734863,6.960000038146973,6.519999980926514,6.760000228881836,7025,0.0,0.0
2010-11-18 00:00:00-05:00,6.440000057220459,6.71999979019165,6.440000057220459,6.71999979019165,1675,0.0,0.0
2010-11-19 00:00:00-05:00,6.639999866485596,6.71999979019165,5.840000152587891,6.239999771118164,5700,0.0,0.0
2010-11-22 00:00:00-05:00,6.239999771118164,6.480000019073486,6.159999847412109,6.239999771118164,3225,0.0,0.0
2010-11-23 00:00:00-05:00,6.28000020980835,6.480000019073486,6.28000020980835,6.480000019073486,300,0.0,0.0
2010-11-24 00:00:00-05:00,6.559999942779541,6.559999942779541,6.079999923706055,6.28000020980835,1775,0.0,0.0
2010-11-26 00:00:00-05:00,6.239999771118164,6.239999771118164,6.239999771118164,6.239999771118164,50,0.0,0.0
2010-11-29 00:00:00-05:00,5.639999866485596,6.0,5.639999866485596,6.0,7100,0.0,0.0
2010-11-30 00:00:00-05:00,5.920000076293945,5.920000076293945,5.679999828338623,5.880000114440918,2025,0.0,0.0
2010-12-01 00:00:00-05:00,5.800000190734863,5.840000152587891,5.800000190734863,5.800000190734863,600,0.0,0.0
2010-12-02 00:00:00-05:00,5.800000190734863,6.559999942779541,5.71999979019165,6.559999942779541,2450,0.0,0.0
2010-12-03 00:00:00-05:00,6.519999980926514,6.679999828338623,6.519999980926514,6.679999828338623,375,0.0,0.0
2010-12-06 00:00:00-05:00,6.679999828338623,7.320000171661377,6.679999828338623,7.079999923706055,550,0.0,0.0
2010-12-07 00:00:00-05:00,7.079999923706055,7.079999923706055,7.079999923706055,7.079999923706055,0,0.0,0.0
2010-12-08 00:00:00-05:00,7.199999809265137,7.199999809265137,6.599999904632568,6.800000190734863,1125,0.0,0.0
2010-12-09 00:00:00-05:00,6.559999942779541,6.679999828338623,6.559999942779541,6.679999828338623,75,0.0,0.0
2010-12-10 00:00:00-05:00,6.320000171661377,6.960000038146973,6.28000020980835,6.960000038146973,250,0.0,0.0
2010-12-13 00:00:00-05:00,6.28000020980835,6.440000057220459,6.239999771118164,6.360000133514404,1375,0.0,0.0
2010-12-14 00:00:00-05:00,6.440000057220459,6.440000057220459,6.400000095367432,6.400000095367432,350,0.0,0.0
2010-12-15 00:00:00-05:00,6.400000095367432,6.400000095367432,6.400000095367432,6.400000095367432,25,0.0,0.0
2010-12-16 00:00:00-05:00,6.480000019073486,6.480000019073486,5.840000152587891,6.0,3825,0.0,0.0
2010-12-17 00:00:00-05:00,5.880000114440918,5.880000114440918,5.599999904632568,5.760000228881836,2725,0.0,0.0
2010-12-20 00:00:00-05:00,5.920000076293945,5.920000076293945,5.28000020980835,5.480000019073486,5775,0.0,0.0
2010-12-21 00:00:00-05:00,5.480000019073486,5.599999904632568,5.400000095367432,5.400000095367432,375,0.0,0.0
2010-12-22 00:00:00-05:00,5.599999904632568,5.599999904632568,5.079999923706055,5.400000095367432,3175,0.0,0.0
2010-12-23 00:00:00-05:00,5.559999942779541,5.920000076293945,5.559999942779541,5.880000114440918,2450,0.0,0.0
2010-12-27 00:00:00-05:00,5.639999866485596,5.840000152587891,5.400000095367432,5.840000152587891,350,0.0,0.0
2010-12-28 00:00:00-05:00,5.599999904632568,6.239999771118164,5.599999904632568,5.920000076293945,2225,0.0,0.0
2010-12-29 00:00:00-05:00,6.199999809265137,7.079999923706055,5.920000076293945,5.960000038146973,2550,0.0,0.0
2010-12-30 00:00:00-05:00,6.039999961853027,6.159999847412109,5.920000076293945,5.960000038146973,2825,0.0,0.0
2010-12-31 00:00:00-05:00,5.960000038146973,6.599999904632568,5.920000076293945,6.599999904632568,925,0.0,0.0
2011-01-03 00:00:00-05:00,6.559999942779541,6.880000114440918,6.239999771118164,6.679999828338623,875,0.0,0.0
2011-01-04 00:00:00-05:00,6.679999828338623,6.679999828338623,6.679999828338623,6.679999828338623,1100,0.0,0.0
2011-01-05 00:00:00-05:00,7.159999847412109,7.159999847412109,6.71999979019165,6.71999979019165,125,0.0,0.0
2011-01-06 00:00:00-05:00,7.039999961853027,7.039999961853027,6.480000019073486,6.800000190734863,775,0.0,0.0
2011-01-07 00:00:00-05:00,6.800000190734863,6.800000190734863,6.800000190734863,6.800000190734863,0,0.0,0.0
2011-01-10 00:00:00-05:00,6.519999980926514,6.840000152587891,6.440000057220459,6.480000019073486,1475,0.0,0.0
2011-01-11 00:00:00-05:00,6.400000095367432,6.800000190734863,6.360000133514404,6.760000228881836,1850,0.0,0.0
2011-01-12 00:00:00-05:00,6.760000228881836,6.760000228881836,6.760000228881836,6.760000228881836,0,0.0,0.0
2011-01-13 00:00:00-05:00,6.28000020980835,6.71999979019165,6.28000020980835,6.400000095367432,650,0.0,0.0
2011-01-14 00:00:00-05:00,6.679999828338623,6.679999828338623,6.679999828338623,6.679999828338623,25,0.0,0.0
2011-01-18 00:00:00-05:00,6.960000038146973,6.960000038146973,6.800000190734863,6.800000190734863,1200,0.0,0.0
2011-01-19 00:00:00-05:00,6.639999866485596,6.639999866485596,6.28000020980835,6.360000133514404,1775,0.0,0.0
2011-01-20 00:00:00-05:00,6.199999809265137,6.199999809265137,5.800000190734863,6.0,2500,0.0,0.0
2011-01-21 00:00:00-05:00,5.71999979019165,6.039999961853027,5.71999979019165,6.0,1450,0.0,0.0
2011-01-24 00:00:00-05:00,5.880000114440918,6.119999885559082,5.599999904632568,6.0,2925,0.0,0.0
2011-01-25 00:00:00-05:00,5.760000228881836,6.119999885559082,5.760000228881836,6.119999885559082,200,0.0,0.0
2011-01-26 00:00:00-05:00,5.800000190734863,5.800000190734863,5.800000190734863,5.800000190734863,150,0.0,0.0
2011-01-27 00:00:00-05:00,5.880000114440918,6.239999771118164,5.800000190734863,5.840000152587891,4825,0.0,0.0
2011-01-28 00:00:00-05:00,5.880000114440918,5.920000076293945,5.840000152587891,5.880000114440918,450,0.0,0.0
2011-01-31 00:00:00-05:00,6.0,6.400000095367432,5.840000152587891,6.400000095367432,3725,0.0,0.0
2011-02-01 00:00:00-05:00,6.360000133514404,6.480000019073486,6.079999923706055,6.239999771118164,1425,0.0,0.0
2011-02-02 00:00:00-05:00,6.239999771118164,6.239999771118164,5.800000190734863,5.800000190734863,8550,0.0,0.0
2011-02-03 00:00:00-05:00,5.71999979019165,5.71999979019165,5.440000057220459,5.440000057220459,825,0.0,0.0
2011-02-04 00:00:00-05:00,5.440000057220459,6.119999885559082,5.440000057220459,6.119999885559082,2450,0.0,0.0
2011-02-07 00:00:00-05:00,6.039999961853027,6.159999847412109,6.0,6.119999885559082,1550,0.0,0.0
2011-02-08 00:00:00-05:00,5.880000114440918,6.079999923706055,5.880000114440918,6.079999923706055,75,0.0,0.0
2011-02-09 00:00:00-05:00,5.840000152587891,5.840000152587891,5.519999980926514,5.800000190734863,675,0.0,0.0
2011-02-10 00:00:00-05:00,5.880000114440918,6.760000228881836,5.880000114440918,6.400000095367432,7050,0.0,0.0
2011-02-11 00:00:00-05:00,6.760000228881836,6.960000038146973,6.599999904632568,6.960000038146973,5025,0.0,0.0
2011-02-14 00:00:00-05:00,6.960000038146973,7.960000038146973,6.800000190734863,6.960000038146973,12075,0.0,0.0
2011-02-15 00:00:00-05:00,6.760000228881836,7.28000020980835,6.760000228881836,7.28000020980835,4750,0.0,0.0
2011-02-16 00:00:00-05:00,7.0,7.0,6.800000190734863,6.920000076293945,3075,0.0,0.0
2011-02-17 00:00:00-05:00,6.960000038146973,7.360000133514404,6.880000114440918,6.960000038146973,1125,0.0,0.0
2011-02-18 00:00:00-05:00,6.760000228881836,7.0,6.639999866485596,6.639999866485596,3725,0.0,0.0
2011-02-22 00:00:00-05:00,6.599999904632568,7.0,6.599999904632568,6.679999828338623,875,0.0,0.0
2011-02-23 00:00:00-05:00,6.679999828338623,6.679999828338623,6.679999828338623,6.679999828338623,0,0.0,0.0
2011-02-24 00:00:00-05:00,6.960000038146973,7.199999809265137,6.71999979019165,7.199999809265137,1250,0.0,0.0
2011-02-25 00:00:00-05:00,7.28000020980835,7.28000020980835,6.679999828338623,7.0,2650,0.0,0.0
2011-02-28 00:00:00-05:00,6.639999866485596,6.679999828338623,6.239999771118164,6.519999980926514,1975,0.0,0.0
2011-03-01 00:00:00-05:00,6.519999980926514,6.880000114440918,6.28000020980835,6.28000020980835,1725,0.0,0.0
2011-03-02 00:00:00-05:00,6.559999942779541,6.960000038146973,6.559999942779541,6.800000190734863,1600,0.0,0.0
2011-03-03 00:00:00-05:00,6.800000190734863,7.0,6.800000190734863,6.880000114440918,2850,0.0,0.0
2011-03-04 00:00:00-05:00,7.039999961853027,7.039999961853027,6.880000114440918,6.880000114440918,425,0.0,0.0
2011-03-07 00:00:00-05:00,6.840000152587891,7.0,6.840000152587891,6.960000038146973,1575,0.0,0.0
2011-03-08 00:00:00-05:00,6.960000038146973,6.960000038146973,6.960000038146973,6.960000038146973,0,0.0,0.0
2011-03-09 00:00:00-05:00,6.840000152587891,7.28000020980835,6.840000152587891,7.0,1500,0.0,0.0
2011-03-10 00:00:00-05:00,7.0,7.0,6.920000076293945,6.920000076293945,700,0.0,0.0
2011-03-11 00:00:00-05:00,6.840000152587891,7.0,6.840000152587891,6.960000038146973,550,0.0,0.0
2011-03-14 00:00:00-04:00,7.0,7.0,6.880000114440918,7.0,1675,0.0,0.0
2011-03-15 00:00:00-04:00,7.0,7.0,6.480000019073486,7.0,1250,0.0,0.0
2011-03-16 00:00:00-04:00,6.880000114440918,6.920000076293945,6.559999942779541,6.920000076293945,125,0.0,0.0
2011-03-17 00:00:00-04:00,7.239999771118164,7.28000020980835,7.0,7.0,925,0.0,0.0
2011-03-18 00:00:00-04:00,7.0,7.0,7.0,7.0,0,0.0,0.0
2011-03-21 00:00:00-04:00,7.079999923706055,7.519999980926514,7.0,7.519999980926514,2750,0.0,0.0
2011-03-22 00:00:00-04:00,7.639999866485596,10.15999984741211,7.639999866485596,9.5600004196167,37575,0.0,0.0
2011-03-23 00:00:00-04:00,8.520000457763672,9.5600004196167,8.239999771118164,9.5600004196167,18575,0.0,0.0
2011-03-24 00:00:00-04:00,9.4399995803833,9.4399995803833,8.319999694824219,8.880000114440918,1575,0.0,0.0
2011-03-25 00:00:00-04:00,8.880000114440918,9.15999984741211,8.880000114440918,9.039999961853027,1675,0.0,0.0
2011-03-28 00:00:00-04:00,9.4399995803833,9.4399995803833,8.84000015258789,8.960000038146973,2500,0.0,0.0
2011-03-29 00:00:00-04:00,9.0,9.0,8.479999542236328,8.960000038146973,2000,0.0,0.0
2011-03-30 00:00:00-04:00,8.920000076293945,9.920000076293945,8.920000076293945,9.4399995803833,9950,0.0,0.0
2011-03-31 00:00:00-04:00,9.479999542236328,10.720000267028809,9.399999618530273,10.720000267028809,12100,0.0,0.0
2011-04-01 00:00:00-04:00,10.920000076293945,11.720000267028809,10.920000076293945,11.399999618530273,22300,0.0,0.0
2011-04-04 00:00:00-04:00,11.399999618530273,12.800000190734863,10.880000114440918,12.199999809265137,13825,0.0,0.0
2011-04-05 00:00:00-04:00,12.279999732971191,14.239999771118164,12.279999732971191,14.079999923706055,18750,0.0,0.0
2011-04-06 00:00:00-04:00,14.680000305175781,14.680000305175781,12.0,12.640000343322754,11775,0.0,0.0
2011-04-07 00:00:00-04:00,13.079999923706055,13.079999923706055,11.600000381469727,11.84000015258789,7575,0.0,0.0
2011-04-08 00:00:00-04:00,12.920000076293945,12.920000076293945,12.079999923706055,12.399999618530273,8950,0.0,0.0
2011-04-11 00:00:00-04:00,12.399999618530273,12.5600004196167,11.600000381469727,12.239999771118164,4500,0.0,0.0
2011-04-12 00:00:00-04:00,13.0,13.0,11.720000267028809,12.15999984741211,5825,0.0,0.0
2011-04-13 00:00:00-04:00,12.359999656677246,12.359999656677246,11.15999984741211,11.5600004196167,3525,0.0,0.0
2011-04-14 00:00:00-04:00,11.399999618530273,11.479999542236328,11.0,11.119999885559082,4800,0.0,0.0
2011-04-15 00:00:00-04:00,11.039999961853027,12.960000038146973,10.4399995803833,12.960000038146973,6250,0.0,0.0
2011-04-18 00:00:00-04:00,12.800000190734863,12.800000190734863,12.319999694824219,12.760000228881836,1000,0.0,0.0
2011-04-19 00:00:00-04:00,12.960000038146973,13.0,12.680000305175781,12.720000267028809,2600,0.0,0.0
2011-04-20 00:00:00-04:00,13.0,13.15999984741211,12.800000190734863,12.800000190734863,1650,0.0,0.0
2011-04-21 00:00:00-04:00,12.800000190734863,12.800000190734863,12.800000190734863,12.800000190734863,75,0.0,0.0
2011-04-25 00:00:00-04:00,12.800000190734863,14.0,12.800000190734863,13.4399995803833,5000,0.0,0.0
2011-04-26 00:00:00-04:00,13.640000343322754,14.239999771118164,13.5600004196167,13.5600004196167,9100,0.0,0.0
2011-04-27 00:00:00-04:00,13.800000190734863,13.800000190734863,12.640000343322754,13.15999984741211,7000,0.0,0.0
2011-04-28 00:00:00-04:00,13.319999694824219,13.520000457763672,13.199999809265137,13.199999809265137,3250,0.0,0.0
2011-04-29 00:00:00-04:00,13.15999984741211,13.399999618530273,13.039999961853027,13.039999961853027,575,0.0,0.0
2011-05-02 00:00:00-04:00,13.239999771118164,13.239999771118164,10.4399995803833,11.84000015258789,10250,0.0,0.0
2011-05-03 00:00:00-04:00,11.880000114440918,12.640000343322754,11.239999771118164,11.399999618530273,3500,0.0,0.0
2011-05-04 00:00:00-04:00,11.319999694824219,11.600000381469727,11.0,11.600000381469727,4525,0.0,0.0
2011-05-05 00:00:00-04:00,11.4399995803833,12.5600004196167,11.4399995803833,12.279999732971191,2375,0.0,0.0
2011-05-06 00:00:00-04:00,12.119999885559082,12.600000381469727,12.119999885559082,12.600000381469727,1925,0.0,0.0
2011-05-09 00:00:00-04:00,12.5600004196167,12.600000381469727,12.0,12.5600004196167,325,0.0,0.0
2011-05-10 00:00:00-04:00,12.520000457763672,12.520000457763672,12.479999542236328,12.479999542236328,400,0.0,0.0
2011-05-11 00:00:00-04:00,12.399999618530273,12.720000267028809,12.279999732971191,12.399999618530273,1225,0.0,0.0
2011-05-12 00:00:00-04:00,12.520000457763672,12.520000457763672,11.960000038146973,12.279999732971191,1250,0.0,0.0
2011-05-13 00:00:00-04:00,12.4399995803833,12.4399995803833,11.279999732971191,12.0,3750,0.0,0.0
2011-05-16 00:00:00-04:00,11.4399995803833,11.760000228881836,11.199999809265137,11.5600004196167,3225,0.0,0.0
2011-05-17 00:00:00-04:00,11.15999984741211,11.15999984741211,11.15999984741211,11.15999984741211,250,0.0,0.0
2011-05-18 00:00:00-04:00,11.239999771118164,12.199999809265137,11.239999771118164,11.920000076293945,1075,0.0,0.0
2011-05-19 00:00:00-04:00,11.84000015258789,12.119999885559082,11.720000267028809,11.880000114440918,1225,0.0,0.0
2011-05-20 00:00:00-04:00,11.800000190734863,11.800000190734863,11.800000190734863,11.800000190734863,75,0.0,0.0
2011-05-23 00:00:00-04:00,11.84000015258789,12.0,11.5600004196167,11.5600004196167,1050,0.0,0.0
2011-05-24 00:00:00-04:00,11.319999694824219,11.960000038146973,11.319999694824219,11.920000076293945,1900,0.0,0.0
2011-05-25 00:00:00-04:00,11.319999694824219,11.880000114440918,10.920000076293945,11.359999656677246,2975,0.0,0.0
2011-05-26 00:00:00-04:00,11.640000343322754,12.0,11.640000343322754,11.960000038146973,4175,0.0,0.0
2011-05-27 00:00:00-04:00,12.0,12.0,11.680000305175781,11.800000190734863,250,0.0,0.0
2011-05-31 00:00:00-04:00,11.760000228881836,11.800000190734863,11.760000228881836,11.800000190734863,1000,0.0,0.0
2011-06-01 00:00:00-04:00,11.760000228881836,11.960000038146973,11.680000305175781,11.760000228881836,1100,0.0,0.0
2011-06-02 00:00:00-04:00,11.760000228881836,11.800000190734863,11.15999984741211,11.479999542236328,3675,0.0,0.0
2011-06-03 00:00:00-04:00,10.920000076293945,10.920000076293945,9.239999771118164,9.5600004196167,4500,0.0,0.0
2011-06-06 00:00:00-04:00,9.359999656677246,9.680000305175781,8.880000114440918,8.880000114440918,1400,0.0,0.0
2011-06-07 00:00:00-04:00,8.600000381469727,8.960000038146973,8.600000381469727,8.800000190734863,1275,0.0,0.0
2011-06-08 00:00:00-04:00,8.800000190734863,8.800000190734863,7.239999771118164,7.840000152587891,950,0.0,0.0
2011-06-09 00:00:00-04:00,7.800000190734863,9.84000015258789,7.639999866485596,9.479999542236328,3300,0.0,0.0
2011-06-10 00:00:00-04:00,8.640000343322754,9.84000015258789,7.960000038146973,7.960000038146973,3550,0.0,0.0
2011-06-13 00:00:00-04:00,7.960000038146973,9.5600004196167,7.960000038146973,8.720000267028809,5750,0.0,0.0
2011-06-14 00:00:00-04:00,8.520000457763672,8.600000381469727,8.0,8.4399995803833,2650,0.0,0.0
2011-06-15 00:00:00-04:00,8.0,8.760000228881836,7.840000152587891,7.840000152587891,8650,0.0,0.0
2011-06-16 00:00:00-04:00,8.0,8.079999923706055,7.71999979019165,7.71999979019165,1550,0.0,0.0
2011-06-17 00:00:00-04:00,8.0,8.079999923706055,7.639999866485596,7.679999828338623,375,0.0,0.0
2011-06-20 00:00:00-04:00,7.639999866485596,7.71999979019165,7.639999866485596,7.679999828338623,700,0.0,0.0
2011-06-21 00:00:00-04:00,8.279999732971191,8.279999732971191,8.079999923706055,8.239999771118164,350,0.0,0.0
2011-06-22 00:00:00-04:00,8.199999809265137,8.199999809265137,7.960000038146973,7.960000038146973,750,0.0,0.0
2011-06-23 00:00:00-04:00,7.960000038146973,7.960000038146973,7.559999942779541,7.599999904632568,3700,0.0,0.0
2011-06-24 00:00:00-04:00,7.559999942779541,8.15999984741211,7.559999942779541,8.0,500,0.0,0.0
2011-06-27 00:00:00-04:00,7.599999904632568,8.239999771118164,7.599999904632568,8.0,1625,0.0,0.0
2011-06-28 00:00:00-04:00,8.0,9.960000038146973,8.0,9.0,13150,0.0,0.0
2011-06-29 00:00:00-04:00,9.0,10.359999656677246,8.84000015258789,9.399999618530273,11575,0.0,0.0
2011-06-30 00:00:00-04:00,9.680000305175781,9.960000038146973,9.600000381469727,9.760000228881836,275,0.0,0.0
2011-07-01 00:00:00-04:00,9.920000076293945,10.760000228881836,9.119999885559082,9.359999656677246,6100,0.0,0.0
2011-07-05 00:00:00-04:00,9.359999656677246,10.720000267028809,9.319999694824219,10.0,825,0.0,0.0
2011-07-06 00:00:00-04:00,9.960000038146973,10.039999961853027,9.4399995803833,9.84000015258789,1250,0.0,0.0
2011-07-07 00:00:00-04:00,9.800000190734863,10.0,9.199999809265137,10.0,3750,0.0,0.0
2011-07-08 00:00:00-04:00,9.199999809265137,9.319999694824219,8.880000114440918,9.079999923706055,1075,0.0,0.0
2011-07-11 00:00:00-04:00,9.199999809265137,10.0,9.199999809265137,9.479999542236328,2750,0.0,0.0
2011-07-12 00:00:00-04:00,9.800000190734863,9.800000190734863,9.640000343322754,9.800000190734863,150,0.0,0.0
2011-07-13 00:00:00-04:00,9.239999771118164,9.359999656677246,9.15999984741211,9.279999732971191,1375,0.0,0.0
2011-07-14 00:00:00-04:00,9.399999618530273,9.720000267028809,9.399999618530273,9.720000267028809,175,0.0,0.0
2011-07-15 00:00:00-04:00,9.0,9.800000190734863,9.0,9.5600004196167,700,0.0,0.0
2011-07-18 00:00:00-04:00,9.199999809265137,9.359999656677246,9.199999809265137,9.359999656677246,50,0.0,0.0
2011-07-19 00:00:00-04:00,9.399999618530273,11.600000381469727,9.359999656677246,10.520000457763672,1100,0.0,0.0
2011-07-20 00:00:00-04:00,10.319999694824219,11.0,9.800000190734863,10.520000457763672,1625,0.0,0.0
2011-07-21 00:00:00-04:00,10.600000381469727,10.920000076293945,9.600000381469727,10.640000343322754,1725,0.0,0.0
2011-07-22 00:00:00-04:00,10.760000228881836,11.199999809265137,10.760000228881836,10.920000076293945,1525,0.0,0.0
2011-07-25 00:00:00-04:00,11.15999984741211,11.15999984741211,9.920000076293945,10.359999656677246,2875,0.0,0.0
2011-07-26 00:00:00-04:00,10.84000015258789,10.84000015258789,10.5600004196167,10.5600004196167,800,0.0,0.0
2011-07-27 00:00:00-04:00,10.079999923706055,11.079999923706055,10.079999923706055,10.4399995803833,125,0.0,0.0
2011-07-28 00:00:00-04:00,10.760000228881836,10.760000228881836,9.479999542236328,9.960000038146973,1125,0.0,0.0
2011-07-29 00:00:00-04:00,10.039999961853027,10.680000305175781,9.960000038146973,9.960000038146973,925,0.0,0.0
2011-08-01 00:00:00-04:00,10.039999961853027,10.039999961853027,9.960000038146973,9.960000038146973,200,0.0,0.0
2011-08-02 00:00:00-04:00,9.880000114440918,9.880000114440918,9.880000114440918,9.880000114440918,75,0.0,0.0
2011-08-03 00:00:00-04:00,9.800000190734863,10.119999885559082,9.279999732971191,9.279999732971191,750,0.0,0.0
2011-08-04 00:00:00-04:00,9.359999656677246,9.359999656677246,8.84000015258789,8.84000015258789,200,0.0,0.0
2011-08-05 00:00:00-04:00,8.84000015258789,8.84000015258789,8.239999771118164,8.279999732971191,550,0.0,0.0
2011-08-08 00:00:00-04:00,8.239999771118164,8.4399995803833,8.199999809265137,8.199999809265137,2125,0.0,0.0
2011-08-09 00:00:00-04:00,8.199999809265137,8.960000038146973,7.079999923706055,8.960000038146973,3850,0.0,0.0
2011-08-10 00:00:00-04:00,9.15999984741211,9.15999984741211,9.15999984741211,9.15999984741211,175,0.0,0.0
2011-08-11 00:00:00-04:00,8.920000076293945,8.960000038146973,8.920000076293945,8.960000038146973,125,0.0,0.0
2011-08-12 00:00:00-04:00,8.720000267028809,8.720000267028809,8.279999732971191,8.279999732971191,125,0.0,0.0
2011-08-15 00:00:00-04:00,8.520000457763672,8.520000457763672,7.639999866485596,7.639999866485596,100,0.0,0.0
2011-08-16 00:00:00-04:00,7.960000038146973,7.960000038146973,7.679999828338623,7.679999828338623,1500,0.0,0.0
2011-08-17 00:00:00-04:00,7.679999828338623,7.840000152587891,7.519999980926514,7.519999980926514,4250,0.0,0.0
2011-08-18 00:00:00-04:00,7.0,7.039999961853027,7.0,7.0,400,0.0,0.0
2011-08-19 00:00:00-04:00,6.960000038146973,7.840000152587891,6.840000152587891,7.840000152587891,375,0.0,0.0
2011-08-22 00:00:00-04:00,7.159999847412109,7.800000190734863,7.159999847412109,7.519999980926514,950,0.0,0.0
2011-08-23 00:00:00-04:00,7.840000152587891,7.840000152587891,7.559999942779541,7.559999942779541,175,0.0,0.0
2011-08-24 00:00:00-04:00,7.519999980926514,7.519999980926514,7.519999980926514,7.519999980926514,25,0.0,0.0
2011-08-25 00:00:00-04:00,7.360000133514404,7.360000133514404,6.880000114440918,7.360000133514404,425,0.0,0.0
2011-08-26 00:00:00-04:00,7.519999980926514,7.800000190734863,7.039999961853027,7.639999866485596,875,0.0,0.0
2011-08-29 00:00:00-04:00,7.079999923706055,7.199999809265137,6.199999809265137,6.440000057220459,8650,0.0,0.0
2011-08-30 00:00:00-04:00,6.760000228881836,7.679999828338623,6.039999961853027,6.079999923706055,16875,0.0,0.0
2011-08-31 00:00:00-04:00,6.559999942779541,6.800000190734863,6.079999923706055,6.400000095367432,6200,0.0,0.0
2011-09-01 00:00:00-04:00,6.599999904632568,6.599999904632568,5.480000019073486,5.679999828338623,2850,0.0,0.0
2011-09-02 00:00:00-04:00,5.599999904632568,6.039999961853027,5.440000057220459,5.440000057220459,825,0.0,0.0
2011-09-06 00:00:00-04:00,5.440000057220459,5.960000038146973,5.039999961853027,5.440000057220459,1250,0.0,0.0
2011-09-07 00:00:00-04:00,5.840000152587891,6.0,5.840000152587891,6.0,325,0.0,0.0
2011-09-08 00:00:00-04:00,5.960000038146973,5.960000038146973,5.800000190734863,5.800000190734863,125,0.0,0.0
2011-09-09 00:00:00-04:00,5.800000190734863,5.800000190734863,5.800000190734863,5.800000190734863,325,0.0,0.0
2011-09-12 00:00:00-04:00,5.320000171661377,5.360000133514404,5.239999771118164,5.360000133514404,825,0.0,0.0
2011-09-13 00:00:00-04:00,5.239999771118164,5.28000020980835,5.239999771118164,5.28000020980835,125,0.0,0.0
2011-09-14 00:00:00-04:00,5.28000020980835,5.599999904632568,5.28000020980835,5.599999904632568,625,0.0,0.0
2011-09-15 00:00:00-04:00,5.320000171661377,5.320000171661377,5.239999771118164,5.320000171661377,1675,0.0,0.0
2011-09-16 00:00:00-04:00,5.199999809265137,5.199999809265137,4.960000038146973,5.199999809265137,1000,0.0,0.0
2011-09-19 00:00:00-04:00,5.0,5.480000019073486,4.800000190734863,5.480000019073486,1200,0.0,0.0
2011-09-20 00:00:00-04:00,5.0,5.159999847412109,4.880000114440918,4.920000076293945,825,0.0,0.0
2011-09-21 00:00:00-04:00,5.199999809265137,5.199999809265137,5.199999809265137,5.199999809265137,25,0.0,0.0
2011-09-22 00:00:00-04:00,5.199999809265137,5.199999809265137,5.199999809265137,5.199999809265137,0,0.0,0.0
2011-09-23 00:00:00-04:00,5.559999942779541,5.559999942779541,5.559999942779541,5.559999942779541,175,0.0,0.0
2011-09-26 00:00:00-04:00,5.119999885559082,5.519999980926514,4.920000076293945,5.320000171661377,575,0.0,0.0
2011-09-27 00:00:00-04:00,5.440000057220459,5.440000057220459,5.199999809265137,5.199999809265137,750,0.0,0.0
2011-09-28 00:00:00-04:00,5.199999809265137,5.199999809265137,5.199999809265137,5.199999809265137,0,0.0,0.0
2011-09-29 00:00:00-04:00,4.800000190734863,4.800000190734863,4.800000190734863,4.800000190734863,50,0.0,0.0
2011-09-30 00:00:00-04:00,4.920000076293945,4.920000076293945,4.440000057220459,4.440000057220459,150,0.0,0.0
2011-10-03 00:00:00-04:00,4.440000057220459,4.760000228881836,4.400000095367432,4.400000095367432,750,0.0,0.0
2011-10-04 00:00:00-04:00,4.679999828338623,4.679999828338623,4.679999828338623,4.679999828338623,25,0.0,0.0
2011-10-05 00:00:00-04:00,4.679999828338623,4.679999828338623,4.679999828338623,4.679999828338623,0,0.0,0.0
2011-10-06 00:00:00-04:00,4.71999979019165,5.079999923706055,4.71999979019165,5.079999923706055,450,0.0,0.0
2011-10-07 00:00:00-04:00,5.079999923706055,5.079999923706055,5.079999923706055,5.079999923706055,0,0.0,0.0
2011-10-10 00:00:00-04:00,5.079999923706055,5.079999923706055,5.079999923706055,5.079999923706055,0,0.0,0.0
2011-10-11 00:00:00-04:00,5.079999923706055,5.079999923706055,5.079999923706055,5.079999923706055,0,0.0,0.0
2011-10-12 00:00:00-04:00,5.079999923706055,5.079999923706055,5.079999923706055,5.079999923706055,0,0.0,0.0
2011-10-13 00:00:00-04:00,5.079999923706055,5.079999923706055,5.079999923706055,5.079999923706055,0,0.0,0.0
2011-10-14 00:00:00-04:00,5.079999923706055,5.079999923706055,5.079999923706055,5.079999923706055,0,0.0,0.0
2011-10-17 00:00:00-04:00,5.079999923706055,5.079999923706055,5.079999923706055,5.079999923706055,0,0.0,0.0
2011-10-18 00:00:00-04:00,5.039999961853027,5.079999923706055,5.039999961853027,5.079999923706055,500,0.0,0.0
2011-10-19 00:00:00-04:00,5.079999923706055,5.079999923706055,5.079999923706055,5.079999923706055,0,0.0,0.0
2011-10-20 00:00:00-04:00,5.079999923706055,5.079999923706055,5.079999923706055,5.079999923706055,0,0.0,0.0
2011-10-21 00:00:00-04:00,5.079999923706055,5.079999923706055,5.079999923706055,5.079999923706055,0,0.0,0.0
2011-10-24 00:00:00-04:00,4.639999866485596,4.639999866485596,4.320000171661377,4.320000171661377,1000,0.0,0.0
2011-10-25 00:00:00-04:00,4.320000171661377,4.320000171661377,4.320000171661377,4.320000171661377,0,0.0,0.0
2011-10-26 00:00:00-04:00,4.440000057220459,4.559999942779541,4.440000057220459,4.559999942779541,250,0.0,0.0
2011-10-27 00:00:00-04:00,4.559999942779541,4.599999904632568,4.559999942779541,4.599999904632568,1200,0.0,0.0
2011-10-28 00:00:00-04:00,4.71999979019165,4.71999979019165,4.71999979019165,4.71999979019165,175,0.0,0.0
2011-10-31 00:00:00-04:00,5.079999923706055,5.079999923706055,5.079999923706055,5.079999923706055,25,0.0,0.0
2011-11-01 00:00:00-04:00,4.440000057220459,4.440000057220459,4.440000057220459,4.440000057220459,75,0.0,0.0
2011-11-02 00:00:00-04:00,4.480000019073486,4.480000019073486,4.480000019073486,4.480000019073486,75,0.0,0.0
2011-11-03 00:00:00-04:00,4.480000019073486,4.480000019073486,4.480000019073486,4.480000019073486,300,0.0,0.0
2011-11-04 00:00:00-04:00,4.480000019073486,4.480000019073486,4.480000019073486,4.480000019073486,0,0.0,0.0
2011-11-07 00:00:00-05:00,4.480000019073486,4.480000019073486,4.480000019073486,4.480000019073486,0,0.0,0.0
2011-11-08 00:00:00-05:00,4.480000019073486,4.480000019073486,4.480000019073486,4.480000019073486,0,0.0,0.0
2011-11-09 00:00:00-05:00,4.559999942779541,4.599999904632568,4.400000095367432,4.400000095367432,500,0.0,0.0
2011-11-10 00:00:00-05:00,4.400000095367432,4.400000095367432,4.400000095367432,4.400000095367432,0,0.0,0.0
2011-11-11 00:00:00-05:00,4.480000019073486,4.480000019073486,4.480000019073486,4.480000019073486,100,0.0,0.0
2011-11-14 00:00:00-05:00,4.480000019073486,4.480000019073486,4.480000019073486,4.480000019073486,0,0.0,0.0
2011-11-15 00:00:00-05:00,4.480000019073486,4.480000019073486,4.480000019073486,4.480000019073486,0,0.0,0.0
2011-11-16 00:00:00-05:00,4.320000171661377,4.320000171661377,4.320000171661377,4.320000171661377,100,0.0,0.0
2011-11-17 00:00:00-05:00,4.320000171661377,4.320000171661377,4.320000171661377,4.320000171661377,0,0.0,0.0
2011-11-18 00:00:00-05:00,4.320000171661377,4.320000171661377,4.320000171661377,4.320000171661377,0,0.0,0.0
2011-11-21 00:00:00-05:00,4.480000019073486,4.480000019073486,4.480000019073486,4.480000019073486,175,0.0,0.0
2011-11-22 00:00:00-05:00,4.480000019073486,4.480000019073486,4.480000019073486,4.480000019073486,0,0.0,0.0
2011-11-23 00:00:00-05:00,4.480000019073486,4.480000019073486,4.480000019073486,4.480000019073486,0,0.0,0.0
2011-11-25 00:00:00-05:00,4.480000019073486,4.480000019073486,4.480000019073486,4.480000019073486,0,0.0,0.0
2011-11-28 00:00:00-05:00,4.320000171661377,4.320000171661377,4.320000171661377,4.320000171661377,175,0.0,0.0
2011-11-29 00:00:00-05:00,4.440000057220459,4.440000057220459,4.440000057220459,4.440000057220459,175,0.0,0.0
2011-11-30 00:00:00-05:00,4.480000019073486,4.480000019073486,3.559999942779541,4.039999961853027,3000,0.0,0.0
2011-12-01 00:00:00-05:00,3.240000009536743,3.5999999046325684,2.319999933242798,2.8399999141693115,11375,0.0,0.0
2011-12-02 00:00:00-05:00,2.8399999141693115,3.119999885559082,2.8399999141693115,3.119999885559082,50,0.0,0.0
2011-12-05 00:00:00-05:00,3.119999885559082,3.119999885559082,2.799999952316284,3.0399999618530273,450,0.0,0.0
2011-12-06 00:00:00-05:00,2.799999952316284,3.200000047683716,2.759999990463257,3.0799999237060547,1125,0.0,0.0
2011-12-07 00:00:00-05:00,2.799999952316284,3.1600000858306885,2.640000104904175,3.1600000858306885,100,0.0,0.0
2011-12-08 00:00:00-05:00,3.0399999618530273,3.0399999618530273,2.7200000286102295,3.0399999618530273,325,0.0,0.0
2011-12-09 00:00:00-05:00,3.0399999618530273,3.0399999618530273,3.0399999618530273,3.0399999618530273,0,0.0,0.0
2011-12-12 00:00:00-05:00,3.0399999618530273,3.0399999618530273,3.0399999618530273,3.0399999618530273,0,0.0,0.0
2011-12-13 00:00:00-05:00,3.0399999618530273,3.0399999618530273,3.0399999618530273,3.0399999618530273,125,0.0,0.0
2011-12-14 00:00:00-05:00,3.0399999618530273,3.0399999618530273,3.0399999618530273,3.0399999618530273,0,0.0,0.0
2011-12-15 00:00:00-05:00,2.4800000190734863,2.880000114440918,2.4000000953674316,2.880000114440918,3100,0.0,0.0
2011-12-16 00:00:00-05:00,2.880000114440918,2.880000114440918,2.880000114440918,2.880000114440918,0,0.0,0.0
2011-12-19 00:00:00-05:00,2.5999999046325684,2.880000114440918,2.5999999046325684,2.880000114440918,775,0.0,0.0
2011-12-20 00:00:00-05:00,2.7200000286102295,2.7200000286102295,2.5999999046325684,2.7200000286102295,450,0.0,0.0
2011-12-21 00:00:00-05:00,2.7200000286102295,2.7200000286102295,2.7200000286102295,2.7200000286102295,0,0.0,0.0
2011-12-22 00:00:00-05:00,2.640000104904175,2.799999952316284,2.640000104904175,2.799999952316284,850,0.0,0.0
2011-12-23 00:00:00-05:00,2.799999952316284,2.799999952316284,2.799999952316284,2.799999952316284,125,0.0,0.0
2011-12-27 00:00:00-05:00,2.640000104904175,3.0,2.4000000953674316,2.880000114440918,2050,0.0,0.0
2011-12-28 00:00:00-05:00,2.9600000381469727,4.119999885559082,2.9600000381469727,4.0,17475,0.0,0.0
2011-12-29 00:00:00-05:00,4.199999809265137,4.199999809265137,3.0799999237060547,3.0799999237060547,2650,0.0,0.0
2011-12-30 00:00:00-05:00,3.9600000381469727,4.0,3.9600000381469727,4.0,150,0.0,0.0
2012-01-03 00:00:00-05:00,3.9600000381469727,3.9600000381469727,3.359999895095825,3.559999942779541,925,0.0,0.0
2012-01-04 00:00:00-05:00,3.119999885559082,3.759999990463257,3.119999885559082,3.759999990463257,375,0.0,0.0
2012-01-05 00:00:00-05:00,3.359999895095825,3.359999895095825,3.359999895095825,3.359999895095825,25,0.0,0.0
2012-01-06 00:00:00-05:00,3.5999999046325684,3.5999999046325684,3.1600000858306885,3.200000047683716,325,0.0,0.0
2012-01-09 00:00:00-05:00,2.9600000381469727,2.9600000381469727,2.8399999141693115,2.9200000762939453,3650,0.0,0.0
2012-01-10 00:00:00-05:00,3.119999885559082,3.119999885559082,2.9600000381469727,3.0,425,0.0,0.0
2012-01-11 00:00:00-05:00,3.2799999713897705,3.2799999713897705,3.2799999713897705,3.2799999713897705,25,0.0,0.0
2012-01-12 00:00:00-05:00,2.880000114440918,3.0799999237060547,2.880000114440918,3.0399999618530273,600,0.0,0.0
2012-01-13 00:00:00-05:00,3.0399999618530273,3.0399999618530273,3.0399999618530273,3.0399999618530273,0,0.0,0.0
2012-01-17 00:00:00-05:00,2.880000114440918,2.880000114440918,2.880000114440918,2.880000114440918,250,0.0,0.0
2012-01-18 00:00:00-05:00,2.9600000381469727,3.440000057220459,2.9600000381469727,3.440000057220459,4525,0.0,0.0
2012-01-19 00:00:00-05:00,2.880000114440918,3.119999885559082,2.880000114440918,3.119999885559082,450,0.0,0.0
2012-01-20 00:00:00-05:00,3.0,3.0,3.0,3.0,200,0.0,0.0
2012-01-23 00:00:00-05:00,3.0,3.0,3.0,3.0,0,0.0,0.0
2012-01-24 00:00:00-05:00,3.0,3.0,3.0,3.0,0,0.0,0.0
2012-01-25 00:00:00-05:00,3.0,3.0,3.0,3.0,0,0.0,0.0
2012-01-26 00:00:00-05:00,3.200000047683716,3.200000047683716,3.200000047683716,3.200000047683716,75,0.0,0.0
2012-01-27 00:00:00-05:00,2.8399999141693115,3.319999933242798,2.8399999141693115,3.319999933242798,1100,0.0,0.0
2012-01-30 00:00:00-05:00,3.440000057220459,3.440000057220459,3.440000057220459,3.440000057220459,275,0.0,0.0
2012-01-31 00:00:00-05:00,3.440000057220459,3.440000057220459,3.440000057220459,3.440000057220459,0,0.0,0.0
2012-02-01 00:00:00-05:00,3.440000057220459,3.440000057220459,3.440000057220459,3.440000057220459,0,0.0,0.0
2012-02-02 00:00:00-05:00,2.8399999141693115,3.4000000953674316,2.8399999141693115,3.4000000953674316,200,0.0,0.0
2012-02-03 00:00:00-05:00,3.4800000190734863,3.4800000190734863,3.4800000190734863,3.4800000190734863,250,0.0,0.0
2012-02-06 00:00:00-05:00,3.0,3.200000047683716,3.0,3.0,250,0.0,0.0
2012-02-07 00:00:00-05:00,3.0,3.0,3.0,3.0,0,0.0,0.0
2012-02-08 00:00:00-05:00,3.0,3.0,3.0,3.0,0,0.0,0.0
2012-02-09 00:00:00-05:00,2.9200000762939453,2.9200000762939453,2.8399999141693115,2.8399999141693115,250,0.0,0.0
2012-02-10 00:00:00-05:00,3.0399999618530273,3.0399999618530273,3.0399999618530273,3.0399999618530273,25,0.0,0.0
2012-02-13 00:00:00-05:00,3.0399999618530273,3.0399999618530273,3.0399999618530273,3.0399999618530273,0,0.0,0.0
2012-02-14 00:00:00-05:00,3.0399999618530273,3.0399999618530273,3.0399999618530273,3.0399999618530273,0,0.0,0.0
2012-02-15 00:00:00-05:00,3.0399999618530273,3.0399999618530273,3.0399999618530273,3.0399999618530273,250,0.0,0.0
2012-02-16 00:00:00-05:00,3.0399999618530273,3.0399999618530273,3.0,3.0399999618530273,225,0.0,0.0
2012-02-17 00:00:00-05:00,3.200000047683716,3.200000047683716,3.200000047683716,3.200000047683716,1425,0.0,0.0
2012-02-21 00:00:00-05:00,3.4800000190734863,3.7200000286102295,3.4800000190734863,3.5999999046325684,5250,0.0,0.0
2012-02-22 00:00:00-05:00,3.5999999046325684,3.5999999046325684,3.5999999046325684,3.5999999046325684,0,0.0,0.0
2012-02-23 00:00:00-05:00,3.4000000953674316,3.4000000953674316,3.0,3.0,500,0.0,0.0
2012-02-24 00:00:00-05:00,3.0,3.0,2.9600000381469727,2.9600000381469727,75,0.0,0.0
2012-02-27 00:00:00-05:00,3.0399999618530273,3.0399999618530273,3.0,3.0399999618530273,2300,0.0,0.0
2012-02-28 00:00:00-05:00,3.0399999618530273,3.0399999618530273,3.0399999618530273,3.0399999618530273,0,0.0,0.0
2012-02-29 00:00:00-05:00,2.9600000381469727,3.8399999141693115,2.9600000381469727,3.559999942779541,300,0.0,0.0
2012-03-01 00:00:00-05:00,3.559999942779541,3.559999942779541,3.559999942779541,3.559999942779541,0,0.0,0.0
2012-03-02 00:00:00-05:00,3.4000000953674316,3.559999942779541,3.4000000953674316,3.559999942779541,175,0.0,0.0
2012-03-05 00:00:00-05:00,3.799999952316284,3.8399999141693115,3.440000057220459,3.440000057220459,100,0.0,0.0
2012-03-06 00:00:00-05:00,3.440000057220459,3.640000104904175,3.4000000953674316,3.4000000953674316,7450,0.0,0.0
2012-03-07 00:00:00-05:00,3.4000000953674316,3.4000000953674316,3.4000000953674316,3.4000000953674316,0,0.0,0.0
2012-03-08 00:00:00-05:00,3.4000000953674316,3.4000000953674316,3.4000000953674316,3.4000000953674316,0,0.0,0.0
2012-03-09 00:00:00-05:00,3.799999952316284,3.8399999141693115,3.4000000953674316,3.4000000953674316,675,0.0,0.0
2012-03-12 00:00:00-04:00,3.559999942779541,4.840000152587891,3.559999942779541,3.559999942779541,4225,0.0,0.0
2012-03-13 00:00:00-04:00,3.8399999141693115,3.8399999141693115,3.8399999141693115,3.8399999141693115,25,0.0,0.0
2012-03-14 00:00:00-04:00,3.880000114440918,4.679999828338623,3.880000114440918,4.480000019073486,3675,0.0,0.0
2012-03-15 00:00:00-04:00,4.480000019073486,4.480000019073486,4.0,4.480000019073486,300,0.0,0.0
2012-03-16 00:00:00-04:00,4.480000019073486,4.760000228881836,4.480000019073486,4.760000228881836,2300,0.0,0.0
2012-03-19 00:00:00-04:00,4.480000019073486,4.599999904632568,3.9200000762939453,4.239999771118164,2975,0.0,0.0
2012-03-20 00:00:00-04:00,4.239999771118164,4.239999771118164,4.239999771118164,4.239999771118164,0,0.0,0.0
2012-03-21 00:00:00-04:00,4.119999885559082,4.119999885559082,4.119999885559082,4.119999885559082,50,0.0,0.0
2012-03-22 00:00:00-04:00,4.119999885559082,4.639999866485596,4.079999923706055,4.639999866485596,550,0.0,0.0
2012-03-23 00:00:00-04:00,4.639999866485596,4.679999828338623,4.119999885559082,4.199999809265137,1025,0.0,0.0
2012-03-26 00:00:00-04:00,4.320000171661377,4.320000171661377,4.159999847412109,4.199999809265137,375,0.0,0.0
2012-03-27 00:00:00-04:00,4.239999771118164,4.400000095367432,4.239999771118164,4.400000095367432,75,0.0,0.0
2012-03-28 00:00:00-04:00,4.440000057220459,4.440000057220459,4.0,4.0,2050,0.0,0.0
2012-03-29 00:00:00-04:00,4.599999904632568,4.599999904632568,3.9200000762939453,4.0,7925,0.0,0.0
2012-03-30 00:00:00-04:00,4.0,4.0,4.0,4.0,175,0.0,0.0
2012-04-02 00:00:00-04:00,4.0,4.0,4.0,4.0,250,0.0,0.0
2012-04-03 00:00:00-04:00,4.0,4.199999809265137,4.0,4.199999809265137,400,0.0,0.0
2012-04-04 00:00:00-04:00,4.199999809265137,4.199999809265137,4.0,4.0,75,0.0,0.0
2012-04-05 00:00:00-04:00,4.199999809265137,4.199999809265137,4.0,4.159999847412109,125,0.0,0.0
2012-04-09 00:00:00-04:00,4.039999961853027,4.039999961853027,4.039999961853027,4.039999961853027,25,0.0,0.0
2012-04-10 00:00:00-04:00,4.039999961853027,4.039999961853027,3.5999999046325684,3.5999999046325684,275,0.0,0.0
2012-04-11 00:00:00-04:00,3.5999999046325684,3.5999999046325684,3.5999999046325684,3.5999999046325684,0,0.0,0.0
2012-04-12 00:00:00-04:00,3.5999999046325684,3.5999999046325684,3.5999999046325684,3.5999999046325684,0,0.0,0.0
2012-04-13 00:00:00-04:00,3.5999999046325684,3.5999999046325684,3.5999999046325684,3.5999999046325684,0,0.0,0.0
2012-04-16 00:00:00-04:00,3.5999999046325684,3.5999999046325684,3.5999999046325684,3.5999999046325684,0,0.0,0.0
2012-04-17 00:00:00-04:00,3.5999999046325684,3.5999999046325684,3.5999999046325684,3.5999999046325684,0,0.0,0.0
2012-04-18 00:00:00-04:00,3.5999999046325684,3.5999999046325684,3.5999999046325684,3.5999999046325684,0,0.0,0.0
2012-04-19 00:00:00-04:00,3.4000000953674316,3.680000066757202,3.4000000953674316,3.680000066757202,800,0.0,0.0
2012-04-20 00:00:00-04:00,3.200000047683716,3.200000047683716,3.200000047683716,3.200000047683716,75,0.0,0.0
2012-04-23 00:00:00-04:00,3.200000047683716,3.200000047683716,3.200000047683716,3.200000047683716,0,0.0,0.0
2012-04-24 00:00:00-04:00,3.200000047683716,3.200000047683716,3.200000047683716,3.200000047683716,0,0.0,0.0
2012-04-25 00:00:00-04:00,3.200000047683716,3.200000047683716,3.200000047683716,3.200000047683716,0,0.0,0.0
2012-04-26 00:00:00-04:00,3.200000047683716,3.200000047683716,3.200000047683716,3.200000047683716,0,0.0,0.0
2012-04-27 00:00:00-04:00,3.200000047683716,3.200000047683716,3.200000047683716,3.200000047683716,0,0.0,0.0
2012-04-30 00:00:00-04:00,3.200000047683716,3.200000047683716,3.200000047683716,3.200000047683716,0,0.0,0.0
2012-05-01 00:00:00-04:00,3.0,3.759999990463257,3.0,3.759999990463257,750,0.0,0.0
2012-05-02 00:00:00-04:00,3.759999990463257,3.759999990463257,3.759999990463257,3.759999990463257,0,0.0,0.0
2012-05-03 00:00:00-04:00,3.759999990463257,3.759999990463257,3.759999990463257,3.759999990463257,0,0.0,0.0
2012-05-04 00:00:00-04:00,3.4800000190734863,3.4800000190734863,3.4800000190734863,3.4800000190734863,175,0.0,0.0
2012-05-07 00:00:00-04:00,3.440000057220459,3.440000057220459,3.440000057220459,3.440000057220459,325,0.0,0.0
2012-05-08 00:00:00-04:00,2.880000114440918,2.880000114440918,2.880000114440918,2.880000114440918,500,0.0,0.0
2012-05-09 00:00:00-04:00,2.880000114440918,2.880000114440918,2.880000114440918,2.880000114440918,0,0.0,0.0
2012-05-10 00:00:00-04:00,2.880000114440918,3.0399999618530273,2.880000114440918,3.0399999618530273,225,0.0,0.0
2012-05-11 00:00:00-04:00,3.0399999618530273,3.0399999618530273,3.0399999618530273,3.0399999618530273,0,0.0,0.0
2012-05-14 00:00:00-04:00,3.0399999618530273,3.0399999618530273,3.0399999618530273,3.0399999618530273,0,0.0,0.0
2012-05-15 00:00:00-04:00,3.0399999618530273,3.0399999618530273,3.0399999618530273,3.0399999618530273,0,0.0,0.0
2012-05-16 00:00:00-04:00,3.0399999618530273,3.0399999618530273,3.0399999618530273,3.0399999618530273,0,0.0,0.0
2012-05-17 00:00:00-04:00,2.9200000762939453,2.9200000762939453,2.8399999141693115,2.8399999141693115,225,0.0,0.0
2012-05-18 00:00:00-04:00,2.8399999141693115,2.8399999141693115,2.8399999141693115,2.8399999141693115,25,0.0,0.0
2012-05-21 00:00:00-04:00,2.8399999141693115,2.8399999141693115,2.8399999141693115,2.8399999141693115,0,0.0,0.0
2012-05-22 00:00:00-04:00,2.8399999141693115,3.359999895095825,2.8399999141693115,3.319999933242798,225,0.0,0.0
2012-05-23 00:00:00-04:00,3.200000047683716,3.200000047683716,3.200000047683716,3.200000047683716,50,0.0,0.0
2012-05-24 00:00:00-04:00,2.8399999141693115,3.0399999618530273,2.8399999141693115,3.0399999618530273,475,0.0,0.0
2012-05-25 00:00:00-04:00,2.8399999141693115,3.0799999237060547,2.8399999141693115,3.0399999618530273,350,0.0,0.0
2012-05-29 00:00:00-04:00,2.8399999141693115,2.8399999141693115,2.8399999141693115,2.8399999141693115,250,0.0,0.0
2012-05-30 00:00:00-04:00,2.8399999141693115,2.8399999141693115,2.8399999141693115,2.8399999141693115,100,0.0,0.0
2012-05-31 00:00:00-04:00,2.8399999141693115,3.119999885559082,2.440000057220459,2.559999942779541,1200,0.0,0.0
2012-06-01 00:00:00-04:00,2.559999942779541,2.559999942779541,2.559999942779541,2.559999942779541,0,0.0,0.0
2012-06-04 00:00:00-04:00,2.559999942779541,2.559999942779541,2.559999942779541,2.559999942779541,0,0.0,0.0
2012-06-05 00:00:00-04:00,2.4000000953674316,3.0799999237060547,2.4000000953674316,3.0399999618530273,175,0.0,0.0
2012-06-06 00:00:00-04:00,3.0399999618530273,3.0399999618530273,3.0399999618530273,3.0399999618530273,0,0.0,0.0
2012-06-07 00:00:00-04:00,3.0399999618530273,3.0399999618530273,3.0399999618530273,3.0399999618530273,0,0.0,0.0
2012-06-08 00:00:00-04:00,2.7200000286102295,2.7200000286102295,2.7200000286102295,2.7200000286102295,100,0.0,0.0
2012-06-11 00:00:00-04:00,2.759999990463257,3.4000000953674316,2.680000066757202,3.4000000953674316,1700,0.0,0.0
2012-06-12 00:00:00-04:00,2.7200000286102295,3.5199999809265137,2.7200000286102295,3.4800000190734863,300,0.0,0.0
2012-06-13 00:00:00-04:00,3.4800000190734863,3.4800000190734863,3.4800000190734863,3.4800000190734863,0,0.0,0.0
2012-06-14 00:00:00-04:00,3.4800000190734863,3.4800000190734863,3.4800000190734863,3.4800000190734863,0,0.0,0.0
2012-06-15 00:00:00-04:00,3.4800000190734863,3.4800000190734863,3.4800000190734863,3.4800000190734863,0,0.0,0.0
2012-06-18 00:00:00-04:00,3.4800000190734863,3.4800000190734863,3.4800000190734863,3.4800000190734863,0,0.0,0.0
2012-06-19 00:00:00-04:00,3.4800000190734863,3.4800000190734863,3.4800000190734863,3.4800000190734863,0,0.0,0.0
2012-06-20 00:00:00-04:00,3.4800000190734863,3.4800000190734863,3.4800000190734863,3.4800000190734863,0,0.0,0.0
2012-06-21 00:00:00-04:00,3.4800000190734863,3.4800000190734863,3.4800000190734863,3.4800000190734863,0,0.0,0.0
2012-06-22 00:00:00-04:00,3.4800000190734863,3.4800000190734863,3.4800000190734863,3.4800000190734863,0,0.0,0.0
2012-06-25 00:00:00-04:00,3.4800000190734863,3.4800000190734863,3.4800000190734863,3.4800000190734863,0,0.0,0.0
2012-06-26 00:00:00-04:00,3.4800000190734863,3.4800000190734863,3.4800000190734863,3.4800000190734863,0,0.0,0.0
2012-06-27 00:00:00-04:00,2.880000114440918,3.1600000858306885,2.759999990463257,2.759999990463257,250,0.0,0.0
2012-06-28 00:00:00-04:00,2.759999990463257,2.759999990463257,2.759999990463257,2.759999990463257,0,0.0,0.0
2012-06-29 00:00:00-04:00,3.200000047683716,3.200000047683716,3.200000047683716,3.200000047683716,175,0.0,0.0
2012-07-02 00:00:00-04:00,3.200000047683716,3.200000047683716,3.200000047683716,3.200000047683716,0,0.0,0.0
2012-07-03 00:00:00-04:00,3.200000047683716,3.200000047683716,3.200000047683716,3.200000047683716,0,0.0,0.0
2012-07-05 00:00:00-04:00,3.200000047683716,3.200000047683716,3.200000047683716,3.200000047683716,0,0.0,0.0
2012-07-06 00:00:00-04:00,2.559999942779541,4.0,2.559999942779541,3.5999999046325684,1650,0.0,0.0
2012-07-09 00:00:00-04:00,3.5999999046325684,3.5999999046325684,3.5999999046325684,3.5999999046325684,0,0.0,0.0
2012-07-10 00:00:00-04:00,3.5999999046325684,3.5999999046325684,3.5999999046325684,3.5999999046325684,0,0.0,0.0
2012-07-11 00:00:00-04:00,3.0399999618530273,3.4000000953674316,3.0399999618530273,3.4000000953674316,75,0.0,0.0
2012-07-12 00:00:00-04:00,3.0399999618530273,3.0399999618530273,3.0399999618530273,3.0399999618530273,325,0.0,0.0
2012-07-13 00:00:00-04:00,3.0399999618530273,3.0399999618530273,3.0399999618530273,3.0399999618530273,0,0.0,0.0
2012-07-16 00:00:00-04:00,3.0399999618530273,3.0399999618530273,3.0399999618530273,3.0399999618530273,0,0.0,0.0
2012-07-17 00:00:00-04:00,3.0399999618530273,3.0399999618530273,3.0399999618530273,3.0399999618530273,0,0.0,0.0
2012-07-18 00:00:00-04:00,2.880000114440918,2.880000114440918,2.680000066757202,2.680000066757202,625,0.0,0.0
2012-07-19 00:00:00-04:00,2.799999952316284,2.799999952316284,2.680000066757202,2.680000066757202,1225,0.0,0.0
2012-07-20 00:00:00-04:00,2.9200000762939453,3.200000047683716,2.799999952316284,3.0,2325,0.0,0.0
2012-07-23 00:00:00-04:00,2.8399999141693115,3.0,2.7200000286102295,2.8399999141693115,600,0.0,0.0
2012-07-24 00:00:00-04:00,2.7200000286102295,2.9600000381469727,2.440000057220459,2.680000066757202,12550,0.0,0.0
2012-07-25 00:00:00-04:00,2.759999990463257,2.759999990463257,2.200000047683716,2.5199999809265137,2500,0.0,0.0
2012-07-26 00:00:00-04:00,2.4000000953674316,2.4800000190734863,2.4000000953674316,2.4800000190734863,100,0.0,0.0
2012-07-27 00:00:00-04:00,2.4800000190734863,2.4800000190734863,2.4800000190734863,2.4800000190734863,0,0.0,0.0
2012-07-30 00:00:00-04:00,2.4800000190734863,2.4800000190734863,2.4800000190734863,2.4800000190734863,0,0.0,0.0
2012-07-31 00:00:00-04:00,2.319999933242798,2.5199999809265137,2.240000009536743,2.359999895095825,1450,0.0,0.0
2012-08-01 00:00:00-04:00,2.359999895095825,2.359999895095825,2.359999895095825,2.359999895095825,0,0.0,0.0
2012-08-02 00:00:00-04:00,2.359999895095825,2.359999895095825,2.359999895095825,2.359999895095825,0,0.0,0.0
2012-08-03 00:00:00-04:00,2.440000057220459,2.440000057220459,2.240000009536743,2.359999895095825,100,0.0,0.0
2012-08-06 00:00:00-04:00,2.359999895095825,2.359999895095825,2.359999895095825,2.359999895095825,0,0.0,0.0
2012-08-07 00:00:00-04:00,2.359999895095825,2.359999895095825,2.359999895095825,2.359999895095825,125,0.0,0.0
2012-08-08 00:00:00-04:00,2.359999895095825,2.359999895095825,2.359999895095825,2.359999895095825,1000,0.0,0.0
2012-08-09 00:00:00-04:00,2.240000009536743,2.319999933242798,2.240000009536743,2.2799999713897705,5950,0.0,0.0
2012-08-10 00:00:00-04:00,2.240000009536743,2.240000009536743,2.0,2.0,5550,0.0,0.0
2012-08-13 00:00:00-04:00,2.0,2.0,2.0,2.0,1200,0.0,0.0
2012-08-14 00:00:00-04:00,2.0,2.0,2.0,2.0,0,0.0,0.0
2012-08-15 00:00:00-04:00,2.0,2.0,2.0,2.0,125,0.0,0.0
2012-08-16 00:00:00-04:00,2.0,2.0,2.0,2.0,0,0.0,0.0
2012-08-17 00:00:00-04:00,2.0,2.0,2.0,2.0,0,0.0,0.0
2012-08-20 00:00:00-04:00,2.0,2.0,2.0,2.0,0,0.0,0.0
2012-08-21 00:00:00-04:00,2.0,2.0,2.0,2.0,0,0.0,0.0
2012-08-22 00:00:00-04:00,2.0,2.0,2.0,2.0,0,0.0,0.0
2012-08-23 00:00:00-04:00,2.0,2.0,2.0,2.0,0,0.0,0.0
2012-08-24 00:00:00-04:00,2.0,2.0,2.0,2.0,0,0.0,0.0
2012-08-27 00:00:00-04:00,2.0,2.0,2.0,2.0,0,0.0,0.0
2012-08-28 00:00:00-04:00,2.0,2.0,2.0,2.0,0,0.0,0.0
2012-08-29 00:00:00-04:00,2.0,2.0,2.0,2.0,0,0.0,0.0
2012-08-30 00:00:00-04:00,2.0,2.0,2.0,2.0,0,0.0,0.0
2012-08-31 00:00:00-04:00,2.0,2.0,2.0,2.0,0,0.0,0.0
2012-09-04 00:00:00-04:00,2.0,2.0,2.0,2.0,0,0.0,0.0
2012-09-05 00:00:00-04:00,2.0,2.0,2.0,2.0,0,0.0,0.0
2012-09-06 00:00:00-04:00,2.0,2.0,2.0,2.0,0,0.0,0.0
2012-09-07 00:00:00-04:00,1.9600000381469727,1.9600000381469727,1.9600000381469727,1.9600000381469727,1200,0.0,0.0
2012-09-10 00:00:00-04:00,1.7200000286102295,2.119999885559082,1.7200000286102295,2.119999885559082,225,0.0,0.0
2012-09-11 00:00:00-04:00,2.119999885559082,2.119999885559082,2.119999885559082,2.119999885559082,0,0.0,0.0
2012-09-12 00:00:00-04:00,2.119999885559082,2.119999885559082,2.119999885559082,2.119999885559082,0,0.0,0.0
2012-09-13 00:00:00-04:00,2.0,2.0,2.0,2.0,125,0.0,0.0
2012-09-14 00:00:00-04:00,2.0,2.0,2.0,2.0,0,0.0,0.0
2012-09-17 00:00:00-04:00,1.8799999952316284,1.9600000381469727,1.8799999952316284,1.9600000381469727,325,0.0,0.0
2012-09-18 00:00:00-04:00,1.9600000381469727,1.9600000381469727,1.9600000381469727,1.9600000381469727,0,0.0,0.0
2012-09-19 00:00:00-04:00,1.6399999856948853,1.8799999952316284,1.6399999856948853,1.8799999952316284,250,0.0,0.0
2012-09-20 00:00:00-04:00,1.6399999856948853,1.6399999856948853,1.6399999856948853,1.6399999856948853,375,0.0,0.0
2012-09-21 00:00:00-04:00,1.840000033378601,2.1600000858306885,1.840000033378601,2.1600000858306885,75,0.0,0.0
2012-09-24 00:00:00-04:00,2.1600000858306885,2.1600000858306885,2.1600000858306885,2.1600000858306885,0,0.0,0.0
2012-09-25 00:00:00-04:00,2.1600000858306885,2.1600000858306885,2.1600000858306885,2.1600000858306885,0,0.0,0.0
2012-09-26 00:00:00-04:00,2.1600000858306885,2.1600000858306885,2.1600000858306885,2.1600000858306885,0,0.0,0.0
2012-09-27 00:00:00-04:00,2.1600000858306885,2.1600000858306885,2.1600000858306885,2.1600000858306885,0,0.0,0.0
2012-09-28 00:00:00-04:00,2.1600000858306885,2.1600000858306885,2.1600000858306885,2.1600000858306885,0,0.0,0.0
2012-10-01 00:00:00-04:00,2.1600000858306885,2.1600000858306885,2.1600000858306885,2.1600000858306885,0,0.0,0.0
2012-10-02 00:00:00-04:00,2.1600000858306885,2.1600000858306885,2.1600000858306885,2.1600000858306885,0,0.0,0.0
2012-10-03 00:00:00-04:00,2.1600000858306885,2.1600000858306885,2.1600000858306885,2.1600000858306885,0,0.0,0.0
2012-10-04 00:00:00-04:00,2.1600000858306885,2.1600000858306885,2.1600000858306885,2.1600000858306885,0,0.0,0.0
2012-10-05 00:00:00-04:00,2.1600000858306885,2.1600000858306885,2.1600000858306885,2.1600000858306885,0,0.0,0.0
2012-10-08 00:00:00-04:00,2.1600000858306885,2.1600000858306885,2.1600000858306885,2.1600000858306885,0,0.0,0.0
2012-10-09 00:00:00-04:00,2.1600000858306885,2.1600000858306885,2.1600000858306885,2.1600000858306885,0,0.0,0.0
2012-10-10 00:00:00-04:00,1.7999999523162842,2.200000047683716,1.6399999856948853,1.6399999856948853,700,0.0,0.0
2012-10-11 00:00:00-04:00,1.6399999856948853,1.6399999856948853,1.6399999856948853,1.6399999856948853,0,0.0,0.0
2012-10-12 00:00:00-04:00,2.240000009536743,2.240000009536743,2.240000009536743,2.240000009536743,25,0.0,0.0
2012-10-15 00:00:00-04:00,2.200000047683716,2.2799999713897705,2.1600000858306885,2.1600000858306885,1050,0.0,0.0
2012-10-16 00:00:00-04:00,2.0799999237060547,2.0799999237060547,2.0799999237060547,2.0799999237060547,50,0.0,0.0
2012-10-17 00:00:00-04:00,2.119999885559082,2.119999885559082,2.119999885559082,2.119999885559082,25,0.0,0.0
2012-10-18 00:00:00-04:00,2.119999885559082,2.119999885559082,2.119999885559082,2.119999885559082,0,0.0,0.0
2012-10-19 00:00:00-04:00,2.119999885559082,2.119999885559082,2.119999885559082,2.119999885559082,0,0.0,0.0
2012-10-22 00:00:00-04:00,2.0,2.319999933242798,2.0,2.319999933242798,2600,0.0,0.0
2012-10-23 00:00:00-04:00,2.559999942779541,2.799999952316284,2.559999942779541,2.799999952316284,2125,0.0,0.0
2012-10-24 00:00:00-04:00,2.799999952316284,2.799999952316284,2.799999952316284,2.799999952316284,0,0.0,0.0
2012-10-25 00:00:00-04:00,2.4000000953674316,2.4000000953674316,2.4000000953674316,2.4000000953674316,50,0.0,0.0
2012-10-26 00:00:00-04:00,2.4000000953674316,2.4000000953674316,2.4000000953674316,2.4000000953674316,0,0.0,0.0
2012-10-31 00:00:00-04:00,2.4000000953674316,2.4000000953674316,2.4000000953674316,2.4000000953674316,0,0.0,0.0
2012-11-01 00:00:00-04:00,2.4000000953674316,2.4000000953674316,2.4000000953674316,2.4000000953674316,0,0.0,0.0
2012-11-02 00:00:00-04:00,2.4000000953674316,2.4000000953674316,2.4000000953674316,2.4000000953674316,0,0.0,0.0
2012-11-05 00:00:00-05:00,2.4000000953674316,2.4000000953674316,2.4000000953674316,2.4000000953674316,0,0.0,0.0
2012-11-06 00:00:00-05:00,2.4000000953674316,2.4000000953674316,2.4000000953674316,2.4000000953674316,0,0.0,0.0
2012-11-07 00:00:00-05:00,2.4000000953674316,2.4000000953674316,2.4000000953674316,2.4000000953674316,0,0.0,0.0
2012-11-08 00:00:00-05:00,2.4000000953674316,2.4000000953674316,2.4000000953674316,2.4000000953674316,150,0.0,0.0
2012-11-09 00:00:00-05:00,2.4000000953674316,2.4000000953674316,2.4000000953674316,2.4000000953674316,0,0.0,0.0
2012-11-12 00:00:00-05:00,2.4000000953674316,2.4000000953674316,2.4000000953674316,2.4000000953674316,0,0.0,0.0
2012-11-13 00:00:00-05:00,2.4000000953674316,2.4000000953674316,2.4000000953674316,2.4000000953674316,0,0.0,0.0
2012-11-14 00:00:00-05:00,2.4000000953674316,2.4000000953674316,2.4000000953674316,2.4000000953674316,0,0.0,0.0
2012-11-15 00:00:00-05:00,2.200000047683716,2.200000047683716,2.0399999618530273,2.0399999618530273,800,0.0,0.0
2012-11-16 00:00:00-05:00,2.0399999618530273,2.0399999618530273,2.0399999618530273,2.0399999618530273,0,0.0,0.0
2012-11-19 00:00:00-05:00,2.0399999618530273,2.0399999618530273,2.0399999618530273,2.0399999618530273,0,0.0,0.0
2012-11-20 00:00:00-05:00,1.8799999952316284,2.200000047683716,1.4800000190734863,2.200000047683716,1150,0.0,0.0
2012-11-21 00:00:00-05:00,2.200000047683716,2.200000047683716,2.200000047683716,2.200000047683716,525,0.0,0.0
2012-11-23 00:00:00-05:00,2.200000047683716,2.200000047683716,2.200000047683716,2.200000047683716,0,0.0,0.0
2012-11-26 00:00:00-05:00,2.200000047683716,2.200000047683716,2.200000047683716,2.200000047683716,0,0.0,0.0
2012-11-27 00:00:00-05:00,2.200000047683716,2.200000047683716,2.200000047683716,2.200000047683716,0,0.0,0.0
2012-11-28 00:00:00-05:00,2.0399999618530273,2.0399999618530273,1.7599999904632568,1.7599999904632568,300,0.0,0.0
2012-11-29 00:00:00-05:00,3.0,3.0,2.359999895095825,3.0,1125,0.0,0.0
2012-11-30 00:00:00-05:00,2.9600000381469727,2.9600000381469727,2.4000000953674316,2.4000000953674316,225,0.0,0.0
2012-12-03 00:00:00-05:00,2.9600000381469727,2.9600000381469727,2.799999952316284,2.799999952316284,275,0.0,0.0
2012-12-04 00:00:00-05:00,2.359999895095825,2.359999895095825,2.240000009536743,2.240000009536743,50,0.0,0.0
2012-12-05 00:00:00-05:00,2.240000009536743,2.240000009536743,2.240000009536743,2.240000009536743,0,0.0,0.0
2012-12-06 00:00:00-05:00,2.2799999713897705,2.2799999713897705,2.2799999713897705,2.2799999713897705,150,0.0,0.0
2012-12-07 00:00:00-05:00,2.559999942779541,2.559999942779541,2.559999942779541,2.559999942779541,25,0.0,0.0
2012-12-10 00:00:00-05:00,2.559999942779541,2.559999942779541,2.559999942779541,2.559999942779541,0,0.0,0.0
2012-12-11 00:00:00-05:00,2.559999942779541,2.559999942779541,2.559999942779541,2.559999942779541,0,0.0,0.0
2012-12-12 00:00:00-05:00,2.559999942779541,2.559999942779541,2.559999942779541,2.559999942779541,0,0.0,0.0
2012-12-13 00:00:00-05:00,2.8399999141693115,2.8399999141693115,2.8399999141693115,2.8399999141693115,25,0.0,0.0
2012-12-14 00:00:00-05:00,2.9200000762939453,4.179999828338623,2.5799999237060547,3.990000009536743,48400,0.0,0.25
2012-12-17 00:00:00-05:00,4.599999904632568,4.980000019073486,3.450000047683716,3.5,29300,0.0,0.0
2012-12-18 00:00:00-05:00,3.5,7.230000019073486,3.5,4.71999979019165,628600,0.0,0.0
2012-12-19 00:00:00-05:00,5.460000038146973,8.199999809265137,4.710000038146973,8.1899995803833,475100,0.0,0.0
2012-12-20 00:00:00-05:00,7.349999904632568,7.599999904632568,5.630000114440918,5.900000095367432,843400,0.0,0.0
2012-12-21 00:00:00-05:00,5.96999979019165,6.199999809265137,5.28000020980835,5.699999809265137,80400,0.0,0.0
2012-12-24 00:00:00-05:00,5.869999885559082,6.559999942779541,5.599999904632568,5.809999942779541,158600,0.0,0.0
2012-12-26 00:00:00-05:00,5.71999979019165,5.760000228881836,4.949999809265137,5.25,73000,0.0,0.0
2012-12-27 00:00:00-05:00,5.389999866485596,5.400000095367432,4.610000133514404,4.849999904632568,46000,0.0,0.0
2012-12-28 00:00:00-05:00,4.829999923706055,4.829999923706055,4.099999904632568,4.320000171661377,62300,0.0,0.0
2012-12-31 00:00:00-05:00,4.400000095367432,4.699999809265137,4.239999771118164,4.510000228881836,40200,0.0,0.0
2013-01-02 00:00:00-05:00,4.75,4.849999904632568,4.25,4.329999923706055,24300,0.0,0.0
2013-01-03 00:00:00-05:00,4.260000228881836,4.300000190734863,4.150000095367432,4.300000190734863,18200,0.0,0.0
2013-01-04 00:00:00-05:00,4.349999904632568,4.369999885559082,4.099999904632568,4.210000038146973,10500,0.0,0.0
2013-01-07 00:00:00-05:00,4.130000114440918,4.269999980926514,4.03000020980835,4.050000190734863,13900,0.0,0.0
2013-01-08 00:00:00-05:00,4.179999828338623,4.260000228881836,4.110000133514404,4.260000228881836,20400,0.0,0.0
2013-01-09 00:00:00-05:00,4.199999809265137,4.650000095367432,4.199999809265137,4.309999942779541,41200,0.0,0.0
2013-01-10 00:00:00-05:00,4.289999961853027,4.5,4.289999961853027,4.389999866485596,9200,0.0,0.0
2013-01-11 00:00:00-05:00,4.400000095367432,4.5,4.309999942779541,4.46999979019165,6800,0.0,0.0
2013-01-14 00:00:00-05:00,4.5,4.820000171661377,4.369999885559082,4.699999809265137,17800,0.0,0.0
2013-01-15 00:00:00-05:00,4.75,5.199999809265137,4.710000038146973,5.059999942779541,57400,0.0,0.0
2013-01-16 00:00:00-05:00,5.25,6.28000020980835,5.25,6.079999923706055,169800,0.0,0.0
2013-01-17 00:00:00-05:00,6.400000095367432,6.480000019073486,5.25,5.349999904632568,84400,0.0,0.0
2013-01-18 00:00:00-05:00,5.360000133514404,5.449999809265137,4.579999923706055,4.869999885559082,100600,0.0,0.0
2013-01-22 00:00:00-05:00,4.900000095367432,4.900000095367432,4.510000228881836,4.519999980926514,32800,0.0,0.0
2013-01-23 00:00:00-05:00,4.579999923706055,4.739999771118164,4.289999961853027,4.5,19400,0.0,0.0
2013-01-24 00:00:00-05:00,4.46999979019165,4.5,4.269999980926514,4.369999885559082,6200,0.0,0.0
2013-01-25 00:00:00-05:00,4.480000019073486,4.480000019073486,4.170000076293945,4.170000076293945,19400,0.0,0.0
2013-01-28 00:00:00-05:00,4.230000019073486,4.360000133514404,4.190000057220459,4.309999942779541,17300,0.0,0.0
2013-01-29 00:00:00-05:00,4.230000019073486,4.260000228881836,4.230000019073486,4.260000228881836,500,0.0,0.0
2013-01-30 00:00:00-05:00,4.28000020980835,4.28000020980835,4.159999847412109,4.170000076293945,3600,0.0,0.0
2013-01-31 00:00:00-05:00,4.110000133514404,4.25,4.099999904632568,4.25,1200,0.0,0.0
2013-02-01 00:00:00-05:00,4.150000095367432,4.25,4.099999904632568,4.25,2000,0.0,0.0
2013-02-04 00:00:00-05:00,4.099999904632568,4.559999942779541,4.099999904632568,4.440000057220459,25500,0.0,0.0
2013-02-05 00:00:00-05:00,4.389999866485596,4.389999866485596,4.210000038146973,4.380000114440918,2000,0.0,0.0
2013-02-06 00:00:00-05:00,4.389999866485596,4.389999866485596,4.289999961853027,4.360000133514404,6800,0.0,0.0
2013-02-07 00:00:00-05:00,4.53000020980835,4.53000020980835,4.309999942779541,4.440000057220459,3900,0.0,0.0
2013-02-08 00:00:00-05:00,4.579999923706055,4.880000114440918,4.5,4.71999979019165,7600,0.0,0.0
2013-02-11 00:00:00-05:00,4.75,4.840000152587891,4.659999847412109,4.659999847412109,19300,0.0,0.0
2013-02-12 00:00:00-05:00,4.659999847412109,4.659999847412109,4.349999904632568,4.539999961853027,16800,0.0,0.0
2013-02-13 00:00:00-05:00,4.570000171661377,4.570000171661377,4.480000019073486,4.5,6800,0.0,0.0
2013-02-14 00:00:00-05:00,4.489999771118164,4.489999771118164,4.25,4.260000228881836,800,0.0,0.0
2013-02-15 00:00:00-05:00,4.570000171661377,4.570000171661377,3.4100000858306885,3.450000047683716,95900,0.0,0.0
2013-02-19 00:00:00-05:00,3.390000104904175,3.609999895095825,3.25,3.4000000953674316,10300,0.0,0.0
2013-02-20 00:00:00-05:00,3.619999885559082,3.619999885559082,3.4800000190734863,3.4800000190734863,5200,0.0,0.0
2013-02-21 00:00:00-05:00,3.5,3.5,3.2699999809265137,3.4200000762939453,13000,0.0,0.0
2013-02-22 00:00:00-05:00,3.3499999046325684,3.3499999046325684,3.25,3.25,1400,0.0,0.0
2013-02-25 00:00:00-05:00,3.309999942779541,3.309999942779541,3.0999999046325684,3.0999999046325684,1000,0.0,0.0
2013-02-26 00:00:00-05:00,3.4600000381469727,3.4600000381469727,2.890000104904175,2.950000047683716,19000,0.0,0.0
2013-02-27 00:00:00-05:00,2.950000047683716,2.950000047683716,2.950000047683716,2.950000047683716,0,0.0,0.0
2013-02-28 00:00:00-05:00,2.8499999046325684,3.1700000762939453,2.8499999046325684,3.0399999618530273,17300,0.0,0.0
2013-03-01 00:00:00-05:00,3.1700000762939453,3.450000047683716,2.859999895095825,3.119999885559082,3900,0.0,0.0
2013-03-04 00:00:00-05:00,3.069999933242798,3.069999933242798,2.549999952316284,2.880000114440918,10000,0.0,0.0
2013-03-05 00:00:00-05:00,2.7100000381469727,2.9000000953674316,2.7100000381469727,2.7899999618530273,1700,0.0,0.0
2013-03-06 00:00:00-05:00,2.890000104904175,2.890000104904175,2.880000114440918,2.880000114440918,800,0.0,0.0
2013-03-07 00:00:00-05:00,2.759999990463257,2.8399999141693115,2.6600000858306885,2.6600000858306885,10100,0.0,0.0
2013-03-08 00:00:00-05:00,2.6600000858306885,2.6600000858306885,2.6600000858306885,2.6600000858306885,0,0.0,0.0
2013-03-11 00:00:00-04:00,2.859999895095825,4.0,2.819999933242798,3.8499999046325684,147600,0.0,0.0
2013-03-12 00:00:00-04:00,4.0,5.690000057220459,3.930000066757202,3.9700000286102295,430200,0.0,0.0
2013-03-13 00:00:00-04:00,3.9700000286102295,4.190000057220459,3.549999952316284,3.630000114440918,53700,0.0,0.0
2013-03-14 00:00:00-04:00,3.5799999237060547,3.799999952316284,3.380000114440918,3.4200000762939453,37500,0.0,0.0
2013-03-15 00:00:00-04:00,3.369999885559082,3.6700000762939453,3.299999952316284,3.440000057220459,22900,0.0,0.0
2013-03-18 00:00:00-04:00,3.5,3.740000009536743,3.4600000381469727,3.549999952316284,21500,0.0,0.0
2013-03-19 00:00:00-04:00,3.359999895095825,3.440000057220459,3.140000104904175,3.2899999618530273,14900,0.0,0.0
2013-03-20 00:00:00-04:00,3.299999952316284,3.3499999046325684,3.190000057220459,3.190000057220459,12900,0.0,0.0
2013-03-21 00:00:00-04:00,3.1700000762939453,3.2799999713897705,3.069999933242798,3.1500000953674316,11400,0.0,0.0
2013-03-22 00:00:00-04:00,3.240000009536743,3.2799999713897705,3.1500000953674316,3.2300000190734863,8800,0.0,0.0
2013-03-25 00:00:00-04:00,3.2300000190734863,3.4800000190734863,3.2200000286102295,3.4000000953674316,6800,0.0,0.0
2013-03-26 00:00:00-04:00,3.440000057220459,3.440000057220459,3.1500000953674316,3.1600000858306885,10900,0.0,0.0
2013-03-27 00:00:00-04:00,3.200000047683716,3.200000047683716,3.069999933242798,3.200000047683716,4300,0.0,0.0
2013-03-28 00:00:00-04:00,3.2300000190734863,3.25,3.119999885559082,3.200000047683716,17700,0.0,0.0
2013-04-01 00:00:00-04:00,3.200000047683716,3.25,3.1600000858306885,3.200000047683716,9900,0.0,0.0
2013-04-02 00:00:00-04:00,3.2300000190734863,4.739999771118164,3.119999885559082,4.730000019073486,882300,0.0,0.0
2013-04-03 00:00:00-04:00,4.829999923706055,5.449999809265137,3.890000104904175,4.119999885559082,799600,0.0,0.0
2013-04-04 00:00:00-04:00,4.0,4.199999809265137,3.5,3.5399999618530273,136400,0.0,0.0
2013-04-05 00:00:00-04:00,3.5,3.7200000286102295,3.299999952316284,3.5,84700,0.0,0.0
2013-04-08 00:00:00-04:00,3.559999942779541,3.7899999618530273,3.309999942779541,3.319999933242798,81000,0.0,0.0
2013-04-09 00:00:00-04:00,3.3499999046325684,3.490000009536743,3.200000047683716,3.450000047683716,99800,0.0,0.0
2013-04-10 00:00:00-04:00,3.450000047683716,3.450000047683716,3.309999942779541,3.4100000858306885,31600,0.0,0.0
2013-04-11 00:00:00-04:00,3.4000000953674316,3.5899999141693115,3.240000009536743,3.259999990463257,53900,0.0,0.0
2013-04-12 00:00:00-04:00,3.2699999809265137,3.2799999713897705,3.109999895095825,3.1700000762939453,18700,0.0,0.0
2013-04-15 00:00:00-04:00,3.180000066757202,3.180000066757202,3.049999952316284,3.049999952316284,17900,0.0,0.0
2013-04-16 00:00:00-04:00,3.0999999046325684,3.380000114440918,3.0899999141693115,3.25,43500,0.0,0.0
2013-04-17 00:00:00-04:00,3.2699999809265137,3.380000114440918,3.0999999046325684,3.200000047683716,8600,0.0,0.0
2013-04-18 00:00:00-04:00,3.359999895095825,3.359999895095825,3.109999895095825,3.259999990463257,7700,0.0,0.0
2013-04-19 00:00:00-04:00,3.180000066757202,3.359999895095825,3.0999999046325684,3.299999952316284,16600,0.0,0.0
2013-04-22 00:00:00-04:00,3.2899999618530273,3.299999952316284,3.140000104904175,3.2200000286102295,7400,0.0,0.0
2013-04-23 00:00:00-04:00,3.200000047683716,3.5799999237060547,3.200000047683716,3.25,158900,0.0,0.0
2013-04-24 00:00:00-04:00,3.299999952316284,3.4600000381469727,3.25,3.319999933242798,76200,0.0,0.0
2013-04-25 00:00:00-04:00,3.380000114440918,3.4600000381469727,3.3299999237060547,3.3399999141693115,9900,0.0,0.0
2013-04-26 00:00:00-04:00,3.359999895095825,3.359999895095825,3.259999990463257,3.299999952316284,22100,0.0,0.0
2013-04-29 00:00:00-04:00,3.4000000953674316,3.450000047683716,3.3299999237060547,3.390000104904175,1900,0.0,0.0
2013-04-30 00:00:00-04:00,3.319999933242798,3.390000104904175,3.259999990463257,3.2699999809265137,3800,0.0,0.0
2013-05-01 00:00:00-04:00,3.3399999141693115,3.359999895095825,3.25,3.3299999237060547,12100,0.0,0.0
2013-05-02 00:00:00-04:00,3.25,3.359999895095825,3.25,3.359999895095825,4300,0.0,0.0
2013-05-03 00:00:00-04:00,3.2799999713897705,3.299999952316284,3.25,3.2699999809265137,7700,0.0,0.0
2013-05-06 00:00:00-04:00,3.299999952316284,3.299999952316284,3.25,3.259999990463257,1500,0.0,0.0
2013-05-07 00:00:00-04:00,3.309999942779541,3.380000114440918,3.25,3.259999990463257,16200,0.0,0.0
2013-05-08 00:00:00-04:00,3.2200000286102295,3.3299999237060547,3.1600000858306885,3.2899999618530273,13500,0.0,0.0
2013-05-09 00:00:00-04:00,3.1700000762939453,3.3399999141693115,3.1700000762939453,3.3299999237060547,1200,0.0,0.0
2013-05-10 00:00:00-04:00,3.2200000286102295,3.2200000286102295,3.119999885559082,3.2100000381469727,3900,0.0,0.0
2013-05-13 00:00:00-04:00,3.3299999237060547,3.3299999237060547,3.3299999237060547,3.3299999237060547,100,0.0,0.0
2013-05-14 00:00:00-04:00,3.2300000190734863,3.299999952316284,3.1500000953674316,3.200000047683716,12100,0.0,0.0
2013-05-15 00:00:00-04:00,3.2899999618530273,3.2899999618530273,3.180000066757202,3.2899999618530273,4500,0.0,0.0
2013-05-16 00:00:00-04:00,3.2799999713897705,3.369999885559082,3.2799999713897705,3.369999885559082,3200,0.0,0.0
2013-05-17 00:00:00-04:00,3.369999885559082,3.7899999618530273,3.369999885559082,3.609999895095825,66000,0.0,0.0
2013-05-20 00:00:00-04:00,3.7300000190734863,3.859999895095825,3.490000009536743,3.5999999046325684,40200,0.0,0.0
2013-05-21 00:00:00-04:00,3.619999885559082,3.7100000381469727,3.4800000190734863,3.490000009536743,6600,0.0,0.0
2013-05-22 00:00:00-04:00,3.549999952316284,3.890000104904175,3.380000114440918,3.809999942779541,131800,0.0,0.0
2013-05-23 00:00:00-04:00,3.990000009536743,4.190000057220459,3.180000066757202,3.240000009536743,179000,0.0,0.0
2013-05-24 00:00:00-04:00,3.2300000190734863,3.2899999618530273,3.109999895095825,3.2300000190734863,15900,0.0,0.0
2013-05-28 00:00:00-04:00,3.180000066757202,3.180000066757202,3.049999952316284,3.059999942779541,15000,0.0,0.0
2013-05-29 00:00:00-04:00,3.0299999713897705,3.0299999713897705,2.9000000953674316,2.9000000953674316,26300,0.0,0.0
2013-05-30 00:00:00-04:00,2.940000057220459,2.940000057220459,2.740000009536743,2.759999990463257,15100,0.0,0.0
2013-05-31 00:00:00-04:00,2.7100000381469727,2.759999990463257,2.7100000381469727,2.7100000381469727,6600,0.0,0.0
2013-06-03 00:00:00-04:00,2.619999885559082,2.740000009536743,2.559999942779541,2.630000114440918,12800,0.0,0.0
2013-06-04 00:00:00-04:00,2.640000104904175,2.930000066757202,2.640000104904175,2.8399999141693115,12000,0.0,0.0
2013-06-05 00:00:00-04:00,2.8399999141693115,2.890000104904175,2.700000047683716,2.8399999141693115,6600,0.0,0.0
2013-06-06 00:00:00-04:00,2.7699999809265137,2.940000057220459,2.7699999809265137,2.9200000762939453,9500,0.0,0.0
2013-06-07 00:00:00-04:00,2.890000104904175,2.940000057220459,2.8399999141693115,2.8399999141693115,4100,0.0,0.0
2013-06-10 00:00:00-04:00,2.890000104904175,2.890000104904175,2.7300000190734863,2.740000009536743,6300,0.0,0.0
2013-06-11 00:00:00-04:00,2.7899999618530273,2.8299999237060547,2.5999999046325684,2.7799999713897705,3400,0.0,0.0
2013-06-12 00:00:00-04:00,2.7799999713897705,2.7899999618530273,2.7699999809265137,2.7699999809265137,400,0.0,0.0
2013-06-13 00:00:00-04:00,2.6500000953674316,2.740000009536743,2.6500000953674316,2.7100000381469727,6300,0.0,0.0
2013-06-14 00:00:00-04:00,2.680000066757202,2.740000009536743,2.6500000953674316,2.740000009536743,1500,0.0,0.0
2013-06-17 00:00:00-04:00,2.6600000858306885,2.7200000286102295,2.6500000953674316,2.6600000858306885,1800,0.0,0.0
2013-06-18 00:00:00-04:00,2.759999990463257,2.759999990463257,2.759999990463257,2.759999990463257,200,0.0,0.0
2013-06-19 00:00:00-04:00,2.6600000858306885,2.990000009536743,2.6600000858306885,2.990000009536743,9400,0.0,0.0
2013-06-20 00:00:00-04:00,2.9800000190734863,2.9800000190734863,2.819999933242798,2.940000057220459,3300,0.0,0.0
2013-06-21 00:00:00-04:00,2.8499999046325684,2.890000104904175,2.7899999618530273,2.880000114440918,4800,0.0,0.0
2013-06-24 00:00:00-04:00,2.930000066757202,2.930000066757202,2.9000000953674316,2.9000000953674316,200,0.0,0.0
2013-06-25 00:00:00-04:00,2.9000000953674316,2.930000066757202,2.7899999618530273,2.8499999046325684,4100,0.0,0.0
2013-06-26 00:00:00-04:00,2.809999942779541,2.8299999237060547,2.799999952316284,2.8299999237060547,600,0.0,0.0
2013-06-27 00:00:00-04:00,2.8299999237060547,2.8299999237060547,2.8299999237060547,2.8299999237060547,0,0.0,0.0
2013-06-28 00:00:00-04:00,2.759999990463257,2.7799999713897705,2.759999990463257,2.759999990463257,11200,0.0,0.0
2013-07-01 00:00:00-04:00,2.759999990463257,2.950000047683716,2.759999990463257,2.950000047683716,7100,0.0,0.0
2013-07-02 00:00:00-04:00,2.880000114440918,2.880000114440918,2.7799999713897705,2.7799999713897705,2100,0.0,0.0
2013-07-03 00:00:00-04:00,2.9000000953674316,2.990000009536743,2.740000009536743,2.890000104904175,13100,0.0,0.0
2013-07-05 00:00:00-04:00,2.819999933242798,2.8399999141693115,2.7799999713897705,2.7899999618530273,900,0.0,0.0
2013-07-08 00:00:00-04:00,2.690000057220459,2.7100000381469727,2.680000066757202,2.7100000381469727,900,0.0,0.0
2013-07-09 00:00:00-04:00,2.880000114440918,2.9100000858306885,2.880000114440918,2.9000000953674316,6500,0.0,0.0
2013-07-10 00:00:00-04:00,2.8399999141693115,2.8399999141693115,2.8399999141693115,2.8399999141693115,100,0.0,0.0
2013-07-11 00:00:00-04:00,2.819999933242798,2.9000000953674316,2.7699999809265137,2.7799999713897705,2700,0.0,0.0
2013-07-12 00:00:00-04:00,2.809999942779541,2.809999942779541,2.809999942779541,2.809999942779541,400,0.0,0.0
2013-07-15 00:00:00-04:00,2.8499999046325684,2.890000104904175,2.7100000381469727,2.7899999618530273,1200,0.0,0.0
2013-07-16 00:00:00-04:00,2.700000047683716,2.799999952316284,2.700000047683716,2.799999952316284,1200,0.0,0.0
2013-07-17 00:00:00-04:00,2.7300000190734863,2.759999990463257,2.7200000286102295,2.7200000286102295,4700,0.0,0.0
2013-07-18 00:00:00-04:00,2.7200000286102295,2.7200000286102295,2.7200000286102295,2.7200000286102295,0,0.0,0.0
2013-07-19 00:00:00-04:00,2.799999952316284,2.799999952316284,2.740000009536743,2.740000009536743,6700,0.0,0.0
2013-07-22 00:00:00-04:00,2.7300000190734863,2.75,2.7300000190734863,2.740000009536743,900,0.0,0.0
2013-07-23 00:00:00-04:00,2.740000009536743,2.740000009536743,2.740000009536743,2.740000009536743,0,0.0,0.0
2013-07-24 00:00:00-04:00,2.7300000190734863,2.75,2.7300000190734863,2.7300000190734863,800,0.0,0.0
2013-07-25 00:00:00-04:00,2.740000009536743,2.799999952316284,2.740000009536743,2.7899999618530273,1100,0.0,0.0
2013-07-26 00:00:00-04:00,2.740000009536743,2.7699999809265137,2.740000009536743,2.7699999809265137,2800,0.0,0.0
2013-07-29 00:00:00-04:00,2.740000009536743,2.740000009536743,2.6600000858306885,2.7300000190734863,18600,0.0,0.0
2013-07-30 00:00:00-04:00,2.7100000381469727,2.7300000190734863,2.640000104904175,2.7300000190734863,8600,0.0,0.0
2013-07-31 00:00:00-04:00,2.6500000953674316,2.7799999713897705,2.640000104904175,2.7799999713897705,2200,0.0,0.0
2013-08-01 00:00:00-04:00,2.6600000858306885,2.7699999809265137,2.6600000858306885,2.7699999809265137,400,0.0,0.0
2013-08-02 00:00:00-04:00,2.680000066757202,2.7699999809265137,2.680000066757202,2.7699999809265137,2300,0.0,0.0
2013-08-05 00:00:00-04:00,2.7200000286102295,3.240000009536743,2.7200000286102295,2.880000114440918,48500,0.0,0.0
2013-08-06 00:00:00-04:00,3.0899999141693115,5.75,3.049999952316284,4.050000190734863,794600,0.0,0.0
2013-08-07 00:00:00-04:00,3.9700000286102295,3.9700000286102295,3.059999942779541,3.0999999046325684,104200,0.0,0.0
2013-08-08 00:00:00-04:00,3.1700000762939453,3.200000047683716,2.950000047683716,2.9800000190734863,53200,0.0,0.0
2013-08-09 00:00:00-04:00,2.869999885559082,5.150000095367432,2.869999885559082,3.9000000953674316,797500,0.0,0.0
2013-08-12 00:00:00-04:00,3.890000104904175,3.9200000762939453,3.4700000286102295,3.559999942779541,101400,0.0,0.0
2013-08-13 00:00:00-04:00,3.5,3.9000000953674316,3.4700000286102295,3.700000047683716,46500,0.0,0.0
2013-08-14 00:00:00-04:00,3.8299999237060547,3.8299999237060547,3.5,3.5899999141693115,22600,0.0,0.0
2013-08-15 00:00:00-04:00,3.5,3.5299999713897705,3.5,3.5299999713897705,4400,0.0,0.0
2013-08-16 00:00:00-04:00,3.5199999809265137,3.7100000381469727,3.5,3.509999990463257,18100,0.0,0.0
2013-08-19 00:00:00-04:00,3.4700000286102295,3.680000066757202,3.4000000953674316,3.4200000762939453,3200,0.0,0.0
2013-08-20 00:00:00-04:00,3.430000066757202,4.28000020980835,3.430000066757202,3.859999895095825,133400,0.0,0.0
2013-08-21 00:00:00-04:00,3.9200000762939453,4.139999866485596,3.609999895095825,3.859999895095825,39200,0.0,0.0
2013-08-22 00:00:00-04:00,3.9000000953674316,4.239999771118164,3.880000114440918,4.159999847412109,75400,0.0,0.0
2013-08-23 00:00:00-04:00,4.300000190734863,5.099999904632568,3.799999952316284,4.019999980926514,421900,0.0,0.0
2013-08-26 00:00:00-04:00,4.099999904632568,4.389999866485596,4.0,4.190000057220459,44900,0.0,0.0
2013-08-27 00:00:00-04:00,4.090000152587891,4.289999961853027,3.9000000953674316,4.199999809265137,44600,0.0,0.0
2013-08-28 00:00:00-04:00,4.099999904632568,4.300000190734863,4.0,4.03000020980835,23000,0.0,0.0
2013-08-29 00:00:00-04:00,3.9100000858306885,4.039999961853027,3.880000114440918,3.890000104904175,11900,0.0,0.0
2013-08-30 00:00:00-04:00,3.890000104904175,4.159999847412109,3.890000104904175,4.070000171661377,9000,0.0,0.0
2013-09-03 00:00:00-04:00,4.190000057220459,4.190000057220459,3.940000057220459,4.039999961853027,17200,0.0,0.0
2013-09-04 00:00:00-04:00,4.039999961853027,4.039999961853027,3.7799999713897705,3.8299999237060547,8800,0.0,0.0
2013-09-05 00:00:00-04:00,3.8399999141693115,3.950000047683716,3.819999933242798,3.869999885559082,5200,0.0,0.0
2013-09-06 00:00:00-04:00,3.9800000190734863,4.039999961853027,3.8299999237060547,3.940000057220459,2200,0.0,0.0
2013-09-09 00:00:00-04:00,4.03000020980835,4.059999942779541,3.950000047683716,4.03000020980835,6900,0.0,0.0
2013-09-10 00:00:00-04:00,4.059999942779541,4.28000020980835,3.8299999237060547,3.950000047683716,18600,0.0,0.0
2013-09-11 00:00:00-04:00,3.9200000762939453,4.050000190734863,3.9200000762939453,4.050000190734863,4900,0.0,0.0
2013-09-12 00:00:00-04:00,4.150000095367432,4.190000057220459,4.050000190734863,4.070000171661377,3500,0.0,0.0
2013-09-13 00:00:00-04:00,3.950000047683716,4.059999942779541,3.950000047683716,4.059999942779541,800,0.0,0.0
2013-09-16 00:00:00-04:00,4.159999847412109,4.199999809265137,3.990000009536743,4.0,6500,0.0,0.0
2013-09-17 00:00:00-04:00,4.0,4.010000228881836,3.859999895095825,3.940000057220459,27400,0.0,0.0
2013-09-18 00:00:00-04:00,3.9800000190734863,3.9800000190734863,3.859999895095825,3.859999895095825,13600,0.0,0.0
2013-09-19 00:00:00-04:00,3.9200000762939453,3.9200000762939453,3.859999895095825,3.9100000858306885,7100,0.0,0.0
2013-09-20 00:00:00-04:00,3.869999885559082,3.9100000858306885,3.869999885559082,3.9100000858306885,1500,0.0,0.0
2013-09-23 00:00:00-04:00,3.9000000953674316,3.9200000762939453,3.799999952316284,3.799999952316284,6900,0.0,0.0
2013-09-24 00:00:00-04:00,3.700000047683716,3.700000047683716,3.509999990463257,3.5299999713897705,6500,0.0,0.0
2013-09-25 00:00:00-04:00,3.4800000190734863,3.640000104904175,3.4800000190734863,3.5999999046325684,5000,0.0,0.0
2013-09-26 00:00:00-04:00,3.5899999141693115,3.759999990463257,3.5899999141693115,3.609999895095825,3900,0.0,0.0
2013-09-27 00:00:00-04:00,3.5999999046325684,3.7100000381469727,3.5999999046325684,3.7100000381469727,5900,0.0,0.0
2013-09-30 00:00:00-04:00,3.5399999618530273,3.680000066757202,3.5,3.680000066757202,5400,0.0,0.0
2013-10-01 00:00:00-04:00,3.5999999046325684,3.700000047683716,3.559999942779541,3.640000104904175,2300,0.0,0.0
2013-10-02 00:00:00-04:00,3.549999952316284,3.690000057220459,3.549999952316284,3.690000057220459,3600,0.0,0.0
2013-10-03 00:00:00-04:00,3.549999952316284,3.690000057220459,3.549999952316284,3.690000057220459,1400,0.0,0.0
2013-10-04 00:00:00-04:00,3.5,3.680000066757202,3.5,3.6500000953674316,700,0.0,0.0
2013-10-07 00:00:00-04:00,3.700000047683716,4.150000095367432,3.700000047683716,4.050000190734863,10700,0.0,0.0
2013-10-08 00:00:00-04:00,4.130000114440918,4.489999771118164,3.950000047683716,4.019999980926514,47500,0.0,0.0
2013-10-09 00:00:00-04:00,4.019999980926514,4.380000114440918,4.019999980926514,4.150000095367432,3200,0.0,0.0
2013-10-10 00:00:00-04:00,4.199999809265137,4.349999904632568,4.070000171661377,4.179999828338623,5000,0.0,0.0
2013-10-11 00:00:00-04:00,4.300000190734863,4.300000190734863,3.9200000762939453,4.019999980926514,5700,0.0,0.0
2013-10-14 00:00:00-04:00,4.150000095367432,4.150000095367432,3.940000057220459,3.9600000381469727,2800,0.0,0.0
2013-10-15 00:00:00-04:00,3.9800000190734863,4.090000152587891,3.9800000190734863,4.090000152587891,2100,0.0,0.0
2013-10-16 00:00:00-04:00,4.139999866485596,4.949999809265137,3.7300000190734863,3.7300000190734863,106700,0.0,0.0
2013-10-17 00:00:00-04:00,3.880000114440918,4.050000190734863,3.809999942779541,4.019999980926514,13200,0.0,0.0
2013-10-18 00:00:00-04:00,4.03000020980835,4.139999866485596,3.809999942779541,3.990000009536743,6000,0.0,0.0
2013-10-21 00:00:00-04:00,4.400000095367432,4.400000095367432,4.010000228881836,4.130000114440918,15300,0.0,0.0
2013-10-22 00:00:00-04:00,4.139999866485596,4.199999809265137,4.019999980926514,4.019999980926514,1500,0.0,0.0
2013-10-23 00:00:00-04:00,4.050000190734863,4.050000190734863,3.859999895095825,4.050000190734863,600,0.0,0.0
2013-10-24 00:00:00-04:00,3.8299999237060547,4.050000190734863,3.8299999237060547,4.050000190734863,1100,0.0,0.0
2013-10-25 00:00:00-04:00,3.930000066757202,4.389999866485596,3.930000066757202,4.260000228881836,6900,0.0,0.0
2013-10-28 00:00:00-04:00,4.159999847412109,4.739999771118164,4.059999942779541,4.519999980926514,23800,0.0,0.0
2013-10-29 00:00:00-04:00,4.519999980926514,4.75,4.5,4.539999961853027,3600,0.0,0.0
2013-10-30 00:00:00-04:00,4.559999942779541,4.590000152587891,4.230000019073486,4.449999809265137,5700,0.0,0.0
2013-10-31 00:00:00-04:00,4.409999847412109,4.690000057220459,4.130000114440918,4.670000076293945,9900,0.0,0.0
2013-11-01 00:00:00-04:00,4.550000190734863,4.690000057220459,4.550000190734863,4.690000057220459,4500,0.0,0.0
2013-11-04 00:00:00-05:00,4.730000019073486,4.730000019073486,4.21999979019165,4.21999979019165,9600,0.0,0.0
2013-11-05 00:00:00-05:00,4.639999866485596,4.639999866485596,4.210000038146973,4.309999942779541,3500,0.0,0.0
2013-11-06 00:00:00-05:00,4.320000171661377,4.489999771118164,4.300000190734863,4.320000171661377,700,0.0,0.0
2013-11-07 00:00:00-05:00,4.389999866485596,4.420000076293945,4.099999904632568,4.179999828338623,12400,0.0,0.0
2013-11-08 00:00:00-05:00,4.099999904632568,4.130000114440918,4.099999904632568,4.099999904632568,3400,0.0,0.0
2013-11-11 00:00:00-05:00,4.099999904632568,4.199999809265137,3.9200000762939453,4.039999961853027,3100,0.0,0.0
2013-11-12 00:00:00-05:00,4.050000190734863,4.179999828338623,3.940000057220459,4.170000076293945,2300,0.0,0.0
2013-11-13 00:00:00-05:00,4.099999904632568,4.190000057220459,3.930000066757202,3.930000066757202,9000,0.0,0.0
2013-11-14 00:00:00-05:00,4.070000171661377,4.070000171661377,3.9800000190734863,3.9800000190734863,1400,0.0,0.0
2013-11-15 00:00:00-05:00,3.8299999237060547,3.9600000381469727,3.819999933242798,3.8499999046325684,4900,0.0,0.0
2013-11-18 00:00:00-05:00,3.759999990463257,3.9800000190734863,3.6500000953674316,3.6500000953674316,6300,0.0,0.0
2013-11-19 00:00:00-05:00,3.799999952316284,3.8399999141693115,3.5899999141693115,3.8399999141693115,6400,0.0,0.0
2013-11-20 00:00:00-05:00,3.9000000953674316,3.9000000953674316,3.7899999618530273,3.799999952316284,4100,0.0,0.0
2013-11-21 00:00:00-05:00,3.9100000858306885,4.190000057220459,3.9100000858306885,4.190000057220459,4600,0.0,0.0
2013-11-22 00:00:00-05:00,4.150000095367432,4.300000190734863,4.099999904632568,4.300000190734863,15700,0.0,0.0
2013-11-25 00:00:00-05:00,4.269999980926514,4.75,4.269999980926514,4.400000095367432,57400,0.0,0.0
2013-11-26 00:00:00-05:00,4.5,4.980000019073486,4.460000038146973,4.550000190734863,137900,0.0,0.0
2013-11-27 00:00:00-05:00,4.599999904632568,4.989999771118164,4.590000152587891,4.889999866485596,70100,0.0,0.0
2013-11-29 00:00:00-05:00,4.989999771118164,5.03000020980835,4.369999885559082,4.409999847412109,53700,0.0,0.0
2013-12-02 00:00:00-05:00,5.099999904632568,10.850000381469727,4.900000095367432,7.599999904632568,5375500,0.0,0.0
2013-12-03 00:00:00-05:00,7.21999979019165,9.170000076293945,7.059999942779541,7.329999923706055,1618600,0.0,0.0
2013-12-04 00:00:00-05:00,7.019999980926514,7.699999809265137,6.809999942779541,6.860000133514404,259900,0.0,0.0
2013-12-05 00:00:00-05:00,6.820000171661377,8.600000381469727,6.820000171661377,7.449999809265137,1155400,0.0,0.0
2013-12-06 00:00:00-05:00,9.140000343322754,9.649999618530273,7.889999866485596,8.399999618530273,1750100,0.0,0.0
2013-12-09 00:00:00-05:00,8.420000076293945,8.529999732971191,7.769999980926514,8.199999809265137,304100,0.0,0.0
2013-12-10 00:00:00-05:00,8.100000381469727,8.4399995803833,7.75,8.119999885559082,184200,0.0,0.0
2013-12-11 00:00:00-05:00,8.199999809265137,8.4399995803833,7.800000190734863,8.0,98100,0.0,0.0
2013-12-12 00:00:00-05:00,8.039999961853027,8.970000267028809,7.650000095367432,7.820000171661377,522400,0.0,0.0
2013-12-13 00:00:00-05:00,7.78000020980835,7.989999771118164,7.659999847412109,7.840000152587891,83800,0.0,0.0
2013-12-16 00:00:00-05:00,7.75,7.960000038146973,7.380000114440918,7.46999979019165,118900,0.0,0.0
2013-12-17 00:00:00-05:00,7.369999885559082,7.5,7.170000076293945,7.179999828338623,85500,0.0,0.0
2013-12-18 00:00:00-05:00,7.179999828338623,8.0,7.150000095367432,7.289999961853027,167300,0.0,0.0
2013-12-19 00:00:00-05:00,7.300000190734863,7.300000190734863,7.019999980926514,7.059999942779541,38300,0.0,0.0
2013-12-20 00:00:00-05:00,7.099999904632568,7.25,7.050000190734863,7.059999942779541,75300,0.0,0.0
2013-12-23 00:00:00-05:00,7.070000171661377,7.349999904632568,6.920000076293945,6.96999979019165,69700,0.0,0.0
2013-12-24 00:00:00-05:00,6.940000057220459,7.050000190734863,6.940000057220459,6.980000019073486,16300,0.0,0.0
2013-12-26 00:00:00-05:00,7.0,7.079999923706055,6.800000190734863,6.809999942779541,40700,0.0,0.0
2013-12-27 00:00:00-05:00,6.849999904632568,7.039999961853027,6.650000095367432,6.670000076293945,69300,0.0,0.0
2013-12-30 00:00:00-05:00,6.78000020980835,6.820000171661377,6.550000190734863,6.710000038146973,42000,0.0,0.0
2013-12-31 00:00:00-05:00,6.710000038146973,8.0,6.710000038146973,7.75,215700,0.0,0.0
2014-01-02 00:00:00-05:00,8.0,8.0,7.449999809265137,7.650000095367432,85600,0.0,0.0
2014-01-03 00:00:00-05:00,7.610000133514404,7.610000133514404,7.230000019073486,7.309999942779541,43400,0.0,0.0
2014-01-06 00:00:00-05:00,7.25,7.25,7.03000020980835,7.110000133514404,22500,0.0,0.0
2014-01-07 00:00:00-05:00,7.050000190734863,7.300000190734863,6.75,7.070000171661377,60200,0.0,0.0
2014-01-08 00:00:00-05:00,7.039999961853027,7.730000019073486,7.039999961853027,7.550000190734863,98100,0.0,0.0
2014-01-09 00:00:00-05:00,7.539999961853027,7.539999961853027,7.150000095367432,7.150000095367432,26200,0.0,0.0
2014-01-10 00:00:00-05:00,7.130000114440918,7.289999961853027,6.920000076293945,7.090000152587891,46100,0.0,0.0
2014-01-13 00:00:00-05:00,7.090000152587891,7.460000038146973,6.849999904632568,6.860000133514404,46200,0.0,0.0
2014-01-14 00:00:00-05:00,6.900000095367432,7.010000228881836,6.78000020980835,6.800000190734863,23900,0.0,0.0
2014-01-15 00:00:00-05:00,6.820000171661377,7.0,6.78000020980835,6.880000114440918,12400,0.0,0.0
2014-01-16 00:00:00-05:00,7.130000114440918,7.579999923706055,7.130000114440918,7.349999904632568,61100,0.0,0.0
2014-01-17 00:00:00-05:00,7.400000095367432,7.400000095367432,7.070000171661377,7.239999771118164,24100,0.0,0.0
2014-01-21 00:00:00-05:00,7.170000076293945,7.800000190734863,7.119999885559082,7.699999809265137,68500,0.0,0.0
2014-01-22 00:00:00-05:00,7.880000114440918,8.489999771118164,7.71999979019165,7.880000114440918,201900,0.0,0.0
2014-01-23 00:00:00-05:00,7.809999942779541,7.809999942779541,7.150000095367432,7.170000076293945,67500,0.0,0.0
2014-01-24 00:00:00-05:00,7.179999828338623,7.489999771118164,6.849999904632568,6.860000133514404,62900,0.0,0.0
2014-01-27 00:00:00-05:00,6.809999942779541,7.579999923706055,6.800000190734863,6.980000019073486,90500,0.0,0.0
2014-01-28 00:00:00-05:00,6.980000019073486,7.5,6.980000019073486,7.449999809265137,48100,0.0,0.0
2014-01-29 00:00:00-05:00,7.460000038146973,7.800000190734863,7.139999866485596,7.340000152587891,86300,0.0,0.0
2014-01-30 00:00:00-05:00,7.230000019073486,7.579999923706055,7.21999979019165,7.289999961853027,20500,0.0,0.0
2014-01-31 00:00:00-05:00,7.150000095367432,7.440000057220459,7.0,7.019999980926514,57000,0.0,0.0
2014-02-03 00:00:00-05:00,7.070000171661377,7.179999828338623,6.800000190734863,6.880000114440918,39900,0.0,0.0
2014-02-04 00:00:00-05:00,6.849999904632568,7.210000038146973,6.800000190734863,6.800000190734863,20100,0.0,0.0
2014-02-05 00:00:00-05:00,6.849999904632568,6.929999828338623,6.659999847412109,6.769999980926514,27900,0.0,0.0
2014-02-06 00:00:00-05:00,6.800000190734863,7.03000020980835,6.619999885559082,6.639999866485596,38200,0.0,0.0
2014-02-07 00:00:00-05:00,6.71999979019165,6.989999771118164,6.639999866485596,6.690000057220459,16400,0.0,0.0
2014-02-10 00:00:00-05:00,6.769999980926514,6.769999980926514,6.610000133514404,6.659999847412109,19500,0.0,0.0
2014-02-11 00:00:00-05:00,6.650000095367432,6.739999771118164,6.630000114440918,6.630000114440918,14600,0.0,0.0
2014-02-12 00:00:00-05:00,6.739999771118164,6.800000190734863,6.599999904632568,6.650000095367432,19400,0.0,0.0
2014-02-13 00:00:00-05:00,6.630000114440918,6.820000171661377,6.630000114440918,6.639999866485596,17800,0.0,0.0
2014-02-14 00:00:00-05:00,6.650000095367432,7.28000020980835,6.639999866485596,6.800000190734863,30900,0.0,0.0
2014-02-18 00:00:00-05:00,6.769999980926514,6.940000057220459,6.699999809265137,6.940000057220459,4700,0.0,0.0
2014-02-19 00:00:00-05:00,6.889999866485596,6.960000038146973,6.800000190734863,6.809999942779541,4900,0.0,0.0
2014-02-20 00:00:00-05:00,6.820000171661377,6.900000095367432,6.699999809265137,6.71999979019165,8700,0.0,0.0
2014-02-21 00:00:00-05:00,6.71999979019165,6.75,6.53000020980835,6.659999847412109,20100,0.0,0.0
2014-02-24 00:00:00-05:00,6.630000114440918,6.769999980926514,6.630000114440918,6.769999980926514,17000,0.0,0.0
2014-02-25 00:00:00-05:00,6.760000228881836,6.760000228881836,6.659999847412109,6.710000038146973,4300,0.0,0.0
2014-02-26 00:00:00-05:00,6.739999771118164,6.889999866485596,6.739999771118164,6.760000228881836,5800,0.0,0.0
2014-02-27 00:00:00-05:00,6.71999979019165,6.75,6.650000095367432,6.739999771118164,5600,0.0,0.0
2014-02-28 00:00:00-05:00,6.730000019073486,6.75,6.559999942779541,6.559999942779541,11900,0.0,0.0
2014-03-03 00:00:00-05:00,6.550000190734863,6.75,6.5,6.650000095367432,12700,0.0,0.0
2014-03-04 00:00:00-05:00,6.599999904632568,6.690000057220459,6.519999980926514,6.690000057220459,30400,0.0,0.0
2014-03-05 00:00:00-05:00,6.679999828338623,6.800000190734863,6.400000095367432,6.510000228881836,40400,0.0,0.0
2014-03-06 00:00:00-05:00,6.570000171661377,6.570000171661377,6.449999809265137,6.480000019073486,18800,0.0,0.0
2014-03-07 00:00:00-05:00,6.46999979019165,6.619999885559082,6.460000038146973,6.610000133514404,8200,0.0,0.0
2014-03-10 00:00:00-04:00,6.809999942779541,6.809999942779541,6.610000133514404,6.650000095367432,10300,0.0,0.0
2014-03-11 00:00:00-04:00,6.599999904632568,6.630000114440918,6.409999847412109,6.449999809265137,13700,0.0,0.0
2014-03-12 00:00:00-04:00,6.420000076293945,6.449999809265137,6.400000095367432,6.420000076293945,9600,0.0,0.0
2014-03-13 00:00:00-04:00,6.409999847412109,6.409999847412109,6.28000020980835,6.300000190734863,26900,0.0,0.0
2014-03-14 00:00:00-04:00,6.28000020980835,6.28000020980835,6.150000095367432,6.269999980926514,8100,0.0,0.0
2014-03-17 00:00:00-04:00,6.320000171661377,7.230000019073486,6.320000171661377,7.0,88400,0.0,0.0
2014-03-18 00:00:00-04:00,7.099999904632568,7.099999904632568,6.909999847412109,6.940000057220459,42500,0.0,0.0
2014-03-19 00:00:00-04:00,6.869999885559082,6.949999809265137,6.619999885559082,6.949999809265137,20400,0.0,0.0
2014-03-20 00:00:00-04:00,6.880000114440918,6.880000114440918,6.610000133514404,6.690000057220459,16000,0.0,0.0
2014-03-21 00:00:00-04:00,6.800000190734863,6.800000190734863,6.420000076293945,6.460000038146973,9800,0.0,0.0
2014-03-24 00:00:00-04:00,6.550000190734863,6.71999979019165,6.389999866485596,6.699999809265137,6900,0.0,0.0
2014-03-25 00:00:00-04:00,6.670000076293945,6.75,6.420000076293945,6.599999904632568,13800,0.0,0.0
2014-03-26 00:00:00-04:00,6.800000190734863,6.800000190734863,6.699999809265137,6.699999809265137,400,0.0,0.0
2014-03-27 00:00:00-04:00,6.699999809265137,6.699999809265137,6.400000095367432,6.429999828338623,2600,0.0,0.0
2014-03-28 00:00:00-04:00,6.429999828338623,6.690000057220459,6.429999828338623,6.539999961853027,34700,0.0,0.0
2014-03-31 00:00:00-04:00,6.639999866485596,6.699999809265137,6.550000190734863,6.559999942779541,7600,0.0,0.0
2014-04-01 00:00:00-04:00,6.650000095367432,6.730000019073486,6.550000190734863,6.599999904632568,12900,0.0,0.0
2014-04-02 00:00:00-04:00,6.550000190734863,6.699999809265137,6.369999885559082,6.369999885559082,6700,0.0,0.0
2014-04-03 00:00:00-04:00,6.329999923706055,6.400000095367432,6.139999866485596,6.25,6800,0.0,0.0
2014-04-04 00:00:00-04:00,6.559999942779541,6.690000057220459,6.5,6.570000171661377,11100,0.0,0.0
2014-04-07 00:00:00-04:00,6.619999885559082,6.650000095367432,6.369999885559082,6.599999904632568,7400,0.0,0.0
2014-04-08 00:00:00-04:00,6.619999885559082,6.699999809265137,6.309999942779541,6.369999885559082,5600,0.0,0.0
2014-04-09 00:00:00-04:00,6.980000019073486,6.980000019073486,5.940000057220459,6.71999979019165,35000,0.0,0.0
2014-04-10 00:00:00-04:00,6.71999979019165,6.71999979019165,6.300000190734863,6.300000190734863,24400,0.0,0.0
2014-04-11 00:00:00-04:00,6.309999942779541,6.400000095367432,6.039999961853027,6.099999904632568,36600,0.0,0.0
2014-04-14 00:00:00-04:00,5.0,5.619999885559082,4.789999961853027,4.789999961853027,142100,0.0,0.0
2014-04-15 00:00:00-04:00,4.789999961853027,4.789999961853027,4.150000095367432,4.210000038146973,84900,0.0,0.0
2014-04-16 00:00:00-04:00,4.25,4.650000095367432,4.110000133514404,4.409999847412109,42100,0.0,0.0
2014-04-17 00:00:00-04:00,4.650000095367432,4.650000095367432,4.300000190734863,4.320000171661377,16900,0.0,0.0
2014-04-21 00:00:00-04:00,4.400000095367432,4.400000095367432,4.150000095367432,4.300000190734863,21800,0.0,0.0
2014-04-22 00:00:00-04:00,4.300000190734863,4.5,4.130000114440918,4.150000095367432,12400,0.0,0.0
2014-04-23 00:00:00-04:00,4.230000019073486,4.400000095367432,4.170000076293945,4.340000152587891,7600,0.0,0.0
2014-04-24 00:00:00-04:00,4.309999942779541,4.420000076293945,4.21999979019165,4.21999979019165,9400,0.0,0.0
2014-04-25 00:00:00-04:00,4.179999828338623,4.199999809265137,4.119999885559082,4.179999828338623,8200,0.0,0.0
2014-04-28 00:00:00-04:00,4.179999828338623,4.210000038146973,4.03000020980835,4.03000020980835,17700,0.0,0.0
2014-04-29 00:00:00-04:00,4.010000228881836,4.190000057220459,4.0,4.0,9500,0.0,0.0
2014-04-30 00:00:00-04:00,3.990000009536743,4.03000020980835,3.9600000381469727,4.03000020980835,2500,0.0,0.0
2014-05-01 00:00:00-04:00,3.7899999618530273,4.0,3.7100000381469727,3.859999895095825,8200,0.0,0.0
2014-05-02 00:00:00-04:00,4.079999923706055,4.079999923706055,3.859999895095825,4.070000171661377,7400,0.0,0.0
2014-05-05 00:00:00-04:00,4.019999980926514,4.059999942779541,3.9200000762939453,4.010000228881836,5700,0.0,0.0
2014-05-06 00:00:00-04:00,4.019999980926514,4.019999980926514,3.9200000762939453,3.930000066757202,9700,0.0,0.0
2014-05-07 00:00:00-04:00,3.869999885559082,3.930000066757202,3.6500000953674316,3.930000066757202,7300,0.0,0.0
2014-05-08 00:00:00-04:00,3.9200000762939453,3.9200000762939453,3.8299999237060547,3.8299999237060547,8400,0.0,0.0
2014-05-09 00:00:00-04:00,3.819999933242798,3.990000009536743,3.799999952316284,3.809999942779541,5200,0.0,0.0
2014-05-12 00:00:00-04:00,3.809999942779541,3.9000000953674316,3.809999942779541,3.9000000953674316,13700,0.0,0.0
2014-05-13 00:00:00-04:00,3.859999895095825,3.930000066757202,3.799999952316284,3.930000066757202,8200,0.0,0.0
2014-05-14 00:00:00-04:00,3.819999933242798,3.9800000190734863,3.819999933242798,3.930000066757202,5700,0.0,0.0
2014-05-15 00:00:00-04:00,4.0,4.0,3.819999933242798,3.8499999046325684,3600,0.0,0.0
2014-05-16 00:00:00-04:00,3.930000066757202,3.990000009536743,3.809999942779541,3.940000057220459,4200,0.0,0.0
2014-05-19 00:00:00-04:00,3.990000009536743,4.440000057220459,3.859999895095825,4.340000152587891,23100,0.0,0.0
2014-05-20 00:00:00-04:00,4.239999771118164,4.440000057220459,4.119999885559082,4.21999979019165,7600,0.0,0.0
2014-05-21 00:00:00-04:00,4.400000095367432,4.5,4.28000020980835,4.300000190734863,12900,0.0,0.0
2014-05-22 00:00:00-04:00,4.349999904632568,4.440000057220459,4.25,4.25,24400,0.0,0.0
2014-05-23 00:00:00-04:00,4.349999904632568,4.349999904632568,4.28000020980835,4.320000171661377,1500,0.0,0.0
2014-05-27 00:00:00-04:00,4.320000171661377,4.510000228881836,4.21999979019165,4.239999771118164,24400,0.0,0.0
2014-05-28 00:00:00-04:00,4.650000095367432,4.949999809265137,4.239999771118164,4.369999885559082,42400,0.0,0.0
2014-05-29 00:00:00-04:00,4.519999980926514,4.75,4.119999885559082,4.159999847412109,33000,0.0,0.0
2014-05-30 00:00:00-04:00,4.199999809265137,4.300000190734863,4.119999885559082,4.179999828338623,7400,0.0,0.0
2014-06-02 00:00:00-04:00,4.21999979019165,4.559999942779541,4.150000095367432,4.21999979019165,22700,0.0,0.0
2014-06-03 00:00:00-04:00,4.21999979019165,4.25,4.050000190734863,4.079999923706055,24400,0.0,0.0
2014-06-04 00:00:00-04:00,4.079999923706055,4.119999885559082,3.9200000762939453,3.9800000190734863,26400,0.0,0.0
2014-06-05 00:00:00-04:00,3.950000047683716,3.9700000286102295,3.880000114440918,3.9700000286102295,15700,0.0,0.0
2014-06-06 00:00:00-04:00,4.300000190734863,4.300000190734863,4.21999979019165,4.21999979019165,300,0.0,0.0
2014-06-09 00:00:00-04:00,4.199999809265137,4.199999809265137,3.950000047683716,3.950000047683716,17000,0.0,0.0
2014-06-10 00:00:00-04:00,4.050000190734863,4.159999847412109,3.990000009536743,4.03000020980835,13800,0.0,0.0
2014-06-11 00:00:00-04:00,3.990000009536743,4.170000076293945,3.9200000762939453,3.990000009536743,37200,0.0,0.0
2014-06-12 00:00:00-04:00,3.859999895095825,3.990000009536743,3.7799999713897705,3.950000047683716,20400,0.0,0.0
2014-06-13 00:00:00-04:00,3.940000057220459,3.940000057220459,3.7799999713897705,3.799999952316284,12500,0.0,0.0
2014-06-16 00:00:00-04:00,3.7699999809265137,3.7899999618530273,3.7300000190734863,3.7699999809265137,4200,0.0,0.0
2014-06-17 00:00:00-04:00,3.700000047683716,4.349999904632568,3.700000047683716,4.25,88700,0.0,0.0
2014-06-18 00:00:00-04:00,4.320000171661377,4.550000190734863,4.25,4.260000228881836,105800,0.0,0.0
2014-06-19 00:00:00-04:00,4.369999885559082,4.699999809265137,4.03000020980835,4.190000057220459,28700,0.0,0.0
2014-06-20 00:00:00-04:00,4.159999847412109,4.159999847412109,3.9600000381469727,4.03000020980835,14800,0.0,0.0
2014-06-23 00:00:00-04:00,3.9700000286102295,4.099999904632568,3.7899999618530273,4.099999904632568,49600,0.0,0.0
2014-06-24 00:00:00-04:00,4.010000228881836,4.170000076293945,4.0,4.010000228881836,42500,0.0,0.0
2014-06-25 00:00:00-04:00,3.9600000381469727,3.9600000381469727,3.819999933242798,3.819999933242798,5300,0.0,0.0
2014-06-26 00:00:00-04:00,3.9000000953674316,4.0,3.7200000286102295,3.7200000286102295,13600,0.0,0.0
2014-06-27 00:00:00-04:00,3.8499999046325684,4.150000095367432,3.7200000286102295,3.809999942779541,38300,0.0,0.0
2014-06-30 00:00:00-04:00,3.9700000286102295,3.9700000286102295,3.9200000762939453,3.9700000286102295,2200,0.0,0.0
2014-07-01 00:00:00-04:00,3.990000009536743,4.03000020980835,3.930000066757202,3.950000047683716,12500,0.0,0.0
2014-07-02 00:00:00-04:00,3.940000057220459,4.059999942779541,3.890000104904175,3.9000000953674316,15000,0.0,0.0
2014-07-03 00:00:00-04:00,3.890000104904175,3.9700000286102295,3.75,3.9700000286102295,25800,0.0,0.0
2014-07-07 00:00:00-04:00,3.9700000286102295,4.28000020980835,3.869999885559082,4.199999809265137,283900,0.0,0.0
2014-07-08 00:00:00-04:00,4.079999923706055,4.139999866485596,3.9700000286102295,4.079999923706055,20300,0.0,0.0
2014-07-09 00:00:00-04:00,4.070000171661377,4.070000171661377,3.759999990463257,3.809999942779541,21000,0.0,0.0
2014-07-10 00:00:00-04:00,3.609999895095825,3.859999895095825,3.549999952316284,3.809999942779541,16700,0.0,0.0
2014-07-11 00:00:00-04:00,3.75,3.859999895095825,3.7300000190734863,3.8299999237060547,8000,0.0,0.0
2014-07-14 00:00:00-04:00,3.799999952316284,3.8499999046325684,3.5999999046325684,3.7899999618530273,41500,0.0,0.0
2014-07-15 00:00:00-04:00,3.8399999141693115,3.990000009536743,3.75,3.880000114440918,78900,0.0,0.0
2014-07-16 00:00:00-04:00,3.9000000953674316,3.9600000381469727,3.799999952316284,3.819999933242798,11000,0.0,0.0
2014-07-17 00:00:00-04:00,3.890000104904175,3.890000104904175,3.619999885559082,3.6600000858306885,13400,0.0,0.0
2014-07-18 00:00:00-04:00,3.7799999713897705,3.7799999713897705,3.6600000858306885,3.6700000762939453,1800,0.0,0.0
2014-07-21 00:00:00-04:00,3.6700000762939453,3.7200000286102295,3.6600000858306885,3.700000047683716,5100,0.0,0.0
2014-07-22 00:00:00-04:00,3.6700000762939453,3.819999933242798,3.4600000381469727,3.819999933242798,30600,0.0,0.0
2014-07-23 00:00:00-04:00,3.7899999618530273,3.9200000762939453,3.6600000858306885,3.6600000858306885,64600,0.0,0.0
2014-07-24 00:00:00-04:00,3.7300000190734863,3.799999952316284,3.700000047683716,3.700000047683716,1300,0.0,0.0
2014-07-25 00:00:00-04:00,3.690000057220459,3.799999952316284,3.6600000858306885,3.690000057220459,7800,0.0,0.0
2014-07-28 00:00:00-04:00,3.690000057220459,3.7699999809265137,3.6700000762939453,3.690000057220459,5200,0.0,0.0
2014-07-29 00:00:00-04:00,3.6700000762939453,3.7899999618530273,3.5999999046325684,3.6500000953674316,7000,0.0,0.0
2014-07-30 00:00:00-04:00,3.6600000858306885,3.6700000762939453,3.2799999713897705,3.490000009536743,55400,0.0,0.0
2014-07-31 00:00:00-04:00,3.440000057220459,3.509999990463257,3.3399999141693115,3.450000047683716,21900,0.0,0.0
2014-08-01 00:00:00-04:00,3.450000047683716,3.7699999809265137,3.4000000953674316,3.6500000953674316,42100,0.0,0.0
2014-08-04 00:00:00-04:00,3.700000047683716,3.700000047683716,3.390000104904175,3.390000104904175,11300,0.0,0.0
2014-08-05 00:00:00-04:00,3.4200000762939453,3.4700000286102295,3.390000104904175,3.4700000286102295,7500,0.0,0.0
2014-08-06 00:00:00-04:00,3.4200000762939453,3.490000009536743,3.380000114440918,3.4800000190734863,4000,0.0,0.0
2014-08-07 00:00:00-04:00,3.5,3.7799999713897705,3.380000114440918,3.700000047683716,163700,0.0,0.0
2014-08-08 00:00:00-04:00,3.440000057220459,3.680000066757202,3.4200000762939453,3.640000104904175,3100,0.0,0.0
2014-08-11 00:00:00-04:00,3.5999999046325684,3.7100000381469727,3.5999999046325684,3.700000047683716,2700,0.0,0.0
2014-08-12 00:00:00-04:00,3.700000047683716,3.700000047683716,3.630000114440918,3.630000114440918,8500,0.0,0.0
2014-08-13 00:00:00-04:00,3.609999895095825,3.609999895095825,3.359999895095825,3.5799999237060547,3300,0.0,0.0
2014-08-14 00:00:00-04:00,3.5799999237060547,3.700000047683716,3.509999990463257,3.5999999046325684,6500,0.0,0.0
2014-08-15 00:00:00-04:00,3.700000047683716,3.799999952316284,3.390000104904175,3.740000009536743,85500,0.0,0.0
2014-08-18 00:00:00-04:00,3.619999885559082,3.7799999713897705,3.5799999237060547,3.7799999713897705,2400,0.0,0.0
2014-08-19 00:00:00-04:00,3.7799999713897705,3.7799999713897705,3.6500000953674316,3.75,1500,0.0,0.0
2014-08-20 00:00:00-04:00,3.740000009536743,3.75,3.630000114440918,3.7300000190734863,14000,0.0,0.0
2014-08-21 00:00:00-04:00,3.690000057220459,3.740000009536743,3.369999885559082,3.490000009536743,41200,0.0,0.0
2014-08-22 00:00:00-04:00,3.740000009536743,3.740000009536743,3.2100000381469727,3.3399999141693115,13700,0.0,0.0
2014-08-25 00:00:00-04:00,3.3299999237060547,3.5799999237060547,3.3299999237060547,3.3299999237060547,4700,0.0,0.0
2014-08-26 00:00:00-04:00,3.299999952316284,3.4000000953674316,3.240000009536743,3.2799999713897705,3400,0.0,0.0
2014-08-27 00:00:00-04:00,3.5399999618530273,3.5399999618530273,3.0999999046325684,3.2799999713897705,10200,0.0,0.0
2014-08-28 00:00:00-04:00,3.2799999713897705,3.3399999141693115,3.2799999713897705,3.3299999237060547,4600,0.0,0.0
2014-08-29 00:00:00-04:00,3.299999952316284,3.309999942779541,3.1500000953674316,3.25,10000,0.0,0.0
2014-09-02 00:00:00-04:00,3.3499999046325684,3.3499999046325684,3.200000047683716,3.25,2800,0.0,0.0
2014-09-03 00:00:00-04:00,3.299999952316284,3.299999952316284,3.2300000190734863,3.2300000190734863,5100,0.0,0.0
2014-09-04 00:00:00-04:00,3.2899999618530273,3.380000114440918,3.2899999618530273,3.369999885559082,5700,0.0,0.0
2014-09-05 00:00:00-04:00,3.369999885559082,4.130000114440918,3.369999885559082,3.690000057220459,201000,0.0,0.0
2014-09-08 00:00:00-04:00,3.700000047683716,3.9100000858306885,3.5299999713897705,3.640000104904175,76700,0.0,0.0
2014-09-09 00:00:00-04:00,3.8499999046325684,3.9100000858306885,3.640000104904175,3.880000114440918,16700,0.0,0.0
2014-09-10 00:00:00-04:00,3.9000000953674316,4.300000190734863,3.75,3.940000057220459,84700,0.0,0.0
2014-09-11 00:00:00-04:00,4.099999904632568,4.179999828338623,3.890000104904175,4.099999904632568,30500,0.0,0.0
2014-09-12 00:00:00-04:00,4.150000095367432,4.210000038146973,4.03000020980835,4.199999809265137,18900,0.0,0.0
2014-09-15 00:00:00-04:00,4.28000020980835,4.389999866485596,4.079999923706055,4.389999866485596,35100,0.0,0.0
2014-09-16 00:00:00-04:00,4.5,4.739999771118164,4.380000114440918,4.420000076293945,110200,0.0,0.0
2014-09-17 00:00:00-04:00,4.460000038146973,4.460000038146973,4.050000190734863,4.050000190734863,45400,0.0,0.0
2014-09-18 00:00:00-04:00,4.0,4.320000171661377,3.9000000953674316,4.039999961853027,21000,0.0,0.0
2014-09-19 00:00:00-04:00,3.9700000286102295,4.199999809265137,3.9200000762939453,4.139999866485596,8300,0.0,0.0
2014-09-22 00:00:00-04:00,4.239999771118164,4.239999771118164,3.9100000858306885,3.9100000858306885,9100,0.0,0.0
2014-09-23 00:00:00-04:00,3.9200000762939453,4.300000190734863,3.9000000953674316,4.190000057220459,20200,0.0,0.0
2014-09-24 00:00:00-04:00,4.360000133514404,4.360000133514404,3.9600000381469727,4.099999904632568,10200,0.0,0.0
2014-09-25 00:00:00-04:00,4.03000020980835,4.28000020980835,3.940000057220459,3.940000057220459,4100,0.0,0.0
2014-09-26 00:00:00-04:00,4.110000133514404,4.230000019073486,4.019999980926514,4.070000171661377,14100,0.0,0.0
2014-09-29 00:00:00-04:00,4.409999847412109,4.409999847412109,4.090000152587891,4.289999961853027,12900,0.0,0.0
2014-09-30 00:00:00-04:00,4.300000190734863,4.389999866485596,4.150000095367432,4.230000019073486,5100,0.0,0.0
2014-10-01 00:00:00-04:00,4.139999866485596,4.21999979019165,4.03000020980835,4.130000114440918,1900,0.0,0.0
2014-10-02 00:00:00-04:00,4.130000114440918,4.21999979019165,3.9600000381469727,3.9600000381469727,7900,0.0,0.0
2014-10-03 00:00:00-04:00,4.039999961853027,4.110000133514404,4.039999961853027,4.110000133514404,700,0.0,0.0
2014-10-06 00:00:00-04:00,4.199999809265137,4.199999809265137,4.0,4.0,1900,0.0,0.0
2014-10-07 00:00:00-04:00,4.059999942779541,4.190000057220459,4.059999942779541,4.190000057220459,3500,0.0,0.0
2014-10-08 00:00:00-04:00,4.25,4.389999866485596,4.190000057220459,4.269999980926514,5900,0.0,0.0
2014-10-09 00:00:00-04:00,4.119999885559082,4.25,4.050000190734863,4.25,1600,0.0,0.0
2014-10-10 00:00:00-04:00,4.289999961853027,4.289999961853027,4.090000152587891,4.190000057220459,5400,0.0,0.0
2014-10-13 00:00:00-04:00,4.059999942779541,4.400000095367432,3.359999895095825,3.359999895095825,23600,0.0,0.0
2014-10-14 00:00:00-04:00,3.380000114440918,3.7300000190734863,3.3499999046325684,3.369999885559082,5100,0.0,0.0
2014-10-15 00:00:00-04:00,3.450000047683716,3.450000047683716,3.3299999237060547,3.3299999237060547,700,0.0,0.0
2014-10-16 00:00:00-04:00,3.2899999618530273,3.359999895095825,3.140000104904175,3.140000104904175,7300,0.0,0.0
2014-10-17 00:00:00-04:00,3.3399999141693115,3.4600000381469727,3.240000009536743,3.4600000381469727,4500,0.0,0.0
2014-10-20 00:00:00-04:00,3.4700000286102295,3.680000066757202,3.440000057220459,3.5399999618530273,2400,0.0,0.0
2014-10-21 00:00:00-04:00,3.690000057220459,3.809999942779541,3.690000057220459,3.700000047683716,4000,0.0,0.0
2014-10-22 00:00:00-04:00,3.680000066757202,4.400000095367432,3.680000066757202,3.950000047683716,41100,0.0,0.0
2014-10-23 00:00:00-04:00,3.890000104904175,3.890000104904175,3.5199999809265137,3.5199999809265137,12400,0.0,0.0
2014-10-24 00:00:00-04:00,3.5,3.7799999713897705,3.430000066757202,3.5,8600,0.0,0.0
2014-10-27 00:00:00-04:00,3.450000047683716,3.630000114440918,3.4100000858306885,3.630000114440918,10500,0.0,0.0
2014-10-28 00:00:00-04:00,3.5399999618530273,3.880000114440918,3.5399999618530273,3.799999952316284,8500,0.0,0.0
2014-10-29 00:00:00-04:00,3.7899999618530273,4.199999809265137,3.7899999618530273,4.190000057220459,9700,0.0,0.0
2014-10-30 00:00:00-04:00,4.039999961853027,4.199999809265137,4.0,4.0,2400,0.0,0.0
2014-10-31 00:00:00-04:00,4.010000228881836,4.010000228881836,3.7699999809265137,3.9000000953674316,5700,0.0,0.0
2014-11-03 00:00:00-05:00,3.7899999618530273,4.190000057220459,3.759999990463257,4.039999961853027,3000,0.0,0.0
2014-11-04 00:00:00-05:00,4.079999923706055,4.300000190734863,3.950000047683716,3.9600000381469727,15200,0.0,0.0
2014-11-05 00:00:00-05:00,4.199999809265137,4.199999809265137,3.930000066757202,3.930000066757202,5100,0.0,0.0
2014-11-06 00:00:00-05:00,4.179999828338623,4.179999828338623,3.950000047683716,3.950000047683716,1100,0.0,0.0
2014-11-07 00:00:00-05:00,3.950000047683716,4.090000152587891,3.8299999237060547,4.059999942779541,5400,0.0,0.0
2014-11-10 00:00:00-05:00,3.8399999141693115,4.050000190734863,3.8399999141693115,4.039999961853027,2400,0.0,0.0
2014-11-11 00:00:00-05:00,4.199999809265137,4.300000190734863,4.099999904632568,4.199999809265137,2000,0.0,0.0
2014-11-12 00:00:00-05:00,4.099999904632568,4.099999904632568,3.8499999046325684,3.9100000858306885,4800,0.0,0.0
2014-11-13 00:00:00-05:00,4.019999980926514,4.019999980926514,4.019999980926514,4.019999980926514,100,0.0,0.0
2014-11-14 00:00:00-05:00,4.099999904632568,4.199999809265137,4.099999904632568,4.199999809265137,4100,0.0,0.0
2014-11-17 00:00:00-05:00,4.230000019073486,4.230000019073486,4.0,4.130000114440918,11600,0.0,0.0
2014-11-18 00:00:00-05:00,4.199999809265137,4.300000190734863,3.6700000762939453,3.8299999237060547,23300,0.0,0.0
2014-11-19 00:00:00-05:00,4.050000190734863,4.050000190734863,3.680000066757202,3.700000047683716,9700,0.0,0.0
2014-11-20 00:00:00-05:00,3.759999990463257,3.799999952316284,3.5199999809265137,3.7100000381469727,3500,0.0,0.0
2014-11-21 00:00:00-05:00,3.6500000953674316,3.940000057220459,3.4100000858306885,3.809999942779541,21300,0.0,0.0
2014-11-24 00:00:00-05:00,3.799999952316284,3.940000057220459,3.609999895095825,3.740000009536743,3900,0.0,0.0
2014-11-25 00:00:00-05:00,3.930000066757202,3.930000066757202,3.7699999809265137,3.7699999809265137,1500,0.0,0.0
2014-11-26 00:00:00-05:00,3.9100000858306885,3.9100000858306885,3.7699999809265137,3.7699999809265137,2600,0.0,0.0
2014-11-28 00:00:00-05:00,3.9700000286102295,4.0,3.9000000953674316,3.9800000190734863,12500,0.0,0.0
2014-12-01 00:00:00-05:00,4.0,4.0,3.700000047683716,3.8399999141693115,4600,0.0,0.0
2014-12-02 00:00:00-05:00,3.799999952316284,4.179999828338623,3.7300000190734863,3.819999933242798,2800,0.0,0.0
2014-12-03 00:00:00-05:00,3.8499999046325684,4.0,3.799999952316284,3.890000104904175,5800,0.0,0.0
2014-12-04 00:00:00-05:00,3.799999952316284,3.8499999046325684,3.740000009536743,3.740000009536743,1100,0.0,0.0
2014-12-05 00:00:00-05:00,3.7300000190734863,3.799999952316284,3.630000114440918,3.759999990463257,4600,0.0,0.0
2014-12-08 00:00:00-05:00,3.759999990463257,3.759999990463257,3.759999990463257,3.759999990463257,0,0.0,0.0
2014-12-09 00:00:00-05:00,3.700000047683716,3.700000047683716,3.680000066757202,3.680000066757202,900,0.0,0.0
2014-12-10 00:00:00-05:00,3.7100000381469727,4.150000095367432,3.7100000381469727,3.9000000953674316,52600,0.0,0.0
2014-12-11 00:00:00-05:00,3.990000009536743,3.990000009536743,3.619999885559082,3.75,10600,0.0,0.0
2014-12-12 00:00:00-05:00,3.759999990463257,3.759999990463257,3.630000114440918,3.6500000953674316,2900,0.0,0.0
2014-12-15 00:00:00-05:00,3.680000066757202,3.8299999237060547,3.680000066757202,3.680000066757202,2000,0.0,0.0
2014-12-16 00:00:00-05:00,3.5999999046325684,3.690000057220459,3.4200000762939453,3.619999885559082,3300,0.0,0.0
2014-12-17 00:00:00-05:00,3.4000000953674316,3.640000104904175,3.4000000953674316,3.630000114440918,600,0.0,0.0
2014-12-18 00:00:00-05:00,3.509999990463257,3.6600000858306885,3.299999952316284,3.6600000858306885,5800,0.0,0.0
2014-12-19 00:00:00-05:00,3.5299999713897705,3.5299999713897705,3.4000000953674316,3.450000047683716,3000,0.0,0.0
2014-12-22 00:00:00-05:00,3.390000104904175,3.509999990463257,3.390000104904175,3.509999990463257,3300,0.0,0.0
2014-12-23 00:00:00-05:00,3.4000000953674316,3.4000000953674316,3.259999990463257,3.2899999618530273,3200,0.0,0.0
2014-12-24 00:00:00-05:00,3.200000047683716,3.4800000190734863,3.200000047683716,3.4800000190734863,3400,0.0,0.0
2014-12-26 00:00:00-05:00,3.2200000286102295,3.390000104904175,3.2200000286102295,3.380000114440918,4100,0.0,0.0
2014-12-29 00:00:00-05:00,3.4700000286102295,3.4700000286102295,3.299999952316284,3.299999952316284,4200,0.0,0.0
2014-12-30 00:00:00-05:00,3.440000057220459,3.440000057220459,3.200000047683716,3.319999933242798,2600,0.0,0.0
2014-12-31 00:00:00-05:00,3.440000057220459,3.490000009536743,3.0199999809265137,3.1600000858306885,74000,0.0,0.0
2015-01-02 00:00:00-05:00,3.2699999809265137,3.2799999713897705,3.2699999809265137,3.2799999713897705,300,0.0,0.0
2015-01-05 00:00:00-05:00,3.2699999809265137,3.4700000286102295,3.180000066757202,3.299999952316284,6800,0.0,0.0
2015-01-06 00:00:00-05:00,3.380000114440918,3.380000114440918,3.299999952316284,3.3299999237060547,600,0.0,0.0
2015-01-07 00:00:00-05:00,3.4700000286102295,3.4700000286102295,3.4700000286102295,3.4700000286102295,100,0.0,0.0
2015-01-08 00:00:00-05:00,3.380000114440918,3.4600000381469727,3.2200000286102295,3.4100000858306885,1000,0.0,0.0
2015-01-09 00:00:00-05:00,3.130000114440918,3.3499999046325684,3.119999885559082,3.25,9000,0.0,0.0
2015-01-12 00:00:00-05:00,3.440000057220459,3.440000057220459,3.299999952316284,3.299999952316284,300,0.0,0.0
2015-01-13 00:00:00-05:00,3.299999952316284,3.299999952316284,3.1500000953674316,3.2699999809265137,6100,0.0,0.0
2015-01-14 00:00:00-05:00,3.2699999809265137,3.2699999809265137,3.2699999809265137,3.2699999809265137,200,0.0,0.0
2015-01-15 00:00:00-05:00,3.190000057220459,3.190000057220459,3.190000057220459,3.190000057220459,2400,0.0,0.0
2015-01-16 00:00:00-05:00,3.25,3.4200000762939453,3.109999895095825,3.380000114440918,45000,0.0,0.0
2015-01-20 00:00:00-05:00,3.4200000762939453,3.4200000762939453,3.299999952316284,3.299999952316284,9300,0.0,0.0
2015-01-21 00:00:00-05:00,3.4000000953674316,3.4000000953674316,3.25,3.25,25400,0.0,0.0
2015-01-22 00:00:00-05:00,3.240000009536743,3.319999933242798,3.1700000762939453,3.180000066757202,8300,0.0,0.0
2015-01-23 00:00:00-05:00,3.1500000953674316,3.3399999141693115,3.0999999046325684,3.0999999046325684,5300,0.0,0.0
2015-01-26 00:00:00-05:00,3.0799999237060547,3.369999885559082,3.0,3.2300000190734863,29100,0.0,0.0
2015-01-27 00:00:00-05:00,3.0299999713897705,3.190000057220459,3.009999990463257,3.190000057220459,2100,0.0,0.0
2015-01-28 00:00:00-05:00,3.0999999046325684,3.140000104904175,3.0999999046325684,3.140000104904175,200,0.0,0.0
2015-01-29 00:00:00-05:00,3.2300000190734863,3.2300000190734863,3.059999942779541,3.059999942779541,200,0.0,0.0
2015-01-30 00:00:00-05:00,3.200000047683716,3.200000047683716,3.0999999046325684,3.0999999046325684,1500,0.0,0.0
2015-02-02 00:00:00-05:00,3.1700000762939453,3.240000009536743,3.0999999046325684,3.2100000381469727,4700,0.0,0.0
2015-02-03 00:00:00-05:00,3.049999952316284,3.299999952316284,3.009999990463257,3.0999999046325684,9900,0.0,0.0
2015-02-04 00:00:00-05:00,3.2200000286102295,3.2200000286102295,3.059999942779541,3.059999942779541,1700,0.0,0.0
2015-02-05 00:00:00-05:00,3.059999942779541,3.2100000381469727,3.059999942779541,3.2100000381469727,5000,0.0,0.0
2015-02-06 00:00:00-05:00,3.200000047683716,3.200000047683716,3.1500000953674316,3.1500000953674316,2400,0.0,0.0
2015-02-09 00:00:00-05:00,3.2100000381469727,3.2300000190734863,3.2100000381469727,3.2300000190734863,1000,0.0,0.0
2015-02-10 00:00:00-05:00,3.190000057220459,3.200000047683716,3.1600000858306885,3.190000057220459,1100,0.0,0.0
2015-02-11 00:00:00-05:00,3.1600000858306885,3.190000057220459,3.0999999046325684,3.0999999046325684,400,0.0,0.0
2015-02-12 00:00:00-05:00,3.2200000286102295,3.2200000286102295,3.119999885559082,3.119999885559082,2100,0.0,0.0
2015-02-13 00:00:00-05:00,3.2200000286102295,3.2200000286102295,3.119999885559082,3.119999885559082,4000,0.0,0.0
2015-02-17 00:00:00-05:00,3.2200000286102295,3.2200000286102295,3.109999895095825,3.2100000381469727,3100,0.0,0.0
2015-02-18 00:00:00-05:00,3.0899999141693115,3.2100000381469727,3.0299999713897705,3.0999999046325684,9600,0.0,0.0
2015-02-19 00:00:00-05:00,3.109999895095825,3.200000047683716,3.109999895095825,3.190000057220459,5500,0.0,0.0
2015-02-20 00:00:00-05:00,3.130000114440918,3.180000066757202,3.0,3.0999999046325684,11700,0.0,0.0
2015-02-23 00:00:00-05:00,3.059999942779541,3.190000057220459,3.0,3.0899999141693115,3500,0.0,0.0
2015-02-24 00:00:00-05:00,3.0199999809265137,3.1600000858306885,3.0199999809265137,3.119999885559082,2300,0.0,0.0
2015-02-25 00:00:00-05:00,3.0299999713897705,3.069999933242798,3.0199999809265137,3.069999933242798,1500,0.0,0.0
2015-02-26 00:00:00-05:00,3.180000066757202,3.180000066757202,3.130000114440918,3.130000114440918,600,0.0,0.0
2015-02-27 00:00:00-05:00,3.0299999713897705,3.059999942779541,2.9100000858306885,2.9800000190734863,3800,0.0,0.0
2015-03-02 00:00:00-05:00,3.049999952316284,3.119999885559082,2.9800000190734863,3.059999942779541,1800,0.0,0.0
2015-03-03 00:00:00-05:00,3.069999933242798,3.0999999046325684,2.859999895095825,3.0,3300,0.0,0.0
2015-03-04 00:00:00-05:00,3.0999999046325684,3.0999999046325684,2.9100000858306885,2.9100000858306885,700,0.0,0.0
2015-03-05 00:00:00-05:00,3.0999999046325684,3.0999999046325684,2.7899999618530273,2.8499999046325684,8400,0.0,0.0
2015-03-06 00:00:00-05:00,2.9000000953674316,3.069999933242798,2.890000104904175,3.069999933242798,3300,0.0,0.0
2015-03-09 00:00:00-04:00,3.009999990463257,3.009999990463257,2.9100000858306885,2.9200000762939453,2000,0.0,0.0
2015-03-10 00:00:00-04:00,2.9200000762939453,3.0,2.799999952316284,3.0,4600,0.0,0.0
2015-03-11 00:00:00-04:00,2.940000057220459,2.990000009536743,2.8499999046325684,2.9200000762939453,1200,0.0,0.0
2015-03-12 00:00:00-04:00,2.809999942779541,3.0,2.809999942779541,2.819999933242798,500,0.0,0.0
2015-03-13 00:00:00-04:00,2.809999942779541,2.9800000190734863,2.809999942779541,2.880000114440918,1600,0.0,0.0
2015-03-16 00:00:00-04:00,2.9000000953674316,2.9600000381469727,2.809999942779541,2.819999933242798,4100,0.0,0.0
2015-03-17 00:00:00-04:00,2.9000000953674316,2.940000057220459,2.809999942779541,2.809999942779541,2500,0.0,0.0
2015-03-18 00:00:00-04:00,2.9200000762939453,2.9200000762939453,2.700000047683716,2.890000104904175,3400,0.0,0.0
2015-03-19 00:00:00-04:00,2.8299999237060547,2.9200000762939453,2.4000000953674316,2.450000047683716,41500,0.0,0.0
2015-03-20 00:00:00-04:00,2.450000047683716,2.759999990463257,2.4000000953674316,2.4100000858306885,12700,0.0,0.0
2015-03-23 00:00:00-04:00,2.5999999046325684,2.5999999046325684,2.430000066757202,2.490000009536743,3100,0.0,0.0
2015-03-24 00:00:00-04:00,2.440000057220459,2.4800000190734863,2.430000066757202,2.430000066757202,1700,0.0,0.0
2015-03-25 00:00:00-04:00,2.5799999237060547,2.5799999237060547,2.240000009536743,2.359999895095825,19600,0.0,0.0
2015-03-26 00:00:00-04:00,2.130000114440918,2.309999942779541,2.119999885559082,2.200000047683716,13100,0.0,0.0
2015-03-27 00:00:00-04:00,2.2100000381469727,2.2100000381469727,2.0999999046325684,2.1600000858306885,8100,0.0,0.0
2015-03-30 00:00:00-04:00,2.200000047683716,2.200000047683716,2.1500000953674316,2.1500000953674316,3700,0.0,0.0
2015-03-31 00:00:00-04:00,2.1500000953674316,2.180000066757202,1.9700000286102295,2.069999933242798,31300,0.0,0.0
2015-04-01 00:00:00-04:00,1.9800000190734863,2.069999933242798,1.9199999570846558,1.9600000381469727,14900,0.0,0.0
2015-04-02 00:00:00-04:00,2.359999895095825,2.359999895095825,1.809999942779541,2.0,35300,0.0,0.0
2015-04-06 00:00:00-04:00,2.0899999141693115,2.1700000762939453,2.049999952316284,2.1700000762939453,6300,0.0,0.0
2015-04-07 00:00:00-04:00,2.2300000190734863,2.299999952316284,2.109999895095825,2.190000057220459,8300,0.0,0.0
2015-04-08 00:00:00-04:00,2.2699999809265137,2.2699999809265137,2.140000104904175,2.25,1300,0.0,0.0
2015-04-09 00:00:00-04:00,2.369999885559082,2.369999885559082,2.2100000381469727,2.299999952316284,4300,0.0,0.0
2015-04-10 00:00:00-04:00,2.3399999141693115,2.3399999141693115,2.2699999809265137,2.2699999809265137,500,0.0,0.0
2015-04-13 00:00:00-04:00,2.259999990463257,2.2699999809265137,2.180000066757202,2.259999990463257,2700,0.0,0.0
2015-04-14 00:00:00-04:00,2.369999885559082,2.369999885559082,2.299999952316284,2.299999952316284,1900,0.0,0.0
2015-04-15 00:00:00-04:00,2.299999952316284,2.299999952316284,2.299999952316284,2.299999952316284,0,0.0,0.0
2015-04-16 00:00:00-04:00,2.2799999713897705,2.5,2.2300000190734863,2.309999942779541,43400,0.0,0.0
2015-04-17 00:00:00-04:00,2.4000000953674316,2.4000000953674316,2.3299999237060547,2.3299999237060547,300,0.0,0.0
2015-04-20 00:00:00-04:00,2.490000009536743,2.490000009536743,2.259999990463257,2.380000114440918,11100,0.0,0.0
2015-04-21 00:00:00-04:00,2.450000047683716,2.450000047683716,2.2300000190734863,2.359999895095825,13800,0.0,0.0
2015-04-22 00:00:00-04:00,2.2699999809265137,2.3299999237060547,2.2699999809265137,2.3299999237060547,800,0.0,0.0
2015-04-23 00:00:00-04:00,2.259999990463257,2.3499999046325684,2.2200000286102295,2.3399999141693115,3900,0.0,0.0
2015-04-24 00:00:00-04:00,2.2200000286102295,2.25,2.140000104904175,2.2200000286102295,7100,0.0,0.0
2015-04-27 00:00:00-04:00,2.319999933242798,2.319999933242798,2.25,2.2699999809265137,1100,0.0,0.0
2015-04-28 00:00:00-04:00,2.319999933242798,2.319999933242798,2.259999990463257,2.299999952316284,1700,0.0,0.0
2015-04-29 00:00:00-04:00,2.200000047683716,2.299999952316284,2.200000047683716,2.200000047683716,2800,0.0,0.0
2015-04-30 00:00:00-04:00,2.140000104904175,2.240000009536743,2.140000104904175,2.2200000286102295,7200,0.0,0.0
2015-05-01 00:00:00-04:00,2.25,4.0,2.25,3.049999952316284,904900,0.0,0.0
2015-05-04 00:00:00-04:00,3.049999952316284,3.2699999809265137,2.809999942779541,2.8299999237060547,78200,0.0,0.0
2015-05-05 00:00:00-04:00,2.9000000953674316,2.9000000953674316,2.640000104904175,2.700000047683716,46400,0.0,0.0
2015-05-06 00:00:00-04:00,2.819999933242798,2.8499999046325684,2.640000104904175,2.640000104904175,29200,0.0,0.0
2015-05-07 00:00:00-04:00,2.700000047683716,2.7300000190734863,2.509999990463257,2.5799999237060547,25600,0.0,0.0
2015-05-08 00:00:00-04:00,2.5999999046325684,2.6600000858306885,2.450000047683716,2.5199999809265137,37200,0.0,0.0
2015-05-11 00:00:00-04:00,2.6500000953674316,2.6500000953674316,2.509999990463257,2.549999952316284,12200,0.0,0.0
2015-05-12 00:00:00-04:00,2.5399999618530273,2.75,2.5,2.75,13700,0.0,0.0
2015-05-13 00:00:00-04:00,2.7899999618530273,2.819999933242798,2.5999999046325684,2.6700000762939453,11200,0.0,0.0
2015-05-14 00:00:00-04:00,2.700000047683716,2.75,2.509999990463257,2.5999999046325684,6700,0.0,0.0
2015-05-15 00:00:00-04:00,2.700000047683716,2.700000047683716,2.619999885559082,2.6500000953674316,1700,0.0,0.0
2015-05-18 00:00:00-04:00,2.690000057220459,3.299999952316284,2.5999999046325684,2.940000057220459,38100,0.0,0.0
2015-05-19 00:00:00-04:00,3.009999990463257,3.25,2.9000000953674316,2.9700000286102295,22000,0.0,0.0
2015-05-20 00:00:00-04:00,3.190000057220459,3.190000057220459,2.9600000381469727,3.069999933242798,13200,0.0,0.0
2015-05-21 00:00:00-04:00,2.9000000953674316,3.1500000953674316,2.9000000953674316,3.0799999237060547,16200,0.0,0.0
2015-05-22 00:00:00-04:00,3.0,3.0899999141693115,2.9200000762939453,3.0899999141693115,1700,0.0,0.0
2015-05-26 00:00:00-04:00,3.0999999046325684,3.200000047683716,2.9100000858306885,2.930000066757202,2800,0.0,0.0
2015-05-27 00:00:00-04:00,3.049999952316284,3.049999952316284,2.950000047683716,2.950000047683716,200,0.0,0.0
2015-05-28 00:00:00-04:00,3.0,3.569999933242798,2.7100000381469727,2.799999952316284,75300,0.0,0.0
2015-05-29 00:00:00-04:00,2.7899999618530273,2.9100000858306885,2.7200000286102295,2.75,9000,0.0,0.0
2015-06-01 00:00:00-04:00,2.7100000381469727,2.9700000286102295,2.700000047683716,2.809999942779541,8900,0.0,0.0
2015-06-02 00:00:00-04:00,2.869999885559082,2.9100000858306885,2.7699999809265137,2.7699999809265137,1700,0.0,0.0
2015-06-03 00:00:00-04:00,2.9600000381469727,3.0,2.7899999618530273,2.799999952316284,9000,0.0,0.0
2015-06-04 00:00:00-04:00,2.7799999713897705,2.809999942779541,2.740000009536743,2.759999990463257,6500,0.0,0.0
2015-06-05 00:00:00-04:00,2.7300000190734863,2.799999952316284,2.549999952316284,2.6500000953674316,12300,0.0,0.0
2015-06-08 00:00:00-04:00,2.5899999141693115,2.7799999713897705,2.5899999141693115,2.690000057220459,2200,0.0,0.0
2015-06-09 00:00:00-04:00,2.7899999618530273,2.7899999618530273,2.640000104904175,2.7200000286102295,1700,0.0,0.0
2015-06-10 00:00:00-04:00,2.6700000762939453,2.6700000762939453,2.559999942779541,2.559999942779541,4000,0.0,0.0
2015-06-11 00:00:00-04:00,2.7200000286102295,2.7200000286102295,2.5199999809265137,2.5299999713897705,6800,0.0,0.0
2015-06-12 00:00:00-04:00,2.559999942779541,2.569999933242798,2.5199999809265137,2.569999933242798,700,0.0,0.0
2015-06-15 00:00:00-04:00,2.569999933242798,2.569999933242798,2.569999933242798,2.569999933242798,0,0.0,0.0
2015-06-16 00:00:00-04:00,2.5,2.5399999618530273,2.5,2.5399999618530273,500,0.0,0.0
2015-06-17 00:00:00-04:00,2.5799999237060547,2.5799999237060547,2.440000057220459,2.509999990463257,2900,0.0,0.0
2015-06-18 00:00:00-04:00,2.5399999618530273,2.740000009536743,2.5399999618530273,2.740000009536743,8600,0.0,0.0
2015-06-19 00:00:00-04:00,2.75,2.75,2.700000047683716,2.700000047683716,300,0.0,0.0
2015-06-22 00:00:00-04:00,2.700000047683716,2.700000047683716,2.700000047683716,2.700000047683716,0,0.0,0.0
2015-06-23 00:00:00-04:00,2.559999942779541,2.640000104904175,2.549999952316284,2.640000104904175,2500,0.0,0.0
2015-06-24 00:00:00-04:00,2.5299999713897705,2.6700000762939453,2.5299999713897705,2.559999942779541,1700,0.0,0.0
2015-06-25 00:00:00-04:00,2.5999999046325684,2.700000047683716,2.5199999809265137,2.6500000953674316,3500,0.0,0.0
2015-06-26 00:00:00-04:00,2.6600000858306885,2.6600000858306885,2.559999942779541,2.559999942779541,2800,0.0,0.0
2015-06-29 00:00:00-04:00,2.430000066757202,2.440000057220459,2.4000000953674316,2.430000066757202,3800,0.0,0.0
2015-06-30 00:00:00-04:00,2.5899999141693115,2.5899999141693115,2.5899999141693115,2.5899999141693115,400,0.0,0.0
2015-07-01 00:00:00-04:00,2.509999990463257,2.509999990463257,2.2699999809265137,2.319999933242798,12600,0.0,0.0
2015-07-02 00:00:00-04:00,2.3499999046325684,2.4100000858306885,2.200000047683716,2.4100000858306885,2500,0.0,0.0
2015-07-06 00:00:00-04:00,2.1700000762939453,2.359999895095825,2.119999885559082,2.359999895095825,10000,0.0,0.0
2015-07-07 00:00:00-04:00,2.1500000953674316,2.2699999809265137,2.130000114440918,2.2300000190734863,2600,0.0,0.0
2015-07-08 00:00:00-04:00,2.2899999618530273,2.2899999618530273,2.200000047683716,2.200000047683716,600,0.0,0.0
2015-07-09 00:00:00-04:00,2.309999942779541,2.309999942779541,2.309999942779541,2.309999942779541,100,0.0,0.0
2015-07-10 00:00:00-04:00,2.309999942779541,2.309999942779541,2.309999942779541,2.309999942779541,0,0.0,0.0
2015-07-13 00:00:00-04:00,2.509999990463257,2.700000047683716,2.0999999046325684,2.4000000953674316,92400,0.0,0.0
2015-07-14 00:00:00-04:00,2.390000104904175,2.6700000762939453,2.3499999046325684,2.4000000953674316,13000,0.0,0.0
2015-07-15 00:00:00-04:00,2.380000114440918,2.549999952316284,2.200000047683716,2.4800000190734863,4300,0.0,0.0
2015-07-16 00:00:00-04:00,2.200000047683716,2.450000047683716,2.200000047683716,2.440000057220459,5600,0.0,0.0
2015-07-17 00:00:00-04:00,2.319999933242798,2.430000066757202,2.259999990463257,2.3499999046325684,1900,0.0,0.0
2015-07-20 00:00:00-04:00,2.359999895095825,2.359999895095825,2.25,2.25,2300,0.0,0.0
2015-07-21 00:00:00-04:00,2.25,2.25,2.109999895095825,2.1600000858306885,15800,0.0,0.0
2015-07-22 00:00:00-04:00,2.1500000953674316,2.190000057220459,2.1500000953674316,2.190000057220459,3100,0.0,0.0
2015-07-23 00:00:00-04:00,2.200000047683716,2.200000047683716,2.200000047683716,2.200000047683716,400,0.0,0.0
2015-07-24 00:00:00-04:00,2.119999885559082,2.1500000953674316,2.0799999237060547,2.0799999237060547,9200,0.0,0.0
2015-07-27 00:00:00-04:00,2.190000057220459,2.299999952316284,2.190000057220459,2.240000009536743,13800,0.0,0.0
2015-07-28 00:00:00-04:00,2.2899999618530273,2.359999895095825,2.2300000190734863,2.2300000190734863,3200,0.0,0.0
2015-07-29 00:00:00-04:00,2.299999952316284,2.299999952316284,2.299999952316284,2.299999952316284,100,0.0,0.0
2015-07-30 00:00:00-04:00,2.299999952316284,2.299999952316284,2.1700000762939453,2.2300000190734863,3200,0.0,0.0
2015-07-31 00:00:00-04:00,2.140000104904175,2.299999952316284,2.140000104904175,2.240000009536743,6100,0.0,0.0
2015-08-03 00:00:00-04:00,2.1500000953674316,2.200000047683716,2.119999885559082,2.130000114440918,4600,0.0,0.0
2015-08-04 00:00:00-04:00,2.140000104904175,2.299999952316284,2.119999885559082,2.2100000381469727,11700,0.0,0.0
2015-08-05 00:00:00-04:00,2.2899999618530273,2.309999942779541,2.1600000858306885,2.190000057220459,4300,0.0,0.0
2015-08-06 00:00:00-04:00,2.0999999046325684,2.240000009536743,2.0999999046325684,2.109999895095825,8400,0.0,0.0
2015-08-07 00:00:00-04:00,2.140000104904175,2.190000057220459,2.140000104904175,2.190000057220459,200,0.0,0.0
2015-08-10 00:00:00-04:00,2.190000057220459,2.190000057220459,2.190000057220459,2.190000057220459,0,0.0,0.0
2015-08-11 00:00:00-04:00,2.2300000190734863,2.2300000190734863,2.1500000953674316,2.180000066757202,1900,0.0,0.0
2015-08-12 00:00:00-04:00,2.2100000381469727,2.240000009536743,2.0999999046325684,2.240000009536743,14300,0.0,0.0
2015-08-13 00:00:00-04:00,2.240000009536743,2.240000009536743,2.240000009536743,2.240000009536743,0,0.0,0.0
2015-08-14 00:00:00-04:00,2.2799999713897705,2.2799999713897705,2.2300000190734863,2.2300000190734863,5600,0.0,0.0
2015-08-17 00:00:00-04:00,2.2899999618530273,2.4000000953674316,2.1500000953674316,2.3499999046325684,10200,0.0,0.0
2015-08-18 00:00:00-04:00,2.3499999046325684,2.3499999046325684,2.259999990463257,2.319999933242798,2300,0.0,0.0
2015-08-19 00:00:00-04:00,2.490000009536743,2.490000009536743,2.2100000381469727,2.2300000190734863,2800,0.0,0.0
2015-08-20 00:00:00-04:00,2.4800000190734863,2.4800000190734863,2.25,2.25,4600,0.0,0.0
2015-08-21 00:00:00-04:00,2.180000066757202,2.369999885559082,2.180000066757202,2.369999885559082,1100,0.0,0.0
2015-08-24 00:00:00-04:00,2.3499999046325684,2.3499999046325684,2.119999885559082,2.299999952316284,13700,0.0,0.0
2015-08-25 00:00:00-04:00,2.200000047683716,2.680000066757202,2.0999999046325684,2.25,15200,0.0,0.0
2015-08-26 00:00:00-04:00,2.259999990463257,2.299999952316284,2.140000104904175,2.2200000286102295,1200,0.0,0.0
2015-08-27 00:00:00-04:00,2.25,2.259999990463257,2.109999895095825,2.240000009536743,5600,0.0,0.0
2015-08-28 00:00:00-04:00,2.2100000381469727,2.259999990463257,2.140000104904175,2.1700000762939453,3400,0.0,0.0
2015-08-31 00:00:00-04:00,2.1700000762939453,2.259999990463257,2.1700000762939453,2.25,2900,0.0,0.0
2015-09-01 00:00:00-04:00,2.1500000953674316,2.25,2.1500000953674316,2.25,300,0.0,0.0
2015-09-02 00:00:00-04:00,2.140000104904175,2.140000104904175,2.069999933242798,2.109999895095825,5700,0.0,0.0
2015-09-03 00:00:00-04:00,2.109999895095825,2.109999895095825,2.0799999237060547,2.0799999237060547,2900,0.0,0.0
2015-09-04 00:00:00-04:00,2.069999933242798,2.1700000762939453,2.069999933242798,2.140000104904175,2300,0.0,0.0
2015-09-08 00:00:00-04:00,2.200000047683716,2.440000057220459,2.200000047683716,2.2699999809265137,47400,0.0,0.0
2015-09-09 00:00:00-04:00,2.2699999809265137,2.299999952316284,2.259999990463257,2.259999990463257,1000,0.0,0.0
2015-09-10 00:00:00-04:00,2.2100000381469727,2.2100000381469727,2.180000066757202,2.2100000381469727,11600,0.0,0.0
2015-09-11 00:00:00-04:00,2.200000047683716,2.450000047683716,2.200000047683716,2.2799999713897705,5700,0.0,0.0
2015-09-14 00:00:00-04:00,2.2799999713897705,2.2799999713897705,2.2799999713897705,2.2799999713897705,0,0.0,0.0
2015-09-15 00:00:00-04:00,2.2799999713897705,2.2799999713897705,2.2799999713897705,2.2799999713897705,0,0.0,0.0
2015-09-16 00:00:00-04:00,2.309999942779541,2.309999942779541,2.309999942779541,2.309999942779541,200,0.0,0.0
2015-09-17 00:00:00-04:00,2.2799999713897705,2.2799999713897705,2.200000047683716,2.2799999713897705,3300,0.0,0.0
2015-09-18 00:00:00-04:00,2.240000009536743,2.240000009536743,2.240000009536743,2.240000009536743,600,0.0,0.0
2015-09-21 00:00:00-04:00,2.259999990463257,2.4200000762939453,2.259999990463257,2.2699999809265137,3000,0.0,0.0
2015-09-22 00:00:00-04:00,2.569999933242798,2.569999933242798,2.4600000381469727,2.4700000286102295,3000,0.0,0.0
2015-09-23 00:00:00-04:00,2.4800000190734863,2.4800000190734863,2.450000047683716,2.450000047683716,1300,0.0,0.0
2015-09-24 00:00:00-04:00,2.440000057220459,2.440000057220459,2.440000057220459,2.440000057220459,100,0.0,0.0
2015-09-25 00:00:00-04:00,2.4200000762939453,2.4200000762939453,2.4200000762939453,2.4200000762939453,200,0.0,0.0
2015-09-28 00:00:00-04:00,2.4100000858306885,2.4200000762939453,2.2799999713897705,2.4100000858306885,2300,0.0,0.0
2015-09-29 00:00:00-04:00,2.359999895095825,2.359999895095825,2.359999895095825,2.359999895095825,100,0.0,0.0
2015-09-30 00:00:00-04:00,2.369999885559082,2.369999885559082,2.25,2.309999942779541,8700,0.0,0.0
2015-10-01 00:00:00-04:00,2.369999885559082,2.369999885559082,2.319999933242798,2.3499999046325684,5500,0.0,0.0
2015-10-02 00:00:00-04:00,2.259999990463257,2.3399999141693115,2.25,2.259999990463257,12000,0.0,0.0
2015-10-05 00:00:00-04:00,2.3399999141693115,2.3399999141693115,2.140000104904175,2.140000104904175,6000,0.0,0.0
2015-10-06 00:00:00-04:00,2.240000009536743,2.390000104904175,2.240000009536743,2.3399999141693115,8500,0.0,0.0
2015-10-07 00:00:00-04:00,2.2699999809265137,2.369999885559082,2.2699999809265137,2.309999942779541,2700,0.0,0.0
2015-10-08 00:00:00-04:00,2.3399999141693115,2.3399999141693115,2.2100000381469727,2.25,1700,0.0,0.0
2015-10-09 00:00:00-04:00,2.299999952316284,2.299999952316284,2.200000047683716,2.2899999618530273,1200,0.0,0.0
2015-10-12 00:00:00-04:00,2.2699999809265137,2.299999952316284,2.2200000286102295,2.299999952316284,1800,0.0,0.0
2015-10-13 00:00:00-04:00,2.2699999809265137,2.2699999809265137,2.259999990463257,2.2699999809265137,1000,0.0,0.0
2015-10-14 00:00:00-04:00,2.259999990463257,2.2699999809265137,2.2100000381469727,2.2100000381469727,13500,0.0,0.0
2015-10-15 00:00:00-04:00,2.25,2.2899999618530273,2.119999885559082,2.2899999618530273,8100,0.0,0.0
2015-10-16 00:00:00-04:00,2.1600000858306885,2.299999952316284,2.1600000858306885,2.299999952316284,1400,0.0,0.0
2015-10-19 00:00:00-04:00,2.309999942779541,2.309999942779541,2.1600000858306885,2.1600000858306885,1200,0.0,0.0
2015-10-20 00:00:00-04:00,2.2200000286102295,2.2200000286102295,2.2200000286102295,2.2200000286102295,8300,0.0,0.0
2015-10-21 00:00:00-04:00,2.0999999046325684,2.2300000190734863,2.049999952316284,2.0999999046325684,19200,0.0,0.0
2015-10-22 00:00:00-04:00,2.119999885559082,2.190000057220459,2.119999885559082,2.190000057220459,1500,0.0,0.0
2015-10-23 00:00:00-04:00,2.0999999046325684,2.130000114440918,2.0799999237060547,2.0799999237060547,1400,0.0,0.0
2015-10-26 00:00:00-04:00,2.0799999237060547,2.1700000762939453,2.0199999809265137,2.1700000762939453,4100,0.0,0.0
2015-10-27 00:00:00-04:00,2.049999952316284,2.1500000953674316,2.049999952316284,2.140000104904175,4900,0.0,0.0
2015-10-28 00:00:00-04:00,2.180000066757202,2.180000066757202,2.140000104904175,2.140000104904175,2100,0.0,0.0
2015-10-29 00:00:00-04:00,2.140000104904175,2.140000104904175,2.140000104904175,2.140000104904175,0,0.0,0.0
2015-10-30 00:00:00-04:00,2.059999942779541,2.190000057220459,2.049999952316284,2.059999942779541,7500,0.0,0.0
2015-11-02 00:00:00-05:00,2.069999933242798,2.1700000762939453,2.069999933242798,2.1700000762939453,1200,0.0,0.0
2015-11-03 00:00:00-05:00,2.0999999046325684,2.200000047683716,2.049999952316284,2.200000047683716,1500,0.0,0.0
2015-11-04 00:00:00-05:00,2.0799999237060547,2.130000114440918,2.0799999237060547,2.130000114440918,1300,0.0,0.0
2015-11-05 00:00:00-05:00,2.059999942779541,2.059999942779541,2.059999942779541,2.059999942779541,1000,0.0,0.0
2015-11-06 00:00:00-05:00,2.059999942779541,2.190000057220459,2.049999952316284,2.180000066757202,20600,0.0,0.0
2015-11-09 00:00:00-05:00,2.1600000858306885,2.190000057220459,2.1600000858306885,2.190000057220459,4100,0.0,0.0
2015-11-10 00:00:00-05:00,2.059999942779541,2.309999942779541,2.0399999618530273,2.0799999237060547,57800,0.0,0.0
2015-11-11 00:00:00-05:00,2.0799999237060547,2.190000057220459,2.0799999237060547,2.119999885559082,2800,0.0,0.0
2015-11-12 00:00:00-05:00,2.0999999046325684,2.0999999046325684,2.0999999046325684,2.0999999046325684,4100,0.0,0.0
2015-11-13 00:00:00-05:00,2.0999999046325684,2.1700000762939453,2.0799999237060547,2.1700000762939453,1300,0.0,0.0
2015-11-16 00:00:00-05:00,2.0799999237060547,2.0799999237060547,2.0299999713897705,2.0399999618530273,3300,0.0,0.0
2015-11-17 00:00:00-05:00,2.1600000858306885,2.1600000858306885,2.0199999809265137,2.0399999618530273,9000,0.0,0.0
2015-11-18 00:00:00-05:00,2.0399999618530273,2.140000104904175,2.0199999809265137,2.130000114440918,2100,0.0,0.0
2015-11-19 00:00:00-05:00,2.140000104904175,2.2699999809265137,1.9299999475479126,2.0399999618530273,17800,0.0,0.0
2015-11-20 00:00:00-05:00,2.059999942779541,2.059999942779541,2.059999942779541,2.059999942779541,300,0.0,0.0
2015-11-23 00:00:00-05:00,2.1500000953674316,2.1500000953674316,2.130000114440918,2.1500000953674316,4200,0.0,0.0
2015-11-24 00:00:00-05:00,2.259999990463257,2.259999990463257,2.109999895095825,2.190000057220459,1000,0.0,0.0
2015-11-25 00:00:00-05:00,2.200000047683716,2.259999990463257,2.200000047683716,2.259999990463257,8100,0.0,0.0
2015-11-27 00:00:00-05:00,2.259999990463257,2.2799999713897705,2.259999990463257,2.2799999713897705,1300,0.0,0.0
2015-11-30 00:00:00-05:00,2.2699999809265137,2.9600000381469727,2.0999999046325684,2.2300000190734863,76600,0.0,0.0
2015-12-01 00:00:00-05:00,2.2799999713897705,2.319999933242798,2.180000066757202,2.2799999713897705,10600,0.0,0.0
2015-12-02 00:00:00-05:00,2.180000066757202,2.3499999046325684,2.1500000953674316,2.180000066757202,13500,0.0,0.0
2015-12-03 00:00:00-05:00,2.190000057220459,2.190000057220459,2.119999885559082,2.130000114440918,13300,0.0,0.0
2015-12-04 00:00:00-05:00,2.1600000858306885,2.200000047683716,2.0999999046325684,2.119999885559082,24100,0.0,0.0
2015-12-07 00:00:00-05:00,2.119999885559082,2.1500000953674316,2.0799999237060547,2.140000104904175,18500,0.0,0.0
2015-12-08 00:00:00-05:00,2.0799999237060547,2.1500000953674316,2.0199999809265137,2.049999952316284,8200,0.0,0.0
2015-12-09 00:00:00-05:00,2.0999999046325684,2.1600000858306885,2.0399999618530273,2.069999933242798,700,0.0,0.0
2015-12-10 00:00:00-05:00,2.0999999046325684,2.130000114440918,2.0399999618530273,2.049999952316284,3600,0.0,0.0
2015-12-11 00:00:00-05:00,2.119999885559082,2.119999885559082,2.049999952316284,2.109999895095825,400,0.0,0.0
2015-12-14 00:00:00-05:00,2.0299999713897705,2.130000114440918,2.009999990463257,2.0199999809265137,5700,0.0,0.0
2015-12-15 00:00:00-05:00,2.0899999141693115,2.190000057220459,1.909999966621399,1.909999966621399,39100,0.0,0.0
2015-12-16 00:00:00-05:00,1.909999966621399,2.0299999713897705,1.909999966621399,2.0299999713897705,4000,0.0,0.0
2015-12-17 00:00:00-05:00,1.9600000381469727,1.9600000381469727,1.8799999952316284,1.8799999952316284,27600,0.0,0.0
2015-12-18 00:00:00-05:00,1.850000023841858,1.8600000143051147,1.7999999523162842,1.809999942779541,28300,0.0,0.0
2015-12-21 00:00:00-05:00,1.8200000524520874,2.1700000762939453,1.7899999618530273,1.8600000143051147,91600,0.0,0.0
2015-12-22 00:00:00-05:00,1.850000023841858,1.9500000476837158,1.840000033378601,1.8899999856948853,12400,0.0,0.0
2015-12-23 00:00:00-05:00,1.8600000143051147,1.940000057220459,1.840000033378601,1.940000057220459,32000,0.0,0.0
2015-12-24 00:00:00-05:00,1.940000057220459,1.940000057220459,1.909999966621399,1.940000057220459,3200,0.0,0.0
2015-12-28 00:00:00-05:00,1.9299999475479126,2.069999933242798,1.899999976158142,2.069999933242798,36100,0.0,0.0
2015-12-29 00:00:00-05:00,2.0899999141693115,2.0999999046325684,1.899999976158142,1.9600000381469727,15800,0.0,0.0
2015-12-30 00:00:00-05:00,1.9500000476837158,2.1700000762939453,1.899999976158142,2.0,73600,0.0,0.0
2015-12-31 00:00:00-05:00,1.9900000095367432,2.0399999618530273,1.9500000476837158,1.9500000476837158,24700,0.0,0.0
2016-01-04 00:00:00-05:00,2.0,2.0,1.9500000476837158,1.9500000476837158,1400,0.0,0.0
2016-01-05 00:00:00-05:00,2.0,2.0299999713897705,2.0,2.0299999713897705,500,0.0,0.0
2016-01-06 00:00:00-05:00,1.9800000190734863,2.049999952316284,1.8600000143051147,1.8600000143051147,8100,0.0,0.0
2016-01-07 00:00:00-05:00,1.850000023841858,1.8899999856948853,1.8200000524520874,1.8300000429153442,11400,0.0,0.0
2016-01-08 00:00:00-05:00,1.8300000429153442,1.9299999475479126,1.8300000429153442,1.9299999475479126,1500,0.0,0.0
2016-01-11 00:00:00-05:00,1.8300000429153442,1.850000023841858,1.7999999523162842,1.8200000524520874,9500,0.0,0.0
2016-01-12 00:00:00-05:00,1.840000033378601,1.8700000047683716,1.840000033378601,1.8700000047683716,1900,0.0,0.0
2016-01-13 00:00:00-05:00,1.8700000047683716,1.8700000047683716,1.7000000476837158,1.75,35800,0.0,0.0
2016-01-14 00:00:00-05:00,1.7200000286102295,1.7999999523162842,1.7200000286102295,1.7599999904632568,4200,0.0,0.0
2016-01-15 00:00:00-05:00,1.7400000095367432,1.9800000190734863,1.7400000095367432,1.7599999904632568,16000,0.0,0.0
2016-01-19 00:00:00-05:00,1.7999999523162842,1.909999966621399,1.7200000286102295,1.7200000286102295,26000,0.0,0.0
2016-01-20 00:00:00-05:00,1.7200000286102295,1.850000023841858,1.649999976158142,1.6799999475479126,14600,0.0,0.0
2016-01-21 00:00:00-05:00,1.7899999618530273,1.850000023841858,1.6799999475479126,1.6799999475479126,5400,0.0,0.0
2016-01-22 00:00:00-05:00,1.7999999523162842,1.7999999523162842,1.7000000476837158,1.7000000476837158,500,0.0,0.0
2016-01-25 00:00:00-05:00,1.809999942779541,1.809999942779541,1.809999942779541,1.809999942779541,300,0.0,0.0
2016-01-26 00:00:00-05:00,1.8300000429153442,1.8300000429153442,1.7599999904632568,1.7699999809265137,700,0.0,0.0
2016-01-27 00:00:00-05:00,1.7200000286102295,1.7200000286102295,1.7200000286102295,1.7200000286102295,100,0.0,0.0
2016-01-28 00:00:00-05:00,1.7999999523162842,1.840000033378601,1.7699999809265137,1.7999999523162842,4800,0.0,0.0
2016-01-29 00:00:00-05:00,1.8300000429153442,1.8300000429153442,1.75,1.8300000429153442,5900,0.0,0.0
2016-02-01 00:00:00-05:00,1.850000023841858,1.850000023841858,1.7300000190734863,1.7300000190734863,400,0.0,0.0
2016-02-02 00:00:00-05:00,1.7999999523162842,1.840000033378601,1.7400000095367432,1.7400000095367432,3100,0.0,0.0
2016-02-03 00:00:00-05:00,1.7300000190734863,1.7999999523162842,1.7300000190734863,1.75,9300,0.0,0.0
2016-02-04 00:00:00-05:00,1.7999999523162842,1.7999999523162842,1.6799999475479126,1.7400000095367432,10000,0.0,0.0
2016-02-05 00:00:00-05:00,1.7599999904632568,1.7999999523162842,1.690000057220459,1.7200000286102295,10800,0.0,0.0
2016-02-08 00:00:00-05:00,1.7200000286102295,1.7200000286102295,1.6399999856948853,1.6399999856948853,200,0.0,0.0
2016-02-09 00:00:00-05:00,1.7999999523162842,1.850000023841858,1.649999976158142,1.75,10500,0.0,0.0
2016-02-10 00:00:00-05:00,1.7799999713897705,1.8300000429153442,1.7100000381469727,1.7100000381469727,2300,0.0,0.0
2016-02-11 00:00:00-05:00,1.7999999523162842,1.7999999523162842,1.7200000286102295,1.75,1300,0.0,0.0
2016-02-12 00:00:00-05:00,1.7599999904632568,1.7599999904632568,1.600000023841858,1.649999976158142,16200,0.0,0.0
2016-02-16 00:00:00-05:00,1.7000000476837158,1.7400000095367432,1.6299999952316284,1.7000000476837158,8100,0.0,0.0
2016-02-17 00:00:00-05:00,1.7599999904632568,1.7599999904632568,1.649999976158142,1.649999976158142,300,0.0,0.0
2016-02-18 00:00:00-05:00,1.649999976158142,1.840000033378601,1.649999976158142,1.7000000476837158,3700,0.0,0.0
2016-02-19 00:00:00-05:00,1.75,1.7799999713897705,1.7400000095367432,1.75,14200,0.0,0.0
2016-02-22 00:00:00-05:00,1.75,1.75,1.75,1.75,0,0.0,0.0
2016-02-23 00:00:00-05:00,1.7699999809265137,1.7699999809265137,1.7200000286102295,1.7200000286102295,400,0.0,0.0
2016-02-24 00:00:00-05:00,1.7000000476837158,1.7000000476837158,1.6299999952316284,1.659999966621399,23700,0.0,0.0
2016-02-25 00:00:00-05:00,1.7000000476837158,1.7400000095367432,1.6699999570846558,1.6699999570846558,1500,0.0,0.0
2016-02-26 00:00:00-05:00,1.7300000190734863,1.7300000190734863,1.7300000190734863,1.7300000190734863,500,0.0,0.0
2016-02-29 00:00:00-05:00,1.7400000095367432,1.7400000095367432,1.7400000095367432,1.7400000095367432,200,0.0,0.0
2016-03-01 00:00:00-05:00,1.8600000143051147,1.8600000143051147,1.690000057220459,1.7599999904632568,4400,0.0,0.0
2016-03-02 00:00:00-05:00,1.7899999618530273,1.7899999618530273,1.7899999618530273,1.7899999618530273,100,0.0,0.0
2016-03-03 00:00:00-05:00,1.7799999713897705,1.7799999713897705,1.7799999713897705,1.7799999713897705,1000,0.0,0.0
2016-03-04 00:00:00-05:00,1.7799999713897705,1.7799999713897705,1.7799999713897705,1.7799999713897705,0,0.0,0.0
2016-03-07 00:00:00-05:00,1.6699999570846558,1.7799999713897705,1.6699999570846558,1.7300000190734863,6700,0.0,0.0
2016-03-08 00:00:00-05:00,1.7899999618530273,1.7899999618530273,1.75,1.75,500,0.0,0.0
2016-03-09 00:00:00-05:00,1.7000000476837158,1.7400000095367432,1.7000000476837158,1.7200000286102295,1600,0.0,0.0
2016-03-10 00:00:00-05:00,1.659999966621399,1.7899999618530273,1.659999966621399,1.7699999809265137,4700,0.0,0.0
2016-03-11 00:00:00-05:00,1.7100000381469727,1.7899999618530273,1.7100000381469727,1.7899999618530273,2200,0.0,0.0
2016-03-14 00:00:00-04:00,1.7400000095367432,1.7400000095367432,1.7100000381469727,1.7100000381469727,2000,0.0,0.0
2016-03-15 00:00:00-04:00,1.6799999475479126,1.7899999618530273,1.6799999475479126,1.7799999713897705,4200,0.0,0.0
2016-03-16 00:00:00-04:00,1.7899999618530273,1.8200000524520874,1.7100000381469727,1.7799999713897705,5800,0.0,0.0
2016-03-17 00:00:00-04:00,1.7799999713897705,1.7799999713897705,1.7799999713897705,1.7799999713897705,0,0.0,0.0
2016-03-18 00:00:00-04:00,1.7799999713897705,1.7799999713897705,1.7799999713897705,1.7799999713897705,1300,0.0,0.0
2016-03-21 00:00:00-04:00,1.7100000381469727,1.7100000381469727,1.7100000381469727,1.7100000381469727,100,0.0,0.0
2016-03-22 00:00:00-04:00,1.6799999475479126,2.4000000953674316,1.6799999475479126,1.899999976158142,296800,0.0,0.0
2016-03-23 00:00:00-04:00,1.899999976158142,1.9900000095367432,1.840000033378601,1.940000057220459,69200,0.0,0.0
2016-03-24 00:00:00-04:00,1.940000057220459,1.940000057220459,1.840000033378601,1.9299999475479126,18200,0.0,0.0
2016-03-28 00:00:00-04:00,1.9299999475479126,1.9700000286102295,1.8899999856948853,1.8899999856948853,8000,0.0,0.0
2016-03-29 00:00:00-04:00,1.899999976158142,1.940000057220459,1.850000023841858,1.940000057220459,65000,0.0,0.0
2016-03-30 00:00:00-04:00,1.9500000476837158,1.9500000476837158,1.8300000429153442,1.8899999856948853,41800,0.0,0.0
2016-03-31 00:00:00-04:00,1.9800000190734863,2.140000104904175,1.899999976158142,2.0299999713897705,48900,0.0,0.0
2016-04-01 00:00:00-04:00,2.0799999237060547,2.1500000953674316,2.0299999713897705,2.130000114440918,51000,0.0,0.0
2016-04-04 00:00:00-04:00,2.180000066757202,2.2200000286102295,2.140000104904175,2.2200000286102295,16400,0.0,0.0
2016-04-05 00:00:00-04:00,2.200000047683716,2.2200000286102295,2.119999885559082,2.1500000953674316,22800,0.0,0.0
2016-04-06 00:00:00-04:00,2.200000047683716,2.200000047683716,2.0999999046325684,2.0999999046325684,14300,0.0,0.0
2016-04-07 00:00:00-04:00,2.190000057220459,2.190000057220459,2.130000114440918,2.130000114440918,4000,0.0,0.0
2016-04-08 00:00:00-04:00,2.0999999046325684,2.0999999046325684,2.0199999809265137,2.0299999713897705,18500,0.0,0.0
2016-04-11 00:00:00-04:00,2.0299999713897705,2.0299999713897705,1.9299999475479126,1.9299999475479126,20300,0.0,0.0
2016-04-12 00:00:00-04:00,1.9900000095367432,2.180000066757202,1.9800000190734863,2.0799999237060547,70200,0.0,0.0
2016-04-13 00:00:00-04:00,2.0899999141693115,2.2200000286102295,2.0899999141693115,2.109999895095825,28200,0.0,0.0
2016-04-14 00:00:00-04:00,2.1500000953674316,2.1500000953674316,2.0399999618530273,2.0899999141693115,11000,0.0,0.0
2016-04-15 00:00:00-04:00,2.1500000953674316,2.1500000953674316,2.0299999713897705,2.0299999713897705,19400,0.0,0.0
2016-04-18 00:00:00-04:00,2.140000104904175,2.140000104904175,2.0199999809265137,2.059999942779541,22100,0.0,0.0
2016-04-19 00:00:00-04:00,2.059999942779541,2.0999999046325684,2.0299999713897705,2.0799999237060547,14400,0.0,0.0
2016-04-20 00:00:00-04:00,2.0799999237060547,2.0999999046325684,1.9800000190734863,2.069999933242798,27800,0.0,0.0
2016-04-21 00:00:00-04:00,2.049999952316284,2.180000066757202,2.049999952316284,2.1500000953674316,29700,0.0,0.0
2016-04-22 00:00:00-04:00,2.119999885559082,2.1500000953674316,2.0799999237060547,2.1500000953674316,19800,0.0,0.0
2016-04-25 00:00:00-04:00,2.130000114440918,2.140000104904175,2.130000114440918,2.140000104904175,300,0.0,0.0
2016-04-26 00:00:00-04:00,2.119999885559082,2.190000057220459,2.119999885559082,2.1500000953674316,3000,0.0,0.0
2016-04-27 00:00:00-04:00,2.190000057220459,2.190000057220459,2.059999942779541,2.1700000762939453,11400,0.0,0.0
2016-04-28 00:00:00-04:00,2.140000104904175,2.180000066757202,2.140000104904175,2.1500000953674316,18400,0.0,0.0
2016-04-29 00:00:00-04:00,2.1500000953674316,2.1700000762939453,2.140000104904175,2.1600000858306885,3200,0.0,0.0
2016-05-02 00:00:00-04:00,2.1500000953674316,2.1500000953674316,2.0799999237060547,2.140000104904175,2900,0.0,0.0
2016-05-03 00:00:00-04:00,2.069999933242798,2.1500000953674316,2.049999952316284,2.140000104904175,8100,0.0,0.0
2016-05-04 00:00:00-04:00,2.140000104904175,2.140000104904175,2.140000104904175,2.140000104904175,0,0.0,0.0
2016-05-05 00:00:00-04:00,2.049999952316284,2.130000114440918,2.049999952316284,2.069999933242798,9300,0.0,0.0
2016-05-06 00:00:00-04:00,2.0799999237060547,2.140000104904175,2.069999933242798,2.0999999046325684,8000,0.0,0.0
2016-05-09 00:00:00-04:00,2.140000104904175,2.140000104904175,2.140000104904175,2.140000104904175,2000,0.0,0.0
2016-05-10 00:00:00-04:00,2.140000104904175,2.140000104904175,2.049999952316284,2.069999933242798,18900,0.0,0.0
2016-05-11 00:00:00-04:00,2.0799999237060547,2.0799999237060547,1.9800000190734863,1.9900000095367432,5700,0.0,0.0
2016-05-12 00:00:00-04:00,1.9900000095367432,2.140000104904175,1.9900000095367432,2.0199999809265137,700,0.0,0.0
2016-05-13 00:00:00-04:00,2.049999952316284,2.0999999046325684,2.0,2.0299999713897705,1100,0.0,0.0
2016-05-16 00:00:00-04:00,2.069999933242798,2.0899999141693115,2.049999952316284,2.059999942779541,5600,0.0,0.0
2016-05-17 00:00:00-04:00,2.130000114440918,2.130000114440918,2.0199999809265137,2.0199999809265137,15100,0.0,0.0
2016-05-18 00:00:00-04:00,2.0199999809265137,2.0199999809265137,2.0199999809265137,2.0199999809265137,1800,0.0,0.0
2016-05-19 00:00:00-04:00,1.9900000095367432,2.0199999809265137,1.9900000095367432,2.0199999809265137,3100,0.0,0.0
2016-05-20 00:00:00-04:00,2.0299999713897705,2.119999885559082,2.0,2.0199999809265137,17000,0.0,0.0
2016-05-23 00:00:00-04:00,2.059999942779541,2.059999942779541,2.0299999713897705,2.0299999713897705,200,0.0,0.0
2016-05-24 00:00:00-04:00,2.0399999618530273,2.0899999141693115,2.0399999618530273,2.0899999141693115,14200,0.0,0.0
2016-05-25 00:00:00-04:00,2.0399999618530273,2.0999999046325684,2.0399999618530273,2.069999933242798,12000,0.0,0.0
2016-05-26 00:00:00-04:00,2.0799999237060547,2.180000066757202,2.0799999237060547,2.1700000762939453,18400,0.0,0.0
2016-05-27 00:00:00-04:00,2.200000047683716,2.2699999809265137,2.130000114440918,2.1700000762939453,13900,0.0,0.0
2016-05-31 00:00:00-04:00,2.3299999237060547,4.849999904632568,2.3299999237060547,4.070000171661377,21015600,0.0,0.0
2016-06-01 00:00:00-04:00,4.0,4.039999961853027,3.2899999618530273,3.3399999141693115,2607700,0.0,0.0
2016-06-02 00:00:00-04:00,3.25,3.640000104904175,3.109999895095825,3.5,1515900,0.0,0.0
2016-06-03 00:00:00-04:00,3.619999885559082,3.869999885559082,3.5999999046325684,3.619999885559082,1720500,0.0,0.0
2016-06-06 00:00:00-04:00,3.6500000953674316,3.6500000953674316,2.9100000858306885,3.130000114440918,575500,0.0,0.0
2016-06-07 00:00:00-04:00,3.0799999237060547,3.1500000953674316,2.9100000858306885,3.0199999809265137,327800,0.0,0.0
2016-06-08 00:00:00-04:00,3.0,3.0899999141693115,2.9100000858306885,3.0199999809265137,187300,0.0,0.0
2016-06-09 00:00:00-04:00,3.0799999237060547,3.0799999237060547,2.9200000762939453,2.940000057220459,102600,0.0,0.0
2016-06-10 00:00:00-04:00,2.930000066757202,3.0399999618530273,2.9000000953674316,2.950000047683716,118200,0.0,0.0
2016-06-13 00:00:00-04:00,2.9000000953674316,2.9000000953674316,2.700000047683716,2.700000047683716,140100,0.0,0.0
2016-06-14 00:00:00-04:00,2.700000047683716,2.7899999618530273,2.619999885559082,2.630000114440918,51700,0.0,0.0
2016-06-15 00:00:00-04:00,2.6600000858306885,3.0999999046325684,2.6600000858306885,2.859999895095825,509300,0.0,0.0
2016-06-16 00:00:00-04:00,2.7899999618530273,2.990000009536743,2.700000047683716,2.869999885559082,93800,0.0,0.0
2016-06-17 00:00:00-04:00,2.9200000762939453,2.930000066757202,2.75,2.799999952316284,26000,0.0,0.0
2016-06-20 00:00:00-04:00,2.7699999809265137,3.059999942779541,2.7699999809265137,2.9600000381469727,128000,0.0,0.0
2016-06-21 00:00:00-04:00,2.950000047683716,3.200000047683716,2.930000066757202,3.0999999046325684,244000,0.0,0.0
2016-06-22 00:00:00-04:00,3.059999942779541,3.2300000190734863,2.9200000762939453,2.940000057220459,147400,0.0,0.0
2016-06-23 00:00:00-04:00,2.9800000190734863,3.0299999713897705,2.9100000858306885,2.9600000381469727,52100,0.0,0.0
2016-06-24 00:00:00-04:00,2.799999952316284,3.049999952316284,2.799999952316284,3.0299999713897705,153200,0.0,0.0
2016-06-27 00:00:00-04:00,3.009999990463257,3.0399999618530273,2.799999952316284,2.8499999046325684,29600,0.0,0.0
2016-06-28 00:00:00-04:00,2.9600000381469727,2.990000009536743,2.819999933242798,2.9100000858306885,38600,0.0,0.0
2016-06-29 00:00:00-04:00,2.9100000858306885,3.4000000953674316,2.859999895095825,3.2699999809265137,604900,0.0,0.0
2016-06-30 00:00:00-04:00,3.2799999713897705,3.359999895095825,3.0,3.0199999809265137,180500,0.0,0.0
2016-07-01 00:00:00-04:00,3.049999952316284,3.1500000953674316,3.0399999618530273,3.119999885559082,18600,0.0,0.0
2016-07-05 00:00:00-04:00,3.2699999809265137,3.2699999809265137,2.950000047683716,3.119999885559082,79700,0.0,0.0
2016-07-06 00:00:00-04:00,3.1700000762939453,3.200000047683716,3.0199999809265137,3.0899999141693115,69600,0.0,0.0
2016-07-07 00:00:00-04:00,3.1600000858306885,3.5799999237060547,3.0399999618530273,3.119999885559082,373000,0.0,0.0
2016-07-08 00:00:00-04:00,3.1500000953674316,3.1600000858306885,3.0399999618530273,3.119999885559082,37300,0.0,0.0
2016-07-11 00:00:00-04:00,3.109999895095825,3.2699999809265137,3.049999952316284,3.049999952316284,90400,0.0,0.0
2016-07-12 00:00:00-04:00,3.0799999237060547,3.0999999046325684,2.9000000953674316,3.0899999141693115,69600,0.0,0.0
2016-07-13 00:00:00-04:00,3.3399999141693115,3.3399999141693115,3.009999990463257,3.0799999237060547,68800,0.0,0.0
2016-07-14 00:00:00-04:00,3.069999933242798,3.180000066757202,3.049999952316284,3.059999942779541,20400,0.0,0.0
2016-07-15 00:00:00-04:00,3.049999952316284,3.130000114440918,2.950000047683716,3.0,22900,0.0,0.0
2016-07-18 00:00:00-04:00,2.9800000190734863,3.049999952316284,2.930000066757202,2.930000066757202,16000,0.0,0.0
2016-07-19 00:00:00-04:00,3.049999952316284,3.049999952316284,2.9600000381469727,2.9600000381469727,23000,0.0,0.0
2016-07-20 00:00:00-04:00,3.009999990463257,3.0399999618530273,2.9700000286102295,2.9700000286102295,12300,0.0,0.0
2016-07-21 00:00:00-04:00,3.109999895095825,3.109999895095825,2.9800000190734863,2.990000009536743,14100,0.0,0.0
2016-07-22 00:00:00-04:00,3.0,3.299999952316284,3.0,3.109999895095825,119900,0.0,0.0
2016-07-25 00:00:00-04:00,3.140000104904175,3.2300000190734863,3.049999952316284,3.0799999237060547,26500,0.0,0.0
2016-07-26 00:00:00-04:00,3.1500000953674316,3.1700000762939453,3.059999942779541,3.0899999141693115,16900,0.0,0.0
2016-07-27 00:00:00-04:00,3.1500000953674316,3.2300000190734863,3.0799999237060547,3.109999895095825,42200,0.0,0.0
2016-07-28 00:00:00-04:00,3.1700000762939453,3.1700000762939453,3.009999990463257,3.059999942779541,18600,0.0,0.0
2016-07-29 00:00:00-04:00,3.0999999046325684,3.140000104904175,3.009999990463257,3.0899999141693115,24200,0.0,0.0
2016-08-01 00:00:00-04:00,3.0899999141693115,3.0999999046325684,3.009999990463257,3.0299999713897705,13500,0.0,0.0
2016-08-02 00:00:00-04:00,3.0799999237060547,3.0799999237060547,3.009999990463257,3.009999990463257,18500,0.0,0.0
2016-08-03 00:00:00-04:00,3.0799999237060547,3.0799999237060547,2.950000047683716,3.0399999618530273,19100,0.0,0.0
2016-08-04 00:00:00-04:00,3.0399999618530273,3.259999990463257,3.0199999809265137,3.140000104904175,177900,0.0,0.0
2016-08-05 00:00:00-04:00,3.109999895095825,3.200000047683716,3.0999999046325684,3.1700000762939453,18100,0.0,0.0
2016-08-08 00:00:00-04:00,3.25,3.5999999046325684,3.240000009536743,3.4800000190734863,378600,0.0,0.0
2016-08-09 00:00:00-04:00,3.5399999618530273,3.700000047683716,3.3499999046325684,3.4000000953674316,83000,0.0,0.0
2016-08-10 00:00:00-04:00,3.5399999618530273,3.5399999618530273,3.2300000190734863,3.2699999809265137,55200,0.0,0.0
2016-08-11 00:00:00-04:00,3.5,3.5,3.0799999237060547,3.2799999713897705,38800,0.0,0.0
2016-08-12 00:00:00-04:00,3.200000047683716,3.380000114440918,3.190000057220459,3.2699999809265137,22700,0.0,0.0
2016-08-15 00:00:00-04:00,3.2699999809265137,3.4000000953674316,3.200000047683716,3.359999895095825,42800,0.0,0.0
2016-08-16 00:00:00-04:00,3.369999885559082,3.490000009536743,3.2200000286102295,3.380000114440918,47600,0.0,0.0
2016-08-17 00:00:00-04:00,3.390000104904175,4.019999980926514,3.380000114440918,3.609999895095825,1248400,0.0,0.0
2016-08-18 00:00:00-04:00,3.700000047683716,3.7699999809265137,3.5999999046325684,3.640000104904175,277200,0.0,0.0
2016-08-19 00:00:00-04:00,3.7200000286102295,3.7699999809265137,3.6500000953674316,3.700000047683716,123500,0.0,0.0
2016-08-22 00:00:00-04:00,3.7899999618530273,3.8299999237060547,3.640000104904175,3.6700000762939453,109100,0.0,0.0
2016-08-23 00:00:00-04:00,3.7699999809265137,3.7799999713897705,3.25,3.4700000286102295,195400,0.0,0.0
2016-08-24 00:00:00-04:00,3.549999952316284,3.7100000381469727,3.4800000190734863,3.549999952316284,117500,0.0,0.0
2016-08-25 00:00:00-04:00,3.5199999809265137,3.5799999237060547,3.2699999809265137,3.4100000858306885,65600,0.0,0.0
2016-08-26 00:00:00-04:00,3.369999885559082,3.5399999618530273,3.369999885559082,3.490000009536743,105800,0.0,0.0
2016-08-29 00:00:00-04:00,3.200000047683716,3.3399999141693115,2.809999942779541,2.990000009536743,527100,0.0,0.0
2016-08-30 00:00:00-04:00,2.859999895095825,2.9700000286102295,2.7200000286102295,2.940000057220459,217600,0.0,0.0
2016-08-31 00:00:00-04:00,2.8399999141693115,2.890000104904175,2.609999895095825,2.7200000286102295,138300,0.0,0.0
2016-09-01 00:00:00-04:00,2.700000047683716,2.75,2.569999933242798,2.6700000762939453,45900,0.0,0.0
2016-09-02 00:00:00-04:00,2.7200000286102295,2.7699999809265137,2.5999999046325684,2.609999895095825,77100,0.0,0.0
2016-09-06 00:00:00-04:00,2.4800000190734863,2.5899999141693115,2.4100000858306885,2.509999990463257,141700,0.0,0.0
2016-09-07 00:00:00-04:00,2.6600000858306885,2.6700000762939453,2.5299999713897705,2.559999942779541,55100,0.0,0.0
2016-09-08 00:00:00-04:00,2.549999952316284,2.559999942779541,2.309999942779541,2.450000047683716,74900,0.0,0.0
2016-09-09 00:00:00-04:00,2.4000000953674316,2.440000057220459,2.3399999141693115,2.3499999046325684,33800,0.0,0.0
2016-09-12 00:00:00-04:00,2.309999942779541,2.4800000190734863,2.240000009536743,2.4200000762939453,139500,0.0,0.0
2016-09-13 00:00:00-04:00,2.299999952316284,2.3499999046325684,2.2200000286102295,2.240000009536743,69200,0.0,0.0
2016-09-14 00:00:00-04:00,2.2200000286102295,2.440000057220459,2.2200000286102295,2.319999933242798,55100,0.0,0.0
2016-09-15 00:00:00-04:00,2.2899999618530273,2.319999933242798,2.2699999809265137,2.2899999618530273,29500,0.0,0.0
2016-09-16 00:00:00-04:00,2.2899999618530273,2.359999895095825,2.2799999713897705,2.2899999618530273,13000,0.0,0.0
2016-09-19 00:00:00-04:00,2.3399999141693115,2.3499999046325684,2.140000104904175,2.240000009536743,61200,0.0,0.0
2016-09-20 00:00:00-04:00,2.25,2.2799999713897705,2.140000104904175,2.140000104904175,51500,0.0,0.0
2016-09-21 00:00:00-04:00,2.180000066757202,2.430000066757202,2.180000066757202,2.2699999809265137,94700,0.0,0.0
2016-09-22 00:00:00-04:00,2.309999942779541,2.5899999141693115,2.309999942779541,2.380000114440918,194400,0.0,0.0
2016-09-23 00:00:00-04:00,2.4200000762939453,2.5,2.380000114440918,2.390000104904175,124900,0.0,0.0
2016-09-26 00:00:00-04:00,2.390000104904175,2.440000057220459,2.299999952316284,2.390000104904175,157800,0.0,0.0
2016-09-27 00:00:00-04:00,2.299999952316284,2.359999895095825,2.2200000286102295,2.3399999141693115,44400,0.0,0.0
2016-09-28 00:00:00-04:00,2.2899999618530273,2.3499999046325684,2.2200000286102295,2.299999952316284,73700,0.0,0.0
2016-09-29 00:00:00-04:00,2.3299999237060547,2.3499999046325684,2.190000057220459,2.2100000381469727,80100,0.0,0.0
2016-09-30 00:00:00-04:00,2.240000009536743,2.2699999809265137,2.1600000858306885,2.25,20000,0.0,0.0
2016-10-03 00:00:00-04:00,2.259999990463257,2.2899999618530273,2.200000047683716,2.2100000381469727,5600,0.0,0.0
2016-10-04 00:00:00-04:00,2.2300000190734863,2.25,2.130000114440918,2.1600000858306885,17800,0.0,0.0
2016-10-05 00:00:00-04:00,2.180000066757202,2.2200000286102295,2.1500000953674316,2.200000047683716,18800,0.0,0.0
2016-10-06 00:00:00-04:00,2.259999990463257,2.259999990463257,2.0199999809265137,2.119999885559082,57500,0.0,0.0
2016-10-07 00:00:00-04:00,2.119999885559082,2.119999885559082,2.059999942779541,2.059999942779541,11600,0.0,0.0
2016-10-10 00:00:00-04:00,2.0899999141693115,2.119999885559082,2.059999942779541,2.109999895095825,11200,0.0,0.0
2016-10-11 00:00:00-04:00,2.440000057220459,2.440000057220459,2.049999952316284,2.0799999237060547,57700,0.0,0.0
2016-10-12 00:00:00-04:00,2.0199999809265137,2.109999895095825,2.0,2.009999990463257,52500,0.0,0.0
2016-10-13 00:00:00-04:00,2.0199999809265137,2.440000057220459,2.0199999809265137,2.1600000858306885,685500,0.0,0.0
2016-10-14 00:00:00-04:00,2.180000066757202,2.180000066757202,2.0999999046325684,2.119999885559082,59200,0.0,0.0
2016-10-17 00:00:00-04:00,2.109999895095825,2.130000114440918,2.049999952316284,2.069999933242798,32500,0.0,0.0
2016-10-18 00:00:00-04:00,2.130000114440918,2.1500000953674316,2.0799999237060547,2.0999999046325684,29100,0.0,0.0
2016-10-19 00:00:00-04:00,2.109999895095825,2.119999885559082,2.0799999237060547,2.119999885559082,10200,0.0,0.0
2016-10-20 00:00:00-04:00,2.0999999046325684,2.109999895095825,2.049999952316284,2.069999933242798,42300,0.0,0.0
2016-10-21 00:00:00-04:00,2.049999952316284,2.0999999046325684,2.049999952316284,2.069999933242798,35800,0.0,0.0
2016-10-24 00:00:00-04:00,2.059999942779541,2.069999933242798,2.0199999809265137,2.0399999618530273,44800,0.0,0.0
2016-10-25 00:00:00-04:00,2.0999999046325684,2.130000114440918,2.049999952316284,2.059999942779541,28000,0.0,0.0
2016-10-26 00:00:00-04:00,2.049999952316284,2.140000104904175,2.049999952316284,2.0799999237060547,13800,0.0,0.0
2016-10-27 00:00:00-04:00,2.0999999046325684,2.259999990463257,2.0399999618530273,2.1600000858306885,69800,0.0,0.0
2016-10-28 00:00:00-04:00,2.200000047683716,2.200000047683716,2.049999952316284,2.049999952316284,18600,0.0,0.0
2016-10-31 00:00:00-04:00,2.069999933242798,2.2200000286102295,2.069999933242798,2.1700000762939453,41000,0.0,0.0
2016-11-01 00:00:00-04:00,2.180000066757202,2.190000057220459,2.0799999237060547,2.130000114440918,35600,0.0,0.0
2016-11-02 00:00:00-04:00,2.200000047683716,2.200000047683716,2.109999895095825,2.109999895095825,77600,0.0,0.0
2016-11-03 00:00:00-04:00,2.119999885559082,2.119999885559082,2.0799999237060547,2.0799999237060547,13600,0.0,0.0
2016-11-04 00:00:00-04:00,2.0799999237060547,2.1600000858306885,2.0799999237060547,2.0799999237060547,5400,0.0,0.0
2016-11-07 00:00:00-05:00,2.0899999141693115,2.130000114440918,2.0799999237060547,2.0999999046325684,27500,0.0,0.0
2016-11-08 00:00:00-05:00,2.130000114440918,2.140000104904175,2.0299999713897705,2.0799999237060547,46900,0.0,0.0
2016-11-09 00:00:00-05:00,2.059999942779541,2.119999885559082,2.0,2.059999942779541,17300,0.0,0.0
2016-11-10 00:00:00-05:00,2.0199999809265137,2.0999999046325684,2.0199999809265137,2.0799999237060547,18300,0.0,0.0
2016-11-11 00:00:00-05:00,2.0299999713897705,2.2100000381469727,2.0299999713897705,2.119999885559082,20400,0.0,0.0
2016-11-14 00:00:00-05:00,2.1600000858306885,2.2300000190734863,2.0399999618530273,2.1600000858306885,11700,0.0,0.0
2016-11-15 00:00:00-05:00,2.240000009536743,2.3499999046325684,2.2100000381469727,2.2799999713897705,103600,0.0,0.0
2016-11-16 00:00:00-05:00,2.180000066757202,2.4000000953674316,2.1500000953674316,2.2200000286102295,119700,0.0,0.0
2016-11-17 00:00:00-05:00,2.3399999141693115,2.619999885559082,2.25,2.450000047683716,263100,0.0,0.0
2016-11-18 00:00:00-05:00,2.450000047683716,2.5399999618530273,2.3499999046325684,2.4000000953674316,31900,0.0,0.0
2016-11-21 00:00:00-05:00,2.569999933242798,2.569999933242798,2.2300000190734863,2.259999990463257,32500,0.0,0.0
2016-11-22 00:00:00-05:00,2.1700000762939453,2.2699999809265137,2.1700000762939453,2.25,17500,0.0,0.0
2016-11-23 00:00:00-05:00,2.259999990463257,2.2699999809265137,2.2200000286102295,2.2300000190734863,6200,0.0,0.0
2016-11-25 00:00:00-05:00,2.299999952316284,2.3499999046325684,2.299999952316284,2.3299999237060547,33200,0.0,0.0
2016-11-28 00:00:00-05:00,1.9700000286102295,2.0399999618530273,1.8200000524520874,2.009999990463257,330400,0.0,0.0
2016-11-29 00:00:00-05:00,2.140000104904175,2.140000104904175,1.9800000190734863,1.9800000190734863,73100,0.0,0.0
2016-11-30 00:00:00-05:00,2.059999942779541,2.059999942779541,1.9500000476837158,1.9700000286102295,19800,0.0,0.0
2016-12-01 00:00:00-05:00,1.9800000190734863,2.0999999046325684,1.9299999475479126,1.9600000381469727,120300,0.0,0.0
2016-12-02 00:00:00-05:00,2.0899999141693115,2.0899999141693115,1.9199999570846558,1.9600000381469727,33200,0.0,0.0
2016-12-05 00:00:00-05:00,1.9600000381469727,2.0399999618530273,1.940000057220459,1.9800000190734863,21100,0.0,0.0
2016-12-06 00:00:00-05:00,1.9600000381469727,2.0,1.9500000476837158,2.0,15600,0.0,0.0
2016-12-07 00:00:00-05:00,2.009999990463257,2.0199999809265137,1.9500000476837158,1.9900000095367432,14700,0.0,0.0
2016-12-08 00:00:00-05:00,1.9700000286102295,2.0,1.9299999475479126,1.9500000476837158,27500,0.0,0.0
2016-12-09 00:00:00-05:00,1.9500000476837158,1.9800000190734863,1.9500000476837158,1.9600000381469727,5900,0.0,0.0
2016-12-12 00:00:00-05:00,1.9500000476837158,2.009999990463257,1.9299999475479126,1.9700000286102295,25600,0.0,0.0
2016-12-13 00:00:00-05:00,1.9800000190734863,2.3399999141693115,1.9800000190734863,2.069999933242798,220400,0.0,0.0
2016-12-14 00:00:00-05:00,2.1600000858306885,2.200000047683716,1.9900000095367432,1.9900000095367432,63200,0.0,0.0
2016-12-15 00:00:00-05:00,2.7699999809265137,2.940000057220459,2.180000066757202,2.190000057220459,1958300,0.0,0.0
2016-12-16 00:00:00-05:00,2.0999999046325684,2.309999942779541,2.049999952316284,2.069999933242798,153800,0.0,0.0
2016-12-19 00:00:00-05:00,2.3499999046325684,2.3499999046325684,2.109999895095825,2.2100000381469727,131800,0.0,0.0
2016-12-20 00:00:00-05:00,2.299999952316284,2.299999952316284,2.1500000953674316,2.2100000381469727,49000,0.0,0.0
2016-12-21 00:00:00-05:00,2.180000066757202,2.259999990463257,2.1500000953674316,2.200000047683716,34200,0.0,0.0
2016-12-22 00:00:00-05:00,2.2100000381469727,2.25,2.1600000858306885,2.2100000381469727,31400,0.0,0.0
2016-12-23 00:00:00-05:00,2.2100000381469727,2.25,2.180000066757202,2.2300000190734863,10700,0.0,0.0
2016-12-27 00:00:00-05:00,2.200000047683716,2.309999942779541,2.180000066757202,2.200000047683716,61300,0.0,0.0
2016-12-28 00:00:00-05:00,2.2799999713897705,2.3299999237060547,2.200000047683716,2.25,37400,0.0,0.0
2016-12-29 00:00:00-05:00,2.200000047683716,2.2300000190734863,2.1600000858306885,2.1700000762939453,54900,0.0,0.0
2016-12-30 00:00:00-05:00,2.1600000858306885,2.200000047683716,2.119999885559082,2.119999885559082,31400,0.0,0.0
2017-01-03 00:00:00-05:00,2.240000009536743,2.240000009536743,2.119999885559082,2.130000114440918,12100,0.0,0.0
2017-01-04 00:00:00-05:00,2.180000066757202,2.190000057220459,2.119999885559082,2.130000114440918,20700,0.0,0.0
2017-01-05 00:00:00-05:00,2.109999895095825,2.2899999618530273,2.0999999046325684,2.140000104904175,28900,0.0,0.0
2017-01-06 00:00:00-05:00,2.0999999046325684,2.130000114440918,2.0999999046325684,2.109999895095825,34600,0.0,0.0
2017-01-09 00:00:00-05:00,2.130000114440918,2.2200000286102295,2.119999885559082,2.1600000858306885,82100,0.0,0.0
2017-01-10 00:00:00-05:00,2.190000057220459,2.190000057220459,2.109999895095825,2.1600000858306885,5900,0.0,0.0
2017-01-11 00:00:00-05:00,2.1500000953674316,2.190000057220459,2.1500000953674316,2.1500000953674316,10200,0.0,0.0
2017-01-12 00:00:00-05:00,2.2200000286102295,2.2799999713897705,2.200000047683716,2.2300000190734863,146000,0.0,0.0
2017-01-13 00:00:00-05:00,2.2300000190734863,2.2300000190734863,2.1600000858306885,2.180000066757202,16200,0.0,0.0
2017-01-17 00:00:00-05:00,2.200000047683716,2.25,2.180000066757202,2.2200000286102295,17500,0.0,0.0
2017-01-18 00:00:00-05:00,2.240000009536743,2.240000009536743,2.2100000381469727,2.2200000286102295,3300,0.0,0.0
2017-01-19 00:00:00-05:00,2.2100000381469727,2.2200000286102295,2.200000047683716,2.200000047683716,11600,0.0,0.0
2017-01-20 00:00:00-05:00,2.2100000381469727,2.2100000381469727,2.140000104904175,2.1700000762939453,21000,0.0,0.0
2017-01-23 00:00:00-05:00,2.2200000286102295,2.25,2.200000047683716,2.2200000286102295,21900,0.0,0.0
2017-01-24 00:00:00-05:00,2.2200000286102295,2.2899999618530273,2.2200000286102295,2.25,44300,0.0,0.0
2017-01-25 00:00:00-05:00,2.2699999809265137,2.390000104904175,2.2699999809265137,2.319999933242798,79800,0.0,0.0
2017-01-26 00:00:00-05:00,2.359999895095825,2.359999895095825,2.2699999809265137,2.3399999141693115,9800,0.0,0.0
2017-01-27 00:00:00-05:00,2.319999933242798,2.3499999046325684,2.299999952316284,2.3299999237060547,24600,0.0,0.0
2017-01-30 00:00:00-05:00,2.359999895095825,2.359999895095825,2.240000009536743,2.3399999141693115,11200,0.0,0.0
2017-01-31 00:00:00-05:00,2.2799999713897705,2.380000114440918,2.2699999809265137,2.309999942779541,13500,0.0,0.0
2017-02-01 00:00:00-05:00,2.2899999618530273,2.3299999237060547,2.25,2.2699999809265137,13400,0.0,0.0
2017-02-02 00:00:00-05:00,2.299999952316284,2.299999952316284,2.25,2.25,15800,0.0,0.0
2017-02-03 00:00:00-05:00,2.2799999713897705,2.299999952316284,2.259999990463257,2.259999990463257,5500,0.0,0.0
2017-02-06 00:00:00-05:00,2.2699999809265137,2.4800000190734863,2.2699999809265137,2.319999933242798,83200,0.0,0.0
2017-02-07 00:00:00-05:00,2.450000047683716,2.5199999809265137,2.319999933242798,2.4000000953674316,61100,0.0,0.0
2017-02-08 00:00:00-05:00,2.4000000953674316,2.4200000762939453,2.3499999046325684,2.390000104904175,11500,0.0,0.0
2017-02-09 00:00:00-05:00,2.450000047683716,2.450000047683716,2.4000000953674316,2.4000000953674316,12600,0.0,0.0
2017-02-10 00:00:00-05:00,2.369999885559082,2.4200000762939453,2.369999885559082,2.4000000953674316,33500,0.0,0.0
2017-02-13 00:00:00-05:00,2.4600000381469727,2.4600000381469727,2.359999895095825,2.4000000953674316,17300,0.0,0.0
2017-02-14 00:00:00-05:00,2.4600000381469727,2.490000009536743,2.440000057220459,2.4600000381469727,21300,0.0,0.0
2017-02-15 00:00:00-05:00,2.490000009536743,2.490000009536743,2.3499999046325684,2.4100000858306885,41100,0.0,0.0
2017-02-16 00:00:00-05:00,2.430000066757202,2.4800000190734863,2.3499999046325684,2.3499999046325684,16600,0.0,0.0
2017-02-17 00:00:00-05:00,2.359999895095825,2.4000000953674316,2.3499999046325684,2.380000114440918,7900,0.0,0.0
2017-02-21 00:00:00-05:00,2.299999952316284,2.4800000190734863,2.299999952316284,2.359999895095825,13400,0.0,0.0
2017-02-22 00:00:00-05:00,2.4200000762939453,2.4200000762939453,2.319999933242798,2.3299999237060547,11900,0.0,0.0
2017-02-23 00:00:00-05:00,2.369999885559082,2.380000114440918,2.299999952316284,2.309999942779541,6800,0.0,0.0
2017-02-24 00:00:00-05:00,2.3399999141693115,2.3399999141693115,2.319999933242798,2.319999933242798,9000,0.0,0.0
2017-02-27 00:00:00-05:00,2.3299999237060547,2.3499999046325684,2.299999952316284,2.299999952316284,5100,0.0,0.0
2017-02-28 00:00:00-05:00,2.299999952316284,2.380000114440918,2.25,2.25,24500,0.0,0.0
2017-03-01 00:00:00-05:00,2.3399999141693115,2.3399999141693115,2.2699999809265137,2.2899999618530273,11300,0.0,0.0
2017-03-02 00:00:00-05:00,2.200000047683716,2.319999933242798,2.200000047683716,2.2799999713897705,19100,0.0,0.0
2017-03-03 00:00:00-05:00,2.2200000286102295,2.259999990463257,2.2200000286102295,2.259999990463257,4000,0.0,0.0
2017-03-06 00:00:00-05:00,2.2200000286102295,2.25,2.2200000286102295,2.2300000190734863,2100,0.0,0.0
2017-03-07 00:00:00-05:00,2.1600000858306885,2.2799999713897705,2.1600000858306885,2.180000066757202,8500,0.0,0.0
2017-03-08 00:00:00-05:00,2.190000057220459,2.319999933242798,2.190000057220459,2.2899999618530273,7400,0.0,0.0
2017-03-09 00:00:00-05:00,2.309999942779541,2.3299999237060547,2.200000047683716,2.259999990463257,26500,0.0,0.0
2017-03-10 00:00:00-05:00,2.2100000381469727,2.25,2.2100000381469727,2.2300000190734863,5800,0.0,0.0
2017-03-13 00:00:00-04:00,2.190000057220459,2.25,2.190000057220459,2.200000047683716,8500,0.0,0.0
2017-03-14 00:00:00-04:00,2.2799999713897705,2.359999895095825,2.180000066757202,2.319999933242798,25000,0.0,0.0
2017-03-15 00:00:00-04:00,2.3499999046325684,2.3499999046325684,2.259999990463257,2.2799999713897705,16100,0.0,0.0
2017-03-16 00:00:00-04:00,2.240000009536743,2.359999895095825,2.200000047683716,2.3499999046325684,15200,0.0,0.0
2017-03-17 00:00:00-04:00,2.3499999046325684,2.4800000190734863,2.3499999046325684,2.380000114440918,41100,0.0,0.0
2017-03-20 00:00:00-04:00,2.4000000953674316,2.4700000286102295,2.3299999237060547,2.380000114440918,8000,0.0,0.0
2017-03-21 00:00:00-04:00,2.5199999809265137,2.7300000190734863,2.25,2.25,52400,0.0,0.0
2017-03-22 00:00:00-04:00,2.180000066757202,2.3299999237060547,2.0,2.0999999046325684,62800,0.0,0.0
2017-03-23 00:00:00-04:00,2.190000057220459,2.240000009536743,2.0299999713897705,2.0899999141693115,12600,0.0,0.0
2017-03-24 00:00:00-04:00,2.0899999141693115,2.140000104904175,2.0899999141693115,2.119999885559082,5300,0.0,0.0
2017-03-27 00:00:00-04:00,2.140000104904175,2.2200000286102295,2.130000114440918,2.200000047683716,17600,0.0,0.0
2017-03-28 00:00:00-04:00,2.140000104904175,2.1500000953674316,2.109999895095825,2.140000104904175,9700,0.0,0.0
2017-03-29 00:00:00-04:00,2.130000114440918,2.1700000762939453,2.119999885559082,2.119999885559082,9900,0.0,0.0
2017-03-30 00:00:00-04:00,2.109999895095825,2.190000057220459,2.049999952316284,2.0999999046325684,30100,0.0,0.0
2017-03-31 00:00:00-04:00,2.059999942779541,2.2200000286102295,2.059999942779541,2.1500000953674316,36400,0.0,0.0
2017-04-03 00:00:00-04:00,2.1700000762939453,2.2200000286102295,2.049999952316284,2.0999999046325684,33500,0.0,0.0
2017-04-04 00:00:00-04:00,2.0799999237060547,2.0899999141693115,1.9800000190734863,1.9800000190734863,51100,0.0,0.0
2017-04-05 00:00:00-04:00,1.9800000190734863,2.009999990463257,1.9700000286102295,1.9800000190734863,16400,0.0,0.0
2017-04-06 00:00:00-04:00,2.069999933242798,2.069999933242798,1.9800000190734863,1.9900000095367432,8900,0.0,0.0
2017-04-07 00:00:00-04:00,2.009999990463257,2.059999942779541,1.9800000190734863,1.9800000190734863,6500,0.0,0.0
2017-04-10 00:00:00-04:00,2.0,2.0899999141693115,2.0,2.0199999809265137,22700,0.0,0.0
2017-04-11 00:00:00-04:00,2.0199999809265137,2.0899999141693115,1.9800000190734863,2.0399999618530273,31400,0.0,0.0
2017-04-12 00:00:00-04:00,2.0999999046325684,2.180000066757202,2.059999942779541,2.0899999141693115,49300,0.0,0.0
2017-04-13 00:00:00-04:00,2.0899999141693115,2.0899999141693115,2.0199999809265137,2.049999952316284,11100,0.0,0.0
2017-04-17 00:00:00-04:00,2.0399999618530273,2.049999952316284,2.0199999809265137,2.0199999809265137,8500,0.0,0.0
2017-04-18 00:00:00-04:00,2.0199999809265137,2.1700000762939453,2.009999990463257,2.069999933242798,9900,0.0,0.0
2017-04-19 00:00:00-04:00,2.0899999141693115,2.0899999141693115,2.0399999618530273,2.049999952316284,9600,0.0,0.0
2017-04-20 00:00:00-04:00,2.069999933242798,2.0799999237060547,2.0199999809265137,2.0199999809265137,10600,0.0,0.0
2017-04-21 00:00:00-04:00,2.0199999809265137,2.0399999618530273,1.9900000095367432,2.0199999809265137,2600,0.0,0.0
2017-04-24 00:00:00-04:00,2.0199999809265137,2.0399999618530273,1.9500000476837158,2.0199999809265137,11900,0.0,0.0
2017-04-25 00:00:00-04:00,2.0,2.1500000953674316,2.0,2.119999885559082,38700,0.0,0.0
2017-04-26 00:00:00-04:00,2.1500000953674316,2.1700000762939453,2.0999999046325684,2.0999999046325684,7300,0.0,0.0
2017-04-27 00:00:00-04:00,2.200000047683716,2.200000047683716,2.0999999046325684,2.0999999046325684,3000,0.0,0.0
2017-04-28 00:00:00-04:00,2.119999885559082,2.140000104904175,2.0399999618530273,2.069999933242798,23000,0.0,0.0
2017-05-01 00:00:00-04:00,2.069999933242798,2.0999999046325684,2.0199999809265137,2.0199999809265137,7200,0.0,0.0
2017-05-02 00:00:00-04:00,2.059999942779541,2.059999942779541,2.059999942779541,2.059999942779541,100,0.0,0.0
2017-05-03 00:00:00-04:00,2.0899999141693115,2.130000114440918,2.0199999809265137,2.0199999809265137,9000,0.0,0.0
2017-05-04 00:00:00-04:00,2.190000057220459,2.190000057220459,2.0799999237060547,2.109999895095825,16400,0.0,0.0
2017-05-05 00:00:00-04:00,2.0399999618530273,2.049999952316284,2.0199999809265137,2.049999952316284,4400,0.0,0.0
2017-05-08 00:00:00-04:00,2.049999952316284,2.0999999046325684,2.0299999713897705,2.049999952316284,21500,0.0,0.0
2017-05-09 00:00:00-04:00,2.140000104904175,2.2899999618530273,2.059999942779541,2.0899999141693115,165300,0.0,0.0
2017-05-10 00:00:00-04:00,2.0999999046325684,2.1700000762939453,2.0399999618530273,2.0899999141693115,21600,0.0,0.0
2017-05-11 00:00:00-04:00,2.109999895095825,2.109999895095825,2.0899999141693115,2.0999999046325684,3300,0.0,0.0
2017-05-12 00:00:00-04:00,2.0999999046325684,2.0999999046325684,2.059999942779541,2.0899999141693115,16000,0.0,0.0
2017-05-15 00:00:00-04:00,2.130000114440918,2.130000114440918,2.049999952316284,2.069999933242798,3700,0.0,0.0
2017-05-16 00:00:00-04:00,2.140000104904175,2.140000104904175,2.059999942779541,2.0799999237060547,12300,0.0,0.0
2017-05-17 00:00:00-04:00,2.059999942779541,2.059999942779541,2.0399999618530273,2.049999952316284,6700,0.0,0.0
2017-05-18 00:00:00-04:00,2.0799999237060547,2.109999895095825,2.049999952316284,2.049999952316284,1500,0.0,0.0
2017-05-19 00:00:00-04:00,2.119999885559082,2.119999885559082,2.049999952316284,2.0799999237060547,10900,0.0,0.0
2017-05-22 00:00:00-04:00,2.130000114440918,2.130000114440918,2.0399999618530273,2.0899999141693115,10100,0.0,0.0
2017-05-23 00:00:00-04:00,2.109999895095825,2.109999895095825,2.0399999618530273,2.069999933242798,6500,0.0,0.0
2017-05-24 00:00:00-04:00,2.069999933242798,2.25,2.069999933242798,2.240000009536743,28600,0.0,0.0
2017-05-25 00:00:00-04:00,2.200000047683716,2.200000047683716,2.009999990463257,2.049999952316284,29400,0.0,0.0
2017-05-26 00:00:00-04:00,2.0399999618530273,2.069999933242798,2.009999990463257,2.0199999809265137,9000,0.0,0.0
2017-05-30 00:00:00-04:00,2.0,2.0299999713897705,1.9700000286102295,1.9800000190734863,33200,0.0,0.0
2017-05-31 00:00:00-04:00,1.9700000286102295,2.0,1.9199999570846558,1.9600000381469727,22600,0.0,0.0
2017-06-01 00:00:00-04:00,1.909999966621399,1.9900000095367432,1.8600000143051147,1.9900000095367432,22900,0.0,0.0
2017-06-02 00:00:00-04:00,2.009999990463257,2.0299999713897705,2.009999990463257,2.009999990463257,4800,0.0,0.0
2017-06-05 00:00:00-04:00,2.0299999713897705,2.059999942779541,1.9299999475479126,1.940000057220459,13700,0.0,0.0
2017-06-06 00:00:00-04:00,2.0,2.0,1.8300000429153442,1.8899999856948853,16300,0.0,0.0
2017-06-07 00:00:00-04:00,1.8799999952316284,1.899999976158142,1.850000023841858,1.8799999952316284,11900,0.0,0.0
2017-06-08 00:00:00-04:00,1.8700000047683716,1.8799999952316284,1.8600000143051147,1.8799999952316284,5800,0.0,0.0
2017-06-09 00:00:00-04:00,1.899999976158142,1.9500000476837158,1.8899999856948853,1.899999976158142,8700,0.0,0.0
2017-06-12 00:00:00-04:00,1.9500000476837158,1.9500000476837158,1.899999976158142,1.9199999570846558,8300,0.0,0.0
2017-06-13 00:00:00-04:00,1.9199999570846558,1.9199999570846558,1.8600000143051147,1.8799999952316284,4400,0.0,0.0
2017-06-14 00:00:00-04:00,1.850000023841858,1.8600000143051147,1.7799999713897705,1.8600000143051147,16700,0.0,0.0
2017-06-15 00:00:00-04:00,1.7799999713897705,1.9299999475479126,1.75,1.7899999618530273,36400,0.0,0.0
2017-06-16 00:00:00-04:00,1.7799999713897705,1.8799999952316284,1.7200000286102295,1.8200000524520874,52400,0.0,0.0
2017-06-19 00:00:00-04:00,1.850000023841858,1.850000023841858,1.7599999904632568,1.7999999523162842,35400,0.0,0.0
2017-06-20 00:00:00-04:00,1.8300000429153442,1.850000023841858,1.809999942779541,1.809999942779541,7300,0.0,0.0
2017-06-21 00:00:00-04:00,1.7899999618530273,1.809999942779541,1.7200000286102295,1.75,36100,0.0,0.0
2017-06-22 00:00:00-04:00,1.7300000190734863,1.7999999523162842,1.7300000190734863,1.7599999904632568,16100,0.0,0.0
2017-06-23 00:00:00-04:00,1.8200000524520874,1.899999976158142,1.7599999904632568,1.840000033378601,13400,0.0,0.0
2017-06-26 00:00:00-04:00,1.7999999523162842,1.909999966621399,1.7100000381469727,1.8799999952316284,30600,0.0,0.0
2017-06-27 00:00:00-04:00,1.850000023841858,1.850000023841858,1.75,1.7699999809265137,8400,0.0,0.0
2017-06-28 00:00:00-04:00,1.7599999904632568,1.840000033378601,1.690000057220459,1.7799999713897705,37400,0.0,0.0
2017-06-29 00:00:00-04:00,1.7599999904632568,1.7799999713897705,1.7400000095367432,1.7400000095367432,13400,0.0,0.0
2017-06-30 00:00:00-04:00,1.7400000095367432,1.7899999618530273,1.7400000095367432,1.7799999713897705,17500,0.0,0.0
2017-07-03 00:00:00-04:00,1.7699999809265137,1.8300000429153442,1.7699999809265137,1.8200000524520874,900,0.0,0.0
2017-07-05 00:00:00-04:00,1.8300000429153442,1.840000033378601,1.7599999904632568,1.7599999904632568,1000,0.0,0.0
2017-07-06 00:00:00-04:00,1.8899999856948853,1.8899999856948853,1.850000023841858,1.850000023841858,1800,0.0,0.0
2017-07-07 00:00:00-04:00,1.8899999856948853,1.8899999856948853,1.8700000047683716,1.8700000047683716,10900,0.0,0.0
2017-07-10 00:00:00-04:00,1.7699999809265137,1.9500000476837158,1.7699999809265137,1.899999976158142,27700,0.0,0.0
2017-07-11 00:00:00-04:00,1.8700000047683716,1.899999976158142,1.8700000047683716,1.899999976158142,6400,0.0,0.0
2017-07-12 00:00:00-04:00,1.9500000476837158,2.0999999046325684,1.940000057220459,2.0799999237060547,24000,0.0,0.0
2017-07-13 00:00:00-04:00,2.049999952316284,2.059999942779541,2.0199999809265137,2.0299999713897705,4400,0.0,0.0
2017-07-14 00:00:00-04:00,2.0299999713897705,2.0799999237060547,2.0299999713897705,2.059999942779541,2200,0.0,0.0
2017-07-17 00:00:00-04:00,2.0,2.0199999809265137,1.9500000476837158,2.0,22600,0.0,0.0
2017-07-18 00:00:00-04:00,2.069999933242798,2.069999933242798,2.009999990463257,2.009999990463257,1500,0.0,0.0
2017-07-19 00:00:00-04:00,1.9800000190734863,2.0799999237060547,1.909999966621399,2.0,5200,0.0,0.0
2017-07-20 00:00:00-04:00,2.0799999237060547,2.0799999237060547,1.9900000095367432,2.049999952316284,1800,0.0,0.0
2017-07-21 00:00:00-04:00,1.9800000190734863,1.9900000095367432,1.9800000190734863,1.9900000095367432,300,0.0,0.0
2017-07-24 00:00:00-04:00,1.9199999570846558,2.0,1.909999966621399,1.9800000190734863,1600,0.0,0.0
2017-07-25 00:00:00-04:00,2.059999942779541,2.059999942779541,1.8799999952316284,2.0,4900,0.0,0.0
2017-07-26 00:00:00-04:00,2.0199999809265137,2.0199999809265137,1.9900000095367432,1.9900000095367432,200,0.0,0.0
2017-07-27 00:00:00-04:00,2.059999942779541,2.059999942779541,1.9700000286102295,2.0,700,0.0,0.0
2017-07-28 00:00:00-04:00,1.9500000476837158,2.0,1.9500000476837158,2.0,1400,0.0,0.0
2017-07-31 00:00:00-04:00,1.9700000286102295,2.049999952316284,1.9700000286102295,2.049999952316284,1900,0.0,0.0
2017-08-01 00:00:00-04:00,2.0399999618530273,2.049999952316284,2.0,2.009999990463257,1500,0.0,0.0
2017-08-02 00:00:00-04:00,1.9500000476837158,1.9700000286102295,1.9500000476837158,1.9600000381469727,4500,0.0,0.0
2017-08-03 00:00:00-04:00,1.9500000476837158,2.0,1.8899999856948853,1.8899999856948853,8000,0.0,0.0
2017-08-04 00:00:00-04:00,1.8600000143051147,1.940000057220459,1.8600000143051147,1.8700000047683716,4600,0.0,0.0
2017-08-07 00:00:00-04:00,1.9800000190734863,1.9900000095367432,1.8700000047683716,1.909999966621399,12000,0.0,0.0
2017-08-08 00:00:00-04:00,1.9199999570846558,1.9900000095367432,1.8300000429153442,1.8899999856948853,1400,0.0,0.0
2017-08-09 00:00:00-04:00,2.0,2.0,1.9199999570846558,1.9800000190734863,8300,0.0,0.0
2017-08-10 00:00:00-04:00,1.9500000476837158,2.009999990463257,1.9199999570846558,1.9900000095367432,10100,0.0,0.0
2017-08-11 00:00:00-04:00,1.9500000476837158,2.0299999713897705,1.809999942779541,1.8600000143051147,25600,0.0,0.0
2017-08-14 00:00:00-04:00,1.899999976158142,1.909999966621399,1.8799999952316284,1.8899999856948853,2900,0.0,0.0
2017-08-15 00:00:00-04:00,1.8799999952316284,1.9900000095367432,1.840000033378601,1.9900000095367432,49500,0.0,0.0
2017-08-16 00:00:00-04:00,1.7999999523162842,1.9900000095367432,1.7999999523162842,1.940000057220459,38000,0.0,0.0
2017-08-17 00:00:00-04:00,1.850000023841858,1.9600000381469727,1.8200000524520874,1.8600000143051147,5600,0.0,0.0
2017-08-18 00:00:00-04:00,1.8600000143051147,1.9500000476837158,1.8200000524520874,1.8300000429153442,19400,0.0,0.0
2017-08-21 00:00:00-04:00,1.850000023841858,1.9700000286102295,1.850000023841858,1.899999976158142,9200,0.0,0.0
2017-08-22 00:00:00-04:00,1.8799999952316284,1.8799999952316284,1.7899999618530273,1.7899999618530273,16800,0.0,0.0
2017-08-23 00:00:00-04:00,1.7899999618530273,1.809999942779541,1.7300000190734863,1.7400000095367432,24300,0.0,0.0
2017-08-24 00:00:00-04:00,1.850000023841858,1.850000023841858,1.7899999618530273,1.7899999618530273,700,0.0,0.0
2017-08-25 00:00:00-04:00,1.75,1.75,1.5299999713897705,1.7000000476837158,141300,0.0,0.0
2017-08-28 00:00:00-04:00,1.6799999475479126,1.75,1.5499999523162842,1.75,56000,0.0,0.0
2017-08-29 00:00:00-04:00,1.7400000095367432,1.7400000095367432,1.7300000190734863,1.7400000095367432,2100,0.0,0.0
2017-08-30 00:00:00-04:00,1.7100000381469727,1.7300000190734863,1.7100000381469727,1.7200000286102295,6600,0.0,0.0
2017-08-31 00:00:00-04:00,1.7300000190734863,1.7400000095367432,1.690000057220459,1.7300000190734863,6600,0.0,0.0
2017-09-01 00:00:00-04:00,1.6200000047683716,1.7300000190734863,1.6200000047683716,1.7200000286102295,18200,0.0,0.0
2017-09-05 00:00:00-04:00,1.7200000286102295,1.7200000286102295,1.659999966621399,1.7000000476837158,4700,0.0,0.0
2017-09-06 00:00:00-04:00,1.649999976158142,1.7300000190734863,1.649999976158142,1.7300000190734863,6100,0.0,0.0
2017-09-07 00:00:00-04:00,1.6699999570846558,1.7300000190734863,1.6399999856948853,1.7300000190734863,9300,0.0,0.0
2017-09-08 00:00:00-04:00,1.649999976158142,1.690000057220459,1.6399999856948853,1.6699999570846558,5600,0.0,0.0
2017-09-11 00:00:00-04:00,1.649999976158142,1.7000000476837158,1.649999976158142,1.690000057220459,10000,0.0,0.0
2017-09-12 00:00:00-04:00,1.7100000381469727,1.7100000381469727,1.6699999570846558,1.690000057220459,4600,0.0,0.0
2017-09-13 00:00:00-04:00,1.7000000476837158,1.7000000476837158,1.6799999475479126,1.690000057220459,1000,0.0,0.0
2017-09-14 00:00:00-04:00,1.6699999570846558,1.690000057220459,1.6699999570846558,1.690000057220459,500,0.0,0.0
2017-09-15 00:00:00-04:00,1.690000057220459,1.7200000286102295,1.649999976158142,1.7100000381469727,10900,0.0,0.0
2017-09-18 00:00:00-04:00,1.7400000095367432,1.7400000095367432,1.7000000476837158,1.7000000476837158,21800,0.0,0.0
2017-09-19 00:00:00-04:00,1.7000000476837158,1.7000000476837158,1.6799999475479126,1.6799999475479126,1500,0.0,0.0
2017-09-20 00:00:00-04:00,1.7000000476837158,1.7200000286102295,1.7000000476837158,1.7000000476837158,5800,0.0,0.0
2017-09-21 00:00:00-04:00,1.7000000476837158,1.7000000476837158,1.7000000476837158,1.7000000476837158,0,0.0,0.0
2017-09-22 00:00:00-04:00,1.690000057220459,1.7100000381469727,1.6299999952316284,1.7000000476837158,32900,0.0,0.0
2017-09-25 00:00:00-04:00,1.649999976158142,1.8799999952316284,1.6399999856948853,1.8300000429153442,94200,0.0,0.0
2017-09-26 00:00:00-04:00,1.8700000047683716,1.8700000047683716,1.7999999523162842,1.7999999523162842,33900,0.0,0.0
2017-09-27 00:00:00-04:00,1.7200000286102295,1.7899999618530273,1.7200000286102295,1.7599999904632568,20500,0.0,0.0
2017-09-28 00:00:00-04:00,1.75,1.7599999904632568,1.7200000286102295,1.75,13800,0.0,0.0
2017-09-29 00:00:00-04:00,1.75,1.840000033378601,1.75,1.8300000429153442,19600,0.0,0.0
2017-10-02 00:00:00-04:00,1.7799999713897705,1.850000023841858,1.7799999713897705,1.850000023841858,13100,0.0,0.0
2017-10-03 00:00:00-04:00,1.850000023841858,1.8600000143051147,1.7999999523162842,1.7999999523162842,5000,0.0,0.0
2017-10-04 00:00:00-04:00,1.7699999809265137,1.8200000524520874,1.7400000095367432,1.7799999713897705,15800,0.0,0.0
2017-10-05 00:00:00-04:00,1.7999999523162842,1.8700000047683716,1.7999999523162842,1.850000023841858,8200,0.0,0.0
2017-10-06 00:00:00-04:00,1.850000023841858,1.909999966621399,1.850000023841858,1.850000023841858,30900,0.0,0.0
2017-10-09 00:00:00-04:00,1.850000023841858,1.850000023841858,1.7799999713897705,1.8200000524520874,8300,0.0,0.0
2017-10-10 00:00:00-04:00,1.9199999570846558,1.9199999570846558,1.8300000429153442,1.899999976158142,13400,0.0,0.0
2017-10-11 00:00:00-04:00,1.8799999952316284,1.9199999570846558,1.8799999952316284,1.909999966621399,19600,0.0,0.0
2017-10-12 00:00:00-04:00,1.840000033378601,1.840000033378601,1.840000033378601,1.840000033378601,500,0.0,0.0
2017-10-13 00:00:00-04:00,1.9199999570846558,1.940000057220459,1.8700000047683716,1.940000057220459,4600,0.0,0.0
2017-10-16 00:00:00-04:00,1.9199999570846558,1.9600000381469727,1.8700000047683716,1.8700000047683716,6700,0.0,0.0
2017-10-17 00:00:00-04:00,1.899999976158142,1.899999976158142,1.7999999523162842,1.8200000524520874,4200,0.0,0.0
2017-10-18 00:00:00-04:00,1.8200000524520874,1.8200000524520874,1.75,1.7599999904632568,39600,0.0,0.0
2017-10-19 00:00:00-04:00,1.7699999809265137,1.909999966621399,1.7200000286102295,1.909999966621399,96000,0.0,0.0
2017-10-20 00:00:00-04:00,1.909999966621399,1.9900000095367432,1.840000033378601,1.899999976158142,77700,0.0,0.0
2017-10-23 00:00:00-04:00,1.940000057220459,1.940000057220459,1.850000023841858,1.850000023841858,1700,0.0,0.0
2017-10-24 00:00:00-04:00,1.850000023841858,1.850000023841858,1.7899999618530273,1.840000033378601,5000,0.0,0.0
2017-10-25 00:00:00-04:00,1.850000023841858,1.8600000143051147,1.7999999523162842,1.7999999523162842,17200,0.0,0.0
2017-10-26 00:00:00-04:00,1.7100000381469727,1.899999976158142,1.7100000381469727,1.899999976158142,43100,0.0,0.0
2017-10-27 00:00:00-04:00,1.9199999570846558,1.9199999570846558,1.7999999523162842,1.840000033378601,27600,0.0,0.0
2017-10-30 00:00:00-04:00,1.8600000143051147,1.9199999570846558,1.850000023841858,1.8700000047683716,42600,0.0,0.0
2017-10-31 00:00:00-04:00,1.899999976158142,1.899999976158142,1.850000023841858,1.850000023841858,25000,0.0,0.0
2017-11-01 00:00:00-04:00,1.8899999856948853,1.8899999856948853,1.840000033378601,1.850000023841858,16500,0.0,0.0
2017-11-02 00:00:00-04:00,1.8600000143051147,1.9500000476837158,1.840000033378601,1.9500000476837158,52500,0.0,0.0
2017-11-03 00:00:00-04:00,1.9500000476837158,1.9500000476837158,1.8200000524520874,1.899999976158142,38100,0.0,0.0
2017-11-06 00:00:00-05:00,1.899999976158142,1.940000057220459,1.840000033378601,1.899999976158142,33400,0.0,0.0
2017-11-07 00:00:00-05:00,1.8799999952316284,1.899999976158142,1.8600000143051147,1.899999976158142,11200,0.0,0.0
2017-11-08 00:00:00-05:00,1.8799999952316284,1.899999976158142,1.840000033378601,1.899999976158142,29600,0.0,0.0
2017-11-09 00:00:00-05:00,1.899999976158142,2.2200000286102295,1.7699999809265137,1.850000023841858,196500,0.0,0.0
2017-11-10 00:00:00-05:00,1.850000023841858,1.9500000476837158,1.850000023841858,1.909999966621399,88800,0.0,0.0
2017-11-13 00:00:00-05:00,1.899999976158142,1.9299999475479126,1.850000023841858,1.8600000143051147,18300,0.0,0.0
2017-11-14 00:00:00-05:00,1.850000023841858,1.899999976158142,1.850000023841858,1.850000023841858,13800,0.0,0.0
2017-11-15 00:00:00-05:00,1.7899999618530273,1.899999976158142,1.7799999713897705,1.840000033378601,8400,0.0,0.0
2017-11-16 00:00:00-05:00,1.8899999856948853,2.549999952316284,1.7999999523162842,1.909999966621399,1127900,0.0,0.0
2017-11-17 00:00:00-05:00,1.8300000429153442,2.1700000762939453,1.809999942779541,2.0,134300,0.0,0.0
2017-11-20 00:00:00-05:00,2.049999952316284,2.1600000858306885,2.009999990463257,2.109999895095825,133900,0.0,0.0
2017-11-21 00:00:00-05:00,2.109999895095825,2.259999990463257,2.0799999237060547,2.240000009536743,147700,0.0,0.0
2017-11-22 00:00:00-05:00,2.25,2.7300000190734863,2.0299999713897705,2.069999933242798,1455400,0.0,0.0
2017-11-24 00:00:00-05:00,2.0999999046325684,2.25,2.0999999046325684,2.130000114440918,66300,0.0,0.0
2017-11-27 00:00:00-05:00,2.1700000762939453,2.369999885559082,2.140000104904175,2.1600000858306885,311600,0.0,0.0
2017-11-28 00:00:00-05:00,2.1600000858306885,2.319999933242798,2.1600000858306885,2.319999933242798,189400,0.0,0.0
2017-11-29 00:00:00-05:00,2.3299999237060547,2.5,2.2300000190734863,2.430000066757202,212000,0.0,0.0
2017-11-30 00:00:00-05:00,2.6600000858306885,2.9700000286102295,2.2699999809265137,2.3299999237060547,1552900,0.0,0.0
2017-12-01 00:00:00-05:00,2.1600000858306885,2.3499999046325684,2.1600000858306885,2.259999990463257,113500,0.0,0.0
2017-12-04 00:00:00-05:00,2.25,2.4100000858306885,2.2200000286102295,2.2300000190734863,46300,0.0,0.0
2017-12-05 00:00:00-05:00,2.2200000286102295,2.2799999713897705,2.1500000953674316,2.1600000858306885,56000,0.0,0.0
2017-12-06 00:00:00-05:00,2.1500000953674316,2.3499999046325684,2.1500000953674316,2.2799999713897705,62500,0.0,0.0
2017-12-07 00:00:00-05:00,2.2899999618530273,2.3299999237060547,2.200000047683716,2.200000047683716,34800,0.0,0.0
2017-12-08 00:00:00-05:00,2.309999942779541,2.309999942779541,2.2100000381469727,2.240000009536743,16500,0.0,0.0
2017-12-11 00:00:00-05:00,2.200000047683716,2.3399999141693115,2.200000047683716,2.299999952316284,63000,0.0,0.0
2017-12-12 00:00:00-05:00,2.2100000381469727,2.319999933242798,2.2100000381469727,2.259999990463257,32900,0.0,0.0
2017-12-13 00:00:00-05:00,2.4000000953674316,2.4200000762939453,2.25,2.3299999237060547,216400,0.0,0.0
2017-12-14 00:00:00-05:00,2.3499999046325684,2.359999895095825,2.190000057220459,2.2100000381469727,14500,0.0,0.0
2017-12-15 00:00:00-05:00,2.299999952316284,2.299999952316284,2.180000066757202,2.2300000190734863,25800,0.0,0.0
2017-12-18 00:00:00-05:00,2.240000009536743,2.440000057220459,2.2100000381469727,2.240000009536743,94400,0.0,0.0
2017-12-19 00:00:00-05:00,2.4100000858306885,2.6700000762939453,2.2899999618530273,2.390000104904175,383600,0.0,0.0
2017-12-20 00:00:00-05:00,2.319999933242798,2.450000047683716,2.2799999713897705,2.380000114440918,239900,0.0,0.0
2017-12-21 00:00:00-05:00,2.4200000762939453,2.450000047683716,2.200000047683716,2.25,177600,0.0,0.0
2017-12-22 00:00:00-05:00,2.2799999713897705,2.3499999046325684,2.1700000762939453,2.2200000286102295,95700,0.0,0.0
2017-12-26 00:00:00-05:00,2.2699999809265137,2.2799999713897705,2.190000057220459,2.200000047683716,63800,0.0,0.0
2017-12-27 00:00:00-05:00,2.190000057220459,2.25,2.180000066757202,2.180000066757202,58600,0.0,0.0
2017-12-28 00:00:00-05:00,2.2100000381469727,2.2300000190734863,2.119999885559082,2.180000066757202,68100,0.0,0.0
2017-12-29 00:00:00-05:00,2.1600000858306885,2.200000047683716,2.0999999046325684,2.190000057220459,40500,0.0,0.0
2018-01-02 00:00:00-05:00,2.200000047683716,2.2899999618530273,2.200000047683716,2.2200000286102295,22200,0.0,0.0
2018-01-03 00:00:00-05:00,2.2300000190734863,2.259999990463257,2.1700000762939453,2.2100000381469727,22900,0.0,0.0
2018-01-04 00:00:00-05:00,2.200000047683716,2.3499999046325684,2.200000047683716,2.2899999618530273,51600,0.0,0.0
2018-01-05 00:00:00-05:00,2.299999952316284,2.3399999141693115,2.240000009536743,2.2699999809265137,45200,0.0,0.0
2018-01-08 00:00:00-05:00,2.240000009536743,2.240000009536743,2.1600000858306885,2.200000047683716,33000,0.0,0.0
2018-01-09 00:00:00-05:00,2.2699999809265137,2.2699999809265137,2.140000104904175,2.1500000953674316,38800,0.0,0.0
2018-01-10 00:00:00-05:00,2.240000009536743,2.240000009536743,2.0899999141693115,2.140000104904175,68800,0.0,0.0
2018-01-11 00:00:00-05:00,2.1600000858306885,2.2300000190734863,2.1500000953674316,2.1700000762939453,13400,0.0,0.0
2018-01-12 00:00:00-05:00,2.1700000762939453,2.5399999618530273,2.140000104904175,2.299999952316284,477100,0.0,0.0
2018-01-16 00:00:00-05:00,2.2300000190734863,2.3499999046325684,2.1700000762939453,2.200000047683716,111100,0.0,0.0
2018-01-17 00:00:00-05:00,2.1500000953674316,2.319999933242798,2.1500000953674316,2.2300000190734863,152000,0.0,0.0
2018-01-18 00:00:00-05:00,2.2300000190734863,2.240000009536743,2.1500000953674316,2.180000066757202,62100,0.0,0.0
2018-01-19 00:00:00-05:00,2.200000047683716,2.2699999809265137,2.1700000762939453,2.2699999809265137,26700,0.0,0.0
2018-01-22 00:00:00-05:00,2.25,2.2899999618530273,2.200000047683716,2.259999990463257,8600,0.0,0.0
2018-01-23 00:00:00-05:00,2.259999990463257,2.299999952316284,2.240000009536743,2.25,12800,0.0,0.0
2018-01-24 00:00:00-05:00,2.190000057220459,2.2100000381469727,2.1600000858306885,2.190000057220459,27400,0.0,0.0
2018-01-25 00:00:00-05:00,2.190000057220459,2.2200000286102295,2.190000057220459,2.2200000286102295,8800,0.0,0.0
2018-01-26 00:00:00-05:00,2.299999952316284,2.299999952316284,2.2100000381469727,2.240000009536743,12200,0.0,0.0
2018-01-29 00:00:00-05:00,2.299999952316284,2.299999952316284,2.200000047683716,2.2699999809265137,9200,0.0,0.0
2018-01-30 00:00:00-05:00,2.240000009536743,2.2799999713897705,2.1700000762939453,2.2300000190734863,17000,0.0,0.0
2018-01-31 00:00:00-05:00,2.2100000381469727,2.259999990463257,2.1600000858306885,2.180000066757202,16500,0.0,0.0
2018-02-01 00:00:00-05:00,2.190000057220459,2.2699999809265137,2.1700000762939453,2.2300000190734863,22300,0.0,0.0
2018-02-02 00:00:00-05:00,2.1700000762939453,2.190000057220459,2.119999885559082,2.1500000953674316,46600,0.0,0.0
2018-02-05 00:00:00-05:00,2.25,2.25,2.069999933242798,2.0899999141693115,35300,0.0,0.0
2018-02-06 00:00:00-05:00,2.0899999141693115,2.3399999141693115,2.0899999141693115,2.0899999141693115,28100,0.0,0.0
2018-02-07 00:00:00-05:00,2.2200000286102295,2.2200000286102295,2.0299999713897705,2.0299999713897705,10200,0.0,0.0
2018-02-08 00:00:00-05:00,2.009999990463257,2.0299999713897705,1.9199999570846558,1.940000057220459,50900,0.0,0.0
2018-02-09 00:00:00-05:00,2.0,2.0,1.909999966621399,1.9500000476837158,18000,0.0,0.0
2018-02-12 00:00:00-05:00,2.009999990463257,2.0399999618530273,1.940000057220459,1.9900000095367432,21200,0.0,0.0
2018-02-13 00:00:00-05:00,1.9900000095367432,2.049999952316284,1.9800000190734863,2.0299999713897705,43900,0.0,0.0
2018-02-14 00:00:00-05:00,1.9900000095367432,2.140000104904175,1.9900000095367432,2.109999895095825,11000,0.0,0.0
2018-02-15 00:00:00-05:00,2.119999885559082,2.140000104904175,2.109999895095825,2.109999895095825,9800,0.0,0.0
2018-02-16 00:00:00-05:00,2.049999952316284,2.130000114440918,2.049999952316284,2.130000114440918,11300,0.0,0.0
2018-02-20 00:00:00-05:00,2.1600000858306885,2.4200000762939453,2.109999895095825,2.1700000762939453,300800,0.0,0.0
2018-02-21 00:00:00-05:00,2.180000066757202,2.25,2.119999885559082,2.1700000762939453,22300,0.0,0.0
2018-02-22 00:00:00-05:00,2.1700000762939453,2.1700000762939453,2.0,2.0799999237060547,65600,0.0,0.0
2018-02-23 00:00:00-05:00,2.2300000190734863,2.2300000190734863,2.0899999141693115,2.1600000858306885,37900,0.0,0.0
2018-02-26 00:00:00-05:00,2.059999942779541,2.130000114440918,2.059999942779541,2.0899999141693115,20000,0.0,0.0
2018-02-27 00:00:00-05:00,2.1700000762939453,2.1700000762939453,2.009999990463257,2.0199999809265137,59400,0.0,0.0
2018-02-28 00:00:00-05:00,2.0199999809265137,2.069999933242798,1.940000057220459,2.069999933242798,29800,0.0,0.0
2018-03-01 00:00:00-05:00,2.0799999237060547,2.0799999237060547,1.9500000476837158,1.9700000286102295,15000,0.0,0.0
2018-03-02 00:00:00-05:00,2.0299999713897705,2.0299999713897705,1.9299999475479126,2.009999990463257,8600,0.0,0.0
2018-03-05 00:00:00-05:00,2.0,2.0799999237060547,1.8600000143051147,2.0299999713897705,37500,0.0,0.0
2018-03-06 00:00:00-05:00,2.0399999618530273,2.069999933242798,2.0199999809265137,2.0199999809265137,6600,0.0,0.0
2018-03-07 00:00:00-05:00,2.069999933242798,2.069999933242798,2.0399999618530273,2.0399999618530273,2400,0.0,0.0
2018-03-08 00:00:00-05:00,2.059999942779541,2.069999933242798,1.9900000095367432,2.0,7800,0.0,0.0
2018-03-09 00:00:00-05:00,1.9800000190734863,2.0999999046325684,1.9299999475479126,1.9299999475479126,35400,0.0,0.0
2018-03-12 00:00:00-04:00,1.9900000095367432,2.0399999618530273,1.9900000095367432,2.0399999618530273,18400,0.0,0.0
2018-03-13 00:00:00-04:00,2.0,2.0299999713897705,1.9900000095367432,2.0199999809265137,8500,0.0,0.0
2018-03-14 00:00:00-04:00,2.0199999809265137,2.049999952316284,2.0199999809265137,2.049999952316284,6100,0.0,0.0
2018-03-15 00:00:00-04:00,2.059999942779541,2.0799999237060547,2.0399999618530273,2.0799999237060547,4400,0.0,0.0
2018-03-16 00:00:00-04:00,2.059999942779541,2.0799999237060547,2.049999952316284,2.059999942779541,7200,0.0,0.0
2018-03-19 00:00:00-04:00,2.0999999046325684,2.0999999046325684,2.0,2.059999942779541,18100,0.0,0.0
2018-03-20 00:00:00-04:00,2.059999942779541,2.059999942779541,2.0399999618530273,2.0399999618530273,4200,0.0,0.0
2018-03-21 00:00:00-04:00,2.0299999713897705,2.0899999141693115,2.0299999713897705,2.059999942779541,4100,0.0,0.0
2018-03-22 00:00:00-04:00,2.069999933242798,2.069999933242798,2.0,2.0199999809265137,8600,0.0,0.0
2018-03-23 00:00:00-04:00,2.0399999618530273,2.059999942779541,2.0199999809265137,2.049999952316284,37200,0.0,0.0
2018-03-26 00:00:00-04:00,2.390000104904175,2.4600000381469727,2.2200000286102295,2.240000009536743,440400,0.0,0.0
2018-03-27 00:00:00-04:00,2.180000066757202,2.240000009536743,2.109999895095825,2.1500000953674316,65900,0.0,0.0
2018-03-28 00:00:00-04:00,2.1700000762939453,2.2300000190734863,2.1700000762939453,2.190000057220459,40700,0.0,0.0
2018-03-29 00:00:00-04:00,2.240000009536743,2.240000009536743,2.2100000381469727,2.2300000190734863,29800,0.0,0.0
2018-04-02 00:00:00-04:00,2.2200000286102295,2.2200000286102295,2.1600000858306885,2.2100000381469727,15600,0.0,0.0
2018-04-03 00:00:00-04:00,2.2100000381469727,2.240000009536743,2.200000047683716,2.200000047683716,3700,0.0,0.0
2018-04-04 00:00:00-04:00,2.200000047683716,2.200000047683716,2.1600000858306885,2.180000066757202,4500,0.0,0.0
2018-04-05 00:00:00-04:00,2.1600000858306885,2.2200000286102295,2.1600000858306885,2.2200000286102295,6600,0.0,0.0
2018-04-06 00:00:00-04:00,2.2200000286102295,2.2300000190734863,2.180000066757202,2.2200000286102295,20600,0.0,0.0
2018-04-09 00:00:00-04:00,2.200000047683716,2.240000009536743,2.180000066757202,2.2200000286102295,54100,0.0,0.0
2018-04-10 00:00:00-04:00,2.2200000286102295,2.2300000190734863,2.190000057220459,2.190000057220459,7100,0.0,0.0
2018-04-11 00:00:00-04:00,2.240000009536743,2.2899999618530273,2.2200000286102295,2.25,26600,0.0,0.0
2018-04-12 00:00:00-04:00,2.2300000190734863,2.2799999713897705,2.2300000190734863,2.240000009536743,23300,0.0,0.0
2018-04-13 00:00:00-04:00,2.240000009536743,2.2799999713897705,2.200000047683716,2.2300000190734863,4700,0.0,0.0
2018-04-16 00:00:00-04:00,2.2799999713897705,2.2899999618530273,2.25,2.2699999809265137,16000,0.0,0.0
2018-04-17 00:00:00-04:00,2.2699999809265137,2.299999952316284,2.25,2.2699999809265137,14900,0.0,0.0
2018-04-18 00:00:00-04:00,2.25,2.2699999809265137,2.25,2.2699999809265137,7800,0.0,0.0
2018-04-19 00:00:00-04:00,2.2699999809265137,2.2699999809265137,2.2100000381469727,2.2100000381469727,7300,0.0,0.0
2018-04-20 00:00:00-04:00,2.25,2.25,2.190000057220459,2.200000047683716,10900,0.0,0.0
2018-04-23 00:00:00-04:00,2.1700000762939453,2.2699999809265137,2.130000114440918,2.130000114440918,18800,0.0,0.0
2018-04-24 00:00:00-04:00,2.180000066757202,2.2200000286102295,2.1600000858306885,2.2100000381469727,2000,0.0,0.0
2018-04-25 00:00:00-04:00,2.180000066757202,2.2200000286102295,2.180000066757202,2.2200000286102295,400,0.0,0.0
2018-04-26 00:00:00-04:00,2.25,2.25,2.130000114440918,2.1600000858306885,5900,0.0,0.0
2018-04-27 00:00:00-04:00,2.200000047683716,2.2699999809265137,2.1600000858306885,2.2200000286102295,9500,0.0,0.0
2018-04-30 00:00:00-04:00,2.1500000953674316,2.190000057220459,2.1500000953674316,2.180000066757202,7700,0.0,0.0
2018-05-01 00:00:00-04:00,2.25,2.25,2.130000114440918,2.2300000190734863,19100,0.0,0.0
2018-05-02 00:00:00-04:00,2.2100000381469727,2.2799999713897705,2.1700000762939453,2.2200000286102295,46000,0.0,0.0
2018-05-03 00:00:00-04:00,2.2100000381469727,2.2200000286102295,2.1600000858306885,2.200000047683716,14500,0.0,0.0
2018-05-04 00:00:00-04:00,2.2100000381469727,2.2200000286102295,2.2100000381469727,2.2200000286102295,2100,0.0,0.0
2018-05-07 00:00:00-04:00,2.200000047683716,2.2699999809265137,2.200000047683716,2.2699999809265137,16700,0.0,0.0
2018-05-08 00:00:00-04:00,2.2100000381469727,2.6500000953674316,2.2100000381469727,2.390000104904175,383100,0.0,0.0
2018-05-09 00:00:00-04:00,2.259999990463257,2.4700000286102295,2.259999990463257,2.309999942779541,101000,0.0,0.0
2018-05-10 00:00:00-04:00,2.430000066757202,2.430000066757202,2.2100000381469727,2.240000009536743,30300,0.0,0.0
2018-05-11 00:00:00-04:00,2.25,2.359999895095825,2.2100000381469727,2.2200000286102295,20400,0.0,0.0
2018-05-14 00:00:00-04:00,2.2300000190734863,2.2699999809265137,2.1600000858306885,2.259999990463257,54500,0.0,0.0
2018-05-15 00:00:00-04:00,2.2699999809265137,2.359999895095825,2.2300000190734863,2.2699999809265137,8100,0.0,0.0
2018-05-16 00:00:00-04:00,2.309999942779541,2.3299999237060547,2.2300000190734863,2.240000009536743,16700,0.0,0.0
2018-05-17 00:00:00-04:00,2.2699999809265137,2.319999933242798,2.240000009536743,2.319999933242798,12600,0.0,0.0
2018-05-18 00:00:00-04:00,2.3499999046325684,2.359999895095825,2.2799999713897705,2.299999952316284,6000,0.0,0.0
2018-05-21 00:00:00-04:00,2.2300000190734863,2.299999952316284,2.200000047683716,2.299999952316284,12200,0.0,0.0
2018-05-22 00:00:00-04:00,2.319999933242798,2.5299999713897705,2.1600000858306885,2.240000009536743,263800,0.0,0.0
2018-05-23 00:00:00-04:00,2.25,2.299999952316284,2.200000047683716,2.240000009536743,21000,0.0,0.0
2018-05-24 00:00:00-04:00,2.2100000381469727,2.259999990463257,2.200000047683716,2.259999990463257,19800,0.0,0.0
2018-05-25 00:00:00-04:00,2.240000009536743,2.3399999141693115,2.240000009536743,2.3299999237060547,15300,0.0,0.0
2018-05-29 00:00:00-04:00,2.430000066757202,2.559999942779541,2.25,2.299999952316284,418800,0.0,0.0
2018-05-30 00:00:00-04:00,2.3399999141693115,2.4700000286102295,2.299999952316284,2.4000000953674316,59900,0.0,0.0
2018-05-31 00:00:00-04:00,2.4000000953674316,2.5199999809265137,2.4000000953674316,2.5,132600,0.0,0.0
2018-06-01 00:00:00-04:00,2.5199999809265137,2.5899999141693115,2.430000066757202,2.490000009536743,58500,0.0,0.0
2018-06-04 00:00:00-04:00,2.5399999618530273,2.549999952316284,2.369999885559082,2.450000047683716,39900,0.0,0.0
2018-06-05 00:00:00-04:00,2.4000000953674316,2.440000057220459,2.309999942779541,2.369999885559082,112000,0.0,0.0
2018-06-06 00:00:00-04:00,2.3499999046325684,2.440000057220459,2.2899999618530273,2.359999895095825,26800,0.0,0.0
2018-06-07 00:00:00-04:00,2.359999895095825,2.4800000190734863,2.3499999046325684,2.369999885559082,7200,0.0,0.0
2018-06-08 00:00:00-04:00,2.369999885559082,2.369999885559082,2.319999933242798,2.3499999046325684,48400,0.0,0.0
2018-06-11 00:00:00-04:00,2.3499999046325684,2.369999885559082,2.309999942779541,2.3399999141693115,12000,0.0,0.0
2018-06-12 00:00:00-04:00,2.3499999046325684,2.3499999046325684,2.259999990463257,2.2699999809265137,52700,0.0,0.0
2018-06-13 00:00:00-04:00,2.299999952316284,2.3399999141693115,2.2100000381469727,2.2100000381469727,38600,0.0,0.0
2018-06-14 00:00:00-04:00,2.2300000190734863,2.3299999237060547,2.2100000381469727,2.2799999713897705,12200,0.0,0.0
2018-06-15 00:00:00-04:00,2.299999952316284,2.299999952316284,2.190000057220459,2.240000009536743,31700,0.0,0.0
2018-06-18 00:00:00-04:00,2.259999990463257,2.309999942779541,2.25,2.25,31200,0.0,0.0
2018-06-19 00:00:00-04:00,2.200000047683716,2.2699999809265137,2.200000047683716,2.2300000190734863,16000,0.0,0.0
2018-06-20 00:00:00-04:00,2.2300000190734863,2.2799999713897705,2.2200000286102295,2.259999990463257,18500,0.0,0.0
2018-06-21 00:00:00-04:00,2.2200000286102295,2.2699999809265137,2.1500000953674316,2.2699999809265137,49900,0.0,0.0
2018-06-22 00:00:00-04:00,2.2300000190734863,2.2699999809265137,2.1700000762939453,2.240000009536743,12000,0.0,0.0
2018-06-25 00:00:00-04:00,2.119999885559082,2.2200000286102295,2.119999885559082,2.119999885559082,55300,0.0,0.0
2018-06-26 00:00:00-04:00,2.119999885559082,2.3499999046325684,2.119999885559082,2.25,308600,0.0,0.0
2018-06-27 00:00:00-04:00,2.2699999809265137,2.3399999141693115,2.2200000286102295,2.240000009536743,41900,0.0,0.0
2018-06-28 00:00:00-04:00,2.1700000762939453,2.3299999237060547,2.1700000762939453,2.2699999809265137,34300,0.0,0.0
2018-06-29 00:00:00-04:00,2.2799999713897705,2.309999942779541,2.259999990463257,2.309999942779541,24900,0.0,0.0
2018-07-02 00:00:00-04:00,2.309999942779541,2.3399999141693115,2.240000009536743,2.319999933242798,49100,0.0,0.0
2018-07-03 00:00:00-04:00,2.319999933242798,2.319999933242798,2.2799999713897705,2.299999952316284,26100,0.0,0.0
2018-07-05 00:00:00-04:00,2.309999942779541,2.5299999713897705,2.25,2.430000066757202,308500,0.0,0.0
2018-07-06 00:00:00-04:00,2.4800000190734863,2.5199999809265137,2.450000047683716,2.5,134400,0.0,0.0
2018-07-09 00:00:00-04:00,2.5,2.5,2.359999895095825,2.4700000286102295,56200,0.0,0.0
2018-07-10 00:00:00-04:00,2.430000066757202,2.490000009536743,2.3499999046325684,2.4200000762939453,19300,0.0,0.0
2018-07-11 00:00:00-04:00,2.5399999618530273,2.7799999713897705,2.359999895095825,2.4000000953674316,738000,0.0,0.0
2018-07-12 00:00:00-04:00,2.4700000286102295,2.490000009536743,2.380000114440918,2.4600000381469727,48500,0.0,0.0
2018-07-13 00:00:00-04:00,2.4700000286102295,2.4800000190734863,2.4000000953674316,2.430000066757202,43400,0.0,0.0
2018-07-16 00:00:00-04:00,2.509999990463257,2.5799999237060547,2.4600000381469727,2.549999952316284,161100,0.0,0.0
2018-07-17 00:00:00-04:00,2.569999933242798,2.569999933242798,2.5,2.569999933242798,74800,0.0,0.0
2018-07-18 00:00:00-04:00,2.569999933242798,2.6500000953674316,2.5199999809265137,2.5799999237060547,219000,0.0,0.0
2018-07-19 00:00:00-04:00,2.609999895095825,2.630000114440918,2.549999952316284,2.619999885559082,34300,0.0,0.0
2018-07-20 00:00:00-04:00,2.640000104904175,2.640000104904175,2.5799999237060547,2.5999999046325684,49700,0.0,0.0
2018-07-23 00:00:00-04:00,2.5999999046325684,2.5999999046325684,2.5399999618530273,2.569999933242798,22600,0.0,0.0
2018-07-24 00:00:00-04:00,2.5999999046325684,2.630000114440918,2.509999990463257,2.5799999237060547,36300,0.0,0.0
2018-07-25 00:00:00-04:00,2.609999895095825,2.609999895095825,2.490000009536743,2.490000009536743,18100,0.0,0.0
2018-07-26 00:00:00-04:00,2.490000009536743,2.5399999618530273,2.450000047683716,2.509999990463257,12700,0.0,0.0
2018-07-27 00:00:00-04:00,2.5399999618530273,2.5399999618530273,2.430000066757202,2.490000009536743,14300,0.0,0.0
2018-07-30 00:00:00-04:00,2.4700000286102295,2.4700000286102295,2.4200000762939453,2.430000066757202,50900,0.0,0.0
2018-07-31 00:00:00-04:00,2.450000047683716,2.509999990463257,2.450000047683716,2.4600000381469727,1300,0.0,0.0
2018-08-01 00:00:00-04:00,2.4700000286102295,2.4700000286102295,2.430000066757202,2.440000057220459,18300,0.0,0.0
2018-08-02 00:00:00-04:00,2.5199999809265137,2.619999885559082,2.440000057220459,2.4800000190734863,7500,0.0,0.0
2018-08-03 00:00:00-04:00,2.5299999713897705,2.5299999713897705,2.4200000762939453,2.5,9300,0.0,0.0
2018-08-06 00:00:00-04:00,2.6500000953674316,2.6500000953674316,2.4800000190734863,2.5,11200,0.0,0.0
2018-08-07 00:00:00-04:00,2.5299999713897705,2.5299999713897705,2.450000047683716,2.4800000190734863,22400,0.0,0.0
2018-08-08 00:00:00-04:00,2.4700000286102295,2.5799999237060547,2.450000047683716,2.4700000286102295,62400,0.0,0.0
2018-08-09 00:00:00-04:00,2.5199999809265137,2.5199999809265137,2.4600000381469727,2.4800000190734863,9000,0.0,0.0
2018-08-10 00:00:00-04:00,2.5199999809265137,2.5199999809265137,2.4700000286102295,2.5199999809265137,1500,0.0,0.0
2018-08-13 00:00:00-04:00,2.549999952316284,2.5899999141693115,2.5199999809265137,2.559999942779541,73700,0.0,0.0
2018-08-14 00:00:00-04:00,2.5999999046325684,2.609999895095825,2.4800000190734863,2.5199999809265137,69200,0.0,0.0
2018-08-15 00:00:00-04:00,2.5399999618530273,2.5399999618530273,2.4600000381469727,2.4800000190734863,10700,0.0,0.0
2018-08-16 00:00:00-04:00,2.5399999618530273,2.549999952316284,2.490000009536743,2.5399999618530273,8300,0.0,0.0
2018-08-17 00:00:00-04:00,2.5,2.549999952316284,2.450000047683716,2.5,33800,0.0,0.0
2018-08-20 00:00:00-04:00,2.5,2.549999952316284,2.490000009536743,2.5,41300,0.0,0.0
2018-08-21 00:00:00-04:00,2.3499999046325684,2.380000114440918,2.2100000381469727,2.319999933242798,162600,0.0,0.0
2018-08-22 00:00:00-04:00,2.2699999809265137,2.3499999046325684,2.2699999809265137,2.319999933242798,31100,0.0,0.0
2018-08-23 00:00:00-04:00,2.3499999046325684,2.4000000953674316,2.319999933242798,2.390000104904175,25700,0.0,0.0
2018-08-24 00:00:00-04:00,2.359999895095825,2.369999885559082,2.2899999618530273,2.3499999046325684,74400,0.0,0.0
2018-08-27 00:00:00-04:00,2.4100000858306885,2.4100000858306885,2.3299999237060547,2.3299999237060547,36600,0.0,0.0
2018-08-28 00:00:00-04:00,2.359999895095825,2.359999895095825,2.309999942779541,2.319999933242798,30500,0.0,0.0
2018-08-29 00:00:00-04:00,2.319999933242798,2.359999895095825,2.309999942779541,2.3299999237060547,49500,0.0,0.0
2018-08-30 00:00:00-04:00,2.299999952316284,2.3399999141693115,2.2799999713897705,2.3399999141693115,12700,0.0,0.0
2018-08-31 00:00:00-04:00,2.3499999046325684,2.380000114440918,2.319999933242798,2.369999885559082,47400,0.0,0.0
2018-09-04 00:00:00-04:00,2.380000114440918,2.430000066757202,2.380000114440918,2.4200000762939453,26200,0.0,0.0
2018-09-05 00:00:00-04:00,2.390000104904175,2.5199999809265137,2.390000104904175,2.430000066757202,17300,0.0,0.0
2018-09-06 00:00:00-04:00,2.4600000381469727,2.5299999713897705,2.4000000953674316,2.4800000190734863,26000,0.0,0.0
2018-09-07 00:00:00-04:00,2.4600000381469727,2.509999990463257,2.430000066757202,2.490000009536743,7800,0.0,0.0
2018-09-10 00:00:00-04:00,2.490000009536743,2.490000009536743,2.430000066757202,2.450000047683716,20800,0.0,0.0
2018-09-11 00:00:00-04:00,2.4700000286102295,2.4800000190734863,2.4600000381469727,2.4800000190734863,37100,0.0,0.0
2018-09-12 00:00:00-04:00,2.4700000286102295,2.490000009536743,2.380000114440918,2.4800000190734863,25800,0.0,0.0
2018-09-13 00:00:00-04:00,2.490000009536743,2.490000009536743,2.450000047683716,2.450000047683716,16100,0.0,0.0
2018-09-14 00:00:00-04:00,2.430000066757202,2.4800000190734863,2.4200000762939453,2.4600000381469727,15800,0.0,0.0
2018-09-17 00:00:00-04:00,2.490000009536743,2.490000009536743,2.450000047683716,2.4700000286102295,33600,0.0,0.0
2018-09-18 00:00:00-04:00,2.490000009536743,2.490000009536743,2.4600000381469727,2.4800000190734863,12000,0.0,0.0
2018-09-19 00:00:00-04:00,2.490000009536743,2.490000009536743,2.450000047683716,2.450000047683716,5000,0.0,0.0
2018-09-20 00:00:00-04:00,2.440000057220459,2.4800000190734863,2.440000057220459,2.4800000190734863,9000,0.0,0.0
2018-09-21 00:00:00-04:00,2.440000057220459,2.4700000286102295,2.440000057220459,2.440000057220459,4300,0.0,0.0
2018-09-24 00:00:00-04:00,2.4600000381469727,2.4600000381469727,2.430000066757202,2.430000066757202,900,0.0,0.0
2018-09-25 00:00:00-04:00,2.440000057220459,2.4600000381469727,2.4100000858306885,2.430000066757202,36900,0.0,0.0
2018-09-26 00:00:00-04:00,2.430000066757202,2.4700000286102295,2.430000066757202,2.450000047683716,9100,0.0,0.0
2018-09-27 00:00:00-04:00,2.440000057220459,2.440000057220459,2.440000057220459,2.440000057220459,900,0.0,0.0
2018-09-28 00:00:00-04:00,2.4600000381469727,2.4600000381469727,2.4000000953674316,2.440000057220459,6500,0.0,0.0
2018-10-01 00:00:00-04:00,2.430000066757202,2.430000066757202,2.380000114440918,2.390000104904175,11400,0.0,0.0
2018-10-02 00:00:00-04:00,2.4200000762939453,2.4200000762939453,2.3299999237060547,2.390000104904175,13000,0.0,0.0
2018-10-03 00:00:00-04:00,2.4000000953674316,2.4000000953674316,2.3299999237060547,2.369999885559082,5200,0.0,0.0
2018-10-04 00:00:00-04:00,2.430000066757202,2.430000066757202,2.319999933242798,2.3399999141693115,22600,0.0,0.0
2018-10-05 00:00:00-04:00,2.3399999141693115,2.390000104904175,2.3299999237060547,2.3399999141693115,6300,0.0,0.0
2018-10-08 00:00:00-04:00,2.3299999237060547,2.3299999237060547,2.2200000286102295,2.2899999618530273,16000,0.0,0.0
2018-10-09 00:00:00-04:00,2.2899999618530273,2.319999933242798,2.2899999618530273,2.319999933242798,5000,0.0,0.0
2018-10-10 00:00:00-04:00,2.299999952316284,2.319999933242798,2.2699999809265137,2.319999933242798,2200,0.0,0.0
2018-10-11 00:00:00-04:00,2.309999942779541,2.319999933242798,2.259999990463257,2.2699999809265137,4600,0.0,0.0
2018-10-12 00:00:00-04:00,2.3299999237060547,2.3299999237060547,2.240000009536743,2.25,18000,0.0,0.0
2018-10-15 00:00:00-04:00,2.309999942779541,2.309999942779541,2.25,2.259999990463257,8600,0.0,0.0
2018-10-16 00:00:00-04:00,2.259999990463257,2.2899999618530273,2.259999990463257,2.2899999618530273,5600,0.0,0.0
2018-10-17 00:00:00-04:00,2.2899999618530273,2.299999952316284,2.2899999618530273,2.2899999618530273,2900,0.0,0.0
2018-10-18 00:00:00-04:00,2.2899999618530273,2.2899999618530273,2.2899999618530273,2.2899999618530273,0,0.0,0.0
2018-10-19 00:00:00-04:00,2.259999990463257,2.4000000953674316,2.259999990463257,2.369999885559082,70100,0.0,0.0
2018-10-22 00:00:00-04:00,2.3299999237060547,2.430000066757202,2.299999952316284,2.3399999141693115,43500,0.0,0.0
2018-10-23 00:00:00-04:00,2.2899999618530273,2.4100000858306885,2.2200000286102295,2.4100000858306885,4200,0.0,0.0
2018-10-24 00:00:00-04:00,2.3399999141693115,2.3399999141693115,2.2200000286102295,2.309999942779541,9900,0.0,0.0
2018-10-25 00:00:00-04:00,2.259999990463257,2.309999942779541,2.240000009536743,2.2699999809265137,1700,0.0,0.0
2018-10-26 00:00:00-04:00,2.299999952316284,2.309999942779541,2.2200000286102295,2.240000009536743,9000,0.0,0.0
2018-10-29 00:00:00-04:00,2.299999952316284,2.299999952316284,2.2200000286102295,2.2200000286102295,2100,0.0,0.0
2018-10-30 00:00:00-04:00,2.2799999713897705,2.2899999618530273,2.0899999141693115,2.200000047683716,12800,0.0,0.0
2018-10-31 00:00:00-04:00,2.299999952316284,2.299999952316284,2.1700000762939453,2.180000066757202,4200,0.0,0.0
2018-11-01 00:00:00-04:00,2.2100000381469727,2.259999990463257,2.200000047683716,2.25,15200,0.0,0.0
2018-11-02 00:00:00-04:00,2.2200000286102295,2.2899999618530273,2.2200000286102295,2.2899999618530273,600,0.0,0.0
2018-11-05 00:00:00-05:00,2.2899999618530273,2.3399999141693115,2.109999895095825,2.299999952316284,15800,0.0,0.0
2018-11-06 00:00:00-05:00,2.3299999237060547,2.3299999237060547,2.240000009536743,2.299999952316284,16900,0.0,0.0
2018-11-07 00:00:00-05:00,2.299999952316284,2.3499999046325684,2.0199999809265137,2.069999933242798,627200,0.0,0.0
2018-11-08 00:00:00-05:00,2.0999999046325684,2.1700000762939453,2.0999999046325684,2.1500000953674316,32900,0.0,0.0
2018-11-09 00:00:00-05:00,2.0999999046325684,2.140000104904175,2.0999999046325684,2.130000114440918,19300,0.0,0.0
2018-11-12 00:00:00-05:00,2.109999895095825,2.130000114440918,2.0899999141693115,2.130000114440918,3100,0.0,0.0
2018-11-13 00:00:00-05:00,2.119999885559082,2.180000066757202,2.0999999046325684,2.109999895095825,15600,0.0,0.0
2018-11-14 00:00:00-05:00,2.1500000953674316,2.1500000953674316,2.0999999046325684,2.130000114440918,47900,0.0,0.0
2018-11-15 00:00:00-05:00,2.0899999141693115,2.180000066757202,2.0799999237060547,2.1700000762939453,64200,0.0,0.0
2018-11-16 00:00:00-05:00,2.200000047683716,2.259999990463257,2.1700000762939453,2.259999990463257,45800,0.0,0.0
2018-11-19 00:00:00-05:00,2.2699999809265137,2.319999933242798,2.180000066757202,2.299999952316284,28600,0.0,0.0
2018-11-20 00:00:00-05:00,2.319999933242798,2.319999933242798,2.2100000381469727,2.309999942779541,35800,0.0,0.0
2018-11-21 00:00:00-05:00,2.299999952316284,2.440000057220459,2.2699999809265137,2.359999895095825,103400,0.0,0.0
2018-11-23 00:00:00-05:00,2.359999895095825,2.430000066757202,2.359999895095825,2.380000114440918,22400,0.0,0.0
2018-11-26 00:00:00-05:00,2.380000114440918,2.380000114440918,2.3299999237060547,2.3499999046325684,42800,0.0,0.0
2018-11-27 00:00:00-05:00,2.25,2.359999895095825,2.140000104904175,2.309999942779541,64800,0.0,0.0
2018-11-28 00:00:00-05:00,2.2699999809265137,2.3399999141693115,2.2699999809265137,2.3399999141693115,27800,0.0,0.0
2018-11-29 00:00:00-05:00,2.369999885559082,2.369999885559082,2.240000009536743,2.2799999713897705,2800,0.0,0.0
2018-11-30 00:00:00-05:00,2.240000009536743,2.299999952316284,2.1600000858306885,2.2899999618530273,15100,0.0,0.0
2018-12-03 00:00:00-05:00,2.25,2.2799999713897705,2.2300000190734863,2.2799999713897705,4100,0.0,0.0
2018-12-04 00:00:00-05:00,2.190000057220459,2.2699999809265137,2.190000057220459,2.2699999809265137,6000,0.0,0.0
2018-12-06 00:00:00-05:00,2.2300000190734863,2.25,2.0799999237060547,2.140000104904175,35500,0.0,0.0
2018-12-07 00:00:00-05:00,2.1500000953674316,2.1700000762939453,2.119999885559082,2.119999885559082,12400,0.0,0.0
2018-12-10 00:00:00-05:00,2.109999895095825,2.1700000762939453,2.109999895095825,2.1600000858306885,8500,0.0,0.0
2018-12-11 00:00:00-05:00,2.190000057220459,2.190000057220459,2.1500000953674316,2.1700000762939453,6200,0.0,0.0
2018-12-12 00:00:00-05:00,2.140000104904175,2.1700000762939453,2.0999999046325684,2.119999885559082,3400,0.0,0.0
2018-12-13 00:00:00-05:00,2.0999999046325684,2.180000066757202,2.069999933242798,2.130000114440918,20700,0.0,0.0
2018-12-14 00:00:00-05:00,2.119999885559082,2.130000114440918,2.059999942779541,2.130000114440918,29600,0.0,0.0
2018-12-17 00:00:00-05:00,2.0899999141693115,2.240000009536743,2.0299999713897705,2.119999885559082,41100,0.0,0.0
2018-12-18 00:00:00-05:00,2.119999885559082,2.119999885559082,2.0399999618530273,2.059999942779541,15700,0.0,0.0
2018-12-19 00:00:00-05:00,2.119999885559082,2.140000104904175,2.069999933242798,2.140000104904175,14200,0.0,0.0
2018-12-20 00:00:00-05:00,2.130000114440918,2.200000047683716,1.899999976158142,2.0899999141693115,103100,0.0,0.0
2018-12-21 00:00:00-05:00,2.059999942779541,2.180000066757202,1.9900000095367432,2.0399999618530273,20100,0.0,0.0
2018-12-24 00:00:00-05:00,1.9700000286102295,2.0899999141693115,1.9700000286102295,2.0199999809265137,3300,0.0,0.0
2018-12-26 00:00:00-05:00,2.0999999046325684,2.0999999046325684,1.9700000286102295,2.0999999046325684,16400,0.0,0.0
2018-12-27 00:00:00-05:00,2.049999952316284,2.25,2.049999952316284,2.2200000286102295,46200,0.0,0.0
2018-12-28 00:00:00-05:00,2.1500000953674316,2.200000047683716,2.0999999046325684,2.200000047683716,11000,0.0,0.0
2018-12-31 00:00:00-05:00,2.190000057220459,2.259999990463257,2.1500000953674316,2.1700000762939453,1900,0.0,0.0
2019-01-02 00:00:00-05:00,2.240000009536743,2.25,2.140000104904175,2.200000047683716,1400,0.0,0.0
2019-01-03 00:00:00-05:00,2.200000047683716,2.200000047683716,2.130000114440918,2.130000114440918,5000,0.0,0.0
2019-01-04 00:00:00-05:00,2.140000104904175,2.180000066757202,2.0399999618530273,2.180000066757202,700,0.0,0.0
2019-01-07 00:00:00-05:00,2.190000057220459,2.259999990463257,2.130000114440918,2.1600000858306885,12800,0.0,0.0
2019-01-08 00:00:00-05:00,2.200000047683716,2.259999990463257,2.200000047683716,2.2200000286102295,3100,0.0,0.0
2019-01-09 00:00:00-05:00,2.200000047683716,2.25,2.1600000858306885,2.1600000858306885,14000,0.0,0.0
2019-01-10 00:00:00-05:00,2.180000066757202,2.25,2.1500000953674316,2.25,4300,0.0,0.0
2019-01-11 00:00:00-05:00,2.200000047683716,2.240000009536743,2.200000047683716,2.2300000190734863,1900,0.0,0.0
2019-01-14 00:00:00-05:00,2.240000009536743,2.2799999713897705,2.2100000381469727,2.2200000286102295,8400,0.0,0.0
2019-01-15 00:00:00-05:00,2.259999990463257,2.319999933242798,2.2200000286102295,2.2799999713897705,54500,0.0,0.0
2019-01-16 00:00:00-05:00,2.319999933242798,2.319999933242798,2.2300000190734863,2.2300000190734863,21900,0.0,0.0
2019-01-17 00:00:00-05:00,2.299999952316284,2.309999942779541,2.2699999809265137,2.299999952316284,4100,0.0,0.0
2019-01-18 00:00:00-05:00,2.259999990463257,2.3299999237060547,2.190000057220459,2.240000009536743,13700,0.0,0.0
2019-01-22 00:00:00-05:00,2.259999990463257,2.3299999237060547,2.259999990463257,2.299999952316284,13100,0.0,0.0
2019-01-23 00:00:00-05:00,2.3299999237060547,2.3299999237060547,2.2300000190734863,2.2300000190734863,36900,0.0,0.0
2019-01-24 00:00:00-05:00,2.299999952316284,3.0999999046325684,2.2799999713897705,2.309999942779541,649400,0.0,0.0
2019-01-25 00:00:00-05:00,2.319999933242798,2.390000104904175,2.2300000190734863,2.259999990463257,56500,0.0,0.0
2019-01-28 00:00:00-05:00,2.25,2.369999885559082,2.240000009536743,2.240000009536743,33300,0.0,0.0
2019-01-29 00:00:00-05:00,2.240000009536743,2.450000047683716,2.240000009536743,2.4200000762939453,43500,0.0,0.0
2019-01-30 00:00:00-05:00,2.4200000762939453,2.4600000381469727,2.4100000858306885,2.4600000381469727,10200,0.0,0.0
2019-01-31 00:00:00-05:00,2.4000000953674316,2.5199999809265137,2.4000000953674316,2.4000000953674316,50900,0.0,0.0
2019-02-01 00:00:00-05:00,2.450000047683716,2.5199999809265137,2.4200000762939453,2.4700000286102295,45800,0.0,0.0
2019-02-04 00:00:00-05:00,2.4700000286102295,2.619999885559082,2.4700000286102295,2.569999933242798,111900,0.0,0.0
2019-02-05 00:00:00-05:00,2.630000114440918,2.7200000286102295,2.5999999046325684,2.640000104904175,130800,0.0,0.0
2019-02-06 00:00:00-05:00,2.7100000381469727,2.7100000381469727,2.569999933242798,2.6600000858306885,18200,0.0,0.0
2019-02-07 00:00:00-05:00,2.819999933242798,2.8299999237060547,2.700000047683716,2.700000047683716,92500,0.0,0.0
2019-02-08 00:00:00-05:00,2.7799999713897705,2.799999952316284,2.759999990463257,2.799999952316284,30100,0.0,0.0
2019-02-11 00:00:00-05:00,2.809999942779541,3.069999933242798,2.809999942779541,3.0,150200,0.0,0.0
2019-02-12 00:00:00-05:00,3.0999999046325684,3.119999885559082,2.890000104904175,2.990000009536743,48600,0.0,0.0
2019-02-13 00:00:00-05:00,2.9700000286102295,3.119999885559082,2.930000066757202,3.009999990463257,30700,0.0,0.0
2019-02-14 00:00:00-05:00,3.009999990463257,3.1700000762939453,3.009999990463257,3.0999999046325684,37700,0.0,0.0
2019-02-15 00:00:00-05:00,3.1700000762939453,3.25,3.130000114440918,3.240000009536743,82500,0.0,0.0
2019-02-19 00:00:00-05:00,3.240000009536743,3.450000047683716,3.2200000286102295,3.380000114440918,86500,0.0,0.0
2019-02-20 00:00:00-05:00,3.4200000762939453,3.640000104904175,3.4200000762939453,3.5999999046325684,131700,0.0,0.0
2019-02-21 00:00:00-05:00,3.640000104904175,3.75,3.4000000953674316,3.680000066757202,86200,0.0,0.0
2019-02-22 00:00:00-05:00,3.680000066757202,3.680000066757202,3.450000047683716,3.559999942779541,54400,0.0,0.0
2019-02-25 00:00:00-05:00,3.5399999618530273,3.5399999618530273,3.109999895095825,3.3299999237060547,198400,0.0,0.0
2019-02-26 00:00:00-05:00,3.299999952316284,3.5,3.2200000286102295,3.380000114440918,42100,0.0,0.0
2019-02-27 00:00:00-05:00,3.4200000762939453,3.5799999237060547,3.3399999141693115,3.5199999809265137,61100,0.0,0.0
2019-02-28 00:00:00-05:00,3.5799999237060547,3.5999999046325684,3.450000047683716,3.5299999713897705,32800,0.0,0.0
2019-03-01 00:00:00-05:00,3.5899999141693115,3.5899999141693115,3.369999885559082,3.450000047683716,28300,0.0,0.0
2019-03-04 00:00:00-05:00,3.4700000286102295,3.490000009536743,3.2300000190734863,3.380000114440918,74200,0.0,0.0
2019-03-05 00:00:00-05:00,3.309999942779541,3.390000104904175,3.190000057220459,3.2300000190734863,68100,0.0,0.0
2019-03-06 00:00:00-05:00,3.1500000953674316,3.3399999141693115,3.1500000953674316,3.3399999141693115,35200,0.0,0.0
2019-03-07 00:00:00-05:00,3.4600000381469727,3.4800000190734863,3.3299999237060547,3.440000057220459,35700,0.0,0.0
2019-03-08 00:00:00-05:00,3.4800000190734863,3.7300000190734863,3.440000057220459,3.700000047683716,132300,0.0,0.0
2019-03-11 00:00:00-04:00,3.5999999046325684,3.990000009536743,3.5999999046325684,3.940000057220459,151700,0.0,0.0
2019-03-12 00:00:00-04:00,3.9000000953674316,3.9000000953674316,3.0399999618530273,3.140000104904175,356100,0.0,0.0
2019-03-13 00:00:00-04:00,3.25,3.3499999046325684,3.1500000953674316,3.2300000190734863,99600,0.0,0.0
2019-03-14 00:00:00-04:00,3.2300000190734863,3.2300000190734863,3.0,3.049999952316284,60600,0.0,0.0
2019-03-15 00:00:00-04:00,3.0299999713897705,3.0299999713897705,2.9000000953674316,2.990000009536743,91000,0.0,0.0
2019-03-18 00:00:00-04:00,3.009999990463257,3.109999895095825,2.990000009536743,3.0,40200,0.0,0.0
2019-03-19 00:00:00-04:00,3.0299999713897705,3.0999999046325684,2.8499999046325684,2.859999895095825,73400,0.0,0.0
2019-03-20 00:00:00-04:00,2.950000047683716,3.119999885559082,2.700000047683716,2.799999952316284,160200,0.0,0.0
2019-03-21 00:00:00-04:00,2.7300000190734863,2.890000104904175,2.7300000190734863,2.859999895095825,38300,0.0,0.0
2019-03-22 00:00:00-04:00,2.759999990463257,2.7899999618530273,2.6700000762939453,2.7200000286102295,82100,0.0,0.0
2019-03-25 00:00:00-04:00,2.7100000381469727,2.75,2.6500000953674316,2.690000057220459,60300,0.0,0.0
2019-03-26 00:00:00-04:00,2.6500000953674316,2.930000066757202,2.619999885559082,2.680000066757202,115400,0.0,0.0
2019-03-27 00:00:00-04:00,2.700000047683716,2.7699999809265137,2.6700000762939453,2.7300000190734863,12300,0.0,0.0
2019-03-28 00:00:00-04:00,2.740000009536743,2.9000000953674316,2.7200000286102295,2.8299999237060547,103800,0.0,0.0
2019-03-29 00:00:00-04:00,2.890000104904175,3.0199999809265137,2.819999933242798,2.9100000858306885,115400,0.0,0.0
2019-04-01 00:00:00-04:00,2.940000057220459,3.0,2.759999990463257,2.859999895095825,76100,0.0,0.0
2019-04-02 00:00:00-04:00,2.7799999713897705,2.8399999141693115,2.7200000286102295,2.799999952316284,39000,0.0,0.0
2019-04-03 00:00:00-04:00,2.759999990463257,2.869999885559082,2.759999990463257,2.799999952316284,27100,0.0,0.0
2019-04-04 00:00:00-04:00,2.799999952316284,2.799999952316284,2.7699999809265137,2.7799999713897705,22900,0.0,0.0
2019-04-05 00:00:00-04:00,2.7699999809265137,2.9000000953674316,2.7699999809265137,2.9000000953674316,15700,0.0,0.0
2019-04-08 00:00:00-04:00,2.9000000953674316,2.9000000953674316,2.809999942779541,2.8499999046325684,14000,0.0,0.0
2019-04-09 00:00:00-04:00,2.819999933242798,3.0399999618530273,2.819999933242798,2.880000114440918,78800,0.0,0.0
2019-04-10 00:00:00-04:00,2.8299999237060547,2.9700000286102295,2.8299999237060547,2.9600000381469727,63100,0.0,0.0
2019-04-11 00:00:00-04:00,2.930000066757202,2.930000066757202,2.630000114440918,2.680000066757202,105200,0.0,0.0
2019-04-12 00:00:00-04:00,2.7300000190734863,2.75,2.6600000858306885,2.7100000381469727,40400,0.0,0.0
2019-04-15 00:00:00-04:00,2.6500000953674316,2.700000047683716,2.619999885559082,2.6700000762939453,20200,0.0,0.0
2019-04-16 00:00:00-04:00,2.680000066757202,2.700000047683716,2.569999933242798,2.5899999141693115,41600,0.0,0.0
2019-04-17 00:00:00-04:00,2.5899999141693115,2.640000104904175,2.490000009536743,2.509999990463257,88000,0.0,0.0
2019-04-18 00:00:00-04:00,2.509999990463257,2.5899999141693115,2.5,2.5299999713897705,12300,0.0,0.0
2019-04-22 00:00:00-04:00,2.5399999618530273,2.5999999046325684,2.5399999618530273,2.5899999141693115,31200,0.0,0.0
2019-04-23 00:00:00-04:00,2.609999895095825,2.619999885559082,2.509999990463257,2.5999999046325684,13700,0.0,0.0
2019-04-24 00:00:00-04:00,2.549999952316284,2.609999895095825,2.5199999809265137,2.569999933242798,8600,0.0,0.0
2019-04-25 00:00:00-04:00,2.549999952316284,2.609999895095825,2.5399999618530273,2.609999895095825,13900,0.0,0.0
2019-04-26 00:00:00-04:00,2.619999885559082,2.619999885559082,2.569999933242798,2.5999999046325684,2200,0.0,0.0
2019-04-29 00:00:00-04:00,2.609999895095825,2.609999895095825,2.5399999618530273,2.5999999046325684,22900,0.0,0.0
2019-04-30 00:00:00-04:00,2.619999885559082,2.6600000858306885,2.569999933242798,2.5899999141693115,9500,0.0,0.0
2019-05-01 00:00:00-04:00,2.630000114440918,2.6600000858306885,2.5999999046325684,2.5999999046325684,19600,0.0,0.0
2019-05-02 00:00:00-04:00,2.549999952316284,2.5999999046325684,2.549999952316284,2.559999942779541,1900,0.0,0.0
2019-05-03 00:00:00-04:00,2.5799999237060547,2.630000114440918,2.5799999237060547,2.630000114440918,5400,0.0,0.0
2019-05-06 00:00:00-04:00,2.5999999046325684,2.609999895095825,2.5399999618530273,2.609999895095825,3900,0.0,0.0
2019-05-07 00:00:00-04:00,2.5999999046325684,2.5999999046325684,2.5299999713897705,2.569999933242798,6900,0.0,0.0
2019-05-08 00:00:00-04:00,2.5999999046325684,2.630000114440918,2.569999933242798,2.5799999237060547,24500,0.0,0.0
2019-05-09 00:00:00-04:00,2.5999999046325684,2.5999999046325684,2.4700000286102295,2.5399999618530273,33900,0.0,0.0
2019-05-10 00:00:00-04:00,2.5,2.5999999046325684,2.5,2.5899999141693115,13200,0.0,0.0
2019-05-13 00:00:00-04:00,2.569999933242798,2.569999933242798,2.5299999713897705,2.569999933242798,5500,0.0,0.0
2019-05-14 00:00:00-04:00,2.569999933242798,2.619999885559082,2.5199999809265137,2.5199999809265137,12500,0.0,0.0
2019-05-15 00:00:00-04:00,2.559999942779541,2.5899999141693115,2.549999952316284,2.559999942779541,3200,0.0,0.0
2019-05-16 00:00:00-04:00,2.549999952316284,2.640000104904175,2.5299999713897705,2.5899999141693115,111500,0.0,0.0
2019-05-17 00:00:00-04:00,2.6500000953674316,3.619999885559082,2.5899999141693115,3.0,1771300,0.0,0.0
2019-05-20 00:00:00-04:00,2.799999952316284,3.0,2.799999952316284,2.9600000381469727,79300,0.0,0.0
2019-05-21 00:00:00-04:00,2.950000047683716,2.950000047683716,2.809999942779541,2.940000057220459,73800,0.0,0.0
2019-05-22 00:00:00-04:00,2.9200000762939453,3.049999952316284,2.8399999141693115,2.950000047683716,98100,0.0,0.0
2019-05-23 00:00:00-04:00,2.9200000762939453,2.9200000762939453,2.859999895095825,2.9100000858306885,7900,0.0,0.0
2019-05-24 00:00:00-04:00,2.9200000762939453,2.9200000762939453,2.759999990463257,2.799999952316284,35400,0.0,0.0
2019-05-28 00:00:00-04:00,2.7699999809265137,2.940000057220459,2.75,2.880000114440918,38600,0.0,0.0
2019-05-29 00:00:00-04:00,2.7899999618530273,3.1600000858306885,2.7899999618530273,3.0,480200,0.0,0.0
2019-05-30 00:00:00-04:00,2.740000009536743,2.75,2.4000000953674316,2.5999999046325684,323100,0.0,0.0
2019-05-31 00:00:00-04:00,2.549999952316284,2.5999999046325684,2.549999952316284,2.5999999046325684,60200,0.0,0.0
2019-06-03 00:00:00-04:00,2.5999999046325684,2.5999999046325684,2.380000114440918,2.4000000953674316,73400,0.0,0.0
2019-06-04 00:00:00-04:00,2.440000057220459,2.619999885559082,2.4000000953674316,2.5799999237060547,65200,0.0,0.0
2019-06-05 00:00:00-04:00,2.5899999141693115,2.5899999141693115,2.4600000381469727,2.4600000381469727,38200,0.0,0.0
2019-06-06 00:00:00-04:00,2.490000009536743,2.609999895095825,2.440000057220459,2.569999933242798,38600,0.0,0.0
2019-06-07 00:00:00-04:00,2.5199999809265137,2.569999933242798,2.4800000190734863,2.4800000190734863,26800,0.0,0.0
2019-06-10 00:00:00-04:00,2.4800000190734863,2.6500000953674316,2.4800000190734863,2.559999942779541,36500,0.0,0.0
2019-06-11 00:00:00-04:00,2.619999885559082,2.640000104904175,2.559999942779541,2.5999999046325684,8300,0.0,0.0
2019-06-12 00:00:00-04:00,2.5,2.6700000762939453,2.5,2.640000104904175,40100,0.0,0.0
2019-06-13 00:00:00-04:00,2.5799999237060547,2.690000057220459,2.5199999809265137,2.690000057220459,7700,0.0,0.0
2019-06-14 00:00:00-04:00,2.700000047683716,2.700000047683716,2.609999895095825,2.6500000953674316,8800,0.0,0.0
2019-06-17 00:00:00-04:00,2.5999999046325684,2.630000114440918,2.5899999141693115,2.630000114440918,4700,0.0,0.0
2019-06-18 00:00:00-04:00,2.690000057220459,2.690000057220459,2.569999933242798,2.630000114440918,9800,0.0,0.0
2019-06-19 00:00:00-04:00,2.5999999046325684,2.700000047683716,2.569999933242798,2.630000114440918,12000,0.0,0.0
2019-06-20 00:00:00-04:00,2.619999885559082,2.6500000953674316,2.569999933242798,2.609999895095825,19200,0.0,0.0
2019-06-21 00:00:00-04:00,2.609999895095825,2.609999895095825,2.549999952316284,2.549999952316284,1300,0.0,0.0
2019-06-24 00:00:00-04:00,2.569999933242798,2.7799999713897705,2.569999933242798,2.700000047683716,33700,0.0,0.0
2019-06-25 00:00:00-04:00,2.680000066757202,2.680000066757202,2.640000104904175,2.6500000953674316,1100,0.0,0.0
2019-06-26 00:00:00-04:00,2.799999952316284,2.990000009536743,2.7300000190734863,2.8299999237060547,181400,0.0,0.0
2019-06-27 00:00:00-04:00,2.9100000858306885,2.9100000858306885,2.809999942779541,2.8299999237060547,31900,0.0,0.0
2019-06-28 00:00:00-04:00,2.740000009536743,2.8399999141693115,2.740000009536743,2.8399999141693115,2000,0.0,0.0
2019-07-01 00:00:00-04:00,2.799999952316284,2.9000000953674316,2.799999952316284,2.819999933242798,36700,0.0,0.0
2019-07-02 00:00:00-04:00,2.809999942779541,2.819999933242798,2.700000047683716,2.819999933242798,70800,0.0,0.0
2019-07-03 00:00:00-04:00,2.819999933242798,2.8299999237060547,2.7200000286102295,2.7699999809265137,37800,0.0,0.0
2019-07-05 00:00:00-04:00,2.75,2.8499999046325684,2.75,2.8399999141693115,7800,0.0,0.0
2019-07-08 00:00:00-04:00,2.809999942779541,2.8399999141693115,2.759999990463257,2.799999952316284,6500,0.0,0.0
2019-07-09 00:00:00-04:00,2.7899999618530273,2.7899999618530273,2.75,2.7799999713897705,27900,0.0,0.0
2019-07-10 00:00:00-04:00,2.759999990463257,2.8399999141693115,2.759999990463257,2.7899999618530273,22200,0.0,0.0
2019-07-11 00:00:00-04:00,2.759999990463257,2.8399999141693115,2.75,2.75,11600,0.0,0.0
2019-07-12 00:00:00-04:00,2.75,2.8499999046325684,2.75,2.799999952316284,9700,0.0,0.0
2019-07-15 00:00:00-04:00,2.7699999809265137,2.7799999713897705,2.700000047683716,2.740000009536743,5700,0.0,0.0
2019-07-16 00:00:00-04:00,2.759999990463257,2.8299999237060547,2.6500000953674316,2.740000009536743,21300,0.0,0.0
2019-07-17 00:00:00-04:00,2.680000066757202,2.740000009536743,2.630000114440918,2.700000047683716,17800,0.0,0.0
2019-07-18 00:00:00-04:00,2.6500000953674316,2.700000047683716,2.6500000953674316,2.700000047683716,1700,0.0,0.0
2019-07-19 00:00:00-04:00,2.680000066757202,2.75,2.640000104904175,2.640000104904175,3800,0.0,0.0
2019-07-22 00:00:00-04:00,2.680000066757202,2.7100000381469727,2.6600000858306885,2.6700000762939453,3000,0.0,0.0
2019-07-23 00:00:00-04:00,2.680000066757202,2.75,2.680000066757202,2.7100000381469727,25000,0.0,0.0
2019-07-24 00:00:00-04:00,2.740000009536743,2.75,2.690000057220459,2.75,18700,0.0,0.0
2019-07-25 00:00:00-04:00,2.690000057220459,2.75,2.690000057220459,2.7100000381469727,26900,0.0,0.0
2019-07-26 00:00:00-04:00,2.7100000381469727,2.8399999141693115,2.5999999046325684,2.6700000762939453,47400,0.0,0.0
2019-07-29 00:00:00-04:00,2.7300000190734863,2.7300000190734863,2.690000057220459,2.690000057220459,4000,0.0,0.0
2019-07-30 00:00:00-04:00,2.700000047683716,2.7200000286102295,2.700000047683716,2.700000047683716,12800,0.0,0.0
2019-07-31 00:00:00-04:00,2.7100000381469727,2.9000000953674316,2.700000047683716,2.880000114440918,53700,0.0,0.0
2019-08-01 00:00:00-04:00,2.799999952316284,3.0799999237060547,2.7899999618530273,2.7899999618530273,49700,0.0,0.0
2019-08-02 00:00:00-04:00,2.799999952316284,2.9800000190734863,2.799999952316284,2.9600000381469727,14200,0.0,0.0
2019-08-05 00:00:00-04:00,2.819999933242798,2.940000057220459,2.819999933242798,2.9100000858306885,8900,0.0,0.0
2019-08-06 00:00:00-04:00,2.859999895095825,2.9100000858306885,2.8299999237060547,2.9000000953674316,18400,0.0,0.0
2019-08-07 00:00:00-04:00,2.9100000858306885,2.9200000762939453,2.7699999809265137,2.7699999809265137,2000,0.0,0.0
2019-08-08 00:00:00-04:00,2.869999885559082,2.950000047683716,2.75,2.799999952316284,12700,0.0,0.0
2019-08-09 00:00:00-04:00,2.869999885559082,2.930000066757202,2.869999885559082,2.9000000953674316,1600,0.0,0.0
2019-08-12 00:00:00-04:00,2.9200000762939453,2.9200000762939453,2.880000114440918,2.9100000858306885,19500,0.0,0.0
2019-08-13 00:00:00-04:00,2.9000000953674316,2.9000000953674316,2.8299999237060547,2.8299999237060547,300,0.0,0.0
2019-08-14 00:00:00-04:00,2.819999933242798,2.890000104904175,2.740000009536743,2.8399999141693115,17800,0.0,0.0
2019-08-15 00:00:00-04:00,2.819999933242798,2.8399999141693115,2.759999990463257,2.759999990463257,15000,0.0,0.0
2019-08-16 00:00:00-04:00,2.890000104904175,2.890000104904175,2.799999952316284,2.799999952316284,29500,0.0,0.0
2019-08-19 00:00:00-04:00,2.7100000381469727,2.9700000286102295,2.7100000381469727,2.9700000286102295,20100,0.0,0.0
2019-08-20 00:00:00-04:00,2.930000066757202,2.950000047683716,2.8299999237060547,2.9100000858306885,7800,0.0,0.0
2019-08-21 00:00:00-04:00,2.950000047683716,3.0,2.8499999046325684,2.9600000381469727,43900,0.0,0.0
2019-08-22 00:00:00-04:00,2.9000000953674316,3.0,2.8499999046325684,2.990000009536743,38200,0.0,0.0
2019-08-23 00:00:00-04:00,2.990000009536743,3.009999990463257,2.880000114440918,2.9100000858306885,66400,0.0,0.0
2019-08-26 00:00:00-04:00,2.9800000190734863,3.0,2.9000000953674316,2.990000009536743,35300,0.0,0.0
2019-08-27 00:00:00-04:00,2.799999952316284,2.880000114440918,2.700000047683716,2.7899999618530273,77300,0.0,0.0
2019-08-28 00:00:00-04:00,2.7100000381469727,2.7899999618530273,2.700000047683716,2.7699999809265137,34300,0.0,0.0
2019-08-29 00:00:00-04:00,2.7200000286102295,2.819999933242798,2.5199999809265137,2.6600000858306885,68700,0.0,0.0
2019-08-30 00:00:00-04:00,2.7100000381469727,2.7699999809265137,2.630000114440918,2.6700000762939453,12500,0.0,0.0
2019-09-03 00:00:00-04:00,2.5899999141693115,2.7300000190734863,2.5899999141693115,2.619999885559082,7500,0.0,0.0
2019-09-04 00:00:00-04:00,2.700000047683716,2.700000047683716,2.559999942779541,2.6500000953674316,12800,0.0,0.0
2019-09-05 00:00:00-04:00,2.700000047683716,2.7100000381469727,2.5999999046325684,2.6700000762939453,3500,0.0,0.0
2019-09-06 00:00:00-04:00,2.7100000381469727,2.7300000190734863,2.619999885559082,2.700000047683716,3200,0.0,0.0
2019-09-09 00:00:00-04:00,2.619999885559082,2.700000047683716,2.619999885559082,2.700000047683716,4400,0.0,0.0
2019-09-10 00:00:00-04:00,2.690000057220459,2.7200000286102295,2.690000057220459,2.690000057220459,900,0.0,0.0
2019-09-11 00:00:00-04:00,2.6700000762939453,2.690000057220459,2.6600000858306885,2.680000066757202,3200,0.0,0.0
2019-09-12 00:00:00-04:00,2.7100000381469727,2.809999942779541,2.6700000762939453,2.799999952316284,19300,0.0,0.0
2019-09-13 00:00:00-04:00,2.569999933242798,2.8399999141693115,2.569999933242798,2.8399999141693115,9600,0.0,0.0
2019-09-16 00:00:00-04:00,2.8399999141693115,2.8499999046325684,2.799999952316284,2.799999952316284,9600,0.0,0.0
2019-09-17 00:00:00-04:00,2.75,2.75,2.75,2.75,2000,0.0,0.0
2019-09-18 00:00:00-04:00,2.759999990463257,2.8299999237060547,2.7300000190734863,2.740000009536743,1400,0.0,0.0
2019-09-19 00:00:00-04:00,2.740000009536743,2.740000009536743,2.740000009536743,2.740000009536743,100,0.0,0.0
2019-09-20 00:00:00-04:00,2.7100000381469727,2.740000009536743,2.509999990463257,2.6700000762939453,42600,0.0,0.0
2019-09-23 00:00:00-04:00,2.700000047683716,2.700000047683716,2.5399999618530273,2.5399999618530273,9200,0.0,0.0
2019-09-24 00:00:00-04:00,2.630000114440918,2.630000114440918,2.4800000190734863,2.490000009536743,52000,0.0,0.0
2019-09-25 00:00:00-04:00,2.490000009536743,2.490000009536743,2.25,2.309999942779541,100400,0.0,0.0
2019-09-26 00:00:00-04:00,2.309999942779541,2.3499999046325684,2.2699999809265137,2.3499999046325684,34200,0.0,0.0
2019-09-27 00:00:00-04:00,2.4000000953674316,2.440000057220459,2.359999895095825,2.4000000953674316,16600,0.0,0.0
2019-09-30 00:00:00-04:00,2.3499999046325684,2.4200000762939453,2.259999990463257,2.299999952316284,16400,0.0,0.0
2019-10-01 00:00:00-04:00,2.299999952316284,2.380000114440918,2.2100000381469727,2.2200000286102295,37500,0.0,0.0
2019-10-02 00:00:00-04:00,2.2899999618530273,2.309999942779541,2.2899999618530273,2.309999942779541,3200,0.0,0.0
2019-10-03 00:00:00-04:00,2.309999942779541,2.319999933242798,2.1700000762939453,2.25,22000,0.0,0.0
2019-10-04 00:00:00-04:00,2.240000009536743,2.240000009536743,2.240000009536743,2.240000009536743,200,0.0,0.0
2019-10-07 00:00:00-04:00,2.1600000858306885,2.319999933242798,2.1500000953674316,2.2699999809265137,10500,0.0,0.0
2019-10-08 00:00:00-04:00,2.259999990463257,2.2799999713897705,2.259999990463257,2.2799999713897705,1100,0.0,0.0
2019-10-09 00:00:00-04:00,2.299999952316284,2.299999952316284,2.25,2.25,800,0.0,0.0
2019-10-10 00:00:00-04:00,2.2100000381469727,2.259999990463257,2.200000047683716,2.2300000190734863,18900,0.0,0.0
2019-10-11 00:00:00-04:00,2.240000009536743,2.299999952316284,2.2300000190734863,2.2799999713897705,15900,0.0,0.0
2019-10-14 00:00:00-04:00,2.259999990463257,2.319999933242798,2.1500000953674316,2.2100000381469727,25000,0.0,0.0
2019-10-15 00:00:00-04:00,2.259999990463257,2.299999952316284,2.2200000286102295,2.240000009536743,4900,0.0,0.0
2019-10-16 00:00:00-04:00,2.2699999809265137,2.2699999809265137,2.1600000858306885,2.2699999809265137,15600,0.0,0.0
2019-10-17 00:00:00-04:00,2.200000047683716,2.2300000190734863,2.1500000953674316,2.2100000381469727,39600,0.0,0.0
2019-10-18 00:00:00-04:00,2.180000066757202,2.2699999809265137,2.130000114440918,2.200000047683716,63300,0.0,0.0
2019-10-21 00:00:00-04:00,2.180000066757202,2.25,2.069999933242798,2.1500000953674316,60900,0.0,0.0
2019-10-22 00:00:00-04:00,2.130000114440918,2.1500000953674316,2.0899999141693115,2.130000114440918,33800,0.0,0.0
2019-10-23 00:00:00-04:00,2.130000114440918,2.1500000953674316,2.0299999713897705,2.0399999618530273,28800,0.0,0.0
2019-10-24 00:00:00-04:00,2.059999942779541,2.119999885559082,2.059999942779541,2.109999895095825,5700,0.0,0.0
2019-10-25 00:00:00-04:00,2.140000104904175,2.1500000953674316,2.130000114440918,2.140000104904175,9500,0.0,0.0
2019-10-28 00:00:00-04:00,2.140000104904175,2.2300000190734863,2.140000104904175,2.2300000190734863,13200,0.0,0.0
2019-10-29 00:00:00-04:00,2.049999952316284,2.069999933242798,1.899999976158142,1.9600000381469727,140800,0.0,0.0
2019-10-30 00:00:00-04:00,1.9600000381469727,2.0,1.9299999475479126,1.9299999475479126,15900,0.0,0.0
2019-10-31 00:00:00-04:00,1.9299999475479126,1.9800000190734863,1.9199999570846558,1.9500000476837158,9500,0.0,0.0
2019-11-01 00:00:00-04:00,1.9299999475479126,1.9900000095367432,1.899999976158142,1.9600000381469727,10200,0.0,0.0
2019-11-04 00:00:00-05:00,1.9900000095367432,1.9900000095367432,1.9500000476837158,1.9500000476837158,6300,0.0,0.0
2019-11-05 00:00:00-05:00,1.940000057220459,1.940000057220459,1.9299999475479126,1.9299999475479126,1200,0.0,0.0
2019-11-06 00:00:00-05:00,1.9199999570846558,1.9500000476837158,1.9199999570846558,1.9500000476837158,3500,0.0,0.0
2019-11-07 00:00:00-05:00,1.940000057220459,1.9500000476837158,1.909999966621399,1.909999966621399,12000,0.0,0.0
2019-11-08 00:00:00-05:00,1.940000057220459,1.940000057220459,1.9199999570846558,1.9199999570846558,3000,0.0,0.0
2019-11-11 00:00:00-05:00,1.909999966621399,1.9500000476837158,1.909999966621399,1.940000057220459,800,0.0,0.0
2019-11-12 00:00:00-05:00,1.9299999475479126,1.9500000476837158,1.909999966621399,1.909999966621399,3800,0.0,0.0
2019-11-13 00:00:00-05:00,1.899999976158142,1.9500000476837158,1.899999976158142,1.9500000476837158,7100,0.0,0.0
2019-11-14 00:00:00-05:00,1.899999976158142,1.9299999475479126,1.8799999952316284,1.9199999570846558,33000,0.0,0.0
2019-11-15 00:00:00-05:00,1.9199999570846558,1.9500000476837158,1.899999976158142,1.9199999570846558,18700,0.0,0.0
2019-11-18 00:00:00-05:00,1.899999976158142,1.909999966621399,1.840000033378601,1.8899999856948853,38000,0.0,0.0
2019-11-19 00:00:00-05:00,1.899999976158142,1.9500000476837158,1.850000023841858,1.8899999856948853,100200,0.0,0.0
2019-11-20 00:00:00-05:00,1.8700000047683716,1.8899999856948853,1.8700000047683716,1.8700000047683716,6000,0.0,0.0
2019-11-21 00:00:00-05:00,1.8799999952316284,1.899999976158142,1.8799999952316284,1.899999976158142,16800,0.0,0.0
2019-11-22 00:00:00-05:00,1.899999976158142,1.9199999570846558,1.8799999952316284,1.899999976158142,14400,0.0,0.0
2019-11-25 00:00:00-05:00,1.909999966621399,1.9500000476837158,1.8899999856948853,1.909999966621399,6400,0.0,0.0
2019-11-26 00:00:00-05:00,1.8799999952316284,1.9500000476837158,1.7300000190734863,1.7699999809265137,88800,0.0,0.0
2019-11-27 00:00:00-05:00,1.7400000095367432,1.7699999809265137,1.7300000190734863,1.7400000095367432,29500,0.0,0.0
2019-11-29 00:00:00-05:00,1.7300000190734863,1.7300000190734863,1.7200000286102295,1.7300000190734863,11700,0.0,0.0
2019-12-02 00:00:00-05:00,1.7000000476837158,1.7300000190734863,1.7000000476837158,1.7200000286102295,2400,0.0,0.0
2019-12-03 00:00:00-05:00,1.7000000476837158,1.7300000190734863,1.7000000476837158,1.7000000476837158,30400,0.0,0.0
2019-12-04 00:00:00-05:00,1.6799999475479126,1.7300000190734863,1.6299999952316284,1.6799999475479126,33000,0.0,0.0
2019-12-05 00:00:00-05:00,1.6799999475479126,1.7000000476837158,1.6699999570846558,1.7000000476837158,5000,0.0,0.0
2019-12-06 00:00:00-05:00,1.7100000381469727,1.7599999904632568,1.7100000381469727,1.7400000095367432,17800,0.0,0.0
2019-12-09 00:00:00-05:00,1.7899999618530273,1.8600000143051147,1.7799999713897705,1.840000033378601,20000,0.0,0.0
2019-12-10 00:00:00-05:00,1.850000023841858,1.8899999856948853,1.7699999809265137,1.8899999856948853,21600,0.0,0.0
2019-12-11 00:00:00-05:00,1.8700000047683716,1.8700000047683716,1.8700000047683716,1.8700000047683716,2500,0.0,0.0
2019-12-12 00:00:00-05:00,1.8799999952316284,1.8899999856948853,1.8799999952316284,1.8899999856948853,3400,0.0,0.0
2019-12-13 00:00:00-05:00,1.8899999856948853,1.8899999856948853,1.8899999856948853,1.8899999856948853,0,0.0,0.0
2019-12-16 00:00:00-05:00,1.809999942779541,1.899999976158142,1.809999942779541,1.8600000143051147,9400,0.0,0.0
2019-12-17 00:00:00-05:00,1.8300000429153442,1.909999966621399,1.8300000429153442,1.840000033378601,9900,0.0,0.0
2019-12-18 00:00:00-05:00,2.25,2.25,1.8799999952316284,1.9299999475479126,44200,0.0,0.0
2019-12-19 00:00:00-05:00,1.9700000286102295,1.9700000286102295,1.8700000047683716,1.909999966621399,2900,0.0,0.0
2019-12-20 00:00:00-05:00,1.909999966621399,1.9500000476837158,1.909999966621399,1.940000057220459,2100,0.0,0.0
2019-12-23 00:00:00-05:00,1.8799999952316284,1.9700000286102295,1.8300000429153442,1.9600000381469727,14500,0.0,0.0
2019-12-24 00:00:00-05:00,1.9199999570846558,1.9800000190734863,1.9199999570846558,1.9800000190734863,10700,0.0,0.0
2019-12-26 00:00:00-05:00,1.9299999475479126,2.059999942779541,1.9299999475479126,2.0,30600,0.0,0.0
2019-12-27 00:00:00-05:00,1.9900000095367432,2.0399999618530273,1.9299999475479126,2.0399999618530273,4400,0.0,0.0
2019-12-30 00:00:00-05:00,1.9600000381469727,1.9900000095367432,1.8799999952316284,1.9900000095367432,19900,0.0,0.0
2019-12-31 00:00:00-05:00,1.9900000095367432,1.9900000095367432,1.9500000476837158,1.9900000095367432,8300,0.0,0.0
2020-01-02 00:00:00-05:00,2.0199999809265137,2.0799999237060547,2.009999990463257,2.049999952316284,12800,0.0,0.0
2020-01-03 00:00:00-05:00,2.0799999237060547,2.109999895095825,2.049999952316284,2.109999895095825,5900,0.0,0.0
2020-01-06 00:00:00-05:00,2.119999885559082,2.190000057220459,2.109999895095825,2.109999895095825,18800,0.0,0.0
2020-01-07 00:00:00-05:00,2.130000114440918,2.2699999809265137,2.130000114440918,2.2100000381469727,40900,0.0,0.0
2020-01-08 00:00:00-05:00,2.2200000286102295,2.2799999713897705,2.109999895095825,2.1700000762939453,22900,0.0,0.0
2020-01-09 00:00:00-05:00,2.1700000762939453,2.2100000381469727,2.140000104904175,2.200000047683716,21100,0.0,0.0
2020-01-10 00:00:00-05:00,2.240000009536743,2.2799999713897705,2.1700000762939453,2.180000066757202,9200,0.0,0.0
2020-01-13 00:00:00-05:00,2.25,2.25,2.0899999141693115,2.140000104904175,21200,0.0,0.0
2020-01-14 00:00:00-05:00,2.1600000858306885,2.25,2.1600000858306885,2.2100000381469727,5700,0.0,0.0
2020-01-15 00:00:00-05:00,2.2100000381469727,2.2799999713897705,2.140000104904175,2.200000047683716,17600,0.0,0.0
2020-01-16 00:00:00-05:00,2.240000009536743,2.25,2.1600000858306885,2.2300000190734863,25900,0.0,0.0
2020-01-17 00:00:00-05:00,2.25,2.25,2.200000047683716,2.200000047683716,16000,0.0,0.0
2020-01-21 00:00:00-05:00,2.2100000381469727,2.2200000286102295,2.0899999141693115,2.1700000762939453,10200,0.0,0.0
2020-01-22 00:00:00-05:00,2.200000047683716,2.200000047683716,2.1700000762939453,2.180000066757202,2000,0.0,0.0
2020-01-23 00:00:00-05:00,2.200000047683716,2.240000009536743,2.059999942779541,2.2200000286102295,4600,0.0,0.0
2020-01-24 00:00:00-05:00,2.25,2.25,2.130000114440918,2.2300000190734863,11600,0.0,0.0
2020-01-27 00:00:00-05:00,2.2200000286102295,2.2200000286102295,2.0999999046325684,2.140000104904175,8100,0.0,0.0
2020-01-28 00:00:00-05:00,2.130000114440918,2.25,2.0999999046325684,2.190000057220459,77400,0.0,0.0
2020-01-29 00:00:00-05:00,2.200000047683716,2.200000047683716,2.119999885559082,2.1500000953674316,9400,0.0,0.0
2020-01-30 00:00:00-05:00,2.109999895095825,2.1600000858306885,2.109999895095825,2.140000104904175,6000,0.0,0.0
2020-01-31 00:00:00-05:00,2.1600000858306885,2.200000047683716,2.0999999046325684,2.130000114440918,22700,0.0,0.0
2020-02-03 00:00:00-05:00,2.1700000762939453,2.1700000762939453,2.119999885559082,2.140000104904175,5400,0.0,0.0
2020-02-04 00:00:00-05:00,2.140000104904175,2.1600000858306885,1.9900000095367432,2.009999990463257,69900,0.0,0.0
2020-02-05 00:00:00-05:00,1.9900000095367432,2.119999885559082,1.9900000095367432,2.119999885559082,40900,0.0,0.0
2020-02-06 00:00:00-05:00,2.1500000953674316,2.1500000953674316,2.0899999141693115,2.0999999046325684,6400,0.0,0.0
2020-02-07 00:00:00-05:00,2.119999885559082,2.119999885559082,2.069999933242798,2.0899999141693115,9500,0.0,0.0
2020-02-10 00:00:00-05:00,2.109999895095825,2.140000104904175,2.049999952316284,2.140000104904175,11900,0.0,0.0
2020-02-11 00:00:00-05:00,2.1700000762939453,2.2200000286102295,2.0899999141693115,2.119999885559082,24100,0.0,0.0
2020-02-12 00:00:00-05:00,2.119999885559082,2.180000066757202,2.109999895095825,2.130000114440918,8000,0.0,0.0
2020-02-13 00:00:00-05:00,2.140000104904175,2.180000066757202,2.0999999046325684,2.130000114440918,29200,0.0,0.0
2020-02-14 00:00:00-05:00,2.1600000858306885,2.190000057220459,2.130000114440918,2.1500000953674316,10800,0.0,0.0
2020-02-18 00:00:00-05:00,2.1700000762939453,2.190000057220459,2.069999933242798,2.1500000953674316,18900,0.0,0.0
2020-02-19 00:00:00-05:00,2.190000057220459,2.190000057220459,2.0799999237060547,2.119999885559082,8800,0.0,0.0
2020-02-20 00:00:00-05:00,2.140000104904175,2.1500000953674316,2.0799999237060547,2.0999999046325684,9100,0.0,0.0
2020-02-21 00:00:00-05:00,2.0,2.0799999237060547,2.0,2.0399999618530273,21400,0.0,0.0
2020-02-24 00:00:00-05:00,2.009999990463257,2.049999952316284,1.909999966621399,2.0199999809265137,28700,0.0,0.0
2020-02-25 00:00:00-05:00,2.069999933242798,2.069999933242798,1.940000057220459,1.9800000190734863,17600,0.0,0.0
2020-02-26 00:00:00-05:00,2.0,2.069999933242798,1.940000057220459,1.9600000381469727,10000,0.0,0.0
2020-02-27 00:00:00-05:00,1.940000057220459,1.940000057220459,1.850000023841858,1.899999976158142,24000,0.0,0.0
2020-02-28 00:00:00-05:00,1.8899999856948853,1.9600000381469727,1.850000023841858,1.8799999952316284,11600,0.0,0.0
2020-03-02 00:00:00-05:00,1.899999976158142,1.9700000286102295,1.809999942779541,1.809999942779541,41900,0.0,0.0
2020-03-03 00:00:00-05:00,1.8300000429153442,1.9199999570846558,1.75,1.850000023841858,36400,0.0,0.0
2020-03-04 00:00:00-05:00,1.840000033378601,1.840000033378601,1.7300000190734863,1.7799999713897705,13100,0.0,0.0
2020-03-05 00:00:00-05:00,1.7300000190734863,1.8200000524520874,1.7100000381469727,1.8200000524520874,8100,0.0,0.0
2020-03-06 00:00:00-05:00,1.7100000381469727,1.809999942779541,1.7100000381469727,1.809999942779541,2100,0.0,0.0
2020-03-09 00:00:00-04:00,1.5199999809265137,1.6200000047683716,1.5199999809265137,1.559999942779541,72200,0.0,0.0
2020-03-10 00:00:00-04:00,1.559999942779541,1.7799999713897705,1.5399999618530273,1.7799999713897705,43800,0.0,0.0
2020-03-11 00:00:00-04:00,1.7000000476837158,1.8700000047683716,1.7000000476837158,1.7999999523162842,17800,0.0,0.0
2020-03-12 00:00:00-04:00,1.590000033378601,1.7899999618530273,1.590000033378601,1.7899999618530273,2600,0.0,0.0
2020-03-13 00:00:00-04:00,1.6399999856948853,1.75,1.6299999952316284,1.659999966621399,11700,0.0,0.0
2020-03-16 00:00:00-04:00,1.649999976158142,1.649999976158142,1.2100000381469727,1.5299999713897705,45500,0.0,0.0
2020-03-17 00:00:00-04:00,1.4900000095367432,1.659999966621399,1.4900000095367432,1.600000023841858,29100,0.0,0.0
2020-03-18 00:00:00-04:00,1.440000057220459,1.5,1.4299999475479126,1.4500000476837158,28200,0.0,0.0
2020-03-19 00:00:00-04:00,1.4299999475479126,1.4299999475479126,1.409999966621399,1.4299999475479126,25900,0.0,0.0
2020-03-20 00:00:00-04:00,1.5399999618530273,1.5399999618530273,1.4600000381469727,1.4600000381469727,6500,0.0,0.0
2020-03-23 00:00:00-04:00,1.4500000476837158,1.4500000476837158,1.2799999713897705,1.409999966621399,44000,0.0,0.0
2020-03-24 00:00:00-04:00,1.4299999475479126,1.559999942779541,1.4199999570846558,1.4199999570846558,18400,0.0,0.0
2020-03-25 00:00:00-04:00,1.4700000286102295,1.5299999713897705,1.3799999952316284,1.5,13100,0.0,0.0
2020-03-26 00:00:00-04:00,1.5299999713897705,1.590000033378601,1.5299999713897705,1.590000033378601,26500,0.0,0.0
2020-03-27 00:00:00-04:00,1.600000023841858,1.600000023841858,1.4199999570846558,1.5800000429153442,3600,0.0,0.0
2020-03-30 00:00:00-04:00,1.6299999952316284,2.369999885559082,1.600000023841858,2.0,163200,0.0,0.0
2020-03-31 00:00:00-04:00,2.0899999141693115,2.0899999141693115,1.7599999904632568,1.7799999713897705,27300,0.0,0.0
2020-04-01 00:00:00-04:00,1.600000023841858,1.75,1.5800000429153442,1.7000000476837158,8000,0.0,0.0
2020-04-02 00:00:00-04:00,1.850000023841858,1.8899999856948853,1.0199999809265137,1.5,227800,0.0,0.0
2020-04-03 00:00:00-04:00,1.4500000476837158,1.4800000190734863,1.409999966621399,1.4600000381469727,8100,0.0,0.0
2020-04-06 00:00:00-04:00,1.5199999809265137,1.6200000047683716,1.5199999809265137,1.559999942779541,16200,0.0,0.0
2020-04-07 00:00:00-04:00,1.590000033378601,1.6200000047683716,1.5399999618530273,1.590000033378601,9000,0.0,0.0
2020-04-08 00:00:00-04:00,1.5399999618530273,1.5700000524520874,1.5,1.559999942779541,11000,0.0,0.0
2020-04-09 00:00:00-04:00,1.559999942779541,1.6200000047683716,1.5199999809265137,1.5499999523162842,35000,0.0,0.0
2020-04-13 00:00:00-04:00,1.5199999809265137,1.8200000524520874,1.4500000476837158,1.809999942779541,31300,0.0,0.0
2020-04-14 00:00:00-04:00,1.7899999618530273,1.8799999952316284,1.7599999904632568,1.8200000524520874,55600,0.0,0.0
2020-04-15 00:00:00-04:00,1.7699999809265137,1.850000023841858,1.7599999904632568,1.8300000429153442,6700,0.0,0.0
2020-04-16 00:00:00-04:00,1.8700000047683716,1.8700000047683716,1.8300000429153442,1.8300000429153442,900,0.0,0.0
2020-04-17 00:00:00-04:00,1.8899999856948853,1.9700000286102295,1.850000023841858,1.850000023841858,21200,0.0,0.0
2020-04-20 00:00:00-04:00,1.9299999475479126,2.0,1.7899999618530273,1.8799999952316284,23300,0.0,0.0
2020-04-21 00:00:00-04:00,1.809999942779541,1.9900000095367432,1.809999942779541,1.9199999570846558,5400,0.0,0.0
2020-04-22 00:00:00-04:00,2.299999952316284,2.9800000190734863,1.809999942779541,1.8799999952316284,2790000,0.0,0.0
2020-04-23 00:00:00-04:00,1.8700000047683716,1.940000057220459,1.7300000190734863,1.7899999618530273,108400,0.0,0.0
2020-04-24 00:00:00-04:00,1.8300000429153442,1.8300000429153442,1.7100000381469727,1.7300000190734863,39600,0.0,0.0
2020-04-27 00:00:00-04:00,1.7200000286102295,1.840000033378601,1.7200000286102295,1.8200000524520874,35200,0.0,0.0
2020-04-28 00:00:00-04:00,1.8600000143051147,1.8600000143051147,1.7200000286102295,1.75,22400,0.0,0.0
2020-04-29 00:00:00-04:00,1.7599999904632568,1.840000033378601,1.75,1.7899999618530273,47800,0.0,0.0
2020-04-30 00:00:00-04:00,1.7699999809265137,1.809999942779541,1.7599999904632568,1.7799999713897705,6900,0.0,0.0
2020-05-01 00:00:00-04:00,1.7999999523162842,1.7999999523162842,1.7300000190734863,1.75,6400,0.0,0.0
2020-05-04 00:00:00-04:00,1.7400000095367432,1.7799999713897705,1.7300000190734863,1.7599999904632568,13900,0.0,0.0
2020-05-05 00:00:00-04:00,1.7599999904632568,1.7699999809265137,1.7300000190734863,1.75,13100,0.0,0.0
2020-05-06 00:00:00-04:00,1.7400000095367432,1.7699999809265137,1.7200000286102295,1.7300000190734863,4300,0.0,0.0
2020-05-07 00:00:00-04:00,1.7300000190734863,1.7999999523162842,1.7200000286102295,1.7999999523162842,11600,0.0,0.0
2020-05-08 00:00:00-04:00,1.7699999809265137,1.7999999523162842,1.7400000095367432,1.7699999809265137,23700,0.0,0.0
2020-05-11 00:00:00-04:00,1.7400000095367432,1.8300000429153442,1.7400000095367432,1.809999942779541,9700,0.0,0.0
2020-05-12 00:00:00-04:00,1.7899999618530273,1.8799999952316284,1.6799999475479126,1.7899999618530273,23800,0.0,0.0
2020-05-13 00:00:00-04:00,1.7899999618530273,1.7899999618530273,1.75,1.7699999809265137,5100,0.0,0.0
2020-05-14 00:00:00-04:00,1.7100000381469727,1.7799999713897705,1.7000000476837158,1.7799999713897705,5500,0.0,0.0
2020-05-15 00:00:00-04:00,1.7799999713897705,1.7899999618530273,1.7599999904632568,1.7799999713897705,18800,0.0,0.0
2020-05-18 00:00:00-04:00,1.7599999904632568,1.840000033378601,1.7599999904632568,1.7699999809265137,12900,0.0,0.0
2020-05-19 00:00:00-04:00,1.8700000047683716,1.8700000047683716,1.7899999618530273,1.809999942779541,4400,0.0,0.0
2020-05-20 00:00:00-04:00,1.8200000524520874,1.850000023841858,1.809999942779541,1.809999942779541,1900,0.0,0.0
2020-05-21 00:00:00-04:00,1.850000023841858,1.940000057220459,1.850000023841858,1.9199999570846558,26500,0.0,0.0
2020-05-22 00:00:00-04:00,1.9500000476837158,1.9500000476837158,1.8600000143051147,1.9500000476837158,9900,0.0,0.0
2020-05-26 00:00:00-04:00,1.9800000190734863,1.9900000095367432,1.9199999570846558,1.9900000095367432,28900,0.0,0.0
2020-05-27 00:00:00-04:00,2.0,2.0999999046325684,1.909999966621399,1.9299999475479126,65100,0.0,0.0
2020-05-28 00:00:00-04:00,1.9700000286102295,2.0,1.9500000476837158,1.9800000190734863,8500,0.0,0.0
2020-05-29 00:00:00-04:00,1.9900000095367432,2.049999952316284,1.9800000190734863,2.009999990463257,12800,0.0,0.0
2020-06-01 00:00:00-04:00,1.8600000143051147,2.0999999046325684,1.8600000143051147,2.0899999141693115,25100,0.0,0.0
2020-06-02 00:00:00-04:00,1.8700000047683716,2.059999942779541,1.8700000047683716,2.009999990463257,5700,0.0,0.0
2020-06-03 00:00:00-04:00,2.0799999237060547,2.109999895095825,1.9800000190734863,2.109999895095825,28100,0.0,0.0
2020-06-04 00:00:00-04:00,2.109999895095825,2.109999895095825,2.0199999809265137,2.069999933242798,5900,0.0,0.0
2020-06-05 00:00:00-04:00,1.9900000095367432,2.299999952316284,1.9700000286102295,2.299999952316284,72600,0.0,0.0
2020-06-08 00:00:00-04:00,2.299999952316284,2.380000114440918,2.259999990463257,2.309999942779541,43600,0.0,0.0
2020-06-09 00:00:00-04:00,2.319999933242798,2.5,2.25,2.380000114440918,38300,0.0,0.0
2020-06-10 00:00:00-04:00,2.380000114440918,2.430000066757202,2.3399999141693115,2.4200000762939453,7900,0.0,0.0
2020-06-11 00:00:00-04:00,2.240000009536743,2.5,2.240000009536743,2.359999895095825,31500,0.0,0.0
2020-06-12 00:00:00-04:00,2.240000009536743,2.7899999618530273,2.180000066757202,2.6700000762939453,98000,0.0,0.0
2020-06-15 00:00:00-04:00,2.5,2.880000114440918,2.4600000381469727,2.640000104904175,113100,0.0,0.0
2020-06-16 00:00:00-04:00,2.5999999046325684,2.859999895095825,2.5999999046325684,2.7699999809265137,147200,0.0,0.0
2020-06-17 00:00:00-04:00,2.759999990463257,2.9100000858306885,2.700000047683716,2.8499999046325684,173300,0.0,0.0
2020-06-18 00:00:00-04:00,2.7699999809265137,2.950000047683716,2.700000047683716,2.9200000762939453,174600,0.0,0.0
2020-06-19 00:00:00-04:00,2.930000066757202,3.0,2.7699999809265137,2.990000009536743,244400,0.0,0.0
2020-06-22 00:00:00-04:00,2.990000009536743,3.1600000858306885,2.809999942779541,3.0399999618530273,143800,0.0,0.0
2020-06-23 00:00:00-04:00,3.200000047683716,3.200000047683716,3.009999990463257,3.0899999141693115,121200,0.0,0.0
2020-06-24 00:00:00-04:00,3.130000114440918,3.1500000953674316,2.9600000381469727,3.0199999809265137,52100,0.0,0.0
2020-06-25 00:00:00-04:00,3.009999990463257,3.200000047683716,2.990000009536743,3.180000066757202,154100,0.0,0.0
2020-06-26 00:00:00-04:00,3.190000057220459,3.190000057220459,2.9600000381469727,3.0199999809265137,44600,0.0,0.0
2020-06-29 00:00:00-04:00,2.9800000190734863,3.0999999046325684,2.819999933242798,2.9000000953674316,11000,0.0,0.0
2020-06-30 00:00:00-04:00,2.880000114440918,2.9100000858306885,2.7699999809265137,2.9100000858306885,9900,0.0,0.0
2020-07-01 00:00:00-04:00,2.8399999141693115,2.890000104904175,2.7699999809265137,2.7799999713897705,6300,0.0,0.0
2020-07-02 00:00:00-04:00,2.9000000953674316,2.9700000286102295,2.799999952316284,2.9700000286102295,69900,0.0,0.0
2020-07-06 00:00:00-04:00,2.9600000381469727,2.9800000190734863,2.2799999713897705,2.630000114440918,107900,0.0,0.0
2020-07-07 00:00:00-04:00,2.5999999046325684,2.819999933242798,2.549999952316284,2.6600000858306885,14300,0.0,0.0
2020-07-08 00:00:00-04:00,2.5999999046325684,2.7799999713897705,2.5399999618530273,2.7699999809265137,63300,0.0,0.0
2020-07-09 00:00:00-04:00,2.7799999713897705,2.869999885559082,2.759999990463257,2.7899999618530273,18100,0.0,0.0
2020-07-10 00:00:00-04:00,2.859999895095825,2.9200000762939453,2.640000104904175,2.640000104904175,1500,0.0,0.0
2020-07-13 00:00:00-04:00,2.740000009536743,2.9000000953674316,2.7300000190734863,2.8499999046325684,9500,0.0,0.0
2020-07-14 00:00:00-04:00,2.700000047683716,2.9200000762939453,2.700000047683716,2.8299999237060547,3400,0.0,0.0
2020-07-15 00:00:00-04:00,2.8299999237060547,2.9000000953674316,2.6700000762939453,2.880000114440918,15300,0.0,0.0
2020-07-16 00:00:00-04:00,2.809999942779541,2.9600000381469727,2.809999942779541,2.9600000381469727,8900,0.0,0.0
2020-07-17 00:00:00-04:00,2.890000104904175,2.9600000381469727,2.809999942779541,2.809999942779541,24800,0.0,0.0
2020-07-20 00:00:00-04:00,2.7899999618530273,2.9100000858306885,2.690000057220459,2.9100000858306885,1700,0.0,0.0
2020-07-21 00:00:00-04:00,2.4700000286102295,2.990000009536743,2.4700000286102295,2.930000066757202,11500,0.0,0.0
2020-07-22 00:00:00-04:00,2.75,2.940000057220459,2.75,2.930000066757202,6100,0.0,0.0
2020-07-23 00:00:00-04:00,2.859999895095825,2.9000000953674316,2.740000009536743,2.890000104904175,14400,0.0,0.0
2020-07-24 00:00:00-04:00,2.8499999046325684,2.890000104904175,2.7699999809265137,2.890000104904175,2500,0.0,0.0
2020-07-27 00:00:00-04:00,2.890000104904175,2.9700000286102295,2.890000104904175,2.9600000381469727,14900,0.0,0.0
2020-07-28 00:00:00-04:00,2.950000047683716,2.9800000190734863,2.869999885559082,2.9100000858306885,5700,0.0,0.0
2020-07-29 00:00:00-04:00,2.880000114440918,2.9100000858306885,2.7699999809265137,2.9100000858306885,10100,0.0,0.0
2020-07-30 00:00:00-04:00,2.9000000953674316,2.9100000858306885,2.869999885559082,2.9100000858306885,1100,0.0,0.0
2020-07-31 00:00:00-04:00,2.9000000953674316,2.9000000953674316,2.859999895095825,2.880000114440918,4600,0.0,0.0
2020-08-03 00:00:00-04:00,2.950000047683716,2.950000047683716,2.890000104904175,2.950000047683716,700,0.0,0.0
2020-08-04 00:00:00-04:00,2.950000047683716,3.200000047683716,2.950000047683716,3.0799999237060547,74200,0.0,0.0
2020-08-05 00:00:00-04:00,3.1500000953674316,3.3499999046325684,3.0799999237060547,3.0799999237060547,51700,0.0,0.0
2020-08-06 00:00:00-04:00,3.200000047683716,3.200000047683716,2.4800000190734863,2.75,20600,0.0,0.0
2020-08-07 00:00:00-04:00,2.8399999141693115,2.859999895095825,2.630000114440918,2.809999942779541,6400,0.0,0.0
2020-08-10 00:00:00-04:00,2.7899999618530273,2.819999933242798,2.759999990463257,2.809999942779541,3100,0.0,0.0
2020-08-11 00:00:00-04:00,2.9000000953674316,2.990000009536743,2.859999895095825,2.859999895095825,3600,0.0,0.0
2020-08-12 00:00:00-04:00,2.640000104904175,2.8399999141693115,2.640000104904175,2.819999933242798,8100,0.0,0.0
2020-08-13 00:00:00-04:00,2.859999895095825,2.859999895095825,2.859999895095825,2.859999895095825,200,0.0,0.0
2020-08-14 00:00:00-04:00,2.9000000953674316,2.9600000381469727,2.799999952316284,2.809999942779541,3800,0.0,0.0
2020-08-17 00:00:00-04:00,2.8399999141693115,2.859999895095825,2.7799999713897705,2.7899999618530273,6000,0.0,0.0
2020-08-18 00:00:00-04:00,3.009999990463257,3.009999990463257,2.640000104904175,2.7300000190734863,2900,0.0,0.0
2020-08-19 00:00:00-04:00,2.809999942779541,2.809999942779541,2.809999942779541,2.809999942779541,300,0.0,0.0
2020-08-20 00:00:00-04:00,2.7699999809265137,2.9000000953674316,2.7100000381469727,2.8499999046325684,5600,0.0,0.0
2020-08-21 00:00:00-04:00,2.990000009536743,2.990000009536743,2.75,2.75,13500,0.0,0.0
2020-08-24 00:00:00-04:00,2.990000009536743,2.990000009536743,2.5299999713897705,2.9700000286102295,9500,0.0,0.0
2020-08-25 00:00:00-04:00,2.990000009536743,2.990000009536743,2.7699999809265137,2.880000114440918,13800,0.0,0.0
2020-08-26 00:00:00-04:00,2.5,2.759999990463257,2.0899999141693115,2.680000066757202,94200,0.0,0.0
2020-08-27 00:00:00-04:00,2.5999999046325684,2.700000047683716,2.3399999141693115,2.700000047683716,6700,0.0,0.0
2020-08-28 00:00:00-04:00,2.4700000286102295,2.7100000381469727,2.4700000286102295,2.5399999618530273,20400,0.0,0.0
2020-08-31 00:00:00-04:00,2.5799999237060547,2.609999895095825,2.5299999713897705,2.5399999618530273,4000,0.0,0.0
2020-09-01 00:00:00-04:00,2.5,2.549999952316284,2.359999895095825,2.5,17100,0.0,0.0
2020-09-02 00:00:00-04:00,2.5,2.5,2.440000057220459,2.490000009536743,2700,0.0,0.0
2020-09-03 00:00:00-04:00,2.509999990463257,2.5799999237060547,2.5,2.5,2300,0.0,0.0
2020-09-04 00:00:00-04:00,2.369999885559082,2.5799999237060547,2.369999885559082,2.4700000286102295,6300,0.0,0.0
2020-09-08 00:00:00-04:00,2.380000114440918,2.4100000858306885,2.2200000286102295,2.4100000858306885,5600,0.0,0.0
2020-09-09 00:00:00-04:00,2.319999933242798,2.4000000953674316,2.309999942779541,2.4000000953674316,10600,0.0,0.0
2020-09-10 00:00:00-04:00,2.3399999141693115,2.4200000762939453,2.3399999141693115,2.359999895095825,10900,0.0,0.0
2020-09-11 00:00:00-04:00,2.3499999046325684,2.359999895095825,2.3499999046325684,2.359999895095825,1800,0.0,0.0
2020-09-14 00:00:00-04:00,2.440000057220459,2.440000057220459,2.440000057220459,2.440000057220459,800,0.0,0.0
2020-09-15 00:00:00-04:00,2.2100000381469727,2.6700000762939453,2.2100000381469727,2.5199999809265137,24600,0.0,0.0
2020-09-16 00:00:00-04:00,2.640000104904175,2.6500000953674316,2.430000066757202,2.630000114440918,15600,0.0,0.0
2020-09-17 00:00:00-04:00,2.5,2.5,2.4700000286102295,2.5,10200,0.0,0.0
2020-09-18 00:00:00-04:00,2.259999990463257,2.640000104904175,2.259999990463257,2.5199999809265137,4100,0.0,0.0
2020-09-21 00:00:00-04:00,2.640000104904175,2.640000104904175,2.4600000381469727,2.4600000381469727,600,0.0,0.0
2020-09-22 00:00:00-04:00,2.509999990463257,2.5399999618530273,2.509999990463257,2.5399999618530273,1000,0.0,0.0
2020-09-23 00:00:00-04:00,2.5,2.5899999141693115,2.490000009536743,2.490000009536743,2700,0.0,0.0
2020-09-24 00:00:00-04:00,2.549999952316284,2.6700000762939453,2.490000009536743,2.5,16600,0.0,0.0
2020-09-25 00:00:00-04:00,2.3299999237060547,2.640000104904175,2.3299999237060547,2.549999952316284,5200,0.0,0.0
2020-09-28 00:00:00-04:00,2.3299999237060547,2.4600000381469727,2.2899999618530273,2.450000047683716,4600,0.0,0.0
2020-09-29 00:00:00-04:00,2.5,2.509999990463257,2.4200000762939453,2.490000009536743,3700,0.0,0.0
2020-09-30 00:00:00-04:00,2.5,2.5,2.4200000762939453,2.430000066757202,900,0.0,0.0
2020-10-01 00:00:00-04:00,2.490000009536743,2.630000114440918,2.490000009536743,2.490000009536743,8000,0.0,0.0
2020-10-02 00:00:00-04:00,2.4100000858306885,2.4700000286102295,2.4100000858306885,2.4700000286102295,1200,0.0,0.0
2020-10-05 00:00:00-04:00,2.5299999713897705,2.5299999713897705,2.5,2.5,4200,0.0,0.0
2020-10-06 00:00:00-04:00,2.569999933242798,2.569999933242798,2.509999990463257,2.509999990463257,3400,0.0,0.0
2020-10-07 00:00:00-04:00,2.559999942779541,2.640000104904175,2.5,2.640000104904175,3600,0.0,0.0
2020-10-08 00:00:00-04:00,2.609999895095825,2.630000114440918,2.4600000381469727,2.4700000286102295,14700,0.0,0.0
2020-10-09 00:00:00-04:00,2.559999942779541,2.559999942779541,2.4600000381469727,2.490000009536743,7000,0.0,0.0
2020-10-12 00:00:00-04:00,2.5299999713897705,2.5399999618530273,2.4600000381469727,2.490000009536743,4200,0.0,0.0
2020-10-13 00:00:00-04:00,2.5,2.5,2.450000047683716,2.490000009536743,600,0.0,0.0
2020-10-14 00:00:00-04:00,2.4700000286102295,2.509999990463257,2.4600000381469727,2.4800000190734863,3800,0.0,0.0
2020-10-15 00:00:00-04:00,2.509999990463257,2.5999999046325684,2.509999990463257,2.549999952316284,5800,0.0,0.0
2020-10-16 00:00:00-04:00,2.619999885559082,2.7799999713897705,2.509999990463257,2.549999952316284,51400,0.0,0.0
2020-10-19 00:00:00-04:00,2.5199999809265137,2.75,2.5199999809265137,2.569999933242798,5500,0.0,0.0
2020-10-20 00:00:00-04:00,2.609999895095825,2.6600000858306885,2.5399999618530273,2.549999952316284,5900,0.0,0.0
2020-10-21 00:00:00-04:00,2.6500000953674316,2.6500000953674316,2.5,2.5,7000,0.0,0.0
2020-10-22 00:00:00-04:00,2.509999990463257,2.5799999237060547,2.4600000381469727,2.5299999713897705,4800,0.0,0.0
2020-10-23 00:00:00-04:00,2.5,2.740000009536743,2.5,2.6500000953674316,48200,0.0,0.0
2020-10-26 00:00:00-04:00,2.6700000762939453,2.6700000762939453,2.5899999141693115,2.6500000953674316,1700,0.0,0.0
2020-10-27 00:00:00-04:00,2.680000066757202,2.700000047683716,2.5999999046325684,2.6500000953674316,1300,0.0,0.0
2020-10-28 00:00:00-04:00,2.6700000762939453,2.6700000762939453,2.4200000762939453,2.5999999046325684,16800,0.0,0.0
2020-10-29 00:00:00-04:00,2.559999942779541,2.559999942779541,2.5199999809265137,2.5199999809265137,5500,0.0,0.0
2020-10-30 00:00:00-04:00,2.5199999809265137,2.549999952316284,2.4800000190734863,2.4800000190734863,800,0.0,0.0
2020-11-02 00:00:00-05:00,2.569999933242798,2.569999933242798,2.3399999141693115,2.5299999713897705,3400,0.0,0.0
2020-11-03 00:00:00-05:00,2.549999952316284,2.559999942779541,2.4000000953674316,2.4800000190734863,7300,0.0,0.0
2020-11-04 00:00:00-05:00,2.5,2.559999942779541,2.5,2.559999942779541,1700,0.0,0.0
2020-11-05 00:00:00-05:00,2.569999933242798,2.6500000953674316,2.390000104904175,2.440000057220459,6500,0.0,0.0
2020-11-06 00:00:00-05:00,2.4200000762939453,2.490000009536743,2.4200000762939453,2.450000047683716,1400,0.0,0.0
2020-11-09 00:00:00-05:00,2.569999933242798,2.569999933242798,2.390000104904175,2.430000066757202,4400,0.0,0.0
2020-11-10 00:00:00-05:00,2.440000057220459,2.490000009536743,2.380000114440918,2.380000114440918,2900,0.0,0.0
2020-11-11 00:00:00-05:00,2.4600000381469727,2.490000009536743,2.430000066757202,2.4700000286102295,2700,0.0,0.0
2020-11-12 00:00:00-05:00,2.4700000286102295,2.4700000286102295,2.390000104904175,2.4600000381469727,700,0.0,0.0
2020-11-13 00:00:00-05:00,2.7100000381469727,2.7100000381469727,2.5,2.5399999618530273,6000,0.0,0.0
2020-11-16 00:00:00-05:00,2.5999999046325684,2.6500000953674316,2.569999933242798,2.609999895095825,6600,0.0,0.0
2020-11-17 00:00:00-05:00,2.630000114440918,2.630000114440918,2.390000104904175,2.559999942779541,6000,0.0,0.0
2020-11-18 00:00:00-05:00,2.640000104904175,2.640000104904175,2.5,2.509999990463257,7100,0.0,0.0
2020-11-19 00:00:00-05:00,2.569999933242798,2.609999895095825,2.390000104904175,2.450000047683716,5500,0.0,0.0
2020-11-20 00:00:00-05:00,2.5199999809265137,2.5799999237060547,2.450000047683716,2.5,5000,0.0,0.0
2020-11-23 00:00:00-05:00,2.569999933242798,2.5899999141693115,2.4100000858306885,2.5,5200,0.0,0.0
2020-11-24 00:00:00-05:00,2.5,2.740000009536743,2.5,2.5899999141693115,20900,0.0,0.0
2020-11-25 00:00:00-05:00,2.6600000858306885,2.680000066757202,2.5799999237060547,2.6700000762939453,16400,0.0,0.0
2020-11-27 00:00:00-05:00,2.75,2.9700000286102295,2.680000066757202,2.890000104904175,116200,0.0,0.0
2020-11-30 00:00:00-05:00,2.930000066757202,3.0,2.640000104904175,2.9000000953674316,98000,0.0,0.0
2020-12-01 00:00:00-05:00,2.950000047683716,2.950000047683716,2.7100000381469727,2.8499999046325684,44900,0.0,0.0
2020-12-02 00:00:00-05:00,2.799999952316284,2.8299999237060547,2.430000066757202,2.700000047683716,6700,0.0,0.0
2020-12-03 00:00:00-05:00,2.6500000953674316,2.700000047683716,2.549999952316284,2.630000114440918,40700,0.0,0.0
2020-12-04 00:00:00-05:00,2.6500000953674316,2.6700000762939453,2.619999885559082,2.6600000858306885,10100,0.0,0.0
2020-12-07 00:00:00-05:00,2.6600000858306885,2.690000057220459,2.5299999713897705,2.680000066757202,20500,0.0,0.0
2020-12-08 00:00:00-05:00,2.5999999046325684,2.7100000381469727,2.559999942779541,2.569999933242798,5400,0.0,0.0
2020-12-09 00:00:00-05:00,2.5999999046325684,2.6600000858306885,2.5399999618530273,2.5899999141693115,5300,0.0,0.0
2020-12-10 00:00:00-05:00,2.559999942779541,2.7699999809265137,2.559999942779541,2.690000057220459,20400,0.0,0.0
2020-12-11 00:00:00-05:00,2.5999999046325684,2.690000057220459,2.5999999046325684,2.6600000858306885,9400,0.0,0.0
2020-12-14 00:00:00-05:00,2.559999942779541,2.7699999809265137,2.559999942779541,2.5899999141693115,7000,0.0,0.0
2020-12-15 00:00:00-05:00,2.759999990463257,2.759999990463257,2.5799999237060547,2.700000047683716,1300,0.0,0.0
2020-12-16 00:00:00-05:00,2.6700000762939453,2.680000066757202,2.619999885559082,2.640000104904175,4600,0.0,0.0
2020-12-17 00:00:00-05:00,2.619999885559082,2.7200000286102295,2.609999895095825,2.6500000953674316,11300,0.0,0.0
2020-12-18 00:00:00-05:00,2.7100000381469727,2.819999933242798,2.6600000858306885,2.7100000381469727,13000,0.0,0.0
2020-12-21 00:00:00-05:00,2.5899999141693115,2.7699999809265137,2.5899999141693115,2.680000066757202,14700,0.0,0.0
2020-12-22 00:00:00-05:00,2.630000114440918,2.7699999809265137,2.609999895095825,2.680000066757202,8500,0.0,0.0
2020-12-23 00:00:00-05:00,2.740000009536743,2.740000009536743,2.5799999237060547,2.630000114440918,13100,0.0,0.0
2020-12-24 00:00:00-05:00,2.680000066757202,2.680000066757202,2.5999999046325684,2.5999999046325684,1600,0.0,0.0
2020-12-28 00:00:00-05:00,2.5899999141693115,2.75,2.5899999141693115,2.6700000762939453,13000,0.0,0.0
2020-12-29 00:00:00-05:00,2.690000057220459,3.180000066757202,2.6600000858306885,2.869999885559082,354100,0.0,0.0
2020-12-30 00:00:00-05:00,2.3499999046325684,2.3499999046325684,2.25,2.259999990463257,646900,0.0,0.0
2020-12-31 00:00:00-05:00,2.2699999809265137,2.309999942779541,2.240000009536743,2.2699999809265137,168000,0.0,0.0
2021-01-04 00:00:00-05:00,2.3499999046325684,2.3499999046325684,2.2200000286102295,2.299999952316284,266300,0.0,0.0
2021-01-05 00:00:00-05:00,2.3299999237060547,2.3299999237060547,2.240000009536743,2.259999990463257,88700,0.0,0.0
2021-01-06 00:00:00-05:00,2.259999990463257,2.2799999713897705,2.240000009536743,2.259999990463257,42300,0.0,0.0
2021-01-07 00:00:00-05:00,2.259999990463257,2.2699999809265137,2.240000009536743,2.259999990463257,82100,0.0,0.0
2021-01-08 00:00:00-05:00,2.259999990463257,2.3299999237060547,2.25,2.309999942779541,133200,0.0,0.0
2021-01-11 00:00:00-05:00,2.299999952316284,2.3399999141693115,2.259999990463257,2.3399999141693115,52200,0.0,0.0
2021-01-12 00:00:00-05:00,2.3499999046325684,2.4700000286102295,2.2799999713897705,2.4100000858306885,224900,0.0,0.0
2021-01-13 00:00:00-05:00,2.4200000762939453,2.430000066757202,2.3499999046325684,2.3499999046325684,24600,0.0,0.0
2021-01-14 00:00:00-05:00,2.3499999046325684,2.4600000381469727,2.3499999046325684,2.450000047683716,66600,0.0,0.0
2021-01-15 00:00:00-05:00,2.4700000286102295,2.630000114440918,2.3499999046325684,2.4100000858306885,344000,0.0,0.0
2021-01-19 00:00:00-05:00,2.5,2.640000104904175,2.490000009536743,2.5799999237060547,261500,0.0,0.0
2021-01-20 00:00:00-05:00,2.630000114440918,2.6500000953674316,2.430000066757202,2.559999942779541,63500,0.0,0.0
2021-01-21 00:00:00-05:00,2.549999952316284,2.559999942779541,2.4600000381469727,2.5199999809265137,49800,0.0,0.0
2021-01-22 00:00:00-05:00,2.5299999713897705,2.630000114440918,2.450000047683716,2.5,100800,0.0,0.0
2021-01-25 00:00:00-05:00,2.4800000190734863,3.130000114440918,2.4700000286102295,2.7300000190734863,690000,0.0,0.0
2021-01-26 00:00:00-05:00,2.6500000953674316,2.799999952316284,2.569999933242798,2.609999895095825,147800,0.0,0.0
2021-01-27 00:00:00-05:00,2.609999895095825,2.609999895095825,2.430000066757202,2.430000066757202,61200,0.0,0.0
2021-01-28 00:00:00-05:00,2.450000047683716,2.4700000286102295,2.4200000762939453,2.450000047683716,34500,0.0,0.0
2021-01-29 00:00:00-05:00,2.450000047683716,2.549999952316284,2.4200000762939453,2.4200000762939453,48200,0.0,0.0
2021-02-01 00:00:00-05:00,2.509999990463257,2.700000047683716,2.4200000762939453,2.569999933242798,269900,0.0,0.0
2021-02-02 00:00:00-05:00,2.549999952316284,2.5899999141693115,2.450000047683716,2.5399999618530273,107900,0.0,0.0
2021-02-03 00:00:00-05:00,2.5899999141693115,2.690000057220459,2.509999990463257,2.619999885559082,218000,0.0,0.0
2021-02-04 00:00:00-05:00,2.680000066757202,2.8299999237060547,2.630000114440918,2.7799999713897705,370800,0.0,0.0
2021-02-05 00:00:00-05:00,2.7899999618530273,3.690000057220459,2.7100000381469727,3.1500000953674316,2630400,0.0,0.0
2021-02-08 00:00:00-05:00,3.2899999618530273,3.7899999618530273,3.200000047683716,3.4700000286102295,912600,0.0,0.0
2021-02-09 00:00:00-05:00,3.4000000953674316,3.5999999046325684,3.299999952316284,3.450000047683716,664900,0.0,0.0
2021-02-10 00:00:00-05:00,3.450000047683716,3.5799999237060547,3.109999895095825,3.3399999141693115,334800,0.0,0.0
2021-02-11 00:00:00-05:00,3.4000000953674316,3.4700000286102295,3.180000066757202,3.299999952316284,119400,0.0,0.0
2021-02-12 00:00:00-05:00,3.2200000286102295,3.3499999046325684,3.2100000381469727,3.259999990463257,107500,0.0,0.0
2021-02-16 00:00:00-05:00,3.4800000190734863,3.759999990463257,3.319999933242798,3.700000047683716,1157000,0.0,0.0
2021-02-17 00:00:00-05:00,3.7699999809265137,3.7799999713897705,3.359999895095825,3.5399999618530273,269200,0.0,0.0
2021-02-18 00:00:00-05:00,3.450000047683716,3.5199999809265137,3.259999990463257,3.299999952316284,215000,0.0,0.0
2021-02-19 00:00:00-05:00,3.390000104904175,3.5999999046325684,3.2100000381469727,3.3399999141693115,296000,0.0,0.0
2021-02-22 00:00:00-05:00,3.3399999141693115,3.549999952316284,3.3399999141693115,3.4000000953674316,106000,0.0,0.0
2021-02-23 00:00:00-05:00,3.259999990463257,3.259999990463257,2.859999895095825,3.0,215600,0.0,0.0
2021-02-24 00:00:00-05:00,3.049999952316284,3.25,3.0199999809265137,3.069999933242798,52200,0.0,0.0
2021-02-25 00:00:00-05:00,3.0199999809265137,3.140000104904175,2.869999885559082,2.9800000190734863,116100,0.0,0.0
2021-02-26 00:00:00-05:00,2.9600000381469727,3.180000066757202,2.9100000858306885,3.059999942779541,55400,0.0,0.0
2021-03-01 00:00:00-05:00,3.140000104904175,3.200000047683716,3.059999942779541,3.109999895095825,74500,0.0,0.0
2021-03-02 00:00:00-05:00,3.0799999237060547,3.109999895095825,3.0399999618530273,3.069999933242798,20900,0.0,0.0
2021-03-03 00:00:00-05:00,3.0899999141693115,3.4800000190734863,3.0899999141693115,3.4000000953674316,379600,0.0,0.0
2021-03-04 00:00:00-05:00,3.390000104904175,3.390000104904175,3.0199999809265137,3.25,104500,0.0,0.0
2021-03-05 00:00:00-05:00,3.25,3.25,2.9800000190734863,3.200000047683716,97200,0.0,0.0
2021-03-08 00:00:00-05:00,3.0399999618530273,3.359999895095825,3.0399999618530273,3.240000009536743,49700,0.0,0.0
2021-03-09 00:00:00-05:00,3.319999933242798,3.3399999141693115,3.240000009536743,3.299999952316284,93500,0.0,0.0
2021-03-10 00:00:00-05:00,3.309999942779541,3.4800000190734863,3.309999942779541,3.450000047683716,64800,0.0,0.0
2021-03-11 00:00:00-05:00,3.5,3.869999885559082,3.4100000858306885,3.7300000190734863,517100,0.0,0.0
2021-03-12 00:00:00-05:00,3.7300000190734863,3.799999952316284,3.4700000286102295,3.5199999809265137,113000,0.0,0.0
2021-03-15 00:00:00-04:00,3.6600000858306885,4.0,3.5999999046325684,3.990000009536743,693500,0.0,0.0
2021-03-16 00:00:00-04:00,4.0,4.0,3.6500000953674316,3.7699999809265137,244300,0.0,0.0
2021-03-17 00:00:00-04:00,3.680000066757202,3.880000114440918,3.5,3.859999895095825,55400,0.0,0.0
2021-03-18 00:00:00-04:00,3.9200000762939453,3.9200000762939453,3.569999933242798,3.640000104904175,112600,0.0,0.0
2021-03-19 00:00:00-04:00,3.5999999046325684,3.9000000953674316,3.5899999141693115,3.7899999618530273,28000,0.0,0.0
2021-03-22 00:00:00-04:00,3.75,3.9700000286102295,3.5799999237060547,3.7200000286102295,331400,0.0,0.0
2021-03-23 00:00:00-04:00,3.700000047683716,3.940000057220459,3.619999885559082,3.7200000286102295,106200,0.0,0.0
2021-03-24 00:00:00-04:00,3.7300000190734863,4.400000095367432,3.7300000190734863,3.890000104904175,926900,0.0,0.0
2021-03-25 00:00:00-04:00,3.7899999618530273,3.890000104904175,3.509999990463257,3.7200000286102295,159500,0.0,0.0
2021-03-26 00:00:00-04:00,3.7200000286102295,3.8499999046325684,3.7100000381469727,3.7699999809265137,60200,0.0,0.0
2021-03-29 00:00:00-04:00,3.8399999141693115,3.8499999046325684,3.619999885559082,3.690000057220459,130200,0.0,0.0
2021-03-30 00:00:00-04:00,3.6700000762939453,3.799999952316284,3.390000104904175,3.569999933242798,130400,0.0,0.0
2021-03-31 00:00:00-04:00,3.6700000762939453,3.799999952316284,3.549999952316284,3.619999885559082,97000,0.0,0.0
2021-04-01 00:00:00-04:00,3.5999999046325684,3.680000066757202,3.509999990463257,3.5899999141693115,82100,0.0,0.0
2021-04-05 00:00:00-04:00,3.630000114440918,3.7899999618530273,3.619999885559082,3.740000009536743,55200,0.0,0.0
2021-04-06 00:00:00-04:00,3.6600000858306885,3.75,3.6500000953674316,3.690000057220459,90500,0.0,0.0
2021-04-07 00:00:00-04:00,3.640000104904175,3.700000047683716,3.5299999713897705,3.5899999141693115,84600,0.0,0.0
2021-04-08 00:00:00-04:00,3.569999933242798,3.5999999046325684,3.4600000381469727,3.490000009536743,55000,0.0,0.0
2021-04-09 00:00:00-04:00,3.380000114440918,3.640000104904175,3.380000114440918,3.549999952316284,52300,0.0,0.0
2021-04-12 00:00:00-04:00,3.5799999237060547,3.5799999237060547,3.3299999237060547,3.4700000286102295,60200,0.0,0.0
2021-04-13 00:00:00-04:00,3.4700000286102295,3.4700000286102295,3.3499999046325684,3.430000066757202,47700,0.0,0.0
2021-04-14 00:00:00-04:00,3.4000000953674316,3.430000066757202,3.3399999141693115,3.3499999046325684,22400,0.0,0.0
2021-04-15 00:00:00-04:00,3.369999885559082,3.380000114440918,3.2200000286102295,3.2300000190734863,21700,0.0,0.0
2021-04-16 00:00:00-04:00,3.2300000190734863,3.319999933242798,3.059999942779541,3.190000057220459,23800,0.0,0.0
2021-04-19 00:00:00-04:00,3.180000066757202,3.180000066757202,3.059999942779541,3.059999942779541,11400,0.0,0.0
2021-04-20 00:00:00-04:00,3.0299999713897705,3.109999895095825,2.9800000190734863,2.9800000190734863,36700,0.0,0.0
2021-04-21 00:00:00-04:00,2.950000047683716,3.0199999809265137,2.9200000762939453,2.9600000381469727,42700,0.0,0.0
2021-04-22 00:00:00-04:00,3.0,3.1600000858306885,3.0,3.059999942779541,5600,0.0,0.0
2021-04-23 00:00:00-04:00,3.0999999046325684,3.2300000190734863,3.059999942779541,3.200000047683716,16700,0.0,0.0
2021-04-26 00:00:00-04:00,3.240000009536743,3.2899999618530273,3.2100000381469727,3.25,12400,0.0,0.0
2021-04-27 00:00:00-04:00,3.259999990463257,3.2699999809265137,3.1700000762939453,3.180000066757202,9000,0.0,0.0
2021-04-28 00:00:00-04:00,3.1700000762939453,3.25,3.109999895095825,3.1700000762939453,7900,0.0,0.0
2021-04-29 00:00:00-04:00,3.180000066757202,3.180000066757202,3.119999885559082,3.1600000858306885,3900,0.0,0.0
2021-04-30 00:00:00-04:00,3.140000104904175,3.1600000858306885,3.140000104904175,3.1600000858306885,1600,0.0,0.0
2021-05-03 00:00:00-04:00,3.2200000286102295,3.2200000286102295,3.119999885559082,3.1700000762939453,2400,0.0,0.0
2021-05-04 00:00:00-04:00,3.140000104904175,3.25,3.0899999141693115,3.25,28300,0.0,0.0
2021-05-05 00:00:00-04:00,3.299999952316284,3.299999952316284,3.0799999237060547,3.1600000858306885,13800,0.0,0.0
2021-05-06 00:00:00-04:00,3.119999885559082,3.190000057220459,3.109999895095825,3.1700000762939453,27200,0.0,0.0
2021-05-07 00:00:00-04:00,3.140000104904175,3.390000104904175,3.140000104904175,3.3399999141693115,47500,0.0,0.0
2021-05-10 00:00:00-04:00,3.2300000190734863,3.3499999046325684,3.130000114440918,3.1500000953674316,30400,0.0,0.0
2021-05-11 00:00:00-04:00,3.1500000953674316,3.1500000953674316,3.0999999046325684,3.0999999046325684,3600,0.0,0.0
2021-05-12 00:00:00-04:00,3.0,3.180000066757202,2.9600000381469727,3.069999933242798,18500,0.0,0.0
2021-05-13 00:00:00-04:00,3.069999933242798,3.1500000953674316,3.009999990463257,3.0899999141693115,12500,0.0,0.0
2021-05-14 00:00:00-04:00,3.1500000953674316,3.190000057220459,2.940000057220459,3.130000114440918,43700,0.0,0.0
2021-05-17 00:00:00-04:00,3.109999895095825,3.1700000762939453,3.0399999618530273,3.069999933242798,22900,0.0,0.0
2021-05-18 00:00:00-04:00,3.0199999809265137,3.0899999141693115,3.0199999809265137,3.0299999713897705,7400,0.0,0.0
2021-05-19 00:00:00-04:00,3.0399999618530273,3.9800000190734863,3.009999990463257,3.2799999713897705,1740000,0.0,0.0
2021-05-20 00:00:00-04:00,3.190000057220459,3.690000057220459,3.119999885559082,3.440000057220459,1055300,0.0,0.0
2021-05-21 00:00:00-04:00,3.440000057220459,3.640000104904175,3.319999933242798,3.5299999713897705,295800,0.0,0.0
2021-05-24 00:00:00-04:00,3.5299999713897705,3.680000066757202,3.4000000953674316,3.5,89600,0.0,0.0
2021-05-25 00:00:00-04:00,3.450000047683716,3.6700000762939453,3.1500000953674316,3.319999933242798,115400,0.0,0.0
2021-05-26 00:00:00-04:00,3.2899999618530273,3.4700000286102295,3.2300000190734863,3.3299999237060547,77200,0.0,0.0
2021-05-27 00:00:00-04:00,3.4000000953674316,3.5899999141693115,3.2699999809265137,3.299999952316284,366800,0.0,0.0
2021-05-28 00:00:00-04:00,3.390000104904175,3.740000009536743,3.3499999046325684,3.6500000953674316,576200,0.0,0.0
2021-06-01 00:00:00-04:00,3.6500000953674316,3.8299999237060547,3.5199999809265137,3.5899999141693115,294700,0.0,0.0
2021-06-02 00:00:00-04:00,3.5999999046325684,3.700000047683716,3.5999999046325684,3.700000047683716,130200,0.0,0.0
2021-06-03 00:00:00-04:00,3.609999895095825,3.7799999713897705,3.5,3.609999895095825,337000,0.0,0.0
2021-06-04 00:00:00-04:00,3.6700000762939453,3.880000114440918,3.630000114440918,3.7300000190734863,272500,0.0,0.0
2021-06-07 00:00:00-04:00,3.7699999809265137,3.9000000953674316,3.7100000381469727,3.75,478500,0.0,0.0
2021-06-08 00:00:00-04:00,3.8399999141693115,3.9600000381469727,3.7799999713897705,3.9600000381469727,213900,0.0,0.0
2021-06-09 00:00:00-04:00,3.8499999046325684,4.190000057220459,3.7699999809265137,3.8399999141693115,327700,0.0,0.0
2021-06-10 00:00:00-04:00,3.9000000953674316,4.300000190734863,3.9000000953674316,4.119999885559082,290200,0.0,0.0
2021-06-11 00:00:00-04:00,4.119999885559082,4.239999771118164,3.9600000381469727,4.099999904632568,80700,0.0,0.0
2021-06-14 00:00:00-04:00,4.119999885559082,4.199999809265137,3.9100000858306885,4.170000076293945,57600,0.0,0.0
2021-06-15 00:00:00-04:00,4.179999828338623,4.300000190734863,4.059999942779541,4.230000019073486,221100,0.0,0.0
2021-06-16 00:00:00-04:00,4.269999980926514,4.340000152587891,4.0,4.329999923706055,72300,0.0,0.0
2021-06-17 00:00:00-04:00,4.309999942779541,4.349999904632568,4.010000228881836,4.21999979019165,198700,0.0,0.0
2021-06-18 00:00:00-04:00,4.159999847412109,4.199999809265137,4.0,4.130000114440918,29200,0.0,0.0
2021-06-21 00:00:00-04:00,4.110000133514404,4.110000133514404,3.740000009536743,4.070000171661377,44300,0.0,0.0
2021-06-22 00:00:00-04:00,4.03000020980835,4.03000020980835,3.809999942779541,3.880000114440918,33500,0.0,0.0
2021-06-23 00:00:00-04:00,3.8399999141693115,4.150000095367432,3.75,4.03000020980835,21400,0.0,0.0
2021-06-24 00:00:00-04:00,4.010000228881836,4.139999866485596,3.940000057220459,4.010000228881836,44800,0.0,0.0
2021-06-25 00:00:00-04:00,4.059999942779541,4.099999904632568,3.6600000858306885,3.809999942779541,45600,0.0,0.0
2021-06-28 00:00:00-04:00,3.799999952316284,3.940000057220459,3.759999990463257,3.759999990463257,10600,0.0,0.0
2021-06-29 00:00:00-04:00,3.759999990463257,3.8299999237060547,3.619999885559082,3.7899999618530273,76300,0.0,0.0
2021-06-30 00:00:00-04:00,3.75,3.890000104904175,3.75,3.8399999141693115,16800,0.0,0.0
2021-07-01 00:00:00-04:00,3.819999933242798,3.9200000762939453,3.75,3.880000114440918,21400,0.0,0.0
2021-07-02 00:00:00-04:00,3.880000114440918,4.28000020980835,3.809999942779541,3.950000047683716,140100,0.0,0.0
2021-07-06 00:00:00-04:00,3.940000057220459,4.050000190734863,3.8499999046325684,4.010000228881836,46800,0.0,0.0
2021-07-07 00:00:00-04:00,4.079999923706055,4.190000057220459,3.799999952316284,4.039999961853027,196100,0.0,0.0
2021-07-08 00:00:00-04:00,4.0,4.099999904632568,3.7899999618530273,4.070000171661377,91200,0.0,0.0
2021-07-09 00:00:00-04:00,4.010000228881836,4.389999866485596,3.9000000953674316,4.269999980926514,490000,0.0,0.0
2021-07-12 00:00:00-04:00,4.269999980926514,4.28000020980835,4.070000171661377,4.199999809265137,215000,0.0,0.0
2021-07-13 00:00:00-04:00,4.199999809265137,5.119999885559082,4.070000171661377,4.860000133514404,1179800,0.0,0.0
2021-07-14 00:00:00-04:00,4.860000133514404,4.860000133514404,4.03000020980835,4.150000095367432,262900,0.0,0.0
2021-07-15 00:00:00-04:00,4.190000057220459,4.199999809265137,3.9100000858306885,4.079999923706055,105600,0.0,0.0
2021-07-16 00:00:00-04:00,3.9800000190734863,4.03000020980835,3.7300000190734863,3.75,65500,0.0,0.0
2021-07-19 00:00:00-04:00,3.700000047683716,3.7699999809265137,3.509999990463257,3.6500000953674316,74500,0.0,0.0
2021-07-20 00:00:00-04:00,3.6700000762939453,3.7799999713897705,3.640000104904175,3.7699999809265137,37800,0.0,0.0
2021-07-21 00:00:00-04:00,3.819999933242798,3.9700000286102295,3.819999933242798,3.880000114440918,10900,0.0,0.0
2021-07-22 00:00:00-04:00,3.8399999141693115,3.9600000381469727,3.7300000190734863,3.7699999809265137,36000,0.0,0.0
2021-07-23 00:00:00-04:00,3.75,3.940000057220459,3.6700000762939453,3.8499999046325684,28900,0.0,0.0
2021-07-26 00:00:00-04:00,3.799999952316284,4.050000190734863,3.799999952316284,4.019999980926514,33600,0.0,0.0
2021-07-27 00:00:00-04:00,3.9700000286102295,4.079999923706055,3.8399999141693115,3.9100000858306885,45300,0.0,0.0
2021-07-28 00:00:00-04:00,3.759999990463257,3.890000104904175,3.75,3.880000114440918,29300,0.0,0.0
2021-07-29 00:00:00-04:00,3.799999952316284,4.03000020980835,3.799999952316284,3.9000000953674316,72900,0.0,0.0
2021-07-30 00:00:00-04:00,3.8299999237060547,3.990000009536743,3.8299999237060547,3.9100000858306885,44000,0.0,0.0
2021-08-02 00:00:00-04:00,3.9800000190734863,4.119999885559082,3.880000114440918,3.940000057220459,185500,0.0,0.0
2021-08-03 00:00:00-04:00,3.9100000858306885,4.019999980926514,3.759999990463257,3.869999885559082,52600,0.0,0.0
2021-08-04 00:00:00-04:00,3.8299999237060547,3.9200000762939453,3.7899999618530273,3.8399999141693115,24400,0.0,0.0
2021-08-05 00:00:00-04:00,3.799999952316284,4.050000190734863,3.7699999809265137,3.9100000858306885,42100,0.0,0.0
2021-08-06 00:00:00-04:00,3.7799999713897705,3.9600000381469727,3.7799999713897705,3.9200000762939453,3400,0.0,0.0
2021-08-09 00:00:00-04:00,3.950000047683716,3.950000047683716,3.799999952316284,3.880000114440918,11800,0.0,0.0
2021-08-10 00:00:00-04:00,3.859999895095825,3.9200000762939453,3.759999990463257,3.8299999237060547,28300,0.0,0.0
2021-08-11 00:00:00-04:00,3.859999895095825,3.9200000762939453,3.7899999618530273,3.819999933242798,32700,0.0,0.0
2021-08-12 00:00:00-04:00,3.859999895095825,4.179999828338623,3.8299999237060547,4.039999961853027,66900,0.0,0.0
2021-08-13 00:00:00-04:00,4.010000228881836,4.239999771118164,3.8399999141693115,4.019999980926514,71700,0.0,0.0
2021-08-16 00:00:00-04:00,4.0,4.099999904632568,4.0,4.03000020980835,29900,0.0,0.0
2021-08-17 00:00:00-04:00,4.159999847412109,4.179999828338623,4.0,4.130000114440918,11200,0.0,0.0
2021-08-18 00:00:00-04:00,4.130000114440918,4.130000114440918,4.010000228881836,4.050000190734863,15700,0.0,0.0
2021-08-19 00:00:00-04:00,4.050000190734863,4.150000095367432,4.0,4.03000020980835,13000,0.0,0.0
2021-08-20 00:00:00-04:00,4.099999904632568,4.5,4.03000020980835,4.110000133514404,114100,0.0,0.0
2021-08-23 00:00:00-04:00,4.130000114440918,4.25,4.03000020980835,4.210000038146973,19200,0.0,0.0
2021-08-24 00:00:00-04:00,4.210000038146973,4.300000190734863,4.110000133514404,4.179999828338623,39400,0.0,0.0
2021-08-25 00:00:00-04:00,4.179999828338623,4.309999942779541,4.070000171661377,4.300000190734863,7300,0.0,0.0
2021-08-26 00:00:00-04:00,4.199999809265137,4.300000190734863,4.039999961853027,4.150000095367432,21400,0.0,0.0
2021-08-27 00:00:00-04:00,4.150000095367432,4.210000038146973,4.099999904632568,4.210000038146973,5700,0.0,0.0
2021-08-30 00:00:00-04:00,4.260000228881836,4.309999942779541,4.019999980926514,4.050000190734863,86700,0.0,0.0
2021-08-31 00:00:00-04:00,4.210000038146973,4.289999961853027,4.010000228881836,4.110000133514404,74200,0.0,0.0
2021-09-01 00:00:00-04:00,4.070000171661377,4.150000095367432,4.0,4.079999923706055,25300,0.0,0.0
2021-09-02 00:00:00-04:00,4.039999961853027,4.300000190734863,4.039999961853027,4.159999847412109,118500,0.0,0.0
2021-09-03 00:00:00-04:00,4.199999809265137,4.199999809265137,4.150000095367432,4.170000076293945,6500,0.0,0.0
2021-09-07 00:00:00-04:00,4.190000057220459,4.199999809265137,4.070000171661377,4.130000114440918,7900,0.0,0.0
2021-09-08 00:00:00-04:00,4.090000152587891,4.199999809265137,4.0,4.110000133514404,10400,0.0,0.0
2021-09-09 00:00:00-04:00,4.039999961853027,4.28000020980835,4.019999980926514,4.110000133514404,10700,0.0,0.0
2021-09-10 00:00:00-04:00,4.090000152587891,4.150000095367432,4.0,4.0,48100,0.0,0.0
2021-09-13 00:00:00-04:00,4.0,4.070000171661377,4.0,4.010000228881836,15400,0.0,0.0
2021-09-14 00:00:00-04:00,4.010000228881836,4.099999904632568,4.0,4.0,185700,0.0,0.0
2021-09-15 00:00:00-04:00,4.019999980926514,4.139999866485596,4.0,4.0,19500,0.0,0.0
2021-09-16 00:00:00-04:00,4.0,4.010000228881836,4.0,4.010000228881836,17500,0.0,0.0
2021-09-17 00:00:00-04:00,4.0,4.070000171661377,4.0,4.059999942779541,40100,0.0,0.0
2021-09-20 00:00:00-04:00,4.0,4.010000228881836,3.4100000858306885,3.5,115700,0.0,0.0
2021-09-21 00:00:00-04:00,3.549999952316284,3.700000047683716,3.380000114440918,3.450000047683716,52300,0.0,0.0
2021-09-22 00:00:00-04:00,3.4100000858306885,3.6600000858306885,3.4100000858306885,3.5999999046325684,32200,0.0,0.0
2021-09-23 00:00:00-04:00,3.6500000953674316,3.700000047683716,3.559999942779541,3.559999942779541,9300,0.0,0.0
2021-09-24 00:00:00-04:00,3.569999933242798,3.940000057220459,3.569999933242798,3.630000114440918,28400,0.0,0.0
2021-09-27 00:00:00-04:00,3.5799999237060547,3.859999895095825,3.569999933242798,3.5999999046325684,5000,0.0,0.0
2021-09-28 00:00:00-04:00,3.609999895095825,3.75,3.559999942779541,3.5999999046325684,3100,0.0,0.0
2021-09-29 00:00:00-04:00,3.6700000762939453,3.6700000762939453,3.5,3.5199999809265137,15500,0.0,0.0
2021-09-30 00:00:00-04:00,3.7100000381469727,3.7799999713897705,3.4800000190734863,3.5,7800,0.0,0.0
2021-10-01 00:00:00-04:00,3.490000009536743,3.549999952316284,3.490000009536743,3.5,19500,0.0,0.0
2021-10-04 00:00:00-04:00,3.4800000190734863,3.4800000190734863,3.2200000286102295,3.2200000286102295,28300,0.0,0.0
2021-10-05 00:00:00-04:00,3.2699999809265137,3.3299999237060547,3.1500000953674316,3.190000057220459,20500,0.0,0.0
2021-10-06 00:00:00-04:00,3.190000057220459,3.3499999046325684,3.1700000762939453,3.3499999046325684,9900,0.0,0.0
2021-10-07 00:00:00-04:00,3.319999933242798,3.319999933242798,3.0,3.1500000953674316,38900,0.0,0.0
2021-10-08 00:00:00-04:00,3.1500000953674316,3.4800000190734863,3.109999895095825,3.2200000286102295,37000,0.0,0.0
2021-10-11 00:00:00-04:00,3.2300000190734863,3.369999885559082,3.0999999046325684,3.0999999046325684,7100,0.0,0.0
2021-10-12 00:00:00-04:00,3.0799999237060547,3.200000047683716,2.9700000286102295,3.0899999141693115,31100,0.0,0.0
2021-10-13 00:00:00-04:00,3.0899999141693115,3.3499999046325684,2.9800000190734863,2.990000009536743,13400,0.0,0.0
2021-10-14 00:00:00-04:00,2.9800000190734863,3.0799999237060547,2.9800000190734863,3.009999990463257,9700,0.0,0.0
2021-10-15 00:00:00-04:00,3.0,3.119999885559082,2.9800000190734863,3.0,16400,0.0,0.0
2021-10-18 00:00:00-04:00,2.9800000190734863,3.25,2.950000047683716,3.25,88800,0.0,0.0
2021-10-19 00:00:00-04:00,3.240000009536743,3.240000009536743,3.049999952316284,3.130000114440918,18100,0.0,0.0
2021-10-20 00:00:00-04:00,3.130000114440918,3.140000104904175,3.0999999046325684,3.140000104904175,3100,0.0,0.0
2021-10-21 00:00:00-04:00,3.0999999046325684,3.490000009536743,3.0999999046325684,3.2799999713897705,24100,0.0,0.0
2021-10-22 00:00:00-04:00,3.2699999809265137,3.490000009536743,3.140000104904175,3.2200000286102295,30500,0.0,0.0
2021-10-25 00:00:00-04:00,3.309999942779541,3.5999999046325684,3.309999942779541,3.5199999809265137,47700,0.0,0.0
2021-10-26 00:00:00-04:00,3.549999952316284,3.7100000381469727,3.4600000381469727,3.509999990463257,24800,0.0,0.0
2021-10-27 00:00:00-04:00,3.4600000381469727,3.4600000381469727,3.369999885559082,3.390000104904175,10300,0.0,0.0
2021-10-28 00:00:00-04:00,3.4100000858306885,3.5199999809265137,3.380000114440918,3.4100000858306885,4300,0.0,0.0
2021-10-29 00:00:00-04:00,3.390000104904175,3.4700000286102295,3.3399999141693115,3.4600000381469727,8500,0.0,0.0
2021-11-01 00:00:00-04:00,3.359999895095825,3.440000057220459,3.3399999141693115,3.3399999141693115,27300,0.0,0.0
2021-11-02 00:00:00-04:00,3.319999933242798,3.3499999046325684,3.319999933242798,3.3299999237060547,6000,0.0,0.0
2021-11-03 00:00:00-04:00,3.3299999237060547,3.4800000190734863,3.319999933242798,3.4000000953674316,16600,0.0,0.0
2021-11-04 00:00:00-04:00,3.319999933242798,3.390000104904175,3.319999933242798,3.380000114440918,1500,0.0,0.0
2021-11-05 00:00:00-04:00,3.4100000858306885,3.5999999046325684,3.319999933242798,3.490000009536743,57500,0.0,0.0
2021-11-08 00:00:00-05:00,3.490000009536743,3.6500000953674316,3.4700000286102295,3.619999885559082,14400,0.0,0.0
2021-11-09 00:00:00-05:00,3.6700000762939453,3.6700000762939453,3.4600000381469727,3.4700000286102295,14100,0.0,0.0
2021-11-10 00:00:00-05:00,3.450000047683716,3.490000009536743,3.430000066757202,3.4700000286102295,2700,0.0,0.0
2021-11-11 00:00:00-05:00,3.440000057220459,3.440000057220459,3.319999933242798,3.390000104904175,3200,0.0,0.0
2021-11-12 00:00:00-05:00,3.5199999809265137,3.5199999809265137,3.440000057220459,3.4700000286102295,1400,0.0,0.0
2021-11-15 00:00:00-05:00,3.4100000858306885,3.509999990463257,3.3299999237060547,3.4700000286102295,3900,0.0,0.0
2021-11-16 00:00:00-05:00,3.5199999809265137,3.5199999809265137,3.4100000858306885,3.5,3600,0.0,0.0
2021-11-17 00:00:00-05:00,3.4200000762939453,3.430000066757202,3.359999895095825,3.4000000953674316,16100,0.0,0.0
2021-11-18 00:00:00-05:00,3.5,3.5,3.359999895095825,3.359999895095825,2100,0.0,0.0
2021-11-19 00:00:00-05:00,3.369999885559082,3.369999885559082,3.299999952316284,3.319999933242798,24100,0.0,0.0
2021-11-22 00:00:00-05:00,3.319999933242798,3.3499999046325684,3.2699999809265137,3.3499999046325684,8100,0.0,0.0
2021-11-23 00:00:00-05:00,3.390000104904175,3.4700000286102295,3.1700000762939453,3.4700000286102295,14400,0.0,0.0
2021-11-24 00:00:00-05:00,3.3499999046325684,3.700000047683716,3.259999990463257,3.680000066757202,39800,0.0,0.0
2021-11-26 00:00:00-05:00,3.5199999809265137,3.740000009536743,3.2200000286102295,3.6600000858306885,41400,0.0,0.0
2021-11-29 00:00:00-05:00,3.690000057220459,3.9000000953674316,3.359999895095825,3.380000114440918,192300,0.0,0.0
2021-11-30 00:00:00-05:00,3.259999990463257,3.549999952316284,3.180000066757202,3.2200000286102295,105100,0.0,0.0
2021-12-01 00:00:00-05:00,3.180000066757202,3.2699999809265137,2.950000047683716,2.9800000190734863,59100,0.0,0.0
2021-12-02 00:00:00-05:00,2.930000066757202,3.2899999618530273,2.880000114440918,3.0299999713897705,23100,0.0,0.0
2021-12-03 00:00:00-05:00,2.9000000953674316,2.950000047683716,2.859999895095825,2.859999895095825,4400,0.0,0.0
2021-12-06 00:00:00-05:00,2.869999885559082,3.0,2.799999952316284,2.890000104904175,11200,0.0,0.0
2021-12-07 00:00:00-05:00,2.8499999046325684,3.0199999809265137,2.8499999046325684,3.0199999809265137,7200,0.0,0.0
2021-12-08 00:00:00-05:00,3.049999952316284,3.049999952316284,2.880000114440918,2.9600000381469727,15600,0.0,0.0
2021-12-09 00:00:00-05:00,2.9100000858306885,2.9600000381469727,2.9100000858306885,2.9100000858306885,3800,0.0,0.0
2021-12-10 00:00:00-05:00,2.9200000762939453,2.9700000286102295,2.880000114440918,2.9700000286102295,15900,0.0,0.0
2021-12-13 00:00:00-05:00,2.930000066757202,2.930000066757202,2.740000009536743,2.7899999618530273,6300,0.0,0.0
2021-12-14 00:00:00-05:00,2.7799999713897705,2.7799999713897705,2.759999990463257,2.7699999809265137,4700,0.0,0.0
2021-12-15 00:00:00-05:00,2.759999990463257,2.8299999237060547,2.7300000190734863,2.75,5500,0.0,0.0
2021-12-16 00:00:00-05:00,2.890000104904175,2.9100000858306885,2.630000114440918,2.700000047683716,53700,0.0,0.0
2021-12-17 00:00:00-05:00,2.680000066757202,2.799999952316284,2.680000066757202,2.799999952316284,15400,0.0,0.0
2021-12-20 00:00:00-05:00,2.6500000953674316,2.740000009536743,2.6500000953674316,2.740000009536743,8000,0.0,0.0
2021-12-21 00:00:00-05:00,2.6500000953674316,2.8299999237060547,2.6500000953674316,2.8299999237060547,1700,0.0,0.0
2021-12-22 00:00:00-05:00,2.7899999618530273,2.7899999618530273,2.6500000953674316,2.700000047683716,4900,0.0,0.0
2021-12-23 00:00:00-05:00,2.7799999713897705,2.9800000190734863,2.7799999713897705,2.869999885559082,5400,0.0,0.0
2021-12-27 00:00:00-05:00,2.9000000953674316,2.9100000858306885,2.7799999713897705,2.9000000953674316,6600,0.0,0.0
2021-12-28 00:00:00-05:00,2.5399999618530273,2.9800000190734863,2.5399999618530273,2.799999952316284,17400,0.0,0.0
2021-12-29 00:00:00-05:00,2.8499999046325684,2.8499999046325684,2.7200000286102295,2.7799999713897705,2800,0.0,0.0
2021-12-30 00:00:00-05:00,2.700000047683716,3.0199999809265137,2.700000047683716,3.0199999809265137,20500,0.0,0.0
2021-12-31 00:00:00-05:00,3.0799999237060547,3.0799999237060547,2.7200000286102295,2.940000057220459,12900,0.0,0.0
2022-01-03 00:00:00-05:00,2.9200000762939453,2.9200000762939453,2.799999952316284,2.809999942779541,2500,0.0,0.0
2022-01-04 00:00:00-05:00,2.8299999237060547,2.8299999237060547,2.7699999809265137,2.7699999809265137,2000,0.0,0.0
2022-01-05 00:00:00-05:00,2.759999990463257,2.8299999237060547,2.759999990463257,2.8299999237060547,3400,0.0,0.0
2022-01-06 00:00:00-05:00,2.619999885559082,2.8299999237060547,2.619999885559082,2.799999952316284,4400,0.0,0.0
2022-01-07 00:00:00-05:00,2.869999885559082,2.940000057220459,2.75,2.7699999809265137,10500,0.0,0.0
2022-01-10 00:00:00-05:00,2.7799999713897705,2.819999933242798,2.7200000286102295,2.740000009536743,4700,0.0,0.0
2022-01-11 00:00:00-05:00,2.799999952316284,2.799999952316284,2.630000114440918,2.75,11100,0.0,0.0
2022-01-12 00:00:00-05:00,2.8499999046325684,2.8499999046325684,2.809999942779541,2.819999933242798,3800,0.0,0.0
2022-01-13 00:00:00-05:00,2.799999952316284,2.940000057220459,2.759999990463257,2.859999895095825,20200,0.0,0.0
2022-01-14 00:00:00-05:00,2.7200000286102295,2.8499999046325684,2.7100000381469727,2.7899999618530273,10800,0.0,0.0
2022-01-18 00:00:00-05:00,2.7799999713897705,2.7799999713897705,2.7300000190734863,2.7300000190734863,2100,0.0,0.0
2022-01-19 00:00:00-05:00,2.7699999809265137,2.8499999046325684,2.7699999809265137,2.819999933242798,1600,0.0,0.0
2022-01-20 00:00:00-05:00,2.8499999046325684,2.9000000953674316,2.75,2.880000114440918,8000,0.0,0.0
2022-01-21 00:00:00-05:00,2.7300000190734863,2.819999933242798,2.700000047683716,2.809999942779541,6500,0.0,0.0
2022-01-24 00:00:00-05:00,2.809999942779541,2.809999942779541,2.450000047683716,2.5,17900,0.0,0.0
2022-01-25 00:00:00-05:00,2.490000009536743,2.5299999713897705,2.319999933242798,2.4200000762939453,28800,0.0,0.0
2022-01-26 00:00:00-05:00,2.4000000953674316,2.5,2.4000000953674316,2.440000057220459,6600,0.0,0.0
2022-01-27 00:00:00-05:00,2.450000047683716,2.450000047683716,2.4200000762939453,2.4200000762939453,5900,0.0,0.0
2022-01-28 00:00:00-05:00,2.430000066757202,2.5799999237060547,2.4100000858306885,2.5,3000,0.0,0.0
2022-01-31 00:00:00-05:00,2.4700000286102295,2.559999942779541,2.4700000286102295,2.4800000190734863,3000,0.0,0.0
2022-02-01 00:00:00-05:00,2.5,2.680000066757202,2.5,2.619999885559082,28500,0.0,0.0
2022-02-02 00:00:00-05:00,2.6600000858306885,2.700000047683716,2.5,2.630000114440918,9700,0.0,0.0
2022-02-03 00:00:00-05:00,2.5399999618530273,2.549999952316284,2.4700000286102295,2.5,4700,0.0,0.0
2022-02-04 00:00:00-05:00,2.619999885559082,2.619999885559082,2.509999990463257,2.5399999618530273,9000,0.0,0.0
2022-02-07 00:00:00-05:00,2.4700000286102295,2.5899999141693115,2.4700000286102295,2.5199999809265137,6700,0.0,0.0
2022-02-08 00:00:00-05:00,2.5199999809265137,2.5199999809265137,2.259999990463257,2.4200000762939453,88900,0.0,0.0
2022-02-09 00:00:00-05:00,2.4200000762939453,2.4800000190734863,2.4200000762939453,2.4800000190734863,7000,0.0,0.0
2022-02-10 00:00:00-05:00,2.450000047683716,2.450000047683716,2.3399999141693115,2.380000114440918,3300,0.0,0.0
2022-02-11 00:00:00-05:00,2.369999885559082,2.4600000381469727,2.369999885559082,2.4100000858306885,6100,0.0,0.0
2022-02-14 00:00:00-05:00,2.4100000858306885,2.559999942779541,2.4000000953674316,2.5199999809265137,16500,0.0,0.0
2022-02-15 00:00:00-05:00,2.5199999809265137,2.5299999713897705,2.4700000286102295,2.509999990463257,10200,0.0,0.0
2022-02-16 00:00:00-05:00,2.4600000381469727,2.6500000953674316,2.4600000381469727,2.5199999809265137,5200,0.0,0.0
2022-02-17 00:00:00-05:00,2.5999999046325684,2.640000104904175,2.490000009536743,2.5899999141693115,6300,0.0,0.0
2022-02-18 00:00:00-05:00,2.609999895095825,2.609999895095825,2.490000009536743,2.490000009536743,3500,0.0,0.0
2022-02-22 00:00:00-05:00,2.5199999809265137,2.5899999141693115,2.5,2.5299999713897705,13000,0.0,0.0
2022-02-23 00:00:00-05:00,2.5,2.559999942779541,2.490000009536743,2.559999942779541,1600,0.0,0.0
2022-02-24 00:00:00-05:00,2.4800000190734863,2.5,2.319999933242798,2.359999895095825,11200,0.0,0.0
2022-02-25 00:00:00-05:00,2.359999895095825,2.5,2.359999895095825,2.4700000286102295,2400,0.0,0.0
2022-02-28 00:00:00-05:00,2.490000009536743,2.490000009536743,2.4000000953674316,2.4600000381469727,3300,0.0,0.0
2022-03-01 00:00:00-05:00,2.4600000381469727,2.490000009536743,2.4600000381469727,2.4600000381469727,1200,0.0,0.0
2022-03-02 00:00:00-05:00,2.4600000381469727,2.4800000190734863,2.4200000762939453,2.430000066757202,16200,0.0,0.0
2022-03-03 00:00:00-05:00,2.5299999713897705,2.5399999618530273,2.5299999713897705,2.5399999618530273,600,0.0,0.0
2022-03-04 00:00:00-05:00,2.5399999618530273,2.5399999618530273,2.5399999618530273,2.5399999618530273,1700,0.0,0.0
2022-03-07 00:00:00-05:00,2.450000047683716,2.450000047683716,2.380000114440918,2.440000057220459,3100,0.0,0.0
2022-03-08 00:00:00-05:00,2.440000057220459,2.5299999713897705,2.4100000858306885,2.5299999713897705,19800,0.0,0.0
2022-03-09 00:00:00-05:00,2.440000057220459,2.5199999809265137,2.4200000762939453,2.5199999809265137,29700,0.0,0.0
2022-03-10 00:00:00-05:00,2.549999952316284,2.990000009536743,2.440000057220459,2.5299999713897705,22000,0.0,0.0
2022-03-11 00:00:00-05:00,2.559999942779541,2.569999933242798,2.450000047683716,2.450000047683716,2200,0.0,0.0
2022-03-14 00:00:00-04:00,2.4700000286102295,2.559999942779541,2.4200000762939453,2.549999952316284,11100,0.0,0.0
2022-03-15 00:00:00-04:00,2.4200000762939453,2.440000057220459,2.4200000762939453,2.430000066757202,900,0.0,0.0
2022-03-16 00:00:00-04:00,2.450000047683716,2.5899999141693115,2.440000057220459,2.5899999141693115,2200,0.0,0.0
2022-03-17 00:00:00-04:00,2.5799999237060547,2.5799999237060547,2.4700000286102295,2.5399999618530273,4100,0.0,0.0
2022-03-18 00:00:00-04:00,2.5,2.5999999046325684,2.4700000286102295,2.5999999046325684,4400,0.0,0.0
2022-03-21 00:00:00-04:00,2.630000114440918,2.75,2.630000114440918,2.6500000953674316,5900,0.0,0.0
2022-03-22 00:00:00-04:00,2.7300000190734863,2.9700000286102295,2.700000047683716,2.7200000286102295,10200,0.0,0.0
2022-03-23 00:00:00-04:00,2.7200000286102295,2.8299999237060547,2.700000047683716,2.809999942779541,10200,0.0,0.0
2022-03-24 00:00:00-04:00,2.700000047683716,2.7300000190734863,2.640000104904175,2.680000066757202,10300,0.0,0.0
2022-03-25 00:00:00-04:00,2.5199999809265137,2.5899999141693115,2.5199999809265137,2.5899999141693115,700,0.0,0.0
2022-03-28 00:00:00-04:00,2.5799999237060547,3.4800000190734863,2.5799999237060547,3.0299999713897705,761000,0.0,0.0
2022-03-29 00:00:00-04:00,2.9800000190734863,3.1500000953674316,2.7300000190734863,3.140000104904175,98600,0.0,0.0
2022-03-30 00:00:00-04:00,3.009999990463257,3.069999933242798,2.819999933242798,3.0199999809265137,49700,0.0,0.0
2022-03-31 00:00:00-04:00,2.9800000190734863,3.1500000953674316,2.880000114440918,3.0199999809265137,13400,0.0,0.0
2022-04-01 00:00:00-04:00,3.1500000953674316,3.1500000953674316,2.950000047683716,3.059999942779541,17500,0.0,0.0
2022-04-04 00:00:00-04:00,3.0299999713897705,3.140000104904175,3.0199999809265137,3.119999885559082,15600,0.0,0.0
2022-04-05 00:00:00-04:00,3.0199999809265137,3.130000114440918,3.009999990463257,3.0899999141693115,12500,0.0,0.0
2022-04-06 00:00:00-04:00,3.0999999046325684,3.0999999046325684,3.0,3.0399999618530273,17300,0.0,0.0
2022-04-07 00:00:00-04:00,3.1500000953674316,3.1500000953674316,2.9100000858306885,3.009999990463257,9900,0.0,0.0
2022-04-08 00:00:00-04:00,2.9800000190734863,3.009999990463257,2.9100000858306885,3.009999990463257,6300,0.0,0.0
2022-04-11 00:00:00-04:00,2.9200000762939453,2.9200000762939453,2.6500000953674316,2.700000047683716,22800,0.0,0.0
2022-04-12 00:00:00-04:00,2.799999952316284,3.0,2.5,2.8399999141693115,1262200,0.0,0.0
2022-04-13 00:00:00-04:00,2.7799999713897705,2.799999952316284,1.8200000524520874,2.2899999618530273,1025200,0.0,0.0
2022-04-14 00:00:00-04:00,2.2200000286102295,2.4200000762939453,2.0999999046325684,2.1700000762939453,136100,0.0,0.0
2022-04-18 00:00:00-04:00,2.130000114440918,2.190000057220459,2.130000114440918,2.1500000953674316,15900,0.0,0.0
2022-04-19 00:00:00-04:00,2.119999885559082,2.25,2.119999885559082,2.190000057220459,24700,0.0,0.0
2022-04-20 00:00:00-04:00,2.190000057220459,2.2699999809265137,2.130000114440918,2.190000057220459,24900,0.0,0.0
2022-04-21 00:00:00-04:00,2.1500000953674316,2.190000057220459,2.109999895095825,2.119999885559082,25900,0.0,0.0
2022-04-22 00:00:00-04:00,2.190000057220459,2.190000057220459,2.0799999237060547,2.0999999046325684,6900,0.0,0.0
2022-04-25 00:00:00-04:00,2.2200000286102295,2.2200000286102295,2.0399999618530273,2.0799999237060547,10400,0.0,0.0
2022-04-26 00:00:00-04:00,2.0999999046325684,2.140000104904175,2.059999942779541,2.069999933242798,9100,0.0,0.0
2022-04-27 00:00:00-04:00,2.109999895095825,2.109999895095825,2.069999933242798,2.0899999141693115,10000,0.0,0.0
2022-04-28 00:00:00-04:00,2.0999999046325684,2.240000009536743,2.0999999046325684,2.200000047683716,31700,0.0,0.0
2022-04-29 00:00:00-04:00,2.200000047683716,2.25,2.200000047683716,2.200000047683716,4800,0.0,0.0
2022-05-02 00:00:00-04:00,2.1700000762939453,2.3399999141693115,2.0899999141693115,2.309999942779541,31400,0.0,0.0
2022-05-03 00:00:00-04:00,2.299999952316284,2.3299999237060547,2.259999990463257,2.309999942779541,14100,0.0,0.0
2022-05-04 00:00:00-04:00,2.319999933242798,2.3399999141693115,2.2699999809265137,2.309999942779541,18600,0.0,0.0
2022-05-05 00:00:00-04:00,2.369999885559082,2.380000114440918,2.180000066757202,2.190000057220459,26600,0.0,0.0
2022-05-06 00:00:00-04:00,2.2200000286102295,2.259999990463257,2.1700000762939453,2.180000066757202,13200,0.0,0.0
2022-05-09 00:00:00-04:00,2.1600000858306885,2.2200000286102295,2.069999933242798,2.0799999237060547,21900,0.0,0.0
2022-05-10 00:00:00-04:00,2.0799999237060547,2.1600000858306885,2.0399999618530273,2.130000114440918,10600,0.0,0.0
2022-05-11 00:00:00-04:00,2.3499999046325684,2.3499999046325684,2.109999895095825,2.109999895095825,7900,0.0,0.0
2022-05-12 00:00:00-04:00,2.2100000381469727,2.2100000381469727,2.0399999618530273,2.049999952316284,7100,0.0,0.0
2022-05-13 00:00:00-04:00,2.25,2.25,2.109999895095825,2.1700000762939453,2900,0.0,0.0
2022-05-16 00:00:00-04:00,2.2799999713897705,2.2799999713897705,2.1500000953674316,2.190000057220459,4200,0.0,0.0
2022-05-17 00:00:00-04:00,2.2300000190734863,2.2300000190734863,2.180000066757202,2.180000066757202,1400,0.0,0.0
2022-05-18 00:00:00-04:00,2.140000104904175,2.140000104904175,2.0799999237060547,2.0799999237060547,2400,0.0,0.0
2022-05-19 00:00:00-04:00,2.059999942779541,2.1500000953674316,2.059999942779541,2.0999999046325684,2000,0.0,0.0
2022-05-20 00:00:00-04:00,2.0799999237060547,2.1500000953674316,2.059999942779541,2.059999942779541,3600,0.0,0.0
2022-05-23 00:00:00-04:00,2.180000066757202,2.180000066757202,2.180000066757202,2.180000066757202,500,0.0,0.0
2022-05-24 00:00:00-04:00,2.049999952316284,2.119999885559082,2.0399999618530273,2.0999999046325684,6500,0.0,0.0
2022-05-25 00:00:00-04:00,2.0899999141693115,2.1700000762939453,2.069999933242798,2.069999933242798,12700,0.0,0.0
2022-05-26 00:00:00-04:00,2.049999952316284,2.049999952316284,2.049999952316284,2.049999952316284,1100,0.0,0.0
2022-05-27 00:00:00-04:00,2.059999942779541,2.2200000286102295,2.059999942779541,2.190000057220459,13200,0.0,0.0
2022-05-31 00:00:00-04:00,2.1600000858306885,2.640000104904175,2.1500000953674316,2.319999933242798,103300,0.0,0.0
2022-06-01 00:00:00-04:00,2.4200000762939453,2.4800000190734863,2.3399999141693115,2.4000000953674316,20400,0.0,0.0
2022-06-02 00:00:00-04:00,2.4100000858306885,2.450000047683716,2.390000104904175,2.450000047683716,8400,0.0,0.0
2022-06-03 00:00:00-04:00,2.4800000190734863,2.4800000190734863,2.369999885559082,2.4000000953674316,5500,0.0,0.0
2022-06-06 00:00:00-04:00,2.359999895095825,2.5399999618530273,2.359999895095825,2.5199999809265137,33700,0.0,0.0
2022-06-07 00:00:00-04:00,2.5299999713897705,2.6600000858306885,2.509999990463257,2.5899999141693115,23600,0.0,0.0
2022-06-08 00:00:00-04:00,2.559999942779541,2.690000057220459,2.549999952316284,2.609999895095825,6400,0.0,0.0
2022-06-09 00:00:00-04:00,2.5899999141693115,2.609999895095825,2.5899999141693115,2.609999895095825,1000,0.0,0.0
2022-06-10 00:00:00-04:00,2.6500000953674316,2.7899999618530273,2.5199999809265137,2.549999952316284,16600,0.0,0.0
2022-06-13 00:00:00-04:00,2.5299999713897705,2.5299999713897705,2.4200000762939453,2.430000066757202,12900,0.0,0.0
2022-06-14 00:00:00-04:00,2.4800000190734863,2.4800000190734863,2.4200000762939453,2.4200000762939453,3600,0.0,0.0
2022-06-15 00:00:00-04:00,2.430000066757202,2.559999942779541,2.369999885559082,2.390000104904175,4700,0.0,0.0
2022-06-16 00:00:00-04:00,2.4000000953674316,2.5199999809265137,2.4000000953674316,2.5,1800,0.0,0.0
2022-06-17 00:00:00-04:00,2.4200000762939453,2.490000009536743,2.4100000858306885,2.490000009536743,2400,0.0,0.0
2022-06-21 00:00:00-04:00,2.430000066757202,2.5,2.430000066757202,2.5,600,0.0,0.0
2022-06-22 00:00:00-04:00,2.430000066757202,2.430000066757202,2.2699999809265137,2.4100000858306885,28200,0.0,0.0
2022-06-23 00:00:00-04:00,2.309999942779541,2.359999895095825,2.299999952316284,2.359999895095825,11300,0.0,0.0
2022-06-24 00:00:00-04:00,2.3399999141693115,2.380000114440918,2.309999942779541,2.3399999141693115,8400,0.0,0.0
2022-06-27 00:00:00-04:00,2.299999952316284,2.299999952316284,2.299999952316284,2.299999952316284,6500,0.0,0.0
2022-06-28 00:00:00-04:00,2.359999895095825,2.359999895095825,2.25,2.2899999618530273,5300,0.0,0.0
2022-06-29 00:00:00-04:00,2.2100000381469727,2.259999990463257,2.0999999046325684,2.240000009536743,19600,0.0,0.0
2022-06-30 00:00:00-04:00,2.1600000858306885,2.190000057220459,2.1600000858306885,2.190000057220459,14700,0.0,0.0
2022-07-01 00:00:00-04:00,2.200000047683716,2.200000047683716,2.1700000762939453,2.200000047683716,1100,0.0,0.0
2022-07-05 00:00:00-04:00,2.1500000953674316,2.2799999713897705,2.140000104904175,2.2200000286102295,8900,0.0,0.0
2022-07-06 00:00:00-04:00,2.25,2.2899999618530273,2.1500000953674316,2.2899999618530273,3000,0.0,0.0
2022-07-07 00:00:00-04:00,2.2200000286102295,2.2799999713897705,2.2200000286102295,2.2799999713897705,700,0.0,0.0
2022-07-08 00:00:00-04:00,2.240000009536743,2.25,2.200000047683716,2.2100000381469727,4200,0.0,0.0
2022-07-11 00:00:00-04:00,2.259999990463257,2.2699999809265137,2.190000057220459,2.200000047683716,4700,0.0,0.0
2022-07-12 00:00:00-04:00,2.190000057220459,2.2100000381469727,2.1500000953674316,2.200000047683716,8100,0.0,0.0
2022-07-13 00:00:00-04:00,2.180000066757202,2.180000066757202,2.1500000953674316,2.1700000762939453,2000,0.0,0.0
2022-07-14 00:00:00-04:00,2.1700000762939453,2.1700000762939453,2.130000114440918,2.1600000858306885,3100,0.0,0.0
2022-07-15 00:00:00-04:00,2.140000104904175,2.2699999809265137,2.140000104904175,2.2200000286102295,7300,0.0,0.0
2022-07-18 00:00:00-04:00,2.2200000286102295,2.259999990463257,2.1600000858306885,2.2100000381469727,16000,0.0,0.0
2022-07-19 00:00:00-04:00,2.359999895095825,2.369999885559082,2.259999990463257,2.259999990463257,11500,0.0,0.0
2022-07-20 00:00:00-04:00,2.2899999618530273,2.4000000953674316,2.2300000190734863,2.25,17600,0.0,0.0
2022-07-21 00:00:00-04:00,2.369999885559082,2.369999885559082,2.2300000190734863,2.309999942779541,5700,0.0,0.0
2022-07-22 00:00:00-04:00,2.359999895095825,2.359999895095825,2.25,2.259999990463257,21200,0.0,0.0
2022-07-25 00:00:00-04:00,2.380000114440918,2.380000114440918,2.299999952316284,2.3299999237060547,2600,0.0,0.0
2022-07-26 00:00:00-04:00,2.380000114440918,2.380000114440918,2.309999942779541,2.309999942779541,2500,0.0,0.0
2022-07-27 00:00:00-04:00,2.2799999713897705,2.359999895095825,2.059999942779541,2.200000047683716,33600,0.0,0.0
2022-07-28 00:00:00-04:00,2.1600000858306885,2.240000009536743,2.140000104904175,2.190000057220459,28600,0.0,0.0
2022-07-29 00:00:00-04:00,2.1700000762939453,2.3499999046325684,2.049999952316284,2.2899999618530273,35500,0.0,0.0
2022-08-01 00:00:00-04:00,2.190000057220459,2.369999885559082,2.180000066757202,2.299999952316284,37700,0.0,0.0
2022-08-02 00:00:00-04:00,2.319999933242798,2.630000114440918,2.2300000190734863,2.3399999141693115,90500,0.0,0.0
2022-08-03 00:00:00-04:00,2.3399999141693115,2.509999990463257,2.3399999141693115,2.450000047683716,18400,0.0,0.0
2022-08-04 00:00:00-04:00,2.5399999618530273,2.5399999618530273,2.390000104904175,2.4000000953674316,2600,0.0,0.0
2022-08-05 00:00:00-04:00,2.4000000953674316,2.450000047683716,2.390000104904175,2.4000000953674316,3000,0.0,0.0
2022-08-08 00:00:00-04:00,2.490000009536743,2.640000104904175,2.4000000953674316,2.5299999713897705,9100,0.0,0.0
2022-08-09 00:00:00-04:00,2.440000057220459,2.440000057220459,2.440000057220459,2.440000057220459,100,0.0,0.0
2022-08-10 00:00:00-04:00,2.4700000286102295,2.630000114440918,2.450000047683716,2.4700000286102295,6800,0.0,0.0
2022-08-11 00:00:00-04:00,2.569999933242798,2.569999933242798,2.4600000381469727,2.4600000381469727,6600,0.0,0.0
2022-08-12 00:00:00-04:00,2.5,2.569999933242798,2.450000047683716,2.5,1800,0.0,0.0
2022-08-15 00:00:00-04:00,2.509999990463257,2.740000009536743,2.509999990463257,2.549999952316284,4700,0.0,0.0
2022-08-16 00:00:00-04:00,2.5,2.619999885559082,2.5,2.509999990463257,2900,0.0,0.0
2022-08-17 00:00:00-04:00,2.509999990463257,2.549999952316284,2.509999990463257,2.549999952316284,600,0.0,0.0
2022-08-18 00:00:00-04:00,2.4700000286102295,2.5,2.4700000286102295,2.5,700,0.0,0.0
2022-08-19 00:00:00-04:00,2.509999990463257,2.5199999809265137,2.5,2.5,2100,0.0,0.0
2022-08-22 00:00:00-04:00,2.5999999046325684,2.640000104904175,2.450000047683716,2.4800000190734863,8000,0.0,0.0
2022-08-23 00:00:00-04:00,2.4700000286102295,2.4700000286102295,2.109999895095825,2.2300000190734863,140200,0.0,0.0
2022-08-24 00:00:00-04:00,2.200000047683716,2.4800000190734863,2.180000066757202,2.25,62800,0.0,0.0
2022-08-25 00:00:00-04:00,2.25,2.3499999046325684,2.25,2.309999942779541,12600,0.0,0.0
2022-08-26 00:00:00-04:00,2.309999942779541,2.3499999046325684,2.25,2.2699999809265137,13600,0.0,0.0
2022-08-29 00:00:00-04:00,2.240000009536743,2.430000066757202,2.119999885559082,2.390000104904175,57600,0.0,0.0
2022-08-30 00:00:00-04:00,2.4200000762939453,2.4800000190734863,2.319999933242798,2.4000000953674316,26700,0.0,0.0
2022-08-31 00:00:00-04:00,2.430000066757202,2.490000009536743,2.319999933242798,2.3299999237060547,38200,0.0,0.0
2022-09-01 00:00:00-04:00,2.4000000953674316,2.4000000953674316,2.309999942779541,2.3299999237060547,8600,0.0,0.0
2022-09-02 00:00:00-04:00,2.309999942779541,2.490000009536743,2.299999952316284,2.359999895095825,55500,0.0,0.0
2022-09-06 00:00:00-04:00,2.509999990463257,2.890000104904175,2.4000000953674316,2.630000114440918,449700,0.0,0.0
2022-09-07 00:00:00-04:00,2.569999933242798,2.759999990463257,2.569999933242798,2.6600000858306885,121700,0.0,0.0
2022-09-08 00:00:00-04:00,2.5799999237060547,2.680000066757202,2.2699999809265137,2.390000104904175,194300,0.0,0.0
2022-09-09 00:00:00-04:00,2.369999885559082,2.4600000381469727,2.3499999046325684,2.430000066757202,38000,0.0,0.0
2022-09-12 00:00:00-04:00,2.4000000953674316,2.4000000953674316,2.3299999237060547,2.3499999046325684,14300,0.0,0.0
2022-09-13 00:00:00-04:00,2.3399999141693115,2.5,2.259999990463257,2.259999990463257,37200,0.0,0.0
2022-09-14 00:00:00-04:00,2.390000104904175,2.569999933242798,2.3399999141693115,2.4200000762939453,94400,0.0,0.0
2022-09-15 00:00:00-04:00,2.4600000381469727,2.4600000381469727,2.3499999046325684,2.359999895095825,21200,0.0,0.0
2022-09-16 00:00:00-04:00,2.2899999618530273,2.369999885559082,2.2899999618530273,2.359999895095825,27800,0.0,0.0
2022-09-19 00:00:00-04:00,2.2699999809265137,2.319999933242798,2.2699999809265137,2.2899999618530273,1000,0.0,0.0
2022-09-20 00:00:00-04:00,2.3399999141693115,2.3399999141693115,2.309999942779541,2.3399999141693115,3400,0.0,0.0
2022-09-21 00:00:00-04:00,2.299999952316284,2.309999942779541,2.2799999713897705,2.2799999713897705,2500,0.0,0.0
2022-09-22 00:00:00-04:00,2.259999990463257,2.2699999809265137,2.25,2.259999990463257,5800,0.0,0.0
2022-09-23 00:00:00-04:00,2.25,2.259999990463257,2.1600000858306885,2.190000057220459,16200,0.0,0.0
2022-09-26 00:00:00-04:00,2.1600000858306885,2.2100000381469727,2.130000114440918,2.200000047683716,13800,0.0,0.0
2022-09-27 00:00:00-04:00,2.200000047683716,2.25,2.1500000953674316,2.190000057220459,10200,0.0,0.0
2022-09-28 00:00:00-04:00,2.1500000953674316,2.25,2.1500000953674316,2.190000057220459,8000,0.0,0.0
2022-09-29 00:00:00-04:00,2.180000066757202,2.309999942779541,2.180000066757202,2.2200000286102295,7900,0.0,0.0
2022-09-30 00:00:00-04:00,2.2200000286102295,2.2200000286102295,2.180000066757202,2.2100000381469727,2600,0.0,0.0
2022-10-03 00:00:00-04:00,2.190000057220459,2.200000047683716,2.1500000953674316,2.1700000762939453,16000,0.0,0.0
2022-10-04 00:00:00-04:00,2.1700000762939453,2.259999990463257,2.1500000953674316,2.200000047683716,10300,0.0,0.0
2022-10-05 00:00:00-04:00,2.2300000190734863,2.25,2.180000066757202,2.25,5400,0.0,0.0
2022-10-06 00:00:00-04:00,2.25,2.25,2.1600000858306885,2.180000066757202,5900,0.0,0.0
2022-10-07 00:00:00-04:00,2.200000047683716,2.2100000381469727,2.109999895095825,2.1600000858306885,5700,0.0,0.0
2022-10-10 00:00:00-04:00,2.140000104904175,2.1700000762939453,2.119999885559082,2.140000104904175,21300,0.0,0.0
2022-10-11 00:00:00-04:00,2.130000114440918,2.140000104904175,2.0999999046325684,2.109999895095825,5600,0.0,0.0
2022-10-12 00:00:00-04:00,2.109999895095825,2.130000114440918,2.0899999141693115,2.130000114440918,10400,0.0,0.0
2022-10-13 00:00:00-04:00,2.119999885559082,2.119999885559082,2.0999999046325684,2.119999885559082,5300,0.0,0.0
2022-10-14 00:00:00-04:00,2.109999895095825,2.2200000286102295,2.109999895095825,2.2200000286102295,800,0.0,0.0
2022-10-17 00:00:00-04:00,2.130000114440918,2.200000047683716,2.130000114440918,2.1700000762939453,1900,0.0,0.0
2022-10-18 00:00:00-04:00,2.1700000762939453,2.1700000762939453,2.1700000762939453,2.1700000762939453,500,0.0,0.0
2022-10-19 00:00:00-04:00,2.180000066757202,2.259999990463257,2.1500000953674316,2.1500000953674316,900,0.0,0.0
2022-10-20 00:00:00-04:00,2.130000114440918,2.190000057220459,2.130000114440918,2.190000057220459,1500,0.0,0.0
2022-10-21 00:00:00-04:00,2.0799999237060547,2.180000066757202,2.0799999237060547,2.1600000858306885,1700,0.0,0.0
2022-10-24 00:00:00-04:00,2.25,2.2799999713897705,2.200000047683716,2.259999990463257,24500,0.0,0.0
2022-10-25 00:00:00-04:00,2.259999990463257,2.2899999618530273,2.2100000381469727,2.2799999713897705,43900,0.0,0.0
2022-10-26 00:00:00-04:00,2.2300000190734863,2.3399999141693115,2.2300000190734863,2.259999990463257,34000,0.0,0.0
2022-10-27 00:00:00-04:00,2.299999952316284,2.4100000858306885,2.299999952316284,2.319999933242798,3300,0.0,0.0
2022-10-28 00:00:00-04:00,2.319999933242798,2.359999895095825,2.319999933242798,2.319999933242798,900,0.0,0.0
2022-10-31 00:00:00-04:00,2.319999933242798,2.359999895095825,2.2899999618530273,2.299999952316284,7500,0.0,0.0
2022-11-01 00:00:00-04:00,2.309999942779541,2.3299999237060547,2.2899999618530273,2.309999942779541,2200,0.0,0.0
2022-11-02 00:00:00-04:00,2.3499999046325684,2.3499999046325684,2.2799999713897705,2.309999942779541,11200,0.0,0.0
2022-11-03 00:00:00-04:00,2.2100000381469727,2.25,2.2100000381469727,2.2300000190734863,3300,0.0,0.0
2022-11-04 00:00:00-04:00,2.2100000381469727,2.2699999809265137,2.200000047683716,2.2699999809265137,1200,0.0,0.0
2022-11-07 00:00:00-05:00,2.2899999618530273,2.3399999141693115,2.240000009536743,2.240000009536743,1600,0.0,0.0
2022-11-08 00:00:00-05:00,2.240000009536743,2.299999952316284,2.2300000190734863,2.299999952316284,1800,0.0,0.0
2022-11-09 00:00:00-05:00,2.2300000190734863,2.3399999141693115,2.2300000190734863,2.3399999141693115,4900,0.0,0.0
2022-11-10 00:00:00-05:00,2.259999990463257,2.3399999141693115,2.2100000381469727,2.299999952316284,35600,0.0,0.0
2022-11-11 00:00:00-05:00,2.25,2.3299999237060547,2.240000009536743,2.2699999809265137,7100,0.0,0.0
2022-11-14 00:00:00-05:00,2.240000009536743,2.2799999713897705,2.240000009536743,2.2699999809265137,1500,0.0,0.0
2022-11-15 00:00:00-05:00,2.309999942779541,2.3399999141693115,2.309999942779541,2.319999933242798,5300,0.0,0.0
2022-11-16 00:00:00-05:00,2.3299999237060547,2.3499999046325684,2.3299999237060547,2.3499999046325684,700,0.0,0.0
2022-11-17 00:00:00-05:00,2.3299999237060547,2.3499999046325684,2.3299999237060547,2.3499999046325684,400,0.0,0.0
2022-11-18 00:00:00-05:00,2.319999933242798,2.3499999046325684,2.319999933242798,2.319999933242798,800,0.0,0.0
2022-11-21 00:00:00-05:00,2.319999933242798,2.440000057220459,2.2899999618530273,2.369999885559082,2100,0.0,0.0
2022-11-22 00:00:00-05:00,2.359999895095825,2.549999952316284,2.359999895095825,2.440000057220459,33100,0.0,0.0
2022-11-23 00:00:00-05:00,2.4700000286102295,2.5399999618530273,2.390000104904175,2.509999990463257,8200,0.0,0.0
2022-11-25 00:00:00-05:00,2.4600000381469727,2.4800000190734863,2.309999942779541,2.309999942779541,1200,0.0,0.0
2022-11-28 00:00:00-05:00,2.380000114440918,2.4800000190734863,2.380000114440918,2.390000104904175,2800,0.0,0.0
2022-11-29 00:00:00-05:00,2.369999885559082,2.450000047683716,2.369999885559082,2.390000104904175,1100,0.0,0.0
2022-11-30 00:00:00-05:00,2.390000104904175,2.390000104904175,2.180000066757202,2.190000057220459,41900,0.0,0.0
2022-12-01 00:00:00-05:00,2.259999990463257,2.2699999809265137,2.240000009536743,2.240000009536743,6300,0.0,0.0
2022-12-02 00:00:00-05:00,2.200000047683716,2.259999990463257,2.200000047683716,2.240000009536743,1900,0.0,0.0
2022-12-05 00:00:00-05:00,2.1700000762939453,2.25,2.1700000762939453,2.190000057220459,13100,0.0,0.0
2022-12-06 00:00:00-05:00,2.240000009536743,2.25,2.130000114440918,2.1600000858306885,26800,0.0,0.0
2022-12-07 00:00:00-05:00,2.1500000953674316,2.180000066757202,2.130000114440918,2.1500000953674316,2600,0.0,0.0
2022-12-08 00:00:00-05:00,2.1600000858306885,2.2300000190734863,2.1600000858306885,2.2300000190734863,5300,0.0,0.0
2022-12-09 00:00:00-05:00,2.2200000286102295,2.2200000286102295,2.1600000858306885,2.200000047683716,4100,0.0,0.0
2022-12-12 00:00:00-05:00,2.130000114440918,2.200000047683716,2.109999895095825,2.190000057220459,25000,0.0,0.0
2022-12-13 00:00:00-05:00,2.2100000381469727,2.2300000190734863,2.1700000762939453,2.2300000190734863,23800,0.0,0.0
2022-12-14 00:00:00-05:00,2.200000047683716,2.25,2.140000104904175,2.1500000953674316,19100,0.0,0.0
2022-12-15 00:00:00-05:00,2.2200000286102295,2.2200000286102295,2.200000047683716,2.200000047683716,1000,0.0,0.0
2022-12-16 00:00:00-05:00,2.130000114440918,2.200000047683716,2.130000114440918,2.1700000762939453,6800,0.0,0.0
2022-12-19 00:00:00-05:00,2.130000114440918,2.140000104904175,2.069999933242798,2.069999933242798,19400,0.0,0.0
2022-12-20 00:00:00-05:00,2.049999952316284,2.0799999237060547,2.049999952316284,2.0799999237060547,3300,0.0,0.0
2022-12-21 00:00:00-05:00,2.0999999046325684,2.0999999046325684,2.049999952316284,2.0899999141693115,11000,0.0,0.0
2022-12-22 00:00:00-05:00,2.0999999046325684,2.119999885559082,2.0299999713897705,2.119999885559082,5800,0.0,0.0
2022-12-23 00:00:00-05:00,2.069999933242798,2.109999895095825,2.0299999713897705,2.109999895095825,8400,0.0,0.0
2022-12-27 00:00:00-05:00,2.069999933242798,2.0999999046325684,2.049999952316284,2.069999933242798,56000,0.0,0.0
2022-12-28 00:00:00-05:00,2.130000114440918,2.130000114440918,1.850000023841858,1.9800000190734863,81900,0.0,0.0
2022-12-29 00:00:00-05:00,1.9700000286102295,2.109999895095825,1.9700000286102295,2.049999952316284,63800,0.0,0.0
2022-12-30 00:00:00-05:00,2.049999952316284,2.180000066757202,2.0199999809265137,2.0899999141693115,24400,0.0,0.0
2023-01-03 00:00:00-05:00,2.0899999141693115,2.0999999046325684,1.9900000095367432,2.059999942779541,137900,0.0,0.0
2023-01-04 00:00:00-05:00,2.109999895095825,2.109999895095825,1.9600000381469727,2.0,54500,0.0,0.0
2023-01-05 00:00:00-05:00,1.9600000381469727,2.0299999713897705,1.9600000381469727,2.0,8700,0.0,0.0
2023-01-06 00:00:00-05:00,2.0,2.049999952316284,1.9800000190734863,2.009999990463257,13100,0.0,0.0
2023-01-09 00:00:00-05:00,1.9900000095367432,2.109999895095825,1.9900000095367432,2.0799999237060547,2900,0.0,0.0
2023-01-10 00:00:00-05:00,2.140000104904175,2.1500000953674316,2.049999952316284,2.0999999046325684,2500,0.0,0.0
2023-01-11 00:00:00-05:00,2.119999885559082,2.119999885559082,2.0799999237060547,2.0799999237060547,5000,0.0,0.0
2023-01-12 00:00:00-05:00,2.059999942779541,2.1600000858306885,2.059999942779541,2.1600000858306885,7700,0.0,0.0
2023-01-13 00:00:00-05:00,2.1700000762939453,2.190000057220459,2.1500000953674316,2.190000057220459,2000,0.0,0.0
2023-01-17 00:00:00-05:00,2.1500000953674316,2.190000057220459,2.140000104904175,2.1500000953674316,2200,0.0,0.0
2023-01-18 00:00:00-05:00,2.1500000953674316,2.190000057220459,2.140000104904175,2.140000104904175,800,0.0,0.0
2023-01-19 00:00:00-05:00,2.140000104904175,2.140000104904175,2.140000104904175,2.140000104904175,200,0.0,0.0
2023-01-20 00:00:00-05:00,2.1600000858306885,2.200000047683716,2.1600000858306885,2.200000047683716,1800,0.0,0.0
2023-01-23 00:00:00-05:00,2.1600000858306885,2.2699999809265137,2.1600000858306885,2.25,18700,0.0,0.0
2023-01-24 00:00:00-05:00,2.180000066757202,2.180000066757202,2.180000066757202,2.180000066757202,100,0.0,0.0
2023-01-25 00:00:00-05:00,2.180000066757202,2.180000066757202,2.180000066757202,2.180000066757202,500,0.0,0.0
2023-01-26 00:00:00-05:00,2.2100000381469727,2.2100000381469727,2.2100000381469727,2.2100000381469727,700,0.0,0.0
2023-01-27 00:00:00-05:00,2.2100000381469727,2.2100000381469727,2.2100000381469727,2.2100000381469727,2400,0.0,0.0
2023-01-30 00:00:00-05:00,2.2300000190734863,2.2300000190734863,2.2300000190734863,2.2300000190734863,900,0.0,0.0
2023-01-31 00:00:00-05:00,2.25,2.2799999713897705,2.25,2.2799999713897705,30400,0.0,0.0
2023-02-01 00:00:00-05:00,2.25,2.3399999141693115,2.25,2.3299999237060547,13900,0.0,0.0
2023-02-02 00:00:00-05:00,2.3399999141693115,2.359999895095825,2.259999990463257,2.3499999046325684,8900,0.0,0.0
2023-02-03 00:00:00-05:00,2.309999942779541,2.3499999046325684,2.299999952316284,2.3299999237060547,3600,0.0,0.0
2023-02-06 00:00:00-05:00,2.299999952316284,2.3299999237060547,2.299999952316284,2.299999952316284,1300,0.0,0.0
2023-02-07 00:00:00-05:00,2.299999952316284,2.450000047683716,2.2799999713897705,2.4100000858306885,21200,0.0,0.0
2023-02-08 00:00:00-05:00,2.4100000858306885,2.619999885559082,2.4100000858306885,2.569999933242798,56000,0.0,0.0
2023-02-09 00:00:00-05:00,2.5899999141693115,2.619999885559082,2.5,2.5799999237060547,24900,0.0,0.0
2023-02-10 00:00:00-05:00,2.5999999046325684,2.5999999046325684,2.5,2.5199999809265137,6300,0.0,0.0
2023-02-13 00:00:00-05:00,2.509999990463257,2.509999990463257,2.430000066757202,2.5,1500,0.0,0.0
2023-02-14 00:00:00-05:00,2.4000000953674316,2.5299999713897705,2.4000000953674316,2.509999990463257,2400,0.0,0.0
2023-02-15 00:00:00-05:00,2.4200000762939453,2.450000047683716,2.4200000762939453,2.450000047683716,1000,0.0,0.0
2023-02-16 00:00:00-05:00,2.5199999809265137,2.5199999809265137,2.440000057220459,2.4600000381469727,5100,0.0,0.0
2023-02-17 00:00:00-05:00,2.4800000190734863,2.4800000190734863,2.4800000190734863,2.4800000190734863,300,0.0,0.0
2023-02-21 00:00:00-05:00,2.4200000762939453,2.5299999713897705,2.4200000762939453,2.440000057220459,19100,0.0,0.0
2023-02-22 00:00:00-05:00,2.319999933242798,2.4200000762939453,2.319999933242798,2.390000104904175,800,0.0,0.0
2023-02-23 00:00:00-05:00,2.3399999141693115,2.5199999809265137,2.3399999141693115,2.5199999809265137,4000,0.0,0.0
2023-02-24 00:00:00-05:00,2.509999990463257,2.509999990463257,2.390000104904175,2.490000009536743,4600,0.0,0.0
2023-02-27 00:00:00-05:00,2.4800000190734863,2.490000009536743,2.4800000190734863,2.4800000190734863,500,0.0,0.0
2023-02-28 00:00:00-05:00,2.4700000286102295,2.490000009536743,2.3299999237060547,2.440000057220459,3800,0.0,0.0
2023-03-01 00:00:00-05:00,2.4000000953674316,2.430000066757202,2.4000000953674316,2.4100000858306885,7700,0.0,0.0
2023-03-02 00:00:00-05:00,2.4000000953674316,2.450000047683716,2.4000000953674316,2.4000000953674316,5400,0.0,0.0
2023-03-03 00:00:00-05:00,2.4000000953674316,2.450000047683716,2.4000000953674316,2.4000000953674316,3500,0.0,0.0
2023-03-06 00:00:00-05:00,2.4000000953674316,2.5,2.4000000953674316,2.4200000762939453,7900,0.0,0.0
2023-03-07 00:00:00-05:00,2.4000000953674316,2.4200000762939453,2.4000000953674316,2.4000000953674316,6600,0.0,0.0
2023-03-08 00:00:00-05:00,2.4100000858306885,2.4200000762939453,2.4000000953674316,2.4000000953674316,2100,0.0,0.0
2023-03-09 00:00:00-05:00,2.4000000953674316,2.4000000953674316,2.380000114440918,2.380000114440918,1600,0.0,0.0
2023-03-10 00:00:00-05:00,2.309999942779541,2.3299999237060547,2.259999990463257,2.2699999809265137,7800,0.0,0.0
2023-03-13 00:00:00-04:00,2.25,2.369999885559082,2.2200000286102295,2.3399999141693115,18200,0.0,0.0
2023-03-14 00:00:00-04:00,2.25,2.359999895095825,2.25,2.3399999141693115,2500,0.0,0.0
2023-03-15 00:00:00-04:00,2.2899999618530273,2.3299999237060547,2.240000009536743,2.3299999237060547,5500,0.0,0.0
2023-03-16 00:00:00-04:00,2.259999990463257,2.3299999237060547,2.259999990463257,2.319999933242798,1400,0.0,0.0
2023-03-17 00:00:00-04:00,2.259999990463257,2.2899999618530273,2.25,2.259999990463257,5100,0.0,0.0
2023-03-20 00:00:00-04:00,2.3299999237060547,2.3399999141693115,2.25,2.259999990463257,17500,0.0,0.0
2023-03-21 00:00:00-04:00,2.2300000190734863,2.380000114440918,2.2300000190734863,2.359999895095825,7800,0.0,0.0
2023-03-22 00:00:00-04:00,2.380000114440918,2.380000114440918,2.3499999046325684,2.3499999046325684,800,0.0,0.0
2023-03-23 00:00:00-04:00,2.309999942779541,2.3399999141693115,2.309999942779541,2.309999942779541,800,0.0,0.0
2023-03-24 00:00:00-04:00,2.319999933242798,2.319999933242798,2.319999933242798,2.319999933242798,300,0.0,0.0
2023-03-27 00:00:00-04:00,2.2799999713897705,2.440000057220459,2.2799999713897705,2.440000057220459,1800,0.0,0.0
2023-03-28 00:00:00-04:00,2.4000000953674316,2.4000000953674316,2.319999933242798,2.319999933242798,4100,0.0,0.0
2023-03-29 00:00:00-04:00,2.4000000953674316,2.5999999046325684,2.390000104904175,2.4700000286102295,37400,0.0,0.0
2023-03-30 00:00:00-04:00,2.4600000381469727,2.5199999809265137,2.4600000381469727,2.4800000190734863,4700,0.0,0.0
2023-03-31 00:00:00-04:00,2.490000009536743,2.6700000762939453,2.490000009536743,2.6700000762939453,9900,0.0,0.0
2023-04-03 00:00:00-04:00,2.6600000858306885,2.680000066757202,2.619999885559082,2.6500000953674316,9300,0.0,0.0
2023-04-04 00:00:00-04:00,2.6500000953674316,2.6700000762939453,2.559999942779541,2.5899999141693115,15200,0.0,0.0
2023-04-05 00:00:00-04:00,2.5,2.619999885559082,2.5,2.5999999046325684,7000,0.0,0.0
2023-04-06 00:00:00-04:00,2.5999999046325684,2.5999999046325684,2.5999999046325684,2.5999999046325684,0,0.0,0.0
2023-04-10 00:00:00-04:00,2.690000057220459,2.690000057220459,2.569999933242798,2.569999933242798,3100,0.0,0.0
2023-04-11 00:00:00-04:00,2.5999999046325684,2.609999895095825,2.5999999046325684,2.5999999046325684,8400,0.0,0.0
2023-04-12 00:00:00-04:00,2.700000047683716,2.700000047683716,2.4700000286102295,2.700000047683716,3700,0.0,0.0
2023-04-13 00:00:00-04:00,2.6500000953674316,2.740000009536743,2.6500000953674316,2.7100000381469727,20000,0.0,0.0
2023-04-14 00:00:00-04:00,2.740000009536743,2.75,2.619999885559082,2.6500000953674316,20900,0.0,0.0
2023-04-17 00:00:00-04:00,2.640000104904175,2.7300000190734863,2.640000104904175,2.7300000190734863,1400,0.0,0.0
2023-04-18 00:00:00-04:00,2.6600000858306885,2.700000047683716,2.619999885559082,2.690000057220459,6300,0.0,0.0
2023-04-19 00:00:00-04:00,2.6700000762939453,2.9100000858306885,2.6700000762939453,2.819999933242798,80800,0.0,0.0
2023-04-20 00:00:00-04:00,2.8499999046325684,2.9700000286102295,2.8499999046325684,2.869999885559082,19600,0.0,0.0
2023-04-21 00:00:00-04:00,2.8399999141693115,2.8399999141693115,2.799999952316284,2.799999952316284,1100,0.0,0.0
2023-04-24 00:00:00-04:00,2.9600000381469727,2.9600000381469727,2.75,2.8299999237060547,12100,0.0,0.0
2023-04-25 00:00:00-04:00,2.809999942779541,2.859999895095825,2.7799999713897705,2.8299999237060547,11800,0.0,0.0
2023-04-26 00:00:00-04:00,2.7899999618530273,2.809999942779541,2.7899999618530273,2.799999952316284,8900,0.0,0.0
2023-04-27 00:00:00-04:00,2.799999952316284,2.859999895095825,2.7899999618530273,2.8499999046325684,23100,0.0,0.0
2023-04-28 00:00:00-04:00,2.880000114440918,2.9100000858306885,2.7899999618530273,2.8299999237060547,7400,0.0,0.0
2023-05-01 00:00:00-04:00,2.799999952316284,2.8299999237060547,2.799999952316284,2.799999952316284,6200,0.0,0.0
2023-05-02 00:00:00-04:00,2.8399999141693115,2.8399999141693115,2.7899999618530273,2.799999952316284,5300,0.0,0.0
2023-05-03 00:00:00-04:00,2.799999952316284,2.799999952316284,2.7300000190734863,2.799999952316284,11600,0.0,0.0
2023-05-04 00:00:00-04:00,2.759999990463257,2.809999942779541,2.440000057220459,2.619999885559082,42600,0.0,0.0
2023-05-05 00:00:00-04:00,2.7200000286102295,2.740000009536743,2.630000114440918,2.740000009536743,1800,0.0,0.0
2023-05-08 00:00:00-04:00,2.690000057220459,2.740000009536743,2.6500000953674316,2.7100000381469727,1500,0.0,0.0
2023-05-09 00:00:00-04:00,2.6500000953674316,2.7300000190734863,2.619999885559082,2.6500000953674316,3500,0.0,0.0
2023-05-10 00:00:00-04:00,2.640000104904175,2.7200000286102295,2.640000104904175,2.7200000286102295,500,0.0,0.0
2023-05-11 00:00:00-04:00,2.6700000762939453,2.6700000762939453,2.569999933242798,2.5799999237060547,5300,0.0,0.0
2023-05-12 00:00:00-04:00,2.5299999713897705,2.5299999713897705,2.5299999713897705,2.5299999713897705,800,0.0,0.0
2023-05-15 00:00:00-04:00,2.5299999713897705,2.5299999713897705,2.5299999713897705,2.5299999713897705,300,0.0,0.0
2023-05-16 00:00:00-04:00,2.509999990463257,2.5799999237060547,2.509999990463257,2.549999952316284,600,0.0,0.0
2023-05-17 00:00:00-04:00,2.5299999713897705,2.5299999713897705,2.5,2.5,5800,0.0,0.0
2023-05-18 00:00:00-04:00,2.5799999237060547,2.609999895095825,2.569999933242798,2.609999895095825,1900,0.0,0.0
2023-05-19 00:00:00-04:00,2.5799999237060547,2.5799999237060547,2.569999933242798,2.569999933242798,2700,0.0,0.0
2023-05-22 00:00:00-04:00,2.569999933242798,2.569999933242798,2.569999933242798,2.569999933242798,0,0.0,0.0
2023-05-23 00:00:00-04:00,2.609999895095825,2.609999895095825,2.440000057220459,2.4800000190734863,2900,0.0,0.0
2023-05-24 00:00:00-04:00,2.5799999237060547,2.700000047683716,2.509999990463257,2.6700000762939453,1500,0.0,0.0
2023-05-25 00:00:00-04:00,2.7699999809265137,2.7699999809265137,2.549999952316284,2.6700000762939453,1700,0.0,0.0
2023-05-26 00:00:00-04:00,2.5999999046325684,2.6500000953674316,2.559999942779541,2.569999933242798,8800,0.0,0.0
2023-05-30 00:00:00-04:00,3.0199999809265137,3.0799999237060547,2.799999952316284,2.940000057220459,105800,0.0,0.0
2023-05-31 00:00:00-04:00,2.940000057220459,2.950000047683716,2.799999952316284,2.9100000858306885,15200,0.0,0.0
2023-06-01 00:00:00-04:00,2.799999952316284,3.1700000762939453,2.799999952316284,3.1500000953674316,48900,0.0,0.0
2023-06-02 00:00:00-04:00,3.1700000762939453,3.25,3.049999952316284,3.119999885559082,116800,0.0,0.0
2023-06-05 00:00:00-04:00,3.2699999809265137,3.369999885559082,3.0,3.140000104904175,87300,0.0,0.0
2023-06-06 00:00:00-04:00,3.1700000762939453,3.2100000381469727,3.0299999713897705,3.0299999713897705,87700,0.0,0.0
2023-06-07 00:00:00-04:00,3.0199999809265137,3.1700000762939453,2.819999933242798,2.930000066757202,48200,0.0,0.0
2023-06-08 00:00:00-04:00,2.859999895095825,3.049999952316284,2.8399999141693115,3.0299999713897705,39500,0.0,0.0
2023-06-09 00:00:00-04:00,3.0899999141693115,3.1500000953674316,3.0399999618530273,3.130000114440918,37800,0.0,0.0
2023-06-12 00:00:00-04:00,3.130000114440918,3.2200000286102295,3.059999942779541,3.119999885559082,43400,0.0,0.0
2023-06-13 00:00:00-04:00,3.180000066757202,3.319999933242798,3.0899999141693115,3.25,34100,0.0,0.0
2023-06-14 00:00:00-04:00,3.299999952316284,3.299999952316284,3.0799999237060547,3.0999999046325684,15200,0.0,0.0
2023-06-15 00:00:00-04:00,3.190000057220459,3.2100000381469727,3.0999999046325684,3.109999895095825,19800,0.0,0.0
2023-06-16 00:00:00-04:00,3.109999895095825,3.1500000953674316,3.0999999046325684,3.140000104904175,7900,0.0,0.0
2023-06-20 00:00:00-04:00,3.0999999046325684,3.180000066757202,3.0999999046325684,3.180000066757202,11100,0.0,0.0
2023-06-21 00:00:00-04:00,3.190000057220459,3.25,3.1700000762939453,3.190000057220459,17700,0.0,0.0
2023-06-22 00:00:00-04:00,3.180000066757202,3.3399999141693115,3.180000066757202,3.2699999809265137,21700,0.0,0.0
2023-06-23 00:00:00-04:00,3.2699999809265137,3.3399999141693115,3.2200000286102295,3.309999942779541,47800,0.0,0.0
2023-06-26 00:00:00-04:00,3.4000000953674316,3.5899999141693115,3.309999942779541,3.359999895095825,99800,0.0,0.0
2023-06-27 00:00:00-04:00,3.3299999237060547,3.4000000953674316,3.319999933242798,3.359999895095825,9100,0.0,0.0
2023-06-28 00:00:00-04:00,3.369999885559082,3.450000047683716,3.3299999237060547,3.3299999237060547,10500,0.0,0.0
2023-06-29 00:00:00-04:00,3.3399999141693115,3.430000066757202,3.319999933242798,3.359999895095825,7600,0.0,0.0
2023-06-30 00:00:00-04:00,3.4100000858306885,3.4100000858306885,3.2699999809265137,3.369999885559082,4900,0.0,0.0
2023-07-03 00:00:00-04:00,3.3299999237060547,3.369999885559082,3.2899999618530273,3.369999885559082,22300,0.0,0.0
2023-07-05 00:00:00-04:00,3.3299999237060547,3.4100000858306885,3.319999933242798,3.3299999237060547,10200,0.0,0.0
2023-07-06 00:00:00-04:00,3.319999933242798,3.319999933242798,3.2899999618530273,3.309999942779541,4200,0.0,0.0
2023-07-07 00:00:00-04:00,3.299999952316284,3.3499999046325684,3.180000066757202,3.200000047683716,21200,0.0,0.0
2023-07-10 00:00:00-04:00,3.0899999141693115,3.2699999809265137,3.0899999141693115,3.2100000381469727,41900,0.0,0.0
2023-07-11 00:00:00-04:00,3.2200000286102295,3.2699999809265137,3.1600000858306885,3.1600000858306885,10300,0.0,0.0
2023-07-12 00:00:00-04:00,3.180000066757202,3.180000066757202,3.1500000953674316,3.180000066757202,3900,0.0,0.0
2023-07-13 00:00:00-04:00,3.190000057220459,3.259999990463257,3.180000066757202,3.180000066757202,5600,0.0,0.0
2023-07-14 00:00:00-04:00,3.190000057220459,3.200000047683716,3.190000057220459,3.200000047683716,3700,0.0,0.0
2023-07-17 00:00:00-04:00,3.1600000858306885,3.2699999809265137,3.0999999046325684,3.130000114440918,68000,0.0,0.0
2023-07-18 00:00:00-04:00,3.130000114440918,3.680000066757202,3.119999885559082,3.559999942779541,221900,0.0,0.0
2023-07-19 00:00:00-04:00,3.6500000953674316,3.6500000953674316,3.549999952316284,3.5999999046325684,12300,0.0,0.0
2023-07-20 00:00:00-04:00,3.5999999046325684,3.5999999046325684,3.4000000953674316,3.5999999046325684,56900,0.0,0.0
2023-07-21 00:00:00-04:00,3.569999933242798,3.640000104904175,3.440000057220459,3.640000104904175,38300,0.0,0.0
2023-07-24 00:00:00-04:00,3.5999999046325684,3.8299999237060547,3.5299999713897705,3.7699999809265137,60700,0.0,0.0
2023-07-25 00:00:00-04:00,3.75,3.7799999713897705,3.7100000381469727,3.7100000381469727,9500,0.0,0.0
2023-07-26 00:00:00-04:00,3.640000104904175,3.7300000190734863,3.640000104904175,3.6700000762939453,8900,0.0,0.0
2023-07-27 00:00:00-04:00,3.6700000762939453,3.690000057220459,3.5299999713897705,3.619999885559082,7800,0.0,0.0
2023-07-28 00:00:00-04:00,3.609999895095825,3.799999952316284,3.5799999237060547,3.799999952316284,21200,0.0,0.0
2023-07-31 00:00:00-04:00,3.7699999809265137,3.7799999713897705,3.680000066757202,3.7100000381469727,18600,0.0,0.0
2023-08-01 00:00:00-04:00,3.680000066757202,3.759999990463257,3.619999885559082,3.7300000190734863,43600,0.0,0.0
2023-08-02 00:00:00-04:00,3.7300000190734863,3.75,3.5999999046325684,3.700000047683716,5600,0.0,0.0
2023-08-03 00:00:00-04:00,3.7799999713897705,3.7799999713897705,3.7100000381469727,3.759999990463257,6000,0.0,0.0
2023-08-04 00:00:00-04:00,3.759999990463257,3.759999990463257,3.6500000953674316,3.6500000953674316,3800,0.0,0.0
2023-08-07 00:00:00-04:00,3.7300000190734863,3.880000114440918,3.6500000953674316,3.759999990463257,48900,0.0,0.0
2023-08-08 00:00:00-04:00,3.8499999046325684,3.9200000762939453,3.7899999618530273,3.880000114440918,41900,0.0,0.0
2023-08-09 00:00:00-04:00,3.9100000858306885,4.079999923706055,3.890000104904175,4.0,122700,0.0,0.0
2023-08-10 00:00:00-04:00,4.0,4.0,3.8499999046325684,3.869999885559082,8100,0.0,0.0
2023-08-11 00:00:00-04:00,3.9100000858306885,3.9100000858306885,3.7100000381469727,3.7200000286102295,50900,0.0,0.0
2023-08-14 00:00:00-04:00,3.799999952316284,3.799999952316284,3.6500000953674316,3.7200000286102295,8300,0.0,0.0
2023-08-15 00:00:00-04:00,3.619999885559082,3.740000009536743,3.5999999046325684,3.640000104904175,11400,0.0,0.0
2023-08-16 00:00:00-04:00,3.559999942779541,3.609999895095825,3.5299999713897705,3.559999942779541,17200,0.0,0.0
2023-08-17 00:00:00-04:00,3.559999942779541,3.559999942779541,3.4000000953674316,3.4700000286102295,27800,0.0,0.0
2023-08-18 00:00:00-04:00,3.4800000190734863,3.509999990463257,3.4600000381469727,3.4600000381469727,6200,0.0,0.0
2023-08-21 00:00:00-04:00,3.5,3.8499999046325684,3.5,3.5399999618530273,44900,0.0,0.0
2023-08-22 00:00:00-04:00,3.6700000762939453,3.6700000762939453,3.3399999141693115,3.630000114440918,108700,0.0,0.0
2023-08-23 00:00:00-04:00,3.630000114440918,3.75,3.490000009536743,3.7300000190734863,62400,0.0,0.0
2023-08-24 00:00:00-04:00,3.6700000762939453,3.809999942779541,3.4800000190734863,3.740000009536743,60300,0.0,0.0
2023-08-25 00:00:00-04:00,3.690000057220459,3.700000047683716,3.609999895095825,3.619999885559082,2100,0.0,0.0
2023-08-28 00:00:00-04:00,3.609999895095825,4.159999847412109,3.609999895095825,4.139999866485596,78600,0.0,0.0
2023-08-29 00:00:00-04:00,4.03000020980835,4.099999904632568,3.7899999618530273,3.9000000953674316,52200,0.0,0.0
2023-08-30 00:00:00-04:00,3.8499999046325684,3.9000000953674316,3.8499999046325684,3.880000114440918,15000,0.0,0.0
2023-08-31 00:00:00-04:00,3.9800000190734863,3.9800000190734863,3.859999895095825,3.859999895095825,23300,0.0,0.0
2023-09-01 00:00:00-04:00,3.880000114440918,4.0,3.880000114440918,3.9100000858306885,8700,0.0,0.0
2023-09-05 00:00:00-04:00,3.9800000190734863,3.9800000190734863,3.890000104904175,3.940000057220459,7600,0.0,0.0
2023-09-06 00:00:00-04:00,3.9600000381469727,3.990000009536743,3.9200000762939453,3.9200000762939453,2000,0.0,0.0
2023-09-07 00:00:00-04:00,3.890000104904175,3.890000104904175,3.759999990463257,3.759999990463257,6500,0.0,0.0
2023-09-08 00:00:00-04:00,3.7799999713897705,3.890000104904175,3.7799999713897705,3.890000104904175,1300,0.0,0.0
2023-09-11 00:00:00-04:00,3.880000114440918,3.880000114440918,3.75,3.7799999713897705,4900,0.0,0.0
2023-09-12 00:00:00-04:00,3.75,3.7699999809265137,3.630000114440918,3.75,6500,0.0,0.0
2023-09-13 00:00:00-04:00,3.6500000953674316,3.6500000953674316,3.509999990463257,3.609999895095825,45200,0.0,0.0
2023-09-14 00:00:00-04:00,3.690000057220459,3.75,3.569999933242798,3.680000066757202,3200,0.0,0.0
2023-09-15 00:00:00-04:00,3.700000047683716,3.9000000953674316,3.690000057220459,3.890000104904175,34100,0.0,0.0
2023-09-18 00:00:00-04:00,4.0,4.0,3.799999952316284,3.8399999141693115,15900,0.0,0.0
2023-09-19 00:00:00-04:00,3.8499999046325684,3.950000047683716,3.75,3.940000057220459,11900,0.0,0.0
2023-09-20 00:00:00-04:00,3.930000066757202,3.940000057220459,3.799999952316284,3.880000114440918,9000,0.0,0.0
2023-09-21 00:00:00-04:00,3.9600000381469727,3.9700000286102295,3.8499999046325684,3.880000114440918,7600,0.0,0.0
2023-09-22 00:00:00-04:00,4.0,4.0,3.819999933242798,3.9200000762939453,4900,0.0,0.0
2023-09-25 00:00:00-04:00,3.809999942779541,3.890000104904175,3.809999942779541,3.890000104904175,3100,0.0,0.0
2023-09-26 00:00:00-04:00,3.8299999237060547,3.869999885559082,3.799999952316284,3.809999942779541,4500,0.0,0.0
2023-09-27 00:00:00-04:00,3.799999952316284,3.799999952316284,3.5899999141693115,3.700000047683716,11100,0.0,0.0
2023-09-28 00:00:00-04:00,3.700000047683716,3.700000047683716,3.5899999141693115,3.640000104904175,2700,0.0,0.0
2023-09-29 00:00:00-04:00,3.7899999618530273,3.7899999618530273,3.5199999809265137,3.5899999141693115,5500,0.0,0.0
2023-10-02 00:00:00-04:00,3.609999895095825,3.799999952316284,3.5199999809265137,3.609999895095825,21100,0.0,0.0
2023-10-03 00:00:00-04:00,3.6700000762939453,3.7200000286102295,3.619999885559082,3.630000114440918,2100,0.0,0.0
2023-10-04 00:00:00-04:00,3.630000114440918,3.690000057220459,3.569999933242798,3.680000066757202,6600,0.0,0.0
2023-10-05 00:00:00-04:00,3.5,3.619999885559082,3.5,3.5999999046325684,9000,0.0,0.0
2023-10-06 00:00:00-04:00,3.5999999046325684,3.5999999046325684,3.549999952316284,3.5899999141693115,4100,0.0,0.0
2023-10-09 00:00:00-04:00,3.549999952316284,3.75,3.2699999809265137,3.4700000286102295,18200,0.0,0.0
2023-10-10 00:00:00-04:00,3.359999895095825,3.799999952316284,3.359999895095825,3.5199999809265137,85300,0.0,0.0
2023-10-11 00:00:00-04:00,3.6500000953674316,3.7699999809265137,3.430000066757202,3.5,19400,0.0,0.0
2023-10-12 00:00:00-04:00,3.430000066757202,3.690000057220459,3.3499999046325684,3.4200000762939453,12800,0.0,0.0
2023-10-13 00:00:00-04:00,3.4100000858306885,3.4100000858306885,3.2300000190734863,3.2799999713897705,17800,0.0,0.0
2023-10-16 00:00:00-04:00,3.240000009536743,3.240000009536743,3.0999999046325684,3.180000066757202,32800,0.0,0.0
2023-10-17 00:00:00-04:00,3.2300000190734863,3.2300000190734863,3.109999895095825,3.1500000953674316,16900,0.0,0.0
2023-10-18 00:00:00-04:00,3.069999933242798,3.180000066757202,2.950000047683716,3.0,20900,0.0,0.0
2023-10-19 00:00:00-04:00,2.9800000190734863,3.0199999809265137,2.930000066757202,2.9700000286102295,4400,0.0,0.0
2023-10-20 00:00:00-04:00,2.9600000381469727,2.9600000381469727,2.700000047683716,2.700000047683716,25500,0.0,0.0
2023-10-23 00:00:00-04:00,2.619999885559082,2.7699999809265137,2.619999885559082,2.6500000953674316,10900,0.0,0.0
2023-10-24 00:00:00-04:00,2.630000114440918,2.6600000858306885,2.619999885559082,2.6500000953674316,7900,0.0,0.0
2023-10-25 00:00:00-04:00,2.640000104904175,2.6700000762939453,2.559999942779541,2.559999942779541,16600,0.0,0.0
2023-10-26 00:00:00-04:00,2.549999952316284,2.5999999046325684,2.549999952316284,2.5999999046325684,14700,0.0,0.0
2023-10-27 00:00:00-04:00,2.5899999141693115,2.5999999046325684,2.5199999809265137,2.5199999809265137,8300,0.0,0.0
2023-10-30 00:00:00-04:00,2.450000047683716,2.6500000953674316,2.390000104904175,2.609999895095825,70100,0.0,0.0
2023-10-31 00:00:00-04:00,2.5899999141693115,2.6500000953674316,2.5899999141693115,2.6500000953674316,2200,0.0,0.0
2023-11-01 00:00:00-04:00,2.6500000953674316,2.680000066757202,2.5899999141693115,2.6600000858306885,3500,0.0,0.0
2023-11-02 00:00:00-04:00,2.6500000953674316,2.6500000953674316,2.5799999237060547,2.5899999141693115,7500,0.0,0.0
2023-11-03 00:00:00-04:00,2.630000114440918,2.6500000953674316,2.5899999141693115,2.5999999046325684,24300,0.0,0.0
2023-11-06 00:00:00-05:00,2.640000104904175,2.75,2.630000114440918,2.7300000190734863,34400,0.0,0.0
2023-11-07 00:00:00-05:00,2.799999952316284,2.9000000953674316,2.6600000858306885,2.7899999618530273,9700,0.0,0.0
2023-11-08 00:00:00-05:00,2.7300000190734863,2.9600000381469727,2.559999942779541,2.7799999713897705,40300,0.0,0.0
2023-11-09 00:00:00-05:00,2.740000009536743,2.859999895095825,2.6500000953674316,2.75,12100,0.0,0.0
2023-11-10 00:00:00-05:00,2.6500000953674316,2.7100000381469727,2.5999999046325684,2.630000114440918,15800,0.0,0.0
2023-11-13 00:00:00-05:00,2.6700000762939453,2.7300000190734863,2.619999885559082,2.6500000953674316,2200,0.0,0.0
2023-11-14 00:00:00-05:00,2.680000066757202,2.7100000381469727,2.680000066757202,2.700000047683716,2100,0.0,0.0
2023-11-15 00:00:00-05:00,2.630000114440918,2.9000000953674316,2.630000114440918,2.869999885559082,27200,0.0,0.0
2023-11-16 00:00:00-05:00,2.8399999141693115,3.009999990463257,2.809999942779541,2.8399999141693115,11100,0.0,0.0
2023-11-17 00:00:00-05:00,2.809999942779541,2.950000047683716,2.7899999618530273,2.9000000953674316,6400,0.0,0.0
2023-11-20 00:00:00-05:00,2.950000047683716,3.0399999618530273,2.9200000762939453,2.9800000190734863,27400,0.0,0.0
2023-11-21 00:00:00-05:00,3.0199999809265137,3.140000104904175,2.9600000381469727,3.069999933242798,86100,0.0,0.0
2023-11-22 00:00:00-05:00,3.069999933242798,3.0799999237060547,3.0199999809265137,3.0399999618530273,5500,0.0,0.0
2023-11-24 00:00:00-05:00,3.109999895095825,3.109999895095825,2.9100000858306885,2.9100000858306885,10800,0.0,0.0
2023-11-27 00:00:00-05:00,2.950000047683716,3.1500000953674316,2.950000047683716,3.059999942779541,14500,0.0,0.0
2023-11-28 00:00:00-05:00,3.140000104904175,3.140000104904175,3.0,3.0899999141693115,25700,0.0,0.0
2023-11-29 00:00:00-05:00,3.1500000953674316,3.1500000953674316,2.9100000858306885,3.0299999713897705,31500,0.0,0.0
2023-11-30 00:00:00-05:00,2.9100000858306885,2.9200000762939453,2.75,2.859999895095825,20400,0.0,0.0
2023-12-01 00:00:00-05:00,2.9200000762939453,2.9200000762939453,2.9000000953674316,2.9100000858306885,1700,0.0,0.0
2023-12-04 00:00:00-05:00,2.9100000858306885,2.930000066757202,2.859999895095825,2.930000066757202,7400,0.0,0.0
2023-12-05 00:00:00-05:00,2.890000104904175,2.890000104904175,2.690000057220459,2.7300000190734863,17700,0.0,0.0
2023-12-06 00:00:00-05:00,2.7799999713897705,2.7799999713897705,2.630000114440918,2.7799999713897705,28400,0.0,0.0
2023-12-07 00:00:00-05:00,2.75,2.7799999713897705,2.6600000858306885,2.6700000762939453,10500,0.0,0.0
2023-12-08 00:00:00-05:00,2.7100000381469727,2.8399999141693115,2.630000114440918,2.630000114440918,3700,0.0,0.0
2023-12-11 00:00:00-05:00,2.6500000953674316,2.700000047683716,2.5299999713897705,2.690000057220459,25800,0.0,0.0
2023-12-12 00:00:00-05:00,2.680000066757202,2.700000047683716,2.680000066757202,2.700000047683716,2500,0.0,0.0
2023-12-13 00:00:00-05:00,2.700000047683716,2.700000047683716,2.6600000858306885,2.6600000858306885,11000,0.0,0.0
2023-12-14 00:00:00-05:00,2.6700000762939453,2.700000047683716,2.619999885559082,2.640000104904175,22300,0.0,0.0
2023-12-15 00:00:00-05:00,2.7100000381469727,2.7300000190734863,2.5999999046325684,2.630000114440918,35300,0.0,0.0
2023-12-18 00:00:00-05:00,2.700000047683716,2.7300000190734863,2.549999952316284,2.569999933242798,61300,0.0,0.0
2023-12-19 00:00:00-05:00,2.5799999237060547,2.5899999141693115,2.4600000381469727,2.559999942779541,33600,0.0,0.0
2023-12-20 00:00:00-05:00,2.5899999141693115,2.5999999046325684,2.559999942779541,2.559999942779541,13400,0.0,0.0
2023-12-21 00:00:00-05:00,2.5399999618530273,2.5899999141693115,2.5299999713897705,2.5899999141693115,13200,0.0,0.0
2023-12-22 00:00:00-05:00,2.609999895095825,2.700000047683716,2.609999895095825,2.6700000762939453,7400,0.0,0.0
2023-12-26 00:00:00-05:00,2.680000066757202,2.680000066757202,2.6500000953674316,2.6500000953674316,3900,0.0,0.0
2023-12-27 00:00:00-05:00,2.6700000762939453,2.690000057220459,2.6700000762939453,2.690000057220459,800,0.0,0.0
2023-12-28 00:00:00-05:00,2.6700000762939453,2.680000066757202,2.630000114440918,2.640000104904175,9200,0.0,0.0
2023-12-29 00:00:00-05:00,2.6700000762939453,2.690000057220459,2.640000104904175,2.640000104904175,3400,0.0,0.0
2024-01-02 00:00:00-05:00,2.6500000953674316,2.680000066757202,2.640000104904175,2.6500000953674316,14100,0.0,0.0
2024-01-03 00:00:00-05:00,2.690000057220459,2.700000047683716,2.640000104904175,2.640000104904175,6700,0.0,0.0
2024-01-04 00:00:00-05:00,2.6500000953674316,2.6500000953674316,2.5899999141693115,2.630000114440918,6400,0.0,0.0
2024-01-05 00:00:00-05:00,2.680000066757202,2.740000009536743,2.680000066757202,2.680000066757202,26200,0.0,0.0
2024-01-08 00:00:00-05:00,2.690000057220459,2.7200000286102295,2.680000066757202,2.690000057220459,10400,0.0,0.0
2024-01-09 00:00:00-05:00,2.630000114440918,2.690000057220459,2.5899999141693115,2.5899999141693115,12700,0.0,0.0
2024-01-10 00:00:00-05:00,2.5999999046325684,2.5999999046325684,2.5999999046325684,2.5999999046325684,1000,0.0,0.0
2024-01-11 00:00:00-05:00,2.5999999046325684,2.680000066757202,2.559999942779541,2.5999999046325684,16600,0.0,0.0
2024-01-12 00:00:00-05:00,2.609999895095825,2.759999990463257,2.559999942779541,2.700000047683716,25700,0.0,0.0
2024-01-16 00:00:00-05:00,2.75,2.7699999809265137,2.6500000953674316,2.6500000953674316,21400,0.0,0.0
2024-01-17 00:00:00-05:00,2.6500000953674316,2.690000057220459,2.6500000953674316,2.690000057220459,9400,0.0,0.0
2024-01-18 00:00:00-05:00,2.680000066757202,2.7699999809265137,2.680000066757202,2.7300000190734863,18700,0.0,0.0
2024-01-19 00:00:00-05:00,2.75,2.8399999141693115,2.7300000190734863,2.7799999713897705,19700,0.0,0.0
2024-01-22 00:00:00-05:00,2.8299999237060547,2.890000104904175,2.8299999237060547,2.859999895095825,7800,0.0,0.0
2024-01-23 00:00:00-05:00,2.8499999046325684,2.859999895095825,2.7799999713897705,2.809999942779541,8500,0.0,0.0
2024-01-24 00:00:00-05:00,2.7699999809265137,2.809999942779541,2.740000009536743,2.740000009536743,4200,0.0,0.0
2024-01-25 00:00:00-05:00,2.7699999809265137,2.809999942779541,2.7699999809265137,2.7699999809265137,2800,0.0,0.0
2024-01-26 00:00:00-05:00,2.869999885559082,2.869999885559082,2.759999990463257,2.759999990463257,6300,0.0,0.0
2024-01-29 00:00:00-05:00,2.7200000286102295,2.8499999046325684,2.7200000286102295,2.7200000286102295,2800,0.0,0.0
2024-01-30 00:00:00-05:00,2.7300000190734863,2.809999942779541,2.7300000190734863,2.7699999809265137,1700,0.0,0.0
2024-01-31 00:00:00-05:00,2.7699999809265137,2.8499999046325684,2.609999895095825,2.690000057220459,28000,0.0,0.0
2024-02-01 00:00:00-05:00,2.6600000858306885,2.700000047683716,2.619999885559082,2.6700000762939453,23200,0.0,0.0
2024-02-02 00:00:00-05:00,2.6700000762939453,2.6700000762939453,2.6700000762939453,2.6700000762939453,0,0.0,0.0
2024-02-05 00:00:00-05:00,2.799999952316284,2.890000104904175,2.740000009536743,2.7699999809265137,3100,0.0,0.0
2024-02-06 00:00:00-05:00,2.630000114440918,2.8499999046325684,2.630000114440918,2.7899999618530273,16200,0.0,0.0
2024-02-07 00:00:00-05:00,2.8399999141693115,2.8399999141693115,2.7100000381469727,2.7300000190734863,4300,0.0,0.0
2024-02-08 00:00:00-05:00,2.7300000190734863,2.75,2.700000047683716,2.75,1800,0.0,0.0
2024-02-09 00:00:00-05:00,2.759999990463257,2.859999895095825,2.7300000190734863,2.75,3600,0.0,0.0
2024-02-12 00:00:00-05:00,2.9100000858306885,2.9200000762939453,2.799999952316284,2.8499999046325684,17700,0.0,0.0
2024-02-13 00:00:00-05:00,2.8499999046325684,2.8499999046325684,2.75,2.8399999141693115,13500,0.0,0.0
2024-02-14 00:00:00-05:00,2.809999942779541,2.8499999046325684,2.759999990463257,2.759999990463257,7600,0.0,0.0
2024-02-15 00:00:00-05:00,2.7799999713897705,2.8499999046325684,2.7799999713897705,2.819999933242798,6300,0.0,0.0
2024-02-16 00:00:00-05:00,2.8499999046325684,2.8499999046325684,2.75,2.819999933242798,18300,0.0,0.0
2024-02-20 00:00:00-05:00,2.8499999046325684,2.8499999046325684,2.799999952316284,2.809999942779541,4700,0.0,0.0
2024-02-21 00:00:00-05:00,2.809999942779541,2.809999942779541,2.759999990463257,2.759999990463257,3000,0.0,0.0
2024-02-22 00:00:00-05:00,2.809999942779541,2.8399999141693115,2.7699999809265137,2.7699999809265137,2700,0.0,0.0
2024-02-23 00:00:00-05:00,2.799999952316284,2.8499999046325684,2.75,2.759999990463257,10200,0.0,0.0
2024-02-26 00:00:00-05:00,2.75,2.7799999713897705,2.75,2.7799999713897705,4800,0.0,0.0
2024-02-27 00:00:00-05:00,2.759999990463257,2.809999942779541,2.75,2.7799999713897705,1900,0.0,0.0
2024-02-28 00:00:00-05:00,2.7799999713897705,2.809999942779541,2.759999990463257,2.809999942779541,1500,0.0,0.0
2024-02-29 00:00:00-05:00,2.8399999141693115,2.8399999141693115,2.759999990463257,2.799999952316284,4100,0.0,0.0
2024-03-01 00:00:00-05:00,2.799999952316284,2.809999942779541,2.7699999809265137,2.809999942779541,2500,0.0,0.0
2024-03-04 00:00:00-05:00,2.809999942779541,2.819999933242798,2.759999990463257,2.7799999713897705,3600,0.0,0.0
2024-03-05 00:00:00-05:00,2.759999990463257,2.7899999618530273,2.7200000286102295,2.740000009536743,8500,0.0,0.0
2024-03-06 00:00:00-05:00,2.7100000381469727,2.8299999237060547,2.7100000381469727,2.7300000190734863,2400,0.0,0.0
2024-03-07 00:00:00-05:00,2.7100000381469727,2.759999990463257,2.700000047683716,2.700000047683716,5700,0.0,0.0
2024-03-08 00:00:00-05:00,2.7100000381469727,2.759999990463257,2.690000057220459,2.700000047683716,5700,0.0,0.0
2024-03-11 00:00:00-04:00,2.7699999809265137,2.7899999618530273,2.6700000762939453,2.690000057220459,13900,0.0,0.0
2024-03-12 00:00:00-04:00,2.690000057220459,2.8299999237060547,2.6600000858306885,2.7200000286102295,5000,0.0,0.0
2024-03-13 00:00:00-04:00,2.75,2.7899999618530273,2.75,2.75,5800,0.0,0.0
2024-03-14 00:00:00-04:00,2.8399999141693115,2.8399999141693115,2.609999895095825,2.6700000762939453,10500,0.0,0.0
2024-03-15 00:00:00-04:00,2.740000009536743,2.740000009536743,2.6700000762939453,2.690000057220459,6900,0.0,0.0
2024-03-18 00:00:00-04:00,2.690000057220459,2.7200000286102295,2.6500000953674316,2.690000057220459,3400,0.0,0.0
2024-03-19 00:00:00-04:00,2.7300000190734863,2.8399999141693115,2.680000066757202,2.740000009536743,2800,0.0,0.0
2024-03-20 00:00:00-04:00,2.75,2.75,2.680000066757202,2.7100000381469727,34400,0.0,0.0
2024-03-21 00:00:00-04:00,2.7100000381469727,2.7300000190734863,2.680000066757202,2.7200000286102295,13900,0.0,0.0
2024-03-22 00:00:00-04:00,2.6700000762939453,2.7200000286102295,2.6700000762939453,2.7100000381469727,11300,0.0,0.0
2024-03-25 00:00:00-04:00,2.7100000381469727,2.799999952316284,2.7100000381469727,2.740000009536743,48600,0.0,0.0
2024-03-26 00:00:00-04:00,2.7300000190734863,2.799999952316284,2.7200000286102295,2.759999990463257,10000,0.0,0.0
2024-03-27 00:00:00-04:00,2.7699999809265137,2.809999942779541,2.75,2.75,16000,0.0,0.0
2024-03-28 00:00:00-04:00,2.8399999141693115,3.0999999046325684,2.759999990463257,3.049999952316284,211000,0.0,0.0
2024-04-01 00:00:00-04:00,3.109999895095825,3.119999885559082,2.9200000762939453,2.9700000286102295,40200,0.0,0.0
2024-04-02 00:00:00-04:00,2.9700000286102295,2.990000009536743,2.799999952316284,2.9100000858306885,8500,0.0,0.0
2024-04-03 00:00:00-04:00,2.940000057220459,2.950000047683716,2.809999942779541,2.809999942779541,24400,0.0,0.0
2024-04-04 00:00:00-04:00,2.9100000858306885,2.9100000858306885,2.809999942779541,2.8399999141693115,12000,0.0,0.0
2024-04-05 00:00:00-04:00,2.880000114440918,2.880000114440918,2.809999942779541,2.809999942779541,3100,0.0,0.0
2024-04-08 00:00:00-04:00,2.9000000953674316,2.930000066757202,2.8299999237060547,2.880000114440918,12000,0.0,0.0
2024-04-09 00:00:00-04:00,2.890000104904175,2.9100000858306885,2.819999933242798,2.8499999046325684,118500,0.0,0.0
2024-04-10 00:00:00-04:00,2.8299999237060547,2.859999895095825,2.7699999809265137,2.8299999237060547,37800,0.0,0.0
2024-04-11 00:00:00-04:00,2.890000104904175,2.890000104904175,2.7799999713897705,2.819999933242798,8400,0.0,0.0
2024-04-12 00:00:00-04:00,2.8499999046325684,2.9600000381469727,2.7300000190734863,2.799999952316284,202000,0.0,0.0
2024-04-15 00:00:00-04:00,2.759999990463257,2.8499999046325684,2.759999990463257,2.8299999237060547,22500,0.0,0.0
2024-04-16 00:00:00-04:00,2.799999952316284,2.8399999141693115,2.759999990463257,2.809999942779541,23300,0.0,0.0
2024-04-17 00:00:00-04:00,2.7899999618530273,2.8499999046325684,2.7899999618530273,2.819999933242798,23600,0.0,0.0
2024-04-18 00:00:00-04:00,2.8399999141693115,2.8399999141693115,2.819999933242798,2.8299999237060547,4900,0.0,0.0
2024-04-19 00:00:00-04:00,2.799999952316284,2.8499999046325684,2.7799999713897705,2.7799999713897705,17700,0.0,0.0
2024-04-22 00:00:00-04:00,2.7899999618530273,2.8499999046325684,2.7699999809265137,2.7699999809265137,10400,0.0,0.0
2024-04-23 00:00:00-04:00,2.7899999618530273,2.809999942779541,2.7899999618530273,2.7899999618530273,3000,0.0,0.0
2024-04-24 00:00:00-04:00,2.7899999618530273,2.8299999237060547,2.759999990463257,2.809999942779541,46600,0.0,0.0
2024-04-25 00:00:00-04:00,2.7799999713897705,2.819999933242798,2.7799999713897705,2.799999952316284,5500,0.0,0.0
2024-04-26 00:00:00-04:00,2.809999942779541,2.869999885559082,2.7899999618530273,2.809999942779541,8800,0.0,0.0
2024-04-29 00:00:00-04:00,2.8499999046325684,2.8499999046325684,2.7699999809265137,2.819999933242798,8600,0.0,0.0
2024-04-30 00:00:00-04:00,2.8299999237060547,2.8499999046325684,2.7799999713897705,2.8499999046325684,1000,0.0,0.0
2024-05-01 00:00:00-04:00,2.8399999141693115,2.859999895095825,2.7899999618530273,2.819999933242798,2000,0.0,0.0
2024-05-02 00:00:00-04:00,2.819999933242798,2.8299999237060547,2.7699999809265137,2.799999952316284,11400,0.0,0.0
2024-05-03 00:00:00-04:00,2.8499999046325684,2.8499999046325684,2.7799999713897705,2.7799999713897705,3500,0.0,0.0
2024-05-06 00:00:00-04:00,2.7799999713897705,2.799999952316284,2.7799999713897705,2.7799999713897705,1800,0.0,0.0
2024-05-07 00:00:00-04:00,2.7899999618530273,2.819999933242798,2.75,2.75,4400,0.0,0.0
2024-05-08 00:00:00-04:00,2.75,2.7899999618530273,2.559999942779541,2.7699999809265137,25000,0.0,0.0
2024-05-09 00:00:00-04:00,2.75,2.799999952316284,2.75,2.799999952316284,19000,0.0,0.0
2024-05-10 00:00:00-04:00,2.7699999809265137,2.819999933242798,2.7699999809265137,2.7699999809265137,9400,0.0,0.0
2024-05-13 00:00:00-04:00,2.7699999809265137,2.819999933242798,2.700000047683716,2.819999933242798,12900,0.0,0.0
2024-05-14 00:00:00-04:00,2.819999933242798,2.819999933242798,2.759999990463257,2.7699999809265137,2600,0.0,0.0
2024-05-15 00:00:00-04:00,2.740000009536743,2.819999933242798,2.740000009536743,2.799999952316284,8900,0.0,0.0
2024-05-16 00:00:00-04:00,2.7899999618530273,2.7899999618530273,2.7899999618530273,2.7899999618530273,800,0.0,0.0
2024-05-17 00:00:00-04:00,2.7899999618530273,2.819999933242798,2.759999990463257,2.759999990463257,4400,0.0,0.0
2024-05-20 00:00:00-04:00,2.819999933242798,2.819999933242798,2.7799999713897705,2.7899999618530273,900,0.0,0.0
2024-05-21 00:00:00-04:00,2.7899999618530273,2.799999952316284,2.700000047683716,2.7300000190734863,4800,0.0,0.0
2024-05-22 00:00:00-04:00,2.700000047683716,2.700000047683716,2.700000047683716,2.700000047683716,900,0.0,0.0
2024-05-23 00:00:00-04:00,2.7200000286102295,2.7899999618530273,2.680000066757202,2.7899999618530273,5200,0.0,0.0
2024-05-24 00:00:00-04:00,2.7899999618530273,2.819999933242798,2.75,2.819999933242798,2900,0.0,0.0
2024-05-28 00:00:00-04:00,2.8399999141693115,2.8499999046325684,2.8299999237060547,2.8299999237060547,1100,0.0,0.0
2024-05-29 00:00:00-04:00,2.799999952316284,2.8399999141693115,2.799999952316284,2.799999952316284,17900,0.0,0.0
2024-05-30 00:00:00-04:00,2.9000000953674316,3.1500000953674316,2.8499999046325684,2.9100000858306885,83300,0.0,0.0
2024-05-31 00:00:00-04:00,2.859999895095825,2.950000047683716,2.8499999046325684,2.890000104904175,11500,0.0,0.0
2024-06-03 00:00:00-04:00,2.859999895095825,2.930000066757202,2.7699999809265137,2.819999933242798,35900,0.0,0.0
2024-06-04 00:00:00-04:00,2.869999885559082,2.9600000381469727,2.7699999809265137,2.9000000953674316,48200,0.0,0.0
2024-06-05 00:00:00-04:00,2.9000000953674316,2.9000000953674316,2.819999933242798,2.819999933242798,2800,0.0,0.0
2024-06-06 00:00:00-04:00,2.8299999237060547,2.8499999046325684,2.809999942779541,2.809999942779541,4100,0.0,0.0
2024-06-07 00:00:00-04:00,2.799999952316284,2.8499999046325684,2.7699999809265137,2.8299999237060547,8700,0.0,0.0
2024-06-10 00:00:00-04:00,2.859999895095825,3.0,2.8299999237060547,2.890000104904175,68500,0.0,0.0
2024-06-11 00:00:00-04:00,2.9700000286102295,2.9700000286102295,2.8299999237060547,2.859999895095825,10000,0.0,0.0
2024-06-12 00:00:00-04:00,2.890000104904175,2.940000057220459,2.869999885559082,2.869999885559082,1700,0.0,0.0
2024-06-13 00:00:00-04:00,2.890000104904175,3.059999942779541,2.880000114440918,3.0199999809265137,10800,0.0,0.0
2024-06-14 00:00:00-04:00,2.9800000190734863,2.9800000190734863,2.9000000953674316,2.9200000762939453,1200,0.0,0.0
2024-06-17 00:00:00-04:00,2.950000047683716,2.9800000190734863,2.7699999809265137,2.7799999713897705,61700,0.0,0.0
2024-06-18 00:00:00-04:00,2.8399999141693115,2.9200000762939453,2.809999942779541,2.9200000762939453,19400,0.0,0.0
2024-06-20 00:00:00-04:00,2.890000104904175,2.890000104904175,2.7899999618530273,2.809999942779541,7100,0.0,0.0
2024-06-21 00:00:00-04:00,2.8499999046325684,2.859999895095825,2.7699999809265137,2.7899999618530273,9200,0.0,0.0
2024-06-24 00:00:00-04:00,2.7899999618530273,2.880000114440918,2.7699999809265137,2.809999942779541,42900,0.0,0.0
2024-06-25 00:00:00-04:00,2.809999942779541,2.8499999046325684,2.799999952316284,2.799999952316284,7500,0.0,0.0
2024-06-26 00:00:00-04:00,2.759999990463257,2.8299999237060547,2.759999990463257,2.8299999237060547,2400,0.0,0.0
2024-06-27 00:00:00-04:00,2.759999990463257,2.819999933242798,2.75,2.799999952316284,18300,0.0,0.0
2024-06-28 00:00:00-04:00,2.809999942779541,2.809999942779541,2.7899999618530273,2.809999942779541,7100,0.0,0.0
2024-07-01 00:00:00-04:00,2.8299999237060547,2.8299999237060547,2.7899999618530273,2.799999952316284,4000,0.0,0.0
2024-07-02 00:00:00-04:00,2.799999952316284,2.8499999046325684,2.759999990463257,2.809999942779541,13900,0.0,0.0
2024-07-03 00:00:00-04:00,2.799999952316284,2.819999933242798,2.799999952316284,2.809999942779541,12900,0.0,0.0
2024-07-05 00:00:00-04:00,2.809999942779541,2.8399999141693115,2.799999952316284,2.819999933242798,17700,0.0,0.0
2024-07-08 00:00:00-04:00,2.890000104904175,2.890000104904175,2.809999942779541,2.809999942779541,8400,0.0,0.0
2024-07-09 00:00:00-04:00,2.809999942779541,2.809999942779541,2.809999942779541,2.809999942779541,500,0.0,0.0
2024-07-10 00:00:00-04:00,2.880000114440918,2.9800000190734863,2.8499999046325684,2.9200000762939453,25900,0.0,0.0
2024-07-11 00:00:00-04:00,2.950000047683716,3.119999885559082,2.859999895095825,2.9700000286102295,117300,0.0,0.0
2024-07-12 00:00:00-04:00,2.9600000381469727,2.9700000286102295,2.890000104904175,2.950000047683716,4200,0.0,0.0
2024-07-15 00:00:00-04:00,2.9000000953674316,3.0899999141693115,2.9000000953674316,3.009999990463257,13800,0.0,0.0
2024-07-16 00:00:00-04:00,2.950000047683716,2.990000009536743,2.930000066757202,2.9700000286102295,5300,0.0,0.0
2024-07-17 00:00:00-04:00,2.9600000381469727,3.0,2.880000114440918,2.9800000190734863,3500,0.0,0.0
2024-07-18 00:00:00-04:00,2.9000000953674316,2.9600000381469727,2.9000000953674316,2.9600000381469727,500,0.0,0.0
2024-07-19 00:00:00-04:00,2.8499999046325684,3.119999885559082,2.8499999046325684,2.940000057220459,6600,0.0,0.0
2024-07-22 00:00:00-04:00,3.0899999141693115,3.0899999141693115,2.930000066757202,2.930000066757202,600,0.0,0.0
2024-07-23 00:00:00-04:00,2.890000104904175,3.0,2.890000104904175,2.9600000381469727,1700,0.0,0.0
2024-07-24 00:00:00-04:00,2.9200000762939453,2.9200000762939453,2.9200000762939453,2.9200000762939453,200,0.0,0.0
2024-07-25 00:00:00-04:00,3.069999933242798,3.2799999713897705,2.950000047683716,3.049999952316284,116300,0.0,0.0
2024-07-26 00:00:00-04:00,3.0199999809265137,3.1600000858306885,3.0199999809265137,3.069999933242798,8100,0.0,0.0
2024-07-29 00:00:00-04:00,3.1500000953674316,3.2300000190734863,2.930000066757202,3.0,130100,0.0,0.0
2024-07-30 00:00:00-04:00,3.0,3.0299999713897705,2.9600000381469727,2.990000009536743,10200,0.0,0.0
2024-07-31 00:00:00-04:00,2.880000114440918,3.0,2.8399999141693115,2.9600000381469727,4000,0.0,0.0
2024-08-01 00:00:00-04:00,2.9800000190734863,2.9800000190734863,2.8499999046325684,2.869999885559082,8000,0.0,0.0
2024-08-02 00:00:00-04:00,2.859999895095825,2.869999885559082,2.809999942779541,2.8499999046325684,7600,0.0,0.0
2024-08-05 00:00:00-04:00,2.6500000953674316,2.7799999713897705,2.6500000953674316,2.759999990463257,25300,0.0,0.0
2024-08-06 00:00:00-04:00,2.759999990463257,2.799999952316284,2.759999990463257,2.799999952316284,6500,0.0,0.0
2024-08-07 00:00:00-04:00,2.9000000953674316,2.9000000953674316,2.799999952316284,2.799999952316284,4300,0.0,0.0
2024-08-08 00:00:00-04:00,2.75,2.8499999046325684,2.7300000190734863,2.819999933242798,8200,0.0,0.0
2024-08-09 00:00:00-04:00,2.7300000190734863,2.8299999237060547,2.7300000190734863,2.7799999713897705,6600,0.0,0.0
2024-08-12 00:00:00-04:00,2.859999895095825,2.859999895095825,2.7899999618530273,2.7899999618530273,4300,0.0,0.0
2024-08-13 00:00:00-04:00,2.8499999046325684,2.8499999046325684,2.75,2.7699999809265137,1200,0.0,0.0
2024-08-14 00:00:00-04:00,2.9700000286102295,2.9700000286102295,2.799999952316284,2.799999952316284,1000,0.0,0.0
2024-08-15 00:00:00-04:00,2.890000104904175,2.9600000381469727,2.740000009536743,2.9000000953674316,15100,0.0,0.0
2024-08-16 00:00:00-04:00,2.809999942779541,2.859999895095825,2.799999952316284,2.8499999046325684,1800,0.0,0.0
2024-08-19 00:00:00-04:00,2.8399999141693115,2.8499999046325684,2.759999990463257,2.8499999046325684,6900,0.0,0.0
2024-08-20 00:00:00-04:00,2.950000047683716,2.9600000381469727,2.869999885559082,2.880000114440918,2700,0.0,0.0
2024-08-21 00:00:00-04:00,2.990000009536743,2.990000009536743,2.9200000762939453,2.950000047683716,18200,0.0,0.0
2024-08-22 00:00:00-04:00,3.0,3.0799999237060547,2.9600000381469727,3.0199999809265137,24600,0.0,0.0
2024-08-23 00:00:00-04:00,2.9600000381469727,3.0299999713897705,2.9000000953674316,3.0299999713897705,7800,0.0,0.0
2024-08-26 00:00:00-04:00,2.950000047683716,3.0199999809265137,2.9000000953674316,2.950000047683716,10700,0.0,0.0
2024-08-27 00:00:00-04:00,2.9200000762939453,2.950000047683716,2.890000104904175,2.9000000953674316,18200,0.0,0.0
2024-08-28 00:00:00-04:00,2.9800000190734863,2.990000009536743,2.9000000953674316,2.9000000953674316,2400,0.0,0.0
2024-08-29 00:00:00-04:00,2.8499999046325684,2.9000000953674316,2.8399999141693115,2.869999885559082,7500,0.0,0.0
2024-08-30 00:00:00-04:00,2.930000066757202,2.930000066757202,2.9100000858306885,2.9200000762939453,3000,0.0,0.0
2024-09-03 00:00:00-04:00,2.9000000953674316,2.9000000953674316,2.7300000190734863,2.819999933242798,15500,0.0,0.0
2024-09-04 00:00:00-04:00,2.819999933242798,2.8299999237060547,2.740000009536743,2.819999933242798,20800,0.0,0.0
2024-09-05 00:00:00-04:00,2.890000104904175,2.890000104904175,2.759999990463257,2.759999990463257,6300,0.0,0.0
2024-09-06 00:00:00-04:00,2.890000104904175,2.890000104904175,2.7699999809265137,2.809999942779541,11900,0.0,0.0
2024-09-09 00:00:00-04:00,2.759999990463257,2.7699999809265137,2.690000057220459,2.690000057220459,3600,0.0,0.0
2024-09-10 00:00:00-04:00,2.740000009536743,2.740000009536743,2.740000009536743,2.740000009536743,200,0.0,0.0
2024-09-11 00:00:00-04:00,2.819999933242798,2.8499999046325684,2.6700000762939453,2.809999942779541,7100,0.0,0.0
2024-09-12 00:00:00-04:00,2.809999942779541,2.809999942779541,2.799999952316284,2.809999942779541,300,0.0,0.0
2024-09-13 00:00:00-04:00,2.759999990463257,2.799999952316284,2.7100000381469727,2.799999952316284,16700,0.0,0.0
2024-09-16 00:00:00-04:00,2.7799999713897705,2.859999895095825,2.7799999713897705,2.8499999046325684,2500,0.0,0.0
2024-09-17 00:00:00-04:00,2.8499999046325684,2.9000000953674316,2.8399999141693115,2.869999885559082,10800,0.0,0.0
2024-09-18 00:00:00-04:00,2.880000114440918,2.990000009536743,2.8499999046325684,2.869999885559082,7800,0.0,0.0
2024-09-19 00:00:00-04:00,2.869999885559082,3.0299999713897705,2.869999885559082,2.940000057220459,14600,0.0,0.0
2024-09-20 00:00:00-04:00,2.9600000381469727,3.0999999046325684,2.880000114440918,3.049999952316284,4100,0.0,0.0
2024-09-23 00:00:00-04:00,2.9100000858306885,3.0399999618530273,2.9100000858306885,3.0399999618530273,700,0.0,0.0
2024-09-24 00:00:00-04:00,3.0199999809265137,3.0899999141693115,2.940000057220459,3.0,25200,0.0,0.0
2024-09-25 00:00:00-04:00,2.940000057220459,2.940000057220459,2.940000057220459,2.940000057220459,700,0.0,0.0
2024-09-26 00:00:00-04:00,2.799999952316284,2.9800000190734863,2.7699999809265137,2.950000047683716,46100,0.0,0.0
2024-09-27 00:00:00-04:00,2.950000047683716,2.950000047683716,2.859999895095825,2.9200000762939453,3100,0.0,0.0
2024-09-30 00:00:00-04:00,2.950000047683716,2.950000047683716,2.950000047683716,2.950000047683716,500,0.0,0.0
2024-10-01 00:00:00-04:00,2.950000047683716,2.950000047683716,2.880000114440918,2.880000114440918,7000,0.0,0.0
2024-10-02 00:00:00-04:00,2.9100000858306885,2.9100000858306885,2.880000114440918,2.890000104904175,1400,0.0,0.0
2024-10-03 00:00:00-04:00,2.859999895095825,2.950000047683716,2.859999895095825,2.950000047683716,700,0.0,0.0
2024-10-04 00:00:00-04:00,2.880000114440918,2.950000047683716,2.880000114440918,2.950000047683716,6500,0.0,0.0
2024-10-07 00:00:00-04:00,2.859999895095825,2.950000047683716,2.859999895095825,2.940000057220459,3500,0.0,0.0
2024-10-08 00:00:00-04:00,2.9100000858306885,3.0,2.880000114440918,2.9000000953674316,12200,0.0,0.0
2024-10-09 00:00:00-04:00,2.880000114440918,3.0,2.880000114440918,2.9200000762939453,25600,0.0,0.0
2024-10-10 00:00:00-04:00,2.9800000190734863,2.9800000190734863,2.9000000953674316,2.940000057220459,12800,0.0,0.0
2024-10-11 00:00:00-04:00,2.940000057220459,2.990000009536743,2.9100000858306885,2.930000066757202,5300,0.0,0.0
2024-10-14 00:00:00-04:00,2.9100000858306885,2.950000047683716,2.9100000858306885,2.950000047683716,600,0.0,0.0
2024-10-15 00:00:00-04:00,2.880000114440918,3.0,2.880000114440918,3.0,5100,0.0,0.0
2024-10-16 00:00:00-04:00,2.950000047683716,2.950000047683716,2.950000047683716,2.950000047683716,700,0.0,0.0
2024-10-17 00:00:00-04:00,2.950000047683716,2.950000047683716,2.950000047683716,2.950000047683716,600,0.0,0.0
2024-10-18 00:00:00-04:00,2.950000047683716,2.950000047683716,2.9100000858306885,2.9100000858306885,11400,0.0,0.0
2024-10-21 00:00:00-04:00,2.9100000858306885,2.9100000858306885,2.8499999046325684,2.9100000858306885,5700,0.0,0.0
2024-10-22 00:00:00-04:00,2.930000066757202,2.930000066757202,2.880000114440918,2.9200000762939453,12600,0.0,0.0
2024-10-23 00:00:00-04:00,2.9200000762939453,2.9700000286102295,2.9200000762939453,2.9700000286102295,16300,0.0,0.0
2024-10-24 00:00:00-04:00,2.940000057220459,3.009999990463257,2.940000057220459,3.009999990463257,3000,0.0,0.0
2024-10-25 00:00:00-04:00,2.930000066757202,2.9800000190734863,2.9100000858306885,2.9700000286102295,4900,0.0,0.0
2024-10-28 00:00:00-04:00,2.9000000953674316,2.9600000381469727,2.9000000953674316,2.9600000381469727,4900,0.0,0.0
2024-10-29 00:00:00-04:00,2.9200000762939453,2.9600000381469727,2.9200000762939453,2.950000047683716,3400,0.0,0.0
2024-10-30 00:00:00-04:00,2.9200000762939453,2.9600000381469727,2.9200000762939453,2.9600000381469727,1400,0.0,0.0
2024-10-31 00:00:00-04:00,2.9200000762939453,2.9600000381469727,2.9200000762939453,2.9600000381469727,4000,0.0,0.0
2024-11-01 00:00:00-04:00,2.940000057220459,2.9600000381469727,2.9200000762939453,2.930000066757202,4600,0.0,0.0
2024-11-04 00:00:00-05:00,2.799999952316284,3.0299999713897705,2.799999952316284,2.9200000762939453,22600,0.0,0.0
2024-11-05 00:00:00-05:00,2.9700000286102295,3.0299999713897705,2.869999885559082,2.890000104904175,9200,0.0,0.0
2024-11-06 00:00:00-05:00,2.5,2.950000047683716,2.5,2.880000114440918,23200,0.0,0.0
2024-11-07 00:00:00-05:00,2.809999942779541,2.9600000381469727,2.809999942779541,2.940000057220459,30800,0.0,0.0
2024-11-08 00:00:00-05:00,2.9700000286102295,3.0,2.9600000381469727,2.990000009536743,4600,0.0,0.0
2024-11-11 00:00:00-05:00,3.0,3.1600000858306885,2.9200000762939453,3.0899999141693115,65900,0.0,0.0
2024-11-12 00:00:00-05:00,3.0999999046325684,3.130000114440918,3.049999952316284,3.119999885559082,20500,0.0,0.0
2024-11-13 00:00:00-05:00,3.0899999141693115,3.180000066757202,3.0799999237060547,3.0899999141693115,29400,0.0,0.0
2024-11-14 00:00:00-05:00,3.0899999141693115,3.1500000953674316,3.0799999237060547,3.0899999141693115,4500,0.0,0.0
2024-11-15 00:00:00-05:00,3.049999952316284,3.180000066757202,3.049999952316284,3.119999885559082,7100,0.0,0.0
2024-11-18 00:00:00-05:00,3.059999942779541,3.2699999809265137,3.0199999809265137,3.130000114440918,164000,0.0,0.0
2024-11-19 00:00:00-05:00,3.1700000762939453,3.299999952316284,3.130000114440918,3.25,122100,0.0,0.0
2024-11-20 00:00:00-05:00,3.240000009536743,3.3399999141693115,3.240000009536743,3.2799999713897705,138700,0.0,0.0
2024-11-21 00:00:00-05:00,3.240000009536743,3.3399999141693115,3.240000009536743,3.309999942779541,10300,0.0,0.0
2024-11-22 00:00:00-05:00,3.25,3.3499999046325684,3.25,3.3499999046325684,20900,0.0,0.0
2024-11-25 00:00:00-05:00,3.390000104904175,3.390000104904175,3.2899999618530273,3.369999885559082,41900,0.0,0.0
2024-11-26 00:00:00-05:00,3.390000104904175,3.4100000858306885,3.299999952316284,3.380000114440918,49300,0.0,0.0
2024-11-27 00:00:00-05:00,3.3299999237060547,3.3299999237060547,3.190000057220459,3.309999942779541,57600,0.0,0.0
2024-11-29 00:00:00-05:00,3.25,3.4200000762939453,3.25,3.390000104904175,63500,0.0,0.0
2024-12-02 00:00:00-05:00,3.4100000858306885,3.490000009536743,3.299999952316284,3.430000066757202,57900,0.0,0.0
2024-12-03 00:00:00-05:00,3.430000066757202,3.4800000190734863,3.4100000858306885,3.450000047683716,15400,0.0,0.0
2024-12-04 00:00:00-05:00,3.450000047683716,3.450000047683716,3.4000000953674316,3.4200000762939453,6500,0.0,0.0
2024-12-05 00:00:00-05:00,3.390000104904175,3.430000066757202,3.390000104904175,3.4000000953674316,2300,0.0,0.0
2024-12-06 00:00:00-05:00,3.3499999046325684,3.430000066757202,3.2799999713897705,3.4200000762939453,6100,0.0,0.0
2024-12-09 00:00:00-05:00,3.3499999046325684,3.440000057220459,3.3299999237060547,3.380000114440918,3200,0.0,0.0
2024-12-10 00:00:00-05:00,3.369999885559082,3.369999885559082,3.2899999618530273,3.359999895095825,2700,0.0,0.0
2024-12-11 00:00:00-05:00,3.4000000953674316,3.4200000762939453,3.2899999618530273,3.4200000762939453,7500,0.0,0.0
2024-12-12 00:00:00-05:00,3.450000047683716,3.450000047683716,3.390000104904175,3.430000066757202,4400,0.0,0.0
2024-12-13 00:00:00-05:00,3.430000066757202,3.450000047683716,3.3499999046325684,3.430000066757202,6400,0.0,0.0
2024-12-16 00:00:00-05:00,3.450000047683716,3.450000047683716,3.2300000190734863,3.319999933242798,27600,0.0,0.0
2024-12-17 00:00:00-05:00,3.299999952316284,3.3299999237060547,3.1500000953674316,3.2699999809265137,21900,0.0,0.0
2024-12-18 00:00:00-05:00,3.259999990463257,3.490000009536743,3.1600000858306885,3.2300000190734863,123100,0.0,0.0
2024-12-19 00:00:00-05:00,3.259999990463257,3.450000047683716,3.2100000381469727,3.2699999809265137,16000,0.0,0.0
2024-12-20 00:00:00-05:00,3.25,3.390000104904175,3.200000047683716,3.2699999809265137,8100,0.0,0.0
2024-12-23 00:00:00-05:00,3.4100000858306885,3.4200000762939453,3.2100000381469727,3.3399999141693115,10200,0.0,0.0
2024-12-24 00:00:00-05:00,3.3299999237060547,3.3499999046325684,3.200000047683716,3.2799999713897705,8200,0.0,0.0
2024-12-26 00:00:00-05:00,3.319999933242798,3.319999933242798,3.240000009536743,3.2899999618530273,19800,0.0,0.0
2024-12-27 00:00:00-05:00,3.299999952316284,3.309999942779541,3.2200000286102295,3.25,4000,0.0,0.0
2024-12-30 00:00:00-05:00,3.240000009536743,3.309999942779541,3.140000104904175,3.25,40700,0.0,0.0
2024-12-31 00:00:00-05:00,3.3499999046325684,3.369999885559082,3.25,3.299999952316284,17500,0.0,0.0
2025-01-02 00:00:00-05:00,3.359999895095825,3.390000104904175,3.309999942779541,3.309999942779541,11400,0.0,0.0
2025-01-03 00:00:00-05:00,3.4100000858306885,3.799999952316284,3.3499999046325684,3.7100000381469727,257300,0.0,0.0
2025-01-06 00:00:00-05:00,3.799999952316284,4.199999809265137,3.7200000286102295,4.050000190734863,375500,0.0,0.0
2025-01-07 00:00:00-05:00,4.050000190734863,4.150000095367432,3.7699999809265137,3.9000000953674316,117300,0.0,0.0
2025-01-08 00:00:00-05:00,3.75,3.7699999809265137,3.549999952316284,3.609999895095825,48200,0.0,0.0
2025-01-10 00:00:00-05:00,3.5199999809265137,3.680000066757202,3.5199999809265137,3.6500000953674316,23900,0.0,0.0
2025-01-13 00:00:00-05:00,3.7799999713897705,3.7799999713897705,3.430000066757202,3.559999942779541,20100,0.0,0.0
2025-01-14 00:00:00-05:00,3.5199999809265137,3.75,3.5199999809265137,3.609999895095825,26400,0.0,0.0
2025-01-15 00:00:00-05:00,3.630000114440918,3.819999933242798,3.5199999809265137,3.75,46300,0.0,0.0
2025-01-16 00:00:00-05:00,3.8499999046325684,3.8499999046325684,3.6600000858306885,3.7799999713897705,34000,0.0,0.0
2025-01-17 00:00:00-05:00,3.7799999713897705,3.930000066757202,3.700000047683716,3.7899999618530273,52300,0.0,0.0
2025-01-21 00:00:00-05:00,3.8399999141693115,4.28000020980835,3.75,3.9800000190734863,163800,0.0,0.0
2025-01-22 00:00:00-05:00,4.059999942779541,4.190000057220459,3.740000009536743,3.859999895095825,83300,0.0,0.0
2025-01-23 00:00:00-05:00,3.7699999809265137,3.869999885559082,3.5799999237060547,3.759999990463257,76400,0.0,0.0
2025-01-24 00:00:00-05:00,3.700000047683716,3.890000104904175,3.640000104904175,3.740000009536743,54200,0.0,0.0
2025-01-27 00:00:00-05:00,3.680000066757202,3.7799999713897705,3.609999895095825,3.6700000762939453,48300,0.0,0.0
2025-01-28 00:00:00-05:00,3.640000104904175,3.7300000190734863,3.630000114440918,3.680000066757202,21800,0.0,0.0
2025-01-29 00:00:00-05:00,3.6700000762939453,3.990000009536743,3.5999999046325684,3.9100000858306885,165700,0.0,0.0
2025-01-30 00:00:00-05:00,3.9800000190734863,3.9800000190734863,3.7699999809265137,3.7899999618530273,40300,0.0,0.0
2025-01-31 00:00:00-05:00,3.799999952316284,3.799999952316284,3.700000047683716,3.7200000286102295,24800,0.0,0.0
2025-02-03 00:00:00-05:00,3.619999885559082,3.940000057220459,3.609999895095825,3.640000104904175,118400,0.0,0.0
2025-02-04 00:00:00-05:00,3.7799999713897705,3.7799999713897705,3.6500000953674316,3.7100000381469727,26100,0.0,0.0
2025-02-05 00:00:00-05:00,3.7100000381469727,3.75,3.5799999237060547,3.690000057220459,168900,0.0,0.0
2025-02-06 00:00:00-05:00,3.75,3.8299999237060547,3.609999895095825,3.7699999809265137,110000,0.0,0.0
2025-02-07 00:00:00-05:00,3.869999885559082,3.869999885559082,3.6700000762939453,3.680000066757202,48200,0.0,0.0
2025-02-10 00:00:00-05:00,3.740000009536743,3.740000009536743,3.619999885559082,3.7300000190734863,37300,0.0,0.0
2025-02-11 00:00:00-05:00,3.759999990463257,3.8399999141693115,3.6600000858306885,3.7699999809265137,122700,0.0,0.0
2025-02-12 00:00:00-05:00,3.700000047683716,3.9000000953674316,3.700000047683716,3.890000104904175,42100,0.0,0.0
2025-02-13 00:00:00-05:00,3.880000114440918,3.9000000953674316,3.7899999618530273,3.890000104904175,59000,0.0,0.0
2025-02-14 00:00:00-05:00,3.8299999237060547,4.079999923706055,3.809999942779541,4.010000228881836,207900,0.0,0.0
2025-02-18 00:00:00-05:00,4.090000152587891,4.159999847412109,3.8299999237060547,4.079999923706055,98600,0.0,0.0
2025-02-19 00:00:00-05:00,4.079999923706055,4.300000190734863,4.050000190734863,4.28000020980835,53500,0.0,0.0
2025-02-20 00:00:00-05:00,4.28000020980835,4.300000190734863,4.190000057220459,4.239999771118164,29800,0.0,0.0
2025-02-21 00:00:00-05:00,4.179999828338623,4.239999771118164,4.070000171661377,4.070000171661377,48900,0.0,0.0
2025-02-24 00:00:00-05:00,4.019999980926514,4.050000190734863,3.75,3.930000066757202,53900,0.0,0.0
2025-02-25 00:00:00-05:00,3.819999933242798,3.930000066757202,3.759999990463257,3.8499999046325684,51700,0.0,0.0
2025-02-26 00:00:00-05:00,3.8499999046325684,4.090000152587891,3.8299999237060547,4.019999980926514,26700,0.0,0.0
2025-02-27 00:00:00-05:00,4.0,4.010000228881836,3.7899999618530273,3.930000066757202,10700,0.0,0.0
2025-02-28 00:00:00-05:00,3.8399999141693115,3.9700000286102295,3.8399999141693115,3.9100000858306885,7500,0.0,0.0
2025-03-03 00:00:00-05:00,3.9800000190734863,3.9800000190734863,3.7100000381469727,3.7100000381469727,21000,0.0,0.0
2025-03-04 00:00:00-05:00,3.7200000286102295,3.8499999046325684,3.5999999046325684,3.690000057220459,31200,0.0,0.0
2025-03-05 00:00:00-05:00,3.609999895095825,3.880000114440918,3.609999895095825,3.809999942779541,18300,0.0,0.0
2025-03-06 00:00:00-05:00,3.8399999141693115,4.039999961853027,3.7899999618530273,3.890000104904175,9800,0.0,0.0
2025-03-07 00:00:00-05:00,3.890000104904175,3.9800000190734863,3.6600000858306885,3.869999885559082,20900,0.0,0.0
2025-03-10 00:00:00-04:00,3.869999885559082,3.869999885559082,3.7100000381469727,3.7200000286102295,5300,0.0,0.0
2025-03-11 00:00:00-04:00,3.7799999713897705,3.7799999713897705,3.6600000858306885,3.6700000762939453,7800,0.0,0.0
2025-03-12 00:00:00-04:00,3.7699999809265137,3.930000066757202,3.700000047683716,3.869999885559082,15100,0.0,0.0
2025-03-13 00:00:00-04:00,3.740000009536743,3.7899999618530273,3.6700000762939453,3.6700000762939453,8100,0.0,0.0
2025-03-14 00:00:00-04:00,3.8499999046325684,3.8499999046325684,3.7699999809265137,3.8299999237060547,10200,0.0,0.0
2025-03-17 00:00:00-04:00,3.740000009536743,4.0,3.740000009536743,3.9700000286102295,21600,0.0,0.0
2025-03-18 00:00:00-04:00,3.9600000381469727,3.9600000381469727,3.8299999237060547,3.859999895095825,19500,0.0,0.0
2025-03-19 00:00:00-04:00,3.799999952316284,3.990000009536743,3.75,3.880000114440918,15500,0.0,0.0
2025-03-20 00:00:00-04:00,3.7799999713897705,3.940000057220459,3.7799999713897705,3.8499999046325684,10900,0.0,0.0
2025-03-21 00:00:00-04:00,3.8499999046325684,3.8499999046325684,3.7699999809265137,3.819999933242798,3900,0.0,0.0
2025-03-24 00:00:00-04:00,3.819999933242798,3.930000066757202,3.819999933242798,3.8499999046325684,23800,0.0,0.0
2025-03-25 00:00:00-04:00,3.9000000953674316,4.260000228881836,3.869999885559082,4.019999980926514,46000,0.0,0.0
2025-03-26 00:00:00-04:00,3.880000114440918,4.03000020980835,3.880000114440918,3.940000057220459,13400,0.0,0.0
2025-03-27 00:00:00-04:00,3.9100000858306885,4.099999904632568,3.759999990463257,4.059999942779541,25500,0.0,0.0
2025-03-28 00:00:00-04:00,4.059999942779541,4.150000095367432,3.869999885559082,3.9200000762939453,15200,0.0,0.0
2025-03-31 00:00:00-04:00,4.0,4.019999980926514,3.7699999809265137,3.7799999713897705,22200,0.0,0.0
2025-04-01 00:00:00-04:00,3.7699999809265137,3.819999933242798,3.7699999809265137,3.809999942779541,6700,0.0,0.0
2025-04-02 00:00:00-04:00,3.7699999809265137,3.8299999237060547,3.7100000381469727,3.8299999237060547,7700,0.0,0.0
2025-04-03 00:00:00-04:00,3.809999942779541,3.809999942779541,3.6600000858306885,3.6700000762939453,6000,0.0,0.0
2025-04-04 00:00:00-04:00,3.700000047683716,3.700000047683716,3.5199999809265137,3.559999942779541,59100,0.0,0.0
2025-04-07 00:00:00-04:00,3.450000047683716,3.5799999237060547,3.299999952316284,3.4600000381469727,31000,0.0,0.0
2025-04-08 00:00:00-04:00,3.359999895095825,3.7100000381469727,3.359999895095825,3.5299999713897705,27500,0.0,0.0
2025-04-09 00:00:00-04:00,3.440000057220459,3.5999999046325684,3.440000057220459,3.5899999141693115,10600,0.0,0.0
2025-04-10 00:00:00-04:00,3.6500000953674316,3.7200000286102295,3.5799999237060547,3.5799999237060547,4900,0.0,0.0
2025-04-11 00:00:00-04:00,3.509999990463257,3.7200000286102295,3.509999990463257,3.630000114440918,36100,0.0,0.0
2025-04-14 00:00:00-04:00,3.740000009536743,3.740000009536743,3.430000066757202,3.690000057220459,14700,0.0,0.0
2025-04-15 00:00:00-04:00,3.619999885559082,3.6600000858306885,3.490000009536743,3.630000114440918,63400,0.0,0.0
2025-04-16 00:00:00-04:00,3.549999952316284,3.6700000762939453,3.509999990463257,3.619999885559082,59700,0.0,0.0
2025-04-17 00:00:00-04:00,3.559999942779541,3.6600000858306885,3.559999942779541,3.619999885559082,8400,0.0,0.0
2025-04-21 00:00:00-04:00,3.569999933242798,3.640000104904175,3.559999942779541,3.5899999141693115,3000,0.0,0.0
2025-04-22 00:00:00-04:00,3.6600000858306885,3.700000047683716,3.569999933242798,3.619999885559082,21900,0.0,0.0
2025-04-23 00:00:00-04:00,3.5999999046325684,3.740000009536743,3.559999942779541,3.6700000762939453,33600,0.0,0.0
2025-04-24 00:00:00-04:00,3.6700000762939453,3.7200000286102295,3.5899999141693115,3.700000047683716,14400,0.0,0.0
2025-04-25 00:00:00-04:00,3.7100000381469727,3.75,3.690000057220459,3.7100000381469727,2000,0.0,0.0
2025-04-28 00:00:00-04:00,3.630000114440918,3.6700000762939453,3.5199999809265137,3.609999895095825,19800,0.0,0.0
2025-04-29 00:00:00-04:00,3.609999895095825,3.6700000762939453,3.569999933242798,3.640000104904175,14700,0.0,0.0
2025-04-30 00:00:00-04:00,3.700000047683716,3.700000047683716,3.700000047683716,3.700000047683716,900,0.0,0.0
2025-05-01 00:00:00-04:00,3.569999933242798,3.700000047683716,3.549999952316284,3.6600000858306885,66800,0.0,0.0
2025-05-02 00:00:00-04:00,3.690000057220459,3.859999895095825,3.640000104904175,3.6600000858306885,53100,0.0,0.0
2025-05-05 00:00:00-04:00,3.700000047683716,3.819999933242798,3.630000114440918,3.6600000858306885,45200,0.0,0.0
2025-05-06 00:00:00-04:00,3.630000114440918,3.819999933242798,3.5299999713897705,3.7699999809265137,78900,0.0,0.0
2025-05-07 00:00:00-04:00,3.7100000381469727,3.8499999046325684,3.7100000381469727,3.75,33500,0.0,0.0
2025-05-08 00:00:00-04:00,3.759999990463257,3.869999885559082,3.619999885559082,3.8399999141693115,204800,0.0,0.0
2025-05-09 00:00:00-04:00,3.8399999141693115,3.9000000953674316,3.799999952316284,3.869999885559082,80900,0.0,0.0
2025-05-12 00:00:00-04:00,3.869999885559082,3.9800000190734863,3.8499999046325684,3.9700000286102295,65300,0.0,0.0
2025-05-13 00:00:00-04:00,3.940000057220459,3.990000009536743,3.8399999141693115,3.990000009536743,91700,0.0,0.0
2025-05-14 00:00:00-04:00,3.9100000858306885,4.039999961853027,3.869999885559082,3.9700000286102295,99900,0.0,0.0
2025-05-15 00:00:00-04:00,3.9700000286102295,3.9700000286102295,3.700000047683716,3.799999952316284,81100,0.0,0.0
2025-05-16 00:00:00-04:00,3.819999933242798,3.940000057220459,3.7899999618530273,3.9100000858306885,107300,0.0,0.0
2025-05-19 00:00:00-04:00,3.630000114440918,3.990000009536743,3.630000114440918,3.930000066757202,26600,0.0,0.0
2025-05-20 00:00:00-04:00,3.950000047683716,4.090000152587891,3.930000066757202,4.050000190734863,203000,0.0,0.0
2025-05-21 00:00:00-04:00,3.890000104904175,4.070000171661377,3.8399999141693115,3.9600000381469727,23800,0.0,0.0
2025-05-22 00:00:00-04:00,3.990000009536743,3.990000009536743,3.9100000858306885,3.930000066757202,24300,0.0,0.0
2025-05-23 00:00:00-04:00,3.890000104904175,3.9100000858306885,3.8299999237060547,3.9100000858306885,35900,0.0,0.0
2025-05-27 00:00:00-04:00,3.9800000190734863,3.9800000190734863,3.859999895095825,3.930000066757202,16200,0.0,0.0
2025-05-28 00:00:00-04:00,3.940000057220459,3.940000057220459,3.8299999237060547,3.880000114440918,10200,0.0,0.0
2025-05-29 00:00:00-04:00,5.119999885559082,5.5,4.269999980926514,4.650000095367432,6868800,0.0,0.0
2025-05-30 00:00:00-04:00,4.5,4.889999866485596,4.440000057220459,4.519999980926514,414400,0.0,0.0
2025-06-02 00:00:00-04:00,4.360000133514404,4.829999923706055,4.300000190734863,4.71999979019165,234900,0.0,0.0
2025-06-03 00:00:00-04:00,4.679999828338623,4.940000057220459,4.679999828338623,4.889999866485596,135600,0.0,0.0
2025-06-04 00:00:00-04:00,4.800000190734863,4.949999809265137,4.630000114440918,4.630000114440918,198900,0.0,0.0
2025-06-05 00:00:00-04:00,4.699999809265137,4.800000190734863,4.550000190734863,4.579999923706055,146100,0.0,0.0
2025-06-06 00:00:00-04:00,4.670000076293945,4.670000076293945,4.480000019073486,4.5,54200,0.0,0.0
2025-06-09 00:00:00-04:00,4.409999847412109,4.599999904632568,4.380000114440918,4.53000020980835,64800,0.0,0.0
2025-06-10 00:00:00-04:00,4.579999923706055,4.679999828338623,4.53000020980835,4.610000133514404,36500,0.0,0.0
2025-06-11 00:00:00-04:00,4.570000171661377,4.75,4.409999847412109,4.460000038146973,232100,0.0,0.0
2025-06-12 00:00:00-04:00,4.460000038146973,4.579999923706055,4.429999828338623,4.46999979019165,126500,0.0,0.0
2025-06-13 00:00:00-04:00,4.409999847412109,4.650000095367432,4.409999847412109,4.610000133514404,87800,0.0,0.0
2025-06-16 00:00:00-04:00,4.78000020980835,5.079999923706055,4.769999980926514,4.800000190734863,181500,0.0,0.0
2025-06-17 00:00:00-04:00,4.829999923706055,5.099999904632568,4.78000020980835,4.829999923706055,209600,0.0,0.0
2025-06-18 00:00:00-04:00,4.789999961853027,5.099999904632568,4.630000114440918,4.940000057220459,235100,0.0,0.0
2025-06-20 00:00:00-04:00,5.0,5.0,4.75,4.789999961853027,69400,0.0,0.0
2025-06-23 00:00:00-04:00,4.789999961853027,5.119999885559082,4.789999961853027,5.059999942779541,309700,0.0,0.0
2025-06-24 00:00:00-04:00,5.03000020980835,5.079999923706055,4.909999847412109,4.980000019073486,65600,0.0,0.0
2025-06-25 00:00:00-04:00,5.03000020980835,5.110000133514404,4.96999979019165,5.019999980926514,48100,0.0,0.0
2025-06-26 00:00:00-04:00,5.039999961853027,5.039999961853027,4.730000019073486,4.820000171661377,213900,0.0,0.0
2025-06-27 00:00:00-04:00,4.78000020980835,4.940000057220459,4.769999980926514,4.860000133514404,42800,0.0,0.0
2025-06-30 00:00:00-04:00,4.929999828338623,4.940000057220459,4.75,4.849999904632568,34500,0.0,0.0
2025-07-01 00:00:00-04:00,4.78000020980835,5.099999904632568,4.659999847412109,4.949999809265137,346100,0.0,0.0
2025-07-02 00:00:00-04:00,4.980000019073486,5.050000190734863,4.880000114440918,5.019999980926514,33100,0.0,0.0
2025-07-03 00:00:00-04:00,5.019999980926514,5.019999980926514,4.929999828338623,5.010000228881836,24400,0.0,0.0
2025-07-07 00:00:00-04:00,5.010000228881836,5.099999904632568,4.940000057220459,4.96999979019165,121100,0.0,0.0
2025-07-08 00:00:00-04:00,4.980000019073486,5.199999809265137,4.980000019073486,5.110000133514404,124200,0.0,0.0
2025-07-09 00:00:00-04:00,5.099999904632568,5.099999904632568,4.920000076293945,5.039999961853027,89500,0.0,0.0
2025-07-10 00:00:00-04:00,5.110000133514404,5.110000133514404,4.889999866485596,4.929999828338623,33000,0.0,0.0
2025-07-11 00:00:00-04:00,4.929999828338623,5.059999942779541,4.809999942779541,5.0,294300,0.0,0.0
2025-07-14 00:00:00-04:00,5.03000020980835,5.099999904632568,4.900000095367432,4.949999809265137,119400,0.0,0.0
2025-07-15 00:00:00-04:00,5.0,5.0,4.849999904632568,4.920000076293945,84300,0.0,0.0
2025-07-16 00:00:00-04:00,4.96999979019165,5.179999828338623,4.929999828338623,5.159999847412109,209400,0.0,0.0
2025-07-17 00:00:00-04:00,5.179999828338623,5.179999828338623,4.989999771118164,5.050000190734863,96400,0.0,0.0
2025-07-18 00:00:00-04:00,5.079999923706055,5.369999885559082,4.75,5.199999809265137,168600,0.0,0.0
2025-07-21 00:00:00-04:00,5.269999980926514,5.349999904632568,4.940000057220459,5.010000228881836,100900,0.0,0.0
2025-07-22 00:00:00-04:00,5.079999923706055,5.079999923706055,4.699999809265137,4.980000019073486,195000,0.0,0.0
2025-07-23 00:00:00-04:00,4.980000019073486,5.079999923706055,4.920000076293945,5.03000020980835,72700,0.0,0.0
2025-07-24 00:00:00-04:00,5.03000020980835,5.050000190734863,4.880000114440918,4.980000019073486,83400,0.0,0.0
2025-07-25 00:00:00-04:00,4.940000057220459,5.070000171661377,4.940000057220459,5.03000020980835,123900,0.0,0.0
2025-07-28 00:00:00-04:00,5.019999980926514,5.039999961853027,4.940000057220459,4.980000019073486,32500,0.0,0.0
2025-07-29 00:00:00-04:00,5.019999980926514,5.099999904632568,4.940000057220459,4.980000019073486,73900,0.0,0.0
2025-07-30 00:00:00-04:00,5.0,5.0,4.840000152587891,4.909999847412109,22500,0.0,0.0
2025-07-31 00:00:00-04:00,5.070000171661377,5.070000171661377,4.860000133514404,4.900000095367432,45700,0.0,0.0
2025-08-01 00:00:00-04:00,4.869999885559082,4.980000019073486,4.75,4.869999885559082,56800,0.0,0.0
2025-08-04 00:00:00-04:00,4.889999866485596,4.960000038146973,4.75,4.909999847412109,64100,0.0,0.0
2025-08-05 00:00:00-04:00,5.019999980926514,5.019999980926514,4.800000190734863,4.869999885559082,29200,0.0,0.0
2025-08-06 00:00:00-04:00,4.909999847412109,4.96999979019165,4.809999942779541,4.96999979019165,9600,0.0,0.0
2025-08-07 00:00:00-04:00,4.900000095367432,4.96999979019165,4.840000152587891,4.909999847412109,90800,0.0,0.0
2025-08-08 00:00:00-04:00,4.889999866485596,4.929999828338623,4.710000038146973,4.710000038146973,77400,0.0,0.0
2025-08-11 00:00:00-04:00,4.670000076293945,4.809999942779541,4.539999961853027,4.71999979019165,47300,0.0,0.0
2025-08-12 00:00:00-04:00,4.679999828338623,4.949999809265137,4.590000152587891,4.880000114440918,50700,0.0,0.0
2025-08-13 00:00:00-04:00,4.880000114440918,4.940000057220459,4.860000133514404,4.869999885559082,8000,0.0,0.0
2025-08-14 00:00:00-04:00,4.889999866485596,4.920000076293945,4.809999942779541,4.920000076293945,11300,0.0,0.0
2025-08-15 00:00:00-04:00,4.920000076293945,5.0,4.840000152587891,4.900000095367432,42300,0.0,0.0
2025-08-18 00:00:00-04:00,4.900000095367432,4.960000038146973,4.840000152587891,4.920000076293945,13000,0.0,0.0
2025-08-19 00:00:00-04:00,4.980000019073486,5.039999961853027,4.909999847412109,4.929999828338623,45600,0.0,0.0
2025-08-20 00:00:00-04:00,4.929999828338623,5.0,4.769999980926514,4.909999847412109,48800,0.0,0.0
2025-08-21 00:00:00-04:00,5.0,5.0,4.679999828338623,4.829999923706055,200600,0.0,0.0
2025-08-22 00:00:00-04:00,4.769999980926514,4.960000038146973,4.710000038146973,4.860000133514404,187800,0.0,0.0
2025-08-25 00:00:00-04:00,4.800000190734863,4.869999885559082,4.650000095367432,4.71999979019165,111200,0.0,0.0
2025-08-26 00:00:00-04:00,4.699999809265137,4.809999942779541,4.699999809265137,4.769999980926514,39300,0.0,0.0
2025-08-27 00:00:00-04:00,4.699999809265137,4.940000057220459,4.699999809265137,4.880000114440918,96500,0.0,0.0
2025-08-28 00:00:00-04:00,4.840000152587891,4.889999866485596,4.75,4.809999942779541,57000,0.0,0.0
2025-08-29 00:00:00-04:00,4.869999885559082,4.869999885559082,4.670000076293945,4.800000190734863,31800,0.0,0.0
2025-09-02 00:00:00-04:00,4.690000057220459,4.760000228881836,4.599999904632568,4.690000057220459,103800,0.0,0.0
2025-09-03 00:00:00-04:00,4.670000076293945,4.769999980926514,4.619999885559082,4.670000076293945,99300,0.0,0.0
2025-09-04 00:00:00-04:00,4.619999885559082,4.800000190734863,4.619999885559082,4.679999828338623,96100,0.0,0.0
2025-09-05 00:00:00-04:00,4.71999979019165,4.739999771118164,4.650000095367432,4.699999809265137,51400,0.0,0.0
2025-09-08 00:00:00-04:00,4.679999828338623,5.300000190734863,4.679999828338623,4.900000095367432,123300,0.0,0.0
2025-09-09 00:00:00-04:00,4.900000095367432,4.96999979019165,4.849999904632568,4.860000133514404,24900,0.0,0.0
2025-09-10 00:00:00-04:00,4.900000095367432,4.900000095367432,4.809999942779541,4.869999885559082,13600,0.0,0.0
2025-09-11 00:00:00-04:00,4.869999885559082,4.909999847412109,4.840000152587891,4.889999866485596,7200,0.0,0.0
2025-09-12 00:00:00-04:00,4.829999923706055,4.900000095367432,4.809999942779541,4.829999923706055,7200,0.0,0.0
2025-09-15 00:00:00-04:00,4.829999923706055,4.829999923706055,4.760000228881836,4.789999961853027,19100,0.0,0.0
2025-09-16 00:00:00-04:00,4.71999979019165,4.789999961853027,4.650000095367432,4.769999980926514,60100,0.0,0.0
2025-09-17 00:00:00-04:00,4.800000190734863,4.940000057220459,4.800000190734863,4.889999866485596,51600,0.0,0.0
2025-09-18 00:00:00-04:00,4.869999885559082,4.949999809265137,4.869999885559082,4.929999828338623,45200,0.0,0.0
2025-09-19 00:00:00-04:00,4.909999847412109,4.920000076293945,4.75,4.889999866485596,146300,0.0,0.0
2025-09-22 00:00:00-04:00,4.929999828338623,4.929999828338623,4.760000228881836,4.829999923706055,95300,0.0,0.0
2025-09-23 00:00:00-04:00,4.860000133514404,4.920000076293945,4.699999809265137,4.739999771118164,153800,0.0,0.0
2025-09-24 00:00:00-04:00,4.820000171661377,4.829999923706055,4.659999847412109,4.670000076293945,67700,0.0,0.0
2025-09-25 00:00:00-04:00,4.670000076293945,4.809999942779541,4.670000076293945,4.800000190734863,103800,0.0,0.0
2025-09-26 00:00:00-04:00,4.829999923706055,4.849999904632568,4.730000019073486,4.78000020980835,19900,0.0,0.0
2025-09-29 00:00:00-04:00,4.71999979019165,4.760000228881836,4.670000076293945,4.670000076293945,56100,0.0,0.0
2025-09-30 00:00:00-04:00,4.639999866485596,4.849999904632568,4.639999866485596,4.760000228881836,68100,0.0,0.0
2025-10-01 00:00:00-04:00,4.710000038146973,4.820000171661377,4.710000038146973,4.800000190734863,29300,0.0,0.0
2025-10-02 00:00:00-04:00,4.769999980926514,4.809999942779541,4.739999771118164,4.760000228881836,15700,0.0,0.0
2025-10-03 00:00:00-04:00,4.820000171661377,4.849999904632568,4.71999979019165,4.760000228881836,46100,0.0,0.0
2025-10-06 00:00:00-04:00,4.78000020980835,4.800000190734863,4.699999809265137,4.75,27600,0.0,0.0
2025-10-07 00:00:00-04:00,4.800000190734863,4.800000190734863,4.699999809265137,4.730000019073486,16800,0.0,0.0
2025-10-08 00:00:00-04:00,4.739999771118164,4.789999961853027,4.679999828338623,4.699999809265137,19700,0.0,0.0
2025-10-09 00:00:00-04:00,4.789999961853027,4.929999828338623,4.710000038146973,4.889999866485596,121300,0.0,0.0
2025-10-10 00:00:00-04:00,4.949999809265137,4.949999809265137,4.670000076293945,4.730000019073486,51800,0.0,0.0
2025-10-13 00:00:00-04:00,4.809999942779541,4.880000114440918,4.739999771118164,4.760000228881836,72200,0.0,0.0
2025-10-14 00:00:00-04:00,4.789999961853027,4.889999866485596,4.659999847412109,4.860000133514404,170000,0.0,0.0
2025-10-15 00:00:00-04:00,4.900000095367432,5.079999923706055,4.809999942779541,4.920000076293945,119500,0.0,0.0
2025-10-16 00:00:00-04:00,4.920000076293945,5.050000190734863,4.829999923706055,4.920000076293945,70400,0.0,0.0
2025-10-17 00:00:00-04:00,4.909999847412109,4.989999771118164,4.800000190734863,4.889999866485596,80200,0.0,0.0
2025-10-20 00:00:00-04:00,4.909999847412109,5.150000095367432,4.889999866485596,4.989999771118164,133900,0.0,0.0
2025-10-21 00:00:00-04:00,4.940000057220459,5.070000171661377,4.900000095367432,4.900000095367432,28500,0.0,0.0
2025-10-22 00:00:00-04:00,4.909999847412109,4.940000057220459,4.800000190734863,4.860000133514404,65100,0.0,0.0
2025-10-23 00:00:00-04:00,4.909999847412109,5.019999980926514,4.880000114440918,4.96999979019165,13400,0.0,0.0
2025-10-24 00:00:00-04:00,4.980000019073486,5.050000190734863,4.940000057220459,4.960000038146973,41300,0.0,0.0
2025-10-27 00:00:00-04:00,5.0,5.0,4.880000114440918,5.0,32400,0.0,0.0
2025-10-28 00:00:00-04:00,4.949999809265137,5.5,4.949999809265137,5.5,857400,0.0,0.0
2025-10-29 00:00:00-04:00,5.659999847412109,5.670000076293945,5.400000095367432,5.5,355100,0.0,0.0
2025-10-30 00:00:00-04:00,5.599999904632568,5.840000152587891,5.5,5.670000076293945,457100,0.0,0.0
2025-10-31 00:00:00-04:00,5.710000038146973,5.980000019073486,5.679999828338623,5.949999809265137,275700,0.0,0.0
2025-11-03 00:00:00-05:00,6.300000190734863,6.659999847412109,6.010000228881836,6.599999904632568,557700,0.0,0.0
2025-11-04 00:00:00-05:00,6.71999979019165,6.71999979019165,6.300000190734863,6.590000152587891,230400,0.0,0.0
2025-11-05 00:00:00-05:00,6.550000190734863,6.630000114440918,6.340000152587891,6.579999923706055,158300,0.0,0.0
2025-11-06 00:00:00-05:00,6.550000190734863,6.570000171661377,6.090000152587891,6.150000095367432,185200,0.0,0.0
2025-11-07 00:00:00-05:00,6.050000190734863,6.059999942779541,5.199999809265137,5.28000020980835,391800,0.0,0.0
2025-11-10 00:00:00-05:00,5.28000020980835,5.320000171661377,5.039999961853027,5.050000190734863,211800,0.0,0.0
2025-11-11 00:00:00-05:00,5.050000190734863,5.110000133514404,4.900000095367432,5.03000020980835,125900,0.0,0.0
2025-11-12 00:00:00-05:00,5.050000190734863,5.309999942779541,5.050000190734863,5.130000114440918,61500,0.0,0.0
2025-11-13 00:00:00-05:00,5.079999923706055,5.190000057220459,4.960000038146973,5.050000190734863,107900,0.0,0.0
2025-11-14 00:00:00-05:00,4.909999847412109,5.139999866485596,4.909999847412109,4.960000038146973,79700,0.0,0.0
2025-11-17 00:00:00-05:00,4.960000038146973,5.099999904632568,4.900000095367432,4.940000057220459,79200,0.0,0.0
2025-11-18 00:00:00-05:00,4.900000095367432,4.920000076293945,4.739999771118164,4.739999771118164,174200,0.0,0.0
2025-11-19 00:00:00-05:00,4.75,4.820000171661377,4.53000020980835,4.570000171661377,116600,0.0,0.0
2025-11-20 00:00:00-05:00,4.510000228881836,4.699999809265137,4.320000171661377,4.320000171661377,206900,0.0,0.0
2025-11-21 00:00:00-05:00,4.340000152587891,4.559999942779541,4.340000152587891,4.369999885559082,76100,0.0,0.0
2025-11-24 00:00:00-05:00,4.400000095367432,4.5,4.340000152587891,4.349999904632568,143400,0.0,0.0
2025-11-25 00:00:00-05:00,4.869999885559082,4.949999809265137,4.5,4.789999961853027,297500,0.0,0.0
2025-11-26 00:00:00-05:00,4.78000020980835,4.829999923706055,4.650000095367432,4.710000038146973,107400,0.0,0.0
2025-11-28 00:00:00-05:00,4.670000076293945,4.809999942779541,4.610000133514404,4.659999847412109,41300,0.0,0.0
2025-12-01 00:00:00-05:00,4.559999942779541,4.699999809265137,4.409999847412109,4.440000057220459,138400,0.0,0.0
2025-12-02 00:00:00-05:00,4.449999809265137,4.550000190734863,4.360000133514404,4.400000095367432,169500,0.0,0.0
2025-12-03 00:00:00-05:00,4.389999866485596,4.639999866485596,4.360000133514404,4.610000133514404,174500,0.0,0.0
2025-12-04 00:00:00-05:00,4.650000095367432,4.960000038146973,4.570000171661377,4.849999904632568,234300,0.0,0.0
2025-12-05 00:00:00-05:00,4.880000114440918,4.889999866485596,4.590000152587891,4.599999904632568,123000,0.0,0.0
2025-12-08 00:00:00-05:00,4.610000133514404,4.809999942779541,4.559999942779541,4.590000152587891,104900,0.0,0.0
2025-12-09 00:00:00-05:00,4.630000114440918,4.730000019073486,4.53000020980835,4.539999961853027,100200,0.0,0.0
2025-12-10 00:00:00-05:00,4.519999980926514,4.590000152587891,4.480000019073486,4.480000019073486,87300,0.0,0.0
2025-12-11 00:00:00-05:00,4.480000019073486,4.550000190734863,4.429999828338623,4.489999771118164,82400,0.0,0.0
2025-12-12 00:00:00-05:00,4.489999771118164,4.510000228881836,4.170000076293945,4.25,117000,0.0,0.0
2025-12-15 00:00:00-05:00,4.28000020980835,4.460000038146973,4.110000133514404,4.28000020980835,108500,0.0,0.0
2025-12-16 00:00:00-05:00,4.21999979019165,4.460000038146973,4.21999979019165,4.309999942779541,24600,0.0,0.0
2025-12-17 00:00:00-05:00,4.25,4.409999847412109,4.099999904632568,4.159999847412109,43700,0.0,0.0
2025-12-18 00:00:00-05:00,4.159999847412109,4.329999923706055,4.130000114440918,4.130000114440918,21300,0.0,0.0
2025-12-19 00:00:00-05:00,4.110000133514404,4.409999847412109,4.110000133514404,4.340000152587891,58700,0.0,0.0
2025-12-22 00:00:00-05:00,4.409999847412109,4.650000095367432,4.409999847412109,4.519999980926514,124800,0.0,0.0
2025-12-23 00:00:00-05:00,4.5,4.650000095367432,4.429999828338623,4.570000171661377,36800,0.0,0.0
2025-12-24 00:00:00-05:00,4.519999980926514,4.670000076293945,4.5,4.650000095367432,26900,0.0,0.0
2025-12-26 00:00:00-05:00,4.650000095367432,4.829999923706055,4.579999923706055,4.619999885559082,49600,0.0,0.0
2025-12-29 00:00:00-05:00,4.650000095367432,4.800000190734863,4.559999942779541,4.71999979019165,66600,0.0,0.0
2025-12-30 00:00:00-05:00,4.710000038146973,4.760000228881836,4.610000133514404,4.690000057220459,43500,0.0,0.0
2025-12-31 00:00:00-05:00,4.679999828338623,4.71999979019165,4.519999980926514,4.559999942779541,36600,0.0,0.0
2026-01-02 00:00:00-05:00,4.650000095367432,4.920000076293945,4.539999961853027,4.690000057220459,80300,0.0,0.0
2026-01-05 00:00:00-05:00,4.760000228881836,4.949999809265137,4.639999866485596,4.659999847412109,138800,0.0,0.0
2026-01-06 00:00:00-05:00,4.650000095367432,4.789999961853027,4.510000228881836,4.710000038146973,107500,0.0,0.0
2026-01-07 00:00:00-05:00,4.739999771118164,5.0,4.739999771118164,4.869999885559082,78200,0.0,0.0
2026-01-08 00:00:00-05:00,4.860000133514404,5.139999866485596,4.800000190734863,5.099999904632568,94400,0.0,0.0
2026-01-09 00:00:00-05:00,5.070000171661377,5.179999828338623,4.889999866485596,4.909999847412109,67200,0.0,0.0
2026-01-12 00:00:00-05:00,4.880000114440918,5.050000190734863,4.75,4.820000171661377,70500,0.0,0.0
2026-01-13 00:00:00-05:00,4.889999866485596,5.0,4.820000171661377,4.940000057220459,37000,0.0,0.0
2026-01-14 00:00:00-05:00,4.949999809265137,5.070000171661377,4.900000095367432,5.019999980926514,46700,0.0,0.0
2026-01-15 00:00:00-05:00,5.050000190734863,5.079999923706055,4.880000114440918,4.880000114440918,41400,0.0,0.0
2026-01-16 00:00:00-05:00,4.849999904632568,5.0,4.800000190734863,4.900000095367432,29300,0.0,0.0
2026-01-20 00:00:00-05:00,4.900000095367432,5.150000095367432,4.849999904632568,4.929999828338623,44900,0.0,0.0
2026-01-21 00:00:00-05:00,5.010000228881836,5.159999847412109,4.900000095367432,4.900000095367432,64700,0.0,0.0
2026-01-22 00:00:00-05:00,4.849999904632568,5.099999904632568,4.849999904632568,4.989999771118164,33600,0.0,0.0
2026-01-23 00:00:00-05:00,5.0,5.0,4.849999904632568,4.869999885559082,37600,0.0,0.0
2026-01-26 00:00:00-05:00,4.800000190734863,4.920000076293945,4.800000190734863,4.869999885559082,33000,0.0,0.0
2026-01-27 00:00:00-05:00,4.900000095367432,5.039999961853027,4.889999866485596,4.920000076293945,57900,0.0,0.0
2026-01-28 00:00:00-05:00,4.829999923706055,5.090000152587891,4.829999923706055,5.050000190734863,47300,0.0,0.0
2026-01-29 00:00:00-05:00,5.079999923706055,5.079999923706055,4.829999923706055,4.980000019073486,32600,0.0,0.0
2026-01-30 00:00:00-05:00,4.949999809265137,5.039999961853027,4.820000171661377,4.829999923706055,12200,0.0,0.0
2026-02-02 00:00:00-05:00,4.78000020980835,5.039999961853027,4.78000020980835,4.949999809265137,39700,0.0,0.0
2026-02-03 00:00:00-05:00,4.949999809265137,5.039999961853027,4.78000020980835,4.849999904632568,36000,0.0,0.0
2026-02-04 00:00:00-05:00,4.949999809265137,4.96999979019165,4.769999980926514,4.860000133514404,92800,0.0,0.0
2026-02-05 00:00:00-05:00,4.760000228881836,4.900000095367432,4.760000228881836,4.760000228881836,85900,0.0,0.0
2026-02-06 00:00:00-05:00,4.849999904632568,5.0,4.849999904632568,4.900000095367432,58500,0.0,0.0
2026-02-09 00:00:00-05:00,4.880000114440918,4.980000019073486,4.800000190734863,4.909999847412109,37800,0.0,0.0
2026-02-10 00:00:00-05:00,4.96999979019165,4.96999979019165,4.809999942779541,4.889999866485596,31800,0.0,0.0
2026-02-11 00:00:00-05:00,4.869999885559082,4.909999847412109,4.75,4.760000228881836,69100,0.0,0.0
2026-02-12 00:00:00-05:00,4.929999828338623,5.349999904632568,4.550000190734863,4.670000076293945,200500,0.0,0.0
2026-02-13 00:00:00-05:00,4.699999809265137,4.800000190734863,4.599999904632568,4.659999847412109,60600,0.0,0.0
2026-02-17 00:00:00-05:00,4.710000038146973,4.789999961853027,4.519999980926514,4.610000133514404,50900,0.0,0.0
2026-02-18 00:00:00-05:00,4.599999904632568,4.820000171661377,4.599999904632568,4.650000095367432,33800,0.0,0.0
2026-02-19 00:00:00-05:00,4.599999904632568,4.71999979019165,4.559999942779541,4.670000076293945,29000,0.0,0.0
2026-02-20 00:00:00-05:00,4.659999847412109,4.800000190734863,4.639999866485596,4.690000057220459,36800,0.0,0.0
2026-02-23 00:00:00-05:00,4.650000095367432,4.690000057220459,4.539999961853027,4.599999904632568,52300,0.0,0.0
2026-02-24 00:00:00-05:00,4.559999942779541,4.699999809265137,4.559999942779541,4.619999885559082,15100,0.0,0.0
2026-02-25 00:00:00-05:00,4.619999885559082,4.730000019073486,4.579999923706055,4.650000095367432,30900,0.0,0.0
2026-02-26 00:00:00-05:00,4.639999866485596,4.690000057220459,4.590000152587891,4.650000095367432,15400,0.0,0.0
2026-02-27 00:00:00-05:00,4.610000133514404,4.639999866485596,4.559999942779541,4.579999923706055,17800,0.0,0.0
2026-03-02 00:00:00-05:00,4.599999904632568,4.800000190734863,4.550000190734863,4.760000228881836,84200,0.0,0.0
2026-03-03 00:00:00-05:00,4.710000038146973,5.099999904632568,4.610000133514404,5.039999961853027,104600,0.0,0.0
2026-03-04 00:00:00-05:00,5.070000171661377,5.099999904632568,4.929999828338623,4.989999771118164,54400,0.0,0.0
2026-03-05 00:00:00-05:00,4.989999771118164,5.099999904632568,4.849999904632568,4.849999904632568,32500,0.0,0.0
2026-03-06 00:00:00-05:00,4.829999923706055,4.860000133514404,4.730000019073486,4.730000019073486,16100,0.0,0.0
2026-03-09 00:00:00-04:00,4.730000019073486,4.869999885559082,4.670000076293945,4.849999904632568,40000,0.0,0.0
2026-03-10 00:00:00-04:00,4.739999771118164,4.960000038146973,4.679999828338623,4.800000190734863,43300,0.0,0.0
2026-03-11 00:00:00-04:00,4.949999809265137,5.119999885559082,4.949999809265137,5.079999923706055,81200,0.0,0.0
2026-03-12 00:00:00-04:00,5.079999923706055,5.079999923706055,4.880000114440918,4.900000095367432,41500,0.0,0.0
2026-03-13 00:00:00-04:00,4.96999979019165,4.96999979019165,4.760000228881836,4.760000228881836,21500,0.0,0.0
2026-03-16 00:00:00-04:00,4.820000171661377,4.960000038146973,4.820000171661377,4.920000076293945,42500,0.0,0.0
2026-03-17 00:00:00-04:00,4.980000019073486,5.099999904632568,4.929999828338623,5.010000228881836,52100,0.0,0.0
2026-03-18 00:00:00-04:00,4.960000038146973,5.170000076293945,4.920000076293945,5.090000152587891,38600,0.0,0.0
2026-03-19 00:00:00-04:00,5.090000152587891,5.099999904632568,4.889999866485596,5.059999942779541,52300,0.0,0.0
2026-03-20 00:00:00-04:00,5.039999961853027,5.099999904632568,4.960000038146973,4.960000038146973,48600,0.0,0.0
2026-03-23 00:00:00-04:00,4.980000019073486,5.110000133514404,4.849999904632568,5.03000020980835,134300,0.0,0.0
2026-03-24 00:00:00-04:00,5.039999961853027,5.190000057220459,5.010000228881836,5.130000114440918,45800,0.0,0.0
2026-03-25 00:00:00-04:00,5.190000057220459,5.199999809265137,5.130000114440918,5.139999866485596,2800,0.0,0.0
2026-03-26 00:00:00-04:00,5.110000133514404,5.159999847412109,4.920000076293945,4.960000038146973,35600,0.0,0.0
2026-03-27 00:00:00-04:00,4.960000038146973,5.139999866485596,4.909999847412109,5.03000020980835,130600,0.0,0.0
2026-03-30 00:00:00-04:00,5.139999866485596,5.139999866485596,4.920000076293945,5.0,60700,0.0,0.0
2026-03-31 00:00:00-04:00,4.949999809265137,4.960000038146973,4.320000171661377,4.489999771118164,255300,0.0,0.0
2026-04-01 00:00:00-04:00,4.559999942779541,4.610000133514404,4.400000095367432,4.610000133514404,111700,0.0,0.0
2026-04-02 00:00:00-04:00,4.570000171661377,4.739999771118164,4.5,4.699999809265137,26600,0.0,0.0
2026-04-06 00:00:00-04:00,4.699999809265137,4.789999961853027,4.570000171661377,4.78000020980835,21500,0.0,0.0
2026-04-07 00:00:00-04:00,4.75,4.75,4.619999885559082,4.639999866485596,25000,0.0,0.0
2026-04-08 00:00:00-04:00,4.75,4.78000020980835,4.570000171661377,4.619999885559082,42800,0.0,0.0
2026-04-09 00:00:00-04:00,4.650000095367432,4.650000095367432,4.510000228881836,4.53000020980835,22600,0.0,0.0
2026-04-10 00:00:00-04:00,4.519999980926514,4.619999885559082,4.46999979019165,4.550000190734863,39600,0.0,0.0
2026-04-13 00:00:00-04:00,4.5,4.599999904632568,4.5,4.559999942779541,12300,0.0,0.0
2026-04-14 00:00:00-04:00,4.550000190734863,4.619999885559082,4.5,4.599999904632568,50300,0.0,0.0
2026-04-15 00:00:00-04:00,4.559999942779541,4.639999866485596,4.460000038146973,4.579999923706055,52000,0.0,0.0
2026-04-16 00:00:00-04:00,4.539999961853027,4.650000095367432,4.539999961853027,4.579999923706055,32000,0.0,0.0
2026-04-17 00:00:00-04:00,4.570000171661377,4.71999979019165,4.570000171661377,4.610000133514404,84400,0.0,0.0
2026-04-20 00:00:00-04:00,4.610000133514404,4.730000019073486,4.610000133514404,4.71999979019165,60800,0.0,0.0
2026-04-21 00:00:00-04:00,4.710000038146973,4.800000190734863,4.679999828338623,4.710000038146973,32400,0.0,0.0
2026-04-22 00:00:00-04:00,4.71999979019165,4.71999979019165,4.579999923706055,4.639999866485596,30700,0.0,0.0
2026-04-23 00:00:00-04:00,4.650000095367432,4.800000190734863,4.630000114440918,4.670000076293945,47700,0.0,0.0
2026-04-24 00:00:00-04:00,4.650000095367432,4.820000171661377,4.639999866485596,4.78000020980835,28200,0.0,0.0
2026-04-27 00:00:00-04:00,4.800000190734863,4.909999847412109,4.760000228881836,4.829999923706055,45600,0.0,0.0
2026-04-28 00:00:00-04:00,4.75,4.820000171661377,4.670000076293945,4.730000019073486,71000,0.0,0.0
2026-04-29 00:00:00-04:00,4.71999979019165,4.800000190734863,4.639999866485596,4.679999828338623,52600,0.0,0.0
2026-04-30 00:00:00-04:00,4.71999979019165,4.849999904632568,4.610000133514404,4.639999866485596,100200,0.0,0.0
2026-05-01 00:00:00-04:00,4.710000038146973,4.710000038146973,4.630000114440918,4.679999828338623,36800,0.0,0.0
2026-05-04 00:00:00-04:00,4.670000076293945,4.739999771118164,4.610000133514404,4.679999828338623,65500,0.0,0.0
2026-05-05 00:00:00-04:00,4.650000095367432,4.789999961853027,4.610000133514404,4.610000133514404,50900,0.0,0.0
2026-05-06 00:00:00-04:00,4.679999828338623,4.679999828338623,4.460000038146973,4.53000020980835,83300,0.0,0.0
2026-05-07 00:00:00-04:00,4.53000020980835,4.639999866485596,4.5,4.630000114440918,66700,0.0,0.0
2026-05-08 00:00:00-04:00,4.650000095367432,4.670000076293945,4.550000190734863,4.550000190734863,30400,0.0,0.0
2026-05-11 00:00:00-04:00,4.559999942779541,4.650000095367432,4.409999847412109,4.480000019073486,132700,0.0,0.0
2026-05-12 00:00:00-04:00,4.5,4.679999828338623,4.5,4.579999923706055,51700,0.0,0.0
2026-05-13 00:00:00-04:00,4.619999885559082,4.659999847412109,4.550000190734863,4.590000152587891,17800,0.0,0.0
2026-05-14 00:00:00-04:00,4.559999942779541,4.690000057220459,4.53000020980835,4.590000152587891,34200,0.0,0.0
2026-05-15 00:00:00-04:00,4.550000190734863,4.679999828338623,4.510000228881836,4.519999980926514,48400,0.0,0.0
2026-05-18 00:00:00-04:00,4.5,4.599999904632568,4.409999847412109,4.46999979019165,43000,0.0,0.0
2026-05-19 00:00:00-04:00,4.449999809265137,4.570000171661377,4.440000057220459,4.46999979019165,25600,0.0,0.0
2026-05-20 00:00:00-04:00,4.559999942779541,4.670000076293945,4.489999771118164,4.539999961853027,8100,0.0,0.0
2026-05-21 00:00:00-04:00,4.53000020980835,4.630000114440918,4.46999979019165,4.46999979019165,63000,0.0,0.0
2026-05-22 00:00:00-04:00,4.489999771118164,4.619999885559082,4.46999979019165,4.519999980926514,39200,0.0,0.0
2026-05-26 00:00:00-04:00,4.590000152587891,4.889999866485596,4.550000190734863,4.829999923706055,90400,0.0,0.0
2026-05-27 00:00:00-04:00,4.78000020980835,4.909999847412109,4.659999847412109,4.75,82000,0.0,0.0
2026-05-28 00:00:00-04:00,4.760000228881836,4.760000228881836,4.21999979019165,4.289999961853027,357400,0.0,0.0
2026-05-29 00:00:00-04:00,4.260000228881836,4.400000095367432,3.799999952316284,4.110000133514404,238700,0.0,0.0
2026-06-01 00:00:00-04:00,4.090000152587891,4.130000114440918,4.03000020980835,4.110000133514404,70100,0.0,0.0
2026-06-02 00:00:00-04:00,4.070000171661377,4.289999961853027,4.070000171661377,4.260000228881836,32700,0.0,0.0
2026-06-03 00:00:00-04:00,4.28000020980835,4.289999961853027,4.25,4.25,23200,0.0,0.0
2026-06-04 00:00:00-04:00,4.25,4.269999980926514,4.159999847412109,4.210000038146973,36300,0.0,0.0
2026-06-05 00:00:00-04:00,4.199999809265137,4.210000038146973,4.099999904632568,4.150000095367432,38200,0.0,0.0
2026-06-08 00:00:00-04:00,4.25,4.449999809265137,4.21999979019165,4.230000019073486,74400,0.0,0.0
2026-06-09 00:00:00-04:00,4.300000190734863,4.389999866485596,4.210000038146973,4.309999942779541,75600,0.0,0.0
2026-06-10 00:00:00-04:00,4.409999847412109,4.409999847412109,4.239999771118164,4.25,45600,0.0,0.0
2026-06-11 00:00:00-04:00,4.260000228881836,4.289999961853027,4.210000038146973,4.230000019073486,22000,0.0,0.0
2026-06-12 00:00:00-04:00,4.230000019073486,4.340000152587891,4.230000019073486,4.300000190734863,20000,0.0,0.0
